Rank,Host/device,Type,Operation,#Occurrences,Total time (us),Avg. time (us),Total self-time (us),Avg. self-time (us),Total self-time on Device (%),Cumulative total-self time on Device (%),Total self-time on Host (%),Cumulative total-self time on Host (%)
1,Device,IDLE,IDLE,0,46185.442,0.0,46185.442,0.0,0.8205125207751036,0.8205125207751036,0.0,0.0
2,Device,DepthwiseConv2dNativeBackpropFilter,gradient_tape/mobilenetv2_1.00_32/block_1_depthwise/depthwise/DepthwiseConv2dNativeBackpropFilter,2,514.049,257.0245,514.049,257.0245,0.009132393726835423,0.829644914501939,0.0,0.0
3,Device,DepthwiseConv2dNativeBackpropFilter,gradient_tape/mobilenetv2_1.00_32/block_3_depthwise/depthwise/DepthwiseConv2dNativeBackpropFilter,2,173.056,86.528,173.056,86.528,0.0030744452937195303,0.8327193597956586,0.0,0.0
4,Device,Conv2DBackpropInput,gradient_tape/mobilenetv2_1.00_32/Conv_1/Conv2D/Conv2DBackpropInput,4,161.792,40.448,161.792,40.448,0.0028743334698679633,0.8355936932655266,0.0,0.0
5,Device,Conv2D,mobilenetv2_1.00_32/block_16_project/Conv2D,4,128.001,32.00025,128.001,32.00025,0.002274015763922624,0.8378677090294492,0.0,0.0
6,Device,DepthwiseConv2dNativeBackpropFilter,gradient_tape/mobilenetv2_1.00_32/block_5_depthwise/depthwise/DepthwiseConv2dNativeBackpropFilter,2,104.449,52.2245,104.449,52.2245,0.0018556001322329837,0.8397233091616821,0.0,0.0
7,Device,Conv2DBackpropInput,gradient_tape/mobilenetv2_1.00_32/block_15_expand/Conv2D/Conv2DBackpropInput,4,104.448,26.112,104.448,26.112,0.0018555823666236218,0.8415788915283058,0.0,0.0
8,Device,Conv2DBackpropInput,gradient_tape/mobilenetv2_1.00_32/block_16_expand/Conv2D/Conv2DBackpropInput,4,103.424,25.856,103.424,25.856,0.001837390382637116,0.8434162819109429,0.0,0.0
9,Device,DepthwiseConv2dNativeBackpropFilter,gradient_tape/mobilenetv2_1.00_32/block_4_depthwise/depthwise/DepthwiseConv2dNativeBackpropFilter,2,103.424,51.712,103.424,51.712,0.001837390382637116,0.84525367229358,0.0,0.0
10,Device,Conv2DBackpropInput,gradient_tape/mobilenetv2_1.00_32/block_14_expand/Conv2D/Conv2DBackpropInput,4,102.4,25.6,102.4,25.6,0.0018191983986506097,0.8470728706922306,0.0,0.0
11,Device,Conv2D,mobilenetv2_1.00_32/block_14_project/Conv2D,4,99.329,24.83225,99.329,24.83225,0.001764640212300453,0.8488375109045311,0.0,0.0
12,Device,Conv2D,mobilenetv2_1.00_32/block_15_project/Conv2D,4,98.304,24.576,98.304,24.576,0.0017464304627045854,0.8505839413672357,0.0,0.0
13,Device,SoftmaxCrossEntropyWithLogits,categorical_crossentropy/softmax_cross_entropy_with_logits,2,93.184,46.592,93.184,46.592,0.0016554705427720548,0.8522394119100077,0.0,0.0
14,Device,Conv2DBackpropInput,gradient_tape/mobilenetv2_1.00_32/block_13_expand/Conv2D/Conv2DBackpropInput,4,76.8,19.2,76.8,19.2,0.0013643987989879571,0.8536038107089957,0.0,0.0
15,Device,Conv2DBackpropInput,gradient_tape/mobilenetv2_1.00_32/block_12_expand/Conv2D/Conv2DBackpropInput,4,75.776,18.944,75.776,18.944,0.001346206815001451,0.8549500175239971,0.0,0.0
16,Device,Conv2DBackpropInput,gradient_tape/mobilenetv2_1.00_32/block_11_expand/Conv2D/Conv2DBackpropInput,4,74.752,18.688,74.752,18.688,0.001328014831014945,0.8562780323550121,0.0,0.0
17,Device,Conv2DBackpropInput,gradient_tape/mobilenetv2_1.00_32/block_16_project/Conv2D/Conv2DBackpropInput,2,73.728,36.864,73.728,36.864,0.001309822847028439,0.8575878552020405,0.0,0.0
18,Device,Conv2D,mobilenetv2_1.00_32/block_11_project/Conv2D,4,72.704,18.176,72.704,18.176,0.0012916308630419328,0.8588794860650825,0.0,0.0
19,Device,Conv2D,mobilenetv2_1.00_32/block_12_project/Conv2D,4,71.68,17.92,71.68,17.92,0.001273438879055427,0.8601529249441379,0.0,0.0
20,Device,Conv2D,mobilenetv2_1.00_32/block_13_project/Conv2D,4,71.68,17.92,71.68,17.92,0.001273438879055427,0.8614263638231933,0.0,0.0
21,Device,Conv2DBackpropFilter,gradient_tape/mobilenetv2_1.00_32/expanded_conv_project/Conv2D/Conv2DBackpropFilter,4,70.656,17.664,70.656,17.664,0.0012552468950689207,0.8626816107182622,0.0,0.0
22,Device,Conv2D,mobilenetv2_1.00_32/Conv_1/Conv2D,2,65.537,32.7685,65.537,32.7685,0.0011643047407457522,0.863845915459008,0.0,0.0
23,Device,Conv2DBackpropFilter,gradient_tape/mobilenetv2_1.00_32/block_1_expand/Conv2D/Conv2DBackpropFilter,2,61.44,30.72,61.44,30.72,0.0010915190391903658,0.8649374344981984,0.0,0.0
24,Device,Conv2DBackpropInput,gradient_tape/mobilenetv2_1.00_32/block_15_project/Conv2D/Conv2DBackpropInput,4,60.417,15.10425,60.417,15.10425,0.0010733448208132216,0.8660107793190116,0.0,0.0
25,Device,Conv2DBackpropInput,gradient_tape/mobilenetv2_1.00_32/block_14_project/Conv2D/Conv2DBackpropInput,4,60.416,15.104,60.416,15.104,0.0010733270552038597,0.8670841063742155,0.0,0.0
26,Device,Conv2D,mobilenetv2_1.00_32/block_10_project/Conv2D,4,60.416,15.104,60.416,15.104,0.0010733270552038597,0.8681574334294194,0.0,0.0
27,Device,Conv2D,mobilenetv2_1.00_32/block_9_project/Conv2D,4,60.416,15.104,60.416,15.104,0.0010733270552038597,0.8692307604846233,0.0,0.0
28,Device,Conv2DBackpropInput,gradient_tape/mobilenetv2_1.00_32/block_8_expand/Conv2D/Conv2DBackpropInput,4,59.393,14.84825,59.393,14.84825,0.0010551528368267155,0.87028591332145,0.0,0.0
29,Device,Conv2DBackpropInput,gradient_tape/mobilenetv2_1.00_32/block_10_expand/Conv2D/Conv2DBackpropInput,4,59.392,14.848,59.392,14.848,0.0010551350712173536,0.8713410483926673,0.0,0.0
30,Device,Conv2DBackpropInput,gradient_tape/mobilenetv2_1.00_32/block_7_expand/Conv2D/Conv2DBackpropInput,4,59.392,14.848,59.392,14.848,0.0010551350712173536,0.8723961834638847,0.0,0.0
31,Device,Conv2DBackpropInput,gradient_tape/mobilenetv2_1.00_32/block_9_expand/Conv2D/Conv2DBackpropInput,4,59.392,14.848,59.392,14.848,0.0010551350712173536,0.873451318535102,0.0,0.0
32,Device,Conv2D,mobilenetv2_1.00_32/block_7_project/Conv2D,4,59.392,14.848,59.392,14.848,0.0010551350712173536,0.8745064536063194,0.0,0.0
33,Device,Conv2D,mobilenetv2_1.00_32/block_8_project/Conv2D,4,58.368,14.592,58.368,14.592,0.0010369430872308476,0.8755433966935503,0.0,0.0
34,Device,Conv2DBackpropInput,gradient_tape/mobilenetv2_1.00_32/block_6_expand/Conv2D/Conv2DBackpropInput,4,56.32,14.08,56.32,14.08,0.0010005591192578352,0.8765439558128081,0.0,0.0
35,Device,Conv2DBackpropFilter,gradient_tape/mobilenetv2_1.00_32/block_2_project/Conv2D/Conv2DBackpropFilter,2,55.296,27.648,55.296,27.648,0.0009823671352713291,0.8775263229480794,0.0,0.0
36,Device,Conv2DBackpropInput,gradient_tape/mobilenetv2_1.00_32/block_5_expand/Conv2D/Conv2DBackpropInput,4,54.272,13.568,54.272,13.568,0.000964175151284823,0.8784904980993642,0.0,0.0
37,Device,Conv2DBackpropInput,gradient_tape/mobilenetv2_1.00_32/block_4_expand/Conv2D/Conv2DBackpropInput,4,53.248,13.312,53.248,13.312,0.000945983167298317,0.8794364812666625,0.0,0.0
38,Device,Conv2DBackpropInput,gradient_tape/mobilenetv2_1.00_32/block_13_project/Conv2D/Conv2DBackpropInput,4,51.201,12.80025,51.201,12.80025,0.0009096169649346667,0.8803460982315972,0.0,0.0
39,Device,DepthwiseConv2dNativeBackpropInput,gradient_tape/mobilenetv2_1.00_32/block_1_depthwise/depthwise/DepthwiseConv2dNativeBackpropInput,2,51.2,25.6,51.2,25.6,0.0009095991993253048,0.8812556974309225,0.0,0.0
40,Device,Conv2DBackpropFilter,gradient_tape/mobilenetv2_1.00_32/Conv1/Conv2D/Conv2DBackpropFilter,2,47.104,23.552,47.104,23.552,0.0008368312633792804,0.8820925286943018,0.0,0.0
41,Device,FusedBatchNormGradV3,gradient_tape/mobilenetv2_1.00_32/block_1_expand_BN/FusedBatchNormGradV3,2,47.104,23.552,47.104,23.552,0.0008368312633792804,0.8829293599576811,0.0,0.0
42,Device,Conv2DBackpropInput,gradient_tape/mobilenetv2_1.00_32/block_10_project/Conv2D/Conv2DBackpropInput,2,45.056,22.528,45.056,22.528,0.0008004472954062682,0.8837298072530874,0.0,0.0
43,Device,Conv2DBackpropFilter,gradient_tape/mobilenetv2_1.00_32/Conv_1/Conv2D/Conv2DBackpropFilter,2,40.96,20.48,40.96,20.48,0.0007276793594602439,0.8844574866125476,0.0,0.0
44,Device,Conv2DBackpropInput,gradient_tape/mobilenetv2_1.00_32/block_1_expand/Conv2D/Conv2DBackpropInput,2,37.888,18.944,37.888,18.944,0.0006731034075007255,0.8851305900200483,0.0,0.0
45,Device,Conv2DBackpropInput,gradient_tape/mobilenetv2_1.00_32/block_7_project/Conv2D/Conv2DBackpropInput,2,37.888,18.944,37.888,18.944,0.0006731034075007255,0.885803693427549,0.0,0.0
46,Device,Conv2DBackpropInput,gradient_tape/mobilenetv2_1.00_32/block_9_project/Conv2D/Conv2DBackpropInput,2,37.888,18.944,37.888,18.944,0.0006731034075007255,0.8864767968350498,0.0,0.0
47,Device,FusedBatchNormV3,mobilenetv2_1.00_32/Conv_1_bn/FusedBatchNormV3,4,37.888,9.472,37.888,9.472,0.0006731034075007255,0.8871499002425505,0.0,0.0
48,Device,Conv2D,mobilenetv2_1.00_32/block_15_expand/Conv2D,2,37.888,18.944,37.888,18.944,0.0006731034075007255,0.8878230036500512,0.0,0.0
49,Device,Conv2D,mobilenetv2_1.00_32/block_16_expand/Conv2D,2,37.888,18.944,37.888,18.944,0.0006731034075007255,0.8884961070575519,0.0,0.0
50,Device,Conv2DBackpropInput,gradient_tape/mobilenetv2_1.00_32/block_2_project/Conv2D/Conv2DBackpropInput,2,36.864,18.432,36.864,18.432,0.0006549114235142195,0.8891510184810661,0.0,0.0
51,Device,Conv2DBackpropInput,gradient_tape/mobilenetv2_1.00_32/block_8_project/Conv2D/Conv2DBackpropInput,2,36.864,18.432,36.864,18.432,0.0006549114235142195,0.8898059299045804,0.0,0.0
52,Device,Conv2D,mobilenetv2_1.00_32/block_14_expand/Conv2D,2,36.864,18.432,36.864,18.432,0.0006549114235142195,0.8904608413280947,0.0,0.0
53,Device,Conv2DBackpropInput,gradient_tape/mobilenetv2_1.00_32/block_12_project/Conv2D/Conv2DBackpropInput,2,35.84,17.92,35.84,17.92,0.0006367194395277135,0.8910975607676224,0.0,0.0
54,Device,Conv2DBackpropInput,gradient_tape/mobilenetv2_1.00_32/block_1_project/Conv2D/Conv2DBackpropInput,2,35.84,17.92,35.84,17.92,0.0006367194395277135,0.8917342802071501,0.0,0.0
55,Device,Conv2DBackpropInput,gradient_tape/mobilenetv2_1.00_32/block_11_project/Conv2D/Conv2DBackpropInput,2,34.816,17.408,34.816,17.408,0.0006185274555412073,0.8923528076626913,0.0,0.0
56,Device,Conv2DBackpropInput,gradient_tape/mobilenetv2_1.00_32/block_2_expand/Conv2D/Conv2DBackpropInput,2,34.816,17.408,34.816,17.408,0.0006185274555412073,0.8929713351182326,0.0,0.0
57,Device,Conv2DBackpropInput,gradient_tape/mobilenetv2_1.00_32/expanded_conv_project/Conv2D/Conv2DBackpropInput,2,34.816,17.408,34.816,17.408,0.0006185274555412073,0.8935898625737738,0.0,0.0
58,Device,Conv2D,mobilenetv2_1.00_32/block_1_expand/Conv2D,2,34.816,17.408,34.816,17.408,0.0006185274555412073,0.8942083900293151,0.0,0.0
59,Device,Conv2DBackpropFilter,gradient_tape/mobilenetv2_1.00_32/block_1_project/Conv2D/Conv2DBackpropFilter,2,33.792,16.896,33.792,16.896,0.0006003354715547012,0.8948087255008698,0.0,0.0
60,Device,Conv2DBackpropInput,gradient_tape/mobilenetv2_1.00_32/block_3_expand/Conv2D/Conv2DBackpropInput,2,33.792,16.896,33.792,16.896,0.0006003354715547012,0.8954090609724245,0.0,0.0
61,Device,Conv2DBackpropFilter,gradient_tape/mobilenetv2_1.00_32/block_11_project/Conv2D/Conv2DBackpropFilter,2,32.768,16.384,32.768,16.384,0.000582143487568195,0.8959912044599927,0.0,0.0
62,Device,Conv2DBackpropFilter,gradient_tape/mobilenetv2_1.00_32/block_13_expand/Conv2D/Conv2DBackpropFilter,2,32.768,16.384,32.768,16.384,0.000582143487568195,0.8965733479475609,0.0,0.0
63,Device,Conv2DBackpropFilter,gradient_tape/mobilenetv2_1.00_32/block_16_project/Conv2D/Conv2DBackpropFilter,2,32.768,16.384,32.768,16.384,0.000582143487568195,0.8971554914351292,0.0,0.0
64,Device,Conv2DBackpropFilter,gradient_tape/mobilenetv2_1.00_32/block_7_expand/Conv2D/Conv2DBackpropFilter,2,32.768,16.384,32.768,16.384,0.000582143487568195,0.8977376349226974,0.0,0.0
65,Device,Conv2DBackpropFilter,gradient_tape/mobilenetv2_1.00_32/block_8_project/Conv2D/Conv2DBackpropFilter,2,32.768,16.384,32.768,16.384,0.000582143487568195,0.8983197784102657,0.0,0.0
66,Device,_Send,IteratorGetNext/_1,1,32.16,32.16,32.16,32.16,0.000571341997076207,0.8988911204073419,0.0,0.0
67,Device,Conv2DBackpropFilter,gradient_tape/mobilenetv2_1.00_32/block_10_project/Conv2D/Conv2DBackpropFilter,2,31.744,15.872,31.744,15.872,0.000563951503581689,0.8994550719109236,0.0,0.0
68,Device,Conv2DBackpropFilter,gradient_tape/mobilenetv2_1.00_32/block_12_expand/Conv2D/Conv2DBackpropFilter,2,31.744,15.872,31.744,15.872,0.000563951503581689,0.9000190234145052,0.0,0.0
69,Device,Relu6Grad,gradient_tape/mobilenetv2_1.00_32/block_1_expand_relu/Relu6/Relu6Grad,2,31.744,15.872,31.744,15.872,0.000563951503581689,0.9005829749180869,0.0,0.0
70,Device,Conv2DBackpropFilter,gradient_tape/mobilenetv2_1.00_32/block_3_expand/Conv2D/Conv2DBackpropFilter,2,31.744,15.872,31.744,15.872,0.000563951503581689,0.9011469264216686,0.0,0.0
71,Device,Conv2DBackpropFilter,gradient_tape/mobilenetv2_1.00_32/block_7_project/Conv2D/Conv2DBackpropFilter,2,31.744,15.872,31.744,15.872,0.000563951503581689,0.9017108779252503,0.0,0.0
72,Device,FusedBatchNormV3,mobilenetv2_1.00_32/block_16_expand_BN/FusedBatchNormV3,4,31.744,7.936,31.744,7.936,0.000563951503581689,0.902274829428832,0.0,0.0
73,Device,Pad,mobilenetv2_1.00_32/block_1_pad/Pad,2,31.744,15.872,31.744,15.872,0.000563951503581689,0.9028387809324137,0.0,0.0
74,Device,Conv2D,mobilenetv2_1.00_32/block_4_project/Conv2D,2,31.744,15.872,31.744,15.872,0.000563951503581689,0.9034027324359953,0.0,0.0
75,Device,Conv2D,mobilenetv2_1.00_32/block_5_project/Conv2D,2,31.744,15.872,31.744,15.872,0.000563951503581689,0.903966683939577,0.0,0.0
76,Device,Conv2D,mobilenetv2_1.00_32/block_6_project/Conv2D,2,31.744,15.872,31.744,15.872,0.000563951503581689,0.9045306354431587,0.0,0.0
77,Device,_Recv,IteratorGetNext/_2,1,31.328,31.328,31.328,31.328,0.0005565610100871709,0.9050871964532459,0.0,0.0
78,Device,FusedBatchNormGradV3,gradient_tape/mobilenetv2_1.00_32/Conv_1_bn/FusedBatchNormGradV3,2,30.72,15.36,30.72,15.36,0.0005457595195951829,0.9056329559728411,0.0,0.0
79,Device,Conv2DBackpropInput,gradient_tape/mobilenetv2_1.00_32/block_5_project/Conv2D/Conv2DBackpropInput,2,30.72,15.36,30.72,15.36,0.0005457595195951829,0.9061787154924363,0.0,0.0
80,Device,Conv2DBackpropFilter,gradient_tape/mobilenetv2_1.00_32/block_6_project/Conv2D/Conv2DBackpropFilter,2,30.72,15.36,30.72,15.36,0.0005457595195951829,0.9067244750120316,0.0,0.0
81,Device,Conv2DBackpropFilter,gradient_tape/mobilenetv2_1.00_32/block_8_expand/Conv2D/Conv2DBackpropFilter,2,30.72,15.36,30.72,15.36,0.0005457595195951829,0.9072702345316268,0.0,0.0
82,Device,Conv2DBackpropFilter,gradient_tape/mobilenetv2_1.00_32/block_9_expand/Conv2D/Conv2DBackpropFilter,2,30.72,15.36,30.72,15.36,0.0005457595195951829,0.907815994051222,0.0,0.0
83,Device,Conv2D,mobilenetv2_1.00_32/Conv1/Conv2D,2,30.72,15.36,30.72,15.36,0.0005457595195951829,0.9083617535708173,0.0,0.0
84,Device,FusedBatchNormV3,mobilenetv2_1.00_32/block_14_depthwise_BN/FusedBatchNormV3,4,30.72,7.68,30.72,7.68,0.0005457595195951829,0.9089075130904125,0.0,0.0
85,Device,FusedBatchNormV3,mobilenetv2_1.00_32/block_14_expand_BN/FusedBatchNormV3,4,30.72,7.68,30.72,7.68,0.0005457595195951829,0.9094532726100077,0.0,0.0
86,Device,FusedBatchNormV3,mobilenetv2_1.00_32/block_15_depthwise_BN/FusedBatchNormV3,4,30.72,7.68,30.72,7.68,0.0005457595195951829,0.909999032129603,0.0,0.0
87,Device,FusedBatchNormV3,mobilenetv2_1.00_32/block_15_expand_BN/FusedBatchNormV3,4,30.72,7.68,30.72,7.68,0.0005457595195951829,0.9105447916491982,0.0,0.0
88,Device,FusedBatchNormV3,mobilenetv2_1.00_32/block_16_depthwise_BN/FusedBatchNormV3,4,30.72,7.68,30.72,7.68,0.0005457595195951829,0.9110905511687934,0.0,0.0
89,Device,Conv2DBackpropFilter,gradient_tape/mobilenetv2_1.00_32/block_10_expand/Conv2D/Conv2DBackpropFilter,2,29.696,14.848,29.696,14.848,0.0005275675356086768,0.9116181187044021,0.0,0.0
90,Device,Conv2DBackpropFilter,gradient_tape/mobilenetv2_1.00_32/block_11_expand/Conv2D/Conv2DBackpropFilter,2,29.696,14.848,29.696,14.848,0.0005275675356086768,0.9121456862400108,0.0,0.0
91,Device,Conv2DBackpropFilter,gradient_tape/mobilenetv2_1.00_32/block_12_project/Conv2D/Conv2DBackpropFilter,2,29.696,14.848,29.696,14.848,0.0005275675356086768,0.9126732537756195,0.0,0.0
92,Device,Conv2DBackpropFilter,gradient_tape/mobilenetv2_1.00_32/block_2_expand/Conv2D/Conv2DBackpropFilter,2,29.696,14.848,29.696,14.848,0.0005275675356086768,0.9132008213112282,0.0,0.0
93,Device,Conv2DBackpropInput,gradient_tape/mobilenetv2_1.00_32/block_6_project/Conv2D/Conv2DBackpropInput,2,29.696,14.848,29.696,14.848,0.0005275675356086768,0.9137283888468368,0.0,0.0
94,Device,Conv2D,mobilenetv2_1.00_32/block_2_project/Conv2D,2,29.696,14.848,29.696,14.848,0.0005275675356086768,0.9142559563824455,0.0,0.0
95,Device,Conv2DBackpropInput,gradient_tape/mobilenetv2_1.00_32/block_3_project/Conv2D/Conv2DBackpropInput,2,28.672,14.336,28.672,14.336,0.0005093755516221707,0.9147653319340676,0.0,0.0
96,Device,Conv2DBackpropInput,gradient_tape/mobilenetv2_1.00_32/block_4_project/Conv2D/Conv2DBackpropInput,2,28.672,14.336,28.672,14.336,0.0005093755516221707,0.9152747074856897,0.0,0.0
97,Device,Conv2DBackpropFilter,gradient_tape/mobilenetv2_1.00_32/block_9_project/Conv2D/Conv2DBackpropFilter,2,28.672,14.336,28.672,14.336,0.0005093755516221707,0.9157840830373118,0.0,0.0
98,Device,Conv2D,mobilenetv2_1.00_32/block_11_expand/Conv2D,2,28.672,14.336,28.672,14.336,0.0005093755516221707,0.916293458588934,0.0,0.0
99,Device,Conv2D,mobilenetv2_1.00_32/block_3_project/Conv2D,2,28.672,14.336,28.672,14.336,0.0005093755516221707,0.9168028341405561,0.0,0.0
100,Device,FusedBatchNormGradV3,gradient_tape/mobilenetv2_1.00_32/block_14_depthwise_BN/FusedBatchNormGradV3,2,27.648,13.824,27.648,13.824,0.0004911835676356646,0.9172940177081917,0.0,0.0
101,Device,FusedBatchNormGradV3,gradient_tape/mobilenetv2_1.00_32/block_16_expand_BN/FusedBatchNormGradV3,2,27.648,13.824,27.648,13.824,0.0004911835676356646,0.9177852012758274,0.0,0.0
102,Device,DepthwiseConv2dNativeBackpropInput,gradient_tape/mobilenetv2_1.00_32/block_3_depthwise/depthwise/DepthwiseConv2dNativeBackpropInput,2,27.648,13.824,27.648,13.824,0.0004911835676356646,0.9182763848434631,0.0,0.0
103,Device,Conv2D,mobilenetv2_1.00_32/block_12_expand/Conv2D,2,26.625,13.3125,26.625,13.3125,0.0004730093492585203,0.9187493941927216,0.0,0.0
104,Device,FusedBatchNormGradV3,gradient_tape/mobilenetv2_1.00_32/block_14_expand_BN/FusedBatchNormGradV3,2,26.624,13.312,26.624,13.312,0.0004729915836491585,0.9192223857763707,0.0,0.0
105,Device,FusedBatchNormGradV3,gradient_tape/mobilenetv2_1.00_32/block_15_depthwise_BN/FusedBatchNormGradV3,2,26.624,13.312,26.624,13.312,0.0004729915836491585,0.9196953773600198,0.0,0.0
106,Device,FusedBatchNormGradV3,gradient_tape/mobilenetv2_1.00_32/block_15_expand_BN/FusedBatchNormGradV3,2,26.624,13.312,26.624,13.312,0.0004729915836491585,0.9201683689436689,0.0,0.0
107,Device,FusedBatchNormGradV3,gradient_tape/mobilenetv2_1.00_32/block_16_depthwise_BN/FusedBatchNormGradV3,2,26.624,13.312,26.624,13.312,0.0004729915836491585,0.920641360527318,0.0,0.0
108,Device,DepthwiseConv2dNativeBackpropInput,gradient_tape/mobilenetv2_1.00_32/block_2_depthwise/depthwise/DepthwiseConv2dNativeBackpropInput,2,26.624,13.312,26.624,13.312,0.0004729915836491585,0.9211143521109671,0.0,0.0
109,Device,Conv2D,mobilenetv2_1.00_32/block_13_expand/Conv2D,2,26.624,13.312,26.624,13.312,0.0004729915836491585,0.9215873436946163,0.0,0.0
110,Device,Conv2DBackpropFilter,gradient_tape/mobilenetv2_1.00_32/block_14_expand/Conv2D/Conv2DBackpropFilter,2,25.6,12.8,25.6,12.8,0.0004547995996626524,0.9220421432942789,0.0,0.0
111,Device,Conv2DBackpropFilter,gradient_tape/mobilenetv2_1.00_32/block_14_project/Conv2D/Conv2DBackpropFilter,2,25.6,12.8,25.6,12.8,0.0004547995996626524,0.9224969428939416,0.0,0.0
112,Device,Conv2DBackpropFilter,gradient_tape/mobilenetv2_1.00_32/block_15_expand/Conv2D/Conv2DBackpropFilter,2,25.6,12.8,25.6,12.8,0.0004547995996626524,0.9229517424936042,0.0,0.0
113,Device,Conv2DBackpropFilter,gradient_tape/mobilenetv2_1.00_32/block_16_expand/Conv2D/Conv2DBackpropFilter,2,25.6,12.8,25.6,12.8,0.0004547995996626524,0.9234065420932669,0.0,0.0
114,Device,DepthwiseConv2dNativeBackpropFilter,gradient_tape/mobilenetv2_1.00_32/expanded_conv_depthwise/depthwise/DepthwiseConv2dNativeBackpropFilter,2,25.6,12.8,25.6,12.8,0.0004547995996626524,0.9238613416929295,0.0,0.0
115,Device,DepthwiseConv2dNativeBackpropInput,gradient_tape/mobilenetv2_1.00_32/expanded_conv_depthwise/depthwise/DepthwiseConv2dNativeBackpropInput,2,25.6,12.8,25.6,12.8,0.0004547995996626524,0.9243161412925922,0.0,0.0
116,Device,FusedBatchNormV3,mobilenetv2_1.00_32/block_1_expand_BN/FusedBatchNormV3,4,25.6,6.4,25.6,6.4,0.0004547995996626524,0.9247709408922549,0.0,0.0
117,Device,MatMul,mobilenetv2_1.00_32/predictions/MatMul,2,25.6,12.8,25.6,12.8,0.0004547995996626524,0.9252257404919175,0.0,0.0
118,Device,Slice,gradient_tape/mobilenetv2_1.00_32/block_1_pad/Slice_1,2,24.576,12.288,24.576,12.288,0.00043660761567614634,0.9256623481075936,0.0,0.0
119,Device,Conv2DBackpropFilter,gradient_tape/mobilenetv2_1.00_32/block_6_expand/Conv2D/Conv2DBackpropFilter,2,24.576,12.288,24.576,12.288,0.00043660761567614634,0.9260989557232697,0.0,0.0
120,Device,FusedBatchNormV3,mobilenetv2_1.00_32/block_12_depthwise_BN/FusedBatchNormV3,4,24.576,6.144,24.576,6.144,0.00043660761567614634,0.9265355633389458,0.0,0.0
121,Device,FusedBatchNormV3,mobilenetv2_1.00_32/block_12_expand_BN/FusedBatchNormV3,4,24.576,6.144,24.576,6.144,0.00043660761567614634,0.9269721709546219,0.0,0.0
122,Device,FusedBatchNormV3,mobilenetv2_1.00_32/block_13_expand_BN/FusedBatchNormV3,4,24.576,6.144,24.576,6.144,0.00043660761567614634,0.927408778570298,0.0,0.0
123,Device,Conv2D,mobilenetv2_1.00_32/block_9_expand/Conv2D,2,24.576,12.288,24.576,12.288,0.00043660761567614634,0.9278453861859741,0.0,0.0
124,Device,FusedBatchNormV3,mobilenetv2_1.00_32/block_13_depthwise_BN/FusedBatchNormV3,4,23.553,5.88825,23.553,5.88825,0.00041843339729900203,0.9282638195832731,0.0,0.0
125,Device,Conv2DBackpropFilter,gradient_tape/mobilenetv2_1.00_32/block_15_project/Conv2D/Conv2DBackpropFilter,2,23.552,11.776,23.552,11.776,0.0004184156316896402,0.9286822352149627,0.0,0.0
126,Device,Conv2DBackpropFilter,gradient_tape/mobilenetv2_1.00_32/block_4_expand/Conv2D/Conv2DBackpropFilter,2,23.552,11.776,23.552,11.776,0.0004184156316896402,0.9291006508466524,0.0,0.0
127,Device,Conv2DBackpropFilter,gradient_tape/mobilenetv2_1.00_32/block_4_project/Conv2D/Conv2DBackpropFilter,2,23.552,11.776,23.552,11.776,0.0004184156316896402,0.929519066478342,0.0,0.0
128,Device,Conv2DBackpropFilter,gradient_tape/mobilenetv2_1.00_32/block_5_expand/Conv2D/Conv2DBackpropFilter,2,23.552,11.776,23.552,11.776,0.0004184156316896402,0.9299374821100317,0.0,0.0
129,Device,Conv2DBackpropFilter,gradient_tape/mobilenetv2_1.00_32/block_5_project/Conv2D/Conv2DBackpropFilter,2,23.552,11.776,23.552,11.776,0.0004184156316896402,0.9303558977417213,0.0,0.0
130,Device,Conv2D,mobilenetv2_1.00_32/block_10_expand/Conv2D,2,23.552,11.776,23.552,11.776,0.0004184156316896402,0.930774313373411,0.0,0.0
131,Device,FusedBatchNormV3,mobilenetv2_1.00_32/block_11_depthwise_BN/FusedBatchNormV3,4,23.552,5.888,23.552,5.888,0.0004184156316896402,0.9311927290051006,0.0,0.0
132,Device,FusedBatchNormV3,mobilenetv2_1.00_32/block_11_expand_BN/FusedBatchNormV3,4,23.552,5.888,23.552,5.888,0.0004184156316896402,0.9316111446367903,0.0,0.0
133,Device,Conv2D,mobilenetv2_1.00_32/block_1_project/Conv2D,2,23.552,11.776,23.552,11.776,0.0004184156316896402,0.9320295602684799,0.0,0.0
134,Device,Conv2D,mobilenetv2_1.00_32/block_7_expand/Conv2D,2,23.552,11.776,23.552,11.776,0.0004184156316896402,0.9324479759001696,0.0,0.0
135,Device,Conv2D,mobilenetv2_1.00_32/block_8_expand/Conv2D,2,23.552,11.776,23.552,11.776,0.0004184156316896402,0.9328663915318592,0.0,0.0
136,Device,Conv2DBackpropFilter,gradient_tape/mobilenetv2_1.00_32/block_13_project/Conv2D/Conv2DBackpropFilter,2,22.528,11.264,22.528,11.264,0.0004002236477031341,0.9332666151795623,0.0,0.0
137,Device,Conv2DBackpropFilter,gradient_tape/mobilenetv2_1.00_32/block_3_project/Conv2D/Conv2DBackpropFilter,2,22.528,11.264,22.528,11.264,0.0004002236477031341,0.9336668388272654,0.0,0.0
138,Device,DepthwiseConv2dNative,mobilenetv2_1.00_32/block_1_depthwise/depthwise,2,22.528,11.264,22.528,11.264,0.0004002236477031341,0.9340670624749685,0.0,0.0
139,Device,Conv2D,mobilenetv2_1.00_32/block_2_expand/Conv2D,2,22.528,11.264,22.528,11.264,0.0004002236477031341,0.9344672861226716,0.0,0.0
140,Device,FusedBatchNormGradV3,gradient_tape/mobilenetv2_1.00_32/expanded_conv_depthwise_BN/FusedBatchNormGradV3,2,21.504,10.752,21.504,10.752,0.00038203166371662806,0.9348493177863882,0.0,0.0
141,Device,Conv2D,mobilenetv2_1.00_32/block_3_expand/Conv2D,2,21.504,10.752,21.504,10.752,0.00038203166371662806,0.9352313494501049,0.0,0.0
142,Device,Pad,mobilenetv2_1.00_32/block_3_pad/Pad,2,21.504,10.752,21.504,10.752,0.00038203166371662806,0.9356133811138215,0.0,0.0
143,Device,FusedBatchNormV3,mobilenetv2_1.00_32/block_8_expand_BN/FusedBatchNormV3,4,20.481,5.12025,20.481,5.12025,0.0003638574453394838,0.935977238559161,0.0,0.0
144,Device,FusedBatchNormGradV3,gradient_tape/mobilenetv2_1.00_32/block_11_depthwise_BN/FusedBatchNormGradV3,2,20.48,10.24,20.48,10.24,0.00036383967973012193,0.9363410782388911,0.0,0.0
145,Device,FusedBatchNormGradV3,gradient_tape/mobilenetv2_1.00_32/block_11_expand_BN/FusedBatchNormGradV3,2,20.48,10.24,20.48,10.24,0.00036383967973012193,0.9367049179186212,0.0,0.0
146,Device,FusedBatchNormGradV3,gradient_tape/mobilenetv2_1.00_32/block_12_depthwise_BN/FusedBatchNormGradV3,2,20.48,10.24,20.48,10.24,0.00036383967973012193,0.9370687575983513,0.0,0.0
147,Device,FusedBatchNormGradV3,gradient_tape/mobilenetv2_1.00_32/block_12_expand_BN/FusedBatchNormGradV3,2,20.48,10.24,20.48,10.24,0.00036383967973012193,0.9374325972780814,0.0,0.0
148,Device,FusedBatchNormGradV3,gradient_tape/mobilenetv2_1.00_32/block_13_depthwise_BN/FusedBatchNormGradV3,2,20.48,10.24,20.48,10.24,0.00036383967973012193,0.9377964369578115,0.0,0.0
149,Device,FusedBatchNormGradV3,gradient_tape/mobilenetv2_1.00_32/block_13_expand_BN/FusedBatchNormGradV3,2,20.48,10.24,20.48,10.24,0.00036383967973012193,0.9381602766375415,0.0,0.0
150,Device,FusedBatchNormGradV3,gradient_tape/mobilenetv2_1.00_32/bn_Conv1/FusedBatchNormGradV3,2,20.48,10.24,20.48,10.24,0.00036383967973012193,0.9385241163172716,0.0,0.0
151,Device,Conv2D,mobilenetv2_1.00_32/block_4_expand/Conv2D,2,20.48,10.24,20.48,10.24,0.00036383967973012193,0.9388879559970017,0.0,0.0
152,Device,Softmax,mobilenetv2_1.00_32/predictions/Softmax,2,20.48,10.24,20.48,10.24,0.00036383967973012193,0.9392517956767318,0.0,0.0
153,Device,DepthwiseConv2dNativeBackpropFilter,gradient_tape/mobilenetv2_1.00_32/block_2_depthwise/depthwise/DepthwiseConv2dNativeBackpropFilter,2,19.456,9.728,19.456,9.728,0.0003456476957436158,0.9395974433724754,0.0,0.0
154,Device,FusedBatchNormGradV3,gradient_tape/mobilenetv2_1.00_32/expanded_conv_project_BN/FusedBatchNormGradV3,2,19.456,9.728,19.456,9.728,0.0003456476957436158,0.939943091068219,0.0,0.0
155,Device,FusedBatchNormV3,mobilenetv2_1.00_32/block_10_depthwise_BN/FusedBatchNormV3,4,19.456,4.864,19.456,4.864,0.0003456476957436158,0.9402887387639627,0.0,0.0
156,Device,FusedBatchNormV3,mobilenetv2_1.00_32/block_10_expand_BN/FusedBatchNormV3,4,19.456,4.864,19.456,4.864,0.0003456476957436158,0.9406343864597063,0.0,0.0
157,Device,Conv2D,mobilenetv2_1.00_32/block_5_expand/Conv2D,2,19.456,9.728,19.456,9.728,0.0003456476957436158,0.94098003415545,0.0,0.0
158,Device,Conv2D,mobilenetv2_1.00_32/block_6_expand/Conv2D,2,19.456,9.728,19.456,9.728,0.0003456476957436158,0.9413256818511936,0.0,0.0
159,Device,FusedBatchNormV3,mobilenetv2_1.00_32/block_7_depthwise_BN/FusedBatchNormV3,4,19.456,4.864,19.456,4.864,0.0003456476957436158,0.9416713295469372,0.0,0.0
160,Device,FusedBatchNormV3,mobilenetv2_1.00_32/block_7_expand_BN/FusedBatchNormV3,4,19.456,4.864,19.456,4.864,0.0003456476957436158,0.9420169772426809,0.0,0.0
161,Device,FusedBatchNormV3,mobilenetv2_1.00_32/bn_Conv1/FusedBatchNormV3,4,19.456,4.864,19.456,4.864,0.0003456476957436158,0.9423626249384245,0.0,0.0
162,Device,FusedBatchNormV3,mobilenetv2_1.00_32/block_9_expand_BN/FusedBatchNormV3,4,18.433,4.60825,18.433,4.60825,0.00032747347736647155,0.942690098415791,0.0,0.0
163,Device,FusedBatchNormV3,mobilenetv2_1.00_32/block_16_project_BN/FusedBatchNormV3,4,18.432,4.608,18.432,4.608,0.0003274557117571097,0.9430175541275481,0.0,0.0
164,Device,FusedBatchNormV3,mobilenetv2_1.00_32/block_8_depthwise_BN/FusedBatchNormV3,4,18.432,4.608,18.432,4.608,0.0003274557117571097,0.9433450098393051,0.0,0.0
165,Device,FusedBatchNormV3,mobilenetv2_1.00_32/expanded_conv_depthwise_BN/FusedBatchNormV3,4,18.432,4.608,18.432,4.608,0.0003274557117571097,0.9436724655510622,0.0,0.0
166,Device,Conv2D,mobilenetv2_1.00_32/expanded_conv_project/Conv2D,2,18.432,9.216,18.432,9.216,0.0003274557117571097,0.9439999212628193,0.0,0.0
167,Device,FusedBatchNormGradV3,gradient_tape/mobilenetv2_1.00_32/block_9_depthwise_BN/FusedBatchNormGradV3,2,17.408,8.704,17.408,8.704,0.00030926372777060365,0.9443091849905899,0.0,0.0
168,Device,FusedBatchNormV3,mobilenetv2_1.00_32/block_9_depthwise_BN/FusedBatchNormV3,4,17.408,4.352,17.408,4.352,0.00030926372777060365,0.9446184487183605,0.0,0.0
169,Device,FusedBatchNormGradV3,gradient_tape/mobilenetv2_1.00_32/block_10_depthwise_BN/FusedBatchNormGradV3,2,16.384,8.192,16.384,8.192,0.0002910717437840975,0.9449095204621446,0.0,0.0
170,Device,FusedBatchNormGradV3,gradient_tape/mobilenetv2_1.00_32/block_2_depthwise_BN/FusedBatchNormGradV3,2,16.384,8.192,16.384,8.192,0.0002910717437840975,0.9452005922059287,0.0,0.0
171,Device,DepthwiseConv2dNativeBackpropFilter,gradient_tape/mobilenetv2_1.00_32/block_6_depthwise/depthwise/DepthwiseConv2dNativeBackpropFilter,2,16.384,8.192,16.384,8.192,0.0002910717437840975,0.9454916639497127,0.0,0.0
172,Device,FusedBatchNormGradV3,gradient_tape/mobilenetv2_1.00_32/block_7_depthwise_BN/FusedBatchNormGradV3,2,16.384,8.192,16.384,8.192,0.0002910717437840975,0.9457827356934968,0.0,0.0
173,Device,FusedBatchNormGradV3,gradient_tape/mobilenetv2_1.00_32/block_7_expand_BN/FusedBatchNormGradV3,2,16.384,8.192,16.384,8.192,0.0002910717437840975,0.9460738074372809,0.0,0.0
174,Device,FusedBatchNormGradV3,gradient_tape/mobilenetv2_1.00_32/block_8_depthwise_BN/FusedBatchNormGradV3,2,16.384,8.192,16.384,8.192,0.0002910717437840975,0.9463648791810649,0.0,0.0
175,Device,FusedBatchNormGradV3,gradient_tape/mobilenetv2_1.00_32/block_8_expand_BN/FusedBatchNormGradV3,2,16.384,8.192,16.384,8.192,0.0002910717437840975,0.946655950924849,0.0,0.0
176,Device,FusedBatchNormV3,mobilenetv2_1.00_32/block_2_expand_BN/FusedBatchNormV3,4,16.384,4.096,16.384,4.096,0.0002910717437840975,0.9469470226686331,0.0,0.0
177,Device,FusedBatchNormV3,mobilenetv2_1.00_32/block_3_expand_BN/FusedBatchNormV3,4,16.384,4.096,16.384,4.096,0.0002910717437840975,0.9472380944124171,0.0,0.0
178,Device,FusedBatchNormV3,mobilenetv2_1.00_32/block_4_expand_BN/FusedBatchNormV3,4,16.384,4.096,16.384,4.096,0.0002910717437840975,0.9475291661562012,0.0,0.0
179,Device,FusedBatchNormV3,mobilenetv2_1.00_32/block_5_expand_BN/FusedBatchNormV3,4,16.384,4.096,16.384,4.096,0.0002910717437840975,0.9478202378999853,0.0,0.0
180,Device,FusedBatchNormV3,mobilenetv2_1.00_32/expanded_conv_project_BN/FusedBatchNormV3,4,16.384,4.096,16.384,4.096,0.0002910717437840975,0.9481113096437693,0.0,0.0
181,Device,DepthwiseConv2dNativeBackpropFilter,gradient_tape/mobilenetv2_1.00_32/block_11_depthwise/depthwise/DepthwiseConv2dNativeBackpropFilter,2,15.36,7.68,15.36,7.68,0.00027287975979759145,0.948384189403567,0.0,0.0
182,Device,FusedBatchNormGradV3,gradient_tape/mobilenetv2_1.00_32/block_2_expand_BN/FusedBatchNormGradV3,2,15.36,7.68,15.36,7.68,0.00027287975979759145,0.9486570691633646,0.0,0.0
183,Device,FusedBatchNormGradV3,gradient_tape/mobilenetv2_1.00_32/block_3_expand_BN/FusedBatchNormGradV3,2,15.36,7.68,15.36,7.68,0.00027287975979759145,0.9489299489231622,0.0,0.0
184,Device,FusedBatchNormGradV3,gradient_tape/mobilenetv2_1.00_32/block_9_expand_BN/FusedBatchNormGradV3,2,15.36,7.68,15.36,7.68,0.00027287975979759145,0.9492028286829598,0.0,0.0
185,Device,FusedBatchNormV3,mobilenetv2_1.00_32/block_14_project_BN/FusedBatchNormV3,4,15.36,3.84,15.36,3.84,0.00027287975979759145,0.9494757084427574,0.0,0.0
186,Device,FusedBatchNormV3,mobilenetv2_1.00_32/block_2_depthwise_BN/FusedBatchNormV3,4,15.36,3.84,15.36,3.84,0.00027287975979759145,0.949748588202555,0.0,0.0
187,Device,FusedBatchNormV3,mobilenetv2_1.00_32/block_4_depthwise_BN/FusedBatchNormV3,4,15.36,3.84,15.36,3.84,0.00027287975979759145,0.9500214679623527,0.0,0.0
188,Device,FusedBatchNormV3,mobilenetv2_1.00_32/block_5_depthwise_BN/FusedBatchNormV3,4,15.36,3.84,15.36,3.84,0.00027287975979759145,0.9502943477221503,0.0,0.0
189,Device,FusedBatchNormV3,mobilenetv2_1.00_32/block_6_expand_BN/FusedBatchNormV3,4,15.36,3.84,15.36,3.84,0.00027287975979759145,0.9505672274819479,0.0,0.0
190,Device,FusedBatchNormV3,mobilenetv2_1.00_32/block_3_depthwise_BN/FusedBatchNormV3,4,14.337,3.58425,14.337,3.58425,0.0002547055414204472,0.9508219330233684,0.0,0.0
191,Device,FusedBatchNormGradV3,gradient_tape/mobilenetv2_1.00_32/block_10_expand_BN/FusedBatchNormGradV3,2,14.336,7.168,14.336,7.168,0.0002546877758110854,0.9510766207991794,0.0,0.0
192,Device,DepthwiseConv2dNativeBackpropInput,gradient_tape/mobilenetv2_1.00_32/block_13_depthwise/depthwise/DepthwiseConv2dNativeBackpropInput,2,14.336,7.168,14.336,7.168,0.0002546877758110854,0.9513313085749905,0.0,0.0
193,Device,FusedBatchNormGradV3,gradient_tape/mobilenetv2_1.00_32/block_16_project_BN/FusedBatchNormGradV3,2,14.336,7.168,14.336,7.168,0.0002546877758110854,0.9515859963508015,0.0,0.0
194,Device,FusedBatchNormV3,mobilenetv2_1.00_32/block_11_project_BN/FusedBatchNormV3,4,14.336,3.584,14.336,3.584,0.0002546877758110854,0.9518406841266126,0.0,0.0
195,Device,FusedBatchNormV3,mobilenetv2_1.00_32/block_13_project_BN/FusedBatchNormV3,4,14.336,3.584,14.336,3.584,0.0002546877758110854,0.9520953719024237,0.0,0.0
196,Device,FusedBatchNormV3,mobilenetv2_1.00_32/block_15_project_BN/FusedBatchNormV3,4,14.336,3.584,14.336,3.584,0.0002546877758110854,0.9523500596782347,0.0,0.0
197,Device,FusedBatchNormV3,mobilenetv2_1.00_32/block_1_depthwise_BN/FusedBatchNormV3,4,14.336,3.584,14.336,3.584,0.0002546877758110854,0.9526047474540458,0.0,0.0
198,Device,FusedBatchNormV3,mobilenetv2_1.00_32/block_1_project_BN/FusedBatchNormV3,4,14.336,3.584,14.336,3.584,0.0002546877758110854,0.9528594352298568,0.0,0.0
199,Device,DepthwiseConv2dNative,mobilenetv2_1.00_32/block_3_depthwise/depthwise,2,14.336,7.168,14.336,7.168,0.0002546877758110854,0.9531141230056679,0.0,0.0
200,Device,Pad,mobilenetv2_1.00_32/block_6_pad/Pad,2,14.336,7.168,14.336,7.168,0.0002546877758110854,0.953368810781479,0.0,0.0
201,Device,FusedBatchNormV3,mobilenetv2_1.00_32/block_7_project_BN/FusedBatchNormV3,4,14.336,3.584,14.336,3.584,0.0002546877758110854,0.95362349855729,0.0,0.0
202,Device,FusedBatchNormV3,mobilenetv2_1.00_32/block_9_project_BN/FusedBatchNormV3,4,14.336,3.584,14.336,3.584,0.0002546877758110854,0.9538781863331011,0.0,0.0
203,Device,DepthwiseConv2dNative,mobilenetv2_1.00_32/expanded_conv_depthwise/depthwise,2,14.336,7.168,14.336,7.168,0.0002546877758110854,0.9541328741089121,0.0,0.0
204,Device,DepthwiseConv2dNativeBackpropFilter,gradient_tape/mobilenetv2_1.00_32/block_10_depthwise/depthwise/DepthwiseConv2dNativeBackpropFilter,2,13.312,6.656,13.312,6.656,0.00023649579182457924,0.9543693699007367,0.0,0.0
205,Device,DepthwiseConv2dNativeBackpropFilter,gradient_tape/mobilenetv2_1.00_32/block_13_depthwise/depthwise/DepthwiseConv2dNativeBackpropFilter,2,13.312,6.656,13.312,6.656,0.00023649579182457924,0.9546058656925613,0.0,0.0
206,Device,DepthwiseConv2dNativeBackpropInput,gradient_tape/mobilenetv2_1.00_32/block_6_depthwise/depthwise/DepthwiseConv2dNativeBackpropInput,2,13.312,6.656,13.312,6.656,0.00023649579182457924,0.954842361484386,0.0,0.0
207,Device,FusedBatchNormV3,mobilenetv2_1.00_32/block_12_project_BN/FusedBatchNormV3,4,13.312,3.328,13.312,3.328,0.00023649579182457924,0.9550788572762106,0.0,0.0
208,Device,FusedBatchNormV3,mobilenetv2_1.00_32/block_2_project_BN/FusedBatchNormV3,4,13.312,3.328,13.312,3.328,0.00023649579182457924,0.9553153530680352,0.0,0.0
209,Device,FusedBatchNormV3,mobilenetv2_1.00_32/block_6_depthwise_BN/FusedBatchNormV3,4,13.312,3.328,13.312,3.328,0.00023649579182457924,0.9555518488598598,0.0,0.0
210,Device,FusedBatchNormV3,mobilenetv2_1.00_32/block_6_project_BN/FusedBatchNormV3,4,13.312,3.328,13.312,3.328,0.00023649579182457924,0.9557883446516844,0.0,0.0
211,Device,FusedBatchNormV3,mobilenetv2_1.00_32/block_8_project_BN/FusedBatchNormV3,4,13.312,3.328,13.312,3.328,0.00023649579182457924,0.956024840443509,0.0,0.0
212,Device,DepthwiseConv2dNativeBackpropFilter,gradient_tape/mobilenetv2_1.00_32/block_12_depthwise/depthwise/DepthwiseConv2dNativeBackpropFilter,2,12.288,6.144,12.288,6.144,0.00021830380783807317,0.956243144251347,0.0,0.0
213,Device,DepthwiseConv2dNativeBackpropInput,gradient_tape/mobilenetv2_1.00_32/block_12_depthwise/depthwise/DepthwiseConv2dNativeBackpropInput,2,12.288,6.144,12.288,6.144,0.00021830380783807317,0.9564614480591851,0.0,0.0
214,Device,FusedBatchNormGradV3,gradient_tape/mobilenetv2_1.00_32/block_1_depthwise_BN/FusedBatchNormGradV3,2,12.288,6.144,12.288,6.144,0.00021830380783807317,0.9566797518670231,0.0,0.0
215,Device,Relu6Grad,gradient_tape/mobilenetv2_1.00_32/block_3_expand_relu/Relu6/Relu6Grad,2,12.288,6.144,12.288,6.144,0.00021830380783807317,0.9568980556748612,0.0,0.0
216,Device,DepthwiseConv2dNativeBackpropInput,gradient_tape/mobilenetv2_1.00_32/block_4_depthwise/depthwise/DepthwiseConv2dNativeBackpropInput,2,12.288,6.144,12.288,6.144,0.00021830380783807317,0.9571163594826992,0.0,0.0
217,Device,FusedBatchNormGradV3,gradient_tape/mobilenetv2_1.00_32/block_4_depthwise_BN/FusedBatchNormGradV3,2,12.288,6.144,12.288,6.144,0.00021830380783807317,0.9573346632905373,0.0,0.0
218,Device,DepthwiseConv2dNativeBackpropInput,gradient_tape/mobilenetv2_1.00_32/block_5_depthwise/depthwise/DepthwiseConv2dNativeBackpropInput,2,12.288,6.144,12.288,6.144,0.00021830380783807317,0.9575529670983753,0.0,0.0
219,Device,FusedBatchNormGradV3,gradient_tape/mobilenetv2_1.00_32/block_5_depthwise_BN/FusedBatchNormGradV3,2,12.288,6.144,12.288,6.144,0.00021830380783807317,0.9577712709062134,0.0,0.0
220,Device,FusedBatchNormGradV3,gradient_tape/mobilenetv2_1.00_32/block_5_expand_BN/FusedBatchNormGradV3,2,12.288,6.144,12.288,6.144,0.00021830380783807317,0.9579895747140514,0.0,0.0
221,Device,FusedBatchNormGradV3,gradient_tape/mobilenetv2_1.00_32/block_6_expand_BN/FusedBatchNormGradV3,2,12.288,6.144,12.288,6.144,0.00021830380783807317,0.9582078785218895,0.0,0.0
222,Device,DepthwiseConv2dNativeBackpropFilter,gradient_tape/mobilenetv2_1.00_32/block_7_depthwise/depthwise/DepthwiseConv2dNativeBackpropFilter,2,12.288,6.144,12.288,6.144,0.00021830380783807317,0.9584261823297275,0.0,0.0
223,Device,DepthwiseConv2dNativeBackpropFilter,gradient_tape/mobilenetv2_1.00_32/block_8_depthwise/depthwise/DepthwiseConv2dNativeBackpropFilter,2,12.288,6.144,12.288,6.144,0.00021830380783807317,0.9586444861375656,0.0,0.0
224,Device,DepthwiseConv2dNativeBackpropFilter,gradient_tape/mobilenetv2_1.00_32/block_9_depthwise/depthwise/DepthwiseConv2dNativeBackpropFilter,2,12.288,6.144,12.288,6.144,0.00021830380783807317,0.9588627899454036,0.0,0.0
225,Device,FusedBatchNormV3,mobilenetv2_1.00_32/block_10_project_BN/FusedBatchNormV3,4,12.288,3.072,12.288,3.072,0.00021830380783807317,0.9590810937532417,0.0,0.0
226,Device,DepthwiseConv2dNative,mobilenetv2_1.00_32/block_11_depthwise/depthwise,2,12.288,6.144,12.288,6.144,0.00021830380783807317,0.9592993975610797,0.0,0.0
227,Device,DepthwiseConv2dNative,mobilenetv2_1.00_32/block_12_depthwise/depthwise,2,12.288,6.144,12.288,6.144,0.00021830380783807317,0.9595177013689178,0.0,0.0
228,Device,Pad,mobilenetv2_1.00_32/block_13_pad/Pad,2,12.288,6.144,12.288,6.144,0.00021830380783807317,0.9597360051767558,0.0,0.0
229,Device,Relu6,mobilenetv2_1.00_32/block_1_expand_relu/Relu6,2,12.288,6.144,12.288,6.144,0.00021830380783807317,0.9599543089845939,0.0,0.0
230,Device,DepthwiseConv2dNative,mobilenetv2_1.00_32/block_2_depthwise/depthwise,2,12.288,6.144,12.288,6.144,0.00021830380783807317,0.9601726127924319,0.0,0.0
231,Device,FusedBatchNormV3,mobilenetv2_1.00_32/block_4_project_BN/FusedBatchNormV3,4,12.288,3.072,12.288,3.072,0.00021830380783807317,0.96039091660027,0.0,0.0
232,Device,DepthwiseConv2dNative,mobilenetv2_1.00_32/block_5_depthwise/depthwise,2,12.288,6.144,12.288,6.144,0.00021830380783807317,0.960609220408108,0.0,0.0
233,Device,FusedBatchNormV3,mobilenetv2_1.00_32/block_5_project_BN/FusedBatchNormV3,4,12.288,3.072,12.288,3.072,0.00021830380783807317,0.9608275242159461,0.0,0.0
234,Device,ResourceApplyGradientDescent,SGD/SGD/update_153/ResourceApplyGradientDescent,2,11.264,5.632,11.264,5.632,0.00020011182385156704,0.9610276360397977,0.0,0.0
235,Device,DepthwiseConv2dNativeBackpropInput,gradient_tape/mobilenetv2_1.00_32/block_10_depthwise/depthwise/DepthwiseConv2dNativeBackpropInput,2,11.264,5.632,11.264,5.632,0.00020011182385156704,0.9612277478636493,0.0,0.0
236,Device,FusedBatchNormGradV3,gradient_tape/mobilenetv2_1.00_32/block_1_project_BN/FusedBatchNormGradV3,2,11.264,5.632,11.264,5.632,0.00020011182385156704,0.9614278596875009,0.0,0.0
237,Device,FusedBatchNormGradV3,gradient_tape/mobilenetv2_1.00_32/block_2_project_BN/FusedBatchNormGradV3,2,11.264,5.632,11.264,5.632,0.00020011182385156704,0.9616279715113525,0.0,0.0
238,Device,FusedBatchNormGradV3,gradient_tape/mobilenetv2_1.00_32/block_3_depthwise_BN/FusedBatchNormGradV3,2,11.264,5.632,11.264,5.632,0.00020011182385156704,0.9618280833352041,0.0,0.0
239,Device,FusedBatchNormGradV3,gradient_tape/mobilenetv2_1.00_32/block_4_expand_BN/FusedBatchNormGradV3,2,11.264,5.632,11.264,5.632,0.00020011182385156704,0.9620281951590557,0.0,0.0
240,Device,FusedBatchNormGradV3,gradient_tape/mobilenetv2_1.00_32/block_6_depthwise_BN/FusedBatchNormGradV3,2,11.264,5.632,11.264,5.632,0.00020011182385156704,0.9622283069829073,0.0,0.0
241,Device,DepthwiseConv2dNativeBackpropInput,gradient_tape/mobilenetv2_1.00_32/block_7_depthwise/depthwise/DepthwiseConv2dNativeBackpropInput,2,11.264,5.632,11.264,5.632,0.00020011182385156704,0.9624284188067589,0.0,0.0
242,Device,DepthwiseConv2dNativeBackpropInput,gradient_tape/mobilenetv2_1.00_32/block_8_depthwise/depthwise/DepthwiseConv2dNativeBackpropInput,2,11.264,5.632,11.264,5.632,0.00020011182385156704,0.9626285306306105,0.0,0.0
243,Device,DynamicStitch,gradient_tape/mobilenetv2_1.00_32/global_average_pooling2d/DynamicStitch,2,11.264,5.632,11.264,5.632,0.00020011182385156704,0.9628286424544621,0.0,0.0
244,Device,MatMul,gradient_tape/mobilenetv2_1.00_32/predictions/MatMul/MatMul_1,2,11.264,5.632,11.264,5.632,0.00020011182385156704,0.9630287542783137,0.0,0.0
245,Device,FusedBatchNormV3,mobilenetv2_1.00_32/block_3_project_BN/FusedBatchNormV3,4,11.264,2.816,11.264,2.816,0.00020011182385156704,0.9632288661021653,0.0,0.0
246,Device,DepthwiseConv2dNative,mobilenetv2_1.00_32/block_4_depthwise/depthwise,2,11.264,5.632,11.264,5.632,0.00020011182385156704,0.9634289779260169,0.0,0.0
247,Device,DepthwiseConv2dNative,mobilenetv2_1.00_32/block_6_depthwise/depthwise,2,11.264,5.632,11.264,5.632,0.00020011182385156704,0.9636290897498685,0.0,0.0
248,Device,Transpose,gradient_tape/mobilenetv2_1.00_32/Conv1/Conv2D/Conv2DBackpropFilter-0-TransposeNHWCToNCHW-LayoutOptimizer,2,10.24,5.12,10.24,5.12,0.00018191983986506097,0.9638110095897335,0.0,0.0
249,Device,Relu6Grad,gradient_tape/mobilenetv2_1.00_32/Conv1_relu/Relu6/Relu6Grad,2,10.24,5.12,10.24,5.12,0.00018191983986506097,0.9639929294295986,0.0,0.0
250,Device,FusedBatchNormGradV3,gradient_tape/mobilenetv2_1.00_32/block_10_project_BN/FusedBatchNormGradV3,2,10.24,5.12,10.24,5.12,0.00018191983986506097,0.9641748492694636,0.0,0.0
251,Device,DepthwiseConv2dNativeBackpropInput,gradient_tape/mobilenetv2_1.00_32/block_11_depthwise/depthwise/DepthwiseConv2dNativeBackpropInput,2,10.24,5.12,10.24,5.12,0.00018191983986506097,0.9643567691093287,0.0,0.0
252,Device,FusedBatchNormGradV3,gradient_tape/mobilenetv2_1.00_32/block_11_project_BN/FusedBatchNormGradV3,2,10.24,5.12,10.24,5.12,0.00018191983986506097,0.9645386889491937,0.0,0.0
253,Device,FusedBatchNormGradV3,gradient_tape/mobilenetv2_1.00_32/block_12_project_BN/FusedBatchNormGradV3,2,10.24,5.12,10.24,5.12,0.00018191983986506097,0.9647206087890587,0.0,0.0
254,Device,FusedBatchNormGradV3,gradient_tape/mobilenetv2_1.00_32/block_13_project_BN/FusedBatchNormGradV3,2,10.24,5.12,10.24,5.12,0.00018191983986506097,0.9649025286289238,0.0,0.0
255,Device,FusedBatchNormGradV3,gradient_tape/mobilenetv2_1.00_32/block_14_project_BN/FusedBatchNormGradV3,2,10.24,5.12,10.24,5.12,0.00018191983986506097,0.9650844484687888,0.0,0.0
256,Device,FusedBatchNormGradV3,gradient_tape/mobilenetv2_1.00_32/block_15_project_BN/FusedBatchNormGradV3,2,10.24,5.12,10.24,5.12,0.00018191983986506097,0.9652663683086539,0.0,0.0
257,Device,DepthwiseConv2dNativeBackpropInput,gradient_tape/mobilenetv2_1.00_32/block_16_depthwise/depthwise/DepthwiseConv2dNativeBackpropInput,2,10.24,5.12,10.24,5.12,0.00018191983986506097,0.9654482881485189,0.0,0.0
258,Device,FusedBatchNormGradV3,gradient_tape/mobilenetv2_1.00_32/block_3_project_BN/FusedBatchNormGradV3,2,10.24,5.12,10.24,5.12,0.00018191983986506097,0.965630207988384,0.0,0.0
259,Device,FusedBatchNormGradV3,gradient_tape/mobilenetv2_1.00_32/block_4_project_BN/FusedBatchNormGradV3,2,10.24,5.12,10.24,5.12,0.00018191983986506097,0.965812127828249,0.0,0.0
260,Device,FusedBatchNormGradV3,gradient_tape/mobilenetv2_1.00_32/block_6_project_BN/FusedBatchNormGradV3,2,10.24,5.12,10.24,5.12,0.00018191983986506097,0.965994047668114,0.0,0.0
261,Device,DepthwiseConv2dNativeBackpropInput,gradient_tape/mobilenetv2_1.00_32/block_9_depthwise/depthwise/DepthwiseConv2dNativeBackpropInput,2,10.24,5.12,10.24,5.12,0.00018191983986506097,0.9661759675079791,0.0,0.0
262,Device,MatMul,gradient_tape/mobilenetv2_1.00_32/predictions/MatMul/MatMul,2,10.24,5.12,10.24,5.12,0.00018191983986506097,0.9663578873478441,0.0,0.0
263,Device,DepthwiseConv2dNative,mobilenetv2_1.00_32/block_10_depthwise/depthwise,2,10.24,5.12,10.24,5.12,0.00018191983986506097,0.9665398071877092,0.0,0.0
264,Device,DepthwiseConv2dNative,mobilenetv2_1.00_32/block_7_depthwise/depthwise,2,10.24,5.12,10.24,5.12,0.00018191983986506097,0.9667217270275742,0.0,0.0
265,Device,DepthwiseConv2dNative,mobilenetv2_1.00_32/block_8_depthwise/depthwise,2,10.24,5.12,10.24,5.12,0.00018191983986506097,0.9669036468674392,0.0,0.0
266,Device,ResourceApplyGradientDescent,SGD/SGD/update_150/ResourceApplyGradientDescent,2,9.216,4.608,9.216,4.608,0.00016372785587855486,0.9670673747233178,0.0,0.0
267,Device,DepthwiseConv2dNativeBackpropInput,gradient_tape/mobilenetv2_1.00_32/block_15_depthwise/depthwise/DepthwiseConv2dNativeBackpropInput,2,9.216,4.608,9.216,4.608,0.00016372785587855486,0.9672311025791964,0.0,0.0
268,Device,Relu6Grad,gradient_tape/mobilenetv2_1.00_32/block_2_depthwise_relu/Relu6/Relu6Grad,2,9.216,4.608,9.216,4.608,0.00016372785587855486,0.967394830435075,0.0,0.0
269,Device,Relu6Grad,gradient_tape/mobilenetv2_1.00_32/block_2_expand_relu/Relu6/Relu6Grad,2,9.216,4.608,9.216,4.608,0.00016372785587855486,0.9675585582909536,0.0,0.0
270,Device,Slice,gradient_tape/mobilenetv2_1.00_32/block_3_pad/Slice_1,2,9.216,4.608,9.216,4.608,0.00016372785587855486,0.9677222861468322,0.0,0.0
271,Device,FusedBatchNormGradV3,gradient_tape/mobilenetv2_1.00_32/block_7_project_BN/FusedBatchNormGradV3,2,9.216,4.608,9.216,4.608,0.00016372785587855486,0.9678860140027108,0.0,0.0
272,Device,FusedBatchNormGradV3,gradient_tape/mobilenetv2_1.00_32/block_8_project_BN/FusedBatchNormGradV3,2,9.216,4.608,9.216,4.608,0.00016372785587855486,0.9680497418585894,0.0,0.0
273,Device,FusedBatchNormGradV3,gradient_tape/mobilenetv2_1.00_32/block_9_project_BN/FusedBatchNormGradV3,2,9.216,4.608,9.216,4.608,0.00016372785587855486,0.968213469714468,0.0,0.0
274,Device,DepthwiseConv2dNative,mobilenetv2_1.00_32/block_13_depthwise/depthwise,2,9.216,4.608,9.216,4.608,0.00016372785587855486,0.9683771975703466,0.0,0.0
275,Device,DepthwiseConv2dNative,mobilenetv2_1.00_32/block_9_depthwise/depthwise,2,9.216,4.608,9.216,4.608,0.00016372785587855486,0.9685409254262252,0.0,0.0
276,Device,ArgMax,ArgMax_1,2,8.192,4.096,8.192,4.096,0.00014553587189204876,0.9686864612981172,0.0,0.0
277,Device,ResourceApplyGradientDescent,SGD/SGD/update_105/ResourceApplyGradientDescent,2,8.192,4.096,8.192,4.096,0.00014553587189204876,0.9688319971700092,0.0,0.0
278,Device,ResourceApplyGradientDescent,SGD/SGD/update_111/ResourceApplyGradientDescent,2,8.192,4.096,8.192,4.096,0.00014553587189204876,0.9689775330419013,0.0,0.0
279,Device,ResourceApplyGradientDescent,SGD/SGD/update_114/ResourceApplyGradientDescent,2,8.192,4.096,8.192,4.096,0.00014553587189204876,0.9691230689137933,0.0,0.0
280,Device,ResourceApplyGradientDescent,SGD/SGD/update_123/ResourceApplyGradientDescent,2,8.192,4.096,8.192,4.096,0.00014553587189204876,0.9692686047856853,0.0,0.0
281,Device,ResourceApplyGradientDescent,SGD/SGD/update_135/ResourceApplyGradientDescent,2,8.192,4.096,8.192,4.096,0.00014553587189204876,0.9694141406575774,0.0,0.0
282,Device,ResourceApplyGradientDescent,SGD/SGD/update_33/ResourceApplyGradientDescent,2,8.192,4.096,8.192,4.096,0.00014553587189204876,0.9695596765294694,0.0,0.0
283,Device,ResourceApplyGradientDescent,SGD/SGD/update_51/ResourceApplyGradientDescent,2,8.192,4.096,8.192,4.096,0.00014553587189204876,0.9697052124013614,0.0,0.0
284,Device,ResourceApplyGradientDescent,SGD/SGD/update_84/ResourceApplyGradientDescent,2,8.192,4.096,8.192,4.096,0.00014553587189204876,0.9698507482732535,0.0,0.0
285,Device,AddN,SGD/gradients/AddN_7,2,8.192,4.096,8.192,4.096,0.00014553587189204876,0.9699962841451455,0.0,0.0
286,Device,Relu6Grad,gradient_tape/mobilenetv2_1.00_32/block_13_expand_relu/Relu6/Relu6Grad,2,8.192,4.096,8.192,4.096,0.00014553587189204876,0.9701418200170375,0.0,0.0
287,Device,Slice,gradient_tape/mobilenetv2_1.00_32/block_13_pad/Slice_1,2,8.192,4.096,8.192,4.096,0.00014553587189204876,0.9702873558889296,0.0,0.0
288,Device,DepthwiseConv2dNativeBackpropInput,gradient_tape/mobilenetv2_1.00_32/block_14_depthwise/depthwise/DepthwiseConv2dNativeBackpropInput,2,8.192,4.096,8.192,4.096,0.00014553587189204876,0.9704328917608216,0.0,0.0
289,Device,DepthwiseConv2dNativeBackpropFilter,gradient_tape/mobilenetv2_1.00_32/block_15_depthwise/depthwise/DepthwiseConv2dNativeBackpropFilter,2,8.192,4.096,8.192,4.096,0.00014553587189204876,0.9705784276327136,0.0,0.0
290,Device,DepthwiseConv2dNativeBackpropFilter,gradient_tape/mobilenetv2_1.00_32/block_16_depthwise/depthwise/DepthwiseConv2dNativeBackpropFilter,2,8.192,4.096,8.192,4.096,0.00014553587189204876,0.9707239635046057,0.0,0.0
291,Device,Relu6Grad,gradient_tape/mobilenetv2_1.00_32/block_1_depthwise_relu/Relu6/Relu6Grad,2,8.192,4.096,8.192,4.096,0.00014553587189204876,0.9708694993764977,0.0,0.0
292,Device,Relu6Grad,gradient_tape/mobilenetv2_1.00_32/block_4_depthwise_relu/Relu6/Relu6Grad,2,8.192,4.096,8.192,4.096,0.00014553587189204876,0.9710150352483897,0.0,0.0
293,Device,Relu6Grad,gradient_tape/mobilenetv2_1.00_32/block_4_expand_relu/Relu6/Relu6Grad,2,8.192,4.096,8.192,4.096,0.00014553587189204876,0.9711605711202818,0.0,0.0
294,Device,FusedBatchNormGradV3,gradient_tape/mobilenetv2_1.00_32/block_5_project_BN/FusedBatchNormGradV3,2,8.192,4.096,8.192,4.096,0.00014553587189204876,0.9713061069921738,0.0,0.0
295,Device,Relu6Grad,gradient_tape/mobilenetv2_1.00_32/block_6_expand_relu/Relu6/Relu6Grad,2,8.192,4.096,8.192,4.096,0.00014553587189204876,0.9714516428640658,0.0,0.0
296,Device,Slice,gradient_tape/mobilenetv2_1.00_32/block_6_pad/Slice_1,2,8.192,4.096,8.192,4.096,0.00014553587189204876,0.9715971787359579,0.0,0.0
297,Device,Relu6Grad,gradient_tape/mobilenetv2_1.00_32/expanded_conv_depthwise_relu/Relu6/Relu6Grad,2,8.192,4.096,8.192,4.096,0.00014553587189204876,0.9717427146078499,0.0,0.0
298,Device,Relu6,mobilenetv2_1.00_32/Conv1_relu/Relu6,2,8.192,4.096,8.192,4.096,0.00014553587189204876,0.9718882504797419,0.0,0.0
299,Device,DepthwiseConv2dNative,mobilenetv2_1.00_32/block_15_depthwise/depthwise,2,8.192,4.096,8.192,4.096,0.00014553587189204876,0.972033786351634,0.0,0.0
300,Device,Relu6,mobilenetv2_1.00_32/block_2_depthwise_relu/Relu6,2,8.192,4.096,8.192,4.096,0.00014553587189204876,0.972179322223526,0.0,0.0
301,Device,AddV2,mobilenetv2_1.00_32/block_8_add/add,2,8.192,4.096,8.192,4.096,0.00014553587189204876,0.972324858095418,0.0,0.0
302,Device,Relu6,mobilenetv2_1.00_32/expanded_conv_depthwise_relu/Relu6,2,8.192,4.096,8.192,4.096,0.00014553587189204876,0.97247039396731,0.0,0.0
303,Device,Relu6,mobilenetv2_1.00_32/out_relu/Relu6,2,8.192,4.096,8.192,4.096,0.00014553587189204876,0.9726159298392021,0.0,0.0
304,Device,ArgMax,ArgMax,2,7.168,3.584,7.168,3.584,0.0001273438879055427,0.9727432737271077,0.0,0.0
305,Device,ResourceApplyGradientDescent,SGD/SGD/update_102/ResourceApplyGradientDescent,2,7.168,3.584,7.168,3.584,0.0001273438879055427,0.9728706176150133,0.0,0.0
306,Device,ResourceApplyGradientDescent,SGD/SGD/update_108/ResourceApplyGradientDescent,2,7.168,3.584,7.168,3.584,0.0001273438879055427,0.9729979615029188,0.0,0.0
307,Device,ResourceApplyGradientDescent,SGD/SGD/update_126/ResourceApplyGradientDescent,2,7.168,3.584,7.168,3.584,0.0001273438879055427,0.9731253053908244,0.0,0.0
308,Device,ResourceApplyGradientDescent,SGD/SGD/update_129/ResourceApplyGradientDescent,2,7.168,3.584,7.168,3.584,0.0001273438879055427,0.97325264927873,0.0,0.0
309,Device,ResourceApplyGradientDescent,SGD/SGD/update_138/ResourceApplyGradientDescent,2,7.168,3.584,7.168,3.584,0.0001273438879055427,0.9733799931666356,0.0,0.0
310,Device,ResourceApplyGradientDescent,SGD/SGD/update_141/ResourceApplyGradientDescent,2,7.168,3.584,7.168,3.584,0.0001273438879055427,0.9735073370545412,0.0,0.0
311,Device,ResourceApplyGradientDescent,SGD/SGD/update_144/ResourceApplyGradientDescent,2,7.168,3.584,7.168,3.584,0.0001273438879055427,0.9736346809424468,0.0,0.0
312,Device,ResourceApplyGradientDescent,SGD/SGD/update_147/ResourceApplyGradientDescent,2,7.168,3.584,7.168,3.584,0.0001273438879055427,0.9737620248303523,0.0,0.0
313,Device,ResourceApplyGradientDescent,SGD/SGD/update_156/ResourceApplyGradientDescent,2,7.168,3.584,7.168,3.584,0.0001273438879055427,0.9738893687182579,0.0,0.0
314,Device,ResourceApplyGradientDescent,SGD/SGD/update_18/ResourceApplyGradientDescent,2,7.168,3.584,7.168,3.584,0.0001273438879055427,0.9740167126061635,0.0,0.0
315,Device,ResourceApplyGradientDescent,SGD/SGD/update_24/ResourceApplyGradientDescent,2,7.168,3.584,7.168,3.584,0.0001273438879055427,0.9741440564940691,0.0,0.0
316,Device,ResourceApplyGradientDescent,SGD/SGD/update_42/ResourceApplyGradientDescent,2,7.168,3.584,7.168,3.584,0.0001273438879055427,0.9742714003819747,0.0,0.0
317,Device,ResourceApplyGradientDescent,SGD/SGD/update_45/ResourceApplyGradientDescent,2,7.168,3.584,7.168,3.584,0.0001273438879055427,0.9743987442698803,0.0,0.0
318,Device,ResourceApplyGradientDescent,SGD/SGD/update_54/ResourceApplyGradientDescent,2,7.168,3.584,7.168,3.584,0.0001273438879055427,0.9745260881577859,0.0,0.0
319,Device,ResourceApplyGradientDescent,SGD/SGD/update_63/ResourceApplyGradientDescent,2,7.168,3.584,7.168,3.584,0.0001273438879055427,0.9746534320456914,0.0,0.0
320,Device,ResourceApplyGradientDescent,SGD/SGD/update_66/ResourceApplyGradientDescent,2,7.168,3.584,7.168,3.584,0.0001273438879055427,0.974780775933597,0.0,0.0
321,Device,ResourceApplyGradientDescent,SGD/SGD/update_78/ResourceApplyGradientDescent,2,7.168,3.584,7.168,3.584,0.0001273438879055427,0.9749081198215026,0.0,0.0
322,Device,ResourceApplyGradientDescent,SGD/SGD/update_81/ResourceApplyGradientDescent,2,7.168,3.584,7.168,3.584,0.0001273438879055427,0.9750354637094082,0.0,0.0
323,Device,ResourceApplyGradientDescent,SGD/SGD/update_87/ResourceApplyGradientDescent,2,7.168,3.584,7.168,3.584,0.0001273438879055427,0.9751628075973138,0.0,0.0
324,Device,ResourceApplyGradientDescent,SGD/SGD/update_90/ResourceApplyGradientDescent,2,7.168,3.584,7.168,3.584,0.0001273438879055427,0.9752901514852194,0.0,0.0
325,Device,AddN,SGD/gradients/AddN_2,2,7.168,3.584,7.168,3.584,0.0001273438879055427,0.9754174953731249,0.0,0.0
326,Device,AddN,SGD/gradients/AddN_4,2,7.168,3.584,7.168,3.584,0.0001273438879055427,0.9755448392610305,0.0,0.0
327,Device,AddN,SGD/gradients/AddN_6,2,7.168,3.584,7.168,3.584,0.0001273438879055427,0.9756721831489361,0.0,0.0
328,Device,AddN,SGD/gradients/AddN_9,2,7.168,3.584,7.168,3.584,0.0001273438879055427,0.9757995270368417,0.0,0.0
329,Device,Relu6Grad,gradient_tape/mobilenetv2_1.00_32/block_12_depthwise_relu/Relu6/Relu6Grad,2,7.168,3.584,7.168,3.584,0.0001273438879055427,0.9759268709247473,0.0,0.0
330,Device,DepthwiseConv2dNativeBackpropFilter,gradient_tape/mobilenetv2_1.00_32/block_14_depthwise/depthwise/DepthwiseConv2dNativeBackpropFilter,2,7.168,3.584,7.168,3.584,0.0001273438879055427,0.9760542148126529,0.0,0.0
331,Device,Relu6Grad,gradient_tape/mobilenetv2_1.00_32/block_5_depthwise_relu/Relu6/Relu6Grad,2,7.168,3.584,7.168,3.584,0.0001273438879055427,0.9761815587005584,0.0,0.0
332,Device,Relu6Grad,gradient_tape/mobilenetv2_1.00_32/block_5_expand_relu/Relu6/Relu6Grad,2,7.168,3.584,7.168,3.584,0.0001273438879055427,0.976308902588464,0.0,0.0
333,Device,BiasAddGrad,gradient_tape/mobilenetv2_1.00_32/predictions/BiasAdd/BiasAddGrad,2,7.168,3.584,7.168,3.584,0.0001273438879055427,0.9764362464763696,0.0,0.0
334,Device,Relu6,mobilenetv2_1.00_32/block_10_depthwise_relu/Relu6,2,7.168,3.584,7.168,3.584,0.0001273438879055427,0.9765635903642752,0.0,0.0
335,Device,Relu6,mobilenetv2_1.00_32/block_10_expand_relu/Relu6,2,7.168,3.584,7.168,3.584,0.0001273438879055427,0.9766909342521808,0.0,0.0
336,Device,Relu6,mobilenetv2_1.00_32/block_11_depthwise_relu/Relu6,2,7.168,3.584,7.168,3.584,0.0001273438879055427,0.9768182781400864,0.0,0.0
337,Device,Relu6,mobilenetv2_1.00_32/block_11_expand_relu/Relu6,2,7.168,3.584,7.168,3.584,0.0001273438879055427,0.976945622027992,0.0,0.0
338,Device,Relu6,mobilenetv2_1.00_32/block_12_expand_relu/Relu6,2,7.168,3.584,7.168,3.584,0.0001273438879055427,0.9770729659158975,0.0,0.0
339,Device,Relu6,mobilenetv2_1.00_32/block_13_depthwise_relu/Relu6,2,7.168,3.584,7.168,3.584,0.0001273438879055427,0.9772003098038031,0.0,0.0
340,Device,Relu6,mobilenetv2_1.00_32/block_13_expand_relu/Relu6,2,7.168,3.584,7.168,3.584,0.0001273438879055427,0.9773276536917087,0.0,0.0
341,Device,DepthwiseConv2dNative,mobilenetv2_1.00_32/block_14_depthwise/depthwise,2,7.168,3.584,7.168,3.584,0.0001273438879055427,0.9774549975796143,0.0,0.0
342,Device,Relu6,mobilenetv2_1.00_32/block_14_depthwise_relu/Relu6,2,7.168,3.584,7.168,3.584,0.0001273438879055427,0.9775823414675199,0.0,0.0
343,Device,Relu6,mobilenetv2_1.00_32/block_15_depthwise_relu/Relu6,2,7.168,3.584,7.168,3.584,0.0001273438879055427,0.9777096853554255,0.0,0.0
344,Device,DepthwiseConv2dNative,mobilenetv2_1.00_32/block_16_depthwise/depthwise,2,7.168,3.584,7.168,3.584,0.0001273438879055427,0.977837029243331,0.0,0.0
345,Device,Relu6,mobilenetv2_1.00_32/block_1_depthwise_relu/Relu6,2,7.168,3.584,7.168,3.584,0.0001273438879055427,0.9779643731312366,0.0,0.0
346,Device,AddV2,mobilenetv2_1.00_32/block_2_add/add,2,7.168,3.584,7.168,3.584,0.0001273438879055427,0.9780917170191422,0.0,0.0
347,Device,Relu6,mobilenetv2_1.00_32/block_2_expand_relu/Relu6,2,7.168,3.584,7.168,3.584,0.0001273438879055427,0.9782190609070478,0.0,0.0
348,Device,Relu6,mobilenetv2_1.00_32/block_3_expand_relu/Relu6,2,7.168,3.584,7.168,3.584,0.0001273438879055427,0.9783464047949534,0.0,0.0
349,Device,Relu6,mobilenetv2_1.00_32/block_5_depthwise_relu/Relu6,2,7.168,3.584,7.168,3.584,0.0001273438879055427,0.978473748682859,0.0,0.0
350,Device,Relu6,mobilenetv2_1.00_32/block_6_depthwise_relu/Relu6,2,7.168,3.584,7.168,3.584,0.0001273438879055427,0.9786010925707646,0.0,0.0
351,Device,Relu6,mobilenetv2_1.00_32/block_6_expand_relu/Relu6,2,7.168,3.584,7.168,3.584,0.0001273438879055427,0.9787284364586701,0.0,0.0
352,Device,AddV2,mobilenetv2_1.00_32/block_7_add/add,2,7.168,3.584,7.168,3.584,0.0001273438879055427,0.9788557803465757,0.0,0.0
353,Device,Relu6,mobilenetv2_1.00_32/block_7_depthwise_relu/Relu6,2,7.168,3.584,7.168,3.584,0.0001273438879055427,0.9789831242344813,0.0,0.0
354,Device,Relu6,mobilenetv2_1.00_32/block_7_expand_relu/Relu6,2,7.168,3.584,7.168,3.584,0.0001273438879055427,0.9791104681223869,0.0,0.0
355,Device,AddV2,mobilenetv2_1.00_32/block_9_add/add,2,7.168,3.584,7.168,3.584,0.0001273438879055427,0.9792378120102925,0.0,0.0
356,Device,Relu6,mobilenetv2_1.00_32/block_9_depthwise_relu/Relu6,2,7.168,3.584,7.168,3.584,0.0001273438879055427,0.9793651558981981,0.0,0.0
357,Device,Relu6,mobilenetv2_1.00_32/block_9_expand_relu/Relu6,2,7.168,3.584,7.168,3.584,0.0001273438879055427,0.9794924997861036,0.0,0.0
358,Device,Relu6Grad,gradient_tape/mobilenetv2_1.00_32/block_11_expand_relu/Relu6/Relu6Grad,2,6.145,3.0725,6.145,3.0725,0.00010916966952839839,0.9796016694556321,0.0,0.0
359,Device,AssignAddVariableOp,AssignAddVariableOp_4,2,6.144,3.072,6.144,3.072,0.00010915190391903658,0.9797108213595511,0.0,0.0
360,Device,Cast,Cast_1,2,6.144,3.072,6.144,3.072,0.00010915190391903658,0.9798199732634701,0.0,0.0
361,Device,Cast,Cast_2,2,6.144,3.072,6.144,3.072,0.00010915190391903658,0.9799291251673892,0.0,0.0
362,Device,Equal,Equal,2,6.144,3.072,6.144,3.072,0.00010915190391903658,0.9800382770713082,0.0,0.0
363,Device,Mul,Mul,2,6.144,3.072,6.144,3.072,0.00010915190391903658,0.9801474289752272,0.0,0.0
364,Device,ResourceApplyGradientDescent,SGD/SGD/update/ResourceApplyGradientDescent,2,6.144,3.072,6.144,3.072,0.00010915190391903658,0.9802565808791462,0.0,0.0
365,Device,ResourceApplyGradientDescent,SGD/SGD/update_10/ResourceApplyGradientDescent,2,6.144,3.072,6.144,3.072,0.00010915190391903658,0.9803657327830653,0.0,0.0
366,Device,ResourceApplyGradientDescent,SGD/SGD/update_100/ResourceApplyGradientDescent,2,6.144,3.072,6.144,3.072,0.00010915190391903658,0.9804748846869843,0.0,0.0
367,Device,ResourceApplyGradientDescent,SGD/SGD/update_101/ResourceApplyGradientDescent,2,6.144,3.072,6.144,3.072,0.00010915190391903658,0.9805840365909033,0.0,0.0
368,Device,ResourceApplyGradientDescent,SGD/SGD/update_103/ResourceApplyGradientDescent,2,6.144,3.072,6.144,3.072,0.00010915190391903658,0.9806931884948223,0.0,0.0
369,Device,ResourceApplyGradientDescent,SGD/SGD/update_104/ResourceApplyGradientDescent,2,6.144,3.072,6.144,3.072,0.00010915190391903658,0.9808023403987414,0.0,0.0
370,Device,ResourceApplyGradientDescent,SGD/SGD/update_106/ResourceApplyGradientDescent,2,6.144,3.072,6.144,3.072,0.00010915190391903658,0.9809114923026604,0.0,0.0
371,Device,ResourceApplyGradientDescent,SGD/SGD/update_107/ResourceApplyGradientDescent,2,6.144,3.072,6.144,3.072,0.00010915190391903658,0.9810206442065794,0.0,0.0
372,Device,ResourceApplyGradientDescent,SGD/SGD/update_109/ResourceApplyGradientDescent,2,6.144,3.072,6.144,3.072,0.00010915190391903658,0.9811297961104984,0.0,0.0
373,Device,ResourceApplyGradientDescent,SGD/SGD/update_11/ResourceApplyGradientDescent,2,6.144,3.072,6.144,3.072,0.00010915190391903658,0.9812389480144175,0.0,0.0
374,Device,ResourceApplyGradientDescent,SGD/SGD/update_110/ResourceApplyGradientDescent,2,6.144,3.072,6.144,3.072,0.00010915190391903658,0.9813480999183365,0.0,0.0
375,Device,ResourceApplyGradientDescent,SGD/SGD/update_112/ResourceApplyGradientDescent,2,6.144,3.072,6.144,3.072,0.00010915190391903658,0.9814572518222555,0.0,0.0
376,Device,ResourceApplyGradientDescent,SGD/SGD/update_113/ResourceApplyGradientDescent,2,6.144,3.072,6.144,3.072,0.00010915190391903658,0.9815664037261745,0.0,0.0
377,Device,ResourceApplyGradientDescent,SGD/SGD/update_116/ResourceApplyGradientDescent,2,6.144,3.072,6.144,3.072,0.00010915190391903658,0.9816755556300936,0.0,0.0
378,Device,ResourceApplyGradientDescent,SGD/SGD/update_117/ResourceApplyGradientDescent,2,6.144,3.072,6.144,3.072,0.00010915190391903658,0.9817847075340126,0.0,0.0
379,Device,ResourceApplyGradientDescent,SGD/SGD/update_12/ResourceApplyGradientDescent,2,6.144,3.072,6.144,3.072,0.00010915190391903658,0.9818938594379316,0.0,0.0
380,Device,ResourceApplyGradientDescent,SGD/SGD/update_120/ResourceApplyGradientDescent,2,6.144,3.072,6.144,3.072,0.00010915190391903658,0.9820030113418506,0.0,0.0
381,Device,ResourceApplyGradientDescent,SGD/SGD/update_121/ResourceApplyGradientDescent,2,6.144,3.072,6.144,3.072,0.00010915190391903658,0.9821121632457697,0.0,0.0
382,Device,ResourceApplyGradientDescent,SGD/SGD/update_122/ResourceApplyGradientDescent,2,6.144,3.072,6.144,3.072,0.00010915190391903658,0.9822213151496887,0.0,0.0
383,Device,ResourceApplyGradientDescent,SGD/SGD/update_125/ResourceApplyGradientDescent,2,6.144,3.072,6.144,3.072,0.00010915190391903658,0.9823304670536077,0.0,0.0
384,Device,ResourceApplyGradientDescent,SGD/SGD/update_128/ResourceApplyGradientDescent,2,6.144,3.072,6.144,3.072,0.00010915190391903658,0.9824396189575267,0.0,0.0
385,Device,ResourceApplyGradientDescent,SGD/SGD/update_13/ResourceApplyGradientDescent,2,6.144,3.072,6.144,3.072,0.00010915190391903658,0.9825487708614458,0.0,0.0
386,Device,ResourceApplyGradientDescent,SGD/SGD/update_131/ResourceApplyGradientDescent,2,6.144,3.072,6.144,3.072,0.00010915190391903658,0.9826579227653648,0.0,0.0
387,Device,ResourceApplyGradientDescent,SGD/SGD/update_132/ResourceApplyGradientDescent,2,6.144,3.072,6.144,3.072,0.00010915190391903658,0.9827670746692838,0.0,0.0
388,Device,ResourceApplyGradientDescent,SGD/SGD/update_133/ResourceApplyGradientDescent,2,6.144,3.072,6.144,3.072,0.00010915190391903658,0.9828762265732028,0.0,0.0
389,Device,ResourceApplyGradientDescent,SGD/SGD/update_134/ResourceApplyGradientDescent,2,6.144,3.072,6.144,3.072,0.00010915190391903658,0.9829853784771219,0.0,0.0
390,Device,ResourceApplyGradientDescent,SGD/SGD/update_136/ResourceApplyGradientDescent,2,6.144,3.072,6.144,3.072,0.00010915190391903658,0.9830945303810409,0.0,0.0
391,Device,ResourceApplyGradientDescent,SGD/SGD/update_137/ResourceApplyGradientDescent,2,6.144,3.072,6.144,3.072,0.00010915190391903658,0.9832036822849599,0.0,0.0
392,Device,ResourceApplyGradientDescent,SGD/SGD/update_139/ResourceApplyGradientDescent,2,6.144,3.072,6.144,3.072,0.00010915190391903658,0.9833128341888789,0.0,0.0
393,Device,ResourceApplyGradientDescent,SGD/SGD/update_14/ResourceApplyGradientDescent,2,6.144,3.072,6.144,3.072,0.00010915190391903658,0.983421986092798,0.0,0.0
394,Device,ResourceApplyGradientDescent,SGD/SGD/update_140/ResourceApplyGradientDescent,2,6.144,3.072,6.144,3.072,0.00010915190391903658,0.983531137996717,0.0,0.0
395,Device,ResourceApplyGradientDescent,SGD/SGD/update_142/ResourceApplyGradientDescent,2,6.144,3.072,6.144,3.072,0.00010915190391903658,0.983640289900636,0.0,0.0
396,Device,ResourceApplyGradientDescent,SGD/SGD/update_148/ResourceApplyGradientDescent,2,6.144,3.072,6.144,3.072,0.00010915190391903658,0.983749441804555,0.0,0.0
397,Device,ResourceApplyGradientDescent,SGD/SGD/update_149/ResourceApplyGradientDescent,2,6.144,3.072,6.144,3.072,0.00010915190391903658,0.9838585937084741,0.0,0.0
398,Device,ResourceApplyGradientDescent,SGD/SGD/update_15/ResourceApplyGradientDescent,2,6.144,3.072,6.144,3.072,0.00010915190391903658,0.9839677456123931,0.0,0.0
399,Device,ResourceApplyGradientDescent,SGD/SGD/update_151/ResourceApplyGradientDescent,2,6.144,3.072,6.144,3.072,0.00010915190391903658,0.9840768975163121,0.0,0.0
400,Device,ResourceApplyGradientDescent,SGD/SGD/update_152/ResourceApplyGradientDescent,2,6.144,3.072,6.144,3.072,0.00010915190391903658,0.9841860494202311,0.0,0.0
401,Device,ResourceApplyGradientDescent,SGD/SGD/update_154/ResourceApplyGradientDescent,2,6.144,3.072,6.144,3.072,0.00010915190391903658,0.9842952013241502,0.0,0.0
402,Device,ResourceApplyGradientDescent,SGD/SGD/update_155/ResourceApplyGradientDescent,2,6.144,3.072,6.144,3.072,0.00010915190391903658,0.9844043532280692,0.0,0.0
403,Device,ResourceApplyGradientDescent,SGD/SGD/update_157/ResourceApplyGradientDescent,2,6.144,3.072,6.144,3.072,0.00010915190391903658,0.9845135051319882,0.0,0.0
404,Device,ResourceApplyGradientDescent,SGD/SGD/update_16/ResourceApplyGradientDescent,2,6.144,3.072,6.144,3.072,0.00010915190391903658,0.9846226570359072,0.0,0.0
405,Device,ResourceApplyGradientDescent,SGD/SGD/update_19/ResourceApplyGradientDescent,2,6.144,3.072,6.144,3.072,0.00010915190391903658,0.9847318089398263,0.0,0.0
406,Device,ResourceApplyGradientDescent,SGD/SGD/update_2/ResourceApplyGradientDescent,2,6.144,3.072,6.144,3.072,0.00010915190391903658,0.9848409608437453,0.0,0.0
407,Device,ResourceApplyGradientDescent,SGD/SGD/update_21/ResourceApplyGradientDescent,2,6.144,3.072,6.144,3.072,0.00010915190391903658,0.9849501127476643,0.0,0.0
408,Device,ResourceApplyGradientDescent,SGD/SGD/update_22/ResourceApplyGradientDescent,2,6.144,3.072,6.144,3.072,0.00010915190391903658,0.9850592646515833,0.0,0.0
409,Device,ResourceApplyGradientDescent,SGD/SGD/update_23/ResourceApplyGradientDescent,2,6.144,3.072,6.144,3.072,0.00010915190391903658,0.9851684165555024,0.0,0.0
410,Device,ResourceApplyGradientDescent,SGD/SGD/update_26/ResourceApplyGradientDescent,2,6.144,3.072,6.144,3.072,0.00010915190391903658,0.9852775684594214,0.0,0.0
411,Device,ResourceApplyGradientDescent,SGD/SGD/update_27/ResourceApplyGradientDescent,2,6.144,3.072,6.144,3.072,0.00010915190391903658,0.9853867203633404,0.0,0.0
412,Device,ResourceApplyGradientDescent,SGD/SGD/update_28/ResourceApplyGradientDescent,2,6.144,3.072,6.144,3.072,0.00010915190391903658,0.9854958722672594,0.0,0.0
413,Device,ResourceApplyGradientDescent,SGD/SGD/update_29/ResourceApplyGradientDescent,2,6.144,3.072,6.144,3.072,0.00010915190391903658,0.9856050241711785,0.0,0.0
414,Device,ResourceApplyGradientDescent,SGD/SGD/update_30/ResourceApplyGradientDescent,2,6.144,3.072,6.144,3.072,0.00010915190391903658,0.9857141760750975,0.0,0.0
415,Device,ResourceApplyGradientDescent,SGD/SGD/update_31/ResourceApplyGradientDescent,2,6.144,3.072,6.144,3.072,0.00010915190391903658,0.9858233279790165,0.0,0.0
416,Device,ResourceApplyGradientDescent,SGD/SGD/update_32/ResourceApplyGradientDescent,2,6.144,3.072,6.144,3.072,0.00010915190391903658,0.9859324798829355,0.0,0.0
417,Device,ResourceApplyGradientDescent,SGD/SGD/update_35/ResourceApplyGradientDescent,2,6.144,3.072,6.144,3.072,0.00010915190391903658,0.9860416317868546,0.0,0.0
418,Device,ResourceApplyGradientDescent,SGD/SGD/update_36/ResourceApplyGradientDescent,2,6.144,3.072,6.144,3.072,0.00010915190391903658,0.9861507836907736,0.0,0.0
419,Device,ResourceApplyGradientDescent,SGD/SGD/update_38/ResourceApplyGradientDescent,2,6.144,3.072,6.144,3.072,0.00010915190391903658,0.9862599355946926,0.0,0.0
420,Device,ResourceApplyGradientDescent,SGD/SGD/update_39/ResourceApplyGradientDescent,2,6.144,3.072,6.144,3.072,0.00010915190391903658,0.9863690874986116,0.0,0.0
421,Device,ResourceApplyGradientDescent,SGD/SGD/update_41/ResourceApplyGradientDescent,2,6.144,3.072,6.144,3.072,0.00010915190391903658,0.9864782394025307,0.0,0.0
422,Device,ResourceApplyGradientDescent,SGD/SGD/update_43/ResourceApplyGradientDescent,2,6.144,3.072,6.144,3.072,0.00010915190391903658,0.9865873913064497,0.0,0.0
423,Device,ResourceApplyGradientDescent,SGD/SGD/update_46/ResourceApplyGradientDescent,2,6.144,3.072,6.144,3.072,0.00010915190391903658,0.9866965432103687,0.0,0.0
424,Device,ResourceApplyGradientDescent,SGD/SGD/update_47/ResourceApplyGradientDescent,2,6.144,3.072,6.144,3.072,0.00010915190391903658,0.9868056951142877,0.0,0.0
425,Device,ResourceApplyGradientDescent,SGD/SGD/update_48/ResourceApplyGradientDescent,2,6.144,3.072,6.144,3.072,0.00010915190391903658,0.9869148470182068,0.0,0.0
426,Device,ResourceApplyGradientDescent,SGD/SGD/update_5/ResourceApplyGradientDescent,2,6.144,3.072,6.144,3.072,0.00010915190391903658,0.9870239989221258,0.0,0.0
427,Device,ResourceApplyGradientDescent,SGD/SGD/update_50/ResourceApplyGradientDescent,2,6.144,3.072,6.144,3.072,0.00010915190391903658,0.9871331508260448,0.0,0.0
428,Device,ResourceApplyGradientDescent,SGD/SGD/update_52/ResourceApplyGradientDescent,2,6.144,3.072,6.144,3.072,0.00010915190391903658,0.9872423027299638,0.0,0.0
429,Device,ResourceApplyGradientDescent,SGD/SGD/update_56/ResourceApplyGradientDescent,2,6.144,3.072,6.144,3.072,0.00010915190391903658,0.9873514546338829,0.0,0.0
430,Device,ResourceApplyGradientDescent,SGD/SGD/update_57/ResourceApplyGradientDescent,2,6.144,3.072,6.144,3.072,0.00010915190391903658,0.9874606065378019,0.0,0.0
431,Device,ResourceApplyGradientDescent,SGD/SGD/update_58/ResourceApplyGradientDescent,2,6.144,3.072,6.144,3.072,0.00010915190391903658,0.9875697584417209,0.0,0.0
432,Device,ResourceApplyGradientDescent,SGD/SGD/update_59/ResourceApplyGradientDescent,2,6.144,3.072,6.144,3.072,0.00010915190391903658,0.9876789103456399,0.0,0.0
433,Device,ResourceApplyGradientDescent,SGD/SGD/update_6/ResourceApplyGradientDescent,2,6.144,3.072,6.144,3.072,0.00010915190391903658,0.987788062249559,0.0,0.0
434,Device,ResourceApplyGradientDescent,SGD/SGD/update_60/ResourceApplyGradientDescent,2,6.144,3.072,6.144,3.072,0.00010915190391903658,0.987897214153478,0.0,0.0
435,Device,ResourceApplyGradientDescent,SGD/SGD/update_62/ResourceApplyGradientDescent,2,6.144,3.072,6.144,3.072,0.00010915190391903658,0.988006366057397,0.0,0.0
436,Device,ResourceApplyGradientDescent,SGD/SGD/update_67/ResourceApplyGradientDescent,2,6.144,3.072,6.144,3.072,0.00010915190391903658,0.988115517961316,0.0,0.0
437,Device,ResourceApplyGradientDescent,SGD/SGD/update_69/ResourceApplyGradientDescent,2,6.144,3.072,6.144,3.072,0.00010915190391903658,0.988224669865235,0.0,0.0
438,Device,ResourceApplyGradientDescent,SGD/SGD/update_7/ResourceApplyGradientDescent,2,6.144,3.072,6.144,3.072,0.00010915190391903658,0.9883338217691541,0.0,0.0
439,Device,ResourceApplyGradientDescent,SGD/SGD/update_70/ResourceApplyGradientDescent,2,6.144,3.072,6.144,3.072,0.00010915190391903658,0.9884429736730731,0.0,0.0
440,Device,ResourceApplyGradientDescent,SGD/SGD/update_72/ResourceApplyGradientDescent,2,6.144,3.072,6.144,3.072,0.00010915190391903658,0.9885521255769921,0.0,0.0
441,Device,ResourceApplyGradientDescent,SGD/SGD/update_74/ResourceApplyGradientDescent,2,6.144,3.072,6.144,3.072,0.00010915190391903658,0.9886612774809111,0.0,0.0
442,Device,ResourceApplyGradientDescent,SGD/SGD/update_75/ResourceApplyGradientDescent,2,6.144,3.072,6.144,3.072,0.00010915190391903658,0.9887704293848302,0.0,0.0
443,Device,ResourceApplyGradientDescent,SGD/SGD/update_76/ResourceApplyGradientDescent,2,6.144,3.072,6.144,3.072,0.00010915190391903658,0.9888795812887492,0.0,0.0
444,Device,ResourceApplyGradientDescent,SGD/SGD/update_77/ResourceApplyGradientDescent,2,6.144,3.072,6.144,3.072,0.00010915190391903658,0.9889887331926682,0.0,0.0
445,Device,ResourceApplyGradientDescent,SGD/SGD/update_80/ResourceApplyGradientDescent,2,6.144,3.072,6.144,3.072,0.00010915190391903658,0.9890978850965872,0.0,0.0
446,Device,ResourceApplyGradientDescent,SGD/SGD/update_82/ResourceApplyGradientDescent,2,6.144,3.072,6.144,3.072,0.00010915190391903658,0.9892070370005063,0.0,0.0
447,Device,ResourceApplyGradientDescent,SGD/SGD/update_86/ResourceApplyGradientDescent,2,6.144,3.072,6.144,3.072,0.00010915190391903658,0.9893161889044253,0.0,0.0
448,Device,ResourceApplyGradientDescent,SGD/SGD/update_88/ResourceApplyGradientDescent,2,6.144,3.072,6.144,3.072,0.00010915190391903658,0.9894253408083443,0.0,0.0
449,Device,ResourceApplyGradientDescent,SGD/SGD/update_89/ResourceApplyGradientDescent,2,6.144,3.072,6.144,3.072,0.00010915190391903658,0.9895344927122633,0.0,0.0
450,Device,ResourceApplyGradientDescent,SGD/SGD/update_9/ResourceApplyGradientDescent,2,6.144,3.072,6.144,3.072,0.00010915190391903658,0.9896436446161824,0.0,0.0
451,Device,ResourceApplyGradientDescent,SGD/SGD/update_92/ResourceApplyGradientDescent,2,6.144,3.072,6.144,3.072,0.00010915190391903658,0.9897527965201014,0.0,0.0
452,Device,ResourceApplyGradientDescent,SGD/SGD/update_93/ResourceApplyGradientDescent,2,6.144,3.072,6.144,3.072,0.00010915190391903658,0.9898619484240204,0.0,0.0
453,Device,ResourceApplyGradientDescent,SGD/SGD/update_95/ResourceApplyGradientDescent,2,6.144,3.072,6.144,3.072,0.00010915190391903658,0.9899711003279394,0.0,0.0
454,Device,ResourceApplyGradientDescent,SGD/SGD/update_96/ResourceApplyGradientDescent,2,6.144,3.072,6.144,3.072,0.00010915190391903658,0.9900802522318585,0.0,0.0
455,Device,ResourceApplyGradientDescent,SGD/SGD/update_98/ResourceApplyGradientDescent,2,6.144,3.072,6.144,3.072,0.00010915190391903658,0.9901894041357775,0.0,0.0
456,Device,ResourceApplyGradientDescent,SGD/SGD/update_99/ResourceApplyGradientDescent,2,6.144,3.072,6.144,3.072,0.00010915190391903658,0.9902985560396965,0.0,0.0
457,Device,AddN,SGD/gradients/AddN,2,6.144,3.072,6.144,3.072,0.00010915190391903658,0.9904077079436155,0.0,0.0
458,Device,AddN,SGD/gradients/AddN_1,2,6.144,3.072,6.144,3.072,0.00010915190391903658,0.9905168598475346,0.0,0.0
459,Device,AddN,SGD/gradients/AddN_3,2,6.144,3.072,6.144,3.072,0.00010915190391903658,0.9906260117514536,0.0,0.0
460,Device,AddN,SGD/gradients/AddN_5,2,6.144,3.072,6.144,3.072,0.00010915190391903658,0.9907351636553726,0.0,0.0
461,Device,AddN,SGD/gradients/AddN_8,2,6.144,3.072,6.144,3.072,0.00010915190391903658,0.9908443155592916,0.0,0.0
462,Device,Sum,categorical_crossentropy/weighted_loss/Sum,2,6.144,3.072,6.144,3.072,0.00010915190391903658,0.9909534674632107,0.0,0.0
463,Device,DivNoNan,div_no_nan,2,6.144,3.072,6.144,3.072,0.00010915190391903658,0.9910626193671297,0.0,0.0
464,Device,DivNoNan,div_no_nan_1,2,6.144,3.072,6.144,3.072,0.00010915190391903658,0.9911717712710487,0.0,0.0
465,Device,Mul,gradient_tape/categorical_crossentropy/softmax_cross_entropy_with_logits/mul,2,6.144,3.072,6.144,3.072,0.00010915190391903658,0.9912809231749677,0.0,0.0
466,Device,Relu6Grad,gradient_tape/mobilenetv2_1.00_32/block_10_expand_relu/Relu6/Relu6Grad,2,6.144,3.072,6.144,3.072,0.00010915190391903658,0.9913900750788868,0.0,0.0
467,Device,Relu6Grad,gradient_tape/mobilenetv2_1.00_32/block_11_depthwise_relu/Relu6/Relu6Grad,2,6.144,3.072,6.144,3.072,0.00010915190391903658,0.9914992269828058,0.0,0.0
468,Device,Relu6Grad,gradient_tape/mobilenetv2_1.00_32/block_12_expand_relu/Relu6/Relu6Grad,2,6.144,3.072,6.144,3.072,0.00010915190391903658,0.9916083788867248,0.0,0.0
469,Device,Relu6Grad,gradient_tape/mobilenetv2_1.00_32/block_14_expand_relu/Relu6/Relu6Grad,2,6.144,3.072,6.144,3.072,0.00010915190391903658,0.9917175307906438,0.0,0.0
470,Device,Relu6Grad,gradient_tape/mobilenetv2_1.00_32/block_15_depthwise_relu/Relu6/Relu6Grad,2,6.144,3.072,6.144,3.072,0.00010915190391903658,0.9918266826945629,0.0,0.0
471,Device,Relu6Grad,gradient_tape/mobilenetv2_1.00_32/block_15_expand_relu/Relu6/Relu6Grad,2,6.144,3.072,6.144,3.072,0.00010915190391903658,0.9919358345984819,0.0,0.0
472,Device,Relu6Grad,gradient_tape/mobilenetv2_1.00_32/block_3_depthwise_relu/Relu6/Relu6Grad,2,6.144,3.072,6.144,3.072,0.00010915190391903658,0.9920449865024009,0.0,0.0
473,Device,Relu6Grad,gradient_tape/mobilenetv2_1.00_32/block_6_depthwise_relu/Relu6/Relu6Grad,2,6.144,3.072,6.144,3.072,0.00010915190391903658,0.9921541384063199,0.0,0.0
474,Device,Relu6Grad,gradient_tape/mobilenetv2_1.00_32/block_7_depthwise_relu/Relu6/Relu6Grad,2,6.144,3.072,6.144,3.072,0.00010915190391903658,0.992263290310239,0.0,0.0
475,Device,Relu6Grad,gradient_tape/mobilenetv2_1.00_32/block_7_expand_relu/Relu6/Relu6Grad,2,6.144,3.072,6.144,3.072,0.00010915190391903658,0.992372442214158,0.0,0.0
476,Device,Relu6Grad,gradient_tape/mobilenetv2_1.00_32/block_8_depthwise_relu/Relu6/Relu6Grad,2,6.144,3.072,6.144,3.072,0.00010915190391903658,0.992481594118077,0.0,0.0
477,Device,Relu6Grad,gradient_tape/mobilenetv2_1.00_32/block_9_depthwise_relu/Relu6/Relu6Grad,2,6.144,3.072,6.144,3.072,0.00010915190391903658,0.992590746021996,0.0,0.0
478,Device,Relu6Grad,gradient_tape/mobilenetv2_1.00_32/block_9_expand_relu/Relu6/Relu6Grad,2,6.144,3.072,6.144,3.072,0.00010915190391903658,0.9926998979259151,0.0,0.0
479,Device,Cast,gradient_tape/mobilenetv2_1.00_32/global_average_pooling2d/Cast,2,6.144,3.072,6.144,3.072,0.00010915190391903658,0.9928090498298341,0.0,0.0
480,Device,RealDiv,gradient_tape/mobilenetv2_1.00_32/global_average_pooling2d/truediv,2,6.144,3.072,6.144,3.072,0.00010915190391903658,0.9929182017337531,0.0,0.0
481,Device,Relu6Grad,gradient_tape/mobilenetv2_1.00_32/out_relu/Relu6/Relu6Grad,2,6.144,3.072,6.144,3.072,0.00010915190391903658,0.9930273536376721,0.0,0.0
482,Device,AddV2,mobilenetv2_1.00_32/block_11_add/add,2,6.144,3.072,6.144,3.072,0.00010915190391903658,0.9931365055415912,0.0,0.0
483,Device,AddV2,mobilenetv2_1.00_32/block_12_add/add,2,6.144,3.072,6.144,3.072,0.00010915190391903658,0.9932456574455102,0.0,0.0
484,Device,Relu6,mobilenetv2_1.00_32/block_12_depthwise_relu/Relu6,2,6.144,3.072,6.144,3.072,0.00010915190391903658,0.9933548093494292,0.0,0.0
485,Device,AddV2,mobilenetv2_1.00_32/block_14_add/add,2,6.144,3.072,6.144,3.072,0.00010915190391903658,0.9934639612533482,0.0,0.0
486,Device,Relu6,mobilenetv2_1.00_32/block_14_expand_relu/Relu6,2,6.144,3.072,6.144,3.072,0.00010915190391903658,0.9935731131572673,0.0,0.0
487,Device,AddV2,mobilenetv2_1.00_32/block_15_add/add,2,6.144,3.072,6.144,3.072,0.00010915190391903658,0.9936822650611863,0.0,0.0
488,Device,Relu6,mobilenetv2_1.00_32/block_15_expand_relu/Relu6,2,6.144,3.072,6.144,3.072,0.00010915190391903658,0.9937914169651053,0.0,0.0
489,Device,Relu6,mobilenetv2_1.00_32/block_16_depthwise_relu/Relu6,2,6.144,3.072,6.144,3.072,0.00010915190391903658,0.9939005688690243,0.0,0.0
490,Device,Relu6,mobilenetv2_1.00_32/block_16_expand_relu/Relu6,2,6.144,3.072,6.144,3.072,0.00010915190391903658,0.9940097207729434,0.0,0.0
491,Device,Relu6,mobilenetv2_1.00_32/block_3_depthwise_relu/Relu6,2,6.144,3.072,6.144,3.072,0.00010915190391903658,0.9941188726768624,0.0,0.0
492,Device,AddV2,mobilenetv2_1.00_32/block_4_add/add,2,6.144,3.072,6.144,3.072,0.00010915190391903658,0.9942280245807814,0.0,0.0
493,Device,Relu6,mobilenetv2_1.00_32/block_4_depthwise_relu/Relu6,2,6.144,3.072,6.144,3.072,0.00010915190391903658,0.9943371764847004,0.0,0.0
494,Device,Relu6,mobilenetv2_1.00_32/block_4_expand_relu/Relu6,2,6.144,3.072,6.144,3.072,0.00010915190391903658,0.9944463283886195,0.0,0.0
495,Device,AddV2,mobilenetv2_1.00_32/block_5_add/add,2,6.144,3.072,6.144,3.072,0.00010915190391903658,0.9945554802925385,0.0,0.0
496,Device,Relu6,mobilenetv2_1.00_32/block_5_expand_relu/Relu6,2,6.144,3.072,6.144,3.072,0.00010915190391903658,0.9946646321964575,0.0,0.0
497,Device,Relu6,mobilenetv2_1.00_32/block_8_depthwise_relu/Relu6,2,6.144,3.072,6.144,3.072,0.00010915190391903658,0.9947737841003765,0.0,0.0
498,Device,Relu6,mobilenetv2_1.00_32/block_8_expand_relu/Relu6,2,6.144,3.072,6.144,3.072,0.00010915190391903658,0.9948829360042956,0.0,0.0
499,Device,BiasAdd,mobilenetv2_1.00_32/predictions/BiasAdd,2,6.144,3.072,6.144,3.072,0.00010915190391903658,0.9949920879082146,0.0,0.0
500,Device,AssignAddVariableOp,AssignAddVariableOp,2,5.12,2.56,5.12,2.56,9.095991993253048e-05,0.9950830478281472,0.0,0.0
501,Host,IDLE,IDLE,0,116881.252,0.0,116881.252,0.0,0.0,0.0,0.9963056193396191,0.9963056193396191
502,Host,GatherV2,GatherV2,2,110.802,55.401,110.802,55.401,0.0,0.0,0.0009444855641524827,0.9972501049037716
503,Host,Dataset,Iterator::Root::ParallelMapV2::Zip[1]::ForeverRepeat,2,53.941,26.9705,49.38,24.69,0.0,0.0,0.00042091927183489104,0.9976710241756065
504,Host,IteratorGetNext,IteratorGetNext,2,38.41,19.205,38.41,19.205,0.0,0.0,0.0003274100694851795,0.9979984342450917
505,Host,FlushSummaryWriter,FlushSummaryWriter,1,36.3,36.3,36.3,36.3,0.0,0.0,0.00030942425207789673,0.9983078584971696
506,Host,Dataset,Iterator::Root::ParallelMapV2,2,34.31,17.155,34.31,17.155,0.0,0.0,0.0002924613247601278,0.9986003198219298
507,Host,LogicalAnd,LogicalAnd,1,30.05,30.05,30.05,30.05,0.0,0.0,0.00025614872658239114,0.9988564685485122
508,Host,Dataset,Iterator::Root,2,58.44,29.22,24.13,12.065,0.0,0.0,0.0002056861488330482,0.9990621546973453
509,Host,Dataset,Iterator::Root::ParallelMapV2::Zip[0]::FlatMap[1]::Concatenate,2,43.03,21.515,21.89,10.945,0.0,0.0,0.00018659220049545899,0.9992487468978407
510,Host,Dataset,Iterator::Root::ParallelMapV2::Zip[0]::FlatMap[1]::Concatenate[0]::TensorSlice,2,21.14,10.57,21.14,10.57,0.0,0.0,0.0001801991374359983,0.9994289460352767
511,Host,WriteSummary,WriteSummary,1,21.111,21.111,21.111,21.111,0.0,0.0,0.00017995193899769915,0.9996088979742743
512,Host,GatherV2,GatherV2_1,2,17.751,8.8755,17.751,8.8755,0.0,0.0,0.00015131101649131531,0.9997602089907657
513,Host,Dataset,Iterator::Root::ParallelMapV2::Zip,2,110.581,55.2905,9.85,4.925,0.0,0.0,8.396222818091689e-05,0.9998441712189466
514,Host,ReadVariableOp,ReadVariableOp,1,6.3,6.3,6.3,6.3,0.0,0.0,5.3701729699469685e-05,0.9998978729486461
515,Host,Dataset,Iterator::Root::ParallelMapV2::Zip[1]::ForeverRepeat::FromTensor,4,4.561,1.14025,4.561,1.14025,0.0,0.0,3.88783474856002e-05,0.9999367512961317
516,Host,Dataset,Iterator::Root::ParallelMapV2::Zip[0]::FlatMap,2,46.79,23.395,3.76,1.88,0.0,0.0,3.2050556138096193e-05,0.9999688018522698
517,Host,Identity,Identity,2,3.66,1.83,3.66,1.83,0.0,0.0,3.119814773016811e-05,0.9999999999999999
