Rank,Host/device,Type,Operation,#Occurrences,Total time (us),Avg. time (us),Total self-time (us),Avg. self-time (us),Total self-time on Device (%),Cumulative total-self time on Device (%),Total self-time on Host (%),Cumulative total-self time on Host (%)
1,Device,IDLE,IDLE,0,6650.0,0.0,6650.0,0.0,0.11774770212260684,0.11774770212260684,0.0,0.0
2,Device,Conv2DBackpropFilter,gradient_tape/sequential/conv2d_1/Conv2D/Conv2DBackpropFilter,2,2680.836,1340.418,2680.836,1340.418,0.047468011844745986,0.16521571396735282,0.0,0.0
3,Device,MaxPoolGrad,gradient_tape/sequential/max_pooling2d/MaxPool/MaxPoolGrad,2,2300.932,1150.466,2300.932,1150.466,0.04074127153990586,0.2059569855072587,0.0,0.0
4,Device,Conv2DBackpropFilter,gradient_tape/sequential/conv2d_5/Conv2D/Conv2DBackpropFilter,2,2156.549,1078.2745,2156.549,1078.2745,0.03818476530297829,0.24414175081023698,0.0,0.0
5,Device,_FusedConv2D,sequential/conv2d_3/Relu,2,2094.084,1047.042,2094.084,1047.042,0.03707873369198752,0.2812204845022245,0.0,0.0
6,Device,Conv2DBackpropInput,gradient_tape/sequential/conv2d_3/Conv2D/Conv2DBackpropInput,2,2074.628,1037.314,2074.628,1037.314,0.03673423755777738,0.31795472206000186,0.0,0.0
7,Device,Conv2DBackpropFilter,gradient_tape/sequential/conv2d_3/Conv2D/Conv2DBackpropFilter,2,2048.004,1024.002,2048.004,1024.002,0.036262821795174024,0.3542175438551759,0.0,0.0
8,Device,_FusedConv2D,sequential/conv2d_5/Relu,2,1837.06,918.53,1837.06,918.53,0.03252775844531671,0.3867453023004926,0.0,0.0
9,Device,Conv2DBackpropInput,gradient_tape/sequential/conv2d_5/Conv2D/Conv2DBackpropInput,2,1795.074,897.537,1795.074,897.537,0.03178433663759945,0.41852963893809203,0.0,0.0
10,Device,ReluGrad,gradient_tape/sequential/conv2d/ReluGrad,2,1765.38,882.69,1765.38,882.69,0.03125856216138461,0.44978820109947665,0.0,0.0
11,Device,ResourceApplyGradientDescent,SGD/SGD/update_16/ResourceApplyGradientDescent,2,1688.58,844.29,1688.58,844.29,0.02989870900002879,0.4796869100995054,0.0,0.0
12,Device,Conv2DBackpropFilter,gradient_tape/sequential/conv2d/Conv2D/Conv2DBackpropFilter,2,1571.842,785.921,1571.842,785.921,0.0278316967819252,0.5075186068814306,0.0,0.0
13,Device,_FusedConv2D,sequential/conv2d_1/Relu,2,1470.466,735.233,1470.466,735.233,0.026036690608935514,0.5335552974903661,0.0,0.0
14,Device,Conv2DBackpropInput,gradient_tape/sequential/conv2d_1/Conv2D/Conv2DBackpropInput,2,1417.219,708.6095,1417.219,708.6095,0.025093876790150186,0.5586491742805163,0.0,0.0
15,Device,Conv2DBackpropFilter,gradient_tape/sequential/conv2d_2/Conv2D/Conv2DBackpropFilter,2,1320.962,660.481,1320.962,660.481,0.023389509788162854,0.5820386840686792,0.0,0.0
16,Device,_FusedConv2D,sequential/conv2d_2/Relu,2,1244.163,622.0815,1244.163,622.0815,0.022029674333228406,0.6040683584019076,0.0,0.0
17,Device,Conv2DBackpropInput,gradient_tape/sequential/conv2d_2/Conv2D/Conv2DBackpropInput,2,1184.771,592.3855,1184.771,592.3855,0.020978054555113236,0.6250464129570209,0.0,0.0
18,Device,Conv2DBackpropFilter,gradient_tape/sequential/conv2d_6/Conv2D/Conv2DBackpropFilter,2,1161.218,580.609,1161.218,580.609,0.02056101521254275,0.6456074281695636,0.0,0.0
19,Device,Conv2DBackpropFilter,gradient_tape/sequential/conv2d_7/Conv2D/Conv2DBackpropFilter,2,1158.146,579.073,1158.146,579.073,0.020506621086088514,0.6661140492556521,0.0,0.0
20,Device,_Send,IteratorGetNext/_1,2,1103.202,551.601,1103.202,551.601,0.019533759470235203,0.6856478087258873,0.0,0.0
21,Device,_FusedConv2D,sequential/conv2d_4/Relu,2,1082.37,541.185,1082.37,541.185,0.019164899300217437,0.7048127080261047,0.0,0.0
22,Device,Conv2DBackpropFilter,gradient_tape/sequential/conv2d_4/Conv2D/Conv2DBackpropFilter,2,1063.938,531.969,1063.938,531.969,0.018838534541492043,0.7236512425675968,0.0,0.0
23,Device,Conv2DBackpropInput,gradient_tape/sequential/conv2d_4/Conv2D/Conv2DBackpropInput,2,1030.146,515.073,1030.146,515.073,0.01824019915049548,0.7418914417180923,0.0,0.0
24,Device,ReluGrad,gradient_tape/sequential/conv2d_1/ReluGrad,2,870.401,435.2005,870.401,435.2005,0.015411686868454,0.7573031285865462,0.0,0.0
25,Device,ResourceApplyGradientDescent,SGD/SGD/update_18/ResourceApplyGradientDescent,2,838.658,419.329,838.658,419.329,0.014849631934848301,0.7721527605213946,0.0,0.0
26,Device,_FusedConv2D,sequential/conv2d_6/Relu,2,731.137,365.5685,731.137,365.5685,0.01294581980252878,0.7850985803239233,0.0,0.0
27,Device,_FusedConv2D,sequential/conv2d_7/Relu,2,730.114,365.057,730.114,365.057,0.01292770613346541,0.7980262864573887,0.0,0.0
28,Device,_FusedConv2D,sequential/conv2d/Relu,2,703.489,351.7445,703.489,351.7445,0.012456272664440686,0.8104825591218294,0.0,0.0
29,Device,Conv2DBackpropInput,gradient_tape/sequential/conv2d_6/Conv2D/Conv2DBackpropInput,2,701.442,350.721,701.442,350.721,0.01242002761989257,0.822902586741722,0.0,0.0
30,Device,Conv2DBackpropInput,gradient_tape/sequential/conv2d_7/Conv2D/Conv2DBackpropInput,2,700.417,350.2085,700.417,350.2085,0.012401878537986454,0.8353044652797085,0.0,0.0
31,Device,MaxPool,sequential/max_pooling2d/MaxPool,2,684.034,342.017,684.034,342.017,0.012111794236651917,0.8474162595163603,0.0,0.0
32,Device,MaxPoolGrad,gradient_tape/sequential/max_pooling2d_1/MaxPool/MaxPoolGrad,2,650.242,325.121,650.242,325.121,0.011513458845655355,0.8589297183620157,0.0,0.0
33,Device,MatMul,gradient_tape/sequential/dense/MatMul/MatMul,2,645.12,322.56,645.12,322.56,0.01142276655538889,0.8703524849174046,0.0,0.0
34,Device,MatMul,gradient_tape/sequential/dense/MatMul/MatMul_1,2,628.736,314.368,628.736,314.368,0.011132664547632983,0.8814851494650375,0.0,0.0
35,Device,MatMul,sequential/dense/MatMul,2,585.729,292.8645,585.729,292.8645,0.010371164483695095,0.8918563139487327,0.0,0.0
36,Device,BiasAddGrad,gradient_tape/sequential/conv2d/BiasAdd/BiasAddGrad,2,532.482,266.241,532.482,266.241,0.009428350664909765,0.9012846646136424,0.0,0.0
37,Device,ReluGrad,gradient_tape/sequential/conv2d_3/ReluGrad,2,440.322,220.161,440.322,220.161,0.00779652687128278,0.9090811914849252,0.0,0.0
38,Device,ReluGrad,gradient_tape/sequential/conv2d_2/ReluGrad,2,419.84,209.92,419.84,209.92,0.007433863948745151,0.9165150554336703,0.0,0.0
39,Device,MaxPool,sequential/max_pooling2d_1/MaxPool,2,336.897,168.4485,336.897,168.4485,0.005965240240902237,0.9224802956745726,0.0,0.0
40,Device,MatMul,gradient_tape/sequential/dense_1/MatMul/MatMul,2,328.704,164.352,328.704,164.352,0.005820171530602911,0.9283004672051755,0.0,0.0
41,Device,MaxPoolGrad,gradient_tape/sequential/max_pooling2d_2/MaxPool/MaxPoolGrad,2,321.536,160.768,321.536,160.768,0.005693251902209701,0.9339937191073852,0.0,0.0
42,Device,MatMul,gradient_tape/sequential/dense_1/MatMul/MatMul_1,2,317.442,158.721,317.442,158.721,0.005620761813113467,0.9396144809204986,0.0,0.0
43,Device,MatMul,sequential/dense_1/MatMul,2,304.129,152.0645,304.129,152.0645,0.005385036225390421,0.944999517145889,0.0,0.0
44,Device,BiasAddGrad,gradient_tape/sequential/conv2d_1/BiasAdd/BiasAddGrad,2,276.481,138.2405,276.481,138.2405,0.0048954890873023245,0.9498950062331913,0.0,0.0
45,Device,ReluGrad,gradient_tape/sequential/conv2d_4/ReluGrad,2,220.162,110.081,220.162,110.081,0.003898281142062762,0.9537932873752542,0.0,0.0
46,Device,ReluGrad,gradient_tape/sequential/conv2d_5/ReluGrad,2,214.016,107.008,214.016,107.008,0.0037894574763115522,0.9575827448515657,0.0,0.0
47,Device,BiasAddGrad,gradient_tape/sequential/conv2d_2/BiasAdd/BiasAddGrad,2,180.224,90.112,180.224,90.112,0.0031911220853149914,0.9607738669368807,0.0,0.0
48,Device,BiasAddGrad,gradient_tape/sequential/conv2d_3/BiasAdd/BiasAddGrad,2,180.224,90.112,180.224,90.112,0.0031911220853149914,0.9639649890221957,0.0,0.0
49,Device,MaxPool,sequential/max_pooling2d_2/MaxPool,2,178.176,89.088,178.176,89.088,0.003154859334345503,0.9671198483565412,0.0,0.0
50,Device,MaxPoolGrad,gradient_tape/sequential/max_pooling2d_3/MaxPool/MaxPoolGrad,2,161.792,80.896,161.792,80.896,0.0028647573265895947,0.9699846056831308,0.0,0.0
51,Device,ResourceApplyGradientDescent,SGD/SGD/update_10/ResourceApplyGradientDescent,2,126.976,63.488,126.976,63.488,0.0022482905601082896,0.9722328962432392,0.0,0.0
52,Device,ResourceApplyGradientDescent,SGD/SGD/update_12/ResourceApplyGradientDescent,2,122.88,61.44,122.88,61.44,0.0021757650581693123,0.9744086613014085,0.0,0.0
53,Device,ResourceApplyGradientDescent,SGD/SGD/update_14/ResourceApplyGradientDescent,2,122.88,61.44,122.88,61.44,0.0021757650581693123,0.9765844263595778,0.0,0.0
54,Device,SoftmaxCrossEntropyWithLogits,categorical_crossentropy/softmax_cross_entropy_with_logits,2,122.88,61.44,122.88,61.44,0.0021757650581693123,0.9787601914177471,0.0,0.0
55,Device,MaxPool,sequential/max_pooling2d_3/MaxPool,2,96.256,48.128,96.256,48.128,0.0017043492955659614,0.980464540713313,0.0,0.0
56,Device,BiasAddGrad,gradient_tape/sequential/conv2d_4/BiasAdd/BiasAddGrad,2,94.208,47.104,94.208,47.104,0.0016680865445964728,0.9821326272579095,0.0,0.0
57,Device,MaxPoolGrad,gradient_tape/sequential/max_pooling2d_4/MaxPool/MaxPoolGrad,2,94.208,47.104,94.208,47.104,0.0016680865445964728,0.983800713802506,0.0,0.0
58,Device,BiasAddGrad,gradient_tape/sequential/conv2d_5/BiasAdd/BiasAddGrad,2,83.969,41.9845,83.969,41.9845,0.0014867904961704018,0.9852875042986764,0.0,0.0
59,Device,ResourceApplyGradientDescent,SGD/SGD/update_8/ResourceApplyGradientDescent,2,66.56,33.28,66.56,33.28,0.0011785394065083777,0.9864660437051848,0.0,0.0
60,Device,Transpose,gradient_tape/sequential/conv2d/Conv2D/Conv2DBackpropFilter-0-TransposeNHWCToNCHW-LayoutOptimizer,2,64.512,32.256,64.512,32.256,0.001142276655538889,0.9876083203607237,0.0,0.0
61,Device,ReluGrad,gradient_tape/sequential/conv2d_6/ReluGrad,2,57.344,28.672,57.344,28.672,0.001015357027145679,0.9886236773878694,0.0,0.0
62,Device,ReluGrad,gradient_tape/sequential/conv2d_7/ReluGrad,2,38.912,19.456,38.912,19.456,0.0006889922684202822,0.9893126696562896,0.0,0.0
63,Device,ResourceApplyGradientDescent,SGD/SGD/update_6/ResourceApplyGradientDescent,2,34.816,17.408,34.816,17.408,0.0006164667664813053,0.9899291364227709,0.0,0.0
64,Device,BiasAddGrad,gradient_tape/sequential/conv2d_6/BiasAdd/BiasAddGrad,2,29.696,14.848,29.696,14.848,0.0005258098890575839,0.9904549463118285,0.0,0.0
65,Device,BiasAddGrad,gradient_tape/sequential/conv2d_7/BiasAdd/BiasAddGrad,2,29.696,14.848,29.696,14.848,0.0005258098890575839,0.9909807562008861,0.0,0.0
66,Device,MatMul,sequential/dense_2/MatMul,2,27.648,13.824,27.648,13.824,0.0004895471380880953,0.9914703033389742,0.0,0.0
67,Device,Softmax,sequential/dense_2/Softmax,2,22.528,11.264,22.528,11.264,0.0003988902606643739,0.9918691935996387,0.0,0.0
68,Device,ResourceApplyGradientDescent,SGD/SGD/update_4/ResourceApplyGradientDescent,2,21.504,10.752,21.504,10.752,0.0003807588851796297,0.9922499524848183,0.0,0.0
69,Device,ArgMax,ArgMax,2,20.48,10.24,20.48,10.24,0.00036262750969488544,0.9926125799945131,0.0,0.0
70,Device,ArgMax,ArgMax_1,2,20.48,10.24,20.48,10.24,0.00036262750969488544,0.992975207504208,0.0,0.0
71,Device,MatMul,gradient_tape/sequential/dense_2/MatMul/MatMul,2,16.384,8.192,16.384,8.192,0.00029010200775590836,0.9932653095119639,0.0,0.0
72,Device,MatMul,gradient_tape/sequential/dense_2/MatMul/MatMul_1,2,16.384,8.192,16.384,8.192,0.00029010200775590836,0.9935554115197198,0.0,0.0
73,Device,Transpose,gradient_tape/sequential/max_pooling2d_4/MaxPool/MaxPoolGrad-2-TransposeNHWCToNCHW-LayoutOptimizer,2,16.384,8.192,16.384,8.192,0.00029010200775590836,0.9938455135274757,0.0,0.0
74,Device,MaxPool,sequential/max_pooling2d_4/MaxPool,2,15.36,7.68,15.36,7.68,0.00027197063227116404,0.9941174841597469,0.0,0.0
75,Device,BiasAddGrad,gradient_tape/sequential/dense/BiasAdd/BiasAddGrad,2,13.313,6.6565,13.313,6.6565,0.00023572558772304736,0.9943532097474699,0.0,0.0
76,Device,ResourceApplyGradientDescent,SGD/SGD/update_20/ResourceApplyGradientDescent,2,12.288,6.144,12.288,6.144,0.00021757650581693126,0.9945707862532868,0.0,0.0
77,Device,ReluGrad,gradient_tape/sequential/dense/ReluGrad,2,12.288,6.144,12.288,6.144,0.00021757650581693126,0.9947883627591037,0.0,0.0
78,Device,BiasAddGrad,gradient_tape/sequential/dense_1/BiasAdd/BiasAddGrad,2,12.288,6.144,12.288,6.144,0.00021757650581693126,0.9950059392649205,0.0,0.0
79,Device,Transpose,sequential/max_pooling2d_4/MaxPool-0-2-TransposeNCHWToNHWC-LayoutOptimizer,2,12.288,6.144,12.288,6.144,0.00021757650581693126,0.9952235157707374,0.0,0.0
80,Device,ResourceApplyGradientDescent,SGD/SGD/update_2/ResourceApplyGradientDescent,2,10.24,5.12,10.24,5.12,0.00018131375484744272,0.9954048295255848,0.0,0.0
81,Device,ResourceApplyGradientDescent,SGD/SGD/update_19/ResourceApplyGradientDescent,2,8.192,4.096,8.192,4.096,0.00014505100387795418,0.9955498805294628,0.0,0.0
82,Device,ReluGrad,gradient_tape/sequential/dense_1/ReluGrad,2,8.192,4.096,8.192,4.096,0.00014505100387795418,0.9956949315333408,0.0,0.0
83,Device,BiasAdd,sequential/dense_1/BiasAdd,2,8.192,4.096,8.192,4.096,0.00014505100387795418,0.9958399825372187,0.0,0.0
84,Device,ResourceApplyGradientDescent,SGD/SGD/update_11/ResourceApplyGradientDescent,2,7.168,3.584,7.168,3.584,0.00012691962839320989,0.9959669021656119,0.0,0.0
85,Device,ResourceApplyGradientDescent,SGD/SGD/update_13/ResourceApplyGradientDescent,2,7.168,3.584,7.168,3.584,0.00012691962839320989,0.9960938217940051,0.0,0.0
86,Device,ResourceApplyGradientDescent,SGD/SGD/update_17/ResourceApplyGradientDescent,2,7.168,3.584,7.168,3.584,0.00012691962839320989,0.9962207414223982,0.0,0.0
87,Device,ResourceApplyGradientDescent,SGD/SGD/update_5/ResourceApplyGradientDescent,2,7.168,3.584,7.168,3.584,0.00012691962839320989,0.9963476610507914,0.0,0.0
88,Device,ResourceApplyGradientDescent,SGD/SGD/update_7/ResourceApplyGradientDescent,2,7.168,3.584,7.168,3.584,0.00012691962839320989,0.9964745806791846,0.0,0.0
89,Device,AssignAddVariableOp,AssignAddVariableOp,2,6.144,3.072,6.144,3.072,0.00010878825290846563,0.9965833689320931,0.0,0.0
90,Device,AssignAddVariableOp,AssignAddVariableOp_1,2,6.144,3.072,6.144,3.072,0.00010878825290846563,0.9966921571850016,0.0,0.0
91,Device,Cast,Cast,2,6.144,3.072,6.144,3.072,0.00010878825290846563,0.9968009454379101,0.0,0.0
92,Device,Cast,Cast_1,2,6.144,3.072,6.144,3.072,0.00010878825290846563,0.9969097336908186,0.0,0.0
93,Device,Equal,Equal,2,6.144,3.072,6.144,3.072,0.00010878825290846563,0.9970185219437271,0.0,0.0
94,Device,AssignAddVariableOp,SGD/SGD/AssignAddVariableOp,2,6.144,3.072,6.144,3.072,0.00010878825290846563,0.9971273101966356,0.0,0.0
95,Device,ResourceApplyGradientDescent,SGD/SGD/update/ResourceApplyGradientDescent,2,6.144,3.072,6.144,3.072,0.00010878825290846563,0.9972360984495441,0.0,0.0
96,Device,ResourceApplyGradientDescent,SGD/SGD/update_1/ResourceApplyGradientDescent,2,6.144,3.072,6.144,3.072,0.00010878825290846563,0.9973448867024526,0.0,0.0
97,Device,ResourceApplyGradientDescent,SGD/SGD/update_15/ResourceApplyGradientDescent,2,6.144,3.072,6.144,3.072,0.00010878825290846563,0.9974536749553611,0.0,0.0
98,Device,ResourceApplyGradientDescent,SGD/SGD/update_21/ResourceApplyGradientDescent,2,6.144,3.072,6.144,3.072,0.00010878825290846563,0.9975624632082696,0.0,0.0
99,Device,ResourceApplyGradientDescent,SGD/SGD/update_3/ResourceApplyGradientDescent,2,6.144,3.072,6.144,3.072,0.00010878825290846563,0.9976712514611781,0.0,0.0
100,Device,ResourceApplyGradientDescent,SGD/SGD/update_9/ResourceApplyGradientDescent,2,6.144,3.072,6.144,3.072,0.00010878825290846563,0.9977800397140866,0.0,0.0
101,Device,Sum,categorical_crossentropy/weighted_loss/Sum,2,6.144,3.072,6.144,3.072,0.00010878825290846563,0.9978888279669951,0.0,0.0
102,Device,DivNoNan,div_no_nan,2,6.144,3.072,6.144,3.072,0.00010878825290846563,0.9979976162199036,0.0,0.0
103,Device,DivNoNan,gradient_tape/categorical_crossentropy/weighted_loss/value/div_no_nan,2,6.144,3.072,6.144,3.072,0.00010878825290846563,0.9981064044728121,0.0,0.0
104,Device,BiasAddGrad,gradient_tape/sequential/dense_2/BiasAdd/BiasAddGrad,2,6.144,3.072,6.144,3.072,0.00010878825290846563,0.9982151927257206,0.0,0.0
105,Device,BiasAdd,sequential/dense/BiasAdd,2,6.144,3.072,6.144,3.072,0.00010878825290846563,0.9983239809786291,0.0,0.0
106,Device,Relu,sequential/dense/Relu,2,6.144,3.072,6.144,3.072,0.00010878825290846563,0.9984327692315376,0.0,0.0
107,Device,Relu,sequential/dense_1/Relu,2,6.144,3.072,6.144,3.072,0.00010878825290846563,0.9985415574844461,0.0,0.0
108,Device,BiasAdd,sequential/dense_2/BiasAdd,2,6.144,3.072,6.144,3.072,0.00010878825290846563,0.9986503457373546,0.0,0.0
109,Device,AssignAddVariableOp,AssignAddVariableOp_2,2,5.12,2.56,5.12,2.56,9.065687742372136e-05,0.9987410026147783,0.0,0.0
110,Device,AssignAddVariableOp,AssignAddVariableOp_3,2,5.12,2.56,5.12,2.56,9.065687742372136e-05,0.998831659492202,0.0,0.0
111,Device,AssignAddVariableOp,AssignAddVariableOp_4,2,5.12,2.56,5.12,2.56,9.065687742372136e-05,0.9989223163696257,0.0,0.0
112,Device,Cast,Cast_2,2,5.12,2.56,5.12,2.56,9.065687742372136e-05,0.9990129732470494,0.0,0.0
113,Device,Mul,Mul,2,5.12,2.56,5.12,2.56,9.065687742372136e-05,0.9991036301244731,0.0,0.0
114,Device,Sum,Sum_2,2,5.12,2.56,5.12,2.56,9.065687742372136e-05,0.9991942870018968,0.0,0.0
115,Device,Cast,categorical_crossentropy/weighted_loss/num_elements/Cast,2,5.12,2.56,5.12,2.56,9.065687742372136e-05,0.9992849438793205,0.0,0.0
116,Device,DivNoNan,categorical_crossentropy/weighted_loss/value,2,5.12,2.56,5.12,2.56,9.065687742372136e-05,0.9993756007567443,0.0,0.0
117,Device,DivNoNan,div_no_nan_1,2,5.12,2.56,5.12,2.56,9.065687742372136e-05,0.999466257634168,0.0,0.0
118,Device,Mul,gradient_tape/categorical_crossentropy/softmax_cross_entropy_with_logits/mul,2,5.12,2.56,5.12,2.56,9.065687742372136e-05,0.9995569145115917,0.0,0.0
119,Device,Tile,gradient_tape/categorical_crossentropy/weighted_loss/Tile_1,2,5.12,2.56,5.12,2.56,9.065687742372136e-05,0.9996475713890154,0.0,0.0
120,Device,_Recv,categorical_crossentropy/weighted_loss/num_elements/_14,2,4.896,2.448,4.896,2.448,8.669063903643355e-05,0.9997342620280518,0.0,0.0
121,Device,_Recv,Size/_16,2,4.32,2.16,4.32,2.16,7.64917403262649e-05,0.9998107537683781,0.0,0.0
122,Device,_Send,IteratorGetNext/_3,2,4.096,2.048,4.096,2.048,7.252550193897709e-05,0.9998832792703171,0.0,0.0
123,Device,_Recv,strided_slice/_12,2,3.52,1.76,3.52,1.76,6.232660322880843e-05,0.9999456058735459,0.0,0.0
124,Device,LogicalAnd,LogicalAnd,1,3.072,3.072,3.072,3.072,5.4394126454232815e-05,1.0,0.0,0.0
125,Host,IDLE,IDLE,0,214152.13,0.0,214152.13,0.0,0.0,0.0,0.9562096930255835,0.9562096930255835
126,Host,_Send,IteratorGetNext/_1,2,3121.696,1560.848,3121.696,1560.848,0.0,0.0,0.013938670485692538,0.970148363511276
127,Host,_Send,IteratorGetNext/_3,2,2995.024,1497.512,2995.024,1497.512,0.0,0.0,0.013373067919727229,0.9835214314310032
128,Host,GatherV2,GatherV2,2,1291.905,645.9525,1291.905,645.9525,0.0,0.0,0.005768479087591687,0.9892899105185949
129,Host,Dataset,Iterator::Root,2,1132.713,566.3565,1088.303,544.1515,0.0,0.0,0.0048593767316198145,0.9941492872502148
130,Host,_Send,IteratorGetNext/_6,2,988.09,494.045,988.09,494.045,0.0,0.0,0.004411916125147337,0.9985612033753621
131,Host,Dataset,Iterator::Root::ParallelMapV2::Zip[1]::ForeverRepeat,2,55.25,27.625,50.93,25.465,0.0,0.0,0.00022740730930760747,0.9987886106846697
132,Host,Dataset,Iterator::Root::ParallelMapV2,2,44.41,22.205,44.41,22.205,0.0,0.0,0.00019829488722463866,0.9989869055718944
133,Host,FlushSummaryWriter,FlushSummaryWriter,1,35.31,35.31,35.31,35.31,0.0,0.0,0.00015766251898000433,0.9991445680908744
134,Host,IteratorGetNext,IteratorGetNext,2,32.72,16.36,32.72,16.36,0.0,0.0,0.00014609792186422377,0.9992906660127386
135,Host,LogicalAnd,LogicalAnd,1,31.491,31.491,31.491,31.491,0.0,0.0,0.00014061031960349238,0.9994312763323421
136,Host,Dataset,Iterator::Root::ParallelMapV2::Zip[0]::FlatMap[1]::Concatenate,2,48.711,24.3555,26.501,13.2505,0.0,0.0,0.00011832949350011596,0.9995496058258422
137,Host,Dataset,Iterator::Root::ParallelMapV2::Zip[0]::FlatMap[1]::Concatenate[0]::TensorSlice,2,22.21,11.105,22.21,11.105,0.0,0.0,9.916976908937683e-05,0.9996487755949316
138,Host,WriteSummary,WriteSummary,1,21.66,21.66,21.66,21.66,0.0,0.0,9.671396661305278e-05,0.9997454895615446
139,Host,GatherV2,GatherV2_1,2,17.29,8.645,17.29,8.645,0.0,0.0,7.720149966480528e-05,0.9998226910612095
140,Host,_HostSend,categorical_crossentropy/softmax_cross_entropy_with_logits/Shape_2/_9,2,11.71,5.855,11.71,5.855,0.0,0.0,5.228626726864488e-05,0.9998749773284781
141,Host,Dataset,Iterator::Root::ParallelMapV2::Zip,2,117.761,58.8805,10.07,5.035,0.0,0.0,4.4963510793787695e-05,0.9999199408392718
142,Host,ReadVariableOp,ReadVariableOp,1,7.12,7.12,7.12,7.12,0.0,0.0,3.1791479329867764e-05,0.9999517323186017
143,Host,Dataset,Iterator::Root::ParallelMapV2::Zip[1]::ForeverRepeat::FromTensor,4,4.32,1.08,4.32,1.08,0.0,0.0,1.928921217767258e-05,0.9999710215307793
144,Host,Dataset,Iterator::Root::ParallelMapV2::Zip[0]::FlatMap,2,52.441,26.2205,3.73,1.865,0.0,0.0,1.665480588488859e-05,0.9999876763366642
145,Host,Identity,Identity,2,2.76,1.38,2.76,1.38,0.0,0.0,1.2323663335735255e-05,0.9999999999999999
