Rank,Host/device,Type,Operation,#Occurrences,Total time (us),Avg. time (us),Total self-time (us),Avg. self-time (us),Total self-time on Device (%),Cumulative total-self time on Device (%),Total self-time on Host (%),Cumulative total-self time on Host (%)
1,Device,DepthwiseConv2dNativeBackpropFilter,gradient_tape/mobilenetv2_1.00_256/expanded_conv_depthwise/depthwise/DepthwiseConv2dNativeBackpropFilter,2,40087.59,20043.795,40087.59,20043.795,0.26512342286886975,0.26512342286886975,0.0,0.0
2,Device,DepthwiseConv2dNativeBackpropFilter,gradient_tape/mobilenetv2_1.00_256/block_1_depthwise/depthwise/DepthwiseConv2dNativeBackpropFilter,2,14517.261,7258.6305,14517.261,7258.6305,0.0960114071961111,0.36113483006498087,0.0,0.0
3,Device,DepthwiseConv2dNativeBackpropFilter,gradient_tape/mobilenetv2_1.00_256/block_2_depthwise/depthwise/DepthwiseConv2dNativeBackpropFilter,2,14512.142,7256.071,14512.142,7256.071,0.09597755216013448,0.45711238222511535,0.0,0.0
4,Device,IDLE,IDLE,0,12249.163,0.0,12249.163,0.0,0.08101110647556298,0.5381234887006783,0.0,0.0
5,Device,DepthwiseConv2dNativeBackpropFilter,gradient_tape/mobilenetv2_1.00_256/block_3_depthwise/depthwise/DepthwiseConv2dNativeBackpropFilter,2,4141.06,2070.53,4141.06,2070.53,0.027387328634756094,0.5655108173354344,0.0,0.0
6,Device,_Recv,IteratorGetNext/_2,2,2332.13,1166.065,2332.13,1166.065,0.015423782975608594,0.580934600311043,0.0,0.0
7,Device,FusedBatchNormGradV3,gradient_tape/mobilenetv2_1.00_256/block_1_expand_BN/FusedBatchNormGradV3,2,2039.81,1019.905,2039.81,1019.905,0.013490494419897761,0.5944250947309409,0.0,0.0
8,Device,DepthwiseConv2dNativeBackpropFilter,gradient_tape/mobilenetv2_1.00_256/block_6_depthwise/depthwise/DepthwiseConv2dNativeBackpropFilter,2,1515.52,757.76,1515.52,757.76,0.010023048275694037,0.6044481430066349,0.0,0.0
9,Device,Relu6Grad,gradient_tape/mobilenetv2_1.00_256/block_1_expand_relu/Relu6/Relu6Grad,2,1325.058,662.529,1325.058,662.529,0.008763408138523141,0.613211551145158,0.0,0.0
10,Device,FusedBatchNormV3,mobilenetv2_1.00_256/block_1_expand_BN/FusedBatchNormV3,4,1293.314,323.3285,1293.314,323.3285,0.008553465911126847,0.6217650170562848,0.0,0.0
11,Device,Conv2DBackpropFilter,gradient_tape/mobilenetv2_1.00_256/block_1_expand/Conv2D/Conv2DBackpropFilter,2,1254.402,627.201,1254.402,627.201,0.008296117374318486,0.6300611344306033,0.0,0.0
12,Device,DepthwiseConv2dNativeBackpropInput,gradient_tape/mobilenetv2_1.00_256/block_1_depthwise/depthwise/DepthwiseConv2dNativeBackpropInput,2,1186.818,593.409,1186.818,593.409,0.00784914359986186,0.6379102780304652,0.0,0.0
13,Device,Slice,gradient_tape/mobilenetv2_1.00_256/block_1_pad/Slice_1,2,961.536,480.768,961.536,480.768,0.006359217791132906,0.6442694958215981,0.0,0.0
14,Device,Pad,mobilenetv2_1.00_256/block_1_pad/Pad,2,897.026,448.513,897.026,448.513,0.0059325742336311755,0.6502020700552292,0.0,0.0
15,Device,FusedBatchNormGradV3,gradient_tape/mobilenetv2_1.00_256/bn_Conv1/FusedBatchNormGradV3,2,862.209,431.1045,862.209,431.1045,0.005702308402883419,0.6559043784581127,0.0,0.0
16,Device,FusedBatchNormGradV3,gradient_tape/mobilenetv2_1.00_256/expanded_conv_depthwise_BN/FusedBatchNormGradV3,2,859.136,429.568,859.136,429.568,0.005681984799531957,0.6615863632576446,0.0,0.0
17,Device,Relu6,mobilenetv2_1.00_256/block_1_expand_relu/Relu6,2,859.136,429.568,859.136,429.568,0.005681984799531957,0.6672683480571766,0.0,0.0
18,Device,FusedBatchNormGradV3,gradient_tape/mobilenetv2_1.00_256/block_2_expand_BN/FusedBatchNormGradV3,2,793.6,396.8,793.6,396.8,0.005248555684907351,0.672516903742084,0.0,0.0
19,Device,FusedBatchNormGradV3,gradient_tape/mobilenetv2_1.00_256/block_3_expand_BN/FusedBatchNormGradV3,2,792.577,396.2885,792.577,396.2885,0.005241789968594775,0.6777586937106788,0.0,0.0
20,Device,FusedBatchNormGradV3,gradient_tape/mobilenetv2_1.00_256/block_2_depthwise_BN/FusedBatchNormGradV3,2,788.481,394.2405,788.481,394.2405,0.0052147006489307365,0.6829733943596095,0.0,0.0
21,Device,FusedBatchNormGradV3,gradient_tape/mobilenetv2_1.00_256/expanded_conv_project_BN/FusedBatchNormGradV3,2,691.2,345.6,691.2,345.6,0.004571322693306403,0.6875447170529159,0.0,0.0
22,Device,DepthwiseConv2dNative,mobilenetv2_1.00_256/block_1_depthwise/depthwise,2,676.864,338.432,676.864,338.432,0.00447651007448227,0.6920212271273981,0.0,0.0
23,Device,Conv2DBackpropFilter,gradient_tape/mobilenetv2_1.00_256/block_2_project/Conv2D/Conv2DBackpropFilter,2,640.001,320.0005,640.001,320.0005,0.0042327128111093616,0.6962539399385075,0.0,0.0
24,Device,Conv2DBackpropInput,gradient_tape/mobilenetv2_1.00_256/block_1_expand/Conv2D/Conv2DBackpropInput,2,628.736,314.368,628.736,314.368,0.004158210568429824,0.7004121505069373,0.0,0.0
25,Device,Conv2DBackpropFilter,gradient_tape/mobilenetv2_1.00_256/block_3_expand/Conv2D/Conv2DBackpropFilter,2,619.52,309.76,619.52,309.76,0.004097259599185738,0.704509410106123,0.0,0.0
26,Device,Conv2DBackpropFilter,gradient_tape/mobilenetv2_1.00_256/Conv1/Conv2D/Conv2DBackpropFilter,2,615.424,307.712,615.424,307.712,0.0040701702795217,0.7085795803856447,0.0,0.0
27,Device,Conv2DBackpropFilter,gradient_tape/mobilenetv2_1.00_256/block_2_expand/Conv2D/Conv2DBackpropFilter,2,607.233,303.6165,607.233,303.6165,0.004015998253797058,0.7125955786394418,0.0,0.0
28,Device,Conv2D,mobilenetv2_1.00_256/block_1_expand/Conv2D,2,595.968,297.984,595.968,297.984,0.00394149601111752,0.7165370746505593,0.0,0.0
29,Device,DepthwiseConv2dNativeBackpropFilter,gradient_tape/mobilenetv2_1.00_256/block_13_depthwise/depthwise/DepthwiseConv2dNativeBackpropFilter,2,588.8,294.4,588.8,294.4,0.003894089701705453,0.7204311643522647,0.0,0.0
30,Device,DepthwiseConv2dNativeBackpropInput,gradient_tape/mobilenetv2_1.00_256/block_2_depthwise/depthwise/DepthwiseConv2dNativeBackpropInput,2,573.44,286.72,573.44,286.72,0.003792504752965312,0.7242236691052301,0.0,0.0
31,Device,Conv2DBackpropFilter,gradient_tape/mobilenetv2_1.00_256/expanded_conv_project/Conv2D/Conv2DBackpropFilter,2,549.889,274.9445,549.889,274.9445,0.003636747778500527,0.7278604168837306,0.0,0.0
32,Device,DepthwiseConv2dNative,mobilenetv2_1.00_256/block_2_depthwise/depthwise,2,526.336,263.168,526.336,263.168,0.003480977576828875,0.7313413944605595,0.0,0.0
33,Device,FusedBatchNormGradV3,gradient_tape/mobilenetv2_1.00_256/block_1_depthwise_BN/FusedBatchNormGradV3,2,520.193,260.0965,520.193,260.0965,0.0034403502109362515,0.7347817446714957,0.0,0.0
34,Device,DepthwiseConv2dNativeBackpropInput,gradient_tape/mobilenetv2_1.00_256/expanded_conv_depthwise/depthwise/DepthwiseConv2dNativeBackpropInput,2,515.072,257.536,515.072,257.536,0.0034064819477527706,0.7381882266192484,0.0,0.0
35,Device,Relu6Grad,gradient_tape/mobilenetv2_1.00_256/block_3_expand_relu/Relu6/Relu6Grad,2,496.641,248.3205,496.641,248.3205,0.003284586622868034,0.7414728132421164,0.0,0.0
36,Device,Relu6Grad,gradient_tape/mobilenetv2_1.00_256/block_2_depthwise_relu/Relu6/Relu6Grad,2,495.616,247.808,495.616,247.808,0.0032778076793485906,0.744750620921465,0.0,0.0
37,Device,DepthwiseConv2dNative,mobilenetv2_1.00_256/expanded_conv_depthwise/depthwise,2,494.592,247.296,494.592,247.296,0.003271035349432581,0.7480216562708977,0.0,0.0
38,Device,Relu6Grad,gradient_tape/mobilenetv2_1.00_256/block_2_expand_relu/Relu6/Relu6Grad,2,493.569,246.7845,493.569,246.7845,0.0032642696331200054,0.7512859259040177,0.0,0.0
39,Device,FusedBatchNormV3,mobilenetv2_1.00_256/bn_Conv1/FusedBatchNormV3,4,490.496,122.624,490.496,122.624,0.003243946029768543,0.7545298719337862,0.0,0.0
40,Device,FusedBatchNormV3,mobilenetv2_1.00_256/expanded_conv_depthwise_BN/FusedBatchNormV3,4,484.353,121.08825,484.353,121.08825,0.00320331866387592,0.7577331905976621,0.0,0.0
41,Device,FusedBatchNormV3,mobilenetv2_1.00_256/block_2_expand_BN/FusedBatchNormV3,4,483.328,120.832,483.328,120.832,0.0031965397203564767,0.7609297303180186,0.0,0.0
42,Device,FusedBatchNormV3,mobilenetv2_1.00_256/block_3_expand_BN/FusedBatchNormV3,4,483.328,120.832,483.328,120.832,0.0031965397203564767,0.7641262700383751,0.0,0.0
43,Device,FusedBatchNormV3,mobilenetv2_1.00_256/block_2_depthwise_BN/FusedBatchNormV3,4,482.305,120.57625,482.305,120.57625,0.003189774004043901,0.7673160440424189,0.0,0.0
44,Device,DepthwiseConv2dNativeBackpropInput,gradient_tape/mobilenetv2_1.00_256/block_3_depthwise/depthwise/DepthwiseConv2dNativeBackpropInput,2,465.92,232.96,465.92,232.96,0.0030814101117843154,0.7703974541542032,0.0,0.0
45,Device,Relu6Grad,gradient_tape/mobilenetv2_1.00_256/expanded_conv_depthwise_relu/Relu6/Relu6Grad,2,423.936,211.968,423.936,211.968,0.0028037445852279264,0.7732011987394312,0.0,0.0
46,Device,Relu6Grad,gradient_tape/mobilenetv2_1.00_256/Conv1_relu/Relu6/Relu6Grad,2,419.841,209.9205,419.841,209.9205,0.0027766618791673224,0.7759778606185985,0.0,0.0
47,Device,FusedBatchNormV3,mobilenetv2_1.00_256/expanded_conv_project_BN/FusedBatchNormV3,4,378.88,94.72,378.88,94.72,0.002505762068923509,0.778483622687522,0.0,0.0
48,Device,Slice,gradient_tape/mobilenetv2_1.00_256/block_3_pad/Slice_1,2,356.352,178.176,356.352,178.176,0.0023567708107713006,0.7808403934982934,0.0,0.0
49,Device,Conv2D,mobilenetv2_1.00_256/Conv1/Conv2D,2,355.328,177.664,355.328,177.664,0.002349998480855291,0.7831903919791486,0.0,0.0
50,Device,Conv2DBackpropFilter,gradient_tape/mobilenetv2_1.00_256/block_1_project/Conv2D/Conv2DBackpropFilter,2,348.16,174.08,348.16,174.08,0.002302592171443225,0.7854929841505919,0.0,0.0
51,Device,Pad,mobilenetv2_1.00_256/block_3_pad/Pad,2,344.066,172.033,344.066,172.033,0.002275516078986054,0.7877685002295779,0.0,0.0
52,Device,Relu6Grad,gradient_tape/mobilenetv2_1.00_256/block_1_depthwise_relu/Relu6/Relu6Grad,2,329.728,164.864,329.728,164.864,0.002180690232955054,0.789949190462533,0.0,0.0
53,Device,Relu6,mobilenetv2_1.00_256/block_2_depthwise_relu/Relu6,2,325.633,162.8165,325.633,162.8165,0.0021536075268944496,0.7921027979894274,0.0,0.0
54,Device,Relu6,mobilenetv2_1.00_256/block_3_expand_relu/Relu6,2,325.632,162.816,325.632,162.816,0.002153600913291016,0.7942563989027184,0.0,0.0
55,Device,Relu6,mobilenetv2_1.00_256/block_2_expand_relu/Relu6,2,324.608,162.304,324.608,162.304,0.0021468285833750067,0.7964032274860934,0.0,0.0
56,Device,FusedBatchNormV3,mobilenetv2_1.00_256/block_1_depthwise_BN/FusedBatchNormV3,4,317.44,79.36,317.44,79.36,0.00209942227396294,0.7985026497600564,0.0,0.0
57,Device,Relu6,mobilenetv2_1.00_256/Conv1_relu/Relu6,2,289.792,144.896,289.792,144.896,0.001916569366230684,0.800419219126287,0.0,0.0
58,Device,Relu6,mobilenetv2_1.00_256/expanded_conv_depthwise_relu/Relu6,2,288.768,144.384,288.768,144.384,0.0019097970363146745,0.8023290161626017,0.0,0.0
59,Device,Conv2DBackpropFilter,gradient_tape/mobilenetv2_1.00_256/Conv_1/Conv2D/Conv2DBackpropFilter,2,276.482,138.241,276.482,138.241,0.0018285423045294282,0.8041575584671311,0.0,0.0
60,Device,Conv2D,mobilenetv2_1.00_256/block_2_expand/Conv2D,2,273.409,136.7045,273.409,136.7045,0.001808218701177966,0.8059657771683091,0.0,0.0
61,Device,Conv2DBackpropInput,gradient_tape/mobilenetv2_1.00_256/block_2_project/Conv2D/Conv2DBackpropInput,2,271.36,135.68,271.36,135.68,0.0017946674277425135,0.8077604445960516,0.0,0.0
62,Device,Conv2D,mobilenetv2_1.00_256/block_3_expand/Conv2D,2,270.336,135.168,270.336,135.168,0.0017878950978265041,0.8095483396938781,0.0,0.0
63,Device,FusedBatchNormGradV3,gradient_tape/mobilenetv2_1.00_256/block_4_depthwise_BN/FusedBatchNormGradV3,2,268.288,134.144,268.288,134.144,0.0017743504379944851,0.8113226901318725,0.0,0.0
64,Device,FusedBatchNormGradV3,gradient_tape/mobilenetv2_1.00_256/block_4_expand_BN/FusedBatchNormGradV3,2,267.265,133.6325,267.265,133.6325,0.001767584721681909,0.8130902748535545,0.0,0.0
65,Device,FusedBatchNormGradV3,gradient_tape/mobilenetv2_1.00_256/block_6_expand_BN/FusedBatchNormGradV3,2,266.241,133.1205,266.241,133.1205,0.0017608123917658995,0.8148510872453204,0.0,0.0
66,Device,FusedBatchNormGradV3,gradient_tape/mobilenetv2_1.00_256/block_5_depthwise_BN/FusedBatchNormGradV3,2,266.24,133.12,266.24,133.12,0.0017608057781624662,0.8166118930234829,0.0,0.0
67,Device,FusedBatchNormGradV3,gradient_tape/mobilenetv2_1.00_256/block_5_expand_BN/FusedBatchNormGradV3,2,266.24,133.12,266.24,133.12,0.0017608057781624662,0.8183726988016454,0.0,0.0
68,Device,Conv2DBackpropInput,gradient_tape/mobilenetv2_1.00_256/Conv_1/Conv2D/Conv2DBackpropInput,4,253.952,63.488,253.952,63.488,0.0016795378191703523,0.8200522366208158,0.0,0.0
69,Device,Conv2DBackpropInput,gradient_tape/mobilenetv2_1.00_256/block_3_expand/Conv2D/Conv2DBackpropInput,2,251.904,125.952,251.904,125.952,0.0016659931593383333,0.8217182297801542,0.0,0.0
70,Device,Conv2DBackpropInput,gradient_tape/mobilenetv2_1.00_256/block_2_expand/Conv2D/Conv2DBackpropInput,2,250.881,125.4405,250.881,125.4405,0.0016592274430257575,0.8233774572231799,0.0,0.0
71,Device,Conv2D,mobilenetv2_1.00_256/expanded_conv_project/Conv2D,2,243.712,121.856,243.712,121.856,0.0016118145200102573,0.8249892717431901,0.0,0.0
72,Device,Conv2DBackpropInput,gradient_tape/mobilenetv2_1.00_256/expanded_conv_project/Conv2D/Conv2DBackpropInput,2,236.544,118.272,236.544,118.272,0.001564408210598191,0.8265536799537884,0.0,0.0
73,Device,DepthwiseConv2dNative,mobilenetv2_1.00_256/block_3_depthwise/depthwise,2,229.376,114.688,229.376,114.688,0.0015170019011861247,0.8280706818549745,0.0,0.0
74,Device,Relu6,mobilenetv2_1.00_256/block_1_depthwise_relu/Relu6,2,218.112,109.056,218.112,109.056,0.0014425062721100201,0.8295131881270845,0.0,0.0
75,Device,FusedBatchNormGradV3,gradient_tape/mobilenetv2_1.00_256/block_2_project_BN/FusedBatchNormGradV3,2,208.897,104.4485,208.897,104.4485,0.0013815619164693684,0.8308947500435538,0.0,0.0
76,Device,DepthwiseConv2dNativeBackpropInput,gradient_tape/mobilenetv2_1.00_256/block_5_depthwise/depthwise/DepthwiseConv2dNativeBackpropInput,2,207.872,103.936,207.872,103.936,0.0013747829729499254,0.8322695330165037,0.0,0.0
77,Device,DepthwiseConv2dNativeBackpropInput,gradient_tape/mobilenetv2_1.00_256/block_4_depthwise/depthwise/DepthwiseConv2dNativeBackpropInput,2,206.848,103.424,206.848,103.424,0.001368010643033916,0.8336375436595377,0.0,0.0
78,Device,FusedBatchNormGradV3,gradient_tape/mobilenetv2_1.00_256/block_1_project_BN/FusedBatchNormGradV3,2,204.8,102.4,204.8,102.4,0.001354465983201897,0.8349920096427396,0.0,0.0
79,Device,SoftmaxCrossEntropyWithLogits,categorical_crossentropy/softmax_cross_entropy_with_logits,2,200.704,100.352,200.704,100.352,0.0013273766635378591,0.8363193863062774,0.0,0.0
80,Device,FusedBatchNormGradV3,gradient_tape/mobilenetv2_1.00_256/block_3_depthwise_BN/FusedBatchNormGradV3,2,200.704,100.352,200.704,100.352,0.0013273766635378591,0.8376467629698153,0.0,0.0
81,Device,Conv2DBackpropFilter,gradient_tape/mobilenetv2_1.00_256/block_16_project/Conv2D/Conv2DBackpropFilter,4,197.632,49.408,197.632,49.408,0.0013070596737898305,0.8389538226436052,0.0,0.0
82,Device,Conv2D,mobilenetv2_1.00_256/block_2_project/Conv2D,2,195.584,97.792,195.584,97.792,0.0012935150139578115,0.840247337657563,0.0,0.0
83,Device,Conv2DBackpropFilter,gradient_tape/mobilenetv2_1.00_256/block_12_project/Conv2D/Conv2DBackpropFilter,2,190.464,95.232,190.464,95.232,0.0012596533643777642,0.8415069910219407,0.0,0.0
84,Device,Conv2DBackpropFilter,gradient_tape/mobilenetv2_1.00_256/block_11_project/Conv2D/Conv2DBackpropFilter,2,189.442,94.721,189.442,94.721,0.001252894261668622,0.8427598852836093,0.0,0.0
85,Device,Conv2DBackpropFilter,gradient_tape/mobilenetv2_1.00_256/block_13_expand/Conv2D/Conv2DBackpropFilter,2,188.417,94.2085,188.417,94.2085,0.0012461153181491788,0.8440060006017586,0.0,0.0
86,Device,Conv2DBackpropFilter,gradient_tape/mobilenetv2_1.00_256/block_6_expand/Conv2D/Conv2DBackpropFilter,2,188.416,94.208,188.416,94.208,0.0012461087045457452,0.8452521093063043,0.0,0.0
87,Device,Conv2DBackpropFilter,gradient_tape/mobilenetv2_1.00_256/block_11_expand/Conv2D/Conv2DBackpropFilter,2,187.392,93.696,187.392,93.696,0.0012393363746297356,0.846491445680934,0.0,0.0
88,Device,Conv2DBackpropFilter,gradient_tape/mobilenetv2_1.00_256/block_12_expand/Conv2D/Conv2DBackpropFilter,2,187.392,93.696,187.392,93.696,0.0012393363746297356,0.8477307820555637,0.0,0.0
89,Device,Conv2DBackpropInput,gradient_tape/mobilenetv2_1.00_256/block_1_project/Conv2D/Conv2DBackpropInput,2,187.392,93.696,187.392,93.696,0.0012393363746297356,0.8489701184301934,0.0,0.0
90,Device,Conv2DBackpropFilter,gradient_tape/mobilenetv2_1.00_256/block_5_expand/Conv2D/Conv2DBackpropFilter,2,182.273,91.1365,182.273,91.1365,0.0012054813386531218,0.8501755997688466,0.0,0.0
91,Device,Conv2DBackpropFilter,gradient_tape/mobilenetv2_1.00_256/block_4_expand/Conv2D/Conv2DBackpropFilter,2,181.249,90.6245,181.249,90.6245,0.0011987090087371124,0.8513743087775837,0.0,0.0
92,Device,Conv2DBackpropFilter,gradient_tape/mobilenetv2_1.00_256/block_4_project/Conv2D/Conv2DBackpropFilter,2,177.152,88.576,177.152,88.576,0.0011716130754696407,0.8525459218530533,0.0,0.0
93,Device,Conv2DBackpropFilter,gradient_tape/mobilenetv2_1.00_256/block_5_project/Conv2D/Conv2DBackpropFilter,2,175.104,87.552,175.104,87.552,0.001158068415637622,0.8537039902686909,0.0,0.0
94,Device,DepthwiseConv2dNativeBackpropFilter,gradient_tape/mobilenetv2_1.00_256/block_5_depthwise/depthwise/DepthwiseConv2dNativeBackpropFilter,2,171.008,85.504,171.008,85.504,0.001130979095973584,0.8548349693646645,0.0,0.0
95,Device,DepthwiseConv2dNativeBackpropInput,gradient_tape/mobilenetv2_1.00_256/block_6_depthwise/depthwise/DepthwiseConv2dNativeBackpropInput,2,171.008,85.504,171.008,85.504,0.001130979095973584,0.8559659484606381,0.0,0.0
96,Device,Conv2DBackpropFilter,gradient_tape/mobilenetv2_1.00_256/block_10_project/Conv2D/Conv2DBackpropFilter,2,168.96,84.48,168.96,84.48,0.001117434436141565,0.8570833828967797,0.0,0.0
97,Device,DepthwiseConv2dNativeBackpropFilter,gradient_tape/mobilenetv2_1.00_256/block_4_depthwise/depthwise/DepthwiseConv2dNativeBackpropFilter,2,168.96,84.48,168.96,84.48,0.001117434436141565,0.8582008173329212,0.0,0.0
98,Device,Conv2DBackpropFilter,gradient_tape/mobilenetv2_1.00_256/block_7_project/Conv2D/Conv2DBackpropFilter,2,165.89,82.945,165.89,82.945,0.0010971306736004037,0.8592979480065216,0.0,0.0
99,Device,Conv2DBackpropFilter,gradient_tape/mobilenetv2_1.00_256/block_8_project/Conv2D/Conv2DBackpropFilter,2,164.864,82.432,164.864,82.432,0.001090345116477527,0.8603882931229991,0.0,0.0
100,Device,FusedBatchNormV3,mobilenetv2_1.00_256/block_5_depthwise_BN/FusedBatchNormV3,4,163.841,40.96025,163.841,40.96025,0.0010835794001649512,0.861471872523164,0.0,0.0
101,Device,Relu6Grad,gradient_tape/mobilenetv2_1.00_256/block_4_expand_relu/Relu6/Relu6Grad,2,163.84,81.92,163.84,81.92,0.0010835727865615176,0.8625554453097256,0.0,0.0
102,Device,Relu6Grad,gradient_tape/mobilenetv2_1.00_256/block_6_expand_relu/Relu6/Relu6Grad,2,163.84,81.92,163.84,81.92,0.0010835727865615176,0.8636390180962872,0.0,0.0
103,Device,Conv2DBackpropFilter,gradient_tape/mobilenetv2_1.00_256/block_9_project/Conv2D/Conv2DBackpropFilter,2,163.84,81.92,163.84,81.92,0.0010835727865615176,0.8647225908828488,0.0,0.0
104,Device,FusedBatchNormV3,mobilenetv2_1.00_256/block_4_depthwise_BN/FusedBatchNormV3,4,162.816,40.704,162.816,40.704,0.001076800456645508,0.8657993913394942,0.0,0.0
105,Device,Relu6Grad,gradient_tape/mobilenetv2_1.00_256/block_5_expand_relu/Relu6/Relu6Grad,2,161.793,80.8965,161.793,80.8965,0.0010700347403329322,0.8668694260798272,0.0,0.0
106,Device,Relu6Grad,gradient_tape/mobilenetv2_1.00_256/block_4_depthwise_relu/Relu6/Relu6Grad,2,160.768,80.384,160.768,80.384,0.001063255796813489,0.8679326818766406,0.0,0.0
107,Device,Relu6Grad,gradient_tape/mobilenetv2_1.00_256/block_5_depthwise_relu/Relu6/Relu6Grad,2,160.768,80.384,160.768,80.384,0.001063255796813489,0.8689959376734541,0.0,0.0
108,Device,DepthwiseConv2dNativeBackpropInput,gradient_tape/mobilenetv2_1.00_256/block_11_depthwise/depthwise/DepthwiseConv2dNativeBackpropInput,2,159.744,79.872,159.744,79.872,0.0010564834668974797,0.8700524211403515,0.0,0.0
109,Device,DepthwiseConv2dNativeBackpropInput,gradient_tape/mobilenetv2_1.00_256/block_12_depthwise/depthwise/DepthwiseConv2dNativeBackpropInput,2,159.744,79.872,159.744,79.872,0.0010564834668974797,0.871108904607249,0.0,0.0
110,Device,FusedBatchNormV3,mobilenetv2_1.00_256/block_6_expand_BN/FusedBatchNormV3,4,158.72,39.68,158.72,39.68,0.00104971113698147,0.8721586157442305,0.0,0.0
111,Device,FusedBatchNormV3,mobilenetv2_1.00_256/block_4_expand_BN/FusedBatchNormV3,4,157.696,39.424,157.696,39.424,0.0010429388070654607,0.8732015545512959,0.0,0.0
112,Device,FusedBatchNormV3,mobilenetv2_1.00_256/block_5_expand_BN/FusedBatchNormV3,4,157.696,39.424,157.696,39.424,0.0010429388070654607,0.8742444933583613,0.0,0.0
113,Device,Conv2DBackpropFilter,gradient_tape/mobilenetv2_1.00_256/block_3_project/Conv2D/Conv2DBackpropFilter,2,151.552,75.776,151.552,75.776,0.0010023048275694037,0.8752467981859307,0.0,0.0
114,Device,Conv2D,mobilenetv2_1.00_256/block_16_project/Conv2D,2,147.456,73.728,147.456,73.728,0.0009752155079053657,0.876222013693836,0.0,0.0
115,Device,Conv2D,mobilenetv2_1.00_256/block_1_project/Conv2D,2,145.409,72.7045,145.409,72.7045,0.0009616774616767803,0.8771836911555128,0.0,0.0
116,Device,Conv2DBackpropFilter,gradient_tape/mobilenetv2_1.00_256/block_15_expand/Conv2D/Conv2DBackpropFilter,4,145.408,36.352,145.408,36.352,0.0009616708480733468,0.8781453620035861,0.0,0.0
117,Device,Conv2DBackpropFilter,gradient_tape/mobilenetv2_1.00_256/block_14_expand/Conv2D/Conv2DBackpropFilter,4,144.384,36.096,144.384,36.096,0.0009548985181573373,0.8791002605217434,0.0,0.0
118,Device,Conv2DBackpropFilter,gradient_tape/mobilenetv2_1.00_256/block_16_expand/Conv2D/Conv2DBackpropFilter,4,144.384,36.096,144.384,36.096,0.0009548985181573373,0.8800551590399007,0.0,0.0
119,Device,Conv2DBackpropInput,gradient_tape/mobilenetv2_1.00_256/block_14_expand/Conv2D/Conv2DBackpropInput,4,143.36,35.84,143.36,35.84,0.000948126188241328,0.8810032852281421,0.0,0.0
120,Device,Conv2DBackpropInput,gradient_tape/mobilenetv2_1.00_256/block_16_expand/Conv2D/Conv2DBackpropInput,4,143.36,35.84,143.36,35.84,0.000948126188241328,0.8819514114163834,0.0,0.0
121,Device,Conv2DBackpropInput,gradient_tape/mobilenetv2_1.00_256/block_15_expand/Conv2D/Conv2DBackpropInput,4,141.312,35.328,141.312,35.328,0.000934581528409309,0.8828859929447928,0.0,0.0
122,Device,DepthwiseConv2dNativeBackpropInput,gradient_tape/mobilenetv2_1.00_256/block_13_depthwise/depthwise/DepthwiseConv2dNativeBackpropInput,2,138.24,69.12,138.24,69.12,0.0009142645386612805,0.883800257483454,0.0,0.0
123,Device,Conv2DBackpropInput,gradient_tape/mobilenetv2_1.00_256/block_13_expand/Conv2D/Conv2DBackpropInput,2,137.216,68.608,137.216,68.608,0.000907492208745271,0.8847077496921993,0.0,0.0
124,Device,Conv2DBackpropInput,gradient_tape/mobilenetv2_1.00_256/block_11_expand/Conv2D/Conv2DBackpropInput,2,136.192,68.096,136.192,68.096,0.0009007198788292616,0.8856084695710286,0.0,0.0
125,Device,DepthwiseConv2dNativeBackpropFilter,gradient_tape/mobilenetv2_1.00_256/block_11_depthwise/depthwise/DepthwiseConv2dNativeBackpropFilter,2,135.168,67.584,135.168,67.584,0.0008939475489132521,0.8865024171199418,0.0,0.0
126,Device,DepthwiseConv2dNativeBackpropFilter,gradient_tape/mobilenetv2_1.00_256/block_12_depthwise/depthwise/DepthwiseConv2dNativeBackpropFilter,2,135.168,67.584,135.168,67.584,0.0008939475489132521,0.8873963646688551,0.0,0.0
127,Device,Conv2DBackpropInput,gradient_tape/mobilenetv2_1.00_256/block_12_expand/Conv2D/Conv2DBackpropInput,2,135.168,67.584,135.168,67.584,0.0008939475489132521,0.8882903122177683,0.0,0.0
128,Device,Conv2D,mobilenetv2_1.00_256/Conv_1/Conv2D,2,135.168,67.584,135.168,67.584,0.0008939475489132521,0.8891842597666816,0.0,0.0
129,Device,FusedBatchNormGradV3,gradient_tape/mobilenetv2_1.00_256/block_12_expand_BN/FusedBatchNormGradV3,2,128.0,64.0,128.0,64.0,0.0008465412395011856,0.8900308010061828,0.0,0.0
130,Device,Conv2DBackpropInput,gradient_tape/mobilenetv2_1.00_256/block_16_project/Conv2D/Conv2DBackpropInput,2,126.976,63.488,126.976,63.488,0.0008397689095851761,0.890870569915768,0.0,0.0
131,Device,FusedBatchNormGradV3,gradient_tape/mobilenetv2_1.00_256/block_13_expand_BN/FusedBatchNormGradV3,2,125.953,62.9765,125.953,62.9765,0.0008330031932726002,0.8917035731090406,0.0,0.0
132,Device,FusedBatchNormGradV3,gradient_tape/mobilenetv2_1.00_256/block_11_depthwise_BN/FusedBatchNormGradV3,2,125.952,62.976,125.952,62.976,0.0008329965796691666,0.8925365696887098,0.0,0.0
133,Device,FusedBatchNormGradV3,gradient_tape/mobilenetv2_1.00_256/block_12_depthwise_BN/FusedBatchNormGradV3,2,125.952,62.976,125.952,62.976,0.0008329965796691666,0.8933695662683789,0.0,0.0
134,Device,Transpose,gradient_tape/mobilenetv2_1.00_256/Conv1/Conv2D/Conv2DBackpropFilter-0-TransposeNHWCToNCHW-LayoutOptimizer,2,124.928,62.464,124.928,62.464,0.0008262242497531571,0.8941957905181321,0.0,0.0
135,Device,FusedBatchNormGradV3,gradient_tape/mobilenetv2_1.00_256/block_11_expand_BN/FusedBatchNormGradV3,2,123.904,61.952,123.904,61.952,0.0008194519198371477,0.8950152424379693,0.0,0.0
136,Device,Conv2DBackpropInput,gradient_tape/mobilenetv2_1.00_256/block_11_project/Conv2D/Conv2DBackpropInput,2,123.904,61.952,123.904,61.952,0.0008194519198371477,0.8958346943578064,0.0,0.0
137,Device,Relu6Grad,gradient_tape/mobilenetv2_1.00_256/block_12_expand_relu/Relu6/Relu6Grad,2,123.904,61.952,123.904,61.952,0.0008194519198371477,0.8966541462776435,0.0,0.0
138,Device,Relu6Grad,gradient_tape/mobilenetv2_1.00_256/block_13_expand_relu/Relu6/Relu6Grad,2,123.904,61.952,123.904,61.952,0.0008194519198371477,0.8974735981974806,0.0,0.0
139,Device,Slice,gradient_tape/mobilenetv2_1.00_256/block_6_pad/Slice_1,2,122.881,61.4405,122.881,61.4405,0.0008126862035245717,0.8982862844010052,0.0,0.0
140,Device,Relu6Grad,gradient_tape/mobilenetv2_1.00_256/block_11_expand_relu/Relu6/Relu6Grad,2,122.88,61.44,122.88,61.44,0.0008126795899211382,0.8990989639909264,0.0,0.0
141,Device,Conv2DBackpropInput,gradient_tape/mobilenetv2_1.00_256/block_12_project/Conv2D/Conv2DBackpropInput,2,121.856,60.928,121.856,60.928,0.0008059072600051287,0.8999048712509315,0.0,0.0
142,Device,Conv2DBackpropFilter,gradient_tape/mobilenetv2_1.00_256/block_14_project/Conv2D/Conv2DBackpropFilter,4,120.832,30.208,120.832,30.208,0.0007991349300891192,0.9007040061810206,0.0,0.0
143,Device,Conv2D,mobilenetv2_1.00_256/block_11_project/Conv2D,2,120.832,60.416,120.832,60.416,0.0007991349300891192,0.9015031411111097,0.0,0.0
144,Device,Conv2D,mobilenetv2_1.00_256/block_12_project/Conv2D,2,120.832,60.416,120.832,60.416,0.0007991349300891192,0.9023022760411988,0.0,0.0
145,Device,Relu6Grad,gradient_tape/mobilenetv2_1.00_256/block_11_depthwise_relu/Relu6/Relu6Grad,2,119.808,59.904,119.808,59.904,0.0007923626001731098,0.903094638641372,0.0,0.0
146,Device,Pad,mobilenetv2_1.00_256/block_6_pad/Pad,2,119.808,59.904,119.808,59.904,0.0007923626001731098,0.9038870012415451,0.0,0.0
147,Device,Relu6Grad,gradient_tape/mobilenetv2_1.00_256/block_12_depthwise_relu/Relu6/Relu6Grad,2,118.784,59.392,118.784,59.392,0.0007855902702571003,0.9046725915118022,0.0,0.0
148,Device,Relu6Grad,gradient_tape/mobilenetv2_1.00_256/block_3_depthwise_relu/Relu6/Relu6Grad,2,118.784,59.392,118.784,59.392,0.0007855902702571003,0.9054581817820594,0.0,0.0
149,Device,Conv2DBackpropFilter,gradient_tape/mobilenetv2_1.00_256/block_15_project/Conv2D/Conv2DBackpropFilter,4,117.76,29.44,117.76,29.44,0.0007788179403410908,0.9062369997224005,0.0,0.0
150,Device,DepthwiseConv2dNative,mobilenetv2_1.00_256/block_5_depthwise/depthwise,2,116.736,58.368,116.736,58.368,0.0007720456104250813,0.9070090453328256,0.0,0.0
151,Device,FusedBatchNormV3,mobilenetv2_1.00_256/block_2_project_BN/FusedBatchNormV3,4,115.712,28.928,115.712,28.928,0.0007652732805090718,0.9077743186133347,0.0,0.0
152,Device,DepthwiseConv2dNative,mobilenetv2_1.00_256/block_4_depthwise/depthwise,2,115.712,57.856,115.712,57.856,0.0007652732805090718,0.9085395918938438,0.0,0.0
153,Device,FusedBatchNormV3,mobilenetv2_1.00_256/block_3_depthwise_BN/FusedBatchNormV3,4,113.664,28.416,113.664,28.416,0.0007517286206770528,0.9092913205145209,0.0,0.0
154,Device,Relu6,mobilenetv2_1.00_256/block_5_depthwise_relu/Relu6,2,112.64,56.32,112.64,56.32,0.0007449562907610433,0.9100362768052819,0.0,0.0
155,Device,ArgMax,ArgMax,2,111.616,55.808,111.616,55.808,0.0007381839608450339,0.9107744607661269,0.0,0.0
156,Device,Relu6,mobilenetv2_1.00_256/block_6_expand_relu/Relu6,2,111.616,55.808,111.616,55.808,0.0007381839608450339,0.9115126447269719,0.0,0.0
157,Device,Relu6,mobilenetv2_1.00_256/block_5_expand_relu/Relu6,2,110.593,55.2965,110.593,55.2965,0.0007314182445324579,0.9122440629715044,0.0,0.0
158,Device,ArgMax,ArgMax_1,2,110.592,55.296,110.592,55.296,0.0007314116309290244,0.9129754746024334,0.0,0.0
159,Device,Relu6,mobilenetv2_1.00_256/block_4_expand_relu/Relu6,2,110.592,55.296,110.592,55.296,0.0007314116309290244,0.9137068862333625,0.0,0.0
160,Device,Conv2DBackpropInput,gradient_tape/mobilenetv2_1.00_256/block_10_expand/Conv2D/Conv2DBackpropInput,2,109.568,54.784,109.568,54.784,0.0007246393010130149,0.9144315255343755,0.0,0.0
161,Device,DepthwiseConv2dNativeBackpropInput,gradient_tape/mobilenetv2_1.00_256/block_7_depthwise/depthwise/DepthwiseConv2dNativeBackpropInput,2,109.568,54.784,109.568,54.784,0.0007246393010130149,0.9151561648353884,0.0,0.0
162,Device,DepthwiseConv2dNativeBackpropInput,gradient_tape/mobilenetv2_1.00_256/block_8_depthwise/depthwise/DepthwiseConv2dNativeBackpropInput,2,109.568,54.784,109.568,54.784,0.0007246393010130149,0.9158808041364014,0.0,0.0
163,Device,DepthwiseConv2dNativeBackpropInput,gradient_tape/mobilenetv2_1.00_256/block_9_depthwise/depthwise/DepthwiseConv2dNativeBackpropInput,2,109.568,54.784,109.568,54.784,0.0007246393010130149,0.9166054434374143,0.0,0.0
164,Device,Relu6,mobilenetv2_1.00_256/block_4_depthwise_relu/Relu6,2,109.568,54.784,109.568,54.784,0.0007246393010130149,0.9173300827384273,0.0,0.0
165,Device,Conv2DBackpropFilter,gradient_tape/mobilenetv2_1.00_256/block_8_expand/Conv2D/Conv2DBackpropFilter,2,108.544,54.272,108.544,54.272,0.0007178669710970054,0.9180479497095243,0.0,0.0
166,Device,Conv2DBackpropFilter,gradient_tape/mobilenetv2_1.00_256/block_10_expand/Conv2D/Conv2DBackpropFilter,2,107.52,53.76,107.52,53.76,0.0007110946411809959,0.9187590443507053,0.0,0.0
167,Device,Conv2DBackpropFilter,gradient_tape/mobilenetv2_1.00_256/block_7_expand/Conv2D/Conv2DBackpropFilter,2,107.52,53.76,107.52,53.76,0.0007110946411809959,0.9194701389918863,0.0,0.0
168,Device,Conv2D,mobilenetv2_1.00_256/block_11_expand/Conv2D,2,107.52,53.76,107.52,53.76,0.0007110946411809959,0.9201812336330674,0.0,0.0
169,Device,Conv2D,mobilenetv2_1.00_256/block_12_expand/Conv2D,2,107.52,53.76,107.52,53.76,0.0007110946411809959,0.9208923282742484,0.0,0.0
170,Device,Conv2D,mobilenetv2_1.00_256/block_13_expand/Conv2D,2,107.52,53.76,107.52,53.76,0.0007110946411809959,0.9216034229154294,0.0,0.0
171,Device,DepthwiseConv2dNativeBackpropInput,gradient_tape/mobilenetv2_1.00_256/block_10_depthwise/depthwise/DepthwiseConv2dNativeBackpropInput,2,106.497,53.2485,106.497,53.2485,0.00070432892486842,0.9223077518402978,0.0,0.0
172,Device,Conv2DBackpropInput,gradient_tape/mobilenetv2_1.00_256/block_7_expand/Conv2D/Conv2DBackpropInput,2,106.496,53.248,106.496,53.248,0.0007043223112649864,0.9230120741515627,0.0,0.0
173,Device,Conv2DBackpropFilter,gradient_tape/mobilenetv2_1.00_256/block_9_expand/Conv2D/Conv2DBackpropFilter,2,106.496,53.248,106.496,53.248,0.0007043223112649864,0.9237163964628277,0.0,0.0
174,Device,Conv2DBackpropInput,gradient_tape/mobilenetv2_1.00_256/block_8_expand/Conv2D/Conv2DBackpropInput,2,105.472,52.736,105.472,52.736,0.0006975499813489769,0.9244139464441766,0.0,0.0
175,Device,FusedBatchNormV3,mobilenetv2_1.00_256/block_1_project_BN/FusedBatchNormV3,4,105.472,26.368,105.472,26.368,0.0006975499813489769,0.9251114964255256,0.0,0.0
176,Device,Conv2DBackpropInput,gradient_tape/mobilenetv2_1.00_256/block_9_expand/Conv2D/Conv2DBackpropInput,2,104.449,52.2245,104.449,52.2245,0.000690784265036401,0.925802280690562,0.0,0.0
177,Device,Conv2DBackpropFilter,gradient_tape/mobilenetv2_1.00_256/block_6_project/Conv2D/Conv2DBackpropFilter,2,103.424,51.712,103.424,51.712,0.000684005321516958,0.9264862860120789,0.0,0.0
178,Device,Conv2D,mobilenetv2_1.00_256/block_15_project/Conv2D,2,102.4,51.2,102.4,51.2,0.0006772329916009485,0.9271635190036799,0.0,0.0
179,Device,Conv2D,mobilenetv2_1.00_256/block_14_project/Conv2D,2,100.352,50.176,100.352,50.176,0.0006636883317689296,0.9278272073354488,0.0,0.0
180,Device,Conv2D,mobilenetv2_1.00_256/block_4_expand/Conv2D,2,99.328,49.664,99.328,49.664,0.0006569160018529201,0.9284841233373017,0.0,0.0
181,Device,Conv2D,mobilenetv2_1.00_256/block_5_expand/Conv2D,2,99.328,49.664,99.328,49.664,0.0006569160018529201,0.9291410393391546,0.0,0.0
182,Device,Conv2DBackpropInput,gradient_tape/mobilenetv2_1.00_256/block_5_project/Conv2D/Conv2DBackpropInput,2,98.304,49.152,98.304,49.152,0.0006501436719369106,0.9297911830110915,0.0,0.0
183,Device,Conv2D,mobilenetv2_1.00_256/block_6_expand/Conv2D,2,98.304,49.152,98.304,49.152,0.0006501436719369106,0.9304413266830285,0.0,0.0
184,Device,DepthwiseConv2dNativeBackpropFilter,gradient_tape/mobilenetv2_1.00_256/block_10_depthwise/depthwise/DepthwiseConv2dNativeBackpropFilter,2,97.281,48.6405,97.281,48.6405,0.0006433779556243346,0.9310847046386528,0.0,0.0
185,Device,Conv2DBackpropInput,gradient_tape/mobilenetv2_1.00_256/block_4_project/Conv2D/Conv2DBackpropInput,2,97.28,48.64,97.28,48.64,0.0006433713420209011,0.9317280759806736,0.0,0.0
186,Device,DepthwiseConv2dNativeBackpropFilter,gradient_tape/mobilenetv2_1.00_256/block_9_depthwise/depthwise/DepthwiseConv2dNativeBackpropFilter,2,96.256,48.128,96.256,48.128,0.0006365990121048916,0.9323646749927785,0.0,0.0
187,Device,DepthwiseConv2dNativeBackpropFilter,gradient_tape/mobilenetv2_1.00_256/block_7_depthwise/depthwise/DepthwiseConv2dNativeBackpropFilter,2,95.232,47.616,95.232,47.616,0.0006298266821888821,0.9329945016749674,0.0,0.0
188,Device,DepthwiseConv2dNativeBackpropFilter,gradient_tape/mobilenetv2_1.00_256/block_8_depthwise/depthwise/DepthwiseConv2dNativeBackpropFilter,2,95.232,47.616,95.232,47.616,0.0006298266821888821,0.9336243283571564,0.0,0.0
189,Device,Pad,mobilenetv2_1.00_256/block_13_pad/Pad,2,95.232,47.616,95.232,47.616,0.0006298266821888821,0.9342541550393453,0.0,0.0
190,Device,FusedBatchNormV3,mobilenetv2_1.00_256/block_13_expand_BN/FusedBatchNormV3,4,93.184,23.296,93.184,23.296,0.0006162820223568631,0.9348704370617021,0.0,0.0
191,Device,DepthwiseConv2dNative,mobilenetv2_1.00_256/block_6_depthwise/depthwise,2,92.16,46.08,92.16,46.08,0.0006095096924408536,0.935479946754143,0.0,0.0
192,Device,Conv2DBackpropFilter,gradient_tape/mobilenetv2_1.00_256/block_13_project/Conv2D/Conv2DBackpropFilter,4,91.136,22.784,91.136,22.784,0.0006027373625248441,0.9360826841166678,0.0,0.0
193,Device,FusedBatchNormV3,mobilenetv2_1.00_256/block_11_depthwise_BN/FusedBatchNormV3,4,90.112,22.528,90.112,22.528,0.0005959650326088346,0.9366786491492767,0.0,0.0
194,Device,Conv2DBackpropInput,gradient_tape/mobilenetv2_1.00_256/block_3_project/Conv2D/Conv2DBackpropInput,2,89.088,44.544,89.088,44.544,0.0005891927026928251,0.9372678418519695,0.0,0.0
195,Device,Conv2DBackpropInput,gradient_tape/mobilenetv2_1.00_256/block_4_expand/Conv2D/Conv2DBackpropInput,2,89.088,44.544,89.088,44.544,0.0005891927026928251,0.9378570345546624,0.0,0.0
196,Device,Conv2D,mobilenetv2_1.00_256/block_10_project/Conv2D,2,89.088,44.544,89.088,44.544,0.0005891927026928251,0.9384462272573553,0.0,0.0
197,Device,DepthwiseConv2dNative,mobilenetv2_1.00_256/block_11_depthwise/depthwise,2,89.088,44.544,89.088,44.544,0.0005891927026928251,0.9390354199600481,0.0,0.0
198,Device,DepthwiseConv2dNative,mobilenetv2_1.00_256/block_12_depthwise/depthwise,2,88.065,44.0325,88.065,44.0325,0.0005824269863802492,0.9396178469464284,0.0,0.0
199,Device,Conv2DBackpropInput,gradient_tape/mobilenetv2_1.00_256/block_6_expand/Conv2D/Conv2DBackpropInput,2,88.064,44.032,88.064,44.032,0.0005824203727768157,0.9402002673192051,0.0,0.0
200,Device,Conv2DBackpropInput,gradient_tape/mobilenetv2_1.00_256/block_10_project/Conv2D/Conv2DBackpropInput,2,87.04,43.52,87.04,43.52,0.0005756480428608063,0.940775915362066,0.0,0.0
201,Device,Conv2DBackpropInput,gradient_tape/mobilenetv2_1.00_256/block_5_expand/Conv2D/Conv2DBackpropInput,2,87.04,43.52,87.04,43.52,0.0005756480428608063,0.9413515634049268,0.0,0.0
202,Device,FusedBatchNormV3,mobilenetv2_1.00_256/block_11_expand_BN/FusedBatchNormV3,4,87.04,21.76,87.04,21.76,0.0005756480428608063,0.9419272114477876,0.0,0.0
203,Device,FusedBatchNormV3,mobilenetv2_1.00_256/block_12_depthwise_BN/FusedBatchNormV3,4,87.04,21.76,87.04,21.76,0.0005756480428608063,0.9425028594906484,0.0,0.0
204,Device,FusedBatchNormV3,mobilenetv2_1.00_256/block_12_expand_BN/FusedBatchNormV3,4,87.04,21.76,87.04,21.76,0.0005756480428608063,0.9430785075335092,0.0,0.0
205,Device,FusedBatchNormGradV3,gradient_tape/mobilenetv2_1.00_256/block_10_expand_BN/FusedBatchNormGradV3,2,84.992,42.496,84.992,42.496,0.0005621033830287873,0.943640610916538,0.0,0.0
206,Device,FusedBatchNormGradV3,gradient_tape/mobilenetv2_1.00_256/block_7_depthwise_BN/FusedBatchNormGradV3,2,84.992,42.496,84.992,42.496,0.0005621033830287873,0.9442027142995667,0.0,0.0
207,Device,FusedBatchNormGradV3,gradient_tape/mobilenetv2_1.00_256/block_7_expand_BN/FusedBatchNormGradV3,2,84.992,42.496,84.992,42.496,0.0005621033830287873,0.9447648176825955,0.0,0.0
208,Device,FusedBatchNormGradV3,gradient_tape/mobilenetv2_1.00_256/block_8_depthwise_BN/FusedBatchNormGradV3,2,84.992,42.496,84.992,42.496,0.0005621033830287873,0.9453269210656242,0.0,0.0
209,Device,FusedBatchNormGradV3,gradient_tape/mobilenetv2_1.00_256/block_8_expand_BN/FusedBatchNormGradV3,2,84.992,42.496,84.992,42.496,0.0005621033830287873,0.945889024448653,0.0,0.0
210,Device,FusedBatchNormGradV3,gradient_tape/mobilenetv2_1.00_256/block_9_depthwise_BN/FusedBatchNormGradV3,2,84.992,42.496,84.992,42.496,0.0005621033830287873,0.9464511278316817,0.0,0.0
211,Device,Conv2DBackpropInput,gradient_tape/mobilenetv2_1.00_256/block_15_project/Conv2D/Conv2DBackpropInput,2,83.968,41.984,83.968,41.984,0.0005553310531127778,0.9470064588847945,0.0,0.0
212,Device,FusedBatchNormGradV3,gradient_tape/mobilenetv2_1.00_256/block_9_expand_BN/FusedBatchNormGradV3,2,83.968,41.984,83.968,41.984,0.0005553310531127778,0.9475617899379073,0.0,0.0
213,Device,AddV2,mobilenetv2_1.00_256/block_2_add/add,2,83.968,41.984,83.968,41.984,0.0005553310531127778,0.9481171209910201,0.0,0.0
214,Device,FusedBatchNormGradV3,gradient_tape/mobilenetv2_1.00_256/block_10_depthwise_BN/FusedBatchNormGradV3,2,82.944,41.472,82.944,41.472,0.0005485587231967683,0.9486656797142169,0.0,0.0
215,Device,Conv2D,mobilenetv2_1.00_256/block_5_project/Conv2D,2,82.944,41.472,82.944,41.472,0.0005485587231967683,0.9492142384374137,0.0,0.0
216,Device,Conv2DBackpropInput,gradient_tape/mobilenetv2_1.00_256/block_14_project/Conv2D/Conv2DBackpropInput,2,81.92,40.96,81.92,40.96,0.0005417863932807588,0.9497560248306944,0.0,0.0
217,Device,Relu6,mobilenetv2_1.00_256/block_3_depthwise_relu/Relu6,2,81.92,40.96,81.92,40.96,0.0005417863932807588,0.9502978112239752,0.0,0.0
218,Device,Conv2D,mobilenetv2_1.00_256/block_4_project/Conv2D,2,81.92,40.96,81.92,40.96,0.0005417863932807588,0.9508395976172559,0.0,0.0
219,Device,Slice,gradient_tape/mobilenetv2_1.00_256/block_13_pad/Slice_1,2,80.896,40.448,80.896,40.448,0.0005350140633647493,0.9513746116806207,0.0,0.0
220,Device,AddN,SGD/gradients/AddN_9,2,79.872,39.936,79.872,39.936,0.0005282417334487398,0.9519028534140694,0.0,0.0
221,Device,Relu6Grad,gradient_tape/mobilenetv2_1.00_256/block_7_expand_relu/Relu6/Relu6Grad,2,78.848,39.424,78.848,39.424,0.0005214694035327303,0.9524243228176021,0.0,0.0
222,Device,Relu6Grad,gradient_tape/mobilenetv2_1.00_256/block_8_expand_relu/Relu6/Relu6Grad,2,77.824,38.912,77.824,38.912,0.0005146970736167208,0.9529390198912189,0.0,0.0
223,Device,Relu6Grad,gradient_tape/mobilenetv2_1.00_256/block_9_expand_relu/Relu6/Relu6Grad,2,77.824,38.912,77.824,38.912,0.0005146970736167208,0.9534537169648356,0.0,0.0
224,Device,Conv2D,mobilenetv2_1.00_256/block_14_expand/Conv2D,2,77.824,38.912,77.824,38.912,0.0005146970736167208,0.9539684140384523,0.0,0.0
225,Device,DepthwiseConv2dNative,mobilenetv2_1.00_256/block_13_depthwise/depthwise,2,76.8,38.4,76.8,38.4,0.0005079247437007113,0.9544763387821531,0.0,0.0
226,Device,Relu6,mobilenetv2_1.00_256/block_12_expand_relu/Relu6,2,75.776,37.888,75.776,37.888,0.0005011524137847019,0.9549774911959378,0.0,0.0
227,Device,Relu6,mobilenetv2_1.00_256/block_12_depthwise_relu/Relu6,2,74.753,37.3765,74.753,37.3765,0.0004943866974721259,0.9554718778934099,0.0,0.0
228,Device,DepthwiseConv2dNativeBackpropInput,gradient_tape/mobilenetv2_1.00_256/block_14_depthwise/depthwise/DepthwiseConv2dNativeBackpropInput,2,74.752,37.376,74.752,37.376,0.0004943800838686924,0.9559662579772786,0.0,0.0
229,Device,Conv2D,mobilenetv2_1.00_256/block_15_expand/Conv2D,2,74.752,37.376,74.752,37.376,0.0004943800838686924,0.9564606380611473,0.0,0.0
230,Device,Conv2D,mobilenetv2_1.00_256/block_16_expand/Conv2D,2,74.752,37.376,74.752,37.376,0.0004943800838686924,0.956955018145016,0.0,0.0
231,Device,DepthwiseConv2dNativeBackpropInput,gradient_tape/mobilenetv2_1.00_256/block_15_depthwise/depthwise/DepthwiseConv2dNativeBackpropInput,2,73.728,36.864,73.728,36.864,0.0004876077539526829,0.9574426258989688,0.0,0.0
232,Device,DepthwiseConv2dNativeBackpropInput,gradient_tape/mobilenetv2_1.00_256/block_16_depthwise/depthwise/DepthwiseConv2dNativeBackpropInput,2,73.728,36.864,73.728,36.864,0.0004876077539526829,0.9579302336529215,0.0,0.0
233,Device,Relu6,mobilenetv2_1.00_256/block_11_depthwise_relu/Relu6,2,73.728,36.864,73.728,36.864,0.0004876077539526829,0.9584178414068742,0.0,0.0
234,Device,Relu6,mobilenetv2_1.00_256/block_11_expand_relu/Relu6,2,73.728,36.864,73.728,36.864,0.0004876077539526829,0.958905449160827,0.0,0.0
235,Device,Relu6Grad,gradient_tape/mobilenetv2_1.00_256/block_7_depthwise_relu/Relu6/Relu6Grad,2,72.704,36.352,72.704,36.352,0.0004808354240366734,0.9593862845848636,0.0,0.0
236,Device,Relu6Grad,gradient_tape/mobilenetv2_1.00_256/block_8_depthwise_relu/Relu6/Relu6Grad,2,72.704,36.352,72.704,36.352,0.0004808354240366734,0.9598671200089003,0.0,0.0
237,Device,Relu6,mobilenetv2_1.00_256/block_13_expand_relu/Relu6,2,72.704,36.352,72.704,36.352,0.0004808354240366734,0.9603479554329369,0.0,0.0
238,Device,Relu6Grad,gradient_tape/mobilenetv2_1.00_256/block_9_depthwise_relu/Relu6/Relu6Grad,2,71.68,35.84,71.68,35.84,0.000474063094120664,0.9608220185270576,0.0,0.0
239,Device,FusedBatchNormGradV3,gradient_tape/mobilenetv2_1.00_256/Conv_1_bn/FusedBatchNormGradV3,2,69.632,34.816,69.632,34.816,0.000460518434288645,0.9612825369613462,0.0,0.0
240,Device,Relu6Grad,gradient_tape/mobilenetv2_1.00_256/block_10_expand_relu/Relu6/Relu6Grad,2,69.632,34.816,69.632,34.816,0.000460518434288645,0.9617430553956349,0.0,0.0
241,Device,Conv2D,mobilenetv2_1.00_256/block_8_project/Conv2D,2,69.632,34.816,69.632,34.816,0.000460518434288645,0.9622035738299235,0.0,0.0
242,Device,Conv2D,mobilenetv2_1.00_256/block_13_project/Conv2D,2,68.608,34.304,68.608,34.304,0.0004537461043726355,0.9626573199342962,0.0,0.0
243,Device,Conv2D,mobilenetv2_1.00_256/block_7_project/Conv2D,2,68.608,34.304,68.608,34.304,0.0004537461043726355,0.9631110660386688,0.0,0.0
244,Device,Conv2D,mobilenetv2_1.00_256/block_9_project/Conv2D,2,68.608,34.304,68.608,34.304,0.0004537461043726355,0.9635648121430415,0.0,0.0
245,Device,Relu6Grad,gradient_tape/mobilenetv2_1.00_256/block_10_depthwise_relu/Relu6/Relu6Grad,2,67.584,33.792,67.584,33.792,0.00044697377445662603,0.964011785917498,0.0,0.0
246,Device,Conv2DBackpropInput,gradient_tape/mobilenetv2_1.00_256/block_7_project/Conv2D/Conv2DBackpropInput,2,67.584,33.792,67.584,33.792,0.00044697377445662603,0.9644587596919546,0.0,0.0
247,Device,Conv2DBackpropInput,gradient_tape/mobilenetv2_1.00_256/block_13_project/Conv2D/Conv2DBackpropInput,2,66.56,33.28,66.56,33.28,0.00044020144454061654,0.9648989611364952,0.0,0.0
248,Device,Conv2D,mobilenetv2_1.00_256/block_10_expand/Conv2D,2,65.536,32.768,65.536,32.768,0.00043342911462460705,0.9653323902511198,0.0,0.0
249,Device,Conv2DBackpropInput,gradient_tape/mobilenetv2_1.00_256/block_8_project/Conv2D/Conv2DBackpropInput,2,64.512,32.256,64.512,32.256,0.00042665678470859756,0.9657590470358284,0.0,0.0
250,Device,Conv2DBackpropInput,gradient_tape/mobilenetv2_1.00_256/block_9_project/Conv2D/Conv2DBackpropInput,2,64.512,32.256,64.512,32.256,0.00042665678470859756,0.9661857038205369,0.0,0.0
251,Device,Conv2D,mobilenetv2_1.00_256/block_7_expand/Conv2D,2,64.512,32.256,64.512,32.256,0.00042665678470859756,0.9666123606052455,0.0,0.0
252,Device,Conv2D,mobilenetv2_1.00_256/block_9_expand/Conv2D,2,64.512,32.256,64.512,32.256,0.00042665678470859756,0.967039017389954,0.0,0.0
253,Device,Conv2D,mobilenetv2_1.00_256/block_8_expand/Conv2D,2,63.488,31.744,63.488,31.744,0.00041988445479258806,0.9674589018447466,0.0,0.0
254,Device,Relu6Grad,gradient_tape/mobilenetv2_1.00_256/out_relu/Relu6/Relu6Grad,2,62.464,31.232,62.464,31.232,0.00041311212487657857,0.9678720139696232,0.0,0.0
255,Device,Conv2D,mobilenetv2_1.00_256/block_3_project/Conv2D,2,61.44,30.72,61.44,30.72,0.0004063397949605691,0.9682783537645837,0.0,0.0
256,Device,DepthwiseConv2dNative,mobilenetv2_1.00_256/block_10_depthwise/depthwise,2,60.416,30.208,60.416,30.208,0.0003995674650445596,0.9686779212296283,0.0,0.0
257,Device,ResourceApplyGradientDescent,SGD/SGD/update_156/ResourceApplyGradientDescent,2,59.392,29.696,59.392,29.696,0.00039279513512855015,0.9690707163647568,0.0,0.0
258,Device,DepthwiseConv2dNative,mobilenetv2_1.00_256/block_7_depthwise/depthwise,2,59.392,29.696,59.392,29.696,0.00039279513512855015,0.9694635114998854,0.0,0.0
259,Device,DepthwiseConv2dNative,mobilenetv2_1.00_256/block_9_depthwise/depthwise,2,59.392,29.696,59.392,29.696,0.00039279513512855015,0.969856306635014,0.0,0.0
260,Device,FusedBatchNormV3,mobilenetv2_1.00_256/block_9_depthwise_BN/FusedBatchNormV3,4,59.392,14.848,59.392,14.848,0.00039279513512855015,0.9702491017701426,0.0,0.0
261,Device,FusedBatchNormV3,mobilenetv2_1.00_256/block_10_depthwise_BN/FusedBatchNormV3,4,58.368,14.592,58.368,14.592,0.00038602280521254066,0.9706351245753551,0.0,0.0
262,Device,DepthwiseConv2dNative,mobilenetv2_1.00_256/block_8_depthwise/depthwise,2,58.368,29.184,58.368,29.184,0.00038602280521254066,0.9710211473805676,0.0,0.0
263,Device,FusedBatchNormV3,mobilenetv2_1.00_256/block_7_depthwise_BN/FusedBatchNormV3,4,57.344,14.336,57.344,14.336,0.00037925047529653117,0.9714003978558641,0.0,0.0
264,Device,FusedBatchNormV3,mobilenetv2_1.00_256/block_8_depthwise_BN/FusedBatchNormV3,4,57.344,14.336,57.344,14.336,0.00037925047529653117,0.9717796483311606,0.0,0.0
265,Device,FusedBatchNormGradV3,gradient_tape/mobilenetv2_1.00_256/block_14_depthwise_BN/FusedBatchNormGradV3,2,53.248,26.624,53.248,26.624,0.0003521611556324932,0.9721318094867931,0.0,0.0
266,Device,FusedBatchNormGradV3,gradient_tape/mobilenetv2_1.00_256/block_15_depthwise_BN/FusedBatchNormGradV3,2,53.248,26.624,53.248,26.624,0.0003521611556324932,0.9724839706424256,0.0,0.0
267,Device,FusedBatchNormGradV3,gradient_tape/mobilenetv2_1.00_256/block_16_expand_BN/FusedBatchNormGradV3,2,53.248,26.624,53.248,26.624,0.0003521611556324932,0.9728361317980582,0.0,0.0
268,Device,FusedBatchNormV3,mobilenetv2_1.00_256/Conv_1_bn/FusedBatchNormV3,4,53.248,13.312,53.248,13.312,0.0003521611556324932,0.9731882929536907,0.0,0.0
269,Device,FusedBatchNormV3,mobilenetv2_1.00_256/block_9_expand_BN/FusedBatchNormV3,4,52.225,13.05625,52.225,13.05625,0.00034539543931991733,0.9735336883930106,0.0,0.0
270,Device,FusedBatchNormGradV3,gradient_tape/mobilenetv2_1.00_256/block_14_expand_BN/FusedBatchNormGradV3,2,52.224,26.112,52.224,26.112,0.0003453888257164837,0.973879077218727,0.0,0.0
271,Device,DepthwiseConv2dNativeBackpropFilter,gradient_tape/mobilenetv2_1.00_256/block_16_depthwise/depthwise/DepthwiseConv2dNativeBackpropFilter,2,52.224,26.112,52.224,26.112,0.0003453888257164837,0.9742244660444435,0.0,0.0
272,Device,FusedBatchNormGradV3,gradient_tape/mobilenetv2_1.00_256/block_16_depthwise_BN/FusedBatchNormGradV3,2,52.224,26.112,52.224,26.112,0.0003453888257164837,0.9745698548701599,0.0,0.0
273,Device,FusedBatchNormV3,mobilenetv2_1.00_256/block_8_expand_BN/FusedBatchNormV3,4,52.224,13.056,52.224,13.056,0.0003453888257164837,0.9749152436958763,0.0,0.0
274,Device,FusedBatchNormV3,mobilenetv2_1.00_256/block_10_expand_BN/FusedBatchNormV3,4,51.2,12.8,51.2,12.8,0.00033861649580047427,0.9752538601916768,0.0,0.0
275,Device,FusedBatchNormV3,mobilenetv2_1.00_256/block_7_expand_BN/FusedBatchNormV3,4,51.2,12.8,51.2,12.8,0.00033861649580047427,0.9755924766874773,0.0,0.0
276,Device,FusedBatchNormGradV3,gradient_tape/mobilenetv2_1.00_256/block_15_expand_BN/FusedBatchNormGradV3,2,50.177,25.0885,50.177,25.0885,0.00033185077948789834,0.9759243274669652,0.0,0.0
277,Device,Conv2DBackpropInput,gradient_tape/mobilenetv2_1.00_256/block_6_project/Conv2D/Conv2DBackpropInput,2,50.176,25.088,50.176,25.088,0.0003318441658844648,0.9762561716328497,0.0,0.0
278,Device,DepthwiseConv2dNativeBackpropFilter,gradient_tape/mobilenetv2_1.00_256/block_14_depthwise/depthwise/DepthwiseConv2dNativeBackpropFilter,2,47.104,23.552,47.104,23.552,0.0003115271761364363,0.9765676988089862,0.0,0.0
279,Device,Relu6Grad,gradient_tape/mobilenetv2_1.00_256/block_16_depthwise_relu/Relu6/Relu6Grad,2,47.104,23.552,47.104,23.552,0.0003115271761364363,0.9768792259851227,0.0,0.0
280,Device,DepthwiseConv2dNativeBackpropFilter,gradient_tape/mobilenetv2_1.00_256/block_15_depthwise/depthwise/DepthwiseConv2dNativeBackpropFilter,2,46.081,23.0405,46.081,23.0405,0.00030476145982386043,0.9771839874449465,0.0,0.0
281,Device,FusedBatchNormV3,mobilenetv2_1.00_256/block_14_depthwise_BN/FusedBatchNormV3,4,46.08,11.52,46.08,11.52,0.0003047548462204268,0.9774887422911669,0.0,0.0
282,Device,FusedBatchNormV3,mobilenetv2_1.00_256/block_15_depthwise_BN/FusedBatchNormV3,4,46.08,11.52,46.08,11.52,0.0003047548462204268,0.9777934971373873,0.0,0.0
283,Device,FusedBatchNormV3,mobilenetv2_1.00_256/block_16_depthwise_BN/FusedBatchNormV3,4,45.057,11.26425,45.057,11.26425,0.00029798912990785094,0.9780914862672951,0.0,0.0
284,Device,Conv2D,mobilenetv2_1.00_256/block_6_project/Conv2D,2,45.056,22.528,45.056,22.528,0.0002979825163044173,0.9783894687835996,0.0,0.0
285,Device,Relu6Grad,gradient_tape/mobilenetv2_1.00_256/block_14_expand_relu/Relu6/Relu6Grad,2,44.032,22.016,44.032,22.016,0.0002912101863884078,0.978680678969988,0.0,0.0
286,Device,Relu6Grad,gradient_tape/mobilenetv2_1.00_256/block_15_expand_relu/Relu6/Relu6Grad,2,44.032,22.016,44.032,22.016,0.0002912101863884078,0.9789718891563765,0.0,0.0
287,Device,Relu6Grad,gradient_tape/mobilenetv2_1.00_256/block_15_depthwise_relu/Relu6/Relu6Grad,2,43.008,21.504,43.008,21.504,0.0002844378564723984,0.9792563270128488,0.0,0.0
288,Device,Relu6Grad,gradient_tape/mobilenetv2_1.00_256/block_16_expand_relu/Relu6/Relu6Grad,2,43.008,21.504,43.008,21.504,0.0002844378564723984,0.9795407648693212,0.0,0.0
289,Device,MatMul,mobilenetv2_1.00_256/predictions/MatMul,2,43.008,21.504,43.008,21.504,0.0002844378564723984,0.9798252027257935,0.0,0.0
290,Device,Relu6Grad,gradient_tape/mobilenetv2_1.00_256/block_14_depthwise_relu/Relu6/Relu6Grad,2,41.984,20.992,41.984,20.992,0.0002776655265563889,0.9801028682523499,0.0,0.0
291,Device,FusedBatchNormGradV3,gradient_tape/mobilenetv2_1.00_256/block_6_depthwise_BN/FusedBatchNormGradV3,2,40.96,20.48,40.96,20.48,0.0002708931966403794,0.9803737614489904,0.0,0.0
292,Device,FusedBatchNormV3,mobilenetv2_1.00_256/block_15_expand_BN/FusedBatchNormV3,4,40.96,10.24,40.96,10.24,0.0002708931966403794,0.9806446546456308,0.0,0.0
293,Device,FusedBatchNormV3,mobilenetv2_1.00_256/block_14_expand_BN/FusedBatchNormV3,4,39.936,9.984,39.936,9.984,0.0002641208667243699,0.9809087755123551,0.0,0.0
294,Device,MatMul,gradient_tape/mobilenetv2_1.00_256/predictions/MatMul/MatMul,2,38.912,19.456,38.912,19.456,0.0002573485368083604,0.9811661240491635,0.0,0.0
295,Device,FusedBatchNormV3,mobilenetv2_1.00_256/block_16_expand_BN/FusedBatchNormV3,4,38.912,9.728,38.912,9.728,0.0002573485368083604,0.9814234725859718,0.0,0.0
296,Device,FusedBatchNormGradV3,gradient_tape/mobilenetv2_1.00_256/block_3_project_BN/FusedBatchNormGradV3,2,37.888,18.944,37.888,18.944,0.00025057620689235093,0.9816740487928642,0.0,0.0
297,Device,Relu6,mobilenetv2_1.00_256/block_10_depthwise_relu/Relu6,2,37.888,18.944,37.888,18.944,0.00025057620689235093,0.9819246249997566,0.0,0.0
298,Device,Relu6,mobilenetv2_1.00_256/block_10_expand_relu/Relu6,2,37.888,18.944,37.888,18.944,0.00025057620689235093,0.982175201206649,0.0,0.0
299,Device,Relu6,mobilenetv2_1.00_256/block_7_expand_relu/Relu6,2,37.888,18.944,37.888,18.944,0.00025057620689235093,0.9824257774135414,0.0,0.0
300,Device,Relu6,mobilenetv2_1.00_256/block_8_expand_relu/Relu6,2,37.888,18.944,37.888,18.944,0.00025057620689235093,0.9826763536204338,0.0,0.0
301,Device,Relu6,mobilenetv2_1.00_256/block_8_depthwise_relu/Relu6,2,36.865,18.4325,36.865,18.4325,0.00024381049057977506,0.9829201641110136,0.0,0.0
302,Device,FusedBatchNormGradV3,gradient_tape/mobilenetv2_1.00_256/block_4_project_BN/FusedBatchNormGradV3,2,36.864,18.432,36.864,18.432,0.00024380387697634144,0.9831639679879899,0.0,0.0
303,Device,Relu6,mobilenetv2_1.00_256/block_7_depthwise_relu/Relu6,2,36.864,18.432,36.864,18.432,0.00024380387697634144,0.9834077718649662,0.0,0.0
304,Device,Relu6,mobilenetv2_1.00_256/block_9_depthwise_relu/Relu6,2,36.864,18.432,36.864,18.432,0.00024380387697634144,0.9836515757419425,0.0,0.0
305,Device,Relu6,mobilenetv2_1.00_256/block_9_expand_relu/Relu6,2,36.864,18.432,36.864,18.432,0.00024380387697634144,0.9838953796189188,0.0,0.0
306,Device,FusedBatchNormGradV3,gradient_tape/mobilenetv2_1.00_256/block_5_project_BN/FusedBatchNormGradV3,2,34.816,17.408,34.816,17.408,0.0002302592171443225,0.9841256388360632,0.0,0.0
307,Device,FusedBatchNormGradV3,gradient_tape/mobilenetv2_1.00_256/block_13_depthwise_BN/FusedBatchNormGradV3,2,31.744,15.872,31.744,15.872,0.00020994222739629403,0.9843355810634595,0.0,0.0
308,Device,DepthwiseConv2dNative,mobilenetv2_1.00_256/block_15_depthwise/depthwise,2,31.744,15.872,31.744,15.872,0.00020994222739629403,0.9845455232908559,0.0,0.0
309,Device,FusedBatchNormV3,mobilenetv2_1.00_256/block_13_depthwise_BN/FusedBatchNormV3,4,30.72,7.68,30.72,7.68,0.00020316989748028454,0.9847486931883361,0.0,0.0
310,Device,DepthwiseConv2dNative,mobilenetv2_1.00_256/block_16_depthwise/depthwise,2,30.72,15.36,30.72,15.36,0.00020316989748028454,0.9849518630858164,0.0,0.0
311,Device,Transpose,gradient_tape/mobilenetv2_1.00_256/out_relu/Relu6/Relu6Grad-0-TransposeNHWCToNCHW-LayoutOptimizer,2,29.696,14.848,29.696,14.848,0.00019639756756427508,0.9851482606533807,0.0,0.0
312,Device,DepthwiseConv2dNative,mobilenetv2_1.00_256/block_14_depthwise/depthwise,2,29.696,14.848,29.696,14.848,0.00019639756756427508,0.985344658220945,0.0,0.0
313,Device,FusedBatchNormV3,mobilenetv2_1.00_256/block_6_depthwise_BN/FusedBatchNormV3,4,28.672,7.168,28.672,7.168,0.00018962523764826558,0.9855342834585933,0.0,0.0
314,Device,ResourceApplyGradientDescent,SGD/SGD/update_153/ResourceApplyGradientDescent,2,26.624,13.312,26.624,13.312,0.0001760805778162466,0.9857103640364095,0.0,0.0
315,Device,Tile,gradient_tape/mobilenetv2_1.00_256/global_average_pooling2d/Tile,2,26.624,13.312,26.624,13.312,0.0001760805778162466,0.9858864446142258,0.0,0.0
316,Device,Softmax,mobilenetv2_1.00_256/predictions/Softmax,2,26.624,13.312,26.624,13.312,0.0001760805778162466,0.9860625251920421,0.0,0.0
317,Device,FusedBatchNormV3,mobilenetv2_1.00_256/block_3_project_BN/FusedBatchNormV3,4,25.6,6.4,25.6,6.4,0.00016930824790023713,0.9862318334399424,0.0,0.0
318,Device,FusedBatchNormGradV3,gradient_tape/mobilenetv2_1.00_256/block_16_project_BN/FusedBatchNormGradV3,2,24.576,12.288,24.576,12.288,0.00016253591798422764,0.9863943693579266,0.0,0.0
319,Device,FusedBatchNormV3,mobilenetv2_1.00_256/block_4_project_BN/FusedBatchNormV3,4,24.576,6.144,24.576,6.144,0.00016253591798422764,0.9865569052759108,0.0,0.0
320,Device,FusedBatchNormV3,mobilenetv2_1.00_256/block_5_project_BN/FusedBatchNormV3,4,24.576,6.144,24.576,6.144,0.00016253591798422764,0.986719441193895,0.0,0.0
321,Device,ResourceApplyGradientDescent,SGD/SGD/update_150/ResourceApplyGradientDescent,2,23.552,11.776,23.552,11.776,0.00015576358806821815,0.9868752047819632,0.0,0.0
322,Device,Relu6,mobilenetv2_1.00_256/out_relu/Relu6,2,23.552,11.776,23.552,11.776,0.00015576358806821815,0.9870309683700315,0.0,0.0
323,Device,Relu6Grad,gradient_tape/mobilenetv2_1.00_256/block_6_depthwise_relu/Relu6/Relu6Grad,2,22.528,11.264,22.528,11.264,0.00014899125815220866,0.9871799596281836,0.0,0.0
324,Device,FusedBatchNormV3,mobilenetv2_1.00_256/block_16_project_BN/FusedBatchNormV3,4,21.505,5.37625,21.505,5.37625,0.0001422255418396328,0.9873221851700232,0.0,0.0
325,Device,MatMul,gradient_tape/mobilenetv2_1.00_256/predictions/MatMul/MatMul_1,2,20.48,10.24,20.48,10.24,0.0001354465983201897,0.9874576317683434,0.0,0.0
326,Device,FusedBatchNormGradV3,gradient_tape/mobilenetv2_1.00_256/block_10_project_BN/FusedBatchNormGradV3,2,19.456,9.728,19.456,9.728,0.0001286742684041802,0.9875863060367476,0.0,0.0
327,Device,Relu6Grad,gradient_tape/mobilenetv2_1.00_256/block_13_depthwise_relu/Relu6/Relu6Grad,2,19.456,9.728,19.456,9.728,0.0001286742684041802,0.9877149803051517,0.0,0.0
328,Device,FusedBatchNormGradV3,gradient_tape/mobilenetv2_1.00_256/block_9_project_BN/FusedBatchNormGradV3,2,19.456,9.728,19.456,9.728,0.0001286742684041802,0.9878436545735558,0.0,0.0
329,Device,FusedBatchNormGradV3,gradient_tape/mobilenetv2_1.00_256/block_11_project_BN/FusedBatchNormGradV3,2,18.432,9.216,18.432,9.216,0.00012190193848817072,0.987965556512044,0.0,0.0
330,Device,Mul,gradient_tape/mobilenetv2_1.00_256/global_average_pooling2d/truediv,2,18.432,9.216,18.432,9.216,0.00012190193848817072,0.9880874584505321,0.0,0.0
331,Device,FusedBatchNormV3,mobilenetv2_1.00_256/block_10_project_BN/FusedBatchNormV3,4,18.432,4.608,18.432,4.608,0.00012190193848817072,0.9882093603890203,0.0,0.0
332,Device,FusedBatchNormV3,mobilenetv2_1.00_256/block_12_project_BN/FusedBatchNormV3,4,18.432,4.608,18.432,4.608,0.00012190193848817072,0.9883312623275085,0.0,0.0
333,Device,FusedBatchNormV3,mobilenetv2_1.00_256/block_6_project_BN/FusedBatchNormV3,4,18.432,4.608,18.432,4.608,0.00012190193848817072,0.9884531642659966,0.0,0.0
334,Device,FusedBatchNormV3,mobilenetv2_1.00_256/block_8_project_BN/FusedBatchNormV3,4,18.432,4.608,18.432,4.608,0.00012190193848817072,0.9885750662044848,0.0,0.0
335,Device,AddN,SGD/gradients/AddN_8,2,17.408,8.704,17.408,8.704,0.00011512960857216125,0.988690195813057,0.0,0.0
336,Device,FusedBatchNormV3,mobilenetv2_1.00_256/block_11_project_BN/FusedBatchNormV3,4,17.408,4.352,17.408,4.352,0.00011512960857216125,0.9888053254216291,0.0,0.0
337,Device,FusedBatchNormGradV3,gradient_tape/mobilenetv2_1.00_256/block_12_project_BN/FusedBatchNormGradV3,2,16.384,8.192,16.384,8.192,0.00010835727865615176,0.9889136827002852,0.0,0.0
338,Device,FusedBatchNormGradV3,gradient_tape/mobilenetv2_1.00_256/block_6_project_BN/FusedBatchNormGradV3,2,16.384,8.192,16.384,8.192,0.00010835727865615176,0.9890220399789413,0.0,0.0
339,Device,FusedBatchNormGradV3,gradient_tape/mobilenetv2_1.00_256/block_7_project_BN/FusedBatchNormGradV3,2,16.384,8.192,16.384,8.192,0.00010835727865615176,0.9891303972575974,0.0,0.0
340,Device,Relu6,mobilenetv2_1.00_256/block_14_depthwise_relu/Relu6,2,16.384,8.192,16.384,8.192,0.00010835727865615176,0.9892387545362535,0.0,0.0
341,Device,FusedBatchNormV3,mobilenetv2_1.00_256/block_15_project_BN/FusedBatchNormV3,4,16.384,4.096,16.384,4.096,0.00010835727865615176,0.9893471118149096,0.0,0.0
342,Device,Relu6,mobilenetv2_1.00_256/block_16_depthwise_relu/Relu6,2,16.384,8.192,16.384,8.192,0.00010835727865615176,0.9894554690935657,0.0,0.0
343,Device,AddV2,mobilenetv2_1.00_256/block_4_add/add,2,16.384,8.192,16.384,8.192,0.00010835727865615176,0.9895638263722218,0.0,0.0
344,Device,FusedBatchNormV3,mobilenetv2_1.00_256/block_9_project_BN/FusedBatchNormV3,4,16.384,4.096,16.384,4.096,0.00010835727865615176,0.989672183650878,0.0,0.0
345,Device,FusedBatchNormGradV3,gradient_tape/mobilenetv2_1.00_256/block_8_project_BN/FusedBatchNormGradV3,2,15.36,7.68,15.36,7.68,0.00010158494874014227,0.9897737685996181,0.0,0.0
346,Device,Relu6,mobilenetv2_1.00_256/block_14_expand_relu/Relu6,2,15.36,7.68,15.36,7.68,0.00010158494874014227,0.9898753535483582,0.0,0.0
347,Device,FusedBatchNormV3,mobilenetv2_1.00_256/block_14_project_BN/FusedBatchNormV3,4,15.36,3.84,15.36,3.84,0.00010158494874014227,0.9899769384970983,0.0,0.0
348,Device,Relu6,mobilenetv2_1.00_256/block_15_depthwise_relu/Relu6,2,15.36,7.68,15.36,7.68,0.00010158494874014227,0.9900785234458385,0.0,0.0
349,Device,Relu6,mobilenetv2_1.00_256/block_15_expand_relu/Relu6,2,15.36,7.68,15.36,7.68,0.00010158494874014227,0.9901801083945786,0.0,0.0
350,Device,Relu6,mobilenetv2_1.00_256/block_16_expand_relu/Relu6,2,15.36,7.68,15.36,7.68,0.00010158494874014227,0.9902816933433187,0.0,0.0
351,Device,FusedBatchNormV3,mobilenetv2_1.00_256/block_7_project_BN/FusedBatchNormV3,4,15.36,3.84,15.36,3.84,0.00010158494874014227,0.9903832782920589,0.0,0.0
352,Device,Mean,mobilenetv2_1.00_256/global_average_pooling2d/Mean,2,15.36,7.68,15.36,7.68,0.00010158494874014227,0.990484863240799,0.0,0.0
353,Device,ResourceApplyGradientDescent,SGD/SGD/update_135/ResourceApplyGradientDescent,2,14.336,7.168,14.336,7.168,9.481261882413279e-05,0.9905796758596231,0.0,0.0
354,Device,AddN,SGD/gradients/AddN_3,2,14.336,7.168,14.336,7.168,9.481261882413279e-05,0.9906744884784473,0.0,0.0
355,Device,AddN,SGD/gradients/AddN_7,2,14.336,7.168,14.336,7.168,9.481261882413279e-05,0.9907693010972715,0.0,0.0
356,Device,FusedBatchNormGradV3,gradient_tape/mobilenetv2_1.00_256/block_13_project_BN/FusedBatchNormGradV3,2,14.336,7.168,14.336,7.168,9.481261882413279e-05,0.9908641137160956,0.0,0.0
357,Device,FusedBatchNormGradV3,gradient_tape/mobilenetv2_1.00_256/block_15_project_BN/FusedBatchNormGradV3,2,14.336,7.168,14.336,7.168,9.481261882413279e-05,0.9909589263349198,0.0,0.0
358,Device,FusedBatchNormV3,mobilenetv2_1.00_256/block_13_project_BN/FusedBatchNormV3,4,14.336,3.584,14.336,3.584,9.481261882413279e-05,0.9910537389537439,0.0,0.0
359,Device,AddV2,mobilenetv2_1.00_256/block_5_add/add,2,14.336,7.168,14.336,7.168,9.481261882413279e-05,0.9911485515725681,0.0,0.0
360,Device,ResourceApplyGradientDescent,SGD/SGD/update_126/ResourceApplyGradientDescent,2,13.312,6.656,13.312,6.656,8.80402889081233e-05,0.9912365918614762,0.0,0.0
361,Device,ResourceApplyGradientDescent,SGD/SGD/update_144/ResourceApplyGradientDescent,2,13.312,6.656,13.312,6.656,8.80402889081233e-05,0.9913246321503842,0.0,0.0
362,Device,AddN,SGD/gradients/AddN_2,2,13.312,6.656,13.312,6.656,8.80402889081233e-05,0.9914126724392923,0.0,0.0
363,Device,FusedBatchNormGradV3,gradient_tape/mobilenetv2_1.00_256/block_14_project_BN/FusedBatchNormGradV3,2,13.312,6.656,13.312,6.656,8.80402889081233e-05,0.9915007127282004,0.0,0.0
364,Device,AddV2,mobilenetv2_1.00_256/block_11_add/add,2,13.312,6.656,13.312,6.656,8.80402889081233e-05,0.9915887530171085,0.0,0.0
365,Device,AddV2,mobilenetv2_1.00_256/block_12_add/add,2,13.312,6.656,13.312,6.656,8.80402889081233e-05,0.9916767933060165,0.0,0.0
366,Device,_Recv,IteratorGetNext/_4,2,12.288,6.144,12.288,6.144,8.126795899211382e-05,0.9917580612650087,0.0,0.0
367,Device,AddV2,mobilenetv2_1.00_256/block_7_add/add,2,12.288,6.144,12.288,6.144,8.126795899211382e-05,0.9918393292240008,0.0,0.0
368,Device,ResourceApplyGradientDescent,SGD/SGD/update_141/ResourceApplyGradientDescent,2,11.264,5.632,11.264,5.632,7.449562907610433e-05,0.9919138248530769,0.0,0.0
369,Device,AddN,SGD/gradients/AddN,2,11.264,5.632,11.264,5.632,7.449562907610433e-05,0.991988320482153,0.0,0.0
370,Device,AddN,SGD/gradients/AddN_1,2,11.264,5.632,11.264,5.632,7.449562907610433e-05,0.9920628161112292,0.0,0.0
371,Device,AddV2,mobilenetv2_1.00_256/block_8_add/add,2,11.264,5.632,11.264,5.632,7.449562907610433e-05,0.9921373117403053,0.0,0.0
372,Device,AddV2,mobilenetv2_1.00_256/block_9_add/add,2,11.264,5.632,11.264,5.632,7.449562907610433e-05,0.9922118073693814,0.0,0.0
373,Device,ResourceApplyGradientDescent,SGD/SGD/update_105/ResourceApplyGradientDescent,2,10.24,5.12,10.24,5.12,6.772329916009485e-05,0.9922795306685415,0.0,0.0
374,Device,ResourceApplyGradientDescent,SGD/SGD/update_132/ResourceApplyGradientDescent,2,10.24,5.12,10.24,5.12,6.772329916009485e-05,0.9923472539677015,0.0,0.0
375,Device,AddN,SGD/gradients/AddN_4,2,10.24,5.12,10.24,5.12,6.772329916009485e-05,0.9924149772668616,0.0,0.0
376,Device,AddN,SGD/gradients/AddN_5,2,10.24,5.12,10.24,5.12,6.772329916009485e-05,0.9924827005660216,0.0,0.0
377,Device,AddN,SGD/gradients/AddN_6,2,10.24,5.12,10.24,5.12,6.772329916009485e-05,0.9925504238651817,0.0,0.0
378,Device,AddV2,mobilenetv2_1.00_256/block_14_add/add,2,10.24,5.12,10.24,5.12,6.772329916009485e-05,0.9926181471643417,0.0,0.0
379,Device,AddV2,mobilenetv2_1.00_256/block_15_add/add,2,10.24,5.12,10.24,5.12,6.772329916009485e-05,0.9926858704635018,0.0,0.0
380,Device,Relu6,mobilenetv2_1.00_256/block_6_depthwise_relu/Relu6,2,10.24,5.12,10.24,5.12,6.772329916009485e-05,0.9927535937626618,0.0,0.0
381,Device,ResourceApplyGradientDescent,SGD/SGD/update_114/ResourceApplyGradientDescent,2,9.216,4.608,9.216,4.608,6.095096924408536e-05,0.9928145447319059,0.0,0.0
382,Device,ResourceApplyGradientDescent,SGD/SGD/update_96/ResourceApplyGradientDescent,2,9.216,4.608,9.216,4.608,6.095096924408536e-05,0.99287549570115,0.0,0.0
383,Device,Relu6,mobilenetv2_1.00_256/block_13_depthwise_relu/Relu6,2,9.216,4.608,9.216,4.608,6.095096924408536e-05,0.992936446670394,0.0,0.0
384,Device,ResourceApplyGradientDescent,SGD/SGD/update_108/ResourceApplyGradientDescent,2,8.192,4.096,8.192,4.096,5.417863932807588e-05,0.9929906253097222,0.0,0.0
385,Device,ResourceApplyGradientDescent,SGD/SGD/update_117/ResourceApplyGradientDescent,2,8.192,4.096,8.192,4.096,5.417863932807588e-05,0.9930448039490503,0.0,0.0
386,Device,ResourceApplyGradientDescent,SGD/SGD/update_123/ResourceApplyGradientDescent,2,8.192,4.096,8.192,4.096,5.417863932807588e-05,0.9930989825883784,0.0,0.0
387,Device,ResourceApplyGradientDescent,SGD/SGD/update_138/ResourceApplyGradientDescent,2,8.192,4.096,8.192,4.096,5.417863932807588e-05,0.9931531612277065,0.0,0.0
388,Device,ResourceApplyGradientDescent,SGD/SGD/update_28/ResourceApplyGradientDescent,2,8.192,4.096,8.192,4.096,5.417863932807588e-05,0.9932073398670346,0.0,0.0
389,Device,ResourceApplyGradientDescent,SGD/SGD/update_36/ResourceApplyGradientDescent,2,8.192,4.096,8.192,4.096,5.417863932807588e-05,0.9932615185063627,0.0,0.0
390,Device,ResourceApplyGradientDescent,SGD/SGD/update_45/ResourceApplyGradientDescent,2,8.192,4.096,8.192,4.096,5.417863932807588e-05,0.9933156971456908,0.0,0.0
391,Device,ResourceApplyGradientDescent,SGD/SGD/update_51/ResourceApplyGradientDescent,2,8.192,4.096,8.192,4.096,5.417863932807588e-05,0.9933698757850189,0.0,0.0
392,Device,ResourceApplyGradientDescent,SGD/SGD/update_60/ResourceApplyGradientDescent,2,8.192,4.096,8.192,4.096,5.417863932807588e-05,0.993424054424347,0.0,0.0
393,Device,ResourceApplyGradientDescent,SGD/SGD/update_69/ResourceApplyGradientDescent,2,8.192,4.096,8.192,4.096,5.417863932807588e-05,0.9934782330636751,0.0,0.0
394,Device,ResourceApplyGradientDescent,SGD/SGD/update_87/ResourceApplyGradientDescent,2,8.192,4.096,8.192,4.096,5.417863932807588e-05,0.9935324117030032,0.0,0.0
395,Device,ResourceApplyGradientDescent,SGD/SGD/update_93/ResourceApplyGradientDescent,2,8.192,4.096,8.192,4.096,5.417863932807588e-05,0.9935865903423313,0.0,0.0
396,Device,ResourceApplyGradientDescent,SGD/SGD/update_99/ResourceApplyGradientDescent,2,8.192,4.096,8.192,4.096,5.417863932807588e-05,0.9936407689816594,0.0,0.0
397,Device,Equal,Equal,2,7.168,3.584,7.168,3.584,4.7406309412066396e-05,0.9936881752910715,0.0,0.0
398,Device,Mul,Mul,2,7.168,3.584,7.168,3.584,4.7406309412066396e-05,0.9937355816004835,0.0,0.0
399,Device,ResourceApplyGradientDescent,SGD/SGD/update_102/ResourceApplyGradientDescent,2,7.168,3.584,7.168,3.584,4.7406309412066396e-05,0.9937829879098955,0.0,0.0
400,Device,ResourceApplyGradientDescent,SGD/SGD/update_106/ResourceApplyGradientDescent,2,7.168,3.584,7.168,3.584,4.7406309412066396e-05,0.9938303942193075,0.0,0.0
401,Device,ResourceApplyGradientDescent,SGD/SGD/update_109/ResourceApplyGradientDescent,2,7.168,3.584,7.168,3.584,4.7406309412066396e-05,0.9938778005287195,0.0,0.0
402,Device,ResourceApplyGradientDescent,SGD/SGD/update_111/ResourceApplyGradientDescent,2,7.168,3.584,7.168,3.584,4.7406309412066396e-05,0.9939252068381316,0.0,0.0
403,Device,ResourceApplyGradientDescent,SGD/SGD/update_112/ResourceApplyGradientDescent,2,7.168,3.584,7.168,3.584,4.7406309412066396e-05,0.9939726131475436,0.0,0.0
404,Device,ResourceApplyGradientDescent,SGD/SGD/update_113/ResourceApplyGradientDescent,2,7.168,3.584,7.168,3.584,4.7406309412066396e-05,0.9940200194569556,0.0,0.0
405,Device,ResourceApplyGradientDescent,SGD/SGD/update_120/ResourceApplyGradientDescent,2,7.168,3.584,7.168,3.584,4.7406309412066396e-05,0.9940674257663676,0.0,0.0
406,Device,ResourceApplyGradientDescent,SGD/SGD/update_131/ResourceApplyGradientDescent,2,7.168,3.584,7.168,3.584,4.7406309412066396e-05,0.9941148320757797,0.0,0.0
407,Device,ResourceApplyGradientDescent,SGD/SGD/update_136/ResourceApplyGradientDescent,2,7.168,3.584,7.168,3.584,4.7406309412066396e-05,0.9941622383851917,0.0,0.0
408,Device,ResourceApplyGradientDescent,SGD/SGD/update_149/ResourceApplyGradientDescent,2,7.168,3.584,7.168,3.584,4.7406309412066396e-05,0.9942096446946037,0.0,0.0
409,Device,ResourceApplyGradientDescent,SGD/SGD/update_15/ResourceApplyGradientDescent,2,7.168,3.584,7.168,3.584,4.7406309412066396e-05,0.9942570510040157,0.0,0.0
410,Device,ResourceApplyGradientDescent,SGD/SGD/update_18/ResourceApplyGradientDescent,2,7.168,3.584,7.168,3.584,4.7406309412066396e-05,0.9943044573134278,0.0,0.0
411,Device,ResourceApplyGradientDescent,SGD/SGD/update_23/ResourceApplyGradientDescent,2,7.168,3.584,7.168,3.584,4.7406309412066396e-05,0.9943518636228398,0.0,0.0
412,Device,ResourceApplyGradientDescent,SGD/SGD/update_24/ResourceApplyGradientDescent,2,7.168,3.584,7.168,3.584,4.7406309412066396e-05,0.9943992699322518,0.0,0.0
413,Device,ResourceApplyGradientDescent,SGD/SGD/update_27/ResourceApplyGradientDescent,2,7.168,3.584,7.168,3.584,4.7406309412066396e-05,0.9944466762416638,0.0,0.0
414,Device,ResourceApplyGradientDescent,SGD/SGD/update_33/ResourceApplyGradientDescent,2,7.168,3.584,7.168,3.584,4.7406309412066396e-05,0.9944940825510759,0.0,0.0
415,Device,ResourceApplyGradientDescent,SGD/SGD/update_4/ResourceApplyGradientDescent,2,7.168,3.584,7.168,3.584,4.7406309412066396e-05,0.9945414888604879,0.0,0.0
416,Device,ResourceApplyGradientDescent,SGD/SGD/update_46/ResourceApplyGradientDescent,2,7.168,3.584,7.168,3.584,4.7406309412066396e-05,0.9945888951698999,0.0,0.0
417,Device,ResourceApplyGradientDescent,SGD/SGD/update_50/ResourceApplyGradientDescent,2,7.168,3.584,7.168,3.584,4.7406309412066396e-05,0.9946363014793119,0.0,0.0
418,Device,ResourceApplyGradientDescent,SGD/SGD/update_54/ResourceApplyGradientDescent,2,7.168,3.584,7.168,3.584,4.7406309412066396e-05,0.994683707788724,0.0,0.0
419,Device,ResourceApplyGradientDescent,SGD/SGD/update_58/ResourceApplyGradientDescent,2,7.168,3.584,7.168,3.584,4.7406309412066396e-05,0.994731114098136,0.0,0.0
420,Device,ResourceApplyGradientDescent,SGD/SGD/update_63/ResourceApplyGradientDescent,2,7.168,3.584,7.168,3.584,4.7406309412066396e-05,0.994778520407548,0.0,0.0
421,Device,ResourceApplyGradientDescent,SGD/SGD/update_66/ResourceApplyGradientDescent,2,7.168,3.584,7.168,3.584,4.7406309412066396e-05,0.99482592671696,0.0,0.0
422,Device,ResourceApplyGradientDescent,SGD/SGD/update_72/ResourceApplyGradientDescent,2,7.168,3.584,7.168,3.584,4.7406309412066396e-05,0.994873333026372,0.0,0.0
423,Device,ResourceApplyGradientDescent,SGD/SGD/update_78/ResourceApplyGradientDescent,2,7.168,3.584,7.168,3.584,4.7406309412066396e-05,0.9949207393357841,0.0,0.0
424,Device,ResourceApplyGradientDescent,SGD/SGD/update_79/ResourceApplyGradientDescent,2,7.168,3.584,7.168,3.584,4.7406309412066396e-05,0.9949681456451961,0.0,0.0
425,Device,ResourceApplyGradientDescent,SGD/SGD/update_81/ResourceApplyGradientDescent,2,7.168,3.584,7.168,3.584,4.7406309412066396e-05,0.9950155519546081,0.0,0.0
426,Device,ResourceApplyGradientDescent,SGD/SGD/update_88/ResourceApplyGradientDescent,2,7.168,3.584,7.168,3.584,4.7406309412066396e-05,0.9950629582640201,0.0,0.0
427,Device,ResourceApplyGradientDescent,SGD/SGD/update_89/ResourceApplyGradientDescent,2,7.168,3.584,7.168,3.584,4.7406309412066396e-05,0.9951103645734322,0.0,0.0
428,Device,ResourceApplyGradientDescent,SGD/SGD/update_9/ResourceApplyGradientDescent,2,7.168,3.584,7.168,3.584,4.7406309412066396e-05,0.9951577708828442,0.0,0.0
429,Device,ResourceApplyGradientDescent,SGD/SGD/update_90/ResourceApplyGradientDescent,2,7.168,3.584,7.168,3.584,4.7406309412066396e-05,0.9952051771922562,0.0,0.0
430,Device,ResourceApplyGradientDescent,SGD/SGD/update_91/ResourceApplyGradientDescent,2,7.168,3.584,7.168,3.584,4.7406309412066396e-05,0.9952525835016682,0.0,0.0
431,Device,BiasAddGrad,gradient_tape/mobilenetv2_1.00_256/predictions/BiasAdd/BiasAddGrad,2,7.168,3.584,7.168,3.584,4.7406309412066396e-05,0.9952999898110803,0.0,0.0
432,Device,ResourceApplyGradientDescent,SGD/SGD/update_124/ResourceApplyGradientDescent,2,6.145,3.0725,6.145,3.0725,4.064059309949051e-05,0.9953406304041797,0.0,0.0
433,Device,ResourceApplyGradientDescent,SGD/SGD/update_83/ResourceApplyGradientDescent,2,6.145,3.0725,6.145,3.0725,4.064059309949051e-05,0.9953812709972792,0.0,0.0
434,Device,AssignAddVariableOp,AssignAddVariableOp,2,6.144,3.072,6.144,3.072,4.063397949605691e-05,0.9954219049767753,0.0,0.0
435,Device,AssignAddVariableOp,AssignAddVariableOp_1,2,6.144,3.072,6.144,3.072,4.063397949605691e-05,0.9954625389562713,0.0,0.0
436,Device,AssignAddVariableOp,AssignAddVariableOp_3,2,6.144,3.072,6.144,3.072,4.063397949605691e-05,0.9955031729357674,0.0,0.0
437,Device,AssignAddVariableOp,AssignAddVariableOp_4,2,6.144,3.072,6.144,3.072,4.063397949605691e-05,0.9955438069152635,0.0,0.0
438,Device,AssignAddVariableOp,SGD/SGD/AssignAddVariableOp,2,6.144,3.072,6.144,3.072,4.063397949605691e-05,0.9955844408947595,0.0,0.0
439,Device,ResourceApplyGradientDescent,SGD/SGD/update/ResourceApplyGradientDescent,2,6.144,3.072,6.144,3.072,4.063397949605691e-05,0.9956250748742556,0.0,0.0
440,Device,ResourceApplyGradientDescent,SGD/SGD/update_1/ResourceApplyGradientDescent,2,6.144,3.072,6.144,3.072,4.063397949605691e-05,0.9956657088537516,0.0,0.0
441,Device,ResourceApplyGradientDescent,SGD/SGD/update_10/ResourceApplyGradientDescent,2,6.144,3.072,6.144,3.072,4.063397949605691e-05,0.9957063428332477,0.0,0.0
442,Device,ResourceApplyGradientDescent,SGD/SGD/update_100/ResourceApplyGradientDescent,2,6.144,3.072,6.144,3.072,4.063397949605691e-05,0.9957469768127437,0.0,0.0
443,Device,ResourceApplyGradientDescent,SGD/SGD/update_101/ResourceApplyGradientDescent,2,6.144,3.072,6.144,3.072,4.063397949605691e-05,0.9957876107922398,0.0,0.0
444,Device,ResourceApplyGradientDescent,SGD/SGD/update_103/ResourceApplyGradientDescent,2,6.144,3.072,6.144,3.072,4.063397949605691e-05,0.9958282447717358,0.0,0.0
445,Device,ResourceApplyGradientDescent,SGD/SGD/update_104/ResourceApplyGradientDescent,2,6.144,3.072,6.144,3.072,4.063397949605691e-05,0.9958688787512319,0.0,0.0
446,Device,ResourceApplyGradientDescent,SGD/SGD/update_107/ResourceApplyGradientDescent,2,6.144,3.072,6.144,3.072,4.063397949605691e-05,0.9959095127307279,0.0,0.0
447,Device,ResourceApplyGradientDescent,SGD/SGD/update_11/ResourceApplyGradientDescent,2,6.144,3.072,6.144,3.072,4.063397949605691e-05,0.995950146710224,0.0,0.0
448,Device,ResourceApplyGradientDescent,SGD/SGD/update_110/ResourceApplyGradientDescent,2,6.144,3.072,6.144,3.072,4.063397949605691e-05,0.99599078068972,0.0,0.0
449,Device,ResourceApplyGradientDescent,SGD/SGD/update_115/ResourceApplyGradientDescent,2,6.144,3.072,6.144,3.072,4.063397949605691e-05,0.9960314146692161,0.0,0.0
450,Device,ResourceApplyGradientDescent,SGD/SGD/update_116/ResourceApplyGradientDescent,2,6.144,3.072,6.144,3.072,4.063397949605691e-05,0.9960720486487121,0.0,0.0
451,Device,ResourceApplyGradientDescent,SGD/SGD/update_118/ResourceApplyGradientDescent,2,6.144,3.072,6.144,3.072,4.063397949605691e-05,0.9961126826282082,0.0,0.0
452,Device,ResourceApplyGradientDescent,SGD/SGD/update_119/ResourceApplyGradientDescent,2,6.144,3.072,6.144,3.072,4.063397949605691e-05,0.9961533166077042,0.0,0.0
453,Device,ResourceApplyGradientDescent,SGD/SGD/update_12/ResourceApplyGradientDescent,2,6.144,3.072,6.144,3.072,4.063397949605691e-05,0.9961939505872003,0.0,0.0
454,Device,ResourceApplyGradientDescent,SGD/SGD/update_121/ResourceApplyGradientDescent,2,6.144,3.072,6.144,3.072,4.063397949605691e-05,0.9962345845666963,0.0,0.0
455,Device,ResourceApplyGradientDescent,SGD/SGD/update_122/ResourceApplyGradientDescent,2,6.144,3.072,6.144,3.072,4.063397949605691e-05,0.9962752185461924,0.0,0.0
456,Device,ResourceApplyGradientDescent,SGD/SGD/update_127/ResourceApplyGradientDescent,2,6.144,3.072,6.144,3.072,4.063397949605691e-05,0.9963158525256884,0.0,0.0
457,Device,ResourceApplyGradientDescent,SGD/SGD/update_128/ResourceApplyGradientDescent,2,6.144,3.072,6.144,3.072,4.063397949605691e-05,0.9963564865051845,0.0,0.0
458,Device,ResourceApplyGradientDescent,SGD/SGD/update_129/ResourceApplyGradientDescent,2,6.144,3.072,6.144,3.072,4.063397949605691e-05,0.9963971204846805,0.0,0.0
459,Device,ResourceApplyGradientDescent,SGD/SGD/update_13/ResourceApplyGradientDescent,2,6.144,3.072,6.144,3.072,4.063397949605691e-05,0.9964377544641766,0.0,0.0
460,Device,ResourceApplyGradientDescent,SGD/SGD/update_130/ResourceApplyGradientDescent,2,6.144,3.072,6.144,3.072,4.063397949605691e-05,0.9964783884436726,0.0,0.0
461,Device,ResourceApplyGradientDescent,SGD/SGD/update_133/ResourceApplyGradientDescent,2,6.144,3.072,6.144,3.072,4.063397949605691e-05,0.9965190224231687,0.0,0.0
462,Device,ResourceApplyGradientDescent,SGD/SGD/update_137/ResourceApplyGradientDescent,2,6.144,3.072,6.144,3.072,4.063397949605691e-05,0.9965596564026648,0.0,0.0
463,Device,ResourceApplyGradientDescent,SGD/SGD/update_139/ResourceApplyGradientDescent,2,6.144,3.072,6.144,3.072,4.063397949605691e-05,0.9966002903821608,0.0,0.0
464,Device,ResourceApplyGradientDescent,SGD/SGD/update_14/ResourceApplyGradientDescent,2,6.144,3.072,6.144,3.072,4.063397949605691e-05,0.9966409243616569,0.0,0.0
465,Device,ResourceApplyGradientDescent,SGD/SGD/update_140/ResourceApplyGradientDescent,2,6.144,3.072,6.144,3.072,4.063397949605691e-05,0.9966815583411529,0.0,0.0
466,Device,ResourceApplyGradientDescent,SGD/SGD/update_142/ResourceApplyGradientDescent,2,6.144,3.072,6.144,3.072,4.063397949605691e-05,0.996722192320649,0.0,0.0
467,Device,ResourceApplyGradientDescent,SGD/SGD/update_143/ResourceApplyGradientDescent,2,6.144,3.072,6.144,3.072,4.063397949605691e-05,0.996762826300145,0.0,0.0
468,Device,ResourceApplyGradientDescent,SGD/SGD/update_145/ResourceApplyGradientDescent,2,6.144,3.072,6.144,3.072,4.063397949605691e-05,0.9968034602796411,0.0,0.0
469,Device,ResourceApplyGradientDescent,SGD/SGD/update_146/ResourceApplyGradientDescent,2,6.144,3.072,6.144,3.072,4.063397949605691e-05,0.9968440942591371,0.0,0.0
470,Device,ResourceApplyGradientDescent,SGD/SGD/update_147/ResourceApplyGradientDescent,2,6.144,3.072,6.144,3.072,4.063397949605691e-05,0.9968847282386332,0.0,0.0
471,Device,ResourceApplyGradientDescent,SGD/SGD/update_148/ResourceApplyGradientDescent,2,6.144,3.072,6.144,3.072,4.063397949605691e-05,0.9969253622181292,0.0,0.0
472,Device,ResourceApplyGradientDescent,SGD/SGD/update_151/ResourceApplyGradientDescent,2,6.144,3.072,6.144,3.072,4.063397949605691e-05,0.9969659961976253,0.0,0.0
473,Device,ResourceApplyGradientDescent,SGD/SGD/update_152/ResourceApplyGradientDescent,2,6.144,3.072,6.144,3.072,4.063397949605691e-05,0.9970066301771213,0.0,0.0
474,Device,ResourceApplyGradientDescent,SGD/SGD/update_154/ResourceApplyGradientDescent,2,6.144,3.072,6.144,3.072,4.063397949605691e-05,0.9970472641566174,0.0,0.0
475,Device,ResourceApplyGradientDescent,SGD/SGD/update_155/ResourceApplyGradientDescent,2,6.144,3.072,6.144,3.072,4.063397949605691e-05,0.9970878981361134,0.0,0.0
476,Device,ResourceApplyGradientDescent,SGD/SGD/update_157/ResourceApplyGradientDescent,2,6.144,3.072,6.144,3.072,4.063397949605691e-05,0.9971285321156095,0.0,0.0
477,Device,ResourceApplyGradientDescent,SGD/SGD/update_16/ResourceApplyGradientDescent,2,6.144,3.072,6.144,3.072,4.063397949605691e-05,0.9971691660951055,0.0,0.0
478,Device,ResourceApplyGradientDescent,SGD/SGD/update_17/ResourceApplyGradientDescent,2,6.144,3.072,6.144,3.072,4.063397949605691e-05,0.9972098000746016,0.0,0.0
479,Device,ResourceApplyGradientDescent,SGD/SGD/update_19/ResourceApplyGradientDescent,2,6.144,3.072,6.144,3.072,4.063397949605691e-05,0.9972504340540976,0.0,0.0
480,Device,ResourceApplyGradientDescent,SGD/SGD/update_2/ResourceApplyGradientDescent,2,6.144,3.072,6.144,3.072,4.063397949605691e-05,0.9972910680335937,0.0,0.0
481,Device,ResourceApplyGradientDescent,SGD/SGD/update_20/ResourceApplyGradientDescent,2,6.144,3.072,6.144,3.072,4.063397949605691e-05,0.9973317020130897,0.0,0.0
482,Device,ResourceApplyGradientDescent,SGD/SGD/update_21/ResourceApplyGradientDescent,2,6.144,3.072,6.144,3.072,4.063397949605691e-05,0.9973723359925858,0.0,0.0
483,Device,ResourceApplyGradientDescent,SGD/SGD/update_22/ResourceApplyGradientDescent,2,6.144,3.072,6.144,3.072,4.063397949605691e-05,0.9974129699720818,0.0,0.0
484,Device,ResourceApplyGradientDescent,SGD/SGD/update_25/ResourceApplyGradientDescent,2,6.144,3.072,6.144,3.072,4.063397949605691e-05,0.9974536039515779,0.0,0.0
485,Device,ResourceApplyGradientDescent,SGD/SGD/update_26/ResourceApplyGradientDescent,2,6.144,3.072,6.144,3.072,4.063397949605691e-05,0.997494237931074,0.0,0.0
486,Device,ResourceApplyGradientDescent,SGD/SGD/update_29/ResourceApplyGradientDescent,2,6.144,3.072,6.144,3.072,4.063397949605691e-05,0.99753487191057,0.0,0.0
487,Device,ResourceApplyGradientDescent,SGD/SGD/update_3/ResourceApplyGradientDescent,2,6.144,3.072,6.144,3.072,4.063397949605691e-05,0.997575505890066,0.0,0.0
488,Device,ResourceApplyGradientDescent,SGD/SGD/update_30/ResourceApplyGradientDescent,2,6.144,3.072,6.144,3.072,4.063397949605691e-05,0.9976161398695621,0.0,0.0
489,Device,ResourceApplyGradientDescent,SGD/SGD/update_31/ResourceApplyGradientDescent,2,6.144,3.072,6.144,3.072,4.063397949605691e-05,0.9976567738490582,0.0,0.0
490,Device,ResourceApplyGradientDescent,SGD/SGD/update_32/ResourceApplyGradientDescent,2,6.144,3.072,6.144,3.072,4.063397949605691e-05,0.9976974078285542,0.0,0.0
491,Device,ResourceApplyGradientDescent,SGD/SGD/update_34/ResourceApplyGradientDescent,2,6.144,3.072,6.144,3.072,4.063397949605691e-05,0.9977380418080503,0.0,0.0
492,Device,ResourceApplyGradientDescent,SGD/SGD/update_35/ResourceApplyGradientDescent,2,6.144,3.072,6.144,3.072,4.063397949605691e-05,0.9977786757875463,0.0,0.0
493,Device,ResourceApplyGradientDescent,SGD/SGD/update_37/ResourceApplyGradientDescent,2,6.144,3.072,6.144,3.072,4.063397949605691e-05,0.9978193097670424,0.0,0.0
494,Device,ResourceApplyGradientDescent,SGD/SGD/update_38/ResourceApplyGradientDescent,2,6.144,3.072,6.144,3.072,4.063397949605691e-05,0.9978599437465384,0.0,0.0
495,Device,ResourceApplyGradientDescent,SGD/SGD/update_39/ResourceApplyGradientDescent,2,6.144,3.072,6.144,3.072,4.063397949605691e-05,0.9979005777260345,0.0,0.0
496,Device,ResourceApplyGradientDescent,SGD/SGD/update_40/ResourceApplyGradientDescent,2,6.144,3.072,6.144,3.072,4.063397949605691e-05,0.9979412117055305,0.0,0.0
497,Device,ResourceApplyGradientDescent,SGD/SGD/update_41/ResourceApplyGradientDescent,2,6.144,3.072,6.144,3.072,4.063397949605691e-05,0.9979818456850266,0.0,0.0
498,Device,ResourceApplyGradientDescent,SGD/SGD/update_42/ResourceApplyGradientDescent,2,6.144,3.072,6.144,3.072,4.063397949605691e-05,0.9980224796645226,0.0,0.0
499,Device,ResourceApplyGradientDescent,SGD/SGD/update_43/ResourceApplyGradientDescent,2,6.144,3.072,6.144,3.072,4.063397949605691e-05,0.9980631136440187,0.0,0.0
500,Device,ResourceApplyGradientDescent,SGD/SGD/update_44/ResourceApplyGradientDescent,2,6.144,3.072,6.144,3.072,4.063397949605691e-05,0.9981037476235147,0.0,0.0
501,Host,IDLE,IDLE,0,382830.172,0.0,382830.172,0.0,0.0,0.0,0.9916279446571303,0.9916279446571303
502,Host,GatherV2,GatherV2,2,2769.32,1384.66,2769.32,1384.66,0.0,0.0,0.007173246260479919,0.9988011909176102
503,Host,Dataset,Iterator::Root::ParallelMapV2::Zip[0]::FlatMap,2,106.551,53.2755,84.121,42.0605,0.0,0.0,0.0002178948798541993,0.9990190857974645
504,Host,Dataset,Iterator::Root::ParallelMapV2::Zip[1]::ForeverRepeat,2,56.231,28.1155,51.741,25.8705,0.0,0.0,0.00013402240794256043,0.999153108205407
505,Host,Dataset,Iterator::Root::ParallelMapV2,2,50.95,25.475,50.95,25.475,0.0,0.0,0.00013197351587084622,0.9992850817212778
506,Host,GatherV2,GatherV2_1,2,50.561,25.2805,50.561,25.2805,0.0,0.0,0.00013096590649550255,0.9994160476277734
507,Host,FlushSummaryWriter,FlushSummaryWriter,1,38.73,38.73,38.73,38.73,0.0,0.0,0.00010032059410555199,0.999516368221879
508,Host,Dataset,Iterator::Root,2,89.251,44.6255,38.301,19.1505,0.0,0.0,9.920937451166401e-05,0.9996155775963906
509,Host,IteratorGetNext,IteratorGetNext,2,37.43,18.715,37.43,18.715,0.0,0.0,9.695326200286112e-05,0.9997125308583935
510,Host,LogicalAnd,LogicalAnd,1,36.17,36.17,36.17,36.17,0.0,0.0,9.368954011871458e-05,0.9998062203985122
511,Host,Dataset,Iterator::Root::ParallelMapV2::Zip[0]::FlatMap[1]::TensorSlice,2,22.43,11.215,22.43,11.215,0.0,0.0,5.8099430048735637e-05,0.9998643198285609
512,Host,WriteSummary,WriteSummary,1,22.15,22.15,22.15,22.15,0.0,0.0,5.737415851892529e-05,0.9999216939870799
513,Host,Dataset,Iterator::Root::ParallelMapV2::Zip,2,176.233,88.1165,13.451,6.7255,0.0,0.0,3.4841526240996126e-05,0.9999565355133209
514,Host,ReadVariableOp,ReadVariableOp,1,5.86,5.86,5.86,5.86,0.0,0.0,1.5178897016745021e-05,0.9999717144103376
515,Host,Dataset,Iterator::Root::ParallelMapV2::Zip[1]::ForeverRepeat::FromTensor,4,4.49,1.1225,4.49,1.1225,0.0,0.0,1.163024703160156e-05,0.9999833446573692
516,Host,_Send,IteratorGetNext/_1,2,3.54,1.77,3.54,1.77,0.0,0.0,9.169504341173614e-06,0.9999925141617103
517,Host,Identity,Identity,2,2.89,1.445,2.89,1.445,0.0,0.0,7.485838289828176e-06,1.0000000000000002
