Rank,Host/device,Type,Operation,#Occurrences,Total time (us),Avg. time (us),Total self-time (us),Avg. self-time (us),Total self-time on Device (%),Cumulative total-self time on Device (%),Total self-time on Host (%),Cumulative total-self time on Host (%)
1,Device,IDLE,IDLE,0,16244.033,0.0,16244.033,0.0,0.4292463800247046,0.4292463800247046,0.0,0.0
2,Device,Conv2DBackpropFilter,gradient_tape/model/conv2d_18/Conv2D/Conv2DBackpropFilter,2,651.266,325.633,651.266,325.633,0.01720961616694384,0.44645599619164844,0.0,0.0
3,Device,Conv2DBackpropFilter,gradient_tape/model/conv2d_19/Conv2D/Conv2DBackpropFilter,2,649.216,324.608,649.216,324.608,0.01715544519357469,0.46361144138522314,0.0,0.0
4,Device,Conv2DBackpropFilter,gradient_tape/model/conv2d_16/Conv2D/Conv2DBackpropFilter,2,642.048,321.024,642.048,321.024,0.016966031760838062,0.4805774731460612,0.0,0.0
5,Device,_Recv,IteratorGetNext/_2,2,492.385,246.1925,492.385,246.1925,0.013011207181644127,0.4935886803277053,0.0,0.0
6,Device,Conv2DBackpropInput,gradient_tape/model/conv2d_15/Conv2D/Conv2DBackpropInput,2,464.898,232.449,464.898,232.449,0.012284866915791488,0.5058735472434968,0.0,0.0
7,Device,Conv2DBackpropInput,gradient_tape/model/conv2d_19/Conv2D/Conv2DBackpropInput,4,434.178,108.5445,434.178,108.5445,0.011473095061205934,0.5173466423047027,0.0,0.0
8,Device,Conv2DBackpropInput,gradient_tape/model/conv2d_18/Conv2D/Conv2DBackpropInput,4,431.104,107.776,431.104,107.776,0.011391865026017262,0.52873850733072,0.0,0.0
9,Device,Conv2DBackpropInput,gradient_tape/model/conv2d_16/Conv2D/Conv2DBackpropInput,4,430.082,107.5205,430.082,107.5205,0.01136485881392786,0.5401033661446479,0.0,0.0
10,Device,Conv2D,model/conv2d_16/Conv2D,4,429.057,107.26425,429.057,107.26425,0.011337773327243283,0.5514411394718912,0.0,0.0
11,Device,Conv2D,model/conv2d_18/Conv2D,4,427.008,106.752,427.008,106.752,0.011283628778739188,0.5627247682506304,0.0,0.0
12,Device,Conv2D,model/conv2d_19/Conv2D,4,425.985,106.49625,425.985,106.49625,0.011256596141784729,0.5739813643924152,0.0,0.0
13,Device,FusedBatchNormGradV3,gradient_tape/model/batch_normalization/FusedBatchNormGradV3,2,367.617,183.8085,367.617,183.8085,0.009714229618072178,0.5836955940104874,0.0,0.0
14,Device,Conv2DBackpropFilter,gradient_tape/model/conv2d/Conv2D/Conv2DBackpropFilter,2,337.921,168.9605,337.921,168.9605,0.008929516825306143,0.5926251108357936,0.0,0.0
15,Device,Conv2D,model/conv2d_15/Conv2D,4,334.848,83.712,334.848,83.712,0.00884831321498253,0.6014734240507762,0.0,0.0
16,Device,Conv2D,model/conv2d/Conv2D,2,285.697,142.8485,285.697,142.8485,0.007549504672510703,0.6090229287232869,0.0,0.0
17,Device,Conv2DBackpropInput,gradient_tape/model/conv2d_5/Conv2D/Conv2DBackpropInput,2,276.481,138.2405,276.481,138.2405,0.007305973116135036,0.6163289018394219,0.0,0.0
18,Device,Conv2DBackpropFilter,gradient_tape/model/conv2d_3/Conv2D/Conv2DBackpropFilter,2,252.929,126.4645,252.929,126.4645,0.006683614694286112,0.623012516533708,0.0,0.0
19,Device,Conv2DBackpropFilter,gradient_tape/model/conv2d_1/Conv2D/Conv2DBackpropFilter,2,250.881,125.4405,250.881,125.4405,0.006629496570647075,0.6296420131043551,0.0,0.0
20,Device,Conv2DBackpropFilter,gradient_tape/model/conv2d_2/Conv2D/Conv2DBackpropFilter,2,250.88,125.44,250.88,125.44,0.006629470145782017,0.636271483250137,0.0,0.0
21,Device,Conv2DBackpropFilter,gradient_tape/model/conv2d_4/Conv2D/Conv2DBackpropFilter,2,249.856,124.928,249.856,124.928,0.006602411083962499,0.6428738943340996,0.0,0.0
22,Device,Conv2DBackpropFilter,gradient_tape/model/conv2d_5/Conv2D/Conv2DBackpropFilter,2,234.496,117.248,234.496,117.248,0.006196525156669723,0.6490704194907693,0.0,0.0
23,Device,Conv2DBackpropInput,gradient_tape/model/conv2d_10/Conv2D/Conv2DBackpropInput,2,225.28,112.64,225.28,112.64,0.005952993600294057,0.6550234130910634,0.0,0.0
24,Device,ReluGrad,gradient_tape/model/activation/ReluGrad,2,220.16,110.08,220.16,110.08,0.005817698291196464,0.6608411113822599,0.0,0.0
25,Device,FusedBatchNormV3,model/batch_normalization/FusedBatchNormV3,4,220.16,55.04,220.16,55.04,0.005817698291196464,0.6666588096734564,0.0,0.0
26,Device,Conv2DBackpropFilter,gradient_tape/model/conv2d_15/Conv2D/Conv2DBackpropFilter,2,209.92,104.96,209.92,104.96,0.00554710767300128,0.6722059173464576,0.0,0.0
27,Device,Conv2DBackpropInput,gradient_tape/model/conv2d_14/Conv2D/Conv2DBackpropInput,4,191.488,47.872,191.488,47.872,0.005060044560249948,0.6772659619067076,0.0,0.0
28,Device,Conv2D,model/conv2d_10/Conv2D,4,188.416,47.104,188.416,47.104,0.004978867374791393,0.682244829281499,0.0,0.0
29,Device,Conv2D,model/conv2d_11/Conv2D,4,187.393,46.84825,187.393,46.84825,0.004951834737836933,0.6871966640193359,0.0,0.0
30,Device,Conv2DBackpropInput,gradient_tape/model/conv2d_13/Conv2D/Conv2DBackpropInput,4,186.368,46.592,186.368,46.592,0.004924749251152356,0.6921214132704883,0.0,0.0
31,Device,Conv2DBackpropInput,gradient_tape/model/conv2d_11/Conv2D/Conv2DBackpropInput,4,185.345,46.33625,185.345,46.33625,0.0048977166141978955,0.6970191298846862,0.0,0.0
32,Device,Conv2D,model/conv2d_14/Conv2D,4,184.321,46.08025,184.321,46.08025,0.004870657552378377,0.7018897874370645,0.0,0.0
33,Device,Conv2DBackpropFilter,gradient_tape/model/conv2d_10/Conv2D/Conv2DBackpropFilter,2,183.297,91.6485,183.297,91.6485,0.0048435984905588585,0.7067333859276234,0.0,0.0
34,Device,Conv2D,model/conv2d_13/Conv2D,4,182.272,45.568,182.272,45.568,0.004816513003874282,0.7115498989314977,0.0,0.0
35,Device,Conv2DBackpropFilter,gradient_tape/model/conv2d_8/Conv2D/Conv2DBackpropFilter,2,179.2,89.6,179.2,89.6,0.004735335818415726,0.7162852347499133,0.0,0.0
36,Device,Conv2DBackpropFilter,gradient_tape/model/conv2d_9/Conv2D/Conv2DBackpropFilter,2,177.153,88.5765,177.153,88.5765,0.004681244119641748,0.7209664788695551,0.0,0.0
37,Device,Conv2DBackpropFilter,gradient_tape/model/conv2d_14/Conv2D/Conv2DBackpropFilter,4,176.128,44.032,176.128,44.032,0.004654158632957171,0.7256206375025123,0.0,0.0
38,Device,Conv2DBackpropFilter,gradient_tape/model/conv2d_11/Conv2D/Conv2DBackpropFilter,4,174.08,43.52,174.08,43.52,0.004600040509318135,0.7302206780118304,0.0,0.0
39,Device,Conv2DBackpropFilter,gradient_tape/model/conv2d_13/Conv2D/Conv2DBackpropFilter,4,174.08,43.52,174.08,43.52,0.004600040509318135,0.7348207185211486,0.0,0.0
40,Device,Conv2D,model/conv2d_5/Conv2D,4,174.08,43.52,174.08,43.52,0.004600040509318135,0.7394207590304668,0.0,0.0
41,Device,Conv2DBackpropFilter,gradient_tape/model/conv2d_6/Conv2D/Conv2DBackpropFilter,2,172.032,86.016,172.032,86.016,0.004545922385679098,0.7439666814161459,0.0,0.0
42,Device,MaxPoolGrad,gradient_tape/model/max_pooling2d/MaxPool/MaxPoolGrad,2,162.816,81.408,162.816,81.408,0.004302390829303432,0.7482690722454493,0.0,0.0
43,Device,BiasAdd,model/conv2d/BiasAdd,2,148.48,74.24,148.48,74.24,0.003923563963830173,0.7521926362092795,0.0,0.0
44,Device,Conv2DBackpropInput,gradient_tape/model/conv2d_6/Conv2D/Conv2DBackpropInput,2,143.361,71.6805,143.361,71.6805,0.0037882950795976394,0.7559809312888771,0.0,0.0
45,Device,Relu,model/activation/Relu,2,142.336,71.168,142.336,71.168,0.0037612095929130634,0.7597421408817902,0.0,0.0
46,Device,Conv2D,model/conv2d_6/Conv2D,2,139.264,69.632,139.264,69.632,0.003680032407454508,0.7634221732892447,0.0,0.0
47,Device,Conv2D,model/conv2d_8/Conv2D,2,138.24,69.12,138.24,69.12,0.0036529733456349893,0.7670751466348796,0.0,0.0
48,Device,Conv2DBackpropInput,gradient_tape/model/conv2d_8/Conv2D/Conv2DBackpropInput,2,134.145,67.0725,134.145,67.0725,0.003544763523221974,0.7706199101581016,0.0,0.0
49,Device,Conv2DBackpropInput,gradient_tape/model/conv2d_9/Conv2D/Conv2DBackpropInput,2,133.12,66.56,133.12,66.56,0.003517678036537397,0.774137588194639,0.0,0.0
50,Device,Conv2D,model/conv2d_9/Conv2D,2,133.12,66.56,133.12,66.56,0.003517678036537397,0.7776552662311763,0.0,0.0
51,Device,Conv2D,model/conv2d_1/Conv2D,2,128.0,64.0,128.0,64.0,0.0033823827274398048,0.7810376489586162,0.0,0.0
52,Device,ResourceApplyGradientDescent,SGD/SGD/update_62/ResourceApplyGradientDescent,2,125.952,62.976,125.952,62.976,0.0033282646038007677,0.7843659135624169,0.0,0.0
53,Device,Conv2DBackpropInput,gradient_tape/model/conv2d_1/Conv2D/Conv2DBackpropInput,2,125.952,62.976,125.952,62.976,0.0033282646038007677,0.7876941781662177,0.0,0.0
54,Device,Conv2D,model/conv2d_2/Conv2D,2,125.952,62.976,125.952,62.976,0.0033282646038007677,0.7910224427700184,0.0,0.0
55,Device,ResourceApplyGradientDescent,SGD/SGD/update_66/ResourceApplyGradientDescent,2,124.928,62.464,124.928,62.464,0.0033012055419812496,0.7943236483119996,0.0,0.0
56,Device,SoftmaxCrossEntropyWithLogits,categorical_crossentropy/softmax_cross_entropy_with_logits,2,124.928,62.464,124.928,62.464,0.0033012055419812496,0.7976248538539809,0.0,0.0
57,Device,Conv2DBackpropInput,gradient_tape/model/conv2d_2/Conv2D/Conv2DBackpropInput,2,124.928,62.464,124.928,62.464,0.0033012055419812496,0.8009260593959621,0.0,0.0
58,Device,Conv2DBackpropInput,gradient_tape/model/conv2d_3/Conv2D/Conv2DBackpropInput,2,124.928,62.464,124.928,62.464,0.0033012055419812496,0.8042272649379433,0.0,0.0
59,Device,Conv2DBackpropInput,gradient_tape/model/conv2d_4/Conv2D/Conv2DBackpropInput,2,124.928,62.464,124.928,62.464,0.0033012055419812496,0.8075284704799245,0.0,0.0
60,Device,Conv2D,model/conv2d_3/Conv2D,2,124.928,62.464,124.928,62.464,0.0033012055419812496,0.8108296760219057,0.0,0.0
61,Device,ResourceApplyGradientDescent,SGD/SGD/update_70/ResourceApplyGradientDescent,2,123.904,61.952,123.904,61.952,0.003274146480161731,0.8141038225020675,0.0,0.0
62,Device,AddN,SGD/gradients/AddN_25,2,123.904,61.952,123.904,61.952,0.003274146480161731,0.8173779689822293,0.0,0.0
63,Device,Conv2D,model/conv2d_4/Conv2D,2,122.88,61.44,122.88,61.44,0.0032470874183422125,0.8206250564005715,0.0,0.0
64,Device,Mul,gradient_tape/conv2d_19/kernel/Regularizer/Mul_1,2,121.857,60.9285,121.857,60.9285,0.0032200547813877522,0.8238451111819592,0.0,0.0
65,Device,Mul,gradient_tape/conv2d_18/kernel/Regularizer/Mul_1,2,120.833,60.4165,120.833,60.4165,0.0031929957195682337,0.8270381069015275,0.0,0.0
66,Device,Mul,gradient_tape/conv2d_16/kernel/Regularizer/Mul_1,2,118.784,59.392,118.784,59.392,0.0031388511710641388,0.8301769580725916,0.0,0.0
67,Device,AddN,SGD/gradients/AddN_26,2,114.688,57.344,114.688,57.344,0.003030614923786065,0.8332075729963777,0.0,0.0
68,Device,AddN,SGD/gradients/AddN_27,2,114.688,57.344,114.688,57.344,0.003030614923786065,0.8362381879201638,0.0,0.0
69,Device,MaxPool,model/max_pooling2d/MaxPool,2,101.377,50.6885,101.377,50.6885,0.002678873544997383,0.8389170614651612,0.0,0.0
70,Device,Conv2DBackpropInput,gradient_tape/model/conv2d_17/Conv2D/Conv2DBackpropInput,4,94.208,23.552,94.208,23.552,0.0024894336873956965,0.8414064951525569,0.0,0.0
71,Device,FusedBatchNormGradV3,gradient_tape/model/batch_normalization_2/FusedBatchNormGradV3,2,89.088,44.544,89.088,44.544,0.0023541383782981038,0.8437606335308551,0.0,0.0
72,Device,FusedBatchNormGradV3,gradient_tape/model/batch_normalization_3/FusedBatchNormGradV3,2,88.065,44.0325,88.065,44.0325,0.002327105741343644,0.8460877392721987,0.0,0.0
73,Device,FusedBatchNormGradV3,gradient_tape/model/batch_normalization_4/FusedBatchNormGradV3,2,88.064,44.032,88.064,44.032,0.0023270793164785857,0.8484148185886773,0.0,0.0
74,Device,FusedBatchNormGradV3,gradient_tape/model/batch_normalization_1/FusedBatchNormGradV3,2,87.04,43.52,87.04,43.52,0.0023000202546590675,0.8507148388433363,0.0,0.0
75,Device,Square,conv2d_19/kernel/Regularizer/Square,2,83.968,41.984,83.968,41.984,0.002218843069200512,0.8529336819125368,0.0,0.0
76,Device,BiasAddGrad,gradient_tape/model/conv2d/BiasAdd/BiasAddGrad,2,83.968,41.984,83.968,41.984,0.002218843069200512,0.8551525249817373,0.0,0.0
77,Device,Mul,gradient_tape/conv2d_16/kernel/Regularizer/Mul,2,82.945,41.4725,82.945,41.4725,0.0021918104322460517,0.8573443354139834,0.0,0.0
78,Device,Square,conv2d_16/kernel/Regularizer/Square,2,81.92,40.96,81.92,40.96,0.0021647249455614753,0.8595090603595449,0.0,0.0
79,Device,Conv2DBackpropFilter,gradient_tape/model/conv2d_12/Conv2D/Conv2DBackpropFilter,2,81.92,40.96,81.92,40.96,0.0021647249455614753,0.8616737853051064,0.0,0.0
80,Device,Square,conv2d_18/kernel/Regularizer/Square,2,80.896,40.448,80.896,40.448,0.0021376658837419567,0.8638114511888484,0.0,0.0
81,Device,Conv2DBackpropInput,gradient_tape/model/conv2d_12/Conv2D/Conv2DBackpropInput,4,79.872,19.968,79.872,19.968,0.002110606821922438,0.8659220580107708,0.0,0.0
82,Device,Tile,gradient_tape/conv2d_16/kernel/Regularizer/Tile,2,73.728,36.864,73.728,36.864,0.0019482524510053274,0.8678703104617761,0.0,0.0
83,Device,Conv2DBackpropInput,gradient_tape/model/conv2d_7/Conv2D/Conv2DBackpropInput,2,73.728,36.864,73.728,36.864,0.0019482524510053274,0.8698185629127814,0.0,0.0
84,Device,ResourceApplyGradientDescent,SGD/SGD/update_56/ResourceApplyGradientDescent,2,65.536,32.768,65.536,32.768,0.0017317799564491802,0.8715503428692305,0.0,0.0
85,Device,AddN,SGD/gradients/AddN_23,2,65.536,32.768,65.536,32.768,0.0017317799564491802,0.8732821228256796,0.0,0.0
86,Device,Conv2DBackpropFilter,gradient_tape/model/conv2d_17/Conv2D/Conv2DBackpropFilter,2,61.442,30.721,61.442,30.721,0.0016235965589012225,0.8749057193845808,0.0,0.0
87,Device,Sum,conv2d_19/kernel/Regularizer/Sum,2,60.416,30.208,60.416,30.208,0.0015964846473515877,0.8765022040319325,0.0,0.0
88,Device,Conv2DBackpropFilter,gradient_tape/model/conv2d_7/Conv2D/Conv2DBackpropFilter,2,58.368,29.184,58.368,29.184,0.001542366523712551,0.878044570555645,0.0,0.0
89,Device,Sum,conv2d_18/kernel/Regularizer/Sum,2,55.296,27.648,55.296,27.648,0.0014611893382539957,0.879505759893899,0.0,0.0
90,Device,Conv2D,model/conv2d_17/Conv2D,2,55.296,27.648,55.296,27.648,0.0014611893382539957,0.880966949232153,0.0,0.0
91,Device,Mul,gradient_tape/conv2d_15/kernel/Regularizer/Mul_1,2,52.224,26.112,52.224,26.112,0.0013800121527954403,0.8823469613849485,0.0,0.0
92,Device,Conv2D,model/conv2d_7/Conv2D,2,50.176,25.088,50.176,25.088,0.0013258940291564036,0.8836728554141049,0.0,0.0
93,Device,Sum,conv2d_16/kernel/Regularizer/Sum,2,49.152,24.576,49.152,24.576,0.001298834967336885,0.8849716903814417,0.0,0.0
94,Device,AddN,SGD/gradients/AddN_6,2,48.128,24.064,48.128,24.064,0.0012717759055173665,0.8862434662869592,0.0,0.0
95,Device,ReluGrad,gradient_tape/model/activation_4/ReluGrad,2,47.105,23.5525,47.105,23.5525,0.0012447432685629063,0.8874882095555221,0.0,0.0
96,Device,AddN,SGD/gradients/AddN_7,2,45.057,22.5285,45.057,22.5285,0.0011906251449238694,0.888678834700446,0.0,0.0
97,Device,AddN,SGD/gradients/AddN_5,2,45.056,22.528,45.056,22.528,0.0011905987200588111,0.8898694334205047,0.0,0.0
98,Device,ReluGrad,gradient_tape/model/activation_1/ReluGrad,2,44.032,22.016,44.032,22.016,0.0011635396582392928,0.8910329730787441,0.0,0.0
99,Device,ReluGrad,gradient_tape/model/activation_2/ReluGrad,2,44.032,22.016,44.032,22.016,0.0011635396582392928,0.8921965127369834,0.0,0.0
100,Device,Square,conv2d_15/kernel/Regularizer/Square,2,43.008,21.504,43.008,21.504,0.0011364805964197745,0.8933329933334032,0.0,0.0
101,Device,ReluGrad,gradient_tape/model/activation_3/ReluGrad,2,43.008,21.504,43.008,21.504,0.0011364805964197745,0.894469473929823,0.0,0.0
102,Device,Tile,gradient_tape/conv2d_15/kernel/Regularizer/Tile,2,41.984,20.992,41.984,20.992,0.001109421534600256,0.8955788954644233,0.0,0.0
103,Device,Transpose,gradient_tape/model/conv2d/Conv2D/Conv2DBackpropFilter-0-TransposeNHWCToNCHW-LayoutOptimizer,2,38.912,19.456,38.912,19.456,0.0010282443491417006,0.896607139813565,0.0,0.0
104,Device,Relu,model/activation_4/Relu,2,36.864,18.432,36.864,18.432,0.0009741262255026637,0.8975812660390676,0.0,0.0
105,Device,Conv2D,model/conv2d_12/Conv2D,2,36.864,18.432,36.864,18.432,0.0009741262255026637,0.8985553922645703,0.0,0.0
106,Device,AddV2,model/add_1/add,2,35.84,17.92,35.84,17.92,0.0009470671636831454,0.8995024594282534,0.0,0.0
107,Device,AddN,SGD/gradients/AddN_21,2,34.816,17.408,34.816,17.408,0.000920008101863627,0.900422467530117,0.0,0.0
108,Device,Sum,conv2d_15/kernel/Regularizer/Sum,2,34.816,17.408,34.816,17.408,0.000920008101863627,0.9013424756319807,0.0,0.0
109,Device,AddV2,model/add/add,2,34.816,17.408,34.816,17.408,0.000920008101863627,0.9022624837338443,0.0,0.0
110,Device,FusedBatchNormV3,model/batch_normalization_1/FusedBatchNormV3,4,34.816,8.704,34.816,8.704,0.000920008101863627,0.903182491835708,0.0,0.0
111,Device,FusedBatchNormV3,model/batch_normalization_3/FusedBatchNormV3,4,34.816,8.704,34.816,8.704,0.000920008101863627,0.9041024999375716,0.0,0.0
112,Device,FusedBatchNormV3,model/batch_normalization_4/FusedBatchNormV3,4,34.816,8.704,34.816,8.704,0.000920008101863627,0.9050225080394353,0.0,0.0
113,Device,AddN,SGD/gradients/AddN_22,2,33.793,16.8965,33.793,16.8965,0.0008929754649091666,0.9059154835043445,0.0,0.0
114,Device,AddN,SGD/gradients/AddN_20,2,33.792,16.896,33.792,16.896,0.0008929490400441085,0.9068084325443886,0.0,0.0
115,Device,Mul,gradient_tape/conv2d_11/kernel/Regularizer/Mul_1,2,33.792,16.896,33.792,16.896,0.0008929490400441085,0.9077013815844327,0.0,0.0
116,Device,FusedBatchNormV3,model/batch_normalization_2/FusedBatchNormV3,4,32.768,8.192,32.768,8.192,0.0008658899782245901,0.9085672715626573,0.0,0.0
117,Device,Mul,gradient_tape/conv2d_14/kernel/Regularizer/Mul_1,2,30.72,15.36,30.72,15.36,0.0008117718545855531,0.9093790434172428,0.0,0.0
118,Device,Mul,gradient_tape/conv2d_15/kernel/Regularizer/Mul,2,30.72,15.36,30.72,15.36,0.0008117718545855531,0.9101908152718284,0.0,0.0
119,Device,Mul,gradient_tape/conv2d_13/kernel/Regularizer/Mul_1,2,29.696,14.848,29.696,14.848,0.0007847127927660347,0.9109755280645945,0.0,0.0
120,Device,ReluGrad,gradient_tape/model/activation_5/ReluGrad,2,28.672,14.336,28.672,14.336,0.0007576537309465163,0.911733181795541,0.0,0.0
121,Device,BiasAddGrad,gradient_tape/model/conv2d_15/BiasAdd/BiasAddGrad,2,26.624,13.312,26.624,13.312,0.0007035356073074794,0.9124367174028485,0.0,0.0
122,Device,BiasAddGrad,gradient_tape/model/conv2d_18/BiasAdd/BiasAddGrad,2,26.624,13.312,26.624,13.312,0.0007035356073074794,0.913140253010156,0.0,0.0
123,Device,BiasAddGrad,gradient_tape/model/conv2d_19/BiasAdd/BiasAddGrad,2,26.624,13.312,26.624,13.312,0.0007035356073074794,0.9138437886174635,0.0,0.0
124,Device,FusedBatchNormV3,model/batch_normalization_14/FusedBatchNormV3,4,25.601,6.40025,25.601,6.40025,0.000676502970353019,0.9145202915878166,0.0,0.0
125,Device,ResourceApplyGradientDescent,SGD/SGD/update_44/ResourceApplyGradientDescent,2,25.6,12.8,25.6,12.8,0.000676476545487961,0.9151967681333045,0.0,0.0
126,Device,FusedBatchNormGradV3,gradient_tape/model/batch_normalization_12/FusedBatchNormGradV3,2,25.6,12.8,25.6,12.8,0.000676476545487961,0.9158732446787925,0.0,0.0
127,Device,ResourceApplyGradientDescent,SGD/SGD/update_48/ResourceApplyGradientDescent,2,24.576,12.288,24.576,12.288,0.0006494174836684425,0.9165226621624609,0.0,0.0
128,Device,FusedBatchNormGradV3,gradient_tape/model/batch_normalization_10/FusedBatchNormGradV3,2,24.576,12.288,24.576,12.288,0.0006494174836684425,0.9171720796461293,0.0,0.0
129,Device,FusedBatchNormGradV3,gradient_tape/model/batch_normalization_11/FusedBatchNormGradV3,2,24.576,12.288,24.576,12.288,0.0006494174836684425,0.9178214971297978,0.0,0.0
130,Device,FusedBatchNormGradV3,gradient_tape/model/batch_normalization_8/FusedBatchNormGradV3,2,24.576,12.288,24.576,12.288,0.0006494174836684425,0.9184709146134662,0.0,0.0
131,Device,FusedBatchNormGradV3,gradient_tape/model/batch_normalization_9/FusedBatchNormGradV3,2,24.576,12.288,24.576,12.288,0.0006494174836684425,0.9191203320971346,0.0,0.0
132,Device,FusedBatchNormV3,model/batch_normalization_13/FusedBatchNormV3,4,24.576,6.144,24.576,6.144,0.0006494174836684425,0.919769749580803,0.0,0.0
133,Device,FusedBatchNormV3,model/batch_normalization_16/FusedBatchNormV3,4,24.576,6.144,24.576,6.144,0.0006494174836684425,0.9204191670644715,0.0,0.0
134,Device,ArgMax,ArgMax,2,23.552,11.776,23.552,11.776,0.0006223584218489241,0.9210415254863203,0.0,0.0
135,Device,FusedBatchNormGradV3,gradient_tape/model/batch_normalization_13/FusedBatchNormGradV3,2,23.552,11.776,23.552,11.776,0.0006223584218489241,0.9216638839081692,0.0,0.0
136,Device,FusedBatchNormGradV3,gradient_tape/model/batch_normalization_14/FusedBatchNormGradV3,2,23.552,11.776,23.552,11.776,0.0006223584218489241,0.9222862423300181,0.0,0.0
137,Device,FusedBatchNormGradV3,gradient_tape/model/batch_normalization_15/FusedBatchNormGradV3,2,23.552,11.776,23.552,11.776,0.0006223584218489241,0.922908600751867,0.0,0.0
138,Device,ResourceApplyGradientDescent,SGD/SGD/update_52/ResourceApplyGradientDescent,2,22.528,11.264,22.528,11.264,0.0005952993600294056,0.9235039001118964,0.0,0.0
139,Device,Sum,conv2d_14/kernel/Regularizer/Sum,2,22.528,11.264,22.528,11.264,0.0005952993600294056,0.9240991994719259,0.0,0.0
140,Device,ReluGrad,gradient_tape/model/activation_8/ReluGrad,2,22.528,11.264,22.528,11.264,0.0005952993600294056,0.9246944988319553,0.0,0.0
141,Device,FusedBatchNormGradV3,gradient_tape/model/batch_normalization_5/FusedBatchNormGradV3,2,22.528,11.264,22.528,11.264,0.0005952993600294056,0.9252897981919848,0.0,0.0
142,Device,BiasAddGrad,gradient_tape/model/conv2d_1/BiasAdd/BiasAddGrad,2,22.528,11.264,22.528,11.264,0.0005952993600294056,0.9258850975520142,0.0,0.0
143,Device,BiasAddGrad,gradient_tape/model/conv2d_3/BiasAdd/BiasAddGrad,2,22.528,11.264,22.528,11.264,0.0005952993600294056,0.9264803969120436,0.0,0.0
144,Device,BiasAddGrad,gradient_tape/model/conv2d_4/BiasAdd/BiasAddGrad,2,22.528,11.264,22.528,11.264,0.0005952993600294056,0.9270756962720731,0.0,0.0
145,Device,FusedBatchNormV3,model/batch_normalization_15/FusedBatchNormV3,4,22.528,5.632,22.528,5.632,0.0005952993600294056,0.9276709956321025,0.0,0.0
146,Device,BiasAdd,model/conv2d_2/BiasAdd,2,22.528,11.264,22.528,11.264,0.0005952993600294056,0.928266294992132,0.0,0.0
147,Device,MatMul,model/dense/MatMul,2,22.528,11.264,22.528,11.264,0.0005952993600294056,0.9288615943521614,0.0,0.0
148,Device,Sum,conv2d_13/kernel/Regularizer/Sum,2,21.505,10.7525,21.505,10.7525,0.0005682667230749453,0.9294298610752364,0.0,0.0
149,Device,Square,conv2d_13/kernel/Regularizer/Square,2,21.504,10.752,21.504,10.752,0.0005682402982098873,0.9299981013734463,0.0,0.0
150,Device,Square,conv2d_14/kernel/Regularizer/Square,2,21.504,10.752,21.504,10.752,0.0005682402982098873,0.9305663416716562,0.0,0.0
151,Device,Mul,gradient_tape/conv2d_11/kernel/Regularizer/Mul,2,21.504,10.752,21.504,10.752,0.0005682402982098873,0.9311345819698661,0.0,0.0
152,Device,Tile,gradient_tape/conv2d_11/kernel/Regularizer/Tile,2,21.504,10.752,21.504,10.752,0.0005682402982098873,0.931702822268076,0.0,0.0
153,Device,FusedBatchNormGradV3,gradient_tape/model/batch_normalization_7/FusedBatchNormGradV3,2,21.504,10.752,21.504,10.752,0.0005682402982098873,0.9322710625662859,0.0,0.0
154,Device,BiasAddGrad,gradient_tape/model/conv2d_13/BiasAdd/BiasAddGrad,2,21.504,10.752,21.504,10.752,0.0005682402982098873,0.9328393028644958,0.0,0.0
155,Device,BiasAddGrad,gradient_tape/model/conv2d_8/BiasAdd/BiasAddGrad,2,21.504,10.752,21.504,10.752,0.0005682402982098873,0.9334075431627057,0.0,0.0
156,Device,BiasAddGrad,gradient_tape/model/conv2d_9/BiasAdd/BiasAddGrad,2,21.504,10.752,21.504,10.752,0.0005682402982098873,0.9339757834609156,0.0,0.0
157,Device,FusedBatchNormV3,model/batch_normalization_12/FusedBatchNormV3,4,21.504,5.376,21.504,5.376,0.0005682402982098873,0.9345440237591255,0.0,0.0
158,Device,FusedBatchNormV3,model/batch_normalization_9/FusedBatchNormV3,4,21.504,5.376,21.504,5.376,0.0005682402982098873,0.9351122640573354,0.0,0.0
159,Device,BiasAdd,model/conv2d_1/BiasAdd,2,21.504,10.752,21.504,10.752,0.0005682402982098873,0.9356805043555453,0.0,0.0
160,Device,BiasAdd,model/conv2d_3/BiasAdd,2,21.504,10.752,21.504,10.752,0.0005682402982098873,0.9362487446537552,0.0,0.0
161,Device,BiasAdd,model/conv2d_4/BiasAdd,2,21.504,10.752,21.504,10.752,0.0005682402982098873,0.9368169849519651,0.0,0.0
162,Device,Softmax,model/dense/Softmax,2,21.504,10.752,21.504,10.752,0.0005682402982098873,0.937385225250175,0.0,0.0
163,Device,AddN,SGD/gradients/AddN_4,2,20.48,10.24,20.48,10.24,0.0005411812363903688,0.9379264064865653,0.0,0.0
164,Device,Square,conv2d_11/kernel/Regularizer/Square,2,20.48,10.24,20.48,10.24,0.0005411812363903688,0.9384675877229557,0.0,0.0
165,Device,Sum,conv2d_11/kernel/Regularizer/Sum,2,20.48,10.24,20.48,10.24,0.0005411812363903688,0.939008768959346,0.0,0.0
166,Device,FusedBatchNormGradV3,gradient_tape/model/batch_normalization_6/FusedBatchNormGradV3,2,20.48,10.24,20.48,10.24,0.0005411812363903688,0.9395499501957364,0.0,0.0
167,Device,BiasAddGrad,gradient_tape/model/conv2d_10/BiasAdd/BiasAddGrad,2,20.48,10.24,20.48,10.24,0.0005411812363903688,0.9400911314321267,0.0,0.0
168,Device,BiasAddGrad,gradient_tape/model/conv2d_12/BiasAdd/BiasAddGrad,2,20.48,10.24,20.48,10.24,0.0005411812363903688,0.9406323126685171,0.0,0.0
169,Device,BiasAddGrad,gradient_tape/model/conv2d_14/BiasAdd/BiasAddGrad,2,20.48,10.24,20.48,10.24,0.0005411812363903688,0.9411734939049075,0.0,0.0
170,Device,BiasAddGrad,gradient_tape/model/conv2d_17/BiasAdd/BiasAddGrad,2,20.48,10.24,20.48,10.24,0.0005411812363903688,0.9417146751412978,0.0,0.0
171,Device,FusedBatchNormV3,model/batch_normalization_11/FusedBatchNormV3,4,20.48,5.12,20.48,5.12,0.0005411812363903688,0.9422558563776882,0.0,0.0
172,Device,AddN,ArithmeticOptimizer/AddOpsRewrite_AddN_1,4,19.456,4.864,19.456,4.864,0.0005141221745708503,0.942769978552259,0.0,0.0
173,Device,FusedBatchNormGradV3,gradient_tape/model/batch_normalization_16/FusedBatchNormGradV3,2,19.456,9.728,19.456,9.728,0.0005141221745708503,0.9432841007268298,0.0,0.0
174,Device,BiasAddGrad,gradient_tape/model/conv2d_2/BiasAdd/BiasAddGrad,2,19.456,9.728,19.456,9.728,0.0005141221745708503,0.9437982229014006,0.0,0.0
175,Device,FusedBatchNormV3,model/batch_normalization_10/FusedBatchNormV3,4,19.456,4.864,19.456,4.864,0.0005141221745708503,0.9443123450759714,0.0,0.0
176,Device,FusedBatchNormV3,model/batch_normalization_5/FusedBatchNormV3,4,19.456,4.864,19.456,4.864,0.0005141221745708503,0.9448264672505422,0.0,0.0
177,Device,FusedBatchNormV3,model/batch_normalization_6/FusedBatchNormV3,4,19.456,4.864,19.456,4.864,0.0005141221745708503,0.945340589425113,0.0,0.0
178,Device,FusedBatchNormV3,model/batch_normalization_8/FusedBatchNormV3,4,19.456,4.864,19.456,4.864,0.0005141221745708503,0.9458547115996838,0.0,0.0
179,Device,ArgMax,ArgMax_1,2,18.432,9.216,18.432,9.216,0.00048706311275133185,0.9463417747124352,0.0,0.0
180,Device,AddN,SGD/gradients/AddN_18,2,18.432,9.216,18.432,9.216,0.00048706311275133185,0.9468288378251866,0.0,0.0
181,Device,Mul,gradient_tape/conv2d_10/kernel/Regularizer/Mul_1,2,18.432,9.216,18.432,9.216,0.00048706311275133185,0.9473159009379379,0.0,0.0
182,Device,ReluGrad,gradient_tape/model/activation_7/ReluGrad,2,18.432,9.216,18.432,9.216,0.00048706311275133185,0.9478029640506893,0.0,0.0
183,Device,FusedBatchNormV3,model/batch_normalization_7/FusedBatchNormV3,4,18.432,4.608,18.432,4.608,0.00048706311275133185,0.9482900271634407,0.0,0.0
184,Device,AddN,SGD/gradients/AddN_3,2,17.408,8.704,17.408,8.704,0.0004600040509318135,0.9487500312143725,0.0,0.0
185,Device,ReluGrad,gradient_tape/model/activation_12/ReluGrad,2,17.408,8.704,17.408,8.704,0.0004600040509318135,0.9492100352653043,0.0,0.0
186,Device,ReluGrad,gradient_tape/model/activation_6/ReluGrad,2,17.408,8.704,17.408,8.704,0.0004600040509318135,0.9496700393162362,0.0,0.0
187,Device,ReluGrad,gradient_tape/model/activation_9/ReluGrad,2,17.408,8.704,17.408,8.704,0.0004600040509318135,0.950130043367168,0.0,0.0
188,Device,Square,conv2d_10/kernel/Regularizer/Square,2,16.384,8.192,16.384,8.192,0.00043294498911229505,0.9505629883562803,0.0,0.0
189,Device,Sum,conv2d_10/kernel/Regularizer/Sum,2,16.384,8.192,16.384,8.192,0.00043294498911229505,0.9509959333453926,0.0,0.0
190,Device,Sum,conv2d_17/kernel/Regularizer/Sum,2,16.384,8.192,16.384,8.192,0.00043294498911229505,0.9514288783345048,0.0,0.0
191,Device,Sum,conv2d_6/kernel/Regularizer/Sum,2,16.384,8.192,16.384,8.192,0.00043294498911229505,0.9518618233236171,0.0,0.0
192,Device,Sum,conv2d_8/kernel/Regularizer/Sum,2,16.384,8.192,16.384,8.192,0.00043294498911229505,0.9522947683127294,0.0,0.0
193,Device,Tile,gradient_tape/conv2d_10/kernel/Regularizer/Tile,2,16.384,8.192,16.384,8.192,0.00043294498911229505,0.9527277133018417,0.0,0.0
194,Device,BiasAddGrad,gradient_tape/model/conv2d_5/BiasAdd/BiasAddGrad,2,16.384,8.192,16.384,8.192,0.00043294498911229505,0.953160658290954,0.0,0.0
195,Device,BiasAddGrad,gradient_tape/model/conv2d_7/BiasAdd/BiasAddGrad,2,16.384,8.192,16.384,8.192,0.00043294498911229505,0.9535936032800663,0.0,0.0
196,Device,AddV2,model/add_2/add,2,16.384,8.192,16.384,8.192,0.00043294498911229505,0.9540265482691785,0.0,0.0
197,Device,AddV2,model/add_3/add,2,16.384,8.192,16.384,8.192,0.00043294498911229505,0.9544594932582908,0.0,0.0
198,Device,ResourceApplyGradientDescent,SGD/SGD/update_38/ResourceApplyGradientDescent,2,15.36,7.68,15.36,7.68,0.00040588592729277656,0.9548653791855836,0.0,0.0
199,Device,Sum,conv2d_3/kernel/Regularizer/Sum,2,15.36,7.68,15.36,7.68,0.00040588592729277656,0.9552712651128763,0.0,0.0
200,Device,Sum,conv2d_9/kernel/Regularizer/Sum,2,15.36,7.68,15.36,7.68,0.00040588592729277656,0.955677151040169,0.0,0.0
201,Device,BiasAdd,model/conv2d_7/BiasAdd,2,15.36,7.68,15.36,7.68,0.00040588592729277656,0.9560830369674618,0.0,0.0
202,Device,Sum,conv2d_12/kernel/Regularizer/Sum,2,14.336,7.168,14.336,7.168,0.00037882686547325813,0.9564618638329351,0.0,0.0
203,Device,Sum,conv2d_5/kernel/Regularizer/Sum,2,14.336,7.168,14.336,7.168,0.00037882686547325813,0.9568406906984084,0.0,0.0
204,Device,Mul,gradient_tape/conv2d_10/kernel/Regularizer/Mul,2,14.336,7.168,14.336,7.168,0.00037882686547325813,0.9572195175638817,0.0,0.0
205,Device,MatMul,gradient_tape/model/dense/MatMul/MatMul,2,14.336,7.168,14.336,7.168,0.00037882686547325813,0.957598344429355,0.0,0.0
206,Device,ReluGrad,gradient_tape/model/activation_11/ReluGrad,2,13.313,6.6565,13.313,6.6565,0.00035179422851879785,0.9579501386578738,0.0,0.0
207,Device,Sum,conv2d/kernel/Regularizer/Sum,2,13.312,6.656,13.312,6.656,0.0003517678036537397,0.9583019064615276,0.0,0.0
208,Device,Sum,conv2d_1/kernel/Regularizer/Sum,2,13.312,6.656,13.312,6.656,0.0003517678036537397,0.9586536742651813,0.0,0.0
209,Device,Sum,conv2d_2/kernel/Regularizer/Sum,2,13.312,6.656,13.312,6.656,0.0003517678036537397,0.9590054420688351,0.0,0.0
210,Device,Tile,gradient_tape/conv2d_5/kernel/Regularizer/Tile,2,13.312,6.656,13.312,6.656,0.0003517678036537397,0.9593572098724888,0.0,0.0
211,Device,ReluGrad,gradient_tape/model/activation_10/ReluGrad,2,13.312,6.656,13.312,6.656,0.0003517678036537397,0.9597089776761426,0.0,0.0
212,Device,ReluGrad,gradient_tape/model/activation_14/ReluGrad,2,13.312,6.656,13.312,6.656,0.0003517678036537397,0.9600607454797964,0.0,0.0
213,Device,Relu,model/activation_1/Relu,2,13.312,6.656,13.312,6.656,0.0003517678036537397,0.9604125132834501,0.0,0.0
214,Device,Relu,model/activation_2/Relu,2,13.312,6.656,13.312,6.656,0.0003517678036537397,0.9607642810871039,0.0,0.0
215,Device,Tile,gradient_tape/conv2d_6/kernel/Regularizer/Tile,2,12.289,6.1445,12.289,6.1445,0.00032473516669927937,0.9610890162538032,0.0,0.0
216,Device,ResourceApplyGradientDescent,SGD/SGD/update_60/ResourceApplyGradientDescent,2,12.288,6.144,12.288,6.144,0.00032470874183422127,0.9614137249956374,0.0,0.0
217,Device,AddN,SGD/gradients/AddN_2,2,12.288,6.144,12.288,6.144,0.00032470874183422127,0.9617384337374716,0.0,0.0
218,Device,Tile,gradient_tape/conv2d_1/kernel/Regularizer/Tile,2,12.288,6.144,12.288,6.144,0.00032470874183422127,0.9620631424793058,0.0,0.0
219,Device,Tile,gradient_tape/conv2d_12/kernel/Regularizer/Tile,2,12.288,6.144,12.288,6.144,0.00032470874183422127,0.96238785122114,0.0,0.0
220,Device,Tile,gradient_tape/conv2d_17/kernel/Regularizer/Tile,2,12.288,6.144,12.288,6.144,0.00032470874183422127,0.9627125599629742,0.0,0.0
221,Device,ReluGrad,gradient_tape/model/activation_13/ReluGrad,2,12.288,6.144,12.288,6.144,0.00032470874183422127,0.9630372687048084,0.0,0.0
222,Device,ReluGrad,gradient_tape/model/activation_15/ReluGrad,2,12.288,6.144,12.288,6.144,0.00032470874183422127,0.9633619774466426,0.0,0.0
223,Device,MatMul,gradient_tape/model/dense/MatMul/MatMul_1,2,12.288,6.144,12.288,6.144,0.00032470874183422127,0.9636866861884769,0.0,0.0
224,Device,Relu,model/activation_3/Relu,2,12.288,6.144,12.288,6.144,0.00032470874183422127,0.9640113949303111,0.0,0.0
225,Device,BiasAdd,model/conv2d_5/BiasAdd,2,12.288,6.144,12.288,6.144,0.00032470874183422127,0.9643361036721453,0.0,0.0
226,Device,AddN,SGD/gradients/AddN_16,2,11.264,5.632,11.264,5.632,0.0002976496800147028,0.96463375335216,0.0,0.0
227,Device,AddN,SGD/gradients/AddN_17,2,11.264,5.632,11.264,5.632,0.0002976496800147028,0.9649314030321746,0.0,0.0
228,Device,AddN,SGD/gradients/AddN_24,2,11.264,5.632,11.264,5.632,0.0002976496800147028,0.9652290527121893,0.0,0.0
229,Device,Mul,gradient_tape/conv2d_17/kernel/Regularizer/Mul_1,2,11.264,5.632,11.264,5.632,0.0002976496800147028,0.965526702392204,0.0,0.0
230,Device,Mul,gradient_tape/conv2d_8/kernel/Regularizer/Mul_1,2,11.264,5.632,11.264,5.632,0.0002976496800147028,0.9658243520722186,0.0,0.0
231,Device,Mul,gradient_tape/conv2d_9/kernel/Regularizer/Mul_1,2,11.264,5.632,11.264,5.632,0.0002976496800147028,0.9661220017522333,0.0,0.0
232,Device,BiasAdd,model/conv2d_9/BiasAdd,2,11.264,5.632,11.264,5.632,0.0002976496800147028,0.966419651432248,0.0,0.0
233,Device,BiasAdd,model/conv2d_8/BiasAdd,2,10.241,5.1205,10.241,5.1205,0.0002706170430602425,0.9666902684753081,0.0,0.0
234,Device,ResourceApplyGradientDescent,SGD/SGD/update_20/ResourceApplyGradientDescent,2,10.24,5.12,10.24,5.12,0.0002705906181951844,0.9669608590935034,0.0,0.0
235,Device,ResourceApplyGradientDescent,SGD/SGD/update_26/ResourceApplyGradientDescent,2,10.24,5.12,10.24,5.12,0.0002705906181951844,0.9672314497116986,0.0,0.0
236,Device,AddN,SGD/gradients/AddN_1,2,10.24,5.12,10.24,5.12,0.0002705906181951844,0.9675020403298938,0.0,0.0
237,Device,AddN,SGD/gradients/AddN_13,2,10.24,5.12,10.24,5.12,0.0002705906181951844,0.9677726309480891,0.0,0.0
238,Device,AddN,SGD/gradients/AddN_15,2,10.24,5.12,10.24,5.12,0.0002705906181951844,0.9680432215662843,0.0,0.0
239,Device,Sum,conv2d_4/kernel/Regularizer/Sum,2,10.24,5.12,10.24,5.12,0.0002705906181951844,0.9683138121844795,0.0,0.0
240,Device,Sum,conv2d_7/kernel/Regularizer/Sum,2,10.24,5.12,10.24,5.12,0.0002705906181951844,0.9685844028026748,0.0,0.0
241,Device,Square,conv2d_8/kernel/Regularizer/Square,2,10.24,5.12,10.24,5.12,0.0002705906181951844,0.96885499342087,0.0,0.0
242,Device,Square,conv2d_9/kernel/Regularizer/Square,2,10.24,5.12,10.24,5.12,0.0002705906181951844,0.9691255840390652,0.0,0.0
243,Device,Mul,gradient_tape/conv2d_17/kernel/Regularizer/Mul,2,10.24,5.12,10.24,5.12,0.0002705906181951844,0.9693961746572605,0.0,0.0
244,Device,Mul,gradient_tape/conv2d_6/kernel/Regularizer/Mul_1,2,10.24,5.12,10.24,5.12,0.0002705906181951844,0.9696667652754557,0.0,0.0
245,Device,AvgPoolGrad,gradient_tape/model/average_pooling2d/AvgPoolGrad,2,10.24,5.12,10.24,5.12,0.0002705906181951844,0.9699373558936509,0.0,0.0
246,Device,AddV2,model/add_4/add,2,10.24,5.12,10.24,5.12,0.0002705906181951844,0.9702079465118462,0.0,0.0
247,Device,AddV2,model/add_5/add,2,10.24,5.12,10.24,5.12,0.0002705906181951844,0.9704785371300414,0.0,0.0
248,Device,AvgPool,model/average_pooling2d/AvgPool,2,10.24,5.12,10.24,5.12,0.0002705906181951844,0.9707491277482366,0.0,0.0
249,Device,BiasAdd,model/conv2d_6/BiasAdd,2,10.24,5.12,10.24,5.12,0.0002705906181951844,0.9710197183664319,0.0,0.0
250,Device,ResourceApplyGradientDescent,SGD/SGD/update_16/ResourceApplyGradientDescent,2,9.216,4.608,9.216,4.608,0.00024353155637566593,0.9712632499228075,0.0,0.0
251,Device,ResourceApplyGradientDescent,SGD/SGD/update_34/ResourceApplyGradientDescent,2,9.216,4.608,9.216,4.608,0.00024353155637566593,0.9715067814791832,0.0,0.0
252,Device,ResourceApplyGradientDescent,SGD/SGD/update_4/ResourceApplyGradientDescent,2,9.216,4.608,9.216,4.608,0.00024353155637566593,0.9717503130355589,0.0,0.0
253,Device,ResourceApplyGradientDescent,SGD/SGD/update_8/ResourceApplyGradientDescent,2,9.216,4.608,9.216,4.608,0.00024353155637566593,0.9719938445919346,0.0,0.0
254,Device,AddN,SGD/gradients/AddN,2,9.216,4.608,9.216,4.608,0.00024353155637566593,0.9722373761483103,0.0,0.0
255,Device,Square,conv2d_6/kernel/Regularizer/Square,2,9.216,4.608,9.216,4.608,0.00024353155637566593,0.972480907704686,0.0,0.0
256,Device,Mul,gradient_tape/conv2d_6/kernel/Regularizer/Mul,2,9.216,4.608,9.216,4.608,0.00024353155637566593,0.9727244392610617,0.0,0.0
257,Device,Relu,model/activation_6/Relu,2,9.216,4.608,9.216,4.608,0.00024353155637566593,0.9729679708174374,0.0,0.0
258,Device,Cast,Cast,2,8.192,4.096,8.192,4.096,0.00021647249455614752,0.9731844433119935,0.0,0.0
259,Device,ResourceApplyGradientDescent,SGD/SGD/update_12/ResourceApplyGradientDescent,2,8.192,4.096,8.192,4.096,0.00021647249455614752,0.9734009158065496,0.0,0.0
260,Device,ResourceApplyGradientDescent,SGD/SGD/update_30/ResourceApplyGradientDescent,2,8.192,4.096,8.192,4.096,0.00021647249455614752,0.9736173883011058,0.0,0.0
261,Device,ResourceApplyGradientDescent,SGD/SGD/update_42/ResourceApplyGradientDescent,2,8.192,4.096,8.192,4.096,0.00021647249455614752,0.9738338607956619,0.0,0.0
262,Device,ResourceApplyGradientDescent,SGD/SGD/update_43/ResourceApplyGradientDescent,2,8.192,4.096,8.192,4.096,0.00021647249455614752,0.9740503332902181,0.0,0.0
263,Device,ResourceApplyGradientDescent,SGD/SGD/update_74/ResourceApplyGradientDescent,2,8.192,4.096,8.192,4.096,0.00021647249455614752,0.9742668057847742,0.0,0.0
264,Device,AddN,SGD/gradients/AddN_10,2,8.192,4.096,8.192,4.096,0.00021647249455614752,0.9744832782793303,0.0,0.0
265,Device,AddN,SGD/gradients/AddN_11,2,8.192,4.096,8.192,4.096,0.00021647249455614752,0.9746997507738865,0.0,0.0
266,Device,AddN,SGD/gradients/AddN_12,2,8.192,4.096,8.192,4.096,0.00021647249455614752,0.9749162232684426,0.0,0.0
267,Device,AddN,SGD/gradients/AddN_19,2,8.192,4.096,8.192,4.096,0.00021647249455614752,0.9751326957629988,0.0,0.0
268,Device,AddN,SGD/gradients/AddN_9,2,8.192,4.096,8.192,4.096,0.00021647249455614752,0.9753491682575549,0.0,0.0
269,Device,Square,conv2d_12/kernel/Regularizer/Square,2,8.192,4.096,8.192,4.096,0.00021647249455614752,0.975565640752111,0.0,0.0
270,Device,Square,conv2d_17/kernel/Regularizer/Square,2,8.192,4.096,8.192,4.096,0.00021647249455614752,0.9757821132466672,0.0,0.0
271,Device,Square,conv2d_5/kernel/Regularizer/Square,2,8.192,4.096,8.192,4.096,0.00021647249455614752,0.9759985857412233,0.0,0.0
272,Device,Mul,gradient_tape/conv2d_1/kernel/Regularizer/Mul_1,2,8.192,4.096,8.192,4.096,0.00021647249455614752,0.9762150582357795,0.0,0.0
273,Device,Mul,gradient_tape/conv2d_2/kernel/Regularizer/Mul_1,2,8.192,4.096,8.192,4.096,0.00021647249455614752,0.9764315307303356,0.0,0.0
274,Device,Mul,gradient_tape/conv2d_5/kernel/Regularizer/Mul_1,2,8.192,4.096,8.192,4.096,0.00021647249455614752,0.9766480032248918,0.0,0.0
275,Device,BiasAddGrad,gradient_tape/model/dense/BiasAdd/BiasAddGrad,2,8.192,4.096,8.192,4.096,0.00021647249455614752,0.9768644757194479,0.0,0.0
276,Device,Relu,model/activation_10/Relu,2,8.192,4.096,8.192,4.096,0.00021647249455614752,0.977080948214004,0.0,0.0
277,Device,Relu,model/activation_5/Relu,2,8.192,4.096,8.192,4.096,0.00021647249455614752,0.9772974207085602,0.0,0.0
278,Device,Relu,model/activation_7/Relu,2,8.192,4.096,8.192,4.096,0.00021647249455614752,0.9775138932031163,0.0,0.0
279,Device,Relu,model/activation_8/Relu,2,8.192,4.096,8.192,4.096,0.00021647249455614752,0.9777303656976725,0.0,0.0
280,Device,AddV2,model/add_6/add,2,8.192,4.096,8.192,4.096,0.00021647249455614752,0.9779468381922286,0.0,0.0
281,Device,AddV2,model/add_7/add,2,8.192,4.096,8.192,4.096,0.00021647249455614752,0.9781633106867847,0.0,0.0
282,Device,BiasAdd,model/conv2d_10/BiasAdd,2,8.192,4.096,8.192,4.096,0.00021647249455614752,0.9783797831813409,0.0,0.0
283,Device,BiasAdd,model/conv2d_12/BiasAdd,2,8.192,4.096,8.192,4.096,0.00021647249455614752,0.978596255675897,0.0,0.0
284,Device,BiasAdd,model/conv2d_13/BiasAdd,2,8.192,4.096,8.192,4.096,0.00021647249455614752,0.9788127281704532,0.0,0.0
285,Device,BiasAdd,model/conv2d_14/BiasAdd,2,8.192,4.096,8.192,4.096,0.00021647249455614752,0.9790292006650093,0.0,0.0
286,Device,BiasAdd,model/conv2d_16/BiasAdd,2,8.192,4.096,8.192,4.096,0.00021647249455614752,0.9792456731595655,0.0,0.0
287,Device,BiasAdd,model/conv2d_19/BiasAdd,2,8.192,4.096,8.192,4.096,0.00021647249455614752,0.9794621456541216,0.0,0.0
288,Device,ResourceApplyGradientDescent,SGD/SGD/update/ResourceApplyGradientDescent,2,7.168,3.584,7.168,3.584,0.00018941343273662907,0.9796515590868582,0.0,0.0
289,Device,ResourceApplyGradientDescent,SGD/SGD/update_13/ResourceApplyGradientDescent,2,7.168,3.584,7.168,3.584,0.00018941343273662907,0.9798409725195948,0.0,0.0
290,Device,ResourceApplyGradientDescent,SGD/SGD/update_2/ResourceApplyGradientDescent,2,7.168,3.584,7.168,3.584,0.00018941343273662907,0.9800303859523314,0.0,0.0
291,Device,ResourceApplyGradientDescent,SGD/SGD/update_24/ResourceApplyGradientDescent,2,7.168,3.584,7.168,3.584,0.00018941343273662907,0.980219799385068,0.0,0.0
292,Device,ResourceApplyGradientDescent,SGD/SGD/update_25/ResourceApplyGradientDescent,2,7.168,3.584,7.168,3.584,0.00018941343273662907,0.9804092128178046,0.0,0.0
293,Device,ResourceApplyGradientDescent,SGD/SGD/update_36/ResourceApplyGradientDescent,2,7.168,3.584,7.168,3.584,0.00018941343273662907,0.9805986262505412,0.0,0.0
294,Device,ResourceApplyGradientDescent,SGD/SGD/update_58/ResourceApplyGradientDescent,2,7.168,3.584,7.168,3.584,0.00018941343273662907,0.9807880396832778,0.0,0.0
295,Device,ResourceApplyGradientDescent,SGD/SGD/update_6/ResourceApplyGradientDescent,2,7.168,3.584,7.168,3.584,0.00018941343273662907,0.9809774531160144,0.0,0.0
296,Device,ResourceApplyGradientDescent,SGD/SGD/update_65/ResourceApplyGradientDescent,2,7.168,3.584,7.168,3.584,0.00018941343273662907,0.981166866548751,0.0,0.0
297,Device,ResourceApplyGradientDescent,SGD/SGD/update_68/ResourceApplyGradientDescent,2,7.168,3.584,7.168,3.584,0.00018941343273662907,0.9813562799814876,0.0,0.0
298,Device,ResourceApplyGradientDescent,SGD/SGD/update_73/ResourceApplyGradientDescent,2,7.168,3.584,7.168,3.584,0.00018941343273662907,0.9815456934142242,0.0,0.0
299,Device,AddN,SGD/gradients/AddN_14,2,7.168,3.584,7.168,3.584,0.00018941343273662907,0.9817351068469607,0.0,0.0
300,Device,AddN,SGD/gradients/AddN_8,2,7.168,3.584,7.168,3.584,0.00018941343273662907,0.9819245202796973,0.0,0.0
301,Device,Square,conv2d_2/kernel/Regularizer/Square,2,7.168,3.584,7.168,3.584,0.00018941343273662907,0.9821139337124339,0.0,0.0
302,Device,Square,conv2d_3/kernel/Regularizer/Square,2,7.168,3.584,7.168,3.584,0.00018941343273662907,0.9823033471451705,0.0,0.0
303,Device,Mul,gradient_tape/conv2d/kernel/Regularizer/Mul_1,2,7.168,3.584,7.168,3.584,0.00018941343273662907,0.9824927605779071,0.0,0.0
304,Device,Mul,gradient_tape/conv2d_12/kernel/Regularizer/Mul_1,2,7.168,3.584,7.168,3.584,0.00018941343273662907,0.9826821740106437,0.0,0.0
305,Device,Mul,gradient_tape/conv2d_4/kernel/Regularizer/Mul_1,2,7.168,3.584,7.168,3.584,0.00018941343273662907,0.9828715874433803,0.0,0.0
306,Device,Mul,gradient_tape/conv2d_5/kernel/Regularizer/Mul,2,7.168,3.584,7.168,3.584,0.00018941343273662907,0.9830610008761169,0.0,0.0
307,Device,ReluGrad,gradient_tape/model/activation_16/ReluGrad,2,7.168,3.584,7.168,3.584,0.00018941343273662907,0.9832504143088535,0.0,0.0
308,Device,Relu,model/activation_11/Relu,2,7.168,3.584,7.168,3.584,0.00018941343273662907,0.9834398277415901,0.0,0.0
309,Device,Relu,model/activation_12/Relu,2,7.168,3.584,7.168,3.584,0.00018941343273662907,0.9836292411743267,0.0,0.0
310,Device,Relu,model/activation_9/Relu,2,7.168,3.584,7.168,3.584,0.00018941343273662907,0.9838186546070633,0.0,0.0
311,Device,BiasAdd,model/conv2d_11/BiasAdd,2,7.168,3.584,7.168,3.584,0.00018941343273662907,0.9840080680397999,0.0,0.0
312,Device,BiasAdd,model/conv2d_15/BiasAdd,2,7.168,3.584,7.168,3.584,0.00018941343273662907,0.9841974814725365,0.0,0.0
313,Device,BiasAdd,model/conv2d_17/BiasAdd,2,7.168,3.584,7.168,3.584,0.00018941343273662907,0.9843868949052731,0.0,0.0
314,Device,BiasAdd,model/conv2d_18/BiasAdd,2,7.168,3.584,7.168,3.584,0.00018941343273662907,0.9845763083380097,0.0,0.0
315,Device,Mul,conv2d/kernel/Regularizer/mul,2,6.145,3.0725,6.145,3.0725,0.00016238079578216873,0.9847386891337918,0.0,0.0
316,Device,AssignAddVariableOp,AssignAddVariableOp,2,6.144,3.072,6.144,3.072,0.00016235437091711064,0.984901043504709,0.0,0.0
317,Device,AssignAddVariableOp,AssignAddVariableOp_1,2,6.144,3.072,6.144,3.072,0.00016235437091711064,0.9850633978756261,0.0,0.0
318,Device,AssignAddVariableOp,AssignAddVariableOp_2,2,6.144,3.072,6.144,3.072,0.00016235437091711064,0.9852257522465433,0.0,0.0
319,Device,AssignAddVariableOp,AssignAddVariableOp_4,2,6.144,3.072,6.144,3.072,0.00016235437091711064,0.9853881066174605,0.0,0.0
320,Device,Cast,Cast_1,2,6.144,3.072,6.144,3.072,0.00016235437091711064,0.9855504609883776,0.0,0.0
321,Device,Equal,Equal,2,6.144,3.072,6.144,3.072,0.00016235437091711064,0.9857128153592948,0.0,0.0
322,Device,AssignAddVariableOp,SGD/SGD/AssignAddVariableOp,2,6.144,3.072,6.144,3.072,0.00016235437091711064,0.9858751697302119,0.0,0.0
323,Device,ResourceApplyGradientDescent,SGD/SGD/update_10/ResourceApplyGradientDescent,2,6.144,3.072,6.144,3.072,0.00016235437091711064,0.9860375241011291,0.0,0.0
324,Device,ResourceApplyGradientDescent,SGD/SGD/update_11/ResourceApplyGradientDescent,2,6.144,3.072,6.144,3.072,0.00016235437091711064,0.9861998784720463,0.0,0.0
325,Device,ResourceApplyGradientDescent,SGD/SGD/update_14/ResourceApplyGradientDescent,2,6.144,3.072,6.144,3.072,0.00016235437091711064,0.9863622328429634,0.0,0.0
326,Device,ResourceApplyGradientDescent,SGD/SGD/update_15/ResourceApplyGradientDescent,2,6.144,3.072,6.144,3.072,0.00016235437091711064,0.9865245872138806,0.0,0.0
327,Device,ResourceApplyGradientDescent,SGD/SGD/update_17/ResourceApplyGradientDescent,2,6.144,3.072,6.144,3.072,0.00016235437091711064,0.9866869415847977,0.0,0.0
328,Device,ResourceApplyGradientDescent,SGD/SGD/update_18/ResourceApplyGradientDescent,2,6.144,3.072,6.144,3.072,0.00016235437091711064,0.9868492959557149,0.0,0.0
329,Device,ResourceApplyGradientDescent,SGD/SGD/update_19/ResourceApplyGradientDescent,2,6.144,3.072,6.144,3.072,0.00016235437091711064,0.9870116503266321,0.0,0.0
330,Device,ResourceApplyGradientDescent,SGD/SGD/update_22/ResourceApplyGradientDescent,2,6.144,3.072,6.144,3.072,0.00016235437091711064,0.9871740046975492,0.0,0.0
331,Device,ResourceApplyGradientDescent,SGD/SGD/update_23/ResourceApplyGradientDescent,2,6.144,3.072,6.144,3.072,0.00016235437091711064,0.9873363590684664,0.0,0.0
332,Device,ResourceApplyGradientDescent,SGD/SGD/update_27/ResourceApplyGradientDescent,2,6.144,3.072,6.144,3.072,0.00016235437091711064,0.9874987134393836,0.0,0.0
333,Device,ResourceApplyGradientDescent,SGD/SGD/update_28/ResourceApplyGradientDescent,2,6.144,3.072,6.144,3.072,0.00016235437091711064,0.9876610678103007,0.0,0.0
334,Device,ResourceApplyGradientDescent,SGD/SGD/update_29/ResourceApplyGradientDescent,2,6.144,3.072,6.144,3.072,0.00016235437091711064,0.9878234221812179,0.0,0.0
335,Device,ResourceApplyGradientDescent,SGD/SGD/update_3/ResourceApplyGradientDescent,2,6.144,3.072,6.144,3.072,0.00016235437091711064,0.987985776552135,0.0,0.0
336,Device,ResourceApplyGradientDescent,SGD/SGD/update_32/ResourceApplyGradientDescent,2,6.144,3.072,6.144,3.072,0.00016235437091711064,0.9881481309230522,0.0,0.0
337,Device,ResourceApplyGradientDescent,SGD/SGD/update_33/ResourceApplyGradientDescent,2,6.144,3.072,6.144,3.072,0.00016235437091711064,0.9883104852939694,0.0,0.0
338,Device,ResourceApplyGradientDescent,SGD/SGD/update_35/ResourceApplyGradientDescent,2,6.144,3.072,6.144,3.072,0.00016235437091711064,0.9884728396648865,0.0,0.0
339,Device,ResourceApplyGradientDescent,SGD/SGD/update_37/ResourceApplyGradientDescent,2,6.144,3.072,6.144,3.072,0.00016235437091711064,0.9886351940358037,0.0,0.0
340,Device,ResourceApplyGradientDescent,SGD/SGD/update_39/ResourceApplyGradientDescent,2,6.144,3.072,6.144,3.072,0.00016235437091711064,0.9887975484067208,0.0,0.0
341,Device,ResourceApplyGradientDescent,SGD/SGD/update_40/ResourceApplyGradientDescent,2,6.144,3.072,6.144,3.072,0.00016235437091711064,0.988959902777638,0.0,0.0
342,Device,ResourceApplyGradientDescent,SGD/SGD/update_41/ResourceApplyGradientDescent,2,6.144,3.072,6.144,3.072,0.00016235437091711064,0.9891222571485552,0.0,0.0
343,Device,ResourceApplyGradientDescent,SGD/SGD/update_45/ResourceApplyGradientDescent,2,6.144,3.072,6.144,3.072,0.00016235437091711064,0.9892846115194723,0.0,0.0
344,Device,ResourceApplyGradientDescent,SGD/SGD/update_46/ResourceApplyGradientDescent,2,6.144,3.072,6.144,3.072,0.00016235437091711064,0.9894469658903895,0.0,0.0
345,Device,ResourceApplyGradientDescent,SGD/SGD/update_47/ResourceApplyGradientDescent,2,6.144,3.072,6.144,3.072,0.00016235437091711064,0.9896093202613067,0.0,0.0
346,Device,ResourceApplyGradientDescent,SGD/SGD/update_49/ResourceApplyGradientDescent,2,6.144,3.072,6.144,3.072,0.00016235437091711064,0.9897716746322238,0.0,0.0
347,Device,ResourceApplyGradientDescent,SGD/SGD/update_5/ResourceApplyGradientDescent,2,6.144,3.072,6.144,3.072,0.00016235437091711064,0.989934029003141,0.0,0.0
348,Device,ResourceApplyGradientDescent,SGD/SGD/update_50/ResourceApplyGradientDescent,2,6.144,3.072,6.144,3.072,0.00016235437091711064,0.9900963833740581,0.0,0.0
349,Device,ResourceApplyGradientDescent,SGD/SGD/update_51/ResourceApplyGradientDescent,2,6.144,3.072,6.144,3.072,0.00016235437091711064,0.9902587377449753,0.0,0.0
350,Device,ResourceApplyGradientDescent,SGD/SGD/update_53/ResourceApplyGradientDescent,2,6.144,3.072,6.144,3.072,0.00016235437091711064,0.9904210921158925,0.0,0.0
351,Device,ResourceApplyGradientDescent,SGD/SGD/update_54/ResourceApplyGradientDescent,2,6.144,3.072,6.144,3.072,0.00016235437091711064,0.9905834464868096,0.0,0.0
352,Device,ResourceApplyGradientDescent,SGD/SGD/update_55/ResourceApplyGradientDescent,2,6.144,3.072,6.144,3.072,0.00016235437091711064,0.9907458008577268,0.0,0.0
353,Device,ResourceApplyGradientDescent,SGD/SGD/update_57/ResourceApplyGradientDescent,2,6.144,3.072,6.144,3.072,0.00016235437091711064,0.990908155228644,0.0,0.0
354,Device,ResourceApplyGradientDescent,SGD/SGD/update_59/ResourceApplyGradientDescent,2,6.144,3.072,6.144,3.072,0.00016235437091711064,0.9910705095995611,0.0,0.0
355,Device,ResourceApplyGradientDescent,SGD/SGD/update_61/ResourceApplyGradientDescent,2,6.144,3.072,6.144,3.072,0.00016235437091711064,0.9912328639704783,0.0,0.0
356,Device,ResourceApplyGradientDescent,SGD/SGD/update_63/ResourceApplyGradientDescent,2,6.144,3.072,6.144,3.072,0.00016235437091711064,0.9913952183413954,0.0,0.0
357,Device,ResourceApplyGradientDescent,SGD/SGD/update_64/ResourceApplyGradientDescent,2,6.144,3.072,6.144,3.072,0.00016235437091711064,0.9915575727123126,0.0,0.0
358,Device,ResourceApplyGradientDescent,SGD/SGD/update_67/ResourceApplyGradientDescent,2,6.144,3.072,6.144,3.072,0.00016235437091711064,0.9917199270832298,0.0,0.0
359,Device,ResourceApplyGradientDescent,SGD/SGD/update_69/ResourceApplyGradientDescent,2,6.144,3.072,6.144,3.072,0.00016235437091711064,0.9918822814541469,0.0,0.0
360,Device,ResourceApplyGradientDescent,SGD/SGD/update_7/ResourceApplyGradientDescent,2,6.144,3.072,6.144,3.072,0.00016235437091711064,0.9920446358250641,0.0,0.0
361,Device,ResourceApplyGradientDescent,SGD/SGD/update_71/ResourceApplyGradientDescent,2,6.144,3.072,6.144,3.072,0.00016235437091711064,0.9922069901959812,0.0,0.0
362,Device,ResourceApplyGradientDescent,SGD/SGD/update_72/ResourceApplyGradientDescent,2,6.144,3.072,6.144,3.072,0.00016235437091711064,0.9923693445668984,0.0,0.0
363,Device,ResourceApplyGradientDescent,SGD/SGD/update_9/ResourceApplyGradientDescent,2,6.144,3.072,6.144,3.072,0.00016235437091711064,0.9925316989378156,0.0,0.0
364,Device,Sum,Sum_2,2,6.144,3.072,6.144,3.072,0.00016235437091711064,0.9926940533087327,0.0,0.0
365,Device,Cast,categorical_crossentropy/weighted_loss/num_elements/Cast,2,6.144,3.072,6.144,3.072,0.00016235437091711064,0.9928564076796499,0.0,0.0
366,Device,Square,conv2d_1/kernel/Regularizer/Square,2,6.144,3.072,6.144,3.072,0.00016235437091711064,0.993018762050567,0.0,0.0
367,Device,Mul,conv2d_12/kernel/Regularizer/mul,2,6.144,3.072,6.144,3.072,0.00016235437091711064,0.9931811164214842,0.0,0.0
368,Device,Mul,conv2d_13/kernel/Regularizer/mul,2,6.144,3.072,6.144,3.072,0.00016235437091711064,0.9933434707924014,0.0,0.0
369,Device,Mul,conv2d_15/kernel/Regularizer/mul,2,6.144,3.072,6.144,3.072,0.00016235437091711064,0.9935058251633185,0.0,0.0
370,Device,Mul,conv2d_16/kernel/Regularizer/mul,2,6.144,3.072,6.144,3.072,0.00016235437091711064,0.9936681795342357,0.0,0.0
371,Device,Mul,conv2d_19/kernel/Regularizer/mul,2,6.144,3.072,6.144,3.072,0.00016235437091711064,0.9938305339051529,0.0,0.0
372,Device,Mul,conv2d_2/kernel/Regularizer/mul,2,6.144,3.072,6.144,3.072,0.00016235437091711064,0.99399288827607,0.0,0.0
373,Device,Mul,conv2d_3/kernel/Regularizer/mul,2,6.144,3.072,6.144,3.072,0.00016235437091711064,0.9941552426469872,0.0,0.0
374,Device,Square,conv2d_4/kernel/Regularizer/Square,2,6.144,3.072,6.144,3.072,0.00016235437091711064,0.9943175970179043,0.0,0.0
375,Device,Square,conv2d_7/kernel/Regularizer/Square,2,6.144,3.072,6.144,3.072,0.00016235437091711064,0.9944799513888215,0.0,0.0
376,Device,Mul,gradient_tape/categorical_crossentropy/softmax_cross_entropy_with_logits/mul,2,6.144,3.072,6.144,3.072,0.00016235437091711064,0.9946423057597387,0.0,0.0
377,Device,DivNoNan,gradient_tape/categorical_crossentropy/weighted_loss/value/div_no_nan,2,6.144,3.072,6.144,3.072,0.00016235437091711064,0.9948046601306558,0.0,0.0
378,Device,Mul,gradient_tape/conv2d_1/kernel/Regularizer/Mul,2,6.144,3.072,6.144,3.072,0.00016235437091711064,0.994967014501573,0.0,0.0
379,Device,Mul,gradient_tape/conv2d_12/kernel/Regularizer/Mul,2,6.144,3.072,6.144,3.072,0.00016235437091711064,0.9951293688724901,0.0,0.0
380,Device,Mul,gradient_tape/conv2d_3/kernel/Regularizer/Mul_1,2,6.144,3.072,6.144,3.072,0.00016235437091711064,0.9952917232434073,0.0,0.0
381,Device,Mul,gradient_tape/conv2d_7/kernel/Regularizer/Mul_1,2,6.144,3.072,6.144,3.072,0.00016235437091711064,0.9954540776143245,0.0,0.0
382,Device,Relu,model/activation_13/Relu,2,6.144,3.072,6.144,3.072,0.00016235437091711064,0.9956164319852416,0.0,0.0
383,Device,Relu,model/activation_14/Relu,2,6.144,3.072,6.144,3.072,0.00016235437091711064,0.9957787863561588,0.0,0.0
384,Device,Relu,model/activation_15/Relu,2,6.144,3.072,6.144,3.072,0.00016235437091711064,0.995941140727076,0.0,0.0
385,Device,Relu,model/activation_16/Relu,2,6.144,3.072,6.144,3.072,0.00016235437091711064,0.9961034950979931,0.0,0.0
386,Device,BiasAdd,model/dense/BiasAdd,2,6.144,3.072,6.144,3.072,0.00016235437091711064,0.9962658494689103,0.0,0.0
387,Device,AssignAddVariableOp,AssignAddVariableOp_3,2,5.12,2.56,5.12,2.56,0.0001352953090975922,0.9964011447780079,0.0,0.0
388,Device,_Recv,IteratorGetNext/_4,2,5.12,2.56,5.12,2.56,0.0001352953090975922,0.9965364400871055,0.0,0.0
389,Device,Mul,Mul,2,5.12,2.56,5.12,2.56,0.0001352953090975922,0.9966717353962031,0.0,0.0
390,Device,ResourceApplyGradientDescent,SGD/SGD/update_1/ResourceApplyGradientDescent,2,5.12,2.56,5.12,2.56,0.0001352953090975922,0.9968070307053007,0.0,0.0
391,Device,ResourceApplyGradientDescent,SGD/SGD/update_21/ResourceApplyGradientDescent,2,5.12,2.56,5.12,2.56,0.0001352953090975922,0.9969423260143984,0.0,0.0
392,Device,ResourceApplyGradientDescent,SGD/SGD/update_31/ResourceApplyGradientDescent,2,5.12,2.56,5.12,2.56,0.0001352953090975922,0.997077621323496,0.0,0.0
393,Device,ResourceApplyGradientDescent,SGD/SGD/update_75/ResourceApplyGradientDescent,2,5.12,2.56,5.12,2.56,0.0001352953090975922,0.9972129166325936,0.0,0.0
394,Device,DivNoNan,categorical_crossentropy/weighted_loss/value,2,5.12,2.56,5.12,2.56,0.0001352953090975922,0.9973482119416912,0.0,0.0
395,Device,Square,conv2d/kernel/Regularizer/Square,2,5.12,2.56,5.12,2.56,0.0001352953090975922,0.9974835072507888,0.0,0.0
396,Device,Mul,conv2d_1/kernel/Regularizer/mul,2,5.12,2.56,5.12,2.56,0.0001352953090975922,0.9976188025598864,0.0,0.0
397,Device,Mul,conv2d_10/kernel/Regularizer/mul,2,5.12,2.56,5.12,2.56,0.0001352953090975922,0.9977540978689841,0.0,0.0
398,Device,Mul,conv2d_11/kernel/Regularizer/mul,2,5.12,2.56,5.12,2.56,0.0001352953090975922,0.9978893931780817,0.0,0.0
399,Device,Mul,conv2d_14/kernel/Regularizer/mul,2,5.12,2.56,5.12,2.56,0.0001352953090975922,0.9980246884871793,0.0,0.0
400,Device,Mul,conv2d_17/kernel/Regularizer/mul,2,5.12,2.56,5.12,2.56,0.0001352953090975922,0.9981599837962769,0.0,0.0
401,Device,Mul,conv2d_18/kernel/Regularizer/mul,2,5.12,2.56,5.12,2.56,0.0001352953090975922,0.9982952791053745,0.0,0.0
402,Device,Mul,conv2d_4/kernel/Regularizer/mul,2,5.12,2.56,5.12,2.56,0.0001352953090975922,0.9984305744144721,0.0,0.0
403,Device,Mul,conv2d_5/kernel/Regularizer/mul,2,5.12,2.56,5.12,2.56,0.0001352953090975922,0.9985658697235698,0.0,0.0
404,Device,Mul,conv2d_6/kernel/Regularizer/mul,2,5.12,2.56,5.12,2.56,0.0001352953090975922,0.9987011650326674,0.0,0.0
405,Device,Mul,conv2d_7/kernel/Regularizer/mul,2,5.12,2.56,5.12,2.56,0.0001352953090975922,0.998836460341765,0.0,0.0
406,Device,Mul,conv2d_8/kernel/Regularizer/mul,2,5.12,2.56,5.12,2.56,0.0001352953090975922,0.9989717556508626,0.0,0.0
407,Device,Mul,conv2d_9/kernel/Regularizer/mul,2,5.12,2.56,5.12,2.56,0.0001352953090975922,0.9991070509599602,0.0,0.0
408,Device,DivNoNan,div_no_nan,2,5.12,2.56,5.12,2.56,0.0001352953090975922,0.9992423462690578,0.0,0.0
409,Device,DivNoNan,div_no_nan_1,2,5.12,2.56,5.12,2.56,0.0001352953090975922,0.9993776415781555,0.0,0.0
410,Device,Tile,gradient_tape/categorical_crossentropy/weighted_loss/Tile_1,2,5.12,2.56,5.12,2.56,0.0001352953090975922,0.9995129368872531,0.0,0.0
411,Device,Cast,Cast_2,2,4.096,2.048,4.096,2.048,0.00010823624727807376,0.9996211731345311,0.0,0.0
412,Device,Sum,categorical_crossentropy/weighted_loss/Sum,2,4.096,2.048,4.096,2.048,0.00010823624727807376,0.9997294093818092,0.0,0.0
413,Device,LogicalAnd,LogicalAnd,1,3.072,3.072,3.072,3.072,8.117718545855532e-05,0.9998105865672677,0.0,0.0
414,Device,_Recv,strided_slice/_12,2,3.072,1.536,3.072,1.536,8.117718545855532e-05,0.9998917637527263,0.0,0.0
415,Device,_Recv,Size/_16,2,2.048,1.024,2.048,1.024,5.411812363903688e-05,0.9999458818763654,0.0,0.0
416,Device,_Recv,categorical_crossentropy/weighted_loss/num_elements/_14,2,2.048,1.024,2.048,1.024,5.411812363903688e-05,1.0000000000000044,0.0,0.0
417,Host,IDLE,IDLE,0,138932.88,0.0,138932.88,0.0,0.0,0.0,0.9909507734847756,0.9909507734847756
418,Host,GatherV2,GatherV2,2,697.429,348.7145,697.429,348.7145,0.0,0.0,0.004974472615846684,0.9959252461006223
419,Host,_Send,IteratorGetNext/_6,2,183.623,91.8115,183.623,91.8115,0.0,0.0,0.0013097069166031464,0.9972349530172254
420,Host,GatherV2,GatherV2_1,2,52.951,26.4755,52.951,26.4755,0.0,0.0,0.00037767758364177253,0.9976126306008672
421,Host,Dataset,Iterator::Root::ParallelMapV2::Zip[1]::ForeverRepeat,2,54.63,27.315,50.69,25.345,0.0,0.0,0.0003615508057411843,0.9979741814066084
422,Host,Dataset,Iterator::Root::ParallelMapV2,2,42.52,21.26,42.52,21.26,0.0,0.0,0.0003032775746718319,0.9982774589812803
423,Host,FlushSummaryWriter,FlushSummaryWriter,1,36.76,36.76,36.76,36.76,0.0,0.0,0.000262193876879975,0.9985396528581603
424,Host,IteratorGetNext,IteratorGetNext,2,36.63,18.315,36.63,18.315,0.0,0.0,0.0002612666406450894,0.9988009194988053
425,Host,Dataset,Iterator::Root,2,76.761,38.3805,34.241,17.1205,0.0,0.0,0.0002442268916824599,0.9990451463904878
426,Host,LogicalAnd,LogicalAnd,1,32.741,32.741,32.741,32.741,0.0,0.0,0.00023352801204916385,0.9992786744025369
427,Host,WriteSummary,WriteSummary,1,20.0,20.0,20.0,20.0,0.0,0.0,0.00014265172844394727,0.9994213261309809
428,Host,Dataset,Iterator::Root::ParallelMapV2::Zip[0]::FlatMap[1]::Concatenate[0]::TensorSlice,2,19.451,9.7255,19.451,9.7255,0.0,0.0,0.0001387359384981609,0.999560062069479
429,Host,Dataset,Iterator::Root::ParallelMapV2::Zip[0]::FlatMap[1]::Concatenate,2,38.781,19.3905,19.33,9.665,0.0,0.0,0.000137872895541075,0.9996979349650201
430,Host,Dataset,Iterator::Root::ParallelMapV2::Zip,2,107.541,53.7705,10.41,5.205,0.0,0.0,7.425022465507455e-05,0.9997721851896753
431,Host,_HostSend,categorical_crossentropy/softmax_cross_entropy_with_logits/Shape_2/_9,2,10.25,5.125,10.25,5.125,0.0,0.0,7.310901082752297e-05,0.9998452942005028
432,Host,ReadVariableOp,ReadVariableOp,1,5.97,5.97,5.97,5.97,0.0,0.0,4.2581540940518254e-05,0.9998878757414433
433,Host,_Send,IteratorGetNext/_1,2,4.66,2.33,4.66,2.33,0.0,0.0,3.323785272743971e-05,0.9999211135941708
434,Host,Dataset,Iterator::Root::ParallelMapV2::Zip[1]::ForeverRepeat::FromTensor,4,3.94,0.985,3.94,0.985,0.0,0.0,2.810239050345761e-05,0.9999492159846742
435,Host,Dataset,Iterator::Root::ParallelMapV2::Zip[0]::FlatMap,2,42.501,21.2505,3.72,1.86,0.0,0.0,2.653322149057419e-05,0.9999757492061648
436,Host,Identity,Identity,2,3.4,1.7,3.4,1.7,0.0,0.0,2.425079383547103e-05,1.0000000000000002
