Rank,Host/device,Type,Operation,#Occurrences,Total time (us),Avg. time (us),Total self-time (us),Avg. self-time (us),Total self-time on Device (%),Cumulative total-self time on Device (%),Total self-time on Host (%),Cumulative total-self time on Host (%)
1,Device,DepthwiseConv2dNativeBackpropFilter,gradient_tape/mobilenetv2_1.00_256/expanded_conv_depthwise/depthwise/DepthwiseConv2dNativeBackpropFilter,2,423068.548,211534.274,423068.548,211534.274,0.35934844174804675,0.35934844174804675,0.0,0.0
2,Device,DepthwiseConv2dNativeBackpropFilter,gradient_tape/mobilenetv2_1.00_256/block_2_depthwise/depthwise/DepthwiseConv2dNativeBackpropFilter,2,109746.144,54873.072,109746.144,54873.072,0.09321682271275045,0.4525652644607972,0.0,0.0
3,Device,DepthwiseConv2dNativeBackpropFilter,gradient_tape/mobilenetv2_1.00_256/block_1_depthwise/depthwise/DepthwiseConv2dNativeBackpropFilter,2,109740.0,54870.0,109740.0,54870.0,0.09321160408603726,0.5457768685468345,0.0,0.0
4,Device,DepthwiseConv2dNativeBackpropFilter,gradient_tape/mobilenetv2_1.00_256/block_3_depthwise/depthwise/DepthwiseConv2dNativeBackpropFilter,2,29037.559,14518.7795,29037.559,14518.7795,0.024664091973145143,0.5704409605199796,0.0,0.0
5,Device,IDLE,IDLE,0,18837.212,0.0,18837.212,0.0,0.016000061481945965,0.5864410220019256,0.0,0.0
6,Device,FusedBatchNormGradV3,gradient_tape/mobilenetv2_1.00_256/block_1_expand_BN/FusedBatchNormGradV3,2,16811.004,8405.502,16811.004,8405.502,0.014279029060841887,0.6007200510627675,0.0,0.0
7,Device,_Recv,IteratorGetNext/_2,2,15769.5,7884.75,15769.5,7884.75,0.013394390291915114,0.6141144413546826,0.0,0.0
8,Device,Relu6Grad,gradient_tape/mobilenetv2_1.00_256/block_1_expand_relu/Relu6/Relu6Grad,2,10735.612,5367.806,10735.612,5367.806,0.00911867701262357,0.6232331183673062,0.0,0.0
9,Device,FusedBatchNormV3,mobilenetv2_1.00_256/block_1_expand_BN/FusedBatchNormV3,4,10228.732,2557.183,10228.732,2557.183,0.00868814030878604,0.6319212586760923,0.0,0.0
10,Device,DepthwiseConv2dNativeBackpropInput,gradient_tape/mobilenetv2_1.00_256/block_1_depthwise/depthwise/DepthwiseConv2dNativeBackpropInput,2,9855.998,4927.999,9855.998,4927.999,0.008371545320291371,0.6402928039963837,0.0,0.0
11,Device,Conv2DBackpropFilter,gradient_tape/mobilenetv2_1.00_256/block_1_expand/Conv2D/Conv2DBackpropFilter,2,9691.134,4845.567,9691.134,4845.567,0.008231512170154316,0.6485243161665379,0.0,0.0
12,Device,Slice,gradient_tape/mobilenetv2_1.00_256/block_1_pad/Slice_1,2,8123.39,4061.695,8123.39,4061.695,0.0068998925871739955,0.655424208753712,0.0,0.0
13,Device,Pad,mobilenetv2_1.00_256/block_1_pad/Pad,2,7337.982,3668.991,7337.982,3668.991,0.006232778139005539,0.6616569868927176,0.0,0.0
14,Device,DepthwiseConv2dNativeBackpropFilter,gradient_tape/mobilenetv2_1.00_256/block_6_depthwise/depthwise/DepthwiseConv2dNativeBackpropFilter,2,7064.574,3532.287,7064.574,3532.287,0.0060005492502689314,0.6676575361429865,0.0,0.0
15,Device,FusedBatchNormGradV3,gradient_tape/mobilenetv2_1.00_256/expanded_conv_depthwise_BN/FusedBatchNormGradV3,2,6950.91,3475.455,6950.91,3475.455,0.0059040046560750615,0.6735615407990616,0.0,0.0
16,Device,FusedBatchNormGradV3,gradient_tape/mobilenetv2_1.00_256/bn_Conv1/FusedBatchNormGradV3,2,6948.862,3474.431,6948.862,3474.431,0.005902265113837334,0.6794638059128989,0.0,0.0
17,Device,Relu6,mobilenetv2_1.00_256/block_1_expand_relu/Relu6,2,6913.022,3456.511,6913.022,3456.511,0.0058718231246771046,0.685335629037576,0.0,0.0
18,Device,FusedBatchNormGradV3,gradient_tape/mobilenetv2_1.00_256/block_3_expand_BN/FusedBatchNormGradV3,2,6460.414,3230.207,6460.414,3230.207,0.005487384290139351,0.6908230133277155,0.0,0.0
19,Device,FusedBatchNormGradV3,gradient_tape/mobilenetv2_1.00_256/block_2_expand_BN/FusedBatchNormGradV3,2,6444.03,3222.015,6444.03,3222.015,0.005473467952237531,0.696296481279953,0.0,0.0
20,Device,FusedBatchNormGradV3,gradient_tape/mobilenetv2_1.00_256/block_2_depthwise_BN/FusedBatchNormGradV3,2,6422.526,3211.263,6422.526,3211.263,0.005455202758741394,0.7017516840386944,0.0,0.0
21,Device,DepthwiseConv2dNativeBackpropInput,gradient_tape/mobilenetv2_1.00_256/block_2_depthwise/depthwise/DepthwiseConv2dNativeBackpropInput,2,5665.792,2832.896,5665.792,2832.896,0.004812443600672838,0.7065641276393672,0.0,0.0
22,Device,DepthwiseConv2dNative,mobilenetv2_1.00_256/block_1_depthwise/depthwise,2,5540.862,2770.431,5540.862,2770.431,0.004706329825399751,0.7112704574647669,0.0,0.0
23,Device,FusedBatchNormGradV3,gradient_tape/mobilenetv2_1.00_256/expanded_conv_project_BN/FusedBatchNormGradV3,2,5478.398,2739.199,5478.398,2739.199,0.004653273787149065,0.715923731251916,0.0,0.0
24,Device,DepthwiseConv2dNativeBackpropInput,gradient_tape/mobilenetv2_1.00_256/expanded_conv_depthwise/depthwise/DepthwiseConv2dNativeBackpropInput,2,4838.4,2419.2,4838.4,2419.2,0.00410966853663097,0.720033399788547,0.0,0.0
25,Device,Conv2DBackpropInput,gradient_tape/mobilenetv2_1.00_256/block_1_expand/Conv2D/Conv2DBackpropInput,2,4791.294,2395.647,4791.294,2395.647,0.004069657366391524,0.7241030571549385,0.0,0.0
26,Device,Conv2DBackpropFilter,gradient_tape/mobilenetv2_1.00_256/Conv1/Conv2D/Conv2DBackpropFilter,2,4669.438,2334.719,4669.438,2334.719,0.003966154603246744,0.7280692117581853,0.0,0.0
27,Device,Conv2D,mobilenetv2_1.00_256/block_1_expand/Conv2D,2,4591.616,2295.808,4591.616,2295.808,0.0039000536969848194,0.7319692654551702,0.0,0.0
28,Device,DepthwiseConv2dNative,mobilenetv2_1.00_256/block_2_depthwise/depthwise,2,4311.039,2155.5195,4311.039,2155.5195,0.003661735561030308,0.7356310010162005,0.0,0.0
29,Device,FusedBatchNormGradV3,gradient_tape/mobilenetv2_1.00_256/block_1_depthwise_BN/FusedBatchNormGradV3,2,4220.926,2110.463,4220.926,2110.463,0.0035851948531844444,0.7392161958693849,0.0,0.0
30,Device,Conv2DBackpropFilter,gradient_tape/mobilenetv2_1.00_256/expanded_conv_project/Conv2D/Conv2DBackpropFilter,2,4196.35,2098.175,4196.35,2098.175,0.0035643203463317156,0.7427805162157166,0.0,0.0
31,Device,Relu6Grad,gradient_tape/mobilenetv2_1.00_256/block_2_expand_relu/Relu6/Relu6Grad,2,4016.126,2008.063,4016.126,2008.063,0.003411240629411705,0.7461917568451283,0.0,0.0
32,Device,Conv2DBackpropFilter,gradient_tape/mobilenetv2_1.00_256/block_2_project/Conv2D/Conv2DBackpropFilter,2,4008.958,2004.479,4008.958,2004.479,0.003405152231579659,0.749596909076708,0.0,0.0
33,Device,Relu6Grad,gradient_tape/mobilenetv2_1.00_256/block_3_expand_relu/Relu6/Relu6Grad,2,4005.888,2002.944,4005.888,2002.944,0.0034025446169947842,0.7529994536937027,0.0,0.0
34,Device,Relu6Grad,gradient_tape/mobilenetv2_1.00_256/block_2_depthwise_relu/Relu6/Relu6Grad,2,4003.838,2001.919,4003.838,2001.919,0.0034008033759853405,0.756400257069688,0.0,0.0
35,Device,DepthwiseConv2dNative,mobilenetv2_1.00_256/expanded_conv_depthwise/depthwise,2,3913.727,1956.8635,3913.727,1956.8635,0.0033242643669111932,0.7597245214365993,0.0,0.0
36,Device,FusedBatchNormV3,mobilenetv2_1.00_256/bn_Conv1/FusedBatchNormV3,4,3874.816,968.704,3874.816,968.704,0.003291213913780231,0.7630157353503795,0.0,0.0
37,Device,FusedBatchNormV3,mobilenetv2_1.00_256/block_2_depthwise_BN/FusedBatchNormV3,4,3874.815,968.70375,3874.815,968.70375,0.003291213064394373,0.7663069484147739,0.0,0.0
38,Device,FusedBatchNormV3,mobilenetv2_1.00_256/expanded_conv_depthwise_BN/FusedBatchNormV3,4,3868.67,967.1675,3868.67,967.1675,0.0032859935882953322,0.7695929420030692,0.0,0.0
39,Device,FusedBatchNormV3,mobilenetv2_1.00_256/block_3_expand_BN/FusedBatchNormV3,4,3861.502,965.3755,3861.502,965.3755,0.0032799051904632863,0.7728728471935324,0.0,0.0
40,Device,FusedBatchNormV3,mobilenetv2_1.00_256/block_2_expand_BN/FusedBatchNormV3,4,3856.383,964.09575,3856.383,964.09575,0.003275557184254826,0.7761484043777873,0.0,0.0
41,Device,Conv2DBackpropFilter,gradient_tape/mobilenetv2_1.00_256/block_2_expand/Conv2D/Conv2DBackpropFilter,2,3724.287,1862.1435,3724.287,1862.1435,0.003163356709921409,0.7793117610877087,0.0,0.0
42,Device,Conv2DBackpropFilter,gradient_tape/mobilenetv2_1.00_256/block_3_expand/Conv2D/Conv2DBackpropFilter,2,3713.022,1856.511,3713.022,1856.511,0.0031537883782280503,0.7824655494659367,0.0,0.0
43,Device,DepthwiseConv2dNativeBackpropFilter,gradient_tape/mobilenetv2_1.00_256/block_13_depthwise/depthwise/DepthwiseConv2dNativeBackpropFilter,2,3681.278,1840.639,3681.278,1840.639,0.0031268254735432755,0.78559237493948,0.0,0.0
44,Device,DepthwiseConv2dNativeBackpropInput,gradient_tape/mobilenetv2_1.00_256/block_3_depthwise/depthwise/DepthwiseConv2dNativeBackpropInput,2,3631.104,1815.552,3631.104,1815.552,0.003084208387490671,0.7886765833269707,0.0,0.0
45,Device,Relu6Grad,gradient_tape/mobilenetv2_1.00_256/expanded_conv_depthwise_relu/Relu6/Relu6Grad,2,3569.662,1784.831,3569.662,1784.831,0.0030320204215871327,0.7917086037485578,0.0,0.0
46,Device,Relu6Grad,gradient_tape/mobilenetv2_1.00_256/Conv1_relu/Relu6/Relu6Grad,2,3555.328,1777.664,3555.328,1777.664,0.0030198453246947574,0.7947284490732526,0.0,0.0
47,Device,Slice,gradient_tape/mobilenetv2_1.00_256/block_3_pad/Slice_1,2,2967.55,1483.775,2967.55,1483.775,0.002520595003695279,0.7972490440769479,0.0,0.0
48,Device,FusedBatchNormV3,mobilenetv2_1.00_256/expanded_conv_project_BN/FusedBatchNormV3,4,2963.454,740.8635,2963.454,740.8635,0.002517115919219824,0.7997661599961676,0.0,0.0
49,Device,Pad,mobilenetv2_1.00_256/block_3_pad/Pad,2,2763.775,1381.8875,2763.775,1381.8875,0.0023475114004272613,0.8021136713965948,0.0,0.0
50,Device,Relu6Grad,gradient_tape/mobilenetv2_1.00_256/block_1_depthwise_relu/Relu6/Relu6Grad,2,2678.784,1339.392,2678.784,1339.392,0.0022753212469474324,0.8043889926435422,0.0,0.0
51,Device,Relu6,mobilenetv2_1.00_256/block_3_expand_relu/Relu6,2,2590.72,1295.36,2590.72,1295.36,0.002200520930725154,0.8065895135742674,0.0,0.0
52,Device,Relu6,mobilenetv2_1.00_256/block_2_depthwise_relu/Relu6,2,2584.576,1292.288,2584.576,1292.288,0.0021953023040119724,0.8087848158782794,0.0,0.0
53,Device,Relu6,mobilenetv2_1.00_256/block_2_expand_relu/Relu6,2,2583.551,1291.7755,2583.551,1291.7755,0.00219443168350725,0.8109792475617867,0.0,0.0
54,Device,Conv2D,mobilenetv2_1.00_256/Conv1/Conv2D,2,2577.406,1288.703,2577.406,1288.703,0.00218921220740821,0.8131684597691949,0.0,0.0
55,Device,FusedBatchNormV3,mobilenetv2_1.00_256/block_1_depthwise_BN/FusedBatchNormV3,4,2560.0,640.0,2560.0,640.0,0.0021744277971592436,0.8153428875663542,0.0,0.0
56,Device,Conv2DBackpropFilter,gradient_tape/mobilenetv2_1.00_256/block_1_project/Conv2D/Conv2DBackpropFilter,2,2532.352,1266.176,2532.352,1266.176,0.0021509439769499235,0.8174938315433041,0.0,0.0
57,Device,Relu6,mobilenetv2_1.00_256/Conv1_relu/Relu6,2,2301.951,1150.9755,2301.951,1150.9755,0.0019552446258197334,0.8194490761691239,0.0,0.0
58,Device,Relu6,mobilenetv2_1.00_256/expanded_conv_depthwise_relu/Relu6,2,2297.856,1148.928,2297.856,1148.928,0.0019517663907301372,0.821400842559854,0.0,0.0
59,Device,FusedBatchNormGradV3,gradient_tape/mobilenetv2_1.00_256/block_6_expand_BN/FusedBatchNormGradV3,2,2125.824,1062.912,2125.824,1062.912,0.001805644842761036,0.823206487402615,0.0,0.0
60,Device,FusedBatchNormGradV3,gradient_tape/mobilenetv2_1.00_256/block_4_depthwise_BN/FusedBatchNormGradV3,2,2124.798,1062.399,2124.798,1062.399,0.0018047733728704554,0.8250112607754855,0.0,0.0
61,Device,FusedBatchNormGradV3,gradient_tape/mobilenetv2_1.00_256/block_4_expand_BN/FusedBatchNormGradV3,2,2122.751,1061.3755,2122.751,1061.3755,0.0018030346800185866,0.8268142954555041,0.0,0.0
62,Device,FusedBatchNormGradV3,gradient_tape/mobilenetv2_1.00_256/block_5_depthwise_BN/FusedBatchNormGradV3,2,2115.583,1057.7915,2115.583,1057.7915,0.0017969462821865406,0.8286112417376906,0.0,0.0
63,Device,FusedBatchNormGradV3,gradient_tape/mobilenetv2_1.00_256/block_5_expand_BN/FusedBatchNormGradV3,2,2111.487,1055.7435,2111.487,1055.7435,0.001793467197711086,0.8304047089354017,0.0,0.0
64,Device,Conv2D,mobilenetv2_1.00_256/block_3_expand/Conv2D,2,1933.312,966.656,1933.312,966.656,0.0016421278724146606,0.8320468368078164,0.0,0.0
65,Device,Conv2D,mobilenetv2_1.00_256/block_2_expand/Conv2D,2,1928.192,964.096,1928.192,964.096,0.0016377790168203422,0.8336846158246368,0.0,0.0
66,Device,Conv2DBackpropInput,gradient_tape/mobilenetv2_1.00_256/block_2_project/Conv2D/Conv2DBackpropInput,2,1921.024,960.512,1921.024,960.512,0.0016316906189882963,0.8353163064436251,0.0,0.0
67,Device,Conv2DBackpropInput,gradient_tape/mobilenetv2_1.00_256/block_3_expand/Conv2D/Conv2DBackpropInput,2,1828.864,914.432,1828.864,914.432,0.0015534112182905636,0.8368697176619156,0.0,0.0
68,Device,Conv2DBackpropInput,gradient_tape/mobilenetv2_1.00_256/block_2_expand/Conv2D/Conv2DBackpropInput,2,1827.839,913.9195,1827.839,913.9195,0.0015525405977858415,0.8384222582597015,0.0,0.0
69,Device,DepthwiseConv2dNative,mobilenetv2_1.00_256/block_3_depthwise/depthwise,2,1778.687,889.3435,1778.687,889.3435,0.0015107915840803841,0.8399330498437819,0.0,0.0
70,Device,Relu6,mobilenetv2_1.00_256/block_1_depthwise_relu/Relu6,2,1725.44,862.72,1725.44,862.72,0.0014655643352853302,0.8413986141790673,0.0,0.0
71,Device,Conv2DBackpropInput,gradient_tape/mobilenetv2_1.00_256/expanded_conv_project/Conv2D/Conv2DBackpropInput,2,1707.008,853.504,1707.008,853.504,0.0014499084551457837,0.8428485226342131,0.0,0.0
72,Device,Conv2D,mobilenetv2_1.00_256/expanded_conv_project/Conv2D,2,1696.768,848.384,1696.768,848.384,0.0014412107439571466,0.8442897333781703,0.0,0.0
73,Device,FusedBatchNormGradV3,gradient_tape/mobilenetv2_1.00_256/block_12_expand_BN/FusedBatchNormGradV3,2,1616.896,808.448,1616.896,808.448,0.0013733685966857783,0.8456631019748561,0.0,0.0
74,Device,FusedBatchNormGradV3,gradient_tape/mobilenetv2_1.00_256/block_12_depthwise_BN/FusedBatchNormGradV3,2,1609.728,804.864,1609.728,804.864,0.0013672801988537323,0.8470303821737097,0.0,0.0
75,Device,FusedBatchNormGradV3,gradient_tape/mobilenetv2_1.00_256/block_13_expand_BN/FusedBatchNormGradV3,2,1608.703,804.3515,1608.703,804.3515,0.0013664095783490105,0.8483967917520587,0.0,0.0
76,Device,FusedBatchNormGradV3,gradient_tape/mobilenetv2_1.00_256/block_11_expand_BN/FusedBatchNormGradV3,2,1607.678,803.839,1607.678,803.839,0.0013655389578442886,0.849762330709903,0.0,0.0
77,Device,FusedBatchNormGradV3,gradient_tape/mobilenetv2_1.00_256/block_11_depthwise_BN/FusedBatchNormGradV3,2,1606.656,803.328,1606.656,803.328,0.0013646708854971412,0.8511270015954002,0.0,0.0
78,Device,FusedBatchNormGradV3,gradient_tape/mobilenetv2_1.00_256/block_3_depthwise_BN/FusedBatchNormGradV3,2,1590.271,795.1355,1590.271,795.1355,0.0013507536982094639,0.8524777552936097,0.0,0.0
79,Device,DepthwiseConv2dNativeBackpropInput,gradient_tape/mobilenetv2_1.00_256/block_5_depthwise/depthwise/DepthwiseConv2dNativeBackpropInput,2,1552.384,776.192,1552.384,776.192,0.0013185730161973652,0.853796328309807,0.0,0.0
80,Device,FusedBatchNormGradV3,gradient_tape/mobilenetv2_1.00_256/block_2_project_BN/FusedBatchNormGradV3,2,1533.952,766.976,1533.952,766.976,0.0013029171360578187,0.8550992454458648,0.0,0.0
81,Device,DepthwiseConv2dNativeBackpropInput,gradient_tape/mobilenetv2_1.00_256/block_4_depthwise/depthwise/DepthwiseConv2dNativeBackpropInput,2,1532.928,766.464,1532.928,766.464,0.0013020473649389551,0.8564012928108038,0.0,0.0
82,Device,FusedBatchNormGradV3,gradient_tape/mobilenetv2_1.00_256/block_1_project_BN/FusedBatchNormGradV3,2,1529.856,764.928,1529.856,764.928,0.001299438051582364,0.8577007308623862,0.0,0.0
83,Device,Conv2D,mobilenetv2_1.00_256/block_2_project/Conv2D,2,1458.174,729.087,1458.174,729.087,0.0012385523744901886,0.8589392832368764,0.0,0.0
84,Device,Conv2DBackpropFilter,gradient_tape/mobilenetv2_1.00_256/block_4_project/Conv2D/Conv2DBackpropFilter,2,1330.176,665.088,1330.176,665.088,0.001129832683403943,0.8600691159202803,0.0,0.0
85,Device,Relu6Grad,gradient_tape/mobilenetv2_1.00_256/block_5_expand_relu/Relu6/Relu6Grad,2,1326.08,663.04,1326.08,663.04,0.001126353598928488,0.8611954695192089,0.0,0.0
86,Device,Relu6Grad,gradient_tape/mobilenetv2_1.00_256/block_5_depthwise_relu/Relu6/Relu6Grad,2,1325.056,662.528,1325.056,662.528,0.0011254838278096245,0.8623209533470185,0.0,0.0
87,Device,Conv2DBackpropFilter,gradient_tape/mobilenetv2_1.00_256/block_5_project/Conv2D/Conv2DBackpropFilter,2,1324.032,662.016,1324.032,662.016,0.0011246140566907607,0.8634455674037093,0.0,0.0
88,Device,Relu6Grad,gradient_tape/mobilenetv2_1.00_256/block_4_depthwise_relu/Relu6/Relu6Grad,2,1323.008,661.504,1323.008,661.504,0.0011237442855718972,0.8645693116892812,0.0,0.0
89,Device,Relu6Grad,gradient_tape/mobilenetv2_1.00_256/block_4_expand_relu/Relu6/Relu6Grad,2,1320.96,660.48,1320.96,660.48,0.0011220047433341696,0.8656913164326153,0.0,0.0
90,Device,Relu6Grad,gradient_tape/mobilenetv2_1.00_256/block_6_expand_relu/Relu6/Relu6Grad,2,1309.696,654.848,1309.696,654.848,0.001112437261026669,0.866803753693642,0.0,0.0
91,Device,FusedBatchNormV3,mobilenetv2_1.00_256/block_4_expand_BN/FusedBatchNormV3,4,1286.144,321.536,1286.144,321.536,0.001092432525292804,0.8678961862189348,0.0,0.0
92,Device,Conv2DBackpropInput,gradient_tape/mobilenetv2_1.00_256/block_1_project/Conv2D/Conv2DBackpropInput,2,1286.142,643.071,1286.142,643.071,0.0010924308265210874,0.8689886170454559,0.0,0.0
93,Device,FusedBatchNormV3,mobilenetv2_1.00_256/block_4_depthwise_BN/FusedBatchNormV3,4,1285.12,321.28,1285.12,321.28,0.0010915627541739402,0.8700801797996299,0.0,0.0
94,Device,FusedBatchNormV3,mobilenetv2_1.00_256/block_5_expand_BN/FusedBatchNormV3,4,1285.12,321.28,1285.12,321.28,0.0010915627541739402,0.8711717425538039,0.0,0.0
95,Device,DepthwiseConv2dNativeBackpropInput,gradient_tape/mobilenetv2_1.00_256/block_6_depthwise/depthwise/DepthwiseConv2dNativeBackpropInput,2,1285.119,642.5595,1285.119,642.5595,0.001091561904788082,0.872263304458592,0.0,0.0
96,Device,FusedBatchNormV3,mobilenetv2_1.00_256/block_6_expand_BN/FusedBatchNormV3,4,1284.096,321.024,1284.096,321.024,0.0010906929830550767,0.8733539974416471,0.0,0.0
97,Device,FusedBatchNormV3,mobilenetv2_1.00_256/block_5_depthwise_BN/FusedBatchNormV3,4,1281.024,320.256,1281.024,320.256,0.0010880836696984854,0.8744420811113456,0.0,0.0
98,Device,Conv2DBackpropFilter,gradient_tape/mobilenetv2_1.00_256/block_6_expand/Conv2D/Conv2DBackpropFilter,2,1268.735,634.3675,1268.735,634.3675,0.0010776455668862627,0.8755197266782319,0.0,0.0
99,Device,Conv2DBackpropFilter,gradient_tape/mobilenetv2_1.00_256/block_5_expand/Conv2D/Conv2DBackpropFilter,2,1256.447,628.2235,1256.447,628.2235,0.0010672083134598983,0.8765869349916917,0.0,0.0
100,Device,Conv2DBackpropFilter,gradient_tape/mobilenetv2_1.00_256/block_4_expand/Conv2D/Conv2DBackpropFilter,2,1250.303,625.1515,1250.303,625.1515,0.0010619896867467163,0.8776489246784385,0.0,0.0
101,Device,DepthwiseConv2dNativeBackpropFilter,gradient_tape/mobilenetv2_1.00_256/block_5_depthwise/depthwise/DepthwiseConv2dNativeBackpropFilter,2,1195.007,597.5035,1195.007,597.5035,0.0010150220463280768,0.8786639467247666,0.0,0.0
102,Device,DepthwiseConv2dNativeBackpropFilter,gradient_tape/mobilenetv2_1.00_256/block_4_depthwise/depthwise/DepthwiseConv2dNativeBackpropFilter,2,1193.984,596.992,1193.984,596.992,0.001014153124595071,0.8796780998493616,0.0,0.0
103,Device,DepthwiseConv2dNativeBackpropInput,gradient_tape/mobilenetv2_1.00_256/block_12_depthwise/depthwise/DepthwiseConv2dNativeBackpropInput,2,1158.143,579.0715,1158.143,579.0715,0.0009837102860489836,0.8806618101354106,0.0,0.0
104,Device,DepthwiseConv2dNativeBackpropInput,gradient_tape/mobilenetv2_1.00_256/block_11_depthwise/depthwise/DepthwiseConv2dNativeBackpropInput,2,1149.952,574.976,1149.952,574.976,0.0009767529664839322,0.8816385631018945,0.0,0.0
105,Device,Conv2DBackpropFilter,gradient_tape/mobilenetv2_1.00_256/block_3_project/Conv2D/Conv2DBackpropFilter,2,1124.352,562.176,1124.352,562.176,0.0009550086885123398,0.8825935717904069,0.0,0.0
106,Device,FusedBatchNormGradV3,gradient_tape/mobilenetv2_1.00_256/block_9_expand_BN/FusedBatchNormGradV3,2,1106.944,553.472,1106.944,553.472,0.0009402225794916569,0.8835337943698985,0.0,0.0
107,Device,FusedBatchNormGradV3,gradient_tape/mobilenetv2_1.00_256/block_10_expand_BN/FusedBatchNormGradV3,2,1101.824,550.912,1101.824,550.912,0.0009358737238973385,0.8844696680937959,0.0,0.0
108,Device,FusedBatchNormGradV3,gradient_tape/mobilenetv2_1.00_256/block_8_expand_BN/FusedBatchNormGradV3,2,1101.824,550.912,1101.824,550.912,0.0009358737238973385,0.8854055418176933,0.0,0.0
109,Device,FusedBatchNormGradV3,gradient_tape/mobilenetv2_1.00_256/block_7_expand_BN/FusedBatchNormGradV3,2,1097.728,548.864,1097.728,548.864,0.0009323946394218837,0.8863379364571151,0.0,0.0
110,Device,FusedBatchNormGradV3,gradient_tape/mobilenetv2_1.00_256/block_7_depthwise_BN/FusedBatchNormGradV3,2,1092.607,546.3035,1092.607,546.3035,0.0009280449344417069,0.8872659813915568,0.0,0.0
111,Device,FusedBatchNormGradV3,gradient_tape/mobilenetv2_1.00_256/block_8_depthwise_BN/FusedBatchNormGradV3,2,1090.559,545.2795,1090.559,545.2795,0.0009263053922039795,0.8881922867837607,0.0,0.0
112,Device,FusedBatchNormGradV3,gradient_tape/mobilenetv2_1.00_256/block_9_depthwise_BN/FusedBatchNormGradV3,2,1087.487,543.7435,1087.487,543.7435,0.0009236960788473885,0.8891159828626081,0.0,0.0
113,Device,FusedBatchNormGradV3,gradient_tape/mobilenetv2_1.00_256/block_10_depthwise_BN/FusedBatchNormGradV3,2,1086.464,543.232,1086.464,543.232,0.0009228271571143829,0.8900388100197224,0.0,0.0
114,Device,Conv2D,mobilenetv2_1.00_256/block_1_project/Conv2D,2,1056.767,528.3835,1056.767,528.3835,0.0008976029452814775,0.8909364129650039,0.0,0.0
115,Device,Conv2DBackpropFilter,gradient_tape/mobilenetv2_1.00_256/Conv_1/Conv2D/Conv2DBackpropFilter,4,1038.336,259.584,1038.336,259.584,0.0008819479145277892,0.8918183608795317,0.0,0.0
116,Device,DepthwiseConv2dNativeBackpropInput,gradient_tape/mobilenetv2_1.00_256/block_13_depthwise/depthwise/DepthwiseConv2dNativeBackpropInput,2,1028.096,514.048,1028.096,514.048,0.0008732502033391523,0.8926916110828709,0.0,0.0
117,Device,FusedBatchNormV3,mobilenetv2_1.00_256/block_13_expand_BN/FusedBatchNormV3,4,994.304,248.576,994.304,248.576,0.0008445477564166502,0.8935361588392875,0.0,0.0
118,Device,FusedBatchNormV3,mobilenetv2_1.00_256/block_12_expand_BN/FusedBatchNormV3,4,993.28,248.32,993.28,248.32,0.0008436779852977864,0.8943798368245853,0.0,0.0
119,Device,FusedBatchNormV3,mobilenetv2_1.00_256/block_11_depthwise_BN/FusedBatchNormV3,4,993.279,248.31975,993.279,248.31975,0.0008436771359119282,0.8952235139604973,0.0,0.0
120,Device,Relu6Grad,gradient_tape/mobilenetv2_1.00_256/block_11_expand_relu/Relu6/Relu6Grad,2,989.184,494.592,989.184,494.592,0.0008401989008223317,0.8960637128613196,0.0,0.0
121,Device,FusedBatchNormV3,mobilenetv2_1.00_256/block_12_depthwise_BN/FusedBatchNormV3,4,989.184,247.296,989.184,247.296,0.0008401989008223317,0.8969039117621419,0.0,0.0
122,Device,FusedBatchNormV3,mobilenetv2_1.00_256/block_11_expand_BN/FusedBatchNormV3,4,987.136,246.784,987.136,246.784,0.0008384593585846043,0.8977423711207265,0.0,0.0
123,Device,Relu6Grad,gradient_tape/mobilenetv2_1.00_256/block_12_expand_relu/Relu6/Relu6Grad,2,985.088,492.544,985.088,492.544,0.0008367198163468769,0.8985790909370734,0.0,0.0
124,Device,Relu6Grad,gradient_tape/mobilenetv2_1.00_256/block_11_depthwise_relu/Relu6/Relu6Grad,2,983.039,491.5195,983.039,491.5195,0.0008349794247232913,0.8994140703617968,0.0,0.0
125,Device,Relu6Grad,gradient_tape/mobilenetv2_1.00_256/block_12_depthwise_relu/Relu6/Relu6Grad,2,982.016,491.008,982.016,491.008,0.0008341105029902858,0.9002481808647871,0.0,0.0
126,Device,Relu6Grad,gradient_tape/mobilenetv2_1.00_256/block_13_expand_relu/Relu6/Relu6Grad,2,980.992,490.496,980.992,490.496,0.0008332407318714221,0.9010814215966585,0.0,0.0
127,Device,Relu6Grad,gradient_tape/mobilenetv2_1.00_256/block_3_depthwise_relu/Relu6/Relu6Grad,2,978.944,489.472,978.944,489.472,0.0008315011896336947,0.9019129227862922,0.0,0.0
128,Device,Slice,gradient_tape/mobilenetv2_1.00_256/block_6_pad/Slice_1,2,965.632,482.816,965.632,482.816,0.0008201941650884667,0.9027331169513807,0.0,0.0
129,Device,FusedBatchNormV3,mobilenetv2_1.00_256/block_3_depthwise_BN/FusedBatchNormV3,4,953.344,238.336,953.344,238.336,0.0008097569116621024,0.9035428738630428,0.0,0.0
130,Device,Pad,mobilenetv2_1.00_256/block_6_pad/Pad,2,939.007,469.5035,939.007,469.5035,0.0007975792666121523,0.9043404531296549,0.0,0.0
131,Device,DepthwiseConv2dNativeBackpropFilter,gradient_tape/mobilenetv2_1.00_256/block_11_depthwise/depthwise/DepthwiseConv2dNativeBackpropFilter,2,936.96,468.48,936.96,468.48,0.0007958405737602831,0.9051362937034152,0.0,0.0
132,Device,DepthwiseConv2dNativeBackpropFilter,gradient_tape/mobilenetv2_1.00_256/block_12_depthwise/depthwise/DepthwiseConv2dNativeBackpropFilter,2,936.959,468.4795,936.959,468.4795,0.0007958397243744248,0.9059321334277897,0.0,0.0
133,Device,Transpose,gradient_tape/mobilenetv2_1.00_256/Conv1/Conv2D/Conv2DBackpropFilter-0-TransposeNHWCToNCHW-LayoutOptimizer,2,931.84,465.92,931.84,465.92,0.0007914917181659647,0.9067236251459556,0.0,0.0
134,Device,Conv2DBackpropFilter,gradient_tape/mobilenetv2_1.00_256/block_11_project/Conv2D/Conv2DBackpropFilter,2,909.311,454.6555,909.311,454.6555,0.000772355904165105,0.9074959810501207,0.0,0.0
135,Device,Conv2DBackpropFilter,gradient_tape/mobilenetv2_1.00_256/block_12_project/Conv2D/Conv2DBackpropFilter,2,905.216,452.608,905.216,452.608,0.0007688776690755085,0.9082648587191963,0.0,0.0
136,Device,FusedBatchNormV3,mobilenetv2_1.00_256/block_1_project_BN/FusedBatchNormV3,4,875.519,218.87975,875.519,218.87975,0.0007436534572426031,0.9090085121764389,0.0,0.0
137,Device,FusedBatchNormV3,mobilenetv2_1.00_256/block_2_project_BN/FusedBatchNormV3,4,873.472,218.368,873.472,218.368,0.0007419147643907339,0.9097504269408296,0.0,0.0
138,Device,Conv2DBackpropFilter,gradient_tape/mobilenetv2_1.00_256/block_16_project/Conv2D/Conv2DBackpropFilter,4,868.352,217.088,868.352,217.088,0.0007375659087964154,0.910487992849626,0.0,0.0
139,Device,FusedBatchNormGradV3,gradient_tape/mobilenetv2_1.00_256/Conv_1_bn/FusedBatchNormGradV3,2,865.28,432.64,865.28,432.64,0.0007349565954398243,0.9112229494450659,0.0,0.0
140,Device,Relu6,mobilenetv2_1.00_256/block_5_depthwise_relu/Relu6,2,862.208,431.104,862.208,431.104,0.0007323472820832332,0.9119552967271491,0.0,0.0
141,Device,Relu6,mobilenetv2_1.00_256/block_4_expand_relu/Relu6,2,862.207,431.1035,862.207,431.1035,0.0007323464326973749,0.9126876431598465,0.0,0.0
142,Device,Relu6,mobilenetv2_1.00_256/block_5_expand_relu/Relu6,2,862.207,431.1035,862.207,431.1035,0.0007323464326973749,0.9134199895925439,0.0,0.0
143,Device,Relu6,mobilenetv2_1.00_256/block_6_expand_relu/Relu6,2,862.207,431.1035,862.207,431.1035,0.0007323464326973749,0.9141523360252413,0.0,0.0
144,Device,Relu6,mobilenetv2_1.00_256/block_4_depthwise_relu/Relu6,2,860.16,430.08,860.16,430.08,0.0007306077398455058,0.9148829437650867,0.0,0.0
145,Device,Conv2DBackpropInput,gradient_tape/mobilenetv2_1.00_256/block_12_project/Conv2D/Conv2DBackpropInput,2,857.088,428.544,857.088,428.544,0.0007279984264889147,0.9156109421915757,0.0,0.0
146,Device,DepthwiseConv2dNative,mobilenetv2_1.00_256/block_5_depthwise/depthwise,2,850.943,425.4715,850.943,425.4715,0.0007227789503898743,0.9163337211419655,0.0,0.0
147,Device,Conv2DBackpropInput,gradient_tape/mobilenetv2_1.00_256/block_11_project/Conv2D/Conv2DBackpropInput,2,848.896,424.448,848.896,424.448,0.0007210402575380051,0.9170547613995036,0.0,0.0
148,Device,DepthwiseConv2dNative,mobilenetv2_1.00_256/block_4_depthwise/depthwise,2,848.895,424.4475,848.895,424.4475,0.0007210394081521469,0.9177758008076558,0.0,0.0
149,Device,Conv2DBackpropFilter,gradient_tape/mobilenetv2_1.00_256/block_11_expand/Conv2D/Conv2DBackpropFilter,2,824.32,412.16,824.32,412.16,0.0007001657506852765,0.9184759665583411,0.0,0.0
150,Device,Conv2DBackpropFilter,gradient_tape/mobilenetv2_1.00_256/block_12_expand/Conv2D/Conv2DBackpropFilter,2,824.32,412.16,824.32,412.16,0.0007001657506852765,0.9191761323090264,0.0,0.0
151,Device,Conv2DBackpropFilter,gradient_tape/mobilenetv2_1.00_256/block_13_expand/Conv2D/Conv2DBackpropFilter,2,817.152,408.576,817.152,408.576,0.0006940773528532306,0.9198702096618796,0.0,0.0
152,Device,Conv2D,mobilenetv2_1.00_256/Conv_1/Conv2D,4,799.744,199.936,799.744,199.936,0.0006792912438325477,0.9205495009057122,0.0,0.0
153,Device,Conv2DBackpropInput,gradient_tape/mobilenetv2_1.00_256/Conv_1/Conv2D/Conv2DBackpropInput,2,796.671,398.3355,796.671,398.3355,0.0006766810810900983,0.9212261819868023,0.0,0.0
154,Device,DepthwiseConv2dNativeBackpropInput,gradient_tape/mobilenetv2_1.00_256/block_9_depthwise/depthwise/DepthwiseConv2dNativeBackpropInput,2,773.119,386.5595,773.119,386.5595,0.0006566763453562333,0.9218828583321586,0.0,0.0
155,Device,Conv2DBackpropFilter,gradient_tape/mobilenetv2_1.00_256/block_10_project/Conv2D/Conv2DBackpropFilter,2,772.096,386.048,772.096,386.048,0.0006558074236232279,0.9225386657557818,0.0,0.0
156,Device,DepthwiseConv2dNativeBackpropInput,gradient_tape/mobilenetv2_1.00_256/block_8_depthwise/depthwise/DepthwiseConv2dNativeBackpropInput,2,770.048,385.024,770.048,385.024,0.0006540678813855004,0.9231927336371673,0.0,0.0
157,Device,DepthwiseConv2dNativeBackpropInput,gradient_tape/mobilenetv2_1.00_256/block_7_depthwise/depthwise/DepthwiseConv2dNativeBackpropInput,2,769.024,384.512,769.024,384.512,0.0006531981102666368,0.9238459317474339,0.0,0.0
158,Device,DepthwiseConv2dNativeBackpropInput,gradient_tape/mobilenetv2_1.00_256/block_10_depthwise/depthwise/DepthwiseConv2dNativeBackpropInput,2,766.975,383.4875,766.975,383.4875,0.0006514577186430511,0.924497389466077,0.0,0.0
159,Device,Pad,mobilenetv2_1.00_256/block_13_pad/Pad,2,751.616,375.808,751.616,375.808,0.0006384120012459538,0.9251358014673229,0.0,0.0
160,Device,Conv2DBackpropFilter,gradient_tape/mobilenetv2_1.00_256/block_9_project/Conv2D/Conv2DBackpropFilter,2,745.472,372.736,745.472,372.736,0.0006331933745327718,0.9257689948418557,0.0,0.0
161,Device,Conv2DBackpropFilter,gradient_tape/mobilenetv2_1.00_256/block_7_project/Conv2D/Conv2DBackpropFilter,2,743.424,371.712,743.424,371.712,0.0006314538322950443,0.9264004486741507,0.0,0.0
162,Device,Conv2DBackpropFilter,gradient_tape/mobilenetv2_1.00_256/block_8_project/Conv2D/Conv2DBackpropFilter,2,742.4,371.2,742.4,371.2,0.0006305840611761807,0.9270310327353269,0.0,0.0
163,Device,Slice,gradient_tape/mobilenetv2_1.00_256/block_13_pad/Slice_1,2,728.064,364.032,728.064,364.032,0.0006184072655120888,0.927649440000839,0.0,0.0
164,Device,Conv2D,mobilenetv2_1.00_256/block_12_project/Conv2D,2,721.919,360.9595,721.919,360.9595,0.0006131877894130484,0.928262627790252,0.0,0.0
165,Device,Conv2D,mobilenetv2_1.00_256/block_11_project/Conv2D,2,715.776,357.888,715.776,357.888,0.0006079700120857245,0.9288705978023377,0.0,0.0
166,Device,DepthwiseConv2dNative,mobilenetv2_1.00_256/block_6_depthwise/depthwise,2,706.56,353.28,706.56,353.28,0.0006001420720159512,0.9294707398743537,0.0,0.0
167,Device,FusedBatchNormV3,mobilenetv2_1.00_256/block_10_depthwise_BN/FusedBatchNormV3,4,683.008,170.752,683.008,170.752,0.0005801373362820863,0.9300508772106357,0.0,0.0
168,Device,FusedBatchNormV3,mobilenetv2_1.00_256/block_7_depthwise_BN/FusedBatchNormV3,4,680.96,170.24,680.96,170.24,0.0005783977940443588,0.9306292750046801,0.0,0.0
169,Device,FusedBatchNormV3,mobilenetv2_1.00_256/block_10_expand_BN/FusedBatchNormV3,4,679.935,169.98375,679.935,169.98375,0.0005775271735396368,0.9312068021782197,0.0,0.0
170,Device,FusedBatchNormV3,mobilenetv2_1.00_256/block_7_expand_BN/FusedBatchNormV3,4,677.888,169.472,677.888,169.472,0.0005757884806877677,0.9317825906589075,0.0,0.0
171,Device,FusedBatchNormV3,mobilenetv2_1.00_256/block_9_depthwise_BN/FusedBatchNormV3,4,676.864,169.216,676.864,169.216,0.0005749187095689041,0.9323575093684764,0.0,0.0
172,Device,FusedBatchNormV3,mobilenetv2_1.00_256/block_8_depthwise_BN/FusedBatchNormV3,4,675.84,168.96,675.84,168.96,0.0005740489384500403,0.9329315583069264,0.0,0.0
173,Device,FusedBatchNormV3,mobilenetv2_1.00_256/block_9_expand_BN/FusedBatchNormV3,4,673.792,168.448,673.792,168.448,0.000572309396212313,0.9335038677031388,0.0,0.0
174,Device,FusedBatchNormV3,mobilenetv2_1.00_256/block_8_expand_BN/FusedBatchNormV3,4,672.767,168.19175,672.767,168.19175,0.000571438775707591,0.9340753064788464,0.0,0.0
175,Device,Conv2DBackpropInput,gradient_tape/mobilenetv2_1.00_256/block_13_expand/Conv2D/Conv2DBackpropInput,2,670.719,335.3595,670.719,335.3595,0.0005696992334698636,0.9346450057123162,0.0,0.0
176,Device,Conv2DBackpropInput,gradient_tape/mobilenetv2_1.00_256/block_11_expand/Conv2D/Conv2DBackpropInput,2,669.696,334.848,669.696,334.848,0.0005688303117368581,0.9352138360240531,0.0,0.0
177,Device,Conv2DBackpropInput,gradient_tape/mobilenetv2_1.00_256/block_12_expand/Conv2D/Conv2DBackpropInput,2,669.696,334.848,669.696,334.848,0.0005688303117368581,0.9357826663357899,0.0,0.0
178,Device,FusedBatchNormGradV3,gradient_tape/mobilenetv2_1.00_256/block_16_expand_BN/FusedBatchNormGradV3,2,668.672,334.336,668.672,334.336,0.0005679605406179944,0.9363506268764079,0.0,0.0
179,Device,FusedBatchNormGradV3,gradient_tape/mobilenetv2_1.00_256/block_15_expand_BN/FusedBatchNormGradV3,2,666.624,333.312,666.624,333.312,0.000566220998380267,0.9369168478747881,0.0,0.0
180,Device,FusedBatchNormGradV3,gradient_tape/mobilenetv2_1.00_256/block_14_expand_BN/FusedBatchNormGradV3,2,665.6,332.8,665.6,332.8,0.0005653512272614033,0.9374821991020496,0.0,0.0
181,Device,Conv2DBackpropInput,gradient_tape/mobilenetv2_1.00_256/block_5_project/Conv2D/Conv2DBackpropInput,2,663.552,331.776,663.552,331.776,0.0005636116850236759,0.9380458107870733,0.0,0.0
182,Device,Conv2D,mobilenetv2_1.00_256/block_4_expand/Conv2D,2,663.552,331.776,663.552,331.776,0.0005636116850236759,0.938609422472097,0.0,0.0
183,Device,Conv2D,mobilenetv2_1.00_256/block_5_expand/Conv2D,2,663.552,331.776,663.552,331.776,0.0005636116850236759,0.9391730341571207,0.0,0.0
184,Device,Conv2D,mobilenetv2_1.00_256/block_6_expand/Conv2D,2,663.552,331.776,663.552,331.776,0.0005636116850236759,0.9397366458421444,0.0,0.0
185,Device,FusedBatchNormGradV3,gradient_tape/mobilenetv2_1.00_256/block_15_depthwise_BN/FusedBatchNormGradV3,2,662.528,331.264,662.528,331.264,0.0005627419139048122,0.9402993877560493,0.0,0.0
186,Device,FusedBatchNormGradV3,gradient_tape/mobilenetv2_1.00_256/block_16_depthwise_BN/FusedBatchNormGradV3,2,661.504,330.752,661.504,330.752,0.0005618721427859486,0.9408612598988352,0.0,0.0
187,Device,FusedBatchNormGradV3,gradient_tape/mobilenetv2_1.00_256/block_14_depthwise_BN/FusedBatchNormGradV3,2,660.48,330.24,660.48,330.24,0.0005610023716670848,0.9414222622705023,0.0,0.0
188,Device,Conv2DBackpropInput,gradient_tape/mobilenetv2_1.00_256/block_4_project/Conv2D/Conv2DBackpropInput,2,658.432,329.216,658.432,329.216,0.0005592628294293575,0.9419815250999316,0.0,0.0
189,Device,Conv2D,mobilenetv2_1.00_256/block_12_expand/Conv2D,4,654.336,163.584,654.336,163.584,0.0005557837449539026,0.9425373088448855,0.0,0.0
190,Device,Relu6Grad,gradient_tape/mobilenetv2_1.00_256/block_8_expand_relu/Relu6/Relu6Grad,2,653.312,326.656,653.312,326.656,0.000554913973835039,0.9430922228187205,0.0,0.0
191,Device,Relu6Grad,gradient_tape/mobilenetv2_1.00_256/block_7_expand_relu/Relu6/Relu6Grad,2,652.288,326.144,652.288,326.144,0.0005540442027161753,0.9436462670214367,0.0,0.0
192,Device,Relu6Grad,gradient_tape/mobilenetv2_1.00_256/block_9_expand_relu/Relu6/Relu6Grad,2,650.24,325.12,650.24,325.12,0.0005523046604784479,0.9441985716819151,0.0,0.0
193,Device,Relu6Grad,gradient_tape/mobilenetv2_1.00_256/block_8_depthwise_relu/Relu6/Relu6Grad,2,649.216,324.608,649.216,324.608,0.0005514348893595842,0.9447500065712747,0.0,0.0
194,Device,Conv2D,mobilenetv2_1.00_256/block_11_expand/Conv2D,4,649.216,162.304,649.216,162.304,0.0005514348893595842,0.9453014414606343,0.0,0.0
195,Device,Relu6,mobilenetv2_1.00_256/block_11_expand_relu/Relu6,2,648.192,324.096,648.192,324.096,0.0005505651182407204,0.945852006578875,0.0,0.0
196,Device,Relu6,mobilenetv2_1.00_256/block_12_expand_relu/Relu6,2,648.192,324.096,648.192,324.096,0.0005505651182407204,0.9464025716971157,0.0,0.0
197,Device,Relu6Grad,gradient_tape/mobilenetv2_1.00_256/block_7_depthwise_relu/Relu6/Relu6Grad,2,648.191,324.0955,648.191,324.0955,0.0005505642688548622,0.9469531359659706,0.0,0.0
198,Device,Relu6,mobilenetv2_1.00_256/block_3_depthwise_relu/Relu6,2,647.168,323.584,647.168,323.584,0.0005496953471218568,0.9475028313130925,0.0,0.0
199,Device,Relu6Grad,gradient_tape/mobilenetv2_1.00_256/block_9_depthwise_relu/Relu6/Relu6Grad,2,646.144,323.072,646.144,323.072,0.0005488255760029931,0.9480516568890955,0.0,0.0
200,Device,DepthwiseConv2dNative,mobilenetv2_1.00_256/block_11_depthwise/depthwise,2,644.096,322.048,644.096,322.048,0.0005470860337652657,0.9485987429228608,0.0,0.0
201,Device,Relu6,mobilenetv2_1.00_256/block_13_expand_relu/Relu6,2,644.096,322.048,644.096,322.048,0.0005470860337652657,0.9491458289566261,0.0,0.0
202,Device,Relu6,mobilenetv2_1.00_256/block_11_depthwise_relu/Relu6,2,644.095,322.0475,644.095,322.0475,0.0005470851843794075,0.9496929141410055,0.0,0.0
203,Device,Relu6Grad,gradient_tape/mobilenetv2_1.00_256/block_10_depthwise_relu/Relu6/Relu6Grad,2,643.072,321.536,643.072,321.536,0.000546216262646402,0.9502391304036519,0.0,0.0
204,Device,Relu6,mobilenetv2_1.00_256/block_12_depthwise_relu/Relu6,2,642.047,321.0235,642.047,321.0235,0.00054534564214168,0.9507844760457936,0.0,0.0
205,Device,AddN,SGD/gradients/AddN_9,2,641.024,320.512,641.024,320.512,0.0005444767204086746,0.9513289527662023,0.0,0.0
206,Device,DepthwiseConv2dNative,mobilenetv2_1.00_256/block_12_depthwise/depthwise,2,641.024,320.512,641.024,320.512,0.0005444767204086746,0.951873429486611,0.0,0.0
207,Device,Relu6Grad,gradient_tape/mobilenetv2_1.00_256/block_10_expand_relu/Relu6/Relu6Grad,2,636.927,318.4635,636.927,318.4635,0.0005409967865473615,0.9524144262731584,0.0,0.0
208,Device,Conv2D,mobilenetv2_1.00_256/block_13_expand/Conv2D,4,631.808,157.952,631.808,157.952,0.0005366487803389013,0.9529510750534973,0.0,0.0
209,Device,DepthwiseConv2dNativeBackpropFilter,gradient_tape/mobilenetv2_1.00_256/block_10_depthwise/depthwise/DepthwiseConv2dNativeBackpropFilter,2,628.736,314.368,628.736,314.368,0.0005340394669823102,0.9534851145204796,0.0,0.0
210,Device,DepthwiseConv2dNativeBackpropFilter,gradient_tape/mobilenetv2_1.00_256/block_7_depthwise/depthwise/DepthwiseConv2dNativeBackpropFilter,2,627.712,313.856,627.712,313.856,0.0005331696958634465,0.954018284216343,0.0,0.0
211,Device,DepthwiseConv2dNativeBackpropFilter,gradient_tape/mobilenetv2_1.00_256/block_9_depthwise/depthwise/DepthwiseConv2dNativeBackpropFilter,2,627.712,313.856,627.712,313.856,0.0005331696958634465,0.9545514539122065,0.0,0.0
212,Device,DepthwiseConv2dNativeBackpropFilter,gradient_tape/mobilenetv2_1.00_256/block_8_depthwise/depthwise/DepthwiseConv2dNativeBackpropFilter,2,626.687,313.3435,626.687,313.3435,0.0005322990753587245,0.9550837529875652,0.0,0.0
213,Device,AddV2,mobilenetv2_1.00_256/block_2_add/add,2,619.52,309.76,619.52,309.76,0.0005262115269125369,0.9556099645144778,0.0,0.0
214,Device,Conv2DBackpropFilter,gradient_tape/mobilenetv2_1.00_256/block_14_project/Conv2D/Conv2DBackpropFilter,4,617.472,154.368,617.472,154.368,0.0005244719846748096,0.9561344364991525,0.0,0.0
215,Device,Conv2DBackpropFilter,gradient_tape/mobilenetv2_1.00_256/block_14_expand/Conv2D/Conv2DBackpropFilter,4,613.376,153.344,613.376,153.344,0.0005209929001993547,0.9566554293993519,0.0,0.0
216,Device,Conv2DBackpropFilter,gradient_tape/mobilenetv2_1.00_256/block_15_expand/Conv2D/Conv2DBackpropFilter,4,613.376,153.344,613.376,153.344,0.0005209929001993547,0.9571764222995512,0.0,0.0
217,Device,Conv2DBackpropFilter,gradient_tape/mobilenetv2_1.00_256/block_15_project/Conv2D/Conv2DBackpropFilter,4,613.376,153.344,613.376,153.344,0.0005209929001993547,0.9576974151997506,0.0,0.0
218,Device,Conv2DBackpropInput,gradient_tape/mobilenetv2_1.00_256/block_16_project/Conv2D/Conv2DBackpropInput,2,610.304,305.152,610.304,305.152,0.0005183835868427636,0.9582157987865934,0.0,0.0
219,Device,Conv2DBackpropFilter,gradient_tape/mobilenetv2_1.00_256/block_10_expand/Conv2D/Conv2DBackpropFilter,2,608.256,304.128,608.256,304.128,0.0005166440446050363,0.9587324428311984,0.0,0.0
220,Device,Conv2DBackpropFilter,gradient_tape/mobilenetv2_1.00_256/block_7_expand/Conv2D/Conv2DBackpropFilter,2,608.256,304.128,608.256,304.128,0.0005166440446050363,0.9592490868758035,0.0,0.0
221,Device,Conv2DBackpropFilter,gradient_tape/mobilenetv2_1.00_256/block_16_expand/Conv2D/Conv2DBackpropFilter,4,608.255,152.06375,608.255,152.06375,0.000516643195219178,0.9597657300710226,0.0,0.0
222,Device,Conv2DBackpropFilter,gradient_tape/mobilenetv2_1.00_256/block_8_expand/Conv2D/Conv2DBackpropFilter,2,607.232,303.616,607.232,303.616,0.0005157742734861725,0.9602815043445088,0.0,0.0
223,Device,Conv2DBackpropFilter,gradient_tape/mobilenetv2_1.00_256/block_9_expand/Conv2D/Conv2DBackpropFilter,2,605.184,302.592,605.184,302.592,0.0005140347312484452,0.9607955390757572,0.0,0.0
224,Device,Conv2DBackpropInput,gradient_tape/mobilenetv2_1.00_256/block_10_project/Conv2D/Conv2DBackpropInput,2,583.68,291.84,583.68,291.84,0.0004957695377523075,0.9612913086135095,0.0,0.0
225,Device,Conv2D,mobilenetv2_1.00_256/block_16_project/Conv2D,2,583.68,291.84,583.68,291.84,0.0004957695377523075,0.9617870781512619,0.0,0.0
226,Device,Conv2DBackpropInput,gradient_tape/mobilenetv2_1.00_256/block_3_project/Conv2D/Conv2DBackpropInput,2,563.2,281.6,563.2,281.6,0.00047837411537503363,0.9622654522666368,0.0,0.0
227,Device,Conv2DBackpropInput,gradient_tape/mobilenetv2_1.00_256/block_5_expand/Conv2D/Conv2DBackpropInput,2,556.032,278.016,556.032,278.016,0.0004722857175429877,0.9627377379841798,0.0,0.0
228,Device,Conv2DBackpropInput,gradient_tape/mobilenetv2_1.00_256/block_6_expand/Conv2D/Conv2DBackpropInput,2,555.007,277.5035,555.007,277.5035,0.0004714150970382657,0.9632091530812181,0.0,0.0
229,Device,Conv2DBackpropInput,gradient_tape/mobilenetv2_1.00_256/block_4_expand/Conv2D/Conv2DBackpropInput,2,553.984,276.992,553.984,276.992,0.00047054617530526034,0.9636796992565234,0.0,0.0
230,Device,Relu6Grad,gradient_tape/mobilenetv2_1.00_256/out_relu/Relu6/Relu6Grad,2,542.72,271.36,542.72,271.36,0.00046097869299775967,0.9641406779495212,0.0,0.0
231,Device,DepthwiseConv2dNative,mobilenetv2_1.00_256/block_13_depthwise/depthwise,2,542.72,271.36,542.72,271.36,0.00046097869299775967,0.964601656642519,0.0,0.0
232,Device,FusedBatchNormGradV3,gradient_tape/mobilenetv2_1.00_256/block_6_depthwise_BN/FusedBatchNormGradV3,2,532.48,266.24,532.48,266.24,0.00045228098180912266,0.9650539376243281,0.0,0.0
233,Device,Conv2D,mobilenetv2_1.00_256/block_10_project/Conv2D,2,516.096,258.048,516.096,258.048,0.0004383646439073035,0.9654923022682355,0.0,0.0
234,Device,Conv2D,mobilenetv2_1.00_256/block_5_project/Conv2D,2,505.856,252.928,505.856,252.928,0.0004296669327186665,0.9659219692009541,0.0,0.0
235,Device,Conv2D,mobilenetv2_1.00_256/block_4_project/Conv2D,2,503.808,251.904,503.808,251.904,0.0004279273904809391,0.966349896591435,0.0,0.0
236,Device,DepthwiseConv2dNativeBackpropInput,gradient_tape/mobilenetv2_1.00_256/block_16_depthwise/depthwise/DepthwiseConv2dNativeBackpropInput,2,494.592,247.296,494.592,247.296,0.00042009945041116583,0.9667699960418462,0.0,0.0
237,Device,DepthwiseConv2dNativeBackpropInput,gradient_tape/mobilenetv2_1.00_256/block_14_depthwise/depthwise/DepthwiseConv2dNativeBackpropInput,2,493.567,246.7835,493.567,246.7835,0.0004192288299064439,0.9671892248717526,0.0,0.0
238,Device,DepthwiseConv2dNativeBackpropInput,gradient_tape/mobilenetv2_1.00_256/block_15_depthwise/depthwise/DepthwiseConv2dNativeBackpropInput,2,492.544,246.272,492.544,246.272,0.00041835990817343845,0.967607584779926,0.0,0.0
239,Device,Conv2DBackpropInput,gradient_tape/mobilenetv2_1.00_256/block_9_project/Conv2D/Conv2DBackpropInput,2,460.8,230.4,460.8,230.4,0.0003913970034886639,0.9679989817834147,0.0,0.0
240,Device,Conv2DBackpropFilter,gradient_tape/mobilenetv2_1.00_256/block_13_project/Conv2D/Conv2DBackpropFilter,4,457.728,114.432,457.728,114.432,0.0003887876901320728,0.9683877694735468,0.0,0.0
241,Device,Conv2DBackpropInput,gradient_tape/mobilenetv2_1.00_256/block_7_project/Conv2D/Conv2DBackpropInput,2,457.728,228.864,457.728,228.864,0.0003887876901320728,0.9687765571636788,0.0,0.0
242,Device,Conv2DBackpropInput,gradient_tape/mobilenetv2_1.00_256/block_8_project/Conv2D/Conv2DBackpropInput,2,456.704,228.352,456.704,228.352,0.00038791791901320906,0.969164475082692,0.0,0.0
243,Device,FusedBatchNormGradV3,gradient_tape/mobilenetv2_1.00_256/block_4_project_BN/FusedBatchNormGradV3,2,441.344,220.672,441.344,220.672,0.00037487135223025357,0.9695393464349222,0.0,0.0
244,Device,FusedBatchNormGradV3,gradient_tape/mobilenetv2_1.00_256/block_3_project_BN/FusedBatchNormGradV3,2,440.32,220.16,440.32,220.16,0.0003740015811113899,0.9699133480160336,0.0,0.0
245,Device,Conv2D,mobilenetv2_1.00_256/block_10_expand/Conv2D,2,439.295,219.6475,439.295,219.6475,0.00037313096060666794,0.9702864789766402,0.0,0.0
246,Device,FusedBatchNormGradV3,gradient_tape/mobilenetv2_1.00_256/block_5_project_BN/FusedBatchNormGradV3,2,437.248,218.624,437.248,218.624,0.0003713922677547988,0.9706578712443951,0.0,0.0
247,Device,Conv2D,mobilenetv2_1.00_256/block_7_expand/Conv2D,2,434.176,217.088,434.176,217.088,0.0003687829543982077,0.9710266541987933,0.0,0.0
248,Device,Conv2D,mobilenetv2_1.00_256/block_8_expand/Conv2D,2,434.176,217.088,434.176,217.088,0.0003687829543982077,0.9713954371531915,0.0,0.0
249,Device,Relu6,mobilenetv2_1.00_256/block_10_depthwise_relu/Relu6,2,432.128,216.064,432.128,216.064,0.0003670434121604803,0.971762480565352,0.0,0.0
250,Device,Relu6,mobilenetv2_1.00_256/block_7_depthwise_relu/Relu6,2,432.128,216.064,432.128,216.064,0.0003670434121604803,0.9721295239775124,0.0,0.0
251,Device,Relu6,mobilenetv2_1.00_256/block_7_expand_relu/Relu6,2,432.128,216.064,432.128,216.064,0.0003670434121604803,0.9724965673896728,0.0,0.0
252,Device,Relu6,mobilenetv2_1.00_256/block_8_expand_relu/Relu6,2,432.127,216.0635,432.127,216.0635,0.00036704256277462203,0.9728636099524475,0.0,0.0
253,Device,Conv2D,mobilenetv2_1.00_256/block_9_expand/Conv2D,2,431.104,215.552,431.104,215.552,0.0003661736410416166,0.9732297835934891,0.0,0.0
254,Device,Relu6,mobilenetv2_1.00_256/block_9_expand_relu/Relu6,2,431.104,215.552,431.104,215.552,0.0003661736410416166,0.9735959572345307,0.0,0.0
255,Device,Relu6,mobilenetv2_1.00_256/block_10_expand_relu/Relu6,2,430.08,215.04,430.08,215.04,0.0003653038699227529,0.9739612611044535,0.0,0.0
256,Device,Relu6,mobilenetv2_1.00_256/block_9_depthwise_relu/Relu6,2,430.08,215.04,430.08,215.04,0.0003653038699227529,0.9743265649743762,0.0,0.0
257,Device,Relu6,mobilenetv2_1.00_256/block_8_depthwise_relu/Relu6,2,429.056,214.528,429.056,214.528,0.0003644340988038892,0.9746909990731801,0.0,0.0
258,Device,DepthwiseConv2dNative,mobilenetv2_1.00_256/block_10_depthwise/depthwise,2,425.984,212.992,425.984,212.992,0.0003618247854472981,0.9750528238586275,0.0,0.0
259,Device,DepthwiseConv2dNative,mobilenetv2_1.00_256/block_8_depthwise/depthwise,2,423.936,211.968,423.936,211.968,0.0003600852432095707,0.975412909101837,0.0,0.0
260,Device,DepthwiseConv2dNative,mobilenetv2_1.00_256/block_9_depthwise/depthwise,2,423.936,211.968,423.936,211.968,0.0003600852432095707,0.9757729943450465,0.0,0.0
261,Device,DepthwiseConv2dNative,mobilenetv2_1.00_256/block_7_depthwise/depthwise,2,420.864,210.432,420.864,210.432,0.0003574759298529796,0.9761304702748995,0.0,0.0
262,Device,Conv2DBackpropInput,gradient_tape/mobilenetv2_1.00_256/block_15_expand/Conv2D/Conv2DBackpropInput,2,411.648,205.824,411.648,205.824,0.00034964798978320637,0.9764801182646827,0.0,0.0
263,Device,Conv2DBackpropInput,gradient_tape/mobilenetv2_1.00_256/block_16_expand/Conv2D/Conv2DBackpropInput,2,410.624,205.312,410.624,205.312,0.0003487782186643427,0.976828896483347,0.0,0.0
264,Device,Conv2DBackpropInput,gradient_tape/mobilenetv2_1.00_256/block_14_expand/Conv2D/Conv2DBackpropInput,2,409.6,204.8,409.6,204.8,0.000347908447545479,0.9771768049308925,0.0,0.0
265,Device,Conv2D,mobilenetv2_1.00_256/block_14_project/Conv2D,2,408.576,204.288,408.576,204.288,0.0003470386764266153,0.9775238436073191,0.0,0.0
266,Device,Conv2D,mobilenetv2_1.00_256/block_15_project/Conv2D,2,408.576,204.288,408.576,204.288,0.0003470386764266153,0.9778708822837457,0.0,0.0
267,Device,Relu6Grad,gradient_tape/mobilenetv2_1.00_256/block_14_expand_relu/Relu6/Relu6Grad,2,405.504,202.752,405.504,202.752,0.0003444293630700242,0.9782153116468157,0.0,0.0
268,Device,Relu6Grad,gradient_tape/mobilenetv2_1.00_256/block_15_depthwise_relu/Relu6/Relu6Grad,2,405.504,202.752,405.504,202.752,0.0003444293630700242,0.9785597410098857,0.0,0.0
269,Device,Relu6Grad,gradient_tape/mobilenetv2_1.00_256/block_15_expand_relu/Relu6/Relu6Grad,2,405.504,202.752,405.504,202.752,0.0003444293630700242,0.9789041703729557,0.0,0.0
270,Device,Relu6Grad,gradient_tape/mobilenetv2_1.00_256/block_14_depthwise_relu/Relu6/Relu6Grad,2,404.48,202.24,404.48,202.24,0.0003435595919511605,0.9792477299649069,0.0,0.0
271,Device,Relu6Grad,gradient_tape/mobilenetv2_1.00_256/block_16_depthwise_relu/Relu6/Relu6Grad,2,403.456,201.728,403.456,201.728,0.0003426898208322968,0.9795904197857392,0.0,0.0
272,Device,Conv2DBackpropInput,gradient_tape/mobilenetv2_1.00_256/block_9_expand/Conv2D/Conv2DBackpropInput,2,403.456,201.728,403.456,201.728,0.0003426898208322968,0.9799331096065715,0.0,0.0
273,Device,Conv2D,mobilenetv2_1.00_256/block_3_project/Conv2D,2,402.432,201.216,402.432,201.216,0.0003418200497134331,0.9802749296562849,0.0,0.0
274,Device,Conv2DBackpropInput,gradient_tape/mobilenetv2_1.00_256/block_8_expand/Conv2D/Conv2DBackpropInput,2,400.384,200.192,400.384,200.192,0.0003400805074757057,0.9806150101637606,0.0,0.0
275,Device,Conv2DBackpropInput,gradient_tape/mobilenetv2_1.00_256/block_7_expand/Conv2D/Conv2DBackpropInput,2,394.24,197.12,394.24,197.12,0.0003348618807625235,0.9809498720445231,0.0,0.0
276,Device,FusedBatchNormGradV3,gradient_tape/mobilenetv2_1.00_256/block_13_depthwise_BN/FusedBatchNormGradV3,2,393.216,196.608,393.216,196.608,0.00033399210964365984,0.9812838641541668,0.0,0.0
277,Device,Relu6Grad,gradient_tape/mobilenetv2_1.00_256/block_16_expand_relu/Relu6/Relu6Grad,2,393.216,196.608,393.216,196.608,0.00033399210964365984,0.9816178562638105,0.0,0.0
278,Device,Conv2DBackpropFilter,gradient_tape/mobilenetv2_1.00_256/block_6_project/Conv2D/Conv2DBackpropFilter,2,392.192,196.096,392.192,196.096,0.0003331223385247961,0.9819509786023353,0.0,0.0
279,Device,Conv2DBackpropInput,gradient_tape/mobilenetv2_1.00_256/block_10_expand/Conv2D/Conv2DBackpropInput,2,385.024,192.512,385.024,192.512,0.0003270339406927502,0.982278012543028,0.0,0.0
280,Device,SoftmaxCrossEntropyWithLogits,categorical_crossentropy/softmax_cross_entropy_with_logits,6,377.856,62.976,377.856,62.976,0.00032094554286070436,0.9825989580858887,0.0,0.0
281,Device,FusedBatchNormV3,mobilenetv2_1.00_256/Conv_1_bn/FusedBatchNormV3,4,365.567,91.39175,365.567,91.39175,0.0003105074400484817,0.9829094655259372,0.0,0.0
282,Device,Conv2DBackpropInput,gradient_tape/mobilenetv2_1.00_256/block_14_project/Conv2D/Conv2DBackpropInput,2,363.519,181.7595,363.519,181.7595,0.00030876789781075434,0.9832182334237479,0.0,0.0
283,Device,Conv2DBackpropInput,gradient_tape/mobilenetv2_1.00_256/block_15_project/Conv2D/Conv2DBackpropInput,2,362.495,181.2475,362.495,181.2475,0.0003078981266918906,0.9835261315504398,0.0,0.0
284,Device,Transpose,gradient_tape/mobilenetv2_1.00_256/out_relu/Relu6/Relu6Grad-0-TransposeNHWCToNCHW-LayoutOptimizer,2,359.424,179.712,359.424,179.712,0.0003052896627211578,0.9838314212131609,0.0,0.0
285,Device,Transpose,mobilenetv2_1.00_256/out_relu/Relu6-0-0-TransposeNCHWToNHWC-LayoutOptimizer,2,359.424,179.712,359.424,179.712,0.0003052896627211578,0.9841367108758821,0.0,0.0
286,Device,Relu6,mobilenetv2_1.00_256/out_relu/Relu6,2,358.4,179.2,358.4,179.2,0.00030441989160229406,0.9844411307674844,0.0,0.0
287,Device,Conv2D,mobilenetv2_1.00_256/block_14_expand/Conv2D,2,356.352,178.176,356.352,178.176,0.0003026803493645667,0.9847438111168489,0.0,0.0
288,Device,Conv2D,mobilenetv2_1.00_256/block_15_expand/Conv2D,2,353.28,176.64,353.28,176.64,0.0003000710360079756,0.9850438821528569,0.0,0.0
289,Device,Conv2D,mobilenetv2_1.00_256/block_16_expand/Conv2D,2,353.28,176.64,353.28,176.64,0.0003000710360079756,0.9853439531888648,0.0,0.0
290,Device,RealDiv,gradient_tape/mobilenetv2_1.00_256/global_average_pooling2d/truediv,2,344.064,172.032,344.064,172.032,0.00029224309593820234,0.985636196284803,0.0,0.0
291,Device,FusedBatchNormV3,mobilenetv2_1.00_256/block_6_depthwise_BN/FusedBatchNormV3,4,327.68,81.92,327.68,81.92,0.0002783267580363832,0.9859145230428394,0.0,0.0
292,Device,Relu6Grad,gradient_tape/mobilenetv2_1.00_256/block_6_depthwise_relu/Relu6/Relu6Grad,2,325.632,162.816,325.632,162.816,0.00027658721579865576,0.9861911102586381,0.0,0.0
293,Device,Conv2D,mobilenetv2_1.00_256/block_7_project/Conv2D,2,304.128,152.064,304.128,152.064,0.00025832202230251813,0.9864494322809406,0.0,0.0
294,Device,Conv2D,mobilenetv2_1.00_256/block_8_project/Conv2D,2,301.056,150.528,301.056,150.528,0.00025571270894592704,0.9867051449898866,0.0,0.0
295,Device,Conv2D,mobilenetv2_1.00_256/block_9_project/Conv2D,2,299.008,149.504,299.008,149.504,0.00025397316670819966,0.9869591181565948,0.0,0.0
296,Device,DepthwiseConv2dNativeBackpropFilter,gradient_tape/mobilenetv2_1.00_256/block_14_depthwise/depthwise/DepthwiseConv2dNativeBackpropFilter,2,287.744,143.872,287.744,143.872,0.000244405684400699,0.9872035238409954,0.0,0.0
297,Device,DepthwiseConv2dNativeBackpropFilter,gradient_tape/mobilenetv2_1.00_256/block_15_depthwise/depthwise/DepthwiseConv2dNativeBackpropFilter,2,286.72,143.36,286.72,143.36,0.0002435359132818353,0.9874470597542773,0.0,0.0
298,Device,DepthwiseConv2dNativeBackpropFilter,gradient_tape/mobilenetv2_1.00_256/block_16_depthwise/depthwise/DepthwiseConv2dNativeBackpropFilter,2,286.72,143.36,286.72,143.36,0.0002435359132818353,0.9876905956675591,0.0,0.0
299,Device,FusedBatchNormV3,mobilenetv2_1.00_256/block_14_expand_BN/FusedBatchNormV3,4,280.576,70.144,280.576,70.144,0.0002383172865686531,0.9879289129541278,0.0,0.0
300,Device,FusedBatchNormV3,mobilenetv2_1.00_256/block_16_expand_BN/FusedBatchNormV3,4,280.576,70.144,280.576,70.144,0.0002383172865686531,0.9881672302406964,0.0,0.0
301,Device,FusedBatchNormV3,mobilenetv2_1.00_256/block_14_depthwise_BN/FusedBatchNormV3,4,280.575,70.14375,280.575,70.14375,0.00023831643718279482,0.9884055466778792,0.0,0.0
302,Device,FusedBatchNormV3,mobilenetv2_1.00_256/block_15_depthwise_BN/FusedBatchNormV3,4,279.552,69.888,279.552,69.888,0.0002374475154497894,0.9886429941933289,0.0,0.0
303,Device,FusedBatchNormV3,mobilenetv2_1.00_256/block_15_expand_BN/FusedBatchNormV3,4,278.528,69.632,278.528,69.632,0.00023657774433092572,0.9888795719376599,0.0,0.0
304,Device,FusedBatchNormV3,mobilenetv2_1.00_256/block_16_depthwise_BN/FusedBatchNormV3,4,278.528,69.632,278.528,69.632,0.00023657774433092572,0.9891161496819908,0.0,0.0
305,Device,DepthwiseConv2dNative,mobilenetv2_1.00_256/block_15_depthwise/depthwise,2,276.48,138.24,276.48,138.24,0.0002348382020931983,0.989350987884084,0.0,0.0
306,Device,DepthwiseConv2dNative,mobilenetv2_1.00_256/block_14_depthwise/depthwise,2,275.456,137.728,275.456,137.728,0.00023396843097433462,0.9895849563150584,0.0,0.0
307,Device,DepthwiseConv2dNative,mobilenetv2_1.00_256/block_16_depthwise/depthwise,2,275.456,137.728,275.456,137.728,0.00023396843097433462,0.9898189247460327,0.0,0.0
308,Device,Relu6,mobilenetv2_1.00_256/block_14_depthwise_relu/Relu6,2,270.336,135.168,270.336,135.168,0.00022961957538001612,0.9900485443214128,0.0,0.0
309,Device,Relu6,mobilenetv2_1.00_256/block_15_depthwise_relu/Relu6,2,270.336,135.168,270.336,135.168,0.00022961957538001612,0.9902781638967928,0.0,0.0
310,Device,FusedBatchNormGradV3,gradient_tape/mobilenetv2_1.00_256/block_11_project_BN/FusedBatchNormGradV3,2,269.312,134.656,269.312,134.656,0.00022874980426115243,0.9905069137010539,0.0,0.0
311,Device,Relu6,mobilenetv2_1.00_256/block_16_depthwise_relu/Relu6,2,268.288,134.144,268.288,134.144,0.00022788003314228874,0.9907347937341963,0.0,0.0
312,Device,Relu6,mobilenetv2_1.00_256/block_16_expand_relu/Relu6,2,268.288,134.144,268.288,134.144,0.00022788003314228874,0.9909626737673386,0.0,0.0
313,Device,FusedBatchNormGradV3,gradient_tape/mobilenetv2_1.00_256/block_10_project_BN/FusedBatchNormGradV3,2,267.264,133.632,267.264,133.632,0.00022701026202342505,0.991189684029362,0.0,0.0
314,Device,FusedBatchNormGradV3,gradient_tape/mobilenetv2_1.00_256/block_12_project_BN/FusedBatchNormGradV3,2,267.264,133.632,267.264,133.632,0.00022701026202342505,0.9914166942913855,0.0,0.0
315,Device,Relu6,mobilenetv2_1.00_256/block_14_expand_relu/Relu6,2,267.264,133.632,267.264,133.632,0.00022701026202342505,0.9916437045534089,0.0,0.0
316,Device,Relu6,mobilenetv2_1.00_256/block_15_expand_relu/Relu6,2,267.264,133.632,267.264,133.632,0.00022701026202342505,0.9918707148154323,0.0,0.0
317,Device,FusedBatchNormV3,mobilenetv2_1.00_256/block_5_project_BN/FusedBatchNormV3,4,261.12,65.28,261.12,65.28,0.00022179163531024285,0.9920925064507425,0.0,0.0
318,Device,FusedBatchNormV3,mobilenetv2_1.00_256/block_4_project_BN/FusedBatchNormV3,4,259.072,64.768,259.072,64.768,0.00022005209307251545,0.9923125585438151,0.0,0.0
319,Device,Conv2D,mobilenetv2_1.00_256/block_13_project/Conv2D,2,258.048,129.024,258.048,129.024,0.00021918232195365176,0.9925317408657687,0.0,0.0
320,Device,FusedBatchNormV3,mobilenetv2_1.00_256/block_3_project_BN/FusedBatchNormV3,4,257.024,64.256,257.024,64.256,0.00021831255083478807,0.9927500534166035,0.0,0.0
321,Device,Conv2DBackpropInput,gradient_tape/mobilenetv2_1.00_256/block_6_project/Conv2D/Conv2DBackpropInput,2,249.855,124.9275,249.855,124.9275,0.0002122233036168839,0.9929622767202204,0.0,0.0
322,Device,Conv2DBackpropInput,gradient_tape/mobilenetv2_1.00_256/block_13_project/Conv2D/Conv2DBackpropInput,2,244.736,122.368,244.736,122.368,0.00020787529740842368,0.9931701520176288,0.0,0.0
323,Device,Relu6Grad,gradient_tape/mobilenetv2_1.00_256/block_13_depthwise_relu/Relu6/Relu6Grad,2,240.64,120.32,240.64,120.32,0.0002043962129329689,0.9933745482305618,0.0,0.0
324,Device,FusedBatchNormGradV3,gradient_tape/mobilenetv2_1.00_256/block_16_project_BN/FusedBatchNormGradV3,2,219.135,109.5675,219.135,109.5675,0.00018613017005097299,0.9935606784006128,0.0,0.0
325,Device,Relu6,mobilenetv2_1.00_256/block_6_depthwise_relu/Relu6,2,218.112,109.056,218.112,109.056,0.00018526124831796755,0.9937459396489308,0.0,0.0
326,Device,AddN,SGD/gradients/AddN_7,2,211.968,105.984,211.968,105.984,0.00018004262160478535,0.9939259822705355,0.0,0.0
327,Device,AddV2,mobilenetv2_1.00_256/block_4_add/add,2,211.968,105.984,211.968,105.984,0.00018004262160478535,0.9941060248921403,0.0,0.0
328,Device,AddN,SGD/gradients/AddN_8,2,210.944,105.472,210.944,105.472,0.00017917285048592166,0.9942851977426262,0.0,0.0
329,Device,AddV2,mobilenetv2_1.00_256/block_5_add/add,2,209.92,104.96,209.92,104.96,0.00017830307936705797,0.9944635008219933,0.0,0.0
330,Device,FusedBatchNormGradV3,gradient_tape/mobilenetv2_1.00_256/block_6_project_BN/FusedBatchNormGradV3,2,187.392,93.696,187.392,93.696,0.00015916811475205663,0.9946226689367453,0.0,0.0
331,Device,FusedBatchNormGradV3,gradient_tape/mobilenetv2_1.00_256/block_8_project_BN/FusedBatchNormGradV3,2,187.392,93.696,187.392,93.696,0.00015916811475205663,0.9947818370514974,0.0,0.0
332,Device,FusedBatchNormGradV3,gradient_tape/mobilenetv2_1.00_256/block_7_project_BN/FusedBatchNormGradV3,2,186.368,93.184,186.368,93.184,0.00015829834363319294,0.9949401353951306,0.0,0.0
333,Device,BroadcastTo,gradient_tape/mobilenetv2_1.00_256/global_average_pooling2d/BroadcastTo,2,186.368,93.184,186.368,93.184,0.00015829834363319294,0.9950984337387638,0.0,0.0
334,Device,ArgMax,ArgMax,2,185.344,92.672,185.344,92.672,0.00015742857251432922,0.9952558623112782,0.0,0.0
335,Device,Mean,mobilenetv2_1.00_256/global_average_pooling2d/Mean,2,179.199,89.5995,179.199,89.5995,0.0001522090964152888,0.9954080714076935,0.0,0.0
336,Device,FusedBatchNormGradV3,gradient_tape/mobilenetv2_1.00_256/block_9_project_BN/FusedBatchNormGradV3,2,178.176,89.088,178.176,89.088,0.00015134017468228334,0.9955594115823758,0.0,0.0
337,Device,Conv2D,mobilenetv2_1.00_256/block_6_project/Conv2D,2,178.176,89.088,178.176,89.088,0.00015134017468228334,0.9957107517570581,0.0,0.0
338,Device,FusedBatchNormV3,mobilenetv2_1.00_256/block_13_depthwise_BN/FusedBatchNormV3,4,169.984,42.496,169.984,42.496,0.0001443820057313738,0.9958551337627896,0.0,0.0
339,Device,FusedBatchNormV3,mobilenetv2_1.00_256/block_12_project_BN/FusedBatchNormV3,4,165.888,41.472,165.888,41.472,0.00014090292125591898,0.9959960366840455,0.0,0.0
340,Device,FusedBatchNormV3,mobilenetv2_1.00_256/block_11_project_BN/FusedBatchNormV3,4,164.864,41.216,164.864,41.216,0.0001400331501370553,0.9961360698341826,0.0,0.0
341,Device,FusedBatchNormV3,mobilenetv2_1.00_256/block_10_project_BN/FusedBatchNormV3,4,163.84,40.96,163.84,40.96,0.0001391633790181916,0.9962752332132008,0.0,0.0
342,Device,AddN,SGD/gradients/AddN_2,2,162.816,81.408,162.816,81.408,0.00013829360789932788,0.9964135268211001,0.0,0.0
343,Device,AddN,SGD/gradients/AddN_3,2,161.792,80.896,161.792,80.896,0.0001374238367804642,0.9965509506578806,0.0,0.0
344,Device,AddV2,mobilenetv2_1.00_256/block_12_add/add,2,159.744,79.872,159.744,79.872,0.0001356842945427368,0.9966866349524233,0.0,0.0
345,Device,AddV2,mobilenetv2_1.00_256/block_11_add/add,2,158.72,79.36,158.72,79.36,0.0001348145234238731,0.9968214494758472,0.0,0.0
346,Device,Relu6,mobilenetv2_1.00_256/block_13_depthwise_relu/Relu6,2,158.72,79.36,158.72,79.36,0.0001348145234238731,0.9969562639992711,0.0,0.0
347,Device,ArgMax,ArgMax_1,2,123.904,61.952,123.904,61.952,0.00010524230538250739,0.9970615063046536,0.0,0.0
348,Device,FusedBatchNormGradV3,gradient_tape/mobilenetv2_1.00_256/block_15_project_BN/FusedBatchNormGradV3,2,109.568,54.784,109.568,54.784,9.306550971841562e-05,0.9971545718143721,0.0,0.0
349,Device,AddV2,mobilenetv2_1.00_256/block_7_add/add,2,109.568,54.784,109.568,54.784,9.306550971841562e-05,0.9972476373240905,0.0,0.0
350,Device,AddV2,mobilenetv2_1.00_256/block_8_add/add,2,108.544,54.272,108.544,54.272,9.219573859955193e-05,0.99733983306269,0.0,0.0
351,Device,AddV2,mobilenetv2_1.00_256/block_9_add/add,2,108.544,54.272,108.544,54.272,9.219573859955193e-05,0.9974320288012896,0.0,0.0
352,Device,AddN,SGD/gradients/AddN_5,2,107.52,53.76,107.52,53.76,9.132596748068823e-05,0.9975233547687703,0.0,0.0
353,Device,AddN,SGD/gradients/AddN_6,2,107.52,53.76,107.52,53.76,9.132596748068823e-05,0.997614680736251,0.0,0.0
354,Device,AddN,SGD/gradients/AddN_4,2,105.472,52.736,105.472,52.736,8.958642524296083e-05,0.997704267161494,0.0,0.0
355,Device,FusedBatchNormGradV3,gradient_tape/mobilenetv2_1.00_256/block_14_project_BN/FusedBatchNormGradV3,2,103.424,51.712,103.424,51.712,8.784688300523345e-05,0.9977921140444992,0.0,0.0
356,Device,FusedBatchNormGradV3,gradient_tape/mobilenetv2_1.00_256/block_13_project_BN/FusedBatchNormGradV3,2,102.4,51.2,102.4,51.2,8.697711188636975e-05,0.9978790911563855,0.0,0.0
357,Device,FusedBatchNormV3,mobilenetv2_1.00_256/block_6_project_BN/FusedBatchNormV3,4,100.352,25.088,100.352,25.088,8.523756964864235e-05,0.9979643287260341,0.0,0.0
358,Device,FusedBatchNormV3,mobilenetv2_1.00_256/block_7_project_BN/FusedBatchNormV3,4,100.352,25.088,100.352,25.088,8.523756964864235e-05,0.9980495662956828,0.0,0.0
359,Device,FusedBatchNormV3,mobilenetv2_1.00_256/block_9_project_BN/FusedBatchNormV3,4,100.352,25.088,100.352,25.088,8.523756964864235e-05,0.9981348038653314,0.0,0.0
360,Device,FusedBatchNormV3,mobilenetv2_1.00_256/block_8_project_BN/FusedBatchNormV3,4,99.328,24.832,99.328,24.832,8.436779852977865e-05,0.9982191716638612,0.0,0.0
361,Device,FusedBatchNormV3,mobilenetv2_1.00_256/block_16_project_BN/FusedBatchNormV3,4,98.304,24.576,98.304,24.576,8.349802741091496e-05,0.9983026696912721,0.0,0.0
362,Device,_Recv,IteratorGetNext/_4,2,79.296,39.648,79.296,39.648,6.735290101700757e-05,0.9983700225922891,0.0,0.0
363,Device,AddN,SGD/gradients/AddN,2,71.68,35.84,71.68,35.84,6.0883978320458824e-05,0.9984309065706096,0.0,0.0
364,Device,AddN,SGD/gradients/AddN_1,2,70.656,35.328,70.656,35.328,6.001420720159513e-05,0.9984909207778112,0.0,0.0
365,Device,MatMul,mobilenetv2_1.00_256/predictions/MatMul,2,63.488,31.744,63.488,31.744,5.392580936954924e-05,0.9985448465871808,0.0,0.0
366,Device,ResourceApplyGradientDescent,SGD/SGD/update_156/ResourceApplyGradientDescent,2,62.464,31.232,62.464,31.232,5.305603825068554e-05,0.9985979026254315,0.0,0.0
367,Device,AddV2,mobilenetv2_1.00_256/block_14_add/add,2,55.296,27.648,55.296,27.648,4.696764041863966e-05,0.9986448702658501,0.0,0.0
368,Device,AddV2,mobilenetv2_1.00_256/block_15_add/add,2,55.296,27.648,55.296,27.648,4.696764041863966e-05,0.9986918379062688,0.0,0.0
369,Device,MatMul,gradient_tape/mobilenetv2_1.00_256/predictions/MatMul/MatMul,2,52.224,26.112,52.224,26.112,4.4358327062048564e-05,0.9987361962333309,0.0,0.0
370,Device,MatMul,gradient_tape/mobilenetv2_1.00_256/predictions/MatMul/MatMul_1,2,43.008,21.504,43.008,21.504,3.653038699227529e-05,0.9987727266203231,0.0,0.0
371,Device,FusedBatchNormV3,mobilenetv2_1.00_256/block_15_project_BN/FusedBatchNormV3,4,43.008,10.752,43.008,10.752,3.653038699227529e-05,0.9988092570073154,0.0,0.0
372,Device,FusedBatchNormV3,mobilenetv2_1.00_256/block_14_project_BN/FusedBatchNormV3,4,43.007,10.75175,43.007,10.75175,3.652953760641703e-05,0.9988457865449218,0.0,0.0
373,Device,FusedBatchNormV3,mobilenetv2_1.00_256/block_13_project_BN/FusedBatchNormV3,4,40.96,10.24,40.96,10.24,3.47908447545479e-05,0.9988805773896764,0.0,0.0
374,Device,Softmax,mobilenetv2_1.00_256/predictions/Softmax,2,29.696,14.848,29.696,14.848,2.5223362447047228e-05,0.9989058007521234,0.0,0.0
375,Device,ResourceApplyGradientDescent,SGD/SGD/update_153/ResourceApplyGradientDescent,2,24.576,12.288,24.576,12.288,2.087450685272874e-05,0.9989266752589762,0.0,0.0
376,Device,ResourceApplyGradientDescent,SGD/SGD/update_150/ResourceApplyGradientDescent,2,20.48,10.24,20.48,10.24,1.739542237727395e-05,0.9989440706813534,0.0,0.0
377,Device,ResourceApplyGradientDescent,SGD/SGD/update_132/ResourceApplyGradientDescent,2,13.312,6.656,13.312,6.656,1.1307024545228065e-05,0.9989553777058986,0.0,0.0
378,Device,ResourceApplyGradientDescent,SGD/SGD/update_141/ResourceApplyGradientDescent,2,13.312,6.656,13.312,6.656,1.1307024545228065e-05,0.9989666847304438,0.0,0.0
379,Device,ResourceApplyGradientDescent,SGD/SGD/update_144/ResourceApplyGradientDescent,2,13.312,6.656,13.312,6.656,1.1307024545228065e-05,0.998977991754989,0.0,0.0
380,Device,ResourceApplyGradientDescent,SGD/SGD/update_126/ResourceApplyGradientDescent,2,12.288,6.144,12.288,6.144,1.043725342636437e-05,0.9989884290084153,0.0,0.0
381,Device,ResourceApplyGradientDescent,SGD/SGD/update_135/ResourceApplyGradientDescent,2,12.288,6.144,12.288,6.144,1.043725342636437e-05,0.9989988662618416,0.0,0.0
382,Device,DynamicStitch,gradient_tape/mobilenetv2_1.00_256/global_average_pooling2d/DynamicStitch,2,11.264,5.632,11.264,5.632,9.567482307500672e-06,0.9990084337441492,0.0,0.0
383,Device,ResourceApplyGradientDescent,SGD/SGD/update_114/ResourceApplyGradientDescent,2,10.24,5.12,10.24,5.12,8.697711188636975e-06,0.9990171314553378,0.0,0.0
384,Device,ResourceApplyGradientDescent,SGD/SGD/update_123/ResourceApplyGradientDescent,2,10.24,5.12,10.24,5.12,8.697711188636975e-06,0.9990258291665264,0.0,0.0
385,Device,ResourceApplyGradientDescent,SGD/SGD/update_105/ResourceApplyGradientDescent,2,9.216,4.608,9.216,4.608,7.827940069773276e-06,0.9990336571065962,0.0,0.0
386,Device,ResourceApplyGradientDescent,SGD/SGD/update_99/ResourceApplyGradientDescent,2,9.216,4.608,9.216,4.608,7.827940069773276e-06,0.999041485046666,0.0,0.0
387,Device,BiasAdd,mobilenetv2_1.00_256/predictions/BiasAdd,2,9.216,4.608,9.216,4.608,7.827940069773276e-06,0.9990493129867358,0.0,0.0
388,Device,ResourceApplyGradientDescent,SGD/SGD/update_102/ResourceApplyGradientDescent,2,8.192,4.096,8.192,4.096,6.9581689509095795e-06,0.9990562711556867,0.0,0.0
389,Device,ResourceApplyGradientDescent,SGD/SGD/update_108/ResourceApplyGradientDescent,2,8.192,4.096,8.192,4.096,6.9581689509095795e-06,0.9990632293246376,0.0,0.0
390,Device,ResourceApplyGradientDescent,SGD/SGD/update_117/ResourceApplyGradientDescent,2,8.192,4.096,8.192,4.096,6.9581689509095795e-06,0.9990701874935886,0.0,0.0
391,Device,ResourceApplyGradientDescent,SGD/SGD/update_147/ResourceApplyGradientDescent,2,8.192,4.096,8.192,4.096,6.9581689509095795e-06,0.9990771456625395,0.0,0.0
392,Device,ResourceApplyGradientDescent,SGD/SGD/update_20/ResourceApplyGradientDescent,2,8.192,4.096,8.192,4.096,6.9581689509095795e-06,0.9990841038314904,0.0,0.0
393,Device,ResourceApplyGradientDescent,SGD/SGD/update_26/ResourceApplyGradientDescent,2,8.192,4.096,8.192,4.096,6.9581689509095795e-06,0.9990910620004413,0.0,0.0
394,Device,ResourceApplyGradientDescent,SGD/SGD/update_33/ResourceApplyGradientDescent,2,8.192,4.096,8.192,4.096,6.9581689509095795e-06,0.9990980201693922,0.0,0.0
395,Device,ResourceApplyGradientDescent,SGD/SGD/update_36/ResourceApplyGradientDescent,2,8.192,4.096,8.192,4.096,6.9581689509095795e-06,0.9991049783383431,0.0,0.0
396,Device,ResourceApplyGradientDescent,SGD/SGD/update_45/ResourceApplyGradientDescent,2,8.192,4.096,8.192,4.096,6.9581689509095795e-06,0.999111936507294,0.0,0.0
397,Device,ResourceApplyGradientDescent,SGD/SGD/update_63/ResourceApplyGradientDescent,2,8.192,4.096,8.192,4.096,6.9581689509095795e-06,0.9991188946762449,0.0,0.0
398,Device,ResourceApplyGradientDescent,SGD/SGD/update_72/ResourceApplyGradientDescent,2,8.192,4.096,8.192,4.096,6.9581689509095795e-06,0.9991258528451958,0.0,0.0
399,Device,ResourceApplyGradientDescent,SGD/SGD/update_78/ResourceApplyGradientDescent,2,8.192,4.096,8.192,4.096,6.9581689509095795e-06,0.9991328110141467,0.0,0.0
400,Device,ResourceApplyGradientDescent,SGD/SGD/update_87/ResourceApplyGradientDescent,2,8.192,4.096,8.192,4.096,6.9581689509095795e-06,0.9991397691830977,0.0,0.0
401,Device,ResourceApplyGradientDescent,SGD/SGD/update_90/ResourceApplyGradientDescent,2,8.192,4.096,8.192,4.096,6.9581689509095795e-06,0.9991467273520486,0.0,0.0
402,Device,ResourceApplyGradientDescent,SGD/SGD/update_91/ResourceApplyGradientDescent,2,8.192,4.096,8.192,4.096,6.9581689509095795e-06,0.9991536855209995,0.0,0.0
403,Device,ResourceApplyGradientDescent,SGD/SGD/update_96/ResourceApplyGradientDescent,2,8.192,4.096,8.192,4.096,6.9581689509095795e-06,0.9991606436899504,0.0,0.0
404,Device,BiasAddGrad,gradient_tape/mobilenetv2_1.00_256/predictions/BiasAdd/BiasAddGrad,2,8.192,4.096,8.192,4.096,6.9581689509095795e-06,0.9991676018589013,0.0,0.0
405,Device,Equal,Equal,2,7.168,3.584,7.168,3.584,6.088397832045882e-06,0.9991736902567333,0.0,0.0
406,Device,Mul,Mul,2,7.168,3.584,7.168,3.584,6.088397832045882e-06,0.9991797786545653,0.0,0.0
407,Device,ResourceApplyGradientDescent,SGD/SGD/update_1/ResourceApplyGradientDescent,2,7.168,3.584,7.168,3.584,6.088397832045882e-06,0.9991858670523973,0.0,0.0
408,Device,ResourceApplyGradientDescent,SGD/SGD/update_11/ResourceApplyGradientDescent,2,7.168,3.584,7.168,3.584,6.088397832045882e-06,0.9991919554502293,0.0,0.0
409,Device,ResourceApplyGradientDescent,SGD/SGD/update_111/ResourceApplyGradientDescent,2,7.168,3.584,7.168,3.584,6.088397832045882e-06,0.9991980438480613,0.0,0.0
410,Device,ResourceApplyGradientDescent,SGD/SGD/update_113/ResourceApplyGradientDescent,2,7.168,3.584,7.168,3.584,6.088397832045882e-06,0.9992041322458933,0.0,0.0
411,Device,ResourceApplyGradientDescent,SGD/SGD/update_115/ResourceApplyGradientDescent,2,7.168,3.584,7.168,3.584,6.088397832045882e-06,0.9992102206437253,0.0,0.0
412,Device,ResourceApplyGradientDescent,SGD/SGD/update_120/ResourceApplyGradientDescent,2,7.168,3.584,7.168,3.584,6.088397832045882e-06,0.9992163090415573,0.0,0.0
413,Device,ResourceApplyGradientDescent,SGD/SGD/update_122/ResourceApplyGradientDescent,2,7.168,3.584,7.168,3.584,6.088397832045882e-06,0.9992223974393893,0.0,0.0
414,Device,ResourceApplyGradientDescent,SGD/SGD/update_130/ResourceApplyGradientDescent,2,7.168,3.584,7.168,3.584,6.088397832045882e-06,0.9992284858372213,0.0,0.0
415,Device,ResourceApplyGradientDescent,SGD/SGD/update_131/ResourceApplyGradientDescent,2,7.168,3.584,7.168,3.584,6.088397832045882e-06,0.9992345742350534,0.0,0.0
416,Device,ResourceApplyGradientDescent,SGD/SGD/update_133/ResourceApplyGradientDescent,2,7.168,3.584,7.168,3.584,6.088397832045882e-06,0.9992406626328854,0.0,0.0
417,Device,ResourceApplyGradientDescent,SGD/SGD/update_140/ResourceApplyGradientDescent,2,7.168,3.584,7.168,3.584,6.088397832045882e-06,0.9992467510307174,0.0,0.0
418,Device,ResourceApplyGradientDescent,SGD/SGD/update_152/ResourceApplyGradientDescent,2,7.168,3.584,7.168,3.584,6.088397832045882e-06,0.9992528394285494,0.0,0.0
419,Device,ResourceApplyGradientDescent,SGD/SGD/update_154/ResourceApplyGradientDescent,2,7.168,3.584,7.168,3.584,6.088397832045882e-06,0.9992589278263814,0.0,0.0
420,Device,ResourceApplyGradientDescent,SGD/SGD/update_18/ResourceApplyGradientDescent,2,7.168,3.584,7.168,3.584,6.088397832045882e-06,0.9992650162242134,0.0,0.0
421,Device,ResourceApplyGradientDescent,SGD/SGD/update_31/ResourceApplyGradientDescent,2,7.168,3.584,7.168,3.584,6.088397832045882e-06,0.9992711046220454,0.0,0.0
422,Device,ResourceApplyGradientDescent,SGD/SGD/update_37/ResourceApplyGradientDescent,2,7.168,3.584,7.168,3.584,6.088397832045882e-06,0.9992771930198774,0.0,0.0
423,Device,ResourceApplyGradientDescent,SGD/SGD/update_42/ResourceApplyGradientDescent,2,7.168,3.584,7.168,3.584,6.088397832045882e-06,0.9992832814177094,0.0,0.0
424,Device,ResourceApplyGradientDescent,SGD/SGD/update_51/ResourceApplyGradientDescent,2,7.168,3.584,7.168,3.584,6.088397832045882e-06,0.9992893698155414,0.0,0.0
425,Device,ResourceApplyGradientDescent,SGD/SGD/update_52/ResourceApplyGradientDescent,2,7.168,3.584,7.168,3.584,6.088397832045882e-06,0.9992954582133734,0.0,0.0
426,Device,ResourceApplyGradientDescent,SGD/SGD/update_53/ResourceApplyGradientDescent,2,7.168,3.584,7.168,3.584,6.088397832045882e-06,0.9993015466112054,0.0,0.0
427,Device,ResourceApplyGradientDescent,SGD/SGD/update_56/ResourceApplyGradientDescent,2,7.168,3.584,7.168,3.584,6.088397832045882e-06,0.9993076350090374,0.0,0.0
428,Device,ResourceApplyGradientDescent,SGD/SGD/update_60/ResourceApplyGradientDescent,2,7.168,3.584,7.168,3.584,6.088397832045882e-06,0.9993137234068694,0.0,0.0
429,Device,ResourceApplyGradientDescent,SGD/SGD/update_62/ResourceApplyGradientDescent,2,7.168,3.584,7.168,3.584,6.088397832045882e-06,0.9993198118047014,0.0,0.0
430,Device,ResourceApplyGradientDescent,SGD/SGD/update_64/ResourceApplyGradientDescent,2,7.168,3.584,7.168,3.584,6.088397832045882e-06,0.9993259002025334,0.0,0.0
431,Device,ResourceApplyGradientDescent,SGD/SGD/update_65/ResourceApplyGradientDescent,2,7.168,3.584,7.168,3.584,6.088397832045882e-06,0.9993319886003654,0.0,0.0
432,Device,ResourceApplyGradientDescent,SGD/SGD/update_69/ResourceApplyGradientDescent,2,7.168,3.584,7.168,3.584,6.088397832045882e-06,0.9993380769981974,0.0,0.0
433,Device,ResourceApplyGradientDescent,SGD/SGD/update_75/ResourceApplyGradientDescent,2,7.168,3.584,7.168,3.584,6.088397832045882e-06,0.9993441653960294,0.0,0.0
434,Device,ResourceApplyGradientDescent,SGD/SGD/update_76/ResourceApplyGradientDescent,2,7.168,3.584,7.168,3.584,6.088397832045882e-06,0.9993502537938614,0.0,0.0
435,Device,ResourceApplyGradientDescent,SGD/SGD/update_8/ResourceApplyGradientDescent,2,7.168,3.584,7.168,3.584,6.088397832045882e-06,0.9993563421916934,0.0,0.0
436,Device,ResourceApplyGradientDescent,SGD/SGD/update_81/ResourceApplyGradientDescent,2,7.168,3.584,7.168,3.584,6.088397832045882e-06,0.9993624305895255,0.0,0.0
437,Device,ResourceApplyGradientDescent,SGD/SGD/update_86/ResourceApplyGradientDescent,2,7.168,3.584,7.168,3.584,6.088397832045882e-06,0.9993685189873575,0.0,0.0
438,Device,ResourceApplyGradientDescent,SGD/SGD/update_93/ResourceApplyGradientDescent,2,7.168,3.584,7.168,3.584,6.088397832045882e-06,0.9993746073851895,0.0,0.0
439,Device,ResourceApplyGradientDescent,SGD/SGD/update_94/ResourceApplyGradientDescent,2,7.168,3.584,7.168,3.584,6.088397832045882e-06,0.9993806957830215,0.0,0.0
440,Device,ResourceApplyGradientDescent,SGD/SGD/update_95/ResourceApplyGradientDescent,2,7.168,3.584,7.168,3.584,6.088397832045882e-06,0.9993867841808535,0.0,0.0
441,Device,Mul,gradient_tape/categorical_crossentropy/softmax_cross_entropy_with_logits/mul,2,7.168,3.584,7.168,3.584,6.088397832045882e-06,0.9993928725786855,0.0,0.0
442,Device,AssignAddVariableOp,AssignAddVariableOp,2,6.144,3.072,6.144,3.072,5.218626713182185e-06,0.9993980912053987,0.0,0.0
443,Device,AssignAddVariableOp,AssignAddVariableOp_1,2,6.144,3.072,6.144,3.072,5.218626713182185e-06,0.9994033098321119,0.0,0.0
444,Device,AssignAddVariableOp,AssignAddVariableOp_4,2,6.144,3.072,6.144,3.072,5.218626713182185e-06,0.9994085284588251,0.0,0.0
445,Device,Cast,Cast,2,6.144,3.072,6.144,3.072,5.218626713182185e-06,0.9994137470855383,0.0,0.0
446,Device,AssignAddVariableOp,SGD/SGD/AssignAddVariableOp,2,6.144,3.072,6.144,3.072,5.218626713182185e-06,0.9994189657122515,0.0,0.0
447,Device,ResourceApplyGradientDescent,SGD/SGD/update_10/ResourceApplyGradientDescent,2,6.144,3.072,6.144,3.072,5.218626713182185e-06,0.9994241843389647,0.0,0.0
448,Device,ResourceApplyGradientDescent,SGD/SGD/update_100/ResourceApplyGradientDescent,2,6.144,3.072,6.144,3.072,5.218626713182185e-06,0.999429402965678,0.0,0.0
449,Device,ResourceApplyGradientDescent,SGD/SGD/update_101/ResourceApplyGradientDescent,2,6.144,3.072,6.144,3.072,5.218626713182185e-06,0.9994346215923912,0.0,0.0
450,Device,ResourceApplyGradientDescent,SGD/SGD/update_103/ResourceApplyGradientDescent,2,6.144,3.072,6.144,3.072,5.218626713182185e-06,0.9994398402191044,0.0,0.0
451,Device,ResourceApplyGradientDescent,SGD/SGD/update_104/ResourceApplyGradientDescent,2,6.144,3.072,6.144,3.072,5.218626713182185e-06,0.9994450588458176,0.0,0.0
452,Device,ResourceApplyGradientDescent,SGD/SGD/update_106/ResourceApplyGradientDescent,2,6.144,3.072,6.144,3.072,5.218626713182185e-06,0.9994502774725308,0.0,0.0
453,Device,ResourceApplyGradientDescent,SGD/SGD/update_107/ResourceApplyGradientDescent,2,6.144,3.072,6.144,3.072,5.218626713182185e-06,0.999455496099244,0.0,0.0
454,Device,ResourceApplyGradientDescent,SGD/SGD/update_109/ResourceApplyGradientDescent,2,6.144,3.072,6.144,3.072,5.218626713182185e-06,0.9994607147259572,0.0,0.0
455,Device,ResourceApplyGradientDescent,SGD/SGD/update_110/ResourceApplyGradientDescent,2,6.144,3.072,6.144,3.072,5.218626713182185e-06,0.9994659333526704,0.0,0.0
456,Device,ResourceApplyGradientDescent,SGD/SGD/update_112/ResourceApplyGradientDescent,2,6.144,3.072,6.144,3.072,5.218626713182185e-06,0.9994711519793836,0.0,0.0
457,Device,ResourceApplyGradientDescent,SGD/SGD/update_116/ResourceApplyGradientDescent,2,6.144,3.072,6.144,3.072,5.218626713182185e-06,0.9994763706060968,0.0,0.0
458,Device,ResourceApplyGradientDescent,SGD/SGD/update_118/ResourceApplyGradientDescent,2,6.144,3.072,6.144,3.072,5.218626713182185e-06,0.99948158923281,0.0,0.0
459,Device,ResourceApplyGradientDescent,SGD/SGD/update_119/ResourceApplyGradientDescent,2,6.144,3.072,6.144,3.072,5.218626713182185e-06,0.9994868078595233,0.0,0.0
460,Device,ResourceApplyGradientDescent,SGD/SGD/update_12/ResourceApplyGradientDescent,2,6.144,3.072,6.144,3.072,5.218626713182185e-06,0.9994920264862365,0.0,0.0
461,Device,ResourceApplyGradientDescent,SGD/SGD/update_121/ResourceApplyGradientDescent,2,6.144,3.072,6.144,3.072,5.218626713182185e-06,0.9994972451129497,0.0,0.0
462,Device,ResourceApplyGradientDescent,SGD/SGD/update_124/ResourceApplyGradientDescent,2,6.144,3.072,6.144,3.072,5.218626713182185e-06,0.9995024637396629,0.0,0.0
463,Device,ResourceApplyGradientDescent,SGD/SGD/update_125/ResourceApplyGradientDescent,2,6.144,3.072,6.144,3.072,5.218626713182185e-06,0.9995076823663761,0.0,0.0
464,Device,ResourceApplyGradientDescent,SGD/SGD/update_127/ResourceApplyGradientDescent,2,6.144,3.072,6.144,3.072,5.218626713182185e-06,0.9995129009930893,0.0,0.0
465,Device,ResourceApplyGradientDescent,SGD/SGD/update_128/ResourceApplyGradientDescent,2,6.144,3.072,6.144,3.072,5.218626713182185e-06,0.9995181196198025,0.0,0.0
466,Device,ResourceApplyGradientDescent,SGD/SGD/update_129/ResourceApplyGradientDescent,2,6.144,3.072,6.144,3.072,5.218626713182185e-06,0.9995233382465157,0.0,0.0
467,Device,ResourceApplyGradientDescent,SGD/SGD/update_13/ResourceApplyGradientDescent,2,6.144,3.072,6.144,3.072,5.218626713182185e-06,0.999528556873229,0.0,0.0
468,Device,ResourceApplyGradientDescent,SGD/SGD/update_134/ResourceApplyGradientDescent,2,6.144,3.072,6.144,3.072,5.218626713182185e-06,0.9995337754999422,0.0,0.0
469,Device,ResourceApplyGradientDescent,SGD/SGD/update_136/ResourceApplyGradientDescent,2,6.144,3.072,6.144,3.072,5.218626713182185e-06,0.9995389941266554,0.0,0.0
470,Device,ResourceApplyGradientDescent,SGD/SGD/update_137/ResourceApplyGradientDescent,2,6.144,3.072,6.144,3.072,5.218626713182185e-06,0.9995442127533686,0.0,0.0
471,Device,ResourceApplyGradientDescent,SGD/SGD/update_138/ResourceApplyGradientDescent,2,6.144,3.072,6.144,3.072,5.218626713182185e-06,0.9995494313800818,0.0,0.0
472,Device,ResourceApplyGradientDescent,SGD/SGD/update_139/ResourceApplyGradientDescent,2,6.144,3.072,6.144,3.072,5.218626713182185e-06,0.999554650006795,0.0,0.0
473,Device,ResourceApplyGradientDescent,SGD/SGD/update_14/ResourceApplyGradientDescent,2,6.144,3.072,6.144,3.072,5.218626713182185e-06,0.9995598686335082,0.0,0.0
474,Device,ResourceApplyGradientDescent,SGD/SGD/update_142/ResourceApplyGradientDescent,2,6.144,3.072,6.144,3.072,5.218626713182185e-06,0.9995650872602214,0.0,0.0
475,Device,ResourceApplyGradientDescent,SGD/SGD/update_143/ResourceApplyGradientDescent,2,6.144,3.072,6.144,3.072,5.218626713182185e-06,0.9995703058869346,0.0,0.0
476,Device,ResourceApplyGradientDescent,SGD/SGD/update_145/ResourceApplyGradientDescent,2,6.144,3.072,6.144,3.072,5.218626713182185e-06,0.9995755245136478,0.0,0.0
477,Device,ResourceApplyGradientDescent,SGD/SGD/update_146/ResourceApplyGradientDescent,2,6.144,3.072,6.144,3.072,5.218626713182185e-06,0.999580743140361,0.0,0.0
478,Device,ResourceApplyGradientDescent,SGD/SGD/update_148/ResourceApplyGradientDescent,2,6.144,3.072,6.144,3.072,5.218626713182185e-06,0.9995859617670743,0.0,0.0
479,Device,ResourceApplyGradientDescent,SGD/SGD/update_149/ResourceApplyGradientDescent,2,6.144,3.072,6.144,3.072,5.218626713182185e-06,0.9995911803937875,0.0,0.0
480,Device,ResourceApplyGradientDescent,SGD/SGD/update_15/ResourceApplyGradientDescent,2,6.144,3.072,6.144,3.072,5.218626713182185e-06,0.9995963990205007,0.0,0.0
481,Device,ResourceApplyGradientDescent,SGD/SGD/update_151/ResourceApplyGradientDescent,2,6.144,3.072,6.144,3.072,5.218626713182185e-06,0.9996016176472139,0.0,0.0
482,Device,ResourceApplyGradientDescent,SGD/SGD/update_155/ResourceApplyGradientDescent,2,6.144,3.072,6.144,3.072,5.218626713182185e-06,0.9996068362739271,0.0,0.0
483,Device,ResourceApplyGradientDescent,SGD/SGD/update_157/ResourceApplyGradientDescent,2,6.144,3.072,6.144,3.072,5.218626713182185e-06,0.9996120549006403,0.0,0.0
484,Device,ResourceApplyGradientDescent,SGD/SGD/update_16/ResourceApplyGradientDescent,2,6.144,3.072,6.144,3.072,5.218626713182185e-06,0.9996172735273535,0.0,0.0
485,Device,ResourceApplyGradientDescent,SGD/SGD/update_17/ResourceApplyGradientDescent,2,6.144,3.072,6.144,3.072,5.218626713182185e-06,0.9996224921540667,0.0,0.0
486,Device,ResourceApplyGradientDescent,SGD/SGD/update_19/ResourceApplyGradientDescent,2,6.144,3.072,6.144,3.072,5.218626713182185e-06,0.9996277107807799,0.0,0.0
487,Device,ResourceApplyGradientDescent,SGD/SGD/update_2/ResourceApplyGradientDescent,2,6.144,3.072,6.144,3.072,5.218626713182185e-06,0.9996329294074932,0.0,0.0
488,Device,ResourceApplyGradientDescent,SGD/SGD/update_21/ResourceApplyGradientDescent,2,6.144,3.072,6.144,3.072,5.218626713182185e-06,0.9996381480342064,0.0,0.0
489,Device,ResourceApplyGradientDescent,SGD/SGD/update_22/ResourceApplyGradientDescent,2,6.144,3.072,6.144,3.072,5.218626713182185e-06,0.9996433666609196,0.0,0.0
490,Device,ResourceApplyGradientDescent,SGD/SGD/update_23/ResourceApplyGradientDescent,2,6.144,3.072,6.144,3.072,5.218626713182185e-06,0.9996485852876328,0.0,0.0
491,Device,ResourceApplyGradientDescent,SGD/SGD/update_24/ResourceApplyGradientDescent,2,6.144,3.072,6.144,3.072,5.218626713182185e-06,0.999653803914346,0.0,0.0
492,Device,ResourceApplyGradientDescent,SGD/SGD/update_25/ResourceApplyGradientDescent,2,6.144,3.072,6.144,3.072,5.218626713182185e-06,0.9996590225410592,0.0,0.0
493,Device,ResourceApplyGradientDescent,SGD/SGD/update_27/ResourceApplyGradientDescent,2,6.144,3.072,6.144,3.072,5.218626713182185e-06,0.9996642411677724,0.0,0.0
494,Device,ResourceApplyGradientDescent,SGD/SGD/update_28/ResourceApplyGradientDescent,2,6.144,3.072,6.144,3.072,5.218626713182185e-06,0.9996694597944856,0.0,0.0
495,Device,ResourceApplyGradientDescent,SGD/SGD/update_29/ResourceApplyGradientDescent,2,6.144,3.072,6.144,3.072,5.218626713182185e-06,0.9996746784211988,0.0,0.0
496,Device,ResourceApplyGradientDescent,SGD/SGD/update_3/ResourceApplyGradientDescent,2,6.144,3.072,6.144,3.072,5.218626713182185e-06,0.999679897047912,0.0,0.0
497,Device,ResourceApplyGradientDescent,SGD/SGD/update_30/ResourceApplyGradientDescent,2,6.144,3.072,6.144,3.072,5.218626713182185e-06,0.9996851156746253,0.0,0.0
498,Device,ResourceApplyGradientDescent,SGD/SGD/update_32/ResourceApplyGradientDescent,2,6.144,3.072,6.144,3.072,5.218626713182185e-06,0.9996903343013385,0.0,0.0
499,Device,ResourceApplyGradientDescent,SGD/SGD/update_34/ResourceApplyGradientDescent,2,6.144,3.072,6.144,3.072,5.218626713182185e-06,0.9996955529280517,0.0,0.0
500,Device,ResourceApplyGradientDescent,SGD/SGD/update_35/ResourceApplyGradientDescent,2,6.144,3.072,6.144,3.072,5.218626713182185e-06,0.9997007715547649,0.0,0.0
501,Host,IDLE,IDLE,0,4675484.11,0.0,4675484.11,0.0,0.0,0.0,0.9876160152071729,0.9876160152071729
502,Host,GatherV2,GatherV2,2,58011.985,29005.9925,58011.985,29005.9925,0.0,0.0,0.012254039177979001,0.9998700543851519
503,Host,GatherV2,GatherV2_1,2,196.682,98.341,196.682,98.341,0.0,0.0,4.154570703973094e-05,0.9999116000921916
504,Host,_Send,IteratorGetNext/_3,2,65.521,32.7605,65.521,32.7605,0.0,0.0,1.3840190108653618e-05,0.9999254402823002
505,Host,Dataset,Iterator::Root::ParallelMapV2,2,56.96,28.48,56.96,28.48,0.0,0.0,1.2031825347429224e-05,0.9999374721076477
506,Host,Dataset,Iterator::Root::ParallelMapV2::Zip[1]::ForeverRepeat,2,57.831,28.9155,53.511,26.7555,0.0,0.0,1.1303283113874389e-05,0.9999487753907615
507,Host,IteratorGetNext,IteratorGetNext,2,38.7,19.35,38.7,19.35,0.0,0.0,8.174712797498438e-06,0.999956950103559
508,Host,LogicalAnd,LogicalAnd,1,37.621,37.621,37.621,37.621,0.0,0.0,7.946792510457072e-06,0.9999648968960695
509,Host,FlushSummaryWriter,FlushSummaryWriter,1,35.73,35.73,35.73,35.73,0.0,0.0,7.547351117690416e-06,0.9999724442471872
510,Host,Dataset,Iterator::Root,2,86.391,43.1955,29.431,14.7155,0.0,0.0,6.216795150986472e-06,0.9999786610423382
511,Host,_Send,IteratorGetNext/_1,2,21.731,10.8655,21.731,10.8655,0.0,0.0,4.590301907039756e-06,0.9999832513442453
512,Host,WriteSummary,WriteSummary,1,20.91,20.91,20.91,20.91,0.0,0.0,4.416879705315047e-06,0.9999876682239506
513,Host,Dataset,Iterator::Root::ParallelMapV2::Zip[0]::FlatMap[1]::Concatenate[0]::TensorSlice,2,19.16,9.58,19.16,9.58,0.0,0.0,4.0472221498726105e-06,0.9999917154461004
514,Host,Dataset,Iterator::Root::ParallelMapV2::Zip[0]::FlatMap[1]::Concatenate,2,29.06,14.53,9.9,4.95,0.0,0.0,2.0912055993600653e-06,0.9999938066516998
515,Host,Dataset,Iterator::Root::ParallelMapV2::Zip,2,98.681,49.3405,8.59,4.295,0.0,0.0,1.814490515000299e-06,0.9999956211422147
516,Host,ReadVariableOp,ReadVariableOp,1,6.01,6.01,6.01,6.01,0.0,0.0,1.2695096618337365e-06,0.9999968906518766
517,Host,Dataset,Iterator::Root::ParallelMapV2::Zip[1]::ForeverRepeat::FromTensor,4,4.32,1.08,4.32,1.08,0.0,0.0,9.125260797207558e-07,0.9999978031779563
518,Host,Identity,Identity,2,3.35,1.675,3.35,1.675,0.0,0.0,7.076301775612342e-07,0.9999985108081338
519,Host,Dataset,Iterator::Root::ParallelMapV2::Zip[0]::FlatMap,2,32.26,16.13,3.2,1.6,0.0,0.0,6.759452442375968e-07,0.9999991867533781
520,Host,_Send,IteratorGetNext/_6,2,2.16,1.08,2.16,1.08,0.0,0.0,4.562630398603779e-07,0.999999643016418
521,Host,_HostSend,categorical_crossentropy/softmax_cross_entropy_with_logits/Shape_2/_9,2,1.69,0.845,1.69,0.845,0.0,0.0,3.569835821129808e-07,1.0
