Rank,Host/device,Type,Operation,#Occurrences,Total time (us),Avg. time (us),Total self-time (us),Avg. self-time (us),Total self-time on Device (%),Cumulative total-self time on Device (%),Total self-time on Host (%),Cumulative total-self time on Host (%)
1,Device,_Recv,IteratorGetNext/_2,2,31166.114,15583.057,31166.114,15583.057,0.13525864627838605,0.13525864627838605,0.0,0.0
2,Device,FusedBatchNormGradV3,gradient_tape/model/conv1_bn/FusedBatchNormGradV3,2,23049.24,11524.62,23049.24,11524.62,0.10003200912842797,0.23529065540681401,0.0,0.0
3,Device,Conv2DBackpropFilter,gradient_tape/model/conv1/Conv2D/Conv2DBackpropFilter,2,18433.043,9216.5215,18433.043,9216.5215,0.07999805310894004,0.3152887085157541,0.0,0.0
4,Device,MaxPoolGrad,gradient_tape/model/conv1_max_pool/MaxPool/MaxPoolGrad,2,17502.228,8751.114,17502.228,8751.114,0.07595838435730755,0.39124709287306164,0.0,0.0
5,Device,IDLE,IDLE,0,17288.657,0.0,17288.657,0.0,0.07503150189950991,0.46627859477257155,0.0,0.0
6,Device,ReluGrad,gradient_tape/model/conv1/ReluGrad,2,14401.551,7200.7755,14401.551,7200.7755,0.06250167385542954,0.5287802686280011,0.0,0.0
7,Device,FusedBatchNormV3,model/conv1_bn/FusedBatchNormV3,4,13822.991,3455.74775,13822.991,3455.74775,0.05999076593823387,0.5887710345662349,0.0,0.0
8,Device,_FusedConv2D,model/conv1/Relu,2,12558.349,6279.1745,12558.349,6279.1745,0.0545023125190238,0.6432733470852587,0.0,0.0
9,Device,MaxPool,model/conv1_max_pool/MaxPool,2,5463.046,2731.523,5463.046,2731.523,0.023709218496619493,0.6669825655818782,0.0,0.0
10,Device,BiasAddGrad,gradient_tape/model/conv1/BiasAdd/BiasAddGrad,2,4149.253,2074.6265,4149.253,2074.6265,0.018007453346494593,0.6849900189283727,0.0,0.0
11,Device,AddN,SGD/gradients/AddN_3,2,3359.747,1679.8735,3359.747,1679.8735,0.014581055278751422,0.6995710742071242,0.0,0.0
12,Device,Conv2DBackpropInput,gradient_tape/model/ResBlock21_conv1/Conv2D/Conv2DBackpropInput,2,2745.347,1372.6735,2745.347,1372.6735,0.01191460439323389,0.711485678600358,0.0,0.0
13,Device,Conv2DBackpropInput,gradient_tape/model/ResBlock21_pooling_conv/Conv2D/Conv2DBackpropInput,2,2734.084,1367.042,2734.084,1367.042,0.011865723800259307,0.7233514024006173,0.0,0.0
14,Device,Transpose,gradient_tape/model/conv1/Conv2D/Conv2DBackpropFilter-0-TransposeNHWCToNCHW-LayoutOptimizer,2,1867.778,933.889,1867.778,933.889,0.008106019371826442,0.7314574217724438,0.0,0.0
15,Device,Conv2DBackpropFilter,gradient_tape/model/ResBlock21_pooling_conv/Conv2D/Conv2DBackpropFilter,2,1640.45,820.225,1640.45,820.225,0.007119432544184956,0.7385768543166287,0.0,0.0
16,Device,Conv2DBackpropFilter,gradient_tape/model/ResBlock21_conv1/Conv2D/Conv2DBackpropFilter,2,1639.425,819.7125,1639.425,819.7125,0.007114984119449188,0.7456918384360779,0.0,0.0
17,Device,Conv2DBackpropFilter,gradient_tape/model/ResBlock22_conv1/Conv2D/Conv2DBackpropFilter,2,1564.674,782.337,1564.674,782.337,0.0067905702683044595,0.7524824087043823,0.0,0.0
18,Device,Conv2DBackpropFilter,gradient_tape/model/ResBlock22_conv2/Conv2D/Conv2DBackpropFilter,2,1547.264,773.632,1547.264,773.632,0.006715012146694986,0.7591974208510773,0.0,0.0
19,Device,Conv2DBackpropFilter,gradient_tape/model/ResBlock21_conv2/Conv2D/Conv2DBackpropFilter,2,1530.882,765.441,1530.882,765.441,0.0066439154696009955,0.7658413363206783,0.0,0.0
20,Device,FusedBatchNormGradV3,gradient_tape/model/ResBlock21_bn1/FusedBatchNormGradV3,2,1443.842,721.921,1443.842,721.921,0.006266168260819345,0.7721075045814977,0.0,0.0
21,Device,FusedBatchNormGradV3,gradient_tape/model/ResBlock22_bn1/FusedBatchNormGradV3,2,1441.794,720.897,1441.794,720.897,0.0062572800912009535,0.7783647846726987,0.0,0.0
22,Device,FusedBatchNormGradV3,gradient_tape/model/ResBlock21_bn2/FusedBatchNormGradV3,2,1439.746,719.873,1439.746,719.873,0.006248391921582562,0.7846131765942812,0.0,0.0
23,Device,FusedBatchNormGradV3,gradient_tape/model/ResBlock22_bn2/FusedBatchNormGradV3,2,1438.722,719.361,1438.722,719.361,0.006243947836773366,0.7908571244310546,0.0,0.0
24,Device,FusedBatchNormGradV3,gradient_tape/model/ResBlock21_pooling_bn/FusedBatchNormGradV3,2,1435.65,717.825,1435.65,717.825,0.0062306155823457785,0.7970877400134004,0.0,0.0
25,Device,ReluGrad,gradient_tape/model/tf.nn.relu_2/ReluGrad,2,879.616,439.808,879.616,439.808,0.0038174688510992675,0.8009052088644997,0.0,0.0
26,Device,ReluGrad,gradient_tape/model/tf.nn.relu_1/ReluGrad,2,870.4,435.2,870.4,435.2,0.0037774720878165045,0.8046826809523162,0.0,0.0
27,Device,ReluGrad,gradient_tape/model/tf.nn.relu_3/ReluGrad,2,864.258,432.129,864.258,432.129,0.0037508162588144726,0.8084334972111307,0.0,0.0
28,Device,FusedBatchNormV3,model/ResBlock21_bn2/FusedBatchNormV3,4,864.257,216.06425,864.257,216.06425,0.003750811918887901,0.8121843091300186,0.0,0.0
29,Device,ReluGrad,gradient_tape/model/tf.nn.relu/ReluGrad,2,860.16,430.08,860.16,430.08,0.0037330312397245457,0.8159173403697432,0.0,0.0
30,Device,FusedBatchNormV3,model/ResBlock22_bn2/FusedBatchNormV3,4,857.09,214.2725,857.09,214.2725,0.0037197076651501013,0.8196370480348932,0.0,0.0
31,Device,FusedBatchNormV3,model/ResBlock22_bn1/FusedBatchNormV3,4,855.04,213.76,855.04,213.76,0.0037108108156785665,0.8233478588505718,0.0,0.0
32,Device,FusedBatchNormV3,model/ResBlock21_bn1/FusedBatchNormV3,4,851.97,212.9925,851.97,212.9925,0.003697487241104122,0.8270453460916759,0.0,0.0
33,Device,FusedBatchNormV3,model/ResBlock21_pooling_bn/FusedBatchNormV3,4,849.92,212.48,849.92,212.48,0.003688590391632587,0.8307339364833085,0.0,0.0
34,Device,AddN,SGD/gradients/AddN_1,2,844.8,422.4,844.8,422.4,0.0036663699675866072,0.8344003064508951,0.0,0.0
35,Device,Conv2D,model/ResBlock21_pooling_conv/Conv2D,2,843.777,421.8885,843.777,421.8885,0.003661930222703983,0.8380622366735991,0.0,0.0
36,Device,AddN,SGD/gradients/AddN_2,2,842.753,421.3765,842.753,421.3765,0.0036574861378947873,0.8417197228114939,0.0,0.0
37,Device,Conv2D,model/ResBlock21_conv1/Conv2D,2,838.656,419.328,838.656,419.328,0.003639705458731432,0.8453594282702253,0.0,0.0
38,Device,AddV2,model/ResBlock22_add/add,2,825.344,412.672,825.344,412.672,0.003581932356211886,0.8489413606264371,0.0,0.0
39,Device,AddV2,model/ResBlock21_add/add,2,817.153,408.5765,817.153,408.5765,0.00354638401766489,0.852487744644102,0.0,0.0
40,Device,Conv2DBackpropFilter,gradient_tape/model/ResBlock31_conv2/Conv2D/Conv2DBackpropFilter,2,783.36,391.68,783.36,391.68,0.0033997248790348543,0.8558874695231369,0.0,0.0
41,Device,Conv2DBackpropFilter,gradient_tape/model/ResBlock32_conv2/Conv2D/Conv2DBackpropFilter,2,782.338,391.169,782.338,391.169,0.003395289474078801,0.8592827589972157,0.0,0.0
42,Device,Conv2DBackpropFilter,gradient_tape/model/ResBlock32_conv1/Conv2D/Conv2DBackpropFilter,2,779.264,389.632,779.264,389.632,0.003381948539798071,0.8626647075370139,0.0,0.0
43,Device,Conv2DBackpropInput,gradient_tape/model/ResBlock31_conv1/Conv2D/Conv2DBackpropInput,2,775.169,387.5845,775.169,387.5845,0.0033641765404878584,0.8660288840775017,0.0,0.0
44,Device,Conv2DBackpropInput,gradient_tape/model/ResBlock31_pooling_conv/Conv2D/Conv2DBackpropInput,2,773.12,386.56,773.12,386.56,0.0033552840309428954,0.8693841681084445,0.0,0.0
45,Device,Conv2DBackpropFilter,gradient_tape/model/ResBlock31_pooling_conv/Conv2D/Conv2DBackpropFilter,2,719.873,359.9365,719.873,359.9365,0.003124195960791281,0.8725083640692358,0.0,0.0
46,Device,FusedBatchNormGradV3,gradient_tape/model/ResBlock31_bn2/FusedBatchNormGradV3,2,709.632,354.816,709.632,354.816,0.0030797507727727503,0.8755881148420086,0.0,0.0
47,Device,Conv2DBackpropFilter,gradient_tape/model/ResBlock31_conv1/Conv2D/Conv2DBackpropFilter,2,709.632,354.816,709.632,354.816,0.0030797507727727503,0.8786678656147814,0.0,0.0
48,Device,FusedBatchNormGradV3,gradient_tape/model/ResBlock32_bn1/FusedBatchNormGradV3,2,705.538,352.769,705.538,352.769,0.0030619831133891096,0.8817298487281705,0.0,0.0
49,Device,FusedBatchNormGradV3,gradient_tape/model/ResBlock31_bn1/FusedBatchNormGradV3,2,703.488,351.744,703.488,351.744,0.0030530862639175753,0.884782934992088,0.0,0.0
50,Device,FusedBatchNormGradV3,gradient_tape/model/ResBlock32_bn2/FusedBatchNormGradV3,2,701.44,350.72,701.44,350.72,0.0030441980942991836,0.8878271330863873,0.0,0.0
51,Device,FusedBatchNormGradV3,gradient_tape/model/ResBlock31_pooling_bn/FusedBatchNormGradV3,2,696.322,348.161,696.322,348.161,0.0030219863501063466,0.8908491194364936,0.0,0.0
52,Device,BiasAdd,model/ResBlock21_pooling_conv/BiasAdd,2,594.944,297.472,594.944,297.472,0.0025820132741428106,0.8934311327106363,0.0,0.0
53,Device,BiasAdd,model/ResBlock21_conv1/BiasAdd,2,593.921,296.9605,593.921,296.9605,0.0025775735292601866,0.8960087062398965,0.0,0.0
54,Device,Conv2D,model/ResBlock22_conv1/Conv2D,2,592.897,296.4485,592.897,296.4485,0.0025731294444509907,0.8985818356843475,0.0,0.0
55,Device,BiasAdd,model/ResBlock21_conv2/BiasAdd,2,590.848,295.424,590.848,295.424,0.0025642369349060273,0.9011460726192535,0.0,0.0
56,Device,BiasAdd,model/ResBlock22_conv2/BiasAdd,2,589.824,294.912,589.824,294.912,0.0025597928500968314,0.9037058654693504,0.0,0.0
57,Device,Conv2D,model/ResBlock21_conv2/Conv2D,2,588.801,294.4005,588.801,294.4005,0.0025553531052142074,0.9062612185745645,0.0,0.0
58,Device,BiasAdd,model/ResBlock22_conv1/BiasAdd,2,588.801,294.4005,588.801,294.4005,0.0025553531052142074,0.9088165716797787,0.0,0.0
59,Device,Conv2D,model/ResBlock22_conv2/Conv2D,2,586.752,293.376,586.752,293.376,0.0025464605956692435,0.9113630322754479,0.0,0.0
60,Device,Conv2DBackpropInput,gradient_tape/model/ResBlock22_conv1/Conv2D/Conv2DBackpropInput,2,574.465,287.2325,574.465,287.2325,0.0024931359178854647,0.9138561681933334,0.0,0.0
61,Device,Conv2DBackpropInput,gradient_tape/model/ResBlock21_conv2/Conv2D/Conv2DBackpropInput,2,573.44,286.72,573.44,286.72,0.0024886874931496976,0.916344855686483,0.0,0.0
62,Device,Conv2DBackpropInput,gradient_tape/model/ResBlock22_conv2/Conv2D/Conv2DBackpropInput,2,573.44,286.72,573.44,286.72,0.0024886874931496976,0.9188335431796327,0.0,0.0
63,Device,Relu,model/tf.nn.relu_1/Relu,2,555.008,277.504,555.008,277.504,0.0024086939665841716,0.9212422371462169,0.0,0.0
64,Device,Relu,model/tf.nn.relu_3/Relu,2,553.985,276.9925,553.985,276.9925,0.002404254221701547,0.9236464913679184,0.0,0.0
65,Device,Relu,model/tf.nn.relu_2/Relu,2,552.962,276.481,552.962,276.481,0.0023998144768189226,0.9260463058447373,0.0,0.0
66,Device,Relu,model/tf.nn.relu/Relu,2,552.961,276.4805,552.961,276.4805,0.0023998101368923512,0.9284461159816297,0.0,0.0
67,Device,Conv2D,model/ResBlock31_conv2/Conv2D,2,472.064,236.032,472.064,236.032,0.0020487230970393042,0.930494839078669,0.0,0.0
68,Device,Conv2D,model/ResBlock32_conv1/Conv2D,2,472.064,236.032,472.064,236.032,0.0020487230970393042,0.9325435621757083,0.0,0.0
69,Device,Conv2D,model/ResBlock32_conv2/Conv2D,2,471.04,235.52,471.04,235.52,0.0020442790122301084,0.9345878411879385,0.0,0.0
70,Device,Conv2DBackpropInput,gradient_tape/model/ResBlock31_conv2/Conv2D/Conv2DBackpropInput,2,460.801,230.4005,460.801,230.4005,0.001999842504064721,0.9365876836920032,0.0,0.0
71,Device,Conv2DBackpropInput,gradient_tape/model/ResBlock32_conv1/Conv2D/Conv2DBackpropInput,2,459.777,229.8885,459.777,229.8885,0.001995398419255525,0.9385830821112587,0.0,0.0
72,Device,Conv2DBackpropInput,gradient_tape/model/ResBlock32_conv2/Conv2D/Conv2DBackpropInput,2,459.776,229.888,459.776,229.888,0.0019953940793289537,0.9405784761905877,0.0,0.0
73,Device,Conv2D,model/ResBlock31_pooling_conv/Conv2D,2,457.728,228.864,457.728,228.864,0.001986505909710562,0.9425649821002983,0.0,0.0
74,Device,Conv2D,model/ResBlock31_conv1/Conv2D,2,456.705,228.3525,456.705,228.3525,0.0019820661648279375,0.9445470482651263,0.0,0.0
75,Device,FusedBatchNormV3,model/ResBlock31_bn1/FusedBatchNormV3,4,443.393,110.84825,443.393,110.84825,0.0019242930623083907,0.9464713413274346,0.0,0.0
76,Device,FusedBatchNormV3,model/ResBlock31_pooling_bn/FusedBatchNormV3,4,443.393,110.84825,443.393,110.84825,0.0019242930623083907,0.948395634389743,0.0,0.0
77,Device,FusedBatchNormV3,model/ResBlock32_bn1/FusedBatchNormV3,4,442.369,110.59225,442.369,110.59225,0.0019198489774991951,0.9503154833672421,0.0,0.0
78,Device,FusedBatchNormV3,model/ResBlock32_bn2/FusedBatchNormV3,4,441.345,110.33625,441.345,110.33625,0.0019154048926899993,0.9522308882599322,0.0,0.0
79,Device,FusedBatchNormV3,model/ResBlock31_bn2/FusedBatchNormV3,4,439.297,109.82425,439.297,109.82425,0.0019065167230716076,0.9541374049830038,0.0,0.0
80,Device,ReluGrad,gradient_tape/model/tf.nn.relu_4/ReluGrad,2,437.25,218.625,437.25,218.625,0.001897632893379787,0.9560350378763836,0.0,0.0
81,Device,ReluGrad,gradient_tape/model/tf.nn.relu_6/ReluGrad,2,436.224,218.112,436.224,218.112,0.0018931801287174483,0.957928218005101,0.0,0.0
82,Device,ReluGrad,gradient_tape/model/tf.nn.relu_5/ReluGrad,2,435.2,217.6,435.2,217.6,0.0018887360439082523,0.9598169540490092,0.0,0.0
83,Device,ReluGrad,gradient_tape/model/tf.nn.relu_7/ReluGrad,2,433.152,216.576,433.152,216.576,0.0018798478742898606,0.9616968019232991,0.0,0.0
84,Device,AddN,SGD/gradients/AddN,2,424.961,212.4805,424.961,212.4805,0.001844299535742865,0.9635411014590419,0.0,0.0
85,Device,AddV2,model/ResBlock31_add/add,2,412.673,206.3365,412.673,206.3365,0.0017909705180325143,0.9653320719770745,0.0,0.0
86,Device,AddV2,model/ResBlock32_add/add,2,411.648,205.824,411.648,205.824,0.001786522093296747,0.9671185940703713,0.0,0.0
87,Device,SoftmaxCrossEntropyWithLogits,categorical_crossentropy/softmax_cross_entropy_with_logits,6,379.904,63.31733333333333,379.904,63.31733333333333,0.0016487554642116743,0.968767349534583,0.0,0.0
88,Device,BiasAddGrad,gradient_tape/model/ResBlock21_pooling_conv/BiasAdd/BiasAddGrad,2,322.56,161.28,322.56,161.28,0.0013998867148967047,0.9701672362494796,0.0,0.0
89,Device,BiasAddGrad,gradient_tape/model/ResBlock22_conv2/BiasAdd/BiasAddGrad,2,308.226,154.113,308.226,154.113,0.0013376782074211052,0.9715049144569008,0.0,0.0
90,Device,BiasAddGrad,gradient_tape/model/ResBlock21_conv1/BiasAdd/BiasAddGrad,2,307.201,153.6005,307.201,153.6005,0.001333229782685338,0.9728381442395861,0.0,0.0
91,Device,BiasAddGrad,gradient_tape/model/ResBlock21_conv2/BiasAdd/BiasAddGrad,2,306.176,153.088,306.176,153.088,0.0013287813579495704,0.9741669255975357,0.0,0.0
92,Device,BiasAddGrad,gradient_tape/model/ResBlock22_conv1/BiasAdd/BiasAddGrad,2,306.176,153.088,306.176,153.088,0.0013287813579495704,0.9754957069554853,0.0,0.0
93,Device,BiasAdd,model/ResBlock32_conv1/BiasAdd,2,296.96,148.48,296.96,148.48,0.0012887845946668074,0.9767844915501521,0.0,0.0
94,Device,BiasAdd,model/ResBlock31_pooling_conv/BiasAdd,2,295.936,147.968,295.936,147.968,0.0012843405098576116,0.9780688320600097,0.0,0.0
95,Device,BiasAdd,model/ResBlock32_conv2/BiasAdd,2,295.936,147.968,295.936,147.968,0.0012843405098576116,0.9793531725698673,0.0,0.0
96,Device,BiasAdd,model/ResBlock31_conv1/BiasAdd,2,294.912,147.456,294.912,147.456,0.0012798964250484157,0.9806330689949158,0.0,0.0
97,Device,BiasAdd,model/ResBlock31_conv2/BiasAdd,2,294.912,147.456,294.912,147.456,0.0012798964250484157,0.9819129654199642,0.0,0.0
98,Device,Transpose,model/tf.nn.relu_7/Relu-0-0-TransposeNCHWToNHWC-LayoutOptimizer,2,287.744,143.872,287.744,143.872,0.0012487878313840446,0.9831617532513482,0.0,0.0
99,Device,Transpose,gradient_tape/model/tf.nn.relu_7/ReluGrad-0-TransposeNHWCToNCHW-LayoutOptimizer,2,284.673,142.3365,284.673,142.3365,0.0012354599168830284,0.9843972131682313,0.0,0.0
100,Device,Relu,model/tf.nn.relu_7/Relu,2,281.601,140.8005,281.601,140.8005,0.0012221276624554407,0.9856193408306867,0.0,0.0
101,Device,Relu,model/tf.nn.relu_4/Relu,2,279.552,139.776,279.552,139.776,0.0012132351529104775,0.9868325759835972,0.0,0.0
102,Device,Relu,model/tf.nn.relu_6/Relu,2,278.529,139.2645,278.529,139.2645,0.001208795408027853,0.9880413713916251,0.0,0.0
103,Device,Relu,model/tf.nn.relu_5/Relu,2,277.504,138.752,277.504,138.752,0.0012043469832920858,0.9892457183749171,0.0,0.0
104,Device,RealDiv,gradient_tape/model/GAP/truediv,2,276.481,138.2405,276.481,138.2405,0.0011999072384094613,0.9904456256133266,0.0,0.0
105,Device,ArgMax,ArgMax,2,203.776,101.888,203.776,101.888,0.0008843728770299818,0.9913299984903566,0.0,0.0
106,Device,ArgMax,ArgMax_1,2,167.937,83.9685,167.937,83.9685,0.0007288342486346972,0.9920588327389913,0.0,0.0
107,Device,BiasAddGrad,gradient_tape/model/ResBlock31_pooling_conv/BiasAdd/BiasAddGrad,2,158.72,79.36,158.72,79.36,0.0006888331454253626,0.9927476658844167,0.0,0.0
108,Device,BiasAddGrad,gradient_tape/model/ResBlock31_conv1/BiasAdd/BiasAddGrad,2,157.697,78.8485,157.697,78.8485,0.0006843934005427382,0.9934320592849594,0.0,0.0
109,Device,BiasAddGrad,gradient_tape/model/ResBlock31_conv2/BiasAdd/BiasAddGrad,2,157.696,78.848,157.696,78.848,0.0006843890606161667,0.9941164483455756,0.0,0.0
110,Device,BiasAddGrad,gradient_tape/model/ResBlock32_conv2/BiasAdd/BiasAddGrad,2,157.696,78.848,157.696,78.848,0.0006843890606161667,0.9948008374061917,0.0,0.0
111,Device,_Send,IteratorGetNext/_3,2,157.12,78.56,157.12,78.56,0.0006818892629109941,0.9954827266691028,0.0,0.0
112,Device,BiasAddGrad,gradient_tape/model/ResBlock32_conv1/BiasAdd/BiasAddGrad,2,156.672,78.336,156.672,78.336,0.0006799449758069709,0.9961626716449097,0.0,0.0
113,Device,Mean,model/GAP/Mean,2,156.672,78.336,156.672,78.336,0.0006799449758069709,0.9968426166207166,0.0,0.0
114,Device,BroadcastTo,gradient_tape/model/GAP/BroadcastTo,2,144.384,72.192,144.384,72.192,0.0006266159580966201,0.9974692325788133,0.0,0.0
115,Device,MatMul,gradient_tape/model/dense/MatMul/MatMul,2,28.672,14.336,28.672,14.336,0.00012443437465748487,0.9975936669534707,0.0,0.0
116,Device,Softmax,model/dense/Softmax,2,28.672,14.336,28.672,14.336,0.00012443437465748487,0.9977181013281282,0.0,0.0
117,Device,MatMul,gradient_tape/model/dense/MatMul/MatMul_1,2,21.504,10.752,21.504,10.752,9.332578099311365e-05,0.9978114271091213,0.0,0.0
118,Device,MatMul,model/dense/MatMul,2,17.408,8.704,17.408,8.704,7.55494417563301e-05,0.9978869765508777,0.0,0.0
119,Device,DynamicStitch,gradient_tape/model/GAP/DynamicStitch,2,12.288,6.144,12.288,6.144,5.332901771035066e-05,0.997940305568588,0.0,0.0
120,Device,Mul,gradient_tape/categorical_crossentropy/softmax_cross_entropy_with_logits/mul,2,10.24,5.12,10.24,5.12,4.444084809195888e-05,0.99798474641668,0.0,0.0
121,Device,BiasAdd,model/dense/BiasAdd,2,9.216,4.608,9.216,4.608,3.999676328276299e-05,0.9980247431799628,0.0,0.0
122,Device,ResourceApplyGradientDescent,SGD/SGD/update/ResourceApplyGradientDescent,2,8.192,4.096,8.192,4.096,3.5552678473567104e-05,0.9980602958584364,0.0,0.0
123,Device,ResourceApplyGradientDescent,SGD/SGD/update_20/ResourceApplyGradientDescent,2,8.192,4.096,8.192,4.096,3.5552678473567104e-05,0.9980958485369099,0.0,0.0
124,Device,ResourceApplyGradientDescent,SGD/SGD/update_24/ResourceApplyGradientDescent,2,8.192,4.096,8.192,4.096,3.5552678473567104e-05,0.9981314012153835,0.0,0.0
125,Device,ResourceApplyGradientDescent,SGD/SGD/update_30/ResourceApplyGradientDescent,2,8.192,4.096,8.192,4.096,3.5552678473567104e-05,0.998166953893857,0.0,0.0
126,Device,ResourceApplyGradientDescent,SGD/SGD/update_4/ResourceApplyGradientDescent,2,8.192,4.096,8.192,4.096,3.5552678473567104e-05,0.9982025065723306,0.0,0.0
127,Device,ResourceApplyGradientDescent,SGD/SGD/update_40/ResourceApplyGradientDescent,2,8.192,4.096,8.192,4.096,3.5552678473567104e-05,0.9982380592508041,0.0,0.0
128,Device,ResourceApplyGradientDescent,SGD/SGD/update_44/ResourceApplyGradientDescent,2,8.192,4.096,8.192,4.096,3.5552678473567104e-05,0.9982736119292777,0.0,0.0
129,Device,BiasAddGrad,gradient_tape/model/dense/BiasAdd/BiasAddGrad,2,8.192,4.096,8.192,4.096,3.5552678473567104e-05,0.9983091646077512,0.0,0.0
130,Device,ResourceApplyGradientDescent,SGD/SGD/update_13/ResourceApplyGradientDescent,2,7.168,3.584,7.168,3.584,3.110859366437122e-05,0.9983402732014156,0.0,0.0
131,Device,ResourceApplyGradientDescent,SGD/SGD/update_16/ResourceApplyGradientDescent,2,7.168,3.584,7.168,3.584,3.110859366437122e-05,0.99837138179508,0.0,0.0
132,Device,ResourceApplyGradientDescent,SGD/SGD/update_18/ResourceApplyGradientDescent,2,7.168,3.584,7.168,3.584,3.110859366437122e-05,0.9984024903887444,0.0,0.0
133,Device,ResourceApplyGradientDescent,SGD/SGD/update_19/ResourceApplyGradientDescent,2,7.168,3.584,7.168,3.584,3.110859366437122e-05,0.9984335989824088,0.0,0.0
134,Device,ResourceApplyGradientDescent,SGD/SGD/update_28/ResourceApplyGradientDescent,2,7.168,3.584,7.168,3.584,3.110859366437122e-05,0.9984647075760732,0.0,0.0
135,Device,ResourceApplyGradientDescent,SGD/SGD/update_32/ResourceApplyGradientDescent,2,7.168,3.584,7.168,3.584,3.110859366437122e-05,0.9984958161697376,0.0,0.0
136,Device,ResourceApplyGradientDescent,SGD/SGD/update_33/ResourceApplyGradientDescent,2,7.168,3.584,7.168,3.584,3.110859366437122e-05,0.998526924763402,0.0,0.0
137,Device,ResourceApplyGradientDescent,SGD/SGD/update_36/ResourceApplyGradientDescent,2,7.168,3.584,7.168,3.584,3.110859366437122e-05,0.9985580333570664,0.0,0.0
138,Device,ResourceApplyGradientDescent,SGD/SGD/update_5/ResourceApplyGradientDescent,2,7.168,3.584,7.168,3.584,3.110859366437122e-05,0.9985891419507308,0.0,0.0
139,Device,ResourceApplyGradientDescent,SGD/SGD/update_8/ResourceApplyGradientDescent,2,7.168,3.584,7.168,3.584,3.110859366437122e-05,0.9986202505443952,0.0,0.0
140,Device,ResourceApplyGradientDescent,SGD/SGD/update_9/ResourceApplyGradientDescent,2,7.168,3.584,7.168,3.584,3.110859366437122e-05,0.9986513591380596,0.0,0.0
141,Device,AssignAddVariableOp,AssignAddVariableOp_2,2,6.144,3.072,6.144,3.072,2.666450885517533e-05,0.9986780236469147,0.0,0.0
142,Device,AssignAddVariableOp,AssignAddVariableOp_3,2,6.144,3.072,6.144,3.072,2.666450885517533e-05,0.9987046881557698,0.0,0.0
143,Device,AssignAddVariableOp,AssignAddVariableOp_4,2,6.144,3.072,6.144,3.072,2.666450885517533e-05,0.998731352664625,0.0,0.0
144,Device,Cast,Cast,2,6.144,3.072,6.144,3.072,2.666450885517533e-05,0.9987580171734801,0.0,0.0
145,Device,Cast,Cast_1,2,6.144,3.072,6.144,3.072,2.666450885517533e-05,0.9987846816823353,0.0,0.0
146,Device,AssignAddVariableOp,SGD/SGD/AssignAddVariableOp,2,6.144,3.072,6.144,3.072,2.666450885517533e-05,0.9988113461911904,0.0,0.0
147,Device,ResourceApplyGradientDescent,SGD/SGD/update_1/ResourceApplyGradientDescent,2,6.144,3.072,6.144,3.072,2.666450885517533e-05,0.9988380107000455,0.0,0.0
148,Device,ResourceApplyGradientDescent,SGD/SGD/update_10/ResourceApplyGradientDescent,2,6.144,3.072,6.144,3.072,2.666450885517533e-05,0.9988646752089007,0.0,0.0
149,Device,ResourceApplyGradientDescent,SGD/SGD/update_11/ResourceApplyGradientDescent,2,6.144,3.072,6.144,3.072,2.666450885517533e-05,0.9988913397177558,0.0,0.0
150,Device,ResourceApplyGradientDescent,SGD/SGD/update_12/ResourceApplyGradientDescent,2,6.144,3.072,6.144,3.072,2.666450885517533e-05,0.9989180042266109,0.0,0.0
151,Device,ResourceApplyGradientDescent,SGD/SGD/update_14/ResourceApplyGradientDescent,2,6.144,3.072,6.144,3.072,2.666450885517533e-05,0.9989446687354661,0.0,0.0
152,Device,ResourceApplyGradientDescent,SGD/SGD/update_15/ResourceApplyGradientDescent,2,6.144,3.072,6.144,3.072,2.666450885517533e-05,0.9989713332443212,0.0,0.0
153,Device,ResourceApplyGradientDescent,SGD/SGD/update_17/ResourceApplyGradientDescent,2,6.144,3.072,6.144,3.072,2.666450885517533e-05,0.9989979977531763,0.0,0.0
154,Device,ResourceApplyGradientDescent,SGD/SGD/update_2/ResourceApplyGradientDescent,2,6.144,3.072,6.144,3.072,2.666450885517533e-05,0.9990246622620315,0.0,0.0
155,Device,ResourceApplyGradientDescent,SGD/SGD/update_21/ResourceApplyGradientDescent,2,6.144,3.072,6.144,3.072,2.666450885517533e-05,0.9990513267708866,0.0,0.0
156,Device,ResourceApplyGradientDescent,SGD/SGD/update_22/ResourceApplyGradientDescent,2,6.144,3.072,6.144,3.072,2.666450885517533e-05,0.9990779912797417,0.0,0.0
157,Device,ResourceApplyGradientDescent,SGD/SGD/update_23/ResourceApplyGradientDescent,2,6.144,3.072,6.144,3.072,2.666450885517533e-05,0.9991046557885969,0.0,0.0
158,Device,ResourceApplyGradientDescent,SGD/SGD/update_25/ResourceApplyGradientDescent,2,6.144,3.072,6.144,3.072,2.666450885517533e-05,0.999131320297452,0.0,0.0
159,Device,ResourceApplyGradientDescent,SGD/SGD/update_26/ResourceApplyGradientDescent,2,6.144,3.072,6.144,3.072,2.666450885517533e-05,0.9991579848063071,0.0,0.0
160,Device,ResourceApplyGradientDescent,SGD/SGD/update_27/ResourceApplyGradientDescent,2,6.144,3.072,6.144,3.072,2.666450885517533e-05,0.9991846493151623,0.0,0.0
161,Device,ResourceApplyGradientDescent,SGD/SGD/update_29/ResourceApplyGradientDescent,2,6.144,3.072,6.144,3.072,2.666450885517533e-05,0.9992113138240174,0.0,0.0
162,Device,ResourceApplyGradientDescent,SGD/SGD/update_3/ResourceApplyGradientDescent,2,6.144,3.072,6.144,3.072,2.666450885517533e-05,0.9992379783328725,0.0,0.0
163,Device,ResourceApplyGradientDescent,SGD/SGD/update_31/ResourceApplyGradientDescent,2,6.144,3.072,6.144,3.072,2.666450885517533e-05,0.9992646428417277,0.0,0.0
164,Device,ResourceApplyGradientDescent,SGD/SGD/update_34/ResourceApplyGradientDescent,2,6.144,3.072,6.144,3.072,2.666450885517533e-05,0.9992913073505828,0.0,0.0
165,Device,ResourceApplyGradientDescent,SGD/SGD/update_35/ResourceApplyGradientDescent,2,6.144,3.072,6.144,3.072,2.666450885517533e-05,0.9993179718594379,0.0,0.0
166,Device,ResourceApplyGradientDescent,SGD/SGD/update_37/ResourceApplyGradientDescent,2,6.144,3.072,6.144,3.072,2.666450885517533e-05,0.9993446363682931,0.0,0.0
167,Device,ResourceApplyGradientDescent,SGD/SGD/update_38/ResourceApplyGradientDescent,2,6.144,3.072,6.144,3.072,2.666450885517533e-05,0.9993713008771482,0.0,0.0
168,Device,ResourceApplyGradientDescent,SGD/SGD/update_39/ResourceApplyGradientDescent,2,6.144,3.072,6.144,3.072,2.666450885517533e-05,0.9993979653860033,0.0,0.0
169,Device,ResourceApplyGradientDescent,SGD/SGD/update_41/ResourceApplyGradientDescent,2,6.144,3.072,6.144,3.072,2.666450885517533e-05,0.9994246298948585,0.0,0.0
170,Device,ResourceApplyGradientDescent,SGD/SGD/update_42/ResourceApplyGradientDescent,2,6.144,3.072,6.144,3.072,2.666450885517533e-05,0.9994512944037136,0.0,0.0
171,Device,ResourceApplyGradientDescent,SGD/SGD/update_43/ResourceApplyGradientDescent,2,6.144,3.072,6.144,3.072,2.666450885517533e-05,0.9994779589125687,0.0,0.0
172,Device,ResourceApplyGradientDescent,SGD/SGD/update_45/ResourceApplyGradientDescent,2,6.144,3.072,6.144,3.072,2.666450885517533e-05,0.9995046234214239,0.0,0.0
173,Device,ResourceApplyGradientDescent,SGD/SGD/update_6/ResourceApplyGradientDescent,2,6.144,3.072,6.144,3.072,2.666450885517533e-05,0.999531287930279,0.0,0.0
174,Device,ResourceApplyGradientDescent,SGD/SGD/update_7/ResourceApplyGradientDescent,2,6.144,3.072,6.144,3.072,2.666450885517533e-05,0.9995579524391341,0.0,0.0
175,Device,Sum,categorical_crossentropy/weighted_loss/Sum,2,6.144,3.072,6.144,3.072,2.666450885517533e-05,0.9995846169479893,0.0,0.0
176,Device,DivNoNan,categorical_crossentropy/weighted_loss/value,2,6.144,3.072,6.144,3.072,2.666450885517533e-05,0.9996112814568444,0.0,0.0
177,Device,DivNoNan,div_no_nan_1,2,6.144,3.072,6.144,3.072,2.666450885517533e-05,0.9996379459656995,0.0,0.0
178,Device,Tile,gradient_tape/categorical_crossentropy/weighted_loss/Tile_1,2,6.144,3.072,6.144,3.072,2.666450885517533e-05,0.9996646104745547,0.0,0.0
179,Device,_Recv,gradient_tape/model/GAP/ones/_16,2,5.28,2.64,5.28,2.64,2.29148122974163e-05,0.9996875252868521,0.0,0.0
180,Device,AssignAddVariableOp,AssignAddVariableOp_1,2,5.12,2.56,5.12,2.56,2.222042404597944e-05,0.9997097457108981,0.0,0.0
181,Device,Cast,Cast_2,2,5.12,2.56,5.12,2.56,2.222042404597944e-05,0.9997319661349441,0.0,0.0
182,Device,Equal,Equal,2,5.12,2.56,5.12,2.56,2.222042404597944e-05,0.9997541865589901,0.0,0.0
183,Device,Mul,Mul,2,5.12,2.56,5.12,2.56,2.222042404597944e-05,0.999776406983036,0.0,0.0
184,Device,Sum,Sum_2,2,5.12,2.56,5.12,2.56,2.222042404597944e-05,0.999798627407082,0.0,0.0
185,Device,DivNoNan,div_no_nan,2,5.12,2.56,5.12,2.56,2.222042404597944e-05,0.999820847831128,0.0,0.0
186,Device,DivNoNan,gradient_tape/categorical_crossentropy/weighted_loss/value/div_no_nan,2,5.12,2.56,5.12,2.56,2.222042404597944e-05,0.999843068255174,0.0,0.0
187,Device,_Recv,categorical_crossentropy/weighted_loss/num_elements/_20,2,4.544,2.272,4.544,2.272,1.9720626340806752e-05,0.9998627888815148,0.0,0.0
188,Device,_Recv,gradient_tape/model/GAP/Shape-0-1-DataFormatVecPermuteNCHWToNHWC-LayoutOptimizer/_14,2,4.256,2.128,4.256,2.128,1.847072748822041e-05,0.999881259609003,0.0,0.0
189,Device,AssignAddVariableOp,AssignAddVariableOp,2,4.096,2.048,4.096,2.048,1.7776339236783552e-05,0.9998990359482398,0.0,0.0
190,Device,Cast,categorical_crossentropy/weighted_loss/num_elements/Cast,2,4.096,2.048,4.096,2.048,1.7776339236783552e-05,0.9999168122874766,0.0,0.0
191,Device,Cast,gradient_tape/model/GAP/Cast,2,4.096,2.048,4.096,2.048,1.7776339236783552e-05,0.9999345886267135,0.0,0.0
192,Device,_Recv,Size/_22,2,3.52,1.76,3.52,1.76,1.5276541531610865e-05,0.9999498651682451,0.0,0.0
193,Device,_Recv,gradient_tape/model/GAP/floordiv/_18,2,3.456,1.728,3.456,1.728,1.4998786231036122e-05,0.9999648639544761,0.0,0.0
194,Device,_Recv,strided_slice/_12,2,3.168,1.584,3.168,1.584,1.3748887378449778e-05,0.9999786128418546,0.0,0.0
195,Device,_HostRecv,gradient_tape/model/GAP/DynamicStitch/_24,2,2.88,1.44,2.88,1.44,1.2498988525863435e-05,0.9999911118303805,0.0,0.0
196,Device,LogicalAnd,LogicalAnd,1,2.048,2.048,2.048,2.048,8.888169618391776e-06,0.9999999999999989,0.0,0.0
197,Host,IDLE,IDLE,0,450256.797,0.0,450256.797,0.0,0.0,0.0,0.874259750298991,0.874259750298991
198,Host,GatherV2,GatherV2,1,47801.452,47801.452,47801.452,47801.452,0.0,0.0,0.09281566823176508,0.9670754185307561
199,Host,_Send,IteratorGetNext/_3,2,16272.722,8136.361,16272.722,8136.361,0.0,0.0,0.031596604353770354,0.9986720228845264
200,Host,GatherV2,GatherV2_1,1,210.482,210.482,210.482,210.482,0.0,0.0,0.0004086910891484714,0.9990807139736748
201,Host,_Send,IteratorGetNext/_6,2,103.001,51.5005,103.001,51.5005,0.0,0.0,0.0001999961558393673,0.9992807101295141
202,Host,IteratorGetNext,IteratorGetNext,2,49.591,24.7955,49.591,24.7955,0.0,0.0,9.629041819234826e-05,0.9993770005477065
203,Host,Dataset,Iterator::Root::ParallelMapV2::Zip[0]::FlatMap[1]::Concatenate,2,54.391,27.1955,47.82,23.91,0.0,0.0,9.285168272384291e-05,0.9994698522304304
204,Host,Dataset,Iterator::Root::ParallelMapV2,2,42.41,21.205,42.41,21.205,0.0,0.0,8.234713225257586e-05,0.9995521993626829
205,Host,Dataset,Iterator::Root,2,78.551,39.2755,36.141,18.0705,0.0,0.0,7.017466886914275e-05,0.9996223740315521
206,Host,LogicalAnd,LogicalAnd,1,33.66,33.66,33.66,33.66,0.0,0.0,6.535733250699608e-05,0.9996877313640591
207,Host,FlushSummaryWriter,FlushSummaryWriter,1,33.441,33.441,33.441,33.441,0.0,0.0,6.493210209050671e-05,0.9997526634661495
208,Host,Dataset,Iterator::Root::ParallelMapV2::Zip[0]::FlatMap,2,87.751,43.8755,32.6,16.3,0.0,0.0,6.329913962353156e-05,0.9998159626057731
209,Host,Dataset,Iterator::Root::ParallelMapV2::Zip[1]::ForeverRepeat,2,36.371,18.1855,32.441,16.2205,0.0,0.0,6.299041069101188e-05,0.9998789530164641
210,Host,WriteSummary,WriteSummary,1,23.02,23.02,23.02,23.02,0.0,0.0,4.4697736016371056e-05,0.9999236507524805
211,Host,Dataset,Iterator::Root::ParallelMapV2::Zip,2,137.612,68.806,13.49,6.745,0.0,0.0,2.6193416979185296e-05,0.9999498441694596
212,Host,ReadVariableOp,ReadVariableOp,1,6.15,6.15,6.15,6.15,0.0,0.0,1.1941402106893223e-05,0.9999617855715666
213,Host,Dataset,Iterator::Root::ParallelMapV2::Zip[0]::FlatMap[1]::Concatenate[1]::FromTensor,2,3.941,1.9705,3.941,1.9705,0.0,0.0,7.652205805409136e-06,0.999969437777372
214,Host,Dataset,Iterator::Root::ParallelMapV2::Zip[1]::ForeverRepeat::FromTensor,4,3.93,0.9825,3.93,0.9825,0.0,0.0,7.630847200014694e-06,0.999977068624572
215,Host,_HostSend,categorical_crossentropy/softmax_cross_entropy_with_logits/Shape_2/_9,2,3.25,1.625,3.25,1.625,0.0,0.0,6.310497048358207e-06,0.9999833791216204
216,Host,Identity,Identity,2,2.79,1.395,2.79,1.395,0.0,0.0,5.417319004590584e-06,0.999988796440625
217,Host,Dataset,Iterator::Root::ParallelMapV2::Zip[0]::FlatMap[1]::Concatenate[0]::TensorSlice,1,2.63,2.63,2.63,2.63,0.0,0.0,5.10664838067141e-06,0.9999939030890057
218,Host,_Send,IteratorGetNext/_1,2,2.38,1.19,2.38,1.19,0.0,0.0,4.6212255307977026e-06,0.9999985243145365
219,Host,Dataset,Iterator::Root::ParallelMapV2::Zip[0]::FlatMap::Prefetch,1,0.76,0.76,0.76,0.76,0.0,0.0,1.4756854636160731e-06,1.0000000000000002
