Rank,Host/device,Type,Operation,#Occurrences,Total time (us),Avg. time (us),Total self-time (us),Avg. self-time (us),Total self-time on Device (%),Cumulative total-self time on Device (%),Total self-time on Host (%),Cumulative total-self time on Host (%)
1,Device,IDLE,IDLE,0,6451.657,0.0,6451.657,0.0,0.6593971387470073,0.6593971387470073,0.0,0.0
2,Device,_Send,IteratorGetNext/_1,2,574.753,287.3765,574.753,287.3765,0.05874312346212124,0.7181402622091286,0.0,0.0
3,Device,Conv2DBackpropFilter,gradient_tape/sequential/conv2d/Conv2D/Conv2DBackpropFilter,2,239.617,119.8085,239.617,119.8085,0.024490261059312617,0.7426305232684413,0.0,0.0
4,Device,ReluGrad,gradient_tape/sequential/conv2d/ReluGrad,2,211.968,105.984,211.968,105.984,0.021664371293440683,0.7642948945618819,0.0,0.0
5,Device,Conv2DBackpropFilter,gradient_tape/sequential/conv2d_1/Conv2D/Conv2DBackpropFilter,2,185.344,92.672,185.344,92.672,0.01894324253194572,0.7832381370938276,0.0,0.0
6,Device,Conv2DBackpropFilter,gradient_tape/sequential/conv2d_2/Conv2D/Conv2DBackpropFilter,2,159.744,79.872,159.744,79.872,0.01632677256896979,0.7995649096627974,0.0,0.0
7,Device,MaxPoolGrad,gradient_tape/sequential/max_pooling2d/MaxPool/MaxPoolGrad,2,153.6,76.8,153.6,76.8,0.015698819777855567,0.815263729440653,0.0,0.0
8,Device,_FusedConv2D,sequential/conv2d/Relu,2,144.384,72.192,144.384,72.192,0.014756890591184233,0.8300206200318372,0.0,0.0
9,Device,Conv2DBackpropInput,gradient_tape/sequential/conv2d_1/Conv2D/Conv2DBackpropInput,2,130.048,65.024,130.048,65.024,0.013291667411917715,0.8433122874437549,0.0,0.0
10,Device,_FusedConv2D,sequential/conv2d_2/Relu,2,128.001,64.0005,128.001,64.0005,0.01308245202073757,0.8563947394644924,0.0,0.0
11,Device,Conv2DBackpropInput,gradient_tape/sequential/conv2d_2/Conv2D/Conv2DBackpropInput,2,123.904,61.952,123.904,61.952,0.012663714620803491,0.8690584540852959,0.0,0.0
12,Device,_FusedConv2D,sequential/conv2d_1/Relu,2,97.28,48.64,97.28,48.64,0.009942585859308527,0.8790010399446044,0.0,0.0
13,Device,ReluGrad,gradient_tape/sequential/conv2d_1/ReluGrad,2,96.256,48.128,96.256,48.128,0.00983792706078949,0.8888389670053939,0.0,0.0
14,Device,MaxPool,sequential/max_pooling2d/MaxPool,2,95.232,47.616,95.232,47.616,0.009733268262270453,0.8985722352676644,0.0,0.0
15,Device,MaxPoolGrad,gradient_tape/sequential/max_pooling2d_2/MaxPool/MaxPoolGrad,2,92.16,46.08,92.16,46.08,0.009419291866713341,0.9079915271343777,0.0,0.0
16,Device,MaxPoolGrad,gradient_tape/sequential/max_pooling2d_1/MaxPool/MaxPoolGrad,2,78.849,39.4245,78.849,39.4245,0.008058829691823787,0.9160503568262015,0.0,0.0
17,Device,BiasAddGrad,gradient_tape/sequential/conv2d/BiasAdd/BiasAddGrad,2,74.752,37.376,74.752,37.376,0.00764009229188971,0.9236904491180912,0.0,0.0
18,Device,BiasAddGrad,gradient_tape/sequential/conv2d_1/BiasAdd/BiasAddGrad,2,55.297,27.6485,55.297,27.6485,0.005651677325885934,0.9293421264439771,0.0,0.0
19,Device,MaxPool,sequential/max_pooling2d_1/MaxPool,2,41.984,20.992,41.984,20.992,0.004291010739280523,0.9336331371832576,0.0,0.0
20,Device,Transpose,gradient_tape/sequential/conv2d/Conv2D/Conv2DBackpropFilter-0-TransposeNHWCToNCHW-LayoutOptimizer,2,40.961,20.4805,40.961,20.4805,0.004186454146619414,0.937819591329877,0.0,0.0
21,Device,ReluGrad,gradient_tape/sequential/conv2d_2/ReluGrad,2,34.816,17.408,34.816,17.408,0.0035583991496472627,0.9413779904795243,0.0,0.0
22,Device,MatMul,sequential/dense/MatMul,2,27.648,13.824,27.648,13.824,0.0028257875600140024,0.9442037780395383,0.0,0.0
23,Device,MatMul,sequential/dense_1/MatMul,2,25.6,12.8,25.6,12.8,0.0026164699629759283,0.9468202480025142,0.0,0.0
24,Device,MatMul,gradient_tape/sequential/dense/MatMul/MatMul_1,2,21.504,10.752,21.504,10.752,0.00219783476889978,0.949018082771414,0.0,0.0
25,Device,BiasAddGrad,gradient_tape/sequential/conv2d_2/BiasAdd/BiasAddGrad,2,18.432,9.216,18.432,9.216,0.0018838583733426682,0.9509019411447567,0.0,0.0
26,Device,MatMul,gradient_tape/sequential/dense_1/MatMul/MatMul_1,2,18.432,9.216,18.432,9.216,0.0018838583733426682,0.9527857995180994,0.0,0.0
27,Device,MatMul,gradient_tape/sequential/dense/MatMul/MatMul,2,14.336,7.168,14.336,7.168,0.00146522317926652,0.954251022697366,0.0,0.0
28,Device,MaxPool,sequential/max_pooling2d_2/MaxPool,2,12.288,6.144,12.288,6.144,0.0012559055822284454,0.9555069282795944,0.0,0.0
29,Device,DynamicStitch,gradient_tape/categorical_crossentropy/DynamicStitch,2,11.264,5.632,11.264,5.632,0.0011512467837094082,0.9566581750633038,0.0,0.0
30,Device,Transpose,sequential/max_pooling2d_2/MaxPool-0-2-TransposeNCHWToNHWC-LayoutOptimizer,2,11.264,5.632,11.264,5.632,0.0011512467837094082,0.9578094218470131,0.0,0.0
31,Device,ArgMax,ArgMax,2,10.24,5.12,10.24,5.12,0.0010465879851903712,0.9588560098322035,0.0,0.0
32,Device,MatMul,gradient_tape/sequential/dense_1/MatMul/MatMul,2,10.24,5.12,10.24,5.12,0.0010465879851903712,0.959902597817394,0.0,0.0
33,Device,Transpose,gradient_tape/sequential/max_pooling2d_2/MaxPool/MaxPoolGrad-2-TransposeNHWCToNCHW-LayoutOptimizer,2,10.24,5.12,10.24,5.12,0.0010465879851903712,0.9609491858025844,0.0,0.0
34,Device,ArgMax,ArgMax_1,2,8.192,4.096,8.192,4.096,0.0008372703881522971,0.9617864561907367,0.0,0.0
35,Device,ResourceApplyGradientDescent,SGD/SGD/update_2/ResourceApplyGradientDescent,2,8.192,4.096,8.192,4.096,0.0008372703881522971,0.962623726578889,0.0,0.0
36,Device,ResourceApplyGradientDescent,SGD/SGD/update_4/ResourceApplyGradientDescent,2,7.168,3.584,7.168,3.584,0.00073261158963326,0.9633563381685222,0.0,0.0
37,Device,BroadcastTo,gradient_tape/categorical_crossentropy/BroadcastTo,2,7.168,3.584,7.168,3.584,0.00073261158963326,0.9640889497581554,0.0,0.0
38,Device,AssignAddVariableOp,AssignAddVariableOp_1,2,6.144,3.072,6.144,3.072,0.0006279527911142227,0.9647169025492697,0.0,0.0
39,Device,AssignAddVariableOp,AssignAddVariableOp_4,2,6.144,3.072,6.144,3.072,0.0006279527911142227,0.965344855340384,0.0,0.0
40,Device,Cast,Cast_1,2,6.144,3.072,6.144,3.072,0.0006279527911142227,0.9659728081314982,0.0,0.0
41,Device,Mul,Mul,2,6.144,3.072,6.144,3.072,0.0006279527911142227,0.9666007609226125,0.0,0.0
42,Device,AssignAddVariableOp,SGD/SGD/AssignAddVariableOp,2,6.144,3.072,6.144,3.072,0.0006279527911142227,0.9672287137137268,0.0,0.0
43,Device,ResourceApplyGradientDescent,SGD/SGD/update/ResourceApplyGradientDescent,2,6.144,3.072,6.144,3.072,0.0006279527911142227,0.967856666504841,0.0,0.0
44,Device,ResourceApplyGradientDescent,SGD/SGD/update_1/ResourceApplyGradientDescent,2,6.144,3.072,6.144,3.072,0.0006279527911142227,0.9684846192959553,0.0,0.0
45,Device,ResourceApplyGradientDescent,SGD/SGD/update_3/ResourceApplyGradientDescent,2,6.144,3.072,6.144,3.072,0.0006279527911142227,0.9691125720870696,0.0,0.0
46,Device,ResourceApplyGradientDescent,SGD/SGD/update_5/ResourceApplyGradientDescent,2,6.144,3.072,6.144,3.072,0.0006279527911142227,0.9697405248781839,0.0,0.0
47,Device,ResourceApplyGradientDescent,SGD/SGD/update_6/ResourceApplyGradientDescent,2,6.144,3.072,6.144,3.072,0.0006279527911142227,0.9703684776692981,0.0,0.0
48,Device,ResourceApplyGradientDescent,SGD/SGD/update_9/ResourceApplyGradientDescent,2,6.144,3.072,6.144,3.072,0.0006279527911142227,0.9709964304604124,0.0,0.0
49,Device,AddN,SGD/gradients/AddN,2,6.144,3.072,6.144,3.072,0.0006279527911142227,0.9716243832515267,0.0,0.0
50,Device,Neg,categorical_crossentropy/Neg,2,6.144,3.072,6.144,3.072,0.0006279527911142227,0.9722523360426409,0.0,0.0
51,Device,Sum,categorical_crossentropy/Sum_1,2,6.144,3.072,6.144,3.072,0.0006279527911142227,0.9728802888337552,0.0,0.0
52,Device,Minimum,categorical_crossentropy/clip_by_value/Minimum,2,6.144,3.072,6.144,3.072,0.0006279527911142227,0.9735082416248695,0.0,0.0
53,Device,Mul,categorical_crossentropy/mul,2,6.144,3.072,6.144,3.072,0.0006279527911142227,0.9741361944159838,0.0,0.0
54,Device,RealDiv,categorical_crossentropy/truediv,2,6.144,3.072,6.144,3.072,0.0006279527911142227,0.974764147207098,0.0,0.0
55,Device,Cast,categorical_crossentropy/weighted_loss/num_elements/Cast,2,6.144,3.072,6.144,3.072,0.0006279527911142227,0.9753920999982123,0.0,0.0
56,Device,DivNoNan,categorical_crossentropy/weighted_loss/value,2,6.144,3.072,6.144,3.072,0.0006279527911142227,0.9760200527893266,0.0,0.0
57,Device,BroadcastTo,gradient_tape/categorical_crossentropy/BroadcastTo_1,2,6.144,3.072,6.144,3.072,0.0006279527911142227,0.9766480055804408,0.0,0.0
58,Device,Neg,gradient_tape/categorical_crossentropy/Neg,2,6.144,3.072,6.144,3.072,0.0006279527911142227,0.9772759583715551,0.0,0.0
59,Device,Reciprocal,gradient_tape/categorical_crossentropy/Reciprocal,2,6.144,3.072,6.144,3.072,0.0006279527911142227,0.9779039111626694,0.0,0.0
60,Device,GreaterEqual,gradient_tape/categorical_crossentropy/clip_by_value/GreaterEqual,2,6.144,3.072,6.144,3.072,0.0006279527911142227,0.9785318639537837,0.0,0.0
61,Device,SelectV2,gradient_tape/categorical_crossentropy/clip_by_value/SelectV2_1,2,6.144,3.072,6.144,3.072,0.0006279527911142227,0.9791598167448979,0.0,0.0
62,Device,Mul,gradient_tape/categorical_crossentropy/mul/Mul,2,6.144,3.072,6.144,3.072,0.0006279527911142227,0.9797877695360122,0.0,0.0
63,Device,Neg,gradient_tape/categorical_crossentropy/truediv/Neg,2,6.144,3.072,6.144,3.072,0.0006279527911142227,0.9804157223271265,0.0,0.0
64,Device,RealDiv,gradient_tape/categorical_crossentropy/truediv/RealDiv,2,6.144,3.072,6.144,3.072,0.0006279527911142227,0.9810436751182408,0.0,0.0
65,Device,RealDiv,gradient_tape/categorical_crossentropy/truediv/RealDiv_1,2,6.144,3.072,6.144,3.072,0.0006279527911142227,0.981671627909355,0.0,0.0
66,Device,RealDiv,gradient_tape/categorical_crossentropy/truediv/RealDiv_2,2,6.144,3.072,6.144,3.072,0.0006279527911142227,0.9822995807004693,0.0,0.0
67,Device,Mul,gradient_tape/categorical_crossentropy/truediv/mul,2,6.144,3.072,6.144,3.072,0.0006279527911142227,0.9829275334915836,0.0,0.0
68,Device,DivNoNan,gradient_tape/categorical_crossentropy/weighted_loss/value/div_no_nan,2,6.144,3.072,6.144,3.072,0.0006279527911142227,0.9835554862826978,0.0,0.0
69,Device,BiasAddGrad,gradient_tape/sequential/dense/BiasAdd/BiasAddGrad,2,6.144,3.072,6.144,3.072,0.0006279527911142227,0.9841834390738121,0.0,0.0
70,Device,BiasAddGrad,gradient_tape/sequential/dense_1/BiasAdd/BiasAddGrad,2,6.144,3.072,6.144,3.072,0.0006279527911142227,0.9848113918649264,0.0,0.0
71,Device,BiasAdd,sequential/dense/BiasAdd,2,6.144,3.072,6.144,3.072,0.0006279527911142227,0.9854393446560407,0.0,0.0
72,Device,BiasAdd,sequential/dense_1/BiasAdd,2,6.144,3.072,6.144,3.072,0.0006279527911142227,0.9860672974471549,0.0,0.0
73,Device,AssignAddVariableOp,AssignAddVariableOp_2,2,5.12,2.56,5.12,2.56,0.0005232939925951856,0.9865905914397501,0.0,0.0
74,Device,AssignAddVariableOp,AssignAddVariableOp_3,2,5.12,2.56,5.12,2.56,0.0005232939925951856,0.9871138854323454,0.0,0.0
75,Device,Cast,Cast,2,5.12,2.56,5.12,2.56,0.0005232939925951856,0.9876371794249406,0.0,0.0
76,Device,Cast,Cast_2,2,5.12,2.56,5.12,2.56,0.0005232939925951856,0.9881604734175358,0.0,0.0
77,Device,Equal,Equal,2,5.12,2.56,5.12,2.56,0.0005232939925951856,0.988683767410131,0.0,0.0
78,Device,ResourceApplyGradientDescent,SGD/SGD/update_7/ResourceApplyGradientDescent,2,5.12,2.56,5.12,2.56,0.0005232939925951856,0.9892070614027262,0.0,0.0
79,Device,ResourceApplyGradientDescent,SGD/SGD/update_8/ResourceApplyGradientDescent,2,5.12,2.56,5.12,2.56,0.0005232939925951856,0.9897303553953214,0.0,0.0
80,Device,Maximum,categorical_crossentropy/clip_by_value,2,5.12,2.56,5.12,2.56,0.0005232939925951856,0.9902536493879166,0.0,0.0
81,Device,Sum,categorical_crossentropy/weighted_loss/Sum,2,5.12,2.56,5.12,2.56,0.0005232939925951856,0.9907769433805118,0.0,0.0
82,Device,DivNoNan,div_no_nan_1,2,5.12,2.56,5.12,2.56,0.0005232939925951856,0.991300237373107,0.0,0.0
83,Device,LessEqual,gradient_tape/categorical_crossentropy/clip_by_value/LessEqual,2,5.12,2.56,5.12,2.56,0.0005232939925951856,0.9918235313657022,0.0,0.0
84,Device,SelectV2,gradient_tape/categorical_crossentropy/clip_by_value/SelectV2,2,5.12,2.56,5.12,2.56,0.0005232939925951856,0.9923468253582974,0.0,0.0
85,Device,ZerosLike,gradient_tape/categorical_crossentropy/clip_by_value/zeros_like,2,5.12,2.56,5.12,2.56,0.0005232939925951856,0.9928701193508926,0.0,0.0
86,Device,ZerosLike,gradient_tape/categorical_crossentropy/clip_by_value/zeros_like_1,2,5.12,2.56,5.12,2.56,0.0005232939925951856,0.9933934133434879,0.0,0.0
87,Device,Mul,gradient_tape/categorical_crossentropy/mul,2,5.12,2.56,5.12,2.56,0.0005232939925951856,0.9939167073360831,0.0,0.0
88,Device,Sum,gradient_tape/categorical_crossentropy/truediv/Sum_1,2,5.12,2.56,5.12,2.56,0.0005232939925951856,0.9944400013286783,0.0,0.0
89,Device,Tile,gradient_tape/categorical_crossentropy/weighted_loss/Tile_1,2,5.12,2.56,5.12,2.56,0.0005232939925951856,0.9949632953212735,0.0,0.0
90,Device,ReluGrad,gradient_tape/sequential/dense/ReluGrad,2,5.12,2.56,5.12,2.56,0.0005232939925951856,0.9954865893138687,0.0,0.0
91,Device,Relu,sequential/dense/Relu,2,5.12,2.56,5.12,2.56,0.0005232939925951856,0.9960098833064639,0.0,0.0
92,Device,AssignAddVariableOp,AssignAddVariableOp,2,4.096,2.048,4.096,2.048,0.00041863519407614854,0.99642851850054,0.0,0.0
93,Device,Sum,Sum_2,2,4.096,2.048,4.096,2.048,0.00041863519407614854,0.9968471536946162,0.0,0.0
94,Device,Log,categorical_crossentropy/Log,2,4.096,2.048,4.096,2.048,0.00041863519407614854,0.9972657888886923,0.0,0.0
95,Device,Sum,categorical_crossentropy/Sum,2,4.096,2.048,4.096,2.048,0.00041863519407614854,0.9976844240827685,0.0,0.0
96,Device,DivNoNan,div_no_nan,2,4.096,2.048,4.096,2.048,0.00041863519407614854,0.9981030592768446,0.0,0.0
97,Device,_Recv,strided_slice/_12,2,3.168,1.584,3.168,1.584,0.0003237881579182711,0.9984268474347628,0.0,0.0
98,Device,_HostRecv,gradient_tape/categorical_crossentropy/DynamicStitch/_22,2,3.104,1.552,3.104,1.552,0.0003172469830108313,0.9987440944177737,0.0,0.0
99,Device,_Send,IteratorGetNext/_3,2,2.048,1.024,2.048,1.024,0.00020931759703807427,0.9989534120148118,0.0,0.0
100,Device,LogicalAnd,LogicalAnd,1,2.048,2.048,2.048,2.048,0.00020931759703807427,0.9991627296118499,0.0,0.0
101,Device,_Recv,Size/_14,2,2.048,1.024,2.048,1.024,0.00020931759703807427,0.9993720472088881,0.0,0.0
102,Device,_Recv,categorical_crossentropy/weighted_loss/num_elements/_20,2,2.048,1.024,2.048,1.024,0.00020931759703807427,0.9995813648059262,0.0,0.0
103,Device,_Recv,gradient_tape/categorical_crossentropy/Shape/_16,2,2.048,1.024,2.048,1.024,0.00020931759703807427,0.9997906824029643,0.0,0.0
104,Device,_Recv,gradient_tape/categorical_crossentropy/ones/_18,2,2.048,1.024,2.048,1.024,0.00020931759703807427,1.0000000000000024,0.0,0.0
105,Host,IDLE,IDLE,0,38254.449,0.0,38254.449,0.0,0.0,0.0,0.9311045485678235,0.9311045485678235
106,Host,GatherV2,GatherV2,2,822.981,411.4905,822.981,411.4905,0.0,0.0,0.02003116951141803,0.9511357180792416
107,Host,_Send,IteratorGetNext/_1,2,806.76,403.38,806.76,403.38,0.0,0.0,0.019636354077471548,0.9707720721567131
108,Host,_Send,IteratorGetNext/_3,2,403.244,201.622,403.244,201.622,0.0,0.0,0.009814866829808044,0.9805869389865212
109,Host,_Send,IteratorGetNext/_6,2,305.383,152.6915,305.383,152.6915,0.0,0.0,0.007432952448361957,0.9880198914348831
110,Host,GatherV2,GatherV2_1,2,67.1,33.55,67.1,33.55,0.0,0.0,0.0016331986694907291,0.9896530901043739
111,Host,Dataset,Iterator::Root::ParallelMapV2::Zip[1]::ForeverRepeat,2,71.01,35.505,65.4,32.7,0.0,0.0,0.001591821057894094,0.991244911162268
112,Host,Dataset,Iterator::Root::ParallelMapV2::Zip,2,201.662,100.831,55.241,27.6205,0.0,0.0,0.0013445533189469058,0.9925894644812149
113,Host,Dataset,Iterator::Root::ParallelMapV2,2,53.851,26.9255,53.851,26.9255,0.0,0.0,0.0013107210365237744,0.9939001855177386
114,Host,Dataset,Iterator::Root::ParallelMapV2::Zip[0]::FlatMap[1]::Concatenate,2,70.611,35.3055,46.691,23.3455,0.0,0.0,0.001136448272387357,0.995036633790126
115,Host,FlushSummaryWriter,FlushSummaryWriter,1,40.01,40.01,40.01,40.01,0.0,0.0,0.0009738342588125794,0.9960104680489386
116,Host,Dataset,Iterator::Root,2,83.861,41.9305,30.01,15.005,0.0,0.0,0.0007304365435382532,0.9967409045924768
117,Host,LogicalAnd,LogicalAnd,1,29.75,29.75,29.75,29.75,0.0,0.0,0.0007241082029411207,0.9974650127954179
118,Host,IteratorGetNext,IteratorGetNext,2,24.28,12.14,24.28,12.14,0.0,0.0,0.0005909696526860643,0.9980559824481039
119,Host,Dataset,Iterator::Root::ParallelMapV2::Zip[0]::FlatMap[1]::Concatenate[0]::TensorSlice,2,23.92,11.96,23.92,11.96,0.0,0.0,0.0005822073349361885,0.9986381897830401
120,Host,WriteSummary,WriteSummary,1,20.75,20.75,20.75,20.75,0.0,0.0,0.000505050259194227,0.9991432400422343
121,Host,_HostSend,gradient_tape/categorical_crossentropy/mul/Shape/_9,2,15.72,7.86,15.72,7.86,0.0,0.0,0.00038262120841124094,0.9995258612506456
122,Host,ReadVariableOp,ReadVariableOp,1,6.37,6.37,6.37,6.37,0.0,0.0,0.00015504434462974584,0.9996809055952753
123,Host,Dataset,Iterator::Root::ParallelMapV2::Zip[1]::ForeverRepeat::FromTensor,4,5.61,1.4025,5.61,1.4025,0.0,0.0,0.00013654611826889704,0.9998174517135442
124,Host,Dataset,Iterator::Root::ParallelMapV2::Zip[0]::FlatMap,2,75.411,37.7055,4.8,2.4,0.0,0.0,0.00011683090333167661,0.9999342826168759
125,Host,Identity,Identity,2,2.7,1.35,2.7,1.35,0.0,0.0,6.57173831240681e-05,1.0
