Rank,Host/device,Type,Operation,#Occurrences,Total time (us),Avg. time (us),Total self-time (us),Avg. self-time (us),Total self-time on Device (%),Cumulative total-self time on Device (%),Total self-time on Host (%),Cumulative total-self time on Host (%)
1,Device,IDLE,IDLE,0,4986.694,0.0,4986.694,0.0,0.10201992618271408,0.10201992618271408,0.0,0.0
2,Device,Conv2DBackpropFilter,gradient_tape/sequential/conv2d_1/Conv2D/Conv2DBackpropFilter,2,3954.692,1977.346,3954.692,1977.346,0.08090678632283631,0.18292671250555037,0.0,0.0
3,Device,Conv2DBackpropInput,gradient_tape/sequential/conv2d_1/Conv2D/Conv2DBackpropInput,2,2778.116,1389.058,2778.116,1389.058,0.05683588951859025,0.23976260202414063,0.0,0.0
4,Device,Conv2DBackpropFilter,gradient_tape/sequential/conv2d_3/Conv2D/Conv2DBackpropFilter,2,2653.188,1326.594,2653.188,1326.594,0.05428005887444924,0.2940426608985899,0.0,0.0
5,Device,_FusedConv2D,sequential/conv2d_1/Relu,2,2394.114,1197.057,2394.114,1197.057,0.04897981178572463,0.3430224726843145,0.0,0.0
6,Device,_Send,IteratorGetNext/_1,2,1997.346,998.673,1997.346,998.673,0.040862561745585196,0.38388503442989974,0.0,0.0
7,Device,Conv2DBackpropFilter,gradient_tape/sequential/conv2d_2/Conv2D/Conv2DBackpropFilter,2,1982.466,991.233,1982.466,991.233,0.04055814031896491,0.42444317474886467,0.0,0.0
8,Device,Conv2DBackpropFilter,gradient_tape/sequential/conv2d_5/Conv2D/Conv2DBackpropFilter,2,1974.274,987.137,1974.274,987.137,0.040390544866890095,0.46483371961575476,0.0,0.0
9,Device,ReluGrad,gradient_tape/sequential/conv2d_1/ReluGrad,2,1755.138,877.569,1755.138,877.569,0.03590736652388865,0.5007410861396434,0.0,0.0
10,Device,ReluGrad,gradient_tape/sequential/conv2d/ReluGrad,2,1740.802,870.401,1740.802,870.401,0.03561407448275772,0.5363551606224011,0.0,0.0
11,Device,Conv2DBackpropFilter,gradient_tape/sequential/conv2d/Conv2D/Conv2DBackpropFilter,2,1613.826,806.913,1613.826,806.913,0.033016344975598,0.5693715055979991,0.0,0.0
12,Device,Conv2DBackpropInput,gradient_tape/sequential/conv2d_3/Conv2D/Conv2DBackpropInput,2,1419.265,709.6325,1419.265,709.6325,0.029035932530391818,0.5984074381283909,0.0,0.0
13,Device,_FusedConv2D,sequential/conv2d_3/Relu,2,1414.146,707.073,1414.146,707.073,0.02893120583127426,0.6273386439596652,0.0,0.0
14,Device,MaxPoolGrad,gradient_tape/sequential/max_pooling2d/MaxPool/MaxPoolGrad,2,1298.434,649.217,1298.434,649.217,0.026563920070717423,0.6539025640303826,0.0,0.0
15,Device,Conv2DBackpropFilter,gradient_tape/sequential/conv2d_4/Conv2D/Conv2DBackpropFilter,4,1287.17,321.7925,1287.17,321.7925,0.02633347632411455,0.6802360403544971,0.0,0.0
16,Device,_FusedConv2D,sequential/conv2d_5/Relu,2,1217.537,608.7685,1217.537,608.7685,0.02490889452304937,0.7051449348775465,0.0,0.0
17,Device,Conv2DBackpropInput,gradient_tape/sequential/conv2d_5/Conv2D/Conv2DBackpropInput,2,1211.393,605.6965,1211.393,605.6965,0.02478319793399325,0.7299281328115397,0.0,0.0
18,Device,ReluGrad,gradient_tape/sequential/conv2d_3/ReluGrad,2,871.425,435.7125,871.425,435.7125,0.01782798667288821,0.7477561194844279,0.0,0.0
19,Device,_FusedConv2D,sequential/conv2d_2/Relu,2,863.233,431.6165,863.233,431.6165,0.01766039122081339,0.7654165107052413,0.0,0.0
20,Device,ReluGrad,gradient_tape/sequential/conv2d_2/ReluGrad,2,858.113,429.0565,858.113,429.0565,0.01755564406326663,0.7829721547685079,0.0,0.0
21,Device,Conv2DBackpropInput,gradient_tape/sequential/conv2d_2/Conv2D/Conv2DBackpropInput,2,852.993,426.4965,852.993,426.4965,0.017450896905719868,0.8004230516742278,0.0,0.0
22,Device,_FusedConv2D,sequential/conv2d/Relu,2,709.633,354.8165,709.633,354.8165,0.014517976494410513,0.8149410281686383,0.0,0.0
23,Device,_FusedConv2D,sequential/conv2d_4/Relu,2,678.913,339.4565,678.913,339.4565,0.013889493549129935,0.8288305217177683,0.0,0.0
24,Device,MaxPool,sequential/max_pooling2d/MaxPool,2,671.745,335.8725,671.745,335.8725,0.013742847528564467,0.8425733692463327,0.0,0.0
25,Device,MaxPoolGrad,gradient_tape/sequential/max_pooling2d_1/MaxPool/MaxPoolGrad,2,629.76,314.88,629.76,314.88,0.012883900378251805,0.8554572696245846,0.0,0.0
26,Device,Conv2DBackpropInput,gradient_tape/sequential/conv2d_4/Conv2D/Conv2DBackpropInput,2,616.449,308.2245,616.449,308.2245,0.01261157822705943,0.868068847851644,0.0,0.0
27,Device,BiasAddGrad,gradient_tape/sequential/conv2d_1/BiasAdd/BiasAddGrad,2,539.648,269.824,539.648,269.824,0.011040350405428783,0.8791091982570728,0.0,0.0
28,Device,BiasAddGrad,gradient_tape/sequential/conv2d/BiasAdd/BiasAddGrad,2,538.625,269.3125,538.625,269.3125,0.01101942143234864,0.8901286196894215,0.0,0.0
29,Device,MatMul,gradient_tape/sequential/dense/MatMul/MatMul_1,2,444.416,222.208,444.416,222.208,0.009092053275058997,0.8992206729644805,0.0,0.0
30,Device,ReluGrad,gradient_tape/sequential/conv2d_5/ReluGrad,2,437.248,218.624,437.248,218.624,0.00894540725449353,0.908166080218974,0.0,0.0
31,Device,ReluGrad,gradient_tape/sequential/conv2d_4/ReluGrad,2,436.225,218.1125,436.225,218.1125,0.008924478281413387,0.9170905585003875,0.0,0.0
32,Device,ResourceApplyGradientDescent,SGD/SGD/update_12/ResourceApplyGradientDescent,2,428.033,214.0165,428.033,214.0165,0.008756882829338565,0.9258474413297261,0.0,0.0
33,Device,MatMul,gradient_tape/sequential/dense/MatMul/MatMul,2,346.113,173.0565,346.113,173.0565,0.0070809283085903636,0.9329283696383165,0.0,0.0
34,Device,MatMul,sequential/dense/MatMul,2,344.064,172.032,344.064,172.032,0.0070390089871424505,0.939967378625459,0.0,0.0
35,Device,MaxPool,sequential/max_pooling2d_1/MaxPool,2,343.04,171.52,343.04,171.52,0.007018059555633098,0.946985438181092,0.0,0.0
36,Device,MaxPoolGrad,gradient_tape/sequential/max_pooling2d_2/MaxPool/MaxPoolGrad,2,327.68,163.84,327.68,163.84,0.00670381808299281,0.9536892562640849,0.0,0.0
37,Device,BiasAddGrad,gradient_tape/sequential/conv2d_2/BiasAdd/BiasAddGrad,2,309.248,154.624,309.248,154.624,0.006326728315824464,0.9600159845799093,0.0,0.0
38,Device,BiasAddGrad,gradient_tape/sequential/conv2d_3/BiasAdd/BiasAddGrad,2,309.248,154.624,309.248,154.624,0.006326728315824464,0.9663427128957338,0.0,0.0
39,Device,MaxPool,sequential/max_pooling2d_2/MaxPool,2,190.465,95.2325,190.465,95.2325,0.003896614719168779,0.9702393276149026,0.0,0.0
40,Device,BiasAddGrad,gradient_tape/sequential/conv2d_4/BiasAdd/BiasAddGrad,2,167.936,83.968,167.936,83.968,0.003435706767533815,0.9736750343824364,0.0,0.0
41,Device,BiasAddGrad,gradient_tape/sequential/conv2d_5/BiasAdd/BiasAddGrad,2,166.913,83.4565,166.913,83.4565,0.003414777794453671,0.9770898121768901,0.0,0.0
42,Device,SoftmaxCrossEntropyWithLogits,categorical_crossentropy/softmax_cross_entropy_with_logits,2,140.289,70.1445,140.289,70.1445,0.0028700925752105045,0.9799599047521006,0.0,0.0
43,Device,Transpose,gradient_tape/sequential/conv2d/Conv2D/Conv2DBackpropFilter-0-TransposeNHWCToNCHW-LayoutOptimizer,2,128.0,64.0,128.0,64.0,0.0026186789386690662,0.9825785836907697,0.0,0.0
44,Device,Transpose,gradient_tape/sequential/max_pooling2d_2/MaxPool/MaxPoolGrad-2-TransposeNHWCToNCHW-LayoutOptimizer,2,75.776,37.888,75.776,37.888,0.0015502579316920872,0.9841288416224617,0.0,0.0
45,Device,Transpose,sequential/max_pooling2d_2/MaxPool-0-2-TransposeNCHWToNHWC-LayoutOptimizer,2,67.584,33.792,67.584,33.792,0.0013826624796172671,0.985511504102079,0.0,0.0
46,Device,MatMul,gradient_tape/sequential/dense_1/MatMul/MatMul_1,2,63.488,31.744,63.488,31.744,0.0012988647535798568,0.9868103688556589,0.0,0.0
47,Device,MatMul,gradient_tape/sequential/dense_1/MatMul/MatMul,2,54.272,27.136,54.272,27.136,0.001110319869995684,0.9879206887256545,0.0,0.0
48,Device,MatMul,sequential/dense_1/MatMul,2,53.248,26.624,53.248,26.624,0.0010893704384863315,0.9890100591641409,0.0,0.0
49,Device,ResourceApplyGradientDescent,SGD/SGD/update_14/ResourceApplyGradientDescent,2,43.008,21.504,43.008,21.504,0.0008798761233928063,0.9898899352875337,0.0,0.0
50,Device,ArgMax,ArgMax,2,30.72,15.36,30.72,15.36,0.0006284829452805759,0.9905184182328143,0.0,0.0
51,Device,MatMul,sequential/dense_2/MatMul,2,26.624,13.312,26.624,13.312,0.0005446852192431658,0.9910631034520574,0.0,0.0
52,Device,ArgMax,ArgMax_1,2,22.528,11.264,22.528,11.264,0.00046088749320575564,0.9915239909452631,0.0,0.0
53,Device,MatMul,gradient_tape/sequential/dense_2/MatMul/MatMul_1,2,21.504,10.752,21.504,10.752,0.00043993806169640316,0.9919639290069595,0.0,0.0
54,Device,Softmax,sequential/dense_2/Softmax,2,20.48,10.24,20.48,10.24,0.0004189886301870506,0.9923829176371466,0.0,0.0
55,Device,_Send,IteratorGetNext/_3,2,20.224,10.112,20.224,10.112,0.00041375127230971245,0.9927966689094563,0.0,0.0
56,Device,ReluGrad,gradient_tape/sequential/dense/ReluGrad,2,17.408,8.704,17.408,8.704,0.000356140335658993,0.9931528092451153,0.0,0.0
57,Device,MatMul,gradient_tape/sequential/dense_2/MatMul/MatMul,2,15.36,7.68,15.36,7.68,0.00031424147264028795,0.9934670507177555,0.0,0.0
58,Device,ResourceApplyGradientDescent,SGD/SGD/update_10/ResourceApplyGradientDescent,2,14.336,7.168,14.336,7.168,0.0002932920411309354,0.9937603427588865,0.0,0.0
59,Device,ResourceApplyGradientDescent,SGD/SGD/update_8/ResourceApplyGradientDescent,2,10.24,5.12,10.24,5.12,0.0002094943150935253,0.99396983707398,0.0,0.0
60,Device,BiasAddGrad,gradient_tape/sequential/dense/BiasAdd/BiasAddGrad,2,10.24,5.12,10.24,5.12,0.0002094943150935253,0.9941793313890736,0.0,0.0
61,Device,BiasAddGrad,gradient_tape/sequential/dense_1/BiasAdd/BiasAddGrad,2,10.24,5.12,10.24,5.12,0.0002094943150935253,0.9943888257041671,0.0,0.0
62,Device,ResourceApplyGradientDescent,SGD/SGD/update_4/ResourceApplyGradientDescent,2,9.216,4.608,9.216,4.608,0.00018854488358417275,0.9945773705877513,0.0,0.0
63,Device,ResourceApplyGradientDescent,SGD/SGD/update_6/ResourceApplyGradientDescent,2,9.216,4.608,9.216,4.608,0.00018854488358417275,0.9947659154713355,0.0,0.0
64,Device,ResourceApplyGradientDescent,SGD/SGD/update_2/ResourceApplyGradientDescent,2,8.192,4.096,8.192,4.096,0.00016759545207482024,0.9949335109234103,0.0,0.0
65,Device,ReluGrad,gradient_tape/sequential/dense_1/ReluGrad,2,8.192,4.096,8.192,4.096,0.00016759545207482024,0.9951011063754851,0.0,0.0
66,Device,BiasAdd,sequential/dense/BiasAdd,2,8.192,4.096,8.192,4.096,0.00016759545207482024,0.9952687018275599,0.0,0.0
67,Device,BiasAdd,sequential/dense_1/BiasAdd,2,8.192,4.096,8.192,4.096,0.00016759545207482024,0.9954362972796347,0.0,0.0
68,Device,AssignAddVariableOp,AssignAddVariableOp_2,2,7.168,3.584,7.168,3.584,0.0001466460205654677,0.9955829433002001,0.0,0.0
69,Device,ResourceApplyGradientDescent,SGD/SGD/update_16/ResourceApplyGradientDescent,2,7.168,3.584,7.168,3.584,0.0001466460205654677,0.9957295893207656,0.0,0.0
70,Device,ResourceApplyGradientDescent,SGD/SGD/update_9/ResourceApplyGradientDescent,2,7.168,3.584,7.168,3.584,0.0001466460205654677,0.9958762353413311,0.0,0.0
71,Device,Relu,sequential/dense/Relu,2,7.168,3.584,7.168,3.584,0.0001466460205654677,0.9960228813618965,0.0,0.0
72,Device,Relu,sequential/dense_1/Relu,2,7.168,3.584,7.168,3.584,0.0001466460205654677,0.996169527382462,0.0,0.0
73,Device,_Recv,categorical_crossentropy/weighted_loss/num_elements/_14,2,6.272,3.136,6.272,3.136,0.00012831526799478426,0.9962978426504568,0.0,0.0
74,Device,AssignAddVariableOp,AssignAddVariableOp_3,2,6.144,3.072,6.144,3.072,0.00012569658905611518,0.996423539239513,0.0,0.0
75,Device,AssignAddVariableOp,AssignAddVariableOp_4,2,6.144,3.072,6.144,3.072,0.00012569658905611518,0.9965492358285691,0.0,0.0
76,Device,Cast,Cast_1,2,6.144,3.072,6.144,3.072,0.00012569658905611518,0.9966749324176253,0.0,0.0
77,Device,Cast,Cast_2,2,6.144,3.072,6.144,3.072,0.00012569658905611518,0.9968006290066814,0.0,0.0
78,Device,Equal,Equal,2,6.144,3.072,6.144,3.072,0.00012569658905611518,0.9969263255957376,0.0,0.0
79,Device,AssignAddVariableOp,SGD/SGD/AssignAddVariableOp,2,6.144,3.072,6.144,3.072,0.00012569658905611518,0.9970520221847937,0.0,0.0
80,Device,ResourceApplyGradientDescent,SGD/SGD/update/ResourceApplyGradientDescent,2,6.144,3.072,6.144,3.072,0.00012569658905611518,0.9971777187738499,0.0,0.0
81,Device,ResourceApplyGradientDescent,SGD/SGD/update_1/ResourceApplyGradientDescent,2,6.144,3.072,6.144,3.072,0.00012569658905611518,0.997303415362906,0.0,0.0
82,Device,ResourceApplyGradientDescent,SGD/SGD/update_11/ResourceApplyGradientDescent,2,6.144,3.072,6.144,3.072,0.00012569658905611518,0.9974291119519622,0.0,0.0
83,Device,ResourceApplyGradientDescent,SGD/SGD/update_13/ResourceApplyGradientDescent,2,6.144,3.072,6.144,3.072,0.00012569658905611518,0.9975548085410183,0.0,0.0
84,Device,ResourceApplyGradientDescent,SGD/SGD/update_15/ResourceApplyGradientDescent,2,6.144,3.072,6.144,3.072,0.00012569658905611518,0.9976805051300744,0.0,0.0
85,Device,ResourceApplyGradientDescent,SGD/SGD/update_3/ResourceApplyGradientDescent,2,6.144,3.072,6.144,3.072,0.00012569658905611518,0.9978062017191306,0.0,0.0
86,Device,ResourceApplyGradientDescent,SGD/SGD/update_5/ResourceApplyGradientDescent,2,6.144,3.072,6.144,3.072,0.00012569658905611518,0.9979318983081867,0.0,0.0
87,Device,ResourceApplyGradientDescent,SGD/SGD/update_7/ResourceApplyGradientDescent,2,6.144,3.072,6.144,3.072,0.00012569658905611518,0.9980575948972429,0.0,0.0
88,Device,DivNoNan,categorical_crossentropy/weighted_loss/value,2,6.144,3.072,6.144,3.072,0.00012569658905611518,0.998183291486299,0.0,0.0
89,Device,DivNoNan,div_no_nan_1,2,6.144,3.072,6.144,3.072,0.00012569658905611518,0.9983089880753552,0.0,0.0
90,Device,Tile,gradient_tape/categorical_crossentropy/weighted_loss/Tile_1,2,6.144,3.072,6.144,3.072,0.00012569658905611518,0.9984346846644113,0.0,0.0
91,Device,BiasAddGrad,gradient_tape/sequential/dense_2/BiasAdd/BiasAddGrad,2,6.144,3.072,6.144,3.072,0.00012569658905611518,0.9985603812534675,0.0,0.0
92,Device,BiasAdd,sequential/dense_2/BiasAdd,2,6.144,3.072,6.144,3.072,0.00012569658905611518,0.9986860778425236,0.0,0.0
93,Device,AssignAddVariableOp,AssignAddVariableOp,2,5.12,2.56,5.12,2.56,0.00010474715754676266,0.9987908250000703,0.0,0.0
94,Device,AssignAddVariableOp,AssignAddVariableOp_1,2,5.12,2.56,5.12,2.56,0.00010474715754676266,0.998895572157617,0.0,0.0
95,Device,Cast,Cast,2,5.12,2.56,5.12,2.56,0.00010474715754676266,0.9990003193151638,0.0,0.0
96,Device,Mul,Mul,2,5.12,2.56,5.12,2.56,0.00010474715754676266,0.9991050664727105,0.0,0.0
97,Device,ResourceApplyGradientDescent,SGD/SGD/update_17/ResourceApplyGradientDescent,2,5.12,2.56,5.12,2.56,0.00010474715754676266,0.9992098136302572,0.0,0.0
98,Device,Sum,Sum_2,2,5.12,2.56,5.12,2.56,0.00010474715754676266,0.9993145607878039,0.0,0.0
99,Device,Cast,categorical_crossentropy/weighted_loss/num_elements/Cast,2,5.12,2.56,5.12,2.56,0.00010474715754676266,0.9994193079453506,0.0,0.0
100,Device,Mul,gradient_tape/categorical_crossentropy/softmax_cross_entropy_with_logits/mul,2,5.12,2.56,5.12,2.56,0.00010474715754676266,0.9995240551028973,0.0,0.0
101,Device,DivNoNan,gradient_tape/categorical_crossentropy/weighted_loss/value/div_no_nan,2,5.12,2.56,5.12,2.56,0.00010474715754676266,0.999628802260444,0.0,0.0
102,Device,Sum,categorical_crossentropy/weighted_loss/Sum,2,4.096,2.048,4.096,2.048,8.379772603741012e-05,0.9997125999864814,0.0,0.0
103,Device,DivNoNan,div_no_nan,2,4.096,2.048,4.096,2.048,8.379772603741012e-05,0.9997963977125188,0.0,0.0
104,Device,_Recv,Size/_16,2,3.808,1.904,3.808,1.904,7.790569842540472e-05,0.9998743034109442,0.0,0.0
105,Device,LogicalAnd,LogicalAnd,1,3.072,3.072,3.072,3.072,6.284829452805759e-05,0.9999371517054723,0.0,0.0
106,Device,_Recv,strided_slice/_12,2,3.072,1.536,3.072,1.536,6.284829452805759e-05,1.0000000000000002,0.0,0.0
107,Host,IDLE,IDLE,0,222334.284,0.0,222334.284,0.0,0.0,0.0,0.943210809641768,0.943210809641768
108,Host,GatherV2,GatherV2,2,7036.728,3518.364,7036.728,3518.364,0.0,0.0,0.029851976918273647,0.9730627865600416
109,Host,_Send,IteratorGetNext/_1,2,2669.649,1334.8245,2669.649,1334.8245,0.0,0.0,0.011325476887538117,0.9843882634475798
110,Host,_Send,IteratorGetNext/_3,2,1785.829,892.9145,1785.829,892.9145,0.0,0.0,0.007576039046554551,0.9919643024941344
111,Host,_Send,IteratorGetNext/_6,2,1335.405,667.7025,1335.405,667.7025,0.0,0.0,0.0056652011043409976,0.9976295035984754
112,Host,GatherV2,GatherV2_1,2,113.301,56.6505,113.301,56.6505,0.0,0.0,0.00048065789054477063,0.9981101614890201
113,Host,Dataset,Iterator::Root::ParallelMapV2::Zip[1]::ForeverRepeat,2,86.011,43.0055,80.891,40.4455,0.0,0.0,0.0003431646448315288,0.9984533261338516
114,Host,Dataset,Iterator::Root::ParallelMapV2,2,63.632,31.816,63.632,31.816,0.0,0.0,0.0002699466279304229,0.9987232727617821
115,Host,_HostSend,categorical_crossentropy/softmax_cross_entropy_with_logits/Shape_2/_9,2,50.09,25.045,50.09,25.045,0.0,0.0,0.00021249727484653764,0.9989357700366286
116,Host,IteratorGetNext,IteratorGetNext,2,49.3,24.65,49.3,24.65,0.0,0.0,0.00020914585046784398,0.9991449158870964
117,Host,FlushSummaryWriter,FlushSummaryWriter,1,37.941,37.941,37.941,37.941,0.0,0.0,0.0001609574586734375,0.9993058733457698
118,Host,Dataset,Iterator::Root,2,100.002,50.001,36.37,18.185,0.0,0.0,0.00015429279070011125,0.9994601661364699
119,Host,LogicalAnd,LogicalAnd,1,31.05,31.05,31.05,31.05,0.0,0.0,0.00013172370501068065,0.9995918898414806
120,Host,Dataset,Iterator::Root::ParallelMapV2::Zip[0]::FlatMap[1]::Concatenate[0]::TensorSlice,2,26.29,13.145,26.29,13.145,0.0,0.0,0.0001115303125517164,0.9997034201540324
121,Host,WriteSummary,WriteSummary,1,21.76,21.76,21.76,21.76,0.0,0.0,9.231265124097942e-05,0.9997957328052733
122,Host,Dataset,Iterator::Root::ParallelMapV2::Zip[0]::FlatMap[1]::Concatenate,2,43.83,21.915,17.54,8.77,0.0,0.0,7.441010582567918e-05,0.999870142911099
123,Host,Dataset,Iterator::Root::ParallelMapV2::Zip,2,146.701,73.3505,12.43,6.215,0.0,0.0,5.273190509767344e-05,0.9999228748161967
124,Host,ReadVariableOp,ReadVariableOp,1,6.12,6.12,6.12,6.12,0.0,0.0,2.596293316152546e-05,0.9999488377493582
125,Host,Dataset,Iterator::Root::ParallelMapV2::Zip[1]::ForeverRepeat::FromTensor,4,5.12,1.28,5.12,1.28,0.0,0.0,2.172062382140692e-05,0.9999705583731796
126,Host,Dataset,Iterator::Root::ParallelMapV2::Zip[0]::FlatMap,2,48.26,24.13,4.43,2.215,0.0,0.0,1.8793430376725128e-05,0.9999893518035563
127,Host,Identity,Identity,2,2.51,1.255,2.51,1.255,0.0,0.0,1.0648196443697533e-05,1.0
