Rank,Host/device,Type,Operation,#Occurrences,Total time (us),Avg. time (us),Total self-time (us),Avg. self-time (us),Total self-time on Device (%),Cumulative total-self time on Device (%),Total self-time on Host (%),Cumulative total-self time on Host (%)
1,Device,IDLE,IDLE,0,3952.583,0.0,3952.583,0.0,0.30808339285719855,0.30808339285719855,0.0,0.0
2,Device,_Send,IteratorGetNext/_1,2,1156.482,578.241,1156.482,578.241,0.09014178787346873,0.39822518073066726,0.0,0.0
3,Device,Conv2DBackpropFilter,gradient_tape/sequential/conv2d_1/Conv2D/Conv2DBackpropFilter,2,858.113,429.0565,858.113,429.0565,0.06688546818494874,0.465110648915616,0.0,0.0
4,Device,Conv2DBackpropFilter,gradient_tape/sequential/conv2d/Conv2D/Conv2DBackpropFilter,2,848.896,424.448,848.896,424.448,0.06616705072680432,0.5312776996424203,0.0,0.0
5,Device,ReluGrad,gradient_tape/sequential/conv2d/ReluGrad,2,822.274,411.137,822.274,411.137,0.06409200357797928,0.5953697032203996,0.0,0.0
6,Device,_FusedConv2D,sequential/conv2d/Relu,2,796.673,398.3365,796.673,398.3365,0.0620965380961571,0.6574662413165567,0.0,0.0
7,Device,MaxPoolGrad,gradient_tape/sequential/max_pooling2d/MaxPool/MaxPoolGrad,2,647.17,323.585,647.17,323.585,0.05044355282492314,0.7079097941414799,0.0,0.0
8,Device,Conv2DBackpropInput,gradient_tape/sequential/conv2d_1/Conv2D/Conv2DBackpropInput,2,534.529,267.2645,534.529,267.2645,0.041663769717312824,0.7495735638587927,0.0,0.0
9,Device,_FusedConv2D,sequential/conv2d_1/Relu,2,447.489,223.7445,447.489,223.7445,0.03487945209152468,0.7844530159503174,0.0,0.0
10,Device,ReluGrad,gradient_tape/sequential/conv2d_1/ReluGrad,2,354.304,177.152,354.304,177.152,0.027616163512031718,0.812069179462349,0.0,0.0
11,Device,MaxPool,sequential/max_pooling2d/MaxPool,2,344.065,172.0325,344.065,172.0325,0.02681808644205878,0.8388872659044078,0.0,0.0
12,Device,BiasAddGrad,gradient_tape/sequential/conv2d/BiasAdd/BiasAddGrad,2,266.24,133.12,266.24,133.12,0.020752030384763722,0.8596392962891715,0.0,0.0
13,Device,MaxPoolGrad,gradient_tape/sequential/max_pooling2d_1/MaxPool/MaxPoolGrad,2,264.192,132.096,264.192,132.096,0.020592399381804,0.8802316956709755,0.0,0.0
14,Device,MaxPool,sequential/max_pooling2d_1/MaxPool,2,156.672,78.336,156.672,78.336,0.01221177172641865,0.8924434673973941,0.0,0.0
15,Device,BiasAddGrad,gradient_tape/sequential/conv2d_1/BiasAdd/BiasAddGrad,2,132.096,66.048,132.096,66.048,0.010296199690902,0.9027396670882961,0.0,0.0
16,Device,SoftmaxCrossEntropyWithLogits,categorical_crossentropy/softmax_cross_entropy_with_logits,2,128.0,64.0,128.0,64.0,0.009976937684982558,0.9127166047732787,0.0,0.0
17,Device,MatMul,sequential/dense/MatMul,2,83.968,41.984,83.968,41.984,0.006544871121348558,0.9192614758946273,0.0,0.0
18,Device,Mul,gradient_tape/sequential/dropout/dropout/Mul_1,2,82.946,41.473,82.946,41.473,0.006465211509520025,0.9257266874041473,0.0,0.0
19,Device,Mul,sequential/dropout/dropout/Mul_1,2,82.944,41.472,82.944,41.472,0.006465055619868698,0.932191743024016,0.0,0.0
20,Device,ResourceApplyGradientDescent,SGD/SGD/update_4/ResourceApplyGradientDescent,2,72.704,36.352,72.704,36.352,0.005666900605070092,0.9378586436290861,0.0,0.0
21,Device,MatMul,gradient_tape/sequential/dense/MatMul/MatMul_1,2,72.704,36.352,72.704,36.352,0.005666900605070092,0.9435255442341562,0.0,0.0
22,Device,MatMul,gradient_tape/sequential/dense/MatMul/MatMul,2,68.608,34.304,68.608,34.304,0.005347638599150651,0.9488731828333069,0.0,0.0
23,Device,Transpose,gradient_tape/sequential/conv2d/Conv2D/Conv2DBackpropFilter-0-TransposeNHWCToNCHW-LayoutOptimizer,2,67.584,33.792,67.584,33.792,0.00526782309767079,0.9541410059309777,0.0,0.0
24,Device,Transpose,gradient_tape/sequential/max_pooling2d_1/MaxPool/MaxPoolGrad-2-TransposeNHWCToNCHW-LayoutOptimizer,2,61.44,30.72,61.44,30.72,0.004788930088791627,0.9589299360197694,0.0,0.0
25,Device,Mul,sequential/dropout/dropout/Mul,2,60.416,30.208,60.416,30.208,0.004709114587311767,0.9636390506070811,0.0,0.0
26,Device,Mul,gradient_tape/sequential/dropout/dropout/Mul,2,55.296,27.648,55.296,27.648,0.004310037079912465,0.9679490876869936,0.0,0.0
27,Device,Transpose,sequential/max_pooling2d_1/MaxPool-0-2-TransposeNCHWToNHWC-LayoutOptimizer,2,53.248,26.624,53.248,26.624,0.004150406076952744,0.9720994937639463,0.0,0.0
28,Device,RandomUniform,sequential/dropout/dropout/random_uniform/RandomUniform,2,39.936,19.968,39.936,19.968,0.003112804557714558,0.9752122983216609,0.0,0.0
29,Device,Cast,sequential/dropout/dropout/Cast,2,33.792,16.896,33.792,16.896,0.002633911548835395,0.9778462098704963,0.0,0.0
30,Device,GreaterEqual,sequential/dropout/dropout/GreaterEqual,2,32.768,16.384,32.768,16.384,0.002554096047355535,0.9804003059178519,0.0,0.0
31,Device,ArgMax,ArgMax,2,27.648,13.824,27.648,13.824,0.0021550185399562324,0.9825553244578081,0.0,0.0
32,Device,ArgMax,ArgMax_1,2,20.48,10.24,20.48,10.24,0.0015963100295972093,0.9841516344874054,0.0,0.0
33,Device,Softmax,sequential/dense/Softmax,2,19.456,9.728,19.456,9.728,0.0015164945281173486,0.9856681290155227,0.0,0.0
34,Device,_Send,IteratorGetNext/_3,2,10.24,5.12,10.24,5.12,0.0007981550147986047,0.9864662840303213,0.0,0.0
35,Device,ResourceApplyGradientDescent,SGD/SGD/update_2/ResourceApplyGradientDescent,2,8.192,4.096,8.192,4.096,0.0006385240118388837,0.9871048080421602,0.0,0.0
36,Device,ResourceApplyGradientDescent,SGD/SGD/update_1/ResourceApplyGradientDescent,2,7.168,3.584,7.168,3.584,0.0005587085103590233,0.9876635165525192,0.0,0.0
37,Device,BiasAddGrad,gradient_tape/sequential/dense/BiasAdd/BiasAddGrad,2,7.168,3.584,7.168,3.584,0.0005587085103590233,0.9882222250628782,0.0,0.0
38,Device,AssignAddVariableOp,AssignAddVariableOp,2,6.144,3.072,6.144,3.072,0.0004788930088791628,0.9887011180717573,0.0,0.0
39,Device,AssignAddVariableOp,AssignAddVariableOp_2,2,6.144,3.072,6.144,3.072,0.0004788930088791628,0.9891800110806365,0.0,0.0
40,Device,AssignAddVariableOp,AssignAddVariableOp_4,2,6.144,3.072,6.144,3.072,0.0004788930088791628,0.9896589040895156,0.0,0.0
41,Device,Cast,Cast,2,6.144,3.072,6.144,3.072,0.0004788930088791628,0.9901377970983948,0.0,0.0
42,Device,Cast,Cast_1,2,6.144,3.072,6.144,3.072,0.0004788930088791628,0.9906166901072739,0.0,0.0
43,Device,Equal,Equal,2,6.144,3.072,6.144,3.072,0.0004788930088791628,0.9910955831161531,0.0,0.0
44,Device,Mul,Mul,2,6.144,3.072,6.144,3.072,0.0004788930088791628,0.9915744761250322,0.0,0.0
45,Device,AssignAddVariableOp,SGD/SGD/AssignAddVariableOp,2,6.144,3.072,6.144,3.072,0.0004788930088791628,0.9920533691339114,0.0,0.0
46,Device,ResourceApplyGradientDescent,SGD/SGD/update/ResourceApplyGradientDescent,2,6.144,3.072,6.144,3.072,0.0004788930088791628,0.9925322621427906,0.0,0.0
47,Device,ResourceApplyGradientDescent,SGD/SGD/update_3/ResourceApplyGradientDescent,2,6.144,3.072,6.144,3.072,0.0004788930088791628,0.9930111551516697,0.0,0.0
48,Device,ResourceApplyGradientDescent,SGD/SGD/update_5/ResourceApplyGradientDescent,2,6.144,3.072,6.144,3.072,0.0004788930088791628,0.9934900481605489,0.0,0.0
49,Device,Sum,categorical_crossentropy/weighted_loss/Sum,2,6.144,3.072,6.144,3.072,0.0004788930088791628,0.993968941169428,0.0,0.0
50,Device,Cast,categorical_crossentropy/weighted_loss/num_elements/Cast,2,6.144,3.072,6.144,3.072,0.0004788930088791628,0.9944478341783072,0.0,0.0
51,Device,Mul,gradient_tape/categorical_crossentropy/softmax_cross_entropy_with_logits/mul,2,6.144,3.072,6.144,3.072,0.0004788930088791628,0.9949267271871863,0.0,0.0
52,Device,Tile,gradient_tape/categorical_crossentropy/weighted_loss/Tile_1,2,6.144,3.072,6.144,3.072,0.0004788930088791628,0.9954056201960655,0.0,0.0
53,Device,BiasAdd,sequential/dense/BiasAdd,2,6.144,3.072,6.144,3.072,0.0004788930088791628,0.9958845132049446,0.0,0.0
54,Device,AssignAddVariableOp,AssignAddVariableOp_1,2,5.12,2.56,5.12,2.56,0.00039907750739930233,0.996283590712344,0.0,0.0
55,Device,AssignAddVariableOp,AssignAddVariableOp_3,2,5.12,2.56,5.12,2.56,0.00039907750739930233,0.9966826682197433,0.0,0.0
56,Device,Sum,Sum_2,2,5.12,2.56,5.12,2.56,0.00039907750739930233,0.9970817457271426,0.0,0.0
57,Device,DivNoNan,div_no_nan,2,5.12,2.56,5.12,2.56,0.00039907750739930233,0.9974808232345419,0.0,0.0
58,Device,DivNoNan,gradient_tape/categorical_crossentropy/weighted_loss/value/div_no_nan,2,5.12,2.56,5.12,2.56,0.00039907750739930233,0.9978799007419412,0.0,0.0
59,Device,_Recv,categorical_crossentropy/weighted_loss/num_elements/_14,2,4.704,2.352,4.704,2.352,0.00036665245992310896,0.9982465532018643,0.0,0.0
60,Device,Cast,Cast_2,2,4.096,2.048,4.096,2.048,0.00031926200591944186,0.9985658152077838,0.0,0.0
61,Device,DivNoNan,categorical_crossentropy/weighted_loss/value,2,4.096,2.048,4.096,2.048,0.00031926200591944186,0.9988850772137032,0.0,0.0
62,Device,DivNoNan,div_no_nan_1,2,4.096,2.048,4.096,2.048,0.00031926200591944186,0.9992043392196227,0.0,0.0
63,Device,_Recv,Size/_16,2,3.584,1.792,3.584,1.792,0.00027935425517951163,0.9994836934748023,0.0,0.0
64,Device,_Recv,strided_slice/_12,2,3.552,1.776,3.552,1.776,0.00027686002075826596,0.9997605534955605,0.0,0.0
65,Device,LogicalAnd,LogicalAnd,1,3.072,3.072,3.072,3.072,0.0002394465044395814,1.0,0.0,0.0
66,Host,IDLE,IDLE,0,61110.863,0.0,61110.863,0.0,0.0,0.0,0.8877344920233002,0.8877344920233002
67,Host,_Send,IteratorGetNext/_3,2,2791.112,1395.556,2791.112,1395.556,0.0,0.0,0.04054543287173244,0.9282799248950326
68,Host,_Send,IteratorGetNext/_1,2,1558.108,779.054,1558.108,779.054,0.0,0.0,0.022634048121648036,0.9509139730166807
69,Host,_Send,IteratorGetNext/_6,2,1524.228,762.114,1524.228,762.114,0.0,0.0,0.022141886121092597,0.9730558591377733
70,Host,GatherV2,GatherV2,2,1452.747,726.3735,1452.747,726.3735,0.0,0.0,0.0211035085543363,0.9941593676921096
71,Host,GatherV2,GatherV2_1,2,63.631,31.8155,63.631,31.8155,0.0,0.0,0.0009243435731211098,0.9950837112652307
72,Host,Dataset,Iterator::Root::ParallelMapV2,2,51.73,25.865,51.73,25.865,0.0,0.0,0.000751462228120806,0.9958351734933515
73,Host,Dataset,Iterator::Root::ParallelMapV2::Zip[1]::ForeverRepeat,2,55.04,27.52,51.17,25.585,0.0,0.0,0.0007433273190207161,0.9965785008123722
74,Host,FlushSummaryWriter,FlushSummaryWriter,1,39.26,39.26,39.26,39.26,0.0,0.0,0.0005703152344098751,0.9971488160467821
75,Host,Dataset,Iterator::Root,2,88.012,44.006,36.282,18.141,0.0,0.0,0.0005270549499454684,0.9976758709967275
76,Host,IteratorGetNext,IteratorGetNext,2,34.26,17.13,34.26,17.13,0.0,0.0,0.0004976821174447867,0.9981735531141723
77,Host,LogicalAnd,LogicalAnd,1,29.81,29.81,29.81,29.81,0.0,0.0,0.0004330386433458579,0.9986065917575182
78,Host,Dataset,Iterator::Root::ParallelMapV2::Zip[0]::FlatMap[1]::Concatenate[0]::TensorSlice,2,20.29,10.145,20.29,10.145,0.0,0.0,0.0002947451886443293,0.9989013369461626
79,Host,WriteSummary,WriteSummary,1,20.28,20.28,20.28,20.28,0.0,0.0,0.00029459992241039914,0.999195936868573
80,Host,Dataset,Iterator::Root::ParallelMapV2::Zip[0]::FlatMap[1]::Concatenate,2,37.98,18.99,17.69,8.845,0.0,0.0,0.0002569759678224833,0.9994529128363955
81,Host,_HostSend,categorical_crossentropy/softmax_cross_entropy_with_logits/Shape_2/_9,2,11.61,5.805,11.61,5.805,0.0,0.0,0.0001686540975929356,0.9996215669339884
82,Host,Dataset,Iterator::Root::ParallelMapV2::Zip,2,106.301,53.1505,9.481,4.7405,0.0,0.0,0.0001377269163892009,0.9997592938503777
83,Host,ReadVariableOp,ReadVariableOp,1,6.2,6.2,6.2,6.2,0.0,0.0,9.00650650367098e-05,0.9998493589154144
84,Host,Dataset,Iterator::Root::ParallelMapV2::Zip[1]::ForeverRepeat::FromTensor,4,3.87,0.9675,3.87,0.9675,0.0,0.0,5.621803253097853e-05,0.9999055769479454
85,Host,Dataset,Iterator::Root::ParallelMapV2::Zip[0]::FlatMap,2,41.78,20.89,3.8,1.9,0.0,0.0,5.520116889346729e-05,0.9999607781168388
86,Host,Identity,Identity,2,2.7,1.35,2.7,1.35,0.0,0.0,3.922188316114781e-05,1.0
