Rank,Host/device,Type,Operation,#Occurrences,Total time (us),Avg. time (us),Total self-time (us),Avg. self-time (us),Total self-time on Device (%),Cumulative total-self time on Device (%),Total self-time on Host (%),Cumulative total-self time on Host (%)
1,Device,IDLE,IDLE,0,51197.832,0.0,51197.832,0.0,0.6072610599049618,0.6072610599049618,0.0,0.0
2,Device,Conv2DBackpropFilter,gradient_tape/model/conv2d_48/Conv2D/Conv2DBackpropFilter,2,553.984,276.992,553.984,276.992,0.006570842902300832,0.6138319028072626,0.0,0.0
3,Device,Conv2DBackpropFilter,gradient_tape/model/conv2d_51/Conv2D/Conv2DBackpropFilter,2,549.888,274.944,549.888,274.944,0.006522259960324485,0.6203541627675871,0.0,0.0
4,Device,Conv2DBackpropFilter,gradient_tape/model/conv2d_44/Conv2D/Conv2DBackpropFilter,2,545.792,272.896,545.792,272.896,0.006473677018348139,0.6268278397859353,0.0,0.0
5,Device,Conv2DBackpropInput,gradient_tape/model/conv2d_46/Conv2D/Conv2DBackpropInput,2,508.928,254.464,508.928,254.464,0.006036430540561022,0.6328642703264963,0.0,0.0
6,Device,Conv2DBackpropInput,gradient_tape/model/conv2d_44/Conv2D/Conv2DBackpropInput,4,428.034,107.0085,428.034,107.0085,0.00507694115866782,0.6379412114851641,0.0,0.0
7,Device,Conv2DBackpropInput,gradient_tape/model/conv2d_48/Conv2D/Conv2DBackpropInput,4,422.914,105.7285,422.914,105.7285,0.005016212481197387,0.6429574239663616,0.0,0.0
8,Device,Conv2DBackpropInput,gradient_tape/model/conv2d_51/Conv2D/Conv2DBackpropInput,4,420.866,105.2165,420.866,105.2165,0.004991921010209214,0.6479493449765708,0.0,0.0
9,Device,Conv2D,model/conv2d_51/Conv2D,4,346.112,86.528,346.112,86.528,0.004105258597001259,0.652054603573572,0.0,0.0
10,Device,Conv2D,model/conv2d_44/Conv2D,4,343.04,85.76,343.04,85.76,0.004068821390518999,0.656123424964091,0.0,0.0
11,Device,Conv2D,model/conv2d_48/Conv2D,4,342.017,85.50425,342.017,85.50425,0.004056687516094731,0.6601801124801858,0.0,0.0
12,Device,Conv2DBackpropInput,gradient_tape/model/conv2d_45/Conv2D/Conv2DBackpropInput,4,338.946,84.7365,338.946,84.7365,0.00402026217068229,0.6642003746508681,0.0,0.0
13,Device,Conv2DBackpropInput,gradient_tape/model/conv2d_49/Conv2D/Conv2DBackpropInput,4,336.896,84.224,336.896,84.224,0.003995946977554479,0.6681963216284226,0.0,0.0
14,Device,Conv2DBackpropInput,gradient_tape/model/conv2d_52/Conv2D/Conv2DBackpropInput,4,334.85,83.7125,334.85,83.7125,0.003971679228705944,0.6721680008571285,0.0,0.0
15,Device,Conv2D,model/conv2d_47/Conv2D,4,333.825,83.45625,333.825,83.45625,0.003959521632142038,0.6761275224892705,0.0,0.0
16,Device,Conv2D,model/conv2d_50/Conv2D,4,329.729,82.43225,329.729,82.43225,0.003910938690165692,0.6800384611794362,0.0,0.0
17,Device,Conv2D,model/conv2d_46/Conv2D,2,286.72,143.36,286.72,143.36,0.003400805938344238,0.6834392671177805,0.0,0.0
18,Device,Conv2DBackpropInput,gradient_tape/model/conv2d_27/Conv2D/Conv2DBackpropInput,2,190.465,95.2325,190.465,95.2325,0.0022591186629699195,0.6856983857807504,0.0,0.0
19,Device,Conv2DBackpropFilter,gradient_tape/model/conv2d_46/Conv2D/Conv2DBackpropFilter,4,185.344,46.336,185.344,46.336,0.002198378124429668,0.6878967639051801,0.0,0.0
20,Device,Conv2D,model/conv2d_25/Conv2D,4,175.105,43.77625,175.105,43.77625,0.0020769326305586206,0.6899736965357387,0.0,0.0
21,Device,Conv2D,model/conv2d_38/Conv2D,4,174.08,43.52,174.08,43.52,0.002064775033994716,0.6920384715697334,0.0,0.0
22,Device,Conv2D,model/conv2d_29/Conv2D,4,171.008,42.752,171.008,42.752,0.0020283378275124564,0.6940668093972459,0.0,0.0
23,Device,Conv2D,model/conv2d_35/Conv2D,4,169.984,42.496,169.984,42.496,0.0020161920920183695,0.6960830014892643,0.0,0.0
24,Device,Conv2D,model/conv2d_41/Conv2D,4,169.984,42.496,169.984,42.496,0.0020161920920183695,0.6980991935812827,0.0,0.0
25,Device,Conv2D,model/conv2d_32/Conv2D,4,168.96,42.24,168.96,42.24,0.002004046356524283,0.700103239937807,0.0,0.0
26,Device,Conv2DBackpropInput,gradient_tape/model/conv2d_50/Conv2D/Conv2DBackpropInput,2,150.529,75.2645,150.529,75.2645,0.0017854349787005432,0.7018886749165075,0.0,0.0
27,Device,Conv2DBackpropInput,gradient_tape/model/conv2d_47/Conv2D/Conv2DBackpropInput,2,149.504,74.752,149.504,74.752,0.001773277382136638,0.7036619522986441,0.0,0.0
28,Device,Conv2D,model/conv2d_49/Conv2D,2,141.312,70.656,141.312,70.656,0.0016761114981839458,0.7053380637968281,0.0,0.0
29,Device,Conv2D,model/conv2d_52/Conv2D,2,138.241,69.1205,138.241,69.1205,0.0016396861527715047,0.7069777499495996,0.0,0.0
30,Device,Conv2DBackpropInput,gradient_tape/model/conv2d_43/Conv2D/Conv2DBackpropInput,2,138.24,69.12,138.24,69.12,0.001639674291701686,0.7086174242413013,0.0,0.0
31,Device,Conv2D,model/conv2d_45/Conv2D,2,137.217,68.6085,137.217,68.6085,0.0016275404172774182,0.7102449646585787,0.0,0.0
32,Device,Conv2DBackpropInput,gradient_tape/model/conv2d_26/Conv2D/Conv2DBackpropInput,4,137.216,34.304,137.216,34.304,0.0016275285562075996,0.7118724932147863,0.0,0.0
33,Device,Conv2DBackpropInput,gradient_tape/model/conv2d_33/Conv2D/Conv2DBackpropInput,4,137.216,34.304,137.216,34.304,0.0016275285562075996,0.7135000217709939,0.0,0.0
34,Device,Conv2DBackpropInput,gradient_tape/model/conv2d_42/Conv2D/Conv2DBackpropInput,4,136.192,34.048,136.192,34.048,0.001615382820713513,0.7151154045917074,0.0,0.0
35,Device,Conv2DBackpropInput,gradient_tape/model/conv2d_30/Conv2D/Conv2DBackpropInput,4,135.168,33.792,135.168,33.792,0.0016032370852194265,0.7167186416769269,0.0,0.0
36,Device,Conv2DBackpropInput,gradient_tape/model/conv2d_25/Conv2D/Conv2DBackpropInput,2,134.145,67.0725,134.145,67.0725,0.0015911032107951584,0.718309744887722,0.0,0.0
37,Device,Conv2DBackpropInput,gradient_tape/model/conv2d_36/Conv2D/Conv2DBackpropInput,4,134.145,33.53625,134.145,33.53625,0.0015911032107951584,0.7199008480985172,0.0,0.0
38,Device,Conv2DBackpropInput,gradient_tape/model/conv2d_14/Conv2D/Conv2DBackpropInput,2,134.144,67.072,134.144,67.072,0.0015910913497253398,0.7214919394482425,0.0,0.0
39,Device,Conv2DBackpropInput,gradient_tape/model/conv2d_39/Conv2D/Conv2DBackpropInput,4,133.12,33.28,133.12,33.28,0.0015789456142312533,0.7230708850624737,0.0,0.0
40,Device,Conv2DBackpropInput,gradient_tape/model/conv2d_38/Conv2D/Conv2DBackpropInput,2,132.096,66.048,132.096,66.048,0.0015667998787371668,0.724637684941211,0.0,0.0
41,Device,Conv2DBackpropInput,gradient_tape/model/conv2d_29/Conv2D/Conv2DBackpropInput,2,131.073,65.5365,131.073,65.5365,0.0015546660043128987,0.7261923509455238,0.0,0.0
42,Device,Conv2DBackpropInput,gradient_tape/model/conv2d_32/Conv2D/Conv2DBackpropInput,2,131.072,65.536,131.072,65.536,0.00155465414324308,0.7277470050887669,0.0,0.0
43,Device,Conv2DBackpropInput,gradient_tape/model/conv2d_35/Conv2D/Conv2DBackpropInput,2,131.072,65.536,131.072,65.536,0.00155465414324308,0.72930165923201,0.0,0.0
44,Device,Conv2DBackpropInput,gradient_tape/model/conv2d_41/Conv2D/Conv2DBackpropInput,2,128.0,64.0,128.0,64.0,0.0015182169367608204,0.7308198761687708,0.0,0.0
45,Device,Conv2D,model/conv2d_43/Conv2D,2,124.929,62.4645,124.929,62.4645,0.0014817915913483792,0.7323016677601192,0.0,0.0
46,Device,ResourceApplyGradientDescent,SGD/SGD/update_170/ResourceApplyGradientDescent,2,123.904,61.952,123.904,61.952,0.0014696339947844741,0.7337713017549037,0.0,0.0
47,Device,ResourceApplyGradientDescent,SGD/SGD/update_184/ResourceApplyGradientDescent,2,123.904,61.952,123.904,61.952,0.0014696339947844741,0.7352409357496882,0.0,0.0
48,Device,ResourceApplyGradientDescent,SGD/SGD/update_196/ResourceApplyGradientDescent,2,123.904,61.952,123.904,61.952,0.0014696339947844741,0.7367105697444727,0.0,0.0
49,Device,_Recv,IteratorGetNext/_2,2,121.92,60.96,121.92,60.96,0.0014461016322646816,0.7381566713767373,0.0,0.0
50,Device,SoftmaxCrossEntropyWithLogits,categorical_crossentropy/softmax_cross_entropy_with_logits,2,120.832,60.416,120.832,60.416,0.0014331967883022144,0.7395898681650396,0.0,0.0
51,Device,Mul,gradient_tape/conv2d_48/kernel/Regularizer/Mul_1,2,120.832,60.416,120.832,60.416,0.0014331967883022144,0.7410230649533418,0.0,0.0
52,Device,Mul,gradient_tape/conv2d_51/kernel/Regularizer/Mul_1,2,120.832,60.416,120.832,60.416,0.0014331967883022144,0.742456261741644,0.0,0.0
53,Device,Mul,gradient_tape/conv2d_44/kernel/Regularizer/Mul_1,2,118.784,59.392,118.784,59.392,0.0014089053173140414,0.7438651670589581,0.0,0.0
54,Device,Conv2D,model/conv2d_27/Conv2D,2,117.76,58.88,117.76,58.88,0.0013967595818199549,0.7452619266407781,0.0,0.0
55,Device,Conv2DBackpropFilter,gradient_tape/model/conv2d/Conv2D/Conv2DBackpropFilter,2,116.737,58.3685,116.737,58.3685,0.0013846257073956865,0.7466465523481738,0.0,0.0
56,Device,Conv2DBackpropFilter,gradient_tape/model/conv2d_27/Conv2D/Conv2DBackpropFilter,4,113.664,28.416,113.664,28.416,0.0013481766398436086,0.7479947289880174,0.0,0.0
57,Device,AddN,SGD/gradients/AddN_60,2,112.64,56.32,112.64,56.32,0.001336030904349522,0.749330759892367,0.0,0.0
58,Device,AddN,SGD/gradients/AddN_64,2,110.592,55.296,110.592,55.296,0.001311739433361349,0.7506424993257284,0.0,0.0
59,Device,AddN,SGD/gradients/AddN_67,2,110.592,55.296,110.592,55.296,0.001311739433361349,0.7519542387590897,0.0,0.0
60,Device,ResourceApplyGradientDescent,SGD/SGD/update_174/ResourceApplyGradientDescent,2,109.569,54.7845,109.569,54.7845,0.0012996055589370808,0.7532538443180268,0.0,0.0
61,Device,Conv2DBackpropFilter,gradient_tape/model/conv2d_45/Conv2D/Conv2DBackpropFilter,2,107.52,53.76,107.52,53.76,0.0012753022268790892,0.7545291465449059,0.0,0.0
62,Device,Mul,gradient_tape/conv2d_46/kernel/Regularizer/Mul_1,2,105.473,52.7365,105.473,52.7365,0.0012510226169607345,0.7557801691618666,0.0,0.0
63,Device,Conv2D,model/conv2d_37/Conv2D,2,105.473,52.7365,105.473,52.7365,0.0012510226169607345,0.7570311917788274,0.0,0.0
64,Device,Conv2DBackpropFilter,gradient_tape/model/conv2d_29/Conv2D/Conv2DBackpropFilter,2,104.448,52.224,104.448,52.224,0.0012388650203968294,0.7582700567992242,0.0,0.0
65,Device,Conv2DBackpropFilter,gradient_tape/model/conv2d_5/Conv2D/Conv2DBackpropFilter,2,104.448,52.224,104.448,52.224,0.0012388650203968294,0.759508921819621,0.0,0.0
66,Device,Conv2D,model/conv2d_40/Conv2D,2,104.448,52.224,104.448,52.224,0.0012388650203968294,0.7607477868400179,0.0,0.0
67,Device,Conv2DBackpropFilter,gradient_tape/model/conv2d_14/Conv2D/Conv2DBackpropFilter,2,103.424,51.712,103.424,51.712,0.001226719284902743,0.7619745061249206,0.0,0.0
68,Device,Conv2DBackpropFilter,gradient_tape/model/conv2d_49/Conv2D/Conv2DBackpropFilter,2,103.424,51.712,103.424,51.712,0.001226719284902743,0.7632012254098233,0.0,0.0
69,Device,Conv2DBackpropFilter,gradient_tape/model/conv2d_52/Conv2D/Conv2DBackpropFilter,2,103.424,51.712,103.424,51.712,0.001226719284902743,0.764427944694726,0.0,0.0
70,Device,Conv2DBackpropFilter,gradient_tape/model/conv2d_8/Conv2D/Conv2DBackpropFilter,2,103.424,51.712,103.424,51.712,0.001226719284902743,0.7656546639796287,0.0,0.0
71,Device,Conv2D,model/conv2d_34/Conv2D,2,103.424,51.712,103.424,51.712,0.001226719284902743,0.7668813832645314,0.0,0.0
72,Device,Conv2DBackpropFilter,gradient_tape/model/conv2d_38/Conv2D/Conv2DBackpropFilter,2,102.402,51.201,102.402,51.201,0.0012145972715482932,0.7680959805360796,0.0,0.0
73,Device,Conv2DBackpropFilter,gradient_tape/model/conv2d_25/Conv2D/Conv2DBackpropFilter,2,102.401,51.2005,102.401,51.2005,0.0012145854104784748,0.7693105659465581,0.0,0.0
74,Device,Conv2DBackpropFilter,gradient_tape/model/conv2d_32/Conv2D/Conv2DBackpropFilter,2,102.401,51.2005,102.401,51.2005,0.0012145854104784748,0.7705251513570366,0.0,0.0
75,Device,Conv2D,model/conv2d_28/Conv2D,2,102.401,51.2005,102.401,51.2005,0.0012145854104784748,0.7717397367675151,0.0,0.0
76,Device,Conv2DBackpropFilter,gradient_tape/model/conv2d_35/Conv2D/Conv2DBackpropFilter,2,102.4,51.2,102.4,51.2,0.0012145735494086564,0.7729543103169237,0.0,0.0
77,Device,Conv2DBackpropFilter,gradient_tape/model/conv2d_41/Conv2D/Conv2DBackpropFilter,2,102.4,51.2,102.4,51.2,0.0012145735494086564,0.7741688838663324,0.0,0.0
78,Device,Conv2D,model/conv2d_31/Conv2D,2,102.4,51.2,102.4,51.2,0.0012145735494086564,0.7753834574157411,0.0,0.0
79,Device,AddN,SGD/gradients/AddN_61,2,101.376,50.688,101.376,50.688,0.00120242781391457,0.7765858852296557,0.0,0.0
80,Device,Conv2DBackpropFilter,gradient_tape/model/conv2d_4/Conv2D/Conv2DBackpropFilter,4,97.28,24.32,97.28,24.32,0.0011538448719382235,0.7777397301015939,0.0,0.0
81,Device,Conv2DBackpropFilter,gradient_tape/model/conv2d_7/Conv2D/Conv2DBackpropFilter,4,97.28,24.32,97.28,24.32,0.0011538448719382235,0.7788935749735322,0.0,0.0
82,Device,Conv2DBackpropFilter,gradient_tape/model/conv2d_10/Conv2D/Conv2DBackpropFilter,4,95.232,23.808,95.232,23.808,0.0011295534009500504,0.7800231283744822,0.0,0.0
83,Device,Conv2D,model/conv2d/Conv2D,2,95.232,47.616,95.232,47.616,0.0011295534009500504,0.7811526817754322,0.0,0.0
84,Device,Conv2DBackpropFilter,gradient_tape/model/conv2d_47/Conv2D/Conv2DBackpropFilter,4,89.088,22.272,89.088,22.272,0.001056678987985531,0.7822093607634177,0.0,0.0
85,Device,Conv2DBackpropFilter,gradient_tape/model/conv2d_2/Conv2D/Conv2DBackpropFilter,2,87.041,43.5205,87.041,43.5205,0.0010323993780671763,0.7832417601414849,0.0,0.0
86,Device,Conv2DBackpropFilter,gradient_tape/model/conv2d_3/Conv2D/Conv2DBackpropFilter,4,87.04,21.76,87.04,21.76,0.001032387516997358,0.7842741476584824,0.0,0.0
87,Device,Conv2DBackpropFilter,gradient_tape/model/conv2d_50/Conv2D/Conv2DBackpropFilter,4,87.04,21.76,87.04,21.76,0.001032387516997358,0.7853065351754798,0.0,0.0
88,Device,Conv2DBackpropFilter,gradient_tape/model/conv2d_6/Conv2D/Conv2DBackpropFilter,2,87.04,43.52,87.04,43.52,0.001032387516997358,0.7863389226924772,0.0,0.0
89,Device,Conv2DBackpropFilter,gradient_tape/model/conv2d_42/Conv2D/Conv2DBackpropFilter,4,86.018,21.5045,86.018,21.5045,0.0010202655036429082,0.78735918819612,0.0,0.0
90,Device,FusedBatchNormGradV3,gradient_tape/model/batch_normalization/FusedBatchNormGradV3,2,86.016,43.008,86.016,43.008,0.0010202417815032715,0.7883794299776233,0.0,0.0
91,Device,Conv2DBackpropFilter,gradient_tape/model/conv2d_16/Conv2D/Conv2DBackpropFilter,2,86.016,43.008,86.016,43.008,0.0010202417815032715,0.7893996717591266,0.0,0.0
92,Device,Conv2DBackpropFilter,gradient_tape/model/conv2d_26/Conv2D/Conv2DBackpropFilter,4,86.016,21.504,86.016,21.504,0.0010202417815032715,0.7904199135406299,0.0,0.0
93,Device,Conv2DBackpropFilter,gradient_tape/model/conv2d_9/Conv2D/Conv2DBackpropFilter,2,86.016,43.008,86.016,43.008,0.0010202417815032715,0.7914401553221332,0.0,0.0
94,Device,Conv2DBackpropFilter,gradient_tape/model/conv2d_39/Conv2D/Conv2DBackpropFilter,4,84.994,21.2485,84.994,21.2485,0.0010081197681488217,0.792448275090282,0.0,0.0
95,Device,Conv2DBackpropFilter,gradient_tape/model/conv2d_12/Conv2D/Conv2DBackpropFilter,2,84.992,42.496,84.992,42.496,0.0010080960460091847,0.7934563711362912,0.0,0.0
96,Device,Conv2DBackpropFilter,gradient_tape/model/conv2d_22/Conv2D/Conv2DBackpropFilter,2,84.992,42.496,84.992,42.496,0.0010080960460091847,0.7944644671823003,0.0,0.0
97,Device,Conv2DBackpropFilter,gradient_tape/model/conv2d_30/Conv2D/Conv2DBackpropFilter,4,84.992,21.248,84.992,21.248,0.0010080960460091847,0.7954725632283095,0.0,0.0
98,Device,Conv2DBackpropFilter,gradient_tape/model/conv2d_33/Conv2D/Conv2DBackpropFilter,4,84.992,21.248,84.992,21.248,0.0010080960460091847,0.7964806592743187,0.0,0.0
99,Device,Conv2DBackpropFilter,gradient_tape/model/conv2d_36/Conv2D/Conv2DBackpropFilter,4,84.992,21.248,84.992,21.248,0.0010080960460091847,0.7974887553203278,0.0,0.0
100,Device,Conv2D,model/conv2d_14/Conv2D,2,83.969,41.9845,83.969,41.9845,0.0009959621715849166,0.7984847174919127,0.0,0.0
101,Device,Square,conv2d_48/kernel/Regularizer/Square,2,83.968,41.984,83.968,41.984,0.0009959503105150982,0.7994806678024279,0.0,0.0
102,Device,Conv2DBackpropFilter,gradient_tape/model/conv2d_19/Conv2D/Conv2DBackpropFilter,2,83.968,41.984,83.968,41.984,0.0009959503105150982,0.800476618112943,0.0,0.0
103,Device,Square,conv2d_51/kernel/Regularizer/Square,2,81.92,40.96,81.92,40.96,0.0009716588395269251,0.8014482769524699,0.0,0.0
104,Device,Conv2DBackpropInput,gradient_tape/model/conv2d_13/Conv2D/Conv2DBackpropInput,4,80.896,20.224,80.896,20.224,0.0009595131040328385,0.8024077900565028,0.0,0.0
105,Device,Conv2DBackpropFilter,gradient_tape/model/conv2d_17/Conv2D/Conv2DBackpropFilter,2,80.896,40.448,80.896,40.448,0.0009595131040328385,0.8033673031605356,0.0,0.0
106,Device,Square,conv2d_44/kernel/Regularizer/Square,2,79.874,39.937,79.874,39.937,0.0009473910906783887,0.804314694251214,0.0,0.0
107,Device,Conv2DBackpropFilter,gradient_tape/model/conv2d_24/Conv2D/Conv2DBackpropFilter,2,79.873,39.9365,79.873,39.9365,0.0009473792296085705,0.8052620734808226,0.0,0.0
108,Device,Conv2DBackpropInput,gradient_tape/model/conv2d_12/Conv2D/Conv2DBackpropInput,2,78.849,39.4245,78.849,39.4245,0.0009352334941144839,0.8061973069749371,0.0,0.0
109,Device,Mul,gradient_tape/conv2d_44/kernel/Regularizer/Mul,2,78.848,39.424,78.848,39.424,0.0009352216330446654,0.8071325286079818,0.0,0.0
110,Device,Conv2DBackpropFilter,gradient_tape/model/conv2d_13/Conv2D/Conv2DBackpropFilter,2,78.848,39.424,78.848,39.424,0.0009352216330446654,0.8080677502410265,0.0,0.0
111,Device,Conv2DBackpropFilter,gradient_tape/model/conv2d_20/Conv2D/Conv2DBackpropFilter,2,78.848,39.424,78.848,39.424,0.0009352216330446654,0.8090029718740712,0.0,0.0
112,Device,Conv2DBackpropInput,gradient_tape/model/conv2d_20/Conv2D/Conv2DBackpropInput,4,77.825,19.45625,77.825,19.45625,0.0009230877586203972,0.8099260596326916,0.0,0.0
113,Device,Conv2D,model/conv2d_16/Conv2D,2,77.825,38.9125,77.825,38.9125,0.0009230877586203972,0.810849147391312,0.0,0.0
114,Device,Conv2DBackpropInput,gradient_tape/model/conv2d_16/Conv2D/Conv2DBackpropInput,2,77.824,38.912,77.824,38.912,0.0009230758975505788,0.8117722232888626,0.0,0.0
115,Device,Conv2DBackpropInput,gradient_tape/model/conv2d_19/Conv2D/Conv2DBackpropInput,2,77.824,38.912,77.824,38.912,0.0009230758975505788,0.8126952991864131,0.0,0.0
116,Device,Conv2DBackpropInput,gradient_tape/model/conv2d_22/Conv2D/Conv2DBackpropInput,2,77.824,38.912,77.824,38.912,0.0009230758975505788,0.8136183750839637,0.0,0.0
117,Device,Conv2DBackpropFilter,gradient_tape/model/conv2d_23/Conv2D/Conv2DBackpropFilter,2,77.824,38.912,77.824,38.912,0.0009230758975505788,0.8145414509815143,0.0,0.0
118,Device,Conv2DBackpropInput,gradient_tape/model/conv2d_23/Conv2D/Conv2DBackpropInput,4,77.824,19.456,77.824,19.456,0.0009230758975505788,0.8154645268790649,0.0,0.0
119,Device,Conv2D,model/conv2d_12/Conv2D,2,76.801,38.4005,76.801,38.4005,0.0009109420231263107,0.8163754689021913,0.0,0.0
120,Device,Conv2D,model/conv2d_19/Conv2D,2,76.801,38.4005,76.801,38.4005,0.0009109420231263107,0.8172864109253176,0.0,0.0
121,Device,Conv2D,model/conv2d_22/Conv2D,2,76.801,38.4005,76.801,38.4005,0.0009109420231263107,0.818197352948444,0.0,0.0
122,Device,Conv2DBackpropInput,gradient_tape/model/conv2d_34/Conv2D/Conv2DBackpropInput,2,75.776,37.888,75.776,37.888,0.0008987844265624056,0.8190961373750064,0.0,0.0
123,Device,Conv2DBackpropInput,gradient_tape/model/conv2d_40/Conv2D/Conv2DBackpropInput,2,75.776,37.888,75.776,37.888,0.0008987844265624056,0.8199949218015689,0.0,0.0
124,Device,Conv2DBackpropInput,gradient_tape/model/conv2d_37/Conv2D/Conv2DBackpropInput,2,74.753,37.3765,74.753,37.3765,0.0008866505521381376,0.820881572353707,0.0,0.0
125,Device,Conv2DBackpropInput,gradient_tape/model/conv2d_17/Conv2D/Conv2DBackpropInput,4,74.752,18.688,74.752,18.688,0.000886638691068319,0.8217682110447753,0.0,0.0
126,Device,Conv2DBackpropFilter,gradient_tape/model/conv2d_18/Conv2D/Conv2DBackpropFilter,4,74.752,18.688,74.752,18.688,0.000886638691068319,0.8226548497358436,0.0,0.0
127,Device,Tile,gradient_tape/conv2d_44/kernel/Regularizer/Tile,2,73.728,36.864,73.728,36.864,0.0008744929555742325,0.8235293426914178,0.0,0.0
128,Device,Conv2DBackpropFilter,gradient_tape/model/conv2d_15/Conv2D/Conv2DBackpropFilter,4,73.728,18.432,73.728,18.432,0.0008744929555742325,0.8244038356469919,0.0,0.0
129,Device,Conv2DBackpropInput,gradient_tape/model/conv2d_31/Conv2D/Conv2DBackpropInput,2,73.728,36.864,73.728,36.864,0.0008744929555742325,0.8252783286025661,0.0,0.0
130,Device,Square,conv2d_46/kernel/Regularizer/Square,2,72.704,36.352,72.704,36.352,0.0008623472200801459,0.8261406758226463,0.0,0.0
131,Device,Conv2DBackpropInput,gradient_tape/model/conv2d_28/Conv2D/Conv2DBackpropInput,2,72.704,36.352,72.704,36.352,0.0008623472200801459,0.8270030230427264,0.0,0.0
132,Device,Conv2DBackpropFilter,gradient_tape/model/conv2d_21/Conv2D/Conv2DBackpropFilter,4,71.68,17.92,71.68,17.92,0.0008502014845860595,0.8278532245273125,0.0,0.0
133,Device,Conv2DBackpropFilter,gradient_tape/model/conv2d_40/Conv2D/Conv2DBackpropFilter,2,71.68,35.84,71.68,35.84,0.0008502014845860595,0.8287034260118985,0.0,0.0
134,Device,Conv2DBackpropFilter,gradient_tape/model/conv2d_28/Conv2D/Conv2DBackpropFilter,2,70.656,35.328,70.656,35.328,0.0008380557490919729,0.8295414817609905,0.0,0.0
135,Device,Conv2DBackpropFilter,gradient_tape/model/conv2d_37/Conv2D/Conv2DBackpropFilter,2,70.656,35.328,70.656,35.328,0.0008380557490919729,0.8303795375100825,0.0,0.0
136,Device,Conv2DBackpropInput,gradient_tape/model/conv2d_24/Conv2D/Conv2DBackpropInput,2,69.632,34.816,69.632,34.816,0.0008259100135978864,0.8312054475236804,0.0,0.0
137,Device,Conv2DBackpropInput,gradient_tape/model/conv2d_4/Conv2D/Conv2DBackpropInput,2,68.609,34.3045,68.609,34.3045,0.0008137761391736182,0.8320192236628541,0.0,0.0
138,Device,Conv2DBackpropFilter,gradient_tape/model/conv2d_31/Conv2D/Conv2DBackpropFilter,2,68.608,34.304,68.608,34.304,0.0008137642781037998,0.8328329879409578,0.0,0.0
139,Device,Conv2DBackpropFilter,gradient_tape/model/conv2d_34/Conv2D/Conv2DBackpropFilter,2,68.608,34.304,68.608,34.304,0.0008137642781037998,0.8336467522190616,0.0,0.0
140,Device,Conv2DBackpropInput,gradient_tape/model/conv2d_7/Conv2D/Conv2DBackpropInput,2,68.608,34.304,68.608,34.304,0.0008137642781037998,0.8344605164971653,0.0,0.0
141,Device,Conv2DBackpropInput,gradient_tape/model/conv2d_10/Conv2D/Conv2DBackpropInput,2,66.56,33.28,66.56,33.28,0.0007894728071156267,0.835249989304281,0.0,0.0
142,Device,Mul,gradient_tape/conv2d_46/kernel/Regularizer/Mul,2,65.537,32.7685,65.537,32.7685,0.0007773389326913585,0.8360273282369723,0.0,0.0
143,Device,Conv2DBackpropInput,gradient_tape/model/conv2d_3/Conv2D/Conv2DBackpropInput,2,64.512,32.256,64.512,32.256,0.0007651813361274535,0.8367925095730998,0.0,0.0
144,Device,Conv2D,model/conv2d_15/Conv2D,2,63.489,31.7445,63.489,31.7445,0.0007530474617031853,0.837545557034803,0.0,0.0
145,Device,Conv2D,model/conv2d_21/Conv2D,2,63.489,31.7445,63.489,31.7445,0.0007530474617031853,0.8382986044965063,0.0,0.0
146,Device,Conv2DBackpropFilter,gradient_tape/model/conv2d_1/Conv2D/Conv2DBackpropFilter,2,63.488,31.744,63.488,31.744,0.0007530356006333669,0.8390516400971396,0.0,0.0
147,Device,Conv2D,model/conv2d_18/Conv2D,2,62.465,31.2325,62.465,31.2325,0.0007409017262090989,0.8397925418233487,0.0,0.0
148,Device,Conv2D,model/conv2d_36/Conv2D,2,61.441,30.7205,61.441,30.7205,0.0007287559907150123,0.8405212978140637,0.0,0.0
149,Device,Tile,gradient_tape/conv2d_46/kernel/Regularizer/Tile,2,61.44,30.72,61.44,30.72,0.0007287441296451938,0.8412500419437089,0.0,0.0
150,Device,Conv2D,model/conv2d_24/Conv2D,2,61.44,30.72,61.44,30.72,0.0007287441296451938,0.8419787860733541,0.0,0.0
151,Device,Conv2D,model/conv2d_30/Conv2D,2,60.416,30.208,60.416,30.208,0.0007165983941511072,0.8426953844675051,0.0,0.0
152,Device,Conv2D,model/conv2d_33/Conv2D,2,60.416,30.208,60.416,30.208,0.0007165983941511072,0.8434119828616562,0.0,0.0
153,Device,Conv2D,model/conv2d_4/Conv2D,2,60.416,30.208,60.416,30.208,0.0007165983941511072,0.8441285812558073,0.0,0.0
154,Device,Conv2D,model/conv2d_42/Conv2D,2,60.416,30.208,60.416,30.208,0.0007165983941511072,0.8448451796499583,0.0,0.0
155,Device,Conv2D,model/conv2d_26/Conv2D,2,59.393,29.6965,59.393,29.6965,0.0007044645197268392,0.8455496441696851,0.0,0.0
156,Device,Sum,conv2d_44/kernel/Regularizer/Sum,2,59.392,29.696,59.392,29.696,0.0007044526586570207,0.8462540968283422,0.0,0.0
157,Device,Sum,conv2d_51/kernel/Regularizer/Sum,2,59.392,29.696,59.392,29.696,0.0007044526586570207,0.8469585494869992,0.0,0.0
158,Device,Conv2DBackpropInput,gradient_tape/model/conv2d_18/Conv2D/Conv2DBackpropInput,2,59.392,29.696,59.392,29.696,0.0007044526586570207,0.8476630021456563,0.0,0.0
159,Device,Conv2DBackpropInput,gradient_tape/model/conv2d_21/Conv2D/Conv2DBackpropInput,2,59.392,29.696,59.392,29.696,0.0007044526586570207,0.8483674548043133,0.0,0.0
160,Device,Conv2DBackpropFilter,gradient_tape/model/conv2d_43/Conv2D/Conv2DBackpropFilter,2,59.392,29.696,59.392,29.696,0.0007044526586570207,0.8490719074629703,0.0,0.0
161,Device,Conv2D,model/conv2d_39/Conv2D,2,59.392,29.696,59.392,29.696,0.0007044526586570207,0.8497763601216274,0.0,0.0
162,Device,ResourceApplyGradientDescent,SGD/SGD/update_176/ResourceApplyGradientDescent,2,58.369,29.1845,58.369,29.1845,0.0006923187842327526,0.8504686789058601,0.0,0.0
163,Device,Sum,conv2d_48/kernel/Regularizer/Sum,2,58.368,29.184,58.368,29.184,0.0006923069231629342,0.851160985829023,0.0,0.0
164,Device,Conv2DBackpropInput,gradient_tape/model/conv2d_11/Conv2D/Conv2DBackpropInput,2,58.368,29.184,58.368,29.184,0.0006923069231629342,0.8518532927521859,0.0,0.0
165,Device,Conv2DBackpropInput,gradient_tape/model/conv2d_15/Conv2D/Conv2DBackpropInput,2,58.368,29.184,58.368,29.184,0.0006923069231629342,0.8525455996753488,0.0,0.0
166,Device,Conv2D,model/conv2d_3/Conv2D,2,58.368,29.184,58.368,29.184,0.0006923069231629342,0.8532379065985117,0.0,0.0
167,Device,Conv2D,model/conv2d_7/Conv2D,2,58.368,29.184,58.368,29.184,0.0006923069231629342,0.8539302135216746,0.0,0.0
168,Device,Conv2D,model/conv2d_10/Conv2D,2,57.344,28.672,57.344,28.672,0.0006801611876688476,0.8546103747093435,0.0,0.0
169,Device,Mul,gradient_tape/conv2d_47/kernel/Regularizer/Mul_1,2,56.321,28.1605,56.321,28.1605,0.0006680273132445794,0.8552784020225881,0.0,0.0
170,Device,AddN,SGD/gradients/AddN_62,2,56.32,28.16,56.32,28.16,0.000668015452174761,0.8559464174747629,0.0,0.0
171,Device,Mul,gradient_tape/conv2d_45/kernel/Regularizer/Mul_1,2,56.32,28.16,56.32,28.16,0.000668015452174761,0.8566144329269376,0.0,0.0
172,Device,Mul,gradient_tape/conv2d_52/kernel/Regularizer/Mul_1,2,56.32,28.16,56.32,28.16,0.000668015452174761,0.8572824483791124,0.0,0.0
173,Device,Mul,gradient_tape/conv2d_49/kernel/Regularizer/Mul_1,2,55.296,27.648,55.296,27.648,0.0006558697166806744,0.857938318095793,0.0,0.0
174,Device,FusedBatchNormGradV3,gradient_tape/model/batch_normalization_3/FusedBatchNormGradV3,2,55.296,27.648,55.296,27.648,0.0006558697166806744,0.8585941878124737,0.0,0.0
175,Device,Conv2DBackpropFilter,gradient_tape/model/conv2d_11/Conv2D/Conv2DBackpropFilter,2,55.296,27.648,55.296,27.648,0.0006558697166806744,0.8592500575291543,0.0,0.0
176,Device,Conv2D,model/conv2d_17/Conv2D,2,55.296,27.648,55.296,27.648,0.0006558697166806744,0.8599059272458349,0.0,0.0
177,Device,ResourceApplyGradientDescent,SGD/SGD/update_180/ResourceApplyGradientDescent,2,54.273,27.1365,54.273,27.1365,0.0006437358422564063,0.8605496630880913,0.0,0.0
178,Device,Mul,gradient_tape/conv2d_50/kernel/Regularizer/Mul_1,2,54.272,27.136,54.272,27.136,0.0006437239811865878,0.861193387069278,0.0,0.0
179,Device,Conv2D,model/conv2d_13/Conv2D,2,54.272,27.136,54.272,27.136,0.0006437239811865878,0.8618371110504646,0.0,0.0
180,Device,Conv2D,model/conv2d_8/Conv2D,2,54.272,27.136,54.272,27.136,0.0006437239811865878,0.8624808350316512,0.0,0.0
181,Device,Conv2D,model/conv2d_20/Conv2D,2,53.249,26.6245,53.249,26.6245,0.0006315901067623198,0.8631124251384135,0.0,0.0
182,Device,ResourceApplyGradientDescent,SGD/SGD/update_192/ResourceApplyGradientDescent,2,53.248,26.624,53.248,26.624,0.0006315782456925012,0.863744003384106,0.0,0.0
183,Device,FusedBatchNormGradV3,gradient_tape/model/batch_normalization_6/FusedBatchNormGradV3,2,53.248,26.624,53.248,26.624,0.0006315782456925012,0.8643755816297984,0.0,0.0
184,Device,FusedBatchNormGradV3,gradient_tape/model/batch_normalization_9/FusedBatchNormGradV3,2,53.248,26.624,53.248,26.624,0.0006315782456925012,0.8650071598754909,0.0,0.0
185,Device,Conv2D,model/conv2d_23/Conv2D,2,53.248,26.624,53.248,26.624,0.0006315782456925012,0.8656387381211834,0.0,0.0
186,Device,AddN,SGD/gradients/AddN_66,2,52.225,26.1125,52.225,26.1125,0.0006194443712682332,0.8662581824924517,0.0,0.0
187,Device,Conv2D,model/conv2d_2/Conv2D,2,52.225,26.1125,52.225,26.1125,0.0006194443712682332,0.8668776268637199,0.0,0.0
188,Device,AddN,SGD/gradients/AddN_63,2,52.224,26.112,52.224,26.112,0.0006194325101984147,0.8674970593739184,0.0,0.0
189,Device,Conv2DBackpropInput,gradient_tape/model/conv2d_2/Conv2D/Conv2DBackpropInput,2,52.224,26.112,52.224,26.112,0.0006194325101984147,0.8681164918841169,0.0,0.0
190,Device,FusedBatchNormV3,model/batch_normalization/FusedBatchNormV3,4,52.224,13.056,52.224,13.056,0.0006194325101984147,0.8687359243943154,0.0,0.0
191,Device,FusedBatchNormV3,model/batch_normalization_42/FusedBatchNormV3,4,52.224,13.056,52.224,13.056,0.0006194325101984147,0.8693553569045138,0.0,0.0
192,Device,FusedBatchNormV3,model/batch_normalization_45/FusedBatchNormV3,4,52.224,13.056,52.224,13.056,0.0006194325101984147,0.8699747894147123,0.0,0.0
193,Device,Conv2D,model/conv2d_5/Conv2D,2,52.224,26.112,52.224,26.112,0.0006194325101984147,0.8705942219249108,0.0,0.0
194,Device,AddN,SGD/gradients/AddN_65,2,51.201,25.6005,51.201,25.6005,0.0006072986357741466,0.8712015205606849,0.0,0.0
195,Device,AddN,SGD/gradients/AddN_68,2,51.2,25.6,51.2,25.6,0.0006072867747043282,0.8718088073353892,0.0,0.0
196,Device,Conv2DBackpropInput,gradient_tape/model/conv2d_8/Conv2D/Conv2DBackpropInput,2,51.2,25.6,51.2,25.6,0.0006072867747043282,0.8724160941100936,0.0,0.0
197,Device,FusedBatchNormV3,model/batch_normalization_48/FusedBatchNormV3,4,51.2,12.8,51.2,12.8,0.0006072867747043282,0.8730233808847979,0.0,0.0
198,Device,ResourceApplyGradientDescent,SGD/SGD/update_188/ResourceApplyGradientDescent,2,50.177,25.0885,50.177,25.0885,0.0005951529002800601,0.8736185337850779,0.0,0.0
199,Device,FusedBatchNormGradV3,gradient_tape/model/batch_normalization_45/FusedBatchNormGradV3,2,50.176,25.088,50.176,25.088,0.0005951410392102416,0.8742136748242881,0.0,0.0
200,Device,Conv2DBackpropInput,gradient_tape/model/conv2d_5/Conv2D/Conv2DBackpropInput,2,50.176,25.088,50.176,25.088,0.0005951410392102416,0.8748088158634983,0.0,0.0
201,Device,Conv2DBackpropInput,gradient_tape/model/conv2d_6/Conv2D/Conv2DBackpropInput,2,50.176,25.088,50.176,25.088,0.0005951410392102416,0.8754039569027086,0.0,0.0
202,Device,Conv2D,model/conv2d_6/Conv2D,2,50.176,25.088,50.176,25.088,0.0005951410392102416,0.8759990979419188,0.0,0.0
203,Device,Conv2D,model/conv2d_9/Conv2D,2,50.176,25.088,50.176,25.088,0.0005951410392102416,0.876594238981129,0.0,0.0
204,Device,FusedBatchNormGradV3,gradient_tape/model/batch_normalization_42/FusedBatchNormGradV3,2,49.153,24.5765,49.153,24.5765,0.0005830071647859735,0.877177246145915,0.0,0.0
205,Device,ResourceApplyGradientDescent,SGD/SGD/update_200/ResourceApplyGradientDescent,2,49.152,24.576,49.152,24.576,0.0005829953037161551,0.8777602414496312,0.0,0.0
206,Device,AddN,SGD/gradients/AddN_13,2,49.152,24.576,49.152,24.576,0.0005829953037161551,0.8783432367533474,0.0,0.0
207,Device,Conv2DBackpropInput,gradient_tape/model/conv2d_1/Conv2D/Conv2DBackpropInput,4,49.152,12.288,49.152,12.288,0.0005829953037161551,0.8789262320570636,0.0,0.0
208,Device,Conv2DBackpropInput,gradient_tape/model/conv2d_9/Conv2D/Conv2DBackpropInput,2,49.152,24.576,49.152,24.576,0.0005829953037161551,0.8795092273607797,0.0,0.0
209,Device,AddN,SGD/gradients/AddN_14,2,48.128,24.064,48.128,24.064,0.0005708495682220685,0.8800800769290018,0.0,0.0
210,Device,Sum,conv2d_46/kernel/Regularizer/Sum,2,48.128,24.064,48.128,24.064,0.0005708495682220685,0.8806509264972239,0.0,0.0
211,Device,Conv2D,model/conv2d_11/Conv2D,2,44.032,22.016,44.032,22.016,0.0005222666262457222,0.8811731931234696,0.0,0.0
212,Device,FusedBatchNormGradV3,gradient_tape/model/batch_normalization_48/FusedBatchNormGradV3,2,43.009,21.5045,43.009,21.5045,0.0005101327518214541,0.8816833258752911,0.0,0.0
213,Device,AddN,ArithmeticOptimizer/AddOpsRewrite_AddN_1,12,43.008,3.584,43.008,3.584,0.0005101208907516357,0.8821934467660427,0.0,0.0
214,Device,AddN,SGD/gradients/AddN_12,2,41.984,20.992,41.984,20.992,0.0004979751552575491,0.8826914219213002,0.0,0.0
215,Device,MaxPoolGrad,gradient_tape/model/max_pooling2d/MaxPool/MaxPoolGrad,2,41.984,20.992,41.984,20.992,0.0004979751552575491,0.8831893970765577,0.0,0.0
216,Device,ReluGrad,gradient_tape/model/activation_6/ReluGrad,2,39.937,19.9685,39.937,19.9685,0.00047369554533919437,0.8836630926218969,0.0,0.0
217,Device,Square,conv2d_45/kernel/Regularizer/Square,2,39.936,19.968,39.936,19.968,0.000473683684269376,0.8841367763061663,0.0,0.0
218,Device,Square,conv2d_50/kernel/Regularizer/Square,2,39.936,19.968,39.936,19.968,0.000473683684269376,0.8846104599904356,0.0,0.0
219,Device,ReluGrad,gradient_tape/model/activation_3/ReluGrad,2,39.936,19.968,39.936,19.968,0.000473683684269376,0.885084143674705,0.0,0.0
220,Device,Square,conv2d_52/kernel/Regularizer/Square,2,38.912,19.456,38.912,19.456,0.0004615379487752894,0.8855456816234802,0.0,0.0
221,Device,ReluGrad,gradient_tape/model/activation/ReluGrad,2,38.912,19.456,38.912,19.456,0.0004615379487752894,0.8860072195722555,0.0,0.0
222,Device,Square,conv2d_49/kernel/Regularizer/Square,2,37.888,18.944,37.888,18.944,0.0004493922132812028,0.8864566117855367,0.0,0.0
223,Device,Mul,gradient_tape/conv2d_45/kernel/Regularizer/Mul,2,37.888,18.944,37.888,18.944,0.0004493922132812028,0.8869060039988179,0.0,0.0
224,Device,FusedBatchNormV3,model/batch_normalization_6/FusedBatchNormV3,4,37.888,9.472,37.888,9.472,0.0004493922132812028,0.8873553962120991,0.0,0.0
225,Device,FusedBatchNormV3,model/batch_normalization_9/FusedBatchNormV3,4,37.888,9.472,37.888,9.472,0.0004493922132812028,0.8878047884253804,0.0,0.0
226,Device,Square,conv2d_47/kernel/Regularizer/Square,2,36.864,18.432,36.864,18.432,0.00043724647778711626,0.8882420349031674,0.0,0.0
227,Device,ReluGrad,gradient_tape/model/activation_9/ReluGrad,2,36.864,18.432,36.864,18.432,0.00043724647778711626,0.8886792813809545,0.0,0.0
228,Device,AddV2,model/add/add,2,36.864,18.432,36.864,18.432,0.00043724647778711626,0.8891165278587416,0.0,0.0
229,Device,FusedBatchNormV3,model/batch_normalization_3/FusedBatchNormV3,4,36.864,9.216,36.864,9.216,0.00043724647778711626,0.8895537743365287,0.0,0.0
230,Device,AddV2,model/add_1/add,2,35.84,17.92,35.84,17.92,0.00042510074229302976,0.8899788750788218,0.0,0.0
231,Device,AddV2,model/add_2/add,2,35.84,17.92,35.84,17.92,0.00042510074229302976,0.8904039758211149,0.0,0.0
232,Device,Tile,gradient_tape/conv2d_47/kernel/Regularizer/Tile,2,34.816,17.408,34.816,17.408,0.0004129550067989432,0.8908169308279138,0.0,0.0
233,Device,AddN,SGD/gradients/AddN_57,2,33.792,16.896,33.792,16.896,0.00040080927130485664,0.8912177400992186,0.0,0.0
234,Device,Mul,gradient_tape/conv2d_25/kernel/Regularizer/Mul_1,2,33.792,16.896,33.792,16.896,0.00040080927130485664,0.8916185493705234,0.0,0.0
235,Device,Tile,gradient_tape/conv2d_45/kernel/Regularizer/Tile,2,33.792,16.896,33.792,16.896,0.00040080927130485664,0.8920193586418282,0.0,0.0
236,Device,BiasAddGrad,gradient_tape/model/conv2d_7/BiasAdd/BiasAddGrad,2,33.792,16.896,33.792,16.896,0.00040080927130485664,0.8924201679131331,0.0,0.0
237,Device,FusedBatchNormV3,model/batch_normalization_27/FusedBatchNormV3,4,33.792,8.448,33.792,8.448,0.00040080927130485664,0.8928209771844379,0.0,0.0
238,Device,FusedBatchNormV3,model/batch_normalization_30/FusedBatchNormV3,4,33.792,8.448,33.792,8.448,0.00040080927130485664,0.8932217864557427,0.0,0.0
239,Device,FusedBatchNormV3,model/batch_normalization_33/FusedBatchNormV3,4,33.792,8.448,33.792,8.448,0.00040080927130485664,0.8936225957270475,0.0,0.0
240,Device,FusedBatchNormV3,model/batch_normalization_36/FusedBatchNormV3,4,33.792,8.448,33.792,8.448,0.00040080927130485664,0.8940234049983523,0.0,0.0
241,Device,AddN,SGD/gradients/AddN_45,2,32.768,16.384,32.768,16.384,0.00038866353581077,0.8944120685341631,0.0,0.0
242,Device,AddN,SGD/gradients/AddN_48,2,32.768,16.384,32.768,16.384,0.00038866353581077,0.8948007320699739,0.0,0.0
243,Device,AddN,SGD/gradients/AddN_51,2,32.768,16.384,32.768,16.384,0.00038866353581077,0.8951893956057847,0.0,0.0
244,Device,AddN,SGD/gradients/AddN_54,2,32.768,16.384,32.768,16.384,0.00038866353581077,0.8955780591415955,0.0,0.0
245,Device,Sum,conv2d_45/kernel/Regularizer/Sum,2,32.768,16.384,32.768,16.384,0.00038866353581077,0.8959667226774063,0.0,0.0
246,Device,Sum,conv2d_49/kernel/Regularizer/Sum,2,32.768,16.384,32.768,16.384,0.00038866353581077,0.8963553862132171,0.0,0.0
247,Device,BiasAddGrad,gradient_tape/model/conv2d_10/BiasAdd/BiasAddGrad,2,32.768,16.384,32.768,16.384,0.00038866353581077,0.8967440497490279,0.0,0.0
248,Device,BiasAddGrad,gradient_tape/model/conv2d_4/BiasAdd/BiasAddGrad,2,32.768,16.384,32.768,16.384,0.00038866353581077,0.8971327132848387,0.0,0.0
249,Device,FusedBatchNormV3,model/batch_normalization_24/FusedBatchNormV3,4,32.768,8.192,32.768,8.192,0.00038866353581077,0.8975213768206495,0.0,0.0
250,Device,FusedBatchNormV3,model/batch_normalization_39/FusedBatchNormV3,4,32.768,8.192,32.768,8.192,0.00038866353581077,0.8979100403564603,0.0,0.0
251,Device,Mul,gradient_tape/conv2d_29/kernel/Regularizer/Mul_1,2,31.744,15.872,31.744,15.872,0.00037651780031668346,0.8982865581567769,0.0,0.0
252,Device,Mul,gradient_tape/conv2d_35/kernel/Regularizer/Mul_1,2,31.744,15.872,31.744,15.872,0.00037651780031668346,0.8986630759570936,0.0,0.0
253,Device,Mul,gradient_tape/conv2d_41/kernel/Regularizer/Mul_1,2,31.744,15.872,31.744,15.872,0.00037651780031668346,0.8990395937574103,0.0,0.0
254,Device,FusedBatchNormGradV3,gradient_tape/model/batch_normalization_33/FusedBatchNormGradV3,2,31.744,15.872,31.744,15.872,0.00037651780031668346,0.8994161115577269,0.0,0.0
255,Device,FusedBatchNormGradV3,gradient_tape/model/batch_normalization_36/FusedBatchNormGradV3,2,31.744,15.872,31.744,15.872,0.00037651780031668346,0.8997926293580436,0.0,0.0
256,Device,Sum,conv2d_47/kernel/Regularizer/Sum,2,30.72,15.36,30.72,15.36,0.0003643720648225969,0.9001570014228663,0.0,0.0
257,Device,Sum,conv2d_50/kernel/Regularizer/Sum,2,30.72,15.36,30.72,15.36,0.0003643720648225969,0.9005213734876889,0.0,0.0
258,Device,Mul,gradient_tape/conv2d_32/kernel/Regularizer/Mul_1,2,30.72,15.36,30.72,15.36,0.0003643720648225969,0.9008857455525116,0.0,0.0
259,Device,Mul,gradient_tape/conv2d_38/kernel/Regularizer/Mul_1,2,30.72,15.36,30.72,15.36,0.0003643720648225969,0.9012501176173342,0.0,0.0
260,Device,FusedBatchNormGradV3,gradient_tape/model/batch_normalization_15/FusedBatchNormGradV3,2,30.72,15.36,30.72,15.36,0.0003643720648225969,0.9016144896821568,0.0,0.0
261,Device,FusedBatchNormGradV3,gradient_tape/model/batch_normalization_18/FusedBatchNormGradV3,2,30.72,15.36,30.72,15.36,0.0003643720648225969,0.9019788617469795,0.0,0.0
262,Device,FusedBatchNormGradV3,gradient_tape/model/batch_normalization_21/FusedBatchNormGradV3,2,30.72,15.36,30.72,15.36,0.0003643720648225969,0.9023432338118021,0.0,0.0
263,Device,FusedBatchNormGradV3,gradient_tape/model/batch_normalization_24/FusedBatchNormGradV3,2,30.72,15.36,30.72,15.36,0.0003643720648225969,0.9027076058766248,0.0,0.0
264,Device,FusedBatchNormGradV3,gradient_tape/model/batch_normalization_27/FusedBatchNormGradV3,2,30.72,15.36,30.72,15.36,0.0003643720648225969,0.9030719779414474,0.0,0.0
265,Device,FusedBatchNormGradV3,gradient_tape/model/batch_normalization_30/FusedBatchNormGradV3,2,30.72,15.36,30.72,15.36,0.0003643720648225969,0.9034363500062701,0.0,0.0
266,Device,FusedBatchNormGradV3,gradient_tape/model/batch_normalization_39/FusedBatchNormGradV3,2,30.72,15.36,30.72,15.36,0.0003643720648225969,0.9038007220710927,0.0,0.0
267,Device,BiasAdd,model/conv2d/BiasAdd,2,30.72,15.36,30.72,15.36,0.0003643720648225969,0.9041650941359154,0.0,0.0
268,Device,AddN,SGD/gradients/AddN_42,2,29.696,14.848,29.696,14.848,0.00035222632932851034,0.9045173204652439,0.0,0.0
269,Device,AddN,SGD/gradients/AddN_59,2,29.696,14.848,29.696,14.848,0.00035222632932851034,0.9048695467945724,0.0,0.0
270,Device,Mul,gradient_tape/conv2d_27/kernel/Regularizer/Mul_1,2,29.696,14.848,29.696,14.848,0.00035222632932851034,0.905221773123901,0.0,0.0
271,Device,Mul,gradient_tape/conv2d_43/kernel/Regularizer/Mul_1,2,29.696,14.848,29.696,14.848,0.00035222632932851034,0.9055739994532295,0.0,0.0
272,Device,FusedBatchNormGradV3,gradient_tape/model/batch_normalization_12/FusedBatchNormGradV3,2,29.696,14.848,29.696,14.848,0.00035222632932851034,0.905926225782558,0.0,0.0
273,Device,Sum,conv2d_52/kernel/Regularizer/Sum,2,28.672,14.336,28.672,14.336,0.0003400805938344238,0.9062663063763924,0.0,0.0
274,Device,AddN,SGD/gradients/AddN_41,2,27.648,13.824,27.648,13.824,0.0003279348583403372,0.9065942412347328,0.0,0.0
275,Device,Conv2D,model/conv2d_1/Conv2D,2,27.648,13.824,27.648,13.824,0.0003279348583403372,0.9069221760930731,0.0,0.0
276,Device,FusedBatchNormV3,model/batch_normalization_12/FusedBatchNormV3,4,26.624,6.656,26.624,6.656,0.0003157891228462506,0.9072379652159194,0.0,0.0
277,Device,FusedBatchNormV3,model/batch_normalization_18/FusedBatchNormV3,4,26.624,6.656,26.624,6.656,0.0003157891228462506,0.9075537543387656,0.0,0.0
278,Device,FusedBatchNormV3,model/batch_normalization_21/FusedBatchNormV3,4,26.624,6.656,26.624,6.656,0.0003157891228462506,0.9078695434616119,0.0,0.0
279,Device,Sum,conv2d_43/kernel/Regularizer/Sum,2,25.6,12.8,25.6,12.8,0.0003036433873521641,0.908173186848964,0.0,0.0
280,Device,BiasAddGrad,gradient_tape/model/conv2d_49/BiasAdd/BiasAddGrad,2,25.6,12.8,25.6,12.8,0.0003036433873521641,0.9084768302363161,0.0,0.0
281,Device,FusedBatchNormV3,model/batch_normalization_15/FusedBatchNormV3,4,25.6,6.4,25.6,6.4,0.0003036433873521641,0.9087804736236682,0.0,0.0
282,Device,FusedBatchNormV3,model/batch_normalization_46/FusedBatchNormV3,4,25.6,6.4,25.6,6.4,0.0003036433873521641,0.9090841170110203,0.0,0.0
283,Device,Sum,conv2d_41/kernel/Regularizer/Sum,2,24.576,12.288,24.576,12.288,0.00029149765185807754,0.9093756146628784,0.0,0.0
284,Device,Mul,gradient_tape/conv2d_47/kernel/Regularizer/Mul,2,24.576,12.288,24.576,12.288,0.00029149765185807754,0.9096671123147365,0.0,0.0
285,Device,BiasAddGrad,gradient_tape/model/conv2d_46/BiasAdd/BiasAddGrad,2,24.576,12.288,24.576,12.288,0.00029149765185807754,0.9099586099665946,0.0,0.0
286,Device,BiasAddGrad,gradient_tape/model/conv2d_52/BiasAdd/BiasAddGrad,2,24.576,12.288,24.576,12.288,0.00029149765185807754,0.9102501076184527,0.0,0.0
287,Device,Relu,model/activation_9/Relu,2,24.576,12.288,24.576,12.288,0.00029149765185807754,0.9105416052703108,0.0,0.0
288,Device,FusedBatchNormV3,model/batch_normalization_44/FusedBatchNormV3,4,24.576,6.144,24.576,6.144,0.00029149765185807754,0.9108331029221689,0.0,0.0
289,Device,FusedBatchNormV3,model/batch_normalization_47/FusedBatchNormV3,4,24.576,6.144,24.576,6.144,0.00029149765185807754,0.911124600574027,0.0,0.0
290,Device,BiasAdd,model/conv2d_14/BiasAdd,2,24.576,12.288,24.576,12.288,0.00029149765185807754,0.9114160982258851,0.0,0.0
291,Device,MatMul,model/dense/MatMul,2,24.576,12.288,24.576,12.288,0.00029149765185807754,0.9117075958777432,0.0,0.0
292,Device,Sum,conv2d_25/kernel/Regularizer/Sum,2,23.552,11.776,23.552,11.776,0.00027935191636399093,0.9119869477941072,0.0,0.0
293,Device,Square,conv2d_29/kernel/Regularizer/Square,2,23.552,11.776,23.552,11.776,0.00027935191636399093,0.9122662997104711,0.0,0.0
294,Device,Square,conv2d_32/kernel/Regularizer/Square,2,23.552,11.776,23.552,11.776,0.00027935191636399093,0.9125456516268351,0.0,0.0
295,Device,Square,conv2d_35/kernel/Regularizer/Square,2,23.552,11.776,23.552,11.776,0.00027935191636399093,0.9128250035431991,0.0,0.0
296,Device,Sum,conv2d_35/kernel/Regularizer/Sum,2,23.552,11.776,23.552,11.776,0.00027935191636399093,0.913104355459563,0.0,0.0
297,Device,Square,conv2d_38/kernel/Regularizer/Square,2,23.552,11.776,23.552,11.776,0.00027935191636399093,0.913383707375927,0.0,0.0
298,Device,Mul,gradient_tape/conv2d_25/kernel/Regularizer/Mul,2,23.552,11.776,23.552,11.776,0.00027935191636399093,0.913663059292291,0.0,0.0
299,Device,FusedBatchNormV3,model/batch_normalization_41/FusedBatchNormV3,4,23.552,5.888,23.552,5.888,0.00027935191636399093,0.9139424112086549,0.0,0.0
300,Device,FusedBatchNormV3,model/batch_normalization_43/FusedBatchNormV3,4,23.552,5.888,23.552,5.888,0.00027935191636399093,0.9142217631250189,0.0,0.0
301,Device,ResourceApplyGradientDescent,SGD/SGD/update_100/ResourceApplyGradientDescent,2,22.528,11.264,22.528,11.264,0.00026720618086990437,0.9144889693058889,0.0,0.0
302,Device,AddN,SGD/gradients/AddN_11,2,22.528,11.264,22.528,11.264,0.00026720618086990437,0.9147561754867588,0.0,0.0
303,Device,Sum,conv2d_29/kernel/Regularizer/Sum,2,22.528,11.264,22.528,11.264,0.00026720618086990437,0.9150233816676288,0.0,0.0
304,Device,Sum,conv2d_31/kernel/Regularizer/Sum,2,22.528,11.264,22.528,11.264,0.00026720618086990437,0.9152905878484987,0.0,0.0
305,Device,Sum,conv2d_32/kernel/Regularizer/Sum,2,22.528,11.264,22.528,11.264,0.00026720618086990437,0.9155577940293687,0.0,0.0
306,Device,Sum,conv2d_40/kernel/Regularizer/Sum,2,22.528,11.264,22.528,11.264,0.00026720618086990437,0.9158250002102386,0.0,0.0
307,Device,Square,conv2d_41/kernel/Regularizer/Square,2,22.528,11.264,22.528,11.264,0.00026720618086990437,0.9160922063911086,0.0,0.0
308,Device,Square,conv2d_43/kernel/Regularizer/Square,2,22.528,11.264,22.528,11.264,0.00026720618086990437,0.9163594125719785,0.0,0.0
309,Device,FusedBatchNormV3,model/batch_normalization_40/FusedBatchNormV3,4,22.528,5.632,22.528,5.632,0.00026720618086990437,0.9166266187528485,0.0,0.0
310,Device,ResourceApplyGradientDescent,SGD/SGD/update_110/ResourceApplyGradientDescent,2,21.504,10.752,21.504,10.752,0.00025506044537581786,0.9168816791982243,0.0,0.0
311,Device,ResourceApplyGradientDescent,SGD/SGD/update_122/ResourceApplyGradientDescent,2,21.504,10.752,21.504,10.752,0.00025506044537581786,0.9171367396436001,0.0,0.0
312,Device,ResourceApplyGradientDescent,SGD/SGD/update_146/ResourceApplyGradientDescent,2,21.504,10.752,21.504,10.752,0.00025506044537581786,0.9173918000889759,0.0,0.0
313,Device,ResourceApplyGradientDescent,SGD/SGD/update_158/ResourceApplyGradientDescent,2,21.504,10.752,21.504,10.752,0.00025506044537581786,0.9176468605343517,0.0,0.0
314,Device,Sum,conv2d_26/kernel/Regularizer/Sum,2,21.504,10.752,21.504,10.752,0.00025506044537581786,0.9179019209797276,0.0,0.0
315,Device,Sum,conv2d_28/kernel/Regularizer/Sum,2,21.504,10.752,21.504,10.752,0.00025506044537581786,0.9181569814251034,0.0,0.0
316,Device,Tile,gradient_tape/conv2d_27/kernel/Regularizer/Tile,2,21.504,10.752,21.504,10.752,0.00025506044537581786,0.9184120418704792,0.0,0.0
317,Device,ResourceApplyGradientDescent,SGD/SGD/update_134/ResourceApplyGradientDescent,2,20.48,10.24,20.48,10.24,0.00024291470988173128,0.9186549565803609,0.0,0.0
318,Device,ResourceApplyGradientDescent,SGD/SGD/update_166/ResourceApplyGradientDescent,2,20.48,10.24,20.48,10.24,0.00024291470988173128,0.9188978712902426,0.0,0.0
319,Device,ResourceApplyGradientDescent,SGD/SGD/update_96/ResourceApplyGradientDescent,2,20.48,10.24,20.48,10.24,0.00024291470988173128,0.9191407860001243,0.0,0.0
320,Device,AddN,SGD/gradients/AddN_10,2,20.48,10.24,20.48,10.24,0.00024291470988173128,0.919383700710006,0.0,0.0
321,Device,AddN,SGD/gradients/AddN_9,2,20.48,10.24,20.48,10.24,0.00024291470988173128,0.9196266154198877,0.0,0.0
322,Device,Square,conv2d_25/kernel/Regularizer/Square,2,20.48,10.24,20.48,10.24,0.00024291470988173128,0.9198695301297694,0.0,0.0
323,Device,Sum,conv2d_27/kernel/Regularizer/Sum,2,20.48,10.24,20.48,10.24,0.00024291470988173128,0.920112444839651,0.0,0.0
324,Device,Sum,conv2d_30/kernel/Regularizer/Sum,2,20.48,10.24,20.48,10.24,0.00024291470988173128,0.9203553595495327,0.0,0.0
325,Device,Sum,conv2d_34/kernel/Regularizer/Sum,2,20.48,10.24,20.48,10.24,0.00024291470988173128,0.9205982742594144,0.0,0.0
326,Device,Sum,conv2d_42/kernel/Regularizer/Sum,2,20.48,10.24,20.48,10.24,0.00024291470988173128,0.9208411889692961,0.0,0.0
327,Device,Tile,gradient_tape/conv2d_25/kernel/Regularizer/Tile,2,20.48,10.24,20.48,10.24,0.00024291470988173128,0.9210841036791778,0.0,0.0
328,Device,Tile,gradient_tape/conv2d_43/kernel/Regularizer/Tile,2,20.48,10.24,20.48,10.24,0.00024291470988173128,0.9213270183890595,0.0,0.0
329,Device,FusedBatchNormGradV3,gradient_tape/model/batch_normalization_40/FusedBatchNormGradV3,2,20.48,10.24,20.48,10.24,0.00024291470988173128,0.9215699330989412,0.0,0.0
330,Device,FusedBatchNormGradV3,gradient_tape/model/batch_normalization_41/FusedBatchNormGradV3,2,20.48,10.24,20.48,10.24,0.00024291470988173128,0.9218128478088229,0.0,0.0
331,Device,FusedBatchNormGradV3,gradient_tape/model/batch_normalization_47/FusedBatchNormGradV3,2,20.48,10.24,20.48,10.24,0.00024291470988173128,0.9220557625187046,0.0,0.0
332,Device,BiasAdd,model/conv2d_4/BiasAdd,2,20.48,10.24,20.48,10.24,0.00024291470988173128,0.9222986772285863,0.0,0.0
333,Device,Softmax,model/dense/Softmax,2,20.48,10.24,20.48,10.24,0.00024291470988173128,0.922541591938468,0.0,0.0
334,Device,ArgMax,ArgMax,2,19.456,9.728,19.456,9.728,0.0002307689743876447,0.9227723609128556,0.0,0.0
335,Device,ArgMax,ArgMax_1,2,19.456,9.728,19.456,9.728,0.0002307689743876447,0.9230031298872433,0.0,0.0
336,Device,Sum,conv2d_33/kernel/Regularizer/Sum,2,19.456,9.728,19.456,9.728,0.0002307689743876447,0.923233898861631,0.0,0.0
337,Device,Sum,conv2d_36/kernel/Regularizer/Sum,2,19.456,9.728,19.456,9.728,0.0002307689743876447,0.9234646678360187,0.0,0.0
338,Device,Sum,conv2d_38/kernel/Regularizer/Sum,2,19.456,9.728,19.456,9.728,0.0002307689743876447,0.9236954368104063,0.0,0.0
339,Device,FusedBatchNormGradV3,gradient_tape/model/batch_normalization_43/FusedBatchNormGradV3,2,19.456,9.728,19.456,9.728,0.0002307689743876447,0.923926205784794,0.0,0.0
340,Device,FusedBatchNormGradV3,gradient_tape/model/batch_normalization_44/FusedBatchNormGradV3,2,19.456,9.728,19.456,9.728,0.0002307689743876447,0.9241569747591817,0.0,0.0
341,Device,Relu,model/activation_21/Relu,2,19.456,9.728,19.456,9.728,0.0002307689743876447,0.9243877437335694,0.0,0.0
342,Device,AddN,SGD/gradients/AddN_43,2,18.432,9.216,18.432,9.216,0.00021862323889355813,0.9246063669724629,0.0,0.0
343,Device,AddN,SGD/gradients/AddN_52,2,18.432,9.216,18.432,9.216,0.00021862323889355813,0.9248249902113564,0.0,0.0
344,Device,AddN,SGD/gradients/AddN_8,2,18.432,9.216,18.432,9.216,0.00021862323889355813,0.92504361345025,0.0,0.0
345,Device,Square,conv2d_27/kernel/Regularizer/Square,2,18.432,9.216,18.432,9.216,0.00021862323889355813,0.9252622366891435,0.0,0.0
346,Device,Sum,conv2d_37/kernel/Regularizer/Sum,2,18.432,9.216,18.432,9.216,0.00021862323889355813,0.9254808599280371,0.0,0.0
347,Device,Sum,conv2d_39/kernel/Regularizer/Sum,2,18.432,9.216,18.432,9.216,0.00021862323889355813,0.9256994831669306,0.0,0.0
348,Device,Mul,gradient_tape/conv2d_43/kernel/Regularizer/Mul,2,18.432,9.216,18.432,9.216,0.00021862323889355813,0.9259181064058242,0.0,0.0
349,Device,ReluGrad,gradient_tape/model/activation_12/ReluGrad,2,18.432,9.216,18.432,9.216,0.00021862323889355813,0.9261367296447177,0.0,0.0
350,Device,FusedBatchNormGradV3,gradient_tape/model/batch_normalization_46/FusedBatchNormGradV3,2,18.432,9.216,18.432,9.216,0.00021862323889355813,0.9263553528836113,0.0,0.0
351,Device,BiasAddGrad,gradient_tape/model/conv2d/BiasAdd/BiasAddGrad,2,18.432,9.216,18.432,9.216,0.00021862323889355813,0.9265739761225048,0.0,0.0
352,Device,BiasAddGrad,gradient_tape/model/conv2d_27/BiasAdd/BiasAddGrad,2,18.432,9.216,18.432,9.216,0.00021862323889355813,0.9267925993613984,0.0,0.0
353,Device,BiasAddGrad,gradient_tape/model/conv2d_33/BiasAdd/BiasAddGrad,2,18.432,9.216,18.432,9.216,0.00021862323889355813,0.9270112226002919,0.0,0.0
354,Device,BiasAddGrad,gradient_tape/model/conv2d_42/BiasAdd/BiasAddGrad,2,18.432,9.216,18.432,9.216,0.00021862323889355813,0.9272298458391854,0.0,0.0
355,Device,FusedBatchNormV3,model/batch_normalization_23/FusedBatchNormV3,4,18.432,4.608,18.432,4.608,0.00021862323889355813,0.927448469078079,0.0,0.0
356,Device,FusedBatchNormV3,model/batch_normalization_26/FusedBatchNormV3,4,18.432,4.608,18.432,4.608,0.00021862323889355813,0.9276670923169725,0.0,0.0
357,Device,FusedBatchNormV3,model/batch_normalization_28/FusedBatchNormV3,4,18.432,4.608,18.432,4.608,0.00021862323889355813,0.9278857155558661,0.0,0.0
358,Device,FusedBatchNormV3,model/batch_normalization_29/FusedBatchNormV3,4,18.432,4.608,18.432,4.608,0.00021862323889355813,0.9281043387947596,0.0,0.0
359,Device,FusedBatchNormV3,model/batch_normalization_31/FusedBatchNormV3,4,18.432,4.608,18.432,4.608,0.00021862323889355813,0.9283229620336532,0.0,0.0
360,Device,FusedBatchNormV3,model/batch_normalization_34/FusedBatchNormV3,4,18.432,4.608,18.432,4.608,0.00021862323889355813,0.9285415852725467,0.0,0.0
361,Device,FusedBatchNormV3,model/batch_normalization_37/FusedBatchNormV3,4,18.432,4.608,18.432,4.608,0.00021862323889355813,0.9287602085114403,0.0,0.0
362,Device,AddN,SGD/gradients/AddN_46,2,17.408,8.704,17.408,8.704,0.0002064775033994716,0.9289666860148398,0.0,0.0
363,Device,AddN,SGD/gradients/AddN_49,2,17.408,8.704,17.408,8.704,0.0002064775033994716,0.9291731635182393,0.0,0.0
364,Device,BiasAddGrad,gradient_tape/model/conv2d_30/BiasAdd/BiasAddGrad,2,17.408,8.704,17.408,8.704,0.0002064775033994716,0.9293796410216388,0.0,0.0
365,Device,FusedBatchNormV3,model/batch_normalization_22/FusedBatchNormV3,4,17.408,4.352,17.408,4.352,0.0002064775033994716,0.9295861185250384,0.0,0.0
366,Device,FusedBatchNormV3,model/batch_normalization_25/FusedBatchNormV3,4,17.408,4.352,17.408,4.352,0.0002064775033994716,0.9297925960284379,0.0,0.0
367,Device,FusedBatchNormV3,model/batch_normalization_32/FusedBatchNormV3,4,17.408,4.352,17.408,4.352,0.0002064775033994716,0.9299990735318374,0.0,0.0
368,Device,FusedBatchNormV3,model/batch_normalization_35/FusedBatchNormV3,4,17.408,4.352,17.408,4.352,0.0002064775033994716,0.9302055510352369,0.0,0.0
369,Device,FusedBatchNormV3,model/batch_normalization_38/FusedBatchNormV3,4,17.408,4.352,17.408,4.352,0.0002064775033994716,0.9304120285386365,0.0,0.0
370,Device,AddN,SGD/gradients/AddN_55,2,16.384,8.192,16.384,8.192,0.000194331767905385,0.9306063603065419,0.0,0.0
371,Device,AddN,SGD/gradients/AddN_58,2,16.384,8.192,16.384,8.192,0.000194331767905385,0.9308006920744473,0.0,0.0
372,Device,Sum,conv2d_12/kernel/Regularizer/Sum,2,16.384,8.192,16.384,8.192,0.000194331767905385,0.9309950238423527,0.0,0.0
373,Device,Sum,conv2d_14/kernel/Regularizer/Sum,2,16.384,8.192,16.384,8.192,0.000194331767905385,0.9311893556102581,0.0,0.0
374,Device,Sum,conv2d_17/kernel/Regularizer/Sum,2,16.384,8.192,16.384,8.192,0.000194331767905385,0.9313836873781635,0.0,0.0
375,Device,Sum,conv2d_19/kernel/Regularizer/Sum,2,16.384,8.192,16.384,8.192,0.000194331767905385,0.9315780191460689,0.0,0.0
376,Device,Sum,conv2d_21/kernel/Regularizer/Sum,2,16.384,8.192,16.384,8.192,0.000194331767905385,0.9317723509139743,0.0,0.0
377,Device,Sum,conv2d_24/kernel/Regularizer/Sum,2,16.384,8.192,16.384,8.192,0.000194331767905385,0.9319666826818797,0.0,0.0
378,Device,ReluGrad,gradient_tape/model/activation_15/ReluGrad,2,16.384,8.192,16.384,8.192,0.000194331767905385,0.932161014449785,0.0,0.0
379,Device,ReluGrad,gradient_tape/model/activation_18/ReluGrad,2,16.384,8.192,16.384,8.192,0.000194331767905385,0.9323553462176905,0.0,0.0
380,Device,FusedBatchNormGradV3,gradient_tape/model/batch_normalization_1/FusedBatchNormGradV3,2,16.384,8.192,16.384,8.192,0.000194331767905385,0.9325496779855958,0.0,0.0
381,Device,FusedBatchNormGradV3,gradient_tape/model/batch_normalization_23/FusedBatchNormGradV3,2,16.384,8.192,16.384,8.192,0.000194331767905385,0.9327440097535012,0.0,0.0
382,Device,FusedBatchNormGradV3,gradient_tape/model/batch_normalization_28/FusedBatchNormGradV3,2,16.384,8.192,16.384,8.192,0.000194331767905385,0.9329383415214066,0.0,0.0
383,Device,FusedBatchNormGradV3,gradient_tape/model/batch_normalization_29/FusedBatchNormGradV3,2,16.384,8.192,16.384,8.192,0.000194331767905385,0.933132673289312,0.0,0.0
384,Device,FusedBatchNormGradV3,gradient_tape/model/batch_normalization_32/FusedBatchNormGradV3,2,16.384,8.192,16.384,8.192,0.000194331767905385,0.9333270050572174,0.0,0.0
385,Device,FusedBatchNormGradV3,gradient_tape/model/batch_normalization_34/FusedBatchNormGradV3,2,16.384,8.192,16.384,8.192,0.000194331767905385,0.9335213368251228,0.0,0.0
386,Device,FusedBatchNormGradV3,gradient_tape/model/batch_normalization_35/FusedBatchNormGradV3,2,16.384,8.192,16.384,8.192,0.000194331767905385,0.9337156685930282,0.0,0.0
387,Device,FusedBatchNormGradV3,gradient_tape/model/batch_normalization_37/FusedBatchNormGradV3,2,16.384,8.192,16.384,8.192,0.000194331767905385,0.9339100003609336,0.0,0.0
388,Device,FusedBatchNormGradV3,gradient_tape/model/batch_normalization_4/FusedBatchNormGradV3,2,16.384,8.192,16.384,8.192,0.000194331767905385,0.934104332128839,0.0,0.0
389,Device,FusedBatchNormGradV3,gradient_tape/model/batch_normalization_7/FusedBatchNormGradV3,2,16.384,8.192,16.384,8.192,0.000194331767905385,0.9342986638967444,0.0,0.0
390,Device,FusedBatchNormGradV3,gradient_tape/model/batch_normalization_8/FusedBatchNormGradV3,2,16.384,8.192,16.384,8.192,0.000194331767905385,0.9344929956646498,0.0,0.0
391,Device,Transpose,gradient_tape/model/conv2d/Conv2D/Conv2DBackpropFilter-0-TransposeNHWCToNCHW-LayoutOptimizer,2,16.384,8.192,16.384,8.192,0.000194331767905385,0.9346873274325552,0.0,0.0
392,Device,BiasAddGrad,gradient_tape/model/conv2d_14/BiasAdd/BiasAddGrad,2,16.384,8.192,16.384,8.192,0.000194331767905385,0.9348816592004606,0.0,0.0
393,Device,BiasAddGrad,gradient_tape/model/conv2d_36/BiasAdd/BiasAddGrad,2,16.384,8.192,16.384,8.192,0.000194331767905385,0.935075990968366,0.0,0.0
394,Device,BiasAddGrad,gradient_tape/model/conv2d_39/BiasAdd/BiasAddGrad,2,16.384,8.192,16.384,8.192,0.000194331767905385,0.9352703227362714,0.0,0.0
395,Device,BiasAddGrad,gradient_tape/model/conv2d_47/BiasAdd/BiasAddGrad,2,16.384,8.192,16.384,8.192,0.000194331767905385,0.9354646545041768,0.0,0.0
396,Device,AddV2,model/add_6/add,2,16.384,8.192,16.384,8.192,0.000194331767905385,0.9356589862720822,0.0,0.0
397,Device,FusedBatchNormV3,model/batch_normalization_1/FusedBatchNormV3,4,16.384,4.096,16.384,4.096,0.000194331767905385,0.9358533180399876,0.0,0.0
398,Device,FusedBatchNormV3,model/batch_normalization_2/FusedBatchNormV3,4,16.384,4.096,16.384,4.096,0.000194331767905385,0.936047649807893,0.0,0.0
399,Device,FusedBatchNormV3,model/batch_normalization_4/FusedBatchNormV3,4,16.384,4.096,16.384,4.096,0.000194331767905385,0.9362419815757984,0.0,0.0
400,Device,FusedBatchNormV3,model/batch_normalization_5/FusedBatchNormV3,4,16.384,4.096,16.384,4.096,0.000194331767905385,0.9364363133437038,0.0,0.0
401,Device,FusedBatchNormV3,model/batch_normalization_8/FusedBatchNormV3,4,16.384,4.096,16.384,4.096,0.000194331767905385,0.9366306451116092,0.0,0.0
402,Device,BiasAdd,model/conv2d_10/BiasAdd,2,16.384,8.192,16.384,8.192,0.000194331767905385,0.9368249768795146,0.0,0.0
403,Device,MaxPool,model/max_pooling2d/MaxPool,2,16.384,8.192,16.384,8.192,0.000194331767905385,0.93701930864742,0.0,0.0
404,Device,ResourceApplyGradientDescent,SGD/SGD/update_102/ResourceApplyGradientDescent,2,15.36,7.68,15.36,7.68,0.00018218603241129845,0.9372014946798313,0.0,0.0
405,Device,Sum,conv2d_15/kernel/Regularizer/Sum,2,15.36,7.68,15.36,7.68,0.00018218603241129845,0.9373836807122425,0.0,0.0
406,Device,Sum,conv2d_18/kernel/Regularizer/Sum,2,15.36,7.68,15.36,7.68,0.00018218603241129845,0.9375658667446538,0.0,0.0
407,Device,Sum,conv2d_22/kernel/Regularizer/Sum,2,15.36,7.68,15.36,7.68,0.00018218603241129845,0.9377480527770651,0.0,0.0
408,Device,FusedBatchNormGradV3,gradient_tape/model/batch_normalization_2/FusedBatchNormGradV3,2,15.36,7.68,15.36,7.68,0.00018218603241129845,0.9379302388094763,0.0,0.0
409,Device,FusedBatchNormGradV3,gradient_tape/model/batch_normalization_25/FusedBatchNormGradV3,2,15.36,7.68,15.36,7.68,0.00018218603241129845,0.9381124248418876,0.0,0.0
410,Device,FusedBatchNormGradV3,gradient_tape/model/batch_normalization_26/FusedBatchNormGradV3,2,15.36,7.68,15.36,7.68,0.00018218603241129845,0.9382946108742989,0.0,0.0
411,Device,FusedBatchNormGradV3,gradient_tape/model/batch_normalization_38/FusedBatchNormGradV3,2,15.36,7.68,15.36,7.68,0.00018218603241129845,0.9384767969067102,0.0,0.0
412,Device,FusedBatchNormGradV3,gradient_tape/model/batch_normalization_5/FusedBatchNormGradV3,2,15.36,7.68,15.36,7.68,0.00018218603241129845,0.9386589829391214,0.0,0.0
413,Device,BiasAddGrad,gradient_tape/model/conv2d_20/BiasAdd/BiasAddGrad,2,15.36,7.68,15.36,7.68,0.00018218603241129845,0.9388411689715327,0.0,0.0
414,Device,BiasAddGrad,gradient_tape/model/conv2d_28/BiasAdd/BiasAddGrad,2,15.36,7.68,15.36,7.68,0.00018218603241129845,0.939023355003944,0.0,0.0
415,Device,BiasAddGrad,gradient_tape/model/conv2d_29/BiasAdd/BiasAddGrad,2,15.36,7.68,15.36,7.68,0.00018218603241129845,0.9392055410363552,0.0,0.0
416,Device,BiasAddGrad,gradient_tape/model/conv2d_32/BiasAdd/BiasAddGrad,2,15.36,7.68,15.36,7.68,0.00018218603241129845,0.9393877270687665,0.0,0.0
417,Device,BiasAddGrad,gradient_tape/model/conv2d_40/BiasAdd/BiasAddGrad,2,15.36,7.68,15.36,7.68,0.00018218603241129845,0.9395699131011778,0.0,0.0
418,Device,BiasAddGrad,gradient_tape/model/conv2d_48/BiasAdd/BiasAddGrad,2,15.36,7.68,15.36,7.68,0.00018218603241129845,0.939752099133589,0.0,0.0
419,Device,BiasAddGrad,gradient_tape/model/conv2d_50/BiasAdd/BiasAddGrad,2,15.36,7.68,15.36,7.68,0.00018218603241129845,0.9399342851660003,0.0,0.0
420,Device,BiasAddGrad,gradient_tape/model/conv2d_51/BiasAdd/BiasAddGrad,2,15.36,7.68,15.36,7.68,0.00018218603241129845,0.9401164711984116,0.0,0.0
421,Device,FusedBatchNormV3,model/batch_normalization_10/FusedBatchNormV3,4,15.36,3.84,15.36,3.84,0.00018218603241129845,0.9402986572308228,0.0,0.0
422,Device,FusedBatchNormV3,model/batch_normalization_11/FusedBatchNormV3,4,15.36,3.84,15.36,3.84,0.00018218603241129845,0.9404808432632341,0.0,0.0
423,Device,FusedBatchNormV3,model/batch_normalization_14/FusedBatchNormV3,4,15.36,3.84,15.36,3.84,0.00018218603241129845,0.9406630292956454,0.0,0.0
424,Device,FusedBatchNormV3,model/batch_normalization_7/FusedBatchNormV3,4,15.36,3.84,15.36,3.84,0.00018218603241129845,0.9408452153280566,0.0,0.0
425,Device,BiasAdd,model/conv2d_3/BiasAdd,2,15.36,7.68,15.36,7.68,0.00018218603241129845,0.9410274013604679,0.0,0.0
426,Device,BiasAdd,model/conv2d_7/BiasAdd,2,15.36,7.68,15.36,7.68,0.00018218603241129845,0.9412095873928792,0.0,0.0
427,Device,Square,conv2d_30/kernel/Regularizer/Square,2,14.337,7.1685,14.337,7.1685,0.00017005215798703032,0.9413796395508662,0.0,0.0
428,Device,FusedBatchNormGradV3,gradient_tape/model/batch_normalization_13/FusedBatchNormGradV3,2,14.337,7.1685,14.337,7.1685,0.00017005215798703032,0.9415496917088533,0.0,0.0
429,Device,Sum,conv2d_13/kernel/Regularizer/Sum,2,14.336,7.168,14.336,7.168,0.0001700402969172119,0.9417197320057705,0.0,0.0
430,Device,Sum,conv2d_16/kernel/Regularizer/Sum,2,14.336,7.168,14.336,7.168,0.0001700402969172119,0.9418897723026878,0.0,0.0
431,Device,Sum,conv2d_2/kernel/Regularizer/Sum,2,14.336,7.168,14.336,7.168,0.0001700402969172119,0.942059812599605,0.0,0.0
432,Device,Sum,conv2d_20/kernel/Regularizer/Sum,2,14.336,7.168,14.336,7.168,0.0001700402969172119,0.9422298528965223,0.0,0.0
433,Device,Square,conv2d_31/kernel/Regularizer/Square,2,14.336,7.168,14.336,7.168,0.0001700402969172119,0.9423998931934395,0.0,0.0
434,Device,Square,conv2d_34/kernel/Regularizer/Square,2,14.336,7.168,14.336,7.168,0.0001700402969172119,0.9425699334903568,0.0,0.0
435,Device,Square,conv2d_39/kernel/Regularizer/Square,2,14.336,7.168,14.336,7.168,0.0001700402969172119,0.942739973787274,0.0,0.0
436,Device,Square,conv2d_42/kernel/Regularizer/Square,2,14.336,7.168,14.336,7.168,0.0001700402969172119,0.9429100140841913,0.0,0.0
437,Device,Sum,conv2d_9/kernel/Regularizer/Sum,2,14.336,7.168,14.336,7.168,0.0001700402969172119,0.9430800543811085,0.0,0.0
438,Device,Tile,gradient_tape/conv2d_11/kernel/Regularizer/Tile,2,14.336,7.168,14.336,7.168,0.0001700402969172119,0.9432500946780258,0.0,0.0
439,Device,Tile,gradient_tape/conv2d_13/kernel/Regularizer/Tile,2,14.336,7.168,14.336,7.168,0.0001700402969172119,0.943420134974943,0.0,0.0
440,Device,Mul,gradient_tape/conv2d_27/kernel/Regularizer/Mul,2,14.336,7.168,14.336,7.168,0.0001700402969172119,0.9435901752718603,0.0,0.0
441,Device,Mul,gradient_tape/conv2d_28/kernel/Regularizer/Mul_1,2,14.336,7.168,14.336,7.168,0.0001700402969172119,0.9437602155687775,0.0,0.0
442,Device,Mul,gradient_tape/conv2d_30/kernel/Regularizer/Mul_1,2,14.336,7.168,14.336,7.168,0.0001700402969172119,0.9439302558656948,0.0,0.0
443,Device,Mul,gradient_tape/conv2d_31/kernel/Regularizer/Mul_1,2,14.336,7.168,14.336,7.168,0.0001700402969172119,0.944100296162612,0.0,0.0
444,Device,Mul,gradient_tape/conv2d_34/kernel/Regularizer/Mul_1,2,14.336,7.168,14.336,7.168,0.0001700402969172119,0.9442703364595293,0.0,0.0
445,Device,Mul,gradient_tape/conv2d_36/kernel/Regularizer/Mul_1,2,14.336,7.168,14.336,7.168,0.0001700402969172119,0.9444403767564465,0.0,0.0
446,Device,Mul,gradient_tape/conv2d_37/kernel/Regularizer/Mul_1,2,14.336,7.168,14.336,7.168,0.0001700402969172119,0.9446104170533638,0.0,0.0
447,Device,FusedBatchNormGradV3,gradient_tape/model/batch_normalization_22/FusedBatchNormGradV3,2,14.336,7.168,14.336,7.168,0.0001700402969172119,0.944780457350281,0.0,0.0
448,Device,FusedBatchNormGradV3,gradient_tape/model/batch_normalization_31/FusedBatchNormGradV3,2,14.336,7.168,14.336,7.168,0.0001700402969172119,0.9449504976471983,0.0,0.0
449,Device,BiasAddGrad,gradient_tape/model/conv2d_17/BiasAdd/BiasAddGrad,2,14.336,7.168,14.336,7.168,0.0001700402969172119,0.9451205379441155,0.0,0.0
450,Device,BiasAddGrad,gradient_tape/model/conv2d_2/BiasAdd/BiasAddGrad,2,14.336,7.168,14.336,7.168,0.0001700402969172119,0.9452905782410328,0.0,0.0
451,Device,BiasAddGrad,gradient_tape/model/conv2d_23/BiasAdd/BiasAddGrad,2,14.336,7.168,14.336,7.168,0.0001700402969172119,0.94546061853795,0.0,0.0
452,Device,BiasAddGrad,gradient_tape/model/conv2d_24/BiasAdd/BiasAddGrad,2,14.336,7.168,14.336,7.168,0.0001700402969172119,0.9456306588348673,0.0,0.0
453,Device,BiasAddGrad,gradient_tape/model/conv2d_25/BiasAdd/BiasAddGrad,2,14.336,7.168,14.336,7.168,0.0001700402969172119,0.9458006991317846,0.0,0.0
454,Device,BiasAddGrad,gradient_tape/model/conv2d_31/BiasAdd/BiasAddGrad,2,14.336,7.168,14.336,7.168,0.0001700402969172119,0.9459707394287018,0.0,0.0
455,Device,BiasAddGrad,gradient_tape/model/conv2d_34/BiasAdd/BiasAddGrad,2,14.336,7.168,14.336,7.168,0.0001700402969172119,0.946140779725619,0.0,0.0
456,Device,BiasAddGrad,gradient_tape/model/conv2d_35/BiasAdd/BiasAddGrad,2,14.336,7.168,14.336,7.168,0.0001700402969172119,0.9463108200225363,0.0,0.0
457,Device,BiasAddGrad,gradient_tape/model/conv2d_37/BiasAdd/BiasAddGrad,2,14.336,7.168,14.336,7.168,0.0001700402969172119,0.9464808603194536,0.0,0.0
458,Device,BiasAddGrad,gradient_tape/model/conv2d_38/BiasAdd/BiasAddGrad,2,14.336,7.168,14.336,7.168,0.0001700402969172119,0.9466509006163708,0.0,0.0
459,Device,BiasAddGrad,gradient_tape/model/conv2d_41/BiasAdd/BiasAddGrad,2,14.336,7.168,14.336,7.168,0.0001700402969172119,0.9468209409132881,0.0,0.0
460,Device,BiasAddGrad,gradient_tape/model/conv2d_43/BiasAdd/BiasAddGrad,2,14.336,7.168,14.336,7.168,0.0001700402969172119,0.9469909812102053,0.0,0.0
461,Device,BiasAddGrad,gradient_tape/model/conv2d_44/BiasAdd/BiasAddGrad,2,14.336,7.168,14.336,7.168,0.0001700402969172119,0.9471610215071226,0.0,0.0
462,Device,BiasAddGrad,gradient_tape/model/conv2d_6/BiasAdd/BiasAddGrad,2,14.336,7.168,14.336,7.168,0.0001700402969172119,0.9473310618040398,0.0,0.0
463,Device,MatMul,gradient_tape/model/dense/MatMul/MatMul,2,14.336,7.168,14.336,7.168,0.0001700402969172119,0.9475011021009571,0.0,0.0
464,Device,AddV2,model/add_3/add,2,14.336,7.168,14.336,7.168,0.0001700402969172119,0.9476711423978743,0.0,0.0
465,Device,AddV2,model/add_4/add,2,14.336,7.168,14.336,7.168,0.0001700402969172119,0.9478411826947916,0.0,0.0
466,Device,AddV2,model/add_5/add,2,14.336,7.168,14.336,7.168,0.0001700402969172119,0.9480112229917088,0.0,0.0
467,Device,FusedBatchNormV3,model/batch_normalization_16/FusedBatchNormV3,4,14.336,3.584,14.336,3.584,0.0001700402969172119,0.9481812632886261,0.0,0.0
468,Device,FusedBatchNormV3,model/batch_normalization_17/FusedBatchNormV3,4,14.336,3.584,14.336,3.584,0.0001700402969172119,0.9483513035855433,0.0,0.0
469,Device,FusedBatchNormV3,model/batch_normalization_20/FusedBatchNormV3,4,14.336,3.584,14.336,3.584,0.0001700402969172119,0.9485213438824606,0.0,0.0
470,Device,BiasAddGrad,gradient_tape/model/conv2d_1/BiasAdd/BiasAddGrad,2,13.313,6.6565,13.313,6.6565,0.00015790642249294376,0.9486792503049535,0.0,0.0
471,Device,ResourceApplyGradientDescent,SGD/SGD/update_126/ResourceApplyGradientDescent,2,13.312,6.656,13.312,6.656,0.0001578945614231253,0.9488371448663766,0.0,0.0
472,Device,ResourceApplyGradientDescent,SGD/SGD/update_138/ResourceApplyGradientDescent,2,13.312,6.656,13.312,6.656,0.0001578945614231253,0.9489950394277997,0.0,0.0
473,Device,ResourceApplyGradientDescent,SGD/SGD/update_162/ResourceApplyGradientDescent,2,13.312,6.656,13.312,6.656,0.0001578945614231253,0.9491529339892228,0.0,0.0
474,Device,AddN,SGD/gradients/AddN_47,2,13.312,6.656,13.312,6.656,0.0001578945614231253,0.949310828550646,0.0,0.0
475,Device,AddN,SGD/gradients/AddN_50,2,13.312,6.656,13.312,6.656,0.0001578945614231253,0.9494687231120691,0.0,0.0
476,Device,AddN,SGD/gradients/AddN_53,2,13.312,6.656,13.312,6.656,0.0001578945614231253,0.9496266176734922,0.0,0.0
477,Device,Sum,conv2d/kernel/Regularizer/Sum,2,13.312,6.656,13.312,6.656,0.0001578945614231253,0.9497845122349153,0.0,0.0
478,Device,Sum,conv2d_11/kernel/Regularizer/Sum,2,13.312,6.656,13.312,6.656,0.0001578945614231253,0.9499424067963385,0.0,0.0
479,Device,Square,conv2d_28/kernel/Regularizer/Square,2,13.312,6.656,13.312,6.656,0.0001578945614231253,0.9501003013577616,0.0,0.0
480,Device,Square,conv2d_37/kernel/Regularizer/Square,2,13.312,6.656,13.312,6.656,0.0001578945614231253,0.9502581959191847,0.0,0.0
481,Device,Sum,conv2d_6/kernel/Regularizer/Sum,2,13.312,6.656,13.312,6.656,0.0001578945614231253,0.9504160904806078,0.0,0.0
482,Device,Tile,gradient_tape/conv2d_14/kernel/Regularizer/Tile,2,13.312,6.656,13.312,6.656,0.0001578945614231253,0.9505739850420309,0.0,0.0
483,Device,Tile,gradient_tape/conv2d_24/kernel/Regularizer/Tile,2,13.312,6.656,13.312,6.656,0.0001578945614231253,0.9507318796034541,0.0,0.0
484,Device,Mul,gradient_tape/conv2d_26/kernel/Regularizer/Mul_1,2,13.312,6.656,13.312,6.656,0.0001578945614231253,0.9508897741648772,0.0,0.0
485,Device,Tile,gradient_tape/conv2d_26/kernel/Regularizer/Tile,2,13.312,6.656,13.312,6.656,0.0001578945614231253,0.9510476687263003,0.0,0.0
486,Device,Tile,gradient_tape/conv2d_28/kernel/Regularizer/Tile,2,13.312,6.656,13.312,6.656,0.0001578945614231253,0.9512055632877234,0.0,0.0
487,Device,Mul,gradient_tape/conv2d_33/kernel/Regularizer/Mul_1,2,13.312,6.656,13.312,6.656,0.0001578945614231253,0.9513634578491466,0.0,0.0
488,Device,Mul,gradient_tape/conv2d_40/kernel/Regularizer/Mul_1,2,13.312,6.656,13.312,6.656,0.0001578945614231253,0.9515213524105697,0.0,0.0
489,Device,ReluGrad,gradient_tape/model/activation_39/ReluGrad,2,13.312,6.656,13.312,6.656,0.0001578945614231253,0.9516792469719928,0.0,0.0
490,Device,FusedBatchNormGradV3,gradient_tape/model/batch_normalization_10/FusedBatchNormGradV3,2,13.312,6.656,13.312,6.656,0.0001578945614231253,0.9518371415334159,0.0,0.0
491,Device,FusedBatchNormGradV3,gradient_tape/model/batch_normalization_11/FusedBatchNormGradV3,2,13.312,6.656,13.312,6.656,0.0001578945614231253,0.951995036094839,0.0,0.0
492,Device,FusedBatchNormGradV3,gradient_tape/model/batch_normalization_14/FusedBatchNormGradV3,2,13.312,6.656,13.312,6.656,0.0001578945614231253,0.9521529306562622,0.0,0.0
493,Device,FusedBatchNormGradV3,gradient_tape/model/batch_normalization_16/FusedBatchNormGradV3,2,13.312,6.656,13.312,6.656,0.0001578945614231253,0.9523108252176853,0.0,0.0
494,Device,FusedBatchNormGradV3,gradient_tape/model/batch_normalization_17/FusedBatchNormGradV3,2,13.312,6.656,13.312,6.656,0.0001578945614231253,0.9524687197791084,0.0,0.0
495,Device,FusedBatchNormGradV3,gradient_tape/model/batch_normalization_19/FusedBatchNormGradV3,2,13.312,6.656,13.312,6.656,0.0001578945614231253,0.9526266143405315,0.0,0.0
496,Device,BiasAddGrad,gradient_tape/model/conv2d_16/BiasAdd/BiasAddGrad,2,13.312,6.656,13.312,6.656,0.0001578945614231253,0.9527845089019547,0.0,0.0
497,Device,BiasAddGrad,gradient_tape/model/conv2d_5/BiasAdd/BiasAddGrad,2,13.312,6.656,13.312,6.656,0.0001578945614231253,0.9529424034633778,0.0,0.0
498,Device,Relu,model/activation/Relu,2,13.312,6.656,13.312,6.656,0.0001578945614231253,0.9531002980248009,0.0,0.0
499,Device,FusedBatchNormV3,model/batch_normalization_13/FusedBatchNormV3,4,13.312,3.328,13.312,3.328,0.0001578945614231253,0.953258192586224,0.0,0.0
500,Device,FusedBatchNormV3,model/batch_normalization_19/FusedBatchNormV3,4,13.312,3.328,13.312,3.328,0.0001578945614231253,0.9534160871476471,0.0,0.0
501,Host,IDLE,IDLE,0,260146.096,0.0,260146.096,0.0,0.0,0.0,0.9979449812150677,0.9979449812150677
502,Host,GatherV2,GatherV2,2,166.442,83.221,166.442,83.221,0.0,0.0,0.0006384872235922323,0.99858346843866
503,Host,Dataset,Iterator::Root::ParallelMapV2,2,53.47,26.735,53.47,26.735,0.0,0.0,0.00020511596739691097,0.9987885844060569
504,Host,Dataset,Iterator::Root::ParallelMapV2::Zip[1]::ForeverRepeat,2,55.85,27.925,51.84,25.92,0.0,0.0,0.00019886313353012651,0.998987447539587
505,Host,Dataset,Iterator::Root,2,93.011,46.5055,39.541,19.7705,0.0,0.0,0.00015168300854387986,0.9991391305481309
506,Host,IteratorGetNext,IteratorGetNext,2,39.541,19.7705,39.541,19.7705,0.0,0.0,0.00015168300854387986,0.9992908135566747
507,Host,FlushSummaryWriter,FlushSummaryWriter,1,37.4,37.4,37.4,37.4,0.0,0.0,0.00014346993044033046,0.999434283487115
508,Host,LogicalAnd,LogicalAnd,1,31.2,31.2,31.2,31.2,0.0,0.0,0.00011968614518016873,0.9995539696322953
509,Host,GatherV2,GatherV2_1,2,23.53,11.765,23.53,11.765,0.0,0.0,9.02633011567106e-05,0.999644232933452
510,Host,WriteSummary,WriteSummary,1,23.01,23.01,23.01,23.01,0.0,0.0,8.826853207037444e-05,0.9997325014655223
511,Host,Dataset,Iterator::Root::ParallelMapV2::Zip[0]::FlatMap[1]::Concatenate[0]::TensorSlice,2,21.491,10.7455,21.491,10.7455,0.0,0.0,8.244150468163481e-05,0.9998149429702039
512,Host,Dataset,Iterator::Root::ParallelMapV2::Zip[0]::FlatMap[1]::Concatenate,2,41.572,20.786,20.081,10.0405,0.0,0.0,7.703261158214642e-05,0.999891975581786
513,Host,Dataset,Iterator::Root::ParallelMapV2::Zip,2,112.822,56.411,10.78,5.39,0.0,0.0,4.1353097597507016e-05,0.9999333286793834
514,Host,ReadVariableOp,ReadVariableOp,1,6.03,6.03,6.03,6.03,0.0,0.0,2.313164921270569e-05,0.9999564603285962
515,Host,Dataset,Iterator::Root::ParallelMapV2::Zip[0]::FlatMap,2,46.192,23.096,4.62,2.31,0.0,0.0,1.7722756113217292e-05,0.9999741830847094
516,Host,Dataset,Iterator::Root::ParallelMapV2::Zip[1]::ForeverRepeat::FromTensor,4,4.01,1.0025,4.01,1.0025,0.0,0.0,1.538273853116912e-05,0.9999895658232406
517,Host,Identity,Identity,2,2.72,1.36,2.72,1.36,0.0,0.0,1.0434176759296761e-05,0.9999999999999999
