Rank,Host/device,Type,Operation,#Occurrences,Total time (us),Avg. time (us),Total self-time (us),Avg. self-time (us),Total self-time on Device (%),Cumulative total-self time on Device (%),Total self-time on Host (%),Cumulative total-self time on Host (%)
1,Device,IDLE,IDLE,0,5546.864,0.0,5546.864,0.0,0.11277827481362307,0.11277827481362307,0.0,0.0
2,Device,Conv2DBackpropFilter,gradient_tape/sequential/conv2d_1/Conv2D/Conv2DBackpropFilter,2,2711.562,1355.781,2711.562,1355.781,0.05513120285807934,0.16790947767170242,0.0,0.0
3,Device,Conv2DBackpropFilter,gradient_tape/sequential/conv2d_3/Conv2D/Conv2DBackpropFilter,2,1993.736,996.868,1993.736,996.868,0.040536437618411705,0.20844591529011414,0.0,0.0
4,Device,ResourceApplyGradientDescent,SGD/SGD/update_20/ResourceApplyGradientDescent,2,1688.583,844.2915,1688.583,844.2915,0.03433209785197764,0.24277801314209177,0.0,0.0
5,Device,Conv2DBackpropInput,gradient_tape/sequential/conv2d_1/Conv2D/Conv2DBackpropInput,2,1662.982,831.491,1662.982,831.491,0.0338115809232223,0.2765895940653141,0.0,0.0
6,Device,_FusedConv2D,sequential/conv2d_1/Relu,2,1661.958,830.979,1661.958,830.979,0.03379076105934802,0.3103803551246621,0.0,0.0
7,Device,Conv2DBackpropFilter,gradient_tape/sequential/conv2d_7/Conv2D/Conv2DBackpropFilter,2,1479.686,739.843,1479.686,739.843,0.030084825289725992,0.3404651804143881,0.0,0.0
8,Device,Conv2DBackpropFilter,gradient_tape/sequential/conv2d_2/Conv2D/Conv2DBackpropFilter,4,1277.958,319.4895,1277.958,319.4895,0.02598331210649263,0.36644849252088074,0.0,0.0
9,Device,_FusedConv2D,sequential/conv2d_3/Relu,2,1276.934,638.467,1276.934,638.467,0.025962492242618346,0.3924109847634991,0.0,0.0
10,Device,Conv2DBackpropInput,gradient_tape/sequential/conv2d_3/Conv2D/Conv2DBackpropInput,2,1273.86,636.93,1273.86,636.93,0.025899991987198872,0.418310976750698,0.0,0.0
11,Device,_FusedConv2D,sequential/conv2d_5/Relu,2,1135.62,567.81,1135.62,567.81,0.02308931036417093,0.44140028711486895,0.0,0.0
12,Device,Conv2DBackpropInput,gradient_tape/sequential/conv2d_5/Conv2D/Conv2DBackpropInput,2,1120.26,560.13,1120.26,560.13,0.02277701240605672,0.4641772995209257,0.0,0.0
13,Device,MaxPoolGrad,gradient_tape/sequential/max_pooling2d/MaxPool/MaxPoolGrad,2,1120.26,560.13,1120.26,560.13,0.02277701240605672,0.4869543119269824,0.0,0.0
14,Device,_FusedConv2D,sequential/conv2d_7/Relu,2,1102.852,551.426,1102.852,551.426,0.022423074720193944,0.5093773866471764,0.0,0.0
15,Device,Conv2DBackpropFilter,gradient_tape/sequential/conv2d_5/Conv2D/Conv2DBackpropFilter,2,1099.78,549.89,1099.78,549.89,0.0223606151285711,0.5317380017757475,0.0,0.0
16,Device,Conv2DBackpropInput,gradient_tape/sequential/conv2d_7/Conv2D/Conv2DBackpropInput,2,1073.156,536.578,1073.156,536.578,0.021819298667839788,0.5535573004435873,0.0,0.0
17,Device,Conv2DBackpropFilter,gradient_tape/sequential/conv2d_8/Conv2D/Conv2DBackpropFilter,2,986.116,493.058,986.116,493.058,0.020049610238525903,0.5736069106821132,0.0,0.0
18,Device,Conv2DBackpropFilter,gradient_tape/sequential/conv2d_9/Conv2D/Conv2DBackpropFilter,2,984.068,492.034,984.068,492.034,0.02000797051077734,0.5936148811928905,0.0,0.0
19,Device,ReluGrad,gradient_tape/sequential/conv2d_1/ReluGrad,2,879.62,439.81,879.62,439.81,0.017884344395600674,0.6114992255884912,0.0,0.0
20,Device,ReluGrad,gradient_tape/sequential/conv2d/ReluGrad,2,859.138,429.569,859.138,429.569,0.017467906454318425,0.6289671320428096,0.0,0.0
21,Device,Conv2DBackpropFilter,gradient_tape/sequential/conv2d/Conv2D/Conv2DBackpropFilter,2,849.924,424.962,849.924,424.962,0.017280568343246525,0.6462477003860562,0.0,0.0
22,Device,ResourceApplyGradientDescent,SGD/SGD/update_22/ResourceApplyGradientDescent,2,835.587,417.7935,835.587,417.7935,0.016989069917108274,0.6632367703031644,0.0,0.0
23,Device,_FusedConv2D,sequential/conv2d_2/Relu,2,736.258,368.129,736.258,368.129,0.014969522789404699,0.6782062930925691,0.0,0.0
24,Device,Conv2DBackpropFilter,gradient_tape/sequential/conv2d_4/Conv2D/Conv2DBackpropFilter,2,710.658,355.329,710.658,355.329,0.014449026192547672,0.6926553192851167,0.0,0.0
25,Device,Conv2DBackpropInput,gradient_tape/sequential/conv2d_2/Conv2D/Conv2DBackpropInput,2,698.37,349.185,698.37,349.185,0.0141991878260563,0.706854507111173,0.0,0.0
26,Device,_FusedConv2D,sequential/conv2d_9/Relu,2,655.363,327.6815,655.363,327.6815,0.013324773875234812,0.7201792809864078,0.0,0.0
27,Device,_FusedConv2D,sequential/conv2d_8/Relu,2,654.338,327.169,654.338,327.169,0.013303933679462214,0.7334832146658701,0.0,0.0
28,Device,Conv2DBackpropFilter,gradient_tape/sequential/conv2d_6/Conv2D/Conv2DBackpropFilter,2,651.267,325.6335,651.267,325.6335,0.013241494419737689,0.7467247090856077,0.0,0.0
29,Device,Conv2DBackpropInput,gradient_tape/sequential/conv2d_4/Conv2D/Conv2DBackpropInput,2,650.242,325.121,650.242,325.121,0.01322065422396509,0.7599453633095729,0.0,0.0
30,Device,MatMul,gradient_tape/sequential/dense/MatMul/MatMul,2,646.147,323.0735,646.147,323.0735,0.013137395100366283,0.7730827584099391,0.0,0.0
31,Device,_FusedConv2D,sequential/conv2d_6/Relu,2,645.122,322.561,645.122,322.561,0.013116554904593685,0.7861993133145329,0.0,0.0
32,Device,_FusedConv2D,sequential/conv2d_4/Relu,2,638.978,319.489,638.978,319.489,0.012991635721347998,0.7991909490358808,0.0,0.0
33,Device,Conv2DBackpropInput,gradient_tape/sequential/conv2d_6/Conv2D/Conv2DBackpropInput,2,603.139,301.5695,603.139,301.5695,0.012262960817646478,0.8114539098535273,0.0,0.0
34,Device,Conv2DBackpropInput,gradient_tape/sequential/conv2d_8/Conv2D/Conv2DBackpropInput,4,585.73,146.4325,585.73,146.4325,0.011909002799885385,0.8233629126534127,0.0,0.0
35,Device,Conv2DBackpropInput,gradient_tape/sequential/conv2d_9/Conv2D/Conv2DBackpropInput,4,585.73,146.4325,585.73,146.4325,0.011909002799885385,0.835271915453298,0.0,0.0
36,Device,MatMul,sequential/dense/MatMul,2,576.515,288.2575,576.515,288.2575,0.01172164435691517,0.8469935598102132,0.0,0.0
37,Device,MatMul,gradient_tape/sequential/dense/MatMul/MatMul_1,2,570.37,285.185,570.37,285.185,0.01159670484177117,0.8585902646519844,0.0,0.0
38,Device,_Send,IteratorGetNext/_1,2,499.426,249.713,499.426,249.713,0.010154278647731135,0.8687445432997155,0.0,0.0
39,Device,ReluGrad,gradient_tape/sequential/conv2d_3/ReluGrad,2,436.226,218.113,436.226,218.113,0.008869302674240354,0.8776138459739559,0.0,0.0
40,Device,ReluGrad,gradient_tape/sequential/conv2d_2/ReluGrad,2,421.89,210.945,421.89,210.945,0.008577824580000419,0.8861916705539563,0.0,0.0
41,Device,_FusedConv2D,sequential/conv2d/Relu,2,370.69,185.345,370.69,185.345,0.0075368313862863665,0.8937285019402427,0.0,0.0
42,Device,MaxPool,sequential/max_pooling2d/MaxPool,2,343.042,171.521,343.042,171.521,0.006974695061680778,0.9007031970019235,0.0,0.0
43,Device,MaxPoolGrad,gradient_tape/sequential/max_pooling2d_1/MaxPool/MaxPoolGrad,2,332.802,166.401,332.802,166.401,0.006766496422937969,0.9074696934248614,0.0,0.0
44,Device,MatMul,gradient_tape/sequential/dense_1/MatMul/MatMul,2,322.561,161.2805,322.561,161.2805,0.006558277452296843,0.9140279708771583,0.0,0.0
45,Device,MatMul,sequential/dense_1/MatMul,2,293.888,146.944,293.888,146.944,0.005975300931918659,0.9200032718090769,0.0,0.0
46,Device,MatMul,gradient_tape/sequential/dense_1/MatMul/MatMul_1,2,285.697,142.8485,285.697,142.8485,0.005808762352822725,0.9258120341618996,0.0,0.0
47,Device,BiasAddGrad,gradient_tape/sequential/conv2d_1/BiasAdd/BiasAddGrad,2,274.434,137.217,274.434,137.217,0.005579764182103949,0.9313917983440035,0.0,0.0
48,Device,BiasAddGrad,gradient_tape/sequential/conv2d/BiasAdd/BiasAddGrad,2,273.409,136.7045,273.409,136.7045,0.005558923986331353,0.9369507223303349,0.0,0.0
49,Device,ReluGrad,gradient_tape/sequential/conv2d_5/ReluGrad,2,218.114,109.057,218.114,109.057,0.004434671669018491,0.9413853939993534,0.0,0.0
50,Device,ReluGrad,gradient_tape/sequential/conv2d_4/ReluGrad,2,216.065,108.0325,216.065,108.0325,0.004393011609371614,0.9457784056087251,0.0,0.0
51,Device,MaxPool,sequential/max_pooling2d_1/MaxPool,2,172.032,86.016,172.032,86.016,0.0034977371308792153,0.9492761427396043,0.0,0.0
52,Device,MaxPoolGrad,gradient_tape/sequential/max_pooling2d_2/MaxPool/MaxPoolGrad,2,162.816,81.408,162.816,81.408,0.0033103583560106856,0.9525865010956149,0.0,0.0
53,Device,BiasAddGrad,gradient_tape/sequential/conv2d_3/BiasAdd/BiasAddGrad,2,157.696,78.848,157.696,78.848,0.0032062590366392805,0.9557927601322542,0.0,0.0
54,Device,BiasAddGrad,gradient_tape/sequential/conv2d_2/BiasAdd/BiasAddGrad,2,154.624,77.312,154.624,77.312,0.003143799445016437,0.9589365595772706,0.0,0.0
55,Device,ResourceApplyGradientDescent,SGD/SGD/update_18/ResourceApplyGradientDescent,2,125.952,62.976,125.952,62.976,0.002560843256536568,0.9614974028338072,0.0,0.0
56,Device,ResourceApplyGradientDescent,SGD/SGD/update_14/ResourceApplyGradientDescent,2,124.928,62.464,124.928,62.464,0.002540023392662287,0.9640374262264695,0.0,0.0
57,Device,ResourceApplyGradientDescent,SGD/SGD/update_16/ResourceApplyGradientDescent,2,123.905,61.9525,123.905,61.9525,0.002519223860686321,0.9665566500871559,0.0,0.0
58,Device,SoftmaxCrossEntropyWithLogits,categorical_crossentropy/softmax_cross_entropy_with_logits,2,121.857,60.9285,121.857,60.9285,0.0024775841329377586,0.9690342342200936,0.0,0.0
59,Device,ReluGrad,gradient_tape/sequential/conv2d_6/ReluGrad,2,108.544,54.272,108.544,54.272,0.0022069055706737902,0.9712411397907674,0.0,0.0
60,Device,BiasAddGrad,gradient_tape/sequential/conv2d_5/BiasAdd/BiasAddGrad,2,103.424,51.712,103.424,51.712,0.002102806251302385,0.9733439460420699,0.0,0.0
61,Device,BiasAddGrad,gradient_tape/sequential/conv2d_4/BiasAdd/BiasAddGrad,2,100.353,50.1765,100.353,50.1765,0.0020403669915778568,0.9753843130336477,0.0,0.0
62,Device,ReluGrad,gradient_tape/sequential/conv2d_7/ReluGrad,2,100.352,50.176,100.352,50.176,0.002040346659679542,0.9774246596933273,0.0,0.0
63,Device,MaxPool,sequential/max_pooling2d_2/MaxPool,2,90.114,45.057,90.114,45.057,0.0018321886847333612,0.9792568483780606,0.0,0.0
64,Device,MaxPoolGrad,gradient_tape/sequential/max_pooling2d_3/MaxPool/MaxPoolGrad,2,84.993,42.4965,84.993,42.4965,0.001728069033463641,0.9809849174115243,0.0,0.0
65,Device,ResourceApplyGradientDescent,SGD/SGD/update_12/ResourceApplyGradientDescent,2,66.56,33.28,66.56,33.28,0.0013532911518282678,0.9823382085633525,0.0,0.0
66,Device,BiasAddGrad,gradient_tape/sequential/conv2d_6/BiasAdd/BiasAddGrad,2,56.32,28.16,56.32,28.16,0.0011450925130854573,0.983483301076438,0.0,0.0
67,Device,BiasAddGrad,gradient_tape/sequential/conv2d_7/BiasAdd/BiasAddGrad,2,52.224,26.112,52.224,26.112,0.001061813057588333,0.9845451141340263,0.0,0.0
68,Device,MaxPoolGrad,gradient_tape/sequential/max_pooling2d_4/MaxPool/MaxPoolGrad,2,49.152,24.576,49.152,24.576,0.00099935346596549,0.9855444675999918,0.0,0.0
69,Device,MaxPool,sequential/max_pooling2d_3/MaxPool,2,45.056,22.528,45.056,22.528,0.0009160740104683658,0.9864605416104602,0.0,0.0
70,Device,Transpose,gradient_tape/sequential/conv2d/Conv2D/Conv2DBackpropFilter-0-TransposeNHWCToNCHW-LayoutOptimizer,2,37.888,18.944,37.888,18.944,0.0007703349633483985,0.9872308765738086,0.0,0.0
71,Device,ResourceApplyGradientDescent,SGD/SGD/update_10/ResourceApplyGradientDescent,2,33.792,16.896,33.792,16.896,0.0006870555078512744,0.9879179320816599,0.0,0.0
72,Device,ReluGrad,gradient_tape/sequential/conv2d_8/ReluGrad,2,30.72,15.36,30.72,15.36,0.0006245959162284313,0.9885425279978883,0.0,0.0
73,Device,MatMul,sequential/dense_2/MatMul,2,30.72,15.36,30.72,15.36,0.0006245959162284313,0.9891671239141168,0.0,0.0
74,Device,BiasAddGrad,gradient_tape/sequential/conv2d_8/BiasAdd/BiasAddGrad,2,24.576,12.288,24.576,12.288,0.000499676732982745,0.9896668006470996,0.0,0.0
75,Device,ResourceApplyGradientDescent,SGD/SGD/update_8/ResourceApplyGradientDescent,2,21.504,10.752,21.504,10.752,0.0004372171413599019,0.9901040177884595,0.0,0.0
76,Device,ArgMax,ArgMax_1,2,20.48,10.24,20.48,10.24,0.00041639727748562084,0.9905204150659451,0.0,0.0
77,Device,BiasAddGrad,gradient_tape/sequential/conv2d_9/BiasAdd/BiasAddGrad,2,20.48,10.24,20.48,10.24,0.00041639727748562084,0.9909368123434308,0.0,0.0
78,Device,Softmax,sequential/dense_2/Softmax,2,20.48,10.24,20.48,10.24,0.00041639727748562084,0.9913532096209164,0.0,0.0
79,Device,ArgMax,ArgMax,2,19.456,9.728,19.456,9.728,0.00039557741361133977,0.9917487870345277,0.0,0.0
80,Device,ResourceApplyGradientDescent,SGD/SGD/update_6/ResourceApplyGradientDescent,2,14.336,7.168,14.336,7.168,0.0002914780942399346,0.9920402651287676,0.0,0.0
81,Device,MatMul,gradient_tape/sequential/dense_2/MatMul/MatMul,2,14.336,7.168,14.336,7.168,0.0002914780942399346,0.9923317432230075,0.0,0.0
82,Device,ResourceApplyGradientDescent,SGD/SGD/update_24/ResourceApplyGradientDescent,2,12.288,6.144,12.288,6.144,0.0002498383664913725,0.9925815815894989,0.0,0.0
83,Device,MatMul,gradient_tape/sequential/dense_2/MatMul/MatMul_1,2,12.288,6.144,12.288,6.144,0.0002498383664913725,0.9928314199559903,0.0,0.0
84,Device,Transpose,gradient_tape/sequential/max_pooling2d_4/MaxPool/MaxPoolGrad-2-TransposeNHWCToNCHW-LayoutOptimizer,2,11.264,5.632,11.264,5.632,0.00022901850261709144,0.9930604384586075,0.0,0.0
85,Device,ResourceApplyGradientDescent,SGD/SGD/update_4/ResourceApplyGradientDescent,2,10.24,5.12,10.24,5.12,0.00020819863874281042,0.9932686370973502,0.0,0.0
86,Device,ReluGrad,gradient_tape/sequential/conv2d_9/ReluGrad,2,10.24,5.12,10.24,5.12,0.00020819863874281042,0.993476835736093,0.0,0.0
87,Device,BiasAddGrad,gradient_tape/sequential/dense_1/BiasAdd/BiasAddGrad,2,10.24,5.12,10.24,5.12,0.00020819863874281042,0.9936850343748358,0.0,0.0
88,Device,MaxPool,sequential/max_pooling2d_4/MaxPool,2,10.24,5.12,10.24,5.12,0.00020819863874281042,0.9938932330135786,0.0,0.0
89,Device,BiasAddGrad,gradient_tape/sequential/dense/BiasAdd/BiasAddGrad,2,9.216,4.608,9.216,4.608,0.00018737877486852935,0.9940806117884471,0.0,0.0
90,Device,ReluGrad,gradient_tape/sequential/dense/ReluGrad,2,9.216,4.608,9.216,4.608,0.00018737877486852935,0.9942679905633156,0.0,0.0
91,Device,ResourceApplyGradientDescent,SGD/SGD/update_2/ResourceApplyGradientDescent,2,8.192,4.096,8.192,4.096,0.00016655891099424833,0.9944345494743099,0.0,0.0
92,Device,ResourceApplyGradientDescent,SGD/SGD/update_23/ResourceApplyGradientDescent,2,8.192,4.096,8.192,4.096,0.00016655891099424833,0.9946011083853041,0.0,0.0
93,Device,BiasAdd,sequential/dense/BiasAdd,2,8.192,4.096,8.192,4.096,0.00016655891099424833,0.9947676672962984,0.0,0.0
94,Device,Transpose,sequential/max_pooling2d_4/MaxPool-0-2-TransposeNCHWToNHWC-LayoutOptimizer,2,8.192,4.096,8.192,4.096,0.00016655891099424833,0.9949342262072927,0.0,0.0
95,Device,ResourceApplyGradientDescent,SGD/SGD/update/ResourceApplyGradientDescent,2,7.168,3.584,7.168,3.584,0.0001457390471199673,0.9950799652544127,0.0,0.0
96,Device,ResourceApplyGradientDescent,SGD/SGD/update_13/ResourceApplyGradientDescent,2,7.168,3.584,7.168,3.584,0.0001457390471199673,0.9952257043015327,0.0,0.0
97,Device,ResourceApplyGradientDescent,SGD/SGD/update_21/ResourceApplyGradientDescent,2,7.168,3.584,7.168,3.584,0.0001457390471199673,0.9953714433486527,0.0,0.0
98,Device,Relu,sequential/dense/Relu,2,7.168,3.584,7.168,3.584,0.0001457390471199673,0.9955171823957727,0.0,0.0
99,Device,ReluGrad,gradient_tape/sequential/dense_1/ReluGrad,2,6.145,3.0725,6.145,3.0725,0.00012493951514400096,0.9956421219109167,0.0,0.0
100,Device,AssignAddVariableOp,AssignAddVariableOp_1,2,6.144,3.072,6.144,3.072,0.00012491918324568626,0.9957670410941624,0.0,0.0
101,Device,AssignAddVariableOp,AssignAddVariableOp_2,2,6.144,3.072,6.144,3.072,0.00012491918324568626,0.995891960277408,0.0,0.0
102,Device,AssignAddVariableOp,AssignAddVariableOp_3,2,6.144,3.072,6.144,3.072,0.00012491918324568626,0.9960168794606536,0.0,0.0
103,Device,AssignAddVariableOp,AssignAddVariableOp_4,2,6.144,3.072,6.144,3.072,0.00012491918324568626,0.9961417986438993,0.0,0.0
104,Device,Cast,Cast,2,6.144,3.072,6.144,3.072,0.00012491918324568626,0.9962667178271449,0.0,0.0
105,Device,Equal,Equal,2,6.144,3.072,6.144,3.072,0.00012491918324568626,0.9963916370103906,0.0,0.0
106,Device,AssignAddVariableOp,SGD/SGD/AssignAddVariableOp,2,6.144,3.072,6.144,3.072,0.00012491918324568626,0.9965165561936362,0.0,0.0
107,Device,ResourceApplyGradientDescent,SGD/SGD/update_1/ResourceApplyGradientDescent,2,6.144,3.072,6.144,3.072,0.00012491918324568626,0.9966414753768819,0.0,0.0
108,Device,ResourceApplyGradientDescent,SGD/SGD/update_11/ResourceApplyGradientDescent,2,6.144,3.072,6.144,3.072,0.00012491918324568626,0.9967663945601275,0.0,0.0
109,Device,ResourceApplyGradientDescent,SGD/SGD/update_15/ResourceApplyGradientDescent,2,6.144,3.072,6.144,3.072,0.00012491918324568626,0.9968913137433731,0.0,0.0
110,Device,ResourceApplyGradientDescent,SGD/SGD/update_17/ResourceApplyGradientDescent,2,6.144,3.072,6.144,3.072,0.00012491918324568626,0.9970162329266188,0.0,0.0
111,Device,ResourceApplyGradientDescent,SGD/SGD/update_19/ResourceApplyGradientDescent,2,6.144,3.072,6.144,3.072,0.00012491918324568626,0.9971411521098644,0.0,0.0
112,Device,ResourceApplyGradientDescent,SGD/SGD/update_25/ResourceApplyGradientDescent,2,6.144,3.072,6.144,3.072,0.00012491918324568626,0.9972660712931101,0.0,0.0
113,Device,ResourceApplyGradientDescent,SGD/SGD/update_3/ResourceApplyGradientDescent,2,6.144,3.072,6.144,3.072,0.00012491918324568626,0.9973909904763557,0.0,0.0
114,Device,ResourceApplyGradientDescent,SGD/SGD/update_5/ResourceApplyGradientDescent,2,6.144,3.072,6.144,3.072,0.00012491918324568626,0.9975159096596014,0.0,0.0
115,Device,ResourceApplyGradientDescent,SGD/SGD/update_7/ResourceApplyGradientDescent,2,6.144,3.072,6.144,3.072,0.00012491918324568626,0.997640828842847,0.0,0.0
116,Device,ResourceApplyGradientDescent,SGD/SGD/update_9/ResourceApplyGradientDescent,2,6.144,3.072,6.144,3.072,0.00012491918324568626,0.9977657480260926,0.0,0.0
117,Device,Sum,Sum_2,2,6.144,3.072,6.144,3.072,0.00012491918324568626,0.9978906672093383,0.0,0.0
118,Device,Sum,categorical_crossentropy/weighted_loss/Sum,2,6.144,3.072,6.144,3.072,0.00012491918324568626,0.9980155863925839,0.0,0.0
119,Device,DivNoNan,div_no_nan_1,2,6.144,3.072,6.144,3.072,0.00012491918324568626,0.9981405055758296,0.0,0.0
120,Device,Tile,gradient_tape/categorical_crossentropy/weighted_loss/Tile_1,2,6.144,3.072,6.144,3.072,0.00012491918324568626,0.9982654247590752,0.0,0.0
121,Device,DivNoNan,gradient_tape/categorical_crossentropy/weighted_loss/value/div_no_nan,2,6.144,3.072,6.144,3.072,0.00012491918324568626,0.9983903439423208,0.0,0.0
122,Device,BiasAddGrad,gradient_tape/sequential/dense_2/BiasAdd/BiasAddGrad,2,6.144,3.072,6.144,3.072,0.00012491918324568626,0.9985152631255665,0.0,0.0
123,Device,BiasAdd,sequential/dense_1/BiasAdd,2,6.144,3.072,6.144,3.072,0.00012491918324568626,0.9986401823088121,0.0,0.0
124,Device,DivNoNan,categorical_crossentropy/weighted_loss/value,2,5.121,2.5605,5.121,2.5605,0.00010411965126971994,0.9987443019600819,0.0,0.0
125,Device,AssignAddVariableOp,AssignAddVariableOp,2,5.12,2.56,5.12,2.56,0.00010409931937140521,0.9988484012794533,0.0,0.0
126,Device,Cast,categorical_crossentropy/weighted_loss/num_elements/Cast,2,5.12,2.56,5.12,2.56,0.00010409931937140521,0.9989525005988247,0.0,0.0
127,Device,DivNoNan,div_no_nan,2,5.12,2.56,5.12,2.56,0.00010409931937140521,0.9990565999181961,0.0,0.0
128,Device,Mul,gradient_tape/categorical_crossentropy/softmax_cross_entropy_with_logits/mul,2,5.12,2.56,5.12,2.56,0.00010409931937140521,0.9991606992375675,0.0,0.0
129,Device,Relu,sequential/dense_1/Relu,2,5.12,2.56,5.12,2.56,0.00010409931937140521,0.9992647985569388,0.0,0.0
130,Device,BiasAdd,sequential/dense_2/BiasAdd,2,5.12,2.56,5.12,2.56,0.00010409931937140521,0.9993688978763102,0.0,0.0
131,Device,_Recv,categorical_crossentropy/weighted_loss/num_elements/_14,2,4.928,2.464,4.928,2.464,0.00010019559489497752,0.9994690934712052,0.0,0.0
132,Device,_Recv,strided_slice/_12,2,4.16,2.08,4.16,2.08,8.458069698926674e-05,0.9995536741681944,0.0,0.0
133,Device,Cast,Cast_1,2,4.096,2.048,4.096,2.048,8.327945549712416e-05,0.9996369536236915,0.0,0.0
134,Device,Cast,Cast_2,2,4.096,2.048,4.096,2.048,8.327945549712416e-05,0.9997202330791887,0.0,0.0
135,Device,Mul,Mul,2,4.096,2.048,4.096,2.048,8.327945549712416e-05,0.9998035125346858,0.0,0.0
136,Device,_Send,IteratorGetNext/_3,2,4.064,2.032,4.064,2.032,8.262883475105289e-05,0.9998861413694369,0.0,0.0
137,Device,_Recv,Size/_16,2,3.552,1.776,3.552,1.776,7.221890281391237e-05,0.9999583602722508,0.0,0.0
138,Device,LogicalAnd,LogicalAnd,1,2.048,2.048,2.048,2.048,4.163972774856208e-05,0.9999999999999993,0.0,0.0
139,Host,IDLE,IDLE,0,232456.322,0.0,232456.322,0.0,0.0,0.0,0.9812055763817522,0.9812055763817522
140,Host,GatherV2,GatherV2,2,1792.082,896.041,1792.082,896.041,0.0,0.0,0.007564435488802767,0.988770011870555
141,Host,_Send,IteratorGetNext/_1,2,1173.285,586.6425,1173.285,586.6425,0.0,0.0,0.004952473543331139,0.9937224854138862
142,Host,_Send,IteratorGetNext/_3,2,818.491,409.2455,818.491,409.2455,0.0,0.0,0.0034548767119281735,0.9971773621258143
143,Host,_Send,IteratorGetNext/_6,2,305.354,152.677,305.354,152.677,0.0,0.0,0.001288909008766273,0.9984662711345806
144,Host,Dataset,Iterator::Root::ParallelMapV2,2,47.451,23.7255,47.451,23.7255,0.0,0.0,0.00020029218996629625,0.998666563324547
145,Host,Dataset,Iterator::Root::ParallelMapV2::Zip[1]::ForeverRepeat,2,50.611,25.3055,47.041,23.5205,0.0,0.0,0.00019856156684167964,0.9988651248913887
146,Host,Dataset,Iterator::Root::ParallelMapV2::Zip[0]::FlatMap[1]::Concatenate,2,60.831,30.4155,41.121,20.5605,0.0,0.0,0.0001735730573350207,0.9990386979487237
147,Host,FlushSummaryWriter,FlushSummaryWriter,1,36.431,36.431,36.431,36.431,0.0,0.0,0.0001537764172022115,0.9991924743659258
148,Host,IteratorGetNext,IteratorGetNext,2,34.43,17.215,34.43,17.215,0.0,0.0,0.00014533013214768032,0.9993378044980735
149,Host,Dataset,Iterator::Root,2,78.701,39.3505,31.25,15.625,0.0,0.0,0.00013190725035187365,0.9994697117484254
150,Host,LogicalAnd,LogicalAnd,1,30.57,30.57,30.57,30.57,0.0,0.0,0.0001290369485842169,0.9995987486970096
151,Host,WriteSummary,WriteSummary,1,20.3,20.3,20.3,20.3,0.0,0.0,8.568694982857714e-05,0.9996844356468382
152,Host,Dataset,Iterator::Root::ParallelMapV2::Zip[0]::FlatMap[1]::Concatenate[0]::TensorSlice,2,19.71,9.855,19.71,9.855,0.0,0.0,8.319654094193376e-05,0.9997676321877801
153,Host,GatherV2,GatherV2_1,2,19.38,9.69,19.38,9.69,0.0,0.0,8.180360037821797e-05,0.9998494357881583
154,Host,_HostSend,categorical_crossentropy/softmax_cross_entropy_with_logits/Shape_2/_9,2,9.84,4.92,9.84,4.92,0.0,0.0,4.153495499079798e-05,0.9998909707431491
155,Host,Dataset,Iterator::Root::ParallelMapV2::Zip,2,124.102,62.051,9.6,4.8,0.0,0.0,4.052190730809559e-05,0.9999314926504572
156,Host,ReadVariableOp,ReadVariableOp,1,7.01,7.01,7.01,7.01,0.0,0.0,2.95894343989323e-05,0.9999610820848561
157,Host,Dataset,Iterator::Root::ParallelMapV2::Zip[1]::ForeverRepeat::FromTensor,4,3.57,0.8925,3.57,0.8925,0.0,0.0,1.5069084280198047e-05,0.9999761511691363
158,Host,Dataset,Iterator::Root::ParallelMapV2::Zip[0]::FlatMap,2,63.891,31.9455,3.06,1.53,0.0,0.0,1.291635795445547e-05,0.9999890675270907
159,Host,Identity,Identity,2,2.59,1.295,2.59,1.295,0.0,0.0,1.0932472909163289e-05,0.9999999999999999
