Rank,Host/device,Type,Operation,#Occurrences,Total time (us),Avg. time (us),Total self-time (us),Avg. self-time (us),Total self-time on Device (%),Cumulative total-self time on Device (%),Total self-time on Host (%),Cumulative total-self time on Host (%)
1,Device,IDLE,IDLE,0,4785.831,0.0,4785.831,0.0,0.17054588512698277,0.17054588512698277,0.0,0.0
2,Device,_Send,IteratorGetNext/_1,2,4100.231,2050.1155,4100.231,2050.1155,0.14611412837605292,0.3166600135030357,0.0,0.0
3,Device,MaxPoolGrad,gradient_tape/sequential/max_pooling2d/MaxPool/MaxPoolGrad,2,2270.212,1135.106,2270.212,1135.106,0.08090033161762249,0.3975603451206582,0.0,0.0
4,Device,Conv2DBackpropFilter,gradient_tape/sequential/conv2d/Conv2D/Conv2DBackpropFilter,2,1860.611,930.3055,1860.611,930.3055,0.06630396056024555,0.46386430568090375,0.0,0.0
5,Device,ReluGrad,gradient_tape/sequential/conv2d/ReluGrad,2,1770.499,885.2495,1770.499,885.2495,0.06309276676745122,0.526957072448355,0.0,0.0
6,Device,Conv2DBackpropFilter,gradient_tape/sequential/conv2d_1/Conv2D/Conv2DBackpropFilter,2,1263.618,631.809,1263.618,631.809,0.045029766047398605,0.5719868384957536,0.0,0.0
7,Device,Conv2DBackpropInput,gradient_tape/sequential/conv2d_1/Conv2D/Conv2DBackpropInput,2,1195.01,597.505,1195.01,597.505,0.04258487986424838,0.614571718360002,0.0,0.0
8,Device,MaxPoolGrad,gradient_tape/sequential/max_pooling2d_1/MaxPool/MaxPoolGrad,2,1054.722,527.361,1054.722,527.361,0.03758563498228448,0.6521573533422865,0.0,0.0
9,Device,Conv2DBackpropFilter,gradient_tape/sequential/conv2d_2/Conv2D/Conv2DBackpropFilter,2,1031.17,515.585,1031.17,515.585,0.036746345695531424,0.6889036990378179,0.0,0.0
10,Device,_FusedConv2D,sequential/conv2d/Relu,2,971.778,485.889,971.778,485.889,0.034629877059371525,0.7235335760971894,0.0,0.0
11,Device,ReluGrad,gradient_tape/sequential/conv2d_1/ReluGrad,2,880.642,440.321,880.642,440.321,0.03138219242802271,0.7549157685252121,0.0,0.0
12,Device,MaxPool,sequential/max_pooling2d/MaxPool,2,685.057,342.5285,685.057,342.5285,0.024412406628532314,0.7793281751537444,0.0,0.0
13,Device,_FusedConv2D,sequential/conv2d_1/Relu,2,677.889,338.9445,677.889,338.9445,0.024156970758650947,0.8034851459123954,0.0,0.0
14,Device,Conv2DBackpropInput,gradient_tape/sequential/conv2d_2/Conv2D/Conv2DBackpropInput,2,572.417,286.2085,572.417,286.2085,0.020398414387539407,0.8238835602999348,0.0,0.0
15,Device,BiasAddGrad,gradient_tape/sequential/conv2d/BiasAdd/BiasAddGrad,2,549.889,274.9445,549.889,274.9445,0.019595615939340824,0.8434791762392756,0.0,0.0
16,Device,_FusedConv2D,sequential/conv2d_2/Relu,2,489.472,244.736,489.472,244.736,0.017442620829041917,0.8609217970683175,0.0,0.0
17,Device,ReluGrad,gradient_tape/sequential/conv2d_2/ReluGrad,2,435.2,217.6,435.2,217.6,0.015508606385654424,0.8764304034539719,0.0,0.0
18,Device,ResourceApplyGradientDescent,SGD/SGD/update_6/ResourceApplyGradientDescent,2,427.009,213.5045,427.009,213.5045,0.015216715312803103,0.891647118766775,0.0,0.0
19,Device,MaxPool,sequential/max_pooling2d_1/MaxPool,2,347.137,173.5685,347.137,173.5685,0.012370429905553586,0.9040175486723286,0.0,0.0
20,Device,MaxPoolGrad,gradient_tape/sequential/max_pooling2d_2/MaxPool/MaxPoolGrad,2,334.849,167.4245,334.849,167.4245,0.011932539842899813,0.9159500885152284,0.0,0.0
21,Device,BiasAddGrad,gradient_tape/sequential/conv2d_1/BiasAdd/BiasAddGrad,2,274.432,137.216,274.432,137.216,0.009779544732600908,0.9257296332478293,0.0,0.0
22,Device,Transpose,gradient_tape/sequential/conv2d/Conv2D/Conv2DBackpropFilter-0-TransposeNHWCToNCHW-LayoutOptimizer,2,242.688,121.344,242.688,121.344,0.008648328737411996,0.9343779619852413,0.0,0.0
23,Device,MatMul,sequential/dense/MatMul,2,220.16,110.08,220.16,110.08,0.007845530289213415,0.9422234922744547,0.0,0.0
24,Device,MatMul,gradient_tape/sequential/dense/MatMul/MatMul_1,2,189.44,94.72,189.44,94.72,0.006750805132578985,0.9489742974070337,0.0,0.0
25,Device,MatMul,gradient_tape/sequential/dense/MatMul/MatMul,2,183.296,91.648,183.296,91.648,0.006531860101252099,0.9555061575082857,0.0,0.0
26,Device,MaxPool,sequential/max_pooling2d_2/MaxPool,2,172.033,86.0165,172.033,86.0165,0.0061304965127373335,0.961636654021023,0.0,0.0
27,Device,ArgMax,ArgMax,2,172.032,86.016,172.032,86.016,0.006130460877152809,0.9677671148981759,0.0,0.0
28,Device,BiasAddGrad,gradient_tape/sequential/conv2d_2/BiasAdd/BiasAddGrad,2,167.936,83.968,167.936,83.968,0.005984497522934885,0.9737516124211107,0.0,0.0
29,Device,ArgMax,ArgMax_1,2,120.832,60.416,120.832,60.416,0.0043059189494287576,0.9780575313705395,0.0,0.0
30,Device,Transpose,gradient_tape/sequential/max_pooling2d_2/MaxPool/MaxPoolGrad-2-TransposeNHWCToNCHW-LayoutOptimizer,2,76.8,38.4,76.8,38.4,0.002736812891586075,0.9807943442621256,0.0,0.0
31,Device,Transpose,sequential/max_pooling2d_2/MaxPool-0-2-TransposeNCHWToNHWC-LayoutOptimizer,2,69.632,34.816,69.632,34.816,0.0024813770217047082,0.9832757212838303,0.0,0.0
32,Device,_Send,IteratorGetNext/_3,2,22.88,11.44,22.88,11.44,0.0008153421739516848,0.9840910634577821,0.0,0.0
33,Device,MatMul,gradient_tape/sequential/dense_1/MatMul/MatMul,2,18.432,9.216,18.432,9.216,0.0006568350939806579,0.9847478985517627,0.0,0.0
34,Device,MatMul,sequential/dense_1/MatMul,2,16.384,8.192,16.384,8.192,0.000583853416871696,0.9853317519686344,0.0,0.0
35,Device,DynamicStitch,gradient_tape/categorical_crossentropy/DynamicStitch,2,10.24,5.12,10.24,5.12,0.00036490838554481,0.9856966603541792,0.0,0.0
36,Device,MatMul,gradient_tape/sequential/dense_1/MatMul/MatMul_1,2,10.24,5.12,10.24,5.12,0.00036490838554481,0.9860615687397241,0.0,0.0
37,Device,Sum,categorical_crossentropy/Sum,2,8.192,4.096,8.192,4.096,0.000291926708435848,0.9863534954481599,0.0,0.0
38,Device,Sum,categorical_crossentropy/Sum_1,2,8.192,4.096,8.192,4.096,0.000291926708435848,0.9866454221565957,0.0,0.0
39,Device,Sum,gradient_tape/categorical_crossentropy/truediv/Sum_1,2,8.192,4.096,8.192,4.096,0.000291926708435848,0.9869373488650315,0.0,0.0
40,Device,AssignAddVariableOp,AssignAddVariableOp_2,2,7.168,3.584,7.168,3.584,0.000255435869881367,0.9871927847349129,0.0,0.0
41,Device,ResourceApplyGradientDescent,SGD/SGD/update_4/ResourceApplyGradientDescent,2,7.168,3.584,7.168,3.584,0.000255435869881367,0.9874482206047943,0.0,0.0
42,Device,ResourceApplyGradientDescent,SGD/SGD/update_8/ResourceApplyGradientDescent,2,7.168,3.584,7.168,3.584,0.000255435869881367,0.9877036564746757,0.0,0.0
43,Device,AddN,SGD/gradients/AddN,2,7.168,3.584,7.168,3.584,0.000255435869881367,0.9879590923445571,0.0,0.0
44,Device,Mul,categorical_crossentropy/mul,2,7.168,3.584,7.168,3.584,0.000255435869881367,0.9882145282144386,0.0,0.0
45,Device,BroadcastTo,gradient_tape/categorical_crossentropy/BroadcastTo,2,7.168,3.584,7.168,3.584,0.000255435869881367,0.98846996408432,0.0,0.0
46,Device,BiasAddGrad,gradient_tape/sequential/dense/BiasAdd/BiasAddGrad,2,7.168,3.584,7.168,3.584,0.000255435869881367,0.9887253999542014,0.0,0.0
47,Device,BiasAdd,sequential/dense/BiasAdd,2,7.168,3.584,7.168,3.584,0.000255435869881367,0.9889808358240828,0.0,0.0
48,Device,RealDiv,gradient_tape/categorical_crossentropy/truediv/RealDiv_1,2,6.145,3.0725,6.145,3.0725,0.00021898066691141186,0.9891998164909942,0.0,0.0
49,Device,Cast,Cast,2,6.144,3.072,6.144,3.072,0.000218945031326886,0.9894187615223211,0.0,0.0
50,Device,Mul,Mul,2,6.144,3.072,6.144,3.072,0.000218945031326886,0.989637706553648,0.0,0.0
51,Device,AssignAddVariableOp,SGD/SGD/AssignAddVariableOp,2,6.144,3.072,6.144,3.072,0.000218945031326886,0.9898566515849749,0.0,0.0
52,Device,ResourceApplyGradientDescent,SGD/SGD/update/ResourceApplyGradientDescent,2,6.144,3.072,6.144,3.072,0.000218945031326886,0.9900755966163018,0.0,0.0
53,Device,ResourceApplyGradientDescent,SGD/SGD/update_1/ResourceApplyGradientDescent,2,6.144,3.072,6.144,3.072,0.000218945031326886,0.9902945416476288,0.0,0.0
54,Device,ResourceApplyGradientDescent,SGD/SGD/update_2/ResourceApplyGradientDescent,2,6.144,3.072,6.144,3.072,0.000218945031326886,0.9905134866789557,0.0,0.0
55,Device,ResourceApplyGradientDescent,SGD/SGD/update_3/ResourceApplyGradientDescent,2,6.144,3.072,6.144,3.072,0.000218945031326886,0.9907324317102826,0.0,0.0
56,Device,ResourceApplyGradientDescent,SGD/SGD/update_5/ResourceApplyGradientDescent,2,6.144,3.072,6.144,3.072,0.000218945031326886,0.9909513767416095,0.0,0.0
57,Device,ResourceApplyGradientDescent,SGD/SGD/update_7/ResourceApplyGradientDescent,2,6.144,3.072,6.144,3.072,0.000218945031326886,0.9911703217729364,0.0,0.0
58,Device,ResourceApplyGradientDescent,SGD/SGD/update_9/ResourceApplyGradientDescent,2,6.144,3.072,6.144,3.072,0.000218945031326886,0.9913892668042633,0.0,0.0
59,Device,Log,categorical_crossentropy/Log,2,6.144,3.072,6.144,3.072,0.000218945031326886,0.9916082118355902,0.0,0.0
60,Device,Maximum,categorical_crossentropy/clip_by_value,2,6.144,3.072,6.144,3.072,0.000218945031326886,0.9918271568669171,0.0,0.0
61,Device,Minimum,categorical_crossentropy/clip_by_value/Minimum,2,6.144,3.072,6.144,3.072,0.000218945031326886,0.992046101898244,0.0,0.0
62,Device,RealDiv,categorical_crossentropy/truediv,2,6.144,3.072,6.144,3.072,0.000218945031326886,0.992265046929571,0.0,0.0
63,Device,Sum,categorical_crossentropy/weighted_loss/Sum,2,6.144,3.072,6.144,3.072,0.000218945031326886,0.9924839919608979,0.0,0.0
64,Device,DivNoNan,categorical_crossentropy/weighted_loss/value,2,6.144,3.072,6.144,3.072,0.000218945031326886,0.9927029369922248,0.0,0.0
65,Device,BroadcastTo,gradient_tape/categorical_crossentropy/BroadcastTo_1,2,6.144,3.072,6.144,3.072,0.000218945031326886,0.9929218820235517,0.0,0.0
66,Device,Reciprocal,gradient_tape/categorical_crossentropy/Reciprocal,2,6.144,3.072,6.144,3.072,0.000218945031326886,0.9931408270548786,0.0,0.0
67,Device,GreaterEqual,gradient_tape/categorical_crossentropy/clip_by_value/GreaterEqual,2,6.144,3.072,6.144,3.072,0.000218945031326886,0.9933597720862055,0.0,0.0
68,Device,LessEqual,gradient_tape/categorical_crossentropy/clip_by_value/LessEqual,2,6.144,3.072,6.144,3.072,0.000218945031326886,0.9935787171175324,0.0,0.0
69,Device,ZerosLike,gradient_tape/categorical_crossentropy/clip_by_value/zeros_like,2,6.144,3.072,6.144,3.072,0.000218945031326886,0.9937976621488593,0.0,0.0
70,Device,ZerosLike,gradient_tape/categorical_crossentropy/clip_by_value/zeros_like_1,2,6.144,3.072,6.144,3.072,0.000218945031326886,0.9940166071801863,0.0,0.0
71,Device,Mul,gradient_tape/categorical_crossentropy/mul,2,6.144,3.072,6.144,3.072,0.000218945031326886,0.9942355522115132,0.0,0.0
72,Device,Mul,gradient_tape/categorical_crossentropy/mul/Mul,2,6.144,3.072,6.144,3.072,0.000218945031326886,0.9944544972428401,0.0,0.0
73,Device,Neg,gradient_tape/categorical_crossentropy/truediv/Neg,2,6.144,3.072,6.144,3.072,0.000218945031326886,0.994673442274167,0.0,0.0
74,Device,RealDiv,gradient_tape/categorical_crossentropy/truediv/RealDiv,2,6.144,3.072,6.144,3.072,0.000218945031326886,0.9948923873054939,0.0,0.0
75,Device,Mul,gradient_tape/categorical_crossentropy/truediv/mul,2,6.144,3.072,6.144,3.072,0.000218945031326886,0.9951113323368208,0.0,0.0
76,Device,Tile,gradient_tape/categorical_crossentropy/weighted_loss/Tile_1,2,6.144,3.072,6.144,3.072,0.000218945031326886,0.9953302773681477,0.0,0.0
77,Device,ReluGrad,gradient_tape/sequential/dense/ReluGrad,2,6.144,3.072,6.144,3.072,0.000218945031326886,0.9955492223994746,0.0,0.0
78,Device,BiasAddGrad,gradient_tape/sequential/dense_1/BiasAdd/BiasAddGrad,2,6.144,3.072,6.144,3.072,0.000218945031326886,0.9957681674308015,0.0,0.0
79,Device,Relu,sequential/dense/Relu,2,6.144,3.072,6.144,3.072,0.000218945031326886,0.9959871124621285,0.0,0.0
80,Device,BiasAdd,sequential/dense_1/BiasAdd,2,6.144,3.072,6.144,3.072,0.000218945031326886,0.9962060574934554,0.0,0.0
81,Device,SelectV2,gradient_tape/categorical_crossentropy/clip_by_value/SelectV2,2,5.121,2.5605,5.121,2.5605,0.00018248982835693088,0.9963885473218123,0.0,0.0
82,Device,AssignAddVariableOp,AssignAddVariableOp,2,5.12,2.56,5.12,2.56,0.000182454192772405,0.9965710015145847,0.0,0.0
83,Device,AssignAddVariableOp,AssignAddVariableOp_1,2,5.12,2.56,5.12,2.56,0.000182454192772405,0.9967534557073571,0.0,0.0
84,Device,AssignAddVariableOp,AssignAddVariableOp_3,2,5.12,2.56,5.12,2.56,0.000182454192772405,0.9969359099001295,0.0,0.0
85,Device,AssignAddVariableOp,AssignAddVariableOp_4,2,5.12,2.56,5.12,2.56,0.000182454192772405,0.9971183640929019,0.0,0.0
86,Device,Cast,Cast_1,2,5.12,2.56,5.12,2.56,0.000182454192772405,0.9973008182856743,0.0,0.0
87,Device,Equal,Equal,2,5.12,2.56,5.12,2.56,0.000182454192772405,0.9974832724784467,0.0,0.0
88,Device,Neg,categorical_crossentropy/Neg,2,5.12,2.56,5.12,2.56,0.000182454192772405,0.9976657266712191,0.0,0.0
89,Device,DivNoNan,div_no_nan_1,2,5.12,2.56,5.12,2.56,0.000182454192772405,0.9978481808639915,0.0,0.0
90,Device,Neg,gradient_tape/categorical_crossentropy/Neg,2,5.12,2.56,5.12,2.56,0.000182454192772405,0.9980306350567639,0.0,0.0
91,Device,SelectV2,gradient_tape/categorical_crossentropy/clip_by_value/SelectV2_1,2,5.12,2.56,5.12,2.56,0.000182454192772405,0.9982130892495363,0.0,0.0
92,Device,RealDiv,gradient_tape/categorical_crossentropy/truediv/RealDiv_2,2,5.12,2.56,5.12,2.56,0.000182454192772405,0.9983955434423087,0.0,0.0
93,Device,_Recv,Size/_14,2,5.024,2.512,5.024,2.512,0.0001790331766579224,0.9985745766189666,0.0,0.0
94,Device,_Recv,strided_slice/_12,2,4.384,2.192,4.384,2.192,0.0001562264025613718,0.9987308030215281,0.0,0.0
95,Device,Cast,Cast_2,2,4.096,2.048,4.096,2.048,0.000145963354217924,0.998876766375746,0.0,0.0
96,Device,Sum,Sum_2,2,4.096,2.048,4.096,2.048,0.000145963354217924,0.9990227297299639,0.0,0.0
97,Device,Cast,categorical_crossentropy/weighted_loss/num_elements/Cast,2,4.096,2.048,4.096,2.048,0.000145963354217924,0.9991686930841818,0.0,0.0
98,Device,DivNoNan,div_no_nan,2,4.096,2.048,4.096,2.048,0.000145963354217924,0.9993146564383997,0.0,0.0
99,Device,DivNoNan,gradient_tape/categorical_crossentropy/weighted_loss/value/div_no_nan,2,4.096,2.048,4.096,2.048,0.000145963354217924,0.9994606197926176,0.0,0.0
100,Device,_Recv,gradient_tape/categorical_crossentropy/ones/_18,2,3.616,1.808,3.616,1.808,0.00012885827364551104,0.9995894780662631,0.0,0.0
101,Device,_Recv,categorical_crossentropy/weighted_loss/num_elements/_20,2,3.104,1.552,3.104,1.552,0.00011061285436827054,0.9997000909206314,0.0,0.0
102,Device,_Recv,gradient_tape/categorical_crossentropy/Shape/_16,2,3.104,1.552,3.104,1.552,0.00011061285436827054,0.9998107037749997,0.0,0.0
103,Device,LogicalAnd,LogicalAnd,1,3.072,3.072,3.072,3.072,0.000109472515663443,0.9999201762906631,0.0,0.0
104,Device,_HostRecv,gradient_tape/categorical_crossentropy/DynamicStitch/_22,2,2.24,1.12,2.24,1.12,7.98237093379272e-05,1.000000000000001,0.0,0.0
105,Host,IDLE,IDLE,0,124852.508,0.0,124852.508,0.0,0.0,0.0,0.8514253819135553,0.8514253819135553
106,Host,GatherV2,GatherV2,2,13925.312,6962.656,13925.312,6962.656,0.0,0.0,0.09496296292154112,0.9463883448350965
107,Host,_Send,IteratorGetNext/_1,2,4787.826,2393.913,4787.826,2393.913,0.0,0.0,0.03265033795384911,0.9790386827889456
108,Host,_Send,IteratorGetNext/_3,2,2514.27,1257.135,2514.27,1257.135,0.0,0.0,0.017145937468743478,0.9961846202576891
109,Host,_Send,IteratorGetNext/_6,2,144.002,72.001,144.002,72.001,0.0,0.0,0.0009820143768863323,0.9971666346345754
110,Host,GatherV2,GatherV2_1,2,83.101,41.5505,83.101,41.5505,0.0,0.0,0.0005667030786630122,0.9977333377132385
111,Host,Dataset,Iterator::Root::ParallelMapV2::Zip[1]::ForeverRepeat,2,59.531,29.7655,55.511,27.7555,0.0,0.0,0.0003785544650444937,0.998111892178283
112,Host,Dataset,Iterator::Root::ParallelMapV2,2,44.84,22.42,44.84,22.42,0.0,0.0,0.0003057841186899011,0.9984176762969729
113,Host,FlushSummaryWriter,FlushSummaryWriter,1,44.65,44.65,44.65,44.65,0.0,0.0,0.0003044884232717235,0.9987221647202446
114,Host,LogicalAnd,LogicalAnd,1,32.07,32.07,32.07,32.07,0.0,0.0,0.0002186997476892312,0.9989408644679337
115,Host,IteratorGetNext,IteratorGetNext,2,30.51,15.255,30.51,15.255,0.0,0.0,0.00020806140636103662,0.9991489258742947
116,Host,Dataset,Iterator::Root,2,72.71,36.355,27.87,13.935,0.0,0.0,0.00019005805949793807,0.9993389839337926
117,Host,WriteSummary,WriteSummary,1,21.4,21.4,21.4,21.4,0.0,0.0,0.0001459362207842079,0.9994849201545768
118,Host,Dataset,Iterator::Root::ParallelMapV2::Zip[0]::FlatMap[1]::Concatenate[0]::TensorSlice,2,20.821,10.4105,20.821,10.4105,0.0,0.0,0.00014198775948355108,0.9996269079140604
119,Host,_HostSend,gradient_tape/categorical_crossentropy/mul/Shape/_9,2,17.03,8.515,17.03,8.515,0.0,0.0,0.00011613522616612433,0.9997430431402266
120,Host,Dataset,Iterator::Root::ParallelMapV2::Zip[0]::FlatMap[1]::Concatenate,2,32.331,16.1655,11.51,5.755,0.0,0.0,7.849186454328191e-05,0.9998215350047698
121,Host,Dataset,Iterator::Root::ParallelMapV2::Zip,2,105.212,52.606,9.46,4.73,0.0,0.0,6.451199292610313e-05,0.9998860469976959
122,Host,ReadVariableOp,ReadVariableOp,1,6.26,6.26,6.26,6.26,0.0,0.0,4.268975430416549e-05,0.9999287367520001
123,Host,Dataset,Iterator::Root::ParallelMapV2::Zip[1]::ForeverRepeat::FromTensor,4,4.02,1.005,4.02,1.005,0.0,0.0,2.7414187268809145e-05,0.9999561509392689
124,Host,Dataset,Iterator::Root::ParallelMapV2::Zip[0]::FlatMap,2,36.221,18.1105,3.89,1.945,0.0,0.0,2.6527658824792934e-05,0.9999826785980938
125,Host,Identity,Identity,2,2.54,1.27,2.54,1.27,0.0,0.0,1.7321401906162995e-05,0.9999999999999999
