Rank,Host/device,Type,Operation,#Occurrences,Total time (us),Avg. time (us),Total self-time (us),Avg. self-time (us),Total self-time on Device (%),Cumulative total-self time on Device (%),Total self-time on Host (%),Cumulative total-self time on Host (%)
1,Device,IDLE,IDLE,0,16090.558,0.0,16090.558,0.0,0.8749753123047824,0.8749753123047824,0.0,0.0
2,Device,SoftmaxCrossEntropyWithLogits,categorical_crossentropy/softmax_cross_entropy_with_logits,2,95.232,47.616,95.232,47.616,0.005178543151916113,0.8801538554566986,0.0,0.0
3,Device,Conv2DBackpropFilter,gradient_tape/model/conv1/Conv2D/Conv2DBackpropFilter,2,69.633,34.8165,69.633,34.8165,0.003786516037648844,0.8839403714943473,0.0,0.0
4,Device,_FusedConv2D,model/conv1/Relu,2,66.56,33.28,66.56,33.28,0.0036194118803714774,0.8875597833747189,0.0,0.0
5,Device,_Recv,IteratorGetNext/_2,2,63.424,31.712,63.424,31.712,0.0034488818975462825,0.8910086652722652,0.0,0.0
6,Device,Conv2DBackpropInput,gradient_tape/model/ResBlock32_conv2/Conv2D/Conv2DBackpropInput,2,44.032,22.016,44.032,22.016,0.002394380167014977,0.8934030454392802,0.0,0.0
7,Device,Conv2DBackpropInput,gradient_tape/model/ResBlock31_conv1/Conv2D/Conv2DBackpropInput,2,38.912,19.456,38.912,19.456,0.0021159638685248634,0.895519009307805,0.0,0.0
8,Device,Conv2DBackpropInput,gradient_tape/model/ResBlock31_conv2/Conv2D/Conv2DBackpropInput,2,38.912,19.456,38.912,19.456,0.0021159638685248634,0.8976349731763299,0.0,0.0
9,Device,Conv2DBackpropInput,gradient_tape/model/ResBlock31_pooling_conv/Conv2D/Conv2DBackpropInput,2,38.912,19.456,38.912,19.456,0.0021159638685248634,0.8997509370448548,0.0,0.0
10,Device,Conv2DBackpropInput,gradient_tape/model/ResBlock32_conv1/Conv2D/Conv2DBackpropInput,2,37.888,18.944,37.888,18.944,0.0020602806088268408,0.9018112176536816,0.0,0.0
11,Device,Conv2DBackpropInput,gradient_tape/model/ResBlock22_conv2/Conv2D/Conv2DBackpropInput,2,31.744,15.872,31.744,15.872,0.0017261810506387044,0.9035373987043203,0.0,0.0
12,Device,Conv2DBackpropInput,gradient_tape/model/ResBlock21_conv1/Conv2D/Conv2DBackpropInput,2,30.72,15.36,30.72,15.36,0.0016704977909406816,0.9052078964952609,0.0,0.0
13,Device,Conv2DBackpropInput,gradient_tape/model/ResBlock21_pooling_conv/Conv2D/Conv2DBackpropInput,2,30.72,15.36,30.72,15.36,0.0016704977909406816,0.9068783942862015,0.0,0.0
14,Device,Conv2DBackpropInput,gradient_tape/model/ResBlock21_conv2/Conv2D/Conv2DBackpropInput,2,28.672,14.336,28.672,14.336,0.0015591312715446362,0.9084375255577462,0.0,0.0
15,Device,Conv2DBackpropInput,gradient_tape/model/ResBlock22_conv1/Conv2D/Conv2DBackpropInput,2,28.672,14.336,28.672,14.336,0.0015591312715446362,0.9099966568292908,0.0,0.0
16,Device,Conv2DBackpropFilter,gradient_tape/model/ResBlock31_conv1/Conv2D/Conv2DBackpropFilter,2,28.672,14.336,28.672,14.336,0.0015591312715446362,0.9115557881008354,0.0,0.0
17,Device,Conv2DBackpropFilter,gradient_tape/model/ResBlock32_conv2/Conv2D/Conv2DBackpropFilter,2,28.672,14.336,28.672,14.336,0.0015591312715446362,0.91311491937238,0.0,0.0
18,Device,Conv2DBackpropFilter,gradient_tape/model/ResBlock31_pooling_conv/Conv2D/Conv2DBackpropFilter,2,27.648,13.824,27.648,13.824,0.0015034480118466136,0.9146183673842266,0.0,0.0
19,Device,Conv2DBackpropFilter,gradient_tape/model/ResBlock32_conv1/Conv2D/Conv2DBackpropFilter,2,27.648,13.824,27.648,13.824,0.0015034480118466136,0.9161218153960733,0.0,0.0
20,Device,Conv2D,model/ResBlock32_conv1/Conv2D,2,27.648,13.824,27.648,13.824,0.0015034480118466136,0.9176252634079199,0.0,0.0
21,Device,Conv2D,model/ResBlock32_conv2/Conv2D,2,27.648,13.824,27.648,13.824,0.0015034480118466136,0.9191287114197666,0.0,0.0
22,Device,Conv2DBackpropFilter,gradient_tape/model/ResBlock31_conv2/Conv2D/Conv2DBackpropFilter,2,26.624,13.312,26.624,13.312,0.0014477647521485908,0.9205764761719152,0.0,0.0
23,Device,Conv2D,model/ResBlock31_conv2/Conv2D,2,26.624,13.312,26.624,13.312,0.0014477647521485908,0.9220242409240638,0.0,0.0
24,Device,FusedBatchNormGradV3,gradient_tape/model/conv1_bn/FusedBatchNormGradV3,2,25.6,12.8,25.6,12.8,0.0013920814924505683,0.9234163224165143,0.0,0.0
25,Device,Conv2DBackpropFilter,gradient_tape/model/ResBlock21_pooling_conv/Conv2D/Conv2DBackpropFilter,2,24.576,12.288,24.576,12.288,0.0013363982327525455,0.9247527206492668,0.0,0.0
26,Device,MaxPoolGrad,gradient_tape/model/conv1_max_pool/MaxPool/MaxPoolGrad,2,24.576,12.288,24.576,12.288,0.0013363982327525455,0.9260891188820194,0.0,0.0
27,Device,Conv2DBackpropFilter,gradient_tape/model/ResBlock21_conv2/Conv2D/Conv2DBackpropFilter,2,22.528,11.264,22.528,11.264,0.0012250317133564999,0.9273141505953759,0.0,0.0
28,Device,Conv2DBackpropFilter,gradient_tape/model/ResBlock22_conv1/Conv2D/Conv2DBackpropFilter,2,22.528,11.264,22.528,11.264,0.0012250317133564999,0.9285391823087324,0.0,0.0
29,Device,Conv2DBackpropFilter,gradient_tape/model/ResBlock22_conv2/Conv2D/Conv2DBackpropFilter,2,22.528,11.264,22.528,11.264,0.0012250317133564999,0.929764214022089,0.0,0.0
30,Device,Conv2D,model/ResBlock22_conv2/Conv2D,2,22.528,11.264,22.528,11.264,0.0012250317133564999,0.9309892457354455,0.0,0.0
31,Device,Conv2D,model/ResBlock31_conv1/Conv2D,2,22.528,11.264,22.528,11.264,0.0012250317133564999,0.932214277448802,0.0,0.0
32,Device,Conv2DBackpropFilter,gradient_tape/model/ResBlock21_conv1/Conv2D/Conv2DBackpropFilter,2,21.504,10.752,21.504,10.752,0.0011693484536584773,0.9333836259024605,0.0,0.0
33,Device,Conv2D,model/ResBlock21_conv1/Conv2D,2,21.504,10.752,21.504,10.752,0.0011693484536584773,0.934552974356119,0.0,0.0
34,Device,Conv2D,model/ResBlock21_pooling_conv/Conv2D,2,21.504,10.752,21.504,10.752,0.0011693484536584773,0.9357223228097774,0.0,0.0
35,Device,Conv2D,model/ResBlock22_conv1/Conv2D,2,21.504,10.752,21.504,10.752,0.0011693484536584773,0.9368916712634359,0.0,0.0
36,Device,Conv2D,model/ResBlock21_conv2/Conv2D,2,20.48,10.24,20.48,10.24,0.0011136651939604545,0.9380053364573964,0.0,0.0
37,Device,Conv2D,model/ResBlock31_pooling_conv/Conv2D,2,20.48,10.24,20.48,10.24,0.0011136651939604545,0.9391190016513569,0.0,0.0
38,Device,FusedBatchNormV3,model/conv1_bn/FusedBatchNormV3,4,19.456,4.864,19.456,4.864,0.0010579819342624317,0.9401769835856193,0.0,0.0
39,Device,Softmax,model/dense/Softmax,2,18.432,9.216,18.432,9.216,0.0010022986745644089,0.9411792822601837,0.0,0.0
40,Device,BiasAddGrad,gradient_tape/model/conv1/BiasAdd/BiasAddGrad,2,14.336,7.168,14.336,7.168,0.0007795656357723181,0.941958847895956,0.0,0.0
41,Device,FusedBatchNormV3,model/ResBlock21_bn2/FusedBatchNormV3,4,14.336,3.584,14.336,3.584,0.0007795656357723181,0.9427384135317283,0.0,0.0
42,Device,FusedBatchNormV3,model/ResBlock22_bn2/FusedBatchNormV3,4,14.336,3.584,14.336,3.584,0.0007795656357723181,0.9435179791675006,0.0,0.0
43,Device,FusedBatchNormV3,model/ResBlock31_bn1/FusedBatchNormV3,4,14.336,3.584,14.336,3.584,0.0007795656357723181,0.9442975448032729,0.0,0.0
44,Device,FusedBatchNormV3,model/ResBlock31_pooling_bn/FusedBatchNormV3,4,14.336,3.584,14.336,3.584,0.0007795656357723181,0.9450771104390452,0.0,0.0
45,Device,FusedBatchNormV3,model/ResBlock32_bn1/FusedBatchNormV3,4,14.336,3.584,14.336,3.584,0.0007795656357723181,0.9458566760748175,0.0,0.0
46,Device,FusedBatchNormV3,model/ResBlock32_bn2/FusedBatchNormV3,4,14.336,3.584,14.336,3.584,0.0007795656357723181,0.9466362417105898,0.0,0.0
47,Device,MatMul,model/dense/MatMul,2,14.336,7.168,14.336,7.168,0.0007795656357723181,0.9474158073463621,0.0,0.0
48,Device,FusedBatchNormV3,model/ResBlock21_bn1/FusedBatchNormV3,4,13.312,3.328,13.312,3.328,0.0007238823760742954,0.9481396897224365,0.0,0.0
49,Device,FusedBatchNormV3,model/ResBlock21_pooling_bn/FusedBatchNormV3,4,13.312,3.328,13.312,3.328,0.0007238823760742954,0.9488635720985108,0.0,0.0
50,Device,FusedBatchNormV3,model/ResBlock22_bn1/FusedBatchNormV3,4,13.312,3.328,13.312,3.328,0.0007238823760742954,0.9495874544745851,0.0,0.0
51,Device,FusedBatchNormV3,model/ResBlock31_bn2/FusedBatchNormV3,4,12.288,3.072,12.288,3.072,0.0006681991163762727,0.9502556535909614,0.0,0.0
52,Device,MaxPool,model/conv1_max_pool/MaxPool,2,12.288,6.144,12.288,6.144,0.0006681991163762727,0.9509238527073377,0.0,0.0
53,Device,DynamicStitch,gradient_tape/model/GAP/DynamicStitch,2,11.264,5.632,11.264,5.632,0.0006125158566782499,0.9515363685640159,0.0,0.0
54,Device,ReluGrad,gradient_tape/model/conv1/ReluGrad,2,11.264,5.632,11.264,5.632,0.0006125158566782499,0.9521488844206941,0.0,0.0
55,Device,MatMul,gradient_tape/model/dense/MatMul/MatMul_1,2,11.264,5.632,11.264,5.632,0.0006125158566782499,0.9527614002773723,0.0,0.0
56,Device,FusedBatchNormGradV3,gradient_tape/model/ResBlock21_bn1/FusedBatchNormGradV3,2,10.24,5.12,10.24,5.12,0.0005568325969802272,0.9533182328743526,0.0,0.0
57,Device,FusedBatchNormGradV3,gradient_tape/model/ResBlock31_bn2/FusedBatchNormGradV3,2,10.24,5.12,10.24,5.12,0.0005568325969802272,0.9538750654713328,0.0,0.0
58,Device,FusedBatchNormGradV3,gradient_tape/model/ResBlock32_bn2/FusedBatchNormGradV3,2,10.24,5.12,10.24,5.12,0.0005568325969802272,0.9544318980683131,0.0,0.0
59,Device,Transpose,gradient_tape/model/conv1/Conv2D/Conv2DBackpropFilter-0-TransposeNHWCToNCHW-LayoutOptimizer,2,10.24,5.12,10.24,5.12,0.0005568325969802272,0.9549887306652933,0.0,0.0
60,Device,MatMul,gradient_tape/model/dense/MatMul/MatMul,2,10.24,5.12,10.24,5.12,0.0005568325969802272,0.9555455632622736,0.0,0.0
61,Device,BroadcastTo,gradient_tape/model/GAP/BroadcastTo,2,9.216,4.608,9.216,4.608,0.0005011493372822044,0.9560467125995558,0.0,0.0
62,Device,FusedBatchNormGradV3,gradient_tape/model/ResBlock21_bn2/FusedBatchNormGradV3,2,9.216,4.608,9.216,4.608,0.0005011493372822044,0.9565478619368379,0.0,0.0
63,Device,FusedBatchNormGradV3,gradient_tape/model/ResBlock22_bn1/FusedBatchNormGradV3,2,9.216,4.608,9.216,4.608,0.0005011493372822044,0.9570490112741201,0.0,0.0
64,Device,FusedBatchNormGradV3,gradient_tape/model/ResBlock22_bn2/FusedBatchNormGradV3,2,9.216,4.608,9.216,4.608,0.0005011493372822044,0.9575501606114023,0.0,0.0
65,Device,FusedBatchNormGradV3,gradient_tape/model/ResBlock31_bn1/FusedBatchNormGradV3,2,9.216,4.608,9.216,4.608,0.0005011493372822044,0.9580513099486845,0.0,0.0
66,Device,BiasAddGrad,gradient_tape/model/ResBlock31_conv1/BiasAdd/BiasAddGrad,2,9.216,4.608,9.216,4.608,0.0005011493372822044,0.9585524592859667,0.0,0.0
67,Device,BiasAddGrad,gradient_tape/model/ResBlock31_conv2/BiasAdd/BiasAddGrad,2,9.216,4.608,9.216,4.608,0.0005011493372822044,0.9590536086232488,0.0,0.0
68,Device,FusedBatchNormGradV3,gradient_tape/model/ResBlock31_pooling_bn/FusedBatchNormGradV3,2,9.216,4.608,9.216,4.608,0.0005011493372822044,0.959554757960531,0.0,0.0
69,Device,FusedBatchNormGradV3,gradient_tape/model/ResBlock32_bn1/FusedBatchNormGradV3,2,9.216,4.608,9.216,4.608,0.0005011493372822044,0.9600559072978132,0.0,0.0
70,Device,BiasAddGrad,gradient_tape/model/ResBlock32_conv1/BiasAdd/BiasAddGrad,2,9.216,4.608,9.216,4.608,0.0005011493372822044,0.9605570566350954,0.0,0.0
71,Device,ArgMax,ArgMax,2,8.192,4.096,8.192,4.096,0.0004454660775841818,0.9610025227126796,0.0,0.0
72,Device,ResourceApplyGradientDescent,SGD/SGD/update_4/ResourceApplyGradientDescent,2,8.192,4.096,8.192,4.096,0.0004454660775841818,0.9614479887902638,0.0,0.0
73,Device,ResourceApplyGradientDescent,SGD/SGD/update_40/ResourceApplyGradientDescent,2,8.192,4.096,8.192,4.096,0.0004454660775841818,0.961893454867848,0.0,0.0
74,Device,BiasAddGrad,gradient_tape/model/ResBlock21_conv1/BiasAdd/BiasAddGrad,2,8.192,4.096,8.192,4.096,0.0004454660775841818,0.9623389209454323,0.0,0.0
75,Device,BiasAddGrad,gradient_tape/model/ResBlock21_conv2/BiasAdd/BiasAddGrad,2,8.192,4.096,8.192,4.096,0.0004454660775841818,0.9627843870230165,0.0,0.0
76,Device,FusedBatchNormGradV3,gradient_tape/model/ResBlock21_pooling_bn/FusedBatchNormGradV3,2,8.192,4.096,8.192,4.096,0.0004454660775841818,0.9632298531006007,0.0,0.0
77,Device,BiasAddGrad,gradient_tape/model/ResBlock31_pooling_conv/BiasAdd/BiasAddGrad,2,8.192,4.096,8.192,4.096,0.0004454660775841818,0.9636753191781849,0.0,0.0
78,Device,BiasAddGrad,gradient_tape/model/ResBlock32_conv2/BiasAdd/BiasAddGrad,2,8.192,4.096,8.192,4.096,0.0004454660775841818,0.9641207852557692,0.0,0.0
79,Device,Mean,model/GAP/Mean,2,8.192,4.096,8.192,4.096,0.0004454660775841818,0.9645662513333534,0.0,0.0
80,Device,ArgMax,ArgMax_1,2,7.168,3.584,7.168,3.584,0.00038978281788615906,0.9649560341512395,0.0,0.0
81,Device,Equal,Equal,2,7.168,3.584,7.168,3.584,0.00038978281788615906,0.9653458169691257,0.0,0.0
82,Device,ResourceApplyGradientDescent,SGD/SGD/update_16/ResourceApplyGradientDescent,2,7.168,3.584,7.168,3.584,0.00038978281788615906,0.9657355997870118,0.0,0.0
83,Device,ResourceApplyGradientDescent,SGD/SGD/update_28/ResourceApplyGradientDescent,2,7.168,3.584,7.168,3.584,0.00038978281788615906,0.966125382604898,0.0,0.0
84,Device,ResourceApplyGradientDescent,SGD/SGD/update_3/ResourceApplyGradientDescent,2,7.168,3.584,7.168,3.584,0.00038978281788615906,0.9665151654227842,0.0,0.0
85,Device,ResourceApplyGradientDescent,SGD/SGD/update_30/ResourceApplyGradientDescent,2,7.168,3.584,7.168,3.584,0.00038978281788615906,0.9669049482406703,0.0,0.0
86,Device,ResourceApplyGradientDescent,SGD/SGD/update_36/ResourceApplyGradientDescent,2,7.168,3.584,7.168,3.584,0.00038978281788615906,0.9672947310585565,0.0,0.0
87,Device,AddN,SGD/gradients/AddN_1,2,7.168,3.584,7.168,3.584,0.00038978281788615906,0.9676845138764426,0.0,0.0
88,Device,AddN,SGD/gradients/AddN_3,2,7.168,3.584,7.168,3.584,0.00038978281788615906,0.9680742966943288,0.0,0.0
89,Device,BiasAddGrad,gradient_tape/model/ResBlock21_pooling_conv/BiasAdd/BiasAddGrad,2,7.168,3.584,7.168,3.584,0.00038978281788615906,0.9684640795122149,0.0,0.0
90,Device,BiasAddGrad,gradient_tape/model/ResBlock22_conv1/BiasAdd/BiasAddGrad,2,7.168,3.584,7.168,3.584,0.00038978281788615906,0.9688538623301011,0.0,0.0
91,Device,BiasAddGrad,gradient_tape/model/ResBlock22_conv2/BiasAdd/BiasAddGrad,2,7.168,3.584,7.168,3.584,0.00038978281788615906,0.9692436451479872,0.0,0.0
92,Device,BiasAddGrad,gradient_tape/model/dense/BiasAdd/BiasAddGrad,2,7.168,3.584,7.168,3.584,0.00038978281788615906,0.9696334279658734,0.0,0.0
93,Device,Transpose,gradient_tape/model/tf.nn.relu_7/ReluGrad-0-TransposeNHWCToNCHW-LayoutOptimizer,2,7.168,3.584,7.168,3.584,0.00038978281788615906,0.9700232107837595,0.0,0.0
94,Device,AddV2,model/ResBlock21_add/add,2,7.168,3.584,7.168,3.584,0.00038978281788615906,0.9704129936016457,0.0,0.0
95,Device,BiasAdd,model/ResBlock21_conv1/BiasAdd,2,7.168,3.584,7.168,3.584,0.00038978281788615906,0.9708027764195318,0.0,0.0
96,Device,AddV2,model/ResBlock32_add/add,2,7.168,3.584,7.168,3.584,0.00038978281788615906,0.971192559237418,0.0,0.0
97,Device,Transpose,model/tf.nn.relu_7/Relu-0-0-TransposeNCHWToNHWC-LayoutOptimizer,2,7.168,3.584,7.168,3.584,0.00038978281788615906,0.9715823420553041,0.0,0.0
98,Device,BiasAdd,model/ResBlock32_conv2/BiasAdd,2,6.145,3.0725,6.145,3.0725,0.00033415393637143515,0.9719164959916756,0.0,0.0
99,Device,AssignAddVariableOp,AssignAddVariableOp_3,2,6.144,3.072,6.144,3.072,0.00033409955818813637,0.9722505955498637,0.0,0.0
100,Device,AssignAddVariableOp,AssignAddVariableOp_4,2,6.144,3.072,6.144,3.072,0.00033409955818813637,0.9725846951080518,0.0,0.0
101,Device,Cast,Cast,2,6.144,3.072,6.144,3.072,0.00033409955818813637,0.9729187946662399,0.0,0.0
102,Device,Cast,Cast_1,2,6.144,3.072,6.144,3.072,0.00033409955818813637,0.973252894224428,0.0,0.0
103,Device,ResourceApplyGradientDescent,SGD/SGD/update/ResourceApplyGradientDescent,2,6.144,3.072,6.144,3.072,0.00033409955818813637,0.973586993782616,0.0,0.0
104,Device,ResourceApplyGradientDescent,SGD/SGD/update_10/ResourceApplyGradientDescent,2,6.144,3.072,6.144,3.072,0.00033409955818813637,0.9739210933408041,0.0,0.0
105,Device,ResourceApplyGradientDescent,SGD/SGD/update_14/ResourceApplyGradientDescent,2,6.144,3.072,6.144,3.072,0.00033409955818813637,0.9742551928989922,0.0,0.0
106,Device,ResourceApplyGradientDescent,SGD/SGD/update_17/ResourceApplyGradientDescent,2,6.144,3.072,6.144,3.072,0.00033409955818813637,0.9745892924571803,0.0,0.0
107,Device,ResourceApplyGradientDescent,SGD/SGD/update_19/ResourceApplyGradientDescent,2,6.144,3.072,6.144,3.072,0.00033409955818813637,0.9749233920153684,0.0,0.0
108,Device,ResourceApplyGradientDescent,SGD/SGD/update_20/ResourceApplyGradientDescent,2,6.144,3.072,6.144,3.072,0.00033409955818813637,0.9752574915735565,0.0,0.0
109,Device,ResourceApplyGradientDescent,SGD/SGD/update_22/ResourceApplyGradientDescent,2,6.144,3.072,6.144,3.072,0.00033409955818813637,0.9755915911317445,0.0,0.0
110,Device,ResourceApplyGradientDescent,SGD/SGD/update_24/ResourceApplyGradientDescent,2,6.144,3.072,6.144,3.072,0.00033409955818813637,0.9759256906899326,0.0,0.0
111,Device,ResourceApplyGradientDescent,SGD/SGD/update_25/ResourceApplyGradientDescent,2,6.144,3.072,6.144,3.072,0.00033409955818813637,0.9762597902481207,0.0,0.0
112,Device,ResourceApplyGradientDescent,SGD/SGD/update_31/ResourceApplyGradientDescent,2,6.144,3.072,6.144,3.072,0.00033409955818813637,0.9765938898063088,0.0,0.0
113,Device,ResourceApplyGradientDescent,SGD/SGD/update_32/ResourceApplyGradientDescent,2,6.144,3.072,6.144,3.072,0.00033409955818813637,0.9769279893644969,0.0,0.0
114,Device,ResourceApplyGradientDescent,SGD/SGD/update_37/ResourceApplyGradientDescent,2,6.144,3.072,6.144,3.072,0.00033409955818813637,0.977262088922685,0.0,0.0
115,Device,ResourceApplyGradientDescent,SGD/SGD/update_38/ResourceApplyGradientDescent,2,6.144,3.072,6.144,3.072,0.00033409955818813637,0.977596188480873,0.0,0.0
116,Device,ResourceApplyGradientDescent,SGD/SGD/update_41/ResourceApplyGradientDescent,2,6.144,3.072,6.144,3.072,0.00033409955818813637,0.9779302880390611,0.0,0.0
117,Device,ResourceApplyGradientDescent,SGD/SGD/update_44/ResourceApplyGradientDescent,2,6.144,3.072,6.144,3.072,0.00033409955818813637,0.9782643875972492,0.0,0.0
118,Device,ResourceApplyGradientDescent,SGD/SGD/update_45/ResourceApplyGradientDescent,2,6.144,3.072,6.144,3.072,0.00033409955818813637,0.9785984871554373,0.0,0.0
119,Device,ResourceApplyGradientDescent,SGD/SGD/update_6/ResourceApplyGradientDescent,2,6.144,3.072,6.144,3.072,0.00033409955818813637,0.9789325867136254,0.0,0.0
120,Device,ResourceApplyGradientDescent,SGD/SGD/update_7/ResourceApplyGradientDescent,2,6.144,3.072,6.144,3.072,0.00033409955818813637,0.9792666862718135,0.0,0.0
121,Device,ResourceApplyGradientDescent,SGD/SGD/update_8/ResourceApplyGradientDescent,2,6.144,3.072,6.144,3.072,0.00033409955818813637,0.9796007858300015,0.0,0.0
122,Device,ResourceApplyGradientDescent,SGD/SGD/update_9/ResourceApplyGradientDescent,2,6.144,3.072,6.144,3.072,0.00033409955818813637,0.9799348853881896,0.0,0.0
123,Device,AddN,SGD/gradients/AddN,2,6.144,3.072,6.144,3.072,0.00033409955818813637,0.9802689849463777,0.0,0.0
124,Device,AddN,SGD/gradients/AddN_2,2,6.144,3.072,6.144,3.072,0.00033409955818813637,0.9806030845045658,0.0,0.0
125,Device,Mul,gradient_tape/categorical_crossentropy/softmax_cross_entropy_with_logits/mul,2,6.144,3.072,6.144,3.072,0.00033409955818813637,0.9809371840627539,0.0,0.0
126,Device,Tile,gradient_tape/categorical_crossentropy/weighted_loss/Tile_1,2,6.144,3.072,6.144,3.072,0.00033409955818813637,0.981271283620942,0.0,0.0
127,Device,RealDiv,gradient_tape/model/GAP/truediv,2,6.144,3.072,6.144,3.072,0.00033409955818813637,0.98160538317913,0.0,0.0
128,Device,ReluGrad,gradient_tape/model/tf.nn.relu_2/ReluGrad,2,6.144,3.072,6.144,3.072,0.00033409955818813637,0.9819394827373181,0.0,0.0
129,Device,ReluGrad,gradient_tape/model/tf.nn.relu_3/ReluGrad,2,6.144,3.072,6.144,3.072,0.00033409955818813637,0.9822735822955062,0.0,0.0
130,Device,ReluGrad,gradient_tape/model/tf.nn.relu_5/ReluGrad,2,6.144,3.072,6.144,3.072,0.00033409955818813637,0.9826076818536943,0.0,0.0
131,Device,ReluGrad,gradient_tape/model/tf.nn.relu_6/ReluGrad,2,6.144,3.072,6.144,3.072,0.00033409955818813637,0.9829417814118824,0.0,0.0
132,Device,ReluGrad,gradient_tape/model/tf.nn.relu_7/ReluGrad,2,6.144,3.072,6.144,3.072,0.00033409955818813637,0.9832758809700705,0.0,0.0
133,Device,BiasAdd,model/ResBlock21_conv2/BiasAdd,2,6.144,3.072,6.144,3.072,0.00033409955818813637,0.9836099805282585,0.0,0.0
134,Device,BiasAdd,model/ResBlock21_pooling_conv/BiasAdd,2,6.144,3.072,6.144,3.072,0.00033409955818813637,0.9839440800864466,0.0,0.0
135,Device,AddV2,model/ResBlock22_add/add,2,6.144,3.072,6.144,3.072,0.00033409955818813637,0.9842781796446347,0.0,0.0
136,Device,BiasAdd,model/ResBlock22_conv1/BiasAdd,2,6.144,3.072,6.144,3.072,0.00033409955818813637,0.9846122792028228,0.0,0.0
137,Device,BiasAdd,model/ResBlock22_conv2/BiasAdd,2,6.144,3.072,6.144,3.072,0.00033409955818813637,0.9849463787610109,0.0,0.0
138,Device,AddV2,model/ResBlock31_add/add,2,6.144,3.072,6.144,3.072,0.00033409955818813637,0.985280478319199,0.0,0.0
139,Device,BiasAdd,model/ResBlock31_conv1/BiasAdd,2,6.144,3.072,6.144,3.072,0.00033409955818813637,0.985614577877387,0.0,0.0
140,Device,BiasAdd,model/ResBlock31_conv2/BiasAdd,2,6.144,3.072,6.144,3.072,0.00033409955818813637,0.9859486774355751,0.0,0.0
141,Device,BiasAdd,model/ResBlock31_pooling_conv/BiasAdd,2,6.144,3.072,6.144,3.072,0.00033409955818813637,0.9862827769937632,0.0,0.0
142,Device,BiasAdd,model/ResBlock32_conv1/BiasAdd,2,6.144,3.072,6.144,3.072,0.00033409955818813637,0.9866168765519513,0.0,0.0
143,Device,AssignAddVariableOp,AssignAddVariableOp,2,5.12,2.56,5.12,2.56,0.0002784162984901136,0.9868952928504414,0.0,0.0
144,Device,AssignAddVariableOp,AssignAddVariableOp_1,2,5.12,2.56,5.12,2.56,0.0002784162984901136,0.9871737091489315,0.0,0.0
145,Device,AssignAddVariableOp,AssignAddVariableOp_2,2,5.12,2.56,5.12,2.56,0.0002784162984901136,0.9874521254474217,0.0,0.0
146,Device,Cast,Cast_2,2,5.12,2.56,5.12,2.56,0.0002784162984901136,0.9877305417459118,0.0,0.0
147,Device,Mul,Mul,2,5.12,2.56,5.12,2.56,0.0002784162984901136,0.9880089580444019,0.0,0.0
148,Device,AssignAddVariableOp,SGD/SGD/AssignAddVariableOp,2,5.12,2.56,5.12,2.56,0.0002784162984901136,0.988287374342892,0.0,0.0
149,Device,ResourceApplyGradientDescent,SGD/SGD/update_1/ResourceApplyGradientDescent,2,5.12,2.56,5.12,2.56,0.0002784162984901136,0.9885657906413822,0.0,0.0
150,Device,ResourceApplyGradientDescent,SGD/SGD/update_11/ResourceApplyGradientDescent,2,5.12,2.56,5.12,2.56,0.0002784162984901136,0.9888442069398723,0.0,0.0
151,Device,ResourceApplyGradientDescent,SGD/SGD/update_12/ResourceApplyGradientDescent,2,5.12,2.56,5.12,2.56,0.0002784162984901136,0.9891226232383624,0.0,0.0
152,Device,ResourceApplyGradientDescent,SGD/SGD/update_13/ResourceApplyGradientDescent,2,5.12,2.56,5.12,2.56,0.0002784162984901136,0.9894010395368525,0.0,0.0
153,Device,ResourceApplyGradientDescent,SGD/SGD/update_2/ResourceApplyGradientDescent,2,5.12,2.56,5.12,2.56,0.0002784162984901136,0.9896794558353427,0.0,0.0
154,Device,ResourceApplyGradientDescent,SGD/SGD/update_21/ResourceApplyGradientDescent,2,5.12,2.56,5.12,2.56,0.0002784162984901136,0.9899578721338328,0.0,0.0
155,Device,ResourceApplyGradientDescent,SGD/SGD/update_23/ResourceApplyGradientDescent,2,5.12,2.56,5.12,2.56,0.0002784162984901136,0.9902362884323229,0.0,0.0
156,Device,ResourceApplyGradientDescent,SGD/SGD/update_26/ResourceApplyGradientDescent,2,5.12,2.56,5.12,2.56,0.0002784162984901136,0.990514704730813,0.0,0.0
157,Device,ResourceApplyGradientDescent,SGD/SGD/update_27/ResourceApplyGradientDescent,2,5.12,2.56,5.12,2.56,0.0002784162984901136,0.9907931210293032,0.0,0.0
158,Device,ResourceApplyGradientDescent,SGD/SGD/update_33/ResourceApplyGradientDescent,2,5.12,2.56,5.12,2.56,0.0002784162984901136,0.9910715373277933,0.0,0.0
159,Device,ResourceApplyGradientDescent,SGD/SGD/update_34/ResourceApplyGradientDescent,2,5.12,2.56,5.12,2.56,0.0002784162984901136,0.9913499536262834,0.0,0.0
160,Device,ResourceApplyGradientDescent,SGD/SGD/update_35/ResourceApplyGradientDescent,2,5.12,2.56,5.12,2.56,0.0002784162984901136,0.9916283699247735,0.0,0.0
161,Device,ResourceApplyGradientDescent,SGD/SGD/update_42/ResourceApplyGradientDescent,2,5.12,2.56,5.12,2.56,0.0002784162984901136,0.9919067862232637,0.0,0.0
162,Device,ResourceApplyGradientDescent,SGD/SGD/update_43/ResourceApplyGradientDescent,2,5.12,2.56,5.12,2.56,0.0002784162984901136,0.9921852025217538,0.0,0.0
163,Device,ResourceApplyGradientDescent,SGD/SGD/update_5/ResourceApplyGradientDescent,2,5.12,2.56,5.12,2.56,0.0002784162984901136,0.9924636188202439,0.0,0.0
164,Device,Sum,Sum_2,2,5.12,2.56,5.12,2.56,0.0002784162984901136,0.992742035118734,0.0,0.0
165,Device,Sum,categorical_crossentropy/weighted_loss/Sum,2,5.12,2.56,5.12,2.56,0.0002784162984901136,0.9930204514172242,0.0,0.0
166,Device,DivNoNan,categorical_crossentropy/weighted_loss/value,2,5.12,2.56,5.12,2.56,0.0002784162984901136,0.9932988677157143,0.0,0.0
167,Device,DivNoNan,div_no_nan,2,5.12,2.56,5.12,2.56,0.0002784162984901136,0.9935772840142044,0.0,0.0
168,Device,DivNoNan,div_no_nan_1,2,5.12,2.56,5.12,2.56,0.0002784162984901136,0.9938557003126945,0.0,0.0
169,Device,DivNoNan,gradient_tape/categorical_crossentropy/weighted_loss/value/div_no_nan,2,5.12,2.56,5.12,2.56,0.0002784162984901136,0.9941341166111847,0.0,0.0
170,Device,Cast,gradient_tape/model/GAP/Cast,2,5.12,2.56,5.12,2.56,0.0002784162984901136,0.9944125329096748,0.0,0.0
171,Device,ReluGrad,gradient_tape/model/tf.nn.relu/ReluGrad,2,5.12,2.56,5.12,2.56,0.0002784162984901136,0.9946909492081649,0.0,0.0
172,Device,ReluGrad,gradient_tape/model/tf.nn.relu_1/ReluGrad,2,5.12,2.56,5.12,2.56,0.0002784162984901136,0.994969365506655,0.0,0.0
173,Device,ReluGrad,gradient_tape/model/tf.nn.relu_4/ReluGrad,2,5.12,2.56,5.12,2.56,0.0002784162984901136,0.9952477818051452,0.0,0.0
174,Device,BiasAdd,model/dense/BiasAdd,2,5.12,2.56,5.12,2.56,0.0002784162984901136,0.9955261981036353,0.0,0.0
175,Device,Relu,model/tf.nn.relu/Relu,2,5.12,2.56,5.12,2.56,0.0002784162984901136,0.9958046144021254,0.0,0.0
176,Device,Relu,model/tf.nn.relu_2/Relu,2,5.12,2.56,5.12,2.56,0.0002784162984901136,0.9960830307006155,0.0,0.0
177,Device,Relu,model/tf.nn.relu_3/Relu,2,5.12,2.56,5.12,2.56,0.0002784162984901136,0.9963614469991057,0.0,0.0
178,Device,Relu,model/tf.nn.relu_4/Relu,2,5.12,2.56,5.12,2.56,0.0002784162984901136,0.9966398632975958,0.0,0.0
179,Device,Relu,model/tf.nn.relu_6/Relu,2,5.12,2.56,5.12,2.56,0.0002784162984901136,0.9969182795960859,0.0,0.0
180,Device,ResourceApplyGradientDescent,SGD/SGD/update_15/ResourceApplyGradientDescent,2,4.096,2.048,4.096,2.048,0.0002227330387920909,0.997141012634878,0.0,0.0
181,Device,ResourceApplyGradientDescent,SGD/SGD/update_18/ResourceApplyGradientDescent,2,4.096,2.048,4.096,2.048,0.0002227330387920909,0.99736374567367,0.0,0.0
182,Device,ResourceApplyGradientDescent,SGD/SGD/update_29/ResourceApplyGradientDescent,2,4.096,2.048,4.096,2.048,0.0002227330387920909,0.9975864787124621,0.0,0.0
183,Device,ResourceApplyGradientDescent,SGD/SGD/update_39/ResourceApplyGradientDescent,2,4.096,2.048,4.096,2.048,0.0002227330387920909,0.9978092117512541,0.0,0.0
184,Device,Cast,categorical_crossentropy/weighted_loss/num_elements/Cast,2,4.096,2.048,4.096,2.048,0.0002227330387920909,0.9980319447900462,0.0,0.0
185,Device,Relu,model/tf.nn.relu_1/Relu,2,4.096,2.048,4.096,2.048,0.0002227330387920909,0.9982546778288383,0.0,0.0
186,Device,Relu,model/tf.nn.relu_5/Relu,2,4.096,2.048,4.096,2.048,0.0002227330387920909,0.9984774108676303,0.0,0.0
187,Device,Relu,model/tf.nn.relu_7/Relu,2,4.096,2.048,4.096,2.048,0.0002227330387920909,0.9987001439064224,0.0,0.0
188,Device,_HostRecv,gradient_tape/model/GAP/DynamicStitch/_24,2,4.032,2.016,4.032,2.016,0.0002192528350609645,0.9989193967414833,0.0,0.0
189,Device,_Recv,IteratorGetNext/_4,2,3.072,1.536,3.072,1.536,0.00016704977909406818,0.9990864465205774,0.0,0.0
190,Device,_Recv,gradient_tape/model/GAP/floordiv/_18,2,3.04,1.52,3.04,1.52,0.00016530967722850498,0.9992517561978059,0.0,0.0
191,Device,_Recv,Size/_22,2,2.784,1.392,2.784,1.392,0.00015138886230399928,0.99940314506011,0.0,0.0
192,Device,_Recv,categorical_crossentropy/weighted_loss/num_elements/_20,2,2.784,1.392,2.784,1.392,0.00015138886230399928,0.999554533922414,0.0,0.0
193,Device,LogicalAnd,LogicalAnd,1,2.048,2.048,2.048,2.048,0.00011136651939604545,0.99966590044181,0.0,0.0
194,Device,_Recv,gradient_tape/model/GAP/Shape-0-1-DataFormatVecPermuteNCHWToNHWC-LayoutOptimizer/_14,2,2.048,1.024,2.048,1.024,0.00011136651939604545,0.9997772669612061,0.0,0.0
195,Device,_Recv,gradient_tape/model/GAP/ones/_16,2,2.048,1.024,2.048,1.024,0.00011136651939604545,0.9998886334806021,0.0,0.0
196,Device,_Recv,strided_slice/_12,2,2.048,1.024,2.048,1.024,0.00011136651939604545,0.9999999999999981,0.0,0.0
197,Host,IDLE,IDLE,0,40527.257,0.0,40527.257,0.0,0.0,0.0,0.9889867541478515,0.9889867541478515
198,Host,GatherV2,GatherV2,2,107.141,53.5705,107.141,53.5705,0.0,0.0,0.0026145620915364433,0.991601316239388
199,Host,Dataset,Iterator::Root::ParallelMapV2,2,66.72,33.36,66.72,33.36,0.0,0.0,0.0016281683272259125,0.9932294845666139
200,Host,Dataset,Iterator::Root::ParallelMapV2::Zip[1]::ForeverRepeat,2,47.87,23.935,44.4,22.2,0.0,0.0,0.001083493311283431,0.9943129778778973
201,Host,FlushSummaryWriter,FlushSummaryWriter,1,36.131,36.131,36.131,36.131,0.0,0.0,0.0008817048835581452,0.9951946827614554
202,Host,IteratorGetNext,IteratorGetNext,2,35.081,17.5405,35.081,17.5405,0.0,0.0,0.0008560817309264425,0.9960507644923818
203,Host,Dataset,Iterator::Root,2,98.041,49.0205,31.321,15.6605,0.0,0.0,0.0007643264415024403,0.9968150909338843
204,Host,LogicalAnd,LogicalAnd,1,30.121,30.121,30.121,30.121,0.0,0.0,0.0007350428384947799,0.9975501337723791
205,Host,GatherV2,GatherV2_1,2,22.04,11.02,22.04,11.02,0.0,0.0,0.0005378421752406941,0.9980879759476198
206,Host,WriteSummary,WriteSummary,1,19.52,19.52,19.52,19.52,0.0,0.0,0.0004763466089246075,0.9985643225565444
207,Host,Dataset,Iterator::Root::ParallelMapV2::Zip[0]::FlatMap[1]::Concatenate[0]::TensorSlice,2,19.251,9.6255,19.251,9.6255,0.0,0.0,0.0004697822012503904,0.9990341047577947
208,Host,Dataset,Iterator::Root::ParallelMapV2::Zip[0]::FlatMap[1]::Concatenate,2,33.062,16.531,13.811,6.9055,0.0,0.0,0.00033702986761566364,0.9993711346254104
209,Host,Dataset,Iterator::Root::ParallelMapV2::Zip,2,93.072,46.536,9.01,4.505,0.0,0.0,0.00021987105258251607,0.9995910056779929
210,Host,ReadVariableOp,ReadVariableOp,1,6.0,6.0,6.0,6.0,0.0,0.0,0.0001464180150383015,0.9997374236930312
211,Host,Dataset,Iterator::Root::ParallelMapV2::Zip[1]::ForeverRepeat::FromTensor,4,3.47,0.8675,3.47,0.8675,0.0,0.0,8.467841869715104e-05,0.9998221021117284
212,Host,Dataset,Iterator::Root::ParallelMapV2::Zip[0]::FlatMap,2,36.192,18.096,3.13,1.565,0.0,0.0,7.63813978449806e-05,0.9998984835095733
213,Host,Identity,Identity,2,2.58,1.29,2.58,1.29,0.0,0.0,6.295974646646964e-05,0.9999614432560398
214,Host,_Send,IteratorGetNext/_6,2,1.58,0.79,1.58,0.79,0.0,0.0,3.855674396008606e-05,0.9999999999999999
