Rank,Host/device,Type,Operation,#Occurrences,Total time (us),Avg. time (us),Total self-time (us),Avg. self-time (us),Total self-time on Device (%),Cumulative total-self time on Device (%),Total self-time on Host (%),Cumulative total-self time on Host (%)
1,Device,IDLE,IDLE,0,8631.374,0.0,8631.374,0.0,0.05601914965823699,0.05601914965823699,0.0,0.0
2,Device,_Recv,IteratorGetNext/_2,2,4480.745,2240.3725,4480.745,2240.3725,0.0290808305532117,0.08509998021144868,0.0,0.0
3,Device,FusedBatchNormGradV3,gradient_tape/model/batch_normalization/FusedBatchNormGradV3,2,2841.606,1420.803,2841.606,1420.803,0.018442527433493693,0.10354250764494238,0.0,0.0
4,Device,Conv2DBackpropFilter,gradient_tape/model/conv2d/Conv2D/Conv2DBackpropFilter,2,2381.828,1190.914,2381.828,1190.914,0.015458486585354694,0.11900099423029707,0.0,0.0
5,Device,MaxPoolGrad,gradient_tape/model/max_pooling2d/MaxPool/MaxPoolGrad,2,2266.116,1133.058,2266.116,1133.058,0.01470749516205941,0.1337084893923565,0.0,0.0
6,Device,ReluGrad,gradient_tape/model/activation/ReluGrad,2,1778.692,889.346,1778.692,889.346,0.011544026865700508,0.145252516258057,0.0,0.0
7,Device,Conv2D,model/conv2d/Conv2D,2,1740.804,870.402,1740.804,870.402,0.011298127019134798,0.1565506432771918,0.0,0.0
8,Device,FusedBatchNormV3,model/batch_normalization/FusedBatchNormV3,4,1671.171,417.79275,1671.171,417.79275,0.010846196486620273,0.16739683976381206,0.0,0.0
9,Device,Conv2DBackpropFilter,gradient_tape/model/conv2d_1/Conv2D/Conv2DBackpropFilter,2,1636.354,818.177,1636.354,818.177,0.010620227975274241,0.1780170677390863,0.0,0.0
10,Device,Conv2DBackpropFilter,gradient_tape/model/conv2d_6/Conv2D/Conv2DBackpropFilter,2,1631.236,815.618,1631.236,815.618,0.010587011246633951,0.18860407898572024,0.0,0.0
11,Device,Conv2DBackpropFilter,gradient_tape/model/conv2d_4/Conv2D/Conv2DBackpropFilter,2,1630.212,815.106,1630.212,815.106,0.010580365304834877,0.19918444429055512,0.0,0.0
12,Device,Conv2DBackpropFilter,gradient_tape/model/conv2d_5/Conv2D/Conv2DBackpropFilter,2,1630.212,815.106,1630.212,815.106,0.010580365304834877,0.20976480959539,0.0,0.0
13,Device,Conv2DBackpropFilter,gradient_tape/model/conv2d_2/Conv2D/Conv2DBackpropFilter,2,1629.187,814.5935,1629.187,814.5935,0.010573712872858266,0.22033852246824828,0.0,0.0
14,Device,Conv2DBackpropFilter,gradient_tape/model/conv2d_3/Conv2D/Conv2DBackpropFilter,2,1627.14,813.57,1627.14,813.57,0.010560427479437659,0.23089894994768595,0.0,0.0
15,Device,Conv2DBackpropInput,gradient_tape/model/conv2d_7/Conv2D/Conv2DBackpropInput,2,1448.964,724.482,1448.964,724.482,0.0094040336063989,0.24030298355408486,0.0,0.0
16,Device,BiasAdd,model/conv2d/BiasAdd,2,1185.795,592.8975,1185.795,592.8975,0.00769602007385952,0.2479990036279444,0.0,0.0
17,Device,Conv2DBackpropFilter,gradient_tape/model/conv2d_32/Conv2D/Conv2DBackpropFilter,2,1171.459,585.7295,1171.459,585.7295,0.007602976888672492,0.25560198051661687,0.0,0.0
18,Device,Conv2DBackpropFilter,gradient_tape/model/conv2d_35/Conv2D/Conv2DBackpropFilter,2,1171.459,585.7295,1171.459,585.7295,0.007602976888672492,0.2632049574052894,0.0,0.0
19,Device,Conv2DBackpropFilter,gradient_tape/model/conv2d_33/Conv2D/Conv2DBackpropFilter,2,1163.266,581.633,1163.266,581.633,0.007549802864102368,0.27075476026939177,0.0,0.0
20,Device,Conv2DBackpropFilter,gradient_tape/model/conv2d_34/Conv2D/Conv2DBackpropFilter,2,1162.243,581.1215,1162.243,581.1215,0.007543163412480832,0.2782979236818726,0.0,0.0
21,Device,Conv2DBackpropFilter,gradient_tape/model/conv2d_30/Conv2D/Conv2DBackpropFilter,2,1161.218,580.609,1161.218,580.609,0.007536510980504222,0.28583443466237685,0.0,0.0
22,Device,Conv2DBackpropInput,gradient_tape/model/conv2d_16/Conv2D/Conv2DBackpropInput,2,1129.474,564.737,1129.474,564.737,0.007330486784732948,0.2931649214471098,0.0,0.0
23,Device,Conv2DBackpropFilter,gradient_tape/model/conv2d_7/Conv2D/Conv2DBackpropFilter,2,1102.85,551.425,1102.85,551.425,0.007157692297957041,0.30032261374506686,0.0,0.0
24,Device,Relu,model/activation/Relu,2,1091.586,545.793,1091.586,545.793,0.007084586938167235,0.30740720068323407,0.0,0.0
25,Device,Conv2DBackpropFilter,gradient_tape/model/conv2d_15/Conv2D/Conv2DBackpropFilter,2,1030.146,515.073,1030.146,515.073,0.006685830430222836,0.31409303111345693,0.0,0.0
26,Device,Conv2DBackpropFilter,gradient_tape/model/conv2d_13/Conv2D/Conv2DBackpropFilter,2,1028.098,514.049,1028.098,514.049,0.0066725385466246895,0.32076556966008163,0.0,0.0
27,Device,Conv2DBackpropFilter,gradient_tape/model/conv2d_11/Conv2D/Conv2DBackpropFilter,2,1026.05,513.025,1026.05,513.025,0.006659246663026542,0.32742481632310816,0.0,0.0
28,Device,Conv2DBackpropFilter,gradient_tape/model/conv2d_14/Conv2D/Conv2DBackpropFilter,2,1025.026,512.513,1025.026,512.513,0.00665260072122747,0.33407741704433563,0.0,0.0
29,Device,Conv2DBackpropFilter,gradient_tape/model/conv2d_10/Conv2D/Conv2DBackpropFilter,2,1021.954,510.977,1021.954,510.977,0.0066326628958302495,0.3407100799401659,0.0,0.0
30,Device,Conv2DBackpropFilter,gradient_tape/model/conv2d_12/Conv2D/Conv2DBackpropFilter,2,1021.954,510.977,1021.954,510.977,0.0066326628958302495,0.34734274283599614,0.0,0.0
31,Device,Conv2DBackpropFilter,gradient_tape/model/conv2d_8/Conv2D/Conv2DBackpropFilter,2,1012.738,506.369,1012.738,506.369,0.00657284941963859,0.35391559225563474,0.0,0.0
32,Device,Conv2D,model/conv2d_7/Conv2D,2,948.227,474.1135,948.227,474.1135,0.006154161576474509,0.36006975383210926,0.0,0.0
33,Device,Conv2DBackpropInput,gradient_tape/model/conv2d_29/Conv2D/Conv2DBackpropInput,2,902.146,451.073,902.146,451.073,0.00585508770533867,0.3659248415374479,0.0,0.0
34,Device,Conv2DBackpropFilter,gradient_tape/model/conv2d_16/Conv2D/Conv2DBackpropFilter,2,872.45,436.225,872.45,436.225,0.005662355393165545,0.3715871969306135,0.0,0.0
35,Device,Conv2DBackpropInput,gradient_tape/model/conv2d_4/Conv2D/Conv2DBackpropInput,2,807.938,403.969,807.938,403.969,0.0052436610598239255,0.3768308579904374,0.0,0.0
36,Device,Conv2DBackpropInput,gradient_tape/model/conv2d_6/Conv2D/Conv2DBackpropInput,2,807.938,403.969,807.938,403.969,0.0052436610598239255,0.38207451905026135,0.0,0.0
37,Device,Conv2D,model/conv2d_6/Conv2D,2,807.937,403.9685,807.937,403.9685,0.005243654569646388,0.3873181736199077,0.0,0.0
38,Device,Conv2DBackpropInput,gradient_tape/model/conv2d_3/Conv2D/Conv2DBackpropInput,2,806.913,403.4565,806.913,403.4565,0.0052370086278473145,0.39255518224775504,0.0,0.0
39,Device,Conv2D,model/conv2d_4/Conv2D,2,806.913,403.4565,806.913,403.4565,0.0052370086278473145,0.39779219087560236,0.0,0.0
40,Device,Conv2DBackpropInput,gradient_tape/model/conv2d_2/Conv2D/Conv2DBackpropInput,2,804.866,402.433,804.866,402.433,0.005223723234426706,0.40301591411002907,0.0,0.0
41,Device,Conv2DBackpropInput,gradient_tape/model/conv2d_5/Conv2D/Conv2DBackpropInput,2,804.866,402.433,804.866,402.433,0.005223723234426706,0.4082396373444558,0.0,0.0
42,Device,Conv2DBackpropInput,gradient_tape/model/conv2d_1/Conv2D/Conv2DBackpropInput,2,802.818,401.409,802.818,401.409,0.005210431350828559,0.41345006869528433,0.0,0.0
43,Device,Conv2D,model/conv2d_5/Conv2D,2,800.77,400.385,800.77,400.385,0.005197139467230412,0.4186472081625148,0.0,0.0
44,Device,Conv2D,model/conv2d_3/Conv2D,2,800.769,400.3845,800.769,400.3845,0.0051971329770528745,0.42384434113956765,0.0,0.0
45,Device,Conv2D,model/conv2d_1/Conv2D,2,798.722,399.361,798.722,399.361,0.005183847583632266,0.4290281887231999,0.0,0.0
46,Device,Conv2D,model/conv2d_2/Conv2D,2,798.721,399.3605,798.721,399.3605,0.005183841093454727,0.43421202981665463,0.0,0.0
47,Device,Conv2D,model/conv2d_16/Conv2D,4,764.929,191.23225,764.929,191.23225,0.004964525014085308,0.4391765548307399,0.0,0.0
48,Device,Conv2D,model/conv2d_32/Conv2D,2,739.33,369.665,739.33,369.665,0.004798382959286014,0.44397493779002595,0.0,0.0
49,Device,Conv2D,model/conv2d_30/Conv2D,2,739.329,369.6645,739.329,369.6645,0.004798376469108475,0.4487733142591344,0.0,0.0
50,Device,Conv2D,model/conv2d_33/Conv2D,2,738.306,369.153,738.306,369.153,0.004791737017486941,0.45356505127662133,0.0,0.0
51,Device,Conv2D,model/conv2d_34/Conv2D,2,738.306,369.153,738.306,369.153,0.004791737017486941,0.45835678829410825,0.0,0.0
52,Device,Conv2D,model/conv2d_35/Conv2D,2,737.282,368.641,737.282,368.641,0.0047850910756878666,0.4631418793697961,0.0,0.0
53,Device,Conv2D,model/conv2d_29/Conv2D,4,730.113,182.52825,730.113,182.52825,0.004738562992916816,0.4678804423627129,0.0,0.0
54,Device,FusedBatchNormGradV3,gradient_tape/model/batch_normalization_6/FusedBatchNormGradV3,2,724.994,362.497,724.994,362.497,0.004705339774098987,0.4725857821368119,0.0,0.0
55,Device,FusedBatchNormGradV3,gradient_tape/model/batch_normalization_2/FusedBatchNormGradV3,2,721.922,360.961,721.922,360.961,0.004685401948701767,0.47727118408551367,0.0,0.0
56,Device,FusedBatchNormGradV3,gradient_tape/model/batch_normalization_5/FusedBatchNormGradV3,2,721.922,360.961,721.922,360.961,0.004685401948701767,0.48195658603421543,0.0,0.0
57,Device,FusedBatchNormGradV3,gradient_tape/model/batch_normalization_1/FusedBatchNormGradV3,2,719.874,359.937,719.874,359.937,0.0046721100651036206,0.486628696099319,0.0,0.0
58,Device,FusedBatchNormGradV3,gradient_tape/model/batch_normalization_3/FusedBatchNormGradV3,2,718.85,359.425,718.85,359.425,0.004665464123304547,0.49129416022262357,0.0,0.0
59,Device,FusedBatchNormGradV3,gradient_tape/model/batch_normalization_4/FusedBatchNormGradV3,2,718.85,359.425,718.85,359.425,0.004665464123304547,0.4959596243459281,0.0,0.0
60,Device,Conv2DBackpropInput,gradient_tape/model/conv2d_34/Conv2D/Conv2DBackpropInput,2,705.537,352.7685,705.537,352.7685,0.0045790603897390555,0.5005386847356672,0.0,0.0
61,Device,Conv2DBackpropInput,gradient_tape/model/conv2d_30/Conv2D/Conv2DBackpropInput,2,704.514,352.257,704.514,352.257,0.00457242093811752,0.5051111056737847,0.0,0.0
62,Device,Conv2DBackpropInput,gradient_tape/model/conv2d_33/Conv2D/Conv2DBackpropInput,2,703.49,351.745,703.49,351.745,0.004565774996318447,0.5096768806701032,0.0,0.0
63,Device,Conv2DBackpropInput,gradient_tape/model/conv2d_32/Conv2D/Conv2DBackpropInput,2,702.465,351.2325,702.465,351.2325,0.004559122564341836,0.5142360032344451,0.0,0.0
64,Device,Conv2DBackpropInput,gradient_tape/model/conv2d_35/Conv2D/Conv2DBackpropInput,2,702.465,351.2325,702.465,351.2325,0.004559122564341836,0.518795125798787,0.0,0.0
65,Device,MaxPool,model/max_pooling2d/MaxPool,2,695.298,347.649,695.298,347.649,0.0045126074619258605,0.5233077332607128,0.0,0.0
66,Device,Conv2DBackpropFilter,gradient_tape/model/conv2d_29/Conv2D/Conv2DBackpropFilter,4,660.482,165.1205,660.482,165.1205,0.004286645440757368,0.5275943787014702,0.0,0.0
67,Device,Conv2D,model/conv2d_14/Conv2D,2,640.001,320.0005,640.001,320.0005,0.0041537201145983626,0.5317480988160685,0.0,0.0
68,Device,Conv2DBackpropInput,gradient_tape/model/conv2d_15/Conv2D/Conv2DBackpropInput,2,638.978,319.489,638.978,319.489,0.004147080662976828,0.5358951794790454,0.0,0.0
69,Device,Conv2DBackpropInput,gradient_tape/model/conv2d_8/Conv2D/Conv2DBackpropInput,2,637.954,318.977,637.954,318.977,0.004140434721177754,0.5400356142002232,0.0,0.0
70,Device,Conv2DBackpropInput,gradient_tape/model/conv2d_14/Conv2D/Conv2DBackpropInput,2,637.953,318.9765,637.953,318.9765,0.004140428231000216,0.5441760424312234,0.0,0.0
71,Device,Conv2D,model/conv2d_12/Conv2D,2,637.953,318.9765,637.953,318.9765,0.004140428231000216,0.5483164706622237,0.0,0.0
72,Device,Conv2D,model/conv2d_8/Conv2D,2,637.953,318.9765,637.953,318.9765,0.004140428231000216,0.5524568988932239,0.0,0.0
73,Device,Conv2DBackpropInput,gradient_tape/model/conv2d_11/Conv2D/Conv2DBackpropInput,2,636.93,318.465,636.93,318.465,0.004133788779378681,0.5565906876726026,0.0,0.0
74,Device,Conv2DBackpropInput,gradient_tape/model/conv2d_13/Conv2D/Conv2DBackpropInput,2,636.93,318.465,636.93,318.465,0.004133788779378681,0.5607244764519812,0.0,0.0
75,Device,Conv2DBackpropInput,gradient_tape/model/conv2d_10/Conv2D/Conv2DBackpropInput,2,635.906,317.953,635.906,317.953,0.0041271428375796075,0.5648516192895608,0.0,0.0
76,Device,Conv2DBackpropInput,gradient_tape/model/conv2d_12/Conv2D/Conv2DBackpropInput,2,635.906,317.953,635.906,317.953,0.0041271428375796075,0.5689787621271405,0.0,0.0
77,Device,Conv2D,model/conv2d_13/Conv2D,2,635.905,317.9525,635.905,317.9525,0.00412713634740207,0.5731058984745425,0.0,0.0
78,Device,Conv2D,model/conv2d_11/Conv2D,2,634.882,317.441,634.882,317.441,0.004120496895780534,0.577226395370323,0.0,0.0
79,Device,Conv2D,model/conv2d_10/Conv2D,2,634.881,317.4405,634.881,317.4405,0.004120490405602997,0.5813468857759261,0.0,0.0
80,Device,Conv2D,model/conv2d_15/Conv2D,2,633.858,316.929,633.858,316.929,0.004113850953981461,0.5854607367299075,0.0,0.0
81,Device,Conv2DBackpropFilter,gradient_tape/model/conv2d_24/Conv2D/Conv2DBackpropFilter,2,623.618,311.809,623.618,311.809,0.004047391535990728,0.5895081282658983,0.0,0.0
82,Device,Conv2DBackpropFilter,gradient_tape/model/conv2d_25/Conv2D/Conv2DBackpropFilter,2,621.57,310.785,621.57,310.785,0.004034099652392582,0.5935422279182908,0.0,0.0
83,Device,Conv2DBackpropFilter,gradient_tape/model/conv2d_20/Conv2D/Conv2DBackpropFilter,2,621.569,310.7845,621.569,310.7845,0.004034093162215043,0.5975763210805058,0.0,0.0
84,Device,Conv2DBackpropFilter,gradient_tape/model/conv2d_21/Conv2D/Conv2DBackpropFilter,2,621.568,310.784,621.568,310.784,0.004034086672037505,0.6016104077525434,0.0,0.0
85,Device,Conv2DBackpropFilter,gradient_tape/model/conv2d_23/Conv2D/Conv2DBackpropFilter,2,619.522,309.761,619.522,309.761,0.004020807768794435,0.6056312155213378,0.0,0.0
86,Device,Conv2DBackpropFilter,gradient_tape/model/conv2d_27/Conv2D/Conv2DBackpropFilter,2,619.522,309.761,619.522,309.761,0.004020807768794435,0.6096520232901322,0.0,0.0
87,Device,Conv2DBackpropFilter,gradient_tape/model/conv2d_26/Conv2D/Conv2DBackpropFilter,2,619.521,309.7605,619.521,309.7605,0.004020801278616896,0.6136728245687492,0.0,0.0
88,Device,Conv2DBackpropFilter,gradient_tape/model/conv2d_22/Conv2D/Conv2DBackpropFilter,2,618.497,309.2485,618.497,309.2485,0.004014155336817823,0.617686979905567,0.0,0.0
89,Device,Conv2DBackpropFilter,gradient_tape/model/conv2d_28/Conv2D/Conv2DBackpropFilter,2,618.497,309.2485,618.497,309.2485,0.004014155336817823,0.6217011352423848,0.0,0.0
90,Device,Conv2D,model/conv2d_21/Conv2D,2,616.45,308.225,616.45,308.225,0.004000869943397215,0.625702005185782,0.0,0.0
91,Device,Conv2DBackpropFilter,gradient_tape/model/conv2d_19/Conv2D/Conv2DBackpropFilter,2,615.426,307.713,615.426,307.713,0.003994224001598142,0.6296962291873801,0.0,0.0
92,Device,Conv2D,model/conv2d_24/Conv2D,2,615.425,307.7125,615.425,307.7125,0.003994217511420603,0.6336904466988007,0.0,0.0
93,Device,Conv2D,model/conv2d_28/Conv2D,2,615.425,307.7125,615.425,307.7125,0.003994217511420603,0.6376846642102213,0.0,0.0
94,Device,Conv2D,model/conv2d_25/Conv2D,2,614.401,307.2005,614.401,307.2005,0.00398757156962153,0.6416722357798428,0.0,0.0
95,Device,Conv2D,model/conv2d_23/Conv2D,2,613.378,306.689,613.378,306.689,0.003980932117999996,0.6456531678978428,0.0,0.0
96,Device,Conv2D,model/conv2d_17/Conv2D,2,613.376,306.688,613.376,306.688,0.003980919137644918,0.6496340870354876,0.0,0.0
97,Device,Conv2D,model/conv2d_26/Conv2D,2,613.376,306.688,613.376,306.688,0.003980919137644918,0.6536150061731325,0.0,0.0
98,Device,Conv2D,model/conv2d_19/Conv2D,2,612.353,306.1765,612.353,306.1765,0.003974279686023383,0.6575892858591559,0.0,0.0
99,Device,Conv2D,model/conv2d_27/Conv2D,2,612.352,306.176,612.352,306.176,0.003974273195845845,0.6615635590550017,0.0,0.0
100,Device,Conv2D,model/conv2d_20/Conv2D,2,610.305,305.1525,610.305,305.1525,0.0039609878024252365,0.665524546857427,0.0,0.0
101,Device,Conv2D,model/conv2d_22/Conv2D,2,608.258,304.129,608.258,304.129,0.003947702409004629,0.6694722492664317,0.0,0.0
102,Device,Conv2DBackpropInput,gradient_tape/model/conv2d_25/Conv2D/Conv2DBackpropInput,2,605.184,302.592,605.184,302.592,0.003927751603252332,0.673400000869684,0.0,0.0
103,Device,Conv2DBackpropFilter,gradient_tape/model/conv2d_17/Conv2D/Conv2DBackpropFilter,2,604.162,302.081,604.162,302.081,0.003921118641808335,0.6773211195114923,0.0,0.0
104,Device,Conv2DBackpropInput,gradient_tape/model/conv2d_17/Conv2D/Conv2DBackpropInput,2,603.136,301.568,603.136,301.568,0.0039144597196541855,0.6812355792311465,0.0,0.0
105,Device,Conv2DBackpropInput,gradient_tape/model/conv2d_23/Conv2D/Conv2DBackpropInput,2,602.113,301.0565,602.113,301.0565,0.003907820268032651,0.6851433994991791,0.0,0.0
106,Device,Conv2DBackpropInput,gradient_tape/model/conv2d_24/Conv2D/Conv2DBackpropInput,2,602.113,301.0565,602.113,301.0565,0.003907820268032651,0.6890512197672117,0.0,0.0
107,Device,Conv2DBackpropInput,gradient_tape/model/conv2d_19/Conv2D/Conv2DBackpropInput,2,602.112,301.056,602.112,301.056,0.0039078137778551115,0.6929590335450668,0.0,0.0
108,Device,Conv2DBackpropInput,gradient_tape/model/conv2d_27/Conv2D/Conv2DBackpropInput,2,600.065,300.0325,600.065,300.0325,0.003894528384434504,0.6968535619295013,0.0,0.0
109,Device,Conv2DBackpropInput,gradient_tape/model/conv2d_22/Conv2D/Conv2DBackpropInput,2,600.064,300.032,600.064,300.032,0.003894521894256965,0.7007480838237583,0.0,0.0
110,Device,Conv2DBackpropInput,gradient_tape/model/conv2d_26/Conv2D/Conv2DBackpropInput,2,600.064,300.032,600.064,300.032,0.003894521894256965,0.7046426057180153,0.0,0.0
111,Device,Conv2DBackpropInput,gradient_tape/model/conv2d_20/Conv2D/Conv2DBackpropInput,2,599.042,299.521,599.042,299.521,0.0038878889328129687,0.7085304946508283,0.0,0.0
112,Device,Conv2DBackpropInput,gradient_tape/model/conv2d_21/Conv2D/Conv2DBackpropInput,2,599.042,299.521,599.042,299.521,0.0038878889328129687,0.7124183835836413,0.0,0.0
113,Device,Conv2DBackpropInput,gradient_tape/model/conv2d_28/Conv2D/Conv2DBackpropInput,2,596.994,298.497,596.994,298.497,0.003874597049214822,0.7162929806328561,0.0,0.0
114,Device,BiasAddGrad,gradient_tape/model/conv2d/BiasAdd/BiasAddGrad,2,532.481,266.2405,532.481,266.2405,0.0034558962256956644,0.7197488768585517,0.0,0.0
115,Device,ReluGrad,gradient_tape/model/activation_6/ReluGrad,2,442.368,221.184,442.368,221.184,0.002871046857199674,0.7226199237157513,0.0,0.0
116,Device,FusedBatchNormV3,model/batch_normalization_6/FusedBatchNormV3,4,432.129,108.03225,432.129,108.03225,0.0028045939293864794,0.7254245176451378,0.0,0.0
117,Device,ReluGrad,gradient_tape/model/activation_4/ReluGrad,2,432.128,216.064,432.128,216.064,0.002804587439208941,0.7282291050843468,0.0,0.0
118,Device,ReluGrad,gradient_tape/model/activation_2/ReluGrad,2,431.104,215.552,431.104,215.552,0.0027979414974098676,0.7310270465817567,0.0,0.0
119,Device,FusedBatchNormV3,model/batch_normalization_3/FusedBatchNormV3,4,431.104,107.776,431.104,107.776,0.0027979414974098676,0.7338249880791665,0.0,0.0
120,Device,ReluGrad,gradient_tape/model/activation_3/ReluGrad,2,430.08,215.04,430.08,215.04,0.0027912955556107944,0.7366162836347773,0.0,0.0
121,Device,FusedBatchNormV3,model/batch_normalization_1/FusedBatchNormV3,4,429.056,107.264,429.056,107.264,0.002784649613811721,0.739400933248589,0.0,0.0
122,Device,FusedBatchNormV3,model/batch_normalization_4/FusedBatchNormV3,4,428.034,107.0085,428.034,107.0085,0.002778016652367724,0.7421789499009568,0.0,0.0
123,Device,FusedBatchNormV3,model/batch_normalization_2/FusedBatchNormV3,4,427.009,106.75225,427.009,106.75225,0.0027713642203911126,0.7449503141213479,0.0,0.0
124,Device,FusedBatchNormV3,model/batch_normalization_5/FusedBatchNormV3,4,427.008,106.752,427.008,106.752,0.0027713577302135744,0.7477216718515615,0.0,0.0
125,Device,AddN,SGD/gradients/AddN_12,2,425.984,212.992,425.984,212.992,0.0027647117884145008,0.750486383639976,0.0,0.0
126,Device,ReluGrad,gradient_tape/model/activation_5/ReluGrad,2,424.96,212.48,424.96,212.48,0.0027580658466154276,0.7532444494865914,0.0,0.0
127,Device,AddN,SGD/gradients/AddN_14,2,423.936,211.968,423.936,211.968,0.0027514199048163544,0.7559958693914077,0.0,0.0
128,Device,ReluGrad,gradient_tape/model/activation_1/ReluGrad,2,423.936,211.968,423.936,211.968,0.0027514199048163544,0.758747289296224,0.0,0.0
129,Device,AddN,SGD/gradients/AddN_13,2,422.912,211.456,422.912,211.456,0.0027447739630172808,0.7614920632592413,0.0,0.0
130,Device,AddV2,model/add/add,2,417.793,208.8965,417.793,208.8965,0.0027115507441994526,0.7642036140034408,0.0,0.0
131,Device,Conv2DBackpropInput,gradient_tape/model/conv2d_9/Conv2D/Conv2DBackpropInput,2,417.792,208.896,417.792,208.896,0.0027115442540219144,0.7669151582574627,0.0,0.0
132,Device,AddV2,model/add_2/add,2,415.745,207.8725,415.745,207.8725,0.002698258860601306,0.769613417118064,0.0,0.0
133,Device,AddV2,model/add_1/add,2,415.744,207.872,415.744,207.872,0.002698252370423768,0.7723116694884877,0.0,0.0
134,Device,AddN,SGD/gradients/AddN_15,2,411.649,205.8245,411.649,205.8245,0.0026716750934050125,0.7749833445818928,0.0,0.0
135,Device,FusedBatchNormGradV3,gradient_tape/model/batch_normalization_13/FusedBatchNormGradV3,2,358.4,179.2,358.4,179.2,0.002326079629675662,0.7773094242115685,0.0,0.0
136,Device,FusedBatchNormGradV3,gradient_tape/model/batch_normalization_10/FusedBatchNormGradV3,2,356.354,178.177,356.354,178.177,0.0023128007264325914,0.779622224938001,0.0,0.0
137,Device,FusedBatchNormGradV3,gradient_tape/model/batch_normalization_14/FusedBatchNormGradV3,2,356.354,178.177,356.354,178.177,0.0023128007264325914,0.7819350256644336,0.0,0.0
138,Device,FusedBatchNormGradV3,gradient_tape/model/batch_normalization_8/FusedBatchNormGradV3,2,356.354,178.177,356.354,178.177,0.0023128007264325914,0.7842478263908662,0.0,0.0
139,Device,FusedBatchNormGradV3,gradient_tape/model/batch_normalization_11/FusedBatchNormGradV3,2,356.352,178.176,356.352,178.176,0.002312787746077515,0.7865606141369437,0.0,0.0
140,Device,FusedBatchNormGradV3,gradient_tape/model/batch_normalization_12/FusedBatchNormGradV3,2,354.306,177.153,354.306,177.153,0.002299508842834445,0.7888601229797781,0.0,0.0
141,Device,FusedBatchNormGradV3,gradient_tape/model/batch_normalization_7/FusedBatchNormGradV3,2,354.304,177.152,354.304,177.152,0.0022994958624793687,0.7911596188422575,0.0,0.0
142,Device,FusedBatchNormGradV3,gradient_tape/model/batch_normalization_9/FusedBatchNormGradV3,2,354.304,177.152,354.304,177.152,0.0022994958624793687,0.7934591147047368,0.0,0.0
143,Device,SoftmaxCrossEntropyWithLogits,categorical_crossentropy/softmax_cross_entropy_with_logits,2,352.257,176.1285,352.257,176.1285,0.00228621046905876,0.7957453251737956,0.0,0.0
144,Device,Conv2DBackpropFilter,gradient_tape/model/conv2d_9/Conv2D/Conv2DBackpropFilter,2,322.56,161.28,322.56,161.28,0.002093471666708096,0.7978387968405037,0.0,0.0
145,Device,BiasAdd,model/conv2d_6/BiasAdd,2,293.889,146.9445,293.889,146.9445,0.001907391786511581,0.7997461886270153,0.0,0.0
146,Device,BiasAdd,model/conv2d_1/BiasAdd,2,292.865,146.4325,292.865,146.4325,0.0019007458447125077,0.8016469344717279,0.0,0.0
147,Device,BiasAdd,model/conv2d_2/BiasAdd,2,291.841,145.9205,291.841,145.9205,0.0018940999029134343,0.8035410343746413,0.0,0.0
148,Device,BiasAdd,model/conv2d_4/BiasAdd,2,289.793,144.8965,289.793,144.8965,0.0018808080193152877,0.8054218423939566,0.0,0.0
149,Device,BiasAdd,model/conv2d_5/BiasAdd,2,288.768,144.384,288.768,144.384,0.001874155587338676,0.8072959979812954,0.0,0.0
150,Device,BiasAdd,model/conv2d_3/BiasAdd,2,286.72,143.36,286.72,143.36,0.0018608637037405298,0.8091568616850359,0.0,0.0
151,Device,Relu,model/activation_6/Relu,2,282.624,141.312,282.624,141.312,0.0018342799365442363,0.8109911416215801,0.0,0.0
152,Device,Relu,model/activation_5/Relu,2,281.601,140.8005,281.601,140.8005,0.0018276404849227011,0.8128187821065028,0.0,0.0
153,Device,Relu,model/activation_1/Relu,2,280.577,140.2885,280.577,140.2885,0.0018209945431236277,0.8146397766496265,0.0,0.0
154,Device,Relu,model/activation_2/Relu,2,280.577,140.2885,280.577,140.2885,0.0018209945431236277,0.8164607711927502,0.0,0.0
155,Device,Relu,model/activation_3/Relu,2,279.554,139.777,279.554,139.777,0.0018143550915020925,0.8182751262842523,0.0,0.0
156,Device,Relu,model/activation_4/Relu,2,278.528,139.264,278.528,139.264,0.0018076961693479431,0.8200828224536002,0.0,0.0
157,Device,Conv2DBackpropInput,gradient_tape/model/conv2d_18/Conv2D/Conv2DBackpropInput,2,242.69,121.345,242.69,121.345,0.001575101186735453,0.8216579236403356,0.0,0.0
158,Device,Transpose,gradient_tape/model/conv2d/Conv2D/Conv2DBackpropFilter-0-TransposeNHWCToNCHW-LayoutOptimizer,2,240.641,120.3205,240.641,120.3205,0.0015618028129597682,0.8232197264532954,0.0,0.0
159,Device,ReluGrad,gradient_tape/model/activation_7/ReluGrad,2,222.21,111.105,222.21,111.105,0.0014421823507539868,0.8246619088040494,0.0,0.0
160,Device,FusedBatchNormV3,model/batch_normalization_9/FusedBatchNormV3,4,221.184,55.296,221.184,55.296,0.001435523428599837,0.8260974322326493,0.0,0.0
161,Device,FusedBatchNormV3,model/batch_normalization_11/FusedBatchNormV3,4,220.161,55.04025,220.161,55.04025,0.001428883976978302,0.8275263162096276,0.0,0.0
162,Device,FusedBatchNormV3,model/batch_normalization_12/FusedBatchNormV3,4,220.161,55.04025,220.161,55.04025,0.001428883976978302,0.8289552001866058,0.0,0.0
163,Device,FusedBatchNormV3,model/batch_normalization_7/FusedBatchNormV3,4,220.161,55.04025,220.161,55.04025,0.001428883976978302,0.8303840841635841,0.0,0.0
164,Device,FusedBatchNormV3,model/batch_normalization_10/FusedBatchNormV3,4,220.16,55.04,220.16,55.04,0.0014288774868007638,0.8318129616503849,0.0,0.0
165,Device,ReluGrad,gradient_tape/model/activation_14/ReluGrad,2,219.136,109.568,219.136,109.568,0.0014222315450016904,0.8332351931953865,0.0,0.0
166,Device,FusedBatchNormV3,model/batch_normalization_14/FusedBatchNormV3,4,219.136,54.784,219.136,54.784,0.0014222315450016904,0.8346574247403882,0.0,0.0
167,Device,FusedBatchNormV3,model/batch_normalization_13/FusedBatchNormV3,4,218.112,54.528,218.112,54.528,0.001415585603202617,0.8360730103435908,0.0,0.0
168,Device,FusedBatchNormV3,model/batch_normalization_8/FusedBatchNormV3,4,217.089,54.27225,217.089,54.27225,0.001408946151581082,0.8374819564951719,0.0,0.0
169,Device,ReluGrad,gradient_tape/model/activation_11/ReluGrad,2,217.088,108.544,217.088,108.544,0.0014089396614035438,0.8388908961565754,0.0,0.0
170,Device,ReluGrad,gradient_tape/model/activation_12/ReluGrad,2,216.064,108.032,216.064,108.032,0.0014022937196044704,0.8402931898761798,0.0,0.0
171,Device,ReluGrad,gradient_tape/model/activation_13/ReluGrad,2,216.064,108.032,216.064,108.032,0.0014022937196044704,0.8416954835957843,0.0,0.0
172,Device,Conv2D,model/conv2d_9/Conv2D,2,216.064,108.032,216.064,108.032,0.0014022937196044704,0.8430977773153887,0.0,0.0
173,Device,AddN,SGD/gradients/AddN_10,2,214.016,107.008,214.016,107.008,0.0013890018360063238,0.844486779151395,0.0,0.0
174,Device,AddN,SGD/gradients/AddN_8,2,214.016,107.008,214.016,107.008,0.0013890018360063238,0.8458757809874013,0.0,0.0
175,Device,AddN,SGD/gradients/AddN_11,2,212.992,106.496,212.992,106.496,0.0013823558942072504,0.8472581368816086,0.0,0.0
176,Device,AddN,SGD/gradients/AddN_9,2,212.992,106.496,212.992,106.496,0.0013823558942072504,0.8486404927758158,0.0,0.0
177,Device,ReluGrad,gradient_tape/model/activation_10/ReluGrad,2,212.992,106.496,212.992,106.496,0.0013823558942072504,0.850022848670023,0.0,0.0
178,Device,ReluGrad,gradient_tape/model/activation_8/ReluGrad,2,212.992,106.496,212.992,106.496,0.0013823558942072504,0.8514052045642302,0.0,0.0
179,Device,ReluGrad,gradient_tape/model/activation_9/ReluGrad,2,212.992,106.496,212.992,106.496,0.0013823558942072504,0.8527875604584374,0.0,0.0
180,Device,AddV2,model/add_3/add,2,211.969,105.9845,211.969,105.9845,0.0013757164425857154,0.8541632769010231,0.0,0.0
181,Device,AddV2,model/add_5/add,2,210.945,105.4725,210.945,105.4725,0.001369070500786642,0.8555323474018097,0.0,0.0
182,Device,AddV2,model/add_6/add,2,210.944,105.472,210.944,105.472,0.0013690640106091038,0.8569014114124188,0.0,0.0
183,Device,AddV2,model/add_4/add,2,208.896,104.448,208.896,104.448,0.0013557721270109572,0.8582571835394298,0.0,0.0
184,Device,Conv2DBackpropInput,gradient_tape/model/conv2d_31/Conv2D/Conv2DBackpropInput,2,204.8,102.4,204.8,102.4,0.001329188359814664,0.8595863718992445,0.0,0.0
185,Device,FusedBatchNormGradV3,gradient_tape/model/batch_normalization_19/FusedBatchNormGradV3,2,184.321,92.1605,184.321,92.1605,0.0011962760140107357,0.8607826479132552,0.0,0.0
186,Device,FusedBatchNormGradV3,gradient_tape/model/batch_normalization_26/FusedBatchNormGradV3,2,184.321,92.1605,184.321,92.1605,0.0011962760140107357,0.8619789239272659,0.0,0.0
187,Device,FusedBatchNormGradV3,gradient_tape/model/batch_normalization_24/FusedBatchNormGradV3,2,184.32,92.16,184.32,92.16,0.0011962695238331975,0.8631751934510992,0.0,0.0
188,Device,FusedBatchNormGradV3,gradient_tape/model/batch_normalization_25/FusedBatchNormGradV3,2,184.32,92.16,184.32,92.16,0.0011962695238331975,0.8643714629749324,0.0,0.0
189,Device,FusedBatchNormGradV3,gradient_tape/model/batch_normalization_23/FusedBatchNormGradV3,2,183.297,91.6485,183.297,91.6485,0.0011896300722116623,0.865561093047144,0.0,0.0
190,Device,FusedBatchNormGradV3,gradient_tape/model/batch_normalization_16/FusedBatchNormGradV3,2,183.296,91.648,183.296,91.648,0.0011896235820341241,0.8667507166291781,0.0,0.0
191,Device,FusedBatchNormGradV3,gradient_tape/model/batch_normalization_18/FusedBatchNormGradV3,2,183.296,91.648,183.296,91.648,0.0011896235820341241,0.8679403402112122,0.0,0.0
192,Device,FusedBatchNormGradV3,gradient_tape/model/batch_normalization_20/FusedBatchNormGradV3,2,183.296,91.648,183.296,91.648,0.0011896235820341241,0.8691299637932464,0.0,0.0
193,Device,FusedBatchNormGradV3,gradient_tape/model/batch_normalization_21/FusedBatchNormGradV3,2,183.296,91.648,183.296,91.648,0.0011896235820341241,0.8703195873752805,0.0,0.0
194,Device,FusedBatchNormGradV3,gradient_tape/model/batch_normalization_22/FusedBatchNormGradV3,2,183.296,91.648,183.296,91.648,0.0011896235820341241,0.8715092109573146,0.0,0.0
195,Device,FusedBatchNormGradV3,gradient_tape/model/batch_normalization_17/FusedBatchNormGradV3,2,182.272,91.136,182.272,91.136,0.001182977640235051,0.8726921885975496,0.0,0.0
196,Device,Conv2DBackpropFilter,gradient_tape/model/conv2d_31/Conv2D/Conv2DBackpropFilter,2,181.249,90.6245,181.249,90.6245,0.0011763381886135157,0.8738685267861631,0.0,0.0
197,Device,FusedBatchNormGradV3,gradient_tape/model/batch_normalization_15/FusedBatchNormGradV3,2,181.248,90.624,181.248,90.624,0.0011763316984359775,0.8750448584845991,0.0,0.0
198,Device,Conv2DBackpropFilter,gradient_tape/model/conv2d_18/Conv2D/Conv2DBackpropFilter,2,162.816,81.408,162.816,81.408,0.001056704746052658,0.8761015632306518,0.0,0.0
199,Device,ArgMax,ArgMax,2,154.624,77.312,154.624,77.312,0.0010035372116600713,0.8771051004423118,0.0,0.0
200,Device,BiasAdd,model/conv2d_7/BiasAdd,2,151.552,75.776,151.552,75.776,0.0009835993862628513,0.8780886998285746,0.0,0.0
201,Device,BiasAdd,model/conv2d_9/BiasAdd,2,149.504,74.752,149.504,74.752,0.0009703075026647047,0.8790590073312393,0.0,0.0
202,Device,BiasAddGrad,gradient_tape/model/conv2d_2/BiasAdd/BiasAddGrad,2,146.433,73.2165,146.433,73.2165,0.0009503761674450229,0.8800093834986843,0.0,0.0
203,Device,BiasAddGrad,gradient_tape/model/conv2d_4/BiasAdd/BiasAddGrad,2,146.432,73.216,146.432,73.216,0.0009503696772674847,0.8809597531759518,0.0,0.0
204,Device,BiasAddGrad,gradient_tape/model/conv2d_6/BiasAdd/BiasAddGrad,2,146.432,73.216,146.432,73.216,0.0009503696772674847,0.8819101228532192,0.0,0.0
205,Device,BiasAddGrad,gradient_tape/model/conv2d_1/BiasAdd/BiasAddGrad,2,145.408,72.704,145.408,72.704,0.0009437237354684114,0.8828538465886876,0.0,0.0
206,Device,BiasAddGrad,gradient_tape/model/conv2d_3/BiasAdd/BiasAddGrad,2,145.408,72.704,145.408,72.704,0.0009437237354684114,0.883797570324156,0.0,0.0
207,Device,BiasAddGrad,gradient_tape/model/conv2d_5/BiasAdd/BiasAddGrad,2,145.408,72.704,145.408,72.704,0.0009437237354684114,0.8847412940596243,0.0,0.0
208,Device,BiasAdd,model/conv2d_11/BiasAdd,2,144.384,72.192,144.384,72.192,0.000937077793669338,0.8856783718532937,0.0,0.0
209,Device,BiasAdd,model/conv2d_12/BiasAdd,2,144.384,72.192,144.384,72.192,0.000937077793669338,0.886615449646963,0.0,0.0
210,Device,BiasAdd,model/conv2d_8/BiasAdd,2,144.384,72.192,144.384,72.192,0.000937077793669338,0.8875525274406324,0.0,0.0
211,Device,Relu,model/activation_8/Relu,2,143.36,71.68,143.36,71.68,0.0009304318518702649,0.8884829592925026,0.0,0.0
212,Device,BiasAdd,model/conv2d_13/BiasAdd,2,143.36,71.68,143.36,71.68,0.0009304318518702649,0.8894133911443729,0.0,0.0
213,Device,BiasAdd,model/conv2d_15/BiasAdd,2,143.36,71.68,143.36,71.68,0.0009304318518702649,0.8903438229962432,0.0,0.0
214,Device,Relu,model/activation_10/Relu,2,142.337,71.1685,142.337,71.1685,0.0009237924002487296,0.8912676153964919,0.0,0.0
215,Device,BiasAdd,model/conv2d_14/BiasAdd,2,142.337,71.1685,142.337,71.1685,0.0009237924002487296,0.8921914077967407,0.0,0.0
216,Device,Relu,model/activation_12/Relu,2,142.336,71.168,142.336,71.168,0.0009237859100711916,0.8931151937068118,0.0,0.0
217,Device,Relu,model/activation_13/Relu,2,142.336,71.168,142.336,71.168,0.0009237859100711916,0.894038979616883,0.0,0.0
218,Device,Relu,model/activation_9/Relu,2,142.336,71.168,142.336,71.168,0.0009237859100711916,0.8949627655269541,0.0,0.0
219,Device,BiasAdd,model/conv2d_10/BiasAdd,2,141.313,70.6565,141.313,70.6565,0.0009171464584496563,0.8958799119854037,0.0,0.0
220,Device,Relu,model/activation_11/Relu,2,141.312,70.656,141.312,70.656,0.0009171399682721182,0.8967970519536759,0.0,0.0
221,Device,Relu,model/activation_14/Relu,2,141.312,70.656,141.312,70.656,0.0009171399682721182,0.897714191921948,0.0,0.0
222,Device,Relu,model/activation_7/Relu,2,140.288,70.144,140.288,70.144,0.0009104940264730449,0.898624685948421,0.0,0.0
223,Device,ResourceApplyGradientDescent,SGD/SGD/update_126/ResourceApplyGradientDescent,2,126.976,63.488,126.976,63.488,0.0008240967830850916,0.8994487827315061,0.0,0.0
224,Device,ResourceApplyGradientDescent,SGD/SGD/update_134/ResourceApplyGradientDescent,2,125.952,62.976,125.952,62.976,0.0008174508412860183,0.9002662335727921,0.0,0.0
225,Device,ResourceApplyGradientDescent,SGD/SGD/update_122/ResourceApplyGradientDescent,2,124.929,62.4645,124.929,62.4645,0.0008108113896644832,0.9010770449624566,0.0,0.0
226,Device,Conv2D,model/conv2d_18/Conv2D,2,124.929,62.4645,124.929,62.4645,0.0008108113896644832,0.901887856352121,0.0,0.0
227,Device,ResourceApplyGradientDescent,SGD/SGD/update_118/ResourceApplyGradientDescent,2,124.928,62.464,124.928,62.464,0.000810804899486945,0.9026986612516079,0.0,0.0
228,Device,ResourceApplyGradientDescent,SGD/SGD/update_130/ResourceApplyGradientDescent,2,124.928,62.464,124.928,62.464,0.000810804899486945,0.9035094661510948,0.0,0.0
229,Device,Mul,gradient_tape/conv2d_30/kernel/Regularizer/Mul_1,2,121.856,60.928,121.856,60.928,0.000790867074089725,0.9043003332251845,0.0,0.0
230,Device,Mul,gradient_tape/conv2d_34/kernel/Regularizer/Mul_1,2,121.856,60.928,121.856,60.928,0.000790867074089725,0.9050912002992743,0.0,0.0
231,Device,Mul,gradient_tape/conv2d_35/kernel/Regularizer/Mul_1,2,121.856,60.928,121.856,60.928,0.000790867074089725,0.905882067373364,0.0,0.0
232,Device,AddN,SGD/gradients/AddN_51,2,120.833,60.4165,120.833,60.4165,0.0007842276224681899,0.9066662949958322,0.0,0.0
233,Device,AddN,SGD/gradients/AddN_48,2,120.832,60.416,120.832,60.416,0.0007842211322906517,0.9074505161281228,0.0,0.0
234,Device,AddN,SGD/gradients/AddN_49,2,120.832,60.416,120.832,60.416,0.0007842211322906517,0.9082347372604134,0.0,0.0
235,Device,Mul,gradient_tape/conv2d_32/kernel/Regularizer/Mul_1,2,120.832,60.416,120.832,60.416,0.0007842211322906517,0.909018958392704,0.0,0.0
236,Device,Mul,gradient_tape/conv2d_33/kernel/Regularizer/Mul_1,2,120.832,60.416,120.832,60.416,0.0007842211322906517,0.9098031795249946,0.0,0.0
237,Device,AvgPoolGrad,gradient_tape/model/average_pooling2d/AvgPoolGrad,2,120.832,60.416,120.832,60.416,0.0007842211322906517,0.9105874006572852,0.0,0.0
238,Device,ArgMax,ArgMax_1,2,119.808,59.904,119.808,59.904,0.0007775751904915784,0.9113649758477768,0.0,0.0
239,Device,AddN,SGD/gradients/AddN_50,2,119.808,59.904,119.808,59.904,0.0007775751904915784,0.9121425510382684,0.0,0.0
240,Device,AddN,SGD/gradients/AddN_47,2,118.784,59.392,118.784,59.392,0.0007709292486925051,0.9129134802869608,0.0,0.0
241,Device,ReluGrad,gradient_tape/model/activation_15/ReluGrad,2,112.64,56.32,112.64,56.32,0.0007310535978980652,0.9136445338848589,0.0,0.0
242,Device,Conv2D,model/conv2d_31/Conv2D,2,112.64,56.32,112.64,56.32,0.0007310535978980652,0.9143755874827569,0.0,0.0
243,Device,ReluGrad,gradient_tape/model/activation_20/ReluGrad,2,109.569,54.7845,109.569,54.7845,0.0007111222626783834,0.9150867097454353,0.0,0.0
244,Device,AddV2,model/add_10/add,2,109.568,54.784,109.568,54.784,0.0007111157725008452,0.9157978255179361,0.0,0.0
245,Device,AddV2,model/add_12/add,2,109.568,54.784,109.568,54.784,0.0007111157725008452,0.9165089412904369,0.0,0.0
246,Device,AddN,SGD/gradients/AddN_4,2,108.545,54.2725,108.545,54.2725,0.0007044763208793101,0.9172134176113163,0.0,0.0
247,Device,AddV2,model/add_7/add,2,108.545,54.2725,108.545,54.2725,0.0007044763208793101,0.9179178939321956,0.0,0.0
248,Device,AddN,SGD/gradients/AddN_5,2,108.544,54.272,108.544,54.272,0.0007044698307017719,0.9186223637628974,0.0,0.0
249,Device,ReluGrad,gradient_tape/model/activation_16/ReluGrad,2,108.544,54.272,108.544,54.272,0.0007044698307017719,0.9193268335935992,0.0,0.0
250,Device,ReluGrad,gradient_tape/model/activation_17/ReluGrad,2,108.544,54.272,108.544,54.272,0.0007044698307017719,0.9200313034243011,0.0,0.0
251,Device,ReluGrad,gradient_tape/model/activation_18/ReluGrad,2,108.544,54.272,108.544,54.272,0.0007044698307017719,0.9207357732550029,0.0,0.0
252,Device,AddV2,model/add_11/add,2,108.544,54.272,108.544,54.272,0.0007044698307017719,0.9214402430857047,0.0,0.0
253,Device,AddV2,model/add_8/add,2,108.544,54.272,108.544,54.272,0.0007044698307017719,0.9221447129164065,0.0,0.0
254,Device,AddV2,model/add_9/add,2,108.544,54.272,108.544,54.272,0.0007044698307017719,0.9228491827471084,0.0,0.0
255,Device,AddN,SGD/gradients/AddN_6,2,107.521,53.7605,107.521,53.7605,0.0006978303790802368,0.9235470131261886,0.0,0.0
256,Device,ReluGrad,gradient_tape/model/activation_19/ReluGrad,2,107.521,53.7605,107.521,53.7605,0.0006978303790802368,0.9242448435052688,0.0,0.0
257,Device,ReluGrad,gradient_tape/model/activation_24/ReluGrad,2,107.521,53.7605,107.521,53.7605,0.0006978303790802368,0.924942673884349,0.0,0.0
258,Device,AddN,SGD/gradients/AddN_2,2,107.52,53.76,107.52,53.76,0.0006978238889026986,0.9256404977732517,0.0,0.0
259,Device,ReluGrad,gradient_tape/model/activation_25/ReluGrad,2,107.52,53.76,107.52,53.76,0.0006978238889026986,0.9263383216621545,0.0,0.0
260,Device,ReluGrad,gradient_tape/model/activation_26/ReluGrad,2,107.52,53.76,107.52,53.76,0.0006978238889026986,0.9270361455510572,0.0,0.0
261,Device,ReluGrad,gradient_tape/model/activation_23/ReluGrad,2,106.497,53.2485,106.497,53.2485,0.0006911844372811634,0.9277273299883383,0.0,0.0
262,Device,AddN,SGD/gradients/AddN_3,2,106.496,53.248,106.496,53.248,0.0006911779471036252,0.9284185079354419,0.0,0.0
263,Device,AddN,SGD/gradients/AddN_7,2,106.496,53.248,106.496,53.248,0.0006911779471036252,0.9291096858825455,0.0,0.0
264,Device,ReluGrad,gradient_tape/model/activation_21/ReluGrad,2,101.376,50.688,101.376,50.688,0.0006579482381082587,0.9297676341206538,0.0,0.0
265,Device,ReluGrad,gradient_tape/model/activation_22/ReluGrad,2,101.376,50.688,101.376,50.688,0.0006579482381082587,0.930425582358762,0.0,0.0
266,Device,BiasAddGrad,gradient_tape/model/conv2d_14/BiasAdd/BiasAddGrad,2,96.257,48.1285,96.257,48.1285,0.0006247250192904303,0.9310503073780525,0.0,0.0
267,Device,BiasAddGrad,gradient_tape/model/conv2d_10/BiasAdd/BiasAddGrad,2,96.256,48.128,96.256,48.128,0.0006247185291128921,0.9316750259071654,0.0,0.0
268,Device,BiasAddGrad,gradient_tape/model/conv2d_13/BiasAdd/BiasAddGrad,2,96.256,48.128,96.256,48.128,0.0006247185291128921,0.9322997444362784,0.0,0.0
269,Device,BiasAddGrad,gradient_tape/model/conv2d_15/BiasAdd/BiasAddGrad,2,96.256,48.128,96.256,48.128,0.0006247185291128921,0.9329244629653913,0.0,0.0
270,Device,BiasAddGrad,gradient_tape/model/conv2d_11/BiasAdd/BiasAddGrad,2,95.232,47.616,95.232,47.616,0.0006180725873138188,0.9335425355527052,0.0,0.0
271,Device,BiasAddGrad,gradient_tape/model/conv2d_12/BiasAdd/BiasAddGrad,2,95.232,47.616,95.232,47.616,0.0006180725873138188,0.934160608140019,0.0,0.0
272,Device,BiasAddGrad,gradient_tape/model/conv2d_7/BiasAdd/BiasAddGrad,2,86.016,43.008,86.016,43.008,0.0005582591111221589,0.9347188672511412,0.0,0.0
273,Device,Square,conv2d_32/kernel/Regularizer/Square,2,83.968,41.984,83.968,41.984,0.0005449672275240123,0.9352638344786652,0.0,0.0
274,Device,Square,conv2d_35/kernel/Regularizer/Square,2,83.968,41.984,83.968,41.984,0.0005449672275240123,0.9358088017061893,0.0,0.0
275,Device,Mul,gradient_tape/conv2d_30/kernel/Regularizer/Mul,2,82.945,41.4725,82.945,41.4725,0.000538327775902477,0.9363471294820918,0.0,0.0
276,Device,FusedBatchNormV3,model/batch_normalization_24/FusedBatchNormV3,4,82.945,20.73625,82.945,20.73625,0.000538327775902477,0.9368854572579942,0.0,0.0
277,Device,Square,conv2d_30/kernel/Regularizer/Square,2,82.944,41.472,82.944,41.472,0.000538321285724939,0.9374237785437192,0.0,0.0
278,Device,FusedBatchNormV3,model/batch_normalization_20/FusedBatchNormV3,4,82.944,20.736,82.944,20.736,0.000538321285724939,0.9379620998294441,0.0,0.0
279,Device,Square,conv2d_33/kernel/Regularizer/Square,2,81.921,40.9605,81.921,40.9605,0.0005316818341034037,0.9384937816635476,0.0,0.0
280,Device,Square,conv2d_34/kernel/Regularizer/Square,2,81.921,40.9605,81.921,40.9605,0.0005316818341034037,0.939025463497651,0.0,0.0
281,Device,FusedBatchNormV3,model/batch_normalization_15/FusedBatchNormV3,4,81.92,20.48,81.92,20.48,0.0005316753439258656,0.9395571388415769,0.0,0.0
282,Device,FusedBatchNormV3,model/batch_normalization_16/FusedBatchNormV3,4,81.92,20.48,81.92,20.48,0.0005316753439258656,0.9400888141855027,0.0,0.0
283,Device,FusedBatchNormV3,model/batch_normalization_17/FusedBatchNormV3,4,81.92,20.48,81.92,20.48,0.0005316753439258656,0.9406204895294286,0.0,0.0
284,Device,FusedBatchNormV3,model/batch_normalization_19/FusedBatchNormV3,4,81.92,20.48,81.92,20.48,0.0005316753439258656,0.9411521648733544,0.0,0.0
285,Device,FusedBatchNormV3,model/batch_normalization_21/FusedBatchNormV3,4,81.92,20.48,81.92,20.48,0.0005316753439258656,0.9416838402172802,0.0,0.0
286,Device,FusedBatchNormV3,model/batch_normalization_18/FusedBatchNormV3,4,80.896,20.224,80.896,20.224,0.0005250294021267923,0.9422088696194071,0.0,0.0
287,Device,FusedBatchNormV3,model/batch_normalization_22/FusedBatchNormV3,4,80.896,20.224,80.896,20.224,0.0005250294021267923,0.9427338990215339,0.0,0.0
288,Device,FusedBatchNormV3,model/batch_normalization_23/FusedBatchNormV3,4,80.896,20.224,80.896,20.224,0.0005250294021267923,0.9432589284236608,0.0,0.0
289,Device,FusedBatchNormV3,model/batch_normalization_25/FusedBatchNormV3,4,80.896,20.224,80.896,20.224,0.0005250294021267923,0.9437839578257876,0.0,0.0
290,Device,FusedBatchNormV3,model/batch_normalization_26/FusedBatchNormV3,4,79.873,19.96825,79.873,19.96825,0.0005183899505052571,0.9443023477762928,0.0,0.0
291,Device,BiasAddGrad,gradient_tape/model/conv2d_9/BiasAdd/BiasAddGrad,2,79.872,39.936,79.872,39.936,0.000518383460327719,0.9448207312366206,0.0,0.0
292,Device,BiasAdd,model/conv2d_18/BiasAdd,2,78.848,39.424,78.848,39.424,0.0005117375185286456,0.9453324687551492,0.0,0.0
293,Device,Relu,model/activation_26/Relu,2,75.777,37.8885,75.777,37.8885,0.0004918061833089638,0.9458242749384582,0.0,0.0
294,Device,BiasAdd,model/conv2d_16/BiasAdd,2,75.777,37.8885,75.777,37.8885,0.0004918061833089638,0.9463160811217672,0.0,0.0
295,Device,Tile,gradient_tape/conv2d_30/kernel/Regularizer/Tile,2,73.728,36.864,73.728,36.864,0.000478507809533279,0.9467945889313005,0.0,0.0
296,Device,BiasAdd,model/conv2d_21/BiasAdd,2,67.584,33.792,67.584,33.792,0.00043863215873883913,0.9472332210900394,0.0,0.0
297,Device,BiasAdd,model/conv2d_22/BiasAdd,2,67.584,33.792,67.584,33.792,0.00043863215873883913,0.9476718532487782,0.0,0.0
298,Device,BiasAdd,model/conv2d_23/BiasAdd,2,67.584,33.792,67.584,33.792,0.00043863215873883913,0.9481104854075171,0.0,0.0
299,Device,BiasAdd,model/conv2d_28/BiasAdd,2,67.584,33.792,67.584,33.792,0.00043863215873883913,0.9485491175662559,0.0,0.0
300,Device,BiasAdd,model/conv2d_24/BiasAdd,2,66.561,33.2805,66.561,33.2805,0.000431992707117304,0.9489811102733733,0.0,0.0
301,Device,ResourceApplyGradientDescent,SGD/SGD/update_112/ResourceApplyGradientDescent,2,66.56,33.28,66.56,33.28,0.00043198621693976583,0.949413096490313,0.0,0.0
302,Device,BiasAdd,model/conv2d_20/BiasAdd,2,66.56,33.28,66.56,33.28,0.00043198621693976583,0.9498450827072528,0.0,0.0
303,Device,BiasAdd,model/conv2d_25/BiasAdd,2,66.56,33.28,66.56,33.28,0.00043198621693976583,0.9502770689241925,0.0,0.0
304,Device,BiasAdd,model/conv2d_27/BiasAdd,2,66.56,33.28,66.56,33.28,0.00043198621693976583,0.9507090551411322,0.0,0.0
305,Device,BiasAdd,model/conv2d_26/BiasAdd,2,65.537,32.7685,65.537,32.7685,0.00042534676531823067,0.9511344019064505,0.0,0.0
306,Device,BiasAdd,model/conv2d_17/BiasAdd,2,65.536,32.768,65.536,32.768,0.0004253402751406925,0.9515597421815912,0.0,0.0
307,Device,BiasAdd,model/conv2d_19/BiasAdd,2,65.536,32.768,65.536,32.768,0.0004253402751406925,0.951985082456732,0.0,0.0
308,Device,AddN,SGD/gradients/AddN_45,2,64.512,32.256,64.512,32.256,0.00041869433334161917,0.9524037767900736,0.0,0.0
309,Device,Relu,model/activation_15/Relu,2,62.464,31.232,62.464,31.232,0.0004054024497434725,0.9528091792398171,0.0,0.0
310,Device,FusedBatchNormGradV3,gradient_tape/model/batch_normalization_30/FusedBatchNormGradV3,2,61.44,30.72,61.44,30.72,0.00039875650794439916,0.9532079357477615,0.0,0.0
311,Device,Relu,model/activation_23/Relu,2,61.44,30.72,61.44,30.72,0.00039875650794439916,0.9536066922557059,0.0,0.0
312,Device,Relu,model/activation_24/Relu,2,61.44,30.72,61.44,30.72,0.00039875650794439916,0.9540054487636503,0.0,0.0
313,Device,FusedBatchNormGradV3,gradient_tape/model/batch_normalization_28/FusedBatchNormGradV3,2,60.416,30.208,60.416,30.208,0.00039211056614532586,0.9543975593297956,0.0,0.0
314,Device,FusedBatchNormGradV3,gradient_tape/model/batch_normalization_31/FusedBatchNormGradV3,2,60.416,30.208,60.416,30.208,0.00039211056614532586,0.9547896698959409,0.0,0.0
315,Device,Relu,model/activation_16/Relu,2,60.416,30.208,60.416,30.208,0.00039211056614532586,0.9551817804620862,0.0,0.0
316,Device,Relu,model/activation_19/Relu,2,60.416,30.208,60.416,30.208,0.00039211056614532586,0.9555738910282315,0.0,0.0
317,Device,Relu,model/activation_20/Relu,2,60.416,30.208,60.416,30.208,0.00039211056614532586,0.9559660015943768,0.0,0.0
318,Device,Relu,model/activation_21/Relu,2,60.416,30.208,60.416,30.208,0.00039211056614532586,0.9563581121605221,0.0,0.0
319,Device,Relu,model/activation_25/Relu,2,60.416,30.208,60.416,30.208,0.00039211056614532586,0.9567502227266674,0.0,0.0
320,Device,Relu,model/activation_17/Relu,2,59.393,29.6965,59.393,29.6965,0.0003854711145237907,0.9571356938411912,0.0,0.0
321,Device,FusedBatchNormGradV3,gradient_tape/model/batch_normalization_27/FusedBatchNormGradV3,2,59.392,29.696,59.392,29.696,0.00038546462434625256,0.9575211584655375,0.0,0.0
322,Device,FusedBatchNormGradV3,gradient_tape/model/batch_normalization_29/FusedBatchNormGradV3,2,59.392,29.696,59.392,29.696,0.00038546462434625256,0.9579066230898838,0.0,0.0
323,Device,Relu,model/activation_18/Relu,2,59.392,29.696,59.392,29.696,0.00038546462434625256,0.9582920877142301,0.0,0.0
324,Device,Relu,model/activation_22/Relu,2,59.392,29.696,59.392,29.696,0.00038546462434625256,0.9586775523385764,0.0,0.0
325,Device,Mul,gradient_tape/conv2d_29/kernel/Regularizer/Mul_1,2,58.368,29.184,58.368,29.184,0.00037881868254717926,0.9590563710211236,0.0,0.0
326,Device,ReluGrad,gradient_tape/model/activation_28/ReluGrad,2,56.32,28.16,56.32,28.16,0.0003655267989490326,0.9594218978200727,0.0,0.0
327,Device,ReluGrad,gradient_tape/model/activation_31/ReluGrad,2,56.32,28.16,56.32,28.16,0.0003655267989490326,0.9597874246190218,0.0,0.0
328,Device,FusedBatchNormGradV3,gradient_tape/model/batch_normalization_32/FusedBatchNormGradV3,2,56.32,28.16,56.32,28.16,0.0003655267989490326,0.9601529514179709,0.0,0.0
329,Device,BiasAddGrad,gradient_tape/model/conv2d_22/BiasAdd/BiasAddGrad,2,55.297,27.6485,55.297,27.6485,0.0003588873473274974,0.9605118387652983,0.0,0.0
330,Device,ReluGrad,gradient_tape/model/activation_27/ReluGrad,2,55.296,27.648,55.296,27.648,0.00035888085714995925,0.9608707196224483,0.0,0.0
331,Device,ReluGrad,gradient_tape/model/activation_29/ReluGrad,2,55.296,27.648,55.296,27.648,0.00035888085714995925,0.9612296004795983,0.0,0.0
332,Device,ReluGrad,gradient_tape/model/activation_30/ReluGrad,2,55.296,27.648,55.296,27.648,0.00035888085714995925,0.9615884813367482,0.0,0.0
333,Device,BiasAddGrad,gradient_tape/model/conv2d_20/BiasAdd/BiasAddGrad,2,55.296,27.648,55.296,27.648,0.00035888085714995925,0.9619473621938982,0.0,0.0
334,Device,BiasAddGrad,gradient_tape/model/conv2d_21/BiasAdd/BiasAddGrad,2,55.296,27.648,55.296,27.648,0.00035888085714995925,0.9623062430510482,0.0,0.0
335,Device,BiasAddGrad,gradient_tape/model/conv2d_24/BiasAdd/BiasAddGrad,2,55.296,27.648,55.296,27.648,0.00035888085714995925,0.9626651239081981,0.0,0.0
336,Device,BiasAddGrad,gradient_tape/model/conv2d_26/BiasAdd/BiasAddGrad,2,55.296,27.648,55.296,27.648,0.00035888085714995925,0.9630240047653481,0.0,0.0
337,Device,Sum,conv2d_30/kernel/Regularizer/Sum,2,54.272,27.136,54.272,27.136,0.00035223491535088595,0.963376239680699,0.0,0.0
338,Device,Sum,conv2d_32/kernel/Regularizer/Sum,2,54.272,27.136,54.272,27.136,0.00035223491535088595,0.9637284745960498,0.0,0.0
339,Device,Sum,conv2d_33/kernel/Regularizer/Sum,2,54.272,27.136,54.272,27.136,0.00035223491535088595,0.9640807095114007,0.0,0.0
340,Device,BiasAddGrad,gradient_tape/model/conv2d_19/BiasAdd/BiasAddGrad,2,54.272,27.136,54.272,27.136,0.00035223491535088595,0.9644329444267515,0.0,0.0
341,Device,BiasAddGrad,gradient_tape/model/conv2d_23/BiasAdd/BiasAddGrad,2,54.272,27.136,54.272,27.136,0.00035223491535088595,0.9647851793421024,0.0,0.0
342,Device,BiasAddGrad,gradient_tape/model/conv2d_25/BiasAdd/BiasAddGrad,2,54.272,27.136,54.272,27.136,0.00035223491535088595,0.9651374142574533,0.0,0.0
343,Device,BiasAddGrad,gradient_tape/model/conv2d_27/BiasAdd/BiasAddGrad,2,54.272,27.136,54.272,27.136,0.00035223491535088595,0.9654896491728041,0.0,0.0
344,Device,BiasAddGrad,gradient_tape/model/conv2d_28/BiasAdd/BiasAddGrad,2,54.272,27.136,54.272,27.136,0.00035223491535088595,0.965841884088155,0.0,0.0
345,Device,Sum,conv2d_34/kernel/Regularizer/Sum,2,53.248,26.624,53.248,26.624,0.0003455889735518126,0.9661874730617068,0.0,0.0
346,Device,BiasAddGrad,gradient_tape/model/conv2d_16/BiasAdd/BiasAddGrad,2,53.248,26.624,53.248,26.624,0.0003455889735518126,0.9665330620352587,0.0,0.0
347,Device,Sum,conv2d_35/kernel/Regularizer/Sum,2,51.2,25.6,51.2,25.6,0.000332297089953666,0.9668653591252123,0.0,0.0
348,Device,AddN,SGD/gradients/AddN_1,2,49.152,24.576,49.152,24.576,0.00031900520635551934,0.9671843643315678,0.0,0.0
349,Device,BiasAddGrad,gradient_tape/model/conv2d_18/BiasAdd/BiasAddGrad,2,46.08,23.04,46.08,23.04,0.0002990673809582994,0.9674834317125262,0.0,0.0
350,Device,Square,conv2d_29/kernel/Regularizer/Square,2,44.032,22.016,44.032,22.016,0.00028577549736015273,0.9677692072098864,0.0,0.0
351,Device,Mul,gradient_tape/conv2d_29/kernel/Regularizer/Mul,2,41.984,20.992,41.984,20.992,0.00027248361376200613,0.9680416908236483,0.0,0.0
352,Device,Tile,gradient_tape/conv2d_29/kernel/Regularizer/Tile,2,41.984,20.992,41.984,20.992,0.00027248361376200613,0.9683141744374103,0.0,0.0
353,Device,AddN,SGD/gradients/AddN,2,40.96,20.48,40.96,20.48,0.0002658376719629328,0.9685800121093733,0.0,0.0
354,Device,ReluGrad,gradient_tape/model/activation_32/ReluGrad,2,40.96,20.48,40.96,20.48,0.0002658376719629328,0.9688458497813363,0.0,0.0
355,Device,BiasAdd,model/conv2d_31/BiasAdd,2,39.936,19.968,39.936,19.968,0.0002591917301638595,0.9691050415115001,0.0,0.0
356,Device,FusedBatchNormV3,model/batch_normalization_32/FusedBatchNormV3,4,38.912,9.728,38.912,9.728,0.0002525457883647862,0.9693575872998649,0.0,0.0
357,Device,AddV2,model/add_14/add,2,37.888,18.944,37.888,18.944,0.0002458998465657128,0.9696034871464306,0.0,0.0
358,Device,FusedBatchNormV3,model/batch_normalization_29/FusedBatchNormV3,4,37.888,9.472,37.888,9.472,0.0002458998465657128,0.9698493869929964,0.0,0.0
359,Device,FusedBatchNormV3,model/batch_normalization_27/FusedBatchNormV3,4,36.864,9.216,36.864,9.216,0.0002392539047666395,0.970088640897763,0.0,0.0
360,Device,FusedBatchNormV3,model/batch_normalization_30/FusedBatchNormV3,4,36.864,9.216,36.864,9.216,0.0002392539047666395,0.9703278948025297,0.0,0.0
361,Device,FusedBatchNormV3,model/batch_normalization_31/FusedBatchNormV3,4,36.864,9.216,36.864,9.216,0.0002392539047666395,0.9705671487072963,0.0,0.0
362,Device,AddN,SGD/gradients/AddN_35,2,35.841,17.9205,35.841,17.9205,0.00023261445314510436,0.9707997631604415,0.0,0.0
363,Device,AddN,SGD/gradients/AddN_39,2,35.84,17.92,35.84,17.92,0.00023260796296756622,0.971032371123409,0.0,0.0
364,Device,Sum,conv2d_29/kernel/Regularizer/Sum,2,35.84,17.92,35.84,17.92,0.00023260796296756622,0.9712649790863765,0.0,0.0
365,Device,AddV2,model/add_13/add,2,35.84,17.92,35.84,17.92,0.00023260796296756622,0.9714975870493441,0.0,0.0
366,Device,FusedBatchNormV3,model/batch_normalization_28/FusedBatchNormV3,4,35.84,8.96,35.84,8.96,0.00023260796296756622,0.9717301950123116,0.0,0.0
367,Device,ResourceApplyGradientDescent,SGD/SGD/update_72/ResourceApplyGradientDescent,2,34.817,17.4085,34.817,17.4085,0.00022596851134603103,0.9719561635236577,0.0,0.0
368,Device,ResourceApplyGradientDescent,SGD/SGD/update_100/ResourceApplyGradientDescent,2,34.816,17.408,34.816,17.408,0.0002259620211684929,0.9721821255448262,0.0,0.0
369,Device,ResourceApplyGradientDescent,SGD/SGD/update_104/ResourceApplyGradientDescent,2,34.816,17.408,34.816,17.408,0.0002259620211684929,0.9724080875659947,0.0,0.0
370,Device,ResourceApplyGradientDescent,SGD/SGD/update_108/ResourceApplyGradientDescent,2,34.816,17.408,34.816,17.408,0.0002259620211684929,0.9726340495871633,0.0,0.0
371,Device,ResourceApplyGradientDescent,SGD/SGD/update_76/ResourceApplyGradientDescent,2,34.816,17.408,34.816,17.408,0.0002259620211684929,0.9728600116083318,0.0,0.0
372,Device,ResourceApplyGradientDescent,SGD/SGD/update_80/ResourceApplyGradientDescent,2,34.816,17.408,34.816,17.408,0.0002259620211684929,0.9730859736295003,0.0,0.0
373,Device,ResourceApplyGradientDescent,SGD/SGD/update_84/ResourceApplyGradientDescent,2,34.816,17.408,34.816,17.408,0.0002259620211684929,0.9733119356506689,0.0,0.0
374,Device,ResourceApplyGradientDescent,SGD/SGD/update_88/ResourceApplyGradientDescent,2,34.816,17.408,34.816,17.408,0.0002259620211684929,0.9735378976718374,0.0,0.0
375,Device,AddN,SGD/gradients/AddN_36,2,34.816,17.408,34.816,17.408,0.0002259620211684929,0.9737638596930059,0.0,0.0
376,Device,AddN,SGD/gradients/AddN_37,2,34.816,17.408,34.816,17.408,0.0002259620211684929,0.9739898217141745,0.0,0.0
377,Device,AddN,SGD/gradients/AddN_38,2,34.816,17.408,34.816,17.408,0.0002259620211684929,0.974215783735343,0.0,0.0
378,Device,AddN,SGD/gradients/AddN_40,2,34.816,17.408,34.816,17.408,0.0002259620211684929,0.9744417457565115,0.0,0.0
379,Device,AddN,SGD/gradients/AddN_42,2,34.816,17.408,34.816,17.408,0.0002259620211684929,0.9746677077776801,0.0,0.0
380,Device,AddN,SGD/gradients/AddN_43,2,34.816,17.408,34.816,17.408,0.0002259620211684929,0.9748936697988486,0.0,0.0
381,Device,AddN,SGD/gradients/AddN_44,2,34.816,17.408,34.816,17.408,0.0002259620211684929,0.9751196318200172,0.0,0.0
382,Device,ResourceApplyGradientDescent,SGD/SGD/update_68/ResourceApplyGradientDescent,2,33.792,16.896,33.792,16.896,0.00021931607936941956,0.9753389478993866,0.0,0.0
383,Device,AddN,SGD/gradients/AddN_34,2,33.792,16.896,33.792,16.896,0.00021931607936941956,0.975558263978756,0.0,0.0
384,Device,AddN,SGD/gradients/AddN_41,2,33.792,16.896,33.792,16.896,0.00021931607936941956,0.9757775800581254,0.0,0.0
385,Device,Mul,gradient_tape/conv2d_17/kernel/Regularizer/Mul_1,2,33.792,16.896,33.792,16.896,0.00021931607936941956,0.9759968961374949,0.0,0.0
386,Device,AddV2,model/add_15/add,2,33.792,16.896,33.792,16.896,0.00021931607936941956,0.9762162122168643,0.0,0.0
387,Device,ResourceApplyGradientDescent,SGD/SGD/update_92/ResourceApplyGradientDescent,2,32.768,16.384,32.768,16.384,0.00021267013757034624,0.9764288823544346,0.0,0.0
388,Device,ResourceApplyGradientDescent,SGD/SGD/update_96/ResourceApplyGradientDescent,2,32.768,16.384,32.768,16.384,0.00021267013757034624,0.9766415524920049,0.0,0.0
389,Device,BiasAddGrad,gradient_tape/model/conv2d_29/BiasAdd/BiasAddGrad,2,32.768,16.384,32.768,16.384,0.00021267013757034624,0.9768542226295752,0.0,0.0
390,Device,Mul,gradient_tape/conv2d_22/kernel/Regularizer/Mul_1,2,31.744,15.872,31.744,15.872,0.0002060241957712729,0.9770602468253465,0.0,0.0
391,Device,Mul,gradient_tape/conv2d_23/kernel/Regularizer/Mul_1,2,31.744,15.872,31.744,15.872,0.0002060241957712729,0.9772662710211178,0.0,0.0
392,Device,Mul,gradient_tape/conv2d_25/kernel/Regularizer/Mul_1,2,31.744,15.872,31.744,15.872,0.0002060241957712729,0.9774722952168892,0.0,0.0
393,Device,AddN,ArithmeticOptimizer/AddOpsRewrite_AddN_1,8,30.72,3.84,30.72,3.84,0.00019937825397219958,0.9776716734708614,0.0,0.0
394,Device,Mul,gradient_tape/conv2d_19/kernel/Regularizer/Mul_1,2,30.72,15.36,30.72,15.36,0.00019937825397219958,0.9778710517248336,0.0,0.0
395,Device,Mul,gradient_tape/conv2d_20/kernel/Regularizer/Mul_1,2,30.72,15.36,30.72,15.36,0.00019937825397219958,0.9780704299788058,0.0,0.0
396,Device,Mul,gradient_tape/conv2d_24/kernel/Regularizer/Mul_1,2,30.72,15.36,30.72,15.36,0.00019937825397219958,0.978269808232778,0.0,0.0
397,Device,Mul,gradient_tape/conv2d_27/kernel/Regularizer/Mul_1,2,30.72,15.36,30.72,15.36,0.00019937825397219958,0.9784691864867502,0.0,0.0
398,Device,Mul,gradient_tape/conv2d_28/kernel/Regularizer/Mul_1,2,30.72,15.36,30.72,15.36,0.00019937825397219958,0.9786685647407224,0.0,0.0
399,Device,BiasAddGrad,gradient_tape/model/conv2d_32/BiasAdd/BiasAddGrad,2,30.72,15.36,30.72,15.36,0.00019937825397219958,0.9788679429946946,0.0,0.0
400,Device,BiasAddGrad,gradient_tape/model/conv2d_33/BiasAdd/BiasAddGrad,2,30.72,15.36,30.72,15.36,0.00019937825397219958,0.9790673212486668,0.0,0.0
401,Device,BiasAddGrad,gradient_tape/model/conv2d_34/BiasAdd/BiasAddGrad,2,30.72,15.36,30.72,15.36,0.00019937825397219958,0.979266699502639,0.0,0.0
402,Device,BiasAddGrad,gradient_tape/model/conv2d_35/BiasAdd/BiasAddGrad,2,30.72,15.36,30.72,15.36,0.00019937825397219958,0.9794660777566112,0.0,0.0
403,Device,Mul,gradient_tape/conv2d_26/kernel/Regularizer/Mul_1,2,29.696,14.848,29.696,14.848,0.00019273231217312628,0.9796588100687843,0.0,0.0
404,Device,Mul,gradient_tape/conv2d_21/kernel/Regularizer/Mul_1,2,28.672,14.336,28.672,14.336,0.00018608637037405295,0.9798448964391584,0.0,0.0
405,Device,MatMul,model/dense/MatMul,2,27.648,13.824,27.648,13.824,0.00017944042857497963,0.9800243368677334,0.0,0.0
406,Device,BiasAddGrad,gradient_tape/model/conv2d_31/BiasAdd/BiasAddGrad,2,26.624,13.312,26.624,13.312,0.0001727944867759063,0.9801971313545093,0.0,0.0
407,Device,Softmax,model/dense/Softmax,2,26.624,13.312,26.624,13.312,0.0001727944867759063,0.9803699258412851,0.0,0.0
408,Device,MatMul,gradient_tape/model/dense/MatMul/MatMul,2,25.6,12.8,25.6,12.8,0.000166148544976833,0.980536074386262,0.0,0.0
409,Device,Square,conv2d_19/kernel/Regularizer/Square,2,23.552,11.776,23.552,11.776,0.00015285666137868634,0.9806889310476407,0.0,0.0
410,Device,Sum,conv2d_22/kernel/Regularizer/Sum,2,23.552,11.776,23.552,11.776,0.00015285666137868634,0.9808417877090193,0.0,0.0
411,Device,Sum,conv2d_25/kernel/Regularizer/Sum,2,23.552,11.776,23.552,11.776,0.00015285666137868634,0.980994644370398,0.0,0.0
412,Device,Sum,conv2d_27/kernel/Regularizer/Sum,2,23.552,11.776,23.552,11.776,0.00015285666137868634,0.9811475010317766,0.0,0.0
413,Device,Sum,conv2d_28/kernel/Regularizer/Sum,2,22.529,11.2645,22.529,11.2645,0.00014621720975715118,0.9812937182415338,0.0,0.0
414,Device,Mul,gradient_tape/conv2d_17/kernel/Regularizer/Mul,2,22.529,11.2645,22.529,11.2645,0.00014621720975715118,0.9814399354512909,0.0,0.0
415,Device,Square,conv2d_17/kernel/Regularizer/Square,2,22.528,11.264,22.528,11.264,0.00014621071957961302,0.9815861461708706,0.0,0.0
416,Device,Sum,conv2d_17/kernel/Regularizer/Sum,2,22.528,11.264,22.528,11.264,0.00014621071957961302,0.9817323568904502,0.0,0.0
417,Device,Square,conv2d_20/kernel/Regularizer/Square,2,22.528,11.264,22.528,11.264,0.00014621071957961302,0.9818785676100299,0.0,0.0
418,Device,Sum,conv2d_20/kernel/Regularizer/Sum,2,22.528,11.264,22.528,11.264,0.00014621071957961302,0.9820247783296095,0.0,0.0
419,Device,Sum,conv2d_21/kernel/Regularizer/Sum,2,22.528,11.264,22.528,11.264,0.00014621071957961302,0.9821709890491892,0.0,0.0
420,Device,Square,conv2d_24/kernel/Regularizer/Square,2,22.528,11.264,22.528,11.264,0.00014621071957961302,0.9823171997687689,0.0,0.0
421,Device,Tile,gradient_tape/conv2d_17/kernel/Regularizer/Tile,2,22.528,11.264,22.528,11.264,0.00014621071957961302,0.9824634104883485,0.0,0.0
422,Device,_Recv,IteratorGetNext/_4,2,22.336,11.168,22.336,11.168,0.0001449646054922868,0.9826083750938408,0.0,0.0
423,Device,Sum,conv2d_19/kernel/Regularizer/Sum,2,21.504,10.752,21.504,10.752,0.00013956477778053972,0.9827479398716213,0.0,0.0
424,Device,Square,conv2d_22/kernel/Regularizer/Square,2,21.504,10.752,21.504,10.752,0.00013956477778053972,0.9828875046494019,0.0,0.0
425,Device,Sum,conv2d_23/kernel/Regularizer/Sum,2,21.504,10.752,21.504,10.752,0.00013956477778053972,0.9830270694271824,0.0,0.0
426,Device,Square,conv2d_25/kernel/Regularizer/Square,2,21.504,10.752,21.504,10.752,0.00013956477778053972,0.983166634204963,0.0,0.0
427,Device,Square,conv2d_26/kernel/Regularizer/Square,2,21.504,10.752,21.504,10.752,0.00013956477778053972,0.9833061989827435,0.0,0.0
428,Device,Square,conv2d_28/kernel/Regularizer/Square,2,21.504,10.752,21.504,10.752,0.00013956477778053972,0.9834457637605241,0.0,0.0
429,Device,BiasAdd,model/conv2d_35/BiasAdd,2,21.504,10.752,21.504,10.752,0.00013956477778053972,0.9835853285383046,0.0,0.0
430,Device,ResourceApplyGradientDescent,SGD/SGD/update_62/ResourceApplyGradientDescent,2,20.48,10.24,20.48,10.24,0.0001329188359814664,0.983718247374286,0.0,0.0
431,Device,Square,conv2d_23/kernel/Regularizer/Square,2,20.48,10.24,20.48,10.24,0.0001329188359814664,0.9838511662102675,0.0,0.0
432,Device,Sum,conv2d_24/kernel/Regularizer/Sum,2,20.48,10.24,20.48,10.24,0.0001329188359814664,0.9839840850462489,0.0,0.0
433,Device,Sum,conv2d_26/kernel/Regularizer/Sum,2,20.48,10.24,20.48,10.24,0.0001329188359814664,0.9841170038822303,0.0,0.0
434,Device,Square,conv2d_27/kernel/Regularizer/Square,2,20.48,10.24,20.48,10.24,0.0001329188359814664,0.9842499227182118,0.0,0.0
435,Device,BiasAdd,model/conv2d_30/BiasAdd,2,20.48,10.24,20.48,10.24,0.0001329188359814664,0.9843828415541932,0.0,0.0
436,Device,BiasAdd,model/conv2d_33/BiasAdd,2,20.48,10.24,20.48,10.24,0.0001329188359814664,0.9845157603901746,0.0,0.0
437,Device,AddN,SGD/gradients/AddN_32,2,19.456,9.728,19.456,9.728,0.0001262728941823931,0.9846420332843571,0.0,0.0
438,Device,Square,conv2d_21/kernel/Regularizer/Square,2,19.456,9.728,19.456,9.728,0.0001262728941823931,0.9847683061785395,0.0,0.0
439,Device,BiasAdd,model/conv2d_32/BiasAdd,2,19.456,9.728,19.456,9.728,0.0001262728941823931,0.9848945790727219,0.0,0.0
440,Device,BiasAdd,model/conv2d_34/BiasAdd,2,19.456,9.728,19.456,9.728,0.0001262728941823931,0.9850208519669044,0.0,0.0
441,Device,Mul,gradient_tape/conv2d_16/kernel/Regularizer/Mul_1,2,18.432,9.216,18.432,9.216,0.00011962695238331975,0.9851404789192877,0.0,0.0
442,Device,Relu,model/activation_27/Relu,2,18.432,9.216,18.432,9.216,0.00011962695238331975,0.985260105871671,0.0,0.0
443,Device,Relu,model/activation_31/Relu,2,18.432,9.216,18.432,9.216,0.00011962695238331975,0.9853797328240543,0.0,0.0
444,Device,Sum,conv2d_16/kernel/Regularizer/Sum,2,17.408,8.704,17.408,8.704,0.00011298101058424645,0.9854927138346385,0.0,0.0
445,Device,Sum,conv2d_31/kernel/Regularizer/Sum,2,17.408,8.704,17.408,8.704,0.00011298101058424645,0.9856056948452228,0.0,0.0
446,Device,Relu,model/activation_28/Relu,2,17.408,8.704,17.408,8.704,0.00011298101058424645,0.985718675855807,0.0,0.0
447,Device,Relu,model/activation_29/Relu,2,17.408,8.704,17.408,8.704,0.00011298101058424645,0.9858316568663912,0.0,0.0
448,Device,Relu,model/activation_32/Relu,2,17.408,8.704,17.408,8.704,0.00011298101058424645,0.9859446378769754,0.0,0.0
449,Device,BiasAdd,model/conv2d_29/BiasAdd,2,17.408,8.704,17.408,8.704,0.00011298101058424645,0.9860576188875596,0.0,0.0
450,Device,Sum,conv2d_12/kernel/Regularizer/Sum,2,16.384,8.192,16.384,8.192,0.00010633506878517312,0.9861639539563448,0.0,0.0
451,Device,Sum,conv2d_13/kernel/Regularizer/Sum,2,16.384,8.192,16.384,8.192,0.00010633506878517312,0.98627028902513,0.0,0.0
452,Device,Sum,conv2d_15/kernel/Regularizer/Sum,2,16.384,8.192,16.384,8.192,0.00010633506878517312,0.9863766240939152,0.0,0.0
453,Device,Sum,conv2d_8/kernel/Regularizer/Sum,2,16.384,8.192,16.384,8.192,0.00010633506878517312,0.9864829591627005,0.0,0.0
454,Device,Tile,gradient_tape/conv2d_16/kernel/Regularizer/Tile,2,16.384,8.192,16.384,8.192,0.00010633506878517312,0.9865892942314857,0.0,0.0
455,Device,Relu,model/activation_30/Relu,2,16.384,8.192,16.384,8.192,0.00010633506878517312,0.9866956293002709,0.0,0.0
456,Device,Sum,conv2d_10/kernel/Regularizer/Sum,2,15.36,7.68,15.36,7.68,9.968912698609979e-05,0.986795318427257,0.0,0.0
457,Device,Sum,conv2d_11/kernel/Regularizer/Sum,2,15.36,7.68,15.36,7.68,9.968912698609979e-05,0.9868950075542431,0.0,0.0
458,Device,Sum,conv2d_6/kernel/Regularizer/Sum,2,15.36,7.68,15.36,7.68,9.968912698609979e-05,0.9869946966812292,0.0,0.0
459,Device,Sum,conv2d_18/kernel/Regularizer/Sum,2,14.337,7.1685,14.337,7.1685,9.304967536456463e-05,0.9870877463565938,0.0,0.0
460,Device,Sum,conv2d_1/kernel/Regularizer/Sum,2,14.336,7.168,14.336,7.168,9.304318518702648e-05,0.9871807895417808,0.0,0.0
461,Device,Sum,conv2d_4/kernel/Regularizer/Sum,2,14.336,7.168,14.336,7.168,9.304318518702648e-05,0.9872738327269678,0.0,0.0
462,Device,Sum,conv2d_5/kernel/Regularizer/Sum,2,14.336,7.168,14.336,7.168,9.304318518702648e-05,0.9873668759121548,0.0,0.0
463,Device,Mul,gradient_tape/conv2d_16/kernel/Regularizer/Mul,2,14.336,7.168,14.336,7.168,9.304318518702648e-05,0.9874599190973418,0.0,0.0
464,Device,ResourceApplyGradientDescent,SGD/SGD/update_34/ResourceApplyGradientDescent,2,13.312,6.656,13.312,6.656,8.639724338795315e-05,0.9875463163407298,0.0,0.0
465,Device,ResourceApplyGradientDescent,SGD/SGD/update_38/ResourceApplyGradientDescent,2,13.312,6.656,13.312,6.656,8.639724338795315e-05,0.9876327135841177,0.0,0.0
466,Device,ResourceApplyGradientDescent,SGD/SGD/update_50/ResourceApplyGradientDescent,2,13.312,6.656,13.312,6.656,8.639724338795315e-05,0.9877191108275057,0.0,0.0
467,Device,ResourceApplyGradientDescent,SGD/SGD/update_54/ResourceApplyGradientDescent,2,13.312,6.656,13.312,6.656,8.639724338795315e-05,0.9878055080708937,0.0,0.0
468,Device,ResourceApplyGradientDescent,SGD/SGD/update_58/ResourceApplyGradientDescent,2,13.312,6.656,13.312,6.656,8.639724338795315e-05,0.9878919053142817,0.0,0.0
469,Device,Sum,conv2d_14/kernel/Regularizer/Sum,2,13.312,6.656,13.312,6.656,8.639724338795315e-05,0.9879783025576697,0.0,0.0
470,Device,Sum,conv2d_7/kernel/Regularizer/Sum,2,13.312,6.656,13.312,6.656,8.639724338795315e-05,0.9880646998010577,0.0,0.0
471,Device,Tile,gradient_tape/conv2d_7/kernel/Regularizer/Tile,2,13.312,6.656,13.312,6.656,8.639724338795315e-05,0.9881510970444457,0.0,0.0
472,Device,MatMul,gradient_tape/model/dense/MatMul/MatMul_1,2,13.312,6.656,13.312,6.656,8.639724338795315e-05,0.9882374942878337,0.0,0.0
473,Device,AvgPool,model/average_pooling2d/AvgPool,2,13.312,6.656,13.312,6.656,8.639724338795315e-05,0.9883238915312217,0.0,0.0
474,Device,ResourceApplyGradientDescent,SGD/SGD/update_138/ResourceApplyGradientDescent,2,12.288,6.144,12.288,6.144,7.975130158887984e-05,0.9884036428328106,0.0,0.0
475,Device,ResourceApplyGradientDescent,SGD/SGD/update_42/ResourceApplyGradientDescent,2,12.288,6.144,12.288,6.144,7.975130158887984e-05,0.9884833941343995,0.0,0.0
476,Device,ResourceApplyGradientDescent,SGD/SGD/update_46/ResourceApplyGradientDescent,2,12.288,6.144,12.288,6.144,7.975130158887984e-05,0.9885631454359883,0.0,0.0
477,Device,AddN,SGD/gradients/AddN_25,2,12.288,6.144,12.288,6.144,7.975130158887984e-05,0.9886428967375772,0.0,0.0
478,Device,AddN,SGD/gradients/AddN_26,2,12.288,6.144,12.288,6.144,7.975130158887984e-05,0.9887226480391661,0.0,0.0
479,Device,AddN,SGD/gradients/AddN_28,2,12.288,6.144,12.288,6.144,7.975130158887984e-05,0.988802399340755,0.0,0.0
480,Device,AddN,SGD/gradients/AddN_29,2,12.288,6.144,12.288,6.144,7.975130158887984e-05,0.9888821506423439,0.0,0.0
481,Device,AddN,SGD/gradients/AddN_30,2,12.288,6.144,12.288,6.144,7.975130158887984e-05,0.9889619019439327,0.0,0.0
482,Device,AddN,SGD/gradients/AddN_31,2,12.288,6.144,12.288,6.144,7.975130158887984e-05,0.9890416532455216,0.0,0.0
483,Device,Sum,conv2d/kernel/Regularizer/Sum,2,12.288,6.144,12.288,6.144,7.975130158887984e-05,0.9891214045471105,0.0,0.0
484,Device,Square,conv2d_16/kernel/Regularizer/Square,2,12.288,6.144,12.288,6.144,7.975130158887984e-05,0.9892011558486994,0.0,0.0
485,Device,Sum,conv2d_2/kernel/Regularizer/Sum,2,12.288,6.144,12.288,6.144,7.975130158887984e-05,0.9892809071502883,0.0,0.0
486,Device,Tile,gradient_tape/conv2d_1/kernel/Regularizer/Tile,2,12.288,6.144,12.288,6.144,7.975130158887984e-05,0.9893606584518772,0.0,0.0
487,Device,Mul,gradient_tape/conv2d_10/kernel/Regularizer/Mul_1,2,12.288,6.144,12.288,6.144,7.975130158887984e-05,0.989440409753466,0.0,0.0
488,Device,Tile,gradient_tape/conv2d_18/kernel/Regularizer/Tile,2,12.288,6.144,12.288,6.144,7.975130158887984e-05,0.9895201610550549,0.0,0.0
489,Device,Mul,gradient_tape/conv2d_31/kernel/Regularizer/Mul_1,2,12.288,6.144,12.288,6.144,7.975130158887984e-05,0.9895999123566438,0.0,0.0
490,Device,Tile,gradient_tape/conv2d_31/kernel/Regularizer/Tile,2,12.288,6.144,12.288,6.144,7.975130158887984e-05,0.9896796636582327,0.0,0.0
491,Device,Tile,gradient_tape/conv2d_8/kernel/Regularizer/Tile,2,12.288,6.144,12.288,6.144,7.975130158887984e-05,0.9897594149598216,0.0,0.0
492,Device,ResourceApplyGradientDescent,SGD/SGD/update_116/ResourceApplyGradientDescent,2,11.264,5.632,11.264,5.632,7.310535978980651e-05,0.9898325203196113,0.0,0.0
493,Device,AddN,SGD/gradients/AddN_27,2,11.264,5.632,11.264,5.632,7.310535978980651e-05,0.9899056256794011,0.0,0.0
494,Device,AddN,SGD/gradients/AddN_46,2,11.264,5.632,11.264,5.632,7.310535978980651e-05,0.9899787310391909,0.0,0.0
495,Device,Sum,conv2d_3/kernel/Regularizer/Sum,2,11.264,5.632,11.264,5.632,7.310535978980651e-05,0.9900518363989806,0.0,0.0
496,Device,Sum,conv2d_9/kernel/Regularizer/Sum,2,11.264,5.632,11.264,5.632,7.310535978980651e-05,0.9901249417587704,0.0,0.0
497,Device,ResourceApplyGradientDescent,SGD/SGD/update_28/ResourceApplyGradientDescent,2,10.24,5.12,10.24,5.12,6.64594179907332e-05,0.9901914011767612,0.0,0.0
498,Device,Square,conv2d_10/kernel/Regularizer/Square,2,10.24,5.12,10.24,5.12,6.64594179907332e-05,0.990257860594752,0.0,0.0
499,Device,Square,conv2d_12/kernel/Regularizer/Square,2,10.24,5.12,10.24,5.12,6.64594179907332e-05,0.9903243200127427,0.0,0.0
500,Device,Square,conv2d_14/kernel/Regularizer/Square,2,10.24,5.12,10.24,5.12,6.64594179907332e-05,0.9903907794307335,0.0,0.0
501,Host,IDLE,IDLE,0,546674.498,0.0,546674.498,0.0,0.0,0.0,0.9813572557327248,0.9813572557327248
502,Host,GatherV2,GatherV2,2,9922.915,4961.4575,9922.915,4961.4575,0.0,0.0,0.017813021585779354,0.9991702773185042
503,Host,GatherV2,GatherV2_1,2,70.611,35.3055,70.611,35.3055,0.0,0.0,0.00012675663020326848,0.9992970339487074
504,Host,Dataset,Iterator::Root::ParallelMapV2,2,62.871,31.4355,62.871,31.4355,0.0,0.0,0.00011286224664017919,0.9994098961953476
505,Host,Dataset,Iterator::Root::ParallelMapV2::Zip[1]::ForeverRepeat,2,55.2,27.6,50.66,25.33,0.0,0.0,9.09417921584113e-05,0.999500837987506
506,Host,IteratorGetNext,IteratorGetNext,2,48.291,24.1455,48.291,24.1455,0.0,0.0,8.668910550970865e-05,0.9995875270930157
507,Host,Dataset,Iterator::Root,2,105.371,52.6855,42.5,21.25,0.0,0.0,7.629344979732492e-05,0.999663820542813
508,Host,FlushSummaryWriter,FlushSummaryWriter,1,39.3,39.3,39.3,39.3,0.0,0.0,7.054900181258516e-05,0.9997343695446256
509,Host,Dataset,Iterator::Root::ParallelMapV2::Zip[0]::FlatMap[1]::Concatenate[0]::TensorSlice,2,32.341,16.1705,32.341,16.1705,0.0,0.0,5.8056622585771424e-05,0.9997924261672113
510,Host,LogicalAnd,LogicalAnd,1,31.781,31.781,31.781,31.781,0.0,0.0,5.705134418844196e-05,0.9998494775113997
511,Host,WriteSummary,WriteSummary,1,22.02,22.02,22.02,22.02,0.0,0.0,3.952898269499046e-05,0.9998890064940947
512,Host,Dataset,Iterator::Root::ParallelMapV2::Zip[0]::FlatMap[1]::Concatenate,2,50.711,25.3555,18.37,9.185,0.0,0.0,3.297672171239668e-05,0.9999219832158072
513,Host,Dataset,Iterator::Root::ParallelMapV2::Zip,2,120.241,60.1205,10.36,5.18,0.0,0.0,1.859765035059497e-05,0.9999405808661578
514,Host,_Send,IteratorGetNext/_1,2,7.9,3.95,7.9,3.95,0.0,0.0,1.418160596232628e-05,0.9999547624721201
515,Host,ReadVariableOp,ReadVariableOp,1,6.02,6.02,6.02,6.02,0.0,0.0,1.080674277129167e-05,0.9999655692148914
516,Host,Dataset,Iterator::Root::ParallelMapV2::Zip[1]::ForeverRepeat::FromTensor,4,4.54,1.135,4.54,1.135,0.0,0.0,8.149935578349533e-06,0.9999737191504697
517,Host,Dataset,Iterator::Root::ParallelMapV2::Zip[0]::FlatMap,2,54.681,27.3405,3.97,1.985,0.0,0.0,7.126705781067764e-06,0.9999808458562508
518,Host,_Send,IteratorGetNext/_3,2,3.95,1.975,3.95,1.975,0.0,0.0,7.09080298116314e-06,0.9999879366592319
519,Host,Identity,Identity,2,2.8,1.4,2.8,1.4,0.0,0.0,5.026391986647288e-06,0.9999929630512185
520,Host,_Send,IteratorGetNext/_6,2,2.05,1.025,2.05,1.025,0.0,0.0,3.6800369902239077e-06,0.9999966430882088
521,Host,_HostSend,categorical_crossentropy/softmax_cross_entropy_with_logits/Shape_2/_9,2,1.87,0.935,1.87,0.935,0.0,0.0,3.356911791082297e-06,0.9999999999999999
