Rank,Host/device,Type,Operation,#Occurrences,Total time (us),Avg. time (us),Total self-time (us),Avg. self-time (us),Total self-time on Device (%),Cumulative total-self time on Device (%),Total self-time on Host (%),Cumulative total-self time on Host (%)
1,Device,IDLE,IDLE,0,53886.1,0.0,53886.1,0.0,0.6051036579742982,0.6051036579742982,0.0,0.0
2,Device,Conv2DBackpropInput,gradient_tape/model/conv2d_46/Conv2D/Conv2DBackpropInput,4,780.289,195.07225,780.289,195.07225,0.008762106149398586,0.6138657641236968,0.0,0.0
3,Device,Conv2DBackpropFilter,gradient_tape/model/conv2d_44/Conv2D/Conv2DBackpropFilter,2,564.224,282.112,564.224,282.112,0.006335845539330003,0.6202016096630267,0.0,0.0
4,Device,Conv2DBackpropFilter,gradient_tape/model/conv2d_51/Conv2D/Conv2DBackpropFilter,2,560.128,280.064,560.128,280.064,0.006289850290405647,0.6264914599534324,0.0,0.0
5,Device,Conv2DBackpropFilter,gradient_tape/model/conv2d_48/Conv2D/Conv2DBackpropFilter,2,550.914,275.457,550.914,275.457,0.006186383438943485,0.6326778433923759,0.0,0.0
6,Device,Conv2DBackpropInput,gradient_tape/model/conv2d_51/Conv2D/Conv2DBackpropInput,4,420.866,105.2165,420.866,105.2165,0.00472603428559519,0.637403877677971,0.0,0.0
7,Device,Conv2DBackpropInput,gradient_tape/model/conv2d_48/Conv2D/Conv2DBackpropInput,4,418.816,104.704,418.816,104.704,0.0047030142025153735,0.6421068918804864,0.0,0.0
8,Device,Conv2DBackpropInput,gradient_tape/model/conv2d_44/Conv2D/Conv2DBackpropInput,4,417.794,104.4485,417.794,104.4485,0.0046915378489019235,0.6467984297293884,0.0,0.0
9,Device,Conv2D,model/conv2d_51/Conv2D,4,415.746,103.9365,415.746,103.9365,0.004668540224439746,0.6514669699538281,0.0,0.0
10,Device,Conv2D,model/conv2d_44/Conv2D,4,412.673,103.16825,412.673,103.16825,0.0046340325584376596,0.6561010025122658,0.0,0.0
11,Device,Conv2D,model/conv2d_48/Conv2D,4,412.673,103.16825,412.673,103.16825,0.0046340325584376596,0.6607350350707034,0.0,0.0
12,Device,Conv2DBackpropInput,gradient_tape/model/conv2d_45/Conv2D/Conv2DBackpropInput,4,343.041,85.76025,343.041,85.76025,0.003852113326723612,0.664587148397427,0.0,0.0
13,Device,Conv2DBackpropInput,gradient_tape/model/conv2d_49/Conv2D/Conv2DBackpropInput,4,343.04,85.76,343.04,85.76,0.003852102097414793,0.6684392504948419,0.0,0.0
14,Device,Conv2DBackpropInput,gradient_tape/model/conv2d_52/Conv2D/Conv2DBackpropInput,4,342.017,85.50425,342.017,85.50425,0.0038406145144925232,0.6722798650093343,0.0,0.0
15,Device,Conv2D,model/conv2d_47/Conv2D,2,338.945,169.4725,338.945,169.4725,0.0038061180777992564,0.6760859830871336,0.0,0.0
16,Device,Conv2D,model/conv2d_50/Conv2D,2,336.896,168.448,336.896,168.448,0.0037831092240282593,0.6798690923111619,0.0,0.0
17,Device,Conv2D,model/conv2d_46/Conv2D,2,292.864,146.432,292.864,146.432,0.003288660298091435,0.6831577526092533,0.0,0.0
18,Device,Conv2DBackpropInput,gradient_tape/model/conv2d_27/Conv2D/Conv2DBackpropInput,4,238.593,59.64825,238.593,59.64825,0.002679234479152541,0.6858369870884058,0.0,0.0
19,Device,Conv2DBackpropInput,gradient_tape/model/conv2d_43/Conv2D/Conv2DBackpropInput,4,232.448,58.112,232.448,58.112,0.002610230376457188,0.6884472174648629,0.0,0.0
20,Device,Conv2DBackpropFilter,gradient_tape/model/conv2d_46/Conv2D/Conv2DBackpropFilter,2,217.088,108.544,217.088,108.544,0.0024377481929908538,0.6908849656578537,0.0,0.0
21,Device,Conv2DBackpropInput,gradient_tape/model/conv2d_35/Conv2D/Conv2DBackpropInput,4,180.225,45.05625,180.225,45.05625,0.002023802181980472,0.6929087678398342,0.0,0.0
22,Device,Conv2DBackpropInput,gradient_tape/model/conv2d_25/Conv2D/Conv2DBackpropInput,4,180.224,45.056,180.224,45.056,0.002023790952671652,0.6949325587925059,0.0,0.0
23,Device,Conv2DBackpropInput,gradient_tape/model/conv2d_29/Conv2D/Conv2DBackpropInput,4,178.177,44.54425,178.177,44.54425,0.002000804557518294,0.6969333633500242,0.0,0.0
24,Device,Conv2DBackpropInput,gradient_tape/model/conv2d_32/Conv2D/Conv2DBackpropInput,4,178.176,44.544,178.176,44.544,0.002000793328209474,0.6989341566782337,0.0,0.0
25,Device,Conv2DBackpropInput,gradient_tape/model/conv2d_41/Conv2D/Conv2DBackpropInput,4,177.152,44.288,177.152,44.288,0.0019892945159783854,0.7009234511942121,0.0,0.0
26,Device,Conv2DBackpropInput,gradient_tape/model/conv2d_38/Conv2D/Conv2DBackpropInput,4,176.129,44.03225,176.129,44.03225,0.001977806933056116,0.7029012581272682,0.0,0.0
27,Device,Conv2D,model/conv2d_41/Conv2D,4,175.104,43.776,175.104,43.776,0.001966296891516208,0.7048675550187844,0.0,0.0
28,Device,Conv2D,model/conv2d_38/Conv2D,4,174.081,43.52025,174.081,43.52025,0.001954809308593938,0.7068223643273783,0.0,0.0
29,Device,Conv2D,model/conv2d_25/Conv2D,4,173.057,43.26425,173.057,43.26425,0.001943310496362849,0.7087656748237412,0.0,0.0
30,Device,Conv2D,model/conv2d_35/Conv2D,4,172.032,43.008,172.032,43.008,0.001931800454822941,0.7106974752785642,0.0,0.0
31,Device,Conv2D,model/conv2d_29/Conv2D,4,171.008,42.752,171.008,42.752,0.001920301642591852,0.712617776921156,0.0,0.0
32,Device,Conv2D,model/conv2d_32/Conv2D,4,168.96,42.24,168.96,42.24,0.001897304018129674,0.7145150809392857,0.0,0.0
33,Device,Conv2DBackpropInput,gradient_tape/model/conv2d_47/Conv2D/Conv2DBackpropInput,2,165.89,82.945,165.89,82.945,0.001862830040054046,0.7163779109793398,0.0,0.0
34,Device,Conv2DBackpropInput,gradient_tape/model/conv2d_50/Conv2D/Conv2DBackpropInput,2,164.864,82.432,164.864,82.432,0.0018513087692053184,0.7182292197485451,0.0,0.0
35,Device,Conv2DBackpropFilter,gradient_tape/model/conv2d_14/Conv2D/Conv2DBackpropFilter,4,163.84,40.96,163.84,40.96,0.0018398099569742294,0.7200690297055193,0.0,0.0
36,Device,Conv2D,model/conv2d_27/Conv2D,2,161.792,80.896,161.792,80.896,0.0018168123325120514,0.7218858420380314,0.0,0.0
37,Device,Conv2D,model/conv2d_43/Conv2D,2,149.504,74.752,149.504,74.752,0.0016788265857389842,0.7235646686237704,0.0,0.0
38,Device,Conv2DBackpropInput,gradient_tape/model/conv2d_26/Conv2D/Conv2DBackpropInput,4,147.456,36.864,147.456,36.864,0.0016558289612768062,0.7252204975850473,0.0,0.0
39,Device,Conv2DBackpropInput,gradient_tape/model/conv2d_14/Conv2D/Conv2DBackpropInput,2,141.313,70.6565,141.313,70.6565,0.001586847317199092,0.7268073449022463,0.0,0.0
40,Device,Conv2DBackpropInput,gradient_tape/model/conv2d_36/Conv2D/Conv2DBackpropInput,4,141.312,35.328,141.312,35.328,0.0015868360878902729,0.7283941809901365,0.0,0.0
41,Device,Conv2DBackpropInput,gradient_tape/model/conv2d_42/Conv2D/Conv2DBackpropInput,4,139.266,34.8165,139.266,34.8165,0.0015638609220457336,0.7299580419121823,0.0,0.0
42,Device,Conv2DBackpropInput,gradient_tape/model/conv2d_30/Conv2D/Conv2DBackpropInput,4,139.264,34.816,139.264,34.816,0.001563838463428095,0.7315218803756104,0.0,0.0
43,Device,Conv2DBackpropInput,gradient_tape/model/conv2d_33/Conv2D/Conv2DBackpropInput,4,139.264,34.816,139.264,34.816,0.001563838463428095,0.7330857188390385,0.0,0.0
44,Device,Conv2DBackpropInput,gradient_tape/model/conv2d_39/Conv2D/Conv2DBackpropInput,4,138.24,34.56,138.24,34.56,0.001552339651197006,0.7346380584902356,0.0,0.0
45,Device,Conv2D,model/conv2d_34/Conv2D,4,137.217,34.30425,137.217,34.30425,0.0015408520682747367,0.7361789105585103,0.0,0.0
46,Device,Conv2D,model/conv2d_31/Conv2D,4,134.144,33.536,134.144,33.536,0.0015063444022726503,0.7376852549607829,0.0,0.0
47,Device,Conv2D,model/conv2d_28/Conv2D,4,133.121,33.28025,133.121,33.28025,0.0014948568193503809,0.7391801117801332,0.0,0.0
48,Device,Conv2D,model/conv2d_45/Conv2D,2,133.12,66.56,133.12,66.56,0.0014948455900415615,0.7406749573701747,0.0,0.0
49,Device,Conv2D,model/conv2d_52/Conv2D,2,133.12,66.56,133.12,66.56,0.0014948455900415615,0.7421698029602163,0.0,0.0
50,Device,Conv2D,model/conv2d_40/Conv2D,4,132.097,33.02425,132.097,33.02425,0.0014833580071192919,0.7436531609673356,0.0,0.0
51,Device,Conv2D,model/conv2d_37/Conv2D,4,132.096,33.024,132.096,33.024,0.0014833467778104725,0.7451365077451461,0.0,0.0
52,Device,Conv2D,model/conv2d_49/Conv2D,2,130.048,65.024,130.048,65.024,0.0014603491533482947,0.7465968568984943,0.0,0.0
53,Device,ResourceApplyGradientDescent,SGD/SGD/update_196/ResourceApplyGradientDescent,2,124.928,62.464,124.928,62.464,0.0014028550921928499,0.7479997119906872,0.0,0.0
54,Device,ResourceApplyGradientDescent,SGD/SGD/update_170/ResourceApplyGradientDescent,2,123.904,61.952,123.904,61.952,0.0013913562799617609,0.7493910682706489,0.0,0.0
55,Device,ResourceApplyGradientDescent,SGD/SGD/update_184/ResourceApplyGradientDescent,2,122.88,61.44,122.88,61.44,0.001379857467730672,0.7507709257383797,0.0,0.0
56,Device,Mul,gradient_tape/conv2d_51/kernel/Regularizer/Mul_1,2,121.856,60.928,121.856,60.928,0.001368358655499583,0.7521392843938792,0.0,0.0
57,Device,_Recv,IteratorGetNext/_2,2,121.825,60.9125,121.825,60.9125,0.001368010546926181,0.7535072949408054,0.0,0.0
58,Device,Mul,gradient_tape/conv2d_48/kernel/Regularizer/Mul_1,2,120.832,60.416,120.832,60.416,0.001356859843268494,0.7548641547840739,0.0,0.0
59,Device,Mul,gradient_tape/conv2d_44/kernel/Regularizer/Mul_1,2,119.808,59.904,119.808,59.904,0.0013453610310374053,0.7562095158151113,0.0,0.0
60,Device,Conv2DBackpropFilter,gradient_tape/model/conv2d_27/Conv2D/Conv2DBackpropFilter,2,117.76,58.88,117.76,58.88,0.0013223634065752275,0.7575318792216865,0.0,0.0
61,Device,AddN,SGD/gradients/AddN_67,2,111.616,55.808,111.616,55.808,0.0012533705331886937,0.7587852497548753,0.0,0.0
62,Device,ResourceApplyGradientDescent,SGD/SGD/update_174/ResourceApplyGradientDescent,2,110.594,55.297,110.594,55.297,0.0012418941795752437,0.7600271439344505,0.0,0.0
63,Device,AddN,SGD/gradients/AddN_60,2,110.592,55.296,110.592,55.296,0.0012418717209576049,0.761269015655408,0.0,0.0
64,Device,AddN,SGD/gradients/AddN_64,2,110.592,55.296,110.592,55.296,0.0012418717209576049,0.7625108873763656,0.0,0.0
65,Device,Conv2DBackpropFilter,gradient_tape/model/conv2d_52/Conv2D/Conv2DBackpropFilter,2,109.568,54.784,109.568,54.784,0.0012303729087265159,0.7637412602850921,0.0,0.0
66,Device,AddN,SGD/gradients/AddN_61,2,108.544,54.272,108.544,54.272,0.0012188740964954269,0.7649601343815876,0.0,0.0
67,Device,Conv2DBackpropFilter,gradient_tape/model/conv2d_49/Conv2D/Conv2DBackpropFilter,2,107.521,53.7605,107.521,53.7605,0.0012073865135731575,0.7661675208951607,0.0,0.0
68,Device,Mul,gradient_tape/conv2d_46/kernel/Regularizer/Mul_1,2,107.52,53.76,107.52,53.76,0.0012073752842643379,0.767374896179425,0.0,0.0
69,Device,Conv2DBackpropFilter,gradient_tape/model/conv2d/Conv2D/Conv2DBackpropFilter,2,106.496,53.248,106.496,53.248,0.001195876472033249,0.7685707726514582,0.0,0.0
70,Device,Conv2DBackpropFilter,gradient_tape/model/conv2d_13/Conv2D/Conv2DBackpropFilter,2,105.473,52.7365,105.473,52.7365,0.0011843888891109795,0.7697551615405692,0.0,0.0
71,Device,Conv2DBackpropFilter,gradient_tape/model/conv2d_17/Conv2D/Conv2DBackpropFilter,2,104.449,52.2245,104.449,52.2245,0.0011728900768798907,0.7709280516174492,0.0,0.0
72,Device,Conv2DBackpropFilter,gradient_tape/model/conv2d_20/Conv2D/Conv2DBackpropFilter,2,104.448,52.224,104.448,52.224,0.001172878847571071,0.7721009304650203,0.0,0.0
73,Device,Conv2DBackpropFilter,gradient_tape/model/conv2d_23/Conv2D/Conv2DBackpropFilter,2,104.448,52.224,104.448,52.224,0.001172878847571071,0.7732738093125914,0.0,0.0
74,Device,Conv2DBackpropFilter,gradient_tape/model/conv2d_45/Conv2D/Conv2DBackpropFilter,2,104.448,52.224,104.448,52.224,0.001172878847571071,0.7744466881601625,0.0,0.0
75,Device,Conv2DBackpropFilter,gradient_tape/model/conv2d_50/Conv2D/Conv2DBackpropFilter,2,104.448,52.224,104.448,52.224,0.001172878847571071,0.7756195670077336,0.0,0.0
76,Device,Conv2DBackpropFilter,gradient_tape/model/conv2d_8/Conv2D/Conv2DBackpropFilter,2,104.448,52.224,104.448,52.224,0.001172878847571071,0.7767924458553047,0.0,0.0
77,Device,Conv2DBackpropFilter,gradient_tape/model/conv2d_35/Conv2D/Conv2DBackpropFilter,2,103.425,51.7125,103.425,51.7125,0.0011613912646488017,0.7779538371199535,0.0,0.0
78,Device,Conv2DBackpropFilter,gradient_tape/model/conv2d_5/Conv2D/Conv2DBackpropFilter,2,103.424,51.712,103.424,51.712,0.0011613800353399823,0.7791152171552934,0.0,0.0
79,Device,Conv2DBackpropFilter,gradient_tape/model/conv2d_25/Conv2D/Conv2DBackpropFilter,2,102.4,51.2,102.4,51.2,0.0011498812231088935,0.7802650983784023,0.0,0.0
80,Device,Conv2DBackpropFilter,gradient_tape/model/conv2d_29/Conv2D/Conv2DBackpropFilter,2,102.4,51.2,102.4,51.2,0.0011498812231088935,0.7814149796015112,0.0,0.0
81,Device,Conv2DBackpropFilter,gradient_tape/model/conv2d_32/Conv2D/Conv2DBackpropFilter,2,102.4,51.2,102.4,51.2,0.0011498812231088935,0.7825648608246201,0.0,0.0
82,Device,Conv2DBackpropFilter,gradient_tape/model/conv2d_38/Conv2D/Conv2DBackpropFilter,2,102.4,51.2,102.4,51.2,0.0011498812231088935,0.783714742047729,0.0,0.0
83,Device,Conv2DBackpropFilter,gradient_tape/model/conv2d_47/Conv2D/Conv2DBackpropFilter,2,102.4,51.2,102.4,51.2,0.0011498812231088935,0.7848646232708378,0.0,0.0
84,Device,Conv2DBackpropFilter,gradient_tape/model/conv2d_9/Conv2D/Conv2DBackpropFilter,4,101.377,25.34425,101.377,25.34425,0.001138393640186624,0.7860030169110245,0.0,0.0
85,Device,Conv2DBackpropFilter,gradient_tape/model/conv2d_2/Conv2D/Conv2DBackpropFilter,4,101.376,25.344,101.376,25.344,0.0011383824108778045,0.7871413993219023,0.0,0.0
86,Device,Conv2DBackpropFilter,gradient_tape/model/conv2d_41/Conv2D/Conv2DBackpropFilter,2,101.376,50.688,101.376,50.688,0.0011383824108778045,0.7882797817327801,0.0,0.0
87,Device,Conv2DBackpropInput,gradient_tape/model/conv2d_19/Conv2D/Conv2DBackpropInput,2,100.352,50.176,100.352,50.176,0.0011268835986467155,0.7894066653314269,0.0,0.0
88,Device,Conv2DBackpropFilter,gradient_tape/model/conv2d_6/Conv2D/Conv2DBackpropFilter,4,100.352,25.088,100.352,25.088,0.0011268835986467155,0.7905335489300737,0.0,0.0
89,Device,Conv2D,model/conv2d_12/Conv2D,2,99.328,49.664,99.328,49.664,0.0011153847864156265,0.7916489337164893,0.0,0.0
90,Device,Conv2DBackpropInput,gradient_tape/model/conv2d_22/Conv2D/Conv2DBackpropInput,2,98.305,49.1525,98.305,49.1525,0.001103897203493357,0.7927528309199826,0.0,0.0
91,Device,Conv2D,model/conv2d_22/Conv2D,2,98.304,49.152,98.304,49.152,0.0011038859741845377,0.7938567168941671,0.0,0.0
92,Device,Conv2D,model/conv2d_19/Conv2D,2,97.281,48.6405,97.281,48.6405,0.001092398391262268,0.7949491152854294,0.0,0.0
93,Device,Conv2D,model/conv2d/Conv2D,2,97.28,48.64,97.28,48.64,0.0010923871619534487,0.7960415024473829,0.0,0.0
94,Device,Conv2D,model/conv2d_16/Conv2D,2,97.28,48.64,97.28,48.64,0.0010923871619534487,0.7971338896093364,0.0,0.0
95,Device,Conv2DBackpropInput,gradient_tape/model/conv2d_12/Conv2D/Conv2DBackpropInput,2,95.232,47.616,95.232,47.616,0.001069389537491271,0.7982032791468276,0.0,0.0
96,Device,Conv2DBackpropInput,gradient_tape/model/conv2d_16/Conv2D/Conv2DBackpropInput,2,95.232,47.616,95.232,47.616,0.001069389537491271,0.7992726686843189,0.0,0.0
97,Device,Conv2DBackpropInput,gradient_tape/model/conv2d_24/Conv2D/Conv2DBackpropInput,4,92.16,23.04,92.16,23.04,0.001034893100798004,0.8003075617851169,0.0,0.0
98,Device,Conv2DBackpropFilter,gradient_tape/model/conv2d_19/Conv2D/Conv2DBackpropFilter,2,89.089,44.5445,89.089,44.5445,0.0010004078934135567,0.8013079696785305,0.0,0.0
99,Device,SoftmaxCrossEntropyWithLogits,categorical_crossentropy/softmax_cross_entropy_with_logits,2,89.088,44.544,89.088,44.544,0.001000396664104737,0.8023083663426352,0.0,0.0
100,Device,Conv2DBackpropFilter,gradient_tape/model/conv2d_16/Conv2D/Conv2DBackpropFilter,2,89.088,44.544,89.088,44.544,0.001000396664104737,0.80330876300674,0.0,0.0
101,Device,Conv2DBackpropFilter,gradient_tape/model/conv2d_22/Conv2D/Conv2DBackpropFilter,2,89.088,44.544,89.088,44.544,0.001000396664104737,0.8043091596708448,0.0,0.0
102,Device,Conv2DBackpropFilter,gradient_tape/model/conv2d_12/Conv2D/Conv2DBackpropFilter,2,88.064,44.032,88.064,44.032,0.000988897851873648,0.8052980575227184,0.0,0.0
103,Device,FusedBatchNormGradV3,gradient_tape/model/batch_normalization/FusedBatchNormGradV3,2,87.041,43.5205,87.041,43.5205,0.0009774102689513787,0.8062754677916698,0.0,0.0
104,Device,Square,conv2d_44/kernel/Regularizer/Square,2,83.968,41.984,83.968,41.984,0.0009429026029492926,0.8072183703946191,0.0,0.0
105,Device,Square,conv2d_48/kernel/Regularizer/Square,2,83.968,41.984,83.968,41.984,0.0009429026029492926,0.8081612729975683,0.0,0.0
106,Device,Mul,gradient_tape/conv2d_44/kernel/Regularizer/Mul,2,83.968,41.984,83.968,41.984,0.0009429026029492926,0.8091041756005176,0.0,0.0
107,Device,Conv2D,model/conv2d_14/Conv2D,2,82.944,41.472,82.944,41.472,0.0009314037907182036,0.8100355793912358,0.0,0.0
108,Device,Conv2DBackpropInput,gradient_tape/model/conv2d_13/Conv2D/Conv2DBackpropInput,4,81.92,20.48,81.92,20.48,0.0009199049784871147,0.810955484369723,0.0,0.0
109,Device,Conv2DBackpropInput,gradient_tape/model/conv2d_34/Conv2D/Conv2DBackpropInput,2,80.897,40.4485,80.897,40.4485,0.0009084173955648452,0.8118639017652878,0.0,0.0
110,Device,Square,conv2d_51/kernel/Regularizer/Square,2,80.896,40.448,80.896,40.448,0.0009084061662560257,0.8127723079315438,0.0,0.0
111,Device,Conv2DBackpropFilter,gradient_tape/model/conv2d_11/Conv2D/Conv2DBackpropFilter,2,80.896,40.448,80.896,40.448,0.0009084061662560257,0.8136807140977997,0.0,0.0
112,Device,Conv2DBackpropInput,gradient_tape/model/conv2d_20/Conv2D/Conv2DBackpropInput,4,80.896,20.224,80.896,20.224,0.0009084061662560257,0.8145891202640557,0.0,0.0
113,Device,Conv2DBackpropInput,gradient_tape/model/conv2d_28/Conv2D/Conv2DBackpropInput,2,80.896,40.448,80.896,40.448,0.0009084061662560257,0.8154975264303117,0.0,0.0
114,Device,Conv2DBackpropInput,gradient_tape/model/conv2d_31/Conv2D/Conv2DBackpropInput,2,80.896,40.448,80.896,40.448,0.0009084061662560257,0.8164059325965677,0.0,0.0
115,Device,Conv2DBackpropInput,gradient_tape/model/conv2d_40/Conv2D/Conv2DBackpropInput,2,80.896,40.448,80.896,40.448,0.0009084061662560257,0.8173143387628237,0.0,0.0
116,Device,Conv2DBackpropInput,gradient_tape/model/conv2d_17/Conv2D/Conv2DBackpropInput,4,79.872,19.968,79.872,19.968,0.0008969073540249368,0.8182112461168486,0.0,0.0
117,Device,Conv2DBackpropInput,gradient_tape/model/conv2d_37/Conv2D/Conv2DBackpropInput,2,79.872,39.936,79.872,39.936,0.0008969073540249368,0.8191081534708735,0.0,0.0
118,Device,Conv2DBackpropInput,gradient_tape/model/conv2d_10/Conv2D/Conv2DBackpropInput,2,77.824,38.912,77.824,38.912,0.0008739097295627589,0.8199820632004363,0.0,0.0
119,Device,Conv2DBackpropInput,gradient_tape/model/conv2d_4/Conv2D/Conv2DBackpropInput,2,77.824,38.912,77.824,38.912,0.0008739097295627589,0.8208559729299991,0.0,0.0
120,Device,Conv2DBackpropInput,gradient_tape/model/conv2d_23/Conv2D/Conv2DBackpropInput,4,76.801,19.20025,76.801,19.20025,0.0008624221466404894,0.8217183950766396,0.0,0.0
121,Device,Conv2DBackpropInput,gradient_tape/model/conv2d_3/Conv2D/Conv2DBackpropInput,2,76.8,38.4,76.8,38.4,0.00086241091733167,0.8225808059939712,0.0,0.0
122,Device,Conv2DBackpropInput,gradient_tape/model/conv2d_7/Conv2D/Conv2DBackpropInput,2,76.8,38.4,76.8,38.4,0.00086241091733167,0.8234432169113028,0.0,0.0
123,Device,Conv2DBackpropInput,gradient_tape/model/conv2d_9/Conv2D/Conv2DBackpropInput,2,76.8,38.4,76.8,38.4,0.00086241091733167,0.8243056278286345,0.0,0.0
124,Device,Conv2DBackpropFilter,gradient_tape/model/conv2d_24/Conv2D/Conv2DBackpropFilter,4,75.777,18.94425,75.777,18.94425,0.0008509233344094005,0.8251565511630439,0.0,0.0
125,Device,Conv2DBackpropFilter,gradient_tape/model/conv2d_18/Conv2D/Conv2DBackpropFilter,4,74.752,18.688,74.752,18.688,0.0008394132928694921,0.8259959644559134,0.0,0.0
126,Device,Conv2DBackpropInput,gradient_tape/model/conv2d_2/Conv2D/Conv2DBackpropInput,2,74.752,37.376,74.752,37.376,0.0008394132928694921,0.8268353777487829,0.0,0.0
127,Device,Conv2DBackpropInput,gradient_tape/model/conv2d_6/Conv2D/Conv2DBackpropInput,2,74.752,37.376,74.752,37.376,0.0008394132928694921,0.8276747910416524,0.0,0.0
128,Device,Tile,gradient_tape/conv2d_44/kernel/Regularizer/Tile,2,73.728,36.864,73.728,36.864,0.0008279144806384031,0.8285027055222909,0.0,0.0
129,Device,Conv2DBackpropFilter,gradient_tape/model/conv2d_15/Conv2D/Conv2DBackpropFilter,4,73.728,18.432,73.728,18.432,0.0008279144806384031,0.8293306200029293,0.0,0.0
130,Device,Conv2DBackpropFilter,gradient_tape/model/conv2d_21/Conv2D/Conv2DBackpropFilter,4,73.728,18.432,73.728,18.432,0.0008279144806384031,0.8301585344835678,0.0,0.0
131,Device,Conv2DBackpropFilter,gradient_tape/model/conv2d_4/Conv2D/Conv2DBackpropFilter,2,73.728,36.864,73.728,36.864,0.0008279144806384031,0.8309864489642063,0.0,0.0
132,Device,Conv2DBackpropFilter,gradient_tape/model/conv2d_7/Conv2D/Conv2DBackpropFilter,2,72.704,36.352,72.704,36.352,0.0008164156684073142,0.8318028646326135,0.0,0.0
133,Device,Square,conv2d_46/kernel/Regularizer/Square,2,71.68,35.84,71.68,35.84,0.0008049168561762254,0.8326077814887898,0.0,0.0
134,Device,Conv2DBackpropFilter,gradient_tape/model/conv2d_3/Conv2D/Conv2DBackpropFilter,2,71.68,35.84,71.68,35.84,0.0008049168561762254,0.833412698344966,0.0,0.0
135,Device,Conv2D,model/conv2d_2/Conv2D,4,71.68,17.92,71.68,17.92,0.0008049168561762254,0.8342176152011422,0.0,0.0
136,Device,Conv2D,model/conv2d_30/Conv2D,2,71.68,35.84,71.68,35.84,0.0008049168561762254,0.8350225320573185,0.0,0.0
137,Device,Conv2D,model/conv2d_36/Conv2D,2,71.68,35.84,71.68,35.84,0.0008049168561762254,0.8358274489134947,0.0,0.0
138,Device,Conv2D,model/conv2d_42/Conv2D,2,70.658,35.329,70.658,35.329,0.0007934405025627753,0.8366208894160575,0.0,0.0
139,Device,Conv2D,model/conv2d_24/Conv2D,2,70.656,35.328,70.656,35.328,0.0007934180439451364,0.8374143074600027,0.0,0.0
140,Device,Conv2DBackpropFilter,gradient_tape/model/conv2d_10/Conv2D/Conv2DBackpropFilter,2,69.632,34.816,69.632,34.816,0.0007819192317140475,0.8381962266917167,0.0,0.0
141,Device,Conv2D,model/conv2d_26/Conv2D,2,69.632,34.816,69.632,34.816,0.0007819192317140475,0.8389781459234307,0.0,0.0
142,Device,Conv2D,model/conv2d_33/Conv2D,2,69.632,34.816,69.632,34.816,0.0007819192317140475,0.8397600651551447,0.0,0.0
143,Device,Conv2D,model/conv2d_39/Conv2D,2,68.608,34.304,68.608,34.304,0.0007704204194829586,0.8405304855746276,0.0,0.0
144,Device,Conv2D,model/conv2d_9/Conv2D,4,68.608,17.152,68.608,17.152,0.0007704204194829586,0.8413009059941106,0.0,0.0
145,Device,Conv2D,model/conv2d_6/Conv2D,4,67.584,16.896,67.584,16.896,0.0007589216072518696,0.8420598276013624,0.0,0.0
146,Device,Conv2D,model/conv2d_15/Conv2D,2,65.537,32.7685,65.537,32.7685,0.0007359352120985112,0.8427957628134609,0.0,0.0
147,Device,Conv2DBackpropFilter,gradient_tape/model/conv2d_33/Conv2D/Conv2DBackpropFilter,2,65.536,32.768,65.536,32.768,0.0007359239827896917,0.8435316867962506,0.0,0.0
148,Device,Mul,gradient_tape/conv2d_46/kernel/Regularizer/Mul,2,64.512,32.256,64.512,32.256,0.0007244251705586028,0.8442561119668092,0.0,0.0
149,Device,Conv2DBackpropFilter,gradient_tape/model/conv2d_26/Conv2D/Conv2DBackpropFilter,2,64.512,32.256,64.512,32.256,0.0007244251705586028,0.8449805371373678,0.0,0.0
150,Device,Conv2DBackpropFilter,gradient_tape/model/conv2d_42/Conv2D/Conv2DBackpropFilter,2,64.512,32.256,64.512,32.256,0.0007244251705586028,0.8457049623079264,0.0,0.0
151,Device,Conv2DBackpropFilter,gradient_tape/model/conv2d_30/Conv2D/Conv2DBackpropFilter,2,63.489,31.7445,63.489,31.7445,0.0007129375876363332,0.8464178998955627,0.0,0.0
152,Device,Conv2DBackpropFilter,gradient_tape/model/conv2d_39/Conv2D/Conv2DBackpropFilter,2,63.488,31.744,63.488,31.744,0.0007129263583275138,0.8471308262538902,0.0,0.0
153,Device,Conv2DBackpropFilter,gradient_tape/model/conv2d_36/Conv2D/Conv2DBackpropFilter,2,62.464,31.232,62.464,31.232,0.0007014275460964249,0.8478322537999867,0.0,0.0
154,Device,Conv2D,model/conv2d_18/Conv2D,2,62.464,31.232,62.464,31.232,0.0007014275460964249,0.8485336813460832,0.0,0.0
155,Device,Conv2D,model/conv2d_21/Conv2D,2,62.464,31.232,62.464,31.232,0.0007014275460964249,0.8492351088921797,0.0,0.0
156,Device,Conv2DBackpropFilter,gradient_tape/model/conv2d_31/Conv2D/Conv2DBackpropFilter,2,61.441,30.7205,61.441,30.7205,0.0006899399631741554,0.8499250488553538,0.0,0.0
157,Device,Tile,gradient_tape/conv2d_46/kernel/Regularizer/Tile,2,61.44,30.72,61.44,30.72,0.000689928733865336,0.8506149775892191,0.0,0.0
158,Device,Conv2DBackpropFilter,gradient_tape/model/conv2d_37/Conv2D/Conv2DBackpropFilter,2,61.44,30.72,61.44,30.72,0.000689928733865336,0.8513049063230844,0.0,0.0
159,Device,Conv2DBackpropInput,gradient_tape/model/conv2d_11/Conv2D/Conv2DBackpropInput,2,60.416,30.208,60.416,30.208,0.000678429921634247,0.8519833362447187,0.0,0.0
160,Device,Conv2DBackpropFilter,gradient_tape/model/conv2d_40/Conv2D/Conv2DBackpropFilter,2,60.416,30.208,60.416,30.208,0.000678429921634247,0.8526617661663529,0.0,0.0
161,Device,Conv2DBackpropFilter,gradient_tape/model/conv2d_43/Conv2D/Conv2DBackpropFilter,2,60.416,30.208,60.416,30.208,0.000678429921634247,0.8533401960879872,0.0,0.0
162,Device,Sum,conv2d_51/kernel/Regularizer/Sum,2,59.393,29.6965,59.393,29.6965,0.0006669423387119775,0.8540071384266992,0.0,0.0
163,Device,ResourceApplyGradientDescent,SGD/SGD/update_176/ResourceApplyGradientDescent,2,59.392,29.696,59.392,29.696,0.0006669311094031581,0.8546740695361024,0.0,0.0
164,Device,Conv2DBackpropFilter,gradient_tape/model/conv2d_28/Conv2D/Conv2DBackpropFilter,2,59.392,29.696,59.392,29.696,0.0006669311094031581,0.8553410006455056,0.0,0.0
165,Device,Conv2DBackpropFilter,gradient_tape/model/conv2d_34/Conv2D/Conv2DBackpropFilter,2,59.392,29.696,59.392,29.696,0.0006669311094031581,0.8560079317549087,0.0,0.0
166,Device,BiasAddGrad,gradient_tape/model/conv2d_46/BiasAdd/BiasAddGrad,2,59.392,29.696,59.392,29.696,0.0006669311094031581,0.8566748628643119,0.0,0.0
167,Device,Sum,conv2d_44/kernel/Regularizer/Sum,2,58.369,29.1845,58.369,29.1845,0.0006554435264808886,0.8573303063907928,0.0,0.0
168,Device,BiasAddGrad,gradient_tape/model/conv2d_49/BiasAdd/BiasAddGrad,2,58.368,29.184,58.368,29.184,0.0006554322971720692,0.8579857386879648,0.0,0.0
169,Device,BiasAddGrad,gradient_tape/model/conv2d_52/BiasAdd/BiasAddGrad,2,58.368,29.184,58.368,29.184,0.0006554322971720692,0.8586411709851368,0.0,0.0
170,Device,Conv2DBackpropInput,gradient_tape/model/conv2d_15/Conv2D/Conv2DBackpropInput,2,57.345,28.6725,57.345,28.6725,0.0006439447142497997,0.8592851156993866,0.0,0.0
171,Device,Conv2DBackpropInput,gradient_tape/model/conv2d_18/Conv2D/Conv2DBackpropInput,2,57.344,28.672,57.344,28.672,0.0006439334849409802,0.8599290491843276,0.0,0.0
172,Device,Mul,gradient_tape/conv2d_50/kernel/Regularizer/Mul_1,2,56.321,28.1605,56.321,28.1605,0.0006324459020187107,0.8605614950863463,0.0,0.0
173,Device,AddN,SGD/gradients/AddN_62,2,56.32,28.16,56.32,28.16,0.0006324346727098913,0.8611939297590562,0.0,0.0
174,Device,Mul,gradient_tape/conv2d_45/kernel/Regularizer/Mul_1,2,56.32,28.16,56.32,28.16,0.0006324346727098913,0.8618263644317661,0.0,0.0
175,Device,Mul,gradient_tape/conv2d_52/kernel/Regularizer/Mul_1,2,56.32,28.16,56.32,28.16,0.0006324346727098913,0.862458799104476,0.0,0.0
176,Device,Mul,gradient_tape/conv2d_49/kernel/Regularizer/Mul_1,2,55.296,27.648,55.296,27.648,0.0006209358604788024,0.8630797349649548,0.0,0.0
177,Device,FusedBatchNormGradV3,gradient_tape/model/batch_normalization_3/FusedBatchNormGradV3,2,55.296,27.648,55.296,27.648,0.0006209358604788024,0.8637006708254337,0.0,0.0
178,Device,FusedBatchNormGradV3,gradient_tape/model/batch_normalization_6/FusedBatchNormGradV3,2,55.296,27.648,55.296,27.648,0.0006209358604788024,0.8643216066859125,0.0,0.0
179,Device,FusedBatchNormGradV3,gradient_tape/model/batch_normalization_9/FusedBatchNormGradV3,2,55.296,27.648,55.296,27.648,0.0006209358604788024,0.8649425425463914,0.0,0.0
180,Device,Conv2DBackpropInput,gradient_tape/model/conv2d_21/Conv2D/Conv2DBackpropInput,2,55.296,27.648,55.296,27.648,0.0006209358604788024,0.8655634784068702,0.0,0.0
181,Device,FusedBatchNormGradV3,gradient_tape/model/batch_normalization_45/FusedBatchNormGradV3,2,54.272,27.136,54.272,27.136,0.0006094370482477134,0.8661729154551179,0.0,0.0
182,Device,Conv2DBackpropInput,gradient_tape/model/conv2d_5/Conv2D/Conv2DBackpropInput,2,54.272,27.136,54.272,27.136,0.0006094370482477134,0.8667823525033655,0.0,0.0
183,Device,Conv2DBackpropInput,gradient_tape/model/conv2d_8/Conv2D/Conv2DBackpropInput,2,54.272,27.136,54.272,27.136,0.0006094370482477134,0.8673917895516132,0.0,0.0
184,Device,FusedBatchNormV3,model/batch_normalization_45/FusedBatchNormV3,4,54.272,13.568,54.272,13.568,0.0006094370482477134,0.8680012265998609,0.0,0.0
185,Device,FusedBatchNormV3,model/batch_normalization_48/FusedBatchNormV3,4,54.272,13.568,54.272,13.568,0.0006094370482477134,0.8686106636481086,0.0,0.0
186,Device,Conv2D,model/conv2d_20/Conv2D,2,54.272,27.136,54.272,27.136,0.0006094370482477134,0.8692201006963562,0.0,0.0
187,Device,Conv2D,model/conv2d_8/Conv2D,2,54.272,27.136,54.272,27.136,0.0006094370482477134,0.8698295377446039,0.0,0.0
188,Device,ResourceApplyGradientDescent,SGD/SGD/update_192/ResourceApplyGradientDescent,2,53.248,26.624,53.248,26.624,0.0005979382360166245,0.8704274759806205,0.0,0.0
189,Device,Mul,gradient_tape/conv2d_47/kernel/Regularizer/Mul_1,2,53.248,26.624,53.248,26.624,0.0005979382360166245,0.8710254142166372,0.0,0.0
190,Device,FusedBatchNormGradV3,gradient_tape/model/batch_normalization_42/FusedBatchNormGradV3,2,53.248,26.624,53.248,26.624,0.0005979382360166245,0.8716233524526538,0.0,0.0
191,Device,FusedBatchNormV3,model/batch_normalization_42/FusedBatchNormV3,4,53.248,13.312,53.248,13.312,0.0005979382360166245,0.8722212906886704,0.0,0.0
192,Device,Conv2D,model/conv2d_13/Conv2D,2,53.248,26.624,53.248,26.624,0.0005979382360166245,0.872819228924687,0.0,0.0
193,Device,Conv2D,model/conv2d_23/Conv2D,2,53.248,26.624,53.248,26.624,0.0005979382360166245,0.8734171671607036,0.0,0.0
194,Device,Conv2D,model/conv2d_4/Conv2D,2,53.248,26.624,53.248,26.624,0.0005979382360166245,0.8740151053967202,0.0,0.0
195,Device,Conv2D,model/conv2d_5/Conv2D,2,53.248,26.624,53.248,26.624,0.0005979382360166245,0.8746130436327368,0.0,0.0
196,Device,AddN,SGD/gradients/AddN_63,2,52.224,26.112,52.224,26.112,0.0005864394237855355,0.8751994830565224,0.0,0.0
197,Device,AddN,SGD/gradients/AddN_66,2,52.224,26.112,52.224,26.112,0.0005864394237855355,0.875785922480308,0.0,0.0
198,Device,Sum,conv2d_46/kernel/Regularizer/Sum,2,52.224,26.112,52.224,26.112,0.0005864394237855355,0.8763723619040935,0.0,0.0
199,Device,Conv2D,model/conv2d_10/Conv2D,2,52.224,26.112,52.224,26.112,0.0005864394237855355,0.8769588013278791,0.0,0.0
200,Device,Conv2D,model/conv2d_17/Conv2D,2,52.224,26.112,52.224,26.112,0.0005864394237855355,0.8775452407516646,0.0,0.0
201,Device,Conv2D,model/conv2d_3/Conv2D,2,52.224,26.112,52.224,26.112,0.0005864394237855355,0.8781316801754502,0.0,0.0
202,Device,ResourceApplyGradientDescent,SGD/SGD/update_180/ResourceApplyGradientDescent,2,51.2,25.6,51.2,25.6,0.0005749406115544468,0.8787066207870047,0.0,0.0
203,Device,AddN,SGD/gradients/AddN_65,2,51.2,25.6,51.2,25.6,0.0005749406115544468,0.8792815613985592,0.0,0.0
204,Device,AddN,SGD/gradients/AddN_68,2,50.177,25.0885,50.177,25.0885,0.0005634530286321771,0.8798450144271913,0.0,0.0
205,Device,ResourceApplyGradientDescent,SGD/SGD/update_188/ResourceApplyGradientDescent,2,50.176,25.088,50.176,25.088,0.0005634417993233577,0.8804084562265146,0.0,0.0
206,Device,AddN,SGD/gradients/AddN_14,2,50.176,25.088,50.176,25.088,0.0005634417993233577,0.880971898025838,0.0,0.0
207,Device,FusedBatchNormV3,model/batch_normalization/FusedBatchNormV3,4,50.176,12.544,50.176,12.544,0.0005634417993233577,0.8815353398251613,0.0,0.0
208,Device,FusedBatchNormGradV3,gradient_tape/model/batch_normalization_48/FusedBatchNormGradV3,2,49.154,24.577,49.154,24.577,0.0005519654457099076,0.8820873052708712,0.0,0.0
209,Device,AddN,SGD/gradients/AddN_13,2,49.152,24.576,49.152,24.576,0.0005519429870922689,0.8826392482579635,0.0,0.0
210,Device,Sum,conv2d_48/kernel/Regularizer/Sum,2,49.152,24.576,49.152,24.576,0.0005519429870922689,0.8831911912450557,0.0,0.0
211,Device,Conv2D,model/conv2d_7/Conv2D,2,49.152,24.576,49.152,24.576,0.0005519429870922689,0.883743134232148,0.0,0.0
212,Device,ResourceApplyGradientDescent,SGD/SGD/update_200/ResourceApplyGradientDescent,2,48.128,24.064,48.128,24.064,0.0005404441748611798,0.8842835784070092,0.0,0.0
213,Device,MaxPoolGrad,gradient_tape/model/max_pooling2d/MaxPool/MaxPoolGrad,2,46.08,23.04,46.08,23.04,0.000517446550399002,0.8848010249574082,0.0,0.0
214,Device,Conv2D,model/conv2d_11/Conv2D,2,46.08,23.04,46.08,23.04,0.000517446550399002,0.8853184715078072,0.0,0.0
215,Device,AddN,ArithmeticOptimizer/AddOpsRewrite_AddN_1,12,44.032,3.669333333333333,44.032,3.669333333333333,0.000494448925936824,0.885812920433744,0.0,0.0
216,Device,Conv2DBackpropInput,gradient_tape/model/conv2d_1/Conv2D/Conv2DBackpropInput,4,44.032,11.008,44.032,11.008,0.000494448925936824,0.8863073693596809,0.0,0.0
217,Device,AddN,SGD/gradients/AddN_12,2,43.008,21.504,43.008,21.504,0.00048295011370573526,0.8867903194733866,0.0,0.0
218,Device,Conv2DBackpropFilter,gradient_tape/model/conv2d_1/Conv2D/Conv2DBackpropFilter,2,41.985,20.9925,41.985,20.9925,0.0004714625307834657,0.88726178200417,0.0,0.0
219,Device,BiasAddGrad,gradient_tape/model/conv2d_27/BiasAdd/BiasAddGrad,2,41.984,20.992,41.984,20.992,0.0004714513014746463,0.8877332333056447,0.0,0.0
220,Device,Square,conv2d_47/kernel/Regularizer/Square,2,39.936,19.968,39.936,19.968,0.0004484536770124684,0.8881816869826572,0.0,0.0
221,Device,ReluGrad,gradient_tape/model/activation_3/ReluGrad,2,39.936,19.968,39.936,19.968,0.0004484536770124684,0.8886301406596697,0.0,0.0
222,Device,ReluGrad,gradient_tape/model/activation_6/ReluGrad,2,39.936,19.968,39.936,19.968,0.0004484536770124684,0.8890785943366822,0.0,0.0
223,Device,FusedBatchNormV3,model/batch_normalization_9/FusedBatchNormV3,4,39.936,9.984,39.936,9.984,0.0004484536770124684,0.8895270480136948,0.0,0.0
224,Device,FusedBatchNormV3,model/batch_normalization_3/FusedBatchNormV3,4,38.913,9.72825,38.913,9.72825,0.00043696609409019885,0.8899640141077849,0.0,0.0
225,Device,Square,conv2d_49/kernel/Regularizer/Square,2,38.912,19.456,38.912,19.456,0.00043695486478137946,0.8904009689725663,0.0,0.0
226,Device,ReluGrad,gradient_tape/model/activation/ReluGrad,2,38.912,19.456,38.912,19.456,0.00043695486478137946,0.8908379238373476,0.0,0.0
227,Device,ReluGrad,gradient_tape/model/activation_9/ReluGrad,2,38.912,19.456,38.912,19.456,0.00043695486478137946,0.891274878702129,0.0,0.0
228,Device,Square,conv2d_45/kernel/Regularizer/Square,2,37.888,18.944,37.888,18.944,0.0004254560525502905,0.8917003347546792,0.0,0.0
229,Device,Square,conv2d_52/kernel/Regularizer/Square,2,37.888,18.944,37.888,18.944,0.0004254560525502905,0.8921257908072295,0.0,0.0
230,Device,Mul,gradient_tape/conv2d_45/kernel/Regularizer/Mul,2,37.888,18.944,37.888,18.944,0.0004254560525502905,0.8925512468597798,0.0,0.0
231,Device,Mul,gradient_tape/conv2d_47/kernel/Regularizer/Mul,2,37.888,18.944,37.888,18.944,0.0004254560525502905,0.8929767029123301,0.0,0.0
232,Device,Square,conv2d_50/kernel/Regularizer/Square,2,36.864,18.432,36.864,18.432,0.00041395724031920156,0.8933906601526493,0.0,0.0
233,Device,BiasAddGrad,gradient_tape/model/conv2d_30/BiasAdd/BiasAddGrad,2,36.864,18.432,36.864,18.432,0.00041395724031920156,0.8938046173929686,0.0,0.0
234,Device,BiasAddGrad,gradient_tape/model/conv2d_36/BiasAdd/BiasAddGrad,2,36.864,18.432,36.864,18.432,0.00041395724031920156,0.8942185746332878,0.0,0.0
235,Device,BiasAddGrad,gradient_tape/model/conv2d_39/BiasAdd/BiasAddGrad,2,36.864,18.432,36.864,18.432,0.00041395724031920156,0.894632531873607,0.0,0.0
236,Device,BiasAddGrad,gradient_tape/model/conv2d_42/BiasAdd/BiasAddGrad,2,36.864,18.432,36.864,18.432,0.00041395724031920156,0.8950464891139263,0.0,0.0
237,Device,Relu,model/activation/Relu,2,35.841,17.9205,35.841,17.9205,0.0004024696573969321,0.8954489587713232,0.0,0.0
238,Device,BiasAddGrad,gradient_tape/model/conv2d_33/BiasAdd/BiasAddGrad,2,35.84,17.92,35.84,17.92,0.0004024584280881127,0.8958514171994113,0.0,0.0
239,Device,AddV2,model/add_1/add,2,35.84,17.92,35.84,17.92,0.0004024584280881127,0.8962538756274994,0.0,0.0
240,Device,AddV2,model/add_2/add,2,35.84,17.92,35.84,17.92,0.0004024584280881127,0.8966563340555874,0.0,0.0
241,Device,FusedBatchNormV3,model/batch_normalization_6/FusedBatchNormV3,4,35.84,8.96,35.84,8.96,0.0004024584280881127,0.8970587924836755,0.0,0.0
242,Device,AddN,SGD/gradients/AddN_54,2,34.816,17.408,34.816,17.408,0.00039095961585702377,0.8974497520995325,0.0,0.0
243,Device,Sum,conv2d_52/kernel/Regularizer/Sum,2,34.816,17.408,34.816,17.408,0.00039095961585702377,0.8978407117153895,0.0,0.0
244,Device,FusedBatchNormGradV3,gradient_tape/model/batch_normalization_36/FusedBatchNormGradV3,2,34.816,17.408,34.816,17.408,0.00039095961585702377,0.8982316713312465,0.0,0.0
245,Device,FusedBatchNormGradV3,gradient_tape/model/batch_normalization_39/FusedBatchNormGradV3,2,34.816,17.408,34.816,17.408,0.00039095961585702377,0.8986226309471035,0.0,0.0
246,Device,AddV2,model/add/add,2,34.816,17.408,34.816,17.408,0.00039095961585702377,0.8990135905629605,0.0,0.0
247,Device,FusedBatchNormV3,model/batch_normalization_24/FusedBatchNormV3,4,34.816,8.704,34.816,8.704,0.00039095961585702377,0.8994045501788175,0.0,0.0
248,Device,FusedBatchNormV3,model/batch_normalization_27/FusedBatchNormV3,4,34.816,8.704,34.816,8.704,0.00039095961585702377,0.8997955097946745,0.0,0.0
249,Device,FusedBatchNormV3,model/batch_normalization_30/FusedBatchNormV3,4,34.816,8.704,34.816,8.704,0.00039095961585702377,0.9001864694105315,0.0,0.0
250,Device,FusedBatchNormV3,model/batch_normalization_36/FusedBatchNormV3,4,34.816,8.704,34.816,8.704,0.00039095961585702377,0.9005774290263885,0.0,0.0
251,Device,FusedBatchNormV3,model/batch_normalization_33/FusedBatchNormV3,4,33.793,8.44825,33.793,8.44825,0.0003794720329347542,0.9009569010593232,0.0,0.0
252,Device,AddN,SGD/gradients/AddN_45,2,33.792,16.896,33.792,16.896,0.0003794608036259348,0.9013363618629492,0.0,0.0
253,Device,AddN,SGD/gradients/AddN_51,2,33.792,16.896,33.792,16.896,0.0003794608036259348,0.9017158226665751,0.0,0.0
254,Device,Mul,gradient_tape/conv2d_25/kernel/Regularizer/Mul_1,2,33.792,16.896,33.792,16.896,0.0003794608036259348,0.9020952834702011,0.0,0.0
255,Device,Tile,gradient_tape/conv2d_45/kernel/Regularizer/Tile,2,33.792,16.896,33.792,16.896,0.0003794608036259348,0.902474744273827,0.0,0.0
256,Device,FusedBatchNormGradV3,gradient_tape/model/batch_normalization_21/FusedBatchNormGradV3,2,33.792,16.896,33.792,16.896,0.0003794608036259348,0.902854205077453,0.0,0.0
257,Device,FusedBatchNormGradV3,gradient_tape/model/batch_normalization_24/FusedBatchNormGradV3,2,33.792,16.896,33.792,16.896,0.0003794608036259348,0.9032336658810789,0.0,0.0
258,Device,FusedBatchNormGradV3,gradient_tape/model/batch_normalization_33/FusedBatchNormGradV3,2,33.792,16.896,33.792,16.896,0.0003794608036259348,0.9036131266847048,0.0,0.0
259,Device,FusedBatchNormV3,model/batch_normalization_39/FusedBatchNormV3,4,33.792,8.448,33.792,8.448,0.0003794608036259348,0.9039925874883308,0.0,0.0
260,Device,AddN,SGD/gradients/AddN_48,2,32.768,16.384,32.768,16.384,0.00036796199139484587,0.9043605494797257,0.0,0.0
261,Device,AddN,SGD/gradients/AddN_57,2,32.768,16.384,32.768,16.384,0.00036796199139484587,0.9047285114711205,0.0,0.0
262,Device,Tile,gradient_tape/conv2d_47/kernel/Regularizer/Tile,2,32.768,16.384,32.768,16.384,0.00036796199139484587,0.9050964734625154,0.0,0.0
263,Device,FusedBatchNormGradV3,gradient_tape/model/batch_normalization_27/FusedBatchNormGradV3,2,32.768,16.384,32.768,16.384,0.00036796199139484587,0.9054644354539103,0.0,0.0
264,Device,FusedBatchNormGradV3,gradient_tape/model/batch_normalization_30/FusedBatchNormGradV3,2,32.768,16.384,32.768,16.384,0.00036796199139484587,0.9058323974453052,0.0,0.0
265,Device,Sum,conv2d_47/kernel/Regularizer/Sum,2,31.744,15.872,31.744,15.872,0.0003564631791637569,0.9061888606244689,0.0,0.0
266,Device,Mul,gradient_tape/conv2d_27/kernel/Regularizer/Mul_1,2,31.744,15.872,31.744,15.872,0.0003564631791637569,0.9065453238036326,0.0,0.0
267,Device,Mul,gradient_tape/conv2d_29/kernel/Regularizer/Mul_1,2,31.744,15.872,31.744,15.872,0.0003564631791637569,0.9069017869827963,0.0,0.0
268,Device,Mul,gradient_tape/conv2d_35/kernel/Regularizer/Mul_1,2,31.744,15.872,31.744,15.872,0.0003564631791637569,0.90725825016196,0.0,0.0
269,Device,Mul,gradient_tape/conv2d_43/kernel/Regularizer/Mul_1,2,31.744,15.872,31.744,15.872,0.0003564631791637569,0.9076147133411238,0.0,0.0
270,Device,FusedBatchNormGradV3,gradient_tape/model/batch_normalization_12/FusedBatchNormGradV3,2,31.744,15.872,31.744,15.872,0.0003564631791637569,0.9079711765202875,0.0,0.0
271,Device,FusedBatchNormGradV3,gradient_tape/model/batch_normalization_15/FusedBatchNormGradV3,2,31.744,15.872,31.744,15.872,0.0003564631791637569,0.9083276396994512,0.0,0.0
272,Device,FusedBatchNormGradV3,gradient_tape/model/batch_normalization_18/FusedBatchNormGradV3,2,31.744,15.872,31.744,15.872,0.0003564631791637569,0.9086841028786149,0.0,0.0
273,Device,AddN,SGD/gradients/AddN_42,2,30.72,15.36,30.72,15.36,0.000344964366932668,0.9090290672455476,0.0,0.0
274,Device,Mul,gradient_tape/conv2d_32/kernel/Regularizer/Mul_1,2,30.72,15.36,30.72,15.36,0.000344964366932668,0.9093740316124802,0.0,0.0
275,Device,Mul,gradient_tape/conv2d_38/kernel/Regularizer/Mul_1,2,30.72,15.36,30.72,15.36,0.000344964366932668,0.9097189959794129,0.0,0.0
276,Device,Mul,gradient_tape/conv2d_41/kernel/Regularizer/Mul_1,2,30.72,15.36,30.72,15.36,0.000344964366932668,0.9100639603463455,0.0,0.0
277,Device,ReluGrad,gradient_tape/model/activation_21/ReluGrad,2,30.72,15.36,30.72,15.36,0.000344964366932668,0.9104089247132782,0.0,0.0
278,Device,AddN,SGD/gradients/AddN_59,2,29.696,14.848,29.696,14.848,0.00033346555470157907,0.9107423902679798,0.0,0.0
279,Device,Sum,conv2d_49/kernel/Regularizer/Sum,2,28.673,14.3365,28.673,14.3365,0.00032197797177930957,0.9110643682397591,0.0,0.0
280,Device,AddN,SGD/gradients/AddN_41,2,28.672,14.336,28.672,14.336,0.0003219667424704901,0.9113863349822297,0.0,0.0
281,Device,Sum,conv2d_50/kernel/Regularizer/Sum,2,28.672,14.336,28.672,14.336,0.0003219667424704901,0.9117083017247002,0.0,0.0
282,Device,Conv2D,model/conv2d_1/Conv2D,2,28.672,14.336,28.672,14.336,0.0003219667424704901,0.9120302684671707,0.0,0.0
283,Device,Sum,conv2d_45/kernel/Regularizer/Sum,2,27.648,13.824,27.648,13.824,0.0003104679302394012,0.9123407363974101,0.0,0.0
284,Device,FusedBatchNormV3,model/batch_normalization_15/FusedBatchNormV3,4,26.625,6.65625,26.625,6.65625,0.0002989803473171317,0.9126397167447272,0.0,0.0
285,Device,FusedBatchNormV3,model/batch_normalization_12/FusedBatchNormV3,4,26.624,6.656,26.624,6.656,0.00029896911800831227,0.9129386858627355,0.0,0.0
286,Device,FusedBatchNormV3,model/batch_normalization_18/FusedBatchNormV3,4,26.624,6.656,26.624,6.656,0.00029896911800831227,0.9132376549807438,0.0,0.0
287,Device,FusedBatchNormV3,model/batch_normalization_21/FusedBatchNormV3,4,26.624,6.656,26.624,6.656,0.00029896911800831227,0.9135366240987521,0.0,0.0
288,Device,BiasAdd,model/conv2d/BiasAdd,2,26.624,13.312,26.624,13.312,0.00029896911800831227,0.9138355932167604,0.0,0.0
289,Device,Sum,conv2d_35/kernel/Regularizer/Sum,2,25.601,12.8005,25.601,12.8005,0.00028748153508604277,0.9141230747518465,0.0,0.0
290,Device,Square,conv2d_35/kernel/Regularizer/Square,2,25.6,12.8,25.6,12.8,0.0002874703057772234,0.9144105450576238,0.0,0.0
291,Device,BiasAddGrad,gradient_tape/model/conv2d_7/BiasAdd/BiasAddGrad,2,25.6,12.8,25.6,12.8,0.0002874703057772234,0.914698015363401,0.0,0.0
292,Device,BiasAddGrad,gradient_tape/model/conv2d_10/BiasAdd/BiasAddGrad,2,24.576,12.288,24.576,12.288,0.0002759714935461344,0.9149739868569472,0.0,0.0
293,Device,BiasAddGrad,gradient_tape/model/conv2d_14/BiasAdd/BiasAddGrad,2,24.576,12.288,24.576,12.288,0.0002759714935461344,0.9152499583504934,0.0,0.0
294,Device,BiasAddGrad,gradient_tape/model/conv2d_4/BiasAdd/BiasAddGrad,2,24.576,12.288,24.576,12.288,0.0002759714935461344,0.9155259298440396,0.0,0.0
295,Device,BiasAddGrad,gradient_tape/model/conv2d_44/BiasAdd/BiasAddGrad,2,24.576,12.288,24.576,12.288,0.0002759714935461344,0.9158019013375858,0.0,0.0
296,Device,BiasAddGrad,gradient_tape/model/conv2d_48/BiasAdd/BiasAddGrad,2,24.576,12.288,24.576,12.288,0.0002759714935461344,0.916077872831132,0.0,0.0
297,Device,BiasAddGrad,gradient_tape/model/conv2d_50/BiasAdd/BiasAddGrad,2,24.576,12.288,24.576,12.288,0.0002759714935461344,0.9163538443246781,0.0,0.0
298,Device,FusedBatchNormV3,model/batch_normalization_41/FusedBatchNormV3,4,24.576,6.144,24.576,6.144,0.0002759714935461344,0.9166298158182243,0.0,0.0
299,Device,FusedBatchNormV3,model/batch_normalization_44/FusedBatchNormV3,4,24.576,6.144,24.576,6.144,0.0002759714935461344,0.9169057873117705,0.0,0.0
300,Device,FusedBatchNormV3,model/batch_normalization_46/FusedBatchNormV3,4,24.576,6.144,24.576,6.144,0.0002759714935461344,0.9171817588053167,0.0,0.0
301,Device,FusedBatchNormV3,model/batch_normalization_47/FusedBatchNormV3,4,24.576,6.144,24.576,6.144,0.0002759714935461344,0.9174577302988629,0.0,0.0
302,Device,BiasAdd,model/conv2d_14/BiasAdd,2,24.576,12.288,24.576,12.288,0.0002759714935461344,0.9177337017924091,0.0,0.0
303,Device,Sum,conv2d_41/kernel/Regularizer/Sum,2,23.552,11.776,23.552,11.776,0.0002644726813150455,0.9179981744737241,0.0,0.0
304,Device,BiasAddGrad,gradient_tape/model/conv2d_23/BiasAdd/BiasAddGrad,2,23.552,11.776,23.552,11.776,0.0002644726813150455,0.9182626471550391,0.0,0.0
305,Device,BiasAddGrad,gradient_tape/model/conv2d_47/BiasAdd/BiasAddGrad,2,23.552,11.776,23.552,11.776,0.0002644726813150455,0.9185271198363542,0.0,0.0
306,Device,BiasAddGrad,gradient_tape/model/conv2d_51/BiasAdd/BiasAddGrad,2,23.552,11.776,23.552,11.776,0.0002644726813150455,0.9187915925176692,0.0,0.0
307,Device,FusedBatchNormV3,model/batch_normalization_40/FusedBatchNormV3,4,23.552,5.888,23.552,5.888,0.0002644726813150455,0.9190560651989842,0.0,0.0
308,Device,FusedBatchNormV3,model/batch_normalization_43/FusedBatchNormV3,4,23.552,5.888,23.552,5.888,0.0002644726813150455,0.9193205378802992,0.0,0.0
309,Device,MatMul,model/dense/MatMul,2,23.552,11.776,23.552,11.776,0.0002644726813150455,0.9195850105616142,0.0,0.0
310,Device,ResourceApplyGradientDescent,SGD/SGD/update_100/ResourceApplyGradientDescent,2,22.528,11.264,22.528,11.264,0.0002529738690839565,0.9198379844306982,0.0,0.0
311,Device,Sum,conv2d_25/kernel/Regularizer/Sum,2,22.528,11.264,22.528,11.264,0.0002529738690839565,0.9200909582997822,0.0,0.0
312,Device,Square,conv2d_29/kernel/Regularizer/Square,2,22.528,11.264,22.528,11.264,0.0002529738690839565,0.9203439321688661,0.0,0.0
313,Device,Sum,conv2d_32/kernel/Regularizer/Sum,2,22.528,11.264,22.528,11.264,0.0002529738690839565,0.9205969060379501,0.0,0.0
314,Device,Sum,conv2d_33/kernel/Regularizer/Sum,2,22.528,11.264,22.528,11.264,0.0002529738690839565,0.920849879907034,0.0,0.0
315,Device,Sum,conv2d_34/kernel/Regularizer/Sum,2,22.528,11.264,22.528,11.264,0.0002529738690839565,0.921102853776118,0.0,0.0
316,Device,Square,conv2d_38/kernel/Regularizer/Square,2,22.528,11.264,22.528,11.264,0.0002529738690839565,0.921355827645202,0.0,0.0
317,Device,Square,conv2d_41/kernel/Regularizer/Square,2,22.528,11.264,22.528,11.264,0.0002529738690839565,0.9216088015142859,0.0,0.0
318,Device,FusedBatchNormGradV3,gradient_tape/model/batch_normalization_40/FusedBatchNormGradV3,2,22.528,11.264,22.528,11.264,0.0002529738690839565,0.9218617753833699,0.0,0.0
319,Device,FusedBatchNormGradV3,gradient_tape/model/batch_normalization_41/FusedBatchNormGradV3,2,22.528,11.264,22.528,11.264,0.0002529738690839565,0.9221147492524538,0.0,0.0
320,Device,FusedBatchNormGradV3,gradient_tape/model/batch_normalization_46/FusedBatchNormGradV3,2,22.528,11.264,22.528,11.264,0.0002529738690839565,0.9223677231215378,0.0,0.0
321,Device,BiasAddGrad,gradient_tape/model/conv2d_17/BiasAdd/BiasAddGrad,2,22.528,11.264,22.528,11.264,0.0002529738690839565,0.9226206969906218,0.0,0.0
322,Device,BiasAddGrad,gradient_tape/model/conv2d_20/BiasAdd/BiasAddGrad,2,22.528,11.264,22.528,11.264,0.0002529738690839565,0.9228736708597057,0.0,0.0
323,Device,Relu,model/activation_9/Relu,2,22.528,11.264,22.528,11.264,0.0002529738690839565,0.9231266447287897,0.0,0.0
324,Device,Sum,conv2d_30/kernel/Regularizer/Sum,2,21.505,10.7525,21.505,10.7525,0.00024148628616168702,0.9233681310149514,0.0,0.0
325,Device,Square,conv2d_25/kernel/Regularizer/Square,2,21.504,10.752,21.504,10.752,0.00024147505685286763,0.9236096060718043,0.0,0.0
326,Device,Square,conv2d_27/kernel/Regularizer/Square,2,21.504,10.752,21.504,10.752,0.00024147505685286763,0.9238510811286572,0.0,0.0
327,Device,Sum,conv2d_27/kernel/Regularizer/Sum,2,21.504,10.752,21.504,10.752,0.00024147505685286763,0.9240925561855101,0.0,0.0
328,Device,Sum,conv2d_28/kernel/Regularizer/Sum,2,21.504,10.752,21.504,10.752,0.00024147505685286763,0.924334031242363,0.0,0.0
329,Device,Square,conv2d_32/kernel/Regularizer/Square,2,21.504,10.752,21.504,10.752,0.00024147505685286763,0.9245755062992159,0.0,0.0
330,Device,Sum,conv2d_38/kernel/Regularizer/Sum,2,21.504,10.752,21.504,10.752,0.00024147505685286763,0.9248169813560688,0.0,0.0
331,Device,Tile,gradient_tape/conv2d_25/kernel/Regularizer/Tile,2,21.504,10.752,21.504,10.752,0.00024147505685286763,0.9250584564129217,0.0,0.0
332,Device,Tile,gradient_tape/conv2d_27/kernel/Regularizer/Tile,2,21.504,10.752,21.504,10.752,0.00024147505685286763,0.9252999314697746,0.0,0.0
333,Device,FusedBatchNormGradV3,gradient_tape/model/batch_normalization_43/FusedBatchNormGradV3,2,21.504,10.752,21.504,10.752,0.00024147505685286763,0.9255414065266275,0.0,0.0
334,Device,FusedBatchNormGradV3,gradient_tape/model/batch_normalization_44/FusedBatchNormGradV3,2,21.504,10.752,21.504,10.752,0.00024147505685286763,0.9257828815834804,0.0,0.0
335,Device,ResourceApplyGradientDescent,SGD/SGD/update_122/ResourceApplyGradientDescent,2,20.481,10.2405,20.481,10.2405,0.0002299874739305981,0.926012869057411,0.0,0.0
336,Device,ResourceApplyGradientDescent,SGD/SGD/update_110/ResourceApplyGradientDescent,2,20.48,10.24,20.48,10.24,0.00022997624462177868,0.9262428453020327,0.0,0.0
337,Device,ResourceApplyGradientDescent,SGD/SGD/update_134/ResourceApplyGradientDescent,2,20.48,10.24,20.48,10.24,0.00022997624462177868,0.9264728215466544,0.0,0.0
338,Device,ResourceApplyGradientDescent,SGD/SGD/update_146/ResourceApplyGradientDescent,2,20.48,10.24,20.48,10.24,0.00022997624462177868,0.9267027977912762,0.0,0.0
339,Device,ResourceApplyGradientDescent,SGD/SGD/update_158/ResourceApplyGradientDescent,2,20.48,10.24,20.48,10.24,0.00022997624462177868,0.9269327740358979,0.0,0.0
340,Device,ResourceApplyGradientDescent,SGD/SGD/update_166/ResourceApplyGradientDescent,2,20.48,10.24,20.48,10.24,0.00022997624462177868,0.9271627502805196,0.0,0.0
341,Device,ResourceApplyGradientDescent,SGD/SGD/update_96/ResourceApplyGradientDescent,2,20.48,10.24,20.48,10.24,0.00022997624462177868,0.9273927265251414,0.0,0.0
342,Device,AddN,SGD/gradients/AddN_10,2,20.48,10.24,20.48,10.24,0.00022997624462177868,0.9276227027697631,0.0,0.0
343,Device,AddN,SGD/gradients/AddN_9,2,20.48,10.24,20.48,10.24,0.00022997624462177868,0.9278526790143848,0.0,0.0
344,Device,Sum,conv2d_29/kernel/Regularizer/Sum,2,20.48,10.24,20.48,10.24,0.00022997624462177868,0.9280826552590066,0.0,0.0
345,Device,Sum,conv2d_31/kernel/Regularizer/Sum,2,20.48,10.24,20.48,10.24,0.00022997624462177868,0.9283126315036283,0.0,0.0
346,Device,Sum,conv2d_36/kernel/Regularizer/Sum,2,20.48,10.24,20.48,10.24,0.00022997624462177868,0.92854260774825,0.0,0.0
347,Device,Sum,conv2d_37/kernel/Regularizer/Sum,2,20.48,10.24,20.48,10.24,0.00022997624462177868,0.9287725839928718,0.0,0.0
348,Device,Tile,gradient_tape/conv2d_43/kernel/Regularizer/Tile,2,20.48,10.24,20.48,10.24,0.00022997624462177868,0.9290025602374935,0.0,0.0
349,Device,FusedBatchNormGradV3,gradient_tape/model/batch_normalization_47/FusedBatchNormGradV3,2,20.48,10.24,20.48,10.24,0.00022997624462177868,0.9292325364821152,0.0,0.0
350,Device,AddN,SGD/gradients/AddN_11,2,19.456,9.728,19.456,9.728,0.00021847743239068973,0.9294510139145059,0.0,0.0
351,Device,Sum,conv2d_26/kernel/Regularizer/Sum,2,19.456,9.728,19.456,9.728,0.00021847743239068973,0.9296694913468966,0.0,0.0
352,Device,Sum,conv2d_39/kernel/Regularizer/Sum,2,19.456,9.728,19.456,9.728,0.00021847743239068973,0.9298879687792873,0.0,0.0
353,Device,Sum,conv2d_40/kernel/Regularizer/Sum,2,19.456,9.728,19.456,9.728,0.00021847743239068973,0.9301064462116779,0.0,0.0
354,Device,Sum,conv2d_42/kernel/Regularizer/Sum,2,19.456,9.728,19.456,9.728,0.00021847743239068973,0.9303249236440686,0.0,0.0
355,Device,Square,conv2d_43/kernel/Regularizer/Square,2,19.456,9.728,19.456,9.728,0.00021847743239068973,0.9305434010764593,0.0,0.0
356,Device,Sum,conv2d_43/kernel/Regularizer/Sum,2,19.456,9.728,19.456,9.728,0.00021847743239068973,0.93076187850885,0.0,0.0
357,Device,BiasAddGrad,gradient_tape/model/conv2d/BiasAdd/BiasAddGrad,2,19.456,9.728,19.456,9.728,0.00021847743239068973,0.9309803559412406,0.0,0.0
358,Device,BiasAddGrad,gradient_tape/model/conv2d_43/BiasAdd/BiasAddGrad,2,19.456,9.728,19.456,9.728,0.00021847743239068973,0.9311988333736313,0.0,0.0
359,Device,FusedBatchNormV3,model/batch_normalization_32/FusedBatchNormV3,4,19.456,4.864,19.456,4.864,0.00021847743239068973,0.931417310806022,0.0,0.0
360,Device,FusedBatchNormV3,model/batch_normalization_35/FusedBatchNormV3,4,19.456,4.864,19.456,4.864,0.00021847743239068973,0.9316357882384126,0.0,0.0
361,Device,FusedBatchNormV3,model/batch_normalization_37/FusedBatchNormV3,4,19.456,4.864,19.456,4.864,0.00021847743239068973,0.9318542656708033,0.0,0.0
362,Device,FusedBatchNormV3,model/batch_normalization_31/FusedBatchNormV3,4,18.433,4.60825,18.433,4.60825,0.00020698984946842023,0.9320612555202717,0.0,0.0
363,Device,AddN,SGD/gradients/AddN_43,2,18.432,9.216,18.432,9.216,0.00020697862015960078,0.9322682341404314,0.0,0.0
364,Device,Sum,conv2d_24/kernel/Regularizer/Sum,2,18.432,9.216,18.432,9.216,0.00020697862015960078,0.932475212760591,0.0,0.0
365,Device,FusedBatchNormGradV3,gradient_tape/model/batch_normalization_1/FusedBatchNormGradV3,2,18.432,9.216,18.432,9.216,0.00020697862015960078,0.9326821913807506,0.0,0.0
366,Device,Relu,model/activation_21/Relu,2,18.432,9.216,18.432,9.216,0.00020697862015960078,0.9328891700009102,0.0,0.0
367,Device,FusedBatchNormV3,model/batch_normalization_22/FusedBatchNormV3,4,18.432,4.608,18.432,4.608,0.00020697862015960078,0.9330961486210698,0.0,0.0
368,Device,FusedBatchNormV3,model/batch_normalization_23/FusedBatchNormV3,4,18.432,4.608,18.432,4.608,0.00020697862015960078,0.9333031272412294,0.0,0.0
369,Device,FusedBatchNormV3,model/batch_normalization_25/FusedBatchNormV3,4,18.432,4.608,18.432,4.608,0.00020697862015960078,0.933510105861389,0.0,0.0
370,Device,FusedBatchNormV3,model/batch_normalization_26/FusedBatchNormV3,4,18.432,4.608,18.432,4.608,0.00020697862015960078,0.9337170844815487,0.0,0.0
371,Device,FusedBatchNormV3,model/batch_normalization_28/FusedBatchNormV3,4,18.432,4.608,18.432,4.608,0.00020697862015960078,0.9339240631017083,0.0,0.0
372,Device,FusedBatchNormV3,model/batch_normalization_34/FusedBatchNormV3,4,18.432,4.608,18.432,4.608,0.00020697862015960078,0.9341310417218679,0.0,0.0
373,Device,FusedBatchNormV3,model/batch_normalization_38/FusedBatchNormV3,4,18.432,4.608,18.432,4.608,0.00020697862015960078,0.9343380203420275,0.0,0.0
374,Device,FusedBatchNormV3,model/batch_normalization_29/FusedBatchNormV3,4,17.409,4.35225,17.409,4.35225,0.00019549103723733128,0.9345335113792649,0.0,0.0
375,Device,AddN,SGD/gradients/AddN_58,2,17.408,8.704,17.408,8.704,0.00019547980792851188,0.9347289911871934,0.0,0.0
376,Device,AddN,SGD/gradients/AddN_8,2,17.408,8.704,17.408,8.704,0.00019547980792851188,0.934924470995122,0.0,0.0
377,Device,Mul,gradient_tape/conv2d_43/kernel/Regularizer/Mul,2,17.408,8.704,17.408,8.704,0.00019547980792851188,0.9351199508030505,0.0,0.0
378,Device,FusedBatchNormGradV3,gradient_tape/model/batch_normalization_23/FusedBatchNormGradV3,2,17.408,8.704,17.408,8.704,0.00019547980792851188,0.9353154306109791,0.0,0.0
379,Device,FusedBatchNormGradV3,gradient_tape/model/batch_normalization_31/FusedBatchNormGradV3,2,17.408,8.704,17.408,8.704,0.00019547980792851188,0.9355109104189077,0.0,0.0
380,Device,FusedBatchNormGradV3,gradient_tape/model/batch_normalization_34/FusedBatchNormGradV3,2,17.408,8.704,17.408,8.704,0.00019547980792851188,0.9357063902268362,0.0,0.0
381,Device,FusedBatchNormGradV3,gradient_tape/model/batch_normalization_35/FusedBatchNormGradV3,2,17.408,8.704,17.408,8.704,0.00019547980792851188,0.9359018700347648,0.0,0.0
382,Device,Transpose,gradient_tape/model/conv2d/Conv2D/Conv2DBackpropFilter-0-TransposeNHWCToNCHW-LayoutOptimizer,2,17.408,8.704,17.408,8.704,0.00019547980792851188,0.9360973498426933,0.0,0.0
383,Device,FusedBatchNormV3,model/batch_normalization_1/FusedBatchNormV3,4,17.408,4.352,17.408,4.352,0.00019547980792851188,0.9362928296506219,0.0,0.0
384,Device,Softmax,model/dense/Softmax,2,17.408,8.704,17.408,8.704,0.00019547980792851188,0.9364883094585504,0.0,0.0
385,Device,MaxPool,model/max_pooling2d/MaxPool,2,17.408,8.704,17.408,8.704,0.00019547980792851188,0.936683789266479,0.0,0.0
386,Device,FusedBatchNormGradV3,gradient_tape/model/batch_normalization_7/FusedBatchNormGradV3,2,16.385,8.1925,16.385,8.1925,0.00018399222500624238,0.9368677814914852,0.0,0.0
387,Device,ResourceApplyGradientDescent,SGD/SGD/update_102/ResourceApplyGradientDescent,2,16.384,8.192,16.384,8.192,0.00018398099569742293,0.9370517624871826,0.0,0.0
388,Device,AddN,SGD/gradients/AddN_49,2,16.384,8.192,16.384,8.192,0.00018398099569742293,0.93723574348288,0.0,0.0
389,Device,AddN,SGD/gradients/AddN_52,2,16.384,8.192,16.384,8.192,0.00018398099569742293,0.9374197244785774,0.0,0.0
390,Device,AddN,SGD/gradients/AddN_55,2,16.384,8.192,16.384,8.192,0.00018398099569742293,0.9376037054742747,0.0,0.0
391,Device,Sum,conv2d_12/kernel/Regularizer/Sum,2,16.384,8.192,16.384,8.192,0.00018398099569742293,0.9377876864699721,0.0,0.0
392,Device,Sum,conv2d_16/kernel/Regularizer/Sum,2,16.384,8.192,16.384,8.192,0.00018398099569742293,0.9379716674656695,0.0,0.0
393,Device,Sum,conv2d_20/kernel/Regularizer/Sum,2,16.384,8.192,16.384,8.192,0.00018398099569742293,0.9381556484613669,0.0,0.0
394,Device,Sum,conv2d_22/kernel/Regularizer/Sum,2,16.384,8.192,16.384,8.192,0.00018398099569742293,0.9383396294570643,0.0,0.0
395,Device,Mul,gradient_tape/conv2d_25/kernel/Regularizer/Mul,2,16.384,8.192,16.384,8.192,0.00018398099569742293,0.9385236104527617,0.0,0.0
396,Device,Mul,gradient_tape/conv2d_26/kernel/Regularizer/Mul_1,2,16.384,8.192,16.384,8.192,0.00018398099569742293,0.9387075914484591,0.0,0.0
397,Device,Mul,gradient_tape/conv2d_28/kernel/Regularizer/Mul_1,2,16.384,8.192,16.384,8.192,0.00018398099569742293,0.9388915724441564,0.0,0.0
398,Device,ReluGrad,gradient_tape/model/activation_12/ReluGrad,2,16.384,8.192,16.384,8.192,0.00018398099569742293,0.9390755534398538,0.0,0.0
399,Device,ReluGrad,gradient_tape/model/activation_15/ReluGrad,2,16.384,8.192,16.384,8.192,0.00018398099569742293,0.9392595344355512,0.0,0.0
400,Device,ReluGrad,gradient_tape/model/activation_18/ReluGrad,2,16.384,8.192,16.384,8.192,0.00018398099569742293,0.9394435154312486,0.0,0.0
401,Device,FusedBatchNormGradV3,gradient_tape/model/batch_normalization_2/FusedBatchNormGradV3,2,16.384,8.192,16.384,8.192,0.00018398099569742293,0.939627496426946,0.0,0.0
402,Device,FusedBatchNormGradV3,gradient_tape/model/batch_normalization_22/FusedBatchNormGradV3,2,16.384,8.192,16.384,8.192,0.00018398099569742293,0.9398114774226434,0.0,0.0
403,Device,FusedBatchNormGradV3,gradient_tape/model/batch_normalization_25/FusedBatchNormGradV3,2,16.384,8.192,16.384,8.192,0.00018398099569742293,0.9399954584183408,0.0,0.0
404,Device,FusedBatchNormGradV3,gradient_tape/model/batch_normalization_26/FusedBatchNormGradV3,2,16.384,8.192,16.384,8.192,0.00018398099569742293,0.9401794394140381,0.0,0.0
405,Device,FusedBatchNormGradV3,gradient_tape/model/batch_normalization_28/FusedBatchNormGradV3,2,16.384,8.192,16.384,8.192,0.00018398099569742293,0.9403634204097355,0.0,0.0
406,Device,FusedBatchNormGradV3,gradient_tape/model/batch_normalization_29/FusedBatchNormGradV3,2,16.384,8.192,16.384,8.192,0.00018398099569742293,0.9405474014054329,0.0,0.0
407,Device,FusedBatchNormGradV3,gradient_tape/model/batch_normalization_32/FusedBatchNormGradV3,2,16.384,8.192,16.384,8.192,0.00018398099569742293,0.9407313824011303,0.0,0.0
408,Device,FusedBatchNormGradV3,gradient_tape/model/batch_normalization_37/FusedBatchNormGradV3,2,16.384,8.192,16.384,8.192,0.00018398099569742293,0.9409153633968277,0.0,0.0
409,Device,FusedBatchNormGradV3,gradient_tape/model/batch_normalization_38/FusedBatchNormGradV3,2,16.384,8.192,16.384,8.192,0.00018398099569742293,0.9410993443925251,0.0,0.0
410,Device,FusedBatchNormGradV3,gradient_tape/model/batch_normalization_4/FusedBatchNormGradV3,2,16.384,8.192,16.384,8.192,0.00018398099569742293,0.9412833253882225,0.0,0.0
411,Device,FusedBatchNormGradV3,gradient_tape/model/batch_normalization_5/FusedBatchNormGradV3,2,16.384,8.192,16.384,8.192,0.00018398099569742293,0.9414673063839198,0.0,0.0
412,Device,FusedBatchNormGradV3,gradient_tape/model/batch_normalization_8/FusedBatchNormGradV3,2,16.384,8.192,16.384,8.192,0.00018398099569742293,0.9416512873796172,0.0,0.0
413,Device,FusedBatchNormV3,model/batch_normalization_2/FusedBatchNormV3,4,16.384,4.096,16.384,4.096,0.00018398099569742293,0.9418352683753146,0.0,0.0
414,Device,FusedBatchNormV3,model/batch_normalization_4/FusedBatchNormV3,4,16.384,4.096,16.384,4.096,0.00018398099569742293,0.942019249371012,0.0,0.0
415,Device,FusedBatchNormV3,model/batch_normalization_5/FusedBatchNormV3,4,16.384,4.096,16.384,4.096,0.00018398099569742293,0.9422032303667094,0.0,0.0
416,Device,FusedBatchNormV3,model/batch_normalization_7/FusedBatchNormV3,4,16.384,4.096,16.384,4.096,0.00018398099569742293,0.9423872113624068,0.0,0.0
417,Device,FusedBatchNormV3,model/batch_normalization_8/FusedBatchNormV3,4,16.384,4.096,16.384,4.096,0.00018398099569742293,0.9425711923581042,0.0,0.0
418,Device,BiasAdd,model/conv2d_3/BiasAdd,2,16.384,8.192,16.384,8.192,0.00018398099569742293,0.9427551733538015,0.0,0.0
419,Device,BiasAdd,model/conv2d_4/BiasAdd,2,16.384,8.192,16.384,8.192,0.00018398099569742293,0.9429391543494989,0.0,0.0
420,Device,FusedBatchNormV3,model/batch_normalization_19/FusedBatchNormV3,4,15.361,3.84025,15.361,3.84025,0.00017249341277515343,0.9431116477622741,0.0,0.0
421,Device,AddN,SGD/gradients/AddN_46,2,15.36,7.68,15.36,7.68,0.000172482183466334,0.9432841299457404,0.0,0.0
422,Device,Sum,conv2d_13/kernel/Regularizer/Sum,2,15.36,7.68,15.36,7.68,0.000172482183466334,0.9434566121292067,0.0,0.0
423,Device,Sum,conv2d_19/kernel/Regularizer/Sum,2,15.36,7.68,15.36,7.68,0.000172482183466334,0.9436290943126731,0.0,0.0
424,Device,Sum,conv2d_23/kernel/Regularizer/Sum,2,15.36,7.68,15.36,7.68,0.000172482183466334,0.9438015764961394,0.0,0.0
425,Device,AddV2,model/add_3/add,2,15.36,7.68,15.36,7.68,0.000172482183466334,0.9439740586796057,0.0,0.0
426,Device,AddV2,model/add_4/add,2,15.36,7.68,15.36,7.68,0.000172482183466334,0.944146540863072,0.0,0.0
427,Device,AddV2,model/add_5/add,2,15.36,7.68,15.36,7.68,0.000172482183466334,0.9443190230465384,0.0,0.0
428,Device,AddV2,model/add_6/add,2,15.36,7.68,15.36,7.68,0.000172482183466334,0.9444915052300047,0.0,0.0
429,Device,FusedBatchNormV3,model/batch_normalization_10/FusedBatchNormV3,4,15.36,3.84,15.36,3.84,0.000172482183466334,0.944663987413471,0.0,0.0
430,Device,FusedBatchNormV3,model/batch_normalization_11/FusedBatchNormV3,4,15.36,3.84,15.36,3.84,0.000172482183466334,0.9448364695969373,0.0,0.0
431,Device,FusedBatchNormV3,model/batch_normalization_13/FusedBatchNormV3,4,15.36,3.84,15.36,3.84,0.000172482183466334,0.9450089517804037,0.0,0.0
432,Device,FusedBatchNormV3,model/batch_normalization_14/FusedBatchNormV3,4,15.36,3.84,15.36,3.84,0.000172482183466334,0.94518143396387,0.0,0.0
433,Device,FusedBatchNormV3,model/batch_normalization_17/FusedBatchNormV3,4,15.36,3.84,15.36,3.84,0.000172482183466334,0.9453539161473363,0.0,0.0
434,Device,BiasAdd,model/conv2d_10/BiasAdd,2,15.36,7.68,15.36,7.68,0.000172482183466334,0.9455263983308027,0.0,0.0
435,Device,BiasAdd,model/conv2d_7/BiasAdd,2,15.36,7.68,15.36,7.68,0.000172482183466334,0.945698880514269,0.0,0.0
436,Device,ResourceApplyGradientDescent,SGD/SGD/update_126/ResourceApplyGradientDescent,2,14.337,7.1685,14.337,7.1685,0.00016099460054406448,0.9458598751148131,0.0,0.0
437,Device,Sum,conv2d_14/kernel/Regularizer/Sum,2,14.336,7.168,14.336,7.168,0.00016098337123524506,0.9460208584860483,0.0,0.0
438,Device,Sum,conv2d_17/kernel/Regularizer/Sum,2,14.336,7.168,14.336,7.168,0.00016098337123524506,0.9461818418572836,0.0,0.0
439,Device,Square,conv2d_28/kernel/Regularizer/Square,2,14.336,7.168,14.336,7.168,0.00016098337123524506,0.9463428252285189,0.0,0.0
440,Device,Square,conv2d_31/kernel/Regularizer/Square,2,14.336,7.168,14.336,7.168,0.00016098337123524506,0.9465038085997541,0.0,0.0
441,Device,Mul,gradient_tape/conv2d_27/kernel/Regularizer/Mul,2,14.336,7.168,14.336,7.168,0.00016098337123524506,0.9466647919709894,0.0,0.0
442,Device,Mul,gradient_tape/conv2d_30/kernel/Regularizer/Mul_1,2,14.336,7.168,14.336,7.168,0.00016098337123524506,0.9468257753422247,0.0,0.0
443,Device,Mul,gradient_tape/conv2d_31/kernel/Regularizer/Mul_1,2,14.336,7.168,14.336,7.168,0.00016098337123524506,0.9469867587134599,0.0,0.0
444,Device,Mul,gradient_tape/conv2d_33/kernel/Regularizer/Mul_1,2,14.336,7.168,14.336,7.168,0.00016098337123524506,0.9471477420846952,0.0,0.0
445,Device,Mul,gradient_tape/conv2d_36/kernel/Regularizer/Mul_1,2,14.336,7.168,14.336,7.168,0.00016098337123524506,0.9473087254559305,0.0,0.0
446,Device,Mul,gradient_tape/conv2d_37/kernel/Regularizer/Mul_1,2,14.336,7.168,14.336,7.168,0.00016098337123524506,0.9474697088271657,0.0,0.0
447,Device,ReluGrad,gradient_tape/model/activation_39/ReluGrad,2,14.336,7.168,14.336,7.168,0.00016098337123524506,0.947630692198401,0.0,0.0
448,Device,FusedBatchNormGradV3,gradient_tape/model/batch_normalization_10/FusedBatchNormGradV3,2,14.336,7.168,14.336,7.168,0.00016098337123524506,0.9477916755696363,0.0,0.0
449,Device,FusedBatchNormGradV3,gradient_tape/model/batch_normalization_13/FusedBatchNormGradV3,2,14.336,7.168,14.336,7.168,0.00016098337123524506,0.9479526589408716,0.0,0.0
450,Device,FusedBatchNormGradV3,gradient_tape/model/batch_normalization_16/FusedBatchNormGradV3,2,14.336,7.168,14.336,7.168,0.00016098337123524506,0.9481136423121068,0.0,0.0
451,Device,FusedBatchNormGradV3,gradient_tape/model/batch_normalization_19/FusedBatchNormGradV3,2,14.336,7.168,14.336,7.168,0.00016098337123524506,0.9482746256833421,0.0,0.0
452,Device,FusedBatchNormGradV3,gradient_tape/model/batch_normalization_20/FusedBatchNormGradV3,2,14.336,7.168,14.336,7.168,0.00016098337123524506,0.9484356090545774,0.0,0.0
453,Device,BiasAddGrad,gradient_tape/model/conv2d_24/BiasAdd/BiasAddGrad,2,14.336,7.168,14.336,7.168,0.00016098337123524506,0.9485965924258126,0.0,0.0
454,Device,BiasAddGrad,gradient_tape/model/conv2d_25/BiasAdd/BiasAddGrad,2,14.336,7.168,14.336,7.168,0.00016098337123524506,0.9487575757970479,0.0,0.0
455,Device,BiasAddGrad,gradient_tape/model/conv2d_28/BiasAdd/BiasAddGrad,2,14.336,7.168,14.336,7.168,0.00016098337123524506,0.9489185591682832,0.0,0.0
456,Device,BiasAddGrad,gradient_tape/model/conv2d_29/BiasAdd/BiasAddGrad,2,14.336,7.168,14.336,7.168,0.00016098337123524506,0.9490795425395184,0.0,0.0
457,Device,BiasAddGrad,gradient_tape/model/conv2d_31/BiasAdd/BiasAddGrad,2,14.336,7.168,14.336,7.168,0.00016098337123524506,0.9492405259107537,0.0,0.0
458,Device,BiasAddGrad,gradient_tape/model/conv2d_34/BiasAdd/BiasAddGrad,2,14.336,7.168,14.336,7.168,0.00016098337123524506,0.949401509281989,0.0,0.0
459,Device,BiasAddGrad,gradient_tape/model/conv2d_35/BiasAdd/BiasAddGrad,2,14.336,7.168,14.336,7.168,0.00016098337123524506,0.9495624926532242,0.0,0.0
460,Device,BiasAddGrad,gradient_tape/model/conv2d_37/BiasAdd/BiasAddGrad,2,14.336,7.168,14.336,7.168,0.00016098337123524506,0.9497234760244595,0.0,0.0
461,Device,BiasAddGrad,gradient_tape/model/conv2d_38/BiasAdd/BiasAddGrad,2,14.336,7.168,14.336,7.168,0.00016098337123524506,0.9498844593956948,0.0,0.0
462,Device,BiasAddGrad,gradient_tape/model/conv2d_6/BiasAdd/BiasAddGrad,2,14.336,7.168,14.336,7.168,0.00016098337123524506,0.95004544276693,0.0,0.0
463,Device,FusedBatchNormV3,model/batch_normalization_16/FusedBatchNormV3,4,14.336,3.584,14.336,3.584,0.00016098337123524506,0.9502064261381653,0.0,0.0
464,Device,FusedBatchNormV3,model/batch_normalization_20/FusedBatchNormV3,4,14.336,3.584,14.336,3.584,0.00016098337123524506,0.9503674095094006,0.0,0.0
465,Device,Relu,model/activation_6/Relu,2,13.313,6.6565,13.313,6.6565,0.00014949578831297556,0.9505169052977136,0.0,0.0
466,Device,ResourceApplyGradientDescent,SGD/SGD/update_138/ResourceApplyGradientDescent,2,13.312,6.656,13.312,6.656,0.00014948455900415614,0.9506663898567178,0.0,0.0
467,Device,ResourceApplyGradientDescent,SGD/SGD/update_162/ResourceApplyGradientDescent,2,13.312,6.656,13.312,6.656,0.00014948455900415614,0.950815874415722,0.0,0.0
468,Device,AddN,SGD/gradients/AddN_3,2,13.312,6.656,13.312,6.656,0.00014948455900415614,0.9509653589747262,0.0,0.0
469,Device,AddN,SGD/gradients/AddN_44,2,13.312,6.656,13.312,6.656,0.00014948455900415614,0.9511148435337304,0.0,0.0
470,Device,AddN,SGD/gradients/AddN_53,2,13.312,6.656,13.312,6.656,0.00014948455900415614,0.9512643280927346,0.0,0.0
471,Device,Sum,conv2d_11/kernel/Regularizer/Sum,2,13.312,6.656,13.312,6.656,0.00014948455900415614,0.9514138126517389,0.0,0.0
472,Device,Sum,conv2d_15/kernel/Regularizer/Sum,2,13.312,6.656,13.312,6.656,0.00014948455900415614,0.9515632972107431,0.0,0.0
473,Device,Sum,conv2d_18/kernel/Regularizer/Sum,2,13.312,6.656,13.312,6.656,0.00014948455900415614,0.9517127817697473,0.0,0.0
474,Device,Sum,conv2d_2/kernel/Regularizer/Sum,2,13.312,6.656,13.312,6.656,0.00014948455900415614,0.9518622663287515,0.0,0.0
475,Device,Sum,conv2d_21/kernel/Regularizer/Sum,2,13.312,6.656,13.312,6.656,0.00014948455900415614,0.9520117508877557,0.0,0.0
476,Device,Square,conv2d_26/kernel/Regularizer/Square,2,13.312,6.656,13.312,6.656,0.00014948455900415614,0.9521612354467599,0.0,0.0
477,Device,Square,conv2d_30/kernel/Regularizer/Square,2,13.312,6.656,13.312,6.656,0.00014948455900415614,0.9523107200057641,0.0,0.0
478,Device,Square,conv2d_33/kernel/Regularizer/Square,2,13.312,6.656,13.312,6.656,0.00014948455900415614,0.9524602045647683,0.0,0.0
479,Device,Square,conv2d_34/kernel/Regularizer/Square,2,13.312,6.656,13.312,6.656,0.00014948455900415614,0.9526096891237725,0.0,0.0
480,Device,Square,conv2d_36/kernel/Regularizer/Square,2,13.312,6.656,13.312,6.656,0.00014948455900415614,0.9527591736827767,0.0,0.0
481,Device,Square,conv2d_37/kernel/Regularizer/Square,2,13.312,6.656,13.312,6.656,0.00014948455900415614,0.952908658241781,0.0,0.0
482,Device,Square,conv2d_40/kernel/Regularizer/Square,2,13.312,6.656,13.312,6.656,0.00014948455900415614,0.9530581428007852,0.0,0.0
483,Device,Sum,conv2d_6/kernel/Regularizer/Sum,2,13.312,6.656,13.312,6.656,0.00014948455900415614,0.9532076273597894,0.0,0.0
484,Device,Tile,gradient_tape/conv2d_14/kernel/Regularizer/Tile,2,13.312,6.656,13.312,6.656,0.00014948455900415614,0.9533571119187936,0.0,0.0
485,Device,Tile,gradient_tape/conv2d_24/kernel/Regularizer/Tile,2,13.312,6.656,13.312,6.656,0.00014948455900415614,0.9535065964777978,0.0,0.0
486,Device,Tile,gradient_tape/conv2d_26/kernel/Regularizer/Tile,2,13.312,6.656,13.312,6.656,0.00014948455900415614,0.953656081036802,0.0,0.0
487,Device,Tile,gradient_tape/conv2d_28/kernel/Regularizer/Tile,2,13.312,6.656,13.312,6.656,0.00014948455900415614,0.9538055655958062,0.0,0.0
488,Device,Mul,gradient_tape/conv2d_34/kernel/Regularizer/Mul_1,2,13.312,6.656,13.312,6.656,0.00014948455900415614,0.9539550501548104,0.0,0.0
489,Device,Mul,gradient_tape/conv2d_39/kernel/Regularizer/Mul_1,2,13.312,6.656,13.312,6.656,0.00014948455900415614,0.9541045347138146,0.0,0.0
490,Device,Mul,gradient_tape/conv2d_40/kernel/Regularizer/Mul_1,2,13.312,6.656,13.312,6.656,0.00014948455900415614,0.9542540192728188,0.0,0.0
491,Device,ReluGrad,gradient_tape/model/activation_1/ReluGrad,2,13.312,6.656,13.312,6.656,0.00014948455900415614,0.954403503831823,0.0,0.0
492,Device,FusedBatchNormGradV3,gradient_tape/model/batch_normalization_11/FusedBatchNormGradV3,2,13.312,6.656,13.312,6.656,0.00014948455900415614,0.9545529883908273,0.0,0.0
493,Device,FusedBatchNormGradV3,gradient_tape/model/batch_normalization_17/FusedBatchNormGradV3,2,13.312,6.656,13.312,6.656,0.00014948455900415614,0.9547024729498315,0.0,0.0
494,Device,BiasAddGrad,gradient_tape/model/conv2d_1/BiasAdd/BiasAddGrad,2,13.312,6.656,13.312,6.656,0.00014948455900415614,0.9548519575088357,0.0,0.0
495,Device,BiasAddGrad,gradient_tape/model/conv2d_2/BiasAdd/BiasAddGrad,2,13.312,6.656,13.312,6.656,0.00014948455900415614,0.9550014420678399,0.0,0.0
496,Device,BiasAddGrad,gradient_tape/model/conv2d_32/BiasAdd/BiasAddGrad,2,13.312,6.656,13.312,6.656,0.00014948455900415614,0.9551509266268441,0.0,0.0
497,Device,BiasAddGrad,gradient_tape/model/conv2d_40/BiasAdd/BiasAddGrad,2,13.312,6.656,13.312,6.656,0.00014948455900415614,0.9553004111858483,0.0,0.0
498,Device,BiasAddGrad,gradient_tape/model/conv2d_41/BiasAdd/BiasAddGrad,2,13.312,6.656,13.312,6.656,0.00014948455900415614,0.9554498957448525,0.0,0.0
499,Device,BiasAddGrad,gradient_tape/model/conv2d_8/BiasAdd/BiasAddGrad,2,13.312,6.656,13.312,6.656,0.00014948455900415614,0.9555993803038567,0.0,0.0
500,Device,BiasAddGrad,gradient_tape/model/conv2d_9/BiasAdd/BiasAddGrad,2,13.312,6.656,13.312,6.656,0.00014948455900415614,0.9557488648628609,0.0,0.0
501,Host,IDLE,IDLE,0,229943.48,0.0,229943.48,0.0,0.0,0.0,0.9974558666836126,0.9974558666836126
502,Host,GatherV2,GatherV2,2,188.652,94.326,188.652,94.326,0.0,0.0,0.0008183404207051092,0.9982742071043177
503,Host,Dataset,Iterator::Root::ParallelMapV2,2,54.2,27.1,54.2,27.1,0.0,0.0,0.00023511041919628165,0.998509317523514
504,Host,Dataset,Iterator::Root::ParallelMapV2::Zip[1]::ForeverRepeat,2,56.07,28.035,52.09,26.045,0.0,0.0,0.00022595759660395408,0.998735275120118
505,Host,IteratorGetNext,IteratorGetNext,2,51.351,25.6755,51.351,25.6755,0.0,0.0,0.00022275193978133317,0.9989580270598993
506,Host,FlushSummaryWriter,FlushSummaryWriter,1,37.731,37.731,37.731,37.731,0.0,0.0,0.00016367068683938936,0.9991216977467388
507,Host,LogicalAnd,LogicalAnd,1,32.701,32.701,32.701,32.701,0.0,0.0,0.0001418513988586274,0.9992635491455973
508,Host,Dataset,Iterator::Root::ParallelMapV2::Zip[0]::FlatMap[1]::Concatenate,2,53.132,26.566,29.952,14.976,0.0,0.0,0.00012992670250492672,0.9993934758481022
509,Host,GatherV2,GatherV2_1,2,29.0,14.5,29.0,14.5,0.0,0.0,0.0001257970877618481,0.9995192729358641
510,Host,Dataset,Iterator::Root,2,79.241,39.6205,25.041,12.5205,0.0,0.0,0.0001086236163670496,0.9996278965522312
511,Host,Dataset,Iterator::Root::ParallelMapV2::Zip[0]::FlatMap[1]::Concatenate[0]::TensorSlice,2,23.18,11.59,23.18,11.59,0.0,0.0,0.00010055091359722893,0.9997284474658283
512,Host,WriteSummary,WriteSummary,1,21.04,21.04,21.04,21.04,0.0,0.0,9.126795608652704e-05,0.9998197154219148
513,Host,_HostSend,categorical_crossentropy/softmax_cross_entropy_with_logits/Shape_2/_9,2,13.33,6.665,13.33,6.665,0.0,0.0,5.782328206432535e-05,0.9998775387039791
514,Host,Dataset,Iterator::Root::ParallelMapV2::Zip,2,123.892,61.946,10.28,5.14,0.0,0.0,4.4592898696268915e-05,0.9999221316026754
515,Host,ReadVariableOp,ReadVariableOp,1,6.741,6.741,6.741,6.741,0.0,0.0,2.9241316158710967e-05,0.9999513729188341
516,Host,Dataset,Iterator::Root::ParallelMapV2::Zip[0]::FlatMap,2,57.542,28.771,4.41,2.205,0.0,0.0,1.9129833001025867e-05,0.9999705027518351
517,Host,Dataset,Iterator::Root::ParallelMapV2::Zip[1]::ForeverRepeat::FromTensor,4,3.98,0.995,3.98,0.995,0.0,0.0,1.7264565837660533e-05,0.9999877673176727
518,Host,Identity,Identity,2,2.82,1.41,2.82,1.41,0.0,0.0,1.2232682327186608e-05,0.9999999999999999
