Rank,Host/device,Type,Operation,#Occurrences,Total time (us),Avg. time (us),Total self-time (us),Avg. self-time (us),Total self-time on Device (%),Cumulative total-self time on Device (%),Total self-time on Host (%),Cumulative total-self time on Host (%)
1,Device,IDLE,IDLE,0,16445.592,0.0,16445.592,0.0,0.05539753127574086,0.05539753127574086,0.0,0.0
2,Device,_Recv,IteratorGetNext/_2,2,6022.282,3011.141,6022.282,3011.141,0.020286260017050844,0.07568379129279171,0.0,0.0
3,Device,Conv2DBackpropFilter,gradient_tape/inception_v3/conv2d_4/Conv2D/Conv2DBackpropFilter,2,5435.401,2717.7005,5435.401,2717.7005,0.018309331576126485,0.0939931228689182,0.0,0.0
4,Device,FusedBatchNormGradV3,gradient_tape/inception_v3/batch_normalization_2/FusedBatchNormGradV3,2,5304.329,2652.1645,5304.329,2652.1645,0.017867811123753966,0.11186093399267216,0.0,0.0
5,Device,Conv2DBackpropInput,gradient_tape/inception_v3/conv2d_4/Conv2D/Conv2DBackpropInput,2,5002.248,2501.124,5002.248,2501.124,0.016850241087642947,0.1287111750803151,0.0,0.0
6,Device,Conv2DBackpropInput,gradient_tape/inception_v3/conv2d_2/Conv2D/Conv2DBackpropInput,2,4910.088,2455.044,4910.088,2455.044,0.01653979701956852,0.1452509720998836,0.0,0.0
7,Device,Conv2DBackpropFilter,gradient_tape/inception_v3/conv2d_2/Conv2D/Conv2DBackpropFilter,2,4894.728,2447.364,4894.728,2447.364,0.016488056341556114,0.16173902844143973,0.0,0.0
8,Device,Conv2D,inception_v3/conv2d_4/Conv2D,2,4705.288,2352.644,4705.288,2352.644,0.015849921312736454,0.1775889497541762,0.0,0.0
9,Device,FusedBatchNormV3,inception_v3/batch_normalization_2/FusedBatchNormV3,4,4489.224,1122.306,4489.224,1122.306,0.015122102442028629,0.19271105219620482,0.0,0.0
10,Device,Conv2DBackpropInput,gradient_tape/inception_v3/conv2d_1/Conv2D/Conv2DBackpropInput,2,3453.958,1726.979,3453.958,1726.979,0.011634774006925098,0.2043458262031299,0.0,0.0
11,Device,MaxPoolGrad,gradient_tape/inception_v3/max_pooling2d/MaxPool/MaxPoolGrad,2,3305.477,1652.7385,3305.477,1652.7385,0.011134610750938127,0.21548043695406804,0.0,0.0
12,Device,Conv2D,inception_v3/conv2d_2/Conv2D,2,3214.342,1607.171,3214.342,1607.171,0.010827619429931585,0.22630805638399962,0.0,0.0
13,Device,FusedBatchNormGradV3,gradient_tape/inception_v3/batch_normalization/FusedBatchNormGradV3,2,3196.933,1598.4665,3196.933,1598.4665,0.010768976626317135,0.23707703301031674,0.0,0.0
14,Device,Conv2DBackpropInput,gradient_tape/inception_v3/conv2d_26/Conv2D/Conv2DBackpropInput,2,3064.837,1532.4185,3064.837,1532.4185,0.010324006795410453,0.2474010398057272,0.0,0.0
15,Device,FusedBatchNormGradV3,gradient_tape/inception_v3/batch_normalization_4/FusedBatchNormGradV3,2,3054.597,1527.2985,3054.597,1527.2985,0.01028951301006885,0.25769055281579606,0.0,0.0
16,Device,Conv2DBackpropFilter,gradient_tape/inception_v3/conv2d_1/Conv2D/Conv2DBackpropFilter,2,2892.804,1446.402,2892.804,1446.402,0.009744507833137796,0.26743506064893385,0.0,0.0
17,Device,FusedBatchNormGradV3,gradient_tape/inception_v3/batch_normalization_1/FusedBatchNormGradV3,2,2873.349,1436.6745,2873.349,1436.6745,0.009678973009522475,0.2771140336584563,0.0,0.0
18,Device,ReluGrad,gradient_tape/inception_v3/activation_2/ReluGrad,2,2580.485,1290.2425,2580.485,1290.2425,0.008692450748752623,0.28580648440720896,0.0,0.0
19,Device,Conv2D,inception_v3/conv2d_1/Conv2D,2,2401.284,1200.642,2401.284,1200.642,0.008088806136740843,0.2938952905439498,0.0,0.0
20,Device,Conv2DBackpropFilter,gradient_tape/inception_v3/conv2d_26/Conv2D/Conv2DBackpropFilter,4,2187.268,546.817,2187.268,546.817,0.0073678860231013365,0.30126317656705115,0.0,0.0
21,Device,FusedBatchNormV3,inception_v3/batch_normalization_1/FusedBatchNormV3,4,1927.172,481.793,1927.172,481.793,0.006491743875424616,0.30775492044247577,0.0,0.0
22,Device,Conv2D,inception_v3/conv2d_26/Conv2D,4,1917.954,479.4885,1917.954,479.4885,0.006460692731549723,0.31421561317402547,0.0,0.0
23,Device,FusedBatchNormV3,inception_v3/batch_normalization_4/FusedBatchNormV3,4,1868.802,467.2005,1868.802,467.2005,0.006295122561910028,0.32051073573593547,0.0,0.0
24,Device,FusedBatchNormV3,inception_v3/batch_normalization/FusedBatchNormV3,4,1866.755,466.68875,1866.755,466.68875,0.006288227173375433,0.32679896290931093,0.0,0.0
25,Device,ReluGrad,gradient_tape/inception_v3/activation_4/ReluGrad,2,1746.947,873.4735,1746.947,873.4735,0.005884649884878675,0.3326836127941896,0.0,0.0
26,Device,Relu,inception_v3/activation_2/Relu,2,1605.634,802.817,1605.634,802.817,0.005408632278630827,0.33809224507282043,0.0,0.0
27,Device,Conv2DBackpropFilter,gradient_tape/inception_v3/conv2d/Conv2D/Conv2DBackpropFilter,2,1470.466,735.233,1470.466,735.233,0.004953314312121665,0.3430455593849421,0.0,0.0
28,Device,FusedBatchNormGradV3,gradient_tape/inception_v3/batch_normalization_3/FusedBatchNormGradV3,2,1356.802,678.401,1356.802,678.401,0.004570433294829869,0.34761599267977195,0.0,0.0
29,Device,ReluGrad,gradient_tape/inception_v3/activation/ReluGrad,2,1292.29,646.145,1292.29,646.145,0.00435312244717777,0.3519691151269497,0.0,0.0
30,Device,MaxPoolGrad,gradient_tape/inception_v3/max_pooling2d_1/MaxPool/MaxPoolGrad,2,1271.81,635.905,1271.81,635.905,0.004284134876494564,0.35625325000344427,0.0,0.0
31,Device,ReluGrad,gradient_tape/inception_v3/activation_1/ReluGrad,2,1267.714,633.857,1267.714,633.857,0.004270337362357922,0.3605235873658022,0.0,0.0
32,Device,Conv2DBackpropFilter,gradient_tape/inception_v3/conv2d_3/Conv2D/Conv2DBackpropFilter,2,1139.714,569.857,1139.714,569.857,0.0038391650455878823,0.3643627524113901,0.0,0.0
33,Device,Relu,inception_v3/activation_4/Relu,2,1098.754,549.377,1098.754,549.377,0.0037011899042214695,0.36806394231561157,0.0,0.0
34,Device,Conv2DBackpropFilter,gradient_tape/inception_v3/conv2d_17/Conv2D/Conv2DBackpropFilter,4,1091.586,272.8965,1091.586,272.8965,0.003677044254482348,0.3717409865700939,0.0,0.0
35,Device,Conv2DBackpropFilter,gradient_tape/inception_v3/conv2d_24/Conv2D/Conv2DBackpropFilter,4,1088.514,272.1285,1088.514,272.1285,0.0036666961188798666,0.3754076826889738,0.0,0.0
36,Device,Conv2DBackpropFilter,gradient_tape/inception_v3/conv2d_10/Conv2D/Conv2DBackpropFilter,4,1086.465,271.61625,1086.465,271.61625,0.0036597939932778213,0.3790674766822516,0.0,0.0
37,Device,MaxPool,inception_v3/max_pooling2d/MaxPool,2,1012.738,506.369,1012.738,506.369,0.0034114421073520034,0.3824789187896036,0.0,0.0
38,Device,FusedBatchNormV3,inception_v3/batch_normalization_3/FusedBatchNormV3,4,989.185,247.29625,989.185,247.29625,0.003332103032532591,0.3858110218221362,0.0,0.0
39,Device,AddN,SGD/gradients/AddN_12,2,931.841,465.9205,931.841,465.9205,0.0031389378346196135,0.38894995965675583,0.0,0.0
40,Device,Conv2DBackpropFilter,gradient_tape/inception_v3/conv2d_22/Conv2D/Conv2DBackpropFilter,2,922.625,461.3125,922.625,461.3125,0.0031078934278121707,0.392057853084568,0.0,0.0
41,Device,Conv2DBackpropFilter,gradient_tape/inception_v3/conv2d_27/Conv2D/Conv2DBackpropFilter,2,915.457,457.7285,915.457,457.7285,0.0030837477780730482,0.39514160086264105,0.0,0.0
42,Device,Conv2DBackpropFilter,gradient_tape/inception_v3/conv2d_25/Conv2D/Conv2DBackpropFilter,2,911.361,455.6805,911.361,455.6805,0.003069950263936407,0.39821155112657747,0.0,0.0
43,Device,Conv2DBackpropFilter,gradient_tape/inception_v3/conv2d_19/Conv2D/Conv2DBackpropFilter,2,888.834,444.417,888.834,444.417,0.002994067304718605,0.4012056184312961,0.0,0.0
44,Device,Conv2DBackpropFilter,gradient_tape/inception_v3/conv2d_20/Conv2D/Conv2DBackpropFilter,2,856.065,428.0325,856.065,428.0325,0.0028836838230917503,0.4040893022543878,0.0,0.0
45,Device,Conv2DBackpropFilter,gradient_tape/inception_v3/conv2d_9/Conv2D/Conv2DBackpropFilter,2,855.041,427.5205,855.041,427.5205,0.0028802344445575897,0.4069695366989454,0.0,0.0
46,Device,Conv2DBackpropFilter,gradient_tape/inception_v3/conv2d_23/Conv2D/Conv2DBackpropFilter,2,854.017,427.0085,854.017,427.0085,0.0028767850660234295,0.4098463217649688,0.0,0.0
47,Device,Conv2DBackpropFilter,gradient_tape/inception_v3/conv2d_28/Conv2D/Conv2DBackpropFilter,2,849.921,424.9605,849.921,424.9605,0.0028629875518867884,0.4127093093168556,0.0,0.0
48,Device,Conv2DBackpropFilter,gradient_tape/inception_v3/conv2d_16/Conv2D/Conv2DBackpropFilter,2,847.873,423.9365,847.873,423.9365,0.0028560887948184677,0.4155653981116741,0.0,0.0
49,Device,Relu,inception_v3/activation/Relu,2,832.513,416.2565,832.513,416.2565,0.002804348116806063,0.41836974622848017,0.0,0.0
50,Device,AddN,SGD/gradients/AddN_13,2,830.465,415.2325,830.465,415.2325,0.0027974493597377422,0.4211671955882179,0.0,0.0
51,Device,Conv2DBackpropFilter,gradient_tape/inception_v3/conv2d_90/Conv2D/Conv2DBackpropFilter,4,814.081,203.52025,814.081,203.52025,0.002742259303191177,0.4239094548914091,0.0,0.0
52,Device,Conv2D,inception_v3/conv2d_10/Conv2D,2,813.058,406.529,813.058,406.529,0.0027388132931907413,0.42664826818459983,0.0,0.0
53,Device,Conv2DBackpropFilter,gradient_tape/inception_v3/conv2d_81/Conv2D/Conv2DBackpropFilter,4,812.033,203.00825,812.033,203.00825,0.0027353605461228566,0.42938362873072267,0.0,0.0
54,Device,Conv2DBackpropInput,gradient_tape/inception_v3/conv2d_24/Conv2D/Conv2DBackpropInput,2,809.985,404.9925,809.985,404.9925,0.002728461789054536,0.4321120905197772,0.0,0.0
55,Device,Conv2DBackpropInput,gradient_tape/inception_v3/conv2d_17/Conv2D/Conv2DBackpropInput,2,808.961,404.4805,808.961,404.4805,0.0027250124105203753,0.4348371029302976,0.0,0.0
56,Device,Conv2D,inception_v3/conv2d_24/Conv2D,2,808.961,404.4805,808.961,404.4805,0.0027250124105203753,0.43756211534081796,0.0,0.0
57,Device,Conv2D,inception_v3/conv2d_17/Conv2D,2,807.938,403.969,807.938,403.969,0.0027215664005199396,0.4402836817413379,0.0,0.0
58,Device,Conv2DBackpropInput,gradient_tape/inception_v3/conv2d_10/Conv2D/Conv2DBackpropInput,2,806.914,403.457,806.914,403.457,0.0027181170219857794,0.4430017987633237,0.0,0.0
59,Device,Relu,inception_v3/activation_1/Relu,2,801.792,400.896,801.792,400.896,0.0027008633922475287,0.4457026621555712,0.0,0.0
60,Device,ReluGrad,gradient_tape/inception_v3/activation_3/ReluGrad,2,771.074,385.537,771.074,385.537,0.0025973887732901684,0.4483000509288614,0.0,0.0
61,Device,AddN,SGD/gradients/AddN_11,2,751.617,375.8085,751.617,375.8085,0.0025318472126073977,0.4508318981414688,0.0,0.0
62,Device,MaxPool,inception_v3/max_pooling2d_1/MaxPool,2,706.562,353.281,706.562,353.281,0.0023800779256380683,0.45321197606710684,0.0,0.0
63,Device,Conv2DBackpropInput,gradient_tape/inception_v3/conv2d_81/Conv2D/Conv2DBackpropInput,4,702.465,175.61625,702.465,175.61625,0.0023662770429677027,0.45557825311007455,0.0,0.0
64,Device,Conv2DBackpropInput,gradient_tape/inception_v3/conv2d_90/Conv2D/Conv2DBackpropInput,4,702.465,175.61625,702.465,175.61625,0.0023662770429677027,0.45794453015304226,0.0,0.0
65,Device,Conv2D,inception_v3/conv2d_3/Conv2D,2,698.37,349.185,698.37,349.185,0.002352482897364786,0.46029701305040704,0.0,0.0
66,Device,AvgPoolGrad,gradient_tape/inception_v3/average_pooling2d_2/AvgPoolGrad,2,686.081,343.0405,686.081,343.0405,0.0023110869864211374,0.4626081000368282,0.0,0.0
67,Device,Conv2D,inception_v3/conv2d/Conv2D,2,675.842,337.921,675.842,337.921,0.002276596569613259,0.46488469660644144,0.0,0.0
68,Device,Conv2DBackpropFilter,gradient_tape/inception_v3/conv2d_74/Conv2D/Conv2DBackpropFilter,2,665.602,332.801,665.602,332.801,0.0022421027842716556,0.4671267993907131,0.0,0.0
69,Device,Conv2DBackpropFilter,gradient_tape/inception_v3/conv2d_65/Conv2D/Conv2DBackpropFilter,2,664.577,332.2885,664.577,332.2885,0.0022386500372037705,0.46936544942791686,0.0,0.0
70,Device,Conv2DBackpropFilter,gradient_tape/inception_v3/conv2d_67/Conv2D/Conv2DBackpropFilter,2,663.554,331.777,663.554,331.777,0.002235204027203335,0.4716006534551202,0.0,0.0
71,Device,Conv2DBackpropFilter,gradient_tape/inception_v3/conv2d_63/Conv2D/Conv2DBackpropFilter,2,662.529,331.2645,662.529,331.2645,0.00223175128013545,0.4738324047352557,0.0,0.0
72,Device,Conv2D,inception_v3/conv2d_89/Conv2D,4,637.952,159.488,637.952,159.488,0.0021489628267818777,0.47598136756203757,0.0,0.0
73,Device,Conv2DBackpropFilter,gradient_tape/inception_v3/conv2d_14/Conv2D/Conv2DBackpropFilter,4,635.905,158.97625,635.905,158.97625,0.002142067438247282,0.47812343500028487,0.0,0.0
74,Device,Conv2DBackpropFilter,gradient_tape/inception_v3/conv2d_21/Conv2D/Conv2DBackpropFilter,4,633.857,158.46425,633.857,158.46425,0.002135168681178961,0.48025860368146384,0.0,0.0
75,Device,Conv2DBackpropFilter,gradient_tape/inception_v3/conv2d_73/Conv2D/Conv2DBackpropFilter,2,632.833,316.4165,632.833,316.4165,0.002131719302644801,0.4823903229841086,0.0,0.0
76,Device,Conv2DBackpropFilter,gradient_tape/inception_v3/conv2d_7/Conv2D/Conv2DBackpropFilter,4,631.809,157.95225,631.809,157.95225,0.0021282699241106403,0.48451859290821925,0.0,0.0
77,Device,Conv2DBackpropFilter,gradient_tape/inception_v3/conv2d_62/Conv2D/Conv2DBackpropFilter,2,628.738,314.369,628.738,314.369,0.0021179251570418844,0.48663651806526115,0.0,0.0
78,Device,Conv2DBackpropFilter,gradient_tape/inception_v3/conv2d_66/Conv2D/Conv2DBackpropFilter,2,628.737,314.3685,628.737,314.3685,0.0021179217885081594,0.4887544398537693,0.0,0.0
79,Device,Conv2DBackpropFilter,gradient_tape/inception_v3/conv2d_68/Conv2D/Conv2DBackpropFilter,2,628.737,314.3685,628.737,314.3685,0.0021179217885081594,0.4908723616422775,0.0,0.0
80,Device,AddN,SGD/gradients/AddN_14,2,626.689,313.3445,626.689,313.3445,0.0021110230314398386,0.49298338467371733,0.0,0.0
81,Device,Conv2DBackpropFilter,gradient_tape/inception_v3/conv2d_38/Conv2D/Conv2DBackpropFilter,2,626.689,313.3445,626.689,313.3445,0.0021110230314398386,0.49509440770515717,0.0,0.0
82,Device,Conv2D,inception_v3/conv2d_16/Conv2D,2,621.569,310.7845,621.569,310.7845,0.0020937761387690374,0.4971881838439262,0.0,0.0
83,Device,Conv2D,inception_v3/conv2d_23/Conv2D,2,618.498,309.249,618.498,309.249,0.0020834313717002814,0.4992716152156265,0.0,0.0
84,Device,Conv2D,inception_v3/conv2d_9/Conv2D,2,618.497,309.2485,618.497,309.2485,0.0020834280031665564,0.5013550432187931,0.0,0.0
85,Device,Conv2D,inception_v3/conv2d_28/Conv2D,2,615.426,307.713,615.426,307.713,0.0020730832360978005,0.5034281264548909,0.0,0.0
86,Device,AvgPoolGrad,gradient_tape/inception_v3/average_pooling2d_1/AvgPoolGrad,2,609.281,304.6405,609.281,304.6405,0.002052383596359113,0.5054805100512499,0.0,0.0
87,Device,Conv2D,inception_v3/conv2d_65/Conv2D,4,600.065,150.01625,600.065,150.01625,0.002021339189551671,0.5075018492408017,0.0,0.0
88,Device,Conv2D,inception_v3/conv2d_63/Conv2D,4,599.04,149.76,599.04,149.76,0.0020178864424837853,0.5095197356832855,0.0,0.0
89,Device,Conv2D,inception_v3/conv2d_67/Conv2D,4,598.017,149.50425,598.017,149.50425,0.00201444043248335,0.5115341761157688,0.0,0.0
90,Device,Conv2D,inception_v3/conv2d_74/Conv2D,4,595.969,148.99225,595.969,148.99225,0.0020075416754150297,0.5135417177911838,0.0,0.0
91,Device,Conv2DBackpropFilter,gradient_tape/inception_v3/conv2d_12/Conv2D/Conv2DBackpropFilter,2,588.801,294.4005,588.801,294.4005,0.0019833960256759073,0.5155251138168597,0.0,0.0
92,Device,Conv2DBackpropFilter,gradient_tape/inception_v3/conv2d_43/Conv2D/Conv2DBackpropFilter,4,584.705,146.17625,584.705,146.17625,0.001969598511539266,0.5174947123283989,0.0,0.0
93,Device,Conv2DBackpropFilter,gradient_tape/inception_v3/conv2d_53/Conv2D/Conv2DBackpropFilter,4,580.608,145.152,580.608,145.152,0.0019557976288688997,0.5194505099572678,0.0,0.0
94,Device,AddN,SGD/gradients/AddN_10,2,578.561,289.2805,578.561,289.2805,0.001948902240334304,0.5213994121976021,0.0,0.0
95,Device,AddN,SGD/gradients/AddN_9,2,577.537,288.7685,577.537,288.7685,0.001945452861800144,0.5233448650594023,0.0,0.0
96,Device,AddN,SGD/gradients/AddN_7,2,577.536,288.768,577.536,288.768,0.0019454494932664187,0.5252903145526687,0.0,0.0
97,Device,Conv2DBackpropFilter,gradient_tape/inception_v3/conv2d_48/Conv2D/Conv2DBackpropFilter,4,576.513,144.12825,576.513,144.12825,0.0019420034832659835,0.5272323180359347,0.0,0.0
98,Device,Conv2DBackpropFilter,gradient_tape/inception_v3/conv2d_58/Conv2D/Conv2DBackpropFilter,4,576.512,144.128,576.512,144.128,0.0019420001147322583,0.529174318150667,0.0,0.0
99,Device,AddN,SGD/gradients/AddN_8,2,574.465,287.2325,574.465,287.2325,0.0019351047261976628,0.5311094228768646,0.0,0.0
100,Device,Conv2DBackpropFilter,gradient_tape/inception_v3/conv2d_15/Conv2D/Conv2DBackpropFilter,2,572.417,286.2085,572.417,286.2085,0.0019282059691293422,0.5330376288459939,0.0,0.0
101,Device,Conv2DBackpropFilter,gradient_tape/inception_v3/conv2d_47/Conv2D/Conv2DBackpropFilter,4,571.393,142.84825,571.393,142.84825,0.0019247565905951818,0.5349623854365891,0.0,0.0
102,Device,Conv2D,inception_v3/conv2d_86/Conv2D,2,570.37,285.185,570.37,285.185,0.0019213105805947462,0.5368836960171839,0.0,0.0
103,Device,Conv2DBackpropFilter,gradient_tape/inception_v3/conv2d_18/Conv2D/Conv2DBackpropFilter,2,570.369,285.1845,570.369,285.1845,0.0019213072120610217,0.538805003229245,0.0,0.0
104,Device,Conv2DBackpropFilter,gradient_tape/inception_v3/conv2d_45/Conv2D/Conv2DBackpropFilter,4,570.369,142.59225,570.369,142.59225,0.0019213072120610217,0.540726310441306,0.0,0.0
105,Device,Conv2DBackpropFilter,gradient_tape/inception_v3/conv2d_57/Conv2D/Conv2DBackpropFilter,4,568.322,142.0805,568.322,142.0805,0.0019144118235264256,0.5426407222648325,0.0,0.0
106,Device,Conv2DBackpropFilter,gradient_tape/inception_v3/conv2d_55/Conv2D/Conv2DBackpropFilter,4,567.298,141.8245,567.298,141.8245,0.0019109624449922652,0.5445516847098247,0.0,0.0
107,Device,AvgPool,inception_v3/average_pooling2d_2/AvgPool,2,567.298,283.649,567.298,283.649,0.0019109624449922652,0.546462647154817,0.0,0.0
108,Device,Conv2DBackpropFilter,gradient_tape/inception_v3/conv2d_33/Conv2D/Conv2DBackpropFilter,2,567.297,283.6485,567.297,283.6485,0.0019109590764585407,0.5483736062312755,0.0,0.0
109,Device,Conv2D,inception_v3/conv2d_73/Conv2D,4,560.128,140.032,560.128,140.032,0.0018868100581856937,0.5502604162894612,0.0,0.0
110,Device,Conv2D,inception_v3/conv2d_66/Conv2D,4,557.058,139.2645,557.058,139.2645,0.001876468659650662,0.5521368849491118,0.0,0.0
111,Device,Conv2D,inception_v3/conv2d_62/Conv2D,4,557.057,139.26425,557.057,139.26425,0.0018764652911169373,0.5540133502402288,0.0,0.0
112,Device,Conv2D,inception_v3/conv2d_68/Conv2D,4,555.008,138.752,555.008,138.752,0.001869563165514892,0.5558829134057437,0.0,0.0
113,Device,Conv2D,inception_v3/conv2d_85/Conv2D,2,555.008,277.504,555.008,277.504,0.001869563165514892,0.5577524765712586,0.0,0.0
114,Device,Conv2DBackpropFilter,gradient_tape/inception_v3/conv2d_46/Conv2D/Conv2DBackpropFilter,2,548.865,274.4325,548.865,274.4325,0.001848870262843655,0.5596013468341022,0.0,0.0
115,Device,Conv2DBackpropFilter,gradient_tape/inception_v3/conv2d_42/Conv2D/Conv2DBackpropFilter,2,548.864,274.432,548.864,274.432,0.0018488668943099302,0.5614502137284122,0.0,0.0
116,Device,Conv2DBackpropFilter,gradient_tape/inception_v3/conv2d_56/Conv2D/Conv2DBackpropFilter,2,547.841,273.9205,547.841,273.9205,0.0018454208843094945,0.5632956346127217,0.0,0.0
117,Device,Conv2DBackpropFilter,gradient_tape/inception_v3/conv2d_52/Conv2D/Conv2DBackpropFilter,2,546.817,273.4085,546.817,273.4085,0.0018419715057753341,0.5651376061184971,0.0,0.0
118,Device,Conv2DBackpropInput,gradient_tape/inception_v3/conv2d_16/Conv2D/Conv2DBackpropInput,2,537.601,268.8005,537.601,268.8005,0.0018109270989678913,0.566948533217465,0.0,0.0
119,Device,Conv2DBackpropInput,gradient_tape/inception_v3/conv2d_23/Conv2D/Conv2DBackpropInput,2,537.601,268.8005,537.601,268.8005,0.0018109270989678913,0.5687594603164329,0.0,0.0
120,Device,Conv2DBackpropInput,gradient_tape/inception_v3/conv2d_28/Conv2D/Conv2DBackpropInput,2,536.577,268.2885,536.577,268.2885,0.001807477720433731,0.5705669380368666,0.0,0.0
121,Device,Conv2DBackpropFilter,gradient_tape/inception_v3/conv2d_39/Conv2D/Conv2DBackpropFilter,2,536.577,268.2885,536.577,268.2885,0.001807477720433731,0.5723744157573004,0.0,0.0
122,Device,Conv2DBackpropFilter,gradient_tape/inception_v3/conv2d_64/Conv2D/Conv2DBackpropFilter,2,536.577,268.2885,536.577,268.2885,0.001807477720433731,0.5741818934777342,0.0,0.0
123,Device,Conv2DBackpropFilter,gradient_tape/inception_v3/conv2d_30/Conv2D/Conv2DBackpropFilter,2,536.576,268.288,536.576,268.288,0.0018074743519000064,0.5759893678296342,0.0,0.0
124,Device,Conv2DBackpropFilter,gradient_tape/inception_v3/conv2d_40/Conv2D/Conv2DBackpropFilter,2,536.576,268.288,536.576,268.288,0.0018074743519000064,0.5777968421815342,0.0,0.0
125,Device,Conv2DBackpropInput,gradient_tape/inception_v3/conv2d_9/Conv2D/Conv2DBackpropInput,2,535.553,267.7765,535.553,267.7765,0.0018040283418995708,0.5796008705234337,0.0,0.0
126,Device,Conv2DBackpropFilter,gradient_tape/inception_v3/conv2d_49/Conv2D/Conv2DBackpropFilter,2,534.529,267.2645,534.529,267.2645,0.0018005789633654104,0.5814014494867991,0.0,0.0
127,Device,Conv2DBackpropFilter,gradient_tape/inception_v3/conv2d_70/Conv2D/Conv2DBackpropFilter,2,534.529,267.2645,534.529,267.2645,0.0018005789633654104,0.5832020284501644,0.0,0.0
128,Device,Conv2DBackpropFilter,gradient_tape/inception_v3/conv2d_72/Conv2D/Conv2DBackpropFilter,2,534.529,267.2645,534.529,267.2645,0.0018005789633654104,0.5850026074135298,0.0,0.0
129,Device,Conv2DBackpropFilter,gradient_tape/inception_v3/conv2d_13/Conv2D/Conv2DBackpropFilter,2,534.528,267.264,534.528,267.264,0.0018005755948316856,0.5868031830083615,0.0,0.0
130,Device,Conv2DBackpropFilter,gradient_tape/inception_v3/conv2d_50/Conv2D/Conv2DBackpropFilter,2,533.505,266.7525,533.505,266.7525,0.00179712958483125,0.5886003125931928,0.0,0.0
131,Device,Conv2DBackpropFilter,gradient_tape/inception_v3/conv2d_61/Conv2D/Conv2DBackpropFilter,2,533.505,266.7525,533.505,266.7525,0.00179712958483125,0.590397442178024,0.0,0.0
132,Device,Conv2DBackpropFilter,gradient_tape/inception_v3/conv2d_59/Conv2D/Conv2DBackpropFilter,2,532.481,266.2405,532.481,266.2405,0.0017936802062970896,0.5921911223843211,0.0,0.0
133,Device,Conv2DBackpropFilter,gradient_tape/inception_v3/conv2d_60/Conv2D/Conv2DBackpropFilter,2,532.481,266.2405,532.481,266.2405,0.0017936802062970896,0.5939848025906183,0.0,0.0
134,Device,Conv2DBackpropFilter,gradient_tape/inception_v3/conv2d_69/Conv2D/Conv2DBackpropFilter,2,532.48,266.24,532.48,266.24,0.001793676837763365,0.5957784794283816,0.0,0.0
135,Device,Conv2D,inception_v3/conv2d_53/Conv2D,4,525.313,131.32825,525.313,131.32825,0.0017695345565579676,0.5975480139849395,0.0,0.0
136,Device,Conv2D,inception_v3/conv2d_43/Conv2D,4,522.24,130.56,522.24,130.56,0.001759183052421762,0.5993071970373612,0.0,0.0
137,Device,Conv2DBackpropFilter,gradient_tape/inception_v3/conv2d_5/Conv2D/Conv2DBackpropFilter,2,520.193,260.0965,520.193,260.0965,0.0017522876638871659,0.6010594847012484,0.0,0.0
138,Device,Conv2DBackpropFilter,gradient_tape/inception_v3/conv2d_8/Conv2D/Conv2DBackpropFilter,2,519.169,259.5845,519.169,259.5845,0.0017488382853530055,0.6028083229866014,0.0,0.0
139,Device,Conv2D,inception_v3/conv2d_45/Conv2D,4,507.905,126.97625,507.905,126.97625,0.001710895121477242,0.6045192181080786,0.0,0.0
140,Device,Conv2D,inception_v3/conv2d_57/Conv2D,4,505.858,126.4645,505.858,126.4645,0.0017039997329426463,0.6062232178410213,0.0,0.0
141,Device,Conv2D,inception_v3/conv2d_47/Conv2D,4,505.856,126.464,505.856,126.464,0.0017039929958751966,0.6079272108368965,0.0,0.0
142,Device,Conv2D,inception_v3/conv2d_55/Conv2D,4,503.809,125.95225,503.809,125.95225,0.001697097607340601,0.6096243084442371,0.0,0.0
143,Device,Conv2DBackpropFilter,gradient_tape/inception_v3/conv2d_54/Conv2D/Conv2DBackpropFilter,2,502.786,251.393,502.786,251.393,0.0016936515973401654,0.6113179600415772,0.0,0.0
144,Device,Conv2DBackpropFilter,gradient_tape/inception_v3/conv2d_51/Conv2D/Conv2DBackpropFilter,2,502.785,251.3925,502.785,251.3925,0.0016936482288064407,0.6130116082703837,0.0,0.0
145,Device,Conv2D,inception_v3/conv2d_14/Conv2D,2,502.785,251.3925,502.785,251.3925,0.0016936482288064407,0.6147052564991902,0.0,0.0
146,Device,Conv2DBackpropFilter,gradient_tape/inception_v3/conv2d_44/Conv2D/Conv2DBackpropFilter,2,502.784,251.392,502.784,251.392,0.0016936448602727157,0.6163989013594628,0.0,0.0
147,Device,Conv2D,inception_v3/conv2d_7/Conv2D,2,501.761,250.8805,501.761,250.8805,0.0016901988502722803,0.6180891002097352,0.0,0.0
148,Device,Conv2DBackpropInput,gradient_tape/inception_v3/conv2d_63/Conv2D/Conv2DBackpropInput,4,499.713,124.92825,499.713,124.92825,0.0016833000932039597,0.6197724003029391,0.0,0.0
149,Device,Conv2DBackpropFilter,gradient_tape/inception_v3/conv2d_41/Conv2D/Conv2DBackpropFilter,2,499.712,249.856,499.712,249.856,0.0016832967246702348,0.6214556970276094,0.0,0.0
150,Device,Conv2DBackpropInput,gradient_tape/inception_v3/conv2d_74/Conv2D/Conv2DBackpropInput,4,499.712,124.928,499.712,124.928,0.0016832967246702348,0.6231389937522797,0.0,0.0
151,Device,Conv2D,inception_v3/conv2d_21/Conv2D,2,499.712,249.856,499.712,249.856,0.0016832967246702348,0.6248222904769499,0.0,0.0
152,Device,Conv2DBackpropInput,gradient_tape/inception_v3/conv2d_66/Conv2D/Conv2DBackpropInput,4,498.689,124.67225,498.689,124.67225,0.0016798507146697993,0.6265021411916197,0.0,0.0
153,Device,AvgPool,inception_v3/average_pooling2d_1/AvgPool,2,498.688,249.344,498.688,249.344,0.0016798473461360744,0.6281819885377558,0.0,0.0
154,Device,Conv2D,inception_v3/conv2d_90/Conv2D,4,497.666,124.4165,497.666,124.4165,0.0016764047046693637,0.6298583932424251,0.0,0.0
155,Device,Conv2DBackpropInput,gradient_tape/inception_v3/conv2d_67/Conv2D/Conv2DBackpropInput,4,497.664,124.416,497.664,124.416,0.0016763979676019142,0.631534791210027,0.0,0.0
156,Device,Conv2DBackpropInput,gradient_tape/inception_v3/conv2d_21/Conv2D/Conv2DBackpropInput,2,496.641,248.3205,496.641,248.3205,0.0016729519576014788,0.6332077431676285,0.0,0.0
157,Device,Conv2DBackpropInput,gradient_tape/inception_v3/conv2d_65/Conv2D/Conv2DBackpropInput,4,496.641,124.16025,496.641,124.16025,0.0016729519576014788,0.63488069512523,0.0,0.0
158,Device,Conv2DBackpropInput,gradient_tape/inception_v3/conv2d_68/Conv2D/Conv2DBackpropInput,4,496.641,124.16025,496.641,124.16025,0.0016729519576014788,0.6365536470828316,0.0,0.0
159,Device,Conv2DBackpropInput,gradient_tape/inception_v3/conv2d_7/Conv2D/Conv2DBackpropInput,2,496.641,248.3205,496.641,248.3205,0.0016729519576014788,0.6382265990404331,0.0,0.0
160,Device,Conv2DBackpropInput,gradient_tape/inception_v3/conv2d_73/Conv2D/Conv2DBackpropInput,4,496.641,124.16025,496.641,124.16025,0.0016729519576014788,0.6398995509980346,0.0,0.0
161,Device,Relu,inception_v3/activation_3/Relu,2,496.641,248.3205,496.641,248.3205,0.0016729519576014788,0.6415725029556362,0.0,0.0
162,Device,Conv2DBackpropInput,gradient_tape/inception_v3/conv2d_62/Conv2D/Conv2DBackpropInput,4,496.64,124.16,496.64,124.16,0.0016729485890677538,0.6432454515447039,0.0,0.0
163,Device,Conv2DBackpropInput,gradient_tape/inception_v3/conv2d_14/Conv2D/Conv2DBackpropInput,2,495.617,247.8085,495.617,247.8085,0.0016695025790673184,0.6449149541237712,0.0,0.0
164,Device,Conv2D,inception_v3/conv2d_81/Conv2D,4,493.57,123.3925,493.57,123.3925,0.0016626071905327224,0.6465775613143039,0.0,0.0
165,Device,Conv2DBackpropInput,gradient_tape/inception_v3/conv2d_29/Conv2D/Conv2DBackpropInput,2,492.545,246.2725,492.545,246.2725,0.0016591544434648375,0.6482367157577688,0.0,0.0
166,Device,Conv2DBackpropFilter,gradient_tape/inception_v3/conv2d_78/Conv2D/Conv2DBackpropFilter,2,489.473,244.7365,489.473,244.7365,0.0016488063078623565,0.6498855220656311,0.0,0.0
167,Device,Conv2DBackpropFilter,gradient_tape/inception_v3/conv2d_87/Conv2D/Conv2DBackpropFilter,2,488.449,244.2245,488.449,244.2245,0.0016453569293281962,0.6515308789949593,0.0,0.0
168,Device,Conv2DBackpropFilter,gradient_tape/inception_v3/conv2d_82/Conv2D/Conv2DBackpropFilter,2,487.425,243.7125,487.425,243.7125,0.0016419075507940358,0.6531727865457534,0.0,0.0
169,Device,Conv2DBackpropFilter,gradient_tape/inception_v3/conv2d_91/Conv2D/Conv2DBackpropFilter,2,487.425,243.7125,487.425,243.7125,0.0016419075507940358,0.6548146940965475,0.0,0.0
170,Device,Conv2DBackpropInput,gradient_tape/inception_v3/conv2d_3/Conv2D/Conv2DBackpropInput,2,486.401,243.2005,486.401,243.2005,0.0016384581722598756,0.6564531522688073,0.0,0.0
171,Device,Conv2DBackpropInput,gradient_tape/inception_v3/conv2d_53/Conv2D/Conv2DBackpropInput,4,481.28,120.32,481.28,120.32,0.001621207911055349,0.6580743601798626,0.0,0.0
172,Device,Conv2DBackpropInput,gradient_tape/inception_v3/conv2d_58/Conv2D/Conv2DBackpropInput,4,479.233,119.80825,479.233,119.80825,0.0016143125225207534,0.6596886727023834,0.0,0.0
173,Device,Conv2DBackpropInput,gradient_tape/inception_v3/conv2d_43/Conv2D/Conv2DBackpropInput,4,478.209,119.55225,478.209,119.55225,0.001610863143986593,0.66129953584637,0.0,0.0
174,Device,Conv2DBackpropInput,gradient_tape/inception_v3/conv2d_48/Conv2D/Conv2DBackpropInput,4,478.209,119.55225,478.209,119.55225,0.001610863143986593,0.6629103989903566,0.0,0.0
175,Device,Conv2D,inception_v3/conv2d_48/Conv2D,4,477.185,119.29625,477.185,119.29625,0.0016074137654524326,0.6645178127558091,0.0,0.0
176,Device,Conv2D,inception_v3/conv2d_58/Conv2D,4,476.16,119.04,476.16,119.04,0.0016039610183845477,0.6661217737741937,0.0,0.0
177,Device,Conv2D,inception_v3/conv2d_52/Conv2D,4,475.137,118.78425,475.137,118.78425,0.001600515008384112,0.6677222887825778,0.0,0.0
178,Device,Conv2D,inception_v3/conv2d_46/Conv2D,4,474.114,118.5285,474.114,118.5285,0.0015970689983836764,0.6693193577809614,0.0,0.0
179,Device,Conv2D,inception_v3/conv2d_42/Conv2D,4,472.064,118.016,472.064,118.016,0.0015901635042479064,0.6709095212852093,0.0,0.0
180,Device,AddN,SGD/gradients/AddN_6,2,463.873,231.9365,463.873,231.9365,0.0015625718445083485,0.6724720931297177,0.0,0.0
181,Device,Conv2D,inception_v3/conv2d_56/Conv2D,4,459.777,114.94425,459.777,114.94425,0.0015487743303717071,0.6740208674600894,0.0,0.0
182,Device,AvgPoolGrad,gradient_tape/inception_v3/average_pooling2d/AvgPoolGrad,2,458.753,229.3765,458.753,229.3765,0.0015453249518375468,0.675566192411927,0.0,0.0
183,Device,Conv2DBackpropFilter,gradient_tape/inception_v3/conv2d_89/Conv2D/Conv2DBackpropFilter,4,453.633,113.40825,453.633,113.40825,0.0015280780591667453,0.6770942704710937,0.0,0.0
184,Device,Conv2DBackpropInput,gradient_tape/inception_v3/conv2d_89/Conv2D/Conv2DBackpropInput,2,453.633,226.8165,453.633,226.8165,0.0015280780591667453,0.6786223485302605,0.0,0.0
185,Device,Conv2DBackpropInput,gradient_tape/inception_v3/conv2d_27/Conv2D/Conv2DBackpropInput,2,448.513,224.2565,448.513,224.2565,0.0015108311664959436,0.6801331796967565,0.0,0.0
186,Device,Conv2DBackpropFilter,gradient_tape/inception_v3/conv2d_6/Conv2D/Conv2DBackpropFilter,2,448.513,224.2565,448.513,224.2565,0.0015108311664959436,0.6816440108632524,0.0,0.0
187,Device,Conv2DBackpropInput,gradient_tape/inception_v3/conv2d_22/Conv2D/Conv2DBackpropInput,2,447.489,223.7445,447.489,223.7445,0.0015073817879617834,0.6831513926512143,0.0,0.0
188,Device,Conv2DBackpropInput,gradient_tape/inception_v3/conv2d_25/Conv2D/Conv2DBackpropInput,2,444.417,222.2085,444.417,222.2085,0.0014970336523593025,0.6846484263035736,0.0,0.0
189,Device,Conv2D,inception_v3/conv2d_33/Conv2D,4,443.393,110.84825,443.393,110.84825,0.001493584273825142,0.6861420105773988,0.0,0.0
190,Device,Conv2DBackpropInput,gradient_tape/inception_v3/conv2d_19/Conv2D/Conv2DBackpropInput,2,442.369,221.1845,442.369,221.1845,0.001490134895290982,0.6876321454726897,0.0,0.0
191,Device,Conv2DBackpropFilter,gradient_tape/inception_v3/conv2d_86/Conv2D/Conv2DBackpropFilter,4,429.057,107.26425,429.057,107.26425,0.0014452929743468978,0.6890774384470366,0.0,0.0
192,Device,MaxPoolGrad,gradient_tape/inception_v3/max_pooling2d_2/MaxPool/MaxPoolGrad,2,429.056,214.528,429.056,214.528,0.0014452896058131728,0.6905227280528498,0.0,0.0
193,Device,Conv2DBackpropInput,gradient_tape/inception_v3/conv2d_45/Conv2D/Conv2DBackpropInput,4,428.033,107.00825,428.033,107.00825,0.0014418435958127374,0.6919645716486625,0.0,0.0
194,Device,Conv2DBackpropInput,gradient_tape/inception_v3/conv2d_46/Conv2D/Conv2DBackpropInput,4,428.033,107.00825,428.033,107.00825,0.0014418435958127374,0.6934064152444753,0.0,0.0
195,Device,ConcatV2,inception_v3/mixed1/concat,8,428.033,53.504125,428.033,53.504125,0.0014418435958127374,0.6948482588402881,0.0,0.0
196,Device,Conv2DBackpropInput,gradient_tape/inception_v3/conv2d_52/Conv2D/Conv2DBackpropInput,4,428.032,107.008,428.032,107.008,0.0014418402272790125,0.6962900990675671,0.0,0.0
197,Device,Conv2DBackpropInput,gradient_tape/inception_v3/conv2d_42/Conv2D/Conv2DBackpropInput,4,427.009,106.75225,427.009,106.75225,0.001438394217278577,0.6977284932848457,0.0,0.0
198,Device,Conv2DBackpropInput,gradient_tape/inception_v3/conv2d_55/Conv2D/Conv2DBackpropInput,4,427.008,106.752,427.008,106.752,0.0014383908487448523,0.6991668841335905,0.0,0.0
199,Device,Conv2DBackpropInput,gradient_tape/inception_v3/conv2d_71/Conv2D/Conv2DBackpropInput,2,424.961,212.4805,424.961,212.4805,0.0014314954602102565,0.7005983795938008,0.0,0.0
200,Device,ConcatV2,inception_v3/mixed2/concat,8,424.961,53.120125,424.961,53.120125,0.0014314954602102565,0.702029875054011,0.0,0.0
201,Device,Conv2DBackpropInput,gradient_tape/inception_v3/conv2d_56/Conv2D/Conv2DBackpropInput,4,424.96,106.24,424.96,106.24,0.0014314920916765315,0.7034613671456875,0.0,0.0
202,Device,Conv2DBackpropInput,gradient_tape/inception_v3/conv2d_47/Conv2D/Conv2DBackpropInput,4,423.937,105.98425,423.937,105.98425,0.001428046081676096,0.7048894132273636,0.0,0.0
203,Device,Conv2DBackpropInput,gradient_tape/inception_v3/conv2d_57/Conv2D/Conv2DBackpropInput,4,421.888,105.472,421.888,105.472,0.0014211439560740506,0.7063105571834377,0.0,0.0
204,Device,Conv2DBackpropFilter,gradient_tape/inception_v3/conv2d_85/Conv2D/Conv2DBackpropFilter,4,419.841,104.96025,419.841,104.96025,0.0014142485675394548,0.7077248057509772,0.0,0.0
205,Device,Conv2D,inception_v3/conv2d_80/Conv2D,4,412.672,103.168,412.672,103.168,0.001390099549266608,0.7091149053002438,0.0,0.0
206,Device,Conv2DBackpropFilter,gradient_tape/inception_v3/conv2d_34/Conv2D/Conv2DBackpropFilter,2,411.649,205.8245,411.649,205.8245,0.0013866535392661724,0.7105015588395099,0.0,0.0
207,Device,Conv2DBackpropFilter,gradient_tape/inception_v3/conv2d_31/Conv2D/Conv2DBackpropFilter,2,410.625,205.3125,410.625,205.3125,0.001383204160732012,0.711884763000242,0.0,0.0
208,Device,Conv2DBackpropInput,gradient_tape/inception_v3/conv2d_86/Conv2D/Conv2DBackpropInput,2,409.601,204.8005,409.601,204.8005,0.0013797547821978516,0.7132645177824398,0.0,0.0
209,Device,AvgPoolGrad,gradient_tape/inception_v3/average_pooling2d_3/AvgPoolGrad,2,405.505,202.7525,405.505,202.7525,0.0013659572680612105,0.714630475050501,0.0,0.0
210,Device,AvgPoolGrad,gradient_tape/inception_v3/average_pooling2d_5/AvgPoolGrad,2,404.481,202.2405,404.481,202.2405,0.00136250788952705,0.7159929829400281,0.0,0.0
211,Device,AvgPoolGrad,gradient_tape/inception_v3/average_pooling2d_6/AvgPoolGrad,2,404.481,202.2405,404.481,202.2405,0.00136250788952705,0.7173554908295552,0.0,0.0
212,Device,AvgPoolGrad,gradient_tape/inception_v3/average_pooling2d_4/AvgPoolGrad,2,403.457,201.7285,403.457,201.7285,0.0013590585109928897,0.7187145493405481,0.0,0.0
213,Device,Conv2DBackpropInput,gradient_tape/inception_v3/conv2d_20/Conv2D/Conv2DBackpropInput,2,396.289,198.1445,396.289,198.1445,0.0013349128612537675,0.7200494622018019,0.0,0.0
214,Device,Conv2DBackpropFilter,gradient_tape/inception_v3/conv2d_37/Conv2D/Conv2DBackpropFilter,2,395.265,197.6325,395.265,197.6325,0.001331463482719607,0.7213809256845215,0.0,0.0
215,Device,Conv2DBackpropFilter,gradient_tape/inception_v3/conv2d_35/Conv2D/Conv2DBackpropFilter,2,392.192,196.096,392.192,196.096,0.0013211119785834016,0.7227020376631049,0.0,0.0
216,Device,Conv2DBackpropFilter,gradient_tape/inception_v3/conv2d_36/Conv2D/Conv2DBackpropFilter,2,390.144,195.072,390.144,195.072,0.0013142132215150809,0.72401625088462,0.0,0.0
217,Device,Conv2DBackpropFilter,gradient_tape/inception_v3/conv2d_32/Conv2D/Conv2DBackpropFilter,2,389.12,194.56,389.12,194.56,0.0013107638429809205,0.7253270147276009,0.0,0.0
218,Device,Conv2D,inception_v3/conv2d_38/Conv2D,4,387.073,96.76825,387.073,96.76825,0.0013038684544463247,0.7266308831820472,0.0,0.0
219,Device,Conv2DBackpropInput,gradient_tape/inception_v3/conv2d_12/Conv2D/Conv2DBackpropInput,2,382.977,191.4885,382.977,191.4885,0.0012900709403096833,0.7279209541223568,0.0,0.0
220,Device,Conv2DBackpropInput,gradient_tape/inception_v3/conv2d_18/Conv2D/Conv2DBackpropInput,2,382.977,191.4885,382.977,191.4885,0.0012900709403096833,0.7292110250626664,0.0,0.0
221,Device,ConcatV2,inception_v3/mixed0/concat,8,381.953,47.744125,381.953,47.744125,0.001286621561775523,0.7304976466244419,0.0,0.0
222,Device,Conv2DBackpropInput,gradient_tape/inception_v3/conv2d_15/Conv2D/Conv2DBackpropInput,2,379.905,189.9525,379.905,189.9525,0.0012797228047072024,0.7317773694291492,0.0,0.0
223,Device,Conv2DBackpropInput,gradient_tape/inception_v3/conv2d_39/Conv2D/Conv2DBackpropInput,2,378.881,189.4405,378.881,189.4405,0.001276273426173042,0.7330536428553223,0.0,0.0
224,Device,Conv2DBackpropInput,gradient_tape/inception_v3/conv2d_30/Conv2D/Conv2DBackpropInput,2,376.833,188.4165,376.833,188.4165,0.0012693746691047217,0.734323017524427,0.0,0.0
225,Device,Conv2DBackpropInput,gradient_tape/inception_v3/conv2d_70/Conv2D/Conv2DBackpropInput,2,376.832,188.416,376.832,188.416,0.0012693713005709967,0.735592388824998,0.0,0.0
226,Device,Conv2DBackpropInput,gradient_tape/inception_v3/conv2d_40/Conv2D/Conv2DBackpropInput,2,375.809,187.9045,375.809,187.9045,0.0012659252905705613,0.7368583141155686,0.0,0.0
227,Device,Conv2DBackpropInput,gradient_tape/inception_v3/conv2d_50/Conv2D/Conv2DBackpropInput,2,375.809,187.9045,375.809,187.9045,0.0012659252905705613,0.7381242394061391,0.0,0.0
228,Device,Conv2DBackpropInput,gradient_tape/inception_v3/conv2d_61/Conv2D/Conv2DBackpropInput,2,375.809,187.9045,375.809,187.9045,0.0012659252905705613,0.7393901646967097,0.0,0.0
229,Device,Conv2DBackpropInput,gradient_tape/inception_v3/conv2d_69/Conv2D/Conv2DBackpropInput,2,375.809,187.9045,375.809,187.9045,0.0012659252905705613,0.7406560899872803,0.0,0.0
230,Device,Conv2DBackpropInput,gradient_tape/inception_v3/conv2d_64/Conv2D/Conv2DBackpropInput,2,375.808,187.904,375.808,187.904,0.0012659219220368364,0.7419220119093171,0.0,0.0
231,Device,Conv2DBackpropInput,gradient_tape/inception_v3/conv2d_49/Conv2D/Conv2DBackpropInput,2,374.785,187.3925,374.785,187.3925,0.001262475912036401,0.7431844878213535,0.0,0.0
232,Device,Conv2DBackpropInput,gradient_tape/inception_v3/conv2d_72/Conv2D/Conv2DBackpropInput,2,374.785,187.3925,374.785,187.3925,0.001262475912036401,0.7444469637333899,0.0,0.0
233,Device,Conv2DBackpropInput,gradient_tape/inception_v3/conv2d_59/Conv2D/Conv2DBackpropInput,2,374.784,187.392,374.784,187.392,0.0012624725435026762,0.7457094362768926,0.0,0.0
234,Device,Conv2DBackpropInput,gradient_tape/inception_v3/conv2d_60/Conv2D/Conv2DBackpropInput,2,372.737,186.3685,372.737,186.3685,0.0012555771549680804,0.7469650134318606,0.0,0.0
235,Device,MaxPoolGrad,gradient_tape/inception_v3/max_pooling2d_3/MaxPool/MaxPoolGrad,2,372.736,186.368,372.736,186.368,0.0012555737864343554,0.748220587218295,0.0,0.0
236,Device,Conv2DBackpropFilter,gradient_tape/inception_v3/conv2d_11/Conv2D/Conv2DBackpropFilter,2,363.521,181.7605,363.521,181.7605,0.0012245327481606374,0.7494451199664556,0.0,0.0
237,Device,Transpose,gradient_tape/inception_v3/conv2d/Conv2D/Conv2DBackpropFilter-0-TransposeNHWCToNCHW-LayoutOptimizer,2,362.496,181.248,362.496,181.248,0.0012210800010927522,0.7506661999675484,0.0,0.0
238,Device,Conv2D,inception_v3/conv2d_77/Conv2D,2,361.472,180.736,361.472,180.736,0.0012176306225585918,0.751883830590107,0.0,0.0
239,Device,SoftmaxCrossEntropyWithLogits,categorical_crossentropy/softmax_cross_entropy_with_logits,6,360.449,60.07483333333334,360.449,60.07483333333334,0.0012141846125581564,0.7530980152026652,0.0,0.0
240,Device,FusedBatchNormGradV3,gradient_tape/inception_v3/batch_normalization_28/FusedBatchNormGradV3,2,360.449,180.2245,360.449,180.2245,0.0012141846125581564,0.7543121998152233,0.0,0.0
241,Device,FusedBatchNormGradV3,gradient_tape/inception_v3/batch_normalization_24/FusedBatchNormGradV3,2,357.377,178.6885,357.377,178.6885,0.0012038364769556755,0.755516036292179,0.0,0.0
242,Device,FusedBatchNormGradV3,gradient_tape/inception_v3/batch_normalization_17/FusedBatchNormGradV3,2,357.376,178.688,357.376,178.688,0.0012038331084219507,0.756719869400601,0.0,0.0
243,Device,Conv2DBackpropInput,gradient_tape/inception_v3/conv2d_85/Conv2D/Conv2DBackpropInput,2,357.376,178.688,357.376,178.688,0.0012038331084219507,0.757923702509023,0.0,0.0
244,Device,Conv2D,inception_v3/conv2d_71/Conv2D,4,356.353,89.08825,356.353,89.08825,0.001200387098421515,0.7591240896074445,0.0,0.0
245,Device,FusedBatchNormGradV3,gradient_tape/inception_v3/batch_normalization_10/FusedBatchNormGradV3,2,355.328,177.664,355.328,177.664,0.00119693435135363,0.7603210239587981,0.0,0.0
246,Device,FusedBatchNormGradV3,gradient_tape/inception_v3/batch_normalization_23/FusedBatchNormGradV3,2,354.305,177.1525,354.305,177.1525,0.0011934883413531946,0.7615145123001513,0.0,0.0
247,Device,FusedBatchNormGradV3,gradient_tape/inception_v3/batch_normalization_9/FusedBatchNormGradV3,2,354.304,177.152,354.304,177.152,0.0011934849728194696,0.7627079972729708,0.0,0.0
248,Device,FusedBatchNormGradV3,gradient_tape/inception_v3/batch_normalization_16/FusedBatchNormGradV3,2,353.281,176.6405,353.281,176.6405,0.0011900389628190342,0.7638980362357898,0.0,0.0
249,Device,AvgPool,inception_v3/average_pooling2d_6/AvgPool,2,352.256,176.128,352.256,176.128,0.001186586215751149,0.765084622451541,0.0,0.0
250,Device,Conv2D,inception_v3/conv2d_49/Conv2D,2,351.233,175.6165,351.233,175.6165,0.0011831402057507136,0.7662677626572917,0.0,0.0
251,Device,Conv2D,inception_v3/conv2d_59/Conv2D,2,351.233,175.6165,351.233,175.6165,0.0011831402057507136,0.7674509028630424,0.0,0.0
252,Device,Conv2DBackpropInput,gradient_tape/inception_v3/conv2d_38/Conv2D/Conv2DBackpropInput,4,351.232,87.808,351.232,87.808,0.0011831368372169889,0.7686340397002593,0.0,0.0
253,Device,AvgPool,inception_v3/average_pooling2d_5/AvgPool,2,350.209,175.1045,350.209,175.1045,0.0011796908272165532,0.7698137305274759,0.0,0.0
254,Device,Conv2D,inception_v3/conv2d_30/Conv2D,2,350.208,175.104,350.208,175.104,0.0011796874586828285,0.7709934179861587,0.0,0.0
255,Device,Conv2D,inception_v3/conv2d_40/Conv2D,2,350.208,175.104,350.208,175.104,0.0011796874586828285,0.7721731054448415,0.0,0.0
256,Device,Conv2DBackpropFilter,gradient_tape/inception_v3/conv2d_29/Conv2D/Conv2DBackpropFilter,2,349.185,174.5925,349.185,174.5925,0.001176241448682393,0.773349346893524,0.0,0.0
257,Device,Conv2D,inception_v3/conv2d_61/Conv2D,2,349.185,174.5925,349.185,174.5925,0.001176241448682393,0.7745255883422064,0.0,0.0
258,Device,Conv2D,inception_v3/conv2d_69/Conv2D,2,349.184,174.592,349.184,174.592,0.0011762380801486683,0.7757018264223551,0.0,0.0
259,Device,Conv2DBackpropInput,gradient_tape/inception_v3/conv2d_33/Conv2D/Conv2DBackpropInput,4,348.161,87.04025,348.161,87.04025,0.0011727920701482327,0.7768746184925033,0.0,0.0
260,Device,Conv2D,inception_v3/conv2d_64/Conv2D,2,348.161,174.0805,348.161,174.0805,0.0011727920701482327,0.7780474105626515,0.0,0.0
261,Device,Conv2D,inception_v3/conv2d_70/Conv2D,2,348.161,174.0805,348.161,174.0805,0.0011727920701482327,0.7792202026327997,0.0,0.0
262,Device,AvgPool,inception_v3/average_pooling2d_4/AvgPool,2,348.16,174.08,348.16,174.08,0.001172788701614508,0.7803929913344142,0.0,0.0
263,Device,Conv2D,inception_v3/conv2d_39/Conv2D,2,348.16,174.08,348.16,174.08,0.001172788701614508,0.7815657800360287,0.0,0.0
264,Device,Conv2D,inception_v3/conv2d_54/Conv2D,2,347.137,173.5685,347.137,173.5685,0.0011693426916140723,0.7827351227276428,0.0,0.0
265,Device,Conv2D,inception_v3/conv2d_72/Conv2D,2,347.136,173.568,347.136,173.568,0.0011693393230803476,0.7839044620507232,0.0,0.0
266,Device,Conv2D,inception_v3/conv2d_60/Conv2D,2,346.113,173.0565,346.113,173.0565,0.001165893313079912,0.7850703553638031,0.0,0.0
267,Device,Conv2D,inception_v3/conv2d_50/Conv2D,2,346.112,173.056,346.112,173.056,0.0011658899445461874,0.7862362453083492,0.0,0.0
268,Device,Conv2D,inception_v3/conv2d_51/Conv2D,2,346.112,173.056,346.112,173.056,0.0011658899445461874,0.7874021352528954,0.0,0.0
269,Device,Conv2D,inception_v3/conv2d_41/Conv2D,2,345.089,172.5445,345.089,172.5445,0.0011624439345457517,0.7885645791874412,0.0,0.0
270,Device,Conv2D,inception_v3/conv2d_44/Conv2D,2,345.089,172.5445,345.089,172.5445,0.0011624439345457517,0.789727023121987,0.0,0.0
271,Device,Conv2D,inception_v3/conv2d_76/Conv2D,2,344.066,172.033,344.066,172.033,0.0011589979245453161,0.7908860210465323,0.0,0.0
272,Device,AvgPool,inception_v3/average_pooling2d/AvgPool,2,344.064,172.032,344.064,172.032,0.0011589911874778666,0.7920450122340101,0.0,0.0
273,Device,Conv2DBackpropFilter,gradient_tape/inception_v3/conv2d_71/Conv2D/Conv2DBackpropFilter,2,336.896,168.448,336.896,168.448,0.0011348455377387444,0.7931798577717489,0.0,0.0
274,Device,Conv2DBackpropInput,gradient_tape/inception_v3/conv2d_13/Conv2D/Conv2DBackpropInput,2,335.873,167.9365,335.873,167.9365,0.0011313995277383087,0.7943112572994873,0.0,0.0
275,Device,Conv2DBackpropInput,gradient_tape/inception_v3/conv2d_41/Conv2D/Conv2DBackpropInput,2,330.753,165.3765,330.753,165.3765,0.0011141526350675072,0.7954254099345548,0.0,0.0
276,Device,Conv2DBackpropInput,gradient_tape/inception_v3/conv2d_54/Conv2D/Conv2DBackpropInput,2,330.752,165.376,330.752,165.376,0.0011141492665337825,0.7965395592010885,0.0,0.0
277,Device,Conv2DBackpropInput,gradient_tape/inception_v3/conv2d_44/Conv2D/Conv2DBackpropInput,2,329.729,164.8645,329.729,164.8645,0.0011107032565333469,0.7976502624576219,0.0,0.0
278,Device,AvgPool,inception_v3/average_pooling2d_3/AvgPool,2,329.729,164.8645,329.729,164.8645,0.0011107032565333469,0.7987609657141553,0.0,0.0
279,Device,Conv2DBackpropInput,gradient_tape/inception_v3/conv2d_80/Conv2D/Conv2DBackpropInput,2,329.728,164.864,329.728,164.864,0.0011106998879996221,0.799871665602155,0.0,0.0
280,Device,Conv2DBackpropInput,gradient_tape/inception_v3/conv2d_51/Conv2D/Conv2DBackpropInput,2,326.656,163.328,326.656,163.328,0.0011003517523971412,0.800972017354552,0.0,0.0
281,Device,Conv2DBackpropFilter,gradient_tape/inception_v3/conv2d_80/Conv2D/Conv2DBackpropFilter,4,324.609,81.15225,324.609,81.15225,0.0010934563638625454,0.8020654737184146,0.0,0.0
282,Device,Conv2D,inception_v3/conv2d_93/Conv2D,4,319.49,79.8725,319.49,79.8725,0.0010762128397254686,0.8031416865581401,0.0,0.0
283,Device,Conv2D,inception_v3/conv2d_29/Conv2D,2,315.393,157.6965,315.393,157.6965,0.0010624119570551024,0.8042040985151953,0.0,0.0
284,Device,Conv2DBackpropInput,gradient_tape/inception_v3/conv2d_75/Conv2D/Conv2DBackpropInput,2,312.321,156.1605,312.321,156.1605,0.0010520638214526216,0.8052561623366479,0.0,0.0
285,Device,Conv2DBackpropFilter,gradient_tape/inception_v3/conv2d_93/Conv2D/Conv2DBackpropFilter,2,309.248,154.624,309.248,154.624,0.0010417123173164157,0.8062978746539643,0.0,0.0
286,Device,FusedBatchNormGradV3,gradient_tape/inception_v3/batch_normalization_26/FusedBatchNormGradV3,2,300.032,150.016,300.032,150.016,0.001010667910508973,0.8073085425644733,0.0,0.0
287,Device,Conv2DBackpropInput,gradient_tape/inception_v3/conv2d_34/Conv2D/Conv2DBackpropInput,2,296.96,148.48,296.96,148.48,0.001000319774906492,0.8083088623393797,0.0,0.0
288,Device,Conv2DBackpropInput,gradient_tape/inception_v3/conv2d_31/Conv2D/Conv2DBackpropInput,2,293.888,146.944,293.888,146.944,0.000989971639304011,0.8092988339786837,0.0,0.0
289,Device,Conv2DBackpropInput,gradient_tape/inception_v3/conv2d_77/Conv2D/Conv2DBackpropInput,2,293.888,146.944,293.888,146.944,0.000989971639304011,0.8102888056179878,0.0,0.0
290,Device,Conv2DBackpropInput,gradient_tape/inception_v3/conv2d_8/Conv2D/Conv2DBackpropInput,2,288.769,144.3845,288.769,144.3845,0.0009727281151669342,0.8112615337331547,0.0,0.0
291,Device,Conv2DBackpropInput,gradient_tape/inception_v3/conv2d_5/Conv2D/Conv2DBackpropInput,2,286.721,143.3605,286.721,143.3605,0.0009658293580986136,0.8122273630912533,0.0,0.0
292,Device,Conv2D,inception_v3/conv2d_92/Conv2D,4,284.673,71.16825,284.673,71.16825,0.000958930601030293,0.8131862936922836,0.0,0.0
293,Device,Conv2D,inception_v3/conv2d_82/Conv2D,4,283.648,70.912,283.648,70.912,0.000955477853962408,0.814141771546246,0.0,0.0
294,Device,Conv2D,inception_v3/conv2d_91/Conv2D,4,283.648,70.912,283.648,70.912,0.000955477853962408,0.8150972494002084,0.0,0.0
295,Device,Conv2D,inception_v3/conv2d_79/Conv2D,4,282.624,70.656,282.624,70.656,0.0009520284754282476,0.8160492778756367,0.0,0.0
296,Device,Conv2D,inception_v3/conv2d_87/Conv2D,4,282.624,70.656,282.624,70.656,0.0009520284754282476,0.817001306351065,0.0,0.0
297,Device,Conv2D,inception_v3/conv2d_78/Conv2D,4,281.6,70.4,281.6,70.4,0.0009485790968940873,0.8179498854479591,0.0,0.0
298,Device,Conv2D,inception_v3/conv2d_88/Conv2D,4,280.576,70.144,280.576,70.144,0.0009451297183599271,0.818895015166319,0.0,0.0
299,Device,Conv2D,inception_v3/conv2d_83/Conv2D,4,279.553,69.88825,279.553,69.88825,0.0009416837083594914,0.8198366988746785,0.0,0.0
300,Device,Conv2DBackpropInput,gradient_tape/inception_v3/conv2d_83/Conv2D/Conv2DBackpropInput,4,279.552,69.888,279.552,69.888,0.0009416803398257667,0.8207783792145043,0.0,0.0
301,Device,Conv2DBackpropInput,gradient_tape/inception_v3/conv2d_88/Conv2D/Conv2DBackpropInput,4,278.529,69.63225,278.529,69.63225,0.000938234329825331,0.8217166135443296,0.0,0.0
302,Device,Conv2DBackpropInput,gradient_tape/inception_v3/conv2d_79/Conv2D/Conv2DBackpropInput,4,278.528,69.632,278.528,69.632,0.0009382309612916064,0.8226548445056212,0.0,0.0
303,Device,Conv2D,inception_v3/conv2d_27/Conv2D,2,276.482,138.241,276.482,138.241,0.0009313389412907353,0.8235861834469119,0.0,0.0
304,Device,Conv2DBackpropInput,gradient_tape/inception_v3/conv2d_92/Conv2D/Conv2DBackpropInput,4,276.481,69.12025,276.481,69.12025,0.0009313355727570104,0.824517519019669,0.0,0.0
305,Device,Conv2D,inception_v3/conv2d_19/Conv2D,2,275.457,137.7285,275.457,137.7285,0.0009278861942228501,0.8254454052138919,0.0,0.0
306,Device,Conv2D,inception_v3/conv2d_25/Conv2D,2,275.457,137.7285,275.457,137.7285,0.0009278861942228501,0.8263732914081148,0.0,0.0
307,Device,Conv2DBackpropFilter,gradient_tape/inception_v3/conv2d_77/Conv2D/Conv2DBackpropFilter,4,274.433,68.60825,274.433,68.60825,0.0009244368156886898,0.8272977282238034,0.0,0.0
308,Device,Conv2D,inception_v3/conv2d_22/Conv2D,2,273.408,136.704,273.408,136.704,0.0009209840686208048,0.8282187122924243,0.0,0.0
309,Device,AddN,SGD/gradients/AddN_2,2,270.336,135.168,270.336,135.168,0.0009106359330183238,0.8291293482254426,0.0,0.0
310,Device,FusedBatchNormV3,inception_v3/batch_normalization_23/FusedBatchNormV3,4,270.336,67.584,270.336,67.584,0.0009106359330183238,0.8300399841584609,0.0,0.0
311,Device,FusedBatchNormV3,inception_v3/batch_normalization_16/FusedBatchNormV3,4,269.312,67.328,269.312,67.328,0.0009071865544841635,0.8309471707129451,0.0,0.0
312,Device,Conv2DBackpropFilter,gradient_tape/inception_v3/conv2d_76/Conv2D/Conv2DBackpropFilter,4,268.289,67.07225,268.289,67.07225,0.0009037405444837278,0.8318509112574288,0.0,0.0
313,Device,ConcatV2,inception_v3/mixed6/concat,8,268.289,33.536125,268.289,33.536125,0.0009037405444837278,0.8327546518019125,0.0,0.0
314,Device,ConcatV2,inception_v3/mixed5/concat,8,268.288,33.536,268.288,33.536,0.0009037371759500032,0.8336583889778626,0.0,0.0
315,Device,FusedBatchNormV3,inception_v3/batch_normalization_9/FusedBatchNormV3,4,267.265,66.81625,267.265,66.81625,0.0009002911659495676,0.8345586801438122,0.0,0.0
316,Device,ConcatV2,inception_v3/mixed4/concat,8,267.264,33.408,267.264,33.408,0.0009002877974158428,0.835458967941228,0.0,0.0
317,Device,Conv2D,inception_v3/conv2d_35/Conv2D,4,266.241,66.56025,266.241,66.56025,0.0008968417874154072,0.8363558097286434,0.0,0.0
318,Device,ConcatV2,inception_v3/mixed7/concat,8,266.241,33.280125,266.241,33.280125,0.0008968417874154072,0.8372526515160589,0.0,0.0
319,Device,ConcatV2,inception_v3/mixed3/concat,6,265.217,44.20283333333333,265.217,44.20283333333333,0.0008933924088812469,0.8381460439249401,0.0,0.0
320,Device,Conv2DBackpropInput,gradient_tape/inception_v3/conv2d_36/Conv2D/Conv2DBackpropInput,4,262.145,65.53625,262.145,65.53625,0.000883044273278766,0.8390290881982189,0.0,0.0
321,Device,FusedBatchNormV3,inception_v3/batch_normalization_28/FusedBatchNormV3,4,262.144,65.536,262.144,65.536,0.0008830409047450412,0.8399121291029639,0.0,0.0
322,Device,Conv2DBackpropInput,gradient_tape/inception_v3/conv2d_76/Conv2D/Conv2DBackpropInput,2,261.12,130.56,261.12,130.56,0.000879591526210881,0.8407917206291747,0.0,0.0
323,Device,FusedBatchNormV3,inception_v3/batch_normalization_10/FusedBatchNormV3,4,261.12,65.28,261.12,65.28,0.000879591526210881,0.8416713121553856,0.0,0.0
324,Device,FusedBatchNormV3,inception_v3/batch_normalization_24/FusedBatchNormV3,4,261.12,65.28,261.12,65.28,0.000879591526210881,0.8425509036815965,0.0,0.0
325,Device,Conv2DBackpropInput,gradient_tape/inception_v3/conv2d_93/Conv2D/Conv2DBackpropInput,2,260.097,130.0485,260.097,130.0485,0.0008761455162104453,0.8434270491978069,0.0,0.0
326,Device,FusedBatchNormV3,inception_v3/batch_normalization_17/FusedBatchNormV3,4,259.072,64.768,259.072,64.768,0.0008726927691425603,0.8442997419669495,0.0,0.0
327,Device,Conv2DBackpropInput,gradient_tape/inception_v3/conv2d_32/Conv2D/Conv2DBackpropInput,4,258.049,64.51225,258.049,64.51225,0.0008692467591421247,0.8451689887260916,0.0,0.0
328,Device,Conv2D,inception_v3/conv2d_20/Conv2D,2,257.024,128.512,257.024,128.512,0.0008657940120742396,0.8460347827381658,0.0,0.0
329,Device,Conv2DBackpropInput,gradient_tape/inception_v3/conv2d_37/Conv2D/Conv2DBackpropInput,4,254.976,63.744,254.976,63.744,0.000858895255005919,0.8468936779931717,0.0,0.0
330,Device,Conv2DBackpropInput,gradient_tape/inception_v3/conv2d_6/Conv2D/Conv2DBackpropInput,2,252.929,126.4645,252.929,126.4645,0.0008519998664713232,0.847745677859643,0.0,0.0
331,Device,FusedBatchNormGradV3,gradient_tape/inception_v3/batch_normalization_27/FusedBatchNormGradV3,2,251.905,125.9525,251.905,125.9525,0.0008485504879371628,0.8485942283475802,0.0,0.0
332,Device,Conv2DBackpropInput,gradient_tape/inception_v3/conv2d_35/Conv2D/Conv2DBackpropInput,4,251.904,62.976,251.904,62.976,0.000848547119403438,0.8494427754669837,0.0,0.0
333,Device,Conv2DBackpropFilter,gradient_tape/inception_v3/conv2d_88/Conv2D/Conv2DBackpropFilter,4,251.904,62.976,251.904,62.976,0.000848547119403438,0.8502913225863871,0.0,0.0
334,Device,Conv2D,inception_v3/conv2d_15/Conv2D,2,251.904,125.952,251.904,125.952,0.000848547119403438,0.8511398697057905,0.0,0.0
335,Device,FusedBatchNormGradV3,gradient_tape/inception_v3/batch_normalization_14/FusedBatchNormGradV3,2,250.881,125.4405,250.881,125.4405,0.0008451011094030025,0.8519849708151935,0.0,0.0
336,Device,FusedBatchNormGradV3,gradient_tape/inception_v3/batch_normalization_22/FusedBatchNormGradV3,2,250.881,125.4405,250.881,125.4405,0.0008451011094030025,0.8528300719245966,0.0,0.0
337,Device,FusedBatchNormGradV3,gradient_tape/inception_v3/batch_normalization_25/FusedBatchNormGradV3,2,250.881,125.4405,250.881,125.4405,0.0008451011094030025,0.8536751730339996,0.0,0.0
338,Device,Conv2DBackpropFilter,gradient_tape/inception_v3/conv2d_83/Conv2D/Conv2DBackpropFilter,4,250.881,62.72025,250.881,62.72025,0.0008451011094030025,0.8545202741434027,0.0,0.0
339,Device,Conv2D,inception_v3/conv2d_12/Conv2D,2,250.881,125.4405,250.881,125.4405,0.0008451011094030025,0.8553653752528058,0.0,0.0
340,Device,FusedBatchNormGradV3,gradient_tape/inception_v3/batch_normalization_15/FusedBatchNormGradV3,2,250.88,125.44,250.88,125.44,0.0008450977408692778,0.856210472993675,0.0,0.0
341,Device,Conv2DBackpropFilter,gradient_tape/inception_v3/conv2d_92/Conv2D/Conv2DBackpropFilter,4,249.856,62.464,249.856,62.464,0.0008416483623351174,0.8570521213560102,0.0,0.0
342,Device,Conv2D,inception_v3/conv2d_18/Conv2D,2,249.856,124.928,249.856,124.928,0.0008416483623351174,0.8578937697183453,0.0,0.0
343,Device,MaxPool,inception_v3/max_pooling2d_2/MaxPool,2,249.856,124.928,249.856,124.928,0.0008416483623351174,0.8587354180806804,0.0,0.0
344,Device,FusedBatchNormGradV3,gradient_tape/inception_v3/batch_normalization_18/FusedBatchNormGradV3,2,248.833,124.4165,248.833,124.4165,0.0008382023523346819,0.8595736204330151,0.0,0.0
345,Device,Conv2DBackpropFilter,gradient_tape/inception_v3/conv2d_79/Conv2D/Conv2DBackpropFilter,4,248.833,62.20825,248.833,62.20825,0.0008382023523346819,0.8604118227853498,0.0,0.0
346,Device,FusedBatchNormGradV3,gradient_tape/inception_v3/batch_normalization_21/FusedBatchNormGradV3,2,248.832,124.416,248.832,124.416,0.0008381989838009571,0.8612500217691508,0.0,0.0
347,Device,Conv2D,inception_v3/conv2d_37/Conv2D,4,248.832,62.208,248.832,62.208,0.0008381989838009571,0.8620882207529518,0.0,0.0
348,Device,Conv2D,inception_v3/conv2d_32/Conv2D,4,247.809,61.95225,247.809,61.95225,0.0008347529738005216,0.8629229737267523,0.0,0.0
349,Device,FusedBatchNormGradV3,gradient_tape/inception_v3/batch_normalization_19/FusedBatchNormGradV3,2,247.808,123.904,247.808,123.904,0.0008347496052667967,0.8637577233320191,0.0,0.0
350,Device,FusedBatchNormGradV3,gradient_tape/inception_v3/batch_normalization_5/FusedBatchNormGradV3,2,247.808,123.904,247.808,123.904,0.0008347496052667967,0.8645924729372858,0.0,0.0
351,Device,FusedBatchNormGradV3,gradient_tape/inception_v3/batch_normalization_8/FusedBatchNormGradV3,2,247.808,123.904,247.808,123.904,0.0008347496052667967,0.8654272225425526,0.0,0.0
352,Device,FusedBatchNormGradV3,gradient_tape/inception_v3/batch_normalization_7/FusedBatchNormGradV3,2,246.785,123.3925,246.785,123.3925,0.0008313035952663612,0.866258526137819,0.0,0.0
353,Device,Conv2D,inception_v3/conv2d_36/Conv2D,4,246.785,61.69625,246.785,61.69625,0.0008313035952663612,0.8670898297330853,0.0,0.0
354,Device,FusedBatchNormGradV3,gradient_tape/inception_v3/batch_normalization_12/FusedBatchNormGradV3,2,246.784,123.392,246.784,123.392,0.0008313002267326364,0.867921129959818,0.0,0.0
355,Device,Conv2D,inception_v3/conv2d_13/Conv2D,2,232.449,116.2245,232.449,116.2245,0.0007830122957881168,0.8687041422556061,0.0,0.0
356,Device,Conv2D,inception_v3/conv2d_34/Conv2D,2,232.448,116.224,232.448,116.224,0.000783008927254392,0.8694871511828605,0.0,0.0
357,Device,Conv2D,inception_v3/conv2d_31/Conv2D,2,230.4,115.2,230.4,115.2,0.0007761101701860714,0.8702632613530465,0.0,0.0
358,Device,Conv2DBackpropInput,gradient_tape/inception_v3/conv2d_11/Conv2D/Conv2DBackpropInput,2,226.304,113.152,226.304,113.152,0.0007623126560494301,0.871025574009096,0.0,0.0
359,Device,Conv2DBackpropInput,gradient_tape/inception_v3/conv2d_87/Conv2D/Conv2DBackpropInput,4,224.256,56.064,224.256,56.064,0.0007554138989811095,0.8717809879080771,0.0,0.0
360,Device,Conv2DBackpropInput,gradient_tape/inception_v3/conv2d_82/Conv2D/Conv2DBackpropInput,4,221.184,55.296,221.184,55.296,0.0007450657633786285,0.8725260536714557,0.0,0.0
361,Device,Conv2DBackpropInput,gradient_tape/inception_v3/conv2d_91/Conv2D/Conv2DBackpropInput,4,220.16,55.04,220.16,55.04,0.0007416163848444682,0.8732676700563002,0.0,0.0
362,Device,Conv2DBackpropInput,gradient_tape/inception_v3/conv2d_78/Conv2D/Conv2DBackpropInput,4,217.088,54.272,217.088,54.272,0.0007312682492419873,0.8739989383055422,0.0,0.0
363,Device,Conv2D,inception_v3/conv2d_84/Conv2D,4,216.065,54.01625,216.065,54.01625,0.0007278222392415517,0.8747267605447837,0.0,0.0
364,Device,Conv2DBackpropFilter,gradient_tape/inception_v3/conv2d_75/Conv2D/Conv2DBackpropFilter,2,215.04,107.52,215.04,107.52,0.0007243694921736666,0.8754511300369574,0.0,0.0
365,Device,Conv2D,inception_v3/conv2d_5/Conv2D,2,206.849,103.4245,206.849,103.4245,0.0006967778324341088,0.8761479078693916,0.0,0.0
366,Device,Conv2D,inception_v3/conv2d_75/Conv2D,4,206.848,51.712,206.848,51.712,0.0006967744639003841,0.8768446823332919,0.0,0.0
367,Device,FusedBatchNormGradV3,gradient_tape/inception_v3/batch_normalization_13/FusedBatchNormGradV3,2,203.777,101.8885,203.777,101.8885,0.0006864296968316279,0.8775311120301236,0.0,0.0
368,Device,FusedBatchNormGradV3,gradient_tape/inception_v3/batch_normalization_6/FusedBatchNormGradV3,2,203.777,101.8885,203.777,101.8885,0.0006864296968316279,0.8782175417269552,0.0,0.0
369,Device,ReluGrad,gradient_tape/inception_v3/activation_24/ReluGrad,2,201.728,100.864,201.728,100.864,0.0006795275712295825,0.8788970692981848,0.0,0.0
370,Device,AvgPoolGrad,gradient_tape/inception_v3/average_pooling2d_8/AvgPoolGrad,2,201.728,100.864,201.728,100.864,0.0006795275712295825,0.8795765968694144,0.0,0.0
371,Device,FusedBatchNormGradV3,gradient_tape/inception_v3/batch_normalization_20/FusedBatchNormGradV3,2,200.705,100.3525,200.705,100.3525,0.000676081561229147,0.8802526784306435,0.0,0.0
372,Device,ReluGrad,gradient_tape/inception_v3/activation_9/ReluGrad,2,200.704,100.352,200.704,100.352,0.0006760781926954222,0.8809287566233389,0.0,0.0
373,Device,ReluGrad,gradient_tape/inception_v3/activation_10/ReluGrad,2,199.68,99.84,199.68,99.84,0.0006726288141612619,0.8816013854375002,0.0,0.0
374,Device,ReluGrad,gradient_tape/inception_v3/activation_16/ReluGrad,2,199.68,99.84,199.68,99.84,0.0006726288141612619,0.8822740142516615,0.0,0.0
375,Device,ReluGrad,gradient_tape/inception_v3/activation_23/ReluGrad,2,199.68,99.84,199.68,99.84,0.0006726288141612619,0.8829466430658228,0.0,0.0
376,Device,Conv2DBackpropInput,gradient_tape/inception_v3/conv2d_84/Conv2D/Conv2DBackpropInput,2,199.68,99.84,199.68,99.84,0.0006726288141612619,0.8836192718799841,0.0,0.0
377,Device,Conv2D,inception_v3/conv2d_8/Conv2D,2,199.68,99.84,199.68,99.84,0.0006726288141612619,0.8842919006941454,0.0,0.0
378,Device,ReluGrad,gradient_tape/inception_v3/activation_17/ReluGrad,2,198.656,99.328,198.656,99.328,0.0006691794356271016,0.8849610801297725,0.0,0.0
379,Device,ReluGrad,gradient_tape/inception_v3/activation_28/ReluGrad,2,197.632,98.816,197.632,98.816,0.0006657300570929413,0.8856268101868654,0.0,0.0
380,Device,Conv2DBackpropFilter,gradient_tape/inception_v3/conv2d_84/Conv2D/Conv2DBackpropFilter,4,197.632,49.408,197.632,49.408,0.0006657300570929413,0.8862925402439583,0.0,0.0
381,Device,Conv2D,inception_v3/conv2d_6/Conv2D,2,191.489,95.7445,191.489,95.7445,0.0006450371544217042,0.88693757739838,0.0,0.0
382,Device,ReluGrad,gradient_tape/inception_v3/activation_26/ReluGrad,2,185.344,92.672,185.344,92.672,0.0006243375146830174,0.887561914913063,0.0,0.0
383,Device,ArgMax,ArgMax,2,184.32,92.16,184.32,92.16,0.000620888136148857,0.8881828030492119,0.0,0.0
384,Device,FusedBatchNormV3,inception_v3/batch_normalization_14/FusedBatchNormV3,4,180.224,45.056,180.224,45.056,0.0006070906220122158,0.8887898936712242,0.0,0.0
385,Device,FusedBatchNormV3,inception_v3/batch_normalization_27/FusedBatchNormV3,4,180.224,45.056,180.224,45.056,0.0006070906220122158,0.8893969842932364,0.0,0.0
386,Device,FusedBatchNormV3,inception_v3/batch_normalization_5/FusedBatchNormV3,4,179.2,44.8,179.2,44.8,0.0006036412434780555,0.8900006255367144,0.0,0.0
387,Device,FusedBatchNormV3,inception_v3/batch_normalization_19/FusedBatchNormV3,4,178.176,44.544,178.176,44.544,0.0006001918649438952,0.8906008174016583,0.0,0.0
388,Device,FusedBatchNormV3,inception_v3/batch_normalization_22/FusedBatchNormV3,4,178.176,44.544,178.176,44.544,0.0006001918649438952,0.8912010092666022,0.0,0.0
389,Device,FusedBatchNormV3,inception_v3/batch_normalization_25/FusedBatchNormV3,4,177.152,44.288,177.152,44.288,0.0005967424864097348,0.8917977517530119,0.0,0.0
390,Device,FusedBatchNormV3,inception_v3/batch_normalization_7/FusedBatchNormV3,4,177.152,44.288,177.152,44.288,0.0005967424864097348,0.8923944942394216,0.0,0.0
391,Device,FusedBatchNormV3,inception_v3/batch_normalization_18/FusedBatchNormV3,4,176.129,44.03225,176.129,44.03225,0.0005932964764092993,0.8929877907158309,0.0,0.0
392,Device,FusedBatchNormV3,inception_v3/batch_normalization_15/FusedBatchNormV3,4,176.128,44.032,176.128,44.032,0.0005932931078755745,0.8935810838237065,0.0,0.0
393,Device,FusedBatchNormV3,inception_v3/batch_normalization_21/FusedBatchNormV3,4,176.128,44.032,176.128,44.032,0.0005932931078755745,0.8941743769315821,0.0,0.0
394,Device,FusedBatchNormV3,inception_v3/batch_normalization_8/FusedBatchNormV3,4,176.128,44.032,176.128,44.032,0.0005932931078755745,0.8947676700394577,0.0,0.0
395,Device,FusedBatchNormV3,inception_v3/batch_normalization_12/FusedBatchNormV3,4,175.104,43.776,175.104,43.776,0.0005898437293414142,0.8953575137687991,0.0,0.0
396,Device,AddN,SGD/gradients/AddN_5,2,172.032,86.016,172.032,86.016,0.0005794955937389333,0.8959370093625381,0.0,0.0
397,Device,AvgPool,inception_v3/average_pooling2d_8/AvgPool,2,172.032,86.016,172.032,86.016,0.0005794955937389333,0.896516504956277,0.0,0.0
398,Device,Conv2D,inception_v3/conv2d_11/Conv2D,2,168.96,84.48,168.96,84.48,0.0005691474581364524,0.8970856524144134,0.0,0.0
399,Device,FusedBatchNormGradV3,gradient_tape/inception_v3/batch_normalization_11/FusedBatchNormGradV3,2,158.721,79.3605,158.721,79.3605,0.0005346570413285739,0.897620309455742,0.0,0.0
400,Device,FusedBatchNormGradV3,gradient_tape/inception_v3/batch_normalization_69/FusedBatchNormGradV3,2,152.577,76.2885,152.577,76.2885,0.0005139607701236121,0.8981342702258657,0.0,0.0
401,Device,FusedBatchNormGradV3,gradient_tape/inception_v3/batch_normalization_70/FusedBatchNormGradV3,2,152.576,76.288,152.576,76.288,0.0005139574015898872,0.8986482276274556,0.0,0.0
402,Device,MaxPool,inception_v3/max_pooling2d_3/MaxPool,2,152.576,76.288,152.576,76.288,0.0005139574015898872,0.8991621850290454,0.0,0.0
403,Device,FusedBatchNormGradV3,gradient_tape/inception_v3/batch_normalization_39/FusedBatchNormGradV3,2,151.552,75.776,151.552,75.776,0.0005105080230557269,0.8996726930521012,0.0,0.0
404,Device,FusedBatchNormGradV3,gradient_tape/inception_v3/batch_normalization_59/FusedBatchNormGradV3,2,151.552,75.776,151.552,75.776,0.0005105080230557269,0.9001832010751569,0.0,0.0
405,Device,FusedBatchNormGradV3,gradient_tape/inception_v3/batch_normalization_61/FusedBatchNormGradV3,2,151.552,75.776,151.552,75.776,0.0005105080230557269,0.9006937090982127,0.0,0.0
406,Device,FusedBatchNormGradV3,gradient_tape/inception_v3/batch_normalization_62/FusedBatchNormGradV3,2,151.552,75.776,151.552,75.776,0.0005105080230557269,0.9012042171212684,0.0,0.0
407,Device,FusedBatchNormGradV3,gradient_tape/inception_v3/batch_normalization_30/FusedBatchNormGradV3,2,150.529,75.2645,150.529,75.2645,0.0005070620130552914,0.9017112791343237,0.0,0.0
408,Device,FusedBatchNormGradV3,gradient_tape/inception_v3/batch_normalization_49/FusedBatchNormGradV3,2,150.528,75.264,150.528,75.264,0.0005070586445215667,0.9022183377788453,0.0,0.0
409,Device,FusedBatchNormGradV3,gradient_tape/inception_v3/batch_normalization_50/FusedBatchNormGradV3,2,150.528,75.264,150.528,75.264,0.0005070586445215667,0.9027253964233669,0.0,0.0
410,Device,FusedBatchNormGradV3,gradient_tape/inception_v3/batch_normalization_67/FusedBatchNormGradV3,2,150.528,75.264,150.528,75.264,0.0005070586445215667,0.9032324550678885,0.0,0.0
411,Device,FusedBatchNormGradV3,gradient_tape/inception_v3/batch_normalization_40/FusedBatchNormGradV3,2,149.505,74.7525,149.505,74.7525,0.000503612634521131,0.9037360677024097,0.0,0.0
412,Device,FusedBatchNormGradV3,gradient_tape/inception_v3/batch_normalization_63/FusedBatchNormGradV3,2,149.505,74.7525,149.505,74.7525,0.000503612634521131,0.9042396803369308,0.0,0.0
413,Device,FusedBatchNormGradV3,gradient_tape/inception_v3/batch_normalization_33/FusedBatchNormGradV3,2,149.504,74.752,149.504,74.752,0.0005036092659874063,0.9047432896029182,0.0,0.0
414,Device,FusedBatchNormGradV3,gradient_tape/inception_v3/batch_normalization_38/FusedBatchNormGradV3,2,149.504,74.752,149.504,74.752,0.0005036092659874063,0.9052468988689055,0.0,0.0
415,Device,FusedBatchNormGradV3,gradient_tape/inception_v3/batch_normalization_43/FusedBatchNormGradV3,2,149.504,74.752,149.504,74.752,0.0005036092659874063,0.9057505081348929,0.0,0.0
416,Device,FusedBatchNormGradV3,gradient_tape/inception_v3/batch_normalization_48/FusedBatchNormGradV3,2,149.504,74.752,149.504,74.752,0.0005036092659874063,0.9062541174008802,0.0,0.0
417,Device,FusedBatchNormGradV3,gradient_tape/inception_v3/batch_normalization_53/FusedBatchNormGradV3,2,149.504,74.752,149.504,74.752,0.0005036092659874063,0.9067577266668676,0.0,0.0
418,Device,FusedBatchNormGradV3,gradient_tape/inception_v3/batch_normalization_58/FusedBatchNormGradV3,2,149.504,74.752,149.504,74.752,0.0005036092659874063,0.907261335932855,0.0,0.0
419,Device,FusedBatchNormGradV3,gradient_tape/inception_v3/batch_normalization_60/FusedBatchNormGradV3,2,149.504,74.752,149.504,74.752,0.0005036092659874063,0.9077649451988423,0.0,0.0
420,Device,FusedBatchNormGradV3,gradient_tape/inception_v3/batch_normalization_74/FusedBatchNormGradV3,2,149.504,74.752,149.504,74.752,0.0005036092659874063,0.9082685544648297,0.0,0.0
421,Device,FusedBatchNormGradV3,gradient_tape/inception_v3/batch_normalization_66/FusedBatchNormGradV3,2,148.48,74.24,148.48,74.24,0.000500159887453246,0.9087687143522829,0.0,0.0
422,Device,FusedBatchNormGradV3,gradient_tape/inception_v3/batch_normalization_68/FusedBatchNormGradV3,2,148.48,74.24,148.48,74.24,0.000500159887453246,0.9092688742397361,0.0,0.0
423,Device,FusedBatchNormGradV3,gradient_tape/inception_v3/batch_normalization_73/FusedBatchNormGradV3,2,147.457,73.7285,147.457,73.7285,0.0004967138774528105,0.9097655881171889,0.0,0.0
424,Device,FusedBatchNormGradV3,gradient_tape/inception_v3/batch_normalization_64/FusedBatchNormGradV3,2,146.432,73.216,146.432,73.216,0.0004932611303849253,0.9102588492475738,0.0,0.0
425,Device,FusedBatchNormGradV3,gradient_tape/inception_v3/batch_normalization_72/FusedBatchNormGradV3,2,146.432,73.216,146.432,73.216,0.0004932611303849253,0.9107521103779588,0.0,0.0
426,Device,FusedBatchNormGradV3,gradient_tape/inception_v3/batch_normalization_65/FusedBatchNormGradV3,2,145.408,72.704,145.408,72.704,0.000489811751850765,0.9112419221298096,0.0,0.0
427,Device,Slice,gradient_tape/inception_v3/mixed1/Slice_2,2,144.385,72.1925,144.385,72.1925,0.0004863657418503295,0.9117282878716599,0.0,0.0
428,Device,Slice,gradient_tape/inception_v3/mixed0/Slice_2,2,143.36,71.68,143.36,71.68,0.00048291299478244446,0.9122112008664424,0.0,0.0
429,Device,Slice,gradient_tape/inception_v3/mixed2/Slice_2,2,143.36,71.68,143.36,71.68,0.00048291299478244446,0.9126941138612248,0.0,0.0
430,Device,FusedBatchNormV3,inception_v3/batch_normalization_13/FusedBatchNormV3,4,140.257,35.06425,140.257,35.06425,0.0004724604346344957,0.9131665742958592,0.0,0.0
431,Device,FusedBatchNormV3,inception_v3/batch_normalization_6/FusedBatchNormV3,4,139.264,34.816,139.264,34.816,0.0004691154806458032,0.913635689776505,0.0,0.0
432,Device,FusedBatchNormV3,inception_v3/batch_normalization_20/FusedBatchNormV3,4,138.24,34.56,138.24,34.56,0.00046566610211164287,0.9141013558786166,0.0,0.0
433,Device,ReluGrad,gradient_tape/inception_v3/activation_14/ReluGrad,2,135.168,67.584,135.168,67.584,0.0004553179665091619,0.9145566738451258,0.0,0.0
434,Device,ReluGrad,gradient_tape/inception_v3/activation_21/ReluGrad,2,134.145,67.0725,134.145,67.0725,0.00045187195650872635,0.9150085458016346,0.0,0.0
435,Device,ReluGrad,gradient_tape/inception_v3/activation_18/ReluGrad,2,134.144,67.072,134.144,67.072,0.0004518685879750016,0.9154604143896096,0.0,0.0
436,Device,ReluGrad,gradient_tape/inception_v3/activation_7/ReluGrad,2,134.144,67.072,134.144,67.072,0.0004518685879750016,0.9159122829775845,0.0,0.0
437,Device,FusedBatchNormV3,inception_v3/batch_normalization_26/FusedBatchNormV3,4,134.144,33.536,134.144,33.536,0.0004518685879750016,0.9163641515655595,0.0,0.0
438,Device,ConcatV2,inception_v3/mixed10/concat,8,134.144,16.768,134.144,16.768,0.0004518685879750016,0.9168160201535345,0.0,0.0
439,Device,ConcatV2,inception_v3/mixed9/concat,8,134.144,16.768,134.144,16.768,0.0004518685879750016,0.9172678887415094,0.0,0.0
440,Device,ReluGrad,gradient_tape/inception_v3/activation_12/ReluGrad,2,133.12,66.56,133.12,66.56,0.0004484192094408413,0.9177163079509503,0.0,0.0
441,Device,ReluGrad,gradient_tape/inception_v3/activation_19/ReluGrad,2,133.12,66.56,133.12,66.56,0.0004484192094408413,0.9181647271603911,0.0,0.0
442,Device,ReluGrad,gradient_tape/inception_v3/activation_25/ReluGrad,2,133.12,66.56,133.12,66.56,0.0004484192094408413,0.9186131463698319,0.0,0.0
443,Device,ReluGrad,gradient_tape/inception_v3/activation_5/ReluGrad,2,132.096,66.048,132.096,66.048,0.00044496983090668094,0.9190581162007386,0.0,0.0
444,Device,Relu,inception_v3/activation_23/Relu,2,131.073,65.5365,131.073,65.5365,0.0004415238209062454,0.9194996400216449,0.0,0.0
445,Device,Relu,inception_v3/activation_16/Relu,2,131.072,65.536,131.072,65.536,0.0004415204523725206,0.9199411604740174,0.0,0.0
446,Device,Relu,inception_v3/activation_17/Relu,2,131.072,65.536,131.072,65.536,0.0004415204523725206,0.92038268092639,0.0,0.0
447,Device,Relu,inception_v3/activation_9/Relu,2,131.072,65.536,131.072,65.536,0.0004415204523725206,0.9208242013787625,0.0,0.0
448,Device,ReluGrad,gradient_tape/inception_v3/activation_15/ReluGrad,2,130.049,65.0245,130.049,65.0245,0.0004380744423720851,0.9212622758211346,0.0,0.0
449,Device,AvgPoolGrad,gradient_tape/inception_v3/average_pooling2d_7/AvgPoolGrad,2,130.048,65.024,130.048,65.024,0.0004380710738383603,0.9217003468949729,0.0,0.0
450,Device,Relu,inception_v3/activation_10/Relu,2,130.048,65.024,130.048,65.024,0.0004380710738383603,0.9221384179688112,0.0,0.0
451,Device,Relu,inception_v3/activation_28/Relu,2,130.048,65.024,130.048,65.024,0.0004380710738383603,0.9225764890426496,0.0,0.0
452,Device,Relu,inception_v3/activation_24/Relu,2,129.025,64.5125,129.025,64.5125,0.00043462506383792475,0.9230111141064875,0.0,0.0
453,Device,ReluGrad,gradient_tape/inception_v3/activation_8/ReluGrad,2,129.024,64.512,129.024,64.512,0.00043462169530419996,0.9234457358017917,0.0,0.0
454,Device,FusedBatchNormGradV3,gradient_tape/inception_v3/batch_normalization_42/FusedBatchNormGradV3,2,129.024,64.512,129.024,64.512,0.00043462169530419996,0.9238803574970958,0.0,0.0
455,Device,FusedBatchNormGradV3,gradient_tape/inception_v3/batch_normalization_41/FusedBatchNormGradV3,2,128.001,64.0005,128.001,64.0005,0.0004311756853037644,0.9243115331823997,0.0,0.0
456,Device,FusedBatchNormGradV3,gradient_tape/inception_v3/batch_normalization_51/FusedBatchNormGradV3,2,128.001,64.0005,128.001,64.0005,0.0004311756853037644,0.9247427088677035,0.0,0.0
457,Device,ReluGrad,gradient_tape/inception_v3/activation_22/ReluGrad,2,128.0,64.0,128.0,64.0,0.0004311723167700397,0.9251738811844735,0.0,0.0
458,Device,FusedBatchNormGradV3,gradient_tape/inception_v3/batch_normalization_52/FusedBatchNormGradV3,2,128.0,64.0,128.0,64.0,0.0004311723167700397,0.9256050535012436,0.0,0.0
459,Device,Slice,gradient_tape/inception_v3/mixed3/Slice,2,128.0,64.0,128.0,64.0,0.0004311723167700397,0.9260362258180136,0.0,0.0
460,Device,FusedBatchNormGradV3,gradient_tape/inception_v3/batch_normalization_46/FusedBatchNormGradV3,2,126.976,63.488,126.976,63.488,0.00042772293823587935,0.9264639487562495,0.0,0.0
461,Device,FusedBatchNormGradV3,gradient_tape/inception_v3/batch_normalization_47/FusedBatchNormGradV3,2,125.953,62.9765,125.953,62.9765,0.0004242769282354438,0.9268882256844849,0.0,0.0
462,Device,ReluGrad,gradient_tape/inception_v3/activation_27/ReluGrad,2,125.952,62.976,125.952,62.976,0.000424273559701719,0.9273124992441867,0.0,0.0
463,Device,FusedBatchNormGradV3,gradient_tape/inception_v3/batch_normalization_57/FusedBatchNormGradV3,2,124.929,62.4645,124.929,62.4645,0.0004208275497012835,0.927733326793888,0.0,0.0
464,Device,FusedBatchNormGradV3,gradient_tape/inception_v3/batch_normalization_56/FusedBatchNormGradV3,2,124.928,62.464,124.928,62.464,0.0004208241811675587,0.9281541509750555,0.0,0.0
465,Device,FusedBatchNormGradV3,gradient_tape/inception_v3/batch_normalization_44/FusedBatchNormGradV3,2,121.857,60.9285,121.857,60.9285,0.0004104794140988025,0.9285646303891543,0.0,0.0
466,Device,FusedBatchNormGradV3,gradient_tape/inception_v3/batch_normalization_45/FusedBatchNormGradV3,2,121.856,60.928,121.856,60.928,0.00041047604556507776,0.9289751064347194,0.0,0.0
467,Device,FusedBatchNormGradV3,gradient_tape/inception_v3/batch_normalization_54/FusedBatchNormGradV3,2,121.856,60.928,121.856,60.928,0.00041047604556507776,0.9293855824802845,0.0,0.0
468,Device,ArgMax,ArgMax_1,2,120.832,60.416,120.832,60.416,0.00040702666703091743,0.9297926091473154,0.0,0.0
469,Device,FusedBatchNormGradV3,gradient_tape/inception_v3/batch_normalization_55/FusedBatchNormGradV3,2,120.832,60.416,120.832,60.416,0.00040702666703091743,0.9301996358143464,0.0,0.0
470,Device,Relu,inception_v3/activation_26/Relu,2,119.808,59.904,119.808,59.904,0.00040357728849675715,0.9306032131028431,0.0,0.0
471,Device,Transpose,inception_v3/mixed10/concat-0-0-TransposeNCHWToNHWC-LayoutOptimizer,2,112.64,56.32,112.64,56.32,0.0003794316387576349,0.9309826447416008,0.0,0.0
472,Device,RealDiv,gradient_tape/inception_v3/avg_pool/truediv,2,110.592,55.296,110.592,55.296,0.00037253288168931424,0.9313551776232901,0.0,0.0
473,Device,AvgPool,inception_v3/average_pooling2d_7/AvgPool,2,106.496,53.248,106.496,53.248,0.000358735367552673,0.9317139129908428,0.0,0.0
474,Device,ResourceApplyGradientDescent,SGD/SGD/update_188/ResourceApplyGradientDescent,2,104.448,52.224,104.448,52.224,0.0003518366104843523,0.9320657496013272,0.0,0.0
475,Device,FusedBatchNormV3,inception_v3/batch_normalization_11/FusedBatchNormV3,4,101.377,25.34425,101.377,25.34425,0.0003414918434155962,0.9324072414447427,0.0,0.0
476,Device,ReluGrad,gradient_tape/inception_v3/activation_20/ReluGrad,2,100.352,50.176,100.352,50.176,0.0003380390963477111,0.9327452805410904,0.0,0.0
477,Device,ReluGrad,gradient_tape/inception_v3/activation_6/ReluGrad,2,100.352,50.176,100.352,50.176,0.0003380390963477111,0.9330833196374381,0.0,0.0
478,Device,Slice,gradient_tape/inception_v3/mixed3/Slice_2,2,100.352,50.176,100.352,50.176,0.0003380390963477111,0.9334213587337857,0.0,0.0
479,Device,ReluGrad,gradient_tape/inception_v3/activation_13/ReluGrad,2,99.328,49.664,99.328,49.664,0.0003345897178135508,0.9337559484515993,0.0,0.0
480,Device,Slice,gradient_tape/inception_v3/mixed1/Slice,2,99.328,49.664,99.328,49.664,0.0003345897178135508,0.9340905381694128,0.0,0.0
481,Device,Slice,gradient_tape/inception_v3/mixed2/Slice,2,99.328,49.664,99.328,49.664,0.0003345897178135508,0.9344251278872263,0.0,0.0
482,Device,Slice,gradient_tape/inception_v3/mixed0/Slice,2,98.304,49.152,98.304,49.152,0.00033114033927939045,0.9347562682265057,0.0,0.0
483,Device,Slice,gradient_tape/inception_v3/mixed1/Slice_1,2,98.304,49.152,98.304,49.152,0.00033114033927939045,0.9350874085657851,0.0,0.0
484,Device,Slice,gradient_tape/inception_v3/mixed2/Slice_1,2,98.304,49.152,98.304,49.152,0.00033114033927939045,0.9354185489050645,0.0,0.0
485,Device,Slice,gradient_tape/inception_v3/mixed1/Slice_3,2,97.281,48.6405,97.281,48.6405,0.0003276943292789549,0.9357462432343434,0.0,0.0
486,Device,Slice,gradient_tape/inception_v3/mixed2/Slice_3,2,97.281,48.6405,97.281,48.6405,0.0003276943292789549,0.9360739375636223,0.0,0.0
487,Device,FusedBatchNormGradV3,gradient_tape/inception_v3/batch_normalization_31/FusedBatchNormGradV3,2,97.28,48.64,97.28,48.64,0.0003276909607452301,0.9364016285243676,0.0,0.0
488,Device,FusedBatchNormGradV3,gradient_tape/inception_v3/batch_normalization_32/FusedBatchNormGradV3,2,97.28,48.64,97.28,48.64,0.0003276909607452301,0.9367293194851128,0.0,0.0
489,Device,FusedBatchNormGradV3,gradient_tape/inception_v3/batch_normalization_37/FusedBatchNormGradV3,2,97.28,48.64,97.28,48.64,0.0003276909607452301,0.9370570104458581,0.0,0.0
490,Device,FusedBatchNormGradV3,gradient_tape/inception_v3/batch_normalization_36/FusedBatchNormGradV3,2,96.257,48.1285,96.257,48.1285,0.0003242449507447946,0.9373812553966029,0.0,0.0
491,Device,Slice,gradient_tape/inception_v3/mixed0/Slice_1,2,96.257,48.1285,96.257,48.1285,0.0003242449507447946,0.9377055003473477,0.0,0.0
492,Device,ReluGrad,gradient_tape/inception_v3/activation_53/ReluGrad,2,95.232,47.616,95.232,47.616,0.0003207922036769095,0.9380262925510245,0.0,0.0
493,Device,ReluGrad,gradient_tape/inception_v3/activation_74/ReluGrad,2,95.232,47.616,95.232,47.616,0.0003207922036769095,0.9383470847547014,0.0,0.0
494,Device,ReluGrad,gradient_tape/inception_v3/activation_30/ReluGrad,2,94.209,47.1045,94.209,47.1045,0.000317346193676474,0.9386644309483779,0.0,0.0
495,Device,ReluGrad,gradient_tape/inception_v3/activation_64/ReluGrad,2,94.209,47.1045,94.209,47.1045,0.000317346193676474,0.9389817771420544,0.0,0.0
496,Device,ReluGrad,gradient_tape/inception_v3/activation_38/ReluGrad,2,94.208,47.104,94.208,47.104,0.0003173428251427492,0.9392991199671972,0.0,0.0
497,Device,ReluGrad,gradient_tape/inception_v3/activation_39/ReluGrad,2,94.208,47.104,94.208,47.104,0.0003173428251427492,0.9396164627923399,0.0,0.0
498,Device,ReluGrad,gradient_tape/inception_v3/activation_40/ReluGrad,2,94.208,47.104,94.208,47.104,0.0003173428251427492,0.9399338056174826,0.0,0.0
499,Device,ReluGrad,gradient_tape/inception_v3/activation_61/ReluGrad,2,94.208,47.104,94.208,47.104,0.0003173428251427492,0.9402511484426254,0.0,0.0
500,Device,ReluGrad,gradient_tape/inception_v3/activation_65/ReluGrad,2,94.208,47.104,94.208,47.104,0.0003173428251427492,0.9405684912677681,0.0,0.0
501,Host,IDLE,IDLE,0,1193190.306,0.0,1193190.306,0.0,0.0,0.0,0.9822312875329546,0.9822312875329546
502,Host,GatherV2,GatherV2,2,21118.987,10559.4935,21118.987,10559.4935,0.0,0.0,0.01738509748871672,0.9996163850216714
503,Host,GatherV2,GatherV2_1,2,104.422,52.211,104.422,52.211,0.0,0.0,8.595993027349166e-05,0.9997023449519449
504,Host,Dataset,Iterator::Root::ParallelMapV2::Zip[1]::ForeverRepeat,2,58.181,29.0905,53.501,26.7505,0.0,0.0,4.4041889923216154e-05,0.9997463868418681
505,Host,FlushSummaryWriter,FlushSummaryWriter,1,49.97,49.97,49.97,49.97,0.0,0.0,4.113517951931948e-05,0.9997875220213874
506,Host,IteratorGetNext,IteratorGetNext,2,48.371,24.1855,48.371,24.1855,0.0,0.0,3.981888670260161e-05,0.99982734090809
507,Host,Dataset,Iterator::Root::ParallelMapV2,2,46.121,23.0605,46.121,23.0605,0.0,0.0,3.796669230759523e-05,0.9998653076003976
508,Host,LogicalAnd,LogicalAnd,1,33.67,33.67,33.67,33.67,0.0,0.0,2.771706012438437e-05,0.999893024660522
509,Host,Dataset,Iterator::Root,2,77.862,38.931,31.741,15.8705,0.0,0.0,2.612911212973223e-05,0.9999191537726517
510,Host,Dataset,Iterator::Root::ParallelMapV2::Zip[0]::FlatMap[1]::Concatenate[0]::TensorSlice,2,22.16,11.08,22.16,11.08,0.0,0.0,1.8242056797040618e-05,0.9999373958294487
511,Host,WriteSummary,WriteSummary,1,21.53,21.53,21.53,21.53,0.0,0.0,1.7723442366438832e-05,0.9999551192718151
512,Host,Dataset,Iterator::Root::ParallelMapV2::Zip[0]::FlatMap[1]::Concatenate,2,33.15,16.575,10.99,5.495,0.0,0.0,9.046940622720053e-06,0.9999641662124379
513,Host,Dataset,Iterator::Root::ParallelMapV2::Zip,2,104.821,52.4105,9.94,4.97,0.0,0.0,8.182583238383742e-06,0.9999723487956763
514,Host,ReadVariableOp,ReadVariableOp,1,7.82,7.82,7.82,7.82,0.0,0.0,6.437404519533286e-06,0.9999787862001959
515,Host,Dataset,Iterator::Root::ParallelMapV2::Zip[1]::ForeverRepeat::FromTensor,4,4.68,1.17,4.68,1.17,0.0,0.0,3.852564341613271e-06,0.9999826387645375
516,Host,_Send,IteratorGetNext/_1,2,4.1,2.05,4.1,2.05,0.0,0.0,3.3751097864560707e-06,0.999986013874324
517,Host,_Send,IteratorGetNext/_6,2,3.94,1.97,3.94,1.97,0.0,0.0,3.243398185033395e-06,0.999989257272509
518,Host,_HostSend,categorical_crossentropy/softmax_cross_entropy_with_logits/Shape_2/_9,2,3.65,1.825,3.65,1.825,0.0,0.0,3.0046709074547947e-06,0.9999922619434164
519,Host,Dataset,Iterator::Root::ParallelMapV2::Zip[0]::FlatMap,2,36.7,18.35,3.55,1.775,0.0,0.0,2.9223511565656224e-06,0.999995184294573
520,Host,Identity,Identity,2,3.19,1.595,3.19,1.595,0.0,0.0,2.6260000533646015e-06,0.9999978102946264
521,Host,_Send,IteratorGetNext/_3,2,2.66,1.33,2.66,1.33,0.0,0.0,2.1897053736519874e-06,1.0
