Rank,Host/device,Type,Operation,#Occurrences,Total time (us),Avg. time (us),Total self-time (us),Avg. self-time (us),Total self-time on Device (%),Cumulative total-self time on Device (%),Total self-time on Host (%),Cumulative total-self time on Host (%)
1,Device,IDLE,IDLE,0,7482.86,0.0,7482.86,0.0,0.7923495907987886,0.7923495907987886,0.0,0.0
2,Device,_Send,IteratorGetNext/_1,2,241.793,120.8965,241.793,120.8965,0.025603122951386434,0.8179527137501751,0.0,0.0
3,Device,Conv2DBackpropFilter,gradient_tape/sequential/conv2d/Conv2D/Conv2DBackpropFilter,2,145.409,72.7045,145.409,72.7045,0.015397155853304893,0.83334986960348,0.0,0.0
4,Device,Conv2DBackpropFilter,gradient_tape/sequential/conv2d_1/Conv2D/Conv2DBackpropFilter,2,103.424,51.712,103.424,51.712,0.010951422862217643,0.8443012924656976,0.0,0.0
5,Device,ReluGrad,gradient_tape/sequential/conv2d/ReluGrad,2,100.352,50.176,100.352,50.176,0.010626133074230982,0.8549274255399286,0.0,0.0
6,Device,Conv2DBackpropFilter,gradient_tape/sequential/conv2d_2/Conv2D/Conv2DBackpropFilter,2,95.232,47.616,95.232,47.616,0.010083983427586542,0.8650114089675152,0.0,0.0
7,Device,Conv2DBackpropInput,gradient_tape/sequential/conv2d_1/Conv2D/Conv2DBackpropInput,2,81.92,40.96,81.92,40.96,0.008674394346311004,0.8736858033138262,0.0,0.0
8,Device,_FusedConv2D,sequential/conv2d_2/Relu,2,81.92,40.96,81.92,40.96,0.008674394346311004,0.8823601976601372,0.0,0.0
9,Device,_FusedConv2D,sequential/conv2d/Relu,2,75.776,37.888,75.776,37.888,0.00802381477033768,0.8903840124304748,0.0,0.0
10,Device,Conv2DBackpropInput,gradient_tape/sequential/conv2d_2/Conv2D/Conv2DBackpropInput,2,73.728,36.864,73.728,36.864,0.007806954911679904,0.8981909673421548,0.0,0.0
11,Device,MaxPoolGrad,gradient_tape/sequential/max_pooling2d/MaxPool/MaxPoolGrad,2,73.728,36.864,73.728,36.864,0.007806954911679904,0.9059979222538347,0.0,0.0
12,Device,_FusedConv2D,sequential/conv2d_1/Relu,2,64.512,32.256,64.512,32.256,0.006831085547719916,0.9128290078015546,0.0,0.0
13,Device,MaxPool,sequential/max_pooling2d/MaxPool,2,49.152,24.576,49.152,24.576,0.005204636607786603,0.9180336444093412,0.0,0.0
14,Device,MaxPoolGrad,gradient_tape/sequential/max_pooling2d_2/MaxPool/MaxPoolGrad,2,44.033,22.0165,44.033,22.0165,0.004662592849745025,0.9226962372590862,0.0,0.0
15,Device,MaxPoolGrad,gradient_tape/sequential/max_pooling2d_1/MaxPool/MaxPoolGrad,2,41.984,20.992,41.984,20.992,0.00444562710248439,0.9271418643615706,0.0,0.0
16,Device,ReluGrad,gradient_tape/sequential/conv2d_1/ReluGrad,2,36.864,18.432,36.864,18.432,0.003903477455839952,0.9310453418174106,0.0,0.0
17,Device,BiasAddGrad,gradient_tape/sequential/conv2d/BiasAdd/BiasAddGrad,2,34.816,17.408,34.816,17.408,0.003686617597182177,0.9347319594145928,0.0,0.0
18,Device,Transpose,gradient_tape/sequential/conv2d/Conv2D/Conv2DBackpropFilter-0-TransposeNHWCToNCHW-LayoutOptimizer,2,25.6,12.8,25.6,12.8,0.002710748233222189,0.9374427076478149,0.0,0.0
19,Device,MatMul,sequential/dense/MatMul,2,25.6,12.8,25.6,12.8,0.002710748233222189,0.940153455881037,0.0,0.0
20,Device,BiasAddGrad,gradient_tape/sequential/conv2d_1/BiasAdd/BiasAddGrad,2,21.504,10.752,21.504,10.752,0.002277028515906639,0.9424304843969437,0.0,0.0
21,Device,MatMul,gradient_tape/sequential/dense/MatMul/MatMul_1,2,15.36,7.68,15.36,7.68,0.0016264489399333132,0.944056933336877,0.0,0.0
22,Device,MatMul,sequential/dense_1/MatMul,2,15.36,7.68,15.36,7.68,0.0016264489399333132,0.9456833822768104,0.0,0.0
23,Device,MatMul,gradient_tape/sequential/dense/MatMul/MatMul,2,14.336,7.168,14.336,7.168,0.0015180190106044258,0.9472014012874148,0.0,0.0
24,Device,MatMul,gradient_tape/sequential/dense_1/MatMul/MatMul_1,2,14.336,7.168,14.336,7.168,0.0015180190106044258,0.9487194202980193,0.0,0.0
25,Device,MaxPool,sequential/max_pooling2d_1/MaxPool,2,14.336,7.168,14.336,7.168,0.0015180190106044258,0.9502374393086237,0.0,0.0
26,Device,BiasAddGrad,gradient_tape/sequential/conv2d_2/BiasAdd/BiasAddGrad,2,12.288,6.144,12.288,6.144,0.0013011591519466507,0.9515385984605703,0.0,0.0
27,Device,ArgMax,ArgMax,2,11.264,5.632,11.264,5.632,0.001192729222617763,0.9527313276831881,0.0,0.0
28,Device,DynamicStitch,gradient_tape/categorical_crossentropy/DynamicStitch,2,10.24,5.12,10.24,5.12,0.0010842992932888755,0.953815626976477,0.0,0.0
29,Device,ReluGrad,gradient_tape/sequential/conv2d_2/ReluGrad,2,10.24,5.12,10.24,5.12,0.0010842992932888755,0.9548999262697659,0.0,0.0
30,Device,MatMul,gradient_tape/sequential/dense_1/MatMul/MatMul,2,10.24,5.12,10.24,5.12,0.0010842992932888755,0.9559842255630548,0.0,0.0
31,Device,MaxPool,sequential/max_pooling2d_2/MaxPool,2,9.216,4.608,9.216,4.608,0.000975869363959988,0.9569600949270148,0.0,0.0
32,Device,ResourceApplyGradientDescent,SGD/SGD/update_2/ResourceApplyGradientDescent,2,8.192,4.096,8.192,4.096,0.0008674394346311004,0.9578275343616459,0.0,0.0
33,Device,ResourceApplyGradientDescent,SGD/SGD/update_4/ResourceApplyGradientDescent,2,8.192,4.096,8.192,4.096,0.0008674394346311004,0.958694973796277,0.0,0.0
34,Device,Transpose,gradient_tape/sequential/max_pooling2d_2/MaxPool/MaxPoolGrad-2-TransposeNHWCToNCHW-LayoutOptimizer,2,8.192,4.096,8.192,4.096,0.0008674394346311004,0.9595624132309081,0.0,0.0
35,Device,Transpose,sequential/max_pooling2d_2/MaxPool-0-2-TransposeNCHWToNHWC-LayoutOptimizer,2,8.192,4.096,8.192,4.096,0.0008674394346311004,0.9604298526655392,0.0,0.0
36,Device,ArgMax,ArgMax_1,2,7.168,3.584,7.168,3.584,0.0007590095053022129,0.9611888621708413,0.0,0.0
37,Device,ResourceApplyGradientDescent,SGD/SGD/update_6/ResourceApplyGradientDescent,2,7.168,3.584,7.168,3.584,0.0007590095053022129,0.9619478716761435,0.0,0.0
38,Device,AssignAddVariableOp,AssignAddVariableOp,2,6.144,3.072,6.144,3.072,0.0006505795759733253,0.9625984512521168,0.0,0.0
39,Device,AssignAddVariableOp,AssignAddVariableOp_1,2,6.144,3.072,6.144,3.072,0.0006505795759733253,0.9632490308280902,0.0,0.0
40,Device,AssignAddVariableOp,AssignAddVariableOp_2,2,6.144,3.072,6.144,3.072,0.0006505795759733253,0.9638996104040636,0.0,0.0
41,Device,AssignAddVariableOp,AssignAddVariableOp_3,2,6.144,3.072,6.144,3.072,0.0006505795759733253,0.9645501899800369,0.0,0.0
42,Device,AssignAddVariableOp,AssignAddVariableOp_4,2,6.144,3.072,6.144,3.072,0.0006505795759733253,0.9652007695560103,0.0,0.0
43,Device,Equal,Equal,2,6.144,3.072,6.144,3.072,0.0006505795759733253,0.9658513491319837,0.0,0.0
44,Device,Mul,Mul,2,6.144,3.072,6.144,3.072,0.0006505795759733253,0.966501928707957,0.0,0.0
45,Device,AssignAddVariableOp,SGD/SGD/AssignAddVariableOp,2,6.144,3.072,6.144,3.072,0.0006505795759733253,0.9671525082839304,0.0,0.0
46,Device,ResourceApplyGradientDescent,SGD/SGD/update/ResourceApplyGradientDescent,2,6.144,3.072,6.144,3.072,0.0006505795759733253,0.9678030878599038,0.0,0.0
47,Device,ResourceApplyGradientDescent,SGD/SGD/update_1/ResourceApplyGradientDescent,2,6.144,3.072,6.144,3.072,0.0006505795759733253,0.9684536674358771,0.0,0.0
48,Device,ResourceApplyGradientDescent,SGD/SGD/update_3/ResourceApplyGradientDescent,2,6.144,3.072,6.144,3.072,0.0006505795759733253,0.9691042470118505,0.0,0.0
49,Device,ResourceApplyGradientDescent,SGD/SGD/update_5/ResourceApplyGradientDescent,2,6.144,3.072,6.144,3.072,0.0006505795759733253,0.9697548265878239,0.0,0.0
50,Device,ResourceApplyGradientDescent,SGD/SGD/update_7/ResourceApplyGradientDescent,2,6.144,3.072,6.144,3.072,0.0006505795759733253,0.9704054061637972,0.0,0.0
51,Device,ResourceApplyGradientDescent,SGD/SGD/update_9/ResourceApplyGradientDescent,2,6.144,3.072,6.144,3.072,0.0006505795759733253,0.9710559857397706,0.0,0.0
52,Device,AddN,SGD/gradients/AddN,2,6.144,3.072,6.144,3.072,0.0006505795759733253,0.971706565315744,0.0,0.0
53,Device,Log,categorical_crossentropy/Log,2,6.144,3.072,6.144,3.072,0.0006505795759733253,0.9723571448917173,0.0,0.0
54,Device,Neg,categorical_crossentropy/Neg,2,6.144,3.072,6.144,3.072,0.0006505795759733253,0.9730077244676907,0.0,0.0
55,Device,Maximum,categorical_crossentropy/clip_by_value,2,6.144,3.072,6.144,3.072,0.0006505795759733253,0.973658304043664,0.0,0.0
56,Device,Minimum,categorical_crossentropy/clip_by_value/Minimum,2,6.144,3.072,6.144,3.072,0.0006505795759733253,0.9743088836196374,0.0,0.0
57,Device,Mul,categorical_crossentropy/mul,2,6.144,3.072,6.144,3.072,0.0006505795759733253,0.9749594631956108,0.0,0.0
58,Device,RealDiv,categorical_crossentropy/truediv,2,6.144,3.072,6.144,3.072,0.0006505795759733253,0.9756100427715841,0.0,0.0
59,Device,DivNoNan,div_no_nan,2,6.144,3.072,6.144,3.072,0.0006505795759733253,0.9762606223475575,0.0,0.0
60,Device,DivNoNan,div_no_nan_1,2,6.144,3.072,6.144,3.072,0.0006505795759733253,0.9769112019235309,0.0,0.0
61,Device,BroadcastTo,gradient_tape/categorical_crossentropy/BroadcastTo,2,6.144,3.072,6.144,3.072,0.0006505795759733253,0.9775617814995042,0.0,0.0
62,Device,Neg,gradient_tape/categorical_crossentropy/Neg,2,6.144,3.072,6.144,3.072,0.0006505795759733253,0.9782123610754776,0.0,0.0
63,Device,SelectV2,gradient_tape/categorical_crossentropy/clip_by_value/SelectV2,2,6.144,3.072,6.144,3.072,0.0006505795759733253,0.978862940651451,0.0,0.0
64,Device,ZerosLike,gradient_tape/categorical_crossentropy/clip_by_value/zeros_like,2,6.144,3.072,6.144,3.072,0.0006505795759733253,0.9795135202274243,0.0,0.0
65,Device,Mul,gradient_tape/categorical_crossentropy/mul,2,6.144,3.072,6.144,3.072,0.0006505795759733253,0.9801640998033977,0.0,0.0
66,Device,Mul,gradient_tape/categorical_crossentropy/mul/Mul,2,6.144,3.072,6.144,3.072,0.0006505795759733253,0.9808146793793711,0.0,0.0
67,Device,Neg,gradient_tape/categorical_crossentropy/truediv/Neg,2,6.144,3.072,6.144,3.072,0.0006505795759733253,0.9814652589553444,0.0,0.0
68,Device,RealDiv,gradient_tape/categorical_crossentropy/truediv/RealDiv,2,6.144,3.072,6.144,3.072,0.0006505795759733253,0.9821158385313178,0.0,0.0
69,Device,Tile,gradient_tape/categorical_crossentropy/weighted_loss/Tile_1,2,6.144,3.072,6.144,3.072,0.0006505795759733253,0.9827664181072912,0.0,0.0
70,Device,DivNoNan,gradient_tape/categorical_crossentropy/weighted_loss/value/div_no_nan,2,6.144,3.072,6.144,3.072,0.0006505795759733253,0.9834169976832645,0.0,0.0
71,Device,ReluGrad,gradient_tape/sequential/dense/ReluGrad,2,6.144,3.072,6.144,3.072,0.0006505795759733253,0.9840675772592379,0.0,0.0
72,Device,BiasAddGrad,gradient_tape/sequential/dense_1/BiasAdd/BiasAddGrad,2,6.144,3.072,6.144,3.072,0.0006505795759733253,0.9847181568352112,0.0,0.0
73,Device,BiasAdd,sequential/dense/BiasAdd,2,6.144,3.072,6.144,3.072,0.0006505795759733253,0.9853687364111846,0.0,0.0
74,Device,BiasAdd,sequential/dense_1/BiasAdd,2,6.144,3.072,6.144,3.072,0.0006505795759733253,0.986019315987158,0.0,0.0
75,Device,Cast,Cast,2,5.12,2.56,5.12,2.56,0.0005421496466444378,0.9865614656338024,0.0,0.0
76,Device,Cast,Cast_1,2,5.12,2.56,5.12,2.56,0.0005421496466444378,0.9871036152804469,0.0,0.0
77,Device,Cast,Cast_2,2,5.12,2.56,5.12,2.56,0.0005421496466444378,0.9876457649270913,0.0,0.0
78,Device,Sum,categorical_crossentropy/Sum,2,5.12,2.56,5.12,2.56,0.0005421496466444378,0.9881879145737358,0.0,0.0
79,Device,Sum,categorical_crossentropy/Sum_1,2,5.12,2.56,5.12,2.56,0.0005421496466444378,0.9887300642203802,0.0,0.0
80,Device,Sum,categorical_crossentropy/weighted_loss/Sum,2,5.12,2.56,5.12,2.56,0.0005421496466444378,0.9892722138670247,0.0,0.0
81,Device,Cast,categorical_crossentropy/weighted_loss/num_elements/Cast,2,5.12,2.56,5.12,2.56,0.0005421496466444378,0.9898143635136691,0.0,0.0
82,Device,DivNoNan,categorical_crossentropy/weighted_loss/value,2,5.12,2.56,5.12,2.56,0.0005421496466444378,0.9903565131603136,0.0,0.0
83,Device,Reciprocal,gradient_tape/categorical_crossentropy/Reciprocal,2,5.12,2.56,5.12,2.56,0.0005421496466444378,0.990898662806958,0.0,0.0
84,Device,GreaterEqual,gradient_tape/categorical_crossentropy/clip_by_value/GreaterEqual,2,5.12,2.56,5.12,2.56,0.0005421496466444378,0.9914408124536025,0.0,0.0
85,Device,LessEqual,gradient_tape/categorical_crossentropy/clip_by_value/LessEqual,2,5.12,2.56,5.12,2.56,0.0005421496466444378,0.991982962100247,0.0,0.0
86,Device,SelectV2,gradient_tape/categorical_crossentropy/clip_by_value/SelectV2_1,2,5.12,2.56,5.12,2.56,0.0005421496466444378,0.9925251117468914,0.0,0.0
87,Device,ZerosLike,gradient_tape/categorical_crossentropy/clip_by_value/zeros_like_1,2,5.12,2.56,5.12,2.56,0.0005421496466444378,0.9930672613935358,0.0,0.0
88,Device,RealDiv,gradient_tape/categorical_crossentropy/truediv/RealDiv_1,2,5.12,2.56,5.12,2.56,0.0005421496466444378,0.9936094110401803,0.0,0.0
89,Device,RealDiv,gradient_tape/categorical_crossentropy/truediv/RealDiv_2,2,5.12,2.56,5.12,2.56,0.0005421496466444378,0.9941515606868248,0.0,0.0
90,Device,Sum,gradient_tape/categorical_crossentropy/truediv/Sum_1,2,5.12,2.56,5.12,2.56,0.0005421496466444378,0.9946937103334692,0.0,0.0
91,Device,Mul,gradient_tape/categorical_crossentropy/truediv/mul,2,5.12,2.56,5.12,2.56,0.0005421496466444378,0.9952358599801137,0.0,0.0
92,Device,BiasAddGrad,gradient_tape/sequential/dense/BiasAdd/BiasAddGrad,2,5.12,2.56,5.12,2.56,0.0005421496466444378,0.9957780096267581,0.0,0.0
93,Device,Relu,sequential/dense/Relu,2,5.12,2.56,5.12,2.56,0.0005421496466444378,0.9963201592734026,0.0,0.0
94,Device,_Send,IteratorGetNext/_3,2,4.096,2.048,4.096,2.048,0.0004337197173155502,0.9967538789907181,0.0,0.0
95,Device,ResourceApplyGradientDescent,SGD/SGD/update_8/ResourceApplyGradientDescent,2,4.096,2.048,4.096,2.048,0.0004337197173155502,0.9971875987080336,0.0,0.0
96,Device,Sum,Sum_2,2,4.096,2.048,4.096,2.048,0.0004337197173155502,0.9976213184253492,0.0,0.0
97,Device,BroadcastTo,gradient_tape/categorical_crossentropy/BroadcastTo_1,2,4.096,2.048,4.096,2.048,0.0004337197173155502,0.9980550381426647,0.0,0.0
98,Device,_Recv,strided_slice/_12,2,3.584,1.792,3.584,1.792,0.00037950475265110644,0.9984345428953159,0.0,0.0
99,Device,_HostRecv,gradient_tape/categorical_crossentropy/DynamicStitch/_22,2,3.52,1.76,3.52,1.76,0.000372727882068051,0.998807270777384,0.0,0.0
100,Device,_Recv,gradient_tape/categorical_crossentropy/ones/_18,2,3.072,1.536,3.072,1.536,0.00032528978798666266,0.9991325605653706,0.0,0.0
101,Device,LogicalAnd,LogicalAnd,1,2.048,2.048,2.048,2.048,0.0002168598586577751,0.9993494204240284,0.0,0.0
102,Device,_Recv,Size/_14,2,2.048,1.024,2.048,1.024,0.0002168598586577751,0.9995662802826862,0.0,0.0
103,Device,_Recv,categorical_crossentropy/weighted_loss/num_elements/_20,2,2.048,1.024,2.048,1.024,0.0002168598586577751,0.9997831401413441,0.0,0.0
104,Device,_Recv,gradient_tape/categorical_crossentropy/Shape/_16,2,2.048,1.024,2.048,1.024,0.0002168598586577751,1.0000000000000018,0.0,0.0
105,Host,IDLE,IDLE,0,36719.185,0.0,36719.185,0.0,0.0,0.0,0.9507584978904448,0.9507584978904448
106,Host,_Send,IteratorGetNext/_1,2,984.952,492.476,984.952,492.476,0.0,0.0,0.025503057434803886,0.9762615553252486
107,Host,GatherV2,GatherV2,2,372.914,186.457,372.914,186.457,0.0,0.0,0.009655746838670775,0.9859173021639194
108,Host,_Send,IteratorGetNext/_3,2,102.791,51.3955,102.791,51.3955,0.0,0.0,0.0026615355639472036,0.9885788377278666
109,Host,_Send,IteratorGetNext/_6,2,74.651,37.3255,74.651,37.3255,0.0,0.0,0.001932915249236049,0.9905117529771026
110,Host,Dataset,Iterator::Root::ParallelMapV2,2,49.77,24.885,49.77,24.885,0.0,0.0,0.0012886792133324158,0.991800432190435
111,Host,Dataset,Iterator::Root::ParallelMapV2::Zip[1]::ForeverRepeat,2,53.261,26.6305,49.76,24.88,0.0,0.0,0.0012884202864259795,0.993088852476861
112,Host,IteratorGetNext,IteratorGetNext,2,37.83,18.915,37.83,18.915,0.0,0.0,0.000979520487047725,0.9940683729639087
113,Host,FlushSummaryWriter,FlushSummaryWriter,1,35.64,35.64,35.64,35.64,0.0,0.0,0.0009228154945382217,0.9949911884584469
114,Host,GatherV2,GatherV2_1,2,31.441,15.7205,31.441,15.7205,0.0,0.0,0.0008140920865257078,0.9958052805449726
115,Host,LogicalAnd,LogicalAnd,1,28.801,28.801,28.801,28.801,0.0,0.0,0.0007457353832265803,0.9965510159281992
116,Host,Dataset,Iterator::Root::ParallelMapV2::Zip[0]::FlatMap[1]::Concatenate,2,49.661,24.8305,28.481,14.2405,0.0,0.0,0.0007374497222206255,0.9972884656504198
117,Host,Dataset,Iterator::Root,2,76.491,38.2455,26.721,13.3605,0.0,0.0,0.0006918785866878738,0.9979803442371077
118,Host,Dataset,Iterator::Root::ParallelMapV2::Zip[0]::FlatMap[1]::Concatenate[0]::TensorSlice,2,21.18,10.59,21.18,10.59,0.0,0.0,0.0005484071878316367,0.9985287514249394
119,Host,WriteSummary,WriteSummary,1,19.71,19.71,19.71,19.71,0.0,0.0,0.0005103449325855317,0.9990390963575249
120,Host,Dataset,Iterator::Root::ParallelMapV2::Zip,2,117.332,58.666,10.52,5.26,0.0,0.0,0.00027239110557076575,0.9993114874630956
121,Host,_HostSend,gradient_tape/categorical_crossentropy/mul/Shape/_9,2,10.34,5.17,10.34,5.17,0.0,0.0,0.0002677304212549162,0.9995792178843506
122,Host,ReadVariableOp,ReadVariableOp,1,6.07,6.07,6.07,6.07,0.0,0.0,0.0001571686322067061,0.9997363865165573
123,Host,Dataset,Iterator::Root::ParallelMapV2::Zip[0]::FlatMap,2,53.551,26.7755,3.89,1.945,0.0,0.0,0.00010072256660363867,0.9998371090831609
124,Host,Dataset,Iterator::Root::ParallelMapV2::Zip[1]::ForeverRepeat::FromTensor,4,3.501,0.87525,3.501,0.87525,0.0,0.0,9.06503099432748e-05,0.9999277593931042
125,Host,Identity,Identity,2,2.79,1.395,2.79,1.395,0.0,0.0,7.224060689566886e-05,0.9999999999999999
