Rank,Host/device,Type,Operation,#Occurrences,Total time (us),Avg. time (us),Total self-time (us),Avg. self-time (us),Total self-time on Device (%),Cumulative total-self time on Device (%),Total self-time on Host (%),Cumulative total-self time on Host (%)
1,Device,IDLE,IDLE,0,17111.412,0.0,17111.412,0.0,0.05036585507891009,0.05036585507891009,0.0,0.0
2,Device,_Recv,IteratorGetNext/_2,2,10022.395,5011.1975,10022.395,5011.1975,0.029499990656153514,0.0798658457350636,0.0,0.0
3,Device,Conv2DBackpropFilter,gradient_tape/inception_v3/conv2d_2/Conv2D/Conv2DBackpropFilter,2,8462.619,4231.3095,8462.619,4231.3095,0.024908934583658615,0.10477478031872221,0.0,0.0
4,Device,Conv2DBackpropFilter,gradient_tape/inception_v3/conv2d_4/Conv2D/Conv2DBackpropFilter,4,6765.244,1691.311,6765.244,1691.311,0.01991286860940909,0.1246876489281313,0.0,0.0
5,Device,FusedBatchNormGradV3,gradient_tape/inception_v3/batch_normalization_2/FusedBatchNormGradV3,2,6632.797,3316.3985,6632.797,3316.3985,0.019523023142089594,0.1442106720702209,0.0,0.0
6,Device,Conv2DBackpropInput,gradient_tape/inception_v3/conv2d_4/Conv2D/Conv2DBackpropInput,2,6245.468,3122.734,6245.468,3122.734,0.018382956134068328,0.16259362820428921,0.0,0.0
7,Device,Conv2DBackpropInput,gradient_tape/inception_v3/conv2d_2/Conv2D/Conv2DBackpropInput,2,6023.933,3011.9665,6023.933,3011.9665,0.017730888396764923,0.18032451660105414,0.0,0.0
8,Device,Conv2DBackpropFilter,gradient_tape/inception_v3/conv2d_1/Conv2D/Conv2DBackpropFilter,2,5388.285,2694.1425,5388.285,2694.1425,0.015859917430184313,0.19618443403123845,0.0,0.0
9,Device,Conv2D,inception_v3/conv2d_2/Conv2D,2,5373.661,2686.8305,5373.661,2686.8305,0.01581687304175664,0.21200130707299508,0.0,0.0
10,Device,FusedBatchNormV3,inception_v3/batch_normalization_2/FusedBatchNormV3,4,5297.085,1324.27125,5297.085,1324.27125,0.015591478683972336,0.22759278575696743,0.0,0.0
11,Device,Conv2D,inception_v3/conv2d_1/Conv2D,4,4410.686,1102.6715,4410.686,1102.6715,0.012982445392266728,0.24057523114923415,0.0,0.0
12,Device,Conv2D,inception_v3/conv2d_4/Conv2D,4,4389.341,1097.33525,4389.341,1097.33525,0.012919618363342447,0.2534948495125766,0.0,0.0
13,Device,FusedBatchNormGradV3,gradient_tape/inception_v3/batch_normalization/FusedBatchNormGradV3,2,4287.389,2143.6945,4287.389,2143.6945,0.012619532101787581,0.2661143816143642,0.0,0.0
14,Device,Conv2DBackpropInput,gradient_tape/inception_v3/conv2d_1/Conv2D/Conv2DBackpropInput,2,4224.926,2112.463,4224.926,2112.463,0.012435678051298122,0.2785500596656623,0.0,0.0
15,Device,FusedBatchNormGradV3,gradient_tape/inception_v3/batch_normalization_1/FusedBatchNormGradV3,2,3777.374,1888.687,3777.374,1888.687,0.011118350225150496,0.28966840989081283,0.0,0.0
16,Device,FusedBatchNormGradV3,gradient_tape/inception_v3/batch_normalization_4/FusedBatchNormGradV3,2,3512.542,1756.271,3512.542,1756.271,0.010338841781764415,0.30000725167257725,0.0,0.0
17,Device,ReluGrad,gradient_tape/inception_v3/activation_2/ReluGrad,2,3180.766,1590.383,3180.766,1590.383,0.009362289879755367,0.3093695415523326,0.0,0.0
18,Device,FusedBatchNormV3,inception_v3/batch_normalization/FusedBatchNormV3,4,3002.878,750.7195,3002.878,750.7195,0.008838693041091372,0.31820823459342396,0.0,0.0
19,Device,MaxPoolGrad,gradient_tape/inception_v3/max_pooling2d/MaxPool/MaxPoolGrad,2,2958.654,1479.327,2958.654,1479.327,0.008708523796437,0.32691675838986095,0.0,0.0
20,Device,Conv2DBackpropInput,gradient_tape/inception_v3/conv2d_26/Conv2D/Conv2DBackpropInput,2,2860.799,1430.3995,2860.799,1430.3995,0.00842049667461054,0.3353372550644715,0.0,0.0
21,Device,FusedBatchNormV3,inception_v3/batch_normalization_1/FusedBatchNormV3,4,2788.702,697.1755,2788.702,697.1755,0.008208285838145136,0.34354554090261663,0.0,0.0
22,Device,FusedBatchNormV3,inception_v3/batch_normalization_4/FusedBatchNormV3,4,2047.424,511.856,2047.424,511.856,0.006026402757942033,0.34957194366055866,0.0,0.0
23,Device,ReluGrad,gradient_tape/inception_v3/activation_4/ReluGrad,2,1996.928,998.464,1996.928,998.464,0.00587777246267098,0.3554497161232296,0.0,0.0
24,Device,Relu,inception_v3/activation_2/Relu,2,1979.903,989.9515,1979.903,989.9515,0.005827660953304106,0.36127737707653373,0.0,0.0
25,Device,Conv2DBackpropFilter,gradient_tape/inception_v3/conv2d_3/Conv2D/Conv2DBackpropFilter,2,1971.071,985.5355,1971.071,985.5355,0.005801664779986736,0.36707904185652046,0.0,0.0
26,Device,Conv2DBackpropFilter,gradient_tape/inception_v3/conv2d_26/Conv2D/Conv2DBackpropFilter,4,1909.854,477.4635,1909.854,477.4635,0.00562147821499925,0.3727005200715197,0.0,0.0
27,Device,Conv2D,inception_v3/conv2d_26/Conv2D,4,1810.302,452.5755,1810.302,452.5755,0.00532845613097628,0.378028976202496,0.0,0.0
28,Device,Conv2DBackpropFilter,gradient_tape/inception_v3/conv2d/Conv2D/Conv2DBackpropFilter,2,1784.575,892.2875,1784.575,892.2875,0.00525273109124168,0.3832817072937377,0.0,0.0
29,Device,FusedBatchNormGradV3,gradient_tape/inception_v3/batch_normalization_3/FusedBatchNormGradV3,2,1716.607,858.3035,1716.607,858.3035,0.005052673583538437,0.3883343808772761,0.0,0.0
30,Device,ReluGrad,gradient_tape/inception_v3/activation/ReluGrad,2,1666.175,833.0875,1666.175,833.0875,0.004904231666334901,0.39323861254361103,0.0,0.0
31,Device,MaxPoolGrad,gradient_tape/inception_v3/max_pooling2d_3/MaxPool/MaxPoolGrad,2,1661.216,830.608,1661.216,830.608,0.004889635309509624,0.3981282478531207,0.0,0.0
32,Device,ReluGrad,gradient_tape/inception_v3/activation_1/ReluGrad,2,1563.967,781.9835,1563.967,781.9835,0.004603391892509968,0.40273163974563064,0.0,0.0
33,Device,MaxPoolGrad,gradient_tape/inception_v3/max_pooling2d_1/MaxPool/MaxPoolGrad,2,1463.006,731.503,1463.006,731.503,0.0043062225475943156,0.407037862293225,0.0,0.0
34,Device,MaxPool,inception_v3/max_pooling2d/MaxPool,2,1267.263,633.6315,1267.263,633.6315,0.0037300711715003315,0.4107679334647253,0.0,0.0
35,Device,Relu,inception_v3/activation_4/Relu,2,1262.718,631.359,1262.718,631.359,0.0037166933852993073,0.4144846268500246,0.0,0.0
36,Device,Conv2DBackpropFilter,gradient_tape/inception_v3/conv2d_17/Conv2D/Conv2DBackpropFilter,4,1082.592,270.648,1082.592,270.648,0.0031865092010868205,0.4176711360511114,0.0,0.0
37,Device,Conv2DBackpropFilter,gradient_tape/inception_v3/conv2d_10/Conv2D/Conv2DBackpropFilter,4,1080.927,270.23175,1080.927,270.23175,0.0031816084279240684,0.4208527444790355,0.0,0.0
38,Device,Conv2DBackpropFilter,gradient_tape/inception_v3/conv2d_22/Conv2D/Conv2DBackpropFilter,2,1073.888,536.944,1073.888,536.944,0.003160889783904484,0.42401363426294,0.0,0.0
39,Device,Conv2DBackpropFilter,gradient_tape/inception_v3/conv2d_24/Conv2D/Conv2DBackpropFilter,4,1067.839,266.95975,1067.839,266.95975,0.0031430851131168057,0.42715671937605676,0.0,0.0
40,Device,Relu,inception_v3/activation/Relu,2,1064.287,532.1435,1064.287,532.1435,0.0031326301303696027,0.4302893495064264,0.0,0.0
41,Device,Conv2DBackpropFilter,gradient_tape/inception_v3/conv2d_20/Conv2D/Conv2DBackpropFilter,2,1061.92,530.96,1061.92,530.96,0.003125663085278772,0.4334150125917052,0.0,0.0
42,Device,Conv2DBackpropFilter,gradient_tape/inception_v3/conv2d_27/Conv2D/Conv2DBackpropFilter,2,1061.119,530.5595,1061.119,530.5595,0.0031233054160275018,0.4365383180077327,0.0,0.0
43,Device,Conv2DBackpropFilter,gradient_tape/inception_v3/conv2d_25/Conv2D/Conv2DBackpropFilter,2,1059.776,529.888,1059.776,529.888,0.0031193524200169467,0.4396576704277496,0.0,0.0
44,Device,Conv2DBackpropFilter,gradient_tape/inception_v3/conv2d_19/Conv2D/Conv2DBackpropFilter,2,1059.008,529.504,1059.008,529.504,0.0031170918832067406,0.44277476231095636,0.0,0.0
45,Device,AvgPoolGrad,gradient_tape/inception_v3/average_pooling2d_2/AvgPoolGrad,2,1011.584,505.792,1011.584,505.792,0.0029775037351765115,0.4457522660461329,0.0,0.0
46,Device,AddN,SGD/gradients/AddN_12,2,1010.88,505.44,1010.88,505.44,0.0029754315764338227,0.4487276976225667,0.0,0.0
47,Device,FusedBatchNormV3,inception_v3/batch_normalization_3/FusedBatchNormV3,4,1004.127,251.03175,1004.127,251.03175,0.0029555547469034553,0.45168325236947016,0.0,0.0
48,Device,Relu,inception_v3/activation_1/Relu,2,992.896,496.448,992.896,496.448,0.0029224973394614954,0.45460574970893164,0.0,0.0
49,Device,Conv2DBackpropFilter,gradient_tape/inception_v3/conv2d_9/Conv2D/Conv2DBackpropFilter,4,954.271,238.56775,954.271,238.56775,0.0028088082323075737,0.4574145579412392,0.0,0.0
50,Device,Conv2DBackpropFilter,gradient_tape/inception_v3/conv2d_23/Conv2D/Conv2DBackpropFilter,4,952.48,238.12,952.48,238.12,0.002803536589824398,0.4602180945310636,0.0,0.0
51,Device,Conv2DBackpropFilter,gradient_tape/inception_v3/conv2d_16/Conv2D/Conv2DBackpropFilter,4,951.648,237.912,951.648,237.912,0.002801087674946675,0.4630191822060103,0.0,0.0
52,Device,Conv2DBackpropFilter,gradient_tape/inception_v3/conv2d_28/Conv2D/Conv2DBackpropFilter,4,947.936,236.984,947.936,236.984,0.0027901617470306784,0.46580934395304097,0.0,0.0
53,Device,ReluGrad,gradient_tape/inception_v3/activation_3/ReluGrad,2,941.92,470.96,941.92,470.96,0.0027724542086840637,0.468581798161725,0.0,0.0
54,Device,Conv2DBackpropFilter,gradient_tape/inception_v3/conv2d_7/Conv2D/Conv2DBackpropFilter,4,929.407,232.35175,929.407,232.35175,0.0027356233530771504,0.47131742151480216,0.0,0.0
55,Device,Conv2DBackpropFilter,gradient_tape/inception_v3/conv2d_14/Conv2D/Conv2DBackpropFilter,4,923.359,230.83975,923.359,230.83975,0.0027178216256967774,0.47403524314049894,0.0,0.0
56,Device,AvgPoolGrad,gradient_tape/inception_v3/average_pooling2d_1/AvgPoolGrad,2,917.343,458.6715,917.343,458.6715,0.0027001140873501622,0.4767353572278491,0.0,0.0
57,Device,Conv2DBackpropFilter,gradient_tape/inception_v3/conv2d_21/Conv2D/Conv2DBackpropFilter,4,915.584,228.896,915.584,228.896,0.0026949366339007446,0.47943029386174985,0.0,0.0
58,Device,Conv2D,inception_v3/conv2d/Conv2D,2,912.384,456.192,912.384,456.192,0.002685517730524886,0.48211581159227473,0.0,0.0
59,Device,Conv2DBackpropFilter,gradient_tape/inception_v3/conv2d_15/Conv2D/Conv2DBackpropFilter,2,910.784,455.392,910.784,455.392,0.002680808278836957,0.48479661987111167,0.0,0.0
60,Device,Conv2DBackpropFilter,gradient_tape/inception_v3/conv2d_18/Conv2D/Conv2DBackpropFilter,2,905.632,452.816,905.632,452.816,0.0026656438444018237,0.4874622637155135,0.0,0.0
61,Device,Conv2DBackpropFilter,gradient_tape/inception_v3/conv2d_12/Conv2D/Conv2DBackpropFilter,2,901.247,450.6235,901.247,450.6235,0.002652737003369592,0.4901150007188831,0.0,0.0
62,Device,AddN,SGD/gradients/AddN_13,2,898.656,449.328,898.656,449.328,0.0026451106350424513,0.49276011135392556,0.0,0.0
63,Device,Conv2DBackpropFilter,gradient_tape/inception_v3/conv2d_13/Conv2D/Conv2DBackpropFilter,2,896.768,448.384,896.768,448.384,0.0026395534820506947,0.49539966483597625,0.0,0.0
64,Device,Conv2D,inception_v3/conv2d_3/Conv2D,2,875.744,437.872,875.744,437.872,0.002577671286871302,0.49797733612284756,0.0,0.0
65,Device,Conv2DBackpropInput,gradient_tape/inception_v3/conv2d_17/Conv2D/Conv2DBackpropInput,4,849.599,212.39975,849.599,212.39975,0.0025007159028832297,0.5004780520257308,0.0,0.0
66,Device,Conv2DBackpropInput,gradient_tape/inception_v3/conv2d_10/Conv2D/Conv2DBackpropInput,4,844.704,211.176,844.704,211.176,0.0024863079241254703,0.5029643599498563,0.0,0.0
67,Device,Conv2DBackpropInput,gradient_tape/inception_v3/conv2d_24/Conv2D/Conv2DBackpropInput,4,839.967,209.99175,839.967,209.99175,0.0024723650037218946,0.5054367249535783,0.0,0.0
68,Device,AddN,SGD/gradients/AddN_11,2,810.912,405.456,810.912,405.456,0.0023868443044764006,0.5078235692580547,0.0,0.0
69,Device,Conv2D,inception_v3/conv2d_10/Conv2D,4,805.344,201.336,805.344,201.336,0.0023704554126024063,0.5101940246706571,0.0,0.0
70,Device,Conv2D,inception_v3/conv2d_24/Conv2D,4,804.608,201.152,804.608,201.152,0.0023682890648259584,0.5125623137354831,0.0,0.0
71,Device,MaxPool,inception_v3/max_pooling2d_1/MaxPool,2,800.544,400.272,800.544,400.272,0.002356327057538618,0.5149186407930217,0.0,0.0
72,Device,Conv2DBackpropFilter,gradient_tape/inception_v3/conv2d_74/Conv2D/Conv2DBackpropFilter,4,798.975,199.74375,798.975,199.74375,0.0023517088514771424,0.5172703496444989,0.0,0.0
73,Device,Conv2D,inception_v3/conv2d_17/Conv2D,4,793.44,198.36,793.44,198.36,0.0023354170920442115,0.5196057667365431,0.0,0.0
74,Device,Conv2DBackpropFilter,gradient_tape/inception_v3/conv2d_67/Conv2D/Conv2DBackpropFilter,4,785.632,196.408,785.632,196.408,0.002312434967807115,0.5219182017043502,0.0,0.0
75,Device,Conv2DBackpropFilter,gradient_tape/inception_v3/conv2d_63/Conv2D/Conv2DBackpropFilter,4,783.712,195.928,783.712,195.928,0.0023067836257816003,0.5242249853301318,0.0,0.0
76,Device,Conv2DBackpropFilter,gradient_tape/inception_v3/conv2d_65/Conv2D/Conv2DBackpropFilter,4,782.688,195.672,782.688,195.672,0.0023037695767013254,0.5265287549068332,0.0,0.0
77,Device,MaxPoolGrad,gradient_tape/inception_v3/max_pooling2d_2/MaxPool/MaxPoolGrad,2,776.768,388.384,776.768,388.384,0.0022863446054559866,0.5288150995122891,0.0,0.0
78,Device,AvgPool,inception_v3/average_pooling2d_2/AvgPool,2,769.79,384.895,769.79,384.895,0.002265805509282004,0.5310809050215711,0.0,0.0
79,Device,Conv2DBackpropInput,gradient_tape/inception_v3/conv2d_14/Conv2D/Conv2DBackpropInput,4,704.96,176.24,704.96,176.24,0.0020749844137017133,0.5331558894352728,0.0,0.0
80,Device,Conv2DBackpropInput,gradient_tape/inception_v3/conv2d_7/Conv2D/Conv2DBackpropInput,4,703.008,175.752,703.008,175.752,0.0020692388826424393,0.5352251283179152,0.0,0.0
81,Device,Conv2DBackpropFilter,gradient_tape/inception_v3/conv2d_43/Conv2D/Conv2DBackpropFilter,4,702.879,175.71975,702.879,175.71975,0.0020688591831001,0.5372939875010153,0.0,0.0
82,Device,Conv2DBackpropFilter,gradient_tape/inception_v3/conv2d_53/Conv2D/Conv2DBackpropFilter,4,698.016,174.504,698.016,174.504,0.002054545393376099,0.5393485328943914,0.0,0.0
83,Device,Conv2DBackpropInput,gradient_tape/inception_v3/conv2d_21/Conv2D/Conv2DBackpropInput,4,693.536,173.384,693.536,173.384,0.0020413589286498966,0.5413898918230413,0.0,0.0
84,Device,AvgPoolGrad,gradient_tape/inception_v3/average_pooling2d/AvgPoolGrad,2,691.007,345.5035,691.007,345.5035,0.0020339150515756633,0.543423806874617,0.0,0.0
85,Device,AvgPool,inception_v3/average_pooling2d_1/AvgPool,2,683.872,341.936,683.872,341.936,0.002012913840454803,0.5454367207150718,0.0,0.0
86,Device,Conv2DBackpropFilter,gradient_tape/inception_v3/conv2d_45/Conv2D/Conv2DBackpropFilter,4,683.552,170.888,683.552,170.888,0.002011971950117217,0.547448692665189,0.0,0.0
87,Device,Conv2DBackpropFilter,gradient_tape/inception_v3/conv2d_57/Conv2D/Conv2DBackpropFilter,4,677.28,169.32,677.28,169.32,0.0019935108995005335,0.5494422035646895,0.0,0.0
88,Device,Conv2DBackpropFilter,gradient_tape/inception_v3/conv2d_47/Conv2D/Conv2DBackpropFilter,4,676.895,169.22375,676.895,169.22375,0.0019923776876881257,0.5514345812523777,0.0,0.0
89,Device,Conv2DBackpropFilter,gradient_tape/inception_v3/conv2d_55/Conv2D/Conv2DBackpropFilter,4,676.703,169.17575,676.703,169.17575,0.001991812553485574,0.5534263938058632,0.0,0.0
90,Device,AddN,SGD/gradients/AddN_14,2,674.4,337.2,674.4,337.2,0.0019850338864622606,0.5554114276923254,0.0,0.0
91,Device,Conv2D,inception_v3/conv2d_28/Conv2D,4,637.312,159.328,637.312,159.328,0.001875868796336056,0.5572872964886615,0.0,0.0
92,Device,Conv2DBackpropInput,gradient_tape/inception_v3/conv2d_3/Conv2D/Conv2DBackpropInput,2,634.528,317.264,634.528,317.264,0.0018676743503990589,0.5591549708390605,0.0,0.0
93,Device,Conv2DBackpropFilter,gradient_tape/inception_v3/conv2d_73/Conv2D/Conv2DBackpropFilter,4,626.528,156.632,626.528,156.632,0.0018441270919594117,0.5609990979310199,0.0,0.0
94,Device,Conv2DBackpropFilter,gradient_tape/inception_v3/conv2d_72/Conv2D/Conv2DBackpropFilter,4,623.648,155.912,623.648,155.912,0.0018356500789211388,0.562834748009941,0.0,0.0
95,Device,Conv2DBackpropFilter,gradient_tape/inception_v3/conv2d_70/Conv2D/Conv2DBackpropFilter,4,623.04,155.76,623.04,155.76,0.0018338604872797253,0.5646686084972208,0.0,0.0
96,Device,Conv2D,inception_v3/conv2d_9/Conv2D,4,622.335,155.58375,622.335,155.58375,0.0018317853851297315,0.5665003938823505,0.0,0.0
97,Device,Conv2DBackpropFilter,gradient_tape/inception_v3/conv2d_30/Conv2D/Conv2DBackpropFilter,4,621.472,155.368,621.472,155.368,0.0018292452246255544,0.5683296391069761,0.0,0.0
98,Device,Conv2DBackpropFilter,gradient_tape/inception_v3/conv2d_68/Conv2D/Conv2DBackpropFilter,4,619.68,154.92,619.68,154.92,0.0018239706387350734,0.5701536097457112,0.0,0.0
99,Device,Conv2DBackpropFilter,gradient_tape/inception_v3/conv2d_39/Conv2D/Conv2DBackpropFilter,4,618.399,154.59975,618.399,154.59975,0.0018202001339774252,0.5719738098796886,0.0,0.0
100,Device,Conv2DBackpropFilter,gradient_tape/inception_v3/conv2d_66/Conv2D/Conv2DBackpropFilter,4,617.632,154.408,617.632,154.408,0.0018179425405745239,0.5737917524202631,0.0,0.0
101,Device,Conv2DBackpropFilter,gradient_tape/inception_v3/conv2d_49/Conv2D/Conv2DBackpropFilter,4,617.055,154.26375,617.055,154.26375,0.0018162441945595643,0.5756079966148228,0.0,0.0
102,Device,Conv2D,inception_v3/conv2d_16/Conv2D,4,616.352,154.088,616.352,154.088,0.0018141749792241803,0.577422171594047,0.0,0.0
103,Device,Conv2DBackpropFilter,gradient_tape/inception_v3/conv2d_69/Conv2D/Conv2DBackpropFilter,4,616.224,154.056,616.224,154.056,0.001813798223089146,0.5792359698171361,0.0,0.0
104,Device,Conv2DBackpropFilter,gradient_tape/inception_v3/conv2d_62/Conv2D/Conv2DBackpropFilter,4,616.063,154.01575,616.063,154.01575,0.0018133243345130482,0.5810492941516492,0.0,0.0
105,Device,Conv2DBackpropFilter,gradient_tape/inception_v3/conv2d_60/Conv2D/Conv2DBackpropFilter,4,615.808,153.952,615.808,153.952,0.0018125737656502843,0.5828618679172994,0.0,0.0
106,Device,Conv2DBackpropFilter,gradient_tape/inception_v3/conv2d_61/Conv2D/Conv2DBackpropFilter,4,615.647,153.91175,615.647,153.91175,0.0018120998770741867,0.5846739677943736,0.0,0.0
107,Device,Conv2D,inception_v3/conv2d_23/Conv2D,4,615.391,153.84775,615.391,153.84775,0.0018113463648041176,0.5864853141591777,0.0,0.0
108,Device,Conv2DBackpropFilter,gradient_tape/inception_v3/conv2d_50/Conv2D/Conv2DBackpropFilter,4,615.136,153.784,615.136,153.784,0.001810595795941354,0.588295909955119,0.0,0.0
109,Device,Transpose,gradient_tape/inception_v3/conv2d/Conv2D/Conv2DBackpropFilter-0-TransposeNHWCToNCHW-LayoutOptimizer,2,614.848,307.424,614.848,307.424,0.0018097480946375265,0.5901056580497566,0.0,0.0
110,Device,Conv2DBackpropFilter,gradient_tape/inception_v3/conv2d_59/Conv2D/Conv2DBackpropFilter,4,614.719,153.67975,614.719,153.67975,0.0018093683950951875,0.5919150264448517,0.0,0.0
111,Device,Conv2DBackpropFilter,gradient_tape/inception_v3/conv2d_64/Conv2D/Conv2DBackpropFilter,4,613.983,153.49575,613.983,153.49575,0.0018072020473187396,0.5937222284921705,0.0,0.0
112,Device,Conv2DBackpropFilter,gradient_tape/inception_v3/conv2d_40/Conv2D/Conv2DBackpropFilter,4,613.6,153.4,613.6,153.4,0.0018060747223209417,0.5955283032144915,0.0,0.0
113,Device,Conv2DBackpropFilter,gradient_tape/inception_v3/conv2d_81/Conv2D/Conv2DBackpropFilter,4,609.663,152.41575,609.663,152.41575,0.0017944865277613304,0.5973227897422528,0.0,0.0
114,Device,Conv2DBackpropFilter,gradient_tape/inception_v3/conv2d_44/Conv2D/Conv2DBackpropFilter,4,606.432,151.608,606.432,151.608,0.0017849763787590178,0.5991077661210118,0.0,0.0
115,Device,Relu,inception_v3/activation_3/Relu,2,606.272,303.136,606.272,303.136,0.001784505433590225,0.600892271554602,0.0,0.0
116,Device,Conv2DBackpropFilter,gradient_tape/inception_v3/conv2d_41/Conv2D/Conv2DBackpropFilter,4,605.696,151.424,605.696,151.424,0.0017828100309825704,0.6026750815855846,0.0,0.0
117,Device,Conv2DBackpropFilter,gradient_tape/inception_v3/conv2d_54/Conv2D/Conv2DBackpropFilter,4,604.703,151.17575,604.703,151.17575,0.001779887227528749,0.6044549688131133,0.0,0.0
118,Device,Conv2DBackpropFilter,gradient_tape/inception_v3/conv2d_90/Conv2D/Conv2DBackpropFilter,4,604.064,151.016,604.064,151.016,0.0017780063902608821,0.6062329752033743,0.0,0.0
119,Device,Conv2DBackpropFilter,gradient_tape/inception_v3/conv2d_51/Conv2D/Conv2DBackpropFilter,4,603.455,150.86375,603.455,150.86375,0.0017762138552121641,0.6080091890585865,0.0,0.0
120,Device,AvgPoolGrad,gradient_tape/inception_v3/average_pooling2d_3/AvgPoolGrad,2,600.16,300.08,600.16,300.08,0.0017665153281423342,0.6097757043867288,0.0,0.0
121,Device,AvgPoolGrad,gradient_tape/inception_v3/average_pooling2d_6/AvgPoolGrad,2,596.736,298.368,596.736,298.368,0.0017564371015301654,0.611532141488259,0.0,0.0
122,Device,AvgPoolGrad,gradient_tape/inception_v3/average_pooling2d_4/AvgPoolGrad,2,593.888,296.944,593.888,296.944,0.001748054277525651,0.6132801957657846,0.0,0.0
123,Device,AvgPoolGrad,gradient_tape/inception_v3/average_pooling2d_5/AvgPoolGrad,2,593.279,296.6395,593.279,296.6395,0.0017462617424769328,0.6150264575082616,0.0,0.0
124,Device,AddN,SGD/gradients/AddN_10,2,576.927,288.4635,576.927,288.4635,0.001698131146226294,0.6167245886544879,0.0,0.0
125,Device,AddN,SGD/gradients/AddN_9,2,576.704,288.352,576.704,288.352,0.0016974747663972885,0.6184220634208851,0.0,0.0
126,Device,AddN,SGD/gradients/AddN_8,2,576.576,288.288,576.576,288.288,0.0016970980102622546,0.6201191614311474,0.0,0.0
127,Device,AddN,SGD/gradients/AddN_7,2,576.032,288.016,576.032,288.016,0.0016954967966883584,0.6218146582278358,0.0,0.0
128,Device,Conv2DBackpropInput,gradient_tape/inception_v3/conv2d_9/Conv2D/Conv2DBackpropInput,4,574.911,143.72775,574.911,143.72775,0.0016921972370995027,0.6235068554649352,0.0,0.0
129,Device,Conv2DBackpropInput,gradient_tape/inception_v3/conv2d_16/Conv2D/Conv2DBackpropInput,4,574.399,143.59975,574.399,143.59975,0.0016906902125593654,0.6251975456774946,0.0,0.0
130,Device,Conv2DBackpropInput,gradient_tape/inception_v3/conv2d_23/Conv2D/Conv2DBackpropInput,4,573.632,143.408,573.632,143.408,0.001688432619156464,0.626885978296651,0.0,0.0
131,Device,Conv2DBackpropInput,gradient_tape/inception_v3/conv2d_28/Conv2D/Conv2DBackpropInput,4,565.951,141.48775,565.951,141.48775,0.001665824307647098,0.6285518026042981,0.0,0.0
132,Device,Conv2D,inception_v3/conv2d_7/Conv2D,4,558.304,139.576,558.304,139.576,0.0016433160719861002,0.6301951186762842,0.0,0.0
133,Device,Conv2D,inception_v3/conv2d_21/Conv2D,4,554.848,138.712,554.848,138.712,0.0016331436563401724,0.6318282623326243,0.0,0.0
134,Device,Conv2D,inception_v3/conv2d_14/Conv2D,4,554.622,138.6555,554.622,138.6555,0.0016324784462892524,0.6334607407789136,0.0,0.0
135,Device,Conv2DBackpropInput,gradient_tape/inception_v3/conv2d_89/Conv2D/Conv2DBackpropInput,4,551.52,137.88,551.52,137.88,0.0016233479968292793,0.6350840887757428,0.0,0.0
136,Device,Conv2DBackpropFilter,gradient_tape/inception_v3/conv2d_48/Conv2D/Conv2DBackpropFilter,4,542.655,135.66375,542.655,135.66375,0.001597254691070845,0.6366813434668137,0.0,0.0
137,Device,Conv2DBackpropFilter,gradient_tape/inception_v3/conv2d_58/Conv2D/Conv2DBackpropFilter,4,541.919,135.47975,541.919,135.47975,0.0015950883432943976,0.6382764318101081,0.0,0.0
138,Device,Conv2DBackpropInput,gradient_tape/inception_v3/conv2d_19/Conv2D/Conv2DBackpropInput,2,532.223,266.1115,532.223,266.1115,0.0015665490660655452,0.6398429808761736,0.0,0.0
139,Device,Conv2DBackpropInput,gradient_tape/inception_v3/conv2d_22/Conv2D/Conv2DBackpropInput,2,530.335,265.1675,530.335,265.1675,0.0015609919130737885,0.6414039727892474,0.0,0.0
140,Device,Conv2DBackpropInput,gradient_tape/inception_v3/conv2d_27/Conv2D/Conv2DBackpropInput,2,528.256,264.128,528.256,264.128,0.0015548725692867851,0.6429588453585342,0.0,0.0
141,Device,Conv2DBackpropInput,gradient_tape/inception_v3/conv2d_25/Conv2D/Conv2DBackpropInput,2,527.103,263.5515,527.103,263.5515,0.001551478820664171,0.6445103241791984,0.0,0.0
142,Device,Conv2DBackpropFilter,gradient_tape/inception_v3/conv2d_34/Conv2D/Conv2DBackpropFilter,4,525.728,131.432,525.728,131.432,0.0015474316356198566,0.6460577558148183,0.0,0.0
143,Device,Conv2DBackpropFilter,gradient_tape/inception_v3/conv2d_38/Conv2D/Conv2DBackpropFilter,4,522.56,130.64,522.56,130.64,0.0015381069212777561,0.647595862736096,0.0,0.0
144,Device,Conv2DBackpropFilter,gradient_tape/inception_v3/conv2d_33/Conv2D/Conv2DBackpropFilter,4,522.367,130.59175,522.367,130.59175,0.0015375388436678998,0.649133401579764,0.0,0.0
145,Device,Conv2DBackpropFilter,gradient_tape/inception_v3/conv2d_31/Conv2D/Conv2DBackpropFilter,4,521.183,130.29575,521.183,130.29575,0.001534053849418832,0.6506674554291828,0.0,0.0
146,Device,Conv2DBackpropInput,gradient_tape/inception_v3/conv2d_70/Conv2D/Conv2DBackpropInput,2,520.736,260.368,520.736,260.368,0.0015327381463535168,0.6522001935755363,0.0,0.0
147,Device,Conv2DBackpropInput,gradient_tape/inception_v3/conv2d_72/Conv2D/Conv2DBackpropInput,2,519.424,259.712,519.424,259.712,0.0015288763959694146,0.6537290699715057,0.0,0.0
148,Device,Conv2DBackpropInput,gradient_tape/inception_v3/conv2d_61/Conv2D/Conv2DBackpropInput,2,517.087,258.5435,517.087,258.5435,0.0015219976530977328,0.6552510676246034,0.0,0.0
149,Device,Conv2DBackpropInput,gradient_tape/inception_v3/conv2d_30/Conv2D/Conv2DBackpropInput,2,514.912,257.456,514.912,257.456,0.0015155957422094536,0.6567666633668129,0.0,0.0
150,Device,Conv2DBackpropInput,gradient_tape/inception_v3/conv2d_64/Conv2D/Conv2DBackpropInput,2,514.08,257.04,514.08,257.04,0.0015131468273317304,0.6582798101941446,0.0,0.0
151,Device,Conv2DBackpropInput,gradient_tape/inception_v3/conv2d_40/Conv2D/Conv2DBackpropInput,2,513.792,256.896,513.792,256.896,0.0015122991260279031,0.6597921093201725,0.0,0.0
152,Device,Conv2DBackpropInput,gradient_tape/inception_v3/conv2d_39/Conv2D/Conv2DBackpropInput,2,513.696,256.848,513.696,256.848,0.0015120165589266273,0.6613041258790991,0.0,0.0
153,Device,Conv2DBackpropInput,gradient_tape/inception_v3/conv2d_69/Conv2D/Conv2DBackpropInput,2,513.6,256.8,513.6,256.8,0.0015117339918253516,0.6628158598709245,0.0,0.0
154,Device,Conv2DBackpropInput,gradient_tape/inception_v3/conv2d_60/Conv2D/Conv2DBackpropInput,2,513.536,256.768,513.536,256.768,0.001511545613757834,0.6643274054846824,0.0,0.0
155,Device,Conv2DBackpropInput,gradient_tape/inception_v3/conv2d_49/Conv2D/Conv2DBackpropInput,2,513.312,256.656,513.312,256.656,0.0015108862905215243,0.6658382917752039,0.0,0.0
156,Device,Conv2DBackpropInput,gradient_tape/inception_v3/conv2d_59/Conv2D/Conv2DBackpropInput,2,513.151,256.5755,513.151,256.5755,0.0015104124019454262,0.6673487041771493,0.0,0.0
157,Device,Conv2D,inception_v3/conv2d_89/Conv2D,4,512.768,128.192,512.768,128.192,0.0015092850769476284,0.6688579892540969,0.0,0.0
158,Device,Conv2DBackpropInput,gradient_tape/inception_v3/conv2d_50/Conv2D/Conv2DBackpropInput,2,511.904,255.952,511.904,255.952,0.0015067419730361463,0.670364731227133,0.0,0.0
159,Device,Conv2DBackpropFilter,gradient_tape/inception_v3/conv2d_56/Conv2D/Conv2DBackpropFilter,4,511.328,127.832,511.328,127.832,0.0015050465704284917,0.6718697777975615,0.0,0.0
160,Device,Conv2DBackpropFilter,gradient_tape/inception_v3/conv2d_42/Conv2D/Conv2DBackpropFilter,4,511.008,127.752,511.008,127.752,0.0015041046800909057,0.6733738824776524,0.0,0.0
161,Device,Conv2DBackpropFilter,gradient_tape/inception_v3/conv2d_52/Conv2D/Conv2DBackpropFilter,4,510.464,127.616,510.464,127.616,0.0015025034665170098,0.6748763859441694,0.0,0.0
162,Device,Conv2DBackpropFilter,gradient_tape/inception_v3/conv2d_46/Conv2D/Conv2DBackpropFilter,4,510.272,127.568,510.272,127.568,0.0015019383323144583,0.6763783242764839,0.0,0.0
163,Device,Conv2DBackpropInput,gradient_tape/inception_v3/conv2d_29/Conv2D/Conv2DBackpropInput,2,505.152,252.576,505.152,252.576,0.001486868086913084,0.677865192363397,0.0,0.0
164,Device,Conv2DBackpropFilter,gradient_tape/inception_v3/conv2d_36/Conv2D/Conv2DBackpropFilter,4,505.152,126.288,505.152,126.288,0.001486868086913084,0.6793520604503102,0.0,0.0
165,Device,Conv2DBackpropFilter,gradient_tape/inception_v3/conv2d_35/Conv2D/Conv2DBackpropFilter,4,501.76,125.44,501.76,125.44,0.0014768840493346736,0.6808289444996448,0.0,0.0
166,Device,Conv2DBackpropFilter,gradient_tape/inception_v3/conv2d_32/Conv2D/Conv2DBackpropFilter,4,498.336,124.584,498.336,124.584,0.0014668058227225046,0.6822957503223673,0.0,0.0
167,Device,Conv2DBackpropFilter,gradient_tape/inception_v3/conv2d_37/Conv2D/Conv2DBackpropFilter,4,497.887,124.47175,497.887,124.47175,0.0014654842328425794,0.6837612345552099,0.0,0.0
168,Device,Conv2DBackpropInput,gradient_tape/inception_v3/conv2d_86/Conv2D/Conv2DBackpropInput,4,495.904,123.976,495.904,123.976,0.0014596474561568518,0.6852208820113668,0.0,0.0
169,Device,Conv2DBackpropFilter,gradient_tape/inception_v3/conv2d_11/Conv2D/Conv2DBackpropFilter,2,494.016,247.008,494.016,247.008,0.0014540903031650951,0.6866749723145319,0.0,0.0
170,Device,AvgPool,inception_v3/average_pooling2d_6/AvgPool,2,488.319,244.1595,488.319,244.1595,0.0014373217117487614,0.6881122940262806,0.0,0.0
171,Device,AvgPool,inception_v3/average_pooling2d_5/AvgPool,2,487.36,243.68,487.36,243.68,0.0014344989841433087,0.6895467930104239,0.0,0.0
172,Device,AvgPool,inception_v3/average_pooling2d_4/AvgPool,2,484.223,242.1115,484.223,242.1115,0.001425265515427662,0.6909720585258515,0.0,0.0
173,Device,Conv2DBackpropFilter,gradient_tape/inception_v3/conv2d_29/Conv2D/Conv2DBackpropFilter,4,480.095,120.02375,480.095,120.02375,0.001413115130072804,0.6923851736559243,0.0,0.0
174,Device,Conv2D,inception_v3/conv2d_86/Conv2D,4,473.888,118.472,473.888,118.472,0.0013948454009309426,0.6937800190568553,0.0,0.0
175,Device,Conv2DBackpropInput,gradient_tape/inception_v3/conv2d_15/Conv2D/Conv2DBackpropInput,2,469.024,234.512,469.024,234.512,0.0013805286677996372,0.6951605477246549,0.0,0.0
176,Device,Conv2DBackpropInput,gradient_tape/inception_v3/conv2d_20/Conv2D/Conv2DBackpropInput,2,468.767,234.3835,468.767,234.3835,0.0013797722121222636,0.6965403199367771,0.0,0.0
177,Device,Conv2DBackpropInput,gradient_tape/inception_v3/conv2d_12/Conv2D/Conv2DBackpropInput,2,467.424,233.712,467.424,233.712,0.0013758192161117077,0.6979161391528889,0.0,0.0
178,Device,AvgPool,inception_v3/average_pooling2d/AvgPool,2,465.92,232.96,465.92,232.96,0.001371392331525054,0.6992875314844139,0.0,0.0
179,Device,Conv2DBackpropInput,gradient_tape/inception_v3/conv2d_18/Conv2D/Conv2DBackpropInput,2,464.64,232.32,464.64,232.32,0.0013676247701747105,0.7006551562545886,0.0,0.0
180,Device,ConcatV2,inception_v3/mixed2/concat,8,462.432,57.804,462.432,57.804,0.0013611257268453679,0.702016281981434,0.0,0.0
181,Device,AddN,SGD/gradients/AddN_6,2,461.151,230.5755,461.151,230.5755,0.0013573552220877193,0.7033736372035216,0.0,0.0
182,Device,ConcatV2,inception_v3/mixed1/concat,8,460.736,57.592,460.736,57.592,0.0013561337080561626,0.7047297709115778,0.0,0.0
183,Device,Conv2D,inception_v3/conv2d_63/Conv2D,4,458.848,114.712,458.848,114.712,0.001350576555064406,0.7060803474666423,0.0,0.0
184,Device,Conv2D,inception_v3/conv2d_74/Conv2D,4,458.111,114.52775,458.111,114.52775,0.0013484072638806535,0.7074287547305229,0.0,0.0
185,Device,Conv2D,inception_v3/conv2d_65/Conv2D,4,456.96,114.24,456.96,114.24,0.001345019402072649,0.7087737741325956,0.0,0.0
186,Device,Conv2D,inception_v3/conv2d_67/Conv2D,4,455.616,113.904,455.616,113.904,0.0013410634626547884,0.7101148375952504,0.0,0.0
187,Device,Conv2DBackpropInput,gradient_tape/inception_v3/conv2d_44/Conv2D/Conv2DBackpropInput,2,454.112,227.056,454.112,227.056,0.0013366365780681348,0.7114514741733186,0.0,0.0
188,Device,Conv2DBackpropInput,gradient_tape/inception_v3/conv2d_54/Conv2D/Conv2DBackpropInput,2,453.536,226.768,453.536,226.768,0.0013349411754604802,0.7127864153487791,0.0,0.0
189,Device,Conv2DBackpropInput,gradient_tape/inception_v3/conv2d_41/Conv2D/Conv2DBackpropInput,2,451.328,225.664,451.328,225.664,0.0013284421321311374,0.7141148574809102,0.0,0.0
190,Device,Conv2DBackpropInput,gradient_tape/inception_v3/conv2d_51/Conv2D/Conv2DBackpropInput,2,450.88,225.44,450.88,225.44,0.0013271234856585172,0.7154419809665687,0.0,0.0
191,Device,AvgPool,inception_v3/average_pooling2d_3/AvgPool,2,450.496,225.248,450.496,225.248,0.0013259932172534142,0.7167679741838222,0.0,0.0
192,Device,Conv2D,inception_v3/conv2d_29/Conv2D,4,450.175,112.54375,450.175,112.54375,0.0013250483835085234,0.7180930225673308,0.0,0.0
193,Device,Conv2D,inception_v3/conv2d_59/Conv2D,2,445.984,222.992,445.984,222.992,0.001312712563493453,0.7194057351308242,0.0,0.0
194,Device,Conv2D,inception_v3/conv2d_39/Conv2D,2,444.064,222.032,444.064,222.032,0.001307061221467938,0.7207127963522921,0.0,0.0
195,Device,Conv2D,inception_v3/conv2d_61/Conv2D,2,443.424,221.712,443.424,221.712,0.001305177440792766,0.7220179737930849,0.0,0.0
196,Device,Conv2D,inception_v3/conv2d_72/Conv2D,2,442.656,221.328,442.656,221.328,0.00130291690398256,0.7233208906970674,0.0,0.0
197,Device,Conv2D,inception_v3/conv2d_49/Conv2D,2,442.432,221.216,442.432,221.216,0.00130225758074625,0.7246231482778136,0.0,0.0
198,Device,Conv2D,inception_v3/conv2d_30/Conv2D,2,442.176,221.088,442.176,221.088,0.001301504068476181,0.7259246523462898,0.0,0.0
199,Device,Conv2D,inception_v3/conv2d_69/Conv2D,2,442.016,221.008,442.016,221.008,0.0013010331233073882,0.7272256854695972,0.0,0.0
200,Device,Conv2D,inception_v3/conv2d_70/Conv2D,2,441.504,220.752,441.504,220.752,0.0012995260987672507,0.7285252115683645,0.0,0.0
201,Device,Conv2D,inception_v3/conv2d_60/Conv2D,2,441.184,220.592,441.184,220.592,0.001298584208429665,0.7298237957767941,0.0,0.0
202,Device,Conv2D,inception_v3/conv2d_64/Conv2D,2,441.152,220.576,441.152,220.576,0.0012984900193959061,0.73112228579619,0.0,0.0
203,Device,Conv2D,inception_v3/conv2d_50/Conv2D,2,439.744,219.872,439.744,219.872,0.0012943457019105285,0.7324166314981005,0.0,0.0
204,Device,Conv2D,inception_v3/conv2d_44/Conv2D,2,439.36,219.68,439.36,219.68,0.0012932154335054253,0.733709846931606,0.0,0.0
205,Device,Conv2D,inception_v3/conv2d_40/Conv2D,2,438.496,219.248,438.496,219.248,0.0012906723295939434,0.7350005192611999,0.0,0.0
206,Device,Conv2D,inception_v3/conv2d_85/Conv2D,4,437.76,109.44,437.76,109.44,0.001288505981817496,0.7362890252430174,0.0,0.0
207,Device,Conv2D,inception_v3/conv2d_41/Conv2D,2,436.768,218.384,436.768,218.384,0.0012855861217709796,0.7375746113647884,0.0,0.0
208,Device,Conv2DBackpropFilter,gradient_tape/inception_v3/conv2d_5/Conv2D/Conv2DBackpropFilter,2,436.64,218.32,436.64,218.32,0.0012852093656359452,0.7388598207304243,0.0,0.0
209,Device,Conv2D,inception_v3/conv2d_54/Conv2D,2,434.72,217.36,434.72,217.36,0.0012795580236104299,0.7401393787540348,0.0,0.0
210,Device,Conv2D,inception_v3/conv2d_51/Conv2D,2,434.464,217.232,434.464,217.232,0.0012788045113403613,0.7414181832653751,0.0,0.0
211,Device,Conv2DBackpropFilter,gradient_tape/inception_v3/conv2d_89/Conv2D/Conv2DBackpropFilter,4,431.743,107.93575,431.743,107.93575,0.0012707955000635762,0.7426889787654387,0.0,0.0
212,Device,Conv2DBackpropFilter,gradient_tape/inception_v3/conv2d_8/Conv2D/Conv2DBackpropFilter,2,429.664,214.832,429.664,214.832,0.0012646761562765728,0.7439536549217153,0.0,0.0
213,Device,Conv2DBackpropInput,gradient_tape/inception_v3/conv2d_73/Conv2D/Conv2DBackpropInput,4,427.84,106.96,427.84,106.96,0.0012593073813523333,0.7452129623030677,0.0,0.0
214,Device,Conv2DBackpropInput,gradient_tape/inception_v3/conv2d_13/Conv2D/Conv2DBackpropInput,2,427.039,213.5195,427.039,213.5195,0.0012569497121010635,0.7464699120151688,0.0,0.0
215,Device,Conv2DBackpropInput,gradient_tape/inception_v3/conv2d_74/Conv2D/Conv2DBackpropInput,4,425.983,106.49575,425.983,106.49575,0.0012538414739870303,0.7477237534891558,0.0,0.0
216,Device,Conv2DBackpropInput,gradient_tape/inception_v3/conv2d_63/Conv2D/Conv2DBackpropInput,4,422.112,105.528,422.112,105.528,0.001242447544309546,0.7489662010334653,0.0,0.0
217,Device,Conv2DBackpropInput,gradient_tape/inception_v3/conv2d_66/Conv2D/Conv2DBackpropInput,4,421.888,105.472,421.888,105.472,0.0012417882210732356,0.7502079892545386,0.0,0.0
218,Device,Conv2DBackpropInput,gradient_tape/inception_v3/conv2d_65/Conv2D/Conv2DBackpropInput,4,421.471,105.36775,421.471,105.36775,0.0012405608202270691,0.7514485500747656,0.0,0.0
219,Device,Conv2DBackpropInput,gradient_tape/inception_v3/conv2d_68/Conv2D/Conv2DBackpropInput,4,420.32,105.08,420.32,105.08,0.001237172958419065,0.7526857230331847,0.0,0.0
220,Device,Conv2DBackpropInput,gradient_tape/inception_v3/conv2d_71/Conv2D/Conv2DBackpropInput,2,419.872,209.936,419.872,209.936,0.0012358543119464448,0.7539215773451311,0.0,0.0
221,Device,Conv2DBackpropInput,gradient_tape/inception_v3/conv2d_67/Conv2D/Conv2DBackpropInput,4,418.848,104.712,418.848,104.712,0.0012328402628661698,0.7551544176079973,0.0,0.0
222,Device,Conv2D,inception_v3/conv2d_81/Conv2D,4,418.368,104.592,418.368,104.592,0.001231427427359791,0.7563858450353571,0.0,0.0
223,Device,Conv2DBackpropInput,gradient_tape/inception_v3/conv2d_62/Conv2D/Conv2DBackpropInput,4,418.304,104.576,418.304,104.576,0.0012312390492922737,0.7576170840846493,0.0,0.0
224,Device,Conv2D,inception_v3/conv2d_90/Conv2D,4,417.952,104.488,417.952,104.488,0.0012302029699209293,0.7588472870545703,0.0,0.0
225,Device,Conv2DBackpropInput,gradient_tape/inception_v3/conv2d_81/Conv2D/Conv2DBackpropInput,4,415.264,103.816,415.264,103.816,0.0012222910910852079,0.7600695781456555,0.0,0.0
226,Device,Conv2DBackpropInput,gradient_tape/inception_v3/conv2d_90/Conv2D/Conv2DBackpropInput,4,413.791,103.44775,413.791,103.44775,0.0012179554521250077,0.7612875335977805,0.0,0.0
227,Device,ConcatV2,inception_v3/mixed0/concat,8,412.574,51.57175,412.574,51.57175,0.0012143733254348765,0.7625019069232153,0.0,0.0
228,Device,Conv2D,inception_v3/conv2d_62/Conv2D,4,407.616,101.904,407.616,101.904,0.0011997799120169051,0.7637016868352322,0.0,0.0
229,Device,Conv2D,inception_v3/conv2d_66/Conv2D,4,406.367,101.59175,406.367,101.59175,0.0011961035962930152,0.7648977904315252,0.0,0.0
230,Device,Conv2D,inception_v3/conv2d_53/Conv2D,4,406.272,101.568,406.272,101.568,0.0011958239725990444,0.7660936144041243,0.0,0.0
231,Device,Conv2D,inception_v3/conv2d_73/Conv2D,4,406.079,101.51975,406.079,101.51975,0.001195255894989188,0.7672888702991134,0.0,0.0
232,Device,Conv2D,inception_v3/conv2d_68/Conv2D,4,405.823,101.45575,405.823,101.45575,0.001194502382719119,0.7684833726818325,0.0,0.0
233,Device,Conv2D,inception_v3/conv2d_43/Conv2D,4,404.768,101.192,404.768,101.192,0.0011913970880123906,0.769674769769845,0.0,0.0
234,Device,Conv2DBackpropInput,gradient_tape/inception_v3/conv2d_43/Conv2D/Conv2DBackpropInput,4,403.648,100.912,403.648,100.912,0.0011881004718308401,0.7708628702416758,0.0,0.0
235,Device,Conv2DBackpropInput,gradient_tape/inception_v3/conv2d_48/Conv2D/Conv2DBackpropInput,4,403.552,100.888,403.552,100.888,0.0011878179047295644,0.7720506881464053,0.0,0.0
236,Device,Conv2DBackpropInput,gradient_tape/inception_v3/conv2d_53/Conv2D/Conv2DBackpropInput,4,403.488,100.872,403.488,100.872,0.0011876295266620472,0.7732383176730674,0.0,0.0
237,Device,Conv2DBackpropInput,gradient_tape/inception_v3/conv2d_58/Conv2D/Conv2DBackpropInput,4,402.528,100.632,402.528,100.632,0.0011848038556492896,0.7744231215287167,0.0,0.0
238,Device,Conv2D,inception_v3/conv2d_55/Conv2D,4,396.64,99.16,396.64,99.16,0.001167473073437709,0.7755905946021544,0.0,0.0
239,Device,Conv2DBackpropFilter,gradient_tape/inception_v3/conv2d_6/Conv2D/Conv2DBackpropFilter,2,396.512,198.256,396.512,198.256,0.0011670963173026749,0.7767576909194571,0.0,0.0
240,Device,Conv2DBackpropInput,gradient_tape/inception_v3/conv2d_34/Conv2D/Conv2DBackpropInput,2,395.936,197.968,395.936,197.968,0.00116540091469502,0.7779230918341521,0.0,0.0
241,Device,Conv2DBackpropInput,gradient_tape/inception_v3/conv2d_80/Conv2D/Conv2DBackpropInput,4,395.424,98.856,395.424,98.856,0.0011638938901548828,0.779086985724307,0.0,0.0
242,Device,Conv2D,inception_v3/conv2d_47/Conv2D,4,394.656,98.664,394.656,98.664,0.0011616333533446767,0.7802486190776516,0.0,0.0
243,Device,Conv2D,inception_v3/conv2d_45/Conv2D,4,392.768,98.192,392.768,98.192,0.0011560762003529198,0.7814046952780046,0.0,0.0
244,Device,Conv2D,inception_v3/conv2d_57/Conv2D,4,391.615,97.90375,391.615,97.90375,0.0011526824517303056,0.7825573777297349,0.0,0.0
245,Device,Conv2DBackpropInput,gradient_tape/inception_v3/conv2d_31/Conv2D/Conv2DBackpropInput,2,391.328,195.664,391.328,195.664,0.0011518376938337834,0.7837092154235686,0.0,0.0
246,Device,FusedBatchNormGradV3,gradient_tape/inception_v3/batch_normalization_28/FusedBatchNormGradV3,2,380.288,190.144,380.288,190.144,0.0011193424771870702,0.7848285579007557,0.0,0.0
247,Device,FusedBatchNormGradV3,gradient_tape/inception_v3/batch_normalization_24/FusedBatchNormGradV3,2,377.312,188.656,377.312,188.656,0.0011105828970475215,0.7859391407978032,0.0,0.0
248,Device,FusedBatchNormGradV3,gradient_tape/inception_v3/batch_normalization_16/FusedBatchNormGradV3,2,377.248,188.624,377.248,188.624,0.0011103945189800042,0.7870495353167832,0.0,0.0
249,Device,FusedBatchNormGradV3,gradient_tape/inception_v3/batch_normalization_23/FusedBatchNormGradV3,2,377.119,188.5595,377.119,188.5595,0.001110014819437665,0.7881595501362209,0.0,0.0
250,Device,FusedBatchNormGradV3,gradient_tape/inception_v3/batch_normalization_10/FusedBatchNormGradV3,2,376.896,188.448,376.896,188.448,0.0011093584396086598,0.7892689085758295,0.0,0.0
251,Device,FusedBatchNormGradV3,gradient_tape/inception_v3/batch_normalization_17/FusedBatchNormGradV3,2,376.415,188.2075,376.415,188.2075,0.0011079426606949762,0.7903768512365246,0.0,0.0
252,Device,FusedBatchNormGradV3,gradient_tape/inception_v3/batch_normalization_9/FusedBatchNormGradV3,2,376.256,188.128,376.256,188.128,0.0011074746589334879,0.791484325895458,0.0,0.0
253,Device,Conv2DBackpropInput,gradient_tape/inception_v3/conv2d_77/Conv2D/Conv2DBackpropInput,4,367.68,91.92,367.68,91.92,0.0010822319978861861,0.7925665578933442,0.0,0.0
254,Device,Conv2D,inception_v3/conv2d_80/Conv2D,4,367.072,91.768,367.072,91.768,0.001080442406244773,0.7936470002995889,0.0,0.0
255,Device,Conv2DBackpropInput,gradient_tape/inception_v3/conv2d_85/Conv2D/Conv2DBackpropInput,2,366.816,183.408,366.816,183.408,0.0010796888939747042,0.7947266891935636,0.0,0.0
256,Device,Conv2DBackpropInput,gradient_tape/inception_v3/conv2d_46/Conv2D/Conv2DBackpropInput,4,365.984,91.496,365.984,91.496,0.001077239979096981,0.7958039291726606,0.0,0.0
257,Device,Conv2DBackpropInput,gradient_tape/inception_v3/conv2d_56/Conv2D/Conv2DBackpropInput,4,365.632,91.408,365.632,91.408,0.0010762038997256366,0.7968801330723863,0.0,0.0
258,Device,Conv2DBackpropInput,gradient_tape/inception_v3/conv2d_42/Conv2D/Conv2DBackpropInput,4,365.28,91.32,365.28,91.32,0.001075167820354292,0.7979553008927406,0.0,0.0
259,Device,Conv2DBackpropInput,gradient_tape/inception_v3/conv2d_52/Conv2D/Conv2DBackpropInput,4,365.024,91.256,365.024,91.256,0.0010744143080842234,0.7990297152008248,0.0,0.0
260,Device,Conv2DBackpropInput,gradient_tape/inception_v3/conv2d_57/Conv2D/Conv2DBackpropInput,4,364.511,91.12775,364.511,91.12775,0.0010729043401367811,0.8001026195409615,0.0,0.0
261,Device,Conv2DBackpropInput,gradient_tape/inception_v3/conv2d_47/Conv2D/Conv2DBackpropInput,4,363.712,90.928,363.712,90.928,0.0010705525577001211,0.8011731720986617,0.0,0.0
262,Device,Conv2DBackpropInput,gradient_tape/inception_v3/conv2d_55/Conv2D/Conv2DBackpropInput,4,363.584,90.896,363.584,90.896,0.001070175801565087,0.8022433479002268,0.0,0.0
263,Device,Conv2DBackpropInput,gradient_tape/inception_v3/conv2d_45/Conv2D/Conv2DBackpropInput,4,363.167,90.79175,363.167,90.79175,0.0010689484007189202,0.8033122963009457,0.0,0.0
264,Device,Conv2D,inception_v3/conv2d_48/Conv2D,4,362.848,90.712,362.848,90.712,0.0010680094537886392,0.8043803057547343,0.0,0.0
265,Device,Conv2D,inception_v3/conv2d_58/Conv2D,4,362.528,90.632,362.528,90.632,0.0010670675634510535,0.8054473733181854,0.0,0.0
266,Device,Conv2DBackpropFilter,gradient_tape/inception_v3/conv2d_86/Conv2D/Conv2DBackpropFilter,4,354.048,88.512,354.048,88.512,0.0010421074695050273,0.8064894807876904,0.0,0.0
267,Device,Conv2D,inception_v3/conv2d_56/Conv2D,4,354.016,88.504,354.016,88.504,0.0010420132804712689,0.8075314940681617,0.0,0.0
268,Device,Conv2D,inception_v3/conv2d_42/Conv2D,4,353.632,88.408,353.632,88.408,0.0010408830120661656,0.8085723770802279,0.0,0.0
269,Device,Conv2D,inception_v3/conv2d_46/Conv2D,4,352.384,88.096,352.384,88.096,0.0010372096397495807,0.8096095867199775,0.0,0.0
270,Device,Conv2D,inception_v3/conv2d_52/Conv2D,4,351.232,87.808,351.232,87.808,0.0010338188345342717,0.8106434055545118,0.0,0.0
271,Device,Conv2D,inception_v3/conv2d_33/Conv2D,4,351.168,87.792,351.168,87.792,0.0010336304564667544,0.8116770360109785,0.0,0.0
272,Device,Conv2DBackpropInput,gradient_tape/inception_v3/conv2d_8/Conv2D/Conv2DBackpropInput,2,349.184,174.592,349.184,174.592,0.001027790736373722,0.8127048267473522,0.0,0.0
273,Device,Conv2DBackpropInput,gradient_tape/inception_v3/conv2d_5/Conv2D/Conv2DBackpropInput,2,345.472,172.736,345.472,172.736,0.0010168648084577254,0.81372169155581,0.0,0.0
274,Device,Conv2D,inception_v3/conv2d_77/Conv2D,4,343.84,85.96,343.84,85.96,0.0010120611677360374,0.814733752723546,0.0,0.0
275,Device,Conv2DBackpropFilter,gradient_tape/inception_v3/conv2d_85/Conv2D/Conv2DBackpropFilter,4,340.032,85.008,340.032,85.008,0.0010008526727187655,0.8157346053962647,0.0,0.0
276,Device,FusedBatchNormGradV3,gradient_tape/inception_v3/batch_normalization_26/FusedBatchNormGradV3,2,337.376,168.688,337.376,168.688,0.0009930349829168025,0.8167276403791816,0.0,0.0
277,Device,Conv2D,inception_v3/conv2d_93/Conv2D,4,335.936,83.984,335.936,83.984,0.000988796476397666,0.8177164368555793,0.0,0.0
278,Device,Mean,inception_v3/avg_pool/Mean,2,335.296,167.648,335.296,167.648,0.0009869126957224943,0.8187033495513018,0.0,0.0
279,Device,Conv2DBackpropFilter,gradient_tape/inception_v3/conv2d_80/Conv2D/Conv2DBackpropFilter,4,328.927,82.23175,328.927,82.23175,0.0009681661345972302,0.819671515685899,0.0,0.0
280,Device,Conv2D,inception_v3/conv2d_27/Conv2D,2,322.56,161.28,322.56,161.28,0.0009494254602865759,0.8206209411461856,0.0,0.0
281,Device,Conv2D,inception_v3/conv2d_19/Conv2D,2,321.152,160.576,321.152,160.576,0.0009452811428011979,0.8215662222889868,0.0,0.0
282,Device,Conv2DBackpropInput,gradient_tape/inception_v3/conv2d_6/Conv2D/Conv2DBackpropInput,2,321.088,160.544,321.088,160.544,0.0009450927647336808,0.8225113150537204,0.0,0.0
283,Device,Conv2D,inception_v3/conv2d_25/Conv2D,2,320.32,160.16,320.32,160.16,0.0009428322279234747,0.8234541472816439,0.0,0.0
284,Device,Conv2D,inception_v3/conv2d_76/Conv2D,4,320.224,80.056,320.224,80.056,0.0009425496608221988,0.8243966969424661,0.0,0.0
285,Device,Conv2DBackpropFilter,gradient_tape/inception_v3/conv2d_71/Conv2D/Conv2DBackpropFilter,4,318.655,79.66375,318.655,79.66375,0.000937931454760723,0.8253346283972268,0.0,0.0
286,Device,Conv2D,inception_v3/conv2d_22/Conv2D,2,316.864,158.432,316.864,158.432,0.0009326598122775469,0.8262672882095043,0.0,0.0
287,Device,Conv2D,inception_v3/conv2d_20/Conv2D,2,312.672,156.336,312.672,156.336,0.000920321048855172,0.8271876092583595,0.0,0.0
288,Device,MaxPool,inception_v3/max_pooling2d_2/MaxPool,2,312.192,156.096,312.192,156.096,0.0009189082133487931,0.8281065174717084,0.0,0.0
289,Device,Conv2D,inception_v3/conv2d_38/Conv2D,4,311.584,77.896,311.584,77.896,0.0009171186217073799,0.8290236360934158,0.0,0.0
290,Device,Conv2DBackpropInput,gradient_tape/inception_v3/conv2d_38/Conv2D/Conv2DBackpropInput,4,306.943,76.73575,306.943,76.73575,0.0009034582684050795,0.8299270943618209,0.0,0.0
291,Device,Conv2DBackpropInput,gradient_tape/inception_v3/conv2d_75/Conv2D/Conv2DBackpropInput,2,305.408,152.704,305.408,152.704,0.0008989401381919723,0.8308260345000128,0.0,0.0
292,Device,Conv2DBackpropInput,gradient_tape/inception_v3/conv2d_33/Conv2D/Conv2DBackpropInput,4,304.256,76.064,304.256,76.064,0.000895549332976663,0.8317215838329894,0.0,0.0
293,Device,Conv2D,inception_v3/conv2d_12/Conv2D,2,300.448,150.224,300.448,150.224,0.000884340837959391,0.8326059246709488,0.0,0.0
294,Device,Conv2D,inception_v3/conv2d_34/Conv2D,2,297.823,148.9115,297.823,148.9115,0.0008766143937838816,0.8334825390647327,0.0,0.0
295,Device,Conv2DBackpropFilter,gradient_tape/inception_v3/conv2d_87/Conv2D/Conv2DBackpropFilter,4,296.288,74.072,296.288,74.072,0.0008720962635707744,0.8343546353283035,0.0,0.0
296,Device,Conv2DBackpropFilter,gradient_tape/inception_v3/conv2d_78/Conv2D/Conv2DBackpropFilter,4,296.255,74.06375,296.255,74.06375,0.0008719991311297109,0.8352266344594331,0.0,0.0
297,Device,Conv2D,inception_v3/conv2d_31/Conv2D,2,295.424,147.712,295.424,147.712,0.0008695531596592924,0.8360961876190924,0.0,0.0
298,Device,Conv2D,inception_v3/conv2d_18/Conv2D,2,294.88,147.44,294.88,147.44,0.0008679519460853965,0.8369641395651778,0.0,0.0
299,Device,Conv2DBackpropFilter,gradient_tape/inception_v3/conv2d_77/Conv2D/Conv2DBackpropFilter,4,293.824,73.456,293.824,73.456,0.0008648437079713631,0.8378289832731491,0.0,0.0
300,Device,Conv2DBackpropFilter,gradient_tape/inception_v3/conv2d_91/Conv2D/Conv2DBackpropFilter,4,293.248,73.312,293.248,73.312,0.0008631483053637085,0.8386921315785129,0.0,0.0
301,Device,Conv2D,inception_v3/conv2d_15/Conv2D,2,293.216,146.608,293.216,146.608,0.0008630541163299499,0.8395551856948428,0.0,0.0
302,Device,Conv2DBackpropFilter,gradient_tape/inception_v3/conv2d_82/Conv2D/Conv2DBackpropFilter,4,292.608,73.152,292.608,73.152,0.0008612645246885367,0.8404164502195313,0.0,0.0
303,Device,Conv2DBackpropFilter,gradient_tape/inception_v3/conv2d_76/Conv2D/Conv2DBackpropFilter,4,284.992,71.248,284.992,71.248,0.0008388475346539926,0.8412552977541853,0.0,0.0
304,Device,Conv2DBackpropInput,gradient_tape/inception_v3/conv2d_11/Conv2D/Conv2DBackpropInput,2,284.927,142.4635,284.927,142.4635,0.0008386562131791705,0.8420939539673644,0.0,0.0
305,Device,Conv2D,inception_v3/conv2d_13/Conv2D,2,284.16,142.08,284.16,142.08,0.0008363986197762693,0.8429303525871407,0.0,0.0
306,Device,ConcatV2,inception_v3/mixed5/concat,8,280.032,35.004,280.032,35.004,0.0008242482344214112,0.8437546008215621,0.0,0.0
307,Device,ConcatV2,inception_v3/mixed7/concat,8,279.328,34.916,279.328,34.916,0.0008221760756787223,0.8445767768972408,0.0,0.0
308,Device,ConcatV2,inception_v3/mixed6/concat,8,278.496,34.812,278.496,34.812,0.000819727160800999,0.8453965040580418,0.0,0.0
309,Device,ConcatV2,inception_v3/mixed4/concat,8,276.896,34.612,276.896,34.612,0.0008150177091130696,0.8462115217671549,0.0,0.0
310,Device,Conv2DBackpropInput,gradient_tape/inception_v3/conv2d_93/Conv2D/Conv2DBackpropInput,2,275.04,137.52,275.04,137.52,0.0008095547451550714,0.84702107651231,0.0,0.0
311,Device,FusedBatchNormGradV3,gradient_tape/inception_v3/batch_normalization_15/FusedBatchNormGradV3,2,274.24,137.12,274.24,137.12,0.0008072000193111067,0.8478282765316211,0.0,0.0
312,Device,FusedBatchNormGradV3,gradient_tape/inception_v3/batch_normalization_25/FusedBatchNormGradV3,2,273.919,136.9595,273.919,136.9595,0.0008062551855662158,0.8486345317171873,0.0,0.0
313,Device,FusedBatchNormGradV3,gradient_tape/inception_v3/batch_normalization_27/FusedBatchNormGradV3,2,273.184,136.592,273.184,136.592,0.0008040917811970733,0.8494386234983844,0.0,0.0
314,Device,FusedBatchNormGradV3,gradient_tape/inception_v3/batch_normalization_8/FusedBatchNormGradV3,2,273.024,136.512,273.024,136.512,0.0008036208360282802,0.8502422443344126,0.0,0.0
315,Device,ConcatV2,inception_v3/mixed3/concat,6,273.024,45.504,273.024,45.504,0.0008036208360282802,0.8510458651704409,0.0,0.0
316,Device,FusedBatchNormGradV3,gradient_tape/inception_v3/batch_normalization_18/FusedBatchNormGradV3,2,272.864,136.432,272.864,136.432,0.0008031498908594873,0.8518490150613004,0.0,0.0
317,Device,FusedBatchNormGradV3,gradient_tape/inception_v3/batch_normalization_22/FusedBatchNormGradV3,2,271.647,135.8235,271.647,135.8235,0.000799567764169356,0.8526485828254697,0.0,0.0
318,Device,FusedBatchNormGradV3,gradient_tape/inception_v3/batch_normalization_14/FusedBatchNormGradV3,2,271.328,135.664,271.328,135.664,0.000798628817239075,0.8534472116427088,0.0,0.0
319,Device,FusedBatchNormGradV3,gradient_tape/inception_v3/batch_normalization_5/FusedBatchNormGradV3,2,270.24,135.12,270.24,135.12,0.0007954263900912831,0.8542426380328001,0.0,0.0
320,Device,Conv2DBackpropFilter,gradient_tape/inception_v3/conv2d_88/Conv2D/Conv2DBackpropFilter,4,270.175,67.54375,270.175,67.54375,0.000795235068616461,0.8550378731014165,0.0,0.0
321,Device,Conv2DBackpropFilter,gradient_tape/inception_v3/conv2d_92/Conv2D/Conv2DBackpropFilter,4,270.112,67.528,270.112,67.528,0.0007950496339562488,0.8558329227353728,0.0,0.0
322,Device,FusedBatchNormGradV3,gradient_tape/inception_v3/batch_normalization_7/FusedBatchNormGradV3,2,269.952,134.976,269.952,134.976,0.0007945786887874558,0.8566275014241602,0.0,0.0
323,Device,FusedBatchNormGradV3,gradient_tape/inception_v3/batch_normalization_12/FusedBatchNormGradV3,2,269.696,134.848,269.696,134.848,0.0007938251765173871,0.8574213266006776,0.0,0.0
324,Device,FusedBatchNormGradV3,gradient_tape/inception_v3/batch_normalization_21/FusedBatchNormGradV3,2,269.44,134.72,269.44,134.72,0.0007930716642473183,0.858214398264925,0.0,0.0
325,Device,Conv2DBackpropFilter,gradient_tape/inception_v3/conv2d_79/Conv2D/Conv2DBackpropFilter,4,269.376,67.344,269.376,67.344,0.0007928832861798011,0.8590072815511047,0.0,0.0
326,Device,FusedBatchNormGradV3,gradient_tape/inception_v3/batch_normalization_19/FusedBatchNormGradV3,2,269.12,134.56,269.12,134.56,0.0007921297739097324,0.8597994113250145,0.0,0.0
327,Device,Conv2DBackpropFilter,gradient_tape/inception_v3/conv2d_83/Conv2D/Conv2DBackpropFilter,4,268.896,67.224,268.896,67.224,0.0007914704506734224,0.8605908817756879,0.0,0.0
328,Device,Conv2D,inception_v3/conv2d_71/Conv2D,4,265.312,66.328,265.312,66.328,0.0007809212788924604,0.8613718030545804,0.0,0.0
329,Device,FusedBatchNormV3,inception_v3/batch_normalization_24/FusedBatchNormV3,4,259.488,64.872,259.488,64.872,0.0007637788747483972,0.8621355819293288,0.0,0.0
330,Device,FusedBatchNormV3,inception_v3/batch_normalization_28/FusedBatchNormV3,4,257.728,64.432,257.728,64.432,0.0007585984778916749,0.8628941804072205,0.0,0.0
331,Device,Conv2DBackpropInput,gradient_tape/inception_v3/conv2d_76/Conv2D/Conv2DBackpropInput,2,257.696,128.848,257.696,128.848,0.0007585042888579163,0.8636526846960785,0.0,0.0
332,Device,FusedBatchNormV3,inception_v3/batch_normalization_9/FusedBatchNormV3,4,257.216,64.304,257.216,64.304,0.0007570914533515374,0.86440977614943,0.0,0.0
333,Device,FusedBatchNormV3,inception_v3/batch_normalization_17/FusedBatchNormV3,4,256.672,64.168,256.672,64.168,0.0007554902397776415,0.8651652663892077,0.0,0.0
334,Device,FusedBatchNormV3,inception_v3/batch_normalization_23/FusedBatchNormV3,4,256.352,64.088,256.352,64.088,0.0007545483494400554,0.8659198147386478,0.0,0.0
335,Device,FusedBatchNormV3,inception_v3/batch_normalization_10/FusedBatchNormV3,4,255.712,63.928,255.712,63.928,0.0007526645687648837,0.8666724793074126,0.0,0.0
336,Device,Conv2DBackpropFilter,gradient_tape/inception_v3/conv2d_75/Conv2D/Conv2DBackpropFilter,2,254.463,127.2315,254.463,127.2315,0.0007489882530409938,0.8674214675604537,0.0,0.0
337,Device,FusedBatchNormV3,inception_v3/batch_normalization_16/FusedBatchNormV3,4,253.216,63.304,253.216,63.304,0.0007453178241317138,0.8681667853845854,0.0,0.0
338,Device,Conv2D,inception_v3/conv2d_8/Conv2D,2,245.632,122.816,245.632,122.816,0.0007229950231309282,0.8688897804077163,0.0,0.0
339,Device,Conv2DBackpropFilter,gradient_tape/inception_v3/conv2d_93/Conv2D/Conv2DBackpropFilter,2,244.256,122.128,244.256,122.128,0.0007189448946793089,0.8696087253023955,0.0,0.0
340,Device,Conv2D,inception_v3/conv2d_5/Conv2D,2,241.088,120.544,241.088,120.544,0.0007096201803372086,0.8703183454827327,0.0,0.0
341,Device,Conv2DBackpropInput,gradient_tape/inception_v3/conv2d_36/Conv2D/Conv2DBackpropInput,4,236.032,59.008,236.032,59.008,0.0006947383130033516,0.871013083795736,0.0,0.0
342,Device,Conv2D,inception_v3/conv2d_32/Conv2D,4,233.951,58.48775,233.951,58.48775,0.0006886130824017383,0.8717016968781378,0.0,0.0
343,Device,Conv2DBackpropInput,gradient_tape/inception_v3/conv2d_35/Conv2D/Conv2DBackpropInput,4,233.216,58.304,233.216,58.304,0.0006864496780325958,0.8723881465561704,0.0,0.0
344,Device,Conv2D,inception_v3/conv2d_6/Conv2D,2,233.184,116.592,233.184,116.592,0.0006863554889988371,0.8730745020451692,0.0,0.0
345,Device,Conv2DBackpropInput,gradient_tape/inception_v3/conv2d_32/Conv2D/Conv2DBackpropInput,4,230.496,57.624,230.496,57.624,0.0006784436101631157,0.8737529456553323,0.0,0.0
346,Device,Conv2D,inception_v3/conv2d_36/Conv2D,4,229.856,57.464,229.856,57.464,0.0006765598294879439,0.8744295054848203,0.0,0.0
347,Device,Conv2DBackpropInput,gradient_tape/inception_v3/conv2d_37/Conv2D/Conv2DBackpropInput,4,229.792,57.448,229.792,57.448,0.0006763714514204267,0.8751058769362408,0.0,0.0
348,Device,FusedBatchNormGradV3,gradient_tape/inception_v3/batch_normalization_6/FusedBatchNormGradV3,2,226.912,113.456,226.912,113.456,0.0006678944383821538,0.8757737713746229,0.0,0.0
349,Device,FusedBatchNormGradV3,gradient_tape/inception_v3/batch_normalization_13/FusedBatchNormGradV3,2,224.768,112.384,224.768,112.384,0.0006615837731203283,0.8764353551477432,0.0,0.0
350,Device,FusedBatchNormGradV3,gradient_tape/inception_v3/batch_normalization_20/FusedBatchNormGradV3,2,224.576,112.288,224.576,112.288,0.0006610186389177767,0.8770963737866609,0.0,0.0
351,Device,Conv2D,inception_v3/conv2d_84/Conv2D,2,222.848,111.424,222.848,111.424,0.000655932431094813,0.8777523062177558,0.0,0.0
352,Device,Conv2D,inception_v3/conv2d_37/Conv2D,4,220.16,55.04,220.16,55.04,0.0006480205522590915,0.8784003267700149,0.0,0.0
353,Device,Conv2D,inception_v3/conv2d_35/Conv2D,4,219.936,54.984,219.936,54.984,0.0006473612290227814,0.8790476879990377,0.0,0.0
354,Device,ReluGrad,gradient_tape/inception_v3/activation_10/ReluGrad,2,216.64,108.32,216.64,108.32,0.0006376597585456467,0.8796853477575833,0.0,0.0
355,Device,ReluGrad,gradient_tape/inception_v3/activation_16/ReluGrad,2,216.128,108.064,216.128,108.064,0.0006361527340055092,0.8803215004915889,0.0,0.0
356,Device,ReluGrad,gradient_tape/inception_v3/activation_24/ReluGrad,2,216.096,108.048,216.096,108.048,0.0006360585449717507,0.8809575590365606,0.0,0.0
357,Device,ReluGrad,gradient_tape/inception_v3/activation_9/ReluGrad,2,215.488,107.744,215.488,107.744,0.0006342689533303375,0.8815918279898909,0.0,0.0
358,Device,ReluGrad,gradient_tape/inception_v3/activation_23/ReluGrad,2,214.944,107.472,214.944,107.472,0.0006326677397564415,0.8822244957296473,0.0,0.0
359,Device,ReluGrad,gradient_tape/inception_v3/activation_17/ReluGrad,2,214.047,107.0235,214.047,107.0235,0.0006300275034038961,0.8828545232330512,0.0,0.0
360,Device,ReluGrad,gradient_tape/inception_v3/activation_28/ReluGrad,2,213.344,106.672,213.344,106.672,0.000627958288068512,0.8834824815211197,0.0,0.0
361,Device,Conv2DBackpropInput,gradient_tape/inception_v3/conv2d_87/Conv2D/Conv2DBackpropInput,4,207.68,51.92,207.68,51.92,0.0006112868290932418,0.884093768350213,0.0,0.0
362,Device,Conv2DBackpropInput,gradient_tape/inception_v3/conv2d_78/Conv2D/Conv2DBackpropInput,4,207.296,51.824,207.296,51.824,0.0006101565606881388,0.8847039249109012,0.0,0.0
363,Device,Conv2D,inception_v3/conv2d_75/Conv2D,4,206.848,51.712,206.848,51.712,0.0006088379142155186,0.8853127628251167,0.0,0.0
364,Device,Conv2DBackpropInput,gradient_tape/inception_v3/conv2d_83/Conv2D/Conv2DBackpropInput,4,205.984,51.496,205.984,51.496,0.0006062948103040366,0.8859190576354208,0.0,0.0
365,Device,Conv2DBackpropInput,gradient_tape/inception_v3/conv2d_92/Conv2D/Conv2DBackpropInput,4,205.92,51.48,205.92,51.48,0.0006061064322365194,0.8865251640676572,0.0,0.0
366,Device,Conv2DBackpropInput,gradient_tape/inception_v3/conv2d_88/Conv2D/Conv2DBackpropInput,4,205.856,51.464,205.856,51.464,0.0006059180541690022,0.8871310821218262,0.0,0.0
367,Device,Conv2DBackpropInput,gradient_tape/inception_v3/conv2d_79/Conv2D/Conv2DBackpropInput,4,205.504,51.376,205.504,51.376,0.0006048819747976578,0.8877359640966239,0.0,0.0
368,Device,Conv2DBackpropInput,gradient_tape/inception_v3/conv2d_82/Conv2D/Conv2DBackpropInput,4,204.832,51.208,204.832,51.208,0.0006029040050887274,0.8883388681017127,0.0,0.0
369,Device,Conv2DBackpropInput,gradient_tape/inception_v3/conv2d_91/Conv2D/Conv2DBackpropInput,4,204.415,51.10375,204.415,51.10375,0.0006016766042425608,0.8889405447059553,0.0,0.0
370,Device,Conv2D,inception_v3/conv2d_88/Conv2D,4,197.151,49.28775,197.151,49.28775,0.0005802956935793611,0.8895208403995346,0.0,0.0
371,Device,Conv2D,inception_v3/conv2d_91/Conv2D,4,196.8,49.2,196.8,49.2,0.0005792625576153216,0.8901001029571499,0.0,0.0
372,Device,Conv2D,inception_v3/conv2d_78/Conv2D,4,196.768,49.192,196.768,49.192,0.000579168368581563,0.8906792713257314,0.0,0.0
373,Device,Conv2D,inception_v3/conv2d_79/Conv2D,4,196.223,49.05575,196.223,49.05575,0.000577564211600362,0.8912568355373318,0.0,0.0
374,Device,Conv2D,inception_v3/conv2d_87/Conv2D,4,196.159,49.03975,196.159,49.03975,0.0005773758335328448,0.8918342113708646,0.0,0.0
375,Device,Conv2DBackpropFilter,gradient_tape/inception_v3/conv2d_84/Conv2D/Conv2DBackpropFilter,2,196.0,98.0,196.0,98.0,0.0005769078317713569,0.8924111192026359,0.0,0.0
376,Device,Conv2D,inception_v3/conv2d_82/Conv2D,4,195.999,48.99975,195.999,48.99975,0.0005769048883640519,0.892988024091,0.0,0.0
377,Device,Conv2D,inception_v3/conv2d_83/Conv2D,4,195.872,48.968,195.872,48.968,0.0005765310756363225,0.8935645551666364,0.0,0.0
378,Device,Conv2D,inception_v3/conv2d_92/Conv2D,4,195.744,48.936,195.744,48.936,0.0005761543195012881,0.8941407094861377,0.0,0.0
379,Device,FusedBatchNormV3,inception_v3/batch_normalization_27/FusedBatchNormV3,4,194.08,48.52,194.08,48.52,0.0005712564897458416,0.8947119659758835,0.0,0.0
380,Device,Conv2D,inception_v3/conv2d_11/Conv2D,2,192.896,96.448,192.896,96.448,0.0005677714954967737,0.8952797374713803,0.0,0.0
381,Device,FusedBatchNormV3,inception_v3/batch_normalization_21/FusedBatchNormV3,4,192.799,48.19975,192.799,48.19975,0.0005674859849881931,0.8958472234563686,0.0,0.0
382,Device,FusedBatchNormV3,inception_v3/batch_normalization_5/FusedBatchNormV3,4,192.48,48.12,192.48,48.12,0.0005665470380579121,0.8964137704944265,0.0,0.0
383,Device,FusedBatchNormV3,inception_v3/batch_normalization_15/FusedBatchNormV3,4,191.648,47.912,191.648,47.912,0.0005640981231801888,0.8969778686176066,0.0,0.0
384,Device,FusedBatchNormV3,inception_v3/batch_normalization_8/FusedBatchNormV3,4,191.328,47.832,191.328,47.832,0.0005631562328426029,0.8975410248504493,0.0,0.0
385,Device,FusedBatchNormV3,inception_v3/batch_normalization_19/FusedBatchNormV3,4,191.104,47.776,191.104,47.776,0.0005624969096062929,0.8981035217600556,0.0,0.0
386,Device,FusedBatchNormV3,inception_v3/batch_normalization_14/FusedBatchNormV3,4,190.304,47.576,190.304,47.576,0.0005601421837623281,0.8986636639438179,0.0,0.0
387,Device,FusedBatchNormV3,inception_v3/batch_normalization_25/FusedBatchNormV3,4,190.176,47.544,190.176,47.544,0.0005597654276272936,0.8992234293714452,0.0,0.0
388,Device,FusedBatchNormV3,inception_v3/batch_normalization_7/FusedBatchNormV3,4,190.016,47.504,190.016,47.504,0.0005592944824585008,0.8997827238539037,0.0,0.0
389,Device,FusedBatchNormV3,inception_v3/batch_normalization_18/FusedBatchNormV3,4,189.92,47.48,189.92,47.48,0.0005590119153572249,0.9003417357692609,0.0,0.0
390,Device,FusedBatchNormV3,inception_v3/batch_normalization_12/FusedBatchNormV3,4,189.632,47.408,189.632,47.408,0.0005581642140533977,0.9008998999833143,0.0,0.0
391,Device,FusedBatchNormGradV3,gradient_tape/inception_v3/batch_normalization_11/FusedBatchNormGradV3,2,189.248,94.624,189.248,94.624,0.0005570339456482946,0.9014569339289626,0.0,0.0
392,Device,FusedBatchNormV3,inception_v3/batch_normalization_22/FusedBatchNormV3,4,187.264,46.816,187.264,46.816,0.0005511942255552622,0.9020081281545179,0.0,0.0
393,Device,Conv2DBackpropInput,gradient_tape/inception_v3/conv2d_84/Conv2D/Conv2DBackpropInput,2,185.504,92.752,185.504,92.752,0.0005460138286985397,0.9025541419832165,0.0,0.0
394,Device,ReluGrad,gradient_tape/inception_v3/activation_26/ReluGrad,2,184.512,92.256,184.512,92.256,0.0005430939686520234,0.9030972359518685,0.0,0.0
395,Device,AddN,SGD/gradients/AddN_2,2,177.088,88.544,177.088,88.544,0.0005212421128200309,0.9036184780646885,0.0,0.0
396,Device,SoftmaxCrossEntropyWithLogits,categorical_crossentropy/softmax_cross_entropy_with_logits,2,176.672,88.336,176.672,88.336,0.0005200176553811692,0.9041384957200697,0.0,0.0
397,Device,FusedBatchNormGradV3,gradient_tape/inception_v3/batch_normalization_49/FusedBatchNormGradV3,2,174.592,87.296,174.592,87.296,0.000513895368186861,0.9046523910882566,0.0,0.0
398,Device,FusedBatchNormGradV3,gradient_tape/inception_v3/batch_normalization_61/FusedBatchNormGradV3,2,174.24,87.12,174.24,87.12,0.0005128592888155165,0.9051652503770721,0.0,0.0
399,Device,FusedBatchNormGradV3,gradient_tape/inception_v3/batch_normalization_70/FusedBatchNormGradV3,2,173.568,86.784,173.568,86.784,0.0005108813191065861,0.9056761316961787,0.0,0.0
400,Device,FusedBatchNormGradV3,gradient_tape/inception_v3/batch_normalization_59/FusedBatchNormGradV3,2,172.832,86.416,172.832,86.416,0.0005087149713301385,0.9061848466675088,0.0,0.0
401,Device,FusedBatchNormGradV3,gradient_tape/inception_v3/batch_normalization_39/FusedBatchNormGradV3,2,172.576,86.288,172.576,86.288,0.0005079614590600698,0.9066928081265688,0.0,0.0
402,Device,FusedBatchNormGradV3,gradient_tape/inception_v3/batch_normalization_74/FusedBatchNormGradV3,2,171.968,85.984,171.968,85.984,0.0005061718674186566,0.9071989799939875,0.0,0.0
403,Device,FusedBatchNormGradV3,gradient_tape/inception_v3/batch_normalization_62/FusedBatchNormGradV3,2,171.712,85.856,171.712,85.856,0.0005054183551485878,0.9077043983491361,0.0,0.0
404,Device,FusedBatchNormGradV3,gradient_tape/inception_v3/batch_normalization_69/FusedBatchNormGradV3,2,171.488,85.744,171.488,85.744,0.0005047590319122777,0.9082091573810483,0.0,0.0
405,Device,FusedBatchNormGradV3,gradient_tape/inception_v3/batch_normalization_48/FusedBatchNormGradV3,2,171.264,85.632,171.264,85.632,0.0005040997086759677,0.9087132570897243,0.0,0.0
406,Device,FusedBatchNormGradV3,gradient_tape/inception_v3/batch_normalization_33/FusedBatchNormGradV3,2,171.072,85.536,171.072,85.536,0.0005035345744734161,0.9092167916641977,0.0,0.0
407,Device,FusedBatchNormGradV3,gradient_tape/inception_v3/batch_normalization_40/FusedBatchNormGradV3,2,170.848,85.424,170.848,85.424,0.0005028752512371061,0.9097196669154348,0.0,0.0
408,Device,FusedBatchNormGradV3,gradient_tape/inception_v3/batch_normalization_58/FusedBatchNormGradV3,2,170.816,85.408,170.816,85.408,0.0005027810622033474,0.9102224479776382,0.0,0.0
409,Device,FusedBatchNormGradV3,gradient_tape/inception_v3/batch_normalization_50/FusedBatchNormGradV3,2,170.752,85.376,170.752,85.376,0.0005025926841358303,0.9107250406617741,0.0,0.0
410,Device,FusedBatchNormGradV3,gradient_tape/inception_v3/batch_normalization_30/FusedBatchNormGradV3,2,170.656,85.328,170.656,85.328,0.0005023101170345545,0.9112273507788087,0.0,0.0
411,Device,FusedBatchNormGradV3,gradient_tape/inception_v3/batch_normalization_65/FusedBatchNormGradV3,2,170.368,85.184,170.368,85.184,0.0005014624157307271,0.9117288131945394,0.0,0.0
412,Device,FusedBatchNormGradV3,gradient_tape/inception_v3/batch_normalization_63/FusedBatchNormGradV3,2,170.336,85.168,170.336,85.168,0.0005013682266969687,0.9122301814212364,0.0,0.0
413,Device,FusedBatchNormGradV3,gradient_tape/inception_v3/batch_normalization_38/FusedBatchNormGradV3,2,170.304,85.152,170.304,85.152,0.00050127403766321,0.9127314554588996,0.0,0.0
414,Device,FusedBatchNormGradV3,gradient_tape/inception_v3/batch_normalization_67/FusedBatchNormGradV3,2,170.304,85.152,170.304,85.152,0.00050127403766321,0.9132327294965628,0.0,0.0
415,Device,FusedBatchNormGradV3,gradient_tape/inception_v3/batch_normalization_73/FusedBatchNormGradV3,2,170.176,85.088,170.176,85.088,0.0005008972815281756,0.9137336267780909,0.0,0.0
416,Device,FusedBatchNormGradV3,gradient_tape/inception_v3/batch_normalization_64/FusedBatchNormGradV3,2,169.952,84.976,169.952,84.976,0.0005002379582918655,0.9142338647363828,0.0,0.0
417,Device,FusedBatchNormGradV3,gradient_tape/inception_v3/batch_normalization_66/FusedBatchNormGradV3,2,169.92,84.96,169.92,84.96,0.0005001437692581069,0.9147340085056409,0.0,0.0
418,Device,FusedBatchNormGradV3,gradient_tape/inception_v3/batch_normalization_53/FusedBatchNormGradV3,2,169.792,84.896,169.792,84.896,0.0004997670131230725,0.915233775518764,0.0,0.0
419,Device,FusedBatchNormGradV3,gradient_tape/inception_v3/batch_normalization_43/FusedBatchNormGradV3,2,169.759,84.8795,169.759,84.8795,0.000499669880682009,0.915733445399446,0.0,0.0
420,Device,FusedBatchNormGradV3,gradient_tape/inception_v3/batch_normalization_68/FusedBatchNormGradV3,2,169.728,84.864,169.728,84.864,0.0004995786350555554,0.9162330240345016,0.0,0.0
421,Device,FusedBatchNormGradV3,gradient_tape/inception_v3/batch_normalization_72/FusedBatchNormGradV3,2,169.088,84.544,169.088,84.544,0.0004976948543803836,0.9167307188888819,0.0,0.0
422,Device,FusedBatchNormGradV3,gradient_tape/inception_v3/batch_normalization_60/FusedBatchNormGradV3,2,168.928,84.464,168.928,84.464,0.0004972239092115907,0.9172279427980935,0.0,0.0
423,Device,FusedBatchNormV3,inception_v3/batch_normalization_6/FusedBatchNormV3,4,164.895,41.22375,164.895,41.22375,0.00048535314755070353,0.9177132959456442,0.0,0.0
424,Device,FusedBatchNormV3,inception_v3/batch_normalization_13/FusedBatchNormV3,4,164.192,41.048,164.192,41.048,0.0004832839322153196,0.9181965798778595,0.0,0.0
425,Device,FusedBatchNormV3,inception_v3/batch_normalization_20/FusedBatchNormV3,4,162.464,40.616,162.464,40.616,0.0004781977243923557,0.9186747776022519,0.0,0.0
426,Device,Slice,gradient_tape/inception_v3/mixed0/Slice_2,2,160.415,80.2075,160.415,80.2075,0.00047216668282450104,0.9191469442850764,0.0,0.0
427,Device,FusedBatchNormV3,inception_v3/batch_normalization_26/FusedBatchNormV3,4,160.352,40.088,160.352,40.088,0.0004719812481642889,0.9196189255332406,0.0,0.0
428,Device,Slice,gradient_tape/inception_v3/mixed2/Slice_2,2,159.04,79.52,159.04,79.52,0.0004681194977801867,0.9200870450310208,0.0,0.0
429,Device,MaxPool,inception_v3/max_pooling2d_3/MaxPool,2,159.008,79.504,159.008,79.504,0.00046802530874642817,0.9205550703397672,0.0,0.0
430,Device,Slice,gradient_tape/inception_v3/mixed1/Slice_2,2,158.368,79.184,158.368,79.184,0.0004661415280712563,0.9210212118678385,0.0,0.0
431,Device,ReluGrad,gradient_tape/inception_v3/activation_14/ReluGrad,2,146.816,73.408,146.816,73.408,0.0004321392868844058,0.9214533511547229,0.0,0.0
432,Device,FusedBatchNormGradV3,gradient_tape/inception_v3/batch_normalization_46/FusedBatchNormGradV3,2,146.368,73.184,146.368,73.184,0.0004308206404117855,0.9218841717951347,0.0,0.0
433,Device,FusedBatchNormGradV3,gradient_tape/inception_v3/batch_normalization_51/FusedBatchNormGradV3,2,146.144,73.072,146.144,73.072,0.0004301613171754754,0.9223143331123101,0.0,0.0
434,Device,ReluGrad,gradient_tape/inception_v3/activation_7/ReluGrad,2,145.984,72.992,145.984,72.992,0.0004296903720066825,0.9227440234843168,0.0,0.0
435,Device,ReluGrad,gradient_tape/inception_v3/activation_25/ReluGrad,2,145.792,72.896,145.792,72.896,0.0004291252378041309,0.923173148722121,0.0,0.0
436,Device,FusedBatchNormGradV3,gradient_tape/inception_v3/batch_normalization_42/FusedBatchNormGradV3,2,145.568,72.784,145.568,72.784,0.00042846591456782083,0.9236016146366888,0.0,0.0
437,Device,ReluGrad,gradient_tape/inception_v3/activation_19/ReluGrad,2,145.44,72.72,145.44,72.72,0.00042808915843278646,0.9240297037951215,0.0,0.0
438,Device,ReluGrad,gradient_tape/inception_v3/activation_18/ReluGrad,2,145.248,72.624,145.248,72.624,0.0004275240242302349,0.9244572278193517,0.0,0.0
439,Device,ReluGrad,gradient_tape/inception_v3/activation_22/ReluGrad,2,145.216,72.608,145.216,72.608,0.0004274298351964763,0.9248846576545482,0.0,0.0
440,Device,FusedBatchNormV3,inception_v3/batch_normalization_11/FusedBatchNormV3,4,145.216,36.304,145.216,36.304,0.0004274298351964763,0.9253120874897447,0.0,0.0
441,Device,ReluGrad,gradient_tape/inception_v3/activation_27/ReluGrad,2,144.992,72.496,144.992,72.496,0.0004267705119601662,0.9257388580017049,0.0,0.0
442,Device,FusedBatchNormGradV3,gradient_tape/inception_v3/batch_normalization_52/FusedBatchNormGradV3,2,144.96,72.48,144.96,72.48,0.00042667632292640764,0.9261655343246312,0.0,0.0
443,Device,ReluGrad,gradient_tape/inception_v3/activation_21/ReluGrad,2,144.832,72.416,144.832,72.416,0.0004262995667913732,0.9265918338914226,0.0,0.0
444,Device,FusedBatchNormGradV3,gradient_tape/inception_v3/batch_normalization_41/FusedBatchNormGradV3,2,144.831,72.4155,144.831,72.4155,0.00042629662338406827,0.9270181305148067,0.0,0.0
445,Device,ReluGrad,gradient_tape/inception_v3/activation_15/ReluGrad,2,144.8,72.4,144.8,72.4,0.0004262053777576147,0.9274443358925644,0.0,0.0
446,Device,FusedBatchNormGradV3,gradient_tape/inception_v3/batch_normalization_55/FusedBatchNormGradV3,2,144.8,72.4,144.8,72.4,0.0004262053777576147,0.927870541270322,0.0,0.0
447,Device,ReluGrad,gradient_tape/inception_v3/activation_12/ReluGrad,2,144.736,72.368,144.736,72.368,0.00042601699969009745,0.9282965582700121,0.0,0.0
448,Device,ReluGrad,gradient_tape/inception_v3/activation_8/ReluGrad,2,144.704,72.352,144.704,72.352,0.00042592281065633895,0.9287224810806685,0.0,0.0
449,Device,AvgPoolGrad,gradient_tape/inception_v3/average_pooling2d_8/AvgPoolGrad,2,144.288,72.144,144.288,72.144,0.0004246983532174773,0.9291471794338859,0.0,0.0
450,Device,ReluGrad,gradient_tape/inception_v3/activation_5/ReluGrad,2,144.224,72.112,144.224,72.112,0.00042450997514996,0.9295716894090359,0.0,0.0
451,Device,FusedBatchNormGradV3,gradient_tape/inception_v3/batch_normalization_44/FusedBatchNormGradV3,2,144.096,72.048,144.096,72.048,0.0004241332190149257,0.9299958226280508,0.0,0.0
452,Device,FusedBatchNormGradV3,gradient_tape/inception_v3/batch_normalization_45/FusedBatchNormGradV3,2,144.063,72.0315,144.063,72.0315,0.00042403608657386215,0.9304198587146246,0.0,0.0
453,Device,FusedBatchNormGradV3,gradient_tape/inception_v3/batch_normalization_47/FusedBatchNormGradV3,2,143.712,71.856,143.712,71.856,0.0004230029506098226,0.9308428616652344,0.0,0.0
454,Device,FusedBatchNormGradV3,gradient_tape/inception_v3/batch_normalization_57/FusedBatchNormGradV3,2,143.488,71.744,143.488,71.744,0.0004223436273735125,0.9312652052926079,0.0,0.0
455,Device,FusedBatchNormGradV3,gradient_tape/inception_v3/batch_normalization_54/FusedBatchNormGradV3,2,143.232,71.616,143.232,71.616,0.0004215901151034438,0.9316867954077114,0.0,0.0
456,Device,FusedBatchNormGradV3,gradient_tape/inception_v3/batch_normalization_56/FusedBatchNormGradV3,2,142.944,71.472,142.944,71.472,0.00042074241379961647,0.932107537821511,0.0,0.0
457,Device,Relu,inception_v3/activation_16/Relu,2,138.88,69.44,138.88,69.44,0.0004087804065122757,0.9325163182280233,0.0,0.0
458,Device,Relu,inception_v3/activation_23/Relu,2,138.688,69.344,138.688,69.344,0.00040821527230972416,0.932924533500333,0.0,0.0
459,Device,Relu,inception_v3/activation_17/Relu,2,138.496,69.248,138.496,69.248,0.0004076501381071727,0.9333321836384402,0.0,0.0
460,Device,Relu,inception_v3/activation_28/Relu,2,138.112,69.056,138.112,69.056,0.00040651986970206957,0.9337387035081423,0.0,0.0
461,Device,Relu,inception_v3/activation_9/Relu,2,137.952,68.976,137.952,68.976,0.00040604892453327665,0.9341447524326756,0.0,0.0
462,Device,Relu,inception_v3/activation_10/Relu,2,137.792,68.896,137.792,68.896,0.0004055779793644837,0.93455033041204,0.0,0.0
463,Device,Relu,inception_v3/activation_24/Relu,2,136.48,68.24,136.48,68.24,0.0004017162289803815,0.9349520466410204,0.0,0.0
464,Device,Slice,gradient_tape/inception_v3/mixed3/Slice,2,135.968,67.984,135.968,67.984,0.0004002092044402441,0.9353522558454607,0.0,0.0
465,Device,AvgPool,inception_v3/average_pooling2d_8/AvgPool,2,133.856,66.928,133.856,66.928,0.00039399272821217726,0.9357462485736728,0.0,0.0
466,Device,FusedBatchNormGradV3,gradient_tape/inception_v3/batch_normalization_37/FusedBatchNormGradV3,2,119.072,59.536,119.072,59.536,0.0003504773946157092,0.9360967259682885,0.0,0.0
467,Device,FusedBatchNormGradV3,gradient_tape/inception_v3/batch_normalization_32/FusedBatchNormGradV3,2,118.912,59.456,118.912,59.456,0.0003500064494469163,0.9364467324177355,0.0,0.0
468,Device,Relu,inception_v3/activation_26/Relu,2,118.592,59.296,118.592,59.296,0.0003490645591093304,0.9367957969768448,0.0,0.0
469,Device,FusedBatchNormGradV3,gradient_tape/inception_v3/batch_normalization_36/FusedBatchNormGradV3,2,118.336,59.168,118.336,59.168,0.00034831104683926166,0.9371441080236841,0.0,0.0
470,Device,FusedBatchNormGradV3,gradient_tape/inception_v3/batch_normalization_31/FusedBatchNormGradV3,2,118.304,59.152,118.304,59.152,0.0003482168578055031,0.9374923248814896,0.0,0.0
471,Device,FusedBatchNormGradV3,gradient_tape/inception_v3/batch_normalization_34/FusedBatchNormGradV3,2,117.6,58.8,117.6,58.8,0.0003461446990628141,0.9378384695805524,0.0,0.0
472,Device,FusedBatchNormGradV3,gradient_tape/inception_v3/batch_normalization_35/FusedBatchNormGradV3,2,117.344,58.672,117.344,58.672,0.0003453911867927454,0.9381838607673452,0.0,0.0
473,Device,AddN,SGD/gradients/AddN_5,2,113.92,56.96,113.92,56.96,0.0003353129601805764,0.9385191737275257,0.0,0.0
474,Device,ReluGrad,gradient_tape/inception_v3/activation_13/ReluGrad,2,110.4,55.2,110.4,55.2,0.0003249521664671316,0.9388441258939928,0.0,0.0
475,Device,Slice,gradient_tape/inception_v3/mixed1/Slice_1,2,109.824,54.912,109.824,54.912,0.00032325676385947704,0.9391673826578523,0.0,0.0
476,Device,ReluGrad,gradient_tape/inception_v3/activation_6/ReluGrad,2,109.76,54.88,109.76,54.88,0.0003230683857919599,0.9394904510436443,0.0,0.0
477,Device,Slice,gradient_tape/inception_v3/mixed1/Slice,2,109.76,54.88,109.76,54.88,0.0003230683857919599,0.9398135194294363,0.0,0.0
478,Device,ReluGrad,gradient_tape/inception_v3/activation_20/ReluGrad,2,109.664,54.832,109.664,54.832,0.00032278581869068406,0.940136305248127,0.0,0.0
479,Device,Slice,gradient_tape/inception_v3/mixed2/Slice_1,2,109.504,54.752,109.504,54.752,0.00032231487352189114,0.9404586201216488,0.0,0.0
480,Device,Slice,gradient_tape/inception_v3/mixed2/Slice,2,109.471,54.7355,109.471,54.7355,0.0003222177410808276,0.9407808378627297,0.0,0.0
481,Device,Slice,gradient_tape/inception_v3/mixed2/Slice_3,2,108.256,54.128,108.256,54.128,0.0003186415012053062,0.941099479363935,0.0,0.0
482,Device,Slice,gradient_tape/inception_v3/mixed0/Slice,2,108.096,54.048,108.096,54.048,0.0003181705560365132,0.9414176499199716,0.0,0.0
483,Device,Slice,gradient_tape/inception_v3/mixed0/Slice_1,2,108.096,54.048,108.096,54.048,0.0003181705560365132,0.9417358204760081,0.0,0.0
484,Device,Slice,gradient_tape/inception_v3/mixed1/Slice_3,2,106.208,53.104,106.208,53.104,0.0003126134030447565,0.9420484338790529,0.0,0.0
485,Device,Slice,gradient_tape/inception_v3/mixed3/Slice_2,2,103.872,51.936,103.872,51.936,0.0003057376035803795,0.9423541714826332,0.0,0.0
486,Device,ConcatV2,inception_v3/mixed9/concat,8,98.08,12.26,98.08,12.26,0.0002886893884700749,0.9426428608711033,0.0,0.0
487,Device,ConcatV2,inception_v3/mixed10/concat,8,97.952,12.244,97.952,12.244,0.00028831263233504054,0.9429311735034384,0.0,0.0
488,Device,AvgPoolGrad,gradient_tape/inception_v3/average_pooling2d_7/AvgPoolGrad,2,97.344,48.672,97.344,48.672,0.00028652304069362735,0.943217696544132,0.0,0.0
489,Device,FusedBatchNormV3,inception_v3/batch_normalization_39/FusedBatchNormV3,4,96.96,24.24,96.96,24.24,0.0002853927722885243,0.9435030893164206,0.0,0.0
490,Device,FusedBatchNormV3,inception_v3/batch_normalization_59/FusedBatchNormV3,4,96.928,24.232,96.928,24.232,0.0002852985832547657,0.9437883878996753,0.0,0.0
491,Device,FusedBatchNormV3,inception_v3/batch_normalization_62/FusedBatchNormV3,4,96.64,24.16,96.64,24.16,0.0002844508819509384,0.9440728387816263,0.0,0.0
492,Device,FusedBatchNormV3,inception_v3/batch_normalization_69/FusedBatchNormV3,4,96.576,24.144,96.576,24.144,0.00028426250388342123,0.9443571012855098,0.0,0.0
493,Device,Transpose,inception_v3/mixed10/concat-0-0-TransposeNCHWToNHWC-LayoutOptimizer,2,96.288,48.144,96.288,48.144,0.00028341480257959394,0.9446405160880893,0.0,0.0
494,Device,FusedBatchNormV3,inception_v3/batch_normalization_66/FusedBatchNormV3,4,95.616,23.904,95.616,23.904,0.0002814368328706636,0.9449219529209599,0.0,0.0
495,Device,Relu,inception_v3/activation_5/Relu,2,95.552,47.776,95.552,47.776,0.0002812484548031464,0.9452032013757631,0.0,0.0
496,Device,ReluGrad,gradient_tape/inception_v3/activation_67/ReluGrad,2,95.52,47.76,95.52,47.76,0.00028115426576938776,0.9454843556415324,0.0,0.0
497,Device,FusedBatchNormV3,inception_v3/batch_normalization_72/FusedBatchNormV3,4,95.264,23.816,95.264,23.816,0.0002804007534993191,0.9457647563950318,0.0,0.0
498,Device,FusedBatchNormGradV3,gradient_tape/inception_v3/batch_normalization_29/FusedBatchNormGradV3,2,95.168,47.584,95.168,47.584,0.00028011818639804337,0.9460448745814298,0.0,0.0
499,Device,ReluGrad,gradient_tape/inception_v3/activation_61/ReluGrad,2,95.04,47.52,95.04,47.52,0.000279741430263009,0.9463246160116928,0.0,0.0
500,Device,ReluGrad,gradient_tape/inception_v3/activation_68/ReluGrad,2,95.04,47.52,95.04,47.52,0.000279741430263009,0.9466043574419558,0.0,0.0
501,Host,IDLE,IDLE,0,1347027.647,0.0,1347027.647,0.0,0.0,0.0,0.9721477048972391,0.9721477048972391
502,Host,GatherV2,GatherV2,2,38083.267,19041.6335,38083.267,19041.6335,0.0,0.0,0.027484633067103456,0.9996323379643426
503,Host,GatherV2,GatherV2_1,2,106.155,53.0775,106.155,53.0775,0.0,0.0,7.661189422741404e-05,0.99970894985857
504,Host,Dataset,Iterator::Root::ParallelMapV2::Zip[1]::ForeverRepeat,2,64.405,32.2025,60.018,30.009,0.0,0.0,4.3314894896528055e-05,0.9997522647534665
505,Host,FlushSummaryWriter,FlushSummaryWriter,1,49.122,49.122,49.122,49.122,0.0,0.0,3.54512690710662e-05,0.9997877160225376
506,Host,LogicalAnd,LogicalAnd,1,38.193,38.193,38.193,38.193,0.0,0.0,2.7563827198225465e-05,0.9998152798497358
507,Host,Dataset,Iterator::Root::ParallelMapV2::Zip[0]::FlatMap[1]::Concatenate,2,63.763,31.8815,35.426,17.713,0.0,0.0,2.556688771042692e-05,0.9998408467374462
508,Host,Dataset,Iterator::Root,2,66.472,33.236,34.337,17.1685,0.0,0.0,2.478095814692399e-05,0.9998656276955932
509,Host,Dataset,Iterator::Root::ParallelMapV2,2,32.135,16.0675,32.135,16.0675,0.0,0.0,2.3191778258188026e-05,0.9998888194738513
510,Host,Dataset,Iterator::Root::ParallelMapV2::Zip[0]::FlatMap[1]::Concatenate[0]::TensorSlice,2,28.337,14.1685,28.337,14.1685,0.0,0.0,2.0450767714400937e-05,0.9999092702415657
511,Host,WriteSummary,WriteSummary,1,25.588,25.588,25.588,25.588,0.0,0.0,1.846681879789996e-05,0.9999277370603636
512,Host,_HostSend,categorical_crossentropy/softmax_cross_entropy_with_logits/Shape_2/_9,2,16.925,8.4625,16.925,8.4625,0.0,0.0,1.22147455117421e-05,0.9999399518058754
513,Host,IteratorGetNext,IteratorGetNext,2,16.67,8.335,16.67,8.335,0.0,0.0,1.2030712418359872e-05,0.9999519825182938
514,Host,_Send,IteratorGetNext/_6,2,15.013,7.5065,15.013,7.5065,0.0,0.0,1.0834858160578087e-05,0.9999628173764543
515,Host,Dataset,Iterator::Root::ParallelMapV2::Zip,2,143.841,71.9205,12.463,6.2315,0.0,0.0,8.994527226755793e-06,0.9999718119036811
516,Host,ReadVariableOp,ReadVariableOp,1,11.094,11.094,11.094,11.094,0.0,0.0,8.006522109735116e-06,0.9999798184257909
517,Host,_Send,IteratorGetNext/_3,2,10.149,5.0745,10.149,5.0745,0.0,0.0,7.324517116612736e-06,0.9999871429429075
518,Host,_Send,IteratorGetNext/_1,2,6.809,3.4045,6.809,3.4045,0.0,0.0,4.91404444250824e-06,0.9999920569873499
519,Host,Dataset,Iterator::Root::ParallelMapV2::Zip[1]::ForeverRepeat::FromTensor,4,4.387,1.09675,4.387,1.09675,0.0,0.0,3.1660909045797687e-06,0.9999952230782545
520,Host,Identity,Identity,2,3.409,1.7045,3.409,1.7045,0.0,0.0,2.460269864078512e-06,0.9999976833481186
521,Host,Dataset,Iterator::Root::ParallelMapV2::Zip[0]::FlatMap,2,66.973,33.4865,3.21,1.605,0.0,0.0,2.316651881399831e-06,1.0
