Rank,Host/device,Type,Operation,#Occurrences,Total time (us),Avg. time (us),Total self-time (us),Avg. self-time (us),Total self-time on Device (%),Cumulative total-self time on Device (%),Total self-time on Host (%),Cumulative total-self time on Host (%)
1,Device,IDLE,IDLE,0,29398.692,0.0,29398.692,0.0,0.21348047430152217,0.21348047430152217,0.0,0.0
2,Device,_Recv,IteratorGetNext/_2,2,2343.875,1171.9375,2343.875,1171.9375,0.017020197589181187,0.23050067189070336,0.0,0.0
3,Device,Conv2DBackpropFilter,gradient_tape/inception_v3/conv2d_2/Conv2D/Conv2DBackpropFilter,2,2205.571,1102.7855,2205.571,1102.7855,0.016015894284877794,0.24651656617558115,0.0,0.0
4,Device,Conv2DBackpropFilter,gradient_tape/inception_v3/conv2d_4/Conv2D/Conv2DBackpropFilter,4,1908.546,477.1365,1908.546,477.1365,0.013859028330453374,0.26037559450603454,0.0,0.0
5,Device,Conv2DBackpropInput,gradient_tape/inception_v3/conv2d_4/Conv2D/Conv2DBackpropInput,4,1701.986,425.4965,1701.986,425.4965,0.012359079735062721,0.27273467424109726,0.0,0.0
6,Device,FusedBatchNormGradV3,gradient_tape/inception_v3/batch_normalization_2/FusedBatchNormGradV3,2,1547.426,773.713,1547.426,773.713,0.011236732451447407,0.28397140669254467,0.0,0.0
7,Device,Conv2DBackpropInput,gradient_tape/inception_v3/conv2d_2/Conv2D/Conv2DBackpropInput,2,1541.826,770.913,1541.826,770.913,0.011196067694794677,0.29516747438733937,0.0,0.0
8,Device,Conv2D,inception_v3/conv2d_2/Conv2D,2,1463.842,731.921,1463.842,731.921,0.010629781912150678,0.30579725629949006,0.0,0.0
9,Device,Conv2DBackpropFilter,gradient_tape/inception_v3/conv2d_1/Conv2D/Conv2DBackpropFilter,2,1308.418,654.209,1308.418,654.209,0.009501160637508941,0.315298416936999,0.0,0.0
10,Device,Conv2D,inception_v3/conv2d_4/Conv2D,4,1261.186,315.2965,1261.186,315.2965,0.009158182461397926,0.32445659939839694,0.0,0.0
11,Device,FusedBatchNormV3,inception_v3/batch_normalization_2/FusedBatchNormV3,4,1215.746,303.9365,1215.746,303.9365,0.008828217007415786,0.3332848164058127,0.0,0.0
12,Device,MaxPoolGrad,gradient_tape/inception_v3/max_pooling2d/MaxPool/MaxPoolGrad,2,1097.954,548.977,1097.954,548.977,0.007972862897480386,0.3412576793032931,0.0,0.0
13,Device,Conv2DBackpropInput,gradient_tape/inception_v3/conv2d_1/Conv2D/Conv2DBackpropInput,2,1017.729,508.8645,1017.729,508.8645,0.007390303950611608,0.3486479832539047,0.0,0.0
14,Device,FusedBatchNormGradV3,gradient_tape/inception_v3/batch_normalization/FusedBatchNormGradV3,2,1010.977,505.4885,1010.977,505.4885,0.007341273872590317,0.35598925712649504,0.0,0.0
15,Device,FusedBatchNormGradV3,gradient_tape/inception_v3/batch_normalization_4/FusedBatchNormGradV3,2,991.426,495.713,991.426,495.713,0.007199303040926478,0.3631885601674215,0.0,0.0
16,Device,FusedBatchNormGradV3,gradient_tape/inception_v3/batch_normalization_1/FusedBatchNormGradV3,2,896.514,448.257,896.514,448.257,0.006510093508172229,0.36969865367559374,0.0,0.0
17,Device,Conv2DBackpropInput,gradient_tape/inception_v3/conv2d_26/Conv2D/Conv2DBackpropInput,2,863.52,431.76,863.52,431.76,0.006270505475850776,0.3759691591514445,0.0,0.0
18,Device,Conv2D,inception_v3/conv2d_1/Conv2D,2,819.458,409.729,819.458,409.729,0.005950546456630681,0.3819197056080752,0.0,0.0
19,Device,ReluGrad,gradient_tape/inception_v3/activation_2/ReluGrad,2,815.105,407.5525,815.105,407.5525,0.005918936869896873,0.38783864247797206,0.0,0.0
20,Device,Conv2D,inception_v3/conv2d_26/Conv2D,4,750.977,187.74425,750.977,187.74425,0.005453267313713624,0.3932919097916857,0.0,0.0
21,Device,Conv2DBackpropFilter,gradient_tape/inception_v3/conv2d_26/Conv2D/Conv2DBackpropFilter,4,734.21,183.5525,734.21,183.5525,0.005331512675357142,0.39862342246704285,0.0,0.0
22,Device,FusedBatchNormV3,inception_v3/batch_normalization_4/FusedBatchNormV3,4,622.592,155.648,622.592,155.648,0.0045209914596313775,0.4031444139266742,0.0,0.0
23,Device,ReluGrad,gradient_tape/inception_v3/activation_4/ReluGrad,2,565.408,282.704,565.408,282.704,0.004105746201697512,0.40725016012837173,0.0,0.0
24,Device,FusedBatchNormV3,inception_v3/batch_normalization_1/FusedBatchNormV3,4,560.128,140.032,560.128,140.032,0.00406740514542494,0.41131756527379665,0.0,0.0
25,Device,FusedBatchNormV3,inception_v3/batch_normalization/FusedBatchNormV3,4,558.112,139.528,558.112,139.528,0.004052765833029957,0.4153703311068266,0.0,0.0
26,Device,Relu,inception_v3/activation_2/Relu,2,524.992,262.496,524.992,262.496,0.0038122628436838184,0.4191825939505104,0.0,0.0
27,Device,MaxPoolGrad,gradient_tape/inception_v3/max_pooling2d_1/MaxPool/MaxPoolGrad,2,515.745,257.8725,515.745,257.8725,0.0037451151642610005,0.4229277091147714,0.0,0.0
28,Device,Conv2DBackpropFilter,gradient_tape/inception_v3/conv2d/Conv2D/Conv2DBackpropFilter,2,496.865,248.4325,496.865,248.4325,0.0036080168418318004,0.4265357259566032,0.0,0.0
29,Device,FusedBatchNormGradV3,gradient_tape/inception_v3/batch_normalization_3/FusedBatchNormGradV3,2,447.265,223.6325,447.265,223.6325,0.003247843282907631,0.42978356923951083,0.0,0.0
30,Device,ReluGrad,gradient_tape/inception_v3/activation/ReluGrad,2,408.833,204.4165,408.833,204.4165,0.002968766867250904,0.4327523361067617,0.0,0.0
31,Device,ReluGrad,gradient_tape/inception_v3/activation_1/ReluGrad,2,395.104,197.552,395.104,197.552,0.0028690728593785265,0.43562140896614027,0.0,0.0
32,Device,Conv2DBackpropFilter,gradient_tape/inception_v3/conv2d_3/Conv2D/Conv2DBackpropFilter,2,391.936,195.968,391.936,195.968,0.0028460682256149826,0.4384674771917553,0.0,0.0
33,Device,Conv2DBackpropFilter,gradient_tape/inception_v3/conv2d_81/Conv2D/Conv2DBackpropFilter,4,390.817,97.70425,390.817,97.70425,0.0028379425358481254,0.4413054197276034,0.0,0.0
34,Device,Conv2DBackpropFilter,gradient_tape/inception_v3/conv2d_90/Conv2D/Conv2DBackpropFilter,4,383.392,95.848,383.392,95.848,0.0027840254254648195,0.4440894451530682,0.0,0.0
35,Device,Relu,inception_v3/activation_4/Relu,2,362.594,181.297,362.594,181.297,0.00263299942388206,0.44672244457695026,0.0,0.0
36,Device,MaxPool,inception_v3/max_pooling2d/MaxPool,2,342.754,171.377,342.754,171.377,0.0024889300003123928,0.4492113745772627,0.0,0.0
37,Device,Conv2DBackpropFilter,gradient_tape/inception_v3/conv2d_7/Conv2D/Conv2DBackpropFilter,4,339.073,84.76825,339.073,84.76825,0.002462200184376911,0.4516735747616396,0.0,0.0
38,Device,Conv2D,inception_v3/conv2d_89/Conv2D,2,339.008,169.504,339.008,169.504,0.002461728182737192,0.4541353029443768,0.0,0.0
39,Device,Conv2DBackpropFilter,gradient_tape/inception_v3/conv2d_14/Conv2D/Conv2DBackpropFilter,4,337.856,84.464,337.856,84.464,0.0024533628613686307,0.4565886658057455,0.0,0.0
40,Device,Conv2DBackpropFilter,gradient_tape/inception_v3/conv2d_21/Conv2D/Conv2DBackpropFilter,4,335.936,83.984,335.936,83.984,0.002439420659087695,0.4590280864648332,0.0,0.0
41,Device,Conv2DBackpropFilter,gradient_tape/inception_v3/conv2d_16/Conv2D/Conv2DBackpropFilter,4,325.728,81.432,325.728,81.432,0.0023652946169607212,0.4613933810817939,0.0,0.0
42,Device,Conv2DBackpropFilter,gradient_tape/inception_v3/conv2d_9/Conv2D/Conv2DBackpropFilter,4,325.089,81.27225,325.089,81.27225,0.002360654477764097,0.463754035559558,0.0,0.0
43,Device,Conv2DBackpropFilter,gradient_tape/inception_v3/conv2d_23/Conv2D/Conv2DBackpropFilter,4,324.576,81.144,324.576,81.144,0.00235692929559216,0.4661109648551502,0.0,0.0
44,Device,Conv2DBackpropFilter,gradient_tape/inception_v3/conv2d_28/Conv2D/Conv2DBackpropFilter,4,321.664,80.416,321.664,80.416,0.002335783622132741,0.4684467484772829,0.0,0.0
45,Device,AddN,SGD/gradients/AddN_12,2,317.633,158.8165,317.633,158.8165,0.0023065122589064637,0.4707532607361894,0.0,0.0
46,Device,Conv2D,inception_v3/conv2d_86/Conv2D,2,311.808,155.904,311.808,155.904,0.002264213650423938,0.47301747438661335,0.0,0.0
47,Device,FusedBatchNormV3,inception_v3/batch_normalization_3/FusedBatchNormV3,4,300.64,75.16,300.64,75.16,0.002183116507156496,0.47520059089376987,0.0,0.0
48,Device,Conv2DBackpropFilter,gradient_tape/inception_v3/conv2d_10/Conv2D/Conv2DBackpropFilter,4,299.456,74.864,299.456,74.864,0.0021745188157499193,0.4773751097095198,0.0,0.0
49,Device,Conv2D,inception_v3/conv2d_81/Conv2D,4,296.672,74.168,296.672,74.168,0.0021543026224425626,0.47952941233196233,0.0,0.0
50,Device,Conv2DBackpropFilter,gradient_tape/inception_v3/conv2d_17/Conv2D/Conv2DBackpropFilter,4,296.32,74.08,296.32,74.08,0.002151746552024391,0.4816811588839867,0.0,0.0
51,Device,Conv2D,inception_v3/conv2d_90/Conv2D,4,296.288,74.072,296.288,74.072,0.0021515141819863754,0.4838326730659731,0.0,0.0
52,Device,Conv2DBackpropFilter,gradient_tape/inception_v3/conv2d_24/Conv2D/Conv2DBackpropFilter,4,296.257,74.06425,296.257,74.06425,0.002151289073512048,0.48598396213948514,0.0,0.0
53,Device,Conv2D,inception_v3/conv2d_85/Conv2D,4,290.657,72.66425,290.657,72.66425,0.002110624316859319,0.48809458645634446,0.0,0.0
54,Device,Conv2DBackpropInput,gradient_tape/inception_v3/conv2d_89/Conv2D/Conv2DBackpropInput,2,286.976,143.488,286.976,143.488,0.0020838945009238378,0.4901784809572683,0.0,0.0
55,Device,Conv2D,inception_v3/conv2d_3/Conv2D,2,286.496,143.248,286.496,143.248,0.0020804089503536037,0.4922588899076219,0.0,0.0
56,Device,AddN,SGD/gradients/AddN_13,2,284.0,142.0,284.0,142.0,0.002062284087388388,0.4943211739950103,0.0,0.0
57,Device,Conv2DBackpropInput,gradient_tape/inception_v3/conv2d_81/Conv2D/Conv2DBackpropInput,4,283.968,70.992,283.968,70.992,0.0020620517173503723,0.49638322571236065,0.0,0.0
58,Device,Conv2DBackpropInput,gradient_tape/inception_v3/conv2d_90/Conv2D/Conv2DBackpropInput,4,283.873,70.96825,283.873,70.96825,0.0020613618688000135,0.49844458758116067,0.0,0.0
59,Device,Conv2DBackpropInput,gradient_tape/inception_v3/conv2d_17/Conv2D/Conv2DBackpropInput,4,277.44,69.36,277.44,69.36,0.0020146482295951913,0.5004592358107559,0.0,0.0
60,Device,Conv2DBackpropInput,gradient_tape/inception_v3/conv2d_24/Conv2D/Conv2DBackpropInput,4,277.152,69.288,277.152,69.288,0.002012556899253051,0.502471792710009,0.0,0.0
61,Device,Conv2DBackpropInput,gradient_tape/inception_v3/conv2d_10/Conv2D/Conv2DBackpropInput,4,274.784,68.696,274.784,68.696,0.001995361516439897,0.5044671542264488,0.0,0.0
62,Device,AvgPoolGrad,gradient_tape/inception_v3/average_pooling2d_2/AvgPoolGrad,2,274.753,137.3765,274.753,137.3765,0.001995136407965569,0.5064622906344144,0.0,0.0
63,Device,Relu,inception_v3/activation/Relu,2,274.016,137.008,274.016,137.008,0.001989784635527523,0.508452075269942,0.0,0.0
64,Device,Conv2D,inception_v3/conv2d_10/Conv2D,4,271.68,67.92,271.68,67.92,0.0019728216227523844,0.5104248968926943,0.0,0.0
65,Device,Relu,inception_v3/activation_1/Relu,2,265.28,132.64,265.28,132.64,0.0019263476151492656,0.5123512445078436,0.0,0.0
66,Device,Conv2D,inception_v3/conv2d_17/Conv2D,4,261.024,65.256,261.024,65.256,0.001895442400093192,0.5142466869079368,0.0,0.0
67,Device,Conv2D,inception_v3/conv2d_24/Conv2D,4,259.776,64.944,259.776,64.944,0.001886379968610584,0.5161330668765475,0.0,0.0
68,Device,Conv2DBackpropFilter,gradient_tape/inception_v3/conv2d_44/Conv2D/Conv2DBackpropFilter,2,257.44,128.72,257.44,128.72,0.0018694169558354456,0.5180024838323829,0.0,0.0
69,Device,Conv2DBackpropFilter,gradient_tape/inception_v3/conv2d_51/Conv2D/Conv2DBackpropFilter,2,257.44,128.72,257.44,128.72,0.0018694169558354456,0.5198719007882183,0.0,0.0
70,Device,Conv2DBackpropFilter,gradient_tape/inception_v3/conv2d_69/Conv2D/Conv2DBackpropFilter,2,257.408,128.704,257.408,128.704,0.0018691845857974302,0.5217410853740158,0.0,0.0
71,Device,Conv2DBackpropFilter,gradient_tape/inception_v3/conv2d_61/Conv2D/Conv2DBackpropFilter,2,257.057,128.5285,257.057,128.5285,0.0018666357769429466,0.5236077211509587,0.0,0.0
72,Device,Conv2DBackpropFilter,gradient_tape/inception_v3/conv2d_41/Conv2D/Conv2DBackpropFilter,2,257.025,128.5125,257.025,128.5125,0.0018664034069049307,0.5254741245578636,0.0,0.0
73,Device,Conv2DBackpropFilter,gradient_tape/inception_v3/conv2d_70/Conv2D/Conv2DBackpropFilter,2,256.896,128.448,256.896,128.448,0.0018654666651891807,0.5273395912230527,0.0,0.0
74,Device,Conv2DBackpropFilter,gradient_tape/inception_v3/conv2d_54/Conv2D/Conv2DBackpropFilter,2,256.672,128.336,256.672,128.336,0.0018638400749230715,0.5292034312979758,0.0,0.0
75,Device,Conv2DBackpropFilter,gradient_tape/inception_v3/conv2d_64/Conv2D/Conv2DBackpropFilter,2,255.68,127.84,255.68,127.84,0.001856636603744588,0.5310600679017203,0.0,0.0
76,Device,Conv2DBackpropFilter,gradient_tape/inception_v3/conv2d_60/Conv2D/Conv2DBackpropFilter,2,255.585,127.7925,255.585,127.7925,0.0018559467551942292,0.5329160146569145,0.0,0.0
77,Device,AddN,SGD/gradients/AddN_11,2,255.393,127.6965,255.393,127.6965,0.0018545525349661356,0.5347705671918807,0.0,0.0
78,Device,Conv2DBackpropFilter,gradient_tape/inception_v3/conv2d_72/Conv2D/Conv2DBackpropFilter,2,255.265,127.6325,255.265,127.6325,0.0018536230548140732,0.5366241902466947,0.0,0.0
79,Device,Conv2DBackpropInput,gradient_tape/inception_v3/conv2d_86/Conv2D/Conv2DBackpropInput,2,253.665,126.8325,253.665,126.8325,0.0018420045529132937,0.538466194799608,0.0,0.0
80,Device,Conv2DBackpropFilter,gradient_tape/inception_v3/conv2d_49/Conv2D/Conv2DBackpropFilter,2,251.52,125.76,251.52,125.76,0.001826428498802561,0.5402926232984105,0.0,0.0
81,Device,Conv2DBackpropFilter,gradient_tape/inception_v3/conv2d_39/Conv2D/Conv2DBackpropFilter,2,251.265,125.6325,251.265,125.6325,0.001824576800062124,0.5421172000984726,0.0,0.0
82,Device,Conv2DBackpropFilter,gradient_tape/inception_v3/conv2d_59/Conv2D/Conv2DBackpropFilter,2,250.754,125.377,250.754,125.377,0.0018208661410175626,0.5439380662394901,0.0,0.0
83,Device,Conv2DBackpropFilter,gradient_tape/inception_v3/conv2d_50/Conv2D/Conv2DBackpropFilter,2,250.464,125.232,250.464,125.232,0.0018187602875480463,0.5457568265270382,0.0,0.0
84,Device,Conv2DBackpropFilter,gradient_tape/inception_v3/conv2d_40/Conv2D/Conv2DBackpropFilter,2,249.985,124.9925,249.985,124.9925,0.0018152819985415005,0.5475721085255797,0.0,0.0
85,Device,Conv2DBackpropFilter,gradient_tape/inception_v3/conv2d_30/Conv2D/Conv2DBackpropFilter,2,249.952,124.976,249.952,124.976,0.001815042366939797,0.5493871508925194,0.0,0.0
86,Device,Conv2D,inception_v3/conv2d/Conv2D,2,248.962,124.481,248.962,124.481,0.0018078534188886895,0.5511950043114081,0.0,0.0
87,Device,Conv2DBackpropInput,gradient_tape/inception_v3/conv2d_7/Conv2D/Conv2DBackpropInput,4,248.896,62.224,248.896,62.224,0.0018073741556852822,0.5530023784670934,0.0,0.0
88,Device,Conv2DBackpropInput,gradient_tape/inception_v3/conv2d_21/Conv2D/Conv2DBackpropInput,4,247.712,61.928,247.712,61.928,0.0017987764642787053,0.5548011549313722,0.0,0.0
89,Device,Conv2DBackpropInput,gradient_tape/inception_v3/conv2d_14/Conv2D/Conv2DBackpropInput,4,247.617,61.90425,247.617,61.90425,0.0017980866157283465,0.5565992415471005,0.0,0.0
90,Device,ReluGrad,gradient_tape/inception_v3/activation_3/ReluGrad,2,245.857,122.9285,245.857,122.9285,0.001785306263637489,0.558384547810738,0.0,0.0
91,Device,AvgPoolGrad,gradient_tape/inception_v3/average_pooling2d_1/AvgPoolGrad,2,245.249,122.6245,245.249,122.6245,0.0017808912329151927,0.5601654390436531,0.0,0.0
92,Device,Conv2D,inception_v3/conv2d_80/Conv2D,4,240.96,60.24,240.96,60.24,0.0017497463862574153,0.5619151854299106,0.0,0.0
93,Device,MaxPool,inception_v3/max_pooling2d_1/MaxPool,2,236.928,118.464,236.928,118.464,0.0017204677614674506,0.5636356531913781,0.0,0.0
94,Device,AvgPool,inception_v3/average_pooling2d_2/AvgPool,2,236.256,118.128,236.256,118.128,0.001715587990669123,0.5653512411820473,0.0,0.0
95,Device,Conv2D,inception_v3/conv2d_93/Conv2D,4,233.248,58.312,233.248,58.312,0.0016937452070956572,0.5670449863891429,0.0,0.0
96,Device,Conv2D,inception_v3/conv2d_39/Conv2D,4,232.577,58.14425,232.577,58.14425,0.0016888726978610178,0.5687338590870039,0.0,0.0
97,Device,Conv2D,inception_v3/conv2d_30/Conv2D,4,232.128,58.032,232.128,58.032,0.0016856122557651115,0.570419471342769,0.0,0.0
98,Device,Conv2D,inception_v3/conv2d_40/Conv2D,4,228.864,57.216,228.864,57.216,0.001661910511887521,0.5720813818546566,0.0,0.0
99,Device,Conv2D,inception_v3/conv2d_60/Conv2D,4,228.162,57.0405,228.162,57.0405,0.001656812894178554,0.5737381947488351,0.0,0.0
100,Device,Conv2D,inception_v3/conv2d_70/Conv2D,4,228.032,57.008,228.032,57.008,0.0016558688908991158,0.5753940636397342,0.0,0.0
101,Device,SoftmaxCrossEntropyWithLogits,categorical_crossentropy/softmax_cross_entropy_with_logits,2,227.968,113.984,227.968,113.984,0.0016554041508230844,0.5770494677905573,0.0,0.0
102,Device,Conv2D,inception_v3/conv2d_50/Conv2D,4,226.944,56.736,226.944,56.736,0.0016479683096065855,0.5786974361001639,0.0,0.0
103,Device,Conv2DBackpropFilter,gradient_tape/inception_v3/conv2d_27/Conv2D/Conv2DBackpropFilter,2,224.321,112.1605,224.321,112.1605,0.0016289212280529949,0.5803263573282169,0.0,0.0
104,Device,Conv2DBackpropFilter,gradient_tape/inception_v3/conv2d_63/Conv2D/Conv2DBackpropFilter,4,224.065,56.01625,224.065,56.01625,0.00162706226774887,0.5819534195959658,0.0,0.0
105,Device,Conv2DBackpropFilter,gradient_tape/inception_v3/conv2d_19/Conv2D/Conv2DBackpropFilter,2,223.585,111.7925,223.585,111.7925,0.0016235767171786362,0.5835769963131444,0.0,0.0
106,Device,Conv2D,inception_v3/conv2d_69/Conv2D,4,223.392,55.848,223.392,55.848,0.0016221752353868545,0.5851991715485313,0.0,0.0
107,Device,Conv2DBackpropFilter,gradient_tape/inception_v3/conv2d_74/Conv2D/Conv2DBackpropFilter,4,223.137,55.78425,223.137,55.78425,0.001620323536646418,0.5868194950851777,0.0,0.0
108,Device,Conv2D,inception_v3/conv2d_49/Conv2D,4,222.913,55.72825,222.913,55.72825,0.0016186969463803087,0.588438192031558,0.0,0.0
109,Device,Conv2DBackpropFilter,gradient_tape/inception_v3/conv2d_66/Conv2D/Conv2DBackpropFilter,4,222.816,55.704,222.816,55.704,0.0016179925747025741,0.5900561846062605,0.0,0.0
110,Device,Conv2DBackpropFilter,gradient_tape/inception_v3/conv2d_78/Conv2D/Conv2DBackpropFilter,4,222.72,55.68,222.72,55.68,0.0016172954645885273,0.5916734800708491,0.0,0.0
111,Device,Conv2DBackpropFilter,gradient_tape/inception_v3/conv2d_87/Conv2D/Conv2DBackpropFilter,4,222.561,55.64025,222.561,55.64025,0.0016161408759621373,0.5932896209468113,0.0,0.0
112,Device,Conv2DBackpropFilter,gradient_tape/inception_v3/conv2d_22/Conv2D/Conv2DBackpropFilter,2,222.368,111.184,222.368,111.184,0.0016147393941703557,0.5949043603409816,0.0,0.0
113,Device,Conv2DBackpropFilter,gradient_tape/inception_v3/conv2d_25/Conv2D/Conv2DBackpropFilter,2,222.24,111.12,222.24,111.12,0.0016138099140182935,0.5965181702549999,0.0,0.0
114,Device,Conv2DBackpropFilter,gradient_tape/inception_v3/conv2d_62/Conv2D/Conv2DBackpropFilter,4,221.729,55.43225,221.729,55.43225,0.0016100992549737318,0.5981282695099736,0.0,0.0
115,Device,Conv2D,inception_v3/conv2d_59/Conv2D,4,221.633,55.40825,221.633,55.40825,0.001609402144859685,0.5997376716548333,0.0,0.0
116,Device,Conv2DBackpropFilter,gradient_tape/inception_v3/conv2d_82/Conv2D/Conv2DBackpropFilter,4,221.568,55.392,221.568,55.392,0.001608930143219966,0.6013466017980532,0.0,0.0
117,Device,Conv2DBackpropFilter,gradient_tape/inception_v3/conv2d_67/Conv2D/Conv2DBackpropFilter,4,221.504,55.376,221.504,55.376,0.0016084654031439346,0.6029550672011972,0.0,0.0
118,Device,Conv2DBackpropFilter,gradient_tape/inception_v3/conv2d_68/Conv2D/Conv2DBackpropFilter,4,220.672,55.168,220.672,55.168,0.0016024237821555293,0.6045574909833528,0.0,0.0
119,Device,Conv2DBackpropFilter,gradient_tape/inception_v3/conv2d_88/Conv2D/Conv2DBackpropFilter,4,219.648,54.912,219.648,54.912,0.0015949879409390302,0.6061524789242918,0.0,0.0
120,Device,Conv2DBackpropFilter,gradient_tape/inception_v3/conv2d_92/Conv2D/Conv2DBackpropFilter,4,219.648,54.912,219.648,54.912,0.0015949879409390302,0.6077474668652308,0.0,0.0
121,Device,Conv2DBackpropFilter,gradient_tape/inception_v3/conv2d_79/Conv2D/Conv2DBackpropFilter,4,219.552,54.888,219.552,54.888,0.0015942908308249834,0.6093417576960558,0.0,0.0
122,Device,Conv2DBackpropFilter,gradient_tape/inception_v3/conv2d_83/Conv2D/Conv2DBackpropFilter,4,218.593,54.64825,218.593,54.64825,0.0015873269912482035,0.610929084687304,0.0,0.0
123,Device,Conv2D,inception_v3/conv2d_72/Conv2D,4,218.464,54.616,218.464,54.616,0.0015863902495324533,0.6125154749368364,0.0,0.0
124,Device,Conv2DBackpropFilter,gradient_tape/inception_v3/conv2d_91/Conv2D/Conv2DBackpropFilter,4,218.368,54.592,218.368,54.592,0.0015856931394184065,0.6141011680762548,0.0,0.0
125,Device,Conv2DBackpropInput,gradient_tape/inception_v3/conv2d_85/Conv2D/Conv2DBackpropInput,2,218.273,109.1365,218.273,109.1365,0.0015850032908680477,0.6156861713671229,0.0,0.0
126,Device,Conv2D,inception_v3/conv2d_64/Conv2D,4,217.12,54.28,217.12,54.28,0.0015766307079357984,0.6172628020750587,0.0,0.0
127,Device,Conv2DBackpropFilter,gradient_tape/inception_v3/conv2d_65/Conv2D/Conv2DBackpropFilter,4,216.928,54.232,216.928,54.232,0.0015752364877077048,0.6188380385627664,0.0,0.0
128,Device,Conv2D,inception_v3/conv2d_61/Conv2D,4,216.832,54.208,216.832,54.208,0.001574539377593658,0.6204125779403601,0.0,0.0
129,Device,Conv2DBackpropFilter,gradient_tape/inception_v3/conv2d_73/Conv2D/Conv2DBackpropFilter,4,216.641,54.16025,216.641,54.16025,0.0015731524189292524,0.6219857303592894,0.0,0.0
130,Device,Conv2DBackpropInput,gradient_tape/inception_v3/conv2d_71/Conv2D/Conv2DBackpropInput,2,215.68,107.84,215.68,107.84,0.0015661740562250969,0.6235519044155144,0.0,0.0
131,Device,Conv2DBackpropFilter,gradient_tape/inception_v3/conv2d_93/Conv2D/Conv2DBackpropFilter,2,214.752,107.376,214.752,107.376,0.0015594353251226446,0.625111339740637,0.0,0.0
132,Device,AddN,SGD/gradients/AddN_14,2,213.953,106.9765,213.953,106.9765,0.0015536333357359427,0.626664973076373,0.0,0.0
133,Device,Conv2DBackpropFilter,gradient_tape/inception_v3/conv2d_20/Conv2D/Conv2DBackpropFilter,2,213.344,106.672,213.344,106.672,0.0015492110434499585,0.628214184119823,0.0,0.0
134,Device,Conv2D,inception_v3/conv2d_51/Conv2D,4,212.416,53.104,212.416,53.104,0.0015424723123475062,0.6297566564321705,0.0,0.0
135,Device,Conv2D,inception_v3/conv2d_23/Conv2D,4,212.385,53.09625,212.385,53.09625,0.0015422472038731786,0.6312989036360437,0.0,0.0
136,Device,Conv2D,inception_v3/conv2d_9/Conv2D,4,212.16,53.04,212.16,53.04,0.0015406133520433816,0.632839516988087,0.0,0.0
137,Device,Conv2D,inception_v3/conv2d_41/Conv2D,4,212.096,53.024,212.096,53.024,0.0015401486119673504,0.6343796656000544,0.0,0.0
138,Device,Conv2D,inception_v3/conv2d_16/Conv2D,4,211.232,52.808,211.232,52.808,0.0015338746209409293,0.6359135402209953,0.0,0.0
139,Device,Conv2D,inception_v3/conv2d_54/Conv2D,4,210.56,52.64,210.56,52.64,0.0015289948501426018,0.6374425350711379,0.0,0.0
140,Device,Conv2D,inception_v3/conv2d_44/Conv2D,4,210.24,52.56,210.24,52.56,0.001526671149762446,0.6389692062209004,0.0,0.0
141,Device,Conv2DBackpropInput,gradient_tape/inception_v3/conv2d_3/Conv2D/Conv2DBackpropInput,2,207.648,103.824,207.648,103.824,0.001507849176683183,0.6404770553975836,0.0,0.0
142,Device,AvgPool,inception_v3/average_pooling2d_1/AvgPool,2,206.496,103.248,206.496,103.248,0.0014994838553146217,0.6419765392528982,0.0,0.0
143,Device,Conv2DBackpropInput,gradient_tape/inception_v3/conv2d_72/Conv2D/Conv2DBackpropInput,2,206.368,103.184,206.368,103.184,0.0014985543751625593,0.6434750936280608,0.0,0.0
144,Device,Conv2DBackpropInput,gradient_tape/inception_v3/conv2d_61/Conv2D/Conv2DBackpropInput,2,205.025,102.5125,205.025,102.5125,0.0014888020951295924,0.6449638957231904,0.0,0.0
145,Device,Conv2DBackpropInput,gradient_tape/inception_v3/conv2d_74/Conv2D/Conv2DBackpropInput,4,204.0,51.0,204.0,51.0,0.0014813589923494052,0.6464452547155397,0.0,0.0
146,Device,Conv2DBackpropInput,gradient_tape/inception_v3/conv2d_60/Conv2D/Conv2DBackpropInput,2,203.936,101.968,203.936,101.968,0.0014808942522733742,0.6479261489678131,0.0,0.0
147,Device,Conv2D,inception_v3/conv2d_77/Conv2D,2,203.808,101.904,203.808,101.904,0.0014799647721213116,0.6494061137399344,0.0,0.0
148,Device,Conv2DBackpropFilter,gradient_tape/inception_v3/conv2d_53/Conv2D/Conv2DBackpropFilter,4,203.584,50.896,203.584,50.896,0.0014783381818552026,0.6508844519217896,0.0,0.0
149,Device,Conv2DBackpropInput,gradient_tape/inception_v3/conv2d_63/Conv2D/Conv2DBackpropInput,4,203.36,50.84,203.36,50.84,0.0014767115915890936,0.6523611635133787,0.0,0.0
150,Device,Conv2DBackpropInput,gradient_tape/inception_v3/conv2d_69/Conv2D/Conv2DBackpropInput,2,203.296,101.648,203.296,101.648,0.0014762468515130622,0.6538374103648917,0.0,0.0
151,Device,Conv2DBackpropInput,gradient_tape/inception_v3/conv2d_49/Conv2D/Conv2DBackpropInput,2,203.104,101.552,203.104,101.552,0.0014748526312849688,0.6553122629961767,0.0,0.0
152,Device,Conv2D,inception_v3/conv2d_73/Conv2D,4,203.073,50.76825,203.073,50.76825,0.0014746275228106412,0.6567868905189874,0.0,0.0
153,Device,Conv2DBackpropInput,gradient_tape/inception_v3/conv2d_66/Conv2D/Conv2DBackpropInput,4,202.848,50.712,202.848,50.712,0.0014729936709808442,0.6582598841899683,0.0,0.0
154,Device,Conv2DBackpropInput,gradient_tape/inception_v3/conv2d_62/Conv2D/Conv2DBackpropInput,4,202.752,50.688,202.752,50.688,0.0014722965608667973,0.6597321807508351,0.0,0.0
155,Device,Conv2DBackpropInput,gradient_tape/inception_v3/conv2d_70/Conv2D/Conv2DBackpropInput,2,202.624,101.312,202.624,101.312,0.0014713670807147347,0.6612035478315498,0.0,0.0
156,Device,Conv2DBackpropInput,gradient_tape/inception_v3/conv2d_64/Conv2D/Conv2DBackpropInput,2,201.952,100.976,201.952,100.976,0.0014664873099164072,0.6626700351414662,0.0,0.0
157,Device,Conv2D,inception_v3/conv2d_62/Conv2D,4,201.601,50.40025,201.601,50.40025,0.0014639385010619239,0.6641339736425281,0.0,0.0
158,Device,Conv2D,inception_v3/conv2d_65/Conv2D,4,201.536,50.384,201.536,50.384,0.0014634664994222046,0.6655974401419503,0.0,0.0
159,Device,Conv2DBackpropInput,gradient_tape/inception_v3/conv2d_68/Conv2D/Conv2DBackpropInput,4,201.056,50.264,201.056,50.264,0.0014599809488519708,0.6670574210908023,0.0,0.0
160,Device,AddN,SGD/gradients/AddN_8,2,200.961,100.4805,200.961,100.4805,0.001459291100301612,0.668516712191104,0.0,0.0
161,Device,Conv2DBackpropInput,gradient_tape/inception_v3/conv2d_67/Conv2D/Conv2DBackpropInput,4,200.864,50.216,200.864,50.216,0.0014585867286238772,0.6699752989197278,0.0,0.0
162,Device,Conv2DBackpropInput,gradient_tape/inception_v3/conv2d_65/Conv2D/Conv2DBackpropInput,4,200.801,50.20025,200.801,50.20025,0.001458129250111534,0.6714334281698394,0.0,0.0
163,Device,AddN,SGD/gradients/AddN_9,2,200.544,100.272,200.544,100.272,0.0014562630282437213,0.6728896911980832,0.0,0.0
164,Device,Conv2DBackpropInput,gradient_tape/inception_v3/conv2d_73/Conv2D/Conv2DBackpropInput,4,200.384,50.096,200.384,50.096,0.001455101178053643,0.6743447923761369,0.0,0.0
165,Device,AddN,SGD/gradients/AddN_7,2,200.352,100.176,200.352,100.176,0.0014548688080156277,0.6757996611841525,0.0,0.0
166,Device,Conv2DBackpropFilter,gradient_tape/inception_v3/conv2d_43/Conv2D/Conv2DBackpropFilter,4,200.352,50.088,200.352,50.088,0.0014548688080156277,0.6772545299921681,0.0,0.0
167,Device,Conv2D,inception_v3/conv2d_66/Conv2D,4,200.225,50.05625,200.225,50.05625,0.0014539465894272533,0.6787084765815953,0.0,0.0
168,Device,Conv2DBackpropInput,gradient_tape/inception_v3/conv2d_39/Conv2D/Conv2DBackpropInput,2,200.224,100.112,200.224,100.112,0.0014539393278635653,0.6801624159094588,0.0,0.0
169,Device,AddN,SGD/gradients/AddN_10,2,200.096,100.048,200.096,100.048,0.0014530098477115029,0.6816154257571703,0.0,0.0
170,Device,Conv2DBackpropInput,gradient_tape/inception_v3/conv2d_59/Conv2D/Conv2DBackpropInput,2,200.096,100.048,200.096,100.048,0.0014530098477115029,0.6830684356048817,0.0,0.0
171,Device,Conv2DBackpropFilter,gradient_tape/inception_v3/conv2d_48/Conv2D/Conv2DBackpropFilter,4,199.968,49.992,199.968,49.992,0.0014520803675594405,0.6845205159724411,0.0,0.0
172,Device,Conv2DBackpropFilter,gradient_tape/inception_v3/conv2d_58/Conv2D/Conv2DBackpropFilter,4,199.489,49.87225,199.489,49.87225,0.0014486020785528947,0.685969118050994,0.0,0.0
173,Device,Conv2DBackpropInput,gradient_tape/inception_v3/conv2d_16/Conv2D/Conv2DBackpropInput,2,199.36,99.68,199.36,99.68,0.0014476653368371444,0.6874167833878312,0.0,0.0
174,Device,Conv2DBackpropInput,gradient_tape/inception_v3/conv2d_23/Conv2D/Conv2DBackpropInput,2,199.137,99.5685,199.137,99.5685,0.0014460460081347232,0.6888628293959659,0.0,0.0
175,Device,Conv2DBackpropInput,gradient_tape/inception_v3/conv2d_28/Conv2D/Conv2DBackpropInput,2,199.136,99.568,199.136,99.568,0.0014460387465710352,0.6903088681425369,0.0,0.0
176,Device,Conv2DBackpropInput,gradient_tape/inception_v3/conv2d_9/Conv2D/Conv2DBackpropInput,2,198.528,99.264,198.528,99.264,0.001441623715848739,0.6917504918583857,0.0,0.0
177,Device,Conv2D,inception_v3/conv2d_63/Conv2D,4,197.825,49.45625,197.825,49.45625,0.0014365188365760837,0.6931870106949617,0.0,0.0
178,Device,Conv2DBackpropInput,gradient_tape/inception_v3/conv2d_50/Conv2D/Conv2DBackpropInput,2,197.824,98.912,197.824,98.912,0.001436511575012396,0.694623522269974,0.0,0.0
179,Device,Conv2DBackpropInput,gradient_tape/inception_v3/conv2d_30/Conv2D/Conv2DBackpropInput,2,197.408,98.704,197.408,98.704,0.001433490764518193,0.6960570130344922,0.0,0.0
180,Device,Conv2DBackpropInput,gradient_tape/inception_v3/conv2d_40/Conv2D/Conv2DBackpropInput,2,196.993,98.4965,196.993,98.4965,0.0014304772155876784,0.6974874902500798,0.0,0.0
181,Device,Conv2D,inception_v3/conv2d_28/Conv2D,4,196.513,49.12825,196.513,49.12825,0.0014269916650174446,0.6989144819150973,0.0,0.0
182,Device,Conv2DBackpropFilter,gradient_tape/inception_v3/conv2d_46/Conv2D/Conv2DBackpropFilter,4,196.288,49.072,196.288,49.072,0.0014253578131876476,0.700339839728285,0.0,0.0
183,Device,Conv2DBackpropFilter,gradient_tape/inception_v3/conv2d_56/Conv2D/Conv2DBackpropFilter,4,195.297,48.82425,195.297,48.82425,0.0014181616035728519,0.7017580013318578,0.0,0.0
184,Device,Conv2DBackpropFilter,gradient_tape/inception_v3/conv2d_52/Conv2D/Conv2DBackpropFilter,4,194.88,48.72,194.88,48.72,0.0014151335315149612,0.7031731348633729,0.0,0.0
185,Device,Conv2DBackpropFilter,gradient_tape/inception_v3/conv2d_42/Conv2D/Conv2DBackpropFilter,4,194.336,48.584,194.336,48.584,0.0014111832408686964,0.7045843181042415,0.0,0.0
186,Device,Conv2DBackpropFilter,gradient_tape/inception_v3/conv2d_47/Conv2D/Conv2DBackpropFilter,4,194.016,48.504,194.016,48.504,0.0014088595404885401,0.70599317764473,0.0,0.0
187,Device,Conv2DBackpropFilter,gradient_tape/inception_v3/conv2d_57/Conv2D/Conv2DBackpropFilter,4,193.922,48.4805,193.922,48.4805,0.0014081769535018694,0.7074013545982318,0.0,0.0
188,Device,Conv2D,inception_v3/conv2d_74/Conv2D,4,193.568,48.392,193.568,48.392,0.0014056063599563221,0.7088069609581882,0.0,0.0
189,Device,Conv2D,inception_v3/conv2d_67/Conv2D,4,193.344,48.336,193.344,48.336,0.001403979769690213,0.7102109407278784,0.0,0.0
190,Device,Conv2D,inception_v3/conv2d_76/Conv2D,4,192.832,48.208,192.832,48.208,0.0014002618490819632,0.7116112025769603,0.0,0.0
191,Device,AvgPoolGrad,gradient_tape/inception_v3/average_pooling2d_6/AvgPoolGrad,2,192.352,96.176,192.352,96.176,0.0013967762985117294,0.7130079788754721,0.0,0.0
192,Device,Conv2DBackpropInput,gradient_tape/inception_v3/conv2d_80/Conv2D/Conv2DBackpropInput,2,191.872,95.936,191.872,95.936,0.0013932907479414956,0.7144012696234135,0.0,0.0
193,Device,Conv2D,inception_v3/conv2d_21/Conv2D,4,191.296,47.824,191.296,47.824,0.001389108087257215,0.7157903777106708,0.0,0.0
194,Device,Conv2DBackpropFilter,gradient_tape/inception_v3/conv2d_12/Conv2D/Conv2DBackpropFilter,2,190.848,95.424,190.848,95.424,0.0013858549067249967,0.7171762326173958,0.0,0.0
195,Device,Conv2D,inception_v3/conv2d_68/Conv2D,4,190.816,47.704,190.816,47.704,0.001385622536686981,0.7185618551540828,0.0,0.0
196,Device,Conv2D,inception_v3/conv2d_7/Conv2D,4,190.625,47.65625,190.625,47.65625,0.0013842355780225755,0.7199460907321054,0.0,0.0
197,Device,Conv2DBackpropFilter,gradient_tape/inception_v3/conv2d_18/Conv2D/Conv2DBackpropFilter,2,190.528,95.264,190.528,95.264,0.0013835312063448406,0.7213296219384502,0.0,0.0
198,Device,Conv2DBackpropFilter,gradient_tape/inception_v3/conv2d_55/Conv2D/Conv2DBackpropFilter,4,190.464,47.616,190.464,47.616,0.0013830664662688094,0.722712688404719,0.0,0.0
199,Device,Conv2DBackpropInput,gradient_tape/inception_v3/conv2d_58/Conv2D/Conv2DBackpropInput,4,189.792,47.448,189.792,47.448,0.001378186695470482,0.7240908751001895,0.0,0.0
200,Device,Conv2D,inception_v3/conv2d_14/Conv2D,4,189.792,47.448,189.792,47.448,0.001378186695470482,0.7254690617956601,0.0,0.0
201,Device,Conv2DBackpropFilter,gradient_tape/inception_v3/conv2d_45/Conv2D/Conv2DBackpropFilter,4,189.729,47.43225,189.729,47.43225,0.001377729216958139,0.7268467910126182,0.0,0.0
202,Device,Conv2DBackpropInput,gradient_tape/inception_v3/conv2d_53/Conv2D/Conv2DBackpropInput,4,189.408,47.352,189.408,47.352,0.0013753982550142947,0.7282221892676325,0.0,0.0
203,Device,Conv2DBackpropFilter,gradient_tape/inception_v3/conv2d_15/Conv2D/Conv2DBackpropFilter,2,188.288,94.144,188.288,94.144,0.0013672653036837493,0.7295894545713162,0.0,0.0
204,Device,Conv2DBackpropInput,gradient_tape/inception_v3/conv2d_43/Conv2D/Conv2DBackpropInput,4,188.032,47.008,188.032,47.008,0.0013654063433796244,0.7309548609146959,0.0,0.0
205,Device,AvgPoolGrad,gradient_tape/inception_v3/average_pooling2d_3/AvgPoolGrad,2,187.968,93.984,187.968,93.984,0.0013649416033035932,0.7323198025179994,0.0,0.0
206,Device,Conv2DBackpropInput,gradient_tape/inception_v3/conv2d_48/Conv2D/Conv2DBackpropInput,4,187.488,46.872,187.488,46.872,0.0013614560527333594,0.7336812585707329,0.0,0.0
207,Device,AvgPoolGrad,gradient_tape/inception_v3/average_pooling2d/AvgPoolGrad,2,186.432,93.216,186.432,93.216,0.0013537878414788447,0.7350350464122117,0.0,0.0
208,Device,AvgPoolGrad,gradient_tape/inception_v3/average_pooling2d_4/AvgPoolGrad,2,185.888,92.944,185.888,92.944,0.0013498375508325796,0.7363848839630444,0.0,0.0
209,Device,AvgPoolGrad,gradient_tape/inception_v3/average_pooling2d_5/AvgPoolGrad,2,185.44,92.72,185.44,92.72,0.0013465843703003614,0.7377314683333447,0.0,0.0
210,Device,Conv2DBackpropInput,gradient_tape/inception_v3/conv2d_22/Conv2D/Conv2DBackpropInput,2,183.904,91.952,183.904,91.952,0.0013354306084756129,0.7390668989418203,0.0,0.0
211,Device,Conv2DBackpropFilter,gradient_tape/inception_v3/conv2d_13/Conv2D/Conv2DBackpropFilter,2,183.456,91.728,183.456,91.728,0.0013321774279433946,0.7403990763697638,0.0,0.0
212,Device,ArgMax,ArgMax,2,183.424,91.712,183.424,91.712,0.001331945057905379,0.7417310214276691,0.0,0.0
213,Device,Conv2DBackpropInput,gradient_tape/inception_v3/conv2d_27/Conv2D/Conv2DBackpropInput,2,182.592,91.296,182.592,91.296,0.0013259034369169738,0.7430569248645861,0.0,0.0
214,Device,Conv2DBackpropInput,gradient_tape/inception_v3/conv2d_19/Conv2D/Conv2DBackpropInput,2,181.76,90.88,181.76,90.88,0.001319861815928568,0.7443767866805147,0.0,0.0
215,Device,Conv2D,inception_v3/conv2d_31/Conv2D,2,181.249,90.6245,181.249,90.6245,0.0013161511568840067,0.7456929378373987,0.0,0.0
216,Device,Conv2DBackpropInput,gradient_tape/inception_v3/conv2d_54/Conv2D/Conv2DBackpropInput,2,179.745,89.8725,179.745,89.8725,0.001305229765097274,0.7469981676024959,0.0,0.0
217,Device,Conv2D,inception_v3/conv2d_34/Conv2D,2,179.52,89.76,179.52,89.76,0.0013035959132674767,0.7483017635157634,0.0,0.0
218,Device,Conv2DBackpropInput,gradient_tape/inception_v3/conv2d_41/Conv2D/Conv2DBackpropInput,2,179.232,89.616,179.232,89.616,0.0013015045829253362,0.7496032680986887,0.0,0.0
219,Device,Conv2DBackpropInput,gradient_tape/inception_v3/conv2d_51/Conv2D/Conv2DBackpropInput,2,179.232,89.616,179.232,89.616,0.0013015045829253362,0.750904772681614,0.0,0.0
220,Device,Conv2DBackpropInput,gradient_tape/inception_v3/conv2d_44/Conv2D/Conv2DBackpropInput,2,178.432,89.216,178.432,89.216,0.0012956953319749464,0.752200468013589,0.0,0.0
221,Device,Conv2DBackpropFilter,gradient_tape/inception_v3/conv2d_31/Conv2D/Conv2DBackpropFilter,2,177.664,88.832,177.664,88.832,0.001290118451062572,0.7534905864646515,0.0,0.0
222,Device,Conv2DBackpropFilter,gradient_tape/inception_v3/conv2d_34/Conv2D/Conv2DBackpropFilter,2,176.801,88.4005,176.801,88.4005,0.0012838517215998393,0.7547744381862513,0.0,0.0
223,Device,Conv2DBackpropInput,gradient_tape/inception_v3/conv2d_25/Conv2D/Conv2DBackpropInput,2,176.545,88.2725,176.545,88.2725,0.0012819927612957144,0.756056430947547,0.0,0.0
224,Device,Conv2DBackpropFilter,gradient_tape/inception_v3/conv2d_33/Conv2D/Conv2DBackpropFilter,4,175.36,43.84,175.36,43.84,0.0012733878083254497,0.7573298187558725,0.0,0.0
225,Device,Conv2DBackpropFilter,gradient_tape/inception_v3/conv2d_5/Conv2D/Conv2DBackpropFilter,2,172.416,86.208,172.416,86.208,0.001252009764828015,0.7585818285207004,0.0,0.0
226,Device,Conv2DBackpropInput,gradient_tape/inception_v3/conv2d_77/Conv2D/Conv2DBackpropInput,2,170.528,85.264,170.528,85.264,0.001238299932585095,0.7598201284532855,0.0,0.0
227,Device,Conv2DBackpropFilter,gradient_tape/inception_v3/conv2d_8/Conv2D/Conv2DBackpropFilter,2,169.312,84.656,169.312,84.656,0.0012294698711405026,0.761049598324426,0.0,0.0
228,Device,Conv2D,inception_v3/conv2d_52/Conv2D,4,168.704,42.176,168.704,42.176,0.0012250548404182063,0.7622746531648442,0.0,0.0
229,Device,Conv2DBackpropFilter,gradient_tape/inception_v3/conv2d_38/Conv2D/Conv2DBackpropFilter,4,168.577,42.14425,168.577,42.14425,0.001224132621829832,0.7634987857866741,0.0,0.0
230,Device,Conv2D,inception_v3/conv2d_42/Conv2D,4,167.84,41.96,167.84,41.96,0.0012187808493917852,0.7647175666360658,0.0,0.0
231,Device,Conv2D,inception_v3/conv2d_56/Conv2D,4,167.584,41.896,167.584,41.896,0.0012169218890876604,0.7659344885251534,0.0,0.0
232,Device,Conv2D,inception_v3/conv2d_45/Conv2D,4,167.136,41.784,167.136,41.784,0.0012136687085554422,0.7671481572337089,0.0,0.0
233,Device,Conv2DBackpropInput,gradient_tape/inception_v3/conv2d_57/Conv2D/Conv2DBackpropInput,4,166.912,41.728,166.912,41.728,0.0012120421182893332,0.7683601993519982,0.0,0.0
234,Device,Conv2DBackpropInput,gradient_tape/inception_v3/conv2d_47/Conv2D/Conv2DBackpropInput,4,166.368,41.592,166.368,41.592,0.001208091827643068,0.7695682911796412,0.0,0.0
235,Device,Conv2D,inception_v3/conv2d_46/Conv2D,4,166.368,41.592,166.368,41.592,0.001208091827643068,0.7707763830072842,0.0,0.0
236,Device,Conv2DBackpropInput,gradient_tape/inception_v3/conv2d_42/Conv2D/Conv2DBackpropInput,4,166.112,41.528,166.112,41.528,0.001206232867338943,0.7719826158746231,0.0,0.0
237,Device,Conv2D,inception_v3/conv2d_55/Conv2D,4,166.016,41.504,166.016,41.504,0.0012055357572248963,0.7731881516318481,0.0,0.0
238,Device,Conv2DBackpropInput,gradient_tape/inception_v3/conv2d_55/Conv2D/Conv2DBackpropInput,4,165.92,41.48,165.92,41.48,0.0012048386471108495,0.7743929902789589,0.0,0.0
239,Device,AvgPool,inception_v3/average_pooling2d_5/AvgPool,2,165.472,82.736,165.472,82.736,0.0012015854665786314,0.7755945757455376,0.0,0.0
240,Device,Conv2DBackpropInput,gradient_tape/inception_v3/conv2d_56/Conv2D/Conv2DBackpropInput,4,165.313,41.32825,165.313,41.32825,0.0012004308779522412,0.7767950066234899,0.0,0.0
241,Device,Conv2DBackpropInput,gradient_tape/inception_v3/conv2d_52/Conv2D/Conv2DBackpropInput,4,164.896,41.224,164.896,41.224,0.0011974028058943506,0.7779924094293842,0.0,0.0
242,Device,AvgPool,inception_v3/average_pooling2d_6/AvgPool,2,164.896,82.448,164.896,82.448,0.0011974028058943506,0.7791898122352785,0.0,0.0
243,Device,Conv2DBackpropInput,gradient_tape/inception_v3/conv2d_46/Conv2D/Conv2DBackpropInput,4,164.864,41.216,164.864,41.216,0.0011971704358563352,0.7803869826711348,0.0,0.0
244,Device,AvgPool,inception_v3/average_pooling2d_4/AvgPool,2,164.8,82.4,164.8,82.4,0.001196705695780304,0.7815836883669152,0.0,0.0
245,Device,Conv2D,inception_v3/conv2d_53/Conv2D,4,164.608,41.152,164.608,41.152,0.0011953114755522104,0.7827789998424673,0.0,0.0
246,Device,Conv2D,inception_v3/conv2d_43/Conv2D,4,164.256,41.064,164.256,41.064,0.0011927554051340387,0.7839717552476014,0.0,0.0
247,Device,Conv2D,inception_v3/conv2d_71/Conv2D,4,163.712,40.928,163.712,40.928,0.0011888051144877737,0.7851605603620893,0.0,0.0
248,Device,Conv2D,inception_v3/conv2d_48/Conv2D,4,163.649,40.91225,163.649,40.91225,0.0011883476359754305,0.7863489079980647,0.0,0.0
249,Device,Conv2DBackpropFilter,gradient_tape/inception_v3/conv2d_6/Conv2D/Conv2DBackpropFilter,2,163.36,81.68,163.36,81.68,0.0011862490440696022,0.7875351570421343,0.0,0.0
250,Device,Conv2DBackpropInput,gradient_tape/inception_v3/conv2d_45/Conv2D/Conv2DBackpropInput,4,162.976,40.744,162.976,40.744,0.001183460603613415,0.7887186176457477,0.0,0.0
251,Device,Conv2DBackpropInput,gradient_tape/inception_v3/conv2d_20/Conv2D/Conv2DBackpropInput,2,162.944,81.472,162.944,81.472,0.0011832282335753994,0.7899018458793231,0.0,0.0
252,Device,Relu,inception_v3/activation_3/Relu,2,162.816,81.408,162.816,81.408,0.0011822987534233372,0.7910841446327465,0.0,0.0
253,Device,AddN,SGD/gradients/AddN_6,2,161.504,80.752,161.504,80.752,0.0011727715818646977,0.7922569162146111,0.0,0.0
254,Device,Conv2D,inception_v3/conv2d_33/Conv2D,4,161.248,40.312,161.248,40.312,0.001170912621560573,0.7934278288361717,0.0,0.0
255,Device,Conv2DBackpropInput,gradient_tape/inception_v3/conv2d_29/Conv2D/Conv2DBackpropInput,2,161.056,80.528,161.056,80.528,0.0011695184013324797,0.7945973472375042,0.0,0.0
256,Device,Conv2D,inception_v3/conv2d_58/Conv2D,4,160.832,40.208,160.832,40.208,0.0011678918110663704,0.7957652390485705,0.0,0.0
257,Device,Conv2DBackpropInput,gradient_tape/inception_v3/conv2d_34/Conv2D/Conv2DBackpropInput,2,158.784,79.392,158.784,79.392,0.0011530201286333724,0.7969182591772039,0.0,0.0
258,Device,Conv2DBackpropInput,gradient_tape/inception_v3/conv2d_31/Conv2D/Conv2DBackpropInput,2,158.656,79.328,158.656,79.328,0.00115209064848131,0.7980703498256853,0.0,0.0
259,Device,Conv2D,inception_v3/conv2d_47/Conv2D,4,157.217,39.30425,157.217,39.30425,0.0011416412583342965,0.7992119910840195,0.0,0.0
260,Device,ConcatV2,inception_v3/mixed2/concat,8,156.961,19.620125,156.961,19.620125,0.0011397822980301717,0.8003517733820497,0.0,0.0
261,Device,Conv2D,inception_v3/conv2d_57/Conv2D,4,156.864,39.216,156.864,39.216,0.0011390779263524369,0.8014908513084021,0.0,0.0
262,Device,ConcatV2,inception_v3/mixed1/concat,8,156.257,19.532125,156.257,19.532125,0.0011346701571938286,0.802625521465596,0.0,0.0
263,Device,Conv2DBackpropFilter,gradient_tape/inception_v3/conv2d_71/Conv2D/Conv2DBackpropFilter,4,156.128,39.032,156.128,39.032,0.001133733415478078,0.803759254881074,0.0,0.0
264,Device,MaxPoolGrad,gradient_tape/inception_v3/max_pooling2d_2/MaxPool/MaxPoolGrad,2,155.072,77.536,155.072,77.536,0.0011260652042235637,0.8048853200852976,0.0,0.0
265,Device,AvgPool,inception_v3/average_pooling2d_3/AvgPool,2,154.24,77.12,154.24,77.12,0.0011200235832351582,0.8060053436685327,0.0,0.0
266,Device,Conv2DBackpropFilter,gradient_tape/inception_v3/conv2d_29/Conv2D/Conv2DBackpropFilter,2,153.089,76.5445,153.089,76.5445,0.0011116655234302848,0.807117009191963,0.0,0.0
267,Device,Conv2DBackpropFilter,gradient_tape/inception_v3/conv2d_89/Conv2D/Conv2DBackpropFilter,4,151.808,37.952,151.808,37.952,0.001102363460345973,0.808219372652309,0.0,0.0
268,Device,Conv2D,inception_v3/conv2d_84/Conv2D,4,151.585,37.89625,151.585,37.89625,0.001100744131643552,0.8093201167839525,0.0,0.0
269,Device,Conv2DBackpropInput,gradient_tape/inception_v3/conv2d_76/Conv2D/Conv2DBackpropInput,2,149.888,74.944,149.888,74.944,0.0010884212580650377,0.8104085380420176,0.0,0.0
270,Device,Conv2DBackpropFilter,gradient_tape/inception_v3/conv2d_11/Conv2D/Conv2DBackpropFilter,2,149.729,74.8645,149.729,74.8645,0.0010872666694386477,0.8114958047114563,0.0,0.0
271,Device,Conv2DBackpropFilter,gradient_tape/inception_v3/conv2d_86/Conv2D/Conv2DBackpropFilter,4,148.608,37.152,148.608,37.152,0.001079126456544414,0.8125749311680007,0.0,0.0
272,Device,Conv2DBackpropInput,gradient_tape/inception_v3/conv2d_93/Conv2D/Conv2DBackpropInput,2,146.688,73.344,146.688,73.344,0.0010651842542634782,0.8136401154222642,0.0,0.0
273,Device,Conv2DBackpropFilter,gradient_tape/inception_v3/conv2d_80/Conv2D/Conv2DBackpropFilter,4,146.048,36.512,146.048,36.512,0.0010605368535031665,0.8147006522757674,0.0,0.0
274,Device,Conv2DBackpropInput,gradient_tape/inception_v3/conv2d_75/Conv2D/Conv2DBackpropInput,2,145.344,72.672,145.344,72.672,0.0010554247126668232,0.8157560769884342,0.0,0.0
275,Device,Conv2DBackpropFilter,gradient_tape/inception_v3/conv2d_85/Conv2D/Conv2DBackpropFilter,4,144.64,36.16,144.64,36.16,0.0010503125718304802,0.8168063895602647,0.0,0.0
276,Device,Transpose,gradient_tape/inception_v3/conv2d/Conv2D/Conv2DBackpropFilter-0-TransposeNHWCToNCHW-LayoutOptimizer,2,143.712,71.856,143.712,71.856,0.001043573840728028,0.8178499634009928,0.0,0.0
277,Device,ConcatV2,inception_v3/mixed0/concat,8,143.008,17.876,143.008,17.876,0.001038461699891685,0.8188884251008844,0.0,0.0
278,Device,AvgPool,inception_v3/average_pooling2d/AvgPool,2,141.728,70.864,141.728,70.864,0.0010291668983710613,0.8199175919992555,0.0,0.0
279,Device,Conv2DBackpropInput,gradient_tape/inception_v3/conv2d_15/Conv2D/Conv2DBackpropInput,2,141.248,70.624,141.248,70.624,0.0010256813478008275,0.8209432733470563,0.0,0.0
280,Device,Conv2D,inception_v3/conv2d_38/Conv2D,4,141.121,35.28025,141.121,35.28025,0.001024759129212453,0.8219680324762687,0.0,0.0
281,Device,Conv2DBackpropInput,gradient_tape/inception_v3/conv2d_18/Conv2D/Conv2DBackpropInput,2,140.704,70.352,140.704,70.352,0.0010217310571545624,0.8229897635334232,0.0,0.0
282,Device,Conv2DBackpropInput,gradient_tape/inception_v3/conv2d_12/Conv2D/Conv2DBackpropInput,2,139.68,69.84,139.68,69.84,0.0010142952159380633,0.8240040587493613,0.0,0.0
283,Device,Conv2DBackpropFilter,gradient_tape/inception_v3/conv2d_77/Conv2D/Conv2DBackpropFilter,4,136.832,34.208,136.832,34.208,0.0009936142825546755,0.824997673031916,0.0,0.0
284,Device,Conv2DBackpropInput,gradient_tape/inception_v3/conv2d_33/Conv2D/Conv2DBackpropInput,4,135.745,33.93625,135.745,33.93625,0.0009857209628258334,0.8259833939947417,0.0,0.0
285,Device,Conv2DBackpropInput,gradient_tape/inception_v3/conv2d_38/Conv2D/Conv2DBackpropInput,4,135.456,33.864,135.456,33.864,0.000983622370920005,0.8269670163656617,0.0,0.0
286,Device,Conv2DBackpropFilter,gradient_tape/inception_v3/conv2d_75/Conv2D/Conv2DBackpropFilter,4,133.92,33.48,133.92,33.48,0.0009724686090952565,0.827939484974757,0.0,0.0
287,Device,Conv2DBackpropFilter,gradient_tape/inception_v3/conv2d_76/Conv2D/Conv2DBackpropFilter,4,133.696,33.424,133.696,33.424,0.0009708420188291475,0.8289103269935861,0.0,0.0
288,Device,Conv2DBackpropInput,gradient_tape/inception_v3/conv2d_78/Conv2D/Conv2DBackpropInput,4,131.137,32.78425,131.137,32.78425,0.000952259677351588,0.8298625866709377,0.0,0.0
289,Device,Conv2DBackpropInput,gradient_tape/inception_v3/conv2d_87/Conv2D/Conv2DBackpropInput,4,130.976,32.744,130.976,32.744,0.0009510905655978221,0.8308136772365355,0.0,0.0
290,Device,Conv2D,inception_v3/conv2d_75/Conv2D,4,130.464,32.616,130.464,32.616,0.0009473726449895726,0.8317610498815251,0.0,0.0
291,Device,Conv2DBackpropFilter,gradient_tape/inception_v3/conv2d_36/Conv2D/Conv2DBackpropFilter,4,129.984,32.496,129.984,32.496,0.0009438870944193388,0.8327049369759445,0.0,0.0
292,Device,Conv2DBackpropInput,gradient_tape/inception_v3/conv2d_13/Conv2D/Conv2DBackpropInput,2,129.921,64.9605,129.921,64.9605,0.0009434296159069955,0.8336483665918515,0.0,0.0
293,Device,Conv2DBackpropInput,gradient_tape/inception_v3/conv2d_91/Conv2D/Conv2DBackpropInput,4,129.217,32.30425,129.217,32.30425,0.0009383174750706526,0.8345866840669222,0.0,0.0
294,Device,Conv2DBackpropInput,gradient_tape/inception_v3/conv2d_83/Conv2D/Conv2DBackpropInput,4,128.736,32.184,128.736,32.184,0.0009348246629367305,0.8355215087298589,0.0,0.0
295,Device,Conv2DBackpropInput,gradient_tape/inception_v3/conv2d_82/Conv2D/Conv2DBackpropInput,4,128.48,32.12,128.48,32.12,0.0009329657026326058,0.8364544744324914,0.0,0.0
296,Device,Conv2DBackpropInput,gradient_tape/inception_v3/conv2d_92/Conv2D/Conv2DBackpropInput,4,128.48,32.12,128.48,32.12,0.0009329657026326058,0.837387440135124,0.0,0.0
297,Device,Conv2DBackpropInput,gradient_tape/inception_v3/conv2d_88/Conv2D/Conv2DBackpropInput,4,128.161,32.04025,128.161,32.04025,0.000930649263816138,0.8383180893989401,0.0,0.0
298,Device,Conv2DBackpropFilter,gradient_tape/inception_v3/conv2d_32/Conv2D/Conv2DBackpropFilter,4,128.096,32.024,128.096,32.024,0.0009301772621764187,0.8392482666611165,0.0,0.0
299,Device,Conv2D,inception_v3/conv2d_83/Conv2D,4,127.968,31.992,127.968,31.992,0.0009292477820243564,0.8401775144431409,0.0,0.0
300,Device,Conv2DBackpropInput,gradient_tape/inception_v3/conv2d_79/Conv2D/Conv2DBackpropInput,4,127.936,31.984,127.936,31.984,0.0009290154119863408,0.8411065298551272,0.0,0.0
301,Device,Conv2D,inception_v3/conv2d_88/Conv2D,4,127.488,31.872,127.488,31.872,0.0009257622314541225,0.8420322920865814,0.0,0.0
302,Device,Conv2D,inception_v3/conv2d_92/Conv2D,4,127.297,31.82425,127.297,31.82425,0.0009243752727897169,0.8429566673593711,0.0,0.0
303,Device,MaxPoolGrad,gradient_tape/inception_v3/max_pooling2d_3/MaxPool/MaxPoolGrad,2,127.233,63.6165,127.233,63.6165,0.0009239105327136858,0.8438805778920848,0.0,0.0
304,Device,ArgMax,ArgMax_1,2,127.104,63.552,127.104,63.552,0.0009229737909979353,0.8448035516830827,0.0,0.0
305,Device,Conv2D,inception_v3/conv2d_79/Conv2D,4,126.656,31.664,126.656,31.664,0.0009197206104657171,0.8457232722935485,0.0,0.0
306,Device,Conv2DBackpropFilter,gradient_tape/inception_v3/conv2d_37/Conv2D/Conv2DBackpropFilter,4,126.529,31.63225,126.529,31.63225,0.0009187983918773426,0.8466420706854259,0.0,0.0
307,Device,Conv2D,inception_v3/conv2d_29/Conv2D,4,125.312,31.328,125.312,31.328,0.0009099610688690622,0.8475520317542949,0.0,0.0
308,Device,Conv2D,inception_v3/conv2d_27/Conv2D,2,124.544,62.272,124.544,62.272,0.0009043841879566879,0.8484564159422516,0.0,0.0
309,Device,Conv2D,inception_v3/conv2d_78/Conv2D,4,124.448,31.112,124.448,31.112,0.0009036870778426411,0.8493601030200942,0.0,0.0
310,Device,Conv2D,inception_v3/conv2d_87/Conv2D,4,124.416,31.104,124.416,31.104,0.0009034547078046255,0.8502635577278989,0.0,0.0
311,Device,Conv2D,inception_v3/conv2d_19/Conv2D,2,124.384,62.192,124.384,62.192,0.00090322233776661,0.8511667800656655,0.0,0.0
312,Device,Conv2D,inception_v3/conv2d_25/Conv2D,2,124.032,62.016,124.032,62.016,0.0009006662673484384,0.8520674463330139,0.0,0.0
313,Device,Conv2D,inception_v3/conv2d_22/Conv2D,2,122.336,61.168,122.336,61.168,0.000888350655333612,0.8529557969883476,0.0,0.0
314,Device,Conv2D,inception_v3/conv2d_20/Conv2D,2,122.304,61.152,122.304,61.152,0.0008881182852955964,0.8538439152736431,0.0,0.0
315,Device,Conv2D,inception_v3/conv2d_82/Conv2D,4,122.304,30.576,122.304,30.576,0.0008881182852955964,0.8547320335589387,0.0,0.0
316,Device,Conv2D,inception_v3/conv2d_91/Conv2D,4,122.048,30.512,122.048,30.512,0.0008862593249914717,0.8556182928839301,0.0,0.0
317,Device,Conv2DBackpropInput,gradient_tape/inception_v3/conv2d_8/Conv2D/Conv2DBackpropInput,2,120.672,60.336,120.672,60.336,0.0008762674133568012,0.8564945602972869,0.0,0.0
318,Device,Conv2DBackpropFilter,gradient_tape/inception_v3/conv2d_35/Conv2D/Conv2DBackpropFilter,4,119.136,29.784,119.136,29.784,0.0008651136515320526,0.857359673948819,0.0,0.0
319,Device,Conv2DBackpropFilter,gradient_tape/inception_v3/conv2d_84/Conv2D/Conv2DBackpropFilter,4,118.176,29.544,118.176,29.544,0.000858142550391585,0.8582178164992106,0.0,0.0
320,Device,Conv2DBackpropInput,gradient_tape/inception_v3/conv2d_5/Conv2D/Conv2DBackpropInput,2,117.472,58.736,117.472,58.736,0.0008530304095552418,0.8590708469087658,0.0,0.0
321,Device,Conv2D,inception_v3/conv2d_12/Conv2D,2,114.4,57.2,114.4,57.2,0.000830722885905745,0.8599015697946716,0.0,0.0
322,Device,Conv2D,inception_v3/conv2d_18/Conv2D,2,113.664,56.832,113.664,56.832,0.0008253783750313864,0.860726948169703,0.0,0.0
323,Device,Conv2D,inception_v3/conv2d_13/Conv2D,2,112.801,56.4005,112.801,56.4005,0.0008191116455686533,0.8615460598152717,0.0,0.0
324,Device,Conv2D,inception_v3/conv2d_15/Conv2D,2,112.608,56.304,112.608,56.304,0.0008177101637768718,0.8623637699790485,0.0,0.0
325,Device,FusedBatchNormGradV3,gradient_tape/inception_v3/batch_normalization_24/FusedBatchNormGradV3,2,111.488,55.744,111.488,55.744,0.000809577212446326,0.8631733471914949,0.0,0.0
326,Device,Conv2DBackpropInput,gradient_tape/inception_v3/conv2d_6/Conv2D/Conv2DBackpropInput,2,110.88,55.44,110.88,55.44,0.0008051621817240297,0.8639785093732189,0.0,0.0
327,Device,FusedBatchNormGradV3,gradient_tape/inception_v3/batch_normalization_17/FusedBatchNormGradV3,2,110.528,55.264,110.528,55.264,0.0008026061113058583,0.8647811154845247,0.0,0.0
328,Device,FusedBatchNormGradV3,gradient_tape/inception_v3/batch_normalization_16/FusedBatchNormGradV3,2,110.176,55.088,110.176,55.088,0.0008000500408876866,0.8655811655254124,0.0,0.0
329,Device,FusedBatchNormGradV3,gradient_tape/inception_v3/batch_normalization_10/FusedBatchNormGradV3,2,110.112,55.056,110.112,55.056,0.0007995853008116554,0.8663807508262241,0.0,0.0
330,Device,FusedBatchNormGradV3,gradient_tape/inception_v3/batch_normalization_23/FusedBatchNormGradV3,2,109.888,54.944,109.888,54.944,0.0007979587105455463,0.8671787095367697,0.0,0.0
331,Device,FusedBatchNormGradV3,gradient_tape/inception_v3/batch_normalization_9/FusedBatchNormGradV3,2,109.697,54.8485,109.697,54.8485,0.0007965717518811408,0.8679752812886509,0.0,0.0
332,Device,Conv2DBackpropInput,gradient_tape/inception_v3/conv2d_32/Conv2D/Conv2DBackpropInput,4,105.473,26.36825,105.473,26.36825,0.0007658989068630824,0.8687411801955139,0.0,0.0
333,Device,Conv2DBackpropInput,gradient_tape/inception_v3/conv2d_36/Conv2D/Conv2DBackpropInput,4,105.088,26.272,105.088,26.272,0.0007631032048432073,0.8695042834003571,0.0,0.0
334,Device,Conv2D,inception_v3/conv2d_32/Conv2D,4,105.056,26.264,105.056,26.264,0.0007628708348051918,0.8702671542351623,0.0,0.0
335,Device,ConcatV2,inception_v3/mixed7/concat,8,104.992,13.124,104.992,13.124,0.0007624060947291606,0.8710295603298914,0.0,0.0
336,Device,Conv2DBackpropInput,gradient_tape/inception_v3/conv2d_37/Conv2D/Conv2DBackpropInput,4,104.416,26.104,104.416,26.104,0.0007582234340448799,0.8717877837639363,0.0,0.0
337,Device,ConcatV2,inception_v3/mixed5/concat,8,104.064,13.008,104.064,13.008,0.0007556673636267084,0.872543451127563,0.0,0.0
338,Device,ConcatV2,inception_v3/mixed6/concat,8,103.808,12.976,103.808,12.976,0.0007538084033225837,0.8732972595308857,0.0,0.0
339,Device,Conv2D,inception_v3/conv2d_36/Conv2D,4,103.232,25.808,103.232,25.808,0.000749625742638303,0.8740468852735239,0.0,0.0
340,Device,ConcatV2,inception_v3/mixed4/concat,8,103.008,12.876,103.008,12.876,0.0007479991523721938,0.8747948844258961,0.0,0.0
341,Device,Conv2DBackpropInput,gradient_tape/inception_v3/conv2d_35/Conv2D/Conv2DBackpropInput,4,102.88,25.72,102.88,25.72,0.0007470696722201314,0.8755419540981163,0.0,0.0
342,Device,Conv2D,inception_v3/conv2d_35/Conv2D,4,102.592,25.648,102.592,25.648,0.0007449783418779911,0.8762869324399943,0.0,0.0
343,Device,Conv2DBackpropInput,gradient_tape/inception_v3/conv2d_84/Conv2D/Conv2DBackpropInput,2,102.497,51.2485,102.497,51.2485,0.0007442884933276323,0.877031220933322,0.0,0.0
344,Device,FusedBatchNormGradV3,gradient_tape/inception_v3/batch_normalization_28/FusedBatchNormGradV3,2,102.208,51.104,102.208,51.104,0.000742189901421804,0.8777734108347438,0.0,0.0
345,Device,ResourceApplyGradientDescent,SGD/SGD/update_188/ResourceApplyGradientDescent,2,101.857,50.9285,101.857,50.9285,0.0007396410925673204,0.8785130519273111,0.0,0.0
346,Device,AddN,SGD/gradients/AddN_2,2,101.728,50.864,101.728,50.864,0.0007387043508515701,0.8792517562781627,0.0,0.0
347,Device,ConcatV2,inception_v3/mixed3/concat,6,98.048,16.341333333333335,98.048,16.341333333333335,0.000711981796479777,0.8799637380746425,0.0,0.0
348,Device,Conv2D,inception_v3/conv2d_8/Conv2D,2,95.296,47.648,95.296,47.648,0.0006919979732104359,0.8806557360478529,0.0,0.0
349,Device,Conv2DBackpropInput,gradient_tape/inception_v3/conv2d_11/Conv2D/Conv2DBackpropInput,2,94.912,47.456,94.912,47.456,0.0006892095327542489,0.881344945580607,0.0,0.0
350,Device,Conv2D,inception_v3/conv2d_37/Conv2D,4,94.528,23.632,94.528,23.632,0.0006864210922980618,0.8820313666729052,0.0,0.0
351,Device,AvgPoolGrad,gradient_tape/inception_v3/average_pooling2d_8/AvgPoolGrad,2,94.048,47.024,94.048,47.024,0.0006829355417278278,0.882714302214633,0.0,0.0
352,Device,Conv2D,inception_v3/conv2d_6/Conv2D,2,93.952,46.976,93.952,46.976,0.000682238431613781,0.8833965406462467,0.0,0.0
353,Device,MaxPool,inception_v3/max_pooling2d_2/MaxPool,2,93.728,46.864,93.728,46.864,0.0006806118413476718,0.8840771524875944,0.0,0.0
354,Device,Conv2D,inception_v3/conv2d_5/Conv2D,2,93.248,46.624,93.248,46.624,0.000677126290777438,0.8847542787783719,0.0,0.0
355,Device,Conv2D,inception_v3/conv2d_11/Conv2D,2,86.144,43.072,86.144,43.072,0.0006255401423379763,0.8853798189207098,0.0,0.0
356,Device,ResourceApplyGradientDescent,SGD/SGD/update_155/ResourceApplyGradientDescent,2,83.872,41.936,83.872,41.936,0.0006090418696388692,0.8859888607903487,0.0,0.0
357,Device,ResourceApplyGradientDescent,SGD/SGD/update_173/ResourceApplyGradientDescent,2,83.68,41.84,83.68,41.84,0.0006076476494107757,0.8865965084397595,0.0,0.0
358,Device,AvgPool,inception_v3/average_pooling2d_8/AvgPool,2,80.896,40.448,80.896,40.448,0.000587431456103419,0.8871839398958629,0.0,0.0
359,Device,FusedBatchNormV3,inception_v3/batch_normalization_9/FusedBatchNormV3,4,78.048,19.512,78.048,19.512,0.0005667505227200313,0.8877506904185829,0.0,0.0
360,Device,FusedBatchNormV3,inception_v3/batch_normalization_16/FusedBatchNormV3,4,77.953,19.48825,77.953,19.48825,0.0005660606741696725,0.8883167510927525,0.0,0.0
361,Device,FusedBatchNormV3,inception_v3/batch_normalization_23/FusedBatchNormV3,4,77.952,19.488,77.952,19.488,0.0005660534126059845,0.8888828045053585,0.0,0.0
362,Device,FusedBatchNormGradV3,gradient_tape/inception_v3/batch_normalization_14/FusedBatchNormGradV3,2,73.377,36.6885,73.377,36.6885,0.0005328317587334427,0.8894156362640919,0.0,0.0
363,Device,ConcatV2,inception_v3/mixed10/concat,12,73.28,6.1066666666666665,73.28,6.1066666666666665,0.000532127387055708,0.8899477636511476,0.0,0.0
364,Device,FusedBatchNormGradV3,gradient_tape/inception_v3/batch_normalization_18/FusedBatchNormGradV3,2,72.736,36.368,72.736,36.368,0.0005281770964094429,0.890475940747557,0.0,0.0
365,Device,ConcatV2,inception_v3/mixed9/concat,12,72.705,6.05875,72.705,6.05875,0.0005279519879351153,0.8910038927354921,0.0,0.0
366,Device,FusedBatchNormGradV3,gradient_tape/inception_v3/batch_normalization_26/FusedBatchNormGradV3,2,72.672,36.336,72.672,36.336,0.0005277123563334116,0.8915316050918255,0.0,0.0
367,Device,FusedBatchNormGradV3,gradient_tape/inception_v3/batch_normalization_21/FusedBatchNormGradV3,2,72.128,36.064,72.128,36.064,0.0005237620656871466,0.8920553671575127,0.0,0.0
368,Device,FusedBatchNormGradV3,gradient_tape/inception_v3/batch_normalization_12/FusedBatchNormGradV3,2,71.904,35.952,71.904,35.952,0.0005221354754210375,0.8925775026329337,0.0,0.0
369,Device,FusedBatchNormGradV3,gradient_tape/inception_v3/batch_normalization_25/FusedBatchNormGradV3,2,71.872,35.936,71.872,35.936,0.0005219031053830219,0.8930994057383167,0.0,0.0
370,Device,FusedBatchNormGradV3,gradient_tape/inception_v3/batch_normalization_19/FusedBatchNormGradV3,2,71.712,35.856,71.712,35.856,0.0005207412551929439,0.8936201469935097,0.0,0.0
371,Device,FusedBatchNormGradV3,gradient_tape/inception_v3/batch_normalization_7/FusedBatchNormGradV3,2,70.592,35.296,70.592,35.296,0.0005126083038623981,0.894132755297372,0.0,0.0
372,Device,FusedBatchNormGradV3,gradient_tape/inception_v3/batch_normalization_5/FusedBatchNormGradV3,2,70.368,35.184,70.368,35.184,0.0005109817135962889,0.8946437370109683,0.0,0.0
373,Device,ReluGrad,gradient_tape/inception_v3/activation_16/ReluGrad,2,69.44,34.72,69.44,34.72,0.0005042429824938367,0.8951479799934622,0.0,0.0
374,Device,ReluGrad,gradient_tape/inception_v3/activation_17/ReluGrad,2,69.28,34.64,69.28,34.64,0.0005030811323037588,0.895651061125766,0.0,0.0
375,Device,ReluGrad,gradient_tape/inception_v3/activation_23/ReluGrad,2,69.28,34.64,69.28,34.64,0.0005030811323037588,0.8961541422580698,0.0,0.0
376,Device,ReluGrad,gradient_tape/inception_v3/activation_24/ReluGrad,2,69.088,34.544,69.088,34.544,0.0005016869120756652,0.8966558291701454,0.0,0.0
377,Device,ReluGrad,gradient_tape/inception_v3/activation_9/ReluGrad,2,69.056,34.528,69.056,34.528,0.0005014545420376496,0.8971572837121831,0.0,0.0
378,Device,ReluGrad,gradient_tape/inception_v3/activation_10/ReluGrad,2,69.024,34.512,69.024,34.512,0.0005012221719996341,0.8976585058841827,0.0,0.0
379,Device,ReluGrad,gradient_tape/inception_v3/activation_28/ReluGrad,2,67.776,33.888,67.776,33.888,0.0004921597405170259,0.8981506656246997,0.0,0.0
380,Device,AddN,SGD/gradients/AddN_5,2,66.048,33.024,66.048,33.024,0.00047961175846418394,0.8986302773831639,0.0,0.0
381,Device,FusedBatchNormV3,inception_v3/batch_normalization_17/FusedBatchNormV3,4,65.44,16.36,65.44,16.36,0.00047519672774188763,0.8991054741109058,0.0,0.0
382,Device,ReluGrad,gradient_tape/inception_v3/activation_26/ReluGrad,2,65.056,32.528,65.056,32.528,0.00047240828728570055,0.8995778823981915,0.0,0.0
383,Device,FusedBatchNormV3,inception_v3/batch_normalization_28/FusedBatchNormV3,4,64.576,16.144,64.576,16.144,0.0004689227367154666,0.900046805134907,0.0,0.0
384,Device,FusedBatchNormV3,inception_v3/batch_normalization_24/FusedBatchNormV3,4,63.904,15.976,63.904,15.976,0.0004640429659171392,0.9005108481008242,0.0,0.0
385,Device,FusedBatchNormV3,inception_v3/batch_normalization_10/FusedBatchNormV3,4,63.84,15.96,63.84,15.96,0.00046357822584110805,0.9009744263266652,0.0,0.0
386,Device,AvgPoolGrad,gradient_tape/inception_v3/average_pooling2d_7/AvgPoolGrad,2,62.56,31.28,62.56,31.28,0.00045428342432048434,0.9014287097509858,0.0,0.0
387,Device,FusedBatchNormGradV3,gradient_tape/inception_v3/batch_normalization_15/FusedBatchNormGradV3,2,62.337,31.1685,62.337,31.1685,0.00045266409561806314,0.9018813738466038,0.0,0.0
388,Device,FusedBatchNormGradV3,gradient_tape/inception_v3/batch_normalization_8/FusedBatchNormGradV3,2,61.92,30.96,61.92,30.96,0.0004496360235601724,0.902331009870164,0.0,0.0
389,Device,FusedBatchNormGradV3,gradient_tape/inception_v3/batch_normalization_22/FusedBatchNormGradV3,2,61.856,30.928,61.856,30.928,0.00044917128348414127,0.9027801811536481,0.0,0.0
390,Device,FusedBatchNormGradV3,gradient_tape/inception_v3/batch_normalization_27/FusedBatchNormGradV3,2,60.768,30.384,60.768,30.384,0.00044127070219161107,0.9032214518558397,0.0,0.0
391,Device,MaxPool,inception_v3/max_pooling2d_3/MaxPool,2,59.648,29.824,59.648,29.824,0.0004331377508610654,0.9036545896067008,0.0,0.0
392,Device,FusedBatchNormV3,inception_v3/batch_normalization_26/FusedBatchNormV3,4,59.552,14.888,59.552,14.888,0.00043244064074701857,0.9040870302474477,0.0,0.0
393,Device,FusedBatchNormGradV3,gradient_tape/inception_v3/batch_normalization_6/FusedBatchNormGradV3,2,58.464,29.232,58.464,29.232,0.00042454005945448837,0.9045115703069022,0.0,0.0
394,Device,MatMul,inception_v3/predictions/MatMul,2,58.08,29.04,58.08,29.04,0.0004217516189983013,0.9049333219259005,0.0,0.0
395,Device,FusedBatchNormGradV3,gradient_tape/inception_v3/batch_normalization_13/FusedBatchNormGradV3,2,57.76,28.88,57.76,28.88,0.00041942791861814536,0.9053527498445186,0.0,0.0
396,Device,FusedBatchNormGradV3,gradient_tape/inception_v3/batch_normalization_20/FusedBatchNormGradV3,2,57.408,28.704,57.408,28.704,0.0004168718481999738,0.9057696216927186,0.0,0.0
397,Device,FusedBatchNormV3,inception_v3/batch_normalization_25/FusedBatchNormV3,4,56.64,14.16,56.64,14.16,0.0004112949672875996,0.9061809166600062,0.0,0.0
398,Device,FusedBatchNormV3,inception_v3/batch_normalization_15/FusedBatchNormV3,4,56.608,14.152,56.608,14.152,0.00041106259724958395,0.9065919792572558,0.0,0.0
399,Device,ResourceApplyGradientDescent,SGD/SGD/update_56/ResourceApplyGradientDescent,2,56.513,28.2565,56.513,28.2565,0.00041037274869922517,0.907002352005955,0.0,0.0
400,Device,FusedBatchNormV3,inception_v3/batch_normalization_27/FusedBatchNormV3,4,56.16,14.04,56.16,14.04,0.00040780941671736566,0.9074101614226724,0.0,0.0
401,Device,FusedBatchNormV3,inception_v3/batch_normalization_21/FusedBatchNormV3,4,56.064,14.016,56.064,14.016,0.0004071123066033189,0.9078172737292757,0.0,0.0
402,Device,FusedBatchNormV3,inception_v3/batch_normalization_14/FusedBatchNormV3,4,55.296,13.824,55.296,13.824,0.0004015354256909447,0.9082188091549667,0.0,0.0
403,Device,FusedBatchNormV3,inception_v3/batch_normalization_22/FusedBatchNormV3,4,55.233,13.80825,55.233,13.80825,0.00040107794717860146,0.9086198871021453,0.0,0.0
404,Device,FusedBatchNormV3,inception_v3/batch_normalization_7/FusedBatchNormV3,4,55.2,13.8,55.2,13.8,0.00040083831557689793,0.9090207254177222,0.0,0.0
405,Device,FusedBatchNormV3,inception_v3/batch_normalization_12/FusedBatchNormV3,4,54.912,13.728,54.912,13.728,0.00039874698523475755,0.909419472402957,0.0,0.0
406,Device,FusedBatchNormV3,inception_v3/batch_normalization_18/FusedBatchNormV3,4,54.432,13.608,54.432,13.608,0.0003952614346645237,0.9098147338376215,0.0,0.0
407,Device,FusedBatchNormV3,inception_v3/batch_normalization_8/FusedBatchNormV3,4,53.792,13.448,53.792,13.448,0.0003906140339042118,0.9102053478715256,0.0,0.0
408,Device,FusedBatchNormV3,inception_v3/batch_normalization_19/FusedBatchNormV3,4,52.928,13.232,52.928,13.232,0.0003843400428777908,0.9105896879144034,0.0,0.0
409,Device,Slice,gradient_tape/inception_v3/mixed1/Slice_2,2,52.64,26.32,52.64,26.32,0.00038224871253565045,0.9109719366269391,0.0,0.0
410,Device,ResourceApplyGradientDescent,SGD/SGD/update_170/ResourceApplyGradientDescent,2,52.321,26.1605,52.321,26.1605,0.0003799322737191825,0.9113518689006582,0.0,0.0
411,Device,Slice,gradient_tape/inception_v3/mixed0/Slice_2,2,52.0,26.0,52.0,26.0,0.0003776013117753386,0.9117294702124336,0.0,0.0
412,Device,Slice,gradient_tape/inception_v3/mixed2/Slice_2,2,51.808,25.904,51.808,25.904,0.00037620709154724503,0.9121056773039808,0.0,0.0
413,Device,AvgPool,inception_v3/average_pooling2d_7/AvgPool,2,50.752,25.376,50.752,25.376,0.0003685388802927305,0.9124742161842736,0.0,0.0
414,Device,FusedBatchNormV3,inception_v3/batch_normalization_20/FusedBatchNormV3,4,48.224,12.056,48.224,12.056,0.0003501816472894986,0.9128243978315631,0.0,0.0
415,Device,FusedBatchNormV3,inception_v3/batch_normalization_5/FusedBatchNormV3,4,48.224,12.056,48.224,12.056,0.0003501816472894986,0.9131745794788526,0.0,0.0
416,Device,ReluGrad,gradient_tape/inception_v3/activation_21/ReluGrad,2,48.0,24.0,48.0,24.0,0.0003485550570233895,0.913523134535876,0.0,0.0
417,Device,ReluGrad,gradient_tape/inception_v3/activation_25/ReluGrad,2,47.872,23.936,47.872,23.936,0.00034762557687132713,0.9138707601127473,0.0,0.0
418,Device,ReluGrad,gradient_tape/inception_v3/activation_7/ReluGrad,2,47.84,23.92,47.84,23.92,0.00034739320683331153,0.9142181533195806,0.0,0.0
419,Device,ReluGrad,gradient_tape/inception_v3/activation_12/ReluGrad,2,47.744,23.872,47.744,23.872,0.0003466960967192647,0.9145648494162998,0.0,0.0
420,Device,MatMul,gradient_tape/inception_v3/predictions/MatMul/MatMul_1,2,47.552,23.776,47.552,23.776,0.0003453018764911712,0.914910151292791,0.0,0.0
421,Device,ReluGrad,gradient_tape/inception_v3/activation_15/ReluGrad,2,47.392,23.696,47.392,23.696,0.00034414002630109324,0.9152542913190921,0.0,0.0
422,Device,ReluGrad,gradient_tape/inception_v3/activation_19/ReluGrad,2,47.392,23.696,47.392,23.696,0.00034414002630109324,0.9155984313453932,0.0,0.0
423,Device,ReluGrad,gradient_tape/inception_v3/activation_5/ReluGrad,2,47.392,23.696,47.392,23.696,0.00034414002630109324,0.9159425713716943,0.0,0.0
424,Device,ReluGrad,gradient_tape/inception_v3/activation_14/ReluGrad,2,47.36,23.68,47.36,23.68,0.00034390765626307764,0.9162864790279575,0.0,0.0
425,Device,FusedBatchNormV3,inception_v3/batch_normalization_6/FusedBatchNormV3,4,47.36,11.84,47.36,11.84,0.00034390765626307764,0.9166303866842206,0.0,0.0
426,Device,FusedBatchNormV3,inception_v3/batch_normalization_13/FusedBatchNormV3,4,47.137,11.78425,47.137,11.78425,0.00034228832756065644,0.9169726750117813,0.0,0.0
427,Device,ReluGrad,gradient_tape/inception_v3/activation_18/ReluGrad,2,47.104,23.552,47.104,23.552,0.00034204869595895286,0.9173147237077403,0.0,0.0
428,Device,Relu,inception_v3/activation_9/Relu,2,44.928,22.464,44.928,22.464,0.0003262475333738925,0.9176409712411141,0.0,0.0
429,Device,Slice,gradient_tape/inception_v3/mixed3/Slice,2,44.672,22.336,44.672,22.336,0.0003243885730697678,0.9179653598141839,0.0,0.0
430,Device,Relu,inception_v3/activation_23/Relu,2,44.096,22.048,44.096,22.048,0.0003202059123854871,0.9182855657265694,0.0,0.0
431,Device,FusedBatchNormGradV3,gradient_tape/inception_v3/batch_normalization_11/FusedBatchNormGradV3,2,43.424,21.712,43.424,21.712,0.0003153261415871597,0.9186008918681565,0.0,0.0
432,Device,Relu,inception_v3/activation_26/Relu,2,43.328,21.664,43.328,21.664,0.00031462903147311293,0.9189155208996297,0.0,0.0
433,Device,Relu,inception_v3/activation_16/Relu,2,43.072,21.536,43.072,21.536,0.00031277007116898816,0.9192282909707987,0.0,0.0
434,Device,ResourceApplyGradientDescent,SGD/SGD/update_172/ResourceApplyGradientDescent,2,42.912,21.456,42.912,21.456,0.0003116082209789102,0.9195398991917776,0.0,0.0
435,Device,FusedBatchNormGradV3,gradient_tape/inception_v3/batch_normalization_62/FusedBatchNormGradV3,2,41.92,20.96,41.92,20.96,0.0003044047498004268,0.919844303941578,0.0,0.0
436,Device,MatMul,gradient_tape/inception_v3/predictions/MatMul/MatMul,2,41.248,20.624,41.248,20.624,0.00029952497900209935,0.9201438289205801,0.0,0.0
437,Device,FusedBatchNormGradV3,gradient_tape/inception_v3/batch_normalization_69/FusedBatchNormGradV3,2,40.864,20.432,40.864,20.432,0.0002967365385459122,0.920440565459126,0.0,0.0
438,Device,FusedBatchNormGradV3,gradient_tape/inception_v3/batch_normalization_70/FusedBatchNormGradV3,2,40.864,20.432,40.864,20.432,0.0002967365385459122,0.9207373019976719,0.0,0.0
439,Device,FusedBatchNormGradV3,gradient_tape/inception_v3/batch_normalization_61/FusedBatchNormGradV3,2,40.64,20.32,40.64,20.32,0.0002951099482798031,0.9210324119459516,0.0,0.0
440,Device,FusedBatchNormGradV3,gradient_tape/inception_v3/batch_normalization_49/FusedBatchNormGradV3,2,40.544,20.272,40.544,20.272,0.0002944128381657563,0.9213268247841174,0.0,0.0
441,Device,FusedBatchNormGradV3,gradient_tape/inception_v3/batch_normalization_59/FusedBatchNormGradV3,2,40.416,20.208,40.416,20.208,0.0002934833580136939,0.9216203081421311,0.0,0.0
442,Device,FusedBatchNormGradV3,gradient_tape/inception_v3/batch_normalization_39/FusedBatchNormGradV3,2,40.288,20.144,40.288,20.144,0.00029255387786163156,0.9219128620199928,0.0,0.0
443,Device,FusedBatchNormV3,inception_v3/batch_normalization_30/FusedBatchNormV3,4,40.256,10.064,40.256,10.064,0.00029232150782361596,0.9222051835278164,0.0,0.0
444,Device,FusedBatchNormV3,inception_v3/batch_normalization_60/FusedBatchNormV3,4,40.128,10.032,40.128,10.032,0.0002913920276715536,0.922496575555488,0.0,0.0
445,Device,FusedBatchNormV3,inception_v3/batch_normalization_50/FusedBatchNormV3,4,39.968,9.992,39.968,9.992,0.0002902301774814757,0.9227868057329695,0.0,0.0
446,Device,FusedBatchNormGradV3,gradient_tape/inception_v3/batch_normalization_63/FusedBatchNormGradV3,2,39.84,19.92,39.84,19.92,0.0002893006973294133,0.9230761064302989,0.0,0.0
447,Device,FusedBatchNormV3,inception_v3/batch_normalization_65/FusedBatchNormV3,4,39.84,9.96,39.84,9.96,0.0002893006973294133,0.9233654071276284,0.0,0.0
448,Device,FusedBatchNormV3,inception_v3/batch_normalization_40/FusedBatchNormV3,4,39.712,9.928,39.712,9.928,0.0002883712171773509,0.9236537783448058,0.0,0.0
449,Device,FusedBatchNormV3,inception_v3/batch_normalization_61/FusedBatchNormV3,4,39.68,9.92,39.68,9.92,0.0002881388471393353,0.9239419171919451,0.0,0.0
450,Device,FusedBatchNormGradV3,gradient_tape/inception_v3/batch_normalization_43/FusedBatchNormGradV3,2,39.584,19.792,39.584,19.792,0.00028744173702528855,0.9242293589289704,0.0,0.0
451,Device,FusedBatchNormGradV3,gradient_tape/inception_v3/batch_normalization_33/FusedBatchNormGradV3,2,39.392,19.696,39.392,19.696,0.000286047516797195,0.9245154064457676,0.0,0.0
452,Device,FusedBatchNormGradV3,gradient_tape/inception_v3/batch_normalization_60/FusedBatchNormGradV3,2,39.36,19.68,39.36,19.68,0.0002858151467591794,0.9248012215925268,0.0,0.0
453,Device,FusedBatchNormV3,inception_v3/batch_normalization_59/FusedBatchNormV3,4,39.296,9.824,39.296,9.824,0.0002853504066831482,0.9250865719992099,0.0,0.0
454,Device,FusedBatchNormV3,inception_v3/batch_normalization_63/FusedBatchNormV3,4,39.296,9.824,39.296,9.824,0.0002853504066831482,0.9253719224058929,0.0,0.0
455,Device,FusedBatchNormV3,inception_v3/batch_normalization_62/FusedBatchNormV3,4,39.232,9.808,39.232,9.808,0.000284885666607117,0.9256568080725001,0.0,0.0
456,Device,FusedBatchNormGradV3,gradient_tape/inception_v3/batch_normalization_53/FusedBatchNormGradV3,2,39.2,19.6,39.2,19.6,0.0002846532965691014,0.9259414613690692,0.0,0.0
457,Device,FusedBatchNormV3,inception_v3/batch_normalization_64/FusedBatchNormV3,4,39.2,9.8,39.2,9.8,0.0002846532965691014,0.9262261146656383,0.0,0.0
458,Device,FusedBatchNormV3,inception_v3/batch_normalization_53/FusedBatchNormV3,4,39.072,9.768,39.072,9.768,0.00028372381641703906,0.9265098384820554,0.0,0.0
459,Device,FusedBatchNormGradV3,gradient_tape/inception_v3/batch_normalization_68/FusedBatchNormGradV3,2,39.04,19.52,39.04,19.52,0.00028349144637902345,0.9267933299284344,0.0,0.0
460,Device,FusedBatchNormGradV3,gradient_tape/inception_v3/batch_normalization_40/FusedBatchNormGradV3,2,38.88,19.44,38.88,19.44,0.0002823295961889455,0.9270756595246233,0.0,0.0
461,Device,FusedBatchNormGradV3,gradient_tape/inception_v3/batch_normalization_38/FusedBatchNormGradV3,2,38.784,19.392,38.784,19.392,0.0002816324860748987,0.9273572920106983,0.0,0.0
462,Device,FusedBatchNormV3,inception_v3/batch_normalization_69/FusedBatchNormV3,4,38.752,9.688,38.752,9.688,0.00028140011603688313,0.9276386921267351,0.0,0.0
463,Device,FusedBatchNormGradV3,gradient_tape/inception_v3/batch_normalization_50/FusedBatchNormGradV3,2,38.592,19.296,38.592,19.296,0.00028023826584680516,0.9279189303925819,0.0,0.0
464,Device,FusedBatchNormV3,inception_v3/batch_normalization_49/FusedBatchNormV3,4,38.592,9.648,38.592,9.648,0.00028023826584680516,0.9281991686584287,0.0,0.0
465,Device,FusedBatchNormV3,inception_v3/batch_normalization_39/FusedBatchNormV3,4,38.56,9.64,38.56,9.64,0.00028000589580878956,0.9284791745542375,0.0,0.0
466,Device,FusedBatchNormV3,inception_v3/batch_normalization_80/FusedBatchNormV3,4,38.56,9.64,38.56,9.64,0.00028000589580878956,0.9287591804500462,0.0,0.0
467,Device,ResourceApplyGradientDescent,SGD/SGD/update_180/ResourceApplyGradientDescent,2,38.496,19.248,38.496,19.248,0.0002795411557327584,0.929038721605779,0.0,0.0
468,Device,FusedBatchNormGradV3,gradient_tape/inception_v3/batch_normalization_30/FusedBatchNormGradV3,2,38.496,19.248,38.496,19.248,0.0002795411557327584,0.9293182627615119,0.0,0.0
469,Device,FusedBatchNormV3,inception_v3/batch_normalization_89/FusedBatchNormV3,4,38.496,9.624,38.496,9.624,0.0002795411557327584,0.9295978039172447,0.0,0.0
470,Device,FusedBatchNormGradV3,gradient_tape/inception_v3/batch_normalization_74/FusedBatchNormGradV3,2,38.432,19.216,38.432,19.216,0.0002790764156567272,0.9298768803329014,0.0,0.0
471,Device,FusedBatchNormGradV3,gradient_tape/inception_v3/batch_normalization_48/FusedBatchNormGradV3,2,38.336,19.168,38.336,19.168,0.0002783793055426804,0.930155259638444,0.0,0.0
472,Device,FusedBatchNormV3,inception_v3/batch_normalization_11/FusedBatchNormV3,4,38.304,9.576,38.304,9.576,0.00027814693550466484,0.9304334065739487,0.0,0.0
473,Device,FusedBatchNormGradV3,gradient_tape/inception_v3/batch_normalization_58/FusedBatchNormGradV3,2,38.144,19.072,38.144,19.072,0.0002769850853145868,0.9307103916592633,0.0,0.0
474,Device,Slice,gradient_tape/inception_v3/mixed3/Slice_2,2,38.112,19.056,38.112,19.056,0.00027675271527657127,0.9309871443745399,0.0,0.0
475,Device,FusedBatchNormV3,inception_v3/batch_normalization_43/FusedBatchNormV3,4,38.08,9.52,38.08,9.52,0.00027652034523855567,0.9312636647197784,0.0,0.0
476,Device,FusedBatchNormGradV3,gradient_tape/inception_v3/batch_normalization_66/FusedBatchNormGradV3,2,37.984,18.992,37.984,18.992,0.0002758232351245089,0.9315394879549029,0.0,0.0
477,Device,FusedBatchNormV3,inception_v3/batch_normalization_70/FusedBatchNormV3,4,37.824,9.456,37.824,9.456,0.0002746613849344309,0.9318141493398374,0.0,0.0
478,Device,FusedBatchNormV3,inception_v3/batch_normalization_33/FusedBatchNormV3,4,37.793,9.44825,37.793,9.44825,0.0002744362764601033,0.9320885856162975,0.0,0.0
479,Device,FusedBatchNormGradV3,gradient_tape/inception_v3/batch_normalization_67/FusedBatchNormGradV3,2,37.728,18.864,37.728,18.864,0.00027396427482038414,0.9323625498911179,0.0,0.0
480,Device,ConcatV2,inception_v3/mixed8/concat,6,37.633,6.272166666666667,37.633,6.272166666666667,0.00027327442627002535,0.9326358243173879,0.0,0.0
481,Device,ReluGrad,gradient_tape/inception_v3/activation_20/ReluGrad,2,37.504,18.752,37.504,18.752,0.00027233768455427496,0.9329081620019422,0.0,0.0
482,Device,Slice,gradient_tape/inception_v3/mixed2/Slice,2,37.504,18.752,37.504,18.752,0.00027233768455427496,0.9331804996864964,0.0,0.0
483,Device,ReluGrad,gradient_tape/inception_v3/activation_13/ReluGrad,2,37.472,18.736,37.472,18.736,0.0002721053145162594,0.9334526050010127,0.0,0.0
484,Device,ReluGrad,gradient_tape/inception_v3/activation_22/ReluGrad,2,37.344,18.672,37.344,18.672,0.00027117583436419706,0.9337237808353769,0.0,0.0
485,Device,ReluGrad,gradient_tape/inception_v3/activation_27/ReluGrad,2,37.152,18.576,37.152,18.576,0.0002697816141361035,0.933993562449513,0.0,0.0
486,Device,ReluGrad,gradient_tape/inception_v3/activation_8/ReluGrad,2,37.088,18.544,37.088,18.544,0.0002693168740600723,0.9342628793235731,0.0,0.0
487,Device,Slice,gradient_tape/inception_v3/mixed0/Slice_1,2,37.088,18.544,37.088,18.544,0.0002693168740600723,0.9345321961976332,0.0,0.0
488,Device,FusedBatchNormV3,inception_v3/batch_normalization_41/FusedBatchNormV3,4,36.992,9.248,36.992,9.248,0.00026861976394602547,0.9348008159615792,0.0,0.0
489,Device,Slice,gradient_tape/inception_v3/mixed1/Slice_1,2,36.896,18.448,36.896,18.448,0.0002679226538319787,0.9350687386154112,0.0,0.0
490,Device,FusedBatchNormGradV3,gradient_tape/inception_v3/batch_normalization_42/FusedBatchNormGradV3,2,36.833,18.4165,36.833,18.4165,0.00026746517531963553,0.9353362037907308,0.0,0.0
491,Device,Slice,gradient_tape/inception_v3/mixed1/Slice,2,36.8,18.4,36.8,18.4,0.0002672255437179319,0.9356034293344487,0.0,0.0
492,Device,Slice,gradient_tape/inception_v3/mixed2/Slice_1,2,36.736,18.368,36.736,18.368,0.00026676080364190075,0.9358701901380906,0.0,0.0
493,Device,ReluGrad,gradient_tape/inception_v3/activation_6/ReluGrad,2,36.704,18.352,36.704,18.352,0.00026652843360388514,0.9361367185716944,0.0,0.0
494,Device,FusedBatchNormV3,inception_v3/batch_normalization_45/FusedBatchNormV3,4,36.608,9.152,36.608,9.152,0.00026583132348983833,0.9364025498951842,0.0,0.0
495,Device,FusedBatchNormV3,inception_v3/batch_normalization_54/FusedBatchNormV3,4,36.48,9.12,36.48,9.12,0.000264901843337776,0.9366674517385221,0.0,0.0
496,Device,FusedBatchNormV3,inception_v3/batch_normalization_44/FusedBatchNormV3,4,36.32,9.08,36.32,9.08,0.00026373999314769806,0.9369311917316697,0.0,0.0
497,Device,ReluGrad,gradient_tape/inception_v3/activation_66/ReluGrad,2,36.224,18.112,36.224,18.112,0.00026304288303365125,0.9371942346147034,0.0,0.0
498,Device,FusedBatchNormV3,inception_v3/batch_normalization_52/FusedBatchNormV3,4,36.192,9.048,36.192,9.048,0.00026281051299563565,0.937457045127699,0.0,0.0
499,Device,FusedBatchNormV3,inception_v3/batch_normalization_55/FusedBatchNormV3,4,36.16,9.04,36.16,9.04,0.00026257814295762004,0.9377196232706566,0.0,0.0
500,Device,FusedBatchNormV3,inception_v3/batch_normalization_51/FusedBatchNormV3,4,36.032,9.008,36.032,9.008,0.0002616486628055577,0.9379812719334621,0.0,0.0
501,Host,IDLE,IDLE,0,484532.471,0.0,484532.471,0.0,0.0,0.0,0.9916207501816565,0.9916207501816565
502,Host,GatherV2,GatherV2,2,3696.863,1848.4315,3696.863,1848.4315,0.0,0.0,0.007565821241686832,0.9991865714233433
503,Host,GatherV2,GatherV2_1,2,55.597,27.7985,55.597,27.7985,0.0,0.0,0.00011378213462983693,0.9993003535579732
504,Host,Dataset,Iterator::Root::ParallelMapV2::Zip[1]::ForeverRepeat,2,57.576,28.788,52.583,26.2915,0.0,0.0,0.00010761382781878005,0.999407967385792
505,Host,Dataset,Iterator::Root::ParallelMapV2::Zip[0]::FlatMap,2,67.863,33.9315,39.893,19.9465,0.0,0.0,8.164308679943315e-05,0.9994896104725914
506,Host,LogicalAnd,LogicalAnd,1,38.295,38.295,38.295,38.295,0.0,0.0,7.837269718958945e-05,0.999567983169781
507,Host,FlushSummaryWriter,FlushSummaryWriter,1,36.34,36.34,36.34,36.34,0.0,0.0,7.437168862435517e-05,0.9996423548584054
508,Host,Dataset,Iterator::Root::ParallelMapV2,2,32.848,16.424,32.848,16.424,0.0,0.0,6.722513010271927e-05,0.9997095799885081
509,Host,Dataset,Iterator::Root,2,61.061,30.5305,28.213,14.1065,0.0,0.0,5.7739362992815965e-05,0.9997673193515009
510,Host,Dataset,Iterator::Root::ParallelMapV2::Zip[0]::FlatMap[1]::TensorSlice,2,27.97,13.985,27.97,13.985,0.0,0.0,5.724205093074336e-05,0.9998245614024316
511,Host,_Send,IteratorGetNext/_1,2,21.873,10.9365,21.873,10.9365,0.0,0.0,4.476422524162137e-05,0.9998693256276732
512,Host,WriteSummary,WriteSummary,1,21.544,21.544,21.544,21.544,0.0,0.0,4.409090973371237e-05,0.9999134165374068
513,Host,IteratorGetNext,IteratorGetNext,2,15.089,7.5445,15.089,7.5445,0.0,0.0,3.0880418537503994e-05,0.9999442969559443
514,Host,Dataset,Iterator::Root::ParallelMapV2::Zip,2,137.42,68.71,11.981,5.9905,0.0,0.0,2.4519735867044555e-05,0.9999688166918114
515,Host,ReadVariableOp,ReadVariableOp,1,7.509,7.509,7.509,7.509,0.0,0.0,1.536755668355209e-05,0.9999841842484949
516,Host,Dataset,Iterator::Root::ParallelMapV2::Zip[1]::ForeverRepeat::FromTensor,4,4.993,1.24825,4.993,1.24825,0.0,0.0,1.021843261698969e-05,0.9999944026811118
517,Host,Identity,Identity,2,2.735,1.3675,2.735,1.3675,0.0,0.0,5.597318887936471e-06,0.9999999999999998
