Rank,Host/device,Type,Operation,#Occurrences,Total time (us),Avg. time (us),Total self-time (us),Avg. self-time (us),Total self-time on Device (%),Cumulative total-self time on Device (%),Total self-time on Host (%),Cumulative total-self time on Host (%)
1,Device,IDLE,IDLE,0,26350.33,0.0,26350.33,0.0,0.40856169617558946,0.40856169617558946,0.0,0.0
2,Device,DepthwiseConv2dNativeBackpropFilter,gradient_tape/mobilenetv2_1.00_128/expanded_conv_depthwise/depthwise/DepthwiseConv2dNativeBackpropFilter,2,11801.63,5900.815,11801.63,5900.815,0.18298419679892894,0.5915458929745184,0.0,0.0
3,Device,DepthwiseConv2dNativeBackpropFilter,gradient_tape/mobilenetv2_1.00_128/block_1_depthwise/depthwise/DepthwiseConv2dNativeBackpropFilter,2,3784.084,1892.042,3784.084,1892.042,0.058672197938732046,0.6502180909132504,0.0,0.0
4,Device,DepthwiseConv2dNativeBackpropFilter,gradient_tape/mobilenetv2_1.00_128/block_3_depthwise/depthwise/DepthwiseConv2dNativeBackpropFilter,2,1170.695,585.3475,1170.695,585.3475,0.01815161840114646,0.6683697093143969,0.0,0.0
5,Device,FusedBatchNormGradV3,gradient_tape/mobilenetv2_1.00_128/block_1_expand_BN/FusedBatchNormGradV3,2,521.38,260.69,521.38,260.69,0.00808399352691328,0.6764537028413101,0.0,0.0
6,Device,_Recv,IteratorGetNext/_2,2,498.596,249.298,498.596,249.298,0.007730727754315191,0.6841844305956253,0.0,0.0
7,Device,DepthwiseConv2dNativeBackpropFilter,gradient_tape/mobilenetv2_1.00_128/block_6_depthwise/depthwise/DepthwiseConv2dNativeBackpropFilter,2,365.282,182.641,365.282,182.641,0.005663695046794923,0.6898481256424202,0.0,0.0
8,Device,DepthwiseConv2dNativeBackpropInput,gradient_tape/mobilenetv2_1.00_128/block_1_depthwise/depthwise/DepthwiseConv2dNativeBackpropInput,2,351.49,175.745,351.49,175.745,0.005449850176022765,0.6952979758184429,0.0,0.0
9,Device,FusedBatchNormV3,mobilenetv2_1.00_128/block_1_expand_BN/FusedBatchNormV3,4,329.505,82.37625,329.505,82.37625,0.005108972893255515,0.7004069487116984,0.0,0.0
10,Device,Relu6Grad,gradient_tape/mobilenetv2_1.00_128/block_1_expand_relu/Relu6/Relu6Grad,2,321.698,160.849,321.698,160.849,0.004987925408763183,0.7053948741204615,0.0,0.0
11,Device,Conv2DBackpropFilter,gradient_tape/mobilenetv2_1.00_128/block_1_expand/Conv2D/Conv2DBackpropFilter,2,302.69,151.345,302.69,151.345,0.004693206491736125,0.7100880806121976,0.0,0.0
12,Device,Slice,gradient_tape/mobilenetv2_1.00_128/block_1_pad/Slice_1,2,237.824,118.912,237.824,118.912,0.0036874595813890525,0.7137755401935867,0.0,0.0
13,Device,Pad,mobilenetv2_1.00_128/block_1_pad/Pad,2,229.282,114.641,229.282,114.641,0.0035550159266518294,0.7173305561202385,0.0,0.0
14,Device,FusedBatchNormGradV3,gradient_tape/mobilenetv2_1.00_128/bn_Conv1/FusedBatchNormGradV3,2,227.969,113.9845,227.969,113.9845,0.00353465787014633,0.7208652139903848,0.0,0.0
15,Device,FusedBatchNormGradV3,gradient_tape/mobilenetv2_1.00_128/expanded_conv_depthwise_BN/FusedBatchNormGradV3,2,227.584,113.792,227.584,113.792,0.0035286884476371017,0.7243939024380219,0.0,0.0
16,Device,Relu6,mobilenetv2_1.00_128/block_1_expand_relu/Relu6,2,214.817,107.4085,214.817,107.4085,0.003330736195233669,0.7277246386332556,0.0,0.0
17,Device,FusedBatchNormGradV3,gradient_tape/mobilenetv2_1.00_128/block_2_expand_BN/FusedBatchNormGradV3,2,200.45,100.225,200.45,100.225,0.003107975953181493,0.7308326145864371,0.0,0.0
18,Device,FusedBatchNormGradV3,gradient_tape/mobilenetv2_1.00_128/block_3_expand_BN/FusedBatchNormGradV3,2,200.384,100.192,200.384,100.192,0.0031069526236084826,0.7339395672100456,0.0,0.0
19,Device,FusedBatchNormGradV3,gradient_tape/mobilenetv2_1.00_128/block_2_depthwise_BN/FusedBatchNormGradV3,2,199.234,99.617,199.234,99.617,0.0030891218810484497,0.7370286890910941,0.0,0.0
20,Device,Conv2DBackpropInput,gradient_tape/mobilenetv2_1.00_128/block_1_expand/Conv2D/Conv2DBackpropInput,2,187.84,93.92,187.84,93.92,0.0029124579847623435,0.7399411470758565,0.0,0.0
21,Device,Conv2D,mobilenetv2_1.00_128/block_1_expand/Conv2D,2,176.194,88.097,176.194,88.097,0.0027318868301065605,0.7426730339059631,0.0,0.0
22,Device,FusedBatchNormGradV3,gradient_tape/mobilenetv2_1.00_128/expanded_conv_project_BN/FusedBatchNormGradV3,2,175.842,87.921,175.842,87.921,0.0027264290723838375,0.7453994629783469,0.0,0.0
23,Device,Conv2DBackpropFilter,gradient_tape/mobilenetv2_1.00_128/Conv1/Conv2D/Conv2DBackpropFilter,2,175.489,87.7445,175.489,87.7445,0.0027209558096675836,0.7481204187880145,0.0,0.0
24,Device,Conv2DBackpropFilter,gradient_tape/mobilenetv2_1.00_128/expanded_conv_project/Conv2D/Conv2DBackpropFilter,2,170.848,85.424,170.848,85.424,0.0026489971346927007,0.7507694159227072,0.0,0.0
25,Device,DepthwiseConv2dNativeBackpropInput,gradient_tape/mobilenetv2_1.00_128/block_2_depthwise/depthwise/DepthwiseConv2dNativeBackpropInput,2,168.386,84.193,168.386,84.193,0.002610823840620698,0.7533802397633279,0.0,0.0
26,Device,DepthwiseConv2dNative,mobilenetv2_1.00_128/block_1_depthwise/depthwise,2,162.368,81.184,162.368,81.184,0.002517514789554366,0.7558977545528823,0.0,0.0
27,Device,Conv2DBackpropInput,gradient_tape/mobilenetv2_1.00_128/Conv_1/Conv2D/Conv2DBackpropInput,4,158.848,39.712,158.848,39.712,0.0024629372123271334,0.7583606917652095,0.0,0.0
28,Device,Conv2DBackpropFilter,gradient_tape/mobilenetv2_1.00_128/block_3_expand/Conv2D/Conv2DBackpropFilter,2,158.113,79.0565,158.113,79.0565,0.0024515410420822424,0.7608122328072917,0.0,0.0
29,Device,Conv2DBackpropFilter,gradient_tape/mobilenetv2_1.00_128/block_2_expand/Conv2D/Conv2DBackpropFilter,2,155.808,77.904,155.808,77.904,0.002415802031994523,0.7632280348392863,0.0,0.0
30,Device,DepthwiseConv2dNativeBackpropInput,gradient_tape/mobilenetv2_1.00_128/expanded_conv_depthwise/depthwise/DepthwiseConv2dNativeBackpropInput,2,150.946,75.473,150.946,75.473,0.0023404167534494076,0.7655684515927357,0.0,0.0
31,Device,Conv2DBackpropFilter,gradient_tape/mobilenetv2_1.00_128/block_2_project/Conv2D/Conv2DBackpropFilter,2,149.954,74.977,149.954,74.977,0.0023250357998671873,0.7678934873926029,0.0,0.0
32,Device,Conv2DBackpropFilter,gradient_tape/mobilenetv2_1.00_128/block_1_project/Conv2D/Conv2DBackpropFilter,2,148.897,74.4485,148.897,74.4485,0.002308647021705487,0.7702021344143084,0.0,0.0
33,Device,FusedBatchNormV3,mobilenetv2_1.00_128/expanded_conv_depthwise_BN/FusedBatchNormV3,4,144.352,36.088,144.352,36.088,0.0022381768261095286,0.7724403112404179,0.0,0.0
34,Device,DepthwiseConv2dNativeBackpropInput,gradient_tape/mobilenetv2_1.00_128/block_3_depthwise/depthwise/DepthwiseConv2dNativeBackpropInput,2,143.808,71.904,143.808,71.904,0.002229742109628956,0.7746700533500469,0.0,0.0
35,Device,DepthwiseConv2dNativeBackpropFilter,gradient_tape/mobilenetv2_1.00_128/block_2_depthwise/depthwise/DepthwiseConv2dNativeBackpropFilter,2,138.848,69.424,138.848,69.424,0.0021528373417178553,0.7768228906917648,0.0,0.0
36,Device,FusedBatchNormV3,mobilenetv2_1.00_128/bn_Conv1/FusedBatchNormV3,4,137.568,34.392,137.568,34.392,0.0021329909499988612,0.7789558816417637,0.0,0.0
37,Device,DepthwiseConv2dNative,mobilenetv2_1.00_128/expanded_conv_depthwise/depthwise,2,133.121,66.5605,133.121,66.5605,0.002064040243768888,0.7810199218855326,0.0,0.0
38,Device,FusedBatchNormGradV3,gradient_tape/mobilenetv2_1.00_128/block_1_depthwise_BN/FusedBatchNormGradV3,2,126.018,63.009,126.018,63.009,0.001953908274722003,0.7829738301602546,0.0,0.0
39,Device,FusedBatchNormV3,mobilenetv2_1.00_128/block_2_depthwise_BN/FusedBatchNormV3,4,125.984,31.496,125.984,31.496,0.0019533811049419667,0.7849272112651965,0.0,0.0
40,Device,Conv2D,mobilenetv2_1.00_128/block_16_project/Conv2D,4,123.65,30.9125,123.65,30.9125,0.0019171924500418643,0.7868444037152383,0.0,0.0
41,Device,Relu6Grad,gradient_tape/mobilenetv2_1.00_128/block_3_expand_relu/Relu6/Relu6Grad,2,122.881,61.4405,122.881,61.4405,0.0019052691100169374,0.7887496728252553,0.0,0.0
42,Device,SoftmaxCrossEntropyWithLogits,categorical_crossentropy/softmax_cross_entropy_with_logits,2,122.88,61.44,122.88,61.44,0.0019052536050234068,0.7906549264302787,0.0,0.0
43,Device,Relu6Grad,gradient_tape/mobilenetv2_1.00_128/block_2_expand_relu/Relu6/Relu6Grad,2,121.216,60.608,121.216,60.608,0.0018794532957887148,0.7925343797260674,0.0,0.0
44,Device,Relu6Grad,gradient_tape/mobilenetv2_1.00_128/block_2_depthwise_relu/Relu6/Relu6Grad,2,119.936,59.968,119.936,59.968,0.0018596069040697212,0.7943939866301372,0.0,0.0
45,Device,DepthwiseConv2dNativeBackpropFilter,gradient_tape/mobilenetv2_1.00_128/block_15_depthwise/depthwise/DepthwiseConv2dNativeBackpropFilter,2,118.081,59.0405,118.081,59.0405,0.0018308451410707107,0.7962248317712078,0.0,0.0
46,Device,Conv2DBackpropFilter,gradient_tape/mobilenetv2_1.00_128/Conv_1/Conv2D/Conv2DBackpropFilter,2,117.6,58.8,117.6,58.8,0.0018233872391825573,0.7980482190103904,0.0,0.0
47,Device,FusedBatchNormV3,mobilenetv2_1.00_128/block_2_expand_BN/FusedBatchNormV3,4,115.808,28.952,115.808,28.952,0.0017956022907759661,0.7998438213011663,0.0,0.0
48,Device,FusedBatchNormV3,mobilenetv2_1.00_128/block_3_expand_BN/FusedBatchNormV3,4,115.104,28.776,115.104,28.776,0.0017846867753305196,0.8016285080764968,0.0,0.0
49,Device,DepthwiseConv2dNativeBackpropFilter,gradient_tape/mobilenetv2_1.00_128/block_13_depthwise/depthwise/DepthwiseConv2dNativeBackpropFilter,2,114.241,57.1205,114.241,57.1205,0.0017713059659137291,0.8033998140424105,0.0,0.0
50,Device,DepthwiseConv2dNativeBackpropFilter,gradient_tape/mobilenetv2_1.00_128/block_16_depthwise/depthwise/DepthwiseConv2dNativeBackpropFilter,2,109.728,54.864,109.728,54.864,0.0017013319301107453,0.8051011459725212,0.0,0.0
51,Device,DepthwiseConv2dNativeBackpropFilter,gradient_tape/mobilenetv2_1.00_128/block_14_depthwise/depthwise/DepthwiseConv2dNativeBackpropFilter,2,109.696,54.848,109.696,54.848,0.0017008357703177707,0.806801981742839,0.0,0.0
52,Device,Conv2DBackpropInput,gradient_tape/mobilenetv2_1.00_128/block_16_project/Conv2D/Conv2DBackpropInput,2,105.824,52.912,105.824,52.912,0.0016408004353678143,0.8084427821782069,0.0,0.0
53,Device,Conv2D,mobilenetv2_1.00_128/Conv1/Conv2D,2,98.273,49.1365,98.273,49.1365,0.001523722229219281,0.8099665044074261,0.0,0.0
54,Device,Conv2DBackpropInput,gradient_tape/mobilenetv2_1.00_128/block_14_expand/Conv2D/Conv2DBackpropInput,4,98.048,24.512,98.048,24.512,0.0015202336056749268,0.811486738013101,0.0,0.0
55,Device,Conv2DBackpropInput,gradient_tape/mobilenetv2_1.00_128/block_16_expand/Conv2D/Conv2DBackpropInput,4,97.824,24.456,97.824,24.456,0.0015167604871241028,0.8130034985002251,0.0,0.0
56,Device,Conv2DBackpropInput,gradient_tape/mobilenetv2_1.00_128/block_15_expand/Conv2D/Conv2DBackpropInput,4,97.602,24.4005,97.602,24.4005,0.00151331837856034,0.8145168168787855,0.0,0.0
57,Device,FusedBatchNormV3,mobilenetv2_1.00_128/expanded_conv_project_BN/FusedBatchNormV3,4,96.672,24.168,96.672,24.168,0.0014988987345770084,0.8160157156133625,0.0,0.0
58,Device,Conv2D,mobilenetv2_1.00_128/block_15_project/Conv2D,4,95.936,23.984,95.936,23.984,0.001487487059338587,0.817503202672701,0.0,0.0
59,Device,Relu6Grad,gradient_tape/mobilenetv2_1.00_128/Conv1_relu/Relu6/Relu6Grad,2,95.873,47.9365,95.873,47.9365,0.001486510244746168,0.8189897129174473,0.0,0.0
60,Device,Conv2D,mobilenetv2_1.00_128/block_14_project/Conv2D,4,95.584,23.896,95.584,23.896,0.0014820293016158637,0.8204717422190632,0.0,0.0
61,Device,Relu6Grad,gradient_tape/mobilenetv2_1.00_128/expanded_conv_depthwise_relu/Relu6/Relu6Grad,2,93.122,46.561,93.122,46.561,0.0014438560075438615,0.821915598226607,0.0,0.0
62,Device,Conv2D,mobilenetv2_1.00_128/block_2_expand/Conv2D,2,92.928,46.464,92.928,46.464,0.0014408480387989515,0.8233564462654059,0.0,0.0
63,Device,Conv2D,mobilenetv2_1.00_128/block_3_expand/Conv2D,2,92.928,46.464,92.928,46.464,0.0014408480387989515,0.8247972943042049,0.0,0.0
64,Device,Slice,gradient_tape/mobilenetv2_1.00_128/block_3_pad/Slice_1,2,92.225,46.1125,92.225,46.1125,0.0014299480283470353,0.826227242332552,0.0,0.0
65,Device,Pad,mobilenetv2_1.00_128/block_3_pad/Pad,2,90.945,45.4725,90.945,45.4725,0.0014101016366280415,0.82763734396918,0.0,0.0
66,Device,Conv2D,mobilenetv2_1.00_128/Conv_1/Conv2D,2,88.801,44.4005,88.801,44.4005,0.001376858930498727,0.8290142028996788,0.0,0.0
67,Device,DepthwiseConv2dNative,mobilenetv2_1.00_128/block_2_depthwise/depthwise,2,88.192,44.096,88.192,44.096,0.0013674163894386742,0.8303816192891175,0.0,0.0
68,Device,Conv2DBackpropFilter,gradient_tape/mobilenetv2_1.00_128/block_11_expand/Conv2D/Conv2DBackpropFilter,2,83.425,41.7125,83.425,41.7125,0.0012935040852789527,0.8316751233743964,0.0,0.0
69,Device,Conv2DBackpropFilter,gradient_tape/mobilenetv2_1.00_128/block_12_expand/Conv2D/Conv2DBackpropFilter,2,83.04,41.52,83.04,41.52,0.0012875346627697244,0.8329626580371662,0.0,0.0
70,Device,Conv2DBackpropFilter,gradient_tape/mobilenetv2_1.00_128/block_13_expand/Conv2D/Conv2DBackpropFilter,2,82.817,41.4085,82.817,41.4085,0.0012840770492124306,0.8342467350863786,0.0,0.0
71,Device,Relu6,mobilenetv2_1.00_128/block_2_depthwise_relu/Relu6,2,82.24,41.12,82.24,41.12,0.001275130667945353,0.835521865754324,0.0,0.0
72,Device,Conv2DBackpropInput,gradient_tape/mobilenetv2_1.00_128/expanded_conv_project/Conv2D/Conv2DBackpropInput,2,81.472,40.736,81.472,40.736,0.0012632228329139568,0.8367850885872379,0.0,0.0
73,Device,Conv2DBackpropFilter,gradient_tape/mobilenetv2_1.00_128/block_4_project/Conv2D/Conv2DBackpropFilter,2,81.281,40.6405,81.281,40.6405,0.0012602613791496383,0.8380453499663875,0.0,0.0
74,Device,Conv2DBackpropFilter,gradient_tape/mobilenetv2_1.00_128/block_5_project/Conv2D/Conv2DBackpropFilter,2,80.833,40.4165,80.833,40.4165,0.0012533151420479904,0.8392986651084354,0.0,0.0
75,Device,Relu6,mobilenetv2_1.00_128/block_2_expand_relu/Relu6,2,80.642,40.321,80.642,40.321,0.0012503536882836716,0.8405490187967191,0.0,0.0
76,Device,Relu6,mobilenetv2_1.00_128/block_3_expand_relu/Relu6,2,80.545,40.2725,80.545,40.2725,0.0012488497039112169,0.8417978685006303,0.0,0.0
77,Device,Conv2DBackpropInput,gradient_tape/mobilenetv2_1.00_128/block_2_project/Conv2D/Conv2DBackpropInput,2,79.936,39.968,79.936,39.968,0.0012394071628511643,0.8430372756634815,0.0,0.0
78,Device,Conv2DBackpropFilter,gradient_tape/mobilenetv2_1.00_128/block_3_project/Conv2D/Conv2DBackpropFilter,2,79.361,39.6805,79.361,39.6805,0.0012304917915711476,0.8442677674550527,0.0,0.0
79,Device,Conv2DBackpropFilter,gradient_tape/mobilenetv2_1.00_128/block_11_project/Conv2D/Conv2DBackpropFilter,4,79.072,19.768,79.072,19.768,0.0012260108484408434,0.8454937783034936,0.0,0.0
80,Device,Conv2DBackpropFilter,gradient_tape/mobilenetv2_1.00_128/block_12_project/Conv2D/Conv2DBackpropFilter,4,78.304,19.576,78.304,19.576,0.0012141030134094472,0.846707881316903,0.0,0.0
81,Device,FusedBatchNormV3,mobilenetv2_1.00_128/block_1_depthwise_BN/FusedBatchNormV3,4,77.76,19.44,77.76,19.44,0.0012056682969288747,0.8479135496138319,0.0,0.0
82,Device,Conv2DBackpropInput,gradient_tape/mobilenetv2_1.00_128/block_2_expand/Conv2D/Conv2DBackpropInput,2,76.608,38.304,76.608,38.304,0.0011878065443817803,0.8491013561582137,0.0,0.0
83,Device,Conv2DBackpropFilter,gradient_tape/mobilenetv2_1.00_128/block_16_project/Conv2D/Conv2DBackpropFilter,4,76.224,19.056,76.224,19.056,0.0011818526268660822,0.8502832087850798,0.0,0.0
84,Device,Conv2DBackpropInput,gradient_tape/mobilenetv2_1.00_128/block_3_expand/Conv2D/Conv2DBackpropInput,2,75.36,37.68,75.36,37.68,0.0011684563124557614,0.8514516650975356,0.0,0.0
85,Device,Conv2DBackpropFilter,gradient_tape/mobilenetv2_1.00_128/block_6_expand/Conv2D/Conv2DBackpropFilter,2,75.104,37.552,75.104,37.552,0.0011644870341119625,0.8526161521316475,0.0,0.0
86,Device,Conv2DBackpropFilter,gradient_tape/mobilenetv2_1.00_128/block_4_expand/Conv2D/Conv2DBackpropFilter,2,74.273,37.1365,74.273,37.1365,0.0011516023844881469,0.8537677545161357,0.0,0.0
87,Device,Conv2DBackpropFilter,gradient_tape/mobilenetv2_1.00_128/block_5_expand/Conv2D/Conv2DBackpropFilter,2,72.576,36.288,72.576,36.288,0.0011252904104669496,0.8548930449266027,0.0,0.0
88,Device,DepthwiseConv2dNative,mobilenetv2_1.00_128/block_3_depthwise/depthwise,2,72.128,36.064,72.128,36.064,0.001118344173365302,0.856011389099968,0.0,0.0
89,Device,Relu6,mobilenetv2_1.00_128/expanded_conv_depthwise_relu/Relu6,2,71.489,35.7445,71.489,35.7445,0.0011084364824993356,0.8571198255824674,0.0,0.0
90,Device,Conv2D,mobilenetv2_1.00_128/block_13_project/Conv2D,4,71.232,17.808,71.232,17.808,0.0011044516991620063,0.8582242772816293,0.0,0.0
91,Device,Conv2D,mobilenetv2_1.00_128/block_11_project/Conv2D,4,71.136,17.784,71.136,17.784,0.0011029632197830817,0.8593272405014124,0.0,0.0
92,Device,Conv2DBackpropInput,gradient_tape/mobilenetv2_1.00_128/block_11_expand/Conv2D/Conv2DBackpropInput,4,71.104,17.776,71.104,17.776,0.0011024670599901068,0.8604297075614025,0.0,0.0
93,Device,Conv2DBackpropInput,gradient_tape/mobilenetv2_1.00_128/block_13_expand/Conv2D/Conv2DBackpropInput,4,70.784,17.696,70.784,17.696,0.0010975054620603584,0.8615272130234628,0.0,0.0
94,Device,Relu6Grad,gradient_tape/mobilenetv2_1.00_128/block_1_depthwise_relu/Relu6/Relu6Grad,2,70.72,35.36,70.72,35.36,0.0010965131424744087,0.8626237261659372,0.0,0.0
95,Device,Relu6,mobilenetv2_1.00_128/Conv1_relu/Relu6,2,70.433,35.2165,70.433,35.2165,0.0010920632093311656,0.8637157893752684,0.0,0.0
96,Device,Conv2DBackpropInput,gradient_tape/mobilenetv2_1.00_128/block_12_expand/Conv2D/Conv2DBackpropInput,4,70.176,17.544,70.176,17.544,0.0010880784259938363,0.8648038678012622,0.0,0.0
97,Device,Conv2D,mobilenetv2_1.00_128/block_12_project/Conv2D,4,68.032,17.008,68.032,17.008,0.0010548357198645216,0.8658587035211267,0.0,0.0
98,Device,Conv2DBackpropInput,gradient_tape/mobilenetv2_1.00_128/block_1_project/Conv2D/Conv2DBackpropInput,2,67.168,33.584,67.168,33.584,0.001041439405454201,0.8669001429265809,0.0,0.0
99,Device,Conv2D,mobilenetv2_1.00_128/expanded_conv_project/Conv2D,2,66.817,33.4085,66.817,33.4085,0.0010359971527250079,0.8679361400793059,0.0,0.0
100,Device,Conv2DBackpropInput,gradient_tape/mobilenetv2_1.00_128/block_6_expand/Conv2D/Conv2DBackpropInput,2,66.048,33.024,66.048,33.024,0.0010240738127000812,0.868960213892006,0.0,0.0
101,Device,Conv2DBackpropInput,gradient_tape/mobilenetv2_1.00_128/block_4_expand/Conv2D/Conv2DBackpropInput,2,65.057,32.5285,65.057,32.5285,0.0010087083641113915,0.8699689222561173,0.0,0.0
102,Device,Conv2DBackpropInput,gradient_tape/mobilenetv2_1.00_128/block_5_expand/Conv2D/Conv2DBackpropInput,2,64.992,32.496,64.992,32.496,0.0010077005395319114,0.8709766227956492,0.0,0.0
103,Device,DepthwiseConv2dNativeBackpropInput,gradient_tape/mobilenetv2_1.00_128/block_4_depthwise/depthwise/DepthwiseConv2dNativeBackpropInput,2,64.704,32.352,64.704,32.352,0.0010032351013951376,0.8719798578970444,0.0,0.0
104,Device,DepthwiseConv2dNativeBackpropInput,gradient_tape/mobilenetv2_1.00_128/block_5_depthwise/depthwise/DepthwiseConv2dNativeBackpropInput,2,64.129,32.0645,64.129,32.0645,0.0009943197301151212,0.8729741776271595,0.0,0.0
105,Device,Conv2DBackpropInput,gradient_tape/mobilenetv2_1.00_128/block_15_project/Conv2D/Conv2DBackpropInput,2,62.144,31.072,62.144,31.072,0.00096354231795715,0.8739377199451166,0.0,0.0
106,Device,Conv2DBackpropInput,gradient_tape/mobilenetv2_1.00_128/block_14_project/Conv2D/Conv2DBackpropInput,2,61.249,30.6245,61.249,30.6245,0.000949665348747385,0.874887385293864,0.0,0.0
107,Device,Conv2DBackpropFilter,gradient_tape/mobilenetv2_1.00_128/block_15_project/Conv2D/Conv2DBackpropFilter,2,59.776,29.888,59.776,29.888,0.0009268264932770115,0.875814211787141,0.0,0.0
108,Device,Conv2D,mobilenetv2_1.00_128/block_2_project/Conv2D,2,59.65,29.825,59.65,29.825,0.000924872864092173,0.8767390846512332,0.0,0.0
109,Device,DepthwiseConv2dNativeBackpropFilter,gradient_tape/mobilenetv2_1.00_128/block_5_depthwise/depthwise/DepthwiseConv2dNativeBackpropFilter,2,59.104,29.552,59.104,29.552,0.0009164071376245397,0.8776554917888577,0.0,0.0
110,Device,Conv2DBackpropFilter,gradient_tape/mobilenetv2_1.00_128/block_14_project/Conv2D/Conv2DBackpropFilter,2,58.784,29.392,58.784,29.392,0.0009114455396947913,0.8785669373285525,0.0,0.0
111,Device,DepthwiseConv2dNativeBackpropFilter,gradient_tape/mobilenetv2_1.00_128/block_4_depthwise/depthwise/DepthwiseConv2dNativeBackpropFilter,2,58.528,29.264,58.528,29.264,0.0009074762613509925,0.8794744135899035,0.0,0.0
112,Device,Conv2DBackpropFilter,gradient_tape/mobilenetv2_1.00_128/block_16_expand/Conv2D/Conv2DBackpropFilter,4,57.633,14.40825,57.633,14.40825,0.0008935992921412274,0.8803680128820448,0.0,0.0
113,Device,Conv2DBackpropFilter,gradient_tape/mobilenetv2_1.00_128/block_15_expand/Conv2D/Conv2DBackpropFilter,4,57.088,14.272,57.088,14.272,0.0008851490706671245,0.881253161952712,0.0,0.0
114,Device,Conv2DBackpropFilter,gradient_tape/mobilenetv2_1.00_128/block_14_expand/Conv2D/Conv2DBackpropFilter,4,57.024,14.256,57.024,14.256,0.0008841567510811748,0.8821373187037932,0.0,0.0
115,Device,Conv2DBackpropInput,gradient_tape/mobilenetv2_1.00_128/block_10_expand/Conv2D/Conv2DBackpropInput,4,56.864,14.216,56.864,14.216,0.0008816759521163006,0.8830189946559095,0.0,0.0
116,Device,DepthwiseConv2dNativeBackpropInput,gradient_tape/mobilenetv2_1.00_128/block_6_depthwise/depthwise/DepthwiseConv2dNativeBackpropInput,2,56.512,28.256,56.512,28.256,0.0008762181943935773,0.883895212850303,0.0,0.0
117,Device,Conv2DBackpropInput,gradient_tape/mobilenetv2_1.00_128/block_7_expand/Conv2D/Conv2DBackpropInput,4,56.256,14.064,56.256,14.064,0.0008722489160497785,0.8847674617663528,0.0,0.0
118,Device,Conv2DBackpropInput,gradient_tape/mobilenetv2_1.00_128/block_8_expand/Conv2D/Conv2DBackpropInput,4,56.256,14.064,56.256,14.064,0.0008722489160497785,0.8856397106824025,0.0,0.0
119,Device,Conv2DBackpropInput,gradient_tape/mobilenetv2_1.00_128/block_9_expand/Conv2D/Conv2DBackpropInput,4,56.256,14.064,56.256,14.064,0.0008722489160497785,0.8865119595984523,0.0,0.0
120,Device,Conv2DBackpropFilter,gradient_tape/mobilenetv2_1.00_128/block_10_project/Conv2D/Conv2DBackpropFilter,2,55.329,27.6645,55.329,27.6645,0.0008578757870470385,0.8873698353854993,0.0,0.0
121,Device,Conv2DBackpropInput,gradient_tape/mobilenetv2_1.00_128/block_11_project/Conv2D/Conv2DBackpropInput,2,52.864,26.432,52.864,26.432,0.0008196559779944448,0.8881894913634938,0.0,0.0
122,Device,Conv2DBackpropInput,gradient_tape/mobilenetv2_1.00_128/block_12_project/Conv2D/Conv2DBackpropInput,2,52.672,26.336,52.672,26.336,0.0008166790192365958,0.8890061703827303,0.0,0.0
123,Device,Conv2D,mobilenetv2_1.00_128/block_10_project/Conv2D,2,50.624,25.312,50.624,25.312,0.0007849247924862057,0.8897910951752165,0.0,0.0
124,Device,Conv2DBackpropFilter,gradient_tape/mobilenetv2_1.00_128/block_13_project/Conv2D/Conv2DBackpropFilter,4,50.4,12.6,50.4,12.6,0.0007814516739353817,0.8905725468491519,0.0,0.0
125,Device,Conv2D,mobilenetv2_1.00_128/block_7_project/Conv2D,2,49.792,24.896,49.792,24.896,0.0007720246378688597,0.8913445714870207,0.0,0.0
126,Device,Conv2DBackpropInput,gradient_tape/mobilenetv2_1.00_128/block_10_project/Conv2D/Conv2DBackpropInput,2,49.312,24.656,49.312,24.656,0.000764582240974237,0.8921091537279949,0.0,0.0
127,Device,DepthwiseConv2dNativeBackpropInput,gradient_tape/mobilenetv2_1.00_128/block_13_depthwise/depthwise/DepthwiseConv2dNativeBackpropInput,2,49.312,24.656,49.312,24.656,0.000764582240974237,0.8928737359689691,0.0,0.0
128,Device,Conv2D,mobilenetv2_1.00_128/block_8_project/Conv2D,2,48.544,24.272,48.544,24.272,0.0007526744059428407,0.893626410374912,0.0,0.0
129,Device,Conv2D,mobilenetv2_1.00_128/block_9_project/Conv2D,2,48.48,24.24,48.48,24.24,0.000751682086356891,0.8943780924612689,0.0,0.0
130,Device,Conv2D,mobilenetv2_1.00_128/block_12_expand/Conv2D,2,47.52,23.76,47.52,23.76,0.0007367972925676458,0.8951148897538365,0.0,0.0
131,Device,Conv2D,mobilenetv2_1.00_128/block_13_expand/Conv2D,2,47.393,23.6965,47.393,23.6965,0.0007348281583892767,0.8958497179122258,0.0,0.0
132,Device,Conv2D,mobilenetv2_1.00_128/block_11_expand/Conv2D,2,47.264,23.632,47.264,23.632,0.000732828014223847,0.8965825459264496,0.0,0.0
133,Device,DepthwiseConv2dNativeBackpropInput,gradient_tape/mobilenetv2_1.00_128/block_12_depthwise/depthwise/DepthwiseConv2dNativeBackpropInput,2,46.624,23.312,46.624,23.312,0.00072290481836435,0.8973054507448139,0.0,0.0
134,Device,FusedBatchNormV3,mobilenetv2_1.00_128/Conv_1_bn/FusedBatchNormV3,4,46.529,11.63225,46.529,11.63225,0.000721431843978956,0.8980268825887929,0.0,0.0
135,Device,DepthwiseConv2dNativeBackpropInput,gradient_tape/mobilenetv2_1.00_128/block_11_depthwise/depthwise/DepthwiseConv2dNativeBackpropInput,2,46.528,23.264,46.528,23.264,0.0007214163389854255,0.8987482989277783,0.0,0.0
136,Device,Conv2D,mobilenetv2_1.00_128/block_1_project/Conv2D,2,46.465,23.2325,46.465,23.2325,0.0007204395243930063,0.8994687384521713,0.0,0.0
137,Device,Conv2DBackpropInput,gradient_tape/mobilenetv2_1.00_128/block_13_project/Conv2D/Conv2DBackpropInput,2,45.408,22.704,45.408,22.704,0.0007040507462313059,0.9001727891984026,0.0,0.0
138,Device,Conv2DBackpropFilter,gradient_tape/mobilenetv2_1.00_128/block_10_expand/Conv2D/Conv2DBackpropFilter,2,45.185,22.5925,45.185,22.5925,0.0007005931326740124,0.9008733823310766,0.0,0.0
139,Device,Conv2DBackpropFilter,gradient_tape/mobilenetv2_1.00_128/block_9_expand/Conv2D/Conv2DBackpropFilter,2,45.184,22.592,45.184,22.592,0.0007005776276804819,0.9015739599587571,0.0,0.0
140,Device,Conv2D,mobilenetv2_1.00_128/block_15_expand/Conv2D,2,45.024,22.512,45.024,22.512,0.0006980968287156077,0.9022720567874727,0.0,0.0
141,Device,Conv2D,mobilenetv2_1.00_128/block_14_expand/Conv2D,2,44.992,22.496,44.992,22.496,0.0006976006689226328,0.9029696574563953,0.0,0.0
142,Device,Conv2DBackpropFilter,gradient_tape/mobilenetv2_1.00_128/block_7_expand/Conv2D/Conv2DBackpropFilter,2,44.928,22.464,44.928,22.464,0.0006966083493366831,0.9036662658057321,0.0,0.0
143,Device,Conv2DBackpropFilter,gradient_tape/mobilenetv2_1.00_128/block_8_project/Conv2D/Conv2DBackpropFilter,2,44.928,22.464,44.928,22.464,0.0006966083493366831,0.9043628741550688,0.0,0.0
144,Device,Conv2DBackpropFilter,gradient_tape/mobilenetv2_1.00_128/block_9_project/Conv2D/Conv2DBackpropFilter,2,44.928,22.464,44.928,22.464,0.0006966083493366831,0.9050594825044055,0.0,0.0
145,Device,Conv2DBackpropFilter,gradient_tape/mobilenetv2_1.00_128/block_8_expand/Conv2D/Conv2DBackpropFilter,2,44.896,22.448,44.896,22.448,0.0006961121895437083,0.9057555946939492,0.0,0.0
146,Device,Conv2D,mobilenetv2_1.00_128/block_16_expand/Conv2D,2,44.736,22.368,44.736,22.368,0.000693631390578834,0.906449226084528,0.0,0.0
147,Device,Conv2DBackpropFilter,gradient_tape/mobilenetv2_1.00_128/block_7_project/Conv2D/Conv2DBackpropFilter,2,44.704,22.352,44.704,22.352,0.0006931352307858593,0.9071423613153139,0.0,0.0
148,Device,Relu6,mobilenetv2_1.00_128/block_1_depthwise_relu/Relu6,2,42.881,21.4405,42.881,21.4405,0.0006648696275798235,0.9078072309428937,0.0,0.0
149,Device,Conv2DBackpropInput,gradient_tape/mobilenetv2_1.00_128/block_7_project/Conv2D/Conv2DBackpropInput,2,42.752,21.376,42.752,21.376,0.0006628694834143938,0.9084701004263082,0.0,0.0
150,Device,Conv2DBackpropInput,gradient_tape/mobilenetv2_1.00_128/block_8_project/Conv2D/Conv2DBackpropInput,2,42.241,21.1205,42.241,21.1205,0.0006549464317203266,0.9091250468580285,0.0,0.0
151,Device,Conv2DBackpropInput,gradient_tape/mobilenetv2_1.00_128/block_9_project/Conv2D/Conv2DBackpropInput,2,42.112,21.056,42.112,21.056,0.0006529462875548968,0.9097779931455834,0.0,0.0
152,Device,Conv2DBackpropInput,gradient_tape/mobilenetv2_1.00_128/block_5_project/Conv2D/Conv2DBackpropInput,2,41.856,20.928,41.856,20.928,0.000648977009211098,0.9104269701547945,0.0,0.0
153,Device,Conv2DBackpropInput,gradient_tape/mobilenetv2_1.00_128/block_4_project/Conv2D/Conv2DBackpropInput,2,41.728,20.864,41.728,20.864,0.0006469923700391986,0.9110739625248336,0.0,0.0
154,Device,Conv2DBackpropInput,gradient_tape/mobilenetv2_1.00_128/block_3_project/Conv2D/Conv2DBackpropInput,2,41.696,20.848,41.696,20.848,0.0006464962102462237,0.9117204587350799,0.0,0.0
155,Device,FusedBatchNormGradV3,gradient_tape/mobilenetv2_1.00_128/block_4_expand_BN/FusedBatchNormGradV3,2,41.121,20.5605,41.121,20.5605,0.0006375808389662071,0.9123580395740462,0.0,0.0
156,Device,FusedBatchNormGradV3,gradient_tape/mobilenetv2_1.00_128/block_4_depthwise_BN/FusedBatchNormGradV3,2,40.96,20.48,40.96,20.48,0.0006350845350078023,0.912993124109054,0.0,0.0
157,Device,FusedBatchNormGradV3,gradient_tape/mobilenetv2_1.00_128/block_5_depthwise_BN/FusedBatchNormGradV3,2,40.832,20.416,40.832,20.416,0.000633099895835903,0.9136262240048899,0.0,0.0
158,Device,FusedBatchNormV3,mobilenetv2_1.00_128/block_16_expand_BN/FusedBatchNormV3,4,40.224,10.056,40.224,10.056,0.0006236728597693808,0.9142498968646593,0.0,0.0
159,Device,FusedBatchNormGradV3,gradient_tape/mobilenetv2_1.00_128/block_5_expand_BN/FusedBatchNormGradV3,2,40.16,20.08,40.16,20.08,0.0006226805401834311,0.9148725774048427,0.0,0.0
160,Device,FusedBatchNormV3,mobilenetv2_1.00_128/block_15_depthwise_BN/FusedBatchNormV3,4,40.032,10.008,40.032,10.008,0.0006206959010115318,0.9154932733058543,0.0,0.0
161,Device,FusedBatchNormGradV3,gradient_tape/mobilenetv2_1.00_128/block_6_expand_BN/FusedBatchNormGradV3,2,39.97,19.985,39.97,19.985,0.000619734591412643,0.9161130078972669,0.0,0.0
162,Device,FusedBatchNormV3,mobilenetv2_1.00_128/block_14_depthwise_BN/FusedBatchNormV3,4,39.936,9.984,39.936,9.984,0.0006192074216326073,0.9167322153188995,0.0,0.0
163,Device,FusedBatchNormV3,mobilenetv2_1.00_128/block_14_expand_BN/FusedBatchNormV3,4,39.904,9.976,39.904,9.976,0.0006187112618396324,0.9173509265807391,0.0,0.0
164,Device,FusedBatchNormV3,mobilenetv2_1.00_128/block_16_depthwise_BN/FusedBatchNormV3,4,39.841,9.96025,39.841,9.96025,0.0006177344472472132,0.9179686610279864,0.0,0.0
165,Device,FusedBatchNormV3,mobilenetv2_1.00_128/block_15_expand_BN/FusedBatchNormV3,4,39.648,9.912,39.648,9.912,0.0006147419834958337,0.9185834030114822,0.0,0.0
166,Device,Transpose,gradient_tape/mobilenetv2_1.00_128/Conv1/Conv2D/Conv2DBackpropFilter-0-TransposeNHWCToNCHW-LayoutOptimizer,2,39.328,19.664,39.328,19.664,0.0006097803855660852,0.9191931833970484,0.0,0.0
167,Device,Conv2D,mobilenetv2_1.00_128/block_4_project/Conv2D,2,39.008,19.504,39.008,19.504,0.0006048187876363368,0.9197980021846847,0.0,0.0
168,Device,Conv2D,mobilenetv2_1.00_128/block_4_expand/Conv2D,2,37.952,18.976,37.952,18.976,0.0005884455144681668,0.9203864476991528,0.0,0.0
169,Device,Conv2DBackpropFilter,gradient_tape/mobilenetv2_1.00_128/block_6_project/Conv2D/Conv2DBackpropFilter,2,37.92,18.96,37.92,18.96,0.000587949354675192,0.920974397053828,0.0,0.0
170,Device,Conv2D,mobilenetv2_1.00_128/block_5_expand/Conv2D,2,37.824,18.912,37.824,18.912,0.0005864608752962675,0.9215608579291242,0.0,0.0
171,Device,Conv2D,mobilenetv2_1.00_128/block_6_expand/Conv2D,2,37.632,18.816,37.632,18.816,0.0005834839165384184,0.9221443418456626,0.0,0.0
172,Device,Conv2D,mobilenetv2_1.00_128/block_5_project/Conv2D,2,37.504,18.752,37.504,18.752,0.0005814992773665189,0.9227258411230291,0.0,0.0
173,Device,Pad,mobilenetv2_1.00_128/block_13_pad/Pad,2,36.608,18.304,36.608,18.304,0.0005676068031632232,0.9232934479261924,0.0,0.0
174,Device,FusedBatchNormGradV3,gradient_tape/mobilenetv2_1.00_128/Conv_1_bn/FusedBatchNormGradV3,2,36.48,18.24,36.48,18.24,0.0005656221639913239,0.9238590700901838,0.0,0.0
175,Device,FusedBatchNormV3,mobilenetv2_1.00_128/block_12_depthwise_BN/FusedBatchNormV3,4,35.232,8.808,35.232,8.808,0.0005462719320653049,0.9244053420222491,0.0,0.0
176,Device,FusedBatchNormV3,mobilenetv2_1.00_128/block_11_expand_BN/FusedBatchNormV3,4,34.945,8.73625,34.945,8.73625,0.0005418219989220619,0.9249471640211712,0.0,0.0
177,Device,Conv2DBackpropInput,gradient_tape/mobilenetv2_1.00_128/block_6_project/Conv2D/Conv2DBackpropInput,2,34.944,17.472,34.944,17.472,0.0005418064939285314,0.9254889705150997,0.0,0.0
178,Device,DepthwiseConv2dNativeBackpropInput,gradient_tape/mobilenetv2_1.00_128/block_8_depthwise/depthwise/DepthwiseConv2dNativeBackpropInput,2,34.56,17.28,34.56,17.28,0.0005358525764128332,0.9260248230915126,0.0,0.0
179,Device,FusedBatchNormV3,mobilenetv2_1.00_128/block_12_expand_BN/FusedBatchNormV3,4,34.432,8.608,34.432,8.608,0.0005338679372409339,0.9265586910287535,0.0,0.0
180,Device,DepthwiseConv2dNativeBackpropInput,gradient_tape/mobilenetv2_1.00_128/block_9_depthwise/depthwise/DepthwiseConv2dNativeBackpropInput,2,34.4,17.2,34.4,17.2,0.0005333717774479589,0.9270920628062015,0.0,0.0
181,Device,DepthwiseConv2dNativeBackpropInput,gradient_tape/mobilenetv2_1.00_128/block_7_depthwise/depthwise/DepthwiseConv2dNativeBackpropInput,2,34.368,17.184,34.368,17.184,0.0005328756176549842,0.9276249384238565,0.0,0.0
182,Device,FusedBatchNormV3,mobilenetv2_1.00_128/block_11_depthwise_BN/FusedBatchNormV3,4,34.336,8.584,34.336,8.584,0.0005323794578620093,0.9281573178817185,0.0,0.0
183,Device,DepthwiseConv2dNativeBackpropInput,gradient_tape/mobilenetv2_1.00_128/block_10_depthwise/depthwise/DepthwiseConv2dNativeBackpropInput,2,34.304,17.152,34.304,17.152,0.0005318832980690344,0.9286892011797876,0.0,0.0
184,Device,FusedBatchNormV3,mobilenetv2_1.00_128/block_13_expand_BN/FusedBatchNormV3,4,34.304,8.576,34.304,8.576,0.0005318832980690344,0.9292210844778567,0.0,0.0
185,Device,Conv2D,mobilenetv2_1.00_128/block_9_expand/Conv2D,2,33.92,16.96,33.92,16.96,0.0005259293805533363,0.92974701385841,0.0,0.0
186,Device,Conv2D,mobilenetv2_1.00_128/block_10_expand/Conv2D,2,33.536,16.768,33.536,16.768,0.0005199754630376382,0.9302669893214476,0.0,0.0
187,Device,Conv2D,mobilenetv2_1.00_128/block_8_expand/Conv2D,2,33.505,16.7525,33.505,16.7525,0.0005194948082381938,0.9307864841296858,0.0,0.0
188,Device,FusedBatchNormGradV3,gradient_tape/mobilenetv2_1.00_128/block_1_project_BN/FusedBatchNormGradV3,2,33.28,16.64,33.28,16.64,0.0005160061846938394,0.9313024903143796,0.0,0.0
189,Device,FusedBatchNormGradV3,gradient_tape/mobilenetv2_1.00_128/block_2_project_BN/FusedBatchNormGradV3,2,33.152,16.576,33.152,16.576,0.00051402154552194,0.9318165118599016,0.0,0.0
190,Device,Conv2D,mobilenetv2_1.00_128/block_7_expand/Conv2D,2,33.12,16.56,33.12,16.56,0.0005135253857289651,0.9323300372456306,0.0,0.0
191,Device,Conv2D,mobilenetv2_1.00_128/block_6_project/Conv2D,2,32.992,16.496,32.992,16.496,0.0005115407465570657,0.9328415779921876,0.0,0.0
192,Device,FusedBatchNormGradV3,gradient_tape/mobilenetv2_1.00_128/block_12_depthwise_BN/FusedBatchNormGradV3,2,32.864,16.432,32.864,16.432,0.0005095561073851664,0.9333511340995727,0.0,0.0
193,Device,FusedBatchNormGradV3,gradient_tape/mobilenetv2_1.00_128/block_11_depthwise_BN/FusedBatchNormGradV3,2,32.768,16.384,32.768,16.384,0.0005080676280062419,0.933859201727579,0.0,0.0
194,Device,FusedBatchNormGradV3,gradient_tape/mobilenetv2_1.00_128/block_11_expand_BN/FusedBatchNormGradV3,2,32.32,16.16,32.32,16.16,0.0005011213909045941,0.9343603231184836,0.0,0.0
195,Device,FusedBatchNormV3,mobilenetv2_1.00_128/block_5_depthwise_BN/FusedBatchNormV3,4,32.16,8.04,32.16,8.04,0.0004986405919397197,0.9348589637104233,0.0,0.0
196,Device,FusedBatchNormGradV3,gradient_tape/mobilenetv2_1.00_128/block_16_depthwise_BN/FusedBatchNormGradV3,2,31.968,15.984,31.968,15.984,0.0004956636331818707,0.9353546273436052,0.0,0.0
197,Device,FusedBatchNormGradV3,gradient_tape/mobilenetv2_1.00_128/block_12_expand_BN/FusedBatchNormGradV3,2,31.936,15.968,31.936,15.968,0.0004951674733888959,0.935849794816994,0.0,0.0
198,Device,ArgMax,ArgMax,2,31.872,15.936,31.872,15.936,0.0004941751538029462,0.9363439699707969,0.0,0.0
199,Device,Pad,mobilenetv2_1.00_128/block_6_pad/Pad,2,31.776,15.888,31.776,15.888,0.0004926866744240216,0.936836656645221,0.0,0.0
200,Device,Relu6Grad,gradient_tape/mobilenetv2_1.00_128/block_6_expand_relu/Relu6/Relu6Grad,2,31.712,15.856,31.712,15.856,0.000491694354838072,0.9373283510000591,0.0,0.0
201,Device,DepthwiseConv2dNativeBackpropFilter,gradient_tape/mobilenetv2_1.00_128/block_12_depthwise/depthwise/DepthwiseConv2dNativeBackpropFilter,2,31.616,15.808,31.616,15.808,0.0004902058754591474,0.9378185568755182,0.0,0.0
202,Device,FusedBatchNormGradV3,gradient_tape/mobilenetv2_1.00_128/block_13_expand_BN/FusedBatchNormGradV3,2,31.424,15.712,31.424,15.712,0.00048722891670129834,0.9383057857922195,0.0,0.0
203,Device,FusedBatchNormV3,mobilenetv2_1.00_128/block_5_expand_BN/FusedBatchNormV3,4,31.329,7.83225,31.329,7.83225,0.0004857559423159043,0.9387915417345354,0.0,0.0
204,Device,FusedBatchNormV3,mobilenetv2_1.00_128/block_13_depthwise_BN/FusedBatchNormV3,4,31.296,7.824,31.296,7.824,0.00048524427752939895,0.9392767860120648,0.0,0.0
205,Device,FusedBatchNormV3,mobilenetv2_1.00_128/block_4_expand_BN/FusedBatchNormV3,4,31.073,7.76825,31.073,7.76825,0.00048178666397210554,0.9397585726760369,0.0,0.0
206,Device,FusedBatchNormGradV3,gradient_tape/mobilenetv2_1.00_128/block_15_depthwise_BN/FusedBatchNormGradV3,2,30.944,15.472,30.944,15.472,0.0004797865198066756,0.9402383591958435,0.0,0.0
207,Device,FusedBatchNormV3,mobilenetv2_1.00_128/block_4_depthwise_BN/FusedBatchNormV3,4,30.848,7.712,30.848,7.712,0.0004782980404277511,0.9407166572362713,0.0,0.0
208,Device,DepthwiseConv2dNativeBackpropFilter,gradient_tape/mobilenetv2_1.00_128/block_11_depthwise/depthwise/DepthwiseConv2dNativeBackpropFilter,2,30.656,15.328,30.656,15.328,0.000475321081669902,0.9411919783179412,0.0,0.0
209,Device,FusedBatchNormGradV3,gradient_tape/mobilenetv2_1.00_128/block_16_expand_BN/FusedBatchNormGradV3,2,30.624,15.312,30.624,15.312,0.00047482492187692716,0.9416668032398181,0.0,0.0
210,Device,FusedBatchNormGradV3,gradient_tape/mobilenetv2_1.00_128/block_14_expand_BN/FusedBatchNormGradV3,2,30.529,15.2645,30.529,15.2645,0.00047335194749153315,0.9421401551873096,0.0,0.0
211,Device,FusedBatchNormV3,mobilenetv2_1.00_128/block_2_project_BN/FusedBatchNormV3,4,30.528,7.632,30.528,7.632,0.00047333644249800263,0.9426134916298077,0.0,0.0
212,Device,FusedBatchNormV3,mobilenetv2_1.00_128/block_1_project_BN/FusedBatchNormV3,4,30.464,7.616,30.464,7.616,0.00047234412291205296,0.9430858357527198,0.0,0.0
213,Device,FusedBatchNormGradV3,gradient_tape/mobilenetv2_1.00_128/block_14_depthwise_BN/FusedBatchNormGradV3,2,30.4,15.2,30.4,15.2,0.00047135180332610324,0.9435571875560459,0.0,0.0
214,Device,Conv2D,mobilenetv2_1.00_128/block_3_project/Conv2D,2,30.4,15.2,30.4,15.2,0.00047135180332610324,0.944028539359372,0.0,0.0
215,Device,FusedBatchNormV3,mobilenetv2_1.00_128/block_6_expand_BN/FusedBatchNormV3,4,30.272,7.568,30.272,7.568,0.0004693671641542039,0.9444979065235263,0.0,0.0
216,Device,FusedBatchNormGradV3,gradient_tape/mobilenetv2_1.00_128/block_15_expand_BN/FusedBatchNormGradV3,2,30.177,15.0885,30.177,15.0885,0.00046789418976880983,0.9449658007132951,0.0,0.0
217,Device,Relu6Grad,gradient_tape/mobilenetv2_1.00_128/block_4_expand_relu/Relu6/Relu6Grad,2,30.176,15.088,30.176,15.088,0.00046787868477527936,0.9454336793980703,0.0,0.0
218,Device,FusedBatchNormV3,mobilenetv2_1.00_128/block_3_depthwise_BN/FusedBatchNormV3,4,30.144,7.536,30.144,7.536,0.0004673825249823045,0.9459010619230527,0.0,0.0
219,Device,FusedBatchNormV3,mobilenetv2_1.00_128/block_9_depthwise_BN/FusedBatchNormV3,4,29.984,7.496,29.984,7.496,0.0004649017260174303,0.9463659636490701,0.0,0.0
220,Device,FusedBatchNormV3,mobilenetv2_1.00_128/block_7_depthwise_BN/FusedBatchNormV3,4,29.76,7.44,29.76,7.44,0.0004614286074666064,0.9468273922565367,0.0,0.0
221,Device,FusedBatchNormV3,mobilenetv2_1.00_128/block_8_expand_BN/FusedBatchNormV3,4,29.696,7.424,29.696,7.424,0.0004604362878806567,0.9472878285444173,0.0,0.0
222,Device,Relu6Grad,gradient_tape/mobilenetv2_1.00_128/block_5_expand_relu/Relu6/Relu6Grad,2,29.664,14.832,29.664,14.832,0.00045994012808768184,0.947747768672505,0.0,0.0
223,Device,FusedBatchNormV3,mobilenetv2_1.00_128/block_7_expand_BN/FusedBatchNormV3,4,29.408,7.352,29.408,7.352,0.0004559708497438831,0.9482037395222489,0.0,0.0
224,Device,FusedBatchNormV3,mobilenetv2_1.00_128/block_8_depthwise_BN/FusedBatchNormV3,4,29.376,7.344,29.376,7.344,0.00045547468995090824,0.9486592142121998,0.0,0.0
225,Device,FusedBatchNormV3,mobilenetv2_1.00_128/block_10_depthwise_BN/FusedBatchNormV3,4,29.344,7.336,29.344,7.336,0.0004549785301579334,0.9491141927423578,0.0,0.0
226,Device,FusedBatchNormV3,mobilenetv2_1.00_128/block_9_expand_BN/FusedBatchNormV3,4,29.344,7.336,29.344,7.336,0.0004549785301579334,0.9495691712725157,0.0,0.0
227,Device,FusedBatchNormV3,mobilenetv2_1.00_128/block_10_expand_BN/FusedBatchNormV3,4,29.185,7.29625,29.185,7.29625,0.0004525132361865896,0.9500216845087023,0.0,0.0
228,Device,DepthwiseConv2dNative,mobilenetv2_1.00_128/block_5_depthwise/depthwise,2,28.928,14.464,28.928,14.464,0.0004485284528492604,0.9504702129615515,0.0,0.0
229,Device,DepthwiseConv2dNative,mobilenetv2_1.00_128/block_4_depthwise/depthwise,2,28.769,14.3845,28.769,14.3845,0.0004460631588779166,0.9509162761204295,0.0,0.0
230,Device,DepthwiseConv2dNativeBackpropInput,gradient_tape/mobilenetv2_1.00_128/block_14_depthwise/depthwise/DepthwiseConv2dNativeBackpropInput,2,24.832,12.416,24.832,12.416,0.00038501999934848017,0.951301296119778,0.0,0.0
231,Device,DepthwiseConv2dNativeBackpropInput,gradient_tape/mobilenetv2_1.00_128/block_16_depthwise/depthwise/DepthwiseConv2dNativeBackpropInput,2,24.801,12.4005,24.801,12.4005,0.00038453934454903577,0.9516858354643271,0.0,0.0
232,Device,FusedBatchNormV3,mobilenetv2_1.00_128/block_16_project_BN/FusedBatchNormV3,4,24.672,6.168,24.672,6.168,0.0003825392003836059,0.9520683746647106,0.0,0.0
233,Device,DepthwiseConv2dNativeBackpropInput,gradient_tape/mobilenetv2_1.00_128/block_15_depthwise/depthwise/DepthwiseConv2dNativeBackpropInput,2,24.64,12.32,24.64,12.32,0.0003820430405906311,0.9524504177053013,0.0,0.0
234,Device,DepthwiseConv2dNativeBackpropFilter,gradient_tape/mobilenetv2_1.00_128/block_9_depthwise/depthwise/DepthwiseConv2dNativeBackpropFilter,2,24.288,12.144,24.288,12.144,0.0003765852828679078,0.9528270029881691,0.0,0.0
235,Device,DepthwiseConv2dNativeBackpropFilter,gradient_tape/mobilenetv2_1.00_128/block_8_depthwise/depthwise/DepthwiseConv2dNativeBackpropFilter,2,24.192,12.096,24.192,12.096,0.00037509680348898325,0.9532020997916582,0.0,0.0
236,Device,DepthwiseConv2dNativeBackpropFilter,gradient_tape/mobilenetv2_1.00_128/block_7_depthwise/depthwise/DepthwiseConv2dNativeBackpropFilter,2,24.0,12.0,24.0,12.0,0.0003721198447311342,0.9535742196363893,0.0,0.0
237,Device,DepthwiseConv2dNativeBackpropFilter,gradient_tape/mobilenetv2_1.00_128/block_10_depthwise/depthwise/DepthwiseConv2dNativeBackpropFilter,2,23.936,11.968,23.936,11.968,0.00037112752514518446,0.9539453471615346,0.0,0.0
238,Device,FusedBatchNormGradV3,gradient_tape/mobilenetv2_1.00_128/block_8_depthwise_BN/FusedBatchNormGradV3,2,23.936,11.968,23.936,11.968,0.00037112752514518446,0.9543164746866798,0.0,0.0
239,Device,FusedBatchNormGradV3,gradient_tape/mobilenetv2_1.00_128/block_10_depthwise_BN/FusedBatchNormGradV3,2,23.68,11.84,23.68,11.84,0.0003671582468013857,0.9546836329334811,0.0,0.0
240,Device,FusedBatchNormV3,mobilenetv2_1.00_128/block_6_depthwise_BN/FusedBatchNormV3,4,23.584,5.896,23.584,5.896,0.0003656697674224612,0.9550493027009036,0.0,0.0
241,Device,Slice,gradient_tape/mobilenetv2_1.00_128/block_6_pad/Slice_1,2,23.552,11.776,23.552,11.776,0.0003651736076294863,0.955414476308533,0.0,0.0
242,Device,FusedBatchNormGradV3,gradient_tape/mobilenetv2_1.00_128/block_7_depthwise_BN/FusedBatchNormGradV3,2,23.456,11.728,23.456,11.728,0.0003636851282505618,0.9557781614367836,0.0,0.0
243,Device,MatMul,mobilenetv2_1.00_128/predictions/MatMul,2,22.848,11.424,22.848,11.424,0.00035425809218403973,0.9561324195289677,0.0,0.0
244,Device,FusedBatchNormGradV3,gradient_tape/mobilenetv2_1.00_128/block_9_depthwise_BN/FusedBatchNormGradV3,2,22.816,11.408,22.816,11.408,0.00035376193239106487,0.9564861814613588,0.0,0.0
245,Device,FusedBatchNormGradV3,gradient_tape/mobilenetv2_1.00_128/block_9_expand_BN/FusedBatchNormGradV3,2,22.336,11.168,22.336,11.168,0.00034631953549644215,0.9568325009968552,0.0,0.0
246,Device,FusedBatchNormGradV3,gradient_tape/mobilenetv2_1.00_128/block_10_expand_BN/FusedBatchNormGradV3,2,22.176,11.088,22.176,11.088,0.00034383873653156795,0.9571763397333868,0.0,0.0
247,Device,FusedBatchNormGradV3,gradient_tape/mobilenetv2_1.00_128/block_3_depthwise_BN/FusedBatchNormGradV3,2,22.048,11.024,22.048,11.024,0.00034185409735966856,0.9575181938307464,0.0,0.0
248,Device,FusedBatchNormGradV3,gradient_tape/mobilenetv2_1.00_128/block_8_expand_BN/FusedBatchNormGradV3,2,21.984,10.992,21.984,10.992,0.00034086177777371894,0.9578590556085201,0.0,0.0
249,Device,FusedBatchNormV3,mobilenetv2_1.00_128/block_5_project_BN/FusedBatchNormV3,4,21.984,5.496,21.984,5.496,0.00034086177777371894,0.9581999173862938,0.0,0.0
250,Device,FusedBatchNormV3,mobilenetv2_1.00_128/block_4_project_BN/FusedBatchNormV3,4,21.824,5.456,21.824,5.456,0.0003383809788088447,0.9585382983651027,0.0,0.0
251,Device,FusedBatchNormGradV3,gradient_tape/mobilenetv2_1.00_128/block_7_expand_BN/FusedBatchNormGradV3,2,21.792,10.896,21.792,10.896,0.0003378848190158699,0.9588761831841186,0.0,0.0
252,Device,Relu6Grad,gradient_tape/mobilenetv2_1.00_128/block_5_depthwise_relu/Relu6/Relu6Grad,2,21.76,10.88,21.76,10.88,0.000337388659222895,0.9592135718433416,0.0,0.0
253,Device,FusedBatchNormV3,mobilenetv2_1.00_128/block_3_project_BN/FusedBatchNormV3,4,21.6,5.4,21.6,5.4,0.00033490786025802075,0.9595484797035996,0.0,0.0
254,Device,FusedBatchNormGradV3,gradient_tape/mobilenetv2_1.00_128/block_13_depthwise_BN/FusedBatchNormGradV3,2,21.504,10.752,21.504,10.752,0.0003334193808790962,0.9598818990844786,0.0,0.0
255,Device,DepthwiseConv2dNative,mobilenetv2_1.00_128/block_6_depthwise/depthwise,2,21.184,10.592,21.184,10.592,0.00032845778294934776,0.960210356867428,0.0,0.0
256,Device,Relu6Grad,gradient_tape/mobilenetv2_1.00_128/block_13_expand_relu/Relu6/Relu6Grad,2,20.704,10.352,20.704,10.352,0.0003210153860547251,0.9605313722534827,0.0,0.0
257,Device,FusedBatchNormV3,mobilenetv2_1.00_128/block_14_project_BN/FusedBatchNormV3,4,20.704,5.176,20.704,5.176,0.0003210153860547251,0.9608523876395375,0.0,0.0
258,Device,FusedBatchNormV3,mobilenetv2_1.00_128/block_12_project_BN/FusedBatchNormV3,4,20.672,5.168,20.672,5.168,0.00032051922626175023,0.9611729068657993,0.0,0.0
259,Device,FusedBatchNormV3,mobilenetv2_1.00_128/block_15_project_BN/FusedBatchNormV3,4,20.672,5.168,20.672,5.168,0.00032051922626175023,0.961493426092061,0.0,0.0
260,Device,FusedBatchNormV3,mobilenetv2_1.00_128/block_10_project_BN/FusedBatchNormV3,4,20.64,5.16,20.64,5.16,0.00032002306646877537,0.9618134491585297,0.0,0.0
261,Device,Relu6Grad,gradient_tape/mobilenetv2_1.00_128/block_4_depthwise_relu/Relu6/Relu6Grad,2,20.608,10.304,20.608,10.304,0.00031952690667580056,0.9621329760652055,0.0,0.0
262,Device,FusedBatchNormV3,mobilenetv2_1.00_128/block_11_project_BN/FusedBatchNormV3,4,20.608,5.152,20.608,5.152,0.00031952690667580056,0.9624525029718813,0.0,0.0
263,Device,FusedBatchNormV3,mobilenetv2_1.00_128/block_13_project_BN/FusedBatchNormV3,4,20.48,5.12,20.48,5.12,0.00031754226750390117,0.9627700452393853,0.0,0.0
264,Device,DepthwiseConv2dNative,mobilenetv2_1.00_128/block_15_depthwise/depthwise,2,20.384,10.192,20.384,10.192,0.00031605378812497663,0.9630860990275102,0.0,0.0
265,Device,DepthwiseConv2dNative,mobilenetv2_1.00_128/block_14_depthwise/depthwise,2,20.32,10.16,20.32,10.16,0.00031506146853902696,0.9634011604960492,0.0,0.0
266,Device,DepthwiseConv2dNative,mobilenetv2_1.00_128/block_16_depthwise/depthwise,2,20.32,10.16,20.32,10.16,0.00031506146853902696,0.9637162219645882,0.0,0.0
267,Device,FusedBatchNormV3,mobilenetv2_1.00_128/block_6_project_BN/FusedBatchNormV3,4,20.192,5.048,20.192,5.048,0.00031307682936712757,0.9640292987939553,0.0,0.0
268,Device,FusedBatchNormV3,mobilenetv2_1.00_128/block_9_project_BN/FusedBatchNormV3,4,20.032,5.008,20.032,5.008,0.0003105960304022533,0.9643398948243576,0.0,0.0
269,Device,FusedBatchNormV3,mobilenetv2_1.00_128/block_7_project_BN/FusedBatchNormV3,4,19.904,4.976,19.904,4.976,0.0003086113912303539,0.964648506215588,0.0,0.0
270,Device,FusedBatchNormV3,mobilenetv2_1.00_128/block_8_project_BN/FusedBatchNormV3,4,19.808,4.952,19.808,4.952,0.0003071229118514294,0.9649556291274394,0.0,0.0
271,Device,Relu6Grad,gradient_tape/mobilenetv2_1.00_128/block_12_depthwise_relu/Relu6/Relu6Grad,2,19.552,9.776,19.552,9.776,0.00030315363350763065,0.965258782760947,0.0,0.0
272,Device,Relu6Grad,gradient_tape/mobilenetv2_1.00_128/block_12_expand_relu/Relu6/Relu6Grad,2,19.329,9.6645,19.329,9.6645,0.0002996960199503372,0.9655584787808974,0.0,0.0
273,Device,ArgMax,ArgMax_1,2,19.296,9.648,19.296,9.648,0.00029918435516383186,0.9658576631360613,0.0,0.0
274,Device,Relu6Grad,gradient_tape/mobilenetv2_1.00_128/block_11_depthwise_relu/Relu6/Relu6Grad,2,19.2,9.6,19.2,9.6,0.0002976958757849073,0.9661553590118461,0.0,0.0
275,Device,Softmax,mobilenetv2_1.00_128/predictions/Softmax,2,19.168,9.584,19.168,9.584,0.00029719971599193246,0.9664525587278381,0.0,0.0
276,Device,Relu6Grad,gradient_tape/mobilenetv2_1.00_128/block_11_expand_relu/Relu6/Relu6Grad,2,18.752,9.376,18.752,9.376,0.00029074963868325947,0.9667433083665213,0.0,0.0
277,Device,Slice,gradient_tape/mobilenetv2_1.00_128/block_13_pad/Slice_1,2,18.752,9.376,18.752,9.376,0.00029074963868325947,0.9670340580052046,0.0,0.0
278,Device,DepthwiseConv2dNative,mobilenetv2_1.00_128/block_12_depthwise/depthwise,2,18.528,9.264,18.528,9.264,0.00028727652013243554,0.967321334525337,0.0,0.0
279,Device,DepthwiseConv2dNative,mobilenetv2_1.00_128/block_11_depthwise/depthwise,2,18.496,9.248,18.496,9.248,0.00028678036033946073,0.9676081148856764,0.0,0.0
280,Device,DepthwiseConv2dNative,mobilenetv2_1.00_128/block_13_depthwise/depthwise,2,17.12,8.56,17.12,8.56,0.0002654454892415424,0.967873560374918,0.0,0.0
281,Device,ResourceApplyGradientDescent,SGD/SGD/update_153/ResourceApplyGradientDescent,2,17.088,8.544,17.088,8.544,0.00026494932944856755,0.9681385097043665,0.0,0.0
282,Device,FusedBatchNormGradV3,gradient_tape/mobilenetv2_1.00_128/block_16_project_BN/FusedBatchNormGradV3,2,15.168,7.584,15.168,7.584,0.00023517974187007678,0.9683736894462366,0.0,0.0
283,Device,FusedBatchNormGradV3,gradient_tape/mobilenetv2_1.00_128/block_3_project_BN/FusedBatchNormGradV3,2,15.008,7.504,15.008,7.504,0.00023269894290520255,0.9686063883891418,0.0,0.0
284,Device,DepthwiseConv2dNative,mobilenetv2_1.00_128/block_7_depthwise/depthwise,2,14.656,7.328,14.656,7.328,0.00022724118518247928,0.9688336295743243,0.0,0.0
285,Device,DepthwiseConv2dNative,mobilenetv2_1.00_128/block_9_depthwise/depthwise,2,14.656,7.328,14.656,7.328,0.00022724118518247928,0.9690608707595068,0.0,0.0
286,Device,FusedBatchNormGradV3,gradient_tape/mobilenetv2_1.00_128/block_5_project_BN/FusedBatchNormGradV3,2,14.624,7.312,14.624,7.312,0.00022674502538950442,0.9692876157848963,0.0,0.0
287,Device,DepthwiseConv2dNative,mobilenetv2_1.00_128/block_10_depthwise/depthwise,2,14.528,7.264,14.528,7.264,0.0002252565460105799,0.9695128723309069,0.0,0.0
288,Device,DepthwiseConv2dNative,mobilenetv2_1.00_128/block_8_depthwise/depthwise,2,14.496,7.248,14.496,7.248,0.00022476038621760505,0.9697376327171245,0.0,0.0
289,Device,ResourceApplyGradientDescent,SGD/SGD/update_150/ResourceApplyGradientDescent,2,14.368,7.184,14.368,7.184,0.00022277574704570566,0.9699604084641702,0.0,0.0
290,Device,Mean,mobilenetv2_1.00_128/global_average_pooling2d/Mean,2,14.368,7.184,14.368,7.184,0.00022277574704570566,0.9701831842112159,0.0,0.0
291,Device,MatMul,gradient_tape/mobilenetv2_1.00_128/predictions/MatMul/MatMul,2,14.176,7.088,14.176,7.088,0.0002197987882878566,0.9704029829995037,0.0,0.0
292,Device,FusedBatchNormGradV3,gradient_tape/mobilenetv2_1.00_128/block_4_project_BN/FusedBatchNormGradV3,2,13.984,6.992,13.984,6.992,0.0002168218295300075,0.9706198048290336,0.0,0.0
293,Device,FusedBatchNormGradV3,gradient_tape/mobilenetv2_1.00_128/block_6_depthwise_BN/FusedBatchNormGradV3,2,13.44,6.72,13.44,6.72,0.00020838711304943514,0.970828191942083,0.0,0.0
294,Device,AddV2,mobilenetv2_1.00_128/block_2_add/add,2,13.056,6.528,13.056,6.528,0.00020243319553373698,0.9710306251376167,0.0,0.0
295,Device,Relu6Grad,gradient_tape/mobilenetv2_1.00_128/block_3_depthwise_relu/Relu6/Relu6Grad,2,12.704,6.352,12.704,6.352,0.0001969754378110137,0.9712276005754278,0.0,0.0
296,Device,FusedBatchNormGradV3,gradient_tape/mobilenetv2_1.00_128/block_12_project_BN/FusedBatchNormGradV3,2,12.608,6.304,12.608,6.304,0.00019548695843208915,0.9714230875338599,0.0,0.0
297,Device,FusedBatchNormGradV3,gradient_tape/mobilenetv2_1.00_128/block_10_project_BN/FusedBatchNormGradV3,2,12.576,6.288,12.576,6.288,0.00019499079863911432,0.971618078332499,0.0,0.0
298,Device,AddN,SGD/gradients/AddN_9,2,12.544,6.272,12.544,6.272,0.00019449463884613948,0.9718125729713452,0.0,0.0
299,Device,BroadcastTo,gradient_tape/mobilenetv2_1.00_128/global_average_pooling2d/BroadcastTo,2,12.064,6.032,12.064,6.032,0.0001870522419515168,0.9719996252132966,0.0,0.0
300,Device,Relu6,mobilenetv2_1.00_128/block_5_depthwise_relu/Relu6,2,11.936,5.968,11.936,5.968,0.0001850676027796174,0.9721846928160762,0.0,0.0
301,Device,Relu6,mobilenetv2_1.00_128/block_4_depthwise_relu/Relu6,2,11.808,5.904,11.808,5.904,0.000183082963607718,0.9723677757796839,0.0,0.0
302,Device,Relu6,mobilenetv2_1.00_128/block_4_expand_relu/Relu6,2,11.744,5.872,11.744,5.872,0.00018209064402176833,0.9725498664237057,0.0,0.0
303,Device,Relu6,mobilenetv2_1.00_128/block_6_expand_relu/Relu6,2,11.744,5.872,11.744,5.872,0.00018209064402176833,0.9727319570677274,0.0,0.0
304,Device,Transpose,gradient_tape/mobilenetv2_1.00_128/out_relu/Relu6/Relu6Grad-0-TransposeNHWCToNCHW-LayoutOptimizer,2,11.712,5.856,11.712,5.856,0.00018159448422879347,0.9729135515519562,0.0,0.0
305,Device,Relu6,mobilenetv2_1.00_128/block_5_expand_relu/Relu6,2,11.712,5.856,11.712,5.856,0.00018159448422879347,0.9730951460361851,0.0,0.0
306,Device,Transpose,mobilenetv2_1.00_128/out_relu/Relu6-0-0-TransposeNCHWToNHWC-LayoutOptimizer,2,11.52,5.76,11.52,5.76,0.0001786175254709444,0.9732737635616561,0.0,0.0
307,Device,FusedBatchNormGradV3,gradient_tape/mobilenetv2_1.00_128/block_11_project_BN/FusedBatchNormGradV3,2,11.328,5.664,11.328,5.664,0.0001756405667130953,0.9734494041283691,0.0,0.0
308,Device,FusedBatchNormGradV3,gradient_tape/mobilenetv2_1.00_128/block_8_project_BN/FusedBatchNormGradV3,2,11.297,5.6485,11.297,5.6485,0.00017515991191365096,0.9736245640402827,0.0,0.0
309,Device,FusedBatchNormGradV3,gradient_tape/mobilenetv2_1.00_128/block_7_project_BN/FusedBatchNormGradV3,2,11.232,5.616,11.232,5.616,0.00017415208733417077,0.9737987161276169,0.0,0.0
310,Device,FusedBatchNormGradV3,gradient_tape/mobilenetv2_1.00_128/block_6_project_BN/FusedBatchNormGradV3,2,11.136,5.568,11.136,5.568,0.00017266360795524624,0.9739713797355721,0.0,0.0
311,Device,FusedBatchNormGradV3,gradient_tape/mobilenetv2_1.00_128/block_9_project_BN/FusedBatchNormGradV3,2,11.104,5.552,11.104,5.552,0.0001721674481622714,0.9741435471837344,0.0,0.0
312,Device,FusedBatchNormGradV3,gradient_tape/mobilenetv2_1.00_128/block_13_project_BN/FusedBatchNormGradV3,2,11.008,5.504,11.008,5.504,0.00017067896878334687,0.9743142261525177,0.0,0.0
313,Device,FusedBatchNormGradV3,gradient_tape/mobilenetv2_1.00_128/block_14_project_BN/FusedBatchNormGradV3,2,11.008,5.504,11.008,5.504,0.00017067896878334687,0.974484905121301,0.0,0.0
314,Device,DynamicStitch,gradient_tape/mobilenetv2_1.00_128/global_average_pooling2d/DynamicStitch,2,10.976,5.488,10.976,5.488,0.00017018280899037204,0.9746550879302914,0.0,0.0
315,Device,FusedBatchNormGradV3,gradient_tape/mobilenetv2_1.00_128/block_15_project_BN/FusedBatchNormGradV3,2,10.72,5.36,10.72,5.36,0.00016621353064657328,0.974821301460938,0.0,0.0
316,Device,Relu6Grad,gradient_tape/mobilenetv2_1.00_128/block_16_depthwise_relu/Relu6/Relu6Grad,2,10.688,5.344,10.688,5.344,0.00016571737085359844,0.9749870188317916,0.0,0.0
317,Device,RealDiv,gradient_tape/mobilenetv2_1.00_128/global_average_pooling2d/truediv,2,10.56,5.28,10.56,5.28,0.00016373273168169904,0.9751507515634733,0.0,0.0
318,Device,Relu6Grad,gradient_tape/mobilenetv2_1.00_128/out_relu/Relu6/Relu6Grad,2,10.24,5.12,10.24,5.12,0.00015877113375195058,0.9753095226972253,0.0,0.0
319,Device,MatMul,gradient_tape/mobilenetv2_1.00_128/predictions/MatMul/MatMul_1,2,10.176,5.088,10.176,5.088,0.00015777881416600089,0.9754673015113913,0.0,0.0
320,Device,Relu6Grad,gradient_tape/mobilenetv2_1.00_128/block_7_depthwise_relu/Relu6/Relu6Grad,2,10.112,5.056,10.112,5.056,0.0001567864945800512,0.9756240880059713,0.0,0.0
321,Device,Relu6Grad,gradient_tape/mobilenetv2_1.00_128/block_8_expand_relu/Relu6/Relu6Grad,2,10.112,5.056,10.112,5.056,0.0001567864945800512,0.9757808745005514,0.0,0.0
322,Device,Relu6Grad,gradient_tape/mobilenetv2_1.00_128/block_10_depthwise_relu/Relu6/Relu6Grad,2,10.08,5.04,10.08,5.04,0.00015629033478707635,0.9759371648353384,0.0,0.0
323,Device,Relu6Grad,gradient_tape/mobilenetv2_1.00_128/block_7_expand_relu/Relu6/Relu6Grad,2,10.08,5.04,10.08,5.04,0.00015629033478707635,0.9760934551701255,0.0,0.0
324,Device,Relu6Grad,gradient_tape/mobilenetv2_1.00_128/block_9_depthwise_relu/Relu6/Relu6Grad,2,10.08,5.04,10.08,5.04,0.00015629033478707635,0.9762497455049125,0.0,0.0
325,Device,Relu6Grad,gradient_tape/mobilenetv2_1.00_128/block_8_depthwise_relu/Relu6/Relu6Grad,2,10.048,5.024,10.048,5.024,0.00015579417499410152,0.9764055396799066,0.0,0.0
326,Device,Relu6Grad,gradient_tape/mobilenetv2_1.00_128/block_10_expand_relu/Relu6/Relu6Grad,2,10.016,5.008,10.016,5.008,0.00015529801520112666,0.9765608376951077,0.0,0.0
327,Device,Relu6Grad,gradient_tape/mobilenetv2_1.00_128/block_9_expand_relu/Relu6/Relu6Grad,2,10.016,5.008,10.016,5.008,0.00015529801520112666,0.9767161357103088,0.0,0.0
328,Device,Relu6,mobilenetv2_1.00_128/block_3_depthwise_relu/Relu6,2,9.792,4.896,9.792,4.896,0.00015182489665030273,0.9768679606069591,0.0,0.0
329,Device,Relu6,mobilenetv2_1.00_128/block_11_depthwise_relu/Relu6,2,9.728,4.864,9.728,4.864,0.00015083257706435306,0.9770187931840235,0.0,0.0
330,Device,Relu6,mobilenetv2_1.00_128/block_12_depthwise_relu/Relu6,2,9.728,4.864,9.728,4.864,0.00015083257706435306,0.9771696257610879,0.0,0.0
331,Device,Relu6,mobilenetv2_1.00_128/block_12_expand_relu/Relu6,2,9.6,4.8,9.6,4.8,0.00014884793789245366,0.9773184736989804,0.0,0.0
332,Device,Relu6,mobilenetv2_1.00_128/block_11_expand_relu/Relu6,2,9.568,4.784,9.568,4.784,0.00014835177809947883,0.9774668254770799,0.0,0.0
333,Device,Relu6,mobilenetv2_1.00_128/block_13_expand_relu/Relu6,2,9.472,4.736,9.472,4.736,0.00014686329872055427,0.9776136887758005,0.0,0.0
334,Device,Relu6,mobilenetv2_1.00_128/block_8_depthwise_relu/Relu6,2,9.408,4.704,9.408,4.704,0.0001458709791346046,0.9777595597549351,0.0,0.0
335,Device,Relu6,mobilenetv2_1.00_128/block_10_expand_relu/Relu6,2,9.376,4.688,9.376,4.688,0.00014537481934162973,0.9779049345742767,0.0,0.0
336,Device,Relu6,mobilenetv2_1.00_128/block_9_depthwise_relu/Relu6,2,9.376,4.688,9.376,4.688,0.00014537481934162973,0.9780503093936184,0.0,0.0
337,Device,AddN,SGD/gradients/AddN_8,2,9.344,4.672,9.344,4.672,0.0001448786595486549,0.9781951880531671,0.0,0.0
338,Device,Relu6,mobilenetv2_1.00_128/block_7_depthwise_relu/Relu6,2,9.312,4.656,9.312,4.656,0.00014438249975568004,0.9783395705529228,0.0,0.0
339,Device,Relu6,mobilenetv2_1.00_128/block_7_expand_relu/Relu6,2,9.28,4.64,9.28,4.64,0.0001438863399627052,0.9784834568928854,0.0,0.0
340,Device,Relu6,mobilenetv2_1.00_128/block_10_depthwise_relu/Relu6,2,9.248,4.624,9.248,4.624,0.00014339018016973037,0.9786268470730551,0.0,0.0
341,Device,Relu6,mobilenetv2_1.00_128/block_9_expand_relu/Relu6,2,9.248,4.624,9.248,4.624,0.00014339018016973037,0.9787702372532249,0.0,0.0
342,Device,AddV2,mobilenetv2_1.00_128/block_4_add/add,2,9.216,4.608,9.216,4.608,0.0001428940203767555,0.9789131312736016,0.0,0.0
343,Device,AddV2,mobilenetv2_1.00_128/block_5_add/add,2,9.216,4.608,9.216,4.608,0.0001428940203767555,0.9790560252939783,0.0,0.0
344,Device,Relu6,mobilenetv2_1.00_128/block_8_expand_relu/Relu6,2,9.216,4.608,9.216,4.608,0.0001428940203767555,0.979198919314355,0.0,0.0
345,Device,AddN,SGD/gradients/AddN_7,2,8.96,4.48,8.96,4.48,0.00013892474203295677,0.9793378440563879,0.0,0.0
346,Device,AddN,SGD/gradients/AddN_2,2,8.768,4.384,8.768,4.384,0.0001359477832751077,0.979473791839663,0.0,0.0
347,Device,Relu6Grad,gradient_tape/mobilenetv2_1.00_128/block_15_expand_relu/Relu6/Relu6Grad,2,8.64,4.32,8.64,4.32,0.0001339631441032083,0.9796077549837662,0.0,0.0
348,Device,Relu6,mobilenetv2_1.00_128/out_relu/Relu6,2,8.576,4.288,8.576,4.288,0.0001329708245172586,0.9797407258082834,0.0,0.0
349,Device,ResourceApplyGradientDescent,SGD/SGD/update_99/ResourceApplyGradientDescent,2,8.544,4.272,8.544,4.272,0.00013247466472428377,0.9798732004730077,0.0,0.0
350,Device,Relu6Grad,gradient_tape/mobilenetv2_1.00_128/block_15_depthwise_relu/Relu6/Relu6Grad,2,8.544,4.272,8.544,4.272,0.00013247466472428377,0.9800056751377321,0.0,0.0
351,Device,Relu6Grad,gradient_tape/mobilenetv2_1.00_128/block_14_depthwise_relu/Relu6/Relu6Grad,2,8.512,4.256,8.512,4.256,0.00013197850493130894,0.9801376536426634,0.0,0.0
352,Device,Relu6Grad,gradient_tape/mobilenetv2_1.00_128/block_16_expand_relu/Relu6/Relu6Grad,2,8.512,4.256,8.512,4.256,0.00013197850493130894,0.9802696321475947,0.0,0.0
353,Device,AddV2,mobilenetv2_1.00_128/block_12_add/add,2,8.48,4.24,8.48,4.24,0.00013148234513833408,0.980401114492733,0.0,0.0
354,Device,Relu6Grad,gradient_tape/mobilenetv2_1.00_128/block_14_expand_relu/Relu6/Relu6Grad,2,8.416,4.208,8.416,4.208,0.00013049002555238438,0.9805316045182855,0.0,0.0
355,Device,Relu6Grad,gradient_tape/mobilenetv2_1.00_128/block_6_depthwise_relu/Relu6/Relu6Grad,2,8.32,4.16,8.32,4.16,0.00012900154617345985,0.9806606060644589,0.0,0.0
356,Device,AddN,SGD/gradients/AddN_3,2,8.16,4.08,8.16,4.08,0.00012652074720858562,0.9807871268116675,0.0,0.0
357,Device,ResourceApplyGradientDescent,SGD/SGD/update_117/ResourceApplyGradientDescent,2,7.872,3.936,7.872,3.936,0.000122055309071812,0.9809091821207393,0.0,0.0
358,Device,AddN,SGD/gradients/AddN_5,2,7.808,3.904,7.808,3.904,0.00012106298948586232,0.9810302451102252,0.0,0.0
359,Device,AddV2,mobilenetv2_1.00_128/block_11_add/add,2,7.808,3.904,7.808,3.904,0.00012106298948586232,0.9811513080997111,0.0,0.0
360,Device,ResourceApplyGradientDescent,SGD/SGD/update_108/ResourceApplyGradientDescent,2,7.648,3.824,7.648,3.824,0.00011858219052098809,0.981269890290232,0.0,0.0
361,Device,AddN,SGD/gradients/AddN_4,2,7.488,3.744,7.488,3.744,0.00011610139155611387,0.9813859916817882,0.0,0.0
362,Device,Relu6,mobilenetv2_1.00_128/block_15_expand_relu/Relu6,2,7.488,3.744,7.488,3.744,0.00011610139155611387,0.9815020930733444,0.0,0.0
363,Device,AddV2,mobilenetv2_1.00_128/block_7_add/add,2,7.456,3.728,7.456,3.728,0.00011560523176313902,0.9816176983051075,0.0,0.0
364,Device,AddN,SGD/gradients/AddN_6,2,7.424,3.712,7.424,3.712,0.00011510907197016417,0.9817328073770777,0.0,0.0
365,Device,Relu6,mobilenetv2_1.00_128/block_15_depthwise_relu/Relu6,2,7.329,3.6645,7.329,3.6645,0.00011363609758477009,0.9818464434746624,0.0,0.0
366,Device,ResourceApplyGradientDescent,SGD/SGD/update_120/ResourceApplyGradientDescent,2,7.296,3.648,7.296,3.648,0.00011312443279826479,0.9819595679074608,0.0,0.0
367,Device,Relu6,mobilenetv2_1.00_128/block_16_expand_relu/Relu6,2,7.296,3.648,7.296,3.648,0.00011312443279826479,0.9820726923402591,0.0,0.0
368,Device,Relu6,mobilenetv2_1.00_128/block_6_depthwise_relu/Relu6,2,7.296,3.648,7.296,3.648,0.00011312443279826479,0.9821858167730574,0.0,0.0
369,Device,ResourceApplyGradientDescent,SGD/SGD/update_132/ResourceApplyGradientDescent,2,7.264,3.632,7.264,3.632,0.00011262827300528994,0.9822984450460627,0.0,0.0
370,Device,Relu6Grad,gradient_tape/mobilenetv2_1.00_128/block_13_depthwise_relu/Relu6/Relu6Grad,2,7.264,3.632,7.264,3.632,0.00011262827300528994,0.982411073319068,0.0,0.0
371,Device,Relu6,mobilenetv2_1.00_128/block_14_expand_relu/Relu6,2,7.136,3.568,7.136,3.568,0.00011064363383339056,0.9825217169529014,0.0,0.0
372,Device,AddV2,mobilenetv2_1.00_128/block_9_add/add,2,7.136,3.568,7.136,3.568,0.00011064363383339056,0.9826323605867348,0.0,0.0
373,Device,ResourceApplyGradientDescent,SGD/SGD/update_123/ResourceApplyGradientDescent,2,7.104,3.552,7.104,3.552,0.00011014747404041571,0.9827425080607751,0.0,0.0
374,Device,ResourceApplyGradientDescent,SGD/SGD/update_156/ResourceApplyGradientDescent,2,7.104,3.552,7.104,3.552,0.00011014747404041571,0.9828526555348155,0.0,0.0
375,Device,AddV2,mobilenetv2_1.00_128/block_8_add/add,2,7.104,3.552,7.104,3.552,0.00011014747404041571,0.9829628030088559,0.0,0.0
376,Device,ResourceApplyGradientDescent,SGD/SGD/update_126/ResourceApplyGradientDescent,2,7.072,3.536,7.072,3.536,0.00010965131424744087,0.9830724543231033,0.0,0.0
377,Device,ResourceApplyGradientDescent,SGD/SGD/update_135/ResourceApplyGradientDescent,2,7.072,3.536,7.072,3.536,0.00010965131424744087,0.9831821056373508,0.0,0.0
378,Device,ResourceApplyGradientDescent,SGD/SGD/update_144/ResourceApplyGradientDescent,2,7.04,3.52,7.04,3.52,0.00010915515445446603,0.9832912607918052,0.0,0.0
379,Device,Relu6,mobilenetv2_1.00_128/block_14_depthwise_relu/Relu6,2,7.008,3.504,7.008,3.504,0.00010865899466149118,0.9833999197864667,0.0,0.0
380,Device,Relu6,mobilenetv2_1.00_128/block_16_depthwise_relu/Relu6,2,7.008,3.504,7.008,3.504,0.00010865899466149118,0.9835085787811282,0.0,0.0
381,Device,ResourceApplyGradientDescent,SGD/SGD/update_147/ResourceApplyGradientDescent,2,6.976,3.488,6.976,3.488,0.00010816283486851633,0.9836167416159967,0.0,0.0
382,Device,ResourceApplyGradientDescent,SGD/SGD/update_81/ResourceApplyGradientDescent,2,6.976,3.488,6.976,3.488,0.00010816283486851633,0.9837249044508651,0.0,0.0
383,Device,ResourceApplyGradientDescent,SGD/SGD/update_141/ResourceApplyGradientDescent,2,6.944,3.472,6.944,3.472,0.00010766667507554148,0.9838325711259407,0.0,0.0
384,Device,AddN,SGD/gradients/AddN,2,6.912,3.456,6.912,3.456,0.00010717051528256663,0.9839397416412232,0.0,0.0
385,Device,ResourceApplyGradientDescent,SGD/SGD/update_114/ResourceApplyGradientDescent,2,6.88,3.44,6.88,3.44,0.0001066743554895918,0.9840464159967128,0.0,0.0
386,Device,ResourceApplyGradientDescent,SGD/SGD/update_72/ResourceApplyGradientDescent,2,6.88,3.44,6.88,3.44,0.0001066743554895918,0.9841530903522024,0.0,0.0
387,Device,Relu6,mobilenetv2_1.00_128/block_13_depthwise_relu/Relu6,2,6.816,3.408,6.816,3.408,0.0001056820359036421,0.9842587723881061,0.0,0.0
388,Device,ResourceApplyGradientDescent,SGD/SGD/update_105/ResourceApplyGradientDescent,2,6.784,3.392,6.784,3.392,0.00010518587611066725,0.9843639582642167,0.0,0.0
389,Device,ResourceApplyGradientDescent,SGD/SGD/update_27/ResourceApplyGradientDescent,2,6.784,3.392,6.784,3.392,0.00010518587611066725,0.9844691441403274,0.0,0.0
390,Device,ResourceApplyGradientDescent,SGD/SGD/update_96/ResourceApplyGradientDescent,2,6.784,3.392,6.784,3.392,0.00010518587611066725,0.984574330016438,0.0,0.0
391,Device,AddV2,mobilenetv2_1.00_128/block_14_add/add,2,6.784,3.392,6.784,3.392,0.00010518587611066725,0.9846795158925487,0.0,0.0
392,Device,ResourceApplyGradientDescent,SGD/SGD/update_54/ResourceApplyGradientDescent,2,6.72,3.36,6.72,3.36,0.00010419355652471757,0.9847837094490733,0.0,0.0
393,Device,ResourceApplyGradientDescent,SGD/SGD/update_63/ResourceApplyGradientDescent,2,6.72,3.36,6.72,3.36,0.00010419355652471757,0.984887903005598,0.0,0.0
394,Device,ResourceApplyGradientDescent,SGD/SGD/update_87/ResourceApplyGradientDescent,2,6.72,3.36,6.72,3.36,0.00010419355652471757,0.9849920965621227,0.0,0.0
395,Device,AddN,SGD/gradients/AddN_1,2,6.72,3.36,6.72,3.36,0.00010419355652471757,0.9850962901186474,0.0,0.0
396,Device,ResourceApplyGradientDescent,SGD/SGD/update_18/ResourceApplyGradientDescent,2,6.656,3.328,6.656,3.328,0.00010320123693876787,0.9851994913555862,0.0,0.0
397,Device,ResourceApplyGradientDescent,SGD/SGD/update_24/ResourceApplyGradientDescent,2,6.656,3.328,6.656,3.328,0.00010320123693876787,0.9853026925925249,0.0,0.0
398,Device,ResourceApplyGradientDescent,SGD/SGD/update_36/ResourceApplyGradientDescent,2,6.656,3.328,6.656,3.328,0.00010320123693876787,0.9854058938294636,0.0,0.0
399,Device,ResourceApplyGradientDescent,SGD/SGD/update_42/ResourceApplyGradientDescent,2,6.656,3.328,6.656,3.328,0.00010320123693876787,0.9855090950664024,0.0,0.0
400,Device,ResourceApplyGradientDescent,SGD/SGD/update_45/ResourceApplyGradientDescent,2,6.656,3.328,6.656,3.328,0.00010320123693876787,0.9856122963033411,0.0,0.0
401,Device,ResourceApplyGradientDescent,SGD/SGD/update_60/ResourceApplyGradientDescent,2,6.656,3.328,6.656,3.328,0.00010320123693876787,0.9857154975402799,0.0,0.0
402,Device,ResourceApplyGradientDescent,SGD/SGD/update_69/ResourceApplyGradientDescent,2,6.656,3.328,6.656,3.328,0.00010320123693876787,0.9858186987772186,0.0,0.0
403,Device,ResourceApplyGradientDescent,SGD/SGD/update_78/ResourceApplyGradientDescent,2,6.656,3.328,6.656,3.328,0.00010320123693876787,0.9859219000141574,0.0,0.0
404,Device,ResourceApplyGradientDescent,SGD/SGD/update_90/ResourceApplyGradientDescent,2,6.656,3.328,6.656,3.328,0.00010320123693876787,0.9860251012510961,0.0,0.0
405,Device,AddV2,mobilenetv2_1.00_128/block_15_add/add,2,6.656,3.328,6.656,3.328,0.00010320123693876787,0.9861283024880348,0.0,0.0
406,Device,ResourceApplyGradientDescent,SGD/SGD/update_102/ResourceApplyGradientDescent,2,6.592,3.296,6.592,3.296,0.00010220891735281817,0.9862305114053876,0.0,0.0
407,Device,ResourceApplyGradientDescent,SGD/SGD/update_33/ResourceApplyGradientDescent,2,6.592,3.296,6.592,3.296,0.00010220891735281817,0.9863327203227404,0.0,0.0
408,Device,ResourceApplyGradientDescent,SGD/SGD/update_51/ResourceApplyGradientDescent,2,6.592,3.296,6.592,3.296,0.00010220891735281817,0.9864349292400932,0.0,0.0
409,Device,ResourceApplyGradientDescent,SGD/SGD/update_111/ResourceApplyGradientDescent,2,6.56,3.28,6.56,3.28,0.00010171275755984334,0.9865366419976531,0.0,0.0
410,Device,ResourceApplyGradientDescent,SGD/SGD/update_129/ResourceApplyGradientDescent,2,6.56,3.28,6.56,3.28,0.00010171275755984334,0.986638354755213,0.0,0.0
411,Device,ResourceApplyGradientDescent,SGD/SGD/update_138/ResourceApplyGradientDescent,2,6.56,3.28,6.56,3.28,0.00010171275755984334,0.9867400675127729,0.0,0.0
412,Device,ResourceApplyGradientDescent,SGD/SGD/update_9/ResourceApplyGradientDescent,2,6.528,3.264,6.528,3.264,0.00010121659776686849,0.9868412841105397,0.0,0.0
413,Device,ResourceApplyGradientDescent,SGD/SGD/update_155/ResourceApplyGradientDescent,2,6.464,3.232,6.464,3.232,0.0001002242781809188,0.9869415083887206,0.0,0.0
414,Device,ResourceApplyGradientDescent,SGD/SGD/update_93/ResourceApplyGradientDescent,2,6.464,3.232,6.464,3.232,0.0001002242781809188,0.9870417326669015,0.0,0.0
415,Device,ResourceApplyGradientDescent,SGD/SGD/update_66/ResourceApplyGradientDescent,2,6.4,3.2,6.4,3.2,9.923195859496912e-05,0.9871409646254965,0.0,0.0
416,Device,ResourceApplyGradientDescent,SGD/SGD/update_75/ResourceApplyGradientDescent,2,6.4,3.2,6.4,3.2,9.923195859496912e-05,0.9872401965840915,0.0,0.0
417,Device,ResourceApplyGradientDescent,SGD/SGD/update_119/ResourceApplyGradientDescent,2,6.368,3.184,6.368,3.184,9.873579880199427e-05,0.9873389323828935,0.0,0.0
418,Device,ResourceApplyGradientDescent,SGD/SGD/update_25/ResourceApplyGradientDescent,2,6.368,3.184,6.368,3.184,9.873579880199427e-05,0.9874376681816955,0.0,0.0
419,Device,ResourceApplyGradientDescent,SGD/SGD/update_110/ResourceApplyGradientDescent,2,6.337,3.1685,6.337,3.1685,9.825514400254988e-05,0.9875359233256981,0.0,0.0
420,Device,ResourceApplyGradientDescent,SGD/SGD/update_84/ResourceApplyGradientDescent,2,6.336,3.168,6.336,3.168,9.823963900901942e-05,0.9876341629647071,0.0,0.0
421,Device,ResourceApplyGradientDescent,SGD/SGD/update_104/ResourceApplyGradientDescent,2,6.304,3.152,6.304,3.152,9.774347921604458e-05,0.9877319064439232,0.0,0.0
422,Device,ResourceApplyGradientDescent,SGD/SGD/update_15/ResourceApplyGradientDescent,2,6.304,3.152,6.304,3.152,9.774347921604458e-05,0.9878296499231393,0.0,0.0
423,Device,ResourceApplyGradientDescent,SGD/SGD/update_7/ResourceApplyGradientDescent,2,6.304,3.152,6.304,3.152,9.774347921604458e-05,0.9879273934023554,0.0,0.0
424,Device,ResourceApplyGradientDescent,SGD/SGD/update_112/ResourceApplyGradientDescent,2,6.272,3.136,6.272,3.136,9.724731942306974e-05,0.9880246407217784,0.0,0.0
425,Device,ResourceApplyGradientDescent,SGD/SGD/update_149/ResourceApplyGradientDescent,2,6.272,3.136,6.272,3.136,9.724731942306974e-05,0.9881218880412015,0.0,0.0
426,Device,ResourceApplyGradientDescent,SGD/SGD/update_31/ResourceApplyGradientDescent,2,6.272,3.136,6.272,3.136,9.724731942306974e-05,0.9882191353606246,0.0,0.0
427,Device,ResourceApplyGradientDescent,SGD/SGD/update_59/ResourceApplyGradientDescent,2,6.272,3.136,6.272,3.136,9.724731942306974e-05,0.9883163826800476,0.0,0.0
428,Device,ResourceApplyGradientDescent,SGD/SGD/update_101/ResourceApplyGradientDescent,2,6.24,3.12,6.24,3.12,9.675115963009489e-05,0.9884131338396778,0.0,0.0
429,Device,ResourceApplyGradientDescent,SGD/SGD/update_103/ResourceApplyGradientDescent,2,6.24,3.12,6.24,3.12,9.675115963009489e-05,0.9885098849993079,0.0,0.0
430,Device,ResourceApplyGradientDescent,SGD/SGD/update_113/ResourceApplyGradientDescent,2,6.24,3.12,6.24,3.12,9.675115963009489e-05,0.9886066361589381,0.0,0.0
431,Device,ResourceApplyGradientDescent,SGD/SGD/update_20/ResourceApplyGradientDescent,2,6.24,3.12,6.24,3.12,9.675115963009489e-05,0.9887033873185682,0.0,0.0
432,Device,ResourceApplyGradientDescent,SGD/SGD/update_28/ResourceApplyGradientDescent,2,6.24,3.12,6.24,3.12,9.675115963009489e-05,0.9888001384781984,0.0,0.0
433,Device,ResourceApplyGradientDescent,SGD/SGD/update_95/ResourceApplyGradientDescent,2,6.24,3.12,6.24,3.12,9.675115963009489e-05,0.9888968896378285,0.0,0.0
434,Device,ResourceApplyGradientDescent,SGD/SGD/update_49/ResourceApplyGradientDescent,2,6.208,3.104,6.208,3.104,9.625499983712004e-05,0.9889931446376656,0.0,0.0
435,Device,ResourceApplyGradientDescent,SGD/SGD/update_6/ResourceApplyGradientDescent,2,6.208,3.104,6.208,3.104,9.625499983712004e-05,0.9890893996375028,0.0,0.0
436,Device,ResourceApplyGradientDescent,SGD/SGD/update_86/ResourceApplyGradientDescent,2,6.208,3.104,6.208,3.104,9.625499983712004e-05,0.9891856546373399,0.0,0.0
437,Device,ResourceApplyGradientDescent,SGD/SGD/update_68/ResourceApplyGradientDescent,2,6.177,3.0885,6.177,3.0885,9.577434503767566e-05,0.9892814289823776,0.0,0.0
438,Device,ResourceApplyGradientDescent,SGD/SGD/update_154/ResourceApplyGradientDescent,2,6.176,3.088,6.176,3.088,9.57588400441452e-05,0.9893771878224217,0.0,0.0
439,Device,ResourceApplyGradientDescent,SGD/SGD/update_32/ResourceApplyGradientDescent,2,6.176,3.088,6.176,3.088,9.57588400441452e-05,0.9894729466624658,0.0,0.0
440,Device,ResourceApplyGradientDescent,SGD/SGD/update_40/ResourceApplyGradientDescent,2,6.176,3.088,6.176,3.088,9.57588400441452e-05,0.9895687055025099,0.0,0.0
441,Device,ResourceApplyGradientDescent,SGD/SGD/update_58/ResourceApplyGradientDescent,2,6.176,3.088,6.176,3.088,9.57588400441452e-05,0.989664464342554,0.0,0.0
442,Device,ResourceApplyGradientDescent,SGD/SGD/update_10/ResourceApplyGradientDescent,2,6.144,3.072,6.144,3.072,9.526268025117034e-05,0.9897597270228051,0.0,0.0
443,Device,ResourceApplyGradientDescent,SGD/SGD/update_13/ResourceApplyGradientDescent,2,6.144,3.072,6.144,3.072,9.526268025117034e-05,0.9898549897030563,0.0,0.0
444,Device,ResourceApplyGradientDescent,SGD/SGD/update_23/ResourceApplyGradientDescent,2,6.144,3.072,6.144,3.072,9.526268025117034e-05,0.9899502523833075,0.0,0.0
445,Device,ResourceApplyGradientDescent,SGD/SGD/update_41/ResourceApplyGradientDescent,2,6.144,3.072,6.144,3.072,9.526268025117034e-05,0.9900455150635586,0.0,0.0
446,Device,ResourceApplyGradientDescent,SGD/SGD/update_50/ResourceApplyGradientDescent,2,6.144,3.072,6.144,3.072,9.526268025117034e-05,0.9901407777438098,0.0,0.0
447,Device,ResourceApplyGradientDescent,SGD/SGD/update_76/ResourceApplyGradientDescent,2,6.144,3.072,6.144,3.072,9.526268025117034e-05,0.990236040424061,0.0,0.0
448,Device,Cast,Cast,2,6.112,3.056,6.112,3.056,9.476652045819551e-05,0.9903308069445191,0.0,0.0
449,Device,ResourceApplyGradientDescent,SGD/SGD/update_109/ResourceApplyGradientDescent,2,6.112,3.056,6.112,3.056,9.476652045819551e-05,0.9904255734649773,0.0,0.0
450,Device,ResourceApplyGradientDescent,SGD/SGD/update_22/ResourceApplyGradientDescent,2,6.112,3.056,6.112,3.056,9.476652045819551e-05,0.9905203399854354,0.0,0.0
451,Device,ResourceApplyGradientDescent,SGD/SGD/update_77/ResourceApplyGradientDescent,2,6.112,3.056,6.112,3.056,9.476652045819551e-05,0.9906151065058936,0.0,0.0
452,Device,ResourceApplyGradientDescent,SGD/SGD/update_19/ResourceApplyGradientDescent,2,6.08,3.04,6.08,3.04,9.427036066522066e-05,0.9907093768665588,0.0,0.0
453,Device,ResourceApplyGradientDescent,SGD/SGD/update_2/ResourceApplyGradientDescent,2,6.08,3.04,6.08,3.04,9.427036066522066e-05,0.990803647227224,0.0,0.0
454,Device,ResourceApplyGradientDescent,SGD/SGD/update_30/ResourceApplyGradientDescent,2,6.08,3.04,6.08,3.04,9.427036066522066e-05,0.9908979175878893,0.0,0.0
455,Device,ResourceApplyGradientDescent,SGD/SGD/update_39/ResourceApplyGradientDescent,2,6.08,3.04,6.08,3.04,9.427036066522066e-05,0.9909921879485545,0.0,0.0
456,Device,BiasAdd,mobilenetv2_1.00_128/predictions/BiasAdd,2,6.08,3.04,6.08,3.04,9.427036066522066e-05,0.9910864583092197,0.0,0.0
457,Device,ResourceApplyGradientDescent,SGD/SGD/update_1/ResourceApplyGradientDescent,2,6.048,3.024,6.048,3.024,9.377420087224581e-05,0.9911802325100919,0.0,0.0
458,Device,ResourceApplyGradientDescent,SGD/SGD/update_14/ResourceApplyGradientDescent,2,6.048,3.024,6.048,3.024,9.377420087224581e-05,0.9912740067109641,0.0,0.0
459,Device,ResourceApplyGradientDescent,SGD/SGD/update_16/ResourceApplyGradientDescent,2,6.048,3.024,6.048,3.024,9.377420087224581e-05,0.9913677809118363,0.0,0.0
460,Device,ResourceApplyGradientDescent,SGD/SGD/update_17/ResourceApplyGradientDescent,2,6.048,3.024,6.048,3.024,9.377420087224581e-05,0.9914615551127085,0.0,0.0
461,Device,ResourceApplyGradientDescent,SGD/SGD/update_3/ResourceApplyGradientDescent,2,6.048,3.024,6.048,3.024,9.377420087224581e-05,0.9915553293135807,0.0,0.0
462,Device,ResourceApplyGradientDescent,SGD/SGD/update_43/ResourceApplyGradientDescent,2,6.048,3.024,6.048,3.024,9.377420087224581e-05,0.9916491035144529,0.0,0.0
463,Device,ResourceApplyGradientDescent,SGD/SGD/update_47/ResourceApplyGradientDescent,2,6.048,3.024,6.048,3.024,9.377420087224581e-05,0.9917428777153251,0.0,0.0
464,Device,ResourceApplyGradientDescent,SGD/SGD/update_11/ResourceApplyGradientDescent,2,6.016,3.008,6.016,3.008,9.327804107927096e-05,0.9918361557564044,0.0,0.0
465,Device,ResourceApplyGradientDescent,SGD/SGD/update_29/ResourceApplyGradientDescent,2,6.016,3.008,6.016,3.008,9.327804107927096e-05,0.9919294337974837,0.0,0.0
466,Device,ResourceApplyGradientDescent,SGD/SGD/update_5/ResourceApplyGradientDescent,2,6.016,3.008,6.016,3.008,9.327804107927096e-05,0.9920227118385629,0.0,0.0
467,Device,ResourceApplyGradientDescent,SGD/SGD/update_64/ResourceApplyGradientDescent,2,6.016,3.008,6.016,3.008,9.327804107927096e-05,0.9921159898796422,0.0,0.0
468,Device,ResourceApplyGradientDescent,SGD/SGD/update_100/ResourceApplyGradientDescent,2,5.984,2.992,5.984,2.992,9.278188128629611e-05,0.9922087717609285,0.0,0.0
469,Device,ResourceApplyGradientDescent,SGD/SGD/update_122/ResourceApplyGradientDescent,2,5.984,2.992,5.984,2.992,9.278188128629611e-05,0.9923015536422147,0.0,0.0
470,Device,ResourceApplyGradientDescent,SGD/SGD/update_26/ResourceApplyGradientDescent,2,5.984,2.992,5.984,2.992,9.278188128629611e-05,0.992394335523501,0.0,0.0
471,Device,ResourceApplyGradientDescent,SGD/SGD/update_53/ResourceApplyGradientDescent,2,5.984,2.992,5.984,2.992,9.278188128629611e-05,0.9924871174047872,0.0,0.0
472,Device,ResourceApplyGradientDescent,SGD/SGD/update_8/ResourceApplyGradientDescent,2,5.984,2.992,5.984,2.992,9.278188128629611e-05,0.9925798992860735,0.0,0.0
473,Device,ResourceApplyGradientDescent,SGD/SGD/update_118/ResourceApplyGradientDescent,2,5.952,2.976,5.952,2.976,9.228572149332128e-05,0.9926721850075668,0.0,0.0
474,Device,ResourceApplyGradientDescent,SGD/SGD/update_48/ResourceApplyGradientDescent,2,5.952,2.976,5.952,2.976,9.228572149332128e-05,0.9927644707290602,0.0,0.0
475,Device,ResourceApplyGradientDescent,SGD/SGD/update_94/ResourceApplyGradientDescent,2,5.952,2.976,5.952,2.976,9.228572149332128e-05,0.9928567564505535,0.0,0.0
476,Device,ResourceApplyGradientDescent,SGD/SGD/update_128/ResourceApplyGradientDescent,2,5.92,2.96,5.92,2.96,9.178956170034643e-05,0.9929485460122538,0.0,0.0
477,Device,ResourceApplyGradientDescent,SGD/SGD/update_137/ResourceApplyGradientDescent,2,5.92,2.96,5.92,2.96,9.178956170034643e-05,0.9930403355739541,0.0,0.0
478,Device,ResourceApplyGradientDescent,SGD/SGD/update_151/ResourceApplyGradientDescent,2,5.92,2.96,5.92,2.96,9.178956170034643e-05,0.9931321251356544,0.0,0.0
479,Device,ResourceApplyGradientDescent,SGD/SGD/update_4/ResourceApplyGradientDescent,2,5.92,2.96,5.92,2.96,9.178956170034643e-05,0.9932239146973547,0.0,0.0
480,Device,ResourceApplyGradientDescent,SGD/SGD/update_131/ResourceApplyGradientDescent,2,5.888,2.944,5.888,2.944,9.129340190737158e-05,0.9933152080992621,0.0,0.0
481,Device,BiasAddGrad,gradient_tape/mobilenetv2_1.00_128/predictions/BiasAdd/BiasAddGrad,2,5.888,2.944,5.888,2.944,9.129340190737158e-05,0.9934065015011695,0.0,0.0
482,Device,ResourceApplyGradientDescent,SGD/SGD/update/ResourceApplyGradientDescent,2,5.856,2.928,5.856,2.928,9.079724211439673e-05,0.9934972987432839,0.0,0.0
483,Device,ResourceApplyGradientDescent,SGD/SGD/update_115/ResourceApplyGradientDescent,2,5.856,2.928,5.856,2.928,9.079724211439673e-05,0.9935880959853982,0.0,0.0
484,Device,ResourceApplyGradientDescent,SGD/SGD/update_57/ResourceApplyGradientDescent,2,5.856,2.928,5.856,2.928,9.079724211439673e-05,0.9936788932275126,0.0,0.0
485,Device,ResourceApplyGradientDescent,SGD/SGD/update_74/ResourceApplyGradientDescent,2,5.856,2.928,5.856,2.928,9.079724211439673e-05,0.9937696904696269,0.0,0.0
486,Device,ResourceApplyGradientDescent,SGD/SGD/update_85/ResourceApplyGradientDescent,2,5.856,2.928,5.856,2.928,9.079724211439673e-05,0.9938604877117413,0.0,0.0
487,Device,AssignAddVariableOp,AssignAddVariableOp_4,2,5.824,2.912,5.824,2.912,9.030108232142188e-05,0.9939507887940627,0.0,0.0
488,Device,ResourceApplyGradientDescent,SGD/SGD/update_140/ResourceApplyGradientDescent,2,5.824,2.912,5.824,2.912,9.030108232142188e-05,0.9940410898763842,0.0,0.0
489,Device,ResourceApplyGradientDescent,SGD/SGD/update_21/ResourceApplyGradientDescent,2,5.824,2.912,5.824,2.912,9.030108232142188e-05,0.9941313909587056,0.0,0.0
490,Device,ResourceApplyGradientDescent,SGD/SGD/update_65/ResourceApplyGradientDescent,2,5.824,2.912,5.824,2.912,9.030108232142188e-05,0.9942216920410271,0.0,0.0
491,Device,ResourceApplyGradientDescent,SGD/SGD/update_116/ResourceApplyGradientDescent,2,5.792,2.896,5.792,2.896,8.980492252844705e-05,0.9943114969635555,0.0,0.0
492,Device,Mul,gradient_tape/categorical_crossentropy/softmax_cross_entropy_with_logits/mul,2,5.792,2.896,5.792,2.896,8.980492252844705e-05,0.9944013018860839,0.0,0.0
493,Device,AssignAddVariableOp,SGD/SGD/AssignAddVariableOp,2,5.76,2.88,5.76,2.88,8.93087627354722e-05,0.9944906106488194,0.0,0.0
494,Device,ResourceApplyGradientDescent,SGD/SGD/update_106/ResourceApplyGradientDescent,2,5.76,2.88,5.76,2.88,8.93087627354722e-05,0.9945799194115549,0.0,0.0
495,Device,ResourceApplyGradientDescent,SGD/SGD/update_107/ResourceApplyGradientDescent,2,5.76,2.88,5.76,2.88,8.93087627354722e-05,0.9946692281742904,0.0,0.0
496,Device,ResourceApplyGradientDescent,SGD/SGD/update_134/ResourceApplyGradientDescent,2,5.76,2.88,5.76,2.88,8.93087627354722e-05,0.9947585369370259,0.0,0.0
497,Device,ResourceApplyGradientDescent,SGD/SGD/update_146/ResourceApplyGradientDescent,2,5.76,2.88,5.76,2.88,8.93087627354722e-05,0.9948478456997614,0.0,0.0
498,Device,ResourceApplyGradientDescent,SGD/SGD/update_157/ResourceApplyGradientDescent,2,5.76,2.88,5.76,2.88,8.93087627354722e-05,0.9949371544624969,0.0,0.0
499,Device,ResourceApplyGradientDescent,SGD/SGD/update_56/ResourceApplyGradientDescent,2,5.76,2.88,5.76,2.88,8.93087627354722e-05,0.9950264632252324,0.0,0.0
500,Device,DivNoNan,gradient_tape/categorical_crossentropy/weighted_loss/value/div_no_nan,2,5.76,2.88,5.76,2.88,8.93087627354722e-05,0.9951157719879679,0.0,0.0
501,Host,IDLE,IDLE,0,165238.57,0.0,165238.57,0.0,0.0,0.0,0.9925655452433059,0.9925655452433059
502,Host,GatherV2,GatherV2,2,923.542,461.771,923.542,461.771,0.0,0.0,0.005547590788186397,0.9981131360314923
503,Host,LogicalAnd,LogicalAnd,1,44.296,44.296,44.296,44.296,0.0,0.0,0.000266080028362007,0.9983792160598544
504,Host,FlushSummaryWriter,FlushSummaryWriter,1,36.946,36.946,36.946,36.946,0.0,0.0,0.00022192958117804563,0.9986011456410324
505,Host,Dataset,Iterator::Root::ParallelMapV2::Zip[1]::ForeverRepeat,2,38.279,19.1395,35.482,17.741,0.0,0.0,0.00021313553292262802,0.9988142811739551
506,Host,Dataset,Iterator::Root,2,58.76,29.38,31.537,15.7685,0.0,0.0,0.00018943845616878756,0.9990037196301239
507,Host,GatherV2,GatherV2_1,2,27.501,13.7505,27.501,13.7505,0.0,0.0,0.00016519475483076472,0.9991689143849547
508,Host,Dataset,Iterator::Root::ParallelMapV2,2,27.223,13.6115,27.223,13.6115,0.0,0.0,0.00016352484676040535,0.9993324392317151
509,Host,Dataset,Iterator::Root::ParallelMapV2::Zip[0]::FlatMap[1]::Concatenate,2,48.562,24.281,26.225,13.1125,0.0,0.0,0.00015752999692508654,0.9994899692286402
510,Host,Dataset,Iterator::Root::ParallelMapV2::Zip[0]::FlatMap[1]::Concatenate[0]::TensorSlice,2,22.337,11.1685,22.337,11.1685,0.0,0.0,0.00013417531139430536,0.9996241445400345
511,Host,WriteSummary,WriteSummary,1,21.87,21.87,21.87,21.87,0.0,0.0,0.00013137010611064415,0.9997555146461451
512,Host,IteratorGetNext,IteratorGetNext,2,13.58,6.79,13.58,6.79,0.0,0.0,8.15732071779857e-05,0.999837087853323
513,Host,Dataset,Iterator::Root::ParallelMapV2::Zip,2,102.06,51.03,12.107,6.0535,0.0,0.0,7.27250971505061e-05,0.9999098129504735
514,Host,ReadVariableOp,ReadVariableOp,1,6.752,6.752,6.752,6.752,0.0,0.0,4.055834277361999e-05,0.9999503712932472
515,Host,Dataset,Iterator::Root::ParallelMapV2::Zip[0]::FlatMap,2,51.674,25.837,3.112,1.556,0.0,0.0,1.8693359406324853e-05,0.9999690646526534
516,Host,Dataset,Iterator::Root::ParallelMapV2::Zip[1]::ForeverRepeat::FromTensor,4,2.797,0.69925,2.797,0.69925,0.0,0.0,1.6801197384155082e-05,0.9999858658500376
517,Host,Identity,Identity,2,2.353,1.1765,2.353,1.1765,0.0,0.0,1.4134149962430071e-05,1.0
