Rank,Host/device,Type,Operation,#Occurrences,Total time (us),Avg. time (us),Total self-time (us),Avg. self-time (us),Total self-time on Device (%),Cumulative total-self time on Device (%),Total self-time on Host (%),Cumulative total-self time on Host (%)
1,Device,IDLE,IDLE,0,3832.645,0.0,3832.645,0.0,0.10441812399020325,0.10441812399020325,0.0,0.0
2,Device,Conv2DBackpropFilter,gradient_tape/sequential/conv2d_1/Conv2D/Conv2DBackpropFilter,4,1637.73,409.4325,1637.73,409.4325,0.04461897572106876,0.14903709971127202,0.0,0.0
3,Device,Conv2DBackpropFilter,gradient_tape/sequential/conv2d_9/Conv2D/Conv2DBackpropFilter,4,1152.77,288.1925,1152.77,288.1925,0.031406530161856,0.180443629873128,0.0,0.0
4,Device,Conv2DBackpropFilter,gradient_tape/sequential/conv2d_8/Conv2D/Conv2DBackpropFilter,4,1142.049,285.51225,1142.049,285.51225,0.031114442919938482,0.2115580727930665,0.0,0.0
5,Device,Conv2DBackpropFilter,gradient_tape/sequential/conv2d_3/Conv2D/Conv2DBackpropFilter,2,1030.592,515.296,1030.592,515.296,0.028077863522270274,0.23963593631533675,0.0,0.0
6,Device,_FusedConv2D,sequential/conv2d_1/Relu,2,901.506,450.753,901.506,450.753,0.024560992548465138,0.26419692886380186,0.0,0.0
7,Device,Conv2DBackpropInput,gradient_tape/sequential/conv2d_1/Conv2D/Conv2DBackpropInput,2,898.306,449.153,898.306,449.153,0.02447381045965476,0.2886707393234566,0.0,0.0
8,Device,Conv2DBackpropFilter,gradient_tape/sequential/conv2d_10/Conv2D/Conv2DBackpropFilter,2,874.498,437.249,874.498,437.249,0.02382517571890555,0.3124959150423622,0.0,0.0
9,Device,Conv2DBackpropFilter,gradient_tape/sequential/conv2d_11/Conv2D/Conv2DBackpropFilter,2,866.946,433.473,866.946,433.473,0.023619425989313058,0.33611534103167523,0.0,0.0
10,Device,ResourceApplyGradientDescent,SGD/SGD/update_28/ResourceApplyGradientDescent,2,846.593,423.2965,846.593,423.2965,0.023064920660076302,0.35918026169175155,0.0,0.0
11,Device,Conv2DBackpropFilter,gradient_tape/sequential/conv2d_12/Conv2D/Conv2DBackpropFilter,2,821.73,410.865,821.73,410.865,0.02238754307442242,0.38156780476617397,0.0,0.0
12,Device,Conv2DBackpropInput,gradient_tape/sequential/conv2d_3/Conv2D/Conv2DBackpropInput,4,766.338,191.5845,766.338,191.5845,0.02087842111711478,0.40244622588328877,0.0,0.0
13,Device,_FusedConv2D,sequential/conv2d_8/Relu,4,720.961,180.24025,720.961,180.24025,0.01964215185338087,0.42208837773666963,0.0,0.0
14,Device,_FusedConv2D,sequential/conv2d_9/Relu,4,712.545,178.13625,712.545,178.13625,0.019412862959809575,0.4415012406964792,0.0,0.0
15,Device,Conv2DBackpropFilter,gradient_tape/sequential/conv2d_2/Conv2D/Conv2DBackpropFilter,4,691.648,172.912,691.648,172.912,0.018843536675475055,0.4603447773719543,0.0,0.0
16,Device,Conv2DBackpropFilter,gradient_tape/sequential/conv2d_6/Conv2D/Conv2DBackpropFilter,2,662.145,331.0725,662.145,331.0725,0.018039745061046126,0.4783845224330004,0.0,0.0
17,Device,Conv2DBackpropFilter,gradient_tape/sequential/conv2d_5/Conv2D/Conv2DBackpropFilter,2,661.409,330.7045,661.409,330.7045,0.018019693180619738,0.49640421561362014,0.0,0.0
18,Device,Conv2DBackpropInput,gradient_tape/sequential/conv2d_8/Conv2D/Conv2DBackpropInput,4,651.905,162.97625,651.905,162.97625,0.017760762376852916,0.514164977990473,0.0,0.0
19,Device,_FusedConv2D,sequential/conv2d_10/Relu,4,646.496,161.624,646.496,161.624,0.017613397402360623,0.5317783753928337,0.0,0.0
20,Device,Conv2DBackpropInput,gradient_tape/sequential/conv2d_6/Conv2D/Conv2DBackpropInput,2,645.409,322.7045,645.409,322.7045,0.01758378273656785,0.5493621581294015,0.0,0.0
21,Device,Conv2DBackpropInput,gradient_tape/sequential/conv2d_5/Conv2D/Conv2DBackpropInput,2,644.832,322.416,644.832,322.416,0.01756806271617923,0.5669302208455808,0.0,0.0
22,Device,Conv2DBackpropInput,gradient_tape/sequential/conv2d_9/Conv2D/Conv2DBackpropInput,4,644.322,161.0805,644.322,161.0805,0.017554168070775075,0.5844843889163558,0.0,0.0
23,Device,_FusedConv2D,sequential/conv2d_12/Relu,4,641.12,160.28,641.12,160.28,0.017466931493159192,0.6019513204095149,0.0,0.0
24,Device,_FusedConv2D,sequential/conv2d_11/Relu,4,638.721,159.68025,638.721,159.68025,0.01740157217095416,0.6193528925804691,0.0,0.0
25,Device,_FusedConv2D,sequential/conv2d_3/Relu,4,633.697,158.42425,633.697,158.42425,0.01726469629152187,0.6366175888719909,0.0,0.0
26,Device,_FusedConv2D,sequential/conv2d_6/Relu,4,550.689,137.67225,550.689,137.67225,0.015003192907780667,0.6516207817797716,0.0,0.0
27,Device,_FusedConv2D,sequential/conv2d_5/Relu,4,550.368,137.592,550.368,137.592,0.014994447454496879,0.6666152292342684,0.0,0.0
28,Device,_FusedConv2D,sequential/conv2d_7/Relu,2,478.24,239.12,478.24,239.12,0.013029363172710962,0.6796445924069794,0.0,0.0
29,Device,Conv2DBackpropInput,gradient_tape/sequential/conv2d_2/Conv2D/Conv2DBackpropInput,2,450.113,225.0565,450.113,225.0565,0.012263059856470493,0.6919076522634499,0.0,0.0
30,Device,ReluGrad,gradient_tape/sequential/conv2d_1/ReluGrad,2,429.664,214.832,429.664,214.832,0.011705939064569426,0.7036135913280193,0.0,0.0
31,Device,ReluGrad,gradient_tape/sequential/conv2d/ReluGrad,2,415.264,207.632,415.264,207.632,0.011313619664922727,0.714927210992942,0.0,0.0
32,Device,Conv2DBackpropFilter,gradient_tape/sequential/conv2d_4/Conv2D/Conv2DBackpropFilter,2,413.697,206.8485,413.697,206.8485,0.011270927685808394,0.7261981386787504,0.0,0.0
33,Device,_FusedConv2D,sequential/conv2d_2/Relu,4,399.712,99.928,399.712,99.928,0.01088991471330429,0.7370880533920546,0.0,0.0
34,Device,MatMul,gradient_tape/sequential/dense_1/MatMul/MatMul_1,2,394.241,197.1205,394.241,197.1205,0.010740860585841297,0.747828913977896,0.0,0.0
35,Device,Conv2DBackpropInput,gradient_tape/sequential/conv2d_12/Conv2D/Conv2DBackpropInput,4,385.216,96.304,385.216,96.304,0.010494979850993279,0.7583238938288892,0.0,0.0
36,Device,Conv2DBackpropFilter,gradient_tape/sequential/conv2d/Conv2D/Conv2DBackpropFilter,2,385.024,192.512,385.024,192.512,0.010489748925664656,0.7688136427545539,0.0,0.0
37,Device,Conv2DBackpropInput,gradient_tape/sequential/conv2d_11/Conv2D/Conv2DBackpropInput,4,381.472,95.368,381.472,95.368,0.010392976807085137,0.7792066195616391,0.0,0.0
38,Device,Conv2DBackpropInput,gradient_tape/sequential/conv2d_10/Conv2D/Conv2DBackpropInput,4,379.392,94.848,379.392,94.848,0.010336308449358391,0.7895429280109975,0.0,0.0
39,Device,Conv2DBackpropFilter,gradient_tape/sequential/conv2d_7/Conv2D/Conv2DBackpropFilter,4,376.961,94.24025,376.961,94.24025,0.010270077306265257,0.7998130053172627,0.0,0.0
40,Device,Conv2DBackpropInput,gradient_tape/sequential/conv2d_7/Conv2D/Conv2DBackpropInput,4,372.129,93.03225,372.129,93.03225,0.010138432352161587,0.8099514376694243,0.0,0.0
41,Device,MaxPoolGrad,gradient_tape/sequential/max_pooling2d_3/MaxPool/MaxPoolGrad,2,369.504,184.752,369.504,184.752,0.010066915794934324,0.8200183534643587,0.0,0.0
42,Device,MatMul,gradient_tape/sequential/dense_1/MatMul/MatMul,2,368.192,184.096,368.192,184.096,0.010031171138522069,0.8300495246028807,0.0,0.0
43,Device,Conv2DBackpropInput,gradient_tape/sequential/conv2d_4/Conv2D/Conv2DBackpropInput,4,335.009,83.75225,335.009,83.75225,0.009127120121961204,0.8391766447248419,0.0,0.0
44,Device,MaxPoolGrad,gradient_tape/sequential/max_pooling2d_4/MaxPool/MaxPoolGrad,2,329.92,164.96,329.92,164.96,0.008988473356349952,0.8481651180811919,0.0,0.0
45,Device,MaxPoolGrad,gradient_tape/sequential/max_pooling2d/MaxPool/MaxPoolGrad,2,307.522,153.761,307.522,153.761,0.008378253223482813,0.8565433713046747,0.0,0.0
46,Device,_FusedConv2D,sequential/conv2d_4/Relu,4,304.417,76.10425,304.417,76.10425,0.008293659352933991,0.8648370306576088,0.0,0.0
47,Device,MatMul,sequential/dense_1/MatMul,2,300.258,150.129,300.258,150.129,0.008180349881883254,0.873017380539492,0.0,0.0
48,Device,_FusedConv2D,sequential/conv2d/Relu,2,247.968,123.984,247.968,123.984,0.006755740061916175,0.8797731206014081,0.0,0.0
49,Device,MaxPoolGrad,gradient_tape/sequential/max_pooling2d_2/MaxPool/MaxPoolGrad,2,215.776,107.888,215.776,107.888,0.005878688248483775,0.8856518088498919,0.0,0.0
50,Device,ReluGrad,gradient_tape/sequential/conv2d_3/ReluGrad,2,212.576,106.288,212.576,106.288,0.005791506159673397,0.8914433150095653,0.0,0.0
51,Device,ReluGrad,gradient_tape/sequential/conv2d_2/ReluGrad,2,201.153,100.5765,201.153,100.5765,0.005480293347023101,0.8969236083565884,0.0,0.0
52,Device,MaxPool,sequential/max_pooling2d/MaxPool,2,175.904,87.952,175.904,87.952,0.004792399421906467,0.9017160077784948,0.0,0.0
53,Device,MaxPoolGrad,gradient_tape/sequential/max_pooling2d_1/MaxPool/MaxPoolGrad,2,171.264,85.632,171.264,85.632,0.00466598539313142,0.9063819931716263,0.0,0.0
54,Device,BiasAddGrad,gradient_tape/sequential/conv2d_1/BiasAdd/BiasAddGrad,2,159.936,79.968,159.936,79.968,0.0043573607987426825,0.910739353970369,0.0,0.0
55,Device,_Recv,IteratorGetNext/_2,2,157.184,78.592,157.184,78.592,0.004282384202365757,0.9150217381727347,0.0,0.0
56,Device,BiasAddGrad,gradient_tape/sequential/conv2d/BiasAdd/BiasAddGrad,2,155.425,77.7125,155.425,77.7125,0.004234461297922803,0.9192561994706575,0.0,0.0
57,Device,ResourceApplyGradientDescent,SGD/SGD/update_16/ResourceApplyGradientDescent,2,124.352,62.176,124.352,62.176,0.003387895971171281,0.9226440954418288,0.0,0.0
58,Device,ResourceApplyGradientDescent,SGD/SGD/update_18/ResourceApplyGradientDescent,2,123.424,61.712,123.424,61.712,0.003362613165416272,0.9260067086072451,0.0,0.0
59,Device,ResourceApplyGradientDescent,SGD/SGD/update_22/ResourceApplyGradientDescent,2,119.52,59.76,119.52,59.76,0.0032562510170676103,0.9292629596243127,0.0,0.0
60,Device,ResourceApplyGradientDescent,SGD/SGD/update_24/ResourceApplyGradientDescent,2,118.976,59.488,118.976,59.488,0.0032414300619698464,0.9325043896862826,0.0,0.0
61,Device,ResourceApplyGradientDescent,SGD/SGD/update_20/ResourceApplyGradientDescent,2,118.464,59.232,118.464,59.232,0.003227480927760186,0.9357318706140427,0.0,0.0
62,Device,ReluGrad,gradient_tape/sequential/conv2d_4/ReluGrad,2,107.936,53.968,107.936,53.968,0.0029406518555740433,0.9386725224696167,0.0,0.0
63,Device,ReluGrad,gradient_tape/sequential/conv2d_5/ReluGrad,2,107.744,53.872,107.744,53.872,0.0029354209302454204,0.9416079433998622,0.0,0.0
64,Device,ResourceApplyGradientDescent,SGD/SGD/update_26/ResourceApplyGradientDescent,2,106.112,53.056,106.112,53.056,0.0028909580649521273,0.9444989014648143,0.0,0.0
65,Device,MaxPool,sequential/max_pooling2d_1/MaxPool,2,102.432,51.216,102.432,51.216,0.002790698662820193,0.9472896001276345,0.0,0.0
66,Device,BiasAddGrad,gradient_tape/sequential/conv2d_3/BiasAdd/BiasAddGrad,2,99.968,49.984,99.968,49.984,0.002723568454436202,0.9500131685820707,0.0,0.0
67,Device,ReluGrad,gradient_tape/sequential/conv2d_6/ReluGrad,2,99.648,49.824,99.648,49.824,0.0027148502455551643,0.9527280188276259,0.0,0.0
68,Device,BiasAddGrad,gradient_tape/sequential/conv2d_2/BiasAdd/BiasAddGrad,2,99.04,49.52,99.04,49.52,0.002698285648681193,0.9554263044763072,0.0,0.0
69,Device,SoftmaxCrossEntropyWithLogits,categorical_crossentropy/softmax_cross_entropy_with_logits,2,97.6,48.8,97.6,48.8,0.0026590537087165227,0.9580853581850237,0.0,0.0
70,Device,MatMul,gradient_tape/sequential/dense/MatMul/MatMul,2,70.592,35.296,70.592,35.296,0.0019232368791569341,0.9600085950641807,0.0,0.0
71,Device,ResourceApplyGradientDescent,SGD/SGD/update_14/ResourceApplyGradientDescent,2,64.96,32.48,64.96,32.48,0.001769796402850669,0.9617783914670314,0.0,0.0
72,Device,MatMul,gradient_tape/sequential/dense/MatMul/MatMul_1,2,63.873,31.9365,63.873,31.9365,0.001740181737057894,0.9635185732040893,0.0,0.0
73,Device,BiasAddGrad,gradient_tape/sequential/conv2d_6/BiasAdd/BiasAddGrad,2,57.728,28.864,57.728,28.864,0.0015727648821392153,0.9650913380862285,0.0,0.0
74,Device,BiasAddGrad,gradient_tape/sequential/conv2d_5/BiasAdd/BiasAddGrad,2,57.473,28.7365,57.473,28.7365,0.0015658175594371385,0.9666571556456657,0.0,0.0
75,Device,ReluGrad,gradient_tape/sequential/conv2d_8/ReluGrad,2,56.704,28.352,56.704,28.352,0.0015448666137198946,0.9682020222593856,0.0,0.0
76,Device,ReluGrad,gradient_tape/sequential/conv2d_7/ReluGrad,2,56.48,28.24,56.48,28.24,0.0015387638675031679,0.9697407861268887,0.0,0.0
77,Device,MatMul,sequential/dense/MatMul,2,51.808,25.904,51.808,25.904,0.0014114780178400164,0.9711522641447288,0.0,0.0
78,Device,BiasAddGrad,gradient_tape/sequential/conv2d_4/BiasAdd/BiasAddGrad,2,49.504,24.752,49.504,24.752,0.0013487069138965445,0.9725009710586253,0.0,0.0
79,Device,MaxPool,sequential/max_pooling2d_2/MaxPool,2,47.905,23.9525,47.905,23.9525,0.001305143113894109,0.9738061141725194,0.0,0.0
80,Device,BiasAddGrad,gradient_tape/sequential/conv2d_7/BiasAdd/BiasAddGrad,2,45.504,22.752,45.504,22.752,0.0012397293028835721,0.9750458434754029,0.0,0.0
81,Device,BiasAddGrad,gradient_tape/sequential/conv2d_8/BiasAdd/BiasAddGrad,2,43.36,21.68,43.36,21.68,0.001181317303380619,0.9762271607787836,0.0,0.0
82,Device,BiasAddGrad,gradient_tape/sequential/conv2d_9/BiasAdd/BiasAddGrad,2,43.264,21.632,43.264,21.632,0.0011787018407163079,0.9774058626194999,0.0,0.0
83,Device,ReluGrad,gradient_tape/sequential/conv2d_9/ReluGrad,2,36.928,18.464,36.928,18.464,0.0010060813048717596,0.9784119439243717,0.0,0.0
84,Device,ResourceApplyGradientDescent,SGD/SGD/update_12/ResourceApplyGradientDescent,2,33.952,16.976,33.952,16.976,0.0009250019622781084,0.9793369458866498,0.0,0.0
85,Device,ResourceApplyGradientDescent,SGD/SGD/update_10/ResourceApplyGradientDescent,2,33.696,16.848,33.696,16.848,0.0009180273951732781,0.9802549732818231,0.0,0.0
86,Device,BiasAddGrad,gradient_tape/sequential/conv2d_11/BiasAdd/BiasAddGrad,2,32.096,16.048,32.096,16.048,0.0008744363507680892,0.9811294096325912,0.0,0.0
87,Device,BiasAddGrad,gradient_tape/sequential/conv2d_10/BiasAdd/BiasAddGrad,2,31.584,15.792,31.584,15.792,0.0008604872165584288,0.9819898968491496,0.0,0.0
88,Device,BiasAddGrad,gradient_tape/sequential/conv2d_12/BiasAdd/BiasAddGrad,2,31.36,15.68,31.36,15.68,0.0008543844703417024,0.9828442813194913,0.0,0.0
89,Device,ReluGrad,gradient_tape/sequential/dense/ReluGrad,2,30.848,15.424,30.848,15.424,0.0008404353361320419,0.9836847166556234,0.0,0.0
90,Device,MatMul,sequential/dense_2/MatMul,2,27.712,13.856,27.712,13.856,0.0007549968890978717,0.9844397135447213,0.0,0.0
91,Device,Transpose,gradient_tape/sequential/conv2d/Conv2D/Conv2DBackpropFilter-0-TransposeNHWCToNCHW-LayoutOptimizer,2,25.024,12.512,25.024,12.512,0.0006817639344971544,0.9851214774792184,0.0,0.0
92,Device,ResourceApplyGradientDescent,SGD/SGD/update_8/ResourceApplyGradientDescent,2,21.184,10.592,21.184,10.592,0.000577145427924701,0.9856986229071432,0.0,0.0
93,Device,ReluGrad,gradient_tape/sequential/dense_1/ReluGrad,2,20.864,10.432,20.864,10.432,0.0005684272190436632,0.9862670501261869,0.0,0.0
94,Device,BiasAddGrad,gradient_tape/sequential/dense/BiasAdd/BiasAddGrad,2,20.0,10.0,20.0,10.0,0.0005448880550648612,0.9868119381812517,0.0,0.0
95,Device,Softmax,sequential/dense_2/Softmax,2,18.912,9.456,18.912,9.456,0.0005152461448693327,0.987327184326121,0.0,0.0
96,Device,MatMul,gradient_tape/sequential/dense_2/MatMul/MatMul_1,2,18.656,9.328,18.656,9.328,0.0005082715777645025,0.9878354559038854,0.0,0.0
97,Device,BiasAddGrad,gradient_tape/sequential/dense_1/BiasAdd/BiasAddGrad,2,17.824,8.912,17.824,8.912,0.00048560423467380436,0.9883210601385592,0.0,0.0
98,Device,ReluGrad,gradient_tape/sequential/conv2d_10/ReluGrad,2,17.792,8.896,17.792,8.896,0.00048473241378570056,0.9888057925523449,0.0,0.0
99,Device,ReluGrad,gradient_tape/sequential/conv2d_11/ReluGrad,2,17.632,8.816,17.632,8.816,0.00048037330934518166,0.98928616586169,0.0,0.0
100,Device,MaxPool,sequential/max_pooling2d_3/MaxPool,2,14.784,7.392,14.784,7.392,0.00040278125030394544,0.989688947111994,0.0,0.0
101,Device,MatMul,gradient_tape/sequential/dense_2/MatMul/MatMul,2,14.016,7.008,14.016,7.008,0.00038185754898945474,0.9900708046609834,0.0,0.0
102,Device,ResourceApplyGradientDescent,SGD/SGD/update_6/ResourceApplyGradientDescent,2,12.864,6.432,12.864,6.432,0.00035047199701771875,0.9904212766580012,0.0,0.0
103,Device,BiasAddGrad,gradient_tape/sequential/dense_2/BiasAdd/BiasAddGrad,2,12.032,6.016,12.032,6.016,0.0003278046539270205,0.9907490813119282,0.0,0.0
104,Device,ResourceApplyGradientDescent,SGD/SGD/update_4/ResourceApplyGradientDescent,2,10.496,5.248,10.496,5.248,0.00028595725129803917,0.9910350385632262,0.0,0.0
105,Device,BiasAdd,sequential/dense/BiasAdd,2,10.496,5.248,10.496,5.248,0.00028595725129803917,0.9913209958145242,0.0,0.0
106,Device,BiasAdd,sequential/dense_1/BiasAdd,2,10.176,5.088,10.176,5.088,0.00027723904241700137,0.9915982348569412,0.0,0.0
107,Device,Relu,sequential/dense/Relu,2,10.048,5.024,10.048,5.024,0.00027375175886458627,0.9918719866158058,0.0,0.0
108,Device,Relu,sequential/dense_1/Relu,2,9.44,4.72,9.44,4.72,0.0002571871619906145,0.9921291737777964,0.0,0.0
109,Device,MaxPool,sequential/max_pooling2d_4/MaxPool,2,9.216,4.608,9.216,4.608,0.000251084415773888,0.9923802581935703,0.0,0.0
110,Device,ResourceApplyGradientDescent,SGD/SGD/update_2/ResourceApplyGradientDescent,2,8.48,4.24,8.48,4.24,0.00023103253534750116,0.9926112907289178,0.0,0.0
111,Device,ResourceApplyGradientDescent,SGD/SGD/update_30/ResourceApplyGradientDescent,2,8.48,4.24,8.48,4.24,0.00023103253534750116,0.9928423232642654,0.0,0.0
112,Device,ReluGrad,gradient_tape/sequential/conv2d_12/ReluGrad,2,8.096,4.048,8.096,4.048,0.0002205706846902558,0.9930628939489556,0.0,0.0
113,Device,ResourceApplyGradientDescent,SGD/SGD/update_27/ResourceApplyGradientDescent,2,7.84,3.92,7.84,3.92,0.0002135961175854256,0.9932764900665411,0.0,0.0
114,Device,ArgMax,ArgMax,2,7.808,3.904,7.808,3.904,0.0002127242966973218,0.9934892143632383,0.0,0.0
115,Device,ResourceApplyGradientDescent,SGD/SGD/update_29/ResourceApplyGradientDescent,2,7.424,3.712,7.424,3.712,0.0002022624460400765,0.9936914768092784,0.0,0.0
116,Device,ArgMax,ArgMax_1,2,7.104,3.552,7.104,3.552,0.0001935442371590387,0.9938850210464374,0.0,0.0
117,Device,ResourceApplyGradientDescent,SGD/SGD/update_25/ResourceApplyGradientDescent,2,6.944,3.472,6.944,3.472,0.00018918513271851982,0.9940742061791559,0.0,0.0
118,Device,ResourceApplyGradientDescent,SGD/SGD/update_9/ResourceApplyGradientDescent,2,6.88,3.44,6.88,3.44,0.00018744149094231224,0.9942616476700982,0.0,0.0
119,Device,ResourceApplyGradientDescent,SGD/SGD/update/ResourceApplyGradientDescent,2,6.72,3.36,6.72,3.36,0.00018308238650179337,0.9944447300566,0.0,0.0
120,Device,ResourceApplyGradientDescent,SGD/SGD/update_23/ResourceApplyGradientDescent,2,6.592,3.296,6.592,3.296,0.00017959510294937825,0.9946243251595493,0.0,0.0
121,Device,ResourceApplyGradientDescent,SGD/SGD/update_15/ResourceApplyGradientDescent,2,6.56,3.28,6.56,3.28,0.00017872328206127447,0.9948030484416106,0.0,0.0
122,Device,ResourceApplyGradientDescent,SGD/SGD/update_17/ResourceApplyGradientDescent,2,6.4,3.2,6.4,3.2,0.0001743641776207556,0.9949774126192313,0.0,0.0
123,Device,ResourceApplyGradientDescent,SGD/SGD/update_5/ResourceApplyGradientDescent,2,6.4,3.2,6.4,3.2,0.0001743641776207556,0.9951517767968521,0.0,0.0
124,Device,ResourceApplyGradientDescent,SGD/SGD/update_19/ResourceApplyGradientDescent,2,6.336,3.168,6.336,3.168,0.00017262053584454805,0.9953243973326966,0.0,0.0
125,Device,ResourceApplyGradientDescent,SGD/SGD/update_13/ResourceApplyGradientDescent,2,6.24,3.12,6.24,3.12,0.0001700050731802367,0.9954944024058768,0.0,0.0
126,Device,ResourceApplyGradientDescent,SGD/SGD/update_21/ResourceApplyGradientDescent,2,6.24,3.12,6.24,3.12,0.0001700050731802367,0.995664407479057,0.0,0.0
127,Device,ResourceApplyGradientDescent,SGD/SGD/update_1/ResourceApplyGradientDescent,2,6.209,3.1045,6.209,3.1045,0.00016916049669488616,0.995833567975752,0.0,0.0
128,Device,ResourceApplyGradientDescent,SGD/SGD/update_3/ResourceApplyGradientDescent,2,6.208,3.104,6.208,3.104,0.00016913325229213293,0.9960027012280441,0.0,0.0
129,Device,ResourceApplyGradientDescent,SGD/SGD/update_11/ResourceApplyGradientDescent,2,6.176,3.088,6.176,3.088,0.00016826143140402915,0.9961709626594482,0.0,0.0
130,Device,ResourceApplyGradientDescent,SGD/SGD/update_7/ResourceApplyGradientDescent,2,6.144,3.072,6.144,3.072,0.00016738961051592538,0.996338352269964,0.0,0.0
131,Device,DivNoNan,categorical_crossentropy/weighted_loss/value,2,6.048,3.024,6.048,3.024,0.00016477414785161403,0.9965031264178157,0.0,0.0
132,Device,AssignAddVariableOp,AssignAddVariableOp_2,2,5.984,2.992,5.984,2.992,0.00016303050607540648,0.996666156923891,0.0,0.0
133,Device,AssignAddVariableOp,SGD/SGD/AssignAddVariableOp,2,5.92,2.96,5.92,2.96,0.00016128686429919893,0.9968274437881902,0.0,0.0
134,Device,Cast,Cast,2,5.888,2.944,5.888,2.944,0.00016041504341109513,0.9969878588316013,0.0,0.0
135,Device,AssignAddVariableOp,AssignAddVariableOp_4,2,5.792,2.896,5.792,2.896,0.0001577995807467838,0.9971456584123481,0.0,0.0
136,Device,Equal,Equal,2,5.792,2.896,5.792,2.896,0.0001577995807467838,0.9973034579930949,0.0,0.0
137,Device,ResourceApplyGradientDescent,SGD/SGD/update_31/ResourceApplyGradientDescent,2,5.76,2.88,5.76,2.88,0.00015692775985868003,0.9974603857529536,0.0,0.0
138,Device,Tile,gradient_tape/categorical_crossentropy/weighted_loss/Tile_1,2,5.568,2.784,5.568,2.784,0.00015169683453005736,0.9976120825874837,0.0,0.0
139,Device,Sum,Sum_2,2,5.536,2.768,5.536,2.768,0.00015082501364195358,0.9977629076011256,0.0,0.0
140,Device,Mul,gradient_tape/categorical_crossentropy/softmax_cross_entropy_with_logits/mul,2,5.504,2.752,5.504,2.752,0.00014995319275384978,0.9979128607938795,0.0,0.0
141,Device,AssignAddVariableOp,AssignAddVariableOp,2,5.472,2.736,5.472,2.736,0.00014908137186574603,0.9980619421657453,0.0,0.0
142,Device,AssignAddVariableOp,AssignAddVariableOp_3,2,5.44,2.72,5.44,2.72,0.00014820955097764226,0.9982101517167229,0.0,0.0
143,Device,BiasAdd,sequential/dense_2/BiasAdd,2,5.44,2.72,5.44,2.72,0.00014820955097764226,0.9983583612677005,0.0,0.0
144,Device,Sum,categorical_crossentropy/weighted_loss/Sum,2,5.408,2.704,5.408,2.704,0.00014733773008953848,0.9985056989977901,0.0,0.0
145,Device,DivNoNan,gradient_tape/categorical_crossentropy/weighted_loss/value/div_no_nan,2,5.344,2.672,5.344,2.672,0.00014559408831333093,0.9986512930861035,0.0,0.0
146,Device,AssignAddVariableOp,AssignAddVariableOp_1,2,5.312,2.656,5.312,2.656,0.00014472226742522713,0.9987960153535287,0.0,0.0
147,Device,Mul,Mul,2,5.216,2.608,5.216,2.608,0.0001421068047609158,0.9989381221582896,0.0,0.0
148,Device,DivNoNan,div_no_nan,2,5.056,2.528,5.056,2.528,0.0001377477003203969,0.99907586985861,0.0,0.0
149,Device,DivNoNan,div_no_nan_1,2,5.056,2.528,5.056,2.528,0.0001377477003203969,0.9992136175589303,0.0,0.0
150,Device,Cast,Cast_2,2,4.96,2.48,4.96,2.48,0.00013513223765608559,0.9993487497965864,0.0,0.0
151,Device,Cast,Cast_1,2,4.928,2.464,4.928,2.464,0.0001342604167679818,0.9994830102133544,0.0,0.0
152,Device,Cast,categorical_crossentropy/weighted_loss/num_elements/Cast,2,4.704,2.352,4.704,2.352,0.00012815767055125534,0.9996111678839057,0.0,0.0
153,Device,_Recv,categorical_crossentropy/weighted_loss/num_elements/_14,2,3.968,1.984,3.968,1.984,0.00010810579012486847,0.9997192736740306,0.0,0.0
154,Device,LogicalAnd,LogicalAnd,1,2.752,2.752,2.752,2.752,7.497659637692489e-05,0.9997942502704075,0.0,0.0
155,Device,_Recv,strided_slice/_12,2,2.752,1.376,2.752,1.376,7.497659637692489e-05,0.9998692268667844,0.0,0.0
156,Device,_Recv,Size/_16,2,2.528,1.264,2.528,1.264,6.887385016019845e-05,0.9999381007169446,0.0,0.0
157,Device,_Recv,IteratorGetNext/_4,2,2.272,1.136,2.272,1.136,6.189928305536823e-05,0.9999999999999999,0.0,0.0
158,Host,IDLE,IDLE,0,94462.561,0.0,94462.561,0.0,0.0,0.0,0.9905933203689304,0.9905933203689304
159,Host,GatherV2,GatherV2,2,492.814,246.407,492.814,246.407,0.0,0.0,0.005167954916914587,0.995761275285845
160,Host,_Send,IteratorGetNext/_6,2,71.801,35.9005,71.801,35.9005,0.0,0.0,0.000752950060244604,0.9965142253460896
161,Host,Dataset,Iterator::Root::ParallelMapV2::Zip[1]::ForeverRepeat,2,51.61,25.805,46.941,23.4705,0.0,0.0,0.0004922525978460182,0.9970064779439356
162,Host,Dataset,Iterator::Root::ParallelMapV2::Zip[0]::FlatMap[1]::Concatenate,2,67.194,33.597,40.602,20.301,0.0,0.0,0.0004257778909214552,0.9974322558348571
163,Host,FlushSummaryWriter,FlushSummaryWriter,1,37.036,37.036,37.036,37.036,0.0,0.0,0.00038838259120651733,0.9978206384260636
164,Host,LogicalAnd,LogicalAnd,1,34.361,34.361,34.361,34.361,0.0,0.0,0.00036033087310851985,0.9981809692991721
165,Host,GatherV2,GatherV2_1,2,31.89,15.945,31.89,15.945,0.0,0.0,0.00033441842622248185,0.9985153877253946
166,Host,Dataset,Iterator::Root::ParallelMapV2,2,27.304,13.652,27.304,13.652,0.0,0.0,0.0002863267704477467,0.9988017144958423
167,Host,Dataset,Iterator::Root::ParallelMapV2::Zip[0]::FlatMap[1]::Concatenate[0]::TensorSlice,2,26.592,13.296,26.592,13.296,0.0,0.0,0.0002788602944530648,0.9990805747902953
168,Host,WriteSummary,WriteSummary,1,19.497,19.497,19.497,19.497,0.0,0.0,0.00020445770009594631,0.9992850324903912
169,Host,Dataset,Iterator::Root,2,46.212,23.106,18.908,9.454,0.0,0.0,0.0001982810788025929,0.9994833135691938
170,Host,Dataset,Iterator::Root::ParallelMapV2::Zip,2,141.678,70.839,18.46,9.23,0.0,0.0,0.00019358307143515255,0.999676896640629
171,Host,IteratorGetNext,IteratorGetNext,2,13.548,6.774,13.548,6.774,0.0,0.0,0.00014207277637071758,0.9998189694169997
172,Host,ReadVariableOp,ReadVariableOp,1,5.895,5.895,5.895,5.895,0.0,0.0,6.181864605147477e-05,0.9998807880630511
173,Host,Dataset,Iterator::Root::ParallelMapV2::Zip[1]::ForeverRepeat::FromTensor,4,4.669,1.16725,4.669,1.16725,0.0,0.0,4.89620455325421e-05,0.9999297501085836
174,Host,Dataset,Iterator::Root::ParallelMapV2::Zip[0]::FlatMap,2,71.608,35.804,4.414,2.207,0.0,0.0,4.628795651759281e-05,0.9999760380651013
175,Host,Identity,Identity,2,2.285,1.1425,2.285,1.1425,0.0,0.0,2.396193489866325e-05,0.9999999999999999
