Rank,Host/device,Type,Operation,#Occurrences,Total time (us),Avg. time (us),Total self-time (us),Avg. self-time (us),Total self-time on Device (%),Cumulative total-self time on Device (%),Total self-time on Host (%),Cumulative total-self time on Host (%)
1,Device,IDLE,IDLE,0,5393.369,0.0,5393.369,0.0,0.05328117832002137,0.05328117832002137,0.0,0.0
2,Device,_Recv,IteratorGetNext/_2,2,4899.672,2449.836,4899.672,2449.836,0.0484039377876084,0.10168511610762977,0.0,0.0
3,Device,Conv2DBackpropFilter,gradient_tape/model/conv2d/Conv2D/Conv2DBackpropFilter,2,3139.898,1569.949,3139.898,1569.949,0.03101910239122865,0.1327042184988584,0.0,0.0
4,Device,FusedBatchNormGradV3,gradient_tape/model/batch_normalization/FusedBatchNormGradV3,2,2914.556,1457.278,2914.556,1457.278,0.02879294518133067,0.16149716368018907,0.0,0.0
5,Device,Conv2D,model/conv2d/Conv2D,2,1962.397,981.1985,1962.397,981.1985,0.01938655124314227,0.18088371492333133,0.0,0.0
6,Device,MaxPoolGrad,gradient_tape/model/max_pooling2d/MaxPool/MaxPoolGrad,2,1835.646,917.823,1835.646,917.823,0.018134376093761423,0.19901809101709275,0.0,0.0
7,Device,Conv2DBackpropFilter,gradient_tape/model/conv2d_4/Conv2D/Conv2DBackpropFilter,4,1789.502,447.3755,1789.502,447.3755,0.01767851878223702,0.21669660979932978,0.0,0.0
8,Device,Conv2DBackpropFilter,gradient_tape/model/conv2d_1/Conv2D/Conv2DBackpropFilter,4,1785.086,446.2715,1785.086,446.2715,0.017634893047847027,0.2343315028471768,0.0,0.0
9,Device,Conv2DBackpropFilter,gradient_tape/model/conv2d_3/Conv2D/Conv2DBackpropFilter,4,1783.357,445.83925,1783.357,445.83925,0.017617812229287176,0.25194931507646395,0.0,0.0
10,Device,Conv2DBackpropFilter,gradient_tape/model/conv2d_2/Conv2D/Conv2DBackpropFilter,4,1783.165,445.79125,1783.165,445.79125,0.017615915458226744,0.2695652305346907,0.0,0.0
11,Device,Conv2DBackpropInput,gradient_tape/model/conv2d_15/Conv2D/Conv2DBackpropInput,2,1781.117,890.5585,1781.117,890.5585,0.01759568323358211,0.28716091376827285,0.0,0.0
12,Device,ReluGrad,gradient_tape/model/activation/ReluGrad,2,1741.47,870.735,1741.47,870.735,0.01720400988861834,0.3043649236568912,0.0,0.0
13,Device,FusedBatchNormV3,model/batch_normalization/FusedBatchNormV3,4,1727.997,431.99925,1727.997,431.99925,0.01707090990686192,0.32143583356375316,0.0,0.0
14,Device,Conv2DBackpropInput,gradient_tape/model/conv2d_5/Conv2D/Conv2DBackpropInput,2,1362.879,681.4395,1362.879,681.4395,0.013463903364967686,0.3348997369287208,0.0,0.0
15,Device,Conv2DBackpropFilter,gradient_tape/model/conv2d_18/Conv2D/Conv2DBackpropFilter,2,1276.254,638.127,1276.254,638.127,0.012608133609185753,0.3475078705379066,0.0,0.0
16,Device,Conv2DBackpropFilter,gradient_tape/model/conv2d_19/Conv2D/Conv2DBackpropFilter,2,1266.206,633.103,1266.206,633.103,0.012508869257023018,0.3600167397949296,0.0,0.0
17,Device,Conv2DBackpropFilter,gradient_tape/model/conv2d_16/Conv2D/Conv2DBackpropFilter,2,1255.166,627.583,1255.166,627.583,0.012399804921048039,0.3724165447159776,0.0,0.0
18,Device,Conv2DBackpropFilter,gradient_tape/model/conv2d_5/Conv2D/Conv2DBackpropFilter,4,1254.847,313.71175,1254.847,313.71175,0.012396653514963255,0.3848131982309409,0.0,0.0
19,Device,BiasAdd,model/conv2d/BiasAdd,2,1197.599,598.7995,1197.599,598.7995,0.011831099610443726,0.3966442978413846,0.0,0.0
20,Device,Relu,model/activation/Relu,2,1096.959,548.4795,1096.959,548.4795,0.010836875446266022,0.40748117328765066,0.0,0.0
21,Device,Conv2DBackpropFilter,gradient_tape/model/conv2d_8/Conv2D/Conv2DBackpropFilter,2,1092.574,546.287,1092.574,546.287,0.010793555961370164,0.4182747292490208,0.0,0.0
22,Device,Conv2DBackpropFilter,gradient_tape/model/conv2d_9/Conv2D/Conv2DBackpropFilter,2,1091.582,545.791,1091.582,545.791,0.010783755977557919,0.42905848522657875,0.0,0.0
23,Device,Conv2DBackpropFilter,gradient_tape/model/conv2d_6/Conv2D/Conv2DBackpropFilter,2,1075.806,537.903,1075.806,537.903,0.010627904622092224,0.439686389848671,0.0,0.0
24,Device,Conv2D,model/conv2d_5/Conv2D,4,1029.662,257.4155,1029.662,257.4155,0.01017204731056782,0.4498584371592388,0.0,0.0
25,Device,Conv2DBackpropInput,gradient_tape/model/conv2d_10/Conv2D/Conv2DBackpropInput,2,1000.767,500.3835,1000.767,500.3835,0.00988659314498838,0.45974503030422714,0.0,0.0
26,Device,Conv2DBackpropInput,gradient_tape/model/conv2d_4/Conv2D/Conv2DBackpropInput,2,952.862,476.431,952.862,476.431,0.009413338886394052,0.4691583691906212,0.0,0.0
27,Device,Conv2DBackpropInput,gradient_tape/model/conv2d_1/Conv2D/Conv2DBackpropInput,2,952.286,476.143,952.286,476.143,0.00940764857321275,0.47856601776383395,0.0,0.0
28,Device,Conv2DBackpropInput,gradient_tape/model/conv2d_3/Conv2D/Conv2DBackpropInput,2,951.423,475.7115,951.423,475.7115,0.009399122982456735,0.48796514074629066,0.0,0.0
29,Device,Conv2DBackpropInput,gradient_tape/model/conv2d_2/Conv2D/Conv2DBackpropInput,2,949.791,474.8955,949.791,474.8955,0.009383000428443042,0.4973481411747337,0.0,0.0
30,Device,Conv2D,model/conv2d_1/Conv2D,2,936.927,468.4635,936.927,468.4635,0.009255916767393936,0.5066040579421276,0.0,0.0
31,Device,Conv2D,model/conv2d_3/Conv2D,2,932.702,466.351,932.702,466.351,0.00921417792504844,0.515818235867176,0.0,0.0
32,Device,Conv2D,model/conv2d_4/Conv2D,2,932.51,466.255,932.51,466.255,0.009212281153988004,0.525030517021164,0.0,0.0
33,Device,Conv2D,model/conv2d_2/Conv2D,2,932.319,466.1595,932.319,466.1595,0.009210394261943509,0.5342409112831075,0.0,0.0
34,Device,Conv2DBackpropFilter,gradient_tape/model/conv2d_15/Conv2D/Conv2DBackpropFilter,2,923.647,461.8235,923.647,461.8235,0.00912472343571389,0.5433656347188214,0.0,0.0
35,Device,Conv2DBackpropFilter,gradient_tape/model/conv2d_10/Conv2D/Conv2DBackpropFilter,4,913.087,228.27175,913.087,228.27175,0.009020401027389996,0.5523860357462114,0.0,0.0
36,Device,Conv2DBackpropInput,gradient_tape/model/conv2d_6/Conv2D/Conv2DBackpropInput,4,812.894,203.2235,812.894,203.2235,0.008030592783337363,0.5604166285295488,0.0,0.0
37,Device,Conv2DBackpropInput,gradient_tape/model/conv2d_9/Conv2D/Conv2DBackpropInput,4,809.375,202.34375,809.375,202.34375,0.007995828526245339,0.5684124570557941,0.0,0.0
38,Device,Conv2DBackpropInput,gradient_tape/model/conv2d_8/Conv2D/Conv2DBackpropInput,4,806.527,201.63175,806.527,201.63175,0.007967693088848895,0.576380150144643,0.0,0.0
39,Device,FusedBatchNormGradV3,gradient_tape/model/batch_normalization_1/FusedBatchNormGradV3,2,732.224,366.112,732.224,366.112,0.007233652567476717,0.5836138027121198,0.0,0.0
40,Device,FusedBatchNormGradV3,gradient_tape/model/batch_normalization_4/FusedBatchNormGradV3,2,731.648,365.824,731.648,365.824,0.007227962254295413,0.5908417649664153,0.0,0.0
41,Device,FusedBatchNormGradV3,gradient_tape/model/batch_normalization_2/FusedBatchNormGradV3,2,731.071,365.5355,731.071,365.5355,0.0072222620620981705,0.5980640270285135,0.0,0.0
42,Device,FusedBatchNormGradV3,gradient_tape/model/batch_normalization_3/FusedBatchNormGradV3,2,729.215,364.6075,729.215,364.6075,0.007203926608513971,0.6052679536370275,0.0,0.0
43,Device,Conv2DBackpropInput,gradient_tape/model/conv2d_18/Conv2D/Conv2DBackpropInput,4,699.296,174.824,699.296,174.824,0.006908356330612215,0.6121763099676397,0.0,0.0
44,Device,Conv2DBackpropInput,gradient_tape/model/conv2d_19/Conv2D/Conv2DBackpropInput,4,699.135,174.78375,699.135,174.78375,0.006906765809045912,0.6190830757766856,0.0,0.0
45,Device,Conv2D,model/conv2d_19/Conv2D,4,696.35,174.0875,696.35,174.0875,0.006879252749653674,0.6259623285263393,0.0,0.0
46,Device,Conv2D,model/conv2d_18/Conv2D,4,695.776,173.944,695.776,173.944,0.006873582194504249,0.6328359107208436,0.0,0.0
47,Device,Conv2D,model/conv2d_16/Conv2D,4,695.743,173.93575,695.743,173.93575,0.006873256186978238,0.6397091669078218,0.0,0.0
48,Device,Conv2DBackpropInput,gradient_tape/model/conv2d_16/Conv2D/Conv2DBackpropInput,4,695.136,173.784,695.136,173.784,0.006867259624302801,0.6465764265321245,0.0,0.0
49,Device,Conv2DBackpropFilter,gradient_tape/model/conv2d_14/Conv2D/Conv2DBackpropFilter,2,686.399,343.1995,686.399,343.1995,0.006780946662037096,0.6533573731941617,0.0,0.0
50,Device,Conv2DBackpropFilter,gradient_tape/model/conv2d_13/Conv2D/Conv2DBackpropFilter,2,685.087,342.5435,685.087,342.5435,0.006767985393124128,0.6601253585872858,0.0,0.0
51,Device,MaxPool,model/max_pooling2d/MaxPool,2,679.104,339.552,679.104,339.552,0.0067088792407565285,0.6668342378280424,0.0,0.0
52,Device,Conv2DBackpropFilter,gradient_tape/model/conv2d_11/Conv2D/Conv2DBackpropFilter,2,677.823,338.9115,677.823,338.9115,0.006696224221337692,0.67353046204938,0.0,0.0
53,Device,Conv2D,model/conv2d_8/Conv2D,4,671.647,167.91175,671.647,167.91175,0.0066352114188937186,0.6801656734682737,0.0,0.0
54,Device,Conv2D,model/conv2d_6/Conv2D,4,670.718,167.6795,670.718,167.6795,0.006626033813085679,0.6867917072813594,0.0,0.0
55,Device,Conv2D,model/conv2d_9/Conv2D,4,667.455,166.86375,667.455,166.86375,0.006593798584074234,0.6933855058654337,0.0,0.0
56,Device,Conv2DBackpropInput,gradient_tape/model/conv2d_11/Conv2D/Conv2DBackpropInput,2,663.359,331.6795,663.359,331.6795,0.006553334134784966,0.6999388400002187,0.0,0.0
57,Device,Conv2DBackpropInput,gradient_tape/model/conv2d_14/Conv2D/Conv2DBackpropInput,2,660.576,330.288,660.576,330.288,0.006525840833424607,0.7064646808336432,0.0,0.0
58,Device,Conv2DBackpropInput,gradient_tape/model/conv2d_13/Conv2D/Conv2DBackpropInput,2,660.031,330.0155,660.031,330.0155,0.006520456769737435,0.7129851376033807,0.0,0.0
59,Device,Conv2D,model/conv2d_10/Conv2D,4,647.358,161.8395,647.358,161.8395,0.006395260000732824,0.7193803976041135,0.0,0.0
60,Device,Conv2D,model/conv2d_15/Conv2D,4,640.959,160.23975,640.959,160.23975,0.006332044177734284,0.7257124417818478,0.0,0.0
61,Device,Conv2D,model/conv2d_13/Conv2D,4,590.751,147.68775,590.751,147.68775,0.005836038545430684,0.7315484803272785,0.0,0.0
62,Device,Conv2D,model/conv2d_11/Conv2D,4,589.823,147.45575,589.823,147.45575,0.0058268708186385845,0.737375351145917,0.0,0.0
63,Device,Conv2D,model/conv2d_14/Conv2D,4,588.287,147.07175,588.287,147.07175,0.00581169665015511,0.7431870477960721,0.0,0.0
64,Device,BiasAddGrad,gradient_tape/model/conv2d/BiasAdd/BiasAddGrad,2,540.96,270.48,540.96,270.48,0.005344152462773966,0.7485312002588461,0.0,0.0
65,Device,FusedBatchNormV3,model/batch_normalization_1/FusedBatchNormV3,4,439.936,109.984,439.936,109.984,0.004346134756475391,0.7528773350153215,0.0,0.0
66,Device,FusedBatchNormV3,model/batch_normalization_4/FusedBatchNormV3,4,439.359,109.83975,439.359,109.83975,0.004340434564278147,0.7572177695795996,0.0,0.0
67,Device,FusedBatchNormV3,model/batch_normalization_3/FusedBatchNormV3,4,438.43,109.6075,438.43,109.6075,0.004331256958470108,0.7615490265380698,0.0,0.0
68,Device,FusedBatchNormV3,model/batch_normalization_2/FusedBatchNormV3,4,432.832,108.208,432.832,108.208,0.004275954227239318,0.7658249807653091,0.0,0.0
69,Device,ReluGrad,gradient_tape/model/activation_4/ReluGrad,2,429.856,214.928,429.856,214.928,0.004246554275802584,0.7700715350411117,0.0,0.0
70,Device,ReluGrad,gradient_tape/model/activation_3/ReluGrad,2,426.88,213.44,426.88,213.44,0.004217154324365851,0.7742886893654776,0.0,0.0
71,Device,AddN,SGD/gradients/AddN_6,2,422.783,211.3915,422.783,211.3915,0.004176679996060644,0.7784653693615382,0.0,0.0
72,Device,ReluGrad,gradient_tape/model/activation_2/ReluGrad,2,421.375,210.6875,421.375,210.6875,0.004162770341617458,0.7826281397031557,0.0,0.0
73,Device,AddN,SGD/gradients/AddN_5,2,421.246,210.623,421.246,210.623,0.004161495948561228,0.7867896356517169,0.0,0.0
74,Device,ReluGrad,gradient_tape/model/activation_1/ReluGrad,2,416.607,208.3035,416.607,208.3035,0.0041156671936166695,0.7909053028453336,0.0,0.0
75,Device,AddV2,model/add_1/add,2,414.016,207.008,414.016,207.008,0.004090070663316745,0.7949953735086503,0.0,0.0
76,Device,Conv2DBackpropInput,gradient_tape/model/conv2d_7/Conv2D/Conv2DBackpropInput,2,413.792,206.896,413.792,206.896,0.0040878577637462376,0.7990832312723966,0.0,0.0
77,Device,AddN,SGD/gradients/AddN_7,2,413.406,206.703,413.406,206.703,0.004084044463593489,0.80316727573599,0.0,0.0
78,Device,AddV2,model/add/add,2,407.774,203.887,407.774,203.887,0.0040284058458207464,0.8071956815818108,0.0,0.0
79,Device,FusedBatchNormGradV3,gradient_tape/model/batch_normalization_8/FusedBatchNormGradV3,2,361.119,180.5595,361.119,180.5595,0.0035675003571511237,0.8107631819389619,0.0,0.0
80,Device,FusedBatchNormGradV3,gradient_tape/model/batch_normalization_5/FusedBatchNormGradV3,2,358.943,179.4715,358.943,179.4715,0.0035460036184662,0.8143091855574282,0.0,0.0
81,Device,FusedBatchNormGradV3,gradient_tape/model/batch_normalization_6/FusedBatchNormGradV3,2,358.88,179.44,358.88,179.44,0.003545381240461995,0.8178545667978901,0.0,0.0
82,Device,FusedBatchNormGradV3,gradient_tape/model/batch_normalization_7/FusedBatchNormGradV3,2,358.72,179.36,358.72,179.36,0.0035438005979116336,0.8213983673958017,0.0,0.0
83,Device,Conv2DBackpropFilter,gradient_tape/model/conv2d_7/Conv2D/Conv2DBackpropFilter,2,320.064,160.032,320.064,160.032,0.003161917357744171,0.8245602847535459,0.0,0.0
84,Device,BiasAdd,model/conv2d_1/BiasAdd,2,293.343,146.6715,293.343,146.6715,0.002897940172817775,0.8274582249263637,0.0,0.0
85,Device,BiasAdd,model/conv2d_4/BiasAdd,2,293.216,146.608,293.216,146.608,0.002896685537793425,0.8303549104641571,0.0,0.0
86,Device,BiasAdd,model/conv2d_3/BiasAdd,2,290.752,145.376,290.752,145.376,0.00287234364251785,0.833227254106675,0.0,0.0
87,Device,BiasAdd,model/conv2d_2/BiasAdd,2,287.264,143.632,287.264,143.632,0.0028378856349199582,0.8360651397415949,0.0,0.0
88,Device,Transpose,gradient_tape/model/conv2d/Conv2D/Conv2DBackpropFilter-0-TransposeNHWCToNCHW-LayoutOptimizer,2,285.792,142.896,285.792,142.896,0.0028233437234566274,0.8388884834650515,0.0,0.0
89,Device,Conv2DBackpropInput,gradient_tape/model/conv2d_17/Conv2D/Conv2DBackpropInput,2,283.551,141.7755,283.551,141.7755,0.0028012048487356194,0.8416896883137871,0.0,0.0
90,Device,Relu,model/activation_4/Relu,2,282.336,141.168,282.336,141.168,0.002789201844368808,0.8444788901581559,0.0,0.0
91,Device,Relu,model/activation_1/Relu,2,277.76,138.88,277.76,138.88,0.0027439954674284544,0.8472228856255843,0.0,0.0
92,Device,Relu,model/activation_2/Relu,2,277.76,138.88,277.76,138.88,0.0027439954674284544,0.8499668810930128,0.0,0.0
93,Device,Relu,model/activation_3/Relu,2,276.192,138.096,276.192,138.096,0.002728505170434907,0.8526953862634477,0.0,0.0
94,Device,Conv2DBackpropInput,gradient_tape/model/conv2d_12/Conv2D/Conv2DBackpropInput,2,271.072,135.536,271.072,135.536,0.0026779246088233224,0.855373310872271,0.0,0.0
95,Device,Conv2D,model/conv2d_12/Conv2D,2,242.4,121.2,242.4,121.2,0.0023946734637984497,0.8577679843360694,0.0,0.0
96,Device,Conv2DBackpropFilter,gradient_tape/model/conv2d_17/Conv2D/Conv2DBackpropFilter,4,239.968,59.992,239.968,59.992,0.002370647697032947,0.8601386320331024,0.0,0.0
97,Device,FusedBatchNormV3,model/batch_normalization_7/FusedBatchNormV3,4,235.904,58.976,235.904,58.976,0.002330499376253752,0.8624691314093561,0.0,0.0
98,Device,Conv2DBackpropFilter,gradient_tape/model/conv2d_12/Conv2D/Conv2DBackpropFilter,2,235.04,117.52,235.04,117.52,0.002321963906481797,0.8647910953158379,0.0,0.0
99,Device,Conv2D,model/conv2d_7/Conv2D,2,234.527,117.2635,234.527,117.2635,0.002316895971304699,0.8671079912871426,0.0,0.0
100,Device,FusedBatchNormV3,model/batch_normalization_5/FusedBatchNormV3,4,233.856,58.464,233.856,58.464,0.002310267151609118,0.8694182584387516,0.0,0.0
101,Device,FusedBatchNormV3,model/batch_normalization_6/FusedBatchNormV3,4,233.024,58.256,233.024,58.256,0.0023020478103472357,0.8717203062490989,0.0,0.0
102,Device,FusedBatchNormV3,model/batch_normalization_8/FusedBatchNormV3,4,229.024,57.256,229.024,57.256,0.0022625317465881853,0.8739828379956871,0.0,0.0
103,Device,ReluGrad,gradient_tape/model/activation_5/ReluGrad,2,219.84,109.92,219.84,109.92,0.002171802864197406,0.8761546408598845,0.0,0.0
104,Device,ReluGrad,gradient_tape/model/activation_8/ReluGrad,2,217.472,108.736,217.472,108.736,0.002148409354452048,0.8783030502143365,0.0,0.0
105,Device,ReluGrad,gradient_tape/model/activation_7/ReluGrad,2,217.055,108.5275,217.055,108.5275,0.002144289804805167,0.8804473400191417,0.0,0.0
106,Device,ReluGrad,gradient_tape/model/activation_6/ReluGrad,2,216.383,108.1915,216.383,108.1915,0.002137651106093647,0.8825849911252354,0.0,0.0
107,Device,AddN,SGD/gradients/AddN_4,2,216.0,108.0,216.0,108.0,0.0021338674429887176,0.8847188585682241,0.0,0.0
108,Device,AddN,SGD/gradients/AddN_3,2,214.912,107.456,214.912,107.456,0.002123119073646256,0.8868419776418703,0.0,0.0
109,Device,AddV2,model/add_2/add,2,211.232,105.616,211.232,105.616,0.0020867642949879295,0.8889287419368582,0.0,0.0
110,Device,AddV2,model/add_3/add,2,210.623,105.3115,210.623,105.3115,0.002080747974280614,0.8910094899111388,0.0,0.0
111,Device,FusedBatchNormGradV3,gradient_tape/model/batch_normalization_9/FusedBatchNormGradV3,2,190.624,95.312,190.624,95.312,0.0018831775345013021,0.8928926674456401,0.0,0.0
112,Device,FusedBatchNormGradV3,gradient_tape/model/batch_normalization_11/FusedBatchNormGradV3,2,190.591,95.2955,190.591,95.2955,0.0018828515269752903,0.8947755189726154,0.0,0.0
113,Device,FusedBatchNormGradV3,gradient_tape/model/batch_normalization_12/FusedBatchNormGradV3,2,188.928,94.464,188.928,94.464,0.001866422723467465,0.8966419416960829,0.0,0.0
114,Device,FusedBatchNormGradV3,gradient_tape/model/batch_normalization_10/FusedBatchNormGradV3,2,188.319,94.1595,188.319,94.1595,0.0018604064027601494,0.8985023480988431,0.0,0.0
115,Device,Conv2D,model/conv2d_17/Conv2D,4,175.967,43.99175,175.967,43.99175,0.0017383807978722022,0.9002407288967154,0.0,0.0
116,Device,BiasAddGrad,gradient_tape/model/conv2d_2/BiasAdd/BiasAddGrad,2,175.808,87.904,175.808,87.904,0.0017368100343377799,0.9019775389310531,0.0,0.0
117,Device,BiasAddGrad,gradient_tape/model/conv2d_1/BiasAdd/BiasAddGrad,2,165.856,82.928,165.856,82.928,0.0016384940677052625,0.9036160329987584,0.0,0.0
118,Device,BiasAddGrad,gradient_tape/model/conv2d_4/BiasAdd/BiasAddGrad,2,165.792,82.896,165.792,82.896,0.0016378618106851178,0.9052538948094435,0.0,0.0
119,Device,BiasAddGrad,gradient_tape/model/conv2d_3/BiasAdd/BiasAddGrad,2,165.408,82.704,165.408,82.704,0.001634068268564249,0.9068879630780078,0.0,0.0
120,Device,BiasAdd,model/conv2d_8/BiasAdd,2,152.447,76.2235,152.447,76.2235,0.0015060263429689863,0.9083939894209768,0.0,0.0
121,Device,BiasAdd,model/conv2d_9/BiasAdd,2,151.872,75.936,151.872,75.936,0.0015003459088036228,0.9098943353297805,0.0,0.0
122,Device,BiasAdd,model/conv2d_6/BiasAdd,2,151.712,75.856,151.712,75.856,0.0014987652662532605,0.9113931005960337,0.0,0.0
123,Device,BiasAdd,model/conv2d_7/BiasAdd,2,150.4,75.2,150.4,75.2,0.0014858039973402923,0.9128789045933741,0.0,0.0
124,Device,BiasAdd,model/conv2d_5/BiasAdd,2,150.016,75.008,150.016,75.008,0.0014820104552194233,0.9143609150485935,0.0,0.0
125,Device,SoftmaxCrossEntropyWithLogits,categorical_crossentropy/softmax_cross_entropy_with_logits,2,146.176,73.088,146.176,73.088,0.001444075034010735,0.9158049900826043,0.0,0.0
126,Device,Relu,model/activation_8/Relu,2,141.856,70.928,141.856,70.928,0.0014013976851509607,0.9172063877677552,0.0,0.0
127,Device,Relu,model/activation_5/Relu,2,141.824,70.912,141.824,70.912,0.0014010815566408885,0.9186074693243961,0.0,0.0
128,Device,Relu,model/activation_7/Relu,2,140.96,70.48,140.96,70.48,0.0013925460868689334,0.920000015411265,0.0,0.0
129,Device,Relu,model/activation_6/Relu,2,140.736,70.368,140.736,70.368,0.0013903331872984264,0.9213903485985634,0.0,0.0
130,Device,ResourceApplyGradientDescent,SGD/SGD/update_62/ResourceApplyGradientDescent,2,124.767,62.3835,124.767,62.3835,0.0012325751817563579,0.9226229237803197,0.0,0.0
131,Device,ResourceApplyGradientDescent,SGD/SGD/update_70/ResourceApplyGradientDescent,2,124.608,62.304,124.608,62.304,0.0012310044182219358,0.9238539281985416,0.0,0.0
132,Device,ResourceApplyGradientDescent,SGD/SGD/update_66/ResourceApplyGradientDescent,2,124.574,62.287,124.574,62.287,0.0012306685316799838,0.9250845967302216,0.0,0.0
133,Device,AddN,SGD/gradients/AddN_26,2,124.192,62.096,124.192,62.096,0.0012268947475909944,0.9263114914778126,0.0,0.0
134,Device,AddN,SGD/gradients/AddN_27,2,122.559,61.2795,122.559,61.2795,0.0012107623145613622,0.927522253792374,0.0,0.0
135,Device,Mul,gradient_tape/conv2d_19/kernel/Regularizer/Mul_1,2,121.92,60.96,121.92,60.96,0.001204449623375854,0.9287267034157498,0.0,0.0
136,Device,Mul,gradient_tape/conv2d_16/kernel/Regularizer/Mul_1,2,120.224,60.112,120.224,60.112,0.0011876948123420166,0.9299143982280919,0.0,0.0
137,Device,Mul,gradient_tape/conv2d_18/kernel/Regularizer/Mul_1,2,119.424,59.712,119.424,59.712,0.0011797915995902066,0.9310941898276821,0.0,0.0
138,Device,AddN,SGD/gradients/AddN_25,2,118.56,59.28,118.56,59.28,0.0011712561298182517,0.9322654459575004,0.0,0.0
139,Device,ReluGrad,gradient_tape/model/activation_12/ReluGrad,2,109.056,54.528,109.056,54.528,0.001077365962326748,0.9333428119198272,0.0,0.0
140,Device,ReluGrad,gradient_tape/model/activation_10/ReluGrad,2,108.896,54.448,108.896,54.448,0.001075785319776386,0.9344185972396035,0.0,0.0
141,Device,AddV2,model/add_5/add,2,108.352,54.176,108.352,54.176,0.0010704111351051552,0.9354890083747087,0.0,0.0
142,Device,ReluGrad,gradient_tape/model/activation_11/ReluGrad,2,108.288,54.144,108.288,54.144,0.0010697788780850103,0.9365587872527937,0.0,0.0
143,Device,AddV2,model/add_4/add,2,108.16,54.08,108.16,54.08,0.0010685143640447208,0.9376273016168385,0.0,0.0
144,Device,ReluGrad,gradient_tape/model/activation_9/ReluGrad,2,107.936,53.968,107.936,53.968,0.001066301464474214,0.9386936030813127,0.0,0.0
145,Device,AddN,SGD/gradients/AddN_2,2,105.056,52.528,105.056,52.528,0.0010378498985676977,0.9397314529798804,0.0,0.0
146,Device,BiasAddGrad,gradient_tape/model/conv2d_9/BiasAdd/BiasAddGrad,2,102.304,51.152,102.304,51.152,0.0010106628467014712,0.9407421158265818,0.0,0.0
147,Device,AddN,SGD/gradients/AddN_1,2,102.208,51.104,102.208,51.104,0.0010097144611712538,0.9417518302877531,0.0,0.0
148,Device,BiasAddGrad,gradient_tape/model/conv2d_8/BiasAdd/BiasAddGrad,2,101.472,50.736,101.472,50.736,0.0010024435054395886,0.9427542737931927,0.0,0.0
149,Device,BiasAddGrad,gradient_tape/model/conv2d_5/BiasAdd/BiasAddGrad,2,94.463,47.2315,94.463,47.2315,0.0009332014827177926,0.9436874752759105,0.0,0.0
150,Device,FusedBatchNormV3,model/batch_normalization_9/FusedBatchNormV3,4,90.688,22.672,90.688,22.672,0.000895908197545189,0.9445833834734556,0.0,0.0
151,Device,FusedBatchNormV3,model/batch_normalization_12/FusedBatchNormV3,4,90.112,22.528,90.112,22.528,0.0008902178843638856,0.9454736013578194,0.0,0.0
152,Device,FusedBatchNormV3,model/batch_normalization_11/FusedBatchNormV3,4,89.824,22.456,89.824,22.456,0.000887372727773234,0.9463609740855927,0.0,0.0
153,Device,FusedBatchNormV3,model/batch_normalization_10/FusedBatchNormV3,4,89.312,22.328,89.312,22.328,0.0008823146716120757,0.9472432887572048,0.0,0.0
154,Device,BiasAddGrad,gradient_tape/model/conv2d_7/BiasAdd/BiasAddGrad,2,88.48,44.24,88.48,44.24,0.0008740953303501932,0.948117384087555,0.0,0.0
155,Device,Tile,gradient_tape/conv2d_16/kernel/Regularizer/Tile,2,83.584,41.792,83.584,41.792,0.0008257276683091156,0.9489431117558641,0.0,0.0
156,Device,Mul,gradient_tape/conv2d_16/kernel/Regularizer/Mul,2,83.039,41.5195,83.039,41.5195,0.000820343604621945,0.949763455360486,0.0,0.0
157,Device,Square,conv2d_18/kernel/Regularizer/Square,2,82.816,41.408,82.816,41.408,0.000818140584067378,0.9505815959445534,0.0,0.0
158,Device,Square,conv2d_16/kernel/Regularizer/Square,2,82.688,41.344,82.688,41.344,0.0008168760700270883,0.9513984720145805,0.0,0.0
159,Device,Square,conv2d_19/kernel/Regularizer/Square,2,81.792,40.896,81.792,40.896,0.000808024471745061,0.9522064964863256,0.0,0.0
160,Device,BiasAdd,model/conv2d_12/BiasAdd,2,77.888,38.944,77.888,38.944,0.000769456793516228,0.9529759532798419,0.0,0.0
161,Device,BiasAdd,model/conv2d_11/BiasAdd,2,77.504,38.752,77.504,38.752,0.0007656632513953592,0.9537416165312372,0.0,0.0
162,Device,BiasAdd,model/conv2d_14/BiasAdd,2,77.248,38.624,77.248,38.624,0.0007631342233147799,0.954504750754552,0.0,0.0
163,Device,BiasAdd,model/conv2d_13/BiasAdd,2,76.8,38.4,76.8,38.4,0.0007587084241737662,0.9552634591787258,0.0,0.0
164,Device,BiasAdd,model/conv2d_10/BiasAdd,2,76.576,38.288,76.576,38.288,0.0007564955246032593,0.956019954703329,0.0,0.0
165,Device,Relu,model/activation_12/Relu,2,74.56,37.28,74.56,37.28,0.000736579428468698,0.9567565341317977,0.0,0.0
166,Device,AvgPoolGrad,gradient_tape/model/average_pooling2d/AvgPoolGrad,2,72.096,36.048,72.096,36.048,0.0007122375331931231,0.9574687716649909,0.0,0.0
167,Device,FusedBatchNormGradV3,gradient_tape/model/batch_normalization_13/FusedBatchNormGradV3,2,66.592,33.296,66.592,33.296,0.0006578634294606698,0.9581266350944515,0.0,0.0
168,Device,FusedBatchNormGradV3,gradient_tape/model/batch_normalization_14/FusedBatchNormGradV3,2,66.24,33.12,66.24,33.12,0.0006543860158498734,0.9587810211103014,0.0,0.0
169,Device,FusedBatchNormGradV3,gradient_tape/model/batch_normalization_15/FusedBatchNormGradV3,2,65.728,32.864,65.728,32.864,0.0006493279596887149,0.9594303490699901,0.0,0.0
170,Device,ResourceApplyGradientDescent,SGD/SGD/update_56/ResourceApplyGradientDescent,2,64.544,32.272,64.544,32.272,0.000637631204816036,0.9600679802748062,0.0,0.0
171,Device,AddN,SGD/gradients/AddN_23,2,63.616,31.808,63.616,31.808,0.0006284634780239364,0.9606964437528301,0.0,0.0
172,Device,Mul,gradient_tape/conv2d_15/kernel/Regularizer/Mul_1,2,62.72,31.36,62.72,31.36,0.000619611879741909,0.961316055632572,0.0,0.0
173,Device,Relu,model/activation_9/Relu,2,62.528,31.264,62.528,31.264,0.0006177151086814746,0.9619337707412535,0.0,0.0
174,Device,Relu,model/activation_11/Relu,2,62.432,31.216,62.432,31.216,0.0006167667231512574,0.9625505374644048,0.0,0.0
175,Device,Relu,model/activation_10/Relu,2,61.6,30.8,61.6,30.8,0.000608547381889375,0.9631590848462942,0.0,0.0
176,Device,FusedBatchNormGradV3,gradient_tape/model/batch_normalization_16/FusedBatchNormGradV3,2,60.608,30.304,60.608,30.304,0.0005987473980771305,0.9637578322443713,0.0,0.0
177,Device,BiasAddGrad,gradient_tape/model/conv2d_13/BiasAdd/BiasAddGrad,2,59.776,29.888,59.776,29.888,0.000590528056815248,0.9643483603011865,0.0,0.0
178,Device,BiasAddGrad,gradient_tape/model/conv2d_14/BiasAdd/BiasAddGrad,2,59.647,29.8235,59.647,29.8235,0.0005892536637590186,0.9649376139649456,0.0,0.0
179,Device,BiasAddGrad,gradient_tape/model/conv2d_10/BiasAdd/BiasAddGrad,2,59.231,29.6155,59.231,29.6155,0.0005851439931280775,0.9655227579580736,0.0,0.0
180,Device,Sum,conv2d_19/kernel/Regularizer/Sum,2,56.96,28.48,56.96,28.48,0.0005627087479288766,0.9660854667060025,0.0,0.0
181,Device,Sum,conv2d_16/kernel/Regularizer/Sum,2,56.864,28.432,56.864,28.432,0.0005617603623986594,0.9666472270684011,0.0,0.0
182,Device,Sum,conv2d_18/kernel/Regularizer/Sum,2,56.512,28.256,56.512,28.256,0.000558282948787863,0.967205510017189,0.0,0.0
183,Device,ReluGrad,gradient_tape/model/activation_15/ReluGrad,2,56.064,28.032,56.064,28.032,0.0005538571496468493,0.9677593671668359,0.0,0.0
184,Device,ReluGrad,gradient_tape/model/activation_14/ReluGrad,2,55.68,27.84,55.68,27.84,0.0005500636075259805,0.9683094307743618,0.0,0.0
185,Device,ReluGrad,gradient_tape/model/activation_13/ReluGrad,2,55.584,27.792,55.584,27.792,0.0005491152219957633,0.9688585459963576,0.0,0.0
186,Device,BiasAddGrad,gradient_tape/model/conv2d_12/BiasAdd/BiasAddGrad,2,54.048,27.024,54.048,27.024,0.000533941053512288,0.9693924870498699,0.0,0.0
187,Device,FusedBatchNormV3,model/batch_normalization_14/FusedBatchNormV3,4,51.167,12.79175,51.167,12.79175,0.000505479608589832,0.9698979666584597,0.0,0.0
188,Device,FusedBatchNormV3,model/batch_normalization_16/FusedBatchNormV3,4,51.072,12.768,51.072,12.768,0.0005045411020755546,0.9704025077605353,0.0,0.0
189,Device,BiasAddGrad,gradient_tape/model/conv2d_15/BiasAdd/BiasAddGrad,2,49.184,24.592,49.184,24.592,0.0004858895199812828,0.9708883972805166,0.0,0.0
190,Device,FusedBatchNormV3,model/batch_normalization_13/FusedBatchNormV3,4,49.152,12.288,49.152,12.288,0.0004855733914712104,0.9713739706719878,0.0,0.0
191,Device,FusedBatchNormV3,model/batch_normalization_15/FusedBatchNormV3,4,47.424,11.856,47.424,11.856,0.00046850245192730063,0.9718424731239151,0.0,0.0
192,Device,BiasAddGrad,gradient_tape/model/conv2d_18/BiasAdd/BiasAddGrad,2,47.136,23.568,47.136,23.568,0.00046565729533664903,0.9723081304192518,0.0,0.0
193,Device,BiasAddGrad,gradient_tape/model/conv2d_19/BiasAdd/BiasAddGrad,2,47.04,23.52,47.04,23.52,0.0004647089098064318,0.9727728393290582,0.0,0.0
194,Device,BiasAddGrad,gradient_tape/model/conv2d_17/BiasAdd/BiasAddGrad,2,46.592,23.296,46.592,23.296,0.00046028311066541815,0.9732331224397236,0.0,0.0
195,Device,Tile,gradient_tape/conv2d_15/kernel/Regularizer/Tile,2,46.176,23.088,46.176,23.088,0.00045617344003447694,0.973689295879758,0.0,0.0
196,Device,Square,conv2d_15/kernel/Regularizer/Square,2,42.88,21.44,42.88,21.44,0.0004236122034970195,0.9741129080832551,0.0,0.0
197,Device,ReluGrad,gradient_tape/model/activation_16/ReluGrad,2,42.4,21.2,42.4,21.2,0.00041887027584593345,0.9745317783591011,0.0,0.0
198,Device,BiasAdd,model/conv2d_17/BiasAdd,2,41.216,20.608,41.216,20.608,0.00040717352097325454,0.9749389518800744,0.0,0.0
199,Device,AddN,SGD/gradients/AddN,2,40.128,20.064,40.128,20.064,0.0003964251516307929,0.9753353770317051,0.0,0.0
200,Device,AddV2,model/add_6/add,2,36.672,18.336,36.672,18.336,0.00036228327254297335,0.9756976603042481,0.0,0.0
201,Device,ArgMax,ArgMax,2,36.416,18.208,36.416,18.208,0.0003597542444623941,0.9760574145487105,0.0,0.0
202,Device,AddV2,model/add_7/add,2,36.416,18.208,36.416,18.208,0.0003597542444623941,0.976417168793173,0.0,0.0
203,Device,ResourceApplyGradientDescent,SGD/SGD/update_48/ResourceApplyGradientDescent,2,35.424,17.712,35.424,17.712,0.00034995426065014966,0.9767671230538231,0.0,0.0
204,Device,ResourceApplyGradientDescent,SGD/SGD/update_52/ResourceApplyGradientDescent,2,35.136,17.568,35.136,17.568,0.00034710910405949807,0.9771142321578826,0.0,0.0
205,Device,Sum,conv2d_15/kernel/Regularizer/Sum,2,34.72,17.36,34.72,17.36,0.0003429994334285568,0.9774572315913111,0.0,0.0
206,Device,ResourceApplyGradientDescent,SGD/SGD/update_44/ResourceApplyGradientDescent,2,34.688,17.344,34.688,17.344,0.00034268330491848444,0.9777999148962296,0.0,0.0
207,Device,Mul,gradient_tape/conv2d_15/kernel/Regularizer/Mul,2,33.728,16.864,33.728,16.864,0.00033319944961631234,0.9781331143458459,0.0,0.0
208,Device,AddN,SGD/gradients/AddN_22,2,33.44,16.72,33.44,16.72,0.0003303542930256607,0.9784634686388716,0.0,0.0
209,Device,AddN,SGD/gradients/AddN_21,2,33.088,16.544,33.088,16.544,0.0003268768794148643,0.9787903455182865,0.0,0.0
210,Device,Mul,gradient_tape/conv2d_11/kernel/Regularizer/Mul_1,2,32.256,16.128,32.256,16.128,0.00031865753815298183,0.9791090030564394,0.0,0.0
211,Device,Mul,gradient_tape/conv2d_13/kernel/Regularizer/Mul_1,2,31.904,15.952,31.904,15.952,0.0003151801245421854,0.9794241831809817,0.0,0.0
212,Device,Mul,gradient_tape/conv2d_14/kernel/Regularizer/Mul_1,2,31.296,15.648,31.296,15.648,0.00030917368285080974,0.9797333568638324,0.0,0.0
213,Device,AddN,SGD/gradients/AddN_20,2,30.816,15.408,30.816,15.408,0.0003044317551997237,0.9800377886190321,0.0,0.0
214,Device,Sum,conv2d_13/kernel/Regularizer/Sum,2,24.704,12.352,24.704,12.352,0.0002440512097758948,0.980281839828808,0.0,0.0
215,Device,Sum,conv2d_14/kernel/Regularizer/Sum,2,24.352,12.176,24.352,12.176,0.00024057379616509837,0.980522413624973,0.0,0.0
216,Device,Sum,conv2d_11/kernel/Regularizer/Sum,2,24.064,12.032,24.064,12.032,0.00023772863957444675,0.9807601422645476,0.0,0.0
217,Device,BiasAdd,model/conv2d_15/BiasAdd,2,23.488,11.744,23.488,11.744,0.0002320383263931435,0.9809921805909407,0.0,0.0
218,Device,MatMul,model/dense/MatMul,2,23.456,11.728,23.456,11.728,0.0002317221978830711,0.9812239027888238,0.0,0.0
219,Device,Tile,gradient_tape/conv2d_11/kernel/Regularizer/Tile,2,23.359,11.6795,23.359,11.6795,0.00023076393333691414,0.9814546667221606,0.0,0.0
220,Device,Square,conv2d_11/kernel/Regularizer/Square,2,22.976,11.488,22.976,11.488,0.00022698027023198506,0.9816816469923926,0.0,0.0
221,Device,ArgMax,ArgMax_1,2,22.72,11.36,22.72,11.36,0.00022445124215140583,0.981906098234544,0.0,0.0
222,Device,Mul,gradient_tape/conv2d_11/kernel/Regularizer/Mul,2,22.112,11.056,22.112,11.056,0.00021844480046003017,0.9821245430350041,0.0,0.0
223,Device,BiasAdd,model/conv2d_18/BiasAdd,2,22.08,11.04,22.08,11.04,0.00021812867194995778,0.982342671706954,0.0,0.0
224,Device,BiasAdd,model/conv2d_16/BiasAdd,2,21.824,10.912,21.824,10.912,0.0002155996438693786,0.9825582713508234,0.0,0.0
225,Device,Softmax,model/dense/Softmax,2,21.824,10.912,21.824,10.912,0.0002155996438693786,0.9827738709946928,0.0,0.0
226,Device,Square,conv2d_13/kernel/Regularizer/Square,2,21.44,10.72,21.44,10.72,0.00021180610174850975,0.9829856770964414,0.0,0.0
227,Device,BiasAdd,model/conv2d_19/BiasAdd,2,21.408,10.704,21.408,10.704,0.00021148997323843736,0.9831971670696797,0.0,0.0
228,Device,Square,conv2d_14/kernel/Regularizer/Square,2,21.216,10.608,21.216,10.608,0.00020959320217800293,0.9834067602718577,0.0,0.0
229,Device,AddN,ArithmeticOptimizer/AddOpsRewrite_AddN_1,4,21.024,5.256,21.024,5.256,0.0002076964311175685,0.9836144567029753,0.0,0.0
230,Device,Mul,gradient_tape/conv2d_10/kernel/Regularizer/Mul_1,2,20.928,10.464,20.928,10.464,0.0002067480455873513,0.9838212047485627,0.0,0.0
231,Device,ResourceApplyGradientDescent,SGD/SGD/update_38/ResourceApplyGradientDescent,2,20.608,10.304,20.608,10.304,0.00020358676048662727,0.9840247915090493,0.0,0.0
232,Device,AddN,SGD/gradients/AddN_18,2,20.16,10.08,20.16,10.08,0.00019916096134561364,0.984223952470395,0.0,0.0
233,Device,Relu,model/activation_13/Relu,2,19.456,9.728,19.456,9.728,0.00019220613412402078,0.984416158604519,0.0,0.0
234,Device,Relu,model/activation_14/Relu,2,19.456,9.728,19.456,9.728,0.00019220613412402078,0.9846083647386431,0.0,0.0
235,Device,Relu,model/activation_15/Relu,2,19.264,9.632,19.264,9.632,0.00019030936306358635,0.9847986741017067,0.0,0.0
236,Device,Sum,conv2d_10/kernel/Regularizer/Sum,2,19.104,9.552,19.104,9.552,0.00018872872051322435,0.98498740282222,0.0,0.0
237,Device,Relu,model/activation_16/Relu,2,18.912,9.456,18.912,9.456,0.00018683194945278992,0.9851742347716728,0.0,0.0
238,Device,Sum,conv2d_17/kernel/Regularizer/Sum,2,17.728,8.864,17.728,8.864,0.00017513519458011107,0.9853493699662529,0.0,0.0
239,Device,Sum,conv2d_6/kernel/Regularizer/Sum,2,17.728,8.864,17.728,8.864,0.00017513519458011107,0.985524505160833,0.0,0.0
240,Device,AvgPool,model/average_pooling2d/AvgPool,2,17.088,8.544,17.088,8.544,0.00016881262437866299,0.9856933177852116,0.0,0.0
241,Device,Sum,conv2d_8/kernel/Regularizer/Sum,2,16.256,8.128,16.256,8.128,0.00016059328311678053,0.9858539110683284,0.0,0.0
242,Device,Sum,conv2d_9/kernel/Regularizer/Sum,2,16.224,8.112,16.224,8.112,0.00016027715460670812,0.9860141882229352,0.0,0.0
243,Device,Tile,gradient_tape/conv2d_10/kernel/Regularizer/Tile,2,15.712,7.856,15.712,7.856,0.00015521909844554968,0.9861694073213807,0.0,0.0
244,Device,Sum,conv2d_12/kernel/Regularizer/Sum,2,15.552,7.776,15.552,7.776,0.00015363845589518764,0.9863230457772759,0.0,0.0
245,Device,MatMul,gradient_tape/model/dense/MatMul/MatMul_1,2,15.072,7.536,15.072,7.536,0.00014889652824410162,0.98647194230552,0.0,0.0
246,Device,Sum,conv2d_3/kernel/Regularizer/Sum,2,14.752,7.376,14.752,7.376,0.0001457352431433776,0.9866176775486635,0.0,0.0
247,Device,Sum,conv2d_2/kernel/Regularizer/Sum,2,14.656,7.328,14.656,7.328,0.00014478685761316038,0.9867624644062767,0.0,0.0
248,Device,Square,conv2d_10/kernel/Regularizer/Square,2,14.592,7.296,14.592,7.296,0.00014415460059301558,0.9869066190068697,0.0,0.0
249,Device,Tile,gradient_tape/conv2d_5/kernel/Regularizer/Tile,2,14.56,7.28,14.56,7.28,0.00014383847208294319,0.9870504574789527,0.0,0.0
250,Device,Sum,conv2d_5/kernel/Regularizer/Sum,2,14.432,7.216,14.432,7.216,0.00014257395804265357,0.9871930314369953,0.0,0.0
251,Device,Tile,gradient_tape/conv2d_6/kernel/Regularizer/Tile,2,14.24,7.12,14.24,7.12,0.00014067718698221915,0.9873337086239775,0.0,0.0
252,Device,Sum,conv2d_1/kernel/Regularizer/Sum,2,14.08,7.04,14.08,7.04,0.00013909654443185714,0.9874728051684094,0.0,0.0
253,Device,Tile,gradient_tape/conv2d_1/kernel/Regularizer/Tile,2,14.048,7.024,14.048,7.024,0.00013878041592178475,0.9876115855843312,0.0,0.0
254,Device,Sum,conv2d_4/kernel/Regularizer/Sum,2,13.984,6.992,13.984,6.992,0.00013814815890163994,0.9877497337432328,0.0,0.0
255,Device,AddN,SGD/gradients/AddN_16,2,13.952,6.976,13.952,6.976,0.00013783203039156752,0.9878875657736244,0.0,0.0
256,Device,Sum,conv2d/kernel/Regularizer/Sum,2,13.952,6.976,13.952,6.976,0.00013783203039156752,0.9880253978040159,0.0,0.0
257,Device,ResourceApplyGradientDescent,SGD/SGD/update_34/ResourceApplyGradientDescent,2,13.664,6.832,13.664,6.832,0.0001349868738009159,0.9881603846778167,0.0,0.0
258,Device,AddN,SGD/gradients/AddN_17,2,13.664,6.832,13.664,6.832,0.0001349868738009159,0.9882953715516176,0.0,0.0
259,Device,ResourceApplyGradientDescent,SGD/SGD/update_30/ResourceApplyGradientDescent,2,13.632,6.816,13.632,6.816,0.0001346707452908435,0.9884300422969085,0.0,0.0
260,Device,Tile,gradient_tape/conv2d_17/kernel/Regularizer/Tile,2,13.568,6.784,13.568,6.784,0.0001340384882706987,0.9885640807851791,0.0,0.0
261,Device,Mul,gradient_tape/conv2d_10/kernel/Regularizer/Mul,2,13.472,6.736,13.472,6.736,0.00013309010274048147,0.9886971708879195,0.0,0.0
262,Device,Tile,gradient_tape/conv2d_12/kernel/Regularizer/Tile,2,13.472,6.736,13.472,6.736,0.00013309010274048147,0.98883026099066,0.0,0.0
263,Device,ResourceApplyGradientDescent,SGD/SGD/update_26/ResourceApplyGradientDescent,2,13.408,6.704,13.408,6.704,0.0001324578457203367,0.9889627188363803,0.0,0.0
264,Device,MatMul,gradient_tape/model/dense/MatMul/MatMul,2,13.312,6.656,13.312,6.656,0.00013150946019011947,0.9890942282965705,0.0,0.0
265,Device,Mul,gradient_tape/conv2d_6/kernel/Regularizer/Mul_1,2,13.152,6.576,13.152,6.576,0.00012992881763975746,0.9892241571142102,0.0,0.0
266,Device,ResourceApplyGradientDescent,SGD/SGD/update_60/ResourceApplyGradientDescent,2,12.928,6.464,12.928,6.464,0.00012771591806925065,0.9893518730322794,0.0,0.0
267,Device,Sum,conv2d_7/kernel/Regularizer/Sum,2,12.096,6.048,12.096,6.048,0.00011949657680736818,0.9894713696090868,0.0,0.0
268,Device,AddN,SGD/gradients/AddN_15,2,11.968,5.984,11.968,5.984,0.00011823206276707857,0.9895896016718538,0.0,0.0
269,Device,Mul,gradient_tape/conv2d_8/kernel/Regularizer/Mul_1,2,11.616,5.808,11.616,5.808,0.00011475464915628213,0.9897043563210102,0.0,0.0
270,Device,Mul,gradient_tape/conv2d_17/kernel/Regularizer/Mul_1,2,11.52,5.76,11.52,5.76,0.00011380626362606494,0.9898181625846363,0.0,0.0
271,Device,AddN,SGD/gradients/AddN_24,2,10.784,5.392,10.784,5.392,0.00010653530789439968,0.9899246978925307,0.0,0.0
272,Device,Square,conv2d_9/kernel/Regularizer/Square,2,10.752,5.376,10.752,5.376,0.00010621917938432728,0.990030917071915,0.0,0.0
273,Device,ResourceApplyGradientDescent,SGD/SGD/update_20/ResourceApplyGradientDescent,2,10.368,5.184,10.368,5.184,0.00010242563726345844,0.9901333427091785,0.0,0.0
274,Device,Mul,gradient_tape/conv2d_6/kernel/Regularizer/Mul,2,10.144,5.072,10.144,5.072,0.00010021273769295163,0.9902335554468715,0.0,0.0
275,Device,Mul,gradient_tape/conv2d_9/kernel/Regularizer/Mul_1,2,10.112,5.056,10.112,5.056,9.989660918287922e-05,0.9903334520560544,0.0,0.0
276,Device,Mul,gradient_tape/conv2d_17/kernel/Regularizer/Mul,2,10.048,5.024,10.048,5.024,9.926435216273442e-05,0.9904327164082172,0.0,0.0
277,Device,Square,conv2d_8/kernel/Regularizer/Square,2,9.888,4.944,9.888,4.944,9.76837096123724e-05,0.9905304001178296,0.0,0.0
278,Device,Square,conv2d_6/kernel/Regularizer/Square,2,9.728,4.864,9.728,4.864,9.610306706201039e-05,0.9906265031848915,0.0,0.0
279,Device,AddN,SGD/gradients/AddN_13,2,9.727,4.8635,9.727,4.8635,9.609318804607063e-05,0.9907225963729376,0.0,0.0
280,Device,ResourceApplyGradientDescent,SGD/SGD/update_4/ResourceApplyGradientDescent,2,9.664,4.832,9.664,4.832,9.547081004186558e-05,0.9908180671829795,0.0,0.0
281,Device,Mul,gradient_tape/conv2d_5/kernel/Regularizer/Mul_1,2,9.568,4.784,9.568,4.784,9.452242451164837e-05,0.9909125896074912,0.0,0.0
282,Device,ResourceApplyGradientDescent,SGD/SGD/update_16/ResourceApplyGradientDescent,2,9.44,4.72,9.44,4.72,9.325791047135877e-05,0.9910058475179625,0.0,0.0
283,Device,ResourceApplyGradientDescent,SGD/SGD/update_8/ResourceApplyGradientDescent,2,9.44,4.72,9.44,4.72,9.325791047135877e-05,0.9910991054284338,0.0,0.0
284,Device,Square,conv2d_17/kernel/Regularizer/Square,2,9.216,4.608,9.216,4.608,9.104501090085194e-05,0.9911901504393347,0.0,0.0
285,Device,ResourceApplyGradientDescent,SGD/SGD/update_12/ResourceApplyGradientDescent,2,9.12,4.56,9.12,4.56,9.009662537063474e-05,0.9912802470647053,0.0,0.0
286,Device,ResourceApplyGradientDescent,SGD/SGD/update_42/ResourceApplyGradientDescent,2,8.992,4.496,8.992,4.496,8.883211133034514e-05,0.9913690791760357,0.0,0.0
287,Device,AddN,SGD/gradients/AddN_9,2,8.832,4.416,8.832,4.416,8.725146877998313e-05,0.9914563306448156,0.0,0.0
288,Device,AddN,SGD/gradients/AddN_12,2,8.768,4.384,8.768,4.384,8.661921175983832e-05,0.9915429498565754,0.0,0.0
289,Device,_Send,IteratorGetNext/_3,2,8.704,4.352,8.704,4.352,8.598695473969351e-05,0.9916289368113151,0.0,0.0
290,Device,AddN,SGD/gradients/AddN_10,2,8.64,4.32,8.64,4.32,8.53546977195487e-05,0.9917142915090347,0.0,0.0
291,Device,AddN,SGD/gradients/AddN_11,2,8.512,4.256,8.512,4.256,8.409018367925909e-05,0.991798381692714,0.0,0.0
292,Device,ResourceApplyGradientDescent,SGD/SGD/update_24/ResourceApplyGradientDescent,2,8.48,4.24,8.48,4.24,8.37740551691867e-05,0.9918821557478832,0.0,0.0
293,Device,ResourceApplyGradientDescent,SGD/SGD/update/ResourceApplyGradientDescent,2,8.352,4.176,8.352,4.176,8.250954112889708e-05,0.9919646652890121,0.0,0.0
294,Device,Square,conv2d_5/kernel/Regularizer/Square,2,8.352,4.176,8.352,4.176,8.250954112889708e-05,0.9920471748301409,0.0,0.0
295,Device,AddN,SGD/gradients/AddN_19,2,8.128,4.064,8.128,4.064,8.029664155839027e-05,0.9921274714716993,0.0,0.0
296,Device,AddN,SGD/gradients/AddN_8,2,8.128,4.064,8.128,4.064,8.029664155839027e-05,0.9922077681132577,0.0,0.0
297,Device,Mul,gradient_tape/conv2d/kernel/Regularizer/Mul_1,2,8.064,4.032,8.064,4.032,7.966438453824546e-05,0.9922874324977959,0.0,0.0
298,Device,AddN,SGD/gradients/AddN_14,2,8.0,4.0,8.0,4.0,7.903212751810065e-05,0.9923664646253141,0.0,0.0
299,Device,Mul,gradient_tape/conv2d_1/kernel/Regularizer/Mul_1,2,7.936,3.968,7.936,3.968,7.839987049795584e-05,0.992444864495812,0.0,0.0
300,Device,Mul,gradient_tape/conv2d_12/kernel/Regularizer/Mul_1,2,7.872,3.936,7.872,3.936,7.776761347781103e-05,0.9925226321092898,0.0,0.0
301,Device,ResourceApplyGradientDescent,SGD/SGD/update_74/ResourceApplyGradientDescent,2,7.84,3.92,7.84,3.92,7.745148496773863e-05,0.9926000835942576,0.0,0.0
302,Device,Mul,gradient_tape/conv2d_5/kernel/Regularizer/Mul,2,7.776,3.888,7.776,3.888,7.681922794759382e-05,0.9926769028222051,0.0,0.0
303,Device,Mul,gradient_tape/conv2d_7/kernel/Regularizer/Mul_1,2,7.712,3.856,7.712,3.856,7.618697092744903e-05,0.9927530897931326,0.0,0.0
304,Device,Square,conv2d_1/kernel/Regularizer/Square,2,7.68,3.84,7.68,3.84,7.587084241737662e-05,0.9928289606355499,0.0,0.0
305,Device,ResourceApplyGradientDescent,SGD/SGD/update_22/ResourceApplyGradientDescent,2,7.392,3.696,7.392,3.696,7.3025685826725e-05,0.9929019863213766,0.0,0.0
306,Device,Square,conv2d_4/kernel/Regularizer/Square,2,7.391,3.6955,7.391,3.6955,7.301580681078523e-05,0.9929750021281873,0.0,0.0
307,Device,ResourceApplyGradientDescent,SGD/SGD/update_2/ResourceApplyGradientDescent,2,7.328,3.664,7.328,3.664,7.239342880658019e-05,0.993047395556994,0.0,0.0
308,Device,ResourceApplyGradientDescent,SGD/SGD/update_3/ResourceApplyGradientDescent,2,7.328,3.664,7.328,3.664,7.239342880658019e-05,0.9931197889858006,0.0,0.0
309,Device,ResourceApplyGradientDescent,SGD/SGD/update_58/ResourceApplyGradientDescent,2,7.296,3.648,7.296,3.648,7.207730029650779e-05,0.993191866286097,0.0,0.0
310,Device,ResourceApplyGradientDescent,SGD/SGD/update_9/ResourceApplyGradientDescent,2,7.264,3.632,7.264,3.632,7.17611717864354e-05,0.9932636274578834,0.0,0.0
311,Device,Mul,gradient_tape/conv2d_1/kernel/Regularizer/Mul,2,7.264,3.632,7.264,3.632,7.17611717864354e-05,0.9933353886296699,0.0,0.0
312,Device,ResourceApplyGradientDescent,SGD/SGD/update_32/ResourceApplyGradientDescent,2,7.2,3.6,7.2,3.6,7.112891476629059e-05,0.9934065175444361,0.0,0.0
313,Device,ResourceApplyGradientDescent,SGD/SGD/update_59/ResourceApplyGradientDescent,2,7.168,3.584,7.168,3.584,7.081278625621819e-05,0.9934773303306923,0.0,0.0
314,Device,Square,conv2d_12/kernel/Regularizer/Square,2,7.168,3.584,7.168,3.584,7.081278625621819e-05,0.9935481431169485,0.0,0.0
315,Device,Mul,gradient_tape/conv2d_12/kernel/Regularizer/Mul,2,7.168,3.584,7.168,3.584,7.081278625621819e-05,0.9936189559032047,0.0,0.0
316,Device,Mul,gradient_tape/conv2d_4/kernel/Regularizer/Mul_1,2,7.168,3.584,7.168,3.584,7.081278625621819e-05,0.9936897686894609,0.0,0.0
317,Device,BiasAddGrad,gradient_tape/model/dense/BiasAdd/BiasAddGrad,2,7.168,3.584,7.168,3.584,7.081278625621819e-05,0.9937605814757171,0.0,0.0
318,Device,ResourceApplyGradientDescent,SGD/SGD/update_25/ResourceApplyGradientDescent,2,7.136,3.568,7.136,3.568,7.049665774614578e-05,0.9938310781334633,0.0,0.0
319,Device,ResourceApplyGradientDescent,SGD/SGD/update_17/ResourceApplyGradientDescent,2,7.104,3.552,7.104,3.552,7.018052923607338e-05,0.9939012586626993,0.0,0.0
320,Device,ResourceApplyGradientDescent,SGD/SGD/update_50/ResourceApplyGradientDescent,2,7.104,3.552,7.104,3.552,7.018052923607338e-05,0.9939714391919353,0.0,0.0
321,Device,ResourceApplyGradientDescent,SGD/SGD/update_40/ResourceApplyGradientDescent,2,7.072,3.536,7.072,3.536,6.986440072600097e-05,0.9940413035926613,0.0,0.0
322,Device,ResourceApplyGradientDescent,SGD/SGD/update_67/ResourceApplyGradientDescent,2,7.072,3.536,7.072,3.536,6.986440072600097e-05,0.9941111679933873,0.0,0.0
323,Device,ResourceApplyGradientDescent,SGD/SGD/update_14/ResourceApplyGradientDescent,2,7.04,3.52,7.04,3.52,6.954827221592857e-05,0.9941807162656032,0.0,0.0
324,Device,ResourceApplyGradientDescent,SGD/SGD/update_15/ResourceApplyGradientDescent,2,7.04,3.52,7.04,3.52,6.954827221592857e-05,0.9942502645378192,0.0,0.0
325,Device,ResourceApplyGradientDescent,SGD/SGD/update_6/ResourceApplyGradientDescent,2,7.04,3.52,7.04,3.52,6.954827221592857e-05,0.9943198128100351,0.0,0.0
326,Device,ResourceApplyGradientDescent,SGD/SGD/update_68/ResourceApplyGradientDescent,2,7.04,3.52,7.04,3.52,6.954827221592857e-05,0.9943893610822511,0.0,0.0
327,Device,ResourceApplyGradientDescent,SGD/SGD/update_72/ResourceApplyGradientDescent,2,7.04,3.52,7.04,3.52,6.954827221592857e-05,0.994458909354467,0.0,0.0
328,Device,Mul,gradient_tape/conv2d_2/kernel/Regularizer/Mul_1,2,7.04,3.52,7.04,3.52,6.954827221592857e-05,0.994528457626683,0.0,0.0
329,Device,ResourceApplyGradientDescent,SGD/SGD/update_10/ResourceApplyGradientDescent,2,7.008,3.504,7.008,3.504,6.923214370585617e-05,0.9945976897703889,0.0,0.0
330,Device,ResourceApplyGradientDescent,SGD/SGD/update_35/ResourceApplyGradientDescent,2,7.008,3.504,7.008,3.504,6.923214370585617e-05,0.9946669219140948,0.0,0.0
331,Device,ResourceApplyGradientDescent,SGD/SGD/update_43/ResourceApplyGradientDescent,2,7.008,3.504,7.008,3.504,6.923214370585617e-05,0.9947361540578007,0.0,0.0
332,Device,ResourceApplyGradientDescent,SGD/SGD/update_11/ResourceApplyGradientDescent,2,6.976,3.488,6.976,3.488,6.891601519578376e-05,0.9948050700729965,0.0,0.0
333,Device,ResourceApplyGradientDescent,SGD/SGD/update_19/ResourceApplyGradientDescent,2,6.976,3.488,6.976,3.488,6.891601519578376e-05,0.9948739860881922,0.0,0.0
334,Device,ResourceApplyGradientDescent,SGD/SGD/update_5/ResourceApplyGradientDescent,2,6.976,3.488,6.976,3.488,6.891601519578376e-05,0.994942902103388,0.0,0.0
335,Device,ResourceApplyGradientDescent,SGD/SGD/update_51/ResourceApplyGradientDescent,2,6.976,3.488,6.976,3.488,6.891601519578376e-05,0.9950118181185837,0.0,0.0
336,Device,ResourceApplyGradientDescent,SGD/SGD/update_61/ResourceApplyGradientDescent,2,6.976,3.488,6.976,3.488,6.891601519578376e-05,0.9950807341337795,0.0,0.0
337,Device,ResourceApplyGradientDescent,SGD/SGD/update_7/ResourceApplyGradientDescent,2,6.976,3.488,6.976,3.488,6.891601519578376e-05,0.9951496501489753,0.0,0.0
338,Device,Square,conv2d_2/kernel/Regularizer/Square,2,6.976,3.488,6.976,3.488,6.891601519578376e-05,0.995218566164171,0.0,0.0
339,Device,ResourceApplyGradientDescent,SGD/SGD/update_1/ResourceApplyGradientDescent,2,6.944,3.472,6.944,3.472,6.859988668571136e-05,0.9952871660508568,0.0,0.0
340,Device,ResourceApplyGradientDescent,SGD/SGD/update_53/ResourceApplyGradientDescent,2,6.944,3.472,6.944,3.472,6.859988668571136e-05,0.9953557659375425,0.0,0.0
341,Device,ResourceApplyGradientDescent,SGD/SGD/update_54/ResourceApplyGradientDescent,2,6.944,3.472,6.944,3.472,6.859988668571136e-05,0.9954243658242282,0.0,0.0
342,Device,ResourceApplyGradientDescent,SGD/SGD/update_57/ResourceApplyGradientDescent,2,6.944,3.472,6.944,3.472,6.859988668571136e-05,0.995492965710914,0.0,0.0
343,Device,ResourceApplyGradientDescent,SGD/SGD/update_28/ResourceApplyGradientDescent,2,6.912,3.456,6.912,3.456,6.828375817563897e-05,0.9955612494690896,0.0,0.0
344,Device,ResourceApplyGradientDescent,SGD/SGD/update_37/ResourceApplyGradientDescent,2,6.912,3.456,6.912,3.456,6.828375817563897e-05,0.9956295332272653,0.0,0.0
345,Device,ResourceApplyGradientDescent,SGD/SGD/update_55/ResourceApplyGradientDescent,2,6.912,3.456,6.912,3.456,6.828375817563897e-05,0.995697816985441,0.0,0.0
346,Device,ResourceApplyGradientDescent,SGD/SGD/update_71/ResourceApplyGradientDescent,2,6.912,3.456,6.912,3.456,6.828375817563897e-05,0.9957661007436167,0.0,0.0
347,Device,ResourceApplyGradientDescent,SGD/SGD/update_27/ResourceApplyGradientDescent,2,6.88,3.44,6.88,3.44,6.796762966556656e-05,0.9958340683732823,0.0,0.0
348,Device,ResourceApplyGradientDescent,SGD/SGD/update_41/ResourceApplyGradientDescent,2,6.88,3.44,6.88,3.44,6.796762966556656e-05,0.9959020360029478,0.0,0.0
349,Device,ResourceApplyGradientDescent,SGD/SGD/update_46/ResourceApplyGradientDescent,2,6.88,3.44,6.88,3.44,6.796762966556656e-05,0.9959700036326133,0.0,0.0
350,Device,ResourceApplyGradientDescent,SGD/SGD/update_47/ResourceApplyGradientDescent,2,6.88,3.44,6.88,3.44,6.796762966556656e-05,0.9960379712622789,0.0,0.0
351,Device,ResourceApplyGradientDescent,SGD/SGD/update_18/ResourceApplyGradientDescent,2,6.848,3.424,6.848,3.424,6.765150115549416e-05,0.9961056227634344,0.0,0.0
352,Device,ResourceApplyGradientDescent,SGD/SGD/update_29/ResourceApplyGradientDescent,2,6.848,3.424,6.848,3.424,6.765150115549416e-05,0.9961732742645899,0.0,0.0
353,Device,ResourceApplyGradientDescent,SGD/SGD/update_36/ResourceApplyGradientDescent,2,6.848,3.424,6.848,3.424,6.765150115549416e-05,0.9962409257657454,0.0,0.0
354,Device,ResourceApplyGradientDescent,SGD/SGD/update_65/ResourceApplyGradientDescent,2,6.848,3.424,6.848,3.424,6.765150115549416e-05,0.9963085772669009,0.0,0.0
355,Device,ResourceApplyGradientDescent,SGD/SGD/update_45/ResourceApplyGradientDescent,2,6.816,3.408,6.816,3.408,6.733537264542175e-05,0.9963759126395464,0.0,0.0
356,Device,ResourceApplyGradientDescent,SGD/SGD/update_63/ResourceApplyGradientDescent,2,6.816,3.408,6.816,3.408,6.733537264542175e-05,0.9964432480121919,0.0,0.0
357,Device,ResourceApplyGradientDescent,SGD/SGD/update_69/ResourceApplyGradientDescent,2,6.816,3.408,6.816,3.408,6.733537264542175e-05,0.9965105833848373,0.0,0.0
358,Device,Mul,gradient_tape/conv2d_3/kernel/Regularizer/Mul_1,2,6.816,3.408,6.816,3.408,6.733537264542175e-05,0.9965779187574828,0.0,0.0
359,Device,ResourceApplyGradientDescent,SGD/SGD/update_23/ResourceApplyGradientDescent,2,6.784,3.392,6.784,3.392,6.701924413534935e-05,0.9966449380016181,0.0,0.0
360,Device,ResourceApplyGradientDescent,SGD/SGD/update_64/ResourceApplyGradientDescent,2,6.784,3.392,6.784,3.392,6.701924413534935e-05,0.9967119572457535,0.0,0.0
361,Device,ResourceApplyGradientDescent,SGD/SGD/update_73/ResourceApplyGradientDescent,2,6.784,3.392,6.784,3.392,6.701924413534935e-05,0.9967789764898888,0.0,0.0
362,Device,ResourceApplyGradientDescent,SGD/SGD/update_49/ResourceApplyGradientDescent,2,6.752,3.376,6.752,3.376,6.670311562527695e-05,0.9968456796055141,0.0,0.0
363,Device,Square,conv2d_3/kernel/Regularizer/Square,2,6.752,3.376,6.752,3.376,6.670311562527695e-05,0.9969123827211394,0.0,0.0
364,Device,AssignAddVariableOp,SGD/SGD/AssignAddVariableOp,2,6.72,3.36,6.72,3.36,6.638698711520454e-05,0.9969787697082546,0.0,0.0
365,Device,ResourceApplyGradientDescent,SGD/SGD/update_21/ResourceApplyGradientDescent,2,6.72,3.36,6.72,3.36,6.638698711520454e-05,0.9970451566953699,0.0,0.0
366,Device,ResourceApplyGradientDescent,SGD/SGD/update_33/ResourceApplyGradientDescent,2,6.72,3.36,6.72,3.36,6.638698711520454e-05,0.9971115436824851,0.0,0.0
367,Device,ResourceApplyGradientDescent,SGD/SGD/update_13/ResourceApplyGradientDescent,2,6.688,3.344,6.688,3.344,6.607085860513214e-05,0.9971776145410902,0.0,0.0
368,Device,Equal,Equal,2,6.56,3.28,6.56,3.28,6.480634456484252e-05,0.9972424208856551,0.0,0.0
369,Device,Mul,conv2d/kernel/Regularizer/mul,2,6.56,3.28,6.56,3.28,6.480634456484252e-05,0.9973072272302199,0.0,0.0
370,Device,ResourceApplyGradientDescent,SGD/SGD/update_39/ResourceApplyGradientDescent,2,6.496,3.248,6.496,3.248,6.417408754469773e-05,0.9973714013177646,0.0,0.0
371,Device,Square,conv2d_7/kernel/Regularizer/Square,2,6.496,3.248,6.496,3.248,6.417408754469773e-05,0.9974355754053092,0.0,0.0
372,Device,Mul,gradient_tape/categorical_crossentropy/softmax_cross_entropy_with_logits/mul,2,6.464,3.232,6.464,3.232,6.385795903462532e-05,0.9974994333643439,0.0,0.0
373,Device,ResourceApplyGradientDescent,SGD/SGD/update_31/ResourceApplyGradientDescent,2,6.432,3.216,6.432,3.216,6.354183052455292e-05,0.9975629751948685,0.0,0.0
374,Device,Mul,conv2d_7/kernel/Regularizer/mul,2,6.4,3.2,6.4,3.2,6.322570201448053e-05,0.9976262008968829,0.0,0.0
375,Device,Mul,conv2d_1/kernel/Regularizer/mul,2,6.368,3.184,6.368,3.184,6.290957350440812e-05,0.9976891104703873,0.0,0.0
376,Device,Square,conv2d/kernel/Regularizer/Square,2,6.336,3.168,6.336,3.168,6.259344499433572e-05,0.9977517039153817,0.0,0.0
377,Device,Tile,gradient_tape/categorical_crossentropy/weighted_loss/Tile_1,2,6.336,3.168,6.336,3.168,6.259344499433572e-05,0.9978142973603761,0.0,0.0
378,Device,Mul,conv2d_12/kernel/Regularizer/mul,2,6.304,3.152,6.304,3.152,6.227731648426332e-05,0.9978765746768603,0.0,0.0
379,Device,Mul,conv2d_19/kernel/Regularizer/mul,2,6.208,3.104,6.208,3.104,6.13289309540461e-05,0.9979379036078143,0.0,0.0
380,Device,Mul,conv2d_14/kernel/Regularizer/mul,2,6.144,3.072,6.144,3.072,6.06966739339013e-05,0.9979986002817482,0.0,0.0
381,Device,DivNoNan,gradient_tape/categorical_crossentropy/weighted_loss/value/div_no_nan,2,6.144,3.072,6.144,3.072,6.06966739339013e-05,0.9980592969556822,0.0,0.0
382,Device,BiasAdd,model/dense/BiasAdd,2,6.112,3.056,6.112,3.056,6.03805454238289e-05,0.998119677501106,0.0,0.0
383,Device,Mul,conv2d_5/kernel/Regularizer/mul,2,6.08,3.04,6.08,3.04,6.0064416913756495e-05,0.9981797419180197,0.0,0.0
384,Device,AssignAddVariableOp,AssignAddVariableOp_2,2,6.048,3.024,6.048,3.024,5.974828840368409e-05,0.9982394902064234,0.0,0.0
385,Device,AssignAddVariableOp,AssignAddVariableOp_4,2,6.048,3.024,6.048,3.024,5.974828840368409e-05,0.9982992384948272,0.0,0.0
386,Device,Mul,Mul,2,6.048,3.024,6.048,3.024,5.974828840368409e-05,0.9983589867832309,0.0,0.0
387,Device,DivNoNan,categorical_crossentropy/weighted_loss/value,2,6.048,3.024,6.048,3.024,5.974828840368409e-05,0.9984187350716346,0.0,0.0
388,Device,Mul,conv2d_4/kernel/Regularizer/mul,2,6.048,3.024,6.048,3.024,5.974828840368409e-05,0.9984784833600383,0.0,0.0
389,Device,Mul,conv2d_16/kernel/Regularizer/mul,2,6.016,3.008,6.016,3.008,5.9432159893611687e-05,0.9985379155199319,0.0,0.0
390,Device,Mul,conv2d_2/kernel/Regularizer/mul,2,6.016,3.008,6.016,3.008,5.9432159893611687e-05,0.9985973476798254,0.0,0.0
391,Device,Mul,conv2d_10/kernel/Regularizer/mul,2,5.984,2.992,5.984,2.992,5.911603138353928e-05,0.998656463711209,0.0,0.0
392,Device,Cast,Cast_1,2,5.952,2.976,5.952,2.976,5.8799902873466885e-05,0.9987152636140825,0.0,0.0
393,Device,Mul,conv2d_11/kernel/Regularizer/mul,2,5.92,2.96,5.92,2.96,5.848377436339448e-05,0.9987737473884458,0.0,0.0
394,Device,Mul,conv2d_13/kernel/Regularizer/mul,2,5.92,2.96,5.92,2.96,5.848377436339448e-05,0.9988322311628092,0.0,0.0
395,Device,Mul,conv2d_9/kernel/Regularizer/mul,2,5.92,2.96,5.92,2.96,5.848377436339448e-05,0.9988907149371725,0.0,0.0
396,Device,Mul,conv2d_3/kernel/Regularizer/mul,2,5.888,2.944,5.888,2.944,5.816764585332208e-05,0.9989488825830258,0.0,0.0
397,Device,Mul,conv2d_8/kernel/Regularizer/mul,2,5.888,2.944,5.888,2.944,5.816764585332208e-05,0.9990070502288791,0.0,0.0
398,Device,_Recv,strided_slice/_12,2,5.888,2.944,5.888,2.944,5.816764585332208e-05,0.9990652178747325,0.0,0.0
399,Device,AssignAddVariableOp,AssignAddVariableOp_3,2,5.856,2.928,5.856,2.928,5.785151734324967e-05,0.9991230693920757,0.0,0.0
400,Device,ResourceApplyGradientDescent,SGD/SGD/update_75/ResourceApplyGradientDescent,2,5.856,2.928,5.856,2.928,5.785151734324967e-05,0.999180920909419,0.0,0.0
401,Device,Mul,conv2d_15/kernel/Regularizer/mul,2,5.856,2.928,5.856,2.928,5.785151734324967e-05,0.9992387724267623,0.0,0.0
402,Device,Mul,conv2d_17/kernel/Regularizer/mul,2,5.824,2.912,5.824,2.912,5.753538883317727e-05,0.9992963078155954,0.0,0.0
403,Device,Mul,conv2d_18/kernel/Regularizer/mul,2,5.824,2.912,5.824,2.912,5.753538883317727e-05,0.9993538432044285,0.0,0.0
404,Device,Mul,conv2d_6/kernel/Regularizer/mul,2,5.824,2.912,5.824,2.912,5.753538883317727e-05,0.9994113785932617,0.0,0.0
405,Device,Sum,categorical_crossentropy/weighted_loss/Sum,2,5.792,2.896,5.792,2.896,5.7219260323104865e-05,0.9994685978535848,0.0,0.0
406,Device,Cast,Cast,2,5.728,2.864,5.728,2.864,5.6587003302960064e-05,0.9995251848568877,0.0,0.0
407,Device,AssignAddVariableOp,AssignAddVariableOp_1,2,5.727,2.8635,5.727,2.8635,5.65771242870203e-05,0.9995817619811747,0.0,0.0
408,Device,AssignAddVariableOp,AssignAddVariableOp,2,5.696,2.848,5.696,2.848,5.627087479288766e-05,0.9996380328559675,0.0,0.0
409,Device,Sum,Sum_2,2,5.632,2.816,5.632,2.816,5.563861777274285e-05,0.9996936714737402,0.0,0.0
410,Device,DivNoNan,div_no_nan,2,5.632,2.816,5.632,2.816,5.563861777274285e-05,0.9997493100915129,0.0,0.0
411,Device,Cast,Cast_2,2,5.504,2.752,5.504,2.752,5.437410373245324e-05,0.9998036841952453,0.0,0.0
412,Device,DivNoNan,div_no_nan_1,2,5.504,2.752,5.504,2.752,5.437410373245324e-05,0.9998580582989778,0.0,0.0
413,Device,Cast,categorical_crossentropy/weighted_loss/num_elements/Cast,2,5.216,2.608,5.216,2.608,5.1528947141801626e-05,0.9999095872461196,0.0,0.0
414,Device,LogicalAnd,LogicalAnd,1,3.264,3.264,3.264,3.264,3.2245108027385066e-05,0.9999418323541469,0.0,0.0
415,Device,_Recv,categorical_crossentropy/weighted_loss/num_elements/_14,2,3.168,1.584,3.168,1.584,3.129672249716786e-05,0.999973129076644,0.0,0.0
416,Device,_Recv,Size/_16,2,2.72,1.36,2.72,1.36,2.6870923356154224e-05,1.0000000000000002,0.0,0.0
417,Host,IDLE,IDLE,0,449435.645,0.0,449435.645,0.0,0.0,0.0,0.9824181149058588,0.9824181149058588
418,Host,GatherV2,GatherV2,2,7349.044,3674.522,7349.044,3674.522,0.0,0.0,0.01606422194848433,0.9984823368543432
419,Host,_Send,IteratorGetNext/_3,2,229.77,114.885,229.77,114.885,0.0,0.0,0.0005022525755871437,0.9989845894299303
420,Host,_Send,IteratorGetNext/_6,2,90.575,45.2875,90.575,45.2875,0.0,0.0,0.00019798723520827584,0.9991825766651385
421,Host,Dataset,Iterator::Root::ParallelMapV2::Zip[1]::ForeverRepeat,2,64.231,32.1155,60.091,30.0455,0.0,0.0,0.00013135248082694456,0.9993139291459655
422,Host,GatherV2,GatherV2_1,2,53.055,26.5275,53.055,26.5275,0.0,0.0,0.00011597253948633811,0.9994299016854519
423,Host,LogicalAnd,LogicalAnd,1,37.372,37.372,37.372,37.372,0.0,0.0,8.169118359595566e-05,0.9995115928690478
424,Host,FlushSummaryWriter,FlushSummaryWriter,1,37.099,37.099,37.099,37.099,0.0,0.0,8.109443487708335e-05,0.9995926873039249
425,Host,Dataset,Iterator::Root::ParallelMapV2,2,26.898,13.449,26.898,13.449,0.0,0.0,5.879614300449576e-05,0.9996514834469294
426,Host,Dataset,Iterator::Root::ParallelMapV2::Zip[0]::FlatMap[1]::Concatenate[0]::TensorSlice,2,26.142,13.071,26.142,13.071,0.0,0.0,5.714360809069552e-05,0.9997086270550202
427,Host,Dataset,Iterator::Root,2,53.036,26.518,26.138,13.069,0.0,0.0,5.7134864519723034e-05,0.9997657619195399
428,Host,Dataset,Iterator::Root::ParallelMapV2::Zip[0]::FlatMap[1]::Concatenate,2,51.718,25.859,25.576,12.788,0.0,0.0,5.5906392798088465e-05,0.999821668312338
429,Host,WriteSummary,WriteSummary,1,22.338,22.338,22.338,22.338,0.0,0.0,4.882847209585941e-05,0.9998704967844338
430,Host,IteratorGetNext,IteratorGetNext,2,15.459,7.7295,15.459,7.7295,0.0,0.0,3.379171591592311e-05,0.9999042885003497
431,Host,_HostSend,categorical_crossentropy/softmax_cross_entropy_with_logits/Shape_2/_9,2,11.59,5.795,11.59,5.795,0.0,0.0,2.533449689278407e-05,0.9999296229972425
432,Host,Dataset,Iterator::Root::ParallelMapV2::Zip,2,131.096,65.548,11.017,5.5085,0.0,0.0,2.4081980350975155e-05,0.9999537049775935
433,Host,ReadVariableOp,ReadVariableOp,1,6.175,6.175,6.175,6.175,0.0,0.0,1.3497887688778396e-05,0.9999672028652823
434,Host,_Send,IteratorGetNext/_1,2,4.299,2.1495,4.299,2.1495,0.0,0.0,9.397152902681512e-06,0.999976600018185
435,Host,Dataset,Iterator::Root::ParallelMapV2::Zip[1]::ForeverRepeat::FromTensor,4,4.14,1.035,4.14,1.035,0.0,0.0,9.04959595652511e-06,0.9999856496141415
436,Host,Dataset,Iterator::Root::ParallelMapV2::Zip[0]::FlatMap,2,55.848,27.924,4.13,2.065,0.0,0.0,9.02773702909389e-06,0.9999946773511705
437,Host,Identity,Identity,2,2.435,1.2175,2.435,1.2175,0.0,0.0,5.322648829502089e-06,1.0
