Rank,Host/device,Type,Operation,#Occurrences,Total time (us),Avg. time (us),Total self-time (us),Avg. self-time (us),Total self-time on Device (%),Cumulative total-self time on Device (%),Total self-time on Host (%),Cumulative total-self time on Host (%)
1,Device,IDLE,IDLE,0,15108.466,0.0,15108.466,0.0,0.48377974150602576,0.48377974150602576,0.0,0.0
2,Device,Conv2DBackpropFilter,gradient_tape/model/conv2d_16/Conv2D/Conv2DBackpropFilter,2,646.208,323.104,646.208,323.104,0.020691865024491954,0.5044716065305177,0.0,0.0
3,Device,Conv2DBackpropFilter,gradient_tape/model/conv2d_18/Conv2D/Conv2DBackpropFilter,2,632.673,316.3365,632.673,316.3365,0.020258468357928716,0.5247300748884465,0.0,0.0
4,Device,Conv2DBackpropFilter,gradient_tape/model/conv2d_19/Conv2D/Conv2DBackpropFilter,2,628.129,314.0645,628.129,314.0645,0.020112967474820966,0.5448430423632674,0.0,0.0
5,Device,Conv2DBackpropInput,gradient_tape/model/conv2d_19/Conv2D/Conv2DBackpropInput,4,418.208,104.552,418.208,104.552,0.013391204516444755,0.5582342468797121,0.0,0.0
6,Device,Conv2DBackpropInput,gradient_tape/model/conv2d_18/Conv2D/Conv2DBackpropInput,4,414.048,103.512,414.048,103.512,0.013257999482613718,0.5714922463623259,0.0,0.0
7,Device,Conv2DBackpropInput,gradient_tape/model/conv2d_16/Conv2D/Conv2DBackpropInput,4,413.153,103.28825,413.153,103.28825,0.01322934118807555,0.5847215875504014,0.0,0.0
8,Device,Conv2D,model/conv2d_18/Conv2D,4,321.088,80.272,321.088,80.272,0.010281379303543245,0.5950029668539446,0.0,0.0
9,Device,Conv2D,model/conv2d_19/Conv2D,4,319.776,79.944,319.776,79.944,0.01023936848518115,0.6052423353391257,0.0,0.0
10,Device,Conv2D,model/conv2d_16/Conv2D,4,318.304,79.576,318.304,79.576,0.010192234396287088,0.6154345697354129,0.0,0.0
11,Device,Conv2D,model/conv2d_15/Conv2D,4,234.016,58.504,234.016,58.504,0.007493295480049008,0.6229278652154618,0.0,0.0
12,Device,Conv2DBackpropInput,gradient_tape/model/conv2d_15/Conv2D/Conv2DBackpropInput,2,226.721,113.3605,226.721,113.3605,0.007259706364232323,0.6301875715796942,0.0,0.0
13,Device,Conv2DBackpropFilter,gradient_tape/model/conv2d/Conv2D/Conv2DBackpropFilter,2,221.057,110.5285,221.057,110.5285,0.007078342587400833,0.637265914167095,0.0,0.0
14,Device,FusedBatchNormGradV3,gradient_tape/model/batch_normalization/FusedBatchNormGradV3,2,186.656,93.328,186.656,93.328,0.005976807402587976,0.643242721569683,0.0,0.0
15,Device,Conv2D,model/conv2d/Conv2D,2,179.072,89.536,179.072,89.536,0.005733964379372932,0.6489766859490559,0.0,0.0
16,Device,Conv2DBackpropFilter,gradient_tape/model/conv2d_1/Conv2D/Conv2DBackpropFilter,2,158.688,79.344,158.688,79.344,0.0050812597136008514,0.6540579456626567,0.0,0.0
17,Device,Conv2DBackpropFilter,gradient_tape/model/conv2d_3/Conv2D/Conv2DBackpropFilter,2,157.152,78.576,157.152,78.576,0.005032076316494007,0.6590900219791508,0.0,0.0
18,Device,Conv2DBackpropFilter,gradient_tape/model/conv2d_4/Conv2D/Conv2DBackpropFilter,2,156.896,78.448,156.896,78.448,0.005023879083642866,0.6641139010627937,0.0,0.0
19,Device,Conv2DBackpropFilter,gradient_tape/model/conv2d_2/Conv2D/Conv2DBackpropFilter,2,156.672,78.336,156.672,78.336,0.005016706504898119,0.6691306075676918,0.0,0.0
20,Device,_Recv,IteratorGetNext/_2,2,154.976,77.488,154.976,77.488,0.0049623998372593115,0.6740930074049512,0.0,0.0
21,Device,Conv2DBackpropFilter,gradient_tape/model/conv2d_15/Conv2D/Conv2DBackpropFilter,2,153.696,76.848,153.696,76.848,0.004921413673003608,0.6790144210779547,0.0,0.0
22,Device,Conv2DBackpropInput,gradient_tape/model/conv2d_14/Conv2D/Conv2DBackpropInput,4,142.624,35.656,142.624,35.656,0.004566883352191772,0.6835813044301465,0.0,0.0
23,Device,Conv2DBackpropInput,gradient_tape/model/conv2d_11/Conv2D/Conv2DBackpropInput,4,142.208,35.552,142.208,35.552,0.004553562848808668,0.6881348672789552,0.0,0.0
24,Device,Conv2DBackpropInput,gradient_tape/model/conv2d_13/Conv2D/Conv2DBackpropInput,4,140.032,35.008,140.032,35.008,0.004483886369573972,0.6926187536485292,0.0,0.0
25,Device,Conv2D,model/conv2d_14/Conv2D,4,136.832,34.208,136.832,34.208,0.004381420958934713,0.6970001746074639,0.0,0.0
26,Device,Conv2D,model/conv2d_13/Conv2D,4,136.672,34.168,136.672,34.168,0.00437629768840275,0.7013764722958666,0.0,0.0
27,Device,Conv2D,model/conv2d_11/Conv2D,4,135.84,33.96,135.84,33.96,0.004349656681636544,0.7057261289775032,0.0,0.0
28,Device,Conv2DBackpropFilter,gradient_tape/model/conv2d_5/Conv2D/Conv2DBackpropFilter,4,131.04,32.76,131.04,32.76,0.0041959585656776545,0.7099220875431809,0.0,0.0
29,Device,SoftmaxCrossEntropyWithLogits,categorical_crossentropy/softmax_cross_entropy_with_logits,2,126.817,63.4085,126.817,63.4085,0.004060736244074657,0.7139828237872555,0.0,0.0
30,Device,ResourceApplyGradientDescent,SGD/SGD/update_62/ResourceApplyGradientDescent,2,125.824,62.912,125.824,62.912,0.004028939946335662,0.7180117637335912,0.0,0.0
31,Device,AddN,SGD/gradients/AddN_25,2,124.576,62.288,124.576,62.288,0.003988978436186352,0.7220007421697776,0.0,0.0
32,Device,ResourceApplyGradientDescent,SGD/SGD/update_70/ResourceApplyGradientDescent,2,123.168,61.584,123.168,61.584,0.003943893655505078,0.7259446358252827,0.0,0.0
33,Device,ResourceApplyGradientDescent,SGD/SGD/update_66/ResourceApplyGradientDescent,2,121.856,60.928,121.856,60.928,0.003901882837142981,0.7298465186624257,0.0,0.0
34,Device,FusedBatchNormV3,model/batch_normalization/FusedBatchNormV3,4,120.896,30.224,120.896,30.224,0.0038711432139512036,0.7337176618763769,0.0,0.0
35,Device,Mul,gradient_tape/conv2d_18/kernel/Regularizer/Mul_1,2,120.608,60.304,120.608,60.304,0.0038619213269936704,0.7375795832033706,0.0,0.0
36,Device,Mul,gradient_tape/conv2d_19/kernel/Regularizer/Mul_1,2,120.224,60.112,120.224,60.112,0.0038496254777169595,0.7414292086810875,0.0,0.0
37,Device,Conv2DBackpropInput,gradient_tape/model/conv2d_10/Conv2D/Conv2DBackpropInput,2,118.304,59.152,118.304,59.152,0.003788146231333404,0.7452173549124209,0.0,0.0
38,Device,Conv2DBackpropInput,gradient_tape/model/conv2d_5/Conv2D/Conv2DBackpropInput,2,114.176,57.088,114.176,57.088,0.00365596585160876,0.7488733207640297,0.0,0.0
39,Device,Conv2DBackpropFilter,gradient_tape/model/conv2d_14/Conv2D/Conv2DBackpropFilter,4,111.52,27.88,111.52,27.88,0.003570919560778175,0.7524442403248078,0.0,0.0
40,Device,AddN,SGD/gradients/AddN_26,2,111.488,55.744,111.488,55.744,0.0035698949066717825,0.7560141352314796,0.0,0.0
41,Device,AddN,SGD/gradients/AddN_27,2,111.233,55.6165,111.233,55.6165,0.0035617296942614665,0.7595758649257411,0.0,0.0
42,Device,Conv2DBackpropFilter,gradient_tape/model/conv2d_11/Conv2D/Conv2DBackpropFilter,4,110.208,27.552,110.208,27.552,0.0035289087424160786,0.7631047736681572,0.0,0.0
43,Device,Conv2DBackpropFilter,gradient_tape/model/conv2d_13/Conv2D/Conv2DBackpropFilter,4,109.728,27.432,109.728,27.432,0.0035135389308201897,0.7666183125989774,0.0,0.0
44,Device,Mul,gradient_tape/conv2d_16/kernel/Regularizer/Mul_1,2,109.184,54.592,109.184,54.592,0.003496119811011516,0.7701144324099889,0.0,0.0
45,Device,Conv2DBackpropFilter,gradient_tape/model/conv2d_6/Conv2D/Conv2DBackpropFilter,2,109.12,54.56,109.12,54.56,0.0034940705027987308,0.7736085029127876,0.0,0.0
46,Device,Conv2DBackpropFilter,gradient_tape/model/conv2d_9/Conv2D/Conv2DBackpropFilter,2,108.96,54.48,108.96,54.48,0.0034889472322667675,0.7770974501450544,0.0,0.0
47,Device,Conv2DBackpropFilter,gradient_tape/model/conv2d_8/Conv2D/Conv2DBackpropFilter,2,108.768,54.384,108.768,54.384,0.0034827993076284123,0.7805802494526828,0.0,0.0
48,Device,Conv2D,model/conv2d_10/Conv2D,4,106.177,26.54425,106.177,26.54425,0.0033998343454514374,0.7839800837981342,0.0,0.0
49,Device,ReluGrad,gradient_tape/model/activation/ReluGrad,2,101.313,50.6565,101.313,50.6565,0.0032440869212797636,0.787224170719414,0.0,0.0
50,Device,Conv2DBackpropFilter,gradient_tape/model/conv2d_10/Conv2D/Conv2DBackpropFilter,4,100.672,25.168,100.672,25.168,0.003223561818711087,0.7904477325381251,0.0,0.0
51,Device,Conv2D,model/conv2d_8/Conv2D,4,93.792,23.448,93.792,23.448,0.0030032611858366804,0.7934509937239618,0.0,0.0
52,Device,Conv2D,model/conv2d_9/Conv2D,4,93.568,23.392,93.568,23.392,0.002996088607091932,0.7964470823310537,0.0,0.0
53,Device,Conv2D,model/conv2d_6/Conv2D,4,93.504,23.376,93.504,23.376,0.002994039298879147,0.7994411216299327,0.0,0.0
54,Device,Conv2D,model/conv2d_5/Conv2D,4,93.088,23.272,93.088,23.272,0.002980718795496043,0.8024218404254287,0.0,0.0
55,Device,Conv2DBackpropInput,gradient_tape/model/conv2d_6/Conv2D/Conv2DBackpropInput,4,90.208,22.552,90.208,22.552,0.00288849992592071,0.8053103403513494,0.0,0.0
56,Device,Conv2DBackpropInput,gradient_tape/model/conv2d_17/Conv2D/Conv2DBackpropInput,4,86.528,21.632,86.528,21.632,0.0027706647036855625,0.808081005055035,0.0,0.0
57,Device,Conv2DBackpropInput,gradient_tape/model/conv2d_9/Conv2D/Conv2DBackpropInput,4,84.832,21.208,84.832,21.208,0.002716358036046755,0.8107973630910817,0.0,0.0
58,Device,Square,conv2d_19/kernel/Regularizer/Square,2,84.128,42.064,84.128,42.064,0.0026938156457061184,0.8134911787367879,0.0,0.0
59,Device,MaxPoolGrad,gradient_tape/model/max_pooling2d/MaxPool/MaxPoolGrad,2,83.072,41.536,83.072,41.536,0.002660002060195163,0.816151180796983,0.0,0.0
60,Device,Conv2DBackpropInput,gradient_tape/model/conv2d_8/Conv2D/Conv2DBackpropInput,4,83.04,20.76,83.04,20.76,0.00265897740608877,0.8188101582030718,0.0,0.0
61,Device,Square,conv2d_18/kernel/Regularizer/Square,2,81.568,40.784,81.568,40.784,0.002611843317194711,0.8214220015202665,0.0,0.0
62,Device,Square,conv2d_16/kernel/Regularizer/Square,2,80.544,40.272,80.544,40.272,0.002579054385790148,0.8240010559060567,0.0,0.0
63,Device,Conv2D,model/conv2d_1/Conv2D,2,80.512,40.256,80.512,40.256,0.0025780297316837556,0.8265790856377404,0.0,0.0
64,Device,Conv2DBackpropInput,gradient_tape/model/conv2d_4/Conv2D/Conv2DBackpropInput,2,79.04,39.52,79.04,39.52,0.0025308956427896965,0.8291099812805302,0.0,0.0
65,Device,Conv2DBackpropInput,gradient_tape/model/conv2d_1/Conv2D/Conv2DBackpropInput,2,78.976,39.488,78.976,39.488,0.0025288463345769113,0.8316388276151071,0.0,0.0
66,Device,Conv2DBackpropInput,gradient_tape/model/conv2d_3/Conv2D/Conv2DBackpropInput,2,78.497,39.2485,78.497,39.2485,0.0025135085434218473,0.8341523361585289,0.0,0.0
67,Device,Conv2D,model/conv2d_2/Conv2D,2,78.208,39.104,78.208,39.104,0.002504254636023489,0.8366565907945523,0.0,0.0
68,Device,Conv2D,model/conv2d_4/Conv2D,2,78.177,39.0885,78.177,39.0885,0.0025032620023579216,0.8391598527969103,0.0,0.0
69,Device,Conv2DBackpropInput,gradient_tape/model/conv2d_2/Conv2D/Conv2DBackpropInput,2,78.112,39.056,78.112,39.056,0.002501180673704311,0.8416610334706146,0.0,0.0
70,Device,Conv2D,model/conv2d_3/Conv2D,2,77.92,38.96,77.92,38.96,0.002495032749065956,0.8441560662196805,0.0,0.0
71,Device,BiasAdd,model/conv2d/BiasAdd,2,77.376,38.688,77.376,38.688,0.0024776136292572817,0.8466336798489378,0.0,0.0
72,Device,Tile,gradient_tape/conv2d_16/kernel/Regularizer/Tile,2,75.136,37.568,75.136,37.568,0.0024058878418098005,0.8490395676907476,0.0,0.0
73,Device,Relu,model/activation/Relu,2,72.736,36.368,72.736,36.368,0.0023290387838303564,0.851368606474578,0.0,0.0
74,Device,Mul,gradient_tape/conv2d_16/kernel/Regularizer/Mul,2,69.504,34.752,69.504,34.752,0.002225548719084705,0.8535941551936628,0.0,0.0
75,Device,Mul,gradient_tape/conv2d_15/kernel/Regularizer/Mul_1,2,63.744,31.872,63.744,31.872,0.0020411109799340385,0.8556352661735969,0.0,0.0
76,Device,AddN,SGD/gradients/AddN_23,2,62.752,31.376,62.752,31.376,0.0020093467026358683,0.8576446128762327,0.0,0.0
77,Device,ResourceApplyGradientDescent,SGD/SGD/update_56/ResourceApplyGradientDescent,2,61.728,30.864,61.728,30.864,0.0019765577712313053,0.859621170647464,0.0,0.0
78,Device,Conv2DBackpropInput,gradient_tape/model/conv2d_12/Conv2D/Conv2DBackpropInput,4,60.385,15.09625,60.385,15.09625,0.0019335543192036413,0.8615547249666676,0.0,0.0
79,Device,Sum,conv2d_19/kernel/Regularizer/Sum,2,58.529,29.2645,58.529,29.2645,0.0018741243810328713,0.8634288493477005,0.0,0.0
80,Device,Sum,conv2d_18/kernel/Regularizer/Sum,2,51.904,25.952,51.904,25.952,0.0016619889605687804,0.8650908383082693,0.0,0.0
81,Device,MaxPool,model/max_pooling2d/MaxPool,2,51.104,25.552,51.104,25.552,0.0016363726079089657,0.8667272109161782,0.0,0.0
82,Device,Sum,conv2d_16/kernel/Regularizer/Sum,2,49.248,24.624,49.248,24.624,0.0015769426697381955,0.8683041535859164,0.0,0.0
83,Device,Conv2DBackpropInput,gradient_tape/model/conv2d_7/Conv2D/Conv2DBackpropInput,2,48.992,24.496,48.992,24.496,0.0015687454368870546,0.8698728990228034,0.0,0.0
84,Device,Conv2DBackpropFilter,gradient_tape/model/conv2d_12/Conv2D/Conv2DBackpropFilter,2,48.032,24.016,48.032,24.016,0.001538005813695277,0.8714109048364986,0.0,0.0
85,Device,Mul,gradient_tape/conv2d_15/kernel/Regularizer/Mul,2,45.249,22.6245,45.249,22.6245,0.0014488929268799465,0.8728597977633786,0.0,0.0
86,Device,Conv2D,model/conv2d_17/Conv2D,2,44.736,22.368,44.736,22.368,0.0014324664407368403,0.8742922642041154,0.0,0.0
87,Device,Conv2DBackpropFilter,gradient_tape/model/conv2d_7/Conv2D/Conv2DBackpropFilter,2,44.704,22.352,44.704,22.352,0.0014314417866304477,0.8757237059907459,0.0,0.0
88,Device,Square,conv2d_15/kernel/Regularizer/Square,2,44.257,22.1285,44.257,22.1285,0.001417128649581776,0.8771408346403277,0.0,0.0
89,Device,BiasAddGrad,gradient_tape/model/conv2d/BiasAdd/BiasAddGrad,2,42.848,21.424,42.848,21.424,0.0013720118484596775,0.8785128464887874,0.0,0.0
90,Device,Tile,gradient_tape/conv2d_15/kernel/Regularizer/Tile,2,40.576,20.288,40.576,20.288,0.0012992614069058037,0.8798121078956932,0.0,0.0
91,Device,Conv2D,model/conv2d_7/Conv2D,2,40.256,20.128,40.256,20.128,0.0012890148658418778,0.8811011227615351,0.0,0.0
92,Device,Conv2DBackpropFilter,gradient_tape/model/conv2d_17/Conv2D/Conv2DBackpropFilter,2,39.392,19.696,39.392,19.696,0.001261349204969278,0.8823624719665043,0.0,0.0
93,Device,Sum,conv2d_15/kernel/Regularizer/Sum,2,35.36,17.68,35.36,17.68,0.0011322427875638116,0.8834947147540682,0.0,0.0
94,Device,AddN,SGD/gradients/AddN_22,2,33.761,16.8805,33.761,16.8805,0.001081042102685007,0.8845757568567532,0.0,0.0
95,Device,AddN,SGD/gradients/AddN_20,2,33.696,16.848,33.696,16.848,0.0010789607740313968,0.8856547176307845,0.0,0.0
96,Device,Mul,gradient_tape/conv2d_11/kernel/Regularizer/Mul_1,2,32.96,16.48,32.96,16.48,0.0010553937295843673,0.8867101113603689,0.0,0.0
97,Device,AddN,SGD/gradients/AddN_21,2,32.864,16.432,32.864,16.432,0.0010523197672651894,0.8877624311276341,0.0,0.0
98,Device,Conv2D,model/conv2d_12/Conv2D,2,32.736,16.368,32.736,16.368,0.001048221150839619,0.8888106522784737,0.0,0.0
99,Device,Mul,gradient_tape/conv2d_13/kernel/Regularizer/Mul_1,2,31.68,15.84,31.68,15.84,0.0010144075653286638,0.8898250598438023,0.0,0.0
100,Device,MatMul,model/dense/MatMul,2,31.072,15.536,31.072,15.536,0.0009949391373072045,0.8908199989811095,0.0,0.0
101,Device,FusedBatchNormV3,model/batch_normalization_13/FusedBatchNormV3,4,30.816,7.704,30.816,7.704,0.0009867419044560638,0.8918067408855656,0.0,0.0
102,Device,Mul,gradient_tape/conv2d_14/kernel/Regularizer/Mul_1,2,30.784,15.392,30.784,15.392,0.0009857172503496712,0.8927924581359152,0.0,0.0
103,Device,FusedBatchNormV3,model/batch_normalization_15/FusedBatchNormV3,4,30.4,7.6,30.4,7.6,0.0009734214010729601,0.8937658795369882,0.0,0.0
104,Device,FusedBatchNormV3,model/batch_normalization_16/FusedBatchNormV3,4,30.368,7.592,30.368,7.592,0.0009723967469665675,0.8947382762839547,0.0,0.0
105,Device,FusedBatchNormV3,model/batch_normalization_14/FusedBatchNormV3,4,30.24,7.56,30.24,7.56,0.0009682981305409972,0.8957065744144957,0.0,0.0
106,Device,FusedBatchNormGradV3,gradient_tape/model/batch_normalization_2/FusedBatchNormGradV3,2,26.784,13.392,26.784,13.392,0.0008576354870505975,0.8965642099015464,0.0,0.0
107,Device,FusedBatchNormGradV3,gradient_tape/model/batch_normalization_3/FusedBatchNormGradV3,2,26.464,13.232,26.464,13.232,0.0008473889459866716,0.8974115988475331,0.0,0.0
108,Device,FusedBatchNormGradV3,gradient_tape/model/batch_normalization_4/FusedBatchNormGradV3,2,26.112,13.056,26.112,13.056,0.0008361177508163531,0.8982477165983495,0.0,0.0
109,Device,FusedBatchNormV3,model/batch_normalization_1/FusedBatchNormV3,4,26.08,6.52,26.08,6.52,0.0008350930967099605,0.8990828096950594,0.0,0.0
110,Device,BiasAddGrad,gradient_tape/model/conv2d_15/BiasAdd/BiasAddGrad,2,26.016,13.008,26.016,13.008,0.0008330437884971753,0.8999158534835565,0.0,0.0
111,Device,BiasAddGrad,gradient_tape/model/conv2d_18/BiasAdd/BiasAddGrad,2,25.952,12.976,25.952,12.976,0.0008309944802843902,0.9007468479638409,0.0,0.0
112,Device,FusedBatchNormV3,model/batch_normalization_4/FusedBatchNormV3,4,25.792,6.448,25.792,6.448,0.0008258712097524273,0.9015727191735933,0.0,0.0
113,Device,FusedBatchNormV3,model/batch_normalization_2/FusedBatchNormV3,4,25.728,6.432,25.728,6.432,0.0008238219015396422,0.9023965410751329,0.0,0.0
114,Device,FusedBatchNormGradV3,gradient_tape/model/batch_normalization_1/FusedBatchNormGradV3,2,25.632,12.816,25.632,12.816,0.0008207479392204643,0.9032172890143534,0.0,0.0
115,Device,BiasAddGrad,gradient_tape/model/conv2d_19/BiasAdd/BiasAddGrad,2,25.6,12.8,25.6,12.8,0.0008197232851140717,0.9040370122994674,0.0,0.0
116,Device,FusedBatchNormV3,model/batch_normalization_3/FusedBatchNormV3,4,25.344,6.336,25.344,6.336,0.000811526052262931,0.9048485383517304,0.0,0.0
117,Device,FusedBatchNormV3,model/batch_normalization_10/FusedBatchNormV3,4,25.184,6.296,25.184,6.296,0.000806402781730968,0.9056549411334613,0.0,0.0
118,Device,FusedBatchNormV3,model/batch_normalization_9/FusedBatchNormV3,4,25.184,6.296,25.184,6.296,0.000806402781730968,0.9064613439151923,0.0,0.0
119,Device,FusedBatchNormV3,model/batch_normalization_11/FusedBatchNormV3,4,25.056,6.264,25.056,6.264,0.0008023041653053977,0.9072636480804976,0.0,0.0
120,Device,FusedBatchNormV3,model/batch_normalization_12/FusedBatchNormV3,4,24.864,6.216,24.864,6.216,0.0007961562406670422,0.9080598043211647,0.0,0.0
121,Device,Transpose,gradient_tape/model/conv2d/Conv2D/Conv2DBackpropFilter-0-TransposeNHWCToNCHW-LayoutOptimizer,2,23.968,11.984,23.968,11.984,0.0007674659256880496,0.9088272702468528,0.0,0.0
122,Device,Sum,conv2d_11/kernel/Regularizer/Sum,2,23.648,11.824,23.648,11.824,0.0007572193846241237,0.909584489631477,0.0,0.0
123,Device,ResourceApplyGradientDescent,SGD/SGD/update_44/ResourceApplyGradientDescent,2,22.752,11.376,22.752,11.376,0.0007285290696451312,0.9103130187011221,0.0,0.0
124,Device,Square,conv2d_13/kernel/Regularizer/Square,2,22.528,11.264,22.528,11.264,0.0007213564909003831,0.9110343751920226,0.0,0.0
125,Device,Sum,conv2d_13/kernel/Regularizer/Sum,2,22.432,11.216,22.432,11.216,0.0007182825285812053,0.9117526577206038,0.0,0.0
126,Device,FusedBatchNormV3,model/batch_normalization_5/FusedBatchNormV3,4,22.432,5.608,22.432,5.608,0.0007182825285812053,0.912470940249185,0.0,0.0
127,Device,FusedBatchNormV3,model/batch_normalization_8/FusedBatchNormV3,4,22.4,5.6,22.4,5.6,0.0007172578744748127,0.9131881981236598,0.0,0.0
128,Device,AddN,SGD/gradients/AddN_7,2,22.304,11.152,22.304,11.152,0.000714183912155635,0.9139023820358154,0.0,0.0
129,Device,Sum,conv2d_14/kernel/Regularizer/Sum,2,22.208,11.104,22.208,11.104,0.0007111099498364571,0.9146134919856519,0.0,0.0
130,Device,FusedBatchNormV3,model/batch_normalization_7/FusedBatchNormV3,4,22.144,5.536,22.144,5.536,0.000709060641623672,0.9153225526272756,0.0,0.0
131,Device,BiasAddGrad,gradient_tape/model/conv2d_17/BiasAdd/BiasAddGrad,2,21.985,10.9925,21.985,10.9925,0.0007039693915325339,0.9160265220188081,0.0,0.0
132,Device,Square,conv2d_14/kernel/Regularizer/Square,2,21.92,10.96,21.92,10.96,0.000701888062878924,0.916728410081687,0.0,0.0
133,Device,FusedBatchNormV3,model/batch_normalization_6/FusedBatchNormV3,4,21.92,5.48,21.92,5.48,0.000701888062878924,0.917430298144566,0.0,0.0
134,Device,Square,conv2d_11/kernel/Regularizer/Square,2,21.792,10.896,21.792,10.896,0.0006977894464533535,0.9181280875910194,0.0,0.0
135,Device,ResourceApplyGradientDescent,SGD/SGD/update_52/ResourceApplyGradientDescent,2,21.568,10.784,21.568,10.784,0.0006906168677086055,0.918818704458728,0.0,0.0
136,Device,FusedBatchNormGradV3,gradient_tape/model/batch_normalization_13/FusedBatchNormGradV3,2,21.472,10.736,21.472,10.736,0.0006875429053894277,0.9195062473641175,0.0,0.0
137,Device,ResourceApplyGradientDescent,SGD/SGD/update_48/ResourceApplyGradientDescent,2,21.184,10.592,21.184,10.592,0.0006783210184318944,0.9201845683825494,0.0,0.0
138,Device,FusedBatchNormGradV3,gradient_tape/model/batch_normalization_15/FusedBatchNormGradV3,2,20.896,10.448,20.896,10.448,0.0006690991314743611,0.9208536675140238,0.0,0.0
139,Device,Tile,gradient_tape/conv2d_11/kernel/Regularizer/Tile,2,20.832,10.416,20.832,10.416,0.0006670498232615758,0.9215207173372854,0.0,0.0
140,Device,FusedBatchNormGradV3,gradient_tape/model/batch_normalization_14/FusedBatchNormGradV3,2,20.832,10.416,20.832,10.416,0.0006670498232615758,0.922187767160547,0.0,0.0
141,Device,ArgMax,ArgMax,2,20.736,10.368,20.736,10.368,0.0006639758609423981,0.9228517430214893,0.0,0.0
142,Device,ArgMax,ArgMax_1,2,20.128,10.064,20.128,10.064,0.0006445074329209389,0.9234962504544103,0.0,0.0
143,Device,Softmax,model/dense/Softmax,2,19.968,9.984,19.968,9.984,0.000639384162388976,0.9241356346167993,0.0,0.0
144,Device,AddN,SGD/gradients/AddN_18,2,19.392,9.696,19.392,9.696,0.0006209403884739093,0.9247565750052732,0.0,0.0
145,Device,AddN,SGD/gradients/AddN_6,2,19.36,9.68,19.36,9.68,0.0006199157343675167,0.9253764907396407,0.0,0.0
146,Device,Mul,gradient_tape/conv2d_11/kernel/Regularizer/Mul,2,19.04,9.52,19.04,9.52,0.0006096691933035908,0.9259861599329443,0.0,0.0
147,Device,FusedBatchNormGradV3,gradient_tape/model/batch_normalization_16/FusedBatchNormGradV3,2,18.848,9.424,18.848,9.424,0.0006035212686652352,0.9265896812016096,0.0,0.0
148,Device,BiasAddGrad,gradient_tape/model/conv2d_13/BiasAdd/BiasAddGrad,2,18.56,9.28,18.56,9.28,0.000594299381707702,0.9271839805833173,0.0,0.0
149,Device,Mul,gradient_tape/conv2d_10/kernel/Regularizer/Mul_1,2,18.528,9.264,18.528,9.264,0.0005932747276013094,0.9277772553109186,0.0,0.0
150,Device,BiasAddGrad,gradient_tape/model/conv2d_14/BiasAdd/BiasAddGrad,2,18.496,9.248,18.496,9.248,0.0005922500734949168,0.9283695053844135,0.0,0.0
151,Device,FusedBatchNormGradV3,gradient_tape/model/batch_normalization_10/FusedBatchNormGradV3,2,18.464,9.232,18.464,9.232,0.0005912254193885241,0.928960730803802,0.0,0.0
152,Device,ReluGrad,gradient_tape/model/activation_4/ReluGrad,2,18.24,9.12,18.24,9.12,0.000584052840643776,0.9295447836444458,0.0,0.0
153,Device,AddN,ArithmeticOptimizer/AddOpsRewrite_AddN_1,4,18.208,4.552,18.208,4.552,0.0005830281865373835,0.9301278118309833,0.0,0.0
154,Device,FusedBatchNormGradV3,gradient_tape/model/batch_normalization_11/FusedBatchNormGradV3,2,18.208,9.104,18.208,9.104,0.0005830281865373835,0.9307108400175207,0.0,0.0
155,Device,FusedBatchNormGradV3,gradient_tape/model/batch_normalization_9/FusedBatchNormGradV3,2,18.176,9.088,18.176,9.088,0.0005820035324309909,0.9312928435499517,0.0,0.0
156,Device,FusedBatchNormGradV3,gradient_tape/model/batch_normalization_12/FusedBatchNormGradV3,2,17.568,8.784,17.568,8.784,0.0005625351044095318,0.9318553786543612,0.0,0.0
157,Device,Sum,conv2d_10/kernel/Regularizer/Sum,2,17.312,8.656,17.312,8.656,0.000554337871558391,0.9324097165259195,0.0,0.0
158,Device,BiasAddGrad,gradient_tape/model/conv2d_10/BiasAdd/BiasAddGrad,2,16.288,8.144,16.288,8.144,0.0005215489401538281,0.9329312654660734,0.0,0.0
159,Device,BiasAddGrad,gradient_tape/model/conv2d_12/BiasAdd/BiasAddGrad,2,16.288,8.144,16.288,8.144,0.0005215489401538281,0.9334528144062273,0.0,0.0
160,Device,Sum,conv2d_17/kernel/Regularizer/Sum,2,16.192,8.096,16.192,8.096,0.0005184749778346504,0.9339712893840619,0.0,0.0
161,Device,BiasAddGrad,gradient_tape/model/conv2d_9/BiasAdd/BiasAddGrad,2,16.192,8.096,16.192,8.096,0.0005184749778346504,0.9344897643618966,0.0,0.0
162,Device,FusedBatchNormGradV3,gradient_tape/model/batch_normalization_7/FusedBatchNormGradV3,2,16.16,8.08,16.16,8.08,0.0005174503237282578,0.9350072146856249,0.0,0.0
163,Device,ReluGrad,gradient_tape/model/activation_3/ReluGrad,2,16.064,8.032,16.064,8.032,0.0005143763614090801,0.9355215910470339,0.0,0.0
164,Device,BiasAddGrad,gradient_tape/model/conv2d_8/BiasAdd/BiasAddGrad,2,16.064,8.032,16.064,8.032,0.0005143763614090801,0.936035967408443,0.0,0.0
165,Device,BiasAddGrad,gradient_tape/model/conv2d_5/BiasAdd/BiasAddGrad,2,15.968,7.984,15.968,7.984,0.0005113023990899022,0.9365472698075329,0.0,0.0
166,Device,FusedBatchNormGradV3,gradient_tape/model/batch_normalization_5/FusedBatchNormGradV3,2,15.936,7.968,15.936,7.968,0.0005102777449835096,0.9370575475525164,0.0,0.0
167,Device,Sum,conv2d_9/kernel/Regularizer/Sum,2,15.872,7.936,15.872,7.936,0.0005082284367707244,0.937565775989287,0.0,0.0
168,Device,FusedBatchNormGradV3,gradient_tape/model/batch_normalization_6/FusedBatchNormGradV3,2,15.808,7.904,15.808,7.904,0.0005061791285579393,0.938071955117845,0.0,0.0
169,Device,FusedBatchNormGradV3,gradient_tape/model/batch_normalization_8/FusedBatchNormGradV3,2,15.808,7.904,15.808,7.904,0.0005061791285579393,0.938578134246403,0.0,0.0
170,Device,Sum,conv2d_6/kernel/Regularizer/Sum,2,15.776,7.888,15.776,7.888,0.0005051544744515467,0.9390832887208546,0.0,0.0
171,Device,Sum,conv2d_8/kernel/Regularizer/Sum,2,15.712,7.856,15.712,7.856,0.0005031051662387615,0.9395863938870933,0.0,0.0
172,Device,ReluGrad,gradient_tape/model/activation_2/ReluGrad,2,15.488,7.744,15.488,7.744,0.0004959325874940133,0.9400823264745873,0.0,0.0
173,Device,BiasAddGrad,gradient_tape/model/conv2d_4/BiasAdd/BiasAddGrad,2,15.296,7.648,15.296,7.648,0.0004897846628556578,0.940572111137443,0.0,0.0
174,Device,AddN,SGD/gradients/AddN_5,2,15.232,7.616,15.232,7.616,0.0004877353546428726,0.9410598464920858,0.0,0.0
175,Device,BiasAddGrad,gradient_tape/model/conv2d_1/BiasAdd/BiasAddGrad,2,15.168,7.584,15.168,7.584,0.00048568604643008746,0.9415455325385159,0.0,0.0
176,Device,ReluGrad,gradient_tape/model/activation_5/ReluGrad,2,15.136,7.568,15.136,7.568,0.00048466139232369485,0.9420301939308396,0.0,0.0
177,Device,ReluGrad,gradient_tape/model/activation_1/ReluGrad,2,14.976,7.488,14.976,7.488,0.000479538121791732,0.9425097320526313,0.0,0.0
178,Device,AddV2,model/add/add,2,14.944,7.472,14.944,7.472,0.00047851346768533937,0.9429882455203167,0.0,0.0
179,Device,BiasAddGrad,gradient_tape/model/conv2d_2/BiasAdd/BiasAddGrad,2,14.912,7.456,14.912,7.456,0.0004774888135789468,0.9434657343338956,0.0,0.0
180,Device,BiasAddGrad,gradient_tape/model/conv2d_3/BiasAdd/BiasAddGrad,2,14.912,7.456,14.912,7.456,0.0004774888135789468,0.9439432231474745,0.0,0.0
181,Device,MatMul,gradient_tape/model/dense/MatMul/MatMul,2,14.4,7.2,14.4,7.2,0.00046109434787666535,0.9444043174953511,0.0,0.0
182,Device,AddV2,model/add_1/add,2,14.176,7.088,14.176,7.088,0.0004539217691319172,0.9448582392644831,0.0,0.0
183,Device,AddN,SGD/gradients/AddN_4,2,13.984,6.992,13.984,6.992,0.00044777384449356167,0.9453060131089767,0.0,0.0
184,Device,Square,conv2d_10/kernel/Regularizer/Square,2,13.792,6.896,13.792,6.896,0.0004416259198552061,0.9457476390288319,0.0,0.0
185,Device,Sum,conv2d/kernel/Regularizer/Sum,2,13.344,6.672,13.344,6.672,0.0004272807623657099,0.9461749197911976,0.0,0.0
186,Device,Sum,conv2d_12/kernel/Regularizer/Sum,2,13.312,6.656,13.312,6.656,0.0004262561082593173,0.9466011758994569,0.0,0.0
187,Device,ResourceApplyGradientDescent,SGD/SGD/update_38/ResourceApplyGradientDescent,2,13.248,6.624,13.248,6.624,0.0004242068000465321,0.9470253826995034,0.0,0.0
188,Device,Tile,gradient_tape/conv2d_10/kernel/Regularizer/Tile,2,13.216,6.608,13.216,6.608,0.0004231821459401395,0.9474485648454436,0.0,0.0
189,Device,Sum,conv2d_4/kernel/Regularizer/Sum,2,13.12,6.56,13.12,6.56,0.00042010818362096173,0.9478686730290645,0.0,0.0
190,Device,BiasAddGrad,gradient_tape/model/conv2d_7/BiasAdd/BiasAddGrad,2,12.96,6.48,12.96,6.48,0.00041498491308899886,0.9482836579421535,0.0,0.0
191,Device,Sum,conv2d_1/kernel/Regularizer/Sum,2,12.928,6.464,12.928,6.464,0.00041396025898260625,0.9486976182011362,0.0,0.0
192,Device,Sum,conv2d_2/kernel/Regularizer/Sum,2,12.832,6.416,12.832,6.416,0.0004108862966634285,0.9491085044977996,0.0,0.0
193,Device,Sum,conv2d_3/kernel/Regularizer/Sum,2,12.736,6.368,12.736,6.368,0.0004078123343442507,0.9495163168321439,0.0,0.0
194,Device,Tile,gradient_tape/conv2d_5/kernel/Regularizer/Tile,2,12.736,6.368,12.736,6.368,0.0004078123343442507,0.9499241291664882,0.0,0.0
195,Device,Tile,gradient_tape/conv2d_17/kernel/Regularizer/Tile,2,12.704,6.352,12.704,6.352,0.0004067876802378581,0.950330916846726,0.0,0.0
196,Device,ReluGrad,gradient_tape/model/activation_8/ReluGrad,2,12.672,6.336,12.672,6.336,0.0004057630261314655,0.9507366798728575,0.0,0.0
197,Device,Sum,conv2d_5/kernel/Regularizer/Sum,2,12.608,6.304,12.608,6.304,0.00040371371791868033,0.9511403935907762,0.0,0.0
198,Device,Tile,gradient_tape/conv2d_6/kernel/Regularizer/Tile,2,12.48,6.24,12.48,6.24,0.00039961510149310995,0.9515400086922693,0.0,0.0
199,Device,AddN,SGD/gradients/AddN_16,2,12.352,6.176,12.352,6.176,0.00039551648506753963,0.9519355251773368,0.0,0.0
200,Device,ReluGrad,gradient_tape/model/activation_6/ReluGrad,2,12.288,6.144,12.288,6.144,0.0003934671768547544,0.9523289923541916,0.0,0.0
201,Device,ReluGrad,gradient_tape/model/activation_7/ReluGrad,2,12.096,6.048,12.096,6.048,0.00038731925221639887,0.9527163116064079,0.0,0.0
202,Device,Tile,gradient_tape/conv2d_1/kernel/Regularizer/Tile,2,12.0,6.0,12.0,6.0,0.0003842452898972211,0.9531005568963051,0.0,0.0
203,Device,Tile,gradient_tape/conv2d_12/kernel/Regularizer/Tile,2,11.968,5.984,11.968,5.984,0.00038322063579082855,0.953483777532096,0.0,0.0
204,Device,ResourceApplyGradientDescent,SGD/SGD/update_60/ResourceApplyGradientDescent,2,11.904,5.952,11.904,5.952,0.00038117132757804333,0.9538649488596741,0.0,0.0
205,Device,AddN,SGD/gradients/AddN_17,2,11.904,5.952,11.904,5.952,0.00038117132757804333,0.9542461201872522,0.0,0.0
206,Device,Mul,gradient_tape/conv2d_10/kernel/Regularizer/Mul,2,11.808,5.904,11.808,5.904,0.00037809736525886556,0.954624217552511,0.0,0.0
207,Device,MatMul,gradient_tape/model/dense/MatMul/MatMul_1,2,11.68,5.84,11.68,5.84,0.0003739987488332952,0.9549982163013443,0.0,0.0
208,Device,Mul,gradient_tape/conv2d_6/kernel/Regularizer/Mul_1,2,11.392,5.696,11.392,5.696,0.00036477686187576187,0.95536299316322,0.0,0.0
209,Device,AddN,SGD/gradients/AddN_3,2,11.36,5.68,11.36,5.68,0.0003637522077693693,0.9557267453709895,0.0,0.0
210,Device,Mul,gradient_tape/conv2d_17/kernel/Regularizer/Mul_1,2,11.232,5.616,11.232,5.616,0.00035965359134379894,0.9560863989623333,0.0,0.0
211,Device,ReluGrad,gradient_tape/model/activation_9/ReluGrad,2,11.2,5.6,11.2,5.6,0.00035862893723740633,0.9564450278995706,0.0,0.0
212,Device,AddN,SGD/gradients/AddN_15,2,11.04,5.52,11.04,5.52,0.0003535056667054434,0.9567985335662761,0.0,0.0
213,Device,BiasAdd,model/conv2d_1/BiasAdd,2,11.008,5.504,11.008,5.504,0.0003524810125990508,0.9571510145788752,0.0,0.0
214,Device,ReluGrad,gradient_tape/model/activation_12/ReluGrad,2,10.976,5.488,10.976,5.488,0.0003514563584926583,0.9575024709373678,0.0,0.0
215,Device,BiasAdd,model/conv2d_3/BiasAdd,2,10.976,5.488,10.976,5.488,0.0003514563584926583,0.9578539272958605,0.0,0.0
216,Device,BiasAdd,model/conv2d_2/BiasAdd,2,10.88,5.44,10.88,5.44,0.0003483823961734805,0.958202309692034,0.0,0.0
217,Device,BiasAdd,model/conv2d_4/BiasAdd,2,10.88,5.44,10.88,5.44,0.0003483823961734805,0.9585506920882075,0.0,0.0
218,Device,AddN,SGD/gradients/AddN_24,2,10.816,5.408,10.816,5.408,0.0003463330879606953,0.9588970251761683,0.0,0.0
219,Device,Sum,conv2d_7/kernel/Regularizer/Sum,2,10.816,5.408,10.816,5.408,0.0003463330879606953,0.959243358264129,0.0,0.0
220,Device,ResourceApplyGradientDescent,SGD/SGD/update_26/ResourceApplyGradientDescent,2,10.08,5.04,10.08,5.04,0.00032276604351366575,0.9595661243076427,0.0,0.0
221,Device,Mul,gradient_tape/conv2d_9/kernel/Regularizer/Mul_1,2,9.92,4.96,9.92,4.96,0.00031764277298170277,0.9598837670806244,0.0,0.0
222,Device,AddV2,model/add_3/add,2,9.92,4.96,9.92,4.96,0.00031764277298170277,0.9602014098536061,0.0,0.0
223,Device,AvgPool,model/average_pooling2d/AvgPool,2,9.792,4.896,9.792,4.896,0.00031354415655613244,0.9605149540101623,0.0,0.0
224,Device,Square,conv2d_6/kernel/Regularizer/Square,2,9.696,4.848,9.696,4.848,0.0003104701942369547,0.9608254242043992,0.0,0.0
225,Device,AddV2,model/add_2/add,2,9.664,4.832,9.664,4.832,0.00030944554013056206,0.9611348697445298,0.0,0.0
226,Device,Square,conv2d_9/kernel/Regularizer/Square,2,9.568,4.784,9.568,4.784,0.0003063715778113843,0.9614412413223412,0.0,0.0
227,Device,Mul,gradient_tape/conv2d_5/kernel/Regularizer/Mul_1,2,9.472,4.736,9.472,4.736,0.0003032976154922065,0.9617445389378334,0.0,0.0
228,Device,Mul,gradient_tape/conv2d_6/kernel/Regularizer/Mul,2,9.44,4.72,9.44,4.72,0.0003022729613858139,0.9620468118992193,0.0,0.0
229,Device,Square,conv2d_8/kernel/Regularizer/Square,2,9.28,4.64,9.28,4.64,0.000297149690853851,0.9623439615900731,0.0,0.0
230,Device,Relu,model/activation_1/Relu,2,9.28,4.64,9.28,4.64,0.000297149690853851,0.9626411112809269,0.0,0.0
231,Device,ReluGrad,gradient_tape/model/activation_11/ReluGrad,2,9.248,4.624,9.248,4.624,0.0002961250367474584,0.9629372363176744,0.0,0.0
232,Device,ReluGrad,gradient_tape/model/activation_10/ReluGrad,2,9.216,4.608,9.216,4.608,0.00029510038264106577,0.9632323367003154,0.0,0.0
233,Device,Square,conv2d_17/kernel/Regularizer/Square,2,9.184,4.592,9.184,4.592,0.0002940757285346732,0.9635264124288501,0.0,0.0
234,Device,Relu,model/activation_4/Relu,2,9.152,4.576,9.152,4.576,0.0002930510744282806,0.9638194635032783,0.0,0.0
235,Device,Relu,model/activation_2/Relu,2,9.088,4.544,9.088,4.544,0.00029100176621549544,0.9641104652694938,0.0,0.0
236,Device,Relu,model/activation_3/Relu,2,9.024,4.512,9.024,4.512,0.00028895245800271023,0.9643994177274966,0.0,0.0
237,Device,ReluGrad,gradient_tape/model/activation_14/ReluGrad,2,8.928,4.464,8.928,4.464,0.0002858784956835325,0.9646852962231801,0.0,0.0
238,Device,ResourceApplyGradientDescent,SGD/SGD/update_34/ResourceApplyGradientDescent,2,8.896,4.448,8.896,4.448,0.00028485384157713996,0.9649701500647573,0.0,0.0
239,Device,AddN,SGD/gradients/AddN_13,2,8.864,4.432,8.864,4.432,0.00028382918747074735,0.965253979252228,0.0,0.0
240,Device,AvgPoolGrad,gradient_tape/model/average_pooling2d/AvgPoolGrad,2,8.864,4.432,8.864,4.432,0.00028382918747074735,0.9655378084396987,0.0,0.0
241,Device,ReluGrad,gradient_tape/model/activation_15/ReluGrad,2,8.608,4.304,8.608,4.304,0.00027563195461960665,0.9658134403943184,0.0,0.0
242,Device,ResourceApplyGradientDescent,SGD/SGD/update_30/ResourceApplyGradientDescent,2,8.544,4.272,8.544,4.272,0.00027358264640682143,0.9660870230407252,0.0,0.0
243,Device,ReluGrad,gradient_tape/model/activation_13/ReluGrad,2,8.544,4.272,8.544,4.272,0.00027358264640682143,0.9663606056871321,0.0,0.0
244,Device,Mul,gradient_tape/conv2d_17/kernel/Regularizer/Mul,2,8.256,4.128,8.256,4.128,0.0002643607594492881,0.9666249664465814,0.0,0.0
245,Device,ResourceApplyGradientDescent,SGD/SGD/update_4/ResourceApplyGradientDescent,2,8.128,4.064,8.128,4.064,0.0002602621430237178,0.9668852285896051,0.0,0.0
246,Device,BiasAdd,model/conv2d_5/BiasAdd,2,8.064,4.032,8.064,4.032,0.0002582128348109326,0.9671434414244161,0.0,0.0
247,Device,BiasAdd,model/conv2d_8/BiasAdd,2,7.968,3.984,7.968,3.984,0.0002551388724917548,0.9673985802969078,0.0,0.0
248,Device,BiasAdd,model/conv2d_6/BiasAdd,2,7.936,3.968,7.936,3.968,0.0002541142183853622,0.9676526945152932,0.0,0.0
249,Device,BiasAdd,model/conv2d_7/BiasAdd,2,7.936,3.968,7.936,3.968,0.0002541142183853622,0.9679068087336786,0.0,0.0
250,Device,ResourceApplyGradientDescent,SGD/SGD/update_42/ResourceApplyGradientDescent,2,7.904,3.952,7.904,3.952,0.00025308956427896965,0.9681598982979576,0.0,0.0
251,Device,AddN,SGD/gradients/AddN_1,2,7.904,3.952,7.904,3.952,0.00025308956427896965,0.9684129878622365,0.0,0.0
252,Device,Mul,gradient_tape/conv2d_5/kernel/Regularizer/Mul,2,7.904,3.952,7.904,3.952,0.00025308956427896965,0.9686660774265154,0.0,0.0
253,Device,BiasAdd,model/conv2d_9/BiasAdd,2,7.904,3.952,7.904,3.952,0.00025308956427896965,0.9689191669907944,0.0,0.0
254,Device,AddV2,model/add_4/add,2,7.776,3.888,7.776,3.888,0.00024899094785339927,0.9691681579386477,0.0,0.0
255,Device,AddN,SGD/gradients/AddN_2,2,7.744,3.872,7.744,3.872,0.00024796629374700666,0.9694161242323948,0.0,0.0
256,Device,AddV2,model/add_5/add,2,7.744,3.872,7.744,3.872,0.00024796629374700666,0.9696640905261418,0.0,0.0
257,Device,ResourceApplyGradientDescent,SGD/SGD/update_8/ResourceApplyGradientDescent,2,7.68,3.84,7.68,3.84,0.0002459169855342215,0.969910007511676,0.0,0.0
258,Device,Square,conv2d_5/kernel/Regularizer/Square,2,7.552,3.776,7.552,3.776,0.00024181836910865115,0.9701518258807846,0.0,0.0
259,Device,Mul,gradient_tape/conv2d_1/kernel/Regularizer/Mul_1,2,7.488,3.744,7.488,3.744,0.000239769060895866,0.9703915949416805,0.0,0.0
260,Device,Mul,gradient_tape/conv2d_12/kernel/Regularizer/Mul_1,2,7.296,3.648,7.296,3.648,0.00023362113625751045,0.970625216077938,0.0,0.0
261,Device,AddN,SGD/gradients/AddN_19,2,7.232,3.616,7.232,3.616,0.00023157182804472526,0.9708567879059826,0.0,0.0
262,Device,BiasAdd,model/conv2d_12/BiasAdd,2,7.232,3.616,7.232,3.616,0.00023157182804472526,0.9710883597340273,0.0,0.0
263,Device,ResourceApplyGradientDescent,SGD/SGD/update_20/ResourceApplyGradientDescent,2,7.2,3.6,7.2,3.6,0.00023054717393833268,0.9713189069079656,0.0,0.0
264,Device,AddN,SGD/gradients/AddN_11,2,7.04,3.52,7.04,3.52,0.00022542390340636972,0.971544330811372,0.0,0.0
265,Device,Relu,model/activation_8/Relu,2,7.008,3.504,7.008,3.504,0.00022439924929997714,0.971768730060672,0.0,0.0
266,Device,Mul,gradient_tape/conv2d/kernel/Regularizer/Mul_1,2,6.976,3.488,6.976,3.488,0.00022337459519358453,0.9719921046558656,0.0,0.0
267,Device,Relu,model/activation_6/Relu,2,6.976,3.488,6.976,3.488,0.00022337459519358453,0.9722154792510592,0.0,0.0
268,Device,Relu,model/activation_7/Relu,2,6.976,3.488,6.976,3.488,0.00022337459519358453,0.9724388538462528,0.0,0.0
269,Device,Mul,gradient_tape/conv2d_8/kernel/Regularizer/Mul_1,2,6.944,3.472,6.944,3.472,0.00022234994108719195,0.97266120378734,0.0,0.0
270,Device,Relu,model/activation_5/Relu,2,6.944,3.472,6.944,3.472,0.00022234994108719195,0.9728835537284272,0.0,0.0
271,Device,BiasAdd,model/conv2d_13/BiasAdd,2,6.944,3.472,6.944,3.472,0.00022234994108719195,0.9731059036695143,0.0,0.0
272,Device,ResourceApplyGradientDescent,SGD/SGD/update_74/ResourceApplyGradientDescent,2,6.912,3.456,6.912,3.456,0.00022132528698079937,0.9733272289564951,0.0,0.0
273,Device,AddN,SGD/gradients/AddN_12,2,6.912,3.456,6.912,3.456,0.00022132528698079937,0.973548554243476,0.0,0.0
274,Device,Square,conv2d_12/kernel/Regularizer/Square,2,6.88,3.44,6.88,3.44,0.00022030063287440676,0.9737688548763503,0.0,0.0
275,Device,BiasAdd,model/conv2d_16/BiasAdd,2,6.88,3.44,6.88,3.44,0.00022030063287440676,0.9739891555092247,0.0,0.0
276,Device,BiasAdd,model/conv2d_18/BiasAdd,2,6.88,3.44,6.88,3.44,0.00022030063287440676,0.9742094561420991,0.0,0.0
277,Device,BiasAdd,model/conv2d_19/BiasAdd,2,6.88,3.44,6.88,3.44,0.00022030063287440676,0.9744297567749735,0.0,0.0
278,Device,ResourceApplyGradientDescent,SGD/SGD/update_12/ResourceApplyGradientDescent,2,6.848,3.424,6.848,3.424,0.00021927597876801418,0.9746490327537415,0.0,0.0
279,Device,BiasAdd,model/conv2d_14/BiasAdd,2,6.848,3.424,6.848,3.424,0.00021927597876801418,0.9748683087325095,0.0,0.0
280,Device,BiasAdd,model/conv2d_10/BiasAdd,2,6.816,3.408,6.816,3.408,0.0002182513246616216,0.9750865600571711,0.0,0.0
281,Device,AddN,SGD/gradients/AddN_9,2,6.784,3.392,6.784,3.392,0.000217226670555229,0.9753037867277263,0.0,0.0
282,Device,BiasAdd,model/conv2d_11/BiasAdd,2,6.784,3.392,6.784,3.392,0.000217226670555229,0.9755210133982816,0.0,0.0
283,Device,BiasAdd,model/conv2d_15/BiasAdd,2,6.784,3.392,6.784,3.392,0.000217226670555229,0.9757382400688368,0.0,0.0
284,Device,ResourceApplyGradientDescent,SGD/SGD/update_24/ResourceApplyGradientDescent,2,6.752,3.376,6.752,3.376,0.0002162020164488364,0.9759544420852856,0.0,0.0
285,Device,AddN,SGD/gradients/AddN_8,2,6.752,3.376,6.752,3.376,0.0002162020164488364,0.9761706441017344,0.0,0.0
286,Device,ResourceApplyGradientDescent,SGD/SGD/update_16/ResourceApplyGradientDescent,2,6.72,3.36,6.72,3.36,0.00021517736234244383,0.9763858214640768,0.0,0.0
287,Device,AddN,SGD/gradients/AddN_14,2,6.72,3.36,6.72,3.36,0.00021517736234244383,0.9766009988264193,0.0,0.0
288,Device,AddV2,model/add_6/add,2,6.688,3.344,6.688,3.344,0.00021415270823605122,0.9768151515346554,0.0,0.0
289,Device,ResourceApplyGradientDescent,SGD/SGD/update/ResourceApplyGradientDescent,2,6.656,3.328,6.656,3.328,0.00021312805412965864,0.977028279588785,0.0,0.0
290,Device,AddN,SGD/gradients/AddN,2,6.592,3.296,6.592,3.296,0.00021107874591687345,0.9772393583347019,0.0,0.0
291,Device,ResourceApplyGradientDescent,SGD/SGD/update_67/ResourceApplyGradientDescent,2,6.56,3.28,6.56,3.28,0.00021005409181048087,0.9774494124265124,0.0,0.0
292,Device,Mul,gradient_tape/conv2d_3/kernel/Regularizer/Mul_1,2,6.56,3.28,6.56,3.28,0.00021005409181048087,0.9776594665183229,0.0,0.0
293,Device,Mul,gradient_tape/conv2d_7/kernel/Regularizer/Mul_1,2,6.56,3.28,6.56,3.28,0.00021005409181048087,0.9778695206101334,0.0,0.0
294,Device,AddV2,model/add_7/add,2,6.528,3.264,6.528,3.264,0.00020902943770408829,0.9780785500478375,0.0,0.0
295,Device,ResourceApplyGradientDescent,SGD/SGD/update_68/ResourceApplyGradientDescent,2,6.496,3.248,6.496,3.248,0.0002080047835976957,0.9782865548314352,0.0,0.0
296,Device,Square,conv2d_4/kernel/Regularizer/Square,2,6.496,3.248,6.496,3.248,0.0002080047835976957,0.978494559615033,0.0,0.0
297,Device,ResourceApplyGradientDescent,SGD/SGD/update_61/ResourceApplyGradientDescent,2,6.464,3.232,6.464,3.232,0.00020698012949130312,0.9787015397445242,0.0,0.0
298,Device,AddN,SGD/gradients/AddN_10,2,6.432,3.216,6.432,3.216,0.00020595547538491054,0.9789074952199092,0.0,0.0
299,Device,BiasAdd,model/conv2d_17/BiasAdd,2,6.368,3.184,6.368,3.184,0.00020390616717212535,0.9791114013870813,0.0,0.0
300,Device,ResourceApplyGradientDescent,SGD/SGD/update_43/ResourceApplyGradientDescent,2,6.336,3.168,6.336,3.168,0.00020288151306573275,0.979314282900147,0.0,0.0
301,Device,Square,conv2d_1/kernel/Regularizer/Square,2,6.336,3.168,6.336,3.168,0.00020288151306573275,0.9795171644132127,0.0,0.0
302,Device,ResourceApplyGradientDescent,SGD/SGD/update_40/ResourceApplyGradientDescent,2,6.304,3.152,6.304,3.152,0.00020185685895934017,0.979719021272172,0.0,0.0
303,Device,ResourceApplyGradientDescent,SGD/SGD/update_72/ResourceApplyGradientDescent,2,6.304,3.152,6.304,3.152,0.00020185685895934017,0.9799208781311314,0.0,0.0
304,Device,ResourceApplyGradientDescent,SGD/SGD/update_35/ResourceApplyGradientDescent,2,6.272,3.136,6.272,3.136,0.00020083220485294758,0.9801217103359843,0.0,0.0
305,Device,ResourceApplyGradientDescent,SGD/SGD/update_57/ResourceApplyGradientDescent,2,6.208,3.104,6.208,3.104,0.0001987828966401624,0.9803204932326245,0.0,0.0
306,Device,ResourceApplyGradientDescent,SGD/SGD/update_58/ResourceApplyGradientDescent,2,6.208,3.104,6.208,3.104,0.0001987828966401624,0.9805192761292647,0.0,0.0
307,Device,ResourceApplyGradientDescent,SGD/SGD/update_59/ResourceApplyGradientDescent,2,6.208,3.104,6.208,3.104,0.0001987828966401624,0.9807180590259049,0.0,0.0
308,Device,ResourceApplyGradientDescent,SGD/SGD/update_6/ResourceApplyGradientDescent,2,6.208,3.104,6.208,3.104,0.0001987828966401624,0.9809168419225451,0.0,0.0
309,Device,ResourceApplyGradientDescent,SGD/SGD/update_69/ResourceApplyGradientDescent,2,6.208,3.104,6.208,3.104,0.0001987828966401624,0.9811156248191854,0.0,0.0
310,Device,ResourceApplyGradientDescent,SGD/SGD/update_71/ResourceApplyGradientDescent,2,6.208,3.104,6.208,3.104,0.0001987828966401624,0.9813144077158256,0.0,0.0
311,Device,Mul,gradient_tape/conv2d_1/kernel/Regularizer/Mul,2,6.208,3.104,6.208,3.104,0.0001987828966401624,0.9815131906124658,0.0,0.0
312,Device,Mul,gradient_tape/conv2d_2/kernel/Regularizer/Mul_1,2,6.208,3.104,6.208,3.104,0.0001987828966401624,0.981711973509106,0.0,0.0
313,Device,Mul,gradient_tape/conv2d_4/kernel/Regularizer/Mul_1,2,6.208,3.104,6.208,3.104,0.0001987828966401624,0.9819107564057462,0.0,0.0
314,Device,ResourceApplyGradientDescent,SGD/SGD/update_10/ResourceApplyGradientDescent,2,6.176,3.088,6.176,3.088,0.00019775824253376981,0.98210851464828,0.0,0.0
315,Device,ResourceApplyGradientDescent,SGD/SGD/update_22/ResourceApplyGradientDescent,2,6.176,3.088,6.176,3.088,0.00019775824253376981,0.9823062728908137,0.0,0.0
316,Device,ResourceApplyGradientDescent,SGD/SGD/update_3/ResourceApplyGradientDescent,2,6.176,3.088,6.176,3.088,0.00019775824253376981,0.9825040311333475,0.0,0.0
317,Device,ResourceApplyGradientDescent,SGD/SGD/update_53/ResourceApplyGradientDescent,2,6.176,3.088,6.176,3.088,0.00019775824253376981,0.9827017893758813,0.0,0.0
318,Device,ResourceApplyGradientDescent,SGD/SGD/update_73/ResourceApplyGradientDescent,2,6.176,3.088,6.176,3.088,0.00019775824253376981,0.982899547618415,0.0,0.0
319,Device,ResourceApplyGradientDescent,SGD/SGD/update_33/ResourceApplyGradientDescent,2,6.144,3.072,6.144,3.072,0.0001967335884273772,0.9830962812068424,0.0,0.0
320,Device,ResourceApplyGradientDescent,SGD/SGD/update_41/ResourceApplyGradientDescent,2,6.144,3.072,6.144,3.072,0.0001967335884273772,0.9832930147952699,0.0,0.0
321,Device,Square,conv2d_3/kernel/Regularizer/Square,2,6.144,3.072,6.144,3.072,0.0001967335884273772,0.9834897483836973,0.0,0.0
322,Device,ResourceApplyGradientDescent,SGD/SGD/update_23/ResourceApplyGradientDescent,2,6.112,3.056,6.112,3.056,0.00019570893432098462,0.9836854573180183,0.0,0.0
323,Device,ResourceApplyGradientDescent,SGD/SGD/update_27/ResourceApplyGradientDescent,2,6.112,3.056,6.112,3.056,0.00019570893432098462,0.9838811662523392,0.0,0.0
324,Device,Mul,gradient_tape/conv2d_12/kernel/Regularizer/Mul,2,6.112,3.056,6.112,3.056,0.00019570893432098462,0.9840768751866602,0.0,0.0
325,Device,ResourceApplyGradientDescent,SGD/SGD/update_47/ResourceApplyGradientDescent,2,6.08,3.04,6.08,3.04,0.00019468428021459204,0.9842715594668748,0.0,0.0
326,Device,ResourceApplyGradientDescent,SGD/SGD/update_2/ResourceApplyGradientDescent,2,6.048,3.024,6.048,3.024,0.00019365962610819944,0.984465219092983,0.0,0.0
327,Device,ResourceApplyGradientDescent,SGD/SGD/update_51/ResourceApplyGradientDescent,2,6.048,3.024,6.048,3.024,0.00019365962610819944,0.9846588787190912,0.0,0.0
328,Device,ResourceApplyGradientDescent,SGD/SGD/update_14/ResourceApplyGradientDescent,2,6.016,3.008,6.016,3.008,0.00019263497200180685,0.984851513691093,0.0,0.0
329,Device,ResourceApplyGradientDescent,SGD/SGD/update_49/ResourceApplyGradientDescent,2,6.016,3.008,6.016,3.008,0.00019263497200180685,0.9850441486630949,0.0,0.0
330,Device,Relu,model/activation_9/Relu,2,5.984,2.992,5.984,2.992,0.00019161031789541427,0.9852357589809903,0.0,0.0
331,Device,ResourceApplyGradientDescent,SGD/SGD/update_46/ResourceApplyGradientDescent,2,5.952,2.976,5.952,2.976,0.00019058566378902167,0.9854263446447793,0.0,0.0
332,Device,Relu,model/activation_10/Relu,2,5.952,2.976,5.952,2.976,0.00019058566378902167,0.9856169303085683,0.0,0.0
333,Device,Relu,model/activation_11/Relu,2,5.952,2.976,5.952,2.976,0.00019058566378902167,0.9858075159723574,0.0,0.0
334,Device,ResourceApplyGradientDescent,SGD/SGD/update_11/ResourceApplyGradientDescent,2,5.92,2.96,5.92,2.96,0.00018956100968262908,0.98599707698204,0.0,0.0
335,Device,ResourceApplyGradientDescent,SGD/SGD/update_25/ResourceApplyGradientDescent,2,5.92,2.96,5.92,2.96,0.00018956100968262908,0.9861866379917226,0.0,0.0
336,Device,Mul,conv2d_12/kernel/Regularizer/mul,2,5.92,2.96,5.92,2.96,0.00018956100968262908,0.9863761990014052,0.0,0.0
337,Device,Square,conv2d_2/kernel/Regularizer/Square,2,5.92,2.96,5.92,2.96,0.00018956100968262908,0.9865657600110878,0.0,0.0
338,Device,ResourceApplyGradientDescent,SGD/SGD/update_9/ResourceApplyGradientDescent,2,5.888,2.944,5.888,2.944,0.0001885363555762365,0.986754296366664,0.0,0.0
339,Device,Relu,model/activation_12/Relu,2,5.888,2.944,5.888,2.944,0.0001885363555762365,0.9869428327222403,0.0,0.0
340,Device,ResourceApplyGradientDescent,SGD/SGD/update_15/ResourceApplyGradientDescent,2,5.856,2.928,5.856,2.928,0.0001875117014698439,0.9871303444237101,0.0,0.0
341,Device,ResourceApplyGradientDescent,SGD/SGD/update_32/ResourceApplyGradientDescent,2,5.856,2.928,5.856,2.928,0.0001875117014698439,0.9873178561251799,0.0,0.0
342,Device,ResourceApplyGradientDescent,SGD/SGD/update_54/ResourceApplyGradientDescent,2,5.856,2.928,5.856,2.928,0.0001875117014698439,0.9875053678266497,0.0,0.0
343,Device,ResourceApplyGradientDescent,SGD/SGD/update_64/ResourceApplyGradientDescent,2,5.824,2.912,5.824,2.912,0.00018648704736345131,0.9876918548740131,0.0,0.0
344,Device,ResourceApplyGradientDescent,SGD/SGD/update_65/ResourceApplyGradientDescent,2,5.824,2.912,5.824,2.912,0.00018648704736345131,0.9878783419213766,0.0,0.0
345,Device,Mul,conv2d_19/kernel/Regularizer/mul,2,5.824,2.912,5.824,2.912,0.00018648704736345131,0.98806482896874,0.0,0.0
346,Device,ResourceApplyGradientDescent,SGD/SGD/update_31/ResourceApplyGradientDescent,2,5.792,2.896,5.792,2.896,0.0001854623932570587,0.988250291361997,0.0,0.0
347,Device,BiasAddGrad,gradient_tape/model/dense/BiasAdd/BiasAddGrad,2,5.792,2.896,5.792,2.896,0.0001854623932570587,0.988435753755254,0.0,0.0
348,Device,Equal,Equal,2,5.76,2.88,5.76,2.88,0.00018443773915066613,0.9886201914944047,0.0,0.0
349,Device,ResourceApplyGradientDescent,SGD/SGD/update_37/ResourceApplyGradientDescent,2,5.76,2.88,5.76,2.88,0.00018443773915066613,0.9888046292335554,0.0,0.0
350,Device,ResourceApplyGradientDescent,SGD/SGD/update_39/ResourceApplyGradientDescent,2,5.76,2.88,5.76,2.88,0.00018443773915066613,0.988989066972706,0.0,0.0
351,Device,ResourceApplyGradientDescent,SGD/SGD/update_5/ResourceApplyGradientDescent,2,5.76,2.88,5.76,2.88,0.00018443773915066613,0.9891735047118567,0.0,0.0
352,Device,ResourceApplyGradientDescent,SGD/SGD/update_55/ResourceApplyGradientDescent,2,5.76,2.88,5.76,2.88,0.00018443773915066613,0.9893579424510074,0.0,0.0
353,Device,ResourceApplyGradientDescent,SGD/SGD/update_63/ResourceApplyGradientDescent,2,5.76,2.88,5.76,2.88,0.00018443773915066613,0.989542380190158,0.0,0.0
354,Device,Mul,Mul,2,5.728,2.864,5.728,2.864,0.00018341308504427354,0.9897257932752024,0.0,0.0
355,Device,AssignAddVariableOp,SGD/SGD/AssignAddVariableOp,2,5.696,2.848,5.696,2.848,0.00018238843093788094,0.9899081817061403,0.0,0.0
356,Device,ResourceApplyGradientDescent,SGD/SGD/update_17/ResourceApplyGradientDescent,2,5.696,2.848,5.696,2.848,0.00018238843093788094,0.9900905701370781,0.0,0.0
357,Device,ResourceApplyGradientDescent,SGD/SGD/update_18/ResourceApplyGradientDescent,2,5.696,2.848,5.696,2.848,0.00018238843093788094,0.990272958568016,0.0,0.0
358,Device,ResourceApplyGradientDescent,SGD/SGD/update_21/ResourceApplyGradientDescent,2,5.696,2.848,5.696,2.848,0.00018238843093788094,0.9904553469989539,0.0,0.0
359,Device,ResourceApplyGradientDescent,SGD/SGD/update_29/ResourceApplyGradientDescent,2,5.696,2.848,5.696,2.848,0.00018238843093788094,0.9906377354298918,0.0,0.0
360,Device,ResourceApplyGradientDescent,SGD/SGD/update_45/ResourceApplyGradientDescent,2,5.696,2.848,5.696,2.848,0.00018238843093788094,0.9908201238608296,0.0,0.0
361,Device,ResourceApplyGradientDescent,SGD/SGD/update_50/ResourceApplyGradientDescent,2,5.696,2.848,5.696,2.848,0.00018238843093788094,0.9910025122917675,0.0,0.0
362,Device,ResourceApplyGradientDescent,SGD/SGD/update_7/ResourceApplyGradientDescent,2,5.696,2.848,5.696,2.848,0.00018238843093788094,0.9911849007227054,0.0,0.0
363,Device,ReluGrad,gradient_tape/model/activation_16/ReluGrad,2,5.696,2.848,5.696,2.848,0.00018238843093788094,0.9913672891536432,0.0,0.0
364,Device,AssignAddVariableOp,AssignAddVariableOp_4,2,5.664,2.832,5.664,2.832,0.00018136377683148836,0.9915486529304748,0.0,0.0
365,Device,ResourceApplyGradientDescent,SGD/SGD/update_13/ResourceApplyGradientDescent,2,5.664,2.832,5.664,2.832,0.00018136377683148836,0.9917300167073063,0.0,0.0
366,Device,ResourceApplyGradientDescent,SGD/SGD/update_75/ResourceApplyGradientDescent,2,5.664,2.832,5.664,2.832,0.00018136377683148836,0.9919113804841379,0.0,0.0
367,Device,Square,conv2d/kernel/Regularizer/Square,2,5.664,2.832,5.664,2.832,0.00018136377683148836,0.9920927442609694,0.0,0.0
368,Device,ResourceApplyGradientDescent,SGD/SGD/update_1/ResourceApplyGradientDescent,2,5.6,2.8,5.6,2.8,0.00017931446861870317,0.9922720587295881,0.0,0.0
369,Device,ResourceApplyGradientDescent,SGD/SGD/update_19/ResourceApplyGradientDescent,2,5.6,2.8,5.6,2.8,0.00017931446861870317,0.9924513731982069,0.0,0.0
370,Device,Mul,conv2d/kernel/Regularizer/mul,2,5.6,2.8,5.6,2.8,0.00017931446861870317,0.9926306876668256,0.0,0.0
371,Device,Tile,gradient_tape/categorical_crossentropy/weighted_loss/Tile_1,2,5.568,2.784,5.568,2.784,0.00017828981451231059,0.9928089774813379,0.0,0.0
372,Device,DivNoNan,gradient_tape/categorical_crossentropy/weighted_loss/value/div_no_nan,2,5.568,2.784,5.568,2.784,0.00017828981451231059,0.9929872672958502,0.0,0.0
373,Device,AssignAddVariableOp,AssignAddVariableOp_2,2,5.536,2.768,5.536,2.768,0.000177265160405918,0.9931645324562561,0.0,0.0
374,Device,Mul,conv2d_1/kernel/Regularizer/mul,2,5.536,2.768,5.536,2.768,0.000177265160405918,0.9933417976166621,0.0,0.0
375,Device,Mul,conv2d_8/kernel/Regularizer/mul,2,5.504,2.752,5.504,2.752,0.0001762405062995254,0.9935180381229616,0.0,0.0
376,Device,Mul,gradient_tape/categorical_crossentropy/softmax_cross_entropy_with_logits/mul,2,5.504,2.752,5.504,2.752,0.0001762405062995254,0.9936942786292611,0.0,0.0
377,Device,Cast,Cast,2,5.472,2.736,5.472,2.736,0.00017521585219313284,0.9938694944814542,0.0,0.0
378,Device,Mul,conv2d_10/kernel/Regularizer/mul,2,5.472,2.736,5.472,2.736,0.00017521585219313284,0.9940447103336474,0.0,0.0
379,Device,Mul,conv2d_13/kernel/Regularizer/mul,2,5.472,2.736,5.472,2.736,0.00017521585219313284,0.9942199261858405,0.0,0.0
380,Device,Mul,conv2d_15/kernel/Regularizer/mul,2,5.472,2.736,5.472,2.736,0.00017521585219313284,0.9943951420380337,0.0,0.0
381,Device,Square,conv2d_7/kernel/Regularizer/Square,2,5.44,2.72,5.44,2.72,0.00017419119808674026,0.9945693332361204,0.0,0.0
382,Device,BiasAdd,model/dense/BiasAdd,2,5.44,2.72,5.44,2.72,0.00017419119808674026,0.9947435244342071,0.0,0.0
383,Device,AssignAddVariableOp,AssignAddVariableOp_1,2,5.376,2.688,5.376,2.688,0.00017214188987395507,0.994915666324081,0.0,0.0
384,Device,Mul,conv2d_17/kernel/Regularizer/mul,2,5.376,2.688,5.376,2.688,0.00017214188987395507,0.9950878082139549,0.0,0.0
385,Device,Mul,conv2d_18/kernel/Regularizer/mul,2,5.376,2.688,5.376,2.688,0.00017214188987395507,0.9952599501038288,0.0,0.0
386,Device,Mul,conv2d_2/kernel/Regularizer/mul,2,5.376,2.688,5.376,2.688,0.00017214188987395507,0.9954320919937028,0.0,0.0
387,Device,Mul,conv2d_5/kernel/Regularizer/mul,2,5.376,2.688,5.376,2.688,0.00017214188987395507,0.9956042338835767,0.0,0.0
388,Device,AssignAddVariableOp,AssignAddVariableOp,2,5.344,2.672,5.344,2.672,0.0001711172357675625,0.9957753511193442,0.0,0.0
389,Device,Mul,conv2d_3/kernel/Regularizer/mul,2,5.344,2.672,5.344,2.672,0.0001711172357675625,0.9959464683551118,0.0,0.0
390,Device,Mul,conv2d_7/kernel/Regularizer/mul,2,5.344,2.672,5.344,2.672,0.0001711172357675625,0.9961175855908794,0.0,0.0
391,Device,Mul,conv2d_9/kernel/Regularizer/mul,2,5.344,2.672,5.344,2.672,0.0001711172357675625,0.9962887028266469,0.0,0.0
392,Device,ResourceApplyGradientDescent,SGD/SGD/update_28/ResourceApplyGradientDescent,2,5.312,2.656,5.312,2.656,0.00017009258166116988,0.9964587954083081,0.0,0.0
393,Device,Sum,categorical_crossentropy/weighted_loss/Sum,2,5.312,2.656,5.312,2.656,0.00017009258166116988,0.9966288879899692,0.0,0.0
394,Device,Mul,conv2d_11/kernel/Regularizer/mul,2,5.312,2.656,5.312,2.656,0.00017009258166116988,0.9967989805716303,0.0,0.0
395,Device,Mul,conv2d_14/kernel/Regularizer/mul,2,5.312,2.656,5.312,2.656,0.00017009258166116988,0.9969690731532914,0.0,0.0
396,Device,Mul,conv2d_16/kernel/Regularizer/mul,2,5.312,2.656,5.312,2.656,0.00017009258166116988,0.9971391657349525,0.0,0.0
397,Device,Mul,conv2d_4/kernel/Regularizer/mul,2,5.312,2.656,5.312,2.656,0.00017009258166116988,0.9973092583166137,0.0,0.0
398,Device,Mul,conv2d_6/kernel/Regularizer/mul,2,5.312,2.656,5.312,2.656,0.00017009258166116988,0.9974793508982748,0.0,0.0
399,Device,ResourceApplyGradientDescent,SGD/SGD/update_36/ResourceApplyGradientDescent,2,5.28,2.64,5.28,2.64,0.0001690679275547773,0.9976484188258296,0.0,0.0
400,Device,Relu,model/activation_13/Relu,2,5.28,2.64,5.28,2.64,0.0001690679275547773,0.9978174867533843,0.0,0.0
401,Device,Relu,model/activation_15/Relu,2,5.28,2.64,5.28,2.64,0.0001690679275547773,0.9979865546809391,0.0,0.0
402,Device,Relu,model/activation_16/Relu,2,5.248,2.624,5.248,2.624,0.00016804327344838472,0.9981545979543875,0.0,0.0
403,Device,Relu,model/activation_14/Relu,2,5.216,2.608,5.216,2.608,0.0001670186193419921,0.9983216165737295,0.0,0.0
404,Device,AssignAddVariableOp,AssignAddVariableOp_3,2,5.184,2.592,5.184,2.592,0.00016599396523559953,0.9984876105389652,0.0,0.0
405,Device,DivNoNan,categorical_crossentropy/weighted_loss/value,2,5.184,2.592,5.184,2.592,0.00016599396523559953,0.9986536045042008,0.0,0.0
406,Device,Sum,Sum_2,2,5.024,2.512,5.024,2.512,0.00016087069470363657,0.9988144751989044,0.0,0.0
407,Device,DivNoNan,div_no_nan,2,4.992,2.496,4.992,2.496,0.000159846040597244,0.9989743212395017,0.0,0.0
408,Device,DivNoNan,div_no_nan_1,2,4.992,2.496,4.992,2.496,0.000159846040597244,0.999134167280099,0.0,0.0
409,Device,Cast,Cast_1,2,4.864,2.432,4.864,2.432,0.0001557474241716736,0.9992899147042706,0.0,0.0
410,Device,Cast,categorical_crossentropy/weighted_loss/num_elements/Cast,2,4.8,2.4,4.8,2.4,0.00015369811595888845,0.9994436128202295,0.0,0.0
411,Device,Cast,Cast_2,2,4.736,2.368,4.736,2.368,0.00015164880774610326,0.9995952616279756,0.0,0.0
412,Device,_Recv,categorical_crossentropy/weighted_loss/num_elements/_14,2,3.296,1.648,3.296,1.648,0.00010553937295843672,0.9997008010009341,0.0,0.0
413,Device,_Recv,IteratorGetNext/_4,2,3.232,1.616,3.232,1.616,0.00010349006474565156,0.9998042910656797,0.0,0.0
414,Device,LogicalAnd,LogicalAnd,1,2.624,2.624,2.624,2.624,8.402163672419236e-05,0.9998883127024039,0.0,0.0
415,Device,_Recv,Size/_16,2,1.76,0.88,1.76,0.88,5.635597585159243e-05,0.9999446686782555,0.0,0.0
416,Device,_Recv,strided_slice/_12,2,1.728,0.864,1.728,0.864,5.533132174519984e-05,1.0000000000000007,0.0,0.0
417,Host,IDLE,IDLE,0,100046.682,0.0,100046.682,0.0,0.0,0.0,0.9920419139660624,0.9920419139660624
418,Host,GatherV2,GatherV2,2,479.841,239.9205,479.841,239.9205,0.0,0.0,0.004758002709569013,0.9967999166756315
419,Host,Dataset,Iterator::Root::ParallelMapV2::Zip[0]::FlatMap[1]::Concatenate,2,76.773,38.3865,51.424,25.712,0.0,0.0,0.0005099095978394445,0.997309826273471
420,Host,Dataset,Iterator::Root::ParallelMapV2::Zip[1]::ForeverRepeat,2,45.388,22.694,41.37,20.685,0.0,0.0,0.0004102162426613608,0.9977200425161323
421,Host,LogicalAnd,LogicalAnd,1,35.044,35.044,35.044,35.044,0.0,0.0,0.0003474889535369767,0.9980675314696693
422,Host,FlushSummaryWriter,FlushSummaryWriter,1,34.8,34.8,34.8,34.8,0.0,0.0,0.0003450695007158655,0.9984126009703852
423,Host,GatherV2,GatherV2_1,2,29.959,14.9795,29.959,14.9795,0.0,0.0,0.0002970671601134085,0.9987096681304987
424,Host,Dataset,Iterator::Root::ParallelMapV2::Zip[0]::FlatMap[1]::Concatenate[0]::TensorSlice,2,25.349,12.6745,25.349,12.6745,0.0,0.0,0.0002513553670588068,0.9989610234975574
425,Host,Dataset,Iterator::Root::ParallelMapV2,2,24.431,12.2155,24.431,12.2155,0.0,0.0,0.00024225267160888825,0.9992032761691664
426,Host,WriteSummary,WriteSummary,1,20.688,20.688,20.688,20.688,0.0,0.0,0.00020513786870143176,0.9994084140378678
427,Host,Dataset,Iterator::Root,2,44.301,22.1505,19.87,9.935,0.0,0.0,0.00019702675227655886,0.9996054407901444
428,Host,IteratorGetNext,IteratorGetNext,2,13.25,6.625,13.25,6.625,0.0,0.0,0.00013138422081854077,0.9997368250109628
429,Host,Dataset,Iterator::Root::ParallelMapV2::Zip,2,136.148,68.074,10.797,5.3985,0.0,0.0,0.00010706078733417242,0.999843885798297
430,Host,ReadVariableOp,ReadVariableOp,1,6.364,6.364,6.364,6.364,0.0,0.0,6.310408915390138e-05,0.9999069898874509
431,Host,Dataset,Iterator::Root::ParallelMapV2::Zip[1]::ForeverRepeat::FromTensor,4,4.018,1.0045,4.018,1.0045,0.0,0.0,3.984164522633183e-05,0.9999468315326772
432,Host,Dataset,Iterator::Root::ParallelMapV2::Zip[0]::FlatMap,2,79.963,39.9815,3.19,1.595,0.0,0.0,3.163137089895434e-05,0.9999784629035761
433,Host,Identity,Identity,2,2.172,1.086,2.172,1.086,0.0,0.0,2.153709642399023e-05,1.0
