Rank,Host/device,Type,Operation,#Occurrences,Total time (us),Avg. time (us),Total self-time (us),Avg. self-time (us),Total self-time on Device (%),Cumulative total-self time on Device (%),Total self-time on Host (%),Cumulative total-self time on Host (%)
1,Device,IDLE,IDLE,0,55717.058,0.0,55717.058,0.0,0.40096944447183125,0.40096944447183125,0.0,0.0
2,Device,DepthwiseConv2dNativeBackpropFilter,gradient_tape/efficientnetb0/block2a_dwconv/depthwise/DepthwiseConv2dNativeBackpropFilter,2,6811.671,3405.8355,6811.671,3405.8355,0.04902039043042946,0.4499898349022607,0.0,0.0
3,Device,DepthwiseConv2dNativeBackpropFilter,gradient_tape/efficientnetb0/block3a_dwconv/depthwise/DepthwiseConv2dNativeBackpropFilter,2,3674.126,1837.063,3674.126,1837.063,0.02644095567895045,0.4764307905812111,0.0,0.0
4,Device,FusedBatchNormGradV3,gradient_tape/efficientnetb0/block2a_expand_bn/FusedBatchNormGradV3,2,1044.484,522.242,1044.484,522.242,0.007516659785585164,0.4839474503667963,0.0,0.0
5,Device,_Recv,IteratorGetNext/_4,2,967.332,483.666,967.332,483.666,0.006961433151402672,0.490908883518199,0.0,0.0
6,Device,DepthwiseConv2dNativeBackpropFilter,gradient_tape/efficientnetb0/block5b_dwconv/depthwise/DepthwiseConv2dNativeBackpropFilter,2,942.084,471.042,942.084,471.042,0.006779735177794216,0.49768861869599323,0.0,0.0
7,Device,DepthwiseConv2dNativeBackpropFilter,gradient_tape/efficientnetb0/block5c_dwconv/depthwise/DepthwiseConv2dNativeBackpropFilter,2,864.258,432.129,864.258,432.129,0.00621965808281435,0.5039082767788076,0.0,0.0
8,Device,DepthwiseConv2dNativeBackpropInput,gradient_tape/efficientnetb0/block2a_dwconv/depthwise/DepthwiseConv2dNativeBackpropInput,2,648.194,324.097,648.194,324.097,0.0046647471603754485,0.508573023939183,0.0,0.0
9,Device,FusedBatchNormV3,efficientnetb0/block2a_expand_bn/FusedBatchNormV3,4,644.098,161.0245,644.098,161.0245,0.004635270176063811,0.5132082941152468,0.0,0.0
10,Device,Conv2DBackpropFilter,gradient_tape/efficientnetb0/block2a_expand_conv/Conv2D/Conv2DBackpropFilter,2,640.002,320.001,640.002,320.001,0.004605793191752173,0.517814087306999,0.0,0.0
11,Device,DepthwiseConv2dNativeBackpropFilter,gradient_tape/efficientnetb0/block5a_dwconv/depthwise/DepthwiseConv2dNativeBackpropFilter,2,640.002,320.001,640.002,320.001,0.004605793191752173,0.5224198804987511,0.0,0.0
12,Device,DepthwiseConv2dNativeBackpropFilter,gradient_tape/efficientnetb0/block4c_dwconv/depthwise/DepthwiseConv2dNativeBackpropFilter,2,623.618,311.809,623.618,311.809,0.004487885254505622,0.5269077657532567,0.0,0.0
13,Device,Mul,SGD/gradients/mul_136,2,620.546,310.273,620.546,310.273,0.004465777516271893,0.5313735432695286,0.0,0.0
14,Device,DepthwiseConv2dNativeBackpropFilter,gradient_tape/efficientnetb0/block4b_dwconv/depthwise/DepthwiseConv2dNativeBackpropFilter,2,620.546,310.273,620.546,310.273,0.004465777516271893,0.5358393207858004,0.0,0.0
15,Device,Mul,SGD/gradients/mul_135,2,618.498,309.249,618.498,309.249,0.004451039024116074,0.5402903598099165,0.0,0.0
16,Device,Mul,SGD/gradients/mul_137,2,617.474,308.737,617.474,308.737,0.004443669778038165,0.5447340295879546,0.0,0.0
17,Device,Mul,efficientnetb0/block2a_expand_activation/mul,2,616.45,308.225,616.45,308.225,0.004436300531960255,0.5491703301199148,0.0,0.0
18,Device,Slice,gradient_tape/efficientnetb0/block2a_dwconv_pad/Slice_1,2,484.353,242.1765,484.353,242.1765,0.0034856605913805585,0.5526559907112953,0.0,0.0
19,Device,Pad,efficientnetb0/block2a_dwconv_pad/Pad,2,471.042,235.521,471.042,235.521,0.003389867588897108,0.5560458583001925,0.0,0.0
20,Device,FusedBatchNormGradV3,gradient_tape/efficientnetb0/block1a_bn/FusedBatchNormGradV3,2,446.466,223.233,446.466,223.233,0.0032130056830272807,0.5592588639832198,0.0,0.0
21,Device,FusedBatchNormGradV3,gradient_tape/efficientnetb0/stem_bn/FusedBatchNormGradV3,2,441.346,220.673,441.346,220.673,0.0031761594526377333,0.5624350234358575,0.0,0.0
22,Device,Sigmoid,efficientnetb0/block2a_expand_activation/Sigmoid,2,430.082,215.041,430.082,215.041,0.003095097745780729,0.5655301211816383,0.0,0.0
23,Device,Sigmoid,SGD/gradients/Sigmoid_45,2,428.033,214.0165,428.033,214.0165,0.0030803520570955372,0.5686104732387338,0.0,0.0
24,Device,Sub,SGD/gradients/sub_45,2,417.794,208.897,417.794,208.897,0.003006666792845815,0.5716171400315796,0.0,0.0
25,Device,AddV2,SGD/gradients/add_45,2,414.722,207.361,414.722,207.361,0.0029845590546120865,0.5746016990861916,0.0,0.0
26,Device,FusedBatchNormGradV3,gradient_tape/efficientnetb0/block2b_bn/FusedBatchNormGradV3,2,406.529,203.2645,406.529,203.2645,0.002925597889459438,0.5775272969756511,0.0,0.0
27,Device,DepthwiseConv2dNativeBackpropFilter,gradient_tape/efficientnetb0/block4a_dwconv/depthwise/DepthwiseConv2dNativeBackpropFilter,2,403.458,201.729,403.458,201.729,0.0029034973477550827,0.5804307943234062,0.0,0.0
28,Device,FusedBatchNormGradV3,gradient_tape/efficientnetb0/block2b_expand_bn/FusedBatchNormGradV3,2,403.456,201.728,403.456,201.728,0.0029034829546963365,0.5833342772781025,0.0,0.0
29,Device,FusedBatchNormGradV3,gradient_tape/efficientnetb0/block3a_expand_bn/FusedBatchNormGradV3,2,402.433,201.2165,402.433,201.2165,0.0028961209051478,0.5862303981832503,0.0,0.0
30,Device,DepthwiseConv2dNativeBackpropInput,gradient_tape/efficientnetb0/block3a_dwconv/depthwise/DepthwiseConv2dNativeBackpropInput,2,362.496,181.248,362.496,181.248,0.002608713111579957,0.5888391112948302,0.0,0.0
31,Device,FusedBatchNormGradV3,gradient_tape/efficientnetb0/block1a_project_bn/FusedBatchNormGradV3,2,350.209,175.1045,350.209,175.1045,0.002520289355174416,0.5913594006500047,0.0,0.0
32,Device,DepthwiseConv2dNative,efficientnetb0/block2a_dwconv/depthwise,2,348.16,174.08,348.16,174.08,0.0025055436664892243,0.593864944316494,0.0,0.0
33,Device,Conv2DBackpropInput,gradient_tape/efficientnetb0/block2a_expand_conv/Conv2D/Conv2DBackpropInput,2,324.609,162.3045,324.609,162.3045,0.002336058203226679,0.5962010025197206,0.0,0.0
34,Device,Conv2D,efficientnetb0/block2a_expand_conv/Conv2D,2,314.369,157.1845,314.369,157.1845,0.0022623657424475844,0.5984633682621682,0.0,0.0
35,Device,DepthwiseConv2dNativeBackpropInput,gradient_tape/efficientnetb0/block2b_dwconv/depthwise/DepthwiseConv2dNativeBackpropInput,2,295.937,147.9685,295.937,147.9685,0.002129719313045214,0.6005930875752133,0.0,0.0
36,Device,FusedBatchNormGradV3,gradient_tape/efficientnetb0/block2a_bn/FusedBatchNormGradV3,2,269.314,134.657,269.314,134.657,0.00193812611154894,0.6025312136867623,0.0,0.0
37,Device,Conv2DBackpropFilter,gradient_tape/efficientnetb0/block2b_expand_conv/Conv2D/Conv2DBackpropFilter,2,266.242,133.121,266.242,133.121,0.0019160183733152117,0.6044472320600776,0.0,0.0
38,Device,Conv2DBackpropFilter,gradient_tape/efficientnetb0/block2a_project_conv/Conv2D/Conv2DBackpropFilter,2,265.218,132.609,265.218,132.609,0.0019086491272373022,0.6063558811873149,0.0,0.0
39,Device,Conv2DBackpropFilter,gradient_tape/efficientnetb0/block3a_expand_conv/Conv2D/Conv2DBackpropFilter,2,265.217,132.6085,265.217,132.6085,0.0019086419307079291,0.6082645231180228,0.0,0.0
40,Device,Conv2DBackpropFilter,gradient_tape/efficientnetb0/block1a_project_conv/Conv2D/Conv2DBackpropFilter,2,262.145,131.0725,262.145,131.0725,0.0018865341924742005,0.610151057310497,0.0,0.0
41,Device,FusedBatchNormV3,efficientnetb0/stem_bn/FusedBatchNormV3,4,257.025,64.25625,257.025,64.25625,0.001849687962084653,0.6120007452725816,0.0,0.0
42,Device,FusedBatchNormV3,efficientnetb0/block1a_bn/FusedBatchNormV3,4,257.024,64.256,257.024,64.256,0.0018496807655552802,0.6138504260381369,0.0,0.0
43,Device,DepthwiseConv2dNativeBackpropInput,gradient_tape/efficientnetb0/block1a_dwconv/depthwise/DepthwiseConv2dNativeBackpropInput,2,257.024,128.512,257.024,128.512,0.0018496807655552802,0.6157001068036921,0.0,0.0
44,Device,FusedBatchNormV3,efficientnetb0/block2b_bn/FusedBatchNormV3,4,252.928,63.232,252.928,63.232,0.0018202037812436423,0.6175203105849357,0.0,0.0
45,Device,FusedBatchNormV3,efficientnetb0/block2b_expand_bn/FusedBatchNormV3,4,250.882,62.7205,250.882,62.7205,0.0018054796821465693,0.6193257902670823,0.0,0.0
46,Device,FusedBatchNormV3,efficientnetb0/block3a_expand_bn/FusedBatchNormV3,4,249.856,62.464,249.856,62.464,0.0017980960430099139,0.6211238863100923,0.0,0.0
47,Device,DepthwiseConv2dNativeBackpropFilter,gradient_tape/efficientnetb0/block2b_dwconv/depthwise/DepthwiseConv2dNativeBackpropFilter,2,248.833,124.4165,248.833,124.4165,0.0017907339934613775,0.6229146203035537,0.0,0.0
48,Device,AddN,SGD/gradients/AddN_21,2,243.714,121.857,243.714,121.857,0.001753894959601203,0.6246685152631549,0.0,0.0
49,Device,Conv2DBackpropFilter,gradient_tape/efficientnetb0/block6a_expand_conv/Conv2D/Conv2DBackpropFilter,2,243.713,121.8565,243.713,121.8565,0.0017538877630718299,0.6264224030262268,0.0,0.0
50,Device,Conv2DBackpropFilter,gradient_tape/efficientnetb0/block5b_expand_conv/Conv2D/Conv2DBackpropFilter,2,242.688,121.344,242.688,121.344,0.0017465113204645475,0.6281689143466913,0.0,0.0
51,Device,Conv2DBackpropFilter,gradient_tape/efficientnetb0/block5c_expand_conv/Conv2D/Conv2DBackpropFilter,2,240.641,120.3205,240.641,120.3205,0.0017317800248381014,0.6299006943715294,0.0,0.0
52,Device,Mul,SGD/gradients/mul_117,2,238.594,119.297,238.594,119.297,0.0017170487292116556,0.631617743100741,0.0,0.0
53,Device,Mul,SGD/gradients/mul_124,2,238.593,119.2965,238.593,119.2965,0.0017170415326822825,0.6333347846334233,0.0,0.0
54,Device,Mul,SGD/gradients/mul_126,2,238.593,119.2965,238.593,119.2965,0.0017170415326822825,0.6350518261661056,0.0,0.0
55,Device,DepthwiseConv2dNativeBackpropInput,gradient_tape/efficientnetb0/block3b_dwconv/depthwise/DepthwiseConv2dNativeBackpropInput,2,238.593,119.2965,238.593,119.2965,0.0017170415326822825,0.6367688676987878,0.0,0.0
56,Device,Mul,SGD/gradients/mul_127,2,238.592,119.296,238.592,119.296,0.0017170343361529096,0.6384859020349407,0.0,0.0
57,Device,Mul,SGD/gradients/mul_119,2,237.57,118.785,237.57,118.785,0.001709679483133746,0.6401955815180744,0.0,0.0
58,Device,Mul,SGD/gradients/mul_128,2,237.57,118.785,237.57,118.785,0.001709679483133746,0.6419052610012081,0.0,0.0
59,Device,Mul,SGD/gradients/mul_123,2,236.546,118.273,236.546,118.273,0.0017023102370558366,0.643607571238264,0.0,0.0
60,Device,Mul,SGD/gradients/mul_118,2,236.544,118.272,236.544,118.272,0.0017022958439970907,0.645309867082261,0.0,0.0
61,Device,Mul,gradient_tape/efficientnetb0/block2b_se_excite/mul/Mul_1,2,236.544,118.272,236.544,118.272,0.0017022958439970907,0.6470121629262581,0.0,0.0
62,Device,Mul,SGD/gradients/mul_125,2,235.521,117.7605,235.521,117.7605,0.001694933794448554,0.6487070967207066,0.0,0.0
63,Device,Mul,efficientnetb0/block2b_activation/mul,2,235.521,117.7605,235.521,117.7605,0.001694933794448554,0.6504020305151551,0.0,0.0
64,Device,Mul,efficientnetb0/block3a_expand_activation/mul,2,235.521,117.7605,235.521,117.7605,0.001694933794448554,0.6520969643096036,0.0,0.0
65,Device,Mul,efficientnetb0/block2b_expand_activation/mul,2,234.497,117.2485,234.497,117.2485,0.0016875645483706448,0.6537845288579742,0.0,0.0
66,Device,Conv2DBackpropFilter,gradient_tape/efficientnetb0/stem_conv/Conv2D/Conv2DBackpropFilter,2,229.377,114.6885,229.377,114.6885,0.0016507183179810972,0.6554352471759554,0.0,0.0
67,Device,DepthwiseConv2dNativeBackpropFilter,gradient_tape/efficientnetb0/block1a_dwconv/depthwise/DepthwiseConv2dNativeBackpropFilter,2,218.113,109.0565,218.113,109.0565,0.001569656611124093,0.6570049037870794,0.0,0.0
68,Device,AddN,SGD/gradients/AddN_24,2,218.112,109.056,218.112,109.056,0.0015696494145947199,0.6585745532016741,0.0,0.0
69,Device,Pad,efficientnetb0/block3a_dwconv_pad/Pad,2,215.04,107.52,215.04,107.52,0.0015475416763609915,0.6601220948780351,0.0,0.0
70,Device,DepthwiseConv2dNativeBackpropInput,gradient_tape/efficientnetb0/block6a_dwconv/depthwise/DepthwiseConv2dNativeBackpropInput,2,214.017,107.0085,214.017,107.0085,0.0015401796268124548,0.6616622745048475,0.0,0.0
71,Device,Mul,SGD/gradients/mul_142,2,211.969,105.9845,211.969,105.9845,0.0015254411346566359,0.6631877156395042,0.0,0.0
72,Device,DepthwiseConv2dNative,efficientnetb0/block3a_dwconv/depthwise,2,211.969,105.9845,211.969,105.9845,0.0015254411346566359,0.6647131567741609,0.0,0.0
73,Device,Mul,SGD/gradients/mul_141,2,210.945,105.4725,210.945,105.4725,0.0015180718885787264,0.6662312286627396,0.0,0.0
74,Device,Mul,SGD/gradients/mul_143,2,210.945,105.4725,210.945,105.4725,0.0015180718885787264,0.6677493005513184,0.0,0.0
75,Device,Mul,efficientnetb0/block1a_activation/mul,2,210.945,105.4725,210.945,105.4725,0.0015180718885787264,0.6692673724398972,0.0,0.0
76,Device,Mul,efficientnetb0/stem_activation/mul,2,210.945,105.4725,210.945,105.4725,0.0015180718885787264,0.670785444328476,0.0,0.0
77,Device,Mul,SGD/gradients/mul_146,2,210.944,105.472,210.944,105.472,0.0015180646920493535,0.6723035090205254,0.0,0.0
78,Device,Mul,gradient_tape/efficientnetb0/block1a_se_excite/mul/Mul_1,2,209.921,104.9605,209.921,104.9605,0.001510702642500817,0.6738142116630262,0.0,0.0
79,Device,Mul,SGD/gradients/mul_144,2,209.92,104.96,209.92,104.96,0.001510695445971444,0.6753249071089977,0.0,0.0
80,Device,Mul,SGD/gradients/mul_145,2,209.92,104.96,209.92,104.96,0.001510695445971444,0.6768356025549692,0.0,0.0
81,Device,FusedBatchNormV3,efficientnetb0/block1a_project_bn/FusedBatchNormV3,4,208.896,52.224,208.896,52.224,0.0015033261998935346,0.6783389287548628,0.0,0.0
82,Device,Conv2DBackpropFilter,gradient_tape/efficientnetb0/block2b_project_conv/Conv2D/Conv2DBackpropFilter,2,203.776,101.888,203.776,101.888,0.0014664799695039872,0.6798054087243668,0.0,0.0
83,Device,Conv2DBackpropInput,gradient_tape/efficientnetb0/top_conv/Conv2D/Conv2DBackpropInput,4,200.704,50.176,200.704,50.176,0.0014443722312702588,0.681249780955637,0.0,0.0
84,Device,Conv2DBackpropInput,gradient_tape/efficientnetb0/block7a_expand_conv/Conv2D/Conv2DBackpropInput,4,196.608,49.152,196.608,49.152,0.0014148952469586209,0.6826646762025956,0.0,0.0
85,Device,Slice,gradient_tape/efficientnetb0/block3a_dwconv_pad/Slice_1,2,194.562,97.281,194.562,97.281,0.0014001711478615478,0.6840648473504571,0.0,0.0
86,Device,Conv2DBackpropInput,gradient_tape/efficientnetb0/block6b_expand_conv/Conv2D/Conv2DBackpropInput,4,194.56,48.64,194.56,48.64,0.001400156754802802,0.6854650041052599,0.0,0.0
87,Device,Conv2DBackpropInput,gradient_tape/efficientnetb0/block6d_expand_conv/Conv2D/Conv2DBackpropInput,4,193.538,48.3845,193.538,48.3845,0.0013928019017836384,0.6868578060070435,0.0,0.0
88,Device,Conv2DBackpropInput,gradient_tape/efficientnetb0/block6c_expand_conv/Conv2D/Conv2DBackpropInput,4,190.464,47.616,190.464,47.616,0.0013706797704911638,0.6882284857775347,0.0,0.0
89,Device,DepthwiseConv2dNativeBackpropFilter,gradient_tape/efficientnetb0/block3b_dwconv/depthwise/DepthwiseConv2dNativeBackpropFilter,2,185.344,92.672,185.344,92.672,0.0013338335401016164,0.6895623193176363,0.0,0.0
90,Device,Conv2D,efficientnetb0/stem_conv/Conv2D,2,173.057,86.5285,173.057,86.5285,0.0012454097836960755,0.6908077291013324,0.0,0.0
91,Device,Conv2D,efficientnetb0/block7a_project_conv/Conv2D,2,173.056,86.528,173.056,86.528,0.0012454025871667027,0.692053131688499,0.0,0.0
92,Device,FusedBatchNormGradV3,gradient_tape/efficientnetb0/block3b_bn/FusedBatchNormGradV3,2,169.985,84.9925,169.985,84.9925,0.0012233020454623473,0.6932764337339614,0.0,0.0
93,Device,FusedBatchNormGradV3,gradient_tape/efficientnetb0/block4a_expand_bn/FusedBatchNormGradV3,2,168.962,84.481,168.962,84.481,0.0012159399959138105,0.6944923737298753,0.0,0.0
94,Device,FusedBatchNormGradV3,gradient_tape/efficientnetb0/block3b_expand_bn/FusedBatchNormGradV3,2,168.961,84.4805,168.961,84.4805,0.0012159327993844378,0.6957083065292597,0.0,0.0
95,Device,Sigmoid,SGD/gradients/Sigmoid_41,2,166.912,83.456,166.912,83.456,0.0012011871106992458,0.696909493639959,0.0,0.0
96,Device,AddN,SGD/gradients/AddN_23,2,165.889,82.9445,165.889,82.9445,0.0011938250611507094,0.6981033187011098,0.0,0.0
97,Device,Transpose,SGD/gradients/AddN_21-1-TransposeNHWCToNCHW-LayoutOptimizer,2,165.888,82.944,165.888,82.944,0.0011938178646213363,0.6992971365657311,0.0,0.0
98,Device,Mul,gradient_tape/efficientnetb0/block2b_se_excite/mul/Mul,2,164.866,82.433,164.866,82.433,0.0011864630116021728,0.7004835995773333,0.0,0.0
99,Device,DepthwiseConv2dNative,efficientnetb0/block2b_dwconv/depthwise,2,164.865,82.4325,164.865,82.4325,0.0011864558150728,0.7016700553924061,0.0,0.0
100,Device,Sigmoid,efficientnetb0/block3a_expand_activation/Sigmoid,2,164.865,82.4325,164.865,82.4325,0.0011864558150728,0.7028565112074789,0.0,0.0
101,Device,Sigmoid,efficientnetb0/block2b_expand_activation/Sigmoid,2,164.864,82.432,164.864,82.432,0.0011864486185434269,0.7040429598260224,0.0,0.0
102,Device,Sigmoid,SGD/gradients/Sigmoid_42,2,163.841,81.9205,163.841,81.9205,0.0011790865689948902,0.7052220463950173,0.0,0.0
103,Device,Sigmoid,efficientnetb0/block2b_activation/Sigmoid,2,163.841,81.9205,163.841,81.9205,0.0011790865689948902,0.7064011329640122,0.0,0.0
104,Device,Transpose,efficientnetb0/block2b_activation/mul-0-3-TransposeNCHWToNHWC-LayoutOptimizer,2,163.84,81.92,163.84,81.92,0.0011790793724655174,0.7075802123364777,0.0,0.0
105,Device,FusedBatchNormV3,efficientnetb0/block2a_bn/FusedBatchNormV3,4,162.818,40.7045,162.818,40.7045,0.0011717245194463538,0.7087519368559241,0.0,0.0
106,Device,Sigmoid,SGD/gradients/Sigmoid_39,2,162.816,81.408,162.816,81.408,0.001171710126387608,0.7099236469823117,0.0,0.0
107,Device,Mul,gradient_tape/efficientnetb0/block2a_se_excite/mul/Mul_1,2,160.769,80.3845,160.769,80.3845,0.0011569788307611618,0.7110806258130729,0.0,0.0
108,Device,AddV2,SGD/gradients/add_41,2,160.768,80.384,160.768,80.384,0.001156971634231789,0.7122375974473046,0.0,0.0
109,Device,Sub,SGD/gradients/sub_41,2,160.768,80.384,160.768,80.384,0.001156971634231789,0.7133945690815364,0.0,0.0
110,Device,Sub,SGD/gradients/sub_42,2,160.768,80.384,160.768,80.384,0.001156971634231789,0.7145515407157682,0.0,0.0
111,Device,AddV2,SGD/gradients/add_42,2,159.745,79.8725,159.745,79.8725,0.0011496095846832523,0.7157011503004514,0.0,0.0
112,Device,Mul,SGD/gradients/mul_132,2,159.745,79.8725,159.745,79.8725,0.0011496095846832523,0.7168507598851347,0.0,0.0
113,Device,DepthwiseConv2dNativeBackpropInput,gradient_tape/efficientnetb0/block5c_dwconv/depthwise/DepthwiseConv2dNativeBackpropInput,2,159.745,79.8725,159.745,79.8725,0.0011496095846832523,0.7180003694698179,0.0,0.0
114,Device,Mul,SGD/gradients/mul_133,2,159.744,79.872,159.744,79.872,0.0011496023881538795,0.7191499718579718,0.0,0.0
115,Device,Sub,SGD/gradients/sub_39,2,159.744,79.872,159.744,79.872,0.0011496023881538795,0.7202995742461257,0.0,0.0
116,Device,DepthwiseConv2dNativeBackpropInput,gradient_tape/efficientnetb0/block5b_dwconv/depthwise/DepthwiseConv2dNativeBackpropInput,2,159.744,79.872,159.744,79.872,0.0011496023881538795,0.7214491766342795,0.0,0.0
117,Device,Conv2DBackpropFilter,gradient_tape/efficientnetb0/block3b_project_conv/Conv2D/Conv2DBackpropFilter,2,158.722,79.361,158.722,79.361,0.001142247535134716,0.7225914241694142,0.0,0.0
118,Device,AddV2,SGD/gradients/add_39,2,158.72,79.36,158.72,79.36,0.00114223314207597,0.7237336573114902,0.0,0.0
119,Device,Mul,SGD/gradients/mul_134,2,158.72,79.36,158.72,79.36,0.00114223314207597,0.7248758904535662,0.0,0.0
120,Device,Mul,efficientnetb0/block2a_activation/mul,2,158.72,79.36,158.72,79.36,0.00114223314207597,0.7260181235956421,0.0,0.0
121,Device,RealDiv,gradient_tape/efficientnetb0/block2b_se_squeeze/truediv,2,158.72,79.36,158.72,79.36,0.00114223314207597,0.7271603567377181,0.0,0.0
122,Device,Mul,efficientnetb0/block2b_se_excite/mul,2,156.673,78.3365,156.673,78.3365,0.001127501846449524,0.7282878585841676,0.0,0.0
123,Device,Conv2D,efficientnetb0/block2b_expand_conv/Conv2D,2,155.648,77.824,155.648,77.824,0.0011201254038422414,0.7294079839880098,0.0,0.0
124,Device,Conv2D,efficientnetb0/block3a_expand_conv/Conv2D,2,154.626,77.313,154.626,77.313,0.001112770550823078,0.7305207545388328,0.0,0.0
125,Device,Conv2D,efficientnetb0/block6d_project_conv/Conv2D,4,154.625,38.65625,154.625,38.65625,0.001112763354293705,0.7316335178931265,0.0,0.0
126,Device,Conv2D,efficientnetb0/block6c_project_conv/Conv2D,4,152.576,38.144,152.576,38.144,0.001098017665608513,0.7327315355587349,0.0,0.0
127,Device,Conv2DBackpropFilter,gradient_tape/efficientnetb0/block5b_project_conv/Conv2D/Conv2DBackpropFilter,4,151.553,37.88825,151.553,37.88825,0.0010906556160599765,0.7338221911747949,0.0,0.0
128,Device,Conv2D,efficientnetb0/block6b_project_conv/Conv2D,4,151.552,37.888,151.552,37.888,0.0010906484195306035,0.7349128395943254,0.0,0.0
129,Device,DepthwiseConv2dNativeBackpropFilter,gradient_tape/efficientnetb0/block6a_dwconv/depthwise/DepthwiseConv2dNativeBackpropFilter,2,151.552,75.776,151.552,75.776,0.0010906484195306035,0.736003488013856,0.0,0.0
130,Device,DepthwiseConv2dNative,efficientnetb0/block1a_dwconv/depthwise,2,150.529,75.2645,150.529,75.2645,0.001083286369982067,0.7370867743838381,0.0,0.0
131,Device,Conv2DBackpropInput,gradient_tape/efficientnetb0/block2b_project_conv/Conv2D/Conv2DBackpropInput,2,150.528,75.264,150.528,75.264,0.001083279173452694,0.7381700535572908,0.0,0.0
132,Device,Conv2DBackpropFilter,gradient_tape/efficientnetb0/block5c_project_conv/Conv2D/Conv2DBackpropFilter,4,149.505,37.37625,149.505,37.37625,0.0010759171239041576,0.739245970681195,0.0,0.0
133,Device,Sigmoid,efficientnetb0/block1a_activation/Sigmoid,2,147.457,73.7285,147.457,73.7285,0.0010611786317483386,0.7403071493129434,0.0,0.0
134,Device,Sigmoid,SGD/gradients/Sigmoid_47,2,147.456,73.728,147.456,73.728,0.0010611714352189655,0.7413683207481624,0.0,0.0
135,Device,Sigmoid,efficientnetb0/stem_activation/Sigmoid,2,146.432,73.216,146.432,73.216,0.001053802189141056,0.7424221229373035,0.0,0.0
136,Device,Mul,gradient_tape/efficientnetb0/block1a_se_excite/mul/Mul,2,146.432,73.216,146.432,73.216,0.001053802189141056,0.7434759251264446,0.0,0.0
137,Device,Transpose,SGD/gradients/AddN_24-1-TransposeNHWCToNCHW-LayoutOptimizer,2,145.409,72.7045,145.409,72.7045,0.0010464401395925194,0.7445223652660371,0.0,0.0
138,Device,Transpose,efficientnetb0/block1a_activation/mul-0-3-TransposeNCHWToNHWC-LayoutOptimizer,2,144.384,72.192,144.384,72.192,0.0010390636969852371,0.7455614289630224,0.0,0.0
139,Device,Sub,SGD/gradients/sub_47,2,143.361,71.6805,143.361,71.6805,0.0010317016474367005,0.7465931306104591,0.0,0.0
140,Device,Sub,SGD/gradients/sub_48,2,143.36,71.68,143.36,71.68,0.0010316944509073279,0.7476248250613664,0.0,0.0
141,Device,AddV2,SGD/gradients/add_48,2,141.314,70.657,141.314,70.657,0.0010169703518102546,0.7486417954131767,0.0,0.0
142,Device,AddV2,SGD/gradients/add_47,2,141.312,70.656,141.312,70.656,0.0010169559587515087,0.7496587513719282,0.0,0.0
143,Device,RealDiv,gradient_tape/efficientnetb0/block1a_se_squeeze/truediv,2,141.312,70.656,141.312,70.656,0.0010169559587515087,0.7506757073306797,0.0,0.0
144,Device,Mul,efficientnetb0/block1a_se_excite/mul,2,139.265,69.6325,139.265,69.6325,0.0010022246631250626,0.7516779319938047,0.0,0.0
145,Device,DepthwiseConv2dNative,efficientnetb0/block6a_dwconv/depthwise,2,137.217,68.6085,137.217,68.6085,0.0009874861709692438,0.752665418164774,0.0,0.0
146,Device,Conv2DBackpropFilter,gradient_tape/efficientnetb0/block4c_expand_conv/Conv2D/Conv2DBackpropFilter,2,136.193,68.0965,136.193,68.0965,0.0009801169248913344,0.7536455350896653,0.0,0.0
147,Device,Conv2DBackpropFilter,gradient_tape/efficientnetb0/block4b_expand_conv/Conv2D/Conv2DBackpropFilter,2,135.168,67.584,135.168,67.584,0.0009727404822840518,0.7546182755719493,0.0,0.0
148,Device,Conv2DBackpropFilter,gradient_tape/efficientnetb0/block5a_expand_conv/Conv2D/Conv2DBackpropFilter,2,135.168,67.584,135.168,67.584,0.0009727404822840518,0.7555910160542333,0.0,0.0
149,Device,DepthwiseConv2dNative,efficientnetb0/block5b_dwconv/depthwise,2,133.12,66.56,133.12,66.56,0.0009580019901282329,0.7565490180443615,0.0,0.0
150,Device,DepthwiseConv2dNative,efficientnetb0/block5c_dwconv/depthwise,2,133.12,66.56,133.12,66.56,0.0009580019901282329,0.7575070200344897,0.0,0.0
151,Device,Conv2DBackpropInput,gradient_tape/efficientnetb0/block2b_expand_conv/Conv2D/Conv2DBackpropInput,2,133.12,66.56,133.12,66.56,0.0009580019901282329,0.7584650220246179,0.0,0.0
152,Device,Conv2DBackpropFilter,gradient_tape/efficientnetb0/top_conv/Conv2D/Conv2DBackpropFilter,2,132.098,66.049,132.098,66.049,0.0009506471371090693,0.7594156691617269,0.0,0.0
153,Device,Sigmoid,SGD/gradients/Sigmoid_48,2,132.097,66.0485,132.097,66.0485,0.0009506399405796964,0.7603663091023065,0.0,0.0
154,Device,Conv2DBackpropFilter,gradient_tape/efficientnetb0/block3a_project_conv/Conv2D/Conv2DBackpropFilter,2,132.097,66.0485,132.097,66.0485,0.0009506399405796964,0.7613169490428862,0.0,0.0
155,Device,Pad,efficientnetb0/block6a_dwconv_pad/Pad,2,132.096,66.048,132.096,66.048,0.0009506327440503234,0.7622675817869364,0.0,0.0
156,Device,SoftmaxCrossEntropyWithLogits,categorical_crossentropy/softmax_cross_entropy_with_logits,2,131.072,65.536,131.072,65.536,0.0009432634979724139,0.7632108452849089,0.0,0.0
157,Device,DepthwiseConv2dNativeBackpropInput,gradient_tape/efficientnetb0/block4a_dwconv/depthwise/DepthwiseConv2dNativeBackpropInput,2,131.072,65.536,131.072,65.536,0.0009432634979724139,0.7641541087828814,0.0,0.0
158,Device,Conv2D,efficientnetb0/block1a_project_conv/Conv2D,2,130.048,65.024,130.048,65.024,0.0009358942518945044,0.7650900030347759,0.0,0.0
159,Device,Conv2DBackpropFilter,gradient_tape/efficientnetb0/block3b_expand_conv/Conv2D/Conv2DBackpropFilter,2,130.048,65.024,130.048,65.024,0.0009358942518945044,0.7660258972866705,0.0,0.0
160,Device,Conv2DBackpropInput,gradient_tape/efficientnetb0/block3a_expand_conv/Conv2D/Conv2DBackpropInput,2,129.024,64.512,129.024,64.512,0.0009285250058165949,0.7669544222924871,0.0,0.0
161,Device,Conv2DBackpropInput,gradient_tape/efficientnetb0/block5b_expand_conv/Conv2D/Conv2DBackpropInput,4,129.024,32.256,129.024,32.256,0.0009285250058165949,0.7678829472983038,0.0,0.0
162,Device,Conv2DBackpropInput,gradient_tape/efficientnetb0/block6a_expand_conv/Conv2D/Conv2DBackpropInput,4,129.024,32.256,129.024,32.256,0.0009285250058165949,0.7688114723041204,0.0,0.0
163,Device,Conv2DBackpropInput,gradient_tape/efficientnetb0/block1a_project_conv/Conv2D/Conv2DBackpropInput,2,128.001,64.0005,128.001,64.0005,0.0009211629562680584,0.7697326352603885,0.0,0.0
164,Device,Conv2DBackpropInput,gradient_tape/efficientnetb0/block5c_expand_conv/Conv2D/Conv2DBackpropInput,4,126.976,31.744,126.976,31.744,0.0009137865136607759,0.7706464217740493,0.0,0.0
165,Device,Conv2DBackpropFilter,gradient_tape/efficientnetb0/block4a_expand_conv/Conv2D/Conv2DBackpropFilter,2,124.928,62.464,124.928,62.464,0.0008990480215049569,0.7715454697955543,0.0,0.0
166,Device,Conv2D,efficientnetb0/block2b_project_conv/Conv2D,2,120.832,60.416,120.832,60.416,0.000869571037193319,0.7724150408327476,0.0,0.0
167,Device,Conv2DBackpropInput,gradient_tape/efficientnetb0/block7a_project_conv/Conv2D/Conv2DBackpropInput,2,119.809,59.9045,119.809,59.9045,0.0008622089876447825,0.7732772498203924,0.0,0.0
168,Device,DepthwiseConv2dNativeBackpropInput,gradient_tape/efficientnetb0/block5a_dwconv/depthwise/DepthwiseConv2dNativeBackpropInput,2,117.76,58.88,117.76,58.88,0.0008474632989595906,0.7741247131193519,0.0,0.0
169,Device,Conv2DBackpropFilter,gradient_tape/efficientnetb0/block7a_project_conv/Conv2D/Conv2DBackpropFilter,2,117.76,58.88,117.76,58.88,0.0008474632989595906,0.7749721764183115,0.0,0.0
170,Device,Conv2D,efficientnetb0/top_conv/Conv2D,2,114.69,57.345,114.69,57.345,0.000825369953784608,0.7757975463720961,0.0,0.0
171,Device,Conv2DBackpropInput,gradient_tape/efficientnetb0/block6b_se_expand/Conv2D/Conv2DBackpropInput,4,114.688,28.672,114.688,28.672,0.0008253555607258622,0.7766229019328219,0.0,0.0
172,Device,Conv2DBackpropInput,gradient_tape/efficientnetb0/block6c_se_expand/Conv2D/Conv2DBackpropInput,4,114.688,28.672,114.688,28.672,0.0008253555607258622,0.7774482574935477,0.0,0.0
173,Device,Conv2DBackpropInput,gradient_tape/efficientnetb0/block7a_se_expand/Conv2D/Conv2DBackpropInput,4,114.688,28.672,114.688,28.672,0.0008253555607258622,0.7782736130542736,0.0,0.0
174,Device,Conv2DBackpropInput,gradient_tape/efficientnetb0/block6d_se_expand/Conv2D/Conv2DBackpropInput,4,112.64,28.16,112.64,28.16,0.0008106170685700432,0.7790842301228436,0.0,0.0
175,Device,Sigmoid,SGD/gradients/Sigmoid_44,2,111.616,55.808,111.616,55.808,0.0008032478224921336,0.7798874779453356,0.0,0.0
176,Device,Sigmoid,efficientnetb0/block2a_activation/Sigmoid,2,111.616,55.808,111.616,55.808,0.0008032478224921336,0.7806907257678277,0.0,0.0
177,Device,Conv2DBackpropFilter,gradient_tape/efficientnetb0/block5a_project_conv/Conv2D/Conv2DBackpropFilter,4,111.616,27.904,111.616,27.904,0.0008032478224921336,0.7814939735903198,0.0,0.0
178,Device,Conv2DBackpropInput,gradient_tape/efficientnetb0/block2a_project_conv/Conv2D/Conv2DBackpropInput,2,110.592,55.296,110.592,55.296,0.0007958785764142242,0.7822898521667341,0.0,0.0
179,Device,Mul,gradient_tape/efficientnetb0/block2a_se_excite/mul/Mul,2,110.592,55.296,110.592,55.296,0.0007958785764142242,0.7830857307431484,0.0,0.0
180,Device,Transpose,SGD/gradients/AddN_23-1-TransposeNHWCToNCHW-LayoutOptimizer,2,109.569,54.7845,109.569,54.7845,0.0007885165268656876,0.7838742472700141,0.0,0.0
181,Device,Conv2D,efficientnetb0/block6c_se_reduce/Conv2D,4,109.569,27.39225,109.569,27.39225,0.0007885165268656876,0.7846627637968798,0.0,0.0
182,Device,Conv2D,efficientnetb0/block6d_se_reduce/Conv2D,4,109.569,27.39225,109.569,27.39225,0.0007885165268656876,0.7854512803237456,0.0,0.0
183,Device,Conv2DBackpropFilter,gradient_tape/efficientnetb0/block4c_project_conv/Conv2D/Conv2DBackpropFilter,4,109.569,27.39225,109.569,27.39225,0.0007885165268656876,0.7862397968506113,0.0,0.0
184,Device,Conv2DBackpropFilter,gradient_tape/efficientnetb0/block4b_project_conv/Conv2D/Conv2DBackpropFilter,4,108.545,27.13625,108.545,27.13625,0.0007811472807877782,0.7870209441313991,0.0,0.0
185,Device,Sub,SGD/gradients/sub_44,2,108.544,54.272,108.544,54.272,0.0007811400842584052,0.7878020842156576,0.0,0.0
186,Device,Transpose,efficientnetb0/block2a_activation/mul-0-3-TransposeNCHWToNHWC-LayoutOptimizer,2,108.544,54.272,108.544,54.272,0.0007811400842584052,0.788583224299916,0.0,0.0
187,Device,Conv2D,efficientnetb0/block7a_se_reduce/Conv2D,4,107.52,26.88,107.52,26.88,0.0007737708381804957,0.7893569951380965,0.0,0.0
188,Device,AddV2,SGD/gradients/add_44,2,106.497,53.2485,106.497,53.2485,0.0007664087886319592,0.7901234039267285,0.0,0.0
189,Device,Conv2D,efficientnetb0/block6b_se_reduce/Conv2D,4,106.497,26.62425,106.497,26.62425,0.0007664087886319592,0.7908898127153605,0.0,0.0
190,Device,Mul,efficientnetb0/block2a_se_excite/mul,2,104.449,52.2245,104.449,52.2245,0.0007516702964761403,0.7916414830118367,0.0,0.0
191,Device,RealDiv,gradient_tape/efficientnetb0/block2a_se_squeeze/truediv,2,104.448,52.224,104.448,52.224,0.0007516630999467673,0.7923931461117835,0.0,0.0
192,Device,AddN,SGD/gradients/AddN_18,2,102.401,51.2005,102.401,51.2005,0.0007369318043203213,0.7931300779161038,0.0,0.0
193,Device,Mul,SGD/gradients/mul_100,2,102.4,51.2,102.4,51.2,0.0007369246077909483,0.7938670025238947,0.0,0.0
194,Device,Conv2D,efficientnetb0/block2a_project_conv/Conv2D,2,102.4,51.2,102.4,51.2,0.0007369246077909483,0.7946039271316857,0.0,0.0
195,Device,Conv2D,efficientnetb0/block5b_project_conv/Conv2D,2,102.4,51.2,102.4,51.2,0.0007369246077909483,0.7953408517394767,0.0,0.0
196,Device,Conv2D,efficientnetb0/block5c_project_conv/Conv2D,2,102.4,51.2,102.4,51.2,0.0007369246077909483,0.7960777763472676,0.0,0.0
197,Device,Mul,gradient_tape/efficientnetb0/block3b_se_excite/mul/Mul_1,2,102.4,51.2,102.4,51.2,0.0007369246077909483,0.7968147009550586,0.0,0.0
198,Device,Mul,SGD/gradients/mul_107,2,101.377,50.6885,101.377,50.6885,0.0007295625582424117,0.797544263513301,0.0,0.0
199,Device,Mul,SGD/gradients/mul_110,2,101.377,50.6885,101.377,50.6885,0.0007295625582424117,0.7982738260715434,0.0,0.0
200,Device,Mul,SGD/gradients/mul_105,2,101.376,50.688,101.376,50.688,0.0007295553617130389,0.7990033814332564,0.0,0.0
201,Device,Mul,SGD/gradients/mul_106,2,101.376,50.688,101.376,50.688,0.0007295553617130389,0.7997329367949695,0.0,0.0
202,Device,Mul,SGD/gradients/mul_109,2,101.376,50.688,101.376,50.688,0.0007295553617130389,0.8004624921566825,0.0,0.0
203,Device,Mul,SGD/gradients/mul_99,2,101.376,50.688,101.376,50.688,0.0007295553617130389,0.8011920475183956,0.0,0.0
204,Device,Mul,SGD/gradients/mul_101,2,100.352,50.176,100.352,50.176,0.0007221861156351294,0.8019142336340307,0.0,0.0
205,Device,Mul,SGD/gradients/mul_108,2,100.352,50.176,100.352,50.176,0.0007221861156351294,0.8026364197496658,0.0,0.0
206,Device,DepthwiseConv2dNative,efficientnetb0/block3b_dwconv/depthwise,2,100.352,50.176,100.352,50.176,0.0007221861156351294,0.803358605865301,0.0,0.0
207,Device,Mul,efficientnetb0/block4a_expand_activation/mul,2,100.352,50.176,100.352,50.176,0.0007221861156351294,0.8040807919809361,0.0,0.0
208,Device,Conv2D,efficientnetb0/block6a_project_conv/Conv2D,4,100.352,25.088,100.352,25.088,0.0007221861156351294,0.8048029780965712,0.0,0.0
209,Device,Mul,efficientnetb0/block3b_activation/mul,2,99.329,49.6645,99.329,49.6645,0.0007148240660865928,0.8055178021626578,0.0,0.0
210,Device,Mul,efficientnetb0/block3b_expand_activation/mul,2,99.328,49.664,99.328,49.664,0.0007148168695572199,0.806232619032215,0.0,0.0
211,Device,FusedBatchNormGradV3,gradient_tape/efficientnetb0/block2b_project_bn/FusedBatchNormGradV3,2,97.281,48.6405,97.281,48.6405,0.0007000855739307739,0.8069327046061457,0.0,0.0
212,Device,Pad,efficientnetb0/block4a_dwconv_pad/Pad,2,97.28,48.64,97.28,48.64,0.000700078377401401,0.8076327829835471,0.0,0.0
213,Device,Mean,efficientnetb0/block2b_se_squeeze/Mean,2,96.257,48.1285,96.257,48.1285,0.0006927163278528644,0.8083254993114,0.0,0.0
214,Device,DepthwiseConv2dNative,efficientnetb0/block5a_dwconv/depthwise,2,96.256,48.128,96.256,48.128,0.0006927091313234915,0.8090182084427234,0.0,0.0
215,Device,Conv2DBackpropFilter,gradient_tape/efficientnetb0/block7a_expand_conv/Conv2D/Conv2DBackpropFilter,2,96.256,48.128,96.256,48.128,0.0006927091313234915,0.8097109175740469,0.0,0.0
216,Device,FusedBatchNormGradV3,gradient_tape/efficientnetb0/block2a_project_bn/FusedBatchNormGradV3,2,95.232,47.616,95.232,47.616,0.0006853398852455819,0.8103962574592924,0.0,0.0
217,Device,Conv2DBackpropInput,gradient_tape/efficientnetb0/block4c_expand_conv/Conv2D/Conv2DBackpropInput,4,95.232,23.808,95.232,23.808,0.0006853398852455819,0.811081597344538,0.0,0.0
218,Device,Conv2DBackpropFilter,gradient_tape/efficientnetb0/block6c_expand_conv/Conv2D/Conv2DBackpropFilter,2,94.209,47.1045,94.209,47.1045,0.0006779778356970455,0.811759575180235,0.0,0.0
219,Device,Sum,gradient_tape/efficientnetb0/block2b_se_excite/mul/Sum_1,2,94.208,47.104,94.208,47.104,0.0006779706391676724,0.8124375458194026,0.0,0.0
220,Device,Conv2DBackpropInput,gradient_tape/efficientnetb0/block4b_expand_conv/Conv2D/Conv2DBackpropInput,4,94.208,23.552,94.208,23.552,0.0006779706391676724,0.8131155164585703,0.0,0.0
221,Device,Conv2DBackpropInput,gradient_tape/efficientnetb0/block5a_expand_conv/Conv2D/Conv2DBackpropInput,4,94.208,23.552,94.208,23.552,0.0006779706391676724,0.8137934870977379,0.0,0.0
222,Device,Conv2DBackpropFilter,gradient_tape/efficientnetb0/block6b_expand_conv/Conv2D/Conv2DBackpropFilter,2,94.208,47.104,94.208,47.104,0.0006779706391676724,0.8144714577369055,0.0,0.0
223,Device,Conv2DBackpropFilter,gradient_tape/efficientnetb0/block6d_expand_conv/Conv2D/Conv2DBackpropFilter,2,94.208,47.104,94.208,47.104,0.0006779706391676724,0.8151494283760732,0.0,0.0
224,Device,Conv2D,efficientnetb0/block4b_project_conv/Conv2D,4,92.161,23.04025,92.161,23.04025,0.0006632393435412264,0.8158126677196144,0.0,0.0
225,Device,Conv2DBackpropInput,gradient_tape/efficientnetb0/block5c_project_conv/Conv2D/Conv2DBackpropInput,2,92.16,46.08,92.16,46.08,0.0006632321470118535,0.8164758998666262,0.0,0.0
226,Device,Conv2DBackpropInput,gradient_tape/efficientnetb0/block5b_project_conv/Conv2D/Conv2DBackpropInput,2,90.112,45.056,90.112,45.056,0.0006484936548560345,0.8171243935214823,0.0,0.0
227,Device,Conv2DBackpropFilter,gradient_tape/efficientnetb0/block6b_project_conv/Conv2D/Conv2DBackpropFilter,2,90.112,45.056,90.112,45.056,0.0006484936548560345,0.8177728871763383,0.0,0.0
228,Device,Conv2DBackpropFilter,gradient_tape/efficientnetb0/block6c_project_conv/Conv2D/Conv2DBackpropFilter,2,90.112,45.056,90.112,45.056,0.0006484936548560345,0.8184213808311944,0.0,0.0
229,Device,Conv2DBackpropFilter,gradient_tape/efficientnetb0/block6d_project_conv/Conv2D/Conv2DBackpropFilter,2,90.112,45.056,90.112,45.056,0.0006484936548560345,0.8190698744860505,0.0,0.0
230,Device,Conv2D,efficientnetb0/block4c_project_conv/Conv2D,4,89.088,22.272,89.088,22.272,0.000641124408778125,0.8197109988948287,0.0,0.0
231,Device,Conv2D,efficientnetb0/block5c_expand_conv/Conv2D,2,87.04,43.52,87.04,43.52,0.0006263859166223061,0.820337384811451,0.0,0.0
232,Device,Conv2D,efficientnetb0/block6a_expand_conv/Conv2D,2,87.04,43.52,87.04,43.52,0.0006263859166223061,0.8209637707280734,0.0,0.0
233,Device,Mean,efficientnetb0/block1a_se_squeeze/Mean,2,86.016,43.008,86.016,43.008,0.0006190166705443966,0.8215827873986178,0.0,0.0
234,Device,FusedBatchNormGradV3,gradient_tape/efficientnetb0/block3a_bn/FusedBatchNormGradV3,2,86.016,43.008,86.016,43.008,0.0006190166705443966,0.8222018040691622,0.0,0.0
235,Device,Conv2DBackpropInput,gradient_tape/efficientnetb0/block6c_project_conv/Conv2D/Conv2DBackpropInput,2,86.016,43.008,86.016,43.008,0.0006190166705443966,0.8228208207397066,0.0,0.0
236,Device,Conv2D,efficientnetb0/block5b_expand_conv/Conv2D,2,84.993,42.4965,84.993,42.4965,0.0006116546209958601,0.8234324753607025,0.0,0.0
237,Device,Slice,gradient_tape/efficientnetb0/block4a_dwconv_pad/Slice_1,2,83.968,41.984,83.968,41.984,0.0006042781783885776,0.8240367535390911,0.0,0.0
238,Device,Conv2DBackpropInput,gradient_tape/efficientnetb0/block6b_project_conv/Conv2D/Conv2DBackpropInput,2,83.968,41.984,83.968,41.984,0.0006042781783885776,0.8246410317174797,0.0,0.0
239,Device,Sum,gradient_tape/efficientnetb0/block1a_se_excite/mul/Sum_1,2,82.944,41.472,82.944,41.472,0.0005969089323106682,0.8252379406497904,0.0,0.0
240,Device,Conv2D,efficientnetb0/block3b_project_conv/Conv2D,2,81.92,40.96,81.92,40.96,0.0005895396862327587,0.8258274803360232,0.0,0.0
241,Device,Conv2DBackpropInput,gradient_tape/efficientnetb0/block6d_project_conv/Conv2D/Conv2DBackpropInput,2,81.92,40.96,81.92,40.96,0.0005895396862327587,0.8264170200222559,0.0,0.0
242,Device,Conv2DBackpropInput,gradient_tape/efficientnetb0/block3b_expand_conv/Conv2D/Conv2DBackpropInput,2,80.896,40.448,80.896,40.448,0.0005821704401548492,0.8269991904624108,0.0,0.0
243,Device,Conv2DBackpropInput,gradient_tape/efficientnetb0/block5b_se_expand/Conv2D/Conv2DBackpropInput,4,79.873,19.96825,79.873,19.96825,0.0005748083906063127,0.8275739988530171,0.0,0.0
244,Device,Conv2D,efficientnetb0/block5a_project_conv/Conv2D,2,79.872,39.936,79.872,39.936,0.0005748011940769397,0.828148800047094,0.0,0.0
245,Device,Conv2DBackpropInput,gradient_tape/efficientnetb0/block3b_project_conv/Conv2D/Conv2DBackpropInput,2,79.872,39.936,79.872,39.936,0.0005748011940769397,0.828723601241171,0.0,0.0
246,Device,Conv2DBackpropInput,gradient_tape/efficientnetb0/block4a_expand_conv/Conv2D/Conv2DBackpropInput,2,79.872,39.936,79.872,39.936,0.0005748011940769397,0.8292984024352479,0.0,0.0
247,Device,Conv2DBackpropFilter,gradient_tape/efficientnetb0/block6a_project_conv/Conv2D/Conv2DBackpropFilter,4,78.849,19.71225,78.849,19.71225,0.0005674391445284032,0.8298658415797763,0.0,0.0
248,Device,Conv2DBackpropInput,gradient_tape/efficientnetb0/block6a_se_expand/Conv2D/Conv2DBackpropInput,4,78.848,19.712,78.848,19.712,0.0005674319479990302,0.8304332735277753,0.0,0.0
249,Device,Conv2D,efficientnetb0/block5b_se_reduce/Conv2D,4,77.825,19.45625,77.825,19.45625,0.0005600698984504938,0.8309933434262258,0.0,0.0
250,Device,Slice,gradient_tape/efficientnetb0/block6a_dwconv_pad/Slice_1,2,77.824,38.912,77.824,38.912,0.0005600627019211207,0.8315534061281469,0.0,0.0
251,Device,FusedBatchNormGradV3,gradient_tape/efficientnetb0/block5b_bn/FusedBatchNormGradV3,2,76.8,38.4,76.8,38.4,0.0005526934558432112,0.8321060995839901,0.0,0.0
252,Device,Transpose,gradient_tape/efficientnetb0/stem_conv/Conv2D/Conv2DBackpropFilter-0-TransposeNHWCToNCHW-LayoutOptimizer,2,76.8,38.4,76.8,38.4,0.0005526934558432112,0.8326587930398333,0.0,0.0
253,Device,FusedBatchNormGradV3,gradient_tape/efficientnetb0/block5c_expand_bn/FusedBatchNormGradV3,2,75.777,37.8885,75.777,37.8885,0.0005453314062946747,0.8332041244461279,0.0,0.0
254,Device,Conv2DBackpropInput,gradient_tape/efficientnetb0/block5c_se_expand/Conv2D/Conv2DBackpropInput,4,75.777,18.94425,75.777,18.94425,0.0005453314062946747,0.8337494558524225,0.0,0.0
255,Device,Conv2D,efficientnetb0/block7a_expand_conv/Conv2D,2,75.776,37.888,75.776,37.888,0.0005453242097653017,0.8342947800621878,0.0,0.0
256,Device,Conv2D,efficientnetb0/block5c_se_reduce/Conv2D,4,74.753,18.68825,74.753,18.68825,0.0005379621602167652,0.8348327422224046,0.0,0.0
257,Device,FusedBatchNormGradV3,gradient_tape/efficientnetb0/block5c_bn/FusedBatchNormGradV3,2,74.753,37.3765,74.753,37.3765,0.0005379621602167652,0.8353707043826213,0.0,0.0
258,Device,BroadcastTo,gradient_tape/efficientnetb0/block2b_se_squeeze/BroadcastTo,2,74.752,37.376,74.752,37.376,0.0005379549636873922,0.8359086593463086,0.0,0.0
259,Device,FusedBatchNormGradV3,gradient_tape/efficientnetb0/block5b_expand_bn/FusedBatchNormGradV3,2,74.752,37.376,74.752,37.376,0.0005379549636873922,0.836446614309996,0.0,0.0
260,Device,Mul,gradient_tape/efficientnetb0/block5c_se_excite/mul/Mul_1,2,73.729,36.8645,73.729,36.8645,0.0005305929141388557,0.8369772072241348,0.0,0.0
261,Device,Mul,SGD/gradients/mul_54,2,73.728,36.864,73.728,36.864,0.0005305857176094828,0.8375077929417443,0.0,0.0
262,Device,Conv2D,efficientnetb0/block6a_se_reduce/Conv2D,4,73.728,18.432,73.728,18.432,0.0005305857176094828,0.8380383786593537,0.0,0.0
263,Device,Conv2D,efficientnetb0/block6c_expand_conv/Conv2D,2,73.728,36.864,73.728,36.864,0.0005305857176094828,0.8385689643769632,0.0,0.0
264,Device,Mul,gradient_tape/efficientnetb0/block5b_se_excite/mul/Mul_1,2,73.728,36.864,73.728,36.864,0.0005305857176094828,0.8390995500945726,0.0,0.0
265,Device,Mul,SGD/gradients/mul_45,2,72.704,36.352,72.704,36.352,0.0005232164715315733,0.8396227665661041,0.0,0.0
266,Device,Mul,SGD/gradients/mul_53,2,72.704,36.352,72.704,36.352,0.0005232164715315733,0.8401459830376357,0.0,0.0
267,Device,Mul,SGD/gradients/mul_62,2,72.704,36.352,72.704,36.352,0.0005232164715315733,0.8406691995091672,0.0,0.0
268,Device,Conv2D,efficientnetb0/block4b_se_reduce/Conv2D,2,72.704,36.352,72.704,36.352,0.0005232164715315733,0.8411924159806987,0.0,0.0
269,Device,Conv2D,efficientnetb0/block5a_se_reduce/Conv2D,2,72.704,36.352,72.704,36.352,0.0005232164715315733,0.8417156324522302,0.0,0.0
270,Device,Conv2D,efficientnetb0/block6b_expand_conv/Conv2D,2,72.704,36.352,72.704,36.352,0.0005232164715315733,0.8422388489237618,0.0,0.0
271,Device,FusedBatchNormGradV3,gradient_tape/efficientnetb0/block6a_expand_bn/FusedBatchNormGradV3,2,72.704,36.352,72.704,36.352,0.0005232164715315733,0.8427620653952933,0.0,0.0
272,Device,Conv2DBackpropInput,gradient_tape/efficientnetb0/block6a_project_conv/Conv2D/Conv2DBackpropInput,2,72.704,36.352,72.704,36.352,0.0005232164715315733,0.8432852818668248,0.0,0.0
273,Device,Sigmoid,SGD/gradients/Sigmoid_35,2,71.681,35.8405,71.681,35.8405,0.0005158544219830368,0.8438011362888078,0.0,0.0
274,Device,Sigmoid,SGD/gradients/Sigmoid_36,2,71.681,35.8405,71.681,35.8405,0.0005158544219830368,0.8443169907107908,0.0,0.0
275,Device,Mul,SGD/gradients/mul_46,2,71.681,35.8405,71.681,35.8405,0.0005158544219830368,0.8448328451327738,0.0,0.0
276,Device,Mul,SGD/gradients/mul_51,2,71.681,35.8405,71.681,35.8405,0.0005158544219830368,0.8453486995547568,0.0,0.0
277,Device,Conv2D,efficientnetb0/block3b_expand_conv/Conv2D,2,71.681,35.8405,71.681,35.8405,0.0005158544219830368,0.8458645539767398,0.0,0.0
278,Device,Conv2D,efficientnetb0/block4c_se_reduce/Conv2D,2,71.681,35.8405,71.681,35.8405,0.0005158544219830368,0.8463804083987228,0.0,0.0
279,Device,Mul,SGD/gradients/mul_47,2,71.68,35.84,71.68,35.84,0.0005158472254536639,0.8468962556241764,0.0,0.0
280,Device,Mul,SGD/gradients/mul_56,2,71.68,35.84,71.68,35.84,0.0005158472254536639,0.84741210284963,0.0,0.0
281,Device,Mul,SGD/gradients/mul_65,2,71.68,35.84,71.68,35.84,0.0005158472254536639,0.8479279500750836,0.0,0.0
282,Device,Conv2D,efficientnetb0/block6d_expand_conv/Conv2D,2,71.68,35.84,71.68,35.84,0.0005158472254536639,0.8484437973005372,0.0,0.0
283,Device,Mul,SGD/gradients/mul_60,2,70.657,35.3285,70.657,35.3285,0.0005084851759051273,0.8489522824764424,0.0,0.0
284,Device,Mean,efficientnetb0/block2a_se_squeeze/Mean,2,70.657,35.3285,70.657,35.3285,0.0005084851759051273,0.8494607676523476,0.0,0.0
285,Device,Transpose,efficientnetb0/block3b_activation/mul-0-3-TransposeNCHWToNHWC-LayoutOptimizer,2,70.657,35.3285,70.657,35.3285,0.0005084851759051273,0.8499692528282528,0.0,0.0
286,Device,DepthwiseConv2dNativeBackpropInput,gradient_tape/efficientnetb0/block4b_dwconv/depthwise/DepthwiseConv2dNativeBackpropInput,2,70.657,35.3285,70.657,35.3285,0.0005084851759051273,0.8504777380041579,0.0,0.0
287,Device,Transpose,SGD/gradients/AddN_18-1-TransposeNHWCToNCHW-LayoutOptimizer,2,70.656,35.328,70.656,35.328,0.0005084779793757543,0.8509862159835337,0.0,0.0
288,Device,Mul,SGD/gradients/mul_61,2,70.656,35.328,70.656,35.328,0.0005084779793757543,0.8514946939629096,0.0,0.0
289,Device,Mul,SGD/gradients/mul_63,2,70.656,35.328,70.656,35.328,0.0005084779793757543,0.8520031719422854,0.0,0.0
290,Device,Conv2D,efficientnetb0/block4a_expand_conv/Conv2D,2,70.656,35.328,70.656,35.328,0.0005084779793757543,0.8525116499216612,0.0,0.0
291,Device,Mul,gradient_tape/efficientnetb0/block3b_se_excite/mul/Mul,2,70.656,35.328,70.656,35.328,0.0005084779793757543,0.853020127901037,0.0,0.0
292,Device,Sigmoid,SGD/gradients/Sigmoid_33,2,69.634,34.817,69.634,34.817,0.0005011231263565908,0.8535212510273936,0.0,0.0
293,Device,Mul,SGD/gradients/mul_64,2,69.634,34.817,69.634,34.817,0.0005011231263565908,0.8540223741537503,0.0,0.0
294,Device,DepthwiseConv2dNativeBackpropInput,gradient_tape/efficientnetb0/block4c_dwconv/depthwise/DepthwiseConv2dNativeBackpropInput,2,69.633,34.8165,69.633,34.8165,0.0005011159298272178,0.8545234900835775,0.0,0.0
295,Device,Mul,SGD/gradients/mul_52,2,69.632,34.816,69.632,34.816,0.0005011087332978449,0.8550245988168754,0.0,0.0
296,Device,Mul,SGD/gradients/mul_55,2,69.632,34.816,69.632,34.816,0.0005011087332978449,0.8555257075501733,0.0,0.0
297,Device,Conv2DBackpropFilter,gradient_tape/efficientnetb0/block4a_project_conv/Conv2D/Conv2DBackpropFilter,4,68.609,17.15225,68.609,17.15225,0.0004937466837493084,0.8560194542339227,0.0,0.0
298,Device,AddV2,SGD/gradients/add_36,2,68.608,34.304,68.608,34.304,0.0004937394872199354,0.8565131937211427,0.0,0.0
299,Device,BroadcastTo,gradient_tape/efficientnetb0/block1a_se_squeeze/BroadcastTo,2,68.608,34.304,68.608,34.304,0.0004937394872199354,0.8570069332083626,0.0,0.0
300,Device,Sum,gradient_tape/efficientnetb0/block2a_se_excite/mul/Sum_1,2,67.585,33.7925,67.585,33.7925,0.0004863774376713988,0.8574933106460341,0.0,0.0
301,Device,AddV2,SGD/gradients/add_33,2,67.584,33.792,67.584,33.792,0.0004863702411420259,0.8579796808871761,0.0,0.0
302,Device,AddV2,SGD/gradients/add_35,2,67.584,33.792,67.584,33.792,0.0004863702411420259,0.8584660511283182,0.0,0.0
303,Device,Sub,SGD/gradients/sub_33,2,67.584,33.792,67.584,33.792,0.0004863702411420259,0.8589524213694603,0.0,0.0
304,Device,Sub,SGD/gradients/sub_35,2,67.584,33.792,67.584,33.792,0.0004863702411420259,0.8594387916106023,0.0,0.0
305,Device,Sub,SGD/gradients/sub_36,2,67.584,33.792,67.584,33.792,0.0004863702411420259,0.8599251618517444,0.0,0.0
306,Device,FusedBatchNormV3,efficientnetb0/block3b_bn/FusedBatchNormV3,4,67.584,16.896,67.584,16.896,0.0004863702411420259,0.8604115320928865,0.0,0.0
307,Device,Mul,efficientnetb0/block3b_se_excite/mul,2,67.584,33.792,67.584,33.792,0.0004863702411420259,0.8608979023340285,0.0,0.0
308,Device,Conv2DBackpropInput,gradient_tape/efficientnetb0/block5a_project_conv/Conv2D/Conv2DBackpropInput,2,67.584,33.792,67.584,33.792,0.0004863702411420259,0.8613842725751706,0.0,0.0
309,Device,Sigmoid,efficientnetb0/block4a_expand_activation/Sigmoid,2,66.56,33.28,66.56,33.28,0.00047900099506411643,0.8618632735702347,0.0,0.0
310,Device,DepthwiseConv2dNativeBackpropFilter,gradient_tape/efficientnetb0/block6d_dwconv/depthwise/DepthwiseConv2dNativeBackpropFilter,2,66.56,33.28,66.56,33.28,0.00047900099506411643,0.8623422745652989,0.0,0.0
311,Device,Sigmoid,efficientnetb0/block3b_expand_activation/Sigmoid,2,65.537,32.7685,65.537,32.7685,0.0004716389455155799,0.8628139135108145,0.0,0.0
312,Device,Pad,efficientnetb0/stem_conv_pad/Pad,2,65.537,32.7685,65.537,32.7685,0.0004716389455155799,0.8632855524563301,0.0,0.0
313,Device,AddN,SGD/gradients/AddN_10,2,65.536,32.768,65.536,32.768,0.00047163174898620696,0.8637571842053163,0.0,0.0
314,Device,AddN,SGD/gradients/AddN_8,2,65.536,32.768,65.536,32.768,0.00047163174898620696,0.8642288159543026,0.0,0.0
315,Device,Sigmoid,efficientnetb0/block3b_activation/Sigmoid,2,65.536,32.768,65.536,32.768,0.00047163174898620696,0.8647004477032888,0.0,0.0
316,Device,DepthwiseConv2dNativeBackpropFilter,gradient_tape/efficientnetb0/block6b_dwconv/depthwise/DepthwiseConv2dNativeBackpropFilter,2,65.536,32.768,65.536,32.768,0.00047163174898620696,0.865172079452275,0.0,0.0
317,Device,Mul,efficientnetb0/block5b_expand_activation/mul,2,64.513,32.2565,64.513,32.2565,0.00046426969943767044,0.8656363491517127,0.0,0.0
318,Device,Mul,efficientnetb0/block5c_expand_activation/mul,2,64.513,32.2565,64.513,32.2565,0.00046426969943767044,0.8661006188511504,0.0,0.0
319,Device,Conv2DBackpropInput,gradient_tape/efficientnetb0/block4c_se_expand/Conv2D/Conv2DBackpropInput,4,64.513,16.12825,64.513,16.12825,0.00046426969943767044,0.8665648885505881,0.0,0.0
320,Device,Mean,efficientnetb0/avg_pool/Mean,2,64.512,32.256,64.512,32.256,0.0004642625029082974,0.8670291510534964,0.0,0.0
321,Device,DepthwiseConv2dNative,efficientnetb0/block4a_dwconv/depthwise,2,64.512,32.256,64.512,32.256,0.0004642625029082974,0.8674934135564047,0.0,0.0
322,Device,RealDiv,gradient_tape/efficientnetb0/block3b_se_squeeze/truediv,2,64.512,32.256,64.512,32.256,0.0004642625029082974,0.8679576760593131,0.0,0.0
323,Device,Conv2DBackpropInput,gradient_tape/efficientnetb0/block4b_se_expand/Conv2D/Conv2DBackpropInput,4,64.512,16.128,64.512,16.128,0.0004642625029082974,0.8684219385622214,0.0,0.0
324,Device,DepthwiseConv2dNativeBackpropFilter,gradient_tape/efficientnetb0/block6c_dwconv/depthwise/DepthwiseConv2dNativeBackpropFilter,2,64.512,32.256,64.512,32.256,0.0004642625029082974,0.8688862010651297,0.0,0.0
325,Device,Conv2DBackpropInput,gradient_tape/efficientnetb0/block5a_se_expand/Conv2D/Conv2DBackpropInput,4,63.49,15.8725,63.49,15.8725,0.0004569076498891339,0.8693431087150189,0.0,0.0
326,Device,Mul,efficientnetb0/block6a_expand_activation/mul,2,63.489,31.7445,63.489,31.7445,0.0004569004533597609,0.8698000091683786,0.0,0.0
327,Device,Mul,efficientnetb0/block5b_activation/mul,2,63.488,31.744,63.488,31.744,0.00045689325683038795,0.870256902425209,0.0,0.0
328,Device,Mul,efficientnetb0/block5c_activation/mul,2,63.488,31.744,63.488,31.744,0.00045689325683038795,0.8707137956820394,0.0,0.0
329,Device,Mul,gradient_tape/efficientnetb0/block3a_se_excite/mul/Mul_1,2,63.488,31.744,63.488,31.744,0.00045689325683038795,0.8711706889388698,0.0,0.0
330,Device,Mean,efficientnetb0/block6b_se_squeeze/Mean,2,59.392,29.696,59.392,29.696,0.00042741627251875004,0.8715981052113886,0.0,0.0
331,Device,Mean,efficientnetb0/block6c_se_squeeze/Mean,2,59.392,29.696,59.392,29.696,0.00042741627251875004,0.8720255214839073,0.0,0.0
332,Device,Mean,efficientnetb0/block6d_se_squeeze/Mean,2,59.392,29.696,59.392,29.696,0.00042741627251875004,0.8724529377564261,0.0,0.0
333,Device,Mean,efficientnetb0/block7a_se_squeeze/Mean,2,59.392,29.696,59.392,29.696,0.00042741627251875004,0.8728803540289448,0.0,0.0
334,Device,Conv2DBackpropInput,gradient_tape/efficientnetb0/block4c_project_conv/Conv2D/Conv2DBackpropInput,2,58.368,29.184,58.368,29.184,0.00042004702644084056,0.8733004010553856,0.0,0.0
335,Device,Conv2D,efficientnetb0/block3a_project_conv/Conv2D,2,57.344,28.672,57.344,28.672,0.0004126777803629311,0.8737130788357486,0.0,0.0
336,Device,FusedBatchNormV3,efficientnetb0/block4a_expand_bn/FusedBatchNormV3,4,57.344,14.336,57.344,14.336,0.0004126777803629311,0.8741257566161115,0.0,0.0
337,Device,DepthwiseConv2dNative,efficientnetb0/block6c_dwconv/depthwise,2,57.344,28.672,57.344,28.672,0.0004126777803629311,0.8745384343964744,0.0,0.0
338,Device,Sum,gradient_tape/efficientnetb0/block6b_se_excite/mul/Sum_1,2,57.344,28.672,57.344,28.672,0.0004126777803629311,0.8749511121768373,0.0,0.0
339,Device,Sum,gradient_tape/efficientnetb0/block6c_se_excite/mul/Sum_1,2,57.344,28.672,57.344,28.672,0.0004126777803629311,0.8753637899572002,0.0,0.0
340,Device,Sum,gradient_tape/efficientnetb0/block6d_se_excite/mul/Sum_1,2,57.344,28.672,57.344,28.672,0.0004126777803629311,0.8757764677375631,0.0,0.0
341,Device,Sum,gradient_tape/efficientnetb0/block7a_se_excite/mul/Sum_1,2,57.344,28.672,57.344,28.672,0.0004126777803629311,0.876189145517926,0.0,0.0
342,Device,Mul,SGD/gradients/mul_116,2,56.32,28.16,56.32,28.16,0.0004053085342850216,0.876594454052211,0.0,0.0
343,Device,DepthwiseConv2dNative,efficientnetb0/block6b_dwconv/depthwise,2,56.32,28.16,56.32,28.16,0.0004053085342850216,0.876999762586496,0.0,0.0
344,Device,Conv2DBackpropInput,gradient_tape/efficientnetb0/block4b_project_conv/Conv2D/Conv2DBackpropInput,2,56.32,28.16,56.32,28.16,0.0004053085342850216,0.877405071120781,0.0,0.0
345,Device,Conv2DBackpropInput,gradient_tape/efficientnetb0/block3a_project_conv/Conv2D/Conv2DBackpropInput,2,55.297,27.6485,55.297,27.6485,0.00039794648473648504,0.8778030176055175,0.0,0.0
346,Device,Mul,SGD/gradients/mul_114,2,55.296,27.648,55.296,27.648,0.0003979392882071121,0.8782009568937246,0.0,0.0
347,Device,FusedBatchNormV3,efficientnetb0/block3b_expand_bn/FusedBatchNormV3,4,55.296,13.824,55.296,13.824,0.0003979392882071121,0.8785988961819317,0.0,0.0
348,Device,DepthwiseConv2dNative,efficientnetb0/block4b_dwconv/depthwise,2,55.296,27.648,55.296,27.648,0.0003979392882071121,0.8789968354701387,0.0,0.0
349,Device,DepthwiseConv2dNative,efficientnetb0/block4c_dwconv/depthwise,2,55.296,27.648,55.296,27.648,0.0003979392882071121,0.8793947747583458,0.0,0.0
350,Device,DepthwiseConv2dNative,efficientnetb0/block6d_dwconv/depthwise,2,55.296,27.648,55.296,27.648,0.0003979392882071121,0.8797927140465529,0.0,0.0
351,Device,Conv2D,efficientnetb0/block4c_expand_conv/Conv2D,2,54.272,27.136,54.272,27.136,0.0003905700421292026,0.8801832840886821,0.0,0.0
352,Device,Conv2D,efficientnetb0/block5a_expand_conv/Conv2D,2,54.272,27.136,54.272,27.136,0.0003905700421292026,0.8805738541308112,0.0,0.0
353,Device,FusedBatchNormV3,efficientnetb0/block5b_bn/FusedBatchNormV3,4,54.272,13.568,54.272,13.568,0.0003905700421292026,0.8809644241729404,0.0,0.0
354,Device,Mul,gradient_tape/efficientnetb0/block4c_se_excite/mul/Mul_1,2,53.249,26.6245,53.249,26.6245,0.0003832079925806661,0.881347632165521,0.0,0.0
355,Device,Sigmoid,SGD/gradients/Sigmoid_21,2,53.248,26.624,53.248,26.624,0.0003832007960512931,0.8817308329615723,0.0,0.0
356,Device,FusedBatchNormV3,efficientnetb0/block5c_bn/FusedBatchNormV3,4,53.248,13.312,53.248,13.312,0.0003832007960512931,0.8821140337576235,0.0,0.0
357,Device,Conv2DBackpropInput,gradient_tape/efficientnetb0/block3b_se_expand/Conv2D/Conv2DBackpropInput,4,53.248,13.312,53.248,13.312,0.0003832007960512931,0.8824972345536748,0.0,0.0
358,Device,Mul,gradient_tape/efficientnetb0/block4b_se_excite/mul/Mul_1,2,53.248,26.624,53.248,26.624,0.0003832007960512931,0.882880435349726,0.0,0.0
359,Device,FusedBatchNormGradV3,gradient_tape/efficientnetb0/block4c_bn/FusedBatchNormGradV3,2,53.248,26.624,53.248,26.624,0.0003832007960512931,0.8832636361457773,0.0,0.0
360,Device,FusedBatchNormGradV3,gradient_tape/efficientnetb0/block5a_bn/FusedBatchNormGradV3,2,53.248,26.624,53.248,26.624,0.0003832007960512931,0.8836468369418286,0.0,0.0
361,Device,Mul,gradient_tape/efficientnetb0/block5a_se_excite/mul/Mul_1,2,53.248,26.624,53.248,26.624,0.0003832007960512931,0.8840300377378798,0.0,0.0
362,Device,Sigmoid,SGD/gradients/Sigmoid_18,2,52.225,26.1125,52.225,26.1125,0.0003758387465027566,0.8844058764843825,0.0,0.0
363,Device,FusedBatchNormV3,efficientnetb0/block6a_expand_bn/FusedBatchNormV3,4,52.224,13.056,52.224,13.056,0.00037583154997338365,0.8847817080343559,0.0,0.0
364,Device,FusedBatchNormGradV3,gradient_tape/efficientnetb0/block4b_bn/FusedBatchNormGradV3,2,52.224,26.112,52.224,26.112,0.00037583154997338365,0.8851575395843292,0.0,0.0
365,Device,Conv2DBackpropInput,gradient_tape/efficientnetb0/block4a_se_expand/Conv2D/Conv2DBackpropInput,4,51.202,12.8005,51.202,12.8005,0.00036847669695422004,0.8855260162812834,0.0,0.0
366,Device,Sigmoid,SGD/gradients/Sigmoid_20,2,51.2,25.6,51.2,25.6,0.00036846230389547417,0.8858944785851788,0.0,0.0
367,Device,Conv2D,efficientnetb0/block4b_expand_conv/Conv2D,2,51.2,25.6,51.2,25.6,0.00036846230389547417,0.8862629408890742,0.0,0.0
368,Device,FusedBatchNormGradV3,gradient_tape/efficientnetb0/block5a_expand_bn/FusedBatchNormGradV3,2,51.2,25.6,51.2,25.6,0.00036846230389547417,0.8866314031929696,0.0,0.0
369,Device,Sigmoid,SGD/gradients/Sigmoid_17,2,50.176,25.088,50.176,25.088,0.0003610930578175647,0.8869924962507872,0.0,0.0
370,Device,Mul,SGD/gradients/mul_115,2,50.176,25.088,50.176,25.088,0.0003610930578175647,0.8873535893086049,0.0,0.0
371,Device,Mul,efficientnetb0/block3a_activation/mul,2,50.176,25.088,50.176,25.088,0.0003610930578175647,0.8877146823664225,0.0,0.0
372,Device,FusedBatchNormV3,efficientnetb0/block5b_expand_bn/FusedBatchNormV3,4,50.176,12.544,50.176,12.544,0.0003610930578175647,0.8880757754242401,0.0,0.0
373,Device,FusedBatchNormV3,efficientnetb0/block5c_expand_bn/FusedBatchNormV3,4,50.176,12.544,50.176,12.544,0.0003610930578175647,0.8884368684820577,0.0,0.0
374,Device,BroadcastTo,gradient_tape/efficientnetb0/block2a_se_squeeze/BroadcastTo,2,50.176,25.088,50.176,25.088,0.0003610930578175647,0.8887979615398753,0.0,0.0
375,Device,Conv2DBackpropInput,gradient_tape/efficientnetb0/block4a_project_conv/Conv2D/Conv2DBackpropInput,2,50.176,25.088,50.176,25.088,0.0003610930578175647,0.889159054597693,0.0,0.0
376,Device,FusedBatchNormGradV3,gradient_tape/efficientnetb0/block4b_expand_bn/FusedBatchNormGradV3,2,50.176,25.088,50.176,25.088,0.0003610930578175647,0.8895201476555106,0.0,0.0
377,Device,FusedBatchNormGradV3,gradient_tape/efficientnetb0/block4c_expand_bn/FusedBatchNormGradV3,2,50.176,25.088,50.176,25.088,0.0003610930578175647,0.8898812407133282,0.0,0.0
378,Device,Mul,gradient_tape/efficientnetb0/block5b_se_excite/mul/Mul,2,50.176,25.088,50.176,25.088,0.0003610930578175647,0.8902423337711458,0.0,0.0
379,Device,Mul,gradient_tape/efficientnetb0/block5c_se_excite/mul/Mul,2,50.176,25.088,50.176,25.088,0.0003610930578175647,0.8906034268289634,0.0,0.0
380,Device,FusedBatchNormGradV3,gradient_tape/efficientnetb0/top_bn/FusedBatchNormGradV3,2,50.176,25.088,50.176,25.088,0.0003610930578175647,0.890964519886781,0.0,0.0
381,Device,AddN,SGD/gradients/AddN_20,2,49.152,24.576,49.152,24.576,0.0003537238117396552,0.8913182436985208,0.0,0.0
382,Device,Sigmoid,SGD/gradients/Sigmoid_15,2,49.152,24.576,49.152,24.576,0.0003537238117396552,0.8916719675102605,0.0,0.0
383,Device,Transpose,efficientnetb0/block5b_activation/mul-0-3-TransposeNCHWToNHWC-LayoutOptimizer,2,48.129,24.0645,48.129,24.0645,0.00034636176219111865,0.8920183292724516,0.0,0.0
384,Device,Mean,efficientnetb0/block5c_se_squeeze/Mean,2,48.129,24.0645,48.129,24.0645,0.00034636176219111865,0.8923646910346428,0.0,0.0
385,Device,Mul,efficientnetb0/block5b_se_excite/mul,2,48.128,24.064,48.128,24.064,0.00034635456566174574,0.8927110456003046,0.0,0.0
386,Device,Mean,efficientnetb0/block5b_se_squeeze/Mean,2,48.128,24.064,48.128,24.064,0.00034635456566174574,0.8930574001659664,0.0,0.0
387,Device,Mul,efficientnetb0/block5c_se_excite/mul,2,48.128,24.064,48.128,24.064,0.00034635456566174574,0.8934037547316281,0.0,0.0
388,Device,Conv2D,efficientnetb0/block3b_se_reduce/Conv2D,2,47.104,23.552,47.104,23.552,0.0003389853195838362,0.893742740051212,0.0,0.0
389,Device,Transpose,efficientnetb0/block5c_activation/mul-0-3-TransposeNCHWToNHWC-LayoutOptimizer,2,47.104,23.552,47.104,23.552,0.0003389853195838362,0.8940817253707959,0.0,0.0
390,Device,Sub,SGD/gradients/sub_20,2,46.081,23.0405,46.081,23.0405,0.00033162327003529975,0.8944133486408312,0.0,0.0
391,Device,Sub,SGD/gradients/sub_17,2,46.08,23.04,46.08,23.04,0.00033161607350592673,0.8947449647143372,0.0,0.0
392,Device,Conv2D,efficientnetb0/block4a_project_conv/Conv2D,2,46.08,23.04,46.08,23.04,0.00033161607350592673,0.8950765807878431,0.0,0.0
393,Device,FusedBatchNormGradV3,gradient_tape/efficientnetb0/block7a_bn/FusedBatchNormGradV3,2,46.08,23.04,46.08,23.04,0.00033161607350592673,0.8954081968613491,0.0,0.0
394,Device,DepthwiseConv2dNativeBackpropFilter,gradient_tape/efficientnetb0/block7a_dwconv/depthwise/DepthwiseConv2dNativeBackpropFilter,2,46.08,23.04,46.08,23.04,0.00033161607350592673,0.895739812934855,0.0,0.0
395,Device,Transpose,SGD/gradients/AddN_10-1-TransposeNHWCToNCHW-LayoutOptimizer,2,45.056,22.528,45.056,22.528,0.00032424682742801726,0.8960640597622831,0.0,0.0
396,Device,Transpose,SGD/gradients/AddN_8-1-TransposeNHWCToNCHW-LayoutOptimizer,2,45.056,22.528,45.056,22.528,0.00032424682742801726,0.8963883065897111,0.0,0.0
397,Device,Sub,SGD/gradients/sub_21,2,45.056,22.528,45.056,22.528,0.00032424682742801726,0.8967125534171392,0.0,0.0
398,Device,Sigmoid,efficientnetb0/block5b_expand_activation/Sigmoid,2,45.056,22.528,45.056,22.528,0.00032424682742801726,0.8970368002445672,0.0,0.0
399,Device,Mul,efficientnetb0/rescaling/mul,2,45.056,22.528,45.056,22.528,0.00032424682742801726,0.8973610470719953,0.0,0.0
400,Device,FusedBatchNormV3,efficientnetb0/top_bn/FusedBatchNormV3,4,45.056,11.264,45.056,11.264,0.00032424682742801726,0.8976852938994233,0.0,0.0
401,Device,FusedBatchNormGradV3,gradient_tape/efficientnetb0/block6b_bn/FusedBatchNormGradV3,2,45.056,22.528,45.056,22.528,0.00032424682742801726,0.8980095407268514,0.0,0.0
402,Device,FusedBatchNormGradV3,gradient_tape/efficientnetb0/block6c_bn/FusedBatchNormGradV3,2,45.056,22.528,45.056,22.528,0.00032424682742801726,0.8983337875542794,0.0,0.0
403,Device,FusedBatchNormGradV3,gradient_tape/efficientnetb0/block6d_bn/FusedBatchNormGradV3,2,45.056,22.528,45.056,22.528,0.00032424682742801726,0.8986580343817074,0.0,0.0
404,Device,Sub,SGD/gradients/sub_15,2,44.033,22.0165,44.033,22.0165,0.00031688477787948074,0.8989749191595869,0.0,0.0
405,Device,Sigmoid,SGD/gradients/Sigmoid_38,2,44.032,22.016,44.032,22.016,0.0003168775813501078,0.8992917967409371,0.0,0.0
406,Device,Sub,SGD/gradients/sub_18,2,44.032,22.016,44.032,22.016,0.0003168775813501078,0.8996086743222872,0.0,0.0
407,Device,Sigmoid,efficientnetb0/block5c_expand_activation/Sigmoid,2,44.032,22.016,44.032,22.016,0.0003168775813501078,0.8999255519036373,0.0,0.0
408,Device,Mean,efficientnetb0/block3b_se_squeeze/Mean,2,43.008,21.504,43.008,21.504,0.0003095083352721983,0.9002350602389095,0.0,0.0
409,Device,Conv2D,efficientnetb0/block4a_se_reduce/Conv2D,2,43.008,21.504,43.008,21.504,0.0003095083352721983,0.9005445685741817,0.0,0.0
410,Device,Sigmoid,efficientnetb0/block5b_activation/Sigmoid,2,43.008,21.504,43.008,21.504,0.0003095083352721983,0.900854076909454,0.0,0.0
411,Device,Sigmoid,efficientnetb0/block5c_activation/Sigmoid,2,43.008,21.504,43.008,21.504,0.0003095083352721983,0.9011635852447262,0.0,0.0
412,Device,Sigmoid,efficientnetb0/block6a_expand_activation/Sigmoid,2,43.008,21.504,43.008,21.504,0.0003095083352721983,0.9014730935799984,0.0,0.0
413,Device,FusedBatchNormGradV3,gradient_tape/efficientnetb0/block6b_expand_bn/FusedBatchNormGradV3,2,43.008,21.504,43.008,21.504,0.0003095083352721983,0.9017826019152706,0.0,0.0
414,Device,Conv2DBackpropInput,gradient_tape/efficientnetb0/block6d_se_reduce/Conv2D/Conv2DBackpropInput,4,43.008,10.752,43.008,10.752,0.0003095083352721983,0.9020921102505428,0.0,0.0
415,Device,FusedBatchNormGradV3,gradient_tape/efficientnetb0/block7a_expand_bn/FusedBatchNormGradV3,2,43.008,21.504,43.008,21.504,0.0003095083352721983,0.902401618585815,0.0,0.0
416,Device,Mul,SGD/gradients/mul_71,2,41.984,20.992,41.984,20.992,0.0003021390891942888,0.9027037576750093,0.0,0.0
417,Device,Mul,SGD/gradients/mul_89,2,41.984,20.992,41.984,20.992,0.0003021390891942888,0.9030058967642036,0.0,0.0
418,Device,Conv2DBackpropFilter,gradient_tape/efficientnetb0/block4b_se_reduce/Conv2D/Conv2DBackpropFilter,2,41.984,20.992,41.984,20.992,0.0003021390891942888,0.9033080358533979,0.0,0.0
419,Device,FusedBatchNormGradV3,gradient_tape/efficientnetb0/block6c_expand_bn/FusedBatchNormGradV3,2,41.984,20.992,41.984,20.992,0.0003021390891942888,0.9036101749425922,0.0,0.0
420,Device,Conv2DBackpropInput,gradient_tape/efficientnetb0/block7a_se_reduce/Conv2D/Conv2DBackpropInput,4,41.984,10.496,41.984,10.496,0.0003021390891942888,0.9039123140317865,0.0,0.0
421,Device,FusedBatchNormV3,efficientnetb0/block6d_expand_bn/FusedBatchNormV3,4,40.961,10.24025,40.961,10.24025,0.00029477703964575226,0.9042070910714323,0.0,0.0
422,Device,FusedBatchNormV3,efficientnetb0/block7a_expand_bn/FusedBatchNormV3,4,40.961,10.24025,40.961,10.24025,0.00029477703964575226,0.904501868111078,0.0,0.0
423,Device,Conv2DBackpropFilter,gradient_tape/efficientnetb0/block4c_se_reduce/Conv2D/Conv2DBackpropFilter,2,40.961,20.4805,40.961,20.4805,0.00029477703964575226,0.9047966451507238,0.0,0.0
424,Device,Conv2DBackpropInput,gradient_tape/efficientnetb0/block6c_se_reduce/Conv2D/Conv2DBackpropInput,4,40.961,10.24025,40.961,10.24025,0.00029477703964575226,0.9050914221903695,0.0,0.0
425,Device,Mul,SGD/gradients/mul_80,2,40.96,20.48,40.96,20.48,0.00029476984311637935,0.9053861920334859,0.0,0.0
426,Device,Mul,efficientnetb0/block3a_se_excite/mul,2,40.96,20.48,40.96,20.48,0.00029476984311637935,0.9056809618766023,0.0,0.0
427,Device,FusedBatchNormV3,efficientnetb0/block6c_bn/FusedBatchNormV3,4,40.96,10.24,40.96,10.24,0.00029476984311637935,0.9059757317197187,0.0,0.0
428,Device,FusedBatchNormV3,efficientnetb0/block6d_bn/FusedBatchNormV3,4,40.96,10.24,40.96,10.24,0.00029476984311637935,0.9062705015628351,0.0,0.0
429,Device,FusedBatchNormV3,efficientnetb0/block7a_bn/FusedBatchNormV3,4,40.96,10.24,40.96,10.24,0.00029476984311637935,0.9065652714059514,0.0,0.0
430,Device,RealDiv,efficientnetb0/normalization/truediv,2,40.96,20.48,40.96,20.48,0.00029476984311637935,0.9068600412490678,0.0,0.0
431,Device,Mul,gradient_tape/efficientnetb0/block3a_se_excite/mul/Mul,2,40.96,20.48,40.96,20.48,0.00029476984311637935,0.9071548110921842,0.0,0.0
432,Device,Conv2DBackpropInput,gradient_tape/efficientnetb0/block6b_se_reduce/Conv2D/Conv2DBackpropInput,4,40.96,10.24,40.96,10.24,0.00029476984311637935,0.9074495809353006,0.0,0.0
433,Device,FusedBatchNormGradV3,gradient_tape/efficientnetb0/block6d_expand_bn/FusedBatchNormGradV3,2,40.96,20.48,40.96,20.48,0.00029476984311637935,0.907744350778417,0.0,0.0
434,Device,AddN,SGD/gradients/AddN_13,2,39.937,19.9685,39.937,19.9685,0.0002874077935678428,0.9080317585719848,0.0,0.0
435,Device,FusedBatchNormV3,efficientnetb0/block6c_expand_bn/FusedBatchNormV3,4,39.937,9.98425,39.937,9.98425,0.0002874077935678428,0.9083191663655527,0.0,0.0
436,Device,AddN,SGD/gradients/AddN_15,2,39.936,19.968,39.936,19.968,0.00028740059703846987,0.9086065669625911,0.0,0.0
437,Device,Mul,SGD/gradients/mul_74,2,39.936,19.968,39.936,19.968,0.00028740059703846987,0.9088939675596296,0.0,0.0
438,Device,FusedBatchNormV3,efficientnetb0/block2b_project_bn/FusedBatchNormV3,4,39.936,9.984,39.936,9.984,0.00028740059703846987,0.9091813681566681,0.0,0.0
439,Device,FusedBatchNormV3,efficientnetb0/block6b_bn/FusedBatchNormV3,4,39.936,9.984,39.936,9.984,0.00028740059703846987,0.9094687687537065,0.0,0.0
440,Device,FusedBatchNormV3,efficientnetb0/block6b_expand_bn/FusedBatchNormV3,4,39.936,9.984,39.936,9.984,0.00028740059703846987,0.909756169350745,0.0,0.0
441,Device,Sum,gradient_tape/efficientnetb0/block3b_se_excite/mul/Sum_1,2,39.936,19.968,39.936,19.968,0.00028740059703846987,0.9100435699477835,0.0,0.0
442,Device,Conv2DBackpropFilter,gradient_tape/efficientnetb0/block5a_se_reduce/Conv2D/Conv2DBackpropFilter,2,39.936,19.968,39.936,19.968,0.00028740059703846987,0.9103309705448219,0.0,0.0
443,Device,Sum,gradient_tape/efficientnetb0/block5c_se_excite/mul/Sum_1,2,39.936,19.968,39.936,19.968,0.00028740059703846987,0.9106183711418604,0.0,0.0
444,Device,AddN,SGD/gradients/AddN_12,2,38.913,19.4565,38.913,19.4565,0.0002800385474899333,0.9108984096893503,0.0,0.0
445,Device,Mul,SGD/gradients/mul_83,2,38.913,19.4565,38.913,19.4565,0.0002800385474899333,0.9111784482368402,0.0,0.0
446,Device,FusedBatchNormV3,efficientnetb0/block3a_bn/FusedBatchNormV3,4,38.913,9.72825,38.913,9.72825,0.0002800385474899333,0.9114584867843302,0.0,0.0
447,Device,BiasAddGrad,gradient_tape/efficientnetb0/block7a_se_expand/BiasAdd/BiasAddGrad,2,38.913,19.4565,38.913,19.4565,0.0002800385474899333,0.9117385253318201,0.0,0.0
448,Device,Sigmoid,SGD/gradients/Sigmoid_23,2,38.912,19.456,38.912,19.456,0.00028003135096056034,0.9120185566827806,0.0,0.0
449,Device,Sigmoid,SGD/gradients/Sigmoid_29,2,38.912,19.456,38.912,19.456,0.00028003135096056034,0.9122985880337412,0.0,0.0
450,Device,Sigmoid,SGD/gradients/Sigmoid_30,2,38.912,19.456,38.912,19.456,0.00028003135096056034,0.9125786193847018,0.0,0.0
451,Device,Conv2D,efficientnetb0/block2b_se_reduce/Conv2D,2,38.912,19.456,38.912,19.456,0.00028003135096056034,0.9128586507356623,0.0,0.0
452,Device,FusedBatchNormV3,efficientnetb0/block5a_bn/FusedBatchNormV3,4,38.912,9.728,38.912,9.728,0.00028003135096056034,0.9131386820866229,0.0,0.0
453,Device,Conv2DBackpropInput,gradient_tape/efficientnetb0/block2b_se_expand/Conv2D/Conv2DBackpropInput,2,38.912,19.456,38.912,19.456,0.00028003135096056034,0.9134187134375834,0.0,0.0
454,Device,Sum,gradient_tape/efficientnetb0/block5b_se_excite/mul/Sum_1,2,38.912,19.456,38.912,19.456,0.00028003135096056034,0.913698744788544,0.0,0.0
455,Device,BiasAddGrad,gradient_tape/efficientnetb0/block6b_se_expand/BiasAdd/BiasAddGrad,2,38.912,19.456,38.912,19.456,0.00028003135096056034,0.9139787761395045,0.0,0.0
456,Device,BiasAddGrad,gradient_tape/efficientnetb0/block6c_se_expand/BiasAdd/BiasAddGrad,2,38.912,19.456,38.912,19.456,0.00028003135096056034,0.9142588074904651,0.0,0.0
457,Device,DepthwiseConv2dNativeBackpropInput,gradient_tape/efficientnetb0/block6d_dwconv/depthwise/DepthwiseConv2dNativeBackpropInput,2,38.912,19.456,38.912,19.456,0.00028003135096056034,0.9145388388414256,0.0,0.0
458,Device,BiasAddGrad,gradient_tape/efficientnetb0/block6d_se_expand/BiasAdd/BiasAddGrad,2,38.912,19.456,38.912,19.456,0.00028003135096056034,0.9148188701923862,0.0,0.0
459,Device,DepthwiseConv2dNativeBackpropInput,gradient_tape/efficientnetb0/block7a_dwconv/depthwise/DepthwiseConv2dNativeBackpropInput,2,38.912,19.456,38.912,19.456,0.00028003135096056034,0.9150989015433467,0.0,0.0
460,Device,FusedBatchNormV3,efficientnetb0/block4c_bn/FusedBatchNormV3,4,37.889,9.47225,37.889,9.47225,0.0002726693014120239,0.9153715708447587,0.0,0.0
461,Device,Sigmoid,SGD/gradients/Sigmoid_24,2,37.888,18.944,37.888,18.944,0.00027266210488265086,0.9156442329496414,0.0,0.0
462,Device,Sigmoid,SGD/gradients/Sigmoid_26,2,37.888,18.944,37.888,18.944,0.00027266210488265086,0.915916895054524,0.0,0.0
463,Device,Mul,SGD/gradients/mul_78,2,37.888,18.944,37.888,18.944,0.00027266210488265086,0.9161895571594066,0.0,0.0
464,Device,Mul,SGD/gradients/mul_92,2,37.888,18.944,37.888,18.944,0.00027266210488265086,0.9164622192642893,0.0,0.0
465,Device,Conv2DBackpropInput,gradient_tape/efficientnetb0/block3a_se_expand/Conv2D/Conv2DBackpropInput,2,37.888,18.944,37.888,18.944,0.00027266210488265086,0.9167348813691719,0.0,0.0
466,Device,Mul,SGD/gradients/mul_72,2,36.865,18.4325,36.865,18.4325,0.00026530005533411435,0.917000181424506,0.0,0.0
467,Device,Mul,SGD/gradients/mul_90,2,36.865,18.4325,36.865,18.4325,0.00026530005533411435,0.9172654814798401,0.0,0.0
468,Device,FusedBatchNormV3,efficientnetb0/block4b_bn/FusedBatchNormV3,4,36.865,9.21625,36.865,9.21625,0.00026530005533411435,0.9175307815351742,0.0,0.0
469,Device,DepthwiseConv2dNativeBackpropInput,gradient_tape/efficientnetb0/block6c_dwconv/depthwise/DepthwiseConv2dNativeBackpropInput,2,36.865,18.4325,36.865,18.4325,0.00026530005533411435,0.9177960815905083,0.0,0.0
470,Device,Mul,SGD/gradients/mul_69,2,36.864,18.432,36.864,18.432,0.0002652928588047414,0.918061374449313,0.0,0.0
471,Device,Mul,SGD/gradients/mul_81,2,36.864,18.432,36.864,18.432,0.0002652928588047414,0.9183266673081177,0.0,0.0
472,Device,Mul,SGD/gradients/mul_82,2,36.864,18.432,36.864,18.432,0.0002652928588047414,0.9185919601669225,0.0,0.0
473,Device,FusedBatchNormV3,efficientnetb0/block2a_project_bn/FusedBatchNormV3,4,36.864,9.216,36.864,9.216,0.0002652928588047414,0.9188572530257272,0.0,0.0
474,Device,Mul,efficientnetb0/block5a_expand_activation/mul,2,36.864,18.432,36.864,18.432,0.0002652928588047414,0.9191225458845319,0.0,0.0
475,Device,Mean,efficientnetb0/block6a_se_squeeze/Mean,2,36.864,18.432,36.864,18.432,0.0002652928588047414,0.9193878387433366,0.0,0.0
476,Device,Sub,efficientnetb0/normalization/sub,2,36.864,18.432,36.864,18.432,0.0002652928588047414,0.9196531316021413,0.0,0.0
477,Device,DepthwiseConv2dNativeBackpropInput,gradient_tape/efficientnetb0/block6b_dwconv/depthwise/DepthwiseConv2dNativeBackpropInput,2,36.864,18.432,36.864,18.432,0.0002652928588047414,0.9199184244609461,0.0,0.0
478,Device,AddV2,SGD/gradients/add_15,2,35.84,17.92,35.84,17.92,0.00025792361272683196,0.9201763480736729,0.0,0.0
479,Device,Mul,SGD/gradients/mul_73,2,35.84,17.92,35.84,17.92,0.00025792361272683196,0.9204342716863997,0.0,0.0
480,Device,Mul,SGD/gradients/mul_79,2,35.84,17.92,35.84,17.92,0.00025792361272683196,0.9206921952991265,0.0,0.0
481,Device,Mul,SGD/gradients/mul_87,2,35.84,17.92,35.84,17.92,0.00025792361272683196,0.9209501189118533,0.0,0.0
482,Device,Mul,SGD/gradients/mul_91,2,35.84,17.92,35.84,17.92,0.00025792361272683196,0.9212080425245801,0.0,0.0
483,Device,Mul,efficientnetb0/block4c_activation/mul,2,35.84,17.92,35.84,17.92,0.00025792361272683196,0.9214659661373069,0.0,0.0
484,Device,Conv2DBackpropInput,gradient_tape/efficientnetb0/block6a_se_reduce/Conv2D/Conv2DBackpropInput,4,35.84,8.96,35.84,8.96,0.00025792361272683196,0.9217238897500337,0.0,0.0
485,Device,Conv2DBackpropFilter,gradient_tape/efficientnetb0/block6c_se_expand/Conv2D/Conv2DBackpropFilter,2,35.84,17.92,35.84,17.92,0.00025792361272683196,0.9219818133627605,0.0,0.0
486,Device,Conv2DBackpropFilter,gradient_tape/efficientnetb0/block7a_se_expand/Conv2D/Conv2DBackpropFilter,2,35.84,17.92,35.84,17.92,0.00025792361272683196,0.9222397369754873,0.0,0.0
487,Device,AddV2,SGD/gradients/add_17,2,34.816,17.408,34.816,17.408,0.00025055436664892243,0.9224902913421362,0.0,0.0
488,Device,AddV2,SGD/gradients/add_18,2,34.816,17.408,34.816,17.408,0.00025055436664892243,0.9227408457087851,0.0,0.0
489,Device,AddV2,SGD/gradients/add_20,2,34.816,17.408,34.816,17.408,0.00025055436664892243,0.922991400075434,0.0,0.0
490,Device,Mul,SGD/gradients/mul_70,2,34.816,17.408,34.816,17.408,0.00025055436664892243,0.9232419544420829,0.0,0.0
491,Device,Mul,SGD/gradients/mul_88,2,34.816,17.408,34.816,17.408,0.00025055436664892243,0.9234925088087318,0.0,0.0
492,Device,Sub,SGD/gradients/sub_38,2,34.816,17.408,34.816,17.408,0.00025055436664892243,0.9237430631753807,0.0,0.0
493,Device,Mul,efficientnetb0/block4b_activation/mul,2,34.816,17.408,34.816,17.408,0.00025055436664892243,0.9239936175420296,0.0,0.0
494,Device,Mul,efficientnetb0/block4b_expand_activation/mul,2,34.816,17.408,34.816,17.408,0.00025055436664892243,0.9242441719086785,0.0,0.0
495,Device,Mul,efficientnetb0/block4c_expand_activation/mul,2,34.816,17.408,34.816,17.408,0.00025055436664892243,0.9244947262753274,0.0,0.0
496,Device,Mul,efficientnetb0/block5a_activation/mul,2,34.816,17.408,34.816,17.408,0.00025055436664892243,0.9247452806419763,0.0,0.0
497,Device,Mul,gradient_tape/efficientnetb0/block4b_se_excite/mul/Mul,2,34.816,17.408,34.816,17.408,0.00025055436664892243,0.9249958350086251,0.0,0.0
498,Device,Mul,gradient_tape/efficientnetb0/block4c_se_excite/mul/Mul,2,34.816,17.408,34.816,17.408,0.00025055436664892243,0.925246389375274,0.0,0.0
499,Device,Conv2DBackpropInput,gradient_tape/efficientnetb0/block5b_se_reduce/Conv2D/Conv2DBackpropInput,4,34.816,8.704,34.816,8.704,0.00025055436664892243,0.9254969437419229,0.0,0.0
500,Device,Sum,gradient_tape/efficientnetb0/block6a_se_excite/mul/Sum_1,2,34.816,17.408,34.816,17.408,0.00025055436664892243,0.9257474981085718,0.0,0.0
501,Host,IDLE,IDLE,0,425689.342,0.0,425689.342,0.0,0.0,0.0,0.996343305114891,0.996343305114891
502,Host,GatherV2,GatherV2,2,1153.05,576.525,1153.05,576.525,0.0,0.0,0.00269876065622222,0.9990420657711132
503,Host,GatherV2,GatherV2_1,2,57.371,28.6855,57.371,28.6855,0.0,0.0,0.00013427917055472443,0.999176344941668
504,Host,Dataset,Iterator::Root::ParallelMapV2::Zip[1]::ForeverRepeat,2,56.852,28.426,52.792,26.396,0.0,0.0,0.00012356183388689427,0.9992999067755548
505,Host,Dataset,Iterator::Root::ParallelMapV2,2,48.572,24.286,48.572,24.286,0.0,0.0,0.00011368475139328362,0.9994135915269481
506,Host,FlushSummaryWriter,FlushSummaryWriter,1,40.461,40.461,40.461,40.461,0.0,0.0,9.470062435402388e-05,0.9995082921513021
507,Host,IteratorGetNext,IteratorGetNext,2,36.821,18.4105,36.821,18.4105,0.0,0.0,8.618105556806588e-05,0.9995944732068701
508,Host,LogicalAnd,LogicalAnd,1,31.21,31.21,31.21,31.21,0.0,0.0,7.304828071696413e-05,0.9996675214875871
509,Host,Dataset,Iterator::Root,2,78.372,39.186,29.8,14.9,0.0,0.0,6.974811808284303e-05,0.9997372696056699
510,Host,Dataset,Iterator::Root::ParallelMapV2::Zip[0]::FlatMap[1]::Concatenate[0]::TensorSlice,2,23.77,11.885,23.77,11.885,0.0,0.0,5.5634656605006e-05,0.9997929042622749
511,Host,WriteSummary,WriteSummary,1,22.301,22.301,22.301,22.301,0.0,0.0,5.219640205924438e-05,0.9998451006643341
512,Host,Dataset,Iterator::Root::ParallelMapV2::Zip,2,121.032,60.516,19.67,9.835,0.0,0.0,4.603843901642693e-05,0.9998911391033505
513,Host,Dataset,Iterator::Root::ParallelMapV2::Zip[0]::FlatMap[1]::Concatenate,2,40.83,20.415,17.06,8.53,0.0,0.0,3.992962733199e-05,0.9999310687306825
514,Host,ReadVariableOp,ReadVariableOp,1,7.06,7.06,7.06,7.06,0.0,0.0,1.6524218579358114e-05,0.9999475929492618
515,Host,_Send,IteratorGetNext/_1,2,4.27,2.135,4.27,2.135,0.0,0.0,9.994109537373817e-06,0.9999575870587992
516,Host,Dataset,Iterator::Root::ParallelMapV2::Zip[1]::ForeverRepeat::FromTensor,4,4.06,1.015,4.06,1.015,0.0,0.0,9.502595953568546e-06,0.9999670896547528
517,Host,_Send,IteratorGetNext/_3,2,3.681,1.8405,3.681,1.8405,0.0,0.0,8.615530961843799e-06,0.9999757051857147
518,Host,Dataset,Iterator::Root::ParallelMapV2::Zip[0]::FlatMap,2,44.51,22.255,3.68,1.84,0.0,0.0,8.613190420968536e-06,0.9999843183761357
519,Host,_HostSend,categorical_crossentropy/softmax_cross_entropy_with_logits/Shape_2/_5,2,3.54,1.77,3.54,1.77,0.0,0.0,8.28551469843169e-06,0.9999926038908341
520,Host,Identity,Identity,2,3.16,1.58,3.16,1.58,0.0,0.0,7.396109165831677e-06,0.9999999999999999
