Rank,Host/device,Type,Operation,#Occurrences,Total time (us),Avg. time (us),Total self-time (us),Avg. self-time (us),Total self-time on Device (%),Cumulative total-self time on Device (%),Total self-time on Host (%),Cumulative total-self time on Host (%)
1,Device,DepthwiseConv2dNativeBackpropFilter,gradient_tape/mobilenetv2_1.00_64/block_1_depthwise/depthwise/DepthwiseConv2dNativeBackpropFilter,2,13712.434,6856.217,13712.434,6856.217,0.13210182084535052,0.13210182084535052,0.0,0.0
2,Device,IDLE,IDLE,0,13152.141,0.0,13152.141,0.0,0.12670411205733345,0.25880593290268394,0.0,0.0
3,Device,DepthwiseConv2dNativeBackpropFilter,gradient_tape/mobilenetv2_1.00_64/block_3_depthwise/depthwise/DepthwiseConv2dNativeBackpropFilter,2,3585.038,1792.519,3585.038,1792.519,0.03453727088857994,0.2933432037912639,0.0,0.0
4,Device,_Recv,IteratorGetNext/_2,2,2363.754,1181.877,2363.754,1181.877,0.022771756453338676,0.31611496024460256,0.0,0.0
5,Device,FusedBatchNormGradV3,gradient_tape/mobilenetv2_1.00_64/block_1_expand_BN/FusedBatchNormGradV3,2,2092.04,1046.02,2092.04,1046.02,0.020154138446996872,0.33626909869159943,0.0,0.0
6,Device,Relu6Grad,gradient_tape/mobilenetv2_1.00_64/block_1_expand_relu/Relu6/Relu6Grad,2,1329.156,664.578,1329.156,664.578,0.0128047236389632,0.3490738223305626,0.0,0.0
7,Device,DepthwiseConv2dNativeBackpropInput,gradient_tape/mobilenetv2_1.00_64/block_1_depthwise/depthwise/DepthwiseConv2dNativeBackpropInput,2,1284.1,642.05,1284.1,642.05,0.012370666516791593,0.3614444888473542,0.0,0.0
8,Device,FusedBatchNormV3,mobilenetv2_1.00_64/block_1_expand_BN/FusedBatchNormV3,4,1278.981,319.74525,1278.981,319.74525,0.012321351477542737,0.37376584032489696,0.0,0.0
9,Device,Conv2DBackpropFilter,gradient_tape/mobilenetv2_1.00_64/block_1_expand/Conv2D/Conv2DBackpropFilter,2,1226.756,613.378,1226.756,613.378,0.011818230179482275,0.38558407050437926,0.0,0.0
10,Device,DepthwiseConv2dNativeBackpropFilter,gradient_tape/mobilenetv2_1.00_64/block_12_depthwise/depthwise/DepthwiseConv2dNativeBackpropFilter,2,1211.396,605.698,1211.396,605.698,0.011670256160560135,0.3972543266649394,0.0,0.0
11,Device,DepthwiseConv2dNativeBackpropFilter,gradient_tape/mobilenetv2_1.00_64/block_11_depthwise/depthwise/DepthwiseConv2dNativeBackpropFilter,2,1205.252,602.626,1205.252,602.626,0.01161106655299128,0.40886539321793064,0.0,0.0
12,Device,DepthwiseConv2dNativeBackpropFilter,gradient_tape/mobilenetv2_1.00_64/block_6_depthwise/depthwise/DepthwiseConv2dNativeBackpropFilter,2,1056.771,528.3855,1056.771,528.3855,0.010180641403018744,0.41904603462094936,0.0,0.0
13,Device,DepthwiseConv2dNativeBackpropFilter,gradient_tape/mobilenetv2_1.00_64/block_9_depthwise/depthwise/DepthwiseConv2dNativeBackpropFilter,2,1013.764,506.882,1013.764,506.882,0.009766323783761945,0.4288123584047113,0.0,0.0
14,Device,DepthwiseConv2dNativeBackpropFilter,gradient_tape/mobilenetv2_1.00_64/block_7_depthwise/depthwise/DepthwiseConv2dNativeBackpropFilter,2,1007.62,503.81,1007.62,503.81,0.009707134176193089,0.4385194925809044,0.0,0.0
15,Device,DepthwiseConv2dNativeBackpropFilter,gradient_tape/mobilenetv2_1.00_64/block_8_depthwise/depthwise/DepthwiseConv2dNativeBackpropFilter,2,1007.619,503.8095,1007.619,503.8095,0.009707124542467898,0.4482266171233723,0.0,0.0
16,Device,DepthwiseConv2dNativeBackpropFilter,gradient_tape/mobilenetv2_1.00_64/block_10_depthwise/depthwise/DepthwiseConv2dNativeBackpropFilter,2,1006.595,503.2975,1006.595,503.2975,0.00969725960787309,0.4579238767312454,0.0,0.0
17,Device,Slice,gradient_tape/mobilenetv2_1.00_64/block_1_pad/Slice_1,2,973.828,486.914,973.828,486.914,0.009381591334564383,0.4673054680658098,0.0,0.0
18,Device,Pad,mobilenetv2_1.00_64/block_1_pad/Pad,2,936.964,468.482,936.964,468.482,0.009026453689151248,0.47633192175496103,0.0,0.0
19,Device,FusedBatchNormGradV3,gradient_tape/mobilenetv2_1.00_64/expanded_conv_depthwise_BN/FusedBatchNormGradV3,2,870.403,435.2015,870.403,435.2015,0.008385223306763456,0.4847171450617245,0.0,0.0
20,Device,FusedBatchNormGradV3,gradient_tape/mobilenetv2_1.00_64/bn_Conv1/FusedBatchNormGradV3,2,866.308,433.154,866.308,433.154,0.008345773202109408,0.49306291826383386,0.0,0.0
21,Device,Relu6,mobilenetv2_1.00_64/block_1_expand_relu/Relu6,2,860.162,430.081,860.162,430.081,0.008286564327090172,0.501349482590924,0.0,0.0
22,Device,FusedBatchNormGradV3,gradient_tape/mobilenetv2_1.00_64/block_3_expand_BN/FusedBatchNormGradV3,2,801.796,400.898,801.796,400.898,0.007724282322636424,0.5090737649135605,0.0,0.0
23,Device,FusedBatchNormGradV3,gradient_tape/mobilenetv2_1.00_64/block_2_expand_BN/FusedBatchNormGradV3,2,799.748,399.874,799.748,399.874,0.007704552453446806,0.5167783173670073,0.0,0.0
24,Device,FusedBatchNormGradV3,gradient_tape/mobilenetv2_1.00_64/block_2_depthwise_BN/FusedBatchNormGradV3,2,799.746,399.873,799.746,399.873,0.007704533185996425,0.5244828505530037,0.0,0.0
25,Device,DepthwiseConv2dNative,mobilenetv2_1.00_64/block_1_depthwise/depthwise,2,707.586,353.793,707.586,353.793,0.006816689072463591,0.5312995396254673,0.0,0.0
26,Device,FusedBatchNormGradV3,gradient_tape/mobilenetv2_1.00_64/expanded_conv_project_BN/FusedBatchNormGradV3,2,681.988,340.994,681.988,340.994,0.00657008497504374,0.537869624600511,0.0,0.0
27,Device,Conv2D,mobilenetv2_1.00_64/block_1_expand/Conv2D,2,613.379,306.6895,613.379,306.6895,0.005909124723466328,0.5437787493239773,0.0,0.0
28,Device,Conv2DBackpropFilter,gradient_tape/mobilenetv2_1.00_64/Conv1/Conv2D/Conv2DBackpropFilter,2,578.562,289.281,578.562,289.281,0.005573707313517621,0.5493524566374949,0.0,0.0
29,Device,DepthwiseConv2dNativeBackpropInput,gradient_tape/mobilenetv2_1.00_64/block_2_depthwise/depthwise/DepthwiseConv2dNativeBackpropInput,2,574.466,287.233,574.466,287.233,0.005534247575138385,0.5548867042126333,0.0,0.0
30,Device,Conv2DBackpropFilter,gradient_tape/mobilenetv2_1.00_64/expanded_conv_project/Conv2D/Conv2DBackpropFilter,2,550.914,275.457,550.914,275.457,0.005307354079457771,0.5601940582920911,0.0,0.0
31,Device,FusedBatchNormGradV3,gradient_tape/mobilenetv2_1.00_64/block_1_depthwise_BN/FusedBatchNormGradV3,2,530.434,265.217,530.434,265.217,0.005110055387561585,0.5653041136796527,0.0,0.0
32,Device,Conv2DBackpropInput,gradient_tape/mobilenetv2_1.00_64/block_1_expand/Conv2D/Conv2DBackpropInput,2,526.338,263.169,526.338,263.169,0.005070595649182348,0.570374709328835,0.0,0.0
33,Device,DepthwiseConv2dNativeBackpropInput,gradient_tape/mobilenetv2_1.00_64/block_3_depthwise/depthwise/DepthwiseConv2dNativeBackpropInput,2,520.194,260.097,520.194,260.097,0.0050114060416134925,0.5753861153704486,0.0,0.0
34,Device,DepthwiseConv2dNativeBackpropInput,gradient_tape/mobilenetv2_1.00_64/expanded_conv_depthwise/depthwise/DepthwiseConv2dNativeBackpropInput,2,500.737,250.3685,500.737,250.3685,0.0048239626505869266,0.5802100780210355,0.0,0.0
35,Device,FusedBatchNormV3,mobilenetv2_1.00_64/bn_Conv1/FusedBatchNormV3,4,499.714,124.9285,499.714,124.9285,0.004814107349717307,0.5850241853707528,0.0,0.0
36,Device,FusedBatchNormV3,mobilenetv2_1.00_64/expanded_conv_depthwise_BN/FusedBatchNormV3,4,499.714,124.9285,499.714,124.9285,0.004814107349717307,0.5898382927204702,0.0,0.0
37,Device,FusedBatchNormV3,mobilenetv2_1.00_64/block_2_expand_BN/FusedBatchNormV3,4,495.618,123.9045,495.618,123.9045,0.00477464761133807,0.5946129403318082,0.0,0.0
38,Device,FusedBatchNormV3,mobilenetv2_1.00_64/block_3_expand_BN/FusedBatchNormV3,4,495.618,123.9045,495.618,123.9045,0.00477464761133807,0.5993875879431463,0.0,0.0
39,Device,FusedBatchNormV3,mobilenetv2_1.00_64/block_2_depthwise_BN/FusedBatchNormV3,4,494.592,123.648,494.592,123.648,0.00476476340929288,0.6041523513524392,0.0,0.0
40,Device,Relu6Grad,gradient_tape/mobilenetv2_1.00_64/block_2_depthwise_relu/Relu6/Relu6Grad,2,491.522,245.761,491.522,245.761,0.004735187872958833,0.608887539225398,0.0,0.0
41,Device,Relu6Grad,gradient_tape/mobilenetv2_1.00_64/block_2_expand_relu/Relu6/Relu6Grad,2,491.522,245.761,491.522,245.761,0.004735187872958833,0.6136227270983567,0.0,0.0
42,Device,Relu6Grad,gradient_tape/mobilenetv2_1.00_64/block_3_expand_relu/Relu6/Relu6Grad,2,480.256,240.128,480.256,240.128,0.00462665432496555,0.6182493814233223,0.0,0.0
43,Device,DepthwiseConv2dNativeBackpropFilter,gradient_tape/mobilenetv2_1.00_64/block_2_depthwise/depthwise/DepthwiseConv2dNativeBackpropFilter,2,478.21,239.105,478.21,239.105,0.004606943723226313,0.6228563251465487,0.0,0.0
44,Device,Conv2DBackpropFilter,gradient_tape/mobilenetv2_1.00_64/block_2_project/Conv2D/Conv2DBackpropFilter,2,464.896,232.448,464.896,232.448,0.004478680306043412,0.627335005452592,0.0,0.0
45,Device,Conv2DBackpropFilter,gradient_tape/mobilenetv2_1.00_64/block_2_expand/Conv2D/Conv2DBackpropFilter,2,436.224,218.112,436.224,218.112,0.004202462137388752,0.6315374675899807,0.0,0.0
46,Device,Conv2DBackpropFilter,gradient_tape/mobilenetv2_1.00_64/block_3_expand/Conv2D/Conv2DBackpropFilter,2,430.082,215.041,430.082,215.041,0.004143291797270276,0.635680759387251,0.0,0.0
47,Device,Relu6Grad,gradient_tape/mobilenetv2_1.00_64/expanded_conv_depthwise_relu/Relu6/Relu6Grad,2,429.058,214.529,429.058,214.529,0.0041334268626754675,0.6398141862499265,0.0,0.0
48,Device,Relu6Grad,gradient_tape/mobilenetv2_1.00_64/Conv1_relu/Relu6/Relu6Grad,2,421.89,210.945,421.89,210.945,0.004064372320511802,0.6438785585704383,0.0,0.0
49,Device,Conv2DBackpropFilter,gradient_tape/mobilenetv2_1.00_64/block_1_project/Conv2D/Conv2DBackpropFilter,2,420.866,210.433,420.866,210.433,0.0040545073859169925,0.6479330659563552,0.0,0.0
50,Device,DepthwiseConv2dNativeBackpropFilter,gradient_tape/mobilenetv2_1.00_64/expanded_conv_depthwise/depthwise/DepthwiseConv2dNativeBackpropFilter,2,410.626,205.313,410.626,205.313,0.0039558580399689,0.6518889239963241,0.0,0.0
51,Device,FusedBatchNormV3,mobilenetv2_1.00_64/expanded_conv_project_BN/FusedBatchNormV3,4,396.288,99.072,396.288,99.072,0.00381772968819119,0.6557066536845153,0.0,0.0
52,Device,Pad,mobilenetv2_1.00_64/block_3_pad/Pad,2,374.784,187.392,374.784,187.392,0.003610566061700195,0.6593172197462155,0.0,0.0
53,Device,Slice,gradient_tape/mobilenetv2_1.00_64/block_3_pad/Slice_1,2,367.618,183.809,367.618,183.809,0.0035415307869869107,0.6628587505332024,0.0,0.0
54,Device,Conv2D,mobilenetv2_1.00_64/Conv1/Conv2D,2,355.332,177.666,355.332,177.666,0.0034231708392995796,0.666281921372502,0.0,0.0
55,Device,DepthwiseConv2dNative,mobilenetv2_1.00_64/block_2_depthwise/depthwise,2,327.681,163.8405,327.681,163.8405,0.0031567887040641583,0.6694387100765661,0.0,0.0
56,Device,Relu6Grad,gradient_tape/mobilenetv2_1.00_64/block_1_depthwise_relu/Relu6/Relu6Grad,2,327.68,163.84,327.68,163.84,0.0031567790703389683,0.672595489146905,0.0,0.0
57,Device,Relu6,mobilenetv2_1.00_64/block_2_depthwise_relu/Relu6,2,326.658,163.329,326.658,163.329,0.0031469334031945396,0.6757424225500995,0.0,0.0
58,Device,Relu6,mobilenetv2_1.00_64/block_3_expand_relu/Relu6,2,325.634,162.817,325.634,162.817,0.0031370684685997304,0.6788794910186993,0.0,0.0
59,Device,FusedBatchNormV3,mobilenetv2_1.00_64/block_1_depthwise_BN/FusedBatchNormV3,4,324.61,81.1525,324.61,81.1525,0.0031272035340049213,0.6820066945527042,0.0,0.0
60,Device,Relu6,mobilenetv2_1.00_64/block_2_expand_relu/Relu6,2,323.586,161.793,323.586,161.793,0.0031173385994101117,0.6851240331521143,0.0,0.0
61,Device,Conv2DBackpropFilter,gradient_tape/mobilenetv2_1.00_64/block_13_expand/Conv2D/Conv2DBackpropFilter,2,304.13,152.065,304.13,152.065,0.0029299048421087353,0.6880539379942231,0.0,0.0
62,Device,Conv2DBackpropFilter,gradient_tape/mobilenetv2_1.00_64/block_11_expand/Conv2D/Conv2DBackpropFilter,2,303.105,151.5525,303.105,151.5525,0.002920030273788736,0.6909739682680118,0.0,0.0
63,Device,Conv2DBackpropFilter,gradient_tape/mobilenetv2_1.00_64/block_12_expand/Conv2D/Conv2DBackpropFilter,2,303.104,151.552,303.104,151.552,0.0029200206400635457,0.6938939889080754,0.0,0.0
64,Device,Conv2DBackpropFilter,gradient_tape/mobilenetv2_1.00_64/block_4_expand/Conv2D/Conv2DBackpropFilter,4,290.818,72.7045,290.818,72.7045,0.0028016606923762146,0.6966956496004516,0.0,0.0
65,Device,Conv2DBackpropFilter,gradient_tape/mobilenetv2_1.00_64/block_5_expand/Conv2D/Conv2DBackpropFilter,4,289.794,72.4485,289.794,72.4485,0.0027917957577814055,0.699487445358233,0.0,0.0
66,Device,Relu6,mobilenetv2_1.00_64/Conv1_relu/Relu6,2,289.792,144.896,289.792,144.896,0.002791776490331025,0.7022792218485641,0.0,0.0
67,Device,Conv2DBackpropFilter,gradient_tape/mobilenetv2_1.00_64/block_6_expand/Conv2D/Conv2DBackpropFilter,4,287.744,71.936,287.744,71.936,0.0027720466211414068,0.7050512684697054,0.0,0.0
68,Device,Relu6,mobilenetv2_1.00_64/expanded_conv_depthwise_relu/Relu6,2,287.744,143.872,287.744,143.872,0.0027720466211414068,0.7078233150908468,0.0,0.0
69,Device,DepthwiseConv2dNative,mobilenetv2_1.00_64/expanded_conv_depthwise/depthwise,2,285.698,142.849,285.698,142.849,0.0027523360194021684,0.710575651110249,0.0,0.0
70,Device,Conv2D,mobilenetv2_1.00_64/block_3_expand/Conv2D,2,278.528,139.264,278.528,139.264,0.002683262209788123,0.7132589133200371,0.0,0.0
71,Device,Conv2D,mobilenetv2_1.00_64/block_2_expand/Conv2D,2,277.504,138.752,277.504,138.752,0.002673397275193314,0.7159323105952304,0.0,0.0
72,Device,Conv2DBackpropInput,gradient_tape/mobilenetv2_1.00_64/Conv_1/Conv2D/Conv2DBackpropInput,2,276.481,138.2405,276.481,138.2405,0.002663541974323695,0.7185958525695542,0.0,0.0
73,Device,Conv2DBackpropInput,gradient_tape/mobilenetv2_1.00_64/block_2_project/Conv2D/Conv2DBackpropInput,2,272.386,136.193,272.386,136.193,0.002624091869669648,0.7212199444392238,0.0,0.0
74,Device,FusedBatchNormGradV3,gradient_tape/mobilenetv2_1.00_64/block_4_depthwise_BN/FusedBatchNormGradV3,2,270.338,135.169,270.338,135.169,0.0026043620004800295,0.7238243064397037,0.0,0.0
75,Device,FusedBatchNormGradV3,gradient_tape/mobilenetv2_1.00_64/block_5_depthwise_BN/FusedBatchNormGradV3,2,270.338,135.169,270.338,135.169,0.0026043620004800295,0.7264286684401837,0.0,0.0
76,Device,FusedBatchNormGradV3,gradient_tape/mobilenetv2_1.00_64/block_4_expand_BN/FusedBatchNormGradV3,2,270.336,135.168,270.336,135.168,0.002604342733029649,0.7290330111732134,0.0,0.0
77,Device,FusedBatchNormGradV3,gradient_tape/mobilenetv2_1.00_64/block_5_expand_BN/FusedBatchNormGradV3,2,270.336,135.168,270.336,135.168,0.002604342733029649,0.7316373539062431,0.0,0.0
78,Device,FusedBatchNormGradV3,gradient_tape/mobilenetv2_1.00_64/block_6_expand_BN/FusedBatchNormGradV3,2,269.314,134.657,269.314,134.657,0.0025944970658852203,0.7342318509721283,0.0,0.0
79,Device,DepthwiseConv2dNative,mobilenetv2_1.00_64/block_3_depthwise/depthwise,2,269.314,134.657,269.314,134.657,0.0025944970658852203,0.7368263480380135,0.0,0.0
80,Device,Conv2D,mobilenetv2_1.00_64/expanded_conv_project/Conv2D,2,238.594,119.297,238.594,119.297,0.002298549028040942,0.7391248970660544,0.0,0.0
81,Device,Conv2DBackpropInput,gradient_tape/mobilenetv2_1.00_64/expanded_conv_project/Conv2D/Conv2DBackpropInput,2,237.568,118.784,237.568,118.784,0.0022886648259957524,0.7414135618920502,0.0,0.0
82,Device,Conv2DBackpropFilter,gradient_tape/mobilenetv2_1.00_64/block_12_project/Conv2D/Conv2DBackpropFilter,4,235.522,58.8805,235.522,58.8805,0.002268954224256514,0.7436825161163068,0.0,0.0
83,Device,Conv2DBackpropInput,gradient_tape/mobilenetv2_1.00_64/block_3_expand/Conv2D/Conv2DBackpropInput,2,235.52,117.76,235.52,117.76,0.0022689349568061337,0.7459514510731129,0.0,0.0
84,Device,Conv2DBackpropInput,gradient_tape/mobilenetv2_1.00_64/block_2_expand/Conv2D/Conv2DBackpropInput,2,234.497,117.2485,234.497,117.2485,0.0022590796559365145,0.7482105307290494,0.0,0.0
85,Device,Conv2DBackpropFilter,gradient_tape/mobilenetv2_1.00_64/block_11_project/Conv2D/Conv2DBackpropFilter,4,233.472,58.368,233.472,58.368,0.002249205087616515,0.7504597358166659,0.0,0.0
86,Device,Conv2D,mobilenetv2_1.00_64/block_16_project/Conv2D,4,232.448,58.112,232.448,58.112,0.002239340153021706,0.7526990759696877,0.0,0.0
87,Device,Relu6,mobilenetv2_1.00_64/block_1_depthwise_relu/Relu6,2,218.112,109.056,218.112,109.056,0.002101231068694376,0.7548003070383821,0.0,0.0
88,Device,Conv2DBackpropFilter,gradient_tape/mobilenetv2_1.00_64/block_5_project/Conv2D/Conv2DBackpropFilter,2,216.065,108.0325,216.065,108.0325,0.0020815108332299477,0.756881817871612,0.0,0.0
89,Device,Conv2DBackpropFilter,gradient_tape/mobilenetv2_1.00_64/block_4_project/Conv2D/Conv2DBackpropFilter,2,214.018,107.009,214.018,107.009,0.0020617905977655194,0.7589436084693776,0.0,0.0
90,Device,Conv2DBackpropFilter,gradient_tape/mobilenetv2_1.00_64/block_3_project/Conv2D/Conv2DBackpropFilter,2,211.97,105.985,211.97,105.985,0.0020420607285759006,0.7609856691979535,0.0,0.0
91,Device,Conv2DBackpropFilter,gradient_tape/mobilenetv2_1.00_64/Conv_1/Conv2D/Conv2DBackpropFilter,4,207.873,51.96825,207.873,51.96825,0.002002591356471473,0.762988260554425,0.0,0.0
92,Device,DepthwiseConv2dNativeBackpropInput,gradient_tape/mobilenetv2_1.00_64/block_5_depthwise/depthwise/DepthwiseConv2dNativeBackpropInput,2,206.85,103.425,206.85,103.425,0.0019927360556018544,0.7649809966100269,0.0,0.0
93,Device,FusedBatchNormGradV3,gradient_tape/mobilenetv2_1.00_64/block_2_project_BN/FusedBatchNormGradV3,2,206.849,103.4245,206.849,103.4245,0.001992726421876664,0.7669737230319036,0.0,0.0
94,Device,DepthwiseConv2dNativeBackpropInput,gradient_tape/mobilenetv2_1.00_64/block_4_depthwise/depthwise/DepthwiseConv2dNativeBackpropInput,2,205.824,102.912,205.824,102.912,0.0019828518535566645,0.7689565748854602,0.0,0.0
95,Device,FusedBatchNormGradV3,gradient_tape/mobilenetv2_1.00_64/block_1_project_BN/FusedBatchNormGradV3,2,203.776,101.888,203.776,101.888,0.001963121984367046,0.7709196968698273,0.0,0.0
96,Device,DepthwiseConv2dNativeBackpropInput,gradient_tape/mobilenetv2_1.00_64/block_6_depthwise/depthwise/DepthwiseConv2dNativeBackpropInput,2,202.753,101.3765,202.753,101.3765,0.001953266683497427,0.7728729635533247,0.0,0.0
97,Device,FusedBatchNormGradV3,gradient_tape/mobilenetv2_1.00_64/block_3_depthwise_BN/FusedBatchNormGradV3,2,202.752,101.376,202.752,101.376,0.0019532570497722366,0.7748262206030969,0.0,0.0
98,Device,Conv2DBackpropInput,gradient_tape/mobilenetv2_1.00_64/block_1_project/Conv2D/Conv2DBackpropInput,2,201.73,100.865,201.73,100.865,0.0019434113826278078,0.7767696319857247,0.0,0.0
99,Device,Conv2D,mobilenetv2_1.00_64/block_2_project/Conv2D,2,199.68,99.84,199.68,99.84,0.001923662245987809,0.7786932942317125,0.0,0.0
100,Device,DepthwiseConv2dNativeBackpropInput,gradient_tape/mobilenetv2_1.00_64/block_13_depthwise/depthwise/DepthwiseConv2dNativeBackpropInput,2,195.584,97.792,195.584,97.792,0.001884202507608572,0.7805774967393211,0.0,0.0
101,Device,Conv2DBackpropFilter,gradient_tape/mobilenetv2_1.00_64/block_16_project/Conv2D/Conv2DBackpropFilter,2,188.416,94.208,188.416,94.208,0.0018151479654449068,0.782392644704766,0.0,0.0
102,Device,Conv2DBackpropFilter,gradient_tape/mobilenetv2_1.00_64/block_9_expand/Conv2D/Conv2DBackpropFilter,2,181.25,90.625,181.25,90.625,0.0017461126907316225,0.7841387573954977,0.0,0.0
103,Device,Conv2DBackpropFilter,gradient_tape/mobilenetv2_1.00_64/block_7_expand/Conv2D/Conv2DBackpropFilter,2,181.249,90.6245,181.249,90.6245,0.001746103057006432,0.785884860452504,0.0,0.0
104,Device,Conv2DBackpropFilter,gradient_tape/mobilenetv2_1.00_64/block_10_expand/Conv2D/Conv2DBackpropFilter,2,181.248,90.624,181.248,90.624,0.0017460934232812419,0.7876309538757853,0.0,0.0
105,Device,Conv2D,mobilenetv2_1.00_64/Conv_1/Conv2D,2,181.248,90.624,181.248,90.624,0.0017460934232812419,0.7893770472990665,0.0,0.0
106,Device,Conv2DBackpropFilter,gradient_tape/mobilenetv2_1.00_64/block_8_expand/Conv2D/Conv2DBackpropFilter,2,179.201,89.6005,179.201,89.6005,0.0017263731878168135,0.7911034204868833,0.0,0.0
107,Device,Conv2D,mobilenetv2_1.00_64/block_1_project/Conv2D,2,177.154,88.577,177.154,88.577,0.0017066529523523852,0.7928100734392357,0.0,0.0
108,Device,FusedBatchNormV3,mobilenetv2_1.00_64/block_5_depthwise_BN/FusedBatchNormV3,4,175.106,43.7765,175.106,43.7765,0.0016869230831627667,0.7944969965223985,0.0,0.0
109,Device,FusedBatchNormV3,mobilenetv2_1.00_64/block_4_depthwise_BN/FusedBatchNormV3,4,175.104,43.776,175.104,43.776,0.0016869038157123863,0.7961839003381108,0.0,0.0
110,Device,Conv2DBackpropFilter,gradient_tape/mobilenetv2_1.00_64/block_10_project/Conv2D/Conv2DBackpropFilter,4,173.057,43.26425,173.057,43.26425,0.0016671835802479578,0.7978510839183588,0.0,0.0
111,Device,FusedBatchNormV3,mobilenetv2_1.00_64/block_5_expand_BN/FusedBatchNormV3,4,169.984,42.496,169.984,42.496,0.00163757914273834,0.7994886630610971,0.0,0.0
112,Device,FusedBatchNormV3,mobilenetv2_1.00_64/block_6_expand_BN/FusedBatchNormV3,4,168.962,42.2405,168.962,42.2405,0.001627733475593911,0.801116396536691,0.0,0.0
113,Device,FusedBatchNormV3,mobilenetv2_1.00_64/block_4_expand_BN/FusedBatchNormV3,4,167.936,41.984,167.936,41.984,0.0016178492735487214,0.8027342458102397,0.0,0.0
114,Device,Relu6Grad,gradient_tape/mobilenetv2_1.00_64/block_4_expand_relu/Relu6/Relu6Grad,2,162.818,81.409,162.818,81.409,0.0015685438680250556,0.8043027896782647,0.0,0.0
115,Device,Relu6Grad,gradient_tape/mobilenetv2_1.00_64/block_6_expand_relu/Relu6/Relu6Grad,2,162.816,81.408,162.816,81.408,0.001568524600574675,0.8058713142788394,0.0,0.0
116,Device,Relu6Grad,gradient_tape/mobilenetv2_1.00_64/block_5_expand_relu/Relu6/Relu6Grad,2,161.792,80.896,161.792,80.896,0.0015586596659798657,0.8074299739448193,0.0,0.0
117,Device,Conv2DBackpropInput,gradient_tape/mobilenetv2_1.00_64/block_16_expand/Conv2D/Conv2DBackpropInput,4,159.745,39.93625,159.745,39.93625,0.0015389394305154373,0.8089689133753347,0.0,0.0
118,Device,Conv2DBackpropInput,gradient_tape/mobilenetv2_1.00_64/block_14_expand/Conv2D/Conv2DBackpropInput,4,159.744,39.936,159.744,39.936,0.0015389297967902471,0.810507843172125,0.0,0.0
119,Device,Relu6Grad,gradient_tape/mobilenetv2_1.00_64/block_5_depthwise_relu/Relu6/Relu6Grad,2,159.744,79.872,159.744,79.872,0.0015389297967902471,0.8120467729689153,0.0,0.0
120,Device,Relu6Grad,gradient_tape/mobilenetv2_1.00_64/block_4_depthwise_relu/Relu6/Relu6Grad,2,158.72,79.36,158.72,79.36,0.0015290648621954378,0.8135758378311106,0.0,0.0
121,Device,Conv2DBackpropInput,gradient_tape/mobilenetv2_1.00_64/block_15_expand/Conv2D/Conv2DBackpropInput,4,157.697,39.42425,157.697,39.42425,0.0015192095613258188,0.8150950473924364,0.0,0.0
122,Device,Mean,mobilenetv2_1.00_64/global_average_pooling2d/Mean,2,157.696,78.848,157.696,78.848,0.0015191999276006286,0.8166142473200371,0.0,0.0
123,Device,Conv2DBackpropFilter,gradient_tape/mobilenetv2_1.00_64/block_14_expand/Conv2D/Conv2DBackpropFilter,4,156.672,39.168,156.672,39.168,0.0015093349930058193,0.8181235823130429,0.0,0.0
124,Device,Conv2DBackpropFilter,gradient_tape/mobilenetv2_1.00_64/block_16_expand/Conv2D/Conv2DBackpropFilter,4,155.648,38.912,155.648,38.912,0.00149947005841101,0.8196230523714539,0.0,0.0
125,Device,Conv2DBackpropFilter,gradient_tape/mobilenetv2_1.00_64/block_15_expand/Conv2D/Conv2DBackpropFilter,4,154.625,38.65625,154.625,38.65625,0.001489614757541391,0.8211126671289953,0.0,0.0
126,Device,DepthwiseConv2dNativeBackpropInput,gradient_tape/mobilenetv2_1.00_64/block_11_depthwise/depthwise/DepthwiseConv2dNativeBackpropInput,2,152.576,76.288,152.576,76.288,0.001469875254626582,0.8225825423836219,0.0,0.0
127,Device,DepthwiseConv2dNativeBackpropInput,gradient_tape/mobilenetv2_1.00_64/block_12_depthwise/depthwise/DepthwiseConv2dNativeBackpropInput,2,152.576,76.288,152.576,76.288,0.001469875254626582,0.8240524176382485,0.0,0.0
128,Device,Pad,mobilenetv2_1.00_64/block_6_pad/Pad,2,150.528,75.264,150.528,75.264,0.0014501453854369635,0.8255025630236855,0.0,0.0
129,Device,Conv2DBackpropInput,gradient_tape/mobilenetv2_1.00_64/block_16_project/Conv2D/Conv2DBackpropInput,2,149.505,74.7525,149.505,74.7525,0.0014402900845673445,0.8269428531082529,0.0,0.0
130,Device,Conv2DBackpropInput,gradient_tape/mobilenetv2_1.00_64/block_13_expand/Conv2D/Conv2DBackpropInput,2,148.48,74.24,148.48,74.24,0.001430415516247345,0.8283732686245002,0.0,0.0
131,Device,Conv2DBackpropFilter,gradient_tape/mobilenetv2_1.00_64/block_15_project/Conv2D/Conv2DBackpropFilter,4,147.457,36.86425,147.457,36.86425,0.001420560215377726,0.829793828839878,0.0,0.0
132,Device,Conv2DBackpropFilter,gradient_tape/mobilenetv2_1.00_64/block_14_project/Conv2D/Conv2DBackpropFilter,4,147.456,36.864,147.456,36.864,0.0014205505816525356,0.8312143794215305,0.0,0.0
133,Device,Conv2DBackpropInput,gradient_tape/mobilenetv2_1.00_64/block_11_expand/Conv2D/Conv2DBackpropInput,2,146.433,73.2165,146.433,73.2165,0.0014106952807829167,0.8326250747023135,0.0,0.0
134,Device,Conv2DBackpropInput,gradient_tape/mobilenetv2_1.00_64/block_12_expand/Conv2D/Conv2DBackpropInput,2,146.433,73.2165,146.433,73.2165,0.0014106952807829167,0.8340357699830965,0.0,0.0
135,Device,SoftmaxCrossEntropyWithLogits,categorical_crossentropy/softmax_cross_entropy_with_logits,2,141.312,70.656,141.312,70.656,0.0013613609740836803,0.8353971309571802,0.0,0.0
136,Device,FusedBatchNormGradV3,gradient_tape/mobilenetv2_1.00_64/block_11_depthwise_BN/FusedBatchNormGradV3,2,136.193,68.0965,136.193,68.0965,0.001312045934834824,0.836709176892015,0.0,0.0
137,Device,FusedBatchNormGradV3,gradient_tape/mobilenetv2_1.00_64/block_12_depthwise_BN/FusedBatchNormGradV3,2,134.146,67.073,134.146,67.073,0.0012923256993703956,0.8380015025913854,0.0,0.0
138,Device,FusedBatchNormGradV3,gradient_tape/mobilenetv2_1.00_64/block_13_expand_BN/FusedBatchNormGradV3,2,134.144,67.072,134.144,67.072,0.0012923064319200152,0.8392938090233054,0.0,0.0
139,Device,Conv2DBackpropFilter,gradient_tape/mobilenetv2_1.00_64/block_8_project/Conv2D/Conv2DBackpropFilter,4,134.144,33.536,134.144,33.536,0.0012923064319200152,0.8405861154552254,0.0,0.0
140,Device,FusedBatchNormGradV3,gradient_tape/mobilenetv2_1.00_64/block_11_expand_BN/FusedBatchNormGradV3,2,133.121,66.5605,133.121,66.5605,0.0012824511310503962,0.8418685665862758,0.0,0.0
141,Device,Slice,gradient_tape/mobilenetv2_1.00_64/block_6_pad/Slice_1,2,133.12,66.56,133.12,66.56,0.001282441497325206,0.8431510080836011,0.0,0.0
142,Device,Conv2DBackpropFilter,gradient_tape/mobilenetv2_1.00_64/block_7_project/Conv2D/Conv2DBackpropFilter,4,133.12,33.28,133.12,33.28,0.001282441497325206,0.8444334495809264,0.0,0.0
143,Device,FusedBatchNormGradV3,gradient_tape/mobilenetv2_1.00_64/block_12_expand_BN/FusedBatchNormGradV3,2,132.097,66.0485,132.097,66.0485,0.0012725861964555869,0.8457060357773819,0.0,0.0
144,Device,Transpose,gradient_tape/mobilenetv2_1.00_64/Conv1/Conv2D/Conv2DBackpropFilter-0-TransposeNHWCToNCHW-LayoutOptimizer,2,129.025,64.5125,129.025,64.5125,0.0012429913926711592,0.846949027170053,0.0,0.0
145,Device,Pad,mobilenetv2_1.00_64/block_13_pad/Pad,2,129.024,64.512,129.024,64.512,0.0012429817589459688,0.848192008928999,0.0,0.0
146,Device,DepthwiseConv2dNativeBackpropFilter,gradient_tape/mobilenetv2_1.00_64/block_13_depthwise/depthwise/DepthwiseConv2dNativeBackpropFilter,2,128.001,64.0005,128.001,64.0005,0.0012331264580763498,0.8494251353870754,0.0,0.0
147,Device,DepthwiseConv2dNativeBackpropFilter,gradient_tape/mobilenetv2_1.00_64/block_4_depthwise/depthwise/DepthwiseConv2dNativeBackpropFilter,2,126.976,63.488,126.976,63.488,0.0012232518897563503,0.8506483872768318,0.0,0.0
148,Device,Conv2DBackpropFilter,gradient_tape/mobilenetv2_1.00_64/block_9_project/Conv2D/Conv2DBackpropFilter,4,125.953,31.48825,125.953,31.48825,0.0012133965888867313,0.8518617838657185,0.0,0.0
149,Device,DepthwiseConv2dNativeBackpropFilter,gradient_tape/mobilenetv2_1.00_64/block_5_depthwise/depthwise/DepthwiseConv2dNativeBackpropFilter,2,125.952,62.976,125.952,62.976,0.001213386955161541,0.85307517082088,0.0,0.0
150,Device,Conv2DBackpropInput,gradient_tape/mobilenetv2_1.00_64/block_11_project/Conv2D/Conv2DBackpropInput,2,124.928,62.464,124.928,62.464,0.0012035220205667317,0.8542786928414468,0.0,0.0
151,Device,Conv2DBackpropInput,gradient_tape/mobilenetv2_1.00_64/block_12_project/Conv2D/Conv2DBackpropInput,2,124.928,62.464,124.928,62.464,0.0012035220205667317,0.8554822148620135,0.0,0.0
152,Device,FusedBatchNormV3,mobilenetv2_1.00_64/block_3_depthwise_BN/FusedBatchNormV3,4,124.928,31.232,124.928,31.232,0.0012035220205667317,0.8566857368825802,0.0,0.0
153,Device,Relu6Grad,gradient_tape/mobilenetv2_1.00_64/block_11_expand_relu/Relu6/Relu6Grad,2,123.904,61.952,123.904,61.952,0.0011936570859719224,0.8578793939685522,0.0,0.0
154,Device,DepthwiseConv2dNative,mobilenetv2_1.00_64/block_11_depthwise/depthwise,2,123.904,61.952,123.904,61.952,0.0011936570859719224,0.8590730510545241,0.0,0.0
155,Device,Relu6Grad,gradient_tape/mobilenetv2_1.00_64/block_12_expand_relu/Relu6/Relu6Grad,2,122.881,61.4405,122.881,61.4405,0.0011838017851023034,0.8602568528396265,0.0,0.0
156,Device,Conv2D,mobilenetv2_1.00_64/block_11_project/Conv2D,2,122.881,61.4405,122.881,61.4405,0.0011838017851023034,0.8614406546247289,0.0,0.0
157,Device,DepthwiseConv2dNative,mobilenetv2_1.00_64/block_12_depthwise/depthwise,2,122.88,61.44,122.88,61.44,0.001183792151377113,0.862624446776106,0.0,0.0
158,Device,Conv2D,mobilenetv2_1.00_64/block_12_project/Conv2D,2,122.88,61.44,122.88,61.44,0.001183792151377113,0.863808238927483,0.0,0.0
159,Device,Conv2DBackpropFilter,gradient_tape/mobilenetv2_1.00_64/block_13_project/Conv2D/Conv2DBackpropFilter,4,121.857,30.46425,121.857,30.46425,0.001173936850507494,0.8649821757779905,0.0,0.0
160,Device,Relu6Grad,gradient_tape/mobilenetv2_1.00_64/block_13_expand_relu/Relu6/Relu6Grad,2,121.856,60.928,121.856,60.928,0.0011739272167823039,0.8661561029947729,0.0,0.0
161,Device,Relu6Grad,gradient_tape/mobilenetv2_1.00_64/block_3_depthwise_relu/Relu6/Relu6Grad,2,119.808,59.904,119.808,59.904,0.0011541973475926854,0.8673103003423656,0.0,0.0
162,Device,Relu6Grad,gradient_tape/mobilenetv2_1.00_64/block_11_depthwise_relu/Relu6/Relu6Grad,2,118.784,59.392,118.784,59.392,0.0011443324129978762,0.8684546327553634,0.0,0.0
163,Device,Relu6Grad,gradient_tape/mobilenetv2_1.00_64/block_12_depthwise_relu/Relu6/Relu6Grad,2,118.784,59.392,118.784,59.392,0.0011443324129978762,0.8695989651683612,0.0,0.0
164,Device,Conv2D,mobilenetv2_1.00_64/block_15_project/Conv2D,2,115.712,57.856,115.712,57.856,0.0011147376092134483,0.8707137027775746,0.0,0.0
165,Device,DepthwiseConv2dNative,mobilenetv2_1.00_64/block_4_depthwise/depthwise,2,114.689,57.3445,114.689,57.3445,0.0011048823083438292,0.8718185850859185,0.0,0.0
166,Device,Conv2D,mobilenetv2_1.00_64/block_14_project/Conv2D,2,113.664,56.832,113.664,56.832,0.0010950077400238296,0.8729135928259423,0.0,0.0
167,Device,DepthwiseConv2dNative,mobilenetv2_1.00_64/block_5_depthwise/depthwise,2,112.64,56.32,112.64,56.32,0.0010851428054290204,0.8739987356313713,0.0,0.0
168,Device,Relu6,mobilenetv2_1.00_64/block_6_expand_relu/Relu6,2,112.64,56.32,112.64,56.32,0.0010851428054290204,0.8750838784368004,0.0,0.0
169,Device,Relu6,mobilenetv2_1.00_64/block_4_expand_relu/Relu6,2,111.616,55.808,111.616,55.808,0.001075277870834211,0.8761591563076345,0.0,0.0
170,Device,Relu6,mobilenetv2_1.00_64/block_5_expand_relu/Relu6,2,111.616,55.808,111.616,55.808,0.001075277870834211,0.8772344341784687,0.0,0.0
171,Device,Relu6,mobilenetv2_1.00_64/block_4_depthwise_relu/Relu6,2,110.592,55.296,110.592,55.296,0.0010654129362394017,0.8782998471147081,0.0,0.0
172,Device,Relu6,mobilenetv2_1.00_64/block_5_depthwise_relu/Relu6,2,110.592,55.296,110.592,55.296,0.0010654129362394017,0.8793652600509475,0.0,0.0
173,Device,Conv2D,mobilenetv2_1.00_64/block_13_expand/Conv2D,2,109.568,54.784,109.568,54.784,0.0010555480016445926,0.8804208080525922,0.0,0.0
174,Device,Conv2D,mobilenetv2_1.00_64/block_11_expand/Conv2D,2,108.544,54.272,108.544,54.272,0.0010456830670497832,0.8814664911196419,0.0,0.0
175,Device,FusedBatchNormV3,mobilenetv2_1.00_64/block_2_project_BN/FusedBatchNormV3,4,107.522,26.8805,107.522,26.8805,0.0010358373999053544,0.8825023285195472,0.0,0.0
176,Device,Conv2D,mobilenetv2_1.00_64/block_12_expand/Conv2D,2,107.52,53.76,107.52,53.76,0.001035818132454974,0.8835381466520023,0.0,0.0
177,Device,FusedBatchNormV3,mobilenetv2_1.00_64/block_1_project_BN/FusedBatchNormV3,4,107.52,26.88,107.52,26.88,0.001035818132454974,0.8845739647844573,0.0,0.0
178,Device,DepthwiseConv2dNativeBackpropInput,gradient_tape/mobilenetv2_1.00_64/block_8_depthwise/depthwise/DepthwiseConv2dNativeBackpropInput,2,104.449,52.2245,104.449,52.2245,0.0010062329623957364,0.885580197746853,0.0,0.0
179,Device,DepthwiseConv2dNativeBackpropInput,gradient_tape/mobilenetv2_1.00_64/block_10_depthwise/depthwise/DepthwiseConv2dNativeBackpropInput,2,104.448,52.224,104.448,52.224,0.0010062233286705462,0.8865864210755235,0.0,0.0
180,Device,DepthwiseConv2dNativeBackpropInput,gradient_tape/mobilenetv2_1.00_64/block_7_depthwise/depthwise/DepthwiseConv2dNativeBackpropInput,2,104.448,52.224,104.448,52.224,0.0010062233286705462,0.887592644404194,0.0,0.0
181,Device,DepthwiseConv2dNativeBackpropInput,gradient_tape/mobilenetv2_1.00_64/block_9_depthwise/depthwise/DepthwiseConv2dNativeBackpropInput,2,104.448,52.224,104.448,52.224,0.0010062233286705462,0.8885988677328646,0.0,0.0
182,Device,Conv2DBackpropInput,gradient_tape/mobilenetv2_1.00_64/block_5_project/Conv2D/Conv2DBackpropInput,2,103.424,51.712,103.424,51.712,0.000996358394075737,0.8895952261269403,0.0,0.0
183,Device,Conv2DBackpropInput,gradient_tape/mobilenetv2_1.00_64/block_4_project/Conv2D/Conv2DBackpropInput,2,102.4,51.2,102.4,51.2,0.0009864934594809277,0.8905817195864212,0.0,0.0
184,Device,Conv2D,mobilenetv2_1.00_64/block_4_expand/Conv2D,2,101.376,50.688,101.376,50.688,0.0009766285248861183,0.8915583481113073,0.0,0.0
185,Device,Conv2D,mobilenetv2_1.00_64/block_6_expand/Conv2D,2,101.376,50.688,101.376,50.688,0.0009766285248861183,0.8925349766361934,0.0,0.0
186,Device,Conv2D,mobilenetv2_1.00_64/block_5_expand/Conv2D,2,100.353,50.1765,100.353,50.1765,0.0009667732240164992,0.8935017498602099,0.0,0.0
187,Device,Conv2DBackpropInput,gradient_tape/mobilenetv2_1.00_64/block_10_expand/Conv2D/Conv2DBackpropInput,2,100.352,50.176,100.352,50.176,0.0009667635902913091,0.8944685134505013,0.0,0.0
188,Device,DepthwiseConv2dNative,mobilenetv2_1.00_64/block_6_depthwise/depthwise,2,99.328,49.664,99.328,49.664,0.0009568986556964998,0.8954254121061977,0.0,0.0
189,Device,Slice,gradient_tape/mobilenetv2_1.00_64/block_13_pad/Slice_1,2,97.281,48.6405,97.281,48.6405,0.0009371784202320716,0.8963625905264299,0.0,0.0
190,Device,DepthwiseConv2dNative,mobilenetv2_1.00_64/block_13_depthwise/depthwise,2,97.28,48.64,97.28,48.64,0.0009371687865068813,0.8972997593129367,0.0,0.0
191,Device,Conv2D,mobilenetv2_1.00_64/block_14_expand/Conv2D,2,97.28,48.64,97.28,48.64,0.0009371687865068813,0.8982369280994436,0.0,0.0
192,Device,Conv2DBackpropInput,gradient_tape/mobilenetv2_1.00_64/block_4_expand/Conv2D/Conv2DBackpropInput,2,96.256,48.128,96.256,48.128,0.000927303851912072,0.8991642319513556,0.0,0.0
193,Device,FusedBatchNormGradV3,gradient_tape/mobilenetv2_1.00_64/block_10_expand_BN/FusedBatchNormGradV3,2,95.232,47.616,95.232,47.616,0.0009174389173172626,0.9000816708686729,0.0,0.0
194,Device,Conv2DBackpropInput,gradient_tape/mobilenetv2_1.00_64/block_6_expand/Conv2D/Conv2DBackpropInput,2,95.232,47.616,95.232,47.616,0.0009174389173172626,0.9009991097859901,0.0,0.0
195,Device,Conv2DBackpropFilter,gradient_tape/mobilenetv2_1.00_64/block_6_project/Conv2D/Conv2DBackpropFilter,4,95.232,23.808,95.232,23.808,0.0009174389173172626,0.9019165487033073,0.0,0.0
196,Device,FusedBatchNormV3,mobilenetv2_1.00_64/block_12_expand_BN/FusedBatchNormV3,4,95.232,23.808,95.232,23.808,0.0009174389173172626,0.9028339876206245,0.0,0.0
197,Device,Conv2D,mobilenetv2_1.00_64/block_16_expand/Conv2D,2,95.232,47.616,95.232,47.616,0.0009174389173172626,0.9037514265379417,0.0,0.0
198,Device,FusedBatchNormV3,mobilenetv2_1.00_64/block_12_depthwise_BN/FusedBatchNormV3,4,94.21,23.5525,94.21,23.5525,0.0009075932501728339,0.9046590197881146,0.0,0.0
199,Device,Conv2DBackpropInput,gradient_tape/mobilenetv2_1.00_64/block_5_expand/Conv2D/Conv2DBackpropInput,2,94.208,47.104,94.208,47.104,0.0009075739827224534,0.905566593770837,0.0,0.0
200,Device,FusedBatchNormV3,mobilenetv2_1.00_64/block_11_depthwise_BN/FusedBatchNormV3,4,94.208,23.552,94.208,23.552,0.0009075739827224534,0.9064741677535595,0.0,0.0
201,Device,FusedBatchNormV3,mobilenetv2_1.00_64/block_13_expand_BN/FusedBatchNormV3,4,94.208,23.552,94.208,23.552,0.0009075739827224534,0.9073817417362819,0.0,0.0
202,Device,Conv2DBackpropInput,gradient_tape/mobilenetv2_1.00_64/block_8_expand/Conv2D/Conv2DBackpropInput,2,93.185,46.5925,93.185,46.5925,0.0008977186818528344,0.9082794604181348,0.0,0.0
203,Device,Conv2DBackpropInput,gradient_tape/mobilenetv2_1.00_64/block_7_expand/Conv2D/Conv2DBackpropInput,2,93.184,46.592,93.184,46.592,0.0008977090481276441,0.9091771694662625,0.0,0.0
204,Device,FusedBatchNormGradV3,gradient_tape/mobilenetv2_1.00_64/block_8_expand_BN/FusedBatchNormGradV3,2,93.184,46.592,93.184,46.592,0.0008977090481276441,0.9100748785143902,0.0,0.0
205,Device,Conv2D,mobilenetv2_1.00_64/block_15_expand/Conv2D,2,93.184,46.592,93.184,46.592,0.0008977090481276441,0.9109725875625179,0.0,0.0
206,Device,FusedBatchNormV3,mobilenetv2_1.00_64/block_11_expand_BN/FusedBatchNormV3,4,92.162,23.0405,92.162,23.0405,0.0008878633809832154,0.9118604509435011,0.0,0.0
207,Device,FusedBatchNormGradV3,gradient_tape/mobilenetv2_1.00_64/block_7_expand_BN/FusedBatchNormGradV3,2,92.161,46.0805,92.161,46.0805,0.0008878537472580251,0.9127483046907591,0.0,0.0
208,Device,Conv2DBackpropInput,gradient_tape/mobilenetv2_1.00_64/block_15_project/Conv2D/Conv2DBackpropInput,2,92.16,46.08,92.16,46.08,0.0008878441135328349,0.9136361488042919,0.0,0.0
209,Device,FusedBatchNormGradV3,gradient_tape/mobilenetv2_1.00_64/block_7_depthwise_BN/FusedBatchNormGradV3,2,92.16,46.08,92.16,46.08,0.0008878441135328349,0.9145239929178247,0.0,0.0
210,Device,FusedBatchNormGradV3,gradient_tape/mobilenetv2_1.00_64/block_8_depthwise_BN/FusedBatchNormGradV3,2,92.16,46.08,92.16,46.08,0.0008878441135328349,0.9154118370313575,0.0,0.0
211,Device,FusedBatchNormGradV3,gradient_tape/mobilenetv2_1.00_64/block_9_depthwise_BN/FusedBatchNormGradV3,2,92.16,46.08,92.16,46.08,0.0008878441135328349,0.9162996811448904,0.0,0.0
212,Device,Conv2DBackpropInput,gradient_tape/mobilenetv2_1.00_64/block_9_expand/Conv2D/Conv2DBackpropInput,2,92.16,46.08,92.16,46.08,0.0008878441135328349,0.9171875252584232,0.0,0.0
213,Device,FusedBatchNormGradV3,gradient_tape/mobilenetv2_1.00_64/block_10_depthwise_BN/FusedBatchNormGradV3,2,91.137,45.5685,91.137,45.5685,0.0008779888126632158,0.9180655140710864,0.0,0.0
214,Device,FusedBatchNormGradV3,gradient_tape/mobilenetv2_1.00_64/block_9_expand_BN/FusedBatchNormGradV3,2,90.112,45.056,90.112,45.056,0.0008681142443432162,0.9189336283154296,0.0,0.0
215,Device,Conv2DBackpropInput,gradient_tape/mobilenetv2_1.00_64/block_14_project/Conv2D/Conv2DBackpropInput,2,89.088,44.544,89.088,44.544,0.000858249309748407,0.919791877625178,0.0,0.0
216,Device,Conv2D,mobilenetv2_1.00_64/block_10_project/Conv2D,2,89.088,44.544,89.088,44.544,0.000858249309748407,0.9206501269349264,0.0,0.0
217,Device,Conv2DBackpropInput,gradient_tape/mobilenetv2_1.00_64/block_10_project/Conv2D/Conv2DBackpropInput,2,88.064,44.032,88.064,44.032,0.0008483843751535977,0.92149851131008,0.0,0.0
218,Device,Conv2DBackpropInput,gradient_tape/mobilenetv2_1.00_64/block_3_project/Conv2D/Conv2DBackpropInput,2,88.064,44.032,88.064,44.032,0.0008483843751535977,0.9223468956852335,0.0,0.0
219,Device,DepthwiseConv2dNative,mobilenetv2_1.00_64/block_7_depthwise/depthwise,2,86.016,43.008,86.016,43.008,0.0008286545059639792,0.9231755501911976,0.0,0.0
220,Device,DepthwiseConv2dNative,mobilenetv2_1.00_64/block_10_depthwise/depthwise,2,84.992,42.496,84.992,42.496,0.00081878957136917,0.9239943397625667,0.0,0.0
221,Device,DepthwiseConv2dNative,mobilenetv2_1.00_64/block_9_depthwise/depthwise,2,84.992,42.496,84.992,42.496,0.00081878957136917,0.9248131293339359,0.0,0.0
222,Device,AddV2,mobilenetv2_1.00_64/block_2_add/add,2,83.968,41.984,83.968,41.984,0.0008089246367743607,0.9256220539707103,0.0,0.0
223,Device,DepthwiseConv2dNative,mobilenetv2_1.00_64/block_8_depthwise/depthwise,2,83.968,41.984,83.968,41.984,0.0008089246367743607,0.9264309786074847,0.0,0.0
224,Device,FusedBatchNormGradV3,gradient_tape/mobilenetv2_1.00_64/Conv_1_bn/FusedBatchNormGradV3,2,82.944,41.472,82.944,41.472,0.0007990597021795515,0.9272300383096642,0.0,0.0
225,Device,DepthwiseConv2dNativeBackpropFilter,gradient_tape/mobilenetv2_1.00_64/block_15_depthwise/depthwise/DepthwiseConv2dNativeBackpropFilter,2,81.921,40.9605,81.921,40.9605,0.0007892044013099324,0.9280192427109741,0.0,0.0
226,Device,Relu6,mobilenetv2_1.00_64/block_3_depthwise_relu/Relu6,2,81.92,40.96,81.92,40.96,0.0007891947675847421,0.9288084374785589,0.0,0.0
227,Device,AddN,SGD/gradients/AddN_9,2,80.896,40.448,80.896,40.448,0.0007793298329899328,0.9295877673115488,0.0,0.0
228,Device,Relu6Grad,gradient_tape/mobilenetv2_1.00_64/block_8_expand_relu/Relu6/Relu6Grad,2,80.896,40.448,80.896,40.448,0.0007793298329899328,0.9303670971445387,0.0,0.0
229,Device,DepthwiseConv2dNativeBackpropFilter,gradient_tape/mobilenetv2_1.00_64/block_14_depthwise/depthwise/DepthwiseConv2dNativeBackpropFilter,2,79.872,39.936,79.872,39.936,0.0007694648983951236,0.9311365620429338,0.0,0.0
230,Device,DepthwiseConv2dNativeBackpropFilter,gradient_tape/mobilenetv2_1.00_64/block_16_depthwise/depthwise/DepthwiseConv2dNativeBackpropFilter,2,79.872,39.936,79.872,39.936,0.0007694648983951236,0.931906026941329,0.0,0.0
231,Device,Conv2D,mobilenetv2_1.00_64/block_13_project/Conv2D,2,79.872,39.936,79.872,39.936,0.0007694648983951236,0.9326754918397241,0.0,0.0
232,Device,Conv2D,mobilenetv2_1.00_64/block_5_project/Conv2D,2,79.872,39.936,79.872,39.936,0.0007694648983951236,0.9334449567381192,0.0,0.0
233,Device,Conv2DBackpropInput,gradient_tape/mobilenetv2_1.00_64/block_13_project/Conv2D/Conv2DBackpropInput,2,78.848,39.424,78.848,39.424,0.0007595999638003143,0.9342045567019195,0.0,0.0
234,Device,Relu6Grad,gradient_tape/mobilenetv2_1.00_64/block_7_expand_relu/Relu6/Relu6Grad,2,78.848,39.424,78.848,39.424,0.0007595999638003143,0.9349641566657197,0.0,0.0
235,Device,Conv2D,mobilenetv2_1.00_64/block_4_project/Conv2D,2,78.848,39.424,78.848,39.424,0.0007595999638003143,0.93572375662952,0.0,0.0
236,Device,Relu6Grad,gradient_tape/mobilenetv2_1.00_64/block_9_expand_relu/Relu6/Relu6Grad,2,77.824,38.912,77.824,38.912,0.000749735029205505,0.9364734916587255,0.0,0.0
237,Device,Relu6Grad,gradient_tape/mobilenetv2_1.00_64/block_10_depthwise_relu/Relu6/Relu6Grad,2,76.8,38.4,76.8,38.4,0.0007398700946106957,0.9372133617533362,0.0,0.0
238,Device,Relu6,mobilenetv2_1.00_64/block_11_depthwise_relu/Relu6,2,72.704,36.352,72.704,36.352,0.0007004103562314586,0.9379137721095677,0.0,0.0
239,Device,Relu6,mobilenetv2_1.00_64/block_11_expand_relu/Relu6,2,72.704,36.352,72.704,36.352,0.0007004103562314586,0.9386141824657992,0.0,0.0
240,Device,Relu6,mobilenetv2_1.00_64/block_12_depthwise_relu/Relu6,2,72.704,36.352,72.704,36.352,0.0007004103562314586,0.9393145928220307,0.0,0.0
241,Device,Conv2D,mobilenetv2_1.00_64/block_8_project/Conv2D,2,72.704,36.352,72.704,36.352,0.0007004103562314586,0.9400150031782621,0.0,0.0
242,Device,Relu6,mobilenetv2_1.00_64/block_13_expand_relu/Relu6,2,71.681,35.8405,71.681,35.8405,0.0006905550553618396,0.940705558233624,0.0,0.0
243,Device,Relu6,mobilenetv2_1.00_64/block_12_expand_relu/Relu6,2,71.68,35.84,71.68,35.84,0.0006905454216366494,0.9413961036552606,0.0,0.0
244,Device,Conv2D,mobilenetv2_1.00_64/block_9_project/Conv2D,2,71.68,35.84,71.68,35.84,0.0006905454216366494,0.9420866490768972,0.0,0.0
245,Device,FusedBatchNormGradV3,gradient_tape/mobilenetv2_1.00_64/block_15_depthwise_BN/FusedBatchNormGradV3,2,70.656,35.328,70.656,35.328,0.0006806804870418401,0.942767329563939,0.0,0.0
246,Device,Relu6Grad,gradient_tape/mobilenetv2_1.00_64/block_7_depthwise_relu/Relu6/Relu6Grad,2,70.656,35.328,70.656,35.328,0.0006806804870418401,0.9434480100509809,0.0,0.0
247,Device,Relu6Grad,gradient_tape/mobilenetv2_1.00_64/block_9_depthwise_relu/Relu6/Relu6Grad,2,70.656,35.328,70.656,35.328,0.0006806804870418401,0.9441286905380227,0.0,0.0
248,Device,Conv2D,mobilenetv2_1.00_64/block_7_project/Conv2D,2,70.656,35.328,70.656,35.328,0.0006806804870418401,0.9448093710250646,0.0,0.0
249,Device,FusedBatchNormV3,mobilenetv2_1.00_64/Conv_1_bn/FusedBatchNormV3,4,69.634,17.4085,69.634,17.4085,0.0006708348198974113,0.945480205844962,0.0,0.0
250,Device,FusedBatchNormGradV3,gradient_tape/mobilenetv2_1.00_64/block_16_depthwise_BN/FusedBatchNormGradV3,2,69.633,34.8165,69.633,34.8165,0.000670825186172221,0.9461510310311342,0.0,0.0
251,Device,Relu6Grad,gradient_tape/mobilenetv2_1.00_64/block_8_depthwise_relu/Relu6/Relu6Grad,2,69.632,34.816,69.632,34.816,0.0006708155524470308,0.9468218465835813,0.0,0.0
252,Device,Relu6Grad,gradient_tape/mobilenetv2_1.00_64/block_10_expand_relu/Relu6/Relu6Grad,2,68.609,34.3045,68.609,34.3045,0.0006609602515774117,0.9474828068351586,0.0,0.0
253,Device,FusedBatchNormGradV3,gradient_tape/mobilenetv2_1.00_64/block_16_expand_BN/FusedBatchNormGradV3,2,68.608,34.304,68.608,34.304,0.0006609506178522215,0.9481437574530108,0.0,0.0
254,Device,Conv2DBackpropInput,gradient_tape/mobilenetv2_1.00_64/block_9_project/Conv2D/Conv2DBackpropInput,2,67.585,33.7925,67.585,33.7925,0.0006510953169826025,0.9487948527699934,0.0,0.0
255,Device,FusedBatchNormGradV3,gradient_tape/mobilenetv2_1.00_64/block_14_depthwise_BN/FusedBatchNormGradV3,2,67.584,33.792,67.584,33.792,0.0006510856832574123,0.9494459384532509,0.0,0.0
256,Device,FusedBatchNormGradV3,gradient_tape/mobilenetv2_1.00_64/block_15_expand_BN/FusedBatchNormGradV3,2,67.584,33.792,67.584,33.792,0.0006510856832574123,0.9500970241365083,0.0,0.0
257,Device,Conv2D,mobilenetv2_1.00_64/block_8_expand/Conv2D,2,66.562,33.281,66.562,33.281,0.0006412400161129834,0.9507382641526213,0.0,0.0
258,Device,Conv2DBackpropInput,gradient_tape/mobilenetv2_1.00_64/block_7_project/Conv2D/Conv2DBackpropInput,2,66.561,33.2805,66.561,33.2805,0.0006412303823877933,0.9513794945350091,0.0,0.0
259,Device,Conv2DBackpropInput,gradient_tape/mobilenetv2_1.00_64/block_8_project/Conv2D/Conv2DBackpropInput,2,66.561,33.2805,66.561,33.2805,0.0006412303823877933,0.952020724917397,0.0,0.0
260,Device,Conv2D,mobilenetv2_1.00_64/block_9_expand/Conv2D,2,65.537,32.7685,65.537,32.7685,0.000631365447792984,0.9526520903651899,0.0,0.0
261,Device,FusedBatchNormGradV3,gradient_tape/mobilenetv2_1.00_64/block_14_expand_BN/FusedBatchNormGradV3,2,65.536,32.768,65.536,32.768,0.0006313558140677936,0.9532834461792578,0.0,0.0
262,Device,Conv2D,mobilenetv2_1.00_64/block_7_expand/Conv2D,2,65.536,32.768,65.536,32.768,0.0006313558140677936,0.9539148019933256,0.0,0.0
263,Device,Conv2D,mobilenetv2_1.00_64/block_10_expand/Conv2D,2,64.512,32.256,64.512,32.256,0.0006214908794729844,0.9545362928727985,0.0,0.0
264,Device,Relu6Grad,gradient_tape/mobilenetv2_1.00_64/out_relu/Relu6/Relu6Grad,2,62.465,31.2325,62.465,31.2325,0.0006017706440085562,0.9551380635168071,0.0,0.0
265,Device,Conv2D,mobilenetv2_1.00_64/block_3_project/Conv2D,2,62.465,31.2325,62.465,31.2325,0.0006017706440085562,0.9557398341608156,0.0,0.0
266,Device,DepthwiseConv2dNativeBackpropInput,gradient_tape/mobilenetv2_1.00_64/block_15_depthwise/depthwise/DepthwiseConv2dNativeBackpropInput,2,62.464,31.232,62.464,31.232,0.0006017610102833659,0.9563415951710991,0.0,0.0
267,Device,FusedBatchNormV3,mobilenetv2_1.00_64/block_7_depthwise_BN/FusedBatchNormV3,4,62.464,15.616,62.464,15.616,0.0006017610102833659,0.9569433561813825,0.0,0.0
268,Device,FusedBatchNormV3,mobilenetv2_1.00_64/block_8_depthwise_BN/FusedBatchNormV3,4,62.464,15.616,62.464,15.616,0.0006017610102833659,0.9575451171916659,0.0,0.0
269,Device,FusedBatchNormV3,mobilenetv2_1.00_64/block_9_depthwise_BN/FusedBatchNormV3,4,62.464,15.616,62.464,15.616,0.0006017610102833659,0.9581468782019493,0.0,0.0
270,Device,DepthwiseConv2dNativeBackpropInput,gradient_tape/mobilenetv2_1.00_64/block_14_depthwise/depthwise/DepthwiseConv2dNativeBackpropInput,2,61.441,30.7205,61.441,30.7205,0.0005919057094137468,0.958738783911363,0.0,0.0
271,Device,DepthwiseConv2dNativeBackpropInput,gradient_tape/mobilenetv2_1.00_64/block_16_depthwise/depthwise/DepthwiseConv2dNativeBackpropInput,2,61.44,30.72,61.44,30.72,0.0005918960756885565,0.9593306799870516,0.0,0.0
272,Device,FusedBatchNormV3,mobilenetv2_1.00_64/block_10_depthwise_BN/FusedBatchNormV3,4,61.44,15.36,61.44,15.36,0.0005918960756885565,0.9599225760627401,0.0,0.0
273,Device,FusedBatchNormV3,mobilenetv2_1.00_64/block_16_depthwise_BN/FusedBatchNormV3,4,58.37,14.5925,58.37,14.5925,0.0005623205393545092,0.9604848966020946,0.0,0.0
274,Device,FusedBatchNormV3,mobilenetv2_1.00_64/block_14_depthwise_BN/FusedBatchNormV3,4,57.344,14.336,57.344,14.336,0.0005524363373093195,0.9610373329394039,0.0,0.0
275,Device,FusedBatchNormV3,mobilenetv2_1.00_64/block_15_depthwise_BN/FusedBatchNormV3,4,56.32,14.08,56.32,14.08,0.0005425714027145102,0.9615799043421184,0.0,0.0
276,Device,FusedBatchNormV3,mobilenetv2_1.00_64/block_10_expand_BN/FusedBatchNormV3,4,55.297,13.82425,55.297,13.82425,0.0005327161018448912,0.9621126204439633,0.0,0.0
277,Device,FusedBatchNormV3,mobilenetv2_1.00_64/block_7_expand_BN/FusedBatchNormV3,4,55.296,13.824,55.296,13.824,0.0005327064681197009,0.9626453269120829,0.0,0.0
278,Device,FusedBatchNormV3,mobilenetv2_1.00_64/block_8_expand_BN/FusedBatchNormV3,4,55.296,13.824,55.296,13.824,0.0005327064681197009,0.9631780333802026,0.0,0.0
279,Device,FusedBatchNormV3,mobilenetv2_1.00_64/block_9_expand_BN/FusedBatchNormV3,4,54.273,13.56825,54.273,13.56825,0.0005228511672500819,0.9637008845474526,0.0,0.0
280,Device,FusedBatchNormV3,mobilenetv2_1.00_64/block_15_expand_BN/FusedBatchNormV3,4,53.248,13.312,53.248,13.312,0.0005129765989300823,0.9642138611463827,0.0,0.0
281,Device,FusedBatchNormGradV3,gradient_tape/mobilenetv2_1.00_64/block_5_project_BN/FusedBatchNormGradV3,2,52.225,26.1125,52.225,26.1125,0.0005031212980604634,0.9647169824444433,0.0,0.0
282,Device,Relu6Grad,gradient_tape/mobilenetv2_1.00_64/block_16_depthwise_relu/Relu6/Relu6Grad,2,51.2,25.6,51.2,25.6,0.0004932467297404638,0.9652102291741838,0.0,0.0
283,Device,FusedBatchNormGradV3,gradient_tape/mobilenetv2_1.00_64/block_3_project_BN/FusedBatchNormGradV3,2,51.2,25.6,51.2,25.6,0.0004932467297404638,0.9657034759039242,0.0,0.0
284,Device,FusedBatchNormGradV3,gradient_tape/mobilenetv2_1.00_64/block_4_project_BN/FusedBatchNormGradV3,2,51.2,25.6,51.2,25.6,0.0004932467297404638,0.9661967226336647,0.0,0.0
285,Device,FusedBatchNormV3,mobilenetv2_1.00_64/block_14_expand_BN/FusedBatchNormV3,4,50.177,12.54425,50.177,12.54425,0.00048339142887084477,0.9666801140625356,0.0,0.0
286,Device,Conv2DBackpropInput,gradient_tape/mobilenetv2_1.00_64/block_6_project/Conv2D/Conv2DBackpropInput,2,50.176,25.088,50.176,25.088,0.0004833817951456546,0.9671634958576812,0.0,0.0
287,Device,FusedBatchNormV3,mobilenetv2_1.00_64/block_16_expand_BN/FusedBatchNormV3,4,48.128,12.032,48.128,12.032,0.000463651925956036,0.9676271477836372,0.0,0.0
288,Device,DepthwiseConv2dNative,mobilenetv2_1.00_64/block_15_depthwise/depthwise,2,46.082,23.041,46.082,23.041,0.00044394132421679794,0.968071089107854,0.0,0.0
289,Device,Conv2D,mobilenetv2_1.00_64/block_6_project/Conv2D,2,46.081,23.0405,46.081,23.0405,0.0004439316904916077,0.9685150207983456,0.0,0.0
290,Device,DepthwiseConv2dNative,mobilenetv2_1.00_64/block_16_depthwise/depthwise,2,45.056,22.528,45.056,22.528,0.0004340571221716081,0.9689490779205172,0.0,0.0
291,Device,DepthwiseConv2dNative,mobilenetv2_1.00_64/block_14_depthwise/depthwise,2,44.032,22.016,44.032,22.016,0.00042419218757679887,0.969373270108094,0.0,0.0
292,Device,Relu6Grad,gradient_tape/mobilenetv2_1.00_64/block_14_expand_relu/Relu6/Relu6Grad,2,43.008,21.504,43.008,21.504,0.0004143272529819896,0.969787597361076,0.0,0.0
293,Device,Relu6Grad,gradient_tape/mobilenetv2_1.00_64/block_15_expand_relu/Relu6/Relu6Grad,2,43.008,21.504,43.008,21.504,0.0004143272529819896,0.970201924614058,0.0,0.0
294,Device,FusedBatchNormGradV3,gradient_tape/mobilenetv2_1.00_64/block_6_depthwise_BN/FusedBatchNormGradV3,2,43.008,21.504,43.008,21.504,0.0004143272529819896,0.9706162518670399,0.0,0.0
295,Device,Relu6Grad,gradient_tape/mobilenetv2_1.00_64/block_15_depthwise_relu/Relu6/Relu6Grad,2,41.985,20.9925,41.985,20.9925,0.00040447195211237055,0.9710207238191523,0.0,0.0
296,Device,Relu6Grad,gradient_tape/mobilenetv2_1.00_64/block_14_depthwise_relu/Relu6/Relu6Grad,2,40.96,20.48,40.96,20.48,0.00039459738379237104,0.9714153212029446,0.0,0.0
297,Device,Relu6Grad,gradient_tape/mobilenetv2_1.00_64/block_16_expand_relu/Relu6/Relu6Grad,2,39.937,19.9685,39.937,19.9685,0.000384742082922752,0.9718000632858673,0.0,0.0
298,Device,FusedBatchNormV3,mobilenetv2_1.00_64/block_3_project_BN/FusedBatchNormV3,4,39.937,9.98425,39.937,9.98425,0.000384742082922752,0.97218480536879,0.0,0.0
299,Device,FusedBatchNormV3,mobilenetv2_1.00_64/block_4_project_BN/FusedBatchNormV3,4,39.936,9.984,39.936,9.984,0.0003847324491975618,0.9725695378179876,0.0,0.0
300,Device,FusedBatchNormGradV3,gradient_tape/mobilenetv2_1.00_64/block_13_depthwise_BN/FusedBatchNormGradV3,2,38.912,19.456,38.912,19.456,0.0003748675146027525,0.9729444053325904,0.0,0.0
301,Device,FusedBatchNormV3,mobilenetv2_1.00_64/block_13_depthwise_BN/FusedBatchNormV3,4,38.912,9.728,38.912,9.728,0.0003748675146027525,0.9733192728471932,0.0,0.0
302,Device,FusedBatchNormV3,mobilenetv2_1.00_64/block_5_project_BN/FusedBatchNormV3,4,38.912,9.728,38.912,9.728,0.0003748675146027525,0.973694140361796,0.0,0.0
303,Device,MatMul,mobilenetv2_1.00_64/predictions/MatMul,2,37.888,18.944,37.888,18.944,0.0003650025800079432,0.974059142941804,0.0,0.0
304,Device,Relu6,mobilenetv2_1.00_64/block_10_expand_relu/Relu6,2,36.865,18.4325,36.865,18.4325,0.0003551472791383242,0.9744142902209423,0.0,0.0
305,Device,Transpose,mobilenetv2_1.00_64/out_relu/Relu6-0-0-TransposeNCHWToNHWC-LayoutOptimizer,2,36.864,18.432,36.864,18.432,0.0003551376454131339,0.9747694278663555,0.0,0.0
306,Device,Relu6,mobilenetv2_1.00_64/block_7_depthwise_relu/Relu6,2,35.84,17.92,35.84,17.92,0.0003452727108183247,0.9751147005771738,0.0,0.0
307,Device,Relu6,mobilenetv2_1.00_64/block_7_expand_relu/Relu6,2,35.84,17.92,35.84,17.92,0.0003452727108183247,0.975459973287992,0.0,0.0
308,Device,Relu6,mobilenetv2_1.00_64/block_8_expand_relu/Relu6,2,35.84,17.92,35.84,17.92,0.0003452727108183247,0.9758052459988104,0.0,0.0
309,Device,Relu6,mobilenetv2_1.00_64/block_9_depthwise_relu/Relu6,2,35.84,17.92,35.84,17.92,0.0003452727108183247,0.9761505187096287,0.0,0.0
310,Device,ArgMax,ArgMax,2,34.816,17.408,34.816,17.408,0.0003354077762235154,0.9764859264858522,0.0,0.0
311,Device,Relu6Grad,gradient_tape/mobilenetv2_1.00_64/block_13_depthwise_relu/Relu6/Relu6Grad,2,34.816,17.408,34.816,17.408,0.0003354077762235154,0.9768213342620757,0.0,0.0
312,Device,Relu6,mobilenetv2_1.00_64/block_10_depthwise_relu/Relu6,2,34.816,17.408,34.816,17.408,0.0003354077762235154,0.9771567420382993,0.0,0.0
313,Device,Relu6,mobilenetv2_1.00_64/block_8_depthwise_relu/Relu6,2,34.816,17.408,34.816,17.408,0.0003354077762235154,0.9774921498145228,0.0,0.0
314,Device,Relu6,mobilenetv2_1.00_64/block_9_expand_relu/Relu6,2,34.816,17.408,34.816,17.408,0.0003354077762235154,0.9778275575907464,0.0,0.0
315,Device,FusedBatchNormGradV3,gradient_tape/mobilenetv2_1.00_64/block_16_project_BN/FusedBatchNormGradV3,2,33.792,16.896,33.792,16.896,0.00032554284162870613,0.978153100432375,0.0,0.0
316,Device,Transpose,gradient_tape/mobilenetv2_1.00_64/out_relu/Relu6/Relu6Grad-0-TransposeNHWCToNCHW-LayoutOptimizer,2,30.72,15.36,30.72,15.36,0.00029594803784427825,0.9784490484702193,0.0,0.0
317,Device,FusedBatchNormV3,mobilenetv2_1.00_64/block_6_depthwise_BN/FusedBatchNormV3,4,29.696,7.424,29.696,7.424,0.00028608310324946905,0.9787351315734688,0.0,0.0
318,Device,BroadcastTo,gradient_tape/mobilenetv2_1.00_64/global_average_pooling2d/BroadcastTo,2,28.672,14.336,28.672,14.336,0.00027621816865465974,0.9790113497421234,0.0,0.0
319,Device,RealDiv,gradient_tape/mobilenetv2_1.00_64/global_average_pooling2d/truediv,2,27.648,13.824,27.648,13.824,0.00026635323405985043,0.9792777029761833,0.0,0.0
320,Device,FusedBatchNormV3,mobilenetv2_1.00_64/block_16_project_BN/FusedBatchNormV3,4,26.624,6.656,26.624,6.656,0.00025648829946504117,0.9795341912756483,0.0,0.0
321,Device,Relu6,mobilenetv2_1.00_64/out_relu/Relu6,2,26.624,13.312,26.624,13.312,0.00025648829946504117,0.9797906795751133,0.0,0.0
322,Device,Relu6Grad,gradient_tape/mobilenetv2_1.00_64/block_6_depthwise_relu/Relu6/Relu6Grad,2,25.6,12.8,25.6,12.8,0.0002466233648702319,0.9800373029399836,0.0,0.0
323,Device,MatMul,gradient_tape/mobilenetv2_1.00_64/predictions/MatMul/MatMul,2,22.528,11.264,22.528,11.264,0.00021702856108580406,0.9802543315010694,0.0,0.0
324,Device,MatMul,gradient_tape/mobilenetv2_1.00_64/predictions/MatMul/MatMul_1,2,22.528,11.264,22.528,11.264,0.00021702856108580406,0.9804713600621553,0.0,0.0
325,Device,ResourceApplyGradientDescent,SGD/SGD/update_150/ResourceApplyGradientDescent,2,21.504,10.752,21.504,10.752,0.0002071636264909948,0.9806785236886463,0.0,0.0
326,Device,ResourceApplyGradientDescent,SGD/SGD/update_153/ResourceApplyGradientDescent,2,21.504,10.752,21.504,10.752,0.0002071636264909948,0.9808856873151373,0.0,0.0
327,Device,FusedBatchNormGradV3,gradient_tape/mobilenetv2_1.00_64/block_10_project_BN/FusedBatchNormGradV3,2,21.504,10.752,21.504,10.752,0.0002071636264909948,0.9810928509416282,0.0,0.0
328,Device,Softmax,mobilenetv2_1.00_64/predictions/Softmax,2,21.504,10.752,21.504,10.752,0.0002071636264909948,0.9813000145681192,0.0,0.0
329,Device,ArgMax,ArgMax_1,2,20.48,10.24,20.48,10.24,0.00019729869189618552,0.9814973132600154,0.0,0.0
330,Device,FusedBatchNormGradV3,gradient_tape/mobilenetv2_1.00_64/block_9_project_BN/FusedBatchNormGradV3,2,20.48,10.24,20.48,10.24,0.00019729869189618552,0.9816946119519117,0.0,0.0
331,Device,FusedBatchNormV3,mobilenetv2_1.00_64/block_10_project_BN/FusedBatchNormV3,4,20.48,5.12,20.48,5.12,0.00019729869189618552,0.9818919106438079,0.0,0.0
332,Device,FusedBatchNormGradV3,gradient_tape/mobilenetv2_1.00_64/block_12_project_BN/FusedBatchNormGradV3,2,19.456,9.728,19.456,9.728,0.00018743375730137624,0.9820793444011092,0.0,0.0
333,Device,_Recv,IteratorGetNext/_4,2,19.008,9.504,19.008,9.504,0.00018311784841614718,0.9822624622495254,0.0,0.0
334,Device,FusedBatchNormGradV3,gradient_tape/mobilenetv2_1.00_64/block_15_project_BN/FusedBatchNormGradV3,2,18.433,9.2165,18.433,9.2165,0.0001775784564317572,0.9824400407059571,0.0,0.0
335,Device,FusedBatchNormGradV3,gradient_tape/mobilenetv2_1.00_64/block_11_project_BN/FusedBatchNormGradV3,2,18.432,9.216,18.432,9.216,0.00017756882270656695,0.9826176095286637,0.0,0.0
336,Device,FusedBatchNormGradV3,gradient_tape/mobilenetv2_1.00_64/block_13_project_BN/FusedBatchNormGradV3,2,18.432,9.216,18.432,9.216,0.00017756882270656695,0.9827951783513703,0.0,0.0
337,Device,FusedBatchNormV3,mobilenetv2_1.00_64/block_12_project_BN/FusedBatchNormV3,4,18.432,4.608,18.432,4.608,0.00017756882270656695,0.9829727471740769,0.0,0.0
338,Device,Relu6,mobilenetv2_1.00_64/block_16_depthwise_relu/Relu6,2,18.432,9.216,18.432,9.216,0.00017756882270656695,0.9831503159967835,0.0,0.0
339,Device,FusedBatchNormV3,mobilenetv2_1.00_64/block_8_project_BN/FusedBatchNormV3,4,18.432,4.608,18.432,4.608,0.00017756882270656695,0.9833278848194901,0.0,0.0
340,Device,FusedBatchNormV3,mobilenetv2_1.00_64/block_11_project_BN/FusedBatchNormV3,4,17.409,4.35225,17.409,4.35225,0.00016771352183694792,0.983495598341327,0.0,0.0
341,Device,FusedBatchNormV3,mobilenetv2_1.00_64/block_13_project_BN/FusedBatchNormV3,4,17.408,4.352,17.408,4.352,0.0001677038881117577,0.9836633022294388,0.0,0.0
342,Device,FusedBatchNormV3,mobilenetv2_1.00_64/block_6_project_BN/FusedBatchNormV3,4,16.385,4.09625,16.385,4.09625,0.0001578485872421387,0.9838211508166809,0.0,0.0
343,Device,AddN,SGD/gradients/AddN_8,2,16.384,8.192,16.384,8.192,0.0001578389535169484,0.9839789897701978,0.0,0.0
344,Device,FusedBatchNormGradV3,gradient_tape/mobilenetv2_1.00_64/block_14_project_BN/FusedBatchNormGradV3,2,16.384,8.192,16.384,8.192,0.0001578389535169484,0.9841368287237148,0.0,0.0
345,Device,FusedBatchNormGradV3,gradient_tape/mobilenetv2_1.00_64/block_8_project_BN/FusedBatchNormGradV3,2,16.384,8.192,16.384,8.192,0.0001578389535169484,0.9842946676772317,0.0,0.0
346,Device,Relu6,mobilenetv2_1.00_64/block_14_depthwise_relu/Relu6,2,16.384,8.192,16.384,8.192,0.0001578389535169484,0.9844525066307487,0.0,0.0
347,Device,Relu6,mobilenetv2_1.00_64/block_14_expand_relu/Relu6,2,16.384,8.192,16.384,8.192,0.0001578389535169484,0.9846103455842656,0.0,0.0
348,Device,FusedBatchNormV3,mobilenetv2_1.00_64/block_14_project_BN/FusedBatchNormV3,4,16.384,4.096,16.384,4.096,0.0001578389535169484,0.9847681845377826,0.0,0.0
349,Device,Relu6,mobilenetv2_1.00_64/block_15_depthwise_relu/Relu6,2,16.384,8.192,16.384,8.192,0.0001578389535169484,0.9849260234912995,0.0,0.0
350,Device,Relu6,mobilenetv2_1.00_64/block_15_expand_relu/Relu6,2,16.384,8.192,16.384,8.192,0.0001578389535169484,0.9850838624448165,0.0,0.0
351,Device,FusedBatchNormV3,mobilenetv2_1.00_64/block_15_project_BN/FusedBatchNormV3,4,16.384,4.096,16.384,4.096,0.0001578389535169484,0.9852417013983334,0.0,0.0
352,Device,Relu6,mobilenetv2_1.00_64/block_16_expand_relu/Relu6,2,16.384,8.192,16.384,8.192,0.0001578389535169484,0.9853995403518504,0.0,0.0
353,Device,AddV2,mobilenetv2_1.00_64/block_4_add/add,2,16.384,8.192,16.384,8.192,0.0001578389535169484,0.9855573793053674,0.0,0.0
354,Device,AddV2,mobilenetv2_1.00_64/block_5_add/add,2,16.384,8.192,16.384,8.192,0.0001578389535169484,0.9857152182588843,0.0,0.0
355,Device,FusedBatchNormV3,mobilenetv2_1.00_64/block_9_project_BN/FusedBatchNormV3,4,16.384,4.096,16.384,4.096,0.0001578389535169484,0.9858730572124013,0.0,0.0
356,Device,FusedBatchNormGradV3,gradient_tape/mobilenetv2_1.00_64/block_6_project_BN/FusedBatchNormGradV3,2,15.36,7.68,15.36,7.68,0.00014797401892213913,0.9860210312313235,0.0,0.0
357,Device,FusedBatchNormGradV3,gradient_tape/mobilenetv2_1.00_64/block_7_project_BN/FusedBatchNormGradV3,2,15.36,7.68,15.36,7.68,0.00014797401892213913,0.9861690052502456,0.0,0.0
358,Device,FusedBatchNormV3,mobilenetv2_1.00_64/block_7_project_BN/FusedBatchNormV3,4,15.36,3.84,15.36,3.84,0.00014797401892213913,0.9863169792691678,0.0,0.0
359,Device,AddN,SGD/gradients/AddN,2,14.336,7.168,14.336,7.168,0.00013810908432732987,0.9864550883534952,0.0,0.0
360,Device,AddN,SGD/gradients/AddN_3,2,14.336,7.168,14.336,7.168,0.00013810908432732987,0.9865931974378225,0.0,0.0
361,Device,AddN,SGD/gradients/AddN_7,2,14.336,7.168,14.336,7.168,0.00013810908432732987,0.9867313065221498,0.0,0.0
362,Device,AddN,SGD/gradients/AddN_2,2,13.312,6.656,13.312,6.656,0.00012824414973252059,0.9868595506718824,0.0,0.0
363,Device,AddV2,mobilenetv2_1.00_64/block_11_add/add,2,13.312,6.656,13.312,6.656,0.00012824414973252059,0.9869877948216149,0.0,0.0
364,Device,AddN,SGD/gradients/AddN_1,2,12.288,6.144,12.288,6.144,0.00011837921513771132,0.9871061740367526,0.0,0.0
365,Device,DynamicStitch,gradient_tape/mobilenetv2_1.00_64/global_average_pooling2d/DynamicStitch,2,12.288,6.144,12.288,6.144,0.00011837921513771132,0.9872245532518903,0.0,0.0
366,Device,AddV2,mobilenetv2_1.00_64/block_12_add/add,2,12.288,6.144,12.288,6.144,0.00011837921513771132,0.987342932467028,0.0,0.0
367,Device,Relu6,mobilenetv2_1.00_64/block_6_depthwise_relu/Relu6,2,12.288,6.144,12.288,6.144,0.00011837921513771132,0.9874613116821657,0.0,0.0
368,Device,ResourceApplyGradientDescent,SGD/SGD/update_126/ResourceApplyGradientDescent,2,11.264,5.632,11.264,5.632,0.00010851428054290203,0.9875698259627086,0.0,0.0
369,Device,ResourceApplyGradientDescent,SGD/SGD/update_135/ResourceApplyGradientDescent,2,11.264,5.632,11.264,5.632,0.00010851428054290203,0.9876783402432515,0.0,0.0
370,Device,AddV2,mobilenetv2_1.00_64/block_7_add/add,2,11.264,5.632,11.264,5.632,0.00010851428054290203,0.9877868545237944,0.0,0.0
371,Device,ResourceApplyGradientDescent,SGD/SGD/update_132/ResourceApplyGradientDescent,2,10.24,5.12,10.24,5.12,9.864934594809276e-05,0.9878855038697425,0.0,0.0
372,Device,ResourceApplyGradientDescent,SGD/SGD/update_144/ResourceApplyGradientDescent,2,10.24,5.12,10.24,5.12,9.864934594809276e-05,0.9879841532156906,0.0,0.0
373,Device,AddN,SGD/gradients/AddN_4,2,10.24,5.12,10.24,5.12,9.864934594809276e-05,0.9880828025616386,0.0,0.0
374,Device,AddN,SGD/gradients/AddN_5,2,10.24,5.12,10.24,5.12,9.864934594809276e-05,0.9881814519075867,0.0,0.0
375,Device,AddN,SGD/gradients/AddN_6,2,10.24,5.12,10.24,5.12,9.864934594809276e-05,0.9882801012535347,0.0,0.0
376,Device,AddV2,mobilenetv2_1.00_64/block_8_add/add,2,10.24,5.12,10.24,5.12,9.864934594809276e-05,0.9883787505994828,0.0,0.0
377,Device,AddV2,mobilenetv2_1.00_64/block_9_add/add,2,10.24,5.12,10.24,5.12,9.864934594809276e-05,0.9884773999454308,0.0,0.0
378,Device,ResourceApplyGradientDescent,SGD/SGD/update_117/ResourceApplyGradientDescent,2,9.216,4.608,9.216,4.608,8.878441135328348e-05,0.9885661843567841,0.0,0.0
379,Device,AddV2,mobilenetv2_1.00_64/block_14_add/add,2,9.216,4.608,9.216,4.608,8.878441135328348e-05,0.9886549687681374,0.0,0.0
380,Device,ResourceApplyGradientDescent,SGD/SGD/update_129/ResourceApplyGradientDescent,2,8.193,4.0965,8.193,4.0965,7.892911048366446e-05,0.9887338978786211,0.0,0.0
381,Device,ResourceApplyGradientDescent,SGD/SGD/update_78/ResourceApplyGradientDescent,2,8.193,4.0965,8.193,4.0965,7.892911048366446e-05,0.9888128269891048,0.0,0.0
382,Device,ResourceApplyGradientDescent,SGD/SGD/update_105/ResourceApplyGradientDescent,2,8.192,4.096,8.192,4.096,7.89194767584742e-05,0.9888917464658632,0.0,0.0
383,Device,ResourceApplyGradientDescent,SGD/SGD/update_108/ResourceApplyGradientDescent,2,8.192,4.096,8.192,4.096,7.89194767584742e-05,0.9889706659426216,0.0,0.0
384,Device,ResourceApplyGradientDescent,SGD/SGD/update_114/ResourceApplyGradientDescent,2,8.192,4.096,8.192,4.096,7.89194767584742e-05,0.98904958541938,0.0,0.0
385,Device,ResourceApplyGradientDescent,SGD/SGD/update_120/ResourceApplyGradientDescent,2,8.192,4.096,8.192,4.096,7.89194767584742e-05,0.9891285048961385,0.0,0.0
386,Device,ResourceApplyGradientDescent,SGD/SGD/update_123/ResourceApplyGradientDescent,2,8.192,4.096,8.192,4.096,7.89194767584742e-05,0.9892074243728969,0.0,0.0
387,Device,ResourceApplyGradientDescent,SGD/SGD/update_138/ResourceApplyGradientDescent,2,8.192,4.096,8.192,4.096,7.89194767584742e-05,0.9892863438496553,0.0,0.0
388,Device,ResourceApplyGradientDescent,SGD/SGD/update_141/ResourceApplyGradientDescent,2,8.192,4.096,8.192,4.096,7.89194767584742e-05,0.9893652633264137,0.0,0.0
389,Device,ResourceApplyGradientDescent,SGD/SGD/update_147/ResourceApplyGradientDescent,2,8.192,4.096,8.192,4.096,7.89194767584742e-05,0.9894441828031721,0.0,0.0
390,Device,ResourceApplyGradientDescent,SGD/SGD/update_22/ResourceApplyGradientDescent,2,8.192,4.096,8.192,4.096,7.89194767584742e-05,0.9895231022799306,0.0,0.0
391,Device,ResourceApplyGradientDescent,SGD/SGD/update_33/ResourceApplyGradientDescent,2,8.192,4.096,8.192,4.096,7.89194767584742e-05,0.989602021756689,0.0,0.0
392,Device,ResourceApplyGradientDescent,SGD/SGD/update_42/ResourceApplyGradientDescent,2,8.192,4.096,8.192,4.096,7.89194767584742e-05,0.9896809412334474,0.0,0.0
393,Device,ResourceApplyGradientDescent,SGD/SGD/update_43/ResourceApplyGradientDescent,2,8.192,4.096,8.192,4.096,7.89194767584742e-05,0.9897598607102058,0.0,0.0
394,Device,ResourceApplyGradientDescent,SGD/SGD/update_63/ResourceApplyGradientDescent,2,8.192,4.096,8.192,4.096,7.89194767584742e-05,0.9898387801869643,0.0,0.0
395,Device,ResourceApplyGradientDescent,SGD/SGD/update_69/ResourceApplyGradientDescent,2,8.192,4.096,8.192,4.096,7.89194767584742e-05,0.9899176996637227,0.0,0.0
396,Device,ResourceApplyGradientDescent,SGD/SGD/update_72/ResourceApplyGradientDescent,2,8.192,4.096,8.192,4.096,7.89194767584742e-05,0.9899966191404811,0.0,0.0
397,Device,ResourceApplyGradientDescent,SGD/SGD/update_81/ResourceApplyGradientDescent,2,8.192,4.096,8.192,4.096,7.89194767584742e-05,0.9900755386172395,0.0,0.0
398,Device,ResourceApplyGradientDescent,SGD/SGD/update_84/ResourceApplyGradientDescent,2,8.192,4.096,8.192,4.096,7.89194767584742e-05,0.9901544580939979,0.0,0.0
399,Device,ResourceApplyGradientDescent,SGD/SGD/update_96/ResourceApplyGradientDescent,2,8.192,4.096,8.192,4.096,7.89194767584742e-05,0.9902333775707564,0.0,0.0
400,Device,Relu6,mobilenetv2_1.00_64/block_13_depthwise_relu/Relu6,2,8.192,4.096,8.192,4.096,7.89194767584742e-05,0.9903122970475148,0.0,0.0
401,Device,AddV2,mobilenetv2_1.00_64/block_15_add/add,2,8.192,4.096,8.192,4.096,7.89194767584742e-05,0.9903912165242732,0.0,0.0
402,Device,ResourceApplyGradientDescent,SGD/SGD/update_60/ResourceApplyGradientDescent,2,7.169,3.5845,7.169,3.5845,6.906417588885517e-05,0.990460280700162,0.0,0.0
403,Device,ResourceApplyGradientDescent,SGD/SGD/update_101/ResourceApplyGradientDescent,2,7.168,3.584,7.168,3.584,6.905454216366494e-05,0.9905293352423257,0.0,0.0
404,Device,ResourceApplyGradientDescent,SGD/SGD/update_102/ResourceApplyGradientDescent,2,7.168,3.584,7.168,3.584,6.905454216366494e-05,0.9905983897844893,0.0,0.0
405,Device,ResourceApplyGradientDescent,SGD/SGD/update_109/ResourceApplyGradientDescent,2,7.168,3.584,7.168,3.584,6.905454216366494e-05,0.990667444326653,0.0,0.0
406,Device,ResourceApplyGradientDescent,SGD/SGD/update_11/ResourceApplyGradientDescent,2,7.168,3.584,7.168,3.584,6.905454216366494e-05,0.9907364988688167,0.0,0.0
407,Device,ResourceApplyGradientDescent,SGD/SGD/update_113/ResourceApplyGradientDescent,2,7.168,3.584,7.168,3.584,6.905454216366494e-05,0.9908055534109803,0.0,0.0
408,Device,ResourceApplyGradientDescent,SGD/SGD/update_115/ResourceApplyGradientDescent,2,7.168,3.584,7.168,3.584,6.905454216366494e-05,0.990874607953144,0.0,0.0
409,Device,ResourceApplyGradientDescent,SGD/SGD/update_130/ResourceApplyGradientDescent,2,7.168,3.584,7.168,3.584,6.905454216366494e-05,0.9909436624953076,0.0,0.0
410,Device,ResourceApplyGradientDescent,SGD/SGD/update_131/ResourceApplyGradientDescent,2,7.168,3.584,7.168,3.584,6.905454216366494e-05,0.9910127170374713,0.0,0.0
411,Device,ResourceApplyGradientDescent,SGD/SGD/update_137/ResourceApplyGradientDescent,2,7.168,3.584,7.168,3.584,6.905454216366494e-05,0.991081771579635,0.0,0.0
412,Device,ResourceApplyGradientDescent,SGD/SGD/update_14/ResourceApplyGradientDescent,2,7.168,3.584,7.168,3.584,6.905454216366494e-05,0.9911508261217986,0.0,0.0
413,Device,ResourceApplyGradientDescent,SGD/SGD/update_149/ResourceApplyGradientDescent,2,7.168,3.584,7.168,3.584,6.905454216366494e-05,0.9912198806639623,0.0,0.0
414,Device,ResourceApplyGradientDescent,SGD/SGD/update_154/ResourceApplyGradientDescent,2,7.168,3.584,7.168,3.584,6.905454216366494e-05,0.9912889352061259,0.0,0.0
415,Device,ResourceApplyGradientDescent,SGD/SGD/update_156/ResourceApplyGradientDescent,2,7.168,3.584,7.168,3.584,6.905454216366494e-05,0.9913579897482896,0.0,0.0
416,Device,ResourceApplyGradientDescent,SGD/SGD/update_157/ResourceApplyGradientDescent,2,7.168,3.584,7.168,3.584,6.905454216366494e-05,0.9914270442904533,0.0,0.0
417,Device,ResourceApplyGradientDescent,SGD/SGD/update_18/ResourceApplyGradientDescent,2,7.168,3.584,7.168,3.584,6.905454216366494e-05,0.9914960988326169,0.0,0.0
418,Device,ResourceApplyGradientDescent,SGD/SGD/update_2/ResourceApplyGradientDescent,2,7.168,3.584,7.168,3.584,6.905454216366494e-05,0.9915651533747806,0.0,0.0
419,Device,ResourceApplyGradientDescent,SGD/SGD/update_32/ResourceApplyGradientDescent,2,7.168,3.584,7.168,3.584,6.905454216366494e-05,0.9916342079169442,0.0,0.0
420,Device,ResourceApplyGradientDescent,SGD/SGD/update_38/ResourceApplyGradientDescent,2,7.168,3.584,7.168,3.584,6.905454216366494e-05,0.9917032624591079,0.0,0.0
421,Device,ResourceApplyGradientDescent,SGD/SGD/update_4/ResourceApplyGradientDescent,2,7.168,3.584,7.168,3.584,6.905454216366494e-05,0.9917723170012716,0.0,0.0
422,Device,ResourceApplyGradientDescent,SGD/SGD/update_41/ResourceApplyGradientDescent,2,7.168,3.584,7.168,3.584,6.905454216366494e-05,0.9918413715434352,0.0,0.0
423,Device,ResourceApplyGradientDescent,SGD/SGD/update_49/ResourceApplyGradientDescent,2,7.168,3.584,7.168,3.584,6.905454216366494e-05,0.9919104260855989,0.0,0.0
424,Device,ResourceApplyGradientDescent,SGD/SGD/update_53/ResourceApplyGradientDescent,2,7.168,3.584,7.168,3.584,6.905454216366494e-05,0.9919794806277625,0.0,0.0
425,Device,ResourceApplyGradientDescent,SGD/SGD/update_54/ResourceApplyGradientDescent,2,7.168,3.584,7.168,3.584,6.905454216366494e-05,0.9920485351699262,0.0,0.0
426,Device,ResourceApplyGradientDescent,SGD/SGD/update_61/ResourceApplyGradientDescent,2,7.168,3.584,7.168,3.584,6.905454216366494e-05,0.9921175897120899,0.0,0.0
427,Device,ResourceApplyGradientDescent,SGD/SGD/update_64/ResourceApplyGradientDescent,2,7.168,3.584,7.168,3.584,6.905454216366494e-05,0.9921866442542535,0.0,0.0
428,Device,ResourceApplyGradientDescent,SGD/SGD/update_66/ResourceApplyGradientDescent,2,7.168,3.584,7.168,3.584,6.905454216366494e-05,0.9922556987964172,0.0,0.0
429,Device,ResourceApplyGradientDescent,SGD/SGD/update_67/ResourceApplyGradientDescent,2,7.168,3.584,7.168,3.584,6.905454216366494e-05,0.9923247533385808,0.0,0.0
430,Device,ResourceApplyGradientDescent,SGD/SGD/update_75/ResourceApplyGradientDescent,2,7.168,3.584,7.168,3.584,6.905454216366494e-05,0.9923938078807445,0.0,0.0
431,Device,ResourceApplyGradientDescent,SGD/SGD/update_79/ResourceApplyGradientDescent,2,7.168,3.584,7.168,3.584,6.905454216366494e-05,0.9924628624229082,0.0,0.0
432,Device,ResourceApplyGradientDescent,SGD/SGD/update_82/ResourceApplyGradientDescent,2,7.168,3.584,7.168,3.584,6.905454216366494e-05,0.9925319169650718,0.0,0.0
433,Device,ResourceApplyGradientDescent,SGD/SGD/update_87/ResourceApplyGradientDescent,2,7.168,3.584,7.168,3.584,6.905454216366494e-05,0.9926009715072355,0.0,0.0
434,Device,ResourceApplyGradientDescent,SGD/SGD/update_90/ResourceApplyGradientDescent,2,7.168,3.584,7.168,3.584,6.905454216366494e-05,0.9926700260493991,0.0,0.0
435,Device,ResourceApplyGradientDescent,SGD/SGD/update_92/ResourceApplyGradientDescent,2,7.168,3.584,7.168,3.584,6.905454216366494e-05,0.9927390805915628,0.0,0.0
436,Device,ResourceApplyGradientDescent,SGD/SGD/update_93/ResourceApplyGradientDescent,2,7.168,3.584,7.168,3.584,6.905454216366494e-05,0.9928081351337265,0.0,0.0
437,Device,ResourceApplyGradientDescent,SGD/SGD/update_97/ResourceApplyGradientDescent,2,7.168,3.584,7.168,3.584,6.905454216366494e-05,0.9928771896758901,0.0,0.0
438,Device,ResourceApplyGradientDescent,SGD/SGD/update_98/ResourceApplyGradientDescent,2,7.168,3.584,7.168,3.584,6.905454216366494e-05,0.9929462442180538,0.0,0.0
439,Device,ResourceApplyGradientDescent,SGD/SGD/update_99/ResourceApplyGradientDescent,2,7.168,3.584,7.168,3.584,6.905454216366494e-05,0.9930152987602174,0.0,0.0
440,Device,ResourceApplyGradientDescent,SGD/SGD/update_104/ResourceApplyGradientDescent,2,6.145,3.0725,6.145,3.0725,5.9199241294045895e-05,0.9930744980015115,0.0,0.0
441,Device,ResourceApplyGradientDescent,SGD/SGD/update_58/ResourceApplyGradientDescent,2,6.145,3.0725,6.145,3.0725,5.9199241294045895e-05,0.9931336972428055,0.0,0.0
442,Device,AssignAddVariableOp,AssignAddVariableOp_4,2,6.144,3.072,6.144,3.072,5.918960756885566e-05,0.9931928868503744,0.0,0.0
443,Device,Cast,Cast,2,6.144,3.072,6.144,3.072,5.918960756885566e-05,0.9932520764579433,0.0,0.0
444,Device,Cast,Cast_1,2,6.144,3.072,6.144,3.072,5.918960756885566e-05,0.9933112660655122,0.0,0.0
445,Device,Mul,Mul,2,6.144,3.072,6.144,3.072,5.918960756885566e-05,0.9933704556730811,0.0,0.0
446,Device,AssignAddVariableOp,SGD/SGD/AssignAddVariableOp,2,6.144,3.072,6.144,3.072,5.918960756885566e-05,0.99342964528065,0.0,0.0
447,Device,ResourceApplyGradientDescent,SGD/SGD/update/ResourceApplyGradientDescent,2,6.144,3.072,6.144,3.072,5.918960756885566e-05,0.9934888348882189,0.0,0.0
448,Device,ResourceApplyGradientDescent,SGD/SGD/update_1/ResourceApplyGradientDescent,2,6.144,3.072,6.144,3.072,5.918960756885566e-05,0.9935480244957878,0.0,0.0
449,Device,ResourceApplyGradientDescent,SGD/SGD/update_10/ResourceApplyGradientDescent,2,6.144,3.072,6.144,3.072,5.918960756885566e-05,0.9936072141033567,0.0,0.0
450,Device,ResourceApplyGradientDescent,SGD/SGD/update_100/ResourceApplyGradientDescent,2,6.144,3.072,6.144,3.072,5.918960756885566e-05,0.9936664037109256,0.0,0.0
451,Device,ResourceApplyGradientDescent,SGD/SGD/update_103/ResourceApplyGradientDescent,2,6.144,3.072,6.144,3.072,5.918960756885566e-05,0.9937255933184945,0.0,0.0
452,Device,ResourceApplyGradientDescent,SGD/SGD/update_106/ResourceApplyGradientDescent,2,6.144,3.072,6.144,3.072,5.918960756885566e-05,0.9937847829260634,0.0,0.0
453,Device,ResourceApplyGradientDescent,SGD/SGD/update_107/ResourceApplyGradientDescent,2,6.144,3.072,6.144,3.072,5.918960756885566e-05,0.9938439725336323,0.0,0.0
454,Device,ResourceApplyGradientDescent,SGD/SGD/update_110/ResourceApplyGradientDescent,2,6.144,3.072,6.144,3.072,5.918960756885566e-05,0.9939031621412012,0.0,0.0
455,Device,ResourceApplyGradientDescent,SGD/SGD/update_111/ResourceApplyGradientDescent,2,6.144,3.072,6.144,3.072,5.918960756885566e-05,0.9939623517487701,0.0,0.0
456,Device,ResourceApplyGradientDescent,SGD/SGD/update_112/ResourceApplyGradientDescent,2,6.144,3.072,6.144,3.072,5.918960756885566e-05,0.994021541356339,0.0,0.0
457,Device,ResourceApplyGradientDescent,SGD/SGD/update_116/ResourceApplyGradientDescent,2,6.144,3.072,6.144,3.072,5.918960756885566e-05,0.9940807309639079,0.0,0.0
458,Device,ResourceApplyGradientDescent,SGD/SGD/update_118/ResourceApplyGradientDescent,2,6.144,3.072,6.144,3.072,5.918960756885566e-05,0.9941399205714768,0.0,0.0
459,Device,ResourceApplyGradientDescent,SGD/SGD/update_119/ResourceApplyGradientDescent,2,6.144,3.072,6.144,3.072,5.918960756885566e-05,0.9941991101790457,0.0,0.0
460,Device,ResourceApplyGradientDescent,SGD/SGD/update_12/ResourceApplyGradientDescent,2,6.144,3.072,6.144,3.072,5.918960756885566e-05,0.9942582997866146,0.0,0.0
461,Device,ResourceApplyGradientDescent,SGD/SGD/update_121/ResourceApplyGradientDescent,2,6.144,3.072,6.144,3.072,5.918960756885566e-05,0.9943174893941835,0.0,0.0
462,Device,ResourceApplyGradientDescent,SGD/SGD/update_122/ResourceApplyGradientDescent,2,6.144,3.072,6.144,3.072,5.918960756885566e-05,0.9943766790017524,0.0,0.0
463,Device,ResourceApplyGradientDescent,SGD/SGD/update_127/ResourceApplyGradientDescent,2,6.144,3.072,6.144,3.072,5.918960756885566e-05,0.9944358686093213,0.0,0.0
464,Device,ResourceApplyGradientDescent,SGD/SGD/update_128/ResourceApplyGradientDescent,2,6.144,3.072,6.144,3.072,5.918960756885566e-05,0.9944950582168902,0.0,0.0
465,Device,ResourceApplyGradientDescent,SGD/SGD/update_13/ResourceApplyGradientDescent,2,6.144,3.072,6.144,3.072,5.918960756885566e-05,0.9945542478244591,0.0,0.0
466,Device,ResourceApplyGradientDescent,SGD/SGD/update_133/ResourceApplyGradientDescent,2,6.144,3.072,6.144,3.072,5.918960756885566e-05,0.994613437432028,0.0,0.0
467,Device,ResourceApplyGradientDescent,SGD/SGD/update_134/ResourceApplyGradientDescent,2,6.144,3.072,6.144,3.072,5.918960756885566e-05,0.9946726270395969,0.0,0.0
468,Device,ResourceApplyGradientDescent,SGD/SGD/update_136/ResourceApplyGradientDescent,2,6.144,3.072,6.144,3.072,5.918960756885566e-05,0.9947318166471658,0.0,0.0
469,Device,ResourceApplyGradientDescent,SGD/SGD/update_139/ResourceApplyGradientDescent,2,6.144,3.072,6.144,3.072,5.918960756885566e-05,0.9947910062547347,0.0,0.0
470,Device,ResourceApplyGradientDescent,SGD/SGD/update_140/ResourceApplyGradientDescent,2,6.144,3.072,6.144,3.072,5.918960756885566e-05,0.9948501958623036,0.0,0.0
471,Device,ResourceApplyGradientDescent,SGD/SGD/update_142/ResourceApplyGradientDescent,2,6.144,3.072,6.144,3.072,5.918960756885566e-05,0.9949093854698725,0.0,0.0
472,Device,ResourceApplyGradientDescent,SGD/SGD/update_143/ResourceApplyGradientDescent,2,6.144,3.072,6.144,3.072,5.918960756885566e-05,0.9949685750774414,0.0,0.0
473,Device,ResourceApplyGradientDescent,SGD/SGD/update_145/ResourceApplyGradientDescent,2,6.144,3.072,6.144,3.072,5.918960756885566e-05,0.9950277646850103,0.0,0.0
474,Device,ResourceApplyGradientDescent,SGD/SGD/update_146/ResourceApplyGradientDescent,2,6.144,3.072,6.144,3.072,5.918960756885566e-05,0.9950869542925792,0.0,0.0
475,Device,ResourceApplyGradientDescent,SGD/SGD/update_148/ResourceApplyGradientDescent,2,6.144,3.072,6.144,3.072,5.918960756885566e-05,0.9951461439001481,0.0,0.0
476,Device,ResourceApplyGradientDescent,SGD/SGD/update_15/ResourceApplyGradientDescent,2,6.144,3.072,6.144,3.072,5.918960756885566e-05,0.995205333507717,0.0,0.0
477,Device,ResourceApplyGradientDescent,SGD/SGD/update_151/ResourceApplyGradientDescent,2,6.144,3.072,6.144,3.072,5.918960756885566e-05,0.9952645231152859,0.0,0.0
478,Device,ResourceApplyGradientDescent,SGD/SGD/update_155/ResourceApplyGradientDescent,2,6.144,3.072,6.144,3.072,5.918960756885566e-05,0.9953237127228548,0.0,0.0
479,Device,ResourceApplyGradientDescent,SGD/SGD/update_16/ResourceApplyGradientDescent,2,6.144,3.072,6.144,3.072,5.918960756885566e-05,0.9953829023304237,0.0,0.0
480,Device,ResourceApplyGradientDescent,SGD/SGD/update_17/ResourceApplyGradientDescent,2,6.144,3.072,6.144,3.072,5.918960756885566e-05,0.9954420919379926,0.0,0.0
481,Device,ResourceApplyGradientDescent,SGD/SGD/update_19/ResourceApplyGradientDescent,2,6.144,3.072,6.144,3.072,5.918960756885566e-05,0.9955012815455615,0.0,0.0
482,Device,ResourceApplyGradientDescent,SGD/SGD/update_20/ResourceApplyGradientDescent,2,6.144,3.072,6.144,3.072,5.918960756885566e-05,0.9955604711531304,0.0,0.0
483,Device,ResourceApplyGradientDescent,SGD/SGD/update_21/ResourceApplyGradientDescent,2,6.144,3.072,6.144,3.072,5.918960756885566e-05,0.9956196607606993,0.0,0.0
484,Device,ResourceApplyGradientDescent,SGD/SGD/update_23/ResourceApplyGradientDescent,2,6.144,3.072,6.144,3.072,5.918960756885566e-05,0.9956788503682682,0.0,0.0
485,Device,ResourceApplyGradientDescent,SGD/SGD/update_24/ResourceApplyGradientDescent,2,6.144,3.072,6.144,3.072,5.918960756885566e-05,0.9957380399758371,0.0,0.0
486,Device,ResourceApplyGradientDescent,SGD/SGD/update_25/ResourceApplyGradientDescent,2,6.144,3.072,6.144,3.072,5.918960756885566e-05,0.995797229583406,0.0,0.0
487,Device,ResourceApplyGradientDescent,SGD/SGD/update_26/ResourceApplyGradientDescent,2,6.144,3.072,6.144,3.072,5.918960756885566e-05,0.9958564191909749,0.0,0.0
488,Device,ResourceApplyGradientDescent,SGD/SGD/update_27/ResourceApplyGradientDescent,2,6.144,3.072,6.144,3.072,5.918960756885566e-05,0.9959156087985438,0.0,0.0
489,Device,ResourceApplyGradientDescent,SGD/SGD/update_28/ResourceApplyGradientDescent,2,6.144,3.072,6.144,3.072,5.918960756885566e-05,0.9959747984061127,0.0,0.0
490,Device,ResourceApplyGradientDescent,SGD/SGD/update_29/ResourceApplyGradientDescent,2,6.144,3.072,6.144,3.072,5.918960756885566e-05,0.9960339880136816,0.0,0.0
491,Device,ResourceApplyGradientDescent,SGD/SGD/update_3/ResourceApplyGradientDescent,2,6.144,3.072,6.144,3.072,5.918960756885566e-05,0.9960931776212505,0.0,0.0
492,Device,ResourceApplyGradientDescent,SGD/SGD/update_30/ResourceApplyGradientDescent,2,6.144,3.072,6.144,3.072,5.918960756885566e-05,0.9961523672288194,0.0,0.0
493,Device,ResourceApplyGradientDescent,SGD/SGD/update_31/ResourceApplyGradientDescent,2,6.144,3.072,6.144,3.072,5.918960756885566e-05,0.9962115568363883,0.0,0.0
494,Device,ResourceApplyGradientDescent,SGD/SGD/update_34/ResourceApplyGradientDescent,2,6.144,3.072,6.144,3.072,5.918960756885566e-05,0.9962707464439572,0.0,0.0
495,Device,ResourceApplyGradientDescent,SGD/SGD/update_35/ResourceApplyGradientDescent,2,6.144,3.072,6.144,3.072,5.918960756885566e-05,0.9963299360515261,0.0,0.0
496,Device,ResourceApplyGradientDescent,SGD/SGD/update_36/ResourceApplyGradientDescent,2,6.144,3.072,6.144,3.072,5.918960756885566e-05,0.996389125659095,0.0,0.0
497,Device,ResourceApplyGradientDescent,SGD/SGD/update_37/ResourceApplyGradientDescent,2,6.144,3.072,6.144,3.072,5.918960756885566e-05,0.9964483152666639,0.0,0.0
498,Device,ResourceApplyGradientDescent,SGD/SGD/update_39/ResourceApplyGradientDescent,2,6.144,3.072,6.144,3.072,5.918960756885566e-05,0.9965075048742328,0.0,0.0
499,Device,ResourceApplyGradientDescent,SGD/SGD/update_40/ResourceApplyGradientDescent,2,6.144,3.072,6.144,3.072,5.918960756885566e-05,0.9965666944818017,0.0,0.0
500,Device,ResourceApplyGradientDescent,SGD/SGD/update_44/ResourceApplyGradientDescent,2,6.144,3.072,6.144,3.072,5.918960756885566e-05,0.9966258840893706,0.0,0.0
501,Host,IDLE,IDLE,0,320580.822,0.0,320580.822,0.0,0.0,0.0,0.989810956966157,0.989810956966157
502,Host,GatherV2,GatherV2,2,2810.849,1405.4245,2810.849,1405.4245,0.0,0.0,0.008678651209451842,0.9984896081756088
503,Host,GatherV2,GatherV2_1,2,95.482,47.741,95.482,47.741,0.0,0.0,0.0002948059375586809,0.9987844141131675
504,Host,Dataset,Iterator::Root::ParallelMapV2::Zip[1]::ForeverRepeat,2,96.741,48.3705,92.051,46.0255,0.0,0.0,0.00028421253595666343,0.9990686266491242
505,Host,IteratorGetNext,IteratorGetNext,2,53.41,26.705,53.41,26.705,0.0,0.0,0.00016490631873032768,0.9992335329678546
506,Host,Dataset,Iterator::Root::ParallelMapV2,2,46.651,23.3255,46.651,23.3255,0.0,0.0,0.00014403753370321134,0.9993775705015577
507,Host,FlushSummaryWriter,FlushSummaryWriter,1,38.51,38.51,38.51,38.51,0.0,0.0,0.00011890174750617709,0.9994964722490639
508,Host,LogicalAnd,LogicalAnd,1,32.37,32.37,32.37,32.37,0.0,0.0,9.994415909568819e-05,0.9995964164081595
509,Host,Dataset,Iterator::Root,2,76.472,38.236,29.821,14.9105,0.0,0.0,9.207398110573117e-05,0.9996884903892653
510,Host,Dataset,Iterator::Root::ParallelMapV2::Zip[0]::FlatMap[1]::Concatenate[0]::TensorSlice,2,22.08,11.04,22.08,11.04,0.0,0.0,6.817321695498287e-05,0.9997566636062203
511,Host,WriteSummary,WriteSummary,1,20.59,20.59,20.59,20.59,0.0,0.0,6.357275983256782e-05,0.9998202363660529
512,Host,Dataset,Iterator::Root::ParallelMapV2::Zip[0]::FlatMap[1]::Concatenate,2,33.21,16.605,11.13,5.565,0.0,0.0,3.436448843790577e-05,0.9998546008544907
513,Host,Dataset,Iterator::Root::ParallelMapV2::Zip,2,148.673,74.3365,11.002,5.501,0.0,0.0,3.3969281383094274e-05,0.9998885701358738
514,Host,Dataset,Iterator::Root::ParallelMapV2::Zip[0]::FlatMap,2,40.93,20.465,7.72,3.86,0.0,0.0,2.3835925493318285e-05,0.9999124060613671
515,Host,ReadVariableOp,ReadVariableOp,1,6.56,6.56,6.56,6.56,0.0,0.0,2.025436155908911e-05,0.9999326604229262
516,Host,_Send,IteratorGetNext/_3,2,5.54,2.77,5.54,2.77,0.0,0.0,1.7105055341060015e-05,0.9999497654782672
517,Host,Dataset,Iterator::Root::ParallelMapV2::Zip[1]::ForeverRepeat::FromTensor,4,4.69,1.1725,4.69,1.1725,0.0,0.0,1.4480633492702432e-05,0.9999642461117599
518,Host,_Send,IteratorGetNext/_1,2,3.9,1.95,3.9,1.95,0.0,0.0,1.2041464951287736e-05,0.9999762875767112
519,Host,_Send,IteratorGetNext/_6,2,3.13,1.565,3.13,1.565,0.0,0.0,9.664047512187336e-06,0.9999859516242234
520,Host,Identity,Identity,2,3.01,1.505,3.01,1.505,0.0,0.0,9.293540898301559e-06,0.9999952451651217
521,Host,_HostSend,categorical_crossentropy/softmax_cross_entropy_with_logits/Shape_2/_9,2,1.54,0.77,1.54,0.77,0.0,0.0,4.754834878200798e-06,0.9999999999999999
