Rank,Host/device,Type,Operation,#Occurrences,Total time (us),Avg. time (us),Total self-time (us),Avg. self-time (us),Total self-time on Device (%),Cumulative total-self time on Device (%),Total self-time on Host (%),Cumulative total-self time on Host (%)
1,Device,IDLE,IDLE,0,82156.282,0.0,82156.282,0.0,0.7219981933585481,0.7219981933585481,0.0,0.0
2,Device,DepthwiseConv2dNativeBackpropFilter,gradient_tape/efficientnetb0/block2a_dwconv/depthwise/DepthwiseConv2dNativeBackpropFilter,2,1816.582,908.291,1816.582,908.291,0.01596431691112383,0.737962510269672,0.0,0.0
3,Device,DepthwiseConv2dNativeBackpropFilter,gradient_tape/efficientnetb0/block3a_dwconv/depthwise/DepthwiseConv2dNativeBackpropFilter,2,827.394,413.697,827.394,413.697,0.007271226967107671,0.7452337372367797,0.0,0.0
4,Device,DepthwiseConv2dNativeBackpropFilter,gradient_tape/efficientnetb0/block3b_dwconv/depthwise/DepthwiseConv2dNativeBackpropFilter,2,475.138,237.569,475.138,237.569,0.004175563563063794,0.7494093007998435,0.0,0.0
5,Device,FusedBatchNormGradV3,gradient_tape/efficientnetb0/block2a_expand_bn/FusedBatchNormGradV3,2,267.264,133.632,267.264,133.632,0.002348744617603058,0.7517580454174465,0.0,0.0
6,Device,Conv2DBackpropFilter,gradient_tape/efficientnetb0/block2b_expand_conv/Conv2D/Conv2DBackpropFilter,2,257.025,128.5125,257.025,128.5125,0.0022587631904761804,0.7540168086079226,0.0,0.0
7,Device,Conv2DBackpropFilter,gradient_tape/efficientnetb0/block3a_expand_conv/Conv2D/Conv2DBackpropFilter,2,254.977,127.4885,254.977,127.4885,0.002240765147429414,0.7562575737553521,0.0,0.0
8,Device,_Recv,IteratorGetNext/_4,2,242.305,121.1525,242.305,121.1525,0.002129402256077545,0.7583869760114296,0.0,0.0
9,Device,Conv2DBackpropInput,gradient_tape/efficientnetb0/top_conv/Conv2D/Conv2DBackpropInput,4,182.272,45.568,182.272,45.568,0.0016018258311622387,0.7599888018425918,0.0,0.0
10,Device,DepthwiseConv2dNativeBackpropInput,gradient_tape/efficientnetb0/block2a_dwconv/depthwise/DepthwiseConv2dNativeBackpropInput,2,180.224,90.112,180.224,90.112,0.0015838277881154719,0.7615726296307073,0.0,0.0
11,Device,FusedBatchNormV3,efficientnetb0/block2a_expand_bn/FusedBatchNormV3,4,161.793,40.44825,161.793,40.44825,0.001421854188801528,0.7629944838195087,0.0,0.0
12,Device,Conv2D,efficientnetb0/block7a_project_conv/Conv2D,4,159.745,39.93625,159.745,39.93625,0.0014038561457547613,0.7643983399652635,0.0,0.0
13,Device,Mul,SGD/gradients/mul_135,2,159.744,79.872,159.744,79.872,0.0014038473576478048,0.7658021873229113,0.0,0.0
14,Device,Mul,SGD/gradients/mul_136,2,159.744,79.872,159.744,79.872,0.0014038473576478048,0.767206034680559,0.0,0.0
15,Device,Mul,SGD/gradients/mul_137,2,158.722,79.361,158.722,79.361,0.0013948659123383343,0.7686009005928973,0.0,0.0
16,Device,Mul,efficientnetb0/block2a_expand_activation/mul,2,157.696,78.848,157.696,78.848,0.001385849314601038,0.7699867499074984,0.0,0.0
17,Device,Conv2DBackpropFilter,gradient_tape/efficientnetb0/block2a_expand_conv/Conv2D/Conv2DBackpropFilter,2,149.504,74.752,149.504,74.752,0.0013138571424139711,0.7713006070499123,0.0,0.0
18,Device,Conv2DBackpropInput,gradient_tape/efficientnetb0/block6b_expand_conv/Conv2D/Conv2DBackpropInput,4,139.265,34.81625,139.265,34.81625,0.0012238757152870938,0.7725244827651995,0.0,0.0
19,Device,Conv2D,efficientnetb0/block6c_project_conv/Conv2D,4,138.24,34.56,138.24,34.56,0.0012148679056567541,0.7737393506708562,0.0,0.0
20,Device,Conv2DBackpropInput,gradient_tape/efficientnetb0/block7a_expand_conv/Conv2D/Conv2DBackpropInput,4,137.216,34.304,137.216,34.304,0.0012058688841333708,0.7749452195549895,0.0,0.0
21,Device,Conv2DBackpropInput,gradient_tape/efficientnetb0/block6c_expand_conv/Conv2D/Conv2DBackpropInput,4,136.193,34.04825,136.193,34.04825,0.0011968786507169438,0.7761420982057065,0.0,0.0
22,Device,Conv2D,efficientnetb0/block6d_project_conv/Conv2D,4,136.192,34.048,136.192,34.048,0.0011968698626099875,0.7773389680683165,0.0,0.0
23,Device,Conv2D,efficientnetb0/block6b_project_conv/Conv2D,4,135.168,33.792,135.168,33.792,0.0011878708410866042,0.7785268389094031,0.0,0.0
24,Device,Conv2DBackpropInput,gradient_tape/efficientnetb0/block6d_expand_conv/Conv2D/Conv2DBackpropInput,4,135.168,33.792,135.168,33.792,0.0011878708410866042,0.7797147097504897,0.0,0.0
25,Device,Pad,efficientnetb0/block2a_dwconv_pad/Pad,2,129.025,64.5125,129.025,64.5125,0.0011338855000532604,0.780848595250543,0.0,0.0
26,Device,DepthwiseConv2dNativeBackpropInput,gradient_tape/efficientnetb0/block3a_dwconv/depthwise/DepthwiseConv2dNativeBackpropInput,2,126.977,63.4885,126.977,63.4885,0.0011158874570064935,0.7819644827075495,0.0,0.0
27,Device,Slice,gradient_tape/efficientnetb0/block2a_dwconv_pad/Slice_1,2,124.928,62.464,124.928,62.464,0.0010978806258527703,0.7830623633334023,0.0,0.0
28,Device,Conv2DBackpropInput,gradient_tape/efficientnetb0/block5b_expand_conv/Conv2D/Conv2DBackpropInput,4,122.88,30.72,122.88,30.72,0.0010798825828060037,0.7841422459162083,0.0,0.0
29,Device,Conv2DBackpropInput,gradient_tape/efficientnetb0/block5c_expand_conv/Conv2D/Conv2DBackpropInput,4,118.784,29.696,118.784,29.696,0.0010438864967124704,0.7851861324129208,0.0,0.0
30,Device,FusedBatchNormGradV3,gradient_tape/efficientnetb0/block1a_bn/FusedBatchNormGradV3,2,115.712,57.856,115.712,57.856,0.0010168894321423202,0.7862030218450631,0.0,0.0
31,Device,Conv2DBackpropFilter,gradient_tape/efficientnetb0/block2b_project_conv/Conv2D/Conv2DBackpropFilter,2,115.712,57.856,115.712,57.856,0.0010168894321423202,0.7872199112772054,0.0,0.0
32,Device,Conv2DBackpropInput,gradient_tape/efficientnetb0/block7a_se_expand/Conv2D/Conv2DBackpropInput,4,115.712,28.928,115.712,28.928,0.0010168894321423202,0.7882368007093477,0.0,0.0
33,Device,Conv2DBackpropInput,gradient_tape/efficientnetb0/block6a_expand_conv/Conv2D/Conv2DBackpropInput,4,114.689,28.67225,114.689,28.67225,0.0010078991987258932,0.7892446999080736,0.0,0.0
34,Device,Conv2DBackpropInput,gradient_tape/efficientnetb0/block6b_se_expand/Conv2D/Conv2DBackpropInput,4,113.664,28.416,113.664,28.416,0.0009988913890955533,0.7902435912971691,0.0,0.0
35,Device,Conv2DBackpropInput,gradient_tape/efficientnetb0/block6d_se_expand/Conv2D/Conv2DBackpropInput,4,112.64,28.16,112.64,28.16,0.00098989236757217,0.7912334836647413,0.0,0.0
36,Device,FusedBatchNormGradV3,gradient_tape/efficientnetb0/stem_bn/FusedBatchNormGradV3,2,112.64,56.32,112.64,56.32,0.00098989236757217,0.7922233760323135,0.0,0.0
37,Device,Sigmoid,SGD/gradients/Sigmoid_45,2,111.616,55.808,111.616,55.808,0.0009808933460487867,0.7932042693783623,0.0,0.0
38,Device,Conv2DBackpropInput,gradient_tape/efficientnetb0/block6c_se_expand/Conv2D/Conv2DBackpropInput,4,111.616,27.904,111.616,27.904,0.0009808933460487867,0.7941851627244111,0.0,0.0
39,Device,Sigmoid,efficientnetb0/block2a_expand_activation/Sigmoid,2,110.592,55.296,110.592,55.296,0.0009718943245254032,0.7951570570489365,0.0,0.0
40,Device,Conv2DBackpropInput,gradient_tape/efficientnetb0/block7a_project_conv/Conv2D/Conv2DBackpropInput,4,109.568,27.392,109.568,27.392,0.0009628953030020199,0.7961199523519384,0.0,0.0
41,Device,Conv2D,efficientnetb0/block6c_se_reduce/Conv2D,4,108.545,27.13625,108.545,27.13625,0.000953905069585593,0.797073857421524,0.0,0.0
42,Device,Sub,SGD/gradients/sub_45,2,107.522,53.761,107.522,53.761,0.0009449148361691661,0.7980187722576932,0.0,0.0
43,Device,Conv2D,efficientnetb0/block7a_se_reduce/Conv2D,4,107.521,26.88025,107.521,26.88025,0.0009449060480622096,0.7989636783057554,0.0,0.0
44,Device,Conv2D,efficientnetb0/block6d_se_reduce/Conv2D,4,107.52,26.88,107.52,26.88,0.0009448972599552532,0.7999085755657107,0.0,0.0
45,Device,AddV2,SGD/gradients/add_45,2,106.496,53.248,106.496,53.248,0.0009358982384318698,0.8008444738041426,0.0,0.0
46,Device,Conv2D,efficientnetb0/block6b_se_reduce/Conv2D,4,106.496,26.624,106.496,26.624,0.0009358982384318698,0.8017803720425745,0.0,0.0
47,Device,Conv2DBackpropInput,gradient_tape/efficientnetb0/block2a_expand_conv/Conv2D/Conv2DBackpropInput,2,103.426,51.713,103.426,51.713,0.0009089187500756327,0.8026892907926501,0.0,0.0
48,Device,Conv2D,efficientnetb0/block2a_expand_conv/Conv2D,2,101.376,50.688,101.376,50.688,0.000890903130814953,0.803580193923465,0.0,0.0
49,Device,DepthwiseConv2dNative,efficientnetb0/block2a_dwconv/depthwise,2,98.305,49.1525,98.305,49.1525,0.0008639148543517594,0.8044441087778168,0.0,0.0
50,Device,DepthwiseConv2dNativeBackpropInput,gradient_tape/efficientnetb0/block6a_dwconv/depthwise/DepthwiseConv2dNativeBackpropInput,2,97.28,48.64,97.28,48.64,0.0008549070447214196,0.8052990158225383,0.0,0.0
51,Device,SoftmaxCrossEntropyWithLogits,categorical_crossentropy/softmax_cross_entropy_with_logits,2,96.256,48.128,96.256,48.128,0.0008459080231980362,0.8061449238457363,0.0,0.0
52,Device,Conv2DBackpropInput,gradient_tape/efficientnetb0/block4b_expand_conv/Conv2D/Conv2DBackpropInput,4,93.186,23.2965,93.186,23.2965,0.000818928534841799,0.8069638523805781,0.0,0.0
53,Device,Conv2DBackpropInput,gradient_tape/efficientnetb0/block5a_expand_conv/Conv2D/Conv2DBackpropInput,4,93.184,23.296,93.184,23.296,0.0008189109586278861,0.807782763339206,0.0,0.0
54,Device,Conv2DBackpropInput,gradient_tape/efficientnetb0/block4c_expand_conv/Conv2D/Conv2DBackpropInput,4,92.16,23.04,92.16,23.04,0.0008099119371045027,0.8085926752763105,0.0,0.0
55,Device,Conv2D,efficientnetb0/block5c_project_conv/Conv2D,4,90.112,22.528,90.112,22.528,0.0007919138940577359,0.8093845891703683,0.0,0.0
56,Device,Conv2D,efficientnetb0/block6a_project_conv/Conv2D,4,89.088,22.272,89.088,22.272,0.0007829148725343526,0.8101675040429026,0.0,0.0
57,Device,DepthwiseConv2dNativeBackpropFilter,gradient_tape/efficientnetb0/block6a_dwconv/depthwise/DepthwiseConv2dNativeBackpropFilter,2,89.088,44.544,89.088,44.544,0.0007829148725343526,0.810950418915437,0.0,0.0
58,Device,Conv2D,efficientnetb0/block5b_project_conv/Conv2D,4,88.064,22.016,88.064,22.016,0.0007739158510109692,0.8117243347664479,0.0,0.0
59,Device,FusedBatchNormGradV3,gradient_tape/efficientnetb0/block3a_expand_bn/FusedBatchNormGradV3,2,88.064,44.032,88.064,44.032,0.0007739158510109692,0.8124982506174588,0.0,0.0
60,Device,FusedBatchNormGradV3,gradient_tape/efficientnetb0/block2b_bn/FusedBatchNormGradV3,2,87.04,43.52,87.04,43.52,0.000764916829487586,0.8132631674469464,0.0,0.0
61,Device,DepthwiseConv2dNativeBackpropInput,gradient_tape/efficientnetb0/block2b_dwconv/depthwise/DepthwiseConv2dNativeBackpropInput,2,84.993,42.4965,84.993,42.4965,0.0007469275745477756,0.8140100950214941,0.0,0.0
62,Device,FusedBatchNormGradV3,gradient_tape/efficientnetb0/block2b_expand_bn/FusedBatchNormGradV3,2,84.993,42.4965,84.993,42.4965,0.0007469275745477756,0.8147570225960419,0.0,0.0
63,Device,Conv2D,efficientnetb0/top_conv/Conv2D,2,84.992,42.496,84.992,42.496,0.0007469187864408192,0.8155039413824827,0.0,0.0
64,Device,Conv2DBackpropFilter,gradient_tape/efficientnetb0/block5b_expand_conv/Conv2D/Conv2DBackpropFilter,2,83.969,41.9845,83.969,41.9845,0.0007379285530243922,0.8162418699355071,0.0,0.0
65,Device,Conv2DBackpropFilter,gradient_tape/efficientnetb0/block5c_expand_conv/Conv2D/Conv2DBackpropFilter,2,83.969,41.9845,83.969,41.9845,0.0007379285530243922,0.8169797984885314,0.0,0.0
66,Device,Conv2DBackpropFilter,gradient_tape/efficientnetb0/block6a_expand_conv/Conv2D/Conv2DBackpropFilter,2,83.968,41.984,83.968,41.984,0.0007379197649174359,0.8177177182534489,0.0,0.0
67,Device,Conv2DBackpropFilter,gradient_tape/efficientnetb0/block1a_project_conv/Conv2D/Conv2DBackpropFilter,2,81.92,40.96,81.92,40.96,0.0007199217218706691,0.8184376399753195,0.0,0.0
68,Device,Conv2DBackpropFilter,gradient_tape/efficientnetb0/block5a_expand_conv/Conv2D/Conv2DBackpropFilter,2,81.92,40.96,81.92,40.96,0.0007199217218706691,0.8191575616971901,0.0,0.0
69,Device,Conv2DBackpropFilter,gradient_tape/efficientnetb0/block4c_expand_conv/Conv2D/Conv2DBackpropFilter,2,80.897,40.4485,80.897,40.4485,0.0007109314884542423,0.8198684931856444,0.0,0.0
70,Device,Conv2DBackpropFilter,gradient_tape/efficientnetb0/block4c_project_conv/Conv2D/Conv2DBackpropFilter,2,80.896,40.448,80.896,40.448,0.0007109227003472857,0.8205794158859917,0.0,0.0
71,Device,Conv2DBackpropFilter,gradient_tape/efficientnetb0/block5a_project_conv/Conv2D/Conv2DBackpropFilter,2,80.896,40.448,80.896,40.448,0.0007109227003472857,0.821290338586339,0.0,0.0
72,Device,Conv2DBackpropFilter,gradient_tape/efficientnetb0/block4a_project_conv/Conv2D/Conv2DBackpropFilter,2,79.872,39.936,79.872,39.936,0.0007019236788239024,0.821992262265163,0.0,0.0
73,Device,Conv2DBackpropFilter,gradient_tape/efficientnetb0/block4b_expand_conv/Conv2D/Conv2DBackpropFilter,2,79.872,39.936,79.872,39.936,0.0007019236788239024,0.8226941859439869,0.0,0.0
74,Device,Conv2DBackpropFilter,gradient_tape/efficientnetb0/block4b_project_conv/Conv2D/Conv2DBackpropFilter,2,79.872,39.936,79.872,39.936,0.0007019236788239024,0.8233961096228108,0.0,0.0
75,Device,Conv2DBackpropInput,gradient_tape/efficientnetb0/block6d_project_conv/Conv2D/Conv2DBackpropInput,4,78.849,19.71225,78.849,19.71225,0.0006929334454074755,0.8240890430682183,0.0,0.0
76,Device,Conv2DBackpropInput,gradient_tape/efficientnetb0/block6c_project_conv/Conv2D/Conv2DBackpropInput,4,78.848,19.712,78.848,19.712,0.000692924657300519,0.8247819677255188,0.0,0.0
77,Device,Conv2DBackpropInput,gradient_tape/efficientnetb0/block5c_se_expand/Conv2D/Conv2DBackpropInput,4,77.825,19.45625,77.825,19.45625,0.0006839344238840921,0.825465902149403,0.0,0.0
78,Device,Conv2DBackpropInput,gradient_tape/efficientnetb0/block5b_se_expand/Conv2D/Conv2DBackpropInput,4,77.824,19.456,77.824,19.456,0.0006839256357771356,0.8261498277851801,0.0,0.0
79,Device,Conv2DBackpropInput,gradient_tape/efficientnetb0/block6b_project_conv/Conv2D/Conv2DBackpropInput,4,76.8,19.2,76.8,19.2,0.0006749266142537523,0.8268247543994338,0.0,0.0
80,Device,Conv2D,efficientnetb0/block5c_se_reduce/Conv2D,4,75.776,18.944,75.776,18.944,0.0006659275927303689,0.8274906819921641,0.0,0.0
81,Device,Conv2D,efficientnetb0/block5b_se_reduce/Conv2D,4,74.754,18.6885,74.754,18.6885,0.0006569461474208985,0.828147628139585,0.0,0.0
82,Device,Conv2D,efficientnetb0/block4b_project_conv/Conv2D,4,74.753,18.68825,74.753,18.68825,0.000656937359313942,0.8288045654988989,0.0,0.0
83,Device,Pad,efficientnetb0/block3a_dwconv_pad/Pad,2,74.752,37.376,74.752,37.376,0.0006569285712069856,0.8294614940701059,0.0,0.0
84,Device,Conv2D,efficientnetb0/block4c_project_conv/Conv2D,4,74.752,18.688,74.752,18.688,0.0006569285712069856,0.830118422641313,0.0,0.0
85,Device,DepthwiseConv2dNativeBackpropInput,gradient_tape/efficientnetb0/block1a_dwconv/depthwise/DepthwiseConv2dNativeBackpropInput,2,73.729,36.8645,73.729,36.8645,0.0006479383377905586,0.8307663609791035,0.0,0.0
86,Device,Conv2D,efficientnetb0/block5a_project_conv/Conv2D,4,73.728,18.432,73.728,18.432,0.0006479295496836021,0.8314142905287871,0.0,0.0
87,Device,Conv2D,efficientnetb0/block6a_se_reduce/Conv2D,4,73.728,18.432,73.728,18.432,0.0006479295496836021,0.8320622200784707,0.0,0.0
88,Device,Conv2DBackpropInput,gradient_tape/efficientnetb0/block6a_se_expand/Conv2D/Conv2DBackpropInput,4,73.728,18.432,73.728,18.432,0.0006479295496836021,0.8327101496281544,0.0,0.0
89,Device,DepthwiseConv2dNativeBackpropFilter,gradient_tape/efficientnetb0/block1a_dwconv/depthwise/DepthwiseConv2dNativeBackpropFilter,2,72.704,36.352,72.704,36.352,0.0006389305281602188,0.8333490801563146,0.0,0.0
90,Device,Pad,efficientnetb0/block6a_dwconv_pad/Pad,2,71.681,35.8405,71.681,35.8405,0.0006299402947437918,0.8339790204510584,0.0,0.0
91,Device,Conv2DBackpropFilter,gradient_tape/efficientnetb0/block5c_project_conv/Conv2D/Conv2DBackpropFilter,4,71.681,17.92025,71.681,17.92025,0.0006299402947437918,0.8346089607458023,0.0,0.0
92,Device,Conv2DBackpropFilter,gradient_tape/efficientnetb0/stem_conv/Conv2D/Conv2DBackpropFilter,2,71.681,35.8405,71.681,35.8405,0.0006299402947437918,0.8352389010405461,0.0,0.0
93,Device,Conv2DBackpropFilter,gradient_tape/efficientnetb0/block3b_expand_conv/Conv2D/Conv2DBackpropFilter,2,70.657,35.3285,70.657,35.3285,0.0006209412732204085,0.8358598423137665,0.0,0.0
94,Device,Conv2DBackpropFilter,gradient_tape/efficientnetb0/block4a_expand_conv/Conv2D/Conv2DBackpropFilter,2,70.656,35.328,70.656,35.328,0.0006209324851134522,0.83648077479888,0.0,0.0
95,Device,DepthwiseConv2dNative,efficientnetb0/block3a_dwconv/depthwise,2,69.632,34.816,69.632,34.816,0.0006119334635900688,0.8370927082624701,0.0,0.0
96,Device,DepthwiseConv2dNative,efficientnetb0/block6a_dwconv/depthwise,2,69.632,34.816,69.632,34.816,0.0006119334635900688,0.8377046417260602,0.0,0.0
97,Device,Conv2DBackpropFilter,gradient_tape/efficientnetb0/block5b_project_conv/Conv2D/Conv2DBackpropFilter,4,69.632,17.408,69.632,17.408,0.0006119334635900688,0.8383165751896503,0.0,0.0
98,Device,Conv2DBackpropFilter,gradient_tape/efficientnetb0/block3b_project_conv/Conv2D/Conv2DBackpropFilter,4,68.609,17.15225,68.609,17.15225,0.0006029432301736417,0.8389195184198239,0.0,0.0
99,Device,Conv2DBackpropFilter,gradient_tape/efficientnetb0/block3a_project_conv/Conv2D/Conv2DBackpropFilter,4,65.536,16.384,65.536,16.384,0.0005759373774965353,0.8394954557973204,0.0,0.0
100,Device,Conv2DBackpropInput,gradient_tape/efficientnetb0/block4b_se_expand/Conv2D/Conv2DBackpropInput,4,65.536,16.384,65.536,16.384,0.0005759373774965353,0.8400713931748169,0.0,0.0
101,Device,Conv2DBackpropInput,gradient_tape/efficientnetb0/block5a_se_expand/Conv2D/Conv2DBackpropInput,4,64.512,16.128,64.512,16.128,0.0005669383559731519,0.84063833153079,0.0,0.0
102,Device,Mul,gradient_tape/efficientnetb0/block2b_se_excite/mul/Mul_1,2,63.488,31.744,63.488,31.744,0.0005579393344497686,0.8411962708652398,0.0,0.0
103,Device,Conv2DBackpropInput,gradient_tape/efficientnetb0/block4c_se_expand/Conv2D/Conv2DBackpropInput,4,62.464,15.616,62.464,15.616,0.0005489403129263851,0.8417452111781663,0.0,0.0
104,Device,Conv2DBackpropInput,gradient_tape/efficientnetb0/block6a_project_conv/Conv2D/Conv2DBackpropInput,4,62.464,15.616,62.464,15.616,0.0005489403129263851,0.8422941514910927,0.0,0.0
105,Device,Conv2D,efficientnetb0/block4c_se_reduce/Conv2D,4,61.44,15.36,61.44,15.36,0.0005399412914030018,0.8428340927824957,0.0,0.0
106,Device,Conv2D,efficientnetb0/block5a_se_reduce/Conv2D,4,60.416,15.104,60.416,15.104,0.0005309422698796184,0.8433650350523753,0.0,0.0
107,Device,Conv2D,efficientnetb0/block4b_se_reduce/Conv2D,4,59.393,14.84825,59.393,14.84825,0.0005219520364631915,0.8438869870888385,0.0,0.0
108,Device,FusedBatchNormGradV3,gradient_tape/efficientnetb0/block1a_project_bn/FusedBatchNormGradV3,2,59.392,29.696,59.392,29.696,0.0005219432483562352,0.8444089303371947,0.0,0.0
109,Device,Conv2DBackpropInput,gradient_tape/efficientnetb0/block5b_project_conv/Conv2D/Conv2DBackpropInput,2,59.392,29.696,59.392,29.696,0.0005219432483562352,0.8449308735855509,0.0,0.0
110,Device,Mul,SGD/gradients/mul_125,2,58.369,29.1845,58.369,29.1845,0.0005129530149398082,0.8454438266004907,0.0,0.0
111,Device,Conv2DBackpropInput,gradient_tape/efficientnetb0/block3b_expand_conv/Conv2D/Conv2DBackpropInput,4,58.368,14.592,58.368,14.592,0.0005129442268328518,0.8459567708273236,0.0,0.0
112,Device,Conv2DBackpropInput,gradient_tape/efficientnetb0/block4a_expand_conv/Conv2D/Conv2DBackpropInput,4,58.368,14.592,58.368,14.592,0.0005129442268328518,0.8464697150541565,0.0,0.0
113,Device,Conv2DBackpropInput,gradient_tape/efficientnetb0/block3b_se_expand/Conv2D/Conv2DBackpropInput,4,57.345,14.33625,57.345,14.33625,0.0005039539934164248,0.8469736690475729,0.0,0.0
114,Device,Conv2DBackpropFilter,gradient_tape/efficientnetb0/top_conv/Conv2D/Conv2DBackpropFilter,2,57.345,28.6725,57.345,28.6725,0.0005039539934164248,0.8474776230409893,0.0,0.0
115,Device,Conv2DBackpropFilter,gradient_tape/efficientnetb0/block2a_project_conv/Conv2D/Conv2DBackpropFilter,2,57.344,28.672,57.344,28.672,0.0005039452053094684,0.8479815682462988,0.0,0.0
116,Device,DepthwiseConv2dNativeBackpropFilter,gradient_tape/efficientnetb0/block2b_dwconv/depthwise/DepthwiseConv2dNativeBackpropFilter,2,57.344,28.672,57.344,28.672,0.0005039452053094684,0.8484855134516083,0.0,0.0
117,Device,DepthwiseConv2dNativeBackpropInput,gradient_tape/efficientnetb0/block3b_dwconv/depthwise/DepthwiseConv2dNativeBackpropInput,2,57.344,28.672,57.344,28.672,0.0005039452053094684,0.8489894586569178,0.0,0.0
118,Device,Conv2DBackpropInput,gradient_tape/efficientnetb0/block5c_project_conv/Conv2D/Conv2DBackpropInput,2,57.344,28.672,57.344,28.672,0.0005039452053094684,0.8494934038622273,0.0,0.0
119,Device,FusedBatchNormV3,efficientnetb0/block1a_bn/FusedBatchNormV3,4,56.321,14.08025,56.321,14.08025,0.0004949549718930414,0.8499883588341203,0.0,0.0
120,Device,Mul,gradient_tape/efficientnetb0/block1a_se_excite/mul/Mul_1,2,56.32,28.16,56.32,28.16,0.000494946183786085,0.8504833050179064,0.0,0.0
121,Device,Mul,SGD/gradients/mul_117,2,55.297,27.6485,55.297,27.6485,0.00048595595036965807,0.8509692609682761,0.0,0.0
122,Device,Conv2D,efficientnetb0/block6b_expand_conv/Conv2D,2,55.297,27.6485,55.297,27.6485,0.00048595595036965807,0.8514552169186458,0.0,0.0
123,Device,Conv2DBackpropFilter,gradient_tape/efficientnetb0/block7a_project_conv/Conv2D/Conv2DBackpropFilter,2,55.296,27.648,55.296,27.648,0.0004859471622627016,0.8519411640809085,0.0,0.0
124,Device,Mul,SGD/gradients/mul_123,2,54.272,27.136,54.272,27.136,0.00047694814073931825,0.8524181122216478,0.0,0.0
125,Device,Mul,SGD/gradients/mul_126,2,54.272,27.136,54.272,27.136,0.00047694814073931825,0.852895060362387,0.0,0.0
126,Device,Conv2D,efficientnetb0/block6c_expand_conv/Conv2D,2,54.272,27.136,54.272,27.136,0.00047694814073931825,0.8533720085031263,0.0,0.0
127,Device,Conv2D,efficientnetb0/block6d_expand_conv/Conv2D,2,54.272,27.136,54.272,27.136,0.00047694814073931825,0.8538489566438656,0.0,0.0
128,Device,Conv2D,efficientnetb0/block7a_expand_conv/Conv2D,2,54.272,27.136,54.272,27.136,0.00047694814073931825,0.8543259047846049,0.0,0.0
129,Device,FusedBatchNormV3,efficientnetb0/stem_bn/FusedBatchNormV3,4,54.272,13.568,54.272,13.568,0.00047694814073931825,0.8548028529253442,0.0,0.0
130,Device,Slice,gradient_tape/efficientnetb0/block3a_dwconv_pad/Slice_1,2,54.272,27.136,54.272,27.136,0.00047694814073931825,0.8552798010660835,0.0,0.0
131,Device,Conv2DBackpropInput,gradient_tape/efficientnetb0/block1a_project_conv/Conv2D/Conv2DBackpropInput,2,53.248,26.624,53.248,26.624,0.0004679491192159349,0.8557477501852994,0.0,0.0
132,Device,Mul,SGD/gradients/mul_119,2,52.224,26.112,52.224,26.112,0.00045895009769255155,0.856206700282992,0.0,0.0
133,Device,Mul,SGD/gradients/mul_127,2,52.224,26.112,52.224,26.112,0.00045895009769255155,0.8566656503806845,0.0,0.0
134,Device,Conv2D,efficientnetb0/block5c_expand_conv/Conv2D,2,52.224,26.112,52.224,26.112,0.00045895009769255155,0.8571246004783771,0.0,0.0
135,Device,DepthwiseConv2dNativeBackpropFilter,gradient_tape/efficientnetb0/block4a_dwconv/depthwise/DepthwiseConv2dNativeBackpropFilter,2,52.224,26.112,52.224,26.112,0.00045895009769255155,0.8575835505760697,0.0,0.0
136,Device,Conv2DBackpropInput,gradient_tape/efficientnetb0/block4a_se_expand/Conv2D/Conv2DBackpropInput,4,52.224,13.056,52.224,13.056,0.00045895009769255155,0.8580425006737623,0.0,0.0
137,Device,FusedBatchNormGradV3,gradient_tape/efficientnetb0/block2a_bn/FusedBatchNormGradV3,2,51.202,25.601,51.202,25.601,0.000449968652383081,0.8584924693261454,0.0,0.0
138,Device,Mul,efficientnetb0/block3a_expand_activation/mul,2,51.201,25.6005,51.201,25.6005,0.0004499598642761246,0.8589424291904215,0.0,0.0
139,Device,Mul,SGD/gradients/mul_118,2,51.2,25.6,51.2,25.6,0.0004499510761691682,0.8593923802665907,0.0,0.0
140,Device,Mul,SGD/gradients/mul_124,2,51.2,25.6,51.2,25.6,0.0004499510761691682,0.8598423313427599,0.0,0.0
141,Device,Mul,SGD/gradients/mul_128,2,51.2,25.6,51.2,25.6,0.0004499510761691682,0.8602922824189291,0.0,0.0
142,Device,Conv2D,efficientnetb0/block6a_expand_conv/Conv2D,2,51.2,25.6,51.2,25.6,0.0004499510761691682,0.8607422334950983,0.0,0.0
143,Device,Conv2D,efficientnetb0/stem_conv/Conv2D,2,51.2,25.6,51.2,25.6,0.0004499510761691682,0.8611921845712674,0.0,0.0
144,Device,Mul,efficientnetb0/block2b_expand_activation/mul,2,50.177,25.0885,50.177,25.0885,0.00044096084275274124,0.8616331454140201,0.0,0.0
145,Device,Conv2DBackpropInput,gradient_tape/efficientnetb0/block3b_project_conv/Conv2D/Conv2DBackpropInput,4,50.177,12.54425,50.177,12.54425,0.00044096084275274124,0.8620741062567728,0.0,0.0
146,Device,AddN,SGD/gradients/AddN_21,2,50.176,25.088,50.176,25.088,0.00044095205464578485,0.8625150583114186,0.0,0.0
147,Device,Conv2D,efficientnetb0/block5b_expand_conv/Conv2D,2,50.176,25.088,50.176,25.088,0.00044095205464578485,0.8629560103660644,0.0,0.0
148,Device,Conv2DBackpropInput,gradient_tape/efficientnetb0/block5a_project_conv/Conv2D/Conv2DBackpropInput,2,50.176,25.088,50.176,25.088,0.00044095205464578485,0.8633969624207102,0.0,0.0
149,Device,Mul,efficientnetb0/block2b_activation/mul,2,49.152,24.576,49.152,24.576,0.00043195303312240147,0.8638289154538326,0.0,0.0
150,Device,DepthwiseConv2dNative,efficientnetb0/block3b_dwconv/depthwise,2,49.152,24.576,49.152,24.576,0.00043195303312240147,0.8642608684869549,0.0,0.0
151,Device,DepthwiseConv2dNativeBackpropFilter,gradient_tape/efficientnetb0/block5b_dwconv/depthwise/DepthwiseConv2dNativeBackpropFilter,2,49.152,24.576,49.152,24.576,0.00043195303312240147,0.8646928215200773,0.0,0.0
152,Device,Conv2D,efficientnetb0/block2b_expand_conv/Conv2D,2,48.129,24.0645,48.129,24.0645,0.0004229627997059745,0.8651157843197833,0.0,0.0
153,Device,Mul,SGD/gradients/mul_143,2,47.104,23.552,47.104,23.552,0.0004139549900756347,0.865529739309859,0.0,0.0
154,Device,Conv2D,efficientnetb0/block3a_expand_conv/Conv2D,2,47.104,23.552,47.104,23.552,0.0004139549900756347,0.8659436942999347,0.0,0.0
155,Device,Conv2D,efficientnetb0/block3b_se_reduce/Conv2D,2,46.08,23.04,46.08,23.04,0.00040495596855225134,0.866348650268487,0.0,0.0
156,Device,Conv2DBackpropInput,gradient_tape/efficientnetb0/block2b_project_conv/Conv2D/Conv2DBackpropInput,2,46.08,23.04,46.08,23.04,0.00040495596855225134,0.8667536062370392,0.0,0.0
157,Device,Conv2DBackpropInput,gradient_tape/efficientnetb0/block3a_expand_conv/Conv2D/Conv2DBackpropInput,2,46.08,23.04,46.08,23.04,0.00040495596855225134,0.8671585622055915,0.0,0.0
158,Device,Sigmoid,SGD/gradients/Sigmoid_41,2,45.056,22.528,45.056,22.528,0.00039595694702886797,0.8675545191526204,0.0,0.0
159,Device,Sigmoid,SGD/gradients/Sigmoid_42,2,45.056,22.528,45.056,22.528,0.00039595694702886797,0.8679504760996493,0.0,0.0
160,Device,FusedBatchNormV3,efficientnetb0/top_bn/FusedBatchNormV3,4,45.056,11.264,45.056,11.264,0.00039595694702886797,0.8683464330466781,0.0,0.0
161,Device,DepthwiseConv2dNativeBackpropInput,gradient_tape/efficientnetb0/block4a_dwconv/depthwise/DepthwiseConv2dNativeBackpropInput,2,45.056,22.528,45.056,22.528,0.00039595694702886797,0.868742389993707,0.0,0.0
162,Device,Conv2DBackpropInput,gradient_tape/efficientnetb0/block4b_project_conv/Conv2D/Conv2DBackpropInput,2,45.056,22.528,45.056,22.528,0.00039595694702886797,0.8691383469407359,0.0,0.0
163,Device,Conv2DBackpropFilter,gradient_tape/efficientnetb0/block6d_expand_conv/Conv2D/Conv2DBackpropFilter,2,45.056,22.528,45.056,22.528,0.00039595694702886797,0.8695343038877648,0.0,0.0
164,Device,DepthwiseConv2dNative,efficientnetb0/block1a_dwconv/depthwise,2,44.033,22.0165,44.033,22.0165,0.0003869667136124411,0.8699212706013773,0.0,0.0
165,Device,Conv2D,efficientnetb0/block4a_se_reduce/Conv2D,2,44.032,22.016,44.032,22.016,0.0003869579255054846,0.8703082285268827,0.0,0.0
166,Device,Conv2DBackpropInput,gradient_tape/efficientnetb0/block2b_expand_conv/Conv2D/Conv2DBackpropInput,2,44.032,22.016,44.032,22.016,0.0003869579255054846,0.8706951864523882,0.0,0.0
167,Device,Conv2DBackpropInput,gradient_tape/efficientnetb0/block4c_project_conv/Conv2D/Conv2DBackpropInput,2,44.032,22.016,44.032,22.016,0.0003869579255054846,0.8710821443778937,0.0,0.0
168,Device,Conv2D,efficientnetb0/block1a_project_conv/Conv2D,2,43.009,21.5045,43.009,21.5045,0.0003779676920890577,0.8714601120699828,0.0,0.0
169,Device,Sigmoid,SGD/gradients/Sigmoid_39,2,43.008,21.504,43.008,21.504,0.0003779589039821013,0.8718380709739648,0.0,0.0
170,Device,Mul,efficientnetb0/block2b_se_excite/mul,2,43.008,21.504,43.008,21.504,0.0003779589039821013,0.8722160298779469,0.0,0.0
171,Device,DepthwiseConv2dNativeBackpropFilter,gradient_tape/efficientnetb0/block5c_dwconv/depthwise/DepthwiseConv2dNativeBackpropFilter,2,43.008,21.504,43.008,21.504,0.0003779589039821013,0.872593988781929,0.0,0.0
172,Device,Conv2DBackpropFilter,gradient_tape/efficientnetb0/block6b_expand_conv/Conv2D/Conv2DBackpropFilter,2,43.008,21.504,43.008,21.504,0.0003779589039821013,0.872971947685911,0.0,0.0
173,Device,Conv2DBackpropInput,gradient_tape/efficientnetb0/block6b_se_reduce/Conv2D/Conv2DBackpropInput,4,43.008,10.752,43.008,10.752,0.0003779589039821013,0.8733499065898931,0.0,0.0
174,Device,Mul,SGD/gradients/mul_142,2,41.984,20.992,41.984,20.992,0.00036895988245871795,0.8737188664723518,0.0,0.0
175,Device,Mul,SGD/gradients/mul_145,2,41.984,20.992,41.984,20.992,0.00036895988245871795,0.8740878263548104,0.0,0.0
176,Device,Conv2DBackpropInput,gradient_tape/efficientnetb0/block3a_project_conv/Conv2D/Conv2DBackpropInput,2,41.984,20.992,41.984,20.992,0.00036895988245871795,0.8744567862372691,0.0,0.0
177,Device,Conv2DBackpropFilter,gradient_tape/efficientnetb0/block6c_expand_conv/Conv2D/Conv2DBackpropFilter,2,41.984,20.992,41.984,20.992,0.00036895988245871795,0.8748257461197277,0.0,0.0
178,Device,Conv2DBackpropInput,gradient_tape/efficientnetb0/block6c_se_reduce/Conv2D/Conv2DBackpropInput,4,41.984,10.496,41.984,10.496,0.00036895988245871795,0.8751947060021864,0.0,0.0
179,Device,FusedBatchNormGradV3,gradient_tape/efficientnetb0/top_bn/FusedBatchNormGradV3,2,41.984,20.992,41.984,20.992,0.00036895988245871795,0.8755636658846451,0.0,0.0
180,Device,Mul,gradient_tape/efficientnetb0/block2b_se_excite/mul/Mul,2,40.961,20.4805,40.961,20.4805,0.00035996964904229096,0.8759236355336874,0.0,0.0
181,Device,Conv2DBackpropFilter,gradient_tape/efficientnetb0/block6d_project_conv/Conv2D/Conv2DBackpropFilter,2,40.961,20.4805,40.961,20.4805,0.00035996964904229096,0.8762836051827296,0.0,0.0
182,Device,Conv2DBackpropInput,gradient_tape/efficientnetb0/block6d_se_reduce/Conv2D/Conv2DBackpropInput,4,40.961,10.24025,40.961,10.24025,0.00035996964904229096,0.8766435748317719,0.0,0.0
183,Device,AddN,SGD/gradients/AddN_24,2,40.96,20.48,40.96,20.48,0.00035996086093533457,0.8770035356927073,0.0,0.0
184,Device,Sigmoid,SGD/gradients/Sigmoid_47,2,40.96,20.48,40.96,20.48,0.00035996086093533457,0.8773634965536427,0.0,0.0
185,Device,Mul,SGD/gradients/mul_141,2,40.96,20.48,40.96,20.48,0.00035996086093533457,0.877723457414578,0.0,0.0
186,Device,Mul,SGD/gradients/mul_144,2,40.96,20.48,40.96,20.48,0.00035996086093533457,0.8780834182755134,0.0,0.0
187,Device,FusedBatchNormV3,efficientnetb0/block6c_bn/FusedBatchNormV3,4,40.96,10.24,40.96,10.24,0.00035996086093533457,0.8784433791364488,0.0,0.0
188,Device,FusedBatchNormV3,efficientnetb0/block7a_expand_bn/FusedBatchNormV3,4,40.96,10.24,40.96,10.24,0.00035996086093533457,0.8788033399973841,0.0,0.0
189,Device,Conv2DBackpropFilter,gradient_tape/efficientnetb0/block4c_se_reduce/Conv2D/Conv2DBackpropFilter,2,40.96,20.48,40.96,20.48,0.00035996086093533457,0.8791633008583195,0.0,0.0
190,Device,Conv2DBackpropFilter,gradient_tape/efficientnetb0/block6b_project_conv/Conv2D/Conv2DBackpropFilter,2,40.96,20.48,40.96,20.48,0.00035996086093533457,0.8795232617192549,0.0,0.0
191,Device,FusedBatchNormGradV3,gradient_tape/efficientnetb0/block6c_expand_bn/FusedBatchNormGradV3,2,40.96,20.48,40.96,20.48,0.00035996086093533457,0.8798832225801902,0.0,0.0
192,Device,Conv2DBackpropFilter,gradient_tape/efficientnetb0/block6c_project_conv/Conv2D/Conv2DBackpropFilter,2,40.96,20.48,40.96,20.48,0.00035996086093533457,0.8802431834411256,0.0,0.0
193,Device,Conv2DBackpropFilter,gradient_tape/efficientnetb0/block7a_expand_conv/Conv2D/Conv2DBackpropFilter,2,40.96,20.48,40.96,20.48,0.00035996086093533457,0.880603144302061,0.0,0.0
194,Device,FusedBatchNormV3,efficientnetb0/block6c_expand_bn/FusedBatchNormV3,4,39.937,9.98425,39.937,9.98425,0.0003509706275189076,0.8809541149295799,0.0,0.0
195,Device,FusedBatchNormGradV3,gradient_tape/efficientnetb0/block6b_bn/FusedBatchNormGradV3,2,39.937,19.9685,39.937,19.9685,0.0003509706275189076,0.8813050855570987,0.0,0.0
196,Device,Mul,SGD/gradients/mul_146,2,39.936,19.968,39.936,19.968,0.0003509618394119512,0.8816560473965107,0.0,0.0
197,Device,Conv2D,efficientnetb0/block2b_project_conv/Conv2D,2,39.936,19.968,39.936,19.968,0.0003509618394119512,0.8820070092359227,0.0,0.0
198,Device,Conv2D,efficientnetb0/block3b_project_conv/Conv2D,2,39.936,19.968,39.936,19.968,0.0003509618394119512,0.8823579710753346,0.0,0.0
199,Device,Conv2D,efficientnetb0/block4a_project_conv/Conv2D,2,39.936,19.968,39.936,19.968,0.0003509618394119512,0.8827089329147466,0.0,0.0
200,Device,FusedBatchNormV3,efficientnetb0/block6b_bn/FusedBatchNormV3,4,39.936,9.984,39.936,9.984,0.0003509618394119512,0.8830598947541586,0.0,0.0
201,Device,FusedBatchNormV3,efficientnetb0/block6b_expand_bn/FusedBatchNormV3,4,39.936,9.984,39.936,9.984,0.0003509618394119512,0.8834108565935705,0.0,0.0
202,Device,FusedBatchNormV3,efficientnetb0/block6d_bn/FusedBatchNormV3,4,39.936,9.984,39.936,9.984,0.0003509618394119512,0.8837618184329825,0.0,0.0
203,Device,FusedBatchNormV3,efficientnetb0/block6d_expand_bn/FusedBatchNormV3,4,39.936,9.984,39.936,9.984,0.0003509618394119512,0.8841127802723945,0.0,0.0
204,Device,FusedBatchNormV3,efficientnetb0/block7a_bn/FusedBatchNormV3,4,39.936,9.984,39.936,9.984,0.0003509618394119512,0.8844637421118065,0.0,0.0
205,Device,Mul,efficientnetb0/stem_activation/mul,2,39.936,19.968,39.936,19.968,0.0003509618394119512,0.8848147039512184,0.0,0.0
206,Device,Mul,gradient_tape/efficientnetb0/block2a_se_excite/mul/Mul_1,2,39.936,19.968,39.936,19.968,0.0003509618394119512,0.8851656657906304,0.0,0.0
207,Device,Conv2DBackpropFilter,gradient_tape/efficientnetb0/block4b_se_reduce/Conv2D/Conv2DBackpropFilter,2,39.936,19.968,39.936,19.968,0.0003509618394119512,0.8855166276300424,0.0,0.0
208,Device,Conv2DBackpropFilter,gradient_tape/efficientnetb0/block5a_se_reduce/Conv2D/Conv2DBackpropFilter,2,39.936,19.968,39.936,19.968,0.0003509618394119512,0.8858675894694543,0.0,0.0
209,Device,FusedBatchNormGradV3,gradient_tape/efficientnetb0/block6b_expand_bn/FusedBatchNormGradV3,2,39.936,19.968,39.936,19.968,0.0003509618394119512,0.8862185513088663,0.0,0.0
210,Device,FusedBatchNormGradV3,gradient_tape/efficientnetb0/block6c_bn/FusedBatchNormGradV3,2,39.936,19.968,39.936,19.968,0.0003509618394119512,0.8865695131482783,0.0,0.0
211,Device,BiasAddGrad,gradient_tape/efficientnetb0/block6b_se_expand/BiasAdd/BiasAddGrad,2,38.913,19.4565,38.913,19.4565,0.0003419716059955242,0.8869114847542737,0.0,0.0
212,Device,FusedBatchNormGradV3,gradient_tape/efficientnetb0/block6d_bn/FusedBatchNormGradV3,2,38.913,19.4565,38.913,19.4565,0.0003419716059955242,0.8872534563602692,0.0,0.0
213,Device,Mul,efficientnetb0/block1a_activation/mul,2,38.912,19.456,38.912,19.456,0.0003419628178885678,0.8875954191781578,0.0,0.0
214,Device,Conv2DBackpropInput,gradient_tape/efficientnetb0/block2a_project_conv/Conv2D/Conv2DBackpropInput,2,38.912,19.456,38.912,19.456,0.0003419628178885678,0.8879373819960463,0.0,0.0
215,Device,Conv2DBackpropInput,gradient_tape/efficientnetb0/block2b_se_expand/Conv2D/Conv2DBackpropInput,2,38.912,19.456,38.912,19.456,0.0003419628178885678,0.8882793448139349,0.0,0.0
216,Device,BiasAddGrad,gradient_tape/efficientnetb0/block6c_se_expand/BiasAdd/BiasAddGrad,2,38.912,19.456,38.912,19.456,0.0003419628178885678,0.8886213076318235,0.0,0.0
217,Device,FusedBatchNormGradV3,gradient_tape/efficientnetb0/block6d_expand_bn/FusedBatchNormGradV3,2,38.912,19.456,38.912,19.456,0.0003419628178885678,0.888963270449712,0.0,0.0
218,Device,BiasAddGrad,gradient_tape/efficientnetb0/block6d_se_expand/BiasAdd/BiasAddGrad,2,38.912,19.456,38.912,19.456,0.0003419628178885678,0.8893052332676006,0.0,0.0
219,Device,FusedBatchNormGradV3,gradient_tape/efficientnetb0/block7a_bn/FusedBatchNormGradV3,2,38.912,19.456,38.912,19.456,0.0003419628178885678,0.8896471960854891,0.0,0.0
220,Device,FusedBatchNormGradV3,gradient_tape/efficientnetb0/block7a_expand_bn/FusedBatchNormGradV3,2,38.912,19.456,38.912,19.456,0.0003419628178885678,0.8899891589033777,0.0,0.0
221,Device,BiasAddGrad,gradient_tape/efficientnetb0/block7a_se_expand/BiasAdd/BiasAddGrad,2,38.912,19.456,38.912,19.456,0.0003419628178885678,0.8903311217212663,0.0,0.0
222,Device,Conv2D,efficientnetb0/block4b_expand_conv/Conv2D,2,37.889,18.9445,37.889,18.9445,0.00033297258447214094,0.8906640943057385,0.0,0.0
223,Device,FusedBatchNormV3,efficientnetb0/block1a_project_bn/FusedBatchNormV3,4,37.888,9.472,37.888,9.472,0.00033296379636518444,0.8909970581021036,0.0,0.0
224,Device,DepthwiseConv2dNative,efficientnetb0/block2b_dwconv/depthwise,2,37.888,18.944,37.888,18.944,0.00033296379636518444,0.8913300218984688,0.0,0.0
225,Device,Conv2DBackpropInput,gradient_tape/efficientnetb0/block2a_se_expand/Conv2D/Conv2DBackpropInput,4,37.888,9.472,37.888,9.472,0.00033296379636518444,0.8916629856948339,0.0,0.0
226,Device,Conv2DBackpropInput,gradient_tape/efficientnetb0/block3a_se_expand/Conv2D/Conv2DBackpropInput,2,37.888,18.944,37.888,18.944,0.00033296379636518444,0.8919959494911991,0.0,0.0
227,Device,Conv2DBackpropFilter,gradient_tape/efficientnetb0/block6a_project_conv/Conv2D/Conv2DBackpropFilter,2,37.888,18.944,37.888,18.944,0.00033296379636518444,0.8923289132875643,0.0,0.0
228,Device,Conv2DBackpropInput,gradient_tape/efficientnetb0/block7a_se_reduce/Conv2D/Conv2DBackpropInput,4,37.888,9.472,37.888,9.472,0.00033296379636518444,0.8926618770839294,0.0,0.0
229,Device,Conv2D,efficientnetb0/block5a_expand_conv/Conv2D,2,36.865,18.4325,36.865,18.4325,0.00032397356294875757,0.8929858506468782,0.0,0.0
230,Device,FusedBatchNormV3,efficientnetb0/block2b_bn/FusedBatchNormV3,4,36.864,9.216,36.864,9.216,0.00032396477484180106,0.8933098154217199,0.0,0.0
231,Device,Conv2D,efficientnetb0/block4c_expand_conv/Conv2D,2,36.864,18.432,36.864,18.432,0.00032396477484180106,0.8936337801965617,0.0,0.0
232,Device,Mean,efficientnetb0/block5b_se_squeeze/Mean,2,36.864,18.432,36.864,18.432,0.00032396477484180106,0.8939577449714035,0.0,0.0
233,Device,Mean,efficientnetb0/block5c_se_squeeze/Mean,2,36.864,18.432,36.864,18.432,0.00032396477484180106,0.8942817097462452,0.0,0.0
234,Device,Sum,gradient_tape/efficientnetb0/block5b_se_excite/mul/Sum_1,2,36.864,18.432,36.864,18.432,0.00032396477484180106,0.894605674521087,0.0,0.0
235,Device,Conv2DBackpropFilter,gradient_tape/efficientnetb0/block6b_se_expand/Conv2D/Conv2DBackpropFilter,2,36.864,18.432,36.864,18.432,0.00032396477484180106,0.8949296392959287,0.0,0.0
236,Device,DepthwiseConv2dNative,efficientnetb0/block5c_dwconv/depthwise,2,35.841,17.9205,35.841,17.9205,0.0003149745414253742,0.8952446138373541,0.0,0.0
237,Device,Conv2DBackpropInput,gradient_tape/efficientnetb0/block4a_project_conv/Conv2D/Conv2DBackpropInput,2,35.841,17.9205,35.841,17.9205,0.0003149745414253742,0.8955595883787795,0.0,0.0
238,Device,Conv2DBackpropInput,gradient_tape/efficientnetb0/block5b_se_reduce/Conv2D/Conv2DBackpropInput,4,35.841,8.96025,35.841,8.96025,0.0003149745414253742,0.8958745629202048,0.0,0.0
239,Device,Sub,SGD/gradients/sub_42,2,35.84,17.92,35.84,17.92,0.00031496575331841774,0.8961895286735233,0.0,0.0
240,Device,Mul,efficientnetb0/block1a_se_excite/mul,2,35.84,17.92,35.84,17.92,0.00031496575331841774,0.8965044944268418,0.0,0.0
241,Device,DepthwiseConv2dNative,efficientnetb0/block5b_dwconv/depthwise,2,35.84,17.92,35.84,17.92,0.00031496575331841774,0.8968194601801602,0.0,0.0
242,Device,Mul,gradient_tape/efficientnetb0/block1a_se_excite/mul/Mul,2,35.84,17.92,35.84,17.92,0.00031496575331841774,0.8971344259334787,0.0,0.0
243,Device,Conv2DBackpropInput,gradient_tape/efficientnetb0/block6a_se_reduce/Conv2D/Conv2DBackpropInput,4,35.84,8.96,35.84,8.96,0.00031496575331841774,0.8974493916867972,0.0,0.0
244,Device,Conv2DBackpropFilter,gradient_tape/efficientnetb0/block7a_se_expand/Conv2D/Conv2DBackpropFilter,2,34.817,17.4085,34.817,17.4085,0.0003059755199019908,0.8977553672066991,0.0,0.0
245,Device,Sub,SGD/gradients/sub_39,2,34.816,17.408,34.816,17.408,0.0003059667317950344,0.8980613339384942,0.0,0.0
246,Device,Sub,SGD/gradients/sub_41,2,34.816,17.408,34.816,17.408,0.0003059667317950344,0.8983673006702892,0.0,0.0
247,Device,Conv2D,efficientnetb0/block4a_expand_conv/Conv2D,2,34.816,17.408,34.816,17.408,0.0003059667317950344,0.8986732674020843,0.0,0.0
248,Device,Sum,gradient_tape/efficientnetb0/block5c_se_excite/mul/Sum_1,2,34.816,17.408,34.816,17.408,0.0003059667317950344,0.8989792341338794,0.0,0.0
249,Device,Conv2DBackpropFilter,gradient_tape/efficientnetb0/block6a_se_expand/Conv2D/Conv2DBackpropFilter,2,34.816,17.408,34.816,17.408,0.0003059667317950344,0.8992852008656744,0.0,0.0
250,Device,Conv2DBackpropFilter,gradient_tape/efficientnetb0/block6d_se_expand/Conv2D/Conv2DBackpropFilter,2,34.816,17.408,34.816,17.408,0.0003059667317950344,0.8995911675974695,0.0,0.0
251,Device,Conv2DBackpropFilter,gradient_tape/efficientnetb0/block5b_se_expand/Conv2D/Conv2DBackpropFilter,2,33.793,16.8965,33.793,16.8965,0.00029697649837860744,0.899888144095848,0.0,0.0
252,Device,Sigmoid,efficientnetb0/block1a_activation/Sigmoid,2,33.792,16.896,33.792,16.896,0.00029696771027165104,0.9001851118061197,0.0,0.0
253,Device,Sigmoid,efficientnetb0/block2b_activation/Sigmoid,2,33.792,16.896,33.792,16.896,0.00029696771027165104,0.9004820795163914,0.0,0.0
254,Device,FusedBatchNormV3,efficientnetb0/block2b_expand_bn/FusedBatchNormV3,4,33.792,8.448,33.792,8.448,0.00029696771027165104,0.900779047226663,0.0,0.0
255,Device,Sigmoid,efficientnetb0/block3a_expand_activation/Sigmoid,2,33.792,16.896,33.792,16.896,0.00029696771027165104,0.9010760149369347,0.0,0.0
256,Device,FusedBatchNormV3,efficientnetb0/block3a_expand_bn/FusedBatchNormV3,4,33.792,8.448,33.792,8.448,0.00029696771027165104,0.9013729826472063,0.0,0.0
257,Device,Sigmoid,efficientnetb0/stem_activation/Sigmoid,2,33.792,16.896,33.792,16.896,0.00029696771027165104,0.901669950357478,0.0,0.0
258,Device,Conv2DBackpropFilter,gradient_tape/efficientnetb0/block5b_se_reduce/Conv2D/Conv2DBackpropFilter,2,33.792,16.896,33.792,16.896,0.00029696771027165104,0.9019669180677496,0.0,0.0
259,Device,Conv2DBackpropInput,gradient_tape/efficientnetb0/block5c_se_reduce/Conv2D/Conv2DBackpropInput,4,33.792,8.448,33.792,8.448,0.00029696771027165104,0.9022638857780213,0.0,0.0
260,Device,Conv2DBackpropFilter,gradient_tape/efficientnetb0/block6c_se_expand/Conv2D/Conv2DBackpropFilter,2,33.792,16.896,33.792,16.896,0.00029696771027165104,0.902560853488293,0.0,0.0
261,Device,Sigmoid,efficientnetb0/block2b_expand_activation/Sigmoid,2,32.768,16.384,32.768,16.384,0.00028796868874826767,0.9028488221770412,0.0,0.0
262,Device,Conv2D,efficientnetb0/block3b_expand_conv/Conv2D,2,32.768,16.384,32.768,16.384,0.00028796868874826767,0.9031367908657895,0.0,0.0
263,Device,Conv2DBackpropFilter,gradient_tape/efficientnetb0/block1a_se_expand/Conv2D/Conv2DBackpropFilter,2,32.768,16.384,32.768,16.384,0.00028796868874826767,0.9034247595545377,0.0,0.0
264,Device,Conv2DBackpropFilter,gradient_tape/efficientnetb0/block5a_se_expand/Conv2D/Conv2DBackpropFilter,2,32.768,16.384,32.768,16.384,0.00028796868874826767,0.903712728243286,0.0,0.0
265,Device,Conv2DBackpropFilter,gradient_tape/efficientnetb0/block5c_se_expand/Conv2D/Conv2DBackpropFilter,2,32.768,16.384,32.768,16.384,0.00028796868874826767,0.9040006969320342,0.0,0.0
266,Device,FusedBatchNormV3,efficientnetb0/block2a_bn/FusedBatchNormV3,4,31.744,7.936,31.744,7.936,0.0002789696672248843,0.9042796665992591,0.0,0.0
267,Device,Conv2DBackpropFilter,gradient_tape/efficientnetb0/block3b_se_expand/Conv2D/Conv2DBackpropFilter,2,31.744,15.872,31.744,15.872,0.0002789696672248843,0.9045586362664839,0.0,0.0
268,Device,Conv2DBackpropFilter,gradient_tape/efficientnetb0/block3b_se_reduce/Conv2D/Conv2DBackpropFilter,2,31.744,15.872,31.744,15.872,0.0002789696672248843,0.9048376059337088,0.0,0.0
269,Device,Conv2DBackpropFilter,gradient_tape/efficientnetb0/block4b_se_expand/Conv2D/Conv2DBackpropFilter,2,31.744,15.872,31.744,15.872,0.0002789696672248843,0.9051165756009336,0.0,0.0
270,Device,Conv2DBackpropFilter,gradient_tape/efficientnetb0/block4c_se_expand/Conv2D/Conv2DBackpropFilter,2,31.744,15.872,31.744,15.872,0.0002789696672248843,0.9053955452681585,0.0,0.0
271,Device,DepthwiseConv2dNativeBackpropFilter,gradient_tape/efficientnetb0/block5a_dwconv/depthwise/DepthwiseConv2dNativeBackpropFilter,2,31.744,15.872,31.744,15.872,0.0002789696672248843,0.9056745149353833,0.0,0.0
272,Device,Conv2DBackpropFilter,gradient_tape/efficientnetb0/block5c_se_reduce/Conv2D/Conv2DBackpropFilter,2,31.744,15.872,31.744,15.872,0.0002789696672248843,0.9059534846026082,0.0,0.0
273,Device,Conv2D,efficientnetb0/block2b_se_reduce/Conv2D,2,30.72,15.36,30.72,15.36,0.0002699706457015009,0.9062234552483097,0.0,0.0
274,Device,Pad,efficientnetb0/block4a_dwconv_pad/Pad,2,30.72,15.36,30.72,15.36,0.0002699706457015009,0.9064934258940113,0.0,0.0
275,Device,Conv2DBackpropFilter,gradient_tape/efficientnetb0/block4a_se_reduce/Conv2D/Conv2DBackpropFilter,2,30.72,15.36,30.72,15.36,0.0002699706457015009,0.9067633965397128,0.0,0.0
276,Device,DepthwiseConv2dNativeBackpropFilter,gradient_tape/efficientnetb0/block4c_dwconv/depthwise/DepthwiseConv2dNativeBackpropFilter,2,30.72,15.36,30.72,15.36,0.0002699706457015009,0.9070333671854144,0.0,0.0
277,Device,FusedBatchNormV3,efficientnetb0/block5b_expand_bn/FusedBatchNormV3,4,29.697,7.42425,29.697,7.42425,0.000260980412285074,0.9072943475976994,0.0,0.0
278,Device,FusedBatchNormGradV3,gradient_tape/efficientnetb0/block5c_bn/FusedBatchNormGradV3,2,29.697,14.8485,29.697,14.8485,0.000260980412285074,0.9075553280099845,0.0,0.0
279,Device,Sigmoid,SGD/gradients/Sigmoid_44,2,29.696,14.848,29.696,14.848,0.0002609716241781176,0.9078162996341627,0.0,0.0
280,Device,Conv2D,efficientnetb0/block3a_se_reduce/Conv2D,2,29.696,14.848,29.696,14.848,0.0002609716241781176,0.9080772712583408,0.0,0.0
281,Device,FusedBatchNormV3,efficientnetb0/block6a_expand_bn/FusedBatchNormV3,4,29.696,7.424,29.696,7.424,0.0002609716241781176,0.908338242882519,0.0,0.0
282,Device,FusedBatchNormGradV3,gradient_tape/efficientnetb0/block2a_project_bn/FusedBatchNormGradV3,2,29.696,14.848,29.696,14.848,0.0002609716241781176,0.9085992145066971,0.0,0.0
283,Device,Conv2DBackpropFilter,gradient_tape/efficientnetb0/block4a_se_expand/Conv2D/Conv2DBackpropFilter,2,29.696,14.848,29.696,14.848,0.0002609716241781176,0.9088601861308753,0.0,0.0
284,Device,Slice,gradient_tape/efficientnetb0/block6a_dwconv_pad/Slice_1,2,29.696,14.848,29.696,14.848,0.0002609716241781176,0.9091211577550534,0.0,0.0
285,Device,FusedBatchNormGradV3,gradient_tape/efficientnetb0/block6a_expand_bn/FusedBatchNormGradV3,2,28.673,14.3365,28.673,14.3365,0.0002519813907616906,0.9093731391458151,0.0,0.0
286,Device,Mul,SGD/gradients/mul_134,2,28.672,14.336,28.672,14.336,0.0002519726026547342,0.9096251117484698,0.0,0.0
287,Device,Conv2D,efficientnetb0/block2a_project_conv/Conv2D,2,28.672,14.336,28.672,14.336,0.0002519726026547342,0.9098770843511246,0.0,0.0
288,Device,Mean,efficientnetb0/block2b_se_squeeze/Mean,2,28.672,14.336,28.672,14.336,0.0002519726026547342,0.9101290569537793,0.0,0.0
289,Device,Conv2D,efficientnetb0/block3a_project_conv/Conv2D,2,28.672,14.336,28.672,14.336,0.0002519726026547342,0.9103810295564341,0.0,0.0
290,Device,Mean,efficientnetb0/block4b_se_squeeze/Mean,2,28.672,14.336,28.672,14.336,0.0002519726026547342,0.9106330021590888,0.0,0.0
291,Device,Mean,efficientnetb0/block4c_se_squeeze/Mean,2,28.672,14.336,28.672,14.336,0.0002519726026547342,0.9108849747617436,0.0,0.0
292,Device,Mean,efficientnetb0/block5a_se_squeeze/Mean,2,28.672,14.336,28.672,14.336,0.0002519726026547342,0.9111369473643983,0.0,0.0
293,Device,FusedBatchNormV3,efficientnetb0/block5b_bn/FusedBatchNormV3,4,28.672,7.168,28.672,7.168,0.0002519726026547342,0.9113889199670531,0.0,0.0
294,Device,FusedBatchNormV3,efficientnetb0/block5c_bn/FusedBatchNormV3,4,28.672,7.168,28.672,7.168,0.0002519726026547342,0.9116408925697078,0.0,0.0
295,Device,FusedBatchNormV3,efficientnetb0/block5c_expand_bn/FusedBatchNormV3,4,28.672,7.168,28.672,7.168,0.0002519726026547342,0.9118928651723626,0.0,0.0
296,Device,FusedBatchNormV3,efficientnetb0/block6a_bn/FusedBatchNormV3,4,28.672,7.168,28.672,7.168,0.0002519726026547342,0.9121448377750173,0.0,0.0
297,Device,FusedBatchNormGradV3,gradient_tape/efficientnetb0/block2b_project_bn/FusedBatchNormGradV3,2,28.672,14.336,28.672,14.336,0.0002519726026547342,0.9123968103776721,0.0,0.0
298,Device,DepthwiseConv2dNativeBackpropFilter,gradient_tape/efficientnetb0/block4b_dwconv/depthwise/DepthwiseConv2dNativeBackpropFilter,2,28.672,14.336,28.672,14.336,0.0002519726026547342,0.9126487829803268,0.0,0.0
299,Device,FusedBatchNormGradV3,gradient_tape/efficientnetb0/block5b_bn/FusedBatchNormGradV3,2,28.672,14.336,28.672,14.336,0.0002519726026547342,0.9129007555829816,0.0,0.0
300,Device,FusedBatchNormGradV3,gradient_tape/efficientnetb0/block5b_expand_bn/FusedBatchNormGradV3,2,28.672,14.336,28.672,14.336,0.0002519726026547342,0.9131527281856363,0.0,0.0
301,Device,FusedBatchNormGradV3,gradient_tape/efficientnetb0/block5c_expand_bn/FusedBatchNormGradV3,2,28.672,14.336,28.672,14.336,0.0002519726026547342,0.9134047007882911,0.0,0.0
302,Device,Conv2DBackpropFilter,gradient_tape/efficientnetb0/block6b_se_reduce/Conv2D/Conv2DBackpropFilter,2,28.672,14.336,28.672,14.336,0.0002519726026547342,0.9136566733909458,0.0,0.0
303,Device,Conv2DBackpropInput,gradient_tape/efficientnetb0/block4c_se_reduce/Conv2D/Conv2DBackpropInput,2,27.649,13.8245,27.649,13.8245,0.00024298236923830726,0.9138996557601841,0.0,0.0
304,Device,Mul,SGD/gradients/mul_133,2,27.648,13.824,27.648,13.824,0.0002429735811313508,0.9141426293413154,0.0,0.0
305,Device,Sub,SGD/gradients/sub_47,2,27.648,13.824,27.648,13.824,0.0002429735811313508,0.9143856029224467,0.0,0.0
306,Device,Conv2D,efficientnetb0/block2a_se_reduce/Conv2D,2,27.648,13.824,27.648,13.824,0.0002429735811313508,0.9146285765035781,0.0,0.0
307,Device,Pad,efficientnetb0/stem_conv_pad/Pad,2,27.648,13.824,27.648,13.824,0.0002429735811313508,0.9148715500847094,0.0,0.0
308,Device,Sum,gradient_tape/efficientnetb0/block5a_se_excite/mul/Sum_1,2,27.648,13.824,27.648,13.824,0.0002429735811313508,0.9151145236658408,0.0,0.0
309,Device,Conv2DBackpropFilter,gradient_tape/efficientnetb0/block6c_se_reduce/Conv2D/Conv2DBackpropFilter,2,27.648,13.824,27.648,13.824,0.0002429735811313508,0.9153574972469721,0.0,0.0
310,Device,Conv2DBackpropFilter,gradient_tape/efficientnetb0/block7a_se_reduce/Conv2D/Conv2DBackpropFilter,2,27.648,13.824,27.648,13.824,0.0002429735811313508,0.9156004708281035,0.0,0.0
311,Device,FusedBatchNormGradV3,gradient_tape/efficientnetb0/block6a_bn/FusedBatchNormGradV3,2,26.625,13.3125,26.625,13.3125,0.00023398334771492388,0.9158344541758184,0.0,0.0
312,Device,Sigmoid,SGD/gradients/Sigmoid_48,2,26.624,13.312,26.624,13.312,0.00023397455960796746,0.9160684287354264,0.0,0.0
313,Device,Sub,SGD/gradients/sub_48,2,26.624,13.312,26.624,13.312,0.00023397455960796746,0.9163024032950343,0.0,0.0
314,Device,Transpose,efficientnetb0/block2b_activation/mul-0-3-TransposeNCHWToNHWC-LayoutOptimizer,2,26.624,13.312,26.624,13.312,0.00023397455960796746,0.9165363778546423,0.0,0.0
315,Device,DepthwiseConv2dNative,efficientnetb0/block5a_dwconv/depthwise,2,26.624,13.312,26.624,13.312,0.00023397455960796746,0.9167703524142502,0.0,0.0
316,Device,Sum,gradient_tape/efficientnetb0/block4b_se_excite/mul/Sum_1,2,26.624,13.312,26.624,13.312,0.00023397455960796746,0.9170043269738581,0.0,0.0
317,Device,Conv2DBackpropInput,gradient_tape/efficientnetb0/block4b_se_reduce/Conv2D/Conv2DBackpropInput,2,26.624,13.312,26.624,13.312,0.00023397455960796746,0.9172383015334661,0.0,0.0
318,Device,Sum,gradient_tape/efficientnetb0/block4c_se_excite/mul/Sum_1,2,26.624,13.312,26.624,13.312,0.00023397455960796746,0.917472276093074,0.0,0.0
319,Device,Conv2DBackpropInput,gradient_tape/efficientnetb0/block5a_se_reduce/Conv2D/Conv2DBackpropInput,2,26.624,13.312,26.624,13.312,0.00023397455960796746,0.917706250652682,0.0,0.0
320,Device,Conv2DBackpropFilter,gradient_tape/efficientnetb0/block6a_se_reduce/Conv2D/Conv2DBackpropFilter,2,26.624,13.312,26.624,13.312,0.00023397455960796746,0.9179402252122899,0.0,0.0
321,Device,ResourceApplyGradientDescent,SGD/SGD/update_208/ResourceApplyGradientDescent,2,25.6,12.8,25.6,12.8,0.0002249755380845841,0.9181652007503744,0.0,0.0
322,Device,AddN,SGD/gradients/AddN_23,2,25.6,12.8,25.6,12.8,0.0002249755380845841,0.918390176288459,0.0,0.0
323,Device,Mul,SGD/gradients/mul_132,2,25.6,12.8,25.6,12.8,0.0002249755380845841,0.9186151518265435,0.0,0.0
324,Device,Mul,gradient_tape/efficientnetb0/block2a_se_excite/mul/Mul,2,25.6,12.8,25.6,12.8,0.0002249755380845841,0.9188401273646281,0.0,0.0
325,Device,BiasAddGrad,gradient_tape/efficientnetb0/block5b_se_expand/BiasAdd/BiasAddGrad,2,25.6,12.8,25.6,12.8,0.0002249755380845841,0.9190651029027126,0.0,0.0
326,Device,BiasAddGrad,gradient_tape/efficientnetb0/block5c_se_expand/BiasAdd/BiasAddGrad,2,25.6,12.8,25.6,12.8,0.0002249755380845841,0.9192900784407971,0.0,0.0
327,Device,Conv2DBackpropFilter,gradient_tape/efficientnetb0/block6d_se_reduce/Conv2D/Conv2DBackpropFilter,2,25.6,12.8,25.6,12.8,0.0002249755380845841,0.9195150539788817,0.0,0.0
328,Device,Conv2D,efficientnetb0/block6c_se_expand/Conv2D,2,24.576,12.288,24.576,12.288,0.00021597651656120074,0.9197310304954429,0.0,0.0
329,Device,DepthwiseConv2dNativeBackpropInput,gradient_tape/efficientnetb0/block5b_dwconv/depthwise/DepthwiseConv2dNativeBackpropInput,2,24.576,12.288,24.576,12.288,0.00021597651656120074,0.9199470070120042,0.0,0.0
330,Device,DepthwiseConv2dNativeBackpropInput,gradient_tape/efficientnetb0/block5c_dwconv/depthwise/DepthwiseConv2dNativeBackpropInput,2,24.576,12.288,24.576,12.288,0.00021597651656120074,0.9201629835285654,0.0,0.0
331,Device,BiasAddGrad,gradient_tape/efficientnetb0/block6a_se_expand/BiasAdd/BiasAddGrad,2,24.576,12.288,24.576,12.288,0.00021597651656120074,0.9203789600451266,0.0,0.0
332,Device,Transpose,SGD/gradients/AddN_21-1-TransposeNHWCToNCHW-LayoutOptimizer,2,23.552,11.776,23.552,11.776,0.00020697749503781736,0.9205859375401645,0.0,0.0
333,Device,Mul,efficientnetb0/block2a_se_excite/mul,2,23.552,11.776,23.552,11.776,0.00020697749503781736,0.9207929150352023,0.0,0.0
334,Device,FusedBatchNormV3,efficientnetb0/block4b_expand_bn/FusedBatchNormV3,4,23.552,5.888,23.552,5.888,0.00020697749503781736,0.9209998925302402,0.0,0.0
335,Device,FusedBatchNormV3,efficientnetb0/block4c_bn/FusedBatchNormV3,4,23.552,5.888,23.552,5.888,0.00020697749503781736,0.921206870025278,0.0,0.0
336,Device,FusedBatchNormV3,efficientnetb0/block4c_expand_bn/FusedBatchNormV3,4,23.552,5.888,23.552,5.888,0.00020697749503781736,0.9214138475203159,0.0,0.0
337,Device,FusedBatchNormV3,efficientnetb0/block5a_bn/FusedBatchNormV3,4,23.552,5.888,23.552,5.888,0.00020697749503781736,0.9216208250153537,0.0,0.0
338,Device,Conv2D,efficientnetb0/block6b_se_expand/Conv2D,2,23.552,11.776,23.552,11.776,0.00020697749503781736,0.9218278025103915,0.0,0.0
339,Device,Conv2D,efficientnetb0/block6d_se_expand/Conv2D,2,23.552,11.776,23.552,11.776,0.00020697749503781736,0.9220347800054294,0.0,0.0
340,Device,Conv2D,efficientnetb0/block7a_se_expand/Conv2D,2,23.552,11.776,23.552,11.776,0.00020697749503781736,0.9222417575004672,0.0,0.0
341,Device,Conv2DBackpropInput,gradient_tape/efficientnetb0/block1a_se_expand/Conv2D/Conv2DBackpropInput,2,23.552,11.776,23.552,11.776,0.00020697749503781736,0.9224487349955051,0.0,0.0
342,Device,DepthwiseConv2dNativeBackpropFilter,gradient_tape/efficientnetb0/block6c_dwconv/depthwise/DepthwiseConv2dNativeBackpropFilter,2,23.552,11.776,23.552,11.776,0.00020697749503781736,0.9226557124905429,0.0,0.0
343,Device,RealDiv,gradient_tape/efficientnetb0/block2b_se_squeeze/truediv,2,22.529,11.2645,22.529,11.2645,0.00019798726162139043,0.9228536997521642,0.0,0.0
344,Device,FusedBatchNormGradV3,gradient_tape/efficientnetb0/block4b_expand_bn/FusedBatchNormGradV3,2,22.529,11.2645,22.529,11.2645,0.00019798726162139043,0.9230516870137856,0.0,0.0
345,Device,Mean,efficientnetb0/block1a_se_squeeze/Mean,2,22.528,11.264,22.528,11.264,0.00019797847351443398,0.9232496654873,0.0,0.0
346,Device,FusedBatchNormV3,efficientnetb0/block4b_bn/FusedBatchNormV3,4,22.528,5.632,22.528,5.632,0.00019797847351443398,0.9234476439608145,0.0,0.0
347,Device,FusedBatchNormV3,efficientnetb0/block5a_expand_bn/FusedBatchNormV3,4,22.528,5.632,22.528,5.632,0.00019797847351443398,0.9236456224343289,0.0,0.0
348,Device,MatMul,efficientnetb0/predictions/MatMul,2,22.528,11.264,22.528,11.264,0.00019797847351443398,0.9238436009078433,0.0,0.0
349,Device,BroadcastTo,gradient_tape/efficientnetb0/block2b_se_squeeze/BroadcastTo,2,22.528,11.264,22.528,11.264,0.00019797847351443398,0.9240415793813578,0.0,0.0
350,Device,FusedBatchNormGradV3,gradient_tape/efficientnetb0/block3b_bn/FusedBatchNormGradV3,2,22.528,11.264,22.528,11.264,0.00019797847351443398,0.9242395578548722,0.0,0.0
351,Device,FusedBatchNormGradV3,gradient_tape/efficientnetb0/block3b_expand_bn/FusedBatchNormGradV3,2,22.528,11.264,22.528,11.264,0.00019797847351443398,0.9244375363283867,0.0,0.0
352,Device,FusedBatchNormGradV3,gradient_tape/efficientnetb0/block4b_bn/FusedBatchNormGradV3,2,22.528,11.264,22.528,11.264,0.00019797847351443398,0.9246355148019011,0.0,0.0
353,Device,FusedBatchNormGradV3,gradient_tape/efficientnetb0/block4c_bn/FusedBatchNormGradV3,2,22.528,11.264,22.528,11.264,0.00019797847351443398,0.9248334932754155,0.0,0.0
354,Device,FusedBatchNormGradV3,gradient_tape/efficientnetb0/block4c_expand_bn/FusedBatchNormGradV3,2,22.528,11.264,22.528,11.264,0.00019797847351443398,0.92503147174893,0.0,0.0
355,Device,FusedBatchNormGradV3,gradient_tape/efficientnetb0/block5a_bn/FusedBatchNormGradV3,2,22.528,11.264,22.528,11.264,0.00019797847351443398,0.9252294502224444,0.0,0.0
356,Device,DepthwiseConv2dNativeBackpropFilter,gradient_tape/efficientnetb0/block6b_dwconv/depthwise/DepthwiseConv2dNativeBackpropFilter,2,22.528,11.264,22.528,11.264,0.00019797847351443398,0.9254274286959588,0.0,0.0
357,Device,DepthwiseConv2dNativeBackpropFilter,gradient_tape/efficientnetb0/block6d_dwconv/depthwise/DepthwiseConv2dNativeBackpropFilter,2,22.528,11.264,22.528,11.264,0.00019797847351443398,0.9256254071694733,0.0,0.0
358,Device,FusedBatchNormV3,efficientnetb0/block7a_project_bn/FusedBatchNormV3,4,21.504,5.376,21.504,5.376,0.00018897945199105066,0.9258143866214643,0.0,0.0
359,Device,RealDiv,gradient_tape/efficientnetb0/block1a_se_squeeze/truediv,2,21.504,10.752,21.504,10.752,0.00018897945199105066,0.9260033660734553,0.0,0.0
360,Device,Mul,gradient_tape/efficientnetb0/block3b_se_excite/mul/Mul_1,2,21.504,10.752,21.504,10.752,0.00018897945199105066,0.9261923455254464,0.0,0.0
361,Device,FusedBatchNormGradV3,gradient_tape/efficientnetb0/block4a_expand_bn/FusedBatchNormGradV3,2,21.504,10.752,21.504,10.752,0.00018897945199105066,0.9263813249774374,0.0,0.0
362,Device,FusedBatchNormGradV3,gradient_tape/efficientnetb0/block5a_expand_bn/FusedBatchNormGradV3,2,21.504,10.752,21.504,10.752,0.00018897945199105066,0.9265703044294284,0.0,0.0
363,Device,Transpose,efficientnetb0/block1a_activation/mul-0-3-TransposeNCHWToNHWC-LayoutOptimizer,2,20.48,10.24,20.48,10.24,0.00017998043046766728,0.9267502848598961,0.0,0.0
364,Device,Conv2D,efficientnetb0/block5c_se_expand/Conv2D,2,20.48,10.24,20.48,10.24,0.00017998043046766728,0.9269302652903637,0.0,0.0
365,Device,DepthwiseConv2dNative,efficientnetb0/block6b_dwconv/depthwise,2,20.48,10.24,20.48,10.24,0.00017998043046766728,0.9271102457208313,0.0,0.0
366,Device,DepthwiseConv2dNative,efficientnetb0/block6c_dwconv/depthwise,2,20.48,10.24,20.48,10.24,0.00017998043046766728,0.927290226151299,0.0,0.0
367,Device,DepthwiseConv2dNative,efficientnetb0/block6d_dwconv/depthwise,2,20.48,10.24,20.48,10.24,0.00017998043046766728,0.9274702065817666,0.0,0.0
368,Device,DepthwiseConv2dNativeBackpropInput,gradient_tape/efficientnetb0/block4b_dwconv/depthwise/DepthwiseConv2dNativeBackpropInput,2,20.48,10.24,20.48,10.24,0.00017998043046766728,0.9276501870122342,0.0,0.0
369,Device,DepthwiseConv2dNativeBackpropInput,gradient_tape/efficientnetb0/block4c_dwconv/depthwise/DepthwiseConv2dNativeBackpropInput,2,20.48,10.24,20.48,10.24,0.00017998043046766728,0.9278301674427019,0.0,0.0
370,Device,Conv2DBackpropInput,gradient_tape/efficientnetb0/block4a_se_reduce/Conv2D/Conv2DBackpropInput,2,19.457,9.7285,19.457,9.7285,0.00017099019705124036,0.9280011576397531,0.0,0.0
371,Device,Sigmoid,SGD/gradients/Sigmoid_33,2,19.456,9.728,19.456,9.728,0.0001709814089442839,0.9281721390486974,0.0,0.0
372,Device,Mul,SGD/gradients/mul_107,2,19.456,9.728,19.456,9.728,0.0001709814089442839,0.9283431204576418,0.0,0.0
373,Device,Conv2D,efficientnetb0/block1a_se_reduce/Conv2D,2,19.456,9.728,19.456,9.728,0.0001709814089442839,0.9285141018665861,0.0,0.0
374,Device,FusedBatchNormV3,efficientnetb0/block3b_bn/FusedBatchNormV3,4,19.456,4.864,19.456,4.864,0.0001709814089442839,0.9286850832755305,0.0,0.0
375,Device,FusedBatchNormV3,efficientnetb0/block4a_expand_bn/FusedBatchNormV3,4,19.456,4.864,19.456,4.864,0.0001709814089442839,0.9288560646844748,0.0,0.0
376,Device,Conv2D,efficientnetb0/block4a_se_expand/Conv2D,2,19.456,9.728,19.456,9.728,0.0001709814089442839,0.9290270460934191,0.0,0.0
377,Device,Conv2D,efficientnetb0/block4b_se_expand/Conv2D,2,19.456,9.728,19.456,9.728,0.0001709814089442839,0.9291980275023635,0.0,0.0
378,Device,Conv2D,efficientnetb0/block4c_se_expand/Conv2D,2,19.456,9.728,19.456,9.728,0.0001709814089442839,0.9293690089113078,0.0,0.0
379,Device,Conv2D,efficientnetb0/block6a_se_expand/Conv2D,2,19.456,9.728,19.456,9.728,0.0001709814089442839,0.9295399903202521,0.0,0.0
380,Device,BiasAddGrad,gradient_tape/efficientnetb0/block4b_se_expand/BiasAdd/BiasAddGrad,2,19.456,9.728,19.456,9.728,0.0001709814089442839,0.9297109717291965,0.0,0.0
381,Device,DepthwiseConv2dNativeBackpropInput,gradient_tape/efficientnetb0/block5a_dwconv/depthwise/DepthwiseConv2dNativeBackpropInput,2,19.456,9.728,19.456,9.728,0.0001709814089442839,0.9298819531381408,0.0,0.0
382,Device,MatMul,gradient_tape/efficientnetb0/predictions/MatMul/MatMul_1,2,19.456,9.728,19.456,9.728,0.0001709814089442839,0.9300529345470852,0.0,0.0
383,Device,ResourceApplyGradientDescent,SGD/SGD/update_205/ResourceApplyGradientDescent,2,18.432,9.216,18.432,9.216,0.00016198238742090053,0.9302149169345061,0.0,0.0
384,Device,Transpose,SGD/gradients/AddN_24-1-TransposeNHWCToNCHW-LayoutOptimizer,2,18.432,9.216,18.432,9.216,0.00016198238742090053,0.930376899321927,0.0,0.0
385,Device,Sigmoid,SGD/gradients/Sigmoid_35,2,18.432,9.216,18.432,9.216,0.00016198238742090053,0.930538881709348,0.0,0.0
386,Device,Sigmoid,SGD/gradients/Sigmoid_36,2,18.432,9.216,18.432,9.216,0.00016198238742090053,0.9307008640967689,0.0,0.0
387,Device,Conv2D,efficientnetb0/block1a_se_expand/Conv2D,2,18.432,9.216,18.432,9.216,0.00016198238742090053,0.9308628464841898,0.0,0.0
388,Device,FusedBatchNormV3,efficientnetb0/block2a_project_bn/FusedBatchNormV3,4,18.432,4.608,18.432,4.608,0.00016198238742090053,0.9310248288716108,0.0,0.0
389,Device,FusedBatchNormV3,efficientnetb0/block3b_expand_bn/FusedBatchNormV3,4,18.432,4.608,18.432,4.608,0.00016198238742090053,0.9311868112590317,0.0,0.0
390,Device,Conv2D,efficientnetb0/block3b_se_expand/Conv2D,2,18.432,9.216,18.432,9.216,0.00016198238742090053,0.9313487936464526,0.0,0.0
391,Device,FusedBatchNormV3,efficientnetb0/block4a_bn/FusedBatchNormV3,4,18.432,4.608,18.432,4.608,0.00016198238742090053,0.9315107760338736,0.0,0.0
392,Device,Conv2D,efficientnetb0/block5a_se_expand/Conv2D,2,18.432,9.216,18.432,9.216,0.00016198238742090053,0.9316727584212945,0.0,0.0
393,Device,Conv2D,efficientnetb0/block5b_se_expand/Conv2D,2,18.432,9.216,18.432,9.216,0.00016198238742090053,0.9318347408087154,0.0,0.0
394,Device,Softmax,efficientnetb0/predictions/Softmax,2,18.432,9.216,18.432,9.216,0.00016198238742090053,0.9319967231961364,0.0,0.0
395,Device,BroadcastTo,gradient_tape/efficientnetb0/block1a_se_squeeze/BroadcastTo,2,18.432,9.216,18.432,9.216,0.00016198238742090053,0.9321587055835573,0.0,0.0
396,Device,RealDiv,gradient_tape/efficientnetb0/block2a_se_squeeze/truediv,2,18.432,9.216,18.432,9.216,0.00016198238742090053,0.9323206879709782,0.0,0.0
397,Device,Conv2DBackpropFilter,gradient_tape/efficientnetb0/block2b_se_expand/Conv2D/Conv2DBackpropFilter,2,18.432,9.216,18.432,9.216,0.00016198238742090053,0.9324826703583992,0.0,0.0
398,Device,Conv2DBackpropFilter,gradient_tape/efficientnetb0/block2b_se_reduce/Conv2D/Conv2DBackpropFilter,2,18.432,9.216,18.432,9.216,0.00016198238742090053,0.9326446527458201,0.0,0.0
399,Device,Conv2DBackpropFilter,gradient_tape/efficientnetb0/block3a_se_expand/Conv2D/Conv2DBackpropFilter,2,18.432,9.216,18.432,9.216,0.00016198238742090053,0.932806635133241,0.0,0.0
400,Device,Mul,gradient_tape/efficientnetb0/block3b_se_excite/mul/Mul,2,18.432,9.216,18.432,9.216,0.00016198238742090053,0.932968617520662,0.0,0.0
401,Device,Conv2DBackpropInput,gradient_tape/efficientnetb0/block3b_se_reduce/Conv2D/Conv2DBackpropInput,2,18.432,9.216,18.432,9.216,0.00016198238742090053,0.9331305999080829,0.0,0.0
402,Device,BiasAddGrad,gradient_tape/efficientnetb0/block4c_se_expand/BiasAdd/BiasAddGrad,2,18.432,9.216,18.432,9.216,0.00016198238742090053,0.9332925822955038,0.0,0.0
403,Device,BiasAddGrad,gradient_tape/efficientnetb0/block5a_se_expand/BiasAdd/BiasAddGrad,2,18.432,9.216,18.432,9.216,0.00016198238742090053,0.9334545646829248,0.0,0.0
404,Device,FusedBatchNormGradV3,gradient_tape/efficientnetb0/block7a_project_bn/FusedBatchNormGradV3,2,18.432,9.216,18.432,9.216,0.00016198238742090053,0.9336165470703457,0.0,0.0
405,Device,AddV2,SGD/gradients/add_42,2,17.408,8.704,17.408,8.704,0.0001529833658975172,0.9337695304362432,0.0,0.0
406,Device,FusedBatchNormV3,efficientnetb0/block2b_project_bn/FusedBatchNormV3,4,17.408,4.352,17.408,4.352,0.0001529833658975172,0.9339225138021408,0.0,0.0
407,Device,FusedBatchNormV3,efficientnetb0/block3a_bn/FusedBatchNormV3,4,17.408,4.352,17.408,4.352,0.0001529833658975172,0.9340754971680383,0.0,0.0
408,Device,Mean,efficientnetb0/block4a_se_squeeze/Mean,2,17.408,8.704,17.408,8.704,0.0001529833658975172,0.9342284805339358,0.0,0.0
409,Device,Conv2DBackpropFilter,gradient_tape/efficientnetb0/block3a_se_reduce/Conv2D/Conv2DBackpropFilter,2,17.408,8.704,17.408,8.704,0.0001529833658975172,0.9343814638998333,0.0,0.0
410,Device,Sigmoid,SGD/gradients/Sigmoid_21,2,16.384,8.192,16.384,8.192,0.00014398434437413383,0.9345254482442075,0.0,0.0
411,Device,AddV2,SGD/gradients/add_39,2,16.384,8.192,16.384,8.192,0.00014398434437413383,0.9346694325885816,0.0,0.0
412,Device,Mul,SGD/gradients/mul_110,2,16.384,8.192,16.384,8.192,0.00014398434437413383,0.9348134169329557,0.0,0.0
413,Device,Sub,SGD/gradients/sub_44,2,16.384,8.192,16.384,8.192,0.00014398434437413383,0.9349574012773298,0.0,0.0
414,Device,Mean,efficientnetb0/block3b_se_squeeze/Mean,2,16.384,8.192,16.384,8.192,0.00014398434437413383,0.935101385621704,0.0,0.0
415,Device,DepthwiseConv2dNative,efficientnetb0/block4b_dwconv/depthwise,2,16.384,8.192,16.384,8.192,0.00014398434437413383,0.9352453699660781,0.0,0.0
416,Device,DepthwiseConv2dNative,efficientnetb0/block4c_dwconv/depthwise,2,16.384,8.192,16.384,8.192,0.00014398434437413383,0.9353893543104522,0.0,0.0
417,Device,FusedBatchNormV3,efficientnetb0/block5b_project_bn/FusedBatchNormV3,4,16.384,4.096,16.384,4.096,0.00014398434437413383,0.9355333386548264,0.0,0.0
418,Device,FusedBatchNormV3,efficientnetb0/block6c_project_bn/FusedBatchNormV3,4,16.384,4.096,16.384,4.096,0.00014398434437413383,0.9356773229992005,0.0,0.0
419,Device,Conv2DBackpropFilter,gradient_tape/efficientnetb0/block1a_se_reduce/Conv2D/Conv2DBackpropFilter,2,16.384,8.192,16.384,8.192,0.00014398434437413383,0.9358213073435746,0.0,0.0
420,Device,Conv2DBackpropInput,gradient_tape/efficientnetb0/block1a_se_reduce/Conv2D/Conv2DBackpropInput,2,16.384,8.192,16.384,8.192,0.00014398434437413383,0.9359652916879487,0.0,0.0
421,Device,Conv2DBackpropFilter,gradient_tape/efficientnetb0/block2a_se_expand/Conv2D/Conv2DBackpropFilter,2,16.384,8.192,16.384,8.192,0.00014398434437413383,0.9361092760323229,0.0,0.0
422,Device,Conv2DBackpropFilter,gradient_tape/efficientnetb0/block2a_se_reduce/Conv2D/Conv2DBackpropFilter,2,16.384,8.192,16.384,8.192,0.00014398434437413383,0.936253260376697,0.0,0.0
423,Device,Conv2DBackpropInput,gradient_tape/efficientnetb0/block2b_se_reduce/Conv2D/Conv2DBackpropInput,2,16.384,8.192,16.384,8.192,0.00014398434437413383,0.9363972447210711,0.0,0.0
424,Device,FusedBatchNormGradV3,gradient_tape/efficientnetb0/block3a_bn/FusedBatchNormGradV3,2,16.384,8.192,16.384,8.192,0.00014398434437413383,0.9365412290654452,0.0,0.0
425,Device,Conv2DBackpropInput,gradient_tape/efficientnetb0/block3a_se_reduce/Conv2D/Conv2DBackpropInput,2,16.384,8.192,16.384,8.192,0.00014398434437413383,0.9366852134098194,0.0,0.0
426,Device,Sum,gradient_tape/efficientnetb0/block3b_se_excite/mul/Sum_1,2,16.384,8.192,16.384,8.192,0.00014398434437413383,0.9368291977541935,0.0,0.0
427,Device,Sum,gradient_tape/efficientnetb0/block4a_se_excite/mul/Sum_1,2,16.384,8.192,16.384,8.192,0.00014398434437413383,0.9369731820985676,0.0,0.0
428,Device,Mul,gradient_tape/efficientnetb0/block5c_se_excite/mul/Mul_1,2,16.384,8.192,16.384,8.192,0.00014398434437413383,0.9371171664429417,0.0,0.0
429,Device,Sigmoid,SGD/gradients/Sigmoid_20,2,15.36,7.68,15.36,7.68,0.00013498532285075046,0.9372521517657925,0.0,0.0
430,Device,AddV2,SGD/gradients/add_41,2,15.36,7.68,15.36,7.68,0.00013498532285075046,0.9373871370886432,0.0,0.0
431,Device,Mul,SGD/gradients/mul_101,2,15.36,7.68,15.36,7.68,0.00013498532285075046,0.9375221224114939,0.0,0.0
432,Device,Sigmoid,efficientnetb0/block2a_activation/Sigmoid,2,15.36,7.68,15.36,7.68,0.00013498532285075046,0.9376571077343446,0.0,0.0
433,Device,FusedBatchNormV3,efficientnetb0/block6b_project_bn/FusedBatchNormV3,4,15.36,3.84,15.36,3.84,0.00013498532285075046,0.9377920930571954,0.0,0.0
434,Device,Mul,gradient_tape/efficientnetb0/block5b_se_excite/mul/Mul,2,15.36,7.68,15.36,7.68,0.00013498532285075046,0.9379270783800461,0.0,0.0
435,Device,Mul,gradient_tape/efficientnetb0/block5c_se_excite/mul/Mul,2,14.337,7.1685,14.337,7.1685,0.00012599508943432353,0.9380530734694804,0.0,0.0
436,Device,AddN,SGD/gradients/AddN_18,2,14.336,7.168,14.336,7.168,0.0001259863013273671,0.9381790597708077,0.0,0.0
437,Device,Transpose,SGD/gradients/AddN_18-1-TransposeNHWCToNCHW-LayoutOptimizer,2,14.336,7.168,14.336,7.168,0.0001259863013273671,0.938305046072135,0.0,0.0
438,Device,Transpose,SGD/gradients/AddN_23-1-TransposeNHWCToNCHW-LayoutOptimizer,2,14.336,7.168,14.336,7.168,0.0001259863013273671,0.9384310323734624,0.0,0.0
439,Device,Sigmoid,SGD/gradients/Sigmoid_15,2,14.336,7.168,14.336,7.168,0.0001259863013273671,0.9385570186747897,0.0,0.0
440,Device,Sigmoid,SGD/gradients/Sigmoid_17,2,14.336,7.168,14.336,7.168,0.0001259863013273671,0.938683004976117,0.0,0.0
441,Device,Conv2D,efficientnetb0/block2a_se_expand/Conv2D,2,14.336,7.168,14.336,7.168,0.0001259863013273671,0.9388089912774443,0.0,0.0
442,Device,Conv2D,efficientnetb0/block2b_se_expand/Conv2D,2,14.336,7.168,14.336,7.168,0.0001259863013273671,0.9389349775787716,0.0,0.0
443,Device,FusedBatchNormV3,efficientnetb0/block3a_project_bn/FusedBatchNormV3,4,14.336,3.584,14.336,3.584,0.0001259863013273671,0.939060963880099,0.0,0.0
444,Device,Conv2D,efficientnetb0/block3a_se_expand/Conv2D,2,14.336,7.168,14.336,7.168,0.0001259863013273671,0.9391869501814263,0.0,0.0
445,Device,Transpose,efficientnetb0/block3b_activation/mul-0-3-TransposeNCHWToNHWC-LayoutOptimizer,2,14.336,7.168,14.336,7.168,0.0001259863013273671,0.9393129364827536,0.0,0.0
446,Device,FusedBatchNormV3,efficientnetb0/block3b_project_bn/FusedBatchNormV3,4,14.336,3.584,14.336,3.584,0.0001259863013273671,0.9394389227840809,0.0,0.0
447,Device,Mul,efficientnetb0/block3b_se_excite/mul,2,14.336,7.168,14.336,7.168,0.0001259863013273671,0.9395649090854082,0.0,0.0
448,Device,DepthwiseConv2dNative,efficientnetb0/block4a_dwconv/depthwise,2,14.336,7.168,14.336,7.168,0.0001259863013273671,0.9396908953867356,0.0,0.0
449,Device,FusedBatchNormV3,efficientnetb0/block4a_project_bn/FusedBatchNormV3,4,14.336,3.584,14.336,3.584,0.0001259863013273671,0.9398168816880629,0.0,0.0
450,Device,FusedBatchNormV3,efficientnetb0/block4b_project_bn/FusedBatchNormV3,4,14.336,3.584,14.336,3.584,0.0001259863013273671,0.9399428679893902,0.0,0.0
451,Device,FusedBatchNormV3,efficientnetb0/block4c_project_bn/FusedBatchNormV3,4,14.336,3.584,14.336,3.584,0.0001259863013273671,0.9400688542907175,0.0,0.0
452,Device,FusedBatchNormV3,efficientnetb0/block5a_project_bn/FusedBatchNormV3,4,14.336,3.584,14.336,3.584,0.0001259863013273671,0.9401948405920448,0.0,0.0
453,Device,FusedBatchNormV3,efficientnetb0/block6a_project_bn/FusedBatchNormV3,4,14.336,3.584,14.336,3.584,0.0001259863013273671,0.9403208268933722,0.0,0.0
454,Device,FusedBatchNormV3,efficientnetb0/block6d_project_bn/FusedBatchNormV3,4,14.336,3.584,14.336,3.584,0.0001259863013273671,0.9404468131946995,0.0,0.0
455,Device,Mul,efficientnetb0/rescaling/mul,2,14.336,7.168,14.336,7.168,0.0001259863013273671,0.9405727994960268,0.0,0.0
456,Device,Conv2DBackpropInput,gradient_tape/efficientnetb0/block2a_se_reduce/Conv2D/Conv2DBackpropInput,2,14.336,7.168,14.336,7.168,0.0001259863013273671,0.9406987857973541,0.0,0.0
457,Device,BroadcastTo,gradient_tape/efficientnetb0/block2a_se_squeeze/BroadcastTo,2,14.336,7.168,14.336,7.168,0.0001259863013273671,0.9408247720986814,0.0,0.0
458,Device,Sum,gradient_tape/efficientnetb0/block2b_se_excite/mul/Sum_1,2,14.336,7.168,14.336,7.168,0.0001259863013273671,0.9409507584000087,0.0,0.0
459,Device,FusedBatchNormGradV3,gradient_tape/efficientnetb0/block4a_bn/FusedBatchNormGradV3,2,14.336,7.168,14.336,7.168,0.0001259863013273671,0.9410767447013361,0.0,0.0
460,Device,Mul,gradient_tape/efficientnetb0/block5b_se_excite/mul/Mul_1,2,14.336,7.168,14.336,7.168,0.0001259863013273671,0.9412027310026634,0.0,0.0
461,Device,Transpose,gradient_tape/efficientnetb0/stem_conv/Conv2D/Conv2DBackpropFilter-0-TransposeNHWCToNCHW-LayoutOptimizer,2,14.336,7.168,14.336,7.168,0.0001259863013273671,0.9413287173039907,0.0,0.0
462,Device,Sigmoid,SGD/gradients/Sigmoid_18,2,13.312,6.656,13.312,6.656,0.00011698727980398373,0.9414457045837947,0.0,0.0
463,Device,Mul,efficientnetb0/block2a_activation/mul,2,13.312,6.656,13.312,6.656,0.00011698727980398373,0.9415626918635988,0.0,0.0
464,Device,Transpose,efficientnetb0/block2a_activation/mul-0-3-TransposeNCHWToNHWC-LayoutOptimizer,2,13.312,6.656,13.312,6.656,0.00011698727980398373,0.9416796791434028,0.0,0.0
465,Device,Mean,efficientnetb0/block3a_se_squeeze/Mean,2,13.312,6.656,13.312,6.656,0.00011698727980398373,0.9417966664232068,0.0,0.0
466,Device,FusedBatchNormV3,efficientnetb0/block5c_project_bn/FusedBatchNormV3,4,13.312,3.328,13.312,3.328,0.00011698727980398373,0.9419136537030108,0.0,0.0
467,Device,RealDiv,efficientnetb0/normalization/truediv,2,13.312,6.656,13.312,6.656,0.00011698727980398373,0.9420306409828149,0.0,0.0
468,Device,RandomUniform,efficientnetb0/top_dropout/dropout/random_uniform/RandomUniform,2,13.312,6.656,13.312,6.656,0.00011698727980398373,0.9421476282626189,0.0,0.0
469,Device,FusedBatchNormGradV3,gradient_tape/efficientnetb0/block3a_project_bn/FusedBatchNormGradV3,2,13.312,6.656,13.312,6.656,0.00011698727980398373,0.9422646155424229,0.0,0.0
470,Device,Mul,gradient_tape/efficientnetb0/block3a_se_excite/mul/Mul_1,2,13.312,6.656,13.312,6.656,0.00011698727980398373,0.9423816028222269,0.0,0.0
471,Device,Mul,gradient_tape/efficientnetb0/block4b_se_excite/mul/Mul_1,2,13.312,6.656,13.312,6.656,0.00011698727980398373,0.942498590102031,0.0,0.0
472,Device,FusedBatchNormGradV3,gradient_tape/efficientnetb0/block6a_project_bn/FusedBatchNormGradV3,2,13.312,6.656,13.312,6.656,0.00011698727980398373,0.942615577381835,0.0,0.0
473,Device,FusedBatchNormGradV3,gradient_tape/efficientnetb0/block6c_project_bn/FusedBatchNormGradV3,2,13.312,6.656,13.312,6.656,0.00011698727980398373,0.942732564661639,0.0,0.0
474,Device,FusedBatchNormGradV3,gradient_tape/efficientnetb0/block6d_project_bn/FusedBatchNormGradV3,2,13.312,6.656,13.312,6.656,0.00011698727980398373,0.942849551941443,0.0,0.0
475,Device,Sigmoid,SGD/gradients/Sigmoid_29,2,12.289,6.1445,12.289,6.1445,0.00010799704638755679,0.9429575489878306,0.0,0.0
476,Device,Sigmoid,SGD/gradients/Sigmoid_38,2,12.289,6.1445,12.289,6.1445,0.00010799704638755679,0.9430655460342181,0.0,0.0
477,Device,Mul,gradient_tape/efficientnetb0/block5a_se_excite/mul/Mul_1,2,12.289,6.1445,12.289,6.1445,0.00010799704638755679,0.9431735430806056,0.0,0.0
478,Device,Transpose,SGD/gradients/AddN_20-1-TransposeNHWCToNCHW-LayoutOptimizer,2,12.288,6.144,12.288,6.144,0.00010798825828060037,0.9432815313388863,0.0,0.0
479,Device,Sigmoid,SGD/gradients/Sigmoid_23,2,12.288,6.144,12.288,6.144,0.00010798825828060037,0.9433895195971669,0.0,0.0
480,Device,Sigmoid,SGD/gradients/Sigmoid_24,2,12.288,6.144,12.288,6.144,0.00010798825828060037,0.9434975078554475,0.0,0.0
481,Device,Sigmoid,SGD/gradients/Sigmoid_26,2,12.288,6.144,12.288,6.144,0.00010798825828060037,0.9436054961137281,0.0,0.0
482,Device,AddV2,SGD/gradients/add_47,2,12.288,6.144,12.288,6.144,0.00010798825828060037,0.9437134843720087,0.0,0.0
483,Device,AddV2,SGD/gradients/add_48,2,12.288,6.144,12.288,6.144,0.00010798825828060037,0.9438214726302894,0.0,0.0
484,Device,Mul,SGD/gradients/mul_99,2,12.288,6.144,12.288,6.144,0.00010798825828060037,0.94392946088857,0.0,0.0
485,Device,Mean,efficientnetb0/block2a_se_squeeze/Mean,2,12.288,6.144,12.288,6.144,0.00010798825828060037,0.9440374491468506,0.0,0.0
486,Device,Mul,efficientnetb0/block5c_se_excite/mul,2,12.288,6.144,12.288,6.144,0.00010798825828060037,0.9441454374051312,0.0,0.0
487,Device,Sub,efficientnetb0/normalization/sub,2,12.288,6.144,12.288,6.144,0.00010798825828060037,0.9442534256634119,0.0,0.0
488,Device,Mul,gradient_tape/efficientnetb0/block3a_se_excite/mul/Mul,2,12.288,6.144,12.288,6.144,0.00010798825828060037,0.9443614139216925,0.0,0.0
489,Device,Sum,gradient_tape/efficientnetb0/block3a_se_excite/mul/Sum_1,2,12.288,6.144,12.288,6.144,0.00010798825828060037,0.9444694021799731,0.0,0.0
490,Device,FusedBatchNormGradV3,gradient_tape/efficientnetb0/block3b_project_bn/FusedBatchNormGradV3,2,12.288,6.144,12.288,6.144,0.00010798825828060037,0.9445773904382537,0.0,0.0
491,Device,BroadcastTo,gradient_tape/efficientnetb0/block3b_se_squeeze/BroadcastTo,2,12.288,6.144,12.288,6.144,0.00010798825828060037,0.9446853786965344,0.0,0.0
492,Device,RealDiv,gradient_tape/efficientnetb0/block3b_se_squeeze/truediv,2,12.288,6.144,12.288,6.144,0.00010798825828060037,0.944793366954815,0.0,0.0
493,Device,Slice,gradient_tape/efficientnetb0/block4a_dwconv_pad/Slice_1,2,12.288,6.144,12.288,6.144,0.00010798825828060037,0.9449013552130956,0.0,0.0
494,Device,BiasAddGrad,gradient_tape/efficientnetb0/block4a_se_expand/BiasAdd/BiasAddGrad,2,12.288,6.144,12.288,6.144,0.00010798825828060037,0.9450093434713762,0.0,0.0
495,Device,FusedBatchNormGradV3,gradient_tape/efficientnetb0/block4b_project_bn/FusedBatchNormGradV3,2,12.288,6.144,12.288,6.144,0.00010798825828060037,0.9451173317296568,0.0,0.0
496,Device,Mul,gradient_tape/efficientnetb0/block4b_se_excite/mul/Mul,2,12.288,6.144,12.288,6.144,0.00010798825828060037,0.9452253199879375,0.0,0.0
497,Device,FusedBatchNormGradV3,gradient_tape/efficientnetb0/block4c_project_bn/FusedBatchNormGradV3,2,12.288,6.144,12.288,6.144,0.00010798825828060037,0.9453333082462181,0.0,0.0
498,Device,Mul,gradient_tape/efficientnetb0/block4c_se_excite/mul/Mul,2,12.288,6.144,12.288,6.144,0.00010798825828060037,0.9454412965044987,0.0,0.0
499,Device,Mul,gradient_tape/efficientnetb0/block4c_se_excite/mul/Mul_1,2,12.288,6.144,12.288,6.144,0.00010798825828060037,0.9455492847627793,0.0,0.0
500,Device,FusedBatchNormGradV3,gradient_tape/efficientnetb0/block5a_project_bn/FusedBatchNormGradV3,2,12.288,6.144,12.288,6.144,0.00010798825828060037,0.94565727302106,0.0,0.0
501,Host,IDLE,IDLE,0,349161.82,0.0,349161.82,0.0,0.0,0.0,0.9977025130525445,0.9977025130525445
502,Host,GatherV2,GatherV2,2,385.626,192.813,385.626,192.813,0.0,0.0,0.0011018960472207427,0.9988044090997653
503,Host,IteratorGetNext,IteratorGetNext,2,51.772,25.886,51.772,25.886,0.0,0.0,0.00014793442910154475,0.9989523435288669
504,Host,Dataset,Iterator::Root::ParallelMapV2::Zip[1]::ForeverRepeat,2,55.401,27.7005,51.341,25.6705,0.0,0.0,0.00014670288040837537,0.9990990464092753
505,Host,Dataset,Iterator::Root::ParallelMapV2,2,48.37,24.185,48.37,24.185,0.0,0.0,0.000138213480948036,0.9992372598902233
506,Host,Dataset,Iterator::Root::ParallelMapV2::Zip[0]::FlatMap[1]::Concatenate,2,65.481,32.7405,43.22,21.61,0.0,0.0,0.0001234977599043646,0.9993607576501277
507,Host,WriteSummary,WriteSummary,1,40.01,40.01,40.01,40.01,0.0,0.0,0.00011432543669073642,0.9994750830868184
508,Host,FlushSummaryWriter,FlushSummaryWriter,1,37.13,37.13,37.13,37.13,0.0,0.0,0.00010609606259252796,0.9995811791494109
509,Host,LogicalAnd,LogicalAnd,1,34.581,34.581,34.581,34.581,0.0,0.0,9.881249503130108e-05,0.9996799916444422
510,Host,Dataset,Iterator::Root,2,81.651,40.8255,33.281,16.6405,0.0,0.0,9.509784700085975e-05,0.9997750894914431
511,Host,GatherV2,GatherV2_1,2,27.5,13.75,27.5,13.75,0.0,0.0,7.857909295164338e-05,0.9998536685843947
512,Host,Dataset,Iterator::Root::ParallelMapV2::Zip[0]::FlatMap[1]::Concatenate[0]::TensorSlice,2,22.261,11.1305,22.261,11.1305,0.0,0.0,6.360906138896484e-05,0.9999172776457836
513,Host,Dataset,Iterator::Root::ParallelMapV2::Zip,2,136.722,68.361,10.76,5.38,0.0,0.0,3.074585600580664e-05,0.9999480235017895
514,Host,ReadVariableOp,ReadVariableOp,1,6.15,6.15,6.15,6.15,0.0,0.0,1.7573142605549337e-05,0.999965596644395
515,Host,Dataset,Iterator::Root::ParallelMapV2::Zip[0]::FlatMap,2,70.561,35.2805,5.08,2.54,0.0,0.0,1.451570153433994e-05,0.9999801123459293
516,Host,Dataset,Iterator::Root::ParallelMapV2::Zip[1]::ForeverRepeat::FromTensor,4,4.06,1.015,4.06,1.015,0.0,0.0,1.1601131541224439e-05,0.9999917134774705
517,Host,Identity,Identity,2,2.9,1.45,2.9,1.45,0.0,0.0,8.286522529446029e-06,1.0
