Rank,Host/device,Type,Operation,#Occurrences,Total time (us),Avg. time (us),Total self-time (us),Avg. self-time (us),Total self-time on Device (%),Cumulative total-self time on Device (%),Total self-time on Host (%),Cumulative total-self time on Host (%)
1,Device,Conv2DBackpropFilter,gradient_tape/sequential/conv2d_1/Conv2D/Conv2DBackpropFilter,2,5937.178,2968.589,5937.178,2968.589,0.06464268647690936,0.06464268647690936,0.0,0.0
2,Device,IDLE,IDLE,0,4865.531,0.0,4865.531,0.0,0.05297482995737761,0.11761751643428697,0.0,0.0
3,Device,Conv2DBackpropFilter,gradient_tape/sequential/conv2d_3/Conv2D/Conv2DBackpropFilter,4,3832.85,958.2125,3832.85,958.2125,0.04173122666408554,0.15934874309837252,0.0,0.0
4,Device,_FusedConv2D,sequential/conv2d_1/Relu,2,3108.878,1554.439,3108.878,1554.439,0.03384877897360683,0.19319752207197935,0.0,0.0
5,Device,Conv2DBackpropInput,gradient_tape/sequential/conv2d_1/Conv2D/Conv2DBackpropInput,2,3101.71,1550.855,3101.71,1550.855,0.03377073536826663,0.22696825744024599,0.0,0.0
6,Device,_FusedConv2D,sequential/conv2d_3/Relu,2,2468.874,1234.437,2468.874,1234.437,0.026880556374256105,0.2538488138145021,0.0,0.0
7,Device,Conv2DBackpropInput,gradient_tape/sequential/conv2d_3/Conv2D/Conv2DBackpropInput,2,2461.708,1230.854,2461.708,1230.854,0.02680253454447544,0.28065134835897754,0.0,0.0
8,Device,Conv2DBackpropFilter,gradient_tape/sequential/conv2d_2/Conv2D/Conv2DBackpropFilter,4,2428.939,607.23475,2428.939,607.23475,0.026445752889426213,0.3070971012484037,0.0,0.0
9,Device,Conv2DBackpropFilter,gradient_tape/sequential/conv2d_8/Conv2D/Conv2DBackpropFilter,2,2187.275,1093.6375,2187.275,1093.6375,0.02381456848081394,0.33091166972921765,0.0,0.0
10,Device,Conv2DBackpropFilter,gradient_tape/sequential/conv2d_9/Conv2D/Conv2DBackpropFilter,2,2168.843,1084.4215,2168.843,1084.4215,0.02361388492422486,0.3545255546534425,0.0,0.0
11,Device,_FusedConv2D,sequential/conv2d_5/Relu,2,2080.778,1040.389,2080.778,1040.389,0.02265505259940842,0.3771806072528509,0.0,0.0
12,Device,_FusedConv2D,sequential/conv2d_6/Relu,2,2079.754,1039.877,2079.754,1039.877,0.022643903512931253,0.3998245107657822,0.0,0.0
13,Device,Conv2DBackpropInput,gradient_tape/sequential/conv2d_6/Conv2D/Conv2DBackpropInput,2,2056.201,1028.1005,2056.201,1028.1005,0.022387463636176566,0.42221197440195873,0.0,0.0
14,Device,Conv2DBackpropInput,gradient_tape/sequential/conv2d_5/Conv2D/Conv2DBackpropInput,2,2050.056,1025.028,2050.056,1025.028,0.022320558229533778,0.4445325326314925,0.0,0.0
15,Device,Conv2DBackpropFilter,gradient_tape/sequential/conv2d_5/Conv2D/Conv2DBackpropFilter,2,2049.034,1024.517,2049.034,1024.517,0.022309430918616136,0.46684196355010865,0.0,0.0
16,Device,Conv2DBackpropFilter,gradient_tape/sequential/conv2d_6/Conv2D/Conv2DBackpropFilter,2,2045.962,1022.981,2045.962,1022.981,0.022275983659184623,0.48911794720929325,0.0,0.0
17,Device,_FusedConv2D,sequential/conv2d_8/Relu,2,1843.208,921.604,1843.208,921.604,0.020068442761145305,0.5091863899704385,0.0,0.0
18,Device,_FusedConv2D,sequential/conv2d_9/Relu,2,1837.064,918.532,1837.064,918.532,0.020001548242282282,0.5291879382127208,0.0,0.0
19,Device,Conv2DBackpropInput,gradient_tape/sequential/conv2d_9/Conv2D/Conv2DBackpropInput,2,1803.273,901.6365,1803.273,901.6365,0.01963363927631541,0.5488215774890363,0.0,0.0
20,Device,Conv2DBackpropInput,gradient_tape/sequential/conv2d_8/Conv2D/Conv2DBackpropInput,2,1802.248,901.124,1802.248,901.124,0.019622479302058477,0.5684440567910948,0.0,0.0
21,Device,ReluGrad,gradient_tape/sequential/conv2d_1/ReluGrad,2,1762.312,881.156,1762.312,881.156,0.01918766492944882,0.5876317217205436,0.0,0.0
22,Device,ReluGrad,gradient_tape/sequential/conv2d/ReluGrad,2,1744.904,872.452,1744.904,872.452,0.01899813045933692,0.6066298521798805,0.0,0.0
23,Device,Conv2DBackpropFilter,gradient_tape/sequential/conv2d/Conv2D/Conv2DBackpropFilter,2,1495.046,747.523,1495.046,747.523,0.016277731583347752,0.6229075837632283,0.0,0.0
24,Device,_FusedConv2D,sequential/conv2d_2/Relu,2,1405.96,702.98,1405.96,702.98,0.015307782835393429,0.6382153665986218,0.0,0.0
25,Device,Conv2DBackpropFilter,gradient_tape/sequential/conv2d_4/Conv2D/Conv2DBackpropFilter,2,1306.63,653.315,1306.63,653.315,0.01422629967154835,0.6524416662701701,0.0,0.0
26,Device,MaxPoolGrad,gradient_tape/sequential/max_pooling2d/MaxPool/MaxPoolGrad,2,1288.198,644.099,1288.198,644.099,0.014025616114959278,0.6664672823851293,0.0,0.0
27,Device,Conv2DBackpropInput,gradient_tape/sequential/conv2d_2/Conv2D/Conv2DBackpropInput,2,1262.598,631.299,1262.598,631.299,0.01374688895303001,0.6802141713381593,0.0,0.0
28,Device,_FusedConv2D,sequential/conv2d_4/Relu,2,1221.638,610.819,1221.638,610.819,0.013300925493943181,0.6935150968321024,0.0,0.0
29,Device,Conv2DBackpropFilter,gradient_tape/sequential/conv2d_11/Conv2D/Conv2DBackpropFilter,2,1171.462,585.731,1171.462,585.731,0.01275462025656182,0.7062697170886643,0.0,0.0
30,Device,Conv2DBackpropFilter,gradient_tape/sequential/conv2d_12/Conv2D/Conv2DBackpropFilter,2,1170.437,585.2185,1170.437,585.2185,0.012743460282304886,0.7190131773709691,0.0,0.0
31,Device,Conv2DBackpropFilter,gradient_tape/sequential/conv2d_10/Conv2D/Conv2DBackpropFilter,2,1169.414,584.707,1169.414,584.707,0.01273232208360748,0.7317454994545767,0.0,0.0
32,Device,Conv2DBackpropInput,gradient_tape/sequential/conv2d_4/Conv2D/Conv2DBackpropInput,2,1169.413,584.7065,1169.413,584.7065,0.012732311195827717,0.7444778106504044,0.0,0.0
33,Device,_Send,IteratorGetNext/_1,2,1120.677,560.3385,1120.677,560.3385,0.012201684361304874,0.7566794950117093,0.0,0.0
34,Device,_FusedConv2D,sequential/conv2d_7/Relu,2,1084.422,542.211,1084.422,542.211,0.011806947906002315,0.7684864429177116,0.0,0.0
35,Device,Conv2DBackpropFilter,gradient_tape/sequential/conv2d_7/Conv2D/Conv2DBackpropFilter,2,1056.773,528.3865,1056.773,528.3865,0.011505911683338942,0.7799923546010505,0.0,0.0
36,Device,Conv2DBackpropInput,gradient_tape/sequential/conv2d_7/Conv2D/Conv2DBackpropInput,2,1032.196,516.098,1032.196,516.098,0.011238322720107084,0.7912306773211576,0.0,0.0
37,Device,ReluGrad,gradient_tape/sequential/conv2d_3/ReluGrad,2,874.5,437.25,874.5,437.25,0.009521363402622801,0.8007520407237804,0.0,0.0
38,Device,ReluGrad,gradient_tape/sequential/conv2d_2/ReluGrad,2,863.236,431.618,863.236,431.618,0.009398723451373924,0.8101507641751543,0.0,0.0
39,Device,ResourceApplyGradientDescent,SGD/SGD/update_28/ResourceApplyGradientDescent,2,849.924,424.962,849.924,424.962,0.009253785327170704,0.819404549502325,0.0,0.0
40,Device,_FusedConv2D,sequential/conv2d_12/Relu,2,766.98,383.49,766.98,383.49,0.008350709322519882,0.8277552588248449,0.0,0.0
41,Device,_FusedConv2D,sequential/conv2d_11/Relu,2,765.955,382.9775,765.955,382.9775,0.008339549348262948,0.8360948081731079,0.0,0.0
42,Device,_FusedConv2D,sequential/conv2d_10/Relu,2,761.859,380.9295,761.859,380.9295,0.008294953002354265,0.8443897611754622,0.0,0.0
43,Device,Conv2DBackpropInput,gradient_tape/sequential/conv2d_10/Conv2D/Conv2DBackpropInput,2,734.211,367.1055,734.211,367.1055,0.007993927667470657,0.8523836888429328,0.0,0.0
44,Device,Conv2DBackpropInput,gradient_tape/sequential/conv2d_12/Conv2D/Conv2DBackpropInput,2,734.211,367.1055,734.211,367.1055,0.007993927667470657,0.8603776165104035,0.0,0.0
45,Device,Conv2DBackpropInput,gradient_tape/sequential/conv2d_11/Conv2D/Conv2DBackpropInput,2,732.163,366.0815,732.163,366.0815,0.007971629494516316,0.8683492460049198,0.0,0.0
46,Device,_FusedConv2D,sequential/conv2d/Relu,2,683.012,341.506,683.012,341.506,0.007436484231391886,0.8757857302363117,0.0,0.0
47,Device,MaxPool,sequential/max_pooling2d/MaxPool,2,663.554,331.777,663.554,331.777,0.007224629812766118,0.8830103600490778,0.0,0.0
48,Device,MaxPoolGrad,gradient_tape/sequential/max_pooling2d_1/MaxPool/MaxPoolGrad,2,637.954,318.977,637.954,318.977,0.006945902650836851,0.8899562626999147,0.0,0.0
49,Device,BiasAddGrad,gradient_tape/sequential/conv2d_1/BiasAdd/BiasAddGrad,2,538.627,269.3135,538.627,269.3135,0.005864452150331059,0.8958207148502457,0.0,0.0
50,Device,BiasAddGrad,gradient_tape/sequential/conv2d/BiasAdd/BiasAddGrad,2,537.604,268.802,537.604,268.802,0.005853313951633652,0.9016740288018794,0.0,0.0
51,Device,ReluGrad,gradient_tape/sequential/conv2d_5/ReluGrad,2,434.178,217.089,434.178,217.089,0.004727234441879889,0.9064012632437592,0.0,0.0
52,Device,ReluGrad,gradient_tape/sequential/conv2d_4/ReluGrad,2,432.13,216.065,432.13,216.065,0.0047049362689255475,0.9111061995126848,0.0,0.0
53,Device,ReluGrad,gradient_tape/sequential/conv2d_6/ReluGrad,2,431.106,215.553,431.106,215.553,0.004693787182448376,0.9157999866951332,0.0,0.0
54,Device,ResourceApplyGradientDescent,SGD/SGD/update_26/ResourceApplyGradientDescent,2,421.89,210.945,421.89,210.945,0.00459344540415384,0.920393432099287,0.0,0.0
55,Device,MatMul,gradient_tape/sequential/dense_1/MatMul/MatMul_1,2,411.65,205.825,411.65,205.825,0.004481954539382133,0.9248753866386692,0.0,0.0
56,Device,MatMul,gradient_tape/sequential/dense_1/MatMul/MatMul,2,408.578,204.289,408.578,204.289,0.004448507279950622,0.9293238939186198,0.0,0.0
57,Device,MaxPoolGrad,gradient_tape/sequential/max_pooling2d_3/MaxPool/MaxPoolGrad,2,376.834,188.417,376.834,188.417,0.004102885599158331,0.9334267795177781,0.0,0.0
58,Device,MaxPool,sequential/max_pooling2d_1/MaxPool,2,342.017,171.0085,342.017,171.0085,0.0037238057711547656,0.9371505852889328,0.0,0.0
59,Device,MatMul,sequential/dense_1/MatMul,2,336.897,168.4485,336.897,168.4485,0.003668060338768912,0.9408186456277017,0.0,0.0
60,Device,MaxPoolGrad,gradient_tape/sequential/max_pooling2d_2/MaxPool/MaxPoolGrad,2,325.633,162.8165,325.633,162.8165,0.003545420387520035,0.9443640660152217,0.0,0.0
61,Device,MaxPoolGrad,gradient_tape/sequential/max_pooling2d_4/MaxPool/MaxPoolGrad,2,315.394,157.697,315.394,157.697,0.0034339404105280915,0.9477980064257499,0.0,0.0
62,Device,BiasAddGrad,gradient_tape/sequential/conv2d_2/BiasAdd/BiasAddGrad,2,315.393,157.6965,315.393,157.6965,0.003433929522748328,0.9512319359484982,0.0,0.0
63,Device,BiasAddGrad,gradient_tape/sequential/conv2d_3/BiasAdd/BiasAddGrad,2,314.37,157.185,314.37,157.185,0.0034227913240509208,0.9546547272725491,0.0,0.0
64,Device,MatMul,gradient_tape/sequential/dense/MatMul/MatMul_1,2,234.497,117.2485,234.497,117.2485,0.002553151691051846,0.9572078789636009,0.0,0.0
65,Device,ReluGrad,gradient_tape/sequential/conv2d_8/ReluGrad,2,216.065,108.0325,216.065,108.0325,0.0023524681344627737,0.9595603470980637,0.0,0.0
66,Device,ReluGrad,gradient_tape/sequential/conv2d_7/ReluGrad,2,215.041,107.5205,215.041,107.5205,0.002341319047985603,0.9619016661460493,0.0,0.0
67,Device,ReluGrad,gradient_tape/sequential/conv2d_9/ReluGrad,2,211.968,105.984,211.968,105.984,0.002307860900774328,0.9642095270468236,0.0,0.0
68,Device,MatMul,gradient_tape/sequential/dense/MatMul/MatMul,2,202.753,101.3765,202.753,101.3765,0.002207530010259555,0.9664170570570831,0.0,0.0
69,Device,MaxPool,sequential/max_pooling2d_2/MaxPool,2,188.416,94.208,188.416,94.208,0.0020514319117994027,0.9684684889688825,0.0,0.0
70,Device,MatMul,sequential/dense/MatMul,2,176.129,88.0645,176.129,88.0645,0.0019176537618531176,0.9703861427307356,0.0,0.0
71,Device,BiasAddGrad,gradient_tape/sequential/conv2d_4/BiasAdd/BiasAddGrad,2,169.985,84.9925,169.985,84.9925,0.0018507592429900938,0.9722369019737257,0.0,0.0
72,Device,BiasAddGrad,gradient_tape/sequential/conv2d_5/BiasAdd/BiasAddGrad,2,169.985,84.9925,169.985,84.9925,0.0018507592429900938,0.9740876612167158,0.0,0.0
73,Device,BiasAddGrad,gradient_tape/sequential/conv2d_6/BiasAdd/BiasAddGrad,2,167.936,83.968,167.936,83.968,0.0018284501822559895,0.9759161113989717,0.0,0.0
74,Device,SoftmaxCrossEntropyWithLogits,categorical_crossentropy/softmax_cross_entropy_with_logits,2,131.072,65.536,131.072,65.536,0.0014270830690778454,0.9773431944680495,0.0,0.0
75,Device,ResourceApplyGradientDescent,SGD/SGD/update_16/ResourceApplyGradientDescent,2,123.905,61.9525,123.905,61.9525,0.0013490503515174136,0.978692244819567,0.0,0.0
76,Device,ResourceApplyGradientDescent,SGD/SGD/update_18/ResourceApplyGradientDescent,2,123.904,61.952,123.904,61.952,0.0013490394637376507,0.9800412842833046,0.0,0.0
77,Device,ResourceApplyGradientDescent,SGD/SGD/update_22/ResourceApplyGradientDescent,2,118.785,59.3925,118.785,59.3925,0.0012933049191315603,0.9813345892024362,0.0,0.0
78,Device,ResourceApplyGradientDescent,SGD/SGD/update_24/ResourceApplyGradientDescent,2,118.785,59.3925,118.785,59.3925,0.0012933049191315603,0.9826278941215678,0.0,0.0
79,Device,ResourceApplyGradientDescent,SGD/SGD/update_20/ResourceApplyGradientDescent,2,118.784,59.392,118.784,59.392,0.0012932940313517974,0.9839211881529196,0.0,0.0
80,Device,MaxPool,sequential/max_pooling2d_3/MaxPool,2,94.21,47.105,94.21,47.105,0.001025737731459227,0.9849469258843788,0.0,0.0
81,Device,BiasAddGrad,gradient_tape/sequential/conv2d_7/BiasAdd/BiasAddGrad,2,90.113,45.0565,90.113,45.0565,0.0009811304977707816,0.9859280563821496,0.0,0.0
82,Device,BiasAddGrad,gradient_tape/sequential/conv2d_8/BiasAdd/BiasAddGrad,2,80.896,40.448,80.896,40.448,0.0008807778316964827,0.9868088342138461,0.0,0.0
83,Device,BiasAddGrad,gradient_tape/sequential/conv2d_9/BiasAdd/BiasAddGrad,2,80.896,40.448,80.896,40.448,0.0008807778316964827,0.9876896120455426,0.0,0.0
84,Device,Transpose,gradient_tape/sequential/conv2d/Conv2D/Conv2DBackpropFilter-0-TransposeNHWCToNCHW-LayoutOptimizer,2,68.609,34.3045,68.609,34.3045,0.0007469996817501975,0.9884366117272928,0.0,0.0
85,Device,ResourceApplyGradientDescent,SGD/SGD/update_14/ResourceApplyGradientDescent,2,63.488,31.744,63.488,31.744,0.0006912433615845813,0.9891278550888774,0.0,0.0
86,Device,ReluGrad,gradient_tape/sequential/conv2d_10/ReluGrad,2,57.344,28.672,57.344,28.672,0.0006243488427215574,0.9897522039315989,0.0,0.0
87,Device,ReluGrad,gradient_tape/sequential/conv2d_11/ReluGrad,2,55.296,27.648,55.296,27.648,0.000602050669767216,0.9903542546013662,0.0,0.0
88,Device,BiasAddGrad,gradient_tape/sequential/conv2d_11/BiasAdd/BiasAddGrad,2,45.056,22.528,45.056,22.528,0.0004905598049955093,0.9908448144063616,0.0,0.0
89,Device,BiasAddGrad,gradient_tape/sequential/conv2d_10/BiasAdd/BiasAddGrad,2,43.008,21.504,43.008,21.504,0.00046826163204116803,0.9913130760384028,0.0,0.0
90,Device,BiasAddGrad,gradient_tape/sequential/conv2d_12/BiasAdd/BiasAddGrad,2,43.008,21.504,43.008,21.504,0.00046826163204116803,0.991781337670444,0.0,0.0
91,Device,ResourceApplyGradientDescent,SGD/SGD/update_10/ResourceApplyGradientDescent,2,36.865,18.4325,36.865,18.4325,0.0004013780009579069,0.9921827156714018,0.0,0.0
92,Device,ResourceApplyGradientDescent,SGD/SGD/update_12/ResourceApplyGradientDescent,2,36.864,18.432,36.864,18.432,0.00040136711317814396,0.99258408278458,0.0,0.0
93,Device,ReluGrad,gradient_tape/sequential/conv2d_12/ReluGrad,2,33.792,16.896,33.792,16.896,0.000367919853746632,0.9929520026383266,0.0,0.0
94,Device,MatMul,sequential/dense_2/MatMul,2,32.768,16.384,32.768,16.384,0.00035677076726946136,0.9933087734055961,0.0,0.0
95,Device,ReluGrad,gradient_tape/sequential/dense/ReluGrad,2,30.72,15.36,30.72,15.36,0.00033447259431512,0.9936432459999112,0.0,0.0
96,Device,ArgMax,ArgMax,2,26.624,13.312,26.624,13.312,0.00028987624840643735,0.9939331222483176,0.0,0.0
97,Device,MatMul,gradient_tape/sequential/dense_2/MatMul/MatMul,2,24.576,12.288,24.576,12.288,0.000267578075452096,0.9942007003237697,0.0,0.0
98,Device,MatMul,gradient_tape/sequential/dense_2/MatMul/MatMul_1,2,24.576,12.288,24.576,12.288,0.000267578075452096,0.9944682783992218,0.0,0.0
99,Device,ReluGrad,gradient_tape/sequential/dense_1/ReluGrad,2,23.552,11.776,23.552,11.776,0.00025642898897492534,0.9947247073881967,0.0,0.0
100,Device,ResourceApplyGradientDescent,SGD/SGD/update_8/ResourceApplyGradientDescent,2,22.528,11.264,22.528,11.264,0.00024527990249775464,0.9949699872906945,0.0,0.0
101,Device,Softmax,sequential/dense_2/Softmax,2,22.528,11.264,22.528,11.264,0.00024527990249775464,0.9952152671931923,0.0,0.0
102,Device,ArgMax,ArgMax_1,2,19.456,9.728,19.456,9.728,0.00021183264306624266,0.9954270998362585,0.0,0.0
103,Device,BiasAddGrad,gradient_tape/sequential/dense_1/BiasAdd/BiasAddGrad,2,19.456,9.728,19.456,9.728,0.00021183264306624266,0.9956389324793248,0.0,0.0
104,Device,BiasAddGrad,gradient_tape/sequential/dense/BiasAdd/BiasAddGrad,2,18.432,9.216,18.432,9.216,0.00020068355658907198,0.9958396160359139,0.0,0.0
105,Device,MaxPool,sequential/max_pooling2d_4/MaxPool,2,18.432,9.216,18.432,9.216,0.00020068355658907198,0.996040299592503,0.0,0.0
106,Device,Transpose,gradient_tape/sequential/max_pooling2d_4/MaxPool/MaxPoolGrad-2-TransposeNHWCToNCHW-LayoutOptimizer,2,16.384,8.192,16.384,8.192,0.00017838538363473068,0.9962186849761376,0.0,0.0
107,Device,ResourceApplyGradientDescent,SGD/SGD/update_6/ResourceApplyGradientDescent,2,13.312,6.656,13.312,6.656,0.00014493812420321867,0.9963636231003409,0.0,0.0
108,Device,_Send,IteratorGetNext/_3,2,10.241,5.1205,10.241,5.1205,0.00011150175255146953,0.9964751248528924,0.0,0.0
109,Device,ResourceApplyGradientDescent,SGD/SGD/update_30/ResourceApplyGradientDescent,2,10.24,5.12,10.24,5.12,0.00011149086477170667,0.996586615717664,0.0,0.0
110,Device,ResourceApplyGradientDescent,SGD/SGD/update_4/ResourceApplyGradientDescent,2,10.24,5.12,10.24,5.12,0.00011149086477170667,0.9966981065824357,0.0,0.0
111,Device,BiasAdd,sequential/dense_1/BiasAdd,2,10.24,5.12,10.24,5.12,0.00011149086477170667,0.9968095974472074,0.0,0.0
112,Device,Transpose,sequential/max_pooling2d_4/MaxPool-0-2-TransposeNCHWToNHWC-LayoutOptimizer,2,10.24,5.12,10.24,5.12,0.00011149086477170667,0.9969210883119791,0.0,0.0
113,Device,Relu,sequential/dense/Relu,2,9.217,4.6085,9.217,4.6085,0.00010035266607429887,0.9970214409780535,0.0,0.0
114,Device,Relu,sequential/dense_1/Relu,2,9.216,4.608,9.216,4.608,0.00010034177829453599,0.997121782756348,0.0,0.0
115,Device,ResourceApplyGradientDescent,SGD/SGD/update_2/ResourceApplyGradientDescent,2,8.192,4.096,8.192,4.096,8.919269181736534e-05,0.9972109754481654,0.0,0.0
116,Device,ResourceApplyGradientDescent,SGD/SGD/update_27/ResourceApplyGradientDescent,2,8.192,4.096,8.192,4.096,8.919269181736534e-05,0.9973001681399828,0.0,0.0
117,Device,ResourceApplyGradientDescent,SGD/SGD/update_29/ResourceApplyGradientDescent,2,8.192,4.096,8.192,4.096,8.919269181736534e-05,0.9973893608318002,0.0,0.0
118,Device,BiasAdd,sequential/dense/BiasAdd,2,8.192,4.096,8.192,4.096,8.919269181736534e-05,0.9974785535236176,0.0,0.0
119,Device,ResourceApplyGradientDescent,SGD/SGD/update_17/ResourceApplyGradientDescent,2,7.168,3.584,7.168,3.584,7.804360534019468e-05,0.9975565971289578,0.0,0.0
120,Device,ResourceApplyGradientDescent,SGD/SGD/update_19/ResourceApplyGradientDescent,2,7.168,3.584,7.168,3.584,7.804360534019468e-05,0.9976346407342981,0.0,0.0
121,Device,ResourceApplyGradientDescent,SGD/SGD/update_7/ResourceApplyGradientDescent,2,7.168,3.584,7.168,3.584,7.804360534019468e-05,0.9977126843396383,0.0,0.0
122,Device,ResourceApplyGradientDescent,SGD/SGD/update_9/ResourceApplyGradientDescent,2,7.168,3.584,7.168,3.584,7.804360534019468e-05,0.9977907279449786,0.0,0.0
123,Device,BiasAddGrad,gradient_tape/sequential/dense_2/BiasAdd/BiasAddGrad,2,7.168,3.584,7.168,3.584,7.804360534019468e-05,0.9978687715503188,0.0,0.0
124,Device,ResourceApplyGradientDescent,SGD/SGD/update_15/ResourceApplyGradientDescent,2,6.145,3.0725,6.145,3.0725,6.690540664278686e-05,0.9979356769569616,0.0,0.0
125,Device,AssignAddVariableOp,AssignAddVariableOp_3,2,6.144,3.072,6.144,3.072,6.6894518863024e-05,0.9980025714758246,0.0,0.0
126,Device,AssignAddVariableOp,AssignAddVariableOp_4,2,6.144,3.072,6.144,3.072,6.6894518863024e-05,0.9980694659946876,0.0,0.0
127,Device,Cast,Cast,2,6.144,3.072,6.144,3.072,6.6894518863024e-05,0.9981363605135506,0.0,0.0
128,Device,Cast,Cast_1,2,6.144,3.072,6.144,3.072,6.6894518863024e-05,0.9982032550324136,0.0,0.0
129,Device,Equal,Equal,2,6.144,3.072,6.144,3.072,6.6894518863024e-05,0.9982701495512766,0.0,0.0
130,Device,Mul,Mul,2,6.144,3.072,6.144,3.072,6.6894518863024e-05,0.9983370440701396,0.0,0.0
131,Device,AssignAddVariableOp,SGD/SGD/AssignAddVariableOp,2,6.144,3.072,6.144,3.072,6.6894518863024e-05,0.9984039385890026,0.0,0.0
132,Device,ResourceApplyGradientDescent,SGD/SGD/update/ResourceApplyGradientDescent,2,6.144,3.072,6.144,3.072,6.6894518863024e-05,0.9984708331078656,0.0,0.0
133,Device,ResourceApplyGradientDescent,SGD/SGD/update_1/ResourceApplyGradientDescent,2,6.144,3.072,6.144,3.072,6.6894518863024e-05,0.9985377276267285,0.0,0.0
134,Device,ResourceApplyGradientDescent,SGD/SGD/update_11/ResourceApplyGradientDescent,2,6.144,3.072,6.144,3.072,6.6894518863024e-05,0.9986046221455915,0.0,0.0
135,Device,ResourceApplyGradientDescent,SGD/SGD/update_13/ResourceApplyGradientDescent,2,6.144,3.072,6.144,3.072,6.6894518863024e-05,0.9986715166644545,0.0,0.0
136,Device,ResourceApplyGradientDescent,SGD/SGD/update_21/ResourceApplyGradientDescent,2,6.144,3.072,6.144,3.072,6.6894518863024e-05,0.9987384111833175,0.0,0.0
137,Device,ResourceApplyGradientDescent,SGD/SGD/update_23/ResourceApplyGradientDescent,2,6.144,3.072,6.144,3.072,6.6894518863024e-05,0.9988053057021805,0.0,0.0
138,Device,ResourceApplyGradientDescent,SGD/SGD/update_25/ResourceApplyGradientDescent,2,6.144,3.072,6.144,3.072,6.6894518863024e-05,0.9988722002210435,0.0,0.0
139,Device,ResourceApplyGradientDescent,SGD/SGD/update_3/ResourceApplyGradientDescent,2,6.144,3.072,6.144,3.072,6.6894518863024e-05,0.9989390947399065,0.0,0.0
140,Device,ResourceApplyGradientDescent,SGD/SGD/update_31/ResourceApplyGradientDescent,2,6.144,3.072,6.144,3.072,6.6894518863024e-05,0.9990059892587695,0.0,0.0
141,Device,ResourceApplyGradientDescent,SGD/SGD/update_5/ResourceApplyGradientDescent,2,6.144,3.072,6.144,3.072,6.6894518863024e-05,0.9990728837776325,0.0,0.0
142,Device,Sum,Sum_2,2,6.144,3.072,6.144,3.072,6.6894518863024e-05,0.9991397782964955,0.0,0.0
143,Device,Cast,categorical_crossentropy/weighted_loss/num_elements/Cast,2,6.144,3.072,6.144,3.072,6.6894518863024e-05,0.9992066728153585,0.0,0.0
144,Device,BiasAdd,sequential/dense_2/BiasAdd,2,6.144,3.072,6.144,3.072,6.6894518863024e-05,0.9992735673342215,0.0,0.0
145,Device,AssignAddVariableOp,AssignAddVariableOp_2,2,5.12,2.56,5.12,2.56,5.5745432385853334e-05,0.9993293127666073,0.0,0.0
146,Device,Cast,Cast_2,2,5.12,2.56,5.12,2.56,5.5745432385853334e-05,0.9993850581989931,0.0,0.0
147,Device,Sum,categorical_crossentropy/weighted_loss/Sum,2,5.12,2.56,5.12,2.56,5.5745432385853334e-05,0.999440803631379,0.0,0.0
148,Device,DivNoNan,div_no_nan,2,5.12,2.56,5.12,2.56,5.5745432385853334e-05,0.9994965490637648,0.0,0.0
149,Device,DivNoNan,div_no_nan_1,2,5.12,2.56,5.12,2.56,5.5745432385853334e-05,0.9995522944961507,0.0,0.0
150,Device,Mul,gradient_tape/categorical_crossentropy/softmax_cross_entropy_with_logits/mul,2,5.12,2.56,5.12,2.56,5.5745432385853334e-05,0.9996080399285365,0.0,0.0
151,Device,Tile,gradient_tape/categorical_crossentropy/weighted_loss/Tile_1,2,5.12,2.56,5.12,2.56,5.5745432385853334e-05,0.9996637853609224,0.0,0.0
152,Device,DivNoNan,gradient_tape/categorical_crossentropy/weighted_loss/value/div_no_nan,2,5.12,2.56,5.12,2.56,5.5745432385853334e-05,0.9997195307933082,0.0,0.0
153,Device,_Recv,categorical_crossentropy/weighted_loss/num_elements/_14,2,4.544,2.272,4.544,2.272,4.947407124244483e-05,0.9997690048645507,0.0,0.0
154,Device,AssignAddVariableOp,AssignAddVariableOp,2,4.096,2.048,4.096,2.048,4.459634590868267e-05,0.9998136012104594,0.0,0.0
155,Device,AssignAddVariableOp,AssignAddVariableOp_1,2,4.096,2.048,4.096,2.048,4.459634590868267e-05,0.9998581975563681,0.0,0.0
156,Device,DivNoNan,categorical_crossentropy/weighted_loss/value,2,4.096,2.048,4.096,2.048,4.459634590868267e-05,0.9999027939022768,0.0,0.0
157,Device,_Recv,Size/_16,2,3.808,1.904,3.808,1.904,4.1460665336978416e-05,0.9999442545676137,0.0,0.0
158,Device,LogicalAnd,LogicalAnd,1,3.072,3.072,3.072,3.072,3.3447259431512e-05,0.9999777018270453,0.0,0.0
159,Device,_Recv,strided_slice/_12,2,2.048,1.024,2.048,1.024,2.2298172954341335e-05,0.9999999999999996,0.0,0.0
160,Host,IDLE,IDLE,0,417066.405,0.0,417066.405,0.0,0.0,0.0,0.9866031003378443,0.9866031003378443
161,Host,_Send,IteratorGetNext/_3,2,1520.047,760.0235,1520.047,760.0235,0.0,0.0,0.0035957896989071538,0.9901988900367514
162,Host,_Send,IteratorGetNext/_1,2,1500.536,750.268,1500.536,750.268,0.0,0.0,0.0035496349071044153,0.9937485249438558
163,Host,GatherV2,GatherV2,2,1473.135,736.5675,1473.135,736.5675,0.0,0.0,0.0034848157051062174,0.997233340648962
164,Host,_Send,IteratorGetNext/_6,2,767.703,383.8515,767.703,383.8515,0.0,0.0,0.0018160613054860268,0.999049401954448
165,Host,GatherV2,GatherV2_1,2,71.111,35.5555,71.111,35.5555,0.0,0.0,0.00016821861513426008,0.9992176205695823
166,Host,Dataset,Iterator::Root::ParallelMapV2::Zip[1]::ForeverRepeat,2,55.202,27.601,51.191,25.5955,0.0,0.0,0.00012109630194116111,0.9993387168715234
167,Host,Dataset,Iterator::Root::ParallelMapV2,2,45.572,22.786,45.572,22.786,0.0,0.0,0.0001078041193190716,0.9994465209908425
168,Host,FlushSummaryWriter,FlushSummaryWriter,1,42.38,42.38,42.38,42.38,0.0,0.0,0.00010025319443391236,0.9995467741852765
169,Host,IteratorGetNext,IteratorGetNext,2,32.34,16.17,32.34,16.17,0.0,0.0,7.650279159963959e-05,0.9996232769768761
170,Host,LogicalAnd,LogicalAnd,1,31.681,31.681,31.681,31.681,0.0,0.0,7.4943875716394e-05,0.9996982208525925
171,Host,Dataset,Iterator::Root,2,73.812,36.906,28.24,14.12,0.0,0.0,6.680392191632102e-05,0.9997650247745088
172,Host,WriteSummary,WriteSummary,1,22.26,22.26,22.26,22.26,0.0,0.0,5.2657765646505175e-05,0.9998176825401554
173,Host,Dataset,Iterator::Root::ParallelMapV2::Zip[0]::FlatMap[1]::Concatenate,2,42.68,21.34,22.16,11.08,0.0,0.0,5.242120784935106e-05,0.9998701037480047
174,Host,Dataset,Iterator::Root::ParallelMapV2::Zip[0]::FlatMap[1]::Concatenate[0]::TensorSlice,2,20.52,10.26,20.52,10.26,0.0,0.0,4.8541659976023635e-05,0.9999186454079807
175,Host,Dataset,Iterator::Root::ParallelMapV2::Zip,2,111.562,55.781,9.88,4.94,0.0,0.0,2.3371910358826195e-05,0.9999420173183395
176,Host,_HostSend,categorical_crossentropy/softmax_cross_entropy_with_logits/Shape_2/_9,2,7.78,3.89,7.78,3.89,0.0,0.0,1.8404196618589857e-05,0.9999604215149581
177,Host,ReadVariableOp,ReadVariableOp,1,6.28,6.28,6.28,6.28,0.0,0.0,1.4855829661278189e-05,0.9999752773446194
178,Host,Dataset,Iterator::Root::ParallelMapV2::Zip[1]::ForeverRepeat::FromTensor,4,4.011,1.00275,4.011,1.00275,0.0,0.0,9.488333243851404e-06,0.9999847656778633
179,Host,Dataset,Iterator::Root::ParallelMapV2::Zip[0]::FlatMap,2,46.48,23.24,3.8,1.9,0.0,0.0,8.989196291856228e-06,0.9999937548741552
180,Host,Identity,Identity,2,2.64,1.32,2.64,1.32,0.0,0.0,6.245125844868538e-06,1.0
