Rank,Host/device,Type,Operation,#Occurrences,Total time (us),Avg. time (us),Total self-time (us),Avg. self-time (us),Total self-time on Device (%),Cumulative total-self time on Device (%),Total self-time on Host (%),Cumulative total-self time on Host (%)
1,Device,IDLE,IDLE,0,73753.569,0.0,73753.569,0.0,0.6129212234392638,0.6129212234392638,0.0,0.0
2,Device,DepthwiseConv2dNativeBackpropFilter,gradient_tape/efficientnetb0/block2a_dwconv/depthwise/DepthwiseConv2dNativeBackpropFilter,2,3453.964,1726.982,3453.964,1726.982,0.02870380198950336,0.6416250254287672,0.0,0.0
3,Device,DepthwiseConv2dNativeBackpropFilter,gradient_tape/efficientnetb0/block3a_dwconv/depthwise/DepthwiseConv2dNativeBackpropFilter,2,1139.716,569.858,1139.716,569.858,0.009471489103033155,0.6510965145318004,0.0,0.0
4,Device,FusedBatchNormGradV3,gradient_tape/efficientnetb0/block2a_expand_bn/FusedBatchNormGradV3,2,526.338,263.169,526.338,263.169,0.004374076201011713,0.6554705907328121,0.0,0.0
5,Device,DepthwiseConv2dNativeBackpropFilter,gradient_tape/efficientnetb0/block5c_dwconv/depthwise/DepthwiseConv2dNativeBackpropFilter,2,488.45,244.225,488.45,244.225,0.004059211989983947,0.659529802722796,0.0,0.0
6,Device,_Recv,IteratorGetNext/_4,2,479.137,239.5685,479.137,239.5685,0.00398181728988625,0.6635116200126823,0.0,0.0
7,Device,DepthwiseConv2dNativeBackpropFilter,gradient_tape/efficientnetb0/block5b_dwconv/depthwise/DepthwiseConv2dNativeBackpropFilter,2,412.674,206.337,412.674,206.337,0.0034294835679284175,0.6669411035806107,0.0,0.0
8,Device,DepthwiseConv2dNativeBackpropFilter,gradient_tape/efficientnetb0/block5a_dwconv/depthwise/DepthwiseConv2dNativeBackpropFilter,2,370.69,185.345,370.69,185.345,0.003080579982735489,0.6700216835633461,0.0,0.0
9,Device,FusedBatchNormV3,efficientnetb0/block2a_expand_bn/FusedBatchNormV3,4,330.753,82.68825,330.753,82.68825,0.0027486877742310587,0.6727703713375772,0.0,0.0
10,Device,DepthwiseConv2dNativeBackpropInput,gradient_tape/efficientnetb0/block2a_dwconv/depthwise/DepthwiseConv2dNativeBackpropInput,2,329.73,164.865,329.73,164.865,0.002740186241083851,0.6755105575786611,0.0,0.0
11,Device,Mul,SGD/gradients/mul_136,2,314.369,157.1845,314.369,157.1845,0.002612530277570404,0.6781230878562314,0.0,0.0
12,Device,Mul,SGD/gradients/mul_135,2,312.321,156.1605,312.321,156.1605,0.002595510590487822,0.6807185984467192,0.0,0.0
13,Device,Mul,SGD/gradients/mul_137,2,312.321,156.1605,312.321,156.1605,0.002595510590487822,0.683314109037207,0.0,0.0
14,Device,Mul,efficientnetb0/block2a_expand_activation/mul,2,311.296,155.648,311.296,155.648,0.002586992436552447,0.6859011014737595,0.0,0.0
15,Device,Conv2DBackpropFilter,gradient_tape/efficientnetb0/block2a_expand_conv/Conv2D/Conv2DBackpropFilter,2,309.249,154.6245,309.249,154.6245,0.002569981059863949,0.6884710825336234,0.0,0.0
16,Device,DepthwiseConv2dNativeBackpropFilter,gradient_tape/efficientnetb0/block4c_dwconv/depthwise/DepthwiseConv2dNativeBackpropFilter,2,264.193,132.0965,264.193,132.0965,0.0021955479440471473,0.6906666304776706,0.0,0.0
17,Device,DepthwiseConv2dNativeBackpropFilter,gradient_tape/efficientnetb0/block4b_dwconv/depthwise/DepthwiseConv2dNativeBackpropFilter,2,263.169,131.5845,263.169,131.5845,0.0021870381005058563,0.6928536685781765,0.0,0.0
18,Device,Pad,efficientnetb0/block2a_dwconv_pad/Pad,2,239.618,119.809,239.618,119.809,0.001991320009450248,0.6948449885876268,0.0,0.0
19,Device,Slice,gradient_tape/efficientnetb0/block2a_dwconv_pad/Slice_1,2,239.616,119.808,239.616,119.808,0.0019913033886620815,0.6968362919762888,0.0,0.0
20,Device,DepthwiseConv2dNativeBackpropFilter,gradient_tape/efficientnetb0/block4a_dwconv/depthwise/DepthwiseConv2dNativeBackpropFilter,2,234.497,117.2485,234.497,117.2485,0.00194876248134971,0.6987850544576385,0.0,0.0
21,Device,FusedBatchNormGradV3,gradient_tape/efficientnetb0/block1a_bn/FusedBatchNormGradV3,2,229.377,114.6885,229.377,114.6885,0.0019062132636432551,0.7006912677212818,0.0,0.0
22,Device,FusedBatchNormGradV3,gradient_tape/efficientnetb0/stem_bn/FusedBatchNormGradV3,2,227.328,113.664,227.328,113.664,0.00188918526616659,0.7025804529874483,0.0,0.0
23,Device,Sigmoid,efficientnetb0/block2a_expand_activation/Sigmoid,2,219.137,109.5685,219.137,109.5685,0.0018211148282303456,0.7044015678156786,0.0,0.0
24,Device,Sigmoid,SGD/gradients/Sigmoid_45,2,217.09,108.545,217.09,108.545,0.0018041034515418471,0.7062056712672204,0.0,0.0
25,Device,AddV2,SGD/gradients/add_45,2,212.993,106.4965,212.993,106.4965,0.0017700557669826,0.7079757270342031,0.0,0.0
26,Device,Sub,SGD/gradients/sub_45,2,211.968,105.984,211.968,105.984,0.0017615376130472257,0.7097372646472503,0.0,0.0
27,Device,FusedBatchNormGradV3,gradient_tape/efficientnetb0/block3a_expand_bn/FusedBatchNormGradV3,2,203.776,101.888,203.776,101.888,0.0016934588647168982,0.7114307235119672,0.0,0.0
28,Device,FusedBatchNormGradV3,gradient_tape/efficientnetb0/block2b_bn/FusedBatchNormGradV3,2,202.752,101.376,202.752,101.376,0.0016849490211756073,0.7131156725331428,0.0,0.0
29,Device,FusedBatchNormGradV3,gradient_tape/efficientnetb0/block2b_expand_bn/FusedBatchNormGradV3,2,201.728,100.864,201.728,100.864,0.0016764391776343164,0.7147921117107771,0.0,0.0
30,Device,DepthwiseConv2dNativeBackpropInput,gradient_tape/efficientnetb0/block3a_dwconv/depthwise/DepthwiseConv2dNativeBackpropInput,2,184.32,92.16,184.32,92.16,0.00153177183743237,0.7163238835482094,0.0,0.0
31,Device,Conv2DBackpropInput,gradient_tape/efficientnetb0/top_conv/Conv2D/Conv2DBackpropInput,4,180.224,45.056,180.224,45.056,0.0014977324632672064,0.7178216160114766,0.0,0.0
32,Device,FusedBatchNormGradV3,gradient_tape/efficientnetb0/block1a_project_bn/FusedBatchNormGradV3,2,179.2,89.6,179.2,89.6,0.0014892226197259154,0.7193108386312026,0.0,0.0
33,Device,Conv2DBackpropInput,gradient_tape/efficientnetb0/block2a_expand_conv/Conv2D/Conv2DBackpropInput,2,171.009,85.5045,171.009,85.5045,0.0014211521817896712,0.7207319908129922,0.0,0.0
34,Device,DepthwiseConv2dNative,efficientnetb0/block2a_dwconv/depthwise,2,169.984,84.992,169.984,84.992,0.001412634027854297,0.7221446248408465,0.0,0.0
35,Device,Conv2D,efficientnetb0/block2a_expand_conv/Conv2D,2,161.792,80.896,161.792,80.896,0.0013445552795239694,0.7234891801203704,0.0,0.0
36,Device,Conv2DBackpropFilter,gradient_tape/efficientnetb0/block1a_project_conv/Conv2D/Conv2DBackpropFilter,2,156.673,78.3365,156.673,78.3365,0.001302014372211598,0.724791194492582,0.0,0.0
37,Device,DepthwiseConv2dNativeBackpropInput,gradient_tape/efficientnetb0/block2b_dwconv/depthwise/DepthwiseConv2dNativeBackpropInput,2,153.602,76.801,153.602,76.801,0.0012764931519818085,0.7260676876445639,0.0,0.0
38,Device,Conv2DBackpropFilter,gradient_tape/efficientnetb0/stem_conv/Conv2D/Conv2DBackpropFilter,2,151.554,75.777,151.554,75.777,0.0012594734648992266,0.727327161109463,0.0,0.0
39,Device,Conv2DBackpropFilter,gradient_tape/efficientnetb0/block3a_expand_conv/Conv2D/Conv2DBackpropFilter,2,142.336,71.168,142.336,71.168,0.0011828682522394415,0.7285100293617025,0.0,0.0
40,Device,Conv2DBackpropInput,gradient_tape/efficientnetb0/block6d_expand_conv/Conv2D/Conv2DBackpropInput,4,141.312,35.328,141.312,35.328,0.0011743584086981505,0.7296843877704007,0.0,0.0
41,Device,Conv2DBackpropInput,gradient_tape/efficientnetb0/block7a_expand_conv/Conv2D/Conv2DBackpropInput,4,141.312,35.328,141.312,35.328,0.0011743584086981505,0.7308587461790989,0.0,0.0
42,Device,Conv2DBackpropFilter,gradient_tape/efficientnetb0/block2b_expand_conv/Conv2D/Conv2DBackpropFilter,2,140.288,70.144,140.288,70.144,0.0011658485651568596,0.7320245947442557,0.0,0.0
43,Device,Conv2DBackpropInput,gradient_tape/efficientnetb0/block6b_expand_conv/Conv2D/Conv2DBackpropInput,4,140.288,35.072,140.288,35.072,0.0011658485651568596,0.7331904433094126,0.0,0.0
44,Device,Conv2DBackpropInput,gradient_tape/efficientnetb0/block6c_expand_conv/Conv2D/Conv2DBackpropInput,4,138.241,34.56025,138.241,34.56025,0.0011488371884683611,0.734339280497881,0.0,0.0
45,Device,FusedBatchNormV3,efficientnetb0/stem_bn/FusedBatchNormV3,4,136.194,34.0485,136.194,34.0485,0.0011318258117798622,0.7354711063096608,0.0,0.0
46,Device,Conv2D,efficientnetb0/block6d_project_conv/Conv2D,4,136.192,34.048,136.192,34.048,0.0011318091909916959,0.7366029155006525,0.0,0.0
47,Device,DepthwiseConv2dNativeBackpropInput,gradient_tape/efficientnetb0/block1a_dwconv/depthwise/DepthwiseConv2dNativeBackpropInput,2,135.169,67.5845,135.169,67.5845,0.0011233076578444881,0.737726223158497,0.0,0.0
48,Device,FusedBatchNormV3,efficientnetb0/block1a_bn/FusedBatchNormV3,4,135.168,33.792,135.168,33.792,0.001123299347450405,0.7388495225059474,0.0,0.0
49,Device,DepthwiseConv2dNativeBackpropFilter,gradient_tape/efficientnetb0/block2b_dwconv/depthwise/DepthwiseConv2dNativeBackpropFilter,2,135.168,67.584,135.168,67.584,0.001123299347450405,0.7399728218533977,0.0,0.0
50,Device,Conv2D,efficientnetb0/block6c_project_conv/Conv2D,4,134.145,33.53625,134.145,33.53625,0.0011147978143031972,0.741087619667701,0.0,0.0
51,Device,Conv2D,efficientnetb0/block6b_project_conv/Conv2D,4,133.12,33.28,133.12,33.28,0.0011062796603678229,0.7421938993280688,0.0,0.0
52,Device,Conv2DBackpropFilter,gradient_tape/efficientnetb0/block2a_project_conv/Conv2D/Conv2DBackpropFilter,2,132.096,66.048,132.096,66.048,0.001097769816826532,0.7432916691448953,0.0,0.0
53,Device,Conv2DBackpropFilter,gradient_tape/efficientnetb0/block5c_expand_conv/Conv2D/Conv2DBackpropFilter,2,131.073,65.5365,131.073,65.5365,0.0010892682836793244,0.7443809374285746,0.0,0.0
54,Device,FusedBatchNormGradV3,gradient_tape/efficientnetb0/block2a_bn/FusedBatchNormGradV3,2,131.072,65.536,131.072,65.536,0.001089259973285241,0.7454701974018598,0.0,0.0
55,Device,Conv2DBackpropFilter,gradient_tape/efficientnetb0/block5b_expand_conv/Conv2D/Conv2DBackpropFilter,2,131.072,65.536,131.072,65.536,0.001089259973285241,0.7465594573751451,0.0,0.0
56,Device,Conv2DBackpropFilter,gradient_tape/efficientnetb0/block6a_expand_conv/Conv2D/Conv2DBackpropFilter,2,131.072,65.536,131.072,65.536,0.001089259973285241,0.7476487173484303,0.0,0.0
57,Device,Conv2D,efficientnetb0/block7a_project_conv/Conv2D,2,128.001,64.0005,128.001,64.0005,0.0010637387530554516,0.7487124561014857,0.0,0.0
58,Device,DepthwiseConv2dNativeBackpropInput,gradient_tape/efficientnetb0/block3b_dwconv/depthwise/DepthwiseConv2dNativeBackpropInput,2,126.977,63.4885,126.977,63.4885,0.0010552289095141607,0.7497676850109999,0.0,0.0
59,Device,AddN,SGD/gradients/AddN_21,2,124.93,62.465,124.93,62.465,0.001038217532825662,0.7508059025438255,0.0,0.0
60,Device,SoftmaxCrossEntropyWithLogits,categorical_crossentropy/softmax_cross_entropy_with_logits,2,124.929,62.4645,124.929,62.4645,0.0010382092224315786,0.7518441117662571,0.0,0.0
61,Device,Mul,SGD/gradients/mul_127,2,122.881,61.4405,122.881,61.4405,0.0010211895353489967,0.7528653013016061,0.0,0.0
62,Device,Conv2DBackpropFilter,gradient_tape/efficientnetb0/block2b_project_conv/Conv2D/Conv2DBackpropFilter,2,122.88,61.44,122.88,61.44,0.0010211812249549133,0.753886482526561,0.0,0.0
63,Device,Mul,SGD/gradients/mul_117,2,121.856,60.928,121.856,60.928,0.0010126713814136224,0.7548991539079746,0.0,0.0
64,Device,Mul,SGD/gradients/mul_119,2,120.834,60.417,120.834,60.417,0.0010041781586604983,0.7559033320666351,0.0,0.0
65,Device,Mul,gradient_tape/efficientnetb0/block2b_se_excite/mul/Mul_1,2,120.833,60.4165,120.833,60.4165,0.0010041698482664149,0.7569075019149015,0.0,0.0
66,Device,Mul,SGD/gradients/mul_118,2,120.832,60.416,120.832,60.416,0.0010041615378723315,0.7579116634527738,0.0,0.0
67,Device,Mul,SGD/gradients/mul_123,2,120.832,60.416,120.832,60.416,0.0010041615378723315,0.7589158249906461,0.0,0.0
68,Device,Mul,SGD/gradients/mul_124,2,119.809,59.9045,119.809,59.9045,0.000995660004725124,0.7599114849953713,0.0,0.0
69,Device,Mul,SGD/gradients/mul_125,2,119.809,59.9045,119.809,59.9045,0.000995660004725124,0.7609071450000965,0.0,0.0
70,Device,Mul,efficientnetb0/block2b_activation/mul,2,119.809,59.9045,119.809,59.9045,0.000995660004725124,0.7619028050048217,0.0,0.0
71,Device,Mul,SGD/gradients/mul_126,2,119.808,59.904,119.808,59.904,0.0009956516943310408,0.7628984566991527,0.0,0.0
72,Device,FusedBatchNormV3,efficientnetb0/block2b_bn/FusedBatchNormV3,4,119.808,29.952,119.808,29.952,0.0009956516943310408,0.7638941083934837,0.0,0.0
73,Device,Mul,efficientnetb0/block2b_expand_activation/mul,2,119.808,59.904,119.808,59.904,0.0009956516943310408,0.7648897600878147,0.0,0.0
74,Device,Mul,SGD/gradients/mul_128,2,118.785,59.3925,118.785,59.3925,0.000987150161183833,0.7658769102489985,0.0,0.0
75,Device,Mul,efficientnetb0/block3a_expand_activation/mul,2,118.784,59.392,118.784,59.392,0.0009871418507897498,0.7668640520997883,0.0,0.0
76,Device,DepthwiseConv2dNativeBackpropFilter,gradient_tape/efficientnetb0/block1a_dwconv/depthwise/DepthwiseConv2dNativeBackpropFilter,2,118.784,59.392,118.784,59.392,0.0009871418507897498,0.767851193950578,0.0,0.0
77,Device,DepthwiseConv2dNative,efficientnetb0/block3a_dwconv/depthwise,2,115.712,57.856,115.712,57.856,0.0009616123201658769,0.7688128062707439,0.0,0.0
78,Device,DepthwiseConv2dNativeBackpropInput,gradient_tape/efficientnetb0/block6a_dwconv/depthwise/DepthwiseConv2dNativeBackpropInput,2,114.689,57.3445,114.689,57.3445,0.0009531107870186692,0.7697659170577625,0.0,0.0
79,Device,Pad,efficientnetb0/block3a_dwconv_pad/Pad,2,111.617,55.8085,111.617,55.8085,0.0009275812563947964,0.7706934983141573,0.0,0.0
80,Device,FusedBatchNormV3,efficientnetb0/block2b_expand_bn/FusedBatchNormV3,4,110.593,27.64825,110.593,27.64825,0.0009190714128535054,0.7716125697270109,0.0,0.0
81,Device,AddN,SGD/gradients/AddN_24,2,110.592,55.296,110.592,55.296,0.0009190631024594222,0.7725316328294702,0.0,0.0
82,Device,Mul,gradient_tape/efficientnetb0/block1a_se_excite/mul/Mul_1,2,110.592,55.296,110.592,55.296,0.0009190631024594222,0.7734506959319296,0.0,0.0
83,Device,Mul,SGD/gradients/mul_141,2,108.545,54.2725,108.545,54.2725,0.0009020517257709236,0.7743527476577006,0.0,0.0
84,Device,Mul,SGD/gradients/mul_145,2,108.545,54.2725,108.545,54.2725,0.0009020517257709236,0.7752547993834715,0.0,0.0
85,Device,Mul,SGD/gradients/mul_142,2,108.544,54.272,108.544,54.272,0.0009020434153768402,0.7761568427988483,0.0,0.0
86,Device,Mul,SGD/gradients/mul_144,2,108.544,54.272,108.544,54.272,0.0009020434153768402,0.7770588862142251,0.0,0.0
87,Device,FusedBatchNormV3,efficientnetb0/block3a_expand_bn/FusedBatchNormV3,4,107.521,26.88025,107.521,26.88025,0.0008935418822296325,0.7779524280964548,0.0,0.0
88,Device,Mul,SGD/gradients/mul_146,2,107.52,53.76,107.52,53.76,0.0008935335718355492,0.7788459616682903,0.0,0.0
89,Device,Mul,efficientnetb0/block1a_activation/mul,2,107.52,53.76,107.52,53.76,0.0008935335718355492,0.7797394952401259,0.0,0.0
90,Device,Conv2DBackpropInput,gradient_tape/efficientnetb0/block6b_se_expand/Conv2D/Conv2DBackpropInput,4,107.52,26.88,107.52,26.88,0.0008935335718355492,0.7806330288119614,0.0,0.0
91,Device,Conv2DBackpropInput,gradient_tape/efficientnetb0/block6d_se_expand/Conv2D/Conv2DBackpropInput,4,107.52,26.88,107.52,26.88,0.0008935335718355492,0.7815265623837969,0.0,0.0
92,Device,Conv2DBackpropInput,gradient_tape/efficientnetb0/block6c_se_expand/Conv2D/Conv2DBackpropInput,4,106.498,26.6245,106.498,26.6245,0.000885040349082425,0.7824116027328794,0.0,0.0
93,Device,Mul,SGD/gradients/mul_143,2,106.496,53.248,106.496,53.248,0.0008850237282942583,0.7832966264611736,0.0,0.0
94,Device,Mul,efficientnetb0/stem_activation/mul,2,106.496,53.248,106.496,53.248,0.0008850237282942583,0.7841816501894678,0.0,0.0
95,Device,Conv2DBackpropInput,gradient_tape/efficientnetb0/block7a_project_conv/Conv2D/Conv2DBackpropInput,2,104.448,52.224,104.448,52.224,0.0008680040412116763,0.7850496542306795,0.0,0.0
96,Device,Conv2DBackpropInput,gradient_tape/efficientnetb0/block7a_se_expand/Conv2D/Conv2DBackpropInput,4,104.448,26.112,104.448,26.112,0.0008680040412116763,0.7859176582718912,0.0,0.0
97,Device,Conv2DBackpropFilter,gradient_tape/efficientnetb0/block5b_project_conv/Conv2D/Conv2DBackpropFilter,4,101.377,25.34425,101.377,25.34425,0.0008424828209818868,0.7867601410928731,0.0,0.0
98,Device,Slice,gradient_tape/efficientnetb0/block3a_dwconv_pad/Slice_1,2,100.354,50.177,100.354,50.177,0.0008339812878346793,0.7875941223807077,0.0,0.0
99,Device,Conv2D,efficientnetb0/block6d_se_reduce/Conv2D,4,100.353,25.08825,100.353,25.08825,0.0008339729774405959,0.7884280953581483,0.0,0.0
100,Device,Conv2D,efficientnetb0/block6c_se_reduce/Conv2D,4,99.329,24.83225,99.329,24.83225,0.000825463133899305,0.7892535584920476,0.0,0.0
101,Device,DepthwiseConv2dNativeBackpropFilter,gradient_tape/efficientnetb0/block3b_dwconv/depthwise/DepthwiseConv2dNativeBackpropFilter,2,99.329,49.6645,99.329,49.6645,0.000825463133899305,0.7900790216259469,0.0,0.0
102,Device,Conv2DBackpropFilter,gradient_tape/efficientnetb0/block5c_project_conv/Conv2D/Conv2DBackpropFilter,4,99.328,24.832,99.328,24.832,0.0008254548235052218,0.7909044764494522,0.0,0.0
103,Device,Conv2DBackpropInput,gradient_tape/efficientnetb0/block5c_expand_conv/Conv2D/Conv2DBackpropInput,4,98.305,24.57625,98.305,24.57625,0.0008169532903580141,0.7917214297398102,0.0,0.0
104,Device,Conv2D,efficientnetb0/block6b_se_reduce/Conv2D,4,98.304,24.576,98.304,24.576,0.0008169449799639308,0.7925383747197742,0.0,0.0
105,Device,Conv2D,efficientnetb0/block7a_se_reduce/Conv2D,4,98.304,24.576,98.304,24.576,0.0008169449799639308,0.7933553196997382,0.0,0.0
106,Device,Conv2D,efficientnetb0/block6a_project_conv/Conv2D,4,96.256,24.064,96.256,24.064,0.0007999252928813489,0.7941552449926195,0.0,0.0
107,Device,Conv2DBackpropInput,gradient_tape/efficientnetb0/block5b_expand_conv/Conv2D/Conv2DBackpropInput,4,95.233,23.80825,95.233,23.80825,0.0007914237597341412,0.7949466687523536,0.0,0.0
108,Device,Conv2DBackpropInput,gradient_tape/efficientnetb0/block6a_expand_conv/Conv2D/Conv2DBackpropInput,4,95.232,23.808,95.232,23.808,0.000791415449340058,0.7957380842016937,0.0,0.0
109,Device,DepthwiseConv2dNativeBackpropFilter,gradient_tape/efficientnetb0/block6a_dwconv/depthwise/DepthwiseConv2dNativeBackpropFilter,2,93.184,46.592,93.184,46.592,0.000774395762257476,0.7965124799639511,0.0,0.0
110,Device,Conv2DBackpropFilter,gradient_tape/efficientnetb0/block7a_project_conv/Conv2D/Conv2DBackpropFilter,2,93.184,46.592,93.184,46.592,0.000774395762257476,0.7972868757262086,0.0,0.0
111,Device,Conv2D,efficientnetb0/top_conv/Conv2D,2,92.161,46.0805,92.161,46.0805,0.0007658942291102684,0.7980527699553188,0.0,0.0
112,Device,Conv2D,efficientnetb0/block2b_expand_conv/Conv2D,2,91.136,45.568,91.136,45.568,0.0007573760751748941,0.7988101460304937,0.0,0.0
113,Device,Conv2D,efficientnetb0/block3a_expand_conv/Conv2D,2,91.136,45.568,91.136,45.568,0.0007573760751748941,0.7995675221056686,0.0,0.0
114,Device,Conv2D,efficientnetb0/stem_conv/Conv2D,2,91.136,45.568,91.136,45.568,0.0007573760751748941,0.8003248981808435,0.0,0.0
115,Device,Conv2D,efficientnetb0/block5b_project_conv/Conv2D,2,90.112,45.056,90.112,45.056,0.0007488662316336032,0.8010737644124771,0.0,0.0
116,Device,DepthwiseConv2dNative,efficientnetb0/block2b_dwconv/depthwise,2,89.089,44.5445,89.089,44.5445,0.0007403646984863955,0.8018141291109635,0.0,0.0
117,Device,DepthwiseConv2dNativeBackpropInput,gradient_tape/efficientnetb0/block5b_dwconv/depthwise/DepthwiseConv2dNativeBackpropInput,2,87.04,43.52,87.04,43.52,0.0007233367010097304,0.8025374658119733,0.0,0.0
118,Device,Conv2DBackpropInput,gradient_tape/efficientnetb0/block2b_project_conv/Conv2D/Conv2DBackpropInput,2,86.016,43.008,86.016,43.008,0.0007148268574684395,0.8032522926694418,0.0,0.0
119,Device,DepthwiseConv2dNativeBackpropInput,gradient_tape/efficientnetb0/block5c_dwconv/depthwise/DepthwiseConv2dNativeBackpropInput,2,86.016,43.008,86.016,43.008,0.0007148268574684395,0.8039671195269102,0.0,0.0
120,Device,Transpose,SGD/gradients/AddN_21-1-TransposeNHWCToNCHW-LayoutOptimizer,2,84.992,42.496,84.992,42.496,0.0007063170139271485,0.8046734365408373,0.0,0.0
121,Device,Sigmoid,SGD/gradients/Sigmoid_42,2,84.992,42.496,84.992,42.496,0.0007063170139271485,0.8053797535547644,0.0,0.0
122,Device,Conv2DBackpropFilter,gradient_tape/efficientnetb0/block6b_expand_conv/Conv2D/Conv2DBackpropFilter,2,83.969,41.9845,83.969,41.9845,0.0006978154807799408,0.8060775690355444,0.0,0.0
123,Device,Sigmoid,SGD/gradients/Sigmoid_39,2,83.968,41.984,83.968,41.984,0.0006978071703858576,0.8067753762059302,0.0,0.0
124,Device,Sigmoid,efficientnetb0/block2b_activation/Sigmoid,2,83.968,41.984,83.968,41.984,0.0006978071703858576,0.807473183376316,0.0,0.0
125,Device,Transpose,efficientnetb0/block2b_activation/mul-0-3-TransposeNCHWToNHWC-LayoutOptimizer,2,83.968,41.984,83.968,41.984,0.0006978071703858576,0.8081709905467018,0.0,0.0
126,Device,Sigmoid,efficientnetb0/block2b_expand_activation/Sigmoid,2,83.968,41.984,83.968,41.984,0.0006978071703858576,0.8088687977170876,0.0,0.0
127,Device,Mul,gradient_tape/efficientnetb0/block2a_se_excite/mul/Mul_1,2,83.968,41.984,83.968,41.984,0.0006978071703858576,0.8095666048874735,0.0,0.0
128,Device,Mul,gradient_tape/efficientnetb0/block2b_se_excite/mul/Mul,2,83.968,41.984,83.968,41.984,0.0006978071703858576,0.8102644120578593,0.0,0.0
129,Device,Sigmoid,SGD/gradients/Sigmoid_41,2,82.944,41.472,82.944,41.472,0.0006892973268445666,0.8109537093847038,0.0,0.0
130,Device,Conv2DBackpropFilter,gradient_tape/efficientnetb0/block6c_expand_conv/Conv2D/Conv2DBackpropFilter,2,82.944,41.472,82.944,41.472,0.0006892973268445666,0.8116430067115483,0.0,0.0
131,Device,Conv2DBackpropFilter,gradient_tape/efficientnetb0/block7a_expand_conv/Conv2D/Conv2DBackpropFilter,2,82.944,41.472,82.944,41.472,0.0006892973268445666,0.8123323040383928,0.0,0.0
132,Device,Conv2DBackpropFilter,gradient_tape/efficientnetb0/top_conv/Conv2D/Conv2DBackpropFilter,2,81.922,40.961,81.922,40.961,0.0006808041040914422,0.8130131081424843,0.0,0.0
133,Device,Mul,SGD/gradients/mul_132,2,81.921,40.9605,81.921,40.9605,0.000680795793697359,0.8136939039361817,0.0,0.0
134,Device,Conv2DBackpropInput,gradient_tape/efficientnetb0/block1a_project_conv/Conv2D/Conv2DBackpropInput,2,81.921,40.9605,81.921,40.9605,0.000680795793697359,0.8143746997298791,0.0,0.0
135,Device,Conv2DBackpropFilter,gradient_tape/efficientnetb0/block3b_project_conv/Conv2D/Conv2DBackpropFilter,2,81.921,40.9605,81.921,40.9605,0.000680795793697359,0.8150554955235765,0.0,0.0
136,Device,AddN,SGD/gradients/AddN_23,2,81.92,40.96,81.92,40.96,0.0006807874833032756,0.8157362830068797,0.0,0.0
137,Device,AddV2,SGD/gradients/add_39,2,81.92,40.96,81.92,40.96,0.0006807874833032756,0.816417070490183,0.0,0.0
138,Device,Mul,SGD/gradients/mul_133,2,81.92,40.96,81.92,40.96,0.0006807874833032756,0.8170978579734862,0.0,0.0
139,Device,Sub,SGD/gradients/sub_39,2,81.92,40.96,81.92,40.96,0.0006807874833032756,0.8177786454567895,0.0,0.0
140,Device,Sigmoid,efficientnetb0/block3a_expand_activation/Sigmoid,2,81.92,40.96,81.92,40.96,0.0006807874833032756,0.8184594329400927,0.0,0.0
141,Device,Conv2DBackpropFilter,gradient_tape/efficientnetb0/block6d_expand_conv/Conv2D/Conv2DBackpropFilter,2,81.92,40.96,81.92,40.96,0.0006807874833032756,0.819140220423396,0.0,0.0
142,Device,AddV2,SGD/gradients/add_42,2,80.896,40.448,80.896,40.448,0.0006722776397619847,0.8198124980631579,0.0,0.0
143,Device,Mul,SGD/gradients/mul_134,2,80.896,40.448,80.896,40.448,0.0006722776397619847,0.8204847757029199,0.0,0.0
144,Device,Sub,SGD/gradients/sub_41,2,80.896,40.448,80.896,40.448,0.0006722776397619847,0.8211570533426819,0.0,0.0
145,Device,Sub,SGD/gradients/sub_42,2,80.896,40.448,80.896,40.448,0.0006722776397619847,0.8218293309824438,0.0,0.0
146,Device,FusedBatchNormV3,efficientnetb0/block1a_project_bn/FusedBatchNormV3,4,80.896,20.224,80.896,20.224,0.0006722776397619847,0.8225016086222058,0.0,0.0
147,Device,AddV2,SGD/gradients/add_41,2,79.872,39.936,79.872,39.936,0.0006637677962206938,0.8231653764184265,0.0,0.0
148,Device,Conv2D,efficientnetb0/block5c_project_conv/Conv2D,2,79.872,39.936,79.872,39.936,0.0006637677962206938,0.8238291442146471,0.0,0.0
149,Device,Mul,efficientnetb0/block2b_se_excite/mul,2,78.849,39.4245,78.849,39.4245,0.0006552662630734861,0.8244844104777206,0.0,0.0
150,Device,DepthwiseConv2dNative,efficientnetb0/block1a_dwconv/depthwise,2,78.848,39.424,78.848,39.424,0.0006552579526794028,0.8251396684304,0.0,0.0
151,Device,Conv2DBackpropInput,gradient_tape/efficientnetb0/block3a_expand_conv/Conv2D/Conv2DBackpropInput,2,78.848,39.424,78.848,39.424,0.0006552579526794028,0.8257949263830794,0.0,0.0
152,Device,Conv2DBackpropFilter,gradient_tape/efficientnetb0/block4c_expand_conv/Conv2D/Conv2DBackpropFilter,2,78.848,39.424,78.848,39.424,0.0006552579526794028,0.8264501843357588,0.0,0.0
153,Device,Mul,gradient_tape/efficientnetb0/block1a_se_excite/mul/Mul,2,77.824,38.912,77.824,38.912,0.0006467481091381118,0.8270969324448969,0.0,0.0
154,Device,Conv2DBackpropFilter,gradient_tape/efficientnetb0/block5a_expand_conv/Conv2D/Conv2DBackpropFilter,2,77.824,38.912,77.824,38.912,0.0006467481091381118,0.827743680554035,0.0,0.0
155,Device,Conv2DBackpropFilter,gradient_tape/efficientnetb0/block4b_expand_conv/Conv2D/Conv2DBackpropFilter,2,76.801,38.4005,76.801,38.4005,0.0006382465759909043,0.8283819271300259,0.0,0.0
156,Device,RealDiv,gradient_tape/efficientnetb0/block2b_se_squeeze/truediv,2,76.8,38.4,76.8,38.4,0.0006382382655968209,0.8290201653956227,0.0,0.0
157,Device,Conv2DBackpropInput,gradient_tape/efficientnetb0/block4b_expand_conv/Conv2D/Conv2DBackpropInput,4,76.8,19.2,76.8,19.2,0.0006382382655968209,0.8296584036612196,0.0,0.0
158,Device,Conv2DBackpropInput,gradient_tape/efficientnetb0/block4c_expand_conv/Conv2D/Conv2DBackpropInput,4,76.8,19.2,76.8,19.2,0.0006382382655968209,0.8302966419268164,0.0,0.0
159,Device,Mul,efficientnetb0/block2a_activation/mul,2,75.778,37.889,75.778,37.889,0.0006297450428436966,0.8309263869696601,0.0,0.0
160,Device,Conv2DBackpropInput,gradient_tape/efficientnetb0/block2b_expand_conv/Conv2D/Conv2DBackpropInput,2,75.777,37.8885,75.777,37.8885,0.0006297367324496133,0.8315561237021097,0.0,0.0
161,Device,Transpose,SGD/gradients/AddN_24-1-TransposeNHWCToNCHW-LayoutOptimizer,2,75.776,37.888,75.776,37.888,0.0006297284220555299,0.8321858521241653,0.0,0.0
162,Device,Sigmoid,SGD/gradients/Sigmoid_47,2,75.776,37.888,75.776,37.888,0.0006297284220555299,0.8328155805462208,0.0,0.0
163,Device,Sigmoid,efficientnetb0/stem_activation/Sigmoid,2,75.776,37.888,75.776,37.888,0.0006297284220555299,0.8334453089682764,0.0,0.0
164,Device,Conv2DBackpropInput,gradient_tape/efficientnetb0/block4a_expand_conv/Conv2D/Conv2DBackpropInput,2,75.776,37.888,75.776,37.888,0.0006297284220555299,0.834075037390332,0.0,0.0
165,Device,Conv2DBackpropInput,gradient_tape/efficientnetb0/block6b_project_conv/Conv2D/Conv2DBackpropInput,2,75.776,37.888,75.776,37.888,0.0006297284220555299,0.8347047658123875,0.0,0.0
166,Device,Conv2DBackpropInput,gradient_tape/efficientnetb0/block6c_project_conv/Conv2D/Conv2DBackpropInput,2,75.776,37.888,75.776,37.888,0.0006297284220555299,0.8353344942344431,0.0,0.0
167,Device,Sigmoid,efficientnetb0/block1a_activation/Sigmoid,2,74.754,37.377,74.754,37.377,0.0006212351993024057,0.8359557294337454,0.0,0.0
168,Device,Conv2DBackpropInput,gradient_tape/efficientnetb0/block3b_expand_conv/Conv2D/Conv2DBackpropInput,2,74.752,37.376,74.752,37.376,0.000621218578514239,0.8365769480122597,0.0,0.0
169,Device,Transpose,efficientnetb0/block1a_activation/mul-0-3-TransposeNCHWToNHWC-LayoutOptimizer,2,73.728,36.864,73.728,36.864,0.0006127087349729481,0.8371896567472327,0.0,0.0
170,Device,FusedBatchNormV3,efficientnetb0/block2a_bn/FusedBatchNormV3,4,73.728,18.432,73.728,18.432,0.0006127087349729481,0.8378023654822057,0.0,0.0
171,Device,Conv2DBackpropInput,gradient_tape/efficientnetb0/block5a_expand_conv/Conv2D/Conv2DBackpropInput,4,73.728,18.432,73.728,18.432,0.0006127087349729481,0.8384150742171786,0.0,0.0
172,Device,Conv2DBackpropInput,gradient_tape/efficientnetb0/block6d_project_conv/Conv2D/Conv2DBackpropInput,2,73.728,36.864,73.728,36.864,0.0006127087349729481,0.8390277829521516,0.0,0.0
173,Device,Conv2D,efficientnetb0/block4c_se_reduce/Conv2D,2,72.704,36.352,72.704,36.352,0.0006041988914316571,0.8396319818435833,0.0,0.0
174,Device,AddV2,SGD/gradients/add_47,2,71.681,35.8405,71.681,35.8405,0.0005956973582844495,0.8402276792018678,0.0,0.0
175,Device,AddV2,SGD/gradients/add_48,2,71.681,35.8405,71.681,35.8405,0.0005956973582844495,0.8408233765601523,0.0,0.0
176,Device,DepthwiseConv2dNative,efficientnetb0/block5b_dwconv/depthwise,2,71.681,35.8405,71.681,35.8405,0.0005956973582844495,0.8414190739184367,0.0,0.0
177,Device,Conv2DBackpropInput,gradient_tape/efficientnetb0/block5c_se_expand/Conv2D/Conv2DBackpropInput,4,71.681,17.92025,71.681,17.92025,0.0005956973582844495,0.8420147712767212,0.0,0.0
178,Device,Sub,SGD/gradients/sub_47,2,71.68,35.84,71.68,35.84,0.0005956890478903662,0.8426104603246115,0.0,0.0
179,Device,Sub,SGD/gradients/sub_48,2,71.68,35.84,71.68,35.84,0.0005956890478903662,0.8432061493725018,0.0,0.0
180,Device,Mul,efficientnetb0/block1a_se_excite/mul,2,71.68,35.84,71.68,35.84,0.0005956890478903662,0.8438018384203921,0.0,0.0
181,Device,Conv2D,efficientnetb0/block5a_se_reduce/Conv2D,2,71.68,35.84,71.68,35.84,0.0005956890478903662,0.8443975274682824,0.0,0.0
182,Device,DepthwiseConv2dNative,efficientnetb0/block5c_dwconv/depthwise,2,71.68,35.84,71.68,35.84,0.0005956890478903662,0.8449932165161728,0.0,0.0
183,Device,DepthwiseConv2dNativeBackpropInput,gradient_tape/efficientnetb0/block4a_dwconv/depthwise/DepthwiseConv2dNativeBackpropInput,2,71.68,35.84,71.68,35.84,0.0005956890478903662,0.8455889055640631,0.0,0.0
184,Device,Conv2DBackpropFilter,gradient_tape/efficientnetb0/block5a_project_conv/Conv2D/Conv2DBackpropFilter,4,71.68,17.92,71.68,17.92,0.0005956890478903662,0.8461845946119534,0.0,0.0
185,Device,Conv2D,efficientnetb0/block4b_project_conv/Conv2D,4,70.656,17.664,70.656,17.664,0.0005871792043490753,0.8467717738163024,0.0,0.0
186,Device,Conv2D,efficientnetb0/block4b_se_reduce/Conv2D,2,70.656,35.328,70.656,35.328,0.0005871792043490753,0.8473589530206515,0.0,0.0
187,Device,Conv2D,efficientnetb0/block4c_project_conv/Conv2D,4,70.656,17.664,70.656,17.664,0.0005871792043490753,0.8479461322250005,0.0,0.0
188,Device,DepthwiseConv2dNative,efficientnetb0/block6a_dwconv/depthwise,2,70.656,35.328,70.656,35.328,0.0005871792043490753,0.8485333114293495,0.0,0.0
189,Device,Conv2DBackpropFilter,gradient_tape/efficientnetb0/block4b_project_conv/Conv2D/Conv2DBackpropFilter,4,70.656,17.664,70.656,17.664,0.0005871792043490753,0.8491204906336985,0.0,0.0
190,Device,Conv2DBackpropFilter,gradient_tape/efficientnetb0/block4c_project_conv/Conv2D/Conv2DBackpropFilter,4,70.656,17.664,70.656,17.664,0.0005871792043490753,0.8497076698380476,0.0,0.0
191,Device,Conv2DBackpropInput,gradient_tape/efficientnetb0/block6a_se_expand/Conv2D/Conv2DBackpropInput,4,70.656,17.664,70.656,17.664,0.0005871792043490753,0.8502948490423966,0.0,0.0
192,Device,Conv2DBackpropInput,gradient_tape/efficientnetb0/block5b_se_expand/Conv2D/Conv2DBackpropInput,4,69.633,17.40825,69.633,17.40825,0.0005786776712018675,0.8508735267135985,0.0,0.0
193,Device,Conv2D,efficientnetb0/block5b_se_reduce/Conv2D,4,69.632,17.408,69.632,17.408,0.0005786693608077843,0.8514521960744063,0.0,0.0
194,Device,Conv2D,efficientnetb0/block5c_se_reduce/Conv2D,4,68.609,17.15225,68.609,17.15225,0.0005701678276605766,0.8520223639020669,0.0,0.0
195,Device,Conv2D,efficientnetb0/block6a_se_reduce/Conv2D,4,68.608,17.152,68.608,17.152,0.0005701595172664934,0.8525925234193333,0.0,0.0
196,Device,Pad,efficientnetb0/block6a_dwconv_pad/Pad,2,67.585,33.7925,67.585,33.7925,0.0005616579841192856,0.8531541814034527,0.0,0.0
197,Device,RealDiv,gradient_tape/efficientnetb0/block1a_se_squeeze/truediv,2,67.584,33.792,67.584,33.792,0.0005616496737252025,0.8537158310771779,0.0,0.0
198,Device,Conv2DBackpropInput,gradient_tape/efficientnetb0/block2a_project_conv/Conv2D/Conv2DBackpropInput,2,67.584,33.792,67.584,33.792,0.0005616496737252025,0.854277480750903,0.0,0.0
199,Device,Conv2DBackpropInput,gradient_tape/efficientnetb0/block5c_project_conv/Conv2D/Conv2DBackpropInput,2,67.584,33.792,67.584,33.792,0.0005616496737252025,0.8548391304246282,0.0,0.0
200,Device,Conv2DBackpropInput,gradient_tape/efficientnetb0/block5b_project_conv/Conv2D/Conv2DBackpropInput,2,65.537,32.7685,65.537,32.7685,0.0005446382970367039,0.8553837687216649,0.0,0.0
201,Device,Conv2D,efficientnetb0/block6b_expand_conv/Conv2D,2,64.512,32.256,64.512,32.256,0.0005361201431013296,0.8559198888647662,0.0,0.0
202,Device,Conv2DBackpropFilter,gradient_tape/efficientnetb0/block3b_expand_conv/Conv2D/Conv2DBackpropFilter,2,63.489,31.7445,63.489,31.7445,0.0005276186099541219,0.8564475074747203,0.0,0.0
203,Device,Conv2DBackpropFilter,gradient_tape/efficientnetb0/block4a_expand_conv/Conv2D/Conv2DBackpropFilter,2,63.489,31.7445,63.489,31.7445,0.0005276186099541219,0.8569751260846744,0.0,0.0
204,Device,Conv2D,efficientnetb0/block7a_expand_conv/Conv2D,2,63.488,31.744,63.488,31.744,0.0005276102995600386,0.8575027363842345,0.0,0.0
205,Device,DepthwiseConv2dNativeBackpropInput,gradient_tape/efficientnetb0/block5a_dwconv/depthwise/DepthwiseConv2dNativeBackpropInput,2,63.488,31.744,63.488,31.744,0.0005276102995600386,0.8580303466837945,0.0,0.0
206,Device,Sigmoid,SGD/gradients/Sigmoid_48,2,62.464,31.232,62.464,31.232,0.0005191004560187477,0.8585494471398133,0.0,0.0
207,Device,Conv2D,efficientnetb0/block2b_project_conv/Conv2D,2,62.464,31.232,62.464,31.232,0.0005191004560187477,0.8590685475958321,0.0,0.0
208,Device,Conv2D,efficientnetb0/block6c_expand_conv/Conv2D,2,62.464,31.232,62.464,31.232,0.0005191004560187477,0.8595876480518508,0.0,0.0
209,Device,Conv2D,efficientnetb0/block6d_expand_conv/Conv2D,2,61.441,30.7205,61.441,30.7205,0.0005105989228715401,0.8600982469747224,0.0,0.0
210,Device,Conv2D,efficientnetb0/block1a_project_conv/Conv2D,2,61.44,30.72,61.44,30.72,0.0005105906124774567,0.8606088375871999,0.0,0.0
211,Device,Conv2DBackpropFilter,gradient_tape/efficientnetb0/block3a_project_conv/Conv2D/Conv2DBackpropFilter,2,60.417,30.2085,60.417,30.2085,0.0005020890793302491,0.8611109266665301,0.0,0.0
212,Device,Conv2DBackpropInput,gradient_tape/efficientnetb0/block4b_se_expand/Conv2D/Conv2DBackpropInput,4,60.417,15.10425,60.417,15.10425,0.0005020890793302491,0.8616130157458604,0.0,0.0
213,Device,Conv2D,efficientnetb0/block5a_project_conv/Conv2D,2,60.416,30.208,60.416,30.208,0.0005020807689361657,0.8621150965147966,0.0,0.0
214,Device,Conv2D,efficientnetb0/block5c_expand_conv/Conv2D,2,60.416,30.208,60.416,30.208,0.0005020807689361657,0.8626171772837328,0.0,0.0
215,Device,Conv2D,efficientnetb0/block6a_expand_conv/Conv2D,2,60.416,30.208,60.416,30.208,0.0005020807689361657,0.863119258052669,0.0,0.0
216,Device,Conv2DBackpropFilter,gradient_tape/efficientnetb0/block4a_project_conv/Conv2D/Conv2DBackpropFilter,4,60.416,15.104,60.416,15.104,0.0005020807689361657,0.8636213388216052,0.0,0.0
217,Device,Conv2DBackpropInput,gradient_tape/efficientnetb0/block4c_se_expand/Conv2D/Conv2DBackpropInput,4,60.416,15.104,60.416,15.104,0.0005020807689361657,0.8641234195905414,0.0,0.0
218,Device,Conv2DBackpropInput,gradient_tape/efficientnetb0/block5a_se_expand/Conv2D/Conv2DBackpropInput,4,60.416,15.104,60.416,15.104,0.0005020807689361657,0.8646255003594776,0.0,0.0
219,Device,Conv2D,efficientnetb0/block5b_expand_conv/Conv2D,2,58.368,29.184,58.368,29.184,0.0004850610818535839,0.8651105614413311,0.0,0.0
220,Device,Conv2D,efficientnetb0/block4a_project_conv/Conv2D,4,57.344,14.336,57.344,14.336,0.00047655123831229294,0.8655871126796434,0.0,0.0
221,Device,Conv2DBackpropFilter,gradient_tape/efficientnetb0/block6d_project_conv/Conv2D/Conv2DBackpropFilter,2,57.344,28.672,57.344,28.672,0.00047655123831229294,0.8660636639179556,0.0,0.0
222,Device,Sigmoid,SGD/gradients/Sigmoid_44,2,56.32,28.16,56.32,28.16,0.000468041394771002,0.8665317053127266,0.0,0.0
223,Device,Conv2DBackpropInput,gradient_tape/efficientnetb0/block5a_project_conv/Conv2D/Conv2DBackpropInput,2,56.32,28.16,56.32,28.16,0.000468041394771002,0.8669997467074976,0.0,0.0
224,Device,Conv2DBackpropInput,gradient_tape/efficientnetb0/block6a_project_conv/Conv2D/Conv2DBackpropInput,2,56.32,28.16,56.32,28.16,0.000468041394771002,0.8674677881022685,0.0,0.0
225,Device,Conv2DBackpropFilter,gradient_tape/efficientnetb0/block6b_project_conv/Conv2D/Conv2DBackpropFilter,2,56.32,28.16,56.32,28.16,0.000468041394771002,0.8679358294970395,0.0,0.0
226,Device,Conv2DBackpropFilter,gradient_tape/efficientnetb0/block6c_project_conv/Conv2D/Conv2DBackpropFilter,2,56.32,28.16,56.32,28.16,0.000468041394771002,0.8684038708918105,0.0,0.0
227,Device,DepthwiseConv2dNative,efficientnetb0/block3b_dwconv/depthwise,2,55.296,27.648,55.296,27.648,0.0004595315512297111,0.8688634024430402,0.0,0.0
228,Device,Conv2DBackpropInput,gradient_tape/efficientnetb0/block3b_se_expand/Conv2D/Conv2DBackpropInput,4,55.296,13.824,55.296,13.824,0.0004595315512297111,0.8693229339942699,0.0,0.0
229,Device,Sub,SGD/gradients/sub_44,2,54.272,27.136,54.272,27.136,0.0004510217076884201,0.8697739557019583,0.0,0.0
230,Device,Sigmoid,efficientnetb0/block2a_activation/Sigmoid,2,54.272,27.136,54.272,27.136,0.0004510217076884201,0.8702249774096467,0.0,0.0
231,Device,Mean,efficientnetb0/block2b_se_squeeze/Mean,2,54.272,27.136,54.272,27.136,0.0004510217076884201,0.8706759991173351,0.0,0.0
232,Device,Mul,gradient_tape/efficientnetb0/block2a_se_excite/mul/Mul,2,54.272,27.136,54.272,27.136,0.0004510217076884201,0.8711270208250235,0.0,0.0
233,Device,Mul,efficientnetb0/block2a_se_excite/mul,2,53.248,26.624,53.248,26.624,0.00044251186414712916,0.8715695326891706,0.0,0.0
234,Device,Mul,gradient_tape/efficientnetb0/block3b_se_excite/mul/Mul_1,2,53.248,26.624,53.248,26.624,0.00044251186414712916,0.8720120445533177,0.0,0.0
235,Device,Conv2DBackpropFilter,gradient_tape/efficientnetb0/block6a_project_conv/Conv2D/Conv2DBackpropFilter,2,53.248,26.624,53.248,26.624,0.00044251186414712916,0.8724545564174648,0.0,0.0
236,Device,Conv2DBackpropInput,gradient_tape/efficientnetb0/block4a_se_expand/Conv2D/Conv2DBackpropInput,4,52.225,13.05625,52.225,13.05625,0.0004340103309999215,0.8728885667484647,0.0,0.0
237,Device,Transpose,SGD/gradients/AddN_23-1-TransposeNHWCToNCHW-LayoutOptimizer,2,52.224,26.112,52.224,26.112,0.00043400202060583817,0.8733225687690706,0.0,0.0
238,Device,Transpose,efficientnetb0/block2a_activation/mul-0-3-TransposeNCHWToNHWC-LayoutOptimizer,2,52.224,26.112,52.224,26.112,0.00043400202060583817,0.8737565707896764,0.0,0.0
239,Device,Conv2D,efficientnetb0/block3b_project_conv/Conv2D,2,52.224,26.112,52.224,26.112,0.00043400202060583817,0.8741905728102822,0.0,0.0
240,Device,AddV2,SGD/gradients/add_44,2,50.177,25.0885,50.177,25.0885,0.00041699064391733965,0.8746075634541995,0.0,0.0
241,Device,DepthwiseConv2dNative,efficientnetb0/block5a_dwconv/depthwise,2,50.176,25.088,50.176,25.088,0.00041698233352325636,0.8750245457877228,0.0,0.0
242,Device,Mean,efficientnetb0/block1a_se_squeeze/Mean,2,49.152,24.576,49.152,24.576,0.0004084724899819654,0.8754330182777048,0.0,0.0
243,Device,FusedBatchNormGradV3,gradient_tape/efficientnetb0/block3b_bn/FusedBatchNormGradV3,2,49.152,24.576,49.152,24.576,0.0004084724899819654,0.8758414907676868,0.0,0.0
244,Device,FusedBatchNormGradV3,gradient_tape/efficientnetb0/block3b_expand_bn/FusedBatchNormGradV3,2,49.152,24.576,49.152,24.576,0.0004084724899819654,0.8762499632576688,0.0,0.0
245,Device,Conv2DBackpropInput,gradient_tape/efficientnetb0/block4b_project_conv/Conv2D/Conv2DBackpropInput,2,49.152,24.576,49.152,24.576,0.0004084724899819654,0.8766584357476508,0.0,0.0
246,Device,Sum,gradient_tape/efficientnetb0/block2b_se_excite/mul/Sum_1,2,48.129,24.0645,48.129,24.0645,0.00039997095683475773,0.8770584067044855,0.0,0.0
247,Device,FusedBatchNormGradV3,gradient_tape/efficientnetb0/block4a_expand_bn/FusedBatchNormGradV3,2,48.128,24.064,48.128,24.064,0.00039996264644067444,0.8774583693509262,0.0,0.0
248,Device,Conv2D,efficientnetb0/block2a_project_conv/Conv2D,2,47.104,23.552,47.104,23.552,0.0003914528028993835,0.8778498221538257,0.0,0.0
249,Device,Conv2DBackpropInput,gradient_tape/efficientnetb0/block4c_project_conv/Conv2D/Conv2DBackpropInput,2,47.104,23.552,47.104,23.552,0.0003914528028993835,0.8782412749567251,0.0,0.0
250,Device,Conv2D,efficientnetb0/block4a_expand_conv/Conv2D,2,46.08,23.04,46.08,23.04,0.0003829429593580925,0.8786242179160832,0.0,0.0
251,Device,Conv2D,efficientnetb0/block4b_expand_conv/Conv2D,2,46.08,23.04,46.08,23.04,0.0003829429593580925,0.8790071608754414,0.0,0.0
252,Device,Conv2D,efficientnetb0/block3b_se_reduce/Conv2D,2,45.056,22.528,45.056,22.528,0.0003744331158168016,0.8793815939912581,0.0,0.0
253,Device,Pad,efficientnetb0/block4a_dwconv_pad/Pad,2,45.056,22.528,45.056,22.528,0.0003744331158168016,0.8797560271070749,0.0,0.0
254,Device,Conv2D,efficientnetb0/block4c_expand_conv/Conv2D,2,45.056,22.528,45.056,22.528,0.0003744331158168016,0.8801304602228917,0.0,0.0
255,Device,Conv2D,efficientnetb0/block5a_expand_conv/Conv2D,2,45.056,22.528,45.056,22.528,0.0003744331158168016,0.8805048933387084,0.0,0.0
256,Device,Conv2D,efficientnetb0/block3b_expand_conv/Conv2D,2,44.033,22.0165,44.033,22.0165,0.00036593158266959395,0.880870824921378,0.0,0.0
257,Device,Conv2D,efficientnetb0/block4a_se_reduce/Conv2D,2,44.033,22.0165,44.033,22.0165,0.00036593158266959395,0.8812367565040476,0.0,0.0
258,Device,Conv2DBackpropInput,gradient_tape/efficientnetb0/block3a_project_conv/Conv2D/Conv2DBackpropInput,2,44.033,22.0165,44.033,22.0165,0.00036593158266959395,0.8816026880867173,0.0,0.0
259,Device,Mul,SGD/gradients/mul_107,2,44.032,22.016,44.032,22.016,0.0003659232722755106,0.8819686113589927,0.0,0.0
260,Device,Conv2DBackpropInput,gradient_tape/efficientnetb0/block3b_project_conv/Conv2D/Conv2DBackpropInput,2,44.032,22.016,44.032,22.016,0.0003659232722755106,0.8823345346312682,0.0,0.0
261,Device,Sum,gradient_tape/efficientnetb0/block1a_se_excite/mul/Sum_1,2,43.008,21.504,43.008,21.504,0.00035741342873421973,0.8826919480600024,0.0,0.0
262,Device,Conv2DBackpropInput,gradient_tape/efficientnetb0/block4a_project_conv/Conv2D/Conv2DBackpropInput,2,40.96,20.48,40.96,20.48,0.0003403937416516378,0.883032341801654,0.0,0.0
263,Device,Sigmoid,SGD/gradients/Sigmoid_36,2,39.936,19.968,39.936,19.968,0.0003318838981103469,0.8833642256997644,0.0,0.0
264,Device,FusedBatchNormGradV3,gradient_tape/efficientnetb0/block5b_bn/FusedBatchNormGradV3,2,39.936,19.968,39.936,19.968,0.0003318838981103469,0.8836961095978747,0.0,0.0
265,Device,Transpose,gradient_tape/efficientnetb0/stem_conv/Conv2D/Conv2DBackpropFilter-0-TransposeNHWCToNCHW-LayoutOptimizer,2,38.914,19.457,38.914,19.457,0.0003233906753572225,0.884019500273232,0.0,0.0
266,Device,Sigmoid,SGD/gradients/Sigmoid_33,2,38.912,19.456,38.912,19.456,0.0003233740545690559,0.884342874327801,0.0,0.0
267,Device,Mean,efficientnetb0/block2a_se_squeeze/Mean,2,38.912,19.456,38.912,19.456,0.0003233740545690559,0.8846662483823701,0.0,0.0
268,Device,FusedBatchNormV3,efficientnetb0/top_bn/FusedBatchNormV3,4,38.912,9.728,38.912,9.728,0.0003233740545690559,0.8849896224369391,0.0,0.0
269,Device,BroadcastTo,gradient_tape/efficientnetb0/block2b_se_squeeze/BroadcastTo,2,38.912,19.456,38.912,19.456,0.0003233740545690559,0.8853129964915082,0.0,0.0
270,Device,FusedBatchNormGradV3,gradient_tape/efficientnetb0/block5c_bn/FusedBatchNormGradV3,2,38.912,19.456,38.912,19.456,0.0003233740545690559,0.8856363705460772,0.0,0.0
271,Device,FusedBatchNormGradV3,gradient_tape/efficientnetb0/top_bn/FusedBatchNormGradV3,2,38.912,19.456,38.912,19.456,0.0003233740545690559,0.8859597446006463,0.0,0.0
272,Device,AddN,SGD/gradients/AddN_18,2,37.888,18.944,37.888,18.944,0.00031486421102776496,0.8862746088116741,0.0,0.0
273,Device,Sigmoid,SGD/gradients/Sigmoid_35,2,37.888,18.944,37.888,18.944,0.00031486421102776496,0.8865894730227019,0.0,0.0
274,Device,Mul,SGD/gradients/mul_101,2,37.888,18.944,37.888,18.944,0.00031486421102776496,0.8869043372337296,0.0,0.0
275,Device,Mul,SGD/gradients/mul_105,2,37.888,18.944,37.888,18.944,0.00031486421102776496,0.8872192014447574,0.0,0.0
276,Device,Mul,SGD/gradients/mul_110,2,37.888,18.944,37.888,18.944,0.00031486421102776496,0.8875340656557852,0.0,0.0
277,Device,FusedBatchNormV3,efficientnetb0/block6c_bn/FusedBatchNormV3,4,37.888,9.472,37.888,9.472,0.00031486421102776496,0.887848929866813,0.0,0.0
278,Device,FusedBatchNormGradV3,gradient_tape/efficientnetb0/block5b_expand_bn/FusedBatchNormGradV3,2,37.888,18.944,37.888,18.944,0.00031486421102776496,0.8881637940778407,0.0,0.0
279,Device,Slice,gradient_tape/efficientnetb0/block6a_dwconv_pad/Slice_1,2,37.888,18.944,37.888,18.944,0.00031486421102776496,0.8884786582888685,0.0,0.0
280,Device,Conv2DBackpropInput,gradient_tape/efficientnetb0/block2a_se_expand/Conv2D/Conv2DBackpropInput,4,36.865,9.21625,36.865,9.21625,0.00030636267788055737,0.888785020966749,0.0,0.0
281,Device,DepthwiseConv2dNativeBackpropFilter,gradient_tape/efficientnetb0/block6c_dwconv/depthwise/DepthwiseConv2dNativeBackpropFilter,2,36.865,18.4325,36.865,18.4325,0.00030636267788055737,0.8890913836446296,0.0,0.0
282,Device,Mul,SGD/gradients/mul_106,2,36.864,18.432,36.864,18.432,0.00030635436748647403,0.8893977380121161,0.0,0.0
283,Device,Mul,efficientnetb0/block3b_activation/mul,2,36.864,18.432,36.864,18.432,0.00030635436748647403,0.8897040923796026,0.0,0.0
284,Device,FusedBatchNormV3,efficientnetb0/block6b_bn/FusedBatchNormV3,4,36.864,9.216,36.864,9.216,0.00030635436748647403,0.8900104467470891,0.0,0.0
285,Device,FusedBatchNormV3,efficientnetb0/block6b_expand_bn/FusedBatchNormV3,4,36.864,9.216,36.864,9.216,0.00030635436748647403,0.8903168011145756,0.0,0.0
286,Device,FusedBatchNormV3,efficientnetb0/block6c_expand_bn/FusedBatchNormV3,4,36.864,9.216,36.864,9.216,0.00030635436748647403,0.8906231554820621,0.0,0.0
287,Device,FusedBatchNormV3,efficientnetb0/block6d_bn/FusedBatchNormV3,4,36.864,9.216,36.864,9.216,0.00030635436748647403,0.8909295098495486,0.0,0.0
288,Device,FusedBatchNormV3,efficientnetb0/block6d_expand_bn/FusedBatchNormV3,4,36.864,9.216,36.864,9.216,0.00030635436748647403,0.891235864217035,0.0,0.0
289,Device,FusedBatchNormV3,efficientnetb0/block7a_bn/FusedBatchNormV3,4,36.864,9.216,36.864,9.216,0.00030635436748647403,0.8915422185845215,0.0,0.0
290,Device,FusedBatchNormV3,efficientnetb0/block7a_expand_bn/FusedBatchNormV3,4,36.864,9.216,36.864,9.216,0.00030635436748647403,0.891848572952008,0.0,0.0
291,Device,DepthwiseConv2dNativeBackpropInput,gradient_tape/efficientnetb0/block4b_dwconv/depthwise/DepthwiseConv2dNativeBackpropInput,2,36.864,18.432,36.864,18.432,0.00030635436748647403,0.8921549273194945,0.0,0.0
292,Device,DepthwiseConv2dNativeBackpropInput,gradient_tape/efficientnetb0/block4c_dwconv/depthwise/DepthwiseConv2dNativeBackpropInput,2,36.864,18.432,36.864,18.432,0.00030635436748647403,0.892461281686981,0.0,0.0
293,Device,FusedBatchNormGradV3,gradient_tape/efficientnetb0/block5c_expand_bn/FusedBatchNormGradV3,2,36.864,18.432,36.864,18.432,0.00030635436748647403,0.8927676360544675,0.0,0.0
294,Device,FusedBatchNormGradV3,gradient_tape/efficientnetb0/block6a_expand_bn/FusedBatchNormGradV3,2,36.864,18.432,36.864,18.432,0.00030635436748647403,0.893073990421954,0.0,0.0
295,Device,DepthwiseConv2dNativeBackpropFilter,gradient_tape/efficientnetb0/block6b_dwconv/depthwise/DepthwiseConv2dNativeBackpropFilter,2,36.864,18.432,36.864,18.432,0.00030635436748647403,0.8933803447894405,0.0,0.0
296,Device,DepthwiseConv2dNativeBackpropFilter,gradient_tape/efficientnetb0/block6d_dwconv/depthwise/DepthwiseConv2dNativeBackpropFilter,2,36.864,18.432,36.864,18.432,0.00030635436748647403,0.893686699156927,0.0,0.0
297,Device,BiasAddGrad,gradient_tape/efficientnetb0/block6d_se_expand/BiasAdd/BiasAddGrad,2,36.864,18.432,36.864,18.432,0.00030635436748647403,0.8939930535244135,0.0,0.0
298,Device,Mul,SGD/gradients/mul_100,2,35.84,17.92,35.84,17.92,0.0002978445239451831,0.8942908980483587,0.0,0.0
299,Device,Mul,SGD/gradients/mul_108,2,35.84,17.92,35.84,17.92,0.0002978445239451831,0.8945887425723039,0.0,0.0
300,Device,Mul,SGD/gradients/mul_99,2,35.84,17.92,35.84,17.92,0.0002978445239451831,0.8948865870962491,0.0,0.0
301,Device,Mean,efficientnetb0/avg_pool/Mean,2,35.84,17.92,35.84,17.92,0.0002978445239451831,0.8951844316201943,0.0,0.0
302,Device,Mul,efficientnetb0/block4a_expand_activation/mul,2,35.84,17.92,35.84,17.92,0.0002978445239451831,0.8954822761441396,0.0,0.0
303,Device,Pad,efficientnetb0/stem_conv_pad/Pad,2,35.84,17.92,35.84,17.92,0.0002978445239451831,0.8957801206680848,0.0,0.0
304,Device,FusedBatchNormGradV3,gradient_tape/efficientnetb0/block6b_bn/FusedBatchNormGradV3,2,35.84,17.92,35.84,17.92,0.0002978445239451831,0.89607796519203,0.0,0.0
305,Device,BiasAddGrad,gradient_tape/efficientnetb0/block6b_se_expand/BiasAdd/BiasAddGrad,2,35.84,17.92,35.84,17.92,0.0002978445239451831,0.8963758097159752,0.0,0.0
306,Device,BiasAddGrad,gradient_tape/efficientnetb0/block7a_se_expand/BiasAdd/BiasAddGrad,2,35.84,17.92,35.84,17.92,0.0002978445239451831,0.8966736542399204,0.0,0.0
307,Device,FusedBatchNormGradV3,gradient_tape/efficientnetb0/block6d_bn/FusedBatchNormGradV3,2,34.817,17.4085,34.817,17.4085,0.00028934299079797545,0.8969629972307184,0.0,0.0
308,Device,Mul,SGD/gradients/mul_109,2,34.816,17.408,34.816,17.408,0.00028933468040389217,0.8972523319111223,0.0,0.0
309,Device,Conv2D,efficientnetb0/block3a_project_conv/Conv2D,2,34.816,17.408,34.816,17.408,0.00028933468040389217,0.8975416665915262,0.0,0.0
310,Device,Mul,efficientnetb0/block3b_expand_activation/mul,2,34.816,17.408,34.816,17.408,0.00028933468040389217,0.8978310012719302,0.0,0.0
311,Device,Mul,efficientnetb0/block3b_se_excite/mul,2,34.816,17.408,34.816,17.408,0.00028933468040389217,0.8981203359523341,0.0,0.0
312,Device,FusedBatchNormGradV3,gradient_tape/efficientnetb0/block2a_project_bn/FusedBatchNormGradV3,2,34.816,17.408,34.816,17.408,0.00028933468040389217,0.898409670632738,0.0,0.0
313,Device,FusedBatchNormGradV3,gradient_tape/efficientnetb0/block2b_project_bn/FusedBatchNormGradV3,2,34.816,17.408,34.816,17.408,0.00028933468040389217,0.898699005313142,0.0,0.0
314,Device,Slice,gradient_tape/efficientnetb0/block4a_dwconv_pad/Slice_1,2,34.816,17.408,34.816,17.408,0.00028933468040389217,0.8989883399935459,0.0,0.0
315,Device,FusedBatchNormGradV3,gradient_tape/efficientnetb0/block6c_bn/FusedBatchNormGradV3,2,34.816,17.408,34.816,17.408,0.00028933468040389217,0.8992776746739498,0.0,0.0
316,Device,FusedBatchNormGradV3,gradient_tape/efficientnetb0/block6c_expand_bn/FusedBatchNormGradV3,2,34.816,17.408,34.816,17.408,0.00028933468040389217,0.8995670093543537,0.0,0.0
317,Device,BiasAddGrad,gradient_tape/efficientnetb0/block6c_se_expand/BiasAdd/BiasAddGrad,2,34.816,17.408,34.816,17.408,0.00028933468040389217,0.8998563440347577,0.0,0.0
318,Device,FusedBatchNormGradV3,gradient_tape/efficientnetb0/block7a_bn/FusedBatchNormGradV3,2,34.816,17.408,34.816,17.408,0.00028933468040389217,0.9001456787151616,0.0,0.0
319,Device,Conv2DBackpropInput,gradient_tape/efficientnetb0/block2b_se_expand/Conv2D/Conv2DBackpropInput,2,33.792,16.896,33.792,16.896,0.00028082483686260124,0.9004265035520242,0.0,0.0
320,Device,Conv2DBackpropInput,gradient_tape/efficientnetb0/block3a_se_expand/Conv2D/Conv2DBackpropInput,2,33.792,16.896,33.792,16.896,0.00028082483686260124,0.9007073283888869,0.0,0.0
321,Device,Mul,gradient_tape/efficientnetb0/block5c_se_excite/mul/Mul_1,2,33.792,16.896,33.792,16.896,0.00028082483686260124,0.9009881532257495,0.0,0.0
322,Device,FusedBatchNormGradV3,gradient_tape/efficientnetb0/block6b_expand_bn/FusedBatchNormGradV3,2,33.792,16.896,33.792,16.896,0.00028082483686260124,0.9012689780626122,0.0,0.0
323,Device,FusedBatchNormGradV3,gradient_tape/efficientnetb0/block6d_expand_bn/FusedBatchNormGradV3,2,33.792,16.896,33.792,16.896,0.00028082483686260124,0.9015498028994748,0.0,0.0
324,Device,FusedBatchNormGradV3,gradient_tape/efficientnetb0/block7a_expand_bn/FusedBatchNormGradV3,2,33.792,16.896,33.792,16.896,0.00028082483686260124,0.9018306277363375,0.0,0.0
325,Device,BroadcastTo,gradient_tape/efficientnetb0/block1a_se_squeeze/BroadcastTo,2,32.769,16.3845,32.769,16.3845,0.00027232330371539353,0.9021029510400529,0.0,0.0
326,Device,Mul,gradient_tape/efficientnetb0/block5b_se_excite/mul/Mul_1,2,32.769,16.3845,32.769,16.3845,0.00027232330371539353,0.9023752743437683,0.0,0.0
327,Device,FusedBatchNormV3,efficientnetb0/block5b_bn/FusedBatchNormV3,4,32.768,8.192,32.768,8.192,0.00027231499332131025,0.9026475893370897,0.0,0.0
328,Device,FusedBatchNormV3,efficientnetb0/block5c_bn/FusedBatchNormV3,4,32.768,8.192,32.768,8.192,0.00027231499332131025,0.902919904330411,0.0,0.0
329,Device,Mean,efficientnetb0/block6b_se_squeeze/Mean,2,32.768,16.384,32.768,16.384,0.00027231499332131025,0.9031922193237324,0.0,0.0
330,Device,Mean,efficientnetb0/block6c_se_squeeze/Mean,2,32.768,16.384,32.768,16.384,0.00027231499332131025,0.9034645343170538,0.0,0.0
331,Device,Mean,efficientnetb0/block6d_se_squeeze/Mean,2,32.768,16.384,32.768,16.384,0.00027231499332131025,0.9037368493103751,0.0,0.0
332,Device,Mean,efficientnetb0/block7a_se_squeeze/Mean,2,32.768,16.384,32.768,16.384,0.00027231499332131025,0.9040091643036965,0.0,0.0
333,Device,RealDiv,gradient_tape/efficientnetb0/block2a_se_squeeze/truediv,2,32.768,16.384,32.768,16.384,0.00027231499332131025,0.9042814792970179,0.0,0.0
334,Device,Mul,gradient_tape/efficientnetb0/block3b_se_excite/mul/Mul,2,32.768,16.384,32.768,16.384,0.00027231499332131025,0.9045537942903392,0.0,0.0
335,Device,Sum,gradient_tape/efficientnetb0/block6c_se_excite/mul/Sum_1,2,31.745,15.8725,31.745,15.8725,0.0002638134601741026,0.9048176077505133,0.0,0.0
336,Device,DepthwiseConv2dNative,efficientnetb0/block6d_dwconv/depthwise,2,31.744,15.872,31.744,15.872,0.0002638051497800193,0.9050814129002933,0.0,0.0
337,Device,Sum,gradient_tape/efficientnetb0/block6b_se_excite/mul/Sum_1,2,31.744,15.872,31.744,15.872,0.0002638051497800193,0.9053452180500733,0.0,0.0
338,Device,Sum,gradient_tape/efficientnetb0/block6d_se_excite/mul/Sum_1,2,31.744,15.872,31.744,15.872,0.0002638051497800193,0.9056090231998533,0.0,0.0
339,Device,Conv2DBackpropInput,gradient_tape/efficientnetb0/block7a_se_reduce/Conv2D/Conv2DBackpropInput,2,31.744,15.872,31.744,15.872,0.0002638051497800193,0.9058728283496332,0.0,0.0
340,Device,FusedBatchNormV3,efficientnetb0/block3b_bn/FusedBatchNormV3,4,30.72,7.68,30.72,7.68,0.00025529530623872833,0.9061281236558719,0.0,0.0
341,Device,DepthwiseConv2dNative,efficientnetb0/block4a_dwconv/depthwise,2,30.72,15.36,30.72,15.36,0.00025529530623872833,0.9063834189621106,0.0,0.0
342,Device,FusedBatchNormV3,efficientnetb0/block5b_expand_bn/FusedBatchNormV3,4,30.72,7.68,30.72,7.68,0.00025529530623872833,0.9066387142683493,0.0,0.0
343,Device,FusedBatchNormV3,efficientnetb0/block6a_expand_bn/FusedBatchNormV3,4,30.72,7.68,30.72,7.68,0.00025529530623872833,0.906894009574588,0.0,0.0
344,Device,DepthwiseConv2dNative,efficientnetb0/block6b_dwconv/depthwise,2,30.72,15.36,30.72,15.36,0.00025529530623872833,0.9071493048808267,0.0,0.0
345,Device,DepthwiseConv2dNative,efficientnetb0/block6c_dwconv/depthwise,2,30.72,15.36,30.72,15.36,0.00025529530623872833,0.9074046001870654,0.0,0.0
346,Device,Conv2DBackpropInput,gradient_tape/efficientnetb0/block5c_se_reduce/Conv2D/Conv2DBackpropInput,2,30.72,15.36,30.72,15.36,0.00025529530623872833,0.9076598954933041,0.0,0.0
347,Device,Conv2DBackpropInput,gradient_tape/efficientnetb0/block6b_se_reduce/Conv2D/Conv2DBackpropInput,2,30.72,15.36,30.72,15.36,0.00025529530623872833,0.9079151907995427,0.0,0.0
348,Device,Conv2DBackpropInput,gradient_tape/efficientnetb0/block6c_se_reduce/Conv2D/Conv2DBackpropInput,2,30.72,15.36,30.72,15.36,0.00025529530623872833,0.9081704861057814,0.0,0.0
349,Device,Sum,gradient_tape/efficientnetb0/block7a_se_excite/mul/Sum_1,2,30.72,15.36,30.72,15.36,0.00025529530623872833,0.9084257814120201,0.0,0.0
350,Device,DepthwiseConv2dNative,efficientnetb0/block4c_dwconv/depthwise,2,29.697,14.8485,29.697,14.8485,0.0002467937730915207,0.9086725751851117,0.0,0.0
351,Device,Conv2DBackpropInput,gradient_tape/efficientnetb0/block6a_se_reduce/Conv2D/Conv2DBackpropInput,2,29.697,14.8485,29.697,14.8485,0.0002467937730915207,0.9089193689582032,0.0,0.0
352,Device,Conv2D,efficientnetb0/block3a_se_reduce/Conv2D,2,29.696,14.848,29.696,14.848,0.00024678546269743746,0.9091661544209007,0.0,0.0
353,Device,DepthwiseConv2dNative,efficientnetb0/block4b_dwconv/depthwise,2,29.696,14.848,29.696,14.848,0.00024678546269743746,0.9094129398835981,0.0,0.0
354,Device,FusedBatchNormV3,efficientnetb0/block5c_expand_bn/FusedBatchNormV3,4,29.696,7.424,29.696,7.424,0.00024678546269743746,0.9096597253462955,0.0,0.0
355,Device,Conv2DBackpropInput,gradient_tape/efficientnetb0/block5b_se_reduce/Conv2D/Conv2DBackpropInput,2,29.696,14.848,29.696,14.848,0.00024678546269743746,0.9099065108089929,0.0,0.0
356,Device,Conv2DBackpropInput,gradient_tape/efficientnetb0/block6d_se_reduce/Conv2D/Conv2DBackpropInput,2,29.696,14.848,29.696,14.848,0.00024678546269743746,0.9101532962716903,0.0,0.0
357,Device,Conv2D,efficientnetb0/block2b_se_reduce/Conv2D,2,28.672,14.336,28.672,14.336,0.00023827561915614647,0.9103915718908464,0.0,0.0
358,Device,FusedBatchNormV3,efficientnetb0/block3b_expand_bn/FusedBatchNormV3,4,28.672,7.168,28.672,7.168,0.00023827561915614647,0.9106298475100025,0.0,0.0
359,Device,FusedBatchNormV3,efficientnetb0/block4a_expand_bn/FusedBatchNormV3,4,28.672,7.168,28.672,7.168,0.00023827561915614647,0.9108681231291587,0.0,0.0
360,Device,FusedBatchNormV3,efficientnetb0/block6a_bn/FusedBatchNormV3,4,28.672,7.168,28.672,7.168,0.00023827561915614647,0.9111063987483148,0.0,0.0
361,Device,Conv2DBackpropFilter,gradient_tape/efficientnetb0/block4b_se_expand/Conv2D/Conv2DBackpropFilter,2,28.672,14.336,28.672,14.336,0.00023827561915614647,0.9113446743674709,0.0,0.0
362,Device,Conv2DBackpropInput,gradient_tape/efficientnetb0/block4b_se_reduce/Conv2D/Conv2DBackpropInput,2,28.672,14.336,28.672,14.336,0.00023827561915614647,0.911582949986627,0.0,0.0
363,Device,Conv2DBackpropFilter,gradient_tape/efficientnetb0/block4c_se_expand/Conv2D/Conv2DBackpropFilter,2,28.672,14.336,28.672,14.336,0.00023827561915614647,0.9118212256057832,0.0,0.0
364,Device,Conv2DBackpropFilter,gradient_tape/efficientnetb0/block4c_se_reduce/Conv2D/Conv2DBackpropFilter,2,28.672,14.336,28.672,14.336,0.00023827561915614647,0.9120595012249393,0.0,0.0
365,Device,Conv2DBackpropFilter,gradient_tape/efficientnetb0/block5a_se_expand/Conv2D/Conv2DBackpropFilter,2,28.672,14.336,28.672,14.336,0.00023827561915614647,0.9122977768440954,0.0,0.0
366,Device,Conv2DBackpropFilter,gradient_tape/efficientnetb0/block5a_se_reduce/Conv2D/Conv2DBackpropFilter,2,28.672,14.336,28.672,14.336,0.00023827561915614647,0.9125360524632515,0.0,0.0
367,Device,Sigmoid,efficientnetb0/block3b_expand_activation/Sigmoid,2,27.648,13.824,27.648,13.824,0.00022976577561485554,0.9127658182388664,0.0,0.0
368,Device,Conv2DBackpropFilter,gradient_tape/efficientnetb0/block4b_se_reduce/Conv2D/Conv2DBackpropFilter,2,27.648,13.824,27.648,13.824,0.00022976577561485554,0.9129955840144812,0.0,0.0
369,Device,FusedBatchNormGradV3,gradient_tape/efficientnetb0/block5a_bn/FusedBatchNormGradV3,2,27.648,13.824,27.648,13.824,0.00022976577561485554,0.9132253497900961,0.0,0.0
370,Device,Sigmoid,efficientnetb0/block3b_activation/Sigmoid,2,26.624,13.312,26.624,13.312,0.00022125593207356458,0.9134466057221696,0.0,0.0
371,Device,Sigmoid,efficientnetb0/block4a_expand_activation/Sigmoid,2,26.624,13.312,26.624,13.312,0.00022125593207356458,0.9136678616542432,0.0,0.0
372,Device,FusedBatchNormGradV3,gradient_tape/efficientnetb0/block4c_bn/FusedBatchNormGradV3,2,26.624,13.312,26.624,13.312,0.00022125593207356458,0.9138891175863167,0.0,0.0
373,Device,FusedBatchNormGradV3,gradient_tape/efficientnetb0/block4c_expand_bn/FusedBatchNormGradV3,2,26.624,13.312,26.624,13.312,0.00022125593207356458,0.9141103735183903,0.0,0.0
374,Device,Conv2DBackpropFilter,gradient_tape/efficientnetb0/block6c_se_expand/Conv2D/Conv2DBackpropFilter,2,26.624,13.312,26.624,13.312,0.00022125593207356458,0.9143316294504639,0.0,0.0
375,Device,Conv2DBackpropFilter,gradient_tape/efficientnetb0/block6d_se_expand/Conv2D/Conv2DBackpropFilter,2,26.624,13.312,26.624,13.312,0.00022125593207356458,0.9145528853825374,0.0,0.0
376,Device,DepthwiseConv2dNativeBackpropFilter,gradient_tape/efficientnetb0/block7a_dwconv/depthwise/DepthwiseConv2dNativeBackpropFilter,2,26.624,13.312,26.624,13.312,0.00022125593207356458,0.914774141314611,0.0,0.0
377,Device,Conv2DBackpropFilter,gradient_tape/efficientnetb0/block7a_se_expand/Conv2D/Conv2DBackpropFilter,2,25.601,12.8005,25.601,12.8005,0.00021275439892635693,0.9149868957135373,0.0,0.0
378,Device,ResourceApplyGradientDescent,SGD/SGD/update_208/ResourceApplyGradientDescent,2,25.6,12.8,25.6,12.8,0.00021274608853227365,0.9151996418020696,0.0,0.0
379,Device,Sigmoid,SGD/gradients/Sigmoid_20,2,25.6,12.8,25.6,12.8,0.00021274608853227365,0.9154123878906019,0.0,0.0
380,Device,Sigmoid,SGD/gradients/Sigmoid_21,2,25.6,12.8,25.6,12.8,0.00021274608853227365,0.9156251339791341,0.0,0.0
381,Device,Mul,SGD/gradients/mul_55,2,25.6,12.8,25.6,12.8,0.00021274608853227365,0.9158378800676664,0.0,0.0
382,Device,Mul,SGD/gradients/mul_62,2,25.6,12.8,25.6,12.8,0.00021274608853227365,0.9160506261561987,0.0,0.0
383,Device,Conv2D,efficientnetb0/block1a_se_reduce/Conv2D,2,25.6,12.8,25.6,12.8,0.00021274608853227365,0.916263372244731,0.0,0.0
384,Device,FusedBatchNormV3,efficientnetb0/block2a_project_bn/FusedBatchNormV3,4,25.6,6.4,25.6,6.4,0.00021274608853227365,0.9164761183332633,0.0,0.0
385,Device,Conv2D,efficientnetb0/block2a_se_reduce/Conv2D,2,25.6,12.8,25.6,12.8,0.00021274608853227365,0.9166888644217955,0.0,0.0
386,Device,FusedBatchNormV3,efficientnetb0/block3a_bn/FusedBatchNormV3,4,25.6,6.4,25.6,6.4,0.00021274608853227365,0.9169016105103278,0.0,0.0
387,Device,FusedBatchNormGradV3,gradient_tape/efficientnetb0/block4b_bn/FusedBatchNormGradV3,2,25.6,12.8,25.6,12.8,0.00021274608853227365,0.9171143565988601,0.0,0.0
388,Device,Conv2DBackpropInput,gradient_tape/efficientnetb0/block4c_se_reduce/Conv2D/Conv2DBackpropInput,2,25.6,12.8,25.6,12.8,0.00021274608853227365,0.9173271026873924,0.0,0.0
389,Device,FusedBatchNormGradV3,gradient_tape/efficientnetb0/block5a_expand_bn/FusedBatchNormGradV3,2,25.6,12.8,25.6,12.8,0.00021274608853227365,0.9175398487759246,0.0,0.0
390,Device,Conv2DBackpropFilter,gradient_tape/efficientnetb0/block5b_se_expand/Conv2D/Conv2DBackpropFilter,2,25.6,12.8,25.6,12.8,0.00021274608853227365,0.9177525948644569,0.0,0.0
391,Device,Conv2DBackpropFilter,gradient_tape/efficientnetb0/block6b_se_expand/Conv2D/Conv2DBackpropFilter,2,25.6,12.8,25.6,12.8,0.00021274608853227365,0.9179653409529892,0.0,0.0
392,Device,Conv2DBackpropFilter,gradient_tape/efficientnetb0/block7a_se_reduce/Conv2D/Conv2DBackpropFilter,2,25.6,12.8,25.6,12.8,0.00021274608853227365,0.9181780870415215,0.0,0.0
393,Device,Mul,SGD/gradients/mul_64,2,24.577,12.2885,24.577,12.2885,0.000204244555385066,0.9183823315969065,0.0,0.0
394,Device,FusedBatchNormV3,efficientnetb0/block4c_expand_bn/FusedBatchNormV3,4,24.577,6.14425,24.577,6.14425,0.000204244555385066,0.9185865761522916,0.0,0.0
395,Device,ArgMax,ArgMax,2,24.576,12.288,24.576,12.288,0.0002042362449909827,0.9187908123972826,0.0,0.0
396,Device,Sigmoid,SGD/gradients/Sigmoid_15,2,24.576,12.288,24.576,12.288,0.0002042362449909827,0.9189950486422735,0.0,0.0
397,Device,Sigmoid,SGD/gradients/Sigmoid_17,2,24.576,12.288,24.576,12.288,0.0002042362449909827,0.9191992848872645,0.0,0.0
398,Device,Sigmoid,SGD/gradients/Sigmoid_18,2,24.576,12.288,24.576,12.288,0.0002042362449909827,0.9194035211322555,0.0,0.0
399,Device,Mul,SGD/gradients/mul_46,2,24.576,12.288,24.576,12.288,0.0002042362449909827,0.9196077573772465,0.0,0.0
400,Device,Mul,SGD/gradients/mul_53,2,24.576,12.288,24.576,12.288,0.0002042362449909827,0.9198119936222375,0.0,0.0
401,Device,Mul,SGD/gradients/mul_61,2,24.576,12.288,24.576,12.288,0.0002042362449909827,0.9200162298672285,0.0,0.0
402,Device,FusedBatchNormV3,efficientnetb0/block4b_bn/FusedBatchNormV3,4,24.576,6.144,24.576,6.144,0.0002042362449909827,0.9202204661122195,0.0,0.0
403,Device,FusedBatchNormV3,efficientnetb0/block4b_expand_bn/FusedBatchNormV3,4,24.576,6.144,24.576,6.144,0.0002042362449909827,0.9204247023572105,0.0,0.0
404,Device,FusedBatchNormV3,efficientnetb0/block4c_bn/FusedBatchNormV3,4,24.576,6.144,24.576,6.144,0.0002042362449909827,0.9206289386022015,0.0,0.0
405,Device,FusedBatchNormV3,efficientnetb0/block5a_bn/FusedBatchNormV3,4,24.576,6.144,24.576,6.144,0.0002042362449909827,0.9208331748471925,0.0,0.0
406,Device,Sum,gradient_tape/efficientnetb0/block2a_se_excite/mul/Sum_1,2,24.576,12.288,24.576,12.288,0.0002042362449909827,0.9210374110921835,0.0,0.0
407,Device,FusedBatchNormGradV3,gradient_tape/efficientnetb0/block4b_expand_bn/FusedBatchNormGradV3,2,24.576,12.288,24.576,12.288,0.0002042362449909827,0.9212416473371745,0.0,0.0
408,Device,Conv2DBackpropInput,gradient_tape/efficientnetb0/block5a_se_reduce/Conv2D/Conv2DBackpropInput,2,24.576,12.288,24.576,12.288,0.0002042362449909827,0.9214458835821655,0.0,0.0
409,Device,Conv2DBackpropFilter,gradient_tape/efficientnetb0/block5b_se_reduce/Conv2D/Conv2DBackpropFilter,2,24.576,12.288,24.576,12.288,0.0002042362449909827,0.9216501198271565,0.0,0.0
410,Device,Conv2DBackpropFilter,gradient_tape/efficientnetb0/block5c_se_expand/Conv2D/Conv2DBackpropFilter,2,24.576,12.288,24.576,12.288,0.0002042362449909827,0.9218543560721475,0.0,0.0
411,Device,BiasAddGrad,gradient_tape/efficientnetb0/block6a_se_expand/BiasAdd/BiasAddGrad,2,24.576,12.288,24.576,12.288,0.0002042362449909827,0.9220585923171385,0.0,0.0
412,Device,Conv2DBackpropFilter,gradient_tape/efficientnetb0/block6b_se_reduce/Conv2D/Conv2DBackpropFilter,2,24.576,12.288,24.576,12.288,0.0002042362449909827,0.9222628285621295,0.0,0.0
413,Device,Conv2DBackpropFilter,gradient_tape/efficientnetb0/block6d_se_reduce/Conv2D/Conv2DBackpropFilter,2,24.576,12.288,24.576,12.288,0.0002042362449909827,0.9224670648071205,0.0,0.0
414,Device,FusedBatchNormV3,efficientnetb0/block5a_expand_bn/FusedBatchNormV3,4,23.553,5.88825,23.553,5.88825,0.00019573471184377504,0.9226627995189642,0.0,0.0
415,Device,Mul,SGD/gradients/mul_116,2,23.552,11.776,23.552,11.776,0.00019572640144969176,0.922858525920414,0.0,0.0
416,Device,FusedBatchNormV3,efficientnetb0/block2b_project_bn/FusedBatchNormV3,4,23.552,5.888,23.552,5.888,0.00019572640144969176,0.9230542523218637,0.0,0.0
417,Device,Transpose,efficientnetb0/block3b_activation/mul-0-3-TransposeNCHWToNHWC-LayoutOptimizer,2,23.552,11.776,23.552,11.776,0.00019572640144969176,0.9232499787233134,0.0,0.0
418,Device,MatMul,efficientnetb0/predictions/MatMul,2,23.552,11.776,23.552,11.776,0.00019572640144969176,0.9234457051247631,0.0,0.0
419,Device,BroadcastTo,gradient_tape/efficientnetb0/block2a_se_squeeze/BroadcastTo,2,23.552,11.776,23.552,11.776,0.00019572640144969176,0.9236414315262128,0.0,0.0
420,Device,FusedBatchNormGradV3,gradient_tape/efficientnetb0/block3a_bn/FusedBatchNormGradV3,2,23.552,11.776,23.552,11.776,0.00019572640144969176,0.9238371579276625,0.0,0.0
421,Device,Mul,gradient_tape/efficientnetb0/block5b_se_excite/mul/Mul,2,23.552,11.776,23.552,11.776,0.00019572640144969176,0.9240328843291122,0.0,0.0
422,Device,BiasAddGrad,gradient_tape/efficientnetb0/block5b_se_expand/BiasAdd/BiasAddGrad,2,23.552,11.776,23.552,11.776,0.00019572640144969176,0.924228610730562,0.0,0.0
423,Device,Mul,gradient_tape/efficientnetb0/block5c_se_excite/mul/Mul,2,23.552,11.776,23.552,11.776,0.00019572640144969176,0.9244243371320117,0.0,0.0
424,Device,BiasAddGrad,gradient_tape/efficientnetb0/block5c_se_expand/BiasAdd/BiasAddGrad,2,23.552,11.776,23.552,11.776,0.00019572640144969176,0.9246200635334614,0.0,0.0
425,Device,FusedBatchNormGradV3,gradient_tape/efficientnetb0/block6a_bn/FusedBatchNormGradV3,2,23.552,11.776,23.552,11.776,0.00019572640144969176,0.9248157899349111,0.0,0.0
426,Device,Conv2DBackpropFilter,gradient_tape/efficientnetb0/block6a_se_reduce/Conv2D/Conv2DBackpropFilter,2,23.552,11.776,23.552,11.776,0.00019572640144969176,0.9250115163363608,0.0,0.0
427,Device,Conv2DBackpropFilter,gradient_tape/efficientnetb0/block6c_se_reduce/Conv2D/Conv2DBackpropFilter,2,23.552,11.776,23.552,11.776,0.00019572640144969176,0.9252072427378105,0.0,0.0
428,Device,DepthwiseConv2dNativeBackpropInput,gradient_tape/efficientnetb0/block6b_dwconv/depthwise/DepthwiseConv2dNativeBackpropInput,2,22.529,11.2645,22.529,11.2645,0.00018722486830248408,0.925394467606113,0.0,0.0
429,Device,Sigmoid,SGD/gradients/Sigmoid_38,2,22.528,11.264,22.528,11.264,0.0001872165579084008,0.9255816841640214,0.0,0.0
430,Device,Mul,SGD/gradients/mul_52,2,22.528,11.264,22.528,11.264,0.0001872165579084008,0.9257689007219299,0.0,0.0
431,Device,Sub,SGD/gradients/sub_35,2,22.528,11.264,22.528,11.264,0.0001872165579084008,0.9259561172798383,0.0,0.0
432,Device,Mean,efficientnetb0/block5b_se_squeeze/Mean,2,22.528,11.264,22.528,11.264,0.0001872165579084008,0.9261433338377467,0.0,0.0
433,Device,Mean,efficientnetb0/block5c_se_squeeze/Mean,2,22.528,11.264,22.528,11.264,0.0001872165579084008,0.9263305503956552,0.0,0.0
434,Device,Conv2D,efficientnetb0/block6b_se_expand/Conv2D,2,22.528,11.264,22.528,11.264,0.0001872165579084008,0.9265177669535636,0.0,0.0
435,Device,Conv2D,efficientnetb0/block6c_se_expand/Conv2D,2,22.528,11.264,22.528,11.264,0.0001872165579084008,0.926704983511472,0.0,0.0
436,Device,Conv2D,efficientnetb0/block6d_se_expand/Conv2D,2,22.528,11.264,22.528,11.264,0.0001872165579084008,0.9268922000693804,0.0,0.0
437,Device,Conv2D,efficientnetb0/block7a_se_expand/Conv2D,2,22.528,11.264,22.528,11.264,0.0001872165579084008,0.9270794166272889,0.0,0.0
438,Device,Conv2DBackpropInput,gradient_tape/efficientnetb0/block1a_se_expand/Conv2D/Conv2DBackpropInput,2,22.528,11.264,22.528,11.264,0.0001872165579084008,0.9272666331851973,0.0,0.0
439,Device,Mul,gradient_tape/efficientnetb0/block3a_se_excite/mul/Mul_1,2,22.528,11.264,22.528,11.264,0.0001872165579084008,0.9274538497431057,0.0,0.0
440,Device,Conv2DBackpropFilter,gradient_tape/efficientnetb0/block5c_se_reduce/Conv2D/Conv2DBackpropFilter,2,22.528,11.264,22.528,11.264,0.0001872165579084008,0.9276410663010142,0.0,0.0
441,Device,Conv2DBackpropFilter,gradient_tape/efficientnetb0/block6a_se_expand/Conv2D/Conv2DBackpropFilter,2,22.528,11.264,22.528,11.264,0.0001872165579084008,0.9278282828589226,0.0,0.0
442,Device,DepthwiseConv2dNativeBackpropInput,gradient_tape/efficientnetb0/block6c_dwconv/depthwise/DepthwiseConv2dNativeBackpropInput,2,22.528,11.264,22.528,11.264,0.0001872165579084008,0.928015499416831,0.0,0.0
443,Device,DepthwiseConv2dNativeBackpropInput,gradient_tape/efficientnetb0/block6d_dwconv/depthwise/DepthwiseConv2dNativeBackpropInput,2,22.528,11.264,22.528,11.264,0.0001872165579084008,0.9282027159747395,0.0,0.0
444,Device,DepthwiseConv2dNativeBackpropInput,gradient_tape/efficientnetb0/block7a_dwconv/depthwise/DepthwiseConv2dNativeBackpropInput,2,22.528,11.264,22.528,11.264,0.0001872165579084008,0.9283899325326479,0.0,0.0
445,Device,Mul,SGD/gradients/mul_54,2,21.504,10.752,21.504,10.752,0.00017870671436710987,0.928568639247015,0.0,0.0
446,Device,Sub,SGD/gradients/sub_33,2,21.504,10.752,21.504,10.752,0.00017870671436710987,0.9287473459613822,0.0,0.0
447,Device,Sub,SGD/gradients/sub_36,2,21.504,10.752,21.504,10.752,0.00017870671436710987,0.9289260526757493,0.0,0.0
448,Device,Mean,efficientnetb0/block3b_se_squeeze/Mean,2,21.504,10.752,21.504,10.752,0.00017870671436710987,0.9291047593901165,0.0,0.0
449,Device,Mean,efficientnetb0/block6a_se_squeeze/Mean,2,21.504,10.752,21.504,10.752,0.00017870671436710987,0.9292834661044836,0.0,0.0
450,Device,RealDiv,efficientnetb0/normalization/truediv,2,21.504,10.752,21.504,10.752,0.00017870671436710987,0.9294621728188508,0.0,0.0
451,Device,Mul,efficientnetb0/rescaling/mul,2,21.504,10.752,21.504,10.752,0.00017870671436710987,0.929640879533218,0.0,0.0
452,Device,Sum,gradient_tape/efficientnetb0/block5b_se_excite/mul/Sum_1,2,21.504,10.752,21.504,10.752,0.00017870671436710987,0.9298195862475851,0.0,0.0
453,Device,Sum,gradient_tape/efficientnetb0/block5c_se_excite/mul/Sum_1,2,21.504,10.752,21.504,10.752,0.00017870671436710987,0.9299982929619522,0.0,0.0
454,Device,Conv2D,efficientnetb0/block5b_se_expand/Conv2D,2,20.481,10.2405,20.481,10.2405,0.00017020518121990222,0.9301684981431722,0.0,0.0
455,Device,Mul,SGD/gradients/mul_51,2,20.48,10.24,20.48,10.24,0.0001701968708258189,0.930338695013998,0.0,0.0
456,Device,Mul,SGD/gradients/mul_60,2,20.48,10.24,20.48,10.24,0.0001701968708258189,0.9305088918848239,0.0,0.0
457,Device,Mul,SGD/gradients/mul_63,2,20.48,10.24,20.48,10.24,0.0001701968708258189,0.9306790887556498,0.0,0.0
458,Device,Mul,SGD/gradients/mul_89,2,20.48,10.24,20.48,10.24,0.0001701968708258189,0.9308492856264756,0.0,0.0
459,Device,Mul,efficientnetb0/block5b_se_excite/mul,2,20.48,10.24,20.48,10.24,0.0001701968708258189,0.9310194824973015,0.0,0.0
460,Device,Conv2D,efficientnetb0/block5c_se_expand/Conv2D,2,20.48,10.24,20.48,10.24,0.0001701968708258189,0.9311896793681274,0.0,0.0
461,Device,Conv2D,efficientnetb0/block6a_se_expand/Conv2D,2,20.48,10.24,20.48,10.24,0.0001701968708258189,0.9313598762389532,0.0,0.0
462,Device,FusedBatchNormV3,efficientnetb0/block7a_project_bn/FusedBatchNormV3,4,20.48,5.12,20.48,5.12,0.0001701968708258189,0.9315300731097791,0.0,0.0
463,Device,Softmax,efficientnetb0/predictions/Softmax,2,20.48,10.24,20.48,10.24,0.0001701968708258189,0.931700269980605,0.0,0.0
464,Device,Mul,gradient_tape/efficientnetb0/block3a_se_excite/mul/Mul,2,20.48,10.24,20.48,10.24,0.0001701968708258189,0.9318704668514308,0.0,0.0
465,Device,Mul,gradient_tape/efficientnetb0/block4c_se_excite/mul/Mul_1,2,20.48,10.24,20.48,10.24,0.0001701968708258189,0.9320406637222567,0.0,0.0
466,Device,Sum,gradient_tape/efficientnetb0/block6a_se_excite/mul/Sum_1,2,20.48,10.24,20.48,10.24,0.0001701968708258189,0.9322108605930826,0.0,0.0
467,Device,AddN,SGD/gradients/AddN_10,2,19.457,9.7285,19.457,9.7285,0.00016169533767861126,0.9323725559307612,0.0,0.0
468,Device,Mul,efficientnetb0/block5c_se_excite/mul,2,19.457,9.7285,19.457,9.7285,0.00016169533767861126,0.9325342512684398,0.0,0.0
469,Device,ArgMax,ArgMax_1,2,19.456,9.728,19.456,9.728,0.00016168702728452795,0.9326959382957243,0.0,0.0
470,Device,AddN,SGD/gradients/AddN_8,2,19.456,9.728,19.456,9.728,0.00016168702728452795,0.9328576253230088,0.0,0.0
471,Device,Sigmoid,SGD/gradients/Sigmoid_23,2,19.456,9.728,19.456,9.728,0.00016168702728452795,0.9330193123502932,0.0,0.0
472,Device,Sigmoid,SGD/gradients/Sigmoid_27,2,19.456,9.728,19.456,9.728,0.00016168702728452795,0.9331809993775777,0.0,0.0
473,Device,Mul,SGD/gradients/mul_45,2,19.456,9.728,19.456,9.728,0.00016168702728452795,0.9333426864048622,0.0,0.0
474,Device,Mul,SGD/gradients/mul_47,2,19.456,9.728,19.456,9.728,0.00016168702728452795,0.9335043734321467,0.0,0.0
475,Device,Mul,SGD/gradients/mul_65,2,19.456,9.728,19.456,9.728,0.00016168702728452795,0.9336660604594311,0.0,0.0
476,Device,Mul,SGD/gradients/mul_71,2,19.456,9.728,19.456,9.728,0.00016168702728452795,0.9338277474867156,0.0,0.0
477,Device,Mul,SGD/gradients/mul_80,2,19.456,9.728,19.456,9.728,0.00016168702728452795,0.9339894345140001,0.0,0.0
478,Device,Conv2D,efficientnetb0/block3b_se_expand/Conv2D,2,19.456,9.728,19.456,9.728,0.00016168702728452795,0.9341511215412845,0.0,0.0
479,Device,Conv2D,efficientnetb0/block4a_se_expand/Conv2D,2,19.456,9.728,19.456,9.728,0.00016168702728452795,0.934312808568569,0.0,0.0
480,Device,Conv2D,efficientnetb0/block4b_se_expand/Conv2D,2,19.456,9.728,19.456,9.728,0.00016168702728452795,0.9344744955958535,0.0,0.0
481,Device,Conv2D,efficientnetb0/block5a_se_expand/Conv2D,2,19.456,9.728,19.456,9.728,0.00016168702728452795,0.934636182623138,0.0,0.0
482,Device,Sub,efficientnetb0/normalization/sub,2,19.456,9.728,19.456,9.728,0.00016168702728452795,0.9347978696504224,0.0,0.0
483,Device,Conv2DBackpropInput,gradient_tape/efficientnetb0/block3b_se_reduce/Conv2D/Conv2DBackpropInput,2,19.456,9.728,19.456,9.728,0.00016168702728452795,0.9349595566777069,0.0,0.0
484,Device,RealDiv,gradient_tape/efficientnetb0/block3b_se_squeeze/truediv,2,19.456,9.728,19.456,9.728,0.00016168702728452795,0.9351212437049914,0.0,0.0
485,Device,Mul,gradient_tape/efficientnetb0/block5a_se_excite/mul/Mul_1,2,19.456,9.728,19.456,9.728,0.00016168702728452795,0.9352829307322759,0.0,0.0
486,Device,AddN,SGD/gradients/AddN_20,2,18.433,9.2165,18.433,9.2165,0.0001531854941373203,0.9354361162264132,0.0,0.0
487,Device,Transpose,SGD/gradients/AddN_10-1-TransposeNHWCToNCHW-LayoutOptimizer,2,18.432,9.216,18.432,9.216,0.00015317718374323702,0.9355892934101564,0.0,0.0
488,Device,Sigmoid,SGD/gradients/Sigmoid_24,2,18.432,9.216,18.432,9.216,0.00015317718374323702,0.9357424705938996,0.0,0.0
489,Device,Sigmoid,SGD/gradients/Sigmoid_26,2,18.432,9.216,18.432,9.216,0.00015317718374323702,0.9358956477776428,0.0,0.0
490,Device,Sigmoid,SGD/gradients/Sigmoid_29,2,18.432,9.216,18.432,9.216,0.00015317718374323702,0.936048824961386,0.0,0.0
491,Device,Mul,SGD/gradients/mul_56,2,18.432,9.216,18.432,9.216,0.00015317718374323702,0.9362020021451292,0.0,0.0
492,Device,FusedBatchNormV3,efficientnetb0/block4a_bn/FusedBatchNormV3,4,18.432,4.608,18.432,4.608,0.00015317718374323702,0.9363551793288724,0.0,0.0
493,Device,DepthwiseConv2dNative,efficientnetb0/block7a_dwconv/depthwise,2,18.432,9.216,18.432,9.216,0.00015317718374323702,0.9365083565126155,0.0,0.0
494,Device,BroadcastTo,gradient_tape/efficientnetb0/block3b_se_squeeze/BroadcastTo,2,18.432,9.216,18.432,9.216,0.00015317718374323702,0.9366615336963587,0.0,0.0
495,Device,Mul,gradient_tape/efficientnetb0/block4b_se_excite/mul/Mul,2,18.432,9.216,18.432,9.216,0.00015317718374323702,0.9368147108801019,0.0,0.0
496,Device,Mul,gradient_tape/efficientnetb0/block4b_se_excite/mul/Mul_1,2,18.432,9.216,18.432,9.216,0.00015317718374323702,0.9369678880638451,0.0,0.0
497,Device,BiasAddGrad,gradient_tape/efficientnetb0/block4b_se_expand/BiasAdd/BiasAddGrad,2,18.432,9.216,18.432,9.216,0.00015317718374323702,0.9371210652475883,0.0,0.0
498,Device,Mul,gradient_tape/efficientnetb0/block4c_se_excite/mul/Mul,2,18.432,9.216,18.432,9.216,0.00015317718374323702,0.9372742424313315,0.0,0.0
499,Device,BiasAddGrad,gradient_tape/efficientnetb0/block4c_se_expand/BiasAdd/BiasAddGrad,2,18.432,9.216,18.432,9.216,0.00015317718374323702,0.9374274196150747,0.0,0.0
500,Device,Mul,gradient_tape/efficientnetb0/block5a_se_excite/mul/Mul,2,18.432,9.216,18.432,9.216,0.00015317718374323702,0.9375805967988179,0.0,0.0
501,Host,IDLE,IDLE,0,433194.975,0.0,433194.975,0.0,0.0,0.0,0.9974813993292826,0.9974813993292826
502,Host,GatherV2,GatherV2,2,619.241,309.6205,619.241,309.6205,0.0,0.0,0.0014258738324516905,0.9989072731617343
503,Host,Dataset,Iterator::Root::ParallelMapV2::Zip[1]::ForeverRepeat,2,92.702,46.351,86.782,43.391,0.0,0.0,0.00019982556537409928,0.9991070987271085
504,Host,Dataset,Iterator::Root::ParallelMapV2,2,66.202,33.101,66.202,33.101,0.0,0.0,0.0001524377414544044,0.9992595364685629
505,Host,GatherV2,GatherV2_1,2,49.681,24.8405,49.681,24.8405,0.0,0.0,0.00011439623324365221,0.9993739327018065
506,Host,FlushSummaryWriter,FlushSummaryWriter,1,40.721,40.721,40.721,40.721,0.0,0.0,9.376479970038368e-05,0.9994676975015069
507,Host,IteratorGetNext,IteratorGetNext,2,38.451,19.2255,38.451,19.2255,0.0,0.0,8.853786285404221e-05,0.9995562353643609
508,Host,Dataset,Iterator::Root::ParallelMapV2::Zip[0]::FlatMap[1]::Concatenate,2,62.991,31.4955,34.82,17.41,0.0,0.0,8.017706651524668e-05,0.9996364124308761
509,Host,Dataset,Iterator::Root,2,100.793,50.3965,34.591,17.2955,0.0,0.0,7.964976759991092e-05,0.999716062198476
510,Host,LogicalAnd,LogicalAnd,1,30.76,30.76,30.76,30.76,0.0,0.0,7.082844819095312e-05,0.9997868906466669
511,Host,Dataset,Iterator::Root::ParallelMapV2::Zip[0]::FlatMap[1]::Concatenate[0]::TensorSlice,2,28.171,14.0855,28.171,14.0855,0.0,0.0,6.486697704770287e-05,0.9998517576237146
512,Host,WriteSummary,WriteSummary,1,21.2,21.2,21.2,21.2,0.0,0.0,4.881544543719786e-05,0.9999005730691518
513,Host,Dataset,Iterator::Root::ParallelMapV2::Zip,2,175.543,87.7715,13.75,6.875,0.0,0.0,3.166096107365427e-05,0.9999322340302255
514,Host,_Send,IteratorGetNext/_3,2,6.5,3.25,6.5,3.25,0.0,0.0,1.4966999780272929e-05,0.9999472010300058
515,Host,ReadVariableOp,ReadVariableOp,1,6.15,6.15,6.15,6.15,0.0,0.0,1.4161084407489003e-05,0.9999613621144132
516,Host,Dataset,Iterator::Root::ParallelMapV2::Zip[0]::FlatMap,2,69.091,34.5455,6.1,3.05,0.0,0.0,1.404595363994844e-05,0.9999754080680532
517,Host,Dataset,Iterator::Root::ParallelMapV2::Zip[1]::ForeverRepeat::FromTensor,4,5.92,1.48,5.92,1.48,0.0,0.0,1.3631482876802422e-05,0.99998903955093
518,Host,Identity,Identity,2,2.89,1.445,2.89,1.445,0.0,0.0,6.654558363844425e-06,0.9999956941092938
519,Host,_Send,IteratorGetNext/_1,2,1.87,0.935,1.87,0.935,0.0,0.0,4.305890706016982e-06,0.9999999999999998
