Rank,Host/device,Type,Operation,#Occurrences,Total time (us),Avg. time (us),Total self-time (us),Avg. self-time (us),Total self-time on Device (%),Cumulative total-self time on Device (%),Total self-time on Host (%),Cumulative total-self time on Host (%)
1,Device,_Send,IteratorGetNext/_1,2,12361.673,6180.8365,12361.673,6180.8365,0.15974800087766805,0.15974800087766805,0.0,0.0
2,Device,IDLE,IDLE,0,9183.132,0.0,9183.132,0.0,0.11867220389956451,0.27842020477723256,0.0,0.0
3,Device,MaxPoolGrad,gradient_tape/sequential/max_pooling2d/MaxPool/MaxPoolGrad,2,7066.648,3533.324,7066.648,3533.324,0.09132120635339336,0.3697414111306259,0.0,0.0
4,Device,ReluGrad,gradient_tape/sequential/conv2d/ReluGrad,2,5511.186,2755.593,5511.186,2755.593,0.07122020991535626,0.4409616210459822,0.0,0.0
5,Device,Conv2DBackpropFilter,gradient_tape/sequential/conv2d/Conv2D/Conv2DBackpropFilter,2,5378.065,2689.0325,5378.065,2689.0325,0.06949990768564705,0.5104615287316292,0.0,0.0
6,Device,Conv2DBackpropInput,gradient_tape/sequential/conv2d_1/Conv2D/Conv2DBackpropInput,2,4457.486,2228.743,4457.486,2228.743,0.057603406710418,0.5680649354420472,0.0,0.0
7,Device,Conv2DBackpropFilter,gradient_tape/sequential/conv2d_1/Conv2D/Conv2DBackpropFilter,2,3879.95,1939.975,3879.95,1939.975,0.05013999771756687,0.618204933159614,0.0,0.0
8,Device,MaxPoolGrad,gradient_tape/sequential/max_pooling2d_1/MaxPool/MaxPoolGrad,2,3470.347,1735.1735,3470.347,1735.1735,0.044846761081757516,0.6630516942413716,0.0,0.0
9,Device,_FusedConv2D,sequential/conv2d/Relu,2,2891.785,1445.8925,2891.785,1445.8925,0.037370093248545504,0.700421787489917,0.0,0.0
10,Device,ReluGrad,gradient_tape/sequential/conv2d_1/ReluGrad,2,2721.801,1360.9005,2721.801,1360.9005,0.03517341613362833,0.7355952036235454,0.0,0.0
11,Device,Conv2DBackpropFilter,gradient_tape/sequential/conv2d_2/Conv2D/Conv2DBackpropFilter,2,2569.224,1284.612,2569.224,1284.612,0.033201687005223794,0.7687968906287691,0.0,0.0
12,Device,Conv2DBackpropInput,gradient_tape/sequential/conv2d_2/Conv2D/Conv2DBackpropInput,2,2158.6,1079.3,2158.6,1079.3,0.027895256143285314,0.7966921467720545,0.0,0.0
13,Device,MaxPool,sequential/max_pooling2d/MaxPool,2,2073.608,1036.804,2073.608,1036.804,0.02679691758582673,0.8234890643578812,0.0,0.0
14,Device,_FusedConv2D,sequential/conv2d_1/Relu,2,1987.59,993.795,1987.59,993.795,0.025685320188007253,0.8491743845458884,0.0,0.0
15,Device,_FusedConv2D,sequential/conv2d_2/Relu,2,1690.629,845.3145,1690.629,845.3145,0.021847738811389933,0.8710221233572784,0.0,0.0
16,Device,BiasAddGrad,gradient_tape/sequential/conv2d/BiasAdd/BiasAddGrad,2,1636.357,818.1785,1636.357,818.1785,0.02114639009397662,0.8921685134512549,0.0,0.0
17,Device,ReluGrad,gradient_tape/sequential/conv2d_2/ReluGrad,2,1343.492,671.746,1343.492,671.746,0.017361740696032,0.9095302541472869,0.0,0.0
18,Device,MaxPool,sequential/max_pooling2d_1/MaxPool,2,1090.564,545.282,1090.564,545.282,0.014093191012992593,0.9236234451602795,0.0,0.0
19,Device,MaxPoolGrad,gradient_tape/sequential/max_pooling2d_2/MaxPool/MaxPoolGrad,2,1016.835,508.4175,1016.835,508.4175,0.013140402474037582,0.9367638476343171,0.0,0.0
20,Device,BiasAddGrad,gradient_tape/sequential/conv2d_1/BiasAdd/BiasAddGrad,2,815.106,407.553,815.106,407.553,0.010533489601560605,0.9472973372358777,0.0,0.0
21,Device,Transpose,gradient_tape/sequential/conv2d/Conv2D/Conv2DBackpropFilter-0-TransposeNHWCToNCHW-LayoutOptimizer,2,715.778,357.889,715.778,357.889,0.009249889118747558,0.9565472263546253,0.0,0.0
22,Device,MaxPool,sequential/max_pooling2d_2/MaxPool,2,553.986,276.993,553.986,276.993,0.007159075961175789,0.9637063023158011,0.0,0.0
23,Device,BiasAddGrad,gradient_tape/sequential/conv2d_2/BiasAdd/BiasAddGrad,2,417.794,208.897,417.794,208.897,0.005399087670308415,0.9691053899861095,0.0,0.0
24,Device,ResourceApplyGradientDescent,SGD/SGD/update_6/ResourceApplyGradientDescent,2,328.705,164.3525,328.705,164.3525,0.00424780421133077,0.9733531941974403,0.0,0.0
25,Device,MatMul,sequential/dense/MatMul,2,263.168,131.584,263.168,131.584,0.0034008796297211666,0.9767540738271614,0.0,0.0
26,Device,MatMul,gradient_tape/sequential/dense/MatMul/MatMul,2,248.832,124.416,248.832,124.416,0.003215617704366706,0.9799696915315281,0.0,0.0
27,Device,MatMul,gradient_tape/sequential/dense/MatMul/MatMul_1,2,242.689,121.3445,242.689,121.3445,0.003136232659204007,0.9831059241907322,0.0,0.0
28,Device,Transpose,gradient_tape/sequential/max_pooling2d_2/MaxPool/MaxPoolGrad-2-TransposeNHWCToNCHW-LayoutOptimizer,2,221.185,110.5925,221.185,110.5925,0.0028583397711723166,0.9859642639619045,0.0,0.0
29,Device,Transpose,sequential/max_pooling2d_2/MaxPool-0-2-TransposeNCHWToNHWC-LayoutOptimizer,2,215.041,107.5205,215.041,107.5205,0.002778941803163262,0.9887432057650678,0.0,0.0
30,Device,ArgMax,ArgMax,2,185.346,92.673,185.346,92.673,0.0023951978806325213,0.9911384036457003,0.0,0.0
31,Device,ArgMax,ArgMax_1,2,124.929,62.4645,124.929,62.4645,0.0016144382723637966,0.9927528419180641,0.0,0.0
32,Device,_Send,IteratorGetNext/_3,2,80.672,40.336,80.672,40.336,0.0010425118612022203,0.9937953537792663,0.0,0.0
33,Device,MatMul,gradient_tape/sequential/dense_1/MatMul/MatMul,2,26.624,13.312,26.624,13.312,0.00034405786137256934,0.9941394116406389,0.0,0.0
34,Device,MatMul,gradient_tape/sequential/dense_1/MatMul/MatMul_1,2,16.384,8.192,16.384,8.192,0.00021172791469081193,0.9943511395553297,0.0,0.0
35,Device,MatMul,sequential/dense_1/MatMul,2,15.36,7.68,15.36,7.68,0.00019849492002263616,0.9945496344753524,0.0,0.0
36,Device,DynamicStitch,gradient_tape/categorical_crossentropy/DynamicStitch,2,10.24,5.12,10.24,5.12,0.00013232994668175747,0.9946819644220342,0.0,0.0
37,Device,Mul,categorical_crossentropy/mul,2,9.216,4.608,9.216,4.608,0.0001190969520135817,0.9948010613740478,0.0,0.0
38,Device,BiasAddGrad,gradient_tape/sequential/dense_1/BiasAdd/BiasAddGrad,2,9.216,4.608,9.216,4.608,0.0001190969520135817,0.9949201583260614,0.0,0.0
39,Device,BiasAdd,sequential/dense_1/BiasAdd,2,8.193,4.0965,8.193,4.0965,0.0001058768801917616,0.9950260352062532,0.0,0.0
40,Device,ResourceApplyGradientDescent,SGD/SGD/update_2/ResourceApplyGradientDescent,2,8.192,4.096,8.192,4.096,0.00010586395734540597,0.9951318991635986,0.0,0.0
41,Device,ResourceApplyGradientDescent,SGD/SGD/update_4/ResourceApplyGradientDescent,2,8.192,4.096,8.192,4.096,0.00010586395734540597,0.9952377631209439,0.0,0.0
42,Device,ResourceApplyGradientDescent,SGD/SGD/update_8/ResourceApplyGradientDescent,2,8.192,4.096,8.192,4.096,0.00010586395734540597,0.9953436270782893,0.0,0.0
43,Device,Sum,categorical_crossentropy/Sum_1,2,8.192,4.096,8.192,4.096,0.00010586395734540597,0.9954494910356346,0.0,0.0
44,Device,RealDiv,categorical_crossentropy/truediv,2,8.192,4.096,8.192,4.096,0.00010586395734540597,0.99555535499298,0.0,0.0
45,Device,BroadcastTo,gradient_tape/categorical_crossentropy/BroadcastTo_1,2,8.192,4.096,8.192,4.096,0.00010586395734540597,0.9956612189503253,0.0,0.0
46,Device,LessEqual,gradient_tape/categorical_crossentropy/clip_by_value/LessEqual,2,8.192,4.096,8.192,4.096,0.00010586395734540597,0.9957670829076707,0.0,0.0
47,Device,RealDiv,gradient_tape/categorical_crossentropy/truediv/RealDiv,2,8.192,4.096,8.192,4.096,0.00010586395734540597,0.995872946865016,0.0,0.0
48,Device,RealDiv,gradient_tape/categorical_crossentropy/truediv/RealDiv_1,2,8.192,4.096,8.192,4.096,0.00010586395734540597,0.9959788108223614,0.0,0.0
49,Device,RealDiv,gradient_tape/categorical_crossentropy/truediv/RealDiv_2,2,8.192,4.096,8.192,4.096,0.00010586395734540597,0.9960846747797067,0.0,0.0
50,Device,BiasAddGrad,gradient_tape/sequential/dense/BiasAdd/BiasAddGrad,2,8.192,4.096,8.192,4.096,0.00010586395734540597,0.9961905387370521,0.0,0.0
51,Device,SelectV2,gradient_tape/categorical_crossentropy/clip_by_value/SelectV2,2,7.169,3.5845,7.169,3.5845,9.264388552358586e-05,0.9962831826225756,0.0,0.0
52,Device,AddN,SGD/gradients/AddN,2,7.168,3.584,7.168,3.584,9.263096267723022e-05,0.9963758135852528,0.0,0.0
53,Device,Log,categorical_crossentropy/Log,2,7.168,3.584,7.168,3.584,9.263096267723022e-05,0.99646844454793,0.0,0.0
54,Device,Sum,categorical_crossentropy/Sum,2,7.168,3.584,7.168,3.584,9.263096267723022e-05,0.9965610755106072,0.0,0.0
55,Device,Maximum,categorical_crossentropy/clip_by_value,2,7.168,3.584,7.168,3.584,9.263096267723022e-05,0.9966537064732844,0.0,0.0
56,Device,Sum,gradient_tape/categorical_crossentropy/truediv/Sum_1,2,7.168,3.584,7.168,3.584,9.263096267723022e-05,0.9967463374359616,0.0,0.0
57,Device,BiasAdd,sequential/dense/BiasAdd,2,7.168,3.584,7.168,3.584,9.263096267723022e-05,0.9968389683986388,0.0,0.0
58,Device,AssignAddVariableOp,AssignAddVariableOp,2,6.144,3.072,6.144,3.072,7.939796800905448e-05,0.9969183663666479,0.0,0.0
59,Device,AssignAddVariableOp,AssignAddVariableOp_1,2,6.144,3.072,6.144,3.072,7.939796800905448e-05,0.9969977643346569,0.0,0.0
60,Device,AssignAddVariableOp,AssignAddVariableOp_2,2,6.144,3.072,6.144,3.072,7.939796800905448e-05,0.997077162302666,0.0,0.0
61,Device,Cast,Cast_1,2,6.144,3.072,6.144,3.072,7.939796800905448e-05,0.997156560270675,0.0,0.0
62,Device,Equal,Equal,2,6.144,3.072,6.144,3.072,7.939796800905448e-05,0.997235958238684,0.0,0.0
63,Device,ResourceApplyGradientDescent,SGD/SGD/update/ResourceApplyGradientDescent,2,6.144,3.072,6.144,3.072,7.939796800905448e-05,0.9973153562066931,0.0,0.0
64,Device,ResourceApplyGradientDescent,SGD/SGD/update_1/ResourceApplyGradientDescent,2,6.144,3.072,6.144,3.072,7.939796800905448e-05,0.9973947541747021,0.0,0.0
65,Device,ResourceApplyGradientDescent,SGD/SGD/update_3/ResourceApplyGradientDescent,2,6.144,3.072,6.144,3.072,7.939796800905448e-05,0.9974741521427112,0.0,0.0
66,Device,ResourceApplyGradientDescent,SGD/SGD/update_5/ResourceApplyGradientDescent,2,6.144,3.072,6.144,3.072,7.939796800905448e-05,0.9975535501107202,0.0,0.0
67,Device,ResourceApplyGradientDescent,SGD/SGD/update_7/ResourceApplyGradientDescent,2,6.144,3.072,6.144,3.072,7.939796800905448e-05,0.9976329480787293,0.0,0.0
68,Device,ResourceApplyGradientDescent,SGD/SGD/update_9/ResourceApplyGradientDescent,2,6.144,3.072,6.144,3.072,7.939796800905448e-05,0.9977123460467383,0.0,0.0
69,Device,Minimum,categorical_crossentropy/clip_by_value/Minimum,2,6.144,3.072,6.144,3.072,7.939796800905448e-05,0.9977917440147474,0.0,0.0
70,Device,BroadcastTo,gradient_tape/categorical_crossentropy/BroadcastTo,2,6.144,3.072,6.144,3.072,7.939796800905448e-05,0.9978711419827564,0.0,0.0
71,Device,Neg,gradient_tape/categorical_crossentropy/Neg,2,6.144,3.072,6.144,3.072,7.939796800905448e-05,0.9979505399507654,0.0,0.0
72,Device,Reciprocal,gradient_tape/categorical_crossentropy/Reciprocal,2,6.144,3.072,6.144,3.072,7.939796800905448e-05,0.9980299379187745,0.0,0.0
73,Device,GreaterEqual,gradient_tape/categorical_crossentropy/clip_by_value/GreaterEqual,2,6.144,3.072,6.144,3.072,7.939796800905448e-05,0.9981093358867835,0.0,0.0
74,Device,SelectV2,gradient_tape/categorical_crossentropy/clip_by_value/SelectV2_1,2,6.144,3.072,6.144,3.072,7.939796800905448e-05,0.9981887338547926,0.0,0.0
75,Device,ZerosLike,gradient_tape/categorical_crossentropy/clip_by_value/zeros_like_1,2,6.144,3.072,6.144,3.072,7.939796800905448e-05,0.9982681318228016,0.0,0.0
76,Device,Mul,gradient_tape/categorical_crossentropy/mul,2,6.144,3.072,6.144,3.072,7.939796800905448e-05,0.9983475297908107,0.0,0.0
77,Device,Mul,gradient_tape/categorical_crossentropy/mul/Mul,2,6.144,3.072,6.144,3.072,7.939796800905448e-05,0.9984269277588197,0.0,0.0
78,Device,Mul,gradient_tape/categorical_crossentropy/truediv/mul,2,6.144,3.072,6.144,3.072,7.939796800905448e-05,0.9985063257268287,0.0,0.0
79,Device,DivNoNan,gradient_tape/categorical_crossentropy/weighted_loss/value/div_no_nan,2,6.144,3.072,6.144,3.072,7.939796800905448e-05,0.9985857236948378,0.0,0.0
80,Device,Relu,sequential/dense/Relu,2,6.144,3.072,6.144,3.072,7.939796800905448e-05,0.9986651216628468,0.0,0.0
81,Device,AssignAddVariableOp,AssignAddVariableOp_3,2,5.12,2.56,5.12,2.56,6.616497334087873e-05,0.9987312866361877,0.0,0.0
82,Device,AssignAddVariableOp,AssignAddVariableOp_4,2,5.12,2.56,5.12,2.56,6.616497334087873e-05,0.9987974516095286,0.0,0.0
83,Device,Cast,Cast,2,5.12,2.56,5.12,2.56,6.616497334087873e-05,0.9988636165828695,0.0,0.0
84,Device,Mul,Mul,2,5.12,2.56,5.12,2.56,6.616497334087873e-05,0.9989297815562104,0.0,0.0
85,Device,AssignAddVariableOp,SGD/SGD/AssignAddVariableOp,2,5.12,2.56,5.12,2.56,6.616497334087873e-05,0.9989959465295513,0.0,0.0
86,Device,DivNoNan,categorical_crossentropy/weighted_loss/value,2,5.12,2.56,5.12,2.56,6.616497334087873e-05,0.9990621115028921,0.0,0.0
87,Device,ZerosLike,gradient_tape/categorical_crossentropy/clip_by_value/zeros_like,2,5.12,2.56,5.12,2.56,6.616497334087873e-05,0.999128276476233,0.0,0.0
88,Device,Neg,gradient_tape/categorical_crossentropy/truediv/Neg,2,5.12,2.56,5.12,2.56,6.616497334087873e-05,0.9991944414495739,0.0,0.0
89,Device,Tile,gradient_tape/categorical_crossentropy/weighted_loss/Tile_1,2,5.12,2.56,5.12,2.56,6.616497334087873e-05,0.9992606064229148,0.0,0.0
90,Device,ReluGrad,gradient_tape/sequential/dense/ReluGrad,2,5.12,2.56,5.12,2.56,6.616497334087873e-05,0.9993267713962557,0.0,0.0
91,Device,_Recv,gradient_tape/categorical_crossentropy/ones/_18,2,4.48,2.24,4.48,2.24,5.7894351673268894e-05,0.999384665747929,0.0,0.0
92,Device,_Recv,Size/_14,2,4.32,2.16,4.32,2.16,5.582669625636643e-05,0.9994404924441853,0.0,0.0
93,Device,Cast,Cast_2,2,4.096,2.048,4.096,2.048,5.293197867270298e-05,0.999493424422858,0.0,0.0
94,Device,Sum,Sum_2,2,4.096,2.048,4.096,2.048,5.293197867270298e-05,0.9995463564015308,0.0,0.0
95,Device,Neg,categorical_crossentropy/Neg,2,4.096,2.048,4.096,2.048,5.293197867270298e-05,0.9995992883802035,0.0,0.0
96,Device,Sum,categorical_crossentropy/weighted_loss/Sum,2,4.096,2.048,4.096,2.048,5.293197867270298e-05,0.9996522203588762,0.0,0.0
97,Device,Cast,categorical_crossentropy/weighted_loss/num_elements/Cast,2,4.096,2.048,4.096,2.048,5.293197867270298e-05,0.999705152337549,0.0,0.0
98,Device,DivNoNan,div_no_nan,2,4.096,2.048,4.096,2.048,5.293197867270298e-05,0.9997580843162217,0.0,0.0
99,Device,DivNoNan,div_no_nan_1,2,4.096,2.048,4.096,2.048,5.293197867270298e-05,0.9998110162948944,0.0,0.0
100,Device,_Recv,categorical_crossentropy/weighted_loss/num_elements/_20,2,3.424,1.712,3.424,1.712,4.4247825921712646e-05,0.9998552641208162,0.0,0.0
101,Device,_Recv,gradient_tape/categorical_crossentropy/Shape/_16,2,3.136,1.568,3.136,1.568,4.052604617128822e-05,0.9998957901669875,0.0,0.0
102,Device,LogicalAnd,LogicalAnd,1,3.072,3.072,3.072,3.072,3.969898400452724e-05,0.9999354891509921,0.0,0.0
103,Device,_Recv,strided_slice/_12,2,2.784,1.392,2.784,1.392,3.5977204254102806e-05,0.9999714663552461,0.0,0.0
104,Device,_HostRecv,gradient_tape/categorical_crossentropy/DynamicStitch/_22,2,2.208,1.104,2.208,1.104,2.8533644753253953e-05,0.9999999999999994,0.0,0.0
105,Host,IDLE,IDLE,0,281784.725,0.0,281784.725,0.0,0.0,0.0,0.7999132146470482,0.7999132146470482
106,Host,GatherV2,GatherV2,2,48442.077,24221.0385,48442.077,24221.0385,0.0,0.0,0.13751440053129152,0.9374276151783397
107,Host,_Send,IteratorGetNext/_1,2,12956.897,6478.4485,12956.897,6478.4485,0.0,0.0,0.036781245438767825,0.9742088606171075
108,Host,_Send,IteratorGetNext/_3,2,6167.024,3083.512,6167.024,3083.512,0.0,0.0,0.017506569927257406,0.991715430544365
109,Host,_Send,IteratorGetNext/_6,2,2227.167,1113.5835,2227.167,1113.5835,0.0,0.0,0.006322345238996977,0.998037775783362
110,Host,GatherV2,GatherV2_1,2,335.116,167.558,335.116,167.558,0.0,0.0,0.0009513067709389152,0.9989890825543009
111,Host,Dataset,Iterator::Root::ParallelMapV2::Zip[1]::ForeverRepeat,2,64.191,32.0955,59.751,29.8755,0.0,0.0,0.00016961747833696726,0.9991587000326378
112,Host,FlushSummaryWriter,FlushSummaryWriter,1,46.491,46.491,46.491,46.491,0.0,0.0,0.0001319758026704816,0.9992906758353083
113,Host,LogicalAnd,LogicalAnd,1,42.191,42.191,42.191,42.191,0.0,0.0,0.00011976922609688519,0.9994104450614052
114,Host,Dataset,Iterator::Root::ParallelMapV2,2,40.51,20.255,40.51,20.255,0.0,0.0,0.00011499730627823038,0.9995254423676834
115,Host,IteratorGetNext,IteratorGetNext,2,31.78,15.89,31.78,15.89,0.0,0.0,9.021511709509163e-05,0.9996156574847784
116,Host,WriteSummary,WriteSummary,1,29.011,29.011,29.011,29.011,0.0,0.0,8.235464952944315e-05,0.9996980121343079
117,Host,Dataset,Iterator::Root,2,63.83,31.915,23.32,11.66,0.0,0.0,6.619938737122519e-05,0.999764211521679
118,Host,Dataset,Iterator::Root::ParallelMapV2::Zip[0]::FlatMap[1]::Concatenate[0]::TensorSlice,2,23.291,11.6455,23.291,11.6455,0.0,0.0,6.611706394782187e-05,0.9998303285856268
119,Host,ReadVariableOp,ReadVariableOp,1,14.32,14.32,14.32,14.32,0.0,0.0,4.06507387288141e-05,0.9998709793243556
120,Host,Dataset,Iterator::Root::ParallelMapV2::Zip[0]::FlatMap[1]::Concatenate,2,34.651,17.3255,11.36,5.68,0.0,0.0,3.2248072064198894e-05,0.9999032273964198
121,Host,_HostSend,gradient_tape/categorical_crossentropy/mul/Shape/_9,2,11.07,5.535,11.07,5.535,0.0,0.0,3.142483783016565e-05,0.9999346522342499
122,Host,Dataset,Iterator::Root::ParallelMapV2::Zip,2,113.782,56.891,10.8,5.4,0.0,0.0,3.0658378370893316e-05,0.9999653106126208
123,Host,Dataset,Iterator::Root::ParallelMapV2::Zip[1]::ForeverRepeat::FromTensor,4,4.44,1.11,4.44,1.11,0.0,0.0,1.2603999996922809e-05,0.9999779146126178
124,Host,Dataset,Iterator::Root::ParallelMapV2::Zip[0]::FlatMap,2,38.791,19.3955,4.14,2.07,0.0,0.0,1.1752378375509104e-05,0.9999896669909932
125,Host,Identity,Identity,2,3.64,1.82,3.64,1.82,0.0,0.0,1.0333009006486265e-05,0.9999999999999997
