Rank,Host/device,Type,Operation,#Occurrences,Total time (us),Avg. time (us),Total self-time (us),Avg. self-time (us),Total self-time on Device (%),Cumulative total-self time on Device (%),Total self-time on Host (%),Cumulative total-self time on Host (%)
1,Device,IDLE,IDLE,0,6597.687,0.0,6597.687,0.0,0.1925025258037252,0.1925025258037252,0.0,0.0
2,Device,_Send,IteratorGetNext/_1,2,4694.546,2347.273,4694.546,2347.273,0.1369740581057839,0.32947658390950907,0.0,0.0
3,Device,FusedBatchNormGradV3,gradient_tape/model/conv1_bn/FusedBatchNormGradV3,2,2886.667,1443.3335,2886.667,1443.3335,0.08422507594771653,0.4137016598572256,0.0,0.0
4,Device,Conv2DBackpropFilter,gradient_tape/model/conv1/Conv2D/Conv2DBackpropFilter,2,2351.112,1175.556,2351.112,1175.556,0.06859904061036057,0.4823007004675862,0.0,0.0
5,Device,ReluGrad,gradient_tape/model/conv1/ReluGrad,2,1755.143,877.5715,1755.143,877.5715,0.05121028940092606,0.5335109898685123,0.0,0.0
6,Device,FusedBatchNormV3,model/conv1_bn/FusedBatchNormV3,4,1720.326,430.0815,1720.326,430.0815,0.05019442422864549,0.5837054140971578,0.0,0.0
7,Device,_FusedConv2D,model/conv1/Relu,2,1668.103,834.0515,1668.103,834.0515,0.04867069941341132,0.6323761135105691,0.0,0.0
8,Device,MaxPoolGrad,gradient_tape/model/conv1_max_pool/MaxPool/MaxPoolGrad,2,1600.518,800.259,1600.518,800.259,0.046698753304654596,0.6790748668152237,0.0,0.0
9,Device,MaxPool,model/conv1_max_pool/MaxPool,2,680.964,340.482,680.964,340.482,0.019868673670243517,0.6989435404854671,0.0,0.0
10,Device,BiasAddGrad,gradient_tape/model/conv1/BiasAdd/BiasAddGrad,2,539.65,269.825,539.65,269.825,0.015745516277140808,0.714689056762608,0.0,0.0
11,Device,AddN,SGD/gradients/AddN_3,2,414.722,207.361,414.722,207.361,0.012100457706825517,0.7267895144694335,0.0,0.0
12,Device,Conv2DBackpropInput,gradient_tape/model/ResBlock21_pooling_conv/Conv2D/Conv2DBackpropInput,2,382.978,191.489,382.978,191.489,0.011174254299614255,0.7379637687690478,0.0,0.0
13,Device,Conv2DBackpropInput,gradient_tape/model/ResBlock21_conv1/Conv2D/Conv2DBackpropInput,2,378.882,189.441,378.882,189.441,0.011054744182554737,0.7490185129516025,0.0,0.0
14,Device,Transpose,gradient_tape/model/conv1/Conv2D/Conv2DBackpropFilter-0-TransposeNHWCToNCHW-LayoutOptimizer,2,240.64,120.32,240.64,120.32,0.0070212193772466675,0.7560397323288491,0.0,0.0
15,Device,Conv2DBackpropFilter,gradient_tape/model/ResBlock21_conv1/Conv2D/Conv2DBackpropFilter,2,205.824,102.912,205.824,102.912,0.006005383382240767,0.7620451157110899,0.0,0.0
16,Device,Conv2DBackpropFilter,gradient_tape/model/ResBlock21_pooling_conv/Conv2D/Conv2DBackpropFilter,2,205.824,102.912,205.824,102.912,0.006005383382240767,0.7680504990933307,0.0,0.0
17,Device,FusedBatchNormGradV3,gradient_tape/model/ResBlock21_bn1/FusedBatchNormGradV3,2,188.416,94.208,188.416,94.208,0.005497465384737816,0.7735479644780685,0.0,0.0
18,Device,FusedBatchNormGradV3,gradient_tape/model/ResBlock21_pooling_bn/FusedBatchNormGradV3,2,188.416,94.208,188.416,94.208,0.005497465384737816,0.7790454298628063,0.0,0.0
19,Device,FusedBatchNormGradV3,gradient_tape/model/ResBlock22_bn1/FusedBatchNormGradV3,2,187.393,93.6965,187.393,93.6965,0.0054676170327476094,0.7845130468955539,0.0,0.0
20,Device,FusedBatchNormGradV3,gradient_tape/model/ResBlock21_bn2/FusedBatchNormGradV3,2,187.392,93.696,187.392,93.696,0.005467587855472937,0.7899806347510269,0.0,0.0
21,Device,FusedBatchNormGradV3,gradient_tape/model/ResBlock22_bn2/FusedBatchNormGradV3,2,185.344,92.672,185.344,92.672,0.005407832796943178,0.79538846754797,0.0,0.0
22,Device,Conv2DBackpropFilter,gradient_tape/model/ResBlock21_conv2/Conv2D/Conv2DBackpropFilter,2,169.986,84.993,169.986,84.993,0.004959728212519332,0.8003481957604893,0.0,0.0
23,Device,Conv2DBackpropFilter,gradient_tape/model/ResBlock22_conv1/Conv2D/Conv2DBackpropFilter,2,168.961,84.4805,168.961,84.4805,0.00492982150597978,0.8052780172664691,0.0,0.0
24,Device,Conv2DBackpropFilter,gradient_tape/model/ResBlock22_conv2/Conv2D/Conv2DBackpropFilter,2,167.937,83.9685,167.937,83.9685,0.004899943976714901,0.810177961243184,0.0,0.0
25,Device,Conv2DBackpropFilter,gradient_tape/model/ResBlock31_conv2/Conv2D/Conv2DBackpropFilter,2,142.337,71.1685,142.337,71.1685,0.004153005745092914,0.8143309669882769,0.0,0.0
26,Device,Conv2D,model/ResBlock21_pooling_conv/Conv2D,2,136.192,68.096,136.192,68.096,0.003973711392228965,0.8183046783805059,0.0,0.0
27,Device,Conv2DBackpropFilter,gradient_tape/model/ResBlock32_conv2/Conv2D/Conv2DBackpropFilter,2,135.169,67.5845,135.169,67.5845,0.003943863040238759,0.8222485414207447,0.0,0.0
28,Device,Conv2DBackpropFilter,gradient_tape/model/ResBlock32_conv1/Conv2D/Conv2DBackpropFilter,2,132.097,66.0485,132.097,66.0485,0.0038542304524441205,0.8261027718731888,0.0,0.0
29,Device,SoftmaxCrossEntropyWithLogits,categorical_crossentropy/softmax_cross_entropy_with_logits,2,128.002,64.001,128.002,64.001,0.003734749512659275,0.8298375213858481,0.0,0.0
30,Device,Conv2DBackpropInput,gradient_tape/model/ResBlock31_conv1/Conv2D/Conv2DBackpropInput,2,128.001,64.0005,128.001,64.0005,0.0037347203353846024,0.8335722417212327,0.0,0.0
31,Device,Conv2DBackpropInput,gradient_tape/model/ResBlock31_pooling_conv/Conv2D/Conv2DBackpropInput,2,128.0,64.0,128.0,64.0,0.0037346911581099297,0.8373069328793427,0.0,0.0
32,Device,Conv2D,model/ResBlock21_conv1/Conv2D,2,128.0,64.0,128.0,64.0,0.0037346911581099297,0.8410416240374526,0.0,0.0
33,Device,FusedBatchNormV3,model/ResBlock21_bn1/FusedBatchNormV3,4,114.689,28.67225,114.689,28.67225,0.0033463124549411695,0.8443879364923939,0.0,0.0
34,Device,FusedBatchNormV3,model/ResBlock21_pooling_bn/FusedBatchNormV3,4,114.688,28.672,114.688,28.672,0.003346283277666497,0.8477342197700604,0.0,0.0
35,Device,FusedBatchNormV3,model/ResBlock21_bn2/FusedBatchNormV3,4,111.617,27.90425,111.617,27.90425,0.0032566798671465314,0.8509908996372069,0.0,0.0
36,Device,AddV2,model/ResBlock22_add/add,2,108.545,54.2725,108.545,54.2725,0.0031670472793518933,0.8541579469165588,0.0,0.0
37,Device,AddV2,model/ResBlock21_add/add,2,108.544,54.272,108.544,54.272,0.00316701810207722,0.857324965018636,0.0,0.0
38,Device,AddN,SGD/gradients/AddN_2,2,107.521,53.7605,107.521,53.7605,0.0031371697500870138,0.860462134768723,0.0,0.0
39,Device,FusedBatchNormV3,model/ResBlock22_bn1/FusedBatchNormV3,4,107.521,26.88025,107.521,26.88025,0.0031371697500870138,0.8635993045188101,0.0,0.0
40,Device,FusedBatchNormV3,model/ResBlock22_bn2/FusedBatchNormV3,4,107.52,26.88,107.52,26.88,0.0031371405728123406,0.8667364450916224,0.0,0.0
41,Device,ReluGrad,gradient_tape/model/tf.nn.relu_2/ReluGrad,2,106.496,53.248,106.496,53.248,0.0031072630435474615,0.8698437081351699,0.0,0.0
42,Device,ReluGrad,gradient_tape/model/tf.nn.relu_1/ReluGrad,2,104.449,52.2245,104.449,52.2245,0.003047537162292375,0.8728912452974622,0.0,0.0
43,Device,ReluGrad,gradient_tape/model/tf.nn.relu_3/ReluGrad,2,104.449,52.2245,104.449,52.2245,0.003047537162292375,0.8759387824597545,0.0,0.0
44,Device,AddN,SGD/gradients/AddN_1,2,100.352,50.176,100.352,50.176,0.002927997867958185,0.8788667803277127,0.0,0.0
45,Device,Conv2DBackpropInput,gradient_tape/model/ResBlock21_conv2/Conv2D/Conv2DBackpropInput,2,98.304,49.152,98.304,49.152,0.002868242809428426,0.8817350231371411,0.0,0.0
46,Device,Conv2DBackpropFilter,gradient_tape/model/ResBlock31_pooling_conv/Conv2D/Conv2DBackpropFilter,2,98.304,49.152,98.304,49.152,0.002868242809428426,0.8846032659465696,0.0,0.0
47,Device,ReluGrad,gradient_tape/model/tf.nn.relu/ReluGrad,2,96.258,48.129,96.258,48.129,0.0028085461054480126,0.8874118120520176,0.0,0.0
48,Device,Conv2DBackpropInput,gradient_tape/model/ResBlock22_conv2/Conv2D/Conv2DBackpropInput,2,96.257,48.1285,96.257,48.1285,0.00280851692817334,0.8902203289801909,0.0,0.0
49,Device,Conv2DBackpropInput,gradient_tape/model/ResBlock22_conv1/Conv2D/Conv2DBackpropInput,2,96.256,48.128,96.256,48.128,0.002808487750898667,0.8930288167310896,0.0,0.0
50,Device,Conv2DBackpropFilter,gradient_tape/model/ResBlock31_conv1/Conv2D/Conv2DBackpropFilter,2,92.16,46.08,92.16,46.08,0.002688977633839149,0.8957177943649287,0.0,0.0
51,Device,Conv2D,model/ResBlock21_conv2/Conv2D,2,90.112,45.056,90.112,45.056,0.0026292225753093905,0.8983470169402381,0.0,0.0
52,Device,Conv2D,model/ResBlock22_conv1/Conv2D,2,89.088,44.544,89.088,44.544,0.002599345046044511,0.9009463619862826,0.0,0.0
53,Device,Conv2D,model/ResBlock22_conv2/Conv2D,2,88.064,44.032,88.064,44.032,0.0025694675167796314,0.9035158295030623,0.0,0.0
54,Device,FusedBatchNormGradV3,gradient_tape/model/ResBlock31_pooling_bn/FusedBatchNormGradV3,2,83.968,41.984,83.968,41.984,0.0024499573997201138,0.9059657869027824,0.0,0.0
55,Device,FusedBatchNormGradV3,gradient_tape/model/ResBlock31_bn2/FusedBatchNormGradV3,2,79.873,39.9365,79.873,39.9365,0.002330476459935269,0.9082962633627176,0.0,0.0
56,Device,BiasAdd,model/ResBlock21_conv1/BiasAdd,2,78.848,39.424,78.848,39.424,0.0023005697533957166,0.9105968331161134,0.0,0.0
57,Device,BiasAdd,model/ResBlock21_pooling_conv/BiasAdd,2,77.825,38.9125,77.825,38.9125,0.00227072140140551,0.9128675545175189,0.0,0.0
58,Device,FusedBatchNormGradV3,gradient_tape/model/ResBlock32_bn1/FusedBatchNormGradV3,2,77.824,38.912,77.824,38.912,0.002270692224130837,0.9151382467416497,0.0,0.0
59,Device,FusedBatchNormGradV3,gradient_tape/model/ResBlock31_bn1/FusedBatchNormGradV3,2,76.8,38.4,76.8,38.4,0.0022408146948659576,0.9173790614365156,0.0,0.0
60,Device,FusedBatchNormGradV3,gradient_tape/model/ResBlock32_bn2/FusedBatchNormGradV3,2,76.8,38.4,76.8,38.4,0.0022408146948659576,0.9196198761313815,0.0,0.0
61,Device,Conv2D,model/ResBlock31_pooling_conv/Conv2D,2,74.752,37.376,74.752,37.376,0.002181059636336199,0.9218009357677177,0.0,0.0
62,Device,Relu,model/tf.nn.relu_2/Relu,2,73.729,36.8645,73.729,36.8645,0.002151211284345992,0.9239521470520637,0.0,0.0
63,Device,Relu,model/tf.nn.relu/Relu,2,73.728,36.864,73.728,36.864,0.0021511821070713194,0.9261033291591351,0.0,0.0
64,Device,Relu,model/tf.nn.relu_3/Relu,2,72.705,36.3525,72.705,36.3525,0.0021213337550811126,0.9282246629142162,0.0,0.0
65,Device,Relu,model/tf.nn.relu_1/Relu,2,72.704,36.352,72.704,36.352,0.00212130457780644,0.9303459674920227,0.0,0.0
66,Device,Conv2DBackpropInput,gradient_tape/model/ResBlock32_conv1/Conv2D/Conv2DBackpropInput,2,69.632,34.816,69.632,34.816,0.002031671990011802,0.9323776394820344,0.0,0.0
67,Device,Conv2DBackpropInput,gradient_tape/model/ResBlock32_conv2/Conv2D/Conv2DBackpropInput,2,69.632,34.816,69.632,34.816,0.002031671990011802,0.9344093114720462,0.0,0.0
68,Device,BiasAdd,model/ResBlock22_conv1/BiasAdd,2,68.608,34.304,68.608,34.304,0.0020017944607469223,0.9364111059327931,0.0,0.0
69,Device,BiasAdd,model/ResBlock22_conv2/BiasAdd,2,68.608,34.304,68.608,34.304,0.0020017944607469223,0.93841290039354,0.0,0.0
70,Device,BiasAdd,model/ResBlock21_conv2/BiasAdd,2,67.585,33.7925,67.585,33.7925,0.0019719461087567155,0.9403848465022967,0.0,0.0
71,Device,Conv2DBackpropInput,gradient_tape/model/ResBlock31_conv2/Conv2D/Conv2DBackpropInput,2,67.584,33.792,67.584,33.792,0.0019719169314820427,0.9423567634337787,0.0,0.0
72,Device,Conv2D,model/ResBlock32_conv1/Conv2D,2,66.56,33.28,66.56,33.28,0.0019420394022171634,0.9442988028359959,0.0,0.0
73,Device,Conv2D,model/ResBlock32_conv2/Conv2D,2,66.56,33.28,66.56,33.28,0.0019420394022171634,0.946240842238213,0.0,0.0
74,Device,Conv2D,model/ResBlock31_conv2/Conv2D,2,65.537,32.7685,65.537,32.7685,0.0019121910502269569,0.94815303328844,0.0,0.0
75,Device,Conv2D,model/ResBlock31_conv1/Conv2D,2,64.512,32.256,64.512,32.256,0.0018822843436874046,0.9500353176321275,0.0,0.0
76,Device,BiasAddGrad,gradient_tape/model/ResBlock21_pooling_conv/BiasAdd/BiasAddGrad,2,56.32,28.16,56.32,28.16,0.001643264109568369,0.9516785817416958,0.0,0.0
77,Device,ReluGrad,gradient_tape/model/tf.nn.relu_4/ReluGrad,2,51.2,25.6,51.2,25.6,0.001493876463243972,0.9531724582049398,0.0,0.0
78,Device,FusedBatchNormV3,model/ResBlock31_pooling_bn/FusedBatchNormV3,4,47.104,11.776,47.104,11.776,0.001374366346184454,0.9545468245511243,0.0,0.0
79,Device,BiasAddGrad,gradient_tape/model/ResBlock21_conv1/BiasAdd/BiasAddGrad,2,44.032,22.016,44.032,22.016,0.0012847337583898157,0.955831558309514,0.0,0.0
80,Device,BiasAddGrad,gradient_tape/model/ResBlock21_conv2/BiasAdd/BiasAddGrad,2,43.008,21.504,43.008,21.504,0.0012548562291249364,0.957086414538639,0.0,0.0
81,Device,ReluGrad,gradient_tape/model/tf.nn.relu_5/ReluGrad,2,43.008,21.504,43.008,21.504,0.0012548562291249364,0.9583412707677639,0.0,0.0
82,Device,ReluGrad,gradient_tape/model/tf.nn.relu_7/ReluGrad,2,43.008,21.504,43.008,21.504,0.0012548562291249364,0.9595961269968888,0.0,0.0
83,Device,BiasAddGrad,gradient_tape/model/ResBlock22_conv1/BiasAdd/BiasAddGrad,2,41.984,20.992,41.984,20.992,0.0012249786998600569,0.9608211056967488,0.0,0.0
84,Device,BiasAddGrad,gradient_tape/model/ResBlock22_conv2/BiasAdd/BiasAddGrad,2,41.984,20.992,41.984,20.992,0.0012249786998600569,0.9620460843966089,0.0,0.0
85,Device,FusedBatchNormV3,model/ResBlock31_bn1/FusedBatchNormV3,4,41.984,10.496,41.984,10.496,0.0012249786998600569,0.9632710630964689,0.0,0.0
86,Device,BiasAdd,model/ResBlock31_conv1/BiasAdd,2,41.984,20.992,41.984,20.992,0.0012249786998600569,0.964496041796329,0.0,0.0
87,Device,ReluGrad,gradient_tape/model/tf.nn.relu_6/ReluGrad,2,40.961,20.4805,40.961,20.4805,0.00119513034786985,0.9656911721441989,0.0,0.0
88,Device,Relu,model/tf.nn.relu_4/Relu,2,40.96,20.48,40.96,20.48,0.0011951011705951776,0.966886273314794,0.0,0.0
89,Device,BiasAdd,model/ResBlock31_pooling_conv/BiasAdd,2,38.912,19.456,38.912,19.456,0.0011353461120654185,0.9680216194268595,0.0,0.0
90,Device,AddV2,model/ResBlock32_add/add,2,37.888,18.944,37.888,18.944,0.001105468582800539,0.9691270880096601,0.0,0.0
91,Device,AddN,SGD/gradients/AddN,2,36.864,18.432,36.864,18.432,0.0010755910535356597,0.9702026790631957,0.0,0.0
92,Device,AddV2,model/ResBlock31_add/add,2,36.864,18.432,36.864,18.432,0.0010755910535356597,0.9712782701167313,0.0,0.0
93,Device,FusedBatchNormV3,model/ResBlock31_bn2/FusedBatchNormV3,4,32.769,8.19225,32.769,8.19225,0.0009561101137508147,0.9722343802304821,0.0,0.0
94,Device,FusedBatchNormV3,model/ResBlock32_bn1/FusedBatchNormV3,4,32.768,8.192,32.768,8.192,0.000956080936476142,0.9731904611669583,0.0,0.0
95,Device,FusedBatchNormV3,model/ResBlock32_bn2/FusedBatchNormV3,4,29.696,7.424,29.696,7.424,0.0008664483486815037,0.9740569095156398,0.0,0.0
96,Device,ArgMax,ArgMax,2,26.624,13.312,26.624,13.312,0.0007768157608868654,0.9748337252765267,0.0,0.0
97,Device,Mean,model/GAP/Mean,2,25.601,12.8005,25.601,12.8005,0.0007469674088966587,0.9755806926854234,0.0,0.0
98,Device,BiasAddGrad,gradient_tape/model/ResBlock31_conv1/BiasAdd/BiasAddGrad,2,24.576,12.288,24.576,12.288,0.0007170607023571066,0.9762977533877805,0.0,0.0
99,Device,BiasAddGrad,gradient_tape/model/ResBlock31_pooling_conv/BiasAdd/BiasAddGrad,2,24.576,12.288,24.576,12.288,0.0007170607023571066,0.9770148140901376,0.0,0.0
100,Device,BiasAddGrad,gradient_tape/model/ResBlock32_conv1/BiasAdd/BiasAddGrad,2,24.576,12.288,24.576,12.288,0.0007170607023571066,0.9777318747924947,0.0,0.0
101,Device,Transpose,model/tf.nn.relu_7/Relu-0-0-TransposeNCHWToNHWC-LayoutOptimizer,2,24.576,12.288,24.576,12.288,0.0007170607023571066,0.9784489354948518,0.0,0.0
102,Device,BiasAddGrad,gradient_tape/model/ResBlock31_conv2/BiasAdd/BiasAddGrad,2,23.552,11.776,23.552,11.776,0.000687183173092227,0.979136118667944,0.0,0.0
103,Device,BiasAddGrad,gradient_tape/model/ResBlock32_conv2/BiasAdd/BiasAddGrad,2,23.552,11.776,23.552,11.776,0.000687183173092227,0.9798233018410363,0.0,0.0
104,Device,ArgMax,ArgMax_1,2,20.48,10.24,20.48,10.24,0.0005975505852975888,0.9804208524263338,0.0,0.0
105,Device,Softmax,model/dense/Softmax,2,20.48,10.24,20.48,10.24,0.0005975505852975888,0.9810184030116313,0.0,0.0
106,Device,RealDiv,gradient_tape/model/GAP/truediv,2,19.456,9.728,19.456,9.728,0.0005676730560327093,0.981586076067664,0.0,0.0
107,Device,Transpose,gradient_tape/model/tf.nn.relu_7/ReluGrad-0-TransposeNHWCToNCHW-LayoutOptimizer,2,19.456,9.728,19.456,9.728,0.0005676730560327093,0.9821537491236967,0.0,0.0
108,Device,BroadcastTo,gradient_tape/model/GAP/BroadcastTo,2,18.432,9.216,18.432,9.216,0.0005377955267678299,0.9826915446504645,0.0,0.0
109,Device,BiasAdd,model/ResBlock32_conv2/BiasAdd,2,16.384,8.192,16.384,8.192,0.000478040468238071,0.9831695851187026,0.0,0.0
110,Device,BiasAdd,model/ResBlock32_conv1/BiasAdd,2,15.36,7.68,15.36,7.68,0.0004481629389731915,0.9836177480576758,0.0,0.0
111,Device,MatMul,gradient_tape/model/dense/MatMul/MatMul,2,14.336,7.168,14.336,7.168,0.0004182854097083121,0.9840360334673841,0.0,0.0
112,Device,MatMul,gradient_tape/model/dense/MatMul/MatMul_1,2,14.336,7.168,14.336,7.168,0.0004182854097083121,0.9844543188770924,0.0,0.0
113,Device,BiasAdd,model/ResBlock31_conv2/BiasAdd,2,14.336,7.168,14.336,7.168,0.0004182854097083121,0.9848726042868008,0.0,0.0
114,Device,MatMul,model/dense/MatMul,2,14.336,7.168,14.336,7.168,0.0004182854097083121,0.9852908896965091,0.0,0.0
115,Device,Relu,model/tf.nn.relu_7/Relu,2,14.336,7.168,14.336,7.168,0.0004182854097083121,0.9857091751062175,0.0,0.0
116,Device,Relu,model/tf.nn.relu_5/Relu,2,13.312,6.656,13.312,6.656,0.0003884078804434327,0.986097582986661,0.0,0.0
117,Device,Relu,model/tf.nn.relu_6/Relu,2,13.312,6.656,13.312,6.656,0.0003884078804434327,0.9864859908671044,0.0,0.0
118,Device,DynamicStitch,gradient_tape/model/GAP/DynamicStitch,2,10.24,5.12,10.24,5.12,0.0002987752926487944,0.9867847661597532,0.0,0.0
119,Device,ResourceApplyGradientDescent,SGD/SGD/update_28/ResourceApplyGradientDescent,2,8.193,4.0965,8.193,4.0965,0.0002390494113937082,0.9870238155711469,0.0,0.0
120,Device,ResourceApplyGradientDescent,SGD/SGD/update_10/ResourceApplyGradientDescent,2,8.192,4.096,8.192,4.096,0.0002390202341190355,0.987262835805266,0.0,0.0
121,Device,ResourceApplyGradientDescent,SGD/SGD/update_36/ResourceApplyGradientDescent,2,8.192,4.096,8.192,4.096,0.0002390202341190355,0.987501856039385,0.0,0.0
122,Device,ResourceApplyGradientDescent,SGD/SGD/update/ResourceApplyGradientDescent,2,7.168,3.584,7.168,3.584,0.00020914270485415605,0.9877109987442392,0.0,0.0
123,Device,ResourceApplyGradientDescent,SGD/SGD/update_14/ResourceApplyGradientDescent,2,7.168,3.584,7.168,3.584,0.00020914270485415605,0.9879201414490933,0.0,0.0
124,Device,ResourceApplyGradientDescent,SGD/SGD/update_16/ResourceApplyGradientDescent,2,7.168,3.584,7.168,3.584,0.00020914270485415605,0.9881292841539475,0.0,0.0
125,Device,ResourceApplyGradientDescent,SGD/SGD/update_24/ResourceApplyGradientDescent,2,7.168,3.584,7.168,3.584,0.00020914270485415605,0.9883384268588017,0.0,0.0
126,Device,ResourceApplyGradientDescent,SGD/SGD/update_4/ResourceApplyGradientDescent,2,7.168,3.584,7.168,3.584,0.00020914270485415605,0.9885475695636559,0.0,0.0
127,Device,ResourceApplyGradientDescent,SGD/SGD/update_40/ResourceApplyGradientDescent,2,7.168,3.584,7.168,3.584,0.00020914270485415605,0.98875671226851,0.0,0.0
128,Device,ResourceApplyGradientDescent,SGD/SGD/update_5/ResourceApplyGradientDescent,2,7.168,3.584,7.168,3.584,0.00020914270485415605,0.9889658549733642,0.0,0.0
129,Device,ResourceApplyGradientDescent,SGD/SGD/update_8/ResourceApplyGradientDescent,2,7.168,3.584,7.168,3.584,0.00020914270485415605,0.9891749976782184,0.0,0.0
130,Device,Mul,gradient_tape/categorical_crossentropy/softmax_cross_entropy_with_logits/mul,2,7.168,3.584,7.168,3.584,0.00020914270485415605,0.9893841403830725,0.0,0.0
131,Device,BiasAddGrad,gradient_tape/model/dense/BiasAdd/BiasAddGrad,2,7.168,3.584,7.168,3.584,0.00020914270485415605,0.9895932830879267,0.0,0.0
132,Device,AssignAddVariableOp,AssignAddVariableOp_1,2,6.144,3.072,6.144,3.072,0.00017926517558927664,0.989772548263516,0.0,0.0
133,Device,AssignAddVariableOp,AssignAddVariableOp_2,2,6.144,3.072,6.144,3.072,0.00017926517558927664,0.9899518134391053,0.0,0.0
134,Device,AssignAddVariableOp,AssignAddVariableOp_4,2,6.144,3.072,6.144,3.072,0.00017926517558927664,0.9901310786146946,0.0,0.0
135,Device,Equal,Equal,2,6.144,3.072,6.144,3.072,0.00017926517558927664,0.9903103437902839,0.0,0.0
136,Device,Mul,Mul,2,6.144,3.072,6.144,3.072,0.00017926517558927664,0.9904896089658732,0.0,0.0
137,Device,AssignAddVariableOp,SGD/SGD/AssignAddVariableOp,2,6.144,3.072,6.144,3.072,0.00017926517558927664,0.9906688741414625,0.0,0.0
138,Device,ResourceApplyGradientDescent,SGD/SGD/update_1/ResourceApplyGradientDescent,2,6.144,3.072,6.144,3.072,0.00017926517558927664,0.9908481393170518,0.0,0.0
139,Device,ResourceApplyGradientDescent,SGD/SGD/update_11/ResourceApplyGradientDescent,2,6.144,3.072,6.144,3.072,0.00017926517558927664,0.9910274044926412,0.0,0.0
140,Device,ResourceApplyGradientDescent,SGD/SGD/update_12/ResourceApplyGradientDescent,2,6.144,3.072,6.144,3.072,0.00017926517558927664,0.9912066696682305,0.0,0.0
141,Device,ResourceApplyGradientDescent,SGD/SGD/update_13/ResourceApplyGradientDescent,2,6.144,3.072,6.144,3.072,0.00017926517558927664,0.9913859348438198,0.0,0.0
142,Device,ResourceApplyGradientDescent,SGD/SGD/update_15/ResourceApplyGradientDescent,2,6.144,3.072,6.144,3.072,0.00017926517558927664,0.9915652000194091,0.0,0.0
143,Device,ResourceApplyGradientDescent,SGD/SGD/update_17/ResourceApplyGradientDescent,2,6.144,3.072,6.144,3.072,0.00017926517558927664,0.9917444651949984,0.0,0.0
144,Device,ResourceApplyGradientDescent,SGD/SGD/update_18/ResourceApplyGradientDescent,2,6.144,3.072,6.144,3.072,0.00017926517558927664,0.9919237303705877,0.0,0.0
145,Device,ResourceApplyGradientDescent,SGD/SGD/update_19/ResourceApplyGradientDescent,2,6.144,3.072,6.144,3.072,0.00017926517558927664,0.992102995546177,0.0,0.0
146,Device,ResourceApplyGradientDescent,SGD/SGD/update_2/ResourceApplyGradientDescent,2,6.144,3.072,6.144,3.072,0.00017926517558927664,0.9922822607217663,0.0,0.0
147,Device,ResourceApplyGradientDescent,SGD/SGD/update_20/ResourceApplyGradientDescent,2,6.144,3.072,6.144,3.072,0.00017926517558927664,0.9924615258973556,0.0,0.0
148,Device,ResourceApplyGradientDescent,SGD/SGD/update_22/ResourceApplyGradientDescent,2,6.144,3.072,6.144,3.072,0.00017926517558927664,0.9926407910729449,0.0,0.0
149,Device,ResourceApplyGradientDescent,SGD/SGD/update_23/ResourceApplyGradientDescent,2,6.144,3.072,6.144,3.072,0.00017926517558927664,0.9928200562485342,0.0,0.0
150,Device,ResourceApplyGradientDescent,SGD/SGD/update_25/ResourceApplyGradientDescent,2,6.144,3.072,6.144,3.072,0.00017926517558927664,0.9929993214241235,0.0,0.0
151,Device,ResourceApplyGradientDescent,SGD/SGD/update_26/ResourceApplyGradientDescent,2,6.144,3.072,6.144,3.072,0.00017926517558927664,0.9931785865997128,0.0,0.0
152,Device,ResourceApplyGradientDescent,SGD/SGD/update_27/ResourceApplyGradientDescent,2,6.144,3.072,6.144,3.072,0.00017926517558927664,0.9933578517753021,0.0,0.0
153,Device,ResourceApplyGradientDescent,SGD/SGD/update_29/ResourceApplyGradientDescent,2,6.144,3.072,6.144,3.072,0.00017926517558927664,0.9935371169508914,0.0,0.0
154,Device,ResourceApplyGradientDescent,SGD/SGD/update_3/ResourceApplyGradientDescent,2,6.144,3.072,6.144,3.072,0.00017926517558927664,0.9937163821264807,0.0,0.0
155,Device,ResourceApplyGradientDescent,SGD/SGD/update_30/ResourceApplyGradientDescent,2,6.144,3.072,6.144,3.072,0.00017926517558927664,0.99389564730207,0.0,0.0
156,Device,ResourceApplyGradientDescent,SGD/SGD/update_32/ResourceApplyGradientDescent,2,6.144,3.072,6.144,3.072,0.00017926517558927664,0.9940749124776593,0.0,0.0
157,Device,ResourceApplyGradientDescent,SGD/SGD/update_34/ResourceApplyGradientDescent,2,6.144,3.072,6.144,3.072,0.00017926517558927664,0.9942541776532486,0.0,0.0
158,Device,ResourceApplyGradientDescent,SGD/SGD/update_35/ResourceApplyGradientDescent,2,6.144,3.072,6.144,3.072,0.00017926517558927664,0.9944334428288379,0.0,0.0
159,Device,ResourceApplyGradientDescent,SGD/SGD/update_37/ResourceApplyGradientDescent,2,6.144,3.072,6.144,3.072,0.00017926517558927664,0.9946127080044272,0.0,0.0
160,Device,ResourceApplyGradientDescent,SGD/SGD/update_38/ResourceApplyGradientDescent,2,6.144,3.072,6.144,3.072,0.00017926517558927664,0.9947919731800166,0.0,0.0
161,Device,ResourceApplyGradientDescent,SGD/SGD/update_39/ResourceApplyGradientDescent,2,6.144,3.072,6.144,3.072,0.00017926517558927664,0.9949712383556059,0.0,0.0
162,Device,ResourceApplyGradientDescent,SGD/SGD/update_42/ResourceApplyGradientDescent,2,6.144,3.072,6.144,3.072,0.00017926517558927664,0.9951505035311952,0.0,0.0
163,Device,ResourceApplyGradientDescent,SGD/SGD/update_43/ResourceApplyGradientDescent,2,6.144,3.072,6.144,3.072,0.00017926517558927664,0.9953297687067845,0.0,0.0
164,Device,ResourceApplyGradientDescent,SGD/SGD/update_44/ResourceApplyGradientDescent,2,6.144,3.072,6.144,3.072,0.00017926517558927664,0.9955090338823738,0.0,0.0
165,Device,ResourceApplyGradientDescent,SGD/SGD/update_45/ResourceApplyGradientDescent,2,6.144,3.072,6.144,3.072,0.00017926517558927664,0.9956882990579631,0.0,0.0
166,Device,ResourceApplyGradientDescent,SGD/SGD/update_6/ResourceApplyGradientDescent,2,6.144,3.072,6.144,3.072,0.00017926517558927664,0.9958675642335524,0.0,0.0
167,Device,ResourceApplyGradientDescent,SGD/SGD/update_7/ResourceApplyGradientDescent,2,6.144,3.072,6.144,3.072,0.00017926517558927664,0.9960468294091417,0.0,0.0
168,Device,ResourceApplyGradientDescent,SGD/SGD/update_9/ResourceApplyGradientDescent,2,6.144,3.072,6.144,3.072,0.00017926517558927664,0.996226094584731,0.0,0.0
169,Device,Sum,categorical_crossentropy/weighted_loss/Sum,2,6.144,3.072,6.144,3.072,0.00017926517558927664,0.9964053597603203,0.0,0.0
170,Device,DivNoNan,div_no_nan,2,6.144,3.072,6.144,3.072,0.00017926517558927664,0.9965846249359096,0.0,0.0
171,Device,DivNoNan,gradient_tape/categorical_crossentropy/weighted_loss/value/div_no_nan,2,6.144,3.072,6.144,3.072,0.00017926517558927664,0.9967638901114989,0.0,0.0
172,Device,BiasAdd,model/dense/BiasAdd,2,6.144,3.072,6.144,3.072,0.00017926517558927664,0.9969431552870882,0.0,0.0
173,Device,Cast,Cast,2,5.12,2.56,5.12,2.56,0.0001493876463243972,0.9970925429334127,0.0,0.0
174,Device,ResourceApplyGradientDescent,SGD/SGD/update_21/ResourceApplyGradientDescent,2,5.12,2.56,5.12,2.56,0.0001493876463243972,0.9972419305797371,0.0,0.0
175,Device,ResourceApplyGradientDescent,SGD/SGD/update_31/ResourceApplyGradientDescent,2,5.12,2.56,5.12,2.56,0.0001493876463243972,0.9973913182260615,0.0,0.0
176,Device,ResourceApplyGradientDescent,SGD/SGD/update_33/ResourceApplyGradientDescent,2,5.12,2.56,5.12,2.56,0.0001493876463243972,0.997540705872386,0.0,0.0
177,Device,Cast,categorical_crossentropy/weighted_loss/num_elements/Cast,2,5.12,2.56,5.12,2.56,0.0001493876463243972,0.9976900935187104,0.0,0.0
178,Device,DivNoNan,categorical_crossentropy/weighted_loss/value,2,5.12,2.56,5.12,2.56,0.0001493876463243972,0.9978394811650348,0.0,0.0
179,Device,Tile,gradient_tape/categorical_crossentropy/weighted_loss/Tile_1,2,5.12,2.56,5.12,2.56,0.0001493876463243972,0.9979888688113593,0.0,0.0
180,Device,Cast,gradient_tape/model/GAP/Cast,2,5.12,2.56,5.12,2.56,0.0001493876463243972,0.9981382564576837,0.0,0.0
181,Device,AssignAddVariableOp,AssignAddVariableOp,2,4.096,2.048,4.096,2.048,0.00011951011705951775,0.9982577665747432,0.0,0.0
182,Device,AssignAddVariableOp,AssignAddVariableOp_3,2,4.096,2.048,4.096,2.048,0.00011951011705951775,0.9983772766918027,0.0,0.0
183,Device,Cast,Cast_1,2,4.096,2.048,4.096,2.048,0.00011951011705951775,0.9984967868088621,0.0,0.0
184,Device,Cast,Cast_2,2,4.096,2.048,4.096,2.048,0.00011951011705951775,0.9986162969259216,0.0,0.0
185,Device,_Send,IteratorGetNext/_3,1,4.096,4.096,4.096,4.096,0.00011951011705951775,0.998735807042981,0.0,0.0
186,Device,_Recv,IteratorGetNext/_4,1,4.096,4.096,4.096,4.096,0.00011951011705951775,0.9988553171600405,0.0,0.0
187,Device,ResourceApplyGradientDescent,SGD/SGD/update_41/ResourceApplyGradientDescent,2,4.096,2.048,4.096,2.048,0.00011951011705951775,0.9989748272771,0.0,0.0
188,Device,Sum,Sum_2,2,4.096,2.048,4.096,2.048,0.00011951011705951775,0.9990943373941594,0.0,0.0
189,Device,DivNoNan,div_no_nan_1,2,4.096,2.048,4.096,2.048,0.00011951011705951775,0.9992138475112189,0.0,0.0
190,Device,_Recv,gradient_tape/model/GAP/Shape-0-1-DataFormatVecPermuteNCHWToNHWC-LayoutOptimizer/_14,2,4.064,2.032,4.064,2.032,0.00011857644426999027,0.9993324239554888,0.0,0.0
191,Device,_Recv,categorical_crossentropy/weighted_loss/num_elements/_20,2,3.84,1.92,3.84,1.92,0.00011204073474329788,0.9994444646902321,0.0,0.0
192,Device,_Recv,gradient_tape/model/GAP/floordiv/_18,2,3.68,1.84,3.68,1.84,0.00010737237079566048,0.9995518370610277,0.0,0.0
193,Device,_Recv,gradient_tape/model/GAP/ones/_16,2,3.424,1.712,3.424,1.712,9.990298847944061e-05,0.9996517400495071,0.0,0.0
194,Device,_Recv,Size/_22,2,3.296,1.648,3.296,1.648,9.616829732133069e-05,0.9997479083468284,0.0,0.0
195,Device,_Recv,strided_slice/_12,2,3.264,1.632,3.264,1.632,9.52346245318032e-05,0.9998431429713601,0.0,0.0
196,Device,LogicalAnd,LogicalAnd,1,3.072,3.072,3.072,3.072,8.963258779463832e-05,0.9999327755591547,0.0,0.0
197,Device,_HostRecv,gradient_tape/model/GAP/DynamicStitch/_24,2,2.304,1.152,2.304,1.152,6.722444084597873e-05,1.0000000000000007,0.0,0.0
198,Host,IDLE,IDLE,0,137143.32,0.0,137143.32,0.0,0.0,0.0,0.9074931945117194,0.9074931945117194
199,Host,GatherV2,GatherV2,2,5705.938,2852.969,5705.938,2852.969,0.0,0.0,0.037756851032232634,0.945250045543952
200,Host,_Send,IteratorGetNext/_1,2,5124.858,2562.429,5124.858,2562.429,0.0,0.0,0.033911777531993106,0.9791618230759451
201,Host,_Send,IteratorGetNext/_3,2,2576.464,1288.232,2576.464,1288.232,0.0,0.0,0.01704875998265495,0.9962105830586001
202,Host,GatherV2,GatherV2_1,2,95.662,47.831,95.662,47.831,0.0,0.0,0.0006330065071589348,0.996843589565759
203,Host,_Send,IteratorGetNext/_6,2,79.732,39.866,79.732,39.866,0.0,0.0,0.0005275958565448788,0.9973711854223039
204,Host,Dataset,Iterator::Root::ParallelMapV2,2,70.091,35.0455,70.091,35.0455,0.0,0.0,0.0004638002455863028,0.9978349856678902
205,Host,Dataset,Iterator::Root::ParallelMapV2::Zip[1]::ForeverRepeat,2,67.231,33.6155,61.361,30.6805,0.0,0.0,0.0004060328268882043,0.9982410184947784
206,Host,FlushSummaryWriter,FlushSummaryWriter,1,40.591,40.591,40.591,40.591,0.0,0.0,0.0002685953370417546,0.9985096138318201
207,Host,Dataset,Iterator::Root,2,109.721,54.8605,39.63,19.815,0.0,0.0,0.00026223628900408304,0.9987718501208243
208,Host,IteratorGetNext,IteratorGetNext,2,37.95,18.975,37.95,18.975,0.0,0.0,0.0002511195348903596,0.9990229696557146
209,Host,LogicalAnd,LogicalAnd,1,29.88,29.88,29.88,29.88,0.0,0.0,0.00019771941245122382,0.9992206890681657
210,Host,Dataset,Iterator::Root::ParallelMapV2::Zip[0]::FlatMap[1]::Concatenate,2,54.051,27.0255,27.51,13.755,0.0,0.0,0.00018203684861222113,0.9994027259167779
211,Host,Dataset,Iterator::Root::ParallelMapV2::Zip[0]::FlatMap[1]::Concatenate[0]::TensorSlice,2,26.541,13.2705,26.541,13.2705,0.0,0.0,0.00017562486365019851,0.9995783507804281
212,Host,WriteSummary,WriteSummary,1,20.921,20.921,20.921,20.921,0.0,0.0,0.00013843667429357608,0.9997167874547217
213,Host,Dataset,Iterator::Root::ParallelMapV2::Zip,2,140.112,70.056,12.62,6.31,0.0,0.0,8.350799816380336e-05,0.9998002954528855
214,Host,_HostSend,categorical_crossentropy/softmax_cross_entropy_with_logits/Shape_2/_9,2,8.9,4.45,8.9,4.45,0.0,0.0,5.889232834055864e-05,0.9998591877812261
215,Host,ReadVariableOp,ReadVariableOp,1,6.25,6.25,6.25,6.25,0.0,0.0,4.135697214926871e-05,0.9999005447533753
216,Host,Dataset,Iterator::Root::ParallelMapV2::Zip[0]::FlatMap,2,60.261,30.1305,6.21,3.105,0.0,0.0,4.109228752751339e-05,0.9999416370409028
217,Host,Dataset,Iterator::Root::ParallelMapV2::Zip[1]::ForeverRepeat::FromTensor,4,5.87,1.4675,5.87,1.4675,0.0,0.0,3.884246824259317e-05,0.9999804795091454
218,Host,Identity,Identity,2,2.95,1.475,2.95,1.475,0.0,0.0,1.952049085445483e-05,0.9999999999999998
