Rank,Host/device,Type,Operation,#Occurrences,Total time (us),Avg. time (us),Total self-time (us),Avg. self-time (us),Total self-time on Device (%),Cumulative total-self time on Device (%),Total self-time on Host (%),Cumulative total-self time on Host (%)
1,Device,IDLE,IDLE,0,5854.167,0.0,5854.167,0.0,0.8851933632653419,0.8851933632653419,0.0,0.0
2,Device,SoftmaxCrossEntropyWithLogits,categorical_crossentropy/softmax_cross_entropy_with_logits,2,92.16,46.08,92.16,46.08,0.013935273858524007,0.8991286371238659,0.0,0.0
3,Device,Conv2DBackpropFilter,gradient_tape/sequential/conv2d/Conv2D/Conv2DBackpropFilter,4,77.824,19.456,77.824,19.456,0.011767564591642495,0.9108962017155084,0.0,0.0
4,Device,Conv2DBackpropInput,gradient_tape/sequential/conv2d_1/Conv2D/Conv2DBackpropInput,2,49.152,24.576,49.152,24.576,0.007432146057879471,0.9183283477733879,0.0,0.0
5,Device,Conv2DBackpropFilter,gradient_tape/sequential/conv2d_1/Conv2D/Conv2DBackpropFilter,2,40.961,20.4805,40.961,20.4805,0.006193606255631531,0.9245219540290194,0.0,0.0
6,Device,_FusedConv2D,sequential/conv2d_1/Relu,2,38.912,19.456,38.912,19.456,0.005883782295821247,0.9304057363248406,0.0,0.0
7,Device,_FusedConv2D,sequential/conv2d/Relu,2,37.888,18.944,37.888,18.944,0.005728945919615425,0.9361346822444561,0.0,0.0
8,Device,_Send,IteratorGetNext/_1,2,33.248,16.624,33.248,16.624,0.005027343589932793,0.9411620258343889,0.0,0.0
9,Device,MatMul,sequential/dense/MatMul,2,26.624,13.312,26.624,13.312,0.004025745781351379,0.9451877716157403,0.0,0.0
10,Device,MaxPoolGrad,gradient_tape/sequential/max_pooling2d/MaxPool/MaxPoolGrad,2,19.456,9.728,19.456,9.728,0.0029418911479106237,0.948129662763651,0.0,0.0
11,Device,Softmax,sequential/dense/Softmax,2,19.456,9.728,19.456,9.728,0.0029418911479106237,0.9510715539115616,0.0,0.0
12,Device,BiasAddGrad,gradient_tape/sequential/conv2d/BiasAdd/BiasAddGrad,2,14.336,7.168,14.336,7.168,0.0021677092668815124,0.9532392631784431,0.0,0.0
13,Device,MatMul,gradient_tape/sequential/dense/MatMul/MatMul,2,14.336,7.168,14.336,7.168,0.0021677092668815124,0.9554069724453246,0.0,0.0
14,Device,MaxPoolGrad,gradient_tape/sequential/max_pooling2d_1/MaxPool/MaxPoolGrad,2,13.312,6.656,13.312,6.656,0.0020128728906756896,0.9574198453360002,0.0,0.0
15,Device,ReluGrad,gradient_tape/sequential/conv2d/ReluGrad,2,11.264,5.632,11.264,5.632,0.0017032001382640452,0.9591230454742643,0.0,0.0
16,Device,BiasAddGrad,gradient_tape/sequential/conv2d_1/BiasAdd/BiasAddGrad,2,10.24,5.12,10.24,5.12,0.001548363762058223,0.9606714092363225,0.0,0.0
17,Device,MatMul,gradient_tape/sequential/dense/MatMul/MatMul_1,2,10.24,5.12,10.24,5.12,0.001548363762058223,0.9622197729983808,0.0,0.0
18,Device,MaxPool,sequential/max_pooling2d/MaxPool,2,10.24,5.12,10.24,5.12,0.001548363762058223,0.963768136760439,0.0,0.0
19,Device,Transpose,gradient_tape/sequential/conv2d/Conv2D/Conv2DBackpropFilter-0-TransposeNHWCToNCHW-LayoutOptimizer,2,9.216,4.608,9.216,4.608,0.0013935273858524007,0.9651616641462915,0.0,0.0
20,Device,RandomUniform,sequential/dropout/dropout/random_uniform/RandomUniform,2,9.216,4.608,9.216,4.608,0.0013935273858524007,0.9665551915321439,0.0,0.0
21,Device,ArgMax,ArgMax,2,8.192,4.096,8.192,4.096,0.0012386910096465783,0.9677938825417904,0.0,0.0
22,Device,ArgMax,ArgMax_1,2,8.192,4.096,8.192,4.096,0.0012386910096465783,0.969032573551437,0.0,0.0
23,Device,Transpose,gradient_tape/sequential/max_pooling2d_1/MaxPool/MaxPoolGrad-2-TransposeNHWCToNCHW-LayoutOptimizer,2,8.192,4.096,8.192,4.096,0.0012386910096465783,0.9702712645610836,0.0,0.0
24,Device,MaxPool,sequential/max_pooling2d_1/MaxPool,2,8.192,4.096,8.192,4.096,0.0012386910096465783,0.9715099555707302,0.0,0.0
25,Device,ReluGrad,gradient_tape/sequential/conv2d_1/ReluGrad,2,7.168,3.584,7.168,3.584,0.0010838546334407562,0.9725938102041709,0.0,0.0
26,Device,Mul,gradient_tape/sequential/dropout/dropout/Mul_2,2,7.168,3.584,7.168,3.584,0.0010838546334407562,0.9736776648376116,0.0,0.0
27,Device,GreaterEqual,sequential/dropout/dropout/GreaterEqual,2,7.168,3.584,7.168,3.584,0.0010838546334407562,0.9747615194710524,0.0,0.0
28,Device,Mul,sequential/dropout/dropout/Mul,2,7.168,3.584,7.168,3.584,0.0010838546334407562,0.9758453741044931,0.0,0.0
29,Device,Mul,sequential/dropout/dropout/Mul_1,2,7.168,3.584,7.168,3.584,0.0010838546334407562,0.9769292287379339,0.0,0.0
30,Device,Sum,categorical_crossentropy/weighted_loss/Sum,2,6.145,3.0725,6.145,3.0725,0.0009291694646335723,0.9778583982025675,0.0,0.0
31,Device,AssignAddVariableOp,AssignAddVariableOp,2,6.144,3.072,6.144,3.072,0.0009290182572349339,0.9787874164598024,0.0,0.0
32,Device,AssignAddVariableOp,AssignAddVariableOp_2,2,6.144,3.072,6.144,3.072,0.0009290182572349339,0.9797164347170373,0.0,0.0
33,Device,Equal,Equal,2,6.144,3.072,6.144,3.072,0.0009290182572349339,0.9806454529742722,0.0,0.0
34,Device,AssignAddVariableOp,SGD/SGD/AssignAddVariableOp,2,6.144,3.072,6.144,3.072,0.0009290182572349339,0.9815744712315071,0.0,0.0
35,Device,ResourceApplyGradientDescent,SGD/SGD/update/ResourceApplyGradientDescent,2,6.144,3.072,6.144,3.072,0.0009290182572349339,0.982503489488742,0.0,0.0
36,Device,ResourceApplyGradientDescent,SGD/SGD/update_1/ResourceApplyGradientDescent,2,6.144,3.072,6.144,3.072,0.0009290182572349339,0.9834325077459769,0.0,0.0
37,Device,ResourceApplyGradientDescent,SGD/SGD/update_2/ResourceApplyGradientDescent,2,6.144,3.072,6.144,3.072,0.0009290182572349339,0.9843615260032118,0.0,0.0
38,Device,ResourceApplyGradientDescent,SGD/SGD/update_4/ResourceApplyGradientDescent,2,6.144,3.072,6.144,3.072,0.0009290182572349339,0.9852905442604467,0.0,0.0
39,Device,DivNoNan,categorical_crossentropy/weighted_loss/value,2,6.144,3.072,6.144,3.072,0.0009290182572349339,0.9862195625176816,0.0,0.0
40,Device,Mul,gradient_tape/categorical_crossentropy/softmax_cross_entropy_with_logits/mul,2,6.144,3.072,6.144,3.072,0.0009290182572349339,0.9871485807749165,0.0,0.0
41,Device,BiasAddGrad,gradient_tape/sequential/dense/BiasAdd/BiasAddGrad,2,6.144,3.072,6.144,3.072,0.0009290182572349339,0.9880775990321514,0.0,0.0
42,Device,Mul,gradient_tape/sequential/dropout/dropout/Mul,2,6.144,3.072,6.144,3.072,0.0009290182572349339,0.9890066172893863,0.0,0.0
43,Device,BiasAdd,sequential/dense/BiasAdd,2,6.144,3.072,6.144,3.072,0.0009290182572349339,0.9899356355466212,0.0,0.0
44,Device,Transpose,sequential/max_pooling2d_1/MaxPool-0-1-TransposeNCHWToNHWC-LayoutOptimizer,2,6.144,3.072,6.144,3.072,0.0009290182572349339,0.9908646538038561,0.0,0.0
45,Device,AssignAddVariableOp,AssignAddVariableOp_1,2,5.12,2.56,5.12,2.56,0.0007741818810291115,0.9916388356848852,0.0,0.0
46,Device,AssignAddVariableOp,AssignAddVariableOp_3,2,5.12,2.56,5.12,2.56,0.0007741818810291115,0.9924130175659143,0.0,0.0
47,Device,AssignAddVariableOp,AssignAddVariableOp_4,2,5.12,2.56,5.12,2.56,0.0007741818810291115,0.9931871994469433,0.0,0.0
48,Device,Cast,Cast_1,2,5.12,2.56,5.12,2.56,0.0007741818810291115,0.9939613813279724,0.0,0.0
49,Device,Mul,Mul,2,5.12,2.56,5.12,2.56,0.0007741818810291115,0.9947355632090015,0.0,0.0
50,Device,ResourceApplyGradientDescent,SGD/SGD/update_3/ResourceApplyGradientDescent,2,5.12,2.56,5.12,2.56,0.0007741818810291115,0.9955097450900305,0.0,0.0
51,Device,ResourceApplyGradientDescent,SGD/SGD/update_5/ResourceApplyGradientDescent,2,5.12,2.56,5.12,2.56,0.0007741818810291115,0.9962839269710596,0.0,0.0
52,Device,Sum,Sum_2,2,5.12,2.56,5.12,2.56,0.0007741818810291115,0.9970581088520887,0.0,0.0
53,Device,DivNoNan,div_no_nan,2,5.12,2.56,5.12,2.56,0.0007741818810291115,0.9978322907331177,0.0,0.0
54,Device,Cast,sequential/dropout/dropout/Cast,2,5.12,2.56,5.12,2.56,0.0007741818810291115,0.9986064726141468,0.0,0.0
55,Device,DivNoNan,div_no_nan_1,2,4.096,2.048,4.096,2.048,0.0006193455048232892,0.9992258181189702,0.0,0.0
56,Device,LogicalAnd,LogicalAnd,1,3.072,3.072,3.072,3.072,0.00046450912861746693,0.9996903272475877,0.0,0.0
57,Device,_Send,IteratorGetNext/_3,2,2.048,1.024,2.048,1.024,0.0003096727524116446,0.9999999999999993,0.0,0.0
58,Host,IDLE,IDLE,0,23624.162,0.0,23624.162,0.0,0.0,0.0,0.9530479069095137,0.9530479069095137
59,Host,_Send,IteratorGetNext/_1,2,372.806,186.403,372.806,186.403,0.0,0.0,0.015039770637506979,0.9680876775470206
60,Host,_Send,IteratorGetNext/_3,2,295.785,147.8925,295.785,147.8925,0.0,0.0,0.011932583053961048,0.9800202606009817
61,Host,_Send,IteratorGetNext/_6,2,96.282,48.141,96.282,48.141,0.0,0.0,0.003884216446410323,0.983904477047392
62,Host,GatherV2,GatherV2,2,62.47,31.235,62.47,31.235,0.0,0.0,0.002520169932149861,0.9864246469795419
63,Host,Dataset,Iterator::Root::ParallelMapV2,2,47.971,23.9855,47.971,23.9855,0.0,0.0,0.0019352500690757318,0.9883598970486176
64,Host,Dataset,Iterator::Root::ParallelMapV2::Zip[1]::ForeverRepeat,2,48.24,24.12,44.21,22.105,0.0,0.0,0.0017835234944828774,0.9901434205431004
65,Host,FlushSummaryWriter,FlushSummaryWriter,1,35.48,35.48,35.48,35.48,0.0,0.0,0.0014313371088951025,0.9915747576519955
66,Host,LogicalAnd,LogicalAnd,1,34.281,34.281,34.281,34.281,0.0,0.0,0.0013829669512410657,0.9929577246032366
67,Host,IteratorGetNext,IteratorGetNext,2,32.56,16.28,32.56,16.28,0.0,0.0,0.0013135382262013683,0.994271262829438
68,Host,Dataset,Iterator::Root::ParallelMapV2::Zip[0]::FlatMap,2,48.202,24.101,28.681,14.3405,0.0,0.0,0.001157051285801027,0.995428314115239
69,Host,Dataset,Iterator::Root,2,75.371,37.6855,27.4,13.7,0.0,0.0,0.001105373077331618,0.9965336871925706
70,Host,GatherV2,GatherV2_1,2,22.25,11.125,22.25,11.125,0.0,0.0,0.0008976113492930111,0.9974312985418636
71,Host,WriteSummary,WriteSummary,1,21.021,21.021,21.021,21.021,0.0,0.0,0.0008480309291455455,0.9982793294710092
72,Host,Dataset,Iterator::Root::ParallelMapV2::Zip[0]::FlatMap[1]::TensorSlice,2,19.521,9.7605,19.521,9.7605,0.0,0.0,0.0007875178044741065,0.9990668472754832
73,Host,Dataset,Iterator::Root::ParallelMapV2::Zip,2,106.272,53.136,9.83,4.915,0.0,0.0,0.0003965626770134966,0.9994634099524967
74,Host,ReadVariableOp,ReadVariableOp,1,6.391,6.391,6.391,6.391,0.0,0.0,0.0002578262531834442,0.9997212362056802
75,Host,Dataset,Iterator::Root::ParallelMapV2::Zip[1]::ForeverRepeat::FromTensor,4,4.03,1.0075,4.03,1.0075,0.0,0.0,0.0001625785949505993,0.9998838148006308
76,Host,Identity,Identity,2,2.88,1.44,2.88,1.44,0.0,0.0,0.00011618519936916278,1.0
