Rank,Host/device,Type,Operation,#Occurrences,Total time (us),Avg. time (us),Total self-time (us),Avg. self-time (us),Total self-time on Device (%),Cumulative total-self time on Device (%),Total self-time on Host (%),Cumulative total-self time on Host (%)
1,Device,IDLE,IDLE,0,17301.791,0.0,17301.791,0.0,0.45387519582490643,0.45387519582490643,0.0,0.0
2,Device,Conv2DBackpropFilter,gradient_tape/model/conv2d_19/Conv2D/Conv2DBackpropFilter,2,654.338,327.169,654.338,327.169,0.017165147116022704,0.4710403429409291,0.0,0.0
3,Device,Conv2DBackpropFilter,gradient_tape/model/conv2d_18/Conv2D/Conv2DBackpropFilter,2,650.242,325.121,650.242,325.121,0.017057697384252227,0.48809804032518134,0.0,0.0
4,Device,Conv2DBackpropFilter,gradient_tape/model/conv2d_16/Conv2D/Conv2DBackpropFilter,2,625.666,312.833,625.666,312.833,0.01641299899362938,0.5045110393188107,0.0,0.0
5,Device,_Recv,IteratorGetNext/_2,2,480.45,240.225,480.45,240.225,0.012603570221954262,0.5171146095407649,0.0,0.0
6,Device,Conv2DBackpropInput,gradient_tape/model/conv2d_16/Conv2D/Conv2DBackpropInput,4,427.01,106.7525,427.01,106.7525,0.011201687002761349,0.5283162965435263,0.0,0.0
7,Device,Conv2DBackpropInput,gradient_tape/model/conv2d_18/Conv2D/Conv2DBackpropInput,4,425.986,106.4965,425.986,106.4965,0.01117482456981873,0.5394911211133451,0.0,0.0
8,Device,Conv2DBackpropInput,gradient_tape/model/conv2d_19/Conv2D/Conv2DBackpropInput,4,425.986,106.4965,425.986,106.4965,0.01117482456981873,0.5506659456831638,0.0,0.0
9,Device,FusedBatchNormGradV3,gradient_tape/model/batch_normalization/FusedBatchNormGradV3,2,364.545,182.2725,364.545,182.2725,0.009563052360416937,0.5602289980435808,0.0,0.0
10,Device,Conv2D,model/conv2d_16/Conv2D,4,351.234,87.8085,351.234,87.8085,0.009213866965007563,0.5694428650085884,0.0,0.0
11,Device,Conv2D,model/conv2d_18/Conv2D,4,347.137,86.78425,347.137,86.78425,0.009106391000392417,0.5785492560089809,0.0,0.0
12,Device,Conv2D,model/conv2d_19/Conv2D,4,347.137,86.78425,347.137,86.78425,0.009106391000392417,0.5876556470093733,0.0,0.0
13,Device,Conv2DBackpropFilter,gradient_tape/model/conv2d/Conv2D/Conv2DBackpropFilter,2,324.609,162.3045,324.609,162.3045,0.008515417475654805,0.5961710644850281,0.0,0.0
14,Device,Conv2D,model/conv2d/Conv2D,2,284.674,142.337,284.674,142.337,0.007467808823737345,0.6036388733087654,0.0,0.0
15,Device,Conv2DBackpropInput,gradient_tape/model/conv2d_15/Conv2D/Conv2DBackpropInput,2,256.002,128.001,256.002,128.001,0.006715660701344022,0.6103545340101094,0.0,0.0
16,Device,Conv2D,model/conv2d_15/Conv2D,4,253.954,63.4885,253.954,63.4885,0.0066619358354587845,0.6170164698455682,0.0,0.0
17,Device,Conv2DBackpropFilter,gradient_tape/model/conv2d_4/Conv2D/Conv2DBackpropFilter,4,230.401,57.60025,230.401,57.60025,0.006044073644933884,0.6230605434905021,0.0,0.0
18,Device,Conv2DBackpropFilter,gradient_tape/model/conv2d_2/Conv2D/Conv2DBackpropFilter,4,229.378,57.3445,229.378,57.3445,0.0060172374448359345,0.6290777809353381,0.0,0.0
19,Device,Conv2DBackpropFilter,gradient_tape/model/conv2d_1/Conv2D/Conv2DBackpropFilter,4,227.329,56.83225,227.329,56.83225,0.005963486346106027,0.635041267281444,0.0,0.0
20,Device,Conv2DBackpropFilter,gradient_tape/model/conv2d_3/Conv2D/Conv2DBackpropFilter,4,224.256,56.064,224.256,56.064,0.005882872814433501,0.6409241400958775,0.0,0.0
21,Device,ReluGrad,gradient_tape/model/activation/ReluGrad,2,217.09,108.545,217.09,108.545,0.005694888249524511,0.646619028345402,0.0,0.0
22,Device,MaxPoolGrad,gradient_tape/model/max_pooling2d/MaxPool/MaxPoolGrad,2,215.04,107.52,215.04,107.52,0.005641110917949932,0.6522601392633519,0.0,0.0
23,Device,Conv2DBackpropInput,gradient_tape/model/conv2d_5/Conv2D/Conv2DBackpropInput,2,212.993,106.4965,212.993,106.4965,0.005587412284909365,0.6578475515482612,0.0,0.0
24,Device,FusedBatchNormV3,model/batch_normalization/FusedBatchNormV3,4,210.945,52.73625,210.945,52.73625,0.005533687419024127,0.6633812389672854,0.0,0.0
25,Device,Conv2DBackpropFilter,gradient_tape/model/conv2d_13/Conv2D/Conv2DBackpropFilter,2,207.873,103.9365,207.873,103.9365,0.005453100120196271,0.6688343390874817,0.0,0.0
26,Device,Conv2DBackpropFilter,gradient_tape/model/conv2d_14/Conv2D/Conv2DBackpropFilter,2,204.802,102.401,204.802,102.401,0.005372539054213085,0.6742068781416948,0.0,0.0
27,Device,Conv2DBackpropFilter,gradient_tape/model/conv2d_11/Conv2D/Conv2DBackpropFilter,2,202.752,101.376,202.752,101.376,0.005318761722638507,0.6795256398643332,0.0,0.0
28,Device,Conv2DBackpropFilter,gradient_tape/model/conv2d_15/Conv2D/Conv2DBackpropFilter,4,197.632,49.408,197.632,49.408,0.005184449557925414,0.6847100894222586,0.0,0.0
29,Device,Conv2DBackpropFilter,gradient_tape/model/conv2d_5/Conv2D/Conv2DBackpropFilter,2,195.586,97.793,195.586,97.793,0.005130777157729517,0.6898408665799881,0.0,0.0
30,Device,Conv2DBackpropInput,gradient_tape/model/conv2d_14/Conv2D/Conv2DBackpropInput,4,190.464,47.616,190.464,47.616,0.004996412527327083,0.6948372791073152,0.0,0.0
31,Device,Conv2DBackpropFilter,gradient_tape/model/conv2d_10/Conv2D/Conv2DBackpropFilter,2,187.392,93.696,187.392,93.696,0.004915825228499226,0.6997531043358144,0.0,0.0
32,Device,Conv2DBackpropInput,gradient_tape/model/conv2d_13/Conv2D/Conv2DBackpropInput,4,186.369,46.59225,186.369,46.59225,0.004888989028401278,0.7046420933642157,0.0,0.0
33,Device,Conv2DBackpropInput,gradient_tape/model/conv2d_11/Conv2D/Conv2DBackpropInput,4,185.346,46.3365,185.346,46.3365,0.00486215282830333,0.7095042461925191,0.0,0.0
34,Device,Conv2D,model/conv2d_11/Conv2D,4,182.274,45.5685,182.274,45.5685,0.004781565529475474,0.7142858117219946,0.0,0.0
35,Device,Conv2D,model/conv2d_10/Conv2D,4,180.225,45.05625,180.225,45.05625,0.004727814430745565,0.7190136261527401,0.0,0.0
36,Device,Conv2D,model/conv2d_13/Conv2D,4,180.224,45.056,180.224,45.056,0.004727788197900895,0.723741414350641,0.0,0.0
37,Device,Conv2DBackpropFilter,gradient_tape/model/conv2d_8/Conv2D/Conv2DBackpropFilter,2,178.177,89.0885,178.177,89.0885,0.004674089564860328,0.7284155039155014,0.0,0.0
38,Device,Conv2D,model/conv2d_14/Conv2D,4,177.153,44.28825,177.153,44.28825,0.00464722713191771,0.733062731047419,0.0,0.0
39,Device,Conv2DBackpropFilter,gradient_tape/model/conv2d_6/Conv2D/Conv2DBackpropFilter,2,175.105,87.5525,175.105,87.5525,0.004593502266032472,0.7376562333134515,0.0,0.0
40,Device,Conv2DBackpropFilter,gradient_tape/model/conv2d_9/Conv2D/Conv2DBackpropFilter,2,174.08,87.04,174.08,87.04,0.004566613600245183,0.7422228469136967,0.0,0.0
41,Device,Conv2DBackpropInput,gradient_tape/model/conv2d_10/Conv2D/Conv2DBackpropInput,2,173.056,86.528,173.056,86.528,0.004539751167302565,0.7467625980809992,0.0,0.0
42,Device,Conv2D,model/conv2d_5/Conv2D,4,167.937,41.98425,167.937,41.98425,0.004405465235434142,0.7511680633164334,0.0,0.0
43,Device,Relu,model/activation/Relu,2,141.312,70.656,141.312,70.656,0.003707015746081384,0.7548750790625147,0.0,0.0
44,Device,BiasAdd,model/conv2d/BiasAdd,2,136.193,68.0965,136.193,68.0965,0.003572729814212961,0.7584478088767277,0.0,0.0
45,Device,Conv2D,model/conv2d_2/Conv2D,2,130.049,65.0245,130.049,65.0245,0.0034115552165572484,0.7618593640932849,0.0,0.0
46,Device,Conv2DBackpropInput,gradient_tape/model/conv2d_2/Conv2D/Conv2DBackpropInput,2,130.048,65.024,130.048,65.024,0.003411528983712578,0.7652708930769975,0.0,0.0
47,Device,Conv2DBackpropInput,gradient_tape/model/conv2d_1/Conv2D/Conv2DBackpropInput,2,129.025,64.5125,129.025,64.5125,0.0033846927836146297,0.7686555858606121,0.0,0.0
48,Device,Conv2D,model/conv2d_3/Conv2D,2,129.025,64.5125,129.025,64.5125,0.0033846927836146297,0.7720402786442268,0.0,0.0
49,Device,Conv2D,model/conv2d_4/Conv2D,2,129.025,64.5125,129.025,64.5125,0.0033846927836146297,0.7754249714278414,0.0,0.0
50,Device,Conv2DBackpropInput,gradient_tape/model/conv2d_3/Conv2D/Conv2DBackpropInput,2,126.977,63.4885,126.977,63.4885,0.0033309679177293923,0.7787559393455707,0.0,0.0
51,Device,Conv2D,model/conv2d_1/Conv2D,2,126.977,63.4885,126.977,63.4885,0.0033309679177293923,0.7820869072633001,0.0,0.0
52,Device,Conv2DBackpropInput,gradient_tape/model/conv2d_4/Conv2D/Conv2DBackpropInput,2,126.976,63.488,126.976,63.488,0.0033309416848847214,0.7854178489481848,0.0,0.0
53,Device,ResourceApplyGradientDescent,SGD/SGD/update_66/ResourceApplyGradientDescent,2,124.928,62.464,124.928,62.464,0.003277216818999484,0.7886950657671843,0.0,0.0
54,Device,ResourceApplyGradientDescent,SGD/SGD/update_70/ResourceApplyGradientDescent,2,123.905,61.9525,123.905,61.9525,0.003250380618901536,0.7919454463860858,0.0,0.0
55,Device,AddN,SGD/gradients/AddN_25,2,123.905,61.9525,123.905,61.9525,0.003250380618901536,0.7951958270049873,0.0,0.0
56,Device,ResourceApplyGradientDescent,SGD/SGD/update_62/ResourceApplyGradientDescent,2,122.881,61.4405,122.881,61.4405,0.0032235181859589174,0.7984193451909462,0.0,0.0
57,Device,SoftmaxCrossEntropyWithLogits,categorical_crossentropy/softmax_cross_entropy_with_logits,2,122.88,61.44,122.88,61.44,0.0032234919531142466,0.8016428371440604,0.0,0.0
58,Device,Conv2DBackpropInput,gradient_tape/model/conv2d_9/Conv2D/Conv2DBackpropInput,2,122.88,61.44,122.88,61.44,0.0032234919531142466,0.8048663290971746,0.0,0.0
59,Device,Mul,gradient_tape/conv2d_18/kernel/Regularizer/Mul_1,2,121.857,60.9285,121.857,60.9285,0.0031966557530162987,0.8080629848501909,0.0,0.0
60,Device,Conv2DBackpropInput,gradient_tape/model/conv2d_6/Conv2D/Conv2DBackpropInput,2,121.857,60.9285,121.857,60.9285,0.0031966557530162987,0.8112596406032072,0.0,0.0
61,Device,Conv2DBackpropInput,gradient_tape/model/conv2d_8/Conv2D/Conv2DBackpropInput,2,120.833,60.4165,120.833,60.4165,0.00316979332007368,0.8144294339232809,0.0,0.0
62,Device,Mul,gradient_tape/conv2d_19/kernel/Regularizer/Mul_1,2,120.832,60.416,120.832,60.416,0.003169767087229009,0.81759920101051,0.0,0.0
63,Device,Conv2D,model/conv2d_8/Conv2D,2,120.832,60.416,120.832,60.416,0.003169767087229009,0.820768968097739,0.0,0.0
64,Device,Conv2D,model/conv2d_9/Conv2D,2,120.832,60.416,120.832,60.416,0.003169767087229009,0.8239387351849681,0.0,0.0
65,Device,Mul,gradient_tape/conv2d_16/kernel/Regularizer/Mul_1,2,119.808,59.904,119.808,59.904,0.003142904654286391,0.8270816398392544,0.0,0.0
66,Device,Conv2D,model/conv2d_6/Conv2D,2,119.808,59.904,119.808,59.904,0.003142904654286391,0.8302245444935408,0.0,0.0
67,Device,AddN,SGD/gradients/AddN_26,2,115.712,57.856,115.712,57.856,0.0030354549225159156,0.8332599994160567,0.0,0.0
68,Device,AddN,SGD/gradients/AddN_27,2,113.664,56.832,113.664,56.832,0.002981730056630678,0.8362417294726874,0.0,0.0
69,Device,MaxPool,model/max_pooling2d/MaxPool,2,98.304,49.152,98.304,49.152,0.0025787935624913974,0.8388205230351787,0.0,0.0
70,Device,FusedBatchNormGradV3,gradient_tape/model/batch_normalization_1/FusedBatchNormGradV3,2,89.088,44.544,89.088,44.544,0.0023370316660078286,0.8411575547011866,0.0,0.0
71,Device,FusedBatchNormGradV3,gradient_tape/model/batch_normalization_3/FusedBatchNormGradV3,2,88.065,44.0325,88.065,44.0325,0.0023101954659098807,0.8434677501670964,0.0,0.0
72,Device,Conv2DBackpropInput,gradient_tape/model/conv2d_17/Conv2D/Conv2DBackpropInput,4,88.064,22.016,88.064,22.016,0.00231016923306521,0.8457779194001617,0.0,0.0
73,Device,FusedBatchNormGradV3,gradient_tape/model/batch_normalization_4/FusedBatchNormGradV3,2,87.041,43.5205,87.041,43.5205,0.002283333032967262,0.8480612524331289,0.0,0.0
74,Device,FusedBatchNormGradV3,gradient_tape/model/batch_normalization_2/FusedBatchNormGradV3,2,87.04,43.52,87.04,43.52,0.0022833068001225916,0.8503445592332515,0.0,0.0
75,Device,BiasAddGrad,gradient_tape/model/conv2d/BiasAdd/BiasAddGrad,2,86.017,43.0085,86.017,43.0085,0.0022564706000246433,0.8526010298332761,0.0,0.0
76,Device,Square,conv2d_19/kernel/Regularizer/Square,2,82.944,41.472,82.944,41.472,0.0021758570683521167,0.8547768869016282,0.0,0.0
77,Device,Square,conv2d_16/kernel/Regularizer/Square,2,81.92,40.96,81.92,40.96,0.002148994635409498,0.8569258815370377,0.0,0.0
78,Device,Square,conv2d_18/kernel/Regularizer/Square,2,81.92,40.96,81.92,40.96,0.002148994635409498,0.8590748761724473,0.0,0.0
79,Device,Mul,gradient_tape/conv2d_16/kernel/Regularizer/Mul,2,81.92,40.96,81.92,40.96,0.002148994635409498,0.8612238708078568,0.0,0.0
80,Device,Conv2DBackpropInput,gradient_tape/model/conv2d_12/Conv2D/Conv2DBackpropInput,4,78.848,19.712,78.848,19.712,0.0020684073365816414,0.8632922781444384,0.0,0.0
81,Device,Conv2DBackpropFilter,gradient_tape/model/conv2d_7/Conv2D/Conv2DBackpropFilter,2,77.825,38.9125,77.825,38.9125,0.0020415711364836935,0.8653338492809222,0.0,0.0
82,Device,Conv2DBackpropFilter,gradient_tape/model/conv2d_17/Conv2D/Conv2DBackpropFilter,4,76.801,19.20025,76.801,19.20025,0.002014708703541075,0.8673485579844632,0.0,0.0
83,Device,Tile,gradient_tape/conv2d_16/kernel/Regularizer/Tile,2,73.728,36.864,73.728,36.864,0.0019340951718685479,0.8692826531563318,0.0,0.0
84,Device,Conv2DBackpropInput,gradient_tape/model/conv2d_7/Conv2D/Conv2DBackpropInput,2,70.656,35.328,70.656,35.328,0.001853507873040692,0.8711361610293725,0.0,0.0
85,Device,ResourceApplyGradientDescent,SGD/SGD/update_56/ResourceApplyGradientDescent,2,65.536,32.768,65.536,32.768,0.0017191957083275984,0.8728553567377001,0.0,0.0
86,Device,AddN,SGD/gradients/AddN_23,2,62.464,31.232,62.464,31.232,0.001638608409499742,0.8744939651471998,0.0,0.0
87,Device,Mul,gradient_tape/conv2d_15/kernel/Regularizer/Mul_1,2,61.441,30.7205,61.441,30.7205,0.001611772209401794,0.8761057373566016,0.0,0.0
88,Device,Sum,conv2d_16/kernel/Regularizer/Sum,2,60.416,30.208,60.416,30.208,0.0015848835436145046,0.8776906209002161,0.0,0.0
89,Device,Sum,conv2d_19/kernel/Regularizer/Sum,2,58.369,29.1845,58.369,29.1845,0.0015311849105739378,0.87922180581079,0.0,0.0
90,Device,ReluGrad,gradient_tape/model/activation_1/ReluGrad,2,57.344,28.672,57.344,28.672,0.0015042962447866484,0.8807261020555767,0.0,0.0
91,Device,AddN,SGD/gradients/AddN_7,2,53.248,26.624,53.248,26.624,0.0013968465130161736,0.8821229485685929,0.0,0.0
92,Device,Conv2DBackpropFilter,gradient_tape/model/conv2d_12/Conv2D/Conv2DBackpropFilter,2,52.224,26.112,52.224,26.112,0.0013699840800735549,0.8834929326486665,0.0,0.0
93,Device,Sum,conv2d_18/kernel/Regularizer/Sum,2,51.2,25.6,51.2,25.6,0.0013431216471309361,0.8848360542957974,0.0,0.0
94,Device,AddN,SGD/gradients/AddN_6,2,47.104,23.552,47.104,23.552,0.0012356719153604613,0.8860717262111578,0.0,0.0
95,Device,Conv2D,model/conv2d_17/Conv2D,2,47.104,23.552,47.104,23.552,0.0012356719153604613,0.8873073981265183,0.0,0.0
96,Device,Conv2D,model/conv2d_7/Conv2D,2,46.081,23.0405,46.081,23.0405,0.0012088357152625132,0.8885162338417808,0.0,0.0
97,Device,ReluGrad,gradient_tape/model/activation_4/ReluGrad,2,46.08,23.04,46.08,23.04,0.0012088094824178426,0.8897250433241987,0.0,0.0
98,Device,Square,conv2d_15/kernel/Regularizer/Square,2,45.056,22.528,45.056,22.528,0.0011819470494752236,0.8909069903736739,0.0,0.0
99,Device,Mul,gradient_tape/conv2d_15/kernel/Regularizer/Mul,2,44.032,22.016,44.032,22.016,0.001155084616532605,0.8920620749902065,0.0,0.0
100,Device,ReluGrad,gradient_tape/model/activation_2/ReluGrad,2,44.032,22.016,44.032,22.016,0.001155084616532605,0.8932171596067391,0.0,0.0
101,Device,ReluGrad,gradient_tape/model/activation_3/ReluGrad,2,44.032,22.016,44.032,22.016,0.001155084616532605,0.8943722442232717,0.0,0.0
102,Device,AddN,SGD/gradients/AddN_5,2,43.008,21.504,43.008,21.504,0.0011282221835899864,0.8955004664068617,0.0,0.0
103,Device,Tile,gradient_tape/conv2d_15/kernel/Regularizer/Tile,2,40.96,20.48,40.96,20.48,0.001074497317704749,0.8965749637245664,0.0,0.0
104,Device,Relu,model/activation_4/Relu,2,38.912,19.456,38.912,19.456,0.0010207724518195114,0.8975957361763859,0.0,0.0
105,Device,Conv2D,model/conv2d_12/Conv2D,2,38.912,19.456,38.912,19.456,0.0010207724518195114,0.8986165086282054,0.0,0.0
106,Device,Transpose,gradient_tape/model/conv2d/Conv2D/Conv2DBackpropFilter-0-TransposeNHWCToNCHW-LayoutOptimizer,2,37.888,18.944,37.888,18.944,0.0009939100188768926,0.8996104186470824,0.0,0.0
107,Device,AddV2,model/add/add,2,35.841,17.9205,35.841,17.9205,0.0009402113858363258,0.9005506300329187,0.0,0.0
108,Device,FusedBatchNormV3,model/batch_normalization_4/FusedBatchNormV3,4,35.84,8.96,35.84,8.96,0.0009401851529916554,0.9014908151859103,0.0,0.0
109,Device,AddV2,model/add_1/add,2,34.817,17.4085,34.817,17.4085,0.0009133489528937071,0.9024041641388041,0.0,0.0
110,Device,AddN,SGD/gradients/AddN_20,2,34.816,17.408,34.816,17.408,0.0009133227200490366,0.9033174868588532,0.0,0.0
111,Device,AddN,SGD/gradients/AddN_21,2,34.816,17.408,34.816,17.408,0.0009133227200490366,0.9042308095789022,0.0,0.0
112,Device,AddN,SGD/gradients/AddN_22,2,34.816,17.408,34.816,17.408,0.0009133227200490366,0.9051441322989513,0.0,0.0
113,Device,Sum,conv2d_15/kernel/Regularizer/Sum,2,34.816,17.408,34.816,17.408,0.0009133227200490366,0.9060574550190004,0.0,0.0
114,Device,FusedBatchNormV3,model/batch_normalization_1/FusedBatchNormV3,4,33.793,8.44825,33.793,8.44825,0.0008864865199510884,0.9069439415389514,0.0,0.0
115,Device,Mul,gradient_tape/conv2d_11/kernel/Regularizer/Mul_1,2,32.768,16.384,32.768,16.384,0.0008595978541637992,0.9078035393931152,0.0,0.0
116,Device,Mul,gradient_tape/conv2d_13/kernel/Regularizer/Mul_1,2,31.744,15.872,31.744,15.872,0.0008327354212211804,0.9086362748143364,0.0,0.0
117,Device,ReluGrad,gradient_tape/model/activation_5/ReluGrad,2,31.744,15.872,31.744,15.872,0.0008327354212211804,0.9094690102355576,0.0,0.0
118,Device,FusedBatchNormV3,model/batch_normalization_3/FusedBatchNormV3,4,31.744,7.936,31.744,7.936,0.0008327354212211804,0.9103017456567788,0.0,0.0
119,Device,MatMul,model/dense/MatMul,2,31.744,15.872,31.744,15.872,0.0008327354212211804,0.911134481078,0.0,0.0
120,Device,Mul,gradient_tape/conv2d_14/kernel/Regularizer/Mul_1,2,30.72,15.36,30.72,15.36,0.0008058729882785616,0.9119403540662786,0.0,0.0
121,Device,BiasAddGrad,gradient_tape/model/conv2d_1/BiasAdd/BiasAddGrad,2,30.72,15.36,30.72,15.36,0.0008058729882785616,0.9127462270545572,0.0,0.0
122,Device,BiasAddGrad,gradient_tape/model/conv2d_3/BiasAdd/BiasAddGrad,2,29.696,14.848,29.696,14.848,0.000779010555335943,0.9135252376098931,0.0,0.0
123,Device,BiasAddGrad,gradient_tape/model/conv2d_4/BiasAdd/BiasAddGrad,2,29.696,14.848,29.696,14.848,0.000779010555335943,0.914304248165229,0.0,0.0
124,Device,FusedBatchNormV3,model/batch_normalization_2/FusedBatchNormV3,4,29.696,7.424,29.696,7.424,0.000779010555335943,0.915083258720565,0.0,0.0
125,Device,ArgMax,ArgMax,2,28.673,14.3365,28.673,14.3365,0.0007521743552379947,0.915835433075803,0.0,0.0
126,Device,ResourceApplyGradientDescent,SGD/SGD/update_44/ResourceApplyGradientDescent,2,26.624,13.312,26.624,13.312,0.0006984232565080868,0.916533856332311,0.0,0.0
127,Device,FusedBatchNormGradV3,gradient_tape/model/batch_normalization_8/FusedBatchNormGradV3,2,25.6,12.8,25.6,12.8,0.0006715608235654681,0.9172054171558764,0.0,0.0
128,Device,BiasAddGrad,gradient_tape/model/conv2d_15/BiasAdd/BiasAddGrad,2,25.6,12.8,25.6,12.8,0.0006715608235654681,0.9178769779794419,0.0,0.0
129,Device,BiasAddGrad,gradient_tape/model/conv2d_18/BiasAdd/BiasAddGrad,2,25.6,12.8,25.6,12.8,0.0006715608235654681,0.9185485388030074,0.0,0.0
130,Device,BiasAddGrad,gradient_tape/model/conv2d_19/BiasAdd/BiasAddGrad,2,25.6,12.8,25.6,12.8,0.0006715608235654681,0.9192200996265728,0.0,0.0
131,Device,FusedBatchNormV3,model/batch_normalization_14/FusedBatchNormV3,4,25.6,6.4,25.6,6.4,0.0006715608235654681,0.9198916604501383,0.0,0.0
132,Device,BiasAdd,model/conv2d_4/BiasAdd,2,25.6,12.8,25.6,12.8,0.0006715608235654681,0.9205632212737037,0.0,0.0
133,Device,BiasAdd,model/conv2d_3/BiasAdd,2,24.577,12.2885,24.577,12.2885,0.00064472462346752,0.9212079458971713,0.0,0.0
134,Device,FusedBatchNormGradV3,gradient_tape/model/batch_normalization_12/FusedBatchNormGradV3,2,24.576,12.288,24.576,12.288,0.0006446983906228494,0.9218526442877941,0.0,0.0
135,Device,FusedBatchNormV3,model/batch_normalization_13/FusedBatchNormV3,4,24.576,6.144,24.576,6.144,0.0006446983906228494,0.922497342678417,0.0,0.0
136,Device,FusedBatchNormV3,model/batch_normalization_15/FusedBatchNormV3,4,24.576,6.144,24.576,6.144,0.0006446983906228494,0.9231420410690399,0.0,0.0
137,Device,ResourceApplyGradientDescent,SGD/SGD/update_48/ResourceApplyGradientDescent,2,23.552,11.776,23.552,11.776,0.0006178359576802306,0.9237598770267201,0.0,0.0
138,Device,BiasAddGrad,gradient_tape/model/conv2d_17/BiasAdd/BiasAddGrad,2,23.552,11.776,23.552,11.776,0.0006178359576802306,0.9243777129844004,0.0,0.0
139,Device,BiasAdd,model/conv2d_2/BiasAdd,2,23.552,11.776,23.552,11.776,0.0006178359576802306,0.9249955489420807,0.0,0.0
140,Device,ResourceApplyGradientDescent,SGD/SGD/update_52/ResourceApplyGradientDescent,2,22.529,11.2645,22.529,11.2645,0.0005909997575822824,0.925586548699663,0.0,0.0
141,Device,Sum,conv2d_11/kernel/Regularizer/Sum,2,22.528,11.264,22.528,11.264,0.0005909735247376118,0.9261775222244005,0.0,0.0
142,Device,Sum,conv2d_14/kernel/Regularizer/Sum,2,22.528,11.264,22.528,11.264,0.0005909735247376118,0.9267684957491381,0.0,0.0
143,Device,ReluGrad,gradient_tape/model/activation_8/ReluGrad,2,22.528,11.264,22.528,11.264,0.0005909735247376118,0.9273594692738757,0.0,0.0
144,Device,FusedBatchNormGradV3,gradient_tape/model/batch_normalization_10/FusedBatchNormGradV3,2,22.528,11.264,22.528,11.264,0.0005909735247376118,0.9279504427986133,0.0,0.0
145,Device,FusedBatchNormGradV3,gradient_tape/model/batch_normalization_11/FusedBatchNormGradV3,2,22.528,11.264,22.528,11.264,0.0005909735247376118,0.9285414163233509,0.0,0.0
146,Device,FusedBatchNormGradV3,gradient_tape/model/batch_normalization_5/FusedBatchNormGradV3,2,22.528,11.264,22.528,11.264,0.0005909735247376118,0.9291323898480884,0.0,0.0
147,Device,FusedBatchNormGradV3,gradient_tape/model/batch_normalization_6/FusedBatchNormGradV3,2,22.528,11.264,22.528,11.264,0.0005909735247376118,0.929723363372826,0.0,0.0
148,Device,FusedBatchNormGradV3,gradient_tape/model/batch_normalization_9/FusedBatchNormGradV3,2,22.528,11.264,22.528,11.264,0.0005909735247376118,0.9303143368975636,0.0,0.0
149,Device,FusedBatchNormV3,model/batch_normalization_16/FusedBatchNormV3,4,22.528,5.632,22.528,5.632,0.0005909735247376118,0.9309053104223012,0.0,0.0
150,Device,BiasAdd,model/conv2d_1/BiasAdd,2,22.528,11.264,22.528,11.264,0.0005909735247376118,0.9314962839470388,0.0,0.0
151,Device,Square,conv2d_13/kernel/Regularizer/Square,2,21.505,10.7525,21.505,10.7525,0.0005641373246396637,0.9320604212716784,0.0,0.0
152,Device,Square,conv2d_14/kernel/Regularizer/Square,2,21.505,10.7525,21.505,10.7525,0.0005641373246396637,0.9326245585963181,0.0,0.0
153,Device,AddN,SGD/gradients/AddN_4,2,21.504,10.752,21.504,10.752,0.0005641110917949932,0.9331886696881131,0.0,0.0
154,Device,Square,conv2d_11/kernel/Regularizer/Square,2,21.504,10.752,21.504,10.752,0.0005641110917949932,0.9337527807799081,0.0,0.0
155,Device,Sum,conv2d_13/kernel/Regularizer/Sum,2,21.504,10.752,21.504,10.752,0.0005641110917949932,0.9343168918717031,0.0,0.0
156,Device,Tile,gradient_tape/conv2d_11/kernel/Regularizer/Tile,2,21.504,10.752,21.504,10.752,0.0005641110917949932,0.9348810029634981,0.0,0.0
157,Device,FusedBatchNormGradV3,gradient_tape/model/batch_normalization_7/FusedBatchNormGradV3,2,21.504,10.752,21.504,10.752,0.0005641110917949932,0.9354451140552931,0.0,0.0
158,Device,BiasAddGrad,gradient_tape/model/conv2d_13/BiasAdd/BiasAddGrad,2,21.504,10.752,21.504,10.752,0.0005641110917949932,0.9360092251470881,0.0,0.0
159,Device,BiasAddGrad,gradient_tape/model/conv2d_14/BiasAdd/BiasAddGrad,2,21.504,10.752,21.504,10.752,0.0005641110917949932,0.9365733362388831,0.0,0.0
160,Device,Softmax,model/dense/Softmax,2,21.504,10.752,21.504,10.752,0.0005641110917949932,0.937137447330678,0.0,0.0
161,Device,AddN,SGD/gradients/AddN_18,2,20.481,10.2405,20.481,10.2405,0.000537274891697045,0.9376747222223751,0.0,0.0
162,Device,FusedBatchNormGradV3,gradient_tape/model/batch_normalization_14/FusedBatchNormGradV3,2,20.481,10.2405,20.481,10.2405,0.000537274891697045,0.9382119971140722,0.0,0.0
163,Device,FusedBatchNormGradV3,gradient_tape/model/batch_normalization_15/FusedBatchNormGradV3,2,20.481,10.2405,20.481,10.2405,0.000537274891697045,0.9387492720057693,0.0,0.0
164,Device,BiasAddGrad,gradient_tape/model/conv2d_9/BiasAdd/BiasAddGrad,2,20.481,10.2405,20.481,10.2405,0.000537274891697045,0.9392865468974664,0.0,0.0
165,Device,ReluGrad,gradient_tape/model/activation_6/ReluGrad,2,20.48,10.24,20.48,10.24,0.0005372486588523745,0.9398237955563188,0.0,0.0
166,Device,FusedBatchNormGradV3,gradient_tape/model/batch_normalization_13/FusedBatchNormGradV3,2,20.48,10.24,20.48,10.24,0.0005372486588523745,0.9403610442151712,0.0,0.0
167,Device,BiasAddGrad,gradient_tape/model/conv2d_12/BiasAdd/BiasAddGrad,2,20.48,10.24,20.48,10.24,0.0005372486588523745,0.9408982928740236,0.0,0.0
168,Device,BiasAddGrad,gradient_tape/model/conv2d_8/BiasAdd/BiasAddGrad,2,20.48,10.24,20.48,10.24,0.0005372486588523745,0.941435541532876,0.0,0.0
169,Device,FusedBatchNormV3,model/batch_normalization_11/FusedBatchNormV3,4,20.48,5.12,20.48,5.12,0.0005372486588523745,0.9419727901917284,0.0,0.0
170,Device,FusedBatchNormV3,model/batch_normalization_5/FusedBatchNormV3,4,20.48,5.12,20.48,5.12,0.0005372486588523745,0.9425100388505808,0.0,0.0
171,Device,BiasAddGrad,gradient_tape/model/conv2d_2/BiasAdd/BiasAddGrad,2,19.457,9.7285,19.457,9.7285,0.0005104124587544263,0.9430204513093352,0.0,0.0
172,Device,Mul,gradient_tape/conv2d_10/kernel/Regularizer/Mul_1,2,19.456,9.728,19.456,9.728,0.0005103862259097557,0.9435308375352449,0.0,0.0
173,Device,ReluGrad,gradient_tape/model/activation_9/ReluGrad,2,19.456,9.728,19.456,9.728,0.0005103862259097557,0.9440412237611546,0.0,0.0
174,Device,BiasAddGrad,gradient_tape/model/conv2d_10/BiasAdd/BiasAddGrad,2,19.456,9.728,19.456,9.728,0.0005103862259097557,0.9445516099870643,0.0,0.0
175,Device,FusedBatchNormV3,model/batch_normalization_12/FusedBatchNormV3,4,19.456,4.864,19.456,4.864,0.0005103862259097557,0.945061996212974,0.0,0.0
176,Device,FusedBatchNormV3,model/batch_normalization_9/FusedBatchNormV3,4,19.456,4.864,19.456,4.864,0.0005103862259097557,0.9455723824388838,0.0,0.0
177,Device,ArgMax,ArgMax_1,2,18.432,9.216,18.432,9.216,0.00048352379296713697,0.9460559062318509,0.0,0.0
178,Device,AddN,ArithmeticOptimizer/AddOpsRewrite_AddN_1,4,18.432,4.608,18.432,4.608,0.00048352379296713697,0.946539430024818,0.0,0.0
179,Device,Sum,conv2d_10/kernel/Regularizer/Sum,2,18.432,9.216,18.432,9.216,0.00048352379296713697,0.9470229538177851,0.0,0.0
180,Device,ReluGrad,gradient_tape/model/activation_7/ReluGrad,2,18.432,9.216,18.432,9.216,0.00048352379296713697,0.9475064776107522,0.0,0.0
181,Device,FusedBatchNormGradV3,gradient_tape/model/batch_normalization_16/FusedBatchNormGradV3,2,18.432,9.216,18.432,9.216,0.00048352379296713697,0.9479900014037194,0.0,0.0
182,Device,FusedBatchNormV3,model/batch_normalization_10/FusedBatchNormV3,4,18.432,4.608,18.432,4.608,0.00048352379296713697,0.9484735251966865,0.0,0.0
183,Device,FusedBatchNormV3,model/batch_normalization_6/FusedBatchNormV3,4,18.432,4.608,18.432,4.608,0.00048352379296713697,0.9489570489896536,0.0,0.0
184,Device,FusedBatchNormV3,model/batch_normalization_7/FusedBatchNormV3,4,18.432,4.608,18.432,4.608,0.00048352379296713697,0.9494405727826207,0.0,0.0
185,Device,FusedBatchNormV3,model/batch_normalization_8/FusedBatchNormV3,4,18.432,4.608,18.432,4.608,0.00048352379296713697,0.9499240965755879,0.0,0.0
186,Device,AddN,SGD/gradients/AddN_3,2,17.408,8.704,17.408,8.704,0.0004566613600245183,0.9503807579356124,0.0,0.0
187,Device,Sum,conv2d_9/kernel/Regularizer/Sum,2,17.408,8.704,17.408,8.704,0.0004566613600245183,0.9508374192956369,0.0,0.0
188,Device,ReluGrad,gradient_tape/model/activation_12/ReluGrad,2,17.408,8.704,17.408,8.704,0.0004566613600245183,0.9512940806556615,0.0,0.0
189,Device,Sum,conv2d_17/kernel/Regularizer/Sum,2,16.384,8.192,16.384,8.192,0.0004297989270818996,0.9517238795827434,0.0,0.0
190,Device,Sum,conv2d_6/kernel/Regularizer/Sum,2,16.384,8.192,16.384,8.192,0.0004297989270818996,0.9521536785098254,0.0,0.0
191,Device,Sum,conv2d_8/kernel/Regularizer/Sum,2,16.384,8.192,16.384,8.192,0.0004297989270818996,0.9525834774369073,0.0,0.0
192,Device,Tile,gradient_tape/conv2d_10/kernel/Regularizer/Tile,2,16.384,8.192,16.384,8.192,0.0004297989270818996,0.9530132763639892,0.0,0.0
193,Device,Mul,gradient_tape/conv2d_11/kernel/Regularizer/Mul,2,16.384,8.192,16.384,8.192,0.0004297989270818996,0.9534430752910712,0.0,0.0
194,Device,BiasAddGrad,gradient_tape/model/conv2d_5/BiasAdd/BiasAddGrad,2,16.384,8.192,16.384,8.192,0.0004297989270818996,0.9538728742181531,0.0,0.0
195,Device,AddV2,model/add_3/add,2,16.384,8.192,16.384,8.192,0.0004297989270818996,0.9543026731452351,0.0,0.0
196,Device,BiasAdd,model/conv2d_7/BiasAdd,2,16.384,8.192,16.384,8.192,0.0004297989270818996,0.954732472072317,0.0,0.0
197,Device,ResourceApplyGradientDescent,SGD/SGD/update_38/ResourceApplyGradientDescent,2,15.36,7.68,15.36,7.68,0.0004029364941392808,0.9551354085664563,0.0,0.0
198,Device,Sum,conv2d_5/kernel/Regularizer/Sum,2,15.36,7.68,15.36,7.68,0.0004029364941392808,0.9555383450605955,0.0,0.0
199,Device,AddV2,model/add_2/add,2,15.36,7.68,15.36,7.68,0.0004029364941392808,0.9559412815547348,0.0,0.0
200,Device,Square,conv2d_10/kernel/Regularizer/Square,2,14.336,7.168,14.336,7.168,0.0003760740611966621,0.9563173556159315,0.0,0.0
201,Device,Sum,conv2d_12/kernel/Regularizer/Sum,2,14.336,7.168,14.336,7.168,0.0003760740611966621,0.9566934296771281,0.0,0.0
202,Device,Sum,conv2d_3/kernel/Regularizer/Sum,2,14.336,7.168,14.336,7.168,0.0003760740611966621,0.9570695037383248,0.0,0.0
203,Device,Mul,gradient_tape/conv2d_10/kernel/Regularizer/Mul,2,14.336,7.168,14.336,7.168,0.0003760740611966621,0.9574455777995214,0.0,0.0
204,Device,BiasAddGrad,gradient_tape/model/conv2d_7/BiasAdd/BiasAddGrad,2,14.336,7.168,14.336,7.168,0.0003760740611966621,0.9578216518607181,0.0,0.0
205,Device,Sum,conv2d_2/kernel/Regularizer/Sum,2,13.313,6.6565,13.313,6.6565,0.00034923786109871394,0.9581708897218169,0.0,0.0
206,Device,AddN,SGD/gradients/AddN_16,2,13.312,6.656,13.312,6.656,0.0003492116282540434,0.9585201013500709,0.0,0.0
207,Device,AddN,SGD/gradients/AddN_2,2,13.312,6.656,13.312,6.656,0.0003492116282540434,0.958869312978325,0.0,0.0
208,Device,Sum,conv2d_1/kernel/Regularizer/Sum,2,13.312,6.656,13.312,6.656,0.0003492116282540434,0.9592185246065791,0.0,0.0
209,Device,Tile,gradient_tape/conv2d_17/kernel/Regularizer/Tile,2,13.312,6.656,13.312,6.656,0.0003492116282540434,0.9595677362348332,0.0,0.0
210,Device,Tile,gradient_tape/conv2d_6/kernel/Regularizer/Tile,2,13.312,6.656,13.312,6.656,0.0003492116282540434,0.9599169478630872,0.0,0.0
211,Device,AvgPoolGrad,gradient_tape/model/average_pooling2d/AvgPoolGrad,2,13.312,6.656,13.312,6.656,0.0003492116282540434,0.9602661594913413,0.0,0.0
212,Device,MatMul,gradient_tape/model/dense/MatMul/MatMul,2,13.312,6.656,13.312,6.656,0.0003492116282540434,0.9606153711195954,0.0,0.0
213,Device,ReluGrad,gradient_tape/model/activation_10/ReluGrad,2,12.289,6.1445,12.289,6.1445,0.0003223754281560952,0.9609377465477514,0.0,0.0
214,Device,ResourceApplyGradientDescent,SGD/SGD/update_60/ResourceApplyGradientDescent,2,12.288,6.144,12.288,6.144,0.0003223491953114247,0.9612600957430628,0.0,0.0
215,Device,AddN,SGD/gradients/AddN_15,2,12.288,6.144,12.288,6.144,0.0003223491953114247,0.9615824449383742,0.0,0.0
216,Device,AddN,SGD/gradients/AddN_17,2,12.288,6.144,12.288,6.144,0.0003223491953114247,0.9619047941336856,0.0,0.0
217,Device,AddN,SGD/gradients/AddN_24,2,12.288,6.144,12.288,6.144,0.0003223491953114247,0.962227143328997,0.0,0.0
218,Device,Sum,conv2d_4/kernel/Regularizer/Sum,2,12.288,6.144,12.288,6.144,0.0003223491953114247,0.9625494925243083,0.0,0.0
219,Device,Sum,conv2d_7/kernel/Regularizer/Sum,2,12.288,6.144,12.288,6.144,0.0003223491953114247,0.9628718417196197,0.0,0.0
220,Device,Tile,gradient_tape/conv2d_1/kernel/Regularizer/Tile,2,12.288,6.144,12.288,6.144,0.0003223491953114247,0.9631941909149311,0.0,0.0
221,Device,Tile,gradient_tape/conv2d_12/kernel/Regularizer/Tile,2,12.288,6.144,12.288,6.144,0.0003223491953114247,0.9635165401102425,0.0,0.0
222,Device,Tile,gradient_tape/conv2d_5/kernel/Regularizer/Tile,2,12.288,6.144,12.288,6.144,0.0003223491953114247,0.9638388893055538,0.0,0.0
223,Device,Mul,gradient_tape/conv2d_6/kernel/Regularizer/Mul_1,2,12.288,6.144,12.288,6.144,0.0003223491953114247,0.9641612385008652,0.0,0.0
224,Device,ReluGrad,gradient_tape/model/activation_11/ReluGrad,2,12.288,6.144,12.288,6.144,0.0003223491953114247,0.9644835876961766,0.0,0.0
225,Device,ReluGrad,gradient_tape/model/activation_13/ReluGrad,2,12.288,6.144,12.288,6.144,0.0003223491953114247,0.964805936891488,0.0,0.0
226,Device,ReluGrad,gradient_tape/model/activation_14/ReluGrad,2,12.288,6.144,12.288,6.144,0.0003223491953114247,0.9651282860867993,0.0,0.0
227,Device,ReluGrad,gradient_tape/model/activation_15/ReluGrad,2,12.288,6.144,12.288,6.144,0.0003223491953114247,0.9654506352821107,0.0,0.0
228,Device,Relu,model/activation_1/Relu,2,12.288,6.144,12.288,6.144,0.0003223491953114247,0.9657729844774221,0.0,0.0
229,Device,Relu,model/activation_2/Relu,2,12.288,6.144,12.288,6.144,0.0003223491953114247,0.9660953336727335,0.0,0.0
230,Device,Relu,model/activation_3/Relu,2,12.288,6.144,12.288,6.144,0.0003223491953114247,0.9664176828680449,0.0,0.0
231,Device,AddN,SGD/gradients/AddN_1,2,11.264,5.632,11.264,5.632,0.0002954867623688059,0.9667131696304136,0.0,0.0
232,Device,Sum,conv2d/kernel/Regularizer/Sum,2,11.264,5.632,11.264,5.632,0.0002954867623688059,0.9670086563927824,0.0,0.0
233,Device,Mul,gradient_tape/conv2d_17/kernel/Regularizer/Mul_1,2,11.264,5.632,11.264,5.632,0.0002954867623688059,0.9673041431551512,0.0,0.0
234,Device,ResourceApplyGradientDescent,SGD/SGD/update_20/ResourceApplyGradientDescent,2,10.24,5.12,10.24,5.12,0.00026862432942618725,0.9675727674845774,0.0,0.0
235,Device,ResourceApplyGradientDescent,SGD/SGD/update_26/ResourceApplyGradientDescent,2,10.24,5.12,10.24,5.12,0.00026862432942618725,0.9678413918140036,0.0,0.0
236,Device,Square,conv2d_6/kernel/Regularizer/Square,2,10.24,5.12,10.24,5.12,0.00026862432942618725,0.9681100161434298,0.0,0.0
237,Device,Square,conv2d_9/kernel/Regularizer/Square,2,10.24,5.12,10.24,5.12,0.00026862432942618725,0.968378640472856,0.0,0.0
238,Device,Mul,gradient_tape/conv2d_17/kernel/Regularizer/Mul,2,10.24,5.12,10.24,5.12,0.00026862432942618725,0.9686472648022822,0.0,0.0
239,Device,Mul,gradient_tape/conv2d_6/kernel/Regularizer/Mul,2,10.24,5.12,10.24,5.12,0.00026862432942618725,0.9689158891317085,0.0,0.0
240,Device,Mul,gradient_tape/conv2d_8/kernel/Regularizer/Mul_1,2,10.24,5.12,10.24,5.12,0.00026862432942618725,0.9691845134611347,0.0,0.0
241,Device,Mul,gradient_tape/conv2d_9/kernel/Regularizer/Mul_1,2,10.24,5.12,10.24,5.12,0.00026862432942618725,0.9694531377905609,0.0,0.0
242,Device,MatMul,gradient_tape/model/dense/MatMul/MatMul_1,2,10.24,5.12,10.24,5.12,0.00026862432942618725,0.9697217621199871,0.0,0.0
243,Device,BiasAdd,model/conv2d_5/BiasAdd,2,10.24,5.12,10.24,5.12,0.00026862432942618725,0.9699903864494133,0.0,0.0
244,Device,BiasAdd,model/conv2d_6/BiasAdd,2,10.24,5.12,10.24,5.12,0.00026862432942618725,0.9702590107788395,0.0,0.0
245,Device,BiasAdd,model/conv2d_8/BiasAdd,2,10.24,5.12,10.24,5.12,0.00026862432942618725,0.9705276351082657,0.0,0.0
246,Device,BiasAdd,model/conv2d_9/BiasAdd,2,10.24,5.12,10.24,5.12,0.00026862432942618725,0.9707962594376919,0.0,0.0
247,Device,ResourceApplyGradientDescent,SGD/SGD/update_12/ResourceApplyGradientDescent,2,9.216,4.608,9.216,4.608,0.00024176189648356848,0.9710380213341755,0.0,0.0
248,Device,ResourceApplyGradientDescent,SGD/SGD/update_16/ResourceApplyGradientDescent,2,9.216,4.608,9.216,4.608,0.00024176189648356848,0.9712797832306591,0.0,0.0
249,Device,ResourceApplyGradientDescent,SGD/SGD/update_30/ResourceApplyGradientDescent,2,9.216,4.608,9.216,4.608,0.00024176189648356848,0.9715215451271427,0.0,0.0
250,Device,ResourceApplyGradientDescent,SGD/SGD/update_4/ResourceApplyGradientDescent,2,9.216,4.608,9.216,4.608,0.00024176189648356848,0.9717633070236263,0.0,0.0
251,Device,Square,conv2d_17/kernel/Regularizer/Square,2,9.216,4.608,9.216,4.608,0.00024176189648356848,0.97200506892011,0.0,0.0
252,Device,Square,conv2d_8/kernel/Regularizer/Square,2,9.216,4.608,9.216,4.608,0.00024176189648356848,0.9722468308165936,0.0,0.0
253,Device,Mul,gradient_tape/conv2d_5/kernel/Regularizer/Mul_1,2,9.216,4.608,9.216,4.608,0.00024176189648356848,0.9724885927130772,0.0,0.0
254,Device,Relu,model/activation_5/Relu,2,9.216,4.608,9.216,4.608,0.00024176189648356848,0.9727303546095608,0.0,0.0
255,Device,Relu,model/activation_6/Relu,2,9.216,4.608,9.216,4.608,0.00024176189648356848,0.9729721165060444,0.0,0.0
256,Device,AddV2,model/add_4/add,2,9.216,4.608,9.216,4.608,0.00024176189648356848,0.973213878402528,0.0,0.0
257,Device,AddV2,model/add_5/add,2,9.216,4.608,9.216,4.608,0.00024176189648356848,0.9734556402990117,0.0,0.0
258,Device,AvgPool,model/average_pooling2d/AvgPool,2,9.216,4.608,9.216,4.608,0.00024176189648356848,0.9736974021954953,0.0,0.0
259,Device,ResourceApplyGradientDescent,SGD/SGD/update_22/ResourceApplyGradientDescent,2,8.192,4.096,8.192,4.096,0.0002148994635409498,0.9739123016590362,0.0,0.0
260,Device,ResourceApplyGradientDescent,SGD/SGD/update_34/ResourceApplyGradientDescent,2,8.192,4.096,8.192,4.096,0.0002148994635409498,0.9741272011225771,0.0,0.0
261,Device,ResourceApplyGradientDescent,SGD/SGD/update_42/ResourceApplyGradientDescent,2,8.192,4.096,8.192,4.096,0.0002148994635409498,0.974342100586118,0.0,0.0
262,Device,ResourceApplyGradientDescent,SGD/SGD/update_8/ResourceApplyGradientDescent,2,8.192,4.096,8.192,4.096,0.0002148994635409498,0.974557000049659,0.0,0.0
263,Device,AddN,SGD/gradients/AddN,2,8.192,4.096,8.192,4.096,0.0002148994635409498,0.9747718995131999,0.0,0.0
264,Device,AddN,SGD/gradients/AddN_10,2,8.192,4.096,8.192,4.096,0.0002148994635409498,0.9749867989767408,0.0,0.0
265,Device,AddN,SGD/gradients/AddN_11,2,8.192,4.096,8.192,4.096,0.0002148994635409498,0.9752016984402817,0.0,0.0
266,Device,AddN,SGD/gradients/AddN_12,2,8.192,4.096,8.192,4.096,0.0002148994635409498,0.9754165979038226,0.0,0.0
267,Device,AddN,SGD/gradients/AddN_13,2,8.192,4.096,8.192,4.096,0.0002148994635409498,0.9756314973673635,0.0,0.0
268,Device,AddN,SGD/gradients/AddN_9,2,8.192,4.096,8.192,4.096,0.0002148994635409498,0.9758463968309045,0.0,0.0
269,Device,Square,conv2d_5/kernel/Regularizer/Square,2,8.192,4.096,8.192,4.096,0.0002148994635409498,0.9760612962944454,0.0,0.0
270,Device,Mul,gradient_tape/conv2d_1/kernel/Regularizer/Mul,2,8.192,4.096,8.192,4.096,0.0002148994635409498,0.9762761957579863,0.0,0.0
271,Device,Mul,gradient_tape/conv2d_4/kernel/Regularizer/Mul_1,2,8.192,4.096,8.192,4.096,0.0002148994635409498,0.9764910952215272,0.0,0.0
272,Device,Mul,gradient_tape/conv2d_5/kernel/Regularizer/Mul,2,8.192,4.096,8.192,4.096,0.0002148994635409498,0.9767059946850681,0.0,0.0
273,Device,ReluGrad,gradient_tape/model/activation_16/ReluGrad,2,8.192,4.096,8.192,4.096,0.0002148994635409498,0.976920894148609,0.0,0.0
274,Device,BiasAddGrad,gradient_tape/model/dense/BiasAdd/BiasAddGrad,2,8.192,4.096,8.192,4.096,0.0002148994635409498,0.97713579361215,0.0,0.0
275,Device,Relu,model/activation_7/Relu,2,8.192,4.096,8.192,4.096,0.0002148994635409498,0.9773506930756909,0.0,0.0
276,Device,Relu,model/activation_8/Relu,2,8.192,4.096,8.192,4.096,0.0002148994635409498,0.9775655925392318,0.0,0.0
277,Device,Relu,model/activation_9/Relu,2,8.192,4.096,8.192,4.096,0.0002148994635409498,0.9777804920027727,0.0,0.0
278,Device,AddV2,model/add_6/add,2,8.192,4.096,8.192,4.096,0.0002148994635409498,0.9779953914663136,0.0,0.0
279,Device,AddV2,model/add_7/add,2,8.192,4.096,8.192,4.096,0.0002148994635409498,0.9782102909298546,0.0,0.0
280,Device,BiasAdd,model/conv2d_10/BiasAdd,2,8.192,4.096,8.192,4.096,0.0002148994635409498,0.9784251903933955,0.0,0.0
281,Device,BiasAdd,model/conv2d_11/BiasAdd,2,8.192,4.096,8.192,4.096,0.0002148994635409498,0.9786400898569364,0.0,0.0
282,Device,BiasAdd,model/conv2d_12/BiasAdd,2,8.192,4.096,8.192,4.096,0.0002148994635409498,0.9788549893204773,0.0,0.0
283,Device,BiasAdd,model/conv2d_13/BiasAdd,2,8.192,4.096,8.192,4.096,0.0002148994635409498,0.9790698887840182,0.0,0.0
284,Device,BiasAdd,model/conv2d_14/BiasAdd,2,8.192,4.096,8.192,4.096,0.0002148994635409498,0.9792847882475592,0.0,0.0
285,Device,BiasAdd,model/conv2d_17/BiasAdd,2,8.192,4.096,8.192,4.096,0.0002148994635409498,0.9794996877111001,0.0,0.0
286,Device,BiasAdd,model/conv2d_19/BiasAdd,2,8.192,4.096,8.192,4.096,0.0002148994635409498,0.979714587174641,0.0,0.0
287,Device,ResourceApplyGradientDescent,SGD/SGD/update_7/ResourceApplyGradientDescent,2,7.169,3.5845,7.169,3.5845,0.00018806326344300158,0.979902650438084,0.0,0.0
288,Device,ResourceApplyGradientDescent,SGD/SGD/update_35/ResourceApplyGradientDescent,2,7.168,3.584,7.168,3.584,0.00018803703059833105,0.9800906874686823,0.0,0.0
289,Device,ResourceApplyGradientDescent,SGD/SGD/update_43/ResourceApplyGradientDescent,2,7.168,3.584,7.168,3.584,0.00018803703059833105,0.9802787244992807,0.0,0.0
290,Device,ResourceApplyGradientDescent,SGD/SGD/update_49/ResourceApplyGradientDescent,2,7.168,3.584,7.168,3.584,0.00018803703059833105,0.980466761529879,0.0,0.0
291,Device,ResourceApplyGradientDescent,SGD/SGD/update_53/ResourceApplyGradientDescent,2,7.168,3.584,7.168,3.584,0.00018803703059833105,0.9806547985604773,0.0,0.0
292,Device,ResourceApplyGradientDescent,SGD/SGD/update_57/ResourceApplyGradientDescent,2,7.168,3.584,7.168,3.584,0.00018803703059833105,0.9808428355910757,0.0,0.0
293,Device,ResourceApplyGradientDescent,SGD/SGD/update_58/ResourceApplyGradientDescent,2,7.168,3.584,7.168,3.584,0.00018803703059833105,0.981030872621674,0.0,0.0
294,Device,ResourceApplyGradientDescent,SGD/SGD/update_71/ResourceApplyGradientDescent,2,7.168,3.584,7.168,3.584,0.00018803703059833105,0.9812189096522723,0.0,0.0
295,Device,ResourceApplyGradientDescent,SGD/SGD/update_72/ResourceApplyGradientDescent,2,7.168,3.584,7.168,3.584,0.00018803703059833105,0.9814069466828707,0.0,0.0
296,Device,ResourceApplyGradientDescent,SGD/SGD/update_73/ResourceApplyGradientDescent,2,7.168,3.584,7.168,3.584,0.00018803703059833105,0.981594983713469,0.0,0.0
297,Device,AddN,SGD/gradients/AddN_19,2,7.168,3.584,7.168,3.584,0.00018803703059833105,0.9817830207440673,0.0,0.0
298,Device,AddN,SGD/gradients/AddN_8,2,7.168,3.584,7.168,3.584,0.00018803703059833105,0.9819710577746656,0.0,0.0
299,Device,Square,conv2d_1/kernel/Regularizer/Square,2,7.168,3.584,7.168,3.584,0.00018803703059833105,0.982159094805264,0.0,0.0
300,Device,Square,conv2d_3/kernel/Regularizer/Square,2,7.168,3.584,7.168,3.584,0.00018803703059833105,0.9823471318358623,0.0,0.0
301,Device,Square,conv2d_4/kernel/Regularizer/Square,2,7.168,3.584,7.168,3.584,0.00018803703059833105,0.9825351688664606,0.0,0.0
302,Device,Mul,gradient_tape/conv2d_1/kernel/Regularizer/Mul_1,2,7.168,3.584,7.168,3.584,0.00018803703059833105,0.982723205897059,0.0,0.0
303,Device,Mul,gradient_tape/conv2d_12/kernel/Regularizer/Mul,2,7.168,3.584,7.168,3.584,0.00018803703059833105,0.9829112429276573,0.0,0.0
304,Device,Mul,gradient_tape/conv2d_12/kernel/Regularizer/Mul_1,2,7.168,3.584,7.168,3.584,0.00018803703059833105,0.9830992799582556,0.0,0.0
305,Device,Mul,gradient_tape/conv2d_2/kernel/Regularizer/Mul_1,2,7.168,3.584,7.168,3.584,0.00018803703059833105,0.983287316988854,0.0,0.0
306,Device,Mul,gradient_tape/conv2d_7/kernel/Regularizer/Mul_1,2,7.168,3.584,7.168,3.584,0.00018803703059833105,0.9834753540194523,0.0,0.0
307,Device,Relu,model/activation_12/Relu,2,7.168,3.584,7.168,3.584,0.00018803703059833105,0.9836633910500506,0.0,0.0
308,Device,BiasAdd,model/conv2d_16/BiasAdd,2,7.168,3.584,7.168,3.584,0.00018803703059833105,0.983851428080649,0.0,0.0
309,Device,BiasAdd,model/conv2d_18/BiasAdd,2,7.168,3.584,7.168,3.584,0.00018803703059833105,0.9840394651112473,0.0,0.0
310,Device,_Recv,strided_slice/_12,2,6.304,3.152,6.304,3.152,0.00016537185280299653,0.9842048369640503,0.0,0.0
311,Device,AssignAddVariableOp,AssignAddVariableOp_2,2,6.144,3.072,6.144,3.072,0.00016117459765571234,0.984366011561706,0.0,0.0
312,Device,AssignAddVariableOp,AssignAddVariableOp_4,2,6.144,3.072,6.144,3.072,0.00016117459765571234,0.9845271861593617,0.0,0.0
313,Device,ResourceApplyGradientDescent,SGD/SGD/update/ResourceApplyGradientDescent,2,6.144,3.072,6.144,3.072,0.00016117459765571234,0.9846883607570175,0.0,0.0
314,Device,ResourceApplyGradientDescent,SGD/SGD/update_10/ResourceApplyGradientDescent,2,6.144,3.072,6.144,3.072,0.00016117459765571234,0.9848495353546732,0.0,0.0
315,Device,ResourceApplyGradientDescent,SGD/SGD/update_11/ResourceApplyGradientDescent,2,6.144,3.072,6.144,3.072,0.00016117459765571234,0.985010709952329,0.0,0.0
316,Device,ResourceApplyGradientDescent,SGD/SGD/update_14/ResourceApplyGradientDescent,2,6.144,3.072,6.144,3.072,0.00016117459765571234,0.9851718845499847,0.0,0.0
317,Device,ResourceApplyGradientDescent,SGD/SGD/update_15/ResourceApplyGradientDescent,2,6.144,3.072,6.144,3.072,0.00016117459765571234,0.9853330591476405,0.0,0.0
318,Device,ResourceApplyGradientDescent,SGD/SGD/update_17/ResourceApplyGradientDescent,2,6.144,3.072,6.144,3.072,0.00016117459765571234,0.9854942337452962,0.0,0.0
319,Device,ResourceApplyGradientDescent,SGD/SGD/update_18/ResourceApplyGradientDescent,2,6.144,3.072,6.144,3.072,0.00016117459765571234,0.985655408342952,0.0,0.0
320,Device,ResourceApplyGradientDescent,SGD/SGD/update_19/ResourceApplyGradientDescent,2,6.144,3.072,6.144,3.072,0.00016117459765571234,0.9858165829406077,0.0,0.0
321,Device,ResourceApplyGradientDescent,SGD/SGD/update_2/ResourceApplyGradientDescent,2,6.144,3.072,6.144,3.072,0.00016117459765571234,0.9859777575382634,0.0,0.0
322,Device,ResourceApplyGradientDescent,SGD/SGD/update_21/ResourceApplyGradientDescent,2,6.144,3.072,6.144,3.072,0.00016117459765571234,0.9861389321359192,0.0,0.0
323,Device,ResourceApplyGradientDescent,SGD/SGD/update_23/ResourceApplyGradientDescent,2,6.144,3.072,6.144,3.072,0.00016117459765571234,0.9863001067335749,0.0,0.0
324,Device,ResourceApplyGradientDescent,SGD/SGD/update_24/ResourceApplyGradientDescent,2,6.144,3.072,6.144,3.072,0.00016117459765571234,0.9864612813312307,0.0,0.0
325,Device,ResourceApplyGradientDescent,SGD/SGD/update_25/ResourceApplyGradientDescent,2,6.144,3.072,6.144,3.072,0.00016117459765571234,0.9866224559288864,0.0,0.0
326,Device,ResourceApplyGradientDescent,SGD/SGD/update_27/ResourceApplyGradientDescent,2,6.144,3.072,6.144,3.072,0.00016117459765571234,0.9867836305265422,0.0,0.0
327,Device,ResourceApplyGradientDescent,SGD/SGD/update_28/ResourceApplyGradientDescent,2,6.144,3.072,6.144,3.072,0.00016117459765571234,0.9869448051241979,0.0,0.0
328,Device,ResourceApplyGradientDescent,SGD/SGD/update_29/ResourceApplyGradientDescent,2,6.144,3.072,6.144,3.072,0.00016117459765571234,0.9871059797218537,0.0,0.0
329,Device,ResourceApplyGradientDescent,SGD/SGD/update_3/ResourceApplyGradientDescent,2,6.144,3.072,6.144,3.072,0.00016117459765571234,0.9872671543195094,0.0,0.0
330,Device,ResourceApplyGradientDescent,SGD/SGD/update_31/ResourceApplyGradientDescent,2,6.144,3.072,6.144,3.072,0.00016117459765571234,0.9874283289171651,0.0,0.0
331,Device,ResourceApplyGradientDescent,SGD/SGD/update_32/ResourceApplyGradientDescent,2,6.144,3.072,6.144,3.072,0.00016117459765571234,0.9875895035148209,0.0,0.0
332,Device,ResourceApplyGradientDescent,SGD/SGD/update_33/ResourceApplyGradientDescent,2,6.144,3.072,6.144,3.072,0.00016117459765571234,0.9877506781124766,0.0,0.0
333,Device,ResourceApplyGradientDescent,SGD/SGD/update_36/ResourceApplyGradientDescent,2,6.144,3.072,6.144,3.072,0.00016117459765571234,0.9879118527101324,0.0,0.0
334,Device,ResourceApplyGradientDescent,SGD/SGD/update_37/ResourceApplyGradientDescent,2,6.144,3.072,6.144,3.072,0.00016117459765571234,0.9880730273077881,0.0,0.0
335,Device,ResourceApplyGradientDescent,SGD/SGD/update_40/ResourceApplyGradientDescent,2,6.144,3.072,6.144,3.072,0.00016117459765571234,0.9882342019054439,0.0,0.0
336,Device,ResourceApplyGradientDescent,SGD/SGD/update_41/ResourceApplyGradientDescent,2,6.144,3.072,6.144,3.072,0.00016117459765571234,0.9883953765030996,0.0,0.0
337,Device,ResourceApplyGradientDescent,SGD/SGD/update_45/ResourceApplyGradientDescent,2,6.144,3.072,6.144,3.072,0.00016117459765571234,0.9885565511007554,0.0,0.0
338,Device,ResourceApplyGradientDescent,SGD/SGD/update_46/ResourceApplyGradientDescent,2,6.144,3.072,6.144,3.072,0.00016117459765571234,0.9887177256984111,0.0,0.0
339,Device,ResourceApplyGradientDescent,SGD/SGD/update_47/ResourceApplyGradientDescent,2,6.144,3.072,6.144,3.072,0.00016117459765571234,0.9888789002960668,0.0,0.0
340,Device,ResourceApplyGradientDescent,SGD/SGD/update_5/ResourceApplyGradientDescent,2,6.144,3.072,6.144,3.072,0.00016117459765571234,0.9890400748937226,0.0,0.0
341,Device,ResourceApplyGradientDescent,SGD/SGD/update_50/ResourceApplyGradientDescent,2,6.144,3.072,6.144,3.072,0.00016117459765571234,0.9892012494913783,0.0,0.0
342,Device,ResourceApplyGradientDescent,SGD/SGD/update_51/ResourceApplyGradientDescent,2,6.144,3.072,6.144,3.072,0.00016117459765571234,0.9893624240890341,0.0,0.0
343,Device,ResourceApplyGradientDescent,SGD/SGD/update_54/ResourceApplyGradientDescent,2,6.144,3.072,6.144,3.072,0.00016117459765571234,0.9895235986866898,0.0,0.0
344,Device,ResourceApplyGradientDescent,SGD/SGD/update_55/ResourceApplyGradientDescent,2,6.144,3.072,6.144,3.072,0.00016117459765571234,0.9896847732843456,0.0,0.0
345,Device,ResourceApplyGradientDescent,SGD/SGD/update_59/ResourceApplyGradientDescent,2,6.144,3.072,6.144,3.072,0.00016117459765571234,0.9898459478820013,0.0,0.0
346,Device,ResourceApplyGradientDescent,SGD/SGD/update_6/ResourceApplyGradientDescent,2,6.144,3.072,6.144,3.072,0.00016117459765571234,0.990007122479657,0.0,0.0
347,Device,ResourceApplyGradientDescent,SGD/SGD/update_61/ResourceApplyGradientDescent,2,6.144,3.072,6.144,3.072,0.00016117459765571234,0.9901682970773128,0.0,0.0
348,Device,ResourceApplyGradientDescent,SGD/SGD/update_63/ResourceApplyGradientDescent,2,6.144,3.072,6.144,3.072,0.00016117459765571234,0.9903294716749685,0.0,0.0
349,Device,ResourceApplyGradientDescent,SGD/SGD/update_64/ResourceApplyGradientDescent,2,6.144,3.072,6.144,3.072,0.00016117459765571234,0.9904906462726243,0.0,0.0
350,Device,ResourceApplyGradientDescent,SGD/SGD/update_65/ResourceApplyGradientDescent,2,6.144,3.072,6.144,3.072,0.00016117459765571234,0.99065182087028,0.0,0.0
351,Device,ResourceApplyGradientDescent,SGD/SGD/update_67/ResourceApplyGradientDescent,2,6.144,3.072,6.144,3.072,0.00016117459765571234,0.9908129954679358,0.0,0.0
352,Device,ResourceApplyGradientDescent,SGD/SGD/update_68/ResourceApplyGradientDescent,2,6.144,3.072,6.144,3.072,0.00016117459765571234,0.9909741700655915,0.0,0.0
353,Device,ResourceApplyGradientDescent,SGD/SGD/update_69/ResourceApplyGradientDescent,2,6.144,3.072,6.144,3.072,0.00016117459765571234,0.9911353446632473,0.0,0.0
354,Device,ResourceApplyGradientDescent,SGD/SGD/update_74/ResourceApplyGradientDescent,2,6.144,3.072,6.144,3.072,0.00016117459765571234,0.991296519260903,0.0,0.0
355,Device,ResourceApplyGradientDescent,SGD/SGD/update_75/ResourceApplyGradientDescent,2,6.144,3.072,6.144,3.072,0.00016117459765571234,0.9914576938585588,0.0,0.0
356,Device,ResourceApplyGradientDescent,SGD/SGD/update_9/ResourceApplyGradientDescent,2,6.144,3.072,6.144,3.072,0.00016117459765571234,0.9916188684562145,0.0,0.0
357,Device,AddN,SGD/gradients/AddN_14,2,6.144,3.072,6.144,3.072,0.00016117459765571234,0.9917800430538702,0.0,0.0
358,Device,Square,conv2d/kernel/Regularizer/Square,2,6.144,3.072,6.144,3.072,0.00016117459765571234,0.991941217651526,0.0,0.0
359,Device,Mul,conv2d/kernel/Regularizer/mul,2,6.144,3.072,6.144,3.072,0.00016117459765571234,0.9921023922491817,0.0,0.0
360,Device,Mul,conv2d_1/kernel/Regularizer/mul,2,6.144,3.072,6.144,3.072,0.00016117459765571234,0.9922635668468375,0.0,0.0
361,Device,Square,conv2d_12/kernel/Regularizer/Square,2,6.144,3.072,6.144,3.072,0.00016117459765571234,0.9924247414444932,0.0,0.0
362,Device,Mul,conv2d_12/kernel/Regularizer/mul,2,6.144,3.072,6.144,3.072,0.00016117459765571234,0.992585916042149,0.0,0.0
363,Device,Mul,conv2d_16/kernel/Regularizer/mul,2,6.144,3.072,6.144,3.072,0.00016117459765571234,0.9927470906398047,0.0,0.0
364,Device,Square,conv2d_2/kernel/Regularizer/Square,2,6.144,3.072,6.144,3.072,0.00016117459765571234,0.9929082652374605,0.0,0.0
365,Device,Mul,conv2d_5/kernel/Regularizer/mul,2,6.144,3.072,6.144,3.072,0.00016117459765571234,0.9930694398351162,0.0,0.0
366,Device,Mul,conv2d_6/kernel/Regularizer/mul,2,6.144,3.072,6.144,3.072,0.00016117459765571234,0.9932306144327719,0.0,0.0
367,Device,Mul,conv2d_7/kernel/Regularizer/mul,2,6.144,3.072,6.144,3.072,0.00016117459765571234,0.9933917890304277,0.0,0.0
368,Device,Mul,conv2d_8/kernel/Regularizer/mul,2,6.144,3.072,6.144,3.072,0.00016117459765571234,0.9935529636280834,0.0,0.0
369,Device,Mul,gradient_tape/categorical_crossentropy/softmax_cross_entropy_with_logits/mul,2,6.144,3.072,6.144,3.072,0.00016117459765571234,0.9937141382257392,0.0,0.0
370,Device,Tile,gradient_tape/categorical_crossentropy/weighted_loss/Tile_1,2,6.144,3.072,6.144,3.072,0.00016117459765571234,0.9938753128233949,0.0,0.0
371,Device,DivNoNan,gradient_tape/categorical_crossentropy/weighted_loss/value/div_no_nan,2,6.144,3.072,6.144,3.072,0.00016117459765571234,0.9940364874210507,0.0,0.0
372,Device,Mul,gradient_tape/conv2d/kernel/Regularizer/Mul_1,2,6.144,3.072,6.144,3.072,0.00016117459765571234,0.9941976620187064,0.0,0.0
373,Device,Mul,gradient_tape/conv2d_3/kernel/Regularizer/Mul_1,2,6.144,3.072,6.144,3.072,0.00016117459765571234,0.9943588366163622,0.0,0.0
374,Device,Relu,model/activation_10/Relu,2,6.144,3.072,6.144,3.072,0.00016117459765571234,0.9945200112140179,0.0,0.0
375,Device,Relu,model/activation_11/Relu,2,6.144,3.072,6.144,3.072,0.00016117459765571234,0.9946811858116736,0.0,0.0
376,Device,Relu,model/activation_13/Relu,2,6.144,3.072,6.144,3.072,0.00016117459765571234,0.9948423604093294,0.0,0.0
377,Device,Relu,model/activation_14/Relu,2,6.144,3.072,6.144,3.072,0.00016117459765571234,0.9950035350069851,0.0,0.0
378,Device,Relu,model/activation_15/Relu,2,6.144,3.072,6.144,3.072,0.00016117459765571234,0.9951647096046409,0.0,0.0
379,Device,Relu,model/activation_16/Relu,2,6.144,3.072,6.144,3.072,0.00016117459765571234,0.9953258842022966,0.0,0.0
380,Device,BiasAdd,model/conv2d_15/BiasAdd,2,6.144,3.072,6.144,3.072,0.00016117459765571234,0.9954870587999524,0.0,0.0
381,Device,BiasAdd,model/dense/BiasAdd,2,6.144,3.072,6.144,3.072,0.00016117459765571234,0.9956482333976081,0.0,0.0
382,Device,Cast,Cast,2,5.121,2.5605,5.121,2.5605,0.00013433839755776415,0.9957825717951658,0.0,0.0
383,Device,Mul,conv2d_4/kernel/Regularizer/mul,2,5.121,2.5605,5.121,2.5605,0.00013433839755776415,0.9959169101927235,0.0,0.0
384,Device,AssignAddVariableOp,AssignAddVariableOp,2,5.12,2.56,5.12,2.56,0.00013431216471309363,0.9960512223574366,0.0,0.0
385,Device,AssignAddVariableOp,AssignAddVariableOp_1,2,5.12,2.56,5.12,2.56,0.00013431216471309363,0.9961855345221496,0.0,0.0
386,Device,Cast,Cast_1,2,5.12,2.56,5.12,2.56,0.00013431216471309363,0.9963198466868627,0.0,0.0
387,Device,Cast,Cast_2,2,5.12,2.56,5.12,2.56,0.00013431216471309363,0.9964541588515757,0.0,0.0
388,Device,Equal,Equal,2,5.12,2.56,5.12,2.56,0.00013431216471309363,0.9965884710162888,0.0,0.0
389,Device,Mul,Mul,2,5.12,2.56,5.12,2.56,0.00013431216471309363,0.9967227831810018,0.0,0.0
390,Device,AssignAddVariableOp,SGD/SGD/AssignAddVariableOp,2,5.12,2.56,5.12,2.56,0.00013431216471309363,0.9968570953457149,0.0,0.0
391,Device,ResourceApplyGradientDescent,SGD/SGD/update_1/ResourceApplyGradientDescent,2,5.12,2.56,5.12,2.56,0.00013431216471309363,0.9969914075104279,0.0,0.0
392,Device,ResourceApplyGradientDescent,SGD/SGD/update_13/ResourceApplyGradientDescent,2,5.12,2.56,5.12,2.56,0.00013431216471309363,0.997125719675141,0.0,0.0
393,Device,ResourceApplyGradientDescent,SGD/SGD/update_39/ResourceApplyGradientDescent,2,5.12,2.56,5.12,2.56,0.00013431216471309363,0.997260031839854,0.0,0.0
394,Device,Sum,Sum_2,2,5.12,2.56,5.12,2.56,0.00013431216471309363,0.9973943440045671,0.0,0.0
395,Device,Sum,categorical_crossentropy/weighted_loss/Sum,2,5.12,2.56,5.12,2.56,0.00013431216471309363,0.9975286561692801,0.0,0.0
396,Device,Cast,categorical_crossentropy/weighted_loss/num_elements/Cast,2,5.12,2.56,5.12,2.56,0.00013431216471309363,0.9976629683339931,0.0,0.0
397,Device,DivNoNan,categorical_crossentropy/weighted_loss/value,2,5.12,2.56,5.12,2.56,0.00013431216471309363,0.9977972804987062,0.0,0.0
398,Device,Mul,conv2d_11/kernel/Regularizer/mul,2,5.12,2.56,5.12,2.56,0.00013431216471309363,0.9979315926634192,0.0,0.0
399,Device,Mul,conv2d_13/kernel/Regularizer/mul,2,5.12,2.56,5.12,2.56,0.00013431216471309363,0.9980659048281323,0.0,0.0
400,Device,Mul,conv2d_14/kernel/Regularizer/mul,2,5.12,2.56,5.12,2.56,0.00013431216471309363,0.9982002169928453,0.0,0.0
401,Device,Mul,conv2d_15/kernel/Regularizer/mul,2,5.12,2.56,5.12,2.56,0.00013431216471309363,0.9983345291575584,0.0,0.0
402,Device,Mul,conv2d_17/kernel/Regularizer/mul,2,5.12,2.56,5.12,2.56,0.00013431216471309363,0.9984688413222714,0.0,0.0
403,Device,Mul,conv2d_18/kernel/Regularizer/mul,2,5.12,2.56,5.12,2.56,0.00013431216471309363,0.9986031534869845,0.0,0.0
404,Device,Mul,conv2d_19/kernel/Regularizer/mul,2,5.12,2.56,5.12,2.56,0.00013431216471309363,0.9987374656516975,0.0,0.0
405,Device,Mul,conv2d_2/kernel/Regularizer/mul,2,5.12,2.56,5.12,2.56,0.00013431216471309363,0.9988717778164106,0.0,0.0
406,Device,Mul,conv2d_3/kernel/Regularizer/mul,2,5.12,2.56,5.12,2.56,0.00013431216471309363,0.9990060899811236,0.0,0.0
407,Device,Square,conv2d_7/kernel/Regularizer/Square,2,5.12,2.56,5.12,2.56,0.00013431216471309363,0.9991404021458367,0.0,0.0
408,Device,DivNoNan,div_no_nan,2,5.12,2.56,5.12,2.56,0.00013431216471309363,0.9992747143105497,0.0,0.0
409,Device,DivNoNan,div_no_nan_1,2,5.12,2.56,5.12,2.56,0.00013431216471309363,0.9994090264752628,0.0,0.0
410,Device,AssignAddVariableOp,AssignAddVariableOp_3,2,4.096,2.048,4.096,2.048,0.0001074497317704749,0.9995164762070332,0.0,0.0
411,Device,_Recv,IteratorGetNext/_4,2,4.096,2.048,4.096,2.048,0.0001074497317704749,0.9996239259388037,0.0,0.0
412,Device,Mul,conv2d_10/kernel/Regularizer/mul,2,4.096,2.048,4.096,2.048,0.0001074497317704749,0.9997313756705741,0.0,0.0
413,Device,Mul,conv2d_9/kernel/Regularizer/mul,2,4.096,2.048,4.096,2.048,0.0001074497317704749,0.9998388254023446,0.0,0.0
414,Device,LogicalAnd,LogicalAnd,1,2.048,2.048,2.048,2.048,5.372486588523745e-05,0.9998925502682299,0.0,0.0
415,Device,_Recv,Size/_16,2,2.048,1.024,2.048,1.024,5.372486588523745e-05,0.9999462751341152,0.0,0.0
416,Device,_Recv,categorical_crossentropy/weighted_loss/num_elements/_14,2,2.048,1.024,2.048,1.024,5.372486588523745e-05,1.0000000000000004,0.0,0.0
417,Host,IDLE,IDLE,0,98826.269,0.0,98826.269,0.0,0.0,0.0,0.9898603543076633,0.9898603543076633
418,Host,GatherV2,GatherV2,2,639.162,319.581,639.162,319.581,0.0,0.0,0.0064019529441103834,0.9962623072517737
419,Host,Dataset,Iterator::Root::ParallelMapV2::Zip[1]::ForeverRepeat,2,54.171,27.0855,50.011,25.0055,0.0,0.0,0.0005009184974824918,0.9967632257492561
420,Host,Dataset,Iterator::Root::ParallelMapV2,2,45.13,22.565,45.13,22.565,0.0,0.0,0.00045202958931804706,0.9972152553385741
421,Host,Dataset,Iterator::Root::ParallelMapV2::Zip[0]::FlatMap[1]::Concatenate,2,64.861,32.4305,41.99,20.995,0.0,0.0,0.0004205788268438909,0.997635834165418
422,Host,IteratorGetNext,IteratorGetNext,2,38.161,19.0805,38.161,19.0805,0.0,0.0,0.00038222692572492786,0.998018061091143
423,Host,FlushSummaryWriter,FlushSummaryWriter,1,37.701,37.701,37.701,37.701,0.0,0.0,0.0003776194891841279,0.9983956805803271
424,Host,LogicalAnd,LogicalAnd,1,32.711,32.711,32.711,32.711,0.0,0.0,0.00032763881888284147,0.99872331939921
425,Host,Dataset,Iterator::Root,2,75.931,37.9655,30.801,15.4005,0.0,0.0,0.00030850794107212866,0.9990318273402822
426,Host,GatherV2,GatherV2_1,2,24.36,12.18,24.36,12.18,0.0,0.0,0.00024399381333453635,0.9992758211536167
427,Host,Dataset,Iterator::Root::ParallelMapV2::Zip[0]::FlatMap[1]::Concatenate[0]::TensorSlice,2,22.871,11.4355,22.871,11.4355,0.0,0.0,0.00022907974157529478,0.999504900895192
428,Host,WriteSummary,WriteSummary,1,21.13,21.13,21.13,21.13,0.0,0.0,0.00021164159588500628,0.999716542491077
429,Host,Dataset,Iterator::Root::ParallelMapV2::Zip,2,133.692,66.846,10.89,5.445,0.0,0.0,0.00010907605202024224,0.9998256185430973
430,Host,ReadVariableOp,ReadVariableOp,1,6.48,6.48,6.48,6.48,0.0,0.0,6.4904758226921e-05,0.9998905233013242
431,Host,Dataset,Iterator::Root::ParallelMapV2::Zip[1]::ForeverRepeat::FromTensor,4,4.16,1.04,4.16,1.04,0.0,0.0,4.1667252195060394e-05,0.9999321905535192
432,Host,Dataset,Iterator::Root::ParallelMapV2::Zip[0]::FlatMap,2,68.631,34.3155,3.77,1.885,0.0,0.0,3.776094730177349e-05,0.999969951500821
433,Host,Identity,Identity,2,3.0,1.5,3.0,1.5,0.0,0.0,3.0048499179130093e-05,1.0000000000000002
