Rank,Host/device,Type,Operation,#Occurrences,Total time (us),Avg. time (us),Total self-time (us),Avg. self-time (us),Total self-time on Device (%),Cumulative total-self time on Device (%),Total self-time on Host (%),Cumulative total-self time on Host (%)
1,Device,IDLE,IDLE,0,7131.867,0.0,7131.867,0.0,0.12785542229325275,0.12785542229325275,0.0,0.0
2,Device,Conv2DBackpropFilter,gradient_tape/sequential/conv2d_1/Conv2D/Conv2DBackpropFilter,2,4034.574,2017.287,4034.574,2017.287,0.07232918989422796,0.2001846121874807,0.0,0.0
3,Device,Conv2DBackpropFilter,gradient_tape/sequential/conv2d_3/Conv2D/Conv2DBackpropFilter,2,3033.099,1516.5495,3033.099,1516.5495,0.054375404575301614,0.25456001676278234,0.0,0.0
4,Device,Conv2DBackpropInput,gradient_tape/sequential/conv2d_1/Conv2D/Conv2DBackpropInput,2,2990.091,1495.0455,2990.091,1495.0455,0.053604385429545216,0.30816440219232755,0.0,0.0
5,Device,_FusedConv2D,sequential/conv2d_1/Relu,2,2423.816,1211.908,2423.816,1211.908,0.043452579561725234,0.35161698175405276,0.0,0.0
6,Device,MaxPoolGrad,gradient_tape/sequential/max_pooling2d/MaxPool/MaxPoolGrad,2,2273.288,1136.644,2273.288,1136.644,0.04075401255157786,0.3923709943056306,0.0,0.0
7,Device,_Send,IteratorGetNext/_1,2,2072.519,1036.2595,2072.519,1036.2595,0.03715475792745292,0.42952575223308354,0.0,0.0
8,Device,Conv2DBackpropFilter,gradient_tape/sequential/conv2d_2/Conv2D/Conv2DBackpropFilter,2,2033.672,1016.836,2033.672,1016.836,0.03645833445379224,0.4659840866868758,0.0,0.0
9,Device,Conv2DBackpropFilter,gradient_tape/sequential/conv2d_5/Conv2D/Conv2DBackpropFilter,2,1989.639,994.8195,1989.639,994.8195,0.03566893978198487,0.5016530264688607,0.0,0.0
10,Device,ReluGrad,gradient_tape/sequential/conv2d_1/ReluGrad,2,1764.359,882.1795,1764.359,882.1795,0.031630268066118045,0.5332832945349787,0.0,0.0
11,Device,ReluGrad,gradient_tape/sequential/conv2d/ReluGrad,2,1756.167,878.0835,1756.167,878.0835,0.03148340727645016,0.5647667018114289,0.0,0.0
12,Device,ResourceApplyGradientDescent,SGD/SGD/update_12/ResourceApplyGradientDescent,2,1717.254,858.627,1717.254,858.627,0.03078580059818522,0.5955525024096141,0.0,0.0
13,Device,Conv2DBackpropFilter,gradient_tape/sequential/conv2d/Conv2D/Conv2DBackpropFilter,2,1666.054,833.027,1666.054,833.027,0.029867920662760946,0.625420423072375,0.0,0.0
14,Device,Conv2DBackpropInput,gradient_tape/sequential/conv2d_3/Conv2D/Conv2DBackpropInput,2,1583.109,791.5545,1583.109,791.5545,0.028380937240031122,0.6538013603124061,0.0,0.0
15,Device,_FusedConv2D,sequential/conv2d_3/Relu,2,1581.062,790.531,1581.062,790.531,0.02834423996995664,0.6821456002823627,0.0,0.0
16,Device,Conv2DBackpropFilter,gradient_tape/sequential/conv2d_4/Conv2D/Conv2DBackpropFilter,4,1271.813,317.95325,1271.813,317.95325,0.022800227232651515,0.7049458275150142,0.0,0.0
17,Device,_FusedConv2D,sequential/conv2d_5/Relu,2,1246.213,623.1065,1246.213,623.1065,0.022341287264939374,0.7272871147799536,0.0,0.0
18,Device,Conv2DBackpropInput,gradient_tape/sequential/conv2d_5/Conv2D/Conv2DBackpropInput,2,1240.069,620.0345,1240.069,620.0345,0.02223114167268846,0.749518256452642,0.0,0.0
19,Device,Conv2DBackpropInput,gradient_tape/sequential/conv2d_2/Conv2D/Conv2DBackpropInput,2,1177.604,588.802,1177.604,588.802,0.021111310224128352,0.7706295666767704,0.0,0.0
20,Device,_FusedConv2D,sequential/conv2d_2/Relu,2,969.731,484.8655,969.731,484.8655,0.017384699758963295,0.7880142664357337,0.0,0.0
21,Device,ReluGrad,gradient_tape/sequential/conv2d_3/ReluGrad,2,872.451,436.2255,872.451,436.2255,0.015640727881657168,0.8036549943173908,0.0,0.0
22,Device,ReluGrad,gradient_tape/sequential/conv2d_2/ReluGrad,2,863.235,431.6175,863.235,431.6175,0.015475509493280797,0.8191305038106717,0.0,0.0
23,Device,_FusedConv2D,sequential/conv2d/Relu,2,721.923,360.9615,721.923,360.9615,0.012942160871509789,0.8320726646821814,0.0,0.0
24,Device,_FusedConv2D,sequential/conv2d_4/Relu,2,711.682,355.841,711.682,355.841,0.012758566957082444,0.8448312316392639,0.0,0.0
25,Device,MatMul,gradient_tape/sequential/dense/MatMul/MatMul_1,2,701.443,350.7215,701.443,350.7215,0.012575008897340078,0.857406240536604,0.0,0.0
26,Device,MaxPool,sequential/max_pooling2d/MaxPool,2,677.891,338.9455,677.891,338.9455,0.012152784127044909,0.8695590246636489,0.0,0.0
27,Device,MatMul,gradient_tape/sequential/dense/MatMul/MatMul,2,662.531,331.2655,662.531,331.2655,0.011877420146417624,0.8814364448100664,0.0,0.0
28,Device,MaxPoolGrad,gradient_tape/sequential/max_pooling2d_1/MaxPool/MaxPoolGrad,2,654.338,327.169,654.338,327.169,0.011730541429407252,0.8931669862394737,0.0,0.0
29,Device,MatMul,sequential/dense/MatMul,2,649.218,324.609,649.218,324.609,0.011638753435864823,0.9048057396753385,0.0,0.0
30,Device,Conv2DBackpropInput,gradient_tape/sequential/conv2d_4/Conv2D/Conv2DBackpropInput,2,636.93,318.465,636.93,318.465,0.011418462251362997,0.9162242019267015,0.0,0.0
31,Device,BiasAddGrad,gradient_tape/sequential/conv2d/BiasAdd/BiasAddGrad,2,542.722,271.361,542.722,271.361,0.009729563170182325,0.9259537650968839,0.0,0.0
32,Device,BiasAddGrad,gradient_tape/sequential/conv2d_1/BiasAdd/BiasAddGrad,2,541.698,270.849,541.698,270.849,0.00971120557147384,0.9356649706683577,0.0,0.0
33,Device,ReluGrad,gradient_tape/sequential/conv2d_5/ReluGrad,2,434.178,217.089,434.178,217.089,0.007783657707082856,0.9434486283754406,0.0,0.0
34,Device,ReluGrad,gradient_tape/sequential/conv2d_4/ReluGrad,2,430.081,215.0405,430.081,215.0405,0.007710209384906425,0.951158837760347,0.0,0.0
35,Device,MaxPool,sequential/max_pooling2d_1/MaxPool,2,336.898,168.449,336.898,168.449,0.006039685829776729,0.9571985235901238,0.0,0.0
36,Device,MaxPoolGrad,gradient_tape/sequential/max_pooling2d_2/MaxPool/MaxPoolGrad,2,320.513,160.2565,320.513,160.2565,0.00574594632309847,0.9629444699132222,0.0,0.0
37,Device,BiasAddGrad,gradient_tape/sequential/conv2d_2/BiasAdd/BiasAddGrad,2,282.625,141.3125,282.625,141.3125,0.005066715170884504,0.9680111850841068,0.0,0.0
38,Device,BiasAddGrad,gradient_tape/sequential/conv2d_3/BiasAdd/BiasAddGrad,2,282.625,141.3125,282.625,141.3125,0.005066715170884504,0.9730779002549913,0.0,0.0
39,Device,MaxPool,sequential/max_pooling2d_2/MaxPool,2,176.129,88.0645,176.129,88.0645,0.0031575249052020055,0.9762354251601933,0.0,0.0
40,Device,BiasAddGrad,gradient_tape/sequential/conv2d_4/BiasAdd/BiasAddGrad,2,171.009,85.5045,171.009,85.5045,0.0030657369116595776,0.9793011620718529,0.0,0.0
41,Device,BiasAddGrad,gradient_tape/sequential/conv2d_5/BiasAdd/BiasAddGrad,2,169.985,84.9925,169.985,84.9925,0.0030473793129510924,0.982348541384804,0.0,0.0
42,Device,SoftmaxCrossEntropyWithLogits,categorical_crossentropy/softmax_cross_entropy_with_logits,2,125.953,62.9765,125.953,62.9765,0.0022580025684862132,0.9846065439532902,0.0,0.0
43,Device,Transpose,gradient_tape/sequential/conv2d/Conv2D/Conv2DBackpropFilter-0-TransposeNHWCToNCHW-LayoutOptimizer,2,125.952,62.976,125.952,62.976,0.0022579846411437243,0.9868645285944339,0.0,0.0
44,Device,Transpose,gradient_tape/sequential/max_pooling2d_2/MaxPool/MaxPoolGrad-2-TransposeNHWCToNCHW-LayoutOptimizer,2,75.776,37.888,75.776,37.888,0.0013584623044279316,0.9882229908988618,0.0,0.0
45,Device,Transpose,sequential/max_pooling2d_2/MaxPool-0-2-TransposeNCHWToNHWC-LayoutOptimizer,2,71.68,35.84,71.68,35.84,0.0012850319095939896,0.9895080228084557,0.0,0.0
46,Device,ResourceApplyGradientDescent,SGD/SGD/update_14/ResourceApplyGradientDescent,2,53.248,26.624,53.248,26.624,0.0009545951328412492,0.990462617941297,0.0,0.0
47,Device,MatMul,gradient_tape/sequential/dense_1/MatMul/MatMul,2,37.888,18.944,37.888,18.944,0.0006792311522139658,0.9911418490935109,0.0,0.0
48,Device,MatMul,sequential/dense_1/MatMul,2,34.816,17.408,34.816,17.408,0.0006241583560885092,0.9917660074495994,0.0,0.0
49,Device,MatMul,gradient_tape/sequential/dense_1/MatMul/MatMul_1,2,32.768,16.384,32.768,16.384,0.000587443158671538,0.992353450608271,0.0,0.0
50,Device,ArgMax,ArgMax,2,26.624,13.312,26.624,13.312,0.0004772975664206246,0.9928307481746916,0.0,0.0
51,Device,Softmax,sequential/dense_2/Softmax,2,21.504,10.752,21.504,10.752,0.00038550957287819684,0.9932162577475698,0.0,0.0
52,Device,ArgMax,ArgMax_1,2,19.456,9.728,19.456,9.728,0.0003487943754612257,0.993565052123031,0.0,0.0
53,Device,MatMul,sequential/dense_2/MatMul,2,18.432,9.216,18.432,9.216,0.0003304367767527401,0.9938954888997837,0.0,0.0
54,Device,MatMul,gradient_tape/sequential/dense_2/MatMul/MatMul,2,14.336,7.168,14.336,7.168,0.0002570063819187979,0.9941524952817026,0.0,0.0
55,Device,ResourceApplyGradientDescent,SGD/SGD/update_8/ResourceApplyGradientDescent,2,12.289,6.1445,12.289,6.1445,0.00022030911184431551,0.9943728043935469,0.0,0.0
56,Device,ResourceApplyGradientDescent,SGD/SGD/update_10/ResourceApplyGradientDescent,2,12.288,6.144,12.288,6.144,0.00022029118450182678,0.9945930955780488,0.0,0.0
57,Device,MatMul,gradient_tape/sequential/dense_2/MatMul/MatMul_1,2,12.288,6.144,12.288,6.144,0.00022029118450182678,0.9948133867625506,0.0,0.0
58,Device,BiasAddGrad,gradient_tape/sequential/dense/BiasAdd/BiasAddGrad,2,9.216,4.608,9.216,4.608,0.00016521838837637006,0.994978605150927,0.0,0.0
59,Device,ResourceApplyGradientDescent,SGD/SGD/update_16/ResourceApplyGradientDescent,2,8.192,4.096,8.192,4.096,0.0001468607896678845,0.9951254659405948,0.0,0.0
60,Device,ResourceApplyGradientDescent,SGD/SGD/update_4/ResourceApplyGradientDescent,2,8.192,4.096,8.192,4.096,0.0001468607896678845,0.9952723267302627,0.0,0.0
61,Device,ResourceApplyGradientDescent,SGD/SGD/update_6/ResourceApplyGradientDescent,2,8.192,4.096,8.192,4.096,0.0001468607896678845,0.9954191875199305,0.0,0.0
62,Device,ReluGrad,gradient_tape/sequential/dense/ReluGrad,2,8.192,4.096,8.192,4.096,0.0001468607896678845,0.9955660483095984,0.0,0.0
63,Device,BiasAdd,sequential/dense/BiasAdd,2,8.192,4.096,8.192,4.096,0.0001468607896678845,0.9957129090992662,0.0,0.0
64,Device,ResourceApplyGradientDescent,SGD/SGD/update/ResourceApplyGradientDescent,2,7.168,3.584,7.168,3.584,0.00012850319095939895,0.9958414122902256,0.0,0.0
65,Device,ResourceApplyGradientDescent,SGD/SGD/update_13/ResourceApplyGradientDescent,2,7.168,3.584,7.168,3.584,0.00012850319095939895,0.995969915481185,0.0,0.0
66,Device,ResourceApplyGradientDescent,SGD/SGD/update_15/ResourceApplyGradientDescent,2,7.168,3.584,7.168,3.584,0.00012850319095939895,0.9960984186721443,0.0,0.0
67,Device,ResourceApplyGradientDescent,SGD/SGD/update_9/ResourceApplyGradientDescent,2,7.168,3.584,7.168,3.584,0.00012850319095939895,0.9962269218631037,0.0,0.0
68,Device,ReluGrad,gradient_tape/sequential/dense_1/ReluGrad,2,7.168,3.584,7.168,3.584,0.00012850319095939895,0.996355425054063,0.0,0.0
69,Device,BiasAdd,sequential/dense_1/BiasAdd,2,7.168,3.584,7.168,3.584,0.00012850319095939895,0.9964839282450224,0.0,0.0
70,Device,BiasAddGrad,gradient_tape/sequential/dense_2/BiasAdd/BiasAddGrad,2,6.145,3.0725,6.145,3.0725,0.00011016351959340213,0.9965940917646158,0.0,0.0
71,Device,AssignAddVariableOp,AssignAddVariableOp_4,2,6.144,3.072,6.144,3.072,0.00011014559225091339,0.9967042373568666,0.0,0.0
72,Device,Cast,Cast,2,6.144,3.072,6.144,3.072,0.00011014559225091339,0.9968143829491175,0.0,0.0
73,Device,_Send,IteratorGetNext/_3,2,6.144,3.072,6.144,3.072,0.00011014559225091339,0.9969245285413684,0.0,0.0
74,Device,Mul,Mul,2,6.144,3.072,6.144,3.072,0.00011014559225091339,0.9970346741336192,0.0,0.0
75,Device,ResourceApplyGradientDescent,SGD/SGD/update_1/ResourceApplyGradientDescent,2,6.144,3.072,6.144,3.072,0.00011014559225091339,0.9971448197258701,0.0,0.0
76,Device,ResourceApplyGradientDescent,SGD/SGD/update_11/ResourceApplyGradientDescent,2,6.144,3.072,6.144,3.072,0.00011014559225091339,0.997254965318121,0.0,0.0
77,Device,ResourceApplyGradientDescent,SGD/SGD/update_2/ResourceApplyGradientDescent,2,6.144,3.072,6.144,3.072,0.00011014559225091339,0.9973651109103718,0.0,0.0
78,Device,ResourceApplyGradientDescent,SGD/SGD/update_3/ResourceApplyGradientDescent,2,6.144,3.072,6.144,3.072,0.00011014559225091339,0.9974752565026227,0.0,0.0
79,Device,ResourceApplyGradientDescent,SGD/SGD/update_5/ResourceApplyGradientDescent,2,6.144,3.072,6.144,3.072,0.00011014559225091339,0.9975854020948736,0.0,0.0
80,Device,ResourceApplyGradientDescent,SGD/SGD/update_7/ResourceApplyGradientDescent,2,6.144,3.072,6.144,3.072,0.00011014559225091339,0.9976955476871244,0.0,0.0
81,Device,Mul,gradient_tape/categorical_crossentropy/softmax_cross_entropy_with_logits/mul,2,6.144,3.072,6.144,3.072,0.00011014559225091339,0.9978056932793753,0.0,0.0
82,Device,DivNoNan,gradient_tape/categorical_crossentropy/weighted_loss/value/div_no_nan,2,6.144,3.072,6.144,3.072,0.00011014559225091339,0.9979158388716262,0.0,0.0
83,Device,BiasAddGrad,gradient_tape/sequential/dense_1/BiasAdd/BiasAddGrad,2,6.144,3.072,6.144,3.072,0.00011014559225091339,0.998025984463877,0.0,0.0
84,Device,Relu,sequential/dense/Relu,2,6.144,3.072,6.144,3.072,0.00011014559225091339,0.9981361300561279,0.0,0.0
85,Device,Relu,sequential/dense_1/Relu,2,6.144,3.072,6.144,3.072,0.00011014559225091339,0.9982462756483788,0.0,0.0
86,Device,AssignAddVariableOp,AssignAddVariableOp,2,5.12,2.56,5.12,2.56,9.178799354242782e-05,0.9983380636419212,0.0,0.0
87,Device,AssignAddVariableOp,AssignAddVariableOp_1,2,5.12,2.56,5.12,2.56,9.178799354242782e-05,0.9984298516354637,0.0,0.0
88,Device,AssignAddVariableOp,AssignAddVariableOp_2,2,5.12,2.56,5.12,2.56,9.178799354242782e-05,0.9985216396290062,0.0,0.0
89,Device,Cast,Cast_1,2,5.12,2.56,5.12,2.56,9.178799354242782e-05,0.9986134276225487,0.0,0.0
90,Device,Equal,Equal,2,5.12,2.56,5.12,2.56,9.178799354242782e-05,0.9987052156160912,0.0,0.0
91,Device,AssignAddVariableOp,SGD/SGD/AssignAddVariableOp,2,5.12,2.56,5.12,2.56,9.178799354242782e-05,0.9987970036096336,0.0,0.0
92,Device,ResourceApplyGradientDescent,SGD/SGD/update_17/ResourceApplyGradientDescent,2,5.12,2.56,5.12,2.56,9.178799354242782e-05,0.9988887916031761,0.0,0.0
93,Device,Sum,Sum_2,2,5.12,2.56,5.12,2.56,9.178799354242782e-05,0.9989805795967186,0.0,0.0
94,Device,Sum,categorical_crossentropy/weighted_loss/Sum,2,5.12,2.56,5.12,2.56,9.178799354242782e-05,0.9990723675902611,0.0,0.0
95,Device,Cast,categorical_crossentropy/weighted_loss/num_elements/Cast,2,5.12,2.56,5.12,2.56,9.178799354242782e-05,0.9991641555838036,0.0,0.0
96,Device,DivNoNan,categorical_crossentropy/weighted_loss/value,2,5.12,2.56,5.12,2.56,9.178799354242782e-05,0.999255943577346,0.0,0.0
97,Device,DivNoNan,div_no_nan,2,5.12,2.56,5.12,2.56,9.178799354242782e-05,0.9993477315708885,0.0,0.0
98,Device,Tile,gradient_tape/categorical_crossentropy/weighted_loss/Tile_1,2,5.12,2.56,5.12,2.56,9.178799354242782e-05,0.999439519564431,0.0,0.0
99,Device,_Recv,categorical_crossentropy/weighted_loss/num_elements/_14,2,4.352,2.176,4.352,2.176,7.801979451106366e-05,0.999517539358942,0.0,0.0
100,Device,AssignAddVariableOp,AssignAddVariableOp_3,2,4.096,2.048,4.096,2.048,7.343039483394225e-05,0.999590969753776,0.0,0.0
101,Device,Cast,Cast_2,2,4.096,2.048,4.096,2.048,7.343039483394225e-05,0.99966440014861,0.0,0.0
102,Device,DivNoNan,div_no_nan_1,2,4.096,2.048,4.096,2.048,7.343039483394225e-05,0.999737830543444,0.0,0.0
103,Device,BiasAdd,sequential/dense_2/BiasAdd,2,4.096,2.048,4.096,2.048,7.343039483394225e-05,0.999811260938278,0.0,0.0
104,Device,_Recv,Size/_16,2,3.904,1.952,3.904,1.952,6.99883450761012e-05,0.9998812492833541,0.0,0.0
105,Device,_Recv,strided_slice/_12,2,3.552,1.776,3.552,1.776,6.36779205200593e-05,0.9999449272038742,0.0,0.0
106,Device,LogicalAnd,LogicalAnd,1,3.072,3.072,3.072,3.072,5.5072796125456694e-05,0.9999999999999997,0.0,0.0
107,Host,IDLE,IDLE,0,277636.239,0.0,277636.239,0.0,0.0,0.0,0.9532263838715179,0.9532263838715179
108,Host,_Send,IteratorGetNext/_1,2,4631.128,2315.564,4631.128,2315.564,0.0,0.0,0.015900350086092814,0.9691267339576107
109,Host,_Send,IteratorGetNext/_3,2,4568.647,2284.3235,4568.647,2284.3235,0.0,0.0,0.015685830043949914,0.9848125640015607
110,Host,GatherV2,GatherV2,2,2667.605,1333.8025,2667.605,1333.8025,0.0,0.0,0.009158860085795863,0.9939714240873566
111,Host,Dataset,Iterator::Root,2,1173.579,586.7895,1128.019,564.0095,0.0,0.0,0.0038729002963779732,0.9978443243837346
112,Host,_Send,IteratorGetNext/_6,2,187.183,93.5915,187.183,93.5915,0.0,0.0,0.0006426674516802626,0.9984869918354149
113,Host,_HostSend,categorical_crossentropy/softmax_cross_entropy_with_logits/Shape_2/_9,2,88.651,44.3255,88.651,44.3255,0.0,0.0,0.0003043711889376009,0.9987913630243525
114,Host,Dataset,Iterator::Root::ParallelMapV2::Zip[1]::ForeverRepeat,2,65.062,32.531,60.582,30.291,0.0,0.0,0.0002080000831148858,0.9989993631074673
115,Host,GatherV2,GatherV2_1,2,51.351,25.6755,51.351,25.6755,0.0,0.0,0.00017630669618092008,0.9991756698036482
116,Host,Dataset,Iterator::Root::ParallelMapV2,2,45.56,22.78,45.56,22.78,0.0,0.0,0.0001564240828416724,0.9993320938864899
117,Host,FlushSummaryWriter,FlushSummaryWriter,1,36.551,36.551,36.551,36.551,0.0,0.0,0.00012549290280829606,0.9994575867892982
118,Host,IteratorGetNext,IteratorGetNext,2,35.602,17.801,35.602,17.801,0.0,0.0,0.00012223463997649737,0.9995798214292747
119,Host,LogicalAnd,LogicalAnd,1,30.521,30.521,30.521,30.521,0.0,0.0,0.00010478971537336882,0.9996846111446481
120,Host,Dataset,Iterator::Root::ParallelMapV2::Zip[0]::FlatMap[1]::Concatenate[0]::TensorSlice,2,21.78,10.89,21.78,10.89,0.0,0.0,7.4778677003767e-05,0.9997593898216519
121,Host,Dataset,Iterator::Root::ParallelMapV2::Zip[0]::FlatMap[1]::Concatenate,2,43.33,21.665,21.55,10.775,0.0,0.0,7.398900318784109e-05,0.9998333788248398
122,Host,WriteSummary,WriteSummary,1,19.82,19.82,19.82,19.82,0.0,0.0,6.804928274631139e-05,0.9999014281075861
123,Host,Dataset,Iterator::Root::ParallelMapV2::Zip,2,122.952,61.476,10.4,5.2,0.0,0.0,3.57069899375196e-05,0.9999371350975236
124,Host,ReadVariableOp,ReadVariableOp,1,6.85,6.85,6.85,6.85,0.0,0.0,2.3518546256923966e-05,0.9999606536437805
125,Host,Dataset,Iterator::Root::ParallelMapV2::Zip[1]::ForeverRepeat::FromTensor,4,4.48,1.12,4.48,1.12,0.0,0.0,1.5381472588469982e-05,0.999976035116369
126,Host,Dataset,Iterator::Root::ParallelMapV2::Zip[0]::FlatMap,2,47.49,23.745,4.16,2.08,0.0,0.0,1.428279597500784e-05,0.999990317912344
127,Host,Identity,Identity,2,2.82,1.41,2.82,1.41,0.0,0.0,9.682087656135122e-06,1.0000000000000002
