Rank,Host/device,Type,Operation,#Occurrences,Total time (us),Avg. time (us),Total self-time (us),Avg. self-time (us),Total self-time on Device (%),Cumulative total-self time on Device (%),Total self-time on Host (%),Cumulative total-self time on Host (%)
1,Device,IDLE,IDLE,0,10114.608,0.0,10114.608,0.0,0.10401759064759336,0.10401759064759336,0.0,0.0
2,Device,_Recv,IteratorGetNext/_2,2,2395.85,1197.925,2395.85,1197.925,0.024638675522871134,0.1286562661704645,0.0,0.0
3,Device,FusedBatchNormGradV3,gradient_tape/model/batch_normalization/FusedBatchNormGradV3,2,1452.037,726.0185,1452.037,726.0185,0.014932599490870979,0.14358886566133547,0.0,0.0
4,Device,Conv2DBackpropFilter,gradient_tape/model/conv2d/Conv2D/Conv2DBackpropFilter,2,1199.11,599.555,1199.11,599.555,0.012331524179823446,0.1559203898411589,0.0,0.0
5,Device,Conv2DBackpropFilter,gradient_tape/model/conv2d_33/Conv2D/Conv2DBackpropFilter,2,1053.7,526.85,1053.7,526.85,0.010836142662708147,0.16675653250386707,0.0,0.0
6,Device,Conv2DBackpropFilter,gradient_tape/model/conv2d_35/Conv2D/Conv2DBackpropFilter,2,1049.604,524.802,1049.604,524.802,0.010794019819065316,0.17755055232293238,0.0,0.0
7,Device,Conv2DBackpropFilter,gradient_tape/model/conv2d_32/Conv2D/Conv2DBackpropFilter,2,1044.484,522.242,1044.484,522.242,0.010741366264511774,0.18829191858744415,0.0,0.0
8,Device,Conv2DBackpropFilter,gradient_tape/model/conv2d_34/Conv2D/Conv2DBackpropFilter,2,1030.149,515.0745,1030.149,515.0745,0.010593946595659234,0.1988858651831034,0.0,0.0
9,Device,Conv2DBackpropFilter,gradient_tape/model/conv2d_30/Conv2D/Conv2DBackpropFilter,2,1030.148,515.074,1030.148,515.074,0.01059393631176186,0.20947980149486525,0.0,0.0
10,Device,Conv2DBackpropInput,gradient_tape/model/conv2d_7/Conv2D/Conv2DBackpropInput,2,904.196,452.098,904.196,452.098,0.009298658869744762,0.21877846036461002,0.0,0.0
11,Device,Conv2DBackpropInput,gradient_tape/model/conv2d_29/Conv2D/Conv2DBackpropInput,2,900.099,450.0495,900.099,450.0495,0.009256525742204556,0.22803498610681458,0.0,0.0
12,Device,Conv2D,model/conv2d/Conv2D,2,898.052,449.026,898.052,449.026,0.009235474604280513,0.2372704607110951,0.0,0.0
13,Device,ReluGrad,gradient_tape/model/activation/ReluGrad,2,884.739,442.3695,884.739,442.3695,0.009098565078543935,0.246369025789639,0.0,0.0
14,Device,Conv2DBackpropFilter,gradient_tape/model/conv2d_2/Conv2D/Conv2DBackpropFilter,2,856.068,428.034,856.068,428.034,0.008803715456941481,0.2551727412465805,0.0,0.0
15,Device,Conv2DBackpropFilter,gradient_tape/model/conv2d_1/Conv2D/Conv2DBackpropFilter,2,854.019,427.0095,854.019,427.0095,0.008782643751222691,0.2639553849978032,0.0,0.0
16,Device,FusedBatchNormV3,model/batch_normalization/FusedBatchNormV3,4,852.996,213.249,852.996,213.249,0.008772123324209355,0.27272750832201254,0.0,0.0
17,Device,Conv2DBackpropFilter,gradient_tape/model/conv2d_5/Conv2D/Conv2DBackpropFilter,2,850.947,425.4735,850.947,425.4735,0.008751051618490567,0.2814785599405031,0.0,0.0
18,Device,Conv2DBackpropFilter,gradient_tape/model/conv2d_6/Conv2D/Conv2DBackpropFilter,2,850.947,425.4735,850.947,425.4735,0.008751051618490567,0.2902296115589936,0.0,0.0
19,Device,Conv2DBackpropFilter,gradient_tape/model/conv2d_3/Conv2D/Conv2DBackpropFilter,2,848.899,424.4495,848.899,424.4495,0.00872999019666915,0.2989596017556628,0.0,0.0
20,Device,Conv2DBackpropFilter,gradient_tape/model/conv2d_4/Conv2D/Conv2DBackpropFilter,2,847.875,423.9375,847.875,423.9375,0.008719459485758443,0.3076790612414212,0.0,0.0
21,Device,Conv2DBackpropFilter,gradient_tape/model/conv2d_7/Conv2D/Conv2DBackpropFilter,2,745.475,372.7375,745.475,372.7375,0.00766638839468763,0.31534544963610883,0.0,0.0
22,Device,Conv2DBackpropInput,gradient_tape/model/conv2d_16/Conv2D/Conv2DBackpropInput,2,717.827,358.9135,717.827,358.9135,0.007382059200098511,0.3227275088362073,0.0,0.0
23,Device,Conv2D,model/conv2d_34/Conv2D,4,673.795,168.44875,673.795,168.44875,0.006929238630938062,0.3296567474671454,0.0,0.0
24,Device,Conv2D,model/conv2d_30/Conv2D,4,671.746,167.9365,671.746,167.9365,0.006908166925219272,0.3365649143923647,0.0,0.0
25,Device,Conv2D,model/conv2d_33/Conv2D,4,670.721,167.68025,670.721,167.68025,0.00689762593041119,0.3434625403227759,0.0,0.0
26,Device,Conv2D,model/conv2d_35/Conv2D,4,669.699,167.42475,669.699,167.42475,0.006887115787295229,0.35034965611007113,0.0,0.0
27,Device,Conv2D,model/conv2d_32/Conv2D,4,663.554,165.8885,663.554,165.8885,0.006823921237933607,0.35717357734800476,0.0,0.0
28,Device,MaxPoolGrad,gradient_tape/model/max_pooling2d/MaxPool/MaxPoolGrad,2,631.811,315.9055,631.811,315.9055,0.006497479483599029,0.3636710568316038,0.0,0.0
29,Device,Conv2D,model/conv2d_29/Conv2D,4,612.355,153.08875,612.355,153.08875,0.0062973959762955755,0.36996845280789936,0.0,0.0
30,Device,Conv2DBackpropInput,gradient_tape/model/conv2d_35/Conv2D/Conv2DBackpropInput,4,609.283,152.32075,609.283,152.32075,0.006265803843563451,0.3762342566514628,0.0,0.0
31,Device,Conv2DBackpropInput,gradient_tape/model/conv2d_30/Conv2D/Conv2DBackpropInput,4,609.282,152.3205,609.282,152.3205,0.006265793559666078,0.3825000502111289,0.0,0.0
32,Device,Conv2DBackpropInput,gradient_tape/model/conv2d_34/Conv2D/Conv2DBackpropInput,4,609.282,152.3205,609.282,152.3205,0.006265793559666078,0.3887658437707949,0.0,0.0
33,Device,Conv2DBackpropInput,gradient_tape/model/conv2d_32/Conv2D/Conv2DBackpropInput,4,606.211,151.55275,606.211,151.55275,0.006234211710831327,0.39500005548162626,0.0,0.0
34,Device,Conv2DBackpropInput,gradient_tape/model/conv2d_33/Conv2D/Conv2DBackpropInput,4,605.186,151.2965,605.186,151.2965,0.006223670716023245,0.4012237261976495,0.0,0.0
35,Device,BiasAdd,model/conv2d/BiasAdd,2,575.49,287.745,575.49,287.745,0.005918280099612709,0.4071420062972622,0.0,0.0
36,Device,Relu,model/activation/Relu,2,552.962,276.481,552.962,276.481,0.00568660445957713,0.41282861075683935,0.0,0.0
37,Device,Conv2D,model/conv2d_7/Conv2D,2,546.819,273.4095,546.819,273.4095,0.005623430478010255,0.4184520412348496,0.0,0.0
38,Device,Conv2DBackpropFilter,gradient_tape/model/conv2d_13/Conv2D/Conv2DBackpropFilter,2,540.675,270.3375,540.675,270.3375,0.005560246212546006,0.4240122874473956,0.0,0.0
39,Device,Conv2DBackpropFilter,gradient_tape/model/conv2d_15/Conv2D/Conv2DBackpropFilter,2,539.651,269.8255,539.651,269.8255,0.005549715501635299,0.4295620029490309,0.0,0.0
40,Device,Conv2DBackpropFilter,gradient_tape/model/conv2d_14/Conv2D/Conv2DBackpropFilter,2,537.602,268.801,537.602,268.801,0.005528643795916509,0.4350906467449474,0.0,0.0
41,Device,Conv2DBackpropFilter,gradient_tape/model/conv2d_10/Conv2D/Conv2DBackpropFilter,2,536.578,268.289,536.578,268.289,0.005518113085005801,0.44060875982995323,0.0,0.0
42,Device,Conv2DBackpropFilter,gradient_tape/model/conv2d_11/Conv2D/Conv2DBackpropFilter,2,534.531,267.2655,534.531,267.2655,0.005497061947081758,0.446105821777035,0.0,0.0
43,Device,Conv2DBackpropFilter,gradient_tape/model/conv2d_12/Conv2D/Conv2DBackpropFilter,2,533.506,266.753,533.506,266.753,0.005486520952273676,0.4515923427293087,0.0,0.0
44,Device,Conv2DBackpropFilter,gradient_tape/model/conv2d_8/Conv2D/Conv2DBackpropFilter,2,521.218,260.609,521.218,260.609,0.005360152421345178,0.4569524951506539,0.0,0.0
45,Device,Conv2D,model/conv2d_10/Conv2D,2,458.754,229.377,458.754,229.377,0.004717779055791984,0.46167027420644585,0.0,0.0
46,Device,Conv2D,model/conv2d_11/Conv2D,2,457.73,228.865,457.73,228.865,0.004707248344881276,0.46637752255132714,0.0,0.0
47,Device,Conv2D,model/conv2d_13/Conv2D,2,457.729,228.8645,457.729,228.8645,0.004707238060983902,0.471084760612311,0.0,0.0
48,Device,Conv2D,model/conv2d_14/Conv2D,2,456.706,228.353,456.706,228.353,0.0046967176339705674,0.4757814782462816,0.0,0.0
49,Device,Conv2D,model/conv2d_8/Conv2D,2,456.706,228.353,456.706,228.353,0.0046967176339705674,0.48047819588025215,0.0,0.0
50,Device,Conv2D,model/conv2d_15/Conv2D,2,455.682,227.841,455.682,227.841,0.00468618692305986,0.485164382803312,0.0,0.0
51,Device,Conv2DBackpropFilter,gradient_tape/model/conv2d_16/Conv2D/Conv2DBackpropFilter,2,454.658,227.329,454.658,227.329,0.004675656212149152,0.48984003901546114,0.0,0.0
52,Device,Conv2D,model/conv2d_12/Conv2D,2,453.634,226.817,453.634,226.817,0.004665125501238443,0.49450516451669957,0.0,0.0
53,Device,Conv2DBackpropInput,gradient_tape/model/conv2d_8/Conv2D/Conv2DBackpropInput,2,451.586,225.793,451.586,225.793,0.0046440640794170275,0.4991492285961166,0.0,0.0
54,Device,Conv2D,model/conv2d_16/Conv2D,4,448.514,112.1285,448.514,112.1285,0.004612471946684903,0.5037617005428014,0.0,0.0
55,Device,Conv2DBackpropInput,gradient_tape/model/conv2d_11/Conv2D/Conv2DBackpropInput,2,447.49,223.745,447.49,223.745,0.0046019412357741945,0.5083636417785756,0.0,0.0
56,Device,Conv2DBackpropInput,gradient_tape/model/conv2d_12/Conv2D/Conv2DBackpropInput,2,446.465,223.2325,446.465,223.2325,0.004591400240966112,0.5129550420195418,0.0,0.0
57,Device,Conv2DBackpropInput,gradient_tape/model/conv2d_14/Conv2D/Conv2DBackpropInput,2,446.465,223.2325,446.465,223.2325,0.004591400240966112,0.5175464422605079,0.0,0.0
58,Device,Conv2DBackpropInput,gradient_tape/model/conv2d_15/Conv2D/Conv2DBackpropInput,2,444.418,222.209,444.418,222.209,0.00457034910304207,0.52211679136355,0.0,0.0
59,Device,Conv2DBackpropInput,gradient_tape/model/conv2d_10/Conv2D/Conv2DBackpropInput,2,444.417,222.2085,444.417,222.2085,0.004570338819144696,0.5266871301826948,0.0,0.0
60,Device,Conv2DBackpropInput,gradient_tape/model/conv2d_13/Conv2D/Conv2DBackpropInput,2,443.394,221.697,443.394,221.697,0.004559818392131362,0.5312469485748261,0.0,0.0
61,Device,Conv2DBackpropFilter,gradient_tape/model/conv2d_29/Conv2D/Conv2DBackpropFilter,2,437.249,218.6245,437.249,218.6245,0.00449662384276974,0.5357435724175958,0.0,0.0
62,Device,Conv2D,model/conv2d_22/Conv2D,2,392.194,196.097,392.194,196.097,0.0040332828465959565,0.5397768552641918,0.0,0.0
63,Device,Conv2D,model/conv2d_19/Conv2D,2,391.169,195.5845,391.169,195.5845,0.004022741851787874,0.5437995971159797,0.0,0.0
64,Device,Conv2D,model/conv2d_23/Conv2D,2,390.146,195.073,390.146,195.073,0.00401222142477454,0.5478118185407542,0.0,0.0
65,Device,Conv2D,model/conv2d_24/Conv2D,2,389.122,194.561,389.122,194.561,0.004001690713863832,0.551813509254618,0.0,0.0
66,Device,Conv2D,model/conv2d_25/Conv2D,2,389.122,194.561,389.122,194.561,0.004001690713863832,0.5558151999684818,0.0,0.0
67,Device,Conv2D,model/conv2d_27/Conv2D,2,389.122,194.561,389.122,194.561,0.004001690713863832,0.5598168906823456,0.0,0.0
68,Device,Conv2D,model/conv2d_17/Conv2D,2,389.121,194.5605,389.121,194.5605,0.004001680429966458,0.563818571112312,0.0,0.0
69,Device,Conv2D,model/conv2d_20/Conv2D,2,389.121,194.5605,389.121,194.5605,0.004001680429966458,0.5678202515422784,0.0,0.0
70,Device,Conv2D,model/conv2d_21/Conv2D,2,388.098,194.049,388.098,194.049,0.0039911600029531235,0.5718114115452315,0.0,0.0
71,Device,Conv2D,model/conv2d_26/Conv2D,2,388.098,194.049,388.098,194.049,0.0039911600029531235,0.5758025715481846,0.0,0.0
72,Device,Conv2D,model/conv2d_28/Conv2D,2,388.098,194.049,388.098,194.049,0.0039911600029531235,0.5797937315511377,0.0,0.0
73,Device,Conv2DBackpropFilter,gradient_tape/model/conv2d_27/Conv2D/Conv2DBackpropFilter,2,385.026,192.513,385.026,192.513,0.003959567870220999,0.5837532994213587,0.0,0.0
74,Device,Conv2DBackpropFilter,gradient_tape/model/conv2d_28/Conv2D/Conv2DBackpropFilter,2,384.002,192.001,384.002,192.001,0.003949037159310291,0.587702336580669,0.0,0.0
75,Device,Conv2DBackpropInput,gradient_tape/model/conv2d_28/Conv2D/Conv2DBackpropInput,2,384.002,192.001,384.002,192.001,0.003949037159310291,0.5916513737399792,0.0,0.0
76,Device,Conv2DBackpropInput,gradient_tape/model/conv2d_23/Conv2D/Conv2DBackpropInput,2,384.001,192.0005,384.001,192.0005,0.003949026875412917,0.5956004006153921,0.0,0.0
77,Device,Conv2DBackpropInput,gradient_tape/model/conv2d_25/Conv2D/Conv2DBackpropInput,2,384.001,192.0005,384.001,192.0005,0.003949026875412917,0.599549427490805,0.0,0.0
78,Device,Conv2DBackpropInput,gradient_tape/model/conv2d_22/Conv2D/Conv2DBackpropInput,2,382.978,191.489,382.978,191.489,0.0039385064483995836,0.6034879339392045,0.0,0.0
79,Device,Conv2DBackpropInput,gradient_tape/model/conv2d_26/Conv2D/Conv2DBackpropInput,2,382.978,191.489,382.978,191.489,0.0039385064483995836,0.6074264403876041,0.0,0.0
80,Device,Conv2DBackpropFilter,gradient_tape/model/conv2d_19/Conv2D/Conv2DBackpropFilter,2,382.977,191.4885,382.977,191.4885,0.003938496164502209,0.6113649365521063,0.0,0.0
81,Device,Conv2DBackpropFilter,gradient_tape/model/conv2d_26/Conv2D/Conv2DBackpropFilter,2,382.976,191.488,382.976,191.488,0.003938485880604836,0.6153034224327112,0.0,0.0
82,Device,Conv2DBackpropInput,gradient_tape/model/conv2d_19/Conv2D/Conv2DBackpropInput,2,381.954,190.977,381.954,190.977,0.003927975737488875,0.6192313981702,0.0,0.0
83,Device,Conv2DBackpropInput,gradient_tape/model/conv2d_21/Conv2D/Conv2DBackpropInput,2,381.954,190.977,381.954,190.977,0.003927975737488875,0.6231593739076888,0.0,0.0
84,Device,Conv2DBackpropFilter,gradient_tape/model/conv2d_22/Conv2D/Conv2DBackpropFilter,2,381.954,190.977,381.954,190.977,0.003927975737488875,0.6270873496451776,0.0,0.0
85,Device,Conv2DBackpropInput,gradient_tape/model/conv2d_17/Conv2D/Conv2DBackpropInput,2,381.953,190.9765,381.953,190.9765,0.0039279654535915014,0.6310153150987692,0.0,0.0
86,Device,Conv2DBackpropFilter,gradient_tape/model/conv2d_21/Conv2D/Conv2DBackpropFilter,2,381.953,190.9765,381.953,190.9765,0.0039279654535915014,0.6349432805523607,0.0,0.0
87,Device,Conv2DBackpropInput,gradient_tape/model/conv2d_24/Conv2D/Conv2DBackpropInput,2,381.953,190.9765,381.953,190.9765,0.0039279654535915014,0.6388712460059522,0.0,0.0
88,Device,Conv2DBackpropInput,gradient_tape/model/conv2d_20/Conv2D/Conv2DBackpropInput,2,380.93,190.465,380.93,190.465,0.003917445026578167,0.6427886910325304,0.0,0.0
89,Device,Conv2DBackpropFilter,gradient_tape/model/conv2d_24/Conv2D/Conv2DBackpropFilter,2,380.93,190.465,380.93,190.465,0.003917445026578167,0.6467061360591086,0.0,0.0
90,Device,Conv2DBackpropInput,gradient_tape/model/conv2d_27/Conv2D/Conv2DBackpropInput,2,380.93,190.465,380.93,190.465,0.003917445026578167,0.6506235810856869,0.0,0.0
91,Device,Conv2DBackpropFilter,gradient_tape/model/conv2d_17/Conv2D/Conv2DBackpropFilter,2,379.906,189.953,379.906,189.953,0.003906914315667459,0.6545304954013543,0.0,0.0
92,Device,Conv2DBackpropFilter,gradient_tape/model/conv2d_20/Conv2D/Conv2DBackpropFilter,2,379.906,189.953,379.906,189.953,0.003906914315667459,0.6584374097170218,0.0,0.0
93,Device,Conv2DBackpropFilter,gradient_tape/model/conv2d_23/Conv2D/Conv2DBackpropFilter,2,379.906,189.953,379.906,189.953,0.003906914315667459,0.6623443240326893,0.0,0.0
94,Device,Conv2DBackpropFilter,gradient_tape/model/conv2d_25/Conv2D/Conv2DBackpropFilter,2,378.881,189.4405,378.881,189.4405,0.0038963733208593767,0.6662406973535486,0.0,0.0
95,Device,FusedBatchNormGradV3,gradient_tape/model/batch_normalization_2/FusedBatchNormGradV3,2,371.714,185.857,371.714,185.857,0.003822668628381794,0.6700633659819304,0.0,0.0
96,Device,FusedBatchNormGradV3,gradient_tape/model/batch_normalization_3/FusedBatchNormGradV3,2,369.666,184.833,369.666,184.833,0.0038016072065603776,0.6738649731884908,0.0,0.0
97,Device,FusedBatchNormGradV3,gradient_tape/model/batch_normalization_4/FusedBatchNormGradV3,2,369.665,184.8325,369.665,184.8325,0.003801596922663004,0.6776665701111538,0.0,0.0
98,Device,FusedBatchNormGradV3,gradient_tape/model/batch_normalization_6/FusedBatchNormGradV3,2,369.665,184.8325,369.665,184.8325,0.003801596922663004,0.6814681670338169,0.0,0.0
99,Device,FusedBatchNormGradV3,gradient_tape/model/batch_normalization_1/FusedBatchNormGradV3,2,368.642,184.321,368.642,184.321,0.0037910764956496693,0.6852592435294665,0.0,0.0
100,Device,FusedBatchNormGradV3,gradient_tape/model/batch_normalization_5/FusedBatchNormGradV3,2,368.641,184.3205,368.641,184.3205,0.003791066211752296,0.6890503097412188,0.0,0.0
101,Device,MaxPool,model/max_pooling2d/MaxPool,2,359.426,179.713,359.426,179.713,0.0036963000974532963,0.6927466098386721,0.0,0.0
102,Device,Conv2D,model/conv2d_2/Conv2D,2,356.353,178.1765,356.353,178.1765,0.0036646976808237986,0.6964113075194959,0.0,0.0
103,Device,Conv2D,model/conv2d_1/Conv2D,2,355.329,177.6645,355.329,177.6645,0.0036541669699130903,0.7000654744894089,0.0,0.0
104,Device,Conv2DBackpropInput,gradient_tape/model/conv2d_2/Conv2D/Conv2DBackpropInput,2,354.306,177.153,354.306,177.153,0.003643646542899756,0.7037091210323086,0.0,0.0
105,Device,Conv2DBackpropInput,gradient_tape/model/conv2d_5/Conv2D/Conv2DBackpropInput,2,354.305,177.1525,354.305,177.1525,0.003643636259002382,0.7073527572913111,0.0,0.0
106,Device,Conv2DBackpropInput,gradient_tape/model/conv2d_6/Conv2D/Conv2DBackpropInput,2,354.305,177.1525,354.305,177.1525,0.003643636259002382,0.7109963935503135,0.0,0.0
107,Device,Conv2D,model/conv2d_4/Conv2D,2,354.305,177.1525,354.305,177.1525,0.003643636259002382,0.714640029809316,0.0,0.0
108,Device,Conv2D,model/conv2d_5/Conv2D,2,354.305,177.1525,354.305,177.1525,0.003643636259002382,0.7182836660683184,0.0,0.0
109,Device,Conv2D,model/conv2d_6/Conv2D,2,354.305,177.1525,354.305,177.1525,0.003643636259002382,0.7219273023273208,0.0,0.0
110,Device,Conv2DBackpropInput,gradient_tape/model/conv2d_3/Conv2D/Conv2DBackpropInput,2,353.281,176.6405,353.281,176.6405,0.0036331055480916742,0.7255604078754125,0.0,0.0
111,Device,Conv2D,model/conv2d_3/Conv2D,2,353.281,176.6405,353.281,176.6405,0.0036331055480916742,0.7291935134235042,0.0,0.0
112,Device,Conv2DBackpropInput,gradient_tape/model/conv2d_1/Conv2D/Conv2DBackpropInput,2,352.258,176.129,352.258,176.129,0.0036225851210783394,0.7328160985445826,0.0,0.0
113,Device,Conv2DBackpropInput,gradient_tape/model/conv2d_4/Conv2D/Conv2DBackpropInput,2,352.257,176.1285,352.257,176.1285,0.003622574837180966,0.7364386733817636,0.0,0.0
114,Device,BiasAddGrad,gradient_tape/model/conv2d/BiasAdd/BiasAddGrad,2,276.48,138.24,276.48,138.24,0.0028432919458911917,0.7392819653276548,0.0,0.0
115,Device,Conv2DBackpropInput,gradient_tape/model/conv2d_9/Conv2D/Conv2DBackpropInput,2,241.665,120.8325,241.665,120.8325,0.0024852580588244893,0.7417672233864793,0.0,0.0
116,Device,FusedBatchNormV3,model/batch_normalization_1/FusedBatchNormV3,4,227.328,56.832,227.328,56.832,0.002337817822177202,0.7441050412086565,0.0,0.0
117,Device,FusedBatchNormV3,model/batch_normalization_6/FusedBatchNormV3,4,225.281,56.32025,225.281,56.32025,0.0023167666842531594,0.7464218078929097,0.0,0.0
118,Device,FusedBatchNormV3,model/batch_normalization_3/FusedBatchNormV3,4,225.28,56.32,225.28,56.32,0.0023167564003557855,0.7487385642932655,0.0,0.0
119,Device,FusedBatchNormV3,model/batch_normalization_5/FusedBatchNormV3,4,225.28,56.32,225.28,56.32,0.0023167564003557855,0.7510553206936212,0.0,0.0
120,Device,FusedBatchNormV3,model/batch_normalization_4/FusedBatchNormV3,4,224.257,56.06425,224.257,56.06425,0.0023062359733424516,0.7533615566669637,0.0,0.0
121,Device,FusedBatchNormV3,model/batch_normalization_2/FusedBatchNormV3,4,223.233,55.80825,223.233,55.80825,0.0022957052624317433,0.7556572619293954,0.0,0.0
122,Device,ReluGrad,gradient_tape/model/activation_4/ReluGrad,2,220.162,110.081,220.162,110.081,0.002264123413596993,0.7579213853429924,0.0,0.0
123,Device,ReluGrad,gradient_tape/model/activation_2/ReluGrad,2,220.161,110.0805,220.161,110.0805,0.002264113129699619,0.760185498472692,0.0,0.0
124,Device,ReluGrad,gradient_tape/model/activation_6/ReluGrad,2,217.089,108.5445,217.089,108.5445,0.0022325209969674947,0.7624180194696595,0.0,0.0
125,Device,ReluGrad,gradient_tape/model/activation_5/ReluGrad,2,216.066,108.033,216.066,108.033,0.0022220005699541603,0.7646400200396136,0.0,0.0
126,Device,ReluGrad,gradient_tape/model/activation_3/ReluGrad,2,216.065,108.0325,216.065,108.0325,0.0022219902860567864,0.7668620103256704,0.0,0.0
127,Device,Conv2DBackpropFilter,gradient_tape/model/conv2d_18/Conv2D/Conv2DBackpropFilter,2,216.065,108.0325,216.065,108.0325,0.0022219902860567864,0.7690840006117271,0.0,0.0
128,Device,AddN,SGD/gradients/AddN_12,2,215.041,107.5205,215.041,107.5205,0.002211459575146078,0.7712954601868732,0.0,0.0
129,Device,AddN,SGD/gradients/AddN_13,2,215.041,107.5205,215.041,107.5205,0.002211459575146078,0.7735069197620194,0.0,0.0
130,Device,AddN,SGD/gradients/AddN_14,2,211.968,105.984,211.968,105.984,0.00217985715851658,0.7756867769205359,0.0,0.0
131,Device,AddV2,model/add/add,2,210.945,105.4725,210.945,105.4725,0.0021693367315032456,0.7778561136520391,0.0,0.0
132,Device,AddV2,model/add_1/add,2,210.945,105.4725,210.945,105.4725,0.0021693367315032456,0.7800254503835423,0.0,0.0
133,Device,AddV2,model/add_2/add,2,210.944,105.472,210.944,105.472,0.002169326447605872,0.7821947768311482,0.0,0.0
134,Device,Conv2DBackpropFilter,gradient_tape/model/conv2d_31/Conv2D/Conv2DBackpropFilter,4,209.922,52.4805,209.922,52.4805,0.0021588163044899116,0.7843535931356381,0.0,0.0
135,Device,ReluGrad,gradient_tape/model/activation_1/ReluGrad,2,203.776,101.888,203.776,101.888,0.0020956114712309152,0.7864492046068691,0.0,0.0
136,Device,AddN,SGD/gradients/AddN_15,2,201.728,100.864,201.728,100.864,0.002074550049409499,0.7885237546562786,0.0,0.0
137,Device,Conv2DBackpropInput,gradient_tape/model/conv2d_31/Conv2D/Conv2DBackpropInput,4,193.537,48.38425,193.537,48.38425,0.001990314646021208,0.7905140693022997,0.0,0.0
138,Device,FusedBatchNormGradV3,gradient_tape/model/batch_normalization_12/FusedBatchNormGradV3,2,185.344,92.672,185.344,92.672,0.001906058674838169,0.7924201279771379,0.0,0.0
139,Device,FusedBatchNormGradV3,gradient_tape/model/batch_normalization_11/FusedBatchNormGradV3,2,184.321,92.1605,184.321,92.1605,0.0018955382478248347,0.7943156662249627,0.0,0.0
140,Device,FusedBatchNormGradV3,gradient_tape/model/batch_normalization_9/FusedBatchNormGradV3,2,184.321,92.1605,184.321,92.1605,0.0018955382478248347,0.7962112044727876,0.0,0.0
141,Device,FusedBatchNormGradV3,gradient_tape/model/batch_normalization_14/FusedBatchNormGradV3,2,184.32,92.16,184.32,92.16,0.001895527963927461,0.798106732436715,0.0,0.0
142,Device,FusedBatchNormGradV3,gradient_tape/model/batch_normalization_8/FusedBatchNormGradV3,2,184.32,92.16,184.32,92.16,0.001895527963927461,0.8000022604006425,0.0,0.0
143,Device,FusedBatchNormGradV3,gradient_tape/model/batch_normalization_13/FusedBatchNormGradV3,2,183.297,91.6485,183.297,91.6485,0.0018850075369141266,0.8018872679375566,0.0,0.0
144,Device,FusedBatchNormGradV3,gradient_tape/model/batch_normalization_10/FusedBatchNormGradV3,2,183.296,91.648,183.296,91.648,0.0018849972530167527,0.8037722651905733,0.0,0.0
145,Device,FusedBatchNormGradV3,gradient_tape/model/batch_normalization_7/FusedBatchNormGradV3,2,182.272,91.136,182.272,91.136,0.0018744665421060447,0.8056467317326793,0.0,0.0
146,Device,Conv2DBackpropInput,gradient_tape/model/conv2d_18/Conv2D/Conv2DBackpropInput,2,179.201,89.6005,179.201,89.6005,0.001842884693271294,0.8074896164259506,0.0,0.0
147,Device,Conv2DBackpropFilter,gradient_tape/model/conv2d_9/Conv2D/Conv2DBackpropFilter,2,162.817,81.4085,162.817,81.4085,0.0016743933186999644,0.8091640097446506,0.0,0.0
148,Device,BiasAdd,model/conv2d_6/BiasAdd,2,151.554,75.777,151.554,75.777,0.0015585657825795487,0.8107225755272301,0.0,0.0
149,Device,BiasAdd,model/conv2d_1/BiasAdd,2,151.553,75.7765,151.553,75.7765,0.001558555498682175,0.8122811310259124,0.0,0.0
150,Device,BiasAdd,model/conv2d_4/BiasAdd,2,151.553,75.7765,151.553,75.7765,0.001558555498682175,0.8138396865245946,0.0,0.0
151,Device,BiasAdd,model/conv2d_2/BiasAdd,2,150.529,75.2645,150.529,75.2645,0.0015480247877714668,0.8153877113123661,0.0,0.0
152,Device,BiasAdd,model/conv2d_3/BiasAdd,2,150.529,75.2645,150.529,75.2645,0.0015480247877714668,0.8169357361001376,0.0,0.0
153,Device,BiasAdd,model/conv2d_5/BiasAdd,2,150.529,75.2645,150.529,75.2645,0.0015480247877714668,0.8184837608879091,0.0,0.0
154,Device,Relu,model/activation_3/Relu,2,143.361,71.6805,143.361,71.6805,0.00147430981139651,0.8199580706993056,0.0,0.0
155,Device,Relu,model/activation_5/Relu,2,143.361,71.6805,143.361,71.6805,0.00147430981139651,0.8214323805107021,0.0,0.0
156,Device,SoftmaxCrossEntropyWithLogits,categorical_crossentropy/softmax_cross_entropy_with_logits,2,142.337,71.1685,142.337,71.1685,0.0014637791004858019,0.8228961596111879,0.0,0.0
157,Device,Relu,model/activation_4/Relu,2,142.337,71.1685,142.337,71.1685,0.0014637791004858019,0.8243599387116737,0.0,0.0
158,Device,Relu,model/activation_6/Relu,2,142.336,71.168,142.336,71.168,0.0014637688165884284,0.8258237075282621,0.0,0.0
159,Device,Relu,model/activation_1/Relu,2,141.313,70.6565,141.313,70.6565,0.0014532483895750938,0.8272769559178371,0.0,0.0
160,Device,Relu,model/activation_2/Relu,2,141.313,70.6565,141.313,70.6565,0.0014532483895750938,0.8287302043074122,0.0,0.0
161,Device,Conv2D,model/conv2d_9/Conv2D,2,139.265,69.6325,139.265,69.6325,0.0014321869677536775,0.8301623912751659,0.0,0.0
162,Device,Transpose,gradient_tape/model/conv2d/Conv2D/Conv2DBackpropFilter-0-TransposeNHWCToNCHW-LayoutOptimizer,2,128.0,64.0,128.0,64.0,0.0013163388638385146,0.8314787301390044,0.0,0.0
163,Device,ResourceApplyGradientDescent,SGD/SGD/update_126/ResourceApplyGradientDescent,2,125.953,62.9765,125.953,62.9765,0.0012952877259144722,0.8327740178649189,0.0,0.0
164,Device,ResourceApplyGradientDescent,SGD/SGD/update_134/ResourceApplyGradientDescent,2,125.953,62.9765,125.953,62.9765,0.0012952877259144722,0.8340693055908334,0.0,0.0
165,Device,ResourceApplyGradientDescent,SGD/SGD/update_118/ResourceApplyGradientDescent,2,125.952,62.976,125.952,62.976,0.0012952774420170983,0.8353645830328504,0.0,0.0
166,Device,ResourceApplyGradientDescent,SGD/SGD/update_130/ResourceApplyGradientDescent,2,124.928,62.464,124.928,62.464,0.0012847467311063903,0.8366493297639568,0.0,0.0
167,Device,AddN,SGD/gradients/AddN_47,2,123.905,61.9525,123.905,61.9525,0.001274226304093056,0.8379235560680498,0.0,0.0
168,Device,AddN,SGD/gradients/AddN_48,2,123.905,61.9525,123.905,61.9525,0.001274226304093056,0.8391977823721428,0.0,0.0
169,Device,AddN,SGD/gradients/AddN_49,2,123.905,61.9525,123.905,61.9525,0.001274226304093056,0.8404720086762358,0.0,0.0
170,Device,ResourceApplyGradientDescent,SGD/SGD/update_122/ResourceApplyGradientDescent,2,123.904,61.952,123.904,61.952,0.001274216020195682,0.8417462246964316,0.0,0.0
171,Device,AddN,SGD/gradients/AddN_50,2,123.904,61.952,123.904,61.952,0.001274216020195682,0.8430204407166273,0.0,0.0
172,Device,Mul,gradient_tape/conv2d_32/kernel/Regularizer/Mul_1,2,121.857,60.9285,121.857,60.9285,0.0012531648822716396,0.844273605598899,0.0,0.0
173,Device,Mul,gradient_tape/conv2d_35/kernel/Regularizer/Mul_1,2,121.857,60.9285,121.857,60.9285,0.0012531648822716396,0.8455267704811706,0.0,0.0
174,Device,Mul,gradient_tape/conv2d_33/kernel/Regularizer/Mul_1,2,120.833,60.4165,120.833,60.4165,0.0012426341713609316,0.8467694046525316,0.0,0.0
175,Device,FusedBatchNormV3,model/batch_normalization_8/FusedBatchNormV3,4,120.833,30.20825,120.833,30.20825,0.0012426341713609316,0.8480120388238925,0.0,0.0
176,Device,AddN,SGD/gradients/AddN_51,2,120.832,60.416,120.832,60.416,0.0012426238874635577,0.8492546627113561,0.0,0.0
177,Device,Mul,gradient_tape/conv2d_34/kernel/Regularizer/Mul_1,2,120.832,60.416,120.832,60.416,0.0012426238874635577,0.8504972865988196,0.0,0.0
178,Device,FusedBatchNormV3,model/batch_normalization_10/FusedBatchNormV3,4,117.761,29.44025,117.761,29.44025,0.001211042038628807,0.8517083286374484,0.0,0.0
179,Device,FusedBatchNormV3,model/batch_normalization_7/FusedBatchNormV3,4,116.737,29.18425,116.737,29.18425,0.001200511327718099,0.8529088399651665,0.0,0.0
180,Device,FusedBatchNormV3,model/batch_normalization_12/FusedBatchNormV3,4,116.736,29.184,116.736,29.184,0.0012005010438207253,0.8541093410089873,0.0,0.0
181,Device,FusedBatchNormV3,model/batch_normalization_14/FusedBatchNormV3,4,116.736,29.184,116.736,29.184,0.0012005010438207253,0.855309842052808,0.0,0.0
182,Device,FusedBatchNormV3,model/batch_normalization_13/FusedBatchNormV3,4,112.641,28.16025,112.641,28.16025,0.0011583884840752666,0.8564682305368833,0.0,0.0
183,Device,FusedBatchNormV3,model/batch_normalization_11/FusedBatchNormV3,4,112.64,28.16,112.64,28.16,0.0011583782001778928,0.8576266087370612,0.0,0.0
184,Device,FusedBatchNormV3,model/batch_normalization_9/FusedBatchNormV3,4,112.64,28.16,112.64,28.16,0.0011583782001778928,0.8587849869372391,0.0,0.0
185,Device,ReluGrad,gradient_tape/model/activation_14/ReluGrad,2,109.569,54.7845,109.569,54.7845,0.0011267963513431423,0.8599117832885823,0.0,0.0
186,Device,AddV2,model/add_6/add,2,109.568,54.784,109.568,54.784,0.0011267860674457684,0.8610385693560281,0.0,0.0
187,Device,AddV2,model/add_4/add,2,108.545,54.2725,108.545,54.2725,0.001116265640432434,0.8621548349964605,0.0,0.0
188,Device,AddV2,model/add_5/add,2,108.545,54.2725,108.545,54.2725,0.001116265640432434,0.8632711006368929,0.0,0.0
189,Device,AddN,SGD/gradients/AddN_8,2,108.544,54.272,108.544,54.272,0.0011162553565350604,0.864387355993428,0.0,0.0
190,Device,Mul,gradient_tape/conv2d_30/kernel/Regularizer/Mul_1,2,108.544,54.272,108.544,54.272,0.0011162553565350604,0.865503611349963,0.0,0.0
191,Device,AddV2,model/add_3/add,2,108.544,54.272,108.544,54.272,0.0011162553565350604,0.866619866706498,0.0,0.0
192,Device,AddN,SGD/gradients/AddN_10,2,107.52,53.76,107.52,53.76,0.0011057246456243521,0.8677255913521223,0.0,0.0
193,Device,AddN,SGD/gradients/AddN_11,2,107.52,53.76,107.52,53.76,0.0011057246456243521,0.8688313159977467,0.0,0.0
194,Device,AddN,SGD/gradients/AddN_9,2,107.52,53.76,107.52,53.76,0.0011057246456243521,0.869937040643371,0.0,0.0
195,Device,ReluGrad,gradient_tape/model/activation_13/ReluGrad,2,105.472,52.736,105.472,52.736,0.001084663223802936,0.8710217038671739,0.0,0.0
196,Device,ReluGrad,gradient_tape/model/activation_7/ReluGrad,2,105.472,52.736,105.472,52.736,0.001084663223802936,0.8721063670909769,0.0,0.0
197,Device,ReluGrad,gradient_tape/model/activation_10/ReluGrad,2,104.448,52.224,104.448,52.224,0.0010741325128922278,0.8731804996038691,0.0,0.0
198,Device,ReluGrad,gradient_tape/model/activation_12/ReluGrad,2,104.448,52.224,104.448,52.224,0.0010741325128922278,0.8742546321167614,0.0,0.0
199,Device,ReluGrad,gradient_tape/model/activation_8/ReluGrad,2,104.448,52.224,104.448,52.224,0.0010741325128922278,0.8753287646296536,0.0,0.0
200,Device,ReluGrad,gradient_tape/model/activation_11/ReluGrad,2,103.424,51.712,103.424,51.712,0.0010636018019815198,0.8763923664316351,0.0,0.0
201,Device,ReluGrad,gradient_tape/model/activation_9/ReluGrad,2,102.4,51.2,102.4,51.2,0.0010530710910708117,0.8774454375227059,0.0,0.0
202,Device,Conv2D,model/conv2d_31/Conv2D,2,101.376,50.688,101.376,50.688,0.0010425403801601037,0.8784879779028659,0.0,0.0
203,Device,BiasAddGrad,gradient_tape/model/conv2d_3/BiasAdd/BiasAddGrad,2,86.017,43.0085,86.017,43.0085,0.0008845900003968555,0.8793725679032628,0.0,0.0
204,Device,BiasAddGrad,gradient_tape/model/conv2d_5/BiasAdd/BiasAddGrad,2,86.017,43.0085,86.017,43.0085,0.0008845900003968555,0.8802571579036597,0.0,0.0
205,Device,BiasAddGrad,gradient_tape/model/conv2d_1/BiasAdd/BiasAddGrad,2,84.993,42.4965,84.993,42.4965,0.0008740592894861473,0.8811312171931458,0.0,0.0
206,Device,BiasAddGrad,gradient_tape/model/conv2d_4/BiasAdd/BiasAddGrad,2,84.992,42.496,84.992,42.496,0.0008740490055887737,0.8820052661987345,0.0,0.0
207,Device,BiasAddGrad,gradient_tape/model/conv2d_6/BiasAdd/BiasAddGrad,2,84.992,42.496,84.992,42.496,0.0008740490055887737,0.8828793152043233,0.0,0.0
208,Device,BiasAddGrad,gradient_tape/model/conv2d_2/BiasAdd/BiasAddGrad,2,83.968,41.984,83.968,41.984,0.0008635182946780657,0.8837428334990013,0.0,0.0
209,Device,Square,conv2d_35/kernel/Regularizer/Square,2,82.944,41.472,82.944,41.472,0.0008529875837673575,0.8845958210827687,0.0,0.0
210,Device,Square,conv2d_30/kernel/Regularizer/Square,2,81.921,40.9605,81.921,40.9605,0.0008424671567540231,0.8854382882395228,0.0,0.0
211,Device,Square,conv2d_32/kernel/Regularizer/Square,2,81.92,40.96,81.92,40.96,0.0008424568728566494,0.8862807451123794,0.0,0.0
212,Device,Square,conv2d_33/kernel/Regularizer/Square,2,80.896,40.448,80.896,40.448,0.0008319261619459412,0.8871126712743254,0.0,0.0
213,Device,Square,conv2d_34/kernel/Regularizer/Square,2,80.896,40.448,80.896,40.448,0.0008319261619459412,0.8879445974362713,0.0,0.0
214,Device,BiasAdd,model/conv2d_9/BiasAdd,2,77.824,38.912,77.824,38.912,0.0008003340292138169,0.8887449314654852,0.0,0.0
215,Device,Conv2D,model/conv2d_18/Conv2D,2,75.776,37.888,75.776,37.888,0.0007792726073924006,0.8895242040728776,0.0,0.0
216,Device,Tile,gradient_tape/conv2d_30/kernel/Regularizer/Tile,2,73.728,36.864,73.728,36.864,0.0007582111855709843,0.8902824152584485,0.0,0.0
217,Device,Relu,model/activation_10/Relu,2,73.728,36.864,73.728,36.864,0.0007582111855709843,0.8910406264440195,0.0,0.0
218,Device,Relu,model/activation_13/Relu,2,73.728,36.864,73.728,36.864,0.0007582111855709843,0.8917988376295904,0.0,0.0
219,Device,Relu,model/activation_7/Relu,2,73.728,36.864,73.728,36.864,0.0007582111855709843,0.8925570488151614,0.0,0.0
220,Device,Relu,model/activation_9/Relu,2,73.728,36.864,73.728,36.864,0.0007582111855709843,0.8933152600007324,0.0,0.0
221,Device,Relu,model/activation_14/Relu,2,72.705,36.3525,72.705,36.3525,0.00074769075855765,0.89406295075929,0.0,0.0
222,Device,Relu,model/activation_8/Relu,2,72.705,36.3525,72.705,36.3525,0.00074769075855765,0.8948106415178476,0.0,0.0
223,Device,Relu,model/activation_11/Relu,2,72.704,36.352,72.704,36.352,0.0007476804746602763,0.8955583219925078,0.0,0.0
224,Device,Relu,model/activation_12/Relu,2,71.68,35.84,71.68,35.84,0.0007371497637495682,0.8962954717562575,0.0,0.0
225,Device,Mul,gradient_tape/conv2d_30/kernel/Regularizer/Mul,2,70.656,35.328,70.656,35.328,0.0007266190528388601,0.8970220908090963,0.0,0.0
226,Device,BiasAdd,model/conv2d_7/BiasAdd,2,67.584,33.792,67.584,33.792,0.0006950269201067358,0.897717117729203,0.0,0.0
227,Device,ResourceApplyGradientDescent,SGD/SGD/update_112/ResourceApplyGradientDescent,2,66.561,33.2805,66.561,33.2805,0.0006845064930934014,0.8984016242222964,0.0,0.0
228,Device,FusedBatchNormGradV3,gradient_tape/model/batch_normalization_18/FusedBatchNormGradV3,2,66.56,33.28,66.56,33.28,0.0006844962091960276,0.8990861204314924,0.0,0.0
229,Device,FusedBatchNormGradV3,gradient_tape/model/batch_normalization_19/FusedBatchNormGradV3,2,65.537,32.7685,65.537,32.7685,0.0006739757821826932,0.899760096213675,0.0,0.0
230,Device,FusedBatchNormGradV3,gradient_tape/model/batch_normalization_23/FusedBatchNormGradV3,2,65.536,32.768,65.536,32.768,0.0006739654982853195,0.9004340617119604,0.0,0.0
231,Device,FusedBatchNormGradV3,gradient_tape/model/batch_normalization_26/FusedBatchNormGradV3,2,65.536,32.768,65.536,32.768,0.0006739654982853195,0.9011080272102457,0.0,0.0
232,Device,FusedBatchNormGradV3,gradient_tape/model/batch_normalization_15/FusedBatchNormGradV3,2,64.512,32.256,64.512,32.256,0.0006634347873746113,0.9017714619976204,0.0,0.0
233,Device,FusedBatchNormGradV3,gradient_tape/model/batch_normalization_16/FusedBatchNormGradV3,2,64.512,32.256,64.512,32.256,0.0006634347873746113,0.902434896784995,0.0,0.0
234,Device,FusedBatchNormGradV3,gradient_tape/model/batch_normalization_20/FusedBatchNormGradV3,2,64.512,32.256,64.512,32.256,0.0006634347873746113,0.9030983315723696,0.0,0.0
235,Device,FusedBatchNormGradV3,gradient_tape/model/batch_normalization_22/FusedBatchNormGradV3,2,64.512,32.256,64.512,32.256,0.0006634347873746113,0.9037617663597443,0.0,0.0
236,Device,FusedBatchNormGradV3,gradient_tape/model/batch_normalization_17/FusedBatchNormGradV3,2,63.489,31.7445,63.489,31.7445,0.0006529143603612769,0.9044146807201056,0.0,0.0
237,Device,FusedBatchNormGradV3,gradient_tape/model/batch_normalization_21/FusedBatchNormGradV3,2,63.488,31.744,63.488,31.744,0.0006529040764639033,0.9050675847965695,0.0,0.0
238,Device,FusedBatchNormGradV3,gradient_tape/model/batch_normalization_24/FusedBatchNormGradV3,2,63.488,31.744,63.488,31.744,0.0006529040764639033,0.9057204888730334,0.0,0.0
239,Device,FusedBatchNormGradV3,gradient_tape/model/batch_normalization_25/FusedBatchNormGradV3,2,63.488,31.744,63.488,31.744,0.0006529040764639033,0.9063733929494973,0.0,0.0
240,Device,Mul,gradient_tape/conv2d_29/kernel/Regularizer/Mul_1,2,62.465,31.2325,62.465,31.2325,0.0006423836494505689,0.9070157765989478,0.0,0.0
241,Device,AddN,SGD/gradients/AddN_45,2,62.464,31.232,62.464,31.232,0.0006423733655531951,0.907658149964501,0.0,0.0
242,Device,BiasAddGrad,gradient_tape/model/conv2d_15/BiasAdd/BiasAddGrad,2,60.416,30.208,60.416,30.208,0.0006213119437317789,0.9082794619082328,0.0,0.0
243,Device,BiasAdd,model/conv2d_14/BiasAdd,2,60.416,30.208,60.416,30.208,0.0006213119437317789,0.9089007738519647,0.0,0.0
244,Device,BiasAdd,model/conv2d_15/BiasAdd,2,60.416,30.208,60.416,30.208,0.0006213119437317789,0.9095220857956965,0.0,0.0
245,Device,BiasAddGrad,gradient_tape/model/conv2d_12/BiasAdd/BiasAddGrad,2,59.393,29.6965,59.393,29.6965,0.0006107915167184446,0.9101328773124149,0.0,0.0
246,Device,BiasAdd,model/conv2d_13/BiasAdd,2,59.393,29.6965,59.393,29.6965,0.0006107915167184446,0.9107436688291333,0.0,0.0
247,Device,BiasAddGrad,gradient_tape/model/conv2d_14/BiasAdd/BiasAddGrad,2,59.392,29.696,59.392,29.696,0.0006107812328210708,0.9113544500619544,0.0,0.0
248,Device,BiasAdd,model/conv2d_10/BiasAdd,2,59.392,29.696,59.392,29.696,0.0006107812328210708,0.9119652312947755,0.0,0.0
249,Device,BiasAdd,model/conv2d_11/BiasAdd,2,59.392,29.696,59.392,29.696,0.0006107812328210708,0.9125760125275966,0.0,0.0
250,Device,BiasAdd,model/conv2d_12/BiasAdd,2,59.392,29.696,59.392,29.696,0.0006107812328210708,0.9131867937604177,0.0,0.0
251,Device,BiasAdd,model/conv2d_8/BiasAdd,2,59.392,29.696,59.392,29.696,0.0006107812328210708,0.9137975749932388,0.0,0.0
252,Device,BiasAddGrad,gradient_tape/model/conv2d_11/BiasAdd/BiasAddGrad,2,58.368,29.184,58.368,29.184,0.0006002505219103627,0.9143978255151491,0.0,0.0
253,Device,BiasAddGrad,gradient_tape/model/conv2d_10/BiasAdd/BiasAddGrad,2,57.345,28.6725,57.345,28.6725,0.0005897300948970283,0.9149875556100462,0.0,0.0
254,Device,Sum,conv2d_35/kernel/Regularizer/Sum,2,57.344,28.672,57.344,28.672,0.0005897198109996545,0.9155772754210458,0.0,0.0
255,Device,BiasAddGrad,gradient_tape/model/conv2d_13/BiasAdd/BiasAddGrad,2,57.344,28.672,57.344,28.672,0.0005897198109996545,0.9161669952320455,0.0,0.0
256,Device,Sum,conv2d_32/kernel/Regularizer/Sum,2,56.321,28.1605,56.321,28.1605,0.0005791993839863201,0.9167461946160318,0.0,0.0
257,Device,AddN,SGD/gradients/AddN_4,2,55.296,27.648,55.296,27.648,0.0005686583891782383,0.91731485300521,0.0,0.0
258,Device,ReluGrad,gradient_tape/model/activation_17/ReluGrad,2,55.296,27.648,55.296,27.648,0.0005686583891782383,0.9178835113943882,0.0,0.0
259,Device,ReluGrad,gradient_tape/model/activation_18/ReluGrad,2,55.296,27.648,55.296,27.648,0.0005686583891782383,0.9184521697835664,0.0,0.0
260,Device,ReluGrad,gradient_tape/model/activation_23/ReluGrad,2,55.296,27.648,55.296,27.648,0.0005686583891782383,0.9190208281727446,0.0,0.0
261,Device,ReluGrad,gradient_tape/model/activation_24/ReluGrad,2,55.296,27.648,55.296,27.648,0.0005686583891782383,0.9195894865619227,0.0,0.0
262,Device,ReluGrad,gradient_tape/model/activation_25/ReluGrad,2,55.296,27.648,55.296,27.648,0.0005686583891782383,0.9201581449511009,0.0,0.0
263,Device,ReluGrad,gradient_tape/model/activation_26/ReluGrad,2,55.296,27.648,55.296,27.648,0.0005686583891782383,0.9207268033402791,0.0,0.0
264,Device,ReluGrad,gradient_tape/model/activation_16/ReluGrad,2,54.272,27.136,54.272,27.136,0.0005581276782675302,0.9212849310185467,0.0,0.0
265,Device,ReluGrad,gradient_tape/model/activation_19/ReluGrad,2,54.272,27.136,54.272,27.136,0.0005581276782675302,0.9218430586968143,0.0,0.0
266,Device,ReluGrad,gradient_tape/model/activation_20/ReluGrad,2,54.272,27.136,54.272,27.136,0.0005581276782675302,0.9224011863750818,0.0,0.0
267,Device,BiasAddGrad,gradient_tape/model/conv2d_7/BiasAdd/BiasAddGrad,2,54.272,27.136,54.272,27.136,0.0005581276782675302,0.9229593140533494,0.0,0.0
268,Device,ReluGrad,gradient_tape/model/activation_15/ReluGrad,2,53.249,26.6245,53.249,26.6245,0.0005476072512541958,0.9235069213046037,0.0,0.0
269,Device,ReluGrad,gradient_tape/model/activation_22/ReluGrad,2,53.249,26.6245,53.249,26.6245,0.0005476072512541958,0.9240545285558579,0.0,0.0
270,Device,Sum,conv2d_30/kernel/Regularizer/Sum,2,52.224,26.112,52.224,26.112,0.0005370662564461139,0.924591594812304,0.0,0.0
271,Device,ReluGrad,gradient_tape/model/activation_21/ReluGrad,2,52.224,26.112,52.224,26.112,0.0005370662564461139,0.9251286610687501,0.0,0.0
272,Device,BiasAddGrad,gradient_tape/model/conv2d_9/BiasAdd/BiasAddGrad,2,52.224,26.112,52.224,26.112,0.0005370662564461139,0.9256657273251963,0.0,0.0
273,Device,AddN,SGD/gradients/AddN_3,2,49.153,24.5765,49.153,24.5765,0.0005054844076113633,0.9261712117328076,0.0,0.0
274,Device,AddN,SGD/gradients/AddN_6,2,49.152,24.576,49.152,24.576,0.0005054741237139896,0.9266766858565216,0.0,0.0
275,Device,AddN,SGD/gradients/AddN_7,2,49.152,24.576,49.152,24.576,0.0005054741237139896,0.9271821599802357,0.0,0.0
276,Device,Sum,conv2d_33/kernel/Regularizer/Sum,2,49.152,24.576,49.152,24.576,0.0005054741237139896,0.9276876341039497,0.0,0.0
277,Device,Sum,conv2d_34/kernel/Regularizer/Sum,2,49.152,24.576,49.152,24.576,0.0005054741237139896,0.9281931082276638,0.0,0.0
278,Device,FusedBatchNormGradV3,gradient_tape/model/batch_normalization_31/FusedBatchNormGradV3,2,48.128,24.064,48.128,24.064,0.0004949434128032815,0.9286880516404671,0.0,0.0
279,Device,FusedBatchNormGradV3,gradient_tape/model/batch_normalization_27/FusedBatchNormGradV3,2,47.105,23.5525,47.105,23.5525,0.0004844229857899471,0.9291724746262571,0.0,0.0
280,Device,AddN,SGD/gradients/AddN_5,2,47.104,23.552,47.104,23.552,0.00048441270189257334,0.9296568873281497,0.0,0.0
281,Device,FusedBatchNormGradV3,gradient_tape/model/batch_normalization_30/FusedBatchNormGradV3,2,45.057,22.5285,45.057,22.5285,0.0004633615639685309,0.9301202488921182,0.0,0.0
282,Device,Mul,gradient_tape/conv2d_29/kernel/Regularizer/Mul,2,45.056,22.528,45.056,22.528,0.0004633512800711571,0.9305836001721893,0.0,0.0
283,Device,FusedBatchNormGradV3,gradient_tape/model/batch_normalization_28/FusedBatchNormGradV3,2,45.056,22.528,45.056,22.528,0.0004633512800711571,0.9310469514522605,0.0,0.0
284,Device,FusedBatchNormGradV3,gradient_tape/model/batch_normalization_29/FusedBatchNormGradV3,2,45.056,22.528,45.056,22.528,0.0004633512800711571,0.9315103027323316,0.0,0.0
285,Device,FusedBatchNormV3,model/batch_normalization_25/FusedBatchNormV3,4,43.008,10.752,43.008,10.752,0.0004422898582497409,0.9319525925905814,0.0,0.0
286,Device,BiasAdd,model/conv2d_18/BiasAdd,2,43.008,21.504,43.008,21.504,0.0004422898582497409,0.9323948824488312,0.0,0.0
287,Device,Square,conv2d_29/kernel/Regularizer/Square,2,40.96,20.48,40.96,20.48,0.0004212284364283247,0.9328161108852595,0.0,0.0
288,Device,Tile,gradient_tape/conv2d_29/kernel/Regularizer/Tile,2,40.96,20.48,40.96,20.48,0.0004212284364283247,0.9332373393216878,0.0,0.0
289,Device,FusedBatchNormV3,model/batch_normalization_15/FusedBatchNormV3,4,40.96,10.24,40.96,10.24,0.0004212284364283247,0.9336585677581162,0.0,0.0
290,Device,FusedBatchNormV3,model/batch_normalization_16/FusedBatchNormV3,4,40.96,10.24,40.96,10.24,0.0004212284364283247,0.9340797961945445,0.0,0.0
291,Device,FusedBatchNormV3,model/batch_normalization_19/FusedBatchNormV3,4,40.96,10.24,40.96,10.24,0.0004212284364283247,0.9345010246309728,0.0,0.0
292,Device,AddN,SGD/gradients/AddN_2,2,39.936,19.968,39.936,19.968,0.00041069772551761654,0.9349117223564904,0.0,0.0
293,Device,FusedBatchNormV3,model/batch_normalization_17/FusedBatchNormV3,4,39.936,9.984,39.936,9.984,0.00041069772551761654,0.935322420082008,0.0,0.0
294,Device,FusedBatchNormV3,model/batch_normalization_22/FusedBatchNormV3,4,39.936,9.984,39.936,9.984,0.00041069772551761654,0.9357331178075257,0.0,0.0
295,Device,FusedBatchNormV3,model/batch_normalization_23/FusedBatchNormV3,4,39.936,9.984,39.936,9.984,0.00041069772551761654,0.9361438155330433,0.0,0.0
296,Device,BiasAddGrad,gradient_tape/model/conv2d_19/BiasAdd/BiasAddGrad,2,38.912,19.456,38.912,19.456,0.00040016701460690845,0.9365439825476501,0.0,0.0
297,Device,BiasAddGrad,gradient_tape/model/conv2d_20/BiasAdd/BiasAddGrad,2,38.912,19.456,38.912,19.456,0.00040016701460690845,0.936944149562257,0.0,0.0
298,Device,BiasAddGrad,gradient_tape/model/conv2d_21/BiasAdd/BiasAddGrad,2,38.912,19.456,38.912,19.456,0.00040016701460690845,0.9373443165768639,0.0,0.0
299,Device,BiasAddGrad,gradient_tape/model/conv2d_22/BiasAdd/BiasAddGrad,2,38.912,19.456,38.912,19.456,0.00040016701460690845,0.9377444835914708,0.0,0.0
300,Device,BiasAddGrad,gradient_tape/model/conv2d_23/BiasAdd/BiasAddGrad,2,38.912,19.456,38.912,19.456,0.00040016701460690845,0.9381446506060777,0.0,0.0
301,Device,BiasAddGrad,gradient_tape/model/conv2d_24/BiasAdd/BiasAddGrad,2,38.912,19.456,38.912,19.456,0.00040016701460690845,0.9385448176206845,0.0,0.0
302,Device,BiasAddGrad,gradient_tape/model/conv2d_25/BiasAdd/BiasAddGrad,2,38.912,19.456,38.912,19.456,0.00040016701460690845,0.9389449846352914,0.0,0.0
303,Device,BiasAddGrad,gradient_tape/model/conv2d_26/BiasAdd/BiasAddGrad,2,38.912,19.456,38.912,19.456,0.00040016701460690845,0.9393451516498983,0.0,0.0
304,Device,FusedBatchNormV3,model/batch_normalization_18/FusedBatchNormV3,4,38.912,9.728,38.912,9.728,0.00040016701460690845,0.9397453186645052,0.0,0.0
305,Device,FusedBatchNormV3,model/batch_normalization_20/FusedBatchNormV3,4,38.912,9.728,38.912,9.728,0.00040016701460690845,0.940145485679112,0.0,0.0
306,Device,FusedBatchNormV3,model/batch_normalization_21/FusedBatchNormV3,4,38.912,9.728,38.912,9.728,0.00040016701460690845,0.9405456526937189,0.0,0.0
307,Device,FusedBatchNormV3,model/batch_normalization_24/FusedBatchNormV3,4,38.912,9.728,38.912,9.728,0.00040016701460690845,0.9409458197083258,0.0,0.0
308,Device,BiasAddGrad,gradient_tape/model/conv2d_27/BiasAdd/BiasAddGrad,2,37.888,18.944,37.888,18.944,0.0003896363036962003,0.941335456012022,0.0,0.0
309,Device,BiasAddGrad,gradient_tape/model/conv2d_28/BiasAdd/BiasAddGrad,2,37.888,18.944,37.888,18.944,0.0003896363036962003,0.9417250923157181,0.0,0.0
310,Device,ResourceApplyGradientDescent,SGD/SGD/update_80/ResourceApplyGradientDescent,2,36.865,18.4325,36.865,18.4325,0.00037911587668286597,0.9421042081924009,0.0,0.0
311,Device,BiasAddGrad,gradient_tape/model/conv2d_29/BiasAdd/BiasAddGrad,2,36.865,18.4325,36.865,18.4325,0.00037911587668286597,0.9424833240690837,0.0,0.0
312,Device,ResourceApplyGradientDescent,SGD/SGD/update_104/ResourceApplyGradientDescent,2,36.864,18.432,36.864,18.432,0.00037910559278549216,0.9428624296618693,0.0,0.0
313,Device,ResourceApplyGradientDescent,SGD/SGD/update_108/ResourceApplyGradientDescent,2,36.864,18.432,36.864,18.432,0.00037910559278549216,0.9432415352546548,0.0,0.0
314,Device,ResourceApplyGradientDescent,SGD/SGD/update_88/ResourceApplyGradientDescent,2,36.864,18.432,36.864,18.432,0.00037910559278549216,0.9436206408474404,0.0,0.0
315,Device,BiasAddGrad,gradient_tape/model/conv2d_35/BiasAdd/BiasAddGrad,2,36.864,18.432,36.864,18.432,0.00037910559278549216,0.9439997464402259,0.0,0.0
316,Device,AddV2,model/add_10/add,2,36.864,18.432,36.864,18.432,0.00037910559278549216,0.9443788520330114,0.0,0.0
317,Device,AddV2,model/add_12/add,2,36.864,18.432,36.864,18.432,0.00037910559278549216,0.944757957625797,0.0,0.0
318,Device,AddV2,model/add_9/add,2,36.864,18.432,36.864,18.432,0.00037910559278549216,0.9451370632185825,0.0,0.0
319,Device,FusedBatchNormV3,model/batch_normalization_26/FusedBatchNormV3,4,36.864,9.216,36.864,9.216,0.00037910559278549216,0.945516168811368,0.0,0.0
320,Device,ResourceApplyGradientDescent,SGD/SGD/update_100/ResourceApplyGradientDescent,2,35.841,17.9205,35.841,17.9205,0.0003685851657721578,0.9458847539771402,0.0,0.0
321,Device,ResourceApplyGradientDescent,SGD/SGD/update_72/ResourceApplyGradientDescent,2,35.841,17.9205,35.841,17.9205,0.0003685851657721578,0.9462533391429124,0.0,0.0
322,Device,AddV2,model/add_8/add,2,35.841,17.9205,35.841,17.9205,0.0003685851657721578,0.9466219243086846,0.0,0.0
323,Device,ResourceApplyGradientDescent,SGD/SGD/update_68/ResourceApplyGradientDescent,2,35.84,17.92,35.84,17.92,0.0003685748818747841,0.9469904991905594,0.0,0.0
324,Device,ResourceApplyGradientDescent,SGD/SGD/update_76/ResourceApplyGradientDescent,2,35.84,17.92,35.84,17.92,0.0003685748818747841,0.9473590740724342,0.0,0.0
325,Device,Sum,conv2d_29/kernel/Regularizer/Sum,2,35.84,17.92,35.84,17.92,0.0003685748818747841,0.947727648954309,0.0,0.0
326,Device,FusedBatchNormGradV3,gradient_tape/model/batch_normalization_32/FusedBatchNormGradV3,2,35.84,17.92,35.84,17.92,0.0003685748818747841,0.9480962238361839,0.0,0.0
327,Device,BiasAddGrad,gradient_tape/model/conv2d_16/BiasAdd/BiasAddGrad,2,35.84,17.92,35.84,17.92,0.0003685748818747841,0.9484647987180587,0.0,0.0
328,Device,BiasAddGrad,gradient_tape/model/conv2d_33/BiasAdd/BiasAddGrad,2,35.84,17.92,35.84,17.92,0.0003685748818747841,0.9488333735999335,0.0,0.0
329,Device,BiasAddGrad,gradient_tape/model/conv2d_34/BiasAdd/BiasAddGrad,2,35.84,17.92,35.84,17.92,0.0003685748818747841,0.9492019484818083,0.0,0.0
330,Device,AddV2,model/add_7/add,2,35.84,17.92,35.84,17.92,0.0003685748818747841,0.9495705233636831,0.0,0.0
331,Device,AddN,SGD/gradients/AddN_40,2,34.817,17.4085,34.817,17.4085,0.00035805445486144973,0.9499285778185446,0.0,0.0
332,Device,ResourceApplyGradientDescent,SGD/SGD/update_84/ResourceApplyGradientDescent,2,34.816,17.408,34.816,17.408,0.000358044170964076,0.9502866219895086,0.0,0.0
333,Device,Mul,gradient_tape/conv2d_17/kernel/Regularizer/Mul_1,2,34.816,17.408,34.816,17.408,0.000358044170964076,0.9506446661604727,0.0,0.0
334,Device,BiasAddGrad,gradient_tape/model/conv2d_32/BiasAdd/BiasAddGrad,2,34.816,17.408,34.816,17.408,0.000358044170964076,0.9510027103314368,0.0,0.0
335,Device,AddV2,model/add_11/add,2,34.816,17.408,34.816,17.408,0.000358044170964076,0.9513607545024009,0.0,0.0
336,Device,ResourceApplyGradientDescent,SGD/SGD/update_92/ResourceApplyGradientDescent,2,33.792,16.896,33.792,16.896,0.0003475134600533679,0.9517082679624542,0.0,0.0
337,Device,ResourceApplyGradientDescent,SGD/SGD/update_96/ResourceApplyGradientDescent,2,33.792,16.896,33.792,16.896,0.0003475134600533679,0.9520557814225076,0.0,0.0
338,Device,AddN,SGD/gradients/AddN_41,2,33.792,16.896,33.792,16.896,0.0003475134600533679,0.9524032948825609,0.0,0.0
339,Device,ArgMax,ArgMax,2,32.768,16.384,32.768,16.384,0.00033698274914265974,0.9527402776317035,0.0,0.0
340,Device,FusedBatchNormV3,model/batch_normalization_29/FusedBatchNormV3,4,32.768,8.192,32.768,8.192,0.00033698274914265974,0.9530772603808462,0.0,0.0
341,Device,Relu,model/activation_26/Relu,2,31.745,15.8725,31.745,15.8725,0.00032646232212932535,0.9534037227029755,0.0,0.0
342,Device,FusedBatchNormV3,model/batch_normalization_28/FusedBatchNormV3,4,31.745,7.93625,31.745,7.93625,0.00032646232212932535,0.9537301850251048,0.0,0.0
343,Device,AddN,SGD/gradients/AddN_34,2,31.744,15.872,31.744,15.872,0.00032645203823195165,0.9540566370633368,0.0,0.0
344,Device,AddN,SGD/gradients/AddN_38,2,31.744,15.872,31.744,15.872,0.00032645203823195165,0.9543830891015688,0.0,0.0
345,Device,AddN,SGD/gradients/AddN_42,2,31.744,15.872,31.744,15.872,0.00032645203823195165,0.9547095411398008,0.0,0.0
346,Device,Mul,gradient_tape/conv2d_22/kernel/Regularizer/Mul_1,2,31.744,15.872,31.744,15.872,0.00032645203823195165,0.9550359931780328,0.0,0.0
347,Device,Mul,gradient_tape/conv2d_23/kernel/Regularizer/Mul_1,2,31.744,15.872,31.744,15.872,0.00032645203823195165,0.9553624452162648,0.0,0.0
348,Device,Mul,gradient_tape/conv2d_25/kernel/Regularizer/Mul_1,2,31.744,15.872,31.744,15.872,0.00032645203823195165,0.9556888972544968,0.0,0.0
349,Device,Mul,gradient_tape/conv2d_26/kernel/Regularizer/Mul_1,2,31.744,15.872,31.744,15.872,0.00032645203823195165,0.9560153492927288,0.0,0.0
350,Device,BiasAddGrad,gradient_tape/model/conv2d_31/BiasAdd/BiasAddGrad,2,31.744,15.872,31.744,15.872,0.00032645203823195165,0.9563418013309608,0.0,0.0
351,Device,FusedBatchNormV3,model/batch_normalization_27/FusedBatchNormV3,4,31.744,7.936,31.744,7.936,0.00032645203823195165,0.9566682533691928,0.0,0.0
352,Device,FusedBatchNormV3,model/batch_normalization_30/FusedBatchNormV3,4,31.744,7.936,31.744,7.936,0.00032645203823195165,0.9569947054074248,0.0,0.0
353,Device,FusedBatchNormV3,model/batch_normalization_31/FusedBatchNormV3,4,31.744,7.936,31.744,7.936,0.00032645203823195165,0.9573211574456568,0.0,0.0
354,Device,FusedBatchNormV3,model/batch_normalization_32/FusedBatchNormV3,4,31.744,7.936,31.744,7.936,0.00032645203823195165,0.9576476094838888,0.0,0.0
355,Device,AddN,SGD/gradients/AddN_39,2,30.721,15.3605,30.721,15.3605,0.00031593161121861726,0.9579635410951074,0.0,0.0
356,Device,AddN,ArithmeticOptimizer/AddOpsRewrite_AddN_1,8,30.72,3.84,30.72,3.84,0.0003159213273212435,0.9582794624224287,0.0,0.0
357,Device,AddN,SGD/gradients/AddN_35,2,30.72,15.36,30.72,15.36,0.0003159213273212435,0.95859538374975,0.0,0.0
358,Device,AddN,SGD/gradients/AddN_36,2,30.72,15.36,30.72,15.36,0.0003159213273212435,0.9589113050770712,0.0,0.0
359,Device,AddN,SGD/gradients/AddN_37,2,30.72,15.36,30.72,15.36,0.0003159213273212435,0.9592272264043925,0.0,0.0
360,Device,AddN,SGD/gradients/AddN_44,2,30.72,15.36,30.72,15.36,0.0003159213273212435,0.9595431477317138,0.0,0.0
361,Device,Mul,gradient_tape/conv2d_19/kernel/Regularizer/Mul_1,2,30.72,15.36,30.72,15.36,0.0003159213273212435,0.9598590690590351,0.0,0.0
362,Device,Mul,gradient_tape/conv2d_21/kernel/Regularizer/Mul_1,2,30.72,15.36,30.72,15.36,0.0003159213273212435,0.9601749903863563,0.0,0.0
363,Device,Mul,gradient_tape/conv2d_24/kernel/Regularizer/Mul_1,2,30.72,15.36,30.72,15.36,0.0003159213273212435,0.9604909117136776,0.0,0.0
364,Device,Mul,gradient_tape/conv2d_27/kernel/Regularizer/Mul_1,2,30.72,15.36,30.72,15.36,0.0003159213273212435,0.9608068330409989,0.0,0.0
365,Device,Mul,gradient_tape/conv2d_28/kernel/Regularizer/Mul_1,2,30.72,15.36,30.72,15.36,0.0003159213273212435,0.9611227543683202,0.0,0.0
366,Device,ReluGrad,gradient_tape/model/activation_27/ReluGrad,2,30.72,15.36,30.72,15.36,0.0003159213273212435,0.9614386756956415,0.0,0.0
367,Device,ReluGrad,gradient_tape/model/activation_28/ReluGrad,2,30.72,15.36,30.72,15.36,0.0003159213273212435,0.9617545970229627,0.0,0.0
368,Device,ReluGrad,gradient_tape/model/activation_29/ReluGrad,2,30.72,15.36,30.72,15.36,0.0003159213273212435,0.962070518350284,0.0,0.0
369,Device,ReluGrad,gradient_tape/model/activation_31/ReluGrad,2,30.72,15.36,30.72,15.36,0.0003159213273212435,0.9623864396776053,0.0,0.0
370,Device,BiasAddGrad,gradient_tape/model/conv2d_18/BiasAdd/BiasAddGrad,2,30.72,15.36,30.72,15.36,0.0003159213273212435,0.9627023610049266,0.0,0.0
371,Device,AddN,SGD/gradients/AddN_43,2,29.696,14.848,29.696,14.848,0.0003053906164105354,0.9630077516213371,0.0,0.0
372,Device,Mul,gradient_tape/conv2d_20/kernel/Regularizer/Mul_1,2,29.696,14.848,29.696,14.848,0.0003053906164105354,0.9633131422377477,0.0,0.0
373,Device,ReluGrad,gradient_tape/model/activation_30/ReluGrad,2,29.696,14.848,29.696,14.848,0.0003053906164105354,0.9636185328541582,0.0,0.0
374,Device,Sum,conv2d_21/kernel/Regularizer/Sum,2,24.576,12.288,24.576,12.288,0.0002527370618569948,0.9638712699160152,0.0,0.0
375,Device,Sum,conv2d_22/kernel/Regularizer/Sum,2,24.576,12.288,24.576,12.288,0.0002527370618569948,0.9641240069778723,0.0,0.0
376,Device,Sum,conv2d_25/kernel/Regularizer/Sum,2,24.576,12.288,24.576,12.288,0.0002527370618569948,0.9643767440397293,0.0,0.0
377,Device,BiasAdd,model/conv2d_21/BiasAdd,2,24.576,12.288,24.576,12.288,0.0002527370618569948,0.9646294811015863,0.0,0.0
378,Device,BiasAdd,model/conv2d_22/BiasAdd,2,24.576,12.288,24.576,12.288,0.0002527370618569948,0.9648822181634433,0.0,0.0
379,Device,BiasAdd,model/conv2d_24/BiasAdd,2,24.576,12.288,24.576,12.288,0.0002527370618569948,0.9651349552253004,0.0,0.0
380,Device,MatMul,model/dense/MatMul,2,24.576,12.288,24.576,12.288,0.0002527370618569948,0.9653876922871574,0.0,0.0
381,Device,Square,conv2d_20/kernel/Regularizer/Square,2,23.553,11.7765,23.553,11.7765,0.00024221663484366043,0.9656299089220011,0.0,0.0
382,Device,BiasAdd,model/conv2d_19/BiasAdd,2,23.552,11.776,23.552,11.776,0.00024220635094628667,0.9658721152729474,0.0,0.0
383,Device,BiasAdd,model/conv2d_20/BiasAdd,2,23.552,11.776,23.552,11.776,0.00024220635094628667,0.9661143216238937,0.0,0.0
384,Device,BiasAdd,model/conv2d_23/BiasAdd,2,23.552,11.776,23.552,11.776,0.00024220635094628667,0.96635652797484,0.0,0.0
385,Device,BiasAdd,model/conv2d_25/BiasAdd,2,23.552,11.776,23.552,11.776,0.00024220635094628667,0.9665987343257862,0.0,0.0
386,Device,BiasAdd,model/conv2d_26/BiasAdd,2,23.552,11.776,23.552,11.776,0.00024220635094628667,0.9668409406767325,0.0,0.0
387,Device,BiasAdd,model/conv2d_27/BiasAdd,2,23.552,11.776,23.552,11.776,0.00024220635094628667,0.9670831470276788,0.0,0.0
388,Device,BiasAdd,model/conv2d_28/BiasAdd,2,23.552,11.776,23.552,11.776,0.00024220635094628667,0.9673253533786251,0.0,0.0
389,Device,Square,conv2d_21/kernel/Regularizer/Square,2,22.528,11.264,22.528,11.264,0.00023167564003557855,0.9675570290186607,0.0,0.0
390,Device,Sum,conv2d_24/kernel/Regularizer/Sum,2,22.528,11.264,22.528,11.264,0.00023167564003557855,0.9677887046586963,0.0,0.0
391,Device,Square,conv2d_26/kernel/Regularizer/Square,2,22.528,11.264,22.528,11.264,0.00023167564003557855,0.9680203802987318,0.0,0.0
392,Device,BiasAdd,model/conv2d_17/BiasAdd,2,22.528,11.264,22.528,11.264,0.00023167564003557855,0.9682520559387674,0.0,0.0
393,Device,Square,conv2d_23/kernel/Regularizer/Square,2,21.504,10.752,21.504,10.752,0.00022114492912487046,0.9684732008678922,0.0,0.0
394,Device,Sum,conv2d_23/kernel/Regularizer/Sum,2,21.504,10.752,21.504,10.752,0.00022114492912487046,0.9686943457970171,0.0,0.0
395,Device,Square,conv2d_24/kernel/Regularizer/Square,2,21.504,10.752,21.504,10.752,0.00022114492912487046,0.9689154907261419,0.0,0.0
396,Device,Square,conv2d_25/kernel/Regularizer/Square,2,21.504,10.752,21.504,10.752,0.00022114492912487046,0.9691366356552668,0.0,0.0
397,Device,Square,conv2d_27/kernel/Regularizer/Square,2,21.504,10.752,21.504,10.752,0.00022114492912487046,0.9693577805843916,0.0,0.0
398,Device,Sum,conv2d_28/kernel/Regularizer/Sum,2,21.504,10.752,21.504,10.752,0.00022114492912487046,0.9695789255135164,0.0,0.0
399,Device,Mul,gradient_tape/conv2d_17/kernel/Regularizer/Mul,2,21.504,10.752,21.504,10.752,0.00022114492912487046,0.9698000704426413,0.0,0.0
400,Device,Square,conv2d_19/kernel/Regularizer/Square,2,20.481,10.2405,20.481,10.2405,0.0002106245021115361,0.9700106949447528,0.0,0.0
401,Device,Sum,conv2d_27/kernel/Regularizer/Sum,2,20.481,10.2405,20.481,10.2405,0.0002106245021115361,0.9702213194468643,0.0,0.0
402,Device,ArgMax,ArgMax_1,2,20.48,10.24,20.48,10.24,0.00021061421821416234,0.9704319336650784,0.0,0.0
403,Device,ResourceApplyGradientDescent,SGD/SGD/update_62/ResourceApplyGradientDescent,2,20.48,10.24,20.48,10.24,0.00021061421821416234,0.9706425478832925,0.0,0.0
404,Device,Square,conv2d_17/kernel/Regularizer/Square,2,20.48,10.24,20.48,10.24,0.00021061421821416234,0.9708531621015066,0.0,0.0
405,Device,Sum,conv2d_19/kernel/Regularizer/Sum,2,20.48,10.24,20.48,10.24,0.00021061421821416234,0.9710637763197207,0.0,0.0
406,Device,Square,conv2d_28/kernel/Regularizer/Square,2,20.48,10.24,20.48,10.24,0.00021061421821416234,0.9712743905379349,0.0,0.0
407,Device,Tile,gradient_tape/conv2d_17/kernel/Regularizer/Tile,2,20.48,10.24,20.48,10.24,0.00021061421821416234,0.971485004756149,0.0,0.0
408,Device,MatMul,gradient_tape/model/dense/MatMul/MatMul_1,2,20.48,10.24,20.48,10.24,0.00021061421821416234,0.9716956189743631,0.0,0.0
409,Device,BiasAdd,model/conv2d_16/BiasAdd,2,20.48,10.24,20.48,10.24,0.00021061421821416234,0.9719062331925772,0.0,0.0
410,Device,Softmax,model/dense/Softmax,2,19.457,9.7285,19.457,9.7285,0.00020009379120082795,0.972106326983778,0.0,0.0
411,Device,AddN,SGD/gradients/AddN_32,2,19.456,9.728,19.456,9.728,0.00020008350730345422,0.9723064104910815,0.0,0.0
412,Device,Sum,conv2d_17/kernel/Regularizer/Sum,2,19.456,9.728,19.456,9.728,0.00020008350730345422,0.972506493998385,0.0,0.0
413,Device,Sum,conv2d_20/kernel/Regularizer/Sum,2,19.456,9.728,19.456,9.728,0.00020008350730345422,0.9727065775056885,0.0,0.0
414,Device,Square,conv2d_22/kernel/Regularizer/Square,2,19.456,9.728,19.456,9.728,0.00020008350730345422,0.972906661012992,0.0,0.0
415,Device,Mul,gradient_tape/conv2d_16/kernel/Regularizer/Mul_1,2,19.456,9.728,19.456,9.728,0.00020008350730345422,0.9731067445202954,0.0,0.0
416,Device,_Recv,IteratorGetNext/_4,2,18.944,9.472,18.944,9.472,0.00019481815184810015,0.9733015626721435,0.0,0.0
417,Device,AddN,SGD/gradients/AddN_1,2,18.432,9.216,18.432,9.216,0.00018955279639274608,0.9734911154685363,0.0,0.0
418,Device,Sum,conv2d_26/kernel/Regularizer/Sum,2,18.432,9.216,18.432,9.216,0.00018955279639274608,0.973680668264929,0.0,0.0
419,Device,AvgPoolGrad,gradient_tape/model/average_pooling2d/AvgPoolGrad,2,18.432,9.216,18.432,9.216,0.00018955279639274608,0.9738702210613218,0.0,0.0
420,Device,Sum,conv2d_13/kernel/Regularizer/Sum,2,17.408,8.704,17.408,8.704,0.000179022085482038,0.9740492431468039,0.0,0.0
421,Device,Sum,conv2d_16/kernel/Regularizer/Sum,2,17.408,8.704,17.408,8.704,0.000179022085482038,0.9742282652322859,0.0,0.0
422,Device,Sum,conv2d_1/kernel/Regularizer/Sum,2,16.385,8.1925,16.385,8.1925,0.00016850165846870363,0.9743967668907546,0.0,0.0
423,Device,AddN,SGD/gradients/AddN,2,16.384,8.192,16.384,8.192,0.00016849137457132987,0.9745652582653259,0.0,0.0
424,Device,Sum,conv2d_12/kernel/Regularizer/Sum,2,16.384,8.192,16.384,8.192,0.00016849137457132987,0.9747337496398972,0.0,0.0
425,Device,Sum,conv2d_15/kernel/Regularizer/Sum,2,16.384,8.192,16.384,8.192,0.00016849137457132987,0.9749022410144685,0.0,0.0
426,Device,Sum,conv2d_8/kernel/Regularizer/Sum,2,16.384,8.192,16.384,8.192,0.00016849137457132987,0.9750707323890399,0.0,0.0
427,Device,BiasAdd,model/conv2d_31/BiasAdd,2,16.384,8.192,16.384,8.192,0.00016849137457132987,0.9752392237636112,0.0,0.0
428,Device,Sum,conv2d_10/kernel/Regularizer/Sum,2,15.36,7.68,15.36,7.68,0.00015796066366062175,0.9753971844272717,0.0,0.0
429,Device,Sum,conv2d_31/kernel/Regularizer/Sum,2,15.36,7.68,15.36,7.68,0.00015796066366062175,0.9755551450909323,0.0,0.0
430,Device,ResourceApplyGradientDescent,SGD/SGD/update_34/ResourceApplyGradientDescent,2,14.336,7.168,14.336,7.168,0.00014742995274991363,0.9757025750436823,0.0,0.0
431,Device,ResourceApplyGradientDescent,SGD/SGD/update_38/ResourceApplyGradientDescent,2,14.336,7.168,14.336,7.168,0.00014742995274991363,0.9758500049964323,0.0,0.0
432,Device,ResourceApplyGradientDescent,SGD/SGD/update_42/ResourceApplyGradientDescent,2,14.336,7.168,14.336,7.168,0.00014742995274991363,0.9759974349491822,0.0,0.0
433,Device,ResourceApplyGradientDescent,SGD/SGD/update_50/ResourceApplyGradientDescent,2,14.336,7.168,14.336,7.168,0.00014742995274991363,0.9761448649019322,0.0,0.0
434,Device,Sum,conv2d_11/kernel/Regularizer/Sum,2,14.336,7.168,14.336,7.168,0.00014742995274991363,0.9762922948546822,0.0,0.0
435,Device,Sum,conv2d_14/kernel/Regularizer/Sum,2,14.336,7.168,14.336,7.168,0.00014742995274991363,0.9764397248074321,0.0,0.0
436,Device,Square,conv2d_16/kernel/Regularizer/Square,2,14.336,7.168,14.336,7.168,0.00014742995274991363,0.9765871547601821,0.0,0.0
437,Device,Sum,conv2d_5/kernel/Regularizer/Sum,2,14.336,7.168,14.336,7.168,0.00014742995274991363,0.9767345847129321,0.0,0.0
438,Device,Sum,conv2d_6/kernel/Regularizer/Sum,2,14.336,7.168,14.336,7.168,0.00014742995274991363,0.976882014665682,0.0,0.0
439,Device,Mul,gradient_tape/conv2d_16/kernel/Regularizer/Mul,2,14.336,7.168,14.336,7.168,0.00014742995274991363,0.977029444618432,0.0,0.0
440,Device,Tile,gradient_tape/conv2d_31/kernel/Regularizer/Tile,2,14.336,7.168,14.336,7.168,0.00014742995274991363,0.977176874571182,0.0,0.0
441,Device,MatMul,gradient_tape/model/dense/MatMul/MatMul,2,14.336,7.168,14.336,7.168,0.00014742995274991363,0.9773243045239319,0.0,0.0
442,Device,Relu,model/activation_22/Relu,2,14.336,7.168,14.336,7.168,0.00014742995274991363,0.9774717344766819,0.0,0.0
443,Device,AddV2,model/add_13/add,2,14.336,7.168,14.336,7.168,0.00014742995274991363,0.9776191644294319,0.0,0.0
444,Device,AddV2,model/add_14/add,2,14.336,7.168,14.336,7.168,0.00014742995274991363,0.9777665943821818,0.0,0.0
445,Device,AddV2,model/add_15/add,2,14.336,7.168,14.336,7.168,0.00014742995274991363,0.9779140243349318,0.0,0.0
446,Device,Tile,gradient_tape/conv2d_18/kernel/Regularizer/Tile,2,13.313,6.6565,13.313,6.6565,0.00013690952573657927,0.9780509338606683,0.0,0.0
447,Device,ResourceApplyGradientDescent,SGD/SGD/update_58/ResourceApplyGradientDescent,2,13.312,6.656,13.312,6.656,0.0001368992418392055,0.9781878331025076,0.0,0.0
448,Device,AddN,SGD/gradients/AddN_29,2,13.312,6.656,13.312,6.656,0.0001368992418392055,0.9783247323443468,0.0,0.0
449,Device,Sum,conv2d_18/kernel/Regularizer/Sum,2,13.312,6.656,13.312,6.656,0.0001368992418392055,0.978461631586186,0.0,0.0
450,Device,Sum,conv2d_2/kernel/Regularizer/Sum,2,13.312,6.656,13.312,6.656,0.0001368992418392055,0.9785985308280253,0.0,0.0
451,Device,Sum,conv2d_7/kernel/Regularizer/Sum,2,13.312,6.656,13.312,6.656,0.0001368992418392055,0.9787354300698645,0.0,0.0
452,Device,Sum,conv2d_9/kernel/Regularizer/Sum,2,13.312,6.656,13.312,6.656,0.0001368992418392055,0.9788723293117038,0.0,0.0
453,Device,Tile,gradient_tape/conv2d_8/kernel/Regularizer/Tile,2,13.312,6.656,13.312,6.656,0.0001368992418392055,0.979009228553543,0.0,0.0
454,Device,Relu,model/activation_16/Relu,2,13.312,6.656,13.312,6.656,0.0001368992418392055,0.9791461277953822,0.0,0.0
455,Device,Relu,model/activation_17/Relu,2,13.312,6.656,13.312,6.656,0.0001368992418392055,0.9792830270372215,0.0,0.0
456,Device,Relu,model/activation_18/Relu,2,13.312,6.656,13.312,6.656,0.0001368992418392055,0.9794199262790607,0.0,0.0
457,Device,Relu,model/activation_19/Relu,2,13.312,6.656,13.312,6.656,0.0001368992418392055,0.9795568255209,0.0,0.0
458,Device,Relu,model/activation_21/Relu,2,13.312,6.656,13.312,6.656,0.0001368992418392055,0.9796937247627392,0.0,0.0
459,Device,Relu,model/activation_23/Relu,2,13.312,6.656,13.312,6.656,0.0001368992418392055,0.9798306240045784,0.0,0.0
460,Device,AddN,SGD/gradients/AddN_25,2,12.289,6.1445,12.289,6.1445,0.00012637881482587113,0.9799570028194043,0.0,0.0
461,Device,AddN,SGD/gradients/AddN_26,2,12.289,6.1445,12.289,6.1445,0.00012637881482587113,0.9800833816342303,0.0,0.0
462,Device,ReluGrad,gradient_tape/model/activation_32/ReluGrad,2,12.289,6.1445,12.289,6.1445,0.00012637881482587113,0.9802097604490562,0.0,0.0
463,Device,Relu,model/activation_15/Relu,2,12.289,6.1445,12.289,6.1445,0.00012637881482587113,0.9803361392638821,0.0,0.0
464,Device,ResourceApplyGradientDescent,SGD/SGD/update_116/ResourceApplyGradientDescent,2,12.288,6.144,12.288,6.144,0.0001263685309284974,0.9804625077948106,0.0,0.0
465,Device,ResourceApplyGradientDescent,SGD/SGD/update_46/ResourceApplyGradientDescent,2,12.288,6.144,12.288,6.144,0.0001263685309284974,0.9805888763257391,0.0,0.0
466,Device,ResourceApplyGradientDescent,SGD/SGD/update_54/ResourceApplyGradientDescent,2,12.288,6.144,12.288,6.144,0.0001263685309284974,0.9807152448566676,0.0,0.0
467,Device,AddN,SGD/gradients/AddN_27,2,12.288,6.144,12.288,6.144,0.0001263685309284974,0.9808416133875961,0.0,0.0
468,Device,AddN,SGD/gradients/AddN_31,2,12.288,6.144,12.288,6.144,0.0001263685309284974,0.9809679819185246,0.0,0.0
469,Device,Sum,conv2d_4/kernel/Regularizer/Sum,2,12.288,6.144,12.288,6.144,0.0001263685309284974,0.9810943504494531,0.0,0.0
470,Device,Mul,gradient_tape/conv2d_10/kernel/Regularizer/Mul_1,2,12.288,6.144,12.288,6.144,0.0001263685309284974,0.9812207189803817,0.0,0.0
471,Device,Tile,gradient_tape/conv2d_16/kernel/Regularizer/Tile,2,12.288,6.144,12.288,6.144,0.0001263685309284974,0.9813470875113102,0.0,0.0
472,Device,Tile,gradient_tape/conv2d_7/kernel/Regularizer/Tile,2,12.288,6.144,12.288,6.144,0.0001263685309284974,0.9814734560422387,0.0,0.0
473,Device,Relu,model/activation_20/Relu,2,12.288,6.144,12.288,6.144,0.0001263685309284974,0.9815998245731672,0.0,0.0
474,Device,Relu,model/activation_24/Relu,2,12.288,6.144,12.288,6.144,0.0001263685309284974,0.9817261931040957,0.0,0.0
475,Device,Relu,model/activation_25/Relu,2,12.288,6.144,12.288,6.144,0.0001263685309284974,0.9818525616350242,0.0,0.0
476,Device,AvgPool,model/average_pooling2d/AvgPool,2,12.288,6.144,12.288,6.144,0.0001263685309284974,0.9819789301659527,0.0,0.0
477,Device,AddN,SGD/gradients/AddN_28,2,11.265,5.6325,11.265,5.6325,0.00011584810391516303,0.9820947782698679,0.0,0.0
478,Device,AddN,SGD/gradients/AddN_30,2,11.265,5.6325,11.265,5.6325,0.00011584810391516303,0.9822106263737831,0.0,0.0
479,Device,Square,conv2d_13/kernel/Regularizer/Square,2,11.265,5.6325,11.265,5.6325,0.00011584810391516303,0.9823264744776983,0.0,0.0
480,Device,ResourceApplyGradientDescent,SGD/SGD/update_28/ResourceApplyGradientDescent,2,11.264,5.632,11.264,5.632,0.00011583782001778928,0.9824423122977161,0.0,0.0
481,Device,AddN,SGD/gradients/AddN_46,2,11.264,5.632,11.264,5.632,0.00011583782001778928,0.9825581501177338,0.0,0.0
482,Device,Sum,conv2d/kernel/Regularizer/Sum,2,11.264,5.632,11.264,5.632,0.00011583782001778928,0.9826739879377516,0.0,0.0
483,Device,Sum,conv2d_3/kernel/Regularizer/Sum,2,11.264,5.632,11.264,5.632,0.00011583782001778928,0.9827898257577694,0.0,0.0
484,Device,Tile,gradient_tape/conv2d_1/kernel/Regularizer/Tile,2,11.264,5.632,11.264,5.632,0.00011583782001778928,0.9829056635777872,0.0,0.0
485,Device,BiasAdd,model/conv2d_29/BiasAdd,2,11.264,5.632,11.264,5.632,0.00011583782001778928,0.983021501397805,0.0,0.0
486,Device,BiasAdd,model/conv2d_33/BiasAdd,2,11.264,5.632,11.264,5.632,0.00011583782001778928,0.9831373392178228,0.0,0.0
487,Device,BiasAdd,model/conv2d_34/BiasAdd,2,11.264,5.632,11.264,5.632,0.00011583782001778928,0.9832531770378405,0.0,0.0
488,Device,BiasAdd,model/conv2d_35/BiasAdd,2,11.264,5.632,11.264,5.632,0.00011583782001778928,0.9833690148578583,0.0,0.0
489,Device,Mul,gradient_tape/conv2d_15/kernel/Regularizer/Mul_1,2,10.241,5.1205,10.241,5.1205,0.0001053173930044549,0.9834743322508628,0.0,0.0
490,Device,Square,conv2d_11/kernel/Regularizer/Square,2,10.24,5.12,10.24,5.12,0.00010530710910708117,0.9835796393599698,0.0,0.0
491,Device,Square,conv2d_12/kernel/Regularizer/Square,2,10.24,5.12,10.24,5.12,0.00010530710910708117,0.9836849464690769,0.0,0.0
492,Device,Mul,gradient_tape/conv2d_10/kernel/Regularizer/Mul,2,10.24,5.12,10.24,5.12,0.00010530710910708117,0.983790253578184,0.0,0.0
493,Device,Mul,gradient_tape/conv2d_11/kernel/Regularizer/Mul_1,2,10.24,5.12,10.24,5.12,0.00010530710910708117,0.983895560687291,0.0,0.0
494,Device,Mul,gradient_tape/conv2d_12/kernel/Regularizer/Mul_1,2,10.24,5.12,10.24,5.12,0.00010530710910708117,0.9840008677963981,0.0,0.0
495,Device,Mul,gradient_tape/conv2d_13/kernel/Regularizer/Mul_1,2,10.24,5.12,10.24,5.12,0.00010530710910708117,0.9841061749055051,0.0,0.0
496,Device,Mul,gradient_tape/conv2d_14/kernel/Regularizer/Mul,2,10.24,5.12,10.24,5.12,0.00010530710910708117,0.9842114820146122,0.0,0.0
497,Device,Mul,gradient_tape/conv2d_15/kernel/Regularizer/Mul,2,10.24,5.12,10.24,5.12,0.00010530710910708117,0.9843167891237192,0.0,0.0
498,Device,Mul,gradient_tape/conv2d_31/kernel/Regularizer/Mul_1,2,10.24,5.12,10.24,5.12,0.00010530710910708117,0.9844220962328263,0.0,0.0
499,Device,Mul,gradient_tape/conv2d_7/kernel/Regularizer/Mul,2,10.24,5.12,10.24,5.12,0.00010530710910708117,0.9845274033419333,0.0,0.0
500,Device,Mul,gradient_tape/conv2d_7/kernel/Regularizer/Mul_1,2,10.24,5.12,10.24,5.12,0.00010530710910708117,0.9846327104510404,0.0,0.0
501,Host,IDLE,IDLE,0,346170.203,0.0,346170.203,0.0,0.0,0.0,0.9900135271740379,0.9900135271740379
502,Host,GatherV2,GatherV2,2,2992.532,1496.266,2992.532,1496.266,0.0,0.0,0.00855835405481499,0.9985718812288529
503,Host,GatherV2,GatherV2_1,2,125.622,62.811,125.622,62.811,0.0,0.0,0.0003592668526431693,0.9989311480814961
504,Host,Dataset,Iterator::Root::ParallelMapV2::Zip[1]::ForeverRepeat,2,56.5,28.25,51.35,25.675,0.0,0.0,0.0001468560672750533,0.9990780041487711
505,Host,LogicalAnd,LogicalAnd,1,50.601,50.601,50.601,50.601,0.0,0.0,0.00014471399922463428,0.9992227181479958
506,Host,Dataset,Iterator::Root::ParallelMapV2,2,50.092,25.046,50.092,25.046,0.0,0.0,0.0001432583081196099,0.9993659764561154
507,Host,FlushSummaryWriter,FlushSummaryWriter,1,39.201,39.201,39.201,39.201,0.0,0.0,0.00011211109431839073,0.9994780875504338
508,Host,IteratorGetNext,IteratorGetNext,2,36.73,18.365,36.73,18.365,0.0,0.0,0.00010504427168476546,0.9995831318221186
509,Host,Dataset,Iterator::Root,2,85.432,42.716,35.34,17.67,0.0,0.0,0.00010106900520935507,0.9996842008273279
510,Host,Dataset,Iterator::Root::ParallelMapV2::Zip[0]::FlatMap[1]::Concatenate[0]::TensorSlice,2,24.191,12.0955,24.191,12.0955,0.0,0.0,6.918393619183668e-05,0.9997533847635197
511,Host,WriteSummary,WriteSummary,1,21.24,21.24,21.24,21.24,0.0,0.0,6.074435966742223e-05,0.9998141291231871
512,Host,Dataset,Iterator::Root::ParallelMapV2::Zip[0]::FlatMap[1]::Concatenate,2,38.761,19.3805,14.57,7.285,0.0,0.0,4.16688003933306e-05,0.9998557979235805
513,Host,Dataset,Iterator::Root::ParallelMapV2::Zip[0]::FlatMap,2,50.292,25.146,11.531,5.7655,0.0,0.0,3.297755232227146e-05,0.9998887754759027
514,Host,Dataset,Iterator::Root::ParallelMapV2::Zip,2,116.702,58.351,9.91,4.955,0.0,0.0,2.8341648036918752e-05,0.9999171171239396
515,Host,ReadVariableOp,ReadVariableOp,1,7.39,7.39,7.39,7.39,0.0,0.0,2.1134690110275435e-05,0.9999382518140498
516,Host,Dataset,Iterator::Root::ParallelMapV2::Zip[1]::ForeverRepeat::FromTensor,4,5.15,1.2875,5.15,1.2875,0.0,0.0,1.4728505286592492e-05,0.9999529803193364
517,Host,_Send,IteratorGetNext/_3,2,3.871,1.9355,3.871,1.9355,0.0,0.0,1.1070688148427094e-05,0.9999640510074849
518,Host,_Send,IteratorGetNext/_6,2,3.61,1.805,3.61,1.805,0.0,0.0,1.0324253220310464e-05,0.9999743752607052
519,Host,Identity,Identity,2,3.19,1.595,3.19,1.595,0.0,0.0,9.123093565869912e-06,0.999983498354271
520,Host,_Send,IteratorGetNext/_1,2,2.97,1.485,2.97,1.485,0.0,0.0,8.493914699258194e-06,0.9999919922689703
521,Host,_HostSend,categorical_crossentropy/softmax_cross_entropy_with_logits/Shape_2/_9,2,2.8,1.4,2.8,1.4,0.0,0.0,8.007731029603684e-06,0.9999999999999999
