Rank,Host/device,Type,Operation,#Occurrences,Total time (us),Avg. time (us),Total self-time (us),Avg. self-time (us),Total self-time on Device (%),Cumulative total-self time on Device (%),Total self-time on Host (%),Cumulative total-self time on Host (%)
1,Device,IDLE,IDLE,0,7025.883,0.0,7025.883,0.0,0.7803620713726638,0.7803620713726638,0.0,0.0
2,Device,_Send,IteratorGetNext/_1,2,241.985,120.9925,241.985,120.9925,0.02687717911629244,0.8072392504889562,0.0,0.0
3,Device,Conv2DBackpropFilter,gradient_tape/sequential/conv2d/Conv2D/Conv2DBackpropFilter,2,144.384,72.192,144.384,72.192,0.016036674296038046,0.8232759247849942,0.0,0.0
4,Device,Conv2DBackpropFilter,gradient_tape/sequential/conv2d_1/Conv2D/Conv2DBackpropFilter,2,109.568,54.784,109.568,54.784,0.012169674820397668,0.8354455996053919,0.0,0.0
5,Device,ReluGrad,gradient_tape/sequential/conv2d/ReluGrad,2,101.377,50.6885,101.377,50.6885,0.011259903660443325,0.8467055032658352,0.0,0.0
6,Device,Conv2DBackpropFilter,gradient_tape/sequential/conv2d_2/Conv2D/Conv2DBackpropFilter,2,98.305,49.1525,98.305,49.1525,0.01091869782435741,0.8576242010901926,0.0,0.0
7,Device,Conv2DBackpropInput,gradient_tape/sequential/conv2d_1/Conv2D/Conv2DBackpropInput,2,82.945,41.4725,82.945,41.4725,0.00921266864392783,0.8668368697341203,0.0,0.0
8,Device,_FusedConv2D,sequential/conv2d_2/Relu,2,82.944,41.472,82.944,41.472,0.00921255757431973,0.87604942730844,0.0,0.0
9,Device,_FusedConv2D,sequential/conv2d/Relu,2,77.824,38.912,77.824,38.912,0.008643881180843202,0.8846933084892833,0.0,0.0
10,Device,MaxPoolGrad,gradient_tape/sequential/max_pooling2d/MaxPool/MaxPoolGrad,2,75.777,37.8885,75.777,37.8885,0.008416521693060694,0.893109830182344,0.0,0.0
11,Device,Conv2DBackpropInput,gradient_tape/sequential/conv2d_2/Conv2D/Conv2DBackpropInput,2,74.752,37.376,74.752,37.376,0.008302675344757288,0.9014125055271013,0.0,0.0
12,Device,_FusedConv2D,sequential/conv2d_1/Relu,2,65.536,32.768,65.536,32.768,0.00727905783649954,0.9086915633636008,0.0,0.0
13,Device,MaxPool,sequential/max_pooling2d/MaxPool,2,48.129,24.0645,48.129,24.0645,0.00534566916828745,0.9140372325318883,0.0,0.0
14,Device,MaxPoolGrad,gradient_tape/sequential/max_pooling2d_2/MaxPool/MaxPoolGrad,2,45.056,22.528,45.056,22.528,0.005004352262593433,0.9190415847944817,0.0,0.0
15,Device,MaxPoolGrad,gradient_tape/sequential/max_pooling2d_1/MaxPool/MaxPoolGrad,2,41.984,20.992,41.984,20.992,0.004663146426507518,0.9237047312209893,0.0,0.0
16,Device,ReluGrad,gradient_tape/sequential/conv2d_1/ReluGrad,2,35.84,17.92,35.84,17.92,0.0039807347543356865,0.927685465975325,0.0,0.0
17,Device,BiasAddGrad,gradient_tape/sequential/conv2d/BiasAdd/BiasAddGrad,2,34.816,17.408,34.816,17.408,0.0038669994756403807,0.9315524654509654,0.0,0.0
18,Device,MatMul,sequential/dense/MatMul,2,26.624,13.312,26.624,13.312,0.002957117246077938,0.9345095826970433,0.0,0.0
19,Device,Transpose,gradient_tape/sequential/conv2d/Conv2D/Conv2DBackpropFilter-0-TransposeNHWCToNCHW-LayoutOptimizer,2,25.601,12.8005,25.601,12.8005,0.0028434930369907333,0.937353075734034,0.0,0.0
20,Device,BiasAddGrad,gradient_tape/sequential/conv2d_1/BiasAdd/BiasAddGrad,2,21.504,10.752,21.504,10.752,0.0023884408526014117,0.9397415165866354,0.0,0.0
21,Device,MatMul,gradient_tape/sequential/dense/MatMul/MatMul,2,16.384,8.192,16.384,8.192,0.001819764459124885,0.9415612810457603,0.0,0.0
22,Device,MatMul,sequential/dense_1/MatMul,2,15.36,7.68,15.36,7.68,0.0017060291804295794,0.9432673102261899,0.0,0.0
23,Device,MaxPool,sequential/max_pooling2d_1/MaxPool,2,15.36,7.68,15.36,7.68,0.0017060291804295794,0.9449733394066195,0.0,0.0
24,Device,MatMul,gradient_tape/sequential/dense/MatMul/MatMul_1,2,14.336,7.168,14.336,7.168,0.0015922939017342743,0.9465656333083539,0.0,0.0
25,Device,MatMul,gradient_tape/sequential/dense_1/MatMul/MatMul_1,2,14.336,7.168,14.336,7.168,0.0015922939017342743,0.9481579272100882,0.0,0.0
26,Device,BiasAddGrad,gradient_tape/sequential/conv2d_2/BiasAdd/BiasAddGrad,2,12.288,6.144,12.288,6.144,0.0013648233443436636,0.9495227505544318,0.0,0.0
27,Device,DynamicStitch,gradient_tape/categorical_crossentropy/DynamicStitch,2,10.24,5.12,10.24,5.12,0.0011373527869530532,0.9506601033413848,0.0,0.0
28,Device,ReluGrad,gradient_tape/sequential/conv2d_2/ReluGrad,2,10.24,5.12,10.24,5.12,0.0011373527869530532,0.9517974561283379,0.0,0.0
29,Device,MatMul,gradient_tape/sequential/dense_1/MatMul/MatMul,2,10.24,5.12,10.24,5.12,0.0011373527869530532,0.9529348089152909,0.0,0.0
30,Device,MaxPool,sequential/max_pooling2d_2/MaxPool,2,10.24,5.12,10.24,5.12,0.0011373527869530532,0.954072161702244,0.0,0.0
31,Device,Transpose,gradient_tape/sequential/max_pooling2d_2/MaxPool/MaxPoolGrad-2-TransposeNHWCToNCHW-LayoutOptimizer,2,9.216,4.608,9.216,4.608,0.0010236175082577476,0.9550957792105017,0.0,0.0
32,Device,ArgMax,ArgMax,2,8.192,4.096,8.192,4.096,0.0009098822295624425,0.9560056614400642,0.0,0.0
33,Device,ResourceApplyGradientDescent,SGD/SGD/update_2/ResourceApplyGradientDescent,2,8.192,4.096,8.192,4.096,0.0009098822295624425,0.9569155436696266,0.0,0.0
34,Device,ResourceApplyGradientDescent,SGD/SGD/update_4/ResourceApplyGradientDescent,2,8.192,4.096,8.192,4.096,0.0009098822295624425,0.9578254258991891,0.0,0.0
35,Device,Transpose,sequential/max_pooling2d_2/MaxPool-0-2-TransposeNCHWToNHWC-LayoutOptimizer,2,8.192,4.096,8.192,4.096,0.0009098822295624425,0.9587353081287515,0.0,0.0
36,Device,ArgMax,ArgMax_1,2,7.168,3.584,7.168,3.584,0.0007961469508671372,0.9595314550796187,0.0,0.0
37,Device,ResourceApplyGradientDescent,SGD/SGD/update_1/ResourceApplyGradientDescent,2,7.168,3.584,7.168,3.584,0.0007961469508671372,0.9603276020304858,0.0,0.0
38,Device,Tile,gradient_tape/categorical_crossentropy/weighted_loss/Tile_1,2,6.145,3.0725,6.145,3.0725,0.0006825227417799327,0.9610101247722658,0.0,0.0
39,Device,AssignAddVariableOp,AssignAddVariableOp_2,2,6.144,3.072,6.144,3.072,0.0006824116721718318,0.9616925364444376,0.0,0.0
40,Device,AssignAddVariableOp,AssignAddVariableOp_3,2,6.144,3.072,6.144,3.072,0.0006824116721718318,0.9623749481166095,0.0,0.0
41,Device,AssignAddVariableOp,AssignAddVariableOp_4,2,6.144,3.072,6.144,3.072,0.0006824116721718318,0.9630573597887814,0.0,0.0
42,Device,Cast,Cast_2,2,6.144,3.072,6.144,3.072,0.0006824116721718318,0.9637397714609532,0.0,0.0
43,Device,Equal,Equal,2,6.144,3.072,6.144,3.072,0.0006824116721718318,0.9644221831331251,0.0,0.0
44,Device,Mul,Mul,2,6.144,3.072,6.144,3.072,0.0006824116721718318,0.965104594805297,0.0,0.0
45,Device,AssignAddVariableOp,SGD/SGD/AssignAddVariableOp,2,6.144,3.072,6.144,3.072,0.0006824116721718318,0.9657870064774688,0.0,0.0
46,Device,ResourceApplyGradientDescent,SGD/SGD/update/ResourceApplyGradientDescent,2,6.144,3.072,6.144,3.072,0.0006824116721718318,0.9664694181496407,0.0,0.0
47,Device,ResourceApplyGradientDescent,SGD/SGD/update_3/ResourceApplyGradientDescent,2,6.144,3.072,6.144,3.072,0.0006824116721718318,0.9671518298218126,0.0,0.0
48,Device,ResourceApplyGradientDescent,SGD/SGD/update_5/ResourceApplyGradientDescent,2,6.144,3.072,6.144,3.072,0.0006824116721718318,0.9678342414939844,0.0,0.0
49,Device,ResourceApplyGradientDescent,SGD/SGD/update_6/ResourceApplyGradientDescent,2,6.144,3.072,6.144,3.072,0.0006824116721718318,0.9685166531661563,0.0,0.0
50,Device,ResourceApplyGradientDescent,SGD/SGD/update_7/ResourceApplyGradientDescent,2,6.144,3.072,6.144,3.072,0.0006824116721718318,0.9691990648383282,0.0,0.0
51,Device,ResourceApplyGradientDescent,SGD/SGD/update_8/ResourceApplyGradientDescent,2,6.144,3.072,6.144,3.072,0.0006824116721718318,0.9698814765105,0.0,0.0
52,Device,ResourceApplyGradientDescent,SGD/SGD/update_9/ResourceApplyGradientDescent,2,6.144,3.072,6.144,3.072,0.0006824116721718318,0.9705638881826719,0.0,0.0
53,Device,Sum,Sum_2,2,6.144,3.072,6.144,3.072,0.0006824116721718318,0.9712462998548438,0.0,0.0
54,Device,Log,categorical_crossentropy/Log,2,6.144,3.072,6.144,3.072,0.0006824116721718318,0.9719287115270157,0.0,0.0
55,Device,Neg,categorical_crossentropy/Neg,2,6.144,3.072,6.144,3.072,0.0006824116721718318,0.9726111231991875,0.0,0.0
56,Device,Minimum,categorical_crossentropy/clip_by_value/Minimum,2,6.144,3.072,6.144,3.072,0.0006824116721718318,0.9732935348713594,0.0,0.0
57,Device,Mul,categorical_crossentropy/mul,2,6.144,3.072,6.144,3.072,0.0006824116721718318,0.9739759465435313,0.0,0.0
58,Device,RealDiv,categorical_crossentropy/truediv,2,6.144,3.072,6.144,3.072,0.0006824116721718318,0.9746583582157031,0.0,0.0
59,Device,DivNoNan,div_no_nan_1,2,6.144,3.072,6.144,3.072,0.0006824116721718318,0.975340769887875,0.0,0.0
60,Device,BroadcastTo,gradient_tape/categorical_crossentropy/BroadcastTo,2,6.144,3.072,6.144,3.072,0.0006824116721718318,0.9760231815600469,0.0,0.0
61,Device,BroadcastTo,gradient_tape/categorical_crossentropy/BroadcastTo_1,2,6.144,3.072,6.144,3.072,0.0006824116721718318,0.9767055932322187,0.0,0.0
62,Device,GreaterEqual,gradient_tape/categorical_crossentropy/clip_by_value/GreaterEqual,2,6.144,3.072,6.144,3.072,0.0006824116721718318,0.9773880049043906,0.0,0.0
63,Device,SelectV2,gradient_tape/categorical_crossentropy/clip_by_value/SelectV2,2,6.144,3.072,6.144,3.072,0.0006824116721718318,0.9780704165765625,0.0,0.0
64,Device,ZerosLike,gradient_tape/categorical_crossentropy/clip_by_value/zeros_like,2,6.144,3.072,6.144,3.072,0.0006824116721718318,0.9787528282487343,0.0,0.0
65,Device,Neg,gradient_tape/categorical_crossentropy/truediv/Neg,2,6.144,3.072,6.144,3.072,0.0006824116721718318,0.9794352399209062,0.0,0.0
66,Device,RealDiv,gradient_tape/categorical_crossentropy/truediv/RealDiv,2,6.144,3.072,6.144,3.072,0.0006824116721718318,0.9801176515930781,0.0,0.0
67,Device,RealDiv,gradient_tape/categorical_crossentropy/truediv/RealDiv_2,2,6.144,3.072,6.144,3.072,0.0006824116721718318,0.9808000632652499,0.0,0.0
68,Device,Sum,gradient_tape/categorical_crossentropy/truediv/Sum_1,2,6.144,3.072,6.144,3.072,0.0006824116721718318,0.9814824749374218,0.0,0.0
69,Device,DivNoNan,gradient_tape/categorical_crossentropy/weighted_loss/value/div_no_nan,2,6.144,3.072,6.144,3.072,0.0006824116721718318,0.9821648866095937,0.0,0.0
70,Device,BiasAddGrad,gradient_tape/sequential/dense_1/BiasAdd/BiasAddGrad,2,6.144,3.072,6.144,3.072,0.0006824116721718318,0.9828472982817655,0.0,0.0
71,Device,BiasAdd,sequential/dense/BiasAdd,2,6.144,3.072,6.144,3.072,0.0006824116721718318,0.9835297099539374,0.0,0.0
72,Device,Relu,sequential/dense/Relu,2,6.144,3.072,6.144,3.072,0.0006824116721718318,0.9842121216261093,0.0,0.0
73,Device,BiasAdd,sequential/dense_1/BiasAdd,2,6.144,3.072,6.144,3.072,0.0006824116721718318,0.9848945332982811,0.0,0.0
74,Device,AssignAddVariableOp,AssignAddVariableOp,2,5.12,2.56,5.12,2.56,0.0005686763934765266,0.9854632096917577,0.0,0.0
75,Device,AssignAddVariableOp,AssignAddVariableOp_1,2,5.12,2.56,5.12,2.56,0.0005686763934765266,0.9860318860852343,0.0,0.0
76,Device,Cast,Cast,2,5.12,2.56,5.12,2.56,0.0005686763934765266,0.9866005624787109,0.0,0.0
77,Device,Cast,Cast_1,2,5.12,2.56,5.12,2.56,0.0005686763934765266,0.9871692388721874,0.0,0.0
78,Device,AddN,SGD/gradients/AddN,2,5.12,2.56,5.12,2.56,0.0005686763934765266,0.987737915265664,0.0,0.0
79,Device,Sum,categorical_crossentropy/Sum,2,5.12,2.56,5.12,2.56,0.0005686763934765266,0.9883065916591406,0.0,0.0
80,Device,Maximum,categorical_crossentropy/clip_by_value,2,5.12,2.56,5.12,2.56,0.0005686763934765266,0.9888752680526172,0.0,0.0
81,Device,Sum,categorical_crossentropy/weighted_loss/Sum,2,5.12,2.56,5.12,2.56,0.0005686763934765266,0.9894439444460937,0.0,0.0
82,Device,DivNoNan,categorical_crossentropy/weighted_loss/value,2,5.12,2.56,5.12,2.56,0.0005686763934765266,0.9900126208395703,0.0,0.0
83,Device,Neg,gradient_tape/categorical_crossentropy/Neg,2,5.12,2.56,5.12,2.56,0.0005686763934765266,0.9905812972330469,0.0,0.0
84,Device,Reciprocal,gradient_tape/categorical_crossentropy/Reciprocal,2,5.12,2.56,5.12,2.56,0.0005686763934765266,0.9911499736265235,0.0,0.0
85,Device,LessEqual,gradient_tape/categorical_crossentropy/clip_by_value/LessEqual,2,5.12,2.56,5.12,2.56,0.0005686763934765266,0.99171865002,0.0,0.0
86,Device,SelectV2,gradient_tape/categorical_crossentropy/clip_by_value/SelectV2_1,2,5.12,2.56,5.12,2.56,0.0005686763934765266,0.9922873264134766,0.0,0.0
87,Device,ZerosLike,gradient_tape/categorical_crossentropy/clip_by_value/zeros_like_1,2,5.12,2.56,5.12,2.56,0.0005686763934765266,0.9928560028069532,0.0,0.0
88,Device,Mul,gradient_tape/categorical_crossentropy/mul,2,5.12,2.56,5.12,2.56,0.0005686763934765266,0.9934246792004298,0.0,0.0
89,Device,Mul,gradient_tape/categorical_crossentropy/mul/Mul,2,5.12,2.56,5.12,2.56,0.0005686763934765266,0.9939933555939063,0.0,0.0
90,Device,RealDiv,gradient_tape/categorical_crossentropy/truediv/RealDiv_1,2,5.12,2.56,5.12,2.56,0.0005686763934765266,0.9945620319873829,0.0,0.0
91,Device,Mul,gradient_tape/categorical_crossentropy/truediv/mul,2,5.12,2.56,5.12,2.56,0.0005686763934765266,0.9951307083808595,0.0,0.0
92,Device,BiasAddGrad,gradient_tape/sequential/dense/BiasAdd/BiasAddGrad,2,5.12,2.56,5.12,2.56,0.0005686763934765266,0.9956993847743361,0.0,0.0
93,Device,ReluGrad,gradient_tape/sequential/dense/ReluGrad,2,5.12,2.56,5.12,2.56,0.0005686763934765266,0.9962680611678126,0.0,0.0
94,Device,_Recv,gradient_tape/categorical_crossentropy/ones/_18,2,4.16,2.08,4.16,2.08,0.0004620495696996778,0.9967301107375123,0.0,0.0
95,Device,Sum,categorical_crossentropy/Sum_1,2,4.096,2.048,4.096,2.048,0.00045494111478122125,0.9971850518522934,0.0,0.0
96,Device,Cast,categorical_crossentropy/weighted_loss/num_elements/Cast,2,4.096,2.048,4.096,2.048,0.00045494111478122125,0.9976399929670746,0.0,0.0
97,Device,DivNoNan,div_no_nan,2,4.096,2.048,4.096,2.048,0.00045494111478122125,0.9980949340818558,0.0,0.0
98,Device,_HostRecv,gradient_tape/categorical_crossentropy/DynamicStitch/_22,2,3.104,1.552,3.104,1.552,0.00034476006354514424,0.9984396941454009,0.0,0.0
99,Device,LogicalAnd,LogicalAnd,1,3.072,3.072,3.072,3.072,0.0003412058360859159,0.9987808999814868,0.0,0.0
100,Device,_Recv,strided_slice/_12,2,2.784,1.392,2.784,1.392,0.0003092177889528613,0.9990901177704397,0.0,0.0
101,Device,_Send,IteratorGetNext/_3,2,2.048,1.024,2.048,1.024,0.00022747055739061063,0.9993175883278302,0.0,0.0
102,Device,_Recv,Size/_14,2,2.048,1.024,2.048,1.024,0.00022747055739061063,0.9995450588852208,0.0,0.0
103,Device,_Recv,categorical_crossentropy/weighted_loss/num_elements/_20,2,2.048,1.024,2.048,1.024,0.00022747055739061063,0.9997725294426114,0.0,0.0
104,Device,_Recv,gradient_tape/categorical_crossentropy/Shape/_16,2,2.048,1.024,2.048,1.024,0.00022747055739061063,1.000000000000002,0.0,0.0
105,Host,IDLE,IDLE,0,45917.287,0.0,45917.287,0.0,0.0,0.0,0.9475920309240331,0.9475920309240331
106,Host,_Send,IteratorGetNext/_1,2,708.282,354.141,708.282,354.141,0.0,0.0,0.014616769036178817,0.9622087999602119
107,Host,_Send,IteratorGetNext/_3,2,706.722,353.361,706.722,353.361,0.0,0.0,0.014584575418811103,0.976793375379023
108,Host,GatherV2,GatherV2,2,384.336,192.168,384.336,192.168,0.0,0.0,0.007931516746562558,0.9847248921255856
109,Host,_Send,IteratorGetNext/_6,2,270.255,135.1275,270.255,135.1275,0.0,0.0,0.005577234654943237,0.9903021267805288
110,Host,Dataset,Iterator::Root::ParallelMapV2,2,59.511,29.7555,59.511,29.7555,0.0,0.0,0.0012281245917756453,0.9915302513723044
111,Host,Dataset,Iterator::Root::ParallelMapV2::Zip[1]::ForeverRepeat,2,62.042,31.021,57.142,28.571,0.0,0.0,0.0011792356946319826,0.9927094870669364
112,Host,Dataset,Iterator::Root::ParallelMapV2::Zip,2,186.273,93.1365,52.93,26.465,0.0,0.0,0.0010923129277391557,0.9938017999946755
113,Host,IteratorGetNext,IteratorGetNext,2,46.231,23.1155,46.231,23.1155,0.0,0.0,0.0009540661054658778,0.9947558661001414
114,Host,Dataset,Iterator::Root::ParallelMapV2::Zip[0]::FlatMap[1]::Concatenate,2,66.231,33.1155,41.401,20.7005,0.0,0.0,0.000854389713231226,0.9956102558133727
115,Host,GatherV2,GatherV2_1,2,40.191,20.0955,40.191,20.0955,0.0,0.0,0.0008294190228370379,0.9964396748362098
116,Host,FlushSummaryWriter,FlushSummaryWriter,1,36.341,36.341,36.341,36.341,0.0,0.0,0.0007499668261282574,0.997189641662338
117,Host,LogicalAnd,LogicalAnd,1,29.031,29.031,29.031,29.031,0.0,0.0,0.0005991108370526248,0.9977887524993907
118,Host,Dataset,Iterator::Root,2,88.481,44.2405,28.97,14.485,0.0,0.0,0.0005978519840658103,0.9983866044834565
119,Host,Dataset,Iterator::Root::ParallelMapV2::Zip[0]::FlatMap[1]::Concatenate[0]::TensorSlice,2,24.83,12.415,24.83,12.415,0.0,0.0,0.0005124150764361088,0.9988990195598926
120,Host,WriteSummary,WriteSummary,1,19.48,19.48,19.48,19.48,0.0,0.0,0.0004020074784122191,0.9993010270383048
121,Host,_HostSend,gradient_tape/categorical_crossentropy/mul/Shape/_9,2,14.91,7.455,14.91,7.455,0.0,0.0,0.0003076966890721862,0.999608723727377
122,Host,ReadVariableOp,ReadVariableOp,1,6.02,6.02,6.02,6.02,0.0,0.0,0.00012423434394463853,0.9997329580713216
123,Host,Dataset,Iterator::Root::ParallelMapV2::Zip[0]::FlatMap,2,71.301,35.6505,5.07,2.535,0.0,0.0,0.00010462925644506934,0.9998375873277666
124,Host,Dataset,Iterator::Root::ParallelMapV2::Zip[1]::ForeverRepeat::FromTensor,4,4.9,1.225,4.9,1.225,0.0,0.0,0.00010112097762935697,0.999938708305396
125,Host,Identity,Identity,2,2.97,1.485,2.97,1.485,0.0,0.0,6.129169460391636e-05,0.9999999999999999
