Rank,Host/device,Type,Operation,#Occurrences,Total time (us),Avg. time (us),Total self-time (us),Avg. self-time (us),Total self-time on Device (%),Cumulative total-self time on Device (%),Total self-time on Host (%),Cumulative total-self time on Host (%)
1,Device,IDLE,IDLE,0,7715.838,0.0,7715.838,0.0,0.8538934029594956,0.8538934029594956,0.0,0.0
2,Device,_Send,IteratorGetNext/_1,2,121.793,60.8965,121.793,60.8965,0.013478541051101106,0.8673719440105967,0.0,0.0
3,Device,Conv2DBackpropFilter,gradient_tape/sequential/conv2d/Conv2D/Conv2DBackpropFilter,2,91.136,45.568,91.136,45.568,0.010085803923321951,0.8774577479339186,0.0,0.0
4,Device,Conv2DBackpropFilter,gradient_tape/sequential/conv2d_1/Conv2D/Conv2DBackpropFilter,2,64.512,32.256,64.512,32.256,0.007139389294036886,0.8845971372279555,0.0,0.0
5,Device,Conv2DBackpropFilter,gradient_tape/sequential/conv2d_2/Conv2D/Conv2DBackpropFilter,2,62.464,31.232,62.464,31.232,0.006912742014861112,0.8915098792428167,0.0,0.0
6,Device,Conv2DBackpropInput,gradient_tape/sequential/conv2d_1/Conv2D/Conv2DBackpropInput,2,53.248,26.624,53.248,26.624,0.0058928292585701285,0.8974027085013868,0.0,0.0
7,Device,_FusedConv2D,sequential/conv2d_2/Relu,2,53.248,26.624,53.248,26.624,0.0058928292585701285,0.903295537759957,0.0,0.0
8,Device,Conv2DBackpropInput,gradient_tape/sequential/conv2d_2/Conv2D/Conv2DBackpropInput,2,52.224,26.112,52.224,26.112,0.005779505618982241,0.9090750433789392,0.0,0.0
9,Device,_FusedConv2D,sequential/conv2d/Relu,2,47.104,23.552,47.104,23.552,0.005212887421042806,0.9142879307999819,0.0,0.0
10,Device,_FusedConv2D,sequential/conv2d_1/Relu,2,44.032,22.016,44.032,22.016,0.004872916502279144,0.9191608473022611,0.0,0.0
11,Device,MaxPoolGrad,gradient_tape/sequential/max_pooling2d/MaxPool/MaxPoolGrad,2,40.96,20.48,40.96,20.48,0.004532945583515483,0.9236937928857766,0.0,0.0
12,Device,ReluGrad,gradient_tape/sequential/conv2d/ReluGrad,2,38.913,19.4565,38.913,19.4565,0.004306408971956494,0.928000201857733,0.0,0.0
13,Device,MaxPoolGrad,gradient_tape/sequential/max_pooling2d_2/MaxPool/MaxPoolGrad,2,24.576,12.288,24.576,12.288,0.00271976735010929,0.9307199692078423,0.0,0.0
14,Device,MatMul,sequential/dense/MatMul,2,23.552,11.776,23.552,11.776,0.002606443710521403,0.9333264129183637,0.0,0.0
15,Device,MaxPoolGrad,gradient_tape/sequential/max_pooling2d_1/MaxPool/MaxPoolGrad,2,20.48,10.24,20.48,10.24,0.0022664727917577417,0.9355928857101214,0.0,0.0
16,Device,Transpose,gradient_tape/sequential/conv2d/Conv2D/Conv2DBackpropFilter-0-TransposeNHWCToNCHW-LayoutOptimizer,2,16.384,8.192,16.384,8.192,0.0018131782334061934,0.9374060639435277,0.0,0.0
17,Device,MatMul,sequential/dense_1/MatMul,2,16.384,8.192,16.384,8.192,0.0018131782334061934,0.9392192421769339,0.0,0.0
18,Device,BiasAddGrad,gradient_tape/sequential/conv2d_1/BiasAdd/BiasAddGrad,2,14.337,7.1685,14.337,7.1685,0.0015866416218472043,0.940805883798781,0.0,0.0
19,Device,BiasAddGrad,gradient_tape/sequential/conv2d/BiasAdd/BiasAddGrad,2,14.336,7.168,14.336,7.168,0.0015865309542304193,0.9423924147530115,0.0,0.0
20,Device,MatMul,gradient_tape/sequential/dense/MatMul/MatMul,2,14.336,7.168,14.336,7.168,0.0015865309542304193,0.943978945707242,0.0,0.0
21,Device,MaxPool,sequential/max_pooling2d/MaxPool,2,13.312,6.656,13.312,6.656,0.0014732073146425321,0.9454521530218845,0.0,0.0
22,Device,DynamicStitch,gradient_tape/categorical_crossentropy/DynamicStitch,2,11.264,5.632,11.264,5.632,0.0012465600354667579,0.9466987130573512,0.0,0.0
23,Device,ReluGrad,gradient_tape/sequential/conv2d_1/ReluGrad,2,11.264,5.632,11.264,5.632,0.0012465600354667579,0.947945273092818,0.0,0.0
24,Device,BiasAddGrad,gradient_tape/sequential/conv2d_2/BiasAdd/BiasAddGrad,2,11.264,5.632,11.264,5.632,0.0012465600354667579,0.9491918331282847,0.0,0.0
25,Device,MatMul,gradient_tape/sequential/dense/MatMul/MatMul_1,2,11.264,5.632,11.264,5.632,0.0012465600354667579,0.9504383931637514,0.0,0.0
26,Device,MatMul,gradient_tape/sequential/dense_1/MatMul/MatMul_1,2,11.264,5.632,11.264,5.632,0.0012465600354667579,0.9516849531992182,0.0,0.0
27,Device,MatMul,gradient_tape/sequential/dense_1/MatMul/MatMul,2,10.24,5.12,10.24,5.12,0.0011332363958788708,0.9528181895950971,0.0,0.0
28,Device,MaxPool,sequential/max_pooling2d_1/MaxPool,2,10.24,5.12,10.24,5.12,0.0011332363958788708,0.953951425990976,0.0,0.0
29,Device,ArgMax,ArgMax,2,8.192,4.096,8.192,4.096,0.0009065891167030967,0.9548580151076791,0.0,0.0
30,Device,ResourceApplyGradientDescent,SGD/SGD/update_4/ResourceApplyGradientDescent,2,8.192,4.096,8.192,4.096,0.0009065891167030967,0.9557646042243821,0.0,0.0
31,Device,ReluGrad,gradient_tape/sequential/conv2d_2/ReluGrad,2,8.192,4.096,8.192,4.096,0.0009065891167030967,0.9566711933410852,0.0,0.0
32,Device,MaxPool,sequential/max_pooling2d_2/MaxPool,2,8.192,4.096,8.192,4.096,0.0009065891167030967,0.9575777824577882,0.0,0.0
33,Device,ArgMax,ArgMax_1,2,7.169,3.5845,7.169,3.5845,0.0007933761447319947,0.9583711586025202,0.0,0.0
34,Device,ResourceApplyGradientDescent,SGD/SGD/update_2/ResourceApplyGradientDescent,2,7.168,3.584,7.168,3.584,0.0007932654771152097,0.9591644240796354,0.0,0.0
35,Device,ResourceApplyGradientDescent,SGD/SGD/update_6/ResourceApplyGradientDescent,2,7.168,3.584,7.168,3.584,0.0007932654771152097,0.9599576895567506,0.0,0.0
36,Device,Transpose,gradient_tape/sequential/max_pooling2d_2/MaxPool/MaxPoolGrad-2-TransposeNHWCToNCHW-LayoutOptimizer,2,7.168,3.584,7.168,3.584,0.0007932654771152097,0.9607509550338659,0.0,0.0
37,Device,Transpose,sequential/max_pooling2d_2/MaxPool-0-2-TransposeNCHWToNHWC-LayoutOptimizer,2,7.168,3.584,7.168,3.584,0.0007932654771152097,0.9615442205109811,0.0,0.0
38,Device,AssignAddVariableOp,AssignAddVariableOp_1,2,6.144,3.072,6.144,3.072,0.0006799418375273225,0.9622241623485084,0.0,0.0
39,Device,AssignAddVariableOp,AssignAddVariableOp_2,2,6.144,3.072,6.144,3.072,0.0006799418375273225,0.9629041041860357,0.0,0.0
40,Device,AssignAddVariableOp,AssignAddVariableOp_3,2,6.144,3.072,6.144,3.072,0.0006799418375273225,0.963584046023563,0.0,0.0
41,Device,Cast,Cast,2,6.144,3.072,6.144,3.072,0.0006799418375273225,0.9642639878610902,0.0,0.0
42,Device,AssignAddVariableOp,SGD/SGD/AssignAddVariableOp,2,6.144,3.072,6.144,3.072,0.0006799418375273225,0.9649439296986175,0.0,0.0
43,Device,ResourceApplyGradientDescent,SGD/SGD/update/ResourceApplyGradientDescent,2,6.144,3.072,6.144,3.072,0.0006799418375273225,0.9656238715361448,0.0,0.0
44,Device,ResourceApplyGradientDescent,SGD/SGD/update_3/ResourceApplyGradientDescent,2,6.144,3.072,6.144,3.072,0.0006799418375273225,0.9663038133736721,0.0,0.0
45,Device,ResourceApplyGradientDescent,SGD/SGD/update_9/ResourceApplyGradientDescent,2,6.144,3.072,6.144,3.072,0.0006799418375273225,0.9669837552111994,0.0,0.0
46,Device,Sum,Sum_2,2,6.144,3.072,6.144,3.072,0.0006799418375273225,0.9676636970487267,0.0,0.0
47,Device,Log,categorical_crossentropy/Log,2,6.144,3.072,6.144,3.072,0.0006799418375273225,0.968343638886254,0.0,0.0
48,Device,Sum,categorical_crossentropy/Sum,2,6.144,3.072,6.144,3.072,0.0006799418375273225,0.9690235807237813,0.0,0.0
49,Device,Sum,categorical_crossentropy/Sum_1,2,6.144,3.072,6.144,3.072,0.0006799418375273225,0.9697035225613085,0.0,0.0
50,Device,Maximum,categorical_crossentropy/clip_by_value,2,6.144,3.072,6.144,3.072,0.0006799418375273225,0.9703834643988358,0.0,0.0
51,Device,RealDiv,categorical_crossentropy/truediv,2,6.144,3.072,6.144,3.072,0.0006799418375273225,0.9710634062363631,0.0,0.0
52,Device,BroadcastTo,gradient_tape/categorical_crossentropy/BroadcastTo,2,6.144,3.072,6.144,3.072,0.0006799418375273225,0.9717433480738904,0.0,0.0
53,Device,BroadcastTo,gradient_tape/categorical_crossentropy/BroadcastTo_1,2,6.144,3.072,6.144,3.072,0.0006799418375273225,0.9724232899114177,0.0,0.0
54,Device,Reciprocal,gradient_tape/categorical_crossentropy/Reciprocal,2,6.144,3.072,6.144,3.072,0.0006799418375273225,0.973103231748945,0.0,0.0
55,Device,LessEqual,gradient_tape/categorical_crossentropy/clip_by_value/LessEqual,2,6.144,3.072,6.144,3.072,0.0006799418375273225,0.9737831735864723,0.0,0.0
56,Device,SelectV2,gradient_tape/categorical_crossentropy/clip_by_value/SelectV2,2,6.144,3.072,6.144,3.072,0.0006799418375273225,0.9744631154239995,0.0,0.0
57,Device,ZerosLike,gradient_tape/categorical_crossentropy/clip_by_value/zeros_like_1,2,6.144,3.072,6.144,3.072,0.0006799418375273225,0.9751430572615268,0.0,0.0
58,Device,Mul,gradient_tape/categorical_crossentropy/mul/Mul,2,6.144,3.072,6.144,3.072,0.0006799418375273225,0.9758229990990541,0.0,0.0
59,Device,Neg,gradient_tape/categorical_crossentropy/truediv/Neg,2,6.144,3.072,6.144,3.072,0.0006799418375273225,0.9765029409365814,0.0,0.0
60,Device,RealDiv,gradient_tape/categorical_crossentropy/truediv/RealDiv,2,6.144,3.072,6.144,3.072,0.0006799418375273225,0.9771828827741087,0.0,0.0
61,Device,Tile,gradient_tape/categorical_crossentropy/weighted_loss/Tile_1,2,6.144,3.072,6.144,3.072,0.0006799418375273225,0.977862824611636,0.0,0.0
62,Device,BiasAddGrad,gradient_tape/sequential/dense/BiasAdd/BiasAddGrad,2,6.144,3.072,6.144,3.072,0.0006799418375273225,0.9785427664491633,0.0,0.0
63,Device,ReluGrad,gradient_tape/sequential/dense/ReluGrad,2,6.144,3.072,6.144,3.072,0.0006799418375273225,0.9792227082866906,0.0,0.0
64,Device,BiasAddGrad,gradient_tape/sequential/dense_1/BiasAdd/BiasAddGrad,2,6.144,3.072,6.144,3.072,0.0006799418375273225,0.9799026501242178,0.0,0.0
65,Device,BiasAdd,sequential/dense/BiasAdd,2,6.144,3.072,6.144,3.072,0.0006799418375273225,0.9805825919617451,0.0,0.0
66,Device,Relu,sequential/dense/Relu,2,6.144,3.072,6.144,3.072,0.0006799418375273225,0.9812625337992724,0.0,0.0
67,Device,BiasAdd,sequential/dense_1/BiasAdd,2,6.144,3.072,6.144,3.072,0.0006799418375273225,0.9819424756367997,0.0,0.0
68,Device,AssignAddVariableOp,AssignAddVariableOp,2,5.12,2.56,5.12,2.56,0.0005666181979394354,0.9825090938347392,0.0,0.0
69,Device,AssignAddVariableOp,AssignAddVariableOp_4,2,5.12,2.56,5.12,2.56,0.0005666181979394354,0.9830757120326786,0.0,0.0
70,Device,Cast,Cast_1,2,5.12,2.56,5.12,2.56,0.0005666181979394354,0.9836423302306181,0.0,0.0
71,Device,Cast,Cast_2,2,5.12,2.56,5.12,2.56,0.0005666181979394354,0.9842089484285576,0.0,0.0
72,Device,Equal,Equal,2,5.12,2.56,5.12,2.56,0.0005666181979394354,0.984775566626497,0.0,0.0
73,Device,Mul,Mul,2,5.12,2.56,5.12,2.56,0.0005666181979394354,0.9853421848244365,0.0,0.0
74,Device,ResourceApplyGradientDescent,SGD/SGD/update_1/ResourceApplyGradientDescent,2,5.12,2.56,5.12,2.56,0.0005666181979394354,0.9859088030223759,0.0,0.0
75,Device,ResourceApplyGradientDescent,SGD/SGD/update_7/ResourceApplyGradientDescent,2,5.12,2.56,5.12,2.56,0.0005666181979394354,0.9864754212203154,0.0,0.0
76,Device,ResourceApplyGradientDescent,SGD/SGD/update_8/ResourceApplyGradientDescent,2,5.12,2.56,5.12,2.56,0.0005666181979394354,0.9870420394182549,0.0,0.0
77,Device,AddN,SGD/gradients/AddN,2,5.12,2.56,5.12,2.56,0.0005666181979394354,0.9876086576161943,0.0,0.0
78,Device,Minimum,categorical_crossentropy/clip_by_value/Minimum,2,5.12,2.56,5.12,2.56,0.0005666181979394354,0.9881752758141338,0.0,0.0
79,Device,Mul,categorical_crossentropy/mul,2,5.12,2.56,5.12,2.56,0.0005666181979394354,0.9887418940120732,0.0,0.0
80,Device,Sum,categorical_crossentropy/weighted_loss/Sum,2,5.12,2.56,5.12,2.56,0.0005666181979394354,0.9893085122100127,0.0,0.0
81,Device,DivNoNan,div_no_nan,2,5.12,2.56,5.12,2.56,0.0005666181979394354,0.9898751304079522,0.0,0.0
82,Device,DivNoNan,div_no_nan_1,2,5.12,2.56,5.12,2.56,0.0005666181979394354,0.9904417486058916,0.0,0.0
83,Device,Neg,gradient_tape/categorical_crossentropy/Neg,2,5.12,2.56,5.12,2.56,0.0005666181979394354,0.9910083668038311,0.0,0.0
84,Device,GreaterEqual,gradient_tape/categorical_crossentropy/clip_by_value/GreaterEqual,2,5.12,2.56,5.12,2.56,0.0005666181979394354,0.9915749850017705,0.0,0.0
85,Device,SelectV2,gradient_tape/categorical_crossentropy/clip_by_value/SelectV2_1,2,5.12,2.56,5.12,2.56,0.0005666181979394354,0.99214160319971,0.0,0.0
86,Device,ZerosLike,gradient_tape/categorical_crossentropy/clip_by_value/zeros_like,2,5.12,2.56,5.12,2.56,0.0005666181979394354,0.9927082213976495,0.0,0.0
87,Device,Mul,gradient_tape/categorical_crossentropy/mul,2,5.12,2.56,5.12,2.56,0.0005666181979394354,0.9932748395955889,0.0,0.0
88,Device,RealDiv,gradient_tape/categorical_crossentropy/truediv/RealDiv_1,2,5.12,2.56,5.12,2.56,0.0005666181979394354,0.9938414577935284,0.0,0.0
89,Device,Mul,gradient_tape/categorical_crossentropy/truediv/mul,2,5.12,2.56,5.12,2.56,0.0005666181979394354,0.9944080759914679,0.0,0.0
90,Device,DivNoNan,gradient_tape/categorical_crossentropy/weighted_loss/value/div_no_nan,2,5.12,2.56,5.12,2.56,0.0005666181979394354,0.9949746941894073,0.0,0.0
91,Device,Sum,gradient_tape/categorical_crossentropy/truediv/Sum_1,2,4.097,2.0485,4.097,2.0485,0.00045340522596833344,0.9954280994153757,0.0,0.0
92,Device,ResourceApplyGradientDescent,SGD/SGD/update_5/ResourceApplyGradientDescent,2,4.096,2.048,4.096,2.048,0.00045329455835154835,0.9958813939737272,0.0,0.0
93,Device,Neg,categorical_crossentropy/Neg,2,4.096,2.048,4.096,2.048,0.00045329455835154835,0.9963346885320787,0.0,0.0
94,Device,Cast,categorical_crossentropy/weighted_loss/num_elements/Cast,2,4.096,2.048,4.096,2.048,0.00045329455835154835,0.9967879830904303,0.0,0.0
95,Device,DivNoNan,categorical_crossentropy/weighted_loss/value,2,4.096,2.048,4.096,2.048,0.00045329455835154835,0.9972412776487818,0.0,0.0
96,Device,RealDiv,gradient_tape/categorical_crossentropy/truediv/RealDiv_2,2,4.096,2.048,4.096,2.048,0.00045329455835154835,0.9976945722071333,0.0,0.0
97,Device,_HostRecv,gradient_tape/categorical_crossentropy/DynamicStitch/_22,2,3.264,1.632,3.264,1.632,0.0003612191011863901,0.9980557913083197,0.0,0.0
98,Device,_Recv,gradient_tape/categorical_crossentropy/ones/_18,2,3.232,1.616,3.232,1.616,0.0003576777374492686,0.9984134690457689,0.0,0.0
99,Device,LogicalAnd,LogicalAnd,1,3.072,3.072,3.072,3.072,0.0003399709187636613,0.9987534399645326,0.0,0.0
100,Device,_Recv,strided_slice/_12,2,3.072,1.536,3.072,1.536,0.0003399709187636613,0.9990934108832963,0.0,0.0
101,Device,_Send,IteratorGetNext/_3,2,2.048,1.024,2.048,1.024,0.00022664727917577417,0.999320058162472,0.0,0.0
102,Device,_Recv,Size/_14,2,2.048,1.024,2.048,1.024,0.00022664727917577417,0.9995467054416478,0.0,0.0
103,Device,_Recv,categorical_crossentropy/weighted_loss/num_elements/_20,2,2.048,1.024,2.048,1.024,0.00022664727917577417,0.9997733527208236,0.0,0.0
104,Device,_Recv,gradient_tape/categorical_crossentropy/Shape/_16,2,2.048,1.024,2.048,1.024,0.00022664727917577417,0.9999999999999993,0.0,0.0
105,Host,IDLE,IDLE,0,43319.831,0.0,43319.831,0.0,0.0,0.0,0.9654387190619643,0.9654387190619643
106,Host,_Send,IteratorGetNext/_1,2,448.498,224.249,448.498,224.249,0.0,0.0,0.009995360661075823,0.9754340797230402
107,Host,_Send,IteratorGetNext/_3,2,390.637,195.3185,390.637,195.3185,0.0,0.0,0.008705853097584997,0.9841399328206252
108,Host,GatherV2,GatherV2,2,208.933,104.4665,208.933,104.4665,0.0,0.0,0.004656343370540236,0.9887962761911654
109,Host,_Send,IteratorGetNext/_6,2,140.992,70.496,140.992,70.496,0.0,0.0,0.0031421899101588017,0.9919384661013242
110,Host,IteratorGetNext,IteratorGetNext,2,45.801,22.9005,45.801,22.9005,0.0,0.0,0.001020734793996704,0.9929592008953209
111,Host,Dataset,Iterator::Root::ParallelMapV2,2,44.681,22.3405,44.681,22.3405,0.0,0.0,0.0009957741387866363,0.9939549750341075
112,Host,Dataset,Iterator::Root::ParallelMapV2::Zip[1]::ForeverRepeat,2,46.66,23.33,43.51,21.755,0.0,0.0,0.0009696768823125387,0.99492465191642
113,Host,FlushSummaryWriter,FlushSummaryWriter,1,35.971,35.971,35.971,35.971,0.0,0.0,0.0008016604719297708,0.9957263123883497
114,Host,Dataset,Iterator::Root::ParallelMapV2::Zip[0]::FlatMap[1]::Concatenate,2,54.951,27.4755,33.961,16.9805,0.0,0.0,0.0007568650103474174,0.9964831773986972
115,Host,LogicalAnd,LogicalAnd,1,29.27,29.27,29.27,29.27,0.0,0.0,0.0006523199803559643,0.9971354973790532
116,Host,GatherV2,GatherV2_1,2,29.19,14.595,29.19,14.595,0.0,0.0,0.0006505370764123881,0.9977860344554655
117,Host,Dataset,Iterator::Root,2,68.491,34.2455,23.81,11.905,0.0,0.0,0.0005306367862068846,0.9983166712416724
118,Host,Dataset,Iterator::Root::ParallelMapV2::Zip[0]::FlatMap[1]::Concatenate[0]::TensorSlice,2,20.99,10.495,20.99,10.495,0.0,0.0,0.00046778942219582136,0.9987844606638683
119,Host,WriteSummary,WriteSummary,1,18.561,18.561,18.561,18.561,0.0,0.0,0.00041365600120898716,0.9991981166650773
120,Host,_HostSend,gradient_tape/categorical_crossentropy/mul/Shape/_9,2,11.36,5.68,11.36,5.68,0.0,0.0,0.000253172359987829,0.9994512890250651
121,Host,Dataset,Iterator::Root::ParallelMapV2::Zip,2,114.142,57.071,9.301,4.6505,0.0,0.0,0.000207284869740035,0.9996585738948052
122,Host,ReadVariableOp,ReadVariableOp,1,6.07,6.07,6.07,6.07,0.0,0.0,0.00013527783671884877,0.999793851731524
123,Host,Dataset,Iterator::Root::ParallelMapV2::Zip[0]::FlatMap,2,58.181,29.0905,3.23,1.615,0.0,0.0,7.198474672189152e-05,0.9998658364782459
124,Host,Dataset,Iterator::Root::ParallelMapV2::Zip[1]::ForeverRepeat::FromTensor,4,3.15,0.7875,3.15,0.7875,0.0,0.0,7.020184277831526e-05,0.9999360383210242
125,Host,Identity,Identity,2,2.87,1.435,2.87,1.435,0.0,0.0,6.396167897579835e-05,1.0
