Rank,Host/device,Type,Operation,#Occurrences,Total time (us),Avg. time (us),Total self-time (us),Avg. self-time (us),Total self-time on Device (%),Cumulative total-self time on Device (%),Total self-time on Host (%),Cumulative total-self time on Host (%)
1,Device,IDLE,IDLE,0,43980.32,0.0,43980.32,0.0,0.8303105786405158,0.8303105786405158,0.0,0.0
2,Device,DepthwiseConv2dNativeBackpropFilter,gradient_tape/mobilenetv2_1.00_32/block_1_depthwise/depthwise/DepthwiseConv2dNativeBackpropFilter,2,269.314,134.657,269.314,134.657,0.005084416465728123,0.8353949951062439,0.0,0.0
3,Device,Conv2DBackpropInput,gradient_tape/mobilenetv2_1.00_32/Conv_1/Conv2D/Conv2DBackpropInput,4,157.696,39.424,157.696,39.424,0.0029771647184307615,0.8383721598246747,0.0,0.0
4,Device,Conv2D,mobilenetv2_1.00_32/block_16_project/Conv2D,2,115.713,57.8565,115.713,57.8565,0.0021845618218837427,0.8405567216465585,0.0,0.0
5,Device,Conv2DBackpropInput,gradient_tape/mobilenetv2_1.00_32/block_14_expand/Conv2D/Conv2DBackpropInput,4,101.376,25.344,101.376,25.344,0.0019138916047054895,0.8424706132512639,0.0,0.0
6,Device,Conv2DBackpropInput,gradient_tape/mobilenetv2_1.00_32/block_15_expand/Conv2D/Conv2DBackpropInput,4,100.352,25.088,100.352,25.088,0.001894559366274121,0.8443651726175381,0.0,0.0
7,Device,Conv2DBackpropInput,gradient_tape/mobilenetv2_1.00_32/block_16_expand/Conv2D/Conv2DBackpropInput,4,99.328,24.832,99.328,24.832,0.0018752271278427524,0.8462403997453808,0.0,0.0
8,Device,Conv2DBackpropFilter,gradient_tape/mobilenetv2_1.00_32/block_1_expand/Conv2D/Conv2DBackpropFilter,4,99.328,24.832,99.328,24.832,0.0018752271278427524,0.8481156268732235,0.0,0.0
9,Device,Conv2D,mobilenetv2_1.00_32/block_15_project/Conv2D,4,98.305,24.57625,98.305,24.57625,0.001855913768550477,0.8499715406417739,0.0,0.0
10,Device,Conv2D,mobilenetv2_1.00_32/block_14_project/Conv2D,4,97.28,24.32,97.28,24.32,0.0018365626509800153,0.8518081032927539,0.0,0.0
11,Device,SoftmaxCrossEntropyWithLogits,categorical_crossentropy/softmax_cross_entropy_with_logits,2,93.185,46.5925,93.185,46.5925,0.001759252576393634,0.8535673558691476,0.0,0.0
12,Device,Conv2DBackpropInput,gradient_tape/mobilenetv2_1.00_32/block_13_expand/Conv2D/Conv2DBackpropInput,4,73.728,18.432,73.728,18.432,0.0013919211670585378,0.8549592770362061,0.0,0.0
13,Device,Conv2DBackpropInput,gradient_tape/mobilenetv2_1.00_32/block_11_expand/Conv2D/Conv2DBackpropInput,4,72.704,18.176,72.704,18.176,0.0013725889286271692,0.8563318659648332,0.0,0.0
14,Device,Conv2DBackpropInput,gradient_tape/mobilenetv2_1.00_32/block_12_expand/Conv2D/Conv2DBackpropInput,4,72.704,18.176,72.704,18.176,0.0013725889286271692,0.8577044548934604,0.0,0.0
15,Device,Conv2D,mobilenetv2_1.00_32/block_11_project/Conv2D,4,72.704,18.176,72.704,18.176,0.0013725889286271692,0.8590770438220875,0.0,0.0
16,Device,Conv2D,mobilenetv2_1.00_32/block_13_project/Conv2D,4,72.704,18.176,72.704,18.176,0.0013725889286271692,0.8604496327507146,0.0,0.0
17,Device,Conv2D,mobilenetv2_1.00_32/block_12_project/Conv2D,4,71.681,17.92025,71.681,17.92025,0.0013532755693348938,0.8618029083200495,0.0,0.0
18,Device,DepthwiseConv2dNativeBackpropFilter,gradient_tape/mobilenetv2_1.00_32/block_3_depthwise/depthwise/DepthwiseConv2dNativeBackpropFilter,2,70.656,35.328,70.656,35.328,0.0013339244517644323,0.8631368327718139,0.0,0.0
19,Device,DepthwiseConv2dNativeBackpropFilter,gradient_tape/mobilenetv2_1.00_32/block_5_depthwise/depthwise/DepthwiseConv2dNativeBackpropFilter,2,70.656,35.328,70.656,35.328,0.0013339244517644323,0.8644707572235782,0.0,0.0
20,Device,DepthwiseConv2dNativeBackpropFilter,gradient_tape/mobilenetv2_1.00_32/block_4_depthwise/depthwise/DepthwiseConv2dNativeBackpropFilter,2,69.633,34.8165,69.633,34.8165,0.0013146110924721565,0.8657853683160504,0.0,0.0
21,Device,Conv2DBackpropInput,gradient_tape/mobilenetv2_1.00_32/block_16_project/Conv2D/Conv2DBackpropInput,2,64.512,32.256,64.512,32.256,0.0012179310211762205,0.8670032993372265,0.0,0.0
22,Device,Conv2DBackpropInput,gradient_tape/mobilenetv2_1.00_32/block_10_expand/Conv2D/Conv2DBackpropInput,4,61.441,15.36025,61.441,15.36025,0.001159953185021208,0.8681632525222477,0.0,0.0
23,Device,Conv2DBackpropInput,gradient_tape/mobilenetv2_1.00_32/block_9_expand/Conv2D/Conv2DBackpropInput,4,61.44,15.36,61.44,15.36,0.0011599343058821148,0.8693231868281298,0.0,0.0
24,Device,Conv2D,mobilenetv2_1.00_32/block_7_project/Conv2D,4,61.44,15.36,61.44,15.36,0.0011599343058821148,0.8704831211340119,0.0,0.0
25,Device,Conv2D,mobilenetv2_1.00_32/Conv_1/Conv2D,2,60.417,30.2085,60.417,30.2085,0.0011406209465898395,0.8716237420806018,0.0,0.0
26,Device,Conv2DBackpropInput,gradient_tape/mobilenetv2_1.00_32/block_7_expand/Conv2D/Conv2DBackpropInput,4,60.416,15.104,60.416,15.104,0.0011406020674507463,0.8727643441480525,0.0,0.0
27,Device,Conv2DBackpropInput,gradient_tape/mobilenetv2_1.00_32/block_8_expand/Conv2D/Conv2DBackpropInput,4,60.416,15.104,60.416,15.104,0.0011406020674507463,0.8739049462155032,0.0,0.0
28,Device,Conv2D,mobilenetv2_1.00_32/block_10_project/Conv2D,4,60.416,15.104,60.416,15.104,0.0011406020674507463,0.8750455482829539,0.0,0.0
29,Device,Conv2DBackpropFilter,gradient_tape/mobilenetv2_1.00_32/expanded_conv_project/Conv2D/Conv2DBackpropFilter,4,57.345,14.33625,57.345,14.33625,0.0010826242312957336,0.8761281725142496,0.0,0.0
30,Device,Conv2D,mobilenetv2_1.00_32/block_8_project/Conv2D,4,57.345,14.33625,57.345,14.33625,0.0010826242312957336,0.8772107967455453,0.0,0.0
31,Device,Conv2D,mobilenetv2_1.00_32/block_9_project/Conv2D,4,57.344,14.336,57.344,14.336,0.0010826053521566406,0.8782934020977019,0.0,0.0
32,Device,Conv2DBackpropInput,gradient_tape/mobilenetv2_1.00_32/block_4_expand/Conv2D/Conv2DBackpropInput,4,49.152,12.288,49.152,12.288,0.0009279474447056919,0.8792213495424076,0.0,0.0
33,Device,Conv2DBackpropInput,gradient_tape/mobilenetv2_1.00_32/block_5_expand/Conv2D/Conv2DBackpropInput,4,48.129,12.03225,48.129,12.03225,0.0009086340854134164,0.880129983627821,0.0,0.0
34,Device,Conv2DBackpropInput,gradient_tape/mobilenetv2_1.00_32/block_1_expand/Conv2D/Conv2DBackpropInput,2,48.128,24.064,48.128,24.064,0.0009086152062743233,0.8810385988340953,0.0,0.0
35,Device,Conv2DBackpropInput,gradient_tape/mobilenetv2_1.00_32/block_6_expand/Conv2D/Conv2DBackpropInput,4,46.08,11.52,46.08,11.52,0.0008699507294115861,0.8819085495635068,0.0,0.0
36,Device,Conv2DBackpropFilter,gradient_tape/mobilenetv2_1.00_32/Conv_1/Conv2D/Conv2DBackpropFilter,2,45.056,22.528,45.056,22.528,0.0008506184909802175,0.8827591680544871,0.0,0.0
37,Device,Conv2DBackpropInput,gradient_tape/mobilenetv2_1.00_32/block_14_project/Conv2D/Conv2DBackpropInput,2,45.056,22.528,45.056,22.528,0.0008506184909802175,0.8836097865454673,0.0,0.0
38,Device,Conv2DBackpropInput,gradient_tape/mobilenetv2_1.00_32/block_15_project/Conv2D/Conv2DBackpropInput,2,45.056,22.528,45.056,22.528,0.0008506184909802175,0.8844604050364475,0.0,0.0
39,Device,Conv2DBackpropFilter,gradient_tape/mobilenetv2_1.00_32/Conv1/Conv2D/Conv2DBackpropFilter,2,41.984,20.992,41.984,20.992,0.0007926217756861119,0.8852530268121336,0.0,0.0
40,Device,Conv2DBackpropInput,gradient_tape/mobilenetv2_1.00_32/block_4_project/Conv2D/Conv2DBackpropInput,4,41.984,10.496,41.984,10.496,0.0007926217756861119,0.8860456485878196,0.0,0.0
41,Device,Conv2DBackpropInput,gradient_tape/mobilenetv2_1.00_32/block_13_project/Conv2D/Conv2DBackpropInput,2,40.96,20.48,40.96,20.48,0.0007732895372547432,0.8868189381250744,0.0,0.0
42,Device,Conv2DBackpropInput,gradient_tape/mobilenetv2_1.00_32/block_5_project/Conv2D/Conv2DBackpropInput,4,40.96,10.24,40.96,10.24,0.0007732895372547432,0.8875922276623291,0.0,0.0
43,Device,Conv2DBackpropInput,gradient_tape/mobilenetv2_1.00_32/expanded_conv_project/Conv2D/Conv2DBackpropInput,4,38.913,9.72825,38.913,9.72825,0.0007346439395310992,0.8883268716018603,0.0,0.0
44,Device,Conv2DBackpropInput,gradient_tape/mobilenetv2_1.00_32/block_2_project/Conv2D/Conv2DBackpropInput,2,38.912,19.456,38.912,19.456,0.0007346250603920061,0.8890614966622523,0.0,0.0
45,Device,Conv2DBackpropInput,gradient_tape/mobilenetv2_1.00_32/block_1_project/Conv2D/Conv2DBackpropInput,2,36.864,18.432,36.864,18.432,0.0006959605835292689,0.8897574572457816,0.0,0.0
46,Device,FusedBatchNormV3,mobilenetv2_1.00_32/Conv_1_bn/FusedBatchNormV3,4,36.864,9.216,36.864,9.216,0.0006959605835292689,0.8904534178293109,0.0,0.0
47,Device,Conv2DBackpropFilter,gradient_tape/mobilenetv2_1.00_32/block_16_expand/Conv2D/Conv2DBackpropFilter,2,35.84,17.92,35.84,17.92,0.0006766283450979004,0.8911300461744087,0.0,0.0
48,Device,Conv2DBackpropInput,gradient_tape/mobilenetv2_1.00_32/block_2_expand/Conv2D/Conv2DBackpropInput,2,35.84,17.92,35.84,17.92,0.0006766283450979004,0.8918066745195066,0.0,0.0
49,Device,Conv2DBackpropInput,gradient_tape/mobilenetv2_1.00_32/block_9_project/Conv2D/Conv2DBackpropInput,2,35.84,17.92,35.84,17.92,0.0006766283450979004,0.8924833028646044,0.0,0.0
50,Device,Conv2DBackpropInput,gradient_tape/mobilenetv2_1.00_32/block_3_expand/Conv2D/Conv2DBackpropInput,2,34.817,17.4085,34.817,17.4085,0.0006573149858056248,0.8931406178504101,0.0,0.0
51,Device,Conv2DBackpropInput,gradient_tape/mobilenetv2_1.00_32/block_10_project/Conv2D/Conv2DBackpropInput,2,34.816,17.408,34.816,17.408,0.0006572961066665318,0.8937979139570766,0.0,0.0
52,Device,Conv2DBackpropFilter,gradient_tape/mobilenetv2_1.00_32/block_15_expand/Conv2D/Conv2DBackpropFilter,2,34.816,17.408,34.816,17.408,0.0006572961066665318,0.8944552100637432,0.0,0.0
53,Device,Conv2DBackpropInput,gradient_tape/mobilenetv2_1.00_32/block_6_project/Conv2D/Conv2DBackpropInput,2,34.816,17.408,34.816,17.408,0.0006572961066665318,0.8951125061704097,0.0,0.0
54,Device,Conv2DBackpropInput,gradient_tape/mobilenetv2_1.00_32/block_7_project/Conv2D/Conv2DBackpropInput,2,34.816,17.408,34.816,17.408,0.0006572961066665318,0.8957698022770763,0.0,0.0
55,Device,Conv2D,mobilenetv2_1.00_32/block_14_expand/Conv2D,2,34.816,17.408,34.816,17.408,0.0006572961066665318,0.8964270983837428,0.0,0.0
56,Device,Conv2D,mobilenetv2_1.00_32/block_16_expand/Conv2D,2,34.816,17.408,34.816,17.408,0.0006572961066665318,0.8970843944904093,0.0,0.0
57,Device,_Recv,IteratorGetNext/_2,2,34.305,17.1525,34.305,17.1525,0.0006476488665899406,0.8977320433569993,0.0,0.0
58,Device,Conv2DBackpropInput,gradient_tape/mobilenetv2_1.00_32/block_11_project/Conv2D/Conv2DBackpropInput,2,33.792,16.896,33.792,16.896,0.0006379638682351632,0.8983700072252344,0.0,0.0
59,Device,Conv2DBackpropInput,gradient_tape/mobilenetv2_1.00_32/block_12_project/Conv2D/Conv2DBackpropInput,2,33.792,16.896,33.792,16.896,0.0006379638682351632,0.8990079710934695,0.0,0.0
60,Device,Conv2DBackpropFilter,gradient_tape/mobilenetv2_1.00_32/block_14_expand/Conv2D/Conv2DBackpropFilter,2,33.792,16.896,33.792,16.896,0.0006379638682351632,0.8996459349617046,0.0,0.0
61,Device,Conv2D,mobilenetv2_1.00_32/block_15_expand/Conv2D,2,33.792,16.896,33.792,16.896,0.0006379638682351632,0.9002838988299398,0.0,0.0
62,Device,Conv2D,mobilenetv2_1.00_32/block_6_project/Conv2D,2,33.792,16.896,33.792,16.896,0.0006379638682351632,0.9009218626981749,0.0,0.0
63,Device,Conv2DBackpropInput,gradient_tape/mobilenetv2_1.00_32/block_8_project/Conv2D/Conv2DBackpropInput,2,32.768,16.384,32.768,16.384,0.0006186316298037946,0.9015404943279787,0.0,0.0
64,Device,Conv2D,mobilenetv2_1.00_32/block_5_project/Conv2D,2,32.768,16.384,32.768,16.384,0.0006186316298037946,0.9021591259577825,0.0,0.0
65,Device,Conv2DBackpropFilter,gradient_tape/mobilenetv2_1.00_32/block_16_project/Conv2D/Conv2DBackpropFilter,2,30.721,15.3605,30.721,15.3605,0.0005799860320801506,0.9027391119898627,0.0,0.0
66,Device,FusedBatchNormGradV3,gradient_tape/mobilenetv2_1.00_32/Conv_1_bn/FusedBatchNormGradV3,2,30.72,15.36,30.72,15.36,0.0005799671529410574,0.9033190791428037,0.0,0.0
67,Device,Conv2DBackpropFilter,gradient_tape/mobilenetv2_1.00_32/block_2_project/Conv2D/Conv2DBackpropFilter,2,30.72,15.36,30.72,15.36,0.0005799671529410574,0.9038990462957448,0.0,0.0
68,Device,FusedBatchNormV3,mobilenetv2_1.00_32/block_14_depthwise_BN/FusedBatchNormV3,4,30.72,7.68,30.72,7.68,0.0005799671529410574,0.9044790134486859,0.0,0.0
69,Device,FusedBatchNormV3,mobilenetv2_1.00_32/block_16_depthwise_BN/FusedBatchNormV3,4,30.72,7.68,30.72,7.68,0.0005799671529410574,0.9050589806016269,0.0,0.0
70,Device,FusedBatchNormV3,mobilenetv2_1.00_32/block_16_expand_BN/FusedBatchNormV3,4,30.72,7.68,30.72,7.68,0.0005799671529410574,0.905638947754568,0.0,0.0
71,Device,Conv2D,mobilenetv2_1.00_32/block_4_project/Conv2D,2,30.72,15.36,30.72,15.36,0.0005799671529410574,0.906218914907509,0.0,0.0
72,Device,FusedBatchNormV3,mobilenetv2_1.00_32/block_14_expand_BN/FusedBatchNormV3,4,29.696,7.424,29.696,7.424,0.0005606349145096889,0.9067795498220187,0.0,0.0
73,Device,FusedBatchNormV3,mobilenetv2_1.00_32/block_15_expand_BN/FusedBatchNormV3,4,29.696,7.424,29.696,7.424,0.0005606349145096889,0.9073401847365283,0.0,0.0
74,Device,Conv2DBackpropInput,gradient_tape/mobilenetv2_1.00_32/block_3_project/Conv2D/Conv2DBackpropInput,2,28.673,14.3365,28.673,14.3365,0.0005413215552174134,0.9078815062917458,0.0,0.0
75,Device,DepthwiseConv2dNativeBackpropInput,gradient_tape/mobilenetv2_1.00_32/block_1_depthwise/depthwise/DepthwiseConv2dNativeBackpropInput,2,28.672,14.336,28.672,14.336,0.0005413026760783203,0.9084228089678241,0.0,0.0
76,Device,FusedBatchNormV3,mobilenetv2_1.00_32/block_15_depthwise_BN/FusedBatchNormV3,4,28.672,7.168,28.672,7.168,0.0005413026760783203,0.9089641116439025,0.0,0.0
77,Device,Conv2D,mobilenetv2_1.00_32/Conv1/Conv2D,2,27.649,13.8245,27.649,13.8245,0.0005219893167860448,0.9094861009606885,0.0,0.0
78,Device,Conv2D,mobilenetv2_1.00_32/block_2_project/Conv2D,2,27.649,13.8245,27.649,13.8245,0.0005219893167860448,0.9100080902774745,0.0,0.0
79,Device,FusedBatchNormGradV3,gradient_tape/mobilenetv2_1.00_32/block_16_depthwise_BN/FusedBatchNormGradV3,2,27.648,13.824,27.648,13.824,0.0005219704376469516,0.9105300607151214,0.0,0.0
80,Device,Conv2DBackpropFilter,gradient_tape/mobilenetv2_1.00_32/block_1_project/Conv2D/Conv2DBackpropFilter,2,27.648,13.824,27.648,13.824,0.0005219704376469516,0.9110520311527683,0.0,0.0
81,Device,Conv2D,mobilenetv2_1.00_32/block_3_project/Conv2D,2,27.648,13.824,27.648,13.824,0.0005219704376469516,0.9115740015904152,0.0,0.0
82,Device,FusedBatchNormGradV3,gradient_tape/mobilenetv2_1.00_32/block_14_depthwise_BN/FusedBatchNormGradV3,2,26.624,13.312,26.624,13.312,0.0005026381992155831,0.9120766397896308,0.0,0.0
83,Device,FusedBatchNormGradV3,gradient_tape/mobilenetv2_1.00_32/block_14_expand_BN/FusedBatchNormGradV3,2,26.624,13.312,26.624,13.312,0.0005026381992155831,0.9125792779888464,0.0,0.0
84,Device,FusedBatchNormGradV3,gradient_tape/mobilenetv2_1.00_32/block_15_expand_BN/FusedBatchNormGradV3,2,26.624,13.312,26.624,13.312,0.0005026381992155831,0.913081916188062,0.0,0.0
85,Device,FusedBatchNormGradV3,gradient_tape/mobilenetv2_1.00_32/block_16_expand_BN/FusedBatchNormGradV3,2,26.624,13.312,26.624,13.312,0.0005026381992155831,0.9135845543872776,0.0,0.0
86,Device,Conv2D,mobilenetv2_1.00_32/block_1_expand/Conv2D,2,26.624,13.312,26.624,13.312,0.0005026381992155831,0.9140871925864932,0.0,0.0
87,Device,FusedBatchNormGradV3,gradient_tape/mobilenetv2_1.00_32/block_15_depthwise_BN/FusedBatchNormGradV3,2,25.6,12.8,25.6,12.8,0.00048330596078421457,0.9145704985472773,0.0,0.0
88,Device,Conv2D,mobilenetv2_1.00_32/block_12_expand/Conv2D,2,25.6,12.8,25.6,12.8,0.00048330596078421457,0.9150538045080615,0.0,0.0
89,Device,Conv2D,mobilenetv2_1.00_32/block_13_expand/Conv2D,2,25.6,12.8,25.6,12.8,0.00048330596078421457,0.9155371104688457,0.0,0.0
90,Device,Conv2DBackpropFilter,gradient_tape/mobilenetv2_1.00_32/block_12_expand/Conv2D/Conv2DBackpropFilter,2,24.576,12.288,24.576,12.288,0.00046397372235284595,0.9160010841911985,0.0,0.0
91,Device,Conv2DBackpropFilter,gradient_tape/mobilenetv2_1.00_32/block_13_expand/Conv2D/Conv2DBackpropFilter,2,24.576,12.288,24.576,12.288,0.00046397372235284595,0.9164650579135514,0.0,0.0
92,Device,Conv2DBackpropFilter,gradient_tape/mobilenetv2_1.00_32/block_2_expand/Conv2D/Conv2DBackpropFilter,2,24.576,12.288,24.576,12.288,0.00046397372235284595,0.9169290316359042,0.0,0.0
93,Device,Conv2DBackpropFilter,gradient_tape/mobilenetv2_1.00_32/block_3_expand/Conv2D/Conv2DBackpropFilter,2,24.576,12.288,24.576,12.288,0.00046397372235284595,0.9173930053582571,0.0,0.0
94,Device,Conv2DBackpropFilter,gradient_tape/mobilenetv2_1.00_32/block_8_project/Conv2D/Conv2DBackpropFilter,2,24.576,12.288,24.576,12.288,0.00046397372235284595,0.9178569790806099,0.0,0.0
95,Device,Conv2D,mobilenetv2_1.00_32/block_11_expand/Conv2D,2,24.576,12.288,24.576,12.288,0.00046397372235284595,0.9183209528029628,0.0,0.0
96,Device,FusedBatchNormV3,mobilenetv2_1.00_32/block_11_expand_BN/FusedBatchNormV3,4,24.576,6.144,24.576,6.144,0.00046397372235284595,0.9187849265253156,0.0,0.0
97,Device,FusedBatchNormV3,mobilenetv2_1.00_32/block_13_expand_BN/FusedBatchNormV3,4,24.576,6.144,24.576,6.144,0.00046397372235284595,0.9192489002476685,0.0,0.0
98,Device,Conv2D,mobilenetv2_1.00_32/block_1_project/Conv2D,2,24.576,12.288,24.576,12.288,0.00046397372235284595,0.9197128739700213,0.0,0.0
99,Device,MatMul,mobilenetv2_1.00_32/predictions/MatMul,2,24.576,12.288,24.576,12.288,0.00046397372235284595,0.9201768476923742,0.0,0.0
100,Device,Conv2DBackpropFilter,gradient_tape/mobilenetv2_1.00_32/block_11_project/Conv2D/Conv2DBackpropFilter,2,23.553,11.7765,23.553,11.7765,0.00044466036306057053,0.9206215080554347,0.0,0.0
101,Device,Conv2DBackpropFilter,gradient_tape/mobilenetv2_1.00_32/block_10_expand/Conv2D/Conv2DBackpropFilter,2,23.552,11.776,23.552,11.776,0.00044464148392147734,0.9210661495393562,0.0,0.0
102,Device,Conv2DBackpropFilter,gradient_tape/mobilenetv2_1.00_32/block_11_expand/Conv2D/Conv2DBackpropFilter,2,23.552,11.776,23.552,11.776,0.00044464148392147734,0.9215107910232776,0.0,0.0
103,Device,Conv2DBackpropFilter,gradient_tape/mobilenetv2_1.00_32/block_6_project/Conv2D/Conv2DBackpropFilter,2,23.552,11.776,23.552,11.776,0.00044464148392147734,0.921955432507199,0.0,0.0
104,Device,Conv2DBackpropFilter,gradient_tape/mobilenetv2_1.00_32/block_7_expand/Conv2D/Conv2DBackpropFilter,2,23.552,11.776,23.552,11.776,0.00044464148392147734,0.9224000739911205,0.0,0.0
105,Device,Conv2DBackpropFilter,gradient_tape/mobilenetv2_1.00_32/block_7_project/Conv2D/Conv2DBackpropFilter,2,23.552,11.776,23.552,11.776,0.00044464148392147734,0.9228447154750419,0.0,0.0
106,Device,FusedBatchNormV3,mobilenetv2_1.00_32/block_11_depthwise_BN/FusedBatchNormV3,4,23.552,5.888,23.552,5.888,0.00044464148392147734,0.9232893569589633,0.0,0.0
107,Device,FusedBatchNormV3,mobilenetv2_1.00_32/block_12_expand_BN/FusedBatchNormV3,4,23.552,5.888,23.552,5.888,0.00044464148392147734,0.9237339984428847,0.0,0.0
108,Device,Conv2DBackpropFilter,gradient_tape/mobilenetv2_1.00_32/block_8_expand/Conv2D/Conv2DBackpropFilter,2,22.529,11.2645,22.529,11.2645,0.0004253281246292019,0.924159326567514,0.0,0.0
109,Device,Conv2DBackpropFilter,gradient_tape/mobilenetv2_1.00_32/block_9_expand/Conv2D/Conv2DBackpropFilter,2,22.529,11.2645,22.529,11.2645,0.0004253281246292019,0.9245846546921432,0.0,0.0
110,Device,Conv2DBackpropFilter,gradient_tape/mobilenetv2_1.00_32/block_10_project/Conv2D/Conv2DBackpropFilter,2,22.528,11.264,22.528,11.264,0.0004253092454901087,0.9250099639376334,0.0,0.0
111,Device,Conv2DBackpropFilter,gradient_tape/mobilenetv2_1.00_32/block_14_project/Conv2D/Conv2DBackpropFilter,2,22.528,11.264,22.528,11.264,0.0004253092454901087,0.9254352731831235,0.0,0.0
112,Device,Conv2DBackpropFilter,gradient_tape/mobilenetv2_1.00_32/block_9_project/Conv2D/Conv2DBackpropFilter,2,22.528,11.264,22.528,11.264,0.0004253092454901087,0.9258605824286136,0.0,0.0
113,Device,FusedBatchNormV3,mobilenetv2_1.00_32/block_12_depthwise_BN/FusedBatchNormV3,4,22.528,5.632,22.528,5.632,0.0004253092454901087,0.9262858916741037,0.0,0.0
114,Device,FusedBatchNormV3,mobilenetv2_1.00_32/block_13_depthwise_BN/FusedBatchNormV3,4,22.528,5.632,22.528,5.632,0.0004253092454901087,0.9267112009195938,0.0,0.0
115,Device,Conv2D,mobilenetv2_1.00_32/block_7_expand/Conv2D,2,22.528,11.264,22.528,11.264,0.0004253092454901087,0.9271365101650839,0.0,0.0
116,Device,Conv2D,mobilenetv2_1.00_32/block_9_expand/Conv2D,2,22.528,11.264,22.528,11.264,0.0004253092454901087,0.927561819410574,0.0,0.0
117,Device,Conv2DBackpropFilter,gradient_tape/mobilenetv2_1.00_32/block_12_project/Conv2D/Conv2DBackpropFilter,2,21.504,10.752,21.504,10.752,0.0004059770070587402,0.9279677964176327,0.0,0.0
118,Device,Conv2DBackpropFilter,gradient_tape/mobilenetv2_1.00_32/block_15_project/Conv2D/Conv2DBackpropFilter,2,21.504,10.752,21.504,10.752,0.0004059770070587402,0.9283737734246914,0.0,0.0
119,Device,Conv2D,mobilenetv2_1.00_32/block_10_expand/Conv2D,2,21.504,10.752,21.504,10.752,0.0004059770070587402,0.9287797504317501,0.0,0.0
120,Device,Conv2D,mobilenetv2_1.00_32/block_8_expand/Conv2D,2,21.504,10.752,21.504,10.752,0.0004059770070587402,0.9291857274388088,0.0,0.0
121,Device,FusedBatchNormGradV3,gradient_tape/mobilenetv2_1.00_32/block_11_expand_BN/FusedBatchNormGradV3,2,20.48,10.24,20.48,10.24,0.0003866447686273716,0.9295723722074362,0.0,0.0
122,Device,FusedBatchNormGradV3,gradient_tape/mobilenetv2_1.00_32/block_13_expand_BN/FusedBatchNormGradV3,2,20.48,10.24,20.48,10.24,0.0003866447686273716,0.9299590169760635,0.0,0.0
123,Device,Conv2DBackpropFilter,gradient_tape/mobilenetv2_1.00_32/block_13_project/Conv2D/Conv2DBackpropFilter,2,20.48,10.24,20.48,10.24,0.0003866447686273716,0.9303456617446909,0.0,0.0
124,Device,Conv2DBackpropFilter,gradient_tape/mobilenetv2_1.00_32/block_3_project/Conv2D/Conv2DBackpropFilter,2,20.48,10.24,20.48,10.24,0.0003866447686273716,0.9307323065133183,0.0,0.0
125,Device,Conv2DBackpropFilter,gradient_tape/mobilenetv2_1.00_32/block_5_project/Conv2D/Conv2DBackpropFilter,2,20.48,10.24,20.48,10.24,0.0003866447686273716,0.9311189512819457,0.0,0.0
126,Device,FusedBatchNormV3,mobilenetv2_1.00_32/block_10_depthwise_BN/FusedBatchNormV3,4,20.48,5.12,20.48,5.12,0.0003866447686273716,0.931505596050573,0.0,0.0
127,Device,Conv2D,mobilenetv2_1.00_32/block_5_expand/Conv2D,2,20.48,10.24,20.48,10.24,0.0003866447686273716,0.9318922408192004,0.0,0.0
128,Device,FusedBatchNormGradV3,gradient_tape/mobilenetv2_1.00_32/block_12_depthwise_BN/FusedBatchNormGradV3,2,19.456,9.728,19.456,9.728,0.00036731253019600305,0.9322595533493964,0.0,0.0
129,Device,FusedBatchNormGradV3,gradient_tape/mobilenetv2_1.00_32/block_12_expand_BN/FusedBatchNormGradV3,2,19.456,9.728,19.456,9.728,0.00036731253019600305,0.9326268658795923,0.0,0.0
130,Device,FusedBatchNormGradV3,gradient_tape/mobilenetv2_1.00_32/block_13_depthwise_BN/FusedBatchNormGradV3,2,19.456,9.728,19.456,9.728,0.00036731253019600305,0.9329941784097883,0.0,0.0
131,Device,Conv2DBackpropFilter,gradient_tape/mobilenetv2_1.00_32/block_4_project/Conv2D/Conv2DBackpropFilter,2,19.456,9.728,19.456,9.728,0.00036731253019600305,0.9333614909399842,0.0,0.0
132,Device,Conv2D,mobilenetv2_1.00_32/block_2_expand/Conv2D,2,19.456,9.728,19.456,9.728,0.00036731253019600305,0.9337288034701802,0.0,0.0
133,Device,Conv2D,mobilenetv2_1.00_32/block_6_expand/Conv2D,2,19.456,9.728,19.456,9.728,0.00036731253019600305,0.9340961160003761,0.0,0.0
134,Device,FusedBatchNormV3,mobilenetv2_1.00_32/block_7_depthwise_BN/FusedBatchNormV3,4,19.456,4.864,19.456,4.864,0.00036731253019600305,0.9344634285305721,0.0,0.0
135,Device,FusedBatchNormV3,mobilenetv2_1.00_32/block_8_depthwise_BN/FusedBatchNormV3,4,19.456,4.864,19.456,4.864,0.00036731253019600305,0.934830741060768,0.0,0.0
136,Device,FusedBatchNormV3,mobilenetv2_1.00_32/block_9_depthwise_BN/FusedBatchNormV3,4,19.456,4.864,19.456,4.864,0.00036731253019600305,0.935198053590964,0.0,0.0
137,Device,Pad,mobilenetv2_1.00_32/block_1_pad/Pad,2,18.433,9.2165,18.433,9.2165,0.00034799917090372757,0.9355460527618678,0.0,0.0
138,Device,FusedBatchNormV3,mobilenetv2_1.00_32/block_8_expand_BN/FusedBatchNormV3,4,18.433,4.60825,18.433,4.60825,0.00034799917090372757,0.9358940519327715,0.0,0.0
139,Device,FusedBatchNormGradV3,gradient_tape/mobilenetv2_1.00_32/block_11_depthwise_BN/FusedBatchNormGradV3,2,18.432,9.216,18.432,9.216,0.00034798029176463444,0.9362420322245362,0.0,0.0
140,Device,FusedBatchNormGradV3,gradient_tape/mobilenetv2_1.00_32/block_1_expand_BN/FusedBatchNormGradV3,2,18.432,9.216,18.432,9.216,0.00034798029176463444,0.9365900125163008,0.0,0.0
141,Device,Conv2DBackpropFilter,gradient_tape/mobilenetv2_1.00_32/block_4_expand/Conv2D/Conv2DBackpropFilter,2,18.432,9.216,18.432,9.216,0.00034798029176463444,0.9369379928080654,0.0,0.0
142,Device,Conv2DBackpropFilter,gradient_tape/mobilenetv2_1.00_32/block_5_expand/Conv2D/Conv2DBackpropFilter,2,18.432,9.216,18.432,9.216,0.00034798029176463444,0.9372859730998301,0.0,0.0
143,Device,Conv2DBackpropFilter,gradient_tape/mobilenetv2_1.00_32/block_6_expand/Conv2D/Conv2DBackpropFilter,2,18.432,9.216,18.432,9.216,0.00034798029176463444,0.9376339533915947,0.0,0.0
144,Device,FusedBatchNormV3,mobilenetv2_1.00_32/block_16_project_BN/FusedBatchNormV3,4,18.432,4.608,18.432,4.608,0.00034798029176463444,0.9379819336833594,0.0,0.0
145,Device,FusedBatchNormV3,mobilenetv2_1.00_32/block_1_expand_BN/FusedBatchNormV3,4,18.432,4.608,18.432,4.608,0.00034798029176463444,0.938329913975124,0.0,0.0
146,Device,Conv2D,mobilenetv2_1.00_32/block_3_expand/Conv2D,2,18.432,9.216,18.432,9.216,0.00034798029176463444,0.9386778942668886,0.0,0.0
147,Device,Conv2D,mobilenetv2_1.00_32/block_4_expand/Conv2D,2,18.432,9.216,18.432,9.216,0.00034798029176463444,0.9390258745586533,0.0,0.0
148,Device,FusedBatchNormV3,mobilenetv2_1.00_32/block_9_expand_BN/FusedBatchNormV3,4,18.432,4.608,18.432,4.608,0.00034798029176463444,0.9393738548504179,0.0,0.0
149,Device,Softmax,mobilenetv2_1.00_32/predictions/Softmax,2,18.432,9.216,18.432,9.216,0.00034798029176463444,0.9397218351421825,0.0,0.0
150,Device,FusedBatchNormV3,mobilenetv2_1.00_32/block_10_expand_BN/FusedBatchNormV3,4,17.408,4.352,17.408,4.352,0.0003286480533332659,0.9400504831955158,0.0,0.0
151,Device,FusedBatchNormV3,mobilenetv2_1.00_32/block_7_expand_BN/FusedBatchNormV3,4,17.408,4.352,17.408,4.352,0.0003286480533332659,0.940379131248849,0.0,0.0
152,Device,FusedBatchNormV3,mobilenetv2_1.00_32/bn_Conv1/FusedBatchNormV3,4,17.408,4.352,17.408,4.352,0.0003286480533332659,0.9407077793021822,0.0,0.0
153,Device,Conv2D,mobilenetv2_1.00_32/expanded_conv_project/Conv2D,2,17.408,8.704,17.408,8.704,0.0003286480533332659,0.9410364273555154,0.0,0.0
154,Device,ResourceApplyGradientDescent,SGD/SGD/update_153/ResourceApplyGradientDescent,2,16.384,8.192,16.384,8.192,0.0003093158149018973,0.9413457431704173,0.0,0.0
155,Device,FusedBatchNormGradV3,gradient_tape/mobilenetv2_1.00_32/block_10_depthwise_BN/FusedBatchNormGradV3,2,16.384,8.192,16.384,8.192,0.0003093158149018973,0.9416550589853192,0.0,0.0
156,Device,FusedBatchNormGradV3,gradient_tape/mobilenetv2_1.00_32/block_16_project_BN/FusedBatchNormGradV3,2,16.384,8.192,16.384,8.192,0.0003093158149018973,0.9419643748002211,0.0,0.0
157,Device,DepthwiseConv2dNativeBackpropInput,gradient_tape/mobilenetv2_1.00_32/block_2_depthwise/depthwise/DepthwiseConv2dNativeBackpropInput,2,16.384,8.192,16.384,8.192,0.0003093158149018973,0.942273690615123,0.0,0.0
158,Device,DepthwiseConv2dNativeBackpropInput,gradient_tape/mobilenetv2_1.00_32/block_3_depthwise/depthwise/DepthwiseConv2dNativeBackpropInput,2,16.384,8.192,16.384,8.192,0.0003093158149018973,0.9425830064300249,0.0,0.0
159,Device,DepthwiseConv2dNativeBackpropFilter,gradient_tape/mobilenetv2_1.00_32/expanded_conv_depthwise/depthwise/DepthwiseConv2dNativeBackpropFilter,2,16.384,8.192,16.384,8.192,0.0003093158149018973,0.9428923222449268,0.0,0.0
160,Device,FusedBatchNormV3,mobilenetv2_1.00_32/block_4_depthwise_BN/FusedBatchNormV3,4,16.384,4.096,16.384,4.096,0.0003093158149018973,0.9432016380598287,0.0,0.0
161,Device,FusedBatchNormV3,mobilenetv2_1.00_32/block_5_expand_BN/FusedBatchNormV3,4,16.384,4.096,16.384,4.096,0.0003093158149018973,0.9435109538747306,0.0,0.0
162,Device,FusedBatchNormV3,mobilenetv2_1.00_32/block_6_depthwise_BN/FusedBatchNormV3,4,16.384,4.096,16.384,4.096,0.0003093158149018973,0.9438202696896325,0.0,0.0
163,Device,FusedBatchNormV3,mobilenetv2_1.00_32/block_6_expand_BN/FusedBatchNormV3,4,16.384,4.096,16.384,4.096,0.0003093158149018973,0.9441295855045344,0.0,0.0
164,Device,FusedBatchNormV3,mobilenetv2_1.00_32/expanded_conv_project_BN/FusedBatchNormV3,4,15.361,3.84025,15.361,3.84025,0.00029000245560962184,0.944419587960144,0.0,0.0
165,Device,FusedBatchNormGradV3,gradient_tape/mobilenetv2_1.00_32/block_10_expand_BN/FusedBatchNormGradV3,2,15.36,7.68,15.36,7.68,0.0002899835764705287,0.9447095715366145,0.0,0.0
166,Device,Relu6Grad,gradient_tape/mobilenetv2_1.00_32/block_1_expand_relu/Relu6/Relu6Grad,2,15.36,7.68,15.36,7.68,0.0002899835764705287,0.944999555113085,0.0,0.0
167,Device,FusedBatchNormGradV3,gradient_tape/mobilenetv2_1.00_32/block_7_depthwise_BN/FusedBatchNormGradV3,2,15.36,7.68,15.36,7.68,0.0002899835764705287,0.9452895386895555,0.0,0.0
168,Device,FusedBatchNormGradV3,gradient_tape/mobilenetv2_1.00_32/block_7_expand_BN/FusedBatchNormGradV3,2,15.36,7.68,15.36,7.68,0.0002899835764705287,0.9455795222660259,0.0,0.0
169,Device,FusedBatchNormGradV3,gradient_tape/mobilenetv2_1.00_32/block_8_depthwise_BN/FusedBatchNormGradV3,2,15.36,7.68,15.36,7.68,0.0002899835764705287,0.9458695058424964,0.0,0.0
170,Device,FusedBatchNormGradV3,gradient_tape/mobilenetv2_1.00_32/block_9_depthwise_BN/FusedBatchNormGradV3,2,15.36,7.68,15.36,7.68,0.0002899835764705287,0.9461594894189669,0.0,0.0
171,Device,DepthwiseConv2dNativeBackpropInput,gradient_tape/mobilenetv2_1.00_32/expanded_conv_depthwise/depthwise/DepthwiseConv2dNativeBackpropInput,2,15.36,7.68,15.36,7.68,0.0002899835764705287,0.9464494729954374,0.0,0.0
172,Device,FusedBatchNormV3,mobilenetv2_1.00_32/expanded_conv_depthwise_BN/FusedBatchNormV3,4,15.36,3.84,15.36,3.84,0.0002899835764705287,0.9467394565719078,0.0,0.0
173,Device,FusedBatchNormV3,mobilenetv2_1.00_32/block_10_project_BN/FusedBatchNormV3,4,14.337,3.58425,14.337,3.58425,0.0002706702171782533,0.9470101267890861,0.0,0.0
174,Device,FusedBatchNormV3,mobilenetv2_1.00_32/block_2_project_BN/FusedBatchNormV3,4,14.337,3.58425,14.337,3.58425,0.0002706702171782533,0.9472807970062644,0.0,0.0
175,Device,FusedBatchNormV3,mobilenetv2_1.00_32/block_3_depthwise_BN/FusedBatchNormV3,4,14.337,3.58425,14.337,3.58425,0.0002706702171782533,0.9475514672234427,0.0,0.0
176,Device,DepthwiseConv2dNativeBackpropFilter,gradient_tape/mobilenetv2_1.00_32/block_2_depthwise/depthwise/DepthwiseConv2dNativeBackpropFilter,2,14.336,7.168,14.336,7.168,0.00027065133803916015,0.9478221185614819,0.0,0.0
177,Device,DepthwiseConv2dNativeBackpropFilter,gradient_tape/mobilenetv2_1.00_32/block_6_depthwise/depthwise/DepthwiseConv2dNativeBackpropFilter,2,14.336,7.168,14.336,7.168,0.00027065133803916015,0.9480927698995211,0.0,0.0
178,Device,FusedBatchNormGradV3,gradient_tape/mobilenetv2_1.00_32/block_8_expand_BN/FusedBatchNormGradV3,2,14.336,7.168,14.336,7.168,0.00027065133803916015,0.9483634212375602,0.0,0.0
179,Device,FusedBatchNormGradV3,gradient_tape/mobilenetv2_1.00_32/block_9_expand_BN/FusedBatchNormGradV3,2,14.336,7.168,14.336,7.168,0.00027065133803916015,0.9486340725755994,0.0,0.0
180,Device,FusedBatchNormGradV3,gradient_tape/mobilenetv2_1.00_32/bn_Conv1/FusedBatchNormGradV3,2,14.336,7.168,14.336,7.168,0.00027065133803916015,0.9489047239136386,0.0,0.0
181,Device,FusedBatchNormGradV3,gradient_tape/mobilenetv2_1.00_32/expanded_conv_project_BN/FusedBatchNormGradV3,2,14.336,7.168,14.336,7.168,0.00027065133803916015,0.9491753752516777,0.0,0.0
182,Device,FusedBatchNormV3,mobilenetv2_1.00_32/block_11_project_BN/FusedBatchNormV3,4,14.336,3.584,14.336,3.584,0.00027065133803916015,0.9494460265897169,0.0,0.0
183,Device,Pad,mobilenetv2_1.00_32/block_13_pad/Pad,2,14.336,7.168,14.336,7.168,0.00027065133803916015,0.949716677927756,0.0,0.0
184,Device,FusedBatchNormV3,mobilenetv2_1.00_32/block_13_project_BN/FusedBatchNormV3,4,14.336,3.584,14.336,3.584,0.00027065133803916015,0.9499873292657952,0.0,0.0
185,Device,FusedBatchNormV3,mobilenetv2_1.00_32/block_15_project_BN/FusedBatchNormV3,4,14.336,3.584,14.336,3.584,0.00027065133803916015,0.9502579806038344,0.0,0.0
186,Device,DepthwiseConv2dNative,mobilenetv2_1.00_32/block_1_depthwise/depthwise,2,14.336,7.168,14.336,7.168,0.00027065133803916015,0.9505286319418735,0.0,0.0
187,Device,FusedBatchNormV3,mobilenetv2_1.00_32/block_2_expand_BN/FusedBatchNormV3,4,14.336,3.584,14.336,3.584,0.00027065133803916015,0.9507992832799127,0.0,0.0
188,Device,FusedBatchNormV3,mobilenetv2_1.00_32/block_3_expand_BN/FusedBatchNormV3,4,14.336,3.584,14.336,3.584,0.00027065133803916015,0.9510699346179519,0.0,0.0
189,Device,Pad,mobilenetv2_1.00_32/block_3_pad/Pad,2,14.336,7.168,14.336,7.168,0.00027065133803916015,0.951340585955991,0.0,0.0
190,Device,FusedBatchNormV3,mobilenetv2_1.00_32/block_4_expand_BN/FusedBatchNormV3,4,14.336,3.584,14.336,3.584,0.00027065133803916015,0.9516112372940302,0.0,0.0
191,Device,FusedBatchNormV3,mobilenetv2_1.00_32/block_4_project_BN/FusedBatchNormV3,4,14.336,3.584,14.336,3.584,0.00027065133803916015,0.9518818886320694,0.0,0.0
192,Device,FusedBatchNormV3,mobilenetv2_1.00_32/block_7_project_BN/FusedBatchNormV3,4,14.336,3.584,14.336,3.584,0.00027065133803916015,0.9521525399701085,0.0,0.0
193,Device,FusedBatchNormV3,mobilenetv2_1.00_32/block_8_project_BN/FusedBatchNormV3,4,14.336,3.584,14.336,3.584,0.00027065133803916015,0.9524231913081477,0.0,0.0
194,Device,FusedBatchNormGradV3,gradient_tape/mobilenetv2_1.00_32/expanded_conv_depthwise_BN/FusedBatchNormGradV3,2,13.312,6.656,13.312,6.656,0.00025131909960779154,0.9526745104077554,0.0,0.0
195,Device,FusedBatchNormV3,mobilenetv2_1.00_32/block_12_project_BN/FusedBatchNormV3,4,13.312,3.328,13.312,3.328,0.00025131909960779154,0.9529258295073632,0.0,0.0
196,Device,FusedBatchNormV3,mobilenetv2_1.00_32/block_14_project_BN/FusedBatchNormV3,4,13.312,3.328,13.312,3.328,0.00025131909960779154,0.9531771486069709,0.0,0.0
197,Device,FusedBatchNormV3,mobilenetv2_1.00_32/block_1_depthwise_BN/FusedBatchNormV3,4,13.312,3.328,13.312,3.328,0.00025131909960779154,0.9534284677065786,0.0,0.0
198,Device,FusedBatchNormV3,mobilenetv2_1.00_32/block_1_project_BN/FusedBatchNormV3,4,13.312,3.328,13.312,3.328,0.00025131909960779154,0.9536797868061864,0.0,0.0
199,Device,FusedBatchNormV3,mobilenetv2_1.00_32/block_2_depthwise_BN/FusedBatchNormV3,4,13.312,3.328,13.312,3.328,0.00025131909960779154,0.9539311059057941,0.0,0.0
200,Device,FusedBatchNormV3,mobilenetv2_1.00_32/block_3_project_BN/FusedBatchNormV3,4,13.312,3.328,13.312,3.328,0.00025131909960779154,0.9541824250054018,0.0,0.0
201,Device,FusedBatchNormV3,mobilenetv2_1.00_32/block_5_depthwise_BN/FusedBatchNormV3,4,13.312,3.328,13.312,3.328,0.00025131909960779154,0.9544337441050096,0.0,0.0
202,Device,FusedBatchNormV3,mobilenetv2_1.00_32/block_5_project_BN/FusedBatchNormV3,4,13.312,3.328,13.312,3.328,0.00025131909960779154,0.9546850632046173,0.0,0.0
203,Device,FusedBatchNormV3,mobilenetv2_1.00_32/block_6_project_BN/FusedBatchNormV3,4,13.312,3.328,13.312,3.328,0.00025131909960779154,0.9549363823042251,0.0,0.0
204,Device,DepthwiseConv2dNativeBackpropInput,gradient_tape/mobilenetv2_1.00_32/block_12_depthwise/depthwise/DepthwiseConv2dNativeBackpropInput,2,12.288,6.144,12.288,6.144,0.00023198686117642298,0.9551683691654015,0.0,0.0
205,Device,FusedBatchNormGradV3,gradient_tape/mobilenetv2_1.00_32/block_1_depthwise_BN/FusedBatchNormGradV3,2,12.288,6.144,12.288,6.144,0.00023198686117642298,0.9554003560265779,0.0,0.0
206,Device,FusedBatchNormGradV3,gradient_tape/mobilenetv2_1.00_32/block_2_depthwise_BN/FusedBatchNormGradV3,2,12.288,6.144,12.288,6.144,0.00023198686117642298,0.9556323428877543,0.0,0.0
207,Device,FusedBatchNormGradV3,gradient_tape/mobilenetv2_1.00_32/block_2_expand_BN/FusedBatchNormGradV3,2,12.288,6.144,12.288,6.144,0.00023198686117642298,0.9558643297489308,0.0,0.0
208,Device,MatMul,gradient_tape/mobilenetv2_1.00_32/predictions/MatMul/MatMul,2,12.288,6.144,12.288,6.144,0.00023198686117642298,0.9560963166101072,0.0,0.0
209,Device,Pad,mobilenetv2_1.00_32/block_6_pad/Pad,2,12.288,6.144,12.288,6.144,0.00023198686117642298,0.9563283034712836,0.0,0.0
210,Device,FusedBatchNormV3,mobilenetv2_1.00_32/block_9_project_BN/FusedBatchNormV3,4,12.288,3.072,12.288,3.072,0.00023198686117642298,0.95656029033246,0.0,0.0
211,Device,DepthwiseConv2dNativeBackpropInput,gradient_tape/mobilenetv2_1.00_32/block_10_depthwise/depthwise/DepthwiseConv2dNativeBackpropInput,2,11.264,5.632,11.264,5.632,0.00021265462274505436,0.956772944955205,0.0,0.0
212,Device,FusedBatchNormGradV3,gradient_tape/mobilenetv2_1.00_32/block_3_expand_BN/FusedBatchNormGradV3,2,11.264,5.632,11.264,5.632,0.00021265462274505436,0.95698559957795,0.0,0.0
213,Device,FusedBatchNormGradV3,gradient_tape/mobilenetv2_1.00_32/block_5_expand_BN/FusedBatchNormGradV3,2,11.264,5.632,11.264,5.632,0.00021265462274505436,0.957198254200695,0.0,0.0
214,Device,FusedBatchNormGradV3,gradient_tape/mobilenetv2_1.00_32/block_6_expand_BN/FusedBatchNormGradV3,2,11.264,5.632,11.264,5.632,0.00021265462274505436,0.95741090882344,0.0,0.0
215,Device,DepthwiseConv2dNativeBackpropInput,gradient_tape/mobilenetv2_1.00_32/block_7_depthwise/depthwise/DepthwiseConv2dNativeBackpropInput,2,11.264,5.632,11.264,5.632,0.00021265462274505436,0.957623563446185,0.0,0.0
216,Device,DepthwiseConv2dNativeBackpropInput,gradient_tape/mobilenetv2_1.00_32/block_8_depthwise/depthwise/DepthwiseConv2dNativeBackpropInput,2,11.264,5.632,11.264,5.632,0.00021265462274505436,0.95783621806893,0.0,0.0
217,Device,DepthwiseConv2dNativeBackpropInput,gradient_tape/mobilenetv2_1.00_32/block_9_depthwise/depthwise/DepthwiseConv2dNativeBackpropInput,2,11.264,5.632,11.264,5.632,0.00021265462274505436,0.958048872691675,0.0,0.0
218,Device,DepthwiseConv2dNative,mobilenetv2_1.00_32/block_3_depthwise/depthwise,2,11.264,5.632,11.264,5.632,0.00021265462274505436,0.95826152731442,0.0,0.0
219,Device,Transpose,gradient_tape/mobilenetv2_1.00_32/Conv1/Conv2D/Conv2DBackpropFilter-0-TransposeNHWCToNCHW-LayoutOptimizer,2,10.241,5.1205,10.241,5.1205,0.00019334126345277894,0.9584548685778729,0.0,0.0
220,Device,FusedBatchNormGradV3,gradient_tape/mobilenetv2_1.00_32/block_6_project_BN/FusedBatchNormGradV3,2,10.241,5.1205,10.241,5.1205,0.00019334126345277894,0.9586482098413257,0.0,0.0
221,Device,DepthwiseConv2dNativeBackpropFilter,gradient_tape/mobilenetv2_1.00_32/block_10_depthwise/depthwise/DepthwiseConv2dNativeBackpropFilter,2,10.24,5.12,10.24,5.12,0.0001933223843136858,0.9588415322256394,0.0,0.0
222,Device,FusedBatchNormGradV3,gradient_tape/mobilenetv2_1.00_32/block_10_project_BN/FusedBatchNormGradV3,2,10.24,5.12,10.24,5.12,0.0001933223843136858,0.9590348546099531,0.0,0.0
223,Device,DepthwiseConv2dNativeBackpropInput,gradient_tape/mobilenetv2_1.00_32/block_11_depthwise/depthwise/DepthwiseConv2dNativeBackpropInput,2,10.24,5.12,10.24,5.12,0.0001933223843136858,0.9592281769942668,0.0,0.0
224,Device,FusedBatchNormGradV3,gradient_tape/mobilenetv2_1.00_32/block_12_project_BN/FusedBatchNormGradV3,2,10.24,5.12,10.24,5.12,0.0001933223843136858,0.9594214993785805,0.0,0.0
225,Device,DepthwiseConv2dNativeBackpropFilter,gradient_tape/mobilenetv2_1.00_32/block_13_depthwise/depthwise/DepthwiseConv2dNativeBackpropFilter,2,10.24,5.12,10.24,5.12,0.0001933223843136858,0.9596148217628941,0.0,0.0
226,Device,FusedBatchNormGradV3,gradient_tape/mobilenetv2_1.00_32/block_13_project_BN/FusedBatchNormGradV3,2,10.24,5.12,10.24,5.12,0.0001933223843136858,0.9598081441472078,0.0,0.0
227,Device,FusedBatchNormGradV3,gradient_tape/mobilenetv2_1.00_32/block_14_project_BN/FusedBatchNormGradV3,2,10.24,5.12,10.24,5.12,0.0001933223843136858,0.9600014665315215,0.0,0.0
228,Device,FusedBatchNormGradV3,gradient_tape/mobilenetv2_1.00_32/block_15_project_BN/FusedBatchNormGradV3,2,10.24,5.12,10.24,5.12,0.0001933223843136858,0.9601947889158352,0.0,0.0
229,Device,Slice,gradient_tape/mobilenetv2_1.00_32/block_1_pad/Slice_1,2,10.24,5.12,10.24,5.12,0.0001933223843136858,0.9603881113001489,0.0,0.0
230,Device,FusedBatchNormGradV3,gradient_tape/mobilenetv2_1.00_32/block_1_project_BN/FusedBatchNormGradV3,2,10.24,5.12,10.24,5.12,0.0001933223843136858,0.9605814336844626,0.0,0.0
231,Device,FusedBatchNormGradV3,gradient_tape/mobilenetv2_1.00_32/block_2_project_BN/FusedBatchNormGradV3,2,10.24,5.12,10.24,5.12,0.0001933223843136858,0.9607747560687763,0.0,0.0
232,Device,FusedBatchNormGradV3,gradient_tape/mobilenetv2_1.00_32/block_3_depthwise_BN/FusedBatchNormGradV3,2,10.24,5.12,10.24,5.12,0.0001933223843136858,0.96096807845309,0.0,0.0
233,Device,Relu6Grad,gradient_tape/mobilenetv2_1.00_32/block_3_expand_relu/Relu6/Relu6Grad,2,10.24,5.12,10.24,5.12,0.0001933223843136858,0.9611614008374036,0.0,0.0
234,Device,DepthwiseConv2dNativeBackpropInput,gradient_tape/mobilenetv2_1.00_32/block_4_depthwise/depthwise/DepthwiseConv2dNativeBackpropInput,2,10.24,5.12,10.24,5.12,0.0001933223843136858,0.9613547232217173,0.0,0.0
235,Device,FusedBatchNormGradV3,gradient_tape/mobilenetv2_1.00_32/block_4_depthwise_BN/FusedBatchNormGradV3,2,10.24,5.12,10.24,5.12,0.0001933223843136858,0.961548045606031,0.0,0.0
236,Device,FusedBatchNormGradV3,gradient_tape/mobilenetv2_1.00_32/block_4_expand_BN/FusedBatchNormGradV3,2,10.24,5.12,10.24,5.12,0.0001933223843136858,0.9617413679903447,0.0,0.0
237,Device,DepthwiseConv2dNativeBackpropInput,gradient_tape/mobilenetv2_1.00_32/block_5_depthwise/depthwise/DepthwiseConv2dNativeBackpropInput,2,10.24,5.12,10.24,5.12,0.0001933223843136858,0.9619346903746584,0.0,0.0
238,Device,FusedBatchNormGradV3,gradient_tape/mobilenetv2_1.00_32/block_5_depthwise_BN/FusedBatchNormGradV3,2,10.24,5.12,10.24,5.12,0.0001933223843136858,0.9621280127589721,0.0,0.0
239,Device,DepthwiseConv2dNativeBackpropInput,gradient_tape/mobilenetv2_1.00_32/block_6_depthwise/depthwise/DepthwiseConv2dNativeBackpropInput,2,10.24,5.12,10.24,5.12,0.0001933223843136858,0.9623213351432858,0.0,0.0
240,Device,FusedBatchNormGradV3,gradient_tape/mobilenetv2_1.00_32/block_6_depthwise_BN/FusedBatchNormGradV3,2,10.24,5.12,10.24,5.12,0.0001933223843136858,0.9625146575275995,0.0,0.0
241,Device,DepthwiseConv2dNativeBackpropFilter,gradient_tape/mobilenetv2_1.00_32/block_9_depthwise/depthwise/DepthwiseConv2dNativeBackpropFilter,2,10.24,5.12,10.24,5.12,0.0001933223843136858,0.9627079799119131,0.0,0.0
242,Device,MatMul,gradient_tape/mobilenetv2_1.00_32/predictions/MatMul/MatMul_1,2,10.24,5.12,10.24,5.12,0.0001933223843136858,0.9629013022962268,0.0,0.0
243,Device,DepthwiseConv2dNative,mobilenetv2_1.00_32/block_12_depthwise/depthwise,2,10.24,5.12,10.24,5.12,0.0001933223843136858,0.9630946246805405,0.0,0.0
244,Device,DepthwiseConv2dNative,mobilenetv2_1.00_32/block_8_depthwise/depthwise,2,10.24,5.12,10.24,5.12,0.0001933223843136858,0.9632879470648542,0.0,0.0
245,Device,DepthwiseConv2dNative,mobilenetv2_1.00_32/expanded_conv_depthwise/depthwise,2,10.24,5.12,10.24,5.12,0.0001933223843136858,0.9634812694491679,0.0,0.0
246,Device,FusedBatchNormGradV3,gradient_tape/mobilenetv2_1.00_32/block_5_project_BN/FusedBatchNormGradV3,2,9.217,4.6085,9.217,4.6085,0.00017400902502141038,0.9636552784741893,0.0,0.0
247,Device,FusedBatchNormGradV3,gradient_tape/mobilenetv2_1.00_32/block_7_project_BN/FusedBatchNormGradV3,2,9.217,4.6085,9.217,4.6085,0.00017400902502141038,0.9638292874992107,0.0,0.0
248,Device,DepthwiseConv2dNativeBackpropFilter,gradient_tape/mobilenetv2_1.00_32/block_11_depthwise/depthwise/DepthwiseConv2dNativeBackpropFilter,2,9.216,4.608,9.216,4.608,0.00017399014588231722,0.964003277645093,0.0,0.0
249,Device,FusedBatchNormGradV3,gradient_tape/mobilenetv2_1.00_32/block_11_project_BN/FusedBatchNormGradV3,2,9.216,4.608,9.216,4.608,0.00017399014588231722,0.9641772677909752,0.0,0.0
250,Device,DepthwiseConv2dNativeBackpropFilter,gradient_tape/mobilenetv2_1.00_32/block_12_depthwise/depthwise/DepthwiseConv2dNativeBackpropFilter,2,9.216,4.608,9.216,4.608,0.00017399014588231722,0.9643512579368575,0.0,0.0
251,Device,DepthwiseConv2dNativeBackpropInput,gradient_tape/mobilenetv2_1.00_32/block_13_depthwise/depthwise/DepthwiseConv2dNativeBackpropInput,2,9.216,4.608,9.216,4.608,0.00017399014588231722,0.9645252480827398,0.0,0.0
252,Device,DepthwiseConv2dNativeBackpropInput,gradient_tape/mobilenetv2_1.00_32/block_16_depthwise/depthwise/DepthwiseConv2dNativeBackpropInput,2,9.216,4.608,9.216,4.608,0.00017399014588231722,0.964699238228622,0.0,0.0
253,Device,FusedBatchNormGradV3,gradient_tape/mobilenetv2_1.00_32/block_3_project_BN/FusedBatchNormGradV3,2,9.216,4.608,9.216,4.608,0.00017399014588231722,0.9648732283745043,0.0,0.0
254,Device,FusedBatchNormGradV3,gradient_tape/mobilenetv2_1.00_32/block_4_project_BN/FusedBatchNormGradV3,2,9.216,4.608,9.216,4.608,0.00017399014588231722,0.9650472185203866,0.0,0.0
255,Device,DepthwiseConv2dNativeBackpropFilter,gradient_tape/mobilenetv2_1.00_32/block_7_depthwise/depthwise/DepthwiseConv2dNativeBackpropFilter,2,9.216,4.608,9.216,4.608,0.00017399014588231722,0.9652212086662688,0.0,0.0
256,Device,DepthwiseConv2dNativeBackpropFilter,gradient_tape/mobilenetv2_1.00_32/block_8_depthwise/depthwise/DepthwiseConv2dNativeBackpropFilter,2,9.216,4.608,9.216,4.608,0.00017399014588231722,0.9653951988121511,0.0,0.0
257,Device,FusedBatchNormGradV3,gradient_tape/mobilenetv2_1.00_32/block_8_project_BN/FusedBatchNormGradV3,2,9.216,4.608,9.216,4.608,0.00017399014588231722,0.9655691889580333,0.0,0.0
258,Device,DepthwiseConv2dNative,mobilenetv2_1.00_32/block_10_depthwise/depthwise,2,9.216,4.608,9.216,4.608,0.00017399014588231722,0.9657431791039156,0.0,0.0
259,Device,DepthwiseConv2dNative,mobilenetv2_1.00_32/block_11_depthwise/depthwise,2,9.216,4.608,9.216,4.608,0.00017399014588231722,0.9659171692497979,0.0,0.0
260,Device,DepthwiseConv2dNative,mobilenetv2_1.00_32/block_13_depthwise/depthwise,2,9.216,4.608,9.216,4.608,0.00017399014588231722,0.9660911593956801,0.0,0.0
261,Device,Relu6,mobilenetv2_1.00_32/block_1_expand_relu/Relu6,2,9.216,4.608,9.216,4.608,0.00017399014588231722,0.9662651495415624,0.0,0.0
262,Device,DepthwiseConv2dNative,mobilenetv2_1.00_32/block_4_depthwise/depthwise,2,9.216,4.608,9.216,4.608,0.00017399014588231722,0.9664391396874447,0.0,0.0
263,Device,DepthwiseConv2dNative,mobilenetv2_1.00_32/block_5_depthwise/depthwise,2,9.216,4.608,9.216,4.608,0.00017399014588231722,0.9666131298333269,0.0,0.0
264,Device,DepthwiseConv2dNative,mobilenetv2_1.00_32/block_7_depthwise/depthwise,2,9.216,4.608,9.216,4.608,0.00017399014588231722,0.9667871199792092,0.0,0.0
265,Device,DepthwiseConv2dNative,mobilenetv2_1.00_32/block_9_depthwise/depthwise,2,9.216,4.608,9.216,4.608,0.00017399014588231722,0.9669611101250914,0.0,0.0
266,Device,ArgMax,ArgMax,2,8.192,4.096,8.192,4.096,0.00015465790745094866,0.9671157680325424,0.0,0.0
267,Device,ArgMax,ArgMax_1,2,8.192,4.096,8.192,4.096,0.00015465790745094866,0.9672704259399934,0.0,0.0
268,Device,ResourceApplyGradientDescent,SGD/SGD/update_105/ResourceApplyGradientDescent,2,8.192,4.096,8.192,4.096,0.00015465790745094866,0.9674250838474443,0.0,0.0
269,Device,ResourceApplyGradientDescent,SGD/SGD/update_108/ResourceApplyGradientDescent,2,8.192,4.096,8.192,4.096,0.00015465790745094866,0.9675797417548953,0.0,0.0
270,Device,ResourceApplyGradientDescent,SGD/SGD/update_111/ResourceApplyGradientDescent,2,8.192,4.096,8.192,4.096,0.00015465790745094866,0.9677343996623462,0.0,0.0
271,Device,ResourceApplyGradientDescent,SGD/SGD/update_114/ResourceApplyGradientDescent,2,8.192,4.096,8.192,4.096,0.00015465790745094866,0.9678890575697972,0.0,0.0
272,Device,ResourceApplyGradientDescent,SGD/SGD/update_117/ResourceApplyGradientDescent,2,8.192,4.096,8.192,4.096,0.00015465790745094866,0.9680437154772481,0.0,0.0
273,Device,ResourceApplyGradientDescent,SGD/SGD/update_120/ResourceApplyGradientDescent,2,8.192,4.096,8.192,4.096,0.00015465790745094866,0.968198373384699,0.0,0.0
274,Device,ResourceApplyGradientDescent,SGD/SGD/update_132/ResourceApplyGradientDescent,2,8.192,4.096,8.192,4.096,0.00015465790745094866,0.96835303129215,0.0,0.0
275,Device,ResourceApplyGradientDescent,SGD/SGD/update_135/ResourceApplyGradientDescent,2,8.192,4.096,8.192,4.096,0.00015465790745094866,0.968507689199601,0.0,0.0
276,Device,ResourceApplyGradientDescent,SGD/SGD/update_141/ResourceApplyGradientDescent,2,8.192,4.096,8.192,4.096,0.00015465790745094866,0.9686623471070519,0.0,0.0
277,Device,ResourceApplyGradientDescent,SGD/SGD/update_150/ResourceApplyGradientDescent,2,8.192,4.096,8.192,4.096,0.00015465790745094866,0.9688170050145029,0.0,0.0
278,Device,ResourceApplyGradientDescent,SGD/SGD/update_33/ResourceApplyGradientDescent,2,8.192,4.096,8.192,4.096,0.00015465790745094866,0.9689716629219538,0.0,0.0
279,Device,ResourceApplyGradientDescent,SGD/SGD/update_78/ResourceApplyGradientDescent,2,8.192,4.096,8.192,4.096,0.00015465790745094866,0.9691263208294048,0.0,0.0
280,Device,ResourceApplyGradientDescent,SGD/SGD/update_90/ResourceApplyGradientDescent,2,8.192,4.096,8.192,4.096,0.00015465790745094866,0.9692809787368557,0.0,0.0
281,Device,Relu6Grad,gradient_tape/mobilenetv2_1.00_32/Conv1_relu/Relu6/Relu6Grad,2,8.192,4.096,8.192,4.096,0.00015465790745094866,0.9694356366443067,0.0,0.0
282,Device,DepthwiseConv2dNativeBackpropFilter,gradient_tape/mobilenetv2_1.00_32/block_14_depthwise/depthwise/DepthwiseConv2dNativeBackpropFilter,2,8.192,4.096,8.192,4.096,0.00015465790745094866,0.9695902945517576,0.0,0.0
283,Device,DepthwiseConv2dNativeBackpropInput,gradient_tape/mobilenetv2_1.00_32/block_14_depthwise/depthwise/DepthwiseConv2dNativeBackpropInput,2,8.192,4.096,8.192,4.096,0.00015465790745094866,0.9697449524592086,0.0,0.0
284,Device,DepthwiseConv2dNativeBackpropFilter,gradient_tape/mobilenetv2_1.00_32/block_15_depthwise/depthwise/DepthwiseConv2dNativeBackpropFilter,2,8.192,4.096,8.192,4.096,0.00015465790745094866,0.9698996103666595,0.0,0.0
285,Device,DepthwiseConv2dNativeBackpropFilter,gradient_tape/mobilenetv2_1.00_32/block_16_depthwise/depthwise/DepthwiseConv2dNativeBackpropFilter,2,8.192,4.096,8.192,4.096,0.00015465790745094866,0.9700542682741105,0.0,0.0
286,Device,Relu6Grad,gradient_tape/mobilenetv2_1.00_32/block_1_depthwise_relu/Relu6/Relu6Grad,2,8.192,4.096,8.192,4.096,0.00015465790745094866,0.9702089261815614,0.0,0.0
287,Device,Slice,gradient_tape/mobilenetv2_1.00_32/block_3_pad/Slice_1,2,8.192,4.096,8.192,4.096,0.00015465790745094866,0.9703635840890124,0.0,0.0
288,Device,FusedBatchNormGradV3,gradient_tape/mobilenetv2_1.00_32/block_9_project_BN/FusedBatchNormGradV3,2,8.192,4.096,8.192,4.096,0.00015465790745094866,0.9705182419964633,0.0,0.0
289,Device,Relu6Grad,gradient_tape/mobilenetv2_1.00_32/expanded_conv_depthwise_relu/Relu6/Relu6Grad,2,8.192,4.096,8.192,4.096,0.00015465790745094866,0.9706728999039143,0.0,0.0
290,Device,DepthwiseConv2dNative,mobilenetv2_1.00_32/block_14_depthwise/depthwise,2,8.192,4.096,8.192,4.096,0.00015465790745094866,0.9708275578113652,0.0,0.0
291,Device,DepthwiseConv2dNative,mobilenetv2_1.00_32/block_2_depthwise/depthwise,2,8.192,4.096,8.192,4.096,0.00015465790745094866,0.9709822157188162,0.0,0.0
292,Device,DepthwiseConv2dNative,mobilenetv2_1.00_32/block_6_depthwise/depthwise,2,8.192,4.096,8.192,4.096,0.00015465790745094866,0.9711368736262671,0.0,0.0
293,Device,ResourceApplyGradientDescent,SGD/SGD/update_10/ResourceApplyGradientDescent,2,7.168,3.584,7.168,3.584,0.00013532566901958007,0.9712721992952866,0.0,0.0
294,Device,ResourceApplyGradientDescent,SGD/SGD/update_102/ResourceApplyGradientDescent,2,7.168,3.584,7.168,3.584,0.00013532566901958007,0.9714075249643062,0.0,0.0
295,Device,ResourceApplyGradientDescent,SGD/SGD/update_123/ResourceApplyGradientDescent,2,7.168,3.584,7.168,3.584,0.00013532566901958007,0.9715428506333257,0.0,0.0
296,Device,ResourceApplyGradientDescent,SGD/SGD/update_126/ResourceApplyGradientDescent,2,7.168,3.584,7.168,3.584,0.00013532566901958007,0.9716781763023452,0.0,0.0
297,Device,ResourceApplyGradientDescent,SGD/SGD/update_144/ResourceApplyGradientDescent,2,7.168,3.584,7.168,3.584,0.00013532566901958007,0.9718135019713647,0.0,0.0
298,Device,ResourceApplyGradientDescent,SGD/SGD/update_147/ResourceApplyGradientDescent,2,7.168,3.584,7.168,3.584,0.00013532566901958007,0.9719488276403843,0.0,0.0
299,Device,ResourceApplyGradientDescent,SGD/SGD/update_15/ResourceApplyGradientDescent,2,7.168,3.584,7.168,3.584,0.00013532566901958007,0.9720841533094038,0.0,0.0
300,Device,ResourceApplyGradientDescent,SGD/SGD/update_156/ResourceApplyGradientDescent,2,7.168,3.584,7.168,3.584,0.00013532566901958007,0.9722194789784233,0.0,0.0
301,Device,ResourceApplyGradientDescent,SGD/SGD/update_157/ResourceApplyGradientDescent,2,7.168,3.584,7.168,3.584,0.00013532566901958007,0.9723548046474428,0.0,0.0
302,Device,ResourceApplyGradientDescent,SGD/SGD/update_24/ResourceApplyGradientDescent,2,7.168,3.584,7.168,3.584,0.00013532566901958007,0.9724901303164624,0.0,0.0
303,Device,ResourceApplyGradientDescent,SGD/SGD/update_36/ResourceApplyGradientDescent,2,7.168,3.584,7.168,3.584,0.00013532566901958007,0.9726254559854819,0.0,0.0
304,Device,ResourceApplyGradientDescent,SGD/SGD/update_42/ResourceApplyGradientDescent,2,7.168,3.584,7.168,3.584,0.00013532566901958007,0.9727607816545014,0.0,0.0
305,Device,ResourceApplyGradientDescent,SGD/SGD/update_45/ResourceApplyGradientDescent,2,7.168,3.584,7.168,3.584,0.00013532566901958007,0.9728961073235209,0.0,0.0
306,Device,ResourceApplyGradientDescent,SGD/SGD/update_54/ResourceApplyGradientDescent,2,7.168,3.584,7.168,3.584,0.00013532566901958007,0.9730314329925405,0.0,0.0
307,Device,ResourceApplyGradientDescent,SGD/SGD/update_60/ResourceApplyGradientDescent,2,7.168,3.584,7.168,3.584,0.00013532566901958007,0.97316675866156,0.0,0.0
308,Device,ResourceApplyGradientDescent,SGD/SGD/update_69/ResourceApplyGradientDescent,2,7.168,3.584,7.168,3.584,0.00013532566901958007,0.9733020843305795,0.0,0.0
309,Device,ResourceApplyGradientDescent,SGD/SGD/update_72/ResourceApplyGradientDescent,2,7.168,3.584,7.168,3.584,0.00013532566901958007,0.973437409999599,0.0,0.0
310,Device,ResourceApplyGradientDescent,SGD/SGD/update_81/ResourceApplyGradientDescent,2,7.168,3.584,7.168,3.584,0.00013532566901958007,0.9735727356686186,0.0,0.0
311,Device,ResourceApplyGradientDescent,SGD/SGD/update_84/ResourceApplyGradientDescent,2,7.168,3.584,7.168,3.584,0.00013532566901958007,0.9737080613376381,0.0,0.0
312,Device,ResourceApplyGradientDescent,SGD/SGD/update_87/ResourceApplyGradientDescent,2,7.168,3.584,7.168,3.584,0.00013532566901958007,0.9738433870066576,0.0,0.0
313,Device,ResourceApplyGradientDescent,SGD/SGD/update_96/ResourceApplyGradientDescent,2,7.168,3.584,7.168,3.584,0.00013532566901958007,0.9739787126756771,0.0,0.0
314,Device,AddN,SGD/gradients/AddN_9,2,7.168,3.584,7.168,3.584,0.00013532566901958007,0.9741140383446967,0.0,0.0
315,Device,Relu6Grad,gradient_tape/mobilenetv2_1.00_32/block_13_expand_relu/Relu6/Relu6Grad,2,7.168,3.584,7.168,3.584,0.00013532566901958007,0.9742493640137162,0.0,0.0
316,Device,Relu6Grad,gradient_tape/mobilenetv2_1.00_32/block_2_depthwise_relu/Relu6/Relu6Grad,2,7.168,3.584,7.168,3.584,0.00013532566901958007,0.9743846896827357,0.0,0.0
317,Device,Relu6Grad,gradient_tape/mobilenetv2_1.00_32/block_6_expand_relu/Relu6/Relu6Grad,2,7.168,3.584,7.168,3.584,0.00013532566901958007,0.9745200153517553,0.0,0.0
318,Device,Relu6,mobilenetv2_1.00_32/Conv1_relu/Relu6,2,7.168,3.584,7.168,3.584,0.00013532566901958007,0.9746553410207748,0.0,0.0
319,Device,Relu6,mobilenetv2_1.00_32/block_10_depthwise_relu/Relu6,2,7.168,3.584,7.168,3.584,0.00013532566901958007,0.9747906666897943,0.0,0.0
320,Device,Relu6,mobilenetv2_1.00_32/block_11_depthwise_relu/Relu6,2,7.168,3.584,7.168,3.584,0.00013532566901958007,0.9749259923588138,0.0,0.0
321,Device,Relu6,mobilenetv2_1.00_32/block_12_expand_relu/Relu6,2,7.168,3.584,7.168,3.584,0.00013532566901958007,0.9750613180278334,0.0,0.0
322,Device,Relu6,mobilenetv2_1.00_32/block_15_expand_relu/Relu6,2,7.168,3.584,7.168,3.584,0.00013532566901958007,0.9751966436968529,0.0,0.0
323,Device,DepthwiseConv2dNative,mobilenetv2_1.00_32/block_16_depthwise/depthwise,2,7.168,3.584,7.168,3.584,0.00013532566901958007,0.9753319693658724,0.0,0.0
324,Device,Relu6,mobilenetv2_1.00_32/block_16_expand_relu/Relu6,2,7.168,3.584,7.168,3.584,0.00013532566901958007,0.9754672950348919,0.0,0.0
325,Device,Relu6,mobilenetv2_1.00_32/block_1_depthwise_relu/Relu6,2,7.168,3.584,7.168,3.584,0.00013532566901958007,0.9756026207039115,0.0,0.0
326,Device,Relu6,mobilenetv2_1.00_32/block_2_expand_relu/Relu6,2,7.168,3.584,7.168,3.584,0.00013532566901958007,0.975737946372931,0.0,0.0
327,Device,Relu6,mobilenetv2_1.00_32/block_3_depthwise_relu/Relu6,2,7.168,3.584,7.168,3.584,0.00013532566901958007,0.9758732720419505,0.0,0.0
328,Device,Relu6,mobilenetv2_1.00_32/block_3_expand_relu/Relu6,2,7.168,3.584,7.168,3.584,0.00013532566901958007,0.97600859771097,0.0,0.0
329,Device,Relu6,mobilenetv2_1.00_32/block_6_depthwise_relu/Relu6,2,7.168,3.584,7.168,3.584,0.00013532566901958007,0.9761439233799896,0.0,0.0
330,Device,Relu6,mobilenetv2_1.00_32/block_8_depthwise_relu/Relu6,2,7.168,3.584,7.168,3.584,0.00013532566901958007,0.9762792490490091,0.0,0.0
331,Device,Relu6,mobilenetv2_1.00_32/block_9_depthwise_relu/Relu6,2,7.168,3.584,7.168,3.584,0.00013532566901958007,0.9764145747180286,0.0,0.0
332,Device,ResourceApplyGradientDescent,SGD/SGD/update_22/ResourceApplyGradientDescent,2,6.145,3.0725,6.145,3.0725,0.00011601230972730461,0.976530587027756,0.0,0.0
333,Device,ResourceApplyGradientDescent,SGD/SGD/update_30/ResourceApplyGradientDescent,2,6.145,3.0725,6.145,3.0725,0.00011601230972730461,0.9766465993374833,0.0,0.0
334,Device,ResourceApplyGradientDescent,SGD/SGD/update_47/ResourceApplyGradientDescent,2,6.145,3.0725,6.145,3.0725,0.00011601230972730461,0.9767626116472107,0.0,0.0
335,Device,Relu6,mobilenetv2_1.00_32/block_13_expand_relu/Relu6,2,6.145,3.0725,6.145,3.0725,0.00011601230972730461,0.976878623956938,0.0,0.0
336,Device,Relu6,mobilenetv2_1.00_32/block_14_expand_relu/Relu6,2,6.145,3.0725,6.145,3.0725,0.00011601230972730461,0.9769946362666654,0.0,0.0
337,Device,AssignAddVariableOp,AssignAddVariableOp,2,6.144,3.072,6.144,3.072,0.00011599343058821149,0.9771106296972536,0.0,0.0
338,Device,AssignAddVariableOp,AssignAddVariableOp_1,2,6.144,3.072,6.144,3.072,0.00011599343058821149,0.9772266231278418,0.0,0.0
339,Device,AssignAddVariableOp,AssignAddVariableOp_2,2,6.144,3.072,6.144,3.072,0.00011599343058821149,0.97734261655843,0.0,0.0
340,Device,AssignAddVariableOp,AssignAddVariableOp_3,2,6.144,3.072,6.144,3.072,0.00011599343058821149,0.9774586099890182,0.0,0.0
341,Device,AssignAddVariableOp,AssignAddVariableOp_4,2,6.144,3.072,6.144,3.072,0.00011599343058821149,0.9775746034196064,0.0,0.0
342,Device,Cast,Cast_1,2,6.144,3.072,6.144,3.072,0.00011599343058821149,0.9776905968501947,0.0,0.0
343,Device,Equal,Equal,2,6.144,3.072,6.144,3.072,0.00011599343058821149,0.9778065902807829,0.0,0.0
344,Device,AssignAddVariableOp,SGD/SGD/AssignAddVariableOp,2,6.144,3.072,6.144,3.072,0.00011599343058821149,0.9779225837113711,0.0,0.0
345,Device,ResourceApplyGradientDescent,SGD/SGD/update/ResourceApplyGradientDescent,2,6.144,3.072,6.144,3.072,0.00011599343058821149,0.9780385771419593,0.0,0.0
346,Device,ResourceApplyGradientDescent,SGD/SGD/update_101/ResourceApplyGradientDescent,2,6.144,3.072,6.144,3.072,0.00011599343058821149,0.9781545705725475,0.0,0.0
347,Device,ResourceApplyGradientDescent,SGD/SGD/update_103/ResourceApplyGradientDescent,2,6.144,3.072,6.144,3.072,0.00011599343058821149,0.9782705640031357,0.0,0.0
348,Device,ResourceApplyGradientDescent,SGD/SGD/update_104/ResourceApplyGradientDescent,2,6.144,3.072,6.144,3.072,0.00011599343058821149,0.9783865574337239,0.0,0.0
349,Device,ResourceApplyGradientDescent,SGD/SGD/update_106/ResourceApplyGradientDescent,2,6.144,3.072,6.144,3.072,0.00011599343058821149,0.9785025508643121,0.0,0.0
350,Device,ResourceApplyGradientDescent,SGD/SGD/update_107/ResourceApplyGradientDescent,2,6.144,3.072,6.144,3.072,0.00011599343058821149,0.9786185442949004,0.0,0.0
351,Device,ResourceApplyGradientDescent,SGD/SGD/update_109/ResourceApplyGradientDescent,2,6.144,3.072,6.144,3.072,0.00011599343058821149,0.9787345377254886,0.0,0.0
352,Device,ResourceApplyGradientDescent,SGD/SGD/update_11/ResourceApplyGradientDescent,2,6.144,3.072,6.144,3.072,0.00011599343058821149,0.9788505311560768,0.0,0.0
353,Device,ResourceApplyGradientDescent,SGD/SGD/update_110/ResourceApplyGradientDescent,2,6.144,3.072,6.144,3.072,0.00011599343058821149,0.978966524586665,0.0,0.0
354,Device,ResourceApplyGradientDescent,SGD/SGD/update_112/ResourceApplyGradientDescent,2,6.144,3.072,6.144,3.072,0.00011599343058821149,0.9790825180172532,0.0,0.0
355,Device,ResourceApplyGradientDescent,SGD/SGD/update_113/ResourceApplyGradientDescent,2,6.144,3.072,6.144,3.072,0.00011599343058821149,0.9791985114478414,0.0,0.0
356,Device,ResourceApplyGradientDescent,SGD/SGD/update_119/ResourceApplyGradientDescent,2,6.144,3.072,6.144,3.072,0.00011599343058821149,0.9793145048784296,0.0,0.0
357,Device,ResourceApplyGradientDescent,SGD/SGD/update_121/ResourceApplyGradientDescent,2,6.144,3.072,6.144,3.072,0.00011599343058821149,0.9794304983090178,0.0,0.0
358,Device,ResourceApplyGradientDescent,SGD/SGD/update_122/ResourceApplyGradientDescent,2,6.144,3.072,6.144,3.072,0.00011599343058821149,0.9795464917396061,0.0,0.0
359,Device,ResourceApplyGradientDescent,SGD/SGD/update_124/ResourceApplyGradientDescent,2,6.144,3.072,6.144,3.072,0.00011599343058821149,0.9796624851701943,0.0,0.0
360,Device,ResourceApplyGradientDescent,SGD/SGD/update_125/ResourceApplyGradientDescent,2,6.144,3.072,6.144,3.072,0.00011599343058821149,0.9797784786007825,0.0,0.0
361,Device,ResourceApplyGradientDescent,SGD/SGD/update_127/ResourceApplyGradientDescent,2,6.144,3.072,6.144,3.072,0.00011599343058821149,0.9798944720313707,0.0,0.0
362,Device,ResourceApplyGradientDescent,SGD/SGD/update_128/ResourceApplyGradientDescent,2,6.144,3.072,6.144,3.072,0.00011599343058821149,0.9800104654619589,0.0,0.0
363,Device,ResourceApplyGradientDescent,SGD/SGD/update_129/ResourceApplyGradientDescent,2,6.144,3.072,6.144,3.072,0.00011599343058821149,0.9801264588925471,0.0,0.0
364,Device,ResourceApplyGradientDescent,SGD/SGD/update_13/ResourceApplyGradientDescent,2,6.144,3.072,6.144,3.072,0.00011599343058821149,0.9802424523231353,0.0,0.0
365,Device,ResourceApplyGradientDescent,SGD/SGD/update_131/ResourceApplyGradientDescent,2,6.144,3.072,6.144,3.072,0.00011599343058821149,0.9803584457537236,0.0,0.0
366,Device,ResourceApplyGradientDescent,SGD/SGD/update_134/ResourceApplyGradientDescent,2,6.144,3.072,6.144,3.072,0.00011599343058821149,0.9804744391843118,0.0,0.0
367,Device,ResourceApplyGradientDescent,SGD/SGD/update_136/ResourceApplyGradientDescent,2,6.144,3.072,6.144,3.072,0.00011599343058821149,0.9805904326149,0.0,0.0
368,Device,ResourceApplyGradientDescent,SGD/SGD/update_137/ResourceApplyGradientDescent,2,6.144,3.072,6.144,3.072,0.00011599343058821149,0.9807064260454882,0.0,0.0
369,Device,ResourceApplyGradientDescent,SGD/SGD/update_138/ResourceApplyGradientDescent,2,6.144,3.072,6.144,3.072,0.00011599343058821149,0.9808224194760764,0.0,0.0
370,Device,ResourceApplyGradientDescent,SGD/SGD/update_139/ResourceApplyGradientDescent,2,6.144,3.072,6.144,3.072,0.00011599343058821149,0.9809384129066646,0.0,0.0
371,Device,ResourceApplyGradientDescent,SGD/SGD/update_14/ResourceApplyGradientDescent,2,6.144,3.072,6.144,3.072,0.00011599343058821149,0.9810544063372528,0.0,0.0
372,Device,ResourceApplyGradientDescent,SGD/SGD/update_140/ResourceApplyGradientDescent,2,6.144,3.072,6.144,3.072,0.00011599343058821149,0.981170399767841,0.0,0.0
373,Device,ResourceApplyGradientDescent,SGD/SGD/update_145/ResourceApplyGradientDescent,2,6.144,3.072,6.144,3.072,0.00011599343058821149,0.9812863931984293,0.0,0.0
374,Device,ResourceApplyGradientDescent,SGD/SGD/update_146/ResourceApplyGradientDescent,2,6.144,3.072,6.144,3.072,0.00011599343058821149,0.9814023866290175,0.0,0.0
375,Device,ResourceApplyGradientDescent,SGD/SGD/update_148/ResourceApplyGradientDescent,2,6.144,3.072,6.144,3.072,0.00011599343058821149,0.9815183800596057,0.0,0.0
376,Device,ResourceApplyGradientDescent,SGD/SGD/update_151/ResourceApplyGradientDescent,2,6.144,3.072,6.144,3.072,0.00011599343058821149,0.9816343734901939,0.0,0.0
377,Device,ResourceApplyGradientDescent,SGD/SGD/update_154/ResourceApplyGradientDescent,2,6.144,3.072,6.144,3.072,0.00011599343058821149,0.9817503669207821,0.0,0.0
378,Device,ResourceApplyGradientDescent,SGD/SGD/update_155/ResourceApplyGradientDescent,2,6.144,3.072,6.144,3.072,0.00011599343058821149,0.9818663603513703,0.0,0.0
379,Device,ResourceApplyGradientDescent,SGD/SGD/update_17/ResourceApplyGradientDescent,2,6.144,3.072,6.144,3.072,0.00011599343058821149,0.9819823537819585,0.0,0.0
380,Device,ResourceApplyGradientDescent,SGD/SGD/update_18/ResourceApplyGradientDescent,2,6.144,3.072,6.144,3.072,0.00011599343058821149,0.9820983472125467,0.0,0.0
381,Device,ResourceApplyGradientDescent,SGD/SGD/update_2/ResourceApplyGradientDescent,2,6.144,3.072,6.144,3.072,0.00011599343058821149,0.982214340643135,0.0,0.0
382,Device,ResourceApplyGradientDescent,SGD/SGD/update_20/ResourceApplyGradientDescent,2,6.144,3.072,6.144,3.072,0.00011599343058821149,0.9823303340737232,0.0,0.0
383,Device,ResourceApplyGradientDescent,SGD/SGD/update_23/ResourceApplyGradientDescent,2,6.144,3.072,6.144,3.072,0.00011599343058821149,0.9824463275043114,0.0,0.0
384,Device,ResourceApplyGradientDescent,SGD/SGD/update_26/ResourceApplyGradientDescent,2,6.144,3.072,6.144,3.072,0.00011599343058821149,0.9825623209348996,0.0,0.0
385,Device,ResourceApplyGradientDescent,SGD/SGD/update_27/ResourceApplyGradientDescent,2,6.144,3.072,6.144,3.072,0.00011599343058821149,0.9826783143654878,0.0,0.0
386,Device,ResourceApplyGradientDescent,SGD/SGD/update_29/ResourceApplyGradientDescent,2,6.144,3.072,6.144,3.072,0.00011599343058821149,0.982794307796076,0.0,0.0
387,Device,ResourceApplyGradientDescent,SGD/SGD/update_31/ResourceApplyGradientDescent,2,6.144,3.072,6.144,3.072,0.00011599343058821149,0.9829103012266642,0.0,0.0
388,Device,ResourceApplyGradientDescent,SGD/SGD/update_32/ResourceApplyGradientDescent,2,6.144,3.072,6.144,3.072,0.00011599343058821149,0.9830262946572524,0.0,0.0
389,Device,ResourceApplyGradientDescent,SGD/SGD/update_35/ResourceApplyGradientDescent,2,6.144,3.072,6.144,3.072,0.00011599343058821149,0.9831422880878407,0.0,0.0
390,Device,ResourceApplyGradientDescent,SGD/SGD/update_37/ResourceApplyGradientDescent,2,6.144,3.072,6.144,3.072,0.00011599343058821149,0.9832582815184289,0.0,0.0
391,Device,ResourceApplyGradientDescent,SGD/SGD/update_38/ResourceApplyGradientDescent,2,6.144,3.072,6.144,3.072,0.00011599343058821149,0.9833742749490171,0.0,0.0
392,Device,ResourceApplyGradientDescent,SGD/SGD/update_39/ResourceApplyGradientDescent,2,6.144,3.072,6.144,3.072,0.00011599343058821149,0.9834902683796053,0.0,0.0
393,Device,ResourceApplyGradientDescent,SGD/SGD/update_40/ResourceApplyGradientDescent,2,6.144,3.072,6.144,3.072,0.00011599343058821149,0.9836062618101935,0.0,0.0
394,Device,ResourceApplyGradientDescent,SGD/SGD/update_41/ResourceApplyGradientDescent,2,6.144,3.072,6.144,3.072,0.00011599343058821149,0.9837222552407817,0.0,0.0
395,Device,ResourceApplyGradientDescent,SGD/SGD/update_43/ResourceApplyGradientDescent,2,6.144,3.072,6.144,3.072,0.00011599343058821149,0.9838382486713699,0.0,0.0
396,Device,ResourceApplyGradientDescent,SGD/SGD/update_48/ResourceApplyGradientDescent,2,6.144,3.072,6.144,3.072,0.00011599343058821149,0.9839542421019581,0.0,0.0
397,Device,ResourceApplyGradientDescent,SGD/SGD/update_51/ResourceApplyGradientDescent,2,6.144,3.072,6.144,3.072,0.00011599343058821149,0.9840702355325464,0.0,0.0
398,Device,ResourceApplyGradientDescent,SGD/SGD/update_53/ResourceApplyGradientDescent,2,6.144,3.072,6.144,3.072,0.00011599343058821149,0.9841862289631346,0.0,0.0
399,Device,ResourceApplyGradientDescent,SGD/SGD/update_56/ResourceApplyGradientDescent,2,6.144,3.072,6.144,3.072,0.00011599343058821149,0.9843022223937228,0.0,0.0
400,Device,ResourceApplyGradientDescent,SGD/SGD/update_57/ResourceApplyGradientDescent,2,6.144,3.072,6.144,3.072,0.00011599343058821149,0.984418215824311,0.0,0.0
401,Device,ResourceApplyGradientDescent,SGD/SGD/update_58/ResourceApplyGradientDescent,2,6.144,3.072,6.144,3.072,0.00011599343058821149,0.9845342092548992,0.0,0.0
402,Device,ResourceApplyGradientDescent,SGD/SGD/update_59/ResourceApplyGradientDescent,2,6.144,3.072,6.144,3.072,0.00011599343058821149,0.9846502026854874,0.0,0.0
403,Device,ResourceApplyGradientDescent,SGD/SGD/update_6/ResourceApplyGradientDescent,2,6.144,3.072,6.144,3.072,0.00011599343058821149,0.9847661961160756,0.0,0.0
404,Device,ResourceApplyGradientDescent,SGD/SGD/update_61/ResourceApplyGradientDescent,2,6.144,3.072,6.144,3.072,0.00011599343058821149,0.9848821895466638,0.0,0.0
405,Device,ResourceApplyGradientDescent,SGD/SGD/update_62/ResourceApplyGradientDescent,2,6.144,3.072,6.144,3.072,0.00011599343058821149,0.9849981829772521,0.0,0.0
406,Device,ResourceApplyGradientDescent,SGD/SGD/update_63/ResourceApplyGradientDescent,2,6.144,3.072,6.144,3.072,0.00011599343058821149,0.9851141764078403,0.0,0.0
407,Device,ResourceApplyGradientDescent,SGD/SGD/update_65/ResourceApplyGradientDescent,2,6.144,3.072,6.144,3.072,0.00011599343058821149,0.9852301698384285,0.0,0.0
408,Device,ResourceApplyGradientDescent,SGD/SGD/update_66/ResourceApplyGradientDescent,2,6.144,3.072,6.144,3.072,0.00011599343058821149,0.9853461632690167,0.0,0.0
409,Device,ResourceApplyGradientDescent,SGD/SGD/update_68/ResourceApplyGradientDescent,2,6.144,3.072,6.144,3.072,0.00011599343058821149,0.9854621566996049,0.0,0.0
410,Device,ResourceApplyGradientDescent,SGD/SGD/update_7/ResourceApplyGradientDescent,2,6.144,3.072,6.144,3.072,0.00011599343058821149,0.9855781501301931,0.0,0.0
411,Device,ResourceApplyGradientDescent,SGD/SGD/update_70/ResourceApplyGradientDescent,2,6.144,3.072,6.144,3.072,0.00011599343058821149,0.9856941435607813,0.0,0.0
412,Device,ResourceApplyGradientDescent,SGD/SGD/update_71/ResourceApplyGradientDescent,2,6.144,3.072,6.144,3.072,0.00011599343058821149,0.9858101369913695,0.0,0.0
413,Device,ResourceApplyGradientDescent,SGD/SGD/update_73/ResourceApplyGradientDescent,2,6.144,3.072,6.144,3.072,0.00011599343058821149,0.9859261304219578,0.0,0.0
414,Device,ResourceApplyGradientDescent,SGD/SGD/update_74/ResourceApplyGradientDescent,2,6.144,3.072,6.144,3.072,0.00011599343058821149,0.986042123852546,0.0,0.0
415,Device,ResourceApplyGradientDescent,SGD/SGD/update_75/ResourceApplyGradientDescent,2,6.144,3.072,6.144,3.072,0.00011599343058821149,0.9861581172831342,0.0,0.0
416,Device,ResourceApplyGradientDescent,SGD/SGD/update_76/ResourceApplyGradientDescent,2,6.144,3.072,6.144,3.072,0.00011599343058821149,0.9862741107137224,0.0,0.0
417,Device,ResourceApplyGradientDescent,SGD/SGD/update_79/ResourceApplyGradientDescent,2,6.144,3.072,6.144,3.072,0.00011599343058821149,0.9863901041443106,0.0,0.0
418,Device,ResourceApplyGradientDescent,SGD/SGD/update_8/ResourceApplyGradientDescent,2,6.144,3.072,6.144,3.072,0.00011599343058821149,0.9865060975748988,0.0,0.0
419,Device,ResourceApplyGradientDescent,SGD/SGD/update_83/ResourceApplyGradientDescent,2,6.144,3.072,6.144,3.072,0.00011599343058821149,0.986622091005487,0.0,0.0
420,Device,ResourceApplyGradientDescent,SGD/SGD/update_86/ResourceApplyGradientDescent,2,6.144,3.072,6.144,3.072,0.00011599343058821149,0.9867380844360752,0.0,0.0
421,Device,ResourceApplyGradientDescent,SGD/SGD/update_89/ResourceApplyGradientDescent,2,6.144,3.072,6.144,3.072,0.00011599343058821149,0.9868540778666635,0.0,0.0
422,Device,ResourceApplyGradientDescent,SGD/SGD/update_9/ResourceApplyGradientDescent,2,6.144,3.072,6.144,3.072,0.00011599343058821149,0.9869700712972517,0.0,0.0
423,Device,ResourceApplyGradientDescent,SGD/SGD/update_91/ResourceApplyGradientDescent,2,6.144,3.072,6.144,3.072,0.00011599343058821149,0.9870860647278399,0.0,0.0
424,Device,ResourceApplyGradientDescent,SGD/SGD/update_92/ResourceApplyGradientDescent,2,6.144,3.072,6.144,3.072,0.00011599343058821149,0.9872020581584281,0.0,0.0
425,Device,ResourceApplyGradientDescent,SGD/SGD/update_93/ResourceApplyGradientDescent,2,6.144,3.072,6.144,3.072,0.00011599343058821149,0.9873180515890163,0.0,0.0
426,Device,ResourceApplyGradientDescent,SGD/SGD/update_94/ResourceApplyGradientDescent,2,6.144,3.072,6.144,3.072,0.00011599343058821149,0.9874340450196045,0.0,0.0
427,Device,ResourceApplyGradientDescent,SGD/SGD/update_95/ResourceApplyGradientDescent,2,6.144,3.072,6.144,3.072,0.00011599343058821149,0.9875500384501927,0.0,0.0
428,Device,ResourceApplyGradientDescent,SGD/SGD/update_98/ResourceApplyGradientDescent,2,6.144,3.072,6.144,3.072,0.00011599343058821149,0.987666031880781,0.0,0.0
429,Device,ResourceApplyGradientDescent,SGD/SGD/update_99/ResourceApplyGradientDescent,2,6.144,3.072,6.144,3.072,0.00011599343058821149,0.9877820253113692,0.0,0.0
430,Device,AddN,SGD/gradients/AddN,2,6.144,3.072,6.144,3.072,0.00011599343058821149,0.9878980187419574,0.0,0.0
431,Device,AddN,SGD/gradients/AddN_1,2,6.144,3.072,6.144,3.072,0.00011599343058821149,0.9880140121725456,0.0,0.0
432,Device,AddN,SGD/gradients/AddN_2,2,6.144,3.072,6.144,3.072,0.00011599343058821149,0.9881300056031338,0.0,0.0
433,Device,AddN,SGD/gradients/AddN_3,2,6.144,3.072,6.144,3.072,0.00011599343058821149,0.988245999033722,0.0,0.0
434,Device,AddN,SGD/gradients/AddN_4,2,6.144,3.072,6.144,3.072,0.00011599343058821149,0.9883619924643102,0.0,0.0
435,Device,AddN,SGD/gradients/AddN_5,2,6.144,3.072,6.144,3.072,0.00011599343058821149,0.9884779858948984,0.0,0.0
436,Device,AddN,SGD/gradients/AddN_6,2,6.144,3.072,6.144,3.072,0.00011599343058821149,0.9885939793254866,0.0,0.0
437,Device,AddN,SGD/gradients/AddN_7,2,6.144,3.072,6.144,3.072,0.00011599343058821149,0.9887099727560749,0.0,0.0
438,Device,AddN,SGD/gradients/AddN_8,2,6.144,3.072,6.144,3.072,0.00011599343058821149,0.9888259661866631,0.0,0.0
439,Device,DivNoNan,categorical_crossentropy/weighted_loss/value,2,6.144,3.072,6.144,3.072,0.00011599343058821149,0.9889419596172513,0.0,0.0
440,Device,DivNoNan,div_no_nan_1,2,6.144,3.072,6.144,3.072,0.00011599343058821149,0.9890579530478395,0.0,0.0
441,Device,Mul,gradient_tape/categorical_crossentropy/softmax_cross_entropy_with_logits/mul,2,6.144,3.072,6.144,3.072,0.00011599343058821149,0.9891739464784277,0.0,0.0
442,Device,Relu6Grad,gradient_tape/mobilenetv2_1.00_32/block_10_depthwise_relu/Relu6/Relu6Grad,2,6.144,3.072,6.144,3.072,0.00011599343058821149,0.9892899399090159,0.0,0.0
443,Device,Relu6Grad,gradient_tape/mobilenetv2_1.00_32/block_10_expand_relu/Relu6/Relu6Grad,2,6.144,3.072,6.144,3.072,0.00011599343058821149,0.9894059333396041,0.0,0.0
444,Device,Relu6Grad,gradient_tape/mobilenetv2_1.00_32/block_11_depthwise_relu/Relu6/Relu6Grad,2,6.144,3.072,6.144,3.072,0.00011599343058821149,0.9895219267701924,0.0,0.0
445,Device,Relu6Grad,gradient_tape/mobilenetv2_1.00_32/block_12_depthwise_relu/Relu6/Relu6Grad,2,6.144,3.072,6.144,3.072,0.00011599343058821149,0.9896379202007806,0.0,0.0
446,Device,Relu6Grad,gradient_tape/mobilenetv2_1.00_32/block_12_expand_relu/Relu6/Relu6Grad,2,6.144,3.072,6.144,3.072,0.00011599343058821149,0.9897539136313688,0.0,0.0
447,Device,Relu6Grad,gradient_tape/mobilenetv2_1.00_32/block_13_depthwise_relu/Relu6/Relu6Grad,2,6.144,3.072,6.144,3.072,0.00011599343058821149,0.989869907061957,0.0,0.0
448,Device,Slice,gradient_tape/mobilenetv2_1.00_32/block_13_pad/Slice_1,2,6.144,3.072,6.144,3.072,0.00011599343058821149,0.9899859004925452,0.0,0.0
449,Device,Relu6Grad,gradient_tape/mobilenetv2_1.00_32/block_14_depthwise_relu/Relu6/Relu6Grad,2,6.144,3.072,6.144,3.072,0.00011599343058821149,0.9901018939231334,0.0,0.0
450,Device,Relu6Grad,gradient_tape/mobilenetv2_1.00_32/block_14_expand_relu/Relu6/Relu6Grad,2,6.144,3.072,6.144,3.072,0.00011599343058821149,0.9902178873537216,0.0,0.0
451,Device,DepthwiseConv2dNativeBackpropInput,gradient_tape/mobilenetv2_1.00_32/block_15_depthwise/depthwise/DepthwiseConv2dNativeBackpropInput,2,6.144,3.072,6.144,3.072,0.00011599343058821149,0.9903338807843098,0.0,0.0
452,Device,Relu6Grad,gradient_tape/mobilenetv2_1.00_32/block_15_depthwise_relu/Relu6/Relu6Grad,2,6.144,3.072,6.144,3.072,0.00011599343058821149,0.990449874214898,0.0,0.0
453,Device,Relu6Grad,gradient_tape/mobilenetv2_1.00_32/block_15_expand_relu/Relu6/Relu6Grad,2,6.144,3.072,6.144,3.072,0.00011599343058821149,0.9905658676454863,0.0,0.0
454,Device,Relu6Grad,gradient_tape/mobilenetv2_1.00_32/block_16_expand_relu/Relu6/Relu6Grad,2,6.144,3.072,6.144,3.072,0.00011599343058821149,0.9906818610760745,0.0,0.0
455,Device,Relu6Grad,gradient_tape/mobilenetv2_1.00_32/block_2_expand_relu/Relu6/Relu6Grad,2,6.144,3.072,6.144,3.072,0.00011599343058821149,0.9907978545066627,0.0,0.0
456,Device,Relu6Grad,gradient_tape/mobilenetv2_1.00_32/block_3_depthwise_relu/Relu6/Relu6Grad,2,6.144,3.072,6.144,3.072,0.00011599343058821149,0.9909138479372509,0.0,0.0
457,Device,Relu6Grad,gradient_tape/mobilenetv2_1.00_32/block_4_depthwise_relu/Relu6/Relu6Grad,2,6.144,3.072,6.144,3.072,0.00011599343058821149,0.9910298413678391,0.0,0.0
458,Device,Relu6Grad,gradient_tape/mobilenetv2_1.00_32/block_5_depthwise_relu/Relu6/Relu6Grad,2,6.144,3.072,6.144,3.072,0.00011599343058821149,0.9911458347984273,0.0,0.0
459,Device,Relu6Grad,gradient_tape/mobilenetv2_1.00_32/block_5_expand_relu/Relu6/Relu6Grad,2,6.144,3.072,6.144,3.072,0.00011599343058821149,0.9912618282290155,0.0,0.0
460,Device,Relu6Grad,gradient_tape/mobilenetv2_1.00_32/block_6_depthwise_relu/Relu6/Relu6Grad,2,6.144,3.072,6.144,3.072,0.00011599343058821149,0.9913778216596038,0.0,0.0
461,Device,Slice,gradient_tape/mobilenetv2_1.00_32/block_6_pad/Slice_1,2,6.144,3.072,6.144,3.072,0.00011599343058821149,0.991493815090192,0.0,0.0
462,Device,Relu6Grad,gradient_tape/mobilenetv2_1.00_32/block_7_depthwise_relu/Relu6/Relu6Grad,2,6.144,3.072,6.144,3.072,0.00011599343058821149,0.9916098085207802,0.0,0.0
463,Device,Relu6Grad,gradient_tape/mobilenetv2_1.00_32/block_7_expand_relu/Relu6/Relu6Grad,2,6.144,3.072,6.144,3.072,0.00011599343058821149,0.9917258019513684,0.0,0.0
464,Device,Relu6Grad,gradient_tape/mobilenetv2_1.00_32/block_9_depthwise_relu/Relu6/Relu6Grad,2,6.144,3.072,6.144,3.072,0.00011599343058821149,0.9918417953819566,0.0,0.0
465,Device,Relu6Grad,gradient_tape/mobilenetv2_1.00_32/block_9_expand_relu/Relu6/Relu6Grad,2,6.144,3.072,6.144,3.072,0.00011599343058821149,0.9919577888125448,0.0,0.0
466,Device,Relu6Grad,gradient_tape/mobilenetv2_1.00_32/out_relu/Relu6/Relu6Grad,2,6.144,3.072,6.144,3.072,0.00011599343058821149,0.992073782243133,0.0,0.0
467,Device,BiasAddGrad,gradient_tape/mobilenetv2_1.00_32/predictions/BiasAdd/BiasAddGrad,2,6.144,3.072,6.144,3.072,0.00011599343058821149,0.9921897756737212,0.0,0.0
468,Device,Relu6,mobilenetv2_1.00_32/block_10_expand_relu/Relu6,2,6.144,3.072,6.144,3.072,0.00011599343058821149,0.9923057691043095,0.0,0.0
469,Device,AddV2,mobilenetv2_1.00_32/block_11_add/add,2,6.144,3.072,6.144,3.072,0.00011599343058821149,0.9924217625348977,0.0,0.0
470,Device,Relu6,mobilenetv2_1.00_32/block_11_expand_relu/Relu6,2,6.144,3.072,6.144,3.072,0.00011599343058821149,0.9925377559654859,0.0,0.0
471,Device,AddV2,mobilenetv2_1.00_32/block_12_add/add,2,6.144,3.072,6.144,3.072,0.00011599343058821149,0.9926537493960741,0.0,0.0
472,Device,Relu6,mobilenetv2_1.00_32/block_12_depthwise_relu/Relu6,2,6.144,3.072,6.144,3.072,0.00011599343058821149,0.9927697428266623,0.0,0.0
473,Device,Relu6,mobilenetv2_1.00_32/block_13_depthwise_relu/Relu6,2,6.144,3.072,6.144,3.072,0.00011599343058821149,0.9928857362572505,0.0,0.0
474,Device,AddV2,mobilenetv2_1.00_32/block_14_add/add,2,6.144,3.072,6.144,3.072,0.00011599343058821149,0.9930017296878387,0.0,0.0
475,Device,Relu6,mobilenetv2_1.00_32/block_14_depthwise_relu/Relu6,2,6.144,3.072,6.144,3.072,0.00011599343058821149,0.9931177231184269,0.0,0.0
476,Device,AddV2,mobilenetv2_1.00_32/block_15_add/add,2,6.144,3.072,6.144,3.072,0.00011599343058821149,0.9932337165490152,0.0,0.0
477,Device,DepthwiseConv2dNative,mobilenetv2_1.00_32/block_15_depthwise/depthwise,2,6.144,3.072,6.144,3.072,0.00011599343058821149,0.9933497099796034,0.0,0.0
478,Device,Relu6,mobilenetv2_1.00_32/block_15_depthwise_relu/Relu6,2,6.144,3.072,6.144,3.072,0.00011599343058821149,0.9934657034101916,0.0,0.0
479,Device,Relu6,mobilenetv2_1.00_32/block_16_depthwise_relu/Relu6,2,6.144,3.072,6.144,3.072,0.00011599343058821149,0.9935816968407798,0.0,0.0
480,Device,AddV2,mobilenetv2_1.00_32/block_2_add/add,2,6.144,3.072,6.144,3.072,0.00011599343058821149,0.993697690271368,0.0,0.0
481,Device,Relu6,mobilenetv2_1.00_32/block_2_depthwise_relu/Relu6,2,6.144,3.072,6.144,3.072,0.00011599343058821149,0.9938136837019562,0.0,0.0
482,Device,AddV2,mobilenetv2_1.00_32/block_4_add/add,2,6.144,3.072,6.144,3.072,0.00011599343058821149,0.9939296771325444,0.0,0.0
483,Device,Relu6,mobilenetv2_1.00_32/block_4_depthwise_relu/Relu6,2,6.144,3.072,6.144,3.072,0.00011599343058821149,0.9940456705631326,0.0,0.0
484,Device,Relu6,mobilenetv2_1.00_32/block_4_expand_relu/Relu6,2,6.144,3.072,6.144,3.072,0.00011599343058821149,0.9941616639937209,0.0,0.0
485,Device,AddV2,mobilenetv2_1.00_32/block_5_add/add,2,6.144,3.072,6.144,3.072,0.00011599343058821149,0.9942776574243091,0.0,0.0
486,Device,Relu6,mobilenetv2_1.00_32/block_5_depthwise_relu/Relu6,2,6.144,3.072,6.144,3.072,0.00011599343058821149,0.9943936508548973,0.0,0.0
487,Device,Relu6,mobilenetv2_1.00_32/block_5_expand_relu/Relu6,2,6.144,3.072,6.144,3.072,0.00011599343058821149,0.9945096442854855,0.0,0.0
488,Device,Relu6,mobilenetv2_1.00_32/block_6_expand_relu/Relu6,2,6.144,3.072,6.144,3.072,0.00011599343058821149,0.9946256377160737,0.0,0.0
489,Device,AddV2,mobilenetv2_1.00_32/block_7_add/add,2,6.144,3.072,6.144,3.072,0.00011599343058821149,0.9947416311466619,0.0,0.0
490,Device,Relu6,mobilenetv2_1.00_32/block_7_depthwise_relu/Relu6,2,6.144,3.072,6.144,3.072,0.00011599343058821149,0.9948576245772501,0.0,0.0
491,Device,Relu6,mobilenetv2_1.00_32/block_7_expand_relu/Relu6,2,6.144,3.072,6.144,3.072,0.00011599343058821149,0.9949736180078383,0.0,0.0
492,Device,AddV2,mobilenetv2_1.00_32/block_8_add/add,2,6.144,3.072,6.144,3.072,0.00011599343058821149,0.9950896114384266,0.0,0.0
493,Device,Relu6,mobilenetv2_1.00_32/block_8_expand_relu/Relu6,2,6.144,3.072,6.144,3.072,0.00011599343058821149,0.9952056048690148,0.0,0.0
494,Device,AddV2,mobilenetv2_1.00_32/block_9_add/add,2,6.144,3.072,6.144,3.072,0.00011599343058821149,0.995321598299603,0.0,0.0
495,Device,Relu6,mobilenetv2_1.00_32/block_9_expand_relu/Relu6,2,6.144,3.072,6.144,3.072,0.00011599343058821149,0.9954375917301912,0.0,0.0
496,Device,Relu6,mobilenetv2_1.00_32/expanded_conv_depthwise_relu/Relu6,2,6.144,3.072,6.144,3.072,0.00011599343058821149,0.9955535851607794,0.0,0.0
497,Device,Relu6,mobilenetv2_1.00_32/out_relu/Relu6,2,6.144,3.072,6.144,3.072,0.00011599343058821149,0.9956695785913676,0.0,0.0
498,Device,Mul,Mul,2,5.12,2.56,5.12,2.56,9.66611921568429e-05,0.9957662397835244,0.0,0.0
499,Device,ResourceApplyGradientDescent,SGD/SGD/update_1/ResourceApplyGradientDescent,2,5.12,2.56,5.12,2.56,9.66611921568429e-05,0.9958629009756812,0.0,0.0
500,Device,ResourceApplyGradientDescent,SGD/SGD/update_100/ResourceApplyGradientDescent,2,5.12,2.56,5.12,2.56,9.66611921568429e-05,0.995959562167838,0.0,0.0
501,Host,IDLE,IDLE,0,110756.112,0.0,110756.112,0.0,0.0,0.0,0.9962955233915435,0.9962955233915435
502,Host,GatherV2,GatherV2,2,64.861,32.4305,64.861,32.4305,0.0,0.0,0.0005834506355974189,0.9968789740271409
503,Host,Dataset,Iterator::Root::ParallelMapV2::Zip[1]::ForeverRepeat,2,54.112,27.056,50.191,25.0955,0.0,0.0,0.00045148811845747137,0.9973304621455984
504,Host,Dataset,Iterator::Root::ParallelMapV2,2,44.211,22.1055,44.211,22.1055,0.0,0.0,0.0003976956268080585,0.9977281577724064
505,Host,IteratorGetNext,IteratorGetNext,2,41.231,20.6155,41.231,20.6155,0.0,0.0,0.00037088933498276587,0.9980990471073892
506,Host,FlushSummaryWriter,FlushSummaryWriter,1,37.551,37.551,37.551,37.551,0.0,0.0,0.00033778626319851183,0.9984368333705876
507,Host,LogicalAnd,LogicalAnd,1,31.95,31.95,31.95,31.95,0.0,0.0,0.0002874030281268795,0.9987242363987145
508,Host,Dataset,Iterator::Root::ParallelMapV2::Zip[0]::FlatMap,2,50.581,25.2905,28.94,14.47,0.0,0.0,0.00026032687430334566,0.9989845632730179
509,Host,Dataset,Iterator::Root,2,72.812,36.406,28.601,14.3005,0.0,0.0,0.00025727743372322003,0.999241840706741
510,Host,WriteSummary,WriteSummary,1,22.51,22.51,22.51,22.51,0.0,0.0,0.00020248645268031482,0.9994443271594213
511,Host,Dataset,Iterator::Root::ParallelMapV2::Zip[0]::FlatMap[1]::TensorSlice,2,21.641,10.8205,21.641,10.8205,0.0,0.0,0.00019466945013126133,0.9996389966095526
512,Host,GatherV2,GatherV2_1,2,16.07,8.035,16.07,8.035,0.0,0.0,0.00014455607705787023,0.9997835526866105
513,Host,Dataset,Iterator::Root::ParallelMapV2::Zip,2,115.473,57.7365,10.78,5.39,0.0,0.0,9.697041136800504e-05,0.9998805230979785
514,Host,ReadVariableOp,ReadVariableOp,1,6.411,6.411,6.411,6.411,0.0,0.0,5.766950902414474e-05,0.9999381926070027
515,Host,Dataset,Iterator::Root::ParallelMapV2::Zip[1]::ForeverRepeat::FromTensor,4,3.921,0.98025,3.921,0.98025,0.0,0.0,3.527096317012502e-05,0.9999734635701728
516,Host,Identity,Identity,2,2.95,1.475,2.95,1.475,0.0,0.0,2.6536429827051476e-05,0.9999999999999999
