Rank,Host/device,Type,Operation,#Occurrences,Total time (us),Avg. time (us),Total self-time (us),Avg. self-time (us),Total self-time on Device (%),Cumulative total-self time on Device (%),Total self-time on Host (%),Cumulative total-self time on Host (%)
1,Device,IDLE,IDLE,0,33962.28,0.0,33962.28,0.0,0.5944547813587715,0.5944547813587715,0.0,0.0
2,Device,Conv2DBackpropFilter,gradient_tape/model/conv2d_35/Conv2D/Conv2DBackpropFilter,2,606.209,303.1045,606.209,303.1045,0.01061070807238853,0.60506548943116,0.0,0.0
3,Device,Conv2DBackpropFilter,gradient_tape/model/conv2d_34/Conv2D/Conv2DBackpropFilter,2,589.825,294.9125,589.825,294.9125,0.010323932651604587,0.6153894220827646,0.0,0.0
4,Device,Conv2DBackpropFilter,gradient_tape/model/conv2d_32/Conv2D/Conv2DBackpropFilter,2,586.754,293.377,586.754,293.377,0.010270179763590213,0.6256596018463548,0.0,0.0
5,Device,Conv2DBackpropFilter,gradient_tape/model/conv2d_33/Conv2D/Conv2DBackpropFilter,2,585.73,292.865,585.73,292.865,0.010252256299791217,0.635911858146146,0.0,0.0
6,Device,Conv2DBackpropFilter,gradient_tape/model/conv2d_30/Conv2D/Conv2DBackpropFilter,2,584.706,292.353,584.706,292.353,0.01023433283599222,0.6461461909821382,0.0,0.0
7,Device,Conv2DBackpropInput,gradient_tape/model/conv2d_35/Conv2D/Conv2DBackpropInput,4,399.361,99.84025,399.361,99.84025,0.006990168384991242,0.6531363593671294,0.0,0.0
8,Device,Conv2DBackpropInput,gradient_tape/model/conv2d_34/Conv2D/Conv2DBackpropInput,4,397.314,99.3285,397.314,99.3285,0.006954338960775865,0.6600906983279053,0.0,0.0
9,Device,Conv2DBackpropInput,gradient_tape/model/conv2d_30/Conv2D/Conv2DBackpropInput,4,397.313,99.32825,397.313,99.32825,0.0069543214573932486,0.6670450197852986,0.0,0.0
10,Device,Conv2DBackpropInput,gradient_tape/model/conv2d_32/Conv2D/Conv2DBackpropInput,4,395.265,98.81625,395.265,98.81625,0.006918474529795255,0.6739634943150938,0.0,0.0
11,Device,Conv2DBackpropInput,gradient_tape/model/conv2d_33/Conv2D/Conv2DBackpropInput,4,395.264,98.816,395.264,98.816,0.00691845702641264,0.6808819513415065,0.0,0.0
12,Device,Conv2D,model/conv2d_30/Conv2D,4,338.946,84.7365,338.946,84.7365,0.005932701524233066,0.6868146528657396,0.0,0.0
13,Device,Conv2D,model/conv2d_35/Conv2D,4,328.704,82.176,328.704,82.176,0.005753431879477869,0.6925680847452175,0.0,0.0
14,Device,Conv2D,model/conv2d_34/Conv2D,4,326.657,81.66425,326.657,81.66425,0.005717602455262491,0.69828568720048,0.0,0.0
15,Device,Conv2D,model/conv2d_33/Conv2D,4,325.633,81.40825,325.633,81.40825,0.005699678991463495,0.7039853661919435,0.0,0.0
16,Device,Conv2D,model/conv2d_32/Conv2D,4,323.584,80.896,323.584,80.896,0.005663814560482886,0.7096491807524264,0.0,0.0
17,Device,Conv2DBackpropInput,gradient_tape/model/conv2d_29/Conv2D/Conv2DBackpropInput,2,243.713,121.8565,243.713,121.8565,0.004265801887543778,0.7139149826399702,0.0,0.0
18,Device,Conv2D,model/conv2d_29/Conv2D,4,226.304,56.576,226.304,56.576,0.003961085499578221,0.7178760681395484,0.0,0.0
19,Device,Conv2D,model/conv2d_28/Conv2D,4,172.033,43.00825,172.033,43.00825,0.003011159421614024,0.7208872275611624,0.0,0.0
20,Device,Conv2D,model/conv2d_19/Conv2D,4,171.009,42.75225,171.009,42.75225,0.0029932359578150273,0.7238804635189774,0.0,0.0
21,Device,Conv2D,model/conv2d_27/Conv2D,4,171.009,42.75225,171.009,42.75225,0.0029932359578150273,0.7268736994767924,0.0,0.0
22,Device,Conv2D,model/conv2d_22/Conv2D,4,171.008,42.752,171.008,42.752,0.0029932184544324116,0.7298669179312248,0.0,0.0
23,Device,Conv2D,model/conv2d_24/Conv2D,4,171.008,42.752,171.008,42.752,0.0029932184544324116,0.7328601363856573,0.0,0.0
24,Device,Conv2D,model/conv2d_26/Conv2D,4,171.008,42.752,171.008,42.752,0.0029932184544324116,0.7358533548400897,0.0,0.0
25,Device,Conv2D,model/conv2d_17/Conv2D,4,169.984,42.496,169.984,42.496,0.002975294990633415,0.7388286498307232,0.0,0.0
26,Device,Conv2D,model/conv2d_20/Conv2D,4,169.984,42.496,169.984,42.496,0.002975294990633415,0.7418039448213566,0.0,0.0
27,Device,Conv2D,model/conv2d_21/Conv2D,4,168.962,42.2405,168.962,42.2405,0.0029574065335996507,0.7447613513549562,0.0,0.0
28,Device,Conv2D,model/conv2d_23/Conv2D,4,167.936,41.984,167.936,41.984,0.0029394480630354223,0.7477007994179917,0.0,0.0
29,Device,Conv2D,model/conv2d_25/Conv2D,4,166.913,41.72825,166.913,41.72825,0.002921542102619042,0.7506223415206108,0.0,0.0
30,Device,Conv2DBackpropInput,gradient_tape/model/conv2d_25/Conv2D/Conv2DBackpropInput,2,136.192,68.096,136.192,68.096,0.0023838206852665315,0.7530061622058773,0.0,0.0
31,Device,Conv2DBackpropInput,gradient_tape/model/conv2d_24/Conv2D/Conv2DBackpropInput,2,134.144,67.072,134.144,67.072,0.0023479737576685383,0.7553541359635458,0.0,0.0
32,Device,Conv2DBackpropInput,gradient_tape/model/conv2d_17/Conv2D/Conv2DBackpropInput,2,133.12,66.56,133.12,66.56,0.0023300502938695417,0.7576841862574154,0.0,0.0
33,Device,Conv2DBackpropInput,gradient_tape/model/conv2d_19/Conv2D/Conv2DBackpropInput,2,133.12,66.56,133.12,66.56,0.0023300502938695417,0.760014236551285,0.0,0.0
34,Device,Conv2DBackpropInput,gradient_tape/model/conv2d_21/Conv2D/Conv2DBackpropInput,2,132.097,66.0485,132.097,66.0485,0.0023121443334531617,0.7623263808847381,0.0,0.0
35,Device,Conv2DBackpropInput,gradient_tape/model/conv2d_26/Conv2D/Conv2DBackpropInput,2,132.096,66.048,132.096,66.048,0.0023121268300705456,0.7646385077148087,0.0,0.0
36,Device,Conv2DBackpropInput,gradient_tape/model/conv2d_20/Conv2D/Conv2DBackpropInput,2,131.073,65.5365,131.073,65.5365,0.002294220869654165,0.7669327285844628,0.0,0.0
37,Device,Conv2DBackpropInput,gradient_tape/model/conv2d_27/Conv2D/Conv2DBackpropInput,2,131.073,65.5365,131.073,65.5365,0.002294220869654165,0.769226949454117,0.0,0.0
38,Device,Conv2DBackpropInput,gradient_tape/model/conv2d_23/Conv2D/Conv2DBackpropInput,2,131.072,65.536,131.072,65.536,0.002294203366271549,0.7715211528203885,0.0,0.0
39,Device,Conv2DBackpropInput,gradient_tape/model/conv2d_28/Conv2D/Conv2DBackpropInput,2,131.072,65.536,131.072,65.536,0.002294203366271549,0.77381535618666,0.0,0.0
40,Device,Conv2DBackpropInput,gradient_tape/model/conv2d_22/Conv2D/Conv2DBackpropInput,2,130.048,65.024,130.048,65.024,0.0022762799024725524,0.7760916360891326,0.0,0.0
41,Device,ResourceApplyGradientDescent,SGD/SGD/update_118/ResourceApplyGradientDescent,2,125.952,62.976,125.952,62.976,0.0022045860472765665,0.7782962221364091,0.0,0.0
42,Device,ResourceApplyGradientDescent,SGD/SGD/update_134/ResourceApplyGradientDescent,2,123.905,61.9525,123.905,61.9525,0.00216875662306119,0.7804649787594703,0.0,0.0
43,Device,ResourceApplyGradientDescent,SGD/SGD/update_126/ResourceApplyGradientDescent,2,123.904,61.952,123.904,61.952,0.0021687391196785733,0.7826337178791488,0.0,0.0
44,Device,AddN,SGD/gradients/AddN_47,2,123.904,61.952,123.904,61.952,0.0021687391196785733,0.7848024569988273,0.0,0.0
45,Device,Mul,gradient_tape/conv2d_35/kernel/Regularizer/Mul_1,2,122.881,61.4405,122.881,61.4405,0.0021508331592621933,0.7869532901580896,0.0,0.0
46,Device,ResourceApplyGradientDescent,SGD/SGD/update_122/ResourceApplyGradientDescent,2,122.88,61.44,122.88,61.44,0.002150815655879577,0.7891041058139692,0.0,0.0
47,Device,ResourceApplyGradientDescent,SGD/SGD/update_130/ResourceApplyGradientDescent,2,122.88,61.44,122.88,61.44,0.002150815655879577,0.7912549214698488,0.0,0.0
48,Device,Mul,gradient_tape/conv2d_34/kernel/Regularizer/Mul_1,2,121.856,60.928,121.856,60.928,0.0021328921920805806,0.7933878136619293,0.0,0.0
49,Device,Mul,gradient_tape/conv2d_32/kernel/Regularizer/Mul_1,2,120.832,60.416,120.832,60.416,0.002114968728281584,0.7955027823902109,0.0,0.0
50,Device,Mul,gradient_tape/conv2d_33/kernel/Regularizer/Mul_1,2,120.832,60.416,120.832,60.416,0.002114968728281584,0.7976177511184924,0.0,0.0
51,Device,Conv2DBackpropFilter,gradient_tape/model/conv2d_29/Conv2D/Conv2DBackpropFilter,2,119.808,59.904,119.808,59.904,0.002097045264482588,0.799714796382975,0.0,0.0
52,Device,Mul,gradient_tape/conv2d_30/kernel/Regularizer/Mul_1,2,118.785,59.3925,118.785,59.3925,0.0020791393040662074,0.8017939356870413,0.0,0.0
53,Device,AddN,SGD/gradients/AddN_49,2,113.665,56.8325,113.665,56.8325,0.0019895219850712253,0.8037834576721125,0.0,0.0
54,Device,AddN,SGD/gradients/AddN_50,2,113.664,56.832,113.664,56.832,0.0019895044816886087,0.805772962153801,0.0,0.0
55,Device,AddN,SGD/gradients/AddN_51,2,113.664,56.832,113.664,56.832,0.0019895044816886087,0.8077624666354897,0.0,0.0
56,Device,Conv2D,model/conv2d_16/Conv2D,4,112.641,28.16025,112.641,28.16025,0.0019715985212722287,0.8097340651567619,0.0,0.0
57,Device,AddN,SGD/gradients/AddN_48,2,112.64,56.32,112.64,56.32,0.001971581017889612,0.8117056461746516,0.0,0.0
58,Device,Conv2DBackpropInput,gradient_tape/model/conv2d_31/Conv2D/Conv2DBackpropInput,4,99.328,24.832,99.328,24.832,0.0017385759885026582,0.8134442221631543,0.0,0.0
59,Device,SoftmaxCrossEntropyWithLogits,categorical_crossentropy/softmax_cross_entropy_with_logits,2,94.208,47.104,94.208,47.104,0.0016489586695076757,0.8150931808326619,0.0,0.0
60,Device,Conv2DBackpropInput,gradient_tape/model/conv2d_16/Conv2D/Conv2DBackpropInput,2,92.16,46.08,92.16,46.08,0.0016131117419096827,0.8167062925745716,0.0,0.0
61,Device,Mul,gradient_tape/conv2d_30/kernel/Regularizer/Mul,2,83.968,41.984,83.968,41.984,0.0014697240315177111,0.8181760166060893,0.0,0.0
62,Device,Square,conv2d_30/kernel/Regularizer/Square,2,82.944,41.472,82.944,41.472,0.0014518005677187145,0.8196278171738081,0.0,0.0
63,Device,Square,conv2d_34/kernel/Regularizer/Square,2,81.92,40.96,81.92,40.96,0.0014338771039197182,0.8210616942777278,0.0,0.0
64,Device,Square,conv2d_35/kernel/Regularizer/Square,2,81.92,40.96,81.92,40.96,0.0014338771039197182,0.8224955713816475,0.0,0.0
65,Device,Square,conv2d_32/kernel/Regularizer/Square,2,80.896,40.448,80.896,40.448,0.0014159536401207216,0.8239115250217682,0.0,0.0
66,Device,Square,conv2d_33/kernel/Regularizer/Square,2,80.896,40.448,80.896,40.448,0.0014159536401207216,0.8253274786618889,0.0,0.0
67,Device,Conv2D,model/conv2d_7/Conv2D,4,80.896,20.224,80.896,20.224,0.0014159536401207216,0.8267434323020096,0.0,0.0
68,Device,Conv2D,model/conv2d_8/Conv2D,2,77.824,38.912,77.824,38.912,0.001362183248723732,0.8281056155507334,0.0,0.0
69,Device,Conv2D,model/conv2d_11/Conv2D,2,74.752,37.376,74.752,37.376,0.0013084128573267427,0.8294140284080601,0.0,0.0
70,Device,Conv2D,model/conv2d_12/Conv2D,2,74.752,37.376,74.752,37.376,0.0013084128573267427,0.8307224412653869,0.0,0.0
71,Device,Conv2D,model/conv2d_13/Conv2D,2,74.752,37.376,74.752,37.376,0.0013084128573267427,0.8320308541227136,0.0,0.0
72,Device,Conv2D,model/conv2d_15/Conv2D,2,74.752,37.376,74.752,37.376,0.0013084128573267427,0.8333392669800403,0.0,0.0
73,Device,Tile,gradient_tape/conv2d_30/kernel/Regularizer/Tile,2,73.728,36.864,73.728,36.864,0.0012904893935277461,0.8346297563735681,0.0,0.0
74,Device,Conv2D,model/conv2d_10/Conv2D,2,72.705,36.3525,72.705,36.3525,0.0012725834331113659,0.8359023398066794,0.0,0.0
75,Device,Conv2D,model/conv2d_14/Conv2D,2,72.704,36.352,72.704,36.352,0.0012725659297287497,0.8371749057364082,0.0,0.0
76,Device,Mul,gradient_tape/conv2d_29/kernel/Regularizer/Mul_1,2,64.512,32.256,64.512,32.256,0.001129178219336778,0.838304083955745,0.0,0.0
77,Device,Conv2DBackpropInput,gradient_tape/model/conv2d_18/Conv2D/Conv2DBackpropInput,4,64.512,16.128,64.512,16.128,0.001129178219336778,0.8394332621750817,0.0,0.0
78,Device,Conv2D,model/conv2d_31/Conv2D,4,63.488,15.872,63.488,15.872,0.0011112547555377815,0.8405445169306195,0.0,0.0
79,Device,Conv2DBackpropFilter,gradient_tape/model/conv2d_24/Conv2D/Conv2DBackpropFilter,2,62.465,31.2325,62.465,31.2325,0.0010933487951214013,0.8416378657257408,0.0,0.0
80,Device,Conv2DBackpropFilter,gradient_tape/model/conv2d_17/Conv2D/Conv2DBackpropFilter,2,62.464,31.232,62.464,31.232,0.001093331291738785,0.8427311970174797,0.0,0.0
81,Device,Conv2DBackpropFilter,gradient_tape/model/conv2d_27/Conv2D/Conv2DBackpropFilter,2,62.464,31.232,62.464,31.232,0.001093331291738785,0.8438245283092185,0.0,0.0
82,Device,Conv2DBackpropFilter,gradient_tape/model/conv2d_28/Conv2D/Conv2DBackpropFilter,2,62.464,31.232,62.464,31.232,0.001093331291738785,0.8449178596009573,0.0,0.0
83,Device,Conv2DBackpropFilter,gradient_tape/model/conv2d_19/Conv2D/Conv2DBackpropFilter,2,61.44,30.72,61.44,30.72,0.0010754078279397886,0.8459932674288971,0.0,0.0
84,Device,Conv2DBackpropFilter,gradient_tape/model/conv2d_20/Conv2D/Conv2DBackpropFilter,2,61.44,30.72,61.44,30.72,0.0010754078279397886,0.8470686752568369,0.0,0.0
85,Device,Conv2DBackpropFilter,gradient_tape/model/conv2d_23/Conv2D/Conv2DBackpropFilter,2,61.44,30.72,61.44,30.72,0.0010754078279397886,0.8481440830847767,0.0,0.0
86,Device,Conv2DBackpropFilter,gradient_tape/model/conv2d_25/Conv2D/Conv2DBackpropFilter,2,61.44,30.72,61.44,30.72,0.0010754078279397886,0.8492194909127165,0.0,0.0
87,Device,Conv2DBackpropFilter,gradient_tape/model/conv2d_26/Conv2D/Conv2DBackpropFilter,2,60.417,30.2085,60.417,30.2085,0.0010575018675234083,0.8502769927802399,0.0,0.0
88,Device,Conv2DBackpropFilter,gradient_tape/model/conv2d_21/Conv2D/Conv2DBackpropFilter,2,60.416,30.208,60.416,30.208,0.001057484364140792,0.8513344771443807,0.0,0.0
89,Device,Conv2DBackpropFilter,gradient_tape/model/conv2d_22/Conv2D/Conv2DBackpropFilter,2,60.416,30.208,60.416,30.208,0.001057484364140792,0.8523919615085215,0.0,0.0
90,Device,ResourceApplyGradientDescent,SGD/SGD/update_112/ResourceApplyGradientDescent,2,58.369,29.1845,58.369,29.1845,0.0010216549399254154,0.8534136164484469,0.0,0.0
91,Device,Sum,conv2d_32/kernel/Regularizer/Sum,2,57.345,28.6725,57.345,28.6725,0.0010037314761264188,0.8544173479245734,0.0,0.0
92,Device,AddN,SGD/gradients/AddN_45,2,57.344,28.672,57.344,28.672,0.0010037139727438027,0.8554210618973171,0.0,0.0
93,Device,Conv2DBackpropInput,gradient_tape/model/conv2d_15/Conv2D/Conv2DBackpropInput,2,55.297,27.6485,55.297,27.6485,0.0009678845485284258,0.8563889464458456,0.0,0.0
94,Device,Conv2DBackpropInput,gradient_tape/model/conv2d_10/Conv2D/Conv2DBackpropInput,2,55.296,27.648,55.296,27.648,0.0009678670451458097,0.8573568134909915,0.0,0.0
95,Device,Conv2DBackpropInput,gradient_tape/model/conv2d_13/Conv2D/Conv2DBackpropInput,2,55.296,27.648,55.296,27.648,0.0009678670451458097,0.8583246805361373,0.0,0.0
96,Device,Conv2DBackpropFilter,gradient_tape/model/conv2d_7/Conv2D/Conv2DBackpropFilter,2,55.296,27.648,55.296,27.648,0.0009678670451458097,0.8592925475812832,0.0,0.0
97,Device,Conv2DBackpropInput,gradient_tape/model/conv2d_12/Conv2D/Conv2DBackpropInput,2,54.272,27.136,54.272,27.136,0.0009499435813468132,0.86024249116263,0.0,0.0
98,Device,Conv2DBackpropInput,gradient_tape/model/conv2d_14/Conv2D/Conv2DBackpropInput,2,54.272,27.136,54.272,27.136,0.0009499435813468132,0.8611924347439768,0.0,0.0
99,Device,Conv2DBackpropInput,gradient_tape/model/conv2d_8/Conv2D/Conv2DBackpropInput,2,54.272,27.136,54.272,27.136,0.0009499435813468132,0.8621423783253236,0.0,0.0
100,Device,Conv2DBackpropInput,gradient_tape/model/conv2d_11/Conv2D/Conv2DBackpropInput,2,53.249,26.6245,53.249,26.6245,0.000932037620930433,0.863074415946254,0.0,0.0
101,Device,Conv2DBackpropInput,gradient_tape/model/conv2d_7/Conv2D/Conv2DBackpropInput,2,53.249,26.6245,53.249,26.6245,0.000932037620930433,0.8640064535671844,0.0,0.0
102,Device,Sum,conv2d_35/kernel/Regularizer/Sum,2,51.201,25.6005,51.201,25.6005,0.00089619069333244,0.8649026442605169,0.0,0.0
103,Device,Sum,conv2d_34/kernel/Regularizer/Sum,2,51.2,25.6,51.2,25.6,0.0008961731899498238,0.8657988174504667,0.0,0.0
104,Device,Conv2D,model/conv2d_1/Conv2D,2,51.2,25.6,51.2,25.6,0.0008961731899498238,0.8666949906404166,0.0,0.0
105,Device,Sum,conv2d_30/kernel/Regularizer/Sum,2,50.177,25.0885,50.177,25.0885,0.0008782672295334435,0.86757325786995,0.0,0.0
106,Device,Sum,conv2d_33/kernel/Regularizer/Sum,2,50.177,25.0885,50.177,25.0885,0.0008782672295334435,0.8684515250994834,0.0,0.0
107,Device,Conv2D,model/conv2d_2/Conv2D,2,50.176,25.088,50.176,25.088,0.0008782497261508273,0.8693297748256342,0.0,0.0
108,Device,Conv2D,model/conv2d_4/Conv2D,2,50.176,25.088,50.176,25.088,0.0008782497261508273,0.870208024551785,0.0,0.0
109,Device,Conv2DBackpropFilter,gradient_tape/model/conv2d/Conv2D/Conv2DBackpropFilter,2,49.152,24.576,49.152,24.576,0.0008603262623518308,0.8710683508141369,0.0,0.0
110,Device,Conv2DBackpropInput,gradient_tape/model/conv2d_2/Conv2D/Conv2DBackpropInput,2,49.152,24.576,49.152,24.576,0.0008603262623518308,0.8719286770764888,0.0,0.0
111,Device,Conv2D,model/conv2d_3/Conv2D,2,49.152,24.576,49.152,24.576,0.0008603262623518308,0.8727890033388407,0.0,0.0
112,Device,Conv2D,model/conv2d_6/Conv2D,2,49.152,24.576,49.152,24.576,0.0008603262623518308,0.8736493296011926,0.0,0.0
113,Device,Conv2DBackpropFilter,gradient_tape/model/conv2d_11/Conv2D/Conv2DBackpropFilter,2,48.129,24.0645,48.129,24.0645,0.0008424203019354505,0.8744917499031281,0.0,0.0
114,Device,Conv2DBackpropInput,gradient_tape/model/conv2d_5/Conv2D/Conv2DBackpropInput,2,48.129,24.0645,48.129,24.0645,0.0008424203019354505,0.8753341702050635,0.0,0.0
115,Device,Conv2DBackpropInput,gradient_tape/model/conv2d_3/Conv2D/Conv2DBackpropInput,2,48.128,24.064,48.128,24.064,0.0008424027985528343,0.8761765730036164,0.0,0.0
116,Device,Conv2DBackpropInput,gradient_tape/model/conv2d_4/Conv2D/Conv2DBackpropInput,2,48.128,24.064,48.128,24.064,0.0008424027985528343,0.8770189758021693,0.0,0.0
117,Device,Conv2DBackpropInput,gradient_tape/model/conv2d_6/Conv2D/Conv2DBackpropInput,2,48.128,24.064,48.128,24.064,0.0008424027985528343,0.8778613786007221,0.0,0.0
118,Device,Conv2D,model/conv2d/Conv2D,2,48.128,24.064,48.128,24.064,0.0008424027985528343,0.878703781399275,0.0,0.0
119,Device,Conv2D,model/conv2d_5/Conv2D,2,48.128,24.064,48.128,24.064,0.0008424027985528343,0.8795461841978278,0.0,0.0
120,Device,Conv2DBackpropInput,gradient_tape/model/conv2d_1/Conv2D/Conv2DBackpropInput,2,47.104,23.552,47.104,23.552,0.0008244793347538379,0.8803706635325816,0.0,0.0
121,Device,Conv2DBackpropFilter,gradient_tape/model/conv2d_12/Conv2D/Conv2DBackpropFilter,2,47.104,23.552,47.104,23.552,0.0008244793347538379,0.8811951428673355,0.0,0.0
122,Device,Conv2DBackpropFilter,gradient_tape/model/conv2d_13/Conv2D/Conv2DBackpropFilter,2,47.104,23.552,47.104,23.552,0.0008244793347538379,0.8820196222020893,0.0,0.0
123,Device,Conv2DBackpropFilter,gradient_tape/model/conv2d_14/Conv2D/Conv2DBackpropFilter,2,47.104,23.552,47.104,23.552,0.0008244793347538379,0.8828441015368431,0.0,0.0
124,Device,Conv2DBackpropFilter,gradient_tape/model/conv2d_15/Conv2D/Conv2DBackpropFilter,2,47.104,23.552,47.104,23.552,0.0008244793347538379,0.8836685808715969,0.0,0.0
125,Device,Conv2DBackpropFilter,gradient_tape/model/conv2d_16/Conv2D/Conv2DBackpropFilter,2,47.104,23.552,47.104,23.552,0.0008244793347538379,0.8844930602063508,0.0,0.0
126,Device,Conv2DBackpropFilter,gradient_tape/model/conv2d_8/Conv2D/Conv2DBackpropFilter,2,47.104,23.552,47.104,23.552,0.0008244793347538379,0.8853175395411046,0.0,0.0
127,Device,Conv2DBackpropFilter,gradient_tape/model/conv2d_10/Conv2D/Conv2DBackpropFilter,2,46.08,23.04,46.08,23.04,0.0008065558709548414,0.8861240954120594,0.0,0.0
128,Device,Square,conv2d_29/kernel/Regularizer/Square,2,44.033,22.0165,44.033,22.0165,0.0007707264467394647,0.8868948218587989,0.0,0.0
129,Device,Tile,gradient_tape/conv2d_29/kernel/Regularizer/Tile,2,40.96,20.48,40.96,20.48,0.0007169385519598591,0.8876117604107587,0.0,0.0
130,Device,Conv2DBackpropFilter,gradient_tape/model/conv2d_1/Conv2D/Conv2DBackpropFilter,2,40.96,20.48,40.96,20.48,0.0007169385519598591,0.8883286989627186,0.0,0.0
131,Device,Conv2DBackpropFilter,gradient_tape/model/conv2d_3/Conv2D/Conv2DBackpropFilter,2,39.936,19.968,39.936,19.968,0.0006990150881608625,0.8890277140508794,0.0,0.0
132,Device,Conv2DBackpropFilter,gradient_tape/model/conv2d_2/Conv2D/Conv2DBackpropFilter,2,38.912,19.456,38.912,19.456,0.000681091624361866,0.8897088056752414,0.0,0.0
133,Device,Conv2DBackpropInput,gradient_tape/model/conv2d_9/Conv2D/Conv2DBackpropInput,2,38.912,19.456,38.912,19.456,0.000681091624361866,0.8903898972996033,0.0,0.0
134,Device,Conv2DBackpropFilter,gradient_tape/model/conv2d_5/Conv2D/Conv2DBackpropFilter,2,37.888,18.944,37.888,18.944,0.0006631681605628695,0.8910530654601662,0.0,0.0
135,Device,Conv2DBackpropFilter,gradient_tape/model/conv2d_6/Conv2D/Conv2DBackpropFilter,2,37.888,18.944,37.888,18.944,0.0006631681605628695,0.891716233620729,0.0,0.0
136,Device,Conv2DBackpropFilter,gradient_tape/model/conv2d_4/Conv2D/Conv2DBackpropFilter,2,36.864,18.432,36.864,18.432,0.0006452446967638731,0.8923614783174929,0.0,0.0
137,Device,Sum,conv2d_29/kernel/Regularizer/Sum,2,34.816,17.408,34.816,17.408,0.0006093977691658802,0.8929708760866588,0.0,0.0
138,Device,Mul,gradient_tape/conv2d_17/kernel/Regularizer/Mul_1,2,34.816,17.408,34.816,17.408,0.0006093977691658802,0.8935802738558247,0.0,0.0
139,Device,AddN,SGD/gradients/AddN_34,2,32.768,16.384,32.768,16.384,0.0005735508415678872,0.8941538246973926,0.0,0.0
140,Device,AddN,SGD/gradients/AddN_36,2,32.768,16.384,32.768,16.384,0.0005735508415678872,0.8947273755389604,0.0,0.0
141,Device,AddN,SGD/gradients/AddN_38,2,32.768,16.384,32.768,16.384,0.0005735508415678872,0.8953009263805283,0.0,0.0
142,Device,AddN,SGD/gradients/AddN_43,2,32.768,16.384,32.768,16.384,0.0005735508415678872,0.8958744772220961,0.0,0.0
143,Device,AddN,SGD/gradients/AddN_44,2,32.768,16.384,32.768,16.384,0.0005735508415678872,0.896448028063664,0.0,0.0
144,Device,Mul,gradient_tape/conv2d_19/kernel/Regularizer/Mul_1,2,32.768,16.384,32.768,16.384,0.0005735508415678872,0.8970215789052318,0.0,0.0
145,Device,AddN,ArithmeticOptimizer/AddOpsRewrite_AddN_1,8,31.744,3.968,31.744,3.968,0.0005556273777688908,0.8975772062830008,0.0,0.0
146,Device,AddN,SGD/gradients/AddN_39,2,31.744,15.872,31.744,15.872,0.0005556273777688908,0.8981328336607697,0.0,0.0
147,Device,AddN,SGD/gradients/AddN_42,2,31.744,15.872,31.744,15.872,0.0005556273777688908,0.8986884610385386,0.0,0.0
148,Device,Mul,gradient_tape/conv2d_21/kernel/Regularizer/Mul_1,2,31.744,15.872,31.744,15.872,0.0005556273777688908,0.8992440884163075,0.0,0.0
149,Device,Mul,gradient_tape/conv2d_22/kernel/Regularizer/Mul_1,2,31.744,15.872,31.744,15.872,0.0005556273777688908,0.8997997157940765,0.0,0.0
150,Device,Mul,gradient_tape/conv2d_23/kernel/Regularizer/Mul_1,2,31.744,15.872,31.744,15.872,0.0005556273777688908,0.9003553431718454,0.0,0.0
151,Device,Mul,gradient_tape/conv2d_25/kernel/Regularizer/Mul_1,2,31.744,15.872,31.744,15.872,0.0005556273777688908,0.9009109705496143,0.0,0.0
152,Device,Mul,gradient_tape/conv2d_24/kernel/Regularizer/Mul_1,2,30.721,15.3605,30.721,15.3605,0.0005377214173525105,0.9014486919669669,0.0,0.0
153,Device,AddN,SGD/gradients/AddN_35,2,30.72,15.36,30.72,15.36,0.0005377039139698943,0.9019863958809368,0.0,0.0
154,Device,AddN,SGD/gradients/AddN_37,2,30.72,15.36,30.72,15.36,0.0005377039139698943,0.9025240997949067,0.0,0.0
155,Device,Mul,gradient_tape/conv2d_20/kernel/Regularizer/Mul_1,2,30.72,15.36,30.72,15.36,0.0005377039139698943,0.9030618037088766,0.0,0.0
156,Device,Mul,gradient_tape/conv2d_26/kernel/Regularizer/Mul_1,2,30.72,15.36,30.72,15.36,0.0005377039139698943,0.9035995076228465,0.0,0.0
157,Device,Mul,gradient_tape/conv2d_27/kernel/Regularizer/Mul_1,2,30.72,15.36,30.72,15.36,0.0005377039139698943,0.9041372115368164,0.0,0.0
158,Device,Mul,gradient_tape/conv2d_28/kernel/Regularizer/Mul_1,2,30.72,15.36,30.72,15.36,0.0005377039139698943,0.9046749154507863,0.0,0.0
159,Device,Mul,gradient_tape/conv2d_29/kernel/Regularizer/Mul,2,28.672,14.336,28.672,14.336,0.0005018569863719013,0.9051767724371582,0.0,0.0
160,Device,Conv2D,model/conv2d_18/Conv2D,2,28.672,14.336,28.672,14.336,0.0005018569863719013,0.9056786294235302,0.0,0.0
161,Device,Conv2D,model/conv2d_9/Conv2D,2,26.624,13.312,26.624,13.312,0.00046601005877390837,0.9061446394823041,0.0,0.0
162,Device,Conv2DBackpropFilter,gradient_tape/model/conv2d_18/Conv2D/Conv2DBackpropFilter,2,25.6,12.8,25.6,12.8,0.0004480865949749119,0.9065927260772789,0.0,0.0
163,Device,FusedBatchNormV3,model/batch_normalization_29/FusedBatchNormV3,4,24.577,6.14425,24.577,6.14425,0.00043018063455853165,0.9070229067118375,0.0,0.0
164,Device,FusedBatchNormV3,model/batch_normalization_31/FusedBatchNormV3,4,24.576,6.144,24.576,6.144,0.0004301631311759154,0.9074530698430134,0.0,0.0
165,Device,FusedBatchNormV3,model/batch_normalization_32/FusedBatchNormV3,4,24.576,6.144,24.576,6.144,0.0004301631311759154,0.9078832329741894,0.0,0.0
166,Device,ResourceApplyGradientDescent,SGD/SGD/update_108/ResourceApplyGradientDescent,2,23.552,11.776,23.552,11.776,0.00041223966737691893,0.9082954726415663,0.0,0.0
167,Device,ResourceApplyGradientDescent,SGD/SGD/update_96/ResourceApplyGradientDescent,2,23.552,11.776,23.552,11.776,0.00041223966737691893,0.9087077123089432,0.0,0.0
168,Device,AddN,SGD/gradients/AddN_40,2,23.552,11.776,23.552,11.776,0.00041223966737691893,0.9091199519763201,0.0,0.0
169,Device,AddN,SGD/gradients/AddN_41,2,23.552,11.776,23.552,11.776,0.00041223966737691893,0.909532191643697,0.0,0.0
170,Device,Sum,conv2d_21/kernel/Regularizer/Sum,2,23.552,11.776,23.552,11.776,0.00041223966737691893,0.9099444313110739,0.0,0.0
171,Device,Square,conv2d_26/kernel/Regularizer/Square,2,23.552,11.776,23.552,11.776,0.00041223966737691893,0.9103566709784509,0.0,0.0
172,Device,Sum,conv2d_28/kernel/Regularizer/Sum,2,23.552,11.776,23.552,11.776,0.00041223966737691893,0.9107689106458278,0.0,0.0
173,Device,FusedBatchNormV3,model/batch_normalization_30/FusedBatchNormV3,4,23.552,5.888,23.552,5.888,0.00041223966737691893,0.9111811503132047,0.0,0.0
174,Device,ResourceApplyGradientDescent,SGD/SGD/update_88/ResourceApplyGradientDescent,2,22.529,11.2645,22.529,11.2645,0.0003943337069605387,0.9115754840201652,0.0,0.0
175,Device,Sum,conv2d_20/kernel/Regularizer/Sum,2,22.529,11.2645,22.529,11.2645,0.0003943337069605387,0.9119698177271257,0.0,0.0
176,Device,ResourceApplyGradientDescent,SGD/SGD/update_72/ResourceApplyGradientDescent,2,22.528,11.264,22.528,11.264,0.00039431620357792245,0.9123641339307036,0.0,0.0
177,Device,ResourceApplyGradientDescent,SGD/SGD/update_76/ResourceApplyGradientDescent,2,22.528,11.264,22.528,11.264,0.00039431620357792245,0.9127584501342815,0.0,0.0
178,Device,Sum,conv2d_22/kernel/Regularizer/Sum,2,22.528,11.264,22.528,11.264,0.00039431620357792245,0.9131527663378594,0.0,0.0
179,Device,Square,conv2d_24/kernel/Regularizer/Square,2,22.528,11.264,22.528,11.264,0.00039431620357792245,0.9135470825414372,0.0,0.0
180,Device,BiasAddGrad,gradient_tape/model/conv2d_29/BiasAdd/BiasAddGrad,2,22.528,11.264,22.528,11.264,0.00039431620357792245,0.9139413987450151,0.0,0.0
181,Device,BiasAddGrad,gradient_tape/model/conv2d_31/BiasAdd/BiasAddGrad,2,22.528,11.264,22.528,11.264,0.00039431620357792245,0.914335714948593,0.0,0.0
182,Device,Conv2DBackpropFilter,gradient_tape/model/conv2d_31/Conv2D/Conv2DBackpropFilter,2,22.528,11.264,22.528,11.264,0.00039431620357792245,0.9147300311521709,0.0,0.0
183,Device,BiasAddGrad,gradient_tape/model/conv2d_32/BiasAdd/BiasAddGrad,2,22.528,11.264,22.528,11.264,0.00039431620357792245,0.9151243473557488,0.0,0.0
184,Device,BiasAddGrad,gradient_tape/model/conv2d_34/BiasAdd/BiasAddGrad,2,22.528,11.264,22.528,11.264,0.00039431620357792245,0.9155186635593267,0.0,0.0
185,Device,Conv2DBackpropFilter,gradient_tape/model/conv2d_9/Conv2D/Conv2DBackpropFilter,2,22.528,11.264,22.528,11.264,0.00039431620357792245,0.9159129797629045,0.0,0.0
186,Device,FusedBatchNormV3,model/batch_normalization_27/FusedBatchNormV3,4,22.528,5.632,22.528,5.632,0.00039431620357792245,0.9163072959664824,0.0,0.0
187,Device,FusedBatchNormV3,model/batch_normalization_28/FusedBatchNormV3,4,22.528,5.632,22.528,5.632,0.00039431620357792245,0.9167016121700603,0.0,0.0
188,Device,MatMul,model/dense/MatMul,2,22.528,11.264,22.528,11.264,0.00039431620357792245,0.9170959283736382,0.0,0.0
189,Device,ResourceApplyGradientDescent,SGD/SGD/update_68/ResourceApplyGradientDescent,2,21.505,10.7525,21.505,10.7525,0.00037641024316154215,0.9174723386167998,0.0,0.0
190,Device,Square,conv2d_19/kernel/Regularizer/Square,2,21.505,10.7525,21.505,10.7525,0.00037641024316154215,0.9178487488599614,0.0,0.0
191,Device,ResourceApplyGradientDescent,SGD/SGD/update_80/ResourceApplyGradientDescent,2,21.504,10.752,21.504,10.752,0.000376392739778926,0.9182251415997403,0.0,0.0
192,Device,ResourceApplyGradientDescent,SGD/SGD/update_84/ResourceApplyGradientDescent,2,21.504,10.752,21.504,10.752,0.000376392739778926,0.9186015343395193,0.0,0.0
193,Device,ResourceApplyGradientDescent,SGD/SGD/update_92/ResourceApplyGradientDescent,2,21.504,10.752,21.504,10.752,0.000376392739778926,0.9189779270792983,0.0,0.0
194,Device,Square,conv2d_17/kernel/Regularizer/Square,2,21.504,10.752,21.504,10.752,0.000376392739778926,0.9193543198190772,0.0,0.0
195,Device,Square,conv2d_20/kernel/Regularizer/Square,2,21.504,10.752,21.504,10.752,0.000376392739778926,0.9197307125588562,0.0,0.0
196,Device,Square,conv2d_21/kernel/Regularizer/Square,2,21.504,10.752,21.504,10.752,0.000376392739778926,0.9201071052986352,0.0,0.0
197,Device,Square,conv2d_23/kernel/Regularizer/Square,2,21.504,10.752,21.504,10.752,0.000376392739778926,0.9204834980384141,0.0,0.0
198,Device,Square,conv2d_25/kernel/Regularizer/Square,2,21.504,10.752,21.504,10.752,0.000376392739778926,0.9208598907781931,0.0,0.0
199,Device,Square,conv2d_27/kernel/Regularizer/Square,2,21.504,10.752,21.504,10.752,0.000376392739778926,0.921236283517972,0.0,0.0
200,Device,Square,conv2d_28/kernel/Regularizer/Square,2,21.504,10.752,21.504,10.752,0.000376392739778926,0.921612676257751,0.0,0.0
201,Device,BiasAddGrad,gradient_tape/model/conv2d_33/BiasAdd/BiasAddGrad,2,21.504,10.752,21.504,10.752,0.000376392739778926,0.92198906899753,0.0,0.0
202,Device,BiasAddGrad,gradient_tape/model/conv2d_35/BiasAdd/BiasAddGrad,2,21.504,10.752,21.504,10.752,0.000376392739778926,0.9223654617373089,0.0,0.0
203,Device,FusedBatchNormV3,model/batch_normalization/FusedBatchNormV3,4,21.504,5.376,21.504,5.376,0.000376392739778926,0.9227418544770879,0.0,0.0
204,Device,Tile,gradient_tape/conv2d_17/kernel/Regularizer/Tile,2,20.481,10.2405,20.481,10.2405,0.00035848677936254573,0.9231003412564505,0.0,0.0
205,Device,ResourceApplyGradientDescent,SGD/SGD/update_100/ResourceApplyGradientDescent,2,20.48,10.24,20.48,10.24,0.00035846927597992954,0.9234588105324304,0.0,0.0
206,Device,ResourceApplyGradientDescent,SGD/SGD/update_104/ResourceApplyGradientDescent,2,20.48,10.24,20.48,10.24,0.00035846927597992954,0.9238172798084103,0.0,0.0
207,Device,Sum,conv2d_17/kernel/Regularizer/Sum,2,20.48,10.24,20.48,10.24,0.00035846927597992954,0.9241757490843903,0.0,0.0
208,Device,Sum,conv2d_23/kernel/Regularizer/Sum,2,20.48,10.24,20.48,10.24,0.00035846927597992954,0.9245342183603702,0.0,0.0
209,Device,Sum,conv2d_24/kernel/Regularizer/Sum,2,20.48,10.24,20.48,10.24,0.00035846927597992954,0.9248926876363501,0.0,0.0
210,Device,Sum,conv2d_25/kernel/Regularizer/Sum,2,20.48,10.24,20.48,10.24,0.00035846927597992954,0.9252511569123301,0.0,0.0
211,Device,Sum,conv2d_26/kernel/Regularizer/Sum,2,20.48,10.24,20.48,10.24,0.00035846927597992954,0.92560962618831,0.0,0.0
212,Device,Sum,conv2d_27/kernel/Regularizer/Sum,2,20.48,10.24,20.48,10.24,0.00035846927597992954,0.9259680954642899,0.0,0.0
213,Device,FusedBatchNormGradV3,gradient_tape/model/batch_normalization_27/FusedBatchNormGradV3,2,20.48,10.24,20.48,10.24,0.00035846927597992954,0.9263265647402699,0.0,0.0
214,Device,FusedBatchNormGradV3,gradient_tape/model/batch_normalization_28/FusedBatchNormGradV3,2,20.48,10.24,20.48,10.24,0.00035846927597992954,0.9266850340162498,0.0,0.0
215,Device,FusedBatchNormGradV3,gradient_tape/model/batch_normalization_29/FusedBatchNormGradV3,2,20.48,10.24,20.48,10.24,0.00035846927597992954,0.9270435032922297,0.0,0.0
216,Device,FusedBatchNormGradV3,gradient_tape/model/batch_normalization_31/FusedBatchNormGradV3,2,20.48,10.24,20.48,10.24,0.00035846927597992954,0.9274019725682097,0.0,0.0
217,Device,Sum,conv2d_19/kernel/Regularizer/Sum,2,19.456,9.728,19.456,9.728,0.000340545812180933,0.9277425183803906,0.0,0.0
218,Device,Mul,gradient_tape/conv2d_16/kernel/Regularizer/Mul_1,2,19.456,9.728,19.456,9.728,0.000340545812180933,0.9280830641925715,0.0,0.0
219,Device,FusedBatchNormGradV3,gradient_tape/model/batch_normalization_30/FusedBatchNormGradV3,2,19.456,9.728,19.456,9.728,0.000340545812180933,0.9284236100047524,0.0,0.0
220,Device,FusedBatchNormV3,model/batch_normalization_23/FusedBatchNormV3,4,18.433,4.60825,18.433,4.60825,0.00032263985176455277,0.9287462498565169,0.0,0.0
221,Device,FusedBatchNormGradV3,gradient_tape/model/batch_normalization_32/FusedBatchNormGradV3,2,18.432,9.216,18.432,9.216,0.00032262234838193653,0.9290688722048989,0.0,0.0
222,Device,MaxPoolGrad,gradient_tape/model/max_pooling2d/MaxPool/MaxPoolGrad,2,18.432,9.216,18.432,9.216,0.00032262234838193653,0.9293914945532809,0.0,0.0
223,Device,FusedBatchNormV3,model/batch_normalization_15/FusedBatchNormV3,4,18.432,4.608,18.432,4.608,0.00032262234838193653,0.9297141169016628,0.0,0.0
224,Device,FusedBatchNormV3,model/batch_normalization_18/FusedBatchNormV3,4,18.432,4.608,18.432,4.608,0.00032262234838193653,0.9300367392500448,0.0,0.0
225,Device,FusedBatchNormV3,model/batch_normalization_19/FusedBatchNormV3,4,18.432,4.608,18.432,4.608,0.00032262234838193653,0.9303593615984268,0.0,0.0
226,Device,FusedBatchNormV3,model/batch_normalization_22/FusedBatchNormV3,4,18.432,4.608,18.432,4.608,0.00032262234838193653,0.9306819839468088,0.0,0.0
227,Device,FusedBatchNormV3,model/batch_normalization_25/FusedBatchNormV3,4,18.432,4.608,18.432,4.608,0.00032262234838193653,0.9310046062951908,0.0,0.0
228,Device,FusedBatchNormV3,model/batch_normalization_26/FusedBatchNormV3,4,18.432,4.608,18.432,4.608,0.00032262234838193653,0.9313272286435728,0.0,0.0
229,Device,_Send,IteratorGetNext/_1,1,17.536,17.536,17.536,17.536,0.0003069393175578147,0.9316341679611305,0.0,0.0
230,Device,Square,conv2d_22/kernel/Regularizer/Square,2,17.408,8.704,17.408,8.704,0.0003046988845829401,0.9319388668457135,0.0,0.0
231,Device,FusedBatchNormV3,model/batch_normalization_16/FusedBatchNormV3,4,17.408,4.352,17.408,4.352,0.0003046988845829401,0.9322435657302964,0.0,0.0
232,Device,FusedBatchNormV3,model/batch_normalization_17/FusedBatchNormV3,4,17.408,4.352,17.408,4.352,0.0003046988845829401,0.9325482646148794,0.0,0.0
233,Device,FusedBatchNormV3,model/batch_normalization_20/FusedBatchNormV3,4,17.408,4.352,17.408,4.352,0.0003046988845829401,0.9328529634994623,0.0,0.0
234,Device,FusedBatchNormV3,model/batch_normalization_21/FusedBatchNormV3,4,17.408,4.352,17.408,4.352,0.0003046988845829401,0.9331576623840453,0.0,0.0
235,Device,FusedBatchNormV3,model/batch_normalization_24/FusedBatchNormV3,4,17.408,4.352,17.408,4.352,0.0003046988845829401,0.9334623612686282,0.0,0.0
236,Device,Softmax,model/dense/Softmax,2,17.408,8.704,17.408,8.704,0.0003046988845829401,0.9337670601532112,0.0,0.0
237,Device,_Recv,IteratorGetNext/_2,1,16.704,16.704,16.704,16.704,0.00029237650322113003,0.9340594366564323,0.0,0.0
238,Device,Sum,conv2d_10/kernel/Regularizer/Sum,2,16.384,8.192,16.384,8.192,0.0002867754207839436,0.9343462120772162,0.0,0.0
239,Device,Tile,gradient_tape/conv2d_16/kernel/Regularizer/Tile,2,16.384,8.192,16.384,8.192,0.0002867754207839436,0.9346329874980002,0.0,0.0
240,Device,Mul,gradient_tape/conv2d_17/kernel/Regularizer/Mul,2,16.384,8.192,16.384,8.192,0.0002867754207839436,0.9349197629187841,0.0,0.0
241,Device,FusedBatchNormGradV3,gradient_tape/model/batch_normalization/FusedBatchNormGradV3,2,16.384,8.192,16.384,8.192,0.0002867754207839436,0.935206538339568,0.0,0.0
242,Device,FusedBatchNormGradV3,gradient_tape/model/batch_normalization_15/FusedBatchNormGradV3,2,16.384,8.192,16.384,8.192,0.0002867754207839436,0.9354933137603519,0.0,0.0
243,Device,FusedBatchNormGradV3,gradient_tape/model/batch_normalization_21/FusedBatchNormGradV3,2,16.384,8.192,16.384,8.192,0.0002867754207839436,0.9357800891811359,0.0,0.0
244,Device,FusedBatchNormGradV3,gradient_tape/model/batch_normalization_23/FusedBatchNormGradV3,2,16.384,8.192,16.384,8.192,0.0002867754207839436,0.9360668646019198,0.0,0.0
245,Device,MaxPool,model/max_pooling2d/MaxPool,2,16.384,8.192,16.384,8.192,0.0002867754207839436,0.9363536400227037,0.0,0.0
246,Device,Sum,conv2d_12/kernel/Regularizer/Sum,2,15.36,7.68,15.36,7.68,0.00026885195698494714,0.9366224919796886,0.0,0.0
247,Device,Sum,conv2d_13/kernel/Regularizer/Sum,2,15.36,7.68,15.36,7.68,0.00026885195698494714,0.9368913439366735,0.0,0.0
248,Device,Sum,conv2d_14/kernel/Regularizer/Sum,2,15.36,7.68,15.36,7.68,0.00026885195698494714,0.9371601958936584,0.0,0.0
249,Device,Sum,conv2d_15/kernel/Regularizer/Sum,2,15.36,7.68,15.36,7.68,0.00026885195698494714,0.9374290478506433,0.0,0.0
250,Device,Square,conv2d_16/kernel/Regularizer/Square,2,15.36,7.68,15.36,7.68,0.00026885195698494714,0.9376978998076282,0.0,0.0
251,Device,Sum,conv2d_16/kernel/Regularizer/Sum,2,15.36,7.68,15.36,7.68,0.00026885195698494714,0.9379667517646131,0.0,0.0
252,Device,Sum,conv2d_31/kernel/Regularizer/Sum,2,15.36,7.68,15.36,7.68,0.00026885195698494714,0.938235603721598,0.0,0.0
253,Device,FusedBatchNormGradV3,gradient_tape/model/batch_normalization_24/FusedBatchNormGradV3,2,15.36,7.68,15.36,7.68,0.00026885195698494714,0.9385044556785829,0.0,0.0
254,Device,FusedBatchNormGradV3,gradient_tape/model/batch_normalization_25/FusedBatchNormGradV3,2,15.36,7.68,15.36,7.68,0.00026885195698494714,0.9387733076355678,0.0,0.0
255,Device,FusedBatchNormGradV3,gradient_tape/model/batch_normalization_26/FusedBatchNormGradV3,2,15.36,7.68,15.36,7.68,0.00026885195698494714,0.9390421595925527,0.0,0.0
256,Device,FusedBatchNormV3,model/batch_normalization_2/FusedBatchNormV3,4,15.36,3.84,15.36,3.84,0.00026885195698494714,0.9393110115495376,0.0,0.0
257,Device,FusedBatchNormV3,model/batch_normalization_5/FusedBatchNormV3,4,15.36,3.84,15.36,3.84,0.00026885195698494714,0.9395798635065225,0.0,0.0
258,Device,AddN,SGD/gradients/AddN_32,2,14.336,7.168,14.336,7.168,0.00025092849318595066,0.9398307919997084,0.0,0.0
259,Device,Sum,conv2d_11/kernel/Regularizer/Sum,2,14.336,7.168,14.336,7.168,0.00025092849318595066,0.9400817204928944,0.0,0.0
260,Device,Sum,conv2d_18/kernel/Regularizer/Sum,2,14.336,7.168,14.336,7.168,0.00025092849318595066,0.9403326489860804,0.0,0.0
261,Device,Sum,conv2d_3/kernel/Regularizer/Sum,2,14.336,7.168,14.336,7.168,0.00025092849318595066,0.9405835774792664,0.0,0.0
262,Device,Sum,conv2d_4/kernel/Regularizer/Sum,2,14.336,7.168,14.336,7.168,0.00025092849318595066,0.9408345059724523,0.0,0.0
263,Device,Sum,conv2d_7/kernel/Regularizer/Sum,2,14.336,7.168,14.336,7.168,0.00025092849318595066,0.9410854344656383,0.0,0.0
264,Device,Mul,gradient_tape/conv2d_16/kernel/Regularizer/Mul,2,14.336,7.168,14.336,7.168,0.00025092849318595066,0.9413363629588243,0.0,0.0
265,Device,FusedBatchNormGradV3,gradient_tape/model/batch_normalization_16/FusedBatchNormGradV3,2,14.336,7.168,14.336,7.168,0.00025092849318595066,0.9415872914520103,0.0,0.0
266,Device,FusedBatchNormGradV3,gradient_tape/model/batch_normalization_17/FusedBatchNormGradV3,2,14.336,7.168,14.336,7.168,0.00025092849318595066,0.9418382199451962,0.0,0.0
267,Device,FusedBatchNormGradV3,gradient_tape/model/batch_normalization_18/FusedBatchNormGradV3,2,14.336,7.168,14.336,7.168,0.00025092849318595066,0.9420891484383822,0.0,0.0
268,Device,FusedBatchNormGradV3,gradient_tape/model/batch_normalization_19/FusedBatchNormGradV3,2,14.336,7.168,14.336,7.168,0.00025092849318595066,0.9423400769315682,0.0,0.0
269,Device,FusedBatchNormGradV3,gradient_tape/model/batch_normalization_20/FusedBatchNormGradV3,2,14.336,7.168,14.336,7.168,0.00025092849318595066,0.9425910054247542,0.0,0.0
270,Device,FusedBatchNormGradV3,gradient_tape/model/batch_normalization_22/FusedBatchNormGradV3,2,14.336,7.168,14.336,7.168,0.00025092849318595066,0.9428419339179401,0.0,0.0
271,Device,BiasAddGrad,gradient_tape/model/conv2d_20/BiasAdd/BiasAddGrad,2,14.336,7.168,14.336,7.168,0.00025092849318595066,0.9430928624111261,0.0,0.0
272,Device,FusedBatchNormV3,model/batch_normalization_10/FusedBatchNormV3,4,14.336,3.584,14.336,3.584,0.00025092849318595066,0.9433437909043121,0.0,0.0
273,Device,FusedBatchNormV3,model/batch_normalization_12/FusedBatchNormV3,4,14.336,3.584,14.336,3.584,0.00025092849318595066,0.9435947193974981,0.0,0.0
274,Device,FusedBatchNormV3,model/batch_normalization_14/FusedBatchNormV3,4,14.336,3.584,14.336,3.584,0.00025092849318595066,0.943845647890684,0.0,0.0
275,Device,FusedBatchNormV3,model/batch_normalization_6/FusedBatchNormV3,4,14.336,3.584,14.336,3.584,0.00025092849318595066,0.94409657638387,0.0,0.0
276,Device,FusedBatchNormV3,model/batch_normalization_7/FusedBatchNormV3,4,14.336,3.584,14.336,3.584,0.00025092849318595066,0.944347504877056,0.0,0.0
277,Device,Sum,conv2d_1/kernel/Regularizer/Sum,2,13.312,6.656,13.312,6.656,0.00023300502938695418,0.9445805099064429,0.0,0.0
278,Device,Sum,conv2d_5/kernel/Regularizer/Sum,2,13.312,6.656,13.312,6.656,0.00023300502938695418,0.9448135149358299,0.0,0.0
279,Device,Sum,conv2d_8/kernel/Regularizer/Sum,2,13.312,6.656,13.312,6.656,0.00023300502938695418,0.9450465199652168,0.0,0.0
280,Device,BiasAddGrad,gradient_tape/model/conv2d/BiasAdd/BiasAddGrad,2,13.312,6.656,13.312,6.656,0.00023300502938695418,0.9452795249946038,0.0,0.0
281,Device,BiasAddGrad,gradient_tape/model/conv2d_19/BiasAdd/BiasAddGrad,2,13.312,6.656,13.312,6.656,0.00023300502938695418,0.9455125300239907,0.0,0.0
282,Device,BiasAddGrad,gradient_tape/model/conv2d_22/BiasAdd/BiasAddGrad,2,13.312,6.656,13.312,6.656,0.00023300502938695418,0.9457455350533777,0.0,0.0
283,Device,BiasAddGrad,gradient_tape/model/conv2d_24/BiasAdd/BiasAddGrad,2,13.312,6.656,13.312,6.656,0.00023300502938695418,0.9459785400827646,0.0,0.0
284,Device,BiasAddGrad,gradient_tape/model/conv2d_25/BiasAdd/BiasAddGrad,2,13.312,6.656,13.312,6.656,0.00023300502938695418,0.9462115451121516,0.0,0.0
285,Device,BiasAddGrad,gradient_tape/model/conv2d_26/BiasAdd/BiasAddGrad,2,13.312,6.656,13.312,6.656,0.00023300502938695418,0.9464445501415385,0.0,0.0
286,Device,BiasAddGrad,gradient_tape/model/conv2d_27/BiasAdd/BiasAddGrad,2,13.312,6.656,13.312,6.656,0.00023300502938695418,0.9466775551709254,0.0,0.0
287,Device,FusedBatchNormV3,model/batch_normalization_11/FusedBatchNormV3,4,13.312,3.328,13.312,3.328,0.00023300502938695418,0.9469105602003124,0.0,0.0
288,Device,FusedBatchNormV3,model/batch_normalization_13/FusedBatchNormV3,4,13.312,3.328,13.312,3.328,0.00023300502938695418,0.9471435652296993,0.0,0.0
289,Device,FusedBatchNormV3,model/batch_normalization_4/FusedBatchNormV3,4,13.312,3.328,13.312,3.328,0.00023300502938695418,0.9473765702590863,0.0,0.0
290,Device,FusedBatchNormV3,model/batch_normalization_8/FusedBatchNormV3,4,13.312,3.328,13.312,3.328,0.00023300502938695418,0.9476095752884732,0.0,0.0
291,Device,FusedBatchNormGradV3,gradient_tape/model/batch_normalization_8/FusedBatchNormGradV3,2,12.289,6.1445,12.289,6.1445,0.00021509906897057392,0.9478246743574438,0.0,0.0
292,Device,ResourceApplyGradientDescent,SGD/SGD/update_116/ResourceApplyGradientDescent,2,12.288,6.144,12.288,6.144,0.0002150815655879577,0.9480397559230317,0.0,0.0
293,Device,Sum,conv2d_2/kernel/Regularizer/Sum,2,12.288,6.144,12.288,6.144,0.0002150815655879577,0.9482548374886196,0.0,0.0
294,Device,Sum,conv2d_6/kernel/Regularizer/Sum,2,12.288,6.144,12.288,6.144,0.0002150815655879577,0.9484699190542075,0.0,0.0
295,Device,Sum,conv2d_9/kernel/Regularizer/Sum,2,12.288,6.144,12.288,6.144,0.0002150815655879577,0.9486850006197954,0.0,0.0
296,Device,Tile,gradient_tape/conv2d_1/kernel/Regularizer/Tile,2,12.288,6.144,12.288,6.144,0.0002150815655879577,0.9489000821853834,0.0,0.0
297,Device,Mul,gradient_tape/conv2d_10/kernel/Regularizer/Mul_1,2,12.288,6.144,12.288,6.144,0.0002150815655879577,0.9491151637509713,0.0,0.0
298,Device,Tile,gradient_tape/conv2d_18/kernel/Regularizer/Tile,2,12.288,6.144,12.288,6.144,0.0002150815655879577,0.9493302453165592,0.0,0.0
299,Device,Tile,gradient_tape/conv2d_31/kernel/Regularizer/Tile,2,12.288,6.144,12.288,6.144,0.0002150815655879577,0.9495453268821471,0.0,0.0
300,Device,Tile,gradient_tape/conv2d_7/kernel/Regularizer/Tile,2,12.288,6.144,12.288,6.144,0.0002150815655879577,0.949760408447735,0.0,0.0
301,Device,Tile,gradient_tape/conv2d_8/kernel/Regularizer/Tile,2,12.288,6.144,12.288,6.144,0.0002150815655879577,0.9499754900133229,0.0,0.0
302,Device,BiasAddGrad,gradient_tape/model/conv2d_16/BiasAdd/BiasAddGrad,2,12.288,6.144,12.288,6.144,0.0002150815655879577,0.9501905715789108,0.0,0.0
303,Device,BiasAddGrad,gradient_tape/model/conv2d_18/BiasAdd/BiasAddGrad,2,12.288,6.144,12.288,6.144,0.0002150815655879577,0.9504056531444988,0.0,0.0
304,Device,BiasAddGrad,gradient_tape/model/conv2d_21/BiasAdd/BiasAddGrad,2,12.288,6.144,12.288,6.144,0.0002150815655879577,0.9506207347100867,0.0,0.0
305,Device,BiasAddGrad,gradient_tape/model/conv2d_23/BiasAdd/BiasAddGrad,2,12.288,6.144,12.288,6.144,0.0002150815655879577,0.9508358162756746,0.0,0.0
306,Device,BiasAddGrad,gradient_tape/model/conv2d_28/BiasAdd/BiasAddGrad,2,12.288,6.144,12.288,6.144,0.0002150815655879577,0.9510508978412625,0.0,0.0
307,Device,FusedBatchNormV3,model/batch_normalization_1/FusedBatchNormV3,4,12.288,3.072,12.288,3.072,0.0002150815655879577,0.9512659794068504,0.0,0.0
308,Device,FusedBatchNormV3,model/batch_normalization_3/FusedBatchNormV3,4,12.288,3.072,12.288,3.072,0.0002150815655879577,0.9514810609724383,0.0,0.0
309,Device,FusedBatchNormV3,model/batch_normalization_9/FusedBatchNormV3,4,12.288,3.072,12.288,3.072,0.0002150815655879577,0.9516961425380263,0.0,0.0
310,Device,AddN,SGD/gradients/AddN_46,2,11.265,5.6325,11.265,5.6325,0.00019717560517157744,0.9518933181431979,0.0,0.0
311,Device,Sum,conv2d/kernel/Regularizer/Sum,2,11.264,5.632,11.264,5.632,0.00019715810178896122,0.9520904762449869,0.0,0.0
312,Device,Mul,gradient_tape/conv2d_14/kernel/Regularizer/Mul,2,11.264,5.632,11.264,5.632,0.00019715810178896122,0.9522876343467759,0.0,0.0
313,Device,Mul,gradient_tape/conv2d_31/kernel/Regularizer/Mul_1,2,11.264,5.632,11.264,5.632,0.00019715810178896122,0.9524847924485649,0.0,0.0
314,Device,FusedBatchNormGradV3,gradient_tape/model/batch_normalization_11/FusedBatchNormGradV3,2,11.264,5.632,11.264,5.632,0.00019715810178896122,0.9526819505503539,0.0,0.0
315,Device,FusedBatchNormGradV3,gradient_tape/model/batch_normalization_12/FusedBatchNormGradV3,2,11.264,5.632,11.264,5.632,0.00019715810178896122,0.9528791086521429,0.0,0.0
316,Device,FusedBatchNormGradV3,gradient_tape/model/batch_normalization_14/FusedBatchNormGradV3,2,11.264,5.632,11.264,5.632,0.00019715810178896122,0.9530762667539319,0.0,0.0
317,Device,FusedBatchNormGradV3,gradient_tape/model/batch_normalization_2/FusedBatchNormGradV3,2,11.264,5.632,11.264,5.632,0.00019715810178896122,0.9532734248557209,0.0,0.0
318,Device,FusedBatchNormGradV3,gradient_tape/model/batch_normalization_6/FusedBatchNormGradV3,2,11.264,5.632,11.264,5.632,0.00019715810178896122,0.9534705829575099,0.0,0.0
319,Device,FusedBatchNormGradV3,gradient_tape/model/batch_normalization_7/FusedBatchNormGradV3,2,11.264,5.632,11.264,5.632,0.00019715810178896122,0.9536677410592989,0.0,0.0
320,Device,Relu,model/activation/Relu,2,11.264,5.632,11.264,5.632,0.00019715810178896122,0.9538648991610879,0.0,0.0
321,Device,BiasAdd,model/conv2d/BiasAdd,2,11.264,5.632,11.264,5.632,0.00019715810178896122,0.9540620572628769,0.0,0.0
322,Device,Square,conv2d_10/kernel/Regularizer/Square,2,10.24,5.12,10.24,5.12,0.00017923463798996477,0.9542412919008668,0.0,0.0
323,Device,Square,conv2d_12/kernel/Regularizer/Square,2,10.24,5.12,10.24,5.12,0.00017923463798996477,0.9544205265388568,0.0,0.0
324,Device,Square,conv2d_13/kernel/Regularizer/Square,2,10.24,5.12,10.24,5.12,0.00017923463798996477,0.9545997611768468,0.0,0.0
325,Device,Square,conv2d_14/kernel/Regularizer/Square,2,10.24,5.12,10.24,5.12,0.00017923463798996477,0.9547789958148367,0.0,0.0
326,Device,Square,conv2d_15/kernel/Regularizer/Square,2,10.24,5.12,10.24,5.12,0.00017923463798996477,0.9549582304528267,0.0,0.0
327,Device,Square,conv2d_8/kernel/Regularizer/Square,2,10.24,5.12,10.24,5.12,0.00017923463798996477,0.9551374650908167,0.0,0.0
328,Device,Mul,gradient_tape/conv2d_10/kernel/Regularizer/Mul,2,10.24,5.12,10.24,5.12,0.00017923463798996477,0.9553166997288066,0.0,0.0
329,Device,Mul,gradient_tape/conv2d_11/kernel/Regularizer/Mul,2,10.24,5.12,10.24,5.12,0.00017923463798996477,0.9554959343667966,0.0,0.0
330,Device,Mul,gradient_tape/conv2d_11/kernel/Regularizer/Mul_1,2,10.24,5.12,10.24,5.12,0.00017923463798996477,0.9556751690047866,0.0,0.0
331,Device,Mul,gradient_tape/conv2d_12/kernel/Regularizer/Mul,2,10.24,5.12,10.24,5.12,0.00017923463798996477,0.9558544036427765,0.0,0.0
332,Device,Mul,gradient_tape/conv2d_13/kernel/Regularizer/Mul,2,10.24,5.12,10.24,5.12,0.00017923463798996477,0.9560336382807665,0.0,0.0
333,Device,Mul,gradient_tape/conv2d_13/kernel/Regularizer/Mul_1,2,10.24,5.12,10.24,5.12,0.00017923463798996477,0.9562128729187565,0.0,0.0
334,Device,Mul,gradient_tape/conv2d_14/kernel/Regularizer/Mul_1,2,10.24,5.12,10.24,5.12,0.00017923463798996477,0.9563921075567464,0.0,0.0
335,Device,Mul,gradient_tape/conv2d_15/kernel/Regularizer/Mul,2,10.24,5.12,10.24,5.12,0.00017923463798996477,0.9565713421947364,0.0,0.0
336,Device,Mul,gradient_tape/conv2d_15/kernel/Regularizer/Mul_1,2,10.24,5.12,10.24,5.12,0.00017923463798996477,0.9567505768327264,0.0,0.0
337,Device,Mul,gradient_tape/conv2d_31/kernel/Regularizer/Mul,2,10.24,5.12,10.24,5.12,0.00017923463798996477,0.9569298114707163,0.0,0.0
338,Device,FusedBatchNormGradV3,gradient_tape/model/batch_normalization_1/FusedBatchNormGradV3,2,10.24,5.12,10.24,5.12,0.00017923463798996477,0.9571090461087063,0.0,0.0
339,Device,FusedBatchNormGradV3,gradient_tape/model/batch_normalization_10/FusedBatchNormGradV3,2,10.24,5.12,10.24,5.12,0.00017923463798996477,0.9572882807466963,0.0,0.0
340,Device,FusedBatchNormGradV3,gradient_tape/model/batch_normalization_13/FusedBatchNormGradV3,2,10.24,5.12,10.24,5.12,0.00017923463798996477,0.9574675153846862,0.0,0.0
341,Device,FusedBatchNormGradV3,gradient_tape/model/batch_normalization_3/FusedBatchNormGradV3,2,10.24,5.12,10.24,5.12,0.00017923463798996477,0.9576467500226762,0.0,0.0
342,Device,FusedBatchNormGradV3,gradient_tape/model/batch_normalization_4/FusedBatchNormGradV3,2,10.24,5.12,10.24,5.12,0.00017923463798996477,0.9578259846606662,0.0,0.0
343,Device,FusedBatchNormGradV3,gradient_tape/model/batch_normalization_5/FusedBatchNormGradV3,2,10.24,5.12,10.24,5.12,0.00017923463798996477,0.9580052192986561,0.0,0.0
344,Device,FusedBatchNormGradV3,gradient_tape/model/batch_normalization_9/FusedBatchNormGradV3,2,10.24,5.12,10.24,5.12,0.00017923463798996477,0.9581844539366461,0.0,0.0
345,Device,BiasAddGrad,gradient_tape/model/conv2d_10/BiasAdd/BiasAddGrad,2,10.24,5.12,10.24,5.12,0.00017923463798996477,0.958363688574636,0.0,0.0
346,Device,BiasAddGrad,gradient_tape/model/conv2d_11/BiasAdd/BiasAddGrad,2,10.24,5.12,10.24,5.12,0.00017923463798996477,0.958542923212626,0.0,0.0
347,Device,BiasAddGrad,gradient_tape/model/conv2d_12/BiasAdd/BiasAddGrad,2,10.24,5.12,10.24,5.12,0.00017923463798996477,0.958722157850616,0.0,0.0
348,Device,BiasAddGrad,gradient_tape/model/conv2d_7/BiasAdd/BiasAddGrad,2,10.24,5.12,10.24,5.12,0.00017923463798996477,0.958901392488606,0.0,0.0
349,Device,MatMul,gradient_tape/model/dense/MatMul/MatMul,2,10.24,5.12,10.24,5.12,0.00017923463798996477,0.9590806271265959,0.0,0.0
350,Device,MatMul,gradient_tape/model/dense/MatMul/MatMul_1,2,10.24,5.12,10.24,5.12,0.00017923463798996477,0.9592598617645859,0.0,0.0
351,Device,BiasAddGrad,gradient_tape/model/conv2d_9/BiasAdd/BiasAddGrad,2,9.217,4.6085,9.217,4.6085,0.0001613286775735845,0.9594211904421595,0.0,0.0
352,Device,AddN,SGD/gradients/AddN_28,2,9.216,4.608,9.216,4.608,0.00016131117419096826,0.9595825016163504,0.0,0.0
353,Device,AddN,SGD/gradients/AddN_30,2,9.216,4.608,9.216,4.608,0.00016131117419096826,0.9597438127905413,0.0,0.0
354,Device,Square,conv2d_11/kernel/Regularizer/Square,2,9.216,4.608,9.216,4.608,0.00016131117419096826,0.9599051239647323,0.0,0.0
355,Device,Square,conv2d_31/kernel/Regularizer/Square,2,9.216,4.608,9.216,4.608,0.00016131117419096826,0.9600664351389232,0.0,0.0
356,Device,Mul,gradient_tape/conv2d_12/kernel/Regularizer/Mul_1,2,9.216,4.608,9.216,4.608,0.00016131117419096826,0.9602277463131141,0.0,0.0
357,Device,Mul,gradient_tape/conv2d_7/kernel/Regularizer/Mul_1,2,9.216,4.608,9.216,4.608,0.00016131117419096826,0.9603890574873051,0.0,0.0
358,Device,Mul,gradient_tape/conv2d_8/kernel/Regularizer/Mul,2,9.216,4.608,9.216,4.608,0.00016131117419096826,0.960550368661496,0.0,0.0
359,Device,Mul,gradient_tape/conv2d_8/kernel/Regularizer/Mul_1,2,9.216,4.608,9.216,4.608,0.00016131117419096826,0.960711679835687,0.0,0.0
360,Device,Transpose,gradient_tape/model/conv2d/Conv2D/Conv2DBackpropFilter-0-TransposeNHWCToNCHW-LayoutOptimizer,2,9.216,4.608,9.216,4.608,0.00016131117419096826,0.9608729910098779,0.0,0.0
361,Device,BiasAddGrad,gradient_tape/model/conv2d_13/BiasAdd/BiasAddGrad,2,9.216,4.608,9.216,4.608,0.00016131117419096826,0.9610343021840688,0.0,0.0
362,Device,BiasAddGrad,gradient_tape/model/conv2d_14/BiasAdd/BiasAddGrad,2,9.216,4.608,9.216,4.608,0.00016131117419096826,0.9611956133582598,0.0,0.0
363,Device,BiasAddGrad,gradient_tape/model/conv2d_6/BiasAdd/BiasAddGrad,2,8.193,4.0965,8.193,4.0965,0.000143405213774588,0.9613390185720343,0.0,0.0
364,Device,ResourceApplyGradientDescent,SGD/SGD/update/ResourceApplyGradientDescent,2,8.192,4.096,8.192,4.096,0.0001433877103919718,0.9614824062824263,0.0,0.0
365,Device,ResourceApplyGradientDescent,SGD/SGD/update_4/ResourceApplyGradientDescent,2,8.192,4.096,8.192,4.096,0.0001433877103919718,0.9616257939928183,0.0,0.0
366,Device,ResourceApplyGradientDescent,SGD/SGD/update_58/ResourceApplyGradientDescent,2,8.192,4.096,8.192,4.096,0.0001433877103919718,0.9617691817032104,0.0,0.0
367,Device,ResourceApplyGradientDescent,SGD/SGD/update_62/ResourceApplyGradientDescent,2,8.192,4.096,8.192,4.096,0.0001433877103919718,0.9619125694136024,0.0,0.0
368,Device,ResourceApplyGradientDescent,SGD/SGD/update_66/ResourceApplyGradientDescent,2,8.192,4.096,8.192,4.096,0.0001433877103919718,0.9620559571239944,0.0,0.0
369,Device,ResourceApplyGradientDescent,SGD/SGD/update_8/ResourceApplyGradientDescent,2,8.192,4.096,8.192,4.096,0.0001433877103919718,0.9621993448343864,0.0,0.0
370,Device,AddN,SGD/gradients/AddN_1,2,8.192,4.096,8.192,4.096,0.0001433877103919718,0.9623427325447784,0.0,0.0
371,Device,AddN,SGD/gradients/AddN_23,2,8.192,4.096,8.192,4.096,0.0001433877103919718,0.9624861202551704,0.0,0.0
372,Device,AddN,SGD/gradients/AddN_25,2,8.192,4.096,8.192,4.096,0.0001433877103919718,0.9626295079655625,0.0,0.0
373,Device,AddN,SGD/gradients/AddN_26,2,8.192,4.096,8.192,4.096,0.0001433877103919718,0.9627728956759545,0.0,0.0
374,Device,AddN,SGD/gradients/AddN_27,2,8.192,4.096,8.192,4.096,0.0001433877103919718,0.9629162833863465,0.0,0.0
375,Device,AddN,SGD/gradients/AddN_29,2,8.192,4.096,8.192,4.096,0.0001433877103919718,0.9630596710967385,0.0,0.0
376,Device,AddN,SGD/gradients/AddN_31,2,8.192,4.096,8.192,4.096,0.0001433877103919718,0.9632030588071305,0.0,0.0
377,Device,Square,conv2d_7/kernel/Regularizer/Square,2,8.192,4.096,8.192,4.096,0.0001433877103919718,0.9633464465175225,0.0,0.0
378,Device,Mul,gradient_tape/conv2d_1/kernel/Regularizer/Mul_1,2,8.192,4.096,8.192,4.096,0.0001433877103919718,0.9634898342279146,0.0,0.0
379,Device,Mul,gradient_tape/conv2d_18/kernel/Regularizer/Mul_1,2,8.192,4.096,8.192,4.096,0.0001433877103919718,0.9636332219383066,0.0,0.0
380,Device,Mul,gradient_tape/conv2d_9/kernel/Regularizer/Mul_1,2,8.192,4.096,8.192,4.096,0.0001433877103919718,0.9637766096486986,0.0,0.0
381,Device,ReluGrad,gradient_tape/model/activation/ReluGrad,2,8.192,4.096,8.192,4.096,0.0001433877103919718,0.9639199973590906,0.0,0.0
382,Device,ReluGrad,gradient_tape/model/activation_29/ReluGrad,2,8.192,4.096,8.192,4.096,0.0001433877103919718,0.9640633850694826,0.0,0.0
383,Device,AvgPoolGrad,gradient_tape/model/average_pooling2d/AvgPoolGrad,2,8.192,4.096,8.192,4.096,0.0001433877103919718,0.9642067727798747,0.0,0.0
384,Device,BiasAddGrad,gradient_tape/model/conv2d_1/BiasAdd/BiasAddGrad,2,8.192,4.096,8.192,4.096,0.0001433877103919718,0.9643501604902667,0.0,0.0
385,Device,BiasAddGrad,gradient_tape/model/conv2d_15/BiasAdd/BiasAddGrad,2,8.192,4.096,8.192,4.096,0.0001433877103919718,0.9644935482006587,0.0,0.0
386,Device,BiasAddGrad,gradient_tape/model/conv2d_2/BiasAdd/BiasAddGrad,2,8.192,4.096,8.192,4.096,0.0001433877103919718,0.9646369359110507,0.0,0.0
387,Device,BiasAddGrad,gradient_tape/model/conv2d_3/BiasAdd/BiasAddGrad,2,8.192,4.096,8.192,4.096,0.0001433877103919718,0.9647803236214427,0.0,0.0
388,Device,BiasAddGrad,gradient_tape/model/conv2d_4/BiasAdd/BiasAddGrad,2,8.192,4.096,8.192,4.096,0.0001433877103919718,0.9649237113318347,0.0,0.0
389,Device,BiasAddGrad,gradient_tape/model/conv2d_5/BiasAdd/BiasAddGrad,2,8.192,4.096,8.192,4.096,0.0001433877103919718,0.9650670990422268,0.0,0.0
390,Device,AddV2,model/add_13/add,2,8.192,4.096,8.192,4.096,0.0001433877103919718,0.9652104867526188,0.0,0.0
391,Device,AvgPool,model/average_pooling2d/AvgPool,2,8.192,4.096,8.192,4.096,0.0001433877103919718,0.9653538744630108,0.0,0.0
392,Device,BiasAdd,model/conv2d_1/BiasAdd,2,8.192,4.096,8.192,4.096,0.0001433877103919718,0.9654972621734028,0.0,0.0
393,Device,BiasAdd,model/conv2d_4/BiasAdd,2,8.192,4.096,8.192,4.096,0.0001433877103919718,0.9656406498837948,0.0,0.0
394,Device,AddN,SGD/gradients/AddN_8,2,7.169,3.5845,7.169,3.5845,0.00012548174997559152,0.9657661316337705,0.0,0.0
395,Device,ArgMax,ArgMax,2,7.168,3.584,7.168,3.584,0.00012546424659297533,0.9658915958803634,0.0,0.0
396,Device,ArgMax,ArgMax_1,2,7.168,3.584,7.168,3.584,0.00012546424659297533,0.9660170601269564,0.0,0.0
397,Device,ResourceApplyGradientDescent,SGD/SGD/update_12/ResourceApplyGradientDescent,2,7.168,3.584,7.168,3.584,0.00012546424659297533,0.9661425243735494,0.0,0.0
398,Device,ResourceApplyGradientDescent,SGD/SGD/update_129/ResourceApplyGradientDescent,2,7.168,3.584,7.168,3.584,0.00012546424659297533,0.9662679886201424,0.0,0.0
399,Device,ResourceApplyGradientDescent,SGD/SGD/update_131/ResourceApplyGradientDescent,2,7.168,3.584,7.168,3.584,0.00012546424659297533,0.9663934528667354,0.0,0.0
400,Device,ResourceApplyGradientDescent,SGD/SGD/update_138/ResourceApplyGradientDescent,2,7.168,3.584,7.168,3.584,0.00012546424659297533,0.9665189171133284,0.0,0.0
401,Device,ResourceApplyGradientDescent,SGD/SGD/update_20/ResourceApplyGradientDescent,2,7.168,3.584,7.168,3.584,0.00012546424659297533,0.9666443813599214,0.0,0.0
402,Device,ResourceApplyGradientDescent,SGD/SGD/update_28/ResourceApplyGradientDescent,2,7.168,3.584,7.168,3.584,0.00012546424659297533,0.9667698456065144,0.0,0.0
403,Device,ResourceApplyGradientDescent,SGD/SGD/update_34/ResourceApplyGradientDescent,2,7.168,3.584,7.168,3.584,0.00012546424659297533,0.9668953098531073,0.0,0.0
404,Device,ResourceApplyGradientDescent,SGD/SGD/update_38/ResourceApplyGradientDescent,2,7.168,3.584,7.168,3.584,0.00012546424659297533,0.9670207740997003,0.0,0.0
405,Device,ResourceApplyGradientDescent,SGD/SGD/update_42/ResourceApplyGradientDescent,2,7.168,3.584,7.168,3.584,0.00012546424659297533,0.9671462383462933,0.0,0.0
406,Device,ResourceApplyGradientDescent,SGD/SGD/update_46/ResourceApplyGradientDescent,2,7.168,3.584,7.168,3.584,0.00012546424659297533,0.9672717025928863,0.0,0.0
407,Device,ResourceApplyGradientDescent,SGD/SGD/update_50/ResourceApplyGradientDescent,2,7.168,3.584,7.168,3.584,0.00012546424659297533,0.9673971668394793,0.0,0.0
408,Device,ResourceApplyGradientDescent,SGD/SGD/update_54/ResourceApplyGradientDescent,2,7.168,3.584,7.168,3.584,0.00012546424659297533,0.9675226310860723,0.0,0.0
409,Device,ResourceApplyGradientDescent,SGD/SGD/update_74/ResourceApplyGradientDescent,2,7.168,3.584,7.168,3.584,0.00012546424659297533,0.9676480953326653,0.0,0.0
410,Device,ResourceApplyGradientDescent,SGD/SGD/update_77/ResourceApplyGradientDescent,2,7.168,3.584,7.168,3.584,0.00012546424659297533,0.9677735595792583,0.0,0.0
411,Device,ResourceApplyGradientDescent,SGD/SGD/update_90/ResourceApplyGradientDescent,2,7.168,3.584,7.168,3.584,0.00012546424659297533,0.9678990238258512,0.0,0.0
412,Device,ResourceApplyGradientDescent,SGD/SGD/update_91/ResourceApplyGradientDescent,2,7.168,3.584,7.168,3.584,0.00012546424659297533,0.9680244880724442,0.0,0.0
413,Device,ResourceApplyGradientDescent,SGD/SGD/update_93/ResourceApplyGradientDescent,2,7.168,3.584,7.168,3.584,0.00012546424659297533,0.9681499523190372,0.0,0.0
414,Device,ResourceApplyGradientDescent,SGD/SGD/update_97/ResourceApplyGradientDescent,2,7.168,3.584,7.168,3.584,0.00012546424659297533,0.9682754165656302,0.0,0.0
415,Device,AddN,SGD/gradients/AddN,2,7.168,3.584,7.168,3.584,0.00012546424659297533,0.9684008808122232,0.0,0.0
416,Device,AddN,SGD/gradients/AddN_10,2,7.168,3.584,7.168,3.584,0.00012546424659297533,0.9685263450588162,0.0,0.0
417,Device,AddN,SGD/gradients/AddN_17,2,7.168,3.584,7.168,3.584,0.00012546424659297533,0.9686518093054092,0.0,0.0
418,Device,AddN,SGD/gradients/AddN_18,2,7.168,3.584,7.168,3.584,0.00012546424659297533,0.9687772735520022,0.0,0.0
419,Device,AddN,SGD/gradients/AddN_2,2,7.168,3.584,7.168,3.584,0.00012546424659297533,0.9689027377985951,0.0,0.0
420,Device,AddN,SGD/gradients/AddN_21,2,7.168,3.584,7.168,3.584,0.00012546424659297533,0.9690282020451881,0.0,0.0
421,Device,AddN,SGD/gradients/AddN_33,2,7.168,3.584,7.168,3.584,0.00012546424659297533,0.9691536662917811,0.0,0.0
422,Device,AddN,SGD/gradients/AddN_4,2,7.168,3.584,7.168,3.584,0.00012546424659297533,0.9692791305383741,0.0,0.0
423,Device,AddN,SGD/gradients/AddN_5,2,7.168,3.584,7.168,3.584,0.00012546424659297533,0.9694045947849671,0.0,0.0
424,Device,AddN,SGD/gradients/AddN_9,2,7.168,3.584,7.168,3.584,0.00012546424659297533,0.9695300590315601,0.0,0.0
425,Device,Square,conv2d_18/kernel/Regularizer/Square,2,7.168,3.584,7.168,3.584,0.00012546424659297533,0.9696555232781531,0.0,0.0
426,Device,Square,conv2d_2/kernel/Regularizer/Square,2,7.168,3.584,7.168,3.584,0.00012546424659297533,0.9697809875247461,0.0,0.0
427,Device,Square,conv2d_4/kernel/Regularizer/Square,2,7.168,3.584,7.168,3.584,0.00012546424659297533,0.969906451771339,0.0,0.0
428,Device,Square,conv2d_6/kernel/Regularizer/Square,2,7.168,3.584,7.168,3.584,0.00012546424659297533,0.970031916017932,0.0,0.0
429,Device,Mul,gradient_tape/conv2d/kernel/Regularizer/Mul_1,2,7.168,3.584,7.168,3.584,0.00012546424659297533,0.970157380264525,0.0,0.0
430,Device,Mul,gradient_tape/conv2d_1/kernel/Regularizer/Mul,2,7.168,3.584,7.168,3.584,0.00012546424659297533,0.970282844511118,0.0,0.0
431,Device,Mul,gradient_tape/conv2d_18/kernel/Regularizer/Mul,2,7.168,3.584,7.168,3.584,0.00012546424659297533,0.970408308757711,0.0,0.0
432,Device,Mul,gradient_tape/conv2d_2/kernel/Regularizer/Mul_1,2,7.168,3.584,7.168,3.584,0.00012546424659297533,0.970533773004304,0.0,0.0
433,Device,Mul,gradient_tape/conv2d_3/kernel/Regularizer/Mul_1,2,7.168,3.584,7.168,3.584,0.00012546424659297533,0.970659237250897,0.0,0.0
434,Device,Mul,gradient_tape/conv2d_6/kernel/Regularizer/Mul_1,2,7.168,3.584,7.168,3.584,0.00012546424659297533,0.97078470149749,0.0,0.0
435,Device,Mul,gradient_tape/conv2d_7/kernel/Regularizer/Mul,2,7.168,3.584,7.168,3.584,0.00012546424659297533,0.970910165744083,0.0,0.0
436,Device,ReluGrad,gradient_tape/model/activation_15/ReluGrad,2,7.168,3.584,7.168,3.584,0.00012546424659297533,0.9710356299906759,0.0,0.0
437,Device,ReluGrad,gradient_tape/model/activation_18/ReluGrad,2,7.168,3.584,7.168,3.584,0.00012546424659297533,0.9711610942372689,0.0,0.0
438,Device,ReluGrad,gradient_tape/model/activation_31/ReluGrad,2,7.168,3.584,7.168,3.584,0.00012546424659297533,0.9712865584838619,0.0,0.0
439,Device,Relu,model/activation_5/Relu,2,7.168,3.584,7.168,3.584,0.00012546424659297533,0.9714120227304549,0.0,0.0
440,Device,Relu,model/activation_6/Relu,2,7.168,3.584,7.168,3.584,0.00012546424659297533,0.9715374869770479,0.0,0.0
441,Device,AddV2,model/add_1/add,2,7.168,3.584,7.168,3.584,0.00012546424659297533,0.9716629512236409,0.0,0.0
442,Device,AddV2,model/add_12/add,2,7.168,3.584,7.168,3.584,0.00012546424659297533,0.9717884154702339,0.0,0.0
443,Device,AddV2,model/add_14/add,2,7.168,3.584,7.168,3.584,0.00012546424659297533,0.9719138797168269,0.0,0.0
444,Device,AddV2,model/add_15/add,2,7.168,3.584,7.168,3.584,0.00012546424659297533,0.9720393439634198,0.0,0.0
445,Device,AddV2,model/add_7/add,2,7.168,3.584,7.168,3.584,0.00012546424659297533,0.9721648082100128,0.0,0.0
446,Device,AddV2,model/add_8/add,2,7.168,3.584,7.168,3.584,0.00012546424659297533,0.9722902724566058,0.0,0.0
447,Device,BiasAdd,model/conv2d_32/BiasAdd,2,7.168,3.584,7.168,3.584,0.00012546424659297533,0.9724157367031988,0.0,0.0
448,Device,BiasAdd,model/conv2d_33/BiasAdd,2,7.168,3.584,7.168,3.584,0.00012546424659297533,0.9725412009497918,0.0,0.0
449,Device,BiasAdd,model/conv2d_34/BiasAdd,2,7.168,3.584,7.168,3.584,0.00012546424659297533,0.9726666651963848,0.0,0.0
450,Device,BiasAdd,model/conv2d_35/BiasAdd,2,7.168,3.584,7.168,3.584,0.00012546424659297533,0.9727921294429778,0.0,0.0
451,Device,ResourceApplyGradientDescent,SGD/SGD/update_55/ResourceApplyGradientDescent,2,6.145,3.0725,6.145,3.0725,0.00010755828617659505,0.9728996877291544,0.0,0.0
452,Device,ReluGrad,gradient_tape/model/activation_4/ReluGrad,2,6.145,3.0725,6.145,3.0725,0.00010755828617659505,0.973007246015331,0.0,0.0
453,Device,AssignAddVariableOp,AssignAddVariableOp_1,2,6.144,3.072,6.144,3.072,0.00010754078279397885,0.9731147867981249,0.0,0.0
454,Device,AssignAddVariableOp,AssignAddVariableOp_3,2,6.144,3.072,6.144,3.072,0.00010754078279397885,0.9732223275809189,0.0,0.0
455,Device,Cast,Cast_1,2,6.144,3.072,6.144,3.072,0.00010754078279397885,0.9733298683637128,0.0,0.0
456,Device,Mul,Mul,2,6.144,3.072,6.144,3.072,0.00010754078279397885,0.9734374091465068,0.0,0.0
457,Device,ResourceApplyGradientDescent,SGD/SGD/update_1/ResourceApplyGradientDescent,2,6.144,3.072,6.144,3.072,0.00010754078279397885,0.9735449499293007,0.0,0.0
458,Device,ResourceApplyGradientDescent,SGD/SGD/update_10/ResourceApplyGradientDescent,2,6.144,3.072,6.144,3.072,0.00010754078279397885,0.9736524907120947,0.0,0.0
459,Device,ResourceApplyGradientDescent,SGD/SGD/update_101/ResourceApplyGradientDescent,2,6.144,3.072,6.144,3.072,0.00010754078279397885,0.9737600314948887,0.0,0.0
460,Device,ResourceApplyGradientDescent,SGD/SGD/update_102/ResourceApplyGradientDescent,2,6.144,3.072,6.144,3.072,0.00010754078279397885,0.9738675722776826,0.0,0.0
461,Device,ResourceApplyGradientDescent,SGD/SGD/update_103/ResourceApplyGradientDescent,2,6.144,3.072,6.144,3.072,0.00010754078279397885,0.9739751130604766,0.0,0.0
462,Device,ResourceApplyGradientDescent,SGD/SGD/update_105/ResourceApplyGradientDescent,2,6.144,3.072,6.144,3.072,0.00010754078279397885,0.9740826538432705,0.0,0.0
463,Device,ResourceApplyGradientDescent,SGD/SGD/update_106/ResourceApplyGradientDescent,2,6.144,3.072,6.144,3.072,0.00010754078279397885,0.9741901946260645,0.0,0.0
464,Device,ResourceApplyGradientDescent,SGD/SGD/update_107/ResourceApplyGradientDescent,2,6.144,3.072,6.144,3.072,0.00010754078279397885,0.9742977354088584,0.0,0.0
465,Device,ResourceApplyGradientDescent,SGD/SGD/update_109/ResourceApplyGradientDescent,2,6.144,3.072,6.144,3.072,0.00010754078279397885,0.9744052761916524,0.0,0.0
466,Device,ResourceApplyGradientDescent,SGD/SGD/update_11/ResourceApplyGradientDescent,2,6.144,3.072,6.144,3.072,0.00010754078279397885,0.9745128169744464,0.0,0.0
467,Device,ResourceApplyGradientDescent,SGD/SGD/update_110/ResourceApplyGradientDescent,2,6.144,3.072,6.144,3.072,0.00010754078279397885,0.9746203577572403,0.0,0.0
468,Device,ResourceApplyGradientDescent,SGD/SGD/update_111/ResourceApplyGradientDescent,2,6.144,3.072,6.144,3.072,0.00010754078279397885,0.9747278985400343,0.0,0.0
469,Device,ResourceApplyGradientDescent,SGD/SGD/update_113/ResourceApplyGradientDescent,2,6.144,3.072,6.144,3.072,0.00010754078279397885,0.9748354393228282,0.0,0.0
470,Device,ResourceApplyGradientDescent,SGD/SGD/update_114/ResourceApplyGradientDescent,2,6.144,3.072,6.144,3.072,0.00010754078279397885,0.9749429801056222,0.0,0.0
471,Device,ResourceApplyGradientDescent,SGD/SGD/update_115/ResourceApplyGradientDescent,2,6.144,3.072,6.144,3.072,0.00010754078279397885,0.9750505208884162,0.0,0.0
472,Device,ResourceApplyGradientDescent,SGD/SGD/update_117/ResourceApplyGradientDescent,2,6.144,3.072,6.144,3.072,0.00010754078279397885,0.9751580616712101,0.0,0.0
473,Device,ResourceApplyGradientDescent,SGD/SGD/update_119/ResourceApplyGradientDescent,2,6.144,3.072,6.144,3.072,0.00010754078279397885,0.9752656024540041,0.0,0.0
474,Device,ResourceApplyGradientDescent,SGD/SGD/update_120/ResourceApplyGradientDescent,2,6.144,3.072,6.144,3.072,0.00010754078279397885,0.975373143236798,0.0,0.0
475,Device,ResourceApplyGradientDescent,SGD/SGD/update_121/ResourceApplyGradientDescent,2,6.144,3.072,6.144,3.072,0.00010754078279397885,0.975480684019592,0.0,0.0
476,Device,ResourceApplyGradientDescent,SGD/SGD/update_123/ResourceApplyGradientDescent,2,6.144,3.072,6.144,3.072,0.00010754078279397885,0.9755882248023859,0.0,0.0
477,Device,ResourceApplyGradientDescent,SGD/SGD/update_124/ResourceApplyGradientDescent,2,6.144,3.072,6.144,3.072,0.00010754078279397885,0.9756957655851799,0.0,0.0
478,Device,ResourceApplyGradientDescent,SGD/SGD/update_125/ResourceApplyGradientDescent,2,6.144,3.072,6.144,3.072,0.00010754078279397885,0.9758033063679739,0.0,0.0
479,Device,ResourceApplyGradientDescent,SGD/SGD/update_127/ResourceApplyGradientDescent,2,6.144,3.072,6.144,3.072,0.00010754078279397885,0.9759108471507678,0.0,0.0
480,Device,ResourceApplyGradientDescent,SGD/SGD/update_128/ResourceApplyGradientDescent,2,6.144,3.072,6.144,3.072,0.00010754078279397885,0.9760183879335618,0.0,0.0
481,Device,ResourceApplyGradientDescent,SGD/SGD/update_132/ResourceApplyGradientDescent,2,6.144,3.072,6.144,3.072,0.00010754078279397885,0.9761259287163557,0.0,0.0
482,Device,ResourceApplyGradientDescent,SGD/SGD/update_133/ResourceApplyGradientDescent,2,6.144,3.072,6.144,3.072,0.00010754078279397885,0.9762334694991497,0.0,0.0
483,Device,ResourceApplyGradientDescent,SGD/SGD/update_135/ResourceApplyGradientDescent,2,6.144,3.072,6.144,3.072,0.00010754078279397885,0.9763410102819436,0.0,0.0
484,Device,ResourceApplyGradientDescent,SGD/SGD/update_136/ResourceApplyGradientDescent,2,6.144,3.072,6.144,3.072,0.00010754078279397885,0.9764485510647376,0.0,0.0
485,Device,ResourceApplyGradientDescent,SGD/SGD/update_137/ResourceApplyGradientDescent,2,6.144,3.072,6.144,3.072,0.00010754078279397885,0.9765560918475316,0.0,0.0
486,Device,ResourceApplyGradientDescent,SGD/SGD/update_139/ResourceApplyGradientDescent,2,6.144,3.072,6.144,3.072,0.00010754078279397885,0.9766636326303255,0.0,0.0
487,Device,ResourceApplyGradientDescent,SGD/SGD/update_14/ResourceApplyGradientDescent,2,6.144,3.072,6.144,3.072,0.00010754078279397885,0.9767711734131195,0.0,0.0
488,Device,ResourceApplyGradientDescent,SGD/SGD/update_16/ResourceApplyGradientDescent,2,6.144,3.072,6.144,3.072,0.00010754078279397885,0.9768787141959134,0.0,0.0
489,Device,ResourceApplyGradientDescent,SGD/SGD/update_17/ResourceApplyGradientDescent,2,6.144,3.072,6.144,3.072,0.00010754078279397885,0.9769862549787074,0.0,0.0
490,Device,ResourceApplyGradientDescent,SGD/SGD/update_18/ResourceApplyGradientDescent,2,6.144,3.072,6.144,3.072,0.00010754078279397885,0.9770937957615013,0.0,0.0
491,Device,ResourceApplyGradientDescent,SGD/SGD/update_19/ResourceApplyGradientDescent,2,6.144,3.072,6.144,3.072,0.00010754078279397885,0.9772013365442953,0.0,0.0
492,Device,ResourceApplyGradientDescent,SGD/SGD/update_2/ResourceApplyGradientDescent,2,6.144,3.072,6.144,3.072,0.00010754078279397885,0.9773088773270893,0.0,0.0
493,Device,ResourceApplyGradientDescent,SGD/SGD/update_21/ResourceApplyGradientDescent,2,6.144,3.072,6.144,3.072,0.00010754078279397885,0.9774164181098832,0.0,0.0
494,Device,ResourceApplyGradientDescent,SGD/SGD/update_23/ResourceApplyGradientDescent,2,6.144,3.072,6.144,3.072,0.00010754078279397885,0.9775239588926772,0.0,0.0
495,Device,ResourceApplyGradientDescent,SGD/SGD/update_24/ResourceApplyGradientDescent,2,6.144,3.072,6.144,3.072,0.00010754078279397885,0.9776314996754711,0.0,0.0
496,Device,ResourceApplyGradientDescent,SGD/SGD/update_25/ResourceApplyGradientDescent,2,6.144,3.072,6.144,3.072,0.00010754078279397885,0.9777390404582651,0.0,0.0
497,Device,ResourceApplyGradientDescent,SGD/SGD/update_27/ResourceApplyGradientDescent,2,6.144,3.072,6.144,3.072,0.00010754078279397885,0.977846581241059,0.0,0.0
498,Device,ResourceApplyGradientDescent,SGD/SGD/update_29/ResourceApplyGradientDescent,2,6.144,3.072,6.144,3.072,0.00010754078279397885,0.977954122023853,0.0,0.0
499,Device,ResourceApplyGradientDescent,SGD/SGD/update_31/ResourceApplyGradientDescent,2,6.144,3.072,6.144,3.072,0.00010754078279397885,0.978061662806647,0.0,0.0
500,Device,ResourceApplyGradientDescent,SGD/SGD/update_32/ResourceApplyGradientDescent,2,6.144,3.072,6.144,3.072,0.00010754078279397885,0.9781692035894409,0.0,0.0
501,Host,IDLE,IDLE,0,147216.187,0.0,147216.187,0.0,0.0,0.0,0.9968654804143228,0.9968654804143228
502,Host,GatherV2,GatherV2,2,64.75,32.375,64.75,32.375,0.0,0.0,0.0004384506973871521,0.9973039311117099
503,Host,Dataset,Iterator::Root::ParallelMapV2,2,61.471,30.7355,61.471,30.7355,0.0,0.0,0.0004162471477851062,0.997720178259495
504,Host,Dataset,Iterator::Root::ParallelMapV2::Zip[1]::ForeverRepeat,2,54.05,27.025,50.38,25.19,0.0,0.0,0.00034114511404424285,0.9980613233735393
505,Host,Dataset,Iterator::Root,2,107.682,53.841,46.211,23.1055,0.0,0.0,0.00031291498342791795,0.9983742383569671
506,Host,FlushSummaryWriter,FlushSummaryWriter,1,45.73,45.73,45.73,45.73,0.0,0.0,0.0003096579211044705,0.9986838962780716
507,Host,IteratorGetNext,IteratorGetNext,2,44.43,22.215,44.43,22.215,0.0,0.0,0.00030085504996001805,0.9989847513280317
508,Host,Dataset,Iterator::Root::ParallelMapV2::Zip[0]::FlatMap,2,58.281,29.1405,35.541,17.7705,0.0,0.0,0.00024066372564998876,0.9992254150536817
509,Host,LogicalAnd,LogicalAnd,1,30.71,30.71,30.71,30.71,0.0,0.0,0.000207950902189335,0.999433365955871
510,Host,Dataset,Iterator::Root::ParallelMapV2::Zip[0]::FlatMap[1]::TensorSlice,2,22.74,11.37,22.74,11.37,0.0,0.0,0.00015398253063449944,0.9995873484865054
511,Host,WriteSummary,WriteSummary,1,21.85,21.85,21.85,21.85,0.0,0.0,0.00014795594962022045,0.9997353044361257
512,Host,GatherV2,GatherV2_1,2,15.84,7.92,15.84,7.92,0.0,0.0,0.00010725959917548246,0.9998425640353011
513,Host,Dataset,Iterator::Root::ParallelMapV2::Zip,2,122.961,61.4805,10.63,5.315,0.0,0.0,7.19804002042537e-05,0.9999145444355054
514,Host,ReadVariableOp,ReadVariableOp,1,6.5,6.5,6.5,6.5,0.0,0.0,4.401435572226237e-05,0.9999585587912276
515,Host,Dataset,Iterator::Root::ParallelMapV2::Zip[1]::ForeverRepeat::FromTensor,4,3.67,0.9175,3.67,0.9175,0.0,0.0,2.4851182384723524e-05,0.9999834099736123
516,Host,Identity,Identity,2,2.45,1.225,2.45,1.225,0.0,0.0,1.6590026387621972e-05,1.0
