Rank,Host/device,Type,Operation,#Occurrences,Total time (us),Avg. time (us),Total self-time (us),Avg. self-time (us),Total self-time on Device (%),Cumulative total-self time on Device (%),Total self-time on Host (%),Cumulative total-self time on Host (%)
1,Device,IDLE,IDLE,0,4931.276,0.0,4931.276,0.0,0.3371975887789987,0.3371975887789987,0.0,0.0
2,Device,ResourceApplyGradientDescent,SGD/SGD/update_18/ResourceApplyGradientDescent,2,832.514,416.257,832.514,416.257,0.05692679002853609,0.39412437880753476,0.0,0.0
3,Device,Conv2DBackpropFilter,gradient_tape/sequential/conv2d_5/Conv2D/Conv2DBackpropFilter,2,643.072,321.536,643.072,321.536,0.04397286378034575,0.4380972425878805,0.0,0.0
4,Device,Conv2DBackpropFilter,gradient_tape/sequential/conv2d_6/Conv2D/Conv2DBackpropFilter,2,568.322,284.161,568.322,284.161,0.03886150522705646,0.47695874781493697,0.0,0.0
5,Device,Conv2DBackpropFilter,gradient_tape/sequential/conv2d_7/Conv2D/Conv2DBackpropFilter,2,553.984,276.992,553.984,276.992,0.037881081696125876,0.5148398295110629,0.0,0.0
6,Device,Conv2DBackpropInput,gradient_tape/sequential/conv2d_5/Conv2D/Conv2DBackpropInput,4,430.082,107.5205,430.082,107.5205,0.02940873992395666,0.5442485694350195,0.0,0.0
7,Device,Conv2DBackpropInput,gradient_tape/sequential/conv2d_6/Conv2D/Conv2DBackpropInput,4,425.984,106.496,425.984,106.496,0.02912852123029272,0.5733770906653123,0.0,0.0
8,Device,Conv2DBackpropInput,gradient_tape/sequential/conv2d_7/Conv2D/Conv2DBackpropInput,4,424.962,106.2405,424.962,106.2405,0.029058637505323334,0.6024357281706356,0.0,0.0
9,Device,_FusedConv2D,sequential/conv2d_5/Relu,4,359.424,89.856,359.424,89.856,0.02457718978805948,0.6270129179586951,0.0,0.0
10,Device,_FusedConv2D,sequential/conv2d_6/Relu,4,352.257,88.06425,352.257,88.06425,0.02408711478135147,0.6511000327400466,0.0,0.0
11,Device,_FusedConv2D,sequential/conv2d_7/Relu,4,345.089,86.27225,345.089,86.27225,0.023596971395264812,0.6746970041353114,0.0,0.0
12,Device,MatMul,gradient_tape/sequential/dense_1/MatMul/MatMul,2,319.488,159.744,319.488,159.744,0.021846390922719543,0.696543395058031,0.0,0.0
13,Device,MatMul,sequential/dense_1/MatMul,2,299.008,149.504,299.008,149.504,0.020445981248186237,0.7169893763062172,0.0,0.0
14,Device,MatMul,gradient_tape/sequential/dense_1/MatMul/MatMul_1,2,287.746,143.873,287.746,143.873,0.019675892685950196,0.7366652689921673,0.0,0.0
15,Device,_FusedConv2D,sequential/conv2d_4/Relu,4,269.313,67.32825,269.313,67.32825,0.018415455599491586,0.7550807245916589,0.0,0.0
16,Device,Conv2DBackpropInput,gradient_tape/sequential/conv2d_4/Conv2D/Conv2DBackpropInput,2,243.713,121.8565,243.713,121.8565,0.016664943506324956,0.7717456680979838,0.0,0.0
17,Device,Conv2DBackpropFilter,gradient_tape/sequential/conv2d_3/Conv2D/Conv2DBackpropFilter,2,210.944,105.472,210.944,105.472,0.01442421964769303,0.7861698877456769,0.0,0.0
18,Device,_FusedConv2D,sequential/conv2d_3/Relu,2,199.681,99.8405,199.681,99.8405,0.013654062706078354,0.7998239504517553,0.0,0.0
19,Device,Conv2DBackpropInput,gradient_tape/sequential/conv2d_3/Conv2D/Conv2DBackpropInput,4,190.464,47.616,190.464,47.616,0.013023809973159727,0.812847760424915,0.0,0.0
20,Device,Conv2DBackpropFilter,gradient_tape/sequential/conv2d_4/Conv2D/Conv2DBackpropFilter,2,172.033,86.0165,172.033,86.0165,0.011763509645458392,0.8246112700703734,0.0,0.0
21,Device,Conv2DBackpropFilter,gradient_tape/sequential/conv2d_1/Conv2D/Conv2DBackpropFilter,2,148.48,74.24,148.48,74.24,0.010152970140366454,0.8347642402107398,0.0,0.0
22,Device,Conv2DBackpropFilter,gradient_tape/sequential/conv2d_2/Conv2D/Conv2DBackpropFilter,2,131.072,65.536,131.072,65.536,0.008962621917013145,0.8437268621277529,0.0,0.0
23,Device,Conv2DBackpropInput,gradient_tape/sequential/conv2d_2/Conv2D/Conv2DBackpropInput,2,129.025,64.5125,129.025,64.5125,0.008822649328938455,0.8525495114566914,0.0,0.0
24,Device,_FusedConv2D,sequential/conv2d_2/Relu,2,117.76,58.88,117.76,58.88,0.008052355628566498,0.860601867085258,0.0,0.0
25,Device,ResourceApplyGradientDescent,SGD/SGD/update_10/ResourceApplyGradientDescent,2,115.712,57.856,115.712,57.856,0.007912314661113168,0.8685141817463712,0.0,0.0
26,Device,ResourceApplyGradientDescent,SGD/SGD/update_12/ResourceApplyGradientDescent,2,112.641,56.3205,112.641,56.3205,0.007702321589311812,0.876216503335683,0.0,0.0
27,Device,ResourceApplyGradientDescent,SGD/SGD/update_14/ResourceApplyGradientDescent,2,111.616,55.808,111.616,55.808,0.0076322327262065065,0.8838487360618895,0.0,0.0
28,Device,Conv2DBackpropFilter,gradient_tape/sequential/conv2d/Conv2D/Conv2DBackpropFilter,4,103.425,25.85625,103.425,25.85625,0.007072137235771824,0.8909208732976613,0.0,0.0
29,Device,ResourceApplyGradientDescent,SGD/SGD/update_16/ResourceApplyGradientDescent,2,98.305,49.1525,98.305,49.1525,0.006722034817138498,0.8976429081147999,0.0,0.0
30,Device,SoftmaxCrossEntropyWithLogits,categorical_crossentropy/softmax_cross_entropy_with_logits,2,94.208,47.104,94.208,47.104,0.0064418845028531985,0.9040847926176531,0.0,0.0
31,Device,_FusedConv2D,sequential/conv2d_1/Relu,2,77.824,38.912,77.824,38.912,0.005321556763226555,0.9094063493808796,0.0,0.0
32,Device,Conv2DBackpropInput,gradient_tape/sequential/conv2d_1/Conv2D/Conv2DBackpropInput,2,74.752,37.376,74.752,37.376,0.005111495312046559,0.9145178446929262,0.0,0.0
33,Device,MatMul,gradient_tape/sequential/dense/MatMul/MatMul,2,64.512,32.256,64.512,32.256,0.004411290474779907,0.9189291351677061,0.0,0.0
34,Device,ResourceApplyGradientDescent,SGD/SGD/update_8/ResourceApplyGradientDescent,2,63.488,31.744,63.488,31.744,0.004341269991053242,0.9232704051587594,0.0,0.0
35,Device,_FusedConv2D,sequential/conv2d/Relu,2,53.248,26.624,53.248,26.624,0.00364106515378659,0.926911470312546,0.0,0.0
36,Device,MatMul,sequential/dense/MatMul,2,51.2,25.6,51.2,25.6,0.00350102418633326,0.9304124944988792,0.0,0.0
37,Device,MaxPoolGrad,gradient_tape/sequential/max_pooling2d_3/MaxPool/MaxPoolGrad,2,50.177,25.0885,50.177,25.0885,0.003431072081985234,0.9338435665808644,0.0,0.0
38,Device,MaxPoolGrad,gradient_tape/sequential/max_pooling2d_4/MaxPool/MaxPoolGrad,2,46.081,23.0405,46.081,23.0405,0.0031509901470785735,0.936994556727943,0.0,0.0
39,Device,MatMul,gradient_tape/sequential/dense/MatMul/MatMul_1,2,44.032,22.016,44.032,22.016,0.0030108808002466034,0.9400054375281895,0.0,0.0
40,Device,MaxPoolGrad,gradient_tape/sequential/max_pooling2d/MaxPool/MaxPoolGrad,2,44.032,22.016,44.032,22.016,0.0030108808002466034,0.9430163183284361,0.0,0.0
41,Device,ReluGrad,gradient_tape/sequential/conv2d/ReluGrad,2,41.985,20.9925,41.985,20.9925,0.0028709082121719126,0.9458872265406081,0.0,0.0
42,Device,ResourceApplyGradientDescent,SGD/SGD/update_6/ResourceApplyGradientDescent,2,35.841,17.9205,35.841,17.9205,0.0024507853098119214,0.94833801185042,0.0,0.0
43,Device,_Send,IteratorGetNext/_1,2,33.6,16.8,33.6,16.8,0.0022975471222812017,0.9506355589727012,0.0,0.0
44,Device,BiasAddGrad,gradient_tape/sequential/conv2d/BiasAdd/BiasAddGrad,2,30.72,15.36,30.72,15.36,0.002100614511799956,0.9527361734845012,0.0,0.0
45,Device,MaxPoolGrad,gradient_tape/sequential/max_pooling2d_2/MaxPool/MaxPoolGrad,2,30.72,15.36,30.72,15.36,0.002100614511799956,0.9548367879963012,0.0,0.0
46,Device,MaxPoolGrad,gradient_tape/sequential/max_pooling2d_1/MaxPool/MaxPoolGrad,2,27.648,13.824,27.648,13.824,0.0018905530606199603,0.9567273410569211,0.0,0.0
47,Device,BiasAddGrad,gradient_tape/sequential/conv2d_7/BiasAdd/BiasAddGrad,2,23.552,11.776,23.552,11.776,0.0016104711257132996,0.9583378121826345,0.0,0.0
48,Device,BiasAddGrad,gradient_tape/sequential/conv2d_1/BiasAdd/BiasAddGrad,2,22.528,11.264,22.528,11.264,0.0015404506419866343,0.9598782628246211,0.0,0.0
49,Device,BiasAddGrad,gradient_tape/sequential/conv2d_6/BiasAdd/BiasAddGrad,2,22.528,11.264,22.528,11.264,0.0015404506419866343,0.9614187134666077,0.0,0.0
50,Device,MatMul,sequential/dense_2/MatMul,2,22.528,11.264,22.528,11.264,0.0015404506419866343,0.9629591641085943,0.0,0.0
51,Device,ResourceApplyGradientDescent,SGD/SGD/update_4/ResourceApplyGradientDescent,2,20.48,10.24,20.48,10.24,0.001400409674533304,0.9643595737831275,0.0,0.0
52,Device,ReluGrad,gradient_tape/sequential/conv2d_1/ReluGrad,2,18.432,9.216,18.432,9.216,0.0012603687070799736,0.9656199424902076,0.0,0.0
53,Device,Softmax,sequential/dense_2/Softmax,2,18.432,9.216,18.432,9.216,0.0012603687070799736,0.9668803111972876,0.0,0.0
54,Device,BiasAddGrad,gradient_tape/sequential/conv2d_3/BiasAdd/BiasAddGrad,2,17.408,8.704,17.408,8.704,0.0011903482233533084,0.9680706594206409,0.0,0.0
55,Device,ReluGrad,gradient_tape/sequential/conv2d_3/ReluGrad,2,17.408,8.704,17.408,8.704,0.0011903482233533084,0.9692610076439941,0.0,0.0
56,Device,BiasAddGrad,gradient_tape/sequential/conv2d_2/BiasAdd/BiasAddGrad,2,16.384,8.192,16.384,8.192,0.001120327739626643,0.9703813353836208,0.0,0.0
57,Device,ReluGrad,gradient_tape/sequential/conv2d_2/ReluGrad,2,16.384,8.192,16.384,8.192,0.001120327739626643,0.9715016631232475,0.0,0.0
58,Device,BiasAddGrad,gradient_tape/sequential/conv2d_5/BiasAdd/BiasAddGrad,2,15.36,7.68,15.36,7.68,0.001050307255899978,0.9725519703791474,0.0,0.0
59,Device,MaxPool,sequential/max_pooling2d/MaxPool,2,14.336,7.168,14.336,7.168,0.0009802867721733128,0.9735322571513207,0.0,0.0
60,Device,BiasAddGrad,gradient_tape/sequential/conv2d_4/BiasAdd/BiasAddGrad,2,13.312,6.656,13.312,6.656,0.0009102662884466475,0.9744425234397673,0.0,0.0
61,Device,ReluGrad,gradient_tape/sequential/conv2d_4/ReluGrad,2,12.288,6.144,12.288,6.144,0.0008402458047199824,0.9752827692444873,0.0,0.0
62,Device,MatMul,gradient_tape/sequential/dense_2/MatMul/MatMul,2,12.288,6.144,12.288,6.144,0.0008402458047199824,0.9761230150492073,0.0,0.0
63,Device,ResourceApplyGradientDescent,SGD/SGD/update_2/ResourceApplyGradientDescent,2,10.24,5.12,10.24,5.12,0.000700204837266652,0.9768232198864739,0.0,0.0
64,Device,ReluGrad,gradient_tape/sequential/dense/ReluGrad,2,10.24,5.12,10.24,5.12,0.000700204837266652,0.9775234247237405,0.0,0.0
65,Device,MatMul,gradient_tape/sequential/dense_2/MatMul/MatMul_1,2,10.24,5.12,10.24,5.12,0.000700204837266652,0.9782236295610072,0.0,0.0
66,Device,MaxPool,sequential/max_pooling2d_1/MaxPool,2,10.24,5.12,10.24,5.12,0.000700204837266652,0.9789238343982738,0.0,0.0
67,Device,Transpose,gradient_tape/sequential/conv2d/Conv2D/Conv2DBackpropFilter-0-TransposeNHWCToNCHW-LayoutOptimizer,2,9.216,4.608,9.216,4.608,0.0006301843535399868,0.9795540187518138,0.0,0.0
68,Device,BiasAddGrad,gradient_tape/sequential/dense/BiasAdd/BiasAddGrad,2,9.216,4.608,9.216,4.608,0.0006301843535399868,0.9801842031053538,0.0,0.0
69,Device,BiasAddGrad,gradient_tape/sequential/dense_1/BiasAdd/BiasAddGrad,2,9.216,4.608,9.216,4.608,0.0006301843535399868,0.9808143874588938,0.0,0.0
70,Device,ResourceApplyGradientDescent,SGD/SGD/update_11/ResourceApplyGradientDescent,2,8.192,4.096,8.192,4.096,0.0005601638698133215,0.9813745513287071,0.0,0.0
71,Device,ResourceApplyGradientDescent,SGD/SGD/update_13/ResourceApplyGradientDescent,2,8.192,4.096,8.192,4.096,0.0005601638698133215,0.9819347151985204,0.0,0.0
72,Device,ResourceApplyGradientDescent,SGD/SGD/update_17/ResourceApplyGradientDescent,2,8.192,4.096,8.192,4.096,0.0005601638698133215,0.9824948790683337,0.0,0.0
73,Device,MaxPool,sequential/max_pooling2d_2/MaxPool,2,8.192,4.096,8.192,4.096,0.0005601638698133215,0.9830550429381469,0.0,0.0
74,Device,ArgMax,ArgMax,2,7.168,3.584,7.168,3.584,0.0004901433860866564,0.9835451863242336,0.0,0.0
75,Device,ArgMax,ArgMax_1,2,7.168,3.584,7.168,3.584,0.0004901433860866564,0.9840353297103203,0.0,0.0
76,Device,ResourceApplyGradientDescent,SGD/SGD/update/ResourceApplyGradientDescent,2,7.168,3.584,7.168,3.584,0.0004901433860866564,0.9845254730964069,0.0,0.0
77,Device,ResourceApplyGradientDescent,SGD/SGD/update_15/ResourceApplyGradientDescent,2,7.168,3.584,7.168,3.584,0.0004901433860866564,0.9850156164824936,0.0,0.0
78,Device,ResourceApplyGradientDescent,SGD/SGD/update_19/ResourceApplyGradientDescent,2,7.168,3.584,7.168,3.584,0.0004901433860866564,0.9855057598685802,0.0,0.0
79,Device,ResourceApplyGradientDescent,SGD/SGD/update_9/ResourceApplyGradientDescent,2,7.168,3.584,7.168,3.584,0.0004901433860866564,0.9859959032546669,0.0,0.0
80,Device,ReluGrad,gradient_tape/sequential/conv2d_5/ReluGrad,2,7.168,3.584,7.168,3.584,0.0004901433860866564,0.9864860466407536,0.0,0.0
81,Device,ReluGrad,gradient_tape/sequential/conv2d_6/ReluGrad,2,7.168,3.584,7.168,3.584,0.0004901433860866564,0.9869761900268402,0.0,0.0
82,Device,ReluGrad,gradient_tape/sequential/conv2d_7/ReluGrad,2,7.168,3.584,7.168,3.584,0.0004901433860866564,0.9874663334129269,0.0,0.0
83,Device,BiasAdd,sequential/dense_1/BiasAdd,2,7.168,3.584,7.168,3.584,0.0004901433860866564,0.9879564767990135,0.0,0.0
84,Device,MaxPool,sequential/max_pooling2d_3/MaxPool,2,7.168,3.584,7.168,3.584,0.0004901433860866564,0.9884466201851002,0.0,0.0
85,Device,MaxPool,sequential/max_pooling2d_4/MaxPool,2,7.168,3.584,7.168,3.584,0.0004901433860866564,0.9889367635711869,0.0,0.0
86,Device,AssignAddVariableOp,AssignAddVariableOp,2,6.144,3.072,6.144,3.072,0.0004201229023599912,0.9893568864735469,0.0,0.0
87,Device,AssignAddVariableOp,AssignAddVariableOp_1,2,6.144,3.072,6.144,3.072,0.0004201229023599912,0.989777009375907,0.0,0.0
88,Device,AssignAddVariableOp,AssignAddVariableOp_3,2,6.144,3.072,6.144,3.072,0.0004201229023599912,0.990197132278267,0.0,0.0
89,Device,AssignAddVariableOp,AssignAddVariableOp_4,2,6.144,3.072,6.144,3.072,0.0004201229023599912,0.990617255180627,0.0,0.0
90,Device,Equal,Equal,2,6.144,3.072,6.144,3.072,0.0004201229023599912,0.9910373780829871,0.0,0.0
91,Device,AssignAddVariableOp,SGD/SGD/AssignAddVariableOp,2,6.144,3.072,6.144,3.072,0.0004201229023599912,0.9914575009853471,0.0,0.0
92,Device,ResourceApplyGradientDescent,SGD/SGD/update_1/ResourceApplyGradientDescent,2,6.144,3.072,6.144,3.072,0.0004201229023599912,0.9918776238877072,0.0,0.0
93,Device,ResourceApplyGradientDescent,SGD/SGD/update_20/ResourceApplyGradientDescent,2,6.144,3.072,6.144,3.072,0.0004201229023599912,0.9922977467900672,0.0,0.0
94,Device,ResourceApplyGradientDescent,SGD/SGD/update_3/ResourceApplyGradientDescent,2,6.144,3.072,6.144,3.072,0.0004201229023599912,0.9927178696924273,0.0,0.0
95,Device,ResourceApplyGradientDescent,SGD/SGD/update_5/ResourceApplyGradientDescent,2,6.144,3.072,6.144,3.072,0.0004201229023599912,0.9931379925947873,0.0,0.0
96,Device,ResourceApplyGradientDescent,SGD/SGD/update_7/ResourceApplyGradientDescent,2,6.144,3.072,6.144,3.072,0.0004201229023599912,0.9935581154971473,0.0,0.0
97,Device,Sum,Sum_2,2,6.144,3.072,6.144,3.072,0.0004201229023599912,0.9939782383995074,0.0,0.0
98,Device,DivNoNan,div_no_nan,2,6.144,3.072,6.144,3.072,0.0004201229023599912,0.9943983613018674,0.0,0.0
99,Device,DivNoNan,div_no_nan_1,2,6.144,3.072,6.144,3.072,0.0004201229023599912,0.9948184842042275,0.0,0.0
100,Device,ReluGrad,gradient_tape/sequential/dense_1/ReluGrad,2,6.144,3.072,6.144,3.072,0.0004201229023599912,0.9952386071065875,0.0,0.0
101,Device,BiasAddGrad,gradient_tape/sequential/dense_2/BiasAdd/BiasAddGrad,2,6.144,3.072,6.144,3.072,0.0004201229023599912,0.9956587300089476,0.0,0.0
102,Device,BiasAdd,sequential/dense/BiasAdd,2,6.144,3.072,6.144,3.072,0.0004201229023599912,0.9960788529113076,0.0,0.0
103,Device,BiasAdd,sequential/dense_2/BiasAdd,2,6.144,3.072,6.144,3.072,0.0004201229023599912,0.9964989758136676,0.0,0.0
104,Device,AssignAddVariableOp,AssignAddVariableOp_2,2,5.12,2.56,5.12,2.56,0.000350102418633326,0.996849078232301,0.0,0.0
105,Device,Cast,Cast_1,2,5.12,2.56,5.12,2.56,0.000350102418633326,0.9971991806509343,0.0,0.0
106,Device,Mul,Mul,2,5.12,2.56,5.12,2.56,0.000350102418633326,0.9975492830695676,0.0,0.0
107,Device,ResourceApplyGradientDescent,SGD/SGD/update_21/ResourceApplyGradientDescent,2,5.12,2.56,5.12,2.56,0.000350102418633326,0.9978993854882009,0.0,0.0
108,Device,DivNoNan,categorical_crossentropy/weighted_loss/value,2,5.12,2.56,5.12,2.56,0.000350102418633326,0.9982494879068342,0.0,0.0
109,Device,Mul,gradient_tape/categorical_crossentropy/softmax_cross_entropy_with_logits/mul,2,5.12,2.56,5.12,2.56,0.000350102418633326,0.9985995903254675,0.0,0.0
110,Device,Relu,sequential/dense/Relu,2,5.12,2.56,5.12,2.56,0.000350102418633326,0.9989496927441008,0.0,0.0
111,Device,Relu,sequential/dense_1/Relu,2,5.12,2.56,5.12,2.56,0.000350102418633326,0.9992997951627342,0.0,0.0
112,Device,Sum,categorical_crossentropy/weighted_loss/Sum,2,4.096,2.048,4.096,2.048,0.00028008193490666077,0.9995798770976408,0.0,0.0
113,Device,_Send,IteratorGetNext/_3,2,3.072,1.536,3.072,1.536,0.0002100614511799956,0.9997899385488208,0.0,0.0
114,Device,LogicalAnd,LogicalAnd,1,3.072,3.072,3.072,3.072,0.0002100614511799956,1.0000000000000009,0.0,0.0
115,Host,IDLE,IDLE,0,56406.218,0.0,56406.218,0.0,0.0,0.0,0.9805765888357216,0.9805765888357216
116,Host,_Send,IteratorGetNext/_1,2,340.344,170.172,340.344,170.172,0.0,0.0,0.00591660583502877,0.9864931946707504
117,Host,_Send,IteratorGetNext/_3,2,190.072,95.036,190.072,95.036,0.0,0.0,0.0033042483612920706,0.9897974430320424
118,Host,_Send,IteratorGetNext/_6,2,107.491,53.7455,107.491,53.7455,0.0,0.0,0.001868644306387295,0.9916660873384298
119,Host,Dataset,Iterator::Root::ParallelMapV2::Zip[1]::ForeverRepeat,2,89.151,44.5755,84.511,42.2555,0.0,0.0,0.0014691555476932644,0.993135242886123
120,Host,GatherV2,GatherV2,2,66.23,33.115,66.23,33.115,0.0,0.0,0.0011513551126329697,0.994286597998756
121,Host,Dataset,Iterator::Root::ParallelMapV2,2,66.2,33.1,66.2,33.1,0.0,0.0,0.00115083358683833,0.9954374315855943
122,Host,IteratorGetNext,IteratorGetNext,2,44.221,22.1105,44.221,22.1105,0.0,0.0,0.0007687464054921116,0.9962061779910864
123,Host,FlushSummaryWriter,FlushSummaryWriter,1,38.881,38.881,38.881,38.881,0.0,0.0,0.0006759148140462404,0.9968820928051326
124,Host,Dataset,Iterator::Root,2,100.991,50.4955,34.791,17.3955,0.0,0.0,0.0006048134640436909,0.9974869062691764
125,Host,Dataset,Iterator::Root::ParallelMapV2::Zip[0]::FlatMap,2,53.121,26.5605,33.911,16.9555,0.0,0.0,0.0005895153740675923,0.998076421643244
126,Host,LogicalAnd,LogicalAnd,1,30.61,30.61,30.61,30.61,0.0,0.0,0.0005321301524640676,0.9986085517957081
127,Host,WriteSummary,WriteSummary,1,20.081,20.081,20.081,20.081,0.0,0.0,0.0003490919827386783,0.9989576437784468
128,Host,Dataset,Iterator::Root::ParallelMapV2::Zip[0]::FlatMap[1]::TensorSlice,2,19.21,9.605,19.21,9.605,0.0,0.0,0.00033395035050097163,0.9992915941289477
129,Host,GatherV2,GatherV2_1,2,17.99,8.995,17.99,8.995,0.0,0.0,0.00031274163485228934,0.9996043357638
130,Host,Dataset,Iterator::Root::ParallelMapV2::Zip,2,151.842,75.921,9.57,4.785,0.0,0.0,0.00016636672849007278,0.99977070249229
131,Host,ReadVariableOp,ReadVariableOp,1,6.06,6.06,6.06,6.06,0.0,0.0,0.00010534821051722477,0.9998760507028073
132,Host,Dataset,Iterator::Root::ParallelMapV2::Zip[1]::ForeverRepeat::FromTensor,4,4.64,1.16,4.64,1.16,0.0,0.0,8.066265623761104e-05,0.9999567133590449
133,Host,Identity,Identity,2,2.49,1.245,2.49,1.245,0.0,0.0,4.328664095509731e-05,1.0
