Rank,Host/device,Type,Operation,#Occurrences,Total time (us),Avg. time (us),Total self-time (us),Avg. self-time (us),Total self-time on Device (%),Cumulative total-self time on Device (%),Total self-time on Host (%),Cumulative total-self time on Host (%)
1,Device,IDLE,IDLE,0,5338.797,0.0,5338.797,0.0,0.14357714200486005,0.14357714200486005,0.0,0.0
2,Device,Conv2DBackpropFilter,gradient_tape/sequential/conv2d_1/Conv2D/Conv2DBackpropFilter,2,1603.589,801.7945,1603.589,801.7945,0.043125581581474545,0.1867027235863346,0.0,0.0
3,Device,Conv2DBackpropFilter,gradient_tape/sequential/conv2d_9/Conv2D/Conv2DBackpropFilter,2,1168.388,584.194,1168.388,584.194,0.03142164981975798,0.2181243734060926,0.0,0.0
4,Device,Conv2DBackpropFilter,gradient_tape/sequential/conv2d_8/Conv2D/Conv2DBackpropFilter,2,1166.34,583.17,1166.34,583.17,0.03136657262037655,0.24949094602646915,0.0,0.0
5,Device,Conv2DBackpropFilter,gradient_tape/sequential/conv2d_3/Conv2D/Conv2DBackpropFilter,2,1025.028,512.514,1025.028,512.514,0.027566245863058236,0.2770571918895274,0.0,0.0
6,Device,ResourceApplyGradientDescent,SGD/SGD/update_28/ResourceApplyGradientDescent,2,833.538,416.769,833.538,416.769,0.022416473934567478,0.29947366582409485,0.0,0.0
7,Device,_FusedConv2D,sequential/conv2d_1/Relu,2,811.01,405.505,811.01,405.505,0.021810624741371805,0.32128429056546665,0.0,0.0
8,Device,Conv2DBackpropInput,gradient_tape/sequential/conv2d_1/Conv2D/Conv2DBackpropInput,2,801.794,400.897,801.794,400.897,0.021562777344155393,0.34284706790962205,0.0,0.0
9,Device,Conv2DBackpropFilter,gradient_tape/sequential/conv2d_11/Conv2D/Conv2DBackpropFilter,2,783.362,391.681,783.362,391.681,0.021067082549722567,0.3639141504593446,0.0,0.0
10,Device,Conv2DBackpropFilter,gradient_tape/sequential/conv2d_10/Conv2D/Conv2DBackpropFilter,2,782.338,391.169,782.338,391.169,0.021039543950031853,0.38495369440937643,0.0,0.0
11,Device,Conv2DBackpropFilter,gradient_tape/sequential/conv2d_12/Conv2D/Conv2DBackpropFilter,2,771.074,385.537,771.074,385.537,0.020736619353434016,0.40569031376281045,0.0,0.0
12,Device,_FusedConv2D,sequential/conv2d_8/Relu,2,737.282,368.641,737.282,368.641,0.019827845563640506,0.425518159326451,0.0,0.0
13,Device,_FusedConv2D,sequential/conv2d_9/Relu,2,737.282,368.641,737.282,368.641,0.019827845563640506,0.44534600489009146,0.0,0.0
14,Device,Conv2DBackpropInput,gradient_tape/sequential/conv2d_8/Conv2D/Conv2DBackpropInput,2,701.442,350.721,701.442,350.721,0.01886399457446557,0.46420999946455704,0.0,0.0
15,Device,Conv2DBackpropInput,gradient_tape/sequential/conv2d_9/Conv2D/Conv2DBackpropInput,2,700.418,350.209,700.418,350.209,0.018836455974774857,0.4830464554393319,0.0,0.0
16,Device,Conv2DBackpropFilter,gradient_tape/sequential/conv2d_2/Conv2D/Conv2DBackpropFilter,4,687.106,171.7765,687.106,171.7765,0.018478454178795595,0.5015249096181275,0.0,0.0
17,Device,_FusedConv2D,sequential/conv2d_3/Relu,2,633.858,316.929,633.858,316.929,0.017046446994878544,0.518571356613006,0.0,0.0
18,Device,Conv2DBackpropInput,gradient_tape/sequential/conv2d_3/Conv2D/Conv2DBackpropInput,2,628.738,314.369,628.738,314.369,0.016908753996424986,0.535480110609431,0.0,0.0
19,Device,Conv2DBackpropFilter,gradient_tape/sequential/conv2d_5/Conv2D/Conv2DBackpropFilter,2,619.522,309.761,619.522,309.761,0.01666090659920857,0.5521410172086396,0.0,0.0
20,Device,Conv2DBackpropFilter,gradient_tape/sequential/conv2d_6/Conv2D/Conv2DBackpropFilter,2,618.497,309.2485,618.497,309.2485,0.0166333411063541,0.5687743583149937,0.0,0.0
21,Device,_FusedConv2D,sequential/conv2d_5/Relu,2,617.474,308.737,617.474,308.737,0.016605829399827146,0.5853801877148208,0.0,0.0
22,Device,_FusedConv2D,sequential/conv2d_6/Relu,2,615.426,307.713,615.426,307.713,0.01655075220044572,0.6019309399152666,0.0,0.0
23,Device,Conv2DBackpropInput,gradient_tape/sequential/conv2d_6/Conv2D/Conv2DBackpropInput,2,601.09,300.545,601.09,300.545,0.01616521180477575,0.6180961517200423,0.0,0.0
24,Device,Conv2DBackpropInput,gradient_tape/sequential/conv2d_5/Conv2D/Conv2DBackpropInput,2,598.018,299.009,598.018,299.009,0.01608259600570361,0.6341787477257459,0.0,0.0
25,Device,_FusedConv2D,sequential/conv2d_10/Relu,4,464.897,116.22425,464.897,116.22425,0.012502551152747225,0.6466812988784931,0.0,0.0
26,Device,Conv2DBackpropFilter,gradient_tape/sequential/conv2d_7/Conv2D/Conv2DBackpropFilter,2,457.73,228.865,457.73,228.865,0.012309807848075999,0.6589911067265691,0.0,0.0
27,Device,_FusedConv2D,sequential/conv2d_11/Relu,4,449.538,112.3845,449.538,112.3845,0.0120894990505503,0.6710806057771195,0.0,0.0
28,Device,_FusedConv2D,sequential/conv2d_12/Relu,4,449.538,112.3845,449.538,112.3845,0.0120894990505503,0.6831701048276698,0.0,0.0
29,Device,Conv2DBackpropInput,gradient_tape/sequential/conv2d_12/Conv2D/Conv2DBackpropInput,4,436.226,109.0565,436.226,109.0565,0.011731497254571037,0.6949016020822408,0.0,0.0
30,Device,Conv2DBackpropInput,gradient_tape/sequential/conv2d_11/Conv2D/Conv2DBackpropInput,4,435.202,108.8005,435.202,108.8005,0.011703958654880324,0.7066055607371211,0.0,0.0
31,Device,ReluGrad,gradient_tape/sequential/conv2d_1/ReluGrad,2,433.154,216.577,433.154,216.577,0.011648881455498899,0.71825444219262,0.0,0.0
32,Device,Conv2DBackpropInput,gradient_tape/sequential/conv2d_10/Conv2D/Conv2DBackpropInput,4,433.154,108.2885,433.154,108.2885,0.011648881455498899,0.7299033236481189,0.0,0.0
33,Device,_FusedConv2D,sequential/conv2d_7/Relu,2,422.912,211.456,422.912,211.456,0.011373441672264253,0.7412767653203832,0.0,0.0
34,Device,ReluGrad,gradient_tape/sequential/conv2d/ReluGrad,2,421.888,210.944,421.888,210.944,0.01134590307257354,0.7526226683929568,0.0,0.0
35,Device,ResourceApplyGradientDescent,SGD/SGD/update_26/ResourceApplyGradientDescent,2,415.746,207.873,415.746,207.873,0.011180725260756787,0.7638033936537135,0.0,0.0
36,Device,Conv2DBackpropInput,gradient_tape/sequential/conv2d_7/Conv2D/Conv2DBackpropInput,2,399.362,199.681,399.362,199.681,0.010740107665705389,0.774543501319419,0.0,0.0
37,Device,Conv2DBackpropFilter,gradient_tape/sequential/conv2d_4/Conv2D/Conv2DBackpropFilter,2,395.266,197.633,395.266,197.633,0.010629953266942539,0.7851734545863615,0.0,0.0
38,Device,Conv2DBackpropFilter,gradient_tape/sequential/conv2d/Conv2D/Conv2DBackpropFilter,2,374.786,187.393,374.786,187.393,0.010079181273128289,0.7952526358594897,0.0,0.0
39,Device,Conv2DBackpropInput,gradient_tape/sequential/conv2d_4/Conv2D/Conv2DBackpropInput,2,367.617,183.8085,367.617,183.8085,0.00988638418212954,0.8051390200416192,0.0,0.0
40,Device,_FusedConv2D,sequential/conv2d_2/Relu,2,366.592,183.296,366.592,183.296,0.009858818689275068,0.8149978387308943,0.0,0.0
41,Device,Conv2DBackpropInput,gradient_tape/sequential/conv2d_2/Conv2D/Conv2DBackpropInput,2,352.258,176.129,352.258,176.129,0.009473332079932614,0.8244711708108269,0.0,0.0
42,Device,_FusedConv2D,sequential/conv2d_4/Relu,2,351.234,175.617,351.234,175.617,0.009445793480241901,0.8339169642910688,0.0,0.0
43,Device,MatMul,gradient_tape/sequential/dense_1/MatMul/MatMul,2,334.848,167.424,334.848,167.424,0.009005122098862981,0.8429220863899317,0.0,0.0
44,Device,MaxPoolGrad,gradient_tape/sequential/max_pooling2d/MaxPool/MaxPoolGrad,2,326.656,163.328,326.656,163.328,0.00878481330133728,0.851706899691269,0.0,0.0
45,Device,MatMul,gradient_tape/sequential/dense_1/MatMul/MatMul_1,2,314.37,157.185,314.37,157.185,0.008454403891376252,0.8601613035826453,0.0,0.0
46,Device,MatMul,sequential/dense_1/MatMul,2,303.104,151.552,303.104,151.552,0.008151425508450893,0.8683127290910962,0.0,0.0
47,Device,_Send,IteratorGetNext/_1,2,241.986,120.993,241.986,120.993,0.006507769125739013,0.8748204982168353,0.0,0.0
48,Device,_FusedConv2D,sequential/conv2d/Relu,2,231.424,115.712,231.424,115.712,0.006223723530101021,0.8810442217469363,0.0,0.0
49,Device,ReluGrad,gradient_tape/sequential/conv2d_3/ReluGrad,2,217.088,108.544,217.088,108.544,0.0058381831344310455,0.8868824048813674,0.0,0.0
50,Device,ReluGrad,gradient_tape/sequential/conv2d_2/ReluGrad,2,201.728,100.864,201.728,100.864,0.0054251041390703586,0.8923075090204378,0.0,0.0
51,Device,MatMul,sequential/dense/MatMul,2,177.152,88.576,177.152,88.576,0.004764177746493258,0.897071686766931,0.0,0.0
52,Device,MatMul,gradient_tape/sequential/dense/MatMul/MatMul,2,174.08,87.04,174.08,87.04,0.0046815619474211215,0.9017532487143521,0.0,0.0
53,Device,MaxPool,sequential/max_pooling2d/MaxPool,2,173.058,86.529,173.058,86.529,0.00465407713405793,0.9064073258484101,0.0,0.0
54,Device,MatMul,gradient_tape/sequential/dense/MatMul/MatMul_1,2,163.841,81.9205,163.841,81.9205,0.0044062028436777576,0.9108135286920879,0.0,0.0
55,Device,MaxPoolGrad,gradient_tape/sequential/max_pooling2d_1/MaxPool/MaxPoolGrad,2,161.792,80.896,161.792,80.896,0.004351098751132571,0.9151646274432205,0.0,0.0
56,Device,BiasAddGrad,gradient_tape/sequential/conv2d_1/BiasAdd/BiasAddGrad,2,145.409,72.7045,145.409,72.7045,0.003910508049244932,0.9190751354924654,0.0,0.0
57,Device,BiasAddGrad,gradient_tape/sequential/conv2d/BiasAdd/BiasAddGrad,2,141.312,70.656,141.312,70.656,0.0038003267573183223,0.9228754622497838,0.0,0.0
58,Device,SoftmaxCrossEntropyWithLogits,categorical_crossentropy/softmax_cross_entropy_with_logits,2,126.977,63.4885,126.977,63.4885,0.003414813254812108,0.9262902755045959,0.0,0.0
59,Device,ResourceApplyGradientDescent,SGD/SGD/update_16/ResourceApplyGradientDescent,2,122.88,61.44,122.88,61.44,0.003304631962885497,0.9295949074674814,0.0,0.0
60,Device,ResourceApplyGradientDescent,SGD/SGD/update_18/ResourceApplyGradientDescent,2,121.856,60.928,121.856,60.928,0.003277093363194785,0.9328720008306762,0.0,0.0
61,Device,ResourceApplyGradientDescent,SGD/SGD/update_20/ResourceApplyGradientDescent,2,120.832,60.416,120.832,60.416,0.0032495547635040724,0.9361215555941803,0.0,0.0
62,Device,ResourceApplyGradientDescent,SGD/SGD/update_24/ResourceApplyGradientDescent,2,119.808,59.904,119.808,59.904,0.0032220161638133603,0.9393435717579937,0.0,0.0
63,Device,ResourceApplyGradientDescent,SGD/SGD/update_22/ResourceApplyGradientDescent,2,118.784,59.392,118.784,59.392,0.0031944775641226477,0.9425380493221163,0.0,0.0
64,Device,ReluGrad,gradient_tape/sequential/conv2d_5/ReluGrad,2,107.52,53.76,107.52,53.76,0.00289155296752481,0.9454296022896411,0.0,0.0
65,Device,ReluGrad,gradient_tape/sequential/conv2d_4/ReluGrad,2,106.496,53.248,106.496,53.248,0.0028640143678340976,0.9482936166574752,0.0,0.0
66,Device,MaxPoolGrad,gradient_tape/sequential/max_pooling2d_3/MaxPool/MaxPoolGrad,2,100.352,50.176,100.352,50.176,0.002698782769689823,0.9509923994271651,0.0,0.0
67,Device,ReluGrad,gradient_tape/sequential/conv2d_6/ReluGrad,2,99.328,49.664,99.328,49.664,0.0026712441699991104,0.9536636435971642,0.0,0.0
68,Device,BiasAddGrad,gradient_tape/sequential/conv2d_3/BiasAdd/BiasAddGrad,2,95.232,47.616,95.232,47.616,0.0025610897712362605,0.9562247333684004,0.0,0.0
69,Device,BiasAddGrad,gradient_tape/sequential/conv2d_2/BiasAdd/BiasAddGrad,2,93.184,46.592,93.184,46.592,0.0025060125718548354,0.9587307459402552,0.0,0.0
70,Device,MaxPool,sequential/max_pooling2d_1/MaxPool,2,89.088,44.544,89.088,44.544,0.0023958581730919855,0.9611266041133472,0.0,0.0
71,Device,MaxPoolGrad,gradient_tape/sequential/max_pooling2d_2/MaxPool/MaxPoolGrad,2,84.992,42.496,84.992,42.496,0.002285703774329136,0.9634123078876763,0.0,0.0
72,Device,MaxPoolGrad,gradient_tape/sequential/max_pooling2d_4/MaxPool/MaxPoolGrad,2,83.968,41.984,83.968,41.984,0.0022581651746384234,0.9656704730623147,0.0,0.0
73,Device,ResourceApplyGradientDescent,SGD/SGD/update_14/ResourceApplyGradientDescent,2,65.536,32.768,65.536,32.768,0.0017624703802055987,0.9674329434425203,0.0,0.0
74,Device,ReluGrad,gradient_tape/sequential/conv2d_8/ReluGrad,2,56.32,28.16,56.32,28.16,0.0015146229829891863,0.9689475664255095,0.0,0.0
75,Device,BiasAddGrad,gradient_tape/sequential/conv2d_6/BiasAdd/BiasAddGrad,2,55.296,27.648,55.296,27.648,0.001487084383298474,0.970434650808808,0.0,0.0
76,Device,ReluGrad,gradient_tape/sequential/conv2d_7/ReluGrad,2,55.296,27.648,55.296,27.648,0.001487084383298474,0.9719217351921065,0.0,0.0
77,Device,BiasAddGrad,gradient_tape/sequential/conv2d_5/BiasAdd/BiasAddGrad,2,54.272,27.136,54.272,27.136,0.0014595457836077614,0.9733812809757142,0.0,0.0
78,Device,MaxPool,sequential/max_pooling2d_2/MaxPool,2,46.08,23.04,46.08,23.04,0.0012392369860820616,0.9746205179617963,0.0,0.0
79,Device,BiasAddGrad,gradient_tape/sequential/conv2d_4/BiasAdd/BiasAddGrad,2,43.008,21.504,43.008,21.504,0.0011566211870099243,0.9757771391488061,0.0,0.0
80,Device,ResourceApplyGradientDescent,SGD/SGD/update_10/ResourceApplyGradientDescent,2,36.864,18.432,36.864,18.432,0.0009913895888656492,0.9767685287376718,0.0,0.0
81,Device,ResourceApplyGradientDescent,SGD/SGD/update_12/ResourceApplyGradientDescent,2,36.864,18.432,36.864,18.432,0.0009913895888656492,0.9777599183265375,0.0,0.0
82,Device,ReluGrad,gradient_tape/sequential/conv2d_9/ReluGrad,2,36.864,18.432,36.864,18.432,0.0009913895888656492,0.9787513079154032,0.0,0.0
83,Device,BiasAddGrad,gradient_tape/sequential/conv2d_7/BiasAdd/BiasAddGrad,2,33.792,16.896,33.792,16.896,0.0009087737897935118,0.9796600817051967,0.0,0.0
84,Device,BiasAddGrad,gradient_tape/sequential/conv2d_8/BiasAdd/BiasAddGrad,2,30.72,15.36,30.72,15.36,0.0008261579907213743,0.9804862396959181,0.0,0.0
85,Device,BiasAddGrad,gradient_tape/sequential/conv2d_9/BiasAdd/BiasAddGrad,2,30.72,15.36,30.72,15.36,0.0008261579907213743,0.9813123976866395,0.0,0.0
86,Device,BiasAddGrad,gradient_tape/sequential/conv2d_11/BiasAdd/BiasAddGrad,2,28.672,14.336,28.672,14.336,0.0007710807913399495,0.9820834784779794,0.0,0.0
87,Device,BiasAddGrad,gradient_tape/sequential/conv2d_12/BiasAdd/BiasAddGrad,2,28.672,14.336,28.672,14.336,0.0007710807913399495,0.9828545592693193,0.0,0.0
88,Device,BiasAddGrad,gradient_tape/sequential/conv2d_10/BiasAdd/BiasAddGrad,2,27.648,13.824,27.648,13.824,0.000743542191649237,0.9835981014609685,0.0,0.0
89,Device,MatMul,sequential/dense_2/MatMul,2,25.6,12.8,25.6,12.8,0.000688464992267812,0.9842865664532363,0.0,0.0
90,Device,Transpose,gradient_tape/sequential/conv2d/Conv2D/Conv2DBackpropFilter-0-TransposeNHWCToNCHW-LayoutOptimizer,2,22.528,11.264,22.528,11.264,0.0006058491931956745,0.984892415646432,0.0,0.0
91,Device,ArgMax,ArgMax,2,20.48,10.24,20.48,10.24,0.0005507719938142496,0.9854431876402463,0.0,0.0
92,Device,ResourceApplyGradientDescent,SGD/SGD/update_8/ResourceApplyGradientDescent,2,20.48,10.24,20.48,10.24,0.0005507719938142496,0.9859939596340606,0.0,0.0
93,Device,Softmax,sequential/dense_2/Softmax,2,20.48,10.24,20.48,10.24,0.0005507719938142496,0.9865447316278748,0.0,0.0
94,Device,ArgMax,ArgMax_1,2,18.432,9.216,18.432,9.216,0.0004956947944328246,0.9870404264223076,0.0,0.0
95,Device,ReluGrad,gradient_tape/sequential/conv2d_10/ReluGrad,2,18.432,9.216,18.432,9.216,0.0004956947944328246,0.9875361212167404,0.0,0.0
96,Device,ReluGrad,gradient_tape/sequential/conv2d_11/ReluGrad,2,17.408,8.704,17.408,8.704,0.0004681561947421122,0.9880042774114826,0.0,0.0
97,Device,MatMul,gradient_tape/sequential/dense_2/MatMul/MatMul_1,2,16.384,8.192,16.384,8.192,0.0004406175950513997,0.988444895006534,0.0,0.0
98,Device,MatMul,gradient_tape/sequential/dense_2/MatMul/MatMul,2,15.36,7.68,15.36,7.68,0.00041307899536068715,0.9888579740018947,0.0,0.0
99,Device,MaxPool,sequential/max_pooling2d_3/MaxPool,2,14.337,7.1685,14.337,7.1685,0.00038556728883373516,0.9892435412907284,0.0,0.0
100,Device,ResourceApplyGradientDescent,SGD/SGD/update_6/ResourceApplyGradientDescent,2,13.312,6.656,13.312,6.656,0.0003580017959792622,0.9896015430867077,0.0,0.0
101,Device,ReluGrad,gradient_tape/sequential/dense/ReluGrad,2,12.288,6.144,12.288,6.144,0.0003304631962885498,0.9899320062829963,0.0,0.0
102,Device,ResourceApplyGradientDescent,SGD/SGD/update_4/ResourceApplyGradientDescent,2,11.264,5.632,11.264,5.632,0.00030292459659783726,0.9902349308795941,0.0,0.0
103,Device,ResourceApplyGradientDescent,SGD/SGD/update_30/ResourceApplyGradientDescent,2,10.24,5.12,10.24,5.12,0.0002753859969071248,0.9905103168765013,0.0,0.0
104,Device,BiasAddGrad,gradient_tape/sequential/dense/BiasAdd/BiasAddGrad,2,10.24,5.12,10.24,5.12,0.0002753859969071248,0.9907857028734084,0.0,0.0
105,Device,Transpose,gradient_tape/sequential/max_pooling2d_4/MaxPool/MaxPoolGrad-2-TransposeNHWCToNCHW-LayoutOptimizer,2,10.24,5.12,10.24,5.12,0.0002753859969071248,0.9910610888703155,0.0,0.0
106,Device,BiasAdd,sequential/dense/BiasAdd,2,9.216,4.608,9.216,4.608,0.0002478473972164123,0.9913089362675319,0.0,0.0
107,Device,MaxPool,sequential/max_pooling2d_4/MaxPool,2,9.216,4.608,9.216,4.608,0.0002478473972164123,0.9915567836647483,0.0,0.0
108,Device,ResourceApplyGradientDescent,SGD/SGD/update_2/ResourceApplyGradientDescent,2,8.192,4.096,8.192,4.096,0.00022030879752569984,0.991777092462274,0.0,0.0
109,Device,ResourceApplyGradientDescent,SGD/SGD/update_23/ResourceApplyGradientDescent,2,8.192,4.096,8.192,4.096,0.00022030879752569984,0.9919974012597996,0.0,0.0
110,Device,ResourceApplyGradientDescent,SGD/SGD/update_27/ResourceApplyGradientDescent,2,8.192,4.096,8.192,4.096,0.00022030879752569984,0.9922177100573253,0.0,0.0
111,Device,ReluGrad,gradient_tape/sequential/conv2d_12/ReluGrad,2,8.192,4.096,8.192,4.096,0.00022030879752569984,0.992438018854851,0.0,0.0
112,Device,BiasAddGrad,gradient_tape/sequential/dense_1/BiasAdd/BiasAddGrad,2,8.192,4.096,8.192,4.096,0.00022030879752569984,0.9926583276523766,0.0,0.0
113,Device,Transpose,sequential/max_pooling2d_4/MaxPool-0-2-TransposeNCHWToNHWC-LayoutOptimizer,2,8.192,4.096,8.192,4.096,0.00022030879752569984,0.9928786364499023,0.0,0.0
114,Device,ResourceApplyGradientDescent,SGD/SGD/update_29/ResourceApplyGradientDescent,2,7.169,3.5845,7.169,3.5845,0.0001927970909987478,0.993071433540901,0.0,0.0
115,Device,ResourceApplyGradientDescent,SGD/SGD/update/ResourceApplyGradientDescent,2,7.168,3.584,7.168,3.584,0.00019277019783498736,0.993264203738736,0.0,0.0
116,Device,ResourceApplyGradientDescent,SGD/SGD/update_13/ResourceApplyGradientDescent,2,7.168,3.584,7.168,3.584,0.00019277019783498736,0.9934569739365711,0.0,0.0
117,Device,ResourceApplyGradientDescent,SGD/SGD/update_21/ResourceApplyGradientDescent,2,7.168,3.584,7.168,3.584,0.00019277019783498736,0.9936497441344061,0.0,0.0
118,Device,ResourceApplyGradientDescent,SGD/SGD/update_25/ResourceApplyGradientDescent,2,7.168,3.584,7.168,3.584,0.00019277019783498736,0.9938425143322411,0.0,0.0
119,Device,ResourceApplyGradientDescent,SGD/SGD/update_3/ResourceApplyGradientDescent,2,7.168,3.584,7.168,3.584,0.00019277019783498736,0.9940352845300762,0.0,0.0
120,Device,BiasAdd,sequential/dense_1/BiasAdd,2,7.168,3.584,7.168,3.584,0.00019277019783498736,0.9942280547279112,0.0,0.0
121,Device,AssignAddVariableOp,AssignAddVariableOp,2,6.144,3.072,6.144,3.072,0.0001652315981442749,0.9943932863260555,0.0,0.0
122,Device,AssignAddVariableOp,AssignAddVariableOp_2,2,6.144,3.072,6.144,3.072,0.0001652315981442749,0.9945585179241998,0.0,0.0
123,Device,AssignAddVariableOp,AssignAddVariableOp_3,2,6.144,3.072,6.144,3.072,0.0001652315981442749,0.9947237495223441,0.0,0.0
124,Device,AssignAddVariableOp,AssignAddVariableOp_4,2,6.144,3.072,6.144,3.072,0.0001652315981442749,0.9948889811204884,0.0,0.0
125,Device,AssignAddVariableOp,SGD/SGD/AssignAddVariableOp,2,6.144,3.072,6.144,3.072,0.0001652315981442749,0.9950542127186327,0.0,0.0
126,Device,ResourceApplyGradientDescent,SGD/SGD/update_1/ResourceApplyGradientDescent,2,6.144,3.072,6.144,3.072,0.0001652315981442749,0.995219444316777,0.0,0.0
127,Device,ResourceApplyGradientDescent,SGD/SGD/update_11/ResourceApplyGradientDescent,2,6.144,3.072,6.144,3.072,0.0001652315981442749,0.9953846759149213,0.0,0.0
128,Device,ResourceApplyGradientDescent,SGD/SGD/update_15/ResourceApplyGradientDescent,2,6.144,3.072,6.144,3.072,0.0001652315981442749,0.9955499075130656,0.0,0.0
129,Device,ResourceApplyGradientDescent,SGD/SGD/update_17/ResourceApplyGradientDescent,2,6.144,3.072,6.144,3.072,0.0001652315981442749,0.9957151391112099,0.0,0.0
130,Device,ResourceApplyGradientDescent,SGD/SGD/update_19/ResourceApplyGradientDescent,2,6.144,3.072,6.144,3.072,0.0001652315981442749,0.9958803707093542,0.0,0.0
131,Device,ResourceApplyGradientDescent,SGD/SGD/update_31/ResourceApplyGradientDescent,2,6.144,3.072,6.144,3.072,0.0001652315981442749,0.9960456023074985,0.0,0.0
132,Device,ResourceApplyGradientDescent,SGD/SGD/update_5/ResourceApplyGradientDescent,2,6.144,3.072,6.144,3.072,0.0001652315981442749,0.9962108339056428,0.0,0.0
133,Device,ResourceApplyGradientDescent,SGD/SGD/update_7/ResourceApplyGradientDescent,2,6.144,3.072,6.144,3.072,0.0001652315981442749,0.9963760655037871,0.0,0.0
134,Device,ResourceApplyGradientDescent,SGD/SGD/update_9/ResourceApplyGradientDescent,2,6.144,3.072,6.144,3.072,0.0001652315981442749,0.9965412971019314,0.0,0.0
135,Device,DivNoNan,div_no_nan_1,2,6.144,3.072,6.144,3.072,0.0001652315981442749,0.9967065287000757,0.0,0.0
136,Device,Tile,gradient_tape/categorical_crossentropy/weighted_loss/Tile_1,2,6.144,3.072,6.144,3.072,0.0001652315981442749,0.99687176029822,0.0,0.0
137,Device,ReluGrad,gradient_tape/sequential/dense_1/ReluGrad,2,6.144,3.072,6.144,3.072,0.0001652315981442749,0.9970369918963643,0.0,0.0
138,Device,BiasAddGrad,gradient_tape/sequential/dense_2/BiasAdd/BiasAddGrad,2,6.144,3.072,6.144,3.072,0.0001652315981442749,0.9972022234945086,0.0,0.0
139,Device,Relu,sequential/dense/Relu,2,6.144,3.072,6.144,3.072,0.0001652315981442749,0.9973674550926529,0.0,0.0
140,Device,Relu,sequential/dense_1/Relu,2,6.144,3.072,6.144,3.072,0.0001652315981442749,0.9975326866907972,0.0,0.0
141,Device,BiasAdd,sequential/dense_2/BiasAdd,2,6.144,3.072,6.144,3.072,0.0001652315981442749,0.9976979182889415,0.0,0.0
142,Device,Equal,Equal,2,5.121,2.5605,5.121,2.5605,0.00013771989161732287,0.9978356381805589,0.0,0.0
143,Device,AssignAddVariableOp,AssignAddVariableOp_1,2,5.12,2.56,5.12,2.56,0.0001376929984535624,0.9979733311790124,0.0,0.0
144,Device,Cast,Cast,2,5.12,2.56,5.12,2.56,0.0001376929984535624,0.998111024177466,0.0,0.0
145,Device,Cast,Cast_1,2,5.12,2.56,5.12,2.56,0.0001376929984535624,0.9982487171759196,0.0,0.0
146,Device,Cast,Cast_2,2,5.12,2.56,5.12,2.56,0.0001376929984535624,0.9983864101743731,0.0,0.0
147,Device,Mul,Mul,2,5.12,2.56,5.12,2.56,0.0001376929984535624,0.9985241031728267,0.0,0.0
148,Device,Sum,Sum_2,2,5.12,2.56,5.12,2.56,0.0001376929984535624,0.9986617961712803,0.0,0.0
149,Device,Sum,categorical_crossentropy/weighted_loss/Sum,2,5.12,2.56,5.12,2.56,0.0001376929984535624,0.9987994891697338,0.0,0.0
150,Device,Cast,categorical_crossentropy/weighted_loss/num_elements/Cast,2,5.12,2.56,5.12,2.56,0.0001376929984535624,0.9989371821681874,0.0,0.0
151,Device,DivNoNan,categorical_crossentropy/weighted_loss/value,2,5.12,2.56,5.12,2.56,0.0001376929984535624,0.999074875166641,0.0,0.0
152,Device,DivNoNan,div_no_nan,2,5.12,2.56,5.12,2.56,0.0001376929984535624,0.9992125681650945,0.0,0.0
153,Device,Mul,gradient_tape/categorical_crossentropy/softmax_cross_entropy_with_logits/mul,2,5.12,2.56,5.12,2.56,0.0001376929984535624,0.9993502611635481,0.0,0.0
154,Device,DivNoNan,gradient_tape/categorical_crossentropy/weighted_loss/value/div_no_nan,2,5.12,2.56,5.12,2.56,0.0001376929984535624,0.9994879541620016,0.0,0.0
155,Device,_Recv,categorical_crossentropy/weighted_loss/num_elements/_14,2,4.192,2.096,4.192,2.096,0.00011273614248385422,0.9996006903044855,0.0,0.0
156,Device,_Recv,strided_slice/_12,2,4.16,2.08,4.16,2.08,0.00011187556124351945,0.999712565865729,0.0,0.0
157,Device,_Send,IteratorGetNext/_3,2,4.096,2.048,4.096,2.048,0.00011015439876284992,0.9998227202644918,0.0,0.0
158,Device,_Recv,Size/_16,2,3.52,1.76,3.52,1.76,9.466393643682415e-05,0.9999173842009287,0.0,0.0
159,Device,LogicalAnd,LogicalAnd,1,3.072,3.072,3.072,3.072,8.261579907213745e-05,1.0000000000000009,0.0,0.0
160,Host,IDLE,IDLE,0,174420.397,0.0,174420.397,0.0,0.0,0.0,0.9831666492368523,0.9831666492368523
161,Host,_Send,IteratorGetNext/_3,2,897.071,448.5355,897.071,448.5355,0.0,0.0,0.005056577695999352,0.9882232269328516
162,Host,_Send,IteratorGetNext/_1,2,896.601,448.3005,896.601,448.3005,0.0,0.0,0.005053928416826221,0.9932771553496778
163,Host,_Send,IteratorGetNext/_6,2,420.866,210.433,420.866,210.433,0.0,0.0,0.002372322401018942,0.9956494777506967
164,Host,GatherV2,GatherV2,2,361.475,180.7375,361.475,180.7375,0.0,0.0,0.002037549338526567,0.9976870270892232
165,Host,Dataset,Iterator::Root::ParallelMapV2,2,68.31,34.155,68.31,34.155,0.0,0.0,0.0003850473623756824,0.9980720744515988
166,Host,Dataset,Iterator::Root::ParallelMapV2::Zip[1]::ForeverRepeat,2,55.841,27.9205,51.611,25.8055,0.0,0.0,0.0002909190370307618,0.9983629934886296
167,Host,Dataset,Iterator::Root,2,106.741,53.3705,38.431,19.2155,0.0,0.0,0.00021662648489913407,0.9985796199735287
168,Host,FlushSummaryWriter,FlushSummaryWriter,1,36.91,36.91,36.91,36.91,0.0,0.0,0.00020805296655374667,0.9987876729400825
169,Host,IteratorGetNext,IteratorGetNext,2,36.361,18.1805,36.361,18.1805,0.0,0.0,0.00020495838300896188,0.9989926313230915
170,Host,LogicalAnd,LogicalAnd,1,35.951,35.951,35.951,35.951,0.0,0.0,0.00020264730968772005,0.9991952786327791
171,Host,Dataset,Iterator::Root::ParallelMapV2::Zip[0]::FlatMap[1]::Concatenate,2,53.121,26.5605,31.641,15.8205,0.0,0.0,0.00017835285599369002,0.9993736314887728
172,Host,GatherV2,GatherV2_1,2,30.812,15.406,30.812,15.406,0.0,0.0,0.000173679978473423,0.9995473114672462
173,Host,Dataset,Iterator::Root::ParallelMapV2::Zip[0]::FlatMap[1]::Concatenate[0]::TensorSlice,2,21.48,10.74,21.48,10.74,0.0,0.0,0.00012107769497627956,0.9996683891622224
174,Host,WriteSummary,WriteSummary,1,19.81,19.81,19.81,19.81,0.0,0.0,0.00011166429876536769,0.9997800534609879
175,Host,_HostSend,categorical_crossentropy/softmax_cross_entropy_with_logits/Shape_2/_9,2,11.14,5.57,11.14,5.57,0.0,0.0,6.279355316740012e-05,0.9998428470141553
176,Host,Dataset,Iterator::Root::ParallelMapV2::Zip,2,123.412,61.706,10.78,5.39,0.0,0.0,6.076431805606581e-05,0.9999036113322113
177,Host,ReadVariableOp,ReadVariableOp,1,6.26,6.26,6.26,6.26,0.0,0.0,3.5286143880424116e-05,0.9999388974760917
178,Host,Dataset,Iterator::Root::ParallelMapV2::Zip[1]::ForeverRepeat::FromTensor,4,4.23,1.0575,4.23,1.0575,0.0,0.0,2.384351255817796e-05,0.9999627409886498
179,Host,Dataset,Iterator::Root::ParallelMapV2::Zip[0]::FlatMap,2,56.791,28.3955,3.67,1.835,0.0,0.0,2.06869246072135e-05,0.999983427913257
180,Host,Identity,Identity,2,2.94,1.47,2.94,1.47,0.0,0.0,1.6572086742563405e-05,0.9999999999999996
