Rank,Host/device,Type,Operation,#Occurrences,Total time (us),Avg. time (us),Total self-time (us),Avg. self-time (us),Total self-time on Device (%),Cumulative total-self time on Device (%),Total self-time on Host (%),Cumulative total-self time on Host (%)
1,Device,MaxPoolGrad,gradient_tape/sequential/max_pooling2d/MaxPool/MaxPoolGrad,2,9124.881,4562.4405,9124.881,4562.4405,0.1171165992130432,0.1171165992130432,0.0,0.0
2,Device,_Send,IteratorGetNext/_1,2,8359.376,4179.688,8359.376,4179.688,0.10729144727072411,0.2244080464837673,0.0,0.0
3,Device,IDLE,IDLE,0,7857.743,0.0,7857.743,0.0,0.10085305634671793,0.32526110283048526,0.0,0.0
4,Device,ReluGrad,gradient_tape/sequential/conv2d/ReluGrad,2,6981.646,3490.823,6981.646,3490.823,0.08960847121505981,0.4148695740455451,0.0,0.0
5,Device,Conv2DBackpropFilter,gradient_tape/sequential/conv2d_1/Conv2D/Conv2DBackpropFilter,2,6676.493,3338.2465,6676.493,3338.2465,0.08569187420961309,0.5005614482551581,0.0,0.0
6,Device,Conv2DBackpropFilter,gradient_tape/sequential/conv2d/Conv2D/Conv2DBackpropFilter,2,6317.068,3158.534,6317.068,3158.534,0.08107870350939815,0.5816401517645563,0.0,0.0
7,Device,Conv2DBackpropInput,gradient_tape/sequential/conv2d_1/Conv2D/Conv2DBackpropInput,2,5949.452,2974.726,5949.452,2974.726,0.07636040244483609,0.6580005542093924,0.0,0.0
8,Device,_FusedConv2D,sequential/conv2d_1/Relu,2,3957.768,1978.884,3957.768,1978.884,0.05079741079738,0.7087979650067724,0.0,0.0
9,Device,_FusedConv2D,sequential/conv2d/Relu,2,3217.414,1608.707,3217.414,1608.707,0.04129506849902308,0.7500930335057955,0.0,0.0
10,Device,ReluGrad,gradient_tape/sequential/conv2d_1/ReluGrad,2,3212.294,1606.147,3212.294,1606.147,0.04122935399951664,0.7913223875053121,0.0,0.0
11,Device,MaxPool,sequential/max_pooling2d/MaxPool,2,2741.253,1370.6265,2741.253,1370.6265,0.03518360721006141,0.8265059947153736,0.0,0.0
12,Device,MaxPoolGrad,gradient_tape/sequential/max_pooling2d_1/MaxPool/MaxPoolGrad,2,2443.268,1221.634,2443.268,1221.634,0.03135901050392369,0.8578650052192972,0.0,0.0
13,Device,BiasAddGrad,gradient_tape/sequential/conv2d/BiasAdd/BiasAddGrad,2,2092.036,1046.018,2092.036,1046.018,0.02685099583778222,0.8847160010570794,0.0,0.0
14,Device,MaxPool,sequential/max_pooling2d_1/MaxPool,2,1298.434,649.217,1298.434,649.217,0.016665222744558374,0.9013812238016378,0.0,0.0
15,Device,BiasAddGrad,gradient_tape/sequential/conv2d_1/BiasAdd/BiasAddGrad,2,988.162,494.081,988.162,494.081,0.012682924074468391,0.9140641478761061,0.0,0.0
16,Device,Mul,sequential/dropout/dropout/Mul_1,2,726.017,363.0085,726.017,363.0085,0.009318328864875717,0.9233824767409818,0.0,0.0
17,Device,Mul,gradient_tape/sequential/dropout/dropout/Mul_1,2,722.944,361.472,722.944,361.472,0.009278887330308669,0.9326613640712905,0.0,0.0
18,Device,Transpose,gradient_tape/sequential/max_pooling2d_1/MaxPool/MaxPoolGrad-2-TransposeNHWCToNCHW-LayoutOptimizer,2,518.146,259.073,518.146,259.073,0.006650333019777625,0.9393116970910681,0.0,0.0
19,Device,Transpose,sequential/max_pooling2d_1/MaxPool-0-2-TransposeNCHWToNHWC-LayoutOptimizer,2,501.761,250.8805,501.761,250.8805,0.006440033786493849,0.9457517308775619,0.0,0.0
20,Device,Mul,sequential/dropout/dropout/Mul,2,490.497,245.2485,490.497,245.2485,0.006295461887579691,0.9520471927651416,0.0,0.0
21,Device,Mul,gradient_tape/sequential/dropout/dropout/Mul,2,489.474,244.737,489.474,244.737,0.006282331822541588,0.9583295245876832,0.0,0.0
22,Device,Transpose,gradient_tape/sequential/conv2d/Conv2D/Conv2DBackpropFilter-0-TransposeNHWCToNCHW-LayoutOptimizer,2,477.185,238.5925,477.185,238.5925,0.006124604188862959,0.9644541287765461,0.0,0.0
23,Device,MatMul,gradient_tape/sequential/dense/MatMul/MatMul,2,465.921,232.9605,465.921,232.9605,0.005980032289948801,0.9704341610664949,0.0,0.0
24,Device,MatMul,sequential/dense/MatMul,2,400.385,200.1925,400.385,200.1925,0.005138886696266429,0.9755730477627613,0.0,0.0
25,Device,MatMul,gradient_tape/sequential/dense/MatMul/MatMul_1,2,356.353,178.1765,356.353,178.1765,0.004573742000511085,0.9801467897632724,0.0,0.0
26,Device,Cast,sequential/dropout/dropout/Cast,2,303.105,151.5525,303.105,151.5525,0.003890311205644157,0.9840371009689166,0.0,0.0
27,Device,ResourceApplyGradientDescent,SGD/SGD/update_4/ResourceApplyGradientDescent,2,299.008,149.504,299.008,149.504,0.003837726771175824,0.9878748277400924,0.0,0.0
28,Device,GreaterEqual,sequential/dropout/dropout/GreaterEqual,2,290.816,145.408,290.816,145.408,0.0037325835719655273,0.9916074113120579,0.0,0.0
29,Device,RandomUniform,sequential/dropout/dropout/random_uniform/RandomUniform,2,254.977,127.4885,254.977,127.4885,0.003272594910283665,0.9948800062223415,0.0,0.0
30,Device,SoftmaxCrossEntropyWithLogits,categorical_crossentropy/softmax_cross_entropy_with_logits,2,142.337,71.1685,142.337,71.1685,0.0018268759211420872,0.9967068821434836,0.0,0.0
31,Device,ArgMax,ArgMax,2,31.744,15.872,31.744,15.872,0.0004074298969398991,0.9971143120404234,0.0,0.0
32,Device,ArgMax,ArgMax_1,2,20.48,10.24,20.48,10.24,0.0002628579980257414,0.9973771700384492,0.0,0.0
33,Device,Softmax,sequential/dense/Softmax,2,19.456,9.728,19.456,9.728,0.00024971509812445427,0.9976268851365736,0.0,0.0
34,Device,_Send,IteratorGetNext/_3,2,19.264,9.632,19.264,9.632,0.00024725080439296296,0.9978741359409665,0.0,0.0
35,Device,ResourceApplyGradientDescent,SGD/SGD/update_2/ResourceApplyGradientDescent,2,8.192,4.096,8.192,4.096,0.00010514319921029655,0.9979792791401768,0.0,0.0
36,Device,Cast,Cast,2,7.168,3.584,7.168,3.584,9.200029930900948e-05,0.9980712794394858,0.0,0.0
37,Device,ResourceApplyGradientDescent,SGD/SGD/update_1/ResourceApplyGradientDescent,2,7.168,3.584,7.168,3.584,9.200029930900948e-05,0.9981632797387948,0.0,0.0
38,Device,AssignAddVariableOp,AssignAddVariableOp_4,2,6.144,3.072,6.144,3.072,7.885739940772241e-05,0.9982421371382025,0.0,0.0
39,Device,AssignAddVariableOp,SGD/SGD/AssignAddVariableOp,2,6.144,3.072,6.144,3.072,7.885739940772241e-05,0.9983209945376103,0.0,0.0
40,Device,ResourceApplyGradientDescent,SGD/SGD/update/ResourceApplyGradientDescent,2,6.144,3.072,6.144,3.072,7.885739940772241e-05,0.998399851937018,0.0,0.0
41,Device,ResourceApplyGradientDescent,SGD/SGD/update_3/ResourceApplyGradientDescent,2,6.144,3.072,6.144,3.072,7.885739940772241e-05,0.9984787093364257,0.0,0.0
42,Device,ResourceApplyGradientDescent,SGD/SGD/update_5/ResourceApplyGradientDescent,2,6.144,3.072,6.144,3.072,7.885739940772241e-05,0.9985575667358334,0.0,0.0
43,Device,Sum,Sum_2,2,6.144,3.072,6.144,3.072,7.885739940772241e-05,0.9986364241352411,0.0,0.0
44,Device,DivNoNan,categorical_crossentropy/weighted_loss/value,2,6.144,3.072,6.144,3.072,7.885739940772241e-05,0.9987152815346488,0.0,0.0
45,Device,Mul,gradient_tape/categorical_crossentropy/softmax_cross_entropy_with_logits/mul,2,6.144,3.072,6.144,3.072,7.885739940772241e-05,0.9987941389340566,0.0,0.0
46,Device,BiasAddGrad,gradient_tape/sequential/dense/BiasAdd/BiasAddGrad,2,6.144,3.072,6.144,3.072,7.885739940772241e-05,0.9988729963334643,0.0,0.0
47,Device,BiasAdd,sequential/dense/BiasAdd,2,6.144,3.072,6.144,3.072,7.885739940772241e-05,0.998951853732872,0.0,0.0
48,Device,_Recv,categorical_crossentropy/weighted_loss/num_elements/_14,2,5.312,2.656,5.312,2.656,6.817879323792668e-05,0.9990200325261099,0.0,0.0
49,Device,AssignAddVariableOp,AssignAddVariableOp,2,5.12,2.56,5.12,2.56,6.571449950643535e-05,0.9990857470256164,0.0,0.0
50,Device,AssignAddVariableOp,AssignAddVariableOp_1,2,5.12,2.56,5.12,2.56,6.571449950643535e-05,0.9991514615251228,0.0,0.0
51,Device,AssignAddVariableOp,AssignAddVariableOp_2,2,5.12,2.56,5.12,2.56,6.571449950643535e-05,0.9992171760246292,0.0,0.0
52,Device,AssignAddVariableOp,AssignAddVariableOp_3,2,5.12,2.56,5.12,2.56,6.571449950643535e-05,0.9992828905241357,0.0,0.0
53,Device,Cast,Cast_1,2,5.12,2.56,5.12,2.56,6.571449950643535e-05,0.9993486050236421,0.0,0.0
54,Device,Equal,Equal,2,5.12,2.56,5.12,2.56,6.571449950643535e-05,0.9994143195231485,0.0,0.0
55,Device,DivNoNan,div_no_nan,2,5.12,2.56,5.12,2.56,6.571449950643535e-05,0.999480034022655,0.0,0.0
56,Device,Tile,gradient_tape/categorical_crossentropy/weighted_loss/Tile_1,2,5.12,2.56,5.12,2.56,6.571449950643535e-05,0.9995457485221614,0.0,0.0
57,Device,DivNoNan,gradient_tape/categorical_crossentropy/weighted_loss/value/div_no_nan,2,5.12,2.56,5.12,2.56,6.571449950643535e-05,0.9996114630216678,0.0,0.0
58,Device,Cast,Cast_2,2,4.096,2.048,4.096,2.048,5.2571599605148277e-05,0.999664034621273,0.0,0.0
59,Device,Mul,Mul,2,4.096,2.048,4.096,2.048,5.2571599605148277e-05,0.9997166062208781,0.0,0.0
60,Device,Sum,categorical_crossentropy/weighted_loss/Sum,2,4.096,2.048,4.096,2.048,5.2571599605148277e-05,0.9997691778204832,0.0,0.0
61,Device,Cast,categorical_crossentropy/weighted_loss/num_elements/Cast,2,4.096,2.048,4.096,2.048,5.2571599605148277e-05,0.9998217494200884,0.0,0.0
62,Device,DivNoNan,div_no_nan_1,2,4.096,2.048,4.096,2.048,5.2571599605148277e-05,0.9998743210196935,0.0,0.0
63,Device,_Recv,Size/_16,2,3.648,1.824,3.648,1.824,4.682158089833518e-05,0.9999211426005918,0.0,0.0
64,Device,LogicalAnd,LogicalAnd,1,3.072,3.072,3.072,3.072,3.9428699703861206e-05,0.9999605713002957,0.0,0.0
65,Device,_Recv,strided_slice/_12,2,3.072,1.536,3.072,1.536,3.9428699703861206e-05,0.9999999999999996,0.0,0.0
66,Host,IDLE,IDLE,0,331033.605,0.0,331033.605,0.0,0.0,0.0,0.8573986086874431,0.8573986086874431
67,Host,GatherV2,GatherV2,2,29938.823,14969.4115,29938.823,14969.4115,0.0,0.0,0.0775435025273027,0.9349421112147458
68,Host,_Send,IteratorGetNext/_6,2,10998.033,5499.0165,10998.033,5499.0165,0.0,0.0,0.02848562215458031,0.9634277333693261
69,Host,_Send,IteratorGetNext/_1,2,8879.448,4439.724,8879.448,4439.724,0.0,0.0,0.02299834894742031,0.9864260823167463
70,Host,_Send,IteratorGetNext/_3,2,4675.327,2337.6635,4675.327,2337.6635,0.0,0.0,0.012109401596731661,0.998535483913478
71,Host,GatherV2,GatherV2_1,2,171.421,85.7105,171.421,85.7105,0.0,0.0,0.00044399156061454906,0.9989794754740926
72,Host,Dataset,Iterator::Root::ParallelMapV2::Zip[1]::ForeverRepeat,2,67.841,33.9205,63.171,31.5855,0.0,0.0,0.000163617006525348,0.999143092480618
73,Host,Dataset,Iterator::Root::ParallelMapV2,2,48.881,24.4405,48.881,24.4405,0.0,0.0,0.00012660497532040866,0.9992696974559383
74,Host,IteratorGetNext,IteratorGetNext,2,47.771,23.8855,47.771,23.8855,0.0,0.0,0.00012373000298748475,0.9993934274589258
75,Host,FlushSummaryWriter,FlushSummaryWriter,1,38.46,38.46,38.46,38.46,0.0,0.0,9.961390623806628e-05,0.9994930413651638
76,Host,Dataset,Iterator::Root,2,86.952,43.476,38.071,19.0355,0.0,0.0,9.860637088896049e-05,0.9995916477360528
77,Host,LogicalAnd,LogicalAnd,1,31.33,31.33,31.33,31.33,0.0,0.0,8.114674161306853e-05,0.9996727944776659
78,Host,Dataset,Iterator::Root::ParallelMapV2::Zip[0]::FlatMap[1]::Concatenate[0]::TensorSlice,2,26.52,13.26,26.52,13.26,0.0,0.0,6.868852817039826e-05,0.9997414830058363
79,Host,Dataset,Iterator::Root::ParallelMapV2::Zip,2,146.092,73.046,23.79,11.895,0.0,0.0,6.161765027050433e-05,0.9998031006561068
80,Host,Dataset,Iterator::Root::ParallelMapV2::Zip[0]::FlatMap[1]::Concatenate,2,49.911,24.9555,23.391,11.6955,0.0,0.0,6.05842142697506e-05,0.9998636848703766
81,Host,WriteSummary,WriteSummary,1,23.38,23.38,23.38,23.38,0.0,0.0,6.055572355293784e-05,0.9999242405939295
82,Host,_HostSend,categorical_crossentropy/softmax_cross_entropy_with_logits/Shape_2/_9,2,11.44,5.72,11.44,5.72,0.0,0.0,2.963034548526984e-05,0.9999538709394148
83,Host,ReadVariableOp,ReadVariableOp,1,6.01,6.01,6.01,6.01,0.0,0.0,1.5566291640425852e-05,0.9999694372310552
84,Host,Dataset,Iterator::Root::ParallelMapV2::Zip[1]::ForeverRepeat::FromTensor,4,4.67,1.1675,4.67,1.1675,0.0,0.0,1.209560431959879e-05,0.9999815328353748
85,Host,Dataset,Iterator::Root::ParallelMapV2::Zip[0]::FlatMap,2,54.461,27.2305,4.55,2.275,0.0,0.0,1.1784796499823233e-05,0.9999933176318746
86,Host,Identity,Identity,2,2.58,1.29,2.58,1.29,0.0,0.0,6.682368125174492e-06,0.9999999999999998
