Rank,Host/device,Type,Operation,#Occurrences,Total time (us),Avg. time (us),Total self-time (us),Avg. self-time (us),Total self-time on Device (%),Cumulative total-self time on Device (%),Total self-time on Host (%),Cumulative total-self time on Host (%)
1,Device,IDLE,IDLE,0,9102.602,0.0,9102.602,0.0,0.2826106442037835,0.2826106442037835,0.0,0.0
2,Device,FusedBatchNormGradV3,gradient_tape/model/conv1_bn/FusedBatchNormGradV3,2,2174.98,1087.49,2174.98,1087.49,0.0675271201498588,0.3501377643536423,0.0,0.0
3,Device,_Send,IteratorGetNext/_1,1,1990.5,1990.5,1990.5,1990.5,0.061799525815544945,0.41193729016918723,0.0,0.0
4,Device,_Recv,IteratorGetNext/_2,1,1930.627,1930.627,1930.627,1930.627,0.05994063457758759,0.4718779247467748,0.0,0.0
5,Device,Conv2DBackpropFilter,gradient_tape/model/conv1/Conv2D/Conv2DBackpropFilter,2,1808.388,904.194,1808.388,904.194,0.056145451339121674,0.5280233760858964,0.0,0.0
6,Device,MaxPoolGrad,gradient_tape/model/conv1_max_pool/MaxPool/MaxPoolGrad,2,1670.148,835.074,1670.148,835.074,0.05185348125686046,0.579876857342757,0.0,0.0
7,Device,ReluGrad,gradient_tape/model/conv1/ReluGrad,2,1348.61,674.305,1348.61,674.305,0.041870614674756126,0.6217474720175131,0.0,0.0
8,Device,_FusedConv2D,model/conv1/Relu,2,1341.444,670.722,1341.444,670.722,0.041648130172372705,0.6633956021898858,0.0,0.0
9,Device,FusedBatchNormV3,model/conv1_bn/FusedBatchNormV3,4,1310.722,327.6805,1310.722,327.6805,0.04069429694850676,0.7040898991383926,0.0,0.0
10,Device,MaxPool,model/conv1_max_pool/MaxPool,2,540.674,270.337,540.674,270.337,0.016786433971762847,0.7208763331101554,0.0,0.0
11,Device,BiasAddGrad,gradient_tape/model/conv1/BiasAdd/BiasAddGrad,2,410.624,205.312,410.624,205.312,0.012748740762864773,0.7336250738730202,0.0,0.0
12,Device,Conv2DBackpropInput,gradient_tape/model/ResBlock21_conv1/Conv2D/Conv2DBackpropInput,2,372.737,186.3685,372.737,186.3685,0.01157245408385269,0.7451975279568729,0.0,0.0
13,Device,Conv2DBackpropInput,gradient_tape/model/ResBlock21_pooling_conv/Conv2D/Conv2DBackpropInput,2,369.664,184.832,369.664,184.832,0.011477045923676266,0.7566745738805492,0.0,0.0
14,Device,SoftmaxCrossEntropyWithLogits,categorical_crossentropy/softmax_cross_entropy_with_logits,2,359.426,179.713,359.426,179.713,0.011159184308353708,0.7678337581889029,0.0,0.0
15,Device,AddN,SGD/gradients/AddN_3,2,310.272,155.136,310.272,155.136,0.009633088406852931,0.7774668465957558,0.0,0.0
16,Device,Conv2DBackpropFilter,gradient_tape/model/ResBlock21_conv1/Conv2D/Conv2DBackpropFilter,2,237.568,118.784,237.568,118.784,0.007375830067293335,0.7848426766630492,0.0,0.0
17,Device,Conv2DBackpropFilter,gradient_tape/model/ResBlock21_pooling_conv/Conv2D/Conv2DBackpropFilter,2,236.544,118.272,236.544,118.272,0.007344037696313622,0.7921867143593628,0.0,0.0
18,Device,Conv2DBackpropFilter,gradient_tape/model/ResBlock22_conv1/Conv2D/Conv2DBackpropFilter,2,208.896,104.448,208.896,104.448,0.00648564367986138,0.7986723580392242,0.0,0.0
19,Device,Conv2DBackpropFilter,gradient_tape/model/ResBlock21_conv2/Conv2D/Conv2DBackpropFilter,2,207.872,103.936,207.872,103.936,0.006453851308881668,0.8051262093481059,0.0,0.0
20,Device,Conv2DBackpropFilter,gradient_tape/model/ResBlock22_conv2/Conv2D/Conv2DBackpropFilter,2,206.848,103.424,206.848,103.424,0.006422058937901955,0.8115482682860078,0.0,0.0
21,Device,Transpose,gradient_tape/model/conv1/Conv2D/Conv2DBackpropFilter-0-TransposeNHWCToNCHW-LayoutOptimizer,2,186.368,93.184,186.368,93.184,0.005786211518307702,0.8173344798043155,0.0,0.0
22,Device,ArgMax,ArgMax,2,162.816,81.408,162.816,81.408,0.005054986985774311,0.8223894667900898,0.0,0.0
23,Device,FusedBatchNormGradV3,gradient_tape/model/ResBlock21_pooling_bn/FusedBatchNormGradV3,2,149.504,74.752,149.504,74.752,0.0046416861630380465,0.8270311529531279,0.0,0.0
24,Device,FusedBatchNormGradV3,gradient_tape/model/ResBlock22_bn2/FusedBatchNormGradV3,2,148.482,74.241,148.482,74.241,0.004609955886532903,0.8316411088396608,0.0,0.0
25,Device,FusedBatchNormGradV3,gradient_tape/model/ResBlock21_bn1/FusedBatchNormGradV3,2,147.457,73.7285,147.457,73.7285,0.004578132468315906,0.8362192413079768,0.0,0.0
26,Device,FusedBatchNormGradV3,gradient_tape/model/ResBlock21_bn2/FusedBatchNormGradV3,2,147.456,73.728,147.456,73.728,0.004578101421078621,0.8407973427290554,0.0,0.0
27,Device,FusedBatchNormGradV3,gradient_tape/model/ResBlock22_bn1/FusedBatchNormGradV3,2,145.408,72.704,145.408,72.704,0.0045145166791191954,0.8453118594081745,0.0,0.0
28,Device,Conv2D,model/ResBlock21_pooling_conv/Conv2D,2,121.856,60.928,121.856,60.928,0.003783292146585805,0.8490951515547603,0.0,0.0
29,Device,ArgMax,ArgMax_1,2,119.808,59.904,119.808,59.904,0.00371970740462638,0.8528148589593867,0.0,0.0
30,Device,Conv2D,model/ResBlock21_conv1/Conv2D,2,116.736,58.368,116.736,58.368,0.003624330291687242,0.856439189251074,0.0,0.0
31,Device,Conv2DBackpropInput,gradient_tape/model/ResBlock31_conv1/Conv2D/Conv2DBackpropInput,2,108.544,54.272,108.544,54.272,0.0033699913238495406,0.8598091805749235,0.0,0.0
32,Device,Conv2DBackpropInput,gradient_tape/model/ResBlock31_pooling_conv/Conv2D/Conv2DBackpropInput,2,106.497,53.2485,106.497,53.2485,0.0033064376291274,0.8631156182040509,0.0,0.0
33,Device,FusedBatchNormV3,model/ResBlock21_bn1/FusedBatchNormV3,4,93.184,23.296,93.184,23.296,0.002893105759153851,0.8660087239632047,0.0,0.0
34,Device,Conv2DBackpropFilter,gradient_tape/model/ResBlock31_conv2/Conv2D/Conv2DBackpropFilter,2,92.16,46.08,92.16,46.08,0.002861313388174138,0.8688700373513789,0.0,0.0
35,Device,FusedBatchNormV3,model/ResBlock21_pooling_bn/FusedBatchNormV3,4,89.056,22.264,89.056,22.264,0.0027649427636418844,0.8716349801150208,0.0,0.0
36,Device,Conv2DBackpropFilter,gradient_tape/model/ResBlock32_conv1/Conv2D/Conv2DBackpropFilter,2,87.04,43.52,87.04,43.52,0.002702351533275575,0.8743373316482964,0.0,0.0
37,Device,Conv2DBackpropFilter,gradient_tape/model/ResBlock31_pooling_conv/Conv2D/Conv2DBackpropFilter,2,86.016,43.008,86.016,43.008,0.0026705591622958624,0.8770078908105923,0.0,0.0
38,Device,Conv2DBackpropFilter,gradient_tape/model/ResBlock32_conv2/Conv2D/Conv2DBackpropFilter,2,86.016,43.008,86.016,43.008,0.0026705591622958624,0.8796784499728881,0.0,0.0
39,Device,Conv2DBackpropFilter,gradient_tape/model/ResBlock31_conv1/Conv2D/Conv2DBackpropFilter,2,83.968,41.984,83.968,41.984,0.0026069744203364373,0.8822854243932245,0.0,0.0
40,Device,AddV2,model/ResBlock21_add/add,2,79.872,39.936,79.872,39.936,0.0024798049364175867,0.8847652293296422,0.0,0.0
41,Device,AddV2,model/ResBlock22_add/add,2,77.824,38.912,77.824,38.912,0.002416220194458161,0.8871814495241004,0.0,0.0
42,Device,ReluGrad,gradient_tape/model/tf.nn.relu_1/ReluGrad,2,76.8,38.4,76.8,38.4,0.0023844278234784484,0.8895658773475789,0.0,0.0
43,Device,ReluGrad,gradient_tape/model/tf.nn.relu_3/ReluGrad,2,76.8,38.4,76.8,38.4,0.0023844278234784484,0.8919503051710573,0.0,0.0
44,Device,AddN,SGD/gradients/AddN_2,2,75.776,37.888,75.776,37.888,0.002352635452498736,0.8943029406235561,0.0,0.0
45,Device,AddN,SGD/gradients/AddN_1,2,72.704,36.352,72.704,36.352,0.0022572583395595977,0.8965601989631157,0.0,0.0
46,Device,ReluGrad,gradient_tape/model/tf.nn.relu_2/ReluGrad,2,72.704,36.352,72.704,36.352,0.0022572583395595977,0.8988174573026753,0.0,0.0
47,Device,FusedBatchNormV3,model/ResBlock21_bn2/FusedBatchNormV3,4,72.704,18.176,72.704,18.176,0.0022572583395595977,0.9010747156422348,0.0,0.0
48,Device,ReluGrad,gradient_tape/model/tf.nn.relu/ReluGrad,2,71.68,35.84,71.68,35.84,0.0022254659685798854,0.9033001816108147,0.0,0.0
49,Device,FusedBatchNormV3,model/ResBlock22_bn2/FusedBatchNormV3,4,69.632,17.408,69.632,17.408,0.0021618812266204603,0.9054620628374351,0.0,0.0
50,Device,FusedBatchNormV3,model/ResBlock22_bn1/FusedBatchNormV3,4,68.608,17.152,68.608,17.152,0.0021300888556407475,0.9075921516930758,0.0,0.0
51,Device,Conv2DBackpropInput,gradient_tape/model/ResBlock32_conv2/Conv2D/Conv2DBackpropInput,2,67.586,33.793,67.586,33.793,0.0020983585791356043,0.9096905102722115,0.0,0.0
52,Device,Conv2DBackpropInput,gradient_tape/model/ResBlock31_conv2/Conv2D/Conv2DBackpropInput,2,67.584,33.792,67.584,33.792,0.0020982964846610348,0.9117888067568726,0.0,0.0
53,Device,Conv2DBackpropInput,gradient_tape/model/ResBlock32_conv1/Conv2D/Conv2DBackpropInput,2,65.536,32.768,65.536,32.768,0.0020347117427016097,0.9138235184995742,0.0,0.0
54,Device,Conv2DBackpropInput,gradient_tape/model/ResBlock21_conv2/Conv2D/Conv2DBackpropInput,2,64.513,32.2565,64.513,32.2565,0.002002950418959182,0.9158264689185334,0.0,0.0
55,Device,Conv2D,model/ResBlock32_conv1/Conv2D,2,64.513,32.2565,64.513,32.2565,0.002002950418959182,0.9178294193374925,0.0,0.0
56,Device,Conv2DBackpropInput,gradient_tape/model/ResBlock22_conv2/Conv2D/Conv2DBackpropInput,2,64.512,32.256,64.512,32.256,0.002002919371721897,0.9198323387092144,0.0,0.0
57,Device,Conv2DBackpropInput,gradient_tape/model/ResBlock22_conv1/Conv2D/Conv2DBackpropInput,2,63.489,31.7445,63.489,31.7445,0.001971158047979469,0.9218034967571939,0.0,0.0
58,Device,Conv2D,model/ResBlock22_conv2/Conv2D,2,63.488,31.744,63.488,31.744,0.001971127000742184,0.9237746237579361,0.0,0.0
59,Device,Conv2D,model/ResBlock31_pooling_conv/Conv2D,2,63.488,31.744,63.488,31.744,0.001971127000742184,0.9257457507586783,0.0,0.0
60,Device,Conv2D,model/ResBlock32_conv2/Conv2D,2,63.488,31.744,63.488,31.744,0.001971127000742184,0.9277168777594205,0.0,0.0
61,Device,BiasAdd,model/ResBlock21_conv1/BiasAdd,2,62.464,31.232,62.464,31.232,0.0019393346297624716,0.929656212389183,0.0,0.0
62,Device,Conv2D,model/ResBlock21_conv2/Conv2D,2,62.464,31.232,62.464,31.232,0.0019393346297624716,0.9315955470189454,0.0,0.0
63,Device,Conv2D,model/ResBlock22_conv1/Conv2D,2,62.464,31.232,62.464,31.232,0.0019393346297624716,0.9335348816487079,0.0,0.0
64,Device,Conv2D,model/ResBlock31_conv2/Conv2D,2,62.464,31.232,62.464,31.232,0.0019393346297624716,0.9354742162784704,0.0,0.0
65,Device,BiasAdd,model/ResBlock21_pooling_conv/BiasAdd,2,60.416,30.208,60.416,30.208,0.001875749887803046,0.9373499661662734,0.0,0.0
66,Device,FusedBatchNormGradV3,gradient_tape/model/ResBlock31_pooling_bn/FusedBatchNormGradV3,2,58.369,29.1845,58.369,29.1845,0.0018121961930809057,0.9391621623593543,0.0,0.0
67,Device,Relu,model/tf.nn.relu/Relu,2,57.344,28.672,57.344,28.672,0.0017803727748639084,0.9409425351342182,0.0,0.0
68,Device,Relu,model/tf.nn.relu_1/Relu,2,51.201,25.6005,51.201,25.6005,0.0015896495962229172,0.9425321847304411,0.0,0.0
69,Device,Relu,model/tf.nn.relu_3/Relu,2,51.2,25.6,51.2,25.6,0.0015896185489856325,0.9441218032794267,0.0,0.0
70,Device,Conv2D,model/ResBlock31_conv1/Conv2D,2,50.176,25.088,50.176,25.088,0.00155782617800592,0.9456796294574327,0.0,0.0
71,Device,BiasAddGrad,gradient_tape/model/ResBlock21_pooling_conv/BiasAdd/BiasAddGrad,2,49.153,24.5765,49.153,24.5765,0.001526064854263492,0.9472056943116962,0.0,0.0
72,Device,FusedBatchNormGradV3,gradient_tape/model/ResBlock31_bn2/FusedBatchNormGradV3,2,49.152,24.576,49.152,24.576,0.0015260338070262071,0.9487317281187224,0.0,0.0
73,Device,FusedBatchNormGradV3,gradient_tape/model/ResBlock32_bn1/FusedBatchNormGradV3,2,49.152,24.576,49.152,24.576,0.0015260338070262071,0.9502577619257486,0.0,0.0
74,Device,FusedBatchNormGradV3,gradient_tape/model/ResBlock32_bn2/FusedBatchNormGradV3,2,49.152,24.576,49.152,24.576,0.0015260338070262071,0.9517837957327748,0.0,0.0
75,Device,FusedBatchNormGradV3,gradient_tape/model/ResBlock31_bn1/FusedBatchNormGradV3,2,48.128,24.064,48.128,24.064,0.0014942414360464944,0.9532780371688213,0.0,0.0
76,Device,Relu,model/tf.nn.relu_2/Relu,2,45.056,22.528,45.056,22.528,0.0013988643231073565,0.9546769014919286,0.0,0.0
77,Device,ReluGrad,gradient_tape/model/tf.nn.relu_4/ReluGrad,2,39.936,19.968,39.936,19.968,0.0012399024682087933,0.9559168039601375,0.0,0.0
78,Device,BiasAddGrad,gradient_tape/model/ResBlock21_conv1/BiasAdd/BiasAddGrad,2,36.864,18.432,36.864,18.432,0.0011445253552696552,0.9570613293154071,0.0,0.0
79,Device,BiasAdd,model/ResBlock22_conv2/BiasAdd,2,36.864,18.432,36.864,18.432,0.0011445253552696552,0.9582058546706768,0.0,0.0
80,Device,FusedBatchNormV3,model/ResBlock31_pooling_bn/FusedBatchNormV3,4,36.864,9.216,36.864,9.216,0.0011445253552696552,0.9593503800259464,0.0,0.0
81,Device,BiasAdd,model/ResBlock21_conv2/BiasAdd,2,35.84,17.92,35.84,17.92,0.0011127329842899427,0.9604631130102363,0.0,0.0
82,Device,BiasAddGrad,gradient_tape/model/ResBlock22_conv2/BiasAdd/BiasAddGrad,2,34.816,17.408,34.816,17.408,0.0010809406133102301,0.9615440536235466,0.0,0.0
83,Device,BiasAdd,model/ResBlock22_conv1/BiasAdd,2,34.816,17.408,34.816,17.408,0.0010809406133102301,0.9626249942368568,0.0,0.0
84,Device,BiasAddGrad,gradient_tape/model/ResBlock22_conv1/BiasAdd/BiasAddGrad,2,33.793,16.8965,33.793,16.8965,0.0010491792895678022,0.9636741735264246,0.0,0.0
85,Device,BiasAddGrad,gradient_tape/model/ResBlock21_conv2/BiasAdd/BiasAddGrad,2,33.792,16.896,33.792,16.896,0.0010491482423305174,0.9647233217687551,0.0,0.0
86,Device,BiasAdd,model/ResBlock31_conv1/BiasAdd,2,31.744,15.872,31.744,15.872,0.000985563500371092,0.9657088852691261,0.0,0.0
87,Device,Relu,model/tf.nn.relu_4/Relu,2,30.72,15.36,30.72,15.36,0.0009537711293913794,0.9666626563985176,0.0,0.0
88,Device,FusedBatchNormV3,model/ResBlock31_bn1/FusedBatchNormV3,4,27.648,6.912,27.648,6.912,0.0008583940164522414,0.9675210504149698,0.0,0.0
89,Device,Softmax,model/dense/Softmax,2,27.648,13.824,27.648,13.824,0.0008583940164522414,0.9683794444314221,0.0,0.0
90,Device,FusedBatchNormV3,model/ResBlock32_bn1/FusedBatchNormV3,4,26.625,6.65625,26.625,6.65625,0.0008266326927098138,0.9692060771241319,0.0,0.0
91,Device,ReluGrad,gradient_tape/model/tf.nn.relu_6/ReluGrad,2,26.624,13.312,26.624,13.312,0.0008266016454725288,0.9700326787696044,0.0,0.0
92,Device,ReluGrad,gradient_tape/model/tf.nn.relu_7/ReluGrad,2,26.624,13.312,26.624,13.312,0.0008266016454725288,0.970859280415077,0.0,0.0
93,Device,ReluGrad,gradient_tape/model/tf.nn.relu_5/ReluGrad,2,25.6,12.8,25.6,12.8,0.0007948092744928162,0.9716540896895698,0.0,0.0
94,Device,FusedBatchNormV3,model/ResBlock31_bn2/FusedBatchNormV3,4,25.6,6.4,25.6,6.4,0.0007948092744928162,0.9724488989640626,0.0,0.0
95,Device,AddV2,model/ResBlock31_add/add,2,24.576,12.288,24.576,12.288,0.0007630169035131036,0.9732119158675757,0.0,0.0
96,Device,FusedBatchNormV3,model/ResBlock32_bn2/FusedBatchNormV3,4,24.576,6.144,24.576,6.144,0.0007630169035131036,0.9739749327710888,0.0,0.0
97,Device,AddN,SGD/gradients/AddN,2,23.552,11.776,23.552,11.776,0.0007312245325333909,0.9747061573036222,0.0,0.0
98,Device,AddV2,model/ResBlock32_add/add,2,23.552,11.776,23.552,11.776,0.0007312245325333909,0.9754373818361556,0.0,0.0
99,Device,BiasAdd,model/ResBlock31_pooling_conv/BiasAdd,2,21.504,10.752,21.504,10.752,0.0006676397905739656,0.9761050216267295,0.0,0.0
100,Device,BiasAddGrad,gradient_tape/model/ResBlock31_conv1/BiasAdd/BiasAddGrad,2,20.48,10.24,20.48,10.24,0.0006358474195942529,0.9767408690463237,0.0,0.0
101,Device,BiasAddGrad,gradient_tape/model/ResBlock31_pooling_conv/BiasAdd/BiasAddGrad,2,20.48,10.24,20.48,10.24,0.0006358474195942529,0.977376716465918,0.0,0.0
102,Device,MatMul,gradient_tape/model/dense/MatMul/MatMul,2,19.456,9.728,19.456,9.728,0.0006040550486145403,0.9779807715145324,0.0,0.0
103,Device,BiasAddGrad,gradient_tape/model/ResBlock32_conv1/BiasAdd/BiasAddGrad,2,18.432,9.216,18.432,9.216,0.0005722626776348276,0.9785530341921673,0.0,0.0
104,Device,BiasAddGrad,gradient_tape/model/ResBlock32_conv2/BiasAdd/BiasAddGrad,2,18.432,9.216,18.432,9.216,0.0005722626776348276,0.9791252968698022,0.0,0.0
105,Device,BiasAddGrad,gradient_tape/model/ResBlock31_conv2/BiasAdd/BiasAddGrad,2,17.408,8.704,17.408,8.704,0.0005404703066551151,0.9796657671764574,0.0,0.0
106,Device,RealDiv,gradient_tape/model/GAP/truediv,2,16.384,8.192,16.384,8.192,0.0005086779356754024,0.9801744451121328,0.0,0.0
107,Device,MatMul,model/dense/MatMul,2,16.384,8.192,16.384,8.192,0.0005086779356754024,0.9806831230478082,0.0,0.0
108,Device,BroadcastTo,gradient_tape/model/GAP/BroadcastTo,2,14.336,7.168,14.336,7.168,0.0004450931937159771,0.9811282162415242,0.0,0.0
109,Device,Transpose,gradient_tape/model/tf.nn.relu_7/ReluGrad-0-TransposeNHWCToNCHW-LayoutOptimizer,2,14.336,7.168,14.336,7.168,0.0004450931937159771,0.9815733094352402,0.0,0.0
110,Device,Transpose,model/tf.nn.relu_7/Relu-0-0-TransposeNCHWToNHWC-LayoutOptimizer,2,14.336,7.168,14.336,7.168,0.0004450931937159771,0.9820184026289562,0.0,0.0
111,Device,BiasAdd,model/ResBlock31_conv2/BiasAdd,2,13.312,6.656,13.312,6.656,0.0004133008227362644,0.9824317034516925,0.0,0.0
112,Device,BiasAdd,model/ResBlock32_conv1/BiasAdd,2,12.288,6.144,12.288,6.144,0.0003815084517565518,0.9828132119034491,0.0,0.0
113,Device,BiasAdd,model/ResBlock32_conv2/BiasAdd,2,12.288,6.144,12.288,6.144,0.0003815084517565518,0.9831947203552056,0.0,0.0
114,Device,_Send,IteratorGetNext/_3,1,11.424,11.424,11.424,11.424,0.0003546836387424192,0.9835494039939481,0.0,0.0
115,Device,DynamicStitch,gradient_tape/model/GAP/DynamicStitch,2,11.264,5.632,11.264,5.632,0.0003497160807768391,0.9838991200747249,0.0,0.0
116,Device,Mean,model/GAP/Mean,2,11.264,5.632,11.264,5.632,0.0003497160807768391,0.9842488361555017,0.0,0.0
117,Device,Relu,model/tf.nn.relu_5/Relu,2,11.264,5.632,11.264,5.632,0.0003497160807768391,0.9845985522362786,0.0,0.0
118,Device,Relu,model/tf.nn.relu_6/Relu,2,11.264,5.632,11.264,5.632,0.0003497160807768391,0.9849482683170554,0.0,0.0
119,Device,Relu,model/tf.nn.relu_7/Relu,2,11.264,5.632,11.264,5.632,0.0003497160807768391,0.9852979843978322,0.0,0.0
120,Device,_Recv,IteratorGetNext/_4,1,11.232,11.232,11.232,11.232,0.0003487225691837231,0.985646706967016,0.0,0.0
121,Device,MatMul,gradient_tape/model/dense/MatMul/MatMul_1,2,10.24,5.12,10.24,5.12,0.00031792370979712647,0.9859646306768131,0.0,0.0
122,Device,ResourceApplyGradientDescent,SGD/SGD/update/ResourceApplyGradientDescent,2,8.192,4.096,8.192,4.096,0.0002543389678377012,0.9862189696446507,0.0,0.0
123,Device,ResourceApplyGradientDescent,SGD/SGD/update_16/ResourceApplyGradientDescent,2,8.192,4.096,8.192,4.096,0.0002543389678377012,0.9864733086124884,0.0,0.0
124,Device,ResourceApplyGradientDescent,SGD/SGD/update_28/ResourceApplyGradientDescent,2,8.192,4.096,8.192,4.096,0.0002543389678377012,0.986727647580326,0.0,0.0
125,Device,ResourceApplyGradientDescent,SGD/SGD/update_30/ResourceApplyGradientDescent,2,8.192,4.096,8.192,4.096,0.0002543389678377012,0.9869819865481637,0.0,0.0
126,Device,ResourceApplyGradientDescent,SGD/SGD/update_1/ResourceApplyGradientDescent,2,7.168,3.584,7.168,3.584,0.00022254659685798855,0.9872045331450217,0.0,0.0
127,Device,ResourceApplyGradientDescent,SGD/SGD/update_10/ResourceApplyGradientDescent,2,7.168,3.584,7.168,3.584,0.00022254659685798855,0.9874270797418796,0.0,0.0
128,Device,ResourceApplyGradientDescent,SGD/SGD/update_12/ResourceApplyGradientDescent,2,7.168,3.584,7.168,3.584,0.00022254659685798855,0.9876496263387375,0.0,0.0
129,Device,ResourceApplyGradientDescent,SGD/SGD/update_19/ResourceApplyGradientDescent,2,7.168,3.584,7.168,3.584,0.00022254659685798855,0.9878721729355955,0.0,0.0
130,Device,ResourceApplyGradientDescent,SGD/SGD/update_32/ResourceApplyGradientDescent,2,7.168,3.584,7.168,3.584,0.00022254659685798855,0.9880947195324534,0.0,0.0
131,Device,ResourceApplyGradientDescent,SGD/SGD/update_36/ResourceApplyGradientDescent,2,7.168,3.584,7.168,3.584,0.00022254659685798855,0.9883172661293114,0.0,0.0
132,Device,ResourceApplyGradientDescent,SGD/SGD/update_38/ResourceApplyGradientDescent,2,7.168,3.584,7.168,3.584,0.00022254659685798855,0.9885398127261693,0.0,0.0
133,Device,ResourceApplyGradientDescent,SGD/SGD/update_4/ResourceApplyGradientDescent,2,7.168,3.584,7.168,3.584,0.00022254659685798855,0.9887623593230273,0.0,0.0
134,Device,ResourceApplyGradientDescent,SGD/SGD/update_40/ResourceApplyGradientDescent,2,7.168,3.584,7.168,3.584,0.00022254659685798855,0.9889849059198852,0.0,0.0
135,Device,ResourceApplyGradientDescent,SGD/SGD/update_44/ResourceApplyGradientDescent,2,7.168,3.584,7.168,3.584,0.00022254659685798855,0.9892074525167431,0.0,0.0
136,Device,ResourceApplyGradientDescent,SGD/SGD/update_8/ResourceApplyGradientDescent,2,7.168,3.584,7.168,3.584,0.00022254659685798855,0.9894299991136011,0.0,0.0
137,Device,BiasAddGrad,gradient_tape/model/dense/BiasAdd/BiasAddGrad,2,7.168,3.584,7.168,3.584,0.00022254659685798855,0.989652545710459,0.0,0.0
138,Device,BiasAdd,model/dense/BiasAdd,2,7.168,3.584,7.168,3.584,0.00022254659685798855,0.989875092307317,0.0,0.0
139,Device,AssignAddVariableOp,AssignAddVariableOp_2,2,6.145,3.0725,6.145,3.0725,0.00019078527311556075,0.9900658775804325,0.0,0.0
140,Device,AssignAddVariableOp,AssignAddVariableOp_4,2,6.144,3.072,6.144,3.072,0.0001907542258782759,0.9902566318063108,0.0,0.0
141,Device,Cast,Cast_1,2,6.144,3.072,6.144,3.072,0.0001907542258782759,0.9904473860321892,0.0,0.0
142,Device,Equal,Equal,2,6.144,3.072,6.144,3.072,0.0001907542258782759,0.9906381402580675,0.0,0.0
143,Device,Mul,Mul,2,6.144,3.072,6.144,3.072,0.0001907542258782759,0.9908288944839458,0.0,0.0
144,Device,ResourceApplyGradientDescent,SGD/SGD/update_11/ResourceApplyGradientDescent,2,6.144,3.072,6.144,3.072,0.0001907542258782759,0.9910196487098242,0.0,0.0
145,Device,ResourceApplyGradientDescent,SGD/SGD/update_13/ResourceApplyGradientDescent,2,6.144,3.072,6.144,3.072,0.0001907542258782759,0.9912104029357025,0.0,0.0
146,Device,ResourceApplyGradientDescent,SGD/SGD/update_14/ResourceApplyGradientDescent,2,6.144,3.072,6.144,3.072,0.0001907542258782759,0.9914011571615808,0.0,0.0
147,Device,ResourceApplyGradientDescent,SGD/SGD/update_15/ResourceApplyGradientDescent,2,6.144,3.072,6.144,3.072,0.0001907542258782759,0.9915919113874592,0.0,0.0
148,Device,ResourceApplyGradientDescent,SGD/SGD/update_17/ResourceApplyGradientDescent,2,6.144,3.072,6.144,3.072,0.0001907542258782759,0.9917826656133375,0.0,0.0
149,Device,ResourceApplyGradientDescent,SGD/SGD/update_18/ResourceApplyGradientDescent,2,6.144,3.072,6.144,3.072,0.0001907542258782759,0.9919734198392158,0.0,0.0
150,Device,ResourceApplyGradientDescent,SGD/SGD/update_2/ResourceApplyGradientDescent,2,6.144,3.072,6.144,3.072,0.0001907542258782759,0.9921641740650942,0.0,0.0
151,Device,ResourceApplyGradientDescent,SGD/SGD/update_20/ResourceApplyGradientDescent,2,6.144,3.072,6.144,3.072,0.0001907542258782759,0.9923549282909725,0.0,0.0
152,Device,ResourceApplyGradientDescent,SGD/SGD/update_21/ResourceApplyGradientDescent,2,6.144,3.072,6.144,3.072,0.0001907542258782759,0.9925456825168508,0.0,0.0
153,Device,ResourceApplyGradientDescent,SGD/SGD/update_22/ResourceApplyGradientDescent,2,6.144,3.072,6.144,3.072,0.0001907542258782759,0.9927364367427292,0.0,0.0
154,Device,ResourceApplyGradientDescent,SGD/SGD/update_23/ResourceApplyGradientDescent,2,6.144,3.072,6.144,3.072,0.0001907542258782759,0.9929271909686075,0.0,0.0
155,Device,ResourceApplyGradientDescent,SGD/SGD/update_24/ResourceApplyGradientDescent,2,6.144,3.072,6.144,3.072,0.0001907542258782759,0.9931179451944858,0.0,0.0
156,Device,ResourceApplyGradientDescent,SGD/SGD/update_26/ResourceApplyGradientDescent,2,6.144,3.072,6.144,3.072,0.0001907542258782759,0.9933086994203641,0.0,0.0
157,Device,ResourceApplyGradientDescent,SGD/SGD/update_27/ResourceApplyGradientDescent,2,6.144,3.072,6.144,3.072,0.0001907542258782759,0.9934994536462425,0.0,0.0
158,Device,ResourceApplyGradientDescent,SGD/SGD/update_29/ResourceApplyGradientDescent,2,6.144,3.072,6.144,3.072,0.0001907542258782759,0.9936902078721208,0.0,0.0
159,Device,ResourceApplyGradientDescent,SGD/SGD/update_3/ResourceApplyGradientDescent,2,6.144,3.072,6.144,3.072,0.0001907542258782759,0.9938809620979991,0.0,0.0
160,Device,ResourceApplyGradientDescent,SGD/SGD/update_31/ResourceApplyGradientDescent,2,6.144,3.072,6.144,3.072,0.0001907542258782759,0.9940717163238775,0.0,0.0
161,Device,ResourceApplyGradientDescent,SGD/SGD/update_33/ResourceApplyGradientDescent,2,6.144,3.072,6.144,3.072,0.0001907542258782759,0.9942624705497558,0.0,0.0
162,Device,ResourceApplyGradientDescent,SGD/SGD/update_34/ResourceApplyGradientDescent,2,6.144,3.072,6.144,3.072,0.0001907542258782759,0.9944532247756341,0.0,0.0
163,Device,ResourceApplyGradientDescent,SGD/SGD/update_35/ResourceApplyGradientDescent,2,6.144,3.072,6.144,3.072,0.0001907542258782759,0.9946439790015125,0.0,0.0
164,Device,ResourceApplyGradientDescent,SGD/SGD/update_37/ResourceApplyGradientDescent,2,6.144,3.072,6.144,3.072,0.0001907542258782759,0.9948347332273908,0.0,0.0
165,Device,ResourceApplyGradientDescent,SGD/SGD/update_39/ResourceApplyGradientDescent,2,6.144,3.072,6.144,3.072,0.0001907542258782759,0.9950254874532691,0.0,0.0
166,Device,ResourceApplyGradientDescent,SGD/SGD/update_41/ResourceApplyGradientDescent,2,6.144,3.072,6.144,3.072,0.0001907542258782759,0.9952162416791475,0.0,0.0
167,Device,ResourceApplyGradientDescent,SGD/SGD/update_42/ResourceApplyGradientDescent,2,6.144,3.072,6.144,3.072,0.0001907542258782759,0.9954069959050258,0.0,0.0
168,Device,ResourceApplyGradientDescent,SGD/SGD/update_45/ResourceApplyGradientDescent,2,6.144,3.072,6.144,3.072,0.0001907542258782759,0.9955977501309041,0.0,0.0
169,Device,ResourceApplyGradientDescent,SGD/SGD/update_5/ResourceApplyGradientDescent,2,6.144,3.072,6.144,3.072,0.0001907542258782759,0.9957885043567825,0.0,0.0
170,Device,ResourceApplyGradientDescent,SGD/SGD/update_6/ResourceApplyGradientDescent,2,6.144,3.072,6.144,3.072,0.0001907542258782759,0.9959792585826608,0.0,0.0
171,Device,ResourceApplyGradientDescent,SGD/SGD/update_7/ResourceApplyGradientDescent,2,6.144,3.072,6.144,3.072,0.0001907542258782759,0.9961700128085391,0.0,0.0
172,Device,ResourceApplyGradientDescent,SGD/SGD/update_9/ResourceApplyGradientDescent,2,6.144,3.072,6.144,3.072,0.0001907542258782759,0.9963607670344174,0.0,0.0
173,Device,Mul,gradient_tape/categorical_crossentropy/softmax_cross_entropy_with_logits/mul,2,6.144,3.072,6.144,3.072,0.0001907542258782759,0.9965515212602958,0.0,0.0
174,Device,Tile,gradient_tape/categorical_crossentropy/weighted_loss/Tile_1,2,6.144,3.072,6.144,3.072,0.0001907542258782759,0.9967422754861741,0.0,0.0
175,Device,AssignAddVariableOp,AssignAddVariableOp,2,5.12,2.56,5.12,2.56,0.00015896185489856323,0.9969012373410727,0.0,0.0
176,Device,AssignAddVariableOp,AssignAddVariableOp_1,2,5.12,2.56,5.12,2.56,0.00015896185489856323,0.9970601991959713,0.0,0.0
177,Device,AssignAddVariableOp,AssignAddVariableOp_3,2,5.12,2.56,5.12,2.56,0.00015896185489856323,0.9972191610508699,0.0,0.0
178,Device,Cast,Cast,2,5.12,2.56,5.12,2.56,0.00015896185489856323,0.9973781229057685,0.0,0.0
179,Device,Cast,Cast_2,2,5.12,2.56,5.12,2.56,0.00015896185489856323,0.9975370847606672,0.0,0.0
180,Device,AssignAddVariableOp,SGD/SGD/AssignAddVariableOp,2,5.12,2.56,5.12,2.56,0.00015896185489856323,0.9976960466155658,0.0,0.0
181,Device,ResourceApplyGradientDescent,SGD/SGD/update_25/ResourceApplyGradientDescent,2,5.12,2.56,5.12,2.56,0.00015896185489856323,0.9978550084704644,0.0,0.0
182,Device,ResourceApplyGradientDescent,SGD/SGD/update_43/ResourceApplyGradientDescent,2,5.12,2.56,5.12,2.56,0.00015896185489856323,0.998013970325363,0.0,0.0
183,Device,Sum,Sum_2,2,5.12,2.56,5.12,2.56,0.00015896185489856323,0.9981729321802616,0.0,0.0
184,Device,Sum,categorical_crossentropy/weighted_loss/Sum,2,5.12,2.56,5.12,2.56,0.00015896185489856323,0.9983318940351602,0.0,0.0
185,Device,Cast,categorical_crossentropy/weighted_loss/num_elements/Cast,2,5.12,2.56,5.12,2.56,0.00015896185489856323,0.9984908558900588,0.0,0.0
186,Device,DivNoNan,categorical_crossentropy/weighted_loss/value,2,5.12,2.56,5.12,2.56,0.00015896185489856323,0.9986498177449574,0.0,0.0
187,Device,DivNoNan,div_no_nan_1,2,5.12,2.56,5.12,2.56,0.00015896185489856323,0.998808779599856,0.0,0.0
188,Device,DivNoNan,gradient_tape/categorical_crossentropy/weighted_loss/value/div_no_nan,2,5.12,2.56,5.12,2.56,0.00015896185489856323,0.9989677414547546,0.0,0.0
189,Device,_Recv,strided_slice/_12,2,5.056,2.528,5.056,2.528,0.0001569748317123312,0.9991247162864669,0.0,0.0
190,Device,DivNoNan,div_no_nan,2,4.096,2.048,4.096,2.048,0.0001271694839188506,0.9992518857703858,0.0,0.0
191,Device,Cast,gradient_tape/model/GAP/Cast,2,4.096,2.048,4.096,2.048,0.0001271694839188506,0.9993790552543047,0.0,0.0
192,Device,_Recv,gradient_tape/model/GAP/floordiv/_18,2,3.776,1.888,3.776,1.888,0.00011723436798769038,0.9994962896222924,0.0,0.0
193,Device,_Recv,Size/_22,2,3.456,1.728,3.456,1.728,0.00010729925205653018,0.999603588874349,0.0,0.0
194,Device,_Recv,categorical_crossentropy/weighted_loss/num_elements/_20,2,3.168,1.584,3.168,1.584,9.8357647718486e-05,0.9997019465220675,0.0,0.0
195,Device,_Recv,gradient_tape/model/GAP/ones/_16,2,3.072,1.536,3.072,1.536,9.537711293913795e-05,0.9997973236350066,0.0,0.0
196,Device,_HostRecv,gradient_tape/model/GAP/DynamicStitch/_24,2,2.496,1.248,2.496,1.248,7.749390426304958e-05,0.9998748175392697,0.0,0.0
197,Device,LogicalAnd,LogicalAnd,1,2.048,2.048,2.048,2.048,6.35847419594253e-05,0.9999384022812291,0.0,0.0
198,Device,_Recv,gradient_tape/model/GAP/Shape-0-1-DataFormatVecPermuteNCHWToNHWC-LayoutOptimizer/_14,2,1.984,0.992,1.984,0.992,6.159771877319325e-05,1.0000000000000022,0.0,0.0
199,Host,IDLE,IDLE,0,143149.742,0.0,143149.742,0.0,0.0,0.0,0.9358195247187971,0.9358195247187971
200,Host,GatherV2,GatherV2,2,4665.127,2332.5635,4665.127,2332.5635,0.0,0.0,0.03049755361691695,0.9663170783357141
201,Host,_Send,IteratorGetNext/_3,2,2321.278,1160.639,2321.278,1160.639,0.0,0.0,0.015174999579812026,0.9814920779155262
202,Host,_Send,IteratorGetNext/_1,2,2260.458,1130.229,2260.458,1130.229,0.0,0.0,0.014777398140241167,0.9962694760557673
203,Host,GatherV2,GatherV2_1,2,107.212,53.606,107.212,53.606,0.0,0.0,0.0007008820378045229,0.9969703580935718
204,Host,Dataset,Iterator::Root::ParallelMapV2,2,64.711,32.3555,64.711,32.3555,0.0,0.0,0.0004230382564299563,0.9973933963500018
205,Host,Dataset,Iterator::Root::ParallelMapV2::Zip[1]::ForeverRepeat,2,121.602,60.801,63.291,31.6455,0.0,0.0,0.00041375522380597367,0.9978071515738077
206,Host,Dataset,Iterator::Root::ParallelMapV2::Zip[1]::ForeverRepeat::FromTensor,4,58.311,14.57775,58.311,14.57775,0.0,0.0,0.00038119923615285165,0.9981883508099606
207,Host,FlushSummaryWriter,FlushSummaryWriter,1,36.77,36.77,36.77,36.77,0.0,0.0,0.00024037824618580294,0.9984287290561464
208,Host,IteratorGetNext,IteratorGetNext,2,34.77,17.385,34.77,17.385,0.0,0.0,0.00022730355234920773,0.9986560326084957
209,Host,Dataset,Iterator::Root,2,98.662,49.331,33.951,16.9755,0.0,0.0,0.00022194946522312197,0.9988779820737188
210,Host,Dataset,Iterator::Root::ParallelMapV2::Zip[0]::FlatMap[1]::Concatenate,2,55.97,27.985,31.83,15.915,0.0,0.0,0.00020808375240941273,0.9990860658261282
211,Host,_Send,IteratorGetNext/_6,2,30.87,15.435,30.87,15.435,0.0,0.0,0.00020180789936784707,0.9992878737254961
212,Host,LogicalAnd,LogicalAnd,1,30.69,30.69,30.69,30.69,0.0,0.0,0.00020063117692255348,0.9994885049024187
213,Host,Dataset,Iterator::Root::ParallelMapV2::Zip[0]::FlatMap[1]::Concatenate[0]::TensorSlice,2,24.14,12.07,24.14,12.07,0.0,0.0,0.0001578115546077042,0.9996463164570264
214,Host,WriteSummary,WriteSummary,1,19.821,19.821,19.821,19.821,0.0,0.0,0.00012957675326757682,0.9997758932102939
215,Host,Dataset,Iterator::Root::ParallelMapV2::Zip,2,196.363,98.1815,13.801,6.9005,0.0,0.0,9.022192481942524e-05,0.9998661151351134
216,Host,_HostSend,categorical_crossentropy/softmax_cross_entropy_with_logits/Shape_2/_9,2,6.61,3.305,6.61,3.305,0.0,0.0,4.321186312994717e-05,0.9999093269982433
217,Host,ReadVariableOp,ReadVariableOp,1,6.17,6.17,6.17,6.17,0.0,0.0,4.033543048589622e-05,0.9999496624287292
218,Host,Dataset,Iterator::Root::ParallelMapV2::Zip[0]::FlatMap,2,60.96,30.48,4.99,2.495,0.0,0.0,3.262136112230505e-05,0.9999822837898514
219,Host,Identity,Identity,2,2.71,1.355,2.71,1.355,0.0,0.0,1.771621014858651e-05,1.0
