Rank,Host/device,Type,Operation,#Occurrences,Total time (us),Avg. time (us),Total self-time (us),Avg. self-time (us),Total self-time on Device (%),Cumulative total-self time on Device (%),Total self-time on Host (%),Cumulative total-self time on Host (%)
1,Device,Conv2DBackpropFilter,gradient_tape/sequential/conv2d_1/Conv2D/Conv2DBackpropFilter,2,5940.238,2970.119,5940.238,2970.119,0.06449938522279047,0.06449938522279047,0.0,0.0
2,Device,IDLE,IDLE,0,4945.003,0.0,4945.003,0.0,0.05369307651054629,0.11819246173333676,0.0,0.0
3,Device,Conv2DBackpropFilter,gradient_tape/sequential/conv2d_3/Conv2D/Conv2DBackpropFilter,4,3835.913,958.97825,3835.913,958.97825,0.041650524822087906,0.15984298655542467,0.0,0.0
4,Device,_FusedConv2D,sequential/conv2d_1/Relu,2,3111.944,1555.972,3111.944,1555.972,0.03378963517080485,0.19363262172622953,0.0,0.0
5,Device,Conv2DBackpropInput,gradient_tape/sequential/conv2d_1/Conv2D/Conv2DBackpropInput,2,3111.943,1555.9715,3111.943,1555.9715,0.03378962431275754,0.22742224603898706,0.0,0.0
6,Device,_FusedConv2D,sequential/conv2d_3/Relu,2,2468.87,1234.435,2468.87,1234.435,0.026807107256475362,0.2542293532954624,0.0,0.0
7,Device,Conv2DBackpropInput,gradient_tape/sequential/conv2d_3/Conv2D/Conv2DBackpropInput,2,2466.822,1233.411,2466.822,1233.411,0.026784869975589265,0.2810142232710517,0.0,0.0
8,Device,Conv2DBackpropFilter,gradient_tape/sequential/conv2d_2/Conv2D/Conv2DBackpropFilter,4,2430.982,607.7455,2430.982,607.7455,0.026395717560082542,0.3074099408311342,0.0,0.0
9,Device,Conv2DBackpropFilter,gradient_tape/sequential/conv2d_8/Conv2D/Conv2DBackpropFilter,2,2178.053,1089.0265,2178.053,1089.0265,0.023649402512602093,0.3310593433437363,0.0,0.0
10,Device,Conv2DBackpropFilter,gradient_tape/sequential/conv2d_9/Conv2D/Conv2DBackpropFilter,2,2172.933,1086.4665,2172.933,1086.4665,0.02359380931038685,0.35465315265412317,0.0,0.0
11,Device,_FusedConv2D,sequential/conv2d_6/Relu,2,2083.846,1041.923,2083.846,1041.923,0.022626498449888878,0.37727965110401207,0.0,0.0
12,Device,_FusedConv2D,sequential/conv2d_5/Relu,2,2079.748,1039.874,2079.748,1039.874,0.022582002172022067,0.3998616532760341,0.0,0.0
13,Device,Conv2DBackpropInput,gradient_tape/sequential/conv2d_6/Conv2D/Conv2DBackpropInput,2,2061.317,1030.6585,2061.317,1030.6585,0.02238187750209449,0.4222435307781286,0.0,0.0
14,Device,Conv2DBackpropInput,gradient_tape/sequential/conv2d_5/Conv2D/Conv2DBackpropInput,2,2059.269,1029.6345,2059.269,1029.6345,0.02235964022120839,0.444603170999337,0.0,0.0
15,Device,Conv2DBackpropFilter,gradient_tape/sequential/conv2d_5/Conv2D/Conv2DBackpropFilter,2,2046.981,1023.4905,2046.981,1023.4905,0.022226216535891803,0.4668293875352288,0.0,0.0
16,Device,Conv2DBackpropFilter,gradient_tape/sequential/conv2d_6/Conv2D/Conv2DBackpropFilter,2,2042.885,1021.4425,2042.885,1021.4425,0.022181741974119606,0.4890111295093484,0.0,0.0
17,Device,_FusedConv2D,sequential/conv2d_9/Relu,2,1842.181,921.0905,1842.181,921.0905,0.02000248844728197,0.5090136179566304,0.0,0.0
18,Device,_FusedConv2D,sequential/conv2d_8/Relu,2,1838.084,919.042,1838.084,919.042,0.019958003027462468,0.5289716209840928,0.0,0.0
19,Device,Conv2DBackpropInput,gradient_tape/sequential/conv2d_8/Conv2D/Conv2DBackpropInput,2,1800.197,900.0985,1800.197,900.0985,0.019546624189116953,0.5485182451732097,0.0,0.0
20,Device,Conv2DBackpropInput,gradient_tape/sequential/conv2d_9/Conv2D/Conv2DBackpropInput,2,1800.196,900.098,1800.196,900.098,0.01954661333106965,0.5680648585042793,0.0,0.0
21,Device,ReluGrad,gradient_tape/sequential/conv2d_1/ReluGrad,2,1754.116,877.058,1754.116,877.058,0.019046274511132437,0.5871111330154117,0.0,0.0
22,Device,ReluGrad,gradient_tape/sequential/conv2d/ReluGrad,2,1744.9,872.45,1744.9,872.45,0.018946206747144995,0.6060573397625567,0.0,0.0
23,Device,Conv2DBackpropFilter,gradient_tape/sequential/conv2d/Conv2D/Conv2DBackpropFilter,2,1494.02,747.01,1494.02,747.01,0.016222139838597948,0.6222794796011547,0.0,0.0
24,Device,_FusedConv2D,sequential/conv2d_2/Relu,2,1404.932,702.466,1404.932,702.466,0.015254818120052673,0.6375342977212074,0.0,0.0
25,Device,Conv2DBackpropFilter,gradient_tape/sequential/conv2d_4/Conv2D/Conv2DBackpropFilter,2,1311.748,655.874,1311.748,655.874,0.014243021839735201,0.6517773195609426,0.0,0.0
26,Device,MaxPoolGrad,gradient_tape/sequential/max_pooling2d/MaxPool/MaxPoolGrad,2,1288.195,644.0975,1288.195,644.0975,0.01398728225149776,0.6657646018124405,0.0,0.0
27,Device,_Send,IteratorGetNext/_1,2,1267.524,633.762,1267.524,633.762,0.013762835555601014,0.6795274373680414,0.0,0.0
28,Device,Conv2DBackpropInput,gradient_tape/sequential/conv2d_2/Conv2D/Conv2DBackpropInput,2,1263.62,631.81,1263.62,631.81,0.013720445738911888,0.6932478831069533,0.0,0.0
29,Device,_FusedConv2D,sequential/conv2d_4/Relu,2,1224.708,612.354,1224.708,612.354,0.013297937402076023,0.7065458205090294,0.0,0.0
30,Device,Conv2DBackpropFilter,gradient_tape/sequential/conv2d_12/Conv2D/Conv2DBackpropFilter,2,1178.627,589.3135,1178.627,589.3135,0.012797587724091501,0.7193434082331208,0.0,0.0
31,Device,Conv2DBackpropFilter,gradient_tape/sequential/conv2d_10/Conv2D/Conv2DBackpropFilter,2,1172.484,586.242,1172.484,586.242,0.012730886739480514,0.7320742949726013,0.0,0.0
32,Device,Conv2DBackpropInput,gradient_tape/sequential/conv2d_4/Conv2D/Conv2DBackpropInput,2,1172.482,586.241,1172.482,586.241,0.012730865023385898,0.7448051599959873,0.0,0.0
33,Device,Conv2DBackpropFilter,gradient_tape/sequential/conv2d_11/Conv2D/Conv2DBackpropFilter,2,1167.362,583.681,1167.362,583.681,0.012675271821170654,0.757480431817158,0.0,0.0
34,Device,_FusedConv2D,sequential/conv2d_7/Relu,2,1083.394,541.697,1083.394,541.697,0.011763543304840623,0.7692439751219986,0.0,0.0
35,Device,Conv2DBackpropFilter,gradient_tape/sequential/conv2d_7/Conv2D/Conv2DBackpropFilter,2,1057.794,528.897,1057.794,528.897,0.011485577293764395,0.780729552415763,0.0,0.0
36,Device,Conv2DBackpropInput,gradient_tape/sequential/conv2d_7/Conv2D/Conv2DBackpropInput,2,1031.171,515.5855,1031.171,515.5855,0.011196503500292424,0.7919260559160555,0.0,0.0
37,Device,ReluGrad,gradient_tape/sequential/conv2d_3/ReluGrad,2,873.474,436.737,873.474,436.737,0.009484222014015546,0.801410277930071,0.0,0.0
38,Device,ReluGrad,gradient_tape/sequential/conv2d_2/ReluGrad,2,858.114,429.057,858.114,429.057,0.009317442407369808,0.8107277203374408,0.0,0.0
39,Device,ResourceApplyGradientDescent,SGD/SGD/update_28/ResourceApplyGradientDescent,2,847.874,423.937,847.874,423.937,0.009206256002939317,0.8199339763403801,0.0,0.0
40,Device,_FusedConv2D,sequential/conv2d_12/Relu,2,766.978,383.489,766.978,383.489,0.008327883407938433,0.8282618597483186,0.0,0.0
41,Device,_FusedConv2D,sequential/conv2d_11/Relu,2,764.929,382.4645,764.929,382.4645,0.008305635269005027,0.8365674950173236,0.0,0.0
42,Device,_FusedConv2D,sequential/conv2d_10/Relu,2,760.833,380.4165,760.833,380.4165,0.008261160707232831,0.8448286557245565,0.0,0.0
43,Device,Conv2DBackpropInput,gradient_tape/sequential/conv2d_12/Conv2D/Conv2DBackpropInput,2,736.257,368.1285,736.257,368.1285,0.00799431333659965,0.8528229690611561,0.0,0.0
44,Device,Conv2DBackpropInput,gradient_tape/sequential/conv2d_11/Conv2D/Conv2DBackpropInput,2,734.21,367.105,734.21,367.105,0.00797208691376086,0.8607950559749169,0.0,0.0
45,Device,Conv2DBackpropInput,gradient_tape/sequential/conv2d_10/Conv2D/Conv2DBackpropInput,2,732.161,366.0805,732.161,366.0805,0.007949838774827455,0.8687448947497444,0.0,0.0
46,Device,_FusedConv2D,sequential/conv2d/Relu,2,687.106,343.553,687.106,343.553,0.007460629453380599,0.8762055242031249,0.0,0.0
47,Device,MaxPool,sequential/max_pooling2d/MaxPool,2,663.552,331.776,663.552,331.776,0.007204879007095853,0.8834104032102208,0.0,0.0
48,Device,MaxPoolGrad,gradient_tape/sequential/max_pooling2d_1/MaxPool/MaxPoolGrad,2,640.001,320.0005,640.001,320.0005,0.00694916113495303,0.8903595643451738,0.0,0.0
49,Device,BiasAddGrad,gradient_tape/sequential/conv2d/BiasAdd/BiasAddGrad,2,540.672,270.336,540.672,270.336,0.005870642153929954,0.8962302064991038,0.0,0.0
50,Device,BiasAddGrad,gradient_tape/sequential/conv2d_1/BiasAdd/BiasAddGrad,2,539.65,269.825,539.65,269.825,0.00585954522958152,0.9020897517286853,0.0,0.0
51,Device,ReluGrad,gradient_tape/sequential/conv2d_5/ReluGrad,2,432.129,216.0645,432.129,216.0645,0.004692077125014052,0.9067818288536994,0.0,0.0
52,Device,ReluGrad,gradient_tape/sequential/conv2d_4/ReluGrad,2,431.105,215.5525,431.105,215.5525,0.004680958484571003,0.9114627873382704,0.0,0.0
53,Device,ReluGrad,gradient_tape/sequential/conv2d_6/ReluGrad,2,431.105,215.5525,431.105,215.5525,0.004680958484571003,0.9161437458228413,0.0,0.0
54,Device,ResourceApplyGradientDescent,SGD/SGD/update_26/ResourceApplyGradientDescent,2,425.986,212.993,425.986,212.993,0.004625376140403065,0.9207691219632443,0.0,0.0
55,Device,MatMul,gradient_tape/sequential/dense_1/MatMul/MatMul,2,410.626,205.313,410.626,205.313,0.004458596533757327,0.9252277184970017,0.0,0.0
56,Device,MatMul,gradient_tape/sequential/dense_1/MatMul/MatMul_1,2,409.6,204.8,409.6,204.8,0.004447456177219662,0.9296751746742213,0.0,0.0
57,Device,MaxPoolGrad,gradient_tape/sequential/max_pooling2d_3/MaxPool/MaxPoolGrad,2,377.856,188.928,377.856,188.928,0.0041027783234851385,0.9337779529977065,0.0,0.0
58,Device,MaxPool,sequential/max_pooling2d_1/MaxPool,2,343.04,171.52,343.04,171.52,0.0037247445484214674,0.9375026975461279,0.0,0.0
59,Device,MatMul,sequential/dense_1/MatMul,2,335.872,167.936,335.872,167.936,0.0036469140653201232,0.9411496116114481,0.0,0.0
60,Device,MaxPoolGrad,gradient_tape/sequential/max_pooling2d_2/MaxPool/MaxPoolGrad,2,325.633,162.8165,325.633,162.8165,0.003535738518936939,0.944685350130385,0.0,0.0
61,Device,BiasAddGrad,gradient_tape/sequential/conv2d_2/BiasAdd/BiasAddGrad,2,316.416,158.208,316.416,158.208,0.0034356598969021894,0.9481210100272872,0.0,0.0
62,Device,MaxPoolGrad,gradient_tape/sequential/max_pooling2d_4/MaxPool/MaxPoolGrad,2,316.416,158.208,316.416,158.208,0.0034356598969021894,0.9515566699241894,0.0,0.0
63,Device,BiasAddGrad,gradient_tape/sequential/conv2d_3/BiasAdd/BiasAddGrad,2,313.344,156.672,313.344,156.672,0.003402303975573042,0.9549589738997625,0.0,0.0
64,Device,MatMul,gradient_tape/sequential/dense/MatMul/MatMul_1,2,238.592,119.296,238.592,119.296,0.0025906432232304538,0.9575496171229929,0.0,0.0
65,Device,ReluGrad,gradient_tape/sequential/conv2d_8/ReluGrad,2,216.064,108.032,216.064,108.032,0.002346033133483372,0.9598956502564763,0.0,0.0
66,Device,ReluGrad,gradient_tape/sequential/conv2d_7/ReluGrad,2,215.041,107.5205,215.041,107.5205,0.0023349253510876306,0.9622305756075639,0.0,0.0
67,Device,ReluGrad,gradient_tape/sequential/conv2d_9/ReluGrad,2,212.993,106.4965,212.993,106.4965,0.0023126880702015323,0.9645432636777654,0.0,0.0
68,Device,MatMul,gradient_tape/sequential/dense/MatMul/MatMul,2,203.776,101.888,203.776,101.888,0.0022126094481667823,0.9667558731259323,0.0,0.0
69,Device,MaxPool,sequential/max_pooling2d_2/MaxPool,2,189.44,94.72,189.44,94.72,0.002056948481964094,0.9688128216078964,0.0,0.0
70,Device,MatMul,sequential/dense/MatMul,2,176.13,88.065,176.13,88.065,0.0019124278722990702,0.9707252494801955,0.0,0.0
71,Device,BiasAddGrad,gradient_tape/sequential/conv2d_4/BiasAdd/BiasAddGrad,2,168.961,84.4805,168.961,84.4805,0.0018345865311504186,0.9725598360113459,0.0,0.0
72,Device,BiasAddGrad,gradient_tape/sequential/conv2d_5/BiasAdd/BiasAddGrad,2,168.96,84.48,168.96,84.48,0.001834575673103111,0.974394411684449,0.0,0.0
73,Device,BiasAddGrad,gradient_tape/sequential/conv2d_6/BiasAdd/BiasAddGrad,2,168.96,84.48,168.96,84.48,0.001834575673103111,0.976228987357552,0.0,0.0
74,Device,SoftmaxCrossEntropyWithLogits,categorical_crossentropy/softmax_cross_entropy_with_logits,2,128.0,64.0,128.0,64.0,0.0013898300553811447,0.9776188174129332,0.0,0.0
75,Device,ResourceApplyGradientDescent,SGD/SGD/update_16/ResourceApplyGradientDescent,2,121.856,60.928,121.856,60.928,0.0013231182127228496,0.978941935625656,0.0,0.0
76,Device,ResourceApplyGradientDescent,SGD/SGD/update_18/ResourceApplyGradientDescent,2,120.833,60.4165,120.833,60.4165,0.001312010430327108,0.9802539460559831,0.0,0.0
77,Device,ResourceApplyGradientDescent,SGD/SGD/update_20/ResourceApplyGradientDescent,2,119.809,59.9045,119.809,59.9045,0.001300891789884059,0.9815548378458672,0.0,0.0
78,Device,ResourceApplyGradientDescent,SGD/SGD/update_24/ResourceApplyGradientDescent,2,119.809,59.9045,119.809,59.9045,0.001300891789884059,0.9828557296357512,0.0,0.0
79,Device,ResourceApplyGradientDescent,SGD/SGD/update_22/ResourceApplyGradientDescent,2,119.808,59.904,119.808,59.904,0.0013008809318367513,0.984156610567588,0.0,0.0
80,Device,MaxPool,sequential/max_pooling2d_3/MaxPool,2,96.257,48.1285,96.257,48.1285,0.0010451630596939284,0.9852017736272819,0.0,0.0
81,Device,BiasAddGrad,gradient_tape/sequential/conv2d_7/BiasAdd/BiasAddGrad,2,90.112,45.056,90.112,45.056,0.0009784403589883257,0.9861802139862702,0.0,0.0
82,Device,BiasAddGrad,gradient_tape/sequential/conv2d_8/BiasAdd/BiasAddGrad,2,79.872,39.936,79.872,39.936,0.0008672539545578342,0.9870474679408281,0.0,0.0
83,Device,BiasAddGrad,gradient_tape/sequential/conv2d_9/BiasAdd/BiasAddGrad,2,79.872,39.936,79.872,39.936,0.0008672539545578342,0.987914721895386,0.0,0.0
84,Device,Transpose,gradient_tape/sequential/conv2d/Conv2D/Conv2DBackpropFilter-0-TransposeNHWCToNCHW-LayoutOptimizer,2,67.584,33.792,67.584,33.792,0.0007338302692412443,0.9886485521646272,0.0,0.0
85,Device,ResourceApplyGradientDescent,SGD/SGD/update_14/ResourceApplyGradientDescent,2,65.536,32.768,65.536,32.768,0.000711592988355146,0.9893601451529823,0.0,0.0
86,Device,ReluGrad,gradient_tape/sequential/conv2d_11/ReluGrad,2,56.32,28.16,56.32,28.16,0.0006115252243677036,0.98997167037735,0.0,0.0
87,Device,ReluGrad,gradient_tape/sequential/conv2d_10/ReluGrad,2,55.296,27.648,55.296,27.648,0.0006004065839246544,0.9905720769612747,0.0,0.0
88,Device,BiasAddGrad,gradient_tape/sequential/conv2d_11/BiasAdd/BiasAddGrad,2,40.96,20.48,40.96,20.48,0.00044474561772196627,0.9910168225789967,0.0,0.0
89,Device,BiasAddGrad,gradient_tape/sequential/conv2d_10/BiasAdd/BiasAddGrad,2,39.936,19.968,39.936,19.968,0.0004336269772789171,0.9914504495562756,0.0,0.0
90,Device,BiasAddGrad,gradient_tape/sequential/conv2d_12/BiasAdd/BiasAddGrad,2,39.936,19.968,39.936,19.968,0.0004336269772789171,0.9918840765335545,0.0,0.0
91,Device,ResourceApplyGradientDescent,SGD/SGD/update_10/ResourceApplyGradientDescent,2,35.84,17.92,35.84,17.92,0.00038915241550672053,0.9922732289490612,0.0,0.0
92,Device,ResourceApplyGradientDescent,SGD/SGD/update_12/ResourceApplyGradientDescent,2,35.84,17.92,35.84,17.92,0.00038915241550672053,0.992662381364568,0.0,0.0
93,Device,ReluGrad,gradient_tape/sequential/conv2d_12/ReluGrad,2,33.792,16.896,33.792,16.896,0.00036691513462062215,0.9930292964991886,0.0,0.0
94,Device,MatMul,sequential/dense_2/MatMul,2,32.768,16.384,32.768,16.384,0.000355796494177573,0.9933850929933662,0.0,0.0
95,Device,ReluGrad,gradient_tape/sequential/dense/ReluGrad,2,31.744,15.872,31.744,15.872,0.0003446778537345238,0.9937297708471007,0.0,0.0
96,Device,ArgMax,ArgMax,2,27.648,13.824,27.648,13.824,0.0003002032919623272,0.994029974139063,0.0,0.0
97,Device,MatMul,gradient_tape/sequential/dense_2/MatMul/MatMul_1,2,25.6,12.8,25.6,12.8,0.0002779660110762289,0.9943079401501392,0.0,0.0
98,Device,MatMul,gradient_tape/sequential/dense_2/MatMul/MatMul,2,24.576,12.288,24.576,12.288,0.00026684737063317976,0.9945747875207724,0.0,0.0
99,Device,ResourceApplyGradientDescent,SGD/SGD/update_8/ResourceApplyGradientDescent,2,22.528,11.264,22.528,11.264,0.00024461008974708143,0.9948193976105195,0.0,0.0
100,Device,ReluGrad,gradient_tape/sequential/dense_1/ReluGrad,2,22.528,11.264,22.528,11.264,0.00024461008974708143,0.9950640077002666,0.0,0.0
101,Device,Softmax,sequential/dense_2/Softmax,2,21.504,10.752,21.504,10.752,0.0002334914493040323,0.9952974991495707,0.0,0.0
102,Device,ArgMax,ArgMax_1,2,20.48,10.24,20.48,10.24,0.00022237280886098313,0.9955198719584316,0.0,0.0
103,Device,BiasAddGrad,gradient_tape/sequential/dense/BiasAdd/BiasAddGrad,2,18.432,9.216,18.432,9.216,0.0002001355279748848,0.9957200074864065,0.0,0.0
104,Device,BiasAddGrad,gradient_tape/sequential/dense_1/BiasAdd/BiasAddGrad,2,18.432,9.216,18.432,9.216,0.0002001355279748848,0.9959201430143815,0.0,0.0
105,Device,MaxPool,sequential/max_pooling2d_4/MaxPool,2,17.408,8.704,17.408,8.704,0.00018901688753183567,0.9961091599019133,0.0,0.0
106,Device,ResourceApplyGradientDescent,SGD/SGD/update_6/ResourceApplyGradientDescent,2,14.336,7.168,14.336,7.168,0.00015566096620268818,0.996264820868116,0.0,0.0
107,Device,Transpose,gradient_tape/sequential/max_pooling2d_4/MaxPool/MaxPoolGrad-2-TransposeNHWCToNCHW-LayoutOptimizer,2,14.336,7.168,14.336,7.168,0.00015566096620268818,0.9964204818343186,0.0,0.0
108,Device,ResourceApplyGradientDescent,SGD/SGD/update_4/ResourceApplyGradientDescent,2,11.264,5.632,11.264,5.632,0.00012230504487354072,0.9965427868791922,0.0,0.0
109,Device,ResourceApplyGradientDescent,SGD/SGD/update_30/ResourceApplyGradientDescent,2,10.24,5.12,10.24,5.12,0.00011118640443049157,0.9966539732836227,0.0,0.0
110,Device,Relu,sequential/dense/Relu,2,10.24,5.12,10.24,5.12,0.00011118640443049157,0.9967651596880532,0.0,0.0
111,Device,_Send,IteratorGetNext/_3,2,9.216,4.608,9.216,4.608,0.0001000677639874424,0.9968652274520406,0.0,0.0
112,Device,BiasAdd,sequential/dense/BiasAdd,2,9.216,4.608,9.216,4.608,0.0001000677639874424,0.9969652952160281,0.0,0.0
113,Device,Transpose,sequential/max_pooling2d_4/MaxPool-0-2-TransposeNCHWToNHWC-LayoutOptimizer,2,9.216,4.608,9.216,4.608,0.0001000677639874424,0.9970653629800155,0.0,0.0
114,Device,ResourceApplyGradientDescent,SGD/SGD/update_2/ResourceApplyGradientDescent,2,8.192,4.096,8.192,4.096,8.894912354439325e-05,0.9971543121035599,0.0,0.0
115,Device,ResourceApplyGradientDescent,SGD/SGD/update_29/ResourceApplyGradientDescent,2,8.192,4.096,8.192,4.096,8.894912354439325e-05,0.9972432612271043,0.0,0.0
116,Device,BiasAdd,sequential/dense_1/BiasAdd,2,8.192,4.096,8.192,4.096,8.894912354439325e-05,0.9973322103506487,0.0,0.0
117,Device,Relu,sequential/dense_1/Relu,2,8.192,4.096,8.192,4.096,8.894912354439325e-05,0.9974211594741931,0.0,0.0
118,Device,BiasAddGrad,gradient_tape/sequential/dense_2/BiasAdd/BiasAddGrad,2,7.169,3.5845,7.169,3.5845,7.784134114865176e-05,0.9974990008153417,0.0,0.0
119,Device,ResourceApplyGradientDescent,SGD/SGD/update/ResourceApplyGradientDescent,2,7.168,3.584,7.168,3.584,7.783048310134409e-05,0.9975768312984431,0.0,0.0
120,Device,ResourceApplyGradientDescent,SGD/SGD/update_17/ResourceApplyGradientDescent,2,7.168,3.584,7.168,3.584,7.783048310134409e-05,0.9976546617815445,0.0,0.0
121,Device,ResourceApplyGradientDescent,SGD/SGD/update_23/ResourceApplyGradientDescent,2,7.168,3.584,7.168,3.584,7.783048310134409e-05,0.9977324922646459,0.0,0.0
122,Device,ResourceApplyGradientDescent,SGD/SGD/update_27/ResourceApplyGradientDescent,2,7.168,3.584,7.168,3.584,7.783048310134409e-05,0.9978103227477473,0.0,0.0
123,Device,AssignAddVariableOp,AssignAddVariableOp_3,2,6.144,3.072,6.144,3.072,6.671184265829494e-05,0.9978770345904056,0.0,0.0
124,Device,Cast,Cast,2,6.144,3.072,6.144,3.072,6.671184265829494e-05,0.9979437464330638,0.0,0.0
125,Device,Equal,Equal,2,6.144,3.072,6.144,3.072,6.671184265829494e-05,0.9980104582757221,0.0,0.0
126,Device,Mul,Mul,2,6.144,3.072,6.144,3.072,6.671184265829494e-05,0.9980771701183804,0.0,0.0
127,Device,AssignAddVariableOp,SGD/SGD/AssignAddVariableOp,2,6.144,3.072,6.144,3.072,6.671184265829494e-05,0.9981438819610386,0.0,0.0
128,Device,ResourceApplyGradientDescent,SGD/SGD/update_1/ResourceApplyGradientDescent,2,6.144,3.072,6.144,3.072,6.671184265829494e-05,0.9982105938036969,0.0,0.0
129,Device,ResourceApplyGradientDescent,SGD/SGD/update_11/ResourceApplyGradientDescent,2,6.144,3.072,6.144,3.072,6.671184265829494e-05,0.9982773056463552,0.0,0.0
130,Device,ResourceApplyGradientDescent,SGD/SGD/update_13/ResourceApplyGradientDescent,2,6.144,3.072,6.144,3.072,6.671184265829494e-05,0.9983440174890135,0.0,0.0
131,Device,ResourceApplyGradientDescent,SGD/SGD/update_15/ResourceApplyGradientDescent,2,6.144,3.072,6.144,3.072,6.671184265829494e-05,0.9984107293316717,0.0,0.0
132,Device,ResourceApplyGradientDescent,SGD/SGD/update_19/ResourceApplyGradientDescent,2,6.144,3.072,6.144,3.072,6.671184265829494e-05,0.99847744117433,0.0,0.0
133,Device,ResourceApplyGradientDescent,SGD/SGD/update_21/ResourceApplyGradientDescent,2,6.144,3.072,6.144,3.072,6.671184265829494e-05,0.9985441530169883,0.0,0.0
134,Device,ResourceApplyGradientDescent,SGD/SGD/update_25/ResourceApplyGradientDescent,2,6.144,3.072,6.144,3.072,6.671184265829494e-05,0.9986108648596466,0.0,0.0
135,Device,ResourceApplyGradientDescent,SGD/SGD/update_3/ResourceApplyGradientDescent,2,6.144,3.072,6.144,3.072,6.671184265829494e-05,0.9986775767023048,0.0,0.0
136,Device,ResourceApplyGradientDescent,SGD/SGD/update_31/ResourceApplyGradientDescent,2,6.144,3.072,6.144,3.072,6.671184265829494e-05,0.9987442885449631,0.0,0.0
137,Device,ResourceApplyGradientDescent,SGD/SGD/update_5/ResourceApplyGradientDescent,2,6.144,3.072,6.144,3.072,6.671184265829494e-05,0.9988110003876214,0.0,0.0
138,Device,ResourceApplyGradientDescent,SGD/SGD/update_7/ResourceApplyGradientDescent,2,6.144,3.072,6.144,3.072,6.671184265829494e-05,0.9988777122302797,0.0,0.0
139,Device,ResourceApplyGradientDescent,SGD/SGD/update_9/ResourceApplyGradientDescent,2,6.144,3.072,6.144,3.072,6.671184265829494e-05,0.9989444240729379,0.0,0.0
140,Device,Sum,categorical_crossentropy/weighted_loss/Sum,2,6.144,3.072,6.144,3.072,6.671184265829494e-05,0.9990111359155962,0.0,0.0
141,Device,Mul,gradient_tape/categorical_crossentropy/softmax_cross_entropy_with_logits/mul,2,6.144,3.072,6.144,3.072,6.671184265829494e-05,0.9990778477582545,0.0,0.0
142,Device,Tile,gradient_tape/categorical_crossentropy/weighted_loss/Tile_1,2,6.144,3.072,6.144,3.072,6.671184265829494e-05,0.9991445596009128,0.0,0.0
143,Device,DivNoNan,gradient_tape/categorical_crossentropy/weighted_loss/value/div_no_nan,2,6.144,3.072,6.144,3.072,6.671184265829494e-05,0.999211271443571,0.0,0.0
144,Device,BiasAdd,sequential/dense_2/BiasAdd,2,6.144,3.072,6.144,3.072,6.671184265829494e-05,0.9992779832862293,0.0,0.0
145,Device,AssignAddVariableOp,AssignAddVariableOp,2,5.12,2.56,5.12,2.56,5.5593202215245784e-05,0.9993335764884446,0.0,0.0
146,Device,AssignAddVariableOp,AssignAddVariableOp_1,2,5.12,2.56,5.12,2.56,5.5593202215245784e-05,0.9993891696906598,0.0,0.0
147,Device,AssignAddVariableOp,AssignAddVariableOp_2,2,5.12,2.56,5.12,2.56,5.5593202215245784e-05,0.9994447628928751,0.0,0.0
148,Device,AssignAddVariableOp,AssignAddVariableOp_4,2,5.12,2.56,5.12,2.56,5.5593202215245784e-05,0.9995003560950904,0.0,0.0
149,Device,Cast,Cast_1,2,5.12,2.56,5.12,2.56,5.5593202215245784e-05,0.9995559492973056,0.0,0.0
150,Device,Sum,Sum_2,2,5.12,2.56,5.12,2.56,5.5593202215245784e-05,0.9996115424995209,0.0,0.0
151,Device,DivNoNan,categorical_crossentropy/weighted_loss/value,2,5.12,2.56,5.12,2.56,5.5593202215245784e-05,0.9996671357017362,0.0,0.0
152,Device,DivNoNan,div_no_nan_1,2,5.12,2.56,5.12,2.56,5.5593202215245784e-05,0.9997227289039514,0.0,0.0
153,Device,_Recv,categorical_crossentropy/weighted_loss/num_elements/_14,2,4.608,2.304,4.608,2.304,5.00338819937212e-05,0.9997727627859452,0.0,0.0
154,Device,Cast,Cast_2,2,4.096,2.048,4.096,2.048,4.447456177219663e-05,0.9998172373477173,0.0,0.0
155,Device,Cast,categorical_crossentropy/weighted_loss/num_elements/Cast,2,4.096,2.048,4.096,2.048,4.447456177219663e-05,0.9998617119094895,0.0,0.0
156,Device,DivNoNan,div_no_nan,2,4.096,2.048,4.096,2.048,4.447456177219663e-05,0.9999061864712616,0.0,0.0
157,Device,_Recv,Size/_16,2,3.52,1.76,3.52,1.76,3.8220326522981474e-05,0.9999444067977846,0.0,0.0
158,Device,LogicalAnd,LogicalAnd,1,3.072,3.072,3.072,3.072,3.335592132914747e-05,0.9999777627191138,0.0,0.0
159,Device,_Recv,strided_slice/_12,2,2.048,1.024,2.048,1.024,2.2237280886098313e-05,0.9999999999999999,0.0,0.0
160,Host,IDLE,IDLE,0,372532.358,0.0,372532.358,0.0,0.0,0.0,0.9854870445449389,0.9854870445449389
161,Host,_Send,IteratorGetNext/_3,2,1740.631,870.3155,1740.631,870.3155,0.0,0.0,0.0046046182646858865,0.9900916628096247
162,Host,_Send,IteratorGetNext/_1,2,1719.281,859.6405,1719.281,859.6405,0.0,0.0,0.004548139550960207,0.9946398023605849
163,Host,GatherV2,GatherV2,2,1518.648,759.324,1518.648,759.324,0.0,0.0,0.004017390428200286,0.9986571927887852
164,Host,_Send,IteratorGetNext/_6,2,90.651,45.3255,90.651,45.3255,0.0,0.0,0.00023980570856892716,0.9988969984973541
165,Host,GatherV2,GatherV2_1,2,83.072,41.536,83.072,41.536,0.0,0.0,0.00021975642653956294,0.9991167549238937
166,Host,Dataset,Iterator::Root::ParallelMapV2::Zip[1]::ForeverRepeat,2,60.08,30.04,56.15,28.075,0.0,0.0,0.00014853769441203364,0.9992652926183058
167,Host,IteratorGetNext,IteratorGetNext,2,50.33,25.165,50.33,25.165,0.0,0.0,0.00013314162350414342,0.99939843424181
168,Host,Dataset,Iterator::Root::ParallelMapV2,2,46.881,23.4405,46.881,23.4405,0.0,0.0,0.00012401773199876312,0.9995224519738087
169,Host,FlushSummaryWriter,FlushSummaryWriter,1,36.621,36.621,36.621,36.621,0.0,0.0,9.68762049343381e-05,0.9996193281787431
170,Host,LogicalAnd,LogicalAnd,1,29.14,29.14,29.14,29.14,0.0,0.0,7.708616945978023e-05,0.9996964143482029
171,Host,Dataset,Iterator::Root,2,74.951,37.4755,28.07,14.035,0.0,0.0,7.425562034097568e-05,0.9997706699685439
172,Host,Dataset,Iterator::Root::ParallelMapV2::Zip[0]::FlatMap[1]::Concatenate[0]::TensorSlice,2,20.22,10.11,20.22,10.11,0.0,0.0,5.348944222638148e-05,0.9998241594107703
173,Host,WriteSummary,WriteSummary,1,20.14,20.14,20.14,20.14,0.0,0.0,5.32778123857232e-05,0.999877437223156
174,Host,Dataset,Iterator::Root::ParallelMapV2::Zip[0]::FlatMap[1]::Concatenate,2,31.55,15.775,11.33,5.665,0.0,0.0,2.9972076183229583e-05,0.9999074092993393
175,Host,Dataset,Iterator::Root::ParallelMapV2::Zip,2,106.421,53.2105,10.771,5.3855,0.0,0.0,2.8493312671629822e-05,0.9999359026120109
176,Host,_HostSend,categorical_crossentropy/softmax_cross_entropy_with_logits/Shape_2/_9,2,7.71,3.855,7.71,3.855,0.0,0.0,2.0395825893442198e-05,0.9999562984379043
177,Host,ReadVariableOp,ReadVariableOp,1,5.98,5.98,5.98,5.98,0.0,0.0,1.581933058920679e-05,0.9999721177684936
178,Host,Dataset,Iterator::Root::ParallelMapV2::Zip[0]::FlatMap,2,35.57,17.785,4.02,2.01,0.0,0.0,1.063439949307881e-05,0.9999827521679867
179,Host,Dataset,Iterator::Root::ParallelMapV2::Zip[1]::ForeverRepeat::FromTensor,4,3.93,0.9825,3.93,0.9825,0.0,0.0,1.039631592233824e-05,0.9999931484839091
180,Host,Identity,Identity,2,2.59,1.295,2.59,1.295,0.0,0.0,6.8515160913119694e-06,1.0000000000000004
