Rank,Host/device,Type,Operation,#Occurrences,Total time (us),Avg. time (us),Total self-time (us),Avg. self-time (us),Total self-time on Device (%),Cumulative total-self time on Device (%),Total self-time on Host (%),Cumulative total-self time on Host (%)
1,Device,IDLE,IDLE,0,3572.388,0.0,3572.388,0.0,0.26526297499618523,0.26526297499618523,0.0,0.0
2,Device,_Send,IteratorGetNext/_1,2,2348.066,1174.033,2348.066,1174.033,0.17435255427109056,0.43961552926727576,0.0,0.0
3,Device,Conv2DBackpropInput,gradient_tape/sequential/conv2d_1/Conv2D/Conv2DBackpropInput,50,1572.866,31.45732,1572.866,31.45732,0.11679109728012463,0.5564066265474004,0.0,0.0
4,Device,Conv2DBackpropFilter,gradient_tape/sequential/conv2d/Conv2D/Conv2DBackpropFilter,2,1133.568,566.784,1133.568,566.784,0.08417160175223848,0.6405782282996388,0.0,0.0
5,Device,_FusedConv2D,sequential/conv2d/Relu,2,687.105,343.5525,687.105,343.5525,0.05102007856782462,0.6915983068674635,0.0,0.0
6,Device,Conv2DBackpropFilter,gradient_tape/sequential/conv2d_1/Conv2D/Conv2DBackpropFilter,2,446.464,223.232,446.464,223.232,0.033151597438099346,0.7247499043055629,0.0,0.0
7,Device,MaxPoolGrad,gradient_tape/sequential/max_pooling2d/MaxPool/MaxPoolGrad,2,437.249,218.6245,437.249,218.6245,0.03246734972631948,0.7572172540318823,0.0,0.0
8,Device,ResourceApplyGradientDescent,SGD/SGD/update_4/ResourceApplyGradientDescent,2,365.568,182.784,365.568,182.784,0.027144771296792353,0.7843620253286747,0.0,0.0
9,Device,_FusedConv2D,sequential/conv2d_1/Relu,2,327.68,163.84,327.68,163.84,0.024331447660990345,0.8086934729896651,0.0,0.0
10,Device,ReluGrad,gradient_tape/sequential/conv2d/ReluGrad,2,312.321,156.1605,312.321,156.1605,0.023190985305566913,0.831884458295232,0.0,0.0
11,Device,MaxPoolGrad,gradient_tape/sequential/max_pooling2d_1/MaxPool/MaxPoolGrad,2,257.025,128.5125,257.025,128.5125,0.01908505351277479,0.8509695118080068,0.0,0.0
12,Device,SoftmaxCrossEntropyWithLogits,categorical_crossentropy/softmax_cross_entropy_with_logits,2,204.8,102.4,204.8,102.4,0.015207154788118966,0.8661766665961258,0.0,0.0
13,Device,ReluGrad,gradient_tape/sequential/conv2d_1/ReluGrad,2,198.657,99.3285,198.657,99.3285,0.014751014398160886,0.8809276809942866,0.0,0.0
14,Device,MatMul,sequential/dense/MatMul,2,165.888,82.944,165.888,82.944,0.012317795378376363,0.893245476372663,0.0,0.0
15,Device,MatMul,gradient_tape/sequential/dense/MatMul/MatMul,2,146.432,73.216,146.432,73.216,0.01087311567350506,0.9041185920461681,0.0,0.0
16,Device,MatMul,gradient_tape/sequential/dense/MatMul/MatMul_1,2,139.264,69.632,139.264,69.632,0.010340865255920897,0.914459457302089,0.0,0.0
17,Device,MaxPool,sequential/max_pooling2d/MaxPool,2,136.193,68.0965,136.193,68.0965,0.010112832187784603,0.9245722894898736,0.0,0.0
18,Device,Transpose,gradient_tape/sequential/conv2d/Conv2D/Conv2DBackpropFilter-0-TransposeNHWCToNCHW-LayoutOptimizer,2,123.904,61.952,123.904,61.952,0.009200328646811974,0.9337726181366856,0.0,0.0
19,Device,ArgMax,ArgMax,2,111.616,55.808,111.616,55.808,0.008287899359524837,0.9420605174962103,0.0,0.0
20,Device,ArgMax,ArgMax_1,2,110.593,55.2965,110.593,55.2965,0.00821193783926973,0.9502724553354801,0.0,0.0
21,Device,BiasAddGrad,gradient_tape/sequential/conv2d/BiasAdd/BiasAddGrad,2,104.449,52.2245,104.449,52.2245,0.007755723195626161,0.9580281785311062,0.0,0.0
22,Device,MaxPool,sequential/max_pooling2d_1/MaxPool,2,91.136,45.568,91.136,45.568,0.00676718388071294,0.9647953624118192,0.0,0.0
23,Device,BiasAddGrad,gradient_tape/sequential/conv2d_1/BiasAdd/BiasAddGrad,2,75.776,37.888,75.776,37.888,0.005626647271604017,0.9704220096834232,0.0,0.0
24,Device,Transpose,gradient_tape/sequential/max_pooling2d_1/MaxPool/MaxPoolGrad-2-TransposeNHWCToNCHW-LayoutOptimizer,2,36.864,18.432,36.864,18.432,0.0027372878618614135,0.9731592975452846,0.0,0.0
25,Device,Transpose,sequential/max_pooling2d_1/MaxPool-0-1-TransposeNCHWToNHWC-LayoutOptimizer,2,30.72,15.36,30.72,15.36,0.0022810732182178446,0.9754403707635024,0.0,0.0
26,Device,Softmax,sequential/dense_2/Softmax,2,28.672,14.336,28.672,14.336,0.0021290016703366553,0.9775693724338391,0.0,0.0
27,Device,MatMul,sequential/dense_2/MatMul,2,20.48,10.24,20.48,10.24,0.0015207154788118966,0.9790900879126511,0.0,0.0
28,Device,MatMul,gradient_tape/sequential/dense_2/MatMul/MatMul,2,19.456,9.728,19.456,9.728,0.0014446797048713017,0.9805347676175223,0.0,0.0
29,Device,MatMul,sequential/dense_1/MatMul,2,15.36,7.68,15.36,7.68,0.0011405366091089223,0.9816753042266313,0.0,0.0
30,Device,_Send,IteratorGetNext/_3,2,12.289,6.1445,12.289,6.1445,0.0009125035409726268,0.9825878077676039,0.0,0.0
31,Device,MatMul,gradient_tape/sequential/dense_1/MatMul/MatMul,2,11.264,5.632,11.264,5.632,0.0008363935133465431,0.9834242012809504,0.0,0.0
32,Device,MatMul,gradient_tape/sequential/dense_2/MatMul/MatMul_1,2,10.24,5.12,10.24,5.12,0.0007603577394059483,0.9841845590203564,0.0,0.0
33,Device,MatMul,gradient_tape/sequential/dense_1/MatMul/MatMul_1,2,9.216,4.608,9.216,4.608,0.0006843219654653534,0.9848688809858217,0.0,0.0
34,Device,BiasAddGrad,gradient_tape/sequential/dense/BiasAdd/BiasAddGrad,2,8.192,4.096,8.192,4.096,0.0006082861915247586,0.9854771671773465,0.0,0.0
35,Device,ResourceApplyGradientDescent,SGD/SGD/update/ResourceApplyGradientDescent,2,7.168,3.584,7.168,3.584,0.0005322504175841638,0.9860094175949307,0.0,0.0
36,Device,ResourceApplyGradientDescent,SGD/SGD/update_8/ResourceApplyGradientDescent,2,7.168,3.584,7.168,3.584,0.0005322504175841638,0.9865416680125149,0.0,0.0
37,Device,AssignAddVariableOp,AssignAddVariableOp_1,2,6.144,3.072,6.144,3.072,0.000456214643643569,0.9869978826561584,0.0,0.0
38,Device,AssignAddVariableOp,AssignAddVariableOp_2,2,6.144,3.072,6.144,3.072,0.000456214643643569,0.9874540972998019,0.0,0.0
39,Device,AssignAddVariableOp,AssignAddVariableOp_3,2,6.144,3.072,6.144,3.072,0.000456214643643569,0.9879103119434455,0.0,0.0
40,Device,AssignAddVariableOp,AssignAddVariableOp_4,2,6.144,3.072,6.144,3.072,0.000456214643643569,0.988366526587089,0.0,0.0
41,Device,Equal,Equal,2,6.144,3.072,6.144,3.072,0.000456214643643569,0.9888227412307325,0.0,0.0
42,Device,AssignAddVariableOp,SGD/SGD/AssignAddVariableOp,2,6.144,3.072,6.144,3.072,0.000456214643643569,0.9892789558743761,0.0,0.0
43,Device,ResourceApplyGradientDescent,SGD/SGD/update_1/ResourceApplyGradientDescent,2,6.144,3.072,6.144,3.072,0.000456214643643569,0.9897351705180196,0.0,0.0
44,Device,ResourceApplyGradientDescent,SGD/SGD/update_2/ResourceApplyGradientDescent,2,6.144,3.072,6.144,3.072,0.000456214643643569,0.9901913851616632,0.0,0.0
45,Device,ResourceApplyGradientDescent,SGD/SGD/update_3/ResourceApplyGradientDescent,2,6.144,3.072,6.144,3.072,0.000456214643643569,0.9906475998053067,0.0,0.0
46,Device,ResourceApplyGradientDescent,SGD/SGD/update_5/ResourceApplyGradientDescent,2,6.144,3.072,6.144,3.072,0.000456214643643569,0.9911038144489502,0.0,0.0
47,Device,ResourceApplyGradientDescent,SGD/SGD/update_6/ResourceApplyGradientDescent,2,6.144,3.072,6.144,3.072,0.000456214643643569,0.9915600290925938,0.0,0.0
48,Device,ResourceApplyGradientDescent,SGD/SGD/update_7/ResourceApplyGradientDescent,2,6.144,3.072,6.144,3.072,0.000456214643643569,0.9920162437362373,0.0,0.0
49,Device,ResourceApplyGradientDescent,SGD/SGD/update_9/ResourceApplyGradientDescent,2,6.144,3.072,6.144,3.072,0.000456214643643569,0.9924724583798809,0.0,0.0
50,Device,Sum,Sum_2,2,6.144,3.072,6.144,3.072,0.000456214643643569,0.9929286730235244,0.0,0.0
51,Device,Sum,categorical_crossentropy/weighted_loss/Sum,2,6.144,3.072,6.144,3.072,0.000456214643643569,0.9933848876671679,0.0,0.0
52,Device,DivNoNan,categorical_crossentropy/weighted_loss/value,2,6.144,3.072,6.144,3.072,0.000456214643643569,0.9938411023108115,0.0,0.0
53,Device,DivNoNan,div_no_nan,2,6.144,3.072,6.144,3.072,0.000456214643643569,0.994297316954455,0.0,0.0
54,Device,BiasAddGrad,gradient_tape/sequential/dense_2/BiasAdd/BiasAddGrad,2,6.144,3.072,6.144,3.072,0.000456214643643569,0.9947535315980985,0.0,0.0
55,Device,BiasAdd,sequential/dense/BiasAdd,2,6.144,3.072,6.144,3.072,0.000456214643643569,0.9952097462417421,0.0,0.0
56,Device,BiasAdd,sequential/dense_1/BiasAdd,2,6.144,3.072,6.144,3.072,0.000456214643643569,0.9956659608853856,0.0,0.0
57,Device,BiasAdd,sequential/dense_2/BiasAdd,2,6.144,3.072,6.144,3.072,0.000456214643643569,0.9961221755290292,0.0,0.0
58,Device,AssignAddVariableOp,AssignAddVariableOp,2,5.12,2.56,5.12,2.56,0.00038017886970297414,0.9965023543987321,0.0,0.0
59,Device,Cast,Cast_1,2,5.12,2.56,5.12,2.56,0.00038017886970297414,0.9968825332684351,0.0,0.0
60,Device,DivNoNan,div_no_nan_1,2,5.12,2.56,5.12,2.56,0.00038017886970297414,0.9972627121381381,0.0,0.0
61,Device,Mul,gradient_tape/categorical_crossentropy/softmax_cross_entropy_with_logits/mul,2,5.12,2.56,5.12,2.56,0.00038017886970297414,0.9976428910078411,0.0,0.0
62,Device,BiasAddGrad,gradient_tape/sequential/dense_1/BiasAdd/BiasAddGrad,2,5.12,2.56,5.12,2.56,0.00038017886970297414,0.9980230698775441,0.0,0.0
63,Device,ReluGrad,gradient_tape/sequential/dense_1/ReluGrad,2,5.12,2.56,5.12,2.56,0.00038017886970297414,0.9984032487472471,0.0,0.0
64,Device,Relu,sequential/dense/Relu,2,5.12,2.56,5.12,2.56,0.00038017886970297414,0.99878342761695,0.0,0.0
65,Device,Relu,sequential/dense_1/Relu,2,5.12,2.56,5.12,2.56,0.00038017886970297414,0.999163606486653,0.0,0.0
66,Device,Mul,Mul,2,4.096,2.048,4.096,2.048,0.0003041430957623793,0.9994677495824155,0.0,0.0
67,Device,ReluGrad,gradient_tape/sequential/dense/ReluGrad,2,4.096,2.048,4.096,2.048,0.0003041430957623793,0.9997718926781779,0.0,0.0
68,Device,LogicalAnd,LogicalAnd,1,3.072,3.072,3.072,3.072,0.0002281073218217845,0.9999999999999997,0.0,0.0
69,Host,IDLE,IDLE,0,49507.764,0.0,49507.764,0.0,0.0,0.0,0.8339605698571309,0.8339605698571309
70,Host,GatherV2,GatherV2,2,4945.969,2472.9845,4945.969,2472.9845,0.0,0.0,0.08331507611080362,0.9172756459679344
71,Host,_Send,IteratorGetNext/_1,2,2815.034,1407.517,2815.034,1407.517,0.0,0.0,0.04741937767189806,0.9646950236398325
72,Host,_Send,IteratorGetNext/_3,2,1427.927,713.9635,1427.927,713.9635,0.0,0.0,0.02405349622807411,0.9887485198679066
73,Host,_Send,IteratorGetNext/_6,2,265.334,132.667,265.334,132.667,0.0,0.0,0.004469563477810711,0.9932180833457173
74,Host,Dataset,Iterator::Root::ParallelMapV2,2,60.691,30.3455,60.691,30.3455,0.0,0.0,0.001022342696495021,0.9942404260422123
75,Host,IteratorGetNext,IteratorGetNext,2,48.58,24.29,48.58,24.29,0.0,0.0,0.000818332342451568,0.9950587583846638
76,Host,Dataset,Iterator::Root::ParallelMapV2::Zip[1]::ForeverRepeat,2,51.49,25.745,47.8,23.9,0.0,0.0,0.0008051932064467878,0.9958639515911106
77,Host,LogicalAnd,LogicalAnd,1,47.38,47.38,47.38,47.38,0.0,0.0,0.0007981182870595985,0.9966620698781702
78,Host,GatherV2,GatherV2_1,2,45.471,22.7355,45.471,22.7355,0.0,0.0,0.0007659610939402069,0.9974280309721104
79,Host,FlushSummaryWriter,FlushSummaryWriter,1,38.621,38.621,38.621,38.621,0.0,0.0,0.0006505725277443806,0.9980786034998548
80,Host,Dataset,Iterator::Root,2,86.382,43.191,25.691,12.8455,0.0,0.0,0.00043276608089590847,0.9985113695807507
81,Host,Dataset,Iterator::Root::ParallelMapV2::Zip[0]::FlatMap,2,44.49,22.245,23.33,11.665,0.0,0.0,0.00039299492691220836,0.998904364507663
82,Host,WriteSummary,WriteSummary,1,21.191,21.191,21.191,21.191,0.0,0.0,0.0003569633731760226,0.999261327880839
83,Host,Dataset,Iterator::Root::ParallelMapV2::Zip[0]::FlatMap[1]::TensorSlice,2,21.16,10.58,21.16,10.58,0.0,0.0,0.0003564411767450634,0.999617769057584
84,Host,Dataset,Iterator::Root::ParallelMapV2::Zip,2,105.931,52.9655,9.951,4.9755,0.0,0.0,0.00016762505433790768,0.9997853941119219
85,Host,ReadVariableOp,ReadVariableOp,1,6.39,6.39,6.39,6.39,0.0,0.0,0.00010763984496223796,0.9998930339568841
86,Host,Dataset,Iterator::Root::ParallelMapV2::Zip[1]::ForeverRepeat::FromTensor,4,3.69,0.9225,3.69,0.9225,0.0,0.0,6.215822033030642e-05,0.9999551921772144
87,Host,Identity,Identity,2,2.66,1.33,2.66,1.33,0.0,0.0,4.480782278553255e-05,0.9999999999999999
