Rank,Host/device,Type,Operation,#Occurrences,Total time (us),Avg. time (us),Total self-time (us),Avg. self-time (us),Total self-time on Device (%),Cumulative total-self time on Device (%),Total self-time on Host (%),Cumulative total-self time on Host (%)
1,Device,IDLE,IDLE,0,19617.643,0.0,19617.643,0.0,0.5361734975095958,0.5361734975095958,0.0,0.0
2,Device,Conv2DBackpropFilter,gradient_tape/model/conv2d_19/Conv2D/Conv2DBackpropFilter,2,582.658,291.329,582.658,291.329,0.01592473559193355,0.5520982331015293,0.0,0.0
3,Device,Conv2DBackpropInput,gradient_tape/model/conv2d_19/Conv2D/Conv2DBackpropInput,4,575.489,143.87225,575.489,143.87225,0.01572879830203352,0.5678270314035628,0.0,0.0
4,Device,Conv2DBackpropFilter,gradient_tape/model/conv2d_16/Conv2D/Conv2DBackpropFilter,2,574.465,287.2325,574.465,287.2325,0.01570081116507472,0.5835278425686375,0.0,0.0
5,Device,Conv2DBackpropFilter,gradient_tape/model/conv2d_18/Conv2D/Conv2DBackpropFilter,2,572.417,286.2085,572.417,286.2085,0.015644836891157123,0.5991726794597947,0.0,0.0
6,Device,Conv2DBackpropInput,gradient_tape/model/conv2d_16/Conv2D/Conv2DBackpropInput,4,570.369,142.59225,570.369,142.59225,0.015588862617239525,0.6147615420770343,0.0,0.0
7,Device,Conv2DBackpropInput,gradient_tape/model/conv2d_18/Conv2D/Conv2DBackpropInput,4,567.297,141.82425,567.297,141.82425,0.015504901206363128,0.6302664432833974,0.0,0.0
8,Device,Conv2D,model/conv2d_18/Conv2D,4,347.138,86.7845,347.138,86.7845,0.00948769409140976,0.6397541373748072,0.0,0.0
9,Device,Conv2D,model/conv2d_16/Conv2D,4,346.112,86.528,346.112,86.528,0.00945965229207409,0.6492137896668814,0.0,0.0
10,Device,Conv2D,model/conv2d_19/Conv2D,4,344.064,86.016,344.064,86.016,0.00940367801815649,0.6586174676850378,0.0,0.0
11,Device,Conv2DBackpropInput,gradient_tape/model/conv2d_15/Conv2D/Conv2DBackpropInput,2,302.081,151.0405,302.081,151.0405,0.008256232734034166,0.666873700419072,0.0,0.0
12,Device,Conv2D,model/conv2d_15/Conv2D,4,276.481,69.12025,276.481,69.12025,0.007556554310064188,0.6744302547291362,0.0,0.0
13,Device,_Recv,IteratorGetNext/_2,2,244.544,122.272,244.544,122.272,0.0066836781449732055,0.6811139328741094,0.0,0.0
14,Device,FusedBatchNormGradV3,gradient_tape/model/batch_normalization/FusedBatchNormGradV3,2,186.368,93.184,186.368,93.184,0.005093658926501432,0.6862075918006107,0.0,0.0
15,Device,Conv2DBackpropInput,gradient_tape/model/conv2d_14/Conv2D/Conv2DBackpropInput,4,184.321,46.08025,184.321,46.08025,0.0050377119837722705,0.691245303784383,0.0,0.0
16,Device,Conv2DBackpropInput,gradient_tape/model/conv2d_11/Conv2D/Conv2DBackpropInput,4,181.25,45.3125,181.25,45.3125,0.0049537779040843095,0.6961990816884673,0.0,0.0
17,Device,Conv2DBackpropFilter,gradient_tape/model/conv2d/Conv2D/Conv2DBackpropFilter,2,180.224,90.112,180.224,90.112,0.004925736104748638,0.701124817793216,0.0,0.0
18,Device,Conv2DBackpropInput,gradient_tape/model/conv2d_13/Conv2D/Conv2DBackpropInput,4,178.176,44.544,178.176,44.544,0.00486976183083104,0.705994579624047,0.0,0.0
19,Device,Conv2D,model/conv2d_11/Conv2D,4,173.056,43.264,173.056,43.264,0.004729826146037045,0.710724405770084,0.0,0.0
20,Device,Conv2D,model/conv2d_14/Conv2D,4,171.008,42.752,171.008,42.752,0.004673851872119447,0.7153982576422034,0.0,0.0
21,Device,Conv2D,model/conv2d_13/Conv2D,4,168.962,42.2405,168.962,42.2405,0.004617932260578721,0.7200161899027822,0.0,0.0
22,Device,Conv2D,model/conv2d/Conv2D,2,157.696,78.848,157.696,78.848,0.0043100190916550585,0.7243262089944372,0.0,0.0
23,Device,Conv2DBackpropFilter,gradient_tape/model/conv2d_15/Conv2D/Conv2DBackpropFilter,2,141.313,70.6565,141.313,70.6565,0.003862252231502709,0.7281884612259399,0.0,0.0
24,Device,Conv2DBackpropFilter,gradient_tape/model/conv2d_2/Conv2D/Conv2DBackpropFilter,2,137.217,68.6085,137.217,68.6085,0.003750303683667513,0.7319387649096074,0.0,0.0
25,Device,Conv2DBackpropFilter,gradient_tape/model/conv2d_4/Conv2D/Conv2DBackpropFilter,2,137.217,68.6085,137.217,68.6085,0.003750303683667513,0.7356890685932749,0.0,0.0
26,Device,Conv2DBackpropFilter,gradient_tape/model/conv2d_1/Conv2D/Conv2DBackpropFilter,2,137.216,68.608,137.216,68.608,0.003750276352479077,0.7394393449457539,0.0,0.0
27,Device,Conv2DBackpropInput,gradient_tape/model/conv2d_10/Conv2D/Conv2DBackpropInput,2,137.216,68.608,137.216,68.608,0.003750276352479077,0.743189621298233,0.0,0.0
28,Device,Conv2DBackpropFilter,gradient_tape/model/conv2d_3/Conv2D/Conv2DBackpropFilter,2,134.144,67.072,134.144,67.072,0.0036663149416026795,0.7468559362398356,0.0,0.0
29,Device,Conv2DBackpropFilter,gradient_tape/model/conv2d_5/Conv2D/Conv2DBackpropFilter,2,133.12,66.56,133.12,66.56,0.0036383278046438804,0.7504942640444795,0.0,0.0
30,Device,Conv2DBackpropFilter,gradient_tape/model/conv2d_13/Conv2D/Conv2DBackpropFilter,4,128.0,32.0,128.0,32.0,0.003498392119849885,0.7539926561643294,0.0,0.0
31,Device,Conv2DBackpropFilter,gradient_tape/model/conv2d_14/Conv2D/Conv2DBackpropFilter,4,128.0,32.0,128.0,32.0,0.003498392119849885,0.7574910482841793,0.0,0.0
32,Device,Conv2DBackpropInput,gradient_tape/model/conv2d_5/Conv2D/Conv2DBackpropInput,2,128.0,64.0,128.0,64.0,0.003498392119849885,0.7609894404040293,0.0,0.0
33,Device,SoftmaxCrossEntropyWithLogits,categorical_crossentropy/softmax_cross_entropy_with_logits,2,125.952,62.976,125.952,62.976,0.0034424178459322866,0.7644318582499615,0.0,0.0
34,Device,Conv2DBackpropFilter,gradient_tape/model/conv2d_11/Conv2D/Conv2DBackpropFilter,4,125.952,31.488,125.952,31.488,0.0034424178459322866,0.7678742760958938,0.0,0.0
35,Device,Conv2D,model/conv2d_10/Conv2D,4,124.929,31.23225,124.929,31.23225,0.003414458040161924,0.7712887341360557,0.0,0.0
36,Device,ResourceApplyGradientDescent,SGD/SGD/update_66/ResourceApplyGradientDescent,2,124.928,62.464,124.928,62.464,0.0034144307089734875,0.7747031648450292,0.0,0.0
37,Device,ResourceApplyGradientDescent,SGD/SGD/update_70/ResourceApplyGradientDescent,2,124.928,62.464,124.928,62.464,0.0034144307089734875,0.7781175955540027,0.0,0.0
38,Device,AddN,SGD/gradients/AddN_25,2,124.928,62.464,124.928,62.464,0.0034144307089734875,0.7815320262629762,0.0,0.0
39,Device,ResourceApplyGradientDescent,SGD/SGD/update_62/ResourceApplyGradientDescent,2,123.904,61.952,123.904,61.952,0.0033864435720146885,0.7849184698349909,0.0,0.0
40,Device,Mul,gradient_tape/conv2d_19/kernel/Regularizer/Mul_1,2,120.833,60.4165,120.833,60.4165,0.003302509492326728,0.7882209793273176,0.0,0.0
41,Device,Mul,gradient_tape/conv2d_18/kernel/Regularizer/Mul_1,2,120.832,60.416,120.832,60.416,0.0033024821611382913,0.7915234614884559,0.0,0.0
42,Device,Mul,gradient_tape/conv2d_16/kernel/Regularizer/Mul_1,2,118.784,59.392,118.784,59.392,0.0032465078872206937,0.7947699693756766,0.0,0.0
43,Device,FusedBatchNormV3,model/batch_normalization/FusedBatchNormV3,4,116.737,29.18425,116.737,29.18425,0.0031905609444915313,0.7979605303201681,0.0,0.0
44,Device,AddN,SGD/gradients/AddN_26,2,111.616,55.808,111.616,55.808,0.0030505979285091,0.8010111282486773,0.0,0.0
45,Device,AddN,SGD/gradients/AddN_27,2,111.616,55.808,111.616,55.808,0.0030505979285091,0.8040617261771864,0.0,0.0
46,Device,Conv2D,model/conv2d_5/Conv2D,4,110.592,27.648,110.592,27.648,0.003022610791550301,0.8070843369687367,0.0,0.0
47,Device,Conv2DBackpropFilter,gradient_tape/model/conv2d_6/Conv2D/Conv2DBackpropFilter,2,108.545,54.2725,108.545,54.2725,0.002966663848821139,0.8100510008175579,0.0,0.0
48,Device,Conv2DBackpropFilter,gradient_tape/model/conv2d_8/Conv2D/Conv2DBackpropFilter,2,108.544,54.272,108.544,54.272,0.0029666365176327023,0.8130176373351906,0.0,0.0
49,Device,Conv2DBackpropFilter,gradient_tape/model/conv2d_10/Conv2D/Conv2DBackpropFilter,4,107.52,26.88,107.52,26.88,0.002938649380673903,0.8159562867158645,0.0,0.0
50,Device,Conv2DBackpropInput,gradient_tape/model/conv2d_17/Conv2D/Conv2DBackpropInput,4,107.52,26.88,107.52,26.88,0.002938649380673903,0.8188949360965384,0.0,0.0
51,Device,Conv2DBackpropFilter,gradient_tape/model/conv2d_9/Conv2D/Conv2DBackpropFilter,2,106.496,53.248,106.496,53.248,0.002910662243715104,0.8218055983402535,0.0,0.0
52,Device,Conv2D,model/conv2d_8/Conv2D,2,103.425,51.7125,103.425,51.7125,0.002826728164027143,0.8246323265042806,0.0,0.0
53,Device,Conv2D,model/conv2d_6/Conv2D,2,103.424,51.712,103.424,51.712,0.0028267008328387074,0.8274590273371194,0.0,0.0
54,Device,ReluGrad,gradient_tape/model/activation/ReluGrad,2,102.4,51.2,102.4,51.2,0.0027987136958799084,0.8302577410329993,0.0,0.0
55,Device,Conv2D,model/conv2d_9/Conv2D,2,101.377,50.6885,101.377,50.6885,0.002770753890109545,0.8330284949231088,0.0,0.0
56,Device,Conv2DBackpropInput,gradient_tape/model/conv2d_6/Conv2D/Conv2DBackpropInput,2,101.376,50.688,101.376,50.688,0.002770726558921109,0.8357992214820299,0.0,0.0
57,Device,Conv2DBackpropInput,gradient_tape/model/conv2d_8/Conv2D/Conv2DBackpropInput,2,99.328,49.664,99.328,49.664,0.0027147522850035108,0.8385139737670334,0.0,0.0
58,Device,Conv2DBackpropInput,gradient_tape/model/conv2d_9/Conv2D/Conv2DBackpropInput,2,98.304,49.152,98.304,49.152,0.0026867651480447117,0.8412007389150781,0.0,0.0
59,Device,MaxPoolGrad,gradient_tape/model/max_pooling2d/MaxPool/MaxPoolGrad,2,83.968,41.984,83.968,41.984,0.0022949452306215245,0.8434956841456996,0.0,0.0
60,Device,Square,conv2d_16/kernel/Regularizer/Square,2,82.945,41.4725,82.945,41.4725,0.0022669854248511616,0.8457626695705508,0.0,0.0
61,Device,Square,conv2d_19/kernel/Regularizer/Square,2,82.944,41.472,82.944,41.472,0.0022669580936627255,0.8480296276642135,0.0,0.0
62,Device,Mul,gradient_tape/conv2d_16/kernel/Regularizer/Mul,2,82.944,41.472,82.944,41.472,0.0022669580936627255,0.8502965857578763,0.0,0.0
63,Device,Square,conv2d_18/kernel/Regularizer/Square,2,79.872,39.936,79.872,39.936,0.0021829966827863283,0.8524795824406626,0.0,0.0
64,Device,Conv2D,model/conv2d_1/Conv2D,2,76.8,38.4,76.8,38.4,0.0020990352719099307,0.8545786177125725,0.0,0.0
65,Device,Conv2D,model/conv2d_4/Conv2D,2,75.777,37.8885,75.777,37.8885,0.0020710754661395683,0.8566496931787121,0.0,0.0
66,Device,Conv2DBackpropInput,gradient_tape/model/conv2d_4/Conv2D/Conv2DBackpropInput,2,75.776,37.888,75.776,37.888,0.0020710481349511317,0.8587207413136633,0.0,0.0
67,Device,Conv2D,model/conv2d_2/Conv2D,2,75.776,37.888,75.776,37.888,0.0020710481349511317,0.8607917894486145,0.0,0.0
68,Device,Conv2D,model/conv2d_3/Conv2D,2,75.776,37.888,75.776,37.888,0.0020710481349511317,0.8628628375835656,0.0,0.0
69,Device,Conv2DBackpropInput,gradient_tape/model/conv2d_1/Conv2D/Conv2DBackpropInput,2,74.752,37.376,74.752,37.376,0.0020430609979923326,0.864905898581558,0.0,0.0
70,Device,Conv2DBackpropInput,gradient_tape/model/conv2d_2/Conv2D/Conv2DBackpropInput,2,74.752,37.376,74.752,37.376,0.0020430609979923326,0.8669489595795503,0.0,0.0
71,Device,Conv2DBackpropInput,gradient_tape/model/conv2d_3/Conv2D/Conv2DBackpropInput,2,74.752,37.376,74.752,37.376,0.0020430609979923326,0.8689920205775427,0.0,0.0
72,Device,Relu,model/activation/Relu,2,73.728,36.864,73.728,36.864,0.0020150738610335336,0.8710070944385762,0.0,0.0
73,Device,Tile,gradient_tape/conv2d_16/kernel/Regularizer/Tile,2,72.704,36.352,72.704,36.352,0.0019870867240747345,0.8729941811626509,0.0,0.0
74,Device,BiasAdd,model/conv2d/BiasAdd,2,70.656,35.328,70.656,35.328,0.0019311124501571366,0.874925293612808,0.0,0.0
75,Device,Conv2DBackpropInput,gradient_tape/model/conv2d_12/Conv2D/Conv2DBackpropInput,4,68.608,17.152,68.608,17.152,0.0018751381762395385,0.8768004317890475,0.0,0.0
76,Device,Mul,gradient_tape/conv2d_15/kernel/Regularizer/Mul_1,2,63.488,31.744,63.488,31.744,0.001735202491445543,0.8785356342804931,0.0,0.0
77,Device,ResourceApplyGradientDescent,SGD/SGD/update_56/ResourceApplyGradientDescent,2,61.44,30.72,61.44,30.72,0.0016792282175279447,0.8802148624980211,0.0,0.0
78,Device,AddN,SGD/gradients/AddN_23,2,61.44,30.72,61.44,30.72,0.0016792282175279447,0.881894090715549,0.0,0.0
79,Device,Sum,conv2d_16/kernel/Regularizer/Sum,2,55.296,27.648,55.296,27.648,0.0015113053957751504,0.8834053961113242,0.0,0.0
80,Device,Sum,conv2d_18/kernel/Regularizer/Sum,2,55.296,27.648,55.296,27.648,0.0015113053957751504,0.8849167015070993,0.0,0.0
81,Device,MaxPool,model/max_pooling2d/MaxPool,2,53.249,26.6245,53.249,26.6245,0.0014553584530459884,0.8863720599601453,0.0,0.0
82,Device,Sum,conv2d_19/kernel/Regularizer/Sum,2,51.2,25.6,51.2,25.6,0.0013993568479399542,0.8877714168080852,0.0,0.0
83,Device,Conv2DBackpropInput,gradient_tape/model/conv2d_7/Conv2D/Conv2DBackpropInput,2,51.2,25.6,51.2,25.6,0.0013993568479399542,0.8891707736560251,0.0,0.0
84,Device,Conv2DBackpropFilter,gradient_tape/model/conv2d_12/Conv2D/Conv2DBackpropFilter,2,47.104,23.552,47.104,23.552,0.0012874083001047578,0.8904581819561299,0.0,0.0
85,Device,Mul,gradient_tape/conv2d_15/kernel/Regularizer/Mul,2,46.08,23.04,46.08,23.04,0.0012594211631459585,0.8917176031192758,0.0,0.0
86,Device,Square,conv2d_15/kernel/Regularizer/Square,2,45.056,22.528,45.056,22.528,0.0012314340261871594,0.892949037145463,0.0,0.0
87,Device,Conv2D,model/conv2d_17/Conv2D,2,44.033,22.0165,44.033,22.0165,0.0012034742204167967,0.8941525113658798,0.0,0.0
88,Device,Conv2D,model/conv2d_7/Conv2D,2,43.009,21.5045,43.009,21.5045,0.0011754870834579977,0.8953279984493379,0.0,0.0
89,Device,BiasAddGrad,gradient_tape/model/conv2d/BiasAdd/BiasAddGrad,2,40.961,20.4805,40.961,20.4805,0.0011195128095403996,0.8964475112588782,0.0,0.0
90,Device,Tile,gradient_tape/conv2d_15/kernel/Regularizer/Tile,2,40.96,20.48,40.96,20.48,0.0011194854783519632,0.8975669967372302,0.0,0.0
91,Device,Conv2DBackpropFilter,gradient_tape/model/conv2d_7/Conv2D/Conv2DBackpropFilter,2,40.96,20.48,40.96,20.48,0.0011194854783519632,0.8986864822155821,0.0,0.0
92,Device,Conv2DBackpropFilter,gradient_tape/model/conv2d_17/Conv2D/Conv2DBackpropFilter,2,38.912,19.456,38.912,19.456,0.0010635112044343651,0.8997499934200165,0.0,0.0
93,Device,Sum,conv2d_15/kernel/Regularizer/Sum,2,35.84,17.92,35.84,17.92,0.000979549793557968,0.9007295432135745,0.0,0.0
94,Device,AddN,SGD/gradients/AddN_21,2,34.816,17.408,34.816,17.408,0.0009515626565991688,0.9016811058701736,0.0,0.0
95,Device,AddN,SGD/gradients/AddN_20,2,33.792,16.896,33.792,16.896,0.0009235755196403697,0.902604681389814,0.0,0.0
96,Device,Mul,gradient_tape/conv2d_11/kernel/Regularizer/Mul_1,2,33.792,16.896,33.792,16.896,0.0009235755196403697,0.9035282569094544,0.0,0.0
97,Device,AddN,SGD/gradients/AddN_22,2,32.768,16.384,32.768,16.384,0.0008955883826815706,0.9044238452921359,0.0,0.0
98,Device,MatMul,model/dense/MatMul,2,32.768,16.384,32.768,16.384,0.0008955883826815706,0.9053194336748175,0.0,0.0
99,Device,Mul,gradient_tape/conv2d_13/kernel/Regularizer/Mul_1,2,30.72,15.36,30.72,15.36,0.0008396141087639724,0.9061590477835815,0.0,0.0
100,Device,Conv2D,model/conv2d_12/Conv2D,2,30.72,15.36,30.72,15.36,0.0008396141087639724,0.9069986618923455,0.0,0.0
101,Device,Mul,gradient_tape/conv2d_14/kernel/Regularizer/Mul_1,2,29.696,14.848,29.696,14.848,0.0008116269718051734,0.9078102888641506,0.0,0.0
102,Device,FusedBatchNormGradV3,gradient_tape/model/batch_normalization_4/FusedBatchNormGradV3,2,28.672,14.336,28.672,14.336,0.0007836398348463743,0.908593928698997,0.0,0.0
103,Device,FusedBatchNormGradV3,gradient_tape/model/batch_normalization_1/FusedBatchNormGradV3,2,27.648,13.824,27.648,13.824,0.0007556526978875752,0.9093495813968846,0.0,0.0
104,Device,FusedBatchNormGradV3,gradient_tape/model/batch_normalization_2/FusedBatchNormGradV3,2,26.624,13.312,26.624,13.312,0.000727665560928776,0.9100772469578133,0.0,0.0
105,Device,FusedBatchNormGradV3,gradient_tape/model/batch_normalization_3/FusedBatchNormGradV3,2,26.624,13.312,26.624,13.312,0.000727665560928776,0.9108049125187421,0.0,0.0
106,Device,Sum,conv2d_14/kernel/Regularizer/Sum,2,24.576,12.288,24.576,12.288,0.0006716912870111779,0.9114766038057532,0.0,0.0
107,Device,BiasAddGrad,gradient_tape/model/conv2d_18/BiasAdd/BiasAddGrad,2,24.576,12.288,24.576,12.288,0.0006716912870111779,0.9121482950927644,0.0,0.0
108,Device,FusedBatchNormV3,model/batch_normalization_13/FusedBatchNormV3,4,24.576,6.144,24.576,6.144,0.0006716912870111779,0.9128199863797756,0.0,0.0
109,Device,FusedBatchNormV3,model/batch_normalization_15/FusedBatchNormV3,4,24.576,6.144,24.576,6.144,0.0006716912870111779,0.9134916776667867,0.0,0.0
110,Device,ResourceApplyGradientDescent,SGD/SGD/update_48/ResourceApplyGradientDescent,2,23.552,11.776,23.552,11.776,0.0006437041500523789,0.9141353818168391,0.0,0.0
111,Device,AddN,SGD/gradients/AddN_7,2,23.552,11.776,23.552,11.776,0.0006437041500523789,0.9147790859668914,0.0,0.0
112,Device,Square,conv2d_14/kernel/Regularizer/Square,2,23.552,11.776,23.552,11.776,0.0006437041500523789,0.9154227901169437,0.0,0.0
113,Device,Transpose,gradient_tape/model/conv2d/Conv2D/Conv2DBackpropFilter-0-TransposeNHWCToNCHW-LayoutOptimizer,2,23.552,11.776,23.552,11.776,0.0006437041500523789,0.916066494266996,0.0,0.0
114,Device,BiasAddGrad,gradient_tape/model/conv2d_15/BiasAdd/BiasAddGrad,2,23.552,11.776,23.552,11.776,0.0006437041500523789,0.9167101984170484,0.0,0.0
115,Device,BiasAddGrad,gradient_tape/model/conv2d_19/BiasAdd/BiasAddGrad,2,23.552,11.776,23.552,11.776,0.0006437041500523789,0.9173539025671007,0.0,0.0
116,Device,FusedBatchNormV3,model/batch_normalization_2/FusedBatchNormV3,4,23.552,5.888,23.552,5.888,0.0006437041500523789,0.917997606717153,0.0,0.0
117,Device,FusedBatchNormV3,model/batch_normalization_4/FusedBatchNormV3,4,23.552,5.888,23.552,5.888,0.0006437041500523789,0.9186413108672054,0.0,0.0
118,Device,ResourceApplyGradientDescent,SGD/SGD/update_44/ResourceApplyGradientDescent,2,22.528,11.264,22.528,11.264,0.0006157170130935797,0.919257027880299,0.0,0.0
119,Device,Square,conv2d_11/kernel/Regularizer/Square,2,22.528,11.264,22.528,11.264,0.0006157170130935797,0.9198727448933925,0.0,0.0
120,Device,Sum,conv2d_11/kernel/Regularizer/Sum,2,22.528,11.264,22.528,11.264,0.0006157170130935797,0.9204884619064861,0.0,0.0
121,Device,Square,conv2d_13/kernel/Regularizer/Square,2,22.528,11.264,22.528,11.264,0.0006157170130935797,0.9211041789195797,0.0,0.0
122,Device,FusedBatchNormV3,model/batch_normalization_16/FusedBatchNormV3,4,22.528,5.632,22.528,5.632,0.0006157170130935797,0.9217198959326733,0.0,0.0
123,Device,ResourceApplyGradientDescent,SGD/SGD/update_52/ResourceApplyGradientDescent,2,21.504,10.752,21.504,10.752,0.0005877298761347807,0.9223076258088081,0.0,0.0
124,Device,Mul,gradient_tape/conv2d_11/kernel/Regularizer/Mul,2,21.504,10.752,21.504,10.752,0.0005877298761347807,0.9228953556849429,0.0,0.0
125,Device,BiasAddGrad,gradient_tape/model/conv2d_17/BiasAdd/BiasAddGrad,2,21.504,10.752,21.504,10.752,0.0005877298761347807,0.9234830855610776,0.0,0.0
126,Device,FusedBatchNormV3,model/batch_normalization_14/FusedBatchNormV3,4,21.504,5.376,21.504,5.376,0.0005877298761347807,0.9240708154372124,0.0,0.0
127,Device,FusedBatchNormGradV3,gradient_tape/model/batch_normalization_15/FusedBatchNormGradV3,2,20.481,10.2405,20.481,10.2405,0.000559770070364418,0.9246305855075768,0.0,0.0
128,Device,ArgMax,ArgMax,2,20.48,10.24,20.48,10.24,0.0005597427391759816,0.9251903282467528,0.0,0.0
129,Device,ArgMax,ArgMax_1,2,20.48,10.24,20.48,10.24,0.0005597427391759816,0.9257500709859289,0.0,0.0
130,Device,AddN,SGD/gradients/AddN_6,2,20.48,10.24,20.48,10.24,0.0005597427391759816,0.9263098137251049,0.0,0.0
131,Device,Tile,gradient_tape/conv2d_11/kernel/Regularizer/Tile,2,20.48,10.24,20.48,10.24,0.0005597427391759816,0.9268695564642809,0.0,0.0
132,Device,FusedBatchNormGradV3,gradient_tape/model/batch_normalization_13/FusedBatchNormGradV3,2,20.48,10.24,20.48,10.24,0.0005597427391759816,0.927429299203457,0.0,0.0
133,Device,FusedBatchNormGradV3,gradient_tape/model/batch_normalization_14/FusedBatchNormGradV3,2,20.48,10.24,20.48,10.24,0.0005597427391759816,0.927989041942633,0.0,0.0
134,Device,FusedBatchNormV3,model/batch_normalization_1/FusedBatchNormV3,4,20.48,5.12,20.48,5.12,0.0005597427391759816,0.928548784681809,0.0,0.0
135,Device,FusedBatchNormV3,model/batch_normalization_3/FusedBatchNormV3,4,20.48,5.12,20.48,5.12,0.0005597427391759816,0.929108527420985,0.0,0.0
136,Device,AddN,ArithmeticOptimizer/AddOpsRewrite_AddN_1,4,19.456,4.864,19.456,4.864,0.0005317556022171826,0.9296402830232022,0.0,0.0
137,Device,Sum,conv2d_10/kernel/Regularizer/Sum,2,19.456,9.728,19.456,9.728,0.0005317556022171826,0.9301720386254194,0.0,0.0
138,Device,Sum,conv2d_13/kernel/Regularizer/Sum,2,19.456,9.728,19.456,9.728,0.0005317556022171826,0.9307037942276366,0.0,0.0
139,Device,ReluGrad,gradient_tape/model/activation_4/ReluGrad,2,19.456,9.728,19.456,9.728,0.0005317556022171826,0.9312355498298538,0.0,0.0
140,Device,FusedBatchNormV3,model/batch_normalization_11/FusedBatchNormV3,4,19.456,4.864,19.456,4.864,0.0005317556022171826,0.931767305432071,0.0,0.0
141,Device,FusedBatchNormV3,model/batch_normalization_9/FusedBatchNormV3,4,19.456,4.864,19.456,4.864,0.0005317556022171826,0.9322990610342882,0.0,0.0
142,Device,Softmax,model/dense/Softmax,2,19.456,9.728,19.456,9.728,0.0005317556022171826,0.9328308166365054,0.0,0.0
143,Device,AddN,SGD/gradients/AddN_18,2,18.432,9.216,18.432,9.216,0.0005037684652583834,0.9333345851017637,0.0,0.0
144,Device,Mul,gradient_tape/conv2d_10/kernel/Regularizer/Mul_1,2,18.432,9.216,18.432,9.216,0.0005037684652583834,0.933838353567022,0.0,0.0
145,Device,FusedBatchNormGradV3,gradient_tape/model/batch_normalization_11/FusedBatchNormGradV3,2,18.432,9.216,18.432,9.216,0.0005037684652583834,0.9343421220322804,0.0,0.0
146,Device,FusedBatchNormGradV3,gradient_tape/model/batch_normalization_12/FusedBatchNormGradV3,2,18.432,9.216,18.432,9.216,0.0005037684652583834,0.9348458904975387,0.0,0.0
147,Device,BiasAddGrad,gradient_tape/model/conv2d_13/BiasAdd/BiasAddGrad,2,18.432,9.216,18.432,9.216,0.0005037684652583834,0.9353496589627971,0.0,0.0
148,Device,BiasAddGrad,gradient_tape/model/conv2d_14/BiasAdd/BiasAddGrad,2,18.432,9.216,18.432,9.216,0.0005037684652583834,0.9358534274280554,0.0,0.0
149,Device,AddV2,model/add/add,2,18.432,9.216,18.432,9.216,0.0005037684652583834,0.9363571958933138,0.0,0.0
150,Device,FusedBatchNormV3,model/batch_normalization_10/FusedBatchNormV3,4,18.432,4.608,18.432,4.608,0.0005037684652583834,0.9368609643585721,0.0,0.0
151,Device,FusedBatchNormV3,model/batch_normalization_12/FusedBatchNormV3,4,18.432,4.608,18.432,4.608,0.0005037684652583834,0.9373647328238305,0.0,0.0
152,Device,Sum,conv2d_17/kernel/Regularizer/Sum,2,17.408,8.704,17.408,8.704,0.0004757813282995844,0.9378405141521301,0.0,0.0
153,Device,Sum,conv2d_6/kernel/Regularizer/Sum,2,17.408,8.704,17.408,8.704,0.0004757813282995844,0.9383162954804297,0.0,0.0
154,Device,FusedBatchNormGradV3,gradient_tape/model/batch_normalization_10/FusedBatchNormGradV3,2,17.408,8.704,17.408,8.704,0.0004757813282995844,0.9387920768087293,0.0,0.0
155,Device,FusedBatchNormGradV3,gradient_tape/model/batch_normalization_16/FusedBatchNormGradV3,2,17.408,8.704,17.408,8.704,0.0004757813282995844,0.939267858137029,0.0,0.0
156,Device,FusedBatchNormGradV3,gradient_tape/model/batch_normalization_9/FusedBatchNormGradV3,2,17.408,8.704,17.408,8.704,0.0004757813282995844,0.9397436394653286,0.0,0.0
157,Device,FusedBatchNormV3,model/batch_normalization_6/FusedBatchNormV3,4,17.408,4.352,17.408,4.352,0.0004757813282995844,0.9402194207936282,0.0,0.0
158,Device,Square,conv2d_10/kernel/Regularizer/Square,2,16.384,8.192,16.384,8.192,0.0004477941913407853,0.940667214984969,0.0,0.0
159,Device,Sum,conv2d_9/kernel/Regularizer/Sum,2,16.384,8.192,16.384,8.192,0.0004477941913407853,0.9411150091763097,0.0,0.0
160,Device,ReluGrad,gradient_tape/model/activation_2/ReluGrad,2,16.384,8.192,16.384,8.192,0.0004477941913407853,0.9415628033676505,0.0,0.0
161,Device,FusedBatchNormGradV3,gradient_tape/model/batch_normalization_5/FusedBatchNormGradV3,2,16.384,8.192,16.384,8.192,0.0004477941913407853,0.9420105975589913,0.0,0.0
162,Device,FusedBatchNormGradV3,gradient_tape/model/batch_normalization_6/FusedBatchNormGradV3,2,16.384,8.192,16.384,8.192,0.0004477941913407853,0.9424583917503321,0.0,0.0
163,Device,FusedBatchNormGradV3,gradient_tape/model/batch_normalization_7/FusedBatchNormGradV3,2,16.384,8.192,16.384,8.192,0.0004477941913407853,0.9429061859416729,0.0,0.0
164,Device,BiasAddGrad,gradient_tape/model/conv2d_10/BiasAdd/BiasAddGrad,2,16.384,8.192,16.384,8.192,0.0004477941913407853,0.9433539801330136,0.0,0.0
165,Device,BiasAddGrad,gradient_tape/model/conv2d_12/BiasAdd/BiasAddGrad,2,16.384,8.192,16.384,8.192,0.0004477941913407853,0.9438017743243544,0.0,0.0
166,Device,BiasAddGrad,gradient_tape/model/conv2d_4/BiasAdd/BiasAddGrad,2,16.384,8.192,16.384,8.192,0.0004477941913407853,0.9442495685156952,0.0,0.0
167,Device,BiasAddGrad,gradient_tape/model/conv2d_8/BiasAdd/BiasAddGrad,2,16.384,8.192,16.384,8.192,0.0004477941913407853,0.944697362707036,0.0,0.0
168,Device,BiasAddGrad,gradient_tape/model/conv2d_9/BiasAdd/BiasAddGrad,2,16.384,8.192,16.384,8.192,0.0004477941913407853,0.9451451568983767,0.0,0.0
169,Device,FusedBatchNormV3,model/batch_normalization_5/FusedBatchNormV3,4,16.384,4.096,16.384,4.096,0.0004477941913407853,0.9455929510897175,0.0,0.0
170,Device,FusedBatchNormV3,model/batch_normalization_7/FusedBatchNormV3,4,16.384,4.096,16.384,4.096,0.0004477941913407853,0.9460407452810583,0.0,0.0
171,Device,FusedBatchNormV3,model/batch_normalization_8/FusedBatchNormV3,4,16.384,4.096,16.384,4.096,0.0004477941913407853,0.9464885394723991,0.0,0.0
172,Device,AddN,SGD/gradients/AddN_5,2,15.36,7.68,15.36,7.68,0.0004198070543819862,0.946908346526781,0.0,0.0
173,Device,Sum,conv2d_8/kernel/Regularizer/Sum,2,15.36,7.68,15.36,7.68,0.0004198070543819862,0.947328153581163,0.0,0.0
174,Device,Mul,gradient_tape/conv2d_10/kernel/Regularizer/Mul,2,15.36,7.68,15.36,7.68,0.0004198070543819862,0.9477479606355449,0.0,0.0
175,Device,FusedBatchNormGradV3,gradient_tape/model/batch_normalization_8/FusedBatchNormGradV3,2,15.36,7.68,15.36,7.68,0.0004198070543819862,0.9481677676899268,0.0,0.0
176,Device,BiasAddGrad,gradient_tape/model/conv2d_1/BiasAdd/BiasAddGrad,2,15.36,7.68,15.36,7.68,0.0004198070543819862,0.9485875747443088,0.0,0.0
177,Device,BiasAddGrad,gradient_tape/model/conv2d_3/BiasAdd/BiasAddGrad,2,15.36,7.68,15.36,7.68,0.0004198070543819862,0.9490073817986907,0.0,0.0
178,Device,AddV2,model/add_1/add,2,15.36,7.68,15.36,7.68,0.0004198070543819862,0.9494271888530726,0.0,0.0
179,Device,AddN,SGD/gradients/AddN_4,2,14.336,7.168,14.336,7.168,0.0003918199174231871,0.9498190087704959,0.0,0.0
180,Device,Sum,conv2d_1/kernel/Regularizer/Sum,2,14.336,7.168,14.336,7.168,0.0003918199174231871,0.9502108286879191,0.0,0.0
181,Device,Sum,conv2d_2/kernel/Regularizer/Sum,2,14.336,7.168,14.336,7.168,0.0003918199174231871,0.9506026486053423,0.0,0.0
182,Device,ReluGrad,gradient_tape/model/activation_1/ReluGrad,2,14.336,7.168,14.336,7.168,0.0003918199174231871,0.9509944685227655,0.0,0.0
183,Device,ReluGrad,gradient_tape/model/activation_3/ReluGrad,2,14.336,7.168,14.336,7.168,0.0003918199174231871,0.9513862884401887,0.0,0.0
184,Device,ReluGrad,gradient_tape/model/activation_5/ReluGrad,2,14.336,7.168,14.336,7.168,0.0003918199174231871,0.9517781083576119,0.0,0.0
185,Device,BiasAddGrad,gradient_tape/model/conv2d_2/BiasAdd/BiasAddGrad,2,14.336,7.168,14.336,7.168,0.0003918199174231871,0.9521699282750351,0.0,0.0
186,Device,MatMul,gradient_tape/model/dense/MatMul/MatMul,2,14.336,7.168,14.336,7.168,0.0003918199174231871,0.9525617481924583,0.0,0.0
187,Device,Relu,model/activation_3/Relu,2,14.336,7.168,14.336,7.168,0.0003918199174231871,0.9529535681098815,0.0,0.0
188,Device,Relu,model/activation_4/Relu,2,14.336,7.168,14.336,7.168,0.0003918199174231871,0.9533453880273047,0.0,0.0
189,Device,ResourceApplyGradientDescent,SGD/SGD/update_38/ResourceApplyGradientDescent,2,13.312,6.656,13.312,6.656,0.000363832780464388,0.9537092208077691,0.0,0.0
190,Device,Sum,conv2d_12/kernel/Regularizer/Sum,2,13.312,6.656,13.312,6.656,0.000363832780464388,0.9540730535882335,0.0,0.0
191,Device,Sum,conv2d_3/kernel/Regularizer/Sum,2,13.312,6.656,13.312,6.656,0.000363832780464388,0.9544368863686978,0.0,0.0
192,Device,Sum,conv2d_4/kernel/Regularizer/Sum,2,13.312,6.656,13.312,6.656,0.000363832780464388,0.9548007191491622,0.0,0.0
193,Device,Tile,gradient_tape/conv2d_10/kernel/Regularizer/Tile,2,13.312,6.656,13.312,6.656,0.000363832780464388,0.9551645519296266,0.0,0.0
194,Device,Tile,gradient_tape/conv2d_6/kernel/Regularizer/Tile,2,13.312,6.656,13.312,6.656,0.000363832780464388,0.9555283847100909,0.0,0.0
195,Device,BiasAddGrad,gradient_tape/model/conv2d_5/BiasAdd/BiasAddGrad,2,13.312,6.656,13.312,6.656,0.000363832780464388,0.9558922174905553,0.0,0.0
196,Device,BiasAdd,model/conv2d_2/BiasAdd,2,13.312,6.656,13.312,6.656,0.000363832780464388,0.9562560502710197,0.0,0.0
197,Device,ResourceApplyGradientDescent,SGD/SGD/update_60/ResourceApplyGradientDescent,2,12.288,6.144,12.288,6.144,0.00033584564350558896,0.9565918959145253,0.0,0.0
198,Device,AddN,SGD/gradients/AddN_15,2,12.288,6.144,12.288,6.144,0.00033584564350558896,0.956927741558031,0.0,0.0
199,Device,AddN,SGD/gradients/AddN_17,2,12.288,6.144,12.288,6.144,0.00033584564350558896,0.9572635872015366,0.0,0.0
200,Device,AddN,SGD/gradients/AddN_3,2,12.288,6.144,12.288,6.144,0.00033584564350558896,0.9575994328450422,0.0,0.0
201,Device,Sum,conv2d/kernel/Regularizer/Sum,2,12.288,6.144,12.288,6.144,0.00033584564350558896,0.9579352784885479,0.0,0.0
202,Device,Sum,conv2d_5/kernel/Regularizer/Sum,2,12.288,6.144,12.288,6.144,0.00033584564350558896,0.9582711241320535,0.0,0.0
203,Device,Tile,gradient_tape/conv2d_1/kernel/Regularizer/Tile,2,12.288,6.144,12.288,6.144,0.00033584564350558896,0.9586069697755591,0.0,0.0
204,Device,Tile,gradient_tape/conv2d_12/kernel/Regularizer/Tile,2,12.288,6.144,12.288,6.144,0.00033584564350558896,0.9589428154190648,0.0,0.0
205,Device,Mul,gradient_tape/conv2d_17/kernel/Regularizer/Mul_1,2,12.288,6.144,12.288,6.144,0.00033584564350558896,0.9592786610625704,0.0,0.0
206,Device,Tile,gradient_tape/conv2d_17/kernel/Regularizer/Tile,2,12.288,6.144,12.288,6.144,0.00033584564350558896,0.9596145067060761,0.0,0.0
207,Device,Tile,gradient_tape/conv2d_5/kernel/Regularizer/Tile,2,12.288,6.144,12.288,6.144,0.00033584564350558896,0.9599503523495817,0.0,0.0
208,Device,ReluGrad,gradient_tape/model/activation_12/ReluGrad,2,12.288,6.144,12.288,6.144,0.00033584564350558896,0.9602861979930873,0.0,0.0
209,Device,ReluGrad,gradient_tape/model/activation_6/ReluGrad,2,12.288,6.144,12.288,6.144,0.00033584564350558896,0.960622043636593,0.0,0.0
210,Device,ReluGrad,gradient_tape/model/activation_7/ReluGrad,2,12.288,6.144,12.288,6.144,0.00033584564350558896,0.9609578892800986,0.0,0.0
211,Device,ReluGrad,gradient_tape/model/activation_8/ReluGrad,2,12.288,6.144,12.288,6.144,0.00033584564350558896,0.9612937349236043,0.0,0.0
212,Device,BiasAddGrad,gradient_tape/model/conv2d_7/BiasAdd/BiasAddGrad,2,12.288,6.144,12.288,6.144,0.00033584564350558896,0.9616295805671099,0.0,0.0
213,Device,AddN,SGD/gradients/AddN_16,2,11.264,5.632,11.264,5.632,0.00030785850654678986,0.9619374390736567,0.0,0.0
214,Device,AddN,SGD/gradients/AddN_24,2,11.264,5.632,11.264,5.632,0.00030785850654678986,0.9622452975802035,0.0,0.0
215,Device,Sum,conv2d_7/kernel/Regularizer/Sum,2,11.264,5.632,11.264,5.632,0.00030785850654678986,0.9625531560867503,0.0,0.0
216,Device,Square,conv2d_9/kernel/Regularizer/Square,2,11.264,5.632,11.264,5.632,0.00030785850654678986,0.9628610145932971,0.0,0.0
217,Device,Mul,gradient_tape/conv2d_6/kernel/Regularizer/Mul_1,2,11.264,5.632,11.264,5.632,0.00030785850654678986,0.9631688730998439,0.0,0.0
218,Device,ReluGrad,gradient_tape/model/activation_9/ReluGrad,2,11.264,5.632,11.264,5.632,0.00030785850654678986,0.9634767316063907,0.0,0.0
219,Device,MatMul,gradient_tape/model/dense/MatMul/MatMul_1,2,11.264,5.632,11.264,5.632,0.00030785850654678986,0.9637845901129375,0.0,0.0
220,Device,AddV2,model/add_2/add,2,11.264,5.632,11.264,5.632,0.00030785850654678986,0.9640924486194843,0.0,0.0
221,Device,BiasAdd,model/conv2d_1/BiasAdd,2,11.264,5.632,11.264,5.632,0.00030785850654678986,0.9644003071260311,0.0,0.0
222,Device,ResourceApplyGradientDescent,SGD/SGD/update_26/ResourceApplyGradientDescent,2,10.24,5.12,10.24,5.12,0.0002798713695879908,0.964680178495619,0.0,0.0
223,Device,ResourceApplyGradientDescent,SGD/SGD/update_30/ResourceApplyGradientDescent,2,10.24,5.12,10.24,5.12,0.0002798713695879908,0.964960049865207,0.0,0.0
224,Device,ResourceApplyGradientDescent,SGD/SGD/update_34/ResourceApplyGradientDescent,2,10.24,5.12,10.24,5.12,0.0002798713695879908,0.965239921234795,0.0,0.0
225,Device,Square,conv2d_17/kernel/Regularizer/Square,2,10.24,5.12,10.24,5.12,0.0002798713695879908,0.9655197926043829,0.0,0.0
226,Device,Square,conv2d_8/kernel/Regularizer/Square,2,10.24,5.12,10.24,5.12,0.0002798713695879908,0.9657996639739709,0.0,0.0
227,Device,Mul,gradient_tape/conv2d_17/kernel/Regularizer/Mul,2,10.24,5.12,10.24,5.12,0.0002798713695879908,0.9660795353435588,0.0,0.0
228,Device,Mul,gradient_tape/conv2d_5/kernel/Regularizer/Mul_1,2,10.24,5.12,10.24,5.12,0.0002798713695879908,0.9663594067131468,0.0,0.0
229,Device,Mul,gradient_tape/conv2d_8/kernel/Regularizer/Mul_1,2,10.24,5.12,10.24,5.12,0.0002798713695879908,0.9666392780827348,0.0,0.0
230,Device,ReluGrad,gradient_tape/model/activation_13/ReluGrad,2,10.24,5.12,10.24,5.12,0.0002798713695879908,0.9669191494523227,0.0,0.0
231,Device,ReluGrad,gradient_tape/model/activation_14/ReluGrad,2,10.24,5.12,10.24,5.12,0.0002798713695879908,0.9671990208219107,0.0,0.0
232,Device,ReluGrad,gradient_tape/model/activation_15/ReluGrad,2,10.24,5.12,10.24,5.12,0.0002798713695879908,0.9674788921914986,0.0,0.0
233,Device,AddV2,model/add_3/add,2,10.24,5.12,10.24,5.12,0.0002798713695879908,0.9677587635610866,0.0,0.0
234,Device,BiasAdd,model/conv2d_3/BiasAdd,2,10.24,5.12,10.24,5.12,0.0002798713695879908,0.9680386349306745,0.0,0.0
235,Device,BiasAdd,model/conv2d_4/BiasAdd,2,10.24,5.12,10.24,5.12,0.0002798713695879908,0.9683185063002625,0.0,0.0
236,Device,ReluGrad,gradient_tape/model/activation_11/ReluGrad,2,9.216,4.608,9.216,4.608,0.0002518842326291917,0.9685703905328917,0.0,0.0
237,Device,AvgPoolGrad,gradient_tape/model/average_pooling2d/AvgPoolGrad,2,9.216,4.608,9.216,4.608,0.0002518842326291917,0.968822274765521,0.0,0.0
238,Device,Relu,model/activation_1/Relu,2,9.216,4.608,9.216,4.608,0.0002518842326291917,0.9690741589981502,0.0,0.0
239,Device,AvgPool,model/average_pooling2d/AvgPool,2,9.216,4.608,9.216,4.608,0.0002518842326291917,0.9693260432307794,0.0,0.0
240,Device,BiasAdd,model/conv2d_6/BiasAdd,2,9.216,4.608,9.216,4.608,0.0002518842326291917,0.9695779274634087,0.0,0.0
241,Device,Mul,gradient_tape/conv2d_5/kernel/Regularizer/Mul,2,8.193,4.0965,8.193,4.0965,0.00022392442685882896,0.9698018518902675,0.0,0.0
242,Device,ResourceApplyGradientDescent,SGD/SGD/update_20/ResourceApplyGradientDescent,2,8.192,4.096,8.192,4.096,0.00022389709567039264,0.9700257489859379,0.0,0.0
243,Device,ResourceApplyGradientDescent,SGD/SGD/update_24/ResourceApplyGradientDescent,2,8.192,4.096,8.192,4.096,0.00022389709567039264,0.9702496460816082,0.0,0.0
244,Device,ResourceApplyGradientDescent,SGD/SGD/update_4/ResourceApplyGradientDescent,2,8.192,4.096,8.192,4.096,0.00022389709567039264,0.9704735431772786,0.0,0.0
245,Device,ResourceApplyGradientDescent,SGD/SGD/update_74/ResourceApplyGradientDescent,2,8.192,4.096,8.192,4.096,0.00022389709567039264,0.970697440272949,0.0,0.0
246,Device,ResourceApplyGradientDescent,SGD/SGD/update_8/ResourceApplyGradientDescent,2,8.192,4.096,8.192,4.096,0.00022389709567039264,0.9709213373686194,0.0,0.0
247,Device,AddN,SGD/gradients/AddN_1,2,8.192,4.096,8.192,4.096,0.00022389709567039264,0.9711452344642898,0.0,0.0
248,Device,AddN,SGD/gradients/AddN_11,2,8.192,4.096,8.192,4.096,0.00022389709567039264,0.9713691315599602,0.0,0.0
249,Device,AddN,SGD/gradients/AddN_12,2,8.192,4.096,8.192,4.096,0.00022389709567039264,0.9715930286556306,0.0,0.0
250,Device,AddN,SGD/gradients/AddN_13,2,8.192,4.096,8.192,4.096,0.00022389709567039264,0.971816925751301,0.0,0.0
251,Device,AddN,SGD/gradients/AddN_19,2,8.192,4.096,8.192,4.096,0.00022389709567039264,0.9720408228469714,0.0,0.0
252,Device,AddN,SGD/gradients/AddN_2,2,8.192,4.096,8.192,4.096,0.00022389709567039264,0.9722647199426417,0.0,0.0
253,Device,AddN,SGD/gradients/AddN_9,2,8.192,4.096,8.192,4.096,0.00022389709567039264,0.9724886170383121,0.0,0.0
254,Device,Square,conv2d_12/kernel/Regularizer/Square,2,8.192,4.096,8.192,4.096,0.00022389709567039264,0.9727125141339825,0.0,0.0
255,Device,Square,conv2d_3/kernel/Regularizer/Square,2,8.192,4.096,8.192,4.096,0.00022389709567039264,0.9729364112296529,0.0,0.0
256,Device,Square,conv2d_6/kernel/Regularizer/Square,2,8.192,4.096,8.192,4.096,0.00022389709567039264,0.9731603083253233,0.0,0.0
257,Device,Mul,gradient_tape/conv2d/kernel/Regularizer/Mul_1,2,8.192,4.096,8.192,4.096,0.00022389709567039264,0.9733842054209937,0.0,0.0
258,Device,Mul,gradient_tape/conv2d_1/kernel/Regularizer/Mul,2,8.192,4.096,8.192,4.096,0.00022389709567039264,0.9736081025166641,0.0,0.0
259,Device,Mul,gradient_tape/conv2d_12/kernel/Regularizer/Mul_1,2,8.192,4.096,8.192,4.096,0.00022389709567039264,0.9738319996123345,0.0,0.0
260,Device,Mul,gradient_tape/conv2d_6/kernel/Regularizer/Mul,2,8.192,4.096,8.192,4.096,0.00022389709567039264,0.9740558967080049,0.0,0.0
261,Device,Mul,gradient_tape/conv2d_7/kernel/Regularizer/Mul_1,2,8.192,4.096,8.192,4.096,0.00022389709567039264,0.9742797938036752,0.0,0.0
262,Device,ReluGrad,gradient_tape/model/activation_10/ReluGrad,2,8.192,4.096,8.192,4.096,0.00022389709567039264,0.9745036908993456,0.0,0.0
263,Device,Relu,model/activation_2/Relu,2,8.192,4.096,8.192,4.096,0.00022389709567039264,0.974727587995016,0.0,0.0
264,Device,Relu,model/activation_5/Relu,2,8.192,4.096,8.192,4.096,0.00022389709567039264,0.9749514850906864,0.0,0.0
265,Device,AddV2,model/add_4/add,2,8.192,4.096,8.192,4.096,0.00022389709567039264,0.9751753821863568,0.0,0.0
266,Device,AddV2,model/add_6/add,2,8.192,4.096,8.192,4.096,0.00022389709567039264,0.9753992792820272,0.0,0.0
267,Device,AddV2,model/add_7/add,2,8.192,4.096,8.192,4.096,0.00022389709567039264,0.9756231763776976,0.0,0.0
268,Device,BiasAdd,model/conv2d_12/BiasAdd,2,8.192,4.096,8.192,4.096,0.00022389709567039264,0.975847073473368,0.0,0.0
269,Device,BiasAdd,model/conv2d_15/BiasAdd,2,8.192,4.096,8.192,4.096,0.00022389709567039264,0.9760709705690384,0.0,0.0
270,Device,BiasAdd,model/conv2d_16/BiasAdd,2,8.192,4.096,8.192,4.096,0.00022389709567039264,0.9762948676647087,0.0,0.0
271,Device,BiasAdd,model/conv2d_18/BiasAdd,2,8.192,4.096,8.192,4.096,0.00022389709567039264,0.9765187647603791,0.0,0.0
272,Device,BiasAdd,model/conv2d_19/BiasAdd,2,8.192,4.096,8.192,4.096,0.00022389709567039264,0.9767426618560495,0.0,0.0
273,Device,BiasAdd,model/conv2d_5/BiasAdd,2,8.192,4.096,8.192,4.096,0.00022389709567039264,0.9769665589517199,0.0,0.0
274,Device,BiasAdd,model/conv2d_7/BiasAdd,2,8.192,4.096,8.192,4.096,0.00022389709567039264,0.9771904560473903,0.0,0.0
275,Device,BiasAdd,model/conv2d_8/BiasAdd,2,8.192,4.096,8.192,4.096,0.00022389709567039264,0.9774143531430607,0.0,0.0
276,Device,BiasAdd,model/conv2d_9/BiasAdd,2,8.192,4.096,8.192,4.096,0.00022389709567039264,0.9776382502387311,0.0,0.0
277,Device,ResourceApplyGradientDescent,SGD/SGD/update/ResourceApplyGradientDescent,2,7.168,3.584,7.168,3.584,0.00019590995871159356,0.9778341601974426,0.0,0.0
278,Device,ResourceApplyGradientDescent,SGD/SGD/update_10/ResourceApplyGradientDescent,2,7.168,3.584,7.168,3.584,0.00019590995871159356,0.9780300701561542,0.0,0.0
279,Device,ResourceApplyGradientDescent,SGD/SGD/update_11/ResourceApplyGradientDescent,2,7.168,3.584,7.168,3.584,0.00019590995871159356,0.9782259801148657,0.0,0.0
280,Device,ResourceApplyGradientDescent,SGD/SGD/update_32/ResourceApplyGradientDescent,2,7.168,3.584,7.168,3.584,0.00019590995871159356,0.9784218900735773,0.0,0.0
281,Device,ResourceApplyGradientDescent,SGD/SGD/update_42/ResourceApplyGradientDescent,2,7.168,3.584,7.168,3.584,0.00019590995871159356,0.9786178000322888,0.0,0.0
282,Device,ResourceApplyGradientDescent,SGD/SGD/update_49/ResourceApplyGradientDescent,2,7.168,3.584,7.168,3.584,0.00019590995871159356,0.9788137099910004,0.0,0.0
283,Device,ResourceApplyGradientDescent,SGD/SGD/update_61/ResourceApplyGradientDescent,2,7.168,3.584,7.168,3.584,0.00019590995871159356,0.9790096199497119,0.0,0.0
284,Device,ResourceApplyGradientDescent,SGD/SGD/update_73/ResourceApplyGradientDescent,2,7.168,3.584,7.168,3.584,0.00019590995871159356,0.9792055299084235,0.0,0.0
285,Device,AddN,SGD/gradients/AddN,2,7.168,3.584,7.168,3.584,0.00019590995871159356,0.979401439867135,0.0,0.0
286,Device,Square,conv2d_2/kernel/Regularizer/Square,2,7.168,3.584,7.168,3.584,0.00019590995871159356,0.9795973498258466,0.0,0.0
287,Device,Square,conv2d_5/kernel/Regularizer/Square,2,7.168,3.584,7.168,3.584,0.00019590995871159356,0.9797932597845581,0.0,0.0
288,Device,Mul,gradient_tape/conv2d_1/kernel/Regularizer/Mul_1,2,7.168,3.584,7.168,3.584,0.00019590995871159356,0.9799891697432697,0.0,0.0
289,Device,Mul,gradient_tape/conv2d_12/kernel/Regularizer/Mul,2,7.168,3.584,7.168,3.584,0.00019590995871159356,0.9801850797019812,0.0,0.0
290,Device,Mul,gradient_tape/conv2d_2/kernel/Regularizer/Mul_1,2,7.168,3.584,7.168,3.584,0.00019590995871159356,0.9803809896606928,0.0,0.0
291,Device,Relu,model/activation_6/Relu,2,7.168,3.584,7.168,3.584,0.00019590995871159356,0.9805768996194043,0.0,0.0
292,Device,Relu,model/activation_8/Relu,2,7.168,3.584,7.168,3.584,0.00019590995871159356,0.9807728095781159,0.0,0.0
293,Device,AddV2,model/add_5/add,2,7.168,3.584,7.168,3.584,0.00019590995871159356,0.9809687195368274,0.0,0.0
294,Device,BiasAdd,model/conv2d_10/BiasAdd,2,7.168,3.584,7.168,3.584,0.00019590995871159356,0.981164629495539,0.0,0.0
295,Device,BiasAdd,model/conv2d_11/BiasAdd,2,7.168,3.584,7.168,3.584,0.00019590995871159356,0.9813605394542505,0.0,0.0
296,Device,BiasAdd,model/conv2d_13/BiasAdd,2,7.168,3.584,7.168,3.584,0.00019590995871159356,0.981556449412962,0.0,0.0
297,Device,BiasAdd,model/conv2d_17/BiasAdd,2,7.168,3.584,7.168,3.584,0.00019590995871159356,0.9817523593716736,0.0,0.0
298,Device,ResourceApplyGradientDescent,SGD/SGD/update_37/ResourceApplyGradientDescent,2,6.145,3.0725,6.145,3.0725,0.0001679501529412308,0.9819203095246148,0.0,0.0
299,Device,AssignAddVariableOp,AssignAddVariableOp,2,6.144,3.072,6.144,3.072,0.00016792282175279448,0.9820882323463677,0.0,0.0
300,Device,AssignAddVariableOp,AssignAddVariableOp_2,2,6.144,3.072,6.144,3.072,0.00016792282175279448,0.9822561551681205,0.0,0.0
301,Device,AssignAddVariableOp,AssignAddVariableOp_4,2,6.144,3.072,6.144,3.072,0.00016792282175279448,0.9824240779898733,0.0,0.0
302,Device,Cast,Cast_1,2,6.144,3.072,6.144,3.072,0.00016792282175279448,0.9825920008116261,0.0,0.0
303,Device,Mul,Mul,2,6.144,3.072,6.144,3.072,0.00016792282175279448,0.9827599236333789,0.0,0.0
304,Device,ResourceApplyGradientDescent,SGD/SGD/update_12/ResourceApplyGradientDescent,2,6.144,3.072,6.144,3.072,0.00016792282175279448,0.9829278464551318,0.0,0.0
305,Device,ResourceApplyGradientDescent,SGD/SGD/update_13/ResourceApplyGradientDescent,2,6.144,3.072,6.144,3.072,0.00016792282175279448,0.9830957692768846,0.0,0.0
306,Device,ResourceApplyGradientDescent,SGD/SGD/update_14/ResourceApplyGradientDescent,2,6.144,3.072,6.144,3.072,0.00016792282175279448,0.9832636920986374,0.0,0.0
307,Device,ResourceApplyGradientDescent,SGD/SGD/update_15/ResourceApplyGradientDescent,2,6.144,3.072,6.144,3.072,0.00016792282175279448,0.9834316149203902,0.0,0.0
308,Device,ResourceApplyGradientDescent,SGD/SGD/update_16/ResourceApplyGradientDescent,2,6.144,3.072,6.144,3.072,0.00016792282175279448,0.983599537742143,0.0,0.0
309,Device,ResourceApplyGradientDescent,SGD/SGD/update_17/ResourceApplyGradientDescent,2,6.144,3.072,6.144,3.072,0.00016792282175279448,0.9837674605638959,0.0,0.0
310,Device,ResourceApplyGradientDescent,SGD/SGD/update_18/ResourceApplyGradientDescent,2,6.144,3.072,6.144,3.072,0.00016792282175279448,0.9839353833856487,0.0,0.0
311,Device,ResourceApplyGradientDescent,SGD/SGD/update_2/ResourceApplyGradientDescent,2,6.144,3.072,6.144,3.072,0.00016792282175279448,0.9841033062074015,0.0,0.0
312,Device,ResourceApplyGradientDescent,SGD/SGD/update_21/ResourceApplyGradientDescent,2,6.144,3.072,6.144,3.072,0.00016792282175279448,0.9842712290291543,0.0,0.0
313,Device,ResourceApplyGradientDescent,SGD/SGD/update_22/ResourceApplyGradientDescent,2,6.144,3.072,6.144,3.072,0.00016792282175279448,0.9844391518509071,0.0,0.0
314,Device,ResourceApplyGradientDescent,SGD/SGD/update_23/ResourceApplyGradientDescent,2,6.144,3.072,6.144,3.072,0.00016792282175279448,0.98460707467266,0.0,0.0
315,Device,ResourceApplyGradientDescent,SGD/SGD/update_25/ResourceApplyGradientDescent,2,6.144,3.072,6.144,3.072,0.00016792282175279448,0.9847749974944128,0.0,0.0
316,Device,ResourceApplyGradientDescent,SGD/SGD/update_27/ResourceApplyGradientDescent,2,6.144,3.072,6.144,3.072,0.00016792282175279448,0.9849429203161656,0.0,0.0
317,Device,ResourceApplyGradientDescent,SGD/SGD/update_29/ResourceApplyGradientDescent,2,6.144,3.072,6.144,3.072,0.00016792282175279448,0.9851108431379184,0.0,0.0
318,Device,ResourceApplyGradientDescent,SGD/SGD/update_3/ResourceApplyGradientDescent,2,6.144,3.072,6.144,3.072,0.00016792282175279448,0.9852787659596712,0.0,0.0
319,Device,ResourceApplyGradientDescent,SGD/SGD/update_31/ResourceApplyGradientDescent,2,6.144,3.072,6.144,3.072,0.00016792282175279448,0.985446688781424,0.0,0.0
320,Device,ResourceApplyGradientDescent,SGD/SGD/update_33/ResourceApplyGradientDescent,2,6.144,3.072,6.144,3.072,0.00016792282175279448,0.9856146116031769,0.0,0.0
321,Device,ResourceApplyGradientDescent,SGD/SGD/update_35/ResourceApplyGradientDescent,2,6.144,3.072,6.144,3.072,0.00016792282175279448,0.9857825344249297,0.0,0.0
322,Device,ResourceApplyGradientDescent,SGD/SGD/update_36/ResourceApplyGradientDescent,2,6.144,3.072,6.144,3.072,0.00016792282175279448,0.9859504572466825,0.0,0.0
323,Device,ResourceApplyGradientDescent,SGD/SGD/update_39/ResourceApplyGradientDescent,2,6.144,3.072,6.144,3.072,0.00016792282175279448,0.9861183800684353,0.0,0.0
324,Device,ResourceApplyGradientDescent,SGD/SGD/update_40/ResourceApplyGradientDescent,2,6.144,3.072,6.144,3.072,0.00016792282175279448,0.9862863028901881,0.0,0.0
325,Device,ResourceApplyGradientDescent,SGD/SGD/update_41/ResourceApplyGradientDescent,2,6.144,3.072,6.144,3.072,0.00016792282175279448,0.986454225711941,0.0,0.0
326,Device,ResourceApplyGradientDescent,SGD/SGD/update_43/ResourceApplyGradientDescent,2,6.144,3.072,6.144,3.072,0.00016792282175279448,0.9866221485336938,0.0,0.0
327,Device,ResourceApplyGradientDescent,SGD/SGD/update_47/ResourceApplyGradientDescent,2,6.144,3.072,6.144,3.072,0.00016792282175279448,0.9867900713554466,0.0,0.0
328,Device,ResourceApplyGradientDescent,SGD/SGD/update_50/ResourceApplyGradientDescent,2,6.144,3.072,6.144,3.072,0.00016792282175279448,0.9869579941771994,0.0,0.0
329,Device,ResourceApplyGradientDescent,SGD/SGD/update_51/ResourceApplyGradientDescent,2,6.144,3.072,6.144,3.072,0.00016792282175279448,0.9871259169989522,0.0,0.0
330,Device,ResourceApplyGradientDescent,SGD/SGD/update_53/ResourceApplyGradientDescent,2,6.144,3.072,6.144,3.072,0.00016792282175279448,0.9872938398207051,0.0,0.0
331,Device,ResourceApplyGradientDescent,SGD/SGD/update_54/ResourceApplyGradientDescent,2,6.144,3.072,6.144,3.072,0.00016792282175279448,0.9874617626424579,0.0,0.0
332,Device,ResourceApplyGradientDescent,SGD/SGD/update_57/ResourceApplyGradientDescent,2,6.144,3.072,6.144,3.072,0.00016792282175279448,0.9876296854642107,0.0,0.0
333,Device,ResourceApplyGradientDescent,SGD/SGD/update_58/ResourceApplyGradientDescent,2,6.144,3.072,6.144,3.072,0.00016792282175279448,0.9877976082859635,0.0,0.0
334,Device,ResourceApplyGradientDescent,SGD/SGD/update_59/ResourceApplyGradientDescent,2,6.144,3.072,6.144,3.072,0.00016792282175279448,0.9879655311077163,0.0,0.0
335,Device,ResourceApplyGradientDescent,SGD/SGD/update_6/ResourceApplyGradientDescent,2,6.144,3.072,6.144,3.072,0.00016792282175279448,0.9881334539294692,0.0,0.0
336,Device,ResourceApplyGradientDescent,SGD/SGD/update_63/ResourceApplyGradientDescent,2,6.144,3.072,6.144,3.072,0.00016792282175279448,0.988301376751222,0.0,0.0
337,Device,ResourceApplyGradientDescent,SGD/SGD/update_64/ResourceApplyGradientDescent,2,6.144,3.072,6.144,3.072,0.00016792282175279448,0.9884692995729748,0.0,0.0
338,Device,ResourceApplyGradientDescent,SGD/SGD/update_65/ResourceApplyGradientDescent,2,6.144,3.072,6.144,3.072,0.00016792282175279448,0.9886372223947276,0.0,0.0
339,Device,ResourceApplyGradientDescent,SGD/SGD/update_67/ResourceApplyGradientDescent,2,6.144,3.072,6.144,3.072,0.00016792282175279448,0.9888051452164804,0.0,0.0
340,Device,ResourceApplyGradientDescent,SGD/SGD/update_68/ResourceApplyGradientDescent,2,6.144,3.072,6.144,3.072,0.00016792282175279448,0.9889730680382333,0.0,0.0
341,Device,ResourceApplyGradientDescent,SGD/SGD/update_69/ResourceApplyGradientDescent,2,6.144,3.072,6.144,3.072,0.00016792282175279448,0.9891409908599861,0.0,0.0
342,Device,ResourceApplyGradientDescent,SGD/SGD/update_7/ResourceApplyGradientDescent,2,6.144,3.072,6.144,3.072,0.00016792282175279448,0.9893089136817389,0.0,0.0
343,Device,ResourceApplyGradientDescent,SGD/SGD/update_71/ResourceApplyGradientDescent,2,6.144,3.072,6.144,3.072,0.00016792282175279448,0.9894768365034917,0.0,0.0
344,Device,ResourceApplyGradientDescent,SGD/SGD/update_72/ResourceApplyGradientDescent,2,6.144,3.072,6.144,3.072,0.00016792282175279448,0.9896447593252445,0.0,0.0
345,Device,ResourceApplyGradientDescent,SGD/SGD/update_9/ResourceApplyGradientDescent,2,6.144,3.072,6.144,3.072,0.00016792282175279448,0.9898126821469974,0.0,0.0
346,Device,AddN,SGD/gradients/AddN_10,2,6.144,3.072,6.144,3.072,0.00016792282175279448,0.9899806049687502,0.0,0.0
347,Device,AddN,SGD/gradients/AddN_14,2,6.144,3.072,6.144,3.072,0.00016792282175279448,0.990148527790503,0.0,0.0
348,Device,AddN,SGD/gradients/AddN_8,2,6.144,3.072,6.144,3.072,0.00016792282175279448,0.9903164506122558,0.0,0.0
349,Device,Cast,categorical_crossentropy/weighted_loss/num_elements/Cast,2,6.144,3.072,6.144,3.072,0.00016792282175279448,0.9904843734340086,0.0,0.0
350,Device,Square,conv2d/kernel/Regularizer/Square,2,6.144,3.072,6.144,3.072,0.00016792282175279448,0.9906522962557615,0.0,0.0
351,Device,Square,conv2d_1/kernel/Regularizer/Square,2,6.144,3.072,6.144,3.072,0.00016792282175279448,0.9908202190775143,0.0,0.0
352,Device,Mul,conv2d_12/kernel/Regularizer/mul,2,6.144,3.072,6.144,3.072,0.00016792282175279448,0.9909881418992671,0.0,0.0
353,Device,Mul,conv2d_13/kernel/Regularizer/mul,2,6.144,3.072,6.144,3.072,0.00016792282175279448,0.9911560647210199,0.0,0.0
354,Device,Mul,conv2d_15/kernel/Regularizer/mul,2,6.144,3.072,6.144,3.072,0.00016792282175279448,0.9913239875427727,0.0,0.0
355,Device,Mul,conv2d_17/kernel/Regularizer/mul,2,6.144,3.072,6.144,3.072,0.00016792282175279448,0.9914919103645256,0.0,0.0
356,Device,Mul,conv2d_18/kernel/Regularizer/mul,2,6.144,3.072,6.144,3.072,0.00016792282175279448,0.9916598331862784,0.0,0.0
357,Device,Square,conv2d_4/kernel/Regularizer/Square,2,6.144,3.072,6.144,3.072,0.00016792282175279448,0.9918277560080312,0.0,0.0
358,Device,Mul,conv2d_4/kernel/Regularizer/mul,2,6.144,3.072,6.144,3.072,0.00016792282175279448,0.991995678829784,0.0,0.0
359,Device,Mul,conv2d_5/kernel/Regularizer/mul,2,6.144,3.072,6.144,3.072,0.00016792282175279448,0.9921636016515368,0.0,0.0
360,Device,Mul,conv2d_6/kernel/Regularizer/mul,2,6.144,3.072,6.144,3.072,0.00016792282175279448,0.9923315244732897,0.0,0.0
361,Device,Square,conv2d_7/kernel/Regularizer/Square,2,6.144,3.072,6.144,3.072,0.00016792282175279448,0.9924994472950425,0.0,0.0
362,Device,Mul,conv2d_7/kernel/Regularizer/mul,2,6.144,3.072,6.144,3.072,0.00016792282175279448,0.9926673701167953,0.0,0.0
363,Device,Tile,gradient_tape/categorical_crossentropy/weighted_loss/Tile_1,2,6.144,3.072,6.144,3.072,0.00016792282175279448,0.9928352929385481,0.0,0.0
364,Device,DivNoNan,gradient_tape/categorical_crossentropy/weighted_loss/value/div_no_nan,2,6.144,3.072,6.144,3.072,0.00016792282175279448,0.9930032157603009,0.0,0.0
365,Device,Mul,gradient_tape/conv2d_3/kernel/Regularizer/Mul_1,2,6.144,3.072,6.144,3.072,0.00016792282175279448,0.9931711385820537,0.0,0.0
366,Device,Mul,gradient_tape/conv2d_4/kernel/Regularizer/Mul_1,2,6.144,3.072,6.144,3.072,0.00016792282175279448,0.9933390614038066,0.0,0.0
367,Device,Mul,gradient_tape/conv2d_9/kernel/Regularizer/Mul_1,2,6.144,3.072,6.144,3.072,0.00016792282175279448,0.9935069842255594,0.0,0.0
368,Device,ReluGrad,gradient_tape/model/activation_16/ReluGrad,2,6.144,3.072,6.144,3.072,0.00016792282175279448,0.9936749070473122,0.0,0.0
369,Device,BiasAddGrad,gradient_tape/model/dense/BiasAdd/BiasAddGrad,2,6.144,3.072,6.144,3.072,0.00016792282175279448,0.993842829869065,0.0,0.0
370,Device,Relu,model/activation_10/Relu,2,6.144,3.072,6.144,3.072,0.00016792282175279448,0.9940107526908178,0.0,0.0
371,Device,Relu,model/activation_11/Relu,2,6.144,3.072,6.144,3.072,0.00016792282175279448,0.9941786755125707,0.0,0.0
372,Device,Relu,model/activation_12/Relu,2,6.144,3.072,6.144,3.072,0.00016792282175279448,0.9943465983343235,0.0,0.0
373,Device,Relu,model/activation_7/Relu,2,6.144,3.072,6.144,3.072,0.00016792282175279448,0.9945145211560763,0.0,0.0
374,Device,Relu,model/activation_9/Relu,2,6.144,3.072,6.144,3.072,0.00016792282175279448,0.9946824439778291,0.0,0.0
375,Device,BiasAdd,model/conv2d_14/BiasAdd,2,6.144,3.072,6.144,3.072,0.00016792282175279448,0.9948503667995819,0.0,0.0
376,Device,BiasAdd,model/dense/BiasAdd,2,6.144,3.072,6.144,3.072,0.00016792282175279448,0.9950182896213348,0.0,0.0
377,Device,Cast,Cast,2,5.12,2.56,5.12,2.56,0.0001399356847939954,0.9951582253061287,0.0,0.0
378,Device,Cast,Cast_2,2,5.12,2.56,5.12,2.56,0.0001399356847939954,0.9952981609909227,0.0,0.0
379,Device,Equal,Equal,2,5.12,2.56,5.12,2.56,0.0001399356847939954,0.9954380966757167,0.0,0.0
380,Device,AssignAddVariableOp,SGD/SGD/AssignAddVariableOp,2,5.12,2.56,5.12,2.56,0.0001399356847939954,0.9955780323605107,0.0,0.0
381,Device,ResourceApplyGradientDescent,SGD/SGD/update_1/ResourceApplyGradientDescent,2,5.12,2.56,5.12,2.56,0.0001399356847939954,0.9957179680453047,0.0,0.0
382,Device,ResourceApplyGradientDescent,SGD/SGD/update_19/ResourceApplyGradientDescent,2,5.12,2.56,5.12,2.56,0.0001399356847939954,0.9958579037300986,0.0,0.0
383,Device,ResourceApplyGradientDescent,SGD/SGD/update_46/ResourceApplyGradientDescent,2,5.12,2.56,5.12,2.56,0.0001399356847939954,0.9959978394148926,0.0,0.0
384,Device,ResourceApplyGradientDescent,SGD/SGD/update_5/ResourceApplyGradientDescent,2,5.12,2.56,5.12,2.56,0.0001399356847939954,0.9961377750996866,0.0,0.0
385,Device,ResourceApplyGradientDescent,SGD/SGD/update_55/ResourceApplyGradientDescent,2,5.12,2.56,5.12,2.56,0.0001399356847939954,0.9962777107844806,0.0,0.0
386,Device,ResourceApplyGradientDescent,SGD/SGD/update_75/ResourceApplyGradientDescent,2,5.12,2.56,5.12,2.56,0.0001399356847939954,0.9964176464692746,0.0,0.0
387,Device,Sum,Sum_2,2,5.12,2.56,5.12,2.56,0.0001399356847939954,0.9965575821540685,0.0,0.0
388,Device,Mul,conv2d/kernel/Regularizer/mul,2,5.12,2.56,5.12,2.56,0.0001399356847939954,0.9966975178388625,0.0,0.0
389,Device,Mul,conv2d_1/kernel/Regularizer/mul,2,5.12,2.56,5.12,2.56,0.0001399356847939954,0.9968374535236565,0.0,0.0
390,Device,Mul,conv2d_10/kernel/Regularizer/mul,2,5.12,2.56,5.12,2.56,0.0001399356847939954,0.9969773892084505,0.0,0.0
391,Device,Mul,conv2d_14/kernel/Regularizer/mul,2,5.12,2.56,5.12,2.56,0.0001399356847939954,0.9971173248932444,0.0,0.0
392,Device,Mul,conv2d_19/kernel/Regularizer/mul,2,5.12,2.56,5.12,2.56,0.0001399356847939954,0.9972572605780384,0.0,0.0
393,Device,Mul,conv2d_2/kernel/Regularizer/mul,2,5.12,2.56,5.12,2.56,0.0001399356847939954,0.9973971962628324,0.0,0.0
394,Device,Mul,conv2d_3/kernel/Regularizer/mul,2,5.12,2.56,5.12,2.56,0.0001399356847939954,0.9975371319476264,0.0,0.0
395,Device,Mul,conv2d_8/kernel/Regularizer/mul,2,5.12,2.56,5.12,2.56,0.0001399356847939954,0.9976770676324204,0.0,0.0
396,Device,Mul,conv2d_9/kernel/Regularizer/mul,2,5.12,2.56,5.12,2.56,0.0001399356847939954,0.9978170033172143,0.0,0.0
397,Device,DivNoNan,div_no_nan,2,5.12,2.56,5.12,2.56,0.0001399356847939954,0.9979569390020083,0.0,0.0
398,Device,Mul,gradient_tape/categorical_crossentropy/softmax_cross_entropy_with_logits/mul,2,5.12,2.56,5.12,2.56,0.0001399356847939954,0.9980968746868023,0.0,0.0
399,Device,Relu,model/activation_13/Relu,2,5.12,2.56,5.12,2.56,0.0001399356847939954,0.9982368103715963,0.0,0.0
400,Device,Relu,model/activation_14/Relu,2,5.12,2.56,5.12,2.56,0.0001399356847939954,0.9983767460563903,0.0,0.0
401,Device,Relu,model/activation_15/Relu,2,5.12,2.56,5.12,2.56,0.0001399356847939954,0.9985166817411842,0.0,0.0
402,Device,Relu,model/activation_16/Relu,2,5.12,2.56,5.12,2.56,0.0001399356847939954,0.9986566174259782,0.0,0.0
403,Device,AssignAddVariableOp,AssignAddVariableOp_1,2,4.096,2.048,4.096,2.048,0.00011194854783519632,0.9987685659738135,0.0,0.0
404,Device,AssignAddVariableOp,AssignAddVariableOp_3,2,4.096,2.048,4.096,2.048,0.00011194854783519632,0.9988805145216487,0.0,0.0
405,Device,ResourceApplyGradientDescent,SGD/SGD/update_28/ResourceApplyGradientDescent,2,4.096,2.048,4.096,2.048,0.00011194854783519632,0.998992463069484,0.0,0.0
406,Device,ResourceApplyGradientDescent,SGD/SGD/update_45/ResourceApplyGradientDescent,2,4.096,2.048,4.096,2.048,0.00011194854783519632,0.9991044116173192,0.0,0.0
407,Device,Sum,categorical_crossentropy/weighted_loss/Sum,2,4.096,2.048,4.096,2.048,0.00011194854783519632,0.9992163601651545,0.0,0.0
408,Device,DivNoNan,categorical_crossentropy/weighted_loss/value,2,4.096,2.048,4.096,2.048,0.00011194854783519632,0.9993283087129897,0.0,0.0
409,Device,Mul,conv2d_11/kernel/Regularizer/mul,2,4.096,2.048,4.096,2.048,0.00011194854783519632,0.999440257260825,0.0,0.0
410,Device,Mul,conv2d_16/kernel/Regularizer/mul,2,4.096,2.048,4.096,2.048,0.00011194854783519632,0.9995522058086602,0.0,0.0
411,Device,DivNoNan,div_no_nan_1,2,4.096,2.048,4.096,2.048,0.00011194854783519632,0.9996641543564955,0.0,0.0
412,Device,_Recv,IteratorGetNext/_4,2,3.072,1.536,3.072,1.536,8.396141087639724e-05,0.9997481157673719,0.0,0.0
413,Device,LogicalAnd,LogicalAnd,1,3.072,3.072,3.072,3.072,8.396141087639724e-05,0.9998320771782483,0.0,0.0
414,Device,_Recv,Size/_16,2,2.048,1.024,2.048,1.024,5.597427391759816e-05,0.9998880514521659,0.0,0.0
415,Device,_Recv,categorical_crossentropy/weighted_loss/num_elements/_14,2,2.048,1.024,2.048,1.024,5.597427391759816e-05,0.9999440257260834,0.0,0.0
416,Device,_Recv,strided_slice/_12,2,2.048,1.024,2.048,1.024,5.597427391759816e-05,1.000000000000001,0.0,0.0
417,Host,IDLE,IDLE,0,95180.226,0.0,95180.226,0.0,0.0,0.0,0.9920200731522911,0.9920200731522911
418,Host,GatherV2,GatherV2,2,337.464,168.732,337.464,168.732,0.0,0.0,0.00351723331657423,0.9955373064688654
419,Host,Dataset,Iterator::Root::ParallelMapV2::Zip[1]::ForeverRepeat,2,121.222,60.611,116.311,58.1555,0.0,0.0,0.0012122564904228758,0.9967495629592883
420,Host,Dataset,Iterator::Root::ParallelMapV2,2,49.271,24.6355,49.271,24.6355,0.0,0.0,0.0005135291549348343,0.9972630921142231
421,Host,FlushSummaryWriter,FlushSummaryWriter,1,36.161,36.161,36.161,36.161,0.0,0.0,0.0003768896058857856,0.9976399817201089
422,Host,IteratorGetNext,IteratorGetNext,2,35.94,17.97,35.94,17.97,0.0,0.0,0.0003745862237088336,0.9980145679438177
423,Host,Dataset,Iterator::Root,2,83.921,41.9605,34.65,17.325,0.0,0.0,0.00036114114222345815,0.9983757090860411
424,Host,LogicalAnd,LogicalAnd,1,30.691,30.691,30.691,30.691,0.0,0.0,0.0003198782913702786,0.9986955873774114
425,Host,Dataset,Iterator::Root::ParallelMapV2::Zip[0]::FlatMap[1]::Concatenate,2,47.36,23.68,27.74,13.87,0.0,0.0,0.0002891213646545088,0.9989847087420659
426,Host,GatherV2,GatherV2_1,2,27.411,13.7055,27.411,13.7055,0.0,0.0,0.0002856923477485487,0.9992704010898145
427,Host,WriteSummary,WriteSummary,1,20.55,20.55,20.55,20.55,0.0,0.0,0.00021418327482516784,0.9994845843646396
428,Host,Dataset,Iterator::Root::ParallelMapV2::Zip[0]::FlatMap[1]::Concatenate[0]::TensorSlice,2,19.62,9.81,19.62,9.81,0.0,0.0,0.00020449030910315295,0.9996890746737428
429,Host,Dataset,Iterator::Root::ParallelMapV2::Zip,2,183.303,91.6515,10.681,5.3405,0.0,0.0,0.00011132319019015169,0.9998003978639329
430,Host,ReadVariableOp,ReadVariableOp,1,7.1,7.1,7.1,7.1,0.0,0.0,7.400006088850081e-05,0.9998743979248215
431,Host,Dataset,Iterator::Root::ParallelMapV2::Zip[1]::ForeverRepeat::FromTensor,4,4.911,1.22775,4.911,1.22775,0.0,0.0,5.1185112538510905e-05,0.99992558303736
432,Host,Dataset,Iterator::Root::ParallelMapV2::Zip[0]::FlatMap,2,51.4,25.7,4.04,2.02,0.0,0.0,4.210707689993567e-05,0.9999676901142599
433,Host,Identity,Identity,2,3.1,1.55,3.1,1.55,0.0,0.0,3.230988574004965e-05,1.0
