Rank,Host/device,Type,Operation,#Occurrences,Total time (us),Avg. time (us),Total self-time (us),Avg. self-time (us),Total self-time on Device (%),Cumulative total-self time on Device (%),Total self-time on Host (%),Cumulative total-self time on Host (%)
1,Device,_Recv,IteratorGetNext/_2,2,31344.803,15672.4015,31344.803,15672.4015,0.04874524889653912,0.04874524889653912,0.0,0.0
2,Device,FusedBatchNormGradV3,gradient_tape/model/batch_normalization/FusedBatchNormGradV3,2,23132.186,11566.093,23132.186,11566.093,0.03597356040460799,0.08471880930114711,0.0,0.0
3,Device,Conv2DBackpropFilter,gradient_tape/model/conv2d/Conv2D/Conv2DBackpropFilter,2,18784.276,9392.138,18784.276,9392.138,0.02921199437626985,0.11393080367741697,0.0,0.0
4,Device,MaxPoolGrad,gradient_tape/model/max_pooling2d/MaxPool/MaxPoolGrad,2,18169.876,9084.938,18169.876,9084.938,0.028256522398282503,0.14218732607569948,0.0,0.0
5,Device,IDLE,IDLE,0,16477.263,0.0,16477.263,0.0,0.025624288851607547,0.16781161492730703,0.0,0.0
6,Device,ReluGrad,gradient_tape/model/activation/ReluGrad,2,14427.152,7213.576,14427.152,7213.576,0.022436099378522242,0.19024771430582926,0.0,0.0
7,Device,FusedBatchNormV3,model/batch_normalization/FusedBatchNormV3,4,13856.783,3464.19575,13856.783,3464.19575,0.021549101337160485,0.21179681564298974,0.0,0.0
8,Device,Conv2D,model/conv2d/Conv2D,2,12657.679,6328.8395,12657.679,6328.8395,0.019684338526788518,0.23148115416977827,0.0,0.0
9,Device,Conv2DBackpropFilter,gradient_tape/model/conv2d_1/Conv2D/Conv2DBackpropFilter,2,12121.102,6060.551,12121.102,6060.551,0.018849891444216067,0.25033104561399433,0.0,0.0
10,Device,Conv2DBackpropFilter,gradient_tape/model/conv2d_2/Conv2D/Conv2DBackpropFilter,2,12026.894,6013.447,12026.894,6013.447,0.018703385740924672,0.269034431354919,0.0,0.0
11,Device,Conv2DBackpropFilter,gradient_tape/model/conv2d_4/Conv2D/Conv2DBackpropFilter,2,12018.701,6009.3505,12018.701,6009.3505,0.018690644559421335,0.2877250759143403,0.0,0.0
12,Device,Conv2DBackpropFilter,gradient_tape/model/conv2d_3/Conv2D/Conv2DBackpropFilter,2,11994.125,5997.0625,11994.125,5997.0625,0.018652425680301843,0.30637750159464217,0.0,0.0
13,Device,Conv2DBackpropInput,gradient_tape/model/conv2d_5/Conv2D/Conv2DBackpropInput,2,11109.388,5554.694,11109.388,5554.694,0.017276544476869896,0.32365404607151205,0.0,0.0
14,Device,BiasAdd,model/conv2d/BiasAdd,2,9682.954,4841.477,9682.954,4841.477,0.015058253924382266,0.3387122999958943,0.0,0.0
15,Device,Relu,model/activation/Relu,2,8721.417,4360.7085,8721.417,4360.7085,0.013562938723701899,0.3522752387195962,0.0,0.0
16,Device,Conv2DBackpropFilter,gradient_tape/model/conv2d_9/Conv2D/Conv2DBackpropFilter,2,7759.881,3879.9405,7759.881,3879.9405,0.012067625078151708,0.36434286379774794,0.0,0.0
17,Device,Conv2DBackpropFilter,gradient_tape/model/conv2d_8/Conv2D/Conv2DBackpropFilter,2,7756.809,3878.4045,7756.809,3878.4045,0.012062847718261771,0.3764057115160097,0.0,0.0
18,Device,Conv2DBackpropFilter,gradient_tape/model/conv2d_6/Conv2D/Conv2DBackpropFilter,2,7751.688,3875.844,7751.688,3875.844,0.012054883896648369,0.3884605954126581,0.0,0.0
19,Device,Conv2DBackpropInput,gradient_tape/model/conv2d_10/Conv2D/Conv2DBackpropInput,2,7659.528,3829.764,7659.528,3829.764,0.011911563099950269,0.4003721585126084,0.0,0.0
20,Device,Conv2DBackpropFilter,gradient_tape/model/conv2d_5/Conv2D/Conv2DBackpropFilter,2,7191.56,3595.78,7191.56,3595.78,0.011183811943383241,0.4115559704559916,0.0,0.0
21,Device,Conv2D,model/conv2d_5/Conv2D,2,7063.56,3531.78,7063.56,3531.78,0.010984755281302544,0.4225407257372942,0.0,0.0
22,Device,Conv2DBackpropInput,gradient_tape/model/conv2d_15/Conv2D/Conv2DBackpropInput,2,6195.207,3097.6035,6195.207,3097.6035,0.009634353330616926,0.4321750790679111,0.0,0.0
23,Device,Conv2DBackpropInput,gradient_tape/model/conv2d_2/Conv2D/Conv2DBackpropInput,2,6177.798,3088.899,6177.798,3088.899,0.009607280069443778,0.44178235913735486,0.0,0.0
24,Device,Conv2DBackpropInput,gradient_tape/model/conv2d_4/Conv2D/Conv2DBackpropInput,2,6163.463,3081.7315,6163.463,3081.7315,0.009584987278420913,0.45136734641577575,0.0,0.0
25,Device,Conv2DBackpropInput,gradient_tape/model/conv2d_1/Conv2D/Conv2DBackpropInput,2,6155.27,3077.635,6155.27,3077.635,0.009572246096917576,0.46093959251269334,0.0,0.0
26,Device,Conv2D,model/conv2d_3/Conv2D,2,6147.079,3073.5395,6147.079,3073.5395,0.009559508025674584,0.4704991005383679,0.0,0.0
27,Device,Conv2DBackpropInput,gradient_tape/model/conv2d_3/Conv2D/Conv2DBackpropInput,2,6147.078,3073.539,6147.078,3073.539,0.009559506470544411,0.48005860700891234,0.0,0.0
28,Device,Conv2D,model/conv2d_2/Conv2D,2,6146.055,3073.0275,6146.055,3073.0275,0.009557915572377939,0.4896165225812903,0.0,0.0
29,Device,Conv2D,model/conv2d_4/Conv2D,2,6140.935,3070.4675,6140.935,3070.4675,0.00954995330589471,0.499166475887185,0.0,0.0
30,Device,Conv2D,model/conv2d_1/Conv2D,2,6127.623,3063.8115,6127.623,3063.8115,0.009529251413038318,0.5086957273002233,0.0,0.0
31,Device,Conv2DBackpropFilter,gradient_tape/model/conv2d_10/Conv2D/Conv2DBackpropFilter,4,5933.062,1483.2655,5933.062,1483.2655,0.009226683731545487,0.5179224110317687,0.0,0.0
32,Device,FusedBatchNormGradV3,gradient_tape/model/batch_normalization_4/FusedBatchNormGradV3,2,5848.07,2924.035,5848.07,2924.035,0.009094510107923904,0.5270169211396927,0.0,0.0
33,Device,FusedBatchNormGradV3,gradient_tape/model/batch_normalization_2/FusedBatchNormGradV3,2,5782.536,2891.268,5782.536,2891.268,0.008992596207198932,0.5360095173468916,0.0,0.0
34,Device,FusedBatchNormGradV3,gradient_tape/model/batch_normalization_1/FusedBatchNormGradV3,2,5780.486,2890.243,5780.486,2890.243,0.008989408190345296,0.544998925537237,0.0,0.0
35,Device,FusedBatchNormGradV3,gradient_tape/model/batch_normalization_3/FusedBatchNormGradV3,2,5779.462,2889.731,5779.462,2889.731,0.008987815737048651,0.5539867412742856,0.0,0.0
36,Device,MaxPool,model/max_pooling2d/MaxPool,2,5440.518,2720.259,5440.518,2720.259,0.008460713695858966,0.5624474549701446,0.0,0.0
37,Device,Conv2D,model/conv2d_10/Conv2D,4,5095.429,1273.85725,5095.429,1273.85725,0.007924055379759236,0.5703715103499039,0.0,0.0
38,Device,Conv2DBackpropFilter,gradient_tape/model/conv2d_15/Conv2D/Conv2DBackpropFilter,2,5029.893,2514.9465,5029.893,2514.9465,0.007822138368773919,0.5781936487186777,0.0,0.0
39,Device,Conv2DBackpropInput,gradient_tape/model/conv2d_9/Conv2D/Conv2DBackpropInput,2,4951.045,2475.5225,4951.045,2475.5225,0.007699519464932209,0.5858931681836099,0.0,0.0
40,Device,Conv2DBackpropInput,gradient_tape/model/conv2d_8/Conv2D/Conv2DBackpropInput,2,4943.877,2471.9385,4943.877,2471.9385,0.007688372291855691,0.5935815404754656,0.0,0.0
41,Device,Conv2DBackpropInput,gradient_tape/model/conv2d_6/Conv2D/Conv2DBackpropInput,2,4938.758,2469.379,4938.758,2469.379,0.0076804115805026345,0.6012619520559682,0.0,0.0
42,Device,Conv2D,model/conv2d_6/Conv2D,2,4928.518,2464.259,4928.518,2464.259,0.007664487047536179,0.6089264391035044,0.0,0.0
43,Device,Conv2D,model/conv2d_9/Conv2D,2,4923.398,2461.699,4923.398,2461.699,0.007656524781052951,0.6165829638845574,0.0,0.0
44,Device,Conv2D,model/conv2d_8/Conv2D,2,4922.373,2461.1865,4922.373,2461.1865,0.007654930772626132,0.6242378946571835,0.0,0.0
45,Device,BiasAddGrad,gradient_tape/model/conv2d/BiasAdd/BiasAddGrad,2,4200.452,2100.226,4200.452,2100.226,0.006532249643360832,0.6307701443005443,0.0,0.0
46,Device,Conv2D,model/conv2d_11/Conv2D,2,4024.324,2012.162,4024.324,2012.162,0.006258347676337793,0.6370284919768822,0.0,0.0
47,Device,Conv2D,model/conv2d_13/Conv2D,2,4021.253,2010.6265,4021.253,2010.6265,0.006253571871578029,0.6432820638484602,0.0,0.0
48,Device,Conv2DBackpropInput,gradient_tape/model/conv2d_11/Conv2D/Conv2DBackpropInput,2,4013.061,2006.5305,4013.061,2006.5305,0.006240832245204864,0.6495228960936651,0.0,0.0
49,Device,Conv2D,model/conv2d_14/Conv2D,2,4009.988,2004.994,4009.988,2004.994,0.006236053330184755,0.6557589494238498,0.0,0.0
50,Device,Conv2D,model/conv2d_15/Conv2D,4,4007.94,1001.985,4007.94,1001.985,0.006232868423591464,0.6619918178474413,0.0,0.0
51,Device,Conv2DBackpropInput,gradient_tape/model/conv2d_13/Conv2D/Conv2DBackpropInput,2,3998.725,1999.3625,3998.725,1999.3625,0.006218537899051826,0.6682103557464931,0.0,0.0
52,Device,Conv2DBackpropInput,gradient_tape/model/conv2d_14/Conv2D/Conv2DBackpropInput,2,3991.557,1995.7785,3991.557,1995.7785,0.006207390725975307,0.6744177464724684,0.0,0.0
53,Device,Conv2DBackpropFilter,gradient_tape/model/conv2d_14/Conv2D/Conv2DBackpropFilter,2,3989.508,1994.754,3989.508,1994.754,0.006204204264251843,0.6806219507367203,0.0,0.0
54,Device,Conv2DBackpropFilter,gradient_tape/model/conv2d_13/Conv2D/Conv2DBackpropFilter,2,3983.364,1991.682,3983.364,1991.682,0.00619464954447197,0.6868166002811923,0.0,0.0
55,Device,Conv2DBackpropFilter,gradient_tape/model/conv2d_11/Conv2D/Conv2DBackpropFilter,2,3980.292,1990.146,3980.292,1990.146,0.006189872184582034,0.6930064724657743,0.0,0.0
56,Device,Conv2DBackpropFilter,gradient_tape/model/conv2d_19/Conv2D/Conv2DBackpropFilter,2,3613.7,1806.85,3613.7,1806.85,0.005619773904382918,0.6986262463701572,0.0,0.0
57,Device,Conv2DBackpropFilter,gradient_tape/model/conv2d_18/Conv2D/Conv2DBackpropFilter,2,3608.579,1804.2895,3608.579,1804.2895,0.005611810082769518,0.7042380564529268,0.0,0.0
58,Device,Conv2DBackpropFilter,gradient_tape/model/conv2d_16/Conv2D/Conv2DBackpropFilter,2,3600.388,1800.194,3600.388,1800.194,0.0055990720115265255,0.7098371284644533,0.0,0.0
59,Device,ReluGrad,gradient_tape/model/activation_2/ReluGrad,2,3562.5,1781.25,3562.5,1781.25,0.005540151239550639,0.715377279704004,0.0,0.0
60,Device,ReluGrad,gradient_tape/model/activation_4/ReluGrad,2,3560.451,1780.2255,3560.451,1780.2255,0.005536964777827176,0.7209142444818312,0.0,0.0
61,Device,ReluGrad,gradient_tape/model/activation_3/ReluGrad,2,3526.66,1763.33,3526.66,1763.33,0.005484415374168044,0.7263986598559992,0.0,0.0
62,Device,ReluGrad,gradient_tape/model/activation_1/ReluGrad,2,3520.516,1760.258,3520.516,1760.258,0.005474860654388171,0.7318735205103873,0.0,0.0
63,Device,FusedBatchNormV3,model/batch_normalization_1/FusedBatchNormV3,4,3485.7,871.425,3485.7,871.425,0.005420717242302221,0.7372942377526895,0.0,0.0
64,Device,FusedBatchNormV3,model/batch_normalization_4/FusedBatchNormV3,4,3462.147,865.53675,3462.147,865.53675,0.005384089261349201,0.7426783270140387,0.0,0.0
65,Device,FusedBatchNormV3,model/batch_normalization_2/FusedBatchNormV3,4,3436.548,859.137,3436.548,859.137,0.0053442794840632335,0.7480226064981019,0.0,0.0
66,Device,FusedBatchNormV3,model/batch_normalization_3/FusedBatchNormV3,4,3430.404,857.601,3430.404,857.601,0.0053347247642833604,0.7533573312623852,0.0,0.0
67,Device,AddN,SGD/gradients/AddN_5,2,3409.924,1704.962,3409.924,1704.962,0.005302875698350449,0.7586602069607357,0.0,0.0
68,Device,AddN,SGD/gradients/AddN_6,2,3404.802,1702.401,3404.802,1702.401,0.0052949103216068764,0.7639551172823426,0.0,0.0
69,Device,AddN,SGD/gradients/AddN_7,2,3398.659,1699.3295,3398.659,1699.3295,0.005285357156957176,0.7692404744392998,0.0,0.0
70,Device,AddV2,model/add/add,2,3287.043,1643.5215,3287.043,1643.5215,0.005111779747622808,0.7743522541869226,0.0,0.0
71,Device,AddV2,model/add_1/add,2,3272.708,1636.354,3272.708,1636.354,0.005089486956599942,0.7794417411435225,0.0,0.0
72,Device,Conv2D,model/conv2d_19/Conv2D,2,3219.459,1609.7295,3219.459,1609.7295,0.005006677830044199,0.7844484189735667,0.0,0.0
73,Device,Conv2D,model/conv2d_16/Conv2D,2,3214.34,1607.17,3214.34,1607.17,0.004998717118691144,0.7894471360922578,0.0,0.0
74,Device,Conv2D,model/conv2d_18/Conv2D,2,3214.34,1607.17,3214.34,1607.17,0.004998717118691144,0.794445853210949,0.0,0.0
75,Device,Conv2DBackpropInput,gradient_tape/model/conv2d_16/Conv2D/Conv2DBackpropInput,2,3161.091,1580.5455,3161.091,1580.5455,0.004915907992135402,0.7993617612030843,0.0,0.0
76,Device,Conv2DBackpropInput,gradient_tape/model/conv2d_18/Conv2D/Conv2DBackpropInput,2,3156.995,1578.4975,3156.995,1578.4975,0.00490953817894882,0.8042712993820331,0.0,0.0
77,Device,Conv2DBackpropInput,gradient_tape/model/conv2d_19/Conv2D/Conv2DBackpropInput,2,3156.995,1578.4975,3156.995,1578.4975,0.00490953817894882,0.8091808375609819,0.0,0.0
78,Device,Conv2DBackpropInput,gradient_tape/model/conv2d_7/Conv2D/Conv2DBackpropInput,2,2992.131,1496.0655,2992.131,1496.0655,0.004653153198188882,0.8138339907591708,0.0,0.0
79,Device,FusedBatchNormGradV3,gradient_tape/model/batch_normalization_5/FusedBatchNormGradV3,2,2868.227,1434.1135,2868.227,1434.1135,0.004460466349294768,0.8182944571084656,0.0,0.0
80,Device,FusedBatchNormGradV3,gradient_tape/model/batch_normalization_8/FusedBatchNormGradV3,2,2835.459,1417.7295,2835.459,1417.7295,0.00440950784380211,0.8227039649522677,0.0,0.0
81,Device,FusedBatchNormGradV3,gradient_tape/model/batch_normalization_6/FusedBatchNormGradV3,2,2832.387,1416.1935,2832.387,1416.1935,0.004404730483912173,0.8271086954361799,0.0,0.0
82,Device,FusedBatchNormGradV3,gradient_tape/model/batch_normalization_7/FusedBatchNormGradV3,2,2826.243,1413.1215,2826.243,1413.1215,0.004395175764132299,0.8315038712003122,0.0,0.0
83,Device,Conv2DBackpropFilter,gradient_tape/model/conv2d_7/Conv2D/Conv2DBackpropFilter,2,2413.571,1206.7855,2413.571,1206.7855,0.0037534170855841337,0.8352572882858964,0.0,0.0
84,Device,BiasAdd,model/conv2d_2/BiasAdd,2,2401.283,1200.6415,2401.283,1200.6415,0.003734307646024387,0.8389915959319207,0.0,0.0
85,Device,BiasAdd,model/conv2d_4/BiasAdd,2,2395.138,1197.569,2395.138,1197.569,0.0037247513711143408,0.8427163473030351,0.0,0.0
86,Device,BiasAdd,model/conv2d_3/BiasAdd,2,2391.043,1195.5215,2391.043,1195.5215,0.003718383113057931,0.8464347304160931,0.0,0.0
87,Device,BiasAdd,model/conv2d_1/BiasAdd,2,2386.947,1193.4735,2386.947,1193.4735,0.003712013299871349,0.8501467437159644,0.0,0.0
88,Device,Relu,model/activation_4/Relu,2,2203.651,1101.8255,2203.651,1101.8255,0.003426964159771791,0.8535737078757363,0.0,0.0
89,Device,Relu,model/activation_2/Relu,2,2199.554,1099.777,2199.554,1099.777,0.0034205927914550366,0.8569943006671913,0.0,0.0
90,Device,Relu,model/activation_3/Relu,2,2196.482,1098.241,2196.482,1098.241,0.0034158154315650996,0.8604101160987564,0.0,0.0
91,Device,Relu,model/activation_1/Relu,2,2193.41,1096.705,2193.41,1096.705,0.0034110380716751627,0.8638211541704316,0.0,0.0
92,Device,Transpose,gradient_tape/model/conv2d/Conv2D/Conv2DBackpropFilter-0-TransposeNHWCToNCHW-LayoutOptimizer,2,1864.706,932.353,1864.706,932.353,0.0028998605634519337,0.8667210147338835,0.0,0.0
93,Device,FusedBatchNormV3,model/batch_normalization_7/FusedBatchNormV3,4,1763.33,440.8325,1763.33,440.8325,0.002742207687084022,0.8694632224209675,0.0,0.0
94,Device,ReluGrad,gradient_tape/model/activation_5/ReluGrad,2,1759.234,879.617,1759.234,879.617,0.0027358378738974397,0.8721990602948649,0.0,0.0
95,Device,ReluGrad,gradient_tape/model/activation_7/ReluGrad,2,1759.233,879.6165,1759.233,879.6165,0.002735836318767267,0.8749348966136322,0.0,0.0
96,Device,ReluGrad,gradient_tape/model/activation_8/ReluGrad,2,1757.186,878.593,1757.186,878.593,0.0027326529673041486,0.8776675495809364,0.0,0.0
97,Device,ReluGrad,gradient_tape/model/activation_6/ReluGrad,2,1755.138,877.569,1755.138,877.569,0.0027294680607108574,0.8803970176416472,0.0,0.0
98,Device,FusedBatchNormV3,model/batch_normalization_8/FusedBatchNormV3,4,1754.114,438.5285,1754.114,438.5285,0.002727875607414212,0.8831248932490614,0.0,0.0
99,Device,FusedBatchNormV3,model/batch_normalization_6/FusedBatchNormV3,4,1707.01,426.7525,1707.01,426.7525,0.0026546227557685156,0.88577951600483,0.0,0.0
100,Device,FusedBatchNormV3,model/batch_normalization_5/FusedBatchNormV3,4,1703.938,425.9845,1703.938,425.9845,0.002649845395878579,0.8884293614007085,0.0,0.0
101,Device,AddN,SGD/gradients/AddN_3,2,1696.77,848.385,1696.77,848.385,0.00263869822280206,0.8910680596235105,0.0,0.0
102,Device,AddN,SGD/gradients/AddN_4,2,1695.746,847.873,1695.746,847.873,0.0026371057695054145,0.8937051653930159,0.0,0.0
103,Device,Conv2D,model/conv2d_7/Conv2D,2,1664.002,832.001,1664.002,832.001,0.0025877397173094015,0.8962929051103253,0.0,0.0
104,Device,AddV2,model/add_2/add,2,1646.593,823.2965,1646.593,823.2965,0.0025606664561362543,0.8988535715664616,0.0,0.0
105,Device,AddV2,model/add_3/add,2,1640.45,820.225,1640.45,820.225,0.0025511132914865535,0.9014046848579482,0.0,0.0
106,Device,Conv2DBackpropInput,gradient_tape/model/conv2d_12/Conv2D/Conv2DBackpropInput,2,1541.121,770.5605,1541.121,770.5605,0.0023966437665817603,0.90380132862453,0.0,0.0
107,Device,FusedBatchNormGradV3,gradient_tape/model/batch_normalization_12/FusedBatchNormGradV3,2,1515.522,757.761,1515.522,757.761,0.0023568339892957933,0.9061581626138258,0.0,0.0
108,Device,FusedBatchNormGradV3,gradient_tape/model/batch_normalization_11/FusedBatchNormGradV3,2,1514.498,757.249,1514.498,757.249,0.002355241535999148,0.908513404149825,0.0,0.0
109,Device,FusedBatchNormGradV3,gradient_tape/model/batch_normalization_9/FusedBatchNormGradV3,2,1505.282,752.641,1505.282,752.641,0.0023409094563293376,0.9108543136061543,0.0,0.0
110,Device,FusedBatchNormGradV3,gradient_tape/model/batch_normalization_10/FusedBatchNormGradV3,2,1490.945,745.4725,1490.945,745.4725,0.002318613555046127,0.9131729271612005,0.0,0.0
111,Device,Conv2D,model/conv2d_12/Conv2D,2,1250.305,625.1525,1250.305,625.1525,0.0019443870303344176,0.9151173141915349,0.0,0.0
112,Device,BiasAdd,model/conv2d_5/BiasAdd,2,1188.865,594.4325,1188.865,594.4325,0.001848839832535683,0.9169661540240706,0.0,0.0
113,Device,BiasAdd,model/conv2d_7/BiasAdd,2,1187.841,593.9205,1187.841,593.9205,0.0018472473792390373,0.9188134014033096,0.0,0.0
114,Device,BiasAdd,model/conv2d_8/BiasAdd,2,1184.769,592.3845,1184.769,592.3845,0.0018424700193491008,0.9206558714226587,0.0,0.0
115,Device,BiasAdd,model/conv2d_9/BiasAdd,2,1182.721,591.3605,1182.721,591.3605,0.0018392851127558096,0.9224951565354145,0.0,0.0
116,Device,BiasAdd,model/conv2d_6/BiasAdd,2,1178.625,589.3125,1178.625,589.3125,0.0018329152995692273,0.9243280718349837,0.0,0.0
117,Device,Relu,model/activation_8/Relu,2,1102.849,551.4245,1102.849,551.4245,0.0017150737556174548,0.9260431455906011,0.0,0.0
118,Device,Relu,model/activation_5/Relu,2,1101.825,550.9125,1101.825,550.9125,0.0017134813023208094,0.9277566268929219,0.0,0.0
119,Device,Relu,model/activation_6/Relu,2,1097.73,548.865,1097.73,548.865,0.0017071130442643996,0.9294637399371863,0.0,0.0
120,Device,Relu,model/activation_7/Relu,2,1097.729,548.8645,1097.729,548.8645,0.0017071114891342271,0.9311708514263206,0.0,0.0
121,Device,Conv2DBackpropFilter,gradient_tape/model/conv2d_12/Conv2D/Conv2DBackpropFilter,2,1091.585,545.7925,1091.585,545.7925,0.0016975567693543537,0.932868408195675,0.0,0.0
122,Device,BiasAddGrad,gradient_tape/model/conv2d_2/BiasAdd/BiasAddGrad,2,1068.034,534.017,1068.034,534.017,0.001660931898661678,0.9345293400943366,0.0,0.0
123,Device,BiasAddGrad,gradient_tape/model/conv2d_1/BiasAdd/BiasAddGrad,2,1057.793,528.8965,1057.793,528.8965,0.0016450058105650495,0.9361743459049017,0.0,0.0
124,Device,BiasAddGrad,gradient_tape/model/conv2d_3/BiasAdd/BiasAddGrad,2,1056.769,528.3845,1056.769,528.3845,0.0016434133572684041,0.93781775926217,0.0,0.0
125,Device,BiasAddGrad,gradient_tape/model/conv2d_4/BiasAdd/BiasAddGrad,2,1056.769,528.3845,1056.769,528.3845,0.0016434133572684041,0.9394611726194384,0.0,0.0
126,Device,Conv2DBackpropInput,gradient_tape/model/conv2d_17/Conv2D/Conv2DBackpropInput,2,1040.385,520.1925,1040.385,520.1925,0.001617934104522075,0.9410791067239604,0.0,0.0
127,Device,Conv2DBackpropFilter,gradient_tape/model/conv2d_17/Conv2D/Conv2DBackpropFilter,2,1026.049,513.0245,1026.049,513.0245,0.0015956397583690369,0.9426747464823295,0.0,0.0
128,Device,AvgPoolGrad,gradient_tape/model/average_pooling2d/AvgPoolGrad,2,912.385,456.1925,912.385,456.1925,0.0014188774424413783,0.9440936239247709,0.0,0.0
129,Device,FusedBatchNormV3,model/batch_normalization_12/FusedBatchNormV3,4,906.241,226.56025,906.241,226.56025,0.0014093227226615048,0.9455029466474324,0.0,0.0
130,Device,FusedBatchNormV3,model/batch_normalization_11/FusedBatchNormV3,4,904.193,226.04825,904.193,226.04825,0.0014061378160682137,0.9469090844635006,0.0,0.0
131,Device,FusedBatchNormV3,model/batch_normalization_9/FusedBatchNormV3,4,904.193,226.04825,904.193,226.04825,0.0014061378160682137,0.9483152222795689,0.0,0.0
132,Device,FusedBatchNormV3,model/batch_normalization_10/FusedBatchNormV3,4,901.121,225.28025,901.121,225.28025,0.001401360456178277,0.9497165827357471,0.0,0.0
133,Device,ReluGrad,gradient_tape/model/activation_9/ReluGrad,2,872.449,436.2245,872.449,436.2245,0.0013567717638722008,0.9510733544996193,0.0,0.0
134,Device,ReluGrad,gradient_tape/model/activation_11/ReluGrad,2,869.377,434.6885,869.377,434.6885,0.0013519944039822641,0.9524253489036015,0.0,0.0
135,Device,ReluGrad,gradient_tape/model/activation_12/ReluGrad,2,869.377,434.6885,869.377,434.6885,0.0013519944039822641,0.9537773433075838,0.0,0.0
136,Device,ReluGrad,gradient_tape/model/activation_10/ReluGrad,2,867.329,433.6645,867.329,433.6645,0.001348809497388973,0.9551261528049728,0.0,0.0
137,Device,AddN,SGD/gradients/AddN_1,2,848.897,424.4485,848.897,424.4485,0.0013201453380493528,0.9564462981430222,0.0,0.0
138,Device,AddN,SGD/gradients/AddN_2,2,845.825,422.9125,845.825,422.9125,0.001315367978159416,0.9577616661211816,0.0,0.0
139,Device,AddV2,model/add_4/add,2,820.225,410.1125,820.225,410.1125,0.0012755566457432767,0.9590372227669249,0.0,0.0
140,Device,AddV2,model/add_5/add,2,818.177,409.0885,818.177,409.0885,0.0012723717391499856,0.9603095945060749,0.0,0.0
141,Device,Conv2D,model/conv2d_17/Conv2D,2,790.529,395.2645,790.529,395.2645,0.001229375500140555,0.9615389700062155,0.0,0.0
142,Device,FusedBatchNormGradV3,gradient_tape/model/batch_normalization_15/FusedBatchNormGradV3,2,728.065,364.0325,728.065,364.0325,0.0011322358490451752,0.9626712058552607,0.0,0.0
143,Device,FusedBatchNormGradV3,gradient_tape/model/batch_normalization_16/FusedBatchNormGradV3,2,728.065,364.0325,728.065,364.0325,0.0011322358490451752,0.9638034417043059,0.0,0.0
144,Device,FusedBatchNormGradV3,gradient_tape/model/batch_normalization_13/FusedBatchNormGradV3,2,727.041,363.5205,727.041,363.5205,0.0011306433957485296,0.9649340851000544,0.0,0.0
145,Device,FusedBatchNormGradV3,gradient_tape/model/batch_normalization_14/FusedBatchNormGradV3,2,724.993,362.4965,724.993,362.4965,0.0011274584891552385,0.9660615435892096,0.0,0.0
146,Device,BiasAdd,model/conv2d_10/BiasAdd,2,593.921,296.9605,593.921,296.9605,0.0009236244671846051,0.9669851680563942,0.0,0.0
147,Device,BiasAdd,model/conv2d_11/BiasAdd,2,593.921,296.9605,593.921,296.9605,0.0009236244671846051,0.9679087925235789,0.0,0.0
148,Device,BiasAdd,model/conv2d_12/BiasAdd,2,593.921,296.9605,593.921,296.9605,0.0009236244671846051,0.9688324169907635,0.0,0.0
149,Device,BiasAdd,model/conv2d_14/BiasAdd,2,591.873,295.9365,591.873,295.9365,0.0009204395605913139,0.9697528565513548,0.0,0.0
150,Device,BiasAdd,model/conv2d_13/BiasAdd,2,587.776,293.888,587.776,293.888,0.000914068192274559,0.9706669247436294,0.0,0.0
151,Device,Relu,model/activation_11/Relu,2,552.961,276.4805,552.961,276.4805,0.0008599263353187821,0.9715268510789481,0.0,0.0
152,Device,Relu,model/activation_10/Relu,2,551.936,275.968,551.936,275.968,0.0008583323268919641,0.97238518340584,0.0,0.0
153,Device,Relu,model/activation_9/Relu,2,550.913,275.4565,550.913,275.4565,0.0008567414287254909,0.9732419248345655,0.0,0.0
154,Device,Relu,model/activation_12/Relu,2,548.864,274.432,548.864,274.432,0.0008535549670020274,0.9740954798015675,0.0,0.0
155,Device,BiasAddGrad,gradient_tape/model/conv2d_8/BiasAdd/BiasAddGrad,2,537.601,268.8005,537.601,268.8005,0.0008360395358690985,0.9749315193374366,0.0,0.0
156,Device,BiasAddGrad,gradient_tape/model/conv2d_9/BiasAdd/BiasAddGrad,2,537.6,268.8,537.6,268.8,0.000836037980738926,0.9757675573181755,0.0,0.0
157,Device,BiasAddGrad,gradient_tape/model/conv2d_5/BiasAdd/BiasAddGrad,2,527.361,263.6805,527.361,263.6805,0.0008201150029026427,0.9765876723210782,0.0,0.0
158,Device,BiasAddGrad,gradient_tape/model/conv2d_7/BiasAdd/BiasAddGrad,2,522.24,261.12,522.24,261.12,0.0008121511812892424,0.9773998235023674,0.0,0.0
159,Device,FusedBatchNormV3,model/batch_normalization_14/FusedBatchNormV3,4,475.136,118.784,475.136,118.784,0.0007388983296435461,0.978138721832011,0.0,0.0
160,Device,FusedBatchNormV3,model/batch_normalization_13/FusedBatchNormV3,4,474.113,118.52825,474.113,118.52825,0.0007373074314770729,0.978876029263488,0.0,0.0
161,Device,FusedBatchNormV3,model/batch_normalization_16/FusedBatchNormV3,4,471.041,117.76025,471.041,117.76025,0.0007325300715871362,0.9796085593350752,0.0,0.0
162,Device,FusedBatchNormV3,model/batch_normalization_15/FusedBatchNormV3,4,470.017,117.50425,470.017,117.50425,0.0007309376182904906,0.9803394969533656,0.0,0.0
163,Device,ReluGrad,gradient_tape/model/activation_14/ReluGrad,2,437.249,218.6245,437.249,218.6245,0.0006799791127978323,0.9810194760661635,0.0,0.0
164,Device,ReluGrad,gradient_tape/model/activation_15/ReluGrad,2,433.153,216.5765,433.153,216.5765,0.00067360929961125,0.9816930853657747,0.0,0.0
165,Device,ReluGrad,gradient_tape/model/activation_16/ReluGrad,2,433.153,216.5765,433.153,216.5765,0.00067360929961125,0.982366694665386,0.0,0.0
166,Device,ReluGrad,gradient_tape/model/activation_13/ReluGrad,2,431.105,215.5525,431.105,215.5525,0.0006704243930179589,0.983037119058404,0.0,0.0
167,Device,AddN,SGD/gradients/AddN,2,420.864,210.432,420.864,210.432,0.0006544983049213306,0.9836916173633253,0.0,0.0
168,Device,AddV2,model/add_6/add,2,418.817,209.4085,418.817,209.4085,0.000651314953458212,0.9843429323167835,0.0,0.0
169,Device,AddV2,model/add_7/add,2,416.768,208.384,416.768,208.384,0.0006481284917347483,0.9849910608085183,0.0,0.0
170,Device,SoftmaxCrossEntropyWithLogits,categorical_crossentropy/softmax_cross_entropy_with_logits,6,385.025,64.17083333333333,385.025,64.17083333333333,0.000598763994668908,0.9855898248031872,0.0,0.0
171,Device,BiasAddGrad,gradient_tape/model/conv2d_10/BiasAdd/BiasAddGrad,2,307.201,153.6005,307.201,153.6005,0.0004777375441238445,0.9860675623473111,0.0,0.0
172,Device,BiasAddGrad,gradient_tape/model/conv2d_13/BiasAdd/BiasAddGrad,2,307.2,153.6,307.2,153.6,0.00047773598899367197,0.9865452983363048,0.0,0.0
173,Device,BiasAddGrad,gradient_tape/model/conv2d_14/BiasAdd/BiasAddGrad,2,306.176,153.088,306.176,153.088,0.0004761435356970264,0.9870214418720018,0.0,0.0
174,Device,BiasAdd,model/conv2d_17/BiasAdd,2,295.937,147.9685,295.937,147.9685,0.0004602205578607432,0.9874816624298626,0.0,0.0
175,Device,BiasAddGrad,gradient_tape/model/conv2d_12/BiasAdd/BiasAddGrad,2,294.913,147.4565,294.913,147.4565,0.0004586281045640976,0.9879402905344267,0.0,0.0
176,Device,BiasAdd,model/conv2d_16/BiasAdd,2,291.84,145.92,291.84,145.92,0.00045384918954398834,0.9883941397239706,0.0,0.0
177,Device,BiasAdd,model/conv2d_18/BiasAdd,2,291.84,145.92,291.84,145.92,0.00045384918954398834,0.9888479889135146,0.0,0.0
178,Device,BiasAdd,model/conv2d_19/BiasAdd,2,290.817,145.4085,290.817,145.4085,0.0004522582913775153,0.9893002472048921,0.0,0.0
179,Device,BiasAdd,model/conv2d_15/BiasAdd,2,290.816,145.408,290.816,145.408,0.00045225673624734277,0.9897525039411394,0.0,0.0
180,Device,Relu,model/activation_15/Relu,2,280.576,140.288,280.576,140.288,0.00043633220328088713,0.9901888361444203,0.0,0.0
181,Device,Relu,model/activation_16/Relu,2,280.576,140.288,280.576,140.288,0.00043633220328088713,0.9906251683477012,0.0,0.0
182,Device,Relu,model/activation_13/Relu,2,278.528,139.264,278.528,139.264,0.000433147296687596,0.9910583156443888,0.0,0.0
183,Device,Relu,model/activation_14/Relu,2,276.48,138.24,276.48,138.24,0.00042996239009430483,0.9914882780344831,0.0,0.0
184,Device,AvgPool,model/average_pooling2d/AvgPool,2,243.712,121.856,243.712,121.856,0.0003790038846016464,0.9918672819190848,0.0,0.0
185,Device,ArgMax,ArgMax,2,203.776,101.888,203.776,101.888,0.0003168982060324691,0.9921841801251172,0.0,0.0
186,Device,ArgMax,ArgMax_1,2,160.768,80.384,160.768,80.384,0.000250015167573355,0.9924341952926906,0.0,0.0
187,Device,_Recv,IteratorGetNext/_4,2,155.264,77.632,155.264,77.632,0.00024145573110388507,0.9926756510237945,0.0,0.0
188,Device,BiasAddGrad,gradient_tape/model/conv2d_15/BiasAdd/BiasAddGrad,2,154.624,77.312,154.624,77.312,0.00024046044779348156,0.992916111471588,0.0,0.0
189,Device,BiasAddGrad,gradient_tape/model/conv2d_17/BiasAdd/BiasAddGrad,2,149.505,74.7525,149.505,74.7525,0.0002324997364404262,0.9931486112080284,0.0,0.0
190,Device,BiasAddGrad,gradient_tape/model/conv2d_18/BiasAdd/BiasAddGrad,2,148.481,74.2405,148.481,74.2405,0.00023090728314378061,0.9933795184911722,0.0,0.0
191,Device,BiasAddGrad,gradient_tape/model/conv2d_19/BiasAdd/BiasAddGrad,2,148.48,74.24,148.48,74.24,0.0002309057280136081,0.9936104242191859,0.0,0.0
192,Device,ResourceApplyGradientDescent,SGD/SGD/update_62/ResourceApplyGradientDescent,2,123.904,61.952,123.904,61.952,0.00019268684889411436,0.99380311106808,0.0,0.0
193,Device,ResourceApplyGradientDescent,SGD/SGD/update_66/ResourceApplyGradientDescent,2,123.904,61.952,123.904,61.952,0.00019268684889411436,0.993995797916974,0.0,0.0
194,Device,ResourceApplyGradientDescent,SGD/SGD/update_70/ResourceApplyGradientDescent,2,123.904,61.952,123.904,61.952,0.00019268684889411436,0.9941884847658681,0.0,0.0
195,Device,AddN,SGD/gradients/AddN_26,2,122.88,61.44,122.88,61.44,0.0001910943955974688,0.9943795791614656,0.0,0.0
196,Device,Mul,gradient_tape/conv2d_19/kernel/Regularizer/Mul_1,2,121.857,60.9285,121.857,60.9285,0.00018950349743099572,0.9945690826588965,0.0,0.0
197,Device,AddN,SGD/gradients/AddN_27,2,120.832,60.416,120.832,60.416,0.00018790948900417764,0.9947569921479007,0.0,0.0
198,Device,Mul,gradient_tape/conv2d_18/kernel/Regularizer/Mul_1,2,120.832,60.416,120.832,60.416,0.00018790948900417764,0.9949449016369049,0.0,0.0
199,Device,Mul,gradient_tape/conv2d_16/kernel/Regularizer/Mul_1,2,119.808,59.904,119.808,59.904,0.0001863170357075321,0.9951312186726123,0.0,0.0
200,Device,AddN,SGD/gradients/AddN_25,2,118.784,59.392,118.784,59.392,0.00018472458241088652,0.9953159432550233,0.0,0.0
201,Device,Square,conv2d_18/kernel/Regularizer/Square,2,83.968,41.984,83.968,41.984,0.00013058117032493702,0.9954465244253482,0.0,0.0
202,Device,Square,conv2d_19/kernel/Regularizer/Square,2,83.968,41.984,83.968,41.984,0.00013058117032493702,0.9955771055956731,0.0,0.0
203,Device,Mul,gradient_tape/conv2d_16/kernel/Regularizer/Mul,2,83.968,41.984,83.968,41.984,0.00013058117032493702,0.9957076867659981,0.0,0.0
204,Device,Square,conv2d_16/kernel/Regularizer/Square,2,81.92,40.96,81.92,40.96,0.00012739626373164587,0.9958350830297297,0.0,0.0
205,Device,Tile,gradient_tape/conv2d_16/kernel/Regularizer/Tile,2,73.728,36.864,73.728,36.864,0.00011465663735848127,0.9959497396670881,0.0,0.0
206,Device,ResourceApplyGradientDescent,SGD/SGD/update_56/ResourceApplyGradientDescent,2,64.512,32.256,64.512,32.256,0.00010032455768867112,0.9960500642247768,0.0,0.0
207,Device,Mul,gradient_tape/conv2d_15/kernel/Regularizer/Mul_1,2,64.512,32.256,64.512,32.256,0.00010032455768867112,0.9961503887824655,0.0,0.0
208,Device,AddN,SGD/gradients/AddN_23,2,61.44,30.72,61.44,30.72,9.55471977987344e-05,0.9962459359802642,0.0,0.0
209,Device,Sum,conv2d_16/kernel/Regularizer/Sum,2,54.272,27.136,54.272,27.136,8.440002472221538e-05,0.9963303360049864,0.0,0.0
210,Device,Sum,conv2d_19/kernel/Regularizer/Sum,2,54.272,27.136,54.272,27.136,8.440002472221538e-05,0.9964147360297086,0.0,0.0
211,Device,Sum,conv2d_18/kernel/Regularizer/Sum,2,49.152,24.576,49.152,24.576,7.643775823898752e-05,0.9964911737879476,0.0,0.0
212,Device,MatMul,gradient_tape/model/dense/MatMul/MatMul,2,49.152,24.576,49.152,24.576,7.643775823898752e-05,0.9965676115461866,0.0,0.0
213,Device,Square,conv2d_15/kernel/Regularizer/Square,2,40.96,20.48,40.96,20.48,6.369813186582293e-05,0.9966313096780524,0.0,0.0
214,Device,Tile,gradient_tape/conv2d_15/kernel/Regularizer/Tile,2,40.96,20.48,40.96,20.48,6.369813186582293e-05,0.9966950078099182,0.0,0.0
215,Device,Sum,conv2d_15/kernel/Regularizer/Sum,2,37.888,18.944,37.888,18.944,5.892077197588621e-05,0.996753928581894,0.0,0.0
216,Device,AddN,SGD/gradients/AddN_22,2,35.84,17.92,35.84,17.92,5.573586538259507e-05,0.9968096644472766,0.0,0.0
217,Device,Mul,gradient_tape/conv2d_15/kernel/Regularizer/Mul,2,35.84,17.92,35.84,17.92,5.573586538259507e-05,0.9968654003126591,0.0,0.0
218,Device,Mul,gradient_tape/conv2d_11/kernel/Regularizer/Mul_1,2,34.817,17.4085,34.817,17.4085,5.4144967216121995e-05,0.9969195452798753,0.0,0.0
219,Device,ResourceApplyGradientDescent,SGD/SGD/update_44/ResourceApplyGradientDescent,2,34.816,17.408,34.816,17.408,5.41434120859495e-05,0.9969736886919612,0.0,0.0
220,Device,ResourceApplyGradientDescent,SGD/SGD/update_48/ResourceApplyGradientDescent,2,34.816,17.408,34.816,17.408,5.41434120859495e-05,0.9970278321040472,0.0,0.0
221,Device,AddN,SGD/gradients/AddN_21,2,34.816,17.408,34.816,17.408,5.41434120859495e-05,0.9970819755161332,0.0,0.0
222,Device,MatMul,model/dense/MatMul,2,34.816,17.408,34.816,17.408,5.41434120859495e-05,0.9971361189282192,0.0,0.0
223,Device,ResourceApplyGradientDescent,SGD/SGD/update_52/ResourceApplyGradientDescent,2,33.792,16.896,33.792,16.896,5.255095878930392e-05,0.9971886698870085,0.0,0.0
224,Device,AddN,SGD/gradients/AddN_20,2,33.792,16.896,33.792,16.896,5.255095878930392e-05,0.9972412208457978,0.0,0.0
225,Device,MatMul,gradient_tape/model/dense/MatMul/MatMul_1,2,31.744,15.872,31.744,15.872,4.936605219601277e-05,0.9972905868979938,0.0,0.0
226,Device,Mul,gradient_tape/conv2d_14/kernel/Regularizer/Mul_1,2,30.72,15.36,30.72,15.36,4.77735988993672e-05,0.9973383604968932,0.0,0.0
227,Device,Mul,gradient_tape/conv2d_13/kernel/Regularizer/Mul_1,2,29.696,14.848,29.696,14.848,4.618114560272163e-05,0.9973845416424959,0.0,0.0
228,Device,Softmax,model/dense/Softmax,2,28.672,14.336,28.672,14.336,4.4588692306076054e-05,0.997429130334802,0.0,0.0
229,Device,ResourceApplyGradientDescent,SGD/SGD/update_74/ResourceApplyGradientDescent,2,24.576,12.288,24.576,12.288,3.821887911949376e-05,0.9974673492139214,0.0,0.0
230,Device,Sum,conv2d_14/kernel/Regularizer/Sum,2,23.552,11.776,23.552,11.776,3.6626425822848185e-05,0.9975039756397442,0.0,0.0
231,Device,Sum,conv2d_11/kernel/Regularizer/Sum,2,22.528,11.264,22.528,11.264,3.503397252620261e-05,0.9975390096122705,0.0,0.0
232,Device,Square,conv2d_13/kernel/Regularizer/Square,2,22.528,11.264,22.528,11.264,3.503397252620261e-05,0.9975740435847967,0.0,0.0
233,Device,Sum,conv2d_13/kernel/Regularizer/Sum,2,22.528,11.264,22.528,11.264,3.503397252620261e-05,0.997609077557323,0.0,0.0
234,Device,Mul,gradient_tape/conv2d_11/kernel/Regularizer/Mul,2,22.528,11.264,22.528,11.264,3.503397252620261e-05,0.9976441115298492,0.0,0.0
235,Device,Tile,gradient_tape/conv2d_11/kernel/Regularizer/Tile,2,22.528,11.264,22.528,11.264,3.503397252620261e-05,0.9976791455023755,0.0,0.0
236,Device,Square,conv2d_14/kernel/Regularizer/Square,2,21.504,10.752,21.504,10.752,3.344151922955704e-05,0.997712587021605,0.0,0.0
237,Device,ResourceApplyGradientDescent,SGD/SGD/update_38/ResourceApplyGradientDescent,2,20.48,10.24,20.48,10.24,3.184906593291147e-05,0.9977444360875379,0.0,0.0
238,Device,Square,conv2d_11/kernel/Regularizer/Square,2,20.48,10.24,20.48,10.24,3.184906593291147e-05,0.9977762851534708,0.0,0.0
239,Device,AddN,SGD/gradients/AddN_18,2,19.456,9.728,19.456,9.728,3.0256612636265892e-05,0.9978065417661071,0.0,0.0
240,Device,Mul,gradient_tape/conv2d_10/kernel/Regularizer/Mul_1,2,19.456,9.728,19.456,9.728,3.0256612636265892e-05,0.9978367983787433,0.0,0.0
241,Device,AddN,ArithmeticOptimizer/AddOpsRewrite_AddN_1,4,18.432,4.608,18.432,4.608,2.8664159339620317e-05,0.997865462538083,0.0,0.0
242,Device,Sum,conv2d_10/kernel/Regularizer/Sum,2,17.408,8.704,17.408,8.704,2.707170604297475e-05,0.9978925342441259,0.0,0.0
243,Device,Sum,conv2d_6/kernel/Regularizer/Sum,2,17.408,8.704,17.408,8.704,2.707170604297475e-05,0.9979196059501689,0.0,0.0
244,Device,Sum,conv2d_9/kernel/Regularizer/Sum,2,17.408,8.704,17.408,8.704,2.707170604297475e-05,0.9979466776562119,0.0,0.0
245,Device,Sum,conv2d_17/kernel/Regularizer/Sum,2,16.384,8.192,16.384,8.192,2.5479252746329174e-05,0.9979721569089582,0.0,0.0
246,Device,Sum,conv2d_8/kernel/Regularizer/Sum,2,16.384,8.192,16.384,8.192,2.5479252746329174e-05,0.9979976361617046,0.0,0.0
247,Device,Square,conv2d_10/kernel/Regularizer/Square,2,15.36,7.68,15.36,7.68,2.38867994496836e-05,0.9980215229611542,0.0,0.0
248,Device,Sum,conv2d_12/kernel/Regularizer/Sum,2,14.336,7.168,14.336,7.168,2.2294346153038027e-05,0.9980438173073073,0.0,0.0
249,Device,Sum,conv2d_2/kernel/Regularizer/Sum,2,14.336,7.168,14.336,7.168,2.2294346153038027e-05,0.9980661116534604,0.0,0.0
250,Device,Sum,conv2d_3/kernel/Regularizer/Sum,2,14.336,7.168,14.336,7.168,2.2294346153038027e-05,0.9980884059996135,0.0,0.0
251,Device,Sum,conv2d_5/kernel/Regularizer/Sum,2,14.336,7.168,14.336,7.168,2.2294346153038027e-05,0.9981107003457665,0.0,0.0
252,Device,Mul,gradient_tape/conv2d_10/kernel/Regularizer/Mul,2,14.336,7.168,14.336,7.168,2.2294346153038027e-05,0.9981329946919196,0.0,0.0
253,Device,ResourceApplyGradientDescent,SGD/SGD/update_30/ResourceApplyGradientDescent,2,13.312,6.656,13.312,6.656,2.0701892856392452e-05,0.998153696584776,0.0,0.0
254,Device,Sum,conv2d_1/kernel/Regularizer/Sum,2,13.312,6.656,13.312,6.656,2.0701892856392452e-05,0.9981743984776325,0.0,0.0
255,Device,Sum,conv2d_4/kernel/Regularizer/Sum,2,13.312,6.656,13.312,6.656,2.0701892856392452e-05,0.9981951003704889,0.0,0.0
256,Device,Tile,gradient_tape/conv2d_10/kernel/Regularizer/Tile,2,13.312,6.656,13.312,6.656,2.0701892856392452e-05,0.9982158022633453,0.0,0.0
257,Device,ResourceApplyGradientDescent,SGD/SGD/update_26/ResourceApplyGradientDescent,2,12.288,6.144,12.288,6.144,1.910943955974688e-05,0.998234911702905,0.0,0.0
258,Device,ResourceApplyGradientDescent,SGD/SGD/update_34/ResourceApplyGradientDescent,2,12.288,6.144,12.288,6.144,1.910943955974688e-05,0.9982540211424648,0.0,0.0
259,Device,ResourceApplyGradientDescent,SGD/SGD/update_60/ResourceApplyGradientDescent,2,12.288,6.144,12.288,6.144,1.910943955974688e-05,0.9982731305820245,0.0,0.0
260,Device,AddN,SGD/gradients/AddN_15,2,12.288,6.144,12.288,6.144,1.910943955974688e-05,0.9982922400215842,0.0,0.0
261,Device,Sum,conv2d/kernel/Regularizer/Sum,2,12.288,6.144,12.288,6.144,1.910943955974688e-05,0.998311349461144,0.0,0.0
262,Device,Sum,conv2d_7/kernel/Regularizer/Sum,2,12.288,6.144,12.288,6.144,1.910943955974688e-05,0.9983304589007037,0.0,0.0
263,Device,Tile,gradient_tape/conv2d_1/kernel/Regularizer/Tile,2,12.288,6.144,12.288,6.144,1.910943955974688e-05,0.9983495683402634,0.0,0.0
264,Device,Tile,gradient_tape/conv2d_12/kernel/Regularizer/Tile,2,12.288,6.144,12.288,6.144,1.910943955974688e-05,0.9983686777798232,0.0,0.0
265,Device,Tile,gradient_tape/conv2d_17/kernel/Regularizer/Tile,2,12.288,6.144,12.288,6.144,1.910943955974688e-05,0.9983877872193829,0.0,0.0
266,Device,Tile,gradient_tape/conv2d_5/kernel/Regularizer/Tile,2,12.288,6.144,12.288,6.144,1.910943955974688e-05,0.9984068966589427,0.0,0.0
267,Device,Mul,gradient_tape/conv2d_6/kernel/Regularizer/Mul_1,2,12.288,6.144,12.288,6.144,1.910943955974688e-05,0.9984260060985024,0.0,0.0
268,Device,Tile,gradient_tape/conv2d_6/kernel/Regularizer/Tile,2,12.288,6.144,12.288,6.144,1.910943955974688e-05,0.9984451155380621,0.0,0.0
269,Device,AddN,SGD/gradients/AddN_17,2,11.265,5.6325,11.265,5.6325,1.7518541393273813e-05,0.9984626340794555,0.0,0.0
270,Device,AddN,SGD/gradients/AddN_24,2,11.264,5.632,11.264,5.632,1.7516986263101305e-05,0.9984801510657185,0.0,0.0
271,Device,Square,conv2d_8/kernel/Regularizer/Square,2,11.264,5.632,11.264,5.632,1.7516986263101305e-05,0.9984976680519816,0.0,0.0
272,Device,Mul,gradient_tape/categorical_crossentropy/softmax_cross_entropy_with_logits/mul,2,11.264,5.632,11.264,5.632,1.7516986263101305e-05,0.9985151850382447,0.0,0.0
273,Device,Mul,gradient_tape/conv2d_8/kernel/Regularizer/Mul_1,2,11.264,5.632,11.264,5.632,1.7516986263101305e-05,0.9985327020245077,0.0,0.0
274,Device,ResourceApplyGradientDescent,SGD/SGD/update_20/ResourceApplyGradientDescent,2,10.241,5.1205,10.241,5.1205,1.5926088096628238e-05,0.9985486281126044,0.0,0.0
275,Device,AddN,SGD/gradients/AddN_13,2,10.24,5.12,10.24,5.12,1.5924532966455733e-05,0.9985645526455709,0.0,0.0
276,Device,AddN,SGD/gradients/AddN_16,2,10.24,5.12,10.24,5.12,1.5924532966455733e-05,0.9985804771785374,0.0,0.0
277,Device,Square,conv2d_6/kernel/Regularizer/Square,2,10.24,5.12,10.24,5.12,1.5924532966455733e-05,0.9985964017115039,0.0,0.0
278,Device,Mul,gradient_tape/conv2d_17/kernel/Regularizer/Mul_1,2,10.24,5.12,10.24,5.12,1.5924532966455733e-05,0.9986123262444704,0.0,0.0
279,Device,Mul,gradient_tape/conv2d_6/kernel/Regularizer/Mul,2,10.24,5.12,10.24,5.12,1.5924532966455733e-05,0.9986282507774369,0.0,0.0
280,Device,Mul,gradient_tape/conv2d_9/kernel/Regularizer/Mul_1,2,10.24,5.12,10.24,5.12,1.5924532966455733e-05,0.9986441753104034,0.0,0.0
281,Device,BiasAdd,model/dense/BiasAdd,2,10.24,5.12,10.24,5.12,1.5924532966455733e-05,0.9986600998433699,0.0,0.0
282,Device,Square,conv2d_17/kernel/Regularizer/Square,2,9.216,4.608,9.216,4.608,1.4332079669810158e-05,0.9986744319230397,0.0,0.0
283,Device,Square,conv2d_9/kernel/Regularizer/Square,2,9.216,4.608,9.216,4.608,1.4332079669810158e-05,0.9986887640027096,0.0,0.0
284,Device,Mul,gradient_tape/conv2d_17/kernel/Regularizer/Mul,2,9.216,4.608,9.216,4.608,1.4332079669810158e-05,0.9987030960823794,0.0,0.0
285,Device,Mul,gradient_tape/conv2d_5/kernel/Regularizer/Mul_1,2,9.216,4.608,9.216,4.608,1.4332079669810158e-05,0.9987174281620492,0.0,0.0
286,Device,BiasAddGrad,gradient_tape/model/dense/BiasAdd/BiasAddGrad,2,9.216,4.608,9.216,4.608,1.4332079669810158e-05,0.9987317602417191,0.0,0.0
287,Device,ResourceApplyGradientDescent,SGD/SGD/update_12/ResourceApplyGradientDescent,2,8.192,4.096,8.192,4.096,1.2739626373164587e-05,0.9987444998680922,0.0,0.0
288,Device,ResourceApplyGradientDescent,SGD/SGD/update_16/ResourceApplyGradientDescent,2,8.192,4.096,8.192,4.096,1.2739626373164587e-05,0.9987572394944654,0.0,0.0
289,Device,ResourceApplyGradientDescent,SGD/SGD/update_22/ResourceApplyGradientDescent,2,8.192,4.096,8.192,4.096,1.2739626373164587e-05,0.9987699791208385,0.0,0.0
290,Device,ResourceApplyGradientDescent,SGD/SGD/update_4/ResourceApplyGradientDescent,2,8.192,4.096,8.192,4.096,1.2739626373164587e-05,0.9987827187472117,0.0,0.0
291,Device,ResourceApplyGradientDescent,SGD/SGD/update_42/ResourceApplyGradientDescent,2,8.192,4.096,8.192,4.096,1.2739626373164587e-05,0.9987954583735849,0.0,0.0
292,Device,ResourceApplyGradientDescent,SGD/SGD/update_57/ResourceApplyGradientDescent,2,8.192,4.096,8.192,4.096,1.2739626373164587e-05,0.998808197999958,0.0,0.0
293,Device,ResourceApplyGradientDescent,SGD/SGD/update_8/ResourceApplyGradientDescent,2,8.192,4.096,8.192,4.096,1.2739626373164587e-05,0.9988209376263312,0.0,0.0
294,Device,AddN,SGD/gradients/AddN_10,2,8.192,4.096,8.192,4.096,1.2739626373164587e-05,0.9988336772527043,0.0,0.0
295,Device,AddN,SGD/gradients/AddN_11,2,8.192,4.096,8.192,4.096,1.2739626373164587e-05,0.9988464168790775,0.0,0.0
296,Device,AddN,SGD/gradients/AddN_12,2,8.192,4.096,8.192,4.096,1.2739626373164587e-05,0.9988591565054507,0.0,0.0
297,Device,AddN,SGD/gradients/AddN_19,2,8.192,4.096,8.192,4.096,1.2739626373164587e-05,0.9988718961318238,0.0,0.0
298,Device,AddN,SGD/gradients/AddN_8,2,8.192,4.096,8.192,4.096,1.2739626373164587e-05,0.998884635758197,0.0,0.0
299,Device,AddN,SGD/gradients/AddN_9,2,8.192,4.096,8.192,4.096,1.2739626373164587e-05,0.9988973753845701,0.0,0.0
300,Device,Square,conv2d_5/kernel/Regularizer/Square,2,8.192,4.096,8.192,4.096,1.2739626373164587e-05,0.9989101150109433,0.0,0.0
301,Device,Mul,gradient_tape/conv2d_1/kernel/Regularizer/Mul_1,2,8.192,4.096,8.192,4.096,1.2739626373164587e-05,0.9989228546373164,0.0,0.0
302,Device,Mul,gradient_tape/conv2d_12/kernel/Regularizer/Mul,2,8.192,4.096,8.192,4.096,1.2739626373164587e-05,0.9989355942636896,0.0,0.0
303,Device,Mul,gradient_tape/conv2d_12/kernel/Regularizer/Mul_1,2,8.192,4.096,8.192,4.096,1.2739626373164587e-05,0.9989483338900628,0.0,0.0
304,Device,Mul,gradient_tape/conv2d_5/kernel/Regularizer/Mul,2,8.192,4.096,8.192,4.096,1.2739626373164587e-05,0.9989610735164359,0.0,0.0
305,Device,Mul,gradient_tape/conv2d_7/kernel/Regularizer/Mul_1,2,8.192,4.096,8.192,4.096,1.2739626373164587e-05,0.9989738131428091,0.0,0.0
306,Device,AssignAddVariableOp,AssignAddVariableOp_2,2,7.168,3.584,7.168,3.584,1.1147173076519013e-05,0.9989849603158856,0.0,0.0
307,Device,ResourceApplyGradientDescent,SGD/SGD/update_11/ResourceApplyGradientDescent,2,7.168,3.584,7.168,3.584,1.1147173076519013e-05,0.9989961074889621,0.0,0.0
308,Device,ResourceApplyGradientDescent,SGD/SGD/update_29/ResourceApplyGradientDescent,2,7.168,3.584,7.168,3.584,1.1147173076519013e-05,0.9990072546620385,0.0,0.0
309,Device,ResourceApplyGradientDescent,SGD/SGD/update_41/ResourceApplyGradientDescent,2,7.168,3.584,7.168,3.584,1.1147173076519013e-05,0.999018401835115,0.0,0.0
310,Device,ResourceApplyGradientDescent,SGD/SGD/update_54/ResourceApplyGradientDescent,2,7.168,3.584,7.168,3.584,1.1147173076519013e-05,0.9990295490081915,0.0,0.0
311,Device,ResourceApplyGradientDescent,SGD/SGD/update_7/ResourceApplyGradientDescent,2,7.168,3.584,7.168,3.584,1.1147173076519013e-05,0.999040696181268,0.0,0.0
312,Device,ResourceApplyGradientDescent,SGD/SGD/update_71/ResourceApplyGradientDescent,2,7.168,3.584,7.168,3.584,1.1147173076519013e-05,0.9990518433543445,0.0,0.0
313,Device,ResourceApplyGradientDescent,SGD/SGD/update_72/ResourceApplyGradientDescent,2,7.168,3.584,7.168,3.584,1.1147173076519013e-05,0.999062990527421,0.0,0.0
314,Device,AddN,SGD/gradients/AddN_14,2,7.168,3.584,7.168,3.584,1.1147173076519013e-05,0.9990741377004975,0.0,0.0
315,Device,Square,conv2d_1/kernel/Regularizer/Square,2,7.168,3.584,7.168,3.584,1.1147173076519013e-05,0.999085284873574,0.0,0.0
316,Device,Square,conv2d_3/kernel/Regularizer/Square,2,7.168,3.584,7.168,3.584,1.1147173076519013e-05,0.9990964320466504,0.0,0.0
317,Device,Mul,gradient_tape/conv2d/kernel/Regularizer/Mul_1,2,7.168,3.584,7.168,3.584,1.1147173076519013e-05,0.9991075792197269,0.0,0.0
318,Device,Mul,gradient_tape/conv2d_1/kernel/Regularizer/Mul,2,7.168,3.584,7.168,3.584,1.1147173076519013e-05,0.9991187263928034,0.0,0.0
319,Device,AssignAddVariableOp,AssignAddVariableOp,2,6.144,3.072,6.144,3.072,9.55471977987344e-06,0.9991282811125833,0.0,0.0
320,Device,AssignAddVariableOp,AssignAddVariableOp_3,2,6.144,3.072,6.144,3.072,9.55471977987344e-06,0.9991378358323633,0.0,0.0
321,Device,Cast,Cast,2,6.144,3.072,6.144,3.072,9.55471977987344e-06,0.9991473905521432,0.0,0.0
322,Device,Cast,Cast_1,2,6.144,3.072,6.144,3.072,9.55471977987344e-06,0.9991569452719231,0.0,0.0
323,Device,Equal,Equal,2,6.144,3.072,6.144,3.072,9.55471977987344e-06,0.999166499991703,0.0,0.0
324,Device,Mul,Mul,2,6.144,3.072,6.144,3.072,9.55471977987344e-06,0.999176054711483,0.0,0.0
325,Device,AssignAddVariableOp,SGD/SGD/AssignAddVariableOp,2,6.144,3.072,6.144,3.072,9.55471977987344e-06,0.9991856094312629,0.0,0.0
326,Device,ResourceApplyGradientDescent,SGD/SGD/update/ResourceApplyGradientDescent,2,6.144,3.072,6.144,3.072,9.55471977987344e-06,0.9991951641510428,0.0,0.0
327,Device,ResourceApplyGradientDescent,SGD/SGD/update_1/ResourceApplyGradientDescent,2,6.144,3.072,6.144,3.072,9.55471977987344e-06,0.9992047188708227,0.0,0.0
328,Device,ResourceApplyGradientDescent,SGD/SGD/update_10/ResourceApplyGradientDescent,2,6.144,3.072,6.144,3.072,9.55471977987344e-06,0.9992142735906027,0.0,0.0
329,Device,ResourceApplyGradientDescent,SGD/SGD/update_14/ResourceApplyGradientDescent,2,6.144,3.072,6.144,3.072,9.55471977987344e-06,0.9992238283103826,0.0,0.0
330,Device,ResourceApplyGradientDescent,SGD/SGD/update_15/ResourceApplyGradientDescent,2,6.144,3.072,6.144,3.072,9.55471977987344e-06,0.9992333830301625,0.0,0.0
331,Device,ResourceApplyGradientDescent,SGD/SGD/update_17/ResourceApplyGradientDescent,2,6.144,3.072,6.144,3.072,9.55471977987344e-06,0.9992429377499424,0.0,0.0
332,Device,ResourceApplyGradientDescent,SGD/SGD/update_18/ResourceApplyGradientDescent,2,6.144,3.072,6.144,3.072,9.55471977987344e-06,0.9992524924697224,0.0,0.0
333,Device,ResourceApplyGradientDescent,SGD/SGD/update_19/ResourceApplyGradientDescent,2,6.144,3.072,6.144,3.072,9.55471977987344e-06,0.9992620471895023,0.0,0.0
334,Device,ResourceApplyGradientDescent,SGD/SGD/update_2/ResourceApplyGradientDescent,2,6.144,3.072,6.144,3.072,9.55471977987344e-06,0.9992716019092822,0.0,0.0
335,Device,ResourceApplyGradientDescent,SGD/SGD/update_21/ResourceApplyGradientDescent,2,6.144,3.072,6.144,3.072,9.55471977987344e-06,0.9992811566290621,0.0,0.0
336,Device,ResourceApplyGradientDescent,SGD/SGD/update_23/ResourceApplyGradientDescent,2,6.144,3.072,6.144,3.072,9.55471977987344e-06,0.9992907113488421,0.0,0.0
337,Device,ResourceApplyGradientDescent,SGD/SGD/update_24/ResourceApplyGradientDescent,2,6.144,3.072,6.144,3.072,9.55471977987344e-06,0.999300266068622,0.0,0.0
338,Device,ResourceApplyGradientDescent,SGD/SGD/update_25/ResourceApplyGradientDescent,2,6.144,3.072,6.144,3.072,9.55471977987344e-06,0.9993098207884019,0.0,0.0
339,Device,ResourceApplyGradientDescent,SGD/SGD/update_27/ResourceApplyGradientDescent,2,6.144,3.072,6.144,3.072,9.55471977987344e-06,0.9993193755081818,0.0,0.0
340,Device,ResourceApplyGradientDescent,SGD/SGD/update_28/ResourceApplyGradientDescent,2,6.144,3.072,6.144,3.072,9.55471977987344e-06,0.9993289302279618,0.0,0.0
341,Device,ResourceApplyGradientDescent,SGD/SGD/update_3/ResourceApplyGradientDescent,2,6.144,3.072,6.144,3.072,9.55471977987344e-06,0.9993384849477417,0.0,0.0
342,Device,ResourceApplyGradientDescent,SGD/SGD/update_31/ResourceApplyGradientDescent,2,6.144,3.072,6.144,3.072,9.55471977987344e-06,0.9993480396675216,0.0,0.0
343,Device,ResourceApplyGradientDescent,SGD/SGD/update_32/ResourceApplyGradientDescent,2,6.144,3.072,6.144,3.072,9.55471977987344e-06,0.9993575943873015,0.0,0.0
344,Device,ResourceApplyGradientDescent,SGD/SGD/update_33/ResourceApplyGradientDescent,2,6.144,3.072,6.144,3.072,9.55471977987344e-06,0.9993671491070815,0.0,0.0
345,Device,ResourceApplyGradientDescent,SGD/SGD/update_35/ResourceApplyGradientDescent,2,6.144,3.072,6.144,3.072,9.55471977987344e-06,0.9993767038268614,0.0,0.0
346,Device,ResourceApplyGradientDescent,SGD/SGD/update_36/ResourceApplyGradientDescent,2,6.144,3.072,6.144,3.072,9.55471977987344e-06,0.9993862585466413,0.0,0.0
347,Device,ResourceApplyGradientDescent,SGD/SGD/update_37/ResourceApplyGradientDescent,2,6.144,3.072,6.144,3.072,9.55471977987344e-06,0.9993958132664212,0.0,0.0
348,Device,ResourceApplyGradientDescent,SGD/SGD/update_40/ResourceApplyGradientDescent,2,6.144,3.072,6.144,3.072,9.55471977987344e-06,0.9994053679862012,0.0,0.0
349,Device,ResourceApplyGradientDescent,SGD/SGD/update_43/ResourceApplyGradientDescent,2,6.144,3.072,6.144,3.072,9.55471977987344e-06,0.9994149227059811,0.0,0.0
350,Device,ResourceApplyGradientDescent,SGD/SGD/update_45/ResourceApplyGradientDescent,2,6.144,3.072,6.144,3.072,9.55471977987344e-06,0.999424477425761,0.0,0.0
351,Device,ResourceApplyGradientDescent,SGD/SGD/update_46/ResourceApplyGradientDescent,2,6.144,3.072,6.144,3.072,9.55471977987344e-06,0.9994340321455409,0.0,0.0
352,Device,ResourceApplyGradientDescent,SGD/SGD/update_47/ResourceApplyGradientDescent,2,6.144,3.072,6.144,3.072,9.55471977987344e-06,0.9994435868653209,0.0,0.0
353,Device,ResourceApplyGradientDescent,SGD/SGD/update_49/ResourceApplyGradientDescent,2,6.144,3.072,6.144,3.072,9.55471977987344e-06,0.9994531415851008,0.0,0.0
354,Device,ResourceApplyGradientDescent,SGD/SGD/update_5/ResourceApplyGradientDescent,2,6.144,3.072,6.144,3.072,9.55471977987344e-06,0.9994626963048807,0.0,0.0
355,Device,ResourceApplyGradientDescent,SGD/SGD/update_50/ResourceApplyGradientDescent,2,6.144,3.072,6.144,3.072,9.55471977987344e-06,0.9994722510246606,0.0,0.0
356,Device,ResourceApplyGradientDescent,SGD/SGD/update_51/ResourceApplyGradientDescent,2,6.144,3.072,6.144,3.072,9.55471977987344e-06,0.9994818057444406,0.0,0.0
357,Device,ResourceApplyGradientDescent,SGD/SGD/update_53/ResourceApplyGradientDescent,2,6.144,3.072,6.144,3.072,9.55471977987344e-06,0.9994913604642205,0.0,0.0
358,Device,ResourceApplyGradientDescent,SGD/SGD/update_55/ResourceApplyGradientDescent,2,6.144,3.072,6.144,3.072,9.55471977987344e-06,0.9995009151840004,0.0,0.0
359,Device,ResourceApplyGradientDescent,SGD/SGD/update_58/ResourceApplyGradientDescent,2,6.144,3.072,6.144,3.072,9.55471977987344e-06,0.9995104699037803,0.0,0.0
360,Device,ResourceApplyGradientDescent,SGD/SGD/update_59/ResourceApplyGradientDescent,2,6.144,3.072,6.144,3.072,9.55471977987344e-06,0.9995200246235603,0.0,0.0
361,Device,ResourceApplyGradientDescent,SGD/SGD/update_6/ResourceApplyGradientDescent,2,6.144,3.072,6.144,3.072,9.55471977987344e-06,0.9995295793433402,0.0,0.0
362,Device,ResourceApplyGradientDescent,SGD/SGD/update_61/ResourceApplyGradientDescent,2,6.144,3.072,6.144,3.072,9.55471977987344e-06,0.9995391340631201,0.0,0.0
363,Device,ResourceApplyGradientDescent,SGD/SGD/update_63/ResourceApplyGradientDescent,2,6.144,3.072,6.144,3.072,9.55471977987344e-06,0.9995486887829,0.0,0.0
364,Device,ResourceApplyGradientDescent,SGD/SGD/update_64/ResourceApplyGradientDescent,2,6.144,3.072,6.144,3.072,9.55471977987344e-06,0.99955824350268,0.0,0.0
365,Device,ResourceApplyGradientDescent,SGD/SGD/update_65/ResourceApplyGradientDescent,2,6.144,3.072,6.144,3.072,9.55471977987344e-06,0.9995677982224599,0.0,0.0
366,Device,ResourceApplyGradientDescent,SGD/SGD/update_67/ResourceApplyGradientDescent,2,6.144,3.072,6.144,3.072,9.55471977987344e-06,0.9995773529422398,0.0,0.0
367,Device,ResourceApplyGradientDescent,SGD/SGD/update_68/ResourceApplyGradientDescent,2,6.144,3.072,6.144,3.072,9.55471977987344e-06,0.9995869076620197,0.0,0.0
368,Device,ResourceApplyGradientDescent,SGD/SGD/update_69/ResourceApplyGradientDescent,2,6.144,3.072,6.144,3.072,9.55471977987344e-06,0.9995964623817997,0.0,0.0
369,Device,ResourceApplyGradientDescent,SGD/SGD/update_73/ResourceApplyGradientDescent,2,6.144,3.072,6.144,3.072,9.55471977987344e-06,0.9996060171015796,0.0,0.0
370,Device,ResourceApplyGradientDescent,SGD/SGD/update_75/ResourceApplyGradientDescent,2,6.144,3.072,6.144,3.072,9.55471977987344e-06,0.9996155718213595,0.0,0.0
371,Device,ResourceApplyGradientDescent,SGD/SGD/update_9/ResourceApplyGradientDescent,2,6.144,3.072,6.144,3.072,9.55471977987344e-06,0.9996251265411394,0.0,0.0
372,Device,Sum,categorical_crossentropy/weighted_loss/Sum,2,6.144,3.072,6.144,3.072,9.55471977987344e-06,0.9996346812609194,0.0,0.0
373,Device,Square,conv2d/kernel/Regularizer/Square,2,6.144,3.072,6.144,3.072,9.55471977987344e-06,0.9996442359806993,0.0,0.0
374,Device,Mul,conv2d/kernel/Regularizer/mul,2,6.144,3.072,6.144,3.072,9.55471977987344e-06,0.9996537907004792,0.0,0.0
375,Device,Mul,conv2d_1/kernel/Regularizer/mul,2,6.144,3.072,6.144,3.072,9.55471977987344e-06,0.9996633454202591,0.0,0.0
376,Device,Mul,conv2d_10/kernel/Regularizer/mul,2,6.144,3.072,6.144,3.072,9.55471977987344e-06,0.9996729001400391,0.0,0.0
377,Device,Mul,conv2d_11/kernel/Regularizer/mul,2,6.144,3.072,6.144,3.072,9.55471977987344e-06,0.999682454859819,0.0,0.0
378,Device,Square,conv2d_12/kernel/Regularizer/Square,2,6.144,3.072,6.144,3.072,9.55471977987344e-06,0.9996920095795989,0.0,0.0
379,Device,Mul,conv2d_12/kernel/Regularizer/mul,2,6.144,3.072,6.144,3.072,9.55471977987344e-06,0.9997015642993788,0.0,0.0
380,Device,Mul,conv2d_18/kernel/Regularizer/mul,2,6.144,3.072,6.144,3.072,9.55471977987344e-06,0.9997111190191588,0.0,0.0
381,Device,Mul,conv2d_19/kernel/Regularizer/mul,2,6.144,3.072,6.144,3.072,9.55471977987344e-06,0.9997206737389387,0.0,0.0
382,Device,Square,conv2d_2/kernel/Regularizer/Square,2,6.144,3.072,6.144,3.072,9.55471977987344e-06,0.9997302284587186,0.0,0.0
383,Device,Mul,conv2d_3/kernel/Regularizer/mul,2,6.144,3.072,6.144,3.072,9.55471977987344e-06,0.9997397831784985,0.0,0.0
384,Device,Square,conv2d_4/kernel/Regularizer/Square,2,6.144,3.072,6.144,3.072,9.55471977987344e-06,0.9997493378982785,0.0,0.0
385,Device,Square,conv2d_7/kernel/Regularizer/Square,2,6.144,3.072,6.144,3.072,9.55471977987344e-06,0.9997588926180584,0.0,0.0
386,Device,Mul,conv2d_7/kernel/Regularizer/mul,2,6.144,3.072,6.144,3.072,9.55471977987344e-06,0.9997684473378383,0.0,0.0
387,Device,DivNoNan,div_no_nan,2,6.144,3.072,6.144,3.072,9.55471977987344e-06,0.9997780020576182,0.0,0.0
388,Device,DivNoNan,gradient_tape/categorical_crossentropy/weighted_loss/value/div_no_nan,2,6.144,3.072,6.144,3.072,9.55471977987344e-06,0.9997875567773982,0.0,0.0
389,Device,Mul,gradient_tape/conv2d_2/kernel/Regularizer/Mul_1,2,6.144,3.072,6.144,3.072,9.55471977987344e-06,0.9997971114971781,0.0,0.0
390,Device,Mul,gradient_tape/conv2d_3/kernel/Regularizer/Mul_1,2,6.144,3.072,6.144,3.072,9.55471977987344e-06,0.999806666216958,0.0,0.0
391,Device,Mul,gradient_tape/conv2d_4/kernel/Regularizer/Mul_1,2,6.144,3.072,6.144,3.072,9.55471977987344e-06,0.9998162209367379,0.0,0.0
392,Device,_Recv,categorical_crossentropy/weighted_loss/num_elements/_14,2,5.6,2.8,5.6,2.8,8.708728966030478e-06,0.999824929665704,0.0,0.0
393,Device,AssignAddVariableOp,AssignAddVariableOp_1,2,5.12,2.56,5.12,2.56,7.962266483227867e-06,0.9998328919321873,0.0,0.0
394,Device,AssignAddVariableOp,AssignAddVariableOp_4,2,5.12,2.56,5.12,2.56,7.962266483227867e-06,0.9998408541986705,0.0,0.0
395,Device,Cast,Cast_2,2,5.12,2.56,5.12,2.56,7.962266483227867e-06,0.9998488164651538,0.0,0.0
396,Device,ResourceApplyGradientDescent,SGD/SGD/update_39/ResourceApplyGradientDescent,2,5.12,2.56,5.12,2.56,7.962266483227867e-06,0.999856778731637,0.0,0.0
397,Device,Sum,Sum_2,2,5.12,2.56,5.12,2.56,7.962266483227867e-06,0.9998647409981203,0.0,0.0
398,Device,DivNoNan,categorical_crossentropy/weighted_loss/value,2,5.12,2.56,5.12,2.56,7.962266483227867e-06,0.9998727032646035,0.0,0.0
399,Device,Mul,conv2d_13/kernel/Regularizer/mul,2,5.12,2.56,5.12,2.56,7.962266483227867e-06,0.9998806655310868,0.0,0.0
400,Device,Mul,conv2d_14/kernel/Regularizer/mul,2,5.12,2.56,5.12,2.56,7.962266483227867e-06,0.99988862779757,0.0,0.0
401,Device,Mul,conv2d_15/kernel/Regularizer/mul,2,5.12,2.56,5.12,2.56,7.962266483227867e-06,0.9998965900640533,0.0,0.0
402,Device,Mul,conv2d_17/kernel/Regularizer/mul,2,5.12,2.56,5.12,2.56,7.962266483227867e-06,0.9999045523305365,0.0,0.0
403,Device,Mul,conv2d_2/kernel/Regularizer/mul,2,5.12,2.56,5.12,2.56,7.962266483227867e-06,0.9999125145970198,0.0,0.0
404,Device,Mul,conv2d_4/kernel/Regularizer/mul,2,5.12,2.56,5.12,2.56,7.962266483227867e-06,0.999920476863503,0.0,0.0
405,Device,Mul,conv2d_5/kernel/Regularizer/mul,2,5.12,2.56,5.12,2.56,7.962266483227867e-06,0.9999284391299863,0.0,0.0
406,Device,Mul,conv2d_6/kernel/Regularizer/mul,2,5.12,2.56,5.12,2.56,7.962266483227867e-06,0.9999364013964696,0.0,0.0
407,Device,Mul,conv2d_8/kernel/Regularizer/mul,2,5.12,2.56,5.12,2.56,7.962266483227867e-06,0.9999443636629528,0.0,0.0
408,Device,Mul,conv2d_9/kernel/Regularizer/mul,2,5.12,2.56,5.12,2.56,7.962266483227867e-06,0.9999523259294361,0.0,0.0
409,Device,Tile,gradient_tape/categorical_crossentropy/weighted_loss/Tile_1,2,5.12,2.56,5.12,2.56,7.962266483227867e-06,0.9999602881959193,0.0,0.0
410,Device,ResourceApplyGradientDescent,SGD/SGD/update_13/ResourceApplyGradientDescent,2,4.096,2.048,4.096,2.048,6.369813186582293e-06,0.9999666580091059,0.0,0.0
411,Device,Cast,categorical_crossentropy/weighted_loss/num_elements/Cast,2,4.096,2.048,4.096,2.048,6.369813186582293e-06,0.9999730278222925,0.0,0.0
412,Device,Mul,conv2d_16/kernel/Regularizer/mul,2,4.096,2.048,4.096,2.048,6.369813186582293e-06,0.999979397635479,0.0,0.0
413,Device,DivNoNan,div_no_nan_1,2,4.096,2.048,4.096,2.048,6.369813186582293e-06,0.9999857674486656,0.0,0.0
414,Device,_Recv,Size/_16,2,4.032,2.016,4.032,2.016,6.270284855541945e-06,0.9999920377335212,0.0,0.0
415,Device,LogicalAnd,LogicalAnd,1,3.072,3.072,3.072,3.072,4.77735988993672e-06,0.9999968150934111,0.0,0.0
416,Device,_Recv,strided_slice/_12,2,2.048,1.024,2.048,1.024,3.1849065932911467e-06,1.0000000000000044,0.0,0.0
417,Host,IDLE,IDLE,0,1958014.041,0.0,1958014.041,0.0,0.0,0.0,0.9744379709895423,0.9744379709895423
418,Host,GatherV2,GatherV2,1,50802.616,50802.616,50802.616,50802.616,0.0,0.0,0.025282759479456084,0.9997207304689985
419,Host,GatherV2,GatherV2_1,1,142.432,142.432,142.432,142.432,0.0,0.0,7.088363320065819e-05,0.9997916141021991
420,Host,FlushSummaryWriter,FlushSummaryWriter,1,51.31,51.31,51.31,51.31,0.0,0.0,2.5535267492738794e-05,0.9998171493696918
421,Host,Dataset,Iterator::Root::ParallelMapV2::Zip[0]::FlatMap[1]::Concatenate[1]::FromTensor,2,47.38,23.69,47.38,23.69,0.0,0.0,2.3579438195399805e-05,0.9998407288078872
422,Host,Dataset,Iterator::Root::ParallelMapV2::Zip[0]::FlatMap[1]::Concatenate,2,94.891,47.4455,45.251,22.6255,0.0,0.0,2.2519906242719216e-05,0.9998632487141299
423,Host,Dataset,Iterator::Root::ParallelMapV2,2,45.09,22.545,45.09,22.545,0.0,0.0,2.2439781938171744e-05,0.9998856884960681
424,Host,Dataset,Iterator::Root::ParallelMapV2::Zip[0]::FlatMap,2,132.561,66.2805,36.69,18.345,0.0,0.0,1.825938344004261e-05,0.9999039478795081
425,Host,IteratorGetNext,IteratorGetNext,2,33.96,16.98,33.96,16.98,0.0,0.0,1.690075392815064e-05,0.9999208486334362
426,Host,Dataset,Iterator::Root::ParallelMapV2::Zip[1]::ForeverRepeat,2,36.65,18.325,32.92,16.46,0.0,0.0,1.6383180780763225e-05,0.999937231814217
427,Host,LogicalAnd,LogicalAnd,1,30.46,30.46,30.46,30.46,0.0,0.0,1.5158921220596835e-05,0.9999523907354376
428,Host,Dataset,Iterator::Root,2,73.462,36.731,28.372,14.186,0.0,0.0,1.4119793593919022e-05,0.9999665105290315
429,Host,WriteSummary,WriteSummary,1,21.84,21.84,21.84,21.84,0.0,0.0,1.0869036095135748e-05,0.9999773795651267
430,Host,Dataset,Iterator::Root::ParallelMapV2::Zip,2,182.542,91.271,13.331,6.6655,0.0,0.0,6.634391949828509e-06,0.9999840139570765
431,Host,ReadVariableOp,ReadVariableOp,1,6.42,6.42,6.42,6.42,0.0,0.0,3.195018852141552e-06,0.9999872089759286
432,Host,_Send,IteratorGetNext/_1,2,5.711,2.8555,5.711,2.8555,0.0,0.0,2.8421733122399384e-06,0.9999900511492409
433,Host,_Send,IteratorGetNext/_3,2,5.23,2.615,5.23,2.615,0.0,0.0,2.6027957315732585e-06,0.9999926539449725
434,Host,Dataset,Iterator::Root::ParallelMapV2::Zip[1]::ForeverRepeat::FromTensor,4,3.73,0.9325,3.73,0.9325,0.0,0.0,1.8562959997644844e-06,0.9999945102409723
435,Host,Identity,Identity,2,2.72,1.36,2.72,1.36,0.0,0.0,1.3536528470132434e-06,0.9999958638938193
436,Host,_HostSend,categorical_crossentropy/softmax_cross_entropy_with_logits/Shape_2/_9,2,2.63,1.315,2.63,1.315,0.0,0.0,1.3088628631047167e-06,0.9999971727566824
437,Host,_Send,IteratorGetNext/_6,2,2.441,1.2205,2.441,1.2205,0.0,0.0,1.2148038968968113e-06,0.9999983875605793
438,Host,Dataset,Iterator::Root::ParallelMapV2::Zip[0]::FlatMap[1]::Concatenate[0]::TensorSlice,1,2.26,2.26,2.26,2.26,0.0,0.0,1.1247262625918859e-06,0.9999995122868419
439,Host,Dataset,Iterator::Root::ParallelMapV2::Zip[0]::FlatMap::Prefetch,1,0.98,0.98,0.98,0.98,0.0,0.0,4.877131581150656e-07,1.0
