Rank,Host/device,Type,Operation,#Occurrences,Total time (us),Avg. time (us),Total self-time (us),Avg. self-time (us),Total self-time on Device (%),Cumulative total-self time on Device (%),Total self-time on Host (%),Cumulative total-self time on Host (%)
1,Device,IDLE,IDLE,0,53911.376,0.0,53911.376,0.0,0.6524183554544424,0.6524183554544424,0.0,0.0
2,Device,Conv2DBackpropFilter,gradient_tape/model/conv2d_48/Conv2D/Conv2DBackpropFilter,4,594.946,148.7365,594.946,148.7365,0.007199847596251276,0.6596182030506936,0.0,0.0
3,Device,Conv2DBackpropFilter,gradient_tape/model/conv2d_44/Conv2D/Conv2DBackpropFilter,4,592.897,148.22425,592.897,148.22425,0.007175051248810132,0.6667932542995038,0.0,0.0
4,Device,Conv2DBackpropFilter,gradient_tape/model/conv2d_51/Conv2D/Conv2DBackpropFilter,4,578.562,144.6405,578.562,144.6405,0.007001573630182119,0.6737948279296859,0.0,0.0
5,Device,Conv2DBackpropInput,gradient_tape/model/conv2d_46/Conv2D/Conv2DBackpropInput,2,501.761,250.8805,501.761,250.8805,0.006072152312550444,0.6798669802422364,0.0,0.0
6,Device,Conv2DBackpropInput,gradient_tape/model/conv2d_48/Conv2D/Conv2DBackpropInput,4,398.337,99.58425,398.337,99.58425,0.004820547901738888,0.6846875281439753,0.0,0.0
7,Device,Conv2DBackpropInput,gradient_tape/model/conv2d_44/Conv2D/Conv2DBackpropInput,4,397.313,99.32825,397.313,99.32825,0.004808155778859565,0.6894956839228348,0.0,0.0
8,Device,Conv2DBackpropInput,gradient_tape/model/conv2d_51/Conv2D/Conv2DBackpropInput,4,396.289,99.07225,396.289,99.07225,0.004795763655980243,0.694291447578815,0.0,0.0
9,Device,Conv2D,model/conv2d_44/Conv2D,4,335.872,83.968,335.872,83.968,0.004064616304417726,0.6983560638832327,0.0,0.0
10,Device,Conv2D,model/conv2d_48/Conv2D,4,331.778,82.9445,331.778,82.9445,0.004015072016265436,0.7023711358994981,0.0,0.0
11,Device,Conv2D,model/conv2d_51/Conv2D,4,331.776,82.944,331.776,82.944,0.004015047812900437,0.7063861837123985,0.0,0.0
12,Device,Conv2DBackpropInput,gradient_tape/model/conv2d_45/Conv2D/Conv2DBackpropInput,4,328.705,82.17625,328.705,82.17625,0.003977883545944969,0.7103640672583434,0.0,0.0
13,Device,Conv2DBackpropInput,gradient_tape/model/conv2d_49/Conv2D/Conv2DBackpropInput,4,328.704,82.176,328.704,82.176,0.00397787144426247,0.7143419387026059,0.0,0.0
14,Device,Conv2DBackpropInput,gradient_tape/model/conv2d_52/Conv2D/Conv2DBackpropInput,4,325.633,81.40825,325.633,81.40825,0.003940707177307002,0.7182826458799129,0.0,0.0
15,Device,Conv2D,model/conv2d_47/Conv2D,2,292.865,146.4325,292.865,146.4325,0.0035441592451686873,0.7218268051250816,0.0,0.0
16,Device,Conv2D,model/conv2d_50/Conv2D,2,291.84,145.92,291.84,145.92,0.0035317550206068653,0.7253585601456884,0.0,0.0
17,Device,Conv2D,model/conv2d_46/Conv2D,2,284.672,142.336,284.672,142.336,0.0034450101604516096,0.7288035703061401,0.0,0.0
18,Device,Conv2DBackpropInput,gradient_tape/model/conv2d_27/Conv2D/Conv2DBackpropInput,2,182.273,91.1365,182.273,91.1365,0.002205809974201875,0.7310093802803419,0.0,0.0
19,Device,Conv2D,model/conv2d_25/Conv2D,4,169.985,42.49625,169.985,42.49625,0.0020571044996500073,0.7330664847799919,0.0,0.0
20,Device,Conv2D,model/conv2d_35/Conv2D,4,166.912,41.728,166.912,41.728,0.0020199160293295406,0.7350864008093214,0.0,0.0
21,Device,Conv2D,model/conv2d_41/Conv2D,4,166.912,41.728,166.912,41.728,0.0020199160293295406,0.7371063168386509,0.0,0.0
22,Device,Conv2D,model/conv2d_29/Conv2D,4,165.89,41.4725,165.89,41.4725,0.002007548109815217,0.7391138649484661,0.0,0.0
23,Device,Conv2D,model/conv2d_32/Conv2D,4,164.864,41.216,164.864,41.216,0.001995131783570896,0.741108996732037,0.0,0.0
24,Device,Conv2D,model/conv2d_38/Conv2D,4,164.864,41.216,164.864,41.216,0.001995131783570896,0.7431041285156079,0.0,0.0
25,Device,Conv2DBackpropFilter,gradient_tape/model/conv2d_46/Conv2D/Conv2DBackpropFilter,4,161.793,40.44825,161.793,40.44825,0.0019579675166154285,0.7450620960322234,0.0,0.0
26,Device,Conv2DBackpropInput,gradient_tape/model/conv2d_26/Conv2D/Conv2DBackpropInput,2,148.48,74.24,148.48,74.24,0.0017968578175017386,0.7468589538497251,0.0,0.0
27,Device,Conv2DBackpropInput,gradient_tape/model/conv2d_30/Conv2D/Conv2DBackpropInput,2,148.48,74.24,148.48,74.24,0.0017968578175017386,0.7486558116672268,0.0,0.0
28,Device,Conv2DBackpropInput,gradient_tape/model/conv2d_33/Conv2D/Conv2DBackpropInput,2,148.48,74.24,148.48,74.24,0.0017968578175017386,0.7504526694847286,0.0,0.0
29,Device,Conv2DBackpropInput,gradient_tape/model/conv2d_39/Conv2D/Conv2DBackpropInput,2,147.456,73.728,147.456,73.728,0.0017844656946224163,0.752237135179351,0.0,0.0
30,Device,Conv2DBackpropInput,gradient_tape/model/conv2d_36/Conv2D/Conv2DBackpropInput,2,145.408,72.704,145.408,72.704,0.0017596814488637716,0.7539968166282147,0.0,0.0
31,Device,Conv2DBackpropInput,gradient_tape/model/conv2d_47/Conv2D/Conv2DBackpropInput,2,145.408,72.704,145.408,72.704,0.0017596814488637716,0.7557564980770785,0.0,0.0
32,Device,Conv2DBackpropInput,gradient_tape/model/conv2d_42/Conv2D/Conv2DBackpropInput,2,143.36,71.68,143.36,71.68,0.0017348972031051271,0.7574913952801836,0.0,0.0
33,Device,Conv2DBackpropInput,gradient_tape/model/conv2d_50/Conv2D/Conv2DBackpropInput,2,143.36,71.68,143.36,71.68,0.0017348972031051271,0.7592262924832888,0.0,0.0
34,Device,Conv2DBackpropInput,gradient_tape/model/conv2d_43/Conv2D/Conv2DBackpropInput,2,135.168,67.584,135.168,67.584,0.0016357602200705484,0.7608620527033593,0.0,0.0
35,Device,Conv2DBackpropInput,gradient_tape/model/conv2d_25/Conv2D/Conv2DBackpropInput,2,134.144,67.072,134.144,67.072,0.001623368097191226,0.7624854208005505,0.0,0.0
36,Device,Conv2DBackpropInput,gradient_tape/model/conv2d_32/Conv2D/Conv2DBackpropInput,2,131.072,65.536,131.072,65.536,0.001586191728553259,0.7640716125291037,0.0,0.0
37,Device,Conv2DBackpropInput,gradient_tape/model/conv2d_35/Conv2D/Conv2DBackpropInput,2,131.072,65.536,131.072,65.536,0.001586191728553259,0.765657804257657,0.0,0.0
38,Device,Conv2DBackpropInput,gradient_tape/model/conv2d_38/Conv2D/Conv2DBackpropInput,2,131.072,65.536,131.072,65.536,0.001586191728553259,0.7672439959862102,0.0,0.0
39,Device,Conv2DBackpropInput,gradient_tape/model/conv2d_29/Conv2D/Conv2DBackpropInput,2,130.048,65.024,130.048,65.024,0.0015737996056739366,0.7688177955918841,0.0,0.0
40,Device,Conv2DBackpropInput,gradient_tape/model/conv2d_41/Conv2D/Conv2DBackpropInput,2,130.048,65.024,130.048,65.024,0.0015737996056739366,0.7703915951975581,0.0,0.0
41,Device,Conv2D,model/conv2d_43/Conv2D,2,126.976,63.488,126.976,63.488,0.0015366232370359696,0.771928218434594,0.0,0.0
42,Device,Conv2D,model/conv2d_37/Conv2D,4,125.953,31.48825,125.953,31.48825,0.0015242432158391467,0.7734524616504331,0.0,0.0
43,Device,Conv2D,model/conv2d_40/Conv2D,4,125.952,31.488,125.952,31.488,0.0015242311141566473,0.7749766927645898,0.0,0.0
44,Device,ResourceApplyGradientDescent,SGD/SGD/update_196/ResourceApplyGradientDescent,2,124.929,62.4645,124.929,62.4645,0.0015118510929598243,0.7764885438575496,0.0,0.0
45,Device,Conv2D,model/conv2d_34/Conv2D,4,124.928,31.232,124.928,31.232,0.001511838991277325,0.7780003828488269,0.0,0.0
46,Device,ResourceApplyGradientDescent,SGD/SGD/update_184/ResourceApplyGradientDescent,2,123.905,61.9525,123.905,61.9525,0.001499458970080502,0.7794998418189074,0.0,0.0
47,Device,ResourceApplyGradientDescent,SGD/SGD/update_170/ResourceApplyGradientDescent,2,123.904,61.952,123.904,61.952,0.0014994468683980026,0.7809992886873054,0.0,0.0
48,Device,Conv2D,model/conv2d_31/Conv2D,4,123.904,30.976,123.904,30.976,0.0014994468683980026,0.7824987355557034,0.0,0.0
49,Device,Mul,gradient_tape/conv2d_51/kernel/Regularizer/Mul_1,2,122.881,61.4405,122.881,61.4405,0.0014870668472011796,0.7839858024029046,0.0,0.0
50,Device,Conv2D,model/conv2d_28/Conv2D,4,122.88,30.72,122.88,30.72,0.0014870547455186802,0.7854728571484233,0.0,0.0
51,Device,Mul,gradient_tape/conv2d_48/kernel/Regularizer/Mul_1,2,120.832,60.416,120.832,60.416,0.0014622704997600355,0.7869351276481833,0.0,0.0
52,Device,Mul,gradient_tape/conv2d_44/kernel/Regularizer/Mul_1,2,119.809,59.9045,119.809,59.9045,0.0014498904785632126,0.7883850181267466,0.0,0.0
53,Device,Conv2D,model/conv2d_45/Conv2D,2,119.808,59.904,119.808,59.904,0.0014498783768807134,0.7898348965036273,0.0,0.0
54,Device,Conv2D,model/conv2d_49/Conv2D,2,119.808,59.904,119.808,59.904,0.0014498783768807134,0.791284774880508,0.0,0.0
55,Device,Conv2D,model/conv2d_52/Conv2D,2,117.762,58.881,117.762,58.881,0.0014251183344870673,0.7927098932149951,0.0,0.0
56,Device,AddN,SGD/gradients/AddN_60,2,114.688,57.344,114.688,57.344,0.0013879177624841017,0.7940978109774792,0.0,0.0
57,Device,AddN,SGD/gradients/AddN_64,2,114.688,57.344,114.688,57.344,0.0013879177624841017,0.7954857287399634,0.0,0.0
58,Device,AddN,SGD/gradients/AddN_67,2,114.688,57.344,114.688,57.344,0.0013879177624841017,0.7968736465024475,0.0,0.0
59,Device,ResourceApplyGradientDescent,SGD/SGD/update_174/ResourceApplyGradientDescent,2,109.568,54.784,109.568,54.784,0.00132595714808749,0.798199603650535,0.0,0.0
60,Device,Mul,gradient_tape/conv2d_46/kernel/Regularizer/Mul_1,2,108.544,54.272,108.544,54.272,0.0013135650252081676,0.7995131686757432,0.0,0.0
61,Device,AddN,SGD/gradients/AddN_61,2,98.304,49.152,98.304,49.152,0.0011896437964149442,0.8007028124721581,0.0,0.0
62,Device,SoftmaxCrossEntropyWithLogits,categorical_crossentropy/softmax_cross_entropy_with_logits,2,95.233,47.6165,95.233,47.6165,0.0011524795294594766,0.8018552920016176,0.0,0.0
63,Device,Conv2DBackpropFilter,gradient_tape/model/conv2d_45/Conv2D/Conv2DBackpropFilter,2,93.184,46.592,93.184,46.592,0.0011276831820183325,0.8029829751836359,0.0,0.0
64,Device,Conv2DBackpropFilter,gradient_tape/model/conv2d_52/Conv2D/Conv2DBackpropFilter,2,92.16,46.08,92.16,46.08,0.0011152910591390101,0.8040982662427749,0.0,0.0
65,Device,Conv2DBackpropFilter,gradient_tape/model/conv2d_49/Conv2D/Conv2DBackpropFilter,2,91.136,45.568,91.136,45.568,0.0011028989362596878,0.8052011651790346,0.0,0.0
66,Device,Conv2DBackpropInput,gradient_tape/model/conv2d_14/Conv2D/Conv2DBackpropInput,4,89.088,22.272,89.088,22.272,0.001078114690501043,0.8062792798695356,0.0,0.0
67,Device,Square,conv2d_48/kernel/Regularizer/Square,2,82.944,41.472,82.944,41.472,0.0010037619532251092,0.8072830418227608,0.0,0.0
68,Device,Square,conv2d_44/kernel/Regularizer/Square,2,81.92,40.96,81.92,40.96,0.000991369830345787,0.8082744116531065,0.0,0.0
69,Device,Square,conv2d_51/kernel/Regularizer/Square,2,81.92,40.96,81.92,40.96,0.000991369830345787,0.8092657814834523,0.0,0.0
70,Device,Mul,gradient_tape/conv2d_44/kernel/Regularizer/Mul,2,81.92,40.96,81.92,40.96,0.000991369830345787,0.810257151313798,0.0,0.0
71,Device,Conv2D,model/conv2d_27/Conv2D,2,80.897,40.4485,80.897,40.4485,0.000978989809148964,0.8112361411229471,0.0,0.0
72,Device,Conv2DBackpropFilter,gradient_tape/model/conv2d_47/Conv2D/Conv2DBackpropFilter,4,80.896,20.224,80.896,20.224,0.0009789777074664646,0.8122151188304135,0.0,0.0
73,Device,Conv2DBackpropFilter,gradient_tape/model/conv2d_50/Conv2D/Conv2DBackpropFilter,4,78.848,19.712,78.848,19.712,0.0009541934617078199,0.8131693122921213,0.0,0.0
74,Device,Conv2DBackpropFilter,gradient_tape/model/conv2d_14/Conv2D/Conv2DBackpropFilter,4,77.824,19.456,77.824,19.456,0.0009418013388284975,0.8141111136309498,0.0,0.0
75,Device,Conv2D,model/conv2d_19/Conv2D,2,75.777,37.8885,75.777,37.8885,0.0009170291947523522,0.8150281428257021,0.0,0.0
76,Device,Conv2D,model/conv2d_15/Conv2D,4,75.776,18.944,75.776,18.944,0.0009170170930698528,0.815945159918772,0.0,0.0
77,Device,Square,conv2d_46/kernel/Regularizer/Square,2,74.753,37.3765,74.753,37.3765,0.0009046370718730299,0.8168497969906451,0.0,0.0
78,Device,Conv2D,model/conv2d_16/Conv2D,2,74.753,37.3765,74.753,37.3765,0.0009046370718730299,0.8177544340625181,0.0,0.0
79,Device,Conv2DBackpropInput,gradient_tape/model/conv2d_20/Conv2D/Conv2DBackpropInput,4,74.752,18.688,74.752,18.688,0.0009046249701905305,0.8186590590327086,0.0,0.0
80,Device,Conv2D,model/conv2d_22/Conv2D,2,74.752,37.376,74.752,37.376,0.0009046249701905305,0.8195636840028991,0.0,0.0
81,Device,Tile,gradient_tape/conv2d_44/kernel/Regularizer/Tile,2,73.728,36.864,73.728,36.864,0.0008922328473112081,0.8204559168502104,0.0,0.0
82,Device,Conv2DBackpropInput,gradient_tape/model/conv2d_23/Conv2D/Conv2DBackpropInput,4,73.728,18.432,73.728,18.432,0.0008922328473112081,0.8213481496975216,0.0,0.0
83,Device,Conv2D,model/conv2d_12/Conv2D,2,73.728,36.864,73.728,36.864,0.0008922328473112081,0.8222403825448328,0.0,0.0
84,Device,Conv2DBackpropInput,gradient_tape/model/conv2d_13/Conv2D/Conv2DBackpropInput,4,72.704,18.176,72.704,18.176,0.0008798407244318858,0.8231202232692647,0.0,0.0
85,Device,Conv2DBackpropInput,gradient_tape/model/conv2d_17/Conv2D/Conv2DBackpropInput,4,72.704,18.176,72.704,18.176,0.0008798407244318858,0.8240000639936966,0.0,0.0
86,Device,Conv2D,model/conv2d_18/Conv2D,4,70.656,17.664,70.656,17.664,0.0008550564786732412,0.8248551204723699,0.0,0.0
87,Device,Conv2D,model/conv2d_21/Conv2D,4,69.632,17.408,69.632,17.408,0.0008426643557939189,0.8256977848281638,0.0,0.0
88,Device,Conv2DBackpropInput,gradient_tape/model/conv2d_24/Conv2D/Conv2DBackpropInput,2,65.536,32.768,65.536,32.768,0.0007930958642766295,0.8264908806924405,0.0,0.0
89,Device,Conv2D,model/conv2d_24/Conv2D,2,65.536,32.768,65.536,32.768,0.0007930958642766295,0.8272839765567171,0.0,0.0
90,Device,Mul,gradient_tape/conv2d_46/kernel/Regularizer/Mul,2,64.512,32.256,64.512,32.256,0.0007807037413973071,0.8280646802981144,0.0,0.0
91,Device,Conv2DBackpropFilter,gradient_tape/model/conv2d_38/Conv2D/Conv2DBackpropFilter,2,64.512,32.256,64.512,32.256,0.0007807037413973071,0.8288453840395117,0.0,0.0
92,Device,Conv2DBackpropFilter,gradient_tape/model/conv2d_27/Conv2D/Conv2DBackpropFilter,2,63.488,31.744,63.488,31.744,0.0007683116185179848,0.8296136956580297,0.0,0.0
93,Device,Conv2DBackpropFilter,gradient_tape/model/conv2d_35/Conv2D/Conv2DBackpropFilter,2,62.464,31.232,62.464,31.232,0.0007559194956386625,0.8303696151536684,0.0,0.0
94,Device,Conv2DBackpropFilter,gradient_tape/model/conv2d_41/Conv2D/Conv2DBackpropFilter,2,62.464,31.232,62.464,31.232,0.0007559194956386625,0.831125534649307,0.0,0.0
95,Device,Conv2DBackpropFilter,gradient_tape/model/conv2d_25/Conv2D/Conv2DBackpropFilter,2,61.441,30.7205,61.441,30.7205,0.0007435394744418395,0.8318690741237489,0.0,0.0
96,Device,Conv2DBackpropFilter,gradient_tape/model/conv2d_29/Conv2D/Conv2DBackpropFilter,2,61.441,30.7205,61.441,30.7205,0.0007435394744418395,0.8326126135981907,0.0,0.0
97,Device,Tile,gradient_tape/conv2d_46/kernel/Regularizer/Tile,2,60.416,30.208,60.416,30.208,0.0007311352498800178,0.8333437488480707,0.0,0.0
98,Device,Conv2DBackpropFilter,gradient_tape/model/conv2d_24/Conv2D/Conv2DBackpropFilter,4,60.416,15.104,60.416,15.104,0.0007311352498800178,0.8340748840979507,0.0,0.0
99,Device,Conv2DBackpropFilter,gradient_tape/model/conv2d_32/Conv2D/Conv2DBackpropFilter,2,60.416,30.208,60.416,30.208,0.0007311352498800178,0.8348060193478307,0.0,0.0
100,Device,Conv2DBackpropInput,gradient_tape/model/conv2d_28/Conv2D/Conv2DBackpropInput,2,59.393,29.6965,59.393,29.6965,0.0007187552286831948,0.8355247745765139,0.0,0.0
101,Device,Conv2DBackpropInput,gradient_tape/model/conv2d_31/Conv2D/Conv2DBackpropInput,2,59.392,29.696,59.392,29.696,0.0007187431270006955,0.8362435177035146,0.0,0.0
102,Device,Conv2DBackpropInput,gradient_tape/model/conv2d_40/Conv2D/Conv2DBackpropInput,2,59.392,29.696,59.392,29.696,0.0007187431270006955,0.8369622608305153,0.0,0.0
103,Device,ResourceApplyGradientDescent,SGD/SGD/update_176/ResourceApplyGradientDescent,2,58.369,29.1845,58.369,29.1845,0.0007063631058038725,0.8376686239363191,0.0,0.0
104,Device,Sum,conv2d_51/kernel/Regularizer/Sum,2,58.368,29.184,58.368,29.184,0.0007063510041213732,0.8383749749404406,0.0,0.0
105,Device,Mul,gradient_tape/conv2d_52/kernel/Regularizer/Mul_1,2,58.368,29.184,58.368,29.184,0.0007063510041213732,0.839081325944562,0.0,0.0
106,Device,Conv2DBackpropInput,gradient_tape/model/conv2d_37/Conv2D/Conv2DBackpropInput,2,58.368,29.184,58.368,29.184,0.0007063510041213732,0.8397876769486834,0.0,0.0
107,Device,AddN,SGD/gradients/AddN_62,2,57.344,28.672,57.344,28.672,0.0006939588812420508,0.8404816358299254,0.0,0.0
108,Device,Conv2DBackpropInput,gradient_tape/model/conv2d_34/Conv2D/Conv2DBackpropInput,2,57.344,28.672,57.344,28.672,0.0006939588812420508,0.8411755947111674,0.0,0.0
109,Device,Conv2DBackpropInput,gradient_tape/model/conv2d_7/Conv2D/Conv2DBackpropInput,4,57.344,14.336,57.344,14.336,0.0006939588812420508,0.8418695535924094,0.0,0.0
110,Device,Conv2DBackpropInput,gradient_tape/model/conv2d_19/Conv2D/Conv2DBackpropInput,2,56.32,28.16,56.32,28.16,0.0006815667583627285,0.8425511203507722,0.0,0.0
111,Device,Mul,gradient_tape/conv2d_47/kernel/Regularizer/Mul_1,2,55.297,27.6485,55.297,27.6485,0.0006691867371659055,0.843220307087938,0.0,0.0
112,Device,Mul,gradient_tape/conv2d_49/kernel/Regularizer/Mul_1,2,55.297,27.6485,55.297,27.6485,0.0006691867371659055,0.8438894938251039,0.0,0.0
113,Device,Sum,conv2d_46/kernel/Regularizer/Sum,2,55.296,27.648,55.296,27.648,0.0006691746354834062,0.8445586684605874,0.0,0.0
114,Device,Mul,gradient_tape/conv2d_50/kernel/Regularizer/Mul_1,2,55.296,27.648,55.296,27.648,0.0006691746354834062,0.8452278430960708,0.0,0.0
115,Device,Conv2DBackpropInput,gradient_tape/model/conv2d_10/Conv2D/Conv2DBackpropInput,4,55.296,13.824,55.296,13.824,0.0006691746354834062,0.8458970177315542,0.0,0.0
116,Device,Conv2DBackpropInput,gradient_tape/model/conv2d_12/Conv2D/Conv2DBackpropInput,2,55.296,27.648,55.296,27.648,0.0006691746354834062,0.8465661923670377,0.0,0.0
117,Device,Conv2DBackpropInput,gradient_tape/model/conv2d_16/Conv2D/Conv2DBackpropInput,2,55.296,27.648,55.296,27.648,0.0006691746354834062,0.8472353670025211,0.0,0.0
118,Device,Conv2DBackpropInput,gradient_tape/model/conv2d_22/Conv2D/Conv2DBackpropInput,2,55.296,27.648,55.296,27.648,0.0006691746354834062,0.8479045416380045,0.0,0.0
119,Device,Conv2DBackpropFilter,gradient_tape/model/conv2d_33/Conv2D/Conv2DBackpropFilter,4,55.296,13.824,55.296,13.824,0.0006691746354834062,0.848573716273488,0.0,0.0
120,Device,Conv2DBackpropFilter,gradient_tape/model/conv2d_39/Conv2D/Conv2DBackpropFilter,4,54.273,13.56825,54.273,13.56825,0.0006567946142865832,0.8492305108877746,0.0,0.0
121,Device,Mul,gradient_tape/conv2d_45/kernel/Regularizer/Mul_1,2,54.272,27.136,54.272,27.136,0.0006567825126040838,0.8498872934003786,0.0,0.0
122,Device,Conv2DBackpropInput,gradient_tape/model/conv2d_11/Conv2D/Conv2DBackpropInput,4,54.272,13.568,54.272,13.568,0.0006567825126040838,0.8505440759129826,0.0,0.0
123,Device,Conv2DBackpropFilter,gradient_tape/model/conv2d_23/Conv2D/Conv2DBackpropFilter,2,54.272,27.136,54.272,27.136,0.0006567825126040838,0.8512008584255867,0.0,0.0
124,Device,Conv2DBackpropFilter,gradient_tape/model/conv2d_26/Conv2D/Conv2DBackpropFilter,4,54.272,13.568,54.272,13.568,0.0006567825126040838,0.8518576409381907,0.0,0.0
125,Device,Conv2DBackpropInput,gradient_tape/model/conv2d_3/Conv2D/Conv2DBackpropInput,4,54.272,13.568,54.272,13.568,0.0006567825126040838,0.8525144234507948,0.0,0.0
126,Device,Conv2DBackpropFilter,gradient_tape/model/conv2d_30/Conv2D/Conv2DBackpropFilter,4,54.272,13.568,54.272,13.568,0.0006567825126040838,0.8531712059633988,0.0,0.0
127,Device,Conv2DBackpropFilter,gradient_tape/model/conv2d_42/Conv2D/Conv2DBackpropFilter,4,54.272,13.568,54.272,13.568,0.0006567825126040838,0.8538279884760028,0.0,0.0
128,Device,AddN,SGD/gradients/AddN_66,2,53.248,26.624,53.248,26.624,0.0006443903897247615,0.8544723788657276,0.0,0.0
129,Device,AddN,SGD/gradients/AddN_68,2,53.248,26.624,53.248,26.624,0.0006443903897247615,0.8551167692554523,0.0,0.0
130,Device,Conv2DBackpropFilter,gradient_tape/model/conv2d_36/Conv2D/Conv2DBackpropFilter,4,53.248,13.312,53.248,13.312,0.0006443903897247615,0.8557611596451771,0.0,0.0
131,Device,FusedBatchNormV3,model/batch_normalization_45/FusedBatchNormV3,4,53.248,13.312,53.248,13.312,0.0006443903897247615,0.8564055500349018,0.0,0.0
132,Device,FusedBatchNormV3,model/batch_normalization_42/FusedBatchNormV3,4,52.225,13.05625,52.225,13.05625,0.0006320103685279384,0.8570375604034297,0.0,0.0
133,Device,AddN,SGD/gradients/AddN_63,2,52.224,26.112,52.224,26.112,0.0006319982668454391,0.8576695586702752,0.0,0.0
134,Device,Sum,conv2d_44/kernel/Regularizer/Sum,2,52.224,26.112,52.224,26.112,0.0006319982668454391,0.8583015569371206,0.0,0.0
135,Device,Conv2DBackpropFilter,gradient_tape/model/conv2d_20/Conv2D/Conv2DBackpropFilter,2,52.224,26.112,52.224,26.112,0.0006319982668454391,0.8589335552039661,0.0,0.0
136,Device,Conv2D,model/conv2d_36/Conv2D,2,52.224,26.112,52.224,26.112,0.0006319982668454391,0.8595655534708115,0.0,0.0
137,Device,Conv2DBackpropFilter,gradient_tape/model/conv2d_18/Conv2D/Conv2DBackpropFilter,4,51.201,12.80025,51.201,12.80025,0.0006196182456486161,0.8601851717164601,0.0,0.0
138,Device,AddN,SGD/gradients/AddN_65,2,51.2,25.6,51.2,25.6,0.0006196061439661168,0.8608047778604263,0.0,0.0
139,Device,Conv2DBackpropFilter,gradient_tape/model/conv2d_17/Conv2D/Conv2DBackpropFilter,2,51.2,25.6,51.2,25.6,0.0006196061439661168,0.8614243840043925,0.0,0.0
140,Device,Conv2DBackpropFilter,gradient_tape/model/conv2d_21/Conv2D/Conv2DBackpropFilter,4,51.2,12.8,51.2,12.8,0.0006196061439661168,0.8620439901483586,0.0,0.0
141,Device,Conv2DBackpropInput,gradient_tape/model/conv2d_4/Conv2D/Conv2DBackpropInput,4,51.2,12.8,51.2,12.8,0.0006196061439661168,0.8626635962923248,0.0,0.0
142,Device,FusedBatchNormV3,model/batch_normalization_48/FusedBatchNormV3,4,51.2,12.8,51.2,12.8,0.0006196061439661168,0.863283202436291,0.0,0.0
143,Device,Conv2D,model/conv2d_26/Conv2D,2,51.2,25.6,51.2,25.6,0.0006196061439661168,0.8639028085802571,0.0,0.0
144,Device,Conv2D,model/conv2d_30/Conv2D,2,51.2,25.6,51.2,25.6,0.0006196061439661168,0.8645224147242233,0.0,0.0
145,Device,Conv2D,model/conv2d_33/Conv2D,2,51.2,25.6,51.2,25.6,0.0006196061439661168,0.8651420208681895,0.0,0.0
146,Device,Conv2D,model/conv2d_39/Conv2D,2,51.2,25.6,51.2,25.6,0.0006196061439661168,0.8657616270121556,0.0,0.0
147,Device,Conv2D,model/conv2d_42/Conv2D,2,51.2,25.6,51.2,25.6,0.0006196061439661168,0.8663812331561218,0.0,0.0
148,Device,Conv2DBackpropFilter,gradient_tape/model/conv2d_13/Conv2D/Conv2DBackpropFilter,2,50.177,25.0885,50.177,25.0885,0.0006072261227692937,0.8669884592788911,0.0,0.0
149,Device,Conv2DBackpropInput,gradient_tape/model/conv2d_9/Conv2D/Conv2DBackpropInput,2,50.177,25.0885,50.177,25.0885,0.0006072261227692937,0.8675956854016604,0.0,0.0
150,Device,FusedBatchNormGradV3,gradient_tape/model/batch_normalization_45/FusedBatchNormGradV3,2,50.176,25.088,50.176,25.088,0.0006072140210867944,0.8682028994227472,0.0,0.0
151,Device,ResourceApplyGradientDescent,SGD/SGD/update_192/ResourceApplyGradientDescent,2,49.152,24.576,49.152,24.576,0.0005948218982074721,0.8687977213209547,0.0,0.0
152,Device,Sum,conv2d_48/kernel/Regularizer/Sum,2,49.152,24.576,49.152,24.576,0.0005948218982074721,0.8693925432191622,0.0,0.0
153,Device,FusedBatchNormGradV3,gradient_tape/model/batch_normalization_42/FusedBatchNormGradV3,2,49.152,24.576,49.152,24.576,0.0005948218982074721,0.8699873651173696,0.0,0.0
154,Device,Conv2DBackpropInput,gradient_tape/model/conv2d_2/Conv2D/Conv2DBackpropInput,2,49.152,24.576,49.152,24.576,0.0005948218982074721,0.8705821870155771,0.0,0.0
155,Device,Conv2DBackpropInput,gradient_tape/model/conv2d_6/Conv2D/Conv2DBackpropInput,2,49.152,24.576,49.152,24.576,0.0005948218982074721,0.8711770089137846,0.0,0.0
156,Device,Conv2D,model/conv2d_2/Conv2D,2,49.152,24.576,49.152,24.576,0.0005948218982074721,0.871771830811992,0.0,0.0
157,Device,Conv2DBackpropFilter,gradient_tape/model/conv2d_12/Conv2D/Conv2DBackpropFilter,2,48.129,24.0645,48.129,24.0645,0.0005824418770106491,0.8723542726890027,0.0,0.0
158,Device,ResourceApplyGradientDescent,SGD/SGD/update_180/ResourceApplyGradientDescent,2,48.128,24.064,48.128,24.064,0.0005824297753281497,0.8729367024643309,0.0,0.0
159,Device,ResourceApplyGradientDescent,SGD/SGD/update_188/ResourceApplyGradientDescent,2,48.128,24.064,48.128,24.064,0.0005824297753281497,0.873519132239659,0.0,0.0
160,Device,ResourceApplyGradientDescent,SGD/SGD/update_200/ResourceApplyGradientDescent,2,48.128,24.064,48.128,24.064,0.0005824297753281497,0.8741015620149872,0.0,0.0
161,Device,Conv2DBackpropFilter,gradient_tape/model/conv2d_15/Conv2D/Conv2DBackpropFilter,4,48.128,12.032,48.128,12.032,0.0005824297753281497,0.8746839917903154,0.0,0.0
162,Device,Conv2DBackpropFilter,gradient_tape/model/conv2d_43/Conv2D/Conv2DBackpropFilter,2,48.128,24.064,48.128,24.064,0.0005824297753281497,0.8752664215656436,0.0,0.0
163,Device,Conv2D,model/conv2d/Conv2D,2,48.128,24.064,48.128,24.064,0.0005824297753281497,0.8758488513409718,0.0,0.0
164,Device,Conv2DBackpropFilter,gradient_tape/model/conv2d/Conv2D/Conv2DBackpropFilter,2,47.104,23.552,47.104,23.552,0.0005700376524488274,0.8764188889934206,0.0,0.0
165,Device,Conv2DBackpropFilter,gradient_tape/model/conv2d_19/Conv2D/Conv2DBackpropFilter,2,47.104,23.552,47.104,23.552,0.0005700376524488274,0.8769889266458694,0.0,0.0
166,Device,Conv2D,model/conv2d_6/Conv2D,2,47.104,23.552,47.104,23.552,0.0005700376524488274,0.8775589642983181,0.0,0.0
167,Device,Conv2D,model/conv2d_9/Conv2D,2,47.104,23.552,47.104,23.552,0.0005700376524488274,0.8781290019507669,0.0,0.0
168,Device,Conv2DBackpropFilter,gradient_tape/model/conv2d_16/Conv2D/Conv2DBackpropFilter,2,46.08,23.04,46.08,23.04,0.0005576455295695051,0.8786866474803364,0.0,0.0
169,Device,Conv2DBackpropFilter,gradient_tape/model/conv2d_22/Conv2D/Conv2DBackpropFilter,2,46.08,23.04,46.08,23.04,0.0005576455295695051,0.8792442930099059,0.0,0.0
170,Device,Conv2D,model/conv2d_14/Conv2D,2,45.056,22.528,45.056,22.528,0.0005452534066901827,0.8797895464165961,0.0,0.0
171,Device,FusedBatchNormGradV3,gradient_tape/model/batch_normalization_48/FusedBatchNormGradV3,2,44.032,22.016,44.032,22.016,0.0005328612838108604,0.880322407700407,0.0,0.0
172,Device,AddN,ArithmeticOptimizer/AddOpsRewrite_AddN_1,12,43.009,3.5840833333333335,43.009,3.5840833333333335,0.0005204812626140374,0.8808428889630211,0.0,0.0
173,Device,Conv2DBackpropFilter,gradient_tape/model/conv2d_10/Conv2D/Conv2DBackpropFilter,2,43.008,21.504,43.008,21.504,0.0005204691609315381,0.8813633581239526,0.0,0.0
174,Device,Conv2DBackpropFilter,gradient_tape/model/conv2d_3/Conv2D/Conv2DBackpropFilter,2,40.96,20.48,40.96,20.48,0.0004956849151728934,0.8818590430391255,0.0,0.0
175,Device,Conv2DBackpropFilter,gradient_tape/model/conv2d_4/Conv2D/Conv2DBackpropFilter,2,40.96,20.48,40.96,20.48,0.0004956849151728934,0.8823547279542985,0.0,0.0
176,Device,Conv2DBackpropFilter,gradient_tape/model/conv2d_5/Conv2D/Conv2DBackpropFilter,2,40.96,20.48,40.96,20.48,0.0004956849151728934,0.8828504128694714,0.0,0.0
177,Device,Conv2DBackpropFilter,gradient_tape/model/conv2d_7/Conv2D/Conv2DBackpropFilter,2,40.96,20.48,40.96,20.48,0.0004956849151728934,0.8833460977846443,0.0,0.0
178,Device,Conv2DBackpropFilter,gradient_tape/model/conv2d_8/Conv2D/Conv2DBackpropFilter,2,40.96,20.48,40.96,20.48,0.0004956849151728934,0.8838417826998173,0.0,0.0
179,Device,Conv2DBackpropInput,gradient_tape/model/conv2d_15/Conv2D/Conv2DBackpropInput,2,39.936,19.968,39.936,19.968,0.0004832927922935711,0.8843250754921108,0.0,0.0
180,Device,Conv2DBackpropInput,gradient_tape/model/conv2d_18/Conv2D/Conv2DBackpropInput,2,39.936,19.968,39.936,19.968,0.0004832927922935711,0.8848083682844043,0.0,0.0
181,Device,Conv2DBackpropFilter,gradient_tape/model/conv2d_6/Conv2D/Conv2DBackpropFilter,2,39.936,19.968,39.936,19.968,0.0004832927922935711,0.8852916610766979,0.0,0.0
182,Device,Conv2DBackpropFilter,gradient_tape/model/conv2d_9/Conv2D/Conv2DBackpropFilter,2,39.936,19.968,39.936,19.968,0.0004832927922935711,0.8857749538689914,0.0,0.0
183,Device,Conv2DBackpropFilter,gradient_tape/model/conv2d_2/Conv2D/Conv2DBackpropFilter,2,38.913,19.4565,38.913,19.4565,0.00047091277109674807,0.8862458666400882,0.0,0.0
184,Device,Square,conv2d_45/kernel/Regularizer/Square,2,38.912,19.456,38.912,19.456,0.00047090066941424876,0.8867167673095024,0.0,0.0
185,Device,Square,conv2d_49/kernel/Regularizer/Square,2,38.912,19.456,38.912,19.456,0.00047090066941424876,0.8871876679789167,0.0,0.0
186,Device,Square,conv2d_50/kernel/Regularizer/Square,2,38.912,19.456,38.912,19.456,0.00047090066941424876,0.8876585686483309,0.0,0.0
187,Device,Square,conv2d_52/kernel/Regularizer/Square,2,38.912,19.456,38.912,19.456,0.00047090066941424876,0.8881294693177452,0.0,0.0
188,Device,Conv2DBackpropInput,gradient_tape/model/conv2d_5/Conv2D/Conv2DBackpropInput,2,38.912,19.456,38.912,19.456,0.00047090066941424876,0.8886003699871594,0.0,0.0
189,Device,Conv2D,model/conv2d_11/Conv2D,2,38.912,19.456,38.912,19.456,0.00047090066941424876,0.8890712706565737,0.0,0.0
190,Device,Conv2D,model/conv2d_8/Conv2D,2,38.912,19.456,38.912,19.456,0.00047090066941424876,0.8895421713259879,0.0,0.0
191,Device,Conv2DBackpropInput,gradient_tape/model/conv2d_21/Conv2D/Conv2DBackpropInput,2,37.888,18.944,37.888,18.944,0.0004585085465349264,0.8900006798725228,0.0,0.0
192,Device,Conv2D,model/conv2d_5/Conv2D,2,37.888,18.944,37.888,18.944,0.0004585085465349264,0.8904591884190578,0.0,0.0
193,Device,Square,conv2d_47/kernel/Regularizer/Square,2,36.864,18.432,36.864,18.432,0.00044611642365560407,0.8909053048427134,0.0,0.0
194,Device,Mul,gradient_tape/conv2d_45/kernel/Regularizer/Mul,2,36.864,18.432,36.864,18.432,0.00044611642365560407,0.8913514212663689,0.0,0.0
195,Device,Conv2DBackpropInput,gradient_tape/model/conv2d_8/Conv2D/Conv2DBackpropInput,2,36.864,18.432,36.864,18.432,0.00044611642365560407,0.8917975376900245,0.0,0.0
196,Device,Tile,gradient_tape/conv2d_47/kernel/Regularizer/Tile,2,34.817,17.4085,34.817,17.4085,0.00042134427957945874,0.8922188819696039,0.0,0.0
197,Device,Conv2DBackpropFilter,gradient_tape/model/conv2d_11/Conv2D/Conv2DBackpropFilter,2,34.816,17.408,34.816,17.408,0.00042133217789695944,0.8926402141475008,0.0,0.0
198,Device,_Recv,IteratorGetNext/_2,2,34.336,17.168,34.336,17.168,0.00041552337029727705,0.8930557375177981,0.0,0.0
199,Device,FusedBatchNormV3,model/batch_normalization_33/FusedBatchNormV3,4,33.793,8.44825,33.793,8.44825,0.0004089521567001364,0.8934646896744982,0.0,0.0
200,Device,Tile,gradient_tape/conv2d_45/kernel/Regularizer/Tile,2,33.792,16.896,33.792,16.896,0.0004089400550176371,0.8938736297295159,0.0,0.0
201,Device,Conv2DBackpropFilter,gradient_tape/model/conv2d_31/Conv2D/Conv2DBackpropFilter,2,33.792,16.896,33.792,16.896,0.0004089400550176371,0.8942825697845336,0.0,0.0
202,Device,Conv2DBackpropFilter,gradient_tape/model/conv2d_34/Conv2D/Conv2DBackpropFilter,2,33.792,16.896,33.792,16.896,0.0004089400550176371,0.8946915098395513,0.0,0.0
203,Device,Conv2D,model/conv2d_13/Conv2D,2,32.77,16.385,32.77,16.385,0.00039657213550331347,0.8950880819750545,0.0,0.0
204,Device,AddN,SGD/gradients/AddN_48,2,32.769,16.3845,32.769,16.3845,0.00039656003382081405,0.8954846420088753,0.0,0.0
205,Device,AddN,SGD/gradients/AddN_51,2,32.768,16.384,32.768,16.384,0.00039654793213831475,0.8958811899410136,0.0,0.0
206,Device,Mul,gradient_tape/conv2d_25/kernel/Regularizer/Mul_1,2,32.768,16.384,32.768,16.384,0.00039654793213831475,0.8962777378731519,0.0,0.0
207,Device,Conv2DBackpropFilter,gradient_tape/model/conv2d_37/Conv2D/Conv2DBackpropFilter,2,32.768,16.384,32.768,16.384,0.00039654793213831475,0.8966742858052902,0.0,0.0
208,Device,Conv2DBackpropFilter,gradient_tape/model/conv2d_40/Conv2D/Conv2DBackpropFilter,2,32.768,16.384,32.768,16.384,0.00039654793213831475,0.8970708337374285,0.0,0.0
209,Device,FusedBatchNormV3,model/batch_normalization_30/FusedBatchNormV3,4,32.768,8.192,32.768,8.192,0.00039654793213831475,0.8974673816695667,0.0,0.0
210,Device,AddN,SGD/gradients/AddN_45,2,31.744,15.872,31.744,15.872,0.0003841558092589924,0.8978515374788257,0.0,0.0
211,Device,AddN,SGD/gradients/AddN_54,2,31.744,15.872,31.744,15.872,0.0003841558092589924,0.8982356932880847,0.0,0.0
212,Device,Sum,conv2d_52/kernel/Regularizer/Sum,2,31.744,15.872,31.744,15.872,0.0003841558092589924,0.8986198490973437,0.0,0.0
213,Device,Mul,gradient_tape/conv2d_43/kernel/Regularizer/Mul_1,2,31.744,15.872,31.744,15.872,0.0003841558092589924,0.8990040049066027,0.0,0.0
214,Device,Conv2DBackpropFilter,gradient_tape/model/conv2d_28/Conv2D/Conv2DBackpropFilter,2,31.744,15.872,31.744,15.872,0.0003841558092589924,0.8993881607158617,0.0,0.0
215,Device,FusedBatchNormV3,model/batch_normalization_24/FusedBatchNormV3,4,31.744,7.936,31.744,7.936,0.0003841558092589924,0.8997723165251207,0.0,0.0
216,Device,FusedBatchNormV3,model/batch_normalization_36/FusedBatchNormV3,4,31.744,7.936,31.744,7.936,0.0003841558092589924,0.9001564723343797,0.0,0.0
217,Device,FusedBatchNormV3,model/batch_normalization_39/FusedBatchNormV3,4,31.744,7.936,31.744,7.936,0.0003841558092589924,0.9005406281436387,0.0,0.0
218,Device,AddN,SGD/gradients/AddN_57,2,30.72,15.36,30.72,15.36,0.00037176368637967006,0.9009123918300184,0.0,0.0
219,Device,Mul,gradient_tape/conv2d_27/kernel/Regularizer/Mul_1,2,30.72,15.36,30.72,15.36,0.00037176368637967006,0.9012841555163981,0.0,0.0
220,Device,Mul,gradient_tape/conv2d_29/kernel/Regularizer/Mul_1,2,30.72,15.36,30.72,15.36,0.00037176368637967006,0.9016559192027778,0.0,0.0
221,Device,Mul,gradient_tape/conv2d_32/kernel/Regularizer/Mul_1,2,30.72,15.36,30.72,15.36,0.00037176368637967006,0.9020276828891575,0.0,0.0
222,Device,Mul,gradient_tape/conv2d_35/kernel/Regularizer/Mul_1,2,30.72,15.36,30.72,15.36,0.00037176368637967006,0.9023994465755372,0.0,0.0
223,Device,Mul,gradient_tape/conv2d_38/kernel/Regularizer/Mul_1,2,30.72,15.36,30.72,15.36,0.00037176368637967006,0.9027712102619169,0.0,0.0
224,Device,Mul,gradient_tape/conv2d_41/kernel/Regularizer/Mul_1,2,30.72,15.36,30.72,15.36,0.00037176368637967006,0.9031429739482966,0.0,0.0
225,Device,FusedBatchNormGradV3,gradient_tape/model/batch_normalization_36/FusedBatchNormGradV3,2,30.72,15.36,30.72,15.36,0.00037176368637967006,0.9035147376346763,0.0,0.0
226,Device,FusedBatchNormGradV3,gradient_tape/model/batch_normalization_39/FusedBatchNormGradV3,2,30.72,15.36,30.72,15.36,0.00037176368637967006,0.903886501321056,0.0,0.0
227,Device,FusedBatchNormV3,model/batch_normalization_27/FusedBatchNormV3,4,30.72,7.68,30.72,7.68,0.00037176368637967006,0.9042582650074357,0.0,0.0
228,Device,Conv2D,model/conv2d_17/Conv2D,2,30.72,15.36,30.72,15.36,0.00037176368637967006,0.9046300286938154,0.0,0.0
229,Device,Conv2D,model/conv2d_20/Conv2D,2,30.72,15.36,30.72,15.36,0.00037176368637967006,0.9050017923801951,0.0,0.0
230,Device,Conv2D,model/conv2d_23/Conv2D,2,30.72,15.36,30.72,15.36,0.00037176368637967006,0.9053735560665748,0.0,0.0
231,Device,Sum,conv2d_49/kernel/Regularizer/Sum,2,29.697,14.8485,29.697,14.8485,0.0003593836651828471,0.9057329397317576,0.0,0.0
232,Device,FusedBatchNormGradV3,gradient_tape/model/batch_normalization_33/FusedBatchNormGradV3,2,29.697,14.8485,29.697,14.8485,0.0003593836651828471,0.9060923233969405,0.0,0.0
233,Device,AddN,SGD/gradients/AddN_42,2,29.696,14.848,29.696,14.848,0.00035937156350034777,0.9064516949604408,0.0,0.0
234,Device,FusedBatchNormGradV3,gradient_tape/model/batch_normalization_24/FusedBatchNormGradV3,2,29.696,14.848,29.696,14.848,0.00035937156350034777,0.9068110665239411,0.0,0.0
235,Device,FusedBatchNormGradV3,gradient_tape/model/batch_normalization_27/FusedBatchNormGradV3,2,29.696,14.848,29.696,14.848,0.00035937156350034777,0.9071704380874414,0.0,0.0
236,Device,FusedBatchNormGradV3,gradient_tape/model/batch_normalization_30/FusedBatchNormGradV3,2,29.696,14.848,29.696,14.848,0.00035937156350034777,0.9075298096509417,0.0,0.0
237,Device,Conv2DBackpropInput,gradient_tape/model/conv2d_1/Conv2D/Conv2DBackpropInput,2,29.696,14.848,29.696,14.848,0.00035937156350034777,0.907889181214442,0.0,0.0
238,Device,Sum,conv2d_50/kernel/Regularizer/Sum,2,28.672,14.336,28.672,14.336,0.0003469794406210254,0.908236160655063,0.0,0.0
239,Device,Sum,conv2d_45/kernel/Regularizer/Sum,2,27.648,13.824,27.648,13.824,0.0003345873177417031,0.9085707479728047,0.0,0.0
240,Device,Sum,conv2d_47/kernel/Regularizer/Sum,2,27.648,13.824,27.648,13.824,0.0003345873177417031,0.9089053352905464,0.0,0.0
241,Device,AddN,SGD/gradients/AddN_59,2,26.624,13.312,26.624,13.312,0.00032219519486238074,0.9092275304854088,0.0,0.0
242,Device,Conv2D,model/conv2d_10/Conv2D,2,26.624,13.312,26.624,13.312,0.00032219519486238074,0.9095497256802713,0.0,0.0
243,Device,Conv2D,model/conv2d_3/Conv2D,2,26.624,13.312,26.624,13.312,0.00032219519486238074,0.9098719208751337,0.0,0.0
244,Device,Conv2D,model/conv2d_4/Conv2D,2,26.624,13.312,26.624,13.312,0.00032219519486238074,0.9101941160699961,0.0,0.0
245,Device,Conv2D,model/conv2d_7/Conv2D,2,26.624,13.312,26.624,13.312,0.00032219519486238074,0.9105163112648585,0.0,0.0
246,Device,Mul,gradient_tape/conv2d_47/kernel/Regularizer/Mul,2,25.6,12.8,25.6,12.8,0.0003098030719830584,0.9108261143368416,0.0,0.0
247,Device,Conv2DBackpropFilter,gradient_tape/model/conv2d_1/Conv2D/Conv2DBackpropFilter,2,24.576,12.288,24.576,12.288,0.00029741094910373605,0.9111235252859453,0.0,0.0
248,Device,BiasAddGrad,gradient_tape/model/conv2d_49/BiasAdd/BiasAddGrad,2,24.576,12.288,24.576,12.288,0.00029741094910373605,0.911420936235049,0.0,0.0
249,Device,MatMul,model/dense/MatMul,2,24.576,12.288,24.576,12.288,0.00029741094910373605,0.9117183471841528,0.0,0.0
250,Device,AddN,SGD/gradients/AddN_41,2,23.552,11.776,23.552,11.776,0.0002850188262244137,0.9120033660103772,0.0,0.0
251,Device,FusedBatchNormV3,model/batch_normalization_21/FusedBatchNormV3,4,23.552,5.888,23.552,5.888,0.0002850188262244137,0.9122883848366017,0.0,0.0
252,Device,FusedBatchNormV3,model/batch_normalization_43/FusedBatchNormV3,4,23.552,5.888,23.552,5.888,0.0002850188262244137,0.9125734036628261,0.0,0.0
253,Device,FusedBatchNormV3,model/batch_normalization_46/FusedBatchNormV3,4,23.552,5.888,23.552,5.888,0.0002850188262244137,0.9128584224890506,0.0,0.0
254,Device,FusedBatchNormV3,model/batch_normalization_47/FusedBatchNormV3,4,23.552,5.888,23.552,5.888,0.0002850188262244137,0.913143441315275,0.0,0.0
255,Device,Square,conv2d_25/kernel/Regularizer/Square,2,22.529,11.2645,22.529,11.2645,0.0002726388050275907,0.9134160801203026,0.0,0.0
256,Device,Sum,conv2d_34/kernel/Regularizer/Sum,2,22.529,11.2645,22.529,11.2645,0.0002726388050275907,0.9136887189253302,0.0,0.0
257,Device,FusedBatchNormV3,model/batch_normalization_15/FusedBatchNormV3,4,22.529,5.63225,22.529,5.63225,0.0002726388050275907,0.9139613577303578,0.0,0.0
258,Device,ResourceApplyGradientDescent,SGD/SGD/update_110/ResourceApplyGradientDescent,2,22.528,11.264,22.528,11.264,0.00027262670334509136,0.9142339844337029,0.0,0.0
259,Device,Sum,conv2d_29/kernel/Regularizer/Sum,2,22.528,11.264,22.528,11.264,0.00027262670334509136,0.9145066111370479,0.0,0.0
260,Device,Square,conv2d_32/kernel/Regularizer/Square,2,22.528,11.264,22.528,11.264,0.00027262670334509136,0.914779237840393,0.0,0.0
261,Device,Sum,conv2d_32/kernel/Regularizer/Sum,2,22.528,11.264,22.528,11.264,0.00027262670334509136,0.915051864543738,0.0,0.0
262,Device,Square,conv2d_35/kernel/Regularizer/Square,2,22.528,11.264,22.528,11.264,0.00027262670334509136,0.915324491247083,0.0,0.0
263,Device,Sum,conv2d_38/kernel/Regularizer/Sum,2,22.528,11.264,22.528,11.264,0.00027262670334509136,0.9155971179504281,0.0,0.0
264,Device,Sum,conv2d_41/kernel/Regularizer/Sum,2,22.528,11.264,22.528,11.264,0.00027262670334509136,0.9158697446537731,0.0,0.0
265,Device,BiasAddGrad,gradient_tape/model/conv2d_46/BiasAdd/BiasAddGrad,2,22.528,11.264,22.528,11.264,0.00027262670334509136,0.9161423713571182,0.0,0.0
266,Device,FusedBatchNormV3,model/batch_normalization_12/FusedBatchNormV3,4,22.528,5.632,22.528,5.632,0.00027262670334509136,0.9164149980604632,0.0,0.0
267,Device,FusedBatchNormV3,model/batch_normalization_18/FusedBatchNormV3,4,22.528,5.632,22.528,5.632,0.00027262670334509136,0.9166876247638083,0.0,0.0
268,Device,FusedBatchNormV3,model/batch_normalization_40/FusedBatchNormV3,4,22.528,5.632,22.528,5.632,0.00027262670334509136,0.9169602514671533,0.0,0.0
269,Device,ResourceApplyGradientDescent,SGD/SGD/update_134/ResourceApplyGradientDescent,2,21.504,10.752,21.504,10.752,0.00026023458046576907,0.9172204860476191,0.0,0.0
270,Device,ResourceApplyGradientDescent,SGD/SGD/update_146/ResourceApplyGradientDescent,2,21.504,10.752,21.504,10.752,0.00026023458046576907,0.9174807206280848,0.0,0.0
271,Device,ResourceApplyGradientDescent,SGD/SGD/update_158/ResourceApplyGradientDescent,2,21.504,10.752,21.504,10.752,0.00026023458046576907,0.9177409552085506,0.0,0.0
272,Device,ResourceApplyGradientDescent,SGD/SGD/update_166/ResourceApplyGradientDescent,2,21.504,10.752,21.504,10.752,0.00026023458046576907,0.9180011897890163,0.0,0.0
273,Device,ResourceApplyGradientDescent,SGD/SGD/update_96/ResourceApplyGradientDescent,2,21.504,10.752,21.504,10.752,0.00026023458046576907,0.9182614243694821,0.0,0.0
274,Device,Square,conv2d_29/kernel/Regularizer/Square,2,21.504,10.752,21.504,10.752,0.00026023458046576907,0.9185216589499479,0.0,0.0
275,Device,Sum,conv2d_30/kernel/Regularizer/Sum,2,21.504,10.752,21.504,10.752,0.00026023458046576907,0.9187818935304136,0.0,0.0
276,Device,Square,conv2d_38/kernel/Regularizer/Square,2,21.504,10.752,21.504,10.752,0.00026023458046576907,0.9190421281108794,0.0,0.0
277,Device,Sum,conv2d_39/kernel/Regularizer/Sum,2,21.504,10.752,21.504,10.752,0.00026023458046576907,0.9193023626913451,0.0,0.0
278,Device,Square,conv2d_41/kernel/Regularizer/Square,2,21.504,10.752,21.504,10.752,0.00026023458046576907,0.9195625972718109,0.0,0.0
279,Device,Sum,conv2d_43/kernel/Regularizer/Sum,2,21.504,10.752,21.504,10.752,0.00026023458046576907,0.9198228318522766,0.0,0.0
280,Device,Mul,gradient_tape/conv2d_27/kernel/Regularizer/Mul,2,21.504,10.752,21.504,10.752,0.00026023458046576907,0.9200830664327424,0.0,0.0
281,Device,Tile,gradient_tape/conv2d_43/kernel/Regularizer/Tile,2,21.504,10.752,21.504,10.752,0.00026023458046576907,0.9203433010132082,0.0,0.0
282,Device,FusedBatchNormGradV3,gradient_tape/model/batch_normalization_15/FusedBatchNormGradV3,2,21.504,10.752,21.504,10.752,0.00026023458046576907,0.9206035355936739,0.0,0.0
283,Device,FusedBatchNormGradV3,gradient_tape/model/batch_normalization_18/FusedBatchNormGradV3,2,21.504,10.752,21.504,10.752,0.00026023458046576907,0.9208637701741397,0.0,0.0
284,Device,BiasAddGrad,gradient_tape/model/conv2d_52/BiasAdd/BiasAddGrad,2,21.504,10.752,21.504,10.752,0.00026023458046576907,0.9211240047546054,0.0,0.0
285,Device,FusedBatchNormV3,model/batch_normalization/FusedBatchNormV3,4,21.504,5.376,21.504,5.376,0.00026023458046576907,0.9213842393350712,0.0,0.0
286,Device,FusedBatchNormV3,model/batch_normalization_41/FusedBatchNormV3,4,21.504,5.376,21.504,5.376,0.00026023458046576907,0.9216444739155369,0.0,0.0
287,Device,Mul,gradient_tape/conv2d_25/kernel/Regularizer/Mul,2,20.481,10.2405,20.481,10.2405,0.0002478545592689461,0.9218923284748058,0.0,0.0
288,Device,FusedBatchNormGradV3,gradient_tape/model/batch_normalization_12/FusedBatchNormGradV3,2,20.481,10.2405,20.481,10.2405,0.0002478545592689461,0.9221401830340747,0.0,0.0
289,Device,ResourceApplyGradientDescent,SGD/SGD/update_100/ResourceApplyGradientDescent,2,20.48,10.24,20.48,10.24,0.0002478424575864467,0.9223880254916612,0.0,0.0
290,Device,ResourceApplyGradientDescent,SGD/SGD/update_122/ResourceApplyGradientDescent,2,20.48,10.24,20.48,10.24,0.0002478424575864467,0.9226358679492477,0.0,0.0
291,Device,Sum,conv2d_25/kernel/Regularizer/Sum,2,20.48,10.24,20.48,10.24,0.0002478424575864467,0.9228837104068341,0.0,0.0
292,Device,Square,conv2d_27/kernel/Regularizer/Square,2,20.48,10.24,20.48,10.24,0.0002478424575864467,0.9231315528644206,0.0,0.0
293,Device,Sum,conv2d_27/kernel/Regularizer/Sum,2,20.48,10.24,20.48,10.24,0.0002478424575864467,0.9233793953220071,0.0,0.0
294,Device,Sum,conv2d_28/kernel/Regularizer/Sum,2,20.48,10.24,20.48,10.24,0.0002478424575864467,0.9236272377795935,0.0,0.0
295,Device,Sum,conv2d_35/kernel/Regularizer/Sum,2,20.48,10.24,20.48,10.24,0.0002478424575864467,0.92387508023718,0.0,0.0
296,Device,Tile,gradient_tape/conv2d_25/kernel/Regularizer/Tile,2,20.48,10.24,20.48,10.24,0.0002478424575864467,0.9241229226947665,0.0,0.0
297,Device,Tile,gradient_tape/conv2d_27/kernel/Regularizer/Tile,2,20.48,10.24,20.48,10.24,0.0002478424575864467,0.924370765152353,0.0,0.0
298,Device,FusedBatchNormGradV3,gradient_tape/model/batch_normalization_21/FusedBatchNormGradV3,2,20.48,10.24,20.48,10.24,0.0002478424575864467,0.9246186076099394,0.0,0.0
299,Device,FusedBatchNormGradV3,gradient_tape/model/batch_normalization_40/FusedBatchNormGradV3,2,20.48,10.24,20.48,10.24,0.0002478424575864467,0.9248664500675259,0.0,0.0
300,Device,FusedBatchNormGradV3,gradient_tape/model/batch_normalization_41/FusedBatchNormGradV3,2,20.48,10.24,20.48,10.24,0.0002478424575864467,0.9251142925251123,0.0,0.0
301,Device,FusedBatchNormGradV3,gradient_tape/model/batch_normalization_46/FusedBatchNormGradV3,2,20.48,10.24,20.48,10.24,0.0002478424575864467,0.9253621349826988,0.0,0.0
302,Device,FusedBatchNormGradV3,gradient_tape/model/batch_normalization_47/FusedBatchNormGradV3,2,20.48,10.24,20.48,10.24,0.0002478424575864467,0.9256099774402853,0.0,0.0
303,Device,FusedBatchNormGradV3,gradient_tape/model/batch_normalization_9/FusedBatchNormGradV3,2,20.48,10.24,20.48,10.24,0.0002478424575864467,0.9258578198978717,0.0,0.0
304,Device,FusedBatchNormV3,model/batch_normalization_44/FusedBatchNormV3,4,20.48,5.12,20.48,5.12,0.0002478424575864467,0.9261056623554582,0.0,0.0
305,Device,FusedBatchNormV3,model/batch_normalization_6/FusedBatchNormV3,4,20.48,5.12,20.48,5.12,0.0002478424575864467,0.9263535048130447,0.0,0.0
306,Device,FusedBatchNormV3,model/batch_normalization_9/FusedBatchNormV3,4,20.48,5.12,20.48,5.12,0.0002478424575864467,0.9266013472706311,0.0,0.0
307,Device,Conv2D,model/conv2d_1/Conv2D,2,20.48,10.24,20.48,10.24,0.0002478424575864467,0.9268491897282176,0.0,0.0
308,Device,Sum,conv2d_31/kernel/Regularizer/Sum,2,19.456,9.728,19.456,9.728,0.00023545033470712438,0.9270846400629248,0.0,0.0
309,Device,Sum,conv2d_36/kernel/Regularizer/Sum,2,19.456,9.728,19.456,9.728,0.00023545033470712438,0.927320090397632,0.0,0.0
310,Device,Sum,conv2d_40/kernel/Regularizer/Sum,2,19.456,9.728,19.456,9.728,0.00023545033470712438,0.9275555407323391,0.0,0.0
311,Device,Sum,conv2d_42/kernel/Regularizer/Sum,2,19.456,9.728,19.456,9.728,0.00023545033470712438,0.9277909910670463,0.0,0.0
312,Device,Square,conv2d_43/kernel/Regularizer/Square,2,19.456,9.728,19.456,9.728,0.00023545033470712438,0.9280264414017535,0.0,0.0
313,Device,FusedBatchNormGradV3,gradient_tape/model/batch_normalization_43/FusedBatchNormGradV3,2,19.456,9.728,19.456,9.728,0.00023545033470712438,0.9282618917364607,0.0,0.0
314,Device,FusedBatchNormGradV3,gradient_tape/model/batch_normalization_44/FusedBatchNormGradV3,2,19.456,9.728,19.456,9.728,0.00023545033470712438,0.9284973420711679,0.0,0.0
315,Device,FusedBatchNormGradV3,gradient_tape/model/batch_normalization_6/FusedBatchNormGradV3,2,19.456,9.728,19.456,9.728,0.00023545033470712438,0.928732792405875,0.0,0.0
316,Device,FusedBatchNormV3,model/batch_normalization_28/FusedBatchNormV3,4,19.456,4.864,19.456,4.864,0.00023545033470712438,0.9289682427405822,0.0,0.0
317,Device,FusedBatchNormV3,model/batch_normalization_3/FusedBatchNormV3,4,19.456,4.864,19.456,4.864,0.00023545033470712438,0.9292036930752894,0.0,0.0
318,Device,AddN,SGD/gradients/AddN_43,2,18.432,9.216,18.432,9.216,0.00022305821182780203,0.9294267512871172,0.0,0.0
319,Device,Sum,conv2d_14/kernel/Regularizer/Sum,2,18.432,9.216,18.432,9.216,0.00022305821182780203,0.9296498094989449,0.0,0.0
320,Device,Sum,conv2d_26/kernel/Regularizer/Sum,2,18.432,9.216,18.432,9.216,0.00022305821182780203,0.9298728677107727,0.0,0.0
321,Device,Sum,conv2d_33/kernel/Regularizer/Sum,2,18.432,9.216,18.432,9.216,0.00022305821182780203,0.9300959259226005,0.0,0.0
322,Device,Sum,conv2d_37/kernel/Regularizer/Sum,2,18.432,9.216,18.432,9.216,0.00022305821182780203,0.9303189841344283,0.0,0.0
323,Device,Mul,gradient_tape/conv2d_26/kernel/Regularizer/Mul_1,2,18.432,9.216,18.432,9.216,0.00022305821182780203,0.930542042346256,0.0,0.0
324,Device,FusedBatchNormGradV3,gradient_tape/model/batch_normalization_3/FusedBatchNormGradV3,2,18.432,9.216,18.432,9.216,0.00022305821182780203,0.9307651005580838,0.0,0.0
325,Device,BiasAddGrad,gradient_tape/model/conv2d_33/BiasAdd/BiasAddGrad,2,18.432,9.216,18.432,9.216,0.00022305821182780203,0.9309881587699116,0.0,0.0
326,Device,BiasAddGrad,gradient_tape/model/conv2d_36/BiasAdd/BiasAddGrad,2,18.432,9.216,18.432,9.216,0.00022305821182780203,0.9312112169817394,0.0,0.0
327,Device,FusedBatchNormV3,model/batch_normalization_23/FusedBatchNormV3,4,18.432,4.608,18.432,4.608,0.00022305821182780203,0.9314342751935671,0.0,0.0
328,Device,FusedBatchNormV3,model/batch_normalization_26/FusedBatchNormV3,4,18.432,4.608,18.432,4.608,0.00022305821182780203,0.9316573334053949,0.0,0.0
329,Device,FusedBatchNormV3,model/batch_normalization_29/FusedBatchNormV3,4,18.432,4.608,18.432,4.608,0.00022305821182780203,0.9318803916172227,0.0,0.0
330,Device,FusedBatchNormV3,model/batch_normalization_32/FusedBatchNormV3,4,18.432,4.608,18.432,4.608,0.00022305821182780203,0.9321034498290505,0.0,0.0
331,Device,FusedBatchNormV3,model/batch_normalization_34/FusedBatchNormV3,4,18.432,4.608,18.432,4.608,0.00022305821182780203,0.9323265080408782,0.0,0.0
332,Device,FusedBatchNormV3,model/batch_normalization_35/FusedBatchNormV3,4,18.432,4.608,18.432,4.608,0.00022305821182780203,0.932549566252706,0.0,0.0
333,Device,FusedBatchNormV3,model/batch_normalization_37/FusedBatchNormV3,4,18.432,4.608,18.432,4.608,0.00022305821182780203,0.9327726244645338,0.0,0.0
334,Device,FusedBatchNormV3,model/batch_normalization_38/FusedBatchNormV3,4,18.432,4.608,18.432,4.608,0.00022305821182780203,0.9329956826763616,0.0,0.0
335,Device,BiasAddGrad,gradient_tape/model/conv2d_42/BiasAdd/BiasAddGrad,2,17.409,8.7045,17.409,8.7045,0.00021067819063097902,0.9332063608669926,0.0,0.0
336,Device,Mul,gradient_tape/conv2d_28/kernel/Regularizer/Mul_1,2,17.408,8.704,17.408,8.704,0.00021066608894847972,0.9334170269559411,0.0,0.0
337,Device,BiasAddGrad,gradient_tape/model/conv2d_27/BiasAdd/BiasAddGrad,2,17.408,8.704,17.408,8.704,0.00021066608894847972,0.9336276930448896,0.0,0.0
338,Device,BiasAddGrad,gradient_tape/model/conv2d_30/BiasAdd/BiasAddGrad,2,17.408,8.704,17.408,8.704,0.00021066608894847972,0.9338383591338381,0.0,0.0
339,Device,FusedBatchNormV3,model/batch_normalization_22/FusedBatchNormV3,4,17.408,4.352,17.408,4.352,0.00021066608894847972,0.9340490252227865,0.0,0.0
340,Device,FusedBatchNormV3,model/batch_normalization_25/FusedBatchNormV3,4,17.408,4.352,17.408,4.352,0.00021066608894847972,0.934259691311735,0.0,0.0
341,Device,Softmax,model/dense/Softmax,2,17.408,8.704,17.408,8.704,0.00021066608894847972,0.9344703574006835,0.0,0.0
342,Device,Sum,conv2d_12/kernel/Regularizer/Sum,2,16.385,8.1925,16.385,8.1925,0.00019828606775165673,0.9346686434684351,0.0,0.0
343,Device,BiasAddGrad,gradient_tape/model/conv2d_39/BiasAdd/BiasAddGrad,2,16.385,8.1925,16.385,8.1925,0.00019828606775165673,0.9348669295361868,0.0,0.0
344,Device,Sum,conv2d_15/kernel/Regularizer/Sum,2,16.384,8.192,16.384,8.192,0.00019827396606915737,0.935065203502256,0.0,0.0
345,Device,Sum,conv2d_19/kernel/Regularizer/Sum,2,16.384,8.192,16.384,8.192,0.00019827396606915737,0.9352634774683252,0.0,0.0
346,Device,Mul,gradient_tape/conv2d_43/kernel/Regularizer/Mul,2,16.384,8.192,16.384,8.192,0.00019827396606915737,0.9354617514343944,0.0,0.0
347,Device,MaxPoolGrad,gradient_tape/model/max_pooling2d/MaxPool/MaxPoolGrad,2,16.384,8.192,16.384,8.192,0.00019827396606915737,0.9356600254004636,0.0,0.0
348,Device,FusedBatchNormV3,model/batch_normalization_31/FusedBatchNormV3,4,16.384,4.096,16.384,4.096,0.00019827396606915737,0.9358582993665328,0.0,0.0
349,Device,BiasAddGrad,gradient_tape/model/conv2d_17/BiasAdd/BiasAddGrad,2,15.361,7.6805,15.361,7.6805,0.0001858939448723344,0.9360441933114051,0.0,0.0
350,Device,ResourceApplyGradientDescent,SGD/SGD/update_102/ResourceApplyGradientDescent,2,15.36,7.68,15.36,7.68,0.00018588184318983503,0.9362300751545949,0.0,0.0
351,Device,Sum,conv2d_18/kernel/Regularizer/Sum,2,15.36,7.68,15.36,7.68,0.00018588184318983503,0.9364159569977847,0.0,0.0
352,Device,Sum,conv2d_22/kernel/Regularizer/Sum,2,15.36,7.68,15.36,7.68,0.00018588184318983503,0.9366018388409745,0.0,0.0
353,Device,Sum,conv2d_24/kernel/Regularizer/Sum,2,15.36,7.68,15.36,7.68,0.00018588184318983503,0.9367877206841643,0.0,0.0
354,Device,FusedBatchNormGradV3,gradient_tape/model/batch_normalization/FusedBatchNormGradV3,2,15.36,7.68,15.36,7.68,0.00018588184318983503,0.9369736025273541,0.0,0.0
355,Device,FusedBatchNormGradV3,gradient_tape/model/batch_normalization_23/FusedBatchNormGradV3,2,15.36,7.68,15.36,7.68,0.00018588184318983503,0.9371594843705439,0.0,0.0
356,Device,FusedBatchNormGradV3,gradient_tape/model/batch_normalization_28/FusedBatchNormGradV3,2,15.36,7.68,15.36,7.68,0.00018588184318983503,0.9373453662137337,0.0,0.0
357,Device,FusedBatchNormGradV3,gradient_tape/model/batch_normalization_29/FusedBatchNormGradV3,2,15.36,7.68,15.36,7.68,0.00018588184318983503,0.9375312480569234,0.0,0.0
358,Device,FusedBatchNormGradV3,gradient_tape/model/batch_normalization_31/FusedBatchNormGradV3,2,15.36,7.68,15.36,7.68,0.00018588184318983503,0.9377171299001132,0.0,0.0
359,Device,FusedBatchNormGradV3,gradient_tape/model/batch_normalization_32/FusedBatchNormGradV3,2,15.36,7.68,15.36,7.68,0.00018588184318983503,0.937903011743303,0.0,0.0
360,Device,FusedBatchNormGradV3,gradient_tape/model/batch_normalization_34/FusedBatchNormGradV3,2,15.36,7.68,15.36,7.68,0.00018588184318983503,0.9380888935864928,0.0,0.0
361,Device,FusedBatchNormGradV3,gradient_tape/model/batch_normalization_35/FusedBatchNormGradV3,2,15.36,7.68,15.36,7.68,0.00018588184318983503,0.9382747754296826,0.0,0.0
362,Device,FusedBatchNormGradV3,gradient_tape/model/batch_normalization_37/FusedBatchNormGradV3,2,15.36,7.68,15.36,7.68,0.00018588184318983503,0.9384606572728724,0.0,0.0
363,Device,BiasAddGrad,gradient_tape/model/conv2d_24/BiasAdd/BiasAddGrad,2,15.36,7.68,15.36,7.68,0.00018588184318983503,0.9386465391160622,0.0,0.0
364,Device,AddN,SGD/gradients/AddN_13,2,14.336,7.168,14.336,7.168,0.0001734897203105127,0.9388200288363727,0.0,0.0
365,Device,AddN,SGD/gradients/AddN_14,2,14.336,7.168,14.336,7.168,0.0001734897203105127,0.9389935185566832,0.0,0.0
366,Device,Sum,conv2d_11/kernel/Regularizer/Sum,2,14.336,7.168,14.336,7.168,0.0001734897203105127,0.9391670082769937,0.0,0.0
367,Device,Sum,conv2d_13/kernel/Regularizer/Sum,2,14.336,7.168,14.336,7.168,0.0001734897203105127,0.9393404979973042,0.0,0.0
368,Device,Sum,conv2d_16/kernel/Regularizer/Sum,2,14.336,7.168,14.336,7.168,0.0001734897203105127,0.9395139877176147,0.0,0.0
369,Device,Sum,conv2d_17/kernel/Regularizer/Sum,2,14.336,7.168,14.336,7.168,0.0001734897203105127,0.9396874774379252,0.0,0.0
370,Device,Sum,conv2d_2/kernel/Regularizer/Sum,2,14.336,7.168,14.336,7.168,0.0001734897203105127,0.9398609671582357,0.0,0.0
371,Device,Sum,conv2d_21/kernel/Regularizer/Sum,2,14.336,7.168,14.336,7.168,0.0001734897203105127,0.9400344568785463,0.0,0.0
372,Device,Sum,conv2d_23/kernel/Regularizer/Sum,2,14.336,7.168,14.336,7.168,0.0001734897203105127,0.9402079465988568,0.0,0.0
373,Device,Square,conv2d_26/kernel/Regularizer/Square,2,14.336,7.168,14.336,7.168,0.0001734897203105127,0.9403814363191673,0.0,0.0
374,Device,Square,conv2d_31/kernel/Regularizer/Square,2,14.336,7.168,14.336,7.168,0.0001734897203105127,0.9405549260394778,0.0,0.0
375,Device,Mul,gradient_tape/conv2d_30/kernel/Regularizer/Mul_1,2,14.336,7.168,14.336,7.168,0.0001734897203105127,0.9407284157597883,0.0,0.0
376,Device,Mul,gradient_tape/conv2d_33/kernel/Regularizer/Mul_1,2,14.336,7.168,14.336,7.168,0.0001734897203105127,0.9409019054800988,0.0,0.0
377,Device,Mul,gradient_tape/conv2d_34/kernel/Regularizer/Mul_1,2,14.336,7.168,14.336,7.168,0.0001734897203105127,0.9410753952004093,0.0,0.0
378,Device,Mul,gradient_tape/conv2d_39/kernel/Regularizer/Mul_1,2,14.336,7.168,14.336,7.168,0.0001734897203105127,0.9412488849207198,0.0,0.0
379,Device,FusedBatchNormGradV3,gradient_tape/model/batch_normalization_22/FusedBatchNormGradV3,2,14.336,7.168,14.336,7.168,0.0001734897203105127,0.9414223746410303,0.0,0.0
380,Device,FusedBatchNormGradV3,gradient_tape/model/batch_normalization_25/FusedBatchNormGradV3,2,14.336,7.168,14.336,7.168,0.0001734897203105127,0.9415958643613408,0.0,0.0
381,Device,FusedBatchNormGradV3,gradient_tape/model/batch_normalization_26/FusedBatchNormGradV3,2,14.336,7.168,14.336,7.168,0.0001734897203105127,0.9417693540816513,0.0,0.0
382,Device,FusedBatchNormGradV3,gradient_tape/model/batch_normalization_38/FusedBatchNormGradV3,2,14.336,7.168,14.336,7.168,0.0001734897203105127,0.9419428438019618,0.0,0.0
383,Device,BiasAddGrad,gradient_tape/model/conv2d_20/BiasAdd/BiasAddGrad,2,14.336,7.168,14.336,7.168,0.0001734897203105127,0.9421163335222723,0.0,0.0
384,Device,BiasAddGrad,gradient_tape/model/conv2d_23/BiasAdd/BiasAddGrad,2,14.336,7.168,14.336,7.168,0.0001734897203105127,0.9422898232425828,0.0,0.0
385,Device,BiasAddGrad,gradient_tape/model/conv2d_43/BiasAdd/BiasAddGrad,2,14.336,7.168,14.336,7.168,0.0001734897203105127,0.9424633129628933,0.0,0.0
386,Device,BiasAddGrad,gradient_tape/model/conv2d_44/BiasAdd/BiasAddGrad,2,14.336,7.168,14.336,7.168,0.0001734897203105127,0.9426368026832038,0.0,0.0
387,Device,BiasAddGrad,gradient_tape/model/conv2d_47/BiasAdd/BiasAddGrad,2,14.336,7.168,14.336,7.168,0.0001734897203105127,0.9428102924035143,0.0,0.0
388,Device,BiasAddGrad,gradient_tape/model/conv2d_48/BiasAdd/BiasAddGrad,2,14.336,7.168,14.336,7.168,0.0001734897203105127,0.9429837821238248,0.0,0.0
389,Device,BiasAddGrad,gradient_tape/model/conv2d_51/BiasAdd/BiasAddGrad,2,14.336,7.168,14.336,7.168,0.0001734897203105127,0.9431572718441353,0.0,0.0
390,Device,BiasAddGrad,gradient_tape/model/conv2d_7/BiasAdd/BiasAddGrad,2,14.336,7.168,14.336,7.168,0.0001734897203105127,0.9433307615644458,0.0,0.0
391,Device,FusedBatchNormV3,model/batch_normalization_10/FusedBatchNormV3,4,14.336,3.584,14.336,3.584,0.0001734897203105127,0.9435042512847563,0.0,0.0
392,Device,FusedBatchNormV3,model/batch_normalization_16/FusedBatchNormV3,4,14.336,3.584,14.336,3.584,0.0001734897203105127,0.9436777410050669,0.0,0.0
393,Device,FusedBatchNormV3,model/batch_normalization_19/FusedBatchNormV3,4,14.336,3.584,14.336,3.584,0.0001734897203105127,0.9438512307253774,0.0,0.0
394,Device,FusedBatchNormV3,model/batch_normalization_7/FusedBatchNormV3,4,14.336,3.584,14.336,3.584,0.0001734897203105127,0.9440247204456879,0.0,0.0
395,Device,FusedBatchNormV3,model/batch_normalization_8/FusedBatchNormV3,4,14.336,3.584,14.336,3.584,0.0001734897203105127,0.9441982101659984,0.0,0.0
396,Device,Sum,conv2d_20/kernel/Regularizer/Sum,2,13.312,6.656,13.312,6.656,0.00016109759743119037,0.9443593077634296,0.0,0.0
397,Device,Square,conv2d_28/kernel/Regularizer/Square,2,13.312,6.656,13.312,6.656,0.00016109759743119037,0.9445204053608608,0.0,0.0
398,Device,Square,conv2d_30/kernel/Regularizer/Square,2,13.312,6.656,13.312,6.656,0.00016109759743119037,0.944681502958292,0.0,0.0
399,Device,Square,conv2d_33/kernel/Regularizer/Square,2,13.312,6.656,13.312,6.656,0.00016109759743119037,0.9448426005557232,0.0,0.0
400,Device,Square,conv2d_40/kernel/Regularizer/Square,2,13.312,6.656,13.312,6.656,0.00016109759743119037,0.9450036981531544,0.0,0.0
401,Device,Square,conv2d_42/kernel/Regularizer/Square,2,13.312,6.656,13.312,6.656,0.00016109759743119037,0.9451647957505857,0.0,0.0
402,Device,Sum,conv2d_8/kernel/Regularizer/Sum,2,13.312,6.656,13.312,6.656,0.00016109759743119037,0.9453258933480169,0.0,0.0
403,Device,Tile,gradient_tape/conv2d_26/kernel/Regularizer/Tile,2,13.312,6.656,13.312,6.656,0.00016109759743119037,0.9454869909454481,0.0,0.0
404,Device,Tile,gradient_tape/conv2d_28/kernel/Regularizer/Tile,2,13.312,6.656,13.312,6.656,0.00016109759743119037,0.9456480885428793,0.0,0.0
405,Device,Mul,gradient_tape/conv2d_31/kernel/Regularizer/Mul_1,2,13.312,6.656,13.312,6.656,0.00016109759743119037,0.9458091861403105,0.0,0.0
406,Device,Mul,gradient_tape/conv2d_36/kernel/Regularizer/Mul_1,2,13.312,6.656,13.312,6.656,0.00016109759743119037,0.9459702837377417,0.0,0.0
407,Device,Mul,gradient_tape/conv2d_40/kernel/Regularizer/Mul_1,2,13.312,6.656,13.312,6.656,0.00016109759743119037,0.9461313813351729,0.0,0.0
408,Device,BiasAddGrad,gradient_tape/model/conv2d/BiasAdd/BiasAddGrad,2,13.312,6.656,13.312,6.656,0.00016109759743119037,0.9462924789326042,0.0,0.0
409,Device,BiasAddGrad,gradient_tape/model/conv2d_14/BiasAdd/BiasAddGrad,2,13.312,6.656,13.312,6.656,0.00016109759743119037,0.9464535765300354,0.0,0.0
410,Device,BiasAddGrad,gradient_tape/model/conv2d_4/BiasAdd/BiasAddGrad,2,13.312,6.656,13.312,6.656,0.00016109759743119037,0.9466146741274666,0.0,0.0
411,Device,BiasAddGrad,gradient_tape/model/conv2d_50/BiasAdd/BiasAddGrad,2,13.312,6.656,13.312,6.656,0.00016109759743119037,0.9467757717248978,0.0,0.0
412,Device,MatMul,gradient_tape/model/dense/MatMul/MatMul,2,13.312,6.656,13.312,6.656,0.00016109759743119037,0.946936869322329,0.0,0.0
413,Device,FusedBatchNormV3,model/batch_normalization_1/FusedBatchNormV3,4,13.312,3.328,13.312,3.328,0.00016109759743119037,0.9470979669197602,0.0,0.0
414,Device,FusedBatchNormV3,model/batch_normalization_11/FusedBatchNormV3,4,13.312,3.328,13.312,3.328,0.00016109759743119037,0.9472590645171914,0.0,0.0
415,Device,FusedBatchNormV3,model/batch_normalization_13/FusedBatchNormV3,4,13.312,3.328,13.312,3.328,0.00016109759743119037,0.9474201621146227,0.0,0.0
416,Device,FusedBatchNormV3,model/batch_normalization_14/FusedBatchNormV3,4,13.312,3.328,13.312,3.328,0.00016109759743119037,0.9475812597120539,0.0,0.0
417,Device,FusedBatchNormV3,model/batch_normalization_17/FusedBatchNormV3,4,13.312,3.328,13.312,3.328,0.00016109759743119037,0.9477423573094851,0.0,0.0
418,Device,FusedBatchNormV3,model/batch_normalization_2/FusedBatchNormV3,4,13.312,3.328,13.312,3.328,0.00016109759743119037,0.9479034549069163,0.0,0.0
419,Device,FusedBatchNormV3,model/batch_normalization_4/FusedBatchNormV3,4,13.312,3.328,13.312,3.328,0.00016109759743119037,0.9480645525043475,0.0,0.0
420,Device,AddN,SGD/gradients/AddN_58,2,12.289,6.1445,12.289,6.1445,0.00014871757623436736,0.9482132700805819,0.0,0.0
421,Device,AddN,SGD/gradients/AddN_29,2,12.288,6.144,12.288,6.144,0.00014870547455186802,0.9483619755551337,0.0,0.0
422,Device,AddN,SGD/gradients/AddN_44,2,12.288,6.144,12.288,6.144,0.00014870547455186802,0.9485106810296855,0.0,0.0
423,Device,AddN,SGD/gradients/AddN_47,2,12.288,6.144,12.288,6.144,0.00014870547455186802,0.9486593865042373,0.0,0.0
424,Device,AddN,SGD/gradients/AddN_49,2,12.288,6.144,12.288,6.144,0.00014870547455186802,0.9488080919787891,0.0,0.0
425,Device,AddN,SGD/gradients/AddN_52,2,12.288,6.144,12.288,6.144,0.00014870547455186802,0.9489567974533409,0.0,0.0
426,Device,AddN,SGD/gradients/AddN_53,2,12.288,6.144,12.288,6.144,0.00014870547455186802,0.9491055029278928,0.0,0.0
427,Device,AddN,SGD/gradients/AddN_55,2,12.288,6.144,12.288,6.144,0.00014870547455186802,0.9492542084024446,0.0,0.0
428,Device,AddN,SGD/gradients/AddN_56,2,12.288,6.144,12.288,6.144,0.00014870547455186802,0.9494029138769964,0.0,0.0
429,Device,Square,conv2d_34/kernel/Regularizer/Square,2,12.288,6.144,12.288,6.144,0.00014870547455186802,0.9495516193515482,0.0,0.0
430,Device,Square,conv2d_36/kernel/Regularizer/Square,2,12.288,6.144,12.288,6.144,0.00014870547455186802,0.9497003248261,0.0,0.0
431,Device,Square,conv2d_37/kernel/Regularizer/Square,2,12.288,6.144,12.288,6.144,0.00014870547455186802,0.9498490303006518,0.0,0.0
432,Device,Square,conv2d_39/kernel/Regularizer/Square,2,12.288,6.144,12.288,6.144,0.00014870547455186802,0.9499977357752036,0.0,0.0
433,Device,Sum,conv2d_4/kernel/Regularizer/Sum,2,12.288,6.144,12.288,6.144,0.00014870547455186802,0.9501464412497554,0.0,0.0
434,Device,Sum,conv2d_6/kernel/Regularizer/Sum,2,12.288,6.144,12.288,6.144,0.00014870547455186802,0.9502951467243073,0.0,0.0
435,Device,Tile,gradient_tape/conv2d_11/kernel/Regularizer/Tile,2,12.288,6.144,12.288,6.144,0.00014870547455186802,0.9504438521988591,0.0,0.0
436,Device,Mul,gradient_tape/conv2d_12/kernel/Regularizer/Mul,2,12.288,6.144,12.288,6.144,0.00014870547455186802,0.9505925576734109,0.0,0.0
437,Device,Tile,gradient_tape/conv2d_12/kernel/Regularizer/Tile,2,12.288,6.144,12.288,6.144,0.00014870547455186802,0.9507412631479627,0.0,0.0
438,Device,Tile,gradient_tape/conv2d_13/kernel/Regularizer/Tile,2,12.288,6.144,12.288,6.144,0.00014870547455186802,0.9508899686225145,0.0,0.0
439,Device,Mul,gradient_tape/conv2d_14/kernel/Regularizer/Mul_1,2,12.288,6.144,12.288,6.144,0.00014870547455186802,0.9510386740970663,0.0,0.0
440,Device,Tile,gradient_tape/conv2d_14/kernel/Regularizer/Tile,2,12.288,6.144,12.288,6.144,0.00014870547455186802,0.9511873795716181,0.0,0.0
441,Device,Tile,gradient_tape/conv2d_15/kernel/Regularizer/Tile,2,12.288,6.144,12.288,6.144,0.00014870547455186802,0.95133608504617,0.0,0.0
442,Device,Tile,gradient_tape/conv2d_2/kernel/Regularizer/Tile,2,12.288,6.144,12.288,6.144,0.00014870547455186802,0.9514847905207218,0.0,0.0
443,Device,Mul,gradient_tape/conv2d_24/kernel/Regularizer/Mul_1,2,12.288,6.144,12.288,6.144,0.00014870547455186802,0.9516334959952736,0.0,0.0
444,Device,Tile,gradient_tape/conv2d_24/kernel/Regularizer/Tile,2,12.288,6.144,12.288,6.144,0.00014870547455186802,0.9517822014698254,0.0,0.0
445,Device,Mul,gradient_tape/conv2d_37/kernel/Regularizer/Mul_1,2,12.288,6.144,12.288,6.144,0.00014870547455186802,0.9519309069443772,0.0,0.0
446,Device,Mul,gradient_tape/conv2d_42/kernel/Regularizer/Mul_1,2,12.288,6.144,12.288,6.144,0.00014870547455186802,0.952079612418929,0.0,0.0
447,Device,BiasAddGrad,gradient_tape/model/conv2d_10/BiasAdd/BiasAddGrad,2,12.288,6.144,12.288,6.144,0.00014870547455186802,0.9522283178934808,0.0,0.0
448,Device,BiasAddGrad,gradient_tape/model/conv2d_25/BiasAdd/BiasAddGrad,2,12.288,6.144,12.288,6.144,0.00014870547455186802,0.9523770233680326,0.0,0.0
449,Device,BiasAddGrad,gradient_tape/model/conv2d_28/BiasAdd/BiasAddGrad,2,12.288,6.144,12.288,6.144,0.00014870547455186802,0.9525257288425845,0.0,0.0
450,Device,BiasAddGrad,gradient_tape/model/conv2d_29/BiasAdd/BiasAddGrad,2,12.288,6.144,12.288,6.144,0.00014870547455186802,0.9526744343171363,0.0,0.0
451,Device,BiasAddGrad,gradient_tape/model/conv2d_31/BiasAdd/BiasAddGrad,2,12.288,6.144,12.288,6.144,0.00014870547455186802,0.9528231397916881,0.0,0.0
452,Device,BiasAddGrad,gradient_tape/model/conv2d_32/BiasAdd/BiasAddGrad,2,12.288,6.144,12.288,6.144,0.00014870547455186802,0.9529718452662399,0.0,0.0
453,Device,BiasAddGrad,gradient_tape/model/conv2d_34/BiasAdd/BiasAddGrad,2,12.288,6.144,12.288,6.144,0.00014870547455186802,0.9531205507407917,0.0,0.0
454,Device,BiasAddGrad,gradient_tape/model/conv2d_35/BiasAdd/BiasAddGrad,2,12.288,6.144,12.288,6.144,0.00014870547455186802,0.9532692562153435,0.0,0.0
455,Device,BiasAddGrad,gradient_tape/model/conv2d_37/BiasAdd/BiasAddGrad,2,12.288,6.144,12.288,6.144,0.00014870547455186802,0.9534179616898953,0.0,0.0
456,Device,BiasAddGrad,gradient_tape/model/conv2d_38/BiasAdd/BiasAddGrad,2,12.288,6.144,12.288,6.144,0.00014870547455186802,0.9535666671644472,0.0,0.0
457,Device,BiasAddGrad,gradient_tape/model/conv2d_40/BiasAdd/BiasAddGrad,2,12.288,6.144,12.288,6.144,0.00014870547455186802,0.953715372638999,0.0,0.0
458,Device,BiasAddGrad,gradient_tape/model/conv2d_41/BiasAdd/BiasAddGrad,2,12.288,6.144,12.288,6.144,0.00014870547455186802,0.9538640781135508,0.0,0.0
459,Device,Relu,model/activation/Relu,2,12.288,6.144,12.288,6.144,0.00014870547455186802,0.9540127835881026,0.0,0.0
460,Device,FusedBatchNormV3,model/batch_normalization_20/FusedBatchNormV3,4,12.288,3.072,12.288,3.072,0.00014870547455186802,0.9541614890626544,0.0,0.0
461,Device,FusedBatchNormV3,model/batch_normalization_5/FusedBatchNormV3,4,12.288,3.072,12.288,3.072,0.00014870547455186802,0.9543101945372062,0.0,0.0
462,Device,AddN,SGD/gradients/AddN_12,2,11.264,5.632,11.264,5.632,0.00013631335167254568,0.9544465078888787,0.0,0.0
463,Device,AddN,SGD/gradients/AddN_46,2,11.264,5.632,11.264,5.632,0.00013631335167254568,0.9545828212405513,0.0,0.0
464,Device,AddN,SGD/gradients/AddN_50,2,11.264,5.632,11.264,5.632,0.00013631335167254568,0.9547191345922238,0.0,0.0
465,Device,Sum,conv2d_10/kernel/Regularizer/Sum,2,11.264,5.632,11.264,5.632,0.00013631335167254568,0.9548554479438963,0.0,0.0
466,Device,Sum,conv2d_7/kernel/Regularizer/Sum,2,11.264,5.632,11.264,5.632,0.00013631335167254568,0.9549917612955688,0.0,0.0
467,Device,Sum,conv2d_9/kernel/Regularizer/Sum,2,11.264,5.632,11.264,5.632,0.00013631335167254568,0.9551280746472414,0.0,0.0
468,Device,Mul,gradient_tape/conv2d_12/kernel/Regularizer/Mul_1,2,11.264,5.632,11.264,5.632,0.00013631335167254568,0.9552643879989139,0.0,0.0
469,Device,ReluGrad,gradient_tape/model/activation_21/ReluGrad,2,11.264,5.632,11.264,5.632,0.00013631335167254568,0.9554007013505864,0.0,0.0
470,Device,FusedBatchNormGradV3,gradient_tape/model/batch_normalization_1/FusedBatchNormGradV3,2,11.264,5.632,11.264,5.632,0.00013631335167254568,0.9555370147022589,0.0,0.0
471,Device,FusedBatchNormGradV3,gradient_tape/model/batch_normalization_11/FusedBatchNormGradV3,2,11.264,5.632,11.264,5.632,0.00013631335167254568,0.9556733280539315,0.0,0.0
472,Device,FusedBatchNormGradV3,gradient_tape/model/batch_normalization_19/FusedBatchNormGradV3,2,11.264,5.632,11.264,5.632,0.00013631335167254568,0.955809641405604,0.0,0.0
473,Device,FusedBatchNormGradV3,gradient_tape/model/batch_normalization_2/FusedBatchNormGradV3,2,11.264,5.632,11.264,5.632,0.00013631335167254568,0.9559459547572765,0.0,0.0
474,Device,FusedBatchNormGradV3,gradient_tape/model/batch_normalization_4/FusedBatchNormGradV3,2,11.264,5.632,11.264,5.632,0.00013631335167254568,0.956082268108949,0.0,0.0
475,Device,FusedBatchNormGradV3,gradient_tape/model/batch_normalization_5/FusedBatchNormGradV3,2,11.264,5.632,11.264,5.632,0.00013631335167254568,0.9562185814606216,0.0,0.0
476,Device,FusedBatchNormGradV3,gradient_tape/model/batch_normalization_7/FusedBatchNormGradV3,2,11.264,5.632,11.264,5.632,0.00013631335167254568,0.9563548948122941,0.0,0.0
477,Device,AddN,SGD/gradients/AddN_30,2,10.24,5.12,10.24,5.12,0.00012392122879322336,0.9564788160410873,0.0,0.0
478,Device,Sum,conv2d/kernel/Regularizer/Sum,2,10.24,5.12,10.24,5.12,0.00012392122879322336,0.9566027372698805,0.0,0.0
479,Device,Sum,conv2d_1/kernel/Regularizer/Sum,2,10.24,5.12,10.24,5.12,0.00012392122879322336,0.9567266584986738,0.0,0.0
480,Device,Square,conv2d_16/kernel/Regularizer/Square,2,10.24,5.12,10.24,5.12,0.00012392122879322336,0.956850579727467,0.0,0.0
481,Device,Square,conv2d_19/kernel/Regularizer/Square,2,10.24,5.12,10.24,5.12,0.00012392122879322336,0.9569745009562602,0.0,0.0
482,Device,Square,conv2d_22/kernel/Regularizer/Square,2,10.24,5.12,10.24,5.12,0.00012392122879322336,0.9570984221850535,0.0,0.0
483,Device,Sum,conv2d_3/kernel/Regularizer/Sum,2,10.24,5.12,10.24,5.12,0.00012392122879322336,0.9572223434138467,0.0,0.0
484,Device,Sum,conv2d_5/kernel/Regularizer/Sum,2,10.24,5.12,10.24,5.12,0.00012392122879322336,0.9573462646426399,0.0,0.0
485,Device,Mul,gradient_tape/conv2d_14/kernel/Regularizer/Mul,2,10.24,5.12,10.24,5.12,0.00012392122879322336,0.9574701858714332,0.0,0.0
486,Device,Mul,gradient_tape/conv2d_16/kernel/Regularizer/Mul_1,2,10.24,5.12,10.24,5.12,0.00012392122879322336,0.9575941071002264,0.0,0.0
487,Device,Mul,gradient_tape/conv2d_24/kernel/Regularizer/Mul,2,10.24,5.12,10.24,5.12,0.00012392122879322336,0.9577180283290196,0.0,0.0
488,Device,Mul,gradient_tape/conv2d_26/kernel/Regularizer/Mul,2,10.24,5.12,10.24,5.12,0.00012392122879322336,0.9578419495578129,0.0,0.0
489,Device,Mul,gradient_tape/conv2d_28/kernel/Regularizer/Mul,2,10.24,5.12,10.24,5.12,0.00012392122879322336,0.9579658707866061,0.0,0.0
490,Device,ReluGrad,gradient_tape/model/activation_9/ReluGrad,2,10.24,5.12,10.24,5.12,0.00012392122879322336,0.9580897920153993,0.0,0.0
491,Device,FusedBatchNormGradV3,gradient_tape/model/batch_normalization_10/FusedBatchNormGradV3,2,10.24,5.12,10.24,5.12,0.00012392122879322336,0.9582137132441926,0.0,0.0
492,Device,FusedBatchNormGradV3,gradient_tape/model/batch_normalization_13/FusedBatchNormGradV3,2,10.24,5.12,10.24,5.12,0.00012392122879322336,0.9583376344729858,0.0,0.0
493,Device,FusedBatchNormGradV3,gradient_tape/model/batch_normalization_14/FusedBatchNormGradV3,2,10.24,5.12,10.24,5.12,0.00012392122879322336,0.958461555701779,0.0,0.0
494,Device,FusedBatchNormGradV3,gradient_tape/model/batch_normalization_16/FusedBatchNormGradV3,2,10.24,5.12,10.24,5.12,0.00012392122879322336,0.9585854769305723,0.0,0.0
495,Device,FusedBatchNormGradV3,gradient_tape/model/batch_normalization_17/FusedBatchNormGradV3,2,10.24,5.12,10.24,5.12,0.00012392122879322336,0.9587093981593655,0.0,0.0
496,Device,FusedBatchNormGradV3,gradient_tape/model/batch_normalization_20/FusedBatchNormGradV3,2,10.24,5.12,10.24,5.12,0.00012392122879322336,0.9588333193881587,0.0,0.0
497,Device,FusedBatchNormGradV3,gradient_tape/model/batch_normalization_8/FusedBatchNormGradV3,2,10.24,5.12,10.24,5.12,0.00012392122879322336,0.958957240616952,0.0,0.0
498,Device,BiasAddGrad,gradient_tape/model/conv2d_11/BiasAdd/BiasAddGrad,2,10.24,5.12,10.24,5.12,0.00012392122879322336,0.9590811618457452,0.0,0.0
499,Device,BiasAddGrad,gradient_tape/model/conv2d_16/BiasAdd/BiasAddGrad,2,10.24,5.12,10.24,5.12,0.00012392122879322336,0.9592050830745384,0.0,0.0
500,Device,BiasAddGrad,gradient_tape/model/conv2d_19/BiasAdd/BiasAddGrad,2,10.24,5.12,10.24,5.12,0.00012392122879322336,0.9593290043033317,0.0,0.0
501,Host,IDLE,IDLE,0,169499.678,0.0,169499.678,0.0,0.0,0.0,0.9974971601143053,0.9974971601143053
502,Host,GatherV2,GatherV2,2,71.091,35.5455,71.091,35.5455,0.0,0.0,0.00041836699306110816,0.9979155271073664
503,Host,Dataset,Iterator::Root::ParallelMapV2,2,51.43,25.715,51.43,25.715,0.0,0.0,0.0003026629876233672,0.9982181900949898
504,Host,Dataset,Iterator::Root::ParallelMapV2::Zip[1]::ForeverRepeat,2,54.861,27.4305,50.38,25.19,0.0,0.0,0.00029648378993710363,0.9985146738849269
505,Host,FlushSummaryWriter,FlushSummaryWriter,1,44.861,44.861,44.861,44.861,0.0,0.0,0.00026400474990806677,0.9987786786348349
506,Host,Dataset,Iterator::Root,2,86.321,43.1605,34.891,17.4455,0.0,0.0,0.0002053317966394498,0.9989840104314743
507,Host,LogicalAnd,LogicalAnd,1,30.84,30.84,30.84,30.84,0.0,0.0,0.00018149186347082722,0.9991655022949452
508,Host,Dataset,Iterator::Root::ParallelMapV2::Zip[0]::FlatMap,2,50.541,25.2705,29.861,14.9305,0.0,0.0,0.0001757304972471586,0.9993412327921923
509,Host,IteratorGetNext,IteratorGetNext,2,27.55,13.775,27.55,13.775,0.0,0.0,0.00016213037738720134,0.9995033631695796
510,Host,WriteSummary,WriteSummary,1,22.39,22.39,22.39,22.39,0.0,0.0,0.00013176403447184894,0.9996351272040515
511,Host,Dataset,Iterator::Root::ParallelMapV2::Zip[0]::FlatMap[1]::TensorSlice,2,20.68,10.34,20.68,10.34,0.0,0.0,0.0001217007696685054,0.99975682797372
512,Host,GatherV2,GatherV2_1,2,16.92,8.46,16.92,8.46,0.0,0.0,9.957335700150444e-05,0.9998564013307215
513,Host,Dataset,Iterator::Root::ParallelMapV2::Zip,2,115.962,57.981,10.56,5.28,0.0,0.0,6.214507387327936e-05,0.9999185464045948
514,Host,ReadVariableOp,ReadVariableOp,1,6.31,6.31,6.31,6.31,0.0,0.0,3.713403561935537e-05,0.9999556804402141
515,Host,Dataset,Iterator::Root::ParallelMapV2::Zip[1]::ForeverRepeat::FromTensor,4,4.481,1.12025,4.481,1.12025,0.0,0.0,2.6370461744901968e-05,0.999982050901959
516,Host,Identity,Identity,2,3.05,1.525,3.05,1.525,0.0,0.0,1.7949098041051328e-05,1.0
