Rank,Host/device,Type,Operation,#Occurrences,Total time (us),Avg. time (us),Total self-time (us),Avg. self-time (us),Total self-time on Device (%),Cumulative total-self time on Device (%),Total self-time on Host (%),Cumulative total-self time on Host (%)
1,Device,_Send,IteratorGetNext/_1,2,16999.835,8499.9175,16999.835,8499.9175,0.016435585410345007,0.016435585410345007,0.0,0.0
2,Device,IDLE,IDLE,0,15421.529,0.0,15421.529,0.0,0.014909665713673836,0.03134525112401884,0.0,0.0
3,Device,FusedBatchNormGradV3,gradient_tape/model/batch_normalization_3/FusedBatchNormGradV3,2,12124.18,6062.09,12124.18,6062.09,0.011721760588876112,0.043067011712894954,0.0,0.0
4,Device,FusedBatchNormGradV3,gradient_tape/model/batch_normalization_9/FusedBatchNormGradV3,2,12093.46,6046.73,12093.46,6046.73,0.011692060230972296,0.05475907194386725,0.0,0.0
5,Device,FusedBatchNormGradV3,gradient_tape/model/batch_normalization_6/FusedBatchNormGradV3,2,12011.538,6005.769,12011.538,6005.769,0.011612857342945074,0.06637192928681232,0.0,0.0
6,Device,FusedBatchNormGradV3,gradient_tape/model/batch_normalization/FusedBatchNormGradV3,2,11487.25,5743.625,11487.25,5743.625,0.011105971234719967,0.07747790052153229,0.0,0.0
7,Device,Conv2DBackpropFilter,gradient_tape/model/conv2d/Conv2D/Conv2DBackpropFilter,2,9422.862,4711.431,9422.862,4711.431,0.009110103316349503,0.08658800383788179,0.0,0.0
8,Device,MaxPoolGrad,gradient_tape/model/max_pooling2d/MaxPool/MaxPoolGrad,2,9067.534,4533.767,9067.534,4533.767,0.008766569176595379,0.09535457301447717,0.0,0.0
9,Device,FusedBatchNormV3,model/batch_normalization_3/FusedBatchNormV3,4,7244.812,1811.203,7244.812,1811.203,0.007004346007351979,0.10235891902182914,0.0,0.0
10,Device,FusedBatchNormV3,model/batch_normalization_6/FusedBatchNormV3,4,7214.092,1803.523,7214.092,1803.523,0.006974645649448164,0.1093335646712773,0.0,0.0
11,Device,ReluGrad,gradient_tape/model/activation_6/ReluGrad,2,7211.02,3605.51,7211.02,3605.51,0.0069716756136577835,0.1163052402849351,0.0,0.0
12,Device,ReluGrad,gradient_tape/model/activation_9/ReluGrad,2,7206.923,3603.4615,7206.923,3603.4615,0.006967714599128749,0.12327295488406384,0.0,0.0
13,Device,FusedBatchNormV3,model/batch_normalization_9/FusedBatchNormV3,4,7203.852,1800.963,7203.852,1800.963,0.006964745530146893,0.13023770041421073,0.0,0.0
14,Device,ReluGrad,gradient_tape/model/activation_3/ReluGrad,2,7191.564,3595.782,7191.564,3595.782,0.006952865386985367,0.1371905658011961,0.0,0.0
15,Device,ReluGrad,gradient_tape/model/activation/ReluGrad,2,7174.156,3587.078,7174.156,3587.078,0.0069360351841732054,0.1441266009853693,0.0,0.0
16,Device,Conv2DBackpropInput,gradient_tape/model/conv2d_14/Conv2D/Conv2DBackpropInput,2,6981.643,3490.8215,6981.643,3490.8215,0.006749911974500773,0.1508765129598701,0.0,0.0
17,Device,AddN,SGD/gradients/AddN_12,2,6893.578,3446.789,6893.578,3446.789,0.006664769981701312,0.1575412829415714,0.0,0.0
18,Device,AddN,SGD/gradients/AddN_14,2,6874.123,3437.0615,6874.123,3437.0615,0.006645960721837421,0.16418724366340884,0.0,0.0
19,Device,AddN,SGD/gradients/AddN_13,2,6853.644,3426.822,6853.644,3426.822,0.006626161450043404,0.17081340511345225,0.0,0.0
20,Device,FusedBatchNormV3,model/batch_normalization/FusedBatchNormV3,4,6809.611,1702.40275,6809.611,1702.40275,0.00658358997023941,0.17739699508369167,0.0,0.0
21,Device,AddV2,model/add/add,2,6583.306,3291.653,6583.306,3291.653,0.006364796366872781,0.18376179145056445,0.0,0.0
22,Device,AddV2,model/add_1/add,2,6550.538,3275.269,6550.538,3275.269,0.006333115985108712,0.19009490743567317,0.0,0.0
23,Device,AddV2,model/add_2/add,2,6530.058,3265.029,6530.058,3265.029,0.006313315746506169,0.19640822318217935,0.0,0.0
24,Device,Conv2D,model/conv2d/Conv2D,2,6470.667,3235.3335,6470.667,3235.3335,0.00625589602136732,0.20266411920354666,0.0,0.0
25,Device,Conv2DBackpropFilter,gradient_tape/model/conv2d_2/Conv2D/Conv2DBackpropFilter,2,6069.258,3034.629,6069.258,3034.629,0.005867810377948946,0.2085319295814956,0.0,0.0
26,Device,Conv2DBackpropFilter,gradient_tape/model/conv2d_9/Conv2D/Conv2DBackpropFilter,2,6068.233,3034.1165,6068.233,3034.1165,0.005866819399210294,0.2143987489807059,0.0,0.0
27,Device,Conv2DBackpropFilter,gradient_tape/model/conv2d_6/Conv2D/Conv2DBackpropFilter,2,6066.186,3033.093,6066.186,3033.093,0.005864840342158564,0.22026358932286447,0.0,0.0
28,Device,FusedBatchNormGradV3,gradient_tape/model/batch_normalization_15/FusedBatchNormGradV3,2,5956.617,2978.3085,5956.617,2978.3085,0.005758908098826433,0.2260224974216909,0.0,0.0
29,Device,FusedBatchNormGradV3,gradient_tape/model/batch_normalization_18/FusedBatchNormGradV3,2,5787.657,2893.8285,5787.657,2893.8285,0.005595556130355451,0.23161805355204634,0.0,0.0
30,Device,Conv2DBackpropFilter,gradient_tape/model/conv2d_8/Conv2D/Conv2DBackpropFilter,2,5756.938,2878.469,5756.938,2878.469,0.005565856739260162,0.2371839102913065,0.0,0.0
31,Device,FusedBatchNormGradV3,gradient_tape/model/batch_normalization_21/FusedBatchNormGradV3,2,5755.914,2877.957,5755.914,2877.957,0.005564866727330035,0.24274877701863654,0.0,0.0
32,Device,Conv2DBackpropFilter,gradient_tape/model/conv2d_5/Conv2D/Conv2DBackpropFilter,2,5753.864,2876.932,5753.864,2876.932,0.005562884769852729,0.24831166178848926,0.0,0.0
33,Device,FusedBatchNormGradV3,gradient_tape/model/batch_normalization_12/FusedBatchNormGradV3,2,5724.169,2862.0845,5724.169,2862.0845,0.005534175390687567,0.2538458371791768,0.0,0.0
34,Device,Conv2DBackpropFilter,gradient_tape/model/conv2d_4/Conv2D/Conv2DBackpropFilter,2,5690.377,2845.1885,5690.377,2845.1885,0.005501504996993371,0.25934734217617017,0.0,0.0
35,Device,Conv2DBackpropFilter,gradient_tape/model/conv2d_10/Conv2D/Conv2DBackpropFilter,2,5680.138,2840.069,5680.138,2840.069,0.005491605844500624,0.2648389480206708,0.0,0.0
36,Device,Conv2DBackpropFilter,gradient_tape/model/conv2d_7/Conv2D/Conv2DBackpropFilter,2,5676.04,2838.02,5676.04,2838.02,0.005487643863163065,0.2703265918838339,0.0,0.0
37,Device,Conv2DBackpropFilter,gradient_tape/model/conv2d_3/Conv2D/Conv2DBackpropFilter,2,5673.992,2836.996,5673.992,2836.996,0.00548566383930281,0.2758122557231367,0.0,0.0
38,Device,Conv2DBackpropInput,gradient_tape/model/conv2d_27/Conv2D/Conv2DBackpropInput,2,5348.36,2674.18,5348.36,2674.18,0.005170840045522373,0.2809830957686591,0.0,0.0
39,Device,Conv2DBackpropInput,gradient_tape/model/conv2d_46/Conv2D/Conv2DBackpropInput,2,5286.92,2643.46,5286.92,2643.46,0.005111439329714743,0.28609453509837385,0.0,0.0
40,Device,Conv2DBackpropInput,gradient_tape/model/conv2d_11/Conv2D/Conv2DBackpropInput,2,5219.337,2609.6685,5219.337,2609.6685,0.005046099509134877,0.2911406346075087,0.0,0.0
41,Device,Conv2D,model/conv2d_14/Conv2D,2,5155.848,2577.924,5155.848,2577.924,0.004984717802658466,0.2961253524101672,0.0,0.0
42,Device,Conv2DBackpropFilter,gradient_tape/model/conv2d_27/Conv2D/Conv2DBackpropFilter,2,4936.712,2468.356,4936.712,2468.356,0.004772855249611254,0.3008982076597784,0.0,0.0
43,Device,Conv2DBackpropFilter,gradient_tape/model/conv2d_14/Conv2D/Conv2DBackpropFilter,2,4850.696,2425.348,4850.696,2425.348,0.004689694247480572,0.305587901907259,0.0,0.0
44,Device,BiasAdd,model/conv2d/BiasAdd,2,4819.976,2409.988,4819.976,2409.988,0.004659993889576757,0.31024789579683576,0.0,0.0
45,Device,BiasAdd,model/conv2d_7/BiasAdd,2,4819.976,2409.988,4819.976,2409.988,0.004659993889576757,0.31490788968641253,0.0,0.0
46,Device,BiasAdd,model/conv2d_10/BiasAdd,2,4816.904,2408.452,4816.904,2408.452,0.004657023853786376,0.3195649135401989,0.0,0.0
47,Device,BiasAdd,model/conv2d_3/BiasAdd,2,4816.904,2408.452,4816.904,2408.452,0.004657023853786376,0.32422193739398525,0.0,0.0
48,Device,BiasAdd,model/conv2d_4/BiasAdd,2,4813.832,2406.916,4813.832,2406.916,0.004654053817995995,0.32887599121198124,0.0,0.0
49,Device,Conv2D,model/conv2d_27/Conv2D,2,4546.568,2273.284,4546.568,2273.284,0.004395660704232805,0.33327165191621405,0.0,0.0
50,Device,Conv2DBackpropInput,gradient_tape/model/conv2d_8/Conv2D/Conv2DBackpropInput,2,4474.888,2237.444,4474.888,2237.444,0.004326359869123903,0.33759801178533794,0.0,0.0
51,Device,Conv2DBackpropInput,gradient_tape/model/conv2d_5/Conv2D/Conv2DBackpropInput,2,4470.79,2235.395,4470.79,2235.395,0.004322397887786344,0.34192040967312426,0.0,0.0
52,Device,Relu,model/activation_3/Relu,2,4403.206,2201.603,4403.206,2201.603,0.004257057100397951,0.34617746677352224,0.0,0.0
53,Device,Relu,model/activation/Relu,2,4400.135,2200.0675,4400.135,2200.0675,0.004254088031416095,0.3504315548049383,0.0,0.0
54,Device,Relu,model/activation_6/Relu,2,4399.11,2199.555,4399.11,2199.555,0.004253097052677442,0.3546846518576158,0.0,0.0
55,Device,Relu,model/activation_9/Relu,2,4399.11,2199.555,4399.11,2199.555,0.004253097052677442,0.35893774891029323,0.0,0.0
56,Device,Conv2D,model/conv2d_46/Conv2D,2,4271.111,2135.5555,4271.111,2135.5555,0.004129346528220073,0.3630670954385133,0.0,0.0
57,Device,Conv2DBackpropFilter,gradient_tape/model/conv2d_46/Conv2D/Conv2DBackpropFilter,4,4210.694,1052.6735,4210.694,1052.6735,0.004070934857534045,0.36713803029604736,0.0,0.0
58,Device,Conv2D,model/conv2d_7/Conv2D,4,4119.558,1029.8895,4119.558,1029.8895,0.0039828237957527275,0.37112085409180007,0.0,0.0
59,Device,Conv2D,model/conv2d_10/Conv2D,4,4105.224,1026.306,4105.224,1026.306,0.003968965562347998,0.37508981965414806,0.0,0.0
60,Device,Conv2D,model/conv2d_3/Conv2D,4,4103.174,1025.7935,4103.174,1025.7935,0.003966983604870693,0.37905680325901875,0.0,0.0
61,Device,Conv2D,model/conv2d_4/Conv2D,4,4101.126,1025.2815,4101.126,1025.2815,0.0039650035810104385,0.3830218068400292,0.0,0.0
62,Device,Conv2DBackpropFilter,gradient_tape/model/conv2d_22/Conv2D/Conv2DBackpropFilter,4,3832.839,958.20975,3832.839,958.20975,0.003705621422125647,0.38672742826215484,0.0,0.0
63,Device,Conv2DBackpropFilter,gradient_tape/model/conv2d_16/Conv2D/Conv2DBackpropFilter,4,3832.838,958.2095,3832.838,958.2095,0.003705620455317122,0.390433048717472,0.0,0.0
64,Device,Conv2DBackpropFilter,gradient_tape/model/conv2d_19/Conv2D/Conv2DBackpropFilter,4,3832.838,958.2095,3832.838,958.2095,0.003705620455317122,0.3941386691727891,0.0,0.0
65,Device,Conv2DBackpropFilter,gradient_tape/model/conv2d_12/Conv2D/Conv2DBackpropFilter,4,3829.766,957.4415,3829.766,957.4415,0.00370265041952674,0.39784131959231583,0.0,0.0
66,Device,FusedBatchNormV3,model/batch_normalization_12/FusedBatchNormV3,4,3629.062,907.2655,3629.062,907.2655,0.0035086080812218165,0.40134992767353767,0.0,0.0
67,Device,FusedBatchNormV3,model/batch_normalization_18/FusedBatchNormV3,4,3629.062,907.2655,3629.062,907.2655,0.0035086080812218165,0.4048585357547595,0.0,0.0
68,Device,ReluGrad,gradient_tape/model/activation_12/ReluGrad,2,3575.814,1787.907,3575.814,1787.907,0.0034571274608552038,0.4083156632156147,0.0,0.0
69,Device,ReluGrad,gradient_tape/model/activation_15/ReluGrad,2,3563.526,1781.763,3563.526,1781.763,0.003445247317693678,0.4117609105333084,0.0,0.0
70,Device,ReluGrad,gradient_tape/model/activation_18/ReluGrad,2,3557.382,1778.691,3557.382,1778.691,0.003439307246112915,0.4152002177794213,0.0,0.0
71,Device,ReluGrad,gradient_tape/model/activation_21/ReluGrad,2,3550.214,1775.107,3550.214,1775.107,0.0034323771626020246,0.4186325949420233,0.0,0.0
72,Device,FusedBatchNormV3,model/batch_normalization_21/FusedBatchNormV3,4,3537.926,884.4815,3537.926,884.4815,0.003420497019440499,0.4220530919614638,0.0,0.0
73,Device,Conv2DBackpropFilter,gradient_tape/model/conv2d_21/Conv2D/Conv2DBackpropFilter,2,3494.917,1747.4585,3494.917,1747.4585,0.0033789155515666323,0.4254320075130304,0.0,0.0
74,Device,Conv2DBackpropFilter,gradient_tape/model/conv2d_15/Conv2D/Conv2DBackpropFilter,2,3493.893,1746.9465,3493.893,1746.9465,0.0033779255396365056,0.4288099330526669,0.0,0.0
75,Device,FusedBatchNormV3,model/batch_normalization_15/FusedBatchNormV3,4,3473.414,868.3535,3473.414,868.3535,0.0033581262678424877,0.4321680593205094,0.0,0.0
76,Device,Conv2DBackpropFilter,gradient_tape/model/conv2d_18/Conv2D/Conv2DBackpropFilter,2,3469.318,1734.659,3469.318,1734.659,0.0033541662201219792,0.43552222554063136,0.0,0.0
77,Device,AddN,SGD/gradients/AddN_11,2,3441.669,1720.8345,3441.669,1720.8345,0.00332743493120002,0.4388496604718314,0.0,0.0
78,Device,AddN,SGD/gradients/AddN_10,2,3436.55,1718.275,3436.55,1718.275,0.00332248583835791,0.4421721463101893,0.0,0.0
79,Device,AddN,SGD/gradients/AddN_9,2,3429.382,1714.691,3429.382,1714.691,0.00331555575484702,0.44548770206503635,0.0,0.0
80,Device,AddN,SGD/gradients/AddN_8,2,3425.285,1712.6425,3425.285,1712.6425,0.0033115947403179855,0.44879929680535435,0.0,0.0
81,Device,Conv2DBackpropInput,gradient_tape/model/conv2d_15/Conv2D/Conv2DBackpropInput,2,3312.645,1656.3225,3312.645,1656.3225,0.0032026934280039976,0.45200199023335835,0.0,0.0
82,Device,Conv2DBackpropInput,gradient_tape/model/conv2d_18/Conv2D/Conv2DBackpropInput,2,3310.598,1655.299,3310.598,1655.299,0.003200714370952269,0.4552027046043106,0.0,0.0
83,Device,Conv2DBackpropInput,gradient_tape/model/conv2d_21/Conv2D/Conv2DBackpropInput,2,3310.597,1655.2985,3310.597,1655.2985,0.0032007134041437436,0.45840341800845436,0.0,0.0
84,Device,AddV2,model/add_6/add,2,3296.261,1648.1305,3296.261,1648.1305,0.003186853237121963,0.46159027124557633,0.0,0.0
85,Device,AddV2,model/add_5/add,2,3295.238,1647.619,3295.238,1647.619,0.0031858641920003614,0.4647761354375767,0.0,0.0
86,Device,AddV2,model/add_4/add,2,3279.876,1639.938,3279.876,1639.938,0.0031710120794314033,0.46794714751700806,0.0,0.0
87,Device,AddV2,model/add_3/add,2,3269.638,1634.819,3269.638,1634.819,0.0031611138937471823,0.47110826141075524,0.0,0.0
88,Device,Conv2DBackpropInput,gradient_tape/model/conv2d_6/Conv2D/Conv2DBackpropInput,2,3127.302,1563.651,3127.302,1563.651,0.003023502235459507,0.47413176364621473,0.0,0.0
89,Device,Conv2D,model/conv2d_2/Conv2D,2,3125.252,1562.626,3125.252,1562.626,0.0030215202779822013,0.4771532839241969,0.0,0.0
90,Device,Conv2D,model/conv2d_6/Conv2D,2,3125.252,1562.626,3125.252,1562.626,0.0030215202779822013,0.4801748042021791,0.0,0.0
91,Device,Conv2D,model/conv2d_9/Conv2D,2,3125.252,1562.626,3125.252,1562.626,0.0030215202779822013,0.4831963244801613,0.0,0.0
92,Device,Conv2DBackpropInput,gradient_tape/model/conv2d_9/Conv2D/Conv2DBackpropInput,2,3111.94,1555.97,3111.94,1555.97,0.0030086501228905483,0.48620497460305184,0.0,0.0
93,Device,Conv2DBackpropInput,gradient_tape/model/conv2d_2/Conv2D/Conv2DBackpropInput,2,3110.917,1555.4585,3110.917,1555.4585,0.0030076610777689467,0.4892126356808208,0.0,0.0
94,Device,Conv2DBackpropFilter,gradient_tape/model/conv2d_17/Conv2D/Conv2DBackpropFilter,2,3032.069,1516.0345,3032.069,1516.0345,0.0029314301591491553,0.49214406583996995,0.0,0.0
95,Device,Conv2DBackpropFilter,gradient_tape/model/conv2d_20/Conv2D/Conv2DBackpropFilter,2,3030.02,1515.01,3030.02,1515.01,0.0029294491684803753,0.4950735150084503,0.0,0.0
96,Device,Conv2DBackpropFilter,gradient_tape/model/conv2d_13/Conv2D/Conv2DBackpropFilter,2,3028.997,1514.4985,3028.997,1514.4985,0.0029284601233587736,0.4980019751318091,0.0,0.0
97,Device,Conv2DBackpropFilter,gradient_tape/model/conv2d_23/Conv2D/Conv2DBackpropFilter,2,3021.829,1510.9145,3021.829,1510.9145,0.0029215300398478835,0.500923505171657,0.0,0.0
98,Device,FusedBatchNormGradV3,gradient_tape/model/batch_normalization_4/FusedBatchNormGradV3,2,2881.542,1440.771,2881.542,1440.771,0.0027858993722289878,0.5037094045438859,0.0,0.0
99,Device,FusedBatchNormGradV3,gradient_tape/model/batch_normalization_1/FusedBatchNormGradV3,2,2880.516,1440.258,2880.516,1440.258,0.0027849074266818098,0.5064943119705677,0.0,0.0
100,Device,FusedBatchNormGradV3,gradient_tape/model/batch_normalization_7/FusedBatchNormGradV3,2,2879.492,1439.746,2879.492,1439.746,0.0027839174147516826,0.5092782293853194,0.0,0.0
101,Device,FusedBatchNormGradV3,gradient_tape/model/batch_normalization_2/FusedBatchNormGradV3,2,2877.445,1438.7225,2877.445,1438.7225,0.0027819383576999537,0.5120601677430193,0.0,0.0
102,Device,FusedBatchNormGradV3,gradient_tape/model/batch_normalization_5/FusedBatchNormGradV3,2,2876.42,1438.21,2876.42,1438.21,0.002780947378961301,0.5148411151219806,0.0,0.0
103,Device,FusedBatchNormGradV3,gradient_tape/model/batch_normalization_8/FusedBatchNormGradV3,2,2869.254,1434.627,2869.254,1434.627,0.002774019229067462,0.5176151343510481,0.0,0.0
104,Device,Conv2DBackpropInput,gradient_tape/model/conv2d_24/Conv2D/Conv2DBackpropInput,2,2860.036,1430.018,2860.036,1430.018,0.0027651071880792663,0.5203802415391274,0.0,0.0
105,Device,FusedBatchNormGradV3,gradient_tape/model/batch_normalization_27/FusedBatchNormGradV3,2,2843.653,1421.8265,2843.653,1421.8265,0.0027492679640057573,0.5231295095031332,0.0,0.0
106,Device,FusedBatchNormGradV3,gradient_tape/model/batch_normalization_30/FusedBatchNormGradV3,2,2836.484,1418.242,2836.484,1418.242,0.0027423369136863416,0.5258718464168195,0.0,0.0
107,Device,FusedBatchNormGradV3,gradient_tape/model/batch_normalization_36/FusedBatchNormGradV3,2,2834.436,1417.218,2834.436,1417.218,0.0027403568898260876,0.5286122033066456,0.0,0.0
108,Device,FusedBatchNormGradV3,gradient_tape/model/batch_normalization_24/FusedBatchNormGradV3,2,2833.412,1416.706,2833.412,1416.706,0.00273936687789596,0.5313515701845416,0.0,0.0
109,Device,FusedBatchNormGradV3,gradient_tape/model/batch_normalization_33/FusedBatchNormGradV3,2,2832.388,1416.194,2832.388,1416.194,0.002738376865965833,0.5340899470505074,0.0,0.0
110,Device,FusedBatchNormGradV3,gradient_tape/model/batch_normalization_39/FusedBatchNormGradV3,2,2830.341,1415.1705,2830.341,1415.1705,0.0027363978089141043,0.5368263448594215,0.0,0.0
111,Device,Conv2DBackpropInput,gradient_tape/model/conv2d_31/Conv2D/Conv2DBackpropInput,2,2793.476,1396.738,2793.476,1396.738,0.002700756412621001,0.5395271012720425,0.0,0.0
112,Device,Conv2DBackpropInput,gradient_tape/model/conv2d_37/Conv2D/Conv2DBackpropInput,2,2793.476,1396.738,2793.476,1396.738,0.002700756412621001,0.5422278576846635,0.0,0.0
113,Device,Conv2DBackpropInput,gradient_tape/model/conv2d_34/Conv2D/Conv2DBackpropInput,2,2789.382,1394.691,2789.382,1394.691,0.0026967982985175434,0.5449246559831811,0.0,0.0
114,Device,Conv2DBackpropInput,gradient_tape/model/conv2d_28/Conv2D/Conv2DBackpropInput,2,2788.356,1394.178,2788.356,1394.178,0.0026958063529703654,0.5476204623361515,0.0,0.0
115,Device,Conv2DBackpropInput,gradient_tape/model/conv2d_40/Conv2D/Conv2DBackpropInput,2,2784.26,1392.13,2784.26,1392.13,0.0026918463052498566,0.5503123086414013,0.0,0.0
116,Device,Conv2DBackpropInput,gradient_tape/model/conv2d_7/Conv2D/Conv2DBackpropInput,2,2781.188,1390.594,2781.188,1390.594,0.002688876269459475,0.5530011849108608,0.0,0.0
117,Device,Conv2DBackpropInput,gradient_tape/model/conv2d_3/Conv2D/Conv2DBackpropInput,2,2774.021,1387.0105,2774.021,1387.0105,0.0026819471527571104,0.555683132063618,0.0,0.0
118,Device,Conv2DBackpropInput,gradient_tape/model/conv2d_10/Conv2D/Conv2DBackpropInput,2,2770.948,1385.474,2770.948,1385.474,0.002678976150158203,0.5583621082137762,0.0,0.0
119,Device,Conv2DBackpropInput,gradient_tape/model/conv2d_4/Conv2D/Conv2DBackpropInput,2,2766.853,1383.4265,2766.853,1383.4265,0.0026750170692462203,0.5610371252830224,0.0,0.0
120,Device,Conv2D,model/conv2d_5/Conv2D,2,2751.494,1375.747,2751.494,1375.747,0.0026601678571028385,0.5636972931401253,0.0,0.0
121,Device,Conv2D,model/conv2d_8/Conv2D,2,2742.276,1371.138,2742.276,1371.138,0.002651255816114643,0.56634854895624,0.0,0.0
122,Device,MaxPool,model/max_pooling2d/MaxPool,2,2716.677,1358.3385,2716.677,1358.3385,0.0026265064846699893,0.56897505544091,0.0,0.0
123,Device,Conv2D,model/conv2d_20/Conv2D,4,2547.716,636.929,2547.716,636.929,0.002463153549390482,0.5714382089903005,0.0,0.0
124,Device,Conv2D,model/conv2d_23/Conv2D,4,2542.596,635.649,2542.596,635.649,0.0024582034897398463,0.5738964124800403,0.0,0.0
125,Device,Conv2DBackpropInput,gradient_tape/model/conv2d_19/Conv2D/Conv2DBackpropInput,2,2513.924,1256.962,2513.924,1256.962,0.0024304831556962855,0.5763268956357366,0.0,0.0
126,Device,Conv2DBackpropInput,gradient_tape/model/conv2d_22/Conv2D/Conv2DBackpropInput,2,2511.876,1255.938,2511.876,1255.938,0.0024285031318360315,0.5787553987675726,0.0,0.0
127,Device,Conv2D,model/conv2d_12/Conv2D,2,2511.876,1255.938,2511.876,1255.938,0.0024285031318360315,0.5811839018994087,0.0,0.0
128,Device,Conv2DBackpropInput,gradient_tape/model/conv2d_12/Conv2D/Conv2DBackpropInput,2,2509.828,1254.914,2509.828,1254.914,0.002426523107975777,0.5836104250073845,0.0,0.0
129,Device,Conv2D,model/conv2d_16/Conv2D,2,2508.804,1254.402,2508.804,1254.402,0.00242553309604565,0.5860359581034301,0.0,0.0
130,Device,Conv2D,model/conv2d_19/Conv2D,2,2508.804,1254.402,2508.804,1254.402,0.00242553309604565,0.5884614911994758,0.0,0.0
131,Device,Conv2DBackpropInput,gradient_tape/model/conv2d_16/Conv2D/Conv2DBackpropInput,2,2507.78,1253.89,2507.78,1253.89,0.0024245430841155226,0.5908860342835913,0.0,0.0
132,Device,Conv2D,model/conv2d_22/Conv2D,2,2505.732,1252.866,2505.732,1252.866,0.002422563060255268,0.5933085973438466,0.0,0.0
133,Device,Conv2DBackpropInput,gradient_tape/model/conv2d_13/Conv2D/Conv2DBackpropInput,2,2485.252,1242.626,2485.252,1242.626,0.002402762821652725,0.5957113601654993,0.0,0.0
134,Device,Conv2DBackpropInput,gradient_tape/model/conv2d_17/Conv2D/Conv2DBackpropInput,2,2484.228,1242.114,2484.228,1242.114,0.002401772809722598,0.598113132975222,0.0,0.0
135,Device,Conv2DBackpropInput,gradient_tape/model/conv2d_20/Conv2D/Conv2DBackpropInput,2,2478.084,1239.042,2478.084,1239.042,0.0023958327381418346,0.6005089657133638,0.0,0.0
136,Device,Conv2DBackpropInput,gradient_tape/model/conv2d_23/Conv2D/Conv2DBackpropInput,2,2478.084,1239.042,2478.084,1239.042,0.0023958327381418346,0.6029047984515056,0.0,0.0
137,Device,Conv2DBackpropFilter,gradient_tape/model/conv2d_33/Conv2D/Conv2DBackpropFilter,2,2462.724,1231.362,2462.724,1231.362,0.0023809825591899277,0.6052857810106955,0.0,0.0
138,Device,Conv2DBackpropFilter,gradient_tape/model/conv2d_36/Conv2D/Conv2DBackpropFilter,2,2457.604,1228.802,2457.604,1228.802,0.0023760324995392916,0.6076618135102348,0.0,0.0
139,Device,Conv2DBackpropFilter,gradient_tape/model/conv2d_30/Conv2D/Conv2DBackpropFilter,2,2455.556,1227.778,2455.556,1227.778,0.002374052475679037,0.6100358659859139,0.0,0.0
140,Device,Conv2DBackpropFilter,gradient_tape/model/conv2d_39/Conv2D/Conv2DBackpropFilter,2,2451.46,1225.73,2451.46,1225.73,0.0023700924279585287,0.6124059584138724,0.0,0.0
141,Device,Conv2D,model/conv2d_15/Conv2D,2,2446.34,1223.17,2446.34,1223.17,0.002365142368307893,0.6147711007821802,0.0,0.0
142,Device,Conv2DBackpropFilter,gradient_tape/model/conv2d_42/Conv2D/Conv2DBackpropFilter,2,2445.316,1222.658,2445.316,1222.658,0.0023641523563777654,0.617135253138558,0.0,0.0
143,Device,Conv2D,model/conv2d_18/Conv2D,2,2444.292,1222.146,2444.292,1222.146,0.0023631623444476386,0.6194984154830057,0.0,0.0
144,Device,Conv2DBackpropFilter,gradient_tape/model/conv2d_28/Conv2D/Conv2DBackpropFilter,2,2443.268,1221.634,2443.268,1221.634,0.0023621723325175114,0.6218605878155232,0.0,0.0
145,Device,Conv2D,model/conv2d_21/Conv2D,2,2441.22,1220.61,2441.22,1220.61,0.002360192308657257,0.6242207801241805,0.0,0.0
146,Device,Conv2D,model/conv2d_13/Conv2D,4,2440.196,610.049,2440.196,610.049,0.0023592022967271298,0.6265799824209076,0.0,0.0
147,Device,Conv2D,model/conv2d_11/Conv2D,2,2439.172,1219.586,2439.172,1219.586,0.0023582122847970025,0.6289381947057047,0.0,0.0
148,Device,Conv2D,model/conv2d_17/Conv2D,4,2439.172,609.793,2439.172,609.793,0.0023582122847970025,0.6312964069905017,0.0,0.0
149,Device,Conv2DBackpropFilter,gradient_tape/model/conv2d_26/Conv2D/Conv2DBackpropFilter,2,2436.1,1218.05,2436.1,1218.05,0.0023552422490066213,0.6336516492395083,0.0,0.0
150,Device,Conv2DBackpropFilter,gradient_tape/model/conv2d_37/Conv2D/Conv2DBackpropFilter,2,2436.1,1218.05,2436.1,1218.05,0.0023552422490066213,0.636006891488515,0.0,0.0
151,Device,Conv2DBackpropFilter,gradient_tape/model/conv2d_34/Conv2D/Conv2DBackpropFilter,2,2435.076,1217.538,2435.076,1217.538,0.002354252237076494,0.6383611437255915,0.0,0.0
152,Device,Conv2DBackpropFilter,gradient_tape/model/conv2d_31/Conv2D/Conv2DBackpropFilter,2,2434.052,1217.026,2434.052,1217.026,0.002353262225146367,0.6407144059507378,0.0,0.0
153,Device,Conv2DBackpropFilter,gradient_tape/model/conv2d_40/Conv2D/Conv2DBackpropFilter,2,2432.004,1216.002,2432.004,1216.002,0.0023512822012861125,0.6430656881520239,0.0,0.0
154,Device,BiasAdd,model/conv2d_23/BiasAdd,2,2404.355,1202.1775,2404.355,1202.1775,0.0023245509123641537,0.6453902390643881,0.0,0.0
155,Device,BiasAdd,model/conv2d_13/BiasAdd,2,2402.308,1201.154,2402.308,1201.154,0.002322571855312425,0.6477128109197005,0.0,0.0
156,Device,BiasAdd,model/conv2d_14/BiasAdd,2,2401.284,1200.642,2401.284,1200.642,0.0023215818433822977,0.6500343927630827,0.0,0.0
157,Device,BiasAdd,model/conv2d_20/BiasAdd,2,2395.14,1197.57,2395.14,1197.57,0.002315641771801535,0.6523500345348843,0.0,0.0
158,Device,BiasAdd,model/conv2d_17/BiasAdd,2,2394.116,1197.058,2394.116,1197.058,0.0023146517598714076,0.6546646862947557,0.0,0.0
159,Device,Conv2DBackpropInput,gradient_tape/model/conv2d_26/Conv2D/Conv2DBackpropInput,2,2392.068,1196.034,2392.068,1196.034,0.0023126717360111536,0.6569773580307668,0.0,0.0
160,Device,Conv2DBackpropInput,gradient_tape/model/conv2d_33/Conv2D/Conv2DBackpropInput,2,2344.964,1172.482,2344.964,1172.482,0.0022671311872253038,0.6592444892179922,0.0,0.0
161,Device,Conv2DBackpropInput,gradient_tape/model/conv2d_42/Conv2D/Conv2DBackpropInput,2,2344.964,1172.482,2344.964,1172.482,0.0022671311872253038,0.6615116204052175,0.0,0.0
162,Device,Conv2DBackpropFilter,gradient_tape/model/conv2d_1/Conv2D/Conv2DBackpropFilter,2,2342.916,1171.458,2342.916,1171.458,0.0022651511633650498,0.6637767715685825,0.0,0.0
163,Device,Conv2DBackpropInput,gradient_tape/model/conv2d_36/Conv2D/Conv2DBackpropInput,2,2337.796,1168.898,2337.796,1168.898,0.0022602011037144137,0.6660369726722969,0.0,0.0
164,Device,Conv2DBackpropInput,gradient_tape/model/conv2d_39/Conv2D/Conv2DBackpropInput,2,2332.675,1166.3375,2332.675,1166.3375,0.0022552500772552524,0.6682922227495521,0.0,0.0
165,Device,Conv2DBackpropInput,gradient_tape/model/conv2d_30/Conv2D/Conv2DBackpropInput,2,2326.531,1163.2655,2326.531,1163.2655,0.002249310005674489,0.6705415327552267,0.0,0.0
166,Device,Relu,model/activation_15/Relu,2,2199.556,1099.778,2199.556,1099.778,0.0021265494931472467,0.6726680822483739,0.0,0.0
167,Device,Relu,model/activation_21/Relu,2,2197.507,1098.7535,2197.507,1098.7535,0.002124568502478467,0.6747926507508524,0.0,0.0
168,Device,Conv2DBackpropFilter,gradient_tape/model/conv2d_48/Conv2D/Conv2DBackpropFilter,2,2194.436,1097.218,2194.436,1097.218,0.002121599433496611,0.676914250184349,0.0,0.0
169,Device,Relu,model/activation_12/Relu,2,2194.436,1097.218,2194.436,1097.218,0.002121599433496611,0.6790358496178457,0.0,0.0
170,Device,Relu,model/activation_18/Relu,2,2192.386,1096.193,2192.386,1096.193,0.0021196174760193054,0.681155467093865,0.0,0.0
171,Device,Conv2DBackpropFilter,gradient_tape/model/conv2d_51/Conv2D/Conv2DBackpropFilter,2,2180.099,1090.0495,2180.099,1090.0495,0.0021077382996663053,0.6832632053935312,0.0,0.0
172,Device,Conv2DBackpropFilter,gradient_tape/model/conv2d_44/Conv2D/Conv2DBackpropFilter,2,2179.075,1089.5375,2179.075,1089.5375,0.0021067482877361776,0.6853699536812674,0.0,0.0
173,Device,Conv2D,model/conv2d_28/Conv2D,2,2150.404,1075.202,2150.404,1075.202,0.002079028920501143,0.6874489826017686,0.0,0.0
174,Device,Conv2D,model/conv2d_31/Conv2D,2,2149.38,1074.69,2149.38,1074.69,0.0020780389085710157,0.6895270215103396,0.0,0.0
175,Device,Conv2D,model/conv2d_37/Conv2D,2,2148.355,1074.1775,2148.355,1074.1775,0.0020770479298323633,0.6916040694401719,0.0,0.0
176,Device,Conv2D,model/conv2d_40/Conv2D,2,2147.332,1073.666,2147.332,1073.666,0.0020760588847107612,0.6936801283248827,0.0,0.0
177,Device,Conv2D,model/conv2d_34/Conv2D,2,2145.283,1072.6415,2145.283,1072.6415,0.0020740778940419816,0.6957542062189247,0.0,0.0
178,Device,Conv2DBackpropFilter,gradient_tape/model/conv2d_11/Conv2D/Conv2DBackpropFilter,2,2119.684,1059.842,2119.684,1059.842,0.002049328562597328,0.697803534781522,0.0,0.0
179,Device,BiasAddGrad,gradient_tape/model/conv2d/BiasAdd/BiasAddGrad,2,2110.467,1055.2335,2110.467,1055.2335,0.002040417488417658,0.6998439522699397,0.0,0.0
180,Device,BiasAddGrad,gradient_tape/model/conv2d_10/BiasAdd/BiasAddGrad,2,2097.156,1048.578,2097.156,1048.578,0.0020275483001345306,0.7018715005700742,0.0,0.0
181,Device,BiasAddGrad,gradient_tape/model/conv2d_4/BiasAdd/BiasAddGrad,2,2096.132,1048.066,2096.132,1048.066,0.0020265582882044034,0.7038980588582786,0.0,0.0
182,Device,BiasAddGrad,gradient_tape/model/conv2d_7/BiasAdd/BiasAddGrad,2,2096.132,1048.066,2096.132,1048.066,0.0020265582882044034,0.705924617146483,0.0,0.0
183,Device,Conv2D,model/conv2d_35/Conv2D,2,2087.94,1043.97,2087.94,1043.97,0.002018638192763386,0.7079432553392464,0.0,0.0
184,Device,Conv2D,model/conv2d_38/Conv2D,2,2087.939,1043.9695,2087.939,1043.9695,0.0020186372259548605,0.7099618925652013,0.0,0.0
185,Device,Conv2D,model/conv2d_41/Conv2D,2,2087.939,1043.9695,2087.939,1043.9695,0.0020186372259548605,0.7119805297911561,0.0,0.0
186,Device,Conv2D,model/conv2d_29/Conv2D,2,2084.867,1042.4335,2084.867,1042.4335,0.0020156671901644793,0.7139961969813206,0.0,0.0
187,Device,Conv2D,model/conv2d_25/Conv2D,2,2083.844,1041.922,2083.844,1041.922,0.0020146781450428772,0.7160108751263634,0.0,0.0
188,Device,Conv2D,model/conv2d_32/Conv2D,2,2083.843,1041.9215,2083.843,1041.9215,0.0020146771782343516,0.7180255523045977,0.0,0.0
189,Device,Conv2DBackpropInput,gradient_tape/model/conv2d_45/Conv2D/Conv2DBackpropInput,2,2075.652,1037.826,2075.652,1037.826,0.00200675804960186,0.7200323103541996,0.0,0.0
190,Device,Conv2DBackpropInput,gradient_tape/model/conv2d_52/Conv2D/Conv2DBackpropInput,2,2069.508,1034.754,2069.508,1034.754,0.002000817978021097,0.7220331283322207,0.0,0.0
191,Device,Conv2DBackpropInput,gradient_tape/model/conv2d_25/Conv2D/Conv2DBackpropInput,2,2066.436,1033.218,2066.436,1033.218,0.001997847942230716,0.7240309762744513,0.0,0.0
192,Device,Conv2DBackpropInput,gradient_tape/model/conv2d_29/Conv2D/Conv2DBackpropInput,2,2065.412,1032.706,2065.412,1032.706,0.001996857930300588,0.7260278342047519,0.0,0.0
193,Device,Conv2DBackpropInput,gradient_tape/model/conv2d_49/Conv2D/Conv2DBackpropInput,2,2064.388,1032.194,2064.388,1032.194,0.0019958679183704614,0.7280237021231224,0.0,0.0
194,Device,Conv2DBackpropFilter,gradient_tape/model/conv2d_29/Conv2D/Conv2DBackpropFilter,2,2063.363,1031.6815,2063.363,1031.6815,0.0019948769396318086,0.7300185790627542,0.0,0.0
195,Device,Conv2DBackpropInput,gradient_tape/model/conv2d_41/Conv2D/Conv2DBackpropInput,2,2063.363,1031.6815,2063.363,1031.6815,0.0019948769396318086,0.7320134560023861,0.0,0.0
196,Device,Conv2DBackpropInput,gradient_tape/model/conv2d_35/Conv2D/Conv2DBackpropInput,2,2063.362,1031.681,2063.362,1031.681,0.001994875972823283,0.7340083319752094,0.0,0.0
197,Device,Conv2DBackpropFilter,gradient_tape/model/conv2d_25/Conv2D/Conv2DBackpropFilter,2,2062.339,1031.1695,2062.339,1031.1695,0.0019938869277016814,0.7360022189029111,0.0,0.0
198,Device,Conv2DBackpropFilter,gradient_tape/model/conv2d_32/Conv2D/Conv2DBackpropFilter,2,2061.316,1030.658,2061.316,1030.658,0.0019928978825800798,0.7379951167854911,0.0,0.0
199,Device,Conv2DBackpropFilter,gradient_tape/model/conv2d_35/Conv2D/Conv2DBackpropFilter,2,2059.267,1029.6335,2059.267,1029.6335,0.0019909168919112997,0.7399860336774025,0.0,0.0
200,Device,Conv2DBackpropInput,gradient_tape/model/conv2d_32/Conv2D/Conv2DBackpropInput,2,2057.22,1028.61,2057.22,1028.61,0.001988937834859571,0.741974971512262,0.0,0.0
201,Device,Conv2DBackpropFilter,gradient_tape/model/conv2d_41/Conv2D/Conv2DBackpropFilter,2,2057.22,1028.61,2057.22,1028.61,0.001988937834859571,0.7439639093471215,0.0,0.0
202,Device,Conv2DBackpropInput,gradient_tape/model/conv2d_38/Conv2D/Conv2DBackpropInput,2,2056.196,1028.098,2056.196,1028.098,0.001987947822929444,0.745951857170051,0.0,0.0
203,Device,Conv2DBackpropFilter,gradient_tape/model/conv2d_38/Conv2D/Conv2DBackpropFilter,2,2055.172,1027.586,2055.172,1027.586,0.001986957810999317,0.7479388149810503,0.0,0.0
204,Device,Conv2D,model/conv2d_33/Conv2D,4,2050.051,512.51275,2050.051,512.51275,0.0019820067845401556,0.7499208217655905,0.0,0.0
205,Device,Conv2D,model/conv2d_42/Conv2D,4,2048.004,512.001,2048.004,512.001,0.001980027727488427,0.7519008494930789,0.0,0.0
206,Device,Conv2D,model/conv2d_39/Conv2D,4,2048.003,512.00075,2048.003,512.00075,0.001980026760679901,0.7538808762537588,0.0,0.0
207,Device,Conv2D,model/conv2d_36/Conv2D,4,2046.979,511.74475,2046.979,511.74475,0.001979036748749774,0.7558599130025085,0.0,0.0
208,Device,Conv2D,model/conv2d_30/Conv2D,4,2044.932,511.233,2044.932,511.233,0.001977057691698045,0.7578369706942066,0.0,0.0
209,Device,Conv2D,model/conv2d_26/Conv2D,4,2044.931,511.23275,2044.931,511.23275,0.0019770567248895195,0.7598140274190962,0.0,0.0
210,Device,Conv2DBackpropInput,gradient_tape/model/conv2d_43/Conv2D/Conv2DBackpropInput,2,1984.516,992.258,1984.516,992.258,0.0019186469878205428,0.7617326744069167,0.0,0.0
211,Device,Conv2D,model/conv2d_50/Conv2D,2,1980.419,990.2095,1980.419,990.2095,0.0019146859732915085,0.7636473603802082,0.0,0.0
212,Device,Conv2D,model/conv2d_47/Conv2D,2,1976.324,988.162,1976.324,988.162,0.0019107268923795255,0.7655580872725877,0.0,0.0
213,Device,Conv2DBackpropInput,gradient_tape/model/conv2d_50/Conv2D/Conv2DBackpropInput,2,1970.179,985.0895,1970.179,985.0895,0.001904785853990237,0.7674628731265779,0.0,0.0
214,Device,Conv2DBackpropInput,gradient_tape/model/conv2d_47/Conv2D/Conv2DBackpropInput,2,1961.986,980.993,1961.986,980.993,0.0018968647917406941,0.7693597379183186,0.0,0.0
215,Device,Conv2D,model/conv2d_51/Conv2D,2,1854.467,927.2335,1854.467,927.2335,0.0017929145058858675,0.7711526524242045,0.0,0.0
216,Device,Conv2D,model/conv2d_48/Conv2D,2,1851.396,925.698,1851.396,925.698,0.0017899454369040115,0.7729425978611085,0.0,0.0
217,Device,Conv2DBackpropFilter,gradient_tape/model/conv2d_49/Conv2D/Conv2DBackpropFilter,4,1849.348,462.337,1849.348,462.337,0.0017879654130437573,0.7747305632741522,0.0,0.0
218,Device,Conv2D,model/conv2d_44/Conv2D,2,1847.299,923.6495,1847.299,923.6495,0.0017859844223749775,0.7765165476965272,0.0,0.0
219,Device,Conv2DBackpropFilter,gradient_tape/model/conv2d_47/Conv2D/Conv2DBackpropFilter,4,1844.228,461.057,1844.228,461.057,0.0017830153533931214,0.7782995630499203,0.0,0.0
220,Device,Conv2DBackpropFilter,gradient_tape/model/conv2d_52/Conv2D/Conv2DBackpropFilter,4,1843.204,460.801,1843.204,460.801,0.0017820253414629942,0.7800815883913833,0.0,0.0
221,Device,Conv2DBackpropFilter,gradient_tape/model/conv2d_50/Conv2D/Conv2DBackpropFilter,4,1840.132,460.033,1840.132,460.033,0.0017790553056726127,0.7818606436970559,0.0,0.0
222,Device,Conv2DBackpropFilter,gradient_tape/model/conv2d_45/Conv2D/Conv2DBackpropFilter,4,1833.986,458.4965,1833.986,458.4965,0.001773113300474799,0.7836337569975307,0.0,0.0
223,Device,Conv2DBackpropInput,gradient_tape/model/conv2d_51/Conv2D/Conv2DBackpropInput,2,1814.532,907.266,1814.532,907.266,0.0017543050074194336,0.7853880620049501,0.0,0.0
224,Device,Conv2DBackpropInput,gradient_tape/model/conv2d_48/Conv2D/Conv2DBackpropInput,2,1810.434,905.217,1810.434,905.217,0.001750343026081874,0.787138405031032,0.0,0.0
225,Device,Conv2DBackpropInput,gradient_tape/model/conv2d_44/Conv2D/Conv2DBackpropInput,2,1809.41,904.705,1809.41,904.705,0.001749353014151747,0.7888877580451839,0.0,0.0
226,Device,AvgPoolGrad,gradient_tape/model/average_pooling2d/AvgPoolGrad,2,1806.339,903.1695,1806.339,903.1695,0.001746383945169891,0.7906341419903538,0.0,0.0
227,Device,ReluGrad,gradient_tape/model/activation_24/ReluGrad,2,1792.004,896.002,1792.004,896.002,0.0017325247449566361,0.7923666667353104,0.0,0.0
228,Device,ReluGrad,gradient_tape/model/activation_5/ReluGrad,2,1785.86,892.93,1785.86,892.93,0.001726584673375873,0.7940932514086863,0.0,0.0
229,Device,ReluGrad,gradient_tape/model/activation_8/ReluGrad,2,1775.618,887.809,1775.618,887.809,0.0017166826204575503,0.7958099340291438,0.0,0.0
230,Device,ReluGrad,gradient_tape/model/activation_33/ReluGrad,2,1773.572,886.786,1773.572,886.786,0.001714704530214347,0.7975246385593582,0.0,0.0
231,Device,ReluGrad,gradient_tape/model/activation_7/ReluGrad,2,1772.548,886.274,1772.548,886.274,0.00171371451828422,0.7992383530776423,0.0,0.0
232,Device,ReluGrad,gradient_tape/model/activation_4/ReluGrad,2,1769.474,884.737,1769.474,884.737,0.0017107425488767875,0.8009490956265192,0.0,0.0
233,Device,ReluGrad,gradient_tape/model/activation_27/ReluGrad,2,1768.451,884.2255,1768.451,884.2255,0.0017097535037551858,0.8026588491302744,0.0,0.0
234,Device,ReluGrad,gradient_tape/model/activation_30/ReluGrad,2,1767.426,883.713,1767.426,883.713,0.001708762525016533,0.8043676116552909,0.0,0.0
235,Device,ReluGrad,gradient_tape/model/activation_36/ReluGrad,2,1763.331,881.6655,1763.331,881.6655,0.00170480344410455,0.8060724150993954,0.0,0.0
236,Device,ReluGrad,gradient_tape/model/activation_2/ReluGrad,2,1762.306,881.153,1762.306,881.153,0.0017038124653658974,0.8077762275647613,0.0,0.0
237,Device,FusedBatchNormV3,model/batch_normalization_33/FusedBatchNormV3,4,1760.259,440.06475,1760.259,440.06475,0.0017018334083141685,0.8094780609730755,0.0,0.0
238,Device,ReluGrad,gradient_tape/model/activation_39/ReluGrad,2,1760.258,880.129,1760.258,880.129,0.0017018324415056432,0.8111798934145812,0.0,0.0
239,Device,FusedBatchNormV3,model/batch_normalization_30/FusedBatchNormV3,4,1759.236,439.809,1759.236,439.809,0.0017008443631925671,0.8128807377777738,0.0,0.0
240,Device,FusedBatchNormV3,model/batch_normalization_39/FusedBatchNormV3,4,1757.187,439.29675,1757.187,439.29675,0.0016988633725237869,0.8145796011502976,0.0,0.0
241,Device,FusedBatchNormV3,model/batch_normalization_24/FusedBatchNormV3,4,1756.162,439.0405,1756.162,439.0405,0.0016978723937851345,0.8162774735440828,0.0,0.0
242,Device,FusedBatchNormV3,model/batch_normalization_27/FusedBatchNormV3,4,1755.139,438.78475,1755.139,438.78475,0.0016968833486635327,0.8179743568927463,0.0,0.0
243,Device,FusedBatchNormV3,model/batch_normalization_36/FusedBatchNormV3,4,1751.043,437.76075,1751.043,437.76075,0.001692923300943024,0.8196672801936894,0.0,0.0
244,Device,ReluGrad,gradient_tape/model/activation_1/ReluGrad,2,1745.924,872.962,1745.924,872.962,0.0016879742081009137,0.8213552544017904,0.0,0.0
245,Device,AddN,SGD/gradients/AddN_5,2,1717.252,858.626,1717.252,858.626,0.0016602538740573532,0.8230155082758477,0.0,0.0
246,Device,AddN,SGD/gradients/AddN_3,2,1717.25,858.625,1717.25,858.625,0.0016602519404403022,0.824675760216288,0.0,0.0
247,Device,FusedBatchNormV3,model/batch_normalization_5/FusedBatchNormV3,4,1715.204,428.801,1715.204,428.801,0.001658273850197099,0.8263340340664851,0.0,0.0
248,Device,FusedBatchNormV3,model/batch_normalization_7/FusedBatchNormV3,4,1712.132,428.033,1712.132,428.033,0.0016553038144067175,0.8279893378808918,0.0,0.0
249,Device,FusedBatchNormV3,model/batch_normalization_2/FusedBatchNormV3,4,1711.108,427.777,1711.108,427.777,0.0016543138024765903,0.8296436516833684,0.0,0.0
250,Device,AddN,SGD/gradients/AddN_4,2,1710.083,855.0415,1710.083,855.0415,0.0016533228237379377,0.8312969745071064,0.0,0.0
251,Device,AddN,SGD/gradients/AddN_2,2,1709.059,854.5295,1709.059,854.5295,0.0016523328118078105,0.8329493073189141,0.0,0.0
252,Device,AddN,SGD/gradients/AddN_6,2,1709.058,854.529,1709.058,854.529,0.001652331844999285,0.8346016391639134,0.0,0.0
253,Device,FusedBatchNormV3,model/batch_normalization_8/FusedBatchNormV3,4,1708.036,427.009,1708.036,427.009,0.0016513437666862089,0.8362529829305996,0.0,0.0
254,Device,FusedBatchNormV3,model/batch_normalization_1/FusedBatchNormV3,4,1708.035,427.00875,1708.035,427.00875,0.0016513427998776833,0.8379043257304772,0.0,0.0
255,Device,FusedBatchNormV3,model/batch_normalization_4/FusedBatchNormV3,4,1708.034,427.0085,1708.034,427.0085,0.0016513418330691579,0.8395556675635464,0.0,0.0
256,Device,AddN,SGD/gradients/AddN_7,2,1703.939,851.9695,1703.939,851.9695,0.0016473827521571746,0.8412030503157035,0.0,0.0
257,Device,AddN,SGD/gradients/AddN_15,2,1693.7,846.85,1693.7,846.85,0.0016374835996644285,0.842840533915368,0.0,0.0
258,Device,AddV2,model/add_9/add,2,1648.642,824.321,1648.642,824.321,0.0015939211411217823,0.8444344550564897,0.0,0.0
259,Device,AddV2,model/add_11/add,2,1647.619,823.8095,1647.619,823.8095,0.0015929320960001807,0.8460273871524899,0.0,0.0
260,Device,AddV2,model/add_10/add,2,1642.499,821.2495,1642.499,821.2495,0.0015879820363495448,0.8476153691888395,0.0,0.0
261,Device,AddV2,model/add_12/add,2,1639.426,819.713,1639.426,819.713,0.0015850110337506378,0.8492003802225901,0.0,0.0
262,Device,AddV2,model/add_8/add,2,1638.402,819.201,1638.402,819.201,0.0015840210218205108,0.8507844012444107,0.0,0.0
263,Device,AddV2,model/add_7/add,2,1636.355,818.1775,1636.355,818.1775,0.001582041964768782,0.8523664432091794,0.0,0.0
264,Device,Conv2DBackpropFilter,gradient_tape/model/conv2d_43/Conv2D/Conv2DBackpropFilter,2,1625.09,812.545,1625.09,812.545,0.0015711508667288576,0.8539375940759083,0.0,0.0
265,Device,Conv2D,model/conv2d_49/Conv2D,4,1586.179,396.54475,1586.179,396.54475,0.0015335313801925511,0.8554711254561008,0.0,0.0
266,Device,Conv2D,model/conv2d_52/Conv2D,4,1586.179,396.54475,1586.179,396.54475,0.0015335313801925511,0.8570046568362933,0.0,0.0
267,Device,Conv2D,model/conv2d_45/Conv2D,4,1585.154,396.2885,1585.154,396.2885,0.0015325404014538983,0.8585371972377472,0.0,0.0
268,Device,Conv2D,model/conv2d_43/Conv2D,2,1561.603,780.8015,1561.603,780.8015,0.0015097710938694992,0.8600469683316168,0.0,0.0
269,Device,FusedBatchNormGradV3,gradient_tape/model/batch_normalization_10/FusedBatchNormGradV3,2,1442.818,721.409,1442.818,721.409,0.0013949287431662227,0.861441897074783,0.0,0.0
270,Device,FusedBatchNormGradV3,gradient_tape/model/batch_normalization_20/FusedBatchNormGradV3,2,1430.53,715.265,1430.53,715.265,0.0013830486000046968,0.8628249456747877,0.0,0.0
271,Device,FusedBatchNormGradV3,gradient_tape/model/batch_normalization_14/FusedBatchNormGradV3,2,1429.506,714.753,1429.506,714.753,0.0013820585880745698,0.8642070042628623,0.0,0.0
272,Device,FusedBatchNormGradV3,gradient_tape/model/batch_normalization_19/FusedBatchNormGradV3,2,1426.434,713.217,1426.434,713.217,0.001379088552284188,0.8655860928151465,0.0,0.0
273,Device,FusedBatchNormGradV3,gradient_tape/model/batch_normalization_17/FusedBatchNormGradV3,2,1423.362,711.681,1423.362,711.681,0.0013761185164938067,0.8669622113316403,0.0,0.0
274,Device,FusedBatchNormGradV3,gradient_tape/model/batch_normalization_13/FusedBatchNormGradV3,2,1417.219,708.6095,1417.219,708.6095,0.0013701794117215692,0.8683323907433619,0.0,0.0
275,Device,FusedBatchNormGradV3,gradient_tape/model/batch_normalization_11/FusedBatchNormGradV3,2,1414.146,707.073,1414.146,707.073,0.0013672084091226621,0.8696995991524845,0.0,0.0
276,Device,FusedBatchNormGradV3,gradient_tape/model/batch_normalization_16/FusedBatchNormGradV3,2,1410.05,705.025,1410.05,705.025,0.0013632483614021535,0.8710628475138866,0.0,0.0
277,Device,FusedBatchNormGradV3,gradient_tape/model/batch_normalization_48/FusedBatchNormGradV3,2,1390.594,695.297,1390.594,695.297,0.0013444381347297374,0.8724072856486164,0.0,0.0
278,Device,FusedBatchNormGradV3,gradient_tape/model/batch_normalization_42/FusedBatchNormGradV3,2,1384.45,692.225,1384.45,692.225,0.0013384980631489746,0.8737457837117654,0.0,0.0
279,Device,FusedBatchNormGradV3,gradient_tape/model/batch_normalization_45/FusedBatchNormGradV3,2,1380.354,690.177,1380.354,690.177,0.001334538015428466,0.8750803217271939,0.0,0.0
280,Device,Conv2DBackpropFilter,gradient_tape/model/conv2d_24/Conv2D/Conv2DBackpropFilter,2,1328.13,664.065,1328.13,664.065,0.0012840474069919807,0.8763643691341858,0.0,0.0
281,Device,Conv2D,model/conv2d_24/Conv2D,2,1230.85,615.425,1230.85,615.425,0.0011899962736299,0.8775543654078157,0.0,0.0
282,Device,BiasAdd,model/conv2d_8/BiasAdd,2,1195.01,597.505,1195.01,597.505,0.0011553458560754494,0.8787097112638912,0.0,0.0
283,Device,BiasAdd,model/conv2d_2/BiasAdd,2,1191.938,595.969,1191.938,595.969,0.0011523758202850681,0.8798620870841762,0.0,0.0
284,Device,BiasAdd,model/conv2d_33/BiasAdd,2,1191.938,595.969,1191.938,595.969,0.0011523758202850681,0.8810144629044613,0.0,0.0
285,Device,BiasAdd,model/conv2d_39/BiasAdd,2,1190.914,595.457,1190.914,595.457,0.0011513858083549407,0.8821658487128162,0.0,0.0
286,Device,BiasAdd,model/conv2d_5/BiasAdd,2,1190.914,595.457,1190.914,595.457,0.0011513858083549407,0.8833172345211712,0.0,0.0
287,Device,BiasAdd,model/conv2d_1/BiasAdd,2,1189.89,594.945,1189.89,594.945,0.0011503957964248137,0.884467630317596,0.0,0.0
288,Device,BiasAdd,model/conv2d_26/BiasAdd,2,1189.89,594.945,1189.89,594.945,0.0011503957964248137,0.8856180261140209,0.0,0.0
289,Device,BiasAdd,model/conv2d_27/BiasAdd,2,1188.866,594.433,1188.866,594.433,0.0011494057844946865,0.8867674318985156,0.0,0.0
290,Device,BiasAdd,model/conv2d_42/BiasAdd,2,1188.866,594.433,1188.866,594.433,0.0011494057844946865,0.8879168376830103,0.0,0.0
291,Device,BiasAdd,model/conv2d_9/BiasAdd,2,1188.866,594.433,1188.866,594.433,0.0011494057844946865,0.8890662434675051,0.0,0.0
292,Device,BiasAdd,model/conv2d_36/BiasAdd,2,1186.817,593.4085,1186.817,593.4085,0.0011474247938259067,0.890213668261331,0.0,0.0
293,Device,BiasAdd,model/conv2d_6/BiasAdd,2,1183.746,591.873,1183.746,591.873,0.0011444557248440508,0.891358123986175,0.0,0.0
294,Device,BiasAdd,model/conv2d_30/BiasAdd,2,1182.722,591.361,1182.722,591.361,0.0011434657129139234,0.8925015896990889,0.0,0.0
295,Device,Conv2D,model/conv2d_1/Conv2D,2,1144.834,572.417,1144.834,572.417,0.0011068352714992185,0.8936084249705881,0.0,0.0
296,Device,Conv2DBackpropInput,gradient_tape/model/conv2d_1/Conv2D/Conv2DBackpropInput,2,1142.786,571.393,1142.786,571.393,0.0011048552476389643,0.894713280218227,0.0,0.0
297,Device,Relu,model/activation_4/Relu,2,1104.898,552.449,1104.898,552.449,0.001068224806224259,0.8957815050244513,0.0,0.0
298,Device,Relu,model/activation_36/Relu,2,1103.873,551.9365,1103.873,551.9365,0.0010672338274856066,0.8968487388519369,0.0,0.0
299,Device,Relu,model/activation_33/Relu,2,1102.85,551.425,1102.85,551.425,0.0010662447823640048,0.897914983634301,0.0,0.0
300,Device,Relu,model/activation_7/Relu,2,1102.85,551.425,1102.85,551.425,0.0010662447823640048,0.8989812284166651,0.0,0.0
301,Device,Relu,model/activation_1/Relu,2,1102.849,551.4245,1102.849,551.4245,0.0010662438155554792,0.9000474722322206,0.0,0.0
302,Device,Relu,model/activation_27/Relu,2,1102.849,551.4245,1102.849,551.4245,0.0010662438155554792,0.9011137160477761,0.0,0.0
303,Device,Relu,model/activation_2/Relu,2,1101.826,550.913,1101.826,550.913,0.0010652547704338778,0.90217897081821,0.0,0.0
304,Device,Relu,model/activation_24/Relu,2,1101.826,550.913,1101.826,550.913,0.0010652547704338778,0.9032442255886438,0.0,0.0
305,Device,Relu,model/activation_30/Relu,2,1100.801,550.4005,1100.801,550.4005,0.001064263791695225,0.904308489380339,0.0,0.0
306,Device,Relu,model/activation_5/Relu,2,1099.778,549.889,1099.778,549.889,0.0010632747465736234,0.9053717641269127,0.0,0.0
307,Device,Relu,model/activation_8/Relu,2,1099.776,549.888,1099.776,549.888,0.0010632728129565724,0.9064350369398693,0.0,0.0
308,Device,Relu,model/activation_39/Relu,2,1095.682,547.841,1095.682,547.841,0.0010593146988531147,0.9074943516387224,0.0,0.0
309,Device,BiasAddGrad,gradient_tape/model/conv2d_14/BiasAdd/BiasAddGrad,2,1034.242,517.121,1034.242,517.121,0.000999913983045485,0.9084942656217678,0.0,0.0
310,Device,BiasAddGrad,gradient_tape/model/conv2d_17/BiasAdd/BiasAddGrad,2,1032.193,516.0965,1032.193,516.0965,0.000997932992376705,0.9094921986141445,0.0,0.0
311,Device,BiasAddGrad,gradient_tape/model/conv2d_20/BiasAdd/BiasAddGrad,2,1030.146,515.073,1030.146,515.073,0.0009959539353249763,0.9104881525494695,0.0,0.0
312,Device,BiasAddGrad,gradient_tape/model/conv2d_23/BiasAdd/BiasAddGrad,2,1030.146,515.073,1030.146,515.073,0.0009959539353249763,0.9114841064847944,0.0,0.0
313,Device,Transpose,gradient_tape/model/conv2d/Conv2D/Conv2DBackpropFilter-0-TransposeNHWCToNCHW-LayoutOptimizer,2,941.058,470.529,941.058,470.529,0.0009098228974039132,0.9123939293821983,0.0,0.0
314,Device,ReluGrad,gradient_tape/model/activation_20/ReluGrad,2,882.689,441.3445,882.689,441.3445,0.0008533912505781394,0.9132473206327765,0.0,0.0
315,Device,ReluGrad,gradient_tape/model/activation_42/ReluGrad,2,881.666,440.833,881.666,440.833,0.0008524022054565379,0.914099722838233,0.0,0.0
316,Device,ReluGrad,gradient_tape/model/activation_14/ReluGrad,2,880.642,440.321,880.642,440.321,0.0008514121935264107,0.9149511350317594,0.0,0.0
317,Device,ReluGrad,gradient_tape/model/activation_10/ReluGrad,2,879.617,439.8085,879.617,439.8085,0.0008504212147877579,0.9158015562465471,0.0,0.0
318,Device,ReluGrad,gradient_tape/model/activation_11/ReluGrad,2,877.57,438.785,877.57,438.785,0.0008484421577360292,0.9166499984042832,0.0,0.0
319,Device,ReluGrad,gradient_tape/model/activation_17/ReluGrad,2,873.474,436.737,873.474,436.737,0.0008444821100155206,0.9174944805142987,0.0,0.0
320,Device,ReluGrad,gradient_tape/model/activation_45/ReluGrad,2,871.424,435.712,871.424,435.712,0.0008425001525382151,0.9183369806668369,0.0,0.0
321,Device,ReluGrad,gradient_tape/model/activation_13/ReluGrad,2,870.401,435.2005,870.401,435.2005,0.0008415111074166134,0.9191784917742535,0.0,0.0
322,Device,ReluGrad,gradient_tape/model/activation_48/ReluGrad,2,870.401,435.2005,870.401,435.2005,0.0008415111074166134,0.9200200028816701,0.0,0.0
323,Device,ReluGrad,gradient_tape/model/activation_16/ReluGrad,2,865.281,432.6405,865.281,432.6405,0.0008365610477659776,0.920856563929436,0.0,0.0
324,Device,ReluGrad,gradient_tape/model/activation_19/ReluGrad,2,864.257,432.1285,864.257,432.1285,0.0008355710358358505,0.9216921349652719,0.0,0.0
325,Device,FusedBatchNormV3,model/batch_normalization_17/FusedBatchNormV3,4,862.21,215.5525,862.21,215.5525,0.0008335919787841217,0.922525726944056,0.0,0.0
326,Device,FusedBatchNormV3,model/batch_normalization_14/FusedBatchNormV3,4,862.208,215.552,862.208,215.552,0.0008335900451670707,0.923359316989223,0.0,0.0
327,Device,FusedBatchNormV3,model/batch_normalization_10/FusedBatchNormV3,4,861.184,215.296,861.184,215.296,0.0008326000332369434,0.92419191702246,0.0,0.0
328,Device,FusedBatchNormV3,model/batch_normalization_13/FusedBatchNormV3,4,860.162,215.0405,860.162,215.0405,0.0008316119549238674,0.9250235289773838,0.0,0.0
329,Device,FusedBatchNormV3,model/batch_normalization_16/FusedBatchNormV3,4,860.162,215.0405,860.162,215.0405,0.0008316119549238674,0.9258551409323077,0.0,0.0
330,Device,FusedBatchNormV3,model/batch_normalization_11/FusedBatchNormV3,4,859.138,214.7845,859.138,214.7845,0.0008306219429937402,0.9266857628753015,0.0,0.0
331,Device,FusedBatchNormV3,model/batch_normalization_20/FusedBatchNormV3,4,859.137,214.78425,859.137,214.78425,0.0008306209761852146,0.9275163838514867,0.0,0.0
332,Device,FusedBatchNormV3,model/batch_normalization_19/FusedBatchNormV3,4,858.113,214.52825,858.113,214.52825,0.0008296309642550876,0.9283460148157417,0.0,0.0
333,Device,AddN,SGD/gradients/AddN,2,855.041,427.5205,855.041,427.5205,0.0008266609284647061,0.9291726757442065,0.0,0.0
334,Device,AddN,SGD/gradients/AddN_1,2,852.994,426.497,852.994,426.497,0.0008246818714129772,0.9299973576156194,0.0,0.0
335,Device,AddV2,model/add_13/add,2,827.392,413.696,827.392,413.696,0.0007999296395427472,0.9307972872551622,0.0,0.0
336,Device,AddV2,model/add_14/add,2,825.345,412.6725,825.345,412.6725,0.0007979505824910184,0.9315952378376532,0.0,0.0
337,Device,AddV2,model/add_15/add,2,822.273,411.1365,822.273,411.1365,0.0007949805467006368,0.9323902183843539,0.0,0.0
338,Device,FusedBatchNormGradV3,gradient_tape/model/batch_normalization_29/FusedBatchNormGradV3,2,757.76,378.88,757.76,378.88,0.0007326088282941001,0.9331228272126479,0.0,0.0
339,Device,FusedBatchNormGradV3,gradient_tape/model/batch_normalization_23/FusedBatchNormGradV3,2,754.689,377.3445,754.689,377.3445,0.0007296397593122441,0.9338524669719602,0.0,0.0
340,Device,FusedBatchNormGradV3,gradient_tape/model/batch_normalization_31/FusedBatchNormGradV3,2,754.688,377.344,754.688,377.344,0.0007296387925037186,0.934582105764464,0.0,0.0
341,Device,FusedBatchNormGradV3,gradient_tape/model/batch_normalization_34/FusedBatchNormGradV3,2,753.666,376.833,753.666,376.833,0.0007286507141906426,0.9353107564786546,0.0,0.0
342,Device,FusedBatchNormGradV3,gradient_tape/model/batch_normalization_25/FusedBatchNormGradV3,2,752.642,376.321,752.642,376.321,0.0007276607022605153,0.9360384171809151,0.0,0.0
343,Device,FusedBatchNormGradV3,gradient_tape/model/batch_normalization_26/FusedBatchNormGradV3,2,752.641,376.3205,752.641,376.3205,0.0007276597354519897,0.936766076916367,0.0,0.0
344,Device,FusedBatchNormGradV3,gradient_tape/model/batch_normalization_38/FusedBatchNormGradV3,2,752.64,376.32,752.64,376.32,0.0007276587686434643,0.9374937356850105,0.0,0.0
345,Device,FusedBatchNormGradV3,gradient_tape/model/batch_normalization_22/FusedBatchNormGradV3,2,751.618,375.809,751.618,375.809,0.0007266706903303882,0.9382204063753409,0.0,0.0
346,Device,FusedBatchNormGradV3,gradient_tape/model/batch_normalization_28/FusedBatchNormGradV3,2,749.57,374.785,749.57,374.785,0.0007246906664701339,0.9389450970418111,0.0,0.0
347,Device,FusedBatchNormGradV3,gradient_tape/model/batch_normalization_32/FusedBatchNormGradV3,2,749.57,374.785,749.57,374.785,0.0007246906664701339,0.9396697877082812,0.0,0.0
348,Device,FusedBatchNormGradV3,gradient_tape/model/batch_normalization_35/FusedBatchNormGradV3,2,749.568,374.784,749.568,374.784,0.0007246887328530828,0.9403944764411343,0.0,0.0
349,Device,FusedBatchNormGradV3,gradient_tape/model/batch_normalization_37/FusedBatchNormGradV3,2,746.498,373.249,746.498,373.249,0.0007217206306797524,0.941116197071814,0.0,0.0
350,Device,BiasAdd,model/conv2d_49/BiasAdd,2,593.921,296.9605,593.921,296.9605,0.0005742078862822797,0.9416904049580963,0.0,0.0
351,Device,BiasAdd,model/conv2d_11/BiasAdd,2,592.898,296.449,592.898,296.449,0.000573218841160678,0.942263623799257,0.0,0.0
352,Device,BiasAdd,model/conv2d_45/BiasAdd,2,592.898,296.449,592.898,296.449,0.000573218841160678,0.9428368426404177,0.0,0.0
353,Device,BiasAdd,model/conv2d_15/BiasAdd,2,592.896,296.448,592.896,296.448,0.0005732169075436269,0.9434100595479613,0.0,0.0
354,Device,BiasAdd,model/conv2d_18/BiasAdd,2,592.896,296.448,592.896,296.448,0.0005732169075436269,0.943983276455505,0.0,0.0
355,Device,BiasAdd,model/conv2d_21/BiasAdd,2,591.874,295.937,591.874,295.937,0.0005722288292305509,0.9445555052847355,0.0,0.0
356,Device,BiasAdd,model/conv2d_52/BiasAdd,2,591.873,295.9365,591.873,295.9365,0.0005722278624220254,0.9451277331471576,0.0,0.0
357,Device,BiasAdd,model/conv2d_16/BiasAdd,2,590.85,295.425,590.85,295.425,0.0005712388173004237,0.9456989719644581,0.0,0.0
358,Device,BiasAdd,model/conv2d_46/BiasAdd,2,590.849,295.4245,590.849,295.4245,0.0005712378504918982,0.9462702098149499,0.0,0.0
359,Device,BiasAdd,model/conv2d_19/BiasAdd,2,586.754,293.377,586.754,293.377,0.000567278769579915,0.9468374885845299,0.0,0.0
360,Device,FusedBatchNormV3,model/batch_normalization_42/FusedBatchNormV3,4,584.706,146.1765,584.706,146.1765,0.0005652987457196607,0.9474027873302495,0.0,0.0
361,Device,BiasAdd,model/conv2d_22/BiasAdd,2,583.681,291.8405,583.681,291.8405,0.0005643077669810081,0.9479670950972305,0.0,0.0
362,Device,FusedBatchNormV3,model/batch_normalization_48/FusedBatchNormV3,4,582.657,145.66425,582.657,145.66425,0.0005633177550508809,0.9485304128522815,0.0,0.0
363,Device,BiasAdd,model/conv2d_12/BiasAdd,2,582.656,291.328,582.656,291.328,0.0005633167882423553,0.9490937296405239,0.0,0.0
364,Device,FusedBatchNormV3,model/batch_normalization_45/FusedBatchNormV3,4,580.609,145.15225,580.609,145.15225,0.0005613377311906266,0.9496550673717145,0.0,0.0
365,Device,BiasAddGrad,gradient_tape/model/conv2d_27/BiasAdd/BiasAddGrad,2,575.489,287.7445,575.489,287.7445,0.0005563876715399908,0.9502114550432544,0.0,0.0
366,Device,BiasAddGrad,gradient_tape/model/conv2d_33/BiasAdd/BiasAddGrad,2,572.416,286.208,572.416,286.208,0.0005534166689410838,0.9507648717121955,0.0,0.0
367,Device,BiasAddGrad,gradient_tape/model/conv2d_42/BiasAdd/BiasAddGrad,2,572.416,286.208,572.416,286.208,0.0005534166689410838,0.9513182883811365,0.0,0.0
368,Device,BiasAddGrad,gradient_tape/model/conv2d_30/BiasAdd/BiasAddGrad,2,571.394,285.697,571.394,285.697,0.0005524285906280076,0.9518707169717645,0.0,0.0
369,Device,BiasAddGrad,gradient_tape/model/conv2d_36/BiasAdd/BiasAddGrad,2,570.369,285.1845,570.369,285.1845,0.0005514376118893549,0.9524221545836539,0.0,0.0
370,Device,BiasAddGrad,gradient_tape/model/conv2d_39/BiasAdd/BiasAddGrad,2,569.346,284.673,569.346,284.673,0.0005504485667677533,0.9529726031504216,0.0,0.0
371,Device,Relu,model/activation_42/Relu,2,556.032,278.016,556.032,278.016,0.0005375764780590492,0.9535101796284807,0.0,0.0
372,Device,Relu,model/activation_16/Relu,2,555.008,277.504,555.008,277.504,0.0005365864661289221,0.9540467660946097,0.0,0.0
373,Device,Relu,model/activation_45/Relu,2,553.985,276.9925,553.985,276.9925,0.0005355974210073203,0.954582363515617,0.0,0.0
374,Device,Relu,model/activation_48/Relu,2,552.961,276.4805,552.961,276.4805,0.0005346074090771932,0.9551169709246942,0.0,0.0
375,Device,Relu,model/activation_17/Relu,2,552.96,276.48,552.96,276.48,0.0005346064422686677,0.9556515773669628,0.0,0.0
376,Device,Relu,model/activation_20/Relu,2,551.938,275.969,551.938,275.969,0.0005336183639555915,0.9561851957309184,0.0,0.0
377,Device,Relu,model/activation_14/Relu,2,550.914,275.457,550.914,275.457,0.0005326283520254644,0.9567178240829439,0.0,0.0
378,Device,Relu,model/activation_19/Relu,2,550.913,275.4565,550.913,275.4565,0.0005326273852169389,0.9572504514681609,0.0,0.0
379,Device,Relu,model/activation_13/Relu,2,550.912,275.456,550.912,275.456,0.0005326264184084134,0.9577830778865694,0.0,0.0
380,Device,Relu,model/activation_10/Relu,2,549.89,274.945,549.89,274.945,0.0005316383400953372,0.9583147162266646,0.0,0.0
381,Device,Relu,model/activation_11/Relu,2,548.864,274.432,548.864,274.432,0.0005306463945481591,0.9588453626212128,0.0,0.0
382,Device,BiasAddGrad,gradient_tape/model/conv2d_9/BiasAdd/BiasAddGrad,2,542.721,271.3605,542.721,271.3605,0.0005247072897759216,0.9593700699109887,0.0,0.0
383,Device,BiasAddGrad,gradient_tape/model/conv2d_2/BiasAdd/BiasAddGrad,2,542.72,271.36,542.72,271.36,0.0005247063229673961,0.9598947762339561,0.0,0.0
384,Device,BiasAddGrad,gradient_tape/model/conv2d_1/BiasAdd/BiasAddGrad,2,540.672,270.336,540.672,270.336,0.0005227262991071418,0.9604175025330632,0.0,0.0
385,Device,BiasAddGrad,gradient_tape/model/conv2d_6/BiasAdd/BiasAddGrad,2,540.672,270.336,540.672,270.336,0.0005227262991071418,0.9609402288321703,0.0,0.0
386,Device,BiasAddGrad,gradient_tape/model/conv2d_5/BiasAdd/BiasAddGrad,2,539.65,269.825,539.65,269.825,0.0005217382207940655,0.9614619670529644,0.0,0.0
387,Device,BiasAddGrad,gradient_tape/model/conv2d_8/BiasAdd/BiasAddGrad,2,539.648,269.824,539.648,269.824,0.0005217362871770146,0.9619837033401414,0.0,0.0
388,Device,FusedBatchNormV3,model/batch_normalization_23/FusedBatchNormV3,4,460.801,115.20025,460.801,115.20025,0.00044550633536574855,0.9624292096755072,0.0,0.0
389,Device,FusedBatchNormV3,model/batch_normalization_26/FusedBatchNormV3,4,456.705,114.17625,456.705,114.17625,0.0004415462876452399,0.9628707559631524,0.0,0.0
390,Device,FusedBatchNormV3,model/batch_normalization_37/FusedBatchNormV3,4,456.705,114.17625,456.705,114.17625,0.0004415462876452399,0.9633123022507977,0.0,0.0
391,Device,FusedBatchNormV3,model/batch_normalization_22/FusedBatchNormV3,4,455.681,113.92025,455.681,113.92025,0.00044055627571511273,0.9637528585265128,0.0,0.0
392,Device,FusedBatchNormV3,model/batch_normalization_35/FusedBatchNormV3,4,455.681,113.92025,455.681,113.92025,0.00044055627571511273,0.964193414802228,0.0,0.0
393,Device,FusedBatchNormV3,model/batch_normalization_28/FusedBatchNormV3,4,454.657,113.66425,454.657,113.66425,0.00043956626378498557,0.9646329810660129,0.0,0.0
394,Device,FusedBatchNormV3,model/batch_normalization_31/FusedBatchNormV3,4,454.657,113.66425,454.657,113.66425,0.00043956626378498557,0.9650725473297979,0.0,0.0
395,Device,FusedBatchNormV3,model/batch_normalization_32/FusedBatchNormV3,4,454.657,113.66425,454.657,113.66425,0.00043956626378498557,0.9655121135935828,0.0,0.0
396,Device,FusedBatchNormV3,model/batch_normalization_25/FusedBatchNormV3,4,454.656,113.664,454.656,113.664,0.0004395652969764601,0.9659516788905592,0.0,0.0
397,Device,FusedBatchNormV3,model/batch_normalization_34/FusedBatchNormV3,4,454.656,113.664,454.656,113.664,0.0004395652969764601,0.9663912441875356,0.0,0.0
398,Device,FusedBatchNormV3,model/batch_normalization_38/FusedBatchNormV3,4,454.656,113.664,454.656,113.664,0.0004395652969764601,0.966830809484512,0.0,0.0
399,Device,FusedBatchNormV3,model/batch_normalization_29/FusedBatchNormV3,4,453.632,113.408,453.632,113.408,0.0004385752850463329,0.9672693847695584,0.0,0.0
400,Device,AvgPool,model/average_pooling2d/AvgPool,2,451.585,225.7925,451.585,225.7925,0.0004365962279946041,0.967705980997553,0.0,0.0
401,Device,ReluGrad,gradient_tape/model/activation_37/ReluGrad,2,436.224,218.112,436.224,218.112,0.00042174508223417114,0.9681277260797871,0.0,0.0
402,Device,ReluGrad,gradient_tape/model/activation_38/ReluGrad,2,434.178,217.089,434.178,217.089,0.00041976699199096785,0.9685474930717781,0.0,0.0
403,Device,ReluGrad,gradient_tape/model/activation_25/ReluGrad,2,434.176,217.088,434.176,217.088,0.0004197650583739168,0.968967258130152,0.0,0.0
404,Device,ReluGrad,gradient_tape/model/activation_28/ReluGrad,2,434.176,217.088,434.176,217.088,0.0004197650583739168,0.969387023188526,0.0,0.0
405,Device,ReluGrad,gradient_tape/model/activation_26/ReluGrad,2,433.153,216.5765,433.153,216.5765,0.0004187760132523152,0.9698057992017783,0.0,0.0
406,Device,ReluGrad,gradient_tape/model/activation_31/ReluGrad,2,432.13,216.065,432.13,216.065,0.0004177869681307135,0.970223586169909,0.0,0.0
407,Device,ReluGrad,gradient_tape/model/activation_29/ReluGrad,2,432.129,216.0645,432.129,216.0645,0.00041778600132218803,0.9706413721712311,0.0,0.0
408,Device,ReluGrad,gradient_tape/model/activation_32/ReluGrad,2,431.104,215.552,431.104,215.552,0.0004167950225835353,0.9710581671938147,0.0,0.0
409,Device,ReluGrad,gradient_tape/model/activation_34/ReluGrad,2,431.104,215.552,431.104,215.552,0.0004167950225835353,0.9714749622163982,0.0,0.0
410,Device,ReluGrad,gradient_tape/model/activation_35/ReluGrad,2,431.104,215.552,431.104,215.552,0.0004167950225835353,0.9718917572389817,0.0,0.0
411,Device,ReluGrad,gradient_tape/model/activation_23/ReluGrad,2,430.081,215.0405,430.081,215.0405,0.0004158059774619337,0.9723075632164436,0.0,0.0
412,Device,ReluGrad,gradient_tape/model/activation_22/ReluGrad,2,419.84,209.92,419.84,209.92,0.00040590489135213653,0.9727134681077958,0.0,0.0
413,Device,SoftmaxCrossEntropyWithLogits,categorical_crossentropy/softmax_cross_entropy_with_logits,6,379.905,63.317499999999995,379.905,63.317499999999995,0.0003672953928857027,0.9730807635006815,0.0,0.0
414,Device,FusedBatchNormGradV3,gradient_tape/model/batch_normalization_40/FusedBatchNormGradV3,2,360.45,180.225,360.45,180.225,0.00034848613302181216,0.9734292496337034,0.0,0.0
415,Device,FusedBatchNormGradV3,gradient_tape/model/batch_normalization_41/FusedBatchNormGradV3,2,360.45,180.225,360.45,180.225,0.00034848613302181216,0.9737777357667252,0.0,0.0
416,Device,FusedBatchNormGradV3,gradient_tape/model/batch_normalization_43/FusedBatchNormGradV3,2,359.424,179.712,359.424,179.712,0.00034749418747463397,0.9741252299541998,0.0,0.0
417,Device,FusedBatchNormGradV3,gradient_tape/model/batch_normalization_46/FusedBatchNormGradV3,2,358.4,179.2,358.4,179.2,0.0003465041755445068,0.9744717341297443,0.0,0.0
418,Device,FusedBatchNormGradV3,gradient_tape/model/batch_normalization_44/FusedBatchNormGradV3,2,357.376,178.688,357.376,178.688,0.00034551416361437964,0.9748172482933587,0.0,0.0
419,Device,FusedBatchNormGradV3,gradient_tape/model/batch_normalization_47/FusedBatchNormGradV3,2,356.352,178.176,356.352,178.176,0.0003445241516842525,0.975161772445043,0.0,0.0
420,Device,BiasAdd,model/conv2d_25/BiasAdd,2,297.984,148.992,297.984,148.992,0.00028809347166700424,0.97544986591671,0.0,0.0
421,Device,BiasAdd,model/conv2d_29/BiasAdd,2,296.961,148.4805,296.961,148.4805,0.0002871044265454026,0.9757369703432555,0.0,0.0
422,Device,BiasAdd,model/conv2d_41/BiasAdd,2,296.961,148.4805,296.961,148.4805,0.0002871044265454026,0.9760240747698009,0.0,0.0
423,Device,BiasAdd,model/conv2d_35/BiasAdd,2,296.96,148.48,296.96,148.48,0.00028710345973687707,0.9763111782295378,0.0,0.0
424,Device,BiasAdd,model/conv2d_32/BiasAdd,2,294.913,147.4565,294.913,147.4565,0.0002851244026851483,0.976596302632223,0.0,0.0
425,Device,BiasAdd,model/conv2d_38/BiasAdd,2,294.913,147.4565,294.913,147.4565,0.0002851244026851483,0.9768814270349081,0.0,0.0
426,Device,BiasAdd,model/conv2d_37/BiasAdd,2,291.841,145.9205,291.841,145.9205,0.0002821543668947668,0.9771635814018028,0.0,0.0
427,Device,BiasAdd,model/conv2d_28/BiasAdd,2,291.84,145.92,291.84,145.92,0.00028215340008624126,0.977445734801889,0.0,0.0
428,Device,BiasAdd,model/conv2d_34/BiasAdd,2,290.817,145.4085,290.817,145.4085,0.00028116435496463964,0.9777268991568536,0.0,0.0
429,Device,BiasAdd,model/conv2d_24/BiasAdd,2,290.816,145.408,290.816,145.408,0.0002811633881561141,0.9780080625450097,0.0,0.0
430,Device,BiasAdd,model/conv2d_31/BiasAdd,2,290.816,145.408,290.816,145.408,0.0002811633881561141,0.9782892259331658,0.0,0.0
431,Device,BiasAdd,model/conv2d_40/BiasAdd,2,290.816,145.408,290.816,145.408,0.0002811633881561141,0.9785703893213219,0.0,0.0
432,Device,BiasAddGrad,gradient_tape/model/conv2d_46/BiasAdd/BiasAddGrad,2,284.674,142.337,284.674,142.337,0.00027522525019240215,0.9788456145715143,0.0,0.0
433,Device,BiasAddGrad,gradient_tape/model/conv2d_52/BiasAdd/BiasAddGrad,2,284.672,142.336,284.672,142.336,0.00027522331657535117,0.9791208378880897,0.0,0.0
434,Device,BiasAddGrad,gradient_tape/model/conv2d_49/BiasAdd/BiasAddGrad,2,283.648,141.824,283.648,141.824,0.000274233304645224,0.979395071192735,0.0,0.0
435,Device,BiasAddGrad,gradient_tape/model/conv2d_12/BiasAdd/BiasAddGrad,2,282.624,141.312,282.624,141.312,0.00027324329271509684,0.97966831448545,0.0,0.0
436,Device,BiasAddGrad,gradient_tape/model/conv2d_19/BiasAdd/BiasAddGrad,2,282.624,141.312,282.624,141.312,0.00027324329271509684,0.979941557778165,0.0,0.0
437,Device,BiasAddGrad,gradient_tape/model/conv2d_16/BiasAdd/BiasAddGrad,2,281.601,140.8005,281.601,140.8005,0.00027225424759349517,0.9802138120257585,0.0,0.0
438,Device,BiasAddGrad,gradient_tape/model/conv2d_22/BiasAdd/BiasAddGrad,2,281.6,140.8,281.6,140.8,0.0002722532807849697,0.9804860653065435,0.0,0.0
439,Device,Relu,model/activation_25/Relu,2,280.577,140.2885,280.577,140.2885,0.000271264235663368,0.9807573295422068,0.0,0.0
440,Device,Relu,model/activation_22/Relu,2,279.552,139.776,279.552,139.776,0.00027027325692471535,0.9810276027991316,0.0,0.0
441,Device,Relu,model/activation_26/Relu,2,279.552,139.776,279.552,139.776,0.00027027325692471535,0.9812978760560563,0.0,0.0
442,Device,Relu,model/activation_23/Relu,2,278.529,139.2645,278.529,139.2645,0.0002692842118031137,0.9815671602678595,0.0,0.0
443,Device,Relu,model/activation_28/Relu,2,278.529,139.2645,278.529,139.2645,0.0002692842118031137,0.9818364444796627,0.0,0.0
444,Device,Relu,model/activation_29/Relu,2,278.529,139.2645,278.529,139.2645,0.0002692842118031137,0.9821057286914658,0.0,0.0
445,Device,Relu,model/activation_37/Relu,2,278.529,139.2645,278.529,139.2645,0.0002692842118031137,0.982375012903269,0.0,0.0
446,Device,Relu,model/activation_32/Relu,2,277.505,138.7525,277.505,138.7525,0.0002682941998729865,0.982643307103142,0.0,0.0
447,Device,BiasAddGrad,gradient_tape/model/conv2d_18/BiasAdd/BiasAddGrad,2,277.504,138.752,277.504,138.752,0.00026829323306446103,0.9829116003362064,0.0,0.0
448,Device,Relu,model/activation_31/Relu,2,277.504,138.752,277.504,138.752,0.00026829323306446103,0.9831798935692708,0.0,0.0
449,Device,Relu,model/activation_35/Relu,2,277.504,138.752,277.504,138.752,0.00026829323306446103,0.9834481868023353,0.0,0.0
450,Device,BiasAddGrad,gradient_tape/model/conv2d_15/BiasAdd/BiasAddGrad,2,276.481,138.2405,276.481,138.2405,0.00026730418794285936,0.9837154909902781,0.0,0.0
451,Device,BiasAddGrad,gradient_tape/model/conv2d_21/BiasAdd/BiasAddGrad,2,275.457,137.7285,275.457,137.7285,0.0002663141760127322,0.9839818051662909,0.0,0.0
452,Device,Relu,model/activation_34/Relu,2,275.457,137.7285,275.457,137.7285,0.0002663141760127322,0.9842481193423036,0.0,0.0
453,Device,BiasAddGrad,gradient_tape/model/conv2d_11/BiasAdd/BiasAddGrad,2,275.456,137.728,275.456,137.728,0.0002663132092042067,0.9845144325515078,0.0,0.0
454,Device,Relu,model/activation_38/Relu,2,275.456,137.728,275.456,137.728,0.0002663132092042067,0.9847807457607121,0.0,0.0
455,Device,ReluGrad,gradient_tape/model/activation_40/ReluGrad,2,218.112,109.056,218.112,109.056,0.00021087254111708557,0.9849916183018291,0.0,0.0
456,Device,ReluGrad,gradient_tape/model/activation_43/ReluGrad,2,218.112,109.056,218.112,109.056,0.00021087254111708557,0.9852024908429462,0.0,0.0
457,Device,ReluGrad,gradient_tape/model/activation_44/ReluGrad,2,218.112,109.056,218.112,109.056,0.00021087254111708557,0.9854133633840633,0.0,0.0
458,Device,ReluGrad,gradient_tape/model/activation_41/ReluGrad,2,217.088,108.544,217.088,108.544,0.0002098825291869584,0.9856232459132502,0.0,0.0
459,Device,ReluGrad,gradient_tape/model/activation_47/ReluGrad,2,216.064,108.032,216.064,108.032,0.00020889251725683124,0.9858321384305071,0.0,0.0
460,Device,ReluGrad,gradient_tape/model/activation_46/ReluGrad,2,215.04,107.52,215.04,107.52,0.00020790250532670408,0.9860400409358338,0.0,0.0
461,Device,ArgMax,ArgMax,2,188.416,94.208,188.416,94.208,0.00018216219514339787,0.9862222031309772,0.0,0.0
462,Device,BiasAddGrad,gradient_tape/model/conv2d_35/BiasAdd/BiasAddGrad,2,169.985,84.9925,169.985,84.9925,0.00016434294720963448,0.9863865460781869,0.0,0.0
463,Device,BiasAddGrad,gradient_tape/model/conv2d_29/BiasAdd/BiasAddGrad,2,169.984,84.992,169.984,84.992,0.00016434198040110896,0.986550888058588,0.0,0.0
464,Device,BiasAddGrad,gradient_tape/model/conv2d_25/BiasAdd/BiasAddGrad,2,168.961,84.4805,168.961,84.4805,0.00016335293527950731,0.9867142409938675,0.0,0.0
465,Device,BiasAddGrad,gradient_tape/model/conv2d_32/BiasAdd/BiasAddGrad,2,167.936,83.968,167.936,83.968,0.00016236195654085463,0.9868766029504084,0.0,0.0
466,Device,BiasAddGrad,gradient_tape/model/conv2d_38/BiasAdd/BiasAddGrad,2,167.936,83.968,167.936,83.968,0.00016236195654085463,0.9870389649069492,0.0,0.0
467,Device,BiasAddGrad,gradient_tape/model/conv2d_41/BiasAdd/BiasAddGrad,2,167.936,83.968,167.936,83.968,0.00016236195654085463,0.98720132686349,0.0,0.0
468,Device,BiasAddGrad,gradient_tape/model/conv2d_31/BiasAdd/BiasAddGrad,2,165.888,82.944,165.888,82.944,0.0001603819326806003,0.9873617087961707,0.0,0.0
469,Device,BiasAddGrad,gradient_tape/model/conv2d_37/BiasAdd/BiasAddGrad,2,165.888,82.944,165.888,82.944,0.0001603819326806003,0.9875220907288513,0.0,0.0
470,Device,BiasAddGrad,gradient_tape/model/conv2d_34/BiasAdd/BiasAddGrad,2,164.864,82.432,164.864,82.432,0.00015939192075047315,0.9876814826496018,0.0,0.0
471,Device,BiasAddGrad,gradient_tape/model/conv2d_28/BiasAdd/BiasAddGrad,2,163.84,81.92,163.84,81.92,0.00015840190882034598,0.9878398845584221,0.0,0.0
472,Device,BiasAddGrad,gradient_tape/model/conv2d_40/BiasAdd/BiasAddGrad,2,163.84,81.92,163.84,81.92,0.00015840190882034598,0.9879982864672424,0.0,0.0
473,Device,BiasAddGrad,gradient_tape/model/conv2d_24/BiasAdd/BiasAddGrad,2,160.768,80.384,160.768,80.384,0.0001554318730299645,0.9881537183402723,0.0,0.0
474,Device,FusedBatchNormV3,model/batch_normalization_40/FusedBatchNormV3,4,155.648,38.912,155.648,38.912,0.00015048181337932868,0.9883042001536516,0.0,0.0
475,Device,FusedBatchNormV3,model/batch_normalization_41/FusedBatchNormV3,4,155.648,38.912,155.648,38.912,0.00015048181337932868,0.9884546819670309,0.0,0.0
476,Device,FusedBatchNormV3,model/batch_normalization_43/FusedBatchNormV3,4,155.648,38.912,155.648,38.912,0.00015048181337932868,0.9886051637804102,0.0,0.0
477,Device,FusedBatchNormV3,model/batch_normalization_44/FusedBatchNormV3,4,155.648,38.912,155.648,38.912,0.00015048181337932868,0.9887556455937895,0.0,0.0
478,Device,FusedBatchNormV3,model/batch_normalization_47/FusedBatchNormV3,4,155.648,38.912,155.648,38.912,0.00015048181337932868,0.9889061274071688,0.0,0.0
479,Device,FusedBatchNormV3,model/batch_normalization_46/FusedBatchNormV3,4,154.624,38.656,154.624,38.656,0.00014949180144920151,0.989055619208618,0.0,0.0
480,Device,BiasAdd,model/conv2d_44/BiasAdd,2,144.385,72.1925,144.385,72.1925,0.0001395926489564554,0.9891952118575744,0.0,0.0
481,Device,BiasAdd,model/conv2d_48/BiasAdd,2,144.384,72.192,144.384,72.192,0.00013959168214792988,0.9893348035397224,0.0,0.0
482,Device,BiasAdd,model/conv2d_51/BiasAdd,2,144.384,72.192,144.384,72.192,0.00013959168214792988,0.9894743952218703,0.0,0.0
483,Device,BiasAdd,model/conv2d_43/BiasAdd,2,141.312,70.656,141.312,70.656,0.00013662164635754842,0.9896110168682278,0.0,0.0
484,Device,Relu,model/activation_43/Relu,2,140.288,70.144,140.288,70.144,0.00013563163442742126,0.9897466485026553,0.0,0.0
485,Device,BiasAdd,model/conv2d_50/BiasAdd,2,140.288,70.144,140.288,70.144,0.00013563163442742126,0.9898822801370827,0.0,0.0
486,Device,Relu,model/activation_40/Relu,2,139.264,69.632,139.264,69.632,0.0001346416224972941,0.99001692175958,0.0,0.0
487,Device,BiasAdd,model/conv2d_47/BiasAdd,2,139.264,69.632,139.264,69.632,0.0001346416224972941,0.9901515633820773,0.0,0.0
488,Device,Relu,model/activation_47/Relu,2,137.216,68.608,137.216,68.608,0.00013266159863703977,0.9902842249807143,0.0,0.0
489,Device,Relu,model/activation_46/Relu,2,136.193,68.0965,136.193,68.0965,0.00013167255351543812,0.9904158975342298,0.0,0.0
490,Device,Relu,model/activation_41/Relu,2,136.192,68.096,136.192,68.096,0.0001316715867069126,0.9905475691209367,0.0,0.0
491,Device,Relu,model/activation_44/Relu,2,135.168,67.584,135.168,67.584,0.00013068157477678544,0.9906782506957135,0.0,0.0
492,Device,ResourceApplyGradientDescent,SGD/SGD/update_184/ResourceApplyGradientDescent,2,124.928,62.464,124.928,62.464,0.0001207814554755138,0.990799032151189,0.0,0.0
493,Device,ResourceApplyGradientDescent,SGD/SGD/update_196/ResourceApplyGradientDescent,2,123.904,61.952,123.904,61.952,0.00011979144354538664,0.9909188235947344,0.0,0.0
494,Device,ArgMax,ArgMax_1,2,122.88,61.44,122.88,61.44,0.00011880143161525947,0.9910376250263496,0.0,0.0
495,Device,ResourceApplyGradientDescent,SGD/SGD/update_170/ResourceApplyGradientDescent,2,122.88,61.44,122.88,61.44,0.00011880143161525947,0.9911564264579649,0.0,0.0
496,Device,Mul,gradient_tape/conv2d_51/kernel/Regularizer/Mul_1,2,122.88,61.44,122.88,61.44,0.00011880143161525947,0.9912752278895801,0.0,0.0
497,Device,AddN,SGD/gradients/AddN_60,2,121.856,60.928,121.856,60.928,0.00011781141968513231,0.9913930393092653,0.0,0.0
498,Device,AddN,SGD/gradients/AddN_64,2,120.833,60.4165,120.833,60.4165,0.00011682237456353066,0.9915098616838288,0.0,0.0
499,Device,AddN,SGD/gradients/AddN_67,2,120.832,60.416,120.832,60.416,0.00011682140775500515,0.9916266830915839,0.0,0.0
500,Device,Mul,gradient_tape/conv2d_48/kernel/Regularizer/Mul_1,2,120.832,60.416,120.832,60.416,0.00011682140775500515,0.9917435044993389,0.0,0.0
501,Host,IDLE,IDLE,0,4611087.045,0.0,4611087.045,0.0,0.0,0.0,0.9798278670005486,0.9798278670005486
502,Host,GatherV2,GatherV2,2,67325.104,33662.552,67325.104,33662.552,0.0,0.0,0.014306173881371634,0.9941340408819203
503,Host,_Send,IteratorGetNext/_1,2,17681.965,8840.9825,17681.965,8840.9825,0.0,0.0,0.0037573096931915228,0.9978913505751118
504,Host,_Send,IteratorGetNext/_3,2,9251.562,4625.781,9251.562,4625.781,0.0,0.0,0.0019659004855943525,0.9998572510607061
505,Host,GatherV2,GatherV2_1,2,268.934,134.467,268.934,134.467,0.0,0.0,5.7146834360817305e-05,0.999914397895067
506,Host,LogicalAnd,LogicalAnd,1,64.181,64.181,64.181,64.181,0.0,0.0,1.3638070962063612e-05,0.9999280359660291
507,Host,Dataset,Iterator::Root::ParallelMapV2,2,52.162,26.081,52.162,26.081,0.0,0.0,1.1084106784300058e-05,0.9999391200728134
508,Host,Dataset,Iterator::Root::ParallelMapV2::Zip[1]::ForeverRepeat,2,55.931,27.9655,51.981,25.9905,0.0,0.0,1.1045645388495483e-05,0.9999501657182018
509,Host,FlushSummaryWriter,FlushSummaryWriter,1,38.54,38.54,38.54,38.54,0.0,0.0,8.189514885681612e-06,0.9999583552330875
510,Host,IteratorGetNext,IteratorGetNext,2,37.681,18.8405,37.681,18.8405,0.0,0.0,8.00698262603448e-06,0.9999663622157136
511,Host,_Send,IteratorGetNext/_6,2,35.15,17.575,35.15,17.575,0.0,0.0,7.469160566468829e-06,0.99997383137628
512,Host,Dataset,Iterator::Root,2,85.112,42.556,32.95,16.475,0.0,0.0,7.0016739876286755e-06,0.9999808330502676
513,Host,WriteSummary,WriteSummary,1,22.26,22.26,22.26,22.26,0.0,0.0,4.730114202264471e-06,0.9999855631644698
514,Host,Dataset,Iterator::Root::ParallelMapV2::Zip[0]::FlatMap[1]::Concatenate[0]::TensorSlice,2,21.61,10.805,21.61,10.805,0.0,0.0,4.591993167607152e-06,0.9999901551576375
515,Host,Dataset,Iterator::Root::ParallelMapV2::Zip[0]::FlatMap[1]::Concatenate,2,35.64,17.82,14.03,7.015,0.0,0.0,2.9812894096033477e-06,0.999993136447047
516,Host,Dataset,Iterator::Root::ParallelMapV2::Zip,2,103.111,51.5555,8.12,4.06,0.0,0.0,1.725450463719115e-06,0.9999948618975107
517,Host,ReadVariableOp,ReadVariableOp,1,7.96,7.96,7.96,7.96,0.0,0.0,1.6914514398034674e-06,0.9999965533489505
518,Host,_HostSend,categorical_crossentropy/softmax_cross_entropy_with_logits/Shape_2/_9,2,5.82,2.91,5.82,2.91,0.0,0.0,1.236714494931681e-06,0.9999977900634455
519,Host,Dataset,Iterator::Root::ParallelMapV2::Zip[1]::ForeverRepeat::FromTensor,4,3.95,0.9875,3.95,0.9875,0.0,0.0,8.393509029175499e-07,0.9999986294143484
520,Host,Dataset,Iterator::Root::ParallelMapV2::Zip[0]::FlatMap,2,39.06,19.53,3.42,1.71,0.0,0.0,7.267291361969672e-07,0.9999993561434846
521,Host,Identity,Identity,2,3.03,1.515,3.03,1.515,0.0,0.0,6.438565154025761e-07,1.0
