Rank,Host/device,Type,Operation,#Occurrences,Total time (us),Avg. time (us),Total self-time (us),Avg. self-time (us),Total self-time on Device (%),Cumulative total-self time on Device (%),Total self-time on Host (%),Cumulative total-self time on Host (%)
1,Device,DepthwiseConv2dNativeBackpropFilter,gradient_tape/efficientnetb0/block1a_dwconv/depthwise/DepthwiseConv2dNativeBackpropFilter,2,283727.069,141863.5345,283727.069,141863.5345,0.23272748340060415,0.23272748340060415,0.0,0.0
2,Device,DepthwiseConv2dNativeBackpropFilter,gradient_tape/efficientnetb0/block2b_dwconv/depthwise/DepthwiseConv2dNativeBackpropFilter,2,84166.72,42083.36,84166.72,42083.36,0.06903785740543246,0.3017653408060366,0.0,0.0
3,Device,DepthwiseConv2dNativeBackpropFilter,gradient_tape/efficientnetb0/block2a_dwconv/depthwise/DepthwiseConv2dNativeBackpropFilter,2,83516.482,41758.241,83516.482,41758.241,0.06850449887223081,0.37026983967826743,0.0,0.0
4,Device,DepthwiseConv2dNativeBackpropFilter,gradient_tape/efficientnetb0/block3a_dwconv/depthwise/DepthwiseConv2dNativeBackpropFilter,2,46754.854,23377.427,46754.854,23377.427,0.038350727502079365,0.4086205671803468,0.0,0.0
5,Device,IDLE,IDLE,0,15266.125,0.0,15266.125,0.0,0.01252205813513355,0.42114262531548036,0.0,0.0
6,Device,FusedBatchNormGradV3,gradient_tape/efficientnetb0/block2a_expand_bn/FusedBatchNormGradV3,2,12908.554,6454.277,12908.554,6454.277,0.010588257572141635,0.431730882887622,0.0,0.0
7,Device,_Recv,IteratorGetNext/_4,2,12688.042,6344.021,12688.042,6344.021,0.010407382328195016,0.442138265215817,0.0,0.0
8,Device,FusedBatchNormV3,efficientnetb0/block2a_expand_bn/FusedBatchNormV3,4,7971.846,1992.9615,7971.846,1992.9615,0.006538916657392223,0.4486771818732092,0.0,0.0
9,Device,DepthwiseConv2dNativeBackpropFilter,gradient_tape/efficientnetb0/block4a_dwconv/depthwise/DepthwiseConv2dNativeBackpropFilter,2,7942.15,3971.075,7942.15,3971.075,0.006514558476230931,0.45519174034944015,0.0,0.0
10,Device,Mul,SGD/gradients/mul_137,2,7532.55,3766.275,7532.55,3766.275,0.006178583563661389,0.46137032391310157,0.0,0.0
11,Device,Mul,efficientnetb0/block2a_expand_activation/mul,2,7532.55,3766.275,7532.55,3766.275,0.006178583563661389,0.467548907476763,0.0,0.0
12,Device,Mul,SGD/gradients/mul_136,2,7531.526,3765.763,7531.526,3765.763,0.006177743626379965,0.47372665110314294,0.0,0.0
13,Device,Mul,SGD/gradients/mul_135,2,7510.022,3755.011,7510.022,3755.011,0.006160104943470064,0.479886756046613,0.0,0.0
14,Device,Conv2DBackpropFilter,gradient_tape/efficientnetb0/block2a_expand_conv/Conv2D/Conv2DBackpropFilter,2,7405.574,3702.787,7405.574,3702.787,0.00607443134076483,0.48596118738737787,0.0,0.0
15,Device,DepthwiseConv2dNativeBackpropInput,gradient_tape/efficientnetb0/block2a_dwconv/depthwise/DepthwiseConv2dNativeBackpropInput,2,7377.926,3688.963,7377.926,3688.963,0.006051753034166387,0.49201294042154425,0.0,0.0
16,Device,Slice,gradient_tape/efficientnetb0/block2a_dwconv_pad/Slice_1,2,6226.948,3113.474,6226.948,3113.474,0.005107661889343471,0.4971206023108877,0.0,0.0
17,Device,Pad,efficientnetb0/block2a_dwconv_pad/Pad,2,5543.94,2771.97,5543.94,2771.97,0.0045474237226337585,0.5016680260335215,0.0,0.0
18,Device,FusedBatchNormGradV3,gradient_tape/efficientnetb0/stem_bn/FusedBatchNormGradV3,2,5344.26,2672.13,5344.26,2672.13,0.004383635952756107,0.5060516619862776,0.0,0.0
19,Device,FusedBatchNormGradV3,gradient_tape/efficientnetb0/block1a_bn/FusedBatchNormGradV3,2,5331.972,2665.986,5331.972,2665.986,0.004373556705379021,0.5104252186916566,0.0,0.0
20,Device,Sigmoid,SGD/gradients/Sigmoid_45,2,5311.492,2655.746,5311.492,2655.746,0.004356757959750544,0.5147819766514071,0.0,0.0
21,Device,Sigmoid,efficientnetb0/block2a_expand_activation/Sigmoid,2,5284.868,2642.434,5284.868,2642.434,0.004334919590433524,0.5191168962418407,0.0,0.0
22,Device,DepthwiseConv2dNativeBackpropFilter,gradient_tape/efficientnetb0/block6a_dwconv/depthwise/DepthwiseConv2dNativeBackpropFilter,2,5135.364,2567.682,5135.364,2567.682,0.00421228874734564,0.5233291849891863,0.0,0.0
23,Device,AddV2,SGD/gradients/add_45,2,5068.804,2534.402,5068.804,2534.402,0.00415769282405309,0.5274868778132394,0.0,0.0
24,Device,Sub,SGD/gradients/sub_45,2,5045.252,2522.626,5045.252,2522.626,0.004138374266580341,0.5316252520798198,0.0,0.0
25,Device,FusedBatchNormGradV3,gradient_tape/efficientnetb0/block2b_expand_bn/FusedBatchNormGradV3,2,4882.436,2441.218,4882.436,2441.218,0.004004824238833948,0.5356300763186538,0.0,0.0
26,Device,FusedBatchNormGradV3,gradient_tape/efficientnetb0/block2b_bn/FusedBatchNormGradV3,2,4880.388,2440.194,4880.388,2440.194,0.0040031443642711,0.5396332206829249,0.0,0.0
27,Device,FusedBatchNormGradV3,gradient_tape/efficientnetb0/block3a_expand_bn/FusedBatchNormGradV3,2,4878.34,2439.17,4878.34,2439.17,0.004001464489708253,0.5436346851726331,0.0,0.0
28,Device,FusedBatchNormGradV3,gradient_tape/efficientnetb0/block1a_project_bn/FusedBatchNormGradV3,2,4248.58,2124.29,4248.58,2124.29,0.0034849030616325815,0.5471195882342658,0.0,0.0
29,Device,Conv2DBackpropInput,gradient_tape/efficientnetb0/block2a_expand_conv/Conv2D/Conv2DBackpropInput,2,3681.282,1840.641,3681.282,1840.641,0.0030195761672212633,0.550139164401487,0.0,0.0
30,Device,DepthwiseConv2dNativeBackpropInput,gradient_tape/efficientnetb0/block2b_dwconv/depthwise/DepthwiseConv2dNativeBackpropInput,2,3513.348,1756.674,3513.348,1756.674,0.0028818280935702534,0.5530209924950573,0.0,0.0
31,Device,Conv2D,efficientnetb0/block2a_expand_conv/Conv2D,2,3511.3,1755.65,3511.3,1755.65,0.002880148219007406,0.5559011407140647,0.0,0.0
32,Device,DepthwiseConv2dNativeBackpropInput,gradient_tape/efficientnetb0/block3a_dwconv/depthwise/DepthwiseConv2dNativeBackpropInput,2,3460.098,1730.049,3460.098,1730.049,0.00283814971443371,0.5587392904284985,0.0,0.0
33,Device,DepthwiseConv2dNativeBackpropInput,gradient_tape/efficientnetb0/block1a_dwconv/depthwise/DepthwiseConv2dNativeBackpropInput,2,3392.515,1696.2575,3392.515,1696.2575,0.002782714674110987,0.5615220051026094,0.0,0.0
34,Device,DepthwiseConv2dNative,efficientnetb0/block2a_dwconv/depthwise,2,3392.514,1696.257,3392.514,1696.257,0.002782713853859736,0.5643047189564692,0.0,0.0
35,Device,FusedBatchNormGradV3,gradient_tape/efficientnetb0/block2a_bn/FusedBatchNormGradV3,2,3219.458,1609.729,3219.458,1609.729,0.0026407644532991043,0.5669454834097682,0.0,0.0
36,Device,Conv2DBackpropFilter,gradient_tape/efficientnetb0/block1a_project_conv/Conv2D/Conv2DBackpropFilter,2,3184.642,1592.321,3184.642,1592.321,0.002612206585730693,0.5695576899954989,0.0,0.0
37,Device,FusedBatchNormV3,efficientnetb0/stem_bn/FusedBatchNormV3,4,3107.842,776.9605,3107.842,776.9605,0.002549211289623904,0.5721069012851229,0.0,0.0
38,Device,Conv2DBackpropFilter,gradient_tape/efficientnetb0/block2b_project_conv/Conv2D/Conv2DBackpropFilter,2,3106.818,1553.409,3106.818,1553.409,0.00254837135234248,0.5746552726374653,0.0,0.0
39,Device,FusedBatchNormV3,efficientnetb0/block1a_bn/FusedBatchNormV3,4,3097.602,774.4005,3097.602,774.4005,0.002540811916809665,0.577196084554275,0.0,0.0
40,Device,DepthwiseConv2dNativeBackpropFilter,gradient_tape/efficientnetb0/block3b_dwconv/depthwise/DepthwiseConv2dNativeBackpropFilter,2,2958.338,1479.169,2958.338,1479.169,0.002426580446536021,0.5796226650008109,0.0,0.0
41,Device,AddN,SGD/gradients/AddN_21,2,2949.122,1474.561,2949.122,1474.561,0.002419021011003206,0.5820416860118142,0.0,0.0
42,Device,FusedBatchNormV3,efficientnetb0/block3a_expand_bn/FusedBatchNormV3,4,2939.908,734.977,2939.908,734.977,0.0024114632159728945,0.584453149227787,0.0,0.0
43,Device,FusedBatchNormV3,efficientnetb0/block2b_expand_bn/FusedBatchNormV3,4,2939.906,734.9765,2939.906,734.9765,0.0024114615754703916,0.5868646108032574,0.0,0.0
44,Device,FusedBatchNormV3,efficientnetb0/block2b_bn/FusedBatchNormV3,4,2934.786,733.6965,2934.786,733.6965,0.0024072618890632726,0.5892718726923206,0.0,0.0
45,Device,Conv2DBackpropFilter,gradient_tape/efficientnetb0/stem_conv/Conv2D/Conv2DBackpropFilter,2,2847.746,1423.873,2847.746,1423.873,0.002335867220142245,0.5916077399124628,0.0,0.0
46,Device,Mul,SGD/gradients/mul_124,2,2842.628,1421.314,2842.628,1421.314,0.0023316691742376284,0.5939394090867005,0.0,0.0
47,Device,Mul,SGD/gradients/mul_125,2,2837.506,1418.753,2837.506,1418.753,0.002327467847328006,0.5962668769340285,0.0,0.0
48,Device,Mul,SGD/gradients/mul_117,2,2835.458,1417.729,2835.458,1417.729,0.0023257879727651585,0.5985926649067936,0.0,0.0
49,Device,Mul,SGD/gradients/mul_123,2,2830.338,1415.169,2830.338,1415.169,0.002321588286358039,0.6009142531931517,0.0,0.0
50,Device,Mul,SGD/gradients/mul_118,2,2829.314,1414.657,2829.314,1414.657,0.0023207483490766154,0.6032350015422283,0.0,0.0
51,Device,Mul,SGD/gradients/mul_119,2,2829.314,1414.657,2829.314,1414.657,0.0023207483490766154,0.6055557498913049,0.0,0.0
52,Device,Mul,efficientnetb0/block3a_expand_activation/mul,2,2829.314,1414.657,2829.314,1414.657,0.0023207483490766154,0.6078764982403815,0.0,0.0
53,Device,Mul,SGD/gradients/mul_126,2,2828.29,1414.145,2828.29,1414.145,0.0023199084117951916,0.6101964066521767,0.0,0.0
54,Device,Mul,SGD/gradients/mul_128,2,2827.266,1413.633,2827.266,1413.633,0.0023190684745137678,0.6125154751266905,0.0,0.0
55,Device,Mul,gradient_tape/efficientnetb0/block2b_se_excite/mul/Mul_1,2,2826.242,1413.121,2826.242,1413.121,0.002318228537232344,0.6148337036639228,0.0,0.0
56,Device,Mul,SGD/gradients/mul_127,2,2824.194,1412.097,2824.194,1412.097,0.002316548662669496,0.6171502523265923,0.0,0.0
57,Device,Mul,efficientnetb0/block2b_activation/mul,2,2822.146,1411.073,2822.146,1411.073,0.0023148687881066484,0.6194651211146989,0.0,0.0
58,Device,Mul,efficientnetb0/block2b_expand_activation/mul,2,2819.074,1409.537,2819.074,1409.537,0.0023123489762623766,0.6217774700909613,0.0,0.0
59,Device,Conv2DBackpropFilter,gradient_tape/efficientnetb0/block2b_expand_conv/Conv2D/Conv2DBackpropFilter,2,2722.818,1361.409,2722.818,1361.409,0.0022333948718085343,0.6240108649627698,0.0,0.0
60,Device,Conv2DBackpropFilter,gradient_tape/efficientnetb0/block3a_expand_conv/Conv2D/Conv2DBackpropFilter,2,2714.626,1357.313,2714.626,1357.313,0.0022266753735571436,0.626237540336327,0.0,0.0
61,Device,DepthwiseConv2dNativeBackpropInput,gradient_tape/efficientnetb0/block3b_dwconv/depthwise/DepthwiseConv2dNativeBackpropInput,2,2661.378,1330.689,2661.378,1330.689,0.002182998634923103,0.62842053897125,0.0,0.0
62,Device,AddN,SGD/gradients/AddN_24,2,2621.442,1310.721,2621.442,1310.721,0.0021502410809475726,0.6305707800521976,0.0,0.0
63,Device,DepthwiseConv2dNative,efficientnetb0/block2b_dwconv/depthwise,2,2558.978,1279.489,2558.978,1279.489,0.0020990049067807176,0.6326697849589783,0.0,0.0
64,Device,Mul,gradient_tape/efficientnetb0/block1a_se_excite/mul/Mul_1,2,2525.186,1262.593,2525.186,1262.593,0.0020712869764937304,0.634741071935472,0.0,0.0
65,Device,Mul,SGD/gradients/mul_145,2,2524.162,1262.081,2524.162,1262.081,0.002070447039212306,0.6368115189746844,0.0,0.0
66,Device,Mul,efficientnetb0/stem_activation/mul,2,2518.018,1259.009,2518.018,1259.009,0.0020654074155237634,0.6388769263902081,0.0,0.0
67,Device,Mul,SGD/gradients/mul_146,2,2516.994,1258.497,2516.994,1258.497,0.0020645674782423396,0.6409414938684505,0.0,0.0
68,Device,Mul,SGD/gradients/mul_143,2,2511.874,1255.937,2511.874,1255.937,0.00206036779183522,0.6430018616602857,0.0,0.0
69,Device,Mul,efficientnetb0/block1a_activation/mul,2,2511.874,1255.937,2511.874,1255.937,0.00206036779183522,0.645062229452121,0.0,0.0
70,Device,Mul,SGD/gradients/mul_144,2,2508.802,1254.401,2508.802,1254.401,0.002057847979990949,0.647120077432112,0.0,0.0
71,Device,Mul,SGD/gradients/mul_141,2,2505.73,1252.865,2505.73,1252.865,0.002055328168146677,0.6491754056002587,0.0,0.0
72,Device,Mul,SGD/gradients/mul_142,2,2505.73,1252.865,2505.73,1252.865,0.002055328168146677,0.6512307337684053,0.0,0.0
73,Device,FusedBatchNormV3,efficientnetb0/block1a_project_bn/FusedBatchNormV3,4,2437.122,609.2805,2437.122,609.2805,0.0019990523702912784,0.6532297861386966,0.0,0.0
74,Device,Slice,gradient_tape/efficientnetb0/block3a_dwconv_pad/Slice_1,2,2280.45,1140.225,2280.45,1140.225,0.0018705419662334286,0.65510032810493,0.0,0.0
75,Device,DepthwiseConv2dNativeBackpropFilter,gradient_tape/efficientnetb0/block5b_dwconv/depthwise/DepthwiseConv2dNativeBackpropFilter,2,2229.25,1114.625,2229.25,1114.625,0.001828545102162236,0.6569288732070923,0.0,0.0
76,Device,DepthwiseConv2dNativeBackpropFilter,gradient_tape/efficientnetb0/block5c_dwconv/depthwise/DepthwiseConv2dNativeBackpropFilter,2,2226.178,1113.089,2226.178,1113.089,0.0018260252903179643,0.6587548984974102,0.0,0.0
77,Device,DepthwiseConv2dNative,efficientnetb0/block3a_dwconv/depthwise,2,2213.89,1106.945,2213.89,1106.945,0.001815946042940878,0.6605708445403511,0.0,0.0
78,Device,Pad,efficientnetb0/block3a_dwconv_pad/Pad,2,2189.314,1094.657,2189.314,1094.657,0.0017957875481867055,0.6623666320885377,0.0,0.0
79,Device,FusedBatchNormGradV3,gradient_tape/efficientnetb0/block4a_expand_bn/FusedBatchNormGradV3,2,2171.906,1085.953,2171.906,1085.953,0.0017815086144025,0.6641481407029403,0.0,0.0
80,Device,FusedBatchNormGradV3,gradient_tape/efficientnetb0/block3b_expand_bn/FusedBatchNormGradV3,2,2169.857,1084.9285,2169.857,1084.9285,0.001779827919588401,0.6659279686225287,0.0,0.0
81,Device,Conv2DBackpropFilter,gradient_tape/efficientnetb0/block2a_project_conv/Conv2D/Conv2DBackpropFilter,2,2169.856,1084.928,2169.856,1084.928,0.0017798270993371497,0.6677077957218658,0.0,0.0
82,Device,FusedBatchNormGradV3,gradient_tape/efficientnetb0/block3b_bn/FusedBatchNormGradV3,2,2166.786,1083.393,2166.786,1083.393,0.0017773089279953809,0.6694851046498612,0.0,0.0
83,Device,DepthwiseConv2dNative,efficientnetb0/block1a_dwconv/depthwise,2,2096.13,1048.065,2096.13,1048.065,0.0017193532555771348,0.6712044579054384,0.0,0.0
84,Device,Transpose,SGD/gradients/AddN_21-1-TransposeNHWCToNCHW-LayoutOptimizer,2,1988.61,994.305,1988.61,994.305,0.00163115984102763,0.672835617746466,0.0,0.0
85,Device,Transpose,efficientnetb0/block2b_activation/mul-0-3-TransposeNCHWToNHWC-LayoutOptimizer,2,1988.61,994.305,1988.61,994.305,0.00163115984102763,0.6744667775874937,0.0,0.0
86,Device,Sigmoid,SGD/gradients/Sigmoid_41,2,1982.466,991.233,1982.466,991.233,0.0016261202173390868,0.6760928978048328,0.0,0.0
87,Device,Sigmoid,SGD/gradients/Sigmoid_39,2,1977.346,988.673,1977.346,988.673,0.0016219205309319677,0.6777148183357649,0.0,0.0
88,Device,Sigmoid,efficientnetb0/block2b_activation/Sigmoid,2,1977.346,988.673,1977.346,988.673,0.0016219205309319677,0.6793367388666969,0.0,0.0
89,Device,Sigmoid,SGD/gradients/Sigmoid_42,2,1976.322,988.161,1976.322,988.161,0.0016210805936505437,0.6809578194603474,0.0,0.0
90,Device,Sigmoid,efficientnetb0/block3a_expand_activation/Sigmoid,2,1975.296,987.648,1975.296,987.648,0.0016202390158666171,0.682578058476214,0.0,0.0
91,Device,Sigmoid,efficientnetb0/block2b_expand_activation/Sigmoid,2,1974.274,987.137,1974.274,987.137,0.0016194007190876959,0.6841974591953017,0.0,0.0
92,Device,AddN,SGD/gradients/AddN_23,2,1967.104,983.552,1967.104,983.552,0.0016135195176152262,0.685810978712917,0.0,0.0
93,Device,FusedBatchNormV3,efficientnetb0/block2a_bn/FusedBatchNormV3,4,1966.082,491.5205,1966.082,491.5205,0.0016126812208363053,0.6874236599337533,0.0,0.0
94,Device,Mul,gradient_tape/efficientnetb0/block2b_se_excite/mul/Mul,2,1928.194,964.097,1928.194,964.097,0.0015816035414236225,0.689005263475177,0.0,0.0
95,Device,Mul,efficientnetb0/block2b_se_excite/mul,2,1918.978,959.489,1918.978,959.489,0.001574044105890808,0.6905793075810678,0.0,0.0
96,Device,AddV2,SGD/gradients/add_39,2,1900.546,950.273,1900.546,950.273,0.0015589252348251785,0.6921382328158929,0.0,0.0
97,Device,Mul,efficientnetb0/block2a_activation/mul,2,1900.544,950.272,1900.544,950.272,0.0015589235943226757,0.6936971564102156,0.0,0.0
98,Device,Sub,SGD/gradients/sub_42,2,1899.52,949.76,1899.52,949.76,0.0015580836570412517,0.6952552400672568,0.0,0.0
99,Device,AddV2,SGD/gradients/add_42,2,1895.426,947.713,1895.426,947.713,0.001554725548418059,0.6968099656156749,0.0,0.0
100,Device,Sub,SGD/gradients/sub_41,2,1895.426,947.713,1895.426,947.713,0.001554725548418059,0.6983646911640929,0.0,0.0
101,Device,AddV2,SGD/gradients/add_41,2,1893.376,946.688,1893.376,946.688,0.0015530440333527086,0.6999177351974456,0.0,0.0
102,Device,Sub,SGD/gradients/sub_39,2,1890.304,945.152,1890.304,945.152,0.0015505242215084372,0.7014682594189541,0.0,0.0
103,Device,Mul,gradient_tape/efficientnetb0/block2a_se_excite/mul/Mul_1,2,1888.258,944.129,1888.258,944.129,0.0015488459874480921,0.7030171054064022,0.0,0.0
104,Device,Mul,SGD/gradients/mul_132,2,1884.162,942.081,1884.162,942.081,0.0015454862383223968,0.7045625916447246,0.0,0.0
105,Device,Mul,SGD/gradients/mul_134,2,1884.162,942.081,1884.162,942.081,0.0015454862383223968,0.706108077883047,0.0,0.0
106,Device,Mul,SGD/gradients/mul_133,2,1884.16,942.08,1884.16,942.08,0.001545484597819894,0.7076535624808669,0.0,0.0
107,Device,DepthwiseConv2dNativeBackpropInput,gradient_tape/efficientnetb0/block5c_dwconv/depthwise/DepthwiseConv2dNativeBackpropInput,2,1880.065,940.0325,1880.065,940.0325,0.00154212566894545,0.7091956881498123,0.0,0.0
108,Device,DepthwiseConv2dNativeBackpropInput,gradient_tape/efficientnetb0/block5b_dwconv/depthwise/DepthwiseConv2dNativeBackpropInput,2,1878.018,939.009,1878.018,939.009,0.0015404466146338536,0.7107361347644461,0.0,0.0
109,Device,RealDiv,gradient_tape/efficientnetb0/block2b_se_squeeze/truediv,2,1869.826,934.913,1869.826,934.913,0.0015337271163824628,0.7122698618808285,0.0,0.0
110,Device,Sigmoid,efficientnetb0/block1a_activation/Sigmoid,2,1764.354,882.177,1764.354,882.177,0.0014472135763958058,0.7137170754572243,0.0,0.0
111,Device,Sigmoid,SGD/gradients/Sigmoid_47,2,1759.233,879.6165,1759.233,879.6165,0.001443013069737435,0.7151600885269618,0.0,0.0
112,Device,Sigmoid,efficientnetb0/stem_activation/Sigmoid,2,1756.16,878.08,1756.16,878.08,0.001440492437641912,0.7166005809646037,0.0,0.0
113,Device,Sigmoid,SGD/gradients/Sigmoid_48,2,1740.801,870.4005,1740.801,870.4005,0.0014278941986718054,0.7180284751632755,0.0,0.0
114,Device,Transpose,efficientnetb0/block1a_activation/mul-0-3-TransposeNCHWToNHWC-LayoutOptimizer,2,1735.682,867.841,1735.682,867.841,0.0014236953325159377,0.7194521704957915,0.0,0.0
115,Device,Transpose,SGD/gradients/AddN_24-1-TransposeNHWCToNCHW-LayoutOptimizer,2,1726.465,863.2325,1726.465,863.2325,0.0014161350767318715,0.7208683055725233,0.0,0.0
116,Device,Mul,gradient_tape/efficientnetb0/block1a_se_excite/mul/Mul,2,1709.057,854.5285,1709.057,854.5285,0.001401856142947666,0.722270161715471,0.0,0.0
117,Device,Mul,efficientnetb0/block1a_se_excite/mul,2,1707.01,853.505,1707.01,853.505,0.0014001770886360697,0.723670338804107,0.0,0.0
118,Device,Sub,SGD/gradients/sub_47,2,1686.53,843.265,1686.53,843.265,0.0013833783430075926,0.7250537171471146,0.0,0.0
119,Device,Sub,SGD/gradients/sub_48,2,1684.482,842.241,1684.482,842.241,0.001381698468444745,0.7264354156155594,0.0,0.0
120,Device,AddV2,SGD/gradients/add_48,2,1683.457,841.7285,1683.457,841.7285,0.0013808577109120698,0.7278162733264715,0.0,0.0
121,Device,AddV2,SGD/gradients/add_47,2,1679.361,839.6805,1679.361,839.6805,0.0013774979617863744,0.7291937712882578,0.0,0.0
122,Device,RealDiv,gradient_tape/efficientnetb0/block1a_se_squeeze/truediv,2,1662.978,831.489,1662.978,831.489,0.0013640597855348441,0.7305578310737927,0.0,0.0
123,Device,FusedBatchNormGradV3,gradient_tape/efficientnetb0/block5c_bn/FusedBatchNormGradV3,2,1598.466,799.233,1598.466,799.233,0.001311143736805141,0.7318689748105979,0.0,0.0
124,Device,FusedBatchNormGradV3,gradient_tape/efficientnetb0/block6a_expand_bn/FusedBatchNormGradV3,2,1593.344,796.672,1593.344,796.672,0.001306942409895519,0.7331759172204934,0.0,0.0
125,Device,DepthwiseConv2dNativeBackpropFilter,gradient_tape/efficientnetb0/block5a_dwconv/depthwise/DepthwiseConv2dNativeBackpropFilter,2,1589.25,794.625,1589.25,794.625,0.0013035843012723263,0.7344795015217657,0.0,0.0
126,Device,FusedBatchNormGradV3,gradient_tape/efficientnetb0/block5b_bn/FusedBatchNormGradV3,2,1586.176,793.088,1586.176,793.088,0.001301062848925552,0.7357805643706912,0.0,0.0
127,Device,FusedBatchNormGradV3,gradient_tape/efficientnetb0/block5c_expand_bn/FusedBatchNormGradV3,2,1579.01,789.505,1579.01,789.505,0.0012951849284580878,0.7370757492991492,0.0,0.0
128,Device,FusedBatchNormGradV3,gradient_tape/efficientnetb0/block5b_expand_bn/FusedBatchNormGradV3,2,1579.009,789.5045,1579.009,789.5045,0.0012951841082068365,0.738370933407356,0.0,0.0
129,Device,Conv2D,efficientnetb0/block3a_expand_conv/Conv2D,2,1486.848,743.424,1486.848,743.424,0.0012195889326274381,0.7395905223399835,0.0,0.0
130,Device,Conv2D,efficientnetb0/block2b_expand_conv/Conv2D,2,1484.802,742.401,1484.802,742.401,0.001217910698567093,0.7408084330385506,0.0,0.0
131,Device,Conv2DBackpropInput,gradient_tape/efficientnetb0/block2b_project_conv/Conv2D/Conv2DBackpropInput,2,1477.634,738.817,1477.634,738.817,0.001212031137597126,0.7420204641761478,0.0,0.0
132,Device,Conv2DBackpropFilter,gradient_tape/efficientnetb0/top_conv/Conv2D/Conv2DBackpropFilter,2,1462.272,731.136,1462.272,731.136,0.0011994304378732655,0.743219894614021,0.0,0.0
133,Device,Conv2DBackpropInput,gradient_tape/efficientnetb0/block2b_expand_conv/Conv2D/Conv2DBackpropInput,2,1419.266,709.633,1419.266,709.633,0.0011641547125559664,0.744384049326577,0.0,0.0
134,Device,Conv2DBackpropInput,gradient_tape/efficientnetb0/block3a_expand_conv/Conv2D/Conv2DBackpropInput,2,1416.194,708.097,1416.194,708.097,0.0011616349007116948,0.7455456842272887,0.0,0.0
135,Device,DepthwiseConv2dNativeBackpropInput,gradient_tape/efficientnetb0/block5a_dwconv/depthwise/DepthwiseConv2dNativeBackpropInput,2,1348.608,674.304,1348.608,674.304,0.0011061973996352174,0.746651881626924,0.0,0.0
136,Device,DepthwiseConv2dNative,efficientnetb0/block3b_dwconv/depthwise,2,1341.442,670.721,1341.442,670.721,0.0011003194791677534,0.7477522011060918,0.0,0.0
137,Device,Sigmoid,efficientnetb0/block2a_activation/Sigmoid,2,1325.058,662.529,1325.058,662.529,0.0010868804826649717,0.7488390815887567,0.0,0.0
138,Device,DepthwiseConv2dNativeBackpropInput,gradient_tape/efficientnetb0/block6a_dwconv/depthwise/DepthwiseConv2dNativeBackpropInput,2,1321.986,660.993,1321.986,660.993,0.0010843606708207001,0.7499234422595774,0.0,0.0
139,Device,Sigmoid,SGD/gradients/Sigmoid_44,2,1318.914,659.457,1318.914,659.457,0.0010818408589764285,0.7510052831185539,0.0,0.0
140,Device,Transpose,efficientnetb0/block2a_activation/mul-0-3-TransposeNCHWToNHWC-LayoutOptimizer,2,1315.842,657.921,1315.842,657.921,0.0010793210471321572,0.752084604165686,0.0,0.0
141,Device,Transpose,SGD/gradients/AddN_23-1-TransposeNHWCToNCHW-LayoutOptimizer,2,1310.722,655.361,1310.722,655.361,0.0010751213607250378,0.7531597255264111,0.0,0.0
142,Device,Conv2DBackpropInput,gradient_tape/efficientnetb0/block1a_project_conv/Conv2D/Conv2DBackpropInput,2,1304.578,652.289,1304.578,652.289,0.0010700817370364946,0.7542298072634476,0.0,0.0
143,Device,Conv2D,efficientnetb0/block1a_project_conv/Conv2D,2,1301.504,650.752,1301.504,650.752,0.00106756028468972,0.7552973675481373,0.0,0.0
144,Device,FusedBatchNormGradV3,gradient_tape/efficientnetb0/block3a_bn/FusedBatchNormGradV3,2,1295.36,647.68,1295.36,647.68,0.001062520661001177,0.7563598882091385,0.0,0.0
145,Device,Mul,gradient_tape/efficientnetb0/block2a_se_excite/mul/Mul,2,1291.264,645.632,1291.264,645.632,0.0010591609118754816,0.757419049121014,0.0,0.0
146,Device,Mul,efficientnetb0/block2a_se_excite/mul,2,1281.026,640.513,1281.026,640.513,0.001050763179563746,0.7584698123005778,0.0,0.0
147,Device,FusedBatchNormV3,efficientnetb0/block3b_expand_bn/FusedBatchNormV3,4,1277.953,319.48825,1277.953,319.48825,0.001048242547468223,0.759518054848046,0.0,0.0
148,Device,FusedBatchNormV3,efficientnetb0/block4a_expand_bn/FusedBatchNormV3,4,1275.904,318.976,1275.904,318.976,0.0010465618526541238,0.7605646167007002,0.0,0.0
149,Device,FusedBatchNormV3,efficientnetb0/block3b_bn/FusedBatchNormV3,4,1273.856,318.464,1273.856,318.464,0.001044881978091276,0.7616094986787915,0.0,0.0
150,Device,AddV2,SGD/gradients/add_44,2,1270.786,635.393,1270.786,635.393,0.0010423638067495074,0.762651862485541,0.0,0.0
151,Device,Sub,SGD/gradients/sub_44,2,1265.664,632.832,1265.664,632.832,0.0010381624798398853,0.7636900249653809,0.0,0.0
152,Device,RealDiv,gradient_tape/efficientnetb0/block2a_se_squeeze/truediv,2,1250.304,625.152,1250.304,625.152,0.0010255634206185276,0.7647155883859994,0.0,0.0
153,Device,DepthwiseConv2dNativeBackpropInput,gradient_tape/efficientnetb0/block4a_dwconv/depthwise/DepthwiseConv2dNativeBackpropInput,2,1245.184,622.592,1245.184,622.592,0.0010213637342114082,0.7657369521202108,0.0,0.0
154,Device,Conv2D,efficientnetb0/stem_conv/Conv2D,2,1241.09,620.545,1241.09,620.545,0.0010180056255882156,0.7667549577457989,0.0,0.0
155,Device,AddN,SGD/gradients/AddN_18,2,1228.801,614.4005,1228.801,614.4005,0.0010079255579598777,0.7677628833037589,0.0,0.0
156,Device,Mul,SGD/gradients/mul_110,2,1189.89,594.945,1189.89,594.945,0.0009760087615170228,0.7687388920652759,0.0,0.0
157,Device,Mul,SGD/gradients/mul_107,2,1188.864,594.432,1188.864,594.432,0.0009751671837330962,0.769714059249009,0.0,0.0
158,Device,Mul,SGD/gradients/mul_100,2,1187.841,593.9205,1187.841,593.9205,0.0009743280667029236,0.770688387315712,0.0,0.0
159,Device,Mul,SGD/gradients/mul_106,2,1185.794,592.897,1185.794,592.897,0.0009726490123913275,0.7716610363281033,0.0,0.0
160,Device,Mul,efficientnetb0/block3b_activation/mul,2,1183.744,591.872,1183.744,591.872,0.0009709674973259768,0.7726320038254293,0.0,0.0
161,Device,Mul,gradient_tape/efficientnetb0/block3b_se_excite/mul/Mul_1,2,1182.72,591.36,1182.72,591.36,0.000970127560044553,0.7736021313854738,0.0,0.0
162,Device,Mul,SGD/gradients/mul_108,2,1181.697,590.8485,1181.697,590.8485,0.0009692884430143804,0.7745714198284882,0.0,0.0
163,Device,FusedBatchNormGradV3,gradient_tape/efficientnetb0/block2b_project_bn/FusedBatchNormGradV3,2,1181.697,590.8485,1181.697,590.8485,0.0009692884430143804,0.7755407082715026,0.0,0.0
164,Device,Mul,SGD/gradients/mul_99,2,1179.65,589.825,1179.65,589.825,0.0009676093887027843,0.7765083176602053,0.0,0.0
165,Device,FusedBatchNormGradV3,gradient_tape/efficientnetb0/block2a_project_bn/FusedBatchNormGradV3,2,1179.649,589.8245,1179.649,589.8245,0.0009676085684515327,0.7774759262286569,0.0,0.0
166,Device,Mul,SGD/gradients/mul_105,2,1179.648,589.824,1179.648,589.824,0.0009676077482002813,0.7784435339768572,0.0,0.0
167,Device,Mul,SGD/gradients/mul_109,2,1179.648,589.824,1179.648,589.824,0.0009676077482002813,0.7794111417250574,0.0,0.0
168,Device,Mul,SGD/gradients/mul_101,2,1178.625,589.3125,1178.625,589.3125,0.0009667686311701089,0.7803779103562275,0.0,0.0
169,Device,Mul,efficientnetb0/block4a_expand_activation/mul,2,1178.624,589.312,1178.624,589.312,0.0009667678109188576,0.7813446781671464,0.0,0.0
170,Device,Mul,efficientnetb0/block3b_expand_activation/mul,2,1177.6,588.8,1177.6,588.8,0.0009659278736374337,0.7823106060407838,0.0,0.0
171,Device,Conv2DBackpropFilter,gradient_tape/efficientnetb0/block3b_expand_conv/Conv2D/Conv2DBackpropFilter,2,1163.265,581.6325,1163.265,581.6325,0.0009541695719487512,0.7832647756127326,0.0,0.0
172,Device,Conv2DBackpropFilter,gradient_tape/efficientnetb0/block4a_expand_conv/Conv2D/Conv2DBackpropFilter,2,1161.216,580.608,1161.216,580.608,0.0009524888771346519,0.7842172644898672,0.0,0.0
173,Device,FusedBatchNormGradV3,gradient_tape/efficientnetb0/block4b_expand_bn/FusedBatchNormGradV3,2,1140.736,570.368,1140.736,570.368,0.0009356901315061751,0.7851529546213734,0.0,0.0
174,Device,FusedBatchNormGradV3,gradient_tape/efficientnetb0/block5a_expand_bn/FusedBatchNormGradV3,2,1137.665,568.8325,1137.665,568.8325,0.0009331711399131547,0.7860861257612866,0.0,0.0
175,Device,FusedBatchNormGradV3,gradient_tape/efficientnetb0/block5a_bn/FusedBatchNormGradV3,2,1134.592,567.296,1134.592,567.296,0.0009306505078176319,0.7870167762691042,0.0,0.0
176,Device,FusedBatchNormGradV3,gradient_tape/efficientnetb0/block4b_bn/FusedBatchNormGradV3,2,1133.568,566.784,1133.568,566.784,0.0009298105705362079,0.7879465868396404,0.0,0.0
177,Device,FusedBatchNormGradV3,gradient_tape/efficientnetb0/block4c_expand_bn/FusedBatchNormGradV3,2,1129.472,564.736,1129.472,564.736,0.0009264508214105125,0.7888730376610509,0.0,0.0
178,Device,FusedBatchNormGradV3,gradient_tape/efficientnetb0/block4c_bn/FusedBatchNormGradV3,2,1125.377,562.6885,1125.377,562.6885,0.0009230918925360685,0.7897961295535869,0.0,0.0
179,Device,Conv2D,efficientnetb0/block2b_project_conv/Conv2D,2,1106.944,553.472,1106.944,553.472,0.0009079722012191876,0.7907041017548061,0.0,0.0
180,Device,Conv2DBackpropFilter,gradient_tape/efficientnetb0/block3b_project_conv/Conv2D/Conv2DBackpropFilter,2,1047.552,523.776,1047.552,523.776,0.000859255838896604,0.7915633575937027,0.0,0.0
181,Device,Conv2DBackpropInput,gradient_tape/efficientnetb0/block2a_project_conv/Conv2D/Conv2DBackpropInput,2,997.378,498.689,997.378,498.689,0.0008181005526093379,0.792381458146312,0.0,0.0
182,Device,Conv2DBackpropFilter,gradient_tape/efficientnetb0/block7a_project_conv/Conv2D/Conv2DBackpropFilter,4,994.304,248.576,994.304,248.576,0.0008155791002625636,0.7931970372465745,0.0,0.0
183,Device,DepthwiseConv2dNative,efficientnetb0/block5b_dwconv/depthwise,2,950.272,475.136,950.272,475.136,0.0007794617971613379,0.7939764990437359,0.0,0.0
184,Device,FusedBatchNormV3,efficientnetb0/block5b_expand_bn/FusedBatchNormV3,4,949.248,237.312,949.248,237.312,0.000778621859879914,0.7947551209036158,0.0,0.0
185,Device,BroadcastTo,gradient_tape/efficientnetb0/block2b_se_squeeze/BroadcastTo,2,949.248,474.624,949.248,474.624,0.000778621859879914,0.7955337427634956,0.0,0.0
186,Device,DepthwiseConv2dNative,efficientnetb0/block5c_dwconv/depthwise,2,948.224,474.112,948.224,474.112,0.0007777819225984902,0.7963115246860941,0.0,0.0
187,Device,FusedBatchNormV3,efficientnetb0/block6a_expand_bn/FusedBatchNormV3,4,946.178,236.5445,946.178,236.5445,0.0007761036885381452,0.7970876283746323,0.0,0.0
188,Device,FusedBatchNormV3,efficientnetb0/block5c_expand_bn/FusedBatchNormV3,4,946.176,236.544,946.176,236.544,0.0007761020480356424,0.797863730422668,0.0,0.0
189,Device,FusedBatchNormV3,efficientnetb0/block5b_bn/FusedBatchNormV3,4,945.154,236.2885,945.154,236.2885,0.0007752637512567213,0.7986389941739247,0.0,0.0
190,Device,FusedBatchNormV3,efficientnetb0/block5c_bn/FusedBatchNormV3,4,943.104,235.776,943.104,235.776,0.0007735822361913709,0.7994125764101161,0.0,0.0
191,Device,Slice,gradient_tape/efficientnetb0/block4a_dwconv_pad/Slice_1,2,933.89,466.945,933.89,466.945,0.0007660244411610589,0.8001786008512771,0.0,0.0
192,Device,Mean,efficientnetb0/block2b_se_squeeze/Mean,2,914.432,457.216,914.432,457.216,0.0007500639923115029,0.8009286648435886,0.0,0.0
193,Device,Sum,gradient_tape/efficientnetb0/block2b_se_excite/mul/Sum_1,2,912.384,456.192,912.384,456.192,0.0007483841177486552,0.8016770489613373,0.0,0.0
194,Device,Pad,efficientnetb0/block4a_dwconv_pad/Pad,2,904.192,452.096,904.192,452.096,0.0007416646194972643,0.8024187135808346,0.0,0.0
195,Device,Conv2DBackpropFilter,gradient_tape/efficientnetb0/block6b_expand_conv/Conv2D/Conv2DBackpropFilter,2,900.098,450.049,900.098,450.049,0.0007383065108740717,0.8031570200917086,0.0,0.0
196,Device,Conv2DBackpropFilter,gradient_tape/efficientnetb0/block6c_expand_conv/Conv2D/Conv2DBackpropFilter,2,899.072,449.536,899.072,449.536,0.000737464933090145,0.8038944850247988,0.0,0.0
197,Device,Conv2DBackpropFilter,gradient_tape/efficientnetb0/block6d_expand_conv/Conv2D/Conv2DBackpropFilter,2,896.0,448.0,896.0,448.0,0.0007349451212458735,0.8046294301460446,0.0,0.0
198,Device,Conv2DBackpropFilter,gradient_tape/efficientnetb0/block7a_expand_conv/Conv2D/Conv2DBackpropFilter,2,894.976,447.488,894.976,447.488,0.0007341051839644497,0.805363535330009,0.0,0.0
199,Device,BroadcastTo,gradient_tape/efficientnetb0/block1a_se_squeeze/BroadcastTo,2,865.28,432.64,865.28,432.64,0.0007097470028031578,0.8060732823328122,0.0,0.0
200,Device,AddN,SGD/gradients/AddN_8,2,861.186,430.593,861.186,430.593,0.0007063888941799652,0.8067796712269921,0.0,0.0
201,Device,AddN,SGD/gradients/AddN_10,2,860.16,430.08,860.16,430.08,0.0007055473163960385,0.8074852185433882,0.0,0.0
202,Device,DepthwiseConv2dNativeBackpropInput,gradient_tape/efficientnetb0/block6d_dwconv/depthwise/DepthwiseConv2dNativeBackpropInput,2,845.824,422.912,845.824,422.912,0.0006937881944561045,0.8081790067378443,0.0,0.0
203,Device,DepthwiseConv2dNativeBackpropInput,gradient_tape/efficientnetb0/block6c_dwconv/depthwise/DepthwiseConv2dNativeBackpropInput,2,844.802,422.401,844.802,422.401,0.0006929498976771836,0.8088719566355215,0.0,0.0
204,Device,DepthwiseConv2dNativeBackpropInput,gradient_tape/efficientnetb0/block6b_dwconv/depthwise/DepthwiseConv2dNativeBackpropInput,2,844.8,422.4,844.8,422.4,0.0006929482571746807,0.8095649048926962,0.0,0.0
205,Device,Mul,SGD/gradients/mul_62,2,831.49,415.745,831.49,415.745,0.0006820307130186734,0.8102469356057148,0.0,0.0
206,Device,Mul,SGD/gradients/mul_60,2,829.442,414.721,829.442,414.721,0.0006803508384558256,0.8109272864441707,0.0,0.0
207,Device,Mul,SGD/gradients/mul_47,2,829.441,414.7205,829.441,414.7205,0.0006803500182045743,0.8116076364623752,0.0,0.0
208,Device,Mul,SGD/gradients/mul_55,2,829.441,414.7205,829.441,414.7205,0.0006803500182045743,0.8122879864805798,0.0,0.0
209,Device,Mul,SGD/gradients/mul_61,2,829.44,414.72,829.44,414.72,0.0006803491979533229,0.8129683356785331,0.0,0.0
210,Device,Mul,SGD/gradients/mul_53,2,828.416,414.208,828.416,414.208,0.0006795092606718991,0.8136478449392051,0.0,0.0
211,Device,Mul,SGD/gradients/mul_54,2,828.416,414.208,828.416,414.208,0.0006795092606718991,0.814327354199877,0.0,0.0
212,Device,Mul,SGD/gradients/mul_63,2,827.394,413.697,827.394,413.697,0.0006786709638929779,0.81500602516377,0.0,0.0
213,Device,Mul,efficientnetb0/block5c_expand_activation/mul,2,827.394,413.697,827.394,413.697,0.0006786709638929779,0.8156846961276629,0.0,0.0
214,Device,Transpose,SGD/gradients/AddN_18-1-TransposeNHWCToNCHW-LayoutOptimizer,2,827.393,413.6965,827.393,413.6965,0.0006786701436417266,0.8163633662713047,0.0,0.0
215,Device,Mul,SGD/gradients/mul_46,2,827.393,413.6965,827.393,413.6965,0.0006786701436417266,0.8170420364149464,0.0,0.0
216,Device,Mul,efficientnetb0/block5b_activation/mul,2,827.392,413.696,827.392,413.696,0.0006786693233904752,0.8177207057383369,0.0,0.0
217,Device,Mul,gradient_tape/efficientnetb0/block5c_se_excite/mul/Mul_1,2,827.392,413.696,827.392,413.696,0.0006786693233904752,0.8183993750617273,0.0,0.0
218,Device,Mul,SGD/gradients/mul_51,2,826.368,413.184,826.368,413.184,0.0006778293861090513,0.8190772044478364,0.0,0.0
219,Device,Mul,SGD/gradients/mul_52,2,826.368,413.184,826.368,413.184,0.0006778293861090513,0.8197550338339454,0.0,0.0
220,Device,Mul,SGD/gradients/mul_56,2,826.368,413.184,826.368,413.184,0.0006778293861090513,0.8204328632200545,0.0,0.0
221,Device,Transpose,efficientnetb0/block3b_activation/mul-0-3-TransposeNCHWToNHWC-LayoutOptimizer,2,826.368,413.184,826.368,413.184,0.0006778293861090513,0.8211106926061635,0.0,0.0
222,Device,Mul,efficientnetb0/block5b_expand_activation/mul,2,826.368,413.184,826.368,413.184,0.0006778293861090513,0.8217885219922726,0.0,0.0
223,Device,Sigmoid,SGD/gradients/Sigmoid_35,2,825.344,412.672,825.344,412.672,0.0006769894488276275,0.8224655114411002,0.0,0.0
224,Device,Mul,efficientnetb0/block5c_activation/mul,2,825.344,412.672,825.344,412.672,0.0006769894488276275,0.8231425008899279,0.0,0.0
225,Device,Mul,efficientnetb0/block6a_expand_activation/mul,2,825.344,412.672,825.344,412.672,0.0006769894488276275,0.8238194903387556,0.0,0.0
226,Device,Mul,gradient_tape/efficientnetb0/block5b_se_excite/mul/Mul_1,2,824.321,412.1605,824.321,412.1605,0.000676150331797455,0.824495640670553,0.0,0.0
227,Device,Mul,SGD/gradients/mul_64,2,824.32,412.16,824.32,412.16,0.0006761495115462036,0.8251717901820992,0.0,0.0
228,Device,Mul,SGD/gradients/mul_65,2,823.297,411.6485,823.297,411.6485,0.0006753103945160312,0.8258471005766153,0.0,0.0
229,Device,Sigmoid,efficientnetb0/block3b_activation/Sigmoid,2,822.274,411.137,822.274,411.137,0.0006744712774858587,0.8265215718541011,0.0,0.0
230,Device,Sigmoid,efficientnetb0/block4a_expand_activation/Sigmoid,2,822.274,411.137,822.274,411.137,0.0006744712774858587,0.827196043131587,0.0,0.0
231,Device,Mul,SGD/gradients/mul_45,2,822.272,411.136,822.272,411.136,0.000674469636983356,0.8278705127685704,0.0,0.0
232,Device,Sigmoid,efficientnetb0/block3b_expand_activation/Sigmoid,2,821.249,410.6245,821.249,410.6245,0.0006736305199531834,0.8285441432885235,0.0,0.0
233,Device,Sigmoid,SGD/gradients/Sigmoid_33,2,821.248,410.624,821.248,410.624,0.000673629699701932,0.8292177729882255,0.0,0.0
234,Device,Sigmoid,SGD/gradients/Sigmoid_36,2,820.226,410.113,820.226,410.113,0.000672791402923011,0.8298905643911485,0.0,0.0
235,Device,Sum,gradient_tape/efficientnetb0/block1a_se_excite/mul/Sum_1,2,819.201,409.6005,819.201,409.6005,0.0006719506453903357,0.8305625150365389,0.0,0.0
236,Device,Mean,efficientnetb0/block1a_se_squeeze/Mean,2,819.2,409.6,819.2,409.6,0.0006719498251390844,0.831234464861678,0.0,0.0
237,Device,Pad,efficientnetb0/block6a_dwconv_pad/Pad,2,807.938,403.969,807.938,403.969,0.0006627121555459246,0.8318971770172239,0.0,0.0
238,Device,Conv2D,efficientnetb0/block2a_project_conv/Conv2D,2,806.912,403.456,806.912,403.456,0.0006618705777619981,0.8325590475949859,0.0,0.0
239,Device,Mul,gradient_tape/efficientnetb0/block3b_se_excite/mul/Mul,2,804.864,402.432,804.864,402.432,0.0006601907031991503,0.833219238298185,0.0,0.0
240,Device,Mul,efficientnetb0/block3b_se_excite/mul,2,801.792,400.896,801.792,400.896,0.0006576708913548789,0.8338769091895399,0.0,0.0
241,Device,Sub,SGD/gradients/sub_33,2,795.648,397.824,795.648,397.824,0.0006526312676663357,0.8345295404572063,0.0,0.0
242,Device,Sub,SGD/gradients/sub_35,2,793.602,396.801,793.602,396.801,0.0006509530336059907,0.8351804934908122,0.0,0.0
243,Device,AddV2,SGD/gradients/add_36,2,793.601,396.8005,793.601,396.8005,0.0006509522133547394,0.835831445704167,0.0,0.0
244,Device,AddV2,SGD/gradients/add_33,2,793.6,396.8,793.6,396.8,0.000650951393103488,0.8364823970972705,0.0,0.0
245,Device,Sub,SGD/gradients/sub_36,2,792.576,396.288,792.576,396.288,0.0006501114558220641,0.8371325085530925,0.0,0.0
246,Device,AddV2,SGD/gradients/add_35,2,790.528,395.264,790.528,395.264,0.0006484315812592164,0.8377809401343518,0.0,0.0
247,Device,Conv2DBackpropInput,gradient_tape/efficientnetb0/block5b_project_conv/Conv2D/Conv2DBackpropInput,2,789.504,394.752,789.504,394.752,0.0006475916439777925,0.8384285317783295,0.0,0.0
248,Device,RealDiv,gradient_tape/efficientnetb0/block3b_se_squeeze/truediv,2,782.336,391.168,782.336,391.168,0.0006417120830078256,0.8390702438613373,0.0,0.0
249,Device,Conv2DBackpropInput,gradient_tape/efficientnetb0/block5c_project_conv/Conv2D/Conv2DBackpropInput,2,781.312,390.656,781.312,390.656,0.0006408721457264017,0.8397111160070637,0.0,0.0
250,Device,DepthwiseConv2dNativeBackpropInput,gradient_tape/efficientnetb0/block4c_dwconv/depthwise/DepthwiseConv2dNativeBackpropInput,2,772.096,386.048,772.096,386.048,0.000633312710193587,0.8403444287172573,0.0,0.0
251,Device,DepthwiseConv2dNativeBackpropInput,gradient_tape/efficientnetb0/block4b_dwconv/depthwise/DepthwiseConv2dNativeBackpropInput,2,770.049,385.0245,770.049,385.0245,0.0006316336558819907,0.8409760623731394,0.0,0.0
252,Device,Conv2DBackpropFilter,gradient_tape/efficientnetb0/block5c_project_conv/Conv2D/Conv2DBackpropFilter,2,766.978,383.489,766.978,383.489,0.0006291146642889705,0.8416051770374283,0.0,0.0
253,Device,FusedBatchNormV3,efficientnetb0/block3a_bn/FusedBatchNormV3,4,764.928,191.232,764.928,191.232,0.00062743314922362,0.842232610186652,0.0,0.0
254,Device,Conv2DBackpropFilter,gradient_tape/efficientnetb0/block5b_project_conv/Conv2D/Conv2DBackpropFilter,2,764.928,382.464,764.928,382.464,0.00062743314922362,0.8428600433358756,0.0,0.0
255,Device,Conv2DBackpropInput,gradient_tape/efficientnetb0/top_conv/Conv2D/Conv2DBackpropInput,2,759.81,379.905,759.81,379.905,0.0006232351033190035,0.8434832784391946,0.0,0.0
256,Device,DepthwiseConv2dNativeBackpropFilter,gradient_tape/efficientnetb0/block6c_dwconv/depthwise/DepthwiseConv2dNativeBackpropFilter,2,758.784,379.392,758.784,379.392,0.0006223935255350769,0.8441056719647296,0.0,0.0
257,Device,DepthwiseConv2dNativeBackpropFilter,gradient_tape/efficientnetb0/block6b_dwconv/depthwise/DepthwiseConv2dNativeBackpropFilter,2,757.76,378.88,757.76,378.88,0.000621553588253653,0.8447272255529833,0.0,0.0
258,Device,DepthwiseConv2dNativeBackpropFilter,gradient_tape/efficientnetb0/block6d_dwconv/depthwise/DepthwiseConv2dNativeBackpropFilter,2,757.76,378.88,757.76,378.88,0.000621553588253653,0.845348779141237,0.0,0.0
259,Device,FusedBatchNormGradV3,gradient_tape/efficientnetb0/top_bn/FusedBatchNormGradV3,2,754.689,377.3445,754.689,377.3445,0.0006190345966606328,0.8459678137378976,0.0,0.0
260,Device,Conv2DBackpropFilter,gradient_tape/efficientnetb0/block6b_project_conv/Conv2D/Conv2DBackpropFilter,4,753.666,188.4165,753.666,188.4165,0.0006181954796304604,0.8465860092175281,0.0,0.0
261,Device,Conv2DBackpropFilter,gradient_tape/efficientnetb0/block6c_project_conv/Conv2D/Conv2DBackpropFilter,4,753.664,188.416,753.664,188.416,0.0006181938391279576,0.8472042030566561,0.0,0.0
262,Device,Conv2DBackpropFilter,gradient_tape/efficientnetb0/block6d_project_conv/Conv2D/Conv2DBackpropFilter,4,753.664,188.416,753.664,188.416,0.0006181938391279576,0.8478223968957841,0.0,0.0
263,Device,Conv2DBackpropFilter,gradient_tape/efficientnetb0/block3a_project_conv/Conv2D/Conv2DBackpropFilter,2,743.425,371.7125,743.425,371.7125,0.0006097952865649704,0.8484321921823491,0.0,0.0
264,Device,AddN,SGD/gradients/AddN_20,2,738.304,369.152,738.304,369.152,0.0006055947799065997,0.8490377869622557,0.0,0.0
265,Device,Transpose,gradient_tape/efficientnetb0/stem_conv/Conv2D/Conv2DBackpropFilter-0-TransposeNHWCToNCHW-LayoutOptimizer,2,737.28,368.64,737.28,368.64,0.0006047548426251759,0.8496425418048809,0.0,0.0
266,Device,Conv2DBackpropFilter,gradient_tape/efficientnetb0/block5b_expand_conv/Conv2D/Conv2DBackpropFilter,2,732.16,366.08,732.16,366.08,0.0006005551562180566,0.8502430969610989,0.0,0.0
267,Device,Conv2DBackpropFilter,gradient_tape/efficientnetb0/block5a_project_conv/Conv2D/Conv2DBackpropFilter,2,728.064,364.032,728.064,364.032,0.0005971954070923611,0.8508402923681913,0.0,0.0
268,Device,DepthwiseConv2dNativeBackpropFilter,gradient_tape/efficientnetb0/block4b_dwconv/depthwise/DepthwiseConv2dNativeBackpropFilter,2,727.041,363.5205,727.041,363.5205,0.0005963562900621888,0.8514366486582534,0.0,0.0
269,Device,DepthwiseConv2dNativeBackpropFilter,gradient_tape/efficientnetb0/block4c_dwconv/depthwise/DepthwiseConv2dNativeBackpropFilter,2,727.041,363.5205,727.041,363.5205,0.0005963562900621888,0.8520330049483156,0.0,0.0
270,Device,Conv2DBackpropFilter,gradient_tape/efficientnetb0/block5c_expand_conv/Conv2D/Conv2DBackpropFilter,2,727.04,363.52,727.04,363.52,0.0005963554698109374,0.8526293604181265,0.0,0.0
271,Device,Conv2DBackpropFilter,gradient_tape/efficientnetb0/block6a_expand_conv/Conv2D/Conv2DBackpropFilter,2,726.018,363.009,726.018,363.009,0.0005955171730320163,0.8532248775911585,0.0,0.0
272,Device,DepthwiseConv2dNative,efficientnetb0/block6a_dwconv/depthwise,2,720.896,360.448,720.896,360.448,0.0005913158461223942,0.8538161934372809,0.0,0.0
273,Device,Mul,SGD/gradients/mul_115,2,712.705,356.3525,712.705,356.3525,0.0005845971681222548,0.8544007906054031,0.0,0.0
274,Device,Conv2D,efficientnetb0/block4a_expand_conv/Conv2D,2,711.682,355.841,711.682,355.841,0.0005837580510920823,0.8549845486564952,0.0,0.0
275,Device,Mul,SGD/gradients/mul_116,2,711.681,355.8405,711.681,355.8405,0.0005837572308408309,0.855568305887336,0.0,0.0
276,Device,Slice,gradient_tape/efficientnetb0/block6a_dwconv_pad/Slice_1,2,711.68,355.84,711.68,355.84,0.0005837564105895794,0.8561520622979256,0.0,0.0
277,Device,Mul,efficientnetb0/block3a_activation/mul,2,710.656,355.328,710.656,355.328,0.0005829164733081556,0.8567349787712337,0.0,0.0
278,Device,Pad,efficientnetb0/stem_conv_pad/Pad,2,708.61,354.305,708.61,354.305,0.0005812382392478108,0.8573162170104816,0.0,0.0
279,Device,Conv2D,efficientnetb0/block3b_expand_conv/Conv2D,2,708.608,354.304,708.608,354.304,0.000581236598745308,0.8578974536092269,0.0,0.0
280,Device,Mul,gradient_tape/efficientnetb0/block3a_se_excite/mul/Mul_1,2,708.608,354.304,708.608,354.304,0.000581236598745308,0.8584786902079722,0.0,0.0
281,Device,Mul,SGD/gradients/mul_114,2,706.56,353.28,706.56,353.28,0.0005795567241824602,0.8590582469321546,0.0,0.0
282,Device,Conv2DBackpropInput,gradient_tape/efficientnetb0/block3b_project_conv/Conv2D/Conv2DBackpropInput,2,700.418,350.209,700.418,350.209,0.0005745187409964199,0.8596327656731511,0.0,0.0
283,Device,Conv2D,efficientnetb0/block5c_project_conv/Conv2D,2,697.344,348.672,697.344,348.672,0.0005719972886496456,0.8602047629618007,0.0,0.0
284,Device,Conv2D,efficientnetb0/block5b_project_conv/Conv2D,2,694.272,347.136,694.272,347.136,0.000569477476805374,0.8607742404386061,0.0,0.0
285,Device,Conv2D,efficientnetb0/top_conv/Conv2D,2,693.248,346.624,693.248,346.624,0.0005686375395239501,0.86134287797813,0.0,0.0
286,Device,Conv2DBackpropFilter,gradient_tape/efficientnetb0/block4c_project_conv/Conv2D/Conv2DBackpropFilter,2,687.104,343.552,687.104,343.552,0.0005635979158354071,0.8619064758939654,0.0,0.0
287,Device,DepthwiseConv2dNative,efficientnetb0/block5a_dwconv/depthwise,2,685.056,342.528,685.056,342.528,0.0005619180412725593,0.862468393935238,0.0,0.0
288,Device,Conv2DBackpropFilter,gradient_tape/efficientnetb0/block4b_project_conv/Conv2D/Conv2DBackpropFilter,2,685.056,342.528,685.056,342.528,0.0005619180412725593,0.8630303119765106,0.0,0.0
289,Device,FusedBatchNormV3,efficientnetb0/block4b_expand_bn/FusedBatchNormV3,4,683.008,170.752,683.008,170.752,0.0005602381667097116,0.8635905501432203,0.0,0.0
290,Device,FusedBatchNormV3,efficientnetb0/block4c_expand_bn/FusedBatchNormV3,4,683.008,170.752,683.008,170.752,0.0005602381667097116,0.86415078830993,0.0,0.0
291,Device,FusedBatchNormV3,efficientnetb0/block4b_bn/FusedBatchNormV3,4,681.986,170.4965,681.986,170.4965,0.0005593998699307905,0.8647101881798608,0.0,0.0
292,Device,FusedBatchNormV3,efficientnetb0/block5a_bn/FusedBatchNormV3,4,679.938,169.9845,679.938,169.9845,0.0005577199953679427,0.8652679081752287,0.0,0.0
293,Device,FusedBatchNormV3,efficientnetb0/block5a_expand_bn/FusedBatchNormV3,4,679.936,169.984,679.936,169.984,0.00055771835486544,0.8658256265300941,0.0,0.0
294,Device,FusedBatchNormV3,efficientnetb0/block4c_bn/FusedBatchNormV3,4,678.912,169.728,678.912,169.728,0.0005568784175840162,0.8663825049476781,0.0,0.0
295,Device,FusedBatchNormV3,efficientnetb0/block2a_project_bn/FusedBatchNormV3,4,677.888,169.472,677.888,169.472,0.0005560384803025923,0.8669385434279807,0.0,0.0
296,Device,FusedBatchNormV3,efficientnetb0/block2b_project_bn/FusedBatchNormV3,4,674.816,168.704,674.816,168.704,0.0005535186684583207,0.867492062096439,0.0,0.0
297,Device,FusedBatchNormGradV3,gradient_tape/efficientnetb0/block6d_bn/FusedBatchNormGradV3,2,670.722,335.361,670.722,335.361,0.0005501605598351281,0.8680422226562742,0.0,0.0
298,Device,FusedBatchNormGradV3,gradient_tape/efficientnetb0/block6c_expand_bn/FusedBatchNormGradV3,2,666.626,333.313,666.626,333.313,0.0005468008107094326,0.8685890234669836,0.0,0.0
299,Device,Conv2D,efficientnetb0/block7a_project_conv/Conv2D,2,664.578,332.289,664.578,332.289,0.0005451209361465849,0.8691341444031302,0.0,0.0
300,Device,FusedBatchNormGradV3,gradient_tape/efficientnetb0/block7a_expand_bn/FusedBatchNormGradV3,2,660.482,330.241,660.482,330.241,0.0005417611870208895,0.8696759055901511,0.0,0.0
301,Device,FusedBatchNormGradV3,gradient_tape/efficientnetb0/block7a_bn/FusedBatchNormGradV3,2,660.48,330.24,660.48,330.24,0.0005417595465183868,0.8702176651366694,0.0,0.0
302,Device,FusedBatchNormGradV3,gradient_tape/efficientnetb0/block6b_expand_bn/FusedBatchNormGradV3,2,659.456,329.728,659.456,329.728,0.0005409196092369629,0.8707585847459064,0.0,0.0
303,Device,FusedBatchNormGradV3,gradient_tape/efficientnetb0/block6b_bn/FusedBatchNormGradV3,2,658.434,329.217,658.434,329.217,0.0005400813124580417,0.8712986660583645,0.0,0.0
304,Device,RealDiv,efficientnetb0/normalization/truediv,2,658.432,329.216,658.432,329.216,0.000540079671955539,0.87183874573032,0.0,0.0
305,Device,FusedBatchNormGradV3,gradient_tape/efficientnetb0/block6c_bn/FusedBatchNormGradV3,2,656.384,328.192,656.384,328.192,0.0005383997973926913,0.8723771455277127,0.0,0.0
306,Device,FusedBatchNormGradV3,gradient_tape/efficientnetb0/block6d_expand_bn/FusedBatchNormGradV3,2,655.36,327.68,655.36,327.68,0.0005375598601112674,0.872914705387824,0.0,0.0
307,Device,BroadcastTo,gradient_tape/efficientnetb0/block2a_se_squeeze/BroadcastTo,2,645.122,322.561,645.122,322.561,0.0005291621277995316,0.8734438675156235,0.0,0.0
308,Device,Sub,efficientnetb0/normalization/sub,2,640.0,320.0,640.0,320.0,0.0005249608008899096,0.8739688283165135,0.0,0.0
309,Device,Conv2D,efficientnetb0/block5b_expand_conv/Conv2D,4,631.808,157.952,631.808,157.952,0.0005182413026385188,0.874487069619152,0.0,0.0
310,Device,Mul,efficientnetb0/rescaling/mul,2,626.688,313.344,626.688,313.344,0.0005140416162313995,0.8750011112353834,0.0,0.0
311,Device,Conv2D,efficientnetb0/block5c_expand_conv/Conv2D,4,624.642,156.1605,624.642,156.1605,0.0005123633821710546,0.8755134746175545,0.0,0.0
312,Device,Conv2D,efficientnetb0/block6a_expand_conv/Conv2D,4,624.64,156.16,624.64,156.16,0.0005123617416685518,0.876025836359223,0.0,0.0
313,Device,Conv2DBackpropInput,gradient_tape/efficientnetb0/block7a_project_conv/Conv2D/Conv2DBackpropInput,2,623.616,311.808,623.616,311.808,0.0005115218043871279,0.8765373581636102,0.0,0.0
314,Device,Sum,gradient_tape/efficientnetb0/block2a_se_excite/mul/Sum_1,2,617.472,308.736,617.472,308.736,0.0005064821806985848,0.8770438403443088,0.0,0.0
315,Device,DepthwiseConv2dNative,efficientnetb0/block4a_dwconv/depthwise,2,616.45,308.225,616.45,308.225,0.0005056438839196638,0.8775494842282285,0.0,0.0
316,Device,Mean,efficientnetb0/block2a_se_squeeze/Mean,2,616.448,308.224,616.448,308.224,0.0005056422434171609,0.8780551264716457,0.0,0.0
317,Device,AddN,SGD/gradients/AddN_12,2,615.426,307.713,615.426,307.713,0.00050480394663824,0.878559930418284,0.0,0.0
318,Device,AddN,SGD/gradients/AddN_13,2,614.4,307.2,614.4,307.2,0.0005039623688543132,0.8790638927871383,0.0,0.0
319,Device,AddN,SGD/gradients/AddN_15,2,613.378,306.689,613.378,306.689,0.0005031240720753922,0.8795670168592137,0.0,0.0
320,Device,Mul,SGD/gradients/mul_73,2,601.088,300.544,601.088,300.544,0.0004930431841958031,0.8800600600434095,0.0,0.0
321,Device,Conv2DBackpropInput,gradient_tape/efficientnetb0/block5c_expand_conv/Conv2D/Conv2DBackpropInput,2,599.04,299.52,599.04,299.52,0.0004913633096329554,0.8805514233530425,0.0,0.0
322,Device,Mul,efficientnetb0/block4c_expand_activation/mul,2,598.018,299.009,598.018,299.009,0.0004905250128540344,0.8810419483658966,0.0,0.0
323,Device,Mul,gradient_tape/efficientnetb0/block4c_se_excite/mul/Mul_1,2,596.993,298.4965,596.993,298.4965,0.0004896842553213591,0.8815316326212179,0.0,0.0
324,Device,Mul,SGD/gradients/mul_81,2,596.992,298.496,596.992,298.496,0.0004896834350701076,0.882021316056288,0.0,0.0
325,Device,Conv2DBackpropInput,gradient_tape/efficientnetb0/block6a_expand_conv/Conv2D/Conv2DBackpropInput,2,596.992,298.496,596.992,298.496,0.0004896834350701076,0.882510999491358,0.0,0.0
326,Device,Conv2DBackpropInput,gradient_tape/efficientnetb0/block5b_expand_conv/Conv2D/Conv2DBackpropInput,2,595.97,297.985,595.97,297.985,0.0004888451382911867,0.8829998446296492,0.0,0.0
327,Device,Mul,SGD/gradients/mul_80,2,595.969,297.9845,595.969,297.9845,0.0004888443180399353,0.8834886889476892,0.0,0.0
328,Device,Mul,efficientnetb0/block4b_activation/mul,2,595.968,297.984,595.968,297.984,0.0004888434977886838,0.8839775324454778,0.0,0.0
329,Device,Mul,efficientnetb0/block4b_expand_activation/mul,2,595.968,297.984,595.968,297.984,0.0004888434977886838,0.8844663759432665,0.0,0.0
330,Device,Mul,SGD/gradients/mul_72,2,594.944,297.472,594.944,297.472,0.00048800356050725995,0.8849543795037738,0.0,0.0
331,Device,Mul,efficientnetb0/block5a_activation/mul,2,594.944,297.472,594.944,297.472,0.00048800356050725995,0.885442383064281,0.0,0.0
332,Device,Mul,efficientnetb0/block5a_expand_activation/mul,2,594.944,297.472,594.944,297.472,0.00048800356050725995,0.8859303866247883,0.0,0.0
333,Device,Mul,efficientnetb0/block4c_activation/mul,2,593.922,296.961,593.922,296.961,0.00048716526372833893,0.8864175518885167,0.0,0.0
334,Device,Mul,SGD/gradients/mul_70,2,593.921,296.9605,593.921,296.9605,0.00048716444347708757,0.8869047163319937,0.0,0.0
335,Device,Mul,SGD/gradients/mul_83,2,593.921,296.9605,593.921,296.9605,0.00048716444347708757,0.8873918807754708,0.0,0.0
336,Device,Mul,SGD/gradients/mul_88,2,593.921,296.9605,593.921,296.9605,0.00048716444347708757,0.8878790452189479,0.0,0.0
337,Device,Mul,SGD/gradients/mul_91,2,593.921,296.9605,593.921,296.9605,0.00048716444347708757,0.888366209662425,0.0,0.0
338,Device,Mul,SGD/gradients/mul_92,2,593.92,296.96,593.92,296.96,0.0004871636232258361,0.8888533732856508,0.0,0.0
339,Device,Mul,SGD/gradients/mul_74,2,592.897,296.4485,592.897,296.4485,0.00048632450619566373,0.8893396977918465,0.0,0.0
340,Device,Mul,gradient_tape/efficientnetb0/block5a_se_excite/mul/Mul_1,2,592.897,296.4485,592.897,296.4485,0.00048632450619566373,0.8898260222980422,0.0,0.0
341,Device,Mul,SGD/gradients/mul_78,2,592.896,296.448,592.896,296.448,0.00048632368594441226,0.8903123459839866,0.0,0.0
342,Device,Mul,SGD/gradients/mul_79,2,592.896,296.448,592.896,296.448,0.00048632368594441226,0.8907986696699309,0.0,0.0
343,Device,Mul,SGD/gradients/mul_87,2,592.896,296.448,592.896,296.448,0.00048632368594441226,0.8912849933558753,0.0,0.0
344,Device,Mul,SGD/gradients/mul_71,2,591.873,295.9365,591.873,295.9365,0.0004854845689142399,0.8917704779247896,0.0,0.0
345,Device,Mul,gradient_tape/efficientnetb0/block4b_se_excite/mul/Mul_1,2,591.873,295.9365,591.873,295.9365,0.0004854845689142399,0.8922559624937039,0.0,0.0
346,Device,Mul,SGD/gradients/mul_90,2,591.872,295.936,591.872,295.936,0.0004854837486629884,0.8927414462423668,0.0,0.0
347,Device,Mul,SGD/gradients/mul_82,2,589.825,294.9125,589.825,294.9125,0.00048380469435139214,0.8932252509367182,0.0,0.0
348,Device,Mul,SGD/gradients/mul_89,2,589.825,294.9125,589.825,294.9125,0.00048380469435139214,0.8937090556310696,0.0,0.0
349,Device,Mul,SGD/gradients/mul_69,2,589.824,294.912,589.824,294.912,0.0004838038741001407,0.8941928595051698,0.0,0.0
350,Device,Transpose,SGD/gradients/AddN_8-1-TransposeNHWCToNCHW-LayoutOptimizer,2,588.8,294.4,588.8,294.4,0.00048296393681871683,0.8946758234419885,0.0,0.0
351,Device,Transpose,SGD/gradients/AddN_10-1-TransposeNHWCToNCHW-LayoutOptimizer,2,586.754,293.377,586.754,293.377,0.000481285702758372,0.8951571091447469,0.0,0.0
352,Device,Sigmoid,efficientnetb0/block5b_expand_activation/Sigmoid,2,582.658,291.329,582.658,291.329,0.00047792595363267654,0.8956350350983796,0.0,0.0
353,Device,Sigmoid,SGD/gradients/Sigmoid_20,2,581.632,290.816,581.632,290.816,0.0004770843758487498,0.8961121194742283,0.0,0.0
354,Device,Sigmoid,SGD/gradients/Sigmoid_15,2,579.584,289.792,579.584,289.792,0.00047540450128590213,0.8965875239755142,0.0,0.0
355,Device,Sigmoid,SGD/gradients/Sigmoid_18,2,578.561,289.2805,578.561,289.2805,0.00047456538425572975,0.8970620893597699,0.0,0.0
356,Device,Sigmoid,SGD/gradients/Sigmoid_17,2,578.56,289.28,578.56,289.28,0.0004745645640044783,0.8975366539237745,0.0,0.0
357,Device,Transpose,efficientnetb0/block5c_activation/mul-0-3-TransposeNCHWToNHWC-LayoutOptimizer,2,578.56,289.28,578.56,289.28,0.0004745645640044783,0.898011218487779,0.0,0.0
358,Device,Sigmoid,efficientnetb0/block5c_activation/Sigmoid,2,577.538,288.769,577.538,288.769,0.0004737262672255572,0.8984849447550045,0.0,0.0
359,Device,Sigmoid,efficientnetb0/block5c_expand_activation/Sigmoid,2,577.536,288.768,577.536,288.768,0.0004737246267230544,0.8989586693817275,0.0,0.0
360,Device,Sigmoid,efficientnetb0/block5b_activation/Sigmoid,2,576.512,288.256,576.512,288.256,0.00047288468944163054,0.8994315540711691,0.0,0.0
361,Device,Conv2DBackpropInput,gradient_tape/efficientnetb0/block5a_project_conv/Conv2D/Conv2DBackpropInput,2,576.512,288.256,576.512,288.256,0.00047288468944163054,0.8999044387606108,0.0,0.0
362,Device,Transpose,efficientnetb0/block5b_activation/mul-0-3-TransposeNCHWToNHWC-LayoutOptimizer,2,575.49,287.745,575.49,287.745,0.00047204639266270953,0.9003764851532735,0.0,0.0
363,Device,Sigmoid,SGD/gradients/Sigmoid_21,2,575.488,287.744,575.488,287.744,0.0004720447521602068,0.9008485299054337,0.0,0.0
364,Device,Sigmoid,efficientnetb0/block6a_expand_activation/Sigmoid,2,575.488,287.744,575.488,287.744,0.0004720447521602068,0.901320574657594,0.0,0.0
365,Device,Mul,gradient_tape/efficientnetb0/block5c_se_excite/mul/Mul,2,569.344,284.672,569.344,284.672,0.00046700512847166364,0.9017875797860656,0.0,0.0
366,Device,Mul,gradient_tape/efficientnetb0/block5b_se_excite/mul/Mul,2,568.321,284.1605,568.321,284.1605,0.00046616601144149116,0.9022537457975071,0.0,0.0
367,Device,FusedBatchNormGradV3,gradient_tape/efficientnetb0/block4a_bn/FusedBatchNormGradV3,2,563.201,281.6005,563.201,281.6005,0.0004619663250343719,0.9027157121225414,0.0,0.0
368,Device,Mul,efficientnetb0/block5c_se_excite/mul,2,562.178,281.089,562.178,281.089,0.0004611272080041994,0.9031768393305456,0.0,0.0
369,Device,Mul,efficientnetb0/block5b_se_excite/mul,2,562.176,281.088,562.176,281.088,0.0004611255675016967,0.9036379648980473,0.0,0.0
370,Device,AddV2,SGD/gradients/add_20,2,560.128,280.064,560.128,280.064,0.00045944569293884894,0.9040974105909861,0.0,0.0
371,Device,AddV2,SGD/gradients/add_15,2,558.08,279.04,558.08,279.04,0.00045776581837600125,0.9045551764093621,0.0,0.0
372,Device,Sub,SGD/gradients/sub_21,2,558.08,279.04,558.08,279.04,0.00045776581837600125,0.9050129422277381,0.0,0.0
373,Device,AddV2,SGD/gradients/add_17,2,557.058,278.529,557.058,278.529,0.00045692752159708013,0.9054698697493352,0.0,0.0
374,Device,AddV2,SGD/gradients/add_18,2,557.057,278.5285,557.057,278.5285,0.00045692670134582877,0.905926796450681,0.0,0.0
375,Device,Sub,SGD/gradients/sub_17,2,557.056,278.528,557.056,278.528,0.0004569258810945774,0.9063837223317756,0.0,0.0
376,Device,Sub,SGD/gradients/sub_15,2,556.034,278.017,556.034,278.017,0.0004560875843156563,0.9068398099160913,0.0,0.0
377,Device,AddV2,SGD/gradients/add_21,2,556.032,278.016,556.032,278.016,0.0004560859438131535,0.9072958958599044,0.0,0.0
378,Device,Sub,SGD/gradients/sub_18,2,556.032,278.016,556.032,278.016,0.0004560859438131535,0.9077519818037176,0.0,0.0
379,Device,Sub,SGD/gradients/sub_20,2,556.032,278.016,556.032,278.016,0.0004560859438131535,0.9082080677475308,0.0,0.0
380,Device,RealDiv,gradient_tape/efficientnetb0/block5b_se_squeeze/truediv,2,550.912,275.456,550.912,275.456,0.00045188625740603423,0.9086599540049368,0.0,0.0
381,Device,RealDiv,gradient_tape/efficientnetb0/block5c_se_squeeze/truediv,2,549.888,274.944,549.888,274.944,0.0004510463201246104,0.9091110003250614,0.0,0.0
382,Device,Conv2DBackpropFilter,gradient_tape/efficientnetb0/block4c_expand_conv/Conv2D/Conv2DBackpropFilter,2,546.818,273.409,546.818,273.409,0.0004485281487828416,0.9095595284738442,0.0,0.0
383,Device,Conv2DBackpropFilter,gradient_tape/efficientnetb0/block5a_expand_conv/Conv2D/Conv2DBackpropFilter,2,546.816,273.408,546.816,273.408,0.0004485265082803388,0.9100080549821246,0.0,0.0
384,Device,Conv2DBackpropFilter,gradient_tape/efficientnetb0/block4b_expand_conv/Conv2D/Conv2DBackpropFilter,2,545.794,272.897,545.794,272.897,0.0004476882115014177,0.910455743193626,0.0,0.0
385,Device,Conv2DBackpropInput,gradient_tape/efficientnetb0/block4a_expand_conv/Conv2D/Conv2DBackpropInput,2,538.625,269.3125,538.625,269.3125,0.00044180783028019936,0.9108975510239062,0.0,0.0
386,Device,Conv2DBackpropInput,gradient_tape/efficientnetb0/block3b_expand_conv/Conv2D/Conv2DBackpropInput,2,537.6,268.8,537.6,268.8,0.0004409670727475241,0.9113385180966538,0.0,0.0
387,Device,Conv2D,efficientnetb0/block3b_project_conv/Conv2D,2,536.576,268.288,536.576,268.288,0.00044012713546610026,0.9117786452321199,0.0,0.0
388,Device,Transpose,efficientnetb0/block3a_activation/mul-0-3-TransposeNCHWToNHWC-LayoutOptimizer,2,499.712,249.856,499.712,249.856,0.00040988939333484146,0.9121885346254548,0.0,0.0
389,Device,Transpose,SGD/gradients/AddN_20-1-TransposeNHWCToNCHW-LayoutOptimizer,2,495.616,247.808,495.616,247.808,0.000406529644209146,0.912595064269664,0.0,0.0
390,Device,Sigmoid,SGD/gradients/Sigmoid_38,2,494.593,247.2965,494.593,247.2965,0.00040569052717897354,0.913000754796843,0.0,0.0
391,Device,Sigmoid,efficientnetb0/block3a_activation/Sigmoid,2,493.57,246.785,493.57,246.785,0.00040485141014880106,0.9134056062069917,0.0,0.0
392,Device,AddN,SGD/gradients/AddN_22,2,488.448,244.224,488.448,244.224,0.000400650083239179,0.9138062562902309,0.0,0.0
393,Device,Conv2D,efficientnetb0/block4c_project_conv/Conv2D,2,488.448,244.224,488.448,244.224,0.000400650083239179,0.9142069063734701,0.0,0.0
394,Device,Conv2DBackpropInput,gradient_tape/efficientnetb0/block4b_project_conv/Conv2D/Conv2DBackpropInput,2,488.448,244.224,488.448,244.224,0.000400650083239179,0.9146075564567093,0.0,0.0
395,Device,Mul,gradient_tape/efficientnetb0/block3a_se_excite/mul/Mul,2,487.424,243.712,487.424,243.712,0.00039981014595775517,0.9150073666026671,0.0,0.0
396,Device,Conv2DBackpropInput,gradient_tape/efficientnetb0/block4c_project_conv/Conv2D/Conv2DBackpropInput,2,487.424,243.712,487.424,243.712,0.00039981014595775517,0.9154071767486249,0.0,0.0
397,Device,Conv2D,efficientnetb0/block5a_project_conv/Conv2D,2,486.4,243.2,486.4,243.2,0.0003989702086763313,0.9158061469573012,0.0,0.0
398,Device,Mul,efficientnetb0/block3a_se_excite/mul,2,481.28,240.64,481.28,240.64,0.000394770522269212,0.9162009174795704,0.0,0.0
399,Device,Sub,SGD/gradients/sub_38,2,480.257,240.1285,480.257,240.1285,0.00039393140523903957,0.9165948488848095,0.0,0.0
400,Device,AddV2,SGD/gradients/add_38,2,480.256,240.128,480.256,240.128,0.00039393058498778815,0.9169887794697973,0.0,0.0
401,Device,Conv2DBackpropInput,gradient_tape/efficientnetb0/block3a_project_conv/Conv2D/Conv2DBackpropInput,2,477.184,238.592,477.184,238.592,0.0003914107731435166,0.9173801902429408,0.0,0.0
402,Device,AddV2,efficientnetb0/block2b_add/add,2,476.16,238.08,476.16,238.08,0.0003905708358620928,0.917770761078803,0.0,0.0
403,Device,RealDiv,gradient_tape/efficientnetb0/block3a_se_squeeze/truediv,2,473.088,236.544,473.088,236.544,0.0003880510240178212,0.9181588121028208,0.0,0.0
404,Device,Conv2DBackpropFilter,gradient_tape/efficientnetb0/block6a_project_conv/Conv2D/Conv2DBackpropFilter,4,470.016,117.504,470.016,117.504,0.00038553121217354966,0.9185443433149943,0.0,0.0
405,Device,DepthwiseConv2dNativeBackpropInput,gradient_tape/efficientnetb0/block7a_dwconv/depthwise/DepthwiseConv2dNativeBackpropInput,2,453.634,226.817,453.634,226.817,0.0003720938561732707,0.9189164371711677,0.0,0.0
406,Device,Conv2D,efficientnetb0/block4b_project_conv/Conv2D,2,447.488,223.744,447.488,223.744,0.00036705259198222483,0.9192834897631499,0.0,0.0
407,Device,Conv2DBackpropInput,gradient_tape/efficientnetb0/block4c_expand_conv/Conv2D/Conv2DBackpropInput,2,446.464,223.232,446.464,223.232,0.00036621265470080093,0.9196497024178507,0.0,0.0
408,Device,Conv2DBackpropInput,gradient_tape/efficientnetb0/block6b_project_conv/Conv2D/Conv2DBackpropInput,2,442.368,221.184,442.368,221.184,0.00036285290557510556,0.9200125553234259,0.0,0.0
409,Device,Conv2DBackpropInput,gradient_tape/efficientnetb0/block6c_project_conv/Conv2D/Conv2DBackpropInput,2,442.368,221.184,442.368,221.184,0.00036285290557510556,0.920375408229001,0.0,0.0
410,Device,Conv2DBackpropInput,gradient_tape/efficientnetb0/block6d_project_conv/Conv2D/Conv2DBackpropInput,2,441.346,220.673,441.346,220.673,0.0003620146087961845,0.9207374228377971,0.0,0.0
411,Device,Conv2DBackpropInput,gradient_tape/efficientnetb0/block5a_expand_conv/Conv2D/Conv2DBackpropInput,2,439.296,219.648,439.296,219.648,0.000360333093730834,0.921097755931528,0.0,0.0
412,Device,Conv2D,efficientnetb0/block5a_expand_conv/Conv2D,4,436.226,109.0565,436.226,109.0565,0.00035781492238906517,0.921455570853917,0.0,0.0
413,Device,Conv2DBackpropInput,gradient_tape/efficientnetb0/block4b_expand_conv/Conv2D/Conv2DBackpropInput,2,436.224,218.112,436.224,218.112,0.0003578132818865624,0.9218133841358036,0.0,0.0
414,Device,Conv2D,efficientnetb0/block4b_expand_conv/Conv2D,4,435.202,108.8005,435.202,108.8005,0.0003569749851076413,0.9221703591209113,0.0,0.0
415,Device,DepthwiseConv2dNative,efficientnetb0/block4b_dwconv/depthwise,2,435.2,217.6,435.2,217.6,0.00035697334460513855,0.9225273324655164,0.0,0.0
416,Device,DepthwiseConv2dNative,efficientnetb0/block4c_dwconv/depthwise,2,434.176,217.088,434.176,217.088,0.0003561334073237147,0.9228834658728402,0.0,0.0
417,Device,Conv2D,efficientnetb0/block4c_expand_conv/Conv2D,4,432.128,108.032,432.128,108.032,0.00035445353276086696,0.9232379194056011,0.0,0.0
418,Device,Sum,gradient_tape/efficientnetb0/block3b_se_excite/mul/Sum_1,2,431.106,215.553,431.106,215.553,0.0003536152359819459,0.9235915346415831,0.0,0.0
419,Device,Mean,efficientnetb0/block3b_se_squeeze/Mean,2,430.082,215.041,430.082,215.041,0.00035277529870052205,0.9239443099402835,0.0,0.0
420,Device,Conv2D,efficientnetb0/block7a_expand_conv/Conv2D,2,425.984,212.992,425.984,212.992,0.00034941390907232384,0.9242937238493558,0.0,0.0
421,Device,Conv2D,efficientnetb0/block6c_expand_conv/Conv2D,2,424.96,212.48,424.96,212.48,0.0003485739717909,0.9246422978211467,0.0,0.0
422,Device,Conv2D,efficientnetb0/block6d_expand_conv/Conv2D,2,423.938,211.969,423.938,211.969,0.00034773567501197893,0.9249900334961587,0.0,0.0
423,Device,Transpose,SGD/gradients/AddN_12-1-TransposeNHWCToNCHW-LayoutOptimizer,2,421.888,210.944,421.888,210.944,0.0003460541599466284,0.9253360876561053,0.0,0.0
424,Device,Transpose,SGD/gradients/AddN_15-1-TransposeNHWCToNCHW-LayoutOptimizer,2,421.888,210.944,421.888,210.944,0.0003460541599466284,0.9256821418160519,0.0,0.0
425,Device,Transpose,SGD/gradients/AddN_13-1-TransposeNHWCToNCHW-LayoutOptimizer,2,420.864,210.432,420.864,210.432,0.00034521422266520457,0.9260273560387171,0.0,0.0
426,Device,Conv2D,efficientnetb0/block6b_expand_conv/Conv2D,2,417.792,208.896,417.792,208.896,0.000342694410820933,0.926370050449538,0.0,0.0
427,Device,Sigmoid,SGD/gradients/Sigmoid_23,2,415.744,207.872,415.744,207.872,0.0003410145362580853,0.9267110649857961,0.0,0.0
428,Device,Sigmoid,efficientnetb0/block4b_expand_activation/Sigmoid,2,415.744,207.872,415.744,207.872,0.0003410145362580853,0.9270520795220543,0.0,0.0
429,Device,Transpose,efficientnetb0/block4c_activation/mul-0-3-TransposeNCHWToNHWC-LayoutOptimizer,2,415.744,207.872,415.744,207.872,0.0003410145362580853,0.9273930940583124,0.0,0.0
430,Device,Sigmoid,efficientnetb0/block4b_activation/Sigmoid,2,414.72,207.36,414.72,207.36,0.00034017459897666146,0.927733268657289,0.0,0.0
431,Device,Transpose,efficientnetb0/block4b_activation/mul-0-3-TransposeNCHWToNHWC-LayoutOptimizer,2,414.72,207.36,414.72,207.36,0.00034017459897666146,0.9280734432562656,0.0,0.0
432,Device,Sigmoid,efficientnetb0/block4c_expand_activation/Sigmoid,2,414.72,207.36,414.72,207.36,0.00034017459897666146,0.9284136178552422,0.0,0.0
433,Device,Transpose,efficientnetb0/block5a_activation/mul-0-3-TransposeNCHWToNHWC-LayoutOptimizer,2,414.72,207.36,414.72,207.36,0.00034017459897666146,0.9287537924542189,0.0,0.0
434,Device,Sigmoid,efficientnetb0/block4c_activation/Sigmoid,2,413.696,206.848,413.696,206.848,0.0003393346616952376,0.9290931271159141,0.0,0.0
435,Device,Sigmoid,efficientnetb0/block5a_expand_activation/Sigmoid,2,413.696,206.848,413.696,206.848,0.0003393346616952376,0.9294324617776093,0.0,0.0
436,Device,Sigmoid,SGD/gradients/Sigmoid_24,2,412.673,206.3365,412.673,206.3365,0.00033849554466506513,0.9297709573222743,0.0,0.0
437,Device,Sigmoid,SGD/gradients/Sigmoid_26,2,412.673,206.3365,412.673,206.3365,0.00033849554466506513,0.9301094528669394,0.0,0.0
438,Device,Sigmoid,SGD/gradients/Sigmoid_29,2,412.672,206.336,412.672,206.336,0.00033849472441381377,0.9304479475913532,0.0,0.0
439,Device,Sigmoid,SGD/gradients/Sigmoid_30,2,412.672,206.336,412.672,206.336,0.00033849472441381377,0.930786442315767,0.0,0.0
440,Device,Sigmoid,efficientnetb0/block5a_activation/Sigmoid,2,411.648,205.824,411.648,205.824,0.00033765478713238987,0.9311240971028995,0.0,0.0
441,Device,Mul,gradient_tape/efficientnetb0/block4b_se_excite/mul/Mul,2,407.553,203.7765,407.553,203.7765,0.00033429585825794586,0.9314583929611574,0.0,0.0
442,Device,FusedBatchNormGradV3,gradient_tape/efficientnetb0/block3a_project_bn/FusedBatchNormGradV3,2,406.529,203.2645,406.529,203.2645,0.000333455920976522,0.931791848882134,0.0,0.0
443,Device,FusedBatchNormGradV3,gradient_tape/efficientnetb0/block3b_project_bn/FusedBatchNormGradV3,2,406.528,203.264,406.528,203.264,0.0003334551007252706,0.9321253039828592,0.0,0.0
444,Device,Mul,gradient_tape/efficientnetb0/block4c_se_excite/mul/Mul,2,406.528,203.264,406.528,203.264,0.0003334551007252706,0.9324587590835844,0.0,0.0
445,Device,Mul,gradient_tape/efficientnetb0/block5a_se_excite/mul/Mul,2,405.505,202.7525,405.505,202.7525,0.0003326159836950981,0.9327913750672795,0.0,0.0
446,Device,Mul,efficientnetb0/block5a_se_excite/mul,2,401.41,200.705,401.41,200.705,0.0003292570548206541,0.9331206321221002,0.0,0.0
447,Device,Sigmoid,SGD/gradients/Sigmoid_27,2,401.409,200.7045,401.409,200.7045,0.0003292562345694027,0.9334498883566695,0.0,0.0
448,Device,AddV2,SGD/gradients/add_26,2,401.408,200.704,401.408,200.704,0.0003292554143181513,0.9337791437709877,0.0,0.0
449,Device,Sub,SGD/gradients/sub_30,2,401.408,200.704,401.408,200.704,0.0003292554143181513,0.9341083991853059,0.0,0.0
450,Device,Sub,SGD/gradients/sub_24,2,400.385,200.1925,400.385,200.1925,0.00032841629728797884,0.9344368154825938,0.0,0.0
451,Device,Sub,SGD/gradients/sub_26,2,400.385,200.1925,400.385,200.1925,0.00032841629728797884,0.9347652317798818,0.0,0.0
452,Device,AddV2,SGD/gradients/add_29,2,400.384,200.192,400.384,200.192,0.0003284154770367275,0.9350936472569186,0.0,0.0
453,Device,Sub,SGD/gradients/sub_29,2,400.384,200.192,400.384,200.192,0.0003284154770367275,0.9354220627339553,0.0,0.0
454,Device,Mul,efficientnetb0/block4c_se_excite/mul,2,400.384,200.192,400.384,200.192,0.0003284154770367275,0.9357504782109921,0.0,0.0
455,Device,Mul,SGD/gradients/mul_2,2,399.361,199.6805,399.361,199.6805,0.000327576360006555,0.9360780545709987,0.0,0.0
456,Device,AddV2,SGD/gradients/add_23,2,399.36,199.68,399.36,199.68,0.00032757553975530364,0.936405630110754,0.0,0.0
457,Device,AddV2,SGD/gradients/add_24,2,399.36,199.68,399.36,199.68,0.00032757553975530364,0.9367332056505092,0.0,0.0
458,Device,Sub,SGD/gradients/sub_23,2,399.36,199.68,399.36,199.68,0.00032757553975530364,0.9370607811902645,0.0,0.0
459,Device,Sub,SGD/gradients/sub_27,2,399.36,199.68,399.36,199.68,0.00032757553975530364,0.9373883567300197,0.0,0.0
460,Device,BroadcastTo,gradient_tape/efficientnetb0/block3b_se_squeeze/BroadcastTo,2,399.36,199.68,399.36,199.68,0.00032757553975530364,0.937715932269775,0.0,0.0
461,Device,Mul,efficientnetb0/block4b_se_excite/mul,2,398.338,199.169,398.338,199.169,0.00032673724297638257,0.9380426695127514,0.0,0.0
462,Device,AddV2,SGD/gradients/add_30,2,397.313,198.6565,397.313,198.6565,0.00032589648544370726,0.9383685659981951,0.0,0.0
463,Device,AddV2,SGD/gradients/add_27,2,397.312,198.656,397.312,198.656,0.0003258956651924559,0.9386944616633875,0.0,0.0
464,Device,Mul,SGD/gradients/mul,2,397.312,198.656,397.312,198.656,0.0003258956651924559,0.93902035732858,0.0,0.0
465,Device,Mul,SGD/gradients/mul_1,2,397.312,198.656,397.312,198.656,0.0003258956651924559,0.9393462529937725,0.0,0.0
466,Device,Mul,efficientnetb0/top_activation/mul,2,397.312,198.656,397.312,198.656,0.0003258956651924559,0.939672148658965,0.0,0.0
467,Device,DepthwiseConv2dNative,efficientnetb0/block6c_dwconv/depthwise,2,395.266,197.633,395.266,197.633,0.000324217431132111,0.9399963660900971,0.0,0.0
468,Device,DepthwiseConv2dNative,efficientnetb0/block6b_dwconv/depthwise,2,395.264,197.632,395.264,197.632,0.0003242157906296082,0.9403205818807266,0.0,0.0
469,Device,RealDiv,gradient_tape/efficientnetb0/block4c_se_squeeze/truediv,2,395.264,197.632,395.264,197.632,0.0003242157906296082,0.9406447976713562,0.0,0.0
470,Device,RealDiv,gradient_tape/efficientnetb0/block5a_se_squeeze/truediv,2,395.264,197.632,395.264,197.632,0.0003242157906296082,0.9409690134619858,0.0,0.0
471,Device,DepthwiseConv2dNative,efficientnetb0/block6d_dwconv/depthwise,2,394.24,197.12,394.24,197.12,0.00032337585334818437,0.941292389315334,0.0,0.0
472,Device,RealDiv,gradient_tape/efficientnetb0/block4b_se_squeeze/truediv,2,394.24,197.12,394.24,197.12,0.00032337585334818437,0.9416157651686822,0.0,0.0
473,Device,AddN,SGD/gradients/AddN,2,370.688,185.344,370.688,185.344,0.00030405729587543564,0.9419198224645576,0.0,0.0
474,Device,AddN,SGD/gradients/AddN_3,2,370.688,185.344,370.688,185.344,0.00030405729587543564,0.9422238797604331,0.0,0.0
475,Device,AddN,SGD/gradients/AddN_5,2,370.688,185.344,370.688,185.344,0.00030405729587543564,0.9425279370563086,0.0,0.0
476,Device,SoftmaxCrossEntropyWithLogits,categorical_crossentropy/softmax_cross_entropy_with_logits,6,370.688,61.78133333333333,370.688,61.78133333333333,0.00030405729587543564,0.942831994352184,0.0,0.0
477,Device,FusedBatchNormGradV3,gradient_tape/efficientnetb0/block6a_bn/FusedBatchNormGradV3,2,369.664,184.832,369.664,184.832,0.0003032173585940118,0.9431352117107781,0.0,0.0
478,Device,AddN,SGD/gradients/AddN_1,2,367.618,183.809,367.618,183.809,0.0003015391245336669,0.9434367508353118,0.0,0.0
479,Device,Mul,SGD/gradients/mul_28,2,361.472,180.736,361.472,180.736,0.00029649786034262093,0.9437332486956543,0.0,0.0
480,Device,Mul,SGD/gradients/mul_8,2,361.472,180.736,361.472,180.736,0.00029649786034262093,0.9440297465559969,0.0,0.0
481,Device,Conv2D,efficientnetb0/block3a_project_conv/Conv2D,2,360.45,180.225,360.45,180.225,0.00029565956356369987,0.9443254061195606,0.0,0.0
482,Device,Mul,SGD/gradients/mul_26,2,360.448,180.224,360.448,180.224,0.0002956579230611971,0.9446210640426218,0.0,0.0
483,Device,Mul,SGD/gradients/mul_37,2,360.448,180.224,360.448,180.224,0.0002956579230611971,0.944916721965683,0.0,0.0
484,Device,Mul,SGD/gradients/mul_38,2,360.448,180.224,360.448,180.224,0.0002956579230611971,0.9452123798887442,0.0,0.0
485,Device,Mul,efficientnetb0/block6c_expand_activation/mul,2,360.448,180.224,360.448,180.224,0.0002956579230611971,0.9455080378118054,0.0,0.0
486,Device,Mul,SGD/gradients/mul_18,2,359.424,179.712,359.424,179.712,0.00029481798577977325,0.9458028557975852,0.0,0.0
487,Device,Mul,SGD/gradients/mul_24,2,359.424,179.712,359.424,179.712,0.00029481798577977325,0.946097673783365,0.0,0.0
488,Device,Mul,SGD/gradients/mul_25,2,359.424,179.712,359.424,179.712,0.00029481798577977325,0.9463924917691448,0.0,0.0
489,Device,Mul,SGD/gradients/mul_35,2,359.424,179.712,359.424,179.712,0.00029481798577977325,0.9466873097549245,0.0,0.0
490,Device,Mul,gradient_tape/efficientnetb0/block6d_se_excite/mul/Mul_1,2,359.424,179.712,359.424,179.712,0.00029481798577977325,0.9469821277407043,0.0,0.0
491,Device,Mul,gradient_tape/efficientnetb0/block6c_se_excite/mul/Mul_1,2,358.402,179.201,358.402,179.201,0.0002939796890008522,0.9472761074297051,0.0,0.0
492,Device,Mul,SGD/gradients/mul_10,2,358.4,179.2,358.4,179.2,0.0002939780484983494,0.9475700854782035,0.0,0.0
493,Device,Mul,SGD/gradients/mul_11,2,358.4,179.2,358.4,179.2,0.0002939780484983494,0.9478640635267019,0.0,0.0
494,Device,Mul,SGD/gradients/mul_16,2,358.4,179.2,358.4,179.2,0.0002939780484983494,0.9481580415752003,0.0,0.0
495,Device,Mul,SGD/gradients/mul_17,2,358.4,179.2,358.4,179.2,0.0002939780484983494,0.9484520196236987,0.0,0.0
496,Device,Mul,SGD/gradients/mul_27,2,358.4,179.2,358.4,179.2,0.0002939780484983494,0.9487459976721971,0.0,0.0
497,Device,Mul,SGD/gradients/mul_34,2,358.4,179.2,358.4,179.2,0.0002939780484983494,0.9490399757206955,0.0,0.0
498,Device,Mul,SGD/gradients/mul_36,2,358.4,179.2,358.4,179.2,0.0002939780484983494,0.9493339537691939,0.0,0.0
499,Device,Mul,efficientnetb0/block6b_expand_activation/mul,2,358.4,179.2,358.4,179.2,0.0002939780484983494,0.9496279318176923,0.0,0.0
500,Device,Mul,SGD/gradients/mul_6,2,357.378,178.689,357.378,178.689,0.00029313975171942834,0.9499210715694117,0.0,0.0
501,Host,IDLE,IDLE,0,4351535.155,0.0,4351535.155,0.0,0.0,0.0,0.9891498221853611,0.9891498221853611
502,Host,GatherV2,GatherV2,2,47207.395,23603.6975,47207.395,23603.6975,0.0,0.0,0.010730738625983616,0.9998805608113447
503,Host,GatherV2,GatherV2_1,2,180.872,90.436,180.872,90.436,0.0,0.0,4.1114112667282506e-05,0.999921674924012
504,Host,IteratorGetNext,IteratorGetNext,2,52.19,26.095,52.19,26.095,0.0,0.0,1.186333727777364e-05,0.9999335382612897
505,Host,Dataset,Iterator::Root::ParallelMapV2::Zip[1]::ForeverRepeat,2,54.77,27.385,50.1,25.05,0.0,0.0,1.138825824135772e-05,0.999944926519531
506,Host,FlushSummaryWriter,FlushSummaryWriter,1,43.51,43.51,43.51,43.51,0.0,0.0,9.89028175811326e-06,0.9999548168012892
507,Host,Dataset,Iterator::Root::ParallelMapV2,2,40.781,20.3905,40.781,20.3905,0.0,0.0,9.269951284247688e-06,0.9999640867525734
508,Host,LogicalAnd,LogicalAnd,1,31.01,31.01,31.01,31.01,0.0,0.0,7.048899961367323e-06,0.9999711356525348
509,Host,Dataset,Iterator::Root,2,65.401,32.7005,24.62,12.31,0.0,0.0,5.596385586870799e-06,0.9999767320381217
510,Host,WriteSummary,WriteSummary,1,22.79,22.79,22.79,22.79,0.0,0.0,5.180407291827194e-06,0.9999819124454135
511,Host,Dataset,Iterator::Root::ParallelMapV2::Zip[0]::FlatMap[1]::Concatenate[0]::TensorSlice,2,22.31,11.155,22.31,11.155,0.0,0.0,5.0712982308321495e-06,0.9999869837436443
512,Host,Dataset,Iterator::Root::ParallelMapV2::Zip[0]::FlatMap[1]::Concatenate,2,37.37,18.685,15.06,7.53,0.0,0.0,3.423296788719506e-06,0.999990407040433
513,Host,Dataset,Iterator::Root::ParallelMapV2::Zip,2,105.501,52.7505,9.731,4.8655,0.0,0.0,2.2119589011307777e-06,0.9999926189993341
514,Host,ReadVariableOp,ReadVariableOp,1,8.221,8.221,8.221,8.221,0.0,0.0,1.8687199800838684e-06,0.9999944877193142
515,Host,_Send,IteratorGetNext/_3,2,6.7,3.35,6.7,3.35,0.0,0.0,1.5229806430558227e-06,0.9999960106999572
516,Host,Dataset,Iterator::Root::ParallelMapV2::Zip[1]::ForeverRepeat::FromTensor,4,4.67,1.1675,4.67,1.1675,0.0,0.0,1.0615402392642824e-06,0.9999970722401965
517,Host,_Send,IteratorGetNext/_1,2,4.1,2.05,4.1,2.05,0.0,0.0,9.319732293326675e-07,0.9999980042134259
518,Host,Dataset,Iterator::Root::ParallelMapV2::Zip[0]::FlatMap,2,41.0,20.5,3.63,1.815,0.0,0.0,8.251372737750204e-07,0.9999988293506996
519,Host,Identity,Identity,2,2.91,1.455,2.91,1.455,0.0,0.0,6.614736822824543e-07,0.9999994908243819
520,Host,_HostSend,categorical_crossentropy/softmax_cross_entropy_with_logits/Shape_2/_5,2,2.24,1.12,2.24,1.12,0.0,0.0,5.091756179768721e-07,0.9999999999999999
