Rank,Host/device,Type,Operation,#Occurrences,Total time (us),Avg. time (us),Total self-time (us),Avg. self-time (us),Total self-time on Device (%),Cumulative total-self time on Device (%),Total self-time on Host (%),Cumulative total-self time on Host (%)
1,Device,IDLE,IDLE,0,8004.687,0.0,8004.687,0.0,0.8546970938628641,0.8546970938628641,0.0,0.0
2,Device,_Send,IteratorGetNext/_1,2,121.12,60.56,121.12,60.56,0.012932537150880491,0.8676296310137446,0.0,0.0
3,Device,Conv2DBackpropFilter,gradient_tape/sequential/conv2d/Conv2D/Conv2DBackpropFilter,2,94.208,47.104,94.208,47.104,0.010059019649192117,0.8776886506629367,0.0,0.0
4,Device,Conv2DBackpropFilter,gradient_tape/sequential/conv2d_1/Conv2D/Conv2DBackpropFilter,2,79.872,39.936,79.872,39.936,0.008528299267793317,0.88621694993073,0.0,0.0
5,Device,MaxPoolGrad,gradient_tape/sequential/max_pooling2d/MaxPool/MaxPoolGrad,2,56.322,28.161,56.322,28.161,0.006013757904655639,0.8922307078353856,0.0,0.0
6,Device,Conv2DBackpropFilter,gradient_tape/sequential/conv2d_2/Conv2D/Conv2DBackpropFilter,2,56.32,28.16,56.32,28.16,0.006013544355495288,0.8982442521908809,0.0,0.0
7,Device,Conv2DBackpropInput,gradient_tape/sequential/conv2d_1/Conv2D/Conv2DBackpropInput,2,51.2,25.6,51.2,25.6,0.005466858504995716,0.9037111106958766,0.0,0.0
8,Device,Conv2DBackpropInput,gradient_tape/sequential/conv2d_2/Conv2D/Conv2DBackpropInput,2,50.176,25.088,50.176,25.088,0.005357521334895802,0.9090686320307724,0.0,0.0
9,Device,_FusedConv2D,sequential/conv2d/Relu,2,45.056,22.528,45.056,22.528,0.00481083548439623,0.9138794675151686,0.0,0.0
10,Device,_FusedConv2D,sequential/conv2d_1/Relu,2,44.032,22.016,44.032,22.016,0.004701498314296316,0.9185809658294649,0.0,0.0
11,Device,_FusedConv2D,sequential/conv2d_2/Relu,2,38.913,19.4565,38.913,19.4565,0.00415491923837692,0.9227358850678419,0.0,0.0
12,Device,ReluGrad,gradient_tape/sequential/conv2d/ReluGrad,2,37.888,18.944,37.888,18.944,0.00404547529369683,0.9267813603615387,0.0,0.0
13,Device,MatMul,sequential/dense/MatMul,2,28.672,14.336,28.672,14.336,0.003061440762797601,0.9298428011243363,0.0,0.0
14,Device,MaxPoolGrad,gradient_tape/sequential/max_pooling2d_1/MaxPool/MaxPoolGrad,2,22.528,11.264,22.528,11.264,0.002405417742198115,0.9322482188665344,0.0,0.0
15,Device,ArgMax,ArgMax,2,20.48,10.24,20.48,10.24,0.0021867434019982863,0.9344349622685327,0.0,0.0
16,Device,ArgMax,ArgMax_1,2,18.433,9.2165,18.433,9.2165,0.0019681758363786334,0.9364031381049114,0.0,0.0
17,Device,MatMul,gradient_tape/sequential/dense/MatMul/MatMul,2,16.384,8.192,16.384,8.192,0.0017493947215986292,0.93815253282651,0.0,0.0
18,Device,ResourceApplyGradientDescent,SGD/SGD/update_6/ResourceApplyGradientDescent,2,15.36,7.68,15.36,7.68,0.0016400575514987146,0.9397925903780088,0.0,0.0
19,Device,Transpose,gradient_tape/sequential/conv2d/Conv2D/Conv2DBackpropFilter-0-TransposeNHWCToNCHW-LayoutOptimizer,2,15.36,7.68,15.36,7.68,0.0016400575514987146,0.9414326479295075,0.0,0.0
20,Device,BiasAddGrad,gradient_tape/sequential/conv2d_1/BiasAdd/BiasAddGrad,2,14.336,7.168,14.336,7.168,0.0015307203813988005,0.9429633683109063,0.0,0.0
21,Device,MaxPoolGrad,gradient_tape/sequential/max_pooling2d_2/MaxPool/MaxPoolGrad,2,14.336,7.168,14.336,7.168,0.0015307203813988005,0.9444940886923051,0.0,0.0
22,Device,MatMul,sequential/dense_1/MatMul,2,14.336,7.168,14.336,7.168,0.0015307203813988005,0.9460248090737039,0.0,0.0
23,Device,MatMul,gradient_tape/sequential/dense_1/MatMul/MatMul,2,13.313,6.6565,13.313,6.6565,0.001421489985879062,0.947446299059583,0.0,0.0
24,Device,BiasAddGrad,gradient_tape/sequential/conv2d/BiasAdd/BiasAddGrad,2,13.312,6.656,13.312,6.656,0.001421383211298886,0.9488676822708819,0.0,0.0
25,Device,MatMul,gradient_tape/sequential/dense/MatMul/MatMul_1,2,13.312,6.656,13.312,6.656,0.001421383211298886,0.9502890654821808,0.0,0.0
26,Device,MaxPool,sequential/max_pooling2d/MaxPool,2,13.312,6.656,13.312,6.656,0.001421383211298886,0.9517104486934798,0.0,0.0
27,Device,DynamicStitch,gradient_tape/categorical_crossentropy/DynamicStitch,2,10.24,5.12,10.24,5.12,0.0010933717009991432,0.9528038203944789,0.0,0.0
28,Device,ReluGrad,gradient_tape/sequential/conv2d_1/ReluGrad,2,10.24,5.12,10.24,5.12,0.0010933717009991432,0.953897192095478,0.0,0.0
29,Device,BiasAddGrad,gradient_tape/sequential/conv2d_2/BiasAdd/BiasAddGrad,2,10.24,5.12,10.24,5.12,0.0010933717009991432,0.9549905637964771,0.0,0.0
30,Device,MatMul,gradient_tape/sequential/dense_1/MatMul/MatMul_1,2,10.24,5.12,10.24,5.12,0.0010933717009991432,0.9560839354974762,0.0,0.0
31,Device,MaxPool,sequential/max_pooling2d_1/MaxPool,2,10.24,5.12,10.24,5.12,0.0010933717009991432,0.9571773071984753,0.0,0.0
32,Device,ResourceApplyGradientDescent,SGD/SGD/update_2/ResourceApplyGradientDescent,2,8.192,4.096,8.192,4.096,0.0008746973607993146,0.9580520045592745,0.0,0.0
33,Device,ResourceApplyGradientDescent,SGD/SGD/update_8/ResourceApplyGradientDescent,2,8.192,4.096,8.192,4.096,0.0008746973607993146,0.9589267019200738,0.0,0.0
34,Device,ReluGrad,gradient_tape/sequential/conv2d_2/ReluGrad,2,8.192,4.096,8.192,4.096,0.0008746973607993146,0.959801399280873,0.0,0.0
35,Device,MaxPool,sequential/max_pooling2d_2/MaxPool,2,8.192,4.096,8.192,4.096,0.0008746973607993146,0.9606760966416723,0.0,0.0
36,Device,ResourceApplyGradientDescent,SGD/SGD/update_9/ResourceApplyGradientDescent,2,7.168,3.584,7.168,3.584,0.0007653601906994003,0.9614414568323717,0.0,0.0
37,Device,BiasAddGrad,gradient_tape/sequential/dense_1/BiasAdd/BiasAddGrad,2,7.168,3.584,7.168,3.584,0.0007653601906994003,0.9622068170230711,0.0,0.0
38,Device,Transpose,gradient_tape/sequential/max_pooling2d_2/MaxPool/MaxPoolGrad-2-TransposeNHWCToNCHW-LayoutOptimizer,2,7.168,3.584,7.168,3.584,0.0007653601906994003,0.9629721772137705,0.0,0.0
39,Device,Transpose,sequential/max_pooling2d_2/MaxPool-0-2-TransposeNCHWToNHWC-LayoutOptimizer,2,7.168,3.584,7.168,3.584,0.0007653601906994003,0.9637375374044699,0.0,0.0
40,Device,Log,categorical_crossentropy/Log,2,6.145,3.0725,6.145,3.0725,0.0006561297951796616,0.9643936671996496,0.0,0.0
41,Device,AssignAddVariableOp,AssignAddVariableOp,2,6.144,3.072,6.144,3.072,0.0006560230205994859,0.9650496902202491,0.0,0.0
42,Device,AssignAddVariableOp,AssignAddVariableOp_4,2,6.144,3.072,6.144,3.072,0.0006560230205994859,0.9657057132408486,0.0,0.0
43,Device,Cast,Cast_1,2,6.144,3.072,6.144,3.072,0.0006560230205994859,0.9663617362614482,0.0,0.0
44,Device,AssignAddVariableOp,SGD/SGD/AssignAddVariableOp,2,6.144,3.072,6.144,3.072,0.0006560230205994859,0.9670177592820477,0.0,0.0
45,Device,ResourceApplyGradientDescent,SGD/SGD/update/ResourceApplyGradientDescent,2,6.144,3.072,6.144,3.072,0.0006560230205994859,0.9676737823026472,0.0,0.0
46,Device,ResourceApplyGradientDescent,SGD/SGD/update_1/ResourceApplyGradientDescent,2,6.144,3.072,6.144,3.072,0.0006560230205994859,0.9683298053232468,0.0,0.0
47,Device,ResourceApplyGradientDescent,SGD/SGD/update_3/ResourceApplyGradientDescent,2,6.144,3.072,6.144,3.072,0.0006560230205994859,0.9689858283438463,0.0,0.0
48,Device,ResourceApplyGradientDescent,SGD/SGD/update_4/ResourceApplyGradientDescent,2,6.144,3.072,6.144,3.072,0.0006560230205994859,0.9696418513644458,0.0,0.0
49,Device,ResourceApplyGradientDescent,SGD/SGD/update_5/ResourceApplyGradientDescent,2,6.144,3.072,6.144,3.072,0.0006560230205994859,0.9702978743850453,0.0,0.0
50,Device,ResourceApplyGradientDescent,SGD/SGD/update_7/ResourceApplyGradientDescent,2,6.144,3.072,6.144,3.072,0.0006560230205994859,0.9709538974056449,0.0,0.0
51,Device,Sum,categorical_crossentropy/Sum,2,6.144,3.072,6.144,3.072,0.0006560230205994859,0.9716099204262444,0.0,0.0
52,Device,Sum,categorical_crossentropy/Sum_1,2,6.144,3.072,6.144,3.072,0.0006560230205994859,0.9722659434468439,0.0,0.0
53,Device,Mul,categorical_crossentropy/mul,2,6.144,3.072,6.144,3.072,0.0006560230205994859,0.9729219664674434,0.0,0.0
54,Device,RealDiv,categorical_crossentropy/truediv,2,6.144,3.072,6.144,3.072,0.0006560230205994859,0.973577989488043,0.0,0.0
55,Device,Neg,gradient_tape/categorical_crossentropy/Neg,2,6.144,3.072,6.144,3.072,0.0006560230205994859,0.9742340125086425,0.0,0.0
56,Device,SelectV2,gradient_tape/categorical_crossentropy/clip_by_value/SelectV2_1,2,6.144,3.072,6.144,3.072,0.0006560230205994859,0.974890035529242,0.0,0.0
57,Device,ZerosLike,gradient_tape/categorical_crossentropy/clip_by_value/zeros_like_1,2,6.144,3.072,6.144,3.072,0.0006560230205994859,0.9755460585498416,0.0,0.0
58,Device,Mul,gradient_tape/categorical_crossentropy/mul,2,6.144,3.072,6.144,3.072,0.0006560230205994859,0.9762020815704411,0.0,0.0
59,Device,Mul,gradient_tape/categorical_crossentropy/mul/Mul,2,6.144,3.072,6.144,3.072,0.0006560230205994859,0.9768581045910406,0.0,0.0
60,Device,RealDiv,gradient_tape/categorical_crossentropy/truediv/RealDiv,2,6.144,3.072,6.144,3.072,0.0006560230205994859,0.9775141276116401,0.0,0.0
61,Device,RealDiv,gradient_tape/categorical_crossentropy/truediv/RealDiv_1,2,6.144,3.072,6.144,3.072,0.0006560230205994859,0.9781701506322397,0.0,0.0
62,Device,RealDiv,gradient_tape/categorical_crossentropy/truediv/RealDiv_2,2,6.144,3.072,6.144,3.072,0.0006560230205994859,0.9788261736528392,0.0,0.0
63,Device,Tile,gradient_tape/categorical_crossentropy/weighted_loss/Tile_1,2,6.144,3.072,6.144,3.072,0.0006560230205994859,0.9794821966734387,0.0,0.0
64,Device,DivNoNan,gradient_tape/categorical_crossentropy/weighted_loss/value/div_no_nan,2,6.144,3.072,6.144,3.072,0.0006560230205994859,0.9801382196940382,0.0,0.0
65,Device,BiasAddGrad,gradient_tape/sequential/dense/BiasAdd/BiasAddGrad,2,6.144,3.072,6.144,3.072,0.0006560230205994859,0.9807942427146378,0.0,0.0
66,Device,ReluGrad,gradient_tape/sequential/dense/ReluGrad,2,6.144,3.072,6.144,3.072,0.0006560230205994859,0.9814502657352373,0.0,0.0
67,Device,BiasAdd,sequential/dense/BiasAdd,2,6.144,3.072,6.144,3.072,0.0006560230205994859,0.9821062887558368,0.0,0.0
68,Device,BiasAdd,sequential/dense_1/BiasAdd,2,6.144,3.072,6.144,3.072,0.0006560230205994859,0.9827623117764364,0.0,0.0
69,Device,AssignAddVariableOp,AssignAddVariableOp_3,2,5.12,2.56,5.12,2.56,0.0005466858504995716,0.9833089976269359,0.0,0.0
70,Device,Cast,Cast,2,5.12,2.56,5.12,2.56,0.0005466858504995716,0.9838556834774355,0.0,0.0
71,Device,Cast,Cast_2,2,5.12,2.56,5.12,2.56,0.0005466858504995716,0.984402369327935,0.0,0.0
72,Device,Equal,Equal,2,5.12,2.56,5.12,2.56,0.0005466858504995716,0.9849490551784346,0.0,0.0
73,Device,Mul,Mul,2,5.12,2.56,5.12,2.56,0.0005466858504995716,0.9854957410289341,0.0,0.0
74,Device,AddN,SGD/gradients/AddN,2,5.12,2.56,5.12,2.56,0.0005466858504995716,0.9860424268794337,0.0,0.0
75,Device,Sum,Sum_2,2,5.12,2.56,5.12,2.56,0.0005466858504995716,0.9865891127299332,0.0,0.0
76,Device,Maximum,categorical_crossentropy/clip_by_value,2,5.12,2.56,5.12,2.56,0.0005466858504995716,0.9871357985804328,0.0,0.0
77,Device,Minimum,categorical_crossentropy/clip_by_value/Minimum,2,5.12,2.56,5.12,2.56,0.0005466858504995716,0.9876824844309323,0.0,0.0
78,Device,Sum,categorical_crossentropy/weighted_loss/Sum,2,5.12,2.56,5.12,2.56,0.0005466858504995716,0.9882291702814319,0.0,0.0
79,Device,Cast,categorical_crossentropy/weighted_loss/num_elements/Cast,2,5.12,2.56,5.12,2.56,0.0005466858504995716,0.9887758561319314,0.0,0.0
80,Device,DivNoNan,categorical_crossentropy/weighted_loss/value,2,5.12,2.56,5.12,2.56,0.0005466858504995716,0.989322541982431,0.0,0.0
81,Device,DivNoNan,div_no_nan_1,2,5.12,2.56,5.12,2.56,0.0005466858504995716,0.9898692278329305,0.0,0.0
82,Device,BroadcastTo,gradient_tape/categorical_crossentropy/BroadcastTo,2,5.12,2.56,5.12,2.56,0.0005466858504995716,0.9904159136834301,0.0,0.0
83,Device,Reciprocal,gradient_tape/categorical_crossentropy/Reciprocal,2,5.12,2.56,5.12,2.56,0.0005466858504995716,0.9909625995339296,0.0,0.0
84,Device,GreaterEqual,gradient_tape/categorical_crossentropy/clip_by_value/GreaterEqual,2,5.12,2.56,5.12,2.56,0.0005466858504995716,0.9915092853844292,0.0,0.0
85,Device,LessEqual,gradient_tape/categorical_crossentropy/clip_by_value/LessEqual,2,5.12,2.56,5.12,2.56,0.0005466858504995716,0.9920559712349287,0.0,0.0
86,Device,SelectV2,gradient_tape/categorical_crossentropy/clip_by_value/SelectV2,2,5.12,2.56,5.12,2.56,0.0005466858504995716,0.9926026570854283,0.0,0.0
87,Device,ZerosLike,gradient_tape/categorical_crossentropy/clip_by_value/zeros_like,2,5.12,2.56,5.12,2.56,0.0005466858504995716,0.9931493429359278,0.0,0.0
88,Device,Neg,gradient_tape/categorical_crossentropy/truediv/Neg,2,5.12,2.56,5.12,2.56,0.0005466858504995716,0.9936960287864274,0.0,0.0
89,Device,Sum,gradient_tape/categorical_crossentropy/truediv/Sum_1,2,5.12,2.56,5.12,2.56,0.0005466858504995716,0.9942427146369269,0.0,0.0
90,Device,Mul,gradient_tape/categorical_crossentropy/truediv/mul,2,5.12,2.56,5.12,2.56,0.0005466858504995716,0.9947894004874265,0.0,0.0
91,Device,Relu,sequential/dense/Relu,2,5.12,2.56,5.12,2.56,0.0005466858504995716,0.995336086337926,0.0,0.0
92,Device,AssignAddVariableOp,AssignAddVariableOp_1,2,4.096,2.048,4.096,2.048,0.0004373486803996573,0.9957734350183257,0.0,0.0
93,Device,AssignAddVariableOp,AssignAddVariableOp_2,2,4.096,2.048,4.096,2.048,0.0004373486803996573,0.9962107836987254,0.0,0.0
94,Device,Neg,categorical_crossentropy/Neg,2,4.096,2.048,4.096,2.048,0.0004373486803996573,0.9966481323791251,0.0,0.0
95,Device,DivNoNan,div_no_nan,2,4.096,2.048,4.096,2.048,0.0004373486803996573,0.9970854810595248,0.0,0.0
96,Device,BroadcastTo,gradient_tape/categorical_crossentropy/BroadcastTo_1,2,4.096,2.048,4.096,2.048,0.0004373486803996573,0.9975228297399245,0.0,0.0
97,Device,_Recv,strided_slice/_12,2,3.904,1.952,3.904,1.952,0.0004168479610059233,0.9979396777009304,0.0,0.0
98,Device,_HostRecv,gradient_tape/categorical_crossentropy/DynamicStitch/_22,2,3.52,1.76,3.52,1.76,0.0003758465222184555,0.9983155242231488,0.0,0.0
99,Device,_Recv,gradient_tape/categorical_crossentropy/ones/_18,2,3.488,1.744,3.488,1.744,0.00037242973565283316,0.9986879539588017,0.0,0.0
100,Device,_Send,IteratorGetNext/_3,2,3.072,1.536,3.072,1.536,0.00032801151029974296,0.9990159654691014,0.0,0.0
101,Device,LogicalAnd,LogicalAnd,1,3.072,3.072,3.072,3.072,0.00032801151029974296,0.9993439769794011,0.0,0.0
102,Device,_Recv,Size/_14,2,2.048,1.024,2.048,1.024,0.00021867434019982865,0.999562651319601,0.0,0.0
103,Device,_Recv,categorical_crossentropy/weighted_loss/num_elements/_20,2,2.048,1.024,2.048,1.024,0.00021867434019982865,0.9997813256598008,0.0,0.0
104,Device,_Recv,gradient_tape/categorical_crossentropy/Shape/_16,2,2.048,1.024,2.048,1.024,0.00021867434019982865,1.0000000000000007,0.0,0.0
105,Host,IDLE,IDLE,0,38215.43,0.0,38215.43,0.0,0.0,0.0,0.9507446188372993,0.9507446188372993
106,Host,_Send,IteratorGetNext/_6,2,564.677,282.3385,564.677,282.3385,0.0,0.0,0.01404834694078255,0.9647929657780818
107,Host,_Send,IteratorGetNext/_1,2,450.495,225.2475,450.495,225.2475,0.0,0.0,0.011207663947863707,0.9760006297259455
108,Host,_Send,IteratorGetNext/_3,2,404.175,202.0875,404.175,202.0875,0.0,0.0,0.010055289350886945,0.9860559190768324
109,Host,GatherV2,GatherV2,2,179.522,89.761,179.522,89.761,0.0,0.0,0.004466247676996167,0.9905221667538286
110,Host,IteratorGetNext,IteratorGetNext,2,50.85,25.425,50.85,25.425,0.0,0.0,0.001265074444219957,0.9917872411980486
111,Host,Dataset,Iterator::Root::ParallelMapV2::Zip[1]::ForeverRepeat,2,47.421,23.7105,44.551,22.2755,0.0,0.0,0.0011083644358789245,0.9928956056339275
112,Host,Dataset,Iterator::Root::ParallelMapV2,2,43.301,21.6505,43.301,21.6505,0.0,0.0,0.001077266244034776,0.9939728718779623
113,Host,Dataset,Iterator::Root::ParallelMapV2::Zip[0]::FlatMap[1]::Concatenate,2,62.34,31.17,42.3,21.15,0.0,0.0,0.0010523628120059818,0.9950252346899683
114,Host,FlushSummaryWriter,FlushSummaryWriter,1,36.78,36.78,36.78,36.78,0.0,0.0,0.0009150331968222226,0.9959402678867905
115,Host,LogicalAnd,LogicalAnd,1,31.51,31.51,31.51,31.51,0.0,0.0,0.0007839232200072929,0.9967241911067978
116,Host,Dataset,Iterator::Root,2,69.381,34.6905,26.08,13.04,0.0,0.0,0.0006488326746363122,0.9973730237814341
117,Host,GatherV2,GatherV2_1,2,25.501,12.7505,25.501,12.7505,0.0,0.0,0.0006344279921741028,0.9980074517736082
118,Host,Dataset,Iterator::Root::ParallelMapV2::Zip[0]::FlatMap[1]::Concatenate[0]::TensorSlice,2,20.04,10.02,20.04,10.02,0.0,0.0,0.0004985662116453872,0.9985060179852535
119,Host,WriteSummary,WriteSummary,1,19.84,19.84,19.84,19.84,0.0,0.0,0.0004935905009503235,0.9989996084862038
120,Host,_HostSend,gradient_tape/categorical_crossentropy/mul/Shape/_9,2,14.4,7.2,14.4,7.2,0.0,0.0,0.0003582511700445896,0.9993578596562485
121,Host,Dataset,Iterator::Root::ParallelMapV2::Zip,2,122.562,61.281,9.44,4.72,0.0,0.0,0.0002348535448070087,0.9995927132010555
122,Host,ReadVariableOp,ReadVariableOp,1,7.25,7.25,7.25,7.25,0.0,0.0,0.00018036951269606073,0.9997730827137515
123,Host,Dataset,Iterator::Root::ParallelMapV2::Zip[0]::FlatMap,2,65.701,32.8505,3.361,1.6805,0.0,0.0,8.361681823054623e-05,0.9998566995319821
124,Host,Identity,Identity,2,2.89,1.445,2.89,1.445,0.0,0.0,7.189901954367111e-05,0.9999285985515257
125,Host,Dataset,Iterator::Root::ParallelMapV2::Zip[1]::ForeverRepeat::FromTensor,4,2.87,0.7175,2.87,0.7175,0.0,0.0,7.140144847416474e-05,0.9999999999999999
