Rank,Host/device,Type,Operation,#Occurrences,Total time (us),Avg. time (us),Total self-time (us),Avg. self-time (us),Total self-time on Device (%),Cumulative total-self time on Device (%),Total self-time on Host (%),Cumulative total-self time on Host (%)
1,Device,IDLE,IDLE,0,31748.809,0.0,31748.809,0.0,0.3396250403179463,0.3396250403179463,0.0,0.0
2,Device,Conv2DBackpropInput,gradient_tape/model/conv2d_46/Conv2D/Conv2DBackpropInput,4,872.45,218.1125,872.45,218.1125,0.00933281832478794,0.34895785864273426,0.0,0.0
3,Device,Conv2DBackpropFilter,gradient_tape/model/conv2d_44/Conv2D/Conv2DBackpropFilter,2,657.41,328.705,657.41,328.705,0.007032481053239542,0.3559903396959738,0.0,0.0
4,Device,Conv2DBackpropFilter,gradient_tape/model/conv2d_48/Conv2D/Conv2DBackpropFilter,2,651.265,325.6325,651.265,325.6325,0.006966746433942366,0.3629570861299162,0.0,0.0
5,Device,Conv2DBackpropFilter,gradient_tape/model/conv2d_51/Conv2D/Conv2DBackpropFilter,2,650.242,325.121,650.242,325.121,0.00695580314418793,0.3699128892741041,0.0,0.0
6,Device,Conv2DBackpropInput,gradient_tape/model/conv2d_51/Conv2D/Conv2DBackpropInput,4,579.585,144.89625,579.585,144.89625,0.006199967343426234,0.37611285661753036,0.0,0.0
7,Device,Conv2DBackpropInput,gradient_tape/model/conv2d_44/Conv2D/Conv2DBackpropInput,4,578.561,144.64025,578.561,144.64025,0.006189013356418861,0.3823018699739492,0.0,0.0
8,Device,Conv2DBackpropInput,gradient_tape/model/conv2d_48/Conv2D/Conv2DBackpropInput,4,577.538,144.3845,577.538,144.3845,0.006178070066664425,0.38847994004061365,0.0,0.0
9,Device,Conv2DBackpropInput,gradient_tape/model/conv2d_27/Conv2D/Conv2DBackpropInput,4,572.417,143.10425,572.417,143.10425,0.006123289434374621,0.39460322947498827,0.0,0.0
10,Device,_Recv,IteratorGetNext/_2,2,570.625,285.3125,570.625,285.3125,0.006104119957111718,0.4007073494321,0.0,0.0
11,Device,Conv2D,model/conv2d_46/Conv2D,2,515.072,257.536,515.072,257.536,0.0055098554647087785,0.4062172048968088,0.0,0.0
12,Device,Conv2DBackpropFilter,gradient_tape/model/conv2d_14/Conv2D/Conv2DBackpropFilter,4,494.593,123.64825,494.593,123.64825,0.005290786421814249,0.41150799131862303,0.0,0.0
13,Device,Conv2D,model/conv2d_44/Conv2D,4,431.106,107.7765,431.106,107.7765,0.00461164992461004,0.4161196412432331,0.0,0.0
14,Device,Conv2D,model/conv2d_51/Conv2D,4,431.105,107.77625,431.105,107.77625,0.0046116392273571035,0.42073128047059016,0.0,0.0
15,Device,Conv2D,model/conv2d_48/Conv2D,4,430.082,107.5205,430.082,107.5205,0.004600695937602667,0.4253319764081928,0.0,0.0
16,Device,Conv2DBackpropInput,gradient_tape/model/conv2d_14/Conv2D/Conv2DBackpropInput,2,414.722,207.361,414.722,207.361,0.004436386132492066,0.4297683625406849,0.0,0.0
17,Device,Conv2DBackpropInput,gradient_tape/model/conv2d_45/Conv2D/Conv2DBackpropInput,4,402.433,100.60825,402.433,100.60825,0.00430492759115065,0.43407329013183554,0.0,0.0
18,Device,Conv2DBackpropInput,gradient_tape/model/conv2d_49/Conv2D/Conv2DBackpropInput,4,397.312,99.328,397.312,99.328,0.004250146958860847,0.4383234370906964,0.0,0.0
19,Device,Conv2DBackpropInput,gradient_tape/model/conv2d_52/Conv2D/Conv2DBackpropInput,4,396.289,99.07225,396.289,99.07225,0.0042392036691064105,0.4425626407598028,0.0,0.0
20,Device,Conv2D,model/conv2d_47/Conv2D,4,396.288,99.072,396.288,99.072,0.004239192971853474,0.4468018337316563,0.0,0.0
21,Device,Conv2D,model/conv2d_50/Conv2D,4,395.265,98.81625,395.265,98.81625,0.004228249682099037,0.45103008341375533,0.0,0.0
22,Device,FusedBatchNormGradV3,gradient_tape/model/batch_normalization_6/FusedBatchNormGradV3,2,391.168,195.584,391.168,195.584,0.004184423036816607,0.45521450645057193,0.0,0.0
23,Device,FusedBatchNormGradV3,gradient_tape/model/batch_normalization_9/FusedBatchNormGradV3,2,390.146,195.073,390.146,195.073,0.0041734904443151075,0.459387996894887,0.0,0.0
24,Device,FusedBatchNormGradV3,gradient_tape/model/batch_normalization_3/FusedBatchNormGradV3,2,388.096,194.048,388.096,194.048,0.004151561075794487,0.4635395579706815,0.0,0.0
25,Device,FusedBatchNormGradV3,gradient_tape/model/batch_normalization/FusedBatchNormGradV3,2,371.712,185.856,371.712,185.856,0.003976297283676514,0.467515855254358,0.0,0.0
26,Device,Conv2DBackpropFilter,gradient_tape/model/conv2d_20/Conv2D/Conv2DBackpropFilter,2,356.354,178.177,356.354,178.177,0.0038120088730717876,0.47132786412742983,0.0,0.0
27,Device,Conv2DBackpropFilter,gradient_tape/model/conv2d_13/Conv2D/Conv2DBackpropFilter,2,356.352,178.176,356.352,178.176,0.003811987478565914,0.47513985160599576,0.0,0.0
28,Device,Conv2DBackpropFilter,gradient_tape/model/conv2d_17/Conv2D/Conv2DBackpropFilter,2,355.328,177.664,355.328,177.664,0.0038010334915585405,0.4789408850975543,0.0,0.0
29,Device,Conv2DBackpropFilter,gradient_tape/model/conv2d_23/Conv2D/Conv2DBackpropFilter,2,354.305,177.1525,354.305,177.1525,0.0037900902018041045,0.4827309752993584,0.0,0.0
30,Device,Conv2DBackpropFilter,gradient_tape/model/conv2d/Conv2D/Conv2DBackpropFilter,2,330.752,165.376,330.752,165.376,0.0035381378033815815,0.48626911310273996,0.0,0.0
31,Device,Conv2DBackpropFilter,gradient_tape/model/conv2d_46/Conv2D/Conv2DBackpropFilter,2,303.105,151.5525,303.105,151.5525,0.0032423908514354386,0.4895115039541754,0.0,0.0
32,Device,Conv2DBackpropFilter,gradient_tape/model/conv2d_8/Conv2D/Conv2DBackpropFilter,2,300.032,150.016,300.032,150.016,0.0032095181931603815,0.4927210221473358,0.0,0.0
33,Device,Conv2DBackpropFilter,gradient_tape/model/conv2d_5/Conv2D/Conv2DBackpropFilter,2,299.008,149.504,299.008,149.504,0.0031985642061530084,0.4959195863534888,0.0,0.0
34,Device,Conv2DBackpropInput,gradient_tape/model/conv2d_47/Conv2D/Conv2DBackpropInput,4,288.769,72.19225,288.769,72.19225,0.0030890350333322124,0.499008621386821,0.0,0.0
35,Device,Conv2DBackpropInput,gradient_tape/model/conv2d_43/Conv2D/Conv2DBackpropInput,4,287.745,71.93625,287.745,71.93625,0.003078081046324839,0.5020867024331458,0.0,0.0
36,Device,Conv2DBackpropInput,gradient_tape/model/conv2d_50/Conv2D/Conv2DBackpropInput,4,286.72,71.68,286.72,71.68,0.003067116362064529,0.5051538187952104,0.0,0.0
37,Device,Conv2D,model/conv2d/Conv2D,2,285.696,142.848,285.696,142.848,0.0030561623750571558,0.5082099811702675,0.0,0.0
38,Device,Conv2DBackpropFilter,gradient_tape/model/conv2d_27/Conv2D/Conv2DBackpropFilter,4,280.577,70.14425,280.577,70.14425,0.0030014031372732255,0.5112113843075408,0.0,0.0
39,Device,Conv2D,model/conv2d_45/Conv2D,2,272.384,136.192,272.384,136.192,0.0029137605439613023,0.5141251448515021,0.0,0.0
40,Device,Conv2D,model/conv2d_49/Conv2D,2,272.384,136.192,272.384,136.192,0.0029137605439613023,0.5170389053954634,0.0,0.0
41,Device,Conv2D,model/conv2d_52/Conv2D,2,270.336,135.168,270.336,135.168,0.0028918525699465555,0.5199307579654099,0.0,0.0
42,Device,Conv2DBackpropFilter,gradient_tape/model/conv2d_2/Conv2D/Conv2DBackpropFilter,2,268.288,134.144,268.288,134.144,0.0028699445959318092,0.5228007025613417,0.0,0.0
43,Device,Conv2DBackpropFilter,gradient_tape/model/conv2d_9/Conv2D/Conv2DBackpropFilter,2,268.288,134.144,268.288,134.144,0.0028699445959318092,0.5256706471572735,0.0,0.0
44,Device,Conv2DBackpropFilter,gradient_tape/model/conv2d_6/Conv2D/Conv2DBackpropFilter,2,267.266,133.633,267.266,133.633,0.0028590120034303096,0.5285296591607038,0.0,0.0
45,Device,FusedBatchNormV3,model/batch_normalization_6/FusedBatchNormV3,4,264.194,66.0485,264.194,66.0485,0.0028261500424081897,0.531355809203112,0.0,0.0
46,Device,FusedBatchNormV3,model/batch_normalization_3/FusedBatchNormV3,4,263.168,65.792,263.168,65.792,0.0028151746608949422,0.534170983864007,0.0,0.0
47,Device,Conv2DBackpropFilter,gradient_tape/model/conv2d_7/Conv2D/Conv2DBackpropFilter,2,260.098,130.049,260.098,130.049,0.0027823340943786963,0.5369533179583856,0.0,0.0
48,Device,FusedBatchNormV3,model/batch_normalization_9/FusedBatchNormV3,4,260.098,65.0245,260.098,65.0245,0.0027823340943786963,0.5397356520527643,0.0,0.0
49,Device,Conv2DBackpropFilter,gradient_tape/model/conv2d_4/Conv2D/Conv2DBackpropFilter,2,254.976,127.488,254.976,127.488,0.0027275427648359558,0.5424631948176003,0.0,0.0
50,Device,Conv2D,model/conv2d_43/Conv2D,4,254.976,63.744,254.976,63.744,0.0027275427648359558,0.5451907375824363,0.0,0.0
51,Device,Conv2DBackpropFilter,gradient_tape/model/conv2d_10/Conv2D/Conv2DBackpropFilter,2,253.952,126.976,253.952,126.976,0.0027165887778285826,0.5479073263602648,0.0,0.0
52,Device,Conv2DBackpropFilter,gradient_tape/model/conv2d_3/Conv2D/Conv2DBackpropFilter,2,252.928,126.464,252.928,126.464,0.002705634790821209,0.550612961151086,0.0,0.0
53,Device,Conv2DBackpropInput,gradient_tape/model/conv2d_24/Conv2D/Conv2DBackpropInput,4,251.904,62.976,251.904,62.976,0.002694680803813836,0.5533076419548999,0.0,0.0
54,Device,Conv2D,model/conv2d_14/Conv2D,2,225.28,112.64,225.28,112.64,0.0024098771416221298,0.555717519096522,0.0,0.0
55,Device,Conv2DBackpropInput,gradient_tape/model/conv2d_11/Conv2D/Conv2DBackpropInput,2,224.256,112.128,224.256,112.128,0.002398923154614756,0.5581164422511368,0.0,0.0
56,Device,FusedBatchNormV3,model/batch_normalization/FusedBatchNormV3,4,223.232,55.808,223.232,55.808,0.002387969167607383,0.5605044114187442,0.0,0.0
57,Device,ReluGrad,gradient_tape/model/activation_6/ReluGrad,2,218.114,109.057,218.114,109.057,0.0023332206270763904,0.5628376320458206,0.0,0.0
58,Device,Conv2D,model/conv2d_27/Conv2D,2,218.114,109.057,218.114,109.057,0.0023332206270763904,0.565170852672897,0.0,0.0
59,Device,ReluGrad,gradient_tape/model/activation_3/ReluGrad,2,218.112,109.056,218.112,109.056,0.0023331992325705164,0.5675040519054675,0.0,0.0
60,Device,ReluGrad,gradient_tape/model/activation/ReluGrad,2,214.018,107.009,214.018,107.009,0.002289404679046897,0.5697934565845144,0.0,0.0
61,Device,AddN,SGD/gradients/AddN_14,2,212.994,106.497,212.994,106.497,0.002278450692039524,0.5720719072765539,0.0,0.0
62,Device,Conv2DBackpropFilter,gradient_tape/model/conv2d_11/Conv2D/Conv2DBackpropFilter,2,212.992,106.496,212.992,106.496,0.00227842929753365,0.5743503365740875,0.0,0.0
63,Device,AddV2,model/add/add,2,211.97,105.985,211.97,105.985,0.00226749670503215,0.5766178332791196,0.0,0.0
64,Device,AddN,SGD/gradients/AddN_12,2,211.968,105.984,211.968,105.984,0.0022674753105262763,0.5788853085896459,0.0,0.0
65,Device,ReluGrad,gradient_tape/model/activation_9/ReluGrad,2,211.968,105.984,211.968,105.984,0.0022674753105262763,0.5811527839001722,0.0,0.0
66,Device,AddV2,model/add_2/add,2,211.968,105.984,211.968,105.984,0.0022674753105262763,0.5834202592106985,0.0,0.0
67,Device,AddN,SGD/gradients/AddN_13,2,210.944,105.472,210.944,105.472,0.002256521323518903,0.5856767805342175,0.0,0.0
68,Device,AddV2,model/add_1/add,2,210.944,105.472,210.944,105.472,0.002256521323518903,0.5879333018577364,0.0,0.0
69,Device,Conv2DBackpropFilter,gradient_tape/model/conv2d_24/Conv2D/Conv2DBackpropFilter,2,201.729,100.8645,201.729,100.8645,0.0021579461377054803,0.5900912479954419,0.0,0.0
70,Device,Conv2DBackpropInput,gradient_tape/model/conv2d_25/Conv2D/Conv2DBackpropInput,4,201.728,50.432,201.728,50.432,0.0021579354404525435,0.5922491834358944,0.0,0.0
71,Device,Conv2DBackpropInput,gradient_tape/model/conv2d_41/Conv2D/Conv2DBackpropInput,4,200.704,50.176,200.704,50.176,0.00214698145344517,0.5943961648893396,0.0,0.0
72,Device,Conv2D,model/conv2d_25/Conv2D,4,199.68,49.92,199.68,49.92,0.002136027466437797,0.5965321923557774,0.0,0.0
73,Device,Conv2D,model/conv2d_6/Conv2D,2,198.658,99.329,198.658,99.329,0.002125094873936297,0.5986572872297137,0.0,0.0
74,Device,Conv2DBackpropInput,gradient_tape/model/conv2d_29/Conv2D/Conv2DBackpropInput,4,198.657,49.66425,198.657,49.66425,0.0021250841766833604,0.600782371406397,0.0,0.0
75,Device,Conv2DBackpropInput,gradient_tape/model/conv2d_32/Conv2D/Conv2DBackpropInput,4,198.657,49.66425,198.657,49.66425,0.0021250841766833604,0.6029074555830803,0.0,0.0
76,Device,Conv2D,model/conv2d_2/Conv2D,2,198.657,99.3285,198.657,99.3285,0.0021250841766833604,0.6050325397597637,0.0,0.0
77,Device,Conv2DBackpropInput,gradient_tape/model/conv2d_38/Conv2D/Conv2DBackpropInput,4,197.633,49.40825,197.633,49.40825,0.0021141301896759872,0.6071466699494397,0.0,0.0
78,Device,Conv2DBackpropInput,gradient_tape/model/conv2d_35/Conv2D/Conv2DBackpropInput,4,197.632,49.408,197.632,49.408,0.00211411949242305,0.6092607894418627,0.0,0.0
79,Device,Conv2D,model/conv2d_29/Conv2D,4,197.632,49.408,197.632,49.408,0.00211411949242305,0.6113749089342857,0.0,0.0
80,Device,Conv2D,model/conv2d_9/Conv2D,2,197.632,98.816,197.632,98.816,0.00211411949242305,0.6134890284267087,0.0,0.0
81,Device,Conv2D,model/conv2d_38/Conv2D,4,196.608,49.152,196.608,49.152,0.002103165505415677,0.6155921939321244,0.0,0.0
82,Device,Conv2D,model/conv2d_32/Conv2D,4,195.584,48.896,195.584,48.896,0.0020922115184083033,0.6176844054505327,0.0,0.0
83,Device,Conv2D,model/conv2d_35/Conv2D,4,194.56,48.64,194.56,48.64,0.00208125753140093,0.6197656629819337,0.0,0.0
84,Device,Conv2D,model/conv2d_41/Conv2D,4,193.536,48.384,193.536,48.384,0.002070303544393557,0.6218359665263272,0.0,0.0
85,Device,Conv2DBackpropInput,gradient_tape/model/conv2d_2/Conv2D/Conv2DBackpropInput,4,190.464,47.616,190.464,47.616,0.0020374415833714367,0.6238734081096987,0.0,0.0
86,Device,Conv2D,model/conv2d_28/Conv2D,4,190.464,47.616,190.464,47.616,0.0020374415833714367,0.6259108496930702,0.0,0.0
87,Device,Conv2D,model/conv2d_37/Conv2D,4,188.416,47.104,188.416,47.104,0.00201553360935669,0.6279263833024269,0.0,0.0
88,Device,Conv2D,model/conv2d_40/Conv2D,4,188.416,47.104,188.416,47.104,0.00201553360935669,0.6299419169117836,0.0,0.0
89,Device,Conv2DBackpropInput,gradient_tape/model/conv2d_26/Conv2D/Conv2DBackpropInput,4,187.393,46.84825,187.393,46.84825,0.0020045903196022536,0.6319465072313858,0.0,0.0
90,Device,Conv2DBackpropFilter,gradient_tape/model/conv2d_35/Conv2D/Conv2DBackpropFilter,4,187.393,46.84825,187.393,46.84825,0.0020045903196022536,0.633951097550988,0.0,0.0
91,Device,Conv2DBackpropFilter,gradient_tape/model/conv2d_25/Conv2D/Conv2DBackpropFilter,4,187.392,46.848,187.392,46.848,0.002004579622349317,0.6359556771733373,0.0,0.0
92,Device,Conv2DBackpropInput,gradient_tape/model/conv2d_33/Conv2D/Conv2DBackpropInput,4,187.392,46.848,187.392,46.848,0.002004579622349317,0.6379602567956867,0.0,0.0
93,Device,Conv2DBackpropFilter,gradient_tape/model/conv2d_18/Conv2D/Conv2DBackpropFilter,4,186.369,46.59225,186.369,46.59225,0.0019936363325948805,0.6399538931282815,0.0,0.0
94,Device,Conv2DBackpropFilter,gradient_tape/model/conv2d_21/Conv2D/Conv2DBackpropFilter,4,186.369,46.59225,186.369,46.59225,0.0019936363325948805,0.6419475294608764,0.0,0.0
95,Device,Conv2DBackpropInput,gradient_tape/model/conv2d_30/Conv2D/Conv2DBackpropInput,4,186.369,46.59225,186.369,46.59225,0.0019936363325948805,0.6439411657934713,0.0,0.0
96,Device,Conv2DBackpropFilter,gradient_tape/model/conv2d_22/Conv2D/Conv2DBackpropFilter,2,186.368,93.184,186.368,93.184,0.0019936256353419437,0.6459347914288132,0.0,0.0
97,Device,Conv2DBackpropFilter,gradient_tape/model/conv2d_29/Conv2D/Conv2DBackpropFilter,4,186.368,46.592,186.368,46.592,0.0019936256353419437,0.647928417064155,0.0,0.0
98,Device,Conv2DBackpropInput,gradient_tape/model/conv2d_36/Conv2D/Conv2DBackpropInput,4,186.368,46.592,186.368,46.592,0.0019936256353419437,0.6499220426994969,0.0,0.0
99,Device,Conv2DBackpropFilter,gradient_tape/model/conv2d_38/Conv2D/Conv2DBackpropFilter,4,186.368,46.592,186.368,46.592,0.0019936256353419437,0.6519156683348388,0.0,0.0
100,Device,Conv2D,model/conv2d_31/Conv2D,4,186.368,46.592,186.368,46.592,0.0019936256353419437,0.6539092939701807,0.0,0.0
101,Device,Conv2D,model/conv2d_34/Conv2D,4,186.368,46.592,186.368,46.592,0.0019936256353419437,0.6559029196055226,0.0,0.0
102,Device,Conv2DBackpropFilter,gradient_tape/model/conv2d_32/Conv2D/Conv2DBackpropFilter,4,185.345,46.33625,185.345,46.33625,0.0019826823455875073,0.6578856019511101,0.0,0.0
103,Device,Conv2DBackpropFilter,gradient_tape/model/conv2d_15/Conv2D/Conv2DBackpropFilter,4,185.344,46.336,185.344,46.336,0.00198267164833457,0.6598682735994447,0.0,0.0
104,Device,Conv2DBackpropInput,gradient_tape/model/conv2d_42/Conv2D/Conv2DBackpropInput,4,185.344,46.336,185.344,46.336,0.00198267164833457,0.6618509452477792,0.0,0.0
105,Device,Conv2DBackpropInput,gradient_tape/model/conv2d_39/Conv2D/Conv2DBackpropInput,4,184.32,46.08,184.32,46.08,0.001971717661327197,0.6638226629091064,0.0,0.0
106,Device,Conv2DBackpropFilter,gradient_tape/model/conv2d_41/Conv2D/Conv2DBackpropFilter,4,184.32,46.08,184.32,46.08,0.001971717661327197,0.6657943805704336,0.0,0.0
107,Device,Conv2DBackpropFilter,gradient_tape/model/conv2d_16/Conv2D/Conv2DBackpropFilter,2,182.273,91.1365,182.273,91.1365,0.0019498203845653872,0.667744200954999,0.0,0.0
108,Device,Conv2DBackpropFilter,gradient_tape/model/conv2d_12/Conv2D/Conv2DBackpropFilter,2,182.272,91.136,182.272,91.136,0.0019498096873124503,0.6696940106423114,0.0,0.0
109,Device,Conv2DBackpropFilter,gradient_tape/model/conv2d_19/Conv2D/Conv2DBackpropFilter,2,181.249,90.6245,181.249,90.6245,0.0019388663975580139,0.6716328770398694,0.0,0.0
110,Device,Conv2DBackpropInput,gradient_tape/model/conv2d_9/Conv2D/Conv2DBackpropInput,4,178.178,44.5445,178.178,44.5445,0.0019060151337888308,0.6735388921736583,0.0,0.0
111,Device,Conv2DBackpropInput,gradient_tape/model/conv2d_6/Conv2D/Conv2DBackpropInput,4,178.176,44.544,178.176,44.544,0.001905993739282957,0.6754448859129412,0.0,0.0
112,Device,Conv2DBackpropFilter,gradient_tape/model/conv2d_52/Conv2D/Conv2DBackpropFilter,2,168.961,84.4805,168.961,84.4805,0.0018074185534695342,0.6772523044664107,0.0,0.0
113,Device,Conv2DBackpropFilter,gradient_tape/model/conv2d_36/Conv2D/Conv2DBackpropFilter,4,168.96,42.24,168.96,42.24,0.0018074078562165972,0.6790597123226273,0.0,0.0
114,Device,MaxPoolGrad,gradient_tape/model/max_pooling2d/MaxPool/MaxPoolGrad,2,168.96,84.48,168.96,84.48,0.0018074078562165972,0.6808671201788439,0.0,0.0
115,Device,Conv2DBackpropFilter,gradient_tape/model/conv2d_33/Conv2D/Conv2DBackpropFilter,4,165.889,41.47225,165.889,41.47225,0.0017745565924474143,0.6826416767712913,0.0,0.0
116,Device,Conv2D,model/conv2d_16/Conv2D,2,165.889,82.9445,165.889,82.9445,0.0017745565924474143,0.6844162333637387,0.0,0.0
117,Device,Conv2DBackpropFilter,gradient_tape/model/conv2d_30/Conv2D/Conv2DBackpropFilter,4,165.888,41.472,165.888,41.472,0.0017745458951944773,0.6861907792589331,0.0,0.0
118,Device,Conv2DBackpropFilter,gradient_tape/model/conv2d_39/Conv2D/Conv2DBackpropFilter,4,165.888,41.472,165.888,41.472,0.0017745458951944773,0.6879653251541276,0.0,0.0
119,Device,Conv2DBackpropFilter,gradient_tape/model/conv2d_42/Conv2D/Conv2DBackpropFilter,4,164.865,41.21625,164.865,41.21625,0.001763602605440041,0.6897289277595676,0.0,0.0
120,Device,Conv2DBackpropFilter,gradient_tape/model/conv2d_26/Conv2D/Conv2DBackpropFilter,4,164.864,41.216,164.864,41.216,0.001763591908187104,0.6914925196677547,0.0,0.0
121,Device,Conv2DBackpropFilter,gradient_tape/model/conv2d_45/Conv2D/Conv2DBackpropFilter,2,164.864,82.432,164.864,82.432,0.001763591908187104,0.6932561115759418,0.0,0.0
122,Device,Conv2D,model/conv2d_19/Conv2D,2,163.842,81.921,163.842,81.921,0.0017526593156856046,0.6950087708916274,0.0,0.0
123,Device,Conv2DBackpropFilter,gradient_tape/model/conv2d_49/Conv2D/Conv2DBackpropFilter,2,163.84,81.92,163.84,81.92,0.0017526379211797306,0.6967614088128071,0.0,0.0
124,Device,Conv2D,model/conv2d_12/Conv2D,2,163.84,81.92,163.84,81.92,0.0017526379211797306,0.6985140467339869,0.0,0.0
125,Device,Conv2D,model/conv2d_22/Conv2D,2,163.84,81.92,163.84,81.92,0.0017526379211797306,0.7002666846551666,0.0,0.0
126,Device,Conv2DBackpropFilter,gradient_tape/model/conv2d_50/Conv2D/Conv2DBackpropFilter,2,161.793,80.8965,161.793,80.8965,0.001730740644417921,0.7019974252995845,0.0,0.0
127,Device,Conv2DBackpropFilter,gradient_tape/model/conv2d_47/Conv2D/Conv2DBackpropFilter,2,160.768,80.384,160.768,80.384,0.0017197759601576107,0.7037172012597421,0.0,0.0
128,Device,Conv2DBackpropInput,gradient_tape/model/conv2d_5/Conv2D/Conv2DBackpropInput,2,159.746,79.873,159.746,79.873,0.0017088433676561113,0.7054260446273982,0.0,0.0
129,Device,Conv2DBackpropInput,gradient_tape/model/conv2d_8/Conv2D/Conv2DBackpropInput,2,159.744,79.872,159.744,79.872,0.0017088219731502374,0.7071348666005485,0.0,0.0
130,Device,Conv2DBackpropFilter,gradient_tape/model/conv2d_31/Conv2D/Conv2DBackpropFilter,2,155.648,77.824,155.648,77.824,0.0016650060251207442,0.7087998726256692,0.0,0.0
131,Device,Conv2DBackpropInput,gradient_tape/model/conv2d_16/Conv2D/Conv2DBackpropInput,4,154.624,38.656,154.624,38.656,0.0016540520381133708,0.7104539246637827,0.0,0.0
132,Device,Conv2DBackpropInput,gradient_tape/model/conv2d_22/Conv2D/Conv2DBackpropInput,4,154.624,38.656,154.624,38.656,0.0016540520381133708,0.7121079767018961,0.0,0.0
133,Device,Conv2DBackpropFilter,gradient_tape/model/conv2d_28/Conv2D/Conv2DBackpropFilter,2,152.577,76.2885,152.577,76.2885,0.001632154761351561,0.7137401314632477,0.0,0.0
134,Device,Conv2DBackpropInput,gradient_tape/model/conv2d_19/Conv2D/Conv2DBackpropInput,4,152.576,38.144,152.576,38.144,0.001632144064098624,0.7153722755273463,0.0,0.0
135,Device,Conv2DBackpropFilter,gradient_tape/model/conv2d_34/Conv2D/Conv2DBackpropFilter,2,152.576,76.288,152.576,76.288,0.001632144064098624,0.7170044195914449,0.0,0.0
136,Device,Conv2DBackpropFilter,gradient_tape/model/conv2d_40/Conv2D/Conv2DBackpropFilter,2,152.576,76.288,152.576,76.288,0.001632144064098624,0.7186365636555435,0.0,0.0
137,Device,Conv2DBackpropFilter,gradient_tape/model/conv2d_37/Conv2D/Conv2DBackpropFilter,2,151.552,75.776,151.552,75.776,0.0016211900770912507,0.7202577537326348,0.0,0.0
138,Device,BiasAdd,model/conv2d_4/BiasAdd,2,150.528,75.264,150.528,75.264,0.0016102360900838773,0.7218679898227187,0.0,0.0
139,Device,Conv2DBackpropInput,gradient_tape/model/conv2d_12/Conv2D/Conv2DBackpropInput,4,149.504,37.376,149.504,37.376,0.0015992821030765042,0.7234672719257952,0.0,0.0
140,Device,BiasAdd,model/conv2d/BiasAdd,2,148.48,74.24,148.48,74.24,0.0015883281160691308,0.7250556000418643,0.0,0.0
141,Device,BiasAdd,model/conv2d_10/BiasAdd,2,148.48,74.24,148.48,74.24,0.0015883281160691308,0.7266439281579334,0.0,0.0
142,Device,BiasAdd,model/conv2d_3/BiasAdd,2,148.48,74.24,148.48,74.24,0.0015883281160691308,0.7282322562740026,0.0,0.0
143,Device,BiasAdd,model/conv2d_7/BiasAdd,2,147.456,73.728,147.456,73.728,0.0015773741290617575,0.7298096304030643,0.0,0.0
144,Device,Conv2DBackpropInput,gradient_tape/model/conv2d_40/Conv2D/Conv2DBackpropInput,2,145.409,72.7045,145.409,72.7045,0.0015554768522999477,0.7313651072553643,0.0,0.0
145,Device,Conv2D,model/conv2d_4/Conv2D,2,144.384,72.192,144.384,72.192,0.0015445121680396374,0.7329096194234039,0.0,0.0
146,Device,Conv2D,model/conv2d_7/Conv2D,2,144.384,72.192,144.384,72.192,0.0015445121680396374,0.7344541315914436,0.0,0.0
147,Device,Conv2DBackpropInput,gradient_tape/model/conv2d_28/Conv2D/Conv2DBackpropInput,2,143.36,71.68,143.36,71.68,0.0015335581810322645,0.7359876897724759,0.0,0.0
148,Device,Relu,model/activation_9/Relu,2,143.36,71.68,143.36,71.68,0.0015335581810322645,0.7375212479535082,0.0,0.0
149,Device,Conv2D,model/conv2d_3/Conv2D,2,143.36,71.68,143.36,71.68,0.0015335581810322645,0.7390548061345404,0.0,0.0
150,Device,Conv2DBackpropInput,gradient_tape/model/conv2d_31/Conv2D/Conv2DBackpropInput,2,142.337,71.1685,142.337,71.1685,0.0015226148912778278,0.7405774210258182,0.0,0.0
151,Device,Conv2D,model/conv2d_10/Conv2D,2,142.337,71.1685,142.337,71.1685,0.0015226148912778278,0.7421000359170961,0.0,0.0
152,Device,Conv2DBackpropInput,gradient_tape/model/conv2d_34/Conv2D/Conv2DBackpropInput,2,142.336,71.168,142.336,71.168,0.001522604194024891,0.743622640111121,0.0,0.0
153,Device,Conv2DBackpropInput,gradient_tape/model/conv2d_37/Conv2D/Conv2DBackpropInput,2,142.336,71.168,142.336,71.168,0.001522604194024891,0.745145244305146,0.0,0.0
154,Device,Relu,model/activation/Relu,2,142.336,71.168,142.336,71.168,0.001522604194024891,0.7466678484991709,0.0,0.0
155,Device,Conv2DBackpropInput,gradient_tape/model/conv2d_15/Conv2D/Conv2DBackpropInput,2,140.288,70.144,140.288,70.144,0.0015006962200101446,0.748168544719181,0.0,0.0
156,Device,Relu,model/activation_3/Relu,2,140.288,70.144,140.288,70.144,0.0015006962200101446,0.7496692409391912,0.0,0.0
157,Device,Conv2DBackpropInput,gradient_tape/model/conv2d_17/Conv2D/Conv2DBackpropInput,2,139.264,69.632,139.264,69.632,0.0014897422330027712,0.751158983172194,0.0,0.0
158,Device,Relu,model/activation_6/Relu,2,138.24,69.12,138.24,69.12,0.0014787882459953979,0.7526377714181893,0.0,0.0
159,Device,Conv2DBackpropInput,gradient_tape/model/conv2d_20/Conv2D/Conv2DBackpropInput,2,137.216,68.608,137.216,68.608,0.0014678342589880245,0.7541056056771773,0.0,0.0
160,Device,Conv2DBackpropInput,gradient_tape/model/conv2d_21/Conv2D/Conv2DBackpropInput,2,137.216,68.608,137.216,68.608,0.0014678342589880245,0.7555734399361653,0.0,0.0
161,Device,Conv2DBackpropInput,gradient_tape/model/conv2d_23/Conv2D/Conv2DBackpropInput,2,136.193,68.0965,136.193,68.0965,0.001456890969233588,0.757030330905399,0.0,0.0
162,Device,Conv2DBackpropInput,gradient_tape/model/conv2d_13/Conv2D/Conv2DBackpropInput,2,136.192,68.096,136.192,68.096,0.0014568802719806511,0.7584872111773796,0.0,0.0
163,Device,Conv2D,model/conv2d_26/Conv2D,2,135.168,67.584,135.168,67.584,0.0014459262849732778,0.7599331374623529,0.0,0.0
164,Device,Conv2D,model/conv2d_30/Conv2D,2,135.168,67.584,135.168,67.584,0.0014459262849732778,0.7613790637473262,0.0,0.0
165,Device,Conv2D,model/conv2d_42/Conv2D,2,134.146,67.073,134.146,67.073,0.0014349936924717781,0.762814057439798,0.0,0.0
166,Device,Conv2DBackpropInput,gradient_tape/model/conv2d_18/Conv2D/Conv2DBackpropInput,2,134.144,67.072,134.144,67.072,0.0014349722979659046,0.7642490297377639,0.0,0.0
167,Device,Conv2D,model/conv2d_36/Conv2D,2,134.144,67.072,134.144,67.072,0.0014349722979659046,0.7656840020357297,0.0,0.0
168,Device,Conv2D,model/conv2d_39/Conv2D,2,133.121,66.5605,133.121,66.5605,0.0014240290082114682,0.7671080310439412,0.0,0.0
169,Device,Conv2D,model/conv2d_15/Conv2D,2,132.096,66.048,132.096,66.048,0.001413064323951158,0.7685210953678924,0.0,0.0
170,Device,Conv2D,model/conv2d_33/Conv2D,2,132.096,66.048,132.096,66.048,0.001413064323951158,0.7699341596918435,0.0,0.0
171,Device,Conv2D,model/conv2d_18/Conv2D,2,131.072,65.536,131.072,65.536,0.0014021103369437845,0.7713362700287874,0.0,0.0
172,Device,Conv2D,model/conv2d_21/Conv2D,2,131.072,65.536,131.072,65.536,0.0014021103369437845,0.7727383803657312,0.0,0.0
173,Device,Conv2D,model/conv2d_23/Conv2D,2,126.977,63.4885,126.977,63.4885,0.0013583050861672283,0.7740966854518984,0.0,0.0
174,Device,ResourceApplyGradientDescent,SGD/SGD/update_184/ResourceApplyGradientDescent,2,124.928,62.464,124.928,62.464,0.0013363864148995446,0.7754330718667979,0.0,0.0
175,Device,ResourceApplyGradientDescent,SGD/SGD/update_170/ResourceApplyGradientDescent,2,123.905,61.9525,123.905,61.9525,0.0013254431251451082,0.776758514991943,0.0,0.0
176,Device,ResourceApplyGradientDescent,SGD/SGD/update_196/ResourceApplyGradientDescent,2,123.904,61.952,123.904,61.952,0.0013254324278921712,0.7780839474198352,0.0,0.0
177,Device,Conv2D,model/conv2d_13/Conv2D,2,123.904,61.952,123.904,61.952,0.0013254324278921712,0.7794093798477274,0.0,0.0
178,Device,Conv2D,model/conv2d_20/Conv2D,2,123.904,61.952,123.904,61.952,0.0013254324278921712,0.7807348122756196,0.0,0.0
179,Device,Conv2D,model/conv2d_24/Conv2D,2,122.88,61.44,122.88,61.44,0.0013144784408847979,0.7820492907165044,0.0,0.0
180,Device,Mul,gradient_tape/conv2d_51/kernel/Regularizer/Mul_1,2,121.857,60.9285,121.857,60.9285,0.0013035351511303615,0.7833528258676348,0.0,0.0
181,Device,FusedBatchNormGradV3,gradient_tape/model/batch_normalization_12/FusedBatchNormGradV3,2,121.857,60.9285,121.857,60.9285,0.0013035351511303615,0.7846563610187651,0.0,0.0
182,Device,Conv2D,model/conv2d_17/Conv2D,2,121.857,60.9285,121.857,60.9285,0.0013035351511303615,0.7859598961698955,0.0,0.0
183,Device,FusedBatchNormGradV3,gradient_tape/model/batch_normalization_18/FusedBatchNormGradV3,2,121.856,60.928,121.856,60.928,0.0013035244538774247,0.7872634206237729,0.0,0.0
184,Device,FusedBatchNormGradV3,gradient_tape/model/batch_normalization_15/FusedBatchNormGradV3,2,120.833,60.4165,120.833,60.4165,0.0012925811641229883,0.7885560017878959,0.0,0.0
185,Device,Mul,gradient_tape/conv2d_48/kernel/Regularizer/Mul_1,2,120.832,60.416,120.832,60.416,0.0012925704668700513,0.7898485722547659,0.0,0.0
186,Device,Mul,gradient_tape/conv2d_44/kernel/Regularizer/Mul_1,2,119.808,59.904,119.808,59.904,0.0012816164798626782,0.7911301887346286,0.0,0.0
187,Device,FusedBatchNormGradV3,gradient_tape/model/batch_normalization_21/FusedBatchNormGradV3,2,119.808,59.904,119.808,59.904,0.0012816164798626782,0.7924118052144913,0.0,0.0
188,Device,Conv2DBackpropFilter,gradient_tape/model/conv2d_1/Conv2D/Conv2DBackpropFilter,2,118.784,59.392,118.784,59.392,0.0012706624928553048,0.7936824677073466,0.0,0.0
189,Device,Conv2DBackpropInput,gradient_tape/model/conv2d_3/Conv2D/Conv2DBackpropInput,2,116.736,58.368,116.736,58.368,0.0012487545188405581,0.7949312222261872,0.0,0.0
190,Device,AddN,SGD/gradients/AddN_60,2,112.64,56.32,112.64,56.32,0.0012049385708110649,0.7961361607969982,0.0,0.0
191,Device,AddN,SGD/gradients/AddN_64,2,112.64,56.32,112.64,56.32,0.0012049385708110649,0.7973410993678093,0.0,0.0
192,Device,AddN,SGD/gradients/AddN_67,2,112.64,56.32,112.64,56.32,0.0012049385708110649,0.7985460379386203,0.0,0.0
193,Device,ResourceApplyGradientDescent,SGD/SGD/update_174/ResourceApplyGradientDescent,2,110.592,55.296,110.592,55.296,0.0011830305967963182,0.7997290685354167,0.0,0.0
194,Device,AddV2,model/add_6/add,2,110.592,55.296,110.592,55.296,0.0011830305967963182,0.8009120991322131,0.0,0.0
195,Device,Conv2D,model/conv2d_5/Conv2D,2,110.592,55.296,110.592,55.296,0.0011830305967963182,0.8020951297290094,0.0,0.0
196,Device,Conv2D,model/conv2d_8/Conv2D,2,110.592,55.296,110.592,55.296,0.0011830305967963182,0.8032781603258058,0.0,0.0
197,Device,AddN,SGD/gradients/AddN_61,2,109.568,54.784,109.568,54.784,0.0011720766097889448,0.8044502369355947,0.0,0.0
198,Device,Conv2DBackpropFilter,gradient_tape/model/conv2d_43/Conv2D/Conv2DBackpropFilter,2,108.544,54.272,108.544,54.272,0.0011611226227815714,0.8056113595583763,0.0,0.0
199,Device,AddV2,model/add_3/add,2,108.544,54.272,108.544,54.272,0.0011611226227815714,0.8067724821811578,0.0,0.0
200,Device,AddV2,model/add_4/add,2,108.544,54.272,108.544,54.272,0.0011611226227815714,0.8079336048039394,0.0,0.0
201,Device,AddV2,model/add_5/add,2,108.544,54.272,108.544,54.272,0.0011611226227815714,0.809094727426721,0.0,0.0
202,Device,Mul,gradient_tape/conv2d_46/kernel/Regularizer/Mul_1,2,107.52,53.76,107.52,53.76,0.0011501686357741983,0.8102448960624952,0.0,0.0
203,Device,Conv2DBackpropInput,gradient_tape/model/conv2d_10/Conv2D/Conv2DBackpropInput,2,107.52,53.76,107.52,53.76,0.0011501686357741983,0.8113950646982694,0.0,0.0
204,Device,MaxPool,model/max_pooling2d/MaxPool,2,106.496,53.248,106.496,53.248,0.001139214648766825,0.8125342793470363,0.0,0.0
205,Device,Conv2DBackpropInput,gradient_tape/model/conv2d_7/Conv2D/Conv2DBackpropInput,2,105.472,52.736,105.472,52.736,0.0011282606617594516,0.8136625400087957,0.0,0.0
206,Device,AddN,SGD/gradients/AddN_10,2,104.449,52.2245,104.449,52.2245,0.0011173173720050152,0.8147798573808007,0.0,0.0
207,Device,Conv2DBackpropInput,gradient_tape/model/conv2d_4/Conv2D/Conv2DBackpropInput,2,104.449,52.2245,104.449,52.2245,0.0011173173720050152,0.8158971747528058,0.0,0.0
208,Device,ReluGrad,gradient_tape/model/activation_12/ReluGrad,2,104.448,52.224,104.448,52.224,0.0011173066747520782,0.8170144814275578,0.0,0.0
209,Device,AddN,SGD/gradients/AddN_11,2,103.424,51.712,103.424,51.712,0.001106352687744705,0.8181208341153026,0.0,0.0
210,Device,AddN,SGD/gradients/AddN_8,2,103.424,51.712,103.424,51.712,0.001106352687744705,0.8192271868030473,0.0,0.0
211,Device,AddN,SGD/gradients/AddN_9,2,103.424,51.712,103.424,51.712,0.001106352687744705,0.820333539490792,0.0,0.0
212,Device,ReluGrad,gradient_tape/model/activation_15/ReluGrad,2,103.424,51.712,103.424,51.712,0.001106352687744705,0.8214398921785367,0.0,0.0
213,Device,ReluGrad,gradient_tape/model/activation_18/ReluGrad,2,102.4,51.2,102.4,51.2,0.0010953987007373317,0.8225352908792741,0.0,0.0
214,Device,FusedBatchNormGradV3,gradient_tape/model/batch_normalization_5/FusedBatchNormGradV3,2,102.4,51.2,102.4,51.2,0.0010953987007373317,0.8236306895800115,0.0,0.0
215,Device,FusedBatchNormGradV3,gradient_tape/model/batch_normalization_1/FusedBatchNormGradV3,2,101.376,50.688,101.376,50.688,0.0010844447137299583,0.8247151342937414,0.0,0.0
216,Device,FusedBatchNormGradV3,gradient_tape/model/batch_normalization_2/FusedBatchNormGradV3,2,101.376,50.688,101.376,50.688,0.0010844447137299583,0.8257995790074714,0.0,0.0
217,Device,FusedBatchNormGradV3,gradient_tape/model/batch_normalization_7/FusedBatchNormGradV3,2,101.376,50.688,101.376,50.688,0.0010844447137299583,0.8268840237212013,0.0,0.0
218,Device,FusedBatchNormGradV3,gradient_tape/model/batch_normalization_8/FusedBatchNormGradV3,2,101.376,50.688,101.376,50.688,0.0010844447137299583,0.8279684684349312,0.0,0.0
219,Device,ReluGrad,gradient_tape/model/activation_21/ReluGrad,2,99.329,49.6645,99.329,49.6645,0.0010625474369681486,0.8290310158718993,0.0,0.0
220,Device,SoftmaxCrossEntropyWithLogits,categorical_crossentropy/softmax_cross_entropy_with_logits,2,98.304,49.152,98.304,49.152,0.0010515827527078385,0.8300825986246072,0.0,0.0
221,Device,FusedBatchNormGradV3,gradient_tape/model/batch_normalization_4/FusedBatchNormGradV3,2,98.304,49.152,98.304,49.152,0.0010515827527078385,0.8311341813773151,0.0,0.0
222,Device,Conv2D,model/conv2d_11/Conv2D,2,91.136,45.568,91.136,45.568,0.0009749048436562251,0.8321090862209714,0.0,0.0
223,Device,BiasAddGrad,gradient_tape/model/conv2d_49/BiasAdd/BiasAddGrad,2,90.113,45.0565,90.113,45.0565,0.0009639615539017887,0.8330730477748731,0.0,0.0
224,Device,BiasAddGrad,gradient_tape/model/conv2d_46/BiasAdd/BiasAddGrad,2,89.089,44.5445,89.089,44.5445,0.0009530075668944154,0.8340260553417675,0.0,0.0
225,Device,BiasAddGrad,gradient_tape/model/conv2d_52/BiasAdd/BiasAddGrad,2,88.064,44.032,88.064,44.032,0.0009420428826341052,0.8349680982244017,0.0,0.0
226,Device,FusedBatchNormV3,model/batch_normalization_18/FusedBatchNormV3,4,87.041,21.76025,87.041,21.76025,0.0009310995928796688,0.8358991978172813,0.0,0.0
227,Device,FusedBatchNormV3,model/batch_normalization_21/FusedBatchNormV3,4,86.016,21.504,86.016,21.504,0.0009201349086193586,0.8368193327259006,0.0,0.0
228,Device,BiasAddGrad,gradient_tape/model/conv2d/BiasAdd/BiasAddGrad,2,84.993,42.4965,84.993,42.4965,0.0009091916188649221,0.8377285243447655,0.0,0.0
229,Device,FusedBatchNormGradV3,gradient_tape/model/batch_normalization_45/FusedBatchNormGradV3,2,84.992,42.496,84.992,42.496,0.0009091809216119853,0.8386377052663775,0.0,0.0
230,Device,FusedBatchNormGradV3,gradient_tape/model/batch_normalization_48/FusedBatchNormGradV3,2,84.992,42.496,84.992,42.496,0.0009091809216119853,0.8395468861879894,0.0,0.0
231,Device,BiasAddGrad,gradient_tape/model/conv2d_4/BiasAdd/BiasAddGrad,2,84.992,42.496,84.992,42.496,0.0009091809216119853,0.8404560671096014,0.0,0.0
232,Device,FusedBatchNormV3,model/batch_normalization_12/FusedBatchNormV3,4,84.992,21.248,84.992,21.248,0.0009091809216119853,0.8413652480312134,0.0,0.0
233,Device,FusedBatchNormV3,model/batch_normalization_15/FusedBatchNormV3,4,84.992,21.248,84.992,21.248,0.0009091809216119853,0.8422744289528253,0.0,0.0
234,Device,BiasAddGrad,gradient_tape/model/conv2d_10/BiasAdd/BiasAddGrad,2,83.969,41.9845,83.969,41.9845,0.0008982376318575488,0.8431726665846829,0.0,0.0
235,Device,Mul,gradient_tape/conv2d_44/kernel/Regularizer/Mul,2,83.968,41.984,83.968,41.984,0.000898226934604612,0.8440708935192875,0.0,0.0
236,Device,FusedBatchNormGradV3,gradient_tape/model/batch_normalization_42/FusedBatchNormGradV3,2,83.968,41.984,83.968,41.984,0.000898226934604612,0.8449691204538922,0.0,0.0
237,Device,Square,conv2d_48/kernel/Regularizer/Square,2,82.944,41.472,82.944,41.472,0.0008872729475972387,0.8458563934014894,0.0,0.0
238,Device,BiasAddGrad,gradient_tape/model/conv2d_7/BiasAdd/BiasAddGrad,2,82.944,41.472,82.944,41.472,0.0008872729475972387,0.8467436663490867,0.0,0.0
239,Device,Square,conv2d_44/kernel/Regularizer/Square,2,81.92,40.96,81.92,40.96,0.0008763189605898653,0.8476199853096765,0.0,0.0
240,Device,Square,conv2d_51/kernel/Regularizer/Square,2,81.92,40.96,81.92,40.96,0.0008763189605898653,0.8484963042702663,0.0,0.0
241,Device,FusedBatchNormV3,model/batch_normalization_42/FusedBatchNormV3,4,77.824,19.456,77.824,19.456,0.0008325030125603721,0.8493288072828267,0.0,0.0
242,Device,BiasAdd,model/conv2d_14/BiasAdd,2,76.8,38.4,76.8,38.4,0.0008215490255529987,0.8501503563083797,0.0,0.0
243,Device,Square,conv2d_46/kernel/Regularizer/Square,2,75.776,37.888,75.776,37.888,0.0008105950385456254,0.8509609513469253,0.0,0.0
244,Device,FusedBatchNormV3,model/batch_normalization_48/FusedBatchNormV3,4,75.776,18.944,75.776,18.944,0.0008105950385456254,0.8517715463854709,0.0,0.0
245,Device,FusedBatchNormV3,model/batch_normalization_45/FusedBatchNormV3,4,74.752,18.688,74.752,18.688,0.0007996410515382521,0.8525711874370092,0.0,0.0
246,Device,Tile,gradient_tape/conv2d_44/kernel/Regularizer/Tile,2,73.728,36.864,73.728,36.864,0.0007886870645308787,0.85335987450154,0.0,0.0
247,Device,FusedBatchNormGradV3,gradient_tape/model/batch_normalization_24/FusedBatchNormGradV3,2,72.704,36.352,72.704,36.352,0.0007777330775235054,0.8541376075790635,0.0,0.0
248,Device,FusedBatchNormGradV3,gradient_tape/model/batch_normalization_33/FusedBatchNormGradV3,2,71.681,35.8405,71.681,35.8405,0.000766789787769069,0.8549043973668327,0.0,0.0
249,Device,FusedBatchNormGradV3,gradient_tape/model/batch_normalization_27/FusedBatchNormGradV3,2,71.68,35.84,71.68,35.84,0.0007667790905161322,0.8556711764573488,0.0,0.0
250,Device,FusedBatchNormGradV3,gradient_tape/model/batch_normalization_30/FusedBatchNormGradV3,2,71.68,35.84,71.68,35.84,0.0007667790905161322,0.856437955547865,0.0,0.0
251,Device,FusedBatchNormGradV3,gradient_tape/model/batch_normalization_39/FusedBatchNormGradV3,2,71.68,35.84,71.68,35.84,0.0007667790905161322,0.8572047346383811,0.0,0.0
252,Device,FusedBatchNormGradV3,gradient_tape/model/batch_normalization_36/FusedBatchNormGradV3,2,69.632,34.816,69.632,34.816,0.0007448711165013856,0.8579496057548824,0.0,0.0
253,Device,Relu,model/activation_21/Relu,2,68.608,34.304,68.608,34.304,0.0007339171294940122,0.8586835228843764,0.0,0.0
254,Device,BiasAddGrad,gradient_tape/model/conv2d_14/BiasAdd/BiasAddGrad,2,65.537,32.7685,65.537,32.7685,0.0007010658657248292,0.8593845887501013,0.0,0.0
255,Device,BiasAddGrad,gradient_tape/model/conv2d_27/BiasAdd/BiasAddGrad,2,65.536,32.768,65.536,32.768,0.0007010551684718923,0.8600856439185731,0.0,0.0
256,Device,BiasAddGrad,gradient_tape/model/conv2d_36/BiasAdd/BiasAddGrad,2,65.536,32.768,65.536,32.768,0.0007010551684718923,0.860786699087045,0.0,0.0
257,Device,BiasAddGrad,gradient_tape/model/conv2d_42/BiasAdd/BiasAddGrad,2,65.536,32.768,65.536,32.768,0.0007010551684718923,0.8614877542555168,0.0,0.0
258,Device,BiasAddGrad,gradient_tape/model/conv2d_30/BiasAdd/BiasAddGrad,2,64.512,32.256,64.512,32.256,0.0006901011814645189,0.8621778554369813,0.0,0.0
259,Device,BiasAddGrad,gradient_tape/model/conv2d_33/BiasAdd/BiasAddGrad,2,64.512,32.256,64.512,32.256,0.0006901011814645189,0.8628679566184458,0.0,0.0
260,Device,BiasAddGrad,gradient_tape/model/conv2d_39/BiasAdd/BiasAddGrad,2,64.512,32.256,64.512,32.256,0.0006901011814645189,0.8635580577999104,0.0,0.0
261,Device,FusedBatchNormV3,model/batch_normalization_36/FusedBatchNormV3,4,63.488,15.872,63.488,15.872,0.0006791471944571457,0.8642372049943675,0.0,0.0
262,Device,Tile,gradient_tape/conv2d_46/kernel/Regularizer/Tile,2,61.44,30.72,61.44,30.72,0.0006572392204423989,0.8648944442148099,0.0,0.0
263,Device,FusedBatchNormV3,model/batch_normalization_30/FusedBatchNormV3,4,61.44,15.36,61.44,15.36,0.0006572392204423989,0.8655516834352522,0.0,0.0
264,Device,FusedBatchNormV3,model/batch_normalization_39/FusedBatchNormV3,4,61.44,15.36,61.44,15.36,0.0006572392204423989,0.8662089226556946,0.0,0.0
265,Device,ResourceApplyGradientDescent,SGD/SGD/update_180/ResourceApplyGradientDescent,2,60.416,30.208,60.416,30.208,0.0006462852334350257,0.8668552078891296,0.0,0.0
266,Device,Mul,gradient_tape/conv2d_46/kernel/Regularizer/Mul,2,60.416,30.208,60.416,30.208,0.0006462852334350257,0.8675014931225646,0.0,0.0
267,Device,FusedBatchNormV3,model/batch_normalization_27/FusedBatchNormV3,4,60.416,15.104,60.416,15.104,0.0006462852334350257,0.8681477783559997,0.0,0.0
268,Device,BiasAdd,model/conv2d_23/BiasAdd,2,60.416,30.208,60.416,30.208,0.0006462852334350257,0.8687940635894347,0.0,0.0
269,Device,ResourceApplyGradientDescent,SGD/SGD/update_192/ResourceApplyGradientDescent,2,59.393,29.6965,59.393,29.6965,0.0006353419436805893,0.8694294055331152,0.0,0.0
270,Device,FusedBatchNormV3,model/batch_normalization_33/FusedBatchNormV3,4,59.392,14.848,59.392,14.848,0.0006353312464276524,0.8700647367795429,0.0,0.0
271,Device,FusedBatchNormV3,model/batch_normalization_24/FusedBatchNormV3,4,58.369,14.59225,58.369,14.59225,0.0006243879566732159,0.8706891247362161,0.0,0.0
272,Device,ResourceApplyGradientDescent,SGD/SGD/update_176/ResourceApplyGradientDescent,2,58.368,29.184,58.368,29.184,0.0006243772594202791,0.8713135019956364,0.0,0.0
273,Device,AddN,SGD/gradients/AddN_63,2,58.368,29.184,58.368,29.184,0.0006243772594202791,0.8719378792550567,0.0,0.0
274,Device,AddN,SGD/gradients/AddN_66,2,58.368,29.184,58.368,29.184,0.0006243772594202791,0.872562256514477,0.0,0.0
275,Device,BiasAddGrad,gradient_tape/model/conv2d_17/BiasAdd/BiasAddGrad,2,58.368,29.184,58.368,29.184,0.0006243772594202791,0.8731866337738974,0.0,0.0
276,Device,Relu,model/activation_12/Relu,2,58.368,29.184,58.368,29.184,0.0006243772594202791,0.8738110110333177,0.0,0.0
277,Device,Relu,model/activation_15/Relu,2,58.368,29.184,58.368,29.184,0.0006243772594202791,0.874435388292738,0.0,0.0
278,Device,FusedBatchNormV3,model/batch_normalization_1/FusedBatchNormV3,4,58.368,14.592,58.368,14.592,0.0006243772594202791,0.8750597655521584,0.0,0.0
279,Device,BiasAdd,model/conv2d_13/BiasAdd,2,58.368,29.184,58.368,29.184,0.0006243772594202791,0.8756841428115787,0.0,0.0
280,Device,Relu,model/activation_18/Relu,2,57.345,28.6725,57.345,28.6725,0.0006134339696658426,0.8762975767812445,0.0,0.0
281,Device,BiasAdd,model/conv2d_17/BiasAdd,2,57.345,28.6725,57.345,28.6725,0.0006134339696658426,0.8769110107509104,0.0,0.0
282,Device,AddN,SGD/gradients/AddN_62,2,57.344,28.672,57.344,28.672,0.0006134232724129057,0.8775244340233233,0.0,0.0
283,Device,Mul,gradient_tape/conv2d_50/kernel/Regularizer/Mul_1,2,57.344,28.672,57.344,28.672,0.0006134232724129057,0.8781378572957361,0.0,0.0
284,Device,ReluGrad,gradient_tape/model/activation_39/ReluGrad,2,57.344,28.672,57.344,28.672,0.0006134232724129057,0.878751280568149,0.0,0.0
285,Device,Conv2DBackpropInput,gradient_tape/model/conv2d_1/Conv2D/Conv2DBackpropInput,2,57.344,28.672,57.344,28.672,0.0006134232724129057,0.8793647038405619,0.0,0.0
286,Device,BiasAddGrad,gradient_tape/model/conv2d_20/BiasAdd/BiasAddGrad,2,57.344,28.672,57.344,28.672,0.0006134232724129057,0.8799781271129747,0.0,0.0
287,Device,BiasAdd,model/conv2d_20/BiasAdd,2,57.344,28.672,57.344,28.672,0.0006134232724129057,0.8805915503853876,0.0,0.0
288,Device,Mul,gradient_tape/conv2d_45/kernel/Regularizer/Mul_1,2,56.32,28.16,56.32,28.16,0.0006024692854055324,0.8811940196707931,0.0,0.0
289,Device,BiasAddGrad,gradient_tape/model/conv2d_23/BiasAdd/BiasAddGrad,2,56.32,28.16,56.32,28.16,0.0006024692854055324,0.8817964889561987,0.0,0.0
290,Device,Mul,gradient_tape/conv2d_49/kernel/Regularizer/Mul_1,2,55.296,27.648,55.296,27.648,0.0005915152983981591,0.8823880042545968,0.0,0.0
291,Device,Mul,gradient_tape/conv2d_47/kernel/Regularizer/Mul_1,2,54.273,27.1365,54.273,27.1365,0.0005805720086437227,0.8829685762632405,0.0,0.0
292,Device,ResourceApplyGradientDescent,SGD/SGD/update_200/ResourceApplyGradientDescent,2,54.272,27.136,54.272,27.136,0.0005805613113907857,0.8835491375746314,0.0,0.0
293,Device,Sum,conv2d_44/kernel/Regularizer/Sum,2,54.272,27.136,54.272,27.136,0.0005805613113907857,0.8841296988860222,0.0,0.0
294,Device,Mul,gradient_tape/conv2d_52/kernel/Regularizer/Mul_1,2,54.272,27.136,54.272,27.136,0.0005805613113907857,0.8847102601974131,0.0,0.0
295,Device,AddN,SGD/gradients/AddN_65,2,52.225,26.1125,52.225,26.1125,0.0005586640346289761,0.8852689242320421,0.0,0.0
296,Device,ResourceApplyGradientDescent,SGD/SGD/update_188/ResourceApplyGradientDescent,2,52.224,26.112,52.224,26.112,0.0005586533373760391,0.8858275775694181,0.0,0.0
297,Device,AddN,SGD/gradients/AddN_68,2,51.2,25.6,51.2,25.6,0.0005476993503686658,0.8863752769197868,0.0,0.0
298,Device,Sum,conv2d_48/kernel/Regularizer/Sum,2,50.176,25.088,50.176,25.088,0.0005367453633612925,0.8869120222831481,0.0,0.0
299,Device,AddN,SGD/gradients/AddN_3,2,49.153,24.5765,49.153,24.5765,0.0005258020736068561,0.887437824356755,0.0,0.0
300,Device,Conv2D,model/conv2d_1/Conv2D,2,49.153,24.5765,49.153,24.5765,0.0005258020736068561,0.8879636264303619,0.0,0.0
301,Device,AddN,SGD/gradients/AddN_5,2,48.129,24.0645,48.129,24.0645,0.0005148480865994827,0.8884784745169614,0.0,0.0
302,Device,AddN,SGD/gradients/AddN_4,2,48.128,24.064,48.128,24.064,0.0005148373893465459,0.8889933119063079,0.0,0.0
303,Device,AddN,SGD/gradients/AddN_6,2,48.128,24.064,48.128,24.064,0.0005148373893465459,0.8895081492956545,0.0,0.0
304,Device,Sum,conv2d_51/kernel/Regularizer/Sum,2,48.128,24.064,48.128,24.064,0.0005148373893465459,0.890022986685001,0.0,0.0
305,Device,AddN,SGD/gradients/AddN_7,2,47.104,23.552,47.104,23.552,0.0005038834023391725,0.8905268700873402,0.0,0.0
306,Device,ReluGrad,gradient_tape/model/activation_1/ReluGrad,2,47.104,23.552,47.104,23.552,0.0005038834023391725,0.8910307534896794,0.0,0.0
307,Device,ReluGrad,gradient_tape/model/activation_24/ReluGrad,2,47.104,23.552,47.104,23.552,0.0005038834023391725,0.8915346368920186,0.0,0.0
308,Device,ReluGrad,gradient_tape/model/activation_27/ReluGrad,2,47.104,23.552,47.104,23.552,0.0005038834023391725,0.8920385202943578,0.0,0.0
309,Device,ReluGrad,gradient_tape/model/activation_30/ReluGrad,2,47.104,23.552,47.104,23.552,0.0005038834023391725,0.892542403696697,0.0,0.0
310,Device,ReluGrad,gradient_tape/model/activation_33/ReluGrad,2,47.104,23.552,47.104,23.552,0.0005038834023391725,0.8930462870990362,0.0,0.0
311,Device,ReluGrad,gradient_tape/model/activation_36/ReluGrad,2,47.104,23.552,47.104,23.552,0.0005038834023391725,0.8935501705013754,0.0,0.0
312,Device,AddN,ArithmeticOptimizer/AddOpsRewrite_AddN_1,12,46.08,3.84,46.08,3.84,0.0004929294153317992,0.8940430999167072,0.0,0.0
313,Device,Sum,conv2d_46/kernel/Regularizer/Sum,2,45.056,22.528,45.056,22.528,0.0004819754283244259,0.8945250753450316,0.0,0.0
314,Device,ReluGrad,gradient_tape/model/activation_4/ReluGrad,2,44.032,22.016,44.032,22.016,0.0004710214413170526,0.8949960967863486,0.0,0.0
315,Device,ReluGrad,gradient_tape/model/activation_7/ReluGrad,2,44.032,22.016,44.032,22.016,0.0004710214413170526,0.8954671182276657,0.0,0.0
316,Device,AddN,SGD/gradients/AddN_15,2,43.008,21.504,43.008,21.504,0.0004600674543096793,0.8959271856819754,0.0,0.0
317,Device,Transpose,gradient_tape/model/conv2d/Conv2D/Conv2DBackpropFilter-0-TransposeNHWCToNCHW-LayoutOptimizer,2,43.008,21.504,43.008,21.504,0.0004600674543096793,0.8963872531362851,0.0,0.0
318,Device,FusedBatchNormV3,model/batch_normalization_2/FusedBatchNormV3,4,43.008,10.752,43.008,10.752,0.0004600674543096793,0.8968473205905948,0.0,0.0
319,Device,Square,conv2d_45/kernel/Regularizer/Square,2,41.984,20.992,41.984,20.992,0.000449113467302306,0.897296434057897,0.0,0.0
320,Device,FusedBatchNormV3,model/batch_normalization_7/FusedBatchNormV3,4,41.984,10.496,41.984,10.496,0.000449113467302306,0.8977455475251993,0.0,0.0
321,Device,BiasAdd,model/conv2d_1/BiasAdd,2,41.984,20.992,41.984,20.992,0.000449113467302306,0.8981946609925016,0.0,0.0
322,Device,Mul,gradient_tape/conv2d_45/kernel/Regularizer/Mul,2,40.96,20.48,40.96,20.48,0.00043815948029493265,0.8986328204727965,0.0,0.0
323,Device,FusedBatchNormV3,model/batch_normalization_4/FusedBatchNormV3,4,40.96,10.24,40.96,10.24,0.00043815948029493265,0.8990709799530914,0.0,0.0
324,Device,FusedBatchNormV3,model/batch_normalization_5/FusedBatchNormV3,4,40.96,10.24,40.96,10.24,0.00043815948029493265,0.8995091394333863,0.0,0.0
325,Device,FusedBatchNormV3,model/batch_normalization_8/FusedBatchNormV3,4,40.96,10.24,40.96,10.24,0.00043815948029493265,0.8999472989136812,0.0,0.0
326,Device,AddN,SGD/gradients/AddN_2,2,39.936,19.968,39.936,19.968,0.00042720549328755935,0.9003745044069688,0.0,0.0
327,Device,Square,conv2d_52/kernel/Regularizer/Square,2,39.936,19.968,39.936,19.968,0.00042720549328755935,0.9008017099002563,0.0,0.0
328,Device,ReluGrad,gradient_tape/model/activation_8/ReluGrad,2,39.936,19.968,39.936,19.968,0.00042720549328755935,0.9012289153935439,0.0,0.0
329,Device,BiasAdd,model/conv2d_27/BiasAdd,2,39.936,19.968,39.936,19.968,0.00042720549328755935,0.9016561208868314,0.0,0.0
330,Device,Square,conv2d_47/kernel/Regularizer/Square,2,38.912,19.456,38.912,19.456,0.00041625150628018604,0.9020723723931117,0.0,0.0
331,Device,Square,conv2d_49/kernel/Regularizer/Square,2,38.912,19.456,38.912,19.456,0.00041625150628018604,0.9024886238993919,0.0,0.0
332,Device,Square,conv2d_50/kernel/Regularizer/Square,2,38.912,19.456,38.912,19.456,0.00041625150628018604,0.9029048754056721,0.0,0.0
333,Device,Mul,gradient_tape/conv2d_47/kernel/Regularizer/Mul,2,38.912,19.456,38.912,19.456,0.00041625150628018604,0.9033211269119523,0.0,0.0
334,Device,ReluGrad,gradient_tape/model/activation_2/ReluGrad,2,38.912,19.456,38.912,19.456,0.00041625150628018604,0.9037373784182325,0.0,0.0
335,Device,ReluGrad,gradient_tape/model/activation_5/ReluGrad,2,38.912,19.456,38.912,19.456,0.00041625150628018604,0.9041536299245128,0.0,0.0
336,Device,AddV2,model/add_7/add,2,35.841,17.9205,35.841,17.9205,0.000383400242511003,0.9045370301670238,0.0,0.0
337,Device,AddN,SGD/gradients/AddN_45,2,35.84,17.92,35.84,17.92,0.0003833895452580661,0.9049204197122819,0.0,0.0
338,Device,Tile,gradient_tape/conv2d_45/kernel/Regularizer/Tile,2,34.816,17.408,34.816,17.408,0.0003724355582506928,0.9052928552705326,0.0,0.0
339,Device,AddV2,model/add_12/add,2,34.816,17.408,34.816,17.408,0.0003724355582506928,0.9056652908287833,0.0,0.0
340,Device,MatMul,model/dense/MatMul,2,34.816,17.408,34.816,17.408,0.0003724355582506928,0.9060377263870341,0.0,0.0
341,Device,AddN,SGD/gradients/AddN_48,2,33.792,16.896,33.792,16.896,0.00036148157124331944,0.9063992079582773,0.0,0.0
342,Device,AddN,SGD/gradients/AddN_57,2,33.792,16.896,33.792,16.896,0.00036148157124331944,0.9067606895295206,0.0,0.0
343,Device,Sum,conv2d_45/kernel/Regularizer/Sum,2,33.792,16.896,33.792,16.896,0.00036148157124331944,0.9071221711007639,0.0,0.0
344,Device,Tile,gradient_tape/conv2d_47/kernel/Regularizer/Tile,2,33.792,16.896,33.792,16.896,0.00036148157124331944,0.9074836526720071,0.0,0.0
345,Device,Relu,model/activation_39/Relu,2,33.792,16.896,33.792,16.896,0.00036148157124331944,0.9078451342432504,0.0,0.0
346,Device,FusedBatchNormV3,model/batch_normalization_46/FusedBatchNormV3,4,33.792,8.448,33.792,8.448,0.00036148157124331944,0.9082066158144937,0.0,0.0
347,Device,AddV2,model/add_8/add,2,32.77,16.385,32.77,16.385,0.00035054897874181996,0.9085571647932356,0.0,0.0
348,Device,AddV2,model/add_10/add,2,32.769,16.3845,32.769,16.3845,0.000350538281488883,0.9089077030747245,0.0,0.0
349,Device,AddV2,model/add_11/add,2,32.769,16.3845,32.769,16.3845,0.000350538281488883,0.9092582413562134,0.0,0.0
350,Device,AddV2,model/add_9/add,2,32.769,16.3845,32.769,16.3845,0.000350538281488883,0.9096087796377023,0.0,0.0
351,Device,AddN,SGD/gradients/AddN_41,2,32.768,16.384,32.768,16.384,0.00035052758423594613,0.9099593072219382,0.0,0.0
352,Device,AddN,SGD/gradients/AddN_51,2,32.768,16.384,32.768,16.384,0.00035052758423594613,0.9103098348061741,0.0,0.0
353,Device,AddN,SGD/gradients/AddN_54,2,32.768,16.384,32.768,16.384,0.00035052758423594613,0.91066036239041,0.0,0.0
354,Device,Sum,conv2d_50/kernel/Regularizer/Sum,2,32.768,16.384,32.768,16.384,0.00035052758423594613,0.911010889974646,0.0,0.0
355,Device,Mul,gradient_tape/conv2d_25/kernel/Regularizer/Mul_1,2,32.768,16.384,32.768,16.384,0.00035052758423594613,0.9113614175588819,0.0,0.0
356,Device,FusedBatchNormV3,model/batch_normalization_43/FusedBatchNormV3,4,32.768,8.192,32.768,8.192,0.00035052758423594613,0.9117119451431178,0.0,0.0
357,Device,FusedBatchNormV3,model/batch_normalization_44/FusedBatchNormV3,4,32.768,8.192,32.768,8.192,0.00035052758423594613,0.9120624727273537,0.0,0.0
358,Device,Mul,gradient_tape/conv2d_41/kernel/Regularizer/Mul_1,2,31.745,15.8725,31.745,15.8725,0.0003395842944815097,0.9124020570218353,0.0,0.0
359,Device,ResourceApplyGradientDescent,SGD/SGD/update_166/ResourceApplyGradientDescent,2,31.744,15.872,31.744,15.872,0.0003395735972285728,0.9127416306190639,0.0,0.0
360,Device,Mul,gradient_tape/conv2d_29/kernel/Regularizer/Mul_1,2,31.744,15.872,31.744,15.872,0.0003395735972285728,0.9130812042162925,0.0,0.0
361,Device,Mul,gradient_tape/conv2d_35/kernel/Regularizer/Mul_1,2,31.744,15.872,31.744,15.872,0.0003395735972285728,0.913420777813521,0.0,0.0
362,Device,Mul,gradient_tape/conv2d_38/kernel/Regularizer/Mul_1,2,31.744,15.872,31.744,15.872,0.0003395735972285728,0.9137603514107496,0.0,0.0
363,Device,FusedBatchNormGradV3,gradient_tape/model/batch_normalization_47/FusedBatchNormGradV3,2,31.744,15.872,31.744,15.872,0.0003395735972285728,0.9140999250079782,0.0,0.0
364,Device,FusedBatchNormV3,model/batch_normalization_41/FusedBatchNormV3,4,31.744,7.936,31.744,7.936,0.0003395735972285728,0.9144394986052068,0.0,0.0
365,Device,FusedBatchNormV3,model/batch_normalization_47/FusedBatchNormV3,4,31.744,7.936,31.744,7.936,0.0003395735972285728,0.9147790722024354,0.0,0.0
366,Device,AddN,SGD/gradients/AddN_42,2,30.72,15.36,30.72,15.36,0.00032861961022119946,0.9151076918126566,0.0,0.0
367,Device,AddN,SGD/gradients/AddN_59,2,30.72,15.36,30.72,15.36,0.00032861961022119946,0.9154363114228778,0.0,0.0
368,Device,Mul,gradient_tape/conv2d_32/kernel/Regularizer/Mul_1,2,30.72,15.36,30.72,15.36,0.00032861961022119946,0.9157649310330991,0.0,0.0
369,Device,Mul,gradient_tape/conv2d_43/kernel/Regularizer/Mul_1,2,30.72,15.36,30.72,15.36,0.00032861961022119946,0.9160935506433203,0.0,0.0
370,Device,ReluGrad,gradient_tape/model/activation_45/ReluGrad,2,30.72,15.36,30.72,15.36,0.00032861961022119946,0.9164221702535416,0.0,0.0
371,Device,FusedBatchNormGradV3,gradient_tape/model/batch_normalization_41/FusedBatchNormGradV3,2,30.72,15.36,30.72,15.36,0.00032861961022119946,0.9167507898637628,0.0,0.0
372,Device,ReluGrad,gradient_tape/model/activation_42/ReluGrad,2,29.696,14.848,29.696,14.848,0.0003176656232138262,0.9170684554869766,0.0,0.0
373,Device,FusedBatchNormGradV3,gradient_tape/model/batch_normalization_40/FusedBatchNormGradV3,2,29.696,14.848,29.696,14.848,0.0003176656232138262,0.9173861211101904,0.0,0.0
374,Device,FusedBatchNormV3,model/batch_normalization_40/FusedBatchNormV3,4,29.696,7.424,29.696,7.424,0.0003176656232138262,0.9177037867334041,0.0,0.0
375,Device,FusedBatchNormGradV3,gradient_tape/model/batch_normalization_43/FusedBatchNormGradV3,2,28.673,14.3365,28.673,14.3365,0.0003067223334593897,0.9180105090668635,0.0,0.0
376,Device,ResourceApplyGradientDescent,SGD/SGD/update_100/ResourceApplyGradientDescent,2,28.672,14.336,28.672,14.336,0.00030671163620645285,0.91831722070307,0.0,0.0
377,Device,Sum,conv2d_47/kernel/Regularizer/Sum,2,28.672,14.336,28.672,14.336,0.00030671163620645285,0.9186239323392764,0.0,0.0
378,Device,Mul,gradient_tape/conv2d_27/kernel/Regularizer/Mul_1,2,28.672,14.336,28.672,14.336,0.00030671163620645285,0.9189306439754829,0.0,0.0
379,Device,ReluGrad,gradient_tape/model/activation_11/ReluGrad,2,28.672,14.336,28.672,14.336,0.00030671163620645285,0.9192373556116893,0.0,0.0
380,Device,FusedBatchNormGradV3,gradient_tape/model/batch_normalization_23/FusedBatchNormGradV3,2,28.672,14.336,28.672,14.336,0.00030671163620645285,0.9195440672478957,0.0,0.0
381,Device,FusedBatchNormGradV3,gradient_tape/model/batch_normalization_44/FusedBatchNormGradV3,2,28.672,14.336,28.672,14.336,0.00030671163620645285,0.9198507788841022,0.0,0.0
382,Device,FusedBatchNormGradV3,gradient_tape/model/batch_normalization_46/FusedBatchNormGradV3,2,28.672,14.336,28.672,14.336,0.00030671163620645285,0.9201574905203086,0.0,0.0
383,Device,ResourceApplyGradientDescent,SGD/SGD/update_96/ResourceApplyGradientDescent,2,27.648,13.824,27.648,13.824,0.00029575764919907954,0.9204532481695077,0.0,0.0
384,Device,Sum,conv2d_49/kernel/Regularizer/Sum,2,27.648,13.824,27.648,13.824,0.00029575764919907954,0.9207490058187068,0.0,0.0
385,Device,Sum,conv2d_52/kernel/Regularizer/Sum,2,27.648,13.824,27.648,13.824,0.00029575764919907954,0.9210447634679059,0.0,0.0
386,Device,FusedBatchNormGradV3,gradient_tape/model/batch_normalization_28/FusedBatchNormGradV3,2,27.648,13.824,27.648,13.824,0.00029575764919907954,0.921340521117105,0.0,0.0
387,Device,FusedBatchNormGradV3,gradient_tape/model/batch_normalization_37/FusedBatchNormGradV3,2,27.648,13.824,27.648,13.824,0.00029575764919907954,0.921636278766304,0.0,0.0
388,Device,BiasAddGrad,gradient_tape/model/conv2d_43/BiasAdd/BiasAddGrad,2,27.648,13.824,27.648,13.824,0.00029575764919907954,0.9219320364155031,0.0,0.0
389,Device,BiasAddGrad,gradient_tape/model/conv2d_44/BiasAdd/BiasAddGrad,2,27.648,13.824,27.648,13.824,0.00029575764919907954,0.9222277940647022,0.0,0.0
390,Device,BiasAddGrad,gradient_tape/model/conv2d_48/BiasAdd/BiasAddGrad,2,27.648,13.824,27.648,13.824,0.00029575764919907954,0.9225235517139013,0.0,0.0
391,Device,BiasAddGrad,gradient_tape/model/conv2d_50/BiasAdd/BiasAddGrad,2,27.648,13.824,27.648,13.824,0.00029575764919907954,0.9228193093631004,0.0,0.0
392,Device,FusedBatchNormGradV3,gradient_tape/model/batch_normalization_11/FusedBatchNormGradV3,2,26.624,13.312,26.624,13.312,0.00028480366219170623,0.9231041130252922,0.0,0.0
393,Device,FusedBatchNormGradV3,gradient_tape/model/batch_normalization_25/FusedBatchNormGradV3,2,26.624,13.312,26.624,13.312,0.00028480366219170623,0.9233889166874839,0.0,0.0
394,Device,FusedBatchNormGradV3,gradient_tape/model/batch_normalization_31/FusedBatchNormGradV3,2,26.624,13.312,26.624,13.312,0.00028480366219170623,0.9236737203496757,0.0,0.0
395,Device,FusedBatchNormGradV3,gradient_tape/model/batch_normalization_34/FusedBatchNormGradV3,2,26.624,13.312,26.624,13.312,0.00028480366219170623,0.9239585240118674,0.0,0.0
396,Device,BiasAddGrad,gradient_tape/model/conv2d_47/BiasAdd/BiasAddGrad,2,26.624,13.312,26.624,13.312,0.00028480366219170623,0.9242433276740591,0.0,0.0
397,Device,BiasAddGrad,gradient_tape/model/conv2d_5/BiasAdd/BiasAddGrad,2,26.624,13.312,26.624,13.312,0.00028480366219170623,0.9245281313362509,0.0,0.0
398,Device,BiasAddGrad,gradient_tape/model/conv2d_51/BiasAdd/BiasAddGrad,2,26.624,13.312,26.624,13.312,0.00028480366219170623,0.9248129349984426,0.0,0.0
399,Device,BiasAddGrad,gradient_tape/model/conv2d_8/BiasAdd/BiasAddGrad,2,26.624,13.312,26.624,13.312,0.00028480366219170623,0.9250977386606344,0.0,0.0
400,Device,Sum,conv2d_38/kernel/Regularizer/Sum,2,25.6,12.8,25.6,12.8,0.0002738496751843329,0.9253715883358187,0.0,0.0
401,Device,FusedBatchNormGradV3,gradient_tape/model/batch_normalization_22/FusedBatchNormGradV3,2,25.6,12.8,25.6,12.8,0.0002738496751843329,0.925645438011003,0.0,0.0
402,Device,FusedBatchNormGradV3,gradient_tape/model/batch_normalization_29/FusedBatchNormGradV3,2,25.6,12.8,25.6,12.8,0.0002738496751843329,0.9259192876861873,0.0,0.0
403,Device,FusedBatchNormGradV3,gradient_tape/model/batch_normalization_32/FusedBatchNormGradV3,2,25.6,12.8,25.6,12.8,0.0002738496751843329,0.9261931373613715,0.0,0.0
404,Device,FusedBatchNormGradV3,gradient_tape/model/batch_normalization_38/FusedBatchNormGradV3,2,24.577,12.2885,24.577,12.2885,0.00026290638542989653,0.9264560437468015,0.0,0.0
405,Device,MatMul,gradient_tape/model/dense/MatMul/MatMul_1,2,24.577,12.2885,24.577,12.2885,0.00026290638542989653,0.9267189501322314,0.0,0.0
406,Device,ResourceApplyGradientDescent,SGD/SGD/update_110/ResourceApplyGradientDescent,2,24.576,12.288,24.576,12.288,0.0002628956881769596,0.9269818458204083,0.0,0.0
407,Device,ResourceApplyGradientDescent,SGD/SGD/update_122/ResourceApplyGradientDescent,2,24.576,12.288,24.576,12.288,0.0002628956881769596,0.9272447415085853,0.0,0.0
408,Device,ResourceApplyGradientDescent,SGD/SGD/update_158/ResourceApplyGradientDescent,2,24.576,12.288,24.576,12.288,0.0002628956881769596,0.9275076371967622,0.0,0.0
409,Device,Sum,conv2d_29/kernel/Regularizer/Sum,2,24.576,12.288,24.576,12.288,0.0002628956881769596,0.9277705328849392,0.0,0.0
410,Device,FusedBatchNormGradV3,gradient_tape/model/batch_normalization_19/FusedBatchNormGradV3,2,24.576,12.288,24.576,12.288,0.0002628956881769596,0.9280334285731161,0.0,0.0
411,Device,FusedBatchNormGradV3,gradient_tape/model/batch_normalization_26/FusedBatchNormGradV3,2,24.576,12.288,24.576,12.288,0.0002628956881769596,0.928296324261293,0.0,0.0
412,Device,BiasAddGrad,gradient_tape/model/conv2d_1/BiasAdd/BiasAddGrad,2,24.576,12.288,24.576,12.288,0.0002628956881769596,0.92855921994947,0.0,0.0
413,Device,FusedBatchNormV3,model/batch_normalization_23/FusedBatchNormV3,4,24.576,6.144,24.576,6.144,0.0002628956881769596,0.9288221156376469,0.0,0.0
414,Device,FusedBatchNormV3,model/batch_normalization_32/FusedBatchNormV3,4,24.576,6.144,24.576,6.144,0.0002628956881769596,0.9290850113258239,0.0,0.0
415,Device,FusedBatchNormV3,model/batch_normalization_35/FusedBatchNormV3,4,24.576,6.144,24.576,6.144,0.0002628956881769596,0.9293479070140008,0.0,0.0
416,Device,FusedBatchNormV3,model/batch_normalization_37/FusedBatchNormV3,4,24.576,6.144,24.576,6.144,0.0002628956881769596,0.9296108027021778,0.0,0.0
417,Device,Square,conv2d_38/kernel/Regularizer/Square,2,23.553,11.7765,23.553,11.7765,0.00025195239842252317,0.9298627551006003,0.0,0.0
418,Device,FusedBatchNormGradV3,gradient_tape/model/batch_normalization_10/FusedBatchNormGradV3,2,23.553,11.7765,23.553,11.7765,0.00025195239842252317,0.9301147074990229,0.0,0.0
419,Device,BiasAddGrad,gradient_tape/model/conv2d_2/BiasAdd/BiasAddGrad,2,23.553,11.7765,23.553,11.7765,0.00025195239842252317,0.9303666598974455,0.0,0.0
420,Device,BiasAddGrad,gradient_tape/model/conv2d_29/BiasAdd/BiasAddGrad,2,23.553,11.7765,23.553,11.7765,0.00025195239842252317,0.9306186122958681,0.0,0.0
421,Device,ResourceApplyGradientDescent,SGD/SGD/update_134/ResourceApplyGradientDescent,2,23.552,11.776,23.552,11.776,0.00025194170116958625,0.9308705539970377,0.0,0.0
422,Device,Square,conv2d_41/kernel/Regularizer/Square,2,23.552,11.776,23.552,11.776,0.00025194170116958625,0.9311224956982073,0.0,0.0
423,Device,FusedBatchNormGradV3,gradient_tape/model/batch_normalization_16/FusedBatchNormGradV3,2,23.552,11.776,23.552,11.776,0.00025194170116958625,0.9313744373993769,0.0,0.0
424,Device,FusedBatchNormGradV3,gradient_tape/model/batch_normalization_35/FusedBatchNormGradV3,2,23.552,11.776,23.552,11.776,0.00025194170116958625,0.9316263791005465,0.0,0.0
425,Device,BiasAddGrad,gradient_tape/model/conv2d_18/BiasAdd/BiasAddGrad,2,23.552,11.776,23.552,11.776,0.00025194170116958625,0.9318783208017161,0.0,0.0
426,Device,BiasAddGrad,gradient_tape/model/conv2d_21/BiasAdd/BiasAddGrad,2,23.552,11.776,23.552,11.776,0.00025194170116958625,0.9321302625028857,0.0,0.0
427,Device,FusedBatchNormV3,model/batch_normalization_22/FusedBatchNormV3,4,23.552,5.888,23.552,5.888,0.00025194170116958625,0.9323822042040553,0.0,0.0
428,Device,FusedBatchNormV3,model/batch_normalization_38/FusedBatchNormV3,4,23.552,5.888,23.552,5.888,0.00025194170116958625,0.9326341459052249,0.0,0.0
429,Device,ResourceApplyGradientDescent,SGD/SGD/update_146/ResourceApplyGradientDescent,2,22.528,11.264,22.528,11.264,0.00024098771416221294,0.9328751336193871,0.0,0.0
430,Device,Sum,conv2d_25/kernel/Regularizer/Sum,2,22.528,11.264,22.528,11.264,0.00024098771416221294,0.9331161213335494,0.0,0.0
431,Device,Square,conv2d_27/kernel/Regularizer/Square,2,22.528,11.264,22.528,11.264,0.00024098771416221294,0.9333571090477116,0.0,0.0
432,Device,Square,conv2d_32/kernel/Regularizer/Square,2,22.528,11.264,22.528,11.264,0.00024098771416221294,0.9335980967618739,0.0,0.0
433,Device,Square,conv2d_35/kernel/Regularizer/Square,2,22.528,11.264,22.528,11.264,0.00024098771416221294,0.9338390844760361,0.0,0.0
434,Device,Square,conv2d_43/kernel/Regularizer/Square,2,22.528,11.264,22.528,11.264,0.00024098771416221294,0.9340800721901984,0.0,0.0
435,Device,Mul,gradient_tape/conv2d_25/kernel/Regularizer/Mul,2,22.528,11.264,22.528,11.264,0.00024098771416221294,0.9343210599043607,0.0,0.0
436,Device,FusedBatchNormGradV3,gradient_tape/model/batch_normalization_13/FusedBatchNormGradV3,2,22.528,11.264,22.528,11.264,0.00024098771416221294,0.9345620476185229,0.0,0.0
437,Device,BiasAddGrad,gradient_tape/model/conv2d_15/BiasAdd/BiasAddGrad,2,22.528,11.264,22.528,11.264,0.00024098771416221294,0.9348030353326852,0.0,0.0
438,Device,BiasAddGrad,gradient_tape/model/conv2d_25/BiasAdd/BiasAddGrad,2,22.528,11.264,22.528,11.264,0.00024098771416221294,0.9350440230468474,0.0,0.0
439,Device,BiasAddGrad,gradient_tape/model/conv2d_32/BiasAdd/BiasAddGrad,2,22.528,11.264,22.528,11.264,0.00024098771416221294,0.9352850107610097,0.0,0.0
440,Device,BiasAddGrad,gradient_tape/model/conv2d_35/BiasAdd/BiasAddGrad,2,22.528,11.264,22.528,11.264,0.00024098771416221294,0.9355259984751719,0.0,0.0
441,Device,BiasAddGrad,gradient_tape/model/conv2d_38/BiasAdd/BiasAddGrad,2,22.528,11.264,22.528,11.264,0.00024098771416221294,0.9357669861893342,0.0,0.0
442,Device,BiasAddGrad,gradient_tape/model/conv2d_41/BiasAdd/BiasAddGrad,2,22.528,11.264,22.528,11.264,0.00024098771416221294,0.9360079739034964,0.0,0.0
443,Device,BiasAddGrad,gradient_tape/model/conv2d_6/BiasAdd/BiasAddGrad,2,22.528,11.264,22.528,11.264,0.00024098771416221294,0.9362489616176587,0.0,0.0
444,Device,BiasAddGrad,gradient_tape/model/conv2d_9/BiasAdd/BiasAddGrad,2,22.528,11.264,22.528,11.264,0.00024098771416221294,0.936489949331821,0.0,0.0
445,Device,FusedBatchNormV3,model/batch_normalization_25/FusedBatchNormV3,4,22.528,5.632,22.528,5.632,0.00024098771416221294,0.9367309370459832,0.0,0.0
446,Device,FusedBatchNormV3,model/batch_normalization_26/FusedBatchNormV3,4,22.528,5.632,22.528,5.632,0.00024098771416221294,0.9369719247601455,0.0,0.0
447,Device,FusedBatchNormV3,model/batch_normalization_28/FusedBatchNormV3,4,22.528,5.632,22.528,5.632,0.00024098771416221294,0.9372129124743077,0.0,0.0
448,Device,FusedBatchNormV3,model/batch_normalization_29/FusedBatchNormV3,4,22.528,5.632,22.528,5.632,0.00024098771416221294,0.93745390018847,0.0,0.0
449,Device,FusedBatchNormV3,model/batch_normalization_31/FusedBatchNormV3,4,22.528,5.632,22.528,5.632,0.00024098771416221294,0.9376948879026322,0.0,0.0
450,Device,FusedBatchNormV3,model/batch_normalization_34/FusedBatchNormV3,4,22.528,5.632,22.528,5.632,0.00024098771416221294,0.9379358756167945,0.0,0.0
451,Device,BiasAdd,model/conv2d_9/BiasAdd,2,22.528,11.264,22.528,11.264,0.00024098771416221294,0.9381768633309567,0.0,0.0
452,Device,Square,conv2d_25/kernel/Regularizer/Square,2,21.504,10.752,21.504,10.752,0.00023003372715483966,0.9384068970581115,0.0,0.0
453,Device,Square,conv2d_29/kernel/Regularizer/Square,2,21.504,10.752,21.504,10.752,0.00023003372715483966,0.9386369307852663,0.0,0.0
454,Device,Sum,conv2d_33/kernel/Regularizer/Sum,2,21.504,10.752,21.504,10.752,0.00023003372715483966,0.9388669645124211,0.0,0.0
455,Device,Tile,gradient_tape/conv2d_27/kernel/Regularizer/Tile,2,21.504,10.752,21.504,10.752,0.00023003372715483966,0.9390969982395759,0.0,0.0
456,Device,Tile,gradient_tape/conv2d_43/kernel/Regularizer/Tile,2,21.504,10.752,21.504,10.752,0.00023003372715483966,0.9393270319667307,0.0,0.0
457,Device,FusedBatchNormGradV3,gradient_tape/model/batch_normalization_17/FusedBatchNormGradV3,2,21.504,10.752,21.504,10.752,0.00023003372715483966,0.9395570656938855,0.0,0.0
458,Device,BiasAddGrad,gradient_tape/model/conv2d_12/BiasAdd/BiasAddGrad,2,21.504,10.752,21.504,10.752,0.00023003372715483966,0.9397870994210403,0.0,0.0
459,Device,BiasAddGrad,gradient_tape/model/conv2d_19/BiasAdd/BiasAddGrad,2,21.504,10.752,21.504,10.752,0.00023003372715483966,0.9400171331481951,0.0,0.0
460,Device,FusedBatchNormV3,model/batch_normalization_11/FusedBatchNormV3,4,21.504,5.376,21.504,5.376,0.00023003372715483966,0.9402471668753499,0.0,0.0
461,Device,BiasAdd,model/conv2d_2/BiasAdd,2,21.504,10.752,21.504,10.752,0.00023003372715483966,0.9404772006025047,0.0,0.0
462,Device,BiasAdd,model/conv2d_6/BiasAdd,2,21.504,10.752,21.504,10.752,0.00023003372715483966,0.9407072343296595,0.0,0.0
463,Device,Sum,conv2d_28/kernel/Regularizer/Sum,2,20.481,10.2405,20.481,10.2405,0.00021909043740040324,0.94092632476706,0.0,0.0
464,Device,BiasAddGrad,gradient_tape/model/conv2d_34/BiasAdd/BiasAddGrad,2,20.481,10.2405,20.481,10.2405,0.00021909043740040324,0.9411454152044604,0.0,0.0
465,Device,BiasAddGrad,gradient_tape/model/conv2d_37/BiasAdd/BiasAddGrad,2,20.481,10.2405,20.481,10.2405,0.00021909043740040324,0.9413645056418608,0.0,0.0
466,Device,Sum,conv2d_26/kernel/Regularizer/Sum,2,20.48,10.24,20.48,10.24,0.00021907974014746633,0.9415835853820083,0.0,0.0
467,Device,Sum,conv2d_30/kernel/Regularizer/Sum,2,20.48,10.24,20.48,10.24,0.00021907974014746633,0.9418026651221557,0.0,0.0
468,Device,Sum,conv2d_32/kernel/Regularizer/Sum,2,20.48,10.24,20.48,10.24,0.00021907974014746633,0.9420217448623032,0.0,0.0
469,Device,Sum,conv2d_34/kernel/Regularizer/Sum,2,20.48,10.24,20.48,10.24,0.00021907974014746633,0.9422408246024506,0.0,0.0
470,Device,Sum,conv2d_37/kernel/Regularizer/Sum,2,20.48,10.24,20.48,10.24,0.00021907974014746633,0.9424599043425981,0.0,0.0
471,Device,Sum,conv2d_39/kernel/Regularizer/Sum,2,20.48,10.24,20.48,10.24,0.00021907974014746633,0.9426789840827455,0.0,0.0
472,Device,Sum,conv2d_40/kernel/Regularizer/Sum,2,20.48,10.24,20.48,10.24,0.00021907974014746633,0.942898063822893,0.0,0.0
473,Device,Sum,conv2d_41/kernel/Regularizer/Sum,2,20.48,10.24,20.48,10.24,0.00021907974014746633,0.9431171435630404,0.0,0.0
474,Device,Tile,gradient_tape/conv2d_25/kernel/Regularizer/Tile,2,20.48,10.24,20.48,10.24,0.00021907974014746633,0.9433362233031879,0.0,0.0
475,Device,FusedBatchNormGradV3,gradient_tape/model/batch_normalization_14/FusedBatchNormGradV3,2,20.48,10.24,20.48,10.24,0.00021907974014746633,0.9435553030433353,0.0,0.0
476,Device,FusedBatchNormGradV3,gradient_tape/model/batch_normalization_20/FusedBatchNormGradV3,2,20.48,10.24,20.48,10.24,0.00021907974014746633,0.9437743827834828,0.0,0.0
477,Device,BiasAddGrad,gradient_tape/model/conv2d_16/BiasAdd/BiasAddGrad,2,20.48,10.24,20.48,10.24,0.00021907974014746633,0.9439934625236303,0.0,0.0
478,Device,BiasAddGrad,gradient_tape/model/conv2d_22/BiasAdd/BiasAddGrad,2,20.48,10.24,20.48,10.24,0.00021907974014746633,0.9442125422637777,0.0,0.0
479,Device,BiasAddGrad,gradient_tape/model/conv2d_24/BiasAdd/BiasAddGrad,2,20.48,10.24,20.48,10.24,0.00021907974014746633,0.9444316220039252,0.0,0.0
480,Device,BiasAddGrad,gradient_tape/model/conv2d_28/BiasAdd/BiasAddGrad,2,20.48,10.24,20.48,10.24,0.00021907974014746633,0.9446507017440726,0.0,0.0
481,Device,BiasAddGrad,gradient_tape/model/conv2d_31/BiasAdd/BiasAddGrad,2,20.48,10.24,20.48,10.24,0.00021907974014746633,0.9448697814842201,0.0,0.0
482,Device,BiasAddGrad,gradient_tape/model/conv2d_40/BiasAdd/BiasAddGrad,2,20.48,10.24,20.48,10.24,0.00021907974014746633,0.9450888612243675,0.0,0.0
483,Device,AvgPool,model/average_pooling2d/AvgPool,2,20.48,10.24,20.48,10.24,0.00021907974014746633,0.945307940964515,0.0,0.0
484,Device,FusedBatchNormV3,model/batch_normalization_10/FusedBatchNormV3,4,20.48,5.12,20.48,5.12,0.00021907974014746633,0.9455270207046624,0.0,0.0
485,Device,FusedBatchNormV3,model/batch_normalization_14/FusedBatchNormV3,4,20.48,5.12,20.48,5.12,0.00021907974014746633,0.9457461004448099,0.0,0.0
486,Device,Softmax,model/dense/Softmax,2,20.48,10.24,20.48,10.24,0.00021907974014746633,0.9459651801849573,0.0,0.0
487,Device,ResourceApplyGradientDescent,SGD/SGD/update_130/ResourceApplyGradientDescent,2,19.456,9.728,19.456,9.728,0.00020812575314009302,0.9461733059380975,0.0,0.0
488,Device,ResourceApplyGradientDescent,SGD/SGD/update_154/ResourceApplyGradientDescent,2,19.456,9.728,19.456,9.728,0.00020812575314009302,0.9463814316912376,0.0,0.0
489,Device,AddN,SGD/gradients/AddN_1,2,19.456,9.728,19.456,9.728,0.00020812575314009302,0.9465895574443777,0.0,0.0
490,Device,Sum,conv2d_27/kernel/Regularizer/Sum,2,19.456,9.728,19.456,9.728,0.00020812575314009302,0.9467976831975178,0.0,0.0
491,Device,Sum,conv2d_31/kernel/Regularizer/Sum,2,19.456,9.728,19.456,9.728,0.00020812575314009302,0.9470058089506579,0.0,0.0
492,Device,Sum,conv2d_42/kernel/Regularizer/Sum,2,19.456,9.728,19.456,9.728,0.00020812575314009302,0.947213934703798,0.0,0.0
493,Device,Mul,gradient_tape/conv2d_43/kernel/Regularizer/Mul,2,19.456,9.728,19.456,9.728,0.00020812575314009302,0.9474220604569381,0.0,0.0
494,Device,ReluGrad,gradient_tape/model/activation_19/ReluGrad,2,19.456,9.728,19.456,9.728,0.00020812575314009302,0.9476301862100782,0.0,0.0
495,Device,AvgPoolGrad,gradient_tape/model/average_pooling2d/AvgPoolGrad,2,19.456,9.728,19.456,9.728,0.00020812575314009302,0.9478383119632183,0.0,0.0
496,Device,BiasAddGrad,gradient_tape/model/conv2d_11/BiasAdd/BiasAddGrad,2,19.456,9.728,19.456,9.728,0.00020812575314009302,0.9480464377163584,0.0,0.0
497,Device,FusedBatchNormV3,model/batch_normalization_16/FusedBatchNormV3,4,19.456,4.864,19.456,4.864,0.00020812575314009302,0.9482545634694985,0.0,0.0
498,Device,FusedBatchNormV3,model/batch_normalization_19/FusedBatchNormV3,4,19.456,4.864,19.456,4.864,0.00020812575314009302,0.9484626892226387,0.0,0.0
499,Device,FusedBatchNormV3,model/batch_normalization_20/FusedBatchNormV3,4,19.456,4.864,19.456,4.864,0.00020812575314009302,0.9486708149757788,0.0,0.0
500,Device,ResourceApplyGradientDescent,SGD/SGD/update_106/ResourceApplyGradientDescent,2,18.432,9.216,18.432,9.216,0.00019717176613271968,0.9488679867419115,0.0,0.0
501,Host,IDLE,IDLE,0,288301.683,0.0,288301.683,0.0,0.0,0.0,0.9953721678952899,0.9953721678952899
502,Host,GatherV2,GatherV2,2,933.331,466.6655,933.331,466.6655,0.0,0.0,0.0032223596170747252,0.9985945275123647
503,Host,Dataset,Iterator::Root::ParallelMapV2,2,53.21,26.605,53.21,26.605,0.0,0.0,0.00018370948272857768,0.9987782369950933
504,Host,Dataset,Iterator::Root::ParallelMapV2::Zip[1]::ForeverRepeat,2,56.921,28.4605,52.271,26.1355,0.0,0.0,0.0001804675506804263,0.9989587045457737
505,Host,GatherV2,GatherV2_1,2,49.02,24.51,49.02,24.51,0.0,0.0,0.00016924335356803002,0.9991279478993418
506,Host,Dataset,Iterator::Root,2,95.451,47.7255,42.241,21.1205,0.0,0.0,0.00014583860665171676,0.9992737865059935
507,Host,IteratorGetNext,IteratorGetNext,2,39.79,19.895,39.79,19.895,0.0,0.0,0.00013737643897331525,0.9994111629449668
508,Host,FlushSummaryWriter,FlushSummaryWriter,1,39.161,39.161,39.161,39.161,0.0,0.0,0.00013520479333083688,0.9995463677382976
509,Host,LogicalAnd,LogicalAnd,1,33.71,33.71,33.71,33.71,0.0,0.0,0.00011638501527495496,0.9996627527535726
510,Host,Dataset,Iterator::Root::ParallelMapV2::Zip[0]::FlatMap[1]::Concatenate,2,46.841,23.4205,24.61,12.305,0.0,0.0,8.496693046326435e-05,0.9997477196840359
511,Host,Dataset,Iterator::Root::ParallelMapV2::Zip[0]::FlatMap[1]::Concatenate[0]::TensorSlice,2,22.231,11.1155,22.231,11.1155,0.0,0.0,7.67533454339224e-05,0.9998244730294698
512,Host,WriteSummary,WriteSummary,1,19.57,19.57,19.57,19.57,0.0,0.0,6.756614502909726e-05,0.9998920391744989
513,Host,Dataset,Iterator::Root::ParallelMapV2::Zip,2,120.592,60.296,12.51,6.255,0.0,0.0,4.319123527409334e-05,0.999935230409773
514,Host,ReadVariableOp,ReadVariableOp,1,6.83,6.83,6.83,6.83,0.0,0.0,2.3580826292730417e-05,0.9999588112360657
515,Host,Dataset,Iterator::Root::ParallelMapV2::Zip[1]::ForeverRepeat::FromTensor,4,4.65,1.1625,4.65,1.1625,0.0,0.0,1.6054296085094646e-05,0.9999748655321508
516,Host,Dataset,Iterator::Root::ParallelMapV2::Zip[0]::FlatMap,2,51.161,25.5805,4.32,2.16,0.0,0.0,1.4914958943571802e-05,0.9999897804910943
517,Host,Identity,Identity,2,2.96,1.48,2.96,1.48,0.0,0.0,1.0219508905780679e-05,1.0
