Rank,Host/device,Type,Operation,#Occurrences,Total time (us),Avg. time (us),Total self-time (us),Avg. self-time (us),Total self-time on Device (%),Cumulative total-self time on Device (%),Total self-time on Host (%),Cumulative total-self time on Host (%)
1,Device,IDLE,IDLE,0,5077.981,0.0,5077.981,0.0,0.086516794415717,0.086516794415717,0.0,0.0
2,Device,Conv2DBackpropFilter,gradient_tape/sequential/conv2d_1/Conv2D/Conv2DBackpropFilter,2,2658.318,1329.159,2658.318,1329.159,0.04529145577693182,0.1318082501926488,0.0,0.0
3,Device,Conv2DBackpropFilter,gradient_tape/sequential/conv2d_3/Conv2D/Conv2DBackpropFilter,2,1971.21,985.605,1971.21,985.605,0.03358475943888044,0.16539300963152925,0.0,0.0
4,Device,Conv2DBackpropFilter,gradient_tape/sequential/conv2d_9/Conv2D/Conv2DBackpropFilter,2,1472.52,736.26,1472.52,736.26,0.025088260494285346,0.1904812701258146,0.0,0.0
5,Device,Conv2DBackpropFilter,gradient_tape/sequential/conv2d_8/Conv2D/Conv2DBackpropFilter,2,1469.448,734.724,1469.448,734.724,0.025035920874967144,0.21551719100078173,0.0,0.0
6,Device,_FusedConv2D,sequential/conv2d_1/Relu,2,1439.752,719.876,1439.752,719.876,0.024529971221557815,0.24004716222233954,0.0,0.0
7,Device,Conv2DBackpropInput,gradient_tape/sequential/conv2d_1/Conv2D/Conv2DBackpropInput,2,1438.728,719.364,1438.728,719.364,0.024512524681785084,0.2645596869041246,0.0,0.0
8,Device,Conv2DBackpropFilter,gradient_tape/sequential/conv2d_2/Conv2D/Conv2DBackpropFilter,4,1283.079,320.76975,1283.079,320.76975,0.02186063359869282,0.28642032050281746,0.0,0.0
9,Device,_FusedConv2D,sequential/conv2d_3/Relu,2,1227.782,613.891,1227.782,613.891,0.020918503413328612,0.3073388239161461,0.0,0.0
10,Device,Conv2DBackpropInput,gradient_tape/sequential/conv2d_3/Conv2D/Conv2DBackpropInput,2,1222.662,611.331,1222.662,611.331,0.020831270714464938,0.32817009463061103,0.0,0.0
11,Device,_FusedConv2D,sequential/conv2d_8/Relu,2,1146.886,573.443,1146.886,573.443,0.019540226771282525,0.34771032140189356,0.0,0.0
12,Device,_FusedConv2D,sequential/conv2d_9/Relu,2,1140.742,570.371,1140.742,570.371,0.019435547532646112,0.36714586893453965,0.0,0.0
13,Device,_FusedConv2D,sequential/conv2d_6/Relu,2,1117.19,558.595,1117.19,558.595,0.019034277117873203,0.38618014605241285,0.0,0.0
14,Device,Conv2DBackpropInput,gradient_tape/sequential/conv2d_9/Conv2D/Conv2DBackpropInput,2,1114.118,557.059,1114.118,557.059,0.018981937498554993,0.40516208355096783,0.0,0.0
15,Device,_FusedConv2D,sequential/conv2d_5/Relu,2,1114.117,557.0585,1114.117,557.0585,0.018981920460918497,0.42414400401188634,0.0,0.0
16,Device,Conv2DBackpropInput,gradient_tape/sequential/conv2d_8/Conv2D/Conv2DBackpropInput,2,1112.07,556.035,1112.07,556.035,0.018947044419009525,0.44309104843089586,0.0,0.0
17,Device,Conv2DBackpropInput,gradient_tape/sequential/conv2d_5/Conv2D/Conv2DBackpropInput,2,1100.806,550.403,1100.806,550.403,0.018755132481509437,0.4618461809124053,0.0,0.0
18,Device,Conv2DBackpropInput,gradient_tape/sequential/conv2d_6/Conv2D/Conv2DBackpropInput,2,1096.71,548.355,1096.71,548.355,0.018685346322418497,0.4805315272348238,0.0,0.0
19,Device,Conv2DBackpropFilter,gradient_tape/sequential/conv2d_5/Conv2D/Conv2DBackpropFilter,2,1090.566,545.283,1090.566,545.283,0.018580667083782084,0.4991121943186059,0.0,0.0
20,Device,Conv2DBackpropFilter,gradient_tape/sequential/conv2d_6/Conv2D/Conv2DBackpropFilter,2,1081.35,540.675,1081.35,540.675,0.018423648225827465,0.5175358425444333,0.0,0.0
21,Device,Conv2DBackpropFilter,gradient_tape/sequential/conv2d_10/Conv2D/Conv2DBackpropFilter,2,1042.438,521.219,1042.438,521.219,0.017760679714463525,0.5352965222588968,0.0,0.0
22,Device,Conv2DBackpropFilter,gradient_tape/sequential/conv2d_11/Conv2D/Conv2DBackpropFilter,2,1038.341,519.1705,1038.341,519.1705,0.017690876517736084,0.5529873987766328,0.0,0.0
23,Device,Conv2DBackpropFilter,gradient_tape/sequential/conv2d_12/Conv2D/Conv2DBackpropFilter,2,1015.812,507.906,1015.812,507.906,0.017307035605099413,0.5702944343817322,0.0,0.0
24,Device,_FusedConv2D,sequential/conv2d_10/Relu,4,1007.62,251.905,1007.62,251.905,0.01716746328691753,0.5874618976686498,0.0,0.0
25,Device,_FusedConv2D,sequential/conv2d_11/Relu,4,994.308,248.577,994.308,248.577,0.01694065826987197,0.6044025559385218,0.0,0.0
26,Device,_FusedConv2D,sequential/conv2d_12/Relu,4,993.286,248.3215,993.286,248.3215,0.016923245805372227,0.621325801743894,0.0,0.0
27,Device,ReluGrad,gradient_tape/sequential/conv2d_1/ReluGrad,2,873.476,436.738,873.476,436.738,0.014881966576689205,0.6362077683205831,0.0,0.0
28,Device,ReluGrad,gradient_tape/sequential/conv2d/ReluGrad,2,870.404,435.202,870.404,435.202,0.014829626957370999,0.6510373952779541,0.0,0.0
29,Device,ResourceApplyGradientDescent,SGD/SGD/update_28/ResourceApplyGradientDescent,2,847.877,423.9385,847.877,423.9385,0.014445820120007318,0.6654832153979614,0.0,0.0
30,Device,Conv2DBackpropFilter,gradient_tape/sequential/conv2d/Conv2D/Conv2DBackpropFilter,2,797.7,398.85,797.7,398.85,0.013590922633506792,0.6790741380314682,0.0,0.0
31,Device,_FusedConv2D,sequential/conv2d_4/Relu,2,770.052,385.026,770.052,385.026,0.013119866059642939,0.6921940040911112,0.0,0.0
32,Device,Conv2DBackpropFilter,gradient_tape/sequential/conv2d_4/Conv2D/Conv2DBackpropFilter,2,699.396,349.698,699.396,349.698,0.011916054815324201,0.7041100589064354,0.0,0.0
33,Device,Conv2DBackpropInput,gradient_tape/sequential/conv2d_4/Conv2D/Conv2DBackpropInput,2,689.156,344.578,689.156,344.578,0.011741589417596848,0.7158516483240323,0.0,0.0
34,Device,_FusedConv2D,sequential/conv2d_2/Relu,2,687.108,343.554,687.108,343.554,0.011706696338051378,0.7275583446620836,0.0,0.0
35,Device,_FusedConv2D,sequential/conv2d_7/Relu,2,676.868,338.434,676.868,338.434,0.011532230940324026,0.7390905756024077,0.0,0.0
36,Device,MatMul,gradient_tape/sequential/dense_1/MatMul/MatMul_1,2,659.46,329.73,659.46,329.73,0.011235639764187526,0.7503262153665952,0.0,0.0
37,Device,MaxPoolGrad,gradient_tape/sequential/max_pooling2d_3/MaxPool/MaxPoolGrad,2,655.364,327.682,655.364,327.682,0.011165853605096586,0.7614920689716917,0.0,0.0
38,Device,Conv2DBackpropFilter,gradient_tape/sequential/conv2d_7/Conv2D/Conv2DBackpropFilter,2,644.098,322.049,644.098,322.049,0.0109739075923235,0.7724659765640153,0.0,0.0
39,Device,Conv2DBackpropInput,gradient_tape/sequential/conv2d_7/Conv2D/Conv2DBackpropInput,2,642.052,321.026,642.052,321.026,0.010939048588051026,0.7834050251520663,0.0,0.0
40,Device,MatMul,sequential/dense_1/MatMul,2,638.98,319.49,638.98,319.49,0.01088670896873282,0.7942917341207991,0.0,0.0
41,Device,MatMul,gradient_tape/sequential/dense_1/MatMul/MatMul,2,636.931,318.4655,636.931,318.4655,0.010851798851550852,0.80514353297235,0.0,0.0
42,Device,MaxPoolGrad,gradient_tape/sequential/max_pooling2d/MaxPool/MaxPoolGrad,2,623.62,311.81,623.62,311.81,0.01062501087214179,0.8157685438444917,0.0,0.0
43,Device,Conv2DBackpropInput,gradient_tape/sequential/conv2d_2/Conv2D/Conv2DBackpropInput,2,619.522,309.761,619.522,309.761,0.010555190637777856,0.8263237344822696,0.0,0.0
44,Device,Conv2DBackpropInput,gradient_tape/sequential/conv2d_11/Conv2D/Conv2DBackpropInput,4,609.284,152.321,609.284,152.321,0.010380759315323495,0.836704493797593,0.0,0.0
45,Device,Conv2DBackpropInput,gradient_tape/sequential/conv2d_12/Conv2D/Conv2DBackpropInput,4,609.284,152.321,609.284,152.321,0.010380759315323495,0.8470852531129165,0.0,0.0
46,Device,Conv2DBackpropInput,gradient_tape/sequential/conv2d_10/Conv2D/Conv2DBackpropInput,4,607.236,151.809,607.236,151.809,0.010345866235778024,0.8574311193486945,0.0,0.0
47,Device,MaxPoolGrad,gradient_tape/sequential/max_pooling2d_4/MaxPool/MaxPoolGrad,2,589.827,294.9135,589.827,294.9135,0.010049258022005028,0.8674803773706996,0.0,0.0
48,Device,_Send,IteratorGetNext/_1,2,572.419,286.2095,572.419,286.2095,0.009752666845868526,0.8772330442165681,0.0,0.0
49,Device,ReluGrad,gradient_tape/sequential/conv2d_3/ReluGrad,2,435.204,217.602,435.204,217.602,0.007414847553958493,0.8846478917705266,0.0,0.0
50,Device,ReluGrad,gradient_tape/sequential/conv2d_2/ReluGrad,2,418.818,209.409,418.818,209.409,0.0071356688423217345,0.8917835606128484,0.0,0.0
51,Device,_FusedConv2D,sequential/conv2d/Relu,2,416.77,208.385,416.77,208.385,0.007100775762776263,0.8988843363756246,0.0,0.0
52,Device,MaxPoolGrad,gradient_tape/sequential/max_pooling2d_2/MaxPool/MaxPoolGrad,2,378.882,189.441,378.882,189.441,0.006455253791185058,0.9053395901668096,0.0,0.0
53,Device,MaxPool,sequential/max_pooling2d/MaxPool,2,346.114,173.057,346.114,173.057,0.005896964518457527,0.9112365546852672,0.0,0.0
54,Device,MaxPoolGrad,gradient_tape/sequential/max_pooling2d_1/MaxPool/MaxPoolGrad,2,327.68,163.84,327.68,163.84,0.005582892727275299,0.9168194474125425,0.0,0.0
55,Device,BiasAddGrad,gradient_tape/sequential/conv2d_1/BiasAdd/BiasAddGrad,2,308.226,154.113,308.226,154.113,0.005251442546866322,0.9220708899594088,0.0,0.0
56,Device,BiasAddGrad,gradient_tape/sequential/conv2d/BiasAdd/BiasAddGrad,2,307.202,153.601,307.202,153.601,0.005233996007093586,0.9273048859665024,0.0,0.0
57,Device,ReluGrad,gradient_tape/sequential/conv2d_5/ReluGrad,2,216.066,108.033,216.066,108.033,0.0036812539673201435,0.9309861399338225,0.0,0.0
58,Device,ReluGrad,gradient_tape/sequential/conv2d_4/ReluGrad,2,215.042,107.521,215.042,107.521,0.0036638074275474083,0.93464994736137,0.0,0.0
59,Device,ReluGrad,gradient_tape/sequential/conv2d_6/ReluGrad,2,214.018,107.009,214.018,107.009,0.0036463608877746728,0.9382963082491447,0.0,0.0
60,Device,MaxPool,sequential/max_pooling2d_1/MaxPool,2,190.466,95.233,190.466,95.233,0.003245090473001761,0.9415413987221465,0.0,0.0
61,Device,BiasAddGrad,gradient_tape/sequential/conv2d_3/BiasAdd/BiasAddGrad,2,168.96,84.48,168.96,84.48,0.002878679062501326,0.9444200777846478,0.0,0.0
62,Device,BiasAddGrad,gradient_tape/sequential/conv2d_2/BiasAdd/BiasAddGrad,2,163.84,81.92,163.84,81.92,0.0027914463636376495,0.9472115241482854,0.0,0.0
63,Device,ResourceApplyGradientDescent,SGD/SGD/update_20/ResourceApplyGradientDescent,2,123.904,61.952,123.904,61.952,0.0021110313125009723,0.9493225554607864,0.0,0.0
64,Device,ResourceApplyGradientDescent,SGD/SGD/update_22/ResourceApplyGradientDescent,2,123.904,61.952,123.904,61.952,0.0021110313125009723,0.9514335867732874,0.0,0.0
65,Device,ResourceApplyGradientDescent,SGD/SGD/update_24/ResourceApplyGradientDescent,2,123.904,61.952,123.904,61.952,0.0021110313125009723,0.9535446180857884,0.0,0.0
66,Device,MatMul,gradient_tape/sequential/dense/MatMul/MatMul_1,2,122.88,61.44,122.88,61.44,0.0020935847727282368,0.9556382028585166,0.0,0.0
67,Device,ResourceApplyGradientDescent,SGD/SGD/update_16/ResourceApplyGradientDescent,2,119.808,59.904,119.808,59.904,0.002041245153410031,0.9576794480119266,0.0,0.0
68,Device,ResourceApplyGradientDescent,SGD/SGD/update_18/ResourceApplyGradientDescent,2,118.786,59.393,118.786,59.393,0.002023832688910289,0.9597032807008369,0.0,0.0
69,Device,ResourceApplyGradientDescent,SGD/SGD/update_26/ResourceApplyGradientDescent,2,111.616,55.808,111.616,55.808,0.0019016728352281484,0.961604953536065,0.0,0.0
70,Device,ReluGrad,gradient_tape/sequential/conv2d_8/ReluGrad,2,109.568,54.784,109.568,54.784,0.001866779755682678,0.9634717332917477,0.0,0.0
71,Device,ReluGrad,gradient_tape/sequential/conv2d_7/ReluGrad,2,108.546,54.273,108.546,54.273,0.0018493672911829363,0.9653211005829306,0.0,0.0
72,Device,MatMul,gradient_tape/sequential/dense/MatMul/MatMul,2,107.522,53.761,107.522,53.761,0.001831920751410201,0.9671530213343409,0.0,0.0
73,Device,SoftmaxCrossEntropyWithLogits,categorical_crossentropy/softmax_cross_entropy_with_logits,2,99.328,49.664,99.328,49.664,0.001692314357955325,0.9688453356922963,0.0,0.0
74,Device,BiasAddGrad,gradient_tape/sequential/conv2d_4/BiasAdd/BiasAddGrad,2,96.256,48.128,96.256,48.128,0.001639974738637119,0.9704853104309333,0.0,0.0
75,Device,BiasAddGrad,gradient_tape/sequential/conv2d_5/BiasAdd/BiasAddGrad,2,96.256,48.128,96.256,48.128,0.001639974738637119,0.9721252851695704,0.0,0.0
76,Device,BiasAddGrad,gradient_tape/sequential/conv2d_6/BiasAdd/BiasAddGrad,2,95.232,47.616,95.232,47.616,0.0016225281988643835,0.9737478133684349,0.0,0.0
77,Device,MatMul,sequential/dense/MatMul,2,95.232,47.616,95.232,47.616,0.0016225281988643835,0.9753703415672993,0.0,0.0
78,Device,ReluGrad,gradient_tape/sequential/conv2d_9/ReluGrad,2,94.208,47.104,94.208,47.104,0.0016050816590916482,0.976975423226391,0.0,0.0
79,Device,MaxPool,sequential/max_pooling2d_2/MaxPool,2,94.208,47.104,94.208,47.104,0.0016050816590916482,0.9785805048854826,0.0,0.0
80,Device,BiasAddGrad,gradient_tape/sequential/conv2d_7/BiasAdd/BiasAddGrad,2,68.608,34.304,68.608,34.304,0.0011689181647732657,0.9797494230502559,0.0,0.0
81,Device,BiasAddGrad,gradient_tape/sequential/conv2d_8/BiasAdd/BiasAddGrad,2,62.464,31.232,62.464,31.232,0.0010642389261368537,0.9808136619763927,0.0,0.0
82,Device,BiasAddGrad,gradient_tape/sequential/conv2d_9/BiasAdd/BiasAddGrad,2,62.464,31.232,62.464,31.232,0.0010642389261368537,0.9818779009025296,0.0,0.0
83,Device,ResourceApplyGradientDescent,SGD/SGD/update_14/ResourceApplyGradientDescent,2,59.392,29.696,59.392,29.696,0.0010118993068186479,0.9828898002093482,0.0,0.0
84,Device,ReluGrad,gradient_tape/sequential/dense/ReluGrad,2,58.368,29.184,58.368,29.184,0.0009944527670459125,0.9838842529763941,0.0,0.0
85,Device,ReluGrad,gradient_tape/sequential/dense_1/ReluGrad,2,49.152,24.576,49.152,24.576,0.0008374339090912948,0.9847216868854854,0.0,0.0
86,Device,Transpose,gradient_tape/sequential/conv2d/Conv2D/Conv2DBackpropFilter-0-TransposeNHWCToNCHW-LayoutOptimizer,2,43.008,21.504,43.008,21.504,0.000732754670454883,0.9854544415559403,0.0,0.0
87,Device,MaxPool,sequential/max_pooling2d_3/MaxPool,2,43.008,21.504,43.008,21.504,0.000732754670454883,0.9861871962263952,0.0,0.0
88,Device,BiasAddGrad,gradient_tape/sequential/conv2d_12/BiasAdd/BiasAddGrad,2,35.84,17.92,35.84,17.92,0.0006106288920457358,0.9867978251184409,0.0,0.0
89,Device,ResourceApplyGradientDescent,SGD/SGD/update_10/ResourceApplyGradientDescent,2,34.816,17.408,34.816,17.408,0.0005931823522730005,0.987391007470714,0.0,0.0
90,Device,ResourceApplyGradientDescent,SGD/SGD/update_12/ResourceApplyGradientDescent,2,34.816,17.408,34.816,17.408,0.0005931823522730005,0.987984189822987,0.0,0.0
91,Device,BiasAddGrad,gradient_tape/sequential/conv2d_10/BiasAdd/BiasAddGrad,2,34.816,17.408,34.816,17.408,0.0005931823522730005,0.98857737217526,0.0,0.0
92,Device,BiasAddGrad,gradient_tape/sequential/conv2d_11/BiasAdd/BiasAddGrad,2,34.816,17.408,34.816,17.408,0.0005931823522730005,0.989170554527533,0.0,0.0
93,Device,MatMul,sequential/dense_2/MatMul,2,31.744,15.872,31.744,15.872,0.0005408427329547946,0.9897113972604878,0.0,0.0
94,Device,BiasAddGrad,gradient_tape/sequential/dense_1/BiasAdd/BiasAddGrad,2,30.72,15.36,30.72,15.36,0.0005233961931820592,0.9902347934536699,0.0,0.0
95,Device,ReluGrad,gradient_tape/sequential/conv2d_11/ReluGrad,2,29.696,14.848,29.696,14.848,0.0005059496534093239,0.9907407431070793,0.0,0.0
96,Device,BiasAddGrad,gradient_tape/sequential/dense/BiasAdd/BiasAddGrad,2,29.696,14.848,29.696,14.848,0.0005059496534093239,0.9912466927604886,0.0,0.0
97,Device,ReluGrad,gradient_tape/sequential/conv2d_10/ReluGrad,2,28.672,14.336,28.672,14.336,0.0004885031136365886,0.9917351958741252,0.0,0.0
98,Device,MatMul,gradient_tape/sequential/dense_2/MatMul/MatMul,2,25.6,12.8,25.6,12.8,0.0004361634943183827,0.9921713593684436,0.0,0.0
99,Device,MatMul,gradient_tape/sequential/dense_2/MatMul/MatMul_1,2,24.576,12.288,24.576,12.288,0.0004187169545456474,0.9925900763229892,0.0,0.0
100,Device,ResourceApplyGradientDescent,SGD/SGD/update_8/ResourceApplyGradientDescent,2,21.504,10.752,21.504,10.752,0.0003663773352274415,0.9929564536582167,0.0,0.0
101,Device,Softmax,sequential/dense_2/Softmax,2,20.48,10.24,20.48,10.24,0.0003489307954547062,0.9933053844536714,0.0,0.0
102,Device,BiasAdd,sequential/dense/BiasAdd,2,14.336,7.168,14.336,7.168,0.0002442515568182943,0.9935496360104897,0.0,0.0
103,Device,BiasAdd,sequential/dense_1/BiasAdd,2,14.336,7.168,14.336,7.168,0.0002442515568182943,0.993793887567308,0.0,0.0
104,Device,ResourceApplyGradientDescent,SGD/SGD/update_6/ResourceApplyGradientDescent,2,13.312,6.656,13.312,6.656,0.00022680501704555898,0.9940206925843535,0.0,0.0
105,Device,BiasAddGrad,gradient_tape/sequential/dense_2/BiasAdd/BiasAddGrad,2,13.312,6.656,13.312,6.656,0.00022680501704555898,0.9942474976013991,0.0,0.0
106,Device,Relu,sequential/dense/Relu,2,12.288,6.144,12.288,6.144,0.0002093584772728237,0.9944568560786718,0.0,0.0
107,Device,Relu,sequential/dense_1/Relu,2,12.288,6.144,12.288,6.144,0.0002093584772728237,0.9946662145559446,0.0,0.0
108,Device,MaxPool,sequential/max_pooling2d_4/MaxPool,2,11.264,5.632,11.264,5.632,0.00019191193750008837,0.9948581264934447,0.0,0.0
109,Device,ReluGrad,gradient_tape/sequential/conv2d_12/ReluGrad,2,10.241,5.1205,10.241,5.1205,0.00017448243536384987,0.9950326089288086,0.0,0.0
110,Device,ResourceApplyGradientDescent,SGD/SGD/update_4/ResourceApplyGradientDescent,2,10.24,5.12,10.24,5.12,0.0001744653977273531,0.995207074326536,0.0,0.0
111,Device,ResourceApplyGradientDescent,SGD/SGD/update_27/ResourceApplyGradientDescent,2,9.216,4.608,9.216,4.608,0.00015701885795461776,0.9953640931844906,0.0,0.0
112,Device,ArgMax,ArgMax,2,8.193,4.0965,8.193,4.0965,0.00013958935581837926,0.995503682540309,0.0,0.0
113,Device,ResourceApplyGradientDescent,SGD/SGD/update_13/ResourceApplyGradientDescent,2,8.192,4.096,8.192,4.096,0.00013957231818188245,0.9956432548584908,0.0,0.0
114,Device,ResourceApplyGradientDescent,SGD/SGD/update_2/ResourceApplyGradientDescent,2,8.192,4.096,8.192,4.096,0.00013957231818188245,0.9957828271766727,0.0,0.0
115,Device,ResourceApplyGradientDescent,SGD/SGD/update_29/ResourceApplyGradientDescent,2,8.192,4.096,8.192,4.096,0.00013957231818188245,0.9959223994948545,0.0,0.0
116,Device,ResourceApplyGradientDescent,SGD/SGD/update_30/ResourceApplyGradientDescent,2,8.192,4.096,8.192,4.096,0.00013957231818188245,0.9960619718130364,0.0,0.0
117,Device,ArgMax,ArgMax_1,2,7.168,3.584,7.168,3.584,0.00012212577840914714,0.9961840975914455,0.0,0.0
118,Device,ResourceApplyGradientDescent,SGD/SGD/update_17/ResourceApplyGradientDescent,2,7.168,3.584,7.168,3.584,0.00012212577840914714,0.9963062233698547,0.0,0.0
119,Device,ResourceApplyGradientDescent,SGD/SGD/update_21/ResourceApplyGradientDescent,2,7.168,3.584,7.168,3.584,0.00012212577840914714,0.996428349148264,0.0,0.0
120,Device,ResourceApplyGradientDescent,SGD/SGD/update_23/ResourceApplyGradientDescent,2,7.168,3.584,7.168,3.584,0.00012212577840914714,0.9965504749266731,0.0,0.0
121,Device,ResourceApplyGradientDescent,SGD/SGD/update_3/ResourceApplyGradientDescent,2,7.168,3.584,7.168,3.584,0.00012212577840914714,0.9966726007050823,0.0,0.0
122,Device,AssignAddVariableOp,AssignAddVariableOp_1,2,6.144,3.072,6.144,3.072,0.00010467923863641185,0.9967772799437188,0.0,0.0
123,Device,AssignAddVariableOp,AssignAddVariableOp_2,2,6.144,3.072,6.144,3.072,0.00010467923863641185,0.9968819591823552,0.0,0.0
124,Device,AssignAddVariableOp,AssignAddVariableOp_4,2,6.144,3.072,6.144,3.072,0.00010467923863641185,0.9969866384209917,0.0,0.0
125,Device,Cast,Cast,2,6.144,3.072,6.144,3.072,0.00010467923863641185,0.9970913176596281,0.0,0.0
126,Device,AssignAddVariableOp,SGD/SGD/AssignAddVariableOp,2,6.144,3.072,6.144,3.072,0.00010467923863641185,0.9971959968982645,0.0,0.0
127,Device,ResourceApplyGradientDescent,SGD/SGD/update/ResourceApplyGradientDescent,2,6.144,3.072,6.144,3.072,0.00010467923863641185,0.997300676136901,0.0,0.0
128,Device,ResourceApplyGradientDescent,SGD/SGD/update_1/ResourceApplyGradientDescent,2,6.144,3.072,6.144,3.072,0.00010467923863641185,0.9974053553755374,0.0,0.0
129,Device,ResourceApplyGradientDescent,SGD/SGD/update_11/ResourceApplyGradientDescent,2,6.144,3.072,6.144,3.072,0.00010467923863641185,0.9975100346141739,0.0,0.0
130,Device,ResourceApplyGradientDescent,SGD/SGD/update_15/ResourceApplyGradientDescent,2,6.144,3.072,6.144,3.072,0.00010467923863641185,0.9976147138528103,0.0,0.0
131,Device,ResourceApplyGradientDescent,SGD/SGD/update_19/ResourceApplyGradientDescent,2,6.144,3.072,6.144,3.072,0.00010467923863641185,0.9977193930914467,0.0,0.0
132,Device,ResourceApplyGradientDescent,SGD/SGD/update_25/ResourceApplyGradientDescent,2,6.144,3.072,6.144,3.072,0.00010467923863641185,0.9978240723300832,0.0,0.0
133,Device,ResourceApplyGradientDescent,SGD/SGD/update_31/ResourceApplyGradientDescent,2,6.144,3.072,6.144,3.072,0.00010467923863641185,0.9979287515687196,0.0,0.0
134,Device,ResourceApplyGradientDescent,SGD/SGD/update_5/ResourceApplyGradientDescent,2,6.144,3.072,6.144,3.072,0.00010467923863641185,0.9980334308073561,0.0,0.0
135,Device,ResourceApplyGradientDescent,SGD/SGD/update_7/ResourceApplyGradientDescent,2,6.144,3.072,6.144,3.072,0.00010467923863641185,0.9981381100459925,0.0,0.0
136,Device,ResourceApplyGradientDescent,SGD/SGD/update_9/ResourceApplyGradientDescent,2,6.144,3.072,6.144,3.072,0.00010467923863641185,0.998242789284629,0.0,0.0
137,Device,Sum,Sum_2,2,6.144,3.072,6.144,3.072,0.00010467923863641185,0.9983474685232654,0.0,0.0
138,Device,DivNoNan,categorical_crossentropy/weighted_loss/value,2,6.144,3.072,6.144,3.072,0.00010467923863641185,0.9984521477619018,0.0,0.0
139,Device,DivNoNan,gradient_tape/categorical_crossentropy/weighted_loss/value/div_no_nan,2,6.144,3.072,6.144,3.072,0.00010467923863641185,0.9985568270005383,0.0,0.0
140,Device,BiasAdd,sequential/dense_2/BiasAdd,2,6.144,3.072,6.144,3.072,0.00010467923863641185,0.9986615062391747,0.0,0.0
141,Device,DivNoNan,div_no_nan,2,5.121,2.5605,5.121,2.5605,8.724973650017335e-05,0.9987487559756749,0.0,0.0
142,Device,AssignAddVariableOp,AssignAddVariableOp,2,5.12,2.56,5.12,2.56,8.723269886367655e-05,0.9988359886745386,0.0,0.0
143,Device,AssignAddVariableOp,AssignAddVariableOp_3,2,5.12,2.56,5.12,2.56,8.723269886367655e-05,0.9989232213734023,0.0,0.0
144,Device,Cast,Cast_1,2,5.12,2.56,5.12,2.56,8.723269886367655e-05,0.999010454072266,0.0,0.0
145,Device,Equal,Equal,2,5.12,2.56,5.12,2.56,8.723269886367655e-05,0.9990976867711296,0.0,0.0
146,Device,Mul,Mul,2,5.12,2.56,5.12,2.56,8.723269886367655e-05,0.9991849194699933,0.0,0.0
147,Device,Sum,categorical_crossentropy/weighted_loss/Sum,2,5.12,2.56,5.12,2.56,8.723269886367655e-05,0.999272152168857,0.0,0.0
148,Device,DivNoNan,div_no_nan_1,2,5.12,2.56,5.12,2.56,8.723269886367655e-05,0.9993593848677207,0.0,0.0
149,Device,Mul,gradient_tape/categorical_crossentropy/softmax_cross_entropy_with_logits/mul,2,5.12,2.56,5.12,2.56,8.723269886367655e-05,0.9994466175665844,0.0,0.0
150,Device,Tile,gradient_tape/categorical_crossentropy/weighted_loss/Tile_1,2,5.12,2.56,5.12,2.56,8.723269886367655e-05,0.999533850265448,0.0,0.0
151,Device,_Recv,categorical_crossentropy/weighted_loss/num_elements/_14,2,4.8,2.4,4.8,2.4,8.178065518469675e-05,0.9996156309206328,0.0,0.0
152,Device,Cast,Cast_2,2,4.096,2.048,4.096,2.048,6.978615909094123e-05,0.9996854170797237,0.0,0.0
153,Device,Cast,categorical_crossentropy/weighted_loss/num_elements/Cast,2,4.096,2.048,4.096,2.048,6.978615909094123e-05,0.9997552032388146,0.0,0.0
154,Device,_Send,IteratorGetNext/_3,2,4.032,2.016,4.032,2.016,6.869575035514528e-05,0.9998238989891698,0.0,0.0
155,Device,_Recv,Size/_16,2,3.68,1.84,3.68,1.84,6.269850230826752e-05,0.999886597491478,0.0,0.0
156,Device,_Recv,strided_slice/_12,2,3.584,1.792,3.584,1.792,6.106288920457357e-05,0.9999476603806826,0.0,0.0
157,Device,LogicalAnd,LogicalAnd,1,3.072,3.072,3.072,3.072,5.2339619318205926e-05,1.0000000000000009,0.0,0.0
158,Host,IDLE,IDLE,0,240649.891,0.0,240649.891,0.0,0.0,0.0,0.9890896437401063,0.9890896437401063
159,Host,_Send,IteratorGetNext/_1,2,1005.248,502.624,1005.248,502.624,0.0,0.0,0.004131646941782552,0.9932212906818889
160,Host,GatherV2,GatherV2,2,897.976,448.988,897.976,448.988,0.0,0.0,0.003690750734340311,0.9969120414162292
161,Host,_Send,IteratorGetNext/_3,2,177.373,88.6865,177.373,88.6865,0.0,0.0,0.0007290167331890205,0.9976410581494183
162,Host,_Send,IteratorGetNext/_6,2,94.351,47.1755,94.351,47.1755,0.0,0.0,0.0003877898992130554,0.9980288480486313
163,Host,GatherV2,GatherV2_1,2,65.131,32.5655,65.131,32.5655,0.0,0.0,0.0002676934417827634,0.9982965414904141
164,Host,Dataset,Iterator::Root::ParallelMapV2,2,61.581,30.7905,61.581,30.7905,0.0,0.0,0.0002531026675227519,0.9985496441579369
165,Host,Dataset,Iterator::Root::ParallelMapV2::Zip[1]::ForeverRepeat,2,64.972,32.486,60.302,30.151,0.0,0.0,0.0002478458787118914,0.9987974900366487
166,Host,Dataset,Iterator::Root::ParallelMapV2::Zip[0]::FlatMap[1]::Concatenate,2,70.611,35.3055,45.981,22.9905,0.0,0.0,0.00018898546232382806,0.9989864754989726
167,Host,Dataset,Iterator::Root,2,105.803,52.9015,44.222,22.111,0.0,0.0,0.00018175583642992377,0.9991682313354024
168,Host,IteratorGetNext,IteratorGetNext,2,43.88,21.94,43.88,21.94,0.0,0.0,0.00018035019000825505,0.9993485815254107
169,Host,FlushSummaryWriter,FlushSummaryWriter,1,38.651,38.651,38.651,38.651,0.0,0.0,0.00015885859603484654,0.9995074401214455
170,Host,LogicalAnd,LogicalAnd,1,29.621,29.621,29.621,29.621,0.0,0.0,0.00012174459841008484,0.9996291847198556
171,Host,Dataset,Iterator::Root::ParallelMapV2::Zip[0]::FlatMap[1]::Concatenate[0]::TensorSlice,2,24.63,12.315,24.63,12.315,0.0,0.0,0.00010123120282368555,0.9997304159226793
172,Host,WriteSummary,WriteSummary,1,20.841,20.841,20.841,20.841,0.0,0.0,8.565812009940847e-05,0.9998160740427787
173,Host,_HostSend,categorical_crossentropy/softmax_cross_entropy_with_logits/Shape_2/_9,2,13.88,6.94,13.88,6.94,0.0,0.0,5.704787231801687e-05,0.9998731219150967
174,Host,Dataset,Iterator::Root::ParallelMapV2::Zip,2,152.833,76.4165,12.0,6.0,0.0,0.0,4.932092707609527e-05,0.9999224428421728
175,Host,ReadVariableOp,ReadVariableOp,1,6.23,6.23,6.23,6.23,0.0,0.0,2.5605781307006132e-05,0.9999480486234799
176,Host,Dataset,Iterator::Root::ParallelMapV2::Zip[0]::FlatMap,2,75.861,37.9305,5.25,2.625,0.0,0.0,2.157790559579168e-05,0.9999696265290756
177,Host,Dataset,Iterator::Root::ParallelMapV2::Zip[1]::ForeverRepeat::FromTensor,4,4.67,1.1675,4.67,1.1675,0.0,0.0,1.9194060787113742e-05,0.9999888205898627
178,Host,Identity,Identity,2,2.72,1.36,2.72,1.36,0.0,0.0,1.1179410137248263e-05,1.0
