Rank,Host/device,Type,Operation,#Occurrences,Total time (us),Avg. time (us),Total self-time (us),Avg. self-time (us),Total self-time on Device (%),Cumulative total-self time on Device (%),Total self-time on Host (%),Cumulative total-self time on Host (%)
1,Device,IDLE,IDLE,0,22303.475,0.0,22303.475,0.0,0.5584240643572844,0.5584240643572844,0.0,0.0
2,Device,Conv2DBackpropFilter,gradient_tape/model/conv2d_16/Conv2D/Conv2DBackpropFilter,2,584.707,292.3535,584.707,292.3535,0.0146396227223854,0.5730636870796698,0.0,0.0
3,Device,Conv2DBackpropFilter,gradient_tape/model/conv2d_18/Conv2D/Conv2DBackpropFilter,2,583.683,291.8415,583.683,291.8415,0.014613984285240432,0.5876776713649102,0.0,0.0
4,Device,Conv2DBackpropFilter,gradient_tape/model/conv2d_19/Conv2D/Conv2DBackpropFilter,2,573.443,286.7215,573.443,286.7215,0.014357599913790755,0.6020352712787009,0.0,0.0
5,Device,Conv2DBackpropInput,gradient_tape/model/conv2d_19/Conv2D/Conv2DBackpropInput,4,425.986,106.4965,425.986,106.4965,0.010665639927379126,0.6127009112060801,0.0,0.0
6,Device,Conv2DBackpropInput,gradient_tape/model/conv2d_16/Conv2D/Conv2DBackpropInput,4,423.938,105.9845,423.938,105.9845,0.010614363053089191,0.6233152742591692,0.0,0.0
7,Device,Conv2DBackpropInput,gradient_tape/model/conv2d_18/Conv2D/Conv2DBackpropInput,4,422.914,105.7285,422.914,105.7285,0.010588724615944223,0.6339039988751134,0.0,0.0
8,Device,Conv2D,model/conv2d_16/Conv2D,4,421.89,105.4725,421.89,105.4725,0.010563086178799256,0.6444670850539127,0.0,0.0
9,Device,Conv2D,model/conv2d_19/Conv2D,4,414.722,103.6805,414.722,103.6805,0.010383617118784482,0.6548507021726971,0.0,0.0
10,Device,Conv2D,model/conv2d_18/Conv2D,4,414.721,103.68025,414.721,103.68025,0.010383592081248208,0.6652342942539453,0.0,0.0
11,Device,Conv2DBackpropInput,gradient_tape/model/conv2d_15/Conv2D/Conv2DBackpropInput,2,347.138,173.569,347.138,173.569,0.008691480267216611,0.673925774521162,0.0,0.0
12,Device,Conv2D,model/conv2d_15/Conv2D,4,319.489,79.87225,319.489,79.87225,0.007999217426766207,0.6819249919479282,0.0,0.0
13,Device,_Send,IteratorGetNext/_1,2,243.65,121.825,243.65,121.825,0.0061003957132533095,0.6880253876611815,0.0,0.0
14,Device,Conv2DBackpropFilter,gradient_tape/model/conv2d_5/Conv2D/Conv2DBackpropFilter,4,194.56,48.64,194.56,48.64,0.00487130305754387,0.6928966907187254,0.0,0.0
15,Device,FusedBatchNormGradV3,gradient_tape/model/batch_normalization/FusedBatchNormGradV3,2,187.393,93.6965,187.393,93.6965,0.00469185903506537,0.6975885497537908,0.0,0.0
16,Device,Conv2DBackpropInput,gradient_tape/model/conv2d_14/Conv2D/Conv2DBackpropInput,4,187.393,46.84825,187.393,46.84825,0.00469185903506537,0.7022804087888562,0.0,0.0
17,Device,Conv2DBackpropFilter,gradient_tape/model/conv2d/Conv2D/Conv2DBackpropFilter,2,186.368,93.184,186.368,93.184,0.004666195560384128,0.7069466043492404,0.0,0.0
18,Device,Conv2DBackpropInput,gradient_tape/model/conv2d_13/Conv2D/Conv2DBackpropInput,4,186.368,46.592,186.368,46.592,0.004666195560384128,0.7116127999096246,0.0,0.0
19,Device,Conv2DBackpropInput,gradient_tape/model/conv2d_11/Conv2D/Conv2DBackpropInput,4,184.322,46.0805,184.322,46.0805,0.004614968761166741,0.7162277686707913,0.0,0.0
20,Device,Conv2D,model/conv2d_14/Conv2D,4,180.225,45.05625,180.225,45.05625,0.004512389975050596,0.7207401586458418,0.0,0.0
21,Device,Conv2D,model/conv2d_13/Conv2D,4,180.224,45.056,180.224,45.056,0.004512364937514321,0.7252525235833561,0.0,0.0
22,Device,Conv2D,model/conv2d_11/Conv2D,4,176.129,44.03225,176.129,44.03225,0.004409836226470724,0.7296623598098269,0.0,0.0
23,Device,Conv2DBackpropFilter,gradient_tape/model/conv2d_1/Conv2D/Conv2DBackpropFilter,4,167.937,41.98425,167.937,41.98425,0.004204728729310984,0.7338670885391378,0.0,0.0
24,Device,Conv2DBackpropFilter,gradient_tape/model/conv2d_2/Conv2D/Conv2DBackpropFilter,4,164.865,41.21625,164.865,41.21625,0.00412781341787608,0.7379949019570139,0.0,0.0
25,Device,Conv2DBackpropFilter,gradient_tape/model/conv2d_3/Conv2D/Conv2DBackpropFilter,4,161.793,40.44825,161.793,40.44825,0.004050898106441177,0.7420458000634551,0.0,0.0
26,Device,Conv2DBackpropInput,gradient_tape/model/conv2d_10/Conv2D/Conv2DBackpropInput,2,160.768,80.384,160.768,80.384,0.004025234631759934,0.7460710346952151,0.0,0.0
27,Device,Conv2DBackpropFilter,gradient_tape/model/conv2d_4/Conv2D/Conv2DBackpropFilter,4,159.745,39.93625,159.745,39.93625,0.003999621232151241,0.7500706559273663,0.0,0.0
28,Device,Conv2D,model/conv2d/Conv2D,2,158.722,79.361,158.722,79.361,0.003974007832542548,0.7540446637599089,0.0,0.0
29,Device,Conv2DBackpropInput,gradient_tape/model/conv2d_5/Conv2D/Conv2DBackpropInput,2,155.648,77.824,155.648,77.824,0.003897042446035096,0.7579417062059439,0.0,0.0
30,Device,Conv2DBackpropFilter,gradient_tape/model/conv2d_14/Conv2D/Conv2DBackpropFilter,4,137.216,34.304,137.216,34.304,0.003435550577425677,0.7613772567833696,0.0,0.0
31,Device,Conv2DBackpropFilter,gradient_tape/model/conv2d_11/Conv2D/Conv2DBackpropFilter,4,133.12,33.28,133.12,33.28,0.0033329968288458058,0.7647102536122155,0.0,0.0
32,Device,Conv2DBackpropFilter,gradient_tape/model/conv2d_13/Conv2D/Conv2DBackpropFilter,4,132.097,33.02425,132.097,33.02425,0.0033073834292371125,0.7680176370414525,0.0,0.0
33,Device,Conv2DBackpropFilter,gradient_tape/model/conv2d_15/Conv2D/Conv2DBackpropFilter,2,130.048,65.024,130.048,65.024,0.0032560815174109024,0.7712737185588634,0.0,0.0
34,Device,Conv2D,model/conv2d_10/Conv2D,4,130.048,32.512,130.048,32.512,0.0032560815174109024,0.7745298000762743,0.0,0.0
35,Device,ResourceApplyGradientDescent,SGD/SGD/update_62/ResourceApplyGradientDescent,2,124.929,62.4645,124.929,62.4645,0.0031279143692223383,0.7776577144454966,0.0,0.0
36,Device,Conv2D,model/conv2d_1/Conv2D,2,124.929,62.4645,124.929,62.4645,0.0031279143692223383,0.7807856288147189,0.0,0.0
37,Device,ResourceApplyGradientDescent,SGD/SGD/update_66/ResourceApplyGradientDescent,2,123.905,61.9525,123.905,61.9525,0.0031022759320773704,0.7838879047467963,0.0,0.0
38,Device,AddN,SGD/gradients/AddN_25,2,123.905,61.9525,123.905,61.9525,0.0031022759320773704,0.7869901806788736,0.0,0.0
39,Device,Conv2D,model/conv2d_2/Conv2D,2,123.905,61.9525,123.905,61.9525,0.0031022759320773704,0.790092456610951,0.0,0.0
40,Device,ResourceApplyGradientDescent,SGD/SGD/update_70/ResourceApplyGradientDescent,2,122.881,61.4405,122.881,61.4405,0.003076637494932403,0.7931690941058833,0.0,0.0
41,Device,Conv2D,model/conv2d_4/Conv2D,2,122.88,61.44,122.88,61.44,0.003076612457396128,0.7962457065632794,0.0,0.0
42,Device,Mul,gradient_tape/conv2d_18/kernel/Regularizer/Mul_1,2,121.856,60.928,121.856,60.928,0.0030509740202511603,0.7992966805835305,0.0,0.0
43,Device,Conv2D,model/conv2d_3/Conv2D,2,121.856,60.928,121.856,60.928,0.0030509740202511603,0.8023476546037817,0.0,0.0
44,Device,Mul,gradient_tape/conv2d_16/kernel/Regularizer/Mul_1,2,120.832,60.416,120.832,60.416,0.0030253355831061928,0.8053729901868879,0.0,0.0
45,Device,Mul,gradient_tape/conv2d_19/kernel/Regularizer/Mul_1,2,119.808,59.904,119.808,59.904,0.0029996971459612253,0.8083726873328492,0.0,0.0
46,Device,Conv2DBackpropFilter,gradient_tape/model/conv2d_8/Conv2D/Conv2DBackpropFilter,2,118.784,59.392,118.784,59.392,0.0029740587088162573,0.8113467460416655,0.0,0.0
47,Device,Conv2D,model/conv2d_6/Conv2D,2,118.784,59.392,118.784,59.392,0.0029740587088162573,0.8143208047504817,0.0,0.0
48,Device,Conv2D,model/conv2d_8/Conv2D,2,118.784,59.392,118.784,59.392,0.0029740587088162573,0.817294863459298,0.0,0.0
49,Device,FusedBatchNormV3,model/batch_normalization/FusedBatchNormV3,4,116.736,29.184,116.736,29.184,0.002922781834526322,0.8202176452938243,0.0,0.0
50,Device,Conv2DBackpropFilter,gradient_tape/model/conv2d_6/Conv2D/Conv2DBackpropFilter,2,115.712,57.856,115.712,57.856,0.0028971433973813544,0.8231147886912057,0.0,0.0
51,Device,Conv2D,model/conv2d_9/Conv2D,2,114.689,57.3445,114.689,57.3445,0.0028715299977726608,0.8259863186889783,0.0,0.0
52,Device,Conv2DBackpropFilter,gradient_tape/model/conv2d_10/Conv2D/Conv2DBackpropFilter,4,114.688,28.672,114.688,28.672,0.0028715049602363865,0.8288578236492147,0.0,0.0
53,Device,Conv2DBackpropInput,gradient_tape/model/conv2d_17/Conv2D/Conv2DBackpropInput,4,114.688,28.672,114.688,28.672,0.0028715049602363865,0.831729328609451,0.0,0.0
54,Device,Conv2DBackpropFilter,gradient_tape/model/conv2d_9/Conv2D/Conv2DBackpropFilter,2,114.688,57.344,114.688,57.344,0.0028715049602363865,0.8346008335696874,0.0,0.0
55,Device,AddN,SGD/gradients/AddN_26,2,110.593,55.2965,110.593,55.2965,0.00276897624919279,0.8373698098188802,0.0,0.0
56,Device,AddN,SGD/gradients/AddN_27,2,110.592,55.296,110.592,55.296,0.0027689512116565156,0.8401387610305368,0.0,0.0
57,Device,Conv2DBackpropInput,gradient_tape/model/conv2d_6/Conv2D/Conv2DBackpropInput,4,110.592,27.648,110.592,27.648,0.0027689512116565156,0.8429077122421933,0.0,0.0
58,Device,Conv2DBackpropInput,gradient_tape/model/conv2d_9/Conv2D/Conv2DBackpropInput,4,106.496,26.624,106.496,26.624,0.0026663974630766443,0.8455741097052699,0.0,0.0
59,Device,ReluGrad,gradient_tape/model/activation/ReluGrad,2,102.401,51.2005,102.401,51.2005,0.0025638687520330478,0.848137978457303,0.0,0.0
60,Device,Conv2DBackpropInput,gradient_tape/model/conv2d_8/Conv2D/Conv2DBackpropInput,4,102.4,25.6,102.4,25.6,0.002563843714496774,0.8507018221717998,0.0,0.0
61,Device,SoftmaxCrossEntropyWithLogits,categorical_crossentropy/softmax_cross_entropy_with_logits,2,99.329,49.6645,99.329,49.6645,0.0024869534405981444,0.8531887756123979,0.0,0.0
62,Device,Conv2DBackpropInput,gradient_tape/model/conv2d_1/Conv2D/Conv2DBackpropInput,4,97.28,24.32,97.28,24.32,0.002435651528771935,0.8556244271411698,0.0,0.0
63,Device,Conv2D,model/conv2d_5/Conv2D,4,96.257,24.06425,96.257,24.06425,0.0024100381291632415,0.8580344652703331,0.0,0.0
64,Device,Conv2DBackpropFilter,gradient_tape/model/conv2d_12/Conv2D/Conv2DBackpropFilter,2,95.232,47.616,95.232,47.616,0.0023843746544819993,0.8604188399248152,0.0,0.0
65,Device,Conv2DBackpropInput,gradient_tape/model/conv2d_3/Conv2D/Conv2DBackpropInput,4,94.209,23.55225,94.209,23.55225,0.002358761254873306,0.8627776011796885,0.0,0.0
66,Device,Conv2DBackpropInput,gradient_tape/model/conv2d_2/Conv2D/Conv2DBackpropInput,4,93.185,23.29625,93.185,23.29625,0.0023331228177283386,0.8651107239974168,0.0,0.0
67,Device,Conv2DBackpropInput,gradient_tape/model/conv2d_4/Conv2D/Conv2DBackpropInput,4,93.184,23.296,93.184,23.296,0.002333097780192064,0.8674438217776089,0.0,0.0
68,Device,MaxPoolGrad,gradient_tape/model/max_pooling2d/MaxPool/MaxPoolGrad,2,88.064,44.032,88.064,44.032,0.002204905594467225,0.8696487273720761,0.0,0.0
69,Device,Mul,gradient_tape/conv2d_16/kernel/Regularizer/Mul,2,83.969,41.9845,83.969,41.9845,0.0021023768834236285,0.8717511042554997,0.0,0.0
70,Device,Square,conv2d_16/kernel/Regularizer/Square,2,81.921,40.9605,81.921,40.9605,0.0020511000091336935,0.8738022042646334,0.0,0.0
71,Device,Square,conv2d_18/kernel/Regularizer/Square,2,81.92,40.96,81.92,40.96,0.002051074971597419,0.8758532792362308,0.0,0.0
72,Device,Square,conv2d_19/kernel/Regularizer/Square,2,81.92,40.96,81.92,40.96,0.002051074971597419,0.8779043542078282,0.0,0.0
73,Device,BiasAdd,model/conv2d/BiasAdd,2,76.8,38.4,76.8,38.4,0.0019228827858725802,0.8798272369937008,0.0,0.0
74,Device,Conv2DBackpropInput,gradient_tape/model/conv2d_12/Conv2D/Conv2DBackpropInput,4,74.752,18.688,74.752,18.688,0.0018716059115826446,0.8816988429052834,0.0,0.0
75,Device,Tile,gradient_tape/conv2d_16/kernel/Regularizer/Tile,2,73.728,36.864,73.728,36.864,0.0018459674744376769,0.8835448103797211,0.0,0.0
76,Device,Relu,model/activation/Relu,2,72.705,36.3525,72.705,36.3525,0.0018203540748289837,0.88536516445455,0.0,0.0
77,Device,Conv2D,model/conv2d_17/Conv2D,4,65.537,16.38425,65.537,16.38425,0.0016408850148142097,0.8870060494693642,0.0,0.0
78,Device,Conv2DBackpropFilter,gradient_tape/model/conv2d_17/Conv2D/Conv2DBackpropFilter,2,65.536,32.768,65.536,32.768,0.0016408599772779352,0.8886469094466422,0.0,0.0
79,Device,ResourceApplyGradientDescent,SGD/SGD/update_56/ResourceApplyGradientDescent,2,62.465,31.2325,62.465,31.2325,0.0015639697033793063,0.8902108791500215,0.0,0.0
80,Device,AddN,SGD/gradients/AddN_23,2,62.464,31.232,62.464,31.232,0.0015639446658430318,0.8917748238158646,0.0,0.0
81,Device,Mul,gradient_tape/conv2d_15/kernel/Regularizer/Mul_1,2,59.393,29.6965,59.393,29.6965,0.0014870543919444032,0.893261878207809,0.0,0.0
82,Device,MaxPool,model/max_pooling2d/MaxPool,2,58.369,29.1845,58.369,29.1845,0.0014614159547994352,0.8947232941626084,0.0,0.0
83,Device,Sum,conv2d_19/kernel/Regularizer/Sum,2,58.368,29.184,58.368,29.184,0.001461390917263161,0.8961846850798716,0.0,0.0
84,Device,Sum,conv2d_16/kernel/Regularizer/Sum,2,57.344,28.672,57.344,28.672,0.0014357524801181932,0.8976204375599898,0.0,0.0
85,Device,Conv2DBackpropFilter,gradient_tape/model/conv2d_7/Conv2D/Conv2DBackpropFilter,2,54.272,27.136,54.272,27.136,0.0013588371686832899,0.898979274728673,0.0,0.0
86,Device,Sum,conv2d_18/kernel/Regularizer/Sum,2,51.2,25.6,51.2,25.6,0.001281921857248387,0.9002611965859214,0.0,0.0
87,Device,Conv2DBackpropInput,gradient_tape/model/conv2d_7/Conv2D/Conv2DBackpropInput,2,48.128,24.064,48.128,24.064,0.0012050065458134836,0.9014662031317349,0.0,0.0
88,Device,Square,conv2d_15/kernel/Regularizer/Square,2,44.033,22.0165,44.033,22.0165,0.001102477834769887,0.9025686809665048,0.0,0.0
89,Device,Conv2D,model/conv2d_7/Conv2D,2,44.032,22.016,44.032,22.016,0.0011024527972336125,0.9036711337637384,0.0,0.0
90,Device,Mul,gradient_tape/conv2d_15/kernel/Regularizer/Mul,2,43.008,21.504,43.008,21.504,0.001076814360088645,0.9047479481238271,0.0,0.0
91,Device,BiasAddGrad,gradient_tape/model/conv2d/BiasAdd/BiasAddGrad,2,43.008,21.504,43.008,21.504,0.001076814360088645,0.9058247624839157,0.0,0.0
92,Device,Tile,gradient_tape/conv2d_15/kernel/Regularizer/Tile,2,40.96,20.48,40.96,20.48,0.0010255374857987094,0.9068502999697144,0.0,0.0
93,Device,Conv2D,model/conv2d_12/Conv2D,2,37.888,18.944,37.888,18.944,0.0009486221743638061,0.9077989221440782,0.0,0.0
94,Device,AddN,SGD/gradients/AddN_20,2,34.816,17.408,34.816,17.408,0.0008717068629289031,0.9086706290070071,0.0,0.0
95,Device,AddN,SGD/gradients/AddN_21,2,34.816,17.408,34.816,17.408,0.0008717068629289031,0.909542335869936,0.0,0.0
96,Device,AddN,SGD/gradients/AddN_22,2,33.792,16.896,33.792,16.896,0.0008460684257839353,0.91038840429572,0.0,0.0
97,Device,Mul,gradient_tape/conv2d_14/kernel/Regularizer/Mul_1,2,31.744,15.872,31.744,15.872,0.0007947915514939998,0.911183195847214,0.0,0.0
98,Device,AddN,SGD/gradients/AddN_7,2,30.72,15.36,30.72,15.36,0.000769153114349032,0.911952348961563,0.0,0.0
99,Device,Sum,conv2d_15/kernel/Regularizer/Sum,2,30.72,15.36,30.72,15.36,0.000769153114349032,0.912721502075912,0.0,0.0
100,Device,Mul,gradient_tape/conv2d_13/kernel/Regularizer/Mul_1,2,30.72,15.36,30.72,15.36,0.000769153114349032,0.913490655190261,0.0,0.0
101,Device,ReluGrad,gradient_tape/model/activation_1/ReluGrad,2,30.72,15.36,30.72,15.36,0.000769153114349032,0.91425980830461,0.0,0.0
102,Device,FusedBatchNormGradV3,gradient_tape/model/batch_normalization_1/FusedBatchNormGradV3,2,30.72,15.36,30.72,15.36,0.000769153114349032,0.915028961418959,0.0,0.0
103,Device,FusedBatchNormGradV3,gradient_tape/model/batch_normalization_3/FusedBatchNormGradV3,2,30.72,15.36,30.72,15.36,0.000769153114349032,0.915798114533308,0.0,0.0
104,Device,FusedBatchNormGradV3,gradient_tape/model/batch_normalization_4/FusedBatchNormGradV3,2,30.72,15.36,30.72,15.36,0.000769153114349032,0.916567267647657,0.0,0.0
105,Device,FusedBatchNormGradV3,gradient_tape/model/batch_normalization_2/FusedBatchNormGradV3,2,29.697,14.8485,29.697,14.8485,0.0007435397147403387,0.9173108073623973,0.0,0.0
106,Device,Transpose,gradient_tape/model/conv2d/Conv2D/Conv2DBackpropFilter-0-TransposeNHWCToNCHW-LayoutOptimizer,2,27.648,13.824,27.648,13.824,0.0006922378029141289,0.9180030451653115,0.0,0.0
107,Device,FusedBatchNormV3,model/batch_normalization_13/FusedBatchNormV3,4,27.648,6.912,27.648,6.912,0.0006922378029141289,0.9186952829682257,0.0,0.0
108,Device,FusedBatchNormV3,model/batch_normalization_14/FusedBatchNormV3,4,26.625,6.65625,26.625,6.65625,0.0006666244033054355,0.9193619073715311,0.0,0.0
109,Device,FusedBatchNormV3,model/batch_normalization_16/FusedBatchNormV3,4,26.625,6.65625,26.625,6.65625,0.0006666244033054355,0.9200285317748366,0.0,0.0
110,Device,BiasAddGrad,gradient_tape/model/conv2d_15/BiasAdd/BiasAddGrad,2,25.601,12.8005,25.601,12.8005,0.0006409859661604678,0.920669517740997,0.0,0.0
111,Device,Mul,gradient_tape/conv2d_11/kernel/Regularizer/Mul_1,2,25.6,12.8,25.6,12.8,0.0006409609286241935,0.9213104786696212,0.0,0.0
112,Device,FusedBatchNormV3,model/batch_normalization_15/FusedBatchNormV3,4,25.6,6.4,25.6,6.4,0.0006409609286241935,0.9219514395982454,0.0,0.0
113,Device,FusedBatchNormGradV3,gradient_tape/model/batch_normalization_13/FusedBatchNormGradV3,2,24.576,12.288,24.576,12.288,0.0006153224914792257,0.9225667620897247,0.0,0.0
114,Device,BiasAddGrad,gradient_tape/model/conv2d_18/BiasAdd/BiasAddGrad,2,24.576,12.288,24.576,12.288,0.0006153224914792257,0.9231820845812039,0.0,0.0
115,Device,BiasAddGrad,gradient_tape/model/conv2d_19/BiasAdd/BiasAddGrad,2,24.576,12.288,24.576,12.288,0.0006153224914792257,0.9237974070726831,0.0,0.0
116,Device,ResourceApplyGradientDescent,SGD/SGD/update_44/ResourceApplyGradientDescent,2,23.552,11.776,23.552,11.776,0.000589684054334258,0.9243870911270173,0.0,0.0
117,Device,Sum,conv2d_11/kernel/Regularizer/Sum,2,23.552,11.776,23.552,11.776,0.000589684054334258,0.9249767751813516,0.0,0.0
118,Device,FusedBatchNormGradV3,gradient_tape/model/batch_normalization_15/FusedBatchNormGradV3,2,23.552,11.776,23.552,11.776,0.000589684054334258,0.9255664592356858,0.0,0.0
119,Device,Sum,conv2d_13/kernel/Regularizer/Sum,2,22.528,11.264,22.528,11.264,0.0005640456171892901,0.9261305048528751,0.0,0.0
120,Device,Square,conv2d_14/kernel/Regularizer/Square,2,22.528,11.264,22.528,11.264,0.0005640456171892901,0.9266945504700643,0.0,0.0
121,Device,FusedBatchNormGradV3,gradient_tape/model/batch_normalization_14/FusedBatchNormGradV3,2,22.528,11.264,22.528,11.264,0.0005640456171892901,0.9272585960872536,0.0,0.0
122,Device,ResourceApplyGradientDescent,SGD/SGD/update_48/ResourceApplyGradientDescent,2,21.504,10.752,21.504,10.752,0.0005384071800443225,0.9277970032672979,0.0,0.0
123,Device,ResourceApplyGradientDescent,SGD/SGD/update_52/ResourceApplyGradientDescent,2,21.504,10.752,21.504,10.752,0.0005384071800443225,0.9283354104473421,0.0,0.0
124,Device,Square,conv2d_11/kernel/Regularizer/Square,2,21.504,10.752,21.504,10.752,0.0005384071800443225,0.9288738176273864,0.0,0.0
125,Device,Square,conv2d_13/kernel/Regularizer/Square,2,21.504,10.752,21.504,10.752,0.0005384071800443225,0.9294122248074307,0.0,0.0
126,Device,FusedBatchNormGradV3,gradient_tape/model/batch_normalization_16/FusedBatchNormGradV3,2,21.504,10.752,21.504,10.752,0.0005384071800443225,0.929950631987475,0.0,0.0
127,Device,BiasAddGrad,gradient_tape/model/conv2d_1/BiasAdd/BiasAddGrad,2,20.481,10.2405,20.481,10.2405,0.0005127937804356291,0.9304634257679106,0.0,0.0
128,Device,AddN,SGD/gradients/AddN_6,2,20.48,10.24,20.48,10.24,0.0005127687428993547,0.93097619451081,0.0,0.0
129,Device,Tile,gradient_tape/conv2d_11/kernel/Regularizer/Tile,2,20.48,10.24,20.48,10.24,0.0005127687428993547,0.9314889632537094,0.0,0.0
130,Device,FusedBatchNormGradV3,gradient_tape/model/batch_normalization_10/FusedBatchNormGradV3,2,20.48,10.24,20.48,10.24,0.0005127687428993547,0.9320017319966089,0.0,0.0
131,Device,BiasAddGrad,gradient_tape/model/conv2d_17/BiasAdd/BiasAddGrad,2,20.48,10.24,20.48,10.24,0.0005127687428993547,0.9325145007395083,0.0,0.0
132,Device,BiasAddGrad,gradient_tape/model/conv2d_3/BiasAdd/BiasAddGrad,2,20.48,10.24,20.48,10.24,0.0005127687428993547,0.9330272694824077,0.0,0.0
133,Device,BiasAddGrad,gradient_tape/model/conv2d_4/BiasAdd/BiasAddGrad,2,20.48,10.24,20.48,10.24,0.0005127687428993547,0.9335400382253071,0.0,0.0
134,Device,MatMul,gradient_tape/model/dense/MatMul/MatMul_1,2,20.48,10.24,20.48,10.24,0.0005127687428993547,0.9340528069682065,0.0,0.0
135,Device,FusedBatchNormV3,model/batch_normalization_1/FusedBatchNormV3,4,20.48,5.12,20.48,5.12,0.0005127687428993547,0.9345655757111059,0.0,0.0
136,Device,FusedBatchNormV3,model/batch_normalization_11/FusedBatchNormV3,4,20.48,5.12,20.48,5.12,0.0005127687428993547,0.9350783444540053,0.0,0.0
137,Device,FusedBatchNormV3,model/batch_normalization_9/FusedBatchNormV3,4,20.48,5.12,20.48,5.12,0.0005127687428993547,0.9355911131969047,0.0,0.0
138,Device,MatMul,model/dense/MatMul,2,20.48,10.24,20.48,10.24,0.0005127687428993547,0.9361038819398041,0.0,0.0
139,Device,FusedBatchNormV3,model/batch_normalization_4/FusedBatchNormV3,4,19.457,4.86425,19.457,4.86425,0.0004871553432906614,0.9365910372830948,0.0,0.0
140,Device,AddN,ArithmeticOptimizer/AddOpsRewrite_AddN_1,4,19.456,4.864,19.456,4.864,0.000487130305754387,0.9370781675888492,0.0,0.0
141,Device,AddN,SGD/gradients/AddN_18,2,19.456,9.728,19.456,9.728,0.000487130305754387,0.9375652978946036,0.0,0.0
142,Device,Sum,conv2d_14/kernel/Regularizer/Sum,2,19.456,9.728,19.456,9.728,0.000487130305754387,0.9380524282003581,0.0,0.0
143,Device,FusedBatchNormGradV3,gradient_tape/model/batch_normalization_11/FusedBatchNormGradV3,2,19.456,9.728,19.456,9.728,0.000487130305754387,0.9385395585061125,0.0,0.0
144,Device,FusedBatchNormGradV3,gradient_tape/model/batch_normalization_9/FusedBatchNormGradV3,2,19.456,9.728,19.456,9.728,0.000487130305754387,0.9390266888118669,0.0,0.0
145,Device,FusedBatchNormV3,model/batch_normalization_10/FusedBatchNormV3,4,19.456,4.864,19.456,4.864,0.000487130305754387,0.9395138191176213,0.0,0.0
146,Device,FusedBatchNormV3,model/batch_normalization_2/FusedBatchNormV3,4,19.456,4.864,19.456,4.864,0.000487130305754387,0.9400009494233758,0.0,0.0
147,Device,FusedBatchNormV3,model/batch_normalization_3/FusedBatchNormV3,4,19.456,4.864,19.456,4.864,0.000487130305754387,0.9404880797291302,0.0,0.0
148,Device,BiasAddGrad,gradient_tape/model/conv2d_14/BiasAdd/BiasAddGrad,2,18.433,9.2165,18.433,9.2165,0.0004615169061456936,0.9409495966352759,0.0,0.0
149,Device,Sum,conv2d_10/kernel/Regularizer/Sum,2,18.432,9.216,18.432,9.216,0.0004614918686094192,0.9414110885038853,0.0,0.0
150,Device,Sum,conv2d_9/kernel/Regularizer/Sum,2,18.432,9.216,18.432,9.216,0.0004614918686094192,0.9418725803724948,0.0,0.0
151,Device,ReluGrad,gradient_tape/model/activation_3/ReluGrad,2,18.432,9.216,18.432,9.216,0.0004614918686094192,0.9423340722411042,0.0,0.0
152,Device,ReluGrad,gradient_tape/model/activation_4/ReluGrad,2,18.432,9.216,18.432,9.216,0.0004614918686094192,0.9427955641097137,0.0,0.0
153,Device,FusedBatchNormGradV3,gradient_tape/model/batch_normalization_12/FusedBatchNormGradV3,2,18.432,9.216,18.432,9.216,0.0004614918686094192,0.9432570559783231,0.0,0.0
154,Device,BiasAddGrad,gradient_tape/model/conv2d_13/BiasAdd/BiasAddGrad,2,18.432,9.216,18.432,9.216,0.0004614918686094192,0.9437185478469325,0.0,0.0
155,Device,FusedBatchNormV3,model/batch_normalization_12/FusedBatchNormV3,4,18.432,4.608,18.432,4.608,0.0004614918686094192,0.944180039715542,0.0,0.0
156,Device,Softmax,model/dense/Softmax,2,18.432,9.216,18.432,9.216,0.0004614918686094192,0.9446415315841514,0.0,0.0
157,Device,Sum,conv2d_17/kernel/Regularizer/Sum,2,17.408,8.704,17.408,8.704,0.00043585343146445156,0.9450773850156159,0.0,0.0
158,Device,Mul,gradient_tape/conv2d_11/kernel/Regularizer/Mul,2,17.408,8.704,17.408,8.704,0.00043585343146445156,0.9455132384470804,0.0,0.0
159,Device,ReluGrad,gradient_tape/model/activation_2/ReluGrad,2,17.408,8.704,17.408,8.704,0.00043585343146445156,0.9459490918785448,0.0,0.0
160,Device,FusedBatchNormGradV3,gradient_tape/model/batch_normalization_7/FusedBatchNormGradV3,2,17.408,8.704,17.408,8.704,0.00043585343146445156,0.9463849453100093,0.0,0.0
161,Device,FusedBatchNormGradV3,gradient_tape/model/batch_normalization_8/FusedBatchNormGradV3,2,16.385,8.1925,16.385,8.1925,0.0004102400318557582,0.946795185341865,0.0,0.0
162,Device,Sum,conv2d_8/kernel/Regularizer/Sum,2,16.384,8.192,16.384,8.192,0.0004102149943194838,0.9472054003361845,0.0,0.0
163,Device,FusedBatchNormGradV3,gradient_tape/model/batch_normalization_5/FusedBatchNormGradV3,2,16.384,8.192,16.384,8.192,0.0004102149943194838,0.947615615330504,0.0,0.0
164,Device,FusedBatchNormGradV3,gradient_tape/model/batch_normalization_6/FusedBatchNormGradV3,2,16.384,8.192,16.384,8.192,0.0004102149943194838,0.9480258303248235,0.0,0.0
165,Device,BiasAddGrad,gradient_tape/model/conv2d_10/BiasAdd/BiasAddGrad,2,16.384,8.192,16.384,8.192,0.0004102149943194838,0.9484360453191429,0.0,0.0
166,Device,BiasAddGrad,gradient_tape/model/conv2d_5/BiasAdd/BiasAddGrad,2,16.384,8.192,16.384,8.192,0.0004102149943194838,0.9488462603134624,0.0,0.0
167,Device,BiasAddGrad,gradient_tape/model/conv2d_8/BiasAdd/BiasAddGrad,2,16.384,8.192,16.384,8.192,0.0004102149943194838,0.9492564753077819,0.0,0.0
168,Device,BiasAddGrad,gradient_tape/model/conv2d_9/BiasAdd/BiasAddGrad,2,16.384,8.192,16.384,8.192,0.0004102149943194838,0.9496666903021014,0.0,0.0
169,Device,AddV2,model/add/add,2,16.384,8.192,16.384,8.192,0.0004102149943194838,0.9500769052964209,0.0,0.0
170,Device,FusedBatchNormV3,model/batch_normalization_5/FusedBatchNormV3,4,16.384,4.096,16.384,4.096,0.0004102149943194838,0.9504871202907403,0.0,0.0
171,Device,FusedBatchNormV3,model/batch_normalization_8/FusedBatchNormV3,4,16.384,4.096,16.384,4.096,0.0004102149943194838,0.9508973352850598,0.0,0.0
172,Device,AddN,SGD/gradients/AddN_5,2,15.36,7.68,15.36,7.68,0.000384576557174516,0.9512819118422343,0.0,0.0
173,Device,Sum,conv2d_2/kernel/Regularizer/Sum,2,15.36,7.68,15.36,7.68,0.000384576557174516,0.9516664883994088,0.0,0.0
174,Device,ReluGrad,gradient_tape/model/activation_5/ReluGrad,2,15.36,7.68,15.36,7.68,0.000384576557174516,0.9520510649565833,0.0,0.0
175,Device,BiasAddGrad,gradient_tape/model/conv2d_2/BiasAdd/BiasAddGrad,2,15.36,7.68,15.36,7.68,0.000384576557174516,0.9524356415137578,0.0,0.0
176,Device,FusedBatchNormV3,model/batch_normalization_6/FusedBatchNormV3,4,15.36,3.84,15.36,3.84,0.000384576557174516,0.9528202180709323,0.0,0.0
177,Device,FusedBatchNormV3,model/batch_normalization_7/FusedBatchNormV3,4,15.36,3.84,15.36,3.84,0.000384576557174516,0.9532047946281068,0.0,0.0
178,Device,BiasAddGrad,gradient_tape/model/conv2d_12/BiasAdd/BiasAddGrad,2,14.337,7.1685,14.337,7.1685,0.0003589631575658227,0.9535637577856726,0.0,0.0
179,Device,Square,conv2d_10/kernel/Regularizer/Square,2,14.336,7.168,14.336,7.168,0.0003589381200295483,0.9539226959057021,0.0,0.0
180,Device,Sum,conv2d_12/kernel/Regularizer/Sum,2,14.336,7.168,14.336,7.168,0.0003589381200295483,0.9542816340257316,0.0,0.0
181,Device,Sum,conv2d_3/kernel/Regularizer/Sum,2,14.336,7.168,14.336,7.168,0.0003589381200295483,0.9546405721457611,0.0,0.0
182,Device,Sum,conv2d_6/kernel/Regularizer/Sum,2,14.336,7.168,14.336,7.168,0.0003589381200295483,0.9549995102657907,0.0,0.0
183,Device,Mul,gradient_tape/conv2d_10/kernel/Regularizer/Mul_1,2,14.336,7.168,14.336,7.168,0.0003589381200295483,0.9553584483858202,0.0,0.0
184,Device,AddV2,model/add_1/add,2,14.336,7.168,14.336,7.168,0.0003589381200295483,0.9557173865058497,0.0,0.0
185,Device,Sum,conv2d_4/kernel/Regularizer/Sum,2,13.312,6.656,13.312,6.656,0.00033329968288458054,0.9560506861887342,0.0,0.0
186,Device,Tile,gradient_tape/conv2d_10/kernel/Regularizer/Tile,2,13.312,6.656,13.312,6.656,0.00033329968288458054,0.9563839858716188,0.0,0.0
187,Device,Tile,gradient_tape/conv2d_17/kernel/Regularizer/Tile,2,13.312,6.656,13.312,6.656,0.00033329968288458054,0.9567172855545033,0.0,0.0
188,Device,ReluGrad,gradient_tape/model/activation_8/ReluGrad,2,13.312,6.656,13.312,6.656,0.00033329968288458054,0.9570505852373878,0.0,0.0
189,Device,BiasAddGrad,gradient_tape/model/conv2d_7/BiasAdd/BiasAddGrad,2,13.312,6.656,13.312,6.656,0.00033329968288458054,0.9573838849202724,0.0,0.0
190,Device,Tile,gradient_tape/conv2d_12/kernel/Regularizer/Tile,2,12.289,6.1445,12.289,6.1445,0.0003076862832758872,0.9576915712035483,0.0,0.0
191,Device,Tile,gradient_tape/conv2d_5/kernel/Regularizer/Tile,2,12.289,6.1445,12.289,6.1445,0.0003076862832758872,0.9579992574868242,0.0,0.0
192,Device,ResourceApplyGradientDescent,SGD/SGD/update_38/ResourceApplyGradientDescent,2,12.288,6.144,12.288,6.144,0.00030766124573961283,0.9583069187325639,0.0,0.0
193,Device,ResourceApplyGradientDescent,SGD/SGD/update_60/ResourceApplyGradientDescent,2,12.288,6.144,12.288,6.144,0.00030766124573961283,0.9586145799783036,0.0,0.0
194,Device,AddN,SGD/gradients/AddN_16,2,12.288,6.144,12.288,6.144,0.00030766124573961283,0.9589222412240432,0.0,0.0
195,Device,AddN,SGD/gradients/AddN_4,2,12.288,6.144,12.288,6.144,0.00030766124573961283,0.9592299024697829,0.0,0.0
196,Device,Sum,conv2d/kernel/Regularizer/Sum,2,12.288,6.144,12.288,6.144,0.00030766124573961283,0.9595375637155226,0.0,0.0
197,Device,Sum,conv2d_1/kernel/Regularizer/Sum,2,12.288,6.144,12.288,6.144,0.00030766124573961283,0.9598452249612622,0.0,0.0
198,Device,Sum,conv2d_5/kernel/Regularizer/Sum,2,12.288,6.144,12.288,6.144,0.00030766124573961283,0.9601528862070019,0.0,0.0
199,Device,Tile,gradient_tape/conv2d_1/kernel/Regularizer/Tile,2,12.288,6.144,12.288,6.144,0.00030766124573961283,0.9604605474527416,0.0,0.0
200,Device,Mul,gradient_tape/conv2d_10/kernel/Regularizer/Mul,2,12.288,6.144,12.288,6.144,0.00030766124573961283,0.9607682086984812,0.0,0.0
201,Device,Tile,gradient_tape/conv2d_6/kernel/Regularizer/Tile,2,12.288,6.144,12.288,6.144,0.00030766124573961283,0.9610758699442209,0.0,0.0
202,Device,ReluGrad,gradient_tape/model/activation_6/ReluGrad,2,12.288,6.144,12.288,6.144,0.00030766124573961283,0.9613835311899606,0.0,0.0
203,Device,AddN,SGD/gradients/AddN_3,2,11.265,5.6325,11.265,5.6325,0.0002820478461309195,0.9616655790360915,0.0,0.0
204,Device,AddN,SGD/gradients/AddN_15,2,11.264,5.632,11.264,5.632,0.00028202280859464506,0.9619476018446862,0.0,0.0
205,Device,AddN,SGD/gradients/AddN_17,2,11.264,5.632,11.264,5.632,0.00028202280859464506,0.9622296246532809,0.0,0.0
206,Device,Mul,gradient_tape/conv2d_6/kernel/Regularizer/Mul_1,2,11.264,5.632,11.264,5.632,0.00028202280859464506,0.9625116474618756,0.0,0.0
207,Device,Mul,gradient_tape/conv2d_9/kernel/Regularizer/Mul_1,2,11.264,5.632,11.264,5.632,0.00028202280859464506,0.9627936702704702,0.0,0.0
208,Device,ReluGrad,gradient_tape/model/activation_12/ReluGrad,2,11.264,5.632,11.264,5.632,0.00028202280859464506,0.9630756930790649,0.0,0.0
209,Device,BiasAddGrad,gradient_tape/model/dense/BiasAdd/BiasAddGrad,2,11.264,5.632,11.264,5.632,0.00028202280859464506,0.9633577158876596,0.0,0.0
210,Device,AddV2,model/add_2/add,2,11.264,5.632,11.264,5.632,0.00028202280859464506,0.9636397386962543,0.0,0.0
211,Device,ArgMax,ArgMax,2,10.24,5.12,10.24,5.12,0.00025638437144967735,0.963896123067704,0.0,0.0
212,Device,ResourceApplyGradientDescent,SGD/SGD/update_26/ResourceApplyGradientDescent,2,10.24,5.12,10.24,5.12,0.00025638437144967735,0.9641525074391537,0.0,0.0
213,Device,AddN,SGD/gradients/AddN_13,2,10.24,5.12,10.24,5.12,0.00025638437144967735,0.9644088918106034,0.0,0.0
214,Device,AddN,SGD/gradients/AddN_24,2,10.24,5.12,10.24,5.12,0.00025638437144967735,0.9646652761820531,0.0,0.0
215,Device,Sum,conv2d_7/kernel/Regularizer/Sum,2,10.24,5.12,10.24,5.12,0.00025638437144967735,0.9649216605535028,0.0,0.0
216,Device,Square,conv2d_8/kernel/Regularizer/Square,2,10.24,5.12,10.24,5.12,0.00025638437144967735,0.9651780449249525,0.0,0.0
217,Device,Mul,gradient_tape/conv2d_17/kernel/Regularizer/Mul_1,2,10.24,5.12,10.24,5.12,0.00025638437144967735,0.9654344292964022,0.0,0.0
218,Device,Mul,gradient_tape/conv2d_8/kernel/Regularizer/Mul_1,2,10.24,5.12,10.24,5.12,0.00025638437144967735,0.9656908136678519,0.0,0.0
219,Device,ReluGrad,gradient_tape/model/activation_7/ReluGrad,2,10.24,5.12,10.24,5.12,0.00025638437144967735,0.9659471980393016,0.0,0.0
220,Device,ReluGrad,gradient_tape/model/activation_9/ReluGrad,2,10.24,5.12,10.24,5.12,0.00025638437144967735,0.9662035824107513,0.0,0.0
221,Device,AvgPoolGrad,gradient_tape/model/average_pooling2d/AvgPoolGrad,2,10.24,5.12,10.24,5.12,0.00025638437144967735,0.966459966782201,0.0,0.0
222,Device,MatMul,gradient_tape/model/dense/MatMul/MatMul,2,10.24,5.12,10.24,5.12,0.00025638437144967735,0.9667163511536507,0.0,0.0
223,Device,Relu,model/activation_3/Relu,2,10.24,5.12,10.24,5.12,0.00025638437144967735,0.9669727355251004,0.0,0.0
224,Device,Relu,model/activation_4/Relu,2,10.24,5.12,10.24,5.12,0.00025638437144967735,0.9672291198965501,0.0,0.0
225,Device,AddV2,model/add_3/add,2,10.24,5.12,10.24,5.12,0.00025638437144967735,0.9674855042679998,0.0,0.0
226,Device,AvgPool,model/average_pooling2d/AvgPool,2,10.24,5.12,10.24,5.12,0.00025638437144967735,0.9677418886394495,0.0,0.0
227,Device,BiasAdd,model/conv2d_1/BiasAdd,2,10.24,5.12,10.24,5.12,0.00025638437144967735,0.9679982730108992,0.0,0.0
228,Device,BiasAdd,model/conv2d_2/BiasAdd,2,10.24,5.12,10.24,5.12,0.00025638437144967735,0.968254657382349,0.0,0.0
229,Device,BiasAdd,model/conv2d_3/BiasAdd,2,10.24,5.12,10.24,5.12,0.00025638437144967735,0.9685110417537987,0.0,0.0
230,Device,BiasAdd,model/conv2d_4/BiasAdd,2,10.24,5.12,10.24,5.12,0.00025638437144967735,0.9687674261252484,0.0,0.0
231,Device,BiasAdd,model/conv2d_9/BiasAdd,2,10.24,5.12,10.24,5.12,0.00025638437144967735,0.9690238104966981,0.0,0.0
232,Device,ResourceApplyGradientDescent,SGD/SGD/update_30/ResourceApplyGradientDescent,2,9.216,4.608,9.216,4.608,0.0002307459343047096,0.9692545564310028,0.0,0.0
233,Device,AddN,SGD/gradients/AddN_1,2,9.216,4.608,9.216,4.608,0.0002307459343047096,0.9694853023653075,0.0,0.0
234,Device,Square,conv2d_17/kernel/Regularizer/Square,2,9.216,4.608,9.216,4.608,0.0002307459343047096,0.9697160482996122,0.0,0.0
235,Device,Square,conv2d_6/kernel/Regularizer/Square,2,9.216,4.608,9.216,4.608,0.0002307459343047096,0.9699467942339169,0.0,0.0
236,Device,Square,conv2d_9/kernel/Regularizer/Square,2,9.216,4.608,9.216,4.608,0.0002307459343047096,0.9701775401682217,0.0,0.0
237,Device,Mul,gradient_tape/conv2d_17/kernel/Regularizer/Mul,2,9.216,4.608,9.216,4.608,0.0002307459343047096,0.9704082861025264,0.0,0.0
238,Device,ReluGrad,gradient_tape/model/activation_10/ReluGrad,2,9.216,4.608,9.216,4.608,0.0002307459343047096,0.9706390320368311,0.0,0.0
239,Device,ReluGrad,gradient_tape/model/activation_11/ReluGrad,2,9.216,4.608,9.216,4.608,0.0002307459343047096,0.9708697779711358,0.0,0.0
240,Device,ReluGrad,gradient_tape/model/activation_13/ReluGrad,2,9.216,4.608,9.216,4.608,0.0002307459343047096,0.9711005239054405,0.0,0.0
241,Device,ReluGrad,gradient_tape/model/activation_14/ReluGrad,2,9.216,4.608,9.216,4.608,0.0002307459343047096,0.9713312698397453,0.0,0.0
242,Device,ReluGrad,gradient_tape/model/activation_15/ReluGrad,2,9.216,4.608,9.216,4.608,0.0002307459343047096,0.97156201577405,0.0,0.0
243,Device,BiasAdd,model/conv2d_15/BiasAdd,2,9.216,4.608,9.216,4.608,0.0002307459343047096,0.9717927617083547,0.0,0.0
244,Device,BiasAdd,model/conv2d_17/BiasAdd,2,9.216,4.608,9.216,4.608,0.0002307459343047096,0.9720235076426594,0.0,0.0
245,Device,BiasAdd,model/conv2d_6/BiasAdd,2,9.216,4.608,9.216,4.608,0.0002307459343047096,0.9722542535769642,0.0,0.0
246,Device,BiasAdd,model/conv2d_8/BiasAdd,2,9.216,4.608,9.216,4.608,0.0002307459343047096,0.9724849995112689,0.0,0.0
247,Device,ResourceApplyGradientDescent,SGD/SGD/update/ResourceApplyGradientDescent,2,8.192,4.096,8.192,4.096,0.0002051074971597419,0.9726901070084286,0.0,0.0
248,Device,ResourceApplyGradientDescent,SGD/SGD/update_12/ResourceApplyGradientDescent,2,8.192,4.096,8.192,4.096,0.0002051074971597419,0.9728952145055884,0.0,0.0
249,Device,ResourceApplyGradientDescent,SGD/SGD/update_16/ResourceApplyGradientDescent,2,8.192,4.096,8.192,4.096,0.0002051074971597419,0.9731003220027481,0.0,0.0
250,Device,ResourceApplyGradientDescent,SGD/SGD/update_34/ResourceApplyGradientDescent,2,8.192,4.096,8.192,4.096,0.0002051074971597419,0.9733054294999078,0.0,0.0
251,Device,ResourceApplyGradientDescent,SGD/SGD/update_4/ResourceApplyGradientDescent,2,8.192,4.096,8.192,4.096,0.0002051074971597419,0.9735105369970676,0.0,0.0
252,Device,ResourceApplyGradientDescent,SGD/SGD/update_74/ResourceApplyGradientDescent,2,8.192,4.096,8.192,4.096,0.0002051074971597419,0.9737156444942273,0.0,0.0
253,Device,ResourceApplyGradientDescent,SGD/SGD/update_8/ResourceApplyGradientDescent,2,8.192,4.096,8.192,4.096,0.0002051074971597419,0.9739207519913871,0.0,0.0
254,Device,AddN,SGD/gradients/AddN,2,8.192,4.096,8.192,4.096,0.0002051074971597419,0.9741258594885468,0.0,0.0
255,Device,AddN,SGD/gradients/AddN_11,2,8.192,4.096,8.192,4.096,0.0002051074971597419,0.9743309669857065,0.0,0.0
256,Device,AddN,SGD/gradients/AddN_12,2,8.192,4.096,8.192,4.096,0.0002051074971597419,0.9745360744828663,0.0,0.0
257,Device,AddN,SGD/gradients/AddN_19,2,8.192,4.096,8.192,4.096,0.0002051074971597419,0.974741181980026,0.0,0.0
258,Device,AddN,SGD/gradients/AddN_2,2,8.192,4.096,8.192,4.096,0.0002051074971597419,0.9749462894771858,0.0,0.0
259,Device,AddN,SGD/gradients/AddN_8,2,8.192,4.096,8.192,4.096,0.0002051074971597419,0.9751513969743455,0.0,0.0
260,Device,Square,conv2d_1/kernel/Regularizer/Square,2,8.192,4.096,8.192,4.096,0.0002051074971597419,0.9753565044715052,0.0,0.0
261,Device,Square,conv2d_2/kernel/Regularizer/Square,2,8.192,4.096,8.192,4.096,0.0002051074971597419,0.975561611968665,0.0,0.0
262,Device,Square,conv2d_5/kernel/Regularizer/Square,2,8.192,4.096,8.192,4.096,0.0002051074971597419,0.9757667194658247,0.0,0.0
263,Device,Mul,gradient_tape/conv2d_12/kernel/Regularizer/Mul,2,8.192,4.096,8.192,4.096,0.0002051074971597419,0.9759718269629845,0.0,0.0
264,Device,Mul,gradient_tape/conv2d_5/kernel/Regularizer/Mul,2,8.192,4.096,8.192,4.096,0.0002051074971597419,0.9761769344601442,0.0,0.0
265,Device,Mul,gradient_tape/conv2d_5/kernel/Regularizer/Mul_1,2,8.192,4.096,8.192,4.096,0.0002051074971597419,0.9763820419573039,0.0,0.0
266,Device,Mul,gradient_tape/conv2d_6/kernel/Regularizer/Mul,2,8.192,4.096,8.192,4.096,0.0002051074971597419,0.9765871494544637,0.0,0.0
267,Device,Relu,model/activation_1/Relu,2,8.192,4.096,8.192,4.096,0.0002051074971597419,0.9767922569516234,0.0,0.0
268,Device,Relu,model/activation_2/Relu,2,8.192,4.096,8.192,4.096,0.0002051074971597419,0.9769973644487832,0.0,0.0
269,Device,Relu,model/activation_5/Relu,2,8.192,4.096,8.192,4.096,0.0002051074971597419,0.9772024719459429,0.0,0.0
270,Device,AddV2,model/add_4/add,2,8.192,4.096,8.192,4.096,0.0002051074971597419,0.9774075794431026,0.0,0.0
271,Device,AddV2,model/add_5/add,2,8.192,4.096,8.192,4.096,0.0002051074971597419,0.9776126869402624,0.0,0.0
272,Device,AddV2,model/add_6/add,2,8.192,4.096,8.192,4.096,0.0002051074971597419,0.9778177944374221,0.0,0.0
273,Device,AddV2,model/add_7/add,2,8.192,4.096,8.192,4.096,0.0002051074971597419,0.9780229019345819,0.0,0.0
274,Device,BiasAdd,model/conv2d_12/BiasAdd,2,8.192,4.096,8.192,4.096,0.0002051074971597419,0.9782280094317416,0.0,0.0
275,Device,BiasAdd,model/conv2d_13/BiasAdd,2,8.192,4.096,8.192,4.096,0.0002051074971597419,0.9784331169289013,0.0,0.0
276,Device,BiasAdd,model/conv2d_14/BiasAdd,2,8.192,4.096,8.192,4.096,0.0002051074971597419,0.9786382244260611,0.0,0.0
277,Device,BiasAdd,model/conv2d_16/BiasAdd,2,8.192,4.096,8.192,4.096,0.0002051074971597419,0.9788433319232208,0.0,0.0
278,Device,BiasAdd,model/conv2d_18/BiasAdd,2,8.192,4.096,8.192,4.096,0.0002051074971597419,0.9790484394203806,0.0,0.0
279,Device,BiasAdd,model/conv2d_19/BiasAdd,2,8.192,4.096,8.192,4.096,0.0002051074971597419,0.9792535469175403,0.0,0.0
280,Device,BiasAdd,model/conv2d_5/BiasAdd,2,8.192,4.096,8.192,4.096,0.0002051074971597419,0.9794586544147,0.0,0.0
281,Device,BiasAdd,model/conv2d_7/BiasAdd,2,8.192,4.096,8.192,4.096,0.0002051074971597419,0.9796637619118598,0.0,0.0
282,Device,ResourceApplyGradientDescent,SGD/SGD/update_20/ResourceApplyGradientDescent,2,7.169,3.5845,7.169,3.5845,0.00017949409755104852,0.9798432560094108,0.0,0.0
283,Device,ArgMax,ArgMax_1,2,7.168,3.584,7.168,3.584,0.00017946906001477416,0.9800227250694256,0.0,0.0
284,Device,Equal,Equal,2,7.168,3.584,7.168,3.584,0.00017946906001477416,0.9802021941294403,0.0,0.0
285,Device,ResourceApplyGradientDescent,SGD/SGD/update_11/ResourceApplyGradientDescent,2,7.168,3.584,7.168,3.584,0.00017946906001477416,0.9803816631894551,0.0,0.0
286,Device,ResourceApplyGradientDescent,SGD/SGD/update_14/ResourceApplyGradientDescent,2,7.168,3.584,7.168,3.584,0.00017946906001477416,0.9805611322494698,0.0,0.0
287,Device,ResourceApplyGradientDescent,SGD/SGD/update_24/ResourceApplyGradientDescent,2,7.168,3.584,7.168,3.584,0.00017946906001477416,0.9807406013094846,0.0,0.0
288,Device,ResourceApplyGradientDescent,SGD/SGD/update_40/ResourceApplyGradientDescent,2,7.168,3.584,7.168,3.584,0.00017946906001477416,0.9809200703694994,0.0,0.0
289,Device,ResourceApplyGradientDescent,SGD/SGD/update_42/ResourceApplyGradientDescent,2,7.168,3.584,7.168,3.584,0.00017946906001477416,0.9810995394295141,0.0,0.0
290,Device,ResourceApplyGradientDescent,SGD/SGD/update_57/ResourceApplyGradientDescent,2,7.168,3.584,7.168,3.584,0.00017946906001477416,0.9812790084895289,0.0,0.0
291,Device,AddN,SGD/gradients/AddN_14,2,7.168,3.584,7.168,3.584,0.00017946906001477416,0.9814584775495436,0.0,0.0
292,Device,AddN,SGD/gradients/AddN_9,2,7.168,3.584,7.168,3.584,0.00017946906001477416,0.9816379466095584,0.0,0.0
293,Device,Mul,conv2d_10/kernel/Regularizer/mul,2,7.168,3.584,7.168,3.584,0.00017946906001477416,0.9818174156695731,0.0,0.0
294,Device,Square,conv2d_4/kernel/Regularizer/Square,2,7.168,3.584,7.168,3.584,0.00017946906001477416,0.9819968847295879,0.0,0.0
295,Device,Mul,gradient_tape/conv2d/kernel/Regularizer/Mul_1,2,7.168,3.584,7.168,3.584,0.00017946906001477416,0.9821763537896027,0.0,0.0
296,Device,Mul,gradient_tape/conv2d_1/kernel/Regularizer/Mul_1,2,7.168,3.584,7.168,3.584,0.00017946906001477416,0.9823558228496174,0.0,0.0
297,Device,Mul,gradient_tape/conv2d_2/kernel/Regularizer/Mul_1,2,7.168,3.584,7.168,3.584,0.00017946906001477416,0.9825352919096322,0.0,0.0
298,Device,Mul,gradient_tape/conv2d_4/kernel/Regularizer/Mul_1,2,7.168,3.584,7.168,3.584,0.00017946906001477416,0.9827147609696469,0.0,0.0
299,Device,Mul,gradient_tape/conv2d_7/kernel/Regularizer/Mul_1,2,7.168,3.584,7.168,3.584,0.00017946906001477416,0.9828942300296617,0.0,0.0
300,Device,Relu,model/activation_6/Relu,2,7.168,3.584,7.168,3.584,0.00017946906001477416,0.9830736990896765,0.0,0.0
301,Device,Relu,model/activation_7/Relu,2,7.168,3.584,7.168,3.584,0.00017946906001477416,0.9832531681496912,0.0,0.0
302,Device,Relu,model/activation_8/Relu,2,7.168,3.584,7.168,3.584,0.00017946906001477416,0.983432637209706,0.0,0.0
303,Device,BiasAdd,model/conv2d_11/BiasAdd,2,7.168,3.584,7.168,3.584,0.00017946906001477416,0.9836121062697207,0.0,0.0
304,Device,ResourceApplyGradientDescent,SGD/SGD/update_27/ResourceApplyGradientDescent,2,6.145,3.0725,6.145,3.0725,0.00015385566040608078,0.9837659619301268,0.0,0.0
305,Device,ResourceApplyGradientDescent,SGD/SGD/update_46/ResourceApplyGradientDescent,2,6.145,3.0725,6.145,3.0725,0.00015385566040608078,0.9839198175905328,0.0,0.0
306,Device,Mul,gradient_tape/conv2d_12/kernel/Regularizer/Mul_1,2,6.145,3.0725,6.145,3.0725,0.00015385566040608078,0.9840736732509389,0.0,0.0
307,Device,AssignAddVariableOp,AssignAddVariableOp_2,2,6.144,3.072,6.144,3.072,0.00015383062286980641,0.9842275038738086,0.0,0.0
308,Device,AssignAddVariableOp,AssignAddVariableOp_4,2,6.144,3.072,6.144,3.072,0.00015383062286980641,0.9843813344966784,0.0,0.0
309,Device,Cast,Cast,2,6.144,3.072,6.144,3.072,0.00015383062286980641,0.9845351651195482,0.0,0.0
310,Device,Cast,Cast_1,2,6.144,3.072,6.144,3.072,0.00015383062286980641,0.984688995742418,0.0,0.0
311,Device,Mul,Mul,2,6.144,3.072,6.144,3.072,0.00015383062286980641,0.9848428263652877,0.0,0.0
312,Device,AssignAddVariableOp,SGD/SGD/AssignAddVariableOp,2,6.144,3.072,6.144,3.072,0.00015383062286980641,0.9849966569881575,0.0,0.0
313,Device,ResourceApplyGradientDescent,SGD/SGD/update_1/ResourceApplyGradientDescent,2,6.144,3.072,6.144,3.072,0.00015383062286980641,0.9851504876110273,0.0,0.0
314,Device,ResourceApplyGradientDescent,SGD/SGD/update_10/ResourceApplyGradientDescent,2,6.144,3.072,6.144,3.072,0.00015383062286980641,0.9853043182338971,0.0,0.0
315,Device,ResourceApplyGradientDescent,SGD/SGD/update_13/ResourceApplyGradientDescent,2,6.144,3.072,6.144,3.072,0.00015383062286980641,0.9854581488567669,0.0,0.0
316,Device,ResourceApplyGradientDescent,SGD/SGD/update_15/ResourceApplyGradientDescent,2,6.144,3.072,6.144,3.072,0.00015383062286980641,0.9856119794796366,0.0,0.0
317,Device,ResourceApplyGradientDescent,SGD/SGD/update_17/ResourceApplyGradientDescent,2,6.144,3.072,6.144,3.072,0.00015383062286980641,0.9857658101025064,0.0,0.0
318,Device,ResourceApplyGradientDescent,SGD/SGD/update_18/ResourceApplyGradientDescent,2,6.144,3.072,6.144,3.072,0.00015383062286980641,0.9859196407253762,0.0,0.0
319,Device,ResourceApplyGradientDescent,SGD/SGD/update_19/ResourceApplyGradientDescent,2,6.144,3.072,6.144,3.072,0.00015383062286980641,0.986073471348246,0.0,0.0
320,Device,ResourceApplyGradientDescent,SGD/SGD/update_2/ResourceApplyGradientDescent,2,6.144,3.072,6.144,3.072,0.00015383062286980641,0.9862273019711157,0.0,0.0
321,Device,ResourceApplyGradientDescent,SGD/SGD/update_22/ResourceApplyGradientDescent,2,6.144,3.072,6.144,3.072,0.00015383062286980641,0.9863811325939855,0.0,0.0
322,Device,ResourceApplyGradientDescent,SGD/SGD/update_23/ResourceApplyGradientDescent,2,6.144,3.072,6.144,3.072,0.00015383062286980641,0.9865349632168553,0.0,0.0
323,Device,ResourceApplyGradientDescent,SGD/SGD/update_25/ResourceApplyGradientDescent,2,6.144,3.072,6.144,3.072,0.00015383062286980641,0.9866887938397251,0.0,0.0
324,Device,ResourceApplyGradientDescent,SGD/SGD/update_28/ResourceApplyGradientDescent,2,6.144,3.072,6.144,3.072,0.00015383062286980641,0.9868426244625949,0.0,0.0
325,Device,ResourceApplyGradientDescent,SGD/SGD/update_29/ResourceApplyGradientDescent,2,6.144,3.072,6.144,3.072,0.00015383062286980641,0.9869964550854646,0.0,0.0
326,Device,ResourceApplyGradientDescent,SGD/SGD/update_3/ResourceApplyGradientDescent,2,6.144,3.072,6.144,3.072,0.00015383062286980641,0.9871502857083344,0.0,0.0
327,Device,ResourceApplyGradientDescent,SGD/SGD/update_32/ResourceApplyGradientDescent,2,6.144,3.072,6.144,3.072,0.00015383062286980641,0.9873041163312042,0.0,0.0
328,Device,ResourceApplyGradientDescent,SGD/SGD/update_33/ResourceApplyGradientDescent,2,6.144,3.072,6.144,3.072,0.00015383062286980641,0.987457946954074,0.0,0.0
329,Device,ResourceApplyGradientDescent,SGD/SGD/update_35/ResourceApplyGradientDescent,2,6.144,3.072,6.144,3.072,0.00015383062286980641,0.9876117775769437,0.0,0.0
330,Device,ResourceApplyGradientDescent,SGD/SGD/update_37/ResourceApplyGradientDescent,2,6.144,3.072,6.144,3.072,0.00015383062286980641,0.9877656081998135,0.0,0.0
331,Device,ResourceApplyGradientDescent,SGD/SGD/update_39/ResourceApplyGradientDescent,2,6.144,3.072,6.144,3.072,0.00015383062286980641,0.9879194388226833,0.0,0.0
332,Device,ResourceApplyGradientDescent,SGD/SGD/update_41/ResourceApplyGradientDescent,2,6.144,3.072,6.144,3.072,0.00015383062286980641,0.9880732694455531,0.0,0.0
333,Device,ResourceApplyGradientDescent,SGD/SGD/update_43/ResourceApplyGradientDescent,2,6.144,3.072,6.144,3.072,0.00015383062286980641,0.9882271000684228,0.0,0.0
334,Device,ResourceApplyGradientDescent,SGD/SGD/update_47/ResourceApplyGradientDescent,2,6.144,3.072,6.144,3.072,0.00015383062286980641,0.9883809306912926,0.0,0.0
335,Device,ResourceApplyGradientDescent,SGD/SGD/update_49/ResourceApplyGradientDescent,2,6.144,3.072,6.144,3.072,0.00015383062286980641,0.9885347613141624,0.0,0.0
336,Device,ResourceApplyGradientDescent,SGD/SGD/update_5/ResourceApplyGradientDescent,2,6.144,3.072,6.144,3.072,0.00015383062286980641,0.9886885919370322,0.0,0.0
337,Device,ResourceApplyGradientDescent,SGD/SGD/update_50/ResourceApplyGradientDescent,2,6.144,3.072,6.144,3.072,0.00015383062286980641,0.988842422559902,0.0,0.0
338,Device,ResourceApplyGradientDescent,SGD/SGD/update_51/ResourceApplyGradientDescent,2,6.144,3.072,6.144,3.072,0.00015383062286980641,0.9889962531827717,0.0,0.0
339,Device,ResourceApplyGradientDescent,SGD/SGD/update_53/ResourceApplyGradientDescent,2,6.144,3.072,6.144,3.072,0.00015383062286980641,0.9891500838056415,0.0,0.0
340,Device,ResourceApplyGradientDescent,SGD/SGD/update_54/ResourceApplyGradientDescent,2,6.144,3.072,6.144,3.072,0.00015383062286980641,0.9893039144285113,0.0,0.0
341,Device,ResourceApplyGradientDescent,SGD/SGD/update_55/ResourceApplyGradientDescent,2,6.144,3.072,6.144,3.072,0.00015383062286980641,0.9894577450513811,0.0,0.0
342,Device,ResourceApplyGradientDescent,SGD/SGD/update_58/ResourceApplyGradientDescent,2,6.144,3.072,6.144,3.072,0.00015383062286980641,0.9896115756742508,0.0,0.0
343,Device,ResourceApplyGradientDescent,SGD/SGD/update_59/ResourceApplyGradientDescent,2,6.144,3.072,6.144,3.072,0.00015383062286980641,0.9897654062971206,0.0,0.0
344,Device,ResourceApplyGradientDescent,SGD/SGD/update_6/ResourceApplyGradientDescent,2,6.144,3.072,6.144,3.072,0.00015383062286980641,0.9899192369199904,0.0,0.0
345,Device,ResourceApplyGradientDescent,SGD/SGD/update_61/ResourceApplyGradientDescent,2,6.144,3.072,6.144,3.072,0.00015383062286980641,0.9900730675428602,0.0,0.0
346,Device,ResourceApplyGradientDescent,SGD/SGD/update_63/ResourceApplyGradientDescent,2,6.144,3.072,6.144,3.072,0.00015383062286980641,0.99022689816573,0.0,0.0
347,Device,ResourceApplyGradientDescent,SGD/SGD/update_64/ResourceApplyGradientDescent,2,6.144,3.072,6.144,3.072,0.00015383062286980641,0.9903807287885997,0.0,0.0
348,Device,ResourceApplyGradientDescent,SGD/SGD/update_65/ResourceApplyGradientDescent,2,6.144,3.072,6.144,3.072,0.00015383062286980641,0.9905345594114695,0.0,0.0
349,Device,ResourceApplyGradientDescent,SGD/SGD/update_67/ResourceApplyGradientDescent,2,6.144,3.072,6.144,3.072,0.00015383062286980641,0.9906883900343393,0.0,0.0
350,Device,ResourceApplyGradientDescent,SGD/SGD/update_68/ResourceApplyGradientDescent,2,6.144,3.072,6.144,3.072,0.00015383062286980641,0.9908422206572091,0.0,0.0
351,Device,ResourceApplyGradientDescent,SGD/SGD/update_69/ResourceApplyGradientDescent,2,6.144,3.072,6.144,3.072,0.00015383062286980641,0.9909960512800788,0.0,0.0
352,Device,ResourceApplyGradientDescent,SGD/SGD/update_7/ResourceApplyGradientDescent,2,6.144,3.072,6.144,3.072,0.00015383062286980641,0.9911498819029486,0.0,0.0
353,Device,ResourceApplyGradientDescent,SGD/SGD/update_71/ResourceApplyGradientDescent,2,6.144,3.072,6.144,3.072,0.00015383062286980641,0.9913037125258184,0.0,0.0
354,Device,ResourceApplyGradientDescent,SGD/SGD/update_72/ResourceApplyGradientDescent,2,6.144,3.072,6.144,3.072,0.00015383062286980641,0.9914575431486882,0.0,0.0
355,Device,ResourceApplyGradientDescent,SGD/SGD/update_73/ResourceApplyGradientDescent,2,6.144,3.072,6.144,3.072,0.00015383062286980641,0.991611373771558,0.0,0.0
356,Device,ResourceApplyGradientDescent,SGD/SGD/update_9/ResourceApplyGradientDescent,2,6.144,3.072,6.144,3.072,0.00015383062286980641,0.9917652043944277,0.0,0.0
357,Device,AddN,SGD/gradients/AddN_10,2,6.144,3.072,6.144,3.072,0.00015383062286980641,0.9919190350172975,0.0,0.0
358,Device,Sum,categorical_crossentropy/weighted_loss/Sum,2,6.144,3.072,6.144,3.072,0.00015383062286980641,0.9920728656401673,0.0,0.0
359,Device,Cast,categorical_crossentropy/weighted_loss/num_elements/Cast,2,6.144,3.072,6.144,3.072,0.00015383062286980641,0.9922266962630371,0.0,0.0
360,Device,DivNoNan,categorical_crossentropy/weighted_loss/value,2,6.144,3.072,6.144,3.072,0.00015383062286980641,0.9923805268859068,0.0,0.0
361,Device,Square,conv2d/kernel/Regularizer/Square,2,6.144,3.072,6.144,3.072,0.00015383062286980641,0.9925343575087766,0.0,0.0
362,Device,Mul,conv2d_11/kernel/Regularizer/mul,2,6.144,3.072,6.144,3.072,0.00015383062286980641,0.9926881881316464,0.0,0.0
363,Device,Square,conv2d_12/kernel/Regularizer/Square,2,6.144,3.072,6.144,3.072,0.00015383062286980641,0.9928420187545162,0.0,0.0
364,Device,Mul,conv2d_13/kernel/Regularizer/mul,2,6.144,3.072,6.144,3.072,0.00015383062286980641,0.9929958493773859,0.0,0.0
365,Device,Mul,conv2d_15/kernel/Regularizer/mul,2,6.144,3.072,6.144,3.072,0.00015383062286980641,0.9931496800002557,0.0,0.0
366,Device,Mul,conv2d_16/kernel/Regularizer/mul,2,6.144,3.072,6.144,3.072,0.00015383062286980641,0.9933035106231255,0.0,0.0
367,Device,Mul,conv2d_17/kernel/Regularizer/mul,2,6.144,3.072,6.144,3.072,0.00015383062286980641,0.9934573412459953,0.0,0.0
368,Device,Square,conv2d_3/kernel/Regularizer/Square,2,6.144,3.072,6.144,3.072,0.00015383062286980641,0.993611171868865,0.0,0.0
369,Device,Mul,conv2d_3/kernel/Regularizer/mul,2,6.144,3.072,6.144,3.072,0.00015383062286980641,0.9937650024917348,0.0,0.0
370,Device,Mul,conv2d_4/kernel/Regularizer/mul,2,6.144,3.072,6.144,3.072,0.00015383062286980641,0.9939188331146046,0.0,0.0
371,Device,Mul,conv2d_5/kernel/Regularizer/mul,2,6.144,3.072,6.144,3.072,0.00015383062286980641,0.9940726637374744,0.0,0.0
372,Device,Mul,conv2d_7/kernel/Regularizer/mul,2,6.144,3.072,6.144,3.072,0.00015383062286980641,0.9942264943603442,0.0,0.0
373,Device,Mul,conv2d_8/kernel/Regularizer/mul,2,6.144,3.072,6.144,3.072,0.00015383062286980641,0.9943803249832139,0.0,0.0
374,Device,Mul,conv2d_9/kernel/Regularizer/mul,2,6.144,3.072,6.144,3.072,0.00015383062286980641,0.9945341556060837,0.0,0.0
375,Device,Mul,gradient_tape/categorical_crossentropy/softmax_cross_entropy_with_logits/mul,2,6.144,3.072,6.144,3.072,0.00015383062286980641,0.9946879862289535,0.0,0.0
376,Device,Tile,gradient_tape/categorical_crossentropy/weighted_loss/Tile_1,2,6.144,3.072,6.144,3.072,0.00015383062286980641,0.9948418168518233,0.0,0.0
377,Device,Mul,gradient_tape/conv2d_1/kernel/Regularizer/Mul,2,6.144,3.072,6.144,3.072,0.00015383062286980641,0.994995647474693,0.0,0.0
378,Device,Mul,gradient_tape/conv2d_3/kernel/Regularizer/Mul_1,2,6.144,3.072,6.144,3.072,0.00015383062286980641,0.9951494780975628,0.0,0.0
379,Device,ReluGrad,gradient_tape/model/activation_16/ReluGrad,2,6.144,3.072,6.144,3.072,0.00015383062286980641,0.9953033087204326,0.0,0.0
380,Device,Relu,model/activation_10/Relu,2,6.144,3.072,6.144,3.072,0.00015383062286980641,0.9954571393433024,0.0,0.0
381,Device,Relu,model/activation_11/Relu,2,6.144,3.072,6.144,3.072,0.00015383062286980641,0.9956109699661722,0.0,0.0
382,Device,Relu,model/activation_12/Relu,2,6.144,3.072,6.144,3.072,0.00015383062286980641,0.9957648005890419,0.0,0.0
383,Device,Relu,model/activation_13/Relu,2,6.144,3.072,6.144,3.072,0.00015383062286980641,0.9959186312119117,0.0,0.0
384,Device,Relu,model/activation_14/Relu,2,6.144,3.072,6.144,3.072,0.00015383062286980641,0.9960724618347815,0.0,0.0
385,Device,Relu,model/activation_16/Relu,2,6.144,3.072,6.144,3.072,0.00015383062286980641,0.9962262924576513,0.0,0.0
386,Device,Relu,model/activation_9/Relu,2,6.144,3.072,6.144,3.072,0.00015383062286980641,0.996380123080521,0.0,0.0
387,Device,BiasAdd,model/conv2d_10/BiasAdd,2,6.144,3.072,6.144,3.072,0.00015383062286980641,0.9965339537033908,0.0,0.0
388,Device,BiasAdd,model/dense/BiasAdd,2,6.144,3.072,6.144,3.072,0.00015383062286980641,0.9966877843262606,0.0,0.0
389,Device,Sum,Sum_2,2,5.121,2.5605,5.121,2.5605,0.00012821722326111307,0.9968160015495217,0.0,0.0
390,Device,AssignAddVariableOp,AssignAddVariableOp_1,2,5.12,2.56,5.12,2.56,0.00012819218572483867,0.9969441937352465,0.0,0.0
391,Device,AssignAddVariableOp,AssignAddVariableOp_3,2,5.12,2.56,5.12,2.56,0.00012819218572483867,0.9970723859209712,0.0,0.0
392,Device,Cast,Cast_2,2,5.12,2.56,5.12,2.56,0.00012819218572483867,0.997200578106696,0.0,0.0
393,Device,ResourceApplyGradientDescent,SGD/SGD/update_21/ResourceApplyGradientDescent,2,5.12,2.56,5.12,2.56,0.00012819218572483867,0.9973287702924208,0.0,0.0
394,Device,ResourceApplyGradientDescent,SGD/SGD/update_31/ResourceApplyGradientDescent,2,5.12,2.56,5.12,2.56,0.00012819218572483867,0.9974569624781456,0.0,0.0
395,Device,ResourceApplyGradientDescent,SGD/SGD/update_36/ResourceApplyGradientDescent,2,5.12,2.56,5.12,2.56,0.00012819218572483867,0.9975851546638704,0.0,0.0
396,Device,ResourceApplyGradientDescent,SGD/SGD/update_45/ResourceApplyGradientDescent,2,5.12,2.56,5.12,2.56,0.00012819218572483867,0.9977133468495952,0.0,0.0
397,Device,ResourceApplyGradientDescent,SGD/SGD/update_75/ResourceApplyGradientDescent,2,5.12,2.56,5.12,2.56,0.00012819218572483867,0.99784153903532,0.0,0.0
398,Device,Mul,conv2d/kernel/Regularizer/mul,2,5.12,2.56,5.12,2.56,0.00012819218572483867,0.9979697312210448,0.0,0.0
399,Device,Mul,conv2d_1/kernel/Regularizer/mul,2,5.12,2.56,5.12,2.56,0.00012819218572483867,0.9980979234067696,0.0,0.0
400,Device,Mul,conv2d_12/kernel/Regularizer/mul,2,5.12,2.56,5.12,2.56,0.00012819218572483867,0.9982261155924944,0.0,0.0
401,Device,Mul,conv2d_14/kernel/Regularizer/mul,2,5.12,2.56,5.12,2.56,0.00012819218572483867,0.9983543077782192,0.0,0.0
402,Device,Mul,conv2d_18/kernel/Regularizer/mul,2,5.12,2.56,5.12,2.56,0.00012819218572483867,0.998482499963944,0.0,0.0
403,Device,Mul,conv2d_19/kernel/Regularizer/mul,2,5.12,2.56,5.12,2.56,0.00012819218572483867,0.9986106921496688,0.0,0.0
404,Device,Mul,conv2d_2/kernel/Regularizer/mul,2,5.12,2.56,5.12,2.56,0.00012819218572483867,0.9987388843353936,0.0,0.0
405,Device,Mul,conv2d_6/kernel/Regularizer/mul,2,5.12,2.56,5.12,2.56,0.00012819218572483867,0.9988670765211184,0.0,0.0
406,Device,Square,conv2d_7/kernel/Regularizer/Square,2,5.12,2.56,5.12,2.56,0.00012819218572483867,0.9989952687068432,0.0,0.0
407,Device,DivNoNan,div_no_nan,2,5.12,2.56,5.12,2.56,0.00012819218572483867,0.999123460892568,0.0,0.0
408,Device,DivNoNan,gradient_tape/categorical_crossentropy/weighted_loss/value/div_no_nan,2,5.12,2.56,5.12,2.56,0.00012819218572483867,0.9992516530782928,0.0,0.0
409,Device,Relu,model/activation_15/Relu,2,5.12,2.56,5.12,2.56,0.00012819218572483867,0.9993798452640176,0.0,0.0
410,Device,_Recv,strided_slice/_12,2,4.896,2.448,4.896,2.448,0.00012258377759937698,0.9995024290416169,0.0,0.0
411,Device,AssignAddVariableOp,AssignAddVariableOp,2,4.096,2.048,4.096,2.048,0.00010255374857987095,0.9996049827901968,0.0,0.0
412,Device,DivNoNan,div_no_nan_1,2,4.096,2.048,4.096,2.048,0.00010255374857987095,0.9997075365387768,0.0,0.0
413,Device,_Recv,categorical_crossentropy/weighted_loss/num_elements/_14,2,3.489,1.7445,3.489,1.7445,8.735596406132073e-05,0.999794892502838,0.0,0.0
414,Device,LogicalAnd,LogicalAnd,1,3.072,3.072,3.072,3.072,7.691531143490321e-05,0.999871807814273,0.0,0.0
415,Device,_Recv,IteratorGetNext/_4,1,2.048,2.048,2.048,2.048,5.1276874289935474e-05,0.999923084688563,0.0,0.0
416,Device,_Recv,Size/_16,2,2.048,1.024,2.048,1.024,5.1276874289935474e-05,0.9999743615628529,0.0,0.0
417,Device,_Send,IteratorGetNext/_3,1,1.024,1.024,1.024,1.024,2.5638437144967737e-05,0.9999999999999979,0.0,0.0
418,Host,IDLE,IDLE,0,126301.111,0.0,126301.111,0.0,0.0,0.0,0.9861268091237024,0.9861268091237024
419,Host,_Send,IteratorGetNext/_1,2,698.913,349.4565,698.913,349.4565,0.0,0.0,0.00545693415590837,0.9915837432796109
420,Host,GatherV2,GatherV2,2,405.778,202.889,405.778,202.889,0.0,0.0,0.0031682109617594554,0.9947519542413703
421,Host,_Send,IteratorGetNext/_6,2,247.464,123.732,247.464,123.732,0.0,0.0,0.0019321356935093619,0.9966840899348797
422,Host,_Send,IteratorGetNext/_3,2,61.791,30.8955,61.791,30.8955,0.0,0.0,0.0004824483425372457,0.997166538277417
423,Host,Dataset,Iterator::Root::ParallelMapV2,2,50.71,25.355,50.71,25.355,0.0,0.0,0.0003959307253493831,0.9975624690027663
424,Host,Dataset,Iterator::Root::ParallelMapV2::Zip[1]::ForeverRepeat,2,53.601,26.8005,50.011,25.0055,0.0,0.0,0.00039047311191970025,0.9979529421146861
425,Host,IteratorGetNext,IteratorGetNext,2,38.271,19.1355,38.271,19.1355,0.0,0.0,0.0002988101910835386,0.9982517523057697
426,Host,FlushSummaryWriter,FlushSummaryWriter,1,37.33,37.33,37.33,37.33,0.0,0.0,0.00029146310347648335,0.9985432154092462
427,Host,GatherV2,GatherV2_1,2,32.44,16.22,32.44,16.22,0.0,0.0,0.000253283232702307,0.9987964986419485
428,Host,LogicalAnd,LogicalAnd,1,29.45,29.45,29.45,29.45,0.0,0.0,0.00022993807654386378,0.9990264367184923
429,Host,Dataset,Iterator::Root,2,78.791,39.3955,28.081,14.0405,0.0,0.0,0.00021924927427600133,0.9992456859927683
430,Host,Dataset,Iterator::Root::ParallelMapV2::Zip[0]::FlatMap[1]::Concatenate,2,47.171,23.5855,26.37,13.185,0.0,0.0,0.0002058902233773069,0.9994515762161457
431,Host,WriteSummary,WriteSummary,1,22.26,22.26,22.26,22.26,0.0,0.0,0.00017380039334011574,0.9996253766094858
432,Host,Dataset,Iterator::Root::ParallelMapV2::Zip[0]::FlatMap[1]::Concatenate[0]::TensorSlice,2,20.801,10.4005,20.801,10.4005,0.0,0.0,0.00016240889406413957,0.99978778550355
433,Host,Dataset,Iterator::Root::ParallelMapV2::Zip,2,115.452,57.726,11.02,5.51,0.0,0.0,8.604134477125225e-05,0.9998738268483213
434,Host,ReadVariableOp,ReadVariableOp,1,5.8,5.8,5.8,5.8,0.0,0.0,4.528491830065908e-05,0.999919111766622
435,Host,Dataset,Iterator::Root::ParallelMapV2::Zip[0]::FlatMap,2,50.831,25.4155,3.66,1.83,0.0,0.0,2.85763449966228e-05,0.9999476881116186
436,Host,Dataset,Iterator::Root::ParallelMapV2::Zip[1]::ForeverRepeat::FromTensor,4,3.59,0.8975,3.59,0.8975,0.0,0.0,2.8029802879201052e-05,0.9999757179144978
437,Host,Identity,Identity,2,3.11,1.555,3.11,1.555,0.0,0.0,2.4282085502594783e-05,1.0000000000000004
