Rank,Host/device,Type,Operation,#Occurrences,Total time (us),Avg. time (us),Total self-time (us),Avg. self-time (us),Total self-time on Device (%),Cumulative total-self time on Device (%),Total self-time on Host (%),Cumulative total-self time on Host (%)
1,Device,IDLE,IDLE,0,17827.985,0.0,17827.985,0.0,0.46009060344670294,0.46009060344670294,0.0,0.0
2,Device,Conv2DBackpropFilter,gradient_tape/model/conv2d_16/Conv2D/Conv2DBackpropFilter,2,647.172,323.586,647.172,323.586,0.016701705549663052,0.476792308996366,0.0,0.0
3,Device,Conv2DBackpropFilter,gradient_tape/model/conv2d_19/Conv2D/Conv2DBackpropFilter,2,640.004,320.002,640.004,320.002,0.01651671944800849,0.49330902844437446,0.0,0.0
4,Device,Conv2DBackpropFilter,gradient_tape/model/conv2d_18/Conv2D/Conv2DBackpropFilter,2,622.595,311.2975,622.595,311.2975,0.016067441679634576,0.509376470124009,0.0,0.0
5,Device,Conv2DBackpropInput,gradient_tape/model/conv2d_16/Conv2D/Conv2DBackpropInput,4,429.058,107.2645,429.058,107.2645,0.01107279112774862,0.5204492612517576,0.0,0.0
6,Device,Conv2DBackpropInput,gradient_tape/model/conv2d_19/Conv2D/Conv2DBackpropInput,4,428.034,107.0085,428.034,107.0085,0.011046364541797967,0.5314956257935556,0.0,0.0
7,Device,Conv2DBackpropInput,gradient_tape/model/conv2d_18/Conv2D/Conv2DBackpropInput,4,423.938,105.9845,423.938,105.9845,0.010940658197995362,0.542436283991551,0.0,0.0
8,Device,FusedBatchNormGradV3,gradient_tape/model/batch_normalization/FusedBatchNormGradV3,2,367.618,183.809,367.618,183.809,0.009487195970709536,0.5519234799622605,0.0,0.0
9,Device,Conv2D,model/conv2d_16/Conv2D,4,354.306,88.5765,354.306,88.5765,0.009143650353351067,0.5610671303156116,0.0,0.0
10,Device,Conv2D,model/conv2d_18/Conv2D,4,351.235,87.80875,351.235,87.80875,0.009064396402711956,0.5701315267183236,0.0,0.0
11,Device,Conv2D,model/conv2d_19/Conv2D,4,345.089,86.27225,345.089,86.27225,0.008905785272582362,0.5790373119909059,0.0,0.0
12,Device,Conv2DBackpropFilter,gradient_tape/model/conv2d/Conv2D/Conv2DBackpropFilter,2,323.586,161.793,323.586,161.793,0.008350852774831526,0.5873881647657374,0.0,0.0
13,Device,_Send,IteratorGetNext/_1,1,320.866,320.866,320.866,320.866,0.008280657155900107,0.5956688219216375,0.0,0.0
14,Device,Conv2D,model/conv2d/Conv2D,2,283.649,141.8245,283.649,141.8245,0.007320190115543279,0.6029890120371808,0.0,0.0
15,Device,_Recv,IteratorGetNext/_2,1,266.977,266.977,266.977,266.977,0.006889932263034235,0.609878944300215,0.0,0.0
16,Device,Conv2DBackpropInput,gradient_tape/model/conv2d_15/Conv2D/Conv2DBackpropInput,2,256.0,128.0,256.0,128.0,0.006606646487662848,0.6164855907878779,0.0,0.0
17,Device,Conv2D,model/conv2d_15/Conv2D,4,254.979,63.74475,254.979,63.74475,0.006580297323350724,0.6230658881112286,0.0,0.0
18,Device,Conv2DBackpropFilter,gradient_tape/model/conv2d_4/Conv2D/Conv2DBackpropFilter,4,230.402,57.6005,230.402,57.6005,0.005946033453322248,0.6290119215645509,0.0,0.0
19,Device,Conv2DBackpropFilter,gradient_tape/model/conv2d_3/Conv2D/Conv2DBackpropFilter,4,228.352,57.088,228.352,57.088,0.005893128666995261,0.6349050502315461,0.0,0.0
20,Device,Conv2DBackpropFilter,gradient_tape/model/conv2d_1/Conv2D/Conv2DBackpropFilter,4,225.282,56.3205,225.282,56.3205,0.005813900523568991,0.6407189507551151,0.0,0.0
21,Device,Conv2DBackpropFilter,gradient_tape/model/conv2d_2/Conv2D/Conv2DBackpropFilter,4,224.256,56.064,224.256,56.064,0.005787422323192655,0.6465063730783077,0.0,0.0
22,Device,FusedBatchNormV3,model/batch_normalization/FusedBatchNormV3,4,223.234,55.8085,223.234,55.8085,0.005761047351667689,0.6522674204299754,0.0,0.0
23,Device,MaxPoolGrad,gradient_tape/model/max_pooling2d/MaxPool/MaxPoolGrad,2,217.089,108.5445,217.089,108.5445,0.005602462028750938,0.6578698824587264,0.0,0.0
24,Device,ReluGrad,gradient_tape/model/activation/ReluGrad,2,214.016,107.008,214.016,107.008,0.005523156463686141,0.6633930389224125,0.0,0.0
25,Device,Conv2DBackpropInput,gradient_tape/model/conv2d_5/Conv2D/Conv2DBackpropInput,2,210.945,105.4725,210.945,105.4725,0.005443902513047029,0.6688369414354596,0.0,0.0
26,Device,Conv2DBackpropFilter,gradient_tape/model/conv2d_14/Conv2D/Conv2DBackpropFilter,2,206.848,103.424,206.848,103.424,0.0053381703620315815,0.6741751117974911,0.0,0.0
27,Device,Conv2DBackpropFilter,gradient_tape/model/conv2d_13/Conv2D/Conv2DBackpropFilter,2,205.826,102.913,205.826,102.913,0.005311795390506615,0.6794869071879978,0.0,0.0
28,Device,Conv2DBackpropFilter,gradient_tape/model/conv2d_11/Conv2D/Conv2DBackpropFilter,2,204.801,102.4005,204.801,102.4005,0.005285342997343121,0.6847722501853408,0.0,0.0
29,Device,Conv2DBackpropFilter,gradient_tape/model/conv2d_15/Conv2D/Conv2DBackpropFilter,4,195.585,48.89625,195.585,48.89625,0.0050475037237872585,0.6898197539091281,0.0,0.0
30,Device,Conv2DBackpropFilter,gradient_tape/model/conv2d_5/Conv2D/Conv2DBackpropFilter,2,195.585,97.7925,195.585,97.7925,0.0050475037237872585,0.6948672576329153,0.0,0.0
31,Device,Conv2DBackpropFilter,gradient_tape/model/conv2d_10/Conv2D/Conv2DBackpropFilter,2,191.489,95.7445,191.489,95.7445,0.0049417973799846535,0.6998090550129,0.0,0.0
32,Device,Conv2DBackpropInput,gradient_tape/model/conv2d_13/Conv2D/Conv2DBackpropInput,4,188.416,47.104,188.416,47.104,0.0048624918149198565,0.7046715468278199,0.0,0.0
33,Device,Conv2DBackpropInput,gradient_tape/model/conv2d_14/Conv2D/Conv2DBackpropInput,4,187.393,46.84825,187.393,46.84825,0.004836091036182048,0.709507637864002,0.0,0.0
34,Device,Conv2DBackpropInput,gradient_tape/model/conv2d_11/Conv2D/Conv2DBackpropInput,4,183.297,45.82425,183.297,45.82425,0.004730384692379442,0.7142380225563814,0.0,0.0
35,Device,Conv2D,model/conv2d_13/Conv2D,4,182.273,45.56825,182.273,45.56825,0.0047039581064287905,0.7189419806628101,0.0,0.0
36,Device,Conv2D,model/conv2d_11/Conv2D,4,182.272,45.568,182.272,45.568,0.004703932299215948,0.7236459129620261,0.0,0.0
37,Device,Conv2DBackpropFilter,gradient_tape/model/conv2d_8/Conv2D/Conv2DBackpropFilter,2,181.249,90.6245,181.249,90.6245,0.004677531520478139,0.7283234444825042,0.0,0.0
38,Device,Conv2DBackpropFilter,gradient_tape/model/conv2d_6/Conv2D/Conv2DBackpropFilter,2,178.177,89.0885,178.177,89.0885,0.004598251762626185,0.7329216962451304,0.0,0.0
39,Device,Conv2D,model/conv2d_14/Conv2D,4,177.152,44.288,177.152,44.288,0.004571799369462691,0.7374934956145931,0.0,0.0
40,Device,Conv2D,model/conv2d_10/Conv2D,4,175.106,43.7765,175.106,43.7765,0.004518997811987073,0.7420124934265802,0.0,0.0
41,Device,Conv2DBackpropFilter,gradient_tape/model/conv2d_9/Conv2D/Conv2DBackpropFilter,2,175.105,87.5525,175.105,87.5525,0.00451897200477423,0.7465314654313544,0.0,0.0
42,Device,Conv2DBackpropInput,gradient_tape/model/conv2d_10/Conv2D/Conv2DBackpropInput,2,173.056,86.528,173.056,86.528,0.004466093025660086,0.7509975584570144,0.0,0.0
43,Device,Conv2D,model/conv2d_5/Conv2D,4,167.936,41.984,167.936,41.984,0.004333960095906829,0.7553315185529212,0.0,0.0
44,Device,BiasAdd,model/conv2d/BiasAdd,2,147.457,73.7285,147.457,73.7285,0.003805454184106643,0.7591369727370278,0.0,0.0
45,Device,Relu,model/activation/Relu,2,141.312,70.656,141.312,70.656,0.0036468688611898926,0.7627838415982178,0.0,0.0
46,Device,Conv2D,model/conv2d_3/Conv2D,2,130.048,65.024,130.048,65.024,0.003356176415732727,0.7661400180139505,0.0,0.0
47,Device,Conv2DBackpropInput,gradient_tape/model/conv2d_1/Conv2D/Conv2DBackpropInput,2,129.026,64.513,129.026,64.513,0.0033298014442077607,0.7694698194581583,0.0,0.0
48,Device,Conv2D,model/conv2d_4/Conv2D,2,129.026,64.513,129.026,64.513,0.0033298014442077607,0.7727996209023661,0.0,0.0
49,Device,Conv2D,model/conv2d_1/Conv2D,2,129.024,64.512,129.024,64.512,0.0033297498297820754,0.7761293707321482,0.0,0.0
50,Device,Conv2DBackpropInput,gradient_tape/model/conv2d_2/Conv2D/Conv2DBackpropInput,2,128.001,64.0005,128.001,64.0005,0.0033033490510442666,0.7794327197831924,0.0,0.0
51,Device,Conv2D,model/conv2d_2/Conv2D,2,128.001,64.0005,128.001,64.0005,0.0033033490510442666,0.7827360688342366,0.0,0.0
52,Device,Conv2DBackpropInput,gradient_tape/model/conv2d_4/Conv2D/Conv2DBackpropInput,2,126.977,63.4885,126.977,63.4885,0.0032769224650936154,0.7860129912993302,0.0,0.0
53,Device,Conv2DBackpropInput,gradient_tape/model/conv2d_3/Conv2D/Conv2DBackpropInput,2,126.976,63.488,126.976,63.488,0.003276896657880773,0.789289887957211,0.0,0.0
54,Device,ResourceApplyGradientDescent,SGD/SGD/update_62/ResourceApplyGradientDescent,2,124.928,62.464,124.928,62.464,0.00322404348597947,0.7925139314431905,0.0,0.0
55,Device,AddN,SGD/gradients/AddN_25,2,123.906,61.953,123.906,61.953,0.0031976685144545036,0.795711599957645,0.0,0.0
56,Device,ResourceApplyGradientDescent,SGD/SGD/update_66/ResourceApplyGradientDescent,2,123.905,61.9525,123.905,61.9525,0.003197642707241661,0.7989092426648866,0.0,0.0
57,Device,ResourceApplyGradientDescent,SGD/SGD/update_70/ResourceApplyGradientDescent,2,123.905,61.9525,123.905,61.9525,0.003197642707241661,0.8021068853721283,0.0,0.0
58,Device,Conv2DBackpropInput,gradient_tape/model/conv2d_9/Conv2D/Conv2DBackpropInput,2,122.882,61.441,122.882,61.441,0.0031712419285038524,0.8052781273006321,0.0,0.0
59,Device,Conv2DBackpropInput,gradient_tape/model/conv2d_6/Conv2D/Conv2DBackpropInput,2,122.88,61.44,122.88,61.44,0.003171190314078167,0.8084493176147103,0.0,0.0
60,Device,Conv2DBackpropInput,gradient_tape/model/conv2d_8/Conv2D/Conv2DBackpropInput,2,120.833,60.4165,120.833,60.4165,0.003118362949389707,0.8115676805641,0.0,0.0
61,Device,SoftmaxCrossEntropyWithLogits,categorical_crossentropy/softmax_cross_entropy_with_logits,2,120.832,60.416,120.832,60.416,0.003118337142176864,0.8146860177062769,0.0,0.0
62,Device,Mul,gradient_tape/conv2d_18/kernel/Regularizer/Mul_1,2,120.832,60.416,120.832,60.416,0.003118337142176864,0.8178043548484538,0.0,0.0
63,Device,Conv2D,model/conv2d_6/Conv2D,2,120.832,60.416,120.832,60.416,0.003118337142176864,0.8209226919906307,0.0,0.0
64,Device,Conv2D,model/conv2d_8/Conv2D,2,120.832,60.416,120.832,60.416,0.003118337142176864,0.8240410291328076,0.0,0.0
65,Device,Conv2D,model/conv2d_9/Conv2D,2,120.832,60.416,120.832,60.416,0.003118337142176864,0.8271593662749845,0.0,0.0
66,Device,Mul,gradient_tape/conv2d_16/kernel/Regularizer/Mul_1,2,119.81,59.905,119.81,59.905,0.003091962170651898,0.8302513284456364,0.0,0.0
67,Device,Mul,gradient_tape/conv2d_19/kernel/Regularizer/Mul_1,2,119.808,59.904,119.808,59.904,0.0030919105562262133,0.8333432390018627,0.0,0.0
68,Device,AddN,SGD/gradients/AddN_26,2,114.689,57.3445,114.689,57.3445,0.002959803433685798,0.8363030424355485,0.0,0.0
69,Device,AddN,SGD/gradients/AddN_27,2,113.664,56.832,113.664,56.832,0.0029333510405223045,0.8392363934760708,0.0,0.0
70,Device,MaxPool,model/max_pooling2d/MaxPool,2,97.281,48.6405,97.281,48.6405,0.002510551472524725,0.8417469449485956,0.0,0.0
71,Device,Conv2DBackpropInput,gradient_tape/model/conv2d_17/Conv2D/Conv2DBackpropInput,4,91.136,22.784,91.136,22.784,0.002351966149607974,0.8440989110982036,0.0,0.0
72,Device,FusedBatchNormGradV3,gradient_tape/model/batch_normalization_4/FusedBatchNormGradV3,2,89.089,44.5445,89.089,44.5445,0.0022991387849195135,0.8463980498831231,0.0,0.0
73,Device,FusedBatchNormGradV3,gradient_tape/model/batch_normalization_1/FusedBatchNormGradV3,2,89.088,44.544,89.088,44.544,0.002299112977706671,0.8486971628608297,0.0,0.0
74,Device,FusedBatchNormGradV3,gradient_tape/model/batch_normalization_2/FusedBatchNormGradV3,2,88.064,44.032,88.064,44.032,0.00227268639175602,0.8509698492525858,0.0,0.0
75,Device,Square,conv2d_19/kernel/Regularizer/Square,2,82.944,41.472,82.944,41.472,0.0021405534620027628,0.8531104027145886,0.0,0.0
76,Device,FusedBatchNormGradV3,gradient_tape/model/batch_normalization_3/FusedBatchNormGradV3,2,82.944,41.472,82.944,41.472,0.0021405534620027628,0.8552509561765914,0.0,0.0
77,Device,Square,conv2d_16/kernel/Regularizer/Square,2,81.921,40.9605,81.921,40.9605,0.002114152683264954,0.8573651088598564,0.0,0.0
78,Device,Square,conv2d_18/kernel/Regularizer/Square,2,81.921,40.9605,81.921,40.9605,0.002114152683264954,0.8594792615431214,0.0,0.0
79,Device,Mul,gradient_tape/conv2d_16/kernel/Regularizer/Mul,2,81.92,40.96,81.92,40.96,0.0021141268760521115,0.8615933884191734,0.0,0.0
80,Device,BiasAddGrad,gradient_tape/model/conv2d/BiasAdd/BiasAddGrad,2,81.92,40.96,81.92,40.96,0.0021141268760521115,0.8637075152952255,0.0,0.0
81,Device,Conv2DBackpropFilter,gradient_tape/model/conv2d_7/Conv2D/Conv2DBackpropFilter,2,79.872,39.936,79.872,39.936,0.0020612737041508086,0.8657687889993763,0.0,0.0
82,Device,Conv2DBackpropInput,gradient_tape/model/conv2d_12/Conv2D/Conv2DBackpropInput,4,78.848,19.712,78.848,19.712,0.0020348471182001573,0.8678036361175764,0.0,0.0
83,Device,Conv2DBackpropFilter,gradient_tape/model/conv2d_17/Conv2D/Conv2DBackpropFilter,4,77.824,19.456,77.824,19.456,0.0020084205322495057,0.8698120566498259,0.0,0.0
84,Device,Tile,gradient_tape/conv2d_16/kernel/Regularizer/Tile,2,73.728,36.864,73.728,36.864,0.0019027141884469002,0.8717147708382728,0.0,0.0
85,Device,Conv2DBackpropInput,gradient_tape/model/conv2d_7/Conv2D/Conv2DBackpropInput,2,69.633,34.8165,69.633,34.8165,0.001797033651857137,0.8735118044901299,0.0,0.0
86,Device,ResourceApplyGradientDescent,SGD/SGD/update_56/ResourceApplyGradientDescent,2,64.513,32.2565,64.513,32.2565,0.0016649007221038804,0.8751767052122338,0.0,0.0
87,Device,Mul,gradient_tape/conv2d_15/kernel/Regularizer/Mul_1,2,63.488,31.744,63.488,31.744,0.0016384483289403865,0.8768151535411741,0.0,0.0
88,Device,AddN,SGD/gradients/AddN_23,2,62.465,31.2325,62.465,31.2325,0.0016120475502025774,0.8784272010913767,0.0,0.0
89,Device,ReluGrad,gradient_tape/model/activation_1/ReluGrad,2,55.297,27.6485,55.297,27.6485,0.0014270614485480176,0.8798542625399247,0.0,0.0
90,Device,Sum,conv2d_16/kernel/Regularizer/Sum,2,55.296,27.648,55.296,27.648,0.0014270356413351752,0.8812812981812599,0.0,0.0
91,Device,AddN,SGD/gradients/AddN_7,2,53.248,26.624,53.248,26.624,0.0013741824694338725,0.8826554806506938,0.0,0.0
92,Device,Sum,conv2d_18/kernel/Regularizer/Sum,2,51.2,25.6,51.2,25.6,0.0013213292975325698,0.8839768099482264,0.0,0.0
93,Device,Conv2DBackpropFilter,gradient_tape/model/conv2d_12/Conv2D/Conv2DBackpropFilter,2,51.2,25.6,51.2,25.6,0.0013213292975325698,0.885298139245759,0.0,0.0
94,Device,Sum,conv2d_19/kernel/Regularizer/Sum,2,50.176,25.088,50.176,25.088,0.0012949027115819183,0.8865930419573409,0.0,0.0
95,Device,AddN,SGD/gradients/AddN_6,2,49.153,24.5765,49.153,24.5765,0.0012685019328441093,0.887861543890185,0.0,0.0
96,Device,ReluGrad,gradient_tape/model/activation_4/ReluGrad,2,47.104,23.552,47.104,23.552,0.0012156229537299641,0.889077166843915,0.0,0.0
97,Device,Conv2D,model/conv2d_17/Conv2D,2,46.081,23.0405,46.081,23.0405,0.0011892221749921553,0.8902663890189072,0.0,0.0
98,Device,Conv2D,model/conv2d_7/Conv2D,2,45.056,22.528,45.056,22.528,0.0011627697818286612,0.8914291588007358,0.0,0.0
99,Device,AddN,SGD/gradients/AddN_5,2,44.033,22.0165,44.033,22.0165,0.0011363690030908524,0.8925655278038267,0.0,0.0
100,Device,Mul,gradient_tape/conv2d_15/kernel/Regularizer/Mul,2,44.033,22.0165,44.033,22.0165,0.0011363690030908524,0.8937018968069176,0.0,0.0
101,Device,Square,conv2d_15/kernel/Regularizer/Square,2,44.032,22.016,44.032,22.016,0.00113634319587801,0.8948382400027955,0.0,0.0
102,Device,ReluGrad,gradient_tape/model/activation_2/ReluGrad,2,44.032,22.016,44.032,22.016,0.00113634319587801,0.8959745831986735,0.0,0.0
103,Device,ReluGrad,gradient_tape/model/activation_3/ReluGrad,2,43.008,21.504,43.008,21.504,0.0011099166099273587,0.8970844998086008,0.0,0.0
104,Device,Tile,gradient_tape/conv2d_15/kernel/Regularizer/Tile,2,40.96,20.48,40.96,20.48,0.0010570634380260558,0.8981415632466269,0.0,0.0
105,Device,Transpose,gradient_tape/model/conv2d/Conv2D/Conv2DBackpropFilter-0-TransposeNHWCToNCHW-LayoutOptimizer,2,37.888,18.944,37.888,18.944,0.0009777836801741016,0.899119346926801,0.0,0.0
106,Device,Relu,model/activation_4/Relu,2,36.864,18.432,36.864,18.432,0.0009513570942234501,0.9000707040210244,0.0,0.0
107,Device,AddV2,model/add/add,2,36.864,18.432,36.864,18.432,0.0009513570942234501,0.9010220611152479,0.0,0.0
108,Device,Conv2D,model/conv2d_12/Conv2D,2,36.864,18.432,36.864,18.432,0.0009513570942234501,0.9019734182094713,0.0,0.0
109,Device,AddN,SGD/gradients/AddN_21,2,34.817,17.4085,34.817,17.4085,0.0008985297295349898,0.9028719479390063,0.0,0.0
110,Device,AddN,SGD/gradients/AddN_22,2,34.816,17.408,34.816,17.408,0.0008985039223221474,0.9037704518613284,0.0,0.0
111,Device,AddV2,model/add_1/add,2,34.816,17.408,34.816,17.408,0.0008985039223221474,0.9046689557836506,0.0,0.0
112,Device,FusedBatchNormV3,model/batch_normalization_1/FusedBatchNormV3,4,34.816,8.704,34.816,8.704,0.0008985039223221474,0.9055674597059727,0.0,0.0
113,Device,FusedBatchNormV3,model/batch_normalization_2/FusedBatchNormV3,4,34.816,8.704,34.816,8.704,0.0008985039223221474,0.9064659636282949,0.0,0.0
114,Device,FusedBatchNormV3,model/batch_normalization_4/FusedBatchNormV3,4,34.816,8.704,34.816,8.704,0.0008985039223221474,0.9073644675506171,0.0,0.0
115,Device,AddN,SGD/gradients/AddN_20,2,33.792,16.896,33.792,16.896,0.000872077336371496,0.9082365448869886,0.0,0.0
116,Device,Mul,gradient_tape/conv2d_11/kernel/Regularizer/Mul_1,2,32.768,16.384,32.768,16.384,0.0008456507504208446,0.9090821956374094,0.0,0.0
117,Device,ReluGrad,gradient_tape/model/activation_5/ReluGrad,2,32.768,16.384,32.768,16.384,0.0008456507504208446,0.9099278463878303,0.0,0.0
118,Device,FusedBatchNormV3,model/batch_normalization_3/FusedBatchNormV3,4,32.768,8.192,32.768,8.192,0.0008456507504208446,0.9107734971382512,0.0,0.0
119,Device,MatMul,model/dense/MatMul,2,32.768,16.384,32.768,16.384,0.0008456507504208446,0.911619147888672,0.0,0.0
120,Device,Mul,gradient_tape/conv2d_13/kernel/Regularizer/Mul_1,2,31.744,15.872,31.744,15.872,0.0008192241644701932,0.9124383720531423,0.0,0.0
121,Device,Sum,conv2d_15/kernel/Regularizer/Sum,2,30.72,15.36,30.72,15.36,0.0007927975785195418,0.9132311696316618,0.0,0.0
122,Device,Mul,gradient_tape/conv2d_14/kernel/Regularizer/Mul_1,2,30.72,15.36,30.72,15.36,0.0007927975785195418,0.9140239672101814,0.0,0.0
123,Device,BiasAddGrad,gradient_tape/model/conv2d_3/BiasAdd/BiasAddGrad,2,30.72,15.36,30.72,15.36,0.0007927975785195418,0.914816764788701,0.0,0.0
124,Device,BiasAddGrad,gradient_tape/model/conv2d_4/BiasAdd/BiasAddGrad,2,30.72,15.36,30.72,15.36,0.0007927975785195418,0.9156095623672206,0.0,0.0
125,Device,ArgMax,ArgMax,2,28.672,14.336,28.672,14.336,0.0007399444066182391,0.9163495067738389,0.0,0.0
126,Device,BiasAddGrad,gradient_tape/model/conv2d_1/BiasAdd/BiasAddGrad,2,28.672,14.336,28.672,14.336,0.0007399444066182391,0.9170894511804571,0.0,0.0
127,Device,BiasAddGrad,gradient_tape/model/conv2d_19/BiasAdd/BiasAddGrad,2,26.624,13.312,26.624,13.312,0.0006870912347169362,0.917776542415174,0.0,0.0
128,Device,BiasAddGrad,gradient_tape/model/conv2d_15/BiasAdd/BiasAddGrad,2,25.6,12.8,25.6,12.8,0.0006606646487662849,0.9184372070639403,0.0,0.0
129,Device,BiasAdd,model/conv2d_3/BiasAdd,2,24.578,12.289,24.578,12.289,0.0006342896772413183,0.9190714967411816,0.0,0.0
130,Device,ResourceApplyGradientDescent,SGD/SGD/update_44/ResourceApplyGradientDescent,2,24.576,12.288,24.576,12.288,0.0006342380628156334,0.9197057348039972,0.0,0.0
131,Device,ResourceApplyGradientDescent,SGD/SGD/update_52/ResourceApplyGradientDescent,2,24.576,12.288,24.576,12.288,0.0006342380628156334,0.9203399728668128,0.0,0.0
132,Device,Sum,conv2d_13/kernel/Regularizer/Sum,2,24.576,12.288,24.576,12.288,0.0006342380628156334,0.9209742109296284,0.0,0.0
133,Device,FusedBatchNormGradV3,gradient_tape/model/batch_normalization_8/FusedBatchNormGradV3,2,24.576,12.288,24.576,12.288,0.0006342380628156334,0.921608448992444,0.0,0.0
134,Device,BiasAddGrad,gradient_tape/model/conv2d_18/BiasAdd/BiasAddGrad,2,24.576,12.288,24.576,12.288,0.0006342380628156334,0.9222426870552596,0.0,0.0
135,Device,FusedBatchNormV3,model/batch_normalization_13/FusedBatchNormV3,4,24.576,6.144,24.576,6.144,0.0006342380628156334,0.9228769251180752,0.0,0.0
136,Device,FusedBatchNormV3,model/batch_normalization_14/FusedBatchNormV3,4,24.576,6.144,24.576,6.144,0.0006342380628156334,0.9235111631808908,0.0,0.0
137,Device,BiasAdd,model/conv2d_4/BiasAdd,2,24.576,12.288,24.576,12.288,0.0006342380628156334,0.9241454012437064,0.0,0.0
138,Device,Sum,conv2d_14/kernel/Regularizer/Sum,2,23.552,11.776,23.552,11.776,0.0006078114768649821,0.9247532127205713,0.0,0.0
139,Device,FusedBatchNormGradV3,gradient_tape/model/batch_normalization_10/FusedBatchNormGradV3,2,23.552,11.776,23.552,11.776,0.0006078114768649821,0.9253610241974363,0.0,0.0
140,Device,FusedBatchNormGradV3,gradient_tape/model/batch_normalization_12/FusedBatchNormGradV3,2,23.552,11.776,23.552,11.776,0.0006078114768649821,0.9259688356743012,0.0,0.0
141,Device,FusedBatchNormGradV3,gradient_tape/model/batch_normalization_5/FusedBatchNormGradV3,2,23.552,11.776,23.552,11.776,0.0006078114768649821,0.9265766471511662,0.0,0.0
142,Device,BiasAdd,model/conv2d_1/BiasAdd,2,23.552,11.776,23.552,11.776,0.0006078114768649821,0.9271844586280311,0.0,0.0
143,Device,BiasAdd,model/conv2d_2/BiasAdd,2,23.552,11.776,23.552,11.776,0.0006078114768649821,0.9277922701048961,0.0,0.0
144,Device,ResourceApplyGradientDescent,SGD/SGD/update_48/ResourceApplyGradientDescent,2,22.529,11.2645,22.529,11.2645,0.0005814106981271731,0.9283736808030233,0.0,0.0
145,Device,Sum,conv2d_11/kernel/Regularizer/Sum,2,22.528,11.264,22.528,11.264,0.0005813848909143306,0.9289550656939376,0.0,0.0
146,Device,ReluGrad,gradient_tape/model/activation_8/ReluGrad,2,22.528,11.264,22.528,11.264,0.0005813848909143306,0.9295364505848519,0.0,0.0
147,Device,FusedBatchNormGradV3,gradient_tape/model/batch_normalization_11/FusedBatchNormGradV3,2,22.528,11.264,22.528,11.264,0.0005813848909143306,0.9301178354757662,0.0,0.0
148,Device,FusedBatchNormGradV3,gradient_tape/model/batch_normalization_13/FusedBatchNormGradV3,2,22.528,11.264,22.528,11.264,0.0005813848909143306,0.9306992203666805,0.0,0.0
149,Device,FusedBatchNormGradV3,gradient_tape/model/batch_normalization_6/FusedBatchNormGradV3,2,22.528,11.264,22.528,11.264,0.0005813848909143306,0.9312806052575948,0.0,0.0
150,Device,FusedBatchNormGradV3,gradient_tape/model/batch_normalization_7/FusedBatchNormGradV3,2,22.528,11.264,22.528,11.264,0.0005813848909143306,0.9318619901485091,0.0,0.0
151,Device,BiasAddGrad,gradient_tape/model/conv2d_14/BiasAdd/BiasAddGrad,2,22.528,11.264,22.528,11.264,0.0005813848909143306,0.9324433750394234,0.0,0.0
152,Device,BiasAddGrad,gradient_tape/model/conv2d_17/BiasAdd/BiasAddGrad,2,22.528,11.264,22.528,11.264,0.0005813848909143306,0.9330247599303377,0.0,0.0
153,Device,FusedBatchNormV3,model/batch_normalization_16/FusedBatchNormV3,4,22.528,5.632,22.528,5.632,0.0005813848909143306,0.933606144821252,0.0,0.0
154,Device,Square,conv2d_14/kernel/Regularizer/Square,2,21.505,10.7525,21.505,10.7525,0.0005549841121765217,0.9341611289334285,0.0,0.0
155,Device,BiasAddGrad,gradient_tape/model/conv2d_8/BiasAdd/BiasAddGrad,2,21.505,10.7525,21.505,10.7525,0.0005549841121765217,0.934716113045605,0.0,0.0
156,Device,AddN,SGD/gradients/AddN_4,2,21.504,10.752,21.504,10.752,0.0005549583049636793,0.9352710713505686,0.0,0.0
157,Device,Square,conv2d_13/kernel/Regularizer/Square,2,21.504,10.752,21.504,10.752,0.0005549583049636793,0.9358260296555323,0.0,0.0
158,Device,FusedBatchNormGradV3,gradient_tape/model/batch_normalization_9/FusedBatchNormGradV3,2,21.504,10.752,21.504,10.752,0.0005549583049636793,0.936380987960496,0.0,0.0
159,Device,BiasAddGrad,gradient_tape/model/conv2d_13/BiasAdd/BiasAddGrad,2,21.504,10.752,21.504,10.752,0.0005549583049636793,0.9369359462654596,0.0,0.0
160,Device,BiasAddGrad,gradient_tape/model/conv2d_9/BiasAdd/BiasAddGrad,2,21.504,10.752,21.504,10.752,0.0005549583049636793,0.9374909045704233,0.0,0.0
161,Device,FusedBatchNormV3,model/batch_normalization_15/FusedBatchNormV3,4,21.504,5.376,21.504,5.376,0.0005549583049636793,0.9380458628753869,0.0,0.0
162,Device,ReluGrad,gradient_tape/model/activation_7/ReluGrad,2,20.481,10.2405,20.481,10.2405,0.0005285575262258703,0.9385744204016128,0.0,0.0
163,Device,ArgMax,ArgMax_1,2,20.48,10.24,20.48,10.24,0.0005285317190130279,0.9391029521206258,0.0,0.0
164,Device,AddN,SGD/gradients/AddN_18,2,20.48,10.24,20.48,10.24,0.0005285317190130279,0.9396314838396388,0.0,0.0
165,Device,Square,conv2d_11/kernel/Regularizer/Square,2,20.48,10.24,20.48,10.24,0.0005285317190130279,0.9401600155586518,0.0,0.0
166,Device,Tile,gradient_tape/conv2d_11/kernel/Regularizer/Tile,2,20.48,10.24,20.48,10.24,0.0005285317190130279,0.9406885472776648,0.0,0.0
167,Device,ReluGrad,gradient_tape/model/activation_6/ReluGrad,2,20.48,10.24,20.48,10.24,0.0005285317190130279,0.9412170789966778,0.0,0.0
168,Device,FusedBatchNormGradV3,gradient_tape/model/batch_normalization_14/FusedBatchNormGradV3,2,20.48,10.24,20.48,10.24,0.0005285317190130279,0.9417456107156909,0.0,0.0
169,Device,FusedBatchNormGradV3,gradient_tape/model/batch_normalization_15/FusedBatchNormGradV3,2,20.48,10.24,20.48,10.24,0.0005285317190130279,0.9422741424347039,0.0,0.0
170,Device,BiasAddGrad,gradient_tape/model/conv2d_10/BiasAdd/BiasAddGrad,2,20.48,10.24,20.48,10.24,0.0005285317190130279,0.9428026741537169,0.0,0.0
171,Device,BiasAddGrad,gradient_tape/model/conv2d_2/BiasAdd/BiasAddGrad,2,20.48,10.24,20.48,10.24,0.0005285317190130279,0.9433312058727299,0.0,0.0
172,Device,FusedBatchNormV3,model/batch_normalization_10/FusedBatchNormV3,4,20.48,5.12,20.48,5.12,0.0005285317190130279,0.9438597375917429,0.0,0.0
173,Device,FusedBatchNormV3,model/batch_normalization_11/FusedBatchNormV3,4,20.48,5.12,20.48,5.12,0.0005285317190130279,0.9443882693107559,0.0,0.0
174,Device,Softmax,model/dense/Softmax,2,20.48,10.24,20.48,10.24,0.0005285317190130279,0.9449168010297689,0.0,0.0
175,Device,Mul,gradient_tape/conv2d_10/kernel/Regularizer/Mul_1,2,19.456,9.728,19.456,9.728,0.0005021051330623764,0.9454189061628313,0.0,0.0
176,Device,BiasAddGrad,gradient_tape/model/conv2d_12/BiasAdd/BiasAddGrad,2,19.456,9.728,19.456,9.728,0.0005021051330623764,0.9459210112958937,0.0,0.0
177,Device,FusedBatchNormV3,model/batch_normalization_12/FusedBatchNormV3,4,19.456,4.864,19.456,4.864,0.0005021051330623764,0.946423116428956,0.0,0.0
178,Device,FusedBatchNormV3,model/batch_normalization_7/FusedBatchNormV3,4,19.456,4.864,19.456,4.864,0.0005021051330623764,0.9469252215620184,0.0,0.0
179,Device,FusedBatchNormV3,model/batch_normalization_9/FusedBatchNormV3,4,19.456,4.864,19.456,4.864,0.0005021051330623764,0.9474273266950808,0.0,0.0
180,Device,AddN,ArithmeticOptimizer/AddOpsRewrite_AddN_1,4,18.432,4.608,18.432,4.608,0.00047567854711172506,0.9479030052421925,0.0,0.0
181,Device,ReluGrad,gradient_tape/model/activation_12/ReluGrad,2,18.432,9.216,18.432,9.216,0.00047567854711172506,0.9483786837893042,0.0,0.0
182,Device,FusedBatchNormGradV3,gradient_tape/model/batch_normalization_16/FusedBatchNormGradV3,2,18.432,9.216,18.432,9.216,0.00047567854711172506,0.948854362336416,0.0,0.0
183,Device,FusedBatchNormV3,model/batch_normalization_5/FusedBatchNormV3,4,18.432,4.608,18.432,4.608,0.00047567854711172506,0.9493300408835277,0.0,0.0
184,Device,FusedBatchNormV3,model/batch_normalization_6/FusedBatchNormV3,4,18.432,4.608,18.432,4.608,0.00047567854711172506,0.9498057194306394,0.0,0.0
185,Device,AddN,SGD/gradients/AddN_3,2,17.408,8.704,17.408,8.704,0.0004492519611610737,0.9502549713918005,0.0,0.0
186,Device,Sum,conv2d_10/kernel/Regularizer/Sum,2,17.408,8.704,17.408,8.704,0.0004492519611610737,0.9507042233529616,0.0,0.0
187,Device,ReluGrad,gradient_tape/model/activation_9/ReluGrad,2,17.408,8.704,17.408,8.704,0.0004492519611610737,0.9511534753141226,0.0,0.0
188,Device,BiasAddGrad,gradient_tape/model/conv2d_5/BiasAdd/BiasAddGrad,2,17.408,8.704,17.408,8.704,0.0004492519611610737,0.9516027272752837,0.0,0.0
189,Device,FusedBatchNormV3,model/batch_normalization_8/FusedBatchNormV3,4,17.408,4.352,17.408,4.352,0.0004492519611610737,0.9520519792364448,0.0,0.0
190,Device,Sum,conv2d_6/kernel/Regularizer/Sum,2,16.384,8.192,16.384,8.192,0.0004228253752104223,0.9524748046116552,0.0,0.0
191,Device,Sum,conv2d_8/kernel/Regularizer/Sum,2,16.384,8.192,16.384,8.192,0.0004228253752104223,0.9528976299868657,0.0,0.0
192,Device,Sum,conv2d_9/kernel/Regularizer/Sum,2,16.384,8.192,16.384,8.192,0.0004228253752104223,0.9533204553620761,0.0,0.0
193,Device,Tile,gradient_tape/conv2d_10/kernel/Regularizer/Tile,2,16.384,8.192,16.384,8.192,0.0004228253752104223,0.9537432807372865,0.0,0.0
194,Device,BiasAdd,model/conv2d_7/BiasAdd,2,16.384,8.192,16.384,8.192,0.0004228253752104223,0.954166106112497,0.0,0.0
195,Device,Sum,conv2d_17/kernel/Regularizer/Sum,2,15.36,7.68,15.36,7.68,0.0003963987892597709,0.9545625049017568,0.0,0.0
196,Device,Mul,gradient_tape/conv2d_11/kernel/Regularizer/Mul,2,15.36,7.68,15.36,7.68,0.0003963987892597709,0.9549589036910165,0.0,0.0
197,Device,AddV2,model/add_2/add,2,15.36,7.68,15.36,7.68,0.0003963987892597709,0.9553553024802763,0.0,0.0
198,Device,AddV2,model/add_3/add,2,15.36,7.68,15.36,7.68,0.0003963987892597709,0.9557517012695361,0.0,0.0
199,Device,ResourceApplyGradientDescent,SGD/SGD/update_38/ResourceApplyGradientDescent,2,14.336,7.168,14.336,7.168,0.00036997220330911953,0.9561216734728453,0.0,0.0
200,Device,Square,conv2d_10/kernel/Regularizer/Square,2,14.336,7.168,14.336,7.168,0.00036997220330911953,0.9564916456761544,0.0,0.0
201,Device,Sum,conv2d_3/kernel/Regularizer/Sum,2,14.336,7.168,14.336,7.168,0.00036997220330911953,0.9568616178794636,0.0,0.0
202,Device,AvgPoolGrad,gradient_tape/model/average_pooling2d/AvgPoolGrad,2,14.336,7.168,14.336,7.168,0.00036997220330911953,0.9572315900827727,0.0,0.0
203,Device,MatMul,gradient_tape/model/dense/MatMul/MatMul,2,13.313,6.6565,13.313,6.6565,0.00034357142457131054,0.957575161507344,0.0,0.0
204,Device,AddN,SGD/gradients/AddN_16,2,13.312,6.656,13.312,6.656,0.0003435456173584681,0.9579187071247025,0.0,0.0
205,Device,Sum,conv2d_1/kernel/Regularizer/Sum,2,13.312,6.656,13.312,6.656,0.0003435456173584681,0.958262252742061,0.0,0.0
206,Device,Sum,conv2d_4/kernel/Regularizer/Sum,2,13.312,6.656,13.312,6.656,0.0003435456173584681,0.9586057983594195,0.0,0.0
207,Device,Sum,conv2d_5/kernel/Regularizer/Sum,2,13.312,6.656,13.312,6.656,0.0003435456173584681,0.958949343976778,0.0,0.0
208,Device,Tile,gradient_tape/conv2d_5/kernel/Regularizer/Tile,2,13.312,6.656,13.312,6.656,0.0003435456173584681,0.9592928895941365,0.0,0.0
209,Device,Tile,gradient_tape/conv2d_6/kernel/Regularizer/Tile,2,13.312,6.656,13.312,6.656,0.0003435456173584681,0.959636435211495,0.0,0.0
210,Device,ReluGrad,gradient_tape/model/activation_10/ReluGrad,2,13.312,6.656,13.312,6.656,0.0003435456173584681,0.9599799808288535,0.0,0.0
211,Device,ReluGrad,gradient_tape/model/activation_11/ReluGrad,2,13.312,6.656,13.312,6.656,0.0003435456173584681,0.960323526446212,0.0,0.0
212,Device,Relu,model/activation_1/Relu,2,13.312,6.656,13.312,6.656,0.0003435456173584681,0.9606670720635705,0.0,0.0
213,Device,Mul,gradient_tape/conv2d_10/kernel/Regularizer/Mul,2,12.289,6.1445,12.289,6.1445,0.00031714483862065913,0.9609842169021912,0.0,0.0
214,Device,Tile,gradient_tape/conv2d_17/kernel/Regularizer/Tile,2,12.289,6.1445,12.289,6.1445,0.00031714483862065913,0.9613013617408118,0.0,0.0
215,Device,ResourceApplyGradientDescent,SGD/SGD/update_60/ResourceApplyGradientDescent,2,12.288,6.144,12.288,6.144,0.0003171190314078167,0.9616184807722197,0.0,0.0
216,Device,AddN,SGD/gradients/AddN_15,2,12.288,6.144,12.288,6.144,0.0003171190314078167,0.9619355998036275,0.0,0.0
217,Device,AddN,SGD/gradients/AddN_17,2,12.288,6.144,12.288,6.144,0.0003171190314078167,0.9622527188350354,0.0,0.0
218,Device,AddN,SGD/gradients/AddN_2,2,12.288,6.144,12.288,6.144,0.0003171190314078167,0.9625698378664432,0.0,0.0
219,Device,AddN,SGD/gradients/AddN_24,2,12.288,6.144,12.288,6.144,0.0003171190314078167,0.9628869568978511,0.0,0.0
220,Device,Sum,conv2d_12/kernel/Regularizer/Sum,2,12.288,6.144,12.288,6.144,0.0003171190314078167,0.9632040759292589,0.0,0.0
221,Device,Sum,conv2d_2/kernel/Regularizer/Sum,2,12.288,6.144,12.288,6.144,0.0003171190314078167,0.9635211949606668,0.0,0.0
222,Device,Tile,gradient_tape/conv2d_1/kernel/Regularizer/Tile,2,12.288,6.144,12.288,6.144,0.0003171190314078167,0.9638383139920746,0.0,0.0
223,Device,Tile,gradient_tape/conv2d_12/kernel/Regularizer/Tile,2,12.288,6.144,12.288,6.144,0.0003171190314078167,0.9641554330234825,0.0,0.0
224,Device,Mul,gradient_tape/conv2d_6/kernel/Regularizer/Mul_1,2,12.288,6.144,12.288,6.144,0.0003171190314078167,0.9644725520548904,0.0,0.0
225,Device,ReluGrad,gradient_tape/model/activation_13/ReluGrad,2,12.288,6.144,12.288,6.144,0.0003171190314078167,0.9647896710862982,0.0,0.0
226,Device,ReluGrad,gradient_tape/model/activation_14/ReluGrad,2,12.288,6.144,12.288,6.144,0.0003171190314078167,0.9651067901177061,0.0,0.0
227,Device,ReluGrad,gradient_tape/model/activation_15/ReluGrad,2,12.288,6.144,12.288,6.144,0.0003171190314078167,0.9654239091491139,0.0,0.0
228,Device,BiasAddGrad,gradient_tape/model/conv2d_7/BiasAdd/BiasAddGrad,2,12.288,6.144,12.288,6.144,0.0003171190314078167,0.9657410281805218,0.0,0.0
229,Device,Relu,model/activation_2/Relu,2,12.288,6.144,12.288,6.144,0.0003171190314078167,0.9660581472119296,0.0,0.0
230,Device,Relu,model/activation_3/Relu,2,12.288,6.144,12.288,6.144,0.0003171190314078167,0.9663752662433375,0.0,0.0
231,Device,Sum,conv2d_7/kernel/Regularizer/Sum,2,11.264,5.632,11.264,5.632,0.0002906924454571653,0.9666659586887947,0.0,0.0
232,Device,Square,conv2d_8/kernel/Regularizer/Square,2,11.264,5.632,11.264,5.632,0.0002906924454571653,0.9669566511342519,0.0,0.0
233,Device,Mul,gradient_tape/conv2d_17/kernel/Regularizer/Mul_1,2,11.264,5.632,11.264,5.632,0.0002906924454571653,0.9672473435797091,0.0,0.0
234,Device,Mul,gradient_tape/conv2d_9/kernel/Regularizer/Mul_1,2,11.264,5.632,11.264,5.632,0.0002906924454571653,0.9675380360251663,0.0,0.0
235,Device,BiasAdd,model/conv2d_9/BiasAdd,2,11.264,5.632,11.264,5.632,0.0002906924454571653,0.9678287284706235,0.0,0.0
236,Device,ResourceApplyGradientDescent,SGD/SGD/update_16/ResourceApplyGradientDescent,2,10.24,5.12,10.24,5.12,0.00026426585950651394,0.9680929943301301,0.0,0.0
237,Device,ResourceApplyGradientDescent,SGD/SGD/update_20/ResourceApplyGradientDescent,2,10.24,5.12,10.24,5.12,0.00026426585950651394,0.9683572601896366,0.0,0.0
238,Device,ResourceApplyGradientDescent,SGD/SGD/update_26/ResourceApplyGradientDescent,2,10.24,5.12,10.24,5.12,0.00026426585950651394,0.9686215260491432,0.0,0.0
239,Device,ResourceApplyGradientDescent,SGD/SGD/update_34/ResourceApplyGradientDescent,2,10.24,5.12,10.24,5.12,0.00026426585950651394,0.9688857919086498,0.0,0.0
240,Device,AddN,SGD/gradients/AddN_1,2,10.24,5.12,10.24,5.12,0.00026426585950651394,0.9691500577681563,0.0,0.0
241,Device,Sum,conv2d/kernel/Regularizer/Sum,2,10.24,5.12,10.24,5.12,0.00026426585950651394,0.9694143236276629,0.0,0.0
242,Device,Square,conv2d_17/kernel/Regularizer/Square,2,10.24,5.12,10.24,5.12,0.00026426585950651394,0.9696785894871695,0.0,0.0
243,Device,Square,conv2d_9/kernel/Regularizer/Square,2,10.24,5.12,10.24,5.12,0.00026426585950651394,0.969942855346676,0.0,0.0
244,Device,Mul,gradient_tape/conv2d_17/kernel/Regularizer/Mul,2,10.24,5.12,10.24,5.12,0.00026426585950651394,0.9702071212061826,0.0,0.0
245,Device,MatMul,gradient_tape/model/dense/MatMul/MatMul_1,2,10.24,5.12,10.24,5.12,0.00026426585950651394,0.9704713870656891,0.0,0.0
246,Device,AddV2,model/add_4/add,2,10.24,5.12,10.24,5.12,0.00026426585950651394,0.9707356529251957,0.0,0.0
247,Device,AddV2,model/add_5/add,2,10.24,5.12,10.24,5.12,0.00026426585950651394,0.9709999187847023,0.0,0.0
248,Device,AvgPool,model/average_pooling2d/AvgPool,2,10.24,5.12,10.24,5.12,0.00026426585950651394,0.9712641846442088,0.0,0.0
249,Device,BiasAdd,model/conv2d_5/BiasAdd,2,10.24,5.12,10.24,5.12,0.00026426585950651394,0.9715284505037154,0.0,0.0
250,Device,BiasAdd,model/conv2d_6/BiasAdd,2,10.24,5.12,10.24,5.12,0.00026426585950651394,0.971792716363222,0.0,0.0
251,Device,BiasAdd,model/conv2d_8/BiasAdd,2,10.24,5.12,10.24,5.12,0.00026426585950651394,0.9720569822227285,0.0,0.0
252,Device,ResourceApplyGradientDescent,SGD/SGD/update_30/ResourceApplyGradientDescent,2,9.217,4.6085,9.217,4.6085,0.00023786508076870498,0.9722948473034972,0.0,0.0
253,Device,AddN,SGD/gradients/AddN_13,2,9.216,4.608,9.216,4.608,0.00023783927355586253,0.9725326865770532,0.0,0.0
254,Device,Mul,gradient_tape/conv2d_6/kernel/Regularizer/Mul,2,9.216,4.608,9.216,4.608,0.00023783927355586253,0.9727705258506091,0.0,0.0
255,Device,Relu,model/activation_5/Relu,2,9.216,4.608,9.216,4.608,0.00023783927355586253,0.973008365124165,0.0,0.0
256,Device,Relu,model/activation_6/Relu,2,9.216,4.608,9.216,4.608,0.00023783927355586253,0.9732462043977209,0.0,0.0
257,Device,Relu,model/activation_7/Relu,2,9.216,4.608,9.216,4.608,0.00023783927355586253,0.9734840436712768,0.0,0.0
258,Device,Relu,model/activation_8/Relu,2,9.216,4.608,9.216,4.608,0.00023783927355586253,0.9737218829448328,0.0,0.0
259,Device,BiasAdd,model/conv2d_11/BiasAdd,2,9.216,4.608,9.216,4.608,0.00023783927355586253,0.9739597222183887,0.0,0.0
260,Device,ResourceApplyGradientDescent,SGD/SGD/update_4/ResourceApplyGradientDescent,2,8.193,4.0965,8.193,4.0965,0.00021143849481805357,0.9741711607132068,0.0,0.0
261,Device,AddN,SGD/gradients/AddN_12,2,8.193,4.0965,8.193,4.0965,0.00021143849481805357,0.9743825992080248,0.0,0.0
262,Device,ResourceApplyGradientDescent,SGD/SGD/update/ResourceApplyGradientDescent,2,8.192,4.096,8.192,4.096,0.00021141268760521115,0.97459401189563,0.0,0.0
263,Device,ResourceApplyGradientDescent,SGD/SGD/update_12/ResourceApplyGradientDescent,2,8.192,4.096,8.192,4.096,0.00021141268760521115,0.9748054245832352,0.0,0.0
264,Device,ResourceApplyGradientDescent,SGD/SGD/update_40/ResourceApplyGradientDescent,2,8.192,4.096,8.192,4.096,0.00021141268760521115,0.9750168372708403,0.0,0.0
265,Device,ResourceApplyGradientDescent,SGD/SGD/update_42/ResourceApplyGradientDescent,2,8.192,4.096,8.192,4.096,0.00021141268760521115,0.9752282499584455,0.0,0.0
266,Device,ResourceApplyGradientDescent,SGD/SGD/update_58/ResourceApplyGradientDescent,2,8.192,4.096,8.192,4.096,0.00021141268760521115,0.9754396626460506,0.0,0.0
267,Device,ResourceApplyGradientDescent,SGD/SGD/update_8/ResourceApplyGradientDescent,2,8.192,4.096,8.192,4.096,0.00021141268760521115,0.9756510753336558,0.0,0.0
268,Device,AddN,SGD/gradients/AddN,2,8.192,4.096,8.192,4.096,0.00021141268760521115,0.975862488021261,0.0,0.0
269,Device,AddN,SGD/gradients/AddN_10,2,8.192,4.096,8.192,4.096,0.00021141268760521115,0.9760739007088661,0.0,0.0
270,Device,AddN,SGD/gradients/AddN_19,2,8.192,4.096,8.192,4.096,0.00021141268760521115,0.9762853133964713,0.0,0.0
271,Device,Square,conv2d_5/kernel/Regularizer/Square,2,8.192,4.096,8.192,4.096,0.00021141268760521115,0.9764967260840764,0.0,0.0
272,Device,Square,conv2d_6/kernel/Regularizer/Square,2,8.192,4.096,8.192,4.096,0.00021141268760521115,0.9767081387716816,0.0,0.0
273,Device,Mul,gradient_tape/conv2d_1/kernel/Regularizer/Mul_1,2,8.192,4.096,8.192,4.096,0.00021141268760521115,0.9769195514592868,0.0,0.0
274,Device,Mul,gradient_tape/conv2d_12/kernel/Regularizer/Mul_1,2,8.192,4.096,8.192,4.096,0.00021141268760521115,0.9771309641468919,0.0,0.0
275,Device,Mul,gradient_tape/conv2d_5/kernel/Regularizer/Mul_1,2,8.192,4.096,8.192,4.096,0.00021141268760521115,0.9773423768344971,0.0,0.0
276,Device,Mul,gradient_tape/conv2d_8/kernel/Regularizer/Mul_1,2,8.192,4.096,8.192,4.096,0.00021141268760521115,0.9775537895221023,0.0,0.0
277,Device,Relu,model/activation_9/Relu,2,8.192,4.096,8.192,4.096,0.00021141268760521115,0.9777652022097074,0.0,0.0
278,Device,AddV2,model/add_6/add,2,8.192,4.096,8.192,4.096,0.00021141268760521115,0.9779766148973126,0.0,0.0
279,Device,AddV2,model/add_7/add,2,8.192,4.096,8.192,4.096,0.00021141268760521115,0.9781880275849177,0.0,0.0
280,Device,BiasAdd,model/conv2d_10/BiasAdd,2,8.192,4.096,8.192,4.096,0.00021141268760521115,0.9783994402725229,0.0,0.0
281,Device,BiasAdd,model/conv2d_12/BiasAdd,2,8.192,4.096,8.192,4.096,0.00021141268760521115,0.9786108529601281,0.0,0.0
282,Device,BiasAdd,model/conv2d_13/BiasAdd,2,8.192,4.096,8.192,4.096,0.00021141268760521115,0.9788222656477332,0.0,0.0
283,Device,BiasAdd,model/conv2d_14/BiasAdd,2,8.192,4.096,8.192,4.096,0.00021141268760521115,0.9790336783353384,0.0,0.0
284,Device,Mul,gradient_tape/conv2d/kernel/Regularizer/Mul_1,2,7.169,3.5845,7.169,3.5845,0.0001850119088674022,0.9792186902442058,0.0,0.0
285,Device,ResourceApplyGradientDescent,SGD/SGD/update_13/ResourceApplyGradientDescent,2,7.168,3.584,7.168,3.584,0.00018498610165455976,0.9794036763458603,0.0,0.0
286,Device,ResourceApplyGradientDescent,SGD/SGD/update_14/ResourceApplyGradientDescent,2,7.168,3.584,7.168,3.584,0.00018498610165455976,0.9795886624475149,0.0,0.0
287,Device,ResourceApplyGradientDescent,SGD/SGD/update_23/ResourceApplyGradientDescent,2,7.168,3.584,7.168,3.584,0.00018498610165455976,0.9797736485491694,0.0,0.0
288,Device,ResourceApplyGradientDescent,SGD/SGD/update_24/ResourceApplyGradientDescent,2,7.168,3.584,7.168,3.584,0.00018498610165455976,0.9799586346508239,0.0,0.0
289,Device,ResourceApplyGradientDescent,SGD/SGD/update_32/ResourceApplyGradientDescent,2,7.168,3.584,7.168,3.584,0.00018498610165455976,0.9801436207524784,0.0,0.0
290,Device,ResourceApplyGradientDescent,SGD/SGD/update_49/ResourceApplyGradientDescent,2,7.168,3.584,7.168,3.584,0.00018498610165455976,0.9803286068541329,0.0,0.0
291,Device,ResourceApplyGradientDescent,SGD/SGD/update_51/ResourceApplyGradientDescent,2,7.168,3.584,7.168,3.584,0.00018498610165455976,0.9805135929557874,0.0,0.0
292,Device,ResourceApplyGradientDescent,SGD/SGD/update_61/ResourceApplyGradientDescent,2,7.168,3.584,7.168,3.584,0.00018498610165455976,0.980698579057442,0.0,0.0
293,Device,ResourceApplyGradientDescent,SGD/SGD/update_71/ResourceApplyGradientDescent,2,7.168,3.584,7.168,3.584,0.00018498610165455976,0.9808835651590965,0.0,0.0
294,Device,ResourceApplyGradientDescent,SGD/SGD/update_74/ResourceApplyGradientDescent,2,7.168,3.584,7.168,3.584,0.00018498610165455976,0.981068551260751,0.0,0.0
295,Device,AddN,SGD/gradients/AddN_11,2,7.168,3.584,7.168,3.584,0.00018498610165455976,0.9812535373624055,0.0,0.0
296,Device,AddN,SGD/gradients/AddN_14,2,7.168,3.584,7.168,3.584,0.00018498610165455976,0.98143852346406,0.0,0.0
297,Device,AddN,SGD/gradients/AddN_9,2,7.168,3.584,7.168,3.584,0.00018498610165455976,0.9816235095657145,0.0,0.0
298,Device,Square,conv2d_1/kernel/Regularizer/Square,2,7.168,3.584,7.168,3.584,0.00018498610165455976,0.981808495667369,0.0,0.0
299,Device,Square,conv2d_2/kernel/Regularizer/Square,2,7.168,3.584,7.168,3.584,0.00018498610165455976,0.9819934817690236,0.0,0.0
300,Device,Square,conv2d_4/kernel/Regularizer/Square,2,7.168,3.584,7.168,3.584,0.00018498610165455976,0.9821784678706781,0.0,0.0
301,Device,Mul,conv2d_8/kernel/Regularizer/mul,2,7.168,3.584,7.168,3.584,0.00018498610165455976,0.9823634539723326,0.0,0.0
302,Device,Mul,gradient_tape/conv2d_1/kernel/Regularizer/Mul,2,7.168,3.584,7.168,3.584,0.00018498610165455976,0.9825484400739871,0.0,0.0
303,Device,Mul,gradient_tape/conv2d_12/kernel/Regularizer/Mul,2,7.168,3.584,7.168,3.584,0.00018498610165455976,0.9827334261756416,0.0,0.0
304,Device,Mul,gradient_tape/conv2d_2/kernel/Regularizer/Mul_1,2,7.168,3.584,7.168,3.584,0.00018498610165455976,0.9829184122772961,0.0,0.0
305,Device,Mul,gradient_tape/conv2d_3/kernel/Regularizer/Mul_1,2,7.168,3.584,7.168,3.584,0.00018498610165455976,0.9831033983789507,0.0,0.0
306,Device,Mul,gradient_tape/conv2d_5/kernel/Regularizer/Mul,2,7.168,3.584,7.168,3.584,0.00018498610165455976,0.9832883844806052,0.0,0.0
307,Device,Mul,gradient_tape/conv2d_7/kernel/Regularizer/Mul_1,2,7.168,3.584,7.168,3.584,0.00018498610165455976,0.9834733705822597,0.0,0.0
308,Device,ReluGrad,gradient_tape/model/activation_16/ReluGrad,2,7.168,3.584,7.168,3.584,0.00018498610165455976,0.9836583566839142,0.0,0.0
309,Device,Relu,model/activation_11/Relu,2,7.168,3.584,7.168,3.584,0.00018498610165455976,0.9838433427855687,0.0,0.0
310,Device,Relu,model/activation_12/Relu,2,7.168,3.584,7.168,3.584,0.00018498610165455976,0.9840283288872232,0.0,0.0
311,Device,BiasAdd,model/conv2d_15/BiasAdd,2,7.168,3.584,7.168,3.584,0.00018498610165455976,0.9842133149888778,0.0,0.0
312,Device,BiasAdd,model/conv2d_16/BiasAdd,2,7.168,3.584,7.168,3.584,0.00018498610165455976,0.9843983010905323,0.0,0.0
313,Device,BiasAdd,model/conv2d_17/BiasAdd,2,7.168,3.584,7.168,3.584,0.00018498610165455976,0.9845832871921868,0.0,0.0
314,Device,BiasAdd,model/conv2d_18/BiasAdd,2,7.168,3.584,7.168,3.584,0.00018498610165455976,0.9847682732938413,0.0,0.0
315,Device,BiasAdd,model/conv2d_19/BiasAdd,2,7.168,3.584,7.168,3.584,0.00018498610165455976,0.9849532593954958,0.0,0.0
316,Device,ResourceApplyGradientDescent,SGD/SGD/update_11/ResourceApplyGradientDescent,2,6.145,3.0725,6.145,3.0725,0.00015858532291675078,0.9851118447184126,0.0,0.0
317,Device,ResourceApplyGradientDescent,SGD/SGD/update_43/ResourceApplyGradientDescent,2,6.145,3.0725,6.145,3.0725,0.00015858532291675078,0.9852704300413294,0.0,0.0
318,Device,DivNoNan,div_no_nan_1,2,6.145,3.0725,6.145,3.0725,0.00015858532291675078,0.9854290153642462,0.0,0.0
319,Device,Relu,model/activation_16/Relu,2,6.145,3.0725,6.145,3.0725,0.00015858532291675078,0.985587600687163,0.0,0.0
320,Device,AssignAddVariableOp,AssignAddVariableOp_1,2,6.144,3.072,6.144,3.072,0.00015855951570390835,0.9857461602028669,0.0,0.0
321,Device,AssignAddVariableOp,AssignAddVariableOp_4,2,6.144,3.072,6.144,3.072,0.00015855951570390835,0.9859047197185707,0.0,0.0
322,Device,Cast,Cast_1,2,6.144,3.072,6.144,3.072,0.00015855951570390835,0.9860632792342746,0.0,0.0
323,Device,Cast,Cast_2,2,6.144,3.072,6.144,3.072,0.00015855951570390835,0.9862218387499785,0.0,0.0
324,Device,Mul,Mul,2,6.144,3.072,6.144,3.072,0.00015855951570390835,0.9863803982656824,0.0,0.0
325,Device,AssignAddVariableOp,SGD/SGD/AssignAddVariableOp,2,6.144,3.072,6.144,3.072,0.00015855951570390835,0.9865389577813862,0.0,0.0
326,Device,ResourceApplyGradientDescent,SGD/SGD/update_1/ResourceApplyGradientDescent,2,6.144,3.072,6.144,3.072,0.00015855951570390835,0.9866975172970901,0.0,0.0
327,Device,ResourceApplyGradientDescent,SGD/SGD/update_10/ResourceApplyGradientDescent,2,6.144,3.072,6.144,3.072,0.00015855951570390835,0.986856076812794,0.0,0.0
328,Device,ResourceApplyGradientDescent,SGD/SGD/update_15/ResourceApplyGradientDescent,2,6.144,3.072,6.144,3.072,0.00015855951570390835,0.9870146363284978,0.0,0.0
329,Device,ResourceApplyGradientDescent,SGD/SGD/update_17/ResourceApplyGradientDescent,2,6.144,3.072,6.144,3.072,0.00015855951570390835,0.9871731958442017,0.0,0.0
330,Device,ResourceApplyGradientDescent,SGD/SGD/update_18/ResourceApplyGradientDescent,2,6.144,3.072,6.144,3.072,0.00015855951570390835,0.9873317553599056,0.0,0.0
331,Device,ResourceApplyGradientDescent,SGD/SGD/update_19/ResourceApplyGradientDescent,2,6.144,3.072,6.144,3.072,0.00015855951570390835,0.9874903148756095,0.0,0.0
332,Device,ResourceApplyGradientDescent,SGD/SGD/update_2/ResourceApplyGradientDescent,2,6.144,3.072,6.144,3.072,0.00015855951570390835,0.9876488743913133,0.0,0.0
333,Device,ResourceApplyGradientDescent,SGD/SGD/update_22/ResourceApplyGradientDescent,2,6.144,3.072,6.144,3.072,0.00015855951570390835,0.9878074339070172,0.0,0.0
334,Device,ResourceApplyGradientDescent,SGD/SGD/update_25/ResourceApplyGradientDescent,2,6.144,3.072,6.144,3.072,0.00015855951570390835,0.9879659934227211,0.0,0.0
335,Device,ResourceApplyGradientDescent,SGD/SGD/update_27/ResourceApplyGradientDescent,2,6.144,3.072,6.144,3.072,0.00015855951570390835,0.9881245529384249,0.0,0.0
336,Device,ResourceApplyGradientDescent,SGD/SGD/update_28/ResourceApplyGradientDescent,2,6.144,3.072,6.144,3.072,0.00015855951570390835,0.9882831124541288,0.0,0.0
337,Device,ResourceApplyGradientDescent,SGD/SGD/update_29/ResourceApplyGradientDescent,2,6.144,3.072,6.144,3.072,0.00015855951570390835,0.9884416719698327,0.0,0.0
338,Device,ResourceApplyGradientDescent,SGD/SGD/update_3/ResourceApplyGradientDescent,2,6.144,3.072,6.144,3.072,0.00015855951570390835,0.9886002314855366,0.0,0.0
339,Device,ResourceApplyGradientDescent,SGD/SGD/update_31/ResourceApplyGradientDescent,2,6.144,3.072,6.144,3.072,0.00015855951570390835,0.9887587910012404,0.0,0.0
340,Device,ResourceApplyGradientDescent,SGD/SGD/update_33/ResourceApplyGradientDescent,2,6.144,3.072,6.144,3.072,0.00015855951570390835,0.9889173505169443,0.0,0.0
341,Device,ResourceApplyGradientDescent,SGD/SGD/update_35/ResourceApplyGradientDescent,2,6.144,3.072,6.144,3.072,0.00015855951570390835,0.9890759100326482,0.0,0.0
342,Device,ResourceApplyGradientDescent,SGD/SGD/update_36/ResourceApplyGradientDescent,2,6.144,3.072,6.144,3.072,0.00015855951570390835,0.989234469548352,0.0,0.0
343,Device,ResourceApplyGradientDescent,SGD/SGD/update_37/ResourceApplyGradientDescent,2,6.144,3.072,6.144,3.072,0.00015855951570390835,0.9893930290640559,0.0,0.0
344,Device,ResourceApplyGradientDescent,SGD/SGD/update_39/ResourceApplyGradientDescent,2,6.144,3.072,6.144,3.072,0.00015855951570390835,0.9895515885797598,0.0,0.0
345,Device,ResourceApplyGradientDescent,SGD/SGD/update_41/ResourceApplyGradientDescent,2,6.144,3.072,6.144,3.072,0.00015855951570390835,0.9897101480954636,0.0,0.0
346,Device,ResourceApplyGradientDescent,SGD/SGD/update_45/ResourceApplyGradientDescent,2,6.144,3.072,6.144,3.072,0.00015855951570390835,0.9898687076111675,0.0,0.0
347,Device,ResourceApplyGradientDescent,SGD/SGD/update_46/ResourceApplyGradientDescent,2,6.144,3.072,6.144,3.072,0.00015855951570390835,0.9900272671268714,0.0,0.0
348,Device,ResourceApplyGradientDescent,SGD/SGD/update_47/ResourceApplyGradientDescent,2,6.144,3.072,6.144,3.072,0.00015855951570390835,0.9901858266425753,0.0,0.0
349,Device,ResourceApplyGradientDescent,SGD/SGD/update_5/ResourceApplyGradientDescent,2,6.144,3.072,6.144,3.072,0.00015855951570390835,0.9903443861582791,0.0,0.0
350,Device,ResourceApplyGradientDescent,SGD/SGD/update_50/ResourceApplyGradientDescent,2,6.144,3.072,6.144,3.072,0.00015855951570390835,0.990502945673983,0.0,0.0
351,Device,ResourceApplyGradientDescent,SGD/SGD/update_53/ResourceApplyGradientDescent,2,6.144,3.072,6.144,3.072,0.00015855951570390835,0.9906615051896869,0.0,0.0
352,Device,ResourceApplyGradientDescent,SGD/SGD/update_54/ResourceApplyGradientDescent,2,6.144,3.072,6.144,3.072,0.00015855951570390835,0.9908200647053907,0.0,0.0
353,Device,ResourceApplyGradientDescent,SGD/SGD/update_55/ResourceApplyGradientDescent,2,6.144,3.072,6.144,3.072,0.00015855951570390835,0.9909786242210946,0.0,0.0
354,Device,ResourceApplyGradientDescent,SGD/SGD/update_57/ResourceApplyGradientDescent,2,6.144,3.072,6.144,3.072,0.00015855951570390835,0.9911371837367985,0.0,0.0
355,Device,ResourceApplyGradientDescent,SGD/SGD/update_59/ResourceApplyGradientDescent,2,6.144,3.072,6.144,3.072,0.00015855951570390835,0.9912957432525024,0.0,0.0
356,Device,ResourceApplyGradientDescent,SGD/SGD/update_6/ResourceApplyGradientDescent,2,6.144,3.072,6.144,3.072,0.00015855951570390835,0.9914543027682062,0.0,0.0
357,Device,ResourceApplyGradientDescent,SGD/SGD/update_63/ResourceApplyGradientDescent,2,6.144,3.072,6.144,3.072,0.00015855951570390835,0.9916128622839101,0.0,0.0
358,Device,ResourceApplyGradientDescent,SGD/SGD/update_64/ResourceApplyGradientDescent,2,6.144,3.072,6.144,3.072,0.00015855951570390835,0.991771421799614,0.0,0.0
359,Device,ResourceApplyGradientDescent,SGD/SGD/update_65/ResourceApplyGradientDescent,2,6.144,3.072,6.144,3.072,0.00015855951570390835,0.9919299813153178,0.0,0.0
360,Device,ResourceApplyGradientDescent,SGD/SGD/update_67/ResourceApplyGradientDescent,2,6.144,3.072,6.144,3.072,0.00015855951570390835,0.9920885408310217,0.0,0.0
361,Device,ResourceApplyGradientDescent,SGD/SGD/update_68/ResourceApplyGradientDescent,2,6.144,3.072,6.144,3.072,0.00015855951570390835,0.9922471003467256,0.0,0.0
362,Device,ResourceApplyGradientDescent,SGD/SGD/update_69/ResourceApplyGradientDescent,2,6.144,3.072,6.144,3.072,0.00015855951570390835,0.9924056598624295,0.0,0.0
363,Device,ResourceApplyGradientDescent,SGD/SGD/update_7/ResourceApplyGradientDescent,2,6.144,3.072,6.144,3.072,0.00015855951570390835,0.9925642193781333,0.0,0.0
364,Device,ResourceApplyGradientDescent,SGD/SGD/update_72/ResourceApplyGradientDescent,2,6.144,3.072,6.144,3.072,0.00015855951570390835,0.9927227788938372,0.0,0.0
365,Device,ResourceApplyGradientDescent,SGD/SGD/update_73/ResourceApplyGradientDescent,2,6.144,3.072,6.144,3.072,0.00015855951570390835,0.9928813384095411,0.0,0.0
366,Device,ResourceApplyGradientDescent,SGD/SGD/update_9/ResourceApplyGradientDescent,2,6.144,3.072,6.144,3.072,0.00015855951570390835,0.9930398979252449,0.0,0.0
367,Device,AddN,SGD/gradients/AddN_8,2,6.144,3.072,6.144,3.072,0.00015855951570390835,0.9931984574409488,0.0,0.0
368,Device,DivNoNan,categorical_crossentropy/weighted_loss/value,2,6.144,3.072,6.144,3.072,0.00015855951570390835,0.9933570169566527,0.0,0.0
369,Device,Mul,conv2d_1/kernel/Regularizer/mul,2,6.144,3.072,6.144,3.072,0.00015855951570390835,0.9935155764723566,0.0,0.0
370,Device,Mul,conv2d_10/kernel/Regularizer/mul,2,6.144,3.072,6.144,3.072,0.00015855951570390835,0.9936741359880604,0.0,0.0
371,Device,Mul,conv2d_11/kernel/Regularizer/mul,2,6.144,3.072,6.144,3.072,0.00015855951570390835,0.9938326955037643,0.0,0.0
372,Device,Square,conv2d_12/kernel/Regularizer/Square,2,6.144,3.072,6.144,3.072,0.00015855951570390835,0.9939912550194682,0.0,0.0
373,Device,Mul,conv2d_12/kernel/Regularizer/mul,2,6.144,3.072,6.144,3.072,0.00015855951570390835,0.994149814535172,0.0,0.0
374,Device,Mul,conv2d_13/kernel/Regularizer/mul,2,6.144,3.072,6.144,3.072,0.00015855951570390835,0.9943083740508759,0.0,0.0
375,Device,Mul,conv2d_14/kernel/Regularizer/mul,2,6.144,3.072,6.144,3.072,0.00015855951570390835,0.9944669335665798,0.0,0.0
376,Device,Mul,conv2d_15/kernel/Regularizer/mul,2,6.144,3.072,6.144,3.072,0.00015855951570390835,0.9946254930822837,0.0,0.0
377,Device,Mul,conv2d_16/kernel/Regularizer/mul,2,6.144,3.072,6.144,3.072,0.00015855951570390835,0.9947840525979875,0.0,0.0
378,Device,Mul,conv2d_17/kernel/Regularizer/mul,2,6.144,3.072,6.144,3.072,0.00015855951570390835,0.9949426121136914,0.0,0.0
379,Device,Square,conv2d_3/kernel/Regularizer/Square,2,6.144,3.072,6.144,3.072,0.00015855951570390835,0.9951011716293953,0.0,0.0
380,Device,Mul,conv2d_6/kernel/Regularizer/mul,2,6.144,3.072,6.144,3.072,0.00015855951570390835,0.9952597311450991,0.0,0.0
381,Device,Square,conv2d_7/kernel/Regularizer/Square,2,6.144,3.072,6.144,3.072,0.00015855951570390835,0.995418290660803,0.0,0.0
382,Device,Mul,conv2d_7/kernel/Regularizer/mul,2,6.144,3.072,6.144,3.072,0.00015855951570390835,0.9955768501765069,0.0,0.0
383,Device,Mul,gradient_tape/categorical_crossentropy/softmax_cross_entropy_with_logits/mul,2,6.144,3.072,6.144,3.072,0.00015855951570390835,0.9957354096922107,0.0,0.0
384,Device,Tile,gradient_tape/categorical_crossentropy/weighted_loss/Tile_1,2,6.144,3.072,6.144,3.072,0.00015855951570390835,0.9958939692079146,0.0,0.0
385,Device,Mul,gradient_tape/conv2d_4/kernel/Regularizer/Mul_1,2,6.144,3.072,6.144,3.072,0.00015855951570390835,0.9960525287236185,0.0,0.0
386,Device,BiasAddGrad,gradient_tape/model/dense/BiasAdd/BiasAddGrad,2,6.144,3.072,6.144,3.072,0.00015855951570390835,0.9962110882393224,0.0,0.0
387,Device,Relu,model/activation_10/Relu,2,6.144,3.072,6.144,3.072,0.00015855951570390835,0.9963696477550262,0.0,0.0
388,Device,Relu,model/activation_13/Relu,2,6.144,3.072,6.144,3.072,0.00015855951570390835,0.9965282072707301,0.0,0.0
389,Device,Relu,model/activation_14/Relu,2,6.144,3.072,6.144,3.072,0.00015855951570390835,0.996686766786434,0.0,0.0
390,Device,Relu,model/activation_15/Relu,2,6.144,3.072,6.144,3.072,0.00015855951570390835,0.9968453263021378,0.0,0.0
391,Device,BiasAdd,model/dense/BiasAdd,2,6.144,3.072,6.144,3.072,0.00015855951570390835,0.9970038858178417,0.0,0.0
392,Device,AssignAddVariableOp,AssignAddVariableOp,2,5.12,2.56,5.12,2.56,0.00013213292975325697,0.9971360187475949,0.0,0.0
393,Device,AssignAddVariableOp,AssignAddVariableOp_2,2,5.12,2.56,5.12,2.56,0.00013213292975325697,0.9972681516773482,0.0,0.0
394,Device,AssignAddVariableOp,AssignAddVariableOp_3,2,5.12,2.56,5.12,2.56,0.00013213292975325697,0.9974002846071014,0.0,0.0
395,Device,Cast,Cast,2,5.12,2.56,5.12,2.56,0.00013213292975325697,0.9975324175368546,0.0,0.0
396,Device,Equal,Equal,2,5.12,2.56,5.12,2.56,0.00013213292975325697,0.9976645504666078,0.0,0.0
397,Device,ResourceApplyGradientDescent,SGD/SGD/update_21/ResourceApplyGradientDescent,2,5.12,2.56,5.12,2.56,0.00013213292975325697,0.9977966833963611,0.0,0.0
398,Device,Sum,Sum_2,2,5.12,2.56,5.12,2.56,0.00013213292975325697,0.9979288163261143,0.0,0.0
399,Device,Sum,categorical_crossentropy/weighted_loss/Sum,2,5.12,2.56,5.12,2.56,0.00013213292975325697,0.9980609492558675,0.0,0.0
400,Device,Cast,categorical_crossentropy/weighted_loss/num_elements/Cast,2,5.12,2.56,5.12,2.56,0.00013213292975325697,0.9981930821856208,0.0,0.0
401,Device,Square,conv2d/kernel/Regularizer/Square,2,5.12,2.56,5.12,2.56,0.00013213292975325697,0.998325215115374,0.0,0.0
402,Device,Mul,conv2d_2/kernel/Regularizer/mul,2,5.12,2.56,5.12,2.56,0.00013213292975325697,0.9984573480451272,0.0,0.0
403,Device,Mul,conv2d_3/kernel/Regularizer/mul,2,5.12,2.56,5.12,2.56,0.00013213292975325697,0.9985894809748804,0.0,0.0
404,Device,Mul,conv2d_4/kernel/Regularizer/mul,2,5.12,2.56,5.12,2.56,0.00013213292975325697,0.9987216139046337,0.0,0.0
405,Device,Mul,conv2d_5/kernel/Regularizer/mul,2,5.12,2.56,5.12,2.56,0.00013213292975325697,0.9988537468343869,0.0,0.0
406,Device,Mul,conv2d_9/kernel/Regularizer/mul,2,5.12,2.56,5.12,2.56,0.00013213292975325697,0.9989858797641401,0.0,0.0
407,Device,DivNoNan,div_no_nan,2,5.12,2.56,5.12,2.56,0.00013213292975325697,0.9991180126938933,0.0,0.0
408,Device,DivNoNan,gradient_tape/categorical_crossentropy/weighted_loss/value/div_no_nan,2,5.12,2.56,5.12,2.56,0.00013213292975325697,0.9992501456236466,0.0,0.0
409,Device,ResourceApplyGradientDescent,SGD/SGD/update_75/ResourceApplyGradientDescent,2,4.096,2.048,4.096,2.048,0.00010570634380260557,0.9993558519674491,0.0,0.0
410,Device,Mul,conv2d/kernel/Regularizer/mul,2,4.096,2.048,4.096,2.048,0.00010570634380260557,0.9994615583112517,0.0,0.0
411,Device,Mul,conv2d_18/kernel/Regularizer/mul,2,4.096,2.048,4.096,2.048,0.00010570634380260557,0.9995672646550543,0.0,0.0
412,Device,Mul,conv2d_19/kernel/Regularizer/mul,2,4.096,2.048,4.096,2.048,0.00010570634380260557,0.9996729709988569,0.0,0.0
413,Device,_Recv,categorical_crossentropy/weighted_loss/num_elements/_14,2,3.456,1.728,3.456,1.728,8.918972758344845e-05,0.9997621607264403,0.0,0.0
414,Device,_Send,IteratorGetNext/_3,2,3.072,1.536,3.072,1.536,7.927975785195418e-05,0.9998414404842922,0.0,0.0
415,Device,LogicalAnd,LogicalAnd,1,2.048,2.048,2.048,2.048,5.285317190130279e-05,0.9998942936561935,0.0,0.0
416,Device,_Recv,Size/_16,2,2.048,1.024,2.048,1.024,5.285317190130279e-05,0.9999471468280948,0.0,0.0
417,Device,_Recv,strided_slice/_12,2,2.048,1.024,2.048,1.024,5.285317190130279e-05,0.9999999999999961,0.0,0.0
418,Host,IDLE,IDLE,0,119907.67,0.0,119907.67,0.0,0.0,0.0,0.9834916436239636,0.9834916436239636
419,Host,GatherV2,GatherV2,2,820.335,410.1675,820.335,410.1675,0.0,0.0,0.0067284487929109476,0.9902200924168745
420,Host,_Send,IteratorGetNext/_3,2,668.122,334.061,668.122,334.061,0.0,0.0,0.005479986425566686,0.9957000788424412
421,Host,_Send,IteratorGetNext/_6,2,95.741,47.8705,95.741,47.8705,0.0,0.0,0.0007852748156327439,0.9964853536580739
422,Host,Dataset,Iterator::Root::ParallelMapV2::Zip[1]::ForeverRepeat,2,68.451,34.2255,63.271,31.6355,0.0,0.0,0.0005189534563029354,0.9970043071143768
423,Host,Dataset,Iterator::Root::ParallelMapV2::Zip[0]::FlatMap[1]::Concatenate,2,88.853,44.4265,62.782,31.391,0.0,0.0,0.0005149426418676943,0.9975192497562445
424,Host,Dataset,Iterator::Root::ParallelMapV2,2,51.651,25.8255,51.651,25.8255,0.0,0.0,0.0004236453505002753,0.9979428951067448
425,Host,FlushSummaryWriter,FlushSummaryWriter,1,40.091,40.091,40.091,40.091,0.0,0.0,0.00032882936916819687,0.9982717244759131
426,Host,IteratorGetNext,IteratorGetNext,2,36.15,18.075,36.15,18.075,0.0,0.0,0.0002965049935254874,0.9985682294694386
427,Host,Dataset,Iterator::Root,2,84.701,42.3505,33.05,16.525,0.0,0.0,0.0002710785625454318,0.998839308031984
428,Host,LogicalAnd,LogicalAnd,1,30.041,30.041,30.041,30.041,0.0,0.0,0.00024639852034575845,0.9990857065523298
429,Host,Dataset,Iterator::Root::ParallelMapV2::Zip[0]::FlatMap[1]::Concatenate[0]::TensorSlice,2,26.071,13.0355,26.071,13.0355,0.0,0.0,0.00021383628454226786,0.9992995428368721
430,Host,GatherV2,GatherV2_1,2,22.96,11.48,22.96,11.48,0.0,0.0,0.00018831963074260558,0.9994878624676147
431,Host,WriteSummary,WriteSummary,1,20.45,20.45,20.45,20.45,0.0,0.0,0.0001677324237232702,0.9996555948913379
432,Host,Dataset,Iterator::Root::ParallelMapV2::Zip,2,175.904,87.952,13.48,6.74,0.0,0.0,0.00011056396439069352,0.9997661588557286
433,Host,_HostSend,categorical_crossentropy/softmax_cross_entropy_with_logits/Shape_2/_9,2,9.12,4.56,9.12,4.56,0.0,0.0,7.480291952842171e-05,0.999840961775257
434,Host,ReadVariableOp,ReadVariableOp,1,6.29,6.29,6.29,6.29,0.0,0.0,5.159104866598384e-05,0.9998925528239231
435,Host,Dataset,Iterator::Root::ParallelMapV2::Zip[1]::ForeverRepeat::FromTensor,4,5.18,1.295,5.18,1.295,0.0,0.0,4.2486745960221984e-05,0.9999350395698833
436,Host,Dataset,Iterator::Root::ParallelMapV2::Zip[0]::FlatMap,2,93.973,46.9865,5.12,2.56,0.0,0.0,4.199462148964027e-05,0.999977034191373
437,Host,Identity,Identity,2,2.8,1.4,2.8,1.4,0.0,0.0,2.296580862714702e-05,1.0
