Rank,Host/device,Type,Operation,#Occurrences,Total time (us),Avg. time (us),Total self-time (us),Avg. self-time (us),Total self-time on Device (%),Cumulative total-self time on Device (%),Total self-time on Host (%),Cumulative total-self time on Host (%)
1,Device,IDLE,IDLE,0,8433.066,0.0,8433.066,0.0,0.09069440624015651,0.09069440624015651,0.0,0.0
2,Device,_Recv,IteratorGetNext/_2,2,2232.522,1116.261,2232.522,1116.261,0.024009922038803762,0.11470432827896027,0.0,0.0
3,Device,FusedBatchNormGradV3,gradient_tape/model/batch_normalization/FusedBatchNormGradV3,2,1415.174,707.587,1415.174,707.587,0.015219656250349189,0.12992398452930945,0.0,0.0
4,Device,Conv2DBackpropFilter,gradient_tape/model/conv2d/Conv2D/Conv2DBackpropFilter,2,1205.254,602.627,1205.254,602.627,0.012962046769060456,0.1428860312983699,0.0,0.0
5,Device,MaxPoolGrad,gradient_tape/model/max_pooling2d/MaxPool/MaxPoolGrad,2,1145.862,572.931,1145.862,572.931,0.012323308476793401,0.15520933977516332,0.0,0.0
6,Device,Conv2DBackpropFilter,gradient_tape/model/conv2d_35/Conv2D/Conv2DBackpropFilter,2,993.284,496.642,993.284,496.642,0.010682390320181014,0.16589173009534433,0.0,0.0
7,Device,Conv2DBackpropFilter,gradient_tape/model/conv2d_1/Conv2D/Conv2DBackpropFilter,2,989.19,494.595,989.19,494.595,0.010638360912709614,0.17653009100805395,0.0,0.0
8,Device,Conv2DBackpropFilter,gradient_tape/model/conv2d_34/Conv2D/Conv2DBackpropFilter,2,988.164,494.082,988.164,494.082,0.010627326674295922,0.18715741768234986,0.0,0.0
9,Device,Conv2DBackpropFilter,gradient_tape/model/conv2d_2/Conv2D/Conv2DBackpropFilter,2,984.07,492.035,984.07,492.035,0.010583297266824523,0.1977407149491744,0.0,0.0
10,Device,Conv2DBackpropFilter,gradient_tape/model/conv2d_3/Conv2D/Conv2DBackpropFilter,2,983.046,491.523,983.046,491.523,0.010572284537647506,0.2083129994868219,0.0,0.0
11,Device,Conv2DBackpropFilter,gradient_tape/model/conv2d_32/Conv2D/Conv2DBackpropFilter,2,980.996,490.498,980.996,490.498,0.010550237570056794,0.21886323705687868,0.0,0.0
12,Device,Conv2DBackpropFilter,gradient_tape/model/conv2d_33/Conv2D/Conv2DBackpropFilter,2,980.996,490.498,980.996,490.498,0.010550237570056794,0.22941347462693548,0.0,0.0
13,Device,Conv2DBackpropFilter,gradient_tape/model/conv2d_5/Conv2D/Conv2DBackpropFilter,2,979.973,489.9865,979.973,489.9865,0.010539235595498112,0.23995271022243359,0.0,0.0
14,Device,Conv2DBackpropFilter,gradient_tape/model/conv2d_4/Conv2D/Conv2DBackpropFilter,2,979.972,489.986,979.972,489.986,0.010539224840879775,0.25049193506331335,0.0,0.0
15,Device,Conv2DBackpropFilter,gradient_tape/model/conv2d_6/Conv2D/Conv2DBackpropFilter,2,979.972,489.986,979.972,489.986,0.010539224840879775,0.2610311599041931,0.0,0.0
16,Device,Conv2DBackpropFilter,gradient_tape/model/conv2d_30/Conv2D/Conv2DBackpropFilter,2,968.71,484.355,968.71,484.355,0.01041810632916925,0.27144926623336235,0.0,0.0
17,Device,Conv2D,model/conv2d/Conv2D,2,897.028,448.514,897.028,448.514,0.0096471937775413,0.28109646001090366,0.0,0.0
18,Device,ReluGrad,gradient_tape/model/activation/ReluGrad,2,885.764,442.882,885.764,442.882,0.009526053756594101,0.29062251376749776,0.0,0.0
19,Device,FusedBatchNormV3,model/batch_normalization/FusedBatchNormV3,4,830.468,207.617,830.468,207.617,0.008931366381035116,0.2995538801485329,0.0,0.0
20,Device,Conv2DBackpropInput,gradient_tape/model/conv2d_7/Conv2D/Conv2DBackpropInput,2,778.245,389.1225,778.245,389.1225,0.008369727947625525,0.30792360809615843,0.0,0.0
21,Device,Conv2DBackpropFilter,gradient_tape/model/conv2d_7/Conv2D/Conv2DBackpropFilter,2,665.602,332.801,665.602,332.801,0.007158295474298511,0.31508190357045696,0.0,0.0
22,Device,Conv2DBackpropInput,gradient_tape/model/conv2d_16/Conv2D/Conv2DBackpropInput,2,595.97,297.985,595.97,297.985,0.006409429890261273,0.32149133346071823,0.0,0.0
23,Device,Conv2D,model/conv2d_35/Conv2D,4,592.9,148.225,592.9,148.225,0.006376413211966892,0.32786774667268515,0.0,0.0
24,Device,Conv2D,model/conv2d_32/Conv2D,4,592.899,148.22475,592.899,148.22475,0.0063764024573485555,0.3342441491300337,0.0,0.0
25,Device,Conv2D,model/conv2d_30/Conv2D,4,591.876,147.969,591.876,147.969,0.006365400482789873,0.3406095496128236,0.0,0.0
26,Device,Conv2D,model/conv2d_33/Conv2D,4,591.874,147.9685,591.874,147.9685,0.0063653789735532,0.3469749285863768,0.0,0.0
27,Device,Conv2D,model/conv2d_34/Conv2D,4,590.852,147.713,590.852,147.713,0.006354387753612856,0.35332931633998965,0.0,0.0
28,Device,Conv2DBackpropInput,gradient_tape/model/conv2d_30/Conv2D/Conv2DBackpropInput,4,586.754,146.6885,586.754,146.6885,0.006310315327668109,0.3596396316676578,0.0,0.0
29,Device,Conv2DBackpropInput,gradient_tape/model/conv2d_35/Conv2D/Conv2DBackpropInput,4,585.731,146.43275,585.731,146.43275,0.006299313353109428,0.3659389450207672,0.0,0.0
30,Device,Conv2DBackpropInput,gradient_tape/model/conv2d_34/Conv2D/Conv2DBackpropInput,4,585.73,146.4325,585.73,146.4325,0.0062993025984910914,0.3722382476192583,0.0,0.0
31,Device,Conv2DBackpropInput,gradient_tape/model/conv2d_32/Conv2D/Conv2DBackpropInput,4,583.684,145.921,583.684,145.921,0.006277298649373728,0.378515546268632,0.0,0.0
32,Device,Conv2DBackpropInput,gradient_tape/model/conv2d_33/Conv2D/Conv2DBackpropInput,4,583.682,145.9205,583.682,145.9205,0.006277277140137054,0.384792823408769,0.0,0.0
33,Device,BiasAdd,model/conv2d/BiasAdd,2,579.588,289.794,579.588,289.794,0.0062332477326656555,0.3910260711414347,0.0,0.0
34,Device,Conv2D,model/conv2d_7/Conv2D,4,572.418,143.1045,572.418,143.1045,0.006156137119189854,0.3971822082606245,0.0,0.0
35,Device,Relu,model/activation/Relu,2,553.987,276.9935,553.987,276.9935,0.005957918748621863,0.40314012700924634,0.0,0.0
36,Device,Conv2DBackpropFilter,gradient_tape/model/conv2d_15/Conv2D/Conv2DBackpropFilter,2,545.794,272.897,545.794,272.897,0.00586980616058738,0.4090099331698337,0.0,0.0
37,Device,Conv2DBackpropFilter,gradient_tape/model/conv2d_10/Conv2D/Conv2DBackpropFilter,2,544.77,272.385,544.77,272.385,0.0058587934314103625,0.4148687266012441,0.0,0.0
38,Device,Conv2DBackpropFilter,gradient_tape/model/conv2d_12/Conv2D/Conv2DBackpropFilter,2,542.722,271.361,542.722,271.361,0.005836767973056326,0.4207054945743004,0.0,0.0
39,Device,Conv2DBackpropFilter,gradient_tape/model/conv2d_14/Conv2D/Conv2DBackpropFilter,2,542.722,271.361,542.722,271.361,0.005836767973056326,0.4265422625473567,0.0,0.0
40,Device,Conv2DBackpropFilter,gradient_tape/model/conv2d_13/Conv2D/Conv2DBackpropFilter,2,541.699,270.8495,541.699,270.8495,0.005825765998497644,0.4323680285458544,0.0,0.0
41,Device,Conv2DBackpropFilter,gradient_tape/model/conv2d_11/Conv2D/Conv2DBackpropFilter,2,540.676,270.338,540.676,270.338,0.005814764023938964,0.43818279256979337,0.0,0.0
42,Device,Conv2DBackpropFilter,gradient_tape/model/conv2d_8/Conv2D/Conv2DBackpropFilter,2,531.458,265.729,531.458,265.729,0.005715627952109125,0.4438984205219025,0.0,0.0
43,Device,Conv2DBackpropInput,gradient_tape/model/conv2d_29/Conv2D/Conv2DBackpropInput,2,525.314,262.657,525.314,262.657,0.005649551577047016,0.4495479720989495,0.0,0.0
44,Device,Conv2DBackpropFilter,gradient_tape/model/conv2d_16/Conv2D/Conv2DBackpropFilter,2,456.707,228.3535,456.707,228.3535,0.004911709476805133,0.4544596815757546,0.0,0.0
45,Device,Conv2D,model/conv2d_29/Conv2D,4,421.889,105.47225,421.889,105.47225,0.00453725517554984,0.45899693675130443,0.0,0.0
46,Device,Conv2D,model/conv2d_1/Conv2D,2,415.746,207.873,415.746,207.873,0.004471189555106067,0.4634681263064105,0.0,0.0
47,Device,Conv2D,model/conv2d_6/Conv2D,2,412.675,206.3375,412.675,206.3375,0.00443816212219335,0.4679062884286038,0.0,0.0
48,Device,Conv2DBackpropInput,gradient_tape/model/conv2d_4/Conv2D/Conv2DBackpropInput,2,411.65,205.825,411.65,205.825,0.004427138638397995,0.4723334270670018,0.0,0.0
49,Device,Conv2DBackpropInput,gradient_tape/model/conv2d_6/Conv2D/Conv2DBackpropInput,2,410.627,205.3135,410.627,205.3135,0.004416136663839314,0.47674956373084115,0.0,0.0
50,Device,Conv2D,model/conv2d_16/Conv2D,4,410.626,102.6565,410.626,102.6565,0.004416125909220976,0.4811656896400621,0.0,0.0
51,Device,Conv2D,model/conv2d_2/Conv2D,2,409.602,204.801,409.602,204.801,0.0044051131800439585,0.48557080282010606,0.0,0.0
52,Device,Conv2D,model/conv2d_3/Conv2D,2,409.602,204.801,409.602,204.801,0.0044051131800439585,0.48997591600015,0.0,0.0
53,Device,Conv2D,model/conv2d_4/Conv2D,2,409.602,204.801,409.602,204.801,0.0044051131800439585,0.49438102918019394,0.0,0.0
54,Device,Conv2D,model/conv2d_5/Conv2D,2,409.602,204.801,409.602,204.801,0.0044051131800439585,0.4987861423602379,0.0,0.0
55,Device,Conv2DBackpropInput,gradient_tape/model/conv2d_5/Conv2D/Conv2DBackpropInput,2,408.578,204.289,408.578,204.289,0.00439410045086694,0.5031802428111048,0.0,0.0
56,Device,Conv2DBackpropInput,gradient_tape/model/conv2d_1/Conv2D/Conv2DBackpropInput,2,407.554,203.777,407.554,203.777,0.004383087721689922,0.5075633305327948,0.0,0.0
57,Device,Conv2DBackpropInput,gradient_tape/model/conv2d_2/Conv2D/Conv2DBackpropInput,2,407.554,203.777,407.554,203.777,0.004383087721689922,0.5119464182544847,0.0,0.0
58,Device,Conv2DBackpropInput,gradient_tape/model/conv2d_3/Conv2D/Conv2DBackpropInput,2,407.554,203.777,407.554,203.777,0.004383087721689922,0.5163295059761747,0.0,0.0
59,Device,Conv2DBackpropFilter,gradient_tape/model/conv2d_24/Conv2D/Conv2DBackpropFilter,2,390.146,195.073,390.146,195.073,0.004195871325680613,0.5205253773018553,0.0,0.0
60,Device,Conv2DBackpropFilter,gradient_tape/model/conv2d_25/Conv2D/Conv2DBackpropFilter,2,388.098,194.049,388.098,194.049,0.004173845867326576,0.5246992231691819,0.0,0.0
61,Device,Conv2DBackpropFilter,gradient_tape/model/conv2d_21/Conv2D/Conv2DBackpropFilter,2,387.074,193.537,387.074,193.537,0.004162833138149558,0.5288620563073315,0.0,0.0
62,Device,Conv2DBackpropFilter,gradient_tape/model/conv2d_19/Conv2D/Conv2DBackpropFilter,2,387.073,193.5365,387.073,193.5365,0.004162822383531221,0.5330248786908628,0.0,0.0
63,Device,Conv2DBackpropFilter,gradient_tape/model/conv2d_22/Conv2D/Conv2DBackpropFilter,2,386.05,193.025,386.05,193.025,0.0041518204089725395,0.5371766990998353,0.0,0.0
64,Device,Conv2DBackpropFilter,gradient_tape/model/conv2d_26/Conv2D/Conv2DBackpropFilter,2,386.05,193.025,386.05,193.025,0.0041518204089725395,0.5413285195088079,0.0,0.0
65,Device,Conv2DBackpropFilter,gradient_tape/model/conv2d_27/Conv2D/Conv2DBackpropFilter,2,385.026,192.513,385.026,192.513,0.004140807679795522,0.5454693271886034,0.0,0.0
66,Device,Conv2DBackpropFilter,gradient_tape/model/conv2d_28/Conv2D/Conv2DBackpropFilter,2,385.025,192.5125,385.025,192.5125,0.004140796925177184,0.5496101241137806,0.0,0.0
67,Device,Conv2DBackpropFilter,gradient_tape/model/conv2d_23/Conv2D/Conv2DBackpropFilter,2,384.002,192.001,384.002,192.001,0.004129794950618503,0.5537399190643991,0.0,0.0
68,Device,Conv2DBackpropFilter,gradient_tape/model/conv2d_20/Conv2D/Conv2DBackpropFilter,2,382.978,191.489,382.978,191.489,0.0041187822214414855,0.5578587012858406,0.0,0.0
69,Device,Conv2DBackpropFilter,gradient_tape/model/conv2d_29/Conv2D/Conv2DBackpropFilter,4,382.977,95.74425,382.977,95.74425,0.004118771466823148,0.5619774727526637,0.0,0.0
70,Device,Conv2DBackpropFilter,gradient_tape/model/conv2d_17/Conv2D/Conv2DBackpropFilter,2,375.81,187.905,375.81,187.905,0.004041693117202358,0.5660191658698661,0.0,0.0
71,Device,FusedBatchNormGradV3,gradient_tape/model/batch_normalization_2/FusedBatchNormGradV3,2,367.617,183.8085,367.617,183.8085,0.003953580529167875,0.569972746399034,0.0,0.0
72,Device,FusedBatchNormGradV3,gradient_tape/model/batch_normalization_3/FusedBatchNormGradV3,2,366.594,183.297,366.594,183.297,0.003942578554609193,0.5739153249536432,0.0,0.0
73,Device,FusedBatchNormGradV3,gradient_tape/model/batch_normalization_1/FusedBatchNormGradV3,2,365.57,182.785,365.57,182.785,0.0039315658254321754,0.5778468907790754,0.0,0.0
74,Device,FusedBatchNormGradV3,gradient_tape/model/batch_normalization_5/FusedBatchNormGradV3,2,365.57,182.785,365.57,182.785,0.0039315658254321754,0.5817784566045076,0.0,0.0
75,Device,FusedBatchNormGradV3,gradient_tape/model/batch_normalization_6/FusedBatchNormGradV3,2,364.546,182.273,364.546,182.273,0.003920553096255157,0.5856990097007627,0.0,0.0
76,Device,FusedBatchNormGradV3,gradient_tape/model/batch_normalization_4/FusedBatchNormGradV3,2,363.522,181.761,363.522,181.761,0.003909540367078139,0.5896085500678409,0.0,0.0
77,Device,Conv2D,model/conv2d_17/Conv2D,2,360.45,180.225,360.45,180.225,0.0038765021795470842,0.5934850522473879,0.0,0.0
78,Device,Conv2D,model/conv2d_23/Conv2D,2,359.425,179.7125,359.425,179.7125,0.003865478695751729,0.5973505309431396,0.0,0.0
79,Device,Conv2D,model/conv2d_19/Conv2D,2,358.402,179.201,358.402,179.201,0.003854476721193048,0.6012050076643327,0.0,0.0
80,Device,Conv2D,model/conv2d_22/Conv2D,2,358.402,179.201,358.402,179.201,0.003854476721193048,0.6050594843855258,0.0,0.0
81,Device,Conv2D,model/conv2d_21/Conv2D,2,357.378,178.689,357.378,178.689,0.0038434639920160297,0.6089029483775419,0.0,0.0
82,Device,Conv2D,model/conv2d_24/Conv2D,2,357.378,178.689,357.378,178.689,0.0038434639920160297,0.612746412369558,0.0,0.0
83,Device,Conv2D,model/conv2d_25/Conv2D,2,356.354,178.177,356.354,178.177,0.003832451262839011,0.616578863632397,0.0,0.0
84,Device,Conv2D,model/conv2d_26/Conv2D,2,356.354,178.177,356.354,178.177,0.003832451262839011,0.620411314895236,0.0,0.0
85,Device,Conv2D,model/conv2d_27/Conv2D,2,356.354,178.177,356.354,178.177,0.003832451262839011,0.6242437661580751,0.0,0.0
86,Device,MaxPool,model/max_pooling2d/MaxPool,2,356.354,178.177,356.354,178.177,0.003832451262839011,0.6280762174209141,0.0,0.0
87,Device,Conv2D,model/conv2d_28/Conv2D,2,356.353,178.1765,356.353,178.1765,0.0038324405082206746,0.6319086579291348,0.0,0.0
88,Device,Conv2DBackpropInput,gradient_tape/model/conv2d_13/Conv2D/Conv2DBackpropInput,2,355.33,177.665,355.33,177.665,0.003821438533661993,0.6357300964627968,0.0,0.0
89,Device,Conv2D,model/conv2d_12/Conv2D,2,355.33,177.665,355.33,177.665,0.003821438533661993,0.6395515349964588,0.0,0.0
90,Device,Conv2D,model/conv2d_20/Conv2D,2,355.33,177.665,355.33,177.665,0.003821438533661993,0.6433729735301208,0.0,0.0
91,Device,Conv2DBackpropInput,gradient_tape/model/conv2d_11/Conv2D/Conv2DBackpropInput,2,354.306,177.153,354.306,177.153,0.003810425804484975,0.6471833993346058,0.0,0.0
92,Device,Conv2DBackpropInput,gradient_tape/model/conv2d_8/Conv2D/Conv2DBackpropInput,2,354.306,177.153,354.306,177.153,0.003810425804484975,0.6509938251390908,0.0,0.0
93,Device,Conv2D,model/conv2d_10/Conv2D,2,354.306,177.153,354.306,177.153,0.003810425804484975,0.6548042509435757,0.0,0.0
94,Device,Conv2D,model/conv2d_15/Conv2D,2,354.306,177.153,354.306,177.153,0.003810425804484975,0.6586146767480607,0.0,0.0
95,Device,Conv2D,model/conv2d_8/Conv2D,2,354.306,177.153,354.306,177.153,0.003810425804484975,0.6624251025525457,0.0,0.0
96,Device,Conv2DBackpropInput,gradient_tape/model/conv2d_25/Conv2D/Conv2DBackpropInput,2,354.305,177.1525,354.305,177.1525,0.0038104150498666383,0.6662355176024124,0.0,0.0
97,Device,Conv2DBackpropInput,gradient_tape/model/conv2d_12/Conv2D/Conv2DBackpropInput,2,353.282,176.641,353.282,176.641,0.0037994130753079567,0.6700349306777204,0.0,0.0
98,Device,Conv2DBackpropInput,gradient_tape/model/conv2d_14/Conv2D/Conv2DBackpropInput,2,353.282,176.641,353.282,176.641,0.0037994130753079567,0.6738343437530283,0.0,0.0
99,Device,Conv2DBackpropInput,gradient_tape/model/conv2d_15/Conv2D/Conv2DBackpropInput,2,353.282,176.641,353.282,176.641,0.0037994130753079567,0.6776337568283363,0.0,0.0
100,Device,Conv2D,model/conv2d_11/Conv2D,2,353.282,176.641,353.282,176.641,0.0037994130753079567,0.6814331699036442,0.0,0.0
101,Device,Conv2D,model/conv2d_13/Conv2D,2,352.258,176.129,352.258,176.129,0.0037884003461309385,0.6852215702497751,0.0,0.0
102,Device,Conv2DBackpropInput,gradient_tape/model/conv2d_10/Conv2D/Conv2DBackpropInput,2,351.234,175.617,351.234,175.617,0.0037773876169539203,0.688998957866729,0.0,0.0
103,Device,Conv2DBackpropInput,gradient_tape/model/conv2d_22/Conv2D/Conv2DBackpropInput,2,351.234,175.617,351.234,175.617,0.0037773876169539203,0.6927763454836829,0.0,0.0
104,Device,Conv2DBackpropInput,gradient_tape/model/conv2d_28/Conv2D/Conv2DBackpropInput,2,351.234,175.617,351.234,175.617,0.0037773876169539203,0.6965537331006368,0.0,0.0
105,Device,Conv2DBackpropInput,gradient_tape/model/conv2d_20/Conv2D/Conv2DBackpropInput,2,350.21,175.105,350.21,175.105,0.003766374887776902,0.7003201079884137,0.0,0.0
106,Device,Conv2DBackpropInput,gradient_tape/model/conv2d_21/Conv2D/Conv2DBackpropInput,2,350.21,175.105,350.21,175.105,0.003766374887776902,0.7040864828761906,0.0,0.0
107,Device,Conv2DBackpropInput,gradient_tape/model/conv2d_24/Conv2D/Conv2DBackpropInput,2,350.21,175.105,350.21,175.105,0.003766374887776902,0.7078528577639674,0.0,0.0
108,Device,Conv2DBackpropInput,gradient_tape/model/conv2d_19/Conv2D/Conv2DBackpropInput,2,350.209,175.1045,350.209,175.1045,0.0037663641331585652,0.711619221897126,0.0,0.0
109,Device,Conv2D,model/conv2d_14/Conv2D,2,350.209,175.1045,350.209,175.1045,0.0037663641331585652,0.7153855860302846,0.0,0.0
110,Device,Conv2DBackpropInput,gradient_tape/model/conv2d_23/Conv2D/Conv2DBackpropInput,2,349.186,174.593,349.186,174.593,0.0037553621585998836,0.7191409481888844,0.0,0.0
111,Device,Conv2DBackpropInput,gradient_tape/model/conv2d_26/Conv2D/Conv2DBackpropInput,2,348.162,174.081,348.162,174.081,0.0037443494294228654,0.7228852976183072,0.0,0.0
112,Device,Conv2DBackpropInput,gradient_tape/model/conv2d_27/Conv2D/Conv2DBackpropInput,2,348.162,174.081,348.162,174.081,0.0037443494294228654,0.72662964704773,0.0,0.0
113,Device,Conv2DBackpropInput,gradient_tape/model/conv2d_17/Conv2D/Conv2DBackpropInput,2,348.161,174.0805,348.161,174.0805,0.003744338674804529,0.7303739857225345,0.0,0.0
114,Device,BiasAddGrad,gradient_tape/model/conv2d/BiasAdd/BiasAddGrad,2,276.482,138.241,276.482,138.241,0.0029734583870315912,0.7333474441095661,0.0,0.0
115,Device,Conv2DBackpropFilter,gradient_tape/model/conv2d_9/Conv2D/Conv2DBackpropFilter,2,229.378,114.689,229.378,114.689,0.0024668728448887533,0.7358143169544549,0.0,0.0
116,Device,FusedBatchNormV3,model/batch_normalization_1/FusedBatchNormV3,4,223.234,55.8085,223.234,55.8085,0.002400796469826644,0.7382151134242815,0.0,0.0
117,Device,FusedBatchNormV3,model/batch_normalization_3/FusedBatchNormV3,4,223.234,55.8085,223.234,55.8085,0.002400796469826644,0.7406159098941081,0.0,0.0
118,Device,FusedBatchNormV3,model/batch_normalization_4/FusedBatchNormV3,4,221.186,55.2965,221.186,55.2965,0.0023787710114726076,0.7429946809055807,0.0,0.0
119,Device,FusedBatchNormV3,model/batch_normalization_6/FusedBatchNormV3,4,221.185,55.29625,221.185,55.29625,0.0023787602568542707,0.745373441162435,0.0,0.0
120,Device,FusedBatchNormV3,model/batch_normalization_5/FusedBatchNormV3,4,221.184,55.296,221.184,55.296,0.0023787495022359337,0.7477521906646709,0.0,0.0
121,Device,FusedBatchNormV3,model/batch_normalization_2/FusedBatchNormV3,4,220.162,55.0405,220.162,55.0405,0.0023677582822955894,0.7501199489469665,0.0,0.0
122,Device,ReluGrad,gradient_tape/model/activation_6/ReluGrad,2,219.136,109.568,219.136,109.568,0.0023567240438818974,0.7524766729908484,0.0,0.0
123,Device,AddN,SGD/gradients/AddN_12,2,214.018,107.009,214.018,107.009,0.00230168190723348,0.7547783548980819,0.0,0.0
124,Device,ReluGrad,gradient_tape/model/activation_2/ReluGrad,2,214.017,107.0085,214.017,107.0085,0.002301671152615143,0.757080026050697,0.0,0.0
125,Device,AddV2,model/add/add,2,212.993,106.4965,212.993,106.4965,0.002290658423438125,0.7593706844741351,0.0,0.0
126,Device,AddN,SGD/gradients/AddN_14,2,212.992,106.496,212.992,106.496,0.002290647668819788,0.761661332142955,0.0,0.0
127,Device,ReluGrad,gradient_tape/model/activation_5/ReluGrad,2,211.969,105.9845,211.969,105.9845,0.002279645694261107,0.763940977837216,0.0,0.0
128,Device,ReluGrad,gradient_tape/model/activation_3/ReluGrad,2,211.968,105.984,211.968,105.984,0.00227963493964277,0.7662206127768588,0.0,0.0
129,Device,AddN,SGD/gradients/AddN_13,2,210.946,105.473,210.946,105.473,0.0022686437197024256,0.7684892564965613,0.0,0.0
130,Device,ReluGrad,gradient_tape/model/activation_4/ReluGrad,2,210.944,105.472,210.944,105.472,0.0022686222104657513,0.770757878707027,0.0,0.0
131,Device,AddV2,model/add_1/add,2,210.944,105.472,210.944,105.472,0.0022686222104657513,0.7730265009174928,0.0,0.0
132,Device,AddV2,model/add_2/add,2,209.921,104.9605,209.921,104.9605,0.00225762023590707,0.7752841211533998,0.0,0.0
133,Device,Conv2DBackpropInput,gradient_tape/model/conv2d_9/Conv2D/Conv2DBackpropInput,2,206.85,103.425,206.85,103.425,0.0022245928029943525,0.7775087139563942,0.0,0.0
134,Device,ReluGrad,gradient_tape/model/activation_1/ReluGrad,2,203.776,101.888,203.776,101.888,0.002191533106226624,0.7797002470626209,0.0,0.0
135,Device,AddN,SGD/gradients/AddN_15,2,202.754,101.377,202.754,101.377,0.00218054188628628,0.7818807889489071,0.0,0.0
136,Device,SoftmaxCrossEntropyWithLogits,categorical_crossentropy/softmax_cross_entropy_with_logits,2,199.68,99.84,199.68,99.84,0.0021474821895185515,0.7840282711384257,0.0,0.0
137,Device,FusedBatchNormGradV3,gradient_tape/model/batch_normalization_9/FusedBatchNormGradV3,2,179.202,89.601,179.202,89.601,0.001927249115214861,0.7859555202536406,0.0,0.0
138,Device,FusedBatchNormGradV3,gradient_tape/model/batch_normalization_11/FusedBatchNormGradV3,2,178.178,89.089,178.178,89.089,0.0019162363860378427,0.7878717566396785,0.0,0.0
139,Device,FusedBatchNormGradV3,gradient_tape/model/batch_normalization_13/FusedBatchNormGradV3,2,178.178,89.089,178.178,89.089,0.0019162363860378427,0.7897879930257163,0.0,0.0
140,Device,FusedBatchNormGradV3,gradient_tape/model/batch_normalization_12/FusedBatchNormGradV3,2,178.176,89.088,178.176,89.088,0.0019162148768011686,0.7917042079025175,0.0,0.0
141,Device,FusedBatchNormGradV3,gradient_tape/model/batch_normalization_14/FusedBatchNormGradV3,2,178.176,89.088,178.176,89.088,0.0019162148768011686,0.7936204227793187,0.0,0.0
142,Device,FusedBatchNormGradV3,gradient_tape/model/batch_normalization_7/FusedBatchNormGradV3,2,177.154,88.577,177.154,88.577,0.0019052236568608244,0.7955256464361795,0.0,0.0
143,Device,FusedBatchNormGradV3,gradient_tape/model/batch_normalization_10/FusedBatchNormGradV3,2,177.152,88.576,177.152,88.576,0.0019052021476241505,0.7974308485838036,0.0,0.0
144,Device,FusedBatchNormGradV3,gradient_tape/model/batch_normalization_8/FusedBatchNormGradV3,2,176.129,88.0645,176.129,88.0645,0.0018942001730654693,0.7993250487568692,0.0,0.0
145,Device,ArgMax,ArgMax,2,171.009,85.5045,171.009,85.5045,0.001839136527180378,0.8011641852840495,0.0,0.0
146,Device,Conv2DBackpropInput,gradient_tape/model/conv2d_18/Conv2D/Conv2DBackpropInput,2,146.433,73.2165,146.433,73.2165,0.0015748310269319411,0.8027390163109814,0.0,0.0
147,Device,Relu,model/activation_6/Relu,2,145.41,72.705,145.41,72.705,0.00156382905237326,0.8043028453633547,0.0,0.0
148,Device,BiasAdd,model/conv2d_3/BiasAdd,2,144.384,72.192,144.384,72.192,0.0015527948139595676,0.8058556401773143,0.0,0.0
149,Device,Relu,model/activation_4/Relu,2,143.36,71.68,143.36,71.68,0.0015417820847825497,0.8073974222620968,0.0,0.0
150,Device,BiasAdd,model/conv2d_1/BiasAdd,2,143.36,71.68,143.36,71.68,0.0015417820847825497,0.8089392043468793,0.0,0.0
151,Device,BiasAdd,model/conv2d_5/BiasAdd,2,142.338,71.169,142.338,71.169,0.0015307908648422052,0.8104699952117215,0.0,0.0
152,Device,Relu,model/activation_5/Relu,2,142.337,71.1685,142.337,71.1685,0.0015307801102238683,0.8120007753219454,0.0,0.0
153,Device,BiasAdd,model/conv2d_2/BiasAdd,2,142.337,71.1685,142.337,71.1685,0.0015307801102238683,0.8135315554321693,0.0,0.0
154,Device,Relu,model/activation_1/Relu,2,142.336,71.168,142.336,71.168,0.0015307693556055315,0.8150623247877747,0.0,0.0
155,Device,BiasAdd,model/conv2d_6/BiasAdd,2,142.336,71.168,142.336,71.168,0.0015307693556055315,0.8165930941433802,0.0,0.0
156,Device,BiasAdd,model/conv2d_4/BiasAdd,2,141.314,70.657,141.314,70.657,0.001519778135665187,0.8181128722790454,0.0,0.0
157,Device,Relu,model/activation_2/Relu,2,141.312,70.656,141.312,70.656,0.0015197566264285134,0.819632628905474,0.0,0.0
158,Device,Relu,model/activation_3/Relu,2,141.312,70.656,141.312,70.656,0.0015197566264285134,0.8211523855319025,0.0,0.0
159,Device,Conv2DBackpropInput,gradient_tape/model/conv2d_31/Conv2D/Conv2DBackpropInput,2,135.17,67.585,135.17,67.585,0.0014537017606030777,0.8226060872925056,0.0,0.0
160,Device,AddN,SGD/gradients/AddN_48,2,125.952,62.976,125.952,62.976,0.0013545656887732401,0.8239606529812789,0.0,0.0
161,Device,AddN,SGD/gradients/AddN_51,2,125.952,62.976,125.952,62.976,0.0013545656887732401,0.8253152186700521,0.0,0.0
162,Device,ResourceApplyGradientDescent,SGD/SGD/update_126/ResourceApplyGradientDescent,2,124.93,62.465,124.93,62.465,0.0013435744688328958,0.826658793138885,0.0,0.0
163,Device,ResourceApplyGradientDescent,SGD/SGD/update_130/ResourceApplyGradientDescent,2,124.929,62.4645,124.929,62.4645,0.0013435637142145587,0.8280023568530995,0.0,0.0
164,Device,Conv2DBackpropFilter,gradient_tape/model/conv2d_18/Conv2D/Conv2DBackpropFilter,2,124.929,62.4645,124.929,62.4645,0.0013435637142145587,0.829345920567314,0.0,0.0
165,Device,AddN,SGD/gradients/AddN_50,2,124.928,62.464,124.928,62.464,0.0013435529595962217,0.8306894735269102,0.0,0.0
166,Device,Transpose,gradient_tape/model/conv2d/Conv2D/Conv2DBackpropFilter-0-TransposeNHWCToNCHW-LayoutOptimizer,2,124.928,62.464,124.928,62.464,0.0013435529595962217,0.8320330264865065,0.0,0.0
167,Device,ResourceApplyGradientDescent,SGD/SGD/update_122/ResourceApplyGradientDescent,2,123.906,61.953,123.906,61.953,0.0013325617396558775,0.8333655882261624,0.0,0.0
168,Device,ResourceApplyGradientDescent,SGD/SGD/update_118/ResourceApplyGradientDescent,2,123.904,61.952,123.904,61.952,0.0013325402304192036,0.8346981284565815,0.0,0.0
169,Device,ResourceApplyGradientDescent,SGD/SGD/update_134/ResourceApplyGradientDescent,2,123.904,61.952,123.904,61.952,0.0013325402304192036,0.8360306686870007,0.0,0.0
170,Device,AddN,SGD/gradients/AddN_49,2,123.904,61.952,123.904,61.952,0.0013325402304192036,0.8373632089174199,0.0,0.0
171,Device,Mul,gradient_tape/conv2d_33/kernel/Regularizer/Mul_1,2,122.88,61.44,122.88,61.44,0.0013215275012421854,0.838684736418662,0.0,0.0
172,Device,Mul,gradient_tape/conv2d_32/kernel/Regularizer/Mul_1,2,120.834,60.417,120.834,60.417,0.0012995235521248228,0.8399842599707869,0.0,0.0
173,Device,Mul,gradient_tape/conv2d_30/kernel/Regularizer/Mul_1,2,120.832,60.416,120.832,60.416,0.0012995020428881489,0.841283762013675,0.0,0.0
174,Device,Mul,gradient_tape/conv2d_35/kernel/Regularizer/Mul_1,2,120.832,60.416,120.832,60.416,0.0012995020428881489,0.8425832640565633,0.0,0.0
175,Device,Mul,gradient_tape/conv2d_34/kernel/Regularizer/Mul_1,2,119.809,59.9045,119.809,59.9045,0.0012885000683294677,0.8438717641248927,0.0,0.0
176,Device,AddN,SGD/gradients/AddN_47,2,119.808,59.904,119.808,59.904,0.0012884893137111307,0.8451602534386039,0.0,0.0
177,Device,ReluGrad,gradient_tape/model/activation_14/ReluGrad,2,111.617,55.8085,111.617,55.8085,0.001200398234913322,0.8463606516735173,0.0,0.0
178,Device,ReluGrad,gradient_tape/model/activation_7/ReluGrad,2,111.616,55.808,111.616,55.808,0.001200387480294985,0.8475610391538122,0.0,0.0
179,Device,ArgMax,ArgMax_1,2,110.592,55.296,110.592,55.296,0.0011893747511179669,0.8487504139049302,0.0,0.0
180,Device,AddN,SGD/gradients/AddN_9,2,109.569,54.7845,109.569,54.7845,0.0011783727765592856,0.8499287866814895,0.0,0.0
181,Device,AddN,SGD/gradients/AddN_10,2,109.568,54.784,109.568,54.784,0.0011783620219409487,0.8511071487034305,0.0,0.0
182,Device,AddN,SGD/gradients/AddN_8,2,108.546,54.273,108.546,54.273,0.0011673708020006044,0.8522745195054311,0.0,0.0
183,Device,AddV2,model/add_4/add,2,108.545,54.2725,108.545,54.2725,0.0011673600473822675,0.8534418795528134,0.0,0.0
184,Device,AddN,SGD/gradients/AddN_11,2,108.544,54.272,108.544,54.272,0.0011673492927639303,0.8546092288455773,0.0,0.0
185,Device,AddV2,model/add_3/add,2,108.544,54.272,108.544,54.272,0.0011673492927639303,0.8557765781383413,0.0,0.0
186,Device,AddV2,model/add_5/add,2,108.544,54.272,108.544,54.272,0.0011673492927639303,0.8569439274311053,0.0,0.0
187,Device,AddV2,model/add_6/add,2,107.521,53.7605,107.521,53.7605,0.001156347318205249,0.8581002747493105,0.0,0.0
188,Device,ReluGrad,gradient_tape/model/activation_10/ReluGrad,2,105.474,52.737,105.474,52.737,0.0011343326144695497,0.8592346073637801,0.0,0.0
189,Device,ReluGrad,gradient_tape/model/activation_8/ReluGrad,2,105.472,52.736,105.472,52.736,0.0011343111052328756,0.860368918469013,0.0,0.0
190,Device,ReluGrad,gradient_tape/model/activation_13/ReluGrad,2,104.448,52.224,104.448,52.224,0.0011232983760558575,0.8614922168450688,0.0,0.0
191,Device,ReluGrad,gradient_tape/model/activation_11/ReluGrad,2,103.424,51.712,103.424,51.712,0.0011122856468788395,0.8626045024919476,0.0,0.0
192,Device,ReluGrad,gradient_tape/model/activation_12/ReluGrad,2,102.402,51.201,102.402,51.201,0.001101294426938495,0.8637057969188862,0.0,0.0
193,Device,ReluGrad,gradient_tape/model/activation_9/ReluGrad,2,102.4,51.2,102.4,51.2,0.0011012729177018211,0.864807069836588,0.0,0.0
194,Device,FusedBatchNormV3,model/batch_normalization_12/FusedBatchNormV3,4,102.4,25.6,102.4,25.6,0.0011012729177018211,0.8659083427542897,0.0,0.0
195,Device,FusedBatchNormV3,model/batch_normalization_8/FusedBatchNormV3,4,101.378,25.3445,101.378,25.3445,0.0010902816977614769,0.8669986244520512,0.0,0.0
196,Device,FusedBatchNormV3,model/batch_normalization_14/FusedBatchNormV3,4,101.377,25.34425,101.377,25.34425,0.00109027094314314,0.8680888953951944,0.0,0.0
197,Device,Conv2DBackpropFilter,gradient_tape/model/conv2d_31/Conv2D/Conv2DBackpropFilter,2,101.376,50.688,101.376,50.688,0.001090260188524803,0.8691791555837192,0.0,0.0
198,Device,FusedBatchNormV3,model/batch_normalization_13/FusedBatchNormV3,4,101.376,25.344,101.376,25.344,0.001090260188524803,0.8702694157722439,0.0,0.0
199,Device,FusedBatchNormV3,model/batch_normalization_11/FusedBatchNormV3,4,100.354,25.0885,100.354,25.0885,0.0010792689685844585,0.8713486847408284,0.0,0.0
200,Device,FusedBatchNormV3,model/batch_normalization_10/FusedBatchNormV3,4,100.352,25.088,100.352,25.088,0.0010792474593477848,0.8724279322001761,0.0,0.0
201,Device,FusedBatchNormV3,model/batch_normalization_7/FusedBatchNormV3,4,100.352,25.088,100.352,25.088,0.0010792474593477848,0.8735071796595238,0.0,0.0
202,Device,FusedBatchNormV3,model/batch_normalization_9/FusedBatchNormV3,4,100.352,25.088,100.352,25.088,0.0010792474593477848,0.8745864271188716,0.0,0.0
203,Device,Conv2D,model/conv2d_9/Conv2D,2,100.352,50.176,100.352,50.176,0.0010792474593477848,0.8756656745782193,0.0,0.0
204,Device,Conv2D,model/conv2d_31/Conv2D,2,88.064,44.032,88.064,44.032,0.0009470947092235662,0.8766127692874429,0.0,0.0
205,Device,BiasAddGrad,gradient_tape/model/conv2d_5/BiasAdd/BiasAddGrad,2,86.017,43.0085,86.017,43.0085,0.0009250800054878667,0.8775378492929308,0.0,0.0
206,Device,BiasAddGrad,gradient_tape/model/conv2d_1/BiasAdd/BiasAddGrad,2,86.016,43.008,86.016,43.008,0.0009250692508695298,0.8784629185438003,0.0,0.0
207,Device,BiasAddGrad,gradient_tape/model/conv2d_3/BiasAdd/BiasAddGrad,2,86.016,43.008,86.016,43.008,0.0009250692508695298,0.8793879877946699,0.0,0.0
208,Device,BiasAddGrad,gradient_tape/model/conv2d_6/BiasAdd/BiasAddGrad,2,86.016,43.008,86.016,43.008,0.0009250692508695298,0.8803130570455394,0.0,0.0
209,Device,BiasAddGrad,gradient_tape/model/conv2d_4/BiasAdd/BiasAddGrad,2,84.994,42.497,84.994,42.497,0.0009140780309291855,0.8812271350764685,0.0,0.0
210,Device,BiasAddGrad,gradient_tape/model/conv2d_2/BiasAdd/BiasAddGrad,2,84.992,42.496,84.992,42.496,0.0009140565216925116,0.8821411915981611,0.0,0.0
211,Device,Square,conv2d_34/kernel/Regularizer/Square,2,83.969,41.9845,83.969,41.9845,0.0009030545471338302,0.8830442461452949,0.0,0.0
212,Device,Square,conv2d_30/kernel/Regularizer/Square,2,82.944,41.472,82.944,41.472,0.0008920310633384751,0.8839362772086333,0.0,0.0
213,Device,Square,conv2d_33/kernel/Regularizer/Square,2,81.922,40.961,81.922,40.961,0.0008810398433981308,0.8848173170520315,0.0,0.0
214,Device,Mul,gradient_tape/conv2d_30/kernel/Regularizer/Mul,2,81.92,40.96,81.92,40.96,0.000881018334161457,0.8856983353861929,0.0,0.0
215,Device,Square,conv2d_32/kernel/Regularizer/Square,2,80.896,40.448,80.896,40.448,0.0008700056049844387,0.8865683409911773,0.0,0.0
216,Device,Square,conv2d_35/kernel/Regularizer/Square,2,80.896,40.448,80.896,40.448,0.0008700056049844387,0.8874383465961617,0.0,0.0
217,Device,BiasAdd,model/conv2d_9/BiasAdd,2,77.824,38.912,77.824,38.912,0.000836967417453384,0.8882753140136151,0.0,0.0
218,Device,BiasAdd,model/conv2d_7/BiasAdd,2,75.777,37.8885,75.777,37.8885,0.0008149527137176846,0.8890902667273328,0.0,0.0
219,Device,Relu,model/activation_14/Relu,2,75.776,37.888,75.776,37.888,0.0008149419590993476,0.8899052086864322,0.0,0.0
220,Device,Tile,gradient_tape/conv2d_30/kernel/Regularizer/Tile,2,73.729,36.8645,73.729,36.8645,0.0007929272553636481,0.8906981359417958,0.0,0.0
221,Device,Relu,model/activation_9/Relu,2,73.728,36.864,73.728,36.864,0.0007929165007453112,0.8914910524425411,0.0,0.0
222,Device,Relu,model/activation_11/Relu,2,72.704,36.352,72.704,36.352,0.000781903771568293,0.8922729562141094,0.0,0.0
223,Device,Relu,model/activation_13/Relu,2,72.704,36.352,72.704,36.352,0.000781903771568293,0.8930548599856777,0.0,0.0
224,Device,Relu,model/activation_7/Relu,2,72.704,36.352,72.704,36.352,0.000781903771568293,0.893836763757246,0.0,0.0
225,Device,Relu,model/activation_8/Relu,2,72.704,36.352,72.704,36.352,0.000781903771568293,0.8946186675288142,0.0,0.0
226,Device,Relu,model/activation_12/Relu,2,71.682,35.841,71.682,35.841,0.0007709125516279487,0.8953895800804422,0.0,0.0
227,Device,Relu,model/activation_10/Relu,2,70.656,35.328,70.656,35.328,0.0007598783132142567,0.8961494583936565,0.0,0.0
228,Device,BiasAdd,model/conv2d_14/BiasAdd,2,69.633,34.8165,69.633,34.8165,0.0007488763386555753,0.8968983347323121,0.0,0.0
229,Device,BiasAdd,model/conv2d_10/BiasAdd,2,69.632,34.816,69.632,34.816,0.0007488655840372384,0.8976472003163493,0.0,0.0
230,Device,BiasAdd,model/conv2d_12/BiasAdd,2,68.608,34.304,68.608,34.304,0.0007378528548602203,0.8983850531712094,0.0,0.0
231,Device,BiasAdd,model/conv2d_13/BiasAdd,2,68.608,34.304,68.608,34.304,0.0007378528548602203,0.8991229060260696,0.0,0.0
232,Device,BiasAdd,model/conv2d_15/BiasAdd,2,68.608,34.304,68.608,34.304,0.0007378528548602203,0.8998607588809298,0.0,0.0
233,Device,BiasAdd,model/conv2d_8/BiasAdd,2,68.608,34.304,68.608,34.304,0.0007378528548602203,0.9005986117357899,0.0,0.0
234,Device,BiasAdd,model/conv2d_11/BiasAdd,2,67.585,33.7925,67.585,33.7925,0.0007268508803015388,0.9013254626160915,0.0,0.0
235,Device,ResourceApplyGradientDescent,SGD/SGD/update_112/ResourceApplyGradientDescent,2,66.56,33.28,66.56,33.28,0.0007158273965061838,0.9020412900125977,0.0,0.0
236,Device,Conv2D,model/conv2d_18/Conv2D,2,66.56,33.28,66.56,33.28,0.0007158273965061838,0.9027571174091039,0.0,0.0
237,Device,AvgPoolGrad,gradient_tape/model/average_pooling2d/AvgPoolGrad,2,65.536,32.768,65.536,32.768,0.0007048146673291656,0.9034619320764331,0.0,0.0
238,Device,AddN,SGD/gradients/AddN_45,2,63.488,31.744,63.488,31.744,0.0006827892089751291,0.9041447212854082,0.0,0.0
239,Device,Mul,gradient_tape/conv2d_29/kernel/Regularizer/Mul_1,2,62.464,31.232,62.464,31.232,0.0006717764797981109,0.9048164977652063,0.0,0.0
240,Device,Sum,conv2d_34/kernel/Regularizer/Sum,2,60.416,30.208,60.416,30.208,0.0006497510214440744,0.9054662487866504,0.0,0.0
241,Device,FusedBatchNormGradV3,gradient_tape/model/batch_normalization_23/FusedBatchNormGradV3,2,59.394,29.697,59.394,29.697,0.0006387598015037302,0.9061050085881541,0.0,0.0
242,Device,FusedBatchNormGradV3,gradient_tape/model/batch_normalization_15/FusedBatchNormGradV3,2,59.393,29.6965,59.393,29.6965,0.0006387490468853932,0.9067437576350396,0.0,0.0
243,Device,FusedBatchNormGradV3,gradient_tape/model/batch_normalization_26/FusedBatchNormGradV3,2,58.37,29.185,58.37,29.185,0.0006277470723267119,0.9073715047073663,0.0,0.0
244,Device,FusedBatchNormGradV3,gradient_tape/model/batch_normalization_19/FusedBatchNormGradV3,2,58.368,29.184,58.368,29.184,0.0006277255630900381,0.9079992302704563,0.0,0.0
245,Device,FusedBatchNormGradV3,gradient_tape/model/batch_normalization_21/FusedBatchNormGradV3,2,58.368,29.184,58.368,29.184,0.0006277255630900381,0.9086269558335462,0.0,0.0
246,Device,FusedBatchNormGradV3,gradient_tape/model/batch_normalization_20/FusedBatchNormGradV3,2,57.345,28.6725,57.345,28.6725,0.0006167235885313568,0.9092436794220776,0.0,0.0
247,Device,Sum,conv2d_33/kernel/Regularizer/Sum,2,57.344,28.672,57.344,28.672,0.0006167128339130199,0.9098603922559907,0.0,0.0
248,Device,FusedBatchNormGradV3,gradient_tape/model/batch_normalization_16/FusedBatchNormGradV3,2,57.344,28.672,57.344,28.672,0.0006167128339130199,0.9104771050899038,0.0,0.0
249,Device,FusedBatchNormGradV3,gradient_tape/model/batch_normalization_17/FusedBatchNormGradV3,2,57.344,28.672,57.344,28.672,0.0006167128339130199,0.9110938179238168,0.0,0.0
250,Device,FusedBatchNormGradV3,gradient_tape/model/batch_normalization_18/FusedBatchNormGradV3,2,57.344,28.672,57.344,28.672,0.0006167128339130199,0.9117105307577299,0.0,0.0
251,Device,FusedBatchNormGradV3,gradient_tape/model/batch_normalization_22/FusedBatchNormGradV3,2,57.344,28.672,57.344,28.672,0.0006167128339130199,0.912327243591643,0.0,0.0
252,Device,FusedBatchNormGradV3,gradient_tape/model/batch_normalization_24/FusedBatchNormGradV3,2,57.344,28.672,57.344,28.672,0.0006167128339130199,0.912943956425556,0.0,0.0
253,Device,FusedBatchNormGradV3,gradient_tape/model/batch_normalization_25/FusedBatchNormGradV3,2,57.344,28.672,57.344,28.672,0.0006167128339130199,0.9135606692594691,0.0,0.0
254,Device,BiasAddGrad,gradient_tape/model/conv2d_13/BiasAdd/BiasAddGrad,2,56.32,28.16,56.32,28.16,0.0006057001047360016,0.9141663693642051,0.0,0.0
255,Device,ReluGrad,gradient_tape/model/activation_21/ReluGrad,2,55.298,27.649,55.298,27.649,0.0005947088847956573,0.9147610782490008,0.0,0.0
256,Device,AddN,SGD/gradients/AddN_4,2,55.296,27.648,55.296,27.648,0.0005946873755589834,0.9153557656245598,0.0,0.0
257,Device,ReluGrad,gradient_tape/model/activation_15/ReluGrad,2,55.296,27.648,55.296,27.648,0.0005946873755589834,0.9159504530001188,0.0,0.0
258,Device,ReluGrad,gradient_tape/model/activation_23/ReluGrad,2,55.296,27.648,55.296,27.648,0.0005946873755589834,0.9165451403756778,0.0,0.0
259,Device,ReluGrad,gradient_tape/model/activation_25/ReluGrad,2,55.296,27.648,55.296,27.648,0.0005946873755589834,0.9171398277512368,0.0,0.0
260,Device,ReluGrad,gradient_tape/model/activation_26/ReluGrad,2,55.296,27.648,55.296,27.648,0.0005946873755589834,0.9177345151267958,0.0,0.0
261,Device,BiasAddGrad,gradient_tape/model/conv2d_11/BiasAdd/BiasAddGrad,2,55.296,27.648,55.296,27.648,0.0005946873755589834,0.9183292025023548,0.0,0.0
262,Device,BiasAddGrad,gradient_tape/model/conv2d_12/BiasAdd/BiasAddGrad,2,55.296,27.648,55.296,27.648,0.0005946873755589834,0.9189238898779138,0.0,0.0
263,Device,BiasAddGrad,gradient_tape/model/conv2d_14/BiasAdd/BiasAddGrad,2,55.296,27.648,55.296,27.648,0.0005946873755589834,0.9195185772534729,0.0,0.0
264,Device,BiasAddGrad,gradient_tape/model/conv2d_15/BiasAdd/BiasAddGrad,2,55.296,27.648,55.296,27.648,0.0005946873755589834,0.9201132646290319,0.0,0.0
265,Device,BiasAddGrad,gradient_tape/model/conv2d_9/BiasAdd/BiasAddGrad,2,55.296,27.648,55.296,27.648,0.0005946873755589834,0.9207079520045909,0.0,0.0
266,Device,ReluGrad,gradient_tape/model/activation_16/ReluGrad,2,54.272,27.136,54.272,27.136,0.0005836746463819652,0.9212916266509729,0.0,0.0
267,Device,ReluGrad,gradient_tape/model/activation_17/ReluGrad,2,54.272,27.136,54.272,27.136,0.0005836746463819652,0.9218753012973548,0.0,0.0
268,Device,ReluGrad,gradient_tape/model/activation_19/ReluGrad,2,54.272,27.136,54.272,27.136,0.0005836746463819652,0.9224589759437368,0.0,0.0
269,Device,ReluGrad,gradient_tape/model/activation_20/ReluGrad,2,54.272,27.136,54.272,27.136,0.0005836746463819652,0.9230426505901188,0.0,0.0
270,Device,BiasAddGrad,gradient_tape/model/conv2d_10/BiasAdd/BiasAddGrad,2,54.272,27.136,54.272,27.136,0.0005836746463819652,0.9236263252365008,0.0,0.0
271,Device,ReluGrad,gradient_tape/model/activation_18/ReluGrad,2,53.249,26.6245,53.249,26.6245,0.0005726726718232839,0.924198997908324,0.0,0.0
272,Device,ReluGrad,gradient_tape/model/activation_24/ReluGrad,2,53.249,26.6245,53.249,26.6245,0.0005726726718232839,0.9247716705801473,0.0,0.0
273,Device,ReluGrad,gradient_tape/model/activation_22/ReluGrad,2,53.248,26.624,53.248,26.624,0.000572661917204947,0.9253443324973523,0.0,0.0
274,Device,AddN,SGD/gradients/AddN_3,2,51.2,25.6,51.2,25.6,0.0005506364588509106,0.9258949689562032,0.0,0.0
275,Device,AddN,SGD/gradients/AddN_6,2,51.2,25.6,51.2,25.6,0.0005506364588509106,0.926445605415054,0.0,0.0
276,Device,AddN,SGD/gradients/AddN_5,2,50.177,25.0885,50.177,25.0885,0.0005396344842922292,0.9269852398993463,0.0,0.0
277,Device,Sum,conv2d_30/kernel/Regularizer/Sum,2,50.176,25.088,50.176,25.088,0.0005396237296738924,0.9275248636290202,0.0,0.0
278,Device,AddN,SGD/gradients/AddN_7,2,49.152,24.576,49.152,24.576,0.0005286110004968741,0.928053474629517,0.0,0.0
279,Device,Sum,conv2d_32/kernel/Regularizer/Sum,2,49.152,24.576,49.152,24.576,0.0005286110004968741,0.9285820856300139,0.0,0.0
280,Device,Sum,conv2d_35/kernel/Regularizer/Sum,2,49.152,24.576,49.152,24.576,0.0005286110004968741,0.9291106966305107,0.0,0.0
281,Device,BiasAddGrad,gradient_tape/model/conv2d_7/BiasAdd/BiasAddGrad,2,48.129,24.0645,48.129,24.0645,0.0005176090259381928,0.9296283056564489,0.0,0.0
282,Device,Mul,gradient_tape/conv2d_29/kernel/Regularizer/Mul,2,44.032,22.016,44.032,22.016,0.0004735473546117831,0.9301018530110607,0.0,0.0
283,Device,AddN,SGD/gradients/AddN_2,2,43.008,21.504,43.008,21.504,0.0004625346254347649,0.9305643876364955,0.0,0.0
284,Device,BiasAdd,model/conv2d_18/BiasAdd,2,43.008,21.504,43.008,21.504,0.0004625346254347649,0.9310269222619303,0.0,0.0
285,Device,FusedBatchNormV3,model/batch_normalization_25/FusedBatchNormV3,4,41.984,10.496,41.984,10.496,0.0004515218962577467,0.931478444158188,0.0,0.0
286,Device,FusedBatchNormV3,model/batch_normalization_15/FusedBatchNormV3,4,40.961,10.24025,40.961,10.24025,0.0004405199216990654,0.9319189640798871,0.0,0.0
287,Device,FusedBatchNormV3,model/batch_normalization_21/FusedBatchNormV3,4,40.961,10.24025,40.961,10.24025,0.0004405199216990654,0.9323594840015861,0.0,0.0
288,Device,Square,conv2d_29/kernel/Regularizer/Square,2,40.96,20.48,40.96,20.48,0.0004405091670807285,0.9327999931686668,0.0,0.0
289,Device,Tile,gradient_tape/conv2d_29/kernel/Regularizer/Tile,2,40.96,20.48,40.96,20.48,0.0004405091670807285,0.9332405023357475,0.0,0.0
290,Device,FusedBatchNormV3,model/batch_normalization_23/FusedBatchNormV3,4,39.936,9.984,39.936,9.984,0.0004294964379037103,0.9336699987736512,0.0,0.0
291,Device,FusedBatchNormV3,model/batch_normalization_16/FusedBatchNormV3,4,38.912,9.728,38.912,9.728,0.000418483708726692,0.9340884824823779,0.0,0.0
292,Device,FusedBatchNormV3,model/batch_normalization_17/FusedBatchNormV3,4,38.912,9.728,38.912,9.728,0.000418483708726692,0.9345069661911045,0.0,0.0
293,Device,FusedBatchNormV3,model/batch_normalization_19/FusedBatchNormV3,4,37.888,9.472,37.888,9.472,0.0004074709795496738,0.9349144371706541,0.0,0.0
294,Device,FusedBatchNormV3,model/batch_normalization_26/FusedBatchNormV3,4,37.888,9.472,37.888,9.472,0.0004074709795496738,0.9353219081502038,0.0,0.0
295,Device,ResourceApplyGradientDescent,SGD/SGD/update_80/ResourceApplyGradientDescent,2,36.865,18.4325,36.865,18.4325,0.0003964690049909926,0.9357183771551948,0.0,0.0
296,Device,FusedBatchNormGradV3,gradient_tape/model/batch_normalization_27/FusedBatchNormGradV3,2,36.865,18.4325,36.865,18.4325,0.0003964690049909926,0.9361148461601858,0.0,0.0
297,Device,AddV2,model/add_7/add,2,36.865,18.4325,36.865,18.4325,0.0003964690049909926,0.9365113151651768,0.0,0.0
298,Device,ResourceApplyGradientDescent,SGD/SGD/update_100/ResourceApplyGradientDescent,2,36.864,18.432,36.864,18.432,0.0003964582503726556,0.9369077734155495,0.0,0.0
299,Device,ResourceApplyGradientDescent,SGD/SGD/update_108/ResourceApplyGradientDescent,2,36.864,18.432,36.864,18.432,0.0003964582503726556,0.9373042316659222,0.0,0.0
300,Device,AddN,SGD/gradients/AddN_38,2,36.864,18.432,36.864,18.432,0.0003964582503726556,0.937700689916295,0.0,0.0
301,Device,FusedBatchNormV3,model/batch_normalization_18/FusedBatchNormV3,4,36.864,9.216,36.864,9.216,0.0003964582503726556,0.9380971481666677,0.0,0.0
302,Device,FusedBatchNormV3,model/batch_normalization_24/FusedBatchNormV3,4,36.864,9.216,36.864,9.216,0.0003964582503726556,0.9384936064170404,0.0,0.0
303,Device,AddN,SGD/gradients/AddN_35,2,35.841,17.9205,35.841,17.9205,0.00038545627581397437,0.9388790626928544,0.0,0.0
304,Device,FusedBatchNormV3,model/batch_normalization_20/FusedBatchNormV3,4,35.841,8.96025,35.841,8.96025,0.00038545627581397437,0.9392645189686684,0.0,0.0
305,Device,ResourceApplyGradientDescent,SGD/SGD/update_68/ResourceApplyGradientDescent,2,35.84,17.92,35.84,17.92,0.0003854455211956374,0.939649964489864,0.0,0.0
306,Device,ResourceApplyGradientDescent,SGD/SGD/update_76/ResourceApplyGradientDescent,2,35.84,17.92,35.84,17.92,0.0003854455211956374,0.9400354100110597,0.0,0.0
307,Device,ResourceApplyGradientDescent,SGD/SGD/update_84/ResourceApplyGradientDescent,2,35.84,17.92,35.84,17.92,0.0003854455211956374,0.9404208555322554,0.0,0.0
308,Device,ResourceApplyGradientDescent,SGD/SGD/update_88/ResourceApplyGradientDescent,2,35.84,17.92,35.84,17.92,0.0003854455211956374,0.9408063010534511,0.0,0.0
309,Device,ResourceApplyGradientDescent,SGD/SGD/update_92/ResourceApplyGradientDescent,2,35.84,17.92,35.84,17.92,0.0003854455211956374,0.9411917465746468,0.0,0.0
310,Device,AddN,SGD/gradients/AddN_36,2,35.84,17.92,35.84,17.92,0.0003854455211956374,0.9415771920958425,0.0,0.0
311,Device,AddN,SGD/gradients/AddN_39,2,35.84,17.92,35.84,17.92,0.0003854455211956374,0.9419626376170381,0.0,0.0
312,Device,AddN,SGD/gradients/AddN_43,2,35.84,17.92,35.84,17.92,0.0003854455211956374,0.9423480831382338,0.0,0.0
313,Device,AddN,SGD/gradients/AddN_44,2,35.84,17.92,35.84,17.92,0.0003854455211956374,0.9427335286594295,0.0,0.0
314,Device,FusedBatchNormGradV3,gradient_tape/model/batch_normalization_30/FusedBatchNormGradV3,2,35.84,17.92,35.84,17.92,0.0003854455211956374,0.9431189741806252,0.0,0.0
315,Device,AddV2,model/add_9/add,2,35.84,17.92,35.84,17.92,0.0003854455211956374,0.9435044197018209,0.0,0.0
316,Device,FusedBatchNormV3,model/batch_normalization_22/FusedBatchNormV3,4,35.84,8.96,35.84,8.96,0.0003854455211956374,0.9438898652230165,0.0,0.0
317,Device,BiasAddGrad,gradient_tape/model/conv2d_18/BiasAdd/BiasAddGrad,2,34.817,17.4085,34.817,17.4085,0.00037444354663695615,0.9442643087696535,0.0,0.0
318,Device,BiasAddGrad,gradient_tape/model/conv2d_19/BiasAdd/BiasAddGrad,2,34.817,17.4085,34.817,17.4085,0.00037444354663695615,0.9446387523162905,0.0,0.0
319,Device,AddV2,model/add_12/add,2,34.817,17.4085,34.817,17.4085,0.00037444354663695615,0.9450131958629274,0.0,0.0
320,Device,ResourceApplyGradientDescent,SGD/SGD/update_104/ResourceApplyGradientDescent,2,34.816,17.408,34.816,17.408,0.0003744327920186192,0.9453876286549461,0.0,0.0
321,Device,ResourceApplyGradientDescent,SGD/SGD/update_72/ResourceApplyGradientDescent,2,34.816,17.408,34.816,17.408,0.0003744327920186192,0.9457620614469647,0.0,0.0
322,Device,ResourceApplyGradientDescent,SGD/SGD/update_96/ResourceApplyGradientDescent,2,34.816,17.408,34.816,17.408,0.0003744327920186192,0.9461364942389834,0.0,0.0
323,Device,AddN,SGD/gradients/AddN_37,2,34.816,17.408,34.816,17.408,0.0003744327920186192,0.946510927031002,0.0,0.0
324,Device,AddN,SGD/gradients/AddN_40,2,34.816,17.408,34.816,17.408,0.0003744327920186192,0.9468853598230207,0.0,0.0
325,Device,AddN,SGD/gradients/AddN_41,2,34.816,17.408,34.816,17.408,0.0003744327920186192,0.9472597926150393,0.0,0.0
326,Device,AddN,SGD/gradients/AddN_42,2,34.816,17.408,34.816,17.408,0.0003744327920186192,0.947634225407058,0.0,0.0
327,Device,FusedBatchNormGradV3,gradient_tape/model/batch_normalization_28/FusedBatchNormGradV3,2,34.816,17.408,34.816,17.408,0.0003744327920186192,0.9480086581990766,0.0,0.0
328,Device,FusedBatchNormGradV3,gradient_tape/model/batch_normalization_29/FusedBatchNormGradV3,2,34.816,17.408,34.816,17.408,0.0003744327920186192,0.9483830909910953,0.0,0.0
329,Device,FusedBatchNormGradV3,gradient_tape/model/batch_normalization_31/FusedBatchNormGradV3,2,34.816,17.408,34.816,17.408,0.0003744327920186192,0.948757523783114,0.0,0.0
330,Device,BiasAddGrad,gradient_tape/model/conv2d_22/BiasAdd/BiasAddGrad,2,34.816,17.408,34.816,17.408,0.0003744327920186192,0.9491319565751326,0.0,0.0
331,Device,BiasAddGrad,gradient_tape/model/conv2d_24/BiasAdd/BiasAddGrad,2,34.816,17.408,34.816,17.408,0.0003744327920186192,0.9495063893671513,0.0,0.0
332,Device,BiasAddGrad,gradient_tape/model/conv2d_27/BiasAdd/BiasAddGrad,2,34.816,17.408,34.816,17.408,0.0003744327920186192,0.9498808221591699,0.0,0.0
333,Device,BiasAddGrad,gradient_tape/model/conv2d_28/BiasAdd/BiasAddGrad,2,34.816,17.408,34.816,17.408,0.0003744327920186192,0.9502552549511886,0.0,0.0
334,Device,AddV2,model/add_10/add,2,34.816,17.408,34.816,17.408,0.0003744327920186192,0.9506296877432072,0.0,0.0
335,Device,AddV2,model/add_11/add,2,34.816,17.408,34.816,17.408,0.0003744327920186192,0.9510041205352259,0.0,0.0
336,Device,AddV2,model/add_8/add,2,34.816,17.408,34.816,17.408,0.0003744327920186192,0.9513785533272445,0.0,0.0
337,Device,BiasAddGrad,gradient_tape/model/conv2d_25/BiasAdd/BiasAddGrad,2,33.793,16.8965,33.793,16.8965,0.0003634308174599379,0.9517419841447045,0.0,0.0
338,Device,AddN,SGD/gradients/AddN_34,2,33.792,16.896,33.792,16.896,0.000363420062841601,0.9521054042075461,0.0,0.0
339,Device,Mul,gradient_tape/conv2d_17/kernel/Regularizer/Mul_1,2,33.792,16.896,33.792,16.896,0.000363420062841601,0.9524688242703877,0.0,0.0
340,Device,BiasAddGrad,gradient_tape/model/conv2d_20/BiasAdd/BiasAddGrad,2,33.792,16.896,33.792,16.896,0.000363420062841601,0.9528322443332293,0.0,0.0
341,Device,BiasAddGrad,gradient_tape/model/conv2d_21/BiasAdd/BiasAddGrad,2,33.792,16.896,33.792,16.896,0.000363420062841601,0.953195664396071,0.0,0.0
342,Device,BiasAddGrad,gradient_tape/model/conv2d_26/BiasAdd/BiasAddGrad,2,33.792,16.896,33.792,16.896,0.000363420062841601,0.9535590844589126,0.0,0.0
343,Device,Mul,gradient_tape/conv2d_27/kernel/Regularizer/Mul_1,2,32.768,16.384,32.768,16.384,0.0003524073336645828,0.9539114917925772,0.0,0.0
344,Device,BiasAddGrad,gradient_tape/model/conv2d_23/BiasAdd/BiasAddGrad,2,32.768,16.384,32.768,16.384,0.0003524073336645828,0.9542638991262418,0.0,0.0
345,Device,Relu,model/activation_26/Relu,2,32.768,16.384,32.768,16.384,0.0003524073336645828,0.9546163064599064,0.0,0.0
346,Device,ReluGrad,gradient_tape/model/activation_31/ReluGrad,2,31.745,15.8725,31.745,15.8725,0.0003414053591059015,0.9549577118190122,0.0,0.0
347,Device,Mul,gradient_tape/conv2d_25/kernel/Regularizer/Mul_1,2,31.744,15.872,31.744,15.872,0.00034139460448756457,0.9552991064234998,0.0,0.0
348,Device,Mul,gradient_tape/conv2d_26/kernel/Regularizer/Mul_1,2,31.744,15.872,31.744,15.872,0.00034139460448756457,0.9556405010279874,0.0,0.0
349,Device,AddN,ArithmeticOptimizer/AddOpsRewrite_AddN_1,8,30.721,3.840125,30.721,3.840125,0.0003303926299288833,0.9559708936579162,0.0,0.0
350,Device,Sum,conv2d_29/kernel/Regularizer/Sum,2,30.72,15.36,30.72,15.36,0.00033038187531054635,0.9563012755332267,0.0,0.0
351,Device,Mul,gradient_tape/conv2d_19/kernel/Regularizer/Mul_1,2,30.72,15.36,30.72,15.36,0.00033038187531054635,0.9566316574085373,0.0,0.0
352,Device,Mul,gradient_tape/conv2d_21/kernel/Regularizer/Mul_1,2,30.72,15.36,30.72,15.36,0.00033038187531054635,0.9569620392838478,0.0,0.0
353,Device,Mul,gradient_tape/conv2d_23/kernel/Regularizer/Mul_1,2,30.72,15.36,30.72,15.36,0.00033038187531054635,0.9572924211591584,0.0,0.0
354,Device,Mul,gradient_tape/conv2d_24/kernel/Regularizer/Mul_1,2,30.72,15.36,30.72,15.36,0.00033038187531054635,0.9576228030344689,0.0,0.0
355,Device,Mul,gradient_tape/conv2d_28/kernel/Regularizer/Mul_1,2,30.72,15.36,30.72,15.36,0.00033038187531054635,0.9579531849097794,0.0,0.0
356,Device,ReluGrad,gradient_tape/model/activation_27/ReluGrad,2,30.72,15.36,30.72,15.36,0.00033038187531054635,0.95828356678509,0.0,0.0
357,Device,Mul,gradient_tape/conv2d_20/kernel/Regularizer/Mul_1,2,29.696,14.848,29.696,14.848,0.00031936914613352814,0.9586029359312235,0.0,0.0
358,Device,Mul,gradient_tape/conv2d_22/kernel/Regularizer/Mul_1,2,29.696,14.848,29.696,14.848,0.00031936914613352814,0.958922305077357,0.0,0.0
359,Device,ReluGrad,gradient_tape/model/activation_28/ReluGrad,2,29.696,14.848,29.696,14.848,0.00031936914613352814,0.9592416742234905,0.0,0.0
360,Device,ReluGrad,gradient_tape/model/activation_29/ReluGrad,2,29.696,14.848,29.696,14.848,0.00031936914613352814,0.959561043369624,0.0,0.0
361,Device,FusedBatchNormGradV3,gradient_tape/model/batch_normalization_32/FusedBatchNormGradV3,2,29.696,14.848,29.696,14.848,0.00031936914613352814,0.9598804125157575,0.0,0.0
362,Device,BiasAddGrad,gradient_tape/model/conv2d_16/BiasAdd/BiasAddGrad,2,29.696,14.848,29.696,14.848,0.00031936914613352814,0.960199781661891,0.0,0.0
363,Device,ReluGrad,gradient_tape/model/activation_30/ReluGrad,2,28.673,14.3365,28.673,14.3365,0.0003083671715748468,0.9605081488334659,0.0,0.0
364,Device,FusedBatchNormV3,model/batch_normalization_27/FusedBatchNormV3,4,27.648,6.912,27.648,6.912,0.0002973436877794917,0.9608054925212454,0.0,0.0
365,Device,FusedBatchNormV3,model/batch_normalization_28/FusedBatchNormV3,4,27.648,6.912,27.648,6.912,0.0002973436877794917,0.9611028362090248,0.0,0.0
366,Device,FusedBatchNormV3,model/batch_normalization_31/FusedBatchNormV3,4,27.648,6.912,27.648,6.912,0.0002973436877794917,0.9614001798968043,0.0,0.0
367,Device,Softmax,model/dense/Softmax,2,27.648,13.824,27.648,13.824,0.0002973436877794917,0.9616975235845837,0.0,0.0
368,Device,FusedBatchNormV3,model/batch_normalization_30/FusedBatchNormV3,4,26.624,6.656,26.624,6.656,0.0002863309586024735,0.9619838545431861,0.0,0.0
369,Device,FusedBatchNormV3,model/batch_normalization_32/FusedBatchNormV3,4,26.624,6.656,26.624,6.656,0.0002863309586024735,0.9622701855017886,0.0,0.0
370,Device,MatMul,model/dense/MatMul,2,26.624,13.312,26.624,13.312,0.0002863309586024735,0.962556516460391,0.0,0.0
371,Device,FusedBatchNormV3,model/batch_normalization_29/FusedBatchNormV3,4,25.6,6.4,25.6,6.4,0.0002753182294254553,0.9628318346898165,0.0,0.0
372,Device,Sum,conv2d_27/kernel/Regularizer/Sum,2,24.577,12.2885,24.577,12.2885,0.000264316254866774,0.9630961509446833,0.0,0.0
373,Device,Sum,conv2d_28/kernel/Regularizer/Sum,2,24.576,12.288,24.576,12.288,0.0002643055002484371,0.9633604564449317,0.0,0.0
374,Device,MatMul,gradient_tape/model/dense/MatMul/MatMul,2,23.552,11.776,23.552,11.776,0.00025329277107141886,0.9636137492160032,0.0,0.0
375,Device,BiasAddGrad,gradient_tape/model/conv2d_33/BiasAdd/BiasAddGrad,2,22.53,11.265,22.53,11.265,0.00024230155113107453,0.9638560507671342,0.0,0.0
376,Device,BiasAddGrad,gradient_tape/model/conv2d_29/BiasAdd/BiasAddGrad,2,22.529,11.2645,22.529,11.2645,0.0002422907965127376,0.9640983415636469,0.0,0.0
377,Device,Sum,conv2d_17/kernel/Regularizer/Sum,2,22.528,11.264,22.528,11.264,0.00024228004189440065,0.9643406216055413,0.0,0.0
378,Device,Square,conv2d_22/kernel/Regularizer/Square,2,22.528,11.264,22.528,11.264,0.00024228004189440065,0.9645829016474358,0.0,0.0
379,Device,Sum,conv2d_24/kernel/Regularizer/Sum,2,22.528,11.264,22.528,11.264,0.00024228004189440065,0.9648251816893302,0.0,0.0
380,Device,Square,conv2d_25/kernel/Regularizer/Square,2,22.528,11.264,22.528,11.264,0.00024228004189440065,0.9650674617312246,0.0,0.0
381,Device,Square,conv2d_26/kernel/Regularizer/Square,2,22.528,11.264,22.528,11.264,0.00024228004189440065,0.965309741773119,0.0,0.0
382,Device,Sum,conv2d_26/kernel/Regularizer/Sum,2,22.528,11.264,22.528,11.264,0.00024228004189440065,0.9655520218150134,0.0,0.0
383,Device,BiasAddGrad,gradient_tape/model/conv2d_34/BiasAdd/BiasAddGrad,2,21.506,10.753,21.506,10.753,0.00023128882195405632,0.9657833106369674,0.0,0.0
384,Device,BiasAddGrad,gradient_tape/model/conv2d_35/BiasAdd/BiasAddGrad,2,21.505,10.7525,21.505,10.7525,0.00023127806733571937,0.9660145887043031,0.0,0.0
385,Device,Square,conv2d_17/kernel/Regularizer/Square,2,21.504,10.752,21.504,10.752,0.00023126731271738246,0.9662458560170205,0.0,0.0
386,Device,Square,conv2d_19/kernel/Regularizer/Square,2,21.504,10.752,21.504,10.752,0.00023126731271738246,0.9664771233297379,0.0,0.0
387,Device,Sum,conv2d_19/kernel/Regularizer/Sum,2,21.504,10.752,21.504,10.752,0.00023126731271738246,0.9667083906424553,0.0,0.0
388,Device,Square,conv2d_20/kernel/Regularizer/Square,2,21.504,10.752,21.504,10.752,0.00023126731271738246,0.9669396579551727,0.0,0.0
389,Device,Square,conv2d_21/kernel/Regularizer/Square,2,21.504,10.752,21.504,10.752,0.00023126731271738246,0.9671709252678901,0.0,0.0
390,Device,Sum,conv2d_22/kernel/Regularizer/Sum,2,21.504,10.752,21.504,10.752,0.00023126731271738246,0.9674021925806074,0.0,0.0
391,Device,Square,conv2d_23/kernel/Regularizer/Square,2,21.504,10.752,21.504,10.752,0.00023126731271738246,0.9676334598933248,0.0,0.0
392,Device,Sum,conv2d_23/kernel/Regularizer/Sum,2,21.504,10.752,21.504,10.752,0.00023126731271738246,0.9678647272060422,0.0,0.0
393,Device,Square,conv2d_24/kernel/Regularizer/Square,2,21.504,10.752,21.504,10.752,0.00023126731271738246,0.9680959945187596,0.0,0.0
394,Device,Sum,conv2d_25/kernel/Regularizer/Sum,2,21.504,10.752,21.504,10.752,0.00023126731271738246,0.968327261831477,0.0,0.0
395,Device,Square,conv2d_28/kernel/Regularizer/Square,2,21.504,10.752,21.504,10.752,0.00023126731271738246,0.9685585291441944,0.0,0.0
396,Device,BiasAddGrad,gradient_tape/model/conv2d_31/BiasAdd/BiasAddGrad,2,21.504,10.752,21.504,10.752,0.00023126731271738246,0.9687897964569118,0.0,0.0
397,Device,ResourceApplyGradientDescent,SGD/SGD/update_62/ResourceApplyGradientDescent,2,20.48,10.24,20.48,10.24,0.00022025458354036425,0.9690100510404521,0.0,0.0
398,Device,AddN,SGD/gradients/AddN_1,2,20.48,10.24,20.48,10.24,0.00022025458354036425,0.9692303056239925,0.0,0.0
399,Device,AddN,SGD/gradients/AddN_32,2,20.48,10.24,20.48,10.24,0.00022025458354036425,0.9694505602075328,0.0,0.0
400,Device,Square,conv2d_27/kernel/Regularizer/Square,2,20.48,10.24,20.48,10.24,0.00022025458354036425,0.9696708147910732,0.0,0.0
401,Device,Mul,gradient_tape/conv2d_17/kernel/Regularizer/Mul,2,20.48,10.24,20.48,10.24,0.00022025458354036425,0.9698910693746136,0.0,0.0
402,Device,Tile,gradient_tape/conv2d_17/kernel/Regularizer/Tile,2,20.48,10.24,20.48,10.24,0.00022025458354036425,0.9701113239581539,0.0,0.0
403,Device,BiasAddGrad,gradient_tape/model/conv2d_32/BiasAdd/BiasAddGrad,2,20.48,10.24,20.48,10.24,0.00022025458354036425,0.9703315785416943,0.0,0.0
404,Device,Sum,conv2d_20/kernel/Regularizer/Sum,2,19.456,9.728,19.456,9.728,0.000209241854363346,0.9705408203960576,0.0,0.0
405,Device,Sum,conv2d_21/kernel/Regularizer/Sum,2,19.456,9.728,19.456,9.728,0.000209241854363346,0.9707500622504209,0.0,0.0
406,Device,Mul,gradient_tape/conv2d_16/kernel/Regularizer/Mul_1,2,19.456,9.728,19.456,9.728,0.000209241854363346,0.9709593041047843,0.0,0.0
407,Device,ResourceApplyGradientDescent,SGD/SGD/update_138/ResourceApplyGradientDescent,2,18.432,9.216,18.432,9.216,0.0001982291251863278,0.9711575332299706,0.0,0.0
408,Device,Sum,conv2d_16/kernel/Regularizer/Sum,2,18.432,9.216,18.432,9.216,0.0001982291251863278,0.9713557623551569,0.0,0.0
409,Device,BiasAdd,model/conv2d_17/BiasAdd,2,18.432,9.216,18.432,9.216,0.0001982291251863278,0.9715539914803432,0.0,0.0
410,Device,BiasAdd,model/conv2d_19/BiasAdd,2,18.432,9.216,18.432,9.216,0.0001982291251863278,0.9717522206055295,0.0,0.0
411,Device,BiasAdd,model/conv2d_20/BiasAdd,2,18.432,9.216,18.432,9.216,0.0001982291251863278,0.9719504497307158,0.0,0.0
412,Device,BiasAdd,model/conv2d_22/BiasAdd,2,18.432,9.216,18.432,9.216,0.0001982291251863278,0.9721486788559021,0.0,0.0
413,Device,AddN,SGD/gradients/AddN,2,17.408,8.704,17.408,8.704,0.0001872163960093096,0.9723358952519113,0.0,0.0
414,Device,Sum,conv2d_10/kernel/Regularizer/Sum,2,17.408,8.704,17.408,8.704,0.0001872163960093096,0.9725231116479206,0.0,0.0
415,Device,BiasAdd,model/conv2d_21/BiasAdd,2,17.408,8.704,17.408,8.704,0.0001872163960093096,0.9727103280439299,0.0,0.0
416,Device,BiasAdd,model/conv2d_23/BiasAdd,2,17.408,8.704,17.408,8.704,0.0001872163960093096,0.9728975444399391,0.0,0.0
417,Device,BiasAdd,model/conv2d_25/BiasAdd,2,17.408,8.704,17.408,8.704,0.0001872163960093096,0.9730847608359484,0.0,0.0
418,Device,BiasAdd,model/conv2d_26/BiasAdd,2,17.408,8.704,17.408,8.704,0.0001872163960093096,0.9732719772319577,0.0,0.0
419,Device,BiasAdd,model/conv2d_27/BiasAdd,2,17.408,8.704,17.408,8.704,0.0001872163960093096,0.973459193627967,0.0,0.0
420,Device,BiasAdd,model/conv2d_28/BiasAdd,2,17.408,8.704,17.408,8.704,0.0001872163960093096,0.9736464100239762,0.0,0.0
421,Device,Sum,conv2d_14/kernel/Regularizer/Sum,2,16.384,8.192,16.384,8.192,0.0001762036668322914,0.9738226136908085,0.0,0.0
422,Device,Tile,gradient_tape/conv2d_16/kernel/Regularizer/Tile,2,16.384,8.192,16.384,8.192,0.0001762036668322914,0.9739988173576407,0.0,0.0
423,Device,BiasAdd,model/conv2d_16/BiasAdd,2,16.384,8.192,16.384,8.192,0.0001762036668322914,0.974175021024473,0.0,0.0
424,Device,BiasAdd,model/conv2d_24/BiasAdd,2,16.384,8.192,16.384,8.192,0.0001762036668322914,0.9743512246913052,0.0,0.0
425,Device,Sum,conv2d_8/kernel/Regularizer/Sum,2,15.361,7.6805,15.361,7.6805,0.00016520169227361012,0.9745164263835788,0.0,0.0
426,Device,Sum,conv2d_13/kernel/Regularizer/Sum,2,15.36,7.68,15.36,7.68,0.00016519093765527318,0.9746816173212342,0.0,0.0
427,Device,Sum,conv2d_15/kernel/Regularizer/Sum,2,15.36,7.68,15.36,7.68,0.00016519093765527318,0.9748468082588895,0.0,0.0
428,Device,Sum,conv2d_31/kernel/Regularizer/Sum,2,15.36,7.68,15.36,7.68,0.00016519093765527318,0.9750119991965448,0.0,0.0
429,Device,Sum,conv2d_5/kernel/Regularizer/Sum,2,15.36,7.68,15.36,7.68,0.00016519093765527318,0.9751771901342001,0.0,0.0
430,Device,AddV2,model/add_13/add,2,15.36,7.68,15.36,7.68,0.00016519093765527318,0.9753423810718554,0.0,0.0
431,Device,Square,conv2d_16/kernel/Regularizer/Square,2,14.338,7.169,14.338,7.169,0.00015419971771492882,0.9754965807895704,0.0,0.0
432,Device,ResourceApplyGradientDescent,SGD/SGD/update_38/ResourceApplyGradientDescent,2,14.336,7.168,14.336,7.168,0.00015417820847825496,0.9756507589980487,0.0,0.0
433,Device,ResourceApplyGradientDescent,SGD/SGD/update_46/ResourceApplyGradientDescent,2,14.336,7.168,14.336,7.168,0.00015417820847825496,0.975804937206527,0.0,0.0
434,Device,Sum,conv2d_1/kernel/Regularizer/Sum,2,14.336,7.168,14.336,7.168,0.00015417820847825496,0.9759591154150052,0.0,0.0
435,Device,Sum,conv2d_11/kernel/Regularizer/Sum,2,14.336,7.168,14.336,7.168,0.00015417820847825496,0.9761132936234835,0.0,0.0
436,Device,Sum,conv2d_12/kernel/Regularizer/Sum,2,14.336,7.168,14.336,7.168,0.00015417820847825496,0.9762674718319618,0.0,0.0
437,Device,Sum,conv2d_18/kernel/Regularizer/Sum,2,14.336,7.168,14.336,7.168,0.00015417820847825496,0.9764216500404401,0.0,0.0
438,Device,Sum,conv2d_2/kernel/Regularizer/Sum,2,14.336,7.168,14.336,7.168,0.00015417820847825496,0.9765758282489184,0.0,0.0
439,Device,Sum,conv2d_3/kernel/Regularizer/Sum,2,14.336,7.168,14.336,7.168,0.00015417820847825496,0.9767300064573967,0.0,0.0
440,Device,Sum,conv2d_7/kernel/Regularizer/Sum,2,14.336,7.168,14.336,7.168,0.00015417820847825496,0.976884184665875,0.0,0.0
441,Device,Mul,gradient_tape/conv2d_16/kernel/Regularizer/Mul,2,14.336,7.168,14.336,7.168,0.00015417820847825496,0.9770383628743533,0.0,0.0
442,Device,Tile,gradient_tape/conv2d_8/kernel/Regularizer/Tile,2,14.336,7.168,14.336,7.168,0.00015417820847825496,0.9771925410828316,0.0,0.0
443,Device,Relu,model/activation_15/Relu,2,14.336,7.168,14.336,7.168,0.00015417820847825496,0.9773467192913099,0.0,0.0
444,Device,AddV2,model/add_14/add,2,14.336,7.168,14.336,7.168,0.00015417820847825496,0.9775008974997882,0.0,0.0
445,Device,AddV2,model/add_15/add,2,14.336,7.168,14.336,7.168,0.00015417820847825496,0.9776550757082665,0.0,0.0
446,Device,BiasAdd,model/conv2d_31/BiasAdd,2,14.336,7.168,14.336,7.168,0.00015417820847825496,0.9778092539167448,0.0,0.0
447,Device,Tile,gradient_tape/conv2d_18/kernel/Regularizer/Tile,2,13.313,6.6565,13.313,6.6565,0.0001431762339195737,0.9779524301506644,0.0,0.0
448,Device,ResourceApplyGradientDescent,SGD/SGD/update_42/ResourceApplyGradientDescent,2,13.312,6.656,13.312,6.656,0.00014316547930123675,0.9780955956299656,0.0,0.0
449,Device,ResourceApplyGradientDescent,SGD/SGD/update_50/ResourceApplyGradientDescent,2,13.312,6.656,13.312,6.656,0.00014316547930123675,0.9782387611092669,0.0,0.0
450,Device,ResourceApplyGradientDescent,SGD/SGD/update_58/ResourceApplyGradientDescent,2,13.312,6.656,13.312,6.656,0.00014316547930123675,0.9783819265885682,0.0,0.0
451,Device,ReluGrad,gradient_tape/model/activation_32/ReluGrad,2,13.312,6.656,13.312,6.656,0.00014316547930123675,0.9785250920678694,0.0,0.0
452,Device,MatMul,gradient_tape/model/dense/MatMul/MatMul_1,2,13.312,6.656,13.312,6.656,0.00014316547930123675,0.9786682575471707,0.0,0.0
453,Device,Relu,model/activation_19/Relu,2,13.312,6.656,13.312,6.656,0.00014316547930123675,0.978811423026472,0.0,0.0
454,Device,Relu,model/activation_23/Relu,2,13.312,6.656,13.312,6.656,0.00014316547930123675,0.9789545885057732,0.0,0.0
455,Device,Relu,model/activation_20/Relu,2,12.289,6.1445,12.289,6.1445,0.00013216350474255548,0.9790867520105158,0.0,0.0
456,Device,Relu,model/activation_25/Relu,2,12.289,6.1445,12.289,6.1445,0.00013216350474255548,0.9792189155152583,0.0,0.0
457,Device,_Recv,IteratorGetNext/_4,2,12.288,6.144,12.288,6.144,0.00013215275012421854,0.9793510682653825,0.0,0.0
458,Device,ResourceApplyGradientDescent,SGD/SGD/update_116/ResourceApplyGradientDescent,2,12.288,6.144,12.288,6.144,0.00013215275012421854,0.9794832210155068,0.0,0.0
459,Device,ResourceApplyGradientDescent,SGD/SGD/update_34/ResourceApplyGradientDescent,2,12.288,6.144,12.288,6.144,0.00013215275012421854,0.979615373765631,0.0,0.0
460,Device,ResourceApplyGradientDescent,SGD/SGD/update_54/ResourceApplyGradientDescent,2,12.288,6.144,12.288,6.144,0.00013215275012421854,0.9797475265157553,0.0,0.0
461,Device,AddN,SGD/gradients/AddN_26,2,12.288,6.144,12.288,6.144,0.00013215275012421854,0.9798796792658795,0.0,0.0
462,Device,AddN,SGD/gradients/AddN_27,2,12.288,6.144,12.288,6.144,0.00013215275012421854,0.9800118320160037,0.0,0.0
463,Device,AddN,SGD/gradients/AddN_29,2,12.288,6.144,12.288,6.144,0.00013215275012421854,0.980143984766128,0.0,0.0
464,Device,AddN,SGD/gradients/AddN_30,2,12.288,6.144,12.288,6.144,0.00013215275012421854,0.9802761375162522,0.0,0.0
465,Device,AddN,SGD/gradients/AddN_31,2,12.288,6.144,12.288,6.144,0.00013215275012421854,0.9804082902663764,0.0,0.0
466,Device,Sum,conv2d_6/kernel/Regularizer/Sum,2,12.288,6.144,12.288,6.144,0.00013215275012421854,0.9805404430165007,0.0,0.0
467,Device,Sum,conv2d_9/kernel/Regularizer/Sum,2,12.288,6.144,12.288,6.144,0.00013215275012421854,0.9806725957666249,0.0,0.0
468,Device,Tile,gradient_tape/conv2d_1/kernel/Regularizer/Tile,2,12.288,6.144,12.288,6.144,0.00013215275012421854,0.9808047485167491,0.0,0.0
469,Device,Mul,gradient_tape/conv2d_10/kernel/Regularizer/Mul_1,2,12.288,6.144,12.288,6.144,0.00013215275012421854,0.9809369012668734,0.0,0.0
470,Device,Tile,gradient_tape/conv2d_31/kernel/Regularizer/Tile,2,12.288,6.144,12.288,6.144,0.00013215275012421854,0.9810690540169976,0.0,0.0
471,Device,Tile,gradient_tape/conv2d_7/kernel/Regularizer/Tile,2,12.288,6.144,12.288,6.144,0.00013215275012421854,0.9812012067671219,0.0,0.0
472,Device,Relu,model/activation_16/Relu,2,12.288,6.144,12.288,6.144,0.00013215275012421854,0.9813333595172461,0.0,0.0
473,Device,Relu,model/activation_17/Relu,2,12.288,6.144,12.288,6.144,0.00013215275012421854,0.9814655122673703,0.0,0.0
474,Device,Relu,model/activation_18/Relu,2,12.288,6.144,12.288,6.144,0.00013215275012421854,0.9815976650174946,0.0,0.0
475,Device,Relu,model/activation_21/Relu,2,12.288,6.144,12.288,6.144,0.00013215275012421854,0.9817298177676188,0.0,0.0
476,Device,Relu,model/activation_22/Relu,2,12.288,6.144,12.288,6.144,0.00013215275012421854,0.981861970517743,0.0,0.0
477,Device,Relu,model/activation_24/Relu,2,12.288,6.144,12.288,6.144,0.00013215275012421854,0.9819941232678673,0.0,0.0
478,Device,AvgPool,model/average_pooling2d/AvgPool,2,12.288,6.144,12.288,6.144,0.00013215275012421854,0.9821262760179915,0.0,0.0
479,Device,AddN,SGD/gradients/AddN_25,2,11.264,5.632,11.264,5.632,0.00012114002094720032,0.9822474160389387,0.0,0.0
480,Device,AddN,SGD/gradients/AddN_28,2,11.264,5.632,11.264,5.632,0.00012114002094720032,0.9823685560598859,0.0,0.0
481,Device,AddN,SGD/gradients/AddN_46,2,11.264,5.632,11.264,5.632,0.00012114002094720032,0.9824896960808331,0.0,0.0
482,Device,Sum,conv2d_4/kernel/Regularizer/Sum,2,11.264,5.632,11.264,5.632,0.00012114002094720032,0.9826108361017803,0.0,0.0
483,Device,Mul,gradient_tape/conv2d_31/kernel/Regularizer/Mul_1,2,11.264,5.632,11.264,5.632,0.00012114002094720032,0.9827319761227276,0.0,0.0
484,Device,BiasAdd,model/conv2d_30/BiasAdd,2,11.264,5.632,11.264,5.632,0.00012114002094720032,0.9828531161436748,0.0,0.0
485,Device,BiasAdd,model/conv2d_34/BiasAdd,2,11.264,5.632,11.264,5.632,0.00012114002094720032,0.982974256164622,0.0,0.0
486,Device,Mul,gradient_tape/conv2d_12/kernel/Regularizer/Mul_1,2,10.241,5.1205,10.241,5.1205,0.00011013804638851904,0.9830843942110105,0.0,0.0
487,Device,Mul,gradient_tape/conv2d_8/kernel/Regularizer/Mul_1,2,10.241,5.1205,10.241,5.1205,0.00011013804638851904,0.983194532257399,0.0,0.0
488,Device,BiasAdd,model/conv2d_32/BiasAdd,2,10.241,5.1205,10.241,5.1205,0.00011013804638851904,0.9833046703037874,0.0,0.0
489,Device,AddN,SGD/gradients/AddN_23,2,10.24,5.12,10.24,5.12,0.00011012729177018212,0.9834147975955576,0.0,0.0
490,Device,Sum,conv2d/kernel/Regularizer/Sum,2,10.24,5.12,10.24,5.12,0.00011012729177018212,0.9835249248873278,0.0,0.0
491,Device,Square,conv2d_10/kernel/Regularizer/Square,2,10.24,5.12,10.24,5.12,0.00011012729177018212,0.983635052179098,0.0,0.0
492,Device,Square,conv2d_12/kernel/Regularizer/Square,2,10.24,5.12,10.24,5.12,0.00011012729177018212,0.9837451794708681,0.0,0.0
493,Device,Square,conv2d_13/kernel/Regularizer/Square,2,10.24,5.12,10.24,5.12,0.00011012729177018212,0.9838553067626383,0.0,0.0
494,Device,Square,conv2d_14/kernel/Regularizer/Square,2,10.24,5.12,10.24,5.12,0.00011012729177018212,0.9839654340544085,0.0,0.0
495,Device,Square,conv2d_15/kernel/Regularizer/Square,2,10.24,5.12,10.24,5.12,0.00011012729177018212,0.9840755613461787,0.0,0.0
496,Device,Square,conv2d_8/kernel/Regularizer/Square,2,10.24,5.12,10.24,5.12,0.00011012729177018212,0.9841856886379489,0.0,0.0
497,Device,Mul,gradient_tape/conv2d_11/kernel/Regularizer/Mul_1,2,10.24,5.12,10.24,5.12,0.00011012729177018212,0.984295815929719,0.0,0.0
498,Device,Mul,gradient_tape/conv2d_13/kernel/Regularizer/Mul_1,2,10.24,5.12,10.24,5.12,0.00011012729177018212,0.9844059432214892,0.0,0.0
499,Device,Mul,gradient_tape/conv2d_14/kernel/Regularizer/Mul_1,2,10.24,5.12,10.24,5.12,0.00011012729177018212,0.9845160705132594,0.0,0.0
500,Device,Mul,gradient_tape/conv2d_15/kernel/Regularizer/Mul_1,2,10.24,5.12,10.24,5.12,0.00011012729177018212,0.9846261978050296,0.0,0.0
501,Host,IDLE,IDLE,0,236309.379,0.0,236309.379,0.0,0.0,0.0,0.9870936673023358,0.9870936673023358
502,Host,GatherV2,GatherV2,2,2718.647,1359.3235,2718.647,1359.3235,0.0,0.0,0.011356126653485444,0.9984497939558212
503,Host,IteratorGetNext,IteratorGetNext,2,52.071,26.0355,52.071,26.0355,0.0,0.0,0.00021750704338358034,0.9986673009992049
504,Host,Dataset,Iterator::Root::ParallelMapV2::Zip[1]::ForeverRepeat,2,56.041,28.0205,51.871,25.9355,0.0,0.0,0.00021667161850837696,0.9988839726177132
505,Host,GatherV2,GatherV2_1,2,45.76,22.88,45.76,22.88,0.0,0.0,0.00019114521144653716,0.9990751178291598
506,Host,FlushSummaryWriter,FlushSummaryWriter,1,37.501,37.501,37.501,37.501,0.0,0.0,0.0001566463412250129,0.9992317641703848
507,Host,Dataset,Iterator::Root::ParallelMapV2,2,37.46,18.73,37.46,18.73,0.0,0.0,0.0001564750791255962,0.9993882392495105
508,Host,LogicalAnd,LogicalAnd,1,30.271,30.271,30.271,30.271,0.0,0.0,0.0001264457319864101,0.9995146849814969
509,Host,Dataset,Iterator::Root,2,67.082,33.541,29.622,14.811,0.0,0.0,0.00012373477826637508,0.9996384197597632
510,Host,WriteSummary,WriteSummary,1,21.511,21.511,21.511,21.511,0.0,0.0,8.985412245250133e-05,0.9997282738822157
511,Host,Dataset,Iterator::Root::ParallelMapV2::Zip[0]::FlatMap,2,40.521,20.2605,20.291,10.1455,0.0,0.0,8.475803071376061e-05,0.9998130319129295
512,Host,Dataset,Iterator::Root::ParallelMapV2::Zip[0]::FlatMap[1]::TensorSlice,2,20.23,10.115,20.23,10.115,0.0,0.0,8.450322612682358e-05,0.9998975351390563
513,Host,Dataset,Iterator::Root::ParallelMapV2::Zip,2,107.312,53.656,10.75,5.375,0.0,0.0,4.490408704218257e-05,0.9999424392260985
514,Host,ReadVariableOp,ReadVariableOp,1,6.9,6.9,6.9,6.9,0.0,0.0,2.8822158194517188e-05,0.999971261384293
515,Host,Dataset,Iterator::Root::ParallelMapV2::Zip[1]::ForeverRepeat::FromTensor,4,4.17,1.0425,4.17,1.0425,0.0,0.0,1.741860864799082e-05,0.999988679992941
516,Host,Identity,Identity,2,2.71,1.355,2.71,1.355,0.0,0.0,1.1320007059006025e-05,1.0
