Rank,Host/device,Type,Operation,#Occurrences,Total time (us),Avg. time (us),Total self-time (us),Avg. self-time (us),Total self-time on Device (%),Cumulative total-self time on Device (%),Total self-time on Host (%),Cumulative total-self time on Host (%)
1,Device,IDLE,IDLE,0,4732.311,0.0,4732.311,0.0,0.15350195489668086,0.15350195489668086,0.0,0.0
2,Device,Conv2DBackpropFilter,gradient_tape/sequential/conv2d_1/Conv2D/Conv2DBackpropFilter,2,1850.378,925.189,1850.378,925.189,0.060020704534805625,0.2135226594314865,0.0,0.0
3,Device,Conv2DBackpropFilter,gradient_tape/sequential/conv2d_7/Conv2D/Conv2DBackpropFilter,2,1159.175,579.5875,1159.175,579.5875,0.03760015530833879,0.2511228147398253,0.0,0.0
4,Device,Conv2DBackpropFilter,gradient_tape/sequential/conv2d_3/Conv2D/Conv2DBackpropFilter,2,1024.005,512.0025,1024.005,512.0025,0.033215646504208135,0.2843384612440334,0.0,0.0
5,Device,ResourceApplyGradientDescent,SGD/SGD/update_22/ResourceApplyGradientDescent,2,848.9,424.45,848.9,424.45,0.027535766248624062,0.3118742274926575,0.0,0.0
6,Device,Conv2DBackpropFilter,gradient_tape/sequential/conv2d_9/Conv2D/Conv2DBackpropFilter,2,782.34,391.17,782.34,391.17,0.025376759767874367,0.3372509872605318,0.0,0.0
7,Device,Conv2DBackpropFilter,gradient_tape/sequential/conv2d_8/Conv2D/Conv2DBackpropFilter,2,780.292,390.146,780.292,390.146,0.025310328799235917,0.3625613160597677,0.0,0.0
8,Device,_FusedConv2D,sequential/conv2d_8/Relu,2,755.716,377.858,755.716,377.858,0.02451315717557449,0.3870744732353422,0.0,0.0
9,Device,_FusedConv2D,sequential/conv2d_7/Relu,2,754.693,377.3465,754.693,377.3465,0.024479974128251668,0.41155444736359387,0.0,0.0
10,Device,_FusedConv2D,sequential/conv2d_9/Relu,2,750.595,375.2975,750.595,375.2975,0.024347047316981955,0.4359014946805758,0.0,0.0
11,Device,Conv2DBackpropInput,gradient_tape/sequential/conv2d_7/Conv2D/Conv2DBackpropInput,2,733.187,366.5935,733.187,366.5935,0.023782384083555107,0.4596838787641309,0.0,0.0
12,Device,Conv2DBackpropInput,gradient_tape/sequential/conv2d_1/Conv2D/Conv2DBackpropInput,2,728.068,364.034,728.068,364.034,0.023616339098955382,0.4833002178630863,0.0,0.0
13,Device,_FusedConv2D,sequential/conv2d_1/Relu,2,727.044,363.522,727.044,363.522,0.023583123614636155,0.5068833414777224,0.0,0.0
14,Device,_FusedConv2D,sequential/conv2d_3/Relu,2,621.572,310.786,621.572,310.786,0.02016192872975587,0.5270452702074783,0.0,0.0
15,Device,Conv2DBackpropInput,gradient_tape/sequential/conv2d_3/Conv2D/Conv2DBackpropInput,2,620.548,310.274,620.548,310.274,0.020128713245436643,0.5471739834529149,0.0,0.0
16,Device,Conv2DBackpropFilter,gradient_tape/sequential/conv2d_2/Conv2D/Conv2DBackpropFilter,4,615.428,153.857,615.428,153.857,0.019962635823840513,0.5671366192767554,0.0,0.0
17,Device,_FusedConv2D,sequential/conv2d_5/Relu,2,615.428,307.714,615.428,307.714,0.019962635823840513,0.5870992551005959,0.0,0.0
18,Device,Conv2DBackpropFilter,gradient_tape/sequential/conv2d_5/Conv2D/Conv2DBackpropFilter,2,614.403,307.2015,614.403,307.2015,0.01992938790252488,0.6070286430031208,0.0,0.0
19,Device,Conv2DBackpropInput,gradient_tape/sequential/conv2d_5/Conv2D/Conv2DBackpropInput,2,600.066,300.033,600.066,300.033,0.01946433868505931,0.62649298168818,0.0,0.0
20,Device,Conv2DBackpropFilter,gradient_tape/sequential/conv2d_6/Conv2D/Conv2DBackpropFilter,2,459.779,229.8895,459.779,229.8895,0.014913849770321739,0.6414068314585017,0.0,0.0
21,Device,_FusedConv2D,sequential/conv2d_6/Relu,2,447.49,223.745,447.49,223.745,0.01451523152149462,0.6559220629799963,0.0,0.0
22,Device,Conv2DBackpropInput,gradient_tape/sequential/conv2d_9/Conv2D/Conv2DBackpropInput,4,446.466,111.6165,446.466,111.6165,0.014482016037175393,0.6704040790171717,0.0,0.0
23,Device,Conv2DBackpropInput,gradient_tape/sequential/conv2d_8/Conv2D/Conv2DBackpropInput,4,445.442,111.3605,445.442,111.3605,0.014448800552856167,0.6848528795700278,0.0,0.0
24,Device,ReluGrad,gradient_tape/sequential/conv2d_1/ReluGrad,2,434.178,217.089,434.178,217.089,0.01408343022534468,0.6989363097953725,0.0,0.0
25,Device,Conv2DBackpropInput,gradient_tape/sequential/conv2d_6/Conv2D/Conv2DBackpropInput,2,425.986,212.993,425.986,212.993,0.013817706350790871,0.7127540161461633,0.0,0.0
26,Device,ReluGrad,gradient_tape/sequential/conv2d/ReluGrad,2,419.842,209.921,419.842,209.921,0.013618413444875514,0.7263724295910388,0.0,0.0
27,Device,MatMul,gradient_tape/sequential/dense_1/MatMul/MatMul_1,2,411.65,205.825,411.65,205.825,0.013352689570321706,0.7397251191613604,0.0,0.0
28,Device,_FusedConv2D,sequential/conv2d_4/Relu,2,411.65,205.825,411.65,205.825,0.013352689570321706,0.7530778087316821,0.0,0.0
29,Device,MatMul,gradient_tape/sequential/dense_1/MatMul/MatMul,2,400.386,200.193,400.386,200.193,0.012987319242810219,0.7660651279744923,0.0,0.0
30,Device,Conv2DBackpropFilter,gradient_tape/sequential/conv2d_4/Conv2D/Conv2DBackpropFilter,2,392.194,196.097,392.194,196.097,0.01272159536825641,0.7787867233427488,0.0,0.0
31,Device,Conv2DBackpropFilter,gradient_tape/sequential/conv2d/Conv2D/Conv2DBackpropFilter,2,376.834,188.417,376.834,188.417,0.012223363103468018,0.7910100864462168,0.0,0.0
32,Device,Conv2DBackpropInput,gradient_tape/sequential/conv2d_4/Conv2D/Conv2DBackpropInput,2,371.714,185.857,371.714,185.857,0.012057285681871888,0.8030673721280888,0.0,0.0
33,Device,_FusedConv2D,sequential/conv2d_2/Relu,2,356.354,178.177,356.354,178.177,0.011559053417083496,0.8146264255451723,0.0,0.0
34,Device,Conv2DBackpropInput,gradient_tape/sequential/conv2d_2/Conv2D/Conv2DBackpropInput,2,344.066,172.033,344.066,172.033,0.011160467605252782,0.8257868931504251,0.0,0.0
35,Device,MatMul,sequential/dense_1/MatMul,2,336.898,168.449,336.898,168.449,0.0109279592150182,0.8367148523654433,0.0,0.0
36,Device,MaxPoolGrad,gradient_tape/sequential/max_pooling2d_3/MaxPool/MaxPoolGrad,2,330.753,165.3765,330.753,165.3765,0.010728633872106437,0.8474434862375497,0.0,0.0
37,Device,MaxPoolGrad,gradient_tape/sequential/max_pooling2d/MaxPool/MaxPoolGrad,2,308.226,154.113,308.226,154.113,0.00999792565407987,0.8574414118916296,0.0,0.0
38,Device,MaxPoolGrad,gradient_tape/sequential/max_pooling2d_4/MaxPool/MaxPoolGrad,2,302.082,151.041,302.082,151.041,0.009798632748164513,0.8672400446397941,0.0,0.0
39,Device,_Send,IteratorGetNext/_1,2,243.394,121.697,243.394,121.697,0.007894970303118866,0.875135014942913,0.0,0.0
40,Device,_FusedConv2D,sequential/conv2d/Relu,2,219.139,109.5695,219.139,109.5695,0.007108210955303604,0.8822432258982166,0.0,0.0
41,Device,ReluGrad,gradient_tape/sequential/conv2d_3/ReluGrad,2,215.041,107.5205,215.041,107.5205,0.006975284144033888,0.8892185100422505,0.0,0.0
42,Device,ReluGrad,gradient_tape/sequential/conv2d_2/ReluGrad,2,199.68,99.84,199.68,99.84,0.006477019442249091,0.8956955294844996,0.0,0.0
43,Device,MaxPoolGrad,gradient_tape/sequential/max_pooling2d_2/MaxPool/MaxPoolGrad,2,192.513,96.2565,192.513,96.2565,0.006244543489010913,0.9019400729735105,0.0,0.0
44,Device,MaxPool,sequential/max_pooling2d/MaxPool,2,176.128,88.064,176.128,88.064,0.00571306330290689,0.9076531362764174,0.0,0.0
45,Device,MaxPoolGrad,gradient_tape/sequential/max_pooling2d_1/MaxPool/MaxPoolGrad,2,166.913,83.4565,166.913,83.4565,0.005414156381030261,0.9130672926574477,0.0,0.0
46,Device,BiasAddGrad,gradient_tape/sequential/conv2d_1/BiasAdd/BiasAddGrad,2,158.722,79.361,158.722,79.361,0.005148464943472858,0.9182157576009206,0.0,0.0
47,Device,BiasAddGrad,gradient_tape/sequential/conv2d/BiasAdd/BiasAddGrad,2,157.696,78.848,157.696,78.848,0.00511518458516082,0.9233309421860814,0.0,0.0
48,Device,ResourceApplyGradientDescent,SGD/SGD/update_18/ResourceApplyGradientDescent,2,119.81,59.905,119.81,59.905,0.0038862765393422654,0.9272172187254236,0.0,0.0
49,Device,ResourceApplyGradientDescent,SGD/SGD/update_16/ResourceApplyGradientDescent,2,119.809,59.9045,119.809,59.9045,0.0038862441023458597,0.9311034628277695,0.0,0.0
50,Device,ResourceApplyGradientDescent,SGD/SGD/update_14/ResourceApplyGradientDescent,2,119.808,59.904,119.808,59.904,0.0038862116653494544,0.9349896744931189,0.0,0.0
51,Device,ReluGrad,gradient_tape/sequential/conv2d_4/ReluGrad,2,108.545,54.2725,108.545,54.2725,0.0035208737748343728,0.9385105482679532,0.0,0.0
52,Device,ResourceApplyGradientDescent,SGD/SGD/update_20/ResourceApplyGradientDescent,2,106.496,53.248,106.496,53.248,0.003454410369199515,0.9419649586371527,0.0,0.0
53,Device,MaxPool,sequential/max_pooling2d_1/MaxPool,2,102.4,51.2,102.4,51.2,0.0033215484319226106,0.9452865070690752,0.0,0.0
54,Device,BiasAddGrad,gradient_tape/sequential/conv2d_2/BiasAdd/BiasAddGrad,2,101.376,50.688,101.376,50.688,0.003288332947603385,0.9485748400166786,0.0,0.0
55,Device,BiasAddGrad,gradient_tape/sequential/conv2d_3/BiasAdd/BiasAddGrad,2,100.353,50.1765,100.353,50.1765,0.003255149900280564,0.9518299899169591,0.0,0.0
56,Device,ReluGrad,gradient_tape/sequential/conv2d_5/ReluGrad,2,100.353,50.1765,100.353,50.1765,0.003255149900280564,0.9550851398172396,0.0,0.0
57,Device,SoftmaxCrossEntropyWithLogits,categorical_crossentropy/softmax_cross_entropy_with_logits,2,94.208,47.104,94.208,47.104,0.0030558245573688017,0.9581409643746084,0.0,0.0
58,Device,MatMul,gradient_tape/sequential/dense/MatMul/MatMul_1,2,81.921,40.9605,81.921,40.9605,0.002657271182534494,0.9607982355571428,0.0,0.0
59,Device,MatMul,gradient_tape/sequential/dense/MatMul/MatMul,2,73.728,36.864,73.728,36.864,0.0023915148709842795,0.9631897504281272,0.0,0.0
60,Device,ResourceApplyGradientDescent,SGD/SGD/update_12/ResourceApplyGradientDescent,2,63.488,31.744,63.488,31.744,0.0020593600277920188,0.9652491104559192,0.0,0.0
61,Device,BiasAddGrad,gradient_tape/sequential/conv2d_5/BiasAdd/BiasAddGrad,2,57.345,28.6725,57.345,28.6725,0.0018600995588730674,0.9671092100147923,0.0,0.0
62,Device,MatMul,sequential/dense/MatMul,2,55.296,27.648,55.296,27.648,0.0017936361532382098,0.9689028461680306,0.0,0.0
63,Device,ReluGrad,gradient_tape/sequential/conv2d_6/ReluGrad,2,54.272,27.136,54.272,27.136,0.0017604206689189835,0.9706632668369496,0.0,0.0
64,Device,BiasAddGrad,gradient_tape/sequential/conv2d_4/BiasAdd/BiasAddGrad,2,50.176,25.088,50.176,25.088,0.0016275587316420793,0.9722908255685917,0.0,0.0
65,Device,MaxPool,sequential/max_pooling2d_2/MaxPool,2,44.032,22.016,44.032,22.016,0.0014282658257267224,0.9737190913943184,0.0,0.0
66,Device,BiasAddGrad,gradient_tape/sequential/conv2d_6/BiasAdd/BiasAddGrad,2,43.009,21.5045,43.009,21.5045,0.001395082778403902,0.9751141741727224,0.0,0.0
67,Device,BiasAddGrad,gradient_tape/sequential/conv2d_7/BiasAdd/BiasAddGrad,2,38.912,19.456,38.912,19.456,0.001262188404130592,0.976376362576853,0.0,0.0
68,Device,ResourceApplyGradientDescent,SGD/SGD/update_10/ResourceApplyGradientDescent,2,32.768,16.384,32.768,16.384,0.0010628954982152355,0.9774392580750683,0.0,0.0
69,Device,ReluGrad,gradient_tape/sequential/conv2d_7/ReluGrad,2,32.768,16.384,32.768,16.384,0.0010628954982152355,0.9785021535732835,0.0,0.0
70,Device,BiasAddGrad,gradient_tape/sequential/conv2d_9/BiasAdd/BiasAddGrad,2,29.696,14.848,29.696,14.848,0.0009632490452575571,0.9794654026185411,0.0,0.0
71,Device,ReluGrad,gradient_tape/sequential/dense/ReluGrad,2,29.696,14.848,29.696,14.848,0.0009632490452575571,0.9804286516637987,0.0,0.0
72,Device,MatMul,sequential/dense_2/MatMul,2,28.672,14.336,28.672,14.336,0.000930033560938331,0.981358685224737,0.0,0.0
73,Device,BiasAddGrad,gradient_tape/sequential/conv2d_8/BiasAdd/BiasAddGrad,2,26.624,13.312,26.624,13.312,0.0008636025922998787,0.9822222878170369,0.0,0.0
74,Device,Transpose,gradient_tape/sequential/conv2d/Conv2D/Conv2DBackpropFilter-0-TransposeNHWCToNCHW-LayoutOptimizer,2,25.6,12.8,25.6,12.8,0.0008303871079806527,0.9830526749250176,0.0,0.0
75,Device,ReluGrad,gradient_tape/sequential/dense_1/ReluGrad,2,22.528,11.264,22.528,11.264,0.0007307406550229742,0.9837834155800406,0.0,0.0
76,Device,ResourceApplyGradientDescent,SGD/SGD/update_8/ResourceApplyGradientDescent,2,21.504,10.752,21.504,10.752,0.0006975251707037483,0.9844809407507443,0.0,0.0
77,Device,BiasAddGrad,gradient_tape/sequential/dense/BiasAdd/BiasAddGrad,2,20.48,10.24,20.48,10.24,0.0006643096863845221,0.9851452504371289,0.0,0.0
78,Device,BiasAddGrad,gradient_tape/sequential/dense_1/BiasAdd/BiasAddGrad,2,19.456,9.728,19.456,9.728,0.000631094202065296,0.9857763446391942,0.0,0.0
79,Device,MatMul,gradient_tape/sequential/dense_2/MatMul/MatMul_1,2,18.432,9.216,18.432,9.216,0.0005978787177460699,0.9863742233569402,0.0,0.0
80,Device,MaxPool,sequential/max_pooling2d_3/MaxPool,2,18.432,9.216,18.432,9.216,0.0005978787177460699,0.9869721020746863,0.0,0.0
81,Device,ReluGrad,gradient_tape/sequential/conv2d_8/ReluGrad,2,17.408,8.704,17.408,8.704,0.0005646632334268438,0.9875367653081132,0.0,0.0
82,Device,Softmax,sequential/dense_2/Softmax,2,17.408,8.704,17.408,8.704,0.0005646632334268438,0.98810142854154,0.0,0.0
83,Device,MatMul,gradient_tape/sequential/dense_2/MatMul/MatMul,2,14.336,7.168,14.336,7.168,0.0004650167804691655,0.9885664453220092,0.0,0.0
84,Device,ResourceApplyGradientDescent,SGD/SGD/update_6/ResourceApplyGradientDescent,2,12.288,6.144,12.288,6.144,0.0003985858118307133,0.9889650311338399,0.0,0.0
85,Device,BiasAddGrad,gradient_tape/sequential/dense_2/BiasAdd/BiasAddGrad,2,12.288,6.144,12.288,6.144,0.0003985858118307133,0.9893636169456707,0.0,0.0
86,Device,MaxPool,sequential/max_pooling2d_4/MaxPool,2,11.265,5.6325,11.265,5.6325,0.00036540276450789267,0.9897290197101786,0.0,0.0
87,Device,ResourceApplyGradientDescent,SGD/SGD/update_4/ResourceApplyGradientDescent,2,10.24,5.12,10.24,5.12,0.00033215484319226105,0.9900611745533708,0.0,0.0
88,Device,BiasAdd,sequential/dense/BiasAdd,2,10.24,5.12,10.24,5.12,0.00033215484319226105,0.9903933293965631,0.0,0.0
89,Device,Relu,sequential/dense/Relu,2,9.216,4.608,9.216,4.608,0.00029893935887303493,0.9906922687554361,0.0,0.0
90,Device,ArgMax,ArgMax_1,2,8.193,4.0965,8.193,4.0965,0.0002657563115502143,0.9909580250669864,0.0,0.0
91,Device,ResourceApplyGradientDescent,SGD/SGD/update_2/ResourceApplyGradientDescent,2,8.192,4.096,8.192,4.096,0.00026572387455380886,0.9912237489415402,0.0,0.0
92,Device,ResourceApplyGradientDescent,SGD/SGD/update_21/ResourceApplyGradientDescent,2,8.192,4.096,8.192,4.096,0.00026572387455380886,0.991489472816094,0.0,0.0
93,Device,ReluGrad,gradient_tape/sequential/conv2d_9/ReluGrad,2,8.192,4.096,8.192,4.096,0.00026572387455380886,0.9917551966906478,0.0,0.0
94,Device,BiasAdd,sequential/dense_1/BiasAdd,2,8.192,4.096,8.192,4.096,0.00026572387455380886,0.9920209205652016,0.0,0.0
95,Device,Relu,sequential/dense_1/Relu,2,8.192,4.096,8.192,4.096,0.00026572387455380886,0.9922866444397554,0.0,0.0
96,Device,ResourceApplyGradientDescent,SGD/SGD/update_17/ResourceApplyGradientDescent,2,7.169,3.5845,7.169,3.5845,0.00023254082723098824,0.9925191852669865,0.0,0.0
97,Device,ResourceApplyGradientDescent,SGD/SGD/update/ResourceApplyGradientDescent,2,7.168,3.584,7.168,3.584,0.00023250839023458274,0.992751693657221,0.0,0.0
98,Device,ResourceApplyGradientDescent,SGD/SGD/update_11/ResourceApplyGradientDescent,2,7.168,3.584,7.168,3.584,0.00023250839023458274,0.9929842020474556,0.0,0.0
99,Device,ResourceApplyGradientDescent,SGD/SGD/update_23/ResourceApplyGradientDescent,2,7.168,3.584,7.168,3.584,0.00023250839023458274,0.9932167104376902,0.0,0.0
100,Device,ResourceApplyGradientDescent,SGD/SGD/update_24/ResourceApplyGradientDescent,2,7.168,3.584,7.168,3.584,0.00023250839023458274,0.9934492188279248,0.0,0.0
101,Device,AssignAddVariableOp,AssignAddVariableOp,2,6.145,3.0725,6.145,3.0725,0.00019932534291176212,0.9936485441708366,0.0,0.0
102,Device,ResourceApplyGradientDescent,SGD/SGD/update_25/ResourceApplyGradientDescent,2,6.145,3.0725,6.145,3.0725,0.00019932534291176212,0.9938478695137484,0.0,0.0
103,Device,ArgMax,ArgMax,2,6.144,3.072,6.144,3.072,0.00019929290591535665,0.9940471624196637,0.0,0.0
104,Device,AssignAddVariableOp,AssignAddVariableOp_2,2,6.144,3.072,6.144,3.072,0.00019929290591535665,0.9942464553255791,0.0,0.0
105,Device,AssignAddVariableOp,AssignAddVariableOp_3,2,6.144,3.072,6.144,3.072,0.00019929290591535665,0.9944457482314945,0.0,0.0
106,Device,AssignAddVariableOp,AssignAddVariableOp_4,2,6.144,3.072,6.144,3.072,0.00019929290591535665,0.9946450411374098,0.0,0.0
107,Device,Cast,Cast,2,6.144,3.072,6.144,3.072,0.00019929290591535665,0.9948443340433252,0.0,0.0
108,Device,Equal,Equal,2,6.144,3.072,6.144,3.072,0.00019929290591535665,0.9950436269492405,0.0,0.0
109,Device,AssignAddVariableOp,SGD/SGD/AssignAddVariableOp,2,6.144,3.072,6.144,3.072,0.00019929290591535665,0.9952429198551559,0.0,0.0
110,Device,ResourceApplyGradientDescent,SGD/SGD/update_1/ResourceApplyGradientDescent,2,6.144,3.072,6.144,3.072,0.00019929290591535665,0.9954422127610713,0.0,0.0
111,Device,ResourceApplyGradientDescent,SGD/SGD/update_13/ResourceApplyGradientDescent,2,6.144,3.072,6.144,3.072,0.00019929290591535665,0.9956415056669866,0.0,0.0
112,Device,ResourceApplyGradientDescent,SGD/SGD/update_15/ResourceApplyGradientDescent,2,6.144,3.072,6.144,3.072,0.00019929290591535665,0.995840798572902,0.0,0.0
113,Device,ResourceApplyGradientDescent,SGD/SGD/update_19/ResourceApplyGradientDescent,2,6.144,3.072,6.144,3.072,0.00019929290591535665,0.9960400914788173,0.0,0.0
114,Device,ResourceApplyGradientDescent,SGD/SGD/update_3/ResourceApplyGradientDescent,2,6.144,3.072,6.144,3.072,0.00019929290591535665,0.9962393843847327,0.0,0.0
115,Device,ResourceApplyGradientDescent,SGD/SGD/update_5/ResourceApplyGradientDescent,2,6.144,3.072,6.144,3.072,0.00019929290591535665,0.9964386772906481,0.0,0.0
116,Device,ResourceApplyGradientDescent,SGD/SGD/update_7/ResourceApplyGradientDescent,2,6.144,3.072,6.144,3.072,0.00019929290591535665,0.9966379701965634,0.0,0.0
117,Device,ResourceApplyGradientDescent,SGD/SGD/update_9/ResourceApplyGradientDescent,2,6.144,3.072,6.144,3.072,0.00019929290591535665,0.9968372631024788,0.0,0.0
118,Device,Sum,Sum_2,2,6.144,3.072,6.144,3.072,0.00019929290591535665,0.9970365560083941,0.0,0.0
119,Device,Sum,categorical_crossentropy/weighted_loss/Sum,2,6.144,3.072,6.144,3.072,0.00019929290591535665,0.9972358489143095,0.0,0.0
120,Device,Cast,categorical_crossentropy/weighted_loss/num_elements/Cast,2,6.144,3.072,6.144,3.072,0.00019929290591535665,0.9974351418202249,0.0,0.0
121,Device,DivNoNan,categorical_crossentropy/weighted_loss/value,2,6.144,3.072,6.144,3.072,0.00019929290591535665,0.9976344347261402,0.0,0.0
122,Device,DivNoNan,div_no_nan_1,2,6.144,3.072,6.144,3.072,0.00019929290591535665,0.9978337276320556,0.0,0.0
123,Device,Mul,gradient_tape/categorical_crossentropy/softmax_cross_entropy_with_logits/mul,2,6.144,3.072,6.144,3.072,0.00019929290591535665,0.9980330205379709,0.0,0.0
124,Device,Tile,gradient_tape/categorical_crossentropy/weighted_loss/Tile_1,2,6.144,3.072,6.144,3.072,0.00019929290591535665,0.9982323134438863,0.0,0.0
125,Device,DivNoNan,gradient_tape/categorical_crossentropy/weighted_loss/value/div_no_nan,2,6.144,3.072,6.144,3.072,0.00019929290591535665,0.9984316063498017,0.0,0.0
126,Device,BiasAdd,sequential/dense_2/BiasAdd,2,6.144,3.072,6.144,3.072,0.00019929290591535665,0.998630899255717,0.0,0.0
127,Device,AssignAddVariableOp,AssignAddVariableOp_1,2,5.12,2.56,5.12,2.56,0.00016607742159613053,0.9987969766773132,0.0,0.0
128,Device,Cast,Cast_2,2,5.12,2.56,5.12,2.56,0.00016607742159613053,0.9989630540989093,0.0,0.0
129,Device,Mul,Mul,2,5.12,2.56,5.12,2.56,0.00016607742159613053,0.9991291315205054,0.0,0.0
130,Device,DivNoNan,div_no_nan,2,5.12,2.56,5.12,2.56,0.00016607742159613053,0.9992952089421016,0.0,0.0
131,Device,_Recv,strided_slice/_12,2,4.544,2.272,4.544,2.272,0.00014739371166656582,0.9994426026537682,0.0,0.0
132,Device,_Recv,categorical_crossentropy/weighted_loss/num_elements/_14,2,4.416,2.208,4.416,2.208,0.0001432417761266626,0.9995858444298948,0.0,0.0
133,Device,Cast,Cast_1,2,4.096,2.048,4.096,2.048,0.00013286193727690443,0.9997187063671717,0.0,0.0
134,Device,_Recv,Size/_16,2,3.552,1.776,3.552,1.776,0.00011521621123231556,0.9998339225784041,0.0,0.0
135,Device,_Send,IteratorGetNext/_3,2,3.072,1.536,3.072,1.536,9.964645295767832e-05,0.9999335690313618,0.0,0.0
136,Device,LogicalAnd,LogicalAnd,1,2.048,2.048,2.048,2.048,6.643096863845222e-05,1.0000000000000002,0.0,0.0
137,Host,IDLE,IDLE,0,97067.801,0.0,97067.801,0.0,0.0,0.0,0.980123766576869,0.980123766576869
138,Host,_Send,IteratorGetNext/_3,2,514.65,257.325,514.65,257.325,0.0,0.0,0.005196581062640798,0.9853203476395097
139,Host,_Send,IteratorGetNext/_1,2,484.418,242.209,484.418,242.209,0.0,0.0,0.004891319159044652,0.9902116667985543
140,Host,GatherV2,GatherV2,2,402.237,201.1185,402.237,201.1185,0.0,0.0,0.004061512050701345,0.9942731788492557
141,Host,Dataset,Iterator::Root::ParallelMapV2::Zip,2,203.224,101.612,68.171,34.0855,0.0,0.0,0.0006883437824177323,0.9949615226316735
142,Host,Dataset,Iterator::Root::ParallelMapV2,2,67.321,33.6605,67.321,33.6605,0.0,0.0,0.0006797610681395924,0.9956412836998131
143,Host,Dataset,Iterator::Root::ParallelMapV2::Zip[1]::ForeverRepeat,2,67.071,33.5355,61.531,30.7655,0.0,0.0,0.0006212976379390867,0.9962625813377521
144,Host,_Send,IteratorGetNext/_6,2,54.621,27.3105,54.621,27.3105,0.0,0.0,0.0005515252195132675,0.9968141065572654
145,Host,GatherV2,GatherV2_1,2,49.341,24.6705,49.341,24.6705,0.0,0.0,0.0004982114178796457,0.9973123179751451
146,Host,IteratorGetNext,IteratorGetNext,2,48.441,24.2205,48.441,24.2205,0.0,0.0,0.0004891238380557329,0.9978014418132009
147,Host,Dataset,Iterator::Root,2,105.591,52.7955,38.27,19.135,0.0,0.0,0.0003864240887346029,0.9981878659019354
148,Host,FlushSummaryWriter,FlushSummaryWriter,1,37.081,37.081,37.081,37.081,0.0,0.0,0.00037441838605612257,0.9985622842879915
149,Host,Dataset,Iterator::Root::ParallelMapV2::Zip[0]::FlatMap[1]::Concatenate,2,61.501,30.7505,36.21,18.105,0.0,0.0,0.00036562362824875806,0.9989279079162403
150,Host,LogicalAnd,LogicalAnd,1,30.671,30.671,30.671,30.671,0.0,0.0,0.0003096946230880325,0.9992376025393284
151,Host,Dataset,Iterator::Root::ParallelMapV2::Zip[0]::FlatMap[1]::Concatenate[0]::TensorSlice,2,25.291,12.6455,25.291,12.6455,0.0,0.0,0.00025537109036286493,0.9994929736296913
152,Host,WriteSummary,WriteSummary,1,20.231,20.231,20.231,20.231,0.0,0.0,0.00020427869713064416,0.9996972523268219
153,Host,_HostSend,categorical_crossentropy/softmax_cross_entropy_with_logits/Shape_2/_9,2,9.091,4.5455,9.091,4.5455,0.0,0.0,9.179465353243467e-05,0.9997890469803544
154,Host,Dataset,Iterator::Root::ParallelMapV2::Zip[0]::FlatMap,2,67.982,33.991,6.481,3.2405,0.0,0.0,6.544067204308757e-05,0.9998544876523975
155,Host,ReadVariableOp,ReadVariableOp,1,6.371,6.371,6.371,6.371,0.0,0.0,6.432996784238713e-05,0.9999188176202398
156,Host,Dataset,Iterator::Root::ParallelMapV2::Zip[1]::ForeverRepeat::FromTensor,4,5.54,1.385,5.54,1.385,0.0,0.0,5.593910247164097e-05,0.9999747567227114
157,Host,Identity,Identity,2,2.5,1.25,2.5,1.25,0.0,0.0,2.5243277288646646e-05,1.0
