Rank,Host/device,Type,Operation,#Occurrences,Total time (us),Avg. time (us),Total self-time (us),Avg. self-time (us),Total self-time on Device (%),Cumulative total-self time on Device (%),Total self-time on Host (%),Cumulative total-self time on Host (%)
1,Device,IDLE,IDLE,0,38335.786,0.0,38335.786,0.0,0.5849091647138944,0.5849091647138944,0.0,0.0
2,Device,Conv2DBackpropFilter,gradient_tape/model/conv2d_32/Conv2D/Conv2DBackpropFilter,2,562.179,281.0895,562.179,281.0895,0.008577459434630933,0.5934866241485254,0.0,0.0
3,Device,Conv2DBackpropFilter,gradient_tape/model/conv2d_30/Conv2D/Conv2DBackpropFilter,2,556.034,278.017,556.034,278.017,0.00848370195129234,0.6019703260998177,0.0,0.0
4,Device,Conv2DBackpropFilter,gradient_tape/model/conv2d_34/Conv2D/Conv2DBackpropFilter,2,556.034,278.017,556.034,278.017,0.00848370195129234,0.61045402805111,0.0,0.0
5,Device,Conv2DBackpropFilter,gradient_tape/model/conv2d_33/Conv2D/Conv2DBackpropFilter,2,555.01,277.505,555.01,277.505,0.008468078246989863,0.6189221062980999,0.0,0.0
6,Device,Conv2DBackpropFilter,gradient_tape/model/conv2d_35/Conv2D/Conv2DBackpropFilter,2,547.842,273.921,547.842,273.921,0.008358712316872526,0.6272808186149724,0.0,0.0
7,Device,Conv2DBackpropInput,gradient_tape/model/conv2d_35/Conv2D/Conv2DBackpropInput,4,421.89,105.4725,421.89,105.4725,0.006436996687667885,0.6337178153026403,0.0,0.0
8,Device,Conv2DBackpropInput,gradient_tape/model/conv2d_32/Conv2D/Conv2DBackpropInput,4,420.866,105.2165,420.866,105.2165,0.006421372983365408,0.6401391882860057,0.0,0.0
9,Device,Conv2DBackpropInput,gradient_tape/model/conv2d_30/Conv2D/Conv2DBackpropInput,4,419.842,104.9605,419.842,104.9605,0.006405749279062932,0.6465449375650686,0.0,0.0
10,Device,Conv2DBackpropInput,gradient_tape/model/conv2d_34/Conv2D/Conv2DBackpropInput,4,418.817,104.70425,418.817,104.70425,0.006390110317236722,0.6529350478823053,0.0,0.0
11,Device,Conv2DBackpropInput,gradient_tape/model/conv2d_33/Conv2D/Conv2DBackpropInput,4,417.794,104.4485,417.794,104.4485,0.0063745018704579786,0.6593095497527632,0.0,0.0
12,Device,Conv2D,model/conv2d_30/Conv2D,4,417.793,104.44825,417.793,104.44825,0.006374486612934245,0.6656840363656975,0.0,0.0
13,Device,Conv2D,model/conv2d_35/Conv2D,4,408.577,102.14425,408.577,102.14425,0.006233873274211955,0.6719179096399095,0.0,0.0
14,Device,Conv2D,model/conv2d_33/Conv2D,4,407.554,101.8885,407.554,101.8885,0.006218264827433211,0.6781361744673428,0.0,0.0
15,Device,Conv2D,model/conv2d_32/Conv2D,4,406.53,101.6325,406.53,101.6325,0.006202641123130734,0.6843388155904735,0.0,0.0
16,Device,Conv2D,model/conv2d_34/Conv2D,4,406.529,101.63225,406.529,101.63225,0.006202625865607002,0.6905414414560805,0.0,0.0
17,Device,Conv2DBackpropInput,gradient_tape/model/conv2d_29/Conv2D/Conv2DBackpropInput,2,304.129,152.0645,304.129,152.0645,0.004640255435359327,0.6951816968914398,0.0,0.0
18,Device,Conv2D,model/conv2d_29/Conv2D,4,233.474,58.3685,233.474,58.3685,0.003562235096012164,0.698743931987452,0.0,0.0
19,Device,Conv2DBackpropInput,gradient_tape/model/conv2d_19/Conv2D/Conv2DBackpropInput,4,185.345,46.33625,185.345,46.33625,0.002827905736272024,0.701571837723724,0.0,0.0
20,Device,Conv2DBackpropInput,gradient_tape/model/conv2d_23/Conv2D/Conv2DBackpropInput,4,185.345,46.33625,185.345,46.33625,0.002827905736272024,0.704399743459996,0.0,0.0
21,Device,Conv2DBackpropInput,gradient_tape/model/conv2d_24/Conv2D/Conv2DBackpropInput,4,184.32,46.08,184.32,46.08,0.0028122667744458142,0.7072120102344418,0.0,0.0
22,Device,Conv2DBackpropInput,gradient_tape/model/conv2d_22/Conv2D/Conv2DBackpropInput,4,183.297,45.82425,183.297,45.82425,0.0027966583276670706,0.7100086685621089,0.0,0.0
23,Device,Conv2DBackpropInput,gradient_tape/model/conv2d_25/Conv2D/Conv2DBackpropInput,4,182.273,45.56825,182.273,45.56825,0.002781034623364594,0.7127897031854734,0.0,0.0
24,Device,Conv2DBackpropInput,gradient_tape/model/conv2d_27/Conv2D/Conv2DBackpropInput,4,181.248,45.312,181.248,45.312,0.002765395661538384,0.7155550988470119,0.0,0.0
25,Device,Conv2DBackpropInput,gradient_tape/model/conv2d_28/Conv2D/Conv2DBackpropInput,4,181.248,45.312,181.248,45.312,0.002765395661538384,0.7183204945085503,0.0,0.0
26,Device,Conv2DBackpropInput,gradient_tape/model/conv2d_21/Conv2D/Conv2DBackpropInput,4,180.225,45.05625,180.225,45.05625,0.0027497872147596403,0.7210702817233099,0.0,0.0
27,Device,Conv2DBackpropInput,gradient_tape/model/conv2d_17/Conv2D/Conv2DBackpropInput,4,179.201,44.80025,179.201,44.80025,0.0027341635104571635,0.7238044452337671,0.0,0.0
28,Device,Conv2DBackpropInput,gradient_tape/model/conv2d_20/Conv2D/Conv2DBackpropInput,4,178.176,44.544,178.176,44.544,0.0027185245486309535,0.726522969782398,0.0,0.0
29,Device,Conv2D,model/conv2d_19/Conv2D,4,176.13,44.0325,176.13,44.0325,0.0026873076550734663,0.7292102774374715,0.0,0.0
30,Device,Conv2D,model/conv2d_21/Conv2D,4,176.129,44.03225,176.129,44.03225,0.002687292397549733,0.7318975698350212,0.0,0.0
31,Device,Conv2DBackpropInput,gradient_tape/model/conv2d_26/Conv2D/Conv2DBackpropInput,4,176.128,44.032,176.128,44.032,0.0026872771400260004,0.7345848469750472,0.0,0.0
32,Device,Conv2D,model/conv2d_20/Conv2D,4,176.128,44.032,176.128,44.032,0.0026872771400260004,0.7372721241150733,0.0,0.0
33,Device,Conv2D,model/conv2d_23/Conv2D,4,176.128,44.032,176.128,44.032,0.0026872771400260004,0.7399594012550993,0.0,0.0
34,Device,Conv2D,model/conv2d_27/Conv2D,4,175.106,43.7765,175.106,43.7765,0.0026716839507709895,0.7426310852058703,0.0,0.0
35,Device,Conv2D,model/conv2d_24/Conv2D,4,175.105,43.77625,175.105,43.77625,0.0026716686932472563,0.7453027538991176,0.0,0.0
36,Device,Conv2D,model/conv2d_22/Conv2D,4,174.081,43.52025,174.081,43.52025,0.0026560449889447796,0.7479587988880624,0.0,0.0
37,Device,Conv2D,model/conv2d_17/Conv2D,4,174.08,43.52,174.08,43.52,0.0026560297314210473,0.7506148286194835,0.0,0.0
38,Device,Conv2D,model/conv2d_26/Conv2D,4,174.08,43.52,174.08,43.52,0.0026560297314210473,0.7532708583509046,0.0,0.0
39,Device,Conv2D,model/conv2d_25/Conv2D,4,172.033,43.00825,172.033,43.00825,0.002624797580339826,0.7558956559312444,0.0,0.0
40,Device,Conv2D,model/conv2d_28/Conv2D,4,172.032,43.008,172.032,43.008,0.0026247823228160937,0.7585204382540605,0.0,0.0
41,Device,ResourceApplyGradientDescent,SGD/SGD/update_118/ResourceApplyGradientDescent,2,125.953,62.9765,125.953,62.9765,0.0019217308867283728,0.7604421691407889,0.0,0.0
42,Device,ResourceApplyGradientDescent,SGD/SGD/update_122/ResourceApplyGradientDescent,2,124.929,62.4645,124.929,62.4645,0.001906107182425896,0.7623482763232148,0.0,0.0
43,Device,ResourceApplyGradientDescent,SGD/SGD/update_126/ResourceApplyGradientDescent,2,123.905,61.9525,123.905,61.9525,0.0018904834781234192,0.7642387598013382,0.0,0.0
44,Device,AddN,SGD/gradients/AddN_47,2,123.905,61.9525,123.905,61.9525,0.0018904834781234192,0.7661292432794615,0.0,0.0
45,Device,ResourceApplyGradientDescent,SGD/SGD/update_130/ResourceApplyGradientDescent,2,123.904,61.952,123.904,61.952,0.0018904682205996863,0.7680197115000612,0.0,0.0
46,Device,ResourceApplyGradientDescent,SGD/SGD/update_134/ResourceApplyGradientDescent,2,122.881,61.4405,122.881,61.4405,0.0018748597738209424,0.7698945712738822,0.0,0.0
47,Device,Mul,gradient_tape/conv2d_35/kernel/Regularizer/Mul_1,2,122.88,61.44,122.88,61.44,0.0018748445162972095,0.7717694157901793,0.0,0.0
48,Device,_Recv,IteratorGetNext/_2,2,122.208,61.104,122.208,61.104,0.0018645914603487093,0.773634007250528,0.0,0.0
49,Device,Mul,gradient_tape/conv2d_32/kernel/Regularizer/Mul_1,2,121.857,60.9285,121.857,60.9285,0.0018592360695184656,0.7754932433200464,0.0,0.0
50,Device,Mul,gradient_tape/conv2d_33/kernel/Regularizer/Mul_1,2,121.856,60.928,121.856,60.928,0.0018592208119947327,0.7773524641320412,0.0,0.0
51,Device,Conv2DBackpropInput,gradient_tape/model/conv2d_16/Conv2D/Conv2DBackpropInput,2,120.832,60.416,120.832,60.416,0.001843597107692256,0.7791960612397334,0.0,0.0
52,Device,Mul,gradient_tape/conv2d_34/kernel/Regularizer/Mul_1,2,119.809,59.9045,119.809,59.9045,0.0018279886609135123,0.7810240499006469,0.0,0.0
53,Device,Mul,gradient_tape/conv2d_30/kernel/Regularizer/Mul_1,2,118.784,59.392,118.784,59.392,0.0018123496990873028,0.7828363995997342,0.0,0.0
54,Device,Conv2D,model/conv2d_16/Conv2D,4,117.76,29.44,117.76,29.44,0.001796725994784826,0.784633125594519,0.0,0.0
55,Device,AddN,SGD/gradients/AddN_48,2,110.592,55.296,110.592,55.296,0.0016873600646674885,0.7863204856591866,0.0,0.0
56,Device,AddN,SGD/gradients/AddN_49,2,110.592,55.296,110.592,55.296,0.0016873600646674885,0.7880078457238541,0.0,0.0
57,Device,AddN,SGD/gradients/AddN_50,2,110.592,55.296,110.592,55.296,0.0016873600646674885,0.7896952057885216,0.0,0.0
58,Device,Conv2DBackpropInput,gradient_tape/model/conv2d_7/Conv2D/Conv2DBackpropInput,2,110.592,55.296,110.592,55.296,0.0016873600646674885,0.7913825658531891,0.0,0.0
59,Device,AddN,SGD/gradients/AddN_51,2,109.569,54.7845,109.569,54.7845,0.001671751617888745,0.7930543174710779,0.0,0.0
60,Device,Conv2DBackpropFilter,gradient_tape/model/conv2d/Conv2D/Conv2DBackpropFilter,2,108.544,54.272,108.544,54.272,0.0016561126560625352,0.7947104301271405,0.0,0.0
61,Device,Conv2DBackpropFilter,gradient_tape/model/conv2d_29/Conv2D/Conv2DBackpropFilter,2,108.544,54.272,108.544,54.272,0.0016561126560625352,0.7963665427832031,0.0,0.0
62,Device,Conv2DBackpropInput,gradient_tape/model/conv2d_31/Conv2D/Conv2DBackpropInput,4,105.472,26.368,105.472,26.368,0.0016092415431551048,0.7979757843263582,0.0,0.0
63,Device,Conv2DBackpropFilter,gradient_tape/model/conv2d_28/Conv2D/Conv2DBackpropFilter,2,104.449,52.2245,104.449,52.2245,0.001593633096376361,0.7995694174227346,0.0,0.0
64,Device,Conv2DBackpropFilter,gradient_tape/model/conv2d_20/Conv2D/Conv2DBackpropFilter,2,102.401,51.2005,102.401,51.2005,0.0015623856877714074,0.801131803110506,0.0,0.0
65,Device,Conv2DBackpropFilter,gradient_tape/model/conv2d_26/Conv2D/Conv2DBackpropFilter,2,102.401,51.2005,102.401,51.2005,0.0015623856877714074,0.8026941887982775,0.0,0.0
66,Device,Conv2DBackpropFilter,gradient_tape/model/conv2d_17/Conv2D/Conv2DBackpropFilter,2,102.4,51.2,102.4,51.2,0.0015623704302476747,0.8042565592285251,0.0,0.0
67,Device,Conv2DBackpropFilter,gradient_tape/model/conv2d_19/Conv2D/Conv2DBackpropFilter,2,102.4,51.2,102.4,51.2,0.0015623704302476747,0.8058189296587728,0.0,0.0
68,Device,Conv2DBackpropFilter,gradient_tape/model/conv2d_25/Conv2D/Conv2DBackpropFilter,2,102.4,51.2,102.4,51.2,0.0015623704302476747,0.8073813000890204,0.0,0.0
69,Device,Conv2DBackpropFilter,gradient_tape/model/conv2d_21/Conv2D/Conv2DBackpropFilter,2,101.376,50.688,101.376,50.688,0.001546746725945198,0.8089280468149657,0.0,0.0
70,Device,Conv2DBackpropFilter,gradient_tape/model/conv2d_23/Conv2D/Conv2DBackpropFilter,2,101.376,50.688,101.376,50.688,0.001546746725945198,0.8104747935409109,0.0,0.0
71,Device,Conv2DBackpropFilter,gradient_tape/model/conv2d_24/Conv2D/Conv2DBackpropFilter,2,101.376,50.688,101.376,50.688,0.001546746725945198,0.8120215402668561,0.0,0.0
72,Device,Conv2DBackpropFilter,gradient_tape/model/conv2d_22/Conv2D/Conv2DBackpropFilter,2,100.353,50.1765,100.353,50.1765,0.001531138279166454,0.8135526785460225,0.0,0.0
73,Device,Conv2DBackpropFilter,gradient_tape/model/conv2d_2/Conv2D/Conv2DBackpropFilter,4,100.352,25.088,100.352,25.088,0.0015311230216427212,0.8150838015676652,0.0,0.0
74,Device,Conv2DBackpropFilter,gradient_tape/model/conv2d_27/Conv2D/Conv2DBackpropFilter,2,100.352,50.176,100.352,50.176,0.0015311230216427212,0.816614924589308,0.0,0.0
75,Device,Conv2DBackpropFilter,gradient_tape/model/conv2d_3/Conv2D/Conv2DBackpropFilter,4,100.352,25.088,100.352,25.088,0.0015311230216427212,0.8181460476109507,0.0,0.0
76,Device,Conv2DBackpropFilter,gradient_tape/model/conv2d_5/Conv2D/Conv2DBackpropFilter,4,100.352,25.088,100.352,25.088,0.0015311230216427212,0.8196771706325934,0.0,0.0
77,Device,Conv2DBackpropFilter,gradient_tape/model/conv2d_1/Conv2D/Conv2DBackpropFilter,4,99.328,24.832,99.328,24.832,0.0015154993173402444,0.8211926699499337,0.0,0.0
78,Device,Conv2DBackpropFilter,gradient_tape/model/conv2d_4/Conv2D/Conv2DBackpropFilter,4,99.328,24.832,99.328,24.832,0.0015154993173402444,0.822708169267274,0.0,0.0
79,Device,Conv2D,model/conv2d_13/Conv2D,4,98.305,24.57625,98.305,24.57625,0.0014998908705615007,0.8242080601378354,0.0,0.0
80,Device,Conv2DBackpropFilter,gradient_tape/model/conv2d_6/Conv2D/Conv2DBackpropFilter,4,98.304,24.576,98.304,24.576,0.0014998756130377678,0.8257079357508732,0.0,0.0
81,Device,Conv2DBackpropInput,gradient_tape/model/conv2d_14/Conv2D/Conv2DBackpropInput,2,97.282,48.641,97.282,48.641,0.0014842824237827567,0.8271922181746559,0.0,0.0
82,Device,Conv2DBackpropInput,gradient_tape/model/conv2d_8/Conv2D/Conv2DBackpropInput,2,97.281,48.6405,97.281,48.6405,0.001484267166259024,0.828676485340915,0.0,0.0
83,Device,Conv2DBackpropInput,gradient_tape/model/conv2d_15/Conv2D/Conv2DBackpropInput,2,97.28,48.64,97.28,48.64,0.001484251908735291,0.8301607372496502,0.0,0.0
84,Device,Conv2D,model/conv2d/Conv2D,2,97.28,48.64,97.28,48.64,0.001484251908735291,0.8316449891583855,0.0,0.0
85,Device,Conv2D,model/conv2d_15/Conv2D,4,97.28,24.32,97.28,24.32,0.001484251908735291,0.8331292410671207,0.0,0.0
86,Device,Conv2D,model/conv2d_8/Conv2D,4,96.258,24.0645,96.258,24.0645,0.00146865871948028,0.834597899786601,0.0,0.0
87,Device,Conv2DBackpropInput,gradient_tape/model/conv2d_10/Conv2D/Conv2DBackpropInput,2,96.257,48.1285,96.257,48.1285,0.0014686434619565472,0.8360665432485576,0.0,0.0
88,Device,SoftmaxCrossEntropyWithLogits,categorical_crossentropy/softmax_cross_entropy_with_logits,2,96.256,48.128,96.256,48.128,0.0014686282044328142,0.8375351714529904,0.0,0.0
89,Device,Conv2DBackpropInput,gradient_tape/model/conv2d_12/Conv2D/Conv2DBackpropInput,2,96.256,48.128,96.256,48.128,0.0014686282044328142,0.8390037996574232,0.0,0.0
90,Device,Conv2DBackpropInput,gradient_tape/model/conv2d_13/Conv2D/Conv2DBackpropInput,2,96.256,48.128,96.256,48.128,0.0014686282044328142,0.840472427861856,0.0,0.0
91,Device,Conv2DBackpropInput,gradient_tape/model/conv2d_11/Conv2D/Conv2DBackpropInput,2,95.233,47.6165,95.233,47.6165,0.0014530197576540704,0.8419254476195102,0.0,0.0
92,Device,Conv2D,model/conv2d_10/Conv2D,4,95.232,23.808,95.232,23.808,0.0014530045001303375,0.8433784521196405,0.0,0.0
93,Device,Conv2D,model/conv2d_12/Conv2D,4,95.232,23.808,95.232,23.808,0.0014530045001303375,0.8448314566197708,0.0,0.0
94,Device,Conv2D,model/conv2d_14/Conv2D,4,95.232,23.808,95.232,23.808,0.0014530045001303375,0.8462844611199011,0.0,0.0
95,Device,Conv2D,model/conv2d_11/Conv2D,4,93.185,23.29625,93.185,23.29625,0.0014217723490491168,0.8477062334689502,0.0,0.0
96,Device,Conv2DBackpropFilter,gradient_tape/model/conv2d_7/Conv2D/Conv2DBackpropFilter,4,91.136,22.784,91.136,22.784,0.0013905096829204303,0.8490967431518707,0.0,0.0
97,Device,Conv2DBackpropFilter,gradient_tape/model/conv2d_11/Conv2D/Conv2DBackpropFilter,2,90.112,45.056,90.112,45.056,0.0013748859786179536,0.8504716291304886,0.0,0.0
98,Device,Conv2DBackpropFilter,gradient_tape/model/conv2d_12/Conv2D/Conv2DBackpropFilter,2,89.088,44.544,89.088,44.544,0.0013592622743154768,0.8518308914048041,0.0,0.0
99,Device,Conv2DBackpropFilter,gradient_tape/model/conv2d_13/Conv2D/Conv2DBackpropFilter,2,89.088,44.544,89.088,44.544,0.0013592622743154768,0.8531901536791195,0.0,0.0
100,Device,Conv2DBackpropFilter,gradient_tape/model/conv2d_15/Conv2D/Conv2DBackpropFilter,2,89.088,44.544,89.088,44.544,0.0013592622743154768,0.854549415953435,0.0,0.0
101,Device,Conv2DBackpropFilter,gradient_tape/model/conv2d_10/Conv2D/Conv2DBackpropFilter,2,88.064,44.032,88.064,44.032,0.0013436385700130002,0.855893054523448,0.0,0.0
102,Device,Conv2DBackpropFilter,gradient_tape/model/conv2d_14/Conv2D/Conv2DBackpropFilter,2,88.064,44.032,88.064,44.032,0.0013436385700130002,0.857236693093461,0.0,0.0
103,Device,Conv2DBackpropFilter,gradient_tape/model/conv2d_16/Conv2D/Conv2DBackpropFilter,4,88.064,22.016,88.064,22.016,0.0013436385700130002,0.8585803316634739,0.0,0.0
104,Device,Conv2DBackpropFilter,gradient_tape/model/conv2d_8/Conv2D/Conv2DBackpropFilter,2,87.04,43.52,87.04,43.52,0.0013280148657105236,0.8599083465291845,0.0,0.0
105,Device,Conv2D,model/conv2d_7/Conv2D,4,87.04,21.76,87.04,21.76,0.0013280148657105236,0.861236361394895,0.0,0.0
106,Device,FusedBatchNormGradV3,gradient_tape/model/batch_normalization/FusedBatchNormGradV3,2,86.016,43.008,86.016,43.008,0.0013123911614080469,0.862548752556303,0.0,0.0
107,Device,Square,conv2d_35/kernel/Regularizer/Square,2,83.969,41.9845,83.969,41.9845,0.001281159010326826,0.8638299115666298,0.0,0.0
108,Device,Square,conv2d_30/kernel/Regularizer/Square,2,83.968,41.984,83.968,41.984,0.0012811437528030933,0.8651110553194329,0.0,0.0
109,Device,Mul,gradient_tape/conv2d_30/kernel/Regularizer/Mul,2,82.945,41.4725,82.945,41.4725,0.0012655353060243492,0.8663765906254572,0.0,0.0
110,Device,Square,conv2d_32/kernel/Regularizer/Square,2,81.921,40.9605,81.921,40.9605,0.0012499116017218727,0.8676265022271791,0.0,0.0
111,Device,Square,conv2d_33/kernel/Regularizer/Square,2,81.921,40.9605,81.921,40.9605,0.0012499116017218727,0.8688764138289009,0.0,0.0
112,Device,Square,conv2d_34/kernel/Regularizer/Square,2,80.896,40.448,80.896,40.448,0.001234272639895663,0.8701106864687965,0.0,0.0
113,Device,Conv2DBackpropInput,gradient_tape/model/conv2d_6/Conv2D/Conv2DBackpropInput,2,75.776,37.888,75.776,37.888,0.0011561541183832793,0.8712668405871798,0.0,0.0
114,Device,Conv2D,model/conv2d_1/Conv2D,2,75.776,37.888,75.776,37.888,0.0011561541183832793,0.8724229947055632,0.0,0.0
115,Device,Conv2DBackpropInput,gradient_tape/model/conv2d_2/Conv2D/Conv2DBackpropInput,2,74.752,37.376,74.752,37.376,0.0011405304140808025,0.873563525119644,0.0,0.0
116,Device,Conv2DBackpropInput,gradient_tape/model/conv2d_4/Conv2D/Conv2DBackpropInput,2,74.752,37.376,74.752,37.376,0.0011405304140808025,0.8747040555337248,0.0,0.0
117,Device,Conv2DBackpropInput,gradient_tape/model/conv2d_5/Conv2D/Conv2DBackpropInput,2,74.752,37.376,74.752,37.376,0.0011405304140808025,0.8758445859478056,0.0,0.0
118,Device,Conv2D,model/conv2d_2/Conv2D,2,74.752,37.376,74.752,37.376,0.0011405304140808025,0.8769851163618864,0.0,0.0
119,Device,Conv2D,model/conv2d_3/Conv2D,2,74.752,37.376,74.752,37.376,0.0011405304140808025,0.8781256467759672,0.0,0.0
120,Device,Conv2D,model/conv2d_4/Conv2D,2,73.729,36.8645,73.729,36.8645,0.0011249219673020586,0.8792505687432692,0.0,0.0
121,Device,Tile,gradient_tape/conv2d_30/kernel/Regularizer/Tile,2,73.728,36.864,73.728,36.864,0.0011249067097783257,0.8803754754530475,0.0,0.0
122,Device,Conv2DBackpropInput,gradient_tape/model/conv2d_1/Conv2D/Conv2DBackpropInput,2,73.728,36.864,73.728,36.864,0.0011249067097783257,0.8815003821628258,0.0,0.0
123,Device,Conv2DBackpropInput,gradient_tape/model/conv2d_3/Conv2D/Conv2DBackpropInput,2,73.728,36.864,73.728,36.864,0.0011249067097783257,0.882625288872604,0.0,0.0
124,Device,Conv2D,model/conv2d_5/Conv2D,2,73.728,36.864,73.728,36.864,0.0011249067097783257,0.8837501955823823,0.0,0.0
125,Device,Conv2D,model/conv2d_6/Conv2D,2,72.704,36.352,72.704,36.352,0.001109283005475849,0.8848594785878582,0.0,0.0
126,Device,Mul,gradient_tape/conv2d_29/kernel/Regularizer/Mul_1,2,63.489,31.7445,63.489,31.7445,0.0009686849242772911,0.8858281635121354,0.0,0.0
127,Device,Conv2D,model/conv2d_31/Conv2D,4,63.488,15.872,63.488,15.872,0.0009686696667535583,0.886796833178889,0.0,0.0
128,Device,ResourceApplyGradientDescent,SGD/SGD/update_112/ResourceApplyGradientDescent,2,61.441,30.7205,61.441,30.7205,0.0009374375156723377,0.8877342706945613,0.0,0.0
129,Device,AddN,SGD/gradients/AddN_45,2,59.392,29.696,59.392,29.696,0.0009061748495436514,0.888640445544105,0.0,0.0
130,Device,Conv2DBackpropInput,gradient_tape/model/conv2d_18/Conv2D/Conv2DBackpropInput,4,58.369,14.59225,58.369,14.59225,0.0008905664027649074,0.8895310119468699,0.0,0.0
131,Device,Conv2DBackpropFilter,gradient_tape/model/conv2d_18/Conv2D/Conv2DBackpropFilter,2,56.32,28.16,56.32,28.16,0.000859303736636221,0.8903903156835061,0.0,0.0
132,Device,Sum,conv2d_33/kernel/Regularizer/Sum,2,55.296,27.648,55.296,27.648,0.0008436800323337443,0.8912339957158398,0.0,0.0
133,Device,Sum,conv2d_34/kernel/Regularizer/Sum,2,50.176,25.088,50.176,25.088,0.0007655615108213606,0.8919995572266612,0.0,0.0
134,Device,Sum,conv2d_30/kernel/Regularizer/Sum,2,49.153,24.5765,49.153,24.5765,0.0007499530640426167,0.8927495102907038,0.0,0.0
135,Device,Sum,conv2d_32/kernel/Regularizer/Sum,2,49.152,24.576,49.152,24.576,0.0007499378065188839,0.8934994480972227,0.0,0.0
136,Device,FusedBatchNormV3,model/batch_normalization/FusedBatchNormV3,4,49.152,12.288,49.152,12.288,0.0007499378065188839,0.8942493859037416,0.0,0.0
137,Device,Sum,conv2d_35/kernel/Regularizer/Sum,2,48.128,24.064,48.128,24.064,0.0007343141022164071,0.894983700005958,0.0,0.0
138,Device,MaxPoolGrad,gradient_tape/model/max_pooling2d/MaxPool/MaxPoolGrad,2,46.08,23.04,46.08,23.04,0.0007030666936114536,0.8956867666995694,0.0,0.0
139,Device,Mul,gradient_tape/conv2d_29/kernel/Regularizer/Mul,2,44.032,22.016,44.032,22.016,0.0006718192850065001,0.8963585859845759,0.0,0.0
140,Device,Conv2DBackpropInput,gradient_tape/model/conv2d_9/Conv2D/Conv2DBackpropInput,2,44.032,22.016,44.032,22.016,0.0006718192850065001,0.8970304052695823,0.0,0.0
141,Device,Square,conv2d_29/kernel/Regularizer/Square,2,41.984,20.992,41.984,20.992,0.0006405718764015466,0.8976709771459839,0.0,0.0
142,Device,Tile,gradient_tape/conv2d_29/kernel/Regularizer/Tile,2,40.961,20.4805,40.961,20.4805,0.0006249634296228027,0.8982959405756067,0.0,0.0
143,Device,ReluGrad,gradient_tape/model/activation/ReluGrad,2,40.96,20.48,40.96,20.48,0.0006249481720990699,0.8989208887477057,0.0,0.0
144,Device,Conv2DBackpropFilter,gradient_tape/model/conv2d_9/Conv2D/Conv2DBackpropFilter,2,40.96,20.48,40.96,20.48,0.0006249481720990699,0.8995458369198047,0.0,0.0
145,Device,Relu,model/activation/Relu,2,35.84,17.92,35.84,17.92,0.0005468296505866862,0.9000926665703914,0.0,0.0
146,Device,AddN,SGD/gradients/AddN_35,2,34.816,17.408,34.816,17.408,0.0005312059462842094,0.9006238725166756,0.0,0.0
147,Device,AddN,SGD/gradients/AddN_37,2,34.816,17.408,34.816,17.408,0.0005312059462842094,0.9011550784629598,0.0,0.0
148,Device,AddN,SGD/gradients/AddN_34,2,33.792,16.896,33.792,16.896,0.0005155822419817327,0.9016706607049416,0.0,0.0
149,Device,AddN,SGD/gradients/AddN_36,2,33.792,16.896,33.792,16.896,0.0005155822419817327,0.9021862429469234,0.0,0.0
150,Device,AddN,SGD/gradients/AddN_42,2,33.792,16.896,33.792,16.896,0.0005155822419817327,0.9027018251889052,0.0,0.0
151,Device,AddN,SGD/gradients/AddN_43,2,33.792,16.896,33.792,16.896,0.0005155822419817327,0.903217407430887,0.0,0.0
152,Device,AddN,SGD/gradients/AddN_44,2,33.792,16.896,33.792,16.896,0.0005155822419817327,0.9037329896728687,0.0,0.0
153,Device,Mul,gradient_tape/conv2d_17/kernel/Regularizer/Mul_1,2,33.792,16.896,33.792,16.896,0.0005155822419817327,0.9042485719148505,0.0,0.0
154,Device,AddN,SGD/gradients/AddN_38,2,32.768,16.384,32.768,16.384,0.0004999585376792559,0.9047485304525298,0.0,0.0
155,Device,AddN,SGD/gradients/AddN_39,2,32.768,16.384,32.768,16.384,0.0004999585376792559,0.905248488990209,0.0,0.0
156,Device,Mul,gradient_tape/conv2d_19/kernel/Regularizer/Mul_1,2,31.744,15.872,31.744,15.872,0.00048433483337677915,0.9057328238235858,0.0,0.0
157,Device,Mul,gradient_tape/conv2d_21/kernel/Regularizer/Mul_1,2,31.744,15.872,31.744,15.872,0.00048433483337677915,0.9062171586569625,0.0,0.0
158,Device,Mul,gradient_tape/conv2d_22/kernel/Regularizer/Mul_1,2,31.744,15.872,31.744,15.872,0.00048433483337677915,0.9067014934903392,0.0,0.0
159,Device,Mul,gradient_tape/conv2d_25/kernel/Regularizer/Mul_1,2,31.744,15.872,31.744,15.872,0.00048433483337677915,0.907185828323716,0.0,0.0
160,Device,Mul,gradient_tape/conv2d_27/kernel/Regularizer/Mul_1,2,31.744,15.872,31.744,15.872,0.00048433483337677915,0.9076701631570927,0.0,0.0
161,Device,Mul,gradient_tape/conv2d_20/kernel/Regularizer/Mul_1,2,30.721,15.3605,30.721,15.3605,0.0004687263865980353,0.9081388895436907,0.0,0.0
162,Device,Conv2DBackpropFilter,gradient_tape/model/conv2d_31/Conv2D/Conv2DBackpropFilter,2,30.721,15.3605,30.721,15.3605,0.0004687263865980353,0.9086076159302887,0.0,0.0
163,Device,AddN,ArithmeticOptimizer/AddOpsRewrite_AddN_1,8,30.72,3.84,30.72,3.84,0.00046871112907430237,0.909076327059363,0.0,0.0
164,Device,Sum,conv2d_29/kernel/Regularizer/Sum,2,30.72,15.36,30.72,15.36,0.00046871112907430237,0.9095450381884373,0.0,0.0
165,Device,Mul,gradient_tape/conv2d_24/kernel/Regularizer/Mul_1,2,30.72,15.36,30.72,15.36,0.00046871112907430237,0.9100137493175117,0.0,0.0
166,Device,Mul,gradient_tape/conv2d_26/kernel/Regularizer/Mul_1,2,30.72,15.36,30.72,15.36,0.00046871112907430237,0.910482460446586,0.0,0.0
167,Device,Mul,gradient_tape/conv2d_28/kernel/Regularizer/Mul_1,2,30.72,15.36,30.72,15.36,0.00046871112907430237,0.9109511715756603,0.0,0.0
168,Device,Conv2D,model/conv2d_18/Conv2D,2,30.72,15.36,30.72,15.36,0.00046871112907430237,0.9114198827047346,0.0,0.0
169,Device,Mul,gradient_tape/conv2d_23/kernel/Regularizer/Mul_1,2,29.696,14.848,29.696,14.848,0.0004530874247718257,0.9118729701295064,0.0,0.0
170,Device,AddN,SGD/gradients/AddN_40,2,28.672,14.336,28.672,14.336,0.0004374637204693489,0.9123104338499758,0.0,0.0
171,Device,AddN,SGD/gradients/AddN_41,2,27.649,13.8245,27.649,13.8245,0.00042185527369060507,0.9127322891236664,0.0,0.0
172,Device,BiasAdd,model/conv2d/BiasAdd,2,27.648,13.824,27.648,13.824,0.00042184001616687213,0.9131541291398333,0.0,0.0
173,Device,Sum,conv2d_19/kernel/Regularizer/Sum,2,24.576,12.288,24.576,12.288,0.00037496890325944195,0.9135290980430927,0.0,0.0
174,Device,Mul,gradient_tape/conv2d_17/kernel/Regularizer/Mul,2,24.576,12.288,24.576,12.288,0.00037496890325944195,0.9139040669463521,0.0,0.0
175,Device,BiasAddGrad,gradient_tape/model/conv2d_32/BiasAdd/BiasAddGrad,2,24.576,12.288,24.576,12.288,0.00037496890325944195,0.9142790358496115,0.0,0.0
176,Device,BiasAddGrad,gradient_tape/model/conv2d_35/BiasAdd/BiasAddGrad,2,24.576,12.288,24.576,12.288,0.00037496890325944195,0.9146540047528708,0.0,0.0
177,Device,FusedBatchNormV3,model/batch_normalization_31/FusedBatchNormV3,4,24.576,6.144,24.576,6.144,0.00037496890325944195,0.9150289736561302,0.0,0.0
178,Device,FusedBatchNormV3,model/batch_normalization_32/FusedBatchNormV3,4,24.576,6.144,24.576,6.144,0.00037496890325944195,0.9154039425593896,0.0,0.0
179,Device,Square,conv2d_21/kernel/Regularizer/Square,2,23.553,11.7765,23.553,11.7765,0.00035936045648069805,0.9157633030158703,0.0,0.0
180,Device,FusedBatchNormV3,model/batch_normalization_28/FusedBatchNormV3,4,23.553,5.88825,23.553,5.88825,0.00035936045648069805,0.9161226634723509,0.0,0.0
181,Device,Sum,conv2d_21/kernel/Regularizer/Sum,2,23.552,11.776,23.552,11.776,0.00035934519895696517,0.9164820086713079,0.0,0.0
182,Device,Square,conv2d_27/kernel/Regularizer/Square,2,23.552,11.776,23.552,11.776,0.00035934519895696517,0.9168413538702649,0.0,0.0
183,Device,BiasAddGrad,gradient_tape/model/conv2d_29/BiasAdd/BiasAddGrad,2,23.552,11.776,23.552,11.776,0.00035934519895696517,0.9172006990692219,0.0,0.0
184,Device,FusedBatchNormV3,model/batch_normalization_27/FusedBatchNormV3,4,23.552,5.888,23.552,5.888,0.00035934519895696517,0.9175600442681788,0.0,0.0
185,Device,FusedBatchNormV3,model/batch_normalization_29/FusedBatchNormV3,4,23.552,5.888,23.552,5.888,0.00035934519895696517,0.9179193894671358,0.0,0.0
186,Device,FusedBatchNormV3,model/batch_normalization_30/FusedBatchNormV3,4,23.552,5.888,23.552,5.888,0.00035934519895696517,0.9182787346660928,0.0,0.0
187,Device,Conv2D,model/conv2d_9/Conv2D,2,23.552,11.776,23.552,11.776,0.00035934519895696517,0.9186380798650498,0.0,0.0
188,Device,ResourceApplyGradientDescent,SGD/SGD/update_72/ResourceApplyGradientDescent,2,22.529,11.2645,22.529,11.2645,0.0003437367521782213,0.918981816617228,0.0,0.0
189,Device,ResourceApplyGradientDescent,SGD/SGD/update_80/ResourceApplyGradientDescent,2,22.529,11.2645,22.529,11.2645,0.0003437367521782213,0.9193255533694062,0.0,0.0
190,Device,ResourceApplyGradientDescent,SGD/SGD/update_84/ResourceApplyGradientDescent,2,22.529,11.2645,22.529,11.2645,0.0003437367521782213,0.9196692901215845,0.0,0.0
191,Device,Sum,conv2d_23/kernel/Regularizer/Sum,2,22.529,11.2645,22.529,11.2645,0.0003437367521782213,0.9200130268737627,0.0,0.0
192,Device,Sum,conv2d_25/kernel/Regularizer/Sum,2,22.529,11.2645,22.529,11.2645,0.0003437367521782213,0.920356763625941,0.0,0.0
193,Device,Square,conv2d_24/kernel/Regularizer/Square,2,22.528,11.264,22.528,11.264,0.0003437214946544884,0.9207004851205954,0.0,0.0
194,Device,Sum,conv2d_24/kernel/Regularizer/Sum,2,22.528,11.264,22.528,11.264,0.0003437214946544884,0.9210442066152499,0.0,0.0
195,Device,Square,conv2d_26/kernel/Regularizer/Square,2,22.528,11.264,22.528,11.264,0.0003437214946544884,0.9213879281099043,0.0,0.0
196,Device,Mul,gradient_tape/conv2d_16/kernel/Regularizer/Mul_1,2,22.528,11.264,22.528,11.264,0.0003437214946544884,0.9217316496045588,0.0,0.0
197,Device,BiasAddGrad,gradient_tape/model/conv2d_33/BiasAdd/BiasAddGrad,2,22.528,11.264,22.528,11.264,0.0003437214946544884,0.9220753710992132,0.0,0.0
198,Device,BiasAddGrad,gradient_tape/model/conv2d_34/BiasAdd/BiasAddGrad,2,22.528,11.264,22.528,11.264,0.0003437214946544884,0.9224190925938677,0.0,0.0
199,Device,ResourceApplyGradientDescent,SGD/SGD/update_108/ResourceApplyGradientDescent,2,21.505,10.7525,21.505,10.7525,0.00032811304787574454,0.9227472056417434,0.0,0.0
200,Device,ResourceApplyGradientDescent,SGD/SGD/update_96/ResourceApplyGradientDescent,2,21.505,10.7525,21.505,10.7525,0.00032811304787574454,0.9230753186896191,0.0,0.0
201,Device,FusedBatchNormGradV3,gradient_tape/model/batch_normalization_30/FusedBatchNormGradV3,2,21.505,10.7525,21.505,10.7525,0.00032811304787574454,0.9234034317374948,0.0,0.0
202,Device,ResourceApplyGradientDescent,SGD/SGD/update_100/ResourceApplyGradientDescent,2,21.504,10.752,21.504,10.752,0.0003280977903520117,0.9237315295278469,0.0,0.0
203,Device,ResourceApplyGradientDescent,SGD/SGD/update_68/ResourceApplyGradientDescent,2,21.504,10.752,21.504,10.752,0.0003280977903520117,0.9240596273181989,0.0,0.0
204,Device,ResourceApplyGradientDescent,SGD/SGD/update_88/ResourceApplyGradientDescent,2,21.504,10.752,21.504,10.752,0.0003280977903520117,0.9243877251085509,0.0,0.0
205,Device,ResourceApplyGradientDescent,SGD/SGD/update_92/ResourceApplyGradientDescent,2,21.504,10.752,21.504,10.752,0.0003280977903520117,0.924715822898903,0.0,0.0
206,Device,Square,conv2d_17/kernel/Regularizer/Square,2,21.504,10.752,21.504,10.752,0.0003280977903520117,0.925043920689255,0.0,0.0
207,Device,Sum,conv2d_17/kernel/Regularizer/Sum,2,21.504,10.752,21.504,10.752,0.0003280977903520117,0.925372018479607,0.0,0.0
208,Device,Square,conv2d_19/kernel/Regularizer/Square,2,21.504,10.752,21.504,10.752,0.0003280977903520117,0.9257001162699591,0.0,0.0
209,Device,Sum,conv2d_20/kernel/Regularizer/Sum,2,21.504,10.752,21.504,10.752,0.0003280977903520117,0.9260282140603111,0.0,0.0
210,Device,Square,conv2d_22/kernel/Regularizer/Square,2,21.504,10.752,21.504,10.752,0.0003280977903520117,0.9263563118506631,0.0,0.0
211,Device,Square,conv2d_25/kernel/Regularizer/Square,2,21.504,10.752,21.504,10.752,0.0003280977903520117,0.9266844096410152,0.0,0.0
212,Device,Square,conv2d_28/kernel/Regularizer/Square,2,21.504,10.752,21.504,10.752,0.0003280977903520117,0.9270125074313672,0.0,0.0
213,Device,FusedBatchNormGradV3,gradient_tape/model/batch_normalization_27/FusedBatchNormGradV3,2,21.504,10.752,21.504,10.752,0.0003280977903520117,0.9273406052217192,0.0,0.0
214,Device,FusedBatchNormGradV3,gradient_tape/model/batch_normalization_28/FusedBatchNormGradV3,2,21.504,10.752,21.504,10.752,0.0003280977903520117,0.9276687030120713,0.0,0.0
215,Device,FusedBatchNormGradV3,gradient_tape/model/batch_normalization_29/FusedBatchNormGradV3,2,21.504,10.752,21.504,10.752,0.0003280977903520117,0.9279968008024233,0.0,0.0
216,Device,Square,conv2d_23/kernel/Regularizer/Square,2,20.481,10.2405,20.481,10.2405,0.00031248934357326787,0.9283092901459966,0.0,0.0
217,Device,ResourceApplyGradientDescent,SGD/SGD/update_104/ResourceApplyGradientDescent,2,20.48,10.24,20.48,10.24,0.00031247408604953493,0.9286217642320461,0.0,0.0
218,Device,ResourceApplyGradientDescent,SGD/SGD/update_76/ResourceApplyGradientDescent,2,20.48,10.24,20.48,10.24,0.00031247408604953493,0.9289342383180956,0.0,0.0
219,Device,Square,conv2d_20/kernel/Regularizer/Square,2,20.48,10.24,20.48,10.24,0.00031247408604953493,0.9292467124041451,0.0,0.0
220,Device,Sum,conv2d_22/kernel/Regularizer/Sum,2,20.48,10.24,20.48,10.24,0.00031247408604953493,0.9295591864901946,0.0,0.0
221,Device,Sum,conv2d_27/kernel/Regularizer/Sum,2,20.48,10.24,20.48,10.24,0.00031247408604953493,0.9298716605762442,0.0,0.0
222,Device,Sum,conv2d_28/kernel/Regularizer/Sum,2,20.48,10.24,20.48,10.24,0.00031247408604953493,0.9301841346622937,0.0,0.0
223,Device,Tile,gradient_tape/conv2d_17/kernel/Regularizer/Tile,2,20.48,10.24,20.48,10.24,0.00031247408604953493,0.9304966087483432,0.0,0.0
224,Device,FusedBatchNormGradV3,gradient_tape/model/batch_normalization_31/FusedBatchNormGradV3,2,20.48,10.24,20.48,10.24,0.00031247408604953493,0.9308090828343927,0.0,0.0
225,Device,FusedBatchNormGradV3,gradient_tape/model/batch_normalization_32/FusedBatchNormGradV3,2,20.48,10.24,20.48,10.24,0.00031247408604953493,0.9311215569204422,0.0,0.0
226,Device,MatMul,model/dense/MatMul,2,20.48,10.24,20.48,10.24,0.00031247408604953493,0.9314340310064917,0.0,0.0
227,Device,Sum,conv2d_26/kernel/Regularizer/Sum,2,19.456,9.728,19.456,9.728,0.0002968503817470582,0.9317308813882388,0.0,0.0
228,Device,BiasAddGrad,gradient_tape/model/conv2d/BiasAdd/BiasAddGrad,2,19.456,9.728,19.456,9.728,0.0002968503817470582,0.9320277317699859,0.0,0.0
229,Device,FusedBatchNormV3,model/batch_normalization_17/FusedBatchNormV3,4,19.456,4.864,19.456,4.864,0.0002968503817470582,0.932324582151733,0.0,0.0
230,Device,FusedBatchNormV3,model/batch_normalization_20/FusedBatchNormV3,4,19.456,4.864,19.456,4.864,0.0002968503817470582,0.9326214325334801,0.0,0.0
231,Device,AddN,SGD/gradients/AddN_32,2,18.432,9.216,18.432,9.216,0.0002812266774445814,0.9329026592109246,0.0,0.0
232,Device,FusedBatchNormGradV3,gradient_tape/model/batch_normalization_17/FusedBatchNormGradV3,2,18.432,9.216,18.432,9.216,0.0002812266774445814,0.9331838858883692,0.0,0.0
233,Device,FusedBatchNormGradV3,gradient_tape/model/batch_normalization_19/FusedBatchNormGradV3,2,18.432,9.216,18.432,9.216,0.0002812266774445814,0.9334651125658138,0.0,0.0
234,Device,FusedBatchNormGradV3,gradient_tape/model/batch_normalization_6/FusedBatchNormGradV3,2,18.432,9.216,18.432,9.216,0.0002812266774445814,0.9337463392432583,0.0,0.0
235,Device,BiasAddGrad,gradient_tape/model/conv2d_31/BiasAdd/BiasAddGrad,2,18.432,9.216,18.432,9.216,0.0002812266774445814,0.9340275659207029,0.0,0.0
236,Device,FusedBatchNormV3,model/batch_normalization_15/FusedBatchNormV3,4,18.432,4.608,18.432,4.608,0.0002812266774445814,0.9343087925981475,0.0,0.0
237,Device,FusedBatchNormV3,model/batch_normalization_16/FusedBatchNormV3,4,18.432,4.608,18.432,4.608,0.0002812266774445814,0.934590019275592,0.0,0.0
238,Device,FusedBatchNormV3,model/batch_normalization_19/FusedBatchNormV3,4,18.432,4.608,18.432,4.608,0.0002812266774445814,0.9348712459530366,0.0,0.0
239,Device,FusedBatchNormV3,model/batch_normalization_21/FusedBatchNormV3,4,18.432,4.608,18.432,4.608,0.0002812266774445814,0.9351524726304812,0.0,0.0
240,Device,FusedBatchNormV3,model/batch_normalization_22/FusedBatchNormV3,4,18.432,4.608,18.432,4.608,0.0002812266774445814,0.9354336993079257,0.0,0.0
241,Device,FusedBatchNormV3,model/batch_normalization_23/FusedBatchNormV3,4,18.432,4.608,18.432,4.608,0.0002812266774445814,0.9357149259853703,0.0,0.0
242,Device,FusedBatchNormV3,model/batch_normalization_24/FusedBatchNormV3,4,18.432,4.608,18.432,4.608,0.0002812266774445814,0.9359961526628149,0.0,0.0
243,Device,FusedBatchNormV3,model/batch_normalization_26/FusedBatchNormV3,4,18.432,4.608,18.432,4.608,0.0002812266774445814,0.9362773793402595,0.0,0.0
244,Device,Softmax,model/dense/Softmax,2,18.432,9.216,18.432,9.216,0.0002812266774445814,0.936558606017704,0.0,0.0
245,Device,FusedBatchNormV3,model/batch_normalization_5/FusedBatchNormV3,4,17.409,4.35225,17.409,4.35225,0.0002656182306658376,0.9368242242483699,0.0,0.0
246,Device,MaxPool,model/max_pooling2d/MaxPool,2,17.409,8.7045,17.409,8.7045,0.0002656182306658376,0.9370898424790357,0.0,0.0
247,Device,Sum,conv2d_31/kernel/Regularizer/Sum,2,17.408,8.704,17.408,8.704,0.0002656029731421047,0.9373554454521779,0.0,0.0
248,Device,Sum,conv2d_8/kernel/Regularizer/Sum,2,17.408,8.704,17.408,8.704,0.0002656029731421047,0.93762104842532,0.0,0.0
249,Device,FusedBatchNormGradV3,gradient_tape/model/batch_normalization_1/FusedBatchNormGradV3,2,17.408,8.704,17.408,8.704,0.0002656029731421047,0.9378866513984622,0.0,0.0
250,Device,FusedBatchNormGradV3,gradient_tape/model/batch_normalization_15/FusedBatchNormGradV3,2,17.408,8.704,17.408,8.704,0.0002656029731421047,0.9381522543716043,0.0,0.0
251,Device,FusedBatchNormGradV3,gradient_tape/model/batch_normalization_18/FusedBatchNormGradV3,2,17.408,8.704,17.408,8.704,0.0002656029731421047,0.9384178573447465,0.0,0.0
252,Device,FusedBatchNormGradV3,gradient_tape/model/batch_normalization_22/FusedBatchNormGradV3,2,17.408,8.704,17.408,8.704,0.0002656029731421047,0.9386834603178886,0.0,0.0
253,Device,FusedBatchNormGradV3,gradient_tape/model/batch_normalization_23/FusedBatchNormGradV3,2,17.408,8.704,17.408,8.704,0.0002656029731421047,0.9389490632910308,0.0,0.0
254,Device,FusedBatchNormGradV3,gradient_tape/model/batch_normalization_25/FusedBatchNormGradV3,2,17.408,8.704,17.408,8.704,0.0002656029731421047,0.9392146662641729,0.0,0.0
255,Device,FusedBatchNormV3,model/batch_normalization_1/FusedBatchNormV3,4,17.408,4.352,17.408,4.352,0.0002656029731421047,0.9394802692373151,0.0,0.0
256,Device,FusedBatchNormV3,model/batch_normalization_18/FusedBatchNormV3,4,17.408,4.352,17.408,4.352,0.0002656029731421047,0.9397458722104572,0.0,0.0
257,Device,FusedBatchNormV3,model/batch_normalization_25/FusedBatchNormV3,4,17.408,4.352,17.408,4.352,0.0002656029731421047,0.9400114751835994,0.0,0.0
258,Device,Sum,conv2d_14/kernel/Regularizer/Sum,2,16.385,8.1925,16.385,8.1925,0.00024999452636336085,0.9402614697099627,0.0,0.0
259,Device,FusedBatchNormGradV3,gradient_tape/model/batch_normalization_20/FusedBatchNormGradV3,2,16.385,8.1925,16.385,8.1925,0.00024999452636336085,0.940511464236326,0.0,0.0
260,Device,FusedBatchNormGradV3,gradient_tape/model/batch_normalization_24/FusedBatchNormGradV3,2,16.385,8.1925,16.385,8.1925,0.00024999452636336085,0.9407614587626894,0.0,0.0
261,Device,AddN,SGD/gradients/AddN_15,2,16.384,8.192,16.384,8.192,0.00024997926883962797,0.941011438031529,0.0,0.0
262,Device,Sum,conv2d_11/kernel/Regularizer/Sum,2,16.384,8.192,16.384,8.192,0.00024997926883962797,0.9412614173003686,0.0,0.0
263,Device,Sum,conv2d_13/kernel/Regularizer/Sum,2,16.384,8.192,16.384,8.192,0.00024997926883962797,0.9415113965692082,0.0,0.0
264,Device,FusedBatchNormGradV3,gradient_tape/model/batch_normalization_16/FusedBatchNormGradV3,2,16.384,8.192,16.384,8.192,0.00024997926883962797,0.9417613758380479,0.0,0.0
265,Device,FusedBatchNormGradV3,gradient_tape/model/batch_normalization_2/FusedBatchNormGradV3,2,16.384,8.192,16.384,8.192,0.00024997926883962797,0.9420113551068875,0.0,0.0
266,Device,FusedBatchNormGradV3,gradient_tape/model/batch_normalization_21/FusedBatchNormGradV3,2,16.384,8.192,16.384,8.192,0.00024997926883962797,0.9422613343757271,0.0,0.0
267,Device,FusedBatchNormGradV3,gradient_tape/model/batch_normalization_26/FusedBatchNormGradV3,2,16.384,8.192,16.384,8.192,0.00024997926883962797,0.9425113136445668,0.0,0.0
268,Device,FusedBatchNormGradV3,gradient_tape/model/batch_normalization_3/FusedBatchNormGradV3,2,16.384,8.192,16.384,8.192,0.00024997926883962797,0.9427612929134064,0.0,0.0
269,Device,FusedBatchNormGradV3,gradient_tape/model/batch_normalization_5/FusedBatchNormGradV3,2,16.384,8.192,16.384,8.192,0.00024997926883962797,0.943011272182246,0.0,0.0
270,Device,FusedBatchNormV3,model/batch_normalization_2/FusedBatchNormV3,4,16.384,4.096,16.384,4.096,0.00024997926883962797,0.9432612514510856,0.0,0.0
271,Device,FusedBatchNormV3,model/batch_normalization_3/FusedBatchNormV3,4,16.384,4.096,16.384,4.096,0.00024997926883962797,0.9435112307199253,0.0,0.0
272,Device,FusedBatchNormV3,model/batch_normalization_4/FusedBatchNormV3,4,16.384,4.096,16.384,4.096,0.00024997926883962797,0.9437612099887649,0.0,0.0
273,Device,FusedBatchNormV3,model/batch_normalization_6/FusedBatchNormV3,4,16.384,4.096,16.384,4.096,0.00024997926883962797,0.9440111892576045,0.0,0.0
274,Device,FusedBatchNormV3,model/batch_normalization_13/FusedBatchNormV3,4,15.361,3.84025,15.361,3.84025,0.0002343708220608841,0.9442455600796654,0.0,0.0
275,Device,Sum,conv2d_10/kernel/Regularizer/Sum,2,15.36,7.68,15.36,7.68,0.00023435556453715119,0.9444799156442025,0.0,0.0
276,Device,Sum,conv2d_12/kernel/Regularizer/Sum,2,15.36,7.68,15.36,7.68,0.00023435556453715119,0.9447142712087396,0.0,0.0
277,Device,Sum,conv2d_15/kernel/Regularizer/Sum,2,15.36,7.68,15.36,7.68,0.00023435556453715119,0.9449486267732767,0.0,0.0
278,Device,Sum,conv2d_4/kernel/Regularizer/Sum,2,15.36,7.68,15.36,7.68,0.00023435556453715119,0.9451829823378138,0.0,0.0
279,Device,FusedBatchNormGradV3,gradient_tape/model/batch_normalization_4/FusedBatchNormGradV3,2,15.36,7.68,15.36,7.68,0.00023435556453715119,0.9454173379023509,0.0,0.0
280,Device,FusedBatchNormV3,model/batch_normalization_10/FusedBatchNormV3,4,15.36,3.84,15.36,3.84,0.00023435556453715119,0.945651693466888,0.0,0.0
281,Device,FusedBatchNormV3,model/batch_normalization_14/FusedBatchNormV3,4,15.36,3.84,15.36,3.84,0.00023435556453715119,0.9458860490314251,0.0,0.0
282,Device,FusedBatchNormV3,model/batch_normalization_7/FusedBatchNormV3,4,15.36,3.84,15.36,3.84,0.00023435556453715119,0.9461204045959622,0.0,0.0
283,Device,FusedBatchNormV3,model/batch_normalization_9/FusedBatchNormV3,4,15.36,3.84,15.36,3.84,0.00023435556453715119,0.9463547601604994,0.0,0.0
284,Device,AddN,SGD/gradients/AddN_13,2,14.337,7.1685,14.337,7.1685,0.00021874711775840734,0.9465735072782577,0.0,0.0
285,Device,BiasAddGrad,gradient_tape/model/conv2d_19/BiasAdd/BiasAddGrad,2,14.337,7.1685,14.337,7.1685,0.00021874711775840734,0.9467922543960161,0.0,0.0
286,Device,BiasAddGrad,gradient_tape/model/conv2d_7/BiasAdd/BiasAddGrad,2,14.337,7.1685,14.337,7.1685,0.00021874711775840734,0.9470110015137745,0.0,0.0
287,Device,ResourceApplyGradientDescent,SGD/SGD/update_62/ResourceApplyGradientDescent,2,14.336,7.168,14.336,7.168,0.00021873186023467446,0.9472297333740092,0.0,0.0
288,Device,Sum,conv2d_1/kernel/Regularizer/Sum,2,14.336,7.168,14.336,7.168,0.00021873186023467446,0.9474484652342439,0.0,0.0
289,Device,Sum,conv2d_16/kernel/Regularizer/Sum,2,14.336,7.168,14.336,7.168,0.00021873186023467446,0.9476671970944786,0.0,0.0
290,Device,FusedBatchNormGradV3,gradient_tape/model/batch_normalization_10/FusedBatchNormGradV3,2,14.336,7.168,14.336,7.168,0.00021873186023467446,0.9478859289547132,0.0,0.0
291,Device,FusedBatchNormGradV3,gradient_tape/model/batch_normalization_11/FusedBatchNormGradV3,2,14.336,7.168,14.336,7.168,0.00021873186023467446,0.9481046608149479,0.0,0.0
292,Device,FusedBatchNormGradV3,gradient_tape/model/batch_normalization_12/FusedBatchNormGradV3,2,14.336,7.168,14.336,7.168,0.00021873186023467446,0.9483233926751826,0.0,0.0
293,Device,FusedBatchNormGradV3,gradient_tape/model/batch_normalization_13/FusedBatchNormGradV3,2,14.336,7.168,14.336,7.168,0.00021873186023467446,0.9485421245354173,0.0,0.0
294,Device,FusedBatchNormGradV3,gradient_tape/model/batch_normalization_14/FusedBatchNormGradV3,2,14.336,7.168,14.336,7.168,0.00021873186023467446,0.948760856395652,0.0,0.0
295,Device,FusedBatchNormGradV3,gradient_tape/model/batch_normalization_7/FusedBatchNormGradV3,2,14.336,7.168,14.336,7.168,0.00021873186023467446,0.9489795882558867,0.0,0.0
296,Device,FusedBatchNormGradV3,gradient_tape/model/batch_normalization_8/FusedBatchNormGradV3,2,14.336,7.168,14.336,7.168,0.00021873186023467446,0.9491983201161214,0.0,0.0
297,Device,FusedBatchNormGradV3,gradient_tape/model/batch_normalization_9/FusedBatchNormGradV3,2,14.336,7.168,14.336,7.168,0.00021873186023467446,0.9494170519763561,0.0,0.0
298,Device,Transpose,gradient_tape/model/conv2d/Conv2D/Conv2DBackpropFilter-0-TransposeNHWCToNCHW-LayoutOptimizer,2,14.336,7.168,14.336,7.168,0.00021873186023467446,0.9496357838365908,0.0,0.0
299,Device,BiasAddGrad,gradient_tape/model/conv2d_16/BiasAdd/BiasAddGrad,2,14.336,7.168,14.336,7.168,0.00021873186023467446,0.9498545156968254,0.0,0.0
300,Device,BiasAddGrad,gradient_tape/model/conv2d_18/BiasAdd/BiasAddGrad,2,14.336,7.168,14.336,7.168,0.00021873186023467446,0.9500732475570601,0.0,0.0
301,Device,BiasAddGrad,gradient_tape/model/conv2d_20/BiasAdd/BiasAddGrad,2,14.336,7.168,14.336,7.168,0.00021873186023467446,0.9502919794172948,0.0,0.0
302,Device,BiasAddGrad,gradient_tape/model/conv2d_21/BiasAdd/BiasAddGrad,2,14.336,7.168,14.336,7.168,0.00021873186023467446,0.9505107112775295,0.0,0.0
303,Device,BiasAddGrad,gradient_tape/model/conv2d_22/BiasAdd/BiasAddGrad,2,14.336,7.168,14.336,7.168,0.00021873186023467446,0.9507294431377642,0.0,0.0
304,Device,BiasAddGrad,gradient_tape/model/conv2d_23/BiasAdd/BiasAddGrad,2,14.336,7.168,14.336,7.168,0.00021873186023467446,0.9509481749979989,0.0,0.0
305,Device,BiasAddGrad,gradient_tape/model/conv2d_25/BiasAdd/BiasAddGrad,2,14.336,7.168,14.336,7.168,0.00021873186023467446,0.9511669068582336,0.0,0.0
306,Device,BiasAddGrad,gradient_tape/model/conv2d_26/BiasAdd/BiasAddGrad,2,14.336,7.168,14.336,7.168,0.00021873186023467446,0.9513856387184683,0.0,0.0
307,Device,BiasAddGrad,gradient_tape/model/conv2d_27/BiasAdd/BiasAddGrad,2,14.336,7.168,14.336,7.168,0.00021873186023467446,0.951604370578703,0.0,0.0
308,Device,BiasAddGrad,gradient_tape/model/conv2d_28/BiasAdd/BiasAddGrad,2,14.336,7.168,14.336,7.168,0.00021873186023467446,0.9518231024389376,0.0,0.0
309,Device,FusedBatchNormV3,model/batch_normalization_11/FusedBatchNormV3,4,14.336,3.584,14.336,3.584,0.00021873186023467446,0.9520418342991723,0.0,0.0
310,Device,FusedBatchNormV3,model/batch_normalization_12/FusedBatchNormV3,4,14.336,3.584,14.336,3.584,0.00021873186023467446,0.952260566159407,0.0,0.0
311,Device,FusedBatchNormV3,model/batch_normalization_8/FusedBatchNormV3,4,14.336,3.584,14.336,3.584,0.00021873186023467446,0.9524792980196417,0.0,0.0
312,Device,Tile,gradient_tape/conv2d_16/kernel/Regularizer/Tile,2,13.313,6.6565,13.313,6.6565,0.0002031234134559306,0.9526824214330977,0.0,0.0
313,Device,BiasAddGrad,gradient_tape/model/conv2d_15/BiasAdd/BiasAddGrad,2,13.313,6.6565,13.313,6.6565,0.0002031234134559306,0.9528855448465536,0.0,0.0
314,Device,Square,conv2d_16/kernel/Regularizer/Square,2,13.312,6.656,13.312,6.656,0.0002031081559321977,0.9530886530024858,0.0,0.0
315,Device,Sum,conv2d_18/kernel/Regularizer/Sum,2,13.312,6.656,13.312,6.656,0.0002031081559321977,0.953291761158418,0.0,0.0
316,Device,Sum,conv2d_2/kernel/Regularizer/Sum,2,13.312,6.656,13.312,6.656,0.0002031081559321977,0.9534948693143501,0.0,0.0
317,Device,Sum,conv2d_3/kernel/Regularizer/Sum,2,13.312,6.656,13.312,6.656,0.0002031081559321977,0.9536979774702823,0.0,0.0
318,Device,Sum,conv2d_5/kernel/Regularizer/Sum,2,13.312,6.656,13.312,6.656,0.0002031081559321977,0.9539010856262145,0.0,0.0
319,Device,Mul,gradient_tape/conv2d_16/kernel/Regularizer/Mul,2,13.312,6.656,13.312,6.656,0.0002031081559321977,0.9541041937821466,0.0,0.0
320,Device,Tile,gradient_tape/conv2d_7/kernel/Regularizer/Tile,2,13.312,6.656,13.312,6.656,0.0002031081559321977,0.9543073019380788,0.0,0.0
321,Device,Tile,gradient_tape/conv2d_8/kernel/Regularizer/Tile,2,13.312,6.656,13.312,6.656,0.0002031081559321977,0.9545104100940109,0.0,0.0
322,Device,BiasAddGrad,gradient_tape/model/conv2d_1/BiasAdd/BiasAddGrad,2,13.312,6.656,13.312,6.656,0.0002031081559321977,0.9547135182499431,0.0,0.0
323,Device,BiasAddGrad,gradient_tape/model/conv2d_2/BiasAdd/BiasAddGrad,2,13.312,6.656,13.312,6.656,0.0002031081559321977,0.9549166264058753,0.0,0.0
324,Device,BiasAddGrad,gradient_tape/model/conv2d_24/BiasAdd/BiasAddGrad,2,13.312,6.656,13.312,6.656,0.0002031081559321977,0.9551197345618074,0.0,0.0
325,Device,BiasAddGrad,gradient_tape/model/conv2d_3/BiasAdd/BiasAddGrad,2,13.312,6.656,13.312,6.656,0.0002031081559321977,0.9553228427177396,0.0,0.0
326,Device,BiasAddGrad,gradient_tape/model/conv2d_4/BiasAdd/BiasAddGrad,2,13.312,6.656,13.312,6.656,0.0002031081559321977,0.9555259508736718,0.0,0.0
327,Device,BiasAddGrad,gradient_tape/model/conv2d_5/BiasAdd/BiasAddGrad,2,13.312,6.656,13.312,6.656,0.0002031081559321977,0.9557290590296039,0.0,0.0
328,Device,AddN,SGD/gradients/AddN_29,2,12.29,6.145,12.29,6.145,0.0001875149666771867,0.9559165739962812,0.0,0.0
329,Device,AddN,SGD/gradients/AddN_14,2,12.289,6.1445,12.289,6.1445,0.00018749970915345386,0.9561040737054346,0.0,0.0
330,Device,AddN,SGD/gradients/AddN_26,2,12.289,6.1445,12.289,6.1445,0.00018749970915345386,0.956291573414588,0.0,0.0
331,Device,BiasAddGrad,gradient_tape/model/conv2d_12/BiasAdd/BiasAddGrad,2,12.289,6.1445,12.289,6.1445,0.00018749970915345386,0.9564790731237415,0.0,0.0
332,Device,ResourceApplyGradientDescent,SGD/SGD/update_116/ResourceApplyGradientDescent,2,12.288,6.144,12.288,6.144,0.00018748445162972098,0.9566665575753712,0.0,0.0
333,Device,AddN,SGD/gradients/AddN_12,2,12.288,6.144,12.288,6.144,0.00018748445162972098,0.956854042027001,0.0,0.0
334,Device,AddN,SGD/gradients/AddN_28,2,12.288,6.144,12.288,6.144,0.00018748445162972098,0.9570415264786307,0.0,0.0
335,Device,Sum,conv2d/kernel/Regularizer/Sum,2,12.288,6.144,12.288,6.144,0.00018748445162972098,0.9572290109302605,0.0,0.0
336,Device,Sum,conv2d_6/kernel/Regularizer/Sum,2,12.288,6.144,12.288,6.144,0.00018748445162972098,0.9574164953818902,0.0,0.0
337,Device,Sum,conv2d_7/kernel/Regularizer/Sum,2,12.288,6.144,12.288,6.144,0.00018748445162972098,0.95760397983352,0.0,0.0
338,Device,Square,conv2d_8/kernel/Regularizer/Square,2,12.288,6.144,12.288,6.144,0.00018748445162972098,0.9577914642851497,0.0,0.0
339,Device,Tile,gradient_tape/conv2d_1/kernel/Regularizer/Tile,2,12.288,6.144,12.288,6.144,0.00018748445162972098,0.9579789487367795,0.0,0.0
340,Device,Mul,gradient_tape/conv2d_10/kernel/Regularizer/Mul_1,2,12.288,6.144,12.288,6.144,0.00018748445162972098,0.9581664331884092,0.0,0.0
341,Device,Tile,gradient_tape/conv2d_18/kernel/Regularizer/Tile,2,12.288,6.144,12.288,6.144,0.00018748445162972098,0.958353917640039,0.0,0.0
342,Device,Mul,gradient_tape/conv2d_31/kernel/Regularizer/Mul_1,2,12.288,6.144,12.288,6.144,0.00018748445162972098,0.9585414020916687,0.0,0.0
343,Device,Tile,gradient_tape/conv2d_31/kernel/Regularizer/Tile,2,12.288,6.144,12.288,6.144,0.00018748445162972098,0.9587288865432985,0.0,0.0
344,Device,ReluGrad,gradient_tape/model/activation_2/ReluGrad,2,12.288,6.144,12.288,6.144,0.00018748445162972098,0.9589163709949282,0.0,0.0
345,Device,BiasAddGrad,gradient_tape/model/conv2d_10/BiasAdd/BiasAddGrad,2,12.288,6.144,12.288,6.144,0.00018748445162972098,0.959103855446558,0.0,0.0
346,Device,BiasAddGrad,gradient_tape/model/conv2d_11/BiasAdd/BiasAddGrad,2,12.288,6.144,12.288,6.144,0.00018748445162972098,0.9592913398981877,0.0,0.0
347,Device,BiasAddGrad,gradient_tape/model/conv2d_13/BiasAdd/BiasAddGrad,2,12.288,6.144,12.288,6.144,0.00018748445162972098,0.9594788243498175,0.0,0.0
348,Device,BiasAddGrad,gradient_tape/model/conv2d_14/BiasAdd/BiasAddGrad,2,12.288,6.144,12.288,6.144,0.00018748445162972098,0.9596663088014472,0.0,0.0
349,Device,BiasAddGrad,gradient_tape/model/conv2d_6/BiasAdd/BiasAddGrad,2,12.288,6.144,12.288,6.144,0.00018748445162972098,0.959853793253077,0.0,0.0
350,Device,BiasAddGrad,gradient_tape/model/conv2d_9/BiasAdd/BiasAddGrad,2,12.288,6.144,12.288,6.144,0.00018748445162972098,0.9600412777047067,0.0,0.0
351,Device,MatMul,gradient_tape/model/dense/MatMul/MatMul_1,2,12.288,6.144,12.288,6.144,0.00018748445162972098,0.9602287621563365,0.0,0.0
352,Device,AddN,SGD/gradients/AddN_25,2,11.264,5.632,11.264,5.632,0.0001718607473272442,0.9604006229036637,0.0,0.0
353,Device,AddN,SGD/gradients/AddN_27,2,11.264,5.632,11.264,5.632,0.0001718607473272442,0.9605724836509909,0.0,0.0
354,Device,AddN,SGD/gradients/AddN_30,2,11.264,5.632,11.264,5.632,0.0001718607473272442,0.9607443443983181,0.0,0.0
355,Device,AddN,SGD/gradients/AddN_31,2,11.264,5.632,11.264,5.632,0.0001718607473272442,0.9609162051456454,0.0,0.0
356,Device,AddN,SGD/gradients/AddN_46,2,11.264,5.632,11.264,5.632,0.0001718607473272442,0.9610880658929726,0.0,0.0
357,Device,Sum,conv2d_9/kernel/Regularizer/Sum,2,11.264,5.632,11.264,5.632,0.0001718607473272442,0.9612599266402998,0.0,0.0
358,Device,Mul,gradient_tape/conv2d_10/kernel/Regularizer/Mul,2,11.264,5.632,11.264,5.632,0.0001718607473272442,0.961431787387627,0.0,0.0
359,Device,Mul,gradient_tape/conv2d_8/kernel/Regularizer/Mul,2,11.264,5.632,11.264,5.632,0.0001718607473272442,0.9616036481349542,0.0,0.0
360,Device,ReluGrad,gradient_tape/model/activation_1/ReluGrad,2,11.264,5.632,11.264,5.632,0.0001718607473272442,0.9617755088822815,0.0,0.0
361,Device,ReluGrad,gradient_tape/model/activation_4/ReluGrad,2,11.264,5.632,11.264,5.632,0.0001718607473272442,0.9619473696296087,0.0,0.0
362,Device,ReluGrad,gradient_tape/model/activation_5/ReluGrad,2,11.264,5.632,11.264,5.632,0.0001718607473272442,0.9621192303769359,0.0,0.0
363,Device,ReluGrad,gradient_tape/model/activation_6/ReluGrad,2,11.264,5.632,11.264,5.632,0.0001718607473272442,0.9622910911242631,0.0,0.0
364,Device,ResourceApplyGradientDescent,SGD/SGD/update_34/ResourceApplyGradientDescent,2,10.24,5.12,10.24,5.12,0.00015623704302476747,0.962447328167288,0.0,0.0
365,Device,ResourceApplyGradientDescent,SGD/SGD/update_38/ResourceApplyGradientDescent,2,10.24,5.12,10.24,5.12,0.00015623704302476747,0.9626035652103128,0.0,0.0
366,Device,ResourceApplyGradientDescent,SGD/SGD/update_42/ResourceApplyGradientDescent,2,10.24,5.12,10.24,5.12,0.00015623704302476747,0.9627598022533376,0.0,0.0
367,Device,ResourceApplyGradientDescent,SGD/SGD/update_46/ResourceApplyGradientDescent,2,10.24,5.12,10.24,5.12,0.00015623704302476747,0.9629160392963624,0.0,0.0
368,Device,ResourceApplyGradientDescent,SGD/SGD/update_54/ResourceApplyGradientDescent,2,10.24,5.12,10.24,5.12,0.00015623704302476747,0.9630722763393872,0.0,0.0
369,Device,ResourceApplyGradientDescent,SGD/SGD/update_58/ResourceApplyGradientDescent,2,10.24,5.12,10.24,5.12,0.00015623704302476747,0.963228513382412,0.0,0.0
370,Device,Square,conv2d_10/kernel/Regularizer/Square,2,10.24,5.12,10.24,5.12,0.00015623704302476747,0.9633847504254368,0.0,0.0
371,Device,Square,conv2d_12/kernel/Regularizer/Square,2,10.24,5.12,10.24,5.12,0.00015623704302476747,0.9635409874684616,0.0,0.0
372,Device,Square,conv2d_13/kernel/Regularizer/Square,2,10.24,5.12,10.24,5.12,0.00015623704302476747,0.9636972245114864,0.0,0.0
373,Device,Square,conv2d_14/kernel/Regularizer/Square,2,10.24,5.12,10.24,5.12,0.00015623704302476747,0.9638534615545112,0.0,0.0
374,Device,Mul,gradient_tape/conv2d_11/kernel/Regularizer/Mul,2,10.24,5.12,10.24,5.12,0.00015623704302476747,0.964009698597536,0.0,0.0
375,Device,Mul,gradient_tape/conv2d_12/kernel/Regularizer/Mul,2,10.24,5.12,10.24,5.12,0.00015623704302476747,0.9641659356405609,0.0,0.0
376,Device,Mul,gradient_tape/conv2d_12/kernel/Regularizer/Mul_1,2,10.24,5.12,10.24,5.12,0.00015623704302476747,0.9643221726835857,0.0,0.0
377,Device,Mul,gradient_tape/conv2d_13/kernel/Regularizer/Mul,2,10.24,5.12,10.24,5.12,0.00015623704302476747,0.9644784097266105,0.0,0.0
378,Device,Mul,gradient_tape/conv2d_13/kernel/Regularizer/Mul_1,2,10.24,5.12,10.24,5.12,0.00015623704302476747,0.9646346467696353,0.0,0.0
379,Device,Mul,gradient_tape/conv2d_14/kernel/Regularizer/Mul,2,10.24,5.12,10.24,5.12,0.00015623704302476747,0.9647908838126601,0.0,0.0
380,Device,Mul,gradient_tape/conv2d_14/kernel/Regularizer/Mul_1,2,10.24,5.12,10.24,5.12,0.00015623704302476747,0.9649471208556849,0.0,0.0
381,Device,Mul,gradient_tape/conv2d_15/kernel/Regularizer/Mul,2,10.24,5.12,10.24,5.12,0.00015623704302476747,0.9651033578987097,0.0,0.0
382,Device,Mul,gradient_tape/conv2d_15/kernel/Regularizer/Mul_1,2,10.24,5.12,10.24,5.12,0.00015623704302476747,0.9652595949417345,0.0,0.0
383,Device,Mul,gradient_tape/conv2d_31/kernel/Regularizer/Mul,2,10.24,5.12,10.24,5.12,0.00015623704302476747,0.9654158319847593,0.0,0.0
384,Device,Mul,gradient_tape/conv2d_8/kernel/Regularizer/Mul_1,2,10.24,5.12,10.24,5.12,0.00015623704302476747,0.9655720690277841,0.0,0.0
385,Device,ReluGrad,gradient_tape/model/activation_10/ReluGrad,2,10.24,5.12,10.24,5.12,0.00015623704302476747,0.965728306070809,0.0,0.0
386,Device,ReluGrad,gradient_tape/model/activation_11/ReluGrad,2,10.24,5.12,10.24,5.12,0.00015623704302476747,0.9658845431138338,0.0,0.0
387,Device,ReluGrad,gradient_tape/model/activation_13/ReluGrad,2,10.24,5.12,10.24,5.12,0.00015623704302476747,0.9660407801568586,0.0,0.0
388,Device,ReluGrad,gradient_tape/model/activation_3/ReluGrad,2,10.24,5.12,10.24,5.12,0.00015623704302476747,0.9661970171998834,0.0,0.0
389,Device,ReluGrad,gradient_tape/model/activation_7/ReluGrad,2,10.24,5.12,10.24,5.12,0.00015623704302476747,0.9663532542429082,0.0,0.0
390,Device,MatMul,gradient_tape/model/dense/MatMul/MatMul,2,10.24,5.12,10.24,5.12,0.00015623704302476747,0.966509491285933,0.0,0.0
391,Device,AvgPool,model/average_pooling2d/AvgPool,2,9.217,4.6085,9.217,4.6085,0.00014062859624602362,0.966650119882179,0.0,0.0
392,Device,ResourceApplyGradientDescent,SGD/SGD/update_4/ResourceApplyGradientDescent,2,9.216,4.608,9.216,4.608,0.0001406133387222907,0.9667907332209013,0.0,0.0
393,Device,ResourceApplyGradientDescent,SGD/SGD/update_50/ResourceApplyGradientDescent,2,9.216,4.608,9.216,4.608,0.0001406133387222907,0.9669313465596235,0.0,0.0
394,Device,AddN,SGD/gradients/AddN_10,2,9.216,4.608,9.216,4.608,0.0001406133387222907,0.9670719598983458,0.0,0.0
395,Device,AddN,SGD/gradients/AddN_23,2,9.216,4.608,9.216,4.608,0.0001406133387222907,0.9672125732370681,0.0,0.0
396,Device,AddN,SGD/gradients/AddN_4,2,9.216,4.608,9.216,4.608,0.0001406133387222907,0.9673531865757904,0.0,0.0
397,Device,Square,conv2d_11/kernel/Regularizer/Square,2,9.216,4.608,9.216,4.608,0.0001406133387222907,0.9674937999145127,0.0,0.0
398,Device,Mul,gradient_tape/conv2d_11/kernel/Regularizer/Mul_1,2,9.216,4.608,9.216,4.608,0.0001406133387222907,0.967634413253235,0.0,0.0
399,Device,ReluGrad,gradient_tape/model/activation_14/ReluGrad,2,9.216,4.608,9.216,4.608,0.0001406133387222907,0.9677750265919572,0.0,0.0
400,Device,ReluGrad,gradient_tape/model/activation_15/ReluGrad,2,9.216,4.608,9.216,4.608,0.0001406133387222907,0.9679156399306795,0.0,0.0
401,Device,ReluGrad,gradient_tape/model/activation_26/ReluGrad,2,9.216,4.608,9.216,4.608,0.0001406133387222907,0.9680562532694018,0.0,0.0
402,Device,ReluGrad,gradient_tape/model/activation_8/ReluGrad,2,9.216,4.608,9.216,4.608,0.0001406133387222907,0.9681968666081241,0.0,0.0
403,Device,ReluGrad,gradient_tape/model/activation_9/ReluGrad,2,9.216,4.608,9.216,4.608,0.0001406133387222907,0.9683374799468464,0.0,0.0
404,Device,Relu,model/activation_2/Relu,2,8.193,4.0965,8.193,4.0965,0.00012500489194354686,0.9684624848387899,0.0,0.0
405,Device,ResourceApplyGradientDescent,SGD/SGD/update_16/ResourceApplyGradientDescent,2,8.192,4.096,8.192,4.096,0.00012498963441981398,0.9685874744732097,0.0,0.0
406,Device,ResourceApplyGradientDescent,SGD/SGD/update_66/ResourceApplyGradientDescent,2,8.192,4.096,8.192,4.096,0.00012498963441981398,0.9687124641076295,0.0,0.0
407,Device,AddN,SGD/gradients/AddN_11,2,8.192,4.096,8.192,4.096,0.00012498963441981398,0.9688374537420492,0.0,0.0
408,Device,AddN,SGD/gradients/AddN_19,2,8.192,4.096,8.192,4.096,0.00012498963441981398,0.968962443376469,0.0,0.0
409,Device,AddN,SGD/gradients/AddN_2,2,8.192,4.096,8.192,4.096,0.00012498963441981398,0.9690874330108887,0.0,0.0
410,Device,AddN,SGD/gradients/AddN_3,2,8.192,4.096,8.192,4.096,0.00012498963441981398,0.9692124226453085,0.0,0.0
411,Device,AddN,SGD/gradients/AddN_33,2,8.192,4.096,8.192,4.096,0.00012498963441981398,0.9693374122797282,0.0,0.0
412,Device,AddN,SGD/gradients/AddN_9,2,8.192,4.096,8.192,4.096,0.00012498963441981398,0.969462401914148,0.0,0.0
413,Device,Square,conv2d_15/kernel/Regularizer/Square,2,8.192,4.096,8.192,4.096,0.00012498963441981398,0.9695873915485678,0.0,0.0
414,Device,Square,conv2d_31/kernel/Regularizer/Square,2,8.192,4.096,8.192,4.096,0.00012498963441981398,0.9697123811829875,0.0,0.0
415,Device,Square,conv2d_5/kernel/Regularizer/Square,2,8.192,4.096,8.192,4.096,0.00012498963441981398,0.9698373708174073,0.0,0.0
416,Device,Square,conv2d_7/kernel/Regularizer/Square,2,8.192,4.096,8.192,4.096,0.00012498963441981398,0.969962360451827,0.0,0.0
417,Device,Mul,gradient_tape/conv2d_7/kernel/Regularizer/Mul,2,8.192,4.096,8.192,4.096,0.00012498963441981398,0.9700873500862468,0.0,0.0
418,Device,Mul,gradient_tape/conv2d_7/kernel/Regularizer/Mul_1,2,8.192,4.096,8.192,4.096,0.00012498963441981398,0.9702123397206666,0.0,0.0
419,Device,ReluGrad,gradient_tape/model/activation_12/ReluGrad,2,8.192,4.096,8.192,4.096,0.00012498963441981398,0.9703373293550863,0.0,0.0
420,Device,ReluGrad,gradient_tape/model/activation_18/ReluGrad,2,8.192,4.096,8.192,4.096,0.00012498963441981398,0.9704623189895061,0.0,0.0
421,Device,ReluGrad,gradient_tape/model/activation_19/ReluGrad,2,8.192,4.096,8.192,4.096,0.00012498963441981398,0.9705873086239258,0.0,0.0
422,Device,ReluGrad,gradient_tape/model/activation_20/ReluGrad,2,8.192,4.096,8.192,4.096,0.00012498963441981398,0.9707122982583456,0.0,0.0
423,Device,ReluGrad,gradient_tape/model/activation_23/ReluGrad,2,8.192,4.096,8.192,4.096,0.00012498963441981398,0.9708372878927654,0.0,0.0
424,Device,ReluGrad,gradient_tape/model/activation_25/ReluGrad,2,8.192,4.096,8.192,4.096,0.00012498963441981398,0.9709622775271851,0.0,0.0
425,Device,ReluGrad,gradient_tape/model/activation_27/ReluGrad,2,8.192,4.096,8.192,4.096,0.00012498963441981398,0.9710872671616049,0.0,0.0
426,Device,ReluGrad,gradient_tape/model/activation_28/ReluGrad,2,8.192,4.096,8.192,4.096,0.00012498963441981398,0.9712122567960246,0.0,0.0
427,Device,ReluGrad,gradient_tape/model/activation_29/ReluGrad,2,8.192,4.096,8.192,4.096,0.00012498963441981398,0.9713372464304444,0.0,0.0
428,Device,ReluGrad,gradient_tape/model/activation_31/ReluGrad,2,8.192,4.096,8.192,4.096,0.00012498963441981398,0.9714622360648641,0.0,0.0
429,Device,AvgPoolGrad,gradient_tape/model/average_pooling2d/AvgPoolGrad,2,8.192,4.096,8.192,4.096,0.00012498963441981398,0.9715872256992839,0.0,0.0
430,Device,Relu,model/activation_6/Relu,2,8.192,4.096,8.192,4.096,0.00012498963441981398,0.9717122153337037,0.0,0.0
431,Device,AddV2,model/add/add,2,8.192,4.096,8.192,4.096,0.00012498963441981398,0.9718372049681234,0.0,0.0
432,Device,AddV2,model/add_1/add,2,8.192,4.096,8.192,4.096,0.00012498963441981398,0.9719621946025432,0.0,0.0
433,Device,AddV2,model/add_3/add,2,8.192,4.096,8.192,4.096,0.00012498963441981398,0.9720871842369629,0.0,0.0
434,Device,AddV2,model/add_6/add,2,8.192,4.096,8.192,4.096,0.00012498963441981398,0.9722121738713827,0.0,0.0
435,Device,BiasAdd,model/conv2d_1/BiasAdd,2,8.192,4.096,8.192,4.096,0.00012498963441981398,0.9723371635058025,0.0,0.0
436,Device,BiasAdd,model/conv2d_18/BiasAdd,2,8.192,4.096,8.192,4.096,0.00012498963441981398,0.9724621531402222,0.0,0.0
437,Device,BiasAdd,model/conv2d_2/BiasAdd,2,8.192,4.096,8.192,4.096,0.00012498963441981398,0.972587142774642,0.0,0.0
438,Device,BiasAdd,model/conv2d_20/BiasAdd,2,8.192,4.096,8.192,4.096,0.00012498963441981398,0.9727121324090617,0.0,0.0
439,Device,BiasAdd,model/conv2d_26/BiasAdd,2,8.192,4.096,8.192,4.096,0.00012498963441981398,0.9728371220434815,0.0,0.0
440,Device,BiasAdd,model/conv2d_29/BiasAdd,2,8.192,4.096,8.192,4.096,0.00012498963441981398,0.9729621116779013,0.0,0.0
441,Device,BiasAdd,model/conv2d_3/BiasAdd,2,8.192,4.096,8.192,4.096,0.00012498963441981398,0.973087101312321,0.0,0.0
442,Device,BiasAdd,model/conv2d_30/BiasAdd,2,8.192,4.096,8.192,4.096,0.00012498963441981398,0.9732120909467408,0.0,0.0
443,Device,BiasAdd,model/conv2d_34/BiasAdd,2,8.192,4.096,8.192,4.096,0.00012498963441981398,0.9733370805811605,0.0,0.0
444,Device,BiasAdd,model/conv2d_4/BiasAdd,2,8.192,4.096,8.192,4.096,0.00012498963441981398,0.9734620702155803,0.0,0.0
445,Device,BiasAdd,model/conv2d_5/BiasAdd,2,8.192,4.096,8.192,4.096,0.00012498963441981398,0.97358705985,0.0,0.0
446,Device,BiasAdd,model/conv2d_6/BiasAdd,2,8.192,4.096,8.192,4.096,0.00012498963441981398,0.9737120494844198,0.0,0.0
447,Device,AddV2,model/add_2/add,2,7.169,3.5845,7.169,3.5845,0.00010938118764107011,0.9738214306720608,0.0,0.0
448,Device,ArgMax,ArgMax,2,7.168,3.584,7.168,3.584,0.00010936593011733723,0.9739307966021782,0.0,0.0
449,Device,ArgMax,ArgMax_1,2,7.168,3.584,7.168,3.584,0.00010936593011733723,0.9740401625322955,0.0,0.0
450,Device,Cast,Cast,2,7.168,3.584,7.168,3.584,0.00010936593011733723,0.9741495284624129,0.0,0.0
451,Device,ResourceApplyGradientDescent,SGD/SGD/update_101/ResourceApplyGradientDescent,2,7.168,3.584,7.168,3.584,0.00010936593011733723,0.9742588943925302,0.0,0.0
452,Device,ResourceApplyGradientDescent,SGD/SGD/update_103/ResourceApplyGradientDescent,2,7.168,3.584,7.168,3.584,0.00010936593011733723,0.9743682603226476,0.0,0.0
453,Device,ResourceApplyGradientDescent,SGD/SGD/update_115/ResourceApplyGradientDescent,2,7.168,3.584,7.168,3.584,0.00010936593011733723,0.9744776262527649,0.0,0.0
454,Device,ResourceApplyGradientDescent,SGD/SGD/update_12/ResourceApplyGradientDescent,2,7.168,3.584,7.168,3.584,0.00010936593011733723,0.9745869921828823,0.0,0.0
455,Device,ResourceApplyGradientDescent,SGD/SGD/update_121/ResourceApplyGradientDescent,2,7.168,3.584,7.168,3.584,0.00010936593011733723,0.9746963581129996,0.0,0.0
456,Device,ResourceApplyGradientDescent,SGD/SGD/update_127/ResourceApplyGradientDescent,2,7.168,3.584,7.168,3.584,0.00010936593011733723,0.9748057240431169,0.0,0.0
457,Device,ResourceApplyGradientDescent,SGD/SGD/update_132/ResourceApplyGradientDescent,2,7.168,3.584,7.168,3.584,0.00010936593011733723,0.9749150899732343,0.0,0.0
458,Device,ResourceApplyGradientDescent,SGD/SGD/update_20/ResourceApplyGradientDescent,2,7.168,3.584,7.168,3.584,0.00010936593011733723,0.9750244559033516,0.0,0.0
459,Device,ResourceApplyGradientDescent,SGD/SGD/update_24/ResourceApplyGradientDescent,2,7.168,3.584,7.168,3.584,0.00010936593011733723,0.975133821833469,0.0,0.0
460,Device,ResourceApplyGradientDescent,SGD/SGD/update_28/ResourceApplyGradientDescent,2,7.168,3.584,7.168,3.584,0.00010936593011733723,0.9752431877635863,0.0,0.0
461,Device,ResourceApplyGradientDescent,SGD/SGD/update_32/ResourceApplyGradientDescent,2,7.168,3.584,7.168,3.584,0.00010936593011733723,0.9753525536937037,0.0,0.0
462,Device,ResourceApplyGradientDescent,SGD/SGD/update_59/ResourceApplyGradientDescent,2,7.168,3.584,7.168,3.584,0.00010936593011733723,0.975461919623821,0.0,0.0
463,Device,ResourceApplyGradientDescent,SGD/SGD/update_73/ResourceApplyGradientDescent,2,7.168,3.584,7.168,3.584,0.00010936593011733723,0.9755712855539383,0.0,0.0
464,Device,ResourceApplyGradientDescent,SGD/SGD/update_75/ResourceApplyGradientDescent,2,7.168,3.584,7.168,3.584,0.00010936593011733723,0.9756806514840557,0.0,0.0
465,Device,ResourceApplyGradientDescent,SGD/SGD/update_8/ResourceApplyGradientDescent,2,7.168,3.584,7.168,3.584,0.00010936593011733723,0.975790017414173,0.0,0.0
466,Device,ResourceApplyGradientDescent,SGD/SGD/update_83/ResourceApplyGradientDescent,2,7.168,3.584,7.168,3.584,0.00010936593011733723,0.9758993833442904,0.0,0.0
467,Device,ResourceApplyGradientDescent,SGD/SGD/update_85/ResourceApplyGradientDescent,2,7.168,3.584,7.168,3.584,0.00010936593011733723,0.9760087492744077,0.0,0.0
468,Device,ResourceApplyGradientDescent,SGD/SGD/update_91/ResourceApplyGradientDescent,2,7.168,3.584,7.168,3.584,0.00010936593011733723,0.9761181152045251,0.0,0.0
469,Device,ResourceApplyGradientDescent,SGD/SGD/update_98/ResourceApplyGradientDescent,2,7.168,3.584,7.168,3.584,0.00010936593011733723,0.9762274811346424,0.0,0.0
470,Device,AddN,SGD/gradients/AddN,2,7.168,3.584,7.168,3.584,0.00010936593011733723,0.9763368470647598,0.0,0.0
471,Device,AddN,SGD/gradients/AddN_17,2,7.168,3.584,7.168,3.584,0.00010936593011733723,0.9764462129948771,0.0,0.0
472,Device,AddN,SGD/gradients/AddN_18,2,7.168,3.584,7.168,3.584,0.00010936593011733723,0.9765555789249944,0.0,0.0
473,Device,AddN,SGD/gradients/AddN_21,2,7.168,3.584,7.168,3.584,0.00010936593011733723,0.9766649448551118,0.0,0.0
474,Device,AddN,SGD/gradients/AddN_22,2,7.168,3.584,7.168,3.584,0.00010936593011733723,0.9767743107852291,0.0,0.0
475,Device,AddN,SGD/gradients/AddN_5,2,7.168,3.584,7.168,3.584,0.00010936593011733723,0.9768836767153465,0.0,0.0
476,Device,AddN,SGD/gradients/AddN_8,2,7.168,3.584,7.168,3.584,0.00010936593011733723,0.9769930426454638,0.0,0.0
477,Device,Mul,conv2d_8/kernel/Regularizer/mul,2,7.168,3.584,7.168,3.584,0.00010936593011733723,0.9771024085755812,0.0,0.0
478,Device,Mul,gradient_tape/conv2d/kernel/Regularizer/Mul_1,2,7.168,3.584,7.168,3.584,0.00010936593011733723,0.9772117745056985,0.0,0.0
479,Device,Mul,gradient_tape/conv2d_1/kernel/Regularizer/Mul,2,7.168,3.584,7.168,3.584,0.00010936593011733723,0.9773211404358159,0.0,0.0
480,Device,Mul,gradient_tape/conv2d_1/kernel/Regularizer/Mul_1,2,7.168,3.584,7.168,3.584,0.00010936593011733723,0.9774305063659332,0.0,0.0
481,Device,Mul,gradient_tape/conv2d_18/kernel/Regularizer/Mul,2,7.168,3.584,7.168,3.584,0.00010936593011733723,0.9775398722960505,0.0,0.0
482,Device,Mul,gradient_tape/conv2d_18/kernel/Regularizer/Mul_1,2,7.168,3.584,7.168,3.584,0.00010936593011733723,0.9776492382261679,0.0,0.0
483,Device,Mul,gradient_tape/conv2d_2/kernel/Regularizer/Mul_1,2,7.168,3.584,7.168,3.584,0.00010936593011733723,0.9777586041562852,0.0,0.0
484,Device,Mul,gradient_tape/conv2d_4/kernel/Regularizer/Mul_1,2,7.168,3.584,7.168,3.584,0.00010936593011733723,0.9778679700864026,0.0,0.0
485,Device,Mul,gradient_tape/conv2d_5/kernel/Regularizer/Mul_1,2,7.168,3.584,7.168,3.584,0.00010936593011733723,0.9779773360165199,0.0,0.0
486,Device,Mul,gradient_tape/conv2d_6/kernel/Regularizer/Mul_1,2,7.168,3.584,7.168,3.584,0.00010936593011733723,0.9780867019466373,0.0,0.0
487,Device,Mul,gradient_tape/conv2d_9/kernel/Regularizer/Mul_1,2,7.168,3.584,7.168,3.584,0.00010936593011733723,0.9781960678767546,0.0,0.0
488,Device,ReluGrad,gradient_tape/model/activation_24/ReluGrad,2,7.168,3.584,7.168,3.584,0.00010936593011733723,0.978305433806872,0.0,0.0
489,Device,ReluGrad,gradient_tape/model/activation_30/ReluGrad,2,7.168,3.584,7.168,3.584,0.00010936593011733723,0.9784147997369893,0.0,0.0
490,Device,Relu,model/activation_3/Relu,2,7.168,3.584,7.168,3.584,0.00010936593011733723,0.9785241656671066,0.0,0.0
491,Device,Relu,model/activation_4/Relu,2,7.168,3.584,7.168,3.584,0.00010936593011733723,0.978633531597224,0.0,0.0
492,Device,Relu,model/activation_5/Relu,2,7.168,3.584,7.168,3.584,0.00010936593011733723,0.9787428975273413,0.0,0.0
493,Device,AddV2,model/add_10/add,2,7.168,3.584,7.168,3.584,0.00010936593011733723,0.9788522634574587,0.0,0.0
494,Device,AddV2,model/add_11/add,2,7.168,3.584,7.168,3.584,0.00010936593011733723,0.978961629387576,0.0,0.0
495,Device,AddV2,model/add_12/add,2,7.168,3.584,7.168,3.584,0.00010936593011733723,0.9790709953176934,0.0,0.0
496,Device,AddV2,model/add_14/add,2,7.168,3.584,7.168,3.584,0.00010936593011733723,0.9791803612478107,0.0,0.0
497,Device,AddV2,model/add_7/add,2,7.168,3.584,7.168,3.584,0.00010936593011733723,0.9792897271779281,0.0,0.0
498,Device,AddV2,model/add_8/add,2,7.168,3.584,7.168,3.584,0.00010936593011733723,0.9793990931080454,0.0,0.0
499,Device,AddV2,model/add_9/add,2,7.168,3.584,7.168,3.584,0.00010936593011733723,0.9795084590381627,0.0,0.0
500,Device,BiasAdd,model/conv2d_10/BiasAdd,2,7.168,3.584,7.168,3.584,0.00010936593011733723,0.9796178249682801,0.0,0.0
501,Host,IDLE,IDLE,0,237845.664,0.0,237845.664,0.0,0.0,0.0,0.997475475023696,0.997475475023696
502,Host,GatherV2,GatherV2,2,191.464,95.732,191.464,95.732,0.0,0.0,0.0008029603783314584,0.9982784354020275
503,Host,Dataset,Iterator::Root::ParallelMapV2,2,65.421,32.7105,65.421,32.7105,0.0,0.0,0.00027436213027421524,0.9985527975323018
504,Host,Dataset,Iterator::Root::ParallelMapV2::Zip[1]::ForeverRepeat,2,54.861,27.4305,50.781,25.3905,0.0,0.0,0.00021296500110751782,0.9987657625334093
505,Host,FlushSummaryWriter,FlushSummaryWriter,1,41.08,41.08,41.08,41.08,0.0,0.0,0.00017228101544862904,0.998938043548858
506,Host,IteratorGetNext,IteratorGetNext,2,40.71,20.355,40.71,20.355,0.0,0.0,0.00017072931204755815,0.9991087728609055
507,Host,Dataset,Iterator::Root,2,103.591,51.7955,38.17,19.085,0.0,0.0,0.0001600770778888552,0.9992688499387944
508,Host,LogicalAnd,LogicalAnd,1,31.56,31.56,31.56,31.56,0.0,0.0,0.00013235610631837227,0.9994012060451127
509,Host,Dataset,Iterator::Root::ParallelMapV2::Zip[0]::FlatMap[1]::Concatenate,2,51.45,25.725,30.4,15.2,0.0,0.0,0.0001274913064663662,0.9995286973515791
510,Host,GatherV2,GatherV2_1,2,28.071,14.0355,28.071,14.0355,0.0,0.0,0.00011772396262557124,0.9996464213142047
511,Host,WriteSummary,WriteSummary,1,21.12,21.12,21.12,21.12,0.0,0.0,8.857290765031757e-05,0.999734994221855
512,Host,Dataset,Iterator::Root::ParallelMapV2::Zip[0]::FlatMap[1]::Concatenate[0]::TensorSlice,2,21.05,10.525,21.05,10.525,0.0,0.0,8.827934214200686e-05,0.999823273563997
513,Host,_HostSend,categorical_crossentropy/softmax_cross_entropy_with_logits/Shape_2/_9,2,12.86,6.43,12.86,6.43,0.0,0.0,5.393217766965359e-05,0.9998772057416667
514,Host,Dataset,Iterator::Root::ParallelMapV2::Zip,2,122.351,61.1755,11.74,5.87,0.0,0.0,4.923512953668221e-05,0.9999264408712034
515,Host,ReadVariableOp,ReadVariableOp,1,6.17,6.17,6.17,6.17,0.0,0.0,2.5875702661101296e-05,0.9999523165738645
516,Host,Dataset,Iterator::Root::ParallelMapV2::Zip[0]::FlatMap,2,55.75,27.875,4.3,2.15,0.0,0.0,1.803330979622943e-05,0.9999703498836607
517,Host,Dataset,Iterator::Root::ParallelMapV2::Zip[1]::ForeverRepeat::FromTensor,4,4.08,1.02,4.08,1.02,0.0,0.0,1.7110675341538623e-05,0.9999874605590022
518,Host,Identity,Identity,2,2.99,1.495,2.99,1.495,0.0,0.0,1.2539440997843255e-05,1.0
