Rank,Host/device,Type,Operation,#Occurrences,Total time (us),Avg. time (us),Total self-time (us),Avg. self-time (us),Total self-time on Device (%),Cumulative total-self time on Device (%),Total self-time on Host (%),Cumulative total-self time on Host (%)
1,Device,IDLE,IDLE,0,3597.388,0.0,3597.388,0.0,0.26727491092725925,0.26727491092725925,0.0,0.0
2,Device,_Send,IteratorGetNext/_1,2,2262.984,1131.492,2262.984,1131.492,0.16813278051458802,0.43540769144184727,0.0,0.0
3,Device,Conv2DBackpropInput,gradient_tape/sequential/conv2d_1/Conv2D/Conv2DBackpropInput,50,1573.894,31.47788,1573.894,31.47788,0.11693550394312421,0.5523431953849715,0.0,0.0
4,Device,Conv2DBackpropFilter,gradient_tape/sequential/conv2d/Conv2D/Conv2DBackpropFilter,2,1129.476,564.738,1129.476,564.738,0.08391660763155853,0.63625980301653,0.0,0.0
5,Device,_FusedConv2D,sequential/conv2d/Relu,2,687.107,343.5535,687.107,343.5535,0.051049945744661485,0.6873097487611914,0.0,0.0
6,Device,Conv2DBackpropFilter,gradient_tape/sequential/conv2d_1/Conv2D/Conv2DBackpropFilter,2,446.466,223.233,446.466,223.233,0.03317105643929699,0.7204808052004884,0.0,0.0
7,Device,MaxPoolGrad,gradient_tape/sequential/max_pooling2d/MaxPool/MaxPoolGrad,2,409.602,204.801,409.602,204.801,0.030432174140133682,0.7509129793406221,0.0,0.0
8,Device,ResourceApplyGradientDescent,SGD/SGD/update_4/ResourceApplyGradientDescent,2,367.618,183.809,367.618,183.809,0.02731289152164214,0.7782258708622642,0.0,0.0
9,Device,_FusedConv2D,sequential/conv2d_1/Relu,2,329.729,164.8645,329.729,164.8645,0.02449785486167582,0.80272372572394,0.0,0.0
10,Device,ReluGrad,gradient_tape/sequential/conv2d/ReluGrad,2,312.322,156.161,312.322,156.161,0.023204568072897183,0.8259282937968372,0.0,0.0
11,Device,MaxPoolGrad,gradient_tape/sequential/max_pooling2d_1/MaxPool/MaxPoolGrad,2,276.481,138.2405,276.481,138.2405,0.020541691540662158,0.8464699853374994,0.0,0.0
12,Device,SoftmaxCrossEntropyWithLogits,categorical_crossentropy/softmax_cross_entropy_with_logits,2,203.777,101.8885,203.777,101.8885,0.015140007006201195,0.8616099923437006,0.0,0.0
13,Device,ReluGrad,gradient_tape/sequential/conv2d_1/ReluGrad,2,199.681,99.8405,199.681,99.8405,0.014835686750738606,0.8764456790944393,0.0,0.0
14,Device,ArgMax,ArgMax,2,171.01,85.505,171.01,85.505,0.012705519259437846,0.8891511983538771,0.0,0.0
15,Device,MatMul,sequential/dense/MatMul,2,165.888,82.944,165.888,82.944,0.012324970346234873,0.901476168700112,0.0,0.0
16,Device,MatMul,gradient_tape/sequential/dense/MatMul/MatMul,2,146.433,73.2165,146.433,73.2165,0.010879523429724942,0.912355692129837,0.0,0.0
17,Device,MatMul,gradient_tape/sequential/dense/MatMul/MatMul_1,2,140.288,70.144,140.288,70.144,0.01042296874959369,0.9227786608794307,0.0,0.0
18,Device,MaxPool,sequential/max_pooling2d/MaxPool,2,136.192,68.096,136.192,68.096,0.0101186484941311,0.9328973093735619,0.0,0.0
19,Device,Transpose,gradient_tape/sequential/conv2d/Conv2D/Conv2DBackpropFilter-0-TransposeNHWCToNCHW-LayoutOptimizer,2,123.904,61.952,123.904,61.952,0.009205687727743331,0.9421029971013052,0.0,0.0
20,Device,ArgMax,ArgMax_1,2,110.592,55.296,110.592,55.296,0.008216646897489915,0.9503196439987951,0.0,0.0
21,Device,BiasAddGrad,gradient_tape/sequential/conv2d/BiasAdd/BiasAddGrad,2,106.496,53.248,106.496,53.248,0.007912326642027326,0.9582319706408224,0.0,0.0
22,Device,MaxPool,sequential/max_pooling2d_1/MaxPool,2,90.113,45.0565,90.113,45.0565,0.006695119917114337,0.9649270905579368,0.0,0.0
23,Device,BiasAddGrad,gradient_tape/sequential/conv2d_1/BiasAdd/BiasAddGrad,2,76.8,38.4,76.8,38.4,0.0057060047899235525,0.9706330953478604,0.0,0.0
24,Device,Transpose,gradient_tape/sequential/max_pooling2d_1/MaxPool/MaxPoolGrad-2-TransposeNHWCToNCHW-LayoutOptimizer,2,34.816,17.408,34.816,17.408,0.0025867221714320106,0.9732198175192923,0.0,0.0
25,Device,Transpose,sequential/max_pooling2d_1/MaxPool-0-1-TransposeNCHWToNHWC-LayoutOptimizer,2,31.744,15.872,31.744,15.872,0.0023584819798350685,0.9755782994991273,0.0,0.0
26,Device,Softmax,sequential/dense_2/Softmax,2,26.624,13.312,26.624,13.312,0.0019780816605068315,0.9775563811596342,0.0,0.0
27,Device,MatMul,sequential/dense_2/MatMul,2,21.504,10.752,21.504,10.752,0.0015976813411785948,0.9791540625008127,0.0,0.0
28,Device,MatMul,gradient_tape/sequential/dense_2/MatMul/MatMul,2,18.432,9.216,18.432,9.216,0.0013694411495816525,0.9805235036503944,0.0,0.0
29,Device,MatMul,sequential/dense_1/MatMul,2,16.384,8.192,16.384,8.192,0.0012172810218503579,0.9817407846722448,0.0,0.0
30,Device,_Send,IteratorGetNext/_3,2,12.288,6.144,12.288,6.144,0.0009129607663877684,0.9826537454386326,0.0,0.0
31,Device,MatMul,gradient_tape/sequential/dense_1/MatMul/MatMul,2,12.288,6.144,12.288,6.144,0.0009129607663877684,0.9835667062050204,0.0,0.0
32,Device,MatMul,gradient_tape/sequential/dense_1/MatMul/MatMul_1,2,10.24,5.12,10.24,5.12,0.0007608006386564737,0.9843275068436769,0.0,0.0
33,Device,MatMul,gradient_tape/sequential/dense_2/MatMul/MatMul_1,2,10.24,5.12,10.24,5.12,0.0007608006386564737,0.9850883074823333,0.0,0.0
34,Device,ResourceApplyGradientDescent,SGD/SGD/update/ResourceApplyGradientDescent,2,8.192,4.096,8.192,4.096,0.0006086405109251789,0.9856969479932585,0.0,0.0
35,Device,ResourceApplyGradientDescent,SGD/SGD/update_8/ResourceApplyGradientDescent,2,8.192,4.096,8.192,4.096,0.0006086405109251789,0.9863055885041836,0.0,0.0
36,Device,ResourceApplyGradientDescent,SGD/SGD/update_6/ResourceApplyGradientDescent,2,7.168,3.584,7.168,3.584,0.0005325604470595316,0.9868381489512431,0.0,0.0
37,Device,AssignAddVariableOp,AssignAddVariableOp,2,6.144,3.072,6.144,3.072,0.0004564803831938842,0.987294629334437,0.0,0.0
38,Device,AssignAddVariableOp,AssignAddVariableOp_4,2,6.144,3.072,6.144,3.072,0.0004564803831938842,0.9877511097176309,0.0,0.0
39,Device,Equal,Equal,2,6.144,3.072,6.144,3.072,0.0004564803831938842,0.9882075901008248,0.0,0.0
40,Device,AssignAddVariableOp,SGD/SGD/AssignAddVariableOp,2,6.144,3.072,6.144,3.072,0.0004564803831938842,0.9886640704840187,0.0,0.0
41,Device,ResourceApplyGradientDescent,SGD/SGD/update_1/ResourceApplyGradientDescent,2,6.144,3.072,6.144,3.072,0.0004564803831938842,0.9891205508672126,0.0,0.0
42,Device,ResourceApplyGradientDescent,SGD/SGD/update_2/ResourceApplyGradientDescent,2,6.144,3.072,6.144,3.072,0.0004564803831938842,0.9895770312504065,0.0,0.0
43,Device,ResourceApplyGradientDescent,SGD/SGD/update_3/ResourceApplyGradientDescent,2,6.144,3.072,6.144,3.072,0.0004564803831938842,0.9900335116336004,0.0,0.0
44,Device,ResourceApplyGradientDescent,SGD/SGD/update_5/ResourceApplyGradientDescent,2,6.144,3.072,6.144,3.072,0.0004564803831938842,0.9904899920167943,0.0,0.0
45,Device,ResourceApplyGradientDescent,SGD/SGD/update_9/ResourceApplyGradientDescent,2,6.144,3.072,6.144,3.072,0.0004564803831938842,0.9909464723999882,0.0,0.0
46,Device,Sum,categorical_crossentropy/weighted_loss/Sum,2,6.144,3.072,6.144,3.072,0.0004564803831938842,0.9914029527831821,0.0,0.0
47,Device,DivNoNan,categorical_crossentropy/weighted_loss/value,2,6.144,3.072,6.144,3.072,0.0004564803831938842,0.991859433166376,0.0,0.0
48,Device,DivNoNan,div_no_nan,2,6.144,3.072,6.144,3.072,0.0004564803831938842,0.9923159135495699,0.0,0.0
49,Device,DivNoNan,div_no_nan_1,2,6.144,3.072,6.144,3.072,0.0004564803831938842,0.9927723939327638,0.0,0.0
50,Device,Mul,gradient_tape/categorical_crossentropy/softmax_cross_entropy_with_logits/mul,2,6.144,3.072,6.144,3.072,0.0004564803831938842,0.9932288743159577,0.0,0.0
51,Device,BiasAddGrad,gradient_tape/sequential/dense/BiasAdd/BiasAddGrad,2,6.144,3.072,6.144,3.072,0.0004564803831938842,0.9936853546991516,0.0,0.0
52,Device,BiasAddGrad,gradient_tape/sequential/dense_1/BiasAdd/BiasAddGrad,2,6.144,3.072,6.144,3.072,0.0004564803831938842,0.9941418350823455,0.0,0.0
53,Device,BiasAddGrad,gradient_tape/sequential/dense_2/BiasAdd/BiasAddGrad,2,6.144,3.072,6.144,3.072,0.0004564803831938842,0.9945983154655395,0.0,0.0
54,Device,Relu,sequential/dense/Relu,2,6.144,3.072,6.144,3.072,0.0004564803831938842,0.9950547958487334,0.0,0.0
55,Device,BiasAdd,sequential/dense_1/BiasAdd,2,6.144,3.072,6.144,3.072,0.0004564803831938842,0.9955112762319273,0.0,0.0
56,Device,AssignAddVariableOp,AssignAddVariableOp_2,2,5.12,2.56,5.12,2.56,0.00038040031932823684,0.9958916765512555,0.0,0.0
57,Device,AssignAddVariableOp,AssignAddVariableOp_3,2,5.12,2.56,5.12,2.56,0.00038040031932823684,0.9962720768705838,0.0,0.0
58,Device,Cast,Cast_1,2,5.12,2.56,5.12,2.56,0.00038040031932823684,0.9966524771899121,0.0,0.0
59,Device,ResourceApplyGradientDescent,SGD/SGD/update_7/ResourceApplyGradientDescent,2,5.12,2.56,5.12,2.56,0.00038040031932823684,0.9970328775092404,0.0,0.0
60,Device,Sum,Sum_2,2,5.12,2.56,5.12,2.56,0.00038040031932823684,0.9974132778285687,0.0,0.0
61,Device,ReluGrad,gradient_tape/sequential/dense_1/ReluGrad,2,5.12,2.56,5.12,2.56,0.00038040031932823684,0.997793678147897,0.0,0.0
62,Device,BiasAdd,sequential/dense/BiasAdd,2,5.12,2.56,5.12,2.56,0.00038040031932823684,0.9981740784672253,0.0,0.0
63,Device,BiasAdd,sequential/dense_2/BiasAdd,2,5.12,2.56,5.12,2.56,0.00038040031932823684,0.9985544787865536,0.0,0.0
64,Device,AssignAddVariableOp,AssignAddVariableOp_1,2,4.096,2.048,4.096,2.048,0.00030432025546258946,0.9988587990420161,0.0,0.0
65,Device,Mul,Mul,2,4.096,2.048,4.096,2.048,0.00030432025546258946,0.9991631192974787,0.0,0.0
66,Device,ReluGrad,gradient_tape/sequential/dense/ReluGrad,2,4.096,2.048,4.096,2.048,0.00030432025546258946,0.9994674395529413,0.0,0.0
67,Device,Relu,sequential/dense_1/Relu,2,4.096,2.048,4.096,2.048,0.00030432025546258946,0.9997717598084038,0.0,0.0
68,Device,LogicalAnd,LogicalAnd,1,3.072,3.072,3.072,3.072,0.0002282401915969421,1.0000000000000007,0.0,0.0
69,Host,IDLE,IDLE,0,49341.116,0.0,49341.116,0.0,0.0,0.0,0.8467553084213283,0.8467553084213283
70,Host,GatherV2,GatherV2,2,2833.017,1416.5085,2833.017,1416.5085,0.0,0.0,0.0486181176687991,0.8953734260901274
71,Host,_Send,IteratorGetNext/_3,2,2799.957,1399.9785,2799.957,1399.9785,0.0,0.0,0.048050766689214264,0.9434241927793416
72,Host,_Send,IteratorGetNext/_1,2,2752.326,1376.163,2752.326,1376.163,0.0,0.0,0.047233359111821485,0.9906575518911631
73,Host,_Send,IteratorGetNext/_6,2,160.753,80.3765,160.753,80.3765,0.0,0.0,0.0027587226866667095,0.9934162745778298
74,Host,GatherV2,GatherV2_1,2,60.652,30.326,60.652,30.326,0.0,0.0,0.0010408642351415482,0.9944571388129714
75,Host,Dataset,Iterator::Root::ParallelMapV2::Zip[1]::ForeverRepeat,2,55.71,27.855,51.75,25.875,0.0,0.0,0.0008880947729435981,0.995345233585915
76,Host,Dataset,Iterator::Root::ParallelMapV2,2,48.742,24.371,48.742,24.371,0.0,0.0,0.0008364737279771374,0.9961817073138921
77,Host,IteratorGetNext,IteratorGetNext,2,39.951,19.9755,39.951,19.9755,0.0,0.0,0.0006856091647124578,0.9968673164786046
78,Host,FlushSummaryWriter,FlushSummaryWriter,1,38.281,38.281,38.281,38.281,0.0,0.0,0.0006569498744551474,0.9975242663530598
79,Host,LogicalAnd,LogicalAnd,1,29.761,29.761,29.761,29.761,0.0,0.0,0.0005107360103879116,0.9980350023634477
80,Host,Dataset,Iterator::Root,2,77.642,38.821,28.9,14.45,0.0,0.0,0.0004959601727163283,0.998530962536164
81,Host,Dataset,Iterator::Root::ParallelMapV2::Zip[0]::FlatMap,2,41.76,20.88,22.28,11.14,0.0,0.0,0.000382352686786152,0.9989133152229501
82,Host,WriteSummary,WriteSummary,1,21.051,21.051,21.051,21.051,0.0,0.0,0.0003612615085069697,0.9992745767314571
83,Host,Dataset,Iterator::Root::ParallelMapV2::Zip[0]::FlatMap[1]::TensorSlice,2,19.48,9.74,19.48,9.74,0.0,0.0,0.00033430118216311674,0.9996088779136203
84,Host,Dataset,Iterator::Root::ParallelMapV2::Zip,2,107.661,53.8305,10.191,5.0955,0.0,0.0,0.00017489031557619728,0.9997837682291965
85,Host,ReadVariableOp,ReadVariableOp,1,6.11,6.11,6.11,6.11,0.0,0.0,0.00010485524758812338,0.9998886234767845
86,Host,Dataset,Iterator::Root::ParallelMapV2::Zip[1]::ForeverRepeat::FromTensor,4,3.96,0.99,3.96,0.99,0.0,0.0,6.795855653829272e-05,0.9999565820333228
87,Host,Identity,Identity,2,2.53,1.265,2.53,1.265,0.0,0.0,4.3417966677242574e-05,1.0
