Rank,Host/device,Type,Operation,#Occurrences,Total time (us),Avg. time (us),Total self-time (us),Avg. self-time (us),Total self-time on Device (%),Cumulative total-self time on Device (%),Total self-time on Host (%),Cumulative total-self time on Host (%)
1,Device,IDLE,IDLE,0,11784.509,0.0,11784.509,0.0,0.08763064155611913,0.08763064155611913,0.0,0.0
2,Device,_Recv,IteratorGetNext/_2,2,1555.046,777.523,1555.046,777.523,0.011563458318821499,0.09919409987494063,0.0,0.0
3,Device,FusedBatchNormGradV3,gradient_tape/model/batch_normalization_6/FusedBatchNormGradV3,2,1149.956,574.978,1149.956,574.978,0.008551173582311196,0.10774527345725182,0.0,0.0
4,Device,FusedBatchNormGradV3,gradient_tape/model/batch_normalization_9/FusedBatchNormGradV3,2,1148.933,574.4665,1148.933,574.4665,0.00854356646466956,0.11628883992192138,0.0,0.0
5,Device,FusedBatchNormGradV3,gradient_tape/model/batch_normalization_3/FusedBatchNormGradV3,2,1146.885,573.4425,1146.885,573.4425,0.008528337357211037,0.12481717727913241,0.0,0.0
6,Device,FusedBatchNormGradV3,gradient_tape/model/batch_normalization/FusedBatchNormGradV3,2,1091.588,545.794,1091.588,545.794,0.008117144019743288,0.1329343212988757,0.0,0.0
7,Device,Conv2DBackpropFilter,gradient_tape/model/conv2d/Conv2D/Conv2DBackpropFilter,2,923.653,461.8265,923.653,461.8265,0.006868364644232025,0.1398026859431077,0.0,0.0
8,Device,Conv2DBackpropInput,gradient_tape/model/conv2d_46/Conv2D/Conv2DBackpropInput,2,900.1,450.05,900.1,450.05,0.006693222472371385,0.1464959084154791,0.0,0.0
9,Device,MaxPoolGrad,gradient_tape/model/max_pooling2d/MaxPool/MaxPoolGrad,2,886.788,443.394,886.788,443.394,0.006594233273890984,0.15309014168937007,0.0,0.0
10,Device,Conv2DBackpropFilter,gradient_tape/model/conv2d_44/Conv2D/Conv2DBackpropFilter,4,880.645,220.16125,880.645,220.16125,0.006548553387603041,0.15963869507697312,0.0,0.0
11,Device,Conv2DBackpropFilter,gradient_tape/model/conv2d_48/Conv2D/Conv2DBackpropFilter,4,872.452,218.113,872.452,218.113,0.006487629521681323,0.16612632459865445,0.0,0.0
12,Device,Conv2DBackpropFilter,gradient_tape/model/conv2d_51/Conv2D/Conv2DBackpropFilter,4,867.332,216.833,867.332,216.833,0.006449556753035016,0.17257588135168947,0.0,0.0
13,Device,Conv2DBackpropInput,gradient_tape/model/conv2d_14/Conv2D/Conv2DBackpropInput,2,823.3,411.65,823.3,411.65,0.00612213094267677,0.17869801229436624,0.0,0.0
14,Device,Conv2DBackpropFilter,gradient_tape/model/conv2d_5/Conv2D/Conv2DBackpropFilter,2,800.772,400.386,800.772,400.386,0.005954610760633017,0.18465262305499927,0.0,0.0
15,Device,Conv2DBackpropInput,gradient_tape/model/conv2d_27/Conv2D/Conv2DBackpropInput,2,794.628,397.314,794.628,397.314,0.005908923438257448,0.1905615464932567,0.0,0.0
16,Device,Conv2DBackpropFilter,gradient_tape/model/conv2d_8/Conv2D/Conv2DBackpropFilter,2,758.788,379.394,758.788,379.394,0.005642414057733294,0.19620396055099001,0.0,0.0
17,Device,Conv2DBackpropFilter,gradient_tape/model/conv2d_4/Conv2D/Conv2DBackpropFilter,2,718.852,359.426,718.852,359.426,0.005345446462292095,0.2015494070132821,0.0,0.0
18,Device,Conv2DBackpropFilter,gradient_tape/model/conv2d_10/Conv2D/Conv2DBackpropFilter,2,716.803,358.4015,716.803,358.4015,0.0053302099187459455,0.20687961693202805,0.0,0.0
19,Device,Conv2DBackpropFilter,gradient_tape/model/conv2d_7/Conv2D/Conv2DBackpropFilter,2,709.636,354.818,709.636,354.818,0.005276915478728741,0.2121565324107568,0.0,0.0
20,Device,Conv2DBackpropFilter,gradient_tape/model/conv2d_3/Conv2D/Conv2DBackpropFilter,2,700.418,350.209,700.418,350.209,0.005208369622990134,0.21736490203374692,0.0,0.0
21,Device,Conv2D,model/conv2d/Conv2D,2,694.276,347.138,694.276,347.138,0.005162697172789818,0.22252759920653675,0.0,0.0
22,Device,FusedBatchNormV3,model/batch_normalization_6/FusedBatchNormV3,4,689.156,172.289,689.156,172.289,0.00512462440414351,0.22765222361068027,0.0,0.0
23,Device,FusedBatchNormV3,model/batch_normalization_9/FusedBatchNormV3,4,689.154,172.2885,689.154,172.2885,0.005124609531968258,0.23277683314264852,0.0,0.0
24,Device,FusedBatchNormV3,model/batch_normalization_3/FusedBatchNormV3,4,687.108,171.777,687.108,171.777,0.0051093952966849866,0.23788622843933352,0.0,0.0
25,Device,Conv2D,model/conv2d_46/Conv2D,2,678.916,339.458,678.916,339.458,0.005048478866850895,0.2429347073061844,0.0,0.0
26,Device,ReluGrad,gradient_tape/model/activation_3/ReluGrad,2,673.796,336.898,673.796,336.898,0.005010406098204588,0.247945113404389,0.0,0.0
27,Device,ReluGrad,gradient_tape/model/activation_6/ReluGrad,2,669.7,334.85,669.7,334.85,0.004979947883287541,0.25292506128767656,0.0,0.0
28,Device,ReluGrad,gradient_tape/model/activation_9/ReluGrad,2,664.58,332.29,664.58,332.29,0.004941875114641234,0.2578669364023178,0.0,0.0
29,Device,ReluGrad,gradient_tape/model/activation/ReluGrad,2,661.508,330.754,661.508,330.754,0.004919031453453449,0.26278596785577124,0.0,0.0
30,Device,Conv2DBackpropFilter,gradient_tape/model/conv2d_9/Conv2D/Conv2DBackpropFilter,2,657.411,328.7055,657.411,328.7055,0.004888565802448777,0.26767453365822,0.0,0.0
31,Device,Conv2D,model/conv2d_14/Conv2D,2,656.387,328.1935,656.387,328.1935,0.004880951248719515,0.27255548490693954,0.0,0.0
32,Device,FusedBatchNormV3,model/batch_normalization/FusedBatchNormV3,4,655.364,163.841,655.364,163.841,0.00487334413107788,0.2774288290380174,0.0,0.0
33,Device,Conv2DBackpropFilter,gradient_tape/model/conv2d_2/Conv2D/Conv2DBackpropFilter,2,655.363,327.6815,655.363,327.6815,0.004873336694990254,0.28230216573300765,0.0,0.0
34,Device,Conv2DBackpropFilter,gradient_tape/model/conv2d_6/Conv2D/Conv2DBackpropFilter,2,650.243,325.1215,650.243,325.1215,0.004835263926343946,0.2871374296593516,0.0,0.0
35,Device,AddN,SGD/gradients/AddN_12,2,648.195,324.0975,648.195,324.0975,0.004820034818885424,0.291957464478237,0.0,0.0
36,Device,AddN,SGD/gradients/AddN_13,2,644.1,322.05,644.1,322.05,0.004789584040056003,0.29674704851829303,0.0,0.0
37,Device,AddN,SGD/gradients/AddN_14,2,644.099,322.0495,644.099,322.0495,0.004789576603968377,0.3015366251222614,0.0,0.0
38,Device,AddV2,model/add_2/add,2,632.835,316.4175,632.835,316.4175,0.004705816512946501,0.3062424416352079,0.0,0.0
39,Device,Conv2D,model/conv2d_27/Conv2D,2,629.764,314.882,629.764,314.882,0.004682980287846342,0.3109254219230543,0.0,0.0
40,Device,AddV2,model/add/add,2,629.763,314.8815,629.763,314.8815,0.004682972851758716,0.315608394774813,0.0,0.0
41,Device,AddV2,model/add_1/add,2,628.739,314.3695,628.739,314.3695,0.0046753582980294545,0.32028375307284246,0.0,0.0
42,Device,Conv2DBackpropInput,gradient_tape/model/conv2d_11/Conv2D/Conv2DBackpropInput,2,604.163,302.0815,604.163,302.0815,0.004492609008527178,0.3247763620813696,0.0,0.0
43,Device,Conv2DBackpropFilter,gradient_tape/model/conv2d_14/Conv2D/Conv2DBackpropFilter,2,594.947,297.4735,594.947,297.4735,0.004424078024963824,0.3292004401063334,0.0,0.0
44,Device,Conv2D,model/conv2d_44/Conv2D,4,590.851,147.71275,590.851,147.71275,0.004393619810046778,0.3335940599163802,0.0,0.0
45,Device,Conv2D,model/conv2d_51/Conv2D,4,588.803,147.20075,588.803,147.20075,0.004378390702588255,0.33797245061896847,0.0,0.0
46,Device,Conv2D,model/conv2d_48/Conv2D,4,588.802,147.2005,588.802,147.2005,0.0043783832665006284,0.3423508338854691,0.0,0.0
47,Device,Conv2DBackpropInput,gradient_tape/model/conv2d_51/Conv2D/Conv2DBackpropInput,4,583.682,145.9205,583.682,145.9205,0.004340310497854321,0.34669114438332344,0.0,0.0
48,Device,Conv2DBackpropInput,gradient_tape/model/conv2d_44/Conv2D/Conv2DBackpropInput,4,582.658,145.6645,582.658,145.6645,0.0043326959441250595,0.3510238403274485,0.0,0.0
49,Device,Conv2DBackpropInput,gradient_tape/model/conv2d_48/Conv2D/Conv2DBackpropInput,4,581.634,145.4085,581.634,145.4085,0.004325081390395798,0.35534892171784427,0.0,0.0
50,Device,Conv2DBackpropFilter,gradient_tape/model/conv2d_27/Conv2D/Conv2DBackpropFilter,2,565.251,282.6255,565.251,282.6255,0.004203255966815239,0.3595521776846595,0.0,0.0
51,Device,Conv2DBackpropFilter,gradient_tape/model/conv2d_46/Conv2D/Conv2DBackpropFilter,4,563.203,140.80075,563.203,140.80075,0.004188026859356717,0.36374020454401623,0.0,0.0
52,Device,FusedBatchNormGradV3,gradient_tape/model/batch_normalization_12/FusedBatchNormGradV3,2,553.986,276.993,553.986,276.993,0.004119488439705736,0.36785969298372195,0.0,0.0
53,Device,FusedBatchNormGradV3,gradient_tape/model/batch_normalization_21/FusedBatchNormGradV3,2,551.938,275.969,551.938,275.969,0.004104259332247214,0.3719639523159692,0.0,0.0
54,Device,FusedBatchNormGradV3,gradient_tape/model/batch_normalization_15/FusedBatchNormGradV3,2,549.89,274.945,549.89,274.945,0.004089030224788691,0.37605298254075786,0.0,0.0
55,Device,FusedBatchNormGradV3,gradient_tape/model/batch_normalization_18/FusedBatchNormGradV3,2,549.89,274.945,549.89,274.945,0.004089030224788691,0.38014201276554654,0.0,0.0
56,Device,BiasAdd,model/conv2d_4/BiasAdd,2,456.706,228.353,456.706,228.353,0.003396105835425892,0.3835381186009724,0.0,0.0
57,Device,Conv2D,model/conv2d_4/Conv2D,2,456.706,228.353,456.706,228.353,0.003396105835425892,0.3869342244363983,0.0,0.0
58,Device,BiasAdd,model/conv2d_7/BiasAdd,2,455.682,227.841,455.682,227.841,0.003388491281696631,0.3903227157180949,0.0,0.0
59,Device,BiasAdd,model/conv2d_10/BiasAdd,2,454.658,227.329,454.658,227.329,0.0033808767279673692,0.3937035924460623,0.0,0.0
60,Device,BiasAdd,model/conv2d_3/BiasAdd,2,451.586,225.793,451.586,225.793,0.0033580330667795843,0.39706162551284185,0.0,0.0
61,Device,Conv2D,model/conv2d_7/Conv2D,2,451.586,225.793,451.586,225.793,0.0033580330667795843,0.4004196585796214,0.0,0.0
62,Device,Conv2D,model/conv2d_10/Conv2D,2,449.538,224.769,449.538,224.769,0.0033428039593210615,0.4037624625389425,0.0,0.0
63,Device,BiasAdd,model/conv2d/BiasAdd,2,448.514,224.257,448.514,224.257,0.0033351894055918,0.4070976519445343,0.0,0.0
64,Device,Conv2D,model/conv2d_3/Conv2D,2,448.514,224.257,448.514,224.257,0.0033351894055918,0.4104328413501261,0.0,0.0
65,Device,Conv2DBackpropInput,gradient_tape/model/conv2d_5/Conv2D/Conv2DBackpropInput,2,447.49,223.745,447.49,223.745,0.0033275748518625382,0.4137604162019886,0.0,0.0
66,Device,Conv2DBackpropInput,gradient_tape/model/conv2d_45/Conv2D/Conv2DBackpropInput,4,446.466,111.6165,446.466,111.6165,0.003319960298133277,0.41708037650012186,0.0,0.0
67,Device,Conv2DBackpropInput,gradient_tape/model/conv2d_8/Conv2D/Conv2DBackpropInput,2,446.466,223.233,446.466,223.233,0.003319960298133277,0.4204003367982551,0.0,0.0
68,Device,Conv2DBackpropInput,gradient_tape/model/conv2d_49/Conv2D/Conv2DBackpropInput,4,444.418,111.1045,444.418,111.1045,0.0033047311906747538,0.4237050679889299,0.0,0.0
69,Device,Conv2DBackpropInput,gradient_tape/model/conv2d_52/Conv2D/Conv2DBackpropInput,4,444.418,111.1045,444.418,111.1045,0.0033047311906747538,0.42700979917960463,0.0,0.0
70,Device,Conv2DBackpropFilter,gradient_tape/model/conv2d_18/Conv2D/Conv2DBackpropFilter,2,440.322,220.161,440.322,220.161,0.0032742729757577077,0.43028407215536235,0.0,0.0
71,Device,Conv2DBackpropFilter,gradient_tape/model/conv2d_21/Conv2D/Conv2DBackpropFilter,2,438.274,219.137,438.274,219.137,0.003259043868299185,0.4335431160236615,0.0,0.0
72,Device,Conv2DBackpropFilter,gradient_tape/model/conv2d_12/Conv2D/Conv2DBackpropFilter,2,434.178,217.089,434.178,217.089,0.0032285856533821387,0.43677170167704366,0.0,0.0
73,Device,Conv2DBackpropFilter,gradient_tape/model/conv2d_15/Conv2D/Conv2DBackpropFilter,2,434.178,217.089,434.178,217.089,0.0032285856533821387,0.4400002873304258,0.0,0.0
74,Device,Conv2DBackpropFilter,gradient_tape/model/conv2d_22/Conv2D/Conv2DBackpropFilter,2,433.154,216.577,433.154,216.577,0.003220971099652877,0.44322125843007865,0.0,0.0
75,Device,Conv2DBackpropFilter,gradient_tape/model/conv2d_19/Conv2D/Conv2DBackpropFilter,2,432.13,216.065,432.13,216.065,0.0032133565459236155,0.4464346149760023,0.0,0.0
76,Device,Conv2DBackpropFilter,gradient_tape/model/conv2d_16/Conv2D/Conv2DBackpropFilter,2,431.106,215.553,431.106,215.553,0.003205741992194354,0.44964035696819665,0.0,0.0
77,Device,Relu,model/activation_3/Relu,2,425.986,212.993,425.986,212.993,0.003167669223548046,0.4528080261917447,0.0,0.0
78,Device,Relu,model/activation_9/Relu,2,425.986,212.993,425.986,212.993,0.003167669223548046,0.45597569541529276,0.0,0.0
79,Device,Relu,model/activation_6/Relu,2,424.962,212.481,424.962,212.481,0.003160054669818785,0.45913575008511154,0.0,0.0
80,Device,Relu,model/activation/Relu,2,423.938,211.969,423.938,211.969,0.0031524401160895233,0.46228819020120104,0.0,0.0
81,Device,Conv2DBackpropInput,gradient_tape/model/conv2d_24/Conv2D/Conv2DBackpropInput,2,397.313,198.6565,397.313,198.6565,0.0029544542830410975,0.46524264448424213,0.0,0.0
82,Device,Conv2DBackpropInput,gradient_tape/model/conv2d_6/Conv2D/Conv2DBackpropInput,2,380.93,190.465,380.93,190.465,0.0028326288594605394,0.4680752733437027,0.0,0.0
83,Device,Conv2DBackpropInput,gradient_tape/model/conv2d_9/Conv2D/Conv2DBackpropInput,2,380.93,190.465,380.93,190.465,0.0028326288594605394,0.47090790220316325,0.0,0.0
84,Device,Conv2DBackpropFilter,gradient_tape/model/conv2d_38/Conv2D/Conv2DBackpropFilter,2,380.929,190.4645,380.929,190.4645,0.0028326214233729127,0.4737405236265362,0.0,0.0
85,Device,Conv2DBackpropFilter,gradient_tape/model/conv2d_29/Conv2D/Conv2DBackpropFilter,2,379.906,189.953,379.906,189.953,0.002825014305731278,0.47656553793226747,0.0,0.0
86,Device,Conv2DBackpropFilter,gradient_tape/model/conv2d_35/Conv2D/Conv2DBackpropFilter,2,378.882,189.441,378.882,189.441,0.002817399752002016,0.4793829376842695,0.0,0.0
87,Device,Conv2D,model/conv2d_47/Conv2D,2,378.882,189.441,378.882,189.441,0.002817399752002016,0.4822003374362715,0.0,0.0
88,Device,Conv2D,model/conv2d_9/Conv2D,2,378.882,189.441,378.882,189.441,0.002817399752002016,0.4850177371882735,0.0,0.0
89,Device,Conv2DBackpropFilter,gradient_tape/model/conv2d_41/Conv2D/Conv2DBackpropFilter,2,378.881,189.4405,378.881,189.4405,0.00281739231591439,0.4878351295041879,0.0,0.0
90,Device,Conv2DBackpropFilter,gradient_tape/model/conv2d_20/Conv2D/Conv2DBackpropFilter,2,377.858,188.929,377.858,188.929,0.002809785198272755,0.49064491470246063,0.0,0.0
91,Device,Conv2DBackpropFilter,gradient_tape/model/conv2d_25/Conv2D/Conv2DBackpropFilter,2,377.858,188.929,377.858,188.929,0.002809785198272755,0.4934546999007334,0.0,0.0
92,Device,Conv2DBackpropFilter,gradient_tape/model/conv2d_32/Conv2D/Conv2DBackpropFilter,2,377.858,188.929,377.858,188.929,0.002809785198272755,0.4962644850990061,0.0,0.0
93,Device,Conv2D,model/conv2d_50/Conv2D,2,377.858,188.929,377.858,188.929,0.002809785198272755,0.49907427029727885,0.0,0.0
94,Device,Conv2DBackpropFilter,gradient_tape/model/conv2d_17/Conv2D/Conv2DBackpropFilter,2,376.834,188.417,376.834,188.417,0.0028021706445434933,0.5018764409418224,0.0,0.0
95,Device,Conv2D,model/conv2d_5/Conv2D,2,376.833,188.4165,376.833,188.4165,0.002802163208455867,0.5046786041502782,0.0,0.0
96,Device,Conv2D,model/conv2d_2/Conv2D,2,374.786,187.393,374.786,187.393,0.00278694153708497,0.5074655456873631,0.0,0.0
97,Device,Conv2D,model/conv2d_8/Conv2D,2,374.785,187.3925,374.785,187.3925,0.002786934100997344,0.5102524797883605,0.0,0.0
98,Device,Conv2DBackpropFilter,gradient_tape/model/conv2d_23/Conv2D/Conv2DBackpropFilter,2,373.762,186.881,373.762,186.881,0.0027793269833557084,0.5130318067717162,0.0,0.0
99,Device,Conv2D,model/conv2d_6/Conv2D,2,373.762,186.881,373.762,186.881,0.0027793269833557084,0.5158111337550719,0.0,0.0
100,Device,Conv2DBackpropInput,gradient_tape/model/conv2d_2/Conv2D/Conv2DBackpropInput,2,370.69,185.345,370.69,185.345,0.002756483322167924,0.5185676170772399,0.0,0.0
101,Device,Conv2DBackpropFilter,gradient_tape/model/conv2d_13/Conv2D/Conv2DBackpropFilter,2,369.665,184.8325,369.665,184.8325,0.0027488613323510365,0.5213164784095909,0.0,0.0
102,Device,Conv2D,model/conv2d_16/Conv2D,2,366.594,183.297,366.594,183.297,0.002726025107250878,0.5240425035168418,0.0,0.0
103,Device,Conv2D,model/conv2d_22/Conv2D,2,365.57,182.785,365.57,182.785,0.0027184105535216162,0.5267609140703634,0.0,0.0
104,Device,Conv2D,model/conv2d_19/Conv2D,2,365.569,182.7845,365.569,182.7845,0.0027184031174339904,0.5294793171877974,0.0,0.0
105,Device,Conv2D,model/conv2d_12/Conv2D,2,364.545,182.2725,364.545,182.2725,0.0027107885637047287,0.5321901057515022,0.0,0.0
106,Device,Conv2DBackpropInput,gradient_tape/model/conv2d_12/Conv2D/Conv2DBackpropInput,2,363.522,181.761,363.522,181.761,0.0027031814460630934,0.5348932871975652,0.0,0.0
107,Device,Conv2DBackpropInput,gradient_tape/model/conv2d_19/Conv2D/Conv2DBackpropInput,2,363.522,181.761,363.522,181.761,0.0027031814460630934,0.5375964686436283,0.0,0.0
108,Device,Conv2DBackpropInput,gradient_tape/model/conv2d_22/Conv2D/Conv2DBackpropInput,2,362.498,181.249,362.498,181.249,0.0026955668923338318,0.5402920355359622,0.0,0.0
109,Device,Conv2DBackpropInput,gradient_tape/model/conv2d_16/Conv2D/Conv2DBackpropInput,2,361.474,180.737,361.474,180.737,0.00268795233860457,0.5429799878745667,0.0,0.0
110,Device,Conv2DBackpropInput,gradient_tape/model/conv2d_43/Conv2D/Conv2DBackpropInput,2,358.401,179.2005,358.401,179.2005,0.00266510124132916,0.5456450891158958,0.0,0.0
111,Device,Conv2D,model/conv2d_32/Conv2D,2,351.234,175.617,351.234,175.617,0.002611806801311955,0.5482568959172077,0.0,0.0
112,Device,Conv2D,model/conv2d_41/Conv2D,2,351.233,175.6165,351.233,175.6165,0.002611799365224329,0.5508686952824321,0.0,0.0
113,Device,Conv2D,model/conv2d_25/Conv2D,2,348.162,174.081,348.162,174.081,0.00258896314012417,0.5534576584225562,0.0,0.0
114,Device,Conv2D,model/conv2d_29/Conv2D,2,348.162,174.081,348.162,174.081,0.00258896314012417,0.5560466215626804,0.0,0.0
115,Device,Conv2D,model/conv2d_35/Conv2D,2,348.162,174.081,348.162,174.081,0.00258896314012417,0.5586355847028045,0.0,0.0
116,Device,Conv2DBackpropInput,gradient_tape/model/conv2d_25/Conv2D/Conv2DBackpropInput,2,347.138,173.569,347.138,173.569,0.002581348586394909,0.5612169332891994,0.0,0.0
117,Device,Conv2D,model/conv2d_38/Conv2D,2,347.138,173.569,347.138,173.569,0.002581348586394909,0.5637982818755943,0.0,0.0
118,Device,Conv2DBackpropInput,gradient_tape/model/conv2d_29/Conv2D/Conv2DBackpropInput,2,342.018,171.009,342.018,171.009,0.0025432758177486013,0.5663415576933429,0.0,0.0
119,Device,Conv2DBackpropInput,gradient_tape/model/conv2d_41/Conv2D/Conv2DBackpropInput,2,340.994,170.497,340.994,170.497,0.00253566126401934,0.5688772189573623,0.0,0.0
120,Device,Conv2DBackpropInput,gradient_tape/model/conv2d_35/Conv2D/Conv2DBackpropInput,2,339.97,169.985,339.97,169.985,0.0025280467102900784,0.5714052656676524,0.0,0.0
121,Device,Conv2DBackpropInput,gradient_tape/model/conv2d_32/Conv2D/Conv2DBackpropInput,2,338.946,169.473,338.946,169.473,0.0025204321565608172,0.5739256978242132,0.0,0.0
122,Device,Conv2DBackpropInput,gradient_tape/model/conv2d_38/Conv2D/Conv2DBackpropInput,2,338.945,169.4725,338.945,169.4725,0.0025204247204731905,0.5764461225446864,0.0,0.0
123,Device,ReluGrad,gradient_tape/model/activation_12/ReluGrad,2,333.826,166.913,333.826,166.913,0.0024823593879145095,0.5789284819326009,0.0,0.0
124,Device,ReluGrad,gradient_tape/model/activation_15/ReluGrad,2,332.802,166.401,332.802,166.401,0.002474744834185248,0.5814032267667861,0.0,0.0
125,Device,Conv2DBackpropFilter,gradient_tape/model/conv2d_11/Conv2D/Conv2DBackpropFilter,2,332.802,166.401,332.802,166.401,0.002474744834185248,0.5838779716009713,0.0,0.0
126,Device,ReluGrad,gradient_tape/model/activation_18/ReluGrad,2,331.778,165.889,331.778,165.889,0.0024671302804559862,0.5863451018814273,0.0,0.0
127,Device,AddN,SGD/gradients/AddN_11,2,325.634,162.817,325.634,162.817,0.0024214429580804173,0.5887665448395077,0.0,0.0
128,Device,FusedBatchNormV3,model/batch_normalization_21/FusedBatchNormV3,4,325.633,81.40825,325.633,81.40825,0.0024214355219927906,0.5911879803615006,0.0,0.0
129,Device,AddN,SGD/gradients/AddN_8,2,324.61,162.305,324.61,162.305,0.0024138284043511557,0.5936018087658517,0.0,0.0
130,Device,Conv2DBackpropFilter,gradient_tape/model/conv2d_45/Conv2D/Conv2DBackpropFilter,2,323.586,161.793,323.586,161.793,0.002406213850621894,0.5960080226164736,0.0,0.0
131,Device,Conv2DBackpropFilter,gradient_tape/model/conv2d_49/Conv2D/Conv2DBackpropFilter,2,323.585,161.7925,323.585,161.7925,0.0024062064145342677,0.5984142290310078,0.0,0.0
132,Device,AddN,SGD/gradients/AddN_10,2,322.562,161.281,322.562,161.281,0.0023985992968926324,0.6008128283279005,0.0,0.0
133,Device,FusedBatchNormV3,model/batch_normalization_12/FusedBatchNormV3,4,322.562,80.6405,322.562,80.6405,0.0023985992968926324,0.6032114276247932,0.0,0.0
134,Device,FusedBatchNormV3,model/batch_normalization_15/FusedBatchNormV3,4,322.561,80.64025,322.561,80.64025,0.002398591860805006,0.6056100194855982,0.0,0.0
135,Device,ReluGrad,gradient_tape/model/activation_21/ReluGrad,2,321.538,160.769,321.538,160.769,0.002390984743163371,0.6080010042287616,0.0,0.0
136,Device,AddN,SGD/gradients/AddN_9,2,320.514,160.257,320.514,160.257,0.0023833701894341096,0.6103843744181957,0.0,0.0
137,Device,AddV2,model/add_3/add,2,320.514,160.257,320.514,160.257,0.0023833701894341096,0.6127677446076298,0.0,0.0
138,Device,FusedBatchNormV3,model/batch_normalization_18/FusedBatchNormV3,4,320.514,80.1285,320.514,80.1285,0.0023833701894341096,0.615151114797064,0.0,0.0
139,Device,AddV2,model/add_6/add,2,319.49,159.745,319.49,159.745,0.002375755635704848,0.6175268704327688,0.0,0.0
140,Device,AddV2,model/add_4/add,2,319.489,159.7445,319.489,159.7445,0.0023757481996172216,0.6199026186323859,0.0,0.0
141,Device,Conv2DBackpropFilter,gradient_tape/model/conv2d_52/Conv2D/Conv2DBackpropFilter,2,318.466,159.233,318.466,159.233,0.0023681410819755863,0.6222707597143615,0.0,0.0
142,Device,AddV2,model/add_5/add,2,318.466,159.233,318.466,159.233,0.0023681410819755863,0.6246389007963371,0.0,0.0
143,Device,Conv2DBackpropInput,gradient_tape/model/conv2d_3/Conv2D/Conv2DBackpropInput,2,303.104,151.552,303.104,151.552,0.002253907903861411,0.6268928087001985,0.0,0.0
144,Device,Conv2DBackpropInput,gradient_tape/model/conv2d_26/Conv2D/Conv2DBackpropInput,2,299.009,149.5045,299.009,149.5045,0.002223457125031991,0.6291162658252305,0.0,0.0
145,Device,Conv2DBackpropInput,gradient_tape/model/conv2d_39/Conv2D/Conv2DBackpropInput,2,299.009,149.5045,299.009,149.5045,0.002223457125031991,0.6313397229502625,0.0,0.0
146,Device,Conv2DBackpropInput,gradient_tape/model/conv2d_33/Conv2D/Conv2DBackpropInput,2,297.986,148.993,297.986,148.993,0.002215850007390356,0.6335555729576529,0.0,0.0
147,Device,Conv2DBackpropInput,gradient_tape/model/conv2d_42/Conv2D/Conv2DBackpropInput,2,296.961,148.4805,296.961,148.4805,0.0022082280175734683,0.6357638009752263,0.0,0.0
148,Device,Conv2DBackpropInput,gradient_tape/model/conv2d_30/Conv2D/Conv2DBackpropInput,2,295.937,147.9685,295.937,147.9685,0.0022006134638442067,0.6379644144390706,0.0,0.0
149,Device,Conv2DBackpropFilter,gradient_tape/model/conv2d_30/Conv2D/Conv2DBackpropFilter,2,294.913,147.4565,294.913,147.4565,0.002192998910114945,0.6401574133491855,0.0,0.0
150,Device,Conv2DBackpropFilter,gradient_tape/model/conv2d_36/Conv2D/Conv2DBackpropFilter,2,294.913,147.4565,294.913,147.4565,0.002192998910114945,0.6423504122593005,0.0,0.0
151,Device,Conv2DBackpropInput,gradient_tape/model/conv2d_36/Conv2D/Conv2DBackpropInput,2,294.913,147.4565,294.913,147.4565,0.002192998910114945,0.6445434111694154,0.0,0.0
152,Device,Conv2D,model/conv2d_34/Conv2D,2,294.913,147.4565,294.913,147.4565,0.002192998910114945,0.6467364100795303,0.0,0.0
153,Device,Conv2D,model/conv2d_40/Conv2D,2,294.913,147.4565,294.913,147.4565,0.002192998910114945,0.6489294089896452,0.0,0.0
154,Device,Conv2DBackpropFilter,gradient_tape/model/conv2d_31/Conv2D/Conv2DBackpropFilter,4,293.89,73.4725,293.89,73.4725,0.0021853917924733097,0.6511148007821186,0.0,0.0
155,Device,Conv2DBackpropFilter,gradient_tape/model/conv2d_37/Conv2D/Conv2DBackpropFilter,4,293.89,73.4725,293.89,73.4725,0.0021853917924733097,0.6533001925745919,0.0,0.0
156,Device,Conv2D,model/conv2d_37/Conv2D,2,293.89,146.945,293.89,146.945,0.0021853917924733097,0.6554855843670653,0.0,0.0
157,Device,Conv2DBackpropFilter,gradient_tape/model/conv2d_39/Conv2D/Conv2DBackpropFilter,2,293.889,146.9445,293.889,146.9445,0.002185384356385684,0.657670968723451,0.0,0.0
158,Device,Conv2DBackpropFilter,gradient_tape/model/conv2d_40/Conv2D/Conv2DBackpropFilter,4,293.889,73.47225,293.889,73.47225,0.002185384356385684,0.6598563530798367,0.0,0.0
159,Device,Conv2D,model/conv2d_28/Conv2D,2,293.889,146.9445,293.889,146.9445,0.002185384356385684,0.6620417374362224,0.0,0.0
160,Device,Conv2D,model/conv2d_31/Conv2D,2,293.889,146.9445,293.889,146.9445,0.002185384356385684,0.6642271217926081,0.0,0.0
161,Device,Conv2DBackpropFilter,gradient_tape/model/conv2d_34/Conv2D/Conv2DBackpropFilter,4,293.888,73.472,293.888,73.472,0.002185376920298057,0.6664124987129062,0.0,0.0
162,Device,Conv2DBackpropFilter,gradient_tape/model/conv2d_28/Conv2D/Conv2DBackpropFilter,4,292.866,73.2165,292.866,73.2165,0.002177777238744048,0.6685902759516502,0.0,0.0
163,Device,Conv2DBackpropFilter,gradient_tape/model/conv2d_33/Conv2D/Conv2DBackpropFilter,2,292.866,146.433,292.866,146.433,0.002177777238744048,0.6707680531903942,0.0,0.0
164,Device,Conv2DBackpropFilter,gradient_tape/model/conv2d_26/Conv2D/Conv2DBackpropFilter,2,291.841,145.9205,291.841,145.9205,0.0021701552489271606,0.6729382084393214,0.0,0.0
165,Device,Conv2DBackpropFilter,gradient_tape/model/conv2d_42/Conv2D/Conv2DBackpropFilter,2,290.818,145.409,290.818,145.409,0.0021625481312855252,0.675100756570607,0.0,0.0
166,Device,Conv2DBackpropFilter,gradient_tape/model/conv2d_1/Conv2D/Conv2DBackpropFilter,2,289.793,144.8965,289.793,144.8965,0.0021549261414686373,0.6772556827120756,0.0,0.0
167,Device,Conv2DBackpropInput,gradient_tape/model/conv2d_10/Conv2D/Conv2DBackpropInput,2,288.77,144.385,288.77,144.385,0.002147319023827002,0.6794030017359026,0.0,0.0
168,Device,Conv2DBackpropInput,gradient_tape/model/conv2d_7/Conv2D/Conv2DBackpropInput,2,288.77,144.385,288.77,144.385,0.002147319023827002,0.6815503207597297,0.0,0.0
169,Device,Conv2DBackpropInput,gradient_tape/model/conv2d_15/Conv2D/Conv2DBackpropInput,2,288.769,144.3845,288.769,144.3845,0.002147311587739376,0.683697632347469,0.0,0.0
170,Device,Conv2DBackpropInput,gradient_tape/model/conv2d_18/Conv2D/Conv2DBackpropInput,2,286.722,143.361,286.722,143.361,0.002132089916368479,0.6858297222638375,0.0,0.0
171,Device,Conv2DBackpropInput,gradient_tape/model/conv2d_4/Conv2D/Conv2DBackpropInput,2,286.721,143.3605,286.721,143.3605,0.002132082480280853,0.6879618047441184,0.0,0.0
172,Device,Conv2DBackpropInput,gradient_tape/model/conv2d_21/Conv2D/Conv2DBackpropInput,2,285.698,142.849,285.698,142.849,0.0021244753626392175,0.6900862801067577,0.0,0.0
173,Device,FusedBatchNormGradV3,gradient_tape/model/batch_normalization_4/FusedBatchNormGradV3,2,282.626,141.313,282.626,141.313,0.002101631701451433,0.692187911808209,0.0,0.0
174,Device,FusedBatchNormGradV3,gradient_tape/model/batch_normalization_5/FusedBatchNormGradV3,2,282.626,141.313,282.626,141.313,0.002101631701451433,0.6942895435096604,0.0,0.0
175,Device,FusedBatchNormGradV3,gradient_tape/model/batch_normalization_7/FusedBatchNormGradV3,2,282.626,141.313,282.626,141.313,0.002101631701451433,0.6963911752111118,0.0,0.0
176,Device,FusedBatchNormGradV3,gradient_tape/model/batch_normalization_8/FusedBatchNormGradV3,2,282.626,141.313,282.626,141.313,0.002101631701451433,0.6984928069125632,0.0,0.0
177,Device,FusedBatchNormGradV3,gradient_tape/model/batch_normalization_1/FusedBatchNormGradV3,2,282.625,141.3125,282.625,141.3125,0.0021016242653638067,0.700594431177927,0.0,0.0
178,Device,FusedBatchNormGradV3,gradient_tape/model/batch_normalization_2/FusedBatchNormGradV3,2,282.625,141.3125,282.625,141.3125,0.0021016242653638067,0.7026960554432907,0.0,0.0
179,Device,Conv2DBackpropInput,gradient_tape/model/conv2d_50/Conv2D/Conv2DBackpropInput,2,280.578,140.289,280.578,140.289,0.0020864025939929098,0.7047824580372837,0.0,0.0
180,Device,Conv2DBackpropInput,gradient_tape/model/conv2d_47/Conv2D/Conv2DBackpropInput,2,278.529,139.2645,278.529,139.2645,0.0020711660504467606,0.7068536240877304,0.0,0.0
181,Device,MaxPool,model/max_pooling2d/MaxPool,2,278.529,139.2645,278.529,139.2645,0.0020711660504467606,0.7089247901381772,0.0,0.0
182,Device,Conv2D,model/conv2d_20/Conv2D,2,275.457,137.7285,275.457,137.7285,0.002048322389258976,0.7109731125274362,0.0,0.0
183,Device,Conv2D,model/conv2d_23/Conv2D,2,275.457,137.7285,275.457,137.7285,0.002048322389258976,0.7130214349166952,0.0,0.0
184,Device,Conv2D,model/conv2d_13/Conv2D,2,274.433,137.2165,274.433,137.2165,0.0020407078355297145,0.7150621427522249,0.0,0.0
185,Device,Conv2D,model/conv2d_17/Conv2D,2,272.385,136.1925,272.385,136.1925,0.0020254787280711913,0.7170876214802961,0.0,0.0
186,Device,Conv2D,model/conv2d_52/Conv2D,2,272.384,136.192,272.384,136.192,0.0020254712919835654,0.7191130927722797,0.0,0.0
187,Device,Conv2D,model/conv2d_45/Conv2D,2,270.337,135.1685,270.337,135.1685,0.0020102496206126684,0.7211233423928924,0.0,0.0
188,Device,Conv2D,model/conv2d_49/Conv2D,2,270.337,135.1685,270.337,135.1685,0.0020102496206126684,0.7231335920135051,0.0,0.0
189,Device,Conv2D,model/conv2d_43/Conv2D,2,266.242,133.121,266.242,133.121,0.0019797988417832486,0.7251133908552884,0.0,0.0
190,Device,Conv2D,model/conv2d_36/Conv2D,2,253.953,126.9765,253.953,126.9765,0.001888416760944484,0.7270018076162329,0.0,0.0
191,Device,Conv2D,model/conv2d_26/Conv2D,2,252.93,126.465,252.93,126.465,0.001880809643302849,0.7288826172595357,0.0,0.0
192,Device,Conv2D,model/conv2d_30/Conv2D,2,251.905,125.9525,251.905,125.9525,0.001873187653485961,0.7307558049130217,0.0,0.0
193,Device,Conv2D,model/conv2d_33/Conv2D,2,250.881,125.4405,250.881,125.4405,0.0018655730997566996,0.7326213780127784,0.0,0.0
194,Device,Conv2D,model/conv2d_39/Conv2D,2,250.881,125.4405,250.881,125.4405,0.0018655730997566996,0.734486951112535,0.0,0.0
195,Device,Conv2D,model/conv2d_42/Conv2D,2,250.881,125.4405,250.881,125.4405,0.0018655730997566996,0.7363525242122917,0.0,0.0
196,Device,Conv2DBackpropFilter,gradient_tape/model/conv2d_43/Conv2D/Conv2DBackpropFilter,4,248.833,62.20825,248.833,62.20825,0.0018503439922981765,0.7382028682045899,0.0,0.0
197,Device,Conv2DBackpropFilter,gradient_tape/model/conv2d_50/Conv2D/Conv2DBackpropFilter,4,247.809,61.95225,247.809,61.95225,0.0018427294385689149,0.7400455976431588,0.0,0.0
198,Device,Conv2DBackpropFilter,gradient_tape/model/conv2d_47/Conv2D/Conv2DBackpropFilter,4,244.738,61.1845,244.738,61.1845,0.0018198932134687567,0.7418654908566276,0.0,0.0
199,Device,Conv2DBackpropInput,gradient_tape/model/conv2d_13/Conv2D/Conv2DBackpropInput,2,242.688,121.344,242.688,121.344,0.001804649233834981,0.7436701400904625,0.0,0.0
200,Device,Conv2DBackpropInput,gradient_tape/model/conv2d_34/Conv2D/Conv2DBackpropInput,2,239.618,119.809,239.618,119.809,0.001781820444822449,0.745451960535285,0.0,0.0
201,Device,Conv2DBackpropInput,gradient_tape/model/conv2d_17/Conv2D/Conv2DBackpropInput,2,239.617,119.8085,239.617,119.8085,0.0017818130087348227,0.7472337735440198,0.0,0.0
202,Device,Conv2DBackpropInput,gradient_tape/model/conv2d_20/Conv2D/Conv2DBackpropInput,2,238.593,119.2965,238.593,119.2965,0.0017741984550055613,0.7490079719990254,0.0,0.0
203,Device,Conv2DBackpropInput,gradient_tape/model/conv2d_23/Conv2D/Conv2DBackpropInput,2,237.57,118.785,237.57,118.785,0.001766591337363926,0.7507745633363893,0.0,0.0
204,Device,Conv2DBackpropInput,gradient_tape/model/conv2d_31/Conv2D/Conv2DBackpropInput,2,237.569,118.7845,237.569,118.7845,0.0017665839012762996,0.7525411472376655,0.0,0.0
205,Device,Conv2DBackpropInput,gradient_tape/model/conv2d_40/Conv2D/Conv2DBackpropInput,2,237.569,118.7845,237.569,118.7845,0.0017665839012762996,0.7543077311389418,0.0,0.0
206,Device,Conv2DBackpropInput,gradient_tape/model/conv2d_28/Conv2D/Conv2DBackpropInput,2,236.545,118.2725,236.545,118.2725,0.0017589693475470382,0.7560667004864888,0.0,0.0
207,Device,Conv2D,model/conv2d_15/Conv2D,2,234.498,117.249,234.498,117.249,0.0017437476761761413,0.757810448162665,0.0,0.0
208,Device,Conv2DBackpropInput,gradient_tape/model/conv2d_37/Conv2D/Conv2DBackpropInput,2,234.497,117.2485,234.497,117.2485,0.0017437402400885152,0.7595541884027535,0.0,0.0
209,Device,Conv2D,model/conv2d_21/Conv2D,2,233.474,116.737,233.474,116.737,0.0017361331224468798,0.7612903215252004,0.0,0.0
210,Device,Conv2D,model/conv2d_18/Conv2D,2,233.472,116.736,233.472,116.736,0.0017361182502716275,0.763026439775472,0.0,0.0
211,Device,BiasAdd,model/conv2d_14/BiasAdd,2,226.306,113.153,226.306,113.153,0.0016828312463420493,0.7647092710218141,0.0,0.0
212,Device,BiasAdd,model/conv2d_20/BiasAdd,2,226.305,113.1525,226.305,113.1525,0.001682823810254423,0.7663920948320685,0.0,0.0
213,Device,BiasAdd,model/conv2d_23/BiasAdd,2,226.305,113.1525,226.305,113.1525,0.001682823810254423,0.7680749186423229,0.0,0.0
214,Device,BiasAdd,model/conv2d_17/BiasAdd,2,225.282,112.641,225.282,112.641,0.0016752166926127879,0.7697501353349357,0.0,0.0
215,Device,BiasAdd,model/conv2d_13/BiasAdd,2,225.281,112.6405,225.281,112.6405,0.0016752092565251616,0.771425344591461,0.0,0.0
216,Device,BiasAddGrad,gradient_tape/model/conv2d/BiasAdd/BiasAddGrad,2,215.041,107.5205,215.041,107.5205,0.001599063719232546,0.7730244083106935,0.0,0.0
217,Device,Conv2D,model/conv2d_11/Conv2D,2,215.041,107.5205,215.041,107.5205,0.001599063719232546,0.7746234720299261,0.0,0.0
218,Device,BiasAddGrad,gradient_tape/model/conv2d_10/BiasAdd/BiasAddGrad,2,212.992,106.496,212.992,106.496,0.001583827175686397,0.7762072992056125,0.0,0.0
219,Device,Relu,model/activation_12/Relu,2,212.992,106.496,212.992,106.496,0.001583827175686397,0.7777911263812989,0.0,0.0
220,Device,Relu,model/activation_18/Relu,2,212.992,106.496,212.992,106.496,0.001583827175686397,0.7793749535569853,0.0,0.0
221,Device,Relu,model/activation_21/Relu,2,212.992,106.496,212.992,106.496,0.001583827175686397,0.7809587807326717,0.0,0.0
222,Device,Relu,model/activation_15/Relu,2,211.97,105.985,211.97,105.985,0.001576227494132388,0.7825350082268041,0.0,0.0
223,Device,BiasAddGrad,gradient_tape/model/conv2d_7/BiasAdd/BiasAddGrad,2,211.968,105.984,211.968,105.984,0.0015762126219571353,0.7841112208487613,0.0,0.0
224,Device,BiasAddGrad,gradient_tape/model/conv2d_4/BiasAdd/BiasAddGrad,2,210.945,105.4725,210.945,105.4725,0.0015686055043155,0.7856798263530768,0.0,0.0
225,Device,SoftmaxCrossEntropyWithLogits,categorical_crossentropy/softmax_cross_entropy_with_logits,2,202.753,101.3765,202.753,101.3765,0.0015076890744814078,0.7871875154275582,0.0,0.0
226,Device,Conv2DBackpropFilter,gradient_tape/model/conv2d_24/Conv2D/Conv2DBackpropFilter,2,194.561,97.2805,194.561,97.2805,0.0014467726446473158,0.7886342880722055,0.0,0.0
227,Device,Conv2D,model/conv2d_24/Conv2D,2,184.321,92.1605,184.321,92.1605,0.0013706271073547006,0.7900049151795602,0.0,0.0
228,Device,FusedBatchNormGradV3,gradient_tape/model/batch_normalization_27/FusedBatchNormGradV3,2,175.105,87.5525,175.105,87.5525,0.0013020961237913467,0.7913070113033516,0.0,0.0
229,Device,AvgPoolGrad,gradient_tape/model/average_pooling2d/AvgPoolGrad,2,174.081,87.0405,174.081,87.0405,0.001294481570062085,0.7926014928734136,0.0,0.0
230,Device,FusedBatchNormGradV3,gradient_tape/model/batch_normalization_30/FusedBatchNormGradV3,2,174.081,87.0405,174.081,87.0405,0.001294481570062085,0.7938959744434757,0.0,0.0
231,Device,FusedBatchNormGradV3,gradient_tape/model/batch_normalization_24/FusedBatchNormGradV3,2,174.08,87.04,174.08,87.04,0.0012944741339744592,0.7951904485774501,0.0,0.0
232,Device,FusedBatchNormV3,model/batch_normalization_1/FusedBatchNormV3,4,174.08,43.52,174.08,43.52,0.0012944741339744592,0.7964849227114246,0.0,0.0
233,Device,FusedBatchNormGradV3,gradient_tape/model/batch_normalization_36/FusedBatchNormGradV3,2,173.057,86.5285,173.057,86.5285,0.0012868670163328237,0.7977717897277574,0.0,0.0
234,Device,FusedBatchNormGradV3,gradient_tape/model/batch_normalization_39/FusedBatchNormGradV3,2,173.056,86.528,173.056,86.528,0.0012868595802451976,0.7990586493080026,0.0,0.0
235,Device,ArgMax,ArgMax,2,172.033,86.0165,172.033,86.0165,0.001279252462603562,0.8003379017706062,0.0,0.0
236,Device,FusedBatchNormGradV3,gradient_tape/model/batch_normalization_33/FusedBatchNormGradV3,2,172.033,86.0165,172.033,86.0165,0.001279252462603562,0.8016171542332097,0.0,0.0
237,Device,FusedBatchNormV3,model/batch_normalization_2/FusedBatchNormV3,4,171.008,42.752,171.008,42.752,0.0012716304727866745,0.8028887847059963,0.0,0.0
238,Device,FusedBatchNormV3,model/batch_normalization_4/FusedBatchNormV3,4,169.984,42.496,169.984,42.496,0.001264015919057413,0.8041528006250538,0.0,0.0
239,Device,FusedBatchNormV3,model/batch_normalization_5/FusedBatchNormV3,4,169.984,42.496,169.984,42.496,0.001264015919057413,0.8054168165441112,0.0,0.0
240,Device,FusedBatchNormV3,model/batch_normalization_8/FusedBatchNormV3,4,169.984,42.496,169.984,42.496,0.001264015919057413,0.8066808324631687,0.0,0.0
241,Device,FusedBatchNormV3,model/batch_normalization_7/FusedBatchNormV3,4,168.96,42.24,168.96,42.24,0.0012564013653281515,0.8079372338284968,0.0,0.0
242,Device,ReluGrad,gradient_tape/model/activation_5/ReluGrad,2,167.936,83.968,167.936,83.968,0.0012487868115988899,0.8091860206400957,0.0,0.0
243,Device,ReluGrad,gradient_tape/model/activation_2/ReluGrad,2,166.913,83.4565,166.913,83.4565,0.0012411796939572547,0.8104272003340529,0.0,0.0
244,Device,ReluGrad,gradient_tape/model/activation_8/ReluGrad,2,166.912,83.456,166.912,83.456,0.0012411722578696285,0.8116683725919226,0.0,0.0
245,Device,ReluGrad,gradient_tape/model/activation_27/ReluGrad,2,165.889,82.9445,165.889,82.9445,0.0012335651402279931,0.8129019377321506,0.0,0.0
246,Device,ReluGrad,gradient_tape/model/activation_30/ReluGrad,2,165.889,82.9445,165.889,82.9445,0.0012335651402279931,0.8141355028723786,0.0,0.0
247,Device,ReluGrad,gradient_tape/model/activation_33/ReluGrad,2,165.889,82.9445,165.889,82.9445,0.0012335651402279931,0.8153690680126066,0.0,0.0
248,Device,ReluGrad,gradient_tape/model/activation_24/ReluGrad,2,165.888,82.944,165.888,82.944,0.0012335577041403668,0.8166026257167469,0.0,0.0
249,Device,ReluGrad,gradient_tape/model/activation_39/ReluGrad,2,165.888,82.944,165.888,82.944,0.0012335577041403668,0.8178361834208873,0.0,0.0
250,Device,ReluGrad,gradient_tape/model/activation_36/ReluGrad,2,164.865,82.4325,164.865,82.4325,0.0012259505864987317,0.819062134007386,0.0,0.0
251,Device,AddN,SGD/gradients/AddN_6,2,163.841,81.9205,163.841,81.9205,0.00121833603276947,0.8202804700401555,0.0,0.0
252,Device,AddN,SGD/gradients/AddN_3,2,162.817,81.4085,162.817,81.4085,0.0012107214790402086,0.8214911915191957,0.0,0.0
253,Device,AddN,SGD/gradients/AddN_4,2,162.817,81.4085,162.817,81.4085,0.0012107214790402086,0.8227019129982359,0.0,0.0
254,Device,AddN,SGD/gradients/AddN_7,2,162.817,81.4085,162.817,81.4085,0.0012107214790402086,0.8239126344772761,0.0,0.0
255,Device,AddV2,model/add_7/add,2,162.817,81.4085,162.817,81.4085,0.0012107214790402086,0.8251233559563164,0.0,0.0
256,Device,AddV2,model/add_9/add,2,162.817,81.4085,162.817,81.4085,0.0012107214790402086,0.8263340774353566,0.0,0.0
257,Device,AddN,SGD/gradients/AddN_5,2,162.816,81.408,162.816,81.408,0.0012107140429525824,0.8275447914783092,0.0,0.0
258,Device,AddV2,model/add_10/add,2,161.793,80.8965,161.793,80.8965,0.001203106925310947,0.8287478984036201,0.0,0.0
259,Device,AddV2,model/add_11/add,2,161.792,80.896,161.792,80.896,0.0012030994892233207,0.8299509978928434,0.0,0.0
260,Device,AddV2,model/add_12/add,2,161.792,80.896,161.792,80.896,0.0012030994892233207,0.8311540973820668,0.0,0.0
261,Device,AddV2,model/add_8/add,2,161.792,80.896,161.792,80.896,0.0012030994892233207,0.8323571968712902,0.0,0.0
262,Device,AddN,SGD/gradients/AddN_2,2,160.769,80.3845,160.769,80.3845,0.0011954923715816856,0.8335526892428718,0.0,0.0
263,Device,ReluGrad,gradient_tape/model/activation_4/ReluGrad,2,160.768,80.384,160.768,80.384,0.0011954849354940593,0.8347481741783659,0.0,0.0
264,Device,ReluGrad,gradient_tape/model/activation_7/ReluGrad,2,159.744,79.872,159.744,79.872,0.0011878703817647977,0.8359360445601307,0.0,0.0
265,Device,ReluGrad,gradient_tape/model/activation_1/ReluGrad,2,151.553,75.7765,151.553,75.7765,0.0011269613880183318,0.8370630059481491,0.0,0.0
266,Device,AddN,SGD/gradients/AddN_15,2,149.505,74.7525,149.505,74.7525,0.0011117322805598087,0.8381747382287089,0.0,0.0
267,Device,Conv2D,model/conv2d_1/Conv2D,2,149.505,74.7525,149.505,74.7525,0.0011117322805598087,0.8392864705092687,0.0,0.0
268,Device,Conv2DBackpropInput,gradient_tape/model/conv2d_1/Conv2D/Conv2DBackpropInput,2,133.122,66.561,133.122,66.561,0.0009899068569792506,0.840276377366248,0.0,0.0
269,Device,FusedBatchNormGradV3,gradient_tape/model/batch_normalization_11/FusedBatchNormGradV3,2,131.073,65.5365,131.073,65.5365,0.0009746703134331014,0.8412510476796812,0.0,0.0
270,Device,FusedBatchNormGradV3,gradient_tape/model/batch_normalization_13/FusedBatchNormGradV3,2,131.072,65.536,131.072,65.536,0.0009746628773454751,0.8422257105570267,0.0,0.0
271,Device,FusedBatchNormGradV3,gradient_tape/model/batch_normalization_16/FusedBatchNormGradV3,2,131.072,65.536,131.072,65.536,0.0009746628773454751,0.8432003734343722,0.0,0.0
272,Device,FusedBatchNormGradV3,gradient_tape/model/batch_normalization_14/FusedBatchNormGradV3,2,130.049,65.0245,130.049,65.0245,0.0009670557597038397,0.844167429194076,0.0,0.0
273,Device,FusedBatchNormGradV3,gradient_tape/model/batch_normalization_19/FusedBatchNormGradV3,2,129.024,64.512,129.024,64.512,0.000959433769886952,0.8451268629639629,0.0,0.0
274,Device,FusedBatchNormGradV3,gradient_tape/model/batch_normalization_10/FusedBatchNormGradV3,2,128.001,64.0005,128.001,64.0005,0.0009518266522453167,0.8460786896162082,0.0,0.0
275,Device,FusedBatchNormGradV3,gradient_tape/model/batch_normalization_17/FusedBatchNormGradV3,2,128.001,64.0005,128.001,64.0005,0.0009518266522453167,0.8470305162684536,0.0,0.0
276,Device,FusedBatchNormGradV3,gradient_tape/model/batch_normalization_20/FusedBatchNormGradV3,2,128.001,64.0005,128.001,64.0005,0.0009518266522453167,0.847982342920699,0.0,0.0
277,Device,ResourceApplyGradientDescent,SGD/SGD/update_196/ResourceApplyGradientDescent,2,124.929,62.4645,124.929,62.4645,0.0009289829910575321,0.8489113259117564,0.0,0.0
278,Device,BiasAddGrad,gradient_tape/model/conv2d_14/BiasAdd/BiasAddGrad,2,124.929,62.4645,124.929,62.4645,0.0009289829910575321,0.8498403089028139,0.0,0.0
279,Device,BiasAddGrad,gradient_tape/model/conv2d_17/BiasAdd/BiasAddGrad,2,124.928,62.464,124.928,62.464,0.0009289755549699059,0.8507692844577839,0.0,0.0
280,Device,BiasAddGrad,gradient_tape/model/conv2d_23/BiasAdd/BiasAddGrad,2,124.928,62.464,124.928,62.464,0.0009289755549699059,0.8516982600127538,0.0,0.0
281,Device,AddN,SGD/gradients/AddN_64,2,123.905,61.9525,123.905,61.9525,0.0009213684373282706,0.8526196284500821,0.0,0.0
282,Device,ResourceApplyGradientDescent,SGD/SGD/update_184/ResourceApplyGradientDescent,2,123.904,61.952,123.904,61.952,0.0009213610012406443,0.8535409894513227,0.0,0.0
283,Device,BiasAddGrad,gradient_tape/model/conv2d_20/BiasAdd/BiasAddGrad,2,123.904,61.952,123.904,61.952,0.0009213610012406443,0.8544623504525634,0.0,0.0
284,Device,ResourceApplyGradientDescent,SGD/SGD/update_170/ResourceApplyGradientDescent,2,122.881,61.4405,122.881,61.4405,0.0009137538835990091,0.8553761043361624,0.0,0.0
285,Device,AddN,SGD/gradients/AddN_67,2,122.881,61.4405,122.881,61.4405,0.0009137538835990091,0.8562898582197614,0.0,0.0
286,Device,AddN,SGD/gradients/AddN_60,2,122.88,61.44,122.88,61.44,0.0009137464475113828,0.8572036046672729,0.0,0.0
287,Device,Mul,gradient_tape/conv2d_48/kernel/Regularizer/Mul_1,2,120.834,60.417,120.834,60.417,0.0008985322122281123,0.858102136879501,0.0,0.0
288,Device,Mul,gradient_tape/conv2d_51/kernel/Regularizer/Mul_1,2,120.834,60.417,120.834,60.417,0.0008985322122281123,0.8590006690917291,0.0,0.0
289,Device,FusedBatchNormV3,model/batch_normalization_27/FusedBatchNormV3,4,119.809,29.95225,119.809,29.95225,0.0008909102224112245,0.8598915793141404,0.0,0.0
290,Device,FusedBatchNormV3,model/batch_normalization_36/FusedBatchNormV3,4,118.785,29.69625,118.785,29.69625,0.000883295668681963,0.8607748749828223,0.0,0.0
291,Device,FusedBatchNormV3,model/batch_normalization_24/FusedBatchNormV3,4,117.761,29.44025,117.761,29.44025,0.0008756811149527014,0.8616505560977751,0.0,0.0
292,Device,FusedBatchNormV3,model/batch_normalization_33/FusedBatchNormV3,4,117.761,29.44025,117.761,29.44025,0.0008756811149527014,0.8625262372127278,0.0,0.0
293,Device,BiasAdd,model/conv2d_1/BiasAdd,2,117.761,58.8805,117.761,58.8805,0.0008756811149527014,0.8634019183276805,0.0,0.0
294,Device,FusedBatchNormV3,model/batch_normalization_30/FusedBatchNormV3,4,116.736,29.184,116.736,29.184,0.0008680591251358137,0.8642699774528163,0.0,0.0
295,Device,FusedBatchNormV3,model/batch_normalization_39/FusedBatchNormV3,4,116.736,29.184,116.736,29.184,0.0008680591251358137,0.8651380365779521,0.0,0.0
296,Device,BiasAdd,model/conv2d_27/BiasAdd,2,115.713,57.8565,115.713,57.8565,0.0008604520074941784,0.8659984885854463,0.0,0.0
297,Device,BiasAdd,model/conv2d_5/BiasAdd,2,111.617,55.8085,111.617,55.8085,0.0008299937925771324,0.8668284823780233,0.0,0.0
298,Device,BiasAdd,model/conv2d_8/BiasAdd,2,111.617,55.8085,111.617,55.8085,0.0008299937925771324,0.8676584761706004,0.0,0.0
299,Device,Relu,model/activation_1/Relu,2,110.593,55.2965,110.593,55.2965,0.0008223792388478708,0.8684808554094483,0.0,0.0
300,Device,Relu,model/activation_4/Relu,2,110.593,55.2965,110.593,55.2965,0.0008223792388478708,0.8693032346482962,0.0,0.0
301,Device,Relu,model/activation_8/Relu,2,110.593,55.2965,110.593,55.2965,0.0008223792388478708,0.870125613887144,0.0,0.0
302,Device,ArgMax,ArgMax_1,2,110.592,55.296,110.592,55.296,0.0008223718027602446,0.8709479856899043,0.0,0.0
303,Device,ResourceApplyGradientDescent,SGD/SGD/update_174/ResourceApplyGradientDescent,2,109.569,54.7845,109.569,54.7845,0.0008147646851186092,0.8717627503750229,0.0,0.0
304,Device,Relu,model/activation_7/Relu,2,109.569,54.7845,109.569,54.7845,0.0008147646851186092,0.8725775150601416,0.0,0.0
305,Device,BiasAdd,model/conv2d_42/BiasAdd,2,109.568,54.784,109.568,54.784,0.0008147572490309831,0.8733922723091726,0.0,0.0
306,Device,Relu,model/activation_2/Relu,2,108.545,54.2725,108.545,54.2725,0.0008071501313893477,0.8741994224405619,0.0,0.0
307,Device,Relu,model/activation_5/Relu,2,108.545,54.2725,108.545,54.2725,0.0008071501313893477,0.8750065725719512,0.0,0.0
308,Device,BiasAdd,model/conv2d_33/BiasAdd,2,108.545,54.2725,108.545,54.2725,0.0008071501313893477,0.8758137227033406,0.0,0.0
309,Device,Mul,gradient_tape/conv2d_46/kernel/Regularizer/Mul_1,2,108.544,54.272,108.544,54.272,0.0008071426953017215,0.8766208653986423,0.0,0.0
310,Device,BiasAdd,model/conv2d_26/BiasAdd,2,108.544,54.272,108.544,54.272,0.0008071426953017215,0.877428008093944,0.0,0.0
311,Device,BiasAdd,model/conv2d_30/BiasAdd,2,107.521,53.7605,107.521,53.7605,0.0007995355776600862,0.878227543671604,0.0,0.0
312,Device,BiasAdd,model/conv2d_6/BiasAdd,2,107.521,53.7605,107.521,53.7605,0.0007995355776600862,0.8790270792492642,0.0,0.0
313,Device,BiasAdd,model/conv2d_9/BiasAdd,2,107.521,53.7605,107.521,53.7605,0.0007995355776600862,0.8798266148269243,0.0,0.0
314,Device,BiasAdd,model/conv2d_36/BiasAdd,2,107.52,53.76,107.52,53.76,0.00079952814157246,0.8806261429684967,0.0,0.0
315,Device,BiasAdd,model/conv2d_39/BiasAdd,2,107.52,53.76,107.52,53.76,0.00079952814157246,0.8814256711100692,0.0,0.0
316,Device,Mul,gradient_tape/conv2d_44/kernel/Regularizer/Mul_1,2,106.497,53.2485,106.497,53.2485,0.0007919210239308247,0.882217592134,0.0,0.0
317,Device,BiasAdd,model/conv2d_2/BiasAdd,2,106.497,53.2485,106.497,53.2485,0.0007919210239308247,0.8830095131579307,0.0,0.0
318,Device,Relu,model/activation_39/Relu,2,104.448,52.224,104.448,52.224,0.0007766844803846753,0.8837861976383155,0.0,0.0
319,Device,AddN,SGD/gradients/AddN_61,2,103.425,51.7125,103.425,51.7125,0.0007690773627430401,0.8845552750010585,0.0,0.0
320,Device,Relu,model/activation_27/Relu,2,101.377,50.6885,101.377,50.6885,0.000753848255284517,0.8853091232563429,0.0,0.0
321,Device,Relu,model/activation_30/Relu,2,101.377,50.6885,101.377,50.6885,0.000753848255284517,0.8860629715116274,0.0,0.0
322,Device,Relu,model/activation_36/Relu,2,101.377,50.6885,101.377,50.6885,0.000753848255284517,0.8868168197669118,0.0,0.0
323,Device,Relu,model/activation_24/Relu,2,101.376,50.688,101.376,50.688,0.0007538408191968909,0.8875706605861088,0.0,0.0
324,Device,Relu,model/activation_33/Relu,2,101.376,50.688,101.376,50.688,0.0007538408191968909,0.8883245014053057,0.0,0.0
325,Device,FusedBatchNormGradV3,gradient_tape/model/batch_normalization_48/FusedBatchNormGradV3,2,99.328,49.664,99.328,49.664,0.0007386117117383678,0.8890631131170441,0.0,0.0
326,Device,FusedBatchNormGradV3,gradient_tape/model/batch_normalization_45/FusedBatchNormGradV3,2,98.304,49.152,98.304,49.152,0.0007309971580091063,0.8897941102750532,0.0,0.0
327,Device,FusedBatchNormGradV3,gradient_tape/model/batch_normalization_42/FusedBatchNormGradV3,2,97.281,48.6405,97.281,48.6405,0.0007233900403674711,0.8905175003154207,0.0,0.0
328,Device,Transpose,gradient_tape/model/conv2d/Conv2D/Conv2DBackpropFilter-0-TransposeNHWCToNCHW-LayoutOptimizer,2,97.28,48.64,97.28,48.64,0.0007233826042798448,0.8912408829197005,0.0,0.0
329,Device,ResourceApplyGradientDescent,SGD/SGD/update_204/ResourceApplyGradientDescent,2,95.233,47.6165,95.233,47.6165,0.000708160932908948,0.8919490438526094,0.0,0.0
330,Device,AddV2,model/add_15/add,2,83.969,41.9845,83.969,41.9845,0.0006244008418870711,0.8925734446944965,0.0,0.0
331,Device,AddV2,model/add_14/add,2,83.968,41.984,83.968,41.984,0.0006243934057994449,0.893197838100296,0.0,0.0
332,Device,ReluGrad,gradient_tape/model/activation_45/ReluGrad,2,82.945,41.4725,82.945,41.4725,0.0006167862881578096,0.8938146243884537,0.0,0.0
333,Device,Square,conv2d_48/kernel/Regularizer/Square,2,82.944,41.472,82.944,41.472,0.0006167788520701834,0.894431403240524,0.0,0.0
334,Device,Square,conv2d_44/kernel/Regularizer/Square,2,81.921,40.9605,81.921,40.9605,0.0006091717344285482,0.8950405749749525,0.0,0.0
335,Device,ReluGrad,gradient_tape/model/activation_11/ReluGrad,2,81.921,40.9605,81.921,40.9605,0.0006091717344285482,0.895649746709381,0.0,0.0
336,Device,AddV2,model/add_13/add,2,81.921,40.9605,81.921,40.9605,0.0006091717344285482,0.8962589184438096,0.0,0.0
337,Device,Square,conv2d_51/kernel/Regularizer/Square,2,81.92,40.96,81.92,40.96,0.0006091642983409219,0.8968680827421505,0.0,0.0
338,Device,ReluGrad,gradient_tape/model/activation_42/ReluGrad,2,81.92,40.96,81.92,40.96,0.0006091642983409219,0.8974772470404914,0.0,0.0
339,Device,FusedBatchNormV3,model/batch_normalization_42/FusedBatchNormV3,4,81.92,20.48,81.92,20.48,0.0006091642983409219,0.8980864113388323,0.0,0.0
340,Device,ReluGrad,gradient_tape/model/activation_48/ReluGrad,2,79.873,39.9365,79.873,39.9365,0.0005939426269700251,0.8986803539658023,0.0,0.0
341,Device,FusedBatchNormV3,model/batch_normalization_48/FusedBatchNormV3,4,79.873,19.96825,79.873,19.96825,0.0005939426269700251,0.8992742965927722,0.0,0.0
342,Device,AddN,SGD/gradients/AddN_1,2,79.872,39.936,79.872,39.936,0.0005939351908823988,0.8998682317836546,0.0,0.0
343,Device,FusedBatchNormV3,model/batch_normalization_45/FusedBatchNormV3,4,78.849,19.71225,78.849,19.71225,0.0005863280732407636,0.9004545598568954,0.0,0.0
344,Device,ReluGrad,gradient_tape/model/activation_19/ReluGrad,2,77.824,38.912,77.824,38.912,0.0005787060834238758,0.9010332659403193,0.0,0.0
345,Device,ReluGrad,gradient_tape/model/activation_13/ReluGrad,2,76.801,38.4005,76.801,38.4005,0.0005710989657822406,0.9016043649061015,0.0,0.0
346,Device,ReluGrad,gradient_tape/model/activation_16/ReluGrad,2,76.801,38.4005,76.801,38.4005,0.0005710989657822406,0.9021754638718837,0.0,0.0
347,Device,ReluGrad,gradient_tape/model/activation_10/ReluGrad,2,76.8,38.4,76.8,38.4,0.0005710915296946143,0.9027465554015783,0.0,0.0
348,Device,BiasAddGrad,gradient_tape/model/conv2d_36/BiasAdd/BiasAddGrad,2,76.8,38.4,76.8,38.4,0.0005710915296946143,0.9033176469312729,0.0,0.0
349,Device,AddN,SGD/gradients/AddN,2,75.777,37.8885,75.777,37.8885,0.000563484412052979,0.9038811313433259,0.0,0.0
350,Device,Tile,gradient_tape/conv2d_44/kernel/Regularizer/Tile,2,75.777,37.8885,75.777,37.8885,0.000563484412052979,0.9044446157553789,0.0,0.0
351,Device,BiasAddGrad,gradient_tape/model/conv2d_27/BiasAdd/BiasAddGrad,2,75.777,37.8885,75.777,37.8885,0.000563484412052979,0.9050081001674319,0.0,0.0
352,Device,BiasAddGrad,gradient_tape/model/conv2d_30/BiasAdd/BiasAddGrad,2,75.777,37.8885,75.777,37.8885,0.000563484412052979,0.905571584579485,0.0,0.0
353,Device,ReluGrad,gradient_tape/model/activation_17/ReluGrad,2,75.776,37.888,75.776,37.888,0.0005634769759653527,0.9061350615554503,0.0,0.0
354,Device,Mul,gradient_tape/conv2d_46/kernel/Regularizer/Mul,2,74.752,37.376,74.752,37.376,0.0005558624222360912,0.9066909239776864,0.0,0.0
355,Device,ReluGrad,gradient_tape/model/activation_14/ReluGrad,2,74.752,37.376,74.752,37.376,0.0005558624222360912,0.9072467863999224,0.0,0.0
356,Device,ReluGrad,gradient_tape/model/activation_20/ReluGrad,2,74.752,37.376,74.752,37.376,0.0005558624222360912,0.9078026488221584,0.0,0.0
357,Device,BiasAddGrad,gradient_tape/model/conv2d_33/BiasAdd/BiasAddGrad,2,74.752,37.376,74.752,37.376,0.0005558624222360912,0.9083585112443945,0.0,0.0
358,Device,BiasAddGrad,gradient_tape/model/conv2d_39/BiasAdd/BiasAddGrad,2,74.752,37.376,74.752,37.376,0.0005558624222360912,0.9089143736666305,0.0,0.0
359,Device,BiasAddGrad,gradient_tape/model/conv2d_42/BiasAdd/BiasAddGrad,2,73.728,36.864,73.728,36.864,0.0005482478685068297,0.9094626215351373,0.0,0.0
360,Device,Square,conv2d_46/kernel/Regularizer/Square,2,72.704,36.352,72.704,36.352,0.0005406333147775682,0.910003254849915,0.0,0.0
361,Device,BiasAddGrad,gradient_tape/model/conv2d_6/BiasAdd/BiasAddGrad,2,69.633,34.8165,69.633,34.8165,0.0005177970896774098,0.9105210519395923,0.0,0.0
362,Device,Mul,gradient_tape/conv2d_44/kernel/Regularizer/Mul,2,69.632,34.816,69.632,34.816,0.0005177896535897837,0.911038841593182,0.0,0.0
363,Device,BiasAddGrad,gradient_tape/model/conv2d_9/BiasAdd/BiasAddGrad,2,69.632,34.816,69.632,34.816,0.0005177896535897837,0.9115566312467718,0.0,0.0
364,Device,BiasAddGrad,gradient_tape/model/conv2d_2/BiasAdd/BiasAddGrad,2,68.608,34.304,68.608,34.304,0.0005101750998605222,0.9120668063466323,0.0,0.0
365,Device,BiasAddGrad,gradient_tape/model/conv2d_5/BiasAdd/BiasAddGrad,2,67.584,33.792,67.584,33.792,0.0005025605461312606,0.9125693668927636,0.0,0.0
366,Device,BiasAddGrad,gradient_tape/model/conv2d_8/BiasAdd/BiasAddGrad,2,67.584,33.792,67.584,33.792,0.0005025605461312606,0.9130719274388949,0.0,0.0
367,Device,BiasAddGrad,gradient_tape/model/conv2d_1/BiasAdd/BiasAddGrad,2,65.536,32.768,65.536,32.768,0.00048733143867273754,0.9135592588775676,0.0,0.0
368,Device,FusedBatchNormV3,model/batch_normalization_10/FusedBatchNormV3,4,62.464,15.616,62.464,15.616,0.00046448777748495296,0.9140237466550526,0.0,0.0
369,Device,FusedBatchNormV3,model/batch_normalization_14/FusedBatchNormV3,4,61.441,15.36025,61.441,15.36025,0.0004568806598433177,0.9144806273148959,0.0,0.0
370,Device,FusedBatchNormV3,model/batch_normalization_11/FusedBatchNormV3,4,61.44,15.36,61.44,15.36,0.0004568732237556914,0.9149375005386515,0.0,0.0
371,Device,FusedBatchNormV3,model/batch_normalization_19/FusedBatchNormV3,4,61.44,15.36,61.44,15.36,0.0004568732237556914,0.9153943737624072,0.0,0.0
372,Device,BiasAdd,model/conv2d_46/BiasAdd,2,61.44,30.72,61.44,30.72,0.0004568732237556914,0.9158512469861628,0.0,0.0
373,Device,Tile,gradient_tape/conv2d_46/kernel/Regularizer/Tile,2,60.416,30.208,60.416,30.208,0.00044925867002642986,0.9163005056561893,0.0,0.0
374,Device,ResourceApplyGradientDescent,SGD/SGD/update_188/ResourceApplyGradientDescent,2,59.393,29.6965,59.393,29.6965,0.00044165155238479463,0.9167421572085741,0.0,0.0
375,Device,ResourceApplyGradientDescent,SGD/SGD/update_176/ResourceApplyGradientDescent,2,59.392,29.696,59.392,29.696,0.0004416441162971684,0.9171838013248713,0.0,0.0
376,Device,ResourceApplyGradientDescent,SGD/SGD/update_180/ResourceApplyGradientDescent,2,59.392,29.696,59.392,29.696,0.0004416441162971684,0.9176254454411685,0.0,0.0
377,Device,ResourceApplyGradientDescent,SGD/SGD/update_192/ResourceApplyGradientDescent,2,59.392,29.696,59.392,29.696,0.0004416441162971684,0.9180670895574657,0.0,0.0
378,Device,ResourceApplyGradientDescent,SGD/SGD/update_200/ResourceApplyGradientDescent,2,59.392,29.696,59.392,29.696,0.0004416441162971684,0.918508733673763,0.0,0.0
379,Device,FusedBatchNormV3,model/batch_normalization_13/FusedBatchNormV3,4,59.392,14.848,59.392,14.848,0.0004416441162971684,0.9189503777900602,0.0,0.0
380,Device,FusedBatchNormV3,model/batch_normalization_16/FusedBatchNormV3,4,59.392,14.848,59.392,14.848,0.0004416441162971684,0.9193920219063574,0.0,0.0
381,Device,FusedBatchNormV3,model/batch_normalization_17/FusedBatchNormV3,4,59.392,14.848,59.392,14.848,0.0004416441162971684,0.9198336660226546,0.0,0.0
382,Device,FusedBatchNormV3,model/batch_normalization_20/FusedBatchNormV3,4,59.392,14.848,59.392,14.848,0.0004416441162971684,0.9202753101389518,0.0,0.0
383,Device,AddN,SGD/gradients/AddN_66,2,58.368,29.184,58.368,29.184,0.00043402956256790687,0.9207093397015197,0.0,0.0
384,Device,AddN,SGD/gradients/AddN_63,2,57.345,28.6725,57.345,28.6725,0.00042642244492627153,0.921135762146446,0.0,0.0
385,Device,AddN,SGD/gradients/AddN_62,2,57.344,28.672,57.344,28.672,0.00042641500883864534,0.9215621771552847,0.0,0.0
386,Device,AddN,SGD/gradients/AddN_65,2,57.344,28.672,57.344,28.672,0.00042641500883864534,0.9219885921641233,0.0,0.0
387,Device,AddN,SGD/gradients/AddN_68,2,57.344,28.672,57.344,28.672,0.00042641500883864534,0.922415007172962,0.0,0.0
388,Device,Mul,gradient_tape/conv2d_49/kernel/Regularizer/Mul_1,2,57.344,28.672,57.344,28.672,0.00042641500883864534,0.9228414221818007,0.0,0.0
389,Device,Mul,gradient_tape/conv2d_50/kernel/Regularizer/Mul_1,2,57.344,28.672,57.344,28.672,0.00042641500883864534,0.9232678371906393,0.0,0.0
390,Device,Sum,conv2d_44/kernel/Regularizer/Sum,2,56.32,28.16,56.32,28.16,0.0004188004551093838,0.9236866376457487,0.0,0.0
391,Device,MatMul,model/dense/MatMul,2,56.32,28.16,56.32,28.16,0.0004188004551093838,0.924105438100858,0.0,0.0
392,Device,Mul,gradient_tape/conv2d_45/kernel/Regularizer/Mul_1,2,55.296,27.648,55.296,27.648,0.0004111859013801223,0.9245166240022381,0.0,0.0
393,Device,Mul,gradient_tape/conv2d_47/kernel/Regularizer/Mul_1,2,55.296,27.648,55.296,27.648,0.0004111859013801223,0.9249278099036182,0.0,0.0
394,Device,Mul,gradient_tape/conv2d_52/kernel/Regularizer/Mul_1,2,55.296,27.648,55.296,27.648,0.0004111859013801223,0.9253389958049983,0.0,0.0
395,Device,MatMul,gradient_tape/model/dense/MatMul/MatMul,2,55.296,27.648,55.296,27.648,0.0004111859013801223,0.9257501817063785,0.0,0.0
396,Device,FusedBatchNormGradV3,gradient_tape/model/batch_normalization_23/FusedBatchNormGradV3,2,50.176,25.088,50.176,25.088,0.00037311313273381467,0.9261232948391123,0.0,0.0
397,Device,FusedBatchNormGradV3,gradient_tape/model/batch_normalization_22/FusedBatchNormGradV3,2,49.153,24.5765,49.153,24.5765,0.0003655060150921794,0.9264888008542045,0.0,0.0
398,Device,FusedBatchNormGradV3,gradient_tape/model/batch_normalization_31/FusedBatchNormGradV3,2,49.153,24.5765,49.153,24.5765,0.0003655060150921794,0.9268543068692967,0.0,0.0
399,Device,BiasAdd,model/conv2d_12/BiasAdd,2,49.153,24.5765,49.153,24.5765,0.0003655060150921794,0.9272198128843889,0.0,0.0
400,Device,Sum,conv2d_48/kernel/Regularizer/Sum,2,49.152,24.576,49.152,24.576,0.00036549857900455314,0.9275853114633935,0.0,0.0
401,Device,Sum,conv2d_51/kernel/Regularizer/Sum,2,49.152,24.576,49.152,24.576,0.00036549857900455314,0.9279508100423981,0.0,0.0
402,Device,FusedBatchNormGradV3,gradient_tape/model/batch_normalization_25/FusedBatchNormGradV3,2,49.152,24.576,49.152,24.576,0.00036549857900455314,0.9283163086214027,0.0,0.0
403,Device,BiasAdd,model/conv2d_22/BiasAdd,2,49.152,24.576,49.152,24.576,0.00036549857900455314,0.9286818072004073,0.0,0.0
404,Device,FusedBatchNormGradV3,gradient_tape/model/batch_normalization_28/FusedBatchNormGradV3,2,48.128,24.064,48.128,24.064,0.0003578840252752916,0.9290396912256825,0.0,0.0
405,Device,FusedBatchNormGradV3,gradient_tape/model/batch_normalization_34/FusedBatchNormGradV3,2,48.128,24.064,48.128,24.064,0.0003578840252752916,0.9293975752509578,0.0,0.0
406,Device,FusedBatchNormGradV3,gradient_tape/model/batch_normalization_37/FusedBatchNormGradV3,2,48.128,24.064,48.128,24.064,0.0003578840252752916,0.929755459276233,0.0,0.0
407,Device,BiasAddGrad,gradient_tape/model/conv2d_16/BiasAdd/BiasAddGrad,2,48.128,24.064,48.128,24.064,0.0003578840252752916,0.9301133433015083,0.0,0.0
408,Device,BiasAddGrad,gradient_tape/model/conv2d_19/BiasAdd/BiasAddGrad,2,48.128,24.064,48.128,24.064,0.0003578840252752916,0.9304712273267836,0.0,0.0
409,Device,BiasAdd,model/conv2d_16/BiasAdd,2,48.128,24.064,48.128,24.064,0.0003578840252752916,0.9308291113520588,0.0,0.0
410,Device,FusedBatchNormGradV3,gradient_tape/model/batch_normalization_35/FusedBatchNormGradV3,2,47.105,23.5525,47.105,23.5525,0.0003502769076336563,0.9311793882596925,0.0,0.0
411,Device,BiasAdd,model/conv2d_19/BiasAdd,2,47.105,23.5525,47.105,23.5525,0.0003502769076336563,0.9315296651673262,0.0,0.0
412,Device,FusedBatchNormGradV3,gradient_tape/model/batch_normalization_26/FusedBatchNormGradV3,2,46.08,23.04,46.08,23.04,0.00034265491781676857,0.931872320085143,0.0,0.0
413,Device,FusedBatchNormGradV3,gradient_tape/model/batch_normalization_29/FusedBatchNormGradV3,2,46.08,23.04,46.08,23.04,0.00034265491781676857,0.9322149750029598,0.0,0.0
414,Device,BiasAddGrad,gradient_tape/model/conv2d_12/BiasAdd/BiasAddGrad,2,46.08,23.04,46.08,23.04,0.00034265491781676857,0.9325576299207766,0.0,0.0
415,Device,BiasAddGrad,gradient_tape/model/conv2d_22/BiasAdd/BiasAddGrad,2,46.08,23.04,46.08,23.04,0.00034265491781676857,0.9329002848385934,0.0,0.0
416,Device,BiasAddGrad,gradient_tape/model/conv2d_52/BiasAdd/BiasAddGrad,2,46.08,23.04,46.08,23.04,0.00034265491781676857,0.9332429397564103,0.0,0.0
417,Device,MatMul,gradient_tape/model/dense/MatMul/MatMul_1,2,46.08,23.04,46.08,23.04,0.00034265491781676857,0.9335855946742271,0.0,0.0
418,Device,BiasAddGrad,gradient_tape/model/conv2d_49/BiasAdd/BiasAddGrad,2,45.057,22.5285,45.057,22.5285,0.0003350478001751333,0.9339206424744022,0.0,0.0
419,Device,BiasAdd,model/conv2d_18/BiasAdd,2,45.057,22.5285,45.057,22.5285,0.0003350478001751333,0.9342556902745773,0.0,0.0
420,Device,Sum,conv2d_46/kernel/Regularizer/Sum,2,45.056,22.528,45.056,22.528,0.00033504036408750704,0.9345907306386648,0.0,0.0
421,Device,FusedBatchNormGradV3,gradient_tape/model/batch_normalization_32/FusedBatchNormGradV3,2,45.056,22.528,45.056,22.528,0.00033504036408750704,0.9349257710027523,0.0,0.0
422,Device,FusedBatchNormGradV3,gradient_tape/model/batch_normalization_38/FusedBatchNormGradV3,2,45.056,22.528,45.056,22.528,0.00033504036408750704,0.9352608113668398,0.0,0.0
423,Device,BiasAddGrad,gradient_tape/model/conv2d_46/BiasAdd/BiasAddGrad,2,45.056,22.528,45.056,22.528,0.00033504036408750704,0.9355958517309273,0.0,0.0
424,Device,BiasAdd,model/conv2d_15/BiasAdd,2,45.056,22.528,45.056,22.528,0.00033504036408750704,0.9359308920950148,0.0,0.0
425,Device,BiasAdd,model/conv2d_21/BiasAdd,2,45.056,22.528,45.056,22.528,0.00033504036408750704,0.9362659324591023,0.0,0.0
426,Device,ReluGrad,gradient_tape/model/activation_23/ReluGrad,2,44.033,22.0165,44.033,22.0165,0.00032743324644587176,0.9365933657055482,0.0,0.0
427,Device,AddN,ArithmeticOptimizer/AddOpsRewrite_AddN_1,12,44.032,3.669333333333333,44.032,3.669333333333333,0.0003274258103582455,0.9369207915159065,0.0,0.0
428,Device,ReluGrad,gradient_tape/model/activation_22/ReluGrad,2,41.984,20.992,41.984,20.992,0.00031219670289972247,0.9372329882188062,0.0,0.0
429,Device,Relu,model/activation_48/Relu,2,41.984,20.992,41.984,20.992,0.00031219670289972247,0.9375451849217059,0.0,0.0
430,Device,ReluGrad,gradient_tape/model/activation_28/ReluGrad,2,40.961,20.4805,40.961,20.4805,0.0003045895852580872,0.937849774506964,0.0,0.0
431,Device,BiasAdd,model/conv2d_49/BiasAdd,2,40.961,20.4805,40.961,20.4805,0.0003045895852580872,0.9381543640922222,0.0,0.0
432,Device,ReluGrad,gradient_tape/model/activation_25/ReluGrad,2,40.96,20.48,40.96,20.48,0.00030458214917046094,0.9384589462413927,0.0,0.0
433,Device,ReluGrad,gradient_tape/model/activation_31/ReluGrad,2,40.96,20.48,40.96,20.48,0.00030458214917046094,0.9387635283905632,0.0,0.0
434,Device,ReluGrad,gradient_tape/model/activation_34/ReluGrad,2,40.96,20.48,40.96,20.48,0.00030458214917046094,0.9390681105397337,0.0,0.0
435,Device,ReluGrad,gradient_tape/model/activation_37/ReluGrad,2,40.96,20.48,40.96,20.48,0.00030458214917046094,0.9393726926889042,0.0,0.0
436,Device,BiasAddGrad,gradient_tape/model/conv2d_15/BiasAdd/BiasAddGrad,2,40.96,20.48,40.96,20.48,0.00030458214917046094,0.9396772748380747,0.0,0.0
437,Device,BiasAddGrad,gradient_tape/model/conv2d_18/BiasAdd/BiasAddGrad,2,40.96,20.48,40.96,20.48,0.00030458214917046094,0.9399818569872452,0.0,0.0
438,Device,Relu,model/activation_42/Relu,2,40.96,20.48,40.96,20.48,0.00030458214917046094,0.9402864391364157,0.0,0.0
439,Device,Relu,model/activation_45/Relu,2,40.96,20.48,40.96,20.48,0.00030458214917046094,0.9405910212855862,0.0,0.0
440,Device,Square,conv2d_45/kernel/Regularizer/Square,2,39.936,19.968,39.936,19.968,0.0002969675954411994,0.9408879888810274,0.0,0.0
441,Device,Mul,gradient_tape/conv2d_47/kernel/Regularizer/Mul,2,39.936,19.968,39.936,19.968,0.0002969675954411994,0.9411849564764686,0.0,0.0
442,Device,BiasAddGrad,gradient_tape/model/conv2d_11/BiasAdd/BiasAddGrad,2,39.936,19.968,39.936,19.968,0.0002969675954411994,0.9414819240719098,0.0,0.0
443,Device,BiasAddGrad,gradient_tape/model/conv2d_21/BiasAdd/BiasAddGrad,2,39.936,19.968,39.936,19.968,0.0002969675954411994,0.941778891667351,0.0,0.0
444,Device,Relu,model/activation_13/Relu,2,39.936,19.968,39.936,19.968,0.0002969675954411994,0.9420758592627921,0.0,0.0
445,Device,Relu,model/activation_17/Relu,2,39.936,19.968,39.936,19.968,0.0002969675954411994,0.9423728268582333,0.0,0.0
446,Device,Relu,model/activation_19/Relu,2,39.936,19.968,39.936,19.968,0.0002969675954411994,0.9426697944536745,0.0,0.0
447,Device,BiasAdd,model/conv2d_45/BiasAdd,2,39.936,19.968,39.936,19.968,0.0002969675954411994,0.9429667620491157,0.0,0.0
448,Device,BiasAdd,model/conv2d_52/BiasAdd,2,39.936,19.968,39.936,19.968,0.0002969675954411994,0.9432637296445568,0.0,0.0
449,Device,Relu,model/activation_10/Relu,2,38.913,19.4565,38.913,19.4565,0.00028936047779956414,0.9435530901223564,0.0,0.0
450,Device,Relu,model/activation_16/Relu,2,38.913,19.4565,38.913,19.4565,0.00028936047779956414,0.943842450600156,0.0,0.0
451,Device,Square,conv2d_47/kernel/Regularizer/Square,2,38.912,19.456,38.912,19.456,0.0002893530417119379,0.944131803641868,0.0,0.0
452,Device,Square,conv2d_49/kernel/Regularizer/Square,2,38.912,19.456,38.912,19.456,0.0002893530417119379,0.94442115668358,0.0,0.0
453,Device,Square,conv2d_50/kernel/Regularizer/Square,2,38.912,19.456,38.912,19.456,0.0002893530417119379,0.9447105097252919,0.0,0.0
454,Device,Square,conv2d_52/kernel/Regularizer/Square,2,38.912,19.456,38.912,19.456,0.0002893530417119379,0.9449998627670039,0.0,0.0
455,Device,Mul,gradient_tape/conv2d_45/kernel/Regularizer/Mul,2,38.912,19.456,38.912,19.456,0.0002893530417119379,0.9452892158087158,0.0,0.0
456,Device,FusedBatchNormGradV3,gradient_tape/model/batch_normalization_46/FusedBatchNormGradV3,2,38.912,19.456,38.912,19.456,0.0002893530417119379,0.9455785688504278,0.0,0.0
457,Device,Relu,model/activation_11/Relu,2,38.912,19.456,38.912,19.456,0.0002893530417119379,0.9458679218921398,0.0,0.0
458,Device,Relu,model/activation_14/Relu,2,38.912,19.456,38.912,19.456,0.0002893530417119379,0.9461572749338517,0.0,0.0
459,Device,Relu,model/activation_20/Relu,2,38.912,19.456,38.912,19.456,0.0002893530417119379,0.9464466279755637,0.0,0.0
460,Device,BiasAdd,model/conv2d_11/BiasAdd,2,37.888,18.944,37.888,18.944,0.00028173848798267637,0.9467283664635463,0.0,0.0
461,Device,ResourceApplyGradientDescent,SGD/SGD/update_110/ResourceApplyGradientDescent,2,36.864,18.432,36.864,18.432,0.00027412393425341484,0.9470024903977997,0.0,0.0
462,Device,ResourceApplyGradientDescent,SGD/SGD/update_122/ResourceApplyGradientDescent,2,36.864,18.432,36.864,18.432,0.00027412393425341484,0.9472766143320531,0.0,0.0
463,Device,ResourceApplyGradientDescent,SGD/SGD/update_134/ResourceApplyGradientDescent,2,36.864,18.432,36.864,18.432,0.00027412393425341484,0.9475507382663065,0.0,0.0
464,Device,ResourceApplyGradientDescent,SGD/SGD/update_158/ResourceApplyGradientDescent,2,35.841,17.9205,35.841,17.9205,0.00026651681661177956,0.9478172550829184,0.0,0.0
465,Device,ReluGrad,gradient_tape/model/activation_26/ReluGrad,2,35.84,17.92,35.84,17.92,0.00026650938052415337,0.9480837644634426,0.0,0.0
466,Device,ReluGrad,gradient_tape/model/activation_32/ReluGrad,2,35.84,17.92,35.84,17.92,0.00026650938052415337,0.9483502738439668,0.0,0.0
467,Device,FusedBatchNormGradV3,gradient_tape/model/batch_normalization_40/FusedBatchNormGradV3,2,35.84,17.92,35.84,17.92,0.00026650938052415337,0.948616783224491,0.0,0.0
468,Device,FusedBatchNormGradV3,gradient_tape/model/batch_normalization_41/FusedBatchNormGradV3,2,35.84,17.92,35.84,17.92,0.00026650938052415337,0.9488832926050151,0.0,0.0
469,Device,FusedBatchNormGradV3,gradient_tape/model/batch_normalization_43/FusedBatchNormGradV3,2,35.84,17.92,35.84,17.92,0.00026650938052415337,0.9491498019855393,0.0,0.0
470,Device,FusedBatchNormGradV3,gradient_tape/model/batch_normalization_44/FusedBatchNormGradV3,2,35.84,17.92,35.84,17.92,0.00026650938052415337,0.9494163113660635,0.0,0.0
471,Device,AddN,SGD/gradients/AddN_54,2,34.817,17.4085,34.817,17.4085,0.00025890226288251804,0.949675213628946,0.0,0.0
472,Device,ResourceApplyGradientDescent,SGD/SGD/update_146/ResourceApplyGradientDescent,2,34.816,17.408,34.816,17.408,0.00025889482679489185,0.9499341084557409,0.0,0.0
473,Device,ResourceApplyGradientDescent,SGD/SGD/update_96/ResourceApplyGradientDescent,2,34.816,17.408,34.816,17.408,0.00025889482679489185,0.9501930032825358,0.0,0.0
474,Device,AddN,SGD/gradients/AddN_41,2,34.816,17.408,34.816,17.408,0.00025889482679489185,0.9504518981093306,0.0,0.0
475,Device,AddN,SGD/gradients/AddN_48,2,34.816,17.408,34.816,17.408,0.00025889482679489185,0.9507107929361255,0.0,0.0
476,Device,AddN,SGD/gradients/AddN_51,2,34.816,17.408,34.816,17.408,0.00025889482679489185,0.9509696877629203,0.0,0.0
477,Device,Tile,gradient_tape/conv2d_45/kernel/Regularizer/Tile,2,34.816,17.408,34.816,17.408,0.00025889482679489185,0.9512285825897152,0.0,0.0
478,Device,Tile,gradient_tape/conv2d_47/kernel/Regularizer/Tile,2,34.816,17.408,34.816,17.408,0.00025889482679489185,0.9514874774165101,0.0,0.0
479,Device,ReluGrad,gradient_tape/model/activation_29/ReluGrad,2,34.816,17.408,34.816,17.408,0.00025889482679489185,0.9517463722433049,0.0,0.0
480,Device,ReluGrad,gradient_tape/model/activation_35/ReluGrad,2,34.816,17.408,34.816,17.408,0.00025889482679489185,0.9520052670700998,0.0,0.0
481,Device,ReluGrad,gradient_tape/model/activation_38/ReluGrad,2,34.816,17.408,34.816,17.408,0.00025889482679489185,0.9522641618968947,0.0,0.0
482,Device,FusedBatchNormGradV3,gradient_tape/model/batch_normalization_47/FusedBatchNormGradV3,2,34.816,17.408,34.816,17.408,0.00025889482679489185,0.9525230567236895,0.0,0.0
483,Device,AddN,SGD/gradients/AddN_45,2,33.792,16.896,33.792,16.896,0.0002512802730656303,0.9527743369967552,0.0,0.0
484,Device,ResourceApplyGradientDescent,SGD/SGD/update_166/ResourceApplyGradientDescent,2,32.769,16.3845,32.769,16.3845,0.000243673155423995,0.9530180101521791,0.0,0.0
485,Device,Mul,gradient_tape/conv2d_25/kernel/Regularizer/Mul_1,2,32.769,16.3845,32.769,16.3845,0.000243673155423995,0.9532616833076031,0.0,0.0
486,Device,AddN,SGD/gradients/AddN_57,2,32.768,16.384,32.768,16.384,0.00024366571933636877,0.9535053490269394,0.0,0.0
487,Device,ResourceApplyGradientDescent,SGD/SGD/update_100/ResourceApplyGradientDescent,2,31.744,15.872,31.744,15.872,0.00023605116560710724,0.9537414001925465,0.0,0.0
488,Device,Mul,gradient_tape/conv2d_27/kernel/Regularizer/Mul_1,2,31.744,15.872,31.744,15.872,0.00023605116560710724,0.9539774513581536,0.0,0.0
489,Device,Mul,gradient_tape/conv2d_29/kernel/Regularizer/Mul_1,2,31.744,15.872,31.744,15.872,0.00023605116560710724,0.9542135025237607,0.0,0.0
490,Device,Mul,gradient_tape/conv2d_35/kernel/Regularizer/Mul_1,2,31.744,15.872,31.744,15.872,0.00023605116560710724,0.9544495536893678,0.0,0.0
491,Device,BiasAddGrad,gradient_tape/model/conv2d_31/BiasAdd/BiasAddGrad,2,31.744,15.872,31.744,15.872,0.00023605116560710724,0.9546856048549749,0.0,0.0
492,Device,FusedBatchNormV3,model/batch_normalization_29/FusedBatchNormV3,4,31.744,7.936,31.744,7.936,0.00023605116560710724,0.954921656020582,0.0,0.0
493,Device,BiasAddGrad,gradient_tape/model/conv2d_40/BiasAdd/BiasAddGrad,2,30.721,15.3605,30.721,15.3605,0.00022844404796547194,0.9551501000685475,0.0,0.0
494,Device,AddN,SGD/gradients/AddN_42,2,30.72,15.36,30.72,15.36,0.0002284366118778457,0.9553785366804254,0.0,0.0
495,Device,Mul,gradient_tape/conv2d_32/kernel/Regularizer/Mul_1,2,30.72,15.36,30.72,15.36,0.0002284366118778457,0.9556069732923033,0.0,0.0
496,Device,Mul,gradient_tape/conv2d_38/kernel/Regularizer/Mul_1,2,30.72,15.36,30.72,15.36,0.0002284366118778457,0.9558354099041811,0.0,0.0
497,Device,Mul,gradient_tape/conv2d_41/kernel/Regularizer/Mul_1,2,30.72,15.36,30.72,15.36,0.0002284366118778457,0.956063846516059,0.0,0.0
498,Device,BiasAddGrad,gradient_tape/model/conv2d_28/BiasAdd/BiasAddGrad,2,30.72,15.36,30.72,15.36,0.0002284366118778457,0.9562922831279369,0.0,0.0
499,Device,BiasAddGrad,gradient_tape/model/conv2d_34/BiasAdd/BiasAddGrad,2,30.72,15.36,30.72,15.36,0.0002284366118778457,0.9565207197398148,0.0,0.0
500,Device,FusedBatchNormV3,model/batch_normalization_26/FusedBatchNormV3,4,30.72,7.68,30.72,7.68,0.0002284366118778457,0.9567491563516927,0.0,0.0
501,Host,IDLE,IDLE,0,547900.285,0.0,547900.285,0.0,0.0,0.0,0.9928030981615895,0.9928030981615895
502,Host,GatherV2,GatherV2,2,3576.522,1788.261,3576.522,1788.261,0.0,0.0,0.006480708660779551,0.9992838068223691
503,Host,Dataset,Iterator::Root::ParallelMapV2::Zip[1]::ForeverRepeat,2,65.391,32.6955,60.661,30.3305,0.0,0.0,0.00010991859355864394,0.9993937254159277
504,Host,IteratorGetNext,IteratorGetNext,2,49.601,24.8005,49.601,24.8005,0.0,0.0,8.987771647520315e-05,0.9994836031324029
505,Host,GatherV2,GatherV2_1,2,41.401,20.7005,41.401,20.7005,0.0,0.0,7.501920001189262e-05,0.9995586223324148
506,Host,Dataset,Iterator::Root::ParallelMapV2,2,41.321,20.6605,41.321,20.6605,0.0,0.0,7.487423887566518e-05,0.9996334965712904
507,Host,Dataset,Iterator::Root,2,78.301,39.1505,36.98,18.49,0.0,0.0,6.700828522112481e-05,0.9997005048565115
508,Host,FlushSummaryWriter,FlushSummaryWriter,1,35.78,35.78,35.78,35.78,0.0,0.0,6.483386817771352e-05,0.9997653387246892
509,Host,LogicalAnd,LogicalAnd,1,33.391,33.391,33.391,33.391,0.0,0.0,6.05049662471222e-05,0.9998258436909363
510,Host,WriteSummary,WriteSummary,1,22.97,22.97,22.97,22.97,0.0,0.0,4.162196623929792e-05,0.9998674656571755
511,Host,Dataset,Iterator::Root::ParallelMapV2::Zip[0]::FlatMap[1]::TensorSlice,2,20.721,10.3605,20.721,10.3605,0.0,0.0,3.754674629710458e-05,0.9999050124034726
512,Host,Dataset,Iterator::Root::ParallelMapV2::Zip[0]::FlatMap,2,32.621,16.3105,11.9,5.95,0.0,0.0,2.1562969013828703e-05,0.9999265753724864
513,Host,Dataset,Iterator::Root::ParallelMapV2::Zip,2,108.772,54.386,10.76,5.38,0.0,0.0,1.949727282258797e-05,0.999946072645309
514,Host,_Send,IteratorGetNext/_3,2,7.971,3.9855,7.971,3.9855,0.0,0.0,1.4443565210859544e-05,0.9999605162105198
515,Host,ReadVariableOp,ReadVariableOp,1,6.94,6.94,6.94,6.94,0.0,0.0,1.2575378567728673e-05,0.9999730915890875
516,Host,_Send,IteratorGetNext/_1,2,5.1,2.55,5.1,2.55,0.0,0.0,9.241272434498014e-06,0.999982332861522
517,Host,Dataset,Iterator::Root::ParallelMapV2::Zip[1]::ForeverRepeat::FromTensor,4,4.73,1.1825,4.73,1.1825,0.0,0.0,8.5708271794462e-06,0.9999909036887015
518,Host,Identity,Identity,2,2.88,1.44,2.88,1.44,0.0,0.0,5.218600904187114e-06,0.9999961222896057
519,Host,_Send,IteratorGetNext/_6,2,2.14,1.07,2.14,1.07,0.0,0.0,3.877710394083481e-06,0.9999999999999998
