Rank,Host/device,Type,Operation,#Occurrences,Total time (us),Avg. time (us),Total self-time (us),Avg. self-time (us),Total self-time on Device (%),Cumulative total-self time on Device (%),Total self-time on Host (%),Cumulative total-self time on Host (%)
1,Device,IDLE,IDLE,0,24336.29,0.0,24336.29,0.0,0.13945188372833486,0.13945188372833486,0.0,0.0
2,Device,_Recv,IteratorGetNext/_2,2,3221.966,1610.983,3221.966,1610.983,0.018462519472304453,0.15791440320063932,0.0,0.0
3,Device,Conv2DBackpropFilter,gradient_tape/inception_v3/conv2d_4/Conv2D/Conv2DBackpropFilter,2,2707.467,1353.7335,2707.467,1353.7335,0.015514335721767927,0.17342873892240723,0.0,0.0
4,Device,Conv2DBackpropInput,gradient_tape/inception_v3/conv2d_4/Conv2D/Conv2DBackpropInput,2,2527.242,1263.621,2527.242,1263.621,0.014481609873048211,0.18791034879545546,0.0,0.0
5,Device,FusedBatchNormGradV3,gradient_tape/inception_v3/batch_normalization_2/FusedBatchNormGradV3,2,2500.619,1250.3095,2500.619,1250.3095,0.014329054676652233,0.2022394034721077,0.0,0.0
6,Device,Conv2DBackpropFilter,gradient_tape/inception_v3/conv2d_2/Conv2D/Conv2DBackpropFilter,2,2492.427,1246.2135,2492.427,1246.2135,0.014282112853083295,0.21652151632519098,0.0,0.0
7,Device,Conv2D,inception_v3/conv2d_4/Conv2D,4,2398.219,599.55475,2398.219,599.55475,0.013742281882040503,0.23026379820723147,0.0,0.0
8,Device,Conv2DBackpropInput,gradient_tape/inception_v3/conv2d_2/Conv2D/Conv2DBackpropInput,2,2266.122,1133.061,2266.122,1133.061,0.012985339246788298,0.24324913745401977,0.0,0.0
9,Device,FusedBatchNormV3,inception_v3/batch_normalization_2/FusedBatchNormV3,4,2057.226,514.3065,2057.226,514.3065,0.011788322745780372,0.2550374601998001,0.0,0.0
10,Device,MaxPoolGrad,gradient_tape/inception_v3/max_pooling2d/MaxPool/MaxPoolGrad,2,1657.862,828.931,1657.862,828.931,0.009499885925982337,0.26453734612578245,0.0,0.0
11,Device,Conv2D,inception_v3/conv2d_2/Conv2D,2,1651.718,825.859,1651.718,825.859,0.009464679558305633,0.2740020256840881,0.0,0.0
12,Device,Conv2DBackpropInput,gradient_tape/inception_v3/conv2d_26/Conv2D/Conv2DBackpropInput,2,1604.616,802.308,1604.616,802.308,0.009194775533190381,0.28319680121727847,0.0,0.0
13,Device,Conv2DBackpropInput,gradient_tape/inception_v3/conv2d_1/Conv2D/Conv2DBackpropInput,2,1584.135,792.0675,1584.135,792.0675,0.009077415244064963,0.29227421646134344,0.0,0.0
14,Device,FusedBatchNormGradV3,gradient_tape/inception_v3/batch_normalization/FusedBatchNormGradV3,2,1515.526,757.763,1515.526,757.763,0.008684271741472032,0.30095848820281546,0.0,0.0
15,Device,FusedBatchNormGradV3,gradient_tape/inception_v3/batch_normalization_4/FusedBatchNormGradV3,2,1509.383,754.6915,1509.383,754.6915,0.008649071103998401,0.30960755930681383,0.0,0.0
16,Device,Conv2DBackpropFilter,gradient_tape/inception_v3/conv2d_1/Conv2D/Conv2DBackpropFilter,2,1500.166,750.083,1500.166,750.083,0.008596255822280272,0.3182038151290941,0.0,0.0
17,Device,FusedBatchNormGradV3,gradient_tape/inception_v3/batch_normalization_1/FusedBatchNormGradV3,2,1418.246,709.123,1418.246,709.123,0.00812683758659089,0.326330652715685,0.0,0.0
18,Device,ReluGrad,gradient_tape/inception_v3/activation_2/ReluGrad,2,1254.406,627.203,1254.406,627.203,0.007188001115212121,0.3335186538308971,0.0,0.0
19,Device,Conv2D,inception_v3/conv2d_26/Conv2D,2,1086.469,543.2345,1086.469,543.2345,0.006225688001845813,0.33974434183274294,0.0,0.0
20,Device,Conv2DBackpropFilter,gradient_tape/inception_v3/conv2d_26/Conv2D/Conv2DBackpropFilter,4,1067.012,266.753,1067.012,266.753,0.006114195440666511,0.3458585372734094,0.0,0.0
21,Device,FusedBatchNormV3,inception_v3/batch_normalization_4/FusedBatchNormV3,4,923.652,230.913,923.652,230.913,0.00529271352821009,0.3511512508016195,0.0,0.0
22,Device,Conv2D,inception_v3/conv2d_1/Conv2D,2,922.628,461.314,922.628,461.314,0.005286845800263973,0.35643809660188347,0.0,0.0
23,Device,FusedBatchNormV3,inception_v3/batch_normalization_1/FusedBatchNormV3,4,912.388,228.097,912.388,228.097,0.0052281685208028,0.3616662651226863,0.0,0.0
24,Device,FusedBatchNormV3,inception_v3/batch_normalization/FusedBatchNormV3,4,888.836,222.209,888.836,222.209,0.005093210778042102,0.3667594759007284,0.0,0.0
25,Device,ReluGrad,gradient_tape/inception_v3/activation_4/ReluGrad,2,867.332,433.666,867.332,433.666,0.004969988491173639,0.371729464391902,0.0,0.0
26,Device,Relu,inception_v3/activation_2/Relu,2,802.82,401.41,802.82,401.41,0.00460032163056825,0.37632978602247025,0.0,0.0
27,Device,Conv2DBackpropFilter,gradient_tape/inception_v3/conv2d/Conv2D/Conv2DBackpropFilter,2,768.004,384.002,768.004,384.002,0.004400818880400261,0.38073060490287053,0.0,0.0
28,Device,FusedBatchNormGradV3,gradient_tape/inception_v3/batch_normalization_3/FusedBatchNormGradV3,2,666.628,333.314,666.628,333.314,0.0038199138137346494,0.38455051871660517,0.0,0.0
29,Device,MaxPoolGrad,gradient_tape/inception_v3/max_pooling2d_1/MaxPool/MaxPoolGrad,2,648.195,324.0975,648.195,324.0975,0.0037142889805014657,0.38826480769710664,0.0,0.0
30,Device,ReluGrad,gradient_tape/inception_v3/activation/ReluGrad,2,647.172,323.586,647.172,323.586,0.0037084269827584206,0.39197323467986506,0.0,0.0
31,Device,ReluGrad,gradient_tape/inception_v3/activation_1/ReluGrad,2,620.546,310.273,620.546,310.273,0.003555854595753226,0.3955290892756183,0.0,0.0
32,Device,Conv2DBackpropFilter,gradient_tape/inception_v3/conv2d_3/Conv2D/Conv2DBackpropFilter,2,590.851,295.4255,590.851,295.4255,0.0033856962155188967,0.3989147854911372,0.0,0.0
33,Device,Conv2DBackpropFilter,gradient_tape/inception_v3/conv2d_17/Conv2D/Conv2DBackpropFilter,4,579.586,144.8965,579.586,144.8965,0.003321145477908534,0.4022359309690457,0.0,0.0
34,Device,Conv2DBackpropFilter,gradient_tape/inception_v3/conv2d_10/Conv2D/Conv2DBackpropFilter,4,577.539,144.38475,577.539,144.38475,0.003309415752219372,0.4055453467212651,0.0,0.0
35,Device,Conv2DBackpropFilter,gradient_tape/inception_v3/conv2d_24/Conv2D/Conv2DBackpropFilter,4,577.539,144.38475,577.539,144.38475,0.003309415752219372,0.40885476247348446,0.0,0.0
36,Device,Relu,inception_v3/activation_4/Relu,2,551.939,275.9695,551.939,275.9695,0.0031627225535664394,0.4120174850270509,0.0,0.0
37,Device,Conv2DBackpropFilter,gradient_tape/inception_v3/conv2d_90/Conv2D/Conv2DBackpropFilter,4,532.482,133.1205,532.482,133.1205,0.0030512299923871385,0.41506871501943804,0.0,0.0
38,Device,Conv2DBackpropFilter,gradient_tape/inception_v3/conv2d_81/Conv2D/Conv2DBackpropFilter,4,531.458,132.8645,531.458,132.8645,0.003045362264441021,0.41811407728387906,0.0,0.0
39,Device,Conv2DBackpropFilter,gradient_tape/inception_v3/conv2d_23/Conv2D/Conv2DBackpropFilter,2,519.17,259.585,519.17,259.585,0.0029749495290876133,0.42108902681296667,0.0,0.0
40,Device,Conv2DBackpropFilter,gradient_tape/inception_v3/conv2d_16/Conv2D/Conv2DBackpropFilter,2,518.147,259.0735,518.147,259.0735,0.002969087531344569,0.42405811434431123,0.0,0.0
41,Device,Conv2DBackpropFilter,gradient_tape/inception_v3/conv2d_9/Conv2D/Conv2DBackpropFilter,2,518.146,259.073,518.146,259.073,0.002969081801141496,0.4270271961454527,0.0,0.0
42,Device,Conv2DBackpropFilter,gradient_tape/inception_v3/conv2d_28/Conv2D/Conv2DBackpropFilter,2,517.122,258.561,517.122,258.561,0.002963214073195379,0.4299904102186481,0.0,0.0
43,Device,MaxPool,inception_v3/max_pooling2d/MaxPool,2,512.002,256.001,512.002,256.001,0.0029338754334647926,0.4329242856521129,0.0,0.0
44,Device,Conv2D,inception_v3/conv2d_90/Conv2D,4,482.307,120.57675,482.307,120.57675,0.0027637170532304636,0.43568800270534336,0.0,0.0
45,Device,Conv2D,inception_v3/conv2d_81/Conv2D,4,479.234,119.8085,479.234,119.8085,0.002746108139189039,0.4384341108445324,0.0,0.0
46,Device,AddN,SGD/gradients/AddN_12,2,472.066,236.033,472.066,236.033,0.0027050340435662177,0.4411391448880986,0.0,0.0
47,Device,Conv2DBackpropInput,gradient_tape/inception_v3/conv2d_90/Conv2D/Conv2DBackpropInput,4,460.802,115.2005,460.802,115.2005,0.002640489036158928,0.4437796339242575,0.0,0.0
48,Device,Conv2DBackpropInput,gradient_tape/inception_v3/conv2d_81/Conv2D/Conv2DBackpropInput,4,456.706,114.1765,456.706,114.1765,0.0026170181243744587,0.446396652048632,0.0,0.0
49,Device,FusedBatchNormV3,inception_v3/batch_normalization_3/FusedBatchNormV3,4,451.586,112.8965,451.586,112.8965,0.002587679484643872,0.4489843315332759,0.0,0.0
50,Device,Conv2D,inception_v3/conv2d_89/Conv2D,4,427.01,106.7525,427.01,106.7525,0.002446854013937057,0.45143118554721295,0.0,0.0
51,Device,AddN,SGD/gradients/AddN_13,2,421.89,210.945,421.89,210.945,0.0024175153742064704,0.45384870092141943,0.0,0.0
52,Device,Relu,inception_v3/activation/Relu,2,419.842,209.921,419.842,209.921,0.002405779918314236,0.4562544808397337,0.0,0.0
53,Device,Conv2D,inception_v3/conv2d_10/Conv2D,2,414.722,207.361,414.722,207.361,0.0023764412785836496,0.45863092211831735,0.0,0.0
54,Device,Conv2DBackpropInput,gradient_tape/inception_v3/conv2d_17/Conv2D/Conv2DBackpropInput,2,413.698,206.849,413.698,206.849,0.002370573550637532,0.4610014956689549,0.0,0.0
55,Device,Conv2D,inception_v3/conv2d_17/Conv2D,2,412.674,206.337,412.674,206.337,0.002364705822691415,0.4633662014916463,0.0,0.0
56,Device,Conv2DBackpropInput,gradient_tape/inception_v3/conv2d_10/Conv2D/Conv2DBackpropInput,2,411.65,205.825,411.65,205.825,0.0023588380947452974,0.4657250395863916,0.0,0.0
57,Device,Conv2DBackpropInput,gradient_tape/inception_v3/conv2d_24/Conv2D/Conv2DBackpropInput,2,411.65,205.825,411.65,205.825,0.0023588380947452974,0.4680838776811369,0.0,0.0
58,Device,Conv2D,inception_v3/conv2d_24/Conv2D,2,411.65,205.825,411.65,205.825,0.0023588380947452974,0.4704427157758822,0.0,0.0
59,Device,Conv2DBackpropFilter,gradient_tape/inception_v3/conv2d_21/Conv2D/Conv2DBackpropFilter,4,406.529,101.63225,406.529,101.63225,0.002329493724811639,0.4727722095006938,0.0,0.0
60,Device,Relu,inception_v3/activation_1/Relu,2,402.434,201.217,402.434,201.217,0.002306028543230242,0.4750782380439241,0.0,0.0
61,Device,Conv2DBackpropFilter,gradient_tape/inception_v3/conv2d_14/Conv2D/Conv2DBackpropFilter,4,401.41,100.3525,401.41,100.3525,0.002300160815284125,0.4773783988592082,0.0,0.0
62,Device,Conv2DBackpropFilter,gradient_tape/inception_v3/conv2d_7/Conv2D/Conv2DBackpropFilter,4,398.338,99.5845,398.338,99.5845,0.002282557631445773,0.47966095649065393,0.0,0.0
63,Device,Conv2DBackpropFilter,gradient_tape/inception_v3/conv2d_74/Conv2D/Conv2DBackpropFilter,4,395.265,98.81625,395.265,98.81625,0.0022649487174043483,0.4819259052080583,0.0,0.0
64,Device,Conv2DBackpropFilter,gradient_tape/inception_v3/conv2d_63/Conv2D/Conv2DBackpropFilter,4,394.241,98.56025,394.241,98.56025,0.002259080989458231,0.4841849861975165,0.0,0.0
65,Device,Conv2DBackpropFilter,gradient_tape/inception_v3/conv2d_67/Conv2D/Conv2DBackpropFilter,4,393.218,98.3045,393.218,98.3045,0.0022532189917151865,0.4864382051892317,0.0,0.0
66,Device,Conv2DBackpropFilter,gradient_tape/inception_v3/conv2d_62/Conv2D/Conv2DBackpropFilter,4,393.217,98.30425,393.217,98.30425,0.002253213261512114,0.4886914184507438,0.0,0.0
67,Device,Conv2DBackpropFilter,gradient_tape/inception_v3/conv2d_66/Conv2D/Conv2DBackpropFilter,4,393.217,98.30425,393.217,98.30425,0.002253213261512114,0.49094463171225594,0.0,0.0
68,Device,Conv2DBackpropFilter,gradient_tape/inception_v3/conv2d_68/Conv2D/Conv2DBackpropFilter,4,392.193,98.04825,392.193,98.04825,0.0022473455335659965,0.4931919772458219,0.0,0.0
69,Device,Conv2DBackpropFilter,gradient_tape/inception_v3/conv2d_73/Conv2D/Conv2DBackpropFilter,4,391.169,97.79225,391.169,97.79225,0.0022414778056198794,0.4954334550514418,0.0,0.0
70,Device,Conv2DBackpropFilter,gradient_tape/inception_v3/conv2d_65/Conv2D/Conv2DBackpropFilter,4,389.122,97.2805,389.122,97.2805,0.002229748079930717,0.4976632031313725,0.0,0.0
71,Device,ReluGrad,gradient_tape/inception_v3/activation_3/ReluGrad,2,386.05,193.025,386.05,193.025,0.0022121448960923653,0.49987534802746486,0.0,0.0
72,Device,AddN,SGD/gradients/AddN_11,2,379.906,189.953,379.906,189.953,0.0021769385284156617,0.5020522865558805,0.0,0.0
73,Device,Conv2DBackpropFilter,gradient_tape/inception_v3/conv2d_19/Conv2D/Conv2DBackpropFilter,2,369.666,184.833,369.666,184.833,0.0021182612489544883,0.5041705478048351,0.0,0.0
74,Device,Conv2DBackpropFilter,gradient_tape/inception_v3/conv2d_25/Conv2D/Conv2DBackpropFilter,2,369.666,184.833,369.666,184.833,0.0021182612489544883,0.5062888090537896,0.0,0.0
75,Device,Conv2D,inception_v3/conv2d_3/Conv2D,2,369.665,184.8325,369.665,184.8325,0.0021182555187514163,0.508407064572541,0.0,0.0
76,Device,Conv2DBackpropFilter,gradient_tape/inception_v3/conv2d_27/Conv2D/Conv2DBackpropFilter,2,368.642,184.321,368.642,184.321,0.002112393521008371,0.5105194580935494,0.0,0.0
77,Device,Conv2DBackpropFilter,gradient_tape/inception_v3/conv2d_22/Conv2D/Conv2DBackpropFilter,2,362.498,181.249,362.498,181.249,0.0020771871533316675,0.5125966452468811,0.0,0.0
78,Device,Conv2DBackpropFilter,gradient_tape/inception_v3/conv2d_20/Conv2D/Conv2DBackpropFilter,2,358.402,179.201,358.402,179.201,0.002053716241547198,0.5146503614884282,0.0,0.0
79,Device,MaxPool,inception_v3/max_pooling2d_1/MaxPool,2,348.161,174.0805,348.161,174.0805,0.0019950332318829527,0.5166453947203112,0.0,0.0
80,Device,AvgPoolGrad,gradient_tape/inception_v3/average_pooling2d_2/AvgPoolGrad,2,347.137,173.5685,347.137,173.5685,0.0019891655039368356,0.518634560224248,0.0,0.0
81,Device,Conv2D,inception_v3/conv2d/Conv2D,2,346.114,173.057,346.114,173.057,0.0019833035061937905,0.5206178637304418,0.0,0.0
82,Device,SoftmaxCrossEntropyWithLogits,categorical_crossentropy/softmax_cross_entropy_with_logits,2,343.041,171.5205,343.041,171.5205,0.0019656945921523662,0.5225835583225942,0.0,0.0
83,Device,Conv2DBackpropFilter,gradient_tape/inception_v3/conv2d_43/Conv2D/Conv2DBackpropFilter,4,331.778,82.9445,331.778,82.9445,0.0019011553149481488,0.5244847136375423,0.0,0.0
84,Device,Conv2DBackpropFilter,gradient_tape/inception_v3/conv2d_48/Conv2D/Conv2DBackpropFilter,4,330.754,82.6885,330.754,82.6885,0.0018952875870020315,0.5263800012245444,0.0,0.0
85,Device,Conv2DBackpropFilter,gradient_tape/inception_v3/conv2d_58/Conv2D/Conv2DBackpropFilter,4,330.754,82.6885,330.754,82.6885,0.0018952875870020315,0.5282752888115465,0.0,0.0
86,Device,Conv2DBackpropFilter,gradient_tape/inception_v3/conv2d_53/Conv2D/Conv2DBackpropFilter,4,330.753,82.68825,330.753,82.68825,0.0018952818567989588,0.5301705706683455,0.0,0.0
87,Device,Conv2DBackpropFilter,gradient_tape/inception_v3/conv2d_12/Conv2D/Conv2DBackpropFilter,2,327.682,163.841,327.682,163.841,0.0018776844031636794,0.5320482550715092,0.0,0.0
88,Device,Conv2DBackpropFilter,gradient_tape/inception_v3/conv2d_45/Conv2D/Conv2DBackpropFilter,4,326.658,81.6645,326.658,81.6645,0.001871816675217562,0.5339200717467267,0.0,0.0
89,Device,Conv2DBackpropFilter,gradient_tape/inception_v3/conv2d_33/Conv2D/Conv2DBackpropFilter,4,326.657,81.66425,326.657,81.66425,0.0018718109450144896,0.5357918826917413,0.0,0.0
90,Device,Conv2DBackpropFilter,gradient_tape/inception_v3/conv2d_57/Conv2D/Conv2DBackpropFilter,4,325.634,81.4085,325.634,81.4085,0.001865948947271445,0.5376578316390127,0.0,0.0
91,Device,Conv2DBackpropFilter,gradient_tape/inception_v3/conv2d_47/Conv2D/Conv2DBackpropFilter,4,324.61,81.1525,324.61,81.1525,0.0018600812193253276,0.5395179128583381,0.0,0.0
92,Device,Conv2DBackpropFilter,gradient_tape/inception_v3/conv2d_55/Conv2D/Conv2DBackpropFilter,4,324.61,81.1525,324.61,81.1525,0.0018600812193253276,0.5413779940776634,0.0,0.0
93,Device,Conv2D,inception_v3/conv2d_73/Conv2D,4,324.61,81.1525,324.61,81.1525,0.0018600812193253276,0.5432380752969888,0.0,0.0
94,Device,Conv2D,inception_v3/conv2d_66/Conv2D,4,323.586,80.8965,323.586,80.8965,0.0018542134913792103,0.545092288788368,0.0,0.0
95,Device,Conv2DBackpropInput,gradient_tape/inception_v3/conv2d_63/Conv2D/Conv2DBackpropInput,4,322.562,80.6405,322.562,80.6405,0.001848345763433093,0.5469406345518011,0.0,0.0
96,Device,Conv2D,inception_v3/conv2d_63/Conv2D,4,322.561,80.64025,322.561,80.64025,0.0018483400332300205,0.5487889745850311,0.0,0.0
97,Device,Conv2DBackpropFilter,gradient_tape/inception_v3/conv2d_18/Conv2D/Conv2DBackpropFilter,2,321.538,160.769,321.538,160.769,0.0018424780354869756,0.550631452620518,0.0,0.0
98,Device,Conv2D,inception_v3/conv2d_62/Conv2D,4,321.538,80.3845,321.538,80.3845,0.0018424780354869756,0.552473930656005,0.0,0.0
99,Device,Conv2D,inception_v3/conv2d_65/Conv2D,4,321.538,80.3845,321.538,80.3845,0.0018424780354869756,0.554316408691492,0.0,0.0
100,Device,Conv2DBackpropInput,gradient_tape/inception_v3/conv2d_68/Conv2D/Conv2DBackpropInput,4,321.537,80.38425,321.537,80.38425,0.0018424723052839031,0.5561588809967759,0.0,0.0
101,Device,Conv2DBackpropInput,gradient_tape/inception_v3/conv2d_66/Conv2D/Conv2DBackpropInput,4,320.514,80.1285,320.514,80.1285,0.0018366103075408585,0.5579954913043168,0.0,0.0
102,Device,Conv2DBackpropInput,gradient_tape/inception_v3/conv2d_73/Conv2D/Conv2DBackpropInput,4,319.49,79.8725,319.49,79.8725,0.0018307425795947411,0.5598262338839115,0.0,0.0
103,Device,Conv2D,inception_v3/conv2d_67/Conv2D,4,319.489,79.87225,319.489,79.87225,0.0018307368493916685,0.5616569707333032,0.0,0.0
104,Device,Conv2DBackpropInput,gradient_tape/inception_v3/conv2d_65/Conv2D/Conv2DBackpropInput,4,318.466,79.6165,318.466,79.6165,0.0018248748516486238,0.5634818455849518,0.0,0.0
105,Device,Conv2DBackpropInput,gradient_tape/inception_v3/conv2d_74/Conv2D/Conv2DBackpropInput,4,318.466,79.6165,318.466,79.6165,0.0018248748516486238,0.5653067204366005,0.0,0.0
106,Device,AddN,SGD/gradients/AddN_14,2,317.441,158.7205,317.441,158.7205,0.001819001393499434,0.5671257218300999,0.0,0.0
107,Device,Conv2DBackpropFilter,gradient_tape/inception_v3/conv2d_15/Conv2D/Conv2DBackpropFilter,2,317.441,158.7205,317.441,158.7205,0.001819001393499434,0.5689447232235993,0.0,0.0
108,Device,Conv2DBackpropInput,gradient_tape/inception_v3/conv2d_67/Conv2D/Conv2DBackpropInput,4,317.441,79.36025,317.441,79.36025,0.001819001393499434,0.5707637246170988,0.0,0.0
109,Device,Conv2D,inception_v3/conv2d_16/Conv2D,2,317.441,158.7205,317.441,158.7205,0.001819001393499434,0.5725827260105982,0.0,0.0
110,Device,Conv2DBackpropInput,gradient_tape/inception_v3/conv2d_62/Conv2D/Conv2DBackpropInput,4,316.418,79.1045,316.418,79.1045,0.001813139395756389,0.5743958654063546,0.0,0.0
111,Device,Conv2D,inception_v3/conv2d_28/Conv2D,2,316.417,158.2085,316.417,158.2085,0.0018131336655533166,0.5762089990719079,0.0,0.0
112,Device,Conv2D,inception_v3/conv2d_23/Conv2D,2,313.345,156.6725,313.345,156.6725,0.001795530481714965,0.5780045295536229,0.0,0.0
113,Device,Conv2D,inception_v3/conv2d_9/Conv2D,2,313.345,156.6725,313.345,156.6725,0.001795530481714965,0.5798000600353379,0.0,0.0
114,Device,Conv2DBackpropInput,gradient_tape/inception_v3/conv2d_58/Conv2D/Conv2DBackpropInput,4,312.322,78.0805,312.322,78.0805,0.00178966848397192,0.5815897285193098,0.0,0.0
115,Device,Conv2DBackpropInput,gradient_tape/inception_v3/conv2d_21/Conv2D/Conv2DBackpropInput,2,312.321,156.1605,312.321,156.1605,0.0017896627537688477,0.5833793912730786,0.0,0.0
116,Device,Conv2DBackpropInput,gradient_tape/inception_v3/conv2d_53/Conv2D/Conv2DBackpropInput,4,312.321,78.08025,312.321,78.08025,0.0017896627537688477,0.5851690540268474,0.0,0.0
117,Device,Conv2D,inception_v3/conv2d_74/Conv2D,4,311.298,77.8245,311.298,77.8245,0.0017838007560258026,0.5869528547828732,0.0,0.0
118,Device,Conv2DBackpropFilter,gradient_tape/inception_v3/conv2d_52/Conv2D/Conv2DBackpropFilter,2,311.297,155.6485,311.297,155.6485,0.0017837950258227304,0.5887366498086959,0.0,0.0
119,Device,Conv2DBackpropInput,gradient_tape/inception_v3/conv2d_7/Conv2D/Conv2DBackpropInput,2,311.297,155.6485,311.297,155.6485,0.0017837950258227304,0.5905204448345186,0.0,0.0
120,Device,AvgPoolGrad,gradient_tape/inception_v3/average_pooling2d_1/AvgPoolGrad,2,310.273,155.1365,310.273,155.1365,0.001777927297876613,0.5922983721323952,0.0,0.0
121,Device,Conv2DBackpropInput,gradient_tape/inception_v3/conv2d_14/Conv2D/Conv2DBackpropInput,2,310.273,155.1365,310.273,155.1365,0.001777927297876613,0.5940762994302718,0.0,0.0
122,Device,Conv2DBackpropFilter,gradient_tape/inception_v3/conv2d_42/Conv2D/Conv2DBackpropFilter,2,310.273,155.1365,310.273,155.1365,0.001777927297876613,0.5958542267281485,0.0,0.0
123,Device,Conv2D,inception_v3/conv2d_68/Conv2D,4,309.249,77.31225,309.249,77.31225,0.001772059569930496,0.597626286298079,0.0,0.0
124,Device,Conv2DBackpropFilter,gradient_tape/inception_v3/conv2d_13/Conv2D/Conv2DBackpropFilter,2,308.226,154.113,308.226,154.113,0.0017661975721874508,0.5993924838702664,0.0,0.0
125,Device,Conv2DBackpropFilter,gradient_tape/inception_v3/conv2d_56/Conv2D/Conv2DBackpropFilter,2,308.226,154.113,308.226,154.113,0.0017661975721874508,0.6011586814424539,0.0,0.0
126,Device,Conv2DBackpropInput,gradient_tape/inception_v3/conv2d_43/Conv2D/Conv2DBackpropInput,4,308.225,77.05625,308.225,77.05625,0.0017661918419843786,0.6029248732844382,0.0,0.0
127,Device,Conv2DBackpropInput,gradient_tape/inception_v3/conv2d_48/Conv2D/Conv2DBackpropInput,4,308.225,77.05625,308.225,77.05625,0.0017661918419843786,0.6046910651264226,0.0,0.0
128,Device,Conv2D,inception_v3/conv2d_7/Conv2D,4,308.224,77.056,308.224,77.056,0.0017661861117813059,0.6064572512382038,0.0,0.0
129,Device,Conv2D,inception_v3/conv2d_21/Conv2D,4,307.202,76.8005,307.202,76.8005,0.0017603298442413335,0.6082175810824452,0.0,0.0
130,Device,Conv2DBackpropFilter,gradient_tape/inception_v3/conv2d_46/Conv2D/Conv2DBackpropFilter,2,307.201,153.6005,307.201,153.6005,0.0017603241140382612,0.6099779051964834,0.0,0.0
131,Device,Conv2D,inception_v3/conv2d_14/Conv2D,4,307.201,76.80025,307.201,76.80025,0.0017603241140382612,0.6117382293105217,0.0,0.0
132,Device,Conv2DBackpropFilter,gradient_tape/inception_v3/conv2d_38/Conv2D/Conv2DBackpropFilter,2,303.106,151.553,303.106,151.553,0.0017368589324568643,0.6134750882429786,0.0,0.0
133,Device,Conv2D,inception_v3/conv2d_86/Conv2D,2,300.032,150.016,300.032,150.016,0.0017192442882123676,0.6151943325311909,0.0,0.0
134,Device,Conv2DBackpropInput,gradient_tape/inception_v3/conv2d_33/Conv2D/Conv2DBackpropInput,2,299.009,149.5045,299.009,149.5045,0.001713382290469323,0.6169077148216603,0.0,0.0
135,Device,AddN,SGD/gradients/AddN_9,2,292.866,146.433,292.866,146.433,0.0016781816529956913,0.618585896474656,0.0,0.0
136,Device,AddN,SGD/gradients/AddN_10,2,292.865,146.4325,292.865,146.4325,0.001678175922792619,0.6202640723974486,0.0,0.0
137,Device,AddN,SGD/gradients/AddN_7,2,292.865,146.4325,292.865,146.4325,0.001678175922792619,0.6219422483202413,0.0,0.0
138,Device,AddN,SGD/gradients/AddN_8,2,291.841,145.9205,291.841,145.9205,0.0016723081948465017,0.6236145565150878,0.0,0.0
139,Device,Conv2DBackpropInput,gradient_tape/inception_v3/conv2d_28/Conv2D/Conv2DBackpropInput,2,290.818,145.409,290.818,145.409,0.0016664461971034566,0.6252810027121912,0.0,0.0
140,Device,AvgPool,inception_v3/average_pooling2d_2/AvgPool,2,290.818,145.409,290.818,145.409,0.0016664461971034566,0.6269474489092947,0.0,0.0
141,Device,Conv2D,inception_v3/conv2d_85/Conv2D,2,289.794,144.897,289.794,144.897,0.0016605784691573393,0.628608027378452,0.0,0.0
142,Device,Conv2DBackpropFilter,gradient_tape/inception_v3/conv2d_49/Conv2D/Conv2DBackpropFilter,2,289.793,144.8965,289.793,144.8965,0.001660572738954267,0.6302686001174063,0.0,0.0
143,Device,Conv2DBackpropFilter,gradient_tape/inception_v3/conv2d_39/Conv2D/Conv2DBackpropFilter,2,288.77,144.385,288.77,144.385,0.001654710741211222,0.6319233108586175,0.0,0.0
144,Device,Conv2DBackpropFilter,gradient_tape/inception_v3/conv2d_59/Conv2D/Conv2DBackpropFilter,2,288.77,144.385,288.77,144.385,0.001654710741211222,0.6335780215998288,0.0,0.0
145,Device,Conv2DBackpropFilter,gradient_tape/inception_v3/conv2d_72/Conv2D/Conv2DBackpropFilter,2,288.77,144.385,288.77,144.385,0.001654710741211222,0.63523273234104,0.0,0.0
146,Device,Conv2DBackpropInput,gradient_tape/inception_v3/conv2d_9/Conv2D/Conv2DBackpropInput,2,288.77,144.385,288.77,144.385,0.001654710741211222,0.6368874430822513,0.0,0.0
147,Device,Conv2DBackpropFilter,gradient_tape/inception_v3/conv2d_40/Conv2D/Conv2DBackpropFilter,2,288.769,144.3845,288.769,144.3845,0.0016547050110081497,0.6385421480932595,0.0,0.0
148,Device,Conv2DBackpropFilter,gradient_tape/inception_v3/conv2d_69/Conv2D/Conv2DBackpropFilter,2,288.769,144.3845,288.769,144.3845,0.0016547050110081497,0.6401968531042677,0.0,0.0
149,Device,Conv2DBackpropFilter,gradient_tape/inception_v3/conv2d_61/Conv2D/Conv2DBackpropFilter,2,287.746,143.873,287.746,143.873,0.0016488430132651048,0.6418456961175327,0.0,0.0
150,Device,Conv2DBackpropFilter,gradient_tape/inception_v3/conv2d_64/Conv2D/Conv2DBackpropFilter,2,287.746,143.873,287.746,143.873,0.0016488430132651048,0.6434945391307978,0.0,0.0
151,Device,Conv2DBackpropFilter,gradient_tape/inception_v3/conv2d_70/Conv2D/Conv2DBackpropFilter,2,287.746,143.873,287.746,143.873,0.0016488430132651048,0.6451433821440629,0.0,0.0
152,Device,Conv2DBackpropInput,gradient_tape/inception_v3/conv2d_16/Conv2D/Conv2DBackpropInput,2,287.744,143.872,287.744,143.872,0.0016488315528589603,0.6467922136969219,0.0,0.0
153,Device,Conv2DBackpropInput,gradient_tape/inception_v3/conv2d_23/Conv2D/Conv2DBackpropInput,2,286.722,143.361,286.722,143.361,0.0016429752853189875,0.6484351889822408,0.0,0.0
154,Device,Conv2DBackpropFilter,gradient_tape/inception_v3/conv2d_30/Conv2D/Conv2DBackpropFilter,2,286.721,143.3605,286.721,143.3605,0.0016429695551159152,0.6500781585373567,0.0,0.0
155,Device,Conv2DBackpropInput,gradient_tape/inception_v3/conv2d_38/Conv2D/Conv2DBackpropInput,4,286.721,71.68025,286.721,71.68025,0.0016429695551159152,0.6517211280924726,0.0,0.0
156,Device,Conv2DBackpropFilter,gradient_tape/inception_v3/conv2d_50/Conv2D/Conv2DBackpropFilter,2,285.697,142.8485,285.697,142.8485,0.001637101827169798,0.6533582299196424,0.0,0.0
157,Device,Conv2DBackpropFilter,gradient_tape/inception_v3/conv2d_60/Conv2D/Conv2DBackpropFilter,2,285.697,142.8485,285.697,142.8485,0.001637101827169798,0.6549953317468122,0.0,0.0
158,Device,Conv2D,inception_v3/conv2d_80/Conv2D,4,284.674,71.1685,284.674,71.1685,0.0016312398294267528,0.6566265715762389,0.0,0.0
159,Device,Conv2D,inception_v3/conv2d_43/Conv2D,4,278.529,69.63225,278.529,69.63225,0.0015960277315469767,0.6582225993077859,0.0,0.0
160,Device,Conv2D,inception_v3/conv2d_53/Conv2D,4,277.506,69.3765,277.506,69.3765,0.0015901657338039318,0.6598127650415898,0.0,0.0
161,Device,Conv2DBackpropInput,gradient_tape/inception_v3/conv2d_3/Conv2D/Conv2DBackpropInput,2,273.408,136.704,273.408,136.704,0.001566683361613318,0.6613794484032032,0.0,0.0
162,Device,Conv2DBackpropFilter,gradient_tape/inception_v3/conv2d_41/Conv2D/Conv2DBackpropFilter,2,272.385,136.1925,272.385,136.1925,0.001560821363870273,0.6629402697670734,0.0,0.0
163,Device,Conv2DBackpropFilter,gradient_tape/inception_v3/conv2d_51/Conv2D/Conv2DBackpropFilter,2,272.385,136.1925,272.385,136.1925,0.001560821363870273,0.6645010911309437,0.0,0.0
164,Device,Conv2D,inception_v3/conv2d_42/Conv2D,4,272.385,68.09625,272.385,68.09625,0.001560821363870273,0.666061912494814,0.0,0.0
165,Device,Conv2DBackpropFilter,gradient_tape/inception_v3/conv2d_54/Conv2D/Conv2DBackpropFilter,2,270.337,135.1685,270.337,135.1685,0.0015490859079780384,0.667610998402792,0.0,0.0
166,Device,Conv2DBackpropInput,gradient_tape/inception_v3/conv2d_45/Conv2D/Conv2DBackpropInput,4,269.314,67.3285,269.314,67.3285,0.0015432239102349937,0.669154222313027,0.0,0.0
167,Device,Conv2D,inception_v3/conv2d_55/Conv2D,4,269.314,67.3285,269.314,67.3285,0.0015432239102349937,0.670697446223262,0.0,0.0
168,Device,Conv2D,inception_v3/conv2d_57/Conv2D,4,269.314,67.3285,269.314,67.3285,0.0015432239102349937,0.672240670133497,0.0,0.0
169,Device,Conv2D,inception_v3/conv2d_45/Conv2D,4,269.313,67.32825,269.313,67.32825,0.001543218180031921,0.6737838883135289,0.0,0.0
170,Device,Conv2D,inception_v3/conv2d_52/Conv2D,4,269.312,67.328,269.312,67.328,0.0015432124498288488,0.6753271007633577,0.0,0.0
171,Device,Conv2DBackpropFilter,gradient_tape/inception_v3/conv2d_44/Conv2D/Conv2DBackpropFilter,2,268.29,134.145,268.29,134.145,0.0015373561822888764,0.6768644569456466,0.0,0.0
172,Device,Conv2D,inception_v3/conv2d_56/Conv2D,4,268.288,67.072,268.288,67.072,0.0015373447218827315,0.6784018016675293,0.0,0.0
173,Device,Conv2D,inception_v3/conv2d_46/Conv2D,4,267.266,66.8165,267.266,66.8165,0.001531488454342759,0.6799332901218721,0.0,0.0
174,Device,Conv2DBackpropInput,gradient_tape/inception_v3/conv2d_71/Conv2D/Conv2DBackpropInput,2,266.241,133.1205,266.241,133.1205,0.0015256149961935693,0.6814589051180656,0.0,0.0
175,Device,Conv2DBackpropInput,gradient_tape/inception_v3/conv2d_57/Conv2D/Conv2DBackpropInput,4,265.217,66.30425,265.217,66.30425,0.001519747268247452,0.6829786523863131,0.0,0.0
176,Device,Conv2DBackpropFilter,gradient_tape/inception_v3/conv2d_87/Conv2D/Conv2DBackpropFilter,2,264.194,132.097,264.194,132.097,0.0015138852705044073,0.6844925376568175,0.0,0.0
177,Device,Conv2DBackpropInput,gradient_tape/inception_v3/conv2d_47/Conv2D/Conv2DBackpropInput,4,264.193,66.04825,264.193,66.04825,0.0015138795403013346,0.6860064171971189,0.0,0.0
178,Device,Conv2DBackpropInput,gradient_tape/inception_v3/conv2d_55/Conv2D/Conv2DBackpropInput,4,264.193,66.04825,264.193,66.04825,0.0015138795403013346,0.6875202967374202,0.0,0.0
179,Device,Conv2D,inception_v3/conv2d_58/Conv2D,4,264.193,66.04825,264.193,66.04825,0.0015138795403013346,0.6890341762777216,0.0,0.0
180,Device,Conv2DBackpropFilter,gradient_tape/inception_v3/conv2d_78/Conv2D/Conv2DBackpropFilter,2,263.169,131.5845,263.169,131.5845,0.0015080118123552172,0.6905421880900768,0.0,0.0
181,Device,Conv2DBackpropInput,gradient_tape/inception_v3/conv2d_56/Conv2D/Conv2DBackpropInput,4,262.145,65.53625,262.145,65.53625,0.0015021440844091,0.6920443321744859,0.0,0.0
182,Device,Conv2DBackpropFilter,gradient_tape/inception_v3/conv2d_91/Conv2D/Conv2DBackpropFilter,2,262.145,131.0725,262.145,131.0725,0.0015021440844091,0.693546476258895,0.0,0.0
183,Device,Conv2D,inception_v3/conv2d_48/Conv2D,4,262.145,65.53625,262.145,65.53625,0.0015021440844091,0.6950486203433041,0.0,0.0
184,Device,Conv2DBackpropInput,gradient_tape/inception_v3/conv2d_29/Conv2D/Conv2DBackpropInput,2,261.121,130.5605,261.121,130.5605,0.0014962763564629828,0.696544896699767,0.0,0.0
185,Device,Conv2DBackpropInput,gradient_tape/inception_v3/conv2d_46/Conv2D/Conv2DBackpropInput,4,261.121,65.28025,261.121,65.28025,0.0014962763564629828,0.69804117305623,0.0,0.0
186,Device,Conv2DBackpropInput,gradient_tape/inception_v3/conv2d_52/Conv2D/Conv2DBackpropInput,4,261.121,65.28025,261.121,65.28025,0.0014962763564629828,0.699537449412693,0.0,0.0
187,Device,Conv2DBackpropFilter,gradient_tape/inception_v3/conv2d_82/Conv2D/Conv2DBackpropFilter,2,261.121,130.5605,261.121,130.5605,0.0014962763564629828,0.701033725769156,0.0,0.0
188,Device,Conv2D,inception_v3/conv2d_47/Conv2D,4,260.098,65.0245,260.098,65.0245,0.0014904143587199379,0.7025241401278759,0.0,0.0
189,Device,Conv2DBackpropInput,gradient_tape/inception_v3/conv2d_42/Conv2D/Conv2DBackpropInput,4,260.097,65.02425,260.097,65.02425,0.0014904086285168654,0.7040145487563928,0.0,0.0
190,Device,Conv2DBackpropInput,gradient_tape/inception_v3/conv2d_89/Conv2D/Conv2DBackpropInput,2,259.073,129.5365,259.073,129.5365,0.001484540900570748,0.7054990896569635,0.0,0.0
191,Device,Conv2D,inception_v3/conv2d_93/Conv2D,4,257.025,64.25625,257.025,64.25625,0.0014728054446785134,0.706971895101642,0.0,0.0
192,Device,AvgPool,inception_v3/average_pooling2d_1/AvgPool,2,256.001,128.0005,256.001,128.0005,0.0014669377167323963,0.7084388328183744,0.0,0.0
193,Device,Relu,inception_v3/activation_3/Relu,2,250.881,125.4405,250.881,125.4405,0.0014375990770018098,0.7098764318953762,0.0,0.0
194,Device,Conv2D,inception_v3/conv2d_71/Conv2D,4,250.881,62.72025,250.881,62.72025,0.0014375990770018098,0.711314030972378,0.0,0.0
195,Device,Conv2DBackpropFilter,gradient_tape/inception_v3/conv2d_89/Conv2D/Conv2DBackpropFilter,4,242.689,60.67225,242.689,60.67225,0.0013906572534328715,0.7127046882258109,0.0,0.0
196,Device,AddN,SGD/gradients/AddN_6,2,236.545,118.2725,236.545,118.2725,0.0013554508857561676,0.7140601391115671,0.0,0.0
197,Device,AvgPoolGrad,gradient_tape/inception_v3/average_pooling2d/AvgPoolGrad,2,235.52,117.76,235.52,117.76,0.001349577427606978,0.7154097165391741,0.0,0.0
198,Device,Conv2DBackpropFilter,gradient_tape/inception_v3/conv2d_86/Conv2D/Conv2DBackpropFilter,4,234.498,58.6245,234.498,58.6245,0.0013437211600670054,0.716753437699241,0.0,0.0
199,Device,Conv2DBackpropFilter,gradient_tape/inception_v3/conv2d_31/Conv2D/Conv2DBackpropFilter,2,232.449,116.2245,232.449,116.2245,0.0013319799739716985,0.7180854176732128,0.0,0.0
200,Device,Conv2DBackpropFilter,gradient_tape/inception_v3/conv2d_5/Conv2D/Conv2DBackpropFilter,2,231.425,115.7125,231.425,115.7125,0.0013261122460255814,0.7194115299192384,0.0,0.0
201,Device,Conv2DBackpropInput,gradient_tape/inception_v3/conv2d_86/Conv2D/Conv2DBackpropInput,2,230.401,115.2005,230.401,115.2005,0.001320244518079464,0.7207317744373178,0.0,0.0
202,Device,Conv2DBackpropFilter,gradient_tape/inception_v3/conv2d_85/Conv2D/Conv2DBackpropFilter,4,230.4,57.6,230.4,57.6,0.0013202387878763916,0.7220520132251942,0.0,0.0
203,Device,Conv2DBackpropFilter,gradient_tape/inception_v3/conv2d_34/Conv2D/Conv2DBackpropFilter,2,229.377,114.6885,229.377,114.6885,0.0013143767901333467,0.7233663900153275,0.0,0.0
204,Device,Conv2D,inception_v3/conv2d_69/Conv2D,2,229.377,114.6885,229.377,114.6885,0.0013143767901333467,0.7246807668054609,0.0,0.0
205,Device,Conv2DBackpropInput,gradient_tape/inception_v3/conv2d_25/Conv2D/Conv2DBackpropInput,2,229.376,114.688,229.376,114.688,0.0013143710599302742,0.7259951378653912,0.0,0.0
206,Device,Conv2D,inception_v3/conv2d_30/Conv2D,2,228.353,114.1765,228.353,114.1765,0.0013085090621872293,0.7273036469275784,0.0,0.0
207,Device,Conv2D,inception_v3/conv2d_49/Conv2D,2,228.353,114.1765,228.353,114.1765,0.0013085090621872293,0.7286121559897657,0.0,0.0
208,Device,Conv2D,inception_v3/conv2d_61/Conv2D,2,228.353,114.1765,228.353,114.1765,0.0013085090621872293,0.729920665051953,0.0,0.0
209,Device,Conv2D,inception_v3/conv2d_77/Conv2D,2,228.352,114.176,228.352,114.176,0.0013085033319841569,0.7312291683839371,0.0,0.0
210,Device,Conv2DBackpropInput,gradient_tape/inception_v3/conv2d_19/Conv2D/Conv2DBackpropInput,2,227.33,113.665,227.33,113.665,0.0013026470644441845,0.7325318154483813,0.0,0.0
211,Device,Conv2DBackpropFilter,gradient_tape/inception_v3/conv2d_71/Conv2D/Conv2DBackpropFilter,2,227.33,113.665,227.33,113.665,0.0013026470644441845,0.7338344625128255,0.0,0.0
212,Device,Conv2DBackpropInput,gradient_tape/inception_v3/conv2d_27/Conv2D/Conv2DBackpropInput,2,227.329,113.6645,227.329,113.6645,0.001302641334241112,0.7351371038470665,0.0,0.0
213,Device,Conv2D,inception_v3/conv2d_64/Conv2D,2,227.329,113.6645,227.329,113.6645,0.001302641334241112,0.7364397451813076,0.0,0.0
214,Device,Conv2D,inception_v3/conv2d_70/Conv2D,2,227.329,113.6645,227.329,113.6645,0.001302641334241112,0.7377423865155487,0.0,0.0
215,Device,Conv2D,inception_v3/conv2d_72/Conv2D,2,227.329,113.6645,227.329,113.6645,0.001302641334241112,0.7390450278497898,0.0,0.0
216,Device,Conv2D,inception_v3/conv2d_50/Conv2D,2,227.328,113.664,227.328,113.664,0.0013026356040380398,0.7403476634538279,0.0,0.0
217,Device,Conv2DBackpropInput,gradient_tape/inception_v3/conv2d_22/Conv2D/Conv2DBackpropInput,2,226.305,113.1525,226.305,113.1525,0.0012967736062949949,0.7416444370601228,0.0,0.0
218,Device,Conv2D,inception_v3/conv2d_59/Conv2D,2,226.305,113.1525,226.305,113.1525,0.0012967736062949949,0.7429412106664178,0.0,0.0
219,Device,Conv2D,inception_v3/conv2d_60/Conv2D,2,226.305,113.1525,226.305,113.1525,0.0012967736062949949,0.7442379842727128,0.0,0.0
220,Device,Conv2D,inception_v3/conv2d_39/Conv2D,2,226.304,113.152,226.304,113.152,0.0012967678760919224,0.7455347521488047,0.0,0.0
221,Device,Conv2D,inception_v3/conv2d_40/Conv2D,2,226.304,113.152,226.304,113.152,0.0012967678760919224,0.7468315200248966,0.0,0.0
222,Device,Conv2D,inception_v3/conv2d_41/Conv2D,2,226.304,113.152,226.304,113.152,0.0012967678760919224,0.7481282879009885,0.0,0.0
223,Device,Conv2D,inception_v3/conv2d_54/Conv2D,2,226.304,113.152,226.304,113.152,0.0012967678760919224,0.7494250557770804,0.0,0.0
224,Device,Conv2D,inception_v3/conv2d_44/Conv2D,2,225.282,112.641,225.282,112.641,0.00129091160855195,0.7507159673856324,0.0,0.0
225,Device,Conv2D,inception_v3/conv2d_51/Conv2D,2,225.282,112.641,225.282,112.641,0.00129091160855195,0.7520068789941844,0.0,0.0
226,Device,Conv2D,inception_v3/conv2d_33/Conv2D,4,225.281,56.32025,225.281,56.32025,0.0012909058783488775,0.7532977848725333,0.0,0.0
227,Device,ConcatV2,inception_v3/mixed1/concat,8,223.233,27.904125,223.233,27.904125,0.0012791704224566428,0.7545769552949899,0.0,0.0
228,Device,ConcatV2,inception_v3/mixed2/concat,8,223.232,27.904,223.232,27.904,0.0012791646922535704,0.7558561199872434,0.0,0.0
229,Device,Conv2DBackpropFilter,gradient_tape/inception_v3/conv2d_8/Conv2D/Conv2DBackpropFilter,2,222.209,111.1045,222.209,111.1045,0.0012733026945105255,0.757129422681754,0.0,0.0
230,Device,Conv2DBackpropInput,gradient_tape/inception_v3/conv2d_72/Conv2D/Conv2DBackpropInput,2,220.161,110.0805,220.161,110.0805,0.001261567238618291,0.7583909899203722,0.0,0.0
231,Device,MaxPoolGrad,gradient_tape/inception_v3/max_pooling2d_2/MaxPool/MaxPoolGrad,2,219.138,109.569,219.138,109.569,0.0012557052408752462,0.7596466951612475,0.0,0.0
232,Device,Conv2DBackpropInput,gradient_tape/inception_v3/conv2d_49/Conv2D/Conv2DBackpropInput,2,219.137,109.5685,219.137,109.5685,0.0012556995106721737,0.7609023946719197,0.0,0.0
233,Device,Conv2DBackpropInput,gradient_tape/inception_v3/conv2d_69/Conv2D/Conv2DBackpropInput,2,219.137,109.5685,219.137,109.5685,0.0012556995106721737,0.7621580941825918,0.0,0.0
234,Device,Conv2DBackpropInput,gradient_tape/inception_v3/conv2d_64/Conv2D/Conv2DBackpropInput,2,219.136,109.568,219.136,109.568,0.0012556937804691012,0.7634137879630609,0.0,0.0
235,Device,Conv2D,inception_v3/conv2d_38/Conv2D,4,219.136,54.784,219.136,54.784,0.0012556937804691012,0.76466948174353,0.0,0.0
236,Device,Conv2DBackpropInput,gradient_tape/inception_v3/conv2d_30/Conv2D/Conv2DBackpropInput,2,218.114,109.057,218.114,109.057,0.0012498375129291288,0.7659193192564592,0.0,0.0
237,Device,Conv2DBackpropInput,gradient_tape/inception_v3/conv2d_70/Conv2D/Conv2DBackpropInput,2,218.112,109.056,218.112,109.056,0.001249826052522984,0.7671691453089822,0.0,0.0
238,Device,Conv2DBackpropInput,gradient_tape/inception_v3/conv2d_40/Conv2D/Conv2DBackpropInput,2,217.089,108.5445,217.089,108.5445,0.001243964054779939,0.7684131093637621,0.0,0.0
239,Device,Conv2DBackpropInput,gradient_tape/inception_v3/conv2d_59/Conv2D/Conv2DBackpropInput,2,217.089,108.5445,217.089,108.5445,0.001243964054779939,0.769657073418542,0.0,0.0
240,Device,Conv2D,inception_v3/conv2d_32/Conv2D,4,217.088,54.272,217.088,54.272,0.0012439583245768666,0.7709010317431189,0.0,0.0
241,Device,Conv2DBackpropFilter,gradient_tape/inception_v3/conv2d_37/Conv2D/Conv2DBackpropFilter,2,216.065,108.0325,216.065,108.0325,0.0012380963268338217,0.7721391280699527,0.0,0.0
242,Device,Conv2DBackpropInput,gradient_tape/inception_v3/conv2d_60/Conv2D/Conv2DBackpropInput,2,215.042,107.521,215.042,107.521,0.0012322343290907768,0.7733713623990435,0.0,0.0
243,Device,Conv2DBackpropFilter,gradient_tape/inception_v3/conv2d_35/Conv2D/Conv2DBackpropFilter,2,215.041,107.5205,215.041,107.5205,0.0012322285988877045,0.7746035909979312,0.0,0.0
244,Device,Conv2D,inception_v3/conv2d_36/Conv2D,4,215.041,53.76025,215.041,53.76025,0.0012322285988877045,0.7758358195968189,0.0,0.0
245,Device,Conv2DBackpropInput,gradient_tape/inception_v3/conv2d_61/Conv2D/Conv2DBackpropInput,2,214.016,107.008,214.016,107.008,0.0012263551407385147,0.7770621747375575,0.0,0.0
246,Device,Conv2DBackpropInput,gradient_tape/inception_v3/conv2d_39/Conv2D/Conv2DBackpropInput,2,212.993,106.4965,212.993,106.4965,0.0012204931429954699,0.7782826678805529,0.0,0.0
247,Device,Conv2DBackpropFilter,gradient_tape/inception_v3/conv2d_6/Conv2D/Conv2DBackpropFilter,2,211.969,105.9845,211.969,105.9845,0.0012146254150493525,0.7794972932956022,0.0,0.0
248,Device,Conv2DBackpropInput,gradient_tape/inception_v3/conv2d_50/Conv2D/Conv2DBackpropInput,2,210.945,105.4725,210.945,105.4725,0.0012087576871032352,0.7807060509827055,0.0,0.0
249,Device,Conv2DBackpropInput,gradient_tape/inception_v3/conv2d_20/Conv2D/Conv2DBackpropInput,2,209.921,104.9605,209.921,104.9605,0.001202889959157118,0.7819089409418626,0.0,0.0
250,Device,Conv2D,inception_v3/conv2d_35/Conv2D,4,208.897,52.22425,208.897,52.22425,0.0011970222312110007,0.7831059631730736,0.0,0.0
251,Device,Conv2DBackpropFilter,gradient_tape/inception_v3/conv2d_36/Conv2D/Conv2DBackpropFilter,2,207.873,103.9365,207.873,103.9365,0.0011911545032648834,0.7842971176763385,0.0,0.0
252,Device,AvgPoolGrad,gradient_tape/inception_v3/average_pooling2d_4/AvgPoolGrad,2,206.849,103.4245,206.849,103.4245,0.001185286775318766,0.7854824044516573,0.0,0.0
253,Device,AvgPoolGrad,gradient_tape/inception_v3/average_pooling2d_6/AvgPoolGrad,2,206.849,103.4245,206.849,103.4245,0.001185286775318766,0.7866676912269761,0.0,0.0
254,Device,Conv2DBackpropFilter,gradient_tape/inception_v3/conv2d_32/Conv2D/Conv2DBackpropFilter,2,206.849,103.4245,206.849,103.4245,0.001185286775318766,0.7878529780022949,0.0,0.0
255,Device,AvgPoolGrad,gradient_tape/inception_v3/average_pooling2d_3/AvgPoolGrad,2,206.848,103.424,206.848,103.424,0.0011852810451156938,0.7890382590474107,0.0,0.0
256,Device,AvgPoolGrad,gradient_tape/inception_v3/average_pooling2d_5/AvgPoolGrad,2,206.848,103.424,206.848,103.424,0.0011852810451156938,0.7902235400925264,0.0,0.0
257,Device,Conv2DBackpropFilter,gradient_tape/inception_v3/conv2d_80/Conv2D/Conv2DBackpropFilter,4,202.753,50.68825,202.753,50.68825,0.0011618158635342969,0.7913853559560606,0.0,0.0
258,Device,Conv2DBackpropInput,gradient_tape/inception_v3/conv2d_85/Conv2D/Conv2DBackpropInput,2,202.753,101.3765,202.753,101.3765,0.0011618158635342969,0.7925471718195949,0.0,0.0
259,Device,Conv2DBackpropInput,gradient_tape/inception_v3/conv2d_35/Conv2D/Conv2DBackpropInput,4,200.705,50.17625,200.705,50.17625,0.0011500804076420624,0.793697252227237,0.0,0.0
260,Device,Conv2DBackpropInput,gradient_tape/inception_v3/conv2d_32/Conv2D/Conv2DBackpropInput,4,199.681,49.92025,199.681,49.92025,0.001144212679695945,0.794841464906933,0.0,0.0
261,Device,ConcatV2,inception_v3/mixed0/concat,8,198.657,24.832125,198.657,24.832125,0.0011383449517498277,0.7959798098586828,0.0,0.0
262,Device,Conv2DBackpropInput,gradient_tape/inception_v3/conv2d_37/Conv2D/Conv2DBackpropInput,4,197.633,49.40825,197.633,49.40825,0.0011324772238037106,0.7971122870824865,0.0,0.0
263,Device,Conv2DBackpropFilter,gradient_tape/inception_v3/conv2d_29/Conv2D/Conv2DBackpropFilter,2,196.609,98.3045,196.609,98.3045,0.0011266094958575933,0.7982388965783441,0.0,0.0
264,Device,Conv2DBackpropInput,gradient_tape/inception_v3/conv2d_36/Conv2D/Conv2DBackpropInput,4,195.586,48.8965,195.586,48.8965,0.0011207474981145484,0.7993596440764587,0.0,0.0
265,Device,Conv2DBackpropFilter,gradient_tape/inception_v3/conv2d_11/Conv2D/Conv2DBackpropFilter,2,195.585,97.7925,195.585,97.7925,0.001120741767911476,0.8004803858443701,0.0,0.0
266,Device,Conv2DBackpropInput,gradient_tape/inception_v3/conv2d_51/Conv2D/Conv2DBackpropInput,2,195.585,97.7925,195.585,97.7925,0.001120741767911476,0.8016011276122815,0.0,0.0
267,Device,Conv2DBackpropFilter,gradient_tape/inception_v3/conv2d_77/Conv2D/Conv2DBackpropFilter,4,193.538,48.3845,193.538,48.3845,0.0011090120422223137,0.8027101396545039,0.0,0.0
268,Device,Conv2DBackpropInput,gradient_tape/inception_v3/conv2d_54/Conv2D/Conv2DBackpropInput,2,193.537,96.7685,193.537,96.7685,0.0011090063120192412,0.8038191459665232,0.0,0.0
269,Device,Conv2DBackpropInput,gradient_tape/inception_v3/conv2d_44/Conv2D/Conv2DBackpropInput,2,193.536,96.768,193.536,96.768,0.001109000581816169,0.8049281465483393,0.0,0.0
270,Device,Conv2D,inception_v3/conv2d_37/Conv2D,4,192.514,48.1285,192.514,48.1285,0.0011031443142761963,0.8060312908626155,0.0,0.0
271,Device,Conv2DBackpropInput,gradient_tape/inception_v3/conv2d_41/Conv2D/Conv2DBackpropInput,2,192.513,96.2565,192.513,96.2565,0.001103138584073124,0.8071344294466886,0.0,0.0
272,Device,Conv2DBackpropFilter,gradient_tape/inception_v3/conv2d_79/Conv2D/Conv2DBackpropFilter,2,192.513,96.2565,192.513,96.2565,0.001103138584073124,0.8082375680307616,0.0,0.0
273,Device,Conv2DBackpropFilter,gradient_tape/inception_v3/conv2d_92/Conv2D/Conv2DBackpropFilter,2,190.466,95.233,190.466,95.233,0.0010914088583839619,0.8093289768891456,0.0,0.0
274,Device,Conv2DBackpropFilter,gradient_tape/inception_v3/conv2d_76/Conv2D/Conv2DBackpropFilter,4,190.465,47.61625,190.465,47.61625,0.0010914031281808894,0.8104203800173265,0.0,0.0
275,Device,Conv2DBackpropFilter,gradient_tape/inception_v3/conv2d_83/Conv2D/Conv2DBackpropFilter,2,190.465,95.2325,190.465,95.2325,0.0010914031281808894,0.8115117831455074,0.0,0.0
276,Device,Conv2DBackpropFilter,gradient_tape/inception_v3/conv2d_88/Conv2D/Conv2DBackpropFilter,2,189.441,94.7205,189.441,94.7205,0.001085535400234772,0.8125973185457422,0.0,0.0
277,Device,Conv2DBackpropFilter,gradient_tape/inception_v3/conv2d_93/Conv2D/Conv2DBackpropFilter,2,189.441,94.7205,189.441,94.7205,0.001085535400234772,0.8136828539459771,0.0,0.0
278,Device,Conv2D,inception_v3/conv2d_76/Conv2D,2,189.44,94.72,189.44,94.72,0.0010855296700316996,0.8147683836160088,0.0,0.0
279,Device,MaxPoolGrad,gradient_tape/inception_v3/max_pooling2d_3/MaxPool/MaxPoolGrad,2,188.416,94.208,188.416,94.208,0.0010796619420855825,0.8158480455580943,0.0,0.0
280,Device,Conv2DBackpropInput,gradient_tape/inception_v3/conv2d_15/Conv2D/Conv2DBackpropInput,2,186.369,93.1845,186.369,93.1845,0.0010679322163964203,0.8169159777744908,0.0,0.0
281,Device,ArgMax,ArgMax,2,185.345,92.6725,185.345,92.6725,0.001062064488450303,0.817978042262941,0.0,0.0
282,Device,Transpose,gradient_tape/inception_v3/conv2d/Conv2D/Conv2DBackpropFilter-0-TransposeNHWCToNCHW-LayoutOptimizer,2,185.345,92.6725,185.345,92.6725,0.001062064488450303,0.8190401067513913,0.0,0.0
283,Device,Conv2DBackpropInput,gradient_tape/inception_v3/conv2d_12/Conv2D/Conv2DBackpropInput,2,185.345,92.6725,185.345,92.6725,0.001062064488450303,0.8201021712398415,0.0,0.0
284,Device,Conv2DBackpropInput,gradient_tape/inception_v3/conv2d_18/Conv2D/Conv2DBackpropInput,2,184.32,92.16,184.32,92.16,0.0010561910303011131,0.8211583622701426,0.0,0.0
285,Device,Conv2DBackpropInput,gradient_tape/inception_v3/conv2d_75/Conv2D/Conv2DBackpropInput,2,184.32,92.16,184.32,92.16,0.0010561910303011131,0.8222145533004437,0.0,0.0
286,Device,AvgPool,inception_v3/average_pooling2d_6/AvgPool,2,183.297,91.6485,183.297,91.6485,0.0010503290325580682,0.8232648823330018,0.0,0.0
287,Device,AvgPool,inception_v3/average_pooling2d_4/AvgPool,2,182.274,91.137,182.274,91.137,0.0010444670348150234,0.8243093493678167,0.0,0.0
288,Device,Conv2DBackpropInput,gradient_tape/inception_v3/conv2d_80/Conv2D/Conv2DBackpropInput,2,182.272,91.136,182.272,91.136,0.0010444555744088787,0.8253538049422257,0.0,0.0
289,Device,AvgPool,inception_v3/average_pooling2d_5/AvgPool,2,181.25,90.625,181.25,90.625,0.001038599306868906,0.8263924042490945,0.0,0.0
290,Device,Conv2D,inception_v3/conv2d_34/Conv2D,2,181.249,90.6245,181.249,90.6245,0.0010385935766658338,0.8274309978257604,0.0,0.0
291,Device,Conv2D,inception_v3/conv2d_31/Conv2D,2,181.248,90.624,181.248,90.624,0.0010385878464627613,0.8284695856722231,0.0,0.0
292,Device,AvgPool,inception_v3/average_pooling2d/AvgPool,2,178.178,89.089,178.178,89.089,0.0010209961230305542,0.8294905817952536,0.0,0.0
293,Device,Conv2D,inception_v3/conv2d_78/Conv2D,4,178.177,44.54425,178.177,44.54425,0.0010209903928274817,0.830511572188081,0.0,0.0
294,Device,Conv2D,inception_v3/conv2d_82/Conv2D,4,178.177,44.54425,178.177,44.54425,0.0010209903928274817,0.8315325625809085,0.0,0.0
295,Device,Conv2D,inception_v3/conv2d_87/Conv2D,4,178.177,44.54425,178.177,44.54425,0.0010209903928274817,0.8325535529737359,0.0,0.0
296,Device,Conv2D,inception_v3/conv2d_83/Conv2D,4,178.176,44.544,178.176,44.544,0.0010209846626244093,0.8335745376363604,0.0,0.0
297,Device,Conv2D,inception_v3/conv2d_29/Conv2D,2,177.152,88.576,177.152,88.576,0.0010151169346782922,0.8345896545710386,0.0,0.0
298,Device,FusedBatchNormGradV3,gradient_tape/inception_v3/batch_normalization_24/FusedBatchNormGradV3,2,176.129,88.0645,176.129,88.0645,0.0010092549369352473,0.8355989095079739,0.0,0.0
299,Device,Conv2D,inception_v3/conv2d_88/Conv2D,4,176.129,44.03225,176.129,44.03225,0.0010092549369352473,0.8366081644449092,0.0,0.0
300,Device,Conv2D,inception_v3/conv2d_92/Conv2D,4,176.129,44.03225,176.129,44.03225,0.0010092549369352473,0.8376174193818444,0.0,0.0
301,Device,FusedBatchNormGradV3,gradient_tape/inception_v3/batch_normalization_9/FusedBatchNormGradV3,2,176.128,88.064,176.128,88.064,0.0010092492067321748,0.8386266685885766,0.0,0.0
302,Device,FusedBatchNormGradV3,gradient_tape/inception_v3/batch_normalization_23/FusedBatchNormGradV3,2,175.105,87.5525,175.105,87.5525,0.00100338720898913,0.8396300557975658,0.0,0.0
303,Device,Conv2DBackpropInput,gradient_tape/inception_v3/conv2d_34/Conv2D/Conv2DBackpropInput,2,175.105,87.5525,175.105,87.5525,0.00100338720898913,0.840633443006555,0.0,0.0
304,Device,FusedBatchNormGradV3,gradient_tape/inception_v3/batch_normalization_10/FusedBatchNormGradV3,2,175.104,87.552,175.104,87.552,0.0010033814787860577,0.841636824485341,0.0,0.0
305,Device,FusedBatchNormGradV3,gradient_tape/inception_v3/batch_normalization_16/FusedBatchNormGradV3,2,175.104,87.552,175.104,87.552,0.0010033814787860577,0.8426402059641271,0.0,0.0
306,Device,FusedBatchNormGradV3,gradient_tape/inception_v3/batch_normalization_17/FusedBatchNormGradV3,2,175.104,87.552,175.104,87.552,0.0010033814787860577,0.8436435874429132,0.0,0.0
307,Device,Conv2D,inception_v3/conv2d_79/Conv2D,4,175.104,43.776,175.104,43.776,0.0010033814787860577,0.8446469689216993,0.0,0.0
308,Device,Conv2D,inception_v3/conv2d_91/Conv2D,4,175.104,43.776,175.104,43.776,0.0010033814787860577,0.8456503504004854,0.0,0.0
309,Device,FusedBatchNormGradV3,gradient_tape/inception_v3/batch_normalization_28/FusedBatchNormGradV3,2,174.081,87.0405,174.081,87.0405,0.0009975194810430126,0.8466478698815284,0.0,0.0
310,Device,Conv2DBackpropInput,gradient_tape/inception_v3/conv2d_13/Conv2D/Conv2DBackpropInput,2,174.081,87.0405,174.081,87.0405,0.0009975194810430126,0.8476453893625714,0.0,0.0
311,Device,Conv2DBackpropInput,gradient_tape/inception_v3/conv2d_31/Conv2D/Conv2DBackpropInput,2,174.081,87.0405,174.081,87.0405,0.0009975194810430126,0.8486429088436144,0.0,0.0
312,Device,Conv2D,inception_v3/conv2d_84/Conv2D,4,168.962,42.2405,168.962,42.2405,0.0009681865715154984,0.8496110954151299,0.0,0.0
313,Device,AvgPool,inception_v3/average_pooling2d_3/AvgPool,2,167.937,83.9685,167.937,83.9685,0.000962313113366309,0.8505734085284963,0.0,0.0
314,Device,Conv2DBackpropInput,gradient_tape/inception_v3/conv2d_77/Conv2D/Conv2DBackpropInput,2,163.84,81.92,163.84,81.92,0.0009388364713787674,0.851512244999875,0.0,0.0
315,Device,Conv2D,inception_v3/conv2d_75/Conv2D,4,159.744,39.936,159.744,39.936,0.0009153655595942981,0.8524276105594693,0.0,0.0
316,Device,Conv2DBackpropFilter,gradient_tape/inception_v3/conv2d_75/Conv2D/Conv2DBackpropFilter,2,151.552,75.776,151.552,75.776,0.0008684237360253597,0.8532960342954946,0.0,0.0
317,Device,Conv2DBackpropInput,gradient_tape/inception_v3/conv2d_76/Conv2D/Conv2DBackpropInput,2,144.385,72.1925,144.385,72.1925,0.000827355370605611,0.8541233896661002,0.0,0.0
318,Device,ConcatV2,inception_v3/mixed4/concat,8,144.385,18.048125,144.385,18.048125,0.000827355370605611,0.8549507450367059,0.0,0.0
319,Device,ConcatV2,inception_v3/mixed7/concat,8,143.361,17.920125,143.361,17.920125,0.0008214876426594937,0.8557722326793654,0.0,0.0
320,Device,ConcatV2,inception_v3/mixed6/concat,8,143.36,17.92,143.36,17.92,0.0008214819124564215,0.8565937145918219,0.0,0.0
321,Device,Conv2DBackpropInput,gradient_tape/inception_v3/conv2d_82/Conv2D/Conv2DBackpropInput,4,141.313,35.32825,141.313,35.32825,0.0008097521867672592,0.8574034667785891,0.0,0.0
322,Device,Conv2DBackpropInput,gradient_tape/inception_v3/conv2d_87/Conv2D/Conv2DBackpropInput,4,141.312,35.328,141.312,35.328,0.0008097464565641869,0.8582132132351533,0.0,0.0
323,Device,ConcatV2,inception_v3/mixed5/concat,8,140.289,17.536125,140.289,17.536125,0.0008038844588211418,0.8590170976939745,0.0,0.0
324,Device,Conv2DBackpropInput,gradient_tape/inception_v3/conv2d_78/Conv2D/Conv2DBackpropInput,4,140.288,35.072,140.288,35.072,0.0008038787286180696,0.8598209764225926,0.0,0.0
325,Device,Conv2DBackpropInput,gradient_tape/inception_v3/conv2d_88/Conv2D/Conv2DBackpropInput,4,140.288,35.072,140.288,35.072,0.0008038787286180696,0.8606248551512107,0.0,0.0
326,Device,Conv2DBackpropInput,gradient_tape/inception_v3/conv2d_5/Conv2D/Conv2DBackpropInput,2,139.265,69.6325,139.265,69.6325,0.0007980167308750245,0.8614228718820857,0.0,0.0
327,Device,Conv2DBackpropInput,gradient_tape/inception_v3/conv2d_91/Conv2D/Conv2DBackpropInput,4,139.265,34.81625,139.265,34.81625,0.0007980167308750245,0.8622208886129606,0.0,0.0
328,Device,Conv2D,inception_v3/conv2d_22/Conv2D,2,139.265,69.6325,139.265,69.6325,0.0007980167308750245,0.8630189053438356,0.0,0.0
329,Device,AddN,SGD/gradients/AddN_2,2,139.264,69.632,139.264,69.632,0.0007980110006719522,0.8638169163445076,0.0,0.0
330,Device,Conv2DBackpropInput,gradient_tape/inception_v3/conv2d_8/Conv2D/Conv2DBackpropInput,2,138.24,69.12,138.24,69.12,0.000792143272725835,0.8646090596172334,0.0,0.0
331,Device,Conv2DBackpropInput,gradient_tape/inception_v3/conv2d_83/Conv2D/Conv2DBackpropInput,4,138.24,34.56,138.24,34.56,0.000792143272725835,0.8654012028899593,0.0,0.0
332,Device,Conv2DBackpropInput,gradient_tape/inception_v3/conv2d_92/Conv2D/Conv2DBackpropInput,4,138.24,34.56,138.24,34.56,0.000792143272725835,0.8661933461626851,0.0,0.0
333,Device,Conv2D,inception_v3/conv2d_19/Conv2D,2,138.24,69.12,138.24,69.12,0.000792143272725835,0.8669854894354109,0.0,0.0
334,Device,ConcatV2,inception_v3/mixed3/concat,6,137.217,22.869500000000002,137.217,22.869500000000002,0.0007862812749827901,0.8677717707103937,0.0,0.0
335,Device,Conv2DBackpropInput,gradient_tape/inception_v3/conv2d_79/Conv2D/Conv2DBackpropInput,4,137.216,34.304,137.216,34.304,0.0007862755447797177,0.8685580462551734,0.0,0.0
336,Device,Conv2D,inception_v3/conv2d_25/Conv2D,2,137.216,68.608,137.216,68.608,0.0007862755447797177,0.8693443217999531,0.0,0.0
337,Device,Conv2DBackpropInput,gradient_tape/inception_v3/conv2d_93/Conv2D/Conv2DBackpropInput,2,136.193,68.0965,136.193,68.0965,0.0007804135470366728,0.8701247353469898,0.0,0.0
338,Device,Conv2D,inception_v3/conv2d_20/Conv2D,2,135.168,67.584,135.168,67.584,0.0007745400888874831,0.8708992754358772,0.0,0.0
339,Device,Conv2D,inception_v3/conv2d_27/Conv2D,2,134.145,67.0725,134.145,67.0725,0.0007686780911444382,0.8716679535270216,0.0,0.0
340,Device,MaxPool,inception_v3/max_pooling2d_2/MaxPool,2,133.12,66.56,133.12,66.56,0.0007628046329952485,0.8724307581600169,0.0,0.0
341,Device,Conv2DBackpropInput,gradient_tape/inception_v3/conv2d_6/Conv2D/Conv2DBackpropInput,2,132.096,66.048,132.096,66.048,0.0007569369050491312,0.873187695065066,0.0,0.0
342,Device,Conv2D,inception_v3/conv2d_15/Conv2D,2,130.049,65.0245,130.049,65.0245,0.0007452071793599689,0.873932902244426,0.0,0.0
343,Device,FusedBatchNormGradV3,gradient_tape/inception_v3/batch_normalization_25/FusedBatchNormGradV3,2,129.024,64.512,129.024,64.512,0.0007393337212107793,0.8746722359656368,0.0,0.0
344,Device,Conv2D,inception_v3/conv2d_18/Conv2D,2,128.0,64.0,128.0,64.0,0.000733465993264662,0.8754057019589014,0.0,0.0
345,Device,FusedBatchNormGradV3,gradient_tape/inception_v3/batch_normalization_18/FusedBatchNormGradV3,2,126.976,63.488,126.976,63.488,0.0007275982653185447,0.87613330022422,0.0,0.0
346,Device,Conv2D,inception_v3/conv2d_13/Conv2D,2,126.976,63.488,126.976,63.488,0.0007275982653185447,0.8768608984895385,0.0,0.0
347,Device,FusedBatchNormGradV3,gradient_tape/inception_v3/batch_normalization_21/FusedBatchNormGradV3,2,125.953,62.9765,125.953,62.9765,0.0007217362675754998,0.8775826347571141,0.0,0.0
348,Device,FusedBatchNormV3,inception_v3/batch_normalization_9/FusedBatchNormV3,4,124.93,31.2325,124.93,31.2325,0.0007158742698324549,0.8782985090269465,0.0,0.0
349,Device,FusedBatchNormGradV3,gradient_tape/inception_v3/batch_normalization_12/FusedBatchNormGradV3,2,124.929,62.4645,124.929,62.4645,0.0007158685396293824,0.8790143775665759,0.0,0.0
350,Device,FusedBatchNormGradV3,gradient_tape/inception_v3/batch_normalization_14/FusedBatchNormGradV3,2,124.929,62.4645,124.929,62.4645,0.0007158685396293824,0.8797302461062052,0.0,0.0
351,Device,FusedBatchNormGradV3,gradient_tape/inception_v3/batch_normalization_7/FusedBatchNormGradV3,2,124.929,62.4645,124.929,62.4645,0.0007158685396293824,0.8804461146458346,0.0,0.0
352,Device,FusedBatchNormV3,inception_v3/batch_normalization_16/FusedBatchNormV3,4,124.929,31.23225,124.929,31.23225,0.0007158685396293824,0.8811619831854639,0.0,0.0
353,Device,Conv2D,inception_v3/conv2d_12/Conv2D,2,124.928,62.464,124.928,62.464,0.0007158628094263101,0.8818778459948902,0.0,0.0
354,Device,FusedBatchNormGradV3,gradient_tape/inception_v3/batch_normalization_5/FusedBatchNormGradV3,2,123.905,61.9525,123.905,61.9525,0.0007100008116832652,0.8825878468065734,0.0,0.0
355,Device,FusedBatchNormGradV3,gradient_tape/inception_v3/batch_normalization_19/FusedBatchNormGradV3,2,123.904,61.952,123.904,61.952,0.0007099950814801928,0.8832978418880536,0.0,0.0
356,Device,Conv2DBackpropFilter,gradient_tape/inception_v3/conv2d_84/Conv2D/Conv2DBackpropFilter,4,123.904,30.976,123.904,30.976,0.0007099950814801928,0.8840078369695338,0.0,0.0
357,Device,FusedBatchNormGradV3,gradient_tape/inception_v3/batch_normalization_8/FusedBatchNormGradV3,2,122.881,61.4405,122.881,61.4405,0.0007041330837371479,0.884711970053271,0.0,0.0
358,Device,FusedBatchNormV3,inception_v3/batch_normalization_23/FusedBatchNormV3,4,122.88,30.72,122.88,30.72,0.0007041273535340754,0.885416097406805,0.0,0.0
359,Device,FusedBatchNormGradV3,gradient_tape/inception_v3/batch_normalization_15/FusedBatchNormGradV3,2,121.857,60.9285,121.857,60.9285,0.0006982653557910305,0.886114362762596,0.0,0.0
360,Device,FusedBatchNormGradV3,gradient_tape/inception_v3/batch_normalization_22/FusedBatchNormGradV3,2,121.856,60.928,121.856,60.928,0.0006982596255879582,0.886812622388184,0.0,0.0
361,Device,FusedBatchNormGradV3,gradient_tape/inception_v3/batch_normalization_27/FusedBatchNormGradV3,2,121.856,60.928,121.856,60.928,0.0006982596255879582,0.887510882013772,0.0,0.0
362,Device,Conv2DBackpropInput,gradient_tape/inception_v3/conv2d_11/Conv2D/Conv2DBackpropInput,2,120.833,60.4165,120.833,60.4165,0.0006923976278449133,0.8882032796416169,0.0,0.0
363,Device,ArgMax,ArgMax_1,2,119.808,59.904,119.808,59.904,0.0006865241696957236,0.8888898038113127,0.0,0.0
364,Device,FusedBatchNormV3,inception_v3/batch_normalization_28/FusedBatchNormV3,4,116.737,29.18425,116.737,29.18425,0.000668926716060444,0.8895587305273731,0.0,0.0
365,Device,FusedBatchNormV3,inception_v3/batch_normalization_10/FusedBatchNormV3,4,116.736,29.184,116.736,29.184,0.0006689209858573717,0.8902276515132305,0.0,0.0
366,Device,FusedBatchNormV3,inception_v3/batch_normalization_17/FusedBatchNormV3,4,116.736,29.184,116.736,29.184,0.0006689209858573717,0.8908965724990878,0.0,0.0
367,Device,FusedBatchNormV3,inception_v3/batch_normalization_24/FusedBatchNormV3,4,115.713,28.92825,115.713,28.92825,0.0006630589881143268,0.8915596314872022,0.0,0.0
368,Device,Conv2D,inception_v3/conv2d_11/Conv2D,2,113.665,56.8325,113.665,56.8325,0.0006513235322220922,0.8922109550194243,0.0,0.0
369,Device,Conv2D,inception_v3/conv2d_6/Conv2D,2,109.568,54.784,109.568,54.784,0.0006278468902345506,0.8928388019096588,0.0,0.0
370,Device,Conv2D,inception_v3/conv2d_8/Conv2D,2,108.544,54.272,108.544,54.272,0.0006219791622884333,0.8934607810719473,0.0,0.0
371,Device,Conv2DBackpropInput,gradient_tape/inception_v3/conv2d_84/Conv2D/Conv2DBackpropInput,2,107.521,53.7605,107.521,53.7605,0.0006161171645453884,0.8940768982364926,0.0,0.0
372,Device,AvgPoolGrad,gradient_tape/inception_v3/average_pooling2d_8/AvgPoolGrad,2,106.496,53.248,106.496,53.248,0.0006102437063961987,0.8946871419428888,0.0,0.0
373,Device,FusedBatchNormGradV3,gradient_tape/inception_v3/batch_normalization_13/FusedBatchNormGradV3,2,103.424,51.712,103.424,51.712,0.0005926405225578469,0.8952797824654466,0.0,0.0
374,Device,ResourceApplyGradientDescent,SGD/SGD/update_188/ResourceApplyGradientDescent,2,102.4,51.2,102.4,51.2,0.0005867727946117297,0.8958665552600583,0.0,0.0
375,Device,FusedBatchNormGradV3,gradient_tape/inception_v3/batch_normalization_20/FusedBatchNormGradV3,2,102.4,51.2,102.4,51.2,0.0005867727946117297,0.89645332805467,0.0,0.0
376,Device,FusedBatchNormGradV3,gradient_tape/inception_v3/batch_normalization_6/FusedBatchNormGradV3,2,102.4,51.2,102.4,51.2,0.0005867727946117297,0.8970401008492818,0.0,0.0
377,Device,ReluGrad,gradient_tape/inception_v3/activation_16/ReluGrad,2,101.377,50.6885,101.377,50.6885,0.0005809107968686847,0.8976210116461505,0.0,0.0
378,Device,Conv2D,inception_v3/conv2d_5/Conv2D,2,101.377,50.6885,101.377,50.6885,0.0005809107968686847,0.8982019224430192,0.0,0.0
379,Device,ReluGrad,gradient_tape/inception_v3/activation_24/ReluGrad,2,100.353,50.1765,100.353,50.1765,0.0005750430689225673,0.8987769655119418,0.0,0.0
380,Device,ReluGrad,gradient_tape/inception_v3/activation_9/ReluGrad,2,100.353,50.1765,100.353,50.1765,0.0005750430689225673,0.8993520085808643,0.0,0.0
381,Device,ReluGrad,gradient_tape/inception_v3/activation_10/ReluGrad,2,100.352,50.176,100.352,50.176,0.000575037338719495,0.8999270459195837,0.0,0.0
382,Device,ReluGrad,gradient_tape/inception_v3/activation_17/ReluGrad,2,100.352,50.176,100.352,50.176,0.000575037338719495,0.9005020832583032,0.0,0.0
383,Device,ReluGrad,gradient_tape/inception_v3/activation_23/ReluGrad,2,100.352,50.176,100.352,50.176,0.000575037338719495,0.9010771205970226,0.0,0.0
384,Device,FusedBatchNormGradV3,gradient_tape/inception_v3/batch_normalization_26/FusedBatchNormGradV3,2,100.352,50.176,100.352,50.176,0.000575037338719495,0.901652157935742,0.0,0.0
385,Device,ReluGrad,gradient_tape/inception_v3/activation_28/ReluGrad,2,99.329,49.6645,99.329,49.6645,0.00056917534097645,0.9022213332767185,0.0,0.0
386,Device,AvgPool,inception_v3/average_pooling2d_8/AvgPool,2,93.184,46.592,93.184,46.592,0.0005339632430966739,0.9027552965198151,0.0,0.0
387,Device,ReluGrad,gradient_tape/inception_v3/activation_26/ReluGrad,2,92.16,46.08,92.16,46.08,0.0005280955151505566,0.9032833920349657,0.0,0.0
388,Device,AddN,SGD/gradients/AddN_5,2,89.09,44.545,89.09,44.545,0.0005105037917183496,0.903793895826684,0.0,0.0
389,Device,FusedBatchNormV3,inception_v3/batch_normalization_12/FusedBatchNormV3,4,84.992,21.248,84.992,21.248,0.00048702141952773555,0.9042809172462117,0.0,0.0
390,Device,MaxPool,inception_v3/max_pooling2d_3/MaxPool,2,83.968,41.984,83.968,41.984,0.00048115369158161826,0.9047620709377934,0.0,0.0
391,Device,FusedBatchNormV3,inception_v3/batch_normalization_14/FusedBatchNormV3,4,82.945,20.73625,82.945,20.73625,0.0004752916938385733,0.9052373626316319,0.0,0.0
392,Device,FusedBatchNormV3,inception_v3/batch_normalization_22/FusedBatchNormV3,4,82.945,20.73625,82.945,20.73625,0.0004752916938385733,0.9057126543254704,0.0,0.0
393,Device,ResourceApplyGradientDescent,SGD/SGD/update_155/ResourceApplyGradientDescent,2,82.944,41.472,82.944,41.472,0.00047528596363550097,0.906187940289106,0.0,0.0
394,Device,ResourceApplyGradientDescent,SGD/SGD/update_173/ResourceApplyGradientDescent,2,82.944,41.472,82.944,41.472,0.00047528596363550097,0.9066632262527415,0.0,0.0
395,Device,FusedBatchNormV3,inception_v3/batch_normalization_18/FusedBatchNormV3,4,81.921,20.48025,81.921,20.48025,0.0004694239658924561,0.907132650218634,0.0,0.0
396,Device,FusedBatchNormV3,inception_v3/batch_normalization_19/FusedBatchNormV3,4,81.921,20.48025,81.921,20.48025,0.0004694239658924561,0.9076020741845264,0.0,0.0
397,Device,FusedBatchNormV3,inception_v3/batch_normalization_27/FusedBatchNormV3,4,81.921,20.48025,81.921,20.48025,0.0004694239658924561,0.9080714981504189,0.0,0.0
398,Device,FusedBatchNormV3,inception_v3/batch_normalization_15/FusedBatchNormV3,4,80.897,20.22425,80.897,20.22425,0.0004635562379463388,0.9085350543883652,0.0,0.0
399,Device,FusedBatchNormV3,inception_v3/batch_normalization_25/FusedBatchNormV3,4,80.897,20.22425,80.897,20.22425,0.0004635562379463388,0.9089986106263116,0.0,0.0
400,Device,FusedBatchNormV3,inception_v3/batch_normalization_5/FusedBatchNormV3,4,80.896,20.224,80.896,20.224,0.00046355050774326634,0.9094621611340549,0.0,0.0
401,Device,FusedBatchNormV3,inception_v3/batch_normalization_7/FusedBatchNormV3,4,80.896,20.224,80.896,20.224,0.00046355050774326634,0.9099257116417981,0.0,0.0
402,Device,FusedBatchNormV3,inception_v3/batch_normalization_8/FusedBatchNormV3,4,80.896,20.224,80.896,20.224,0.00046355050774326634,0.9103892621495414,0.0,0.0
403,Device,FusedBatchNormV3,inception_v3/batch_normalization_21/FusedBatchNormV3,4,78.849,19.71225,78.849,19.71225,0.00045182078205410417,0.9108410829315955,0.0,0.0
404,Device,ConcatV2,inception_v3/mixed10/concat,8,78.849,9.856125,78.849,9.856125,0.00045182078205410417,0.9112929037136496,0.0,0.0
405,Device,ConcatV2,inception_v3/mixed9/concat,8,78.848,9.856,78.848,9.856,0.00045181505185103177,0.9117447187655006,0.0,0.0
406,Device,FusedBatchNormGradV3,gradient_tape/inception_v3/batch_normalization_11/FusedBatchNormGradV3,2,74.752,37.376,74.752,37.376,0.00042834414006656256,0.9121730629055671,0.0,0.0
407,Device,Slice,gradient_tape/inception_v3/mixed1/Slice_2,2,74.752,37.376,74.752,37.376,0.00042834414006656256,0.9126014070456336,0.0,0.0
408,Device,Slice,gradient_tape/inception_v3/mixed2/Slice_2,2,73.728,36.864,73.728,36.864,0.00042247641212044527,0.9130238834577541,0.0,0.0
409,Device,Slice,gradient_tape/inception_v3/mixed0/Slice_2,2,72.704,36.352,72.704,36.352,0.000416608684174328,0.9134404921419285,0.0,0.0
410,Device,ReluGrad,gradient_tape/inception_v3/activation_18/ReluGrad,2,69.632,34.816,69.632,34.816,0.0003990055003359761,0.9138394976422645,0.0,0.0
411,Device,ReluGrad,gradient_tape/inception_v3/activation_25/ReluGrad,2,69.632,34.816,69.632,34.816,0.0003990055003359761,0.9142385031426005,0.0,0.0
412,Device,AvgPoolGrad,gradient_tape/inception_v3/average_pooling2d_7/AvgPoolGrad,2,69.632,34.816,69.632,34.816,0.0003990055003359761,0.9146375086429365,0.0,0.0
413,Device,Relu,inception_v3/activation_23/Relu,2,69.632,34.816,69.632,34.816,0.0003990055003359761,0.9150365141432725,0.0,0.0
414,Device,ReluGrad,gradient_tape/inception_v3/activation_12/ReluGrad,2,68.609,34.3045,68.609,34.3045,0.0003931435025929312,0.9154296576458654,0.0,0.0
415,Device,ReluGrad,gradient_tape/inception_v3/activation_14/ReluGrad,2,67.585,33.7925,67.585,33.7925,0.00038727577464681384,0.9158169334205122,0.0,0.0
416,Device,ReluGrad,gradient_tape/inception_v3/activation_21/ReluGrad,2,67.585,33.7925,67.585,33.7925,0.00038727577464681384,0.916204209195159,0.0,0.0
417,Device,ReluGrad,gradient_tape/inception_v3/activation_5/ReluGrad,2,67.585,33.7925,67.585,33.7925,0.00038727577464681384,0.9165914849698058,0.0,0.0
418,Device,ReluGrad,gradient_tape/inception_v3/activation_7/ReluGrad,2,67.584,33.792,67.584,33.792,0.00038727004444374154,0.9169787550142495,0.0,0.0
419,Device,Relu,inception_v3/activation_16/Relu,2,67.584,33.792,67.584,33.792,0.00038727004444374154,0.9173660250586932,0.0,0.0
420,Device,Relu,inception_v3/activation_9/Relu,2,67.584,33.792,67.584,33.792,0.00038727004444374154,0.917753295103137,0.0,0.0
421,Device,FusedBatchNormV3,inception_v3/batch_normalization_20/FusedBatchNormV3,4,66.56,16.64,66.56,16.64,0.00038140231649762426,0.9181346974196346,0.0,0.0
422,Device,Slice,gradient_tape/inception_v3/mixed3/Slice,2,65.537,32.7685,65.537,32.7685,0.0003755403187545793,0.9185102377383891,0.0,0.0
423,Device,ReluGrad,gradient_tape/inception_v3/activation_19/ReluGrad,2,65.536,32.768,65.536,32.768,0.0003755345885515069,0.9188857723269407,0.0,0.0
424,Device,FusedBatchNormV3,inception_v3/batch_normalization_13/FusedBatchNormV3,4,65.536,16.384,65.536,16.384,0.0003755345885515069,0.9192613069154922,0.0,0.0
425,Device,FusedBatchNormV3,inception_v3/batch_normalization_26/FusedBatchNormV3,4,65.536,16.384,65.536,16.384,0.0003755345885515069,0.9196368415040438,0.0,0.0
426,Device,FusedBatchNormV3,inception_v3/batch_normalization_6/FusedBatchNormV3,4,64.512,16.128,64.512,16.128,0.0003696668606053896,0.9200065083646491,0.0,0.0
427,Device,Relu,inception_v3/activation_28/Relu,2,63.488,31.744,63.488,31.744,0.00036379913265927234,0.9203703074973084,0.0,0.0
428,Device,Relu,inception_v3/activation_10/Relu,2,61.441,30.7205,61.441,30.7205,0.00035206940697011017,0.9207223769042785,0.0,0.0
429,Device,Relu,inception_v3/activation_17/Relu,2,61.441,30.7205,61.441,30.7205,0.00035206940697011017,0.9210744463112486,0.0,0.0
430,Device,Relu,inception_v3/activation_24/Relu,2,61.441,30.7205,61.441,30.7205,0.00035206940697011017,0.9214265157182187,0.0,0.0
431,Device,Relu,inception_v3/activation_26/Relu,2,61.441,30.7205,61.441,30.7205,0.00035206940697011017,0.9217785851251887,0.0,0.0
432,Device,ReluGrad,gradient_tape/inception_v3/activation_22/ReluGrad,2,58.368,29.184,58.368,29.184,0.00033446049292868584,0.9221130456181175,0.0,0.0
433,Device,ReluGrad,gradient_tape/inception_v3/activation_27/ReluGrad,2,58.368,29.184,58.368,29.184,0.00033446049292868584,0.9224475061110462,0.0,0.0
434,Device,ReluGrad,gradient_tape/inception_v3/activation_15/ReluGrad,2,57.344,28.672,57.344,28.672,0.00032859276498256856,0.9227760988760287,0.0,0.0
435,Device,ReluGrad,gradient_tape/inception_v3/activation_8/ReluGrad,2,57.344,28.672,57.344,28.672,0.00032859276498256856,0.9231046916410113,0.0,0.0
436,Device,FusedBatchNormGradV3,gradient_tape/inception_v3/batch_normalization_39/FusedBatchNormGradV3,2,57.344,28.672,57.344,28.672,0.00032859276498256856,0.9234332844059938,0.0,0.0
437,Device,ResourceApplyGradientDescent,SGD/SGD/update_56/ResourceApplyGradientDescent,2,56.32,28.16,56.32,28.16,0.00032272503703645127,0.9237560094430303,0.0,0.0
438,Device,FusedBatchNormGradV3,gradient_tape/inception_v3/batch_normalization_30/FusedBatchNormGradV3,2,56.32,28.16,56.32,28.16,0.00032272503703645127,0.9240787344800667,0.0,0.0
439,Device,FusedBatchNormGradV3,gradient_tape/inception_v3/batch_normalization_33/FusedBatchNormGradV3,2,56.32,28.16,56.32,28.16,0.00032272503703645127,0.9244014595171032,0.0,0.0
440,Device,FusedBatchNormGradV3,gradient_tape/inception_v3/batch_normalization_49/FusedBatchNormGradV3,2,56.32,28.16,56.32,28.16,0.00032272503703645127,0.9247241845541396,0.0,0.0
441,Device,FusedBatchNormGradV3,gradient_tape/inception_v3/batch_normalization_53/FusedBatchNormGradV3,2,56.32,28.16,56.32,28.16,0.00032272503703645127,0.9250469095911761,0.0,0.0
442,Device,FusedBatchNormGradV3,gradient_tape/inception_v3/batch_normalization_60/FusedBatchNormGradV3,2,56.32,28.16,56.32,28.16,0.00032272503703645127,0.9253696346282125,0.0,0.0
443,Device,FusedBatchNormGradV3,gradient_tape/inception_v3/batch_normalization_61/FusedBatchNormGradV3,2,56.32,28.16,56.32,28.16,0.00032272503703645127,0.925692359665249,0.0,0.0
444,Device,FusedBatchNormGradV3,gradient_tape/inception_v3/batch_normalization_62/FusedBatchNormGradV3,2,56.32,28.16,56.32,28.16,0.00032272503703645127,0.9260150847022854,0.0,0.0
445,Device,FusedBatchNormGradV3,gradient_tape/inception_v3/batch_normalization_43/FusedBatchNormGradV3,2,55.297,27.6485,55.297,27.6485,0.00031686303929340633,0.9263319477415789,0.0,0.0
446,Device,AvgPool,inception_v3/average_pooling2d_7/AvgPool,2,55.297,27.6485,55.297,27.6485,0.00031686303929340633,0.9266488107808724,0.0,0.0
447,Device,FusedBatchNormGradV3,gradient_tape/inception_v3/batch_normalization_40/FusedBatchNormGradV3,2,55.296,27.648,55.296,27.648,0.000316857309090334,0.9269656680899627,0.0,0.0
448,Device,FusedBatchNormGradV3,gradient_tape/inception_v3/batch_normalization_50/FusedBatchNormGradV3,2,55.296,27.648,55.296,27.648,0.000316857309090334,0.9272825253990531,0.0,0.0
449,Device,FusedBatchNormGradV3,gradient_tape/inception_v3/batch_normalization_59/FusedBatchNormGradV3,2,55.296,27.648,55.296,27.648,0.000316857309090334,0.9275993827081435,0.0,0.0
450,Device,FusedBatchNormGradV3,gradient_tape/inception_v3/batch_normalization_63/FusedBatchNormGradV3,2,55.296,27.648,55.296,27.648,0.000316857309090334,0.9279162400172338,0.0,0.0
451,Device,FusedBatchNormGradV3,gradient_tape/inception_v3/batch_normalization_69/FusedBatchNormGradV3,2,55.296,27.648,55.296,27.648,0.000316857309090334,0.9282330973263242,0.0,0.0
452,Device,FusedBatchNormGradV3,gradient_tape/inception_v3/batch_normalization_70/FusedBatchNormGradV3,2,55.296,27.648,55.296,27.648,0.000316857309090334,0.9285499546354146,0.0,0.0
453,Device,FusedBatchNormGradV3,gradient_tape/inception_v3/batch_normalization_48/FusedBatchNormGradV3,2,54.272,27.136,54.272,27.136,0.00031098958114421664,0.9288609442165587,0.0,0.0
454,Device,FusedBatchNormGradV3,gradient_tape/inception_v3/batch_normalization_67/FusedBatchNormGradV3,2,54.272,27.136,54.272,27.136,0.00031098958114421664,0.9291719337977029,0.0,0.0
455,Device,FusedBatchNormGradV3,gradient_tape/inception_v3/batch_normalization_74/FusedBatchNormGradV3,2,54.272,27.136,54.272,27.136,0.00031098958114421664,0.9294829233788471,0.0,0.0
456,Device,Transpose,inception_v3/mixed10/concat-0-0-TransposeNCHWToNHWC-LayoutOptimizer,2,54.272,27.136,54.272,27.136,0.00031098958114421664,0.9297939129599913,0.0,0.0
457,Device,ReluGrad,gradient_tape/inception_v3/activation_13/ReluGrad,2,53.249,26.6245,53.249,26.6245,0.00030512758340117175,0.9300990405433924,0.0,0.0
458,Device,ReluGrad,gradient_tape/inception_v3/activation_20/ReluGrad,2,53.249,26.6245,53.249,26.6245,0.00030512758340117175,0.9304041681267936,0.0,0.0
459,Device,ReluGrad,gradient_tape/inception_v3/activation_6/ReluGrad,2,53.249,26.6245,53.249,26.6245,0.00030512758340117175,0.9307092957101948,0.0,0.0
460,Device,FusedBatchNormGradV3,gradient_tape/inception_v3/batch_normalization_68/FusedBatchNormGradV3,2,53.249,26.6245,53.249,26.6245,0.00030512758340117175,0.931014423293596,0.0,0.0
461,Device,FusedBatchNormGradV3,gradient_tape/inception_v3/batch_normalization_38/FusedBatchNormGradV3,2,53.248,26.624,53.248,26.624,0.00030512185319809935,0.931319545146794,0.0,0.0
462,Device,FusedBatchNormGradV3,gradient_tape/inception_v3/batch_normalization_58/FusedBatchNormGradV3,2,53.248,26.624,53.248,26.624,0.00030512185319809935,0.9316246669999921,0.0,0.0
463,Device,FusedBatchNormGradV3,gradient_tape/inception_v3/batch_normalization_66/FusedBatchNormGradV3,2,53.248,26.624,53.248,26.624,0.00030512185319809935,0.9319297888531902,0.0,0.0
464,Device,Slice,gradient_tape/inception_v3/mixed3/Slice_2,2,53.248,26.624,53.248,26.624,0.00030512185319809935,0.9322349107063883,0.0,0.0
465,Device,MatMul,inception_v3/predictions/MatMul,2,53.248,26.624,53.248,26.624,0.00030512185319809935,0.9325400325595864,0.0,0.0
466,Device,Slice,gradient_tape/inception_v3/mixed2/Slice,2,52.225,26.1125,52.225,26.1125,0.00029925985545505447,0.9328392924150415,0.0,0.0
467,Device,ResourceApplyGradientDescent,SGD/SGD/update_170/ResourceApplyGradientDescent,2,52.224,26.112,52.224,26.112,0.00029925412525198206,0.9331385465402935,0.0,0.0
468,Device,MatMul,gradient_tape/inception_v3/predictions/MatMul/MatMul,2,52.224,26.112,52.224,26.112,0.00029925412525198206,0.9334378006655455,0.0,0.0
469,Device,ReluGrad,gradient_tape/inception_v3/activation_38/ReluGrad,2,51.2,25.6,51.2,25.6,0.00029338639730586483,0.9337311870628514,0.0,0.0
470,Device,ReluGrad,gradient_tape/inception_v3/activation_48/ReluGrad,2,51.2,25.6,51.2,25.6,0.00029338639730586483,0.9340245734601573,0.0,0.0
471,Device,ReluGrad,gradient_tape/inception_v3/activation_67/ReluGrad,2,51.2,25.6,51.2,25.6,0.00029338639730586483,0.9343179598574632,0.0,0.0
472,Device,ReluGrad,gradient_tape/inception_v3/activation_68/ReluGrad,2,51.2,25.6,51.2,25.6,0.00029338639730586483,0.9346113462547692,0.0,0.0
473,Device,ReluGrad,gradient_tape/inception_v3/activation_74/ReluGrad,2,51.2,25.6,51.2,25.6,0.00029338639730586483,0.9349047326520751,0.0,0.0
474,Device,Slice,gradient_tape/inception_v3/mixed0/Slice,2,51.2,25.6,51.2,25.6,0.00029338639730586483,0.935198119049381,0.0,0.0
475,Device,Slice,gradient_tape/inception_v3/mixed1/Slice,2,51.2,25.6,51.2,25.6,0.00029338639730586483,0.9354915054466869,0.0,0.0
476,Device,Slice,gradient_tape/inception_v3/mixed1/Slice_1,2,51.2,25.6,51.2,25.6,0.00029338639730586483,0.9357848918439928,0.0,0.0
477,Device,Slice,gradient_tape/inception_v3/mixed2/Slice_1,2,51.2,25.6,51.2,25.6,0.00029338639730586483,0.9360782782412987,0.0,0.0
478,Device,ReluGrad,gradient_tape/inception_v3/activation_39/ReluGrad,2,50.177,25.0885,50.177,25.0885,0.0002875243995628199,0.9363658026408616,0.0,0.0
479,Device,ReluGrad,gradient_tape/inception_v3/activation_49/ReluGrad,2,50.176,25.088,50.176,25.088,0.0002875186693597475,0.9366533213102213,0.0,0.0
480,Device,ReluGrad,gradient_tape/inception_v3/activation_58/ReluGrad,2,50.176,25.088,50.176,25.088,0.0002875186693597475,0.936940839979581,0.0,0.0
481,Device,ReluGrad,gradient_tape/inception_v3/activation_69/ReluGrad,2,50.176,25.088,50.176,25.088,0.0002875186693597475,0.9372283586489407,0.0,0.0
482,Device,ReluGrad,gradient_tape/inception_v3/activation_33/ReluGrad,2,49.153,24.5765,49.153,24.5765,0.00028165667161670255,0.9375100153205574,0.0,0.0
483,Device,ReluGrad,gradient_tape/inception_v3/activation_63/ReluGrad,2,49.153,24.5765,49.153,24.5765,0.00028165667161670255,0.9377916719921742,0.0,0.0
484,Device,ReluGrad,gradient_tape/inception_v3/activation_30/ReluGrad,2,49.152,24.576,49.152,24.576,0.0002816509414136302,0.9380733229335878,0.0,0.0
485,Device,ReluGrad,gradient_tape/inception_v3/activation_60/ReluGrad,2,49.152,24.576,49.152,24.576,0.0002816509414136302,0.9383549738750014,0.0,0.0
486,Device,ReluGrad,gradient_tape/inception_v3/activation_61/ReluGrad,2,49.152,24.576,49.152,24.576,0.0002816509414136302,0.9386366248164151,0.0,0.0
487,Device,ReluGrad,gradient_tape/inception_v3/activation_65/ReluGrad,2,49.152,24.576,49.152,24.576,0.0002816509414136302,0.9389182757578287,0.0,0.0
488,Device,ReluGrad,gradient_tape/inception_v3/activation_66/ReluGrad,2,49.152,24.576,49.152,24.576,0.0002816509414136302,0.9391999266992423,0.0,0.0
489,Device,Slice,gradient_tape/inception_v3/mixed0/Slice_1,2,49.152,24.576,49.152,24.576,0.0002816509414136302,0.939481577640656,0.0,0.0
490,Device,Slice,gradient_tape/inception_v3/mixed2/Slice_3,2,49.152,24.576,49.152,24.576,0.0002816509414136302,0.9397632285820696,0.0,0.0
491,Device,ReluGrad,gradient_tape/inception_v3/activation_70/ReluGrad,2,48.13,24.065,48.13,24.065,0.00027579467387365766,0.9400390232559432,0.0,0.0
492,Device,ReluGrad,gradient_tape/inception_v3/activation_62/ReluGrad,2,48.129,24.0645,48.129,24.0645,0.00027578894367058526,0.9403148121996139,0.0,0.0
493,Device,Relu,inception_v3/activation_8/Relu,2,48.129,24.0645,48.129,24.0645,0.00027578894367058526,0.9405906011432845,0.0,0.0
494,Device,ReluGrad,gradient_tape/inception_v3/activation_40/ReluGrad,2,48.128,24.064,48.128,24.064,0.0002757832134675129,0.9408663843567521,0.0,0.0
495,Device,ReluGrad,gradient_tape/inception_v3/activation_50/ReluGrad,2,48.128,24.064,48.128,24.064,0.0002757832134675129,0.9411421675702196,0.0,0.0
496,Device,ReluGrad,gradient_tape/inception_v3/activation_59/ReluGrad,2,48.128,24.064,48.128,24.064,0.0002757832134675129,0.9414179507836872,0.0,0.0
497,Device,ReluGrad,gradient_tape/inception_v3/activation_73/ReluGrad,2,48.128,24.064,48.128,24.064,0.0002757832134675129,0.9416937339971547,0.0,0.0
498,Device,Slice,gradient_tape/inception_v3/mixed1/Slice_3,2,48.128,24.064,48.128,24.064,0.0002757832134675129,0.9419695172106223,0.0,0.0
499,Device,ReluGrad,gradient_tape/inception_v3/activation_43/ReluGrad,2,47.105,23.5525,47.105,23.5525,0.00026992121572446797,0.9422394384263467,0.0,0.0
500,Device,ReluGrad,gradient_tape/inception_v3/activation_53/ReluGrad,2,47.105,23.5525,47.105,23.5525,0.00026992121572446797,0.9425093596420712,0.0,0.0
501,Host,IDLE,IDLE,0,612603.0,0.0,612603.0,0.0,0.0,0.0,0.9875407226970424,0.9875407226970424
502,Host,GatherV2,GatherV2,2,7282.817,3641.4085,7282.817,3641.4085,0.0,0.0,0.011740194487213262,0.9992809171842557
503,Host,GatherV2,GatherV2_1,2,74.572,37.286,74.572,37.286,0.0,0.0,0.00012021306910505474,0.9994011302533607
504,Host,Dataset,Iterator::Root::ParallelMapV2::Zip[1]::ForeverRepeat,2,58.451,29.2255,53.741,26.8705,0.0,0.0,8.66326576566908e-05,0.9994877629110175
505,Host,Dataset,Iterator::Root::ParallelMapV2,2,53.432,26.716,53.432,26.716,0.0,0.0,8.613453720459804e-05,0.9995738974482221
506,Host,FlushSummaryWriter,FlushSummaryWriter,1,49.43,49.43,49.43,49.43,0.0,0.0,7.968315193186256e-05,0.999653580600154
507,Host,IteratorGetNext,IteratorGetNext,2,37.821,18.9105,37.821,18.9105,0.0,0.0,6.096897611197601e-05,0.9997145495762659
508,Host,LogicalAnd,LogicalAnd,1,34.04,34.04,34.04,34.04,0.0,0.0,5.487385174510624e-05,0.999769423428011
509,Host,Dataset,Iterator::Root,2,82.212,41.106,28.78,14.39,0.0,0.0,4.6394519777442946e-05,0.9998158179477884
510,Host,Dataset,Iterator::Root::ParallelMapV2::Zip[0]::FlatMap[1]::Concatenate,2,47.521,23.7605,23.821,11.9105,0.0,0.0,3.840041193948813e-05,0.9998542183597279
511,Host,Dataset,Iterator::Root::ParallelMapV2::Zip[0]::FlatMap[1]::Concatenate[0]::TensorSlice,2,23.7,11.85,23.7,11.85,0.0,0.0,3.820535506342591e-05,0.9998924237147913
512,Host,WriteSummary,WriteSummary,1,21.25,21.25,21.25,21.25,0.0,0.0,3.4255856333240534e-05,0.9999266795711245
513,Host,Dataset,Iterator::Root::ParallelMapV2::Zip,2,124.022,62.011,12.02,6.01,0.0,0.0,1.9376724382378878e-05,0.9999460562955068
514,Host,ReadVariableOp,ReadVariableOp,1,6.751,6.751,6.751,6.751,0.0,0.0,1.0882884052033263e-05,0.9999569391795589
515,Host,Dataset,Iterator::Root::ParallelMapV2::Zip[0]::FlatMap,2,53.551,26.7755,6.03,3.015,0.0,0.0,9.720602997150137e-06,0.999966659782556
516,Host,_Send,IteratorGetNext/_3,2,5.181,2.5905,5.181,2.5905,0.0,0.0,8.351980784118551e-06,0.9999750117633401
517,Host,Dataset,Iterator::Root::ParallelMapV2::Zip[1]::ForeverRepeat::FromTensor,4,4.71,1.1775,4.71,1.1775,0.0,0.0,7.5927098037441365e-06,0.9999826044731439
518,Host,_Send,IteratorGetNext/_1,2,3.441,1.7205,3.441,1.7205,0.0,0.0,5.5470306655379135e-06,0.9999881515038095
519,Host,Identity,Identity,2,2.89,1.445,2.89,1.445,0.0,0.0,4.658796461320713e-06,0.9999928103002708
520,Host,_HostSend,categorical_crossentropy/softmax_cross_entropy_with_logits/Shape_2/_9,2,2.8,1.4,2.8,1.4,0.0,0.0,4.513712834497575e-06,0.9999973240131053
521,Host,_Send,IteratorGetNext/_6,2,1.66,0.83,1.66,0.83,0.0,0.0,2.6759868947378487e-06,1.0
