Rank,Host/device,Type,Operation,#Occurrences,Total time (us),Avg. time (us),Total self-time (us),Avg. self-time (us),Total self-time on Device (%),Cumulative total-self time on Device (%),Total self-time on Host (%),Cumulative total-self time on Host (%)
1,Device,IDLE,IDLE,0,34482.354,0.0,34482.354,0.0,0.5762471209455623,0.5762471209455623,0.0,0.0
2,Device,Conv2DBackpropFilter,gradient_tape/model/conv2d_33/Conv2D/Conv2DBackpropFilter,2,562.177,281.0885,562.177,281.0885,0.009394743691565064,0.5856418646371273,0.0,0.0
3,Device,Conv2DBackpropFilter,gradient_tape/model/conv2d_32/Conv2D/Conv2DBackpropFilter,2,561.155,280.5775,561.155,280.5775,0.009377664678989346,0.5950195293161167,0.0,0.0
4,Device,Conv2DBackpropFilter,gradient_tape/model/conv2d_35/Conv2D/Conv2DBackpropFilter,2,558.083,279.0415,558.083,279.0415,0.0093263273730866,0.6043458566892033,0.0,0.0
5,Device,Conv2DBackpropFilter,gradient_tape/model/conv2d_34/Conv2D/Conv2DBackpropFilter,2,555.01,277.505,555.01,277.505,0.009274973355821257,0.6136208300450245,0.0,0.0
6,Device,Conv2DBackpropFilter,gradient_tape/model/conv2d_30/Conv2D/Conv2DBackpropFilter,2,547.842,273.921,547.842,273.921,0.00915518630871485,0.6227760163537394,0.0,0.0
7,Device,Conv2DBackpropInput,gradient_tape/model/conv2d_34/Conv2D/Conv2DBackpropInput,4,425.985,106.49625,425.985,106.49625,0.007118789796543339,0.6298948061502827,0.0,0.0
8,Device,Conv2DBackpropInput,gradient_tape/model/conv2d_35/Conv2D/Conv2DBackpropInput,4,424.962,106.2405,424.962,106.2405,0.007101694072605021,0.6369965002228877,0.0,0.0
9,Device,Conv2DBackpropInput,gradient_tape/model/conv2d_30/Conv2D/Conv2DBackpropInput,4,423.938,105.9845,423.938,105.9845,0.007084581637304106,0.6440810818601918,0.0,0.0
10,Device,Conv2DBackpropInput,gradient_tape/model/conv2d_32/Conv2D/Conv2DBackpropInput,4,423.938,105.9845,423.938,105.9845,0.007084581637304106,0.6511656634974958,0.0,0.0
11,Device,Conv2DBackpropInput,gradient_tape/model/conv2d_33/Conv2D/Conv2DBackpropInput,4,419.841,104.96025,419.841,104.96025,0.007016115184737846,0.6581817786822337,0.0,0.0
12,Device,Conv2D,model/conv2d_30/Conv2D,4,349.187,87.29675,349.187,87.29675,0.0058353905716998925,0.6640171692539336,0.0,0.0
13,Device,Conv2D,model/conv2d_34/Conv2D,4,339.969,84.99225,339.969,84.99225,0.005681345231266458,0.6696985144852001,0.0,0.0
14,Device,Conv2D,model/conv2d_35/Conv2D,4,338.946,84.7365,338.946,84.7365,0.005664249507328142,0.6753627639925283,0.0,0.0
15,Device,Conv2D,model/conv2d_33/Conv2D,4,337.921,84.48025,337.921,84.48025,0.005647120360664628,0.6810098843531929,0.0,0.0
16,Device,Conv2D,model/conv2d_32/Conv2D,4,336.898,84.2245,336.898,84.2245,0.005630024636726311,0.6866399089899192,0.0,0.0
17,Device,Conv2DBackpropInput,gradient_tape/model/conv2d_29/Conv2D/Conv2DBackpropInput,2,243.713,121.8565,243.713,121.8565,0.004072776312980426,0.6907126853028996,0.0,0.0
18,Device,Conv2D,model/conv2d_29/Conv2D,4,239.616,59.904,239.616,59.904,0.004004309860414166,0.6947169951633138,0.0,0.0
19,Device,Conv2D,model/conv2d_25/Conv2D,4,171.009,42.75225,171.009,42.75225,0.002857793406615443,0.6975747885699292,0.0,0.0
20,Device,Conv2D,model/conv2d_20/Conv2D,4,171.008,42.752,171.008,42.752,0.002857776695252845,0.700432565265182,0.0,0.0
21,Device,Conv2D,model/conv2d_19/Conv2D,4,169.984,42.496,169.984,42.496,0.00284066425995193,0.7032732295251339,0.0,0.0
22,Device,Conv2D,model/conv2d_17/Conv2D,4,168.963,42.24075,168.963,42.24075,0.00282360195873881,0.7060968314838727,0.0,0.0
23,Device,Conv2D,model/conv2d_21/Conv2D,4,168.962,42.2405,168.962,42.2405,0.0028235852473762115,0.708920416731249,0.0,0.0
24,Device,Conv2D,model/conv2d_23/Conv2D,4,168.961,42.24025,168.961,42.24025,0.002823568536013613,0.7117439852672626,0.0,0.0
25,Device,Conv2D,model/conv2d_27/Conv2D,4,168.961,42.24025,168.961,42.24025,0.002823568536013613,0.7145675538032762,0.0,0.0
26,Device,Conv2D,model/conv2d_22/Conv2D,4,168.96,42.24,168.96,42.24,0.0028235518246510147,0.7173911056279272,0.0,0.0
27,Device,Conv2D,model/conv2d_28/Conv2D,4,168.96,42.24,168.96,42.24,0.0028235518246510147,0.7202146574525782,0.0,0.0
28,Device,Conv2D,model/conv2d_24/Conv2D,4,167.938,41.9845,167.938,41.9845,0.0028064728120752963,0.7230211302646534,0.0,0.0
29,Device,Conv2D,model/conv2d_26/Conv2D,4,166.913,41.72825,166.913,41.72825,0.0027893436654117826,0.7258104739300653,0.0,0.0
30,Device,Conv2DBackpropFilter,gradient_tape/model/conv2d_29/Conv2D/Conv2DBackpropFilter,2,137.217,68.6085,137.217,68.6085,0.0022930830416852408,0.7281035569717506,0.0,0.0
31,Device,Conv2DBackpropInput,gradient_tape/model/conv2d_25/Conv2D/Conv2DBackpropInput,2,135.168,67.584,135.168,67.584,0.0022588414597208115,0.7303623984314713,0.0,0.0
32,Device,Conv2DBackpropInput,gradient_tape/model/conv2d_24/Conv2D/Conv2DBackpropInput,2,134.145,67.0725,134.145,67.0725,0.002241745735782495,0.7326041441672538,0.0,0.0
33,Device,Conv2DBackpropInput,gradient_tape/model/conv2d_21/Conv2D/Conv2DBackpropInput,2,132.097,66.0485,132.097,66.0485,0.0022075208651806647,0.7348116650324344,0.0,0.0
34,Device,Conv2DBackpropInput,gradient_tape/model/conv2d_22/Conv2D/Conv2DBackpropInput,2,132.097,66.0485,132.097,66.0485,0.0022075208651806647,0.7370191858976151,0.0,0.0
35,Device,Conv2DBackpropInput,gradient_tape/model/conv2d_27/Conv2D/Conv2DBackpropInput,2,131.073,65.5365,131.073,65.5365,0.0021904084298797494,0.7392095943274948,0.0,0.0
36,Device,Conv2DBackpropInput,gradient_tape/model/conv2d_23/Conv2D/Conv2DBackpropInput,2,131.072,65.536,131.072,65.536,0.0021903917185171506,0.741399986046012,0.0,0.0
37,Device,Conv2DBackpropInput,gradient_tape/model/conv2d_20/Conv2D/Conv2DBackpropInput,2,130.049,65.0245,130.049,65.0245,0.0021732959945788342,0.7435732820405908,0.0,0.0
38,Device,Conv2DBackpropInput,gradient_tape/model/conv2d_26/Conv2D/Conv2DBackpropInput,2,130.049,65.0245,130.049,65.0245,0.0021732959945788342,0.7457465780351696,0.0,0.0
39,Device,Conv2DBackpropInput,gradient_tape/model/conv2d_28/Conv2D/Conv2DBackpropInput,2,130.048,65.024,130.048,65.024,0.0021732792832162354,0.7479198573183858,0.0,0.0
40,Device,Conv2DBackpropInput,gradient_tape/model/conv2d_17/Conv2D/Conv2DBackpropInput,2,129.024,64.512,129.024,64.512,0.00215616684791532,0.7500760241663011,0.0,0.0
41,Device,Conv2DBackpropInput,gradient_tape/model/conv2d_19/Conv2D/Conv2DBackpropInput,2,129.024,64.512,129.024,64.512,0.00215616684791532,0.7522321910142165,0.0,0.0
42,Device,ResourceApplyGradientDescent,SGD/SGD/update_118/ResourceApplyGradientDescent,2,125.953,62.9765,125.953,62.9765,0.002104846253375173,0.7543370372675916,0.0,0.0
43,Device,AddN,SGD/gradients/AddN_47,2,125.952,62.976,125.952,62.976,0.0021048295420125745,0.7564418668096041,0.0,0.0
44,Device,ResourceApplyGradientDescent,SGD/SGD/update_122/ResourceApplyGradientDescent,2,124.928,62.464,124.928,62.464,0.0020877171067116593,0.7585295839163158,0.0,0.0
45,Device,ResourceApplyGradientDescent,SGD/SGD/update_134/ResourceApplyGradientDescent,2,123.905,61.9525,123.905,61.9525,0.0020706213827733425,0.7606002052990891,0.0,0.0
46,Device,ResourceApplyGradientDescent,SGD/SGD/update_126/ResourceApplyGradientDescent,2,123.904,61.952,123.904,61.952,0.002070604671410744,0.7626708099704999,0.0,0.0
47,Device,ResourceApplyGradientDescent,SGD/SGD/update_130/ResourceApplyGradientDescent,2,123.904,61.952,123.904,61.952,0.002070604671410744,0.7647414146419106,0.0,0.0
48,Device,Mul,gradient_tape/conv2d_32/kernel/Regularizer/Mul_1,2,121.858,60.929,121.858,60.929,0.0020364132235341104,0.7667778278654447,0.0,0.0
49,Device,Mul,gradient_tape/conv2d_34/kernel/Regularizer/Mul_1,2,121.856,60.928,121.856,60.928,0.002036379800808913,0.7688142076662536,0.0,0.0
50,Device,Mul,gradient_tape/conv2d_33/kernel/Regularizer/Mul_1,2,120.832,60.416,120.832,60.416,0.002019267365507998,0.7708334750317616,0.0,0.0
51,Device,Mul,gradient_tape/conv2d_35/kernel/Regularizer/Mul_1,2,120.832,60.416,120.832,60.416,0.002019267365507998,0.7728527423972695,0.0,0.0
52,Device,SoftmaxCrossEntropyWithLogits,categorical_crossentropy/softmax_cross_entropy_with_logits,2,119.808,59.904,119.808,59.904,0.002002154930207083,0.7748548973274766,0.0,0.0
53,Device,Mul,gradient_tape/conv2d_30/kernel/Regularizer/Mul_1,2,118.785,59.3925,118.785,59.3925,0.0019850592062687663,0.7768399565337454,0.0,0.0
54,Device,Conv2D,model/conv2d_16/Conv2D,4,116.736,29.184,116.736,29.184,0.0019508176243043373,0.7787907741580498,0.0,0.0
55,Device,Conv2DBackpropFilter,gradient_tape/model/conv2d/Conv2D/Conv2DBackpropFilter,2,114.689,57.3445,114.689,57.3445,0.0019166094650651052,0.7807073836231149,0.0,0.0
56,Device,AddN,SGD/gradients/AddN_50,2,111.616,55.808,111.616,55.808,0.0018652554477997612,0.7825726390709147,0.0,0.0
57,Device,AddN,SGD/gradients/AddN_51,2,111.616,55.808,111.616,55.808,0.0018652554477997612,0.7844378945187145,0.0,0.0
58,Device,AddN,SGD/gradients/AddN_49,2,110.593,55.2965,110.593,55.2965,0.0018481597238614444,0.7862860542425759,0.0,0.0
59,Device,AddN,SGD/gradients/AddN_48,2,109.569,54.7845,109.569,54.7845,0.0018310472885605291,0.7881171015311365,0.0,0.0
60,Device,Conv2DBackpropFilter,gradient_tape/model/conv2d_22/Conv2D/Conv2DBackpropFilter,2,103.424,51.712,103.424,51.712,0.0017283559653924392,0.7898454574965289,0.0,0.0
61,Device,Conv2DBackpropFilter,gradient_tape/model/conv2d_28/Conv2D/Conv2DBackpropFilter,2,103.424,51.712,103.424,51.712,0.0017283559653924392,0.7915738134619213,0.0,0.0
62,Device,Conv2DBackpropFilter,gradient_tape/model/conv2d_17/Conv2D/Conv2DBackpropFilter,2,102.401,51.2005,102.401,51.2005,0.0017112602414541224,0.7932850737033754,0.0,0.0
63,Device,Conv2DBackpropFilter,gradient_tape/model/conv2d_20/Conv2D/Conv2DBackpropFilter,2,102.401,51.2005,102.401,51.2005,0.0017112602414541224,0.7949963339448295,0.0,0.0
64,Device,Conv2DBackpropFilter,gradient_tape/model/conv2d_21/Conv2D/Conv2DBackpropFilter,2,102.4,51.2,102.4,51.2,0.001711243530091524,0.796707577474921,0.0,0.0
65,Device,Conv2DBackpropFilter,gradient_tape/model/conv2d_25/Conv2D/Conv2DBackpropFilter,2,102.4,51.2,102.4,51.2,0.001711243530091524,0.7984188210050126,0.0,0.0
66,Device,Conv2DBackpropFilter,gradient_tape/model/conv2d_19/Conv2D/Conv2DBackpropFilter,2,101.376,50.688,101.376,50.688,0.0016941310947906087,0.8001129520998033,0.0,0.0
67,Device,Conv2DBackpropFilter,gradient_tape/model/conv2d_23/Conv2D/Conv2DBackpropFilter,2,101.376,50.688,101.376,50.688,0.0016941310947906087,0.8018070831945939,0.0,0.0
68,Device,Conv2DBackpropFilter,gradient_tape/model/conv2d_24/Conv2D/Conv2DBackpropFilter,2,101.376,50.688,101.376,50.688,0.0016941310947906087,0.8035012142893846,0.0,0.0
69,Device,Conv2DBackpropFilter,gradient_tape/model/conv2d_26/Conv2D/Conv2DBackpropFilter,2,101.376,50.688,101.376,50.688,0.0016941310947906087,0.8051953453841753,0.0,0.0
70,Device,Conv2DBackpropFilter,gradient_tape/model/conv2d_27/Conv2D/Conv2DBackpropFilter,2,101.376,50.688,101.376,50.688,0.0016941310947906087,0.8068894764789659,0.0,0.0
71,Device,Conv2DBackpropInput,gradient_tape/model/conv2d_31/Conv2D/Conv2DBackpropInput,4,101.376,25.344,101.376,25.344,0.0016941310947906087,0.8085836075737566,0.0,0.0
72,Device,Conv2DBackpropInput,gradient_tape/model/conv2d_16/Conv2D/Conv2DBackpropInput,2,98.304,49.152,98.304,49.152,0.001642793788887863,0.8102264013626445,0.0,0.0
73,Device,Conv2D,model/conv2d/Conv2D,2,96.257,48.1285,96.257,48.1285,0.001608585629648631,0.8118349869922931,0.0,0.0
74,Device,Conv2DBackpropFilter,gradient_tape/model/conv2d_6/Conv2D/Conv2DBackpropFilter,2,87.041,43.5205,87.041,43.5205,0.0014545737119403938,0.8132895607042334,0.0,0.0
75,Device,FusedBatchNormGradV3,gradient_tape/model/batch_normalization/FusedBatchNormGradV3,2,86.017,43.0085,86.017,43.0085,0.0014374612766394786,0.8147270219808729,0.0,0.0
76,Device,Conv2DBackpropFilter,gradient_tape/model/conv2d_1/Conv2D/Conv2DBackpropFilter,2,86.016,43.008,86.016,43.008,0.0014374445652768802,0.8161644665461497,0.0,0.0
77,Device,Conv2DBackpropInput,gradient_tape/model/conv2d_7/Conv2D/Conv2DBackpropInput,2,86.016,43.008,86.016,43.008,0.0014374445652768802,0.8176019111114265,0.0,0.0
78,Device,Square,conv2d_32/kernel/Regularizer/Square,2,84.992,42.496,84.992,42.496,0.001420332129975965,0.8190222432414025,0.0,0.0
79,Device,Conv2DBackpropFilter,gradient_tape/model/conv2d_14/Conv2D/Conv2DBackpropFilter,2,84.992,42.496,84.992,42.496,0.001420332129975965,0.8204425753713784,0.0,0.0
80,Device,Conv2DBackpropFilter,gradient_tape/model/conv2d_2/Conv2D/Conv2DBackpropFilter,2,84.992,42.496,84.992,42.496,0.001420332129975965,0.8218629075013544,0.0,0.0
81,Device,Conv2DBackpropFilter,gradient_tape/model/conv2d_3/Conv2D/Conv2DBackpropFilter,2,84.992,42.496,84.992,42.496,0.001420332129975965,0.8232832396313303,0.0,0.0
82,Device,Conv2DBackpropFilter,gradient_tape/model/conv2d_15/Conv2D/Conv2DBackpropFilter,2,83.969,41.9845,83.969,41.9845,0.0014032364060376481,0.824686476037368,0.0,0.0
83,Device,Conv2DBackpropFilter,gradient_tape/model/conv2d_4/Conv2D/Conv2DBackpropFilter,2,83.968,41.984,83.968,41.984,0.0014032196946750497,0.826089695732043,0.0,0.0
84,Device,Conv2DBackpropFilter,gradient_tape/model/conv2d_5/Conv2D/Conv2DBackpropFilter,2,83.968,41.984,83.968,41.984,0.0014032196946750497,0.8274929154267181,0.0,0.0
85,Device,Mul,gradient_tape/conv2d_30/kernel/Regularizer/Mul,2,82.945,41.4725,82.945,41.4725,0.0013861239707367327,0.8288790393974549,0.0,0.0
86,Device,Square,conv2d_33/kernel/Regularizer/Square,2,82.944,41.472,82.944,41.472,0.0013861072593741345,0.830265146656829,0.0,0.0
87,Device,Conv2DBackpropFilter,gradient_tape/model/conv2d_11/Conv2D/Conv2DBackpropFilter,2,82.944,41.472,82.944,41.472,0.0013861072593741345,0.8316512539162032,0.0,0.0
88,Device,Conv2DBackpropFilter,gradient_tape/model/conv2d_12/Conv2D/Conv2DBackpropFilter,2,82.944,41.472,82.944,41.472,0.0013861072593741345,0.8330373611755774,0.0,0.0
89,Device,Conv2DBackpropFilter,gradient_tape/model/conv2d_8/Conv2D/Conv2DBackpropFilter,2,82.944,41.472,82.944,41.472,0.0013861072593741345,0.8344234684349515,0.0,0.0
90,Device,Conv2D,model/conv2d_7/Conv2D,4,82.944,20.736,82.944,20.736,0.0013861072593741345,0.8358095756943257,0.0,0.0
91,Device,Conv2DBackpropFilter,gradient_tape/model/conv2d_10/Conv2D/Conv2DBackpropFilter,2,81.921,40.9605,81.921,40.9605,0.0013690115354358177,0.8371785872297615,0.0,0.0
92,Device,Square,conv2d_30/kernel/Regularizer/Square,2,81.92,40.96,81.92,40.96,0.001368994824073219,0.8385475820538347,0.0,0.0
93,Device,Square,conv2d_34/kernel/Regularizer/Square,2,81.92,40.96,81.92,40.96,0.001368994824073219,0.839916576877908,0.0,0.0
94,Device,Conv2DBackpropFilter,gradient_tape/model/conv2d_13/Conv2D/Conv2DBackpropFilter,2,80.897,40.4485,80.897,40.4485,0.0013518991001349025,0.8412684759780429,0.0,0.0
95,Device,Conv2DBackpropFilter,gradient_tape/model/conv2d_7/Conv2D/Conv2DBackpropFilter,2,80.896,40.448,80.896,40.448,0.0013518823887723038,0.8426203583668151,0.0,0.0
96,Device,Conv2DBackpropFilter,gradient_tape/model/conv2d_16/Conv2D/Conv2DBackpropFilter,2,79.873,39.9365,79.873,39.9365,0.0013347866648339873,0.8439551450316491,0.0,0.0
97,Device,Square,conv2d_35/kernel/Regularizer/Square,2,79.872,39.936,79.872,39.936,0.0013347699534713886,0.8452899149851205,0.0,0.0
98,Device,Conv2DBackpropInput,gradient_tape/model/conv2d_8/Conv2D/Conv2DBackpropInput,2,79.872,39.936,79.872,39.936,0.0013347699534713886,0.8466246849385919,0.0,0.0
99,Device,Conv2DBackpropInput,gradient_tape/model/conv2d_14/Conv2D/Conv2DBackpropInput,2,78.848,39.424,78.848,39.424,0.0013176575181704734,0.8479423424567624,0.0,0.0
100,Device,Conv2DBackpropInput,gradient_tape/model/conv2d_11/Conv2D/Conv2DBackpropInput,2,77.825,38.9125,77.825,38.9125,0.0013005617942321568,0.8492429042509945,0.0,0.0
101,Device,Conv2DBackpropInput,gradient_tape/model/conv2d_10/Conv2D/Conv2DBackpropInput,2,77.824,38.912,77.824,38.912,0.0013005450828695582,0.850543449333864,0.0,0.0
102,Device,Conv2DBackpropInput,gradient_tape/model/conv2d_12/Conv2D/Conv2DBackpropInput,2,76.802,38.401,76.802,38.401,0.0012834660702938402,0.8518269154041579,0.0,0.0
103,Device,Conv2DBackpropInput,gradient_tape/model/conv2d_13/Conv2D/Conv2DBackpropInput,2,76.8,38.4,76.8,38.4,0.001283432647568643,0.8531103480517266,0.0,0.0
104,Device,Conv2DBackpropInput,gradient_tape/model/conv2d_15/Conv2D/Conv2DBackpropInput,2,76.8,38.4,76.8,38.4,0.001283432647568643,0.8543937806992953,0.0,0.0
105,Device,Conv2D,model/conv2d_15/Conv2D,2,76.8,38.4,76.8,38.4,0.001283432647568643,0.855677213346864,0.0,0.0
106,Device,Conv2D,model/conv2d_11/Conv2D,2,75.778,37.889,75.778,37.889,0.0012663536349929248,0.8569435669818569,0.0,0.0
107,Device,Conv2D,model/conv2d_12/Conv2D,2,75.776,37.888,75.776,37.888,0.0012663202122677277,0.8582098871941246,0.0,0.0
108,Device,Conv2D,model/conv2d_10/Conv2D,2,74.754,37.377,74.754,37.377,0.0012492411996920096,0.8594591283938167,0.0,0.0
109,Device,Conv2D,model/conv2d_8/Conv2D,2,74.753,37.3765,74.753,37.3765,0.001249224488329411,0.8607083528821461,0.0,0.0
110,Device,Conv2D,model/conv2d_13/Conv2D,2,74.752,37.376,74.752,37.376,0.0012492077769668123,0.8619575606591129,0.0,0.0
111,Device,Conv2D,model/conv2d_14/Conv2D,2,74.752,37.376,74.752,37.376,0.0012492077769668123,0.8632067684360797,0.0,0.0
112,Device,Tile,gradient_tape/conv2d_30/kernel/Regularizer/Tile,2,73.728,36.864,73.728,36.864,0.001232095341665897,0.8644388637777456,0.0,0.0
113,Device,Mul,gradient_tape/conv2d_29/kernel/Regularizer/Mul_1,2,63.488,31.744,63.488,31.744,0.0010609709886567449,0.8654998347664024,0.0,0.0
114,Device,_Send,IteratorGetNext/_1,1,61.536,61.536,61.536,61.536,0.0010283504088643752,0.8665281851752668,0.0,0.0
115,Device,ResourceApplyGradientDescent,SGD/SGD/update_112/ResourceApplyGradientDescent,2,61.44,30.72,61.44,30.72,0.0010267461180549144,0.8675549312933216,0.0,0.0
116,Device,_Recv,IteratorGetNext/_2,1,60.513,60.513,60.513,60.513,0.0010112546849260584,0.8685661859782476,0.0,0.0
117,Device,AddN,SGD/gradients/AddN_45,2,59.393,29.6965,59.393,29.6965,0.0009925379588156824,0.8695587239370633,0.0,0.0
118,Device,Sum,conv2d_34/kernel/Regularizer/Sum,2,57.344,28.672,57.344,28.672,0.0009582963768512534,0.8705170203139146,0.0,0.0
119,Device,Sum,conv2d_32/kernel/Regularizer/Sum,2,55.297,27.6485,55.297,27.6485,0.0009240882176120214,0.8714411085315267,0.0,0.0
120,Device,Conv2DBackpropInput,gradient_tape/model/conv2d_18/Conv2D/Conv2DBackpropInput,4,55.297,13.82425,55.297,13.82425,0.0009240882176120214,0.8723651967491387,0.0,0.0
121,Device,Sum,conv2d_33/kernel/Regularizer/Sum,2,55.296,27.648,55.296,27.648,0.0009240715062494229,0.8732892682553881,0.0,0.0
122,Device,Conv2D,model/conv2d_1/Conv2D,2,52.224,26.112,52.224,26.112,0.0008727342003466772,0.8741620024557348,0.0,0.0
123,Device,FusedBatchNormV3,model/batch_normalization/FusedBatchNormV3,4,51.2,12.8,51.2,12.8,0.000855621765045762,0.8750176242207806,0.0,0.0
124,Device,Conv2DBackpropInput,gradient_tape/model/conv2d_6/Conv2D/Conv2DBackpropInput,2,50.177,25.0885,50.177,25.0885,0.0008385260411074453,0.875856150261888,0.0,0.0
125,Device,Conv2D,model/conv2d_3/Conv2D,2,50.177,25.0885,50.177,25.0885,0.0008385260411074453,0.8766946763029955,0.0,0.0
126,Device,Sum,conv2d_30/kernel/Regularizer/Sum,2,50.176,25.088,50.176,25.088,0.0008385093297448467,0.8775331856327403,0.0,0.0
127,Device,Sum,conv2d_35/kernel/Regularizer/Sum,2,50.176,25.088,50.176,25.088,0.0008385093297448467,0.8783716949624851,0.0,0.0
128,Device,Conv2DBackpropInput,gradient_tape/model/conv2d_1/Conv2D/Conv2DBackpropInput,2,50.176,25.088,50.176,25.088,0.0008385093297448467,0.87921020429223,0.0,0.0
129,Device,Conv2DBackpropInput,gradient_tape/model/conv2d_2/Conv2D/Conv2DBackpropInput,2,50.176,25.088,50.176,25.088,0.0008385093297448467,0.8800487136219748,0.0,0.0
130,Device,Conv2DBackpropInput,gradient_tape/model/conv2d_4/Conv2D/Conv2DBackpropInput,2,50.176,25.088,50.176,25.088,0.0008385093297448467,0.8808872229517196,0.0,0.0
131,Device,Conv2DBackpropInput,gradient_tape/model/conv2d_5/Conv2D/Conv2DBackpropInput,2,50.176,25.088,50.176,25.088,0.0008385093297448467,0.8817257322814644,0.0,0.0
132,Device,Conv2D,model/conv2d_2/Conv2D,2,50.176,25.088,50.176,25.088,0.0008385093297448467,0.8825642416112093,0.0,0.0
133,Device,Conv2D,model/conv2d_5/Conv2D,2,50.176,25.088,50.176,25.088,0.0008385093297448467,0.8834027509409541,0.0,0.0
134,Device,Conv2D,model/conv2d_4/Conv2D,2,49.154,24.577,49.154,24.577,0.0008214303171691287,0.8842241812581232,0.0,0.0
135,Device,Conv2DBackpropInput,gradient_tape/model/conv2d_3/Conv2D/Conv2DBackpropInput,2,49.152,24.576,49.152,24.576,0.0008213968944439315,0.8850455781525671,0.0,0.0
136,Device,Conv2D,model/conv2d_6/Conv2D,2,49.152,24.576,49.152,24.576,0.0008213968944439315,0.8858669750470111,0.0,0.0
137,Device,MaxPoolGrad,gradient_tape/model/max_pooling2d/MaxPool/MaxPoolGrad,2,45.056,22.528,45.056,22.528,0.0007529471532402705,0.8866199222002513,0.0,0.0
138,Device,Mul,gradient_tape/conv2d_29/kernel/Regularizer/Mul,2,44.032,22.016,44.032,22.016,0.0007358347179393552,0.8873557569181907,0.0,0.0
139,Device,Conv2DBackpropInput,gradient_tape/model/conv2d_9/Conv2D/Conv2DBackpropInput,2,41.984,20.992,41.984,20.992,0.0007016098473375249,0.8880573667655282,0.0,0.0
140,Device,Conv2D,model/conv2d_31/Conv2D,2,41.984,20.992,41.984,20.992,0.0007016098473375249,0.8887589766128656,0.0,0.0
141,Device,Tile,gradient_tape/conv2d_29/kernel/Regularizer/Tile,2,40.96,20.48,40.96,20.48,0.0006844974120366095,0.8894434740249022,0.0,0.0
142,Device,ReluGrad,gradient_tape/model/activation/ReluGrad,2,40.96,20.48,40.96,20.48,0.0006844974120366095,0.8901279714369388,0.0,0.0
143,Device,Sum,conv2d_29/kernel/Regularizer/Sum,2,37.888,18.944,37.888,18.944,0.0006331601061338639,0.8907611315430727,0.0,0.0
144,Device,AddN,SGD/gradients/AddN_34,2,34.816,17.408,34.816,17.408,0.0005818228002311182,0.8913429543433038,0.0,0.0
145,Device,Mul,gradient_tape/conv2d_17/kernel/Regularizer/Mul_1,2,34.816,17.408,34.816,17.408,0.0005818228002311182,0.8919247771435349,0.0,0.0
146,Device,Relu,model/activation/Relu,2,34.816,17.408,34.816,17.408,0.0005818228002311182,0.892506599943766,0.0,0.0
147,Device,AddN,SGD/gradients/AddN_44,2,33.793,16.8965,33.793,16.8965,0.0005647270762928014,0.8930713270200589,0.0,0.0
148,Device,AddN,SGD/gradients/AddN_43,2,33.792,16.896,33.792,16.896,0.0005647103649302029,0.8936360373849891,0.0,0.0
149,Device,Conv2DBackpropFilter,gradient_tape/model/conv2d_18/Conv2D/Conv2DBackpropFilter,2,33.792,16.896,33.792,16.896,0.0005647103649302029,0.8942007477499193,0.0,0.0
150,Device,AddN,SGD/gradients/AddN_35,2,32.769,16.3845,32.769,16.3845,0.0005476146409918862,0.8947483623909112,0.0,0.0
151,Device,AddN,SGD/gradients/AddN_37,2,32.769,16.3845,32.769,16.3845,0.0005476146409918862,0.895295977031903,0.0,0.0
152,Device,AddN,ArithmeticOptimizer/AddOpsRewrite_AddN_1,8,32.768,4.096,32.768,4.096,0.0005475979296292876,0.8958435749615323,0.0,0.0
153,Device,AddN,SGD/gradients/AddN_36,2,32.768,16.384,32.768,16.384,0.0005475979296292876,0.8963911728911617,0.0,0.0
154,Device,AddN,SGD/gradients/AddN_38,2,32.768,16.384,32.768,16.384,0.0005475979296292876,0.896938770820791,0.0,0.0
155,Device,AddN,SGD/gradients/AddN_42,2,32.768,16.384,32.768,16.384,0.0005475979296292876,0.8974863687504203,0.0,0.0
156,Device,Square,conv2d_29/kernel/Regularizer/Square,2,32.768,16.384,32.768,16.384,0.0005475979296292876,0.8980339666800496,0.0,0.0
157,Device,Conv2DBackpropFilter,gradient_tape/model/conv2d_9/Conv2D/Conv2DBackpropFilter,2,32.768,16.384,32.768,16.384,0.0005475979296292876,0.898581564609679,0.0,0.0
158,Device,Mul,gradient_tape/conv2d_24/kernel/Regularizer/Mul_1,2,31.745,15.8725,31.745,15.8725,0.000530502205690971,0.8991120668153699,0.0,0.0
159,Device,AddN,SGD/gradients/AddN_39,2,31.744,15.872,31.744,15.872,0.0005304854943283724,0.8996425523096983,0.0,0.0
160,Device,Mul,gradient_tape/conv2d_25/kernel/Regularizer/Mul_1,2,31.744,15.872,31.744,15.872,0.0005304854943283724,0.9001730378040266,0.0,0.0
161,Device,Mul,gradient_tape/conv2d_26/kernel/Regularizer/Mul_1,2,31.744,15.872,31.744,15.872,0.0005304854943283724,0.9007035232983549,0.0,0.0
162,Device,Mul,gradient_tape/conv2d_27/kernel/Regularizer/Mul_1,2,31.744,15.872,31.744,15.872,0.0005304854943283724,0.9012340087926832,0.0,0.0
163,Device,MatMul,model/dense/MatMul,2,31.744,15.872,31.744,15.872,0.0005304854943283724,0.9017644942870116,0.0,0.0
164,Device,AddN,SGD/gradients/AddN_41,2,30.721,15.3605,30.721,15.3605,0.0005133897703900557,0.9022778840574016,0.0,0.0
165,Device,Mul,gradient_tape/conv2d_23/kernel/Regularizer/Mul_1,2,30.721,15.3605,30.721,15.3605,0.0005133897703900557,0.9027912738277917,0.0,0.0
166,Device,Mul,gradient_tape/conv2d_28/kernel/Regularizer/Mul_1,2,30.721,15.3605,30.721,15.3605,0.0005133897703900557,0.9033046635981817,0.0,0.0
167,Device,Mul,gradient_tape/conv2d_19/kernel/Regularizer/Mul_1,2,30.72,15.36,30.72,15.36,0.0005133730590274572,0.9038180366572092,0.0,0.0
168,Device,Mul,gradient_tape/conv2d_20/kernel/Regularizer/Mul_1,2,30.72,15.36,30.72,15.36,0.0005133730590274572,0.9043314097162366,0.0,0.0
169,Device,Mul,gradient_tape/conv2d_21/kernel/Regularizer/Mul_1,2,30.72,15.36,30.72,15.36,0.0005133730590274572,0.904844782775264,0.0,0.0
170,Device,Mul,gradient_tape/conv2d_22/kernel/Regularizer/Mul_1,2,30.72,15.36,30.72,15.36,0.0005133730590274572,0.9053581558342915,0.0,0.0
171,Device,Conv2DBackpropFilter,gradient_tape/model/conv2d_31/Conv2D/Conv2DBackpropFilter,2,29.697,14.8485,29.697,14.8485,0.0004962773350891405,0.9058544331693806,0.0,0.0
172,Device,BiasAdd,model/conv2d/BiasAdd,2,27.648,13.824,27.648,13.824,0.00046203575312471143,0.9063164689225054,0.0,0.0
173,Device,Conv2D,model/conv2d_18/Conv2D,2,27.648,13.824,27.648,13.824,0.00046203575312471143,0.9067785046756301,0.0,0.0
174,Device,Conv2D,model/conv2d_9/Conv2D,2,25.601,12.8005,25.601,12.8005,0.0004278275938854795,0.9072063322695156,0.0,0.0
175,Device,FusedBatchNormV3,model/batch_normalization_29/FusedBatchNormV3,4,25.6,6.4,25.6,6.4,0.000427810882522881,0.9076341431520385,0.0,0.0
176,Device,AddN,SGD/gradients/AddN_40,2,24.576,12.288,24.576,12.288,0.00041069844722196576,0.9080448415992605,0.0,0.0
177,Device,FusedBatchNormV3,model/batch_normalization_28/FusedBatchNormV3,4,24.576,6.144,24.576,6.144,0.00041069844722196576,0.9084555400464824,0.0,0.0
178,Device,FusedBatchNormV3,model/batch_normalization_30/FusedBatchNormV3,4,24.576,6.144,24.576,6.144,0.00041069844722196576,0.9088662384937044,0.0,0.0
179,Device,FusedBatchNormV3,model/batch_normalization_31/FusedBatchNormV3,4,24.576,6.144,24.576,6.144,0.00041069844722196576,0.9092769369409264,0.0,0.0
180,Device,ResourceApplyGradientDescent,SGD/SGD/update_84/ResourceApplyGradientDescent,2,23.552,11.776,23.552,11.776,0.0003935860119210505,0.9096705229528474,0.0,0.0
181,Device,Square,conv2d_25/kernel/Regularizer/Square,2,23.552,11.776,23.552,11.776,0.0003935860119210505,0.9100641089647685,0.0,0.0
182,Device,Sum,conv2d_26/kernel/Regularizer/Sum,2,23.552,11.776,23.552,11.776,0.0003935860119210505,0.9104576949766896,0.0,0.0
183,Device,FusedBatchNormV3,model/batch_normalization_32/FusedBatchNormV3,4,23.552,5.888,23.552,5.888,0.0003935860119210505,0.9108512809886107,0.0,0.0
184,Device,BiasAddGrad,gradient_tape/model/conv2d_33/BiasAdd/BiasAddGrad,2,22.529,11.2645,22.529,11.2645,0.0003764902879827338,0.9112277712765934,0.0,0.0
185,Device,BiasAddGrad,gradient_tape/model/conv2d_34/BiasAdd/BiasAddGrad,2,22.529,11.2645,22.529,11.2645,0.0003764902879827338,0.9116042615645761,0.0,0.0
186,Device,ResourceApplyGradientDescent,SGD/SGD/update_96/ResourceApplyGradientDescent,2,22.528,11.264,22.528,11.264,0.00037647357662013526,0.9119807351411963,0.0,0.0
187,Device,Square,conv2d_17/kernel/Regularizer/Square,2,22.528,11.264,22.528,11.264,0.00037647357662013526,0.9123572087178164,0.0,0.0
188,Device,Sum,conv2d_17/kernel/Regularizer/Sum,2,22.528,11.264,22.528,11.264,0.00037647357662013526,0.9127336822944366,0.0,0.0
189,Device,Square,conv2d_20/kernel/Regularizer/Square,2,22.528,11.264,22.528,11.264,0.00037647357662013526,0.9131101558710568,0.0,0.0
190,Device,Sum,conv2d_20/kernel/Regularizer/Sum,2,22.528,11.264,22.528,11.264,0.00037647357662013526,0.913486629447677,0.0,0.0
191,Device,Sum,conv2d_22/kernel/Regularizer/Sum,2,22.528,11.264,22.528,11.264,0.00037647357662013526,0.9138631030242972,0.0,0.0
192,Device,Square,conv2d_27/kernel/Regularizer/Square,2,22.528,11.264,22.528,11.264,0.00037647357662013526,0.9142395766009174,0.0,0.0
193,Device,Sum,conv2d_28/kernel/Regularizer/Sum,2,22.528,11.264,22.528,11.264,0.00037647357662013526,0.9146160501775376,0.0,0.0
194,Device,Tile,gradient_tape/conv2d_17/kernel/Regularizer/Tile,2,22.528,11.264,22.528,11.264,0.00037647357662013526,0.9149925237541577,0.0,0.0
195,Device,BiasAddGrad,gradient_tape/model/conv2d_29/BiasAdd/BiasAddGrad,2,22.528,11.264,22.528,11.264,0.00037647357662013526,0.9153689973307779,0.0,0.0
196,Device,BiasAddGrad,gradient_tape/model/conv2d_32/BiasAdd/BiasAddGrad,2,22.528,11.264,22.528,11.264,0.00037647357662013526,0.9157454709073981,0.0,0.0
197,Device,BiasAddGrad,gradient_tape/model/conv2d_35/BiasAdd/BiasAddGrad,2,22.528,11.264,22.528,11.264,0.00037647357662013526,0.9161219444840183,0.0,0.0
198,Device,ResourceApplyGradientDescent,SGD/SGD/update_104/ResourceApplyGradientDescent,2,21.504,10.752,21.504,10.752,0.00035936114131922004,0.9164813056253375,0.0,0.0
199,Device,Square,conv2d_19/kernel/Regularizer/Square,2,21.504,10.752,21.504,10.752,0.00035936114131922004,0.9168406667666567,0.0,0.0
200,Device,Square,conv2d_21/kernel/Regularizer/Square,2,21.504,10.752,21.504,10.752,0.00035936114131922004,0.9172000279079758,0.0,0.0
201,Device,Sum,conv2d_21/kernel/Regularizer/Sum,2,21.504,10.752,21.504,10.752,0.00035936114131922004,0.917559389049295,0.0,0.0
202,Device,Square,conv2d_22/kernel/Regularizer/Square,2,21.504,10.752,21.504,10.752,0.00035936114131922004,0.9179187501906142,0.0,0.0
203,Device,Square,conv2d_24/kernel/Regularizer/Square,2,21.504,10.752,21.504,10.752,0.00035936114131922004,0.9182781113319334,0.0,0.0
204,Device,Sum,conv2d_24/kernel/Regularizer/Sum,2,21.504,10.752,21.504,10.752,0.00035936114131922004,0.9186374724732526,0.0,0.0
205,Device,Square,conv2d_28/kernel/Regularizer/Square,2,21.504,10.752,21.504,10.752,0.00035936114131922004,0.9189968336145717,0.0,0.0
206,Device,FusedBatchNormV3,model/batch_normalization_27/FusedBatchNormV3,4,21.504,5.376,21.504,5.376,0.00035936114131922004,0.9193561947558909,0.0,0.0
207,Device,ResourceApplyGradientDescent,SGD/SGD/update_92/ResourceApplyGradientDescent,2,20.481,10.2405,20.481,10.2405,0.00034226541738090335,0.9196984601732718,0.0,0.0
208,Device,ArgMax,ArgMax_1,2,20.48,10.24,20.48,10.24,0.00034224870601830477,0.9200407088792901,0.0,0.0
209,Device,ResourceApplyGradientDescent,SGD/SGD/update_100/ResourceApplyGradientDescent,2,20.48,10.24,20.48,10.24,0.00034224870601830477,0.9203829575853084,0.0,0.0
210,Device,ResourceApplyGradientDescent,SGD/SGD/update_108/ResourceApplyGradientDescent,2,20.48,10.24,20.48,10.24,0.00034224870601830477,0.9207252062913267,0.0,0.0
211,Device,ResourceApplyGradientDescent,SGD/SGD/update_68/ResourceApplyGradientDescent,2,20.48,10.24,20.48,10.24,0.00034224870601830477,0.921067454997345,0.0,0.0
212,Device,ResourceApplyGradientDescent,SGD/SGD/update_72/ResourceApplyGradientDescent,2,20.48,10.24,20.48,10.24,0.00034224870601830477,0.9214097037033633,0.0,0.0
213,Device,ResourceApplyGradientDescent,SGD/SGD/update_76/ResourceApplyGradientDescent,2,20.48,10.24,20.48,10.24,0.00034224870601830477,0.9217519524093816,0.0,0.0
214,Device,ResourceApplyGradientDescent,SGD/SGD/update_88/ResourceApplyGradientDescent,2,20.48,10.24,20.48,10.24,0.00034224870601830477,0.9220942011153999,0.0,0.0
215,Device,Sum,conv2d_19/kernel/Regularizer/Sum,2,20.48,10.24,20.48,10.24,0.00034224870601830477,0.9224364498214181,0.0,0.0
216,Device,Square,conv2d_23/kernel/Regularizer/Square,2,20.48,10.24,20.48,10.24,0.00034224870601830477,0.9227786985274364,0.0,0.0
217,Device,Sum,conv2d_23/kernel/Regularizer/Sum,2,20.48,10.24,20.48,10.24,0.00034224870601830477,0.9231209472334547,0.0,0.0
218,Device,Sum,conv2d_25/kernel/Regularizer/Sum,2,20.48,10.24,20.48,10.24,0.00034224870601830477,0.923463195939473,0.0,0.0
219,Device,Square,conv2d_26/kernel/Regularizer/Square,2,20.48,10.24,20.48,10.24,0.00034224870601830477,0.9238054446454913,0.0,0.0
220,Device,FusedBatchNormGradV3,gradient_tape/model/batch_normalization_27/FusedBatchNormGradV3,2,20.48,10.24,20.48,10.24,0.00034224870601830477,0.9241476933515096,0.0,0.0
221,Device,FusedBatchNormGradV3,gradient_tape/model/batch_normalization_30/FusedBatchNormGradV3,2,20.48,10.24,20.48,10.24,0.00034224870601830477,0.9244899420575279,0.0,0.0
222,Device,Softmax,model/dense/Softmax,2,20.48,10.24,20.48,10.24,0.00034224870601830477,0.9248321907635462,0.0,0.0
223,Device,ResourceApplyGradientDescent,SGD/SGD/update_80/ResourceApplyGradientDescent,2,19.456,9.728,19.456,9.728,0.00032513627071738954,0.9251573270342636,0.0,0.0
224,Device,FusedBatchNormGradV3,gradient_tape/model/batch_normalization_28/FusedBatchNormGradV3,2,19.456,9.728,19.456,9.728,0.00032513627071738954,0.925482463304981,0.0,0.0
225,Device,FusedBatchNormGradV3,gradient_tape/model/batch_normalization_29/FusedBatchNormGradV3,2,19.456,9.728,19.456,9.728,0.00032513627071738954,0.9258075995756984,0.0,0.0
226,Device,FusedBatchNormGradV3,gradient_tape/model/batch_normalization_31/FusedBatchNormGradV3,2,19.456,9.728,19.456,9.728,0.00032513627071738954,0.9261327358464158,0.0,0.0
227,Device,BiasAddGrad,gradient_tape/model/conv2d/BiasAdd/BiasAddGrad,2,19.456,9.728,19.456,9.728,0.00032513627071738954,0.9264578721171332,0.0,0.0
228,Device,BiasAddGrad,gradient_tape/model/conv2d_31/BiasAdd/BiasAddGrad,2,19.456,9.728,19.456,9.728,0.00032513627071738954,0.9267830083878505,0.0,0.0
229,Device,FusedBatchNormV3,model/batch_normalization_23/FusedBatchNormV3,4,19.456,4.864,19.456,4.864,0.00032513627071738954,0.927108144658568,0.0,0.0
230,Device,FusedBatchNormV3,model/batch_normalization_18/FusedBatchNormV3,4,18.433,4.60825,18.433,4.60825,0.00030804054677907285,0.927416185205347,0.0,0.0
231,Device,ArgMax,ArgMax,2,18.432,9.216,18.432,9.216,0.00030802383541647427,0.9277242090407635,0.0,0.0
232,Device,Sum,conv2d_27/kernel/Regularizer/Sum,2,18.432,9.216,18.432,9.216,0.00030802383541647427,0.92803223287618,0.0,0.0
233,Device,Sum,conv2d_31/kernel/Regularizer/Sum,2,18.432,9.216,18.432,9.216,0.00030802383541647427,0.9283402567115965,0.0,0.0
234,Device,Mul,gradient_tape/conv2d_16/kernel/Regularizer/Mul_1,2,18.432,9.216,18.432,9.216,0.00030802383541647427,0.928648280547013,0.0,0.0
235,Device,FusedBatchNormV3,model/batch_normalization_15/FusedBatchNormV3,4,18.432,4.608,18.432,4.608,0.00030802383541647427,0.9289563043824295,0.0,0.0
236,Device,FusedBatchNormV3,model/batch_normalization_16/FusedBatchNormV3,4,18.432,4.608,18.432,4.608,0.00030802383541647427,0.929264328217846,0.0,0.0
237,Device,FusedBatchNormV3,model/batch_normalization_17/FusedBatchNormV3,4,18.432,4.608,18.432,4.608,0.00030802383541647427,0.9295723520532625,0.0,0.0
238,Device,FusedBatchNormV3,model/batch_normalization_19/FusedBatchNormV3,4,18.432,4.608,18.432,4.608,0.00030802383541647427,0.929880375888679,0.0,0.0
239,Device,FusedBatchNormV3,model/batch_normalization_20/FusedBatchNormV3,4,18.432,4.608,18.432,4.608,0.00030802383541647427,0.9301883997240955,0.0,0.0
240,Device,FusedBatchNormV3,model/batch_normalization_21/FusedBatchNormV3,4,18.432,4.608,18.432,4.608,0.00030802383541647427,0.930496423559512,0.0,0.0
241,Device,FusedBatchNormV3,model/batch_normalization_22/FusedBatchNormV3,4,18.432,4.608,18.432,4.608,0.00030802383541647427,0.9308044473949285,0.0,0.0
242,Device,FusedBatchNormV3,model/batch_normalization_24/FusedBatchNormV3,4,18.432,4.608,18.432,4.608,0.00030802383541647427,0.931112471230345,0.0,0.0
243,Device,FusedBatchNormV3,model/batch_normalization_25/FusedBatchNormV3,4,18.432,4.608,18.432,4.608,0.00030802383541647427,0.9314204950657615,0.0,0.0
244,Device,FusedBatchNormV3,model/batch_normalization_26/FusedBatchNormV3,4,18.432,4.608,18.432,4.608,0.00030802383541647427,0.931728518901178,0.0,0.0
245,Device,FusedBatchNormV3,model/batch_normalization_2/FusedBatchNormV3,4,17.409,4.35225,17.409,4.35225,0.0002909281114781576,0.9320194470126562,0.0,0.0
246,Device,Sum,conv2d_10/kernel/Regularizer/Sum,2,17.408,8.704,17.408,8.704,0.0002909114001155591,0.9323103584127718,0.0,0.0
247,Device,Sum,conv2d_14/kernel/Regularizer/Sum,2,17.408,8.704,17.408,8.704,0.0002909114001155591,0.9326012698128874,0.0,0.0
248,Device,Sum,conv2d_16/kernel/Regularizer/Sum,2,17.408,8.704,17.408,8.704,0.0002909114001155591,0.932892181213003,0.0,0.0
249,Device,FusedBatchNormGradV3,gradient_tape/model/batch_normalization_32/FusedBatchNormGradV3,2,17.408,8.704,17.408,8.704,0.0002909114001155591,0.9331830926131186,0.0,0.0
250,Device,FusedBatchNormGradV3,gradient_tape/model/batch_normalization_6/FusedBatchNormGradV3,2,17.408,8.704,17.408,8.704,0.0002909114001155591,0.9334740040132342,0.0,0.0
251,Device,FusedBatchNormV3,model/batch_normalization_4/FusedBatchNormV3,4,17.408,4.352,17.408,4.352,0.0002909114001155591,0.9337649154133498,0.0,0.0
252,Device,MaxPool,model/max_pooling2d/MaxPool,2,17.408,8.704,17.408,8.704,0.0002909114001155591,0.9340558268134654,0.0,0.0
253,Device,FusedBatchNormGradV3,gradient_tape/model/batch_normalization_24/FusedBatchNormGradV3,2,16.385,8.1925,16.385,8.1925,0.0002738156761772424,0.9343296424896427,0.0,0.0
254,Device,Sum,conv2d_11/kernel/Regularizer/Sum,2,16.384,8.192,16.384,8.192,0.0002737989648146438,0.9346034414544573,0.0,0.0
255,Device,Sum,conv2d_8/kernel/Regularizer/Sum,2,16.384,8.192,16.384,8.192,0.0002737989648146438,0.9348772404192719,0.0,0.0
256,Device,Mul,gradient_tape/conv2d_17/kernel/Regularizer/Mul,2,16.384,8.192,16.384,8.192,0.0002737989648146438,0.9351510393840865,0.0,0.0
257,Device,FusedBatchNormGradV3,gradient_tape/model/batch_normalization_1/FusedBatchNormGradV3,2,16.384,8.192,16.384,8.192,0.0002737989648146438,0.9354248383489011,0.0,0.0
258,Device,FusedBatchNormGradV3,gradient_tape/model/batch_normalization_15/FusedBatchNormGradV3,2,16.384,8.192,16.384,8.192,0.0002737989648146438,0.9356986373137157,0.0,0.0
259,Device,FusedBatchNormGradV3,gradient_tape/model/batch_normalization_16/FusedBatchNormGradV3,2,16.384,8.192,16.384,8.192,0.0002737989648146438,0.9359724362785303,0.0,0.0
260,Device,FusedBatchNormGradV3,gradient_tape/model/batch_normalization_19/FusedBatchNormGradV3,2,16.384,8.192,16.384,8.192,0.0002737989648146438,0.9362462352433449,0.0,0.0
261,Device,FusedBatchNormGradV3,gradient_tape/model/batch_normalization_2/FusedBatchNormGradV3,2,16.384,8.192,16.384,8.192,0.0002737989648146438,0.9365200342081595,0.0,0.0
262,Device,FusedBatchNormGradV3,gradient_tape/model/batch_normalization_26/FusedBatchNormGradV3,2,16.384,8.192,16.384,8.192,0.0002737989648146438,0.9367938331729742,0.0,0.0
263,Device,FusedBatchNormGradV3,gradient_tape/model/batch_normalization_3/FusedBatchNormGradV3,2,16.384,8.192,16.384,8.192,0.0002737989648146438,0.9370676321377888,0.0,0.0
264,Device,FusedBatchNormGradV3,gradient_tape/model/batch_normalization_5/FusedBatchNormGradV3,2,16.384,8.192,16.384,8.192,0.0002737989648146438,0.9373414311026034,0.0,0.0
265,Device,FusedBatchNormV3,model/batch_normalization_3/FusedBatchNormV3,4,16.384,4.096,16.384,4.096,0.0002737989648146438,0.937615230067418,0.0,0.0
266,Device,FusedBatchNormV3,model/batch_normalization_6/FusedBatchNormV3,4,16.384,4.096,16.384,4.096,0.0002737989648146438,0.9378890290322326,0.0,0.0
267,Device,FusedBatchNormV3,model/batch_normalization_1/FusedBatchNormV3,4,15.361,3.84025,15.361,3.84025,0.00025670324087632713,0.9381457322731089,0.0,0.0
268,Device,Sum,conv2d_12/kernel/Regularizer/Sum,2,15.36,7.68,15.36,7.68,0.0002566865295137286,0.9384024188026227,0.0,0.0
269,Device,Sum,conv2d_15/kernel/Regularizer/Sum,2,15.36,7.68,15.36,7.68,0.0002566865295137286,0.9386591053321364,0.0,0.0
270,Device,Tile,gradient_tape/conv2d_16/kernel/Regularizer/Tile,2,15.36,7.68,15.36,7.68,0.0002566865295137286,0.9389157918616501,0.0,0.0
271,Device,FusedBatchNormGradV3,gradient_tape/model/batch_normalization_17/FusedBatchNormGradV3,2,15.36,7.68,15.36,7.68,0.0002566865295137286,0.9391724783911638,0.0,0.0
272,Device,FusedBatchNormGradV3,gradient_tape/model/batch_normalization_18/FusedBatchNormGradV3,2,15.36,7.68,15.36,7.68,0.0002566865295137286,0.9394291649206775,0.0,0.0
273,Device,FusedBatchNormGradV3,gradient_tape/model/batch_normalization_20/FusedBatchNormGradV3,2,15.36,7.68,15.36,7.68,0.0002566865295137286,0.9396858514501912,0.0,0.0
274,Device,FusedBatchNormGradV3,gradient_tape/model/batch_normalization_21/FusedBatchNormGradV3,2,15.36,7.68,15.36,7.68,0.0002566865295137286,0.939942537979705,0.0,0.0
275,Device,FusedBatchNormGradV3,gradient_tape/model/batch_normalization_22/FusedBatchNormGradV3,2,15.36,7.68,15.36,7.68,0.0002566865295137286,0.9401992245092187,0.0,0.0
276,Device,FusedBatchNormGradV3,gradient_tape/model/batch_normalization_23/FusedBatchNormGradV3,2,15.36,7.68,15.36,7.68,0.0002566865295137286,0.9404559110387324,0.0,0.0
277,Device,FusedBatchNormGradV3,gradient_tape/model/batch_normalization_25/FusedBatchNormGradV3,2,15.36,7.68,15.36,7.68,0.0002566865295137286,0.9407125975682461,0.0,0.0
278,Device,FusedBatchNormGradV3,gradient_tape/model/batch_normalization_4/FusedBatchNormGradV3,2,15.36,7.68,15.36,7.68,0.0002566865295137286,0.9409692840977598,0.0,0.0
279,Device,Transpose,gradient_tape/model/conv2d/Conv2D/Conv2DBackpropFilter-0-TransposeNHWCToNCHW-LayoutOptimizer,2,15.36,7.68,15.36,7.68,0.0002566865295137286,0.9412259706272735,0.0,0.0
280,Device,BiasAddGrad,gradient_tape/model/conv2d_19/BiasAdd/BiasAddGrad,2,15.36,7.68,15.36,7.68,0.0002566865295137286,0.9414826571567873,0.0,0.0
281,Device,BiasAddGrad,gradient_tape/model/conv2d_26/BiasAdd/BiasAddGrad,2,15.36,7.68,15.36,7.68,0.0002566865295137286,0.941739343686301,0.0,0.0
282,Device,FusedBatchNormV3,model/batch_normalization_10/FusedBatchNormV3,4,15.36,3.84,15.36,3.84,0.0002566865295137286,0.9419960302158147,0.0,0.0
283,Device,FusedBatchNormV3,model/batch_normalization_14/FusedBatchNormV3,4,15.36,3.84,15.36,3.84,0.0002566865295137286,0.9422527167453284,0.0,0.0
284,Device,FusedBatchNormV3,model/batch_normalization_5/FusedBatchNormV3,4,15.36,3.84,15.36,3.84,0.0002566865295137286,0.9425094032748421,0.0,0.0
285,Device,FusedBatchNormV3,model/batch_normalization_9/FusedBatchNormV3,4,15.36,3.84,15.36,3.84,0.0002566865295137286,0.9427660898043558,0.0,0.0
286,Device,Mul,gradient_tape/conv2d_16/kernel/Regularizer/Mul,2,14.337,7.1685,14.337,7.1685,0.00023959080557541188,0.9430056806099313,0.0,0.0
287,Device,BiasAddGrad,gradient_tape/model/conv2d_18/BiasAdd/BiasAddGrad,2,14.337,7.1685,14.337,7.1685,0.00023959080557541188,0.9432452714155067,0.0,0.0
288,Device,AddN,SGD/gradients/AddN_32,2,14.336,7.168,14.336,7.168,0.00023957409421281335,0.9434848455097196,0.0,0.0
289,Device,Sum,conv2d_1/kernel/Regularizer/Sum,2,14.336,7.168,14.336,7.168,0.00023957409421281335,0.9437244196039324,0.0,0.0
290,Device,Sum,conv2d_13/kernel/Regularizer/Sum,2,14.336,7.168,14.336,7.168,0.00023957409421281335,0.9439639936981452,0.0,0.0
291,Device,Square,conv2d_16/kernel/Regularizer/Square,2,14.336,7.168,14.336,7.168,0.00023957409421281335,0.944203567792358,0.0,0.0
292,Device,Sum,conv2d_2/kernel/Regularizer/Sum,2,14.336,7.168,14.336,7.168,0.00023957409421281335,0.9444431418865709,0.0,0.0
293,Device,Sum,conv2d_3/kernel/Regularizer/Sum,2,14.336,7.168,14.336,7.168,0.00023957409421281335,0.9446827159807837,0.0,0.0
294,Device,Sum,conv2d_4/kernel/Regularizer/Sum,2,14.336,7.168,14.336,7.168,0.00023957409421281335,0.9449222900749965,0.0,0.0
295,Device,Tile,gradient_tape/conv2d_7/kernel/Regularizer/Tile,2,14.336,7.168,14.336,7.168,0.00023957409421281335,0.9451618641692093,0.0,0.0
296,Device,FusedBatchNormGradV3,gradient_tape/model/batch_normalization_11/FusedBatchNormGradV3,2,14.336,7.168,14.336,7.168,0.00023957409421281335,0.9454014382634222,0.0,0.0
297,Device,FusedBatchNormGradV3,gradient_tape/model/batch_normalization_13/FusedBatchNormGradV3,2,14.336,7.168,14.336,7.168,0.00023957409421281335,0.945641012357635,0.0,0.0
298,Device,BiasAddGrad,gradient_tape/model/conv2d_12/BiasAdd/BiasAddGrad,2,14.336,7.168,14.336,7.168,0.00023957409421281335,0.9458805864518478,0.0,0.0
299,Device,BiasAddGrad,gradient_tape/model/conv2d_16/BiasAdd/BiasAddGrad,2,14.336,7.168,14.336,7.168,0.00023957409421281335,0.9461201605460606,0.0,0.0
300,Device,BiasAddGrad,gradient_tape/model/conv2d_20/BiasAdd/BiasAddGrad,2,14.336,7.168,14.336,7.168,0.00023957409421281335,0.9463597346402735,0.0,0.0
301,Device,BiasAddGrad,gradient_tape/model/conv2d_21/BiasAdd/BiasAddGrad,2,14.336,7.168,14.336,7.168,0.00023957409421281335,0.9465993087344863,0.0,0.0
302,Device,BiasAddGrad,gradient_tape/model/conv2d_22/BiasAdd/BiasAddGrad,2,14.336,7.168,14.336,7.168,0.00023957409421281335,0.9468388828286991,0.0,0.0
303,Device,BiasAddGrad,gradient_tape/model/conv2d_23/BiasAdd/BiasAddGrad,2,14.336,7.168,14.336,7.168,0.00023957409421281335,0.9470784569229119,0.0,0.0
304,Device,BiasAddGrad,gradient_tape/model/conv2d_24/BiasAdd/BiasAddGrad,2,14.336,7.168,14.336,7.168,0.00023957409421281335,0.9473180310171248,0.0,0.0
305,Device,BiasAddGrad,gradient_tape/model/conv2d_25/BiasAdd/BiasAddGrad,2,14.336,7.168,14.336,7.168,0.00023957409421281335,0.9475576051113376,0.0,0.0
306,Device,BiasAddGrad,gradient_tape/model/conv2d_27/BiasAdd/BiasAddGrad,2,14.336,7.168,14.336,7.168,0.00023957409421281335,0.9477971792055504,0.0,0.0
307,Device,BiasAddGrad,gradient_tape/model/conv2d_28/BiasAdd/BiasAddGrad,2,14.336,7.168,14.336,7.168,0.00023957409421281335,0.9480367532997632,0.0,0.0
308,Device,BiasAddGrad,gradient_tape/model/conv2d_6/BiasAdd/BiasAddGrad,2,14.336,7.168,14.336,7.168,0.00023957409421281335,0.948276327393976,0.0,0.0
309,Device,MatMul,gradient_tape/model/dense/MatMul/MatMul,2,14.336,7.168,14.336,7.168,0.00023957409421281335,0.9485159014881889,0.0,0.0
310,Device,FusedBatchNormV3,model/batch_normalization_11/FusedBatchNormV3,4,14.336,3.584,14.336,3.584,0.00023957409421281335,0.9487554755824017,0.0,0.0
311,Device,FusedBatchNormV3,model/batch_normalization_12/FusedBatchNormV3,4,14.336,3.584,14.336,3.584,0.00023957409421281335,0.9489950496766145,0.0,0.0
312,Device,FusedBatchNormV3,model/batch_normalization_13/FusedBatchNormV3,4,14.336,3.584,14.336,3.584,0.00023957409421281335,0.9492346237708273,0.0,0.0
313,Device,FusedBatchNormV3,model/batch_normalization_7/FusedBatchNormV3,4,14.336,3.584,14.336,3.584,0.00023957409421281335,0.9494741978650402,0.0,0.0
314,Device,FusedBatchNormV3,model/batch_normalization_8/FusedBatchNormV3,4,14.336,3.584,14.336,3.584,0.00023957409421281335,0.949713771959253,0.0,0.0
315,Device,Sum,conv2d/kernel/Regularizer/Sum,2,13.313,6.6565,13.313,6.6565,0.00022247837027449666,0.9499362503295274,0.0,0.0
316,Device,Sum,conv2d_18/kernel/Regularizer/Sum,2,13.312,6.656,13.312,6.656,0.0002224616589118981,0.9501587119884394,0.0,0.0
317,Device,FusedBatchNormGradV3,gradient_tape/model/batch_normalization_10/FusedBatchNormGradV3,2,13.312,6.656,13.312,6.656,0.0002224616589118981,0.9503811736473513,0.0,0.0
318,Device,FusedBatchNormGradV3,gradient_tape/model/batch_normalization_12/FusedBatchNormGradV3,2,13.312,6.656,13.312,6.656,0.0002224616589118981,0.9506036353062632,0.0,0.0
319,Device,FusedBatchNormGradV3,gradient_tape/model/batch_normalization_14/FusedBatchNormGradV3,2,13.312,6.656,13.312,6.656,0.0002224616589118981,0.9508260969651752,0.0,0.0
320,Device,FusedBatchNormGradV3,gradient_tape/model/batch_normalization_7/FusedBatchNormGradV3,2,13.312,6.656,13.312,6.656,0.0002224616589118981,0.9510485586240871,0.0,0.0
321,Device,FusedBatchNormGradV3,gradient_tape/model/batch_normalization_8/FusedBatchNormGradV3,2,13.312,6.656,13.312,6.656,0.0002224616589118981,0.951271020282999,0.0,0.0
322,Device,FusedBatchNormGradV3,gradient_tape/model/batch_normalization_9/FusedBatchNormGradV3,2,13.312,6.656,13.312,6.656,0.0002224616589118981,0.951493481941911,0.0,0.0
323,Device,BiasAddGrad,gradient_tape/model/conv2d_1/BiasAdd/BiasAddGrad,2,13.312,6.656,13.312,6.656,0.0002224616589118981,0.9517159436008229,0.0,0.0
324,Device,BiasAddGrad,gradient_tape/model/conv2d_11/BiasAdd/BiasAddGrad,2,13.312,6.656,13.312,6.656,0.0002224616589118981,0.9519384052597348,0.0,0.0
325,Device,BiasAddGrad,gradient_tape/model/conv2d_2/BiasAdd/BiasAddGrad,2,13.312,6.656,13.312,6.656,0.0002224616589118981,0.9521608669186468,0.0,0.0
326,Device,BiasAddGrad,gradient_tape/model/conv2d_5/BiasAdd/BiasAddGrad,2,13.312,6.656,13.312,6.656,0.0002224616589118981,0.9523833285775587,0.0,0.0
327,Device,ResourceApplyGradientDescent,SGD/SGD/update_116/ResourceApplyGradientDescent,2,12.288,6.144,12.288,6.144,0.00020534922361098288,0.9525886778011696,0.0,0.0
328,Device,AddN,SGD/gradients/AddN_13,2,12.288,6.144,12.288,6.144,0.00020534922361098288,0.9527940270247806,0.0,0.0
329,Device,AddN,SGD/gradients/AddN_14,2,12.288,6.144,12.288,6.144,0.00020534922361098288,0.9529993762483915,0.0,0.0
330,Device,AddN,SGD/gradients/AddN_15,2,12.288,6.144,12.288,6.144,0.00020534922361098288,0.9532047254720024,0.0,0.0
331,Device,Sum,conv2d_5/kernel/Regularizer/Sum,2,12.288,6.144,12.288,6.144,0.00020534922361098288,0.9534100746956133,0.0,0.0
332,Device,Tile,gradient_tape/conv2d_1/kernel/Regularizer/Tile,2,12.288,6.144,12.288,6.144,0.00020534922361098288,0.9536154239192243,0.0,0.0
333,Device,Mul,gradient_tape/conv2d_31/kernel/Regularizer/Mul_1,2,12.288,6.144,12.288,6.144,0.00020534922361098288,0.9538207731428352,0.0,0.0
334,Device,Tile,gradient_tape/conv2d_31/kernel/Regularizer/Tile,2,12.288,6.144,12.288,6.144,0.00020534922361098288,0.9540261223664461,0.0,0.0
335,Device,Tile,gradient_tape/conv2d_8/kernel/Regularizer/Tile,2,12.288,6.144,12.288,6.144,0.00020534922361098288,0.9542314715900571,0.0,0.0
336,Device,BiasAddGrad,gradient_tape/model/conv2d_10/BiasAdd/BiasAddGrad,2,12.288,6.144,12.288,6.144,0.00020534922361098288,0.954436820813668,0.0,0.0
337,Device,BiasAddGrad,gradient_tape/model/conv2d_13/BiasAdd/BiasAddGrad,2,12.288,6.144,12.288,6.144,0.00020534922361098288,0.9546421700372789,0.0,0.0
338,Device,BiasAddGrad,gradient_tape/model/conv2d_14/BiasAdd/BiasAddGrad,2,12.288,6.144,12.288,6.144,0.00020534922361098288,0.9548475192608898,0.0,0.0
339,Device,BiasAddGrad,gradient_tape/model/conv2d_15/BiasAdd/BiasAddGrad,2,12.288,6.144,12.288,6.144,0.00020534922361098288,0.9550528684845008,0.0,0.0
340,Device,BiasAddGrad,gradient_tape/model/conv2d_3/BiasAdd/BiasAddGrad,2,12.288,6.144,12.288,6.144,0.00020534922361098288,0.9552582177081117,0.0,0.0
341,Device,BiasAddGrad,gradient_tape/model/conv2d_4/BiasAdd/BiasAddGrad,2,12.288,6.144,12.288,6.144,0.00020534922361098288,0.9554635669317226,0.0,0.0
342,Device,BiasAddGrad,gradient_tape/model/conv2d_7/BiasAdd/BiasAddGrad,2,12.288,6.144,12.288,6.144,0.00020534922361098288,0.9556689161553336,0.0,0.0
343,Device,BiasAddGrad,gradient_tape/model/conv2d_9/BiasAdd/BiasAddGrad,2,12.288,6.144,12.288,6.144,0.00020534922361098288,0.9558742653789445,0.0,0.0
344,Device,AddN,SGD/gradients/AddN_30,2,11.265,5.6325,11.265,5.6325,0.0001882534996726662,0.9560625188786172,0.0,0.0
345,Device,AddN,SGD/gradients/AddN_26,2,11.264,5.632,11.264,5.632,0.00018823678831006763,0.9562507556669272,0.0,0.0
346,Device,AddN,SGD/gradients/AddN_28,2,11.264,5.632,11.264,5.632,0.00018823678831006763,0.9564389924552372,0.0,0.0
347,Device,AddN,SGD/gradients/AddN_46,2,11.264,5.632,11.264,5.632,0.00018823678831006763,0.9566272292435473,0.0,0.0
348,Device,Sum,conv2d_6/kernel/Regularizer/Sum,2,11.264,5.632,11.264,5.632,0.00018823678831006763,0.9568154660318573,0.0,0.0
349,Device,Sum,conv2d_7/kernel/Regularizer/Sum,2,11.264,5.632,11.264,5.632,0.00018823678831006763,0.9570037028201673,0.0,0.0
350,Device,Sum,conv2d_9/kernel/Regularizer/Sum,2,11.264,5.632,11.264,5.632,0.00018823678831006763,0.9571919396084774,0.0,0.0
351,Device,Mul,gradient_tape/conv2d_10/kernel/Regularizer/Mul_1,2,11.264,5.632,11.264,5.632,0.00018823678831006763,0.9573801763967874,0.0,0.0
352,Device,Tile,gradient_tape/conv2d_18/kernel/Regularizer/Tile,2,11.264,5.632,11.264,5.632,0.00018823678831006763,0.9575684131850974,0.0,0.0
353,Device,Mul,gradient_tape/conv2d_15/kernel/Regularizer/Mul_1,2,10.241,5.1205,10.241,5.1205,0.00017114106437175094,0.9577395542494692,0.0,0.0
354,Device,ResourceApplyGradientDescent,SGD/SGD/update_4/ResourceApplyGradientDescent,2,10.24,5.12,10.24,5.12,0.00017112435300915238,0.9579106786024784,0.0,0.0
355,Device,ResourceApplyGradientDescent,SGD/SGD/update_62/ResourceApplyGradientDescent,2,10.24,5.12,10.24,5.12,0.00017112435300915238,0.9580818029554875,0.0,0.0
356,Device,AddN,SGD/gradients/AddN_11,2,10.24,5.12,10.24,5.12,0.00017112435300915238,0.9582529273084966,0.0,0.0
357,Device,AddN,SGD/gradients/AddN_12,2,10.24,5.12,10.24,5.12,0.00017112435300915238,0.9584240516615058,0.0,0.0
358,Device,AddN,SGD/gradients/AddN_29,2,10.24,5.12,10.24,5.12,0.00017112435300915238,0.9585951760145149,0.0,0.0
359,Device,AddN,SGD/gradients/AddN_31,2,10.24,5.12,10.24,5.12,0.00017112435300915238,0.9587663003675241,0.0,0.0
360,Device,Square,conv2d_10/kernel/Regularizer/Square,2,10.24,5.12,10.24,5.12,0.00017112435300915238,0.9589374247205332,0.0,0.0
361,Device,Square,conv2d_12/kernel/Regularizer/Square,2,10.24,5.12,10.24,5.12,0.00017112435300915238,0.9591085490735424,0.0,0.0
362,Device,Square,conv2d_13/kernel/Regularizer/Square,2,10.24,5.12,10.24,5.12,0.00017112435300915238,0.9592796734265515,0.0,0.0
363,Device,Square,conv2d_14/kernel/Regularizer/Square,2,10.24,5.12,10.24,5.12,0.00017112435300915238,0.9594507977795607,0.0,0.0
364,Device,Square,conv2d_31/kernel/Regularizer/Square,2,10.24,5.12,10.24,5.12,0.00017112435300915238,0.9596219221325698,0.0,0.0
365,Device,Square,conv2d_8/kernel/Regularizer/Square,2,10.24,5.12,10.24,5.12,0.00017112435300915238,0.959793046485579,0.0,0.0
366,Device,Mul,gradient_tape/conv2d_12/kernel/Regularizer/Mul_1,2,10.24,5.12,10.24,5.12,0.00017112435300915238,0.9599641708385881,0.0,0.0
367,Device,Mul,gradient_tape/conv2d_13/kernel/Regularizer/Mul_1,2,10.24,5.12,10.24,5.12,0.00017112435300915238,0.9601352951915972,0.0,0.0
368,Device,Mul,gradient_tape/conv2d_14/kernel/Regularizer/Mul_1,2,10.24,5.12,10.24,5.12,0.00017112435300915238,0.9603064195446064,0.0,0.0
369,Device,Mul,gradient_tape/conv2d_15/kernel/Regularizer/Mul,2,10.24,5.12,10.24,5.12,0.00017112435300915238,0.9604775438976155,0.0,0.0
370,Device,Mul,gradient_tape/conv2d_8/kernel/Regularizer/Mul,2,10.24,5.12,10.24,5.12,0.00017112435300915238,0.9606486682506247,0.0,0.0
371,Device,ReluGrad,gradient_tape/model/activation_10/ReluGrad,2,10.24,5.12,10.24,5.12,0.00017112435300915238,0.9608197926036338,0.0,0.0
372,Device,ReluGrad,gradient_tape/model/activation_11/ReluGrad,2,10.24,5.12,10.24,5.12,0.00017112435300915238,0.960990916956643,0.0,0.0
373,Device,ReluGrad,gradient_tape/model/activation_13/ReluGrad,2,10.24,5.12,10.24,5.12,0.00017112435300915238,0.9611620413096521,0.0,0.0
374,Device,ReluGrad,gradient_tape/model/activation_7/ReluGrad,2,10.24,5.12,10.24,5.12,0.00017112435300915238,0.9613331656626612,0.0,0.0
375,Device,ReluGrad,gradient_tape/model/activation_9/ReluGrad,2,10.24,5.12,10.24,5.12,0.00017112435300915238,0.9615042900156704,0.0,0.0
376,Device,MatMul,gradient_tape/model/dense/MatMul/MatMul_1,2,10.24,5.12,10.24,5.12,0.00017112435300915238,0.9616754143686795,0.0,0.0
377,Device,AvgPool,model/average_pooling2d/AvgPool,2,10.24,5.12,10.24,5.12,0.00017112435300915238,0.9618465387216887,0.0,0.0
378,Device,AddN,SGD/gradients/AddN_10,2,9.216,4.608,9.216,4.608,0.00015401191770823713,0.9620005506393969,0.0,0.0
379,Device,AddN,SGD/gradients/AddN_25,2,9.216,4.608,9.216,4.608,0.00015401191770823713,0.9621545625571052,0.0,0.0
380,Device,AddN,SGD/gradients/AddN_27,2,9.216,4.608,9.216,4.608,0.00015401191770823713,0.9623085744748134,0.0,0.0
381,Device,AddN,SGD/gradients/AddN_4,2,9.216,4.608,9.216,4.608,0.00015401191770823713,0.9624625863925217,0.0,0.0
382,Device,AddN,SGD/gradients/AddN_8,2,9.216,4.608,9.216,4.608,0.00015401191770823713,0.9626165983102299,0.0,0.0
383,Device,AddN,SGD/gradients/AddN_9,2,9.216,4.608,9.216,4.608,0.00015401191770823713,0.9627706102279382,0.0,0.0
384,Device,Square,conv2d_11/kernel/Regularizer/Square,2,9.216,4.608,9.216,4.608,0.00015401191770823713,0.9629246221456464,0.0,0.0
385,Device,Mul,gradient_tape/conv2d_11/kernel/Regularizer/Mul_1,2,9.216,4.608,9.216,4.608,0.00015401191770823713,0.9630786340633547,0.0,0.0
386,Device,Mul,gradient_tape/conv2d_14/kernel/Regularizer/Mul,2,9.216,4.608,9.216,4.608,0.00015401191770823713,0.963232645981063,0.0,0.0
387,Device,Mul,gradient_tape/conv2d_31/kernel/Regularizer/Mul,2,9.216,4.608,9.216,4.608,0.00015401191770823713,0.9633866578987712,0.0,0.0
388,Device,Mul,gradient_tape/conv2d_7/kernel/Regularizer/Mul_1,2,9.216,4.608,9.216,4.608,0.00015401191770823713,0.9635406698164795,0.0,0.0
389,Device,Mul,gradient_tape/conv2d_8/kernel/Regularizer/Mul_1,2,9.216,4.608,9.216,4.608,0.00015401191770823713,0.9636946817341877,0.0,0.0
390,Device,ReluGrad,gradient_tape/model/activation_12/ReluGrad,2,9.216,4.608,9.216,4.608,0.00015401191770823713,0.963848693651896,0.0,0.0
391,Device,ReluGrad,gradient_tape/model/activation_14/ReluGrad,2,9.216,4.608,9.216,4.608,0.00015401191770823713,0.9640027055696042,0.0,0.0
392,Device,ReluGrad,gradient_tape/model/activation_15/ReluGrad,2,9.216,4.608,9.216,4.608,0.00015401191770823713,0.9641567174873125,0.0,0.0
393,Device,ReluGrad,gradient_tape/model/activation_2/ReluGrad,2,9.216,4.608,9.216,4.608,0.00015401191770823713,0.9643107294050207,0.0,0.0
394,Device,ReluGrad,gradient_tape/model/activation_8/ReluGrad,2,9.216,4.608,9.216,4.608,0.00015401191770823713,0.964464741322729,0.0,0.0
395,Device,ResourceApplyGradientDescent,SGD/SGD/update_46/ResourceApplyGradientDescent,2,8.193,4.0965,8.193,4.0965,0.00013691619376992047,0.9646016575164988,0.0,0.0
396,Device,ReluGrad,gradient_tape/model/activation_5/ReluGrad,2,8.193,4.0965,8.193,4.0965,0.00013691619376992047,0.9647385737102687,0.0,0.0
397,Device,ResourceApplyGradientDescent,SGD/SGD/update_138/ResourceApplyGradientDescent,2,8.192,4.096,8.192,4.096,0.0001368994824073219,0.9648754731926761,0.0,0.0
398,Device,ResourceApplyGradientDescent,SGD/SGD/update_58/ResourceApplyGradientDescent,2,8.192,4.096,8.192,4.096,0.0001368994824073219,0.9650123726750834,0.0,0.0
399,Device,ResourceApplyGradientDescent,SGD/SGD/update_8/ResourceApplyGradientDescent,2,8.192,4.096,8.192,4.096,0.0001368994824073219,0.9651492721574908,0.0,0.0
400,Device,AddN,SGD/gradients/AddN_1,2,8.192,4.096,8.192,4.096,0.0001368994824073219,0.9652861716398982,0.0,0.0
401,Device,AddN,SGD/gradients/AddN_17,2,8.192,4.096,8.192,4.096,0.0001368994824073219,0.9654230711223055,0.0,0.0
402,Device,AddN,SGD/gradients/AddN_21,2,8.192,4.096,8.192,4.096,0.0001368994824073219,0.9655599706047129,0.0,0.0
403,Device,AddN,SGD/gradients/AddN_22,2,8.192,4.096,8.192,4.096,0.0001368994824073219,0.9656968700871202,0.0,0.0
404,Device,AddN,SGD/gradients/AddN_23,2,8.192,4.096,8.192,4.096,0.0001368994824073219,0.9658337695695276,0.0,0.0
405,Device,AddN,SGD/gradients/AddN_24,2,8.192,4.096,8.192,4.096,0.0001368994824073219,0.965970669051935,0.0,0.0
406,Device,AddN,SGD/gradients/AddN_33,2,8.192,4.096,8.192,4.096,0.0001368994824073219,0.9661075685343423,0.0,0.0
407,Device,Square,conv2d_15/kernel/Regularizer/Square,2,8.192,4.096,8.192,4.096,0.0001368994824073219,0.9662444680167497,0.0,0.0
408,Device,Mul,gradient_tape/conv2d_1/kernel/Regularizer/Mul_1,2,8.192,4.096,8.192,4.096,0.0001368994824073219,0.966381367499157,0.0,0.0
409,Device,Mul,gradient_tape/conv2d_10/kernel/Regularizer/Mul,2,8.192,4.096,8.192,4.096,0.0001368994824073219,0.9665182669815644,0.0,0.0
410,Device,Mul,gradient_tape/conv2d_11/kernel/Regularizer/Mul,2,8.192,4.096,8.192,4.096,0.0001368994824073219,0.9666551664639718,0.0,0.0
411,Device,Mul,gradient_tape/conv2d_12/kernel/Regularizer/Mul,2,8.192,4.096,8.192,4.096,0.0001368994824073219,0.9667920659463791,0.0,0.0
412,Device,Mul,gradient_tape/conv2d_5/kernel/Regularizer/Mul_1,2,8.192,4.096,8.192,4.096,0.0001368994824073219,0.9669289654287865,0.0,0.0
413,Device,Mul,gradient_tape/conv2d_7/kernel/Regularizer/Mul,2,8.192,4.096,8.192,4.096,0.0001368994824073219,0.9670658649111938,0.0,0.0
414,Device,ReluGrad,gradient_tape/model/activation_1/ReluGrad,2,8.192,4.096,8.192,4.096,0.0001368994824073219,0.9672027643936012,0.0,0.0
415,Device,ReluGrad,gradient_tape/model/activation_16/ReluGrad,2,8.192,4.096,8.192,4.096,0.0001368994824073219,0.9673396638760086,0.0,0.0
416,Device,ReluGrad,gradient_tape/model/activation_17/ReluGrad,2,8.192,4.096,8.192,4.096,0.0001368994824073219,0.9674765633584159,0.0,0.0
417,Device,ReluGrad,gradient_tape/model/activation_19/ReluGrad,2,8.192,4.096,8.192,4.096,0.0001368994824073219,0.9676134628408233,0.0,0.0
418,Device,ReluGrad,gradient_tape/model/activation_23/ReluGrad,2,8.192,4.096,8.192,4.096,0.0001368994824073219,0.9677503623232306,0.0,0.0
419,Device,ReluGrad,gradient_tape/model/activation_25/ReluGrad,2,8.192,4.096,8.192,4.096,0.0001368994824073219,0.967887261805638,0.0,0.0
420,Device,ReluGrad,gradient_tape/model/activation_26/ReluGrad,2,8.192,4.096,8.192,4.096,0.0001368994824073219,0.9680241612880454,0.0,0.0
421,Device,ReluGrad,gradient_tape/model/activation_27/ReluGrad,2,8.192,4.096,8.192,4.096,0.0001368994824073219,0.9681610607704527,0.0,0.0
422,Device,ReluGrad,gradient_tape/model/activation_28/ReluGrad,2,8.192,4.096,8.192,4.096,0.0001368994824073219,0.9682979602528601,0.0,0.0
423,Device,ReluGrad,gradient_tape/model/activation_29/ReluGrad,2,8.192,4.096,8.192,4.096,0.0001368994824073219,0.9684348597352674,0.0,0.0
424,Device,ReluGrad,gradient_tape/model/activation_3/ReluGrad,2,8.192,4.096,8.192,4.096,0.0001368994824073219,0.9685717592176748,0.0,0.0
425,Device,ReluGrad,gradient_tape/model/activation_30/ReluGrad,2,8.192,4.096,8.192,4.096,0.0001368994824073219,0.9687086587000822,0.0,0.0
426,Device,ReluGrad,gradient_tape/model/activation_4/ReluGrad,2,8.192,4.096,8.192,4.096,0.0001368994824073219,0.9688455581824895,0.0,0.0
427,Device,ReluGrad,gradient_tape/model/activation_6/ReluGrad,2,8.192,4.096,8.192,4.096,0.0001368994824073219,0.9689824576648969,0.0,0.0
428,Device,AvgPoolGrad,gradient_tape/model/average_pooling2d/AvgPoolGrad,2,8.192,4.096,8.192,4.096,0.0001368994824073219,0.9691193571473042,0.0,0.0
429,Device,Relu,model/activation_1/Relu,2,8.192,4.096,8.192,4.096,0.0001368994824073219,0.9692562566297116,0.0,0.0
430,Device,AddV2,model/add/add,2,8.192,4.096,8.192,4.096,0.0001368994824073219,0.969393156112119,0.0,0.0
431,Device,AddV2,model/add_1/add,2,8.192,4.096,8.192,4.096,0.0001368994824073219,0.9695300555945263,0.0,0.0
432,Device,AddV2,model/add_12/add,2,8.192,4.096,8.192,4.096,0.0001368994824073219,0.9696669550769337,0.0,0.0
433,Device,AddV2,model/add_15/add,2,8.192,4.096,8.192,4.096,0.0001368994824073219,0.969803854559341,0.0,0.0
434,Device,AddV2,model/add_3/add,2,8.192,4.096,8.192,4.096,0.0001368994824073219,0.9699407540417484,0.0,0.0
435,Device,BiasAdd,model/conv2d_1/BiasAdd,2,8.192,4.096,8.192,4.096,0.0001368994824073219,0.9700776535241558,0.0,0.0
436,Device,BiasAdd,model/conv2d_11/BiasAdd,2,8.192,4.096,8.192,4.096,0.0001368994824073219,0.9702145530065631,0.0,0.0
437,Device,BiasAdd,model/conv2d_14/BiasAdd,2,8.192,4.096,8.192,4.096,0.0001368994824073219,0.9703514524889705,0.0,0.0
438,Device,BiasAdd,model/conv2d_2/BiasAdd,2,8.192,4.096,8.192,4.096,0.0001368994824073219,0.9704883519713778,0.0,0.0
439,Device,BiasAdd,model/conv2d_28/BiasAdd,2,8.192,4.096,8.192,4.096,0.0001368994824073219,0.9706252514537852,0.0,0.0
440,Device,BiasAdd,model/conv2d_5/BiasAdd,2,8.192,4.096,8.192,4.096,0.0001368994824073219,0.9707621509361926,0.0,0.0
441,Device,BiasAdd,model/conv2d_6/BiasAdd,2,8.192,4.096,8.192,4.096,0.0001368994824073219,0.9708990504185999,0.0,0.0
442,Device,BiasAdd,model/conv2d_8/BiasAdd,2,7.169,3.5845,7.169,3.5845,0.00011980375846900522,0.9710188541770689,0.0,0.0
443,Device,ResourceApplyGradientDescent,SGD/SGD/update_109/ResourceApplyGradientDescent,2,7.168,3.584,7.168,3.584,0.00011978704710640668,0.9711386412241753,0.0,0.0
444,Device,ResourceApplyGradientDescent,SGD/SGD/update_113/ResourceApplyGradientDescent,2,7.168,3.584,7.168,3.584,0.00011978704710640668,0.9712584282712816,0.0,0.0
445,Device,ResourceApplyGradientDescent,SGD/SGD/update_12/ResourceApplyGradientDescent,2,7.168,3.584,7.168,3.584,0.00011978704710640668,0.971378215318388,0.0,0.0
446,Device,ResourceApplyGradientDescent,SGD/SGD/update_132/ResourceApplyGradientDescent,2,7.168,3.584,7.168,3.584,0.00011978704710640668,0.9714980023654943,0.0,0.0
447,Device,ResourceApplyGradientDescent,SGD/SGD/update_16/ResourceApplyGradientDescent,2,7.168,3.584,7.168,3.584,0.00011978704710640668,0.9716177894126007,0.0,0.0
448,Device,ResourceApplyGradientDescent,SGD/SGD/update_20/ResourceApplyGradientDescent,2,7.168,3.584,7.168,3.584,0.00011978704710640668,0.971737576459707,0.0,0.0
449,Device,ResourceApplyGradientDescent,SGD/SGD/update_24/ResourceApplyGradientDescent,2,7.168,3.584,7.168,3.584,0.00011978704710640668,0.9718573635068134,0.0,0.0
450,Device,ResourceApplyGradientDescent,SGD/SGD/update_28/ResourceApplyGradientDescent,2,7.168,3.584,7.168,3.584,0.00011978704710640668,0.9719771505539198,0.0,0.0
451,Device,ResourceApplyGradientDescent,SGD/SGD/update_32/ResourceApplyGradientDescent,2,7.168,3.584,7.168,3.584,0.00011978704710640668,0.9720969376010261,0.0,0.0
452,Device,ResourceApplyGradientDescent,SGD/SGD/update_34/ResourceApplyGradientDescent,2,7.168,3.584,7.168,3.584,0.00011978704710640668,0.9722167246481325,0.0,0.0
453,Device,ResourceApplyGradientDescent,SGD/SGD/update_38/ResourceApplyGradientDescent,2,7.168,3.584,7.168,3.584,0.00011978704710640668,0.9723365116952388,0.0,0.0
454,Device,ResourceApplyGradientDescent,SGD/SGD/update_42/ResourceApplyGradientDescent,2,7.168,3.584,7.168,3.584,0.00011978704710640668,0.9724562987423452,0.0,0.0
455,Device,ResourceApplyGradientDescent,SGD/SGD/update_50/ResourceApplyGradientDescent,2,7.168,3.584,7.168,3.584,0.00011978704710640668,0.9725760857894515,0.0,0.0
456,Device,ResourceApplyGradientDescent,SGD/SGD/update_66/ResourceApplyGradientDescent,2,7.168,3.584,7.168,3.584,0.00011978704710640668,0.9726958728365579,0.0,0.0
457,Device,ResourceApplyGradientDescent,SGD/SGD/update_93/ResourceApplyGradientDescent,2,7.168,3.584,7.168,3.584,0.00011978704710640668,0.9728156598836643,0.0,0.0
458,Device,AddN,SGD/gradients/AddN_20,2,7.168,3.584,7.168,3.584,0.00011978704710640668,0.9729354469307706,0.0,0.0
459,Device,AddN,SGD/gradients/AddN_6,2,7.168,3.584,7.168,3.584,0.00011978704710640668,0.973055233977877,0.0,0.0
460,Device,Square,conv2d_18/kernel/Regularizer/Square,2,7.168,3.584,7.168,3.584,0.00011978704710640668,0.9731750210249833,0.0,0.0
461,Device,Square,conv2d_2/kernel/Regularizer/Square,2,7.168,3.584,7.168,3.584,0.00011978704710640668,0.9732948080720897,0.0,0.0
462,Device,Square,conv2d_3/kernel/Regularizer/Square,2,7.168,3.584,7.168,3.584,0.00011978704710640668,0.973414595119196,0.0,0.0
463,Device,Square,conv2d_6/kernel/Regularizer/Square,2,7.168,3.584,7.168,3.584,0.00011978704710640668,0.9735343821663024,0.0,0.0
464,Device,Square,conv2d_7/kernel/Regularizer/Square,2,7.168,3.584,7.168,3.584,0.00011978704710640668,0.9736541692134087,0.0,0.0
465,Device,Mul,gradient_tape/conv2d_13/kernel/Regularizer/Mul,2,7.168,3.584,7.168,3.584,0.00011978704710640668,0.9737739562605151,0.0,0.0
466,Device,Mul,gradient_tape/conv2d_18/kernel/Regularizer/Mul,2,7.168,3.584,7.168,3.584,0.00011978704710640668,0.9738937433076215,0.0,0.0
467,Device,Mul,gradient_tape/conv2d_18/kernel/Regularizer/Mul_1,2,7.168,3.584,7.168,3.584,0.00011978704710640668,0.9740135303547278,0.0,0.0
468,Device,Mul,gradient_tape/conv2d_3/kernel/Regularizer/Mul_1,2,7.168,3.584,7.168,3.584,0.00011978704710640668,0.9741333174018342,0.0,0.0
469,Device,Mul,gradient_tape/conv2d_9/kernel/Regularizer/Mul_1,2,7.168,3.584,7.168,3.584,0.00011978704710640668,0.9742531044489405,0.0,0.0
470,Device,ReluGrad,gradient_tape/model/activation_18/ReluGrad,2,7.168,3.584,7.168,3.584,0.00011978704710640668,0.9743728914960469,0.0,0.0
471,Device,ReluGrad,gradient_tape/model/activation_20/ReluGrad,2,7.168,3.584,7.168,3.584,0.00011978704710640668,0.9744926785431532,0.0,0.0
472,Device,ReluGrad,gradient_tape/model/activation_24/ReluGrad,2,7.168,3.584,7.168,3.584,0.00011978704710640668,0.9746124655902596,0.0,0.0
473,Device,ReluGrad,gradient_tape/model/activation_31/ReluGrad,2,7.168,3.584,7.168,3.584,0.00011978704710640668,0.974732252637366,0.0,0.0
474,Device,Relu,model/activation_3/Relu,2,7.168,3.584,7.168,3.584,0.00011978704710640668,0.9748520396844723,0.0,0.0
475,Device,Relu,model/activation_4/Relu,2,7.168,3.584,7.168,3.584,0.00011978704710640668,0.9749718267315787,0.0,0.0
476,Device,Relu,model/activation_5/Relu,2,7.168,3.584,7.168,3.584,0.00011978704710640668,0.975091613778685,0.0,0.0
477,Device,Relu,model/activation_6/Relu,2,7.168,3.584,7.168,3.584,0.00011978704710640668,0.9752114008257914,0.0,0.0
478,Device,AddV2,model/add_11/add,2,7.168,3.584,7.168,3.584,0.00011978704710640668,0.9753311878728977,0.0,0.0
479,Device,AddV2,model/add_7/add,2,7.168,3.584,7.168,3.584,0.00011978704710640668,0.9754509749200041,0.0,0.0
480,Device,AddV2,model/add_8/add,2,7.168,3.584,7.168,3.584,0.00011978704710640668,0.9755707619671105,0.0,0.0
481,Device,AddV2,model/add_9/add,2,7.168,3.584,7.168,3.584,0.00011978704710640668,0.9756905490142168,0.0,0.0
482,Device,BiasAdd,model/conv2d_10/BiasAdd,2,7.168,3.584,7.168,3.584,0.00011978704710640668,0.9758103360613232,0.0,0.0
483,Device,BiasAdd,model/conv2d_12/BiasAdd,2,7.168,3.584,7.168,3.584,0.00011978704710640668,0.9759301231084295,0.0,0.0
484,Device,BiasAdd,model/conv2d_16/BiasAdd,2,7.168,3.584,7.168,3.584,0.00011978704710640668,0.9760499101555359,0.0,0.0
485,Device,BiasAdd,model/conv2d_19/BiasAdd,2,7.168,3.584,7.168,3.584,0.00011978704710640668,0.9761696972026422,0.0,0.0
486,Device,BiasAdd,model/conv2d_24/BiasAdd,2,7.168,3.584,7.168,3.584,0.00011978704710640668,0.9762894842497486,0.0,0.0
487,Device,BiasAdd,model/conv2d_26/BiasAdd,2,7.168,3.584,7.168,3.584,0.00011978704710640668,0.976409271296855,0.0,0.0
488,Device,BiasAdd,model/conv2d_3/BiasAdd,2,7.168,3.584,7.168,3.584,0.00011978704710640668,0.9765290583439613,0.0,0.0
489,Device,BiasAdd,model/conv2d_30/BiasAdd,2,7.168,3.584,7.168,3.584,0.00011978704710640668,0.9766488453910677,0.0,0.0
490,Device,BiasAdd,model/conv2d_32/BiasAdd,2,7.168,3.584,7.168,3.584,0.00011978704710640668,0.976768632438174,0.0,0.0
491,Device,BiasAdd,model/conv2d_33/BiasAdd,2,7.168,3.584,7.168,3.584,0.00011978704710640668,0.9768884194852804,0.0,0.0
492,Device,BiasAdd,model/conv2d_35/BiasAdd,2,7.168,3.584,7.168,3.584,0.00011978704710640668,0.9770082065323867,0.0,0.0
493,Device,BiasAdd,model/conv2d_4/BiasAdd,2,7.168,3.584,7.168,3.584,0.00011978704710640668,0.9771279935794931,0.0,0.0
494,Device,BiasAdd,model/conv2d_9/BiasAdd,2,7.168,3.584,7.168,3.584,0.00011978704710640668,0.9772477806265994,0.0,0.0
495,Device,Cast,Cast_1,2,6.146,3.073,6.146,3.073,0.00010270803453068854,0.9773504886611302,0.0,0.0
496,Device,AddN,SGD/gradients/AddN_19,2,6.146,3.073,6.146,3.073,0.00010270803453068854,0.9774531966956609,0.0,0.0
497,Device,ResourceApplyGradientDescent,SGD/SGD/update_128/ResourceApplyGradientDescent,2,6.145,3.0725,6.145,3.0725,0.00010269132316808998,0.977555888018829,0.0,0.0
498,Device,ResourceApplyGradientDescent,SGD/SGD/update_133/ResourceApplyGradientDescent,2,6.145,3.0725,6.145,3.0725,0.00010269132316808998,0.9776585793419971,0.0,0.0
499,Device,ResourceApplyGradientDescent,SGD/SGD/update_65/ResourceApplyGradientDescent,2,6.145,3.0725,6.145,3.0725,0.00010269132316808998,0.9777612706651652,0.0,0.0
500,Device,Mul,conv2d_14/kernel/Regularizer/mul,2,6.145,3.0725,6.145,3.0725,0.00010269132316808998,0.9778639619883333,0.0,0.0
501,Host,IDLE,IDLE,0,183482.843,0.0,183482.843,0.0,0.0,0.0,0.9949872518555807,0.9949872518555807
502,Host,_Send,IteratorGetNext/_1,2,274.875,137.4375,274.875,137.4375,0.0,0.0,0.00149058689293256,0.9964778387485133
503,Host,GatherV2,GatherV2,2,200.844,100.422,200.844,100.422,0.0,0.0,0.0010891330019978066,0.997566971750511
504,Host,Dataset,Iterator::Root::ParallelMapV2::Zip[1]::ForeverRepeat,2,93.272,46.636,89.132,44.566,0.0,0.0,0.0004833433049235651,0.9980503150554346
505,Host,Dataset,Iterator::Root::ParallelMapV2,2,75.491,37.7455,75.491,37.7455,0.0,0.0,0.0004093711510118123,0.9984596862064464
506,Host,IteratorGetNext,IteratorGetNext,2,44.321,22.1605,44.321,22.1605,0.0,0.0,0.00024034307114748156,0.9987000292775939
507,Host,Dataset,Iterator::Root::ParallelMapV2::Zip[0]::FlatMap[1]::Concatenate,2,61.01,30.505,41.88,20.94,0.0,0.0,0.00022710606303234424,0.9989271353406263
508,Host,Dataset,Iterator::Root,2,115.202,57.601,39.711,19.8555,0.0,0.0,0.00021534405131512467,0.9991424793919413
509,Host,FlushSummaryWriter,FlushSummaryWriter,1,37.681,37.681,37.681,37.681,0.0,0.0,0.0002043358061394881,0.9993468151980808
510,Host,LogicalAnd,LogicalAnd,1,32.23,32.23,32.23,32.23,0.0,0.0,0.00017477622759151036,0.9995215914256723
511,Host,WriteSummary,WriteSummary,1,21.69,21.69,21.69,21.69,0.0,0.0,0.00011762011717219548,0.9996392115428445
512,Host,GatherV2,GatherV2_1,2,21.101,10.5505,21.101,10.5505,0.0,0.0,0.00011442609923699845,0.9997536376420815
513,Host,Dataset,Iterator::Root::ParallelMapV2::Zip[0]::FlatMap[1]::Concatenate[0]::TensorSlice,2,19.13,9.565,19.13,9.565,0.0,0.0,0.00010373779813296907,0.9998573754402145
514,Host,Dataset,Iterator::Root::ParallelMapV2::Zip,2,166.833,83.4165,9.04,4.52,0.0,0.0,4.9021939107268184e-05,0.9999063973793217
515,Host,ReadVariableOp,ReadVariableOp,1,6.61,6.61,6.61,6.61,0.0,0.0,3.5844581581752515e-05,0.9999422419609035
516,Host,Dataset,Iterator::Root::ParallelMapV2::Zip[1]::ForeverRepeat::FromTensor,4,4.14,1.035,4.14,1.035,0.0,0.0,2.2450312821248926e-05,0.9999646922737248
517,Host,Dataset,Iterator::Root::ParallelMapV2::Zip[0]::FlatMap,2,64.521,32.2605,3.511,1.7555,0.0,0.0,1.9039383651064007e-05,0.9999837316573759
518,Host,Identity,Identity,2,3.0,1.5,3.0,1.5,0.0,0.0,1.6268342624093425e-05,1.0
