Rank,Host/device,Type,Operation,#Occurrences,Total time (us),Avg. time (us),Total self-time (us),Avg. self-time (us),Total self-time on Device (%),Cumulative total-self time on Device (%),Total self-time on Host (%),Cumulative total-self time on Host (%)
1,Device,IDLE,IDLE,0,6404.471,0.0,6404.471,0.0,0.6608035498347906,0.6608035498347906,0.0,0.0
2,Device,_Send,IteratorGetNext/_1,2,507.074,253.537,507.074,253.537,0.05231912194292497,0.7131226717777156,0.0,0.0
3,Device,Conv2DBackpropFilter,gradient_tape/sequential/conv2d/Conv2D/Conv2DBackpropFilter,2,241.664,120.832,241.664,120.832,0.024934522939876663,0.7380571947175922,0.0,0.0
4,Device,ReluGrad,gradient_tape/sequential/conv2d/ReluGrad,2,214.018,107.009,214.018,107.009,0.022082050824891272,0.7601392455424835,0.0,0.0
5,Device,Conv2DBackpropFilter,gradient_tape/sequential/conv2d_1/Conv2D/Conv2DBackpropFilter,2,183.297,91.6485,183.297,91.6485,0.018912304899821954,0.7790515504423055,0.0,0.0
6,Device,Conv2DBackpropFilter,gradient_tape/sequential/conv2d_2/Conv2D/Conv2DBackpropFilter,2,161.793,80.8965,161.793,80.8965,0.016693554977205812,0.7957451054195113,0.0,0.0
7,Device,MaxPoolGrad,gradient_tape/sequential/max_pooling2d/MaxPool/MaxPoolGrad,2,153.6,76.8,153.6,76.8,0.015848213732972457,0.8115933191524837,0.0,0.0
8,Device,_FusedConv2D,sequential/conv2d/Relu,2,146.434,73.217,146.434,73.217,0.01510883678238339,0.8267021559348671,0.0,0.0
9,Device,Conv2DBackpropInput,gradient_tape/sequential/conv2d_1/Conv2D/Conv2DBackpropInput,2,131.072,65.536,131.072,65.536,0.013523809052136498,0.8402259649870035,0.0,0.0
10,Device,_FusedConv2D,sequential/conv2d_2/Relu,2,129.024,64.512,129.024,64.512,0.013312499535696864,0.8535384645227004,0.0,0.0
11,Device,Conv2DBackpropInput,gradient_tape/sequential/conv2d_2/Conv2D/Conv2DBackpropInput,2,123.905,61.9525,123.905,61.9525,0.012784328923072606,0.866322793445773,0.0,0.0
12,Device,ReluGrad,gradient_tape/sequential/conv2d_1/ReluGrad,2,98.304,49.152,98.304,49.152,0.010142856789102372,0.8764656502348753,0.0,0.0
13,Device,_FusedConv2D,sequential/conv2d_1/Relu,2,96.256,48.128,96.256,48.128,0.00993154727266274,0.8863971975075381,0.0,0.0
14,Device,MaxPool,sequential/max_pooling2d/MaxPool,2,94.208,47.104,94.208,47.104,0.009720237756223106,0.8961174352637612,0.0,0.0
15,Device,MaxPoolGrad,gradient_tape/sequential/max_pooling2d_2/MaxPool/MaxPoolGrad,2,93.184,46.592,93.184,46.592,0.009614582998003291,0.9057320182617645,0.0,0.0
16,Device,MaxPoolGrad,gradient_tape/sequential/max_pooling2d_1/MaxPool/MaxPoolGrad,2,79.873,39.9365,79.873,39.9365,0.008241174319620502,0.913973192581385,0.0,0.0
17,Device,BiasAddGrad,gradient_tape/sequential/conv2d/BiasAdd/BiasAddGrad,2,71.681,35.8405,71.681,35.8405,0.00739593625386197,0.9213691288352469,0.0,0.0
18,Device,BiasAddGrad,gradient_tape/sequential/conv2d_1/BiasAdd/BiasAddGrad,2,55.296,27.648,55.296,27.648,0.0057053569438700845,0.927074485779117,0.0,0.0
19,Device,MaxPool,sequential/max_pooling2d_1/MaxPool,2,44.033,22.0165,44.033,22.0165,0.004543257781926929,0.9316177435610439,0.0,0.0
20,Device,Transpose,gradient_tape/sequential/conv2d/Conv2D/Conv2DBackpropFilter-0-TransposeNHWCToNCHW-LayoutOptimizer,2,41.984,20.992,41.984,20.992,0.004331845087012472,0.9359495886480563,0.0,0.0
21,Device,ReluGrad,gradient_tape/sequential/conv2d_2/ReluGrad,2,33.792,16.896,33.792,16.896,0.0034866070212539405,0.9394361956693102,0.0,0.0
22,Device,MatMul,sequential/dense/MatMul,2,28.672,14.336,28.672,14.336,0.0029583332301548588,0.9423945288994651,0.0,0.0
23,Device,MatMul,sequential/dense_1/MatMul,2,25.6,12.8,25.6,12.8,0.0026413689554954096,0.9450358978549604,0.0,0.0
24,Device,MatMul,gradient_tape/sequential/dense/MatMul/MatMul_1,2,20.481,10.2405,20.481,10.2405,0.0021131983428711518,0.9471490961978316,0.0,0.0
25,Device,BiasAddGrad,gradient_tape/sequential/conv2d_2/BiasAdd/BiasAddGrad,2,18.432,9.216,18.432,9.216,0.0019017856479566946,0.9490508818457883,0.0,0.0
26,Device,MatMul,gradient_tape/sequential/dense_1/MatMul/MatMul_1,2,17.409,8.7045,17.409,8.7045,0.0017962340682117024,0.9508471159140001,0.0,0.0
27,Device,MatMul,gradient_tape/sequential/dense/MatMul/MatMul,2,16.384,8.192,16.384,8.192,0.0016904761315170622,0.9525375920455171,0.0,0.0
28,Device,MaxPool,sequential/max_pooling2d_2/MaxPool,2,12.289,6.1445,12.289,6.1445,0.0012679602771126207,0.9538055523226298,0.0,0.0
29,Device,DynamicStitch,gradient_tape/categorical_crossentropy/DynamicStitch,2,12.288,6.144,12.288,6.144,0.0012678570986377966,0.9550734094212675,0.0,0.0
30,Device,MatMul,gradient_tape/sequential/dense_1/MatMul/MatMul,2,10.24,5.12,10.24,5.12,0.0010565475821981637,0.9561299570034657,0.0,0.0
31,Device,Transpose,gradient_tape/sequential/max_pooling2d_2/MaxPool/MaxPoolGrad-2-TransposeNHWCToNCHW-LayoutOptimizer,2,10.24,5.12,10.24,5.12,0.0010565475821981637,0.9571865045856639,0.0,0.0
32,Device,Transpose,sequential/max_pooling2d_2/MaxPool-0-2-TransposeNCHWToNHWC-LayoutOptimizer,2,10.24,5.12,10.24,5.12,0.0010565475821981637,0.9582430521678621,0.0,0.0
33,Device,ArgMax,ArgMax,2,8.192,4.096,8.192,4.096,0.0008452380657585311,0.9590882902336206,0.0,0.0
34,Device,ResourceApplyGradientDescent,SGD/SGD/update_2/ResourceApplyGradientDescent,2,8.192,4.096,8.192,4.096,0.0008452380657585311,0.9599335282993792,0.0,0.0
35,Device,ResourceApplyGradientDescent,SGD/SGD/update_4/ResourceApplyGradientDescent,2,8.192,4.096,8.192,4.096,0.0008452380657585311,0.9607787663651377,0.0,0.0
36,Device,ArgMax,ArgMax_1,2,7.169,3.5845,7.169,3.5845,0.0007396864860135387,0.9615184528511512,0.0,0.0
37,Device,ResourceApplyGradientDescent,SGD/SGD/update_6/ResourceApplyGradientDescent,2,7.168,3.584,7.168,3.584,0.0007395833075387147,0.96225803615869,0.0,0.0
38,Device,SelectV2,gradient_tape/categorical_crossentropy/clip_by_value/SelectV2,2,7.168,3.584,7.168,3.584,0.0007395833075387147,0.9629976194662287,0.0,0.0
39,Device,BiasAdd,sequential/dense/BiasAdd,2,7.168,3.584,7.168,3.584,0.0007395833075387147,0.9637372027737675,0.0,0.0
40,Device,DivNoNan,div_no_nan_1,2,6.145,3.0725,6.145,3.0725,0.0006340317277937223,0.9643712345015613,0.0,0.0
41,Device,AssignAddVariableOp,AssignAddVariableOp,2,6.144,3.072,6.144,3.072,0.0006339285493188983,0.9650051630508801,0.0,0.0
42,Device,AssignAddVariableOp,AssignAddVariableOp_2,2,6.144,3.072,6.144,3.072,0.0006339285493188983,0.965639091600199,0.0,0.0
43,Device,AssignAddVariableOp,AssignAddVariableOp_3,2,6.144,3.072,6.144,3.072,0.0006339285493188983,0.9662730201495179,0.0,0.0
44,Device,AssignAddVariableOp,AssignAddVariableOp_4,2,6.144,3.072,6.144,3.072,0.0006339285493188983,0.9669069486988368,0.0,0.0
45,Device,Cast,Cast,2,6.144,3.072,6.144,3.072,0.0006339285493188983,0.9675408772481556,0.0,0.0
46,Device,Cast,Cast_1,2,6.144,3.072,6.144,3.072,0.0006339285493188983,0.9681748057974745,0.0,0.0
47,Device,Mul,Mul,2,6.144,3.072,6.144,3.072,0.0006339285493188983,0.9688087343467934,0.0,0.0
48,Device,ResourceApplyGradientDescent,SGD/SGD/update/ResourceApplyGradientDescent,2,6.144,3.072,6.144,3.072,0.0006339285493188983,0.9694426628961123,0.0,0.0
49,Device,ResourceApplyGradientDescent,SGD/SGD/update_1/ResourceApplyGradientDescent,2,6.144,3.072,6.144,3.072,0.0006339285493188983,0.9700765914454311,0.0,0.0
50,Device,ResourceApplyGradientDescent,SGD/SGD/update_3/ResourceApplyGradientDescent,2,6.144,3.072,6.144,3.072,0.0006339285493188983,0.97071051999475,0.0,0.0
51,Device,ResourceApplyGradientDescent,SGD/SGD/update_5/ResourceApplyGradientDescent,2,6.144,3.072,6.144,3.072,0.0006339285493188983,0.9713444485440689,0.0,0.0
52,Device,ResourceApplyGradientDescent,SGD/SGD/update_7/ResourceApplyGradientDescent,2,6.144,3.072,6.144,3.072,0.0006339285493188983,0.9719783770933877,0.0,0.0
53,Device,ResourceApplyGradientDescent,SGD/SGD/update_8/ResourceApplyGradientDescent,2,6.144,3.072,6.144,3.072,0.0006339285493188983,0.9726123056427066,0.0,0.0
54,Device,ResourceApplyGradientDescent,SGD/SGD/update_9/ResourceApplyGradientDescent,2,6.144,3.072,6.144,3.072,0.0006339285493188983,0.9732462341920255,0.0,0.0
55,Device,AddN,SGD/gradients/AddN,2,6.144,3.072,6.144,3.072,0.0006339285493188983,0.9738801627413444,0.0,0.0
56,Device,Sum,Sum_2,2,6.144,3.072,6.144,3.072,0.0006339285493188983,0.9745140912906632,0.0,0.0
57,Device,Log,categorical_crossentropy/Log,2,6.144,3.072,6.144,3.072,0.0006339285493188983,0.9751480198399821,0.0,0.0
58,Device,Sum,categorical_crossentropy/Sum_1,2,6.144,3.072,6.144,3.072,0.0006339285493188983,0.975781948389301,0.0,0.0
59,Device,Maximum,categorical_crossentropy/clip_by_value,2,6.144,3.072,6.144,3.072,0.0006339285493188983,0.9764158769386199,0.0,0.0
60,Device,Minimum,categorical_crossentropy/clip_by_value/Minimum,2,6.144,3.072,6.144,3.072,0.0006339285493188983,0.9770498054879387,0.0,0.0
61,Device,Mul,categorical_crossentropy/mul,2,6.144,3.072,6.144,3.072,0.0006339285493188983,0.9776837340372576,0.0,0.0
62,Device,Sum,categorical_crossentropy/weighted_loss/Sum,2,6.144,3.072,6.144,3.072,0.0006339285493188983,0.9783176625865765,0.0,0.0
63,Device,BroadcastTo,gradient_tape/categorical_crossentropy/BroadcastTo,2,6.144,3.072,6.144,3.072,0.0006339285493188983,0.9789515911358954,0.0,0.0
64,Device,BroadcastTo,gradient_tape/categorical_crossentropy/BroadcastTo_1,2,6.144,3.072,6.144,3.072,0.0006339285493188983,0.9795855196852142,0.0,0.0
65,Device,Reciprocal,gradient_tape/categorical_crossentropy/Reciprocal,2,6.144,3.072,6.144,3.072,0.0006339285493188983,0.9802194482345331,0.0,0.0
66,Device,LessEqual,gradient_tape/categorical_crossentropy/clip_by_value/LessEqual,2,6.144,3.072,6.144,3.072,0.0006339285493188983,0.980853376783852,0.0,0.0
67,Device,SelectV2,gradient_tape/categorical_crossentropy/clip_by_value/SelectV2_1,2,6.144,3.072,6.144,3.072,0.0006339285493188983,0.9814873053331709,0.0,0.0
68,Device,ZerosLike,gradient_tape/categorical_crossentropy/clip_by_value/zeros_like,2,6.144,3.072,6.144,3.072,0.0006339285493188983,0.9821212338824897,0.0,0.0
69,Device,Mul,gradient_tape/categorical_crossentropy/mul,2,6.144,3.072,6.144,3.072,0.0006339285493188983,0.9827551624318086,0.0,0.0
70,Device,Mul,gradient_tape/categorical_crossentropy/mul/Mul,2,6.144,3.072,6.144,3.072,0.0006339285493188983,0.9833890909811275,0.0,0.0
71,Device,RealDiv,gradient_tape/categorical_crossentropy/truediv/RealDiv,2,6.144,3.072,6.144,3.072,0.0006339285493188983,0.9840230195304464,0.0,0.0
72,Device,RealDiv,gradient_tape/categorical_crossentropy/truediv/RealDiv_1,2,6.144,3.072,6.144,3.072,0.0006339285493188983,0.9846569480797652,0.0,0.0
73,Device,RealDiv,gradient_tape/categorical_crossentropy/truediv/RealDiv_2,2,6.144,3.072,6.144,3.072,0.0006339285493188983,0.9852908766290841,0.0,0.0
74,Device,Sum,gradient_tape/categorical_crossentropy/truediv/Sum_1,2,6.144,3.072,6.144,3.072,0.0006339285493188983,0.985924805178403,0.0,0.0
75,Device,Mul,gradient_tape/categorical_crossentropy/truediv/mul,2,6.144,3.072,6.144,3.072,0.0006339285493188983,0.9865587337277218,0.0,0.0
76,Device,Tile,gradient_tape/categorical_crossentropy/weighted_loss/Tile_1,2,6.144,3.072,6.144,3.072,0.0006339285493188983,0.9871926622770407,0.0,0.0
77,Device,DivNoNan,gradient_tape/categorical_crossentropy/weighted_loss/value/div_no_nan,2,6.144,3.072,6.144,3.072,0.0006339285493188983,0.9878265908263596,0.0,0.0
78,Device,BiasAddGrad,gradient_tape/sequential/dense/BiasAdd/BiasAddGrad,2,6.144,3.072,6.144,3.072,0.0006339285493188983,0.9884605193756785,0.0,0.0
79,Device,ReluGrad,gradient_tape/sequential/dense/ReluGrad,2,6.144,3.072,6.144,3.072,0.0006339285493188983,0.9890944479249973,0.0,0.0
80,Device,BiasAddGrad,gradient_tape/sequential/dense_1/BiasAdd/BiasAddGrad,2,6.144,3.072,6.144,3.072,0.0006339285493188983,0.9897283764743162,0.0,0.0
81,Device,BiasAdd,sequential/dense_1/BiasAdd,2,6.144,3.072,6.144,3.072,0.0006339285493188983,0.9903623050236351,0.0,0.0
82,Device,AssignAddVariableOp,AssignAddVariableOp_1,2,5.12,2.56,5.12,2.56,0.0005282737910990819,0.9908905788147342,0.0,0.0
83,Device,Cast,Cast_2,2,5.12,2.56,5.12,2.56,0.0005282737910990819,0.9914188526058333,0.0,0.0
84,Device,Equal,Equal,2,5.12,2.56,5.12,2.56,0.0005282737910990819,0.9919471263969324,0.0,0.0
85,Device,AssignAddVariableOp,SGD/SGD/AssignAddVariableOp,2,5.12,2.56,5.12,2.56,0.0005282737910990819,0.9924754001880315,0.0,0.0
86,Device,Sum,categorical_crossentropy/Sum,2,5.12,2.56,5.12,2.56,0.0005282737910990819,0.9930036739791306,0.0,0.0
87,Device,RealDiv,categorical_crossentropy/truediv,2,5.12,2.56,5.12,2.56,0.0005282737910990819,0.9935319477702297,0.0,0.0
88,Device,Cast,categorical_crossentropy/weighted_loss/num_elements/Cast,2,5.12,2.56,5.12,2.56,0.0005282737910990819,0.9940602215613288,0.0,0.0
89,Device,DivNoNan,div_no_nan,2,5.12,2.56,5.12,2.56,0.0005282737910990819,0.9945884953524279,0.0,0.0
90,Device,GreaterEqual,gradient_tape/categorical_crossentropy/clip_by_value/GreaterEqual,2,5.12,2.56,5.12,2.56,0.0005282737910990819,0.995116769143527,0.0,0.0
91,Device,ZerosLike,gradient_tape/categorical_crossentropy/clip_by_value/zeros_like_1,2,5.12,2.56,5.12,2.56,0.0005282737910990819,0.9956450429346261,0.0,0.0
92,Device,Neg,gradient_tape/categorical_crossentropy/truediv/Neg,2,5.12,2.56,5.12,2.56,0.0005282737910990819,0.9961733167257252,0.0,0.0
93,Device,Relu,sequential/dense/Relu,2,5.12,2.56,5.12,2.56,0.0005282737910990819,0.9967015905168243,0.0,0.0
94,Device,Neg,categorical_crossentropy/Neg,2,4.096,2.048,4.096,2.048,0.00042261903287926555,0.9971242095497035,0.0,0.0
95,Device,DivNoNan,categorical_crossentropy/weighted_loss/value,2,4.096,2.048,4.096,2.048,0.00042261903287926555,0.9975468285825827,0.0,0.0
96,Device,Neg,gradient_tape/categorical_crossentropy/Neg,2,4.096,2.048,4.096,2.048,0.00042261903287926555,0.9979694476154619,0.0,0.0
97,Device,_Recv,gradient_tape/categorical_crossentropy/ones/_18,2,3.232,1.616,3.232,1.616,0.0003334728306312955,0.9983029204460933,0.0,0.0
98,Device,_HostRecv,gradient_tape/categorical_crossentropy/DynamicStitch/_22,2,3.136,1.568,3.136,1.568,0.0003235676970481877,0.9986264881431415,0.0,0.0
99,Device,LogicalAnd,LogicalAnd,1,3.072,3.072,3.072,3.072,0.00031696427465944914,0.9989434524178009,0.0,0.0
100,Device,_Send,IteratorGetNext/_3,2,2.048,1.024,2.048,1.024,0.00021130951643963278,0.9991547619342406,0.0,0.0
101,Device,_Recv,Size/_14,2,2.048,1.024,2.048,1.024,0.00021130951643963278,0.9993660714506802,0.0,0.0
102,Device,_Recv,categorical_crossentropy/weighted_loss/num_elements/_20,2,2.048,1.024,2.048,1.024,0.00021130951643963278,0.9995773809671199,0.0,0.0
103,Device,_Recv,gradient_tape/categorical_crossentropy/Shape/_16,2,2.048,1.024,2.048,1.024,0.00021130951643963278,0.9997886904835596,0.0,0.0
104,Device,_Recv,strided_slice/_12,2,2.048,1.024,2.048,1.024,0.00021130951643963278,0.9999999999999992,0.0,0.0
105,Host,IDLE,IDLE,0,42037.744,0.0,42037.744,0.0,0.0,0.0,0.9262585067109532,0.9262585067109532
106,Host,_Send,IteratorGetNext/_1,2,957.526,478.763,957.526,478.763,0.0,0.0,0.021098101812906805,0.94735660852386
107,Host,GatherV2,GatherV2,2,758.683,379.3415,758.683,379.3415,0.0,0.0,0.01671680056491581,0.9640734090887758
108,Host,_Send,IteratorGetNext/_3,2,711.843,355.9215,711.843,355.9215,0.0,0.0,0.01568472928025455,0.9797581383690304
109,Host,_Send,IteratorGetNext/_6,2,527.219,263.6095,527.219,263.6095,0.0,0.0,0.011616729091114929,0.9913748674601452
110,Host,GatherV2,GatherV2_1,2,54.662,27.331,54.662,27.331,0.0,0.0,0.0012044210196873106,0.9925792884798326
111,Host,Dataset,Iterator::Root::ParallelMapV2::Zip[1]::ForeverRepeat,2,55.531,27.7655,51.121,25.5605,0.0,0.0,0.0011263987221000879,0.9937056872019326
112,Host,FlushSummaryWriter,FlushSummaryWriter,1,39.671,39.671,39.671,39.671,0.0,0.0,0.000874109733855609,0.9945797969357882
113,Host,Dataset,Iterator::Root::ParallelMapV2::Zip[0]::FlatMap[1]::Concatenate,2,61.691,30.8455,39.251,19.6255,0.0,0.0,0.0008648554652911826,0.9954446524010794
114,Host,Dataset,Iterator::Root::ParallelMapV2,2,39.09,19.545,39.09,19.545,0.0,0.0,0.0008613079956748194,0.9963059603967542
115,Host,IteratorGetNext,IteratorGetNext,2,30.59,15.295,30.59,15.295,0.0,0.0,0.0006740192271090489,0.9969799796238633
116,Host,LogicalAnd,LogicalAnd,1,29.771,29.771,29.771,29.771,0.0,0.0,0.0006559734034084177,0.9976359530272717
117,Host,Dataset,Iterator::Root,2,67.391,33.6955,28.301,14.1505,0.0,0.0,0.0006235834634329255,0.9982595364907046
118,Host,Dataset,Iterator::Root::ParallelMapV2::Zip[0]::FlatMap[1]::Concatenate[0]::TensorSlice,2,22.44,11.22,22.44,11.22,0.0,0.0,0.0004944423490136339,0.9987539788397183
119,Host,WriteSummary,WriteSummary,1,20.48,20.48,20.48,20.48,0.0,0.0,0.0004512557623796444,0.999205234602098
120,Host,Dataset,Iterator::Root::ParallelMapV2::Zip,2,130.992,65.496,9.67,4.835,0.0,0.0,0.00021306851670952934,0.9994183031188075
121,Host,_HostSend,gradient_tape/categorical_crossentropy/mul/Shape/_9,2,9.46,4.73,9.46,4.73,0.0,0.0,0.00020844138242731623,0.9996267445012349
122,Host,ReadVariableOp,ReadVariableOp,1,5.71,5.71,5.71,5.71,0.0,0.0,0.00012581398453065281,0.9997525584857655
123,Host,Dataset,Iterator::Root::ParallelMapV2::Zip[1]::ForeverRepeat::FromTensor,4,4.41,1.1025,4.41,1.1025,0.0,0.0,9.716981992647617e-05,0.999849728305692
124,Host,Dataset,Iterator::Root::ParallelMapV2::Zip[0]::FlatMap,2,65.791,32.8955,4.1,2.05,0.0,0.0,9.033928836701865e-05,0.999940067594059
125,Host,Identity,Identity,2,2.72,1.36,2.72,1.36,0.0,0.0,5.9932405941046526e-05,1.0
