Rank,Host/device,Type,Operation,#Occurrences,Total time (us),Avg. time (us),Total self-time (us),Avg. self-time (us),Total self-time on Device (%),Cumulative total-self time on Device (%),Total self-time on Host (%),Cumulative total-self time on Host (%)
1,Device,DepthwiseConv2dNativeBackpropFilter,gradient_tape/xception/block2_sepconv2/separable_conv2d/DepthwiseConv2dNativeBackpropFilter,2,198721.258,99360.629,198721.258,99360.629,0.18544916356032265,0.18544916356032265,0.0,0.0
2,Device,DepthwiseConv2dNativeBackpropFilter,gradient_tape/xception/block2_sepconv1/separable_conv2d/DepthwiseConv2dNativeBackpropFilter,2,193157.846,96578.923,193157.846,96578.923,0.18025731789506694,0.3657064814553896,0.0,0.0
3,Device,FusedBatchNormGradV3,gradient_tape/xception/block2_sepconv1_bn/FusedBatchNormGradV3,2,15740.987,7870.4935,15740.987,7870.4935,0.014689685955812097,0.3803961674112017,0.0,0.0
4,Device,FusedBatchNormGradV3,gradient_tape/xception/block2_sepconv2_bn/FusedBatchNormGradV3,2,15676.475,7838.2375,15676.475,7838.2375,0.0146294825504995,0.3950256499617012,0.0,0.0
5,Device,IDLE,IDLE,0,11716.782,0.0,11716.782,0.0,0.010934247515274104,0.4059598974769753,0.0,0.0
6,Device,FusedBatchNormV3,xception/block2_sepconv1_bn/FusedBatchNormV3,4,11027.497,2756.87425,11027.497,2756.87425,0.01029099813173469,0.41625089560871,0.0,0.0
7,Device,FusedBatchNormV3,xception/block2_sepconv2_bn/FusedBatchNormV3,4,10984.489,2746.12225,10984.489,2746.12225,0.010250862528192958,0.42650175813690294,0.0,0.0
8,Device,Conv2DBackpropFilter,gradient_tape/xception/block4_sepconv2/separable_conv2d/Conv2DBackpropFilter,4,8822.816,2205.704,8822.816,2205.704,0.008233562246504256,0.4347353203834072,0.0,0.0
9,Device,Conv2D,xception/block4_sepconv2/separable_conv2d,4,8211.486,2052.8715,8211.486,2052.8715,0.007663061444021755,0.4423983818274289,0.0,0.0
10,Device,DepthwiseConv2dNativeBackpropInput,gradient_tape/xception/block2_sepconv2/separable_conv2d/DepthwiseConv2dNativeBackpropInput,2,8094.751,4047.3755,8094.751,4047.3755,0.007554122881906702,0.4499525047093356,0.0,0.0
11,Device,_Recv,IteratorGetNext/_2,2,8090.302,4045.151,8090.302,4045.151,0.007549971019458851,0.4575024757287945,0.0,0.0
12,Device,Conv2DBackpropInput,gradient_tape/xception/block4_sepconv2/separable_conv2d/Conv2DBackpropInput,4,8055.839,2013.95975,8055.839,2013.95975,0.007517809716797516,0.465020285445592,0.0,0.0
13,Device,FusedBatchNormGradV3,gradient_tape/xception/block3_sepconv2_bn/FusedBatchNormGradV3,2,7722.013,3861.0065,7722.013,3861.0065,0.007206279118120004,0.472226564563712,0.0,0.0
14,Device,FusedBatchNormGradV3,gradient_tape/xception/block3_sepconv1_bn/FusedBatchNormGradV3,2,7627.805,3813.9025,7627.805,3813.9025,0.007118363034171447,0.47934492759788344,0.0,0.0
15,Device,Conv2DBackpropFilter,gradient_tape/xception/block2_sepconv2/separable_conv2d/Conv2DBackpropFilter,2,7420.956,3710.478,7420.956,3710.478,0.006925328960115368,0.4862702565579988,0.0,0.0
16,Device,Conv2DBackpropFilter,gradient_tape/xception/block1_conv2/Conv2D/Conv2DBackpropFilter,2,7045.146,3522.573,7045.146,3522.573,0.00657461836750426,0.4928448749255031,0.0,0.0
17,Device,FusedBatchNormGradV3,gradient_tape/xception/block1_conv2_bn/FusedBatchNormGradV3,2,6724.634,3362.317,6724.634,3362.317,0.006275512560157539,0.4991203874856606,0.0,0.0
18,Device,ReluGrad,gradient_tape/xception/block2_sepconv2_act/ReluGrad,2,6558.745,3279.3725,6558.745,3279.3725,0.006120702870426919,0.5052410903560876,0.0,0.0
19,Device,Conv2D,xception/block2_sepconv2/separable_conv2d,2,6281.24,3140.62,6281.24,3140.62,0.005861731733409422,0.511102822089497,0.0,0.0
20,Device,Conv2DBackpropInput,gradient_tape/xception/block2_sepconv2/separable_conv2d/Conv2DBackpropInput,2,6203.416,3101.708,6203.416,3101.708,0.005789105403191049,0.516891927492688,0.0,0.0
21,Device,Conv2DBackpropInput,gradient_tape/xception/block1_conv2/Conv2D/Conv2DBackpropInput,2,5924.886,2962.443,5924.886,2962.443,0.0055291777233529085,0.5224211052160409,0.0,0.0
22,Device,Conv2DBackpropFilter,gradient_tape/xception/block2_sepconv1/separable_conv2d/Conv2DBackpropFilter,2,5827.606,2913.803,5827.606,2913.803,0.005438394810579941,0.5278595000266209,0.0,0.0
23,Device,DepthwiseConv2dNative,xception/block2_sepconv2/separable_conv2d/depthwise,2,5384.212,2692.106,5384.212,2692.106,0.005024613983831826,0.5328841140104527,0.0,0.0
24,Device,FusedBatchNormV3,xception/block1_conv2_bn/FusedBatchNormV3,4,5318.676,1329.669,5318.676,1329.669,0.00496345496891109,0.5378475689793637,0.0,0.0
25,Device,Conv2D,xception/block3_sepconv2/separable_conv2d,2,5297.172,2648.586,5297.172,2648.586,0.004943387167140223,0.542790956146504,0.0,0.0
26,Device,Conv2DBackpropInput,gradient_tape/xception/block3_sepconv2/separable_conv2d/Conv2DBackpropInput,2,5266.452,2633.226,5266.452,2633.226,0.004914718878896129,0.5477056750254001,0.0,0.0
27,Device,MaxPoolGrad,gradient_tape/xception/block2_pool/MaxPool/MaxPoolGrad,2,5191.699,2595.8495,5191.699,2595.8495,0.004844958444289656,0.5525506334696898,0.0,0.0
28,Device,Conv2DBackpropFilter,gradient_tape/xception/block3_sepconv2/separable_conv2d/Conv2DBackpropFilter,2,4908.05,2454.025,4908.05,2454.025,0.0045802536496233415,0.5571308871193131,0.0,0.0
29,Device,Conv2D,xception/block2_sepconv1/separable_conv2d,2,4300.816,2150.408,4300.816,2150.408,0.004013575285573386,0.5611444624048865,0.0,0.0
30,Device,FusedBatchNormGradV3,gradient_tape/xception/block4_sepconv1_bn/FusedBatchNormGradV3,2,4089.871,2044.9355,4089.871,2044.9355,0.0038167187730847618,0.5649611811779712,0.0,0.0
31,Device,FusedBatchNormGradV3,gradient_tape/xception/block4_sepconv2_bn/FusedBatchNormGradV3,2,4082.704,2041.352,4082.704,2041.352,0.0038100304390403144,0.5687712116170115,0.0,0.0
32,Device,Conv2DBackpropFilter,gradient_tape/xception/block3_sepconv1/separable_conv2d/Conv2DBackpropFilter,2,4053.007,2026.5035,4053.007,2026.5035,0.003782316827191848,0.5725535284442034,0.0,0.0
33,Device,Conv2D,xception/block1_conv2/Conv2D,2,4038.671,2019.3355,4038.671,2019.3355,0.003768938292677937,0.5763224667368814,0.0,0.0
34,Device,Relu,xception/block2_sepconv2_act/Relu,2,3983.375,1991.6875,3983.375,1991.6875,0.0037173353738385664,0.5800398021107199,0.0,0.0
35,Device,DepthwiseConv2dNativeBackpropInput,gradient_tape/xception/block3_sepconv2/separable_conv2d/DepthwiseConv2dNativeBackpropInput,2,3954.703,1977.3515,3954.703,1977.3515,0.0036905783048107447,0.5837303804155307,0.0,0.0
36,Device,FusedBatchNormGradV3,gradient_tape/xception/block1_conv1_bn/FusedBatchNormGradV3,2,3933.199,1966.5995,3933.199,1966.5995,0.0036705105030398785,0.5874008909185706,0.0,0.0
37,Device,DepthwiseConv2dNativeBackpropInput,gradient_tape/xception/block2_sepconv1/separable_conv2d/DepthwiseConv2dNativeBackpropInput,2,3913.743,1956.8715,3913.743,1956.8715,0.0036523539204852853,0.5910532448390559,0.0,0.0
38,Device,FusedBatchNormV3,xception/block3_sepconv1_bn/FusedBatchNormV3,4,3686.414,921.6035,3686.414,921.6035,0.0034402076542664767,0.5944934524933223,0.0,0.0
39,Device,FusedBatchNormV3,xception/block3_sepconv2_bn/FusedBatchNormV3,4,3672.078,918.0195,3672.078,918.0195,0.0034268291197525657,0.5979202816130749,0.0,0.0
40,Device,FusedBatchNormGradV3,gradient_tape/xception/batch_normalization/FusedBatchNormGradV3,2,3546.125,1773.0625,3546.125,1773.0625,0.0033092882047392694,0.6012295698178142,0.0,0.0
41,Device,Conv2DBackpropFilter,gradient_tape/xception/block4_sepconv1/separable_conv2d/Conv2DBackpropFilter,2,3534.862,1767.431,3534.862,1767.431,0.003298777432262276,0.6045283472500764,0.0,0.0
42,Device,Conv2DBackpropInput,gradient_tape/xception/conv2d/Conv2D/Conv2DBackpropInput,2,3356.685,1678.3425,3356.685,1678.3425,0.0031325004272340184,0.6076608476773104,0.0,0.0
43,Device,ReluGrad,gradient_tape/xception/block3_sepconv2_act/ReluGrad,2,3354.637,1677.3185,3354.637,1677.3185,0.003130589208017746,0.6107914368853282,0.0,0.0
44,Device,Conv2D,xception/block3_sepconv1/separable_conv2d,2,3281.933,1640.9665,3281.933,1640.9665,0.003062740925840055,0.6138541778111682,0.0,0.0
45,Device,ReluGrad,gradient_tape/xception/block1_conv2_act/ReluGrad,2,3248.14,1624.07,3248.14,1624.07,0.0030312048755590424,0.6168853826867273,0.0,0.0
46,Device,Conv2DBackpropInput,gradient_tape/xception/block4_sepconv1/separable_conv2d/Conv2DBackpropInput,2,3135.499,1567.7495,3135.499,1567.7495,0.0029260868854515207,0.6198114695721788,0.0,0.0
47,Device,DepthwiseConv2dNativeBackpropFilter,gradient_tape/xception/block3_sepconv2/separable_conv2d/DepthwiseConv2dNativeBackpropFilter,2,3109.9,1554.95,3109.9,1554.95,0.0029021975784606167,0.6227136671506395,0.0,0.0
48,Device,AddN,SGD/gradients/AddN_11,2,3104.78,1552.39,3104.78,1552.39,0.002897419530419934,0.6256110866810594,0.0,0.0
49,Device,Conv2DBackpropInput,gradient_tape/xception/block2_sepconv1/separable_conv2d/Conv2DBackpropInput,2,3098.635,1549.3175,3098.635,1549.3175,0.0028916849395586074,0.628502771620618,0.0,0.0
50,Device,DepthwiseConv2dNativeBackpropInput,gradient_tape/xception/block4_sepconv2/separable_conv2d/DepthwiseConv2dNativeBackpropInput,2,2973.708,1486.854,2973.708,1486.854,0.002775101500578463,0.6312778731211964,0.0,0.0
51,Device,FusedBatchNormV3,xception/block1_conv1_bn/FusedBatchNormV3,4,2924.556,731.139,2924.556,731.139,0.0027292322393879117,0.6340071053605844,0.0,0.0
52,Device,Conv2DBackpropInput,gradient_tape/xception/block13_sepconv2/separable_conv2d/Conv2DBackpropInput,4,2791.434,697.8585,2791.434,697.8585,0.002605001123905152,0.6366121064844895,0.0,0.0
53,Device,Conv2DBackpropFilter,gradient_tape/xception/block13_sepconv2/separable_conv2d/Conv2DBackpropFilter,4,2747.403,686.85075,2747.403,686.85075,0.0025639108439677906,0.6391760173284573,0.0,0.0
54,Device,Conv2DBackpropInput,gradient_tape/xception/block14_sepconv2/separable_conv2d/Conv2DBackpropInput,4,2723.85,680.9625,2723.85,680.9625,0.0025419308897681437,0.6417179482182255,0.0,0.0
55,Device,Conv2D,xception/block4_sepconv1/separable_conv2d,4,2696.202,674.0505,2696.202,674.0505,0.002516129430348459,0.644234077648574,0.0,0.0
56,Device,DepthwiseConv2dNative,xception/block2_sepconv1/separable_conv2d/depthwise,2,2683.914,1341.957,2683.914,1341.957,0.002504662115050821,0.6467387397636248,0.0,0.0
57,Device,Conv2DBackpropInput,gradient_tape/xception/block3_sepconv1/separable_conv2d/Conv2DBackpropInput,2,2652.17,1326.085,2652.17,1326.085,0.0024750382171985896,0.6492137779808235,0.0,0.0
58,Device,MaxPool,xception/block2_pool/MaxPool,2,2620.425,1310.2125,2620.425,1310.2125,0.0024454133861338506,0.6516591913669573,0.0,0.0
59,Device,Conv2DBackpropFilter,gradient_tape/xception/conv2d/Conv2D/Conv2DBackpropFilter,2,2578.441,1289.2205,2578.441,1289.2205,0.002406233392200254,0.6540654247591575,0.0,0.0
60,Device,Conv2D,xception/block14_sepconv2/separable_conv2d,4,2550.794,637.6985,2550.794,637.6985,0.0023804328659930768,0.6564458576251506,0.0,0.0
61,Device,ReluGrad,gradient_tape/xception/block4_sepconv2_act/ReluGrad,2,2534.409,1267.2045,2534.409,1267.2045,0.002365142179050385,0.658810999804201,0.0,0.0
62,Device,Conv2DBackpropFilter,gradient_tape/xception/block14_sepconv2/separable_conv2d/Conv2DBackpropFilter,4,2507.785,626.94625,2507.785,626.94625,0.0023402963292388362,0.6611512961334398,0.0,0.0
63,Device,FusedBatchNormV3,xception/block4_sepconv2_bn/FusedBatchNormV3,4,2455.562,613.8905,2455.562,613.8905,0.002291561172436383,0.6634428573058762,0.0,0.0
64,Device,FusedBatchNormV3,xception/block4_sepconv1_bn/FusedBatchNormV3,4,2453.514,613.3785,2453.514,613.3785,0.0022896499532201104,0.6657325072590963,0.0,0.0
65,Device,MaxPoolGrad,gradient_tape/xception/block3_pool/MaxPool/MaxPoolGrad,2,2419.721,1209.8605,2419.721,1209.8605,0.002258113902939098,0.6679906211620353,0.0,0.0
66,Device,DepthwiseConv2dNativeBackpropFilter,gradient_tape/xception/block4_sepconv2/separable_conv2d/DepthwiseConv2dNativeBackpropFilter,2,2328.584,1164.292,2328.584,1164.292,0.0021730637146024426,0.6701636848766378,0.0,0.0
67,Device,Conv2DBackpropInput,gradient_tape/xception/block11_sepconv2/separable_conv2d/Conv2DBackpropInput,2,2282.504,1141.252,2282.504,1141.252,0.0021300612822363002,0.672293746158874,0.0,0.0
68,Device,Conv2DBackpropInput,gradient_tape/xception/block7_sepconv2/separable_conv2d/Conv2DBackpropInput,2,2272.264,1136.132,2272.264,1136.132,0.0021205051861549356,0.674414251345029,0.0,0.0
69,Device,Conv2DBackpropInput,gradient_tape/xception/block5_sepconv1/separable_conv2d/Conv2DBackpropInput,2,2264.073,1132.0365,2264.073,1132.0365,0.0021128612425023513,0.6765271125875313,0.0,0.0
70,Device,Conv2DBackpropInput,gradient_tape/xception/block9_sepconv2/separable_conv2d/Conv2DBackpropInput,2,2257.928,1128.964,2257.928,1128.964,0.0021071266516410245,0.6786342392391723,0.0,0.0
71,Device,Conv2DBackpropInput,gradient_tape/xception/block6_sepconv2/separable_conv2d/Conv2DBackpropInput,2,2247.688,1123.844,2247.688,1123.844,0.00209757055555966,0.680731809794732,0.0,0.0
72,Device,Conv2DBackpropInput,gradient_tape/xception/block5_sepconv2/separable_conv2d/Conv2DBackpropInput,2,2242.568,1121.284,2242.568,1121.284,0.0020927925075189774,0.682824602302251,0.0,0.0
73,Device,Conv2DBackpropInput,gradient_tape/xception/block7_sepconv1/separable_conv2d/Conv2DBackpropInput,2,2240.522,1120.261,2240.522,1120.261,0.00209088315472772,0.6849154854569787,0.0,0.0
74,Device,Conv2DBackpropInput,gradient_tape/xception/block8_sepconv1/separable_conv2d/Conv2DBackpropInput,2,2237.448,1118.724,2237.448,1118.724,0.002088014459478295,0.6870034999164569,0.0,0.0
75,Device,Conv2DBackpropInput,gradient_tape/xception/block7_sepconv3/separable_conv2d/Conv2DBackpropInput,2,2235.4,1117.7,2235.4,1117.7,0.002086103240262022,0.689089603156719,0.0,0.0
76,Device,Conv2DBackpropInput,gradient_tape/xception/block12_sepconv3/separable_conv2d/Conv2DBackpropInput,2,2233.352,1116.676,2233.352,1116.676,0.002084192021045749,0.6911737951777647,0.0,0.0
77,Device,Conv2DBackpropInput,gradient_tape/xception/block11_sepconv3/separable_conv2d/Conv2DBackpropInput,2,2232.329,1116.1645,2232.329,1116.1645,0.0020832373446501204,0.6932570325224148,0.0,0.0
78,Device,Conv2DBackpropInput,gradient_tape/xception/block12_sepconv2/separable_conv2d/Conv2DBackpropInput,2,2231.305,1115.6525,2231.305,1115.6525,0.002082281735041984,0.6953393142574568,0.0,0.0
79,Device,Conv2DBackpropInput,gradient_tape/xception/block5_sepconv3/separable_conv2d/Conv2DBackpropInput,2,2230.28,1115.14,2230.28,1115.14,0.0020813251922213397,0.6974206394496781,0.0,0.0
80,Device,Conv2DBackpropInput,gradient_tape/xception/block9_sepconv1/separable_conv2d/Conv2DBackpropInput,2,2230.28,1115.14,2230.28,1115.14,0.0020813251922213397,0.6995019646418995,0.0,0.0
81,Device,Conv2DBackpropInput,gradient_tape/xception/block10_sepconv1/separable_conv2d/Conv2DBackpropInput,2,2229.256,1114.628,2229.256,1114.628,0.002080369582613203,0.7015823342245127,0.0,0.0
82,Device,Conv2DBackpropInput,gradient_tape/xception/block10_sepconv3/separable_conv2d/Conv2DBackpropInput,2,2229.256,1114.628,2229.256,1114.628,0.002080369582613203,0.7036627038071258,0.0,0.0
83,Device,Conv2DBackpropInput,gradient_tape/xception/block11_sepconv1/separable_conv2d/Conv2DBackpropInput,2,2229.256,1114.628,2229.256,1114.628,0.002080369582613203,0.705743073389739,0.0,0.0
84,Device,Conv2DBackpropInput,gradient_tape/xception/block6_sepconv3/separable_conv2d/Conv2DBackpropInput,2,2227.21,1113.605,2227.21,1113.605,0.002078460229821946,0.7078215336195609,0.0,0.0
85,Device,Conv2DBackpropInput,gradient_tape/xception/block9_sepconv3/separable_conv2d/Conv2DBackpropInput,2,2225.161,1112.5805,2225.161,1112.5805,0.002076548077393165,0.7098980816969541,0.0,0.0
86,Device,Conv2DBackpropInput,gradient_tape/xception/block10_sepconv2/separable_conv2d/Conv2DBackpropInput,2,2219.016,1109.508,2219.016,1109.508,0.002070813486531838,0.7119688951834859,0.0,0.0
87,Device,Conv2DBackpropInput,gradient_tape/xception/block12_sepconv1/separable_conv2d/Conv2DBackpropInput,2,2210.825,1105.4125,2210.825,1105.4125,0.002063169542879254,0.7140320647263652,0.0,0.0
88,Device,Conv2DBackpropInput,gradient_tape/xception/block8_sepconv3/separable_conv2d/Conv2DBackpropInput,2,2208.776,1104.388,2208.776,1104.388,0.002061257390450473,0.7160933221168156,0.0,0.0
89,Device,Conv2DBackpropInput,gradient_tape/xception/block6_sepconv1/separable_conv2d/Conv2DBackpropInput,2,2206.728,1103.364,2206.728,1103.364,0.0020593461712342,0.7181526682880498,0.0,0.0
90,Device,Conv2DBackpropInput,gradient_tape/xception/block13_sepconv1/separable_conv2d/Conv2DBackpropInput,2,2203.656,1101.828,2203.656,1101.828,0.0020564793424097906,0.7202091476304596,0.0,0.0
91,Device,Conv2D,xception/block13_sepconv2/separable_conv2d,4,2203.656,550.914,2203.656,550.914,0.0020564793424097906,0.7222656269728694,0.0,0.0
92,Device,Conv2DBackpropInput,gradient_tape/xception/block8_sepconv2/separable_conv2d/Conv2DBackpropInput,2,2202.632,1101.316,2202.632,1101.316,0.0020555237328016545,0.724321150705671,0.0,0.0
93,Device,Conv2DBackpropFilter,gradient_tape/xception/block12_sepconv2/separable_conv2d/Conv2DBackpropFilter,4,2191.369,547.84225,2191.369,547.84225,0.002045012960324661,0.7263661636659957,0.0,0.0
94,Device,Conv2DBackpropFilter,gradient_tape/xception/block5_sepconv2/separable_conv2d/Conv2DBackpropFilter,4,2191.369,547.84225,2191.369,547.84225,0.002045012960324661,0.7284111766263204,0.0,0.0
95,Device,Conv2DBackpropFilter,gradient_tape/xception/block8_sepconv1/separable_conv2d/Conv2DBackpropFilter,4,2187.273,546.81825,2187.273,546.81825,0.002041190521892115,0.7304523671482125,0.0,0.0
96,Device,Conv2DBackpropFilter,gradient_tape/xception/block5_sepconv3/separable_conv2d/Conv2DBackpropFilter,4,2187.272,546.818,2187.272,546.818,0.002041189588679607,0.7324935567368921,0.0,0.0
97,Device,Conv2DBackpropFilter,gradient_tape/xception/block8_sepconv3/separable_conv2d/Conv2DBackpropFilter,4,2187.271,546.81775,2187.271,546.81775,0.002041188655467099,0.7345347453923592,0.0,0.0
98,Device,Conv2DBackpropFilter,gradient_tape/xception/block10_sepconv2/separable_conv2d/Conv2DBackpropFilter,4,2186.248,546.562,2186.248,546.562,0.0020402339790714704,0.7365749793714307,0.0,0.0
99,Device,Conv2DBackpropFilter,gradient_tape/xception/block7_sepconv3/separable_conv2d/Conv2DBackpropFilter,4,2185.225,546.30625,2185.225,546.30625,0.0020392793026758416,0.7386142586741066,0.0,0.0
100,Device,Conv2DBackpropFilter,gradient_tape/xception/block6_sepconv3/separable_conv2d/Conv2DBackpropFilter,4,2185.224,546.306,2185.224,546.306,0.002039278369463334,0.74065353704357,0.0,0.0
101,Device,Conv2DBackpropFilter,gradient_tape/xception/block11_sepconv2/separable_conv2d/Conv2DBackpropFilter,4,2185.223,546.30575,2185.223,546.30575,0.0020392774362508258,0.7426928144798208,0.0,0.0
102,Device,Conv2DBackpropFilter,gradient_tape/xception/block11_sepconv1/separable_conv2d/Conv2DBackpropFilter,4,2184.2,546.05,2184.2,546.05,0.0020383227598551974,0.744731137239676,0.0,0.0
103,Device,Conv2DBackpropFilter,gradient_tape/xception/block12_sepconv1/separable_conv2d/Conv2DBackpropFilter,4,2184.2,546.05,2184.2,546.05,0.0020383227598551974,0.7467694599995311,0.0,0.0
104,Device,Conv2DBackpropFilter,gradient_tape/xception/block10_sepconv1/separable_conv2d/Conv2DBackpropFilter,4,2183.178,545.7945,2183.178,545.7945,0.0020373690166720767,0.7488068290162032,0.0,0.0
105,Device,Conv2DBackpropFilter,gradient_tape/xception/block13_sepconv1/separable_conv2d/Conv2DBackpropFilter,4,2183.177,545.79425,2183.177,545.79425,0.002037368083459569,0.7508441970996628,0.0,0.0
106,Device,Conv2DBackpropFilter,gradient_tape/xception/block7_sepconv2/separable_conv2d/Conv2DBackpropFilter,4,2183.177,545.79425,2183.177,545.79425,0.002037368083459569,0.7528815651831223,0.0,0.0
107,Device,Conv2DBackpropFilter,gradient_tape/xception/block5_sepconv1/separable_conv2d/Conv2DBackpropFilter,4,2183.176,545.794,2183.176,545.794,0.002037367150247061,0.7549189323333694,0.0,0.0
108,Device,Conv2DBackpropFilter,gradient_tape/xception/block6_sepconv1/separable_conv2d/Conv2DBackpropFilter,4,2183.176,545.794,2183.176,545.794,0.002037367150247061,0.7569562994836164,0.0,0.0
109,Device,Conv2DBackpropFilter,gradient_tape/xception/block6_sepconv2/separable_conv2d/Conv2DBackpropFilter,4,2183.176,545.794,2183.176,545.794,0.002037367150247061,0.7589936666338635,0.0,0.0
110,Device,Conv2DBackpropFilter,gradient_tape/xception/block7_sepconv1/separable_conv2d/Conv2DBackpropFilter,4,2183.176,545.794,2183.176,545.794,0.002037367150247061,0.7610310337841105,0.0,0.0
111,Device,Conv2DBackpropFilter,gradient_tape/xception/block8_sepconv2/separable_conv2d/Conv2DBackpropFilter,4,2183.176,545.794,2183.176,545.794,0.002037367150247061,0.7630684009343576,0.0,0.0
112,Device,Conv2DBackpropFilter,gradient_tape/xception/block12_sepconv3/separable_conv2d/Conv2DBackpropFilter,4,2182.153,545.53825,2182.153,545.53825,0.002036412473851432,0.765104813408209,0.0,0.0
113,Device,DepthwiseConv2dNativeBackpropFilter,gradient_tape/xception/block14_sepconv2/separable_conv2d/DepthwiseConv2dNativeBackpropFilter,2,2182.153,1091.0765,2182.153,1091.0765,0.002036412473851432,0.7671412258820605,0.0,0.0
114,Device,Conv2DBackpropFilter,gradient_tape/xception/block11_sepconv3/separable_conv2d/Conv2DBackpropFilter,4,2182.152,545.538,2182.152,545.538,0.0020364115406389244,0.7691776374226994,0.0,0.0
115,Device,Conv2DBackpropFilter,gradient_tape/xception/block10_sepconv3/separable_conv2d/Conv2DBackpropFilter,4,2181.128,545.282,2181.128,545.282,0.0020354559310307883,0.7712130933537302,0.0,0.0
116,Device,Conv2DBackpropFilter,gradient_tape/xception/block9_sepconv3/separable_conv2d/Conv2DBackpropFilter,4,2181.128,545.282,2181.128,545.282,0.0020354559310307883,0.773248549284761,0.0,0.0
117,Device,Conv2DBackpropFilter,gradient_tape/xception/block9_sepconv1/separable_conv2d/Conv2DBackpropFilter,4,2179.08,544.77,2179.08,544.77,0.002033544711814515,0.7752820939965755,0.0,0.0
118,Device,Conv2DBackpropFilter,gradient_tape/xception/block9_sepconv2/separable_conv2d/Conv2DBackpropFilter,4,2176.01,544.0025,2176.01,544.0025,0.0020306797494151216,0.7773127737459907,0.0,0.0
119,Device,DepthwiseConv2dNative,xception/block3_sepconv2/separable_conv2d/depthwise,2,2133.0,1066.5,2133.0,1066.5,0.001990542279448373,0.7793033160254391,0.0,0.0
120,Device,Conv2D,xception/conv2d/Conv2D,2,2133.0,1066.5,2133.0,1066.5,0.001990542279448373,0.7812938583048875,0.0,0.0
121,Device,Relu,xception/block3_sepconv2_act/Relu,2,2065.415,1032.7075,2065.415,1032.7075,0.0019274711120988565,0.7832213294169864,0.0,0.0
122,Device,DepthwiseConv2dNativeBackpropInput,gradient_tape/xception/block3_sepconv1/separable_conv2d/DepthwiseConv2dNativeBackpropInput,2,2022.408,1011.204,2022.408,1011.204,0.0018873364417696318,0.785108665858756,0.0,0.0
123,Device,Relu,xception/block1_conv2_act/Relu,2,1991.687,995.8435,1991.687,995.8435,0.0018586672203130291,0.7869673330790691,0.0,0.0
124,Device,Conv2DBackpropInput,gradient_tape/xception/conv2d_3/Conv2D/Conv2DBackpropInput,2,1867.783,933.8915,1867.783,933.8915,0.0017430384577285139,0.7887103715367976,0.0,0.0
125,Device,MaxPoolGrad,gradient_tape/xception/block4_pool/MaxPool/MaxPoolGrad,2,1859.591,929.7955,1859.591,929.7955,0.001735393580863422,0.790445765117661,0.0,0.0
126,Device,Conv2D,xception/block5_sepconv1/separable_conv2d,4,1786.888,446.722,1786.888,446.722,0.0016675462318982391,0.7921133113495592,0.0,0.0
127,Device,Conv2D,xception/block13_sepconv1/separable_conv2d,4,1785.862,446.4655,1785.862,446.4655,0.0016665887558650868,0.7937799001054243,0.0,0.0
128,Device,Conv2D,xception/block8_sepconv1/separable_conv2d,4,1776.646,444.1615,1776.646,444.1615,0.0016579882693918584,0.7954378883748162,0.0,0.0
129,Device,Conv2D,xception/block10_sepconv1/separable_conv2d,4,1775.622,443.9055,1775.622,443.9055,0.001657032659783722,0.7970949210345999,0.0,0.0
130,Device,Conv2D,xception/block7_sepconv1/separable_conv2d,4,1774.6,443.65,1774.6,443.65,0.0016560789166006013,0.7987509999512005,0.0,0.0
131,Device,Conv2D,xception/block11_sepconv1/separable_conv2d,4,1771.528,442.882,1771.528,442.882,0.0016532120877761917,0.8004042120389767,0.0,0.0
132,Device,Conv2D,xception/block5_sepconv2/separable_conv2d,4,1771.527,442.88175,1771.527,442.88175,0.0016532111545636838,0.8020574231935405,0.0,0.0
133,Device,Conv2D,xception/block12_sepconv1/separable_conv2d,4,1771.526,442.8815,1771.526,442.8815,0.001653210221351176,0.8037106334148917,0.0,0.0
134,Device,Conv2D,xception/block6_sepconv1/separable_conv2d,4,1771.526,442.8815,1771.526,442.8815,0.001653210221351176,0.8053638436362429,0.0,0.0
135,Device,Conv2D,xception/block8_sepconv2/separable_conv2d,4,1771.526,442.8815,1771.526,442.8815,0.001653210221351176,0.8070170538575941,0.0,0.0
136,Device,Conv2D,xception/block8_sepconv3/separable_conv2d,4,1769.48,442.37,1769.48,442.37,0.001651300868559919,0.8086683547261541,0.0,0.0
137,Device,Conv2D,xception/block10_sepconv3/separable_conv2d,4,1768.456,442.114,1768.456,442.114,0.0016503452589517822,0.8103186999851059,0.0,0.0
138,Device,Conv2D,xception/block9_sepconv1/separable_conv2d,4,1768.456,442.114,1768.456,442.114,0.0016503452589517822,0.8119690452440577,0.0,0.0
139,Device,Conv2D,xception/block7_sepconv3/separable_conv2d,4,1768.454,442.1135,1768.454,442.1135,0.0016503433925267664,0.8136193886365845,0.0,0.0
140,Device,Conv2D,xception/block9_sepconv2/separable_conv2d,4,1767.43,441.8575,1767.43,441.8575,0.00164938778291863,0.8152687764195031,0.0,0.0
141,Device,Conv2D,xception/block12_sepconv3/separable_conv2d,4,1766.408,441.602,1766.408,441.602,0.0016484340397355092,0.8169172104592386,0.0,0.0
142,Device,Conv2D,xception/block6_sepconv3/separable_conv2d,4,1765.383,441.34575,1765.383,441.34575,0.001647477496914865,0.8185646879561534,0.0,0.0
143,Device,Conv2D,xception/block12_sepconv2/separable_conv2d,4,1765.382,441.3455,1765.382,441.3455,0.001647476563702357,0.8202121645198558,0.0,0.0
144,Device,Conv2D,xception/block10_sepconv2/separable_conv2d,4,1764.358,441.0895,1764.358,441.0895,0.0016465209540942204,0.82185868547395,0.0,0.0
145,Device,Conv2D,xception/block11_sepconv2/separable_conv2d,4,1764.358,441.0895,1764.358,441.0895,0.0016465209540942204,0.8235052064280443,0.0,0.0
146,Device,Conv2D,xception/block6_sepconv2/separable_conv2d,4,1764.358,441.0895,1764.358,441.0895,0.0016465209540942204,0.8251517273821385,0.0,0.0
147,Device,Conv2D,xception/block11_sepconv3/separable_conv2d,4,1764.357,441.08925,1764.357,441.08925,0.0016465200208817124,0.8267982474030202,0.0,0.0
148,Device,Conv2D,xception/block5_sepconv3/separable_conv2d,4,1764.357,441.08925,1764.357,441.08925,0.0016465200208817124,0.8284447674239019,0.0,0.0
149,Device,Conv2D,xception/block7_sepconv2/separable_conv2d,4,1764.357,441.08925,1764.357,441.08925,0.0016465200208817124,0.8300912874447837,0.0,0.0
150,Device,FusedBatchNormV3,xception/batch_normalization/FusedBatchNormV3,4,1762.312,440.578,1762.312,440.578,0.0016446116013029634,0.8317358990460866,0.0,0.0
151,Device,MaxPoolGrad,gradient_tape/xception/block13_pool/MaxPool/MaxPoolGrad,2,1762.311,881.1555,1762.311,881.1555,0.0016446106680904555,0.833380509714177,0.0,0.0
152,Device,Conv2D,xception/block9_sepconv3/separable_conv2d,4,1762.31,440.5775,1762.31,440.5775,0.0016446097348779476,0.8350251194490549,0.0,0.0
153,Device,Conv2DBackpropInput,gradient_tape/xception/conv2d_1/Conv2D/Conv2DBackpropInput,2,1742.854,871.427,1742.854,871.427,0.0016264531523233542,0.8366515726013782,0.0,0.0
154,Device,Conv2DBackpropFilter,gradient_tape/xception/block1_conv1/Conv2D/Conv2DBackpropFilter,2,1703.942,851.971,1703.942,851.971,0.0015901399872141676,0.8382417125885924,0.0,0.0
155,Device,ReluGrad,gradient_tape/xception/block1_conv1_act/ReluGrad,2,1700.871,850.4355,1700.871,850.4355,0.0015872740916022662,0.8398289866801947,0.0,0.0
156,Device,ReluGrad,gradient_tape/xception/block3_sepconv1_act/ReluGrad,2,1666.054,833.027,1666.054,833.027,0.0015547824317131175,0.8413837691119078,0.0,0.0
157,Device,Conv2DBackpropInput,gradient_tape/xception/block14_sepconv1/separable_conv2d/Conv2DBackpropInput,4,1650.694,412.6735,1650.694,412.6735,0.0015404482875910701,0.8429242173994989,0.0,0.0
158,Device,AddN,SGD/gradients/AddN_10,2,1611.782,805.891,1611.782,805.891,0.0015041351224818833,0.8444283525219808,0.0,0.0
159,Device,DepthwiseConv2dNative,xception/block4_sepconv2/separable_conv2d/depthwise,2,1610.758,805.379,1610.758,805.379,0.001503179512873747,0.8459315320348545,0.0,0.0
160,Device,Relu,xception/block4_sepconv2_act/Relu,2,1564.678,782.339,1564.678,782.339,0.001460177080507605,0.8473917091153621,0.0,0.0
161,Device,DepthwiseConv2dNativeBackpropFilter,gradient_tape/xception/block3_sepconv1/separable_conv2d/DepthwiseConv2dNativeBackpropFilter,2,1562.63,781.315,1562.63,781.315,0.001458265861291332,0.8488499749766535,0.0,0.0
162,Device,AddV2,xception/add/add,2,1533.957,766.9785,1533.957,766.9785,0.0014315078590510023,0.8502814828357045,0.0,0.0
163,Device,FusedBatchNormGradV3,gradient_tape/xception/batch_normalization_1/FusedBatchNormGradV3,2,1516.55,758.275,1516.55,758.275,0.0014152634289251898,0.8516967462646297,0.0,0.0
164,Device,DepthwiseConv2dNativeBackpropFilter,gradient_tape/xception/block14_sepconv1/separable_conv2d/DepthwiseConv2dNativeBackpropFilter,2,1509.382,754.691,1509.382,754.691,0.0014085741616682345,0.8531053204262979,0.0,0.0
165,Device,Conv2DBackpropFilter,gradient_tape/xception/conv2d_2/Conv2D/Conv2DBackpropFilter,2,1420.292,710.146,1420.292,710.146,0.0013254342593353437,0.8544307546856332,0.0,0.0
166,Device,FusedBatchNormGradV3,gradient_tape/xception/block13_sepconv2_bn/FusedBatchNormGradV3,2,1410.053,705.0265,1410.053,705.0265,0.001315879096466487,0.8557466337820997,0.0,0.0
167,Device,Conv2DBackpropFilter,gradient_tape/xception/block14_sepconv1/separable_conv2d/Conv2DBackpropFilter,4,1404.933,351.23325,1404.933,351.23325,0.0013111010484258044,0.8570577348305255,0.0,0.0
168,Device,MaxPool,xception/block3_pool/MaxPool,2,1366.021,683.0105,1366.021,683.0105,0.0012747878833166179,0.8583325227138421,0.0,0.0
169,Device,Conv2D,xception/block14_sepconv1/separable_conv2d,4,1324.038,331.0095,1324.038,331.0095,0.0012356088225955297,0.8595681315364376,0.0,0.0
170,Device,Conv2D,xception/conv2d_1/Conv2D,2,1289.222,644.611,1289.222,644.611,0.001203118095918889,0.8607712496323565,0.0,0.0
171,Device,Conv2DBackpropFilter,gradient_tape/xception/conv2d_3/Conv2D/Conv2DBackpropFilter,4,1272.836,318.209,1272.836,318.209,0.0011878264757636892,0.8619590761081202,0.0,0.0
172,Device,Conv2DBackpropInput,gradient_tape/xception/conv2d_2/Conv2D/Conv2DBackpropInput,2,1256.454,628.227,1256.454,628.227,0.0011725385884585212,0.8631316146965787,0.0,0.0
173,Device,Conv2DBackpropFilter,gradient_tape/xception/conv2d_1/Conv2D/Conv2DBackpropFilter,2,1179.653,589.8265,1179.653,589.8265,0.0011008669346357766,0.8642324816312145,0.0,0.0
174,Device,Conv2D,xception/conv2d_2/Conv2D,2,1088.516,544.258,1088.516,544.258,0.0010158167462991211,0.8652482983775136,0.0,0.0
175,Device,DepthwiseConv2dNative,xception/block3_sepconv1/separable_conv2d/depthwise,2,1074.18,537.09,1074.18,537.09,0.0010024382117852103,0.8662507365892989,0.0,0.0
176,Device,Relu,xception/block1_conv1_act/Relu,2,1061.892,530.946,1061.892,530.946,0.0009909708964875722,0.8672417074857864,0.0,0.0
177,Device,Relu,xception/block3_sepconv1_act/Relu,2,1034.244,517.122,1034.244,517.122,0.000965169437067887,0.8682068769228544,0.0,0.0
178,Device,FusedBatchNormGradV3,gradient_tape/xception/block9_sepconv1_bn/FusedBatchNormGradV3,2,1033.22,516.61,1033.22,516.61,0.0009642138274597506,0.8691710907503141,0.0,0.0
179,Device,FusedBatchNormGradV3,gradient_tape/xception/block10_sepconv3_bn/FusedBatchNormGradV3,2,1032.196,516.098,1032.196,516.098,0.000963258217851614,0.8701343489681657,0.0,0.0
180,Device,FusedBatchNormGradV3,gradient_tape/xception/block5_sepconv3_bn/FusedBatchNormGradV3,2,1032.196,516.098,1032.196,516.098,0.000963258217851614,0.8710976071860173,0.0,0.0
181,Device,FusedBatchNormGradV3,gradient_tape/xception/block11_sepconv2_bn/FusedBatchNormGradV3,2,1031.172,515.586,1031.172,515.586,0.0009623026082434776,0.8720599097942607,0.0,0.0
182,Device,FusedBatchNormGradV3,gradient_tape/xception/block6_sepconv3_bn/FusedBatchNormGradV3,2,1031.172,515.586,1031.172,515.586,0.0009623026082434776,0.8730222124025042,0.0,0.0
183,Device,FusedBatchNormGradV3,gradient_tape/xception/block7_sepconv3_bn/FusedBatchNormGradV3,2,1031.172,515.586,1031.172,515.586,0.0009623026082434776,0.8739845150107477,0.0,0.0
184,Device,FusedBatchNormGradV3,gradient_tape/xception/block11_sepconv1_bn/FusedBatchNormGradV3,2,1030.148,515.074,1030.148,515.074,0.000961346998635341,0.8749458620093831,0.0,0.0
185,Device,FusedBatchNormGradV3,gradient_tape/xception/block12_sepconv1_bn/FusedBatchNormGradV3,2,1030.148,515.074,1030.148,515.074,0.000961346998635341,0.8759072090080184,0.0,0.0
186,Device,FusedBatchNormGradV3,gradient_tape/xception/block5_sepconv2_bn/FusedBatchNormGradV3,2,1030.148,515.074,1030.148,515.074,0.000961346998635341,0.8768685560066538,0.0,0.0
187,Device,FusedBatchNormGradV3,gradient_tape/xception/block8_sepconv2_bn/FusedBatchNormGradV3,2,1030.148,515.074,1030.148,515.074,0.000961346998635341,0.8778299030052892,0.0,0.0
188,Device,FusedBatchNormGradV3,gradient_tape/xception/block12_sepconv2_bn/FusedBatchNormGradV3,2,1030.147,515.0735,1030.147,515.0735,0.000961346065422833,0.878791249070712,0.0,0.0
189,Device,FusedBatchNormGradV3,gradient_tape/xception/batch_normalization_2/FusedBatchNormGradV3,2,1029.124,514.562,1029.124,514.562,0.0009603913890272045,0.8797516404597393,0.0,0.0
190,Device,FusedBatchNormGradV3,gradient_tape/xception/block12_sepconv3_bn/FusedBatchNormGradV3,2,1029.124,514.562,1029.124,514.562,0.0009603913890272045,0.8807120318487666,0.0,0.0
191,Device,FusedBatchNormGradV3,gradient_tape/xception/block8_sepconv3_bn/FusedBatchNormGradV3,2,1029.124,514.562,1029.124,514.562,0.0009603913890272045,0.8816724232377938,0.0,0.0
192,Device,FusedBatchNormGradV3,gradient_tape/xception/block9_sepconv3_bn/FusedBatchNormGradV3,2,1029.124,514.562,1029.124,514.562,0.0009603913890272045,0.8826328146268211,0.0,0.0
193,Device,FusedBatchNormGradV3,gradient_tape/xception/block10_sepconv1_bn/FusedBatchNormGradV3,2,1029.123,514.5615,1029.123,514.5615,0.0009603904558146966,0.8835932050826357,0.0,0.0
194,Device,FusedBatchNormGradV3,gradient_tape/xception/block8_sepconv1_bn/FusedBatchNormGradV3,2,1029.123,514.5615,1029.123,514.5615,0.0009603904558146966,0.8845535955384504,0.0,0.0
195,Device,FusedBatchNormGradV3,gradient_tape/xception/block10_sepconv2_bn/FusedBatchNormGradV3,2,1028.1,514.05,1028.1,514.05,0.0009594357794190679,0.8855130313178694,0.0,0.0
196,Device,FusedBatchNormGradV3,gradient_tape/xception/block11_sepconv3_bn/FusedBatchNormGradV3,2,1028.1,514.05,1028.1,514.05,0.0009594357794190679,0.8864724670972884,0.0,0.0
197,Device,FusedBatchNormGradV3,gradient_tape/xception/block5_sepconv1_bn/FusedBatchNormGradV3,2,1028.1,514.05,1028.1,514.05,0.0009594357794190679,0.8874319028767075,0.0,0.0
198,Device,FusedBatchNormGradV3,gradient_tape/xception/block6_sepconv2_bn/FusedBatchNormGradV3,2,1028.1,514.05,1028.1,514.05,0.0009594357794190679,0.8883913386561265,0.0,0.0
199,Device,FusedBatchNormGradV3,gradient_tape/xception/block13_sepconv1_bn/FusedBatchNormGradV3,2,1028.099,514.0495,1028.099,514.0495,0.00095943484620656,0.889350773502333,0.0,0.0
200,Device,FusedBatchNormGradV3,gradient_tape/xception/block7_sepconv1_bn/FusedBatchNormGradV3,2,1027.076,513.538,1027.076,513.538,0.0009584801698109316,0.890309253672144,0.0,0.0
201,Device,FusedBatchNormGradV3,gradient_tape/xception/block7_sepconv2_bn/FusedBatchNormGradV3,2,1027.076,513.538,1027.076,513.538,0.0009584801698109316,0.8912677338419549,0.0,0.0
202,Device,FusedBatchNormGradV3,gradient_tape/xception/block9_sepconv2_bn/FusedBatchNormGradV3,2,1027.076,513.538,1027.076,513.538,0.0009584801698109316,0.8922262140117658,0.0,0.0
203,Device,FusedBatchNormGradV3,gradient_tape/xception/block6_sepconv1_bn/FusedBatchNormGradV3,2,1026.052,513.026,1026.052,513.026,0.000957524560202795,0.8931837385719686,0.0,0.0
204,Device,MaxPool,xception/block4_pool/MaxPool,2,1011.716,505.858,1011.716,505.858,0.0009441460256888843,0.8941278845976576,0.0,0.0
205,Device,DepthwiseConv2dNativeBackpropInput,gradient_tape/xception/block4_sepconv1/separable_conv2d/DepthwiseConv2dNativeBackpropInput,2,1008.643,504.3215,1008.643,504.3215,0.0009412782636519668,0.8950691628613096,0.0,0.0
206,Device,Conv2D,xception/conv2d_3/Conv2D,2,975.875,487.9375,975.875,487.9375,0.0009106987561915991,0.8959798616175012,0.0,0.0
207,Device,FusedBatchNormV3,xception/batch_normalization_1/FusedBatchNormV3,4,904.195,226.04875,904.195,226.04875,0.0008438060836220448,0.8968236677011232,0.0,0.0
208,Device,FusedBatchNormV3,xception/block13_sepconv2_bn/FusedBatchNormV3,4,901.124,225.281,901.124,225.281,0.0008409401880101432,0.8976646078891334,0.0,0.0
209,Device,ReluGrad,gradient_tape/xception/block4_sepconv1_act/ReluGrad,2,875.524,437.762,875.524,437.762,0.000817049947806731,0.8984816578369401,0.0,0.0
210,Device,Conv2D,xception/block1_conv1/Conv2D,2,871.426,435.713,871.426,435.713,0.0008132256429491692,0.8992948834798893,0.0,0.0
211,Device,AddN,SGD/gradients/AddN_9,2,857.091,428.5455,857.091,428.5455,0.0007998480416477662,0.9000947315215371,0.0,0.0
212,Device,DepthwiseConv2dNativeBackpropFilter,gradient_tape/xception/block4_sepconv1/separable_conv2d/DepthwiseConv2dNativeBackpropFilter,2,833.539,416.7695,833.539,416.7695,0.0007778690206606269,0.9008726005421978,0.0,0.0
213,Device,AddV2,xception/add_1/add,2,816.131,408.0655,816.131,408.0655,0.0007616236573223066,0.9016342241995201,0.0,0.0
214,Device,DepthwiseConv2dNativeBackpropInput,gradient_tape/xception/block10_sepconv3/separable_conv2d/DepthwiseConv2dNativeBackpropInput,2,742.402,371.201,742.402,371.201,0.0006928188323239715,0.9023270430318441,0.0,0.0
215,Device,DepthwiseConv2dNativeBackpropInput,gradient_tape/xception/block6_sepconv3/separable_conv2d/DepthwiseConv2dNativeBackpropInput,2,741.38,370.69,741.38,370.69,0.0006918650891408508,0.903018908120985,0.0,0.0
216,Device,DepthwiseConv2dNativeBackpropInput,gradient_tape/xception/block5_sepconv3/separable_conv2d/DepthwiseConv2dNativeBackpropInput,2,741.379,370.6895,741.379,370.6895,0.0006918641559283429,0.9037107722769133,0.0,0.0
217,Device,DepthwiseConv2dNativeBackpropInput,gradient_tape/xception/block6_sepconv1/separable_conv2d/DepthwiseConv2dNativeBackpropInput,2,740.355,370.1775,740.355,370.1775,0.0006909085463202064,0.9044016808232336,0.0,0.0
218,Device,DepthwiseConv2dNativeBackpropInput,gradient_tape/xception/block10_sepconv2/separable_conv2d/DepthwiseConv2dNativeBackpropInput,2,740.354,370.177,740.354,370.177,0.0006909076131076984,0.9050925884363413,0.0,0.0
219,Device,DepthwiseConv2dNativeBackpropInput,gradient_tape/xception/block7_sepconv3/separable_conv2d/DepthwiseConv2dNativeBackpropInput,2,740.354,370.177,740.354,370.177,0.0006909076131076984,0.9057834960494491,0.0,0.0
220,Device,DepthwiseConv2dNativeBackpropInput,gradient_tape/xception/block12_sepconv1/separable_conv2d/DepthwiseConv2dNativeBackpropInput,2,739.332,369.666,739.332,369.666,0.0006899538699245778,0.9064734499193736,0.0,0.0
221,Device,DepthwiseConv2dNativeBackpropInput,gradient_tape/xception/block8_sepconv3/separable_conv2d/DepthwiseConv2dNativeBackpropInput,2,739.332,369.666,739.332,369.666,0.0006899538699245778,0.9071634037892982,0.0,0.0
222,Device,DepthwiseConv2dNativeBackpropInput,gradient_tape/xception/block9_sepconv1/separable_conv2d/DepthwiseConv2dNativeBackpropInput,2,739.332,369.666,739.332,369.666,0.0006899538699245778,0.9078533576592227,0.0,0.0
223,Device,DepthwiseConv2dNativeBackpropInput,gradient_tape/xception/block13_sepconv1/separable_conv2d/DepthwiseConv2dNativeBackpropInput,2,739.33,369.665,739.33,369.665,0.0006899520034995619,0.9085433096627222,0.0,0.0
224,Device,DepthwiseConv2dNativeBackpropInput,gradient_tape/xception/block8_sepconv2/separable_conv2d/DepthwiseConv2dNativeBackpropInput,2,739.33,369.665,739.33,369.665,0.0006899520034995619,0.9092332616662218,0.0,0.0
225,Device,DepthwiseConv2dNativeBackpropInput,gradient_tape/xception/block9_sepconv2/separable_conv2d/DepthwiseConv2dNativeBackpropInput,2,739.33,369.665,739.33,369.665,0.0006899520034995619,0.9099232136697213,0.0,0.0
226,Device,DepthwiseConv2dNativeBackpropInput,gradient_tape/xception/block9_sepconv3/separable_conv2d/DepthwiseConv2dNativeBackpropInput,2,739.33,369.665,739.33,369.665,0.0006899520034995619,0.9106131656732208,0.0,0.0
227,Device,DepthwiseConv2dNativeBackpropInput,gradient_tape/xception/block11_sepconv2/separable_conv2d/DepthwiseConv2dNativeBackpropInput,2,738.308,369.154,738.308,369.154,0.0006889982603164413,0.9113021639335372,0.0,0.0
228,Device,DepthwiseConv2dNativeBackpropInput,gradient_tape/xception/block11_sepconv3/separable_conv2d/DepthwiseConv2dNativeBackpropInput,2,738.308,369.154,738.308,369.154,0.0006889982603164413,0.9119911621938537,0.0,0.0
229,Device,DepthwiseConv2dNativeBackpropInput,gradient_tape/xception/block11_sepconv1/separable_conv2d/DepthwiseConv2dNativeBackpropInput,2,738.307,369.1535,738.307,369.1535,0.0006889973271039334,0.9126801595209576,0.0,0.0
230,Device,DepthwiseConv2dNativeBackpropInput,gradient_tape/xception/block13_sepconv2/separable_conv2d/DepthwiseConv2dNativeBackpropInput,2,738.307,369.1535,738.307,369.1535,0.0006889973271039334,0.9133691568480615,0.0,0.0
231,Device,DepthwiseConv2dNativeBackpropInput,gradient_tape/xception/block12_sepconv2/separable_conv2d/DepthwiseConv2dNativeBackpropInput,2,738.306,369.153,738.306,369.153,0.0006889963938914254,0.9140581532419529,0.0,0.0
232,Device,DepthwiseConv2dNativeBackpropInput,gradient_tape/xception/block5_sepconv2/separable_conv2d/DepthwiseConv2dNativeBackpropInput,2,738.306,369.153,738.306,369.153,0.0006889963938914254,0.9147471496358444,0.0,0.0
233,Device,DepthwiseConv2dNativeBackpropInput,gradient_tape/xception/block7_sepconv2/separable_conv2d/DepthwiseConv2dNativeBackpropInput,2,738.306,369.153,738.306,369.153,0.0006889963938914254,0.9154361460297358,0.0,0.0
234,Device,DepthwiseConv2dNativeBackpropInput,gradient_tape/xception/block8_sepconv1/separable_conv2d/DepthwiseConv2dNativeBackpropInput,2,738.306,369.153,738.306,369.153,0.0006889963938914254,0.9161251424236272,0.0,0.0
235,Device,DepthwiseConv2dNativeBackpropInput,gradient_tape/xception/block7_sepconv1/separable_conv2d/DepthwiseConv2dNativeBackpropInput,2,737.283,368.6415,737.283,368.6415,0.0006880417174957968,0.916813184141123,0.0,0.0
236,Device,DepthwiseConv2dNativeBackpropInput,gradient_tape/xception/block12_sepconv3/separable_conv2d/DepthwiseConv2dNativeBackpropInput,2,737.282,368.641,737.282,368.641,0.0006880407842832889,0.9175012249254063,0.0,0.0
237,Device,DepthwiseConv2dNativeBackpropInput,gradient_tape/xception/block6_sepconv2/separable_conv2d/DepthwiseConv2dNativeBackpropInput,2,736.26,368.13,736.26,368.13,0.0006870870411001683,0.9181883119665065,0.0,0.0
238,Device,DepthwiseConv2dNativeBackpropInput,gradient_tape/xception/block10_sepconv1/separable_conv2d/DepthwiseConv2dNativeBackpropInput,2,736.258,368.129,736.258,368.129,0.0006870851746751524,0.9188753971411817,0.0,0.0
239,Device,DepthwiseConv2dNativeBackpropInput,gradient_tape/xception/block5_sepconv1/separable_conv2d/DepthwiseConv2dNativeBackpropInput,2,736.258,368.129,736.258,368.129,0.0006870851746751524,0.9195624823158569,0.0,0.0
240,Device,FusedBatchNormV3,xception/block12_sepconv1_bn/FusedBatchNormV3,4,660.484,165.121,660.484,165.121,0.0006163719300980681,0.920178854245955,0.0,0.0
241,Device,FusedBatchNormV3,xception/batch_normalization_2/FusedBatchNormV3,4,660.482,165.1205,660.482,165.1205,0.0006163700636730522,0.9207952243096281,0.0,0.0
242,Device,FusedBatchNormV3,xception/block5_sepconv1_bn/FusedBatchNormV3,4,660.482,165.1205,660.482,165.1205,0.0006163700636730522,0.9214115943733012,0.0,0.0
243,Device,FusedBatchNormV3,xception/block10_sepconv3_bn/FusedBatchNormV3,4,659.458,164.8645,659.458,164.8645,0.0006154144540649157,0.9220270088273661,0.0,0.0
244,Device,FusedBatchNormV3,xception/block11_sepconv3_bn/FusedBatchNormV3,4,659.458,164.8645,659.458,164.8645,0.0006154144540649157,0.922642423281431,0.0,0.0
245,Device,FusedBatchNormV3,xception/block5_sepconv2_bn/FusedBatchNormV3,4,659.458,164.8645,659.458,164.8645,0.0006154144540649157,0.9232578377354959,0.0,0.0
246,Device,FusedBatchNormV3,xception/block9_sepconv1_bn/FusedBatchNormV3,4,659.458,164.8645,659.458,164.8645,0.0006154144540649157,0.9238732521895607,0.0,0.0
247,Device,FusedBatchNormV3,xception/block6_sepconv2_bn/FusedBatchNormV3,4,658.436,164.609,658.436,164.609,0.0006144607108817951,0.9244877129004425,0.0,0.0
248,Device,FusedBatchNormV3,xception/block8_sepconv1_bn/FusedBatchNormV3,4,658.435,164.60875,658.435,164.60875,0.0006144597776692871,0.9251021726781118,0.0,0.0
249,Device,FusedBatchNormV3,xception/block13_sepconv1_bn/FusedBatchNormV3,4,658.434,164.6085,658.434,164.6085,0.0006144588444567792,0.9257166315225686,0.0,0.0
250,Device,FusedBatchNormV3,xception/block5_sepconv3_bn/FusedBatchNormV3,4,658.434,164.6085,658.434,164.6085,0.0006144588444567792,0.9263310903670253,0.0,0.0
251,Device,FusedBatchNormV3,xception/block7_sepconv1_bn/FusedBatchNormV3,4,658.434,164.6085,658.434,164.6085,0.0006144588444567792,0.9269455492114821,0.0,0.0
252,Device,FusedBatchNormV3,xception/block12_sepconv2_bn/FusedBatchNormV3,4,657.412,164.353,657.412,164.353,0.0006135051012736586,0.9275590543127558,0.0,0.0
253,Device,FusedBatchNormV3,xception/block8_sepconv2_bn/FusedBatchNormV3,4,657.412,164.353,657.412,164.353,0.0006135051012736586,0.9281725594140294,0.0,0.0
254,Device,FusedBatchNormV3,xception/block6_sepconv1_bn/FusedBatchNormV3,4,657.411,164.35275,657.411,164.35275,0.0006135041680611506,0.9287860635820906,0.0,0.0
255,Device,FusedBatchNormV3,xception/block11_sepconv2_bn/FusedBatchNormV3,4,657.41,164.3525,657.41,164.3525,0.0006135032348486426,0.9293995668169392,0.0,0.0
256,Device,FusedBatchNormV3,xception/block12_sepconv3_bn/FusedBatchNormV3,4,657.41,164.3525,657.41,164.3525,0.0006135032348486426,0.9300130700517879,0.0,0.0
257,Device,FusedBatchNormV3,xception/block7_sepconv3_bn/FusedBatchNormV3,4,657.41,164.3525,657.41,164.3525,0.0006135032348486426,0.9306265732866366,0.0,0.0
258,Device,FusedBatchNormV3,xception/block9_sepconv2_bn/FusedBatchNormV3,4,657.41,164.3525,657.41,164.3525,0.0006135032348486426,0.9312400765214852,0.0,0.0
259,Device,FusedBatchNormV3,xception/block9_sepconv3_bn/FusedBatchNormV3,4,657.41,164.3525,657.41,164.3525,0.0006135032348486426,0.9318535797563339,0.0,0.0
260,Device,FusedBatchNormV3,xception/block10_sepconv1_bn/FusedBatchNormV3,4,656.388,164.097,656.388,164.097,0.0006125494916655221,0.9324661292479994,0.0,0.0
261,Device,FusedBatchNormV3,xception/block6_sepconv3_bn/FusedBatchNormV3,4,656.387,164.09675,656.387,164.09675,0.0006125485584530141,0.9330786778064525,0.0,0.0
262,Device,FusedBatchNormV3,xception/block10_sepconv2_bn/FusedBatchNormV3,4,655.364,163.841,655.364,163.841,0.0006115938820573856,0.9336902716885098,0.0,0.0
263,Device,FusedBatchNormV3,xception/block7_sepconv2_bn/FusedBatchNormV3,4,655.362,163.8405,655.362,163.8405,0.0006115920156323696,0.9343018637041421,0.0,0.0
264,Device,FusedBatchNormV3,xception/block11_sepconv1_bn/FusedBatchNormV3,4,653.314,163.3285,653.314,163.3285,0.0006096807964160967,0.9349115445005582,0.0,0.0
265,Device,FusedBatchNormV3,xception/block8_sepconv3_bn/FusedBatchNormV3,4,653.314,163.3285,653.314,163.3285,0.0006096807964160967,0.9355212252969743,0.0,0.0
266,Device,ReluGrad,gradient_tape/xception/block11_sepconv2_act/ReluGrad,2,626.69,313.345,626.69,313.345,0.000584834946604548,0.9361060602435789,0.0,0.0
267,Device,ReluGrad,gradient_tape/xception/block7_sepconv3_act/ReluGrad,2,626.69,313.345,626.69,313.345,0.000584834946604548,0.9366908951901834,0.0,0.0
268,Device,ReluGrad,gradient_tape/xception/block12_sepconv3_act/ReluGrad,2,625.667,312.8335,625.667,312.8335,0.0005838802702089194,0.9372747754603924,0.0,0.0
269,Device,ReluGrad,gradient_tape/xception/block6_sepconv3_act/ReluGrad,2,625.666,312.833,625.666,312.833,0.0005838793369964115,0.9378586547973888,0.0,0.0
270,Device,ReluGrad,gradient_tape/xception/block12_sepconv1_act/ReluGrad,2,624.642,312.321,624.642,312.321,0.000582923727388275,0.9384415785247772,0.0,0.0
271,Device,ReluGrad,gradient_tape/xception/block10_sepconv2_act/ReluGrad,2,623.619,311.8095,623.619,311.8095,0.0005819690509926465,0.9390235475757698,0.0,0.0
272,Device,ReluGrad,gradient_tape/xception/block13_sepconv1_act/ReluGrad,2,623.619,311.8095,623.619,311.8095,0.0005819690509926465,0.9396055166267624,0.0,0.0
273,Device,ReluGrad,gradient_tape/xception/block8_sepconv3_act/ReluGrad,2,623.618,311.809,623.618,311.809,0.0005819681177801386,0.9401874847445425,0.0,0.0
274,Device,ReluGrad,gradient_tape/xception/block6_sepconv1_act/ReluGrad,2,622.595,311.2975,622.595,311.2975,0.00058101344138451,0.940768498185927,0.0,0.0
275,Device,ReluGrad,gradient_tape/xception/block10_sepconv1_act/ReluGrad,2,622.594,311.297,622.594,311.297,0.0005810125081720021,0.941349510694099,0.0,0.0
276,Device,ReluGrad,gradient_tape/xception/block11_sepconv3_act/ReluGrad,2,622.594,311.297,622.594,311.297,0.0005810125081720021,0.941930523202271,0.0,0.0
277,Device,ReluGrad,gradient_tape/xception/block5_sepconv1_act/ReluGrad,2,622.594,311.297,622.594,311.297,0.0005810125081720021,0.942511535710443,0.0,0.0
278,Device,ReluGrad,gradient_tape/xception/block5_sepconv3_act/ReluGrad,2,622.594,311.297,622.594,311.297,0.0005810125081720021,0.943092548218615,0.0,0.0
279,Device,ReluGrad,gradient_tape/xception/block9_sepconv3_act/ReluGrad,2,622.594,311.297,622.594,311.297,0.0005810125081720021,0.943673560726787,0.0,0.0
280,Device,ReluGrad,gradient_tape/xception/block8_sepconv2_act/ReluGrad,2,621.572,310.786,621.572,310.786,0.0005800587649888814,0.9442536194917759,0.0,0.0
281,Device,ReluGrad,gradient_tape/xception/block11_sepconv1_act/ReluGrad,2,621.571,310.7855,621.571,310.7855,0.0005800578317763735,0.9448336773235523,0.0,0.0
282,Device,ReluGrad,gradient_tape/xception/block5_sepconv2_act/ReluGrad,2,621.571,310.7855,621.571,310.7855,0.0005800578317763735,0.9454137351553287,0.0,0.0
283,Device,ReluGrad,gradient_tape/xception/block10_sepconv3_act/ReluGrad,2,621.57,310.785,621.57,310.785,0.0005800568985638656,0.9459937920538926,0.0,0.0
284,Device,ReluGrad,gradient_tape/xception/block6_sepconv2_act/ReluGrad,2,621.57,310.785,621.57,310.785,0.0005800568985638656,0.9465738489524564,0.0,0.0
285,Device,ReluGrad,gradient_tape/xception/block7_sepconv1_act/ReluGrad,2,621.57,310.785,621.57,310.785,0.0005800568985638656,0.9471539058510203,0.0,0.0
286,Device,ReluGrad,gradient_tape/xception/block7_sepconv2_act/ReluGrad,2,621.57,310.785,621.57,310.785,0.0005800568985638656,0.9477339627495842,0.0,0.0
287,Device,ReluGrad,gradient_tape/xception/block8_sepconv1_act/ReluGrad,2,621.57,310.785,621.57,310.785,0.0005800568985638656,0.9483140196481481,0.0,0.0
288,Device,ReluGrad,gradient_tape/xception/block9_sepconv1_act/ReluGrad,2,620.546,310.273,620.546,310.273,0.0005791012889557291,0.9488931209371039,0.0,0.0
289,Device,ReluGrad,gradient_tape/xception/block13_sepconv2_act/ReluGrad,2,619.523,309.7615,619.523,309.7615,0.0005781466125601005,0.9494712675496639,0.0,0.0
290,Device,ReluGrad,gradient_tape/xception/block12_sepconv2_act/ReluGrad,2,619.522,309.761,619.522,309.761,0.0005781456793475926,0.9500494132290115,0.0,0.0
291,Device,ReluGrad,gradient_tape/xception/block9_sepconv2_act/ReluGrad,2,617.474,308.737,617.474,308.737,0.0005762344601313196,0.9506256476891428,0.0,0.0
292,Device,AddN,SGD/gradients/AddN,2,610.306,305.153,610.306,305.153,0.0005695451928743641,0.9511951928820171,0.0,0.0
293,Device,AddN,SGD/gradients/AddN_8,2,609.283,304.6415,609.283,304.6415,0.0005685905164787355,0.9517637833984959,0.0,0.0
294,Device,AddN,SGD/gradients/AddN_2,2,609.282,304.641,609.282,304.641,0.0005685895832662276,0.9523323729817621,0.0,0.0
295,Device,AddN,SGD/gradients/AddN_7,2,609.282,304.641,609.282,304.641,0.0005685895832662276,0.9529009625650283,0.0,0.0
296,Device,AddN,SGD/gradients/AddN_5,2,608.259,304.1295,608.259,304.1295,0.0005676349068705991,0.9534685974718989,0.0,0.0
297,Device,AddN,SGD/gradients/AddN_4,2,608.258,304.129,608.258,304.129,0.0005676339736580912,0.954036231445557,0.0,0.0
298,Device,AddN,SGD/gradients/AddN_6,2,607.234,303.617,607.234,303.617,0.0005666783640499547,0.954602909809607,0.0,0.0
299,Device,AddN,SGD/gradients/AddN_1,2,606.21,303.105,606.21,303.105,0.0005657227544418182,0.9551686325640488,0.0,0.0
300,Device,AddN,SGD/gradients/AddN_3,2,606.21,303.105,606.21,303.105,0.0005657227544418182,0.9557343553184906,0.0,0.0
301,Device,AddV2,xception/add_4/add,2,590.85,295.425,590.85,295.425,0.0005513886103197708,0.9562857439288104,0.0,0.0
302,Device,AddV2,xception/add_6/add,2,590.85,295.425,590.85,295.425,0.0005513886103197708,0.9568371325391302,0.0,0.0
303,Device,AddV2,xception/add_8/add,2,590.85,295.425,590.85,295.425,0.0005513886103197708,0.95738852114945,0.0,0.0
304,Device,AddV2,xception/add_5/add,2,588.802,294.401,588.802,294.401,0.0005494773911034978,0.9579379985405534,0.0,0.0
305,Device,AddV2,xception/add_7/add,2,588.802,294.401,588.802,294.401,0.0005494773911034978,0.9584874759316568,0.0,0.0
306,Device,AddV2,xception/add_10/add,2,585.73,292.865,585.73,292.865,0.0005466105622790884,0.959034086493936,0.0,0.0
307,Device,AddV2,xception/add_3/add,2,585.73,292.865,585.73,292.865,0.0005466105622790884,0.9595806970562151,0.0,0.0
308,Device,AddV2,xception/add_9/add,2,585.73,292.865,585.73,292.865,0.0005466105622790884,0.9601273076184942,0.0,0.0
309,Device,AddV2,xception/add_2/add,2,579.586,289.793,579.586,289.793,0.0005408769046302694,0.9606681845231244,0.0,0.0
310,Device,DepthwiseConv2dNative,xception/block4_sepconv1/separable_conv2d/depthwise,2,562.178,281.089,562.178,281.089,0.0005246315412919491,0.9611928160644163,0.0,0.0
311,Device,Relu,xception/block4_sepconv1_act/Relu,2,552.963,276.4815,552.963,276.4815,0.0005160319880312286,0.9617088480524475,0.0,0.0
312,Device,FusedBatchNormGradV3,gradient_tape/xception/block14_sepconv1_bn/FusedBatchNormGradV3,2,490.498,245.249,490.498,245.249,0.00045773886872239476,0.9621665869211699,0.0,0.0
313,Device,Transpose,gradient_tape/xception/block1_conv1/Conv2D/Conv2DBackpropFilter-0-TransposeNHWCToNCHW-LayoutOptimizer,2,477.186,238.593,477.186,238.593,0.00044531594381662035,0.9626119028649864,0.0,0.0
314,Device,FusedBatchNormGradV3,gradient_tape/xception/block14_sepconv2_bn/FusedBatchNormGradV3,2,461.826,230.913,461.826,230.913,0.000430981799694573,0.963042884664681,0.0,0.0
315,Device,ReluGrad,gradient_tape/xception/block14_sepconv2_act/ReluGrad,2,437.25,218.625,437.25,218.625,0.00040804716909929726,0.9634509318337803,0.0,0.0
316,Device,DepthwiseConv2dNativeBackpropFilter,gradient_tape/xception/block5_sepconv3/separable_conv2d/DepthwiseConv2dNativeBackpropFilter,2,427.01,213.505,427.01,213.505,0.00039849107301793236,0.9638494229067982,0.0,0.0
317,Device,DepthwiseConv2dNativeBackpropFilter,gradient_tape/xception/block6_sepconv2/separable_conv2d/DepthwiseConv2dNativeBackpropFilter,2,427.009,213.5045,427.009,213.5045,0.00039849013980542444,0.9642479130466036,0.0,0.0
318,Device,DepthwiseConv2dNativeBackpropFilter,gradient_tape/xception/block6_sepconv3/separable_conv2d/DepthwiseConv2dNativeBackpropFilter,2,427.008,213.504,427.008,213.504,0.00039848920659291647,0.9646464022531965,0.0,0.0
319,Device,DepthwiseConv2dNativeBackpropFilter,gradient_tape/xception/block10_sepconv1/separable_conv2d/DepthwiseConv2dNativeBackpropFilter,2,425.986,212.993,425.986,212.993,0.00039753546340979586,0.9650439377166063,0.0,0.0
320,Device,DepthwiseConv2dNativeBackpropFilter,gradient_tape/xception/block10_sepconv2/separable_conv2d/DepthwiseConv2dNativeBackpropFilter,2,425.986,212.993,425.986,212.993,0.00039753546340979586,0.9654414731800162,0.0,0.0
321,Device,DepthwiseConv2dNativeBackpropFilter,gradient_tape/xception/block12_sepconv3/separable_conv2d/DepthwiseConv2dNativeBackpropFilter,2,425.986,212.993,425.986,212.993,0.00039753546340979586,0.965839008643426,0.0,0.0
322,Device,DepthwiseConv2dNativeBackpropFilter,gradient_tape/xception/block5_sepconv2/separable_conv2d/DepthwiseConv2dNativeBackpropFilter,2,425.986,212.993,425.986,212.993,0.00039753546340979586,0.9662365441068358,0.0,0.0
323,Device,DepthwiseConv2dNativeBackpropFilter,gradient_tape/xception/block6_sepconv1/separable_conv2d/DepthwiseConv2dNativeBackpropFilter,2,425.986,212.993,425.986,212.993,0.00039753546340979586,0.9666340795702456,0.0,0.0
324,Device,DepthwiseConv2dNativeBackpropFilter,gradient_tape/xception/block11_sepconv3/separable_conv2d/DepthwiseConv2dNativeBackpropFilter,2,425.984,212.992,425.984,212.992,0.00039753359698477996,0.9670316131672304,0.0,0.0
325,Device,DepthwiseConv2dNativeBackpropFilter,gradient_tape/xception/block11_sepconv1/separable_conv2d/DepthwiseConv2dNativeBackpropFilter,2,424.962,212.481,424.962,212.481,0.00039657985380165935,0.9674281930210321,0.0,0.0
326,Device,DepthwiseConv2dNativeBackpropFilter,gradient_tape/xception/block9_sepconv3/separable_conv2d/DepthwiseConv2dNativeBackpropFilter,2,424.962,212.481,424.962,212.481,0.00039657985380165935,0.9678247728748338,0.0,0.0
327,Device,DepthwiseConv2dNativeBackpropFilter,gradient_tape/xception/block9_sepconv1/separable_conv2d/DepthwiseConv2dNativeBackpropFilter,2,424.961,212.4805,424.961,212.4805,0.00039657892058915143,0.968221351795423,0.0,0.0
328,Device,DepthwiseConv2dNativeBackpropFilter,gradient_tape/xception/block10_sepconv3/separable_conv2d/DepthwiseConv2dNativeBackpropFilter,2,423.938,211.969,423.938,211.969,0.0003956242441935229,0.9686169760396165,0.0,0.0
329,Device,DepthwiseConv2dNativeBackpropFilter,gradient_tape/xception/block13_sepconv1/separable_conv2d/DepthwiseConv2dNativeBackpropFilter,2,423.938,211.969,423.938,211.969,0.0003956242441935229,0.96901260028381,0.0,0.0
330,Device,DepthwiseConv2dNativeBackpropFilter,gradient_tape/xception/block5_sepconv1/separable_conv2d/DepthwiseConv2dNativeBackpropFilter,2,423.938,211.969,423.938,211.969,0.0003956242441935229,0.9694082245280035,0.0,0.0
331,Device,DepthwiseConv2dNativeBackpropFilter,gradient_tape/xception/block7_sepconv3/separable_conv2d/DepthwiseConv2dNativeBackpropFilter,2,423.938,211.969,423.938,211.969,0.0003956242441935229,0.9698038487721969,0.0,0.0
332,Device,DepthwiseConv2dNativeBackpropFilter,gradient_tape/xception/block8_sepconv1/separable_conv2d/DepthwiseConv2dNativeBackpropFilter,2,423.938,211.969,423.938,211.969,0.0003956242441935229,0.9701994730163904,0.0,0.0
333,Device,DepthwiseConv2dNativeBackpropFilter,gradient_tape/xception/block8_sepconv2/separable_conv2d/DepthwiseConv2dNativeBackpropFilter,2,423.938,211.969,423.938,211.969,0.0003956242441935229,0.9705950972605839,0.0,0.0
334,Device,DepthwiseConv2dNativeBackpropFilter,gradient_tape/xception/block8_sepconv3/separable_conv2d/DepthwiseConv2dNativeBackpropFilter,2,423.938,211.969,423.938,211.969,0.0003956242441935229,0.9709907215047774,0.0,0.0
335,Device,DepthwiseConv2dNativeBackpropFilter,gradient_tape/xception/block9_sepconv2/separable_conv2d/DepthwiseConv2dNativeBackpropFilter,2,423.938,211.969,423.938,211.969,0.0003956242441935229,0.9713863457489709,0.0,0.0
336,Device,DepthwiseConv2dNativeBackpropFilter,gradient_tape/xception/block7_sepconv1/separable_conv2d/DepthwiseConv2dNativeBackpropFilter,2,423.937,211.9685,423.937,211.9685,0.0003956233109810149,0.9717819690599518,0.0,0.0
337,Device,DepthwiseConv2dNativeBackpropFilter,gradient_tape/xception/block11_sepconv2/separable_conv2d/DepthwiseConv2dNativeBackpropFilter,2,423.936,211.968,423.936,211.968,0.00039562237776850695,0.9721775914377203,0.0,0.0
338,Device,DepthwiseConv2dNativeBackpropFilter,gradient_tape/xception/block12_sepconv1/separable_conv2d/DepthwiseConv2dNativeBackpropFilter,2,423.936,211.968,423.936,211.968,0.00039562237776850695,0.9725732138154888,0.0,0.0
339,Device,DepthwiseConv2dNativeBackpropFilter,gradient_tape/xception/block7_sepconv2/separable_conv2d/DepthwiseConv2dNativeBackpropFilter,2,422.914,211.457,422.914,211.457,0.0003946686345853864,0.9729678824500742,0.0,0.0
340,Device,DepthwiseConv2dNativeBackpropFilter,gradient_tape/xception/block13_sepconv2/separable_conv2d/DepthwiseConv2dNativeBackpropFilter,2,421.89,210.945,421.89,210.945,0.0003937130249772499,0.9733615954750514,0.0,0.0
341,Device,DepthwiseConv2dNativeBackpropFilter,gradient_tape/xception/block12_sepconv2/separable_conv2d/DepthwiseConv2dNativeBackpropFilter,2,420.866,210.433,420.866,210.433,0.0003927574153691134,0.9737543528904206,0.0,0.0
342,Device,DepthwiseConv2dNative,xception/block6_sepconv2/separable_conv2d/depthwise,2,415.746,207.873,415.746,207.873,0.00038797936732843096,0.974142332257749,0.0,0.0
343,Device,DepthwiseConv2dNative,xception/block11_sepconv3/separable_conv2d/depthwise,2,413.698,206.849,413.698,206.849,0.00038606814811215795,0.9745284004058612,0.0,0.0
344,Device,DepthwiseConv2dNative,xception/block6_sepconv3/separable_conv2d/depthwise,2,412.674,206.337,412.674,206.337,0.0003851125385040215,0.9749135129443652,0.0,0.0
345,Device,DepthwiseConv2dNative,xception/block7_sepconv2/separable_conv2d/depthwise,2,412.674,206.337,412.674,206.337,0.0003851125385040215,0.9752986254828693,0.0,0.0
346,Device,DepthwiseConv2dNative,xception/block9_sepconv1/separable_conv2d/depthwise,2,412.672,206.336,412.672,206.336,0.0003851106720790056,0.9756837361549483,0.0,0.0
347,Device,DepthwiseConv2dNative,xception/block13_sepconv2/separable_conv2d/depthwise,2,411.65,205.825,411.65,205.825,0.000384156928895885,0.9760678930838442,0.0,0.0
348,Device,DepthwiseConv2dNative,xception/block9_sepconv3/separable_conv2d/depthwise,2,411.65,205.825,411.65,205.825,0.000384156928895885,0.9764520500127402,0.0,0.0
349,Device,DepthwiseConv2dNative,xception/block10_sepconv1/separable_conv2d/depthwise,2,410.626,205.313,410.626,205.313,0.0003832013192877485,0.9768352513320279,0.0,0.0
350,Device,DepthwiseConv2dNative,xception/block5_sepconv3/separable_conv2d/depthwise,2,410.626,205.313,410.626,205.313,0.0003832013192877485,0.9772184526513156,0.0,0.0
351,Device,DepthwiseConv2dNative,xception/block7_sepconv3/separable_conv2d/depthwise,2,410.626,205.313,410.626,205.313,0.0003832013192877485,0.9776016539706033,0.0,0.0
352,Device,DepthwiseConv2dNative,xception/block8_sepconv1/separable_conv2d/depthwise,2,410.626,205.313,410.626,205.313,0.0003832013192877485,0.977984855289891,0.0,0.0
353,Device,DepthwiseConv2dNative,xception/block8_sepconv2/separable_conv2d/depthwise,2,410.626,205.313,410.626,205.313,0.0003832013192877485,0.9783680566091787,0.0,0.0
354,Device,DepthwiseConv2dNative,xception/block8_sepconv3/separable_conv2d/depthwise,2,410.626,205.313,410.626,205.313,0.0003832013192877485,0.9787512579284664,0.0,0.0
355,Device,DepthwiseConv2dNative,xception/block11_sepconv1/separable_conv2d/depthwise,2,410.624,205.312,410.624,205.312,0.00038319945286273264,0.9791344573813291,0.0,0.0
356,Device,DepthwiseConv2dNative,xception/block5_sepconv1/separable_conv2d/depthwise,2,409.6,204.8,409.6,204.8,0.00038224384325459613,0.9795167012245837,0.0,0.0
357,Device,DepthwiseConv2dNative,xception/block10_sepconv2/separable_conv2d/depthwise,2,408.578,204.289,408.578,204.289,0.0003812901000714755,0.9798979913246552,0.0,0.0
358,Device,DepthwiseConv2dNative,xception/block10_sepconv3/separable_conv2d/depthwise,2,408.578,204.289,408.578,204.289,0.0003812901000714755,0.9802792814247266,0.0,0.0
359,Device,DepthwiseConv2dNative,xception/block11_sepconv2/separable_conv2d/depthwise,2,408.578,204.289,408.578,204.289,0.0003812901000714755,0.9806605715247981,0.0,0.0
360,Device,DepthwiseConv2dNative,xception/block12_sepconv2/separable_conv2d/depthwise,2,408.578,204.289,408.578,204.289,0.0003812901000714755,0.9810418616248696,0.0,0.0
361,Device,DepthwiseConv2dNative,xception/block9_sepconv2/separable_conv2d/depthwise,2,408.578,204.289,408.578,204.289,0.0003812901000714755,0.9814231517249411,0.0,0.0
362,Device,DepthwiseConv2dNative,xception/block7_sepconv1/separable_conv2d/depthwise,2,408.576,204.288,408.576,204.288,0.0003812882336464597,0.9818044399585876,0.0,0.0
363,Device,DepthwiseConv2dNative,xception/block12_sepconv1/separable_conv2d/depthwise,2,407.554,203.777,407.554,203.777,0.000380334490463339,0.982184774449051,0.0,0.0
364,Device,DepthwiseConv2dNative,xception/block12_sepconv3/separable_conv2d/depthwise,2,407.554,203.777,407.554,203.777,0.000380334490463339,0.9825651089395143,0.0,0.0
365,Device,DepthwiseConv2dNative,xception/block6_sepconv1/separable_conv2d/depthwise,2,407.554,203.777,407.554,203.777,0.000380334490463339,0.9829454434299777,0.0,0.0
366,Device,DepthwiseConv2dNative,xception/block13_sepconv1/separable_conv2d/depthwise,2,405.505,202.7525,405.505,202.7525,0.0003784223380345581,0.9833238657680122,0.0,0.0
367,Device,DepthwiseConv2dNative,xception/block5_sepconv2/separable_conv2d/depthwise,2,405.505,202.7525,405.505,202.7525,0.0003784223380345581,0.9837022881060468,0.0,0.0
368,Device,Relu,xception/block11_sepconv2_act/Relu,2,399.362,199.681,399.362,199.681,0.00037268961359824713,0.984074977719645,0.0,0.0
369,Device,Relu,xception/block5_sepconv2_act/Relu,2,398.338,199.169,398.338,199.169,0.0003717340039901106,0.9844467117236352,0.0,0.0
370,Device,Relu,xception/block13_sepconv1_act/Relu,2,396.29,198.145,396.29,198.145,0.00036982278477383767,0.984816534508409,0.0,0.0
371,Device,Relu,xception/block8_sepconv2_act/Relu,2,396.288,198.144,396.288,198.144,0.00036982091834882177,0.9851863554267578,0.0,0.0
372,Device,Relu,xception/block11_sepconv3_act/Relu,2,395.266,197.633,395.266,197.633,0.00036886717516570116,0.9855552226019235,0.0,0.0
373,Device,Relu,xception/block6_sepconv1_act/Relu,2,395.266,197.633,395.266,197.633,0.00036886717516570116,0.9859240897770892,0.0,0.0
374,Device,Relu,xception/block7_sepconv1_act/Relu,2,395.266,197.633,395.266,197.633,0.00036886717516570116,0.9862929569522549,0.0,0.0
375,Device,Relu,xception/block7_sepconv2_act/Relu,2,395.266,197.633,395.266,197.633,0.00036886717516570116,0.9866618241274207,0.0,0.0
376,Device,Relu,xception/block7_sepconv3_act/Relu,2,395.266,197.633,395.266,197.633,0.00036886717516570116,0.9870306913025864,0.0,0.0
377,Device,Relu,xception/block8_sepconv1_act/Relu,2,395.266,197.633,395.266,197.633,0.00036886717516570116,0.9873995584777521,0.0,0.0
378,Device,Relu,xception/block10_sepconv2_act/Relu,2,395.264,197.632,395.264,197.632,0.00036886530874068527,0.9877684237864928,0.0,0.0
379,Device,Relu,xception/block10_sepconv3_act/Relu,2,395.264,197.632,395.264,197.632,0.00036886530874068527,0.9881372890952335,0.0,0.0
380,Device,Relu,xception/block12_sepconv2_act/Relu,2,395.264,197.632,395.264,197.632,0.00036886530874068527,0.9885061544039742,0.0,0.0
381,Device,Relu,xception/block6_sepconv3_act/Relu,2,395.264,197.632,395.264,197.632,0.00036886530874068527,0.9888750197127149,0.0,0.0
382,Device,Relu,xception/block10_sepconv1_act/Relu,2,394.242,197.121,394.242,197.121,0.00036791156555756466,0.9892429312782725,0.0,0.0
383,Device,Relu,xception/block12_sepconv1_act/Relu,2,394.242,197.121,394.242,197.121,0.00036791156555756466,0.98961084284383,0.0,0.0
384,Device,Relu,xception/block5_sepconv1_act/Relu,2,394.242,197.121,394.242,197.121,0.00036791156555756466,0.9899787544093877,0.0,0.0
385,Device,Relu,xception/block9_sepconv1_act/Relu,2,394.242,197.121,394.242,197.121,0.00036791156555756466,0.9903466659749453,0.0,0.0
386,Device,Relu,xception/block9_sepconv3_act/Relu,2,394.242,197.121,394.242,197.121,0.00036791156555756466,0.9907145775405028,0.0,0.0
387,Device,Relu,xception/block12_sepconv3_act/Relu,2,394.24,197.12,394.24,197.12,0.00036790969913254876,0.9910824872396354,0.0,0.0
388,Device,Relu,xception/block13_sepconv2_act/Relu,2,393.218,196.609,393.218,196.609,0.0003669559559494282,0.9914494431955848,0.0,0.0
389,Device,Relu,xception/block9_sepconv2_act/Relu,2,393.218,196.609,393.218,196.609,0.0003669559559494282,0.9918163991515342,0.0,0.0
390,Device,Relu,xception/block6_sepconv2_act/Relu,2,393.217,196.6085,393.217,196.6085,0.00036695502273692023,0.9921833541742711,0.0,0.0
391,Device,Relu,xception/block8_sepconv3_act/Relu,2,393.216,196.608,393.216,196.608,0.0003669540895244123,0.9925503082637954,0.0,0.0
392,Device,Relu,xception/block11_sepconv1_act/Relu,2,392.194,196.097,392.194,196.097,0.0003660003463412917,0.9929163086101367,0.0,0.0
393,Device,Relu,xception/block5_sepconv3_act/Relu,2,392.194,196.097,392.194,196.097,0.0003660003463412917,0.993282308956478,0.0,0.0
394,Device,DepthwiseConv2dNativeBackpropInput,gradient_tape/xception/block14_sepconv2/separable_conv2d/DepthwiseConv2dNativeBackpropInput,2,384.001,192.0005,384.001,192.0005,0.0003583545362636918,0.9936406634927416,0.0,0.0
395,Device,MaxPool,xception/block13_pool/MaxPool,2,376.832,188.416,376.832,188.416,0.00035166433579422843,0.9939923278285359,0.0,0.0
396,Device,ReluGrad,gradient_tape/xception/block14_sepconv1_act/ReluGrad,2,331.778,165.889,331.778,165.889,0.00030961937946123876,0.9943019472079971,0.0,0.0
397,Device,FusedBatchNormV3,xception/block14_sepconv1_bn/FusedBatchNormV3,4,314.368,78.592,314.368,78.592,0.00029337214969790253,0.9945953193576951,0.0,0.0
398,Device,DepthwiseConv2dNative,xception/block14_sepconv2/separable_conv2d/depthwise,2,312.32,156.16,312.32,156.16,0.0002914609304816295,0.9948867802881767,0.0,0.0
399,Device,FusedBatchNormV3,xception/block14_sepconv2_bn/FusedBatchNormV3,4,305.154,76.2885,305.154,76.2885,0.00028477352964969,0.9951715538178264,0.0,0.0
400,Device,Transpose,xception/block14_sepconv2_act/Relu-0-0-TransposeNCHWToNHWC-LayoutOptimizer,2,285.698,142.849,285.698,142.849,0.0002666169470950967,0.9954381707649215,0.0,0.0
401,Device,RealDiv,gradient_tape/xception/avg_pool/truediv,2,277.506,138.753,277.506,138.753,0.00025897207023000475,0.9956971428351514,0.0,0.0
402,Device,Transpose,gradient_tape/xception/block14_sepconv2_act/ReluGrad-0-TransposeNHWCToNCHW-LayoutOptimizer,2,276.48,138.24,276.48,138.24,0.0002580145941968524,0.9959551574293483,0.0,0.0
403,Device,Relu,xception/block14_sepconv2_act/Relu,2,276.48,138.24,276.48,138.24,0.0002580145941968524,0.9962131720235451,0.0,0.0
404,Device,DepthwiseConv2dNativeBackpropInput,gradient_tape/xception/block14_sepconv1/separable_conv2d/DepthwiseConv2dNativeBackpropInput,2,261.12,130.56,261.12,130.56,0.00024368045007480503,0.9964568524736199,0.0,0.0
405,Device,Mean,xception/avg_pool/Mean,2,246.784,123.392,246.784,123.392,0.00023030191556089416,0.9966871543891809,0.0,0.0
406,Device,FusedBatchNormGradV3,gradient_tape/xception/batch_normalization_3/FusedBatchNormGradV3,2,232.449,116.2245,232.449,116.2245,0.00021692431425949127,0.9969040787034403,0.0,0.0
407,Device,DepthwiseConv2dNative,xception/block14_sepconv1/separable_conv2d/depthwise,2,211.968,105.984,211.968,105.984,0.00019781118888425347,0.9971018898923246,0.0,0.0
408,Device,Relu,xception/block14_sepconv1_act/Relu,2,207.874,103.937,207.874,103.937,0.00019399061687672343,0.9972958805092014,0.0,0.0
409,Device,AddV2,xception/add_11/add,2,204.802,102.401,204.802,102.401,0.00019112378805231394,0.9974870042972537,0.0,0.0
410,Device,ResourceApplyGradientDescent,SGD/SGD/update_151/ResourceApplyGradientDescent,2,162.816,81.408,162.816,81.408,0.00015194192769370197,0.9976389462249474,0.0,0.0
411,Device,FusedBatchNormV3,xception/batch_normalization_3/FusedBatchNormV3,4,161.794,40.4485,161.794,40.4485,0.00015098818451058136,0.997789934409458,0.0,0.0
412,Device,BroadcastTo,gradient_tape/xception/avg_pool/BroadcastTo,2,159.744,79.872,159.744,79.872,0.00014907509886929248,0.9979390095083273,0.0,0.0
413,Device,SoftmaxCrossEntropyWithLogits,categorical_crossentropy/softmax_cross_entropy_with_logits,2,144.386,72.193,144.386,72.193,0.00013474282117226103,0.9980737523294995,0.0,0.0
414,Device,ResourceApplyGradientDescent,SGD/SGD/update_147/ResourceApplyGradientDescent,2,83.968,41.984,83.968,41.984,7.835998786719221e-05,0.9981521123173667,0.0,0.0
415,Device,MatMul,xception/predictions/MatMul,2,46.08,23.04,46.08,23.04,4.300243236614206e-05,0.9981951147497328,0.0,0.0
416,Device,ResourceApplyGradientDescent,SGD/SGD/update_143/ResourceApplyGradientDescent,2,44.032,22.016,44.032,22.016,4.109121314986908e-05,0.9982362059628827,0.0,0.0
417,Device,ResourceApplyGradientDescent,SGD/SGD/update_140/ResourceApplyGradientDescent,2,41.984,20.992,41.984,20.992,3.9179993933596105e-05,0.9982753859568162,0.0,0.0
418,Device,ArgMax,ArgMax,2,33.792,16.896,33.792,16.896,3.1535117068504185e-05,0.9983069210738847,0.0,0.0
419,Device,ResourceApplyGradientDescent,SGD/SGD/update_33/ResourceApplyGradientDescent,2,32.768,16.384,32.768,16.384,3.057950746036769e-05,0.9983375005813451,0.0,0.0
420,Device,MatMul,gradient_tape/xception/predictions/MatMul/MatMul,2,30.72,15.36,30.72,15.36,2.8668288244094707e-05,0.9983661688695892,0.0,0.0
421,Device,ResourceApplyGradientDescent,SGD/SGD/update_88/ResourceApplyGradientDescent,2,26.625,13.3125,26.625,13.3125,2.4846783024056695e-05,0.9983910156526132,0.0,0.0
422,Device,ResourceApplyGradientDescent,SGD/SGD/update_112/ResourceApplyGradientDescent,2,26.624,13.312,26.624,13.312,2.4845849811548747e-05,0.9984158615024248,0.0,0.0
423,Device,ResourceApplyGradientDescent,SGD/SGD/update_108/ResourceApplyGradientDescent,2,25.6,12.8,25.6,12.8,2.389024020341226e-05,0.9984397517426282,0.0,0.0
424,Device,ResourceApplyGradientDescent,SGD/SGD/update_136/ResourceApplyGradientDescent,2,25.6,12.8,25.6,12.8,2.389024020341226e-05,0.9984636419828317,0.0,0.0
425,Device,ResourceApplyGradientDescent,SGD/SGD/update_40/ResourceApplyGradientDescent,2,25.6,12.8,25.6,12.8,2.389024020341226e-05,0.9984875322230351,0.0,0.0
426,Device,ResourceApplyGradientDescent,SGD/SGD/update_48/ResourceApplyGradientDescent,2,25.6,12.8,25.6,12.8,2.389024020341226e-05,0.9985114224632385,0.0,0.0
427,Device,ResourceApplyGradientDescent,SGD/SGD/update_56/ResourceApplyGradientDescent,2,25.6,12.8,25.6,12.8,2.389024020341226e-05,0.998535312703442,0.0,0.0
428,Device,ResourceApplyGradientDescent,SGD/SGD/update_116/ResourceApplyGradientDescent,2,24.577,12.2885,24.577,12.2885,2.2935563807783714e-05,0.9985582482672498,0.0,0.0
429,Device,MatMul,gradient_tape/xception/predictions/MatMul/MatMul_1,2,24.577,12.2885,24.577,12.2885,2.2935563807783714e-05,0.9985811838310577,0.0,0.0
430,Device,ResourceApplyGradientDescent,SGD/SGD/update_100/ResourceApplyGradientDescent,2,24.576,12.288,24.576,12.288,2.293463059527577e-05,0.998604118461653,0.0,0.0
431,Device,ResourceApplyGradientDescent,SGD/SGD/update_104/ResourceApplyGradientDescent,2,24.576,12.288,24.576,12.288,2.293463059527577e-05,0.9986270530922483,0.0,0.0
432,Device,ResourceApplyGradientDescent,SGD/SGD/update_120/ResourceApplyGradientDescent,2,24.576,12.288,24.576,12.288,2.293463059527577e-05,0.9986499877228436,0.0,0.0
433,Device,ResourceApplyGradientDescent,SGD/SGD/update_124/ResourceApplyGradientDescent,2,24.576,12.288,24.576,12.288,2.293463059527577e-05,0.998672922353439,0.0,0.0
434,Device,ResourceApplyGradientDescent,SGD/SGD/update_128/ResourceApplyGradientDescent,2,24.576,12.288,24.576,12.288,2.293463059527577e-05,0.9986958569840343,0.0,0.0
435,Device,ResourceApplyGradientDescent,SGD/SGD/update_132/ResourceApplyGradientDescent,2,24.576,12.288,24.576,12.288,2.293463059527577e-05,0.9987187916146296,0.0,0.0
436,Device,ResourceApplyGradientDescent,SGD/SGD/update_60/ResourceApplyGradientDescent,2,24.576,12.288,24.576,12.288,2.293463059527577e-05,0.998741726245225,0.0,0.0
437,Device,ResourceApplyGradientDescent,SGD/SGD/update_68/ResourceApplyGradientDescent,2,24.576,12.288,24.576,12.288,2.293463059527577e-05,0.9987646608758203,0.0,0.0
438,Device,ResourceApplyGradientDescent,SGD/SGD/update_72/ResourceApplyGradientDescent,2,24.576,12.288,24.576,12.288,2.293463059527577e-05,0.9987875955064156,0.0,0.0
439,Device,ResourceApplyGradientDescent,SGD/SGD/update_76/ResourceApplyGradientDescent,2,24.576,12.288,24.576,12.288,2.293463059527577e-05,0.9988105301370109,0.0,0.0
440,Device,ResourceApplyGradientDescent,SGD/SGD/update_80/ResourceApplyGradientDescent,2,24.576,12.288,24.576,12.288,2.293463059527577e-05,0.9988334647676063,0.0,0.0
441,Device,ResourceApplyGradientDescent,SGD/SGD/update_84/ResourceApplyGradientDescent,2,24.576,12.288,24.576,12.288,2.293463059527577e-05,0.9988563993982016,0.0,0.0
442,Device,ResourceApplyGradientDescent,SGD/SGD/update_44/ResourceApplyGradientDescent,2,23.552,11.776,23.552,11.776,2.1979020987139277e-05,0.9988783784191887,0.0,0.0
443,Device,ResourceApplyGradientDescent,SGD/SGD/update_52/ResourceApplyGradientDescent,2,23.552,11.776,23.552,11.776,2.1979020987139277e-05,0.9989003574401758,0.0,0.0
444,Device,ResourceApplyGradientDescent,SGD/SGD/update_64/ResourceApplyGradientDescent,2,23.552,11.776,23.552,11.776,2.1979020987139277e-05,0.9989223364611629,0.0,0.0
445,Device,ResourceApplyGradientDescent,SGD/SGD/update_96/ResourceApplyGradientDescent,2,23.552,11.776,23.552,11.776,2.1979020987139277e-05,0.99894431548215,0.0,0.0
446,Device,ResourceApplyGradientDescent,SGD/SGD/update_92/ResourceApplyGradientDescent,2,22.528,11.264,22.528,11.264,2.1023411379002784e-05,0.998965338893529,0.0,0.0
447,Device,ArgMax,ArgMax_1,2,20.48,10.24,20.48,10.24,1.9112192162729806e-05,0.9989844510856918,0.0,0.0
448,Device,Softmax,xception/predictions/Softmax,2,20.48,10.24,20.48,10.24,1.9112192162729806e-05,0.9990035632778546,0.0,0.0
449,Device,_Recv,IteratorGetNext/_4,2,18.496,9.248,18.496,9.248,1.7260698546965356e-05,0.9990208239764016,0.0,0.0
450,Device,ResourceApplyGradientDescent,SGD/SGD/update_36/ResourceApplyGradientDescent,2,16.385,8.1925,16.385,8.1925,1.529068694269179e-05,0.9990361146633443,0.0,0.0
451,Device,ResourceApplyGradientDescent,SGD/SGD/update_29/ResourceApplyGradientDescent,2,12.288,6.144,12.288,6.144,1.1467315297637885e-05,0.999047581978642,0.0,0.0
452,Device,ResourceApplyGradientDescent,SGD/SGD/update_154/ResourceApplyGradientDescent,2,10.24,5.12,10.24,5.12,9.556096081364903e-06,0.9990571380747233,0.0,0.0
453,Device,ResourceApplyGradientDescent,SGD/SGD/update_22/ResourceApplyGradientDescent,2,10.24,5.12,10.24,5.12,9.556096081364903e-06,0.9990666941708046,0.0,0.0
454,Device,DynamicStitch,gradient_tape/xception/avg_pool/DynamicStitch,2,10.24,5.12,10.24,5.12,9.556096081364903e-06,0.999076250266886,0.0,0.0
455,Device,ResourceApplyGradientDescent,SGD/SGD/update_57/ResourceApplyGradientDescent,2,8.193,4.0965,8.193,4.0965,7.645810077599868e-06,0.9990838960769636,0.0,0.0
456,Device,ResourceApplyGradientDescent,SGD/SGD/update_11/ResourceApplyGradientDescent,2,8.192,4.096,8.192,4.096,7.644876865091923e-06,0.9990915409538287,0.0,0.0
457,Device,ResourceApplyGradientDescent,SGD/SGD/update_115/ResourceApplyGradientDescent,2,8.192,4.096,8.192,4.096,7.644876865091923e-06,0.9990991858306938,0.0,0.0
458,Device,ResourceApplyGradientDescent,SGD/SGD/update_119/ResourceApplyGradientDescent,2,8.192,4.096,8.192,4.096,7.644876865091923e-06,0.9991068307075589,0.0,0.0
459,Device,ResourceApplyGradientDescent,SGD/SGD/update_123/ResourceApplyGradientDescent,2,8.192,4.096,8.192,4.096,7.644876865091923e-06,0.999114475584424,0.0,0.0
460,Device,ResourceApplyGradientDescent,SGD/SGD/update_131/ResourceApplyGradientDescent,2,8.192,4.096,8.192,4.096,7.644876865091923e-06,0.9991221204612891,0.0,0.0
461,Device,ResourceApplyGradientDescent,SGD/SGD/update_135/ResourceApplyGradientDescent,2,8.192,4.096,8.192,4.096,7.644876865091923e-06,0.9991297653381542,0.0,0.0
462,Device,ResourceApplyGradientDescent,SGD/SGD/update_14/ResourceApplyGradientDescent,2,8.192,4.096,8.192,4.096,7.644876865091923e-06,0.9991374102150193,0.0,0.0
463,Device,ResourceApplyGradientDescent,SGD/SGD/update_144/ResourceApplyGradientDescent,2,8.192,4.096,8.192,4.096,7.644876865091923e-06,0.9991450550918844,0.0,0.0
464,Device,ResourceApplyGradientDescent,SGD/SGD/update_146/ResourceApplyGradientDescent,2,8.192,4.096,8.192,4.096,7.644876865091923e-06,0.9991526999687496,0.0,0.0
465,Device,ResourceApplyGradientDescent,SGD/SGD/update_150/ResourceApplyGradientDescent,2,8.192,4.096,8.192,4.096,7.644876865091923e-06,0.9991603448456147,0.0,0.0
466,Device,ResourceApplyGradientDescent,SGD/SGD/update_25/ResourceApplyGradientDescent,2,8.192,4.096,8.192,4.096,7.644876865091923e-06,0.9991679897224798,0.0,0.0
467,Device,ResourceApplyGradientDescent,SGD/SGD/update_28/ResourceApplyGradientDescent,2,8.192,4.096,8.192,4.096,7.644876865091923e-06,0.9991756345993449,0.0,0.0
468,Device,ResourceApplyGradientDescent,SGD/SGD/update_3/ResourceApplyGradientDescent,2,8.192,4.096,8.192,4.096,7.644876865091923e-06,0.99918327947621,0.0,0.0
469,Device,ResourceApplyGradientDescent,SGD/SGD/update_43/ResourceApplyGradientDescent,2,8.192,4.096,8.192,4.096,7.644876865091923e-06,0.9991909243530751,0.0,0.0
470,Device,ResourceApplyGradientDescent,SGD/SGD/update_63/ResourceApplyGradientDescent,2,8.192,4.096,8.192,4.096,7.644876865091923e-06,0.9991985692299402,0.0,0.0
471,Device,ResourceApplyGradientDescent,SGD/SGD/update_75/ResourceApplyGradientDescent,2,8.192,4.096,8.192,4.096,7.644876865091923e-06,0.9992062141068053,0.0,0.0
472,Device,ResourceApplyGradientDescent,SGD/SGD/update_8/ResourceApplyGradientDescent,2,8.192,4.096,8.192,4.096,7.644876865091923e-06,0.9992138589836704,0.0,0.0
473,Device,ResourceApplyGradientDescent,SGD/SGD/update_83/ResourceApplyGradientDescent,2,8.192,4.096,8.192,4.096,7.644876865091923e-06,0.9992215038605355,0.0,0.0
474,Device,ResourceApplyGradientDescent,SGD/SGD/update_89/ResourceApplyGradientDescent,2,8.192,4.096,8.192,4.096,7.644876865091923e-06,0.9992291487374007,0.0,0.0
475,Device,ResourceApplyGradientDescent,SGD/SGD/update_107/ResourceApplyGradientDescent,2,7.169,3.5845,7.169,3.5845,6.690200469463378e-06,0.9992358389378702,0.0,0.0
476,Device,ResourceApplyGradientDescent,SGD/SGD/update_149/ResourceApplyGradientDescent,2,7.169,3.5845,7.169,3.5845,6.690200469463378e-06,0.9992425291383397,0.0,0.0
477,Device,ResourceApplyGradientDescent,SGD/SGD/update_10/ResourceApplyGradientDescent,2,7.168,3.584,7.168,3.584,6.689267256955432e-06,0.9992492184055967,0.0,0.0
478,Device,ResourceApplyGradientDescent,SGD/SGD/update_103/ResourceApplyGradientDescent,2,7.168,3.584,7.168,3.584,6.689267256955432e-06,0.9992559076728537,0.0,0.0
479,Device,ResourceApplyGradientDescent,SGD/SGD/update_105/ResourceApplyGradientDescent,2,7.168,3.584,7.168,3.584,6.689267256955432e-06,0.9992625969401107,0.0,0.0
480,Device,ResourceApplyGradientDescent,SGD/SGD/update_111/ResourceApplyGradientDescent,2,7.168,3.584,7.168,3.584,6.689267256955432e-06,0.9992692862073677,0.0,0.0
481,Device,ResourceApplyGradientDescent,SGD/SGD/update_117/ResourceApplyGradientDescent,2,7.168,3.584,7.168,3.584,6.689267256955432e-06,0.9992759754746247,0.0,0.0
482,Device,ResourceApplyGradientDescent,SGD/SGD/update_125/ResourceApplyGradientDescent,2,7.168,3.584,7.168,3.584,6.689267256955432e-06,0.9992826647418817,0.0,0.0
483,Device,ResourceApplyGradientDescent,SGD/SGD/update_129/ResourceApplyGradientDescent,2,7.168,3.584,7.168,3.584,6.689267256955432e-06,0.9992893540091387,0.0,0.0
484,Device,ResourceApplyGradientDescent,SGD/SGD/update_137/ResourceApplyGradientDescent,2,7.168,3.584,7.168,3.584,6.689267256955432e-06,0.9992960432763957,0.0,0.0
485,Device,ResourceApplyGradientDescent,SGD/SGD/update_139/ResourceApplyGradientDescent,2,7.168,3.584,7.168,3.584,6.689267256955432e-06,0.9993027325436526,0.0,0.0
486,Device,ResourceApplyGradientDescent,SGD/SGD/update_141/ResourceApplyGradientDescent,2,7.168,3.584,7.168,3.584,6.689267256955432e-06,0.9993094218109096,0.0,0.0
487,Device,ResourceApplyGradientDescent,SGD/SGD/update_142/ResourceApplyGradientDescent,2,7.168,3.584,7.168,3.584,6.689267256955432e-06,0.9993161110781666,0.0,0.0
488,Device,ResourceApplyGradientDescent,SGD/SGD/update_152/ResourceApplyGradientDescent,2,7.168,3.584,7.168,3.584,6.689267256955432e-06,0.9993228003454236,0.0,0.0
489,Device,ResourceApplyGradientDescent,SGD/SGD/update_17/ResourceApplyGradientDescent,2,7.168,3.584,7.168,3.584,6.689267256955432e-06,0.9993294896126806,0.0,0.0
490,Device,ResourceApplyGradientDescent,SGD/SGD/update_18/ResourceApplyGradientDescent,2,7.168,3.584,7.168,3.584,6.689267256955432e-06,0.9993361788799376,0.0,0.0
491,Device,ResourceApplyGradientDescent,SGD/SGD/update_19/ResourceApplyGradientDescent,2,7.168,3.584,7.168,3.584,6.689267256955432e-06,0.9993428681471946,0.0,0.0
492,Device,ResourceApplyGradientDescent,SGD/SGD/update_21/ResourceApplyGradientDescent,2,7.168,3.584,7.168,3.584,6.689267256955432e-06,0.9993495574144516,0.0,0.0
493,Device,ResourceApplyGradientDescent,SGD/SGD/update_23/ResourceApplyGradientDescent,2,7.168,3.584,7.168,3.584,6.689267256955432e-06,0.9993562466817086,0.0,0.0
494,Device,ResourceApplyGradientDescent,SGD/SGD/update_26/ResourceApplyGradientDescent,2,7.168,3.584,7.168,3.584,6.689267256955432e-06,0.9993629359489656,0.0,0.0
495,Device,ResourceApplyGradientDescent,SGD/SGD/update_32/ResourceApplyGradientDescent,2,7.168,3.584,7.168,3.584,6.689267256955432e-06,0.9993696252162226,0.0,0.0
496,Device,ResourceApplyGradientDescent,SGD/SGD/update_34/ResourceApplyGradientDescent,2,7.168,3.584,7.168,3.584,6.689267256955432e-06,0.9993763144834796,0.0,0.0
497,Device,ResourceApplyGradientDescent,SGD/SGD/update_37/ResourceApplyGradientDescent,2,7.168,3.584,7.168,3.584,6.689267256955432e-06,0.9993830037507366,0.0,0.0
498,Device,ResourceApplyGradientDescent,SGD/SGD/update_38/ResourceApplyGradientDescent,2,7.168,3.584,7.168,3.584,6.689267256955432e-06,0.9993896930179936,0.0,0.0
499,Device,ResourceApplyGradientDescent,SGD/SGD/update_39/ResourceApplyGradientDescent,2,7.168,3.584,7.168,3.584,6.689267256955432e-06,0.9993963822852506,0.0,0.0
500,Device,ResourceApplyGradientDescent,SGD/SGD/update_41/ResourceApplyGradientDescent,2,7.168,3.584,7.168,3.584,6.689267256955432e-06,0.9994030715525076,0.0,0.0
501,Host,IDLE,IDLE,0,4279658.889,0.0,4279658.889,0.0,0.0,0.0,0.9932692189350577,0.9932692189350577
502,Host,GatherV2,GatherV2,2,28493.656,14246.828,28493.656,14246.828,0.0,0.0,0.006613113842429935,0.9998823327774876
503,Host,GatherV2,GatherV2_1,2,93.932,46.966,93.932,46.966,0.0,0.0,2.180074783829526e-05,0.9999041335253259
504,Host,Dataset,Iterator::Root::ParallelMapV2,2,71.161,35.5805,71.161,35.5805,0.0,0.0,1.6515809489001926e-05,0.999920649334815
505,Host,Dataset,Iterator::Root::ParallelMapV2::Zip[1]::ForeverRepeat,2,68.981,34.4905,63.051,31.5255,0.0,0.0,1.4633553548868908e-05,0.9999352828883639
506,Host,Dataset,Iterator::Root,2,113.311,56.6555,42.15,21.075,0.0,0.0,9.782624892306617e-06,0.9999450655132561
507,Host,FlushSummaryWriter,FlushSummaryWriter,1,40.26,40.26,40.26,40.26,0.0,0.0,9.343973384680055e-06,0.9999544094866408
508,Host,IteratorGetNext,IteratorGetNext,2,40.07,20.035,40.07,20.035,0.0,0.0,9.299876143172625e-06,0.999963709362784
509,Host,LogicalAnd,LogicalAnd,1,31.661,31.661,31.661,31.661,0.0,0.0,7.3482250703515965e-06,0.9999710575878543
510,Host,Dataset,Iterator::Root::ParallelMapV2::Zip[0]::FlatMap[1]::Concatenate[0]::TensorSlice,2,28.122,14.061,28.122,14.061,0.0,0.0,6.526855924589482e-06,0.9999775844437789
511,Host,WriteSummary,WriteSummary,1,26.05,26.05,26.05,26.05,0.0,0.0,6.045963901413698e-06,0.9999836304076803
512,Host,Dataset,Iterator::Root::ParallelMapV2::Zip[0]::FlatMap[1]::Concatenate,2,46.852,23.426,18.73,9.365,0.0,0.0,4.347059649653687e-06,0.99998797746733
513,Host,Dataset,Iterator::Root::ParallelMapV2::Zip,2,133.443,66.7215,12.46,6.23,0.0,0.0,2.891850679908433e-06,0.99999086931801
514,Host,ReadVariableOp,ReadVariableOp,1,10.14,10.14,10.14,10.14,0.0,0.0,2.353400152028211e-06,0.9999932227181619
515,Host,_Send,IteratorGetNext/_1,2,6.21,3.105,6.21,3.105,0.0,0.0,1.4412835250586972e-06,0.999994664001687
516,Host,Dataset,Iterator::Root::ParallelMapV2::Zip[1]::ForeverRepeat::FromTensor,4,5.93,1.4825,5.93,1.4825,0.0,0.0,1.376298116521429e-06,0.9999960402998035
517,Host,Dataset,Iterator::Root::ParallelMapV2::Zip[0]::FlatMap,2,52.002,26.001,5.15,2.575,0.0,0.0,1.1952673355961822e-06,0.999997235567139
518,Host,_Send,IteratorGetNext/_3,2,3.741,1.8705,3.741,1.8705,0.0,0.0,8.682514762068577e-07,0.9999981038186152
519,Host,Identity,Identity,2,3.57,1.785,3.57,1.785,0.0,0.0,8.285639588501689e-07,0.9999989323825741
520,Host,_HostSend,categorical_crossentropy/softmax_cross_entropy_with_logits/Shape_2/_9,2,3.02,1.51,3.02,1.51,0.0,0.0,7.009140492233922e-07,0.9999996332966233
521,Host,_Send,IteratorGetNext/_6,2,1.58,0.79,1.58,0.79,0.0,0.0,3.667033767460132e-07,1.0
