Rank,Host/device,Type,Operation,#Occurrences,Total time (us),Avg. time (us),Total self-time (us),Avg. self-time (us),Total self-time on Device (%),Cumulative total-self time on Device (%),Total self-time on Host (%),Cumulative total-self time on Host (%)
1,Device,IDLE,IDLE,0,4521.493,0.0,4521.493,0.0,0.15230517429798793,0.15230517429798793,0.0,0.0
2,Device,Conv2DBackpropFilter,gradient_tape/sequential/conv2d_1/Conv2D/Conv2DBackpropFilter,2,1603.592,801.796,1603.592,801.796,0.05401652928863521,0.20632170358662313,0.0,0.0
3,Device,Conv2DBackpropFilter,gradient_tape/sequential/conv2d_7/Conv2D/Conv2DBackpropFilter,2,1157.126,578.563,1157.126,578.563,0.038977452163418934,0.24529915575004207,0.0,0.0
4,Device,Conv2DBackpropFilter,gradient_tape/sequential/conv2d_3/Conv2D/Conv2DBackpropFilter,2,1025.029,512.5145,1025.029,512.5145,0.034527803206925736,0.2798269589569678,0.0,0.0
5,Device,ResourceApplyGradientDescent,SGD/SGD/update_22/ResourceApplyGradientDescent,2,837.636,418.818,837.636,418.818,0.02821552460177853,0.3080424835587463,0.0,0.0
6,Device,_FusedConv2D,sequential/conv2d_1/Relu,2,815.108,407.554,815.108,407.554,0.02745667548566023,0.3354991590444065,0.0,0.0
7,Device,Conv2DBackpropInput,gradient_tape/sequential/conv2d_1/Conv2D/Conv2DBackpropInput,2,805.893,402.9465,805.893,402.9465,0.0271462708955932,0.3626454299399997,0.0,0.0
8,Device,Conv2DBackpropFilter,gradient_tape/sequential/conv2d_8/Conv2D/Conv2DBackpropFilter,2,768.004,384.002,768.004,384.002,0.025869990970140155,0.38851542091013985,0.0,0.0
9,Device,Conv2DBackpropFilter,gradient_tape/sequential/conv2d_9/Conv2D/Conv2DBackpropFilter,2,765.956,382.978,765.956,382.978,0.025801004686856675,0.41431642559699655,0.0,0.0
10,Device,_FusedConv2D,sequential/conv2d_7/Relu,2,735.236,367.618,735.236,367.618,0.02476621043760445,0.439082636034601,0.0,0.0
11,Device,Conv2DBackpropInput,gradient_tape/sequential/conv2d_7/Conv2D/Conv2DBackpropInput,2,701.444,350.722,701.444,350.722,0.023627936763427,0.462710572798028,0.0,0.0
12,Device,Conv2DBackpropFilter,gradient_tape/sequential/conv2d_2/Conv2D/Conv2DBackpropFilter,4,692.228,173.057,692.228,173.057,0.023317498488651334,0.48602807128667935,0.0,0.0
13,Device,_FusedConv2D,sequential/conv2d_3/Relu,2,634.884,317.442,634.884,317.442,0.021385882556713847,0.5074139538433932,0.0,0.0
14,Device,Conv2DBackpropInput,gradient_tape/sequential/conv2d_3/Conv2D/Conv2DBackpropInput,2,633.86,316.93,633.86,316.93,0.021351389415072107,0.5287653432584652,0.0,0.0
15,Device,Conv2DBackpropFilter,gradient_tape/sequential/conv2d_5/Conv2D/Conv2DBackpropFilter,2,621.571,310.7855,621.571,310.7855,0.020937438030662583,0.5497027812891279,0.0,0.0
16,Device,_FusedConv2D,sequential/conv2d_5/Relu,2,615.426,307.713,615.426,307.713,0.020730445496103506,0.5704332267852313,0.0,0.0
17,Device,Conv2DBackpropInput,gradient_tape/sequential/conv2d_5/Conv2D/Conv2DBackpropInput,2,603.14,301.57,603.14,301.57,0.020316595165819882,0.5907498219510512,0.0,0.0
18,Device,_FusedConv2D,sequential/conv2d_8/Relu,4,463.875,115.96875,463.875,115.96875,0.015625494217834497,0.6063753161688857,0.0,0.0
19,Device,Conv2DBackpropFilter,gradient_tape/sequential/conv2d_6/Conv2D/Conv2DBackpropFilter,2,459.779,229.8895,459.779,229.8895,0.015487521651267534,0.6218628378201533,0.0,0.0
20,Device,_FusedConv2D,sequential/conv2d_9/Relu,4,448.514,112.1285,448.514,112.1285,0.01510806340849975,0.6369709012286531,0.0,0.0
21,Device,ReluGrad,gradient_tape/sequential/conv2d_1/ReluGrad,2,438.275,219.1375,438.275,219.1375,0.014763165676790976,0.651734066905444,0.0,0.0
22,Device,Conv2DBackpropInput,gradient_tape/sequential/conv2d_8/Conv2D/Conv2DBackpropInput,4,434.178,108.5445,434.178,108.5445,0.014625159425515379,0.6663592263309593,0.0,0.0
23,Device,Conv2DBackpropInput,gradient_tape/sequential/conv2d_9/Conv2D/Conv2DBackpropInput,4,434.178,108.5445,434.178,108.5445,0.014625159425515379,0.6809843857564747,0.0,0.0
24,Device,_FusedConv2D,sequential/conv2d_6/Relu,2,422.914,211.457,422.914,211.457,0.014245734867456228,0.6952301206239309,0.0,0.0
25,Device,ReluGrad,gradient_tape/sequential/conv2d/ReluGrad,2,421.89,210.945,421.89,210.945,0.014211241725814488,0.7094413623497453,0.0,0.0
26,Device,ResourceApplyGradientDescent,SGD/SGD/update_20/ResourceApplyGradientDescent,2,412.674,206.337,412.674,206.337,0.01390080345103882,0.7233421658007841,0.0,0.0
27,Device,Conv2DBackpropFilter,gradient_tape/sequential/conv2d_4/Conv2D/Conv2DBackpropFilter,2,400.386,200.193,400.386,200.193,0.013486885751337932,0.7368290515521221,0.0,0.0
28,Device,Conv2DBackpropInput,gradient_tape/sequential/conv2d_6/Conv2D/Conv2DBackpropInput,2,395.266,197.633,395.266,197.633,0.013314420043129228,0.7501434715952513,0.0,0.0
29,Device,Conv2DBackpropFilter,gradient_tape/sequential/conv2d/Conv2D/Conv2DBackpropFilter,2,384.002,192.001,384.002,192.001,0.012934995485070077,0.7630784670803213,0.0,0.0
30,Device,Conv2DBackpropInput,gradient_tape/sequential/conv2d_4/Conv2D/Conv2DBackpropInput,2,369.666,184.833,369.666,184.833,0.012452091502085707,0.775530558582407,0.0,0.0
31,Device,_FusedConv2D,sequential/conv2d_2/Relu,2,369.666,184.833,369.666,184.833,0.012452091502085707,0.7879826500844928,0.0,0.0
32,Device,_FusedConv2D,sequential/conv2d_4/Relu,2,355.33,177.665,355.33,177.665,0.011969187519101334,0.7999518376035941,0.0,0.0
33,Device,Conv2DBackpropInput,gradient_tape/sequential/conv2d_2/Conv2D/Conv2DBackpropInput,2,354.305,177.1525,354.305,177.1525,0.011934660692750959,0.8118864982963451,0.0,0.0
34,Device,MatMul,gradient_tape/sequential/dense_1/MatMul/MatMul,2,331.778,165.889,331.778,165.889,0.011175845261341296,0.8230623435576864,0.0,0.0
35,Device,MaxPoolGrad,gradient_tape/sequential/max_pooling2d/MaxPool/MaxPoolGrad,2,323.584,161.792,323.584,161.792,0.0108998327587901,0.8339621763164765,0.0,0.0
36,Device,MatMul,gradient_tape/sequential/dense_1/MatMul/MatMul_1,2,318.464,159.232,318.464,159.232,0.010727367050581397,0.8446895433670579,0.0,0.0
37,Device,MatMul,sequential/dense_1/MatMul,2,302.081,151.0405,302.081,151.0405,0.010175510469022177,0.8548650538360801,0.0,0.0
38,Device,_Send,IteratorGetNext/_1,2,241.57,120.785,241.57,120.785,0.00813721506483919,0.8630022689009194,0.0,0.0
39,Device,_FusedConv2D,sequential/conv2d/Relu,2,235.52,117.76,235.52,117.76,0.00793342257760039,0.8709356914785198,0.0,0.0
40,Device,ReluGrad,gradient_tape/sequential/conv2d_3/ReluGrad,2,215.04,107.52,215.04,107.52,0.007243559744765572,0.8781792512232853,0.0,0.0
41,Device,ReluGrad,gradient_tape/sequential/conv2d_2/ReluGrad,2,203.776,101.888,203.776,101.888,0.006864135186706424,0.8850433864099918,0.0,0.0
42,Device,MatMul,gradient_tape/sequential/dense/MatMul/MatMul,2,175.104,87.552,175.104,87.552,0.005898327220737681,0.8909417136307295,0.0,0.0
43,Device,MatMul,sequential/dense/MatMul,2,173.057,86.5285,173.057,86.5285,0.005829374622162833,0.8967710882528923,0.0,0.0
44,Device,MaxPool,sequential/max_pooling2d/MaxPool,2,173.056,86.528,173.056,86.528,0.005829340937454199,0.9026004291903466,0.0,0.0
45,Device,MatMul,gradient_tape/sequential/dense/MatMul/MatMul_1,2,163.842,81.921,163.842,81.921,0.0055189700320958015,0.9081193992224423,0.0,0.0
46,Device,MaxPoolGrad,gradient_tape/sequential/max_pooling2d_1/MaxPool/MaxPoolGrad,2,162.818,81.409,162.818,81.409,0.005484476890454061,0.9136038761128964,0.0,0.0
47,Device,BiasAddGrad,gradient_tape/sequential/conv2d_1/BiasAdd/BiasAddGrad,2,145.408,72.704,145.408,72.704,0.004898026113127197,0.9185019022260236,0.0,0.0
48,Device,BiasAddGrad,gradient_tape/sequential/conv2d/BiasAdd/BiasAddGrad,2,141.314,70.657,141.314,70.657,0.004760120915977503,0.9232620231420011,0.0,0.0
49,Device,ResourceApplyGradientDescent,SGD/SGD/update_14/ResourceApplyGradientDescent,2,123.904,61.952,123.904,61.952,0.0041736701386506396,0.9274356932806518,0.0,0.0
50,Device,SoftmaxCrossEntropyWithLogits,categorical_crossentropy/softmax_cross_entropy_with_logits,2,121.859,60.9295,121.859,60.9295,0.004104784909493061,0.9315404781901448,0.0,0.0
51,Device,ResourceApplyGradientDescent,SGD/SGD/update_16/ResourceApplyGradientDescent,2,120.834,60.417,120.834,60.417,0.0040702580831426865,0.9356107362732875,0.0,0.0
52,Device,ResourceApplyGradientDescent,SGD/SGD/update_18/ResourceApplyGradientDescent,2,119.808,59.904,119.808,59.904,0.004035697572083677,0.9396464338453712,0.0,0.0
53,Device,ReluGrad,gradient_tape/sequential/conv2d_4/ReluGrad,2,108.544,54.272,108.544,54.272,0.003656273014024527,0.9433027068593957,0.0,0.0
54,Device,ReluGrad,gradient_tape/sequential/conv2d_5/ReluGrad,2,100.353,50.1765,100.353,50.1765,0.003380361565599235,0.946683068424995,0.0,0.0
55,Device,MaxPoolGrad,gradient_tape/sequential/max_pooling2d_3/MaxPool/MaxPoolGrad,2,100.352,50.176,100.352,50.176,0.0033803278808906007,0.9500633963058855,0.0,0.0
56,Device,BiasAddGrad,gradient_tape/sequential/conv2d_3/BiasAdd/BiasAddGrad,2,96.256,48.128,96.256,48.128,0.003242355314323637,0.9533057516202091,0.0,0.0
57,Device,BiasAddGrad,gradient_tape/sequential/conv2d_2/BiasAdd/BiasAddGrad,2,94.21,47.105,94.21,47.105,0.0031734364004574246,0.9564791880206666,0.0,0.0
58,Device,MaxPool,sequential/max_pooling2d_1/MaxPool,2,91.136,45.568,91.136,45.568,0.003069889606114933,0.9595490776267815,0.0,0.0
59,Device,MaxPoolGrad,gradient_tape/sequential/max_pooling2d_2/MaxPool/MaxPoolGrad,2,84.992,42.496,84.992,42.496,0.0028629307562644886,0.9624120083830461,0.0,0.0
60,Device,MaxPoolGrad,gradient_tape/sequential/max_pooling2d_4/MaxPool/MaxPoolGrad,2,82.945,41.4725,82.945,41.4725,0.0027939781576896408,0.9652059865407357,0.0,0.0
61,Device,ResourceApplyGradientDescent,SGD/SGD/update_12/ResourceApplyGradientDescent,2,64.512,32.256,64.512,32.256,0.002173067923429672,0.9673790544641654,0.0,0.0
62,Device,ReluGrad,gradient_tape/sequential/conv2d_6/ReluGrad,2,55.297,27.6485,55.297,27.6485,0.0018626633333626388,0.969241717797528,0.0,0.0
63,Device,BiasAddGrad,gradient_tape/sequential/conv2d_5/BiasAdd/BiasAddGrad,2,54.272,27.136,54.272,27.136,0.0018281365070122635,0.9710698543045403,0.0,0.0
64,Device,MaxPool,sequential/max_pooling2d_2/MaxPool,2,47.105,23.5525,47.105,23.5525,0.0015867182002287123,0.972656572504769,0.0,0.0
65,Device,BiasAddGrad,gradient_tape/sequential/conv2d_4/BiasAdd/BiasAddGrad,2,44.032,22.016,44.032,22.016,0.0014832050905948552,0.9741397775953639,0.0,0.0
66,Device,ResourceApplyGradientDescent,SGD/SGD/update_10/ResourceApplyGradientDescent,2,36.864,18.432,36.864,18.432,0.0012417530991026696,0.9753815306944665,0.0,0.0
67,Device,ReluGrad,gradient_tape/sequential/conv2d_7/ReluGrad,2,36.864,18.432,36.864,18.432,0.0012417530991026696,0.9766232837935692,0.0,0.0
68,Device,BiasAddGrad,gradient_tape/sequential/conv2d_6/BiasAdd/BiasAddGrad,2,33.792,16.896,33.792,16.896,0.0011382736741774471,0.9777615574677466,0.0,0.0
69,Device,BiasAddGrad,gradient_tape/sequential/conv2d_7/BiasAdd/BiasAddGrad,2,30.72,15.36,30.72,15.36,0.0010347942492522247,0.9787963517169989,0.0,0.0
70,Device,MatMul,sequential/dense_2/MatMul,2,25.6,12.8,25.6,12.8,0.0008623285410435206,0.9796586802580424,0.0,0.0
71,Device,Transpose,gradient_tape/sequential/conv2d/Conv2D/Conv2DBackpropFilter-0-TransposeNHWCToNCHW-LayoutOptimizer,2,22.528,11.264,22.528,11.264,0.000758849116118298,0.9804175293741607,0.0,0.0
72,Device,Softmax,sequential/dense_2/Softmax,2,22.528,11.264,22.528,11.264,0.000758849116118298,0.981176378490279,0.0,0.0
73,Device,ArgMax,ArgMax,2,20.48,10.24,20.48,10.24,0.0006898628328348165,0.9818662413231138,0.0,0.0
74,Device,ResourceApplyGradientDescent,SGD/SGD/update_8/ResourceApplyGradientDescent,2,20.48,10.24,20.48,10.24,0.0006898628328348165,0.9825561041559486,0.0,0.0
75,Device,BiasAddGrad,gradient_tape/sequential/conv2d_9/BiasAdd/BiasAddGrad,2,20.48,10.24,20.48,10.24,0.0006898628328348165,0.9832459669887834,0.0,0.0
76,Device,ArgMax,ArgMax_1,2,19.456,9.728,19.456,9.728,0.0006553696911930756,0.9839013366799765,0.0,0.0
77,Device,BiasAddGrad,gradient_tape/sequential/conv2d_8/BiasAdd/BiasAddGrad,2,18.432,9.216,18.432,9.216,0.0006208765495513348,0.9845222132295278,0.0,0.0
78,Device,ReluGrad,gradient_tape/sequential/conv2d_8/ReluGrad,2,18.432,9.216,18.432,9.216,0.0006208765495513348,0.9851430897790792,0.0,0.0
79,Device,MaxPool,sequential/max_pooling2d_3/MaxPool,2,16.384,8.192,16.384,8.192,0.0005518902662678531,0.9856949800453471,0.0,0.0
80,Device,MatMul,gradient_tape/sequential/dense_2/MatMul/MatMul,2,14.336,7.168,14.336,7.168,0.00048290398298437155,0.9861778840283314,0.0,0.0
81,Device,MatMul,gradient_tape/sequential/dense_2/MatMul/MatMul_1,2,14.336,7.168,14.336,7.168,0.00048290398298437155,0.9866607880113157,0.0,0.0
82,Device,ResourceApplyGradientDescent,SGD/SGD/update_6/ResourceApplyGradientDescent,2,13.312,6.656,13.312,6.656,0.00044841084134263065,0.9871091988526584,0.0,0.0
83,Device,ReluGrad,gradient_tape/sequential/dense/ReluGrad,2,12.288,6.144,12.288,6.144,0.00041391769970088987,0.9875231165523592,0.0,0.0
84,Device,ResourceApplyGradientDescent,SGD/SGD/update_24/ResourceApplyGradientDescent,2,11.264,5.632,11.264,5.632,0.000379424558059149,0.9879025411104184,0.0,0.0
85,Device,ResourceApplyGradientDescent,SGD/SGD/update_4/ResourceApplyGradientDescent,2,11.264,5.632,11.264,5.632,0.000379424558059149,0.9882819656684776,0.0,0.0
86,Device,Transpose,gradient_tape/sequential/max_pooling2d_4/MaxPool/MaxPoolGrad-2-TransposeNHWCToNCHW-LayoutOptimizer,2,10.241,5.1205,10.241,5.1205,0.00034496510112604274,0.9886269307696036,0.0,0.0
87,Device,BiasAddGrad,gradient_tape/sequential/dense/BiasAdd/BiasAddGrad,2,10.24,5.12,10.24,5.12,0.00034493141641740824,0.9889718621860211,0.0,0.0
88,Device,MaxPool,sequential/max_pooling2d_4/MaxPool,2,10.24,5.12,10.24,5.12,0.00034493141641740824,0.9893167936024385,0.0,0.0
89,Device,ReluGrad,gradient_tape/sequential/conv2d_9/ReluGrad,2,9.216,4.608,9.216,4.608,0.0003104382747756674,0.9896272318772141,0.0,0.0
90,Device,Transpose,sequential/max_pooling2d_4/MaxPool-0-2-TransposeNCHWToNHWC-LayoutOptimizer,2,9.216,4.608,9.216,4.608,0.0003104382747756674,0.9899376701519897,0.0,0.0
91,Device,ResourceApplyGradientDescent,SGD/SGD/update_17/ResourceApplyGradientDescent,2,8.192,4.096,8.192,4.096,0.00027594513313392656,0.9902136152851236,0.0,0.0
92,Device,ResourceApplyGradientDescent,SGD/SGD/update_2/ResourceApplyGradientDescent,2,8.192,4.096,8.192,4.096,0.00027594513313392656,0.9904895604182575,0.0,0.0
93,Device,ResourceApplyGradientDescent,SGD/SGD/update_23/ResourceApplyGradientDescent,2,8.192,4.096,8.192,4.096,0.00027594513313392656,0.9907655055513914,0.0,0.0
94,Device,BiasAddGrad,gradient_tape/sequential/dense_1/BiasAdd/BiasAddGrad,2,8.192,4.096,8.192,4.096,0.00027594513313392656,0.9910414506845253,0.0,0.0
95,Device,BiasAdd,sequential/dense/BiasAdd,2,8.192,4.096,8.192,4.096,0.00027594513313392656,0.9913173958176592,0.0,0.0
96,Device,BiasAdd,sequential/dense_1/BiasAdd,2,8.192,4.096,8.192,4.096,0.00027594513313392656,0.9915933409507931,0.0,0.0
97,Device,Equal,Equal,2,7.168,3.584,7.168,3.584,0.00024145199149218577,0.9918347929422853,0.0,0.0
98,Device,ResourceApplyGradientDescent,SGD/SGD/update/ResourceApplyGradientDescent,2,7.168,3.584,7.168,3.584,0.00024145199149218577,0.9920762449337774,0.0,0.0
99,Device,ResourceApplyGradientDescent,SGD/SGD/update_1/ResourceApplyGradientDescent,2,7.168,3.584,7.168,3.584,0.00024145199149218577,0.9923176969252696,0.0,0.0
100,Device,ResourceApplyGradientDescent,SGD/SGD/update_11/ResourceApplyGradientDescent,2,7.168,3.584,7.168,3.584,0.00024145199149218577,0.9925591489167618,0.0,0.0
101,Device,ResourceApplyGradientDescent,SGD/SGD/update_21/ResourceApplyGradientDescent,2,7.168,3.584,7.168,3.584,0.00024145199149218577,0.992800600908254,0.0,0.0
102,Device,ResourceApplyGradientDescent,SGD/SGD/update_9/ResourceApplyGradientDescent,2,7.168,3.584,7.168,3.584,0.00024145199149218577,0.9930420528997461,0.0,0.0
103,Device,Mul,gradient_tape/categorical_crossentropy/softmax_cross_entropy_with_logits/mul,2,7.168,3.584,7.168,3.584,0.00024145199149218577,0.9932835048912383,0.0,0.0
104,Device,ReluGrad,gradient_tape/sequential/dense_1/ReluGrad,2,7.168,3.584,7.168,3.584,0.00024145199149218577,0.9935249568827305,0.0,0.0
105,Device,ResourceApplyGradientDescent,SGD/SGD/update_7/ResourceApplyGradientDescent,2,6.145,3.0725,6.145,3.0725,0.00020699253455907943,0.9937319494172895,0.0,0.0
106,Device,AssignAddVariableOp,AssignAddVariableOp,2,6.144,3.072,6.144,3.072,0.00020695884985044493,0.9939389082671399,0.0,0.0
107,Device,AssignAddVariableOp,AssignAddVariableOp_2,2,6.144,3.072,6.144,3.072,0.00020695884985044493,0.9941458671169904,0.0,0.0
108,Device,AssignAddVariableOp,AssignAddVariableOp_3,2,6.144,3.072,6.144,3.072,0.00020695884985044493,0.9943528259668408,0.0,0.0
109,Device,AssignAddVariableOp,AssignAddVariableOp_4,2,6.144,3.072,6.144,3.072,0.00020695884985044493,0.9945597848166913,0.0,0.0
110,Device,Cast,Cast,2,6.144,3.072,6.144,3.072,0.00020695884985044493,0.9947667436665417,0.0,0.0
111,Device,Cast,Cast_1,2,6.144,3.072,6.144,3.072,0.00020695884985044493,0.9949737025163922,0.0,0.0
112,Device,Mul,Mul,2,6.144,3.072,6.144,3.072,0.00020695884985044493,0.9951806613662426,0.0,0.0
113,Device,AssignAddVariableOp,SGD/SGD/AssignAddVariableOp,2,6.144,3.072,6.144,3.072,0.00020695884985044493,0.9953876202160931,0.0,0.0
114,Device,ResourceApplyGradientDescent,SGD/SGD/update_13/ResourceApplyGradientDescent,2,6.144,3.072,6.144,3.072,0.00020695884985044493,0.9955945790659435,0.0,0.0
115,Device,ResourceApplyGradientDescent,SGD/SGD/update_15/ResourceApplyGradientDescent,2,6.144,3.072,6.144,3.072,0.00020695884985044493,0.995801537915794,0.0,0.0
116,Device,ResourceApplyGradientDescent,SGD/SGD/update_19/ResourceApplyGradientDescent,2,6.144,3.072,6.144,3.072,0.00020695884985044493,0.9960084967656444,0.0,0.0
117,Device,ResourceApplyGradientDescent,SGD/SGD/update_3/ResourceApplyGradientDescent,2,6.144,3.072,6.144,3.072,0.00020695884985044493,0.9962154556154948,0.0,0.0
118,Device,ResourceApplyGradientDescent,SGD/SGD/update_5/ResourceApplyGradientDescent,2,6.144,3.072,6.144,3.072,0.00020695884985044493,0.9964224144653453,0.0,0.0
119,Device,Cast,categorical_crossentropy/weighted_loss/num_elements/Cast,2,6.144,3.072,6.144,3.072,0.00020695884985044493,0.9966293733151957,0.0,0.0
120,Device,DivNoNan,categorical_crossentropy/weighted_loss/value,2,6.144,3.072,6.144,3.072,0.00020695884985044493,0.9968363321650462,0.0,0.0
121,Device,DivNoNan,div_no_nan_1,2,6.144,3.072,6.144,3.072,0.00020695884985044493,0.9970432910148966,0.0,0.0
122,Device,Tile,gradient_tape/categorical_crossentropy/weighted_loss/Tile_1,2,6.144,3.072,6.144,3.072,0.00020695884985044493,0.9972502498647471,0.0,0.0
123,Device,DivNoNan,gradient_tape/categorical_crossentropy/weighted_loss/value/div_no_nan,2,6.144,3.072,6.144,3.072,0.00020695884985044493,0.9974572087145975,0.0,0.0
124,Device,BiasAddGrad,gradient_tape/sequential/dense_2/BiasAdd/BiasAddGrad,2,6.144,3.072,6.144,3.072,0.00020695884985044493,0.997664167564448,0.0,0.0
125,Device,Relu,sequential/dense/Relu,2,6.144,3.072,6.144,3.072,0.00020695884985044493,0.9978711264142984,0.0,0.0
126,Device,Relu,sequential/dense_1/Relu,2,6.144,3.072,6.144,3.072,0.00020695884985044493,0.9980780852641489,0.0,0.0
127,Device,BiasAdd,sequential/dense_2/BiasAdd,2,6.144,3.072,6.144,3.072,0.00020695884985044493,0.9982850441139993,0.0,0.0
128,Device,_Recv,categorical_crossentropy/weighted_loss/num_elements/_14,2,5.28,2.64,5.28,2.64,0.00017785526159022614,0.9984628993755895,0.0,0.0
129,Device,Cast,Cast_2,2,5.12,2.56,5.12,2.56,0.00017246570820870412,0.9986353650837982,0.0,0.0
130,Device,ResourceApplyGradientDescent,SGD/SGD/update_25/ResourceApplyGradientDescent,2,5.12,2.56,5.12,2.56,0.00017246570820870412,0.998807830792007,0.0,0.0
131,Device,Sum,Sum_2,2,5.12,2.56,5.12,2.56,0.00017246570820870412,0.9989802965002157,0.0,0.0
132,Device,Sum,categorical_crossentropy/weighted_loss/Sum,2,5.12,2.56,5.12,2.56,0.00017246570820870412,0.9991527622084244,0.0,0.0
133,Device,DivNoNan,div_no_nan,2,5.12,2.56,5.12,2.56,0.00017246570820870412,0.9993252279166331,0.0,0.0
134,Device,_Recv,strided_slice/_12,2,4.832,2.416,4.832,2.416,0.0001627645121219645,0.9994879924287551,0.0,0.0
135,Device,AssignAddVariableOp,AssignAddVariableOp_1,2,4.096,2.048,4.096,2.048,0.00013797256656696328,0.9996259649953221,0.0,0.0
136,Device,_Send,IteratorGetNext/_3,2,4.096,2.048,4.096,2.048,0.00013797256656696328,0.9997639375618891,0.0,0.0
137,Device,_Recv,Size/_16,2,3.936,1.968,3.936,1.968,0.0001325830131854413,0.9998965205750745,0.0,0.0
138,Device,LogicalAnd,LogicalAnd,1,3.072,3.072,3.072,3.072,0.00010347942492522247,0.9999999999999997,0.0,0.0
139,Host,IDLE,IDLE,0,108803.456,0.0,108803.456,0.0,0.0,0.0,0.9663989838353233,0.9663989838353233
140,Host,_Send,IteratorGetNext/_6,2,1908.632,954.316,1908.632,954.316,0.0,0.0,0.01695258673874827,0.9833515705740715
141,Host,_Send,IteratorGetNext/_3,2,645.351,322.6755,645.351,322.6755,0.0,0.0,0.005732047248729945,0.9890836178228015
142,Host,_Send,IteratorGetNext/_1,2,510.468,255.234,510.468,255.234,0.0,0.0,0.004534008152098127,0.9936176259748997
143,Host,GatherV2,GatherV2,2,338.996,169.498,338.996,169.498,0.0,0.0,0.00301098330851034,0.99662860928341
144,Host,IteratorGetNext,IteratorGetNext,2,50.33,25.165,50.33,25.165,0.0,0.0,0.0004470341535514443,0.9970756434369614
145,Host,Dataset,Iterator::Root::ParallelMapV2,2,48.73,24.365,48.73,24.365,0.0,0.0,0.00043282285520687225,0.9975084662921683
146,Host,Dataset,Iterator::Root::ParallelMapV2::Zip[1]::ForeverRepeat,2,49.542,24.771,46.272,23.136,0.0,0.0,0.0004109907481250235,0.9979194570402933
147,Host,FlushSummaryWriter,FlushSummaryWriter,1,37.39,37.39,37.39,37.39,0.0,0.0,0.00033210027818971795,0.998251557318483
148,Host,Dataset,Iterator::Root::ParallelMapV2::Zip[0]::FlatMap[1]::Concatenate,2,52.15,26.075,31.02,15.51,0.0,0.0,0.0002755215466553905,0.9985270788651385
149,Host,GatherV2,GatherV2_1,2,29.86,14.93,29.86,14.93,0.0,0.0,0.00026521835535557576,0.998792297220494
150,Host,LogicalAnd,LogicalAnd,1,29.67,29.67,29.67,29.67,0.0,0.0,0.00026353076367715785,0.9990558279841711
151,Host,Dataset,Iterator::Root,2,75.151,37.5755,26.421,13.2105,0.0,0.0,0.00023467294597621122,0.9992905009301474
152,Host,WriteSummary,WriteSummary,1,21.17,21.17,21.17,21.17,0.0,0.0,0.00018803324122161887,0.999478534171369
153,Host,Dataset,Iterator::Root::ParallelMapV2::Zip[0]::FlatMap[1]::Concatenate[0]::TensorSlice,2,21.13,10.565,21.13,10.565,0.0,0.0,0.00018767795876300453,0.999666212130132
154,Host,_HostSend,categorical_crossentropy/softmax_cross_entropy_with_logits/Shape_2/_9,2,11.32,5.66,11.32,5.66,0.0,0.0,0.00010054493578784721,0.9997667570659198
155,Host,Dataset,Iterator::Root::ParallelMapV2::Zip,2,115.652,57.826,9.84,4.92,0.0,0.0,8.739948481911806e-05,0.999854156550739
156,Host,ReadVariableOp,ReadVariableOp,1,6.35,6.35,6.35,6.35,0.0,0.0,5.6401090305020295e-05,0.999910557641044
157,Host,Dataset,Iterator::Root::ParallelMapV2::Zip[0]::FlatMap,2,56.27,28.135,4.12,2.06,0.0,0.0,3.6594093237273014e-05,0.9999471517342813
158,Host,Dataset,Iterator::Root::ParallelMapV2::Zip[1]::ForeverRepeat::FromTensor,4,3.27,0.8175,3.27,0.8175,0.0,0.0,2.9044340991719112e-05,0.999976196075273
159,Host,Identity,Identity,2,2.68,1.34,2.68,1.34,0.0,0.0,2.3803924727158175e-05,1.0000000000000002
