Rank,Host/device,Type,Operation,#Occurrences,Total time (us),Avg. time (us),Total self-time (us),Avg. self-time (us),Total self-time on Device (%),Cumulative total-self time on Device (%),Total self-time on Host (%),Cumulative total-self time on Host (%)
1,Device,IDLE,IDLE,0,20764.945,0.0,20764.945,0.0,0.06392357961837765,0.06392357961837765,0.0,0.0
2,Device,_Recv,IteratorGetNext/_2,2,7826.655,3913.3275,7826.655,3913.3275,0.024093866082384206,0.08801744570076185,0.0,0.0
3,Device,FusedBatchNormGradV3,gradient_tape/inception_v3/batch_normalization_2/FusedBatchNormGradV3,2,6653.978,3326.989,6653.978,3326.989,0.020483853555207262,0.10850129925596912,0.0,0.0
4,Device,Conv2DBackpropFilter,gradient_tape/inception_v3/conv2d_4/Conv2D/Conv2DBackpropFilter,2,6233.114,3116.557,6233.114,3116.557,0.01918825015185084,0.12768954940781996,0.0,0.0
5,Device,Conv2DBackpropFilter,gradient_tape/inception_v3/conv2d_2/Conv2D/Conv2DBackpropFilter,2,6193.176,3096.588,6193.176,3096.588,0.019065303526044765,0.14675485293386473,0.0,0.0
6,Device,Conv2DBackpropInput,gradient_tape/inception_v3/conv2d_2/Conv2D/Conv2DBackpropInput,2,5951.512,2975.756,5951.512,2975.756,0.018321356073022585,0.1650762090068873,0.0,0.0
7,Device,FusedBatchNormV3,inception_v3/batch_normalization_2/FusedBatchNormV3,4,5359.638,1339.9095,5359.638,1339.9095,0.016499309120187045,0.18157551812707434,0.0,0.0
8,Device,Conv2DBackpropInput,gradient_tape/inception_v3/conv2d_4/Conv2D/Conv2DBackpropInput,2,5286.932,2643.466,5286.932,2643.466,0.016275488263462704,0.19785100639053704,0.0,0.0
9,Device,Conv2D,inception_v3/conv2d_4/Conv2D,2,4895.764,2447.882,4895.764,2447.882,0.01507130213187596,0.212922308522413,0.0,0.0
10,Device,Conv2DBackpropInput,gradient_tape/inception_v3/conv2d_1/Conv2D/Conv2DBackpropInput,2,4160.528,2080.264,4160.528,2080.264,0.012807924261898578,0.2257302327843116,0.0,0.0
11,Device,FusedBatchNormGradV3,gradient_tape/inception_v3/batch_normalization/FusedBatchNormGradV3,2,3922.959,1961.4795,3922.959,1961.4795,0.012076583009303957,0.23780681579361554,0.0,0.0
12,Device,Conv2D,inception_v3/conv2d_2/Conv2D,2,3911.695,1955.8475,3911.695,1955.8475,0.012041907492425806,0.24984872328604135,0.0,0.0
13,Device,Conv2DBackpropFilter,gradient_tape/inception_v3/conv2d_1/Conv2D/Conv2DBackpropFilter,2,3624.974,1812.487,3624.974,1812.487,0.011159254893453796,0.26100797817949517,0.0,0.0
14,Device,Conv2DBackpropInput,gradient_tape/inception_v3/conv2d_26/Conv2D/Conv2DBackpropInput,2,3577.87,1788.935,3577.87,1788.935,0.011014248186508794,0.272022226366004,0.0,0.0
15,Device,FusedBatchNormGradV3,gradient_tape/inception_v3/batch_normalization_1/FusedBatchNormGradV3,2,3546.126,1773.063,3546.126,1773.063,0.010916526275306728,0.2829387526413107,0.0,0.0
16,Device,FusedBatchNormGradV3,gradient_tape/inception_v3/batch_normalization_4/FusedBatchNormGradV3,2,3504.142,1752.071,3504.142,1752.071,0.010787281166942705,0.2937260338082534,0.0,0.0
17,Device,ReluGrad,gradient_tape/inception_v3/activation_2/ReluGrad,2,3226.638,1613.319,3226.638,1613.319,0.009933002523853679,0.3036590363321071,0.0,0.0
18,Device,Conv2D,inception_v3/conv2d_1/Conv2D,2,3217.421,1608.7105,3217.421,1608.7105,0.009904628567970695,0.3135636649000778,0.0,0.0
19,Device,FusedBatchNormV3,inception_v3/batch_normalization/FusedBatchNormV3,4,2885.643,721.41075,2885.643,721.41075,0.008883270823048852,0.32244693572312666,0.0,0.0
20,Device,FusedBatchNormV3,inception_v3/batch_normalization_1/FusedBatchNormV3,4,2727.947,681.98675,2727.947,681.98675,0.008397813586754718,0.3308447493098814,0.0,0.0
21,Device,MaxPoolGrad,gradient_tape/inception_v3/max_pooling2d/MaxPool/MaxPoolGrad,2,2555.914,1277.957,2555.914,1277.957,0.007868220795996623,0.33871297010587803,0.0,0.0
22,Device,Conv2DBackpropFilter,gradient_tape/inception_v3/conv2d_26/Conv2D/Conv2DBackpropFilter,4,2224.137,556.03425,2224.137,556.03425,0.006846866129512004,0.34555983623539005,0.0,0.0
23,Device,FusedBatchNormV3,inception_v3/batch_normalization_4/FusedBatchNormV3,4,2031.624,507.906,2031.624,507.906,0.006254226944429994,0.35181406317982006,0.0,0.0
24,Device,ReluGrad,gradient_tape/inception_v3/activation_4/ReluGrad,2,2018.312,1009.156,2018.312,1009.156,0.0062132467881194494,0.3580273099679395,0.0,0.0
25,Device,Relu,inception_v3/activation_2/Relu,2,2005.0,1002.5,2005.0,1002.5,0.0061722666318089064,0.36419957659974844,0.0,0.0
26,Device,Conv2D,inception_v3/conv2d_26/Conv2D,4,1982.472,495.618,1982.472,495.618,0.006102915598052602,0.37030249219780104,0.0,0.0
27,Device,Conv2DBackpropFilter,gradient_tape/inception_v3/conv2d_3/Conv2D/Conv2DBackpropFilter,2,1789.96,894.98,1789.96,894.98,0.005510279491407815,0.37581277168920885,0.0,0.0
28,Device,FusedBatchNormGradV3,gradient_tape/inception_v3/batch_normalization_3/FusedBatchNormGradV3,2,1713.158,856.579,1713.158,856.579,0.0052738493558186945,0.38108662104502755,0.0,0.0
29,Device,Conv2DBackpropFilter,gradient_tape/inception_v3/conv2d/Conv2D/Conv2DBackpropFilter,2,1688.583,844.2915,1688.583,844.2915,0.005198196761067222,0.38628481780609475,0.0,0.0
30,Device,ReluGrad,gradient_tape/inception_v3/activation/ReluGrad,2,1681.416,840.708,1681.416,840.708,0.005176133601491074,0.3914609514075858,0.0,0.0
31,Device,ReluGrad,gradient_tape/inception_v3/activation_1/ReluGrad,2,1574.919,787.4595,1574.919,787.4595,0.004848289272569502,0.39630924068015533,0.0,0.0
32,Device,MaxPoolGrad,gradient_tape/inception_v3/max_pooling2d_1/MaxPool/MaxPoolGrad,2,1433.606,716.803,1433.606,716.803,0.004413266073297276,0.4007225067534526,0.0,0.0
33,Device,MaxPool,inception_v3/max_pooling2d/MaxPool,2,1323.013,661.5065,1323.013,661.5065,0.004072812465510921,0.40479531921896356,0.0,0.0
34,Device,Relu,inception_v3/activation_4/Relu,2,1266.693,633.3465,1266.693,633.3465,0.0038994348811201593,0.4086947541000837,0.0,0.0
35,Device,Conv2DBackpropFilter,gradient_tape/inception_v3/conv2d_10/Conv2D/Conv2DBackpropFilter,4,1207.302,301.8255,1207.302,301.8255,0.0037166034160180327,0.41241135751610175,0.0,0.0
36,Device,Conv2DBackpropFilter,gradient_tape/inception_v3/conv2d_17/Conv2D/Conv2DBackpropFilter,4,1207.302,301.8255,1207.302,301.8255,0.0037166034160180327,0.4161279609321198,0.0,0.0
37,Device,Conv2DBackpropFilter,gradient_tape/inception_v3/conv2d_24/Conv2D/Conv2DBackpropFilter,4,1204.228,301.057,1204.228,301.057,0.0037071402999950005,0.4198351012321148,0.0,0.0
38,Device,MaxPoolGrad,gradient_tape/inception_v3/max_pooling2d_3/MaxPool/MaxPoolGrad,2,1158.148,579.074,1158.148,579.074,0.0035652859127661947,0.423400387144881,0.0,0.0
39,Device,Relu,inception_v3/activation/Relu,2,1072.133,536.0665,1072.133,536.0665,0.0033004941350429817,0.42670088127992395,0.0,0.0
40,Device,Conv2DBackpropFilter,gradient_tape/inception_v3/conv2d_7/Conv2D/Conv2DBackpropFilter,4,1055.746,263.9365,1055.746,263.9365,0.0032500477842721826,0.42995092906419613,0.0,0.0
41,Device,Conv2DBackpropFilter,gradient_tape/inception_v3/conv2d_21/Conv2D/Conv2DBackpropFilter,4,1049.604,262.401,1049.604,262.401,0.003231140022849454,0.4331820690870456,0.0,0.0
42,Device,Conv2DBackpropFilter,gradient_tape/inception_v3/conv2d_14/Conv2D/Conv2DBackpropFilter,4,1048.58,262.145,1048.58,262.145,0.003227987703133258,0.43641005679017886,0.0,0.0
43,Device,AddN,SGD/gradients/AddN_12,2,1009.668,504.834,1009.668,504.834,0.003108199553917823,0.4395182563440967,0.0,0.0
44,Device,Relu,inception_v3/activation_1/Relu,2,1009.668,504.834,1009.668,504.834,0.003108199553917823,0.4426264558980145,0.0,0.0
45,Device,FusedBatchNormV3,inception_v3/batch_normalization_3/FusedBatchNormV3,4,1007.62,251.905,1007.62,251.905,0.0031018949144854314,0.44572835081249995,0.0,0.0
46,Device,ReluGrad,gradient_tape/inception_v3/activation_3/ReluGrad,2,968.708,484.354,968.708,484.354,0.002982106765269996,0.44871045757776995,0.0,0.0
47,Device,AddN,SGD/gradients/AddN_13,2,897.028,448.514,897.028,448.514,0.002761444385136299,0.45147190196290626,0.0,0.0
48,Device,Conv2D,inception_v3/conv2d/Conv2D,2,870.404,435.202,870.404,435.202,0.0026794840725152115,0.4541513860354215,0.0,0.0
49,Device,Conv2DBackpropInput,gradient_tape/inception_v3/conv2d_21/Conv2D/Conv2DBackpropInput,4,847.876,211.969,847.876,211.969,0.002610133038758907,0.4567615190741804,0.0,0.0
50,Device,Conv2D,inception_v3/conv2d_3/Conv2D,2,845.828,422.914,845.828,422.914,0.0026038283993265153,0.4593653474735069,0.0,0.0
51,Device,Conv2DBackpropInput,gradient_tape/inception_v3/conv2d_14/Conv2D/Conv2DBackpropInput,4,843.78,210.945,843.78,210.945,0.002597523759894124,0.461962871233401,0.0,0.0
52,Device,Conv2DBackpropInput,gradient_tape/inception_v3/conv2d_7/Conv2D/Conv2DBackpropInput,4,842.756,210.689,842.756,210.689,0.0025943714401779282,0.46455724267357895,0.0,0.0
53,Device,MaxPool,inception_v3/max_pooling2d_1/MaxPool,2,820.227,410.1135,820.227,410.1135,0.002525017327984401,0.46708226000156333,0.0,0.0
54,Device,Conv2DBackpropFilter,gradient_tape/inception_v3/conv2d_28/Conv2D/Conv2DBackpropFilter,2,819.204,409.602,819.204,409.602,0.002521868086705428,0.46960412808826874,0.0,0.0
55,Device,Conv2DBackpropFilter,gradient_tape/inception_v3/conv2d_16/Conv2D/Conv2DBackpropFilter,2,816.132,408.066,816.132,408.066,0.002512411127556841,0.4721165392158256,0.0,0.0
56,Device,AddN,SGD/gradients/AddN_11,2,813.06,406.53,813.06,406.53,0.002502954168408254,0.4746194933842338,0.0,0.0
57,Device,Conv2DBackpropFilter,gradient_tape/inception_v3/conv2d_9/Conv2D/Conv2DBackpropFilter,2,813.06,406.53,813.06,406.53,0.002502954168408254,0.47712244755264205,0.0,0.0
58,Device,Conv2DBackpropFilter,gradient_tape/inception_v3/conv2d_23/Conv2D/Conv2DBackpropFilter,2,805.892,402.946,805.892,402.946,0.0024808879303948846,0.4796033354830369,0.0,0.0
59,Device,Conv2DBackpropFilter,gradient_tape/inception_v3/conv2d_67/Conv2D/Conv2DBackpropFilter,4,735.235,183.80875,735.235,183.80875,0.00226337479154016,0.48186671027457706,0.0,0.0
60,Device,Conv2D,inception_v3/conv2d_24/Conv2D,2,735.235,367.6175,735.235,367.6175,0.00226337479154016,0.4841300850661172,0.0,0.0
61,Device,Conv2D,inception_v3/conv2d_10/Conv2D,2,734.211,367.1055,734.211,367.1055,0.0022602224718239645,0.48639030753794116,0.0,0.0
62,Device,Conv2DBackpropFilter,gradient_tape/inception_v3/conv2d_74/Conv2D/Conv2DBackpropFilter,4,733.187,183.29675,733.187,183.29675,0.002257070152107769,0.4886473776900489,0.0,0.0
63,Device,Conv2DBackpropInput,gradient_tape/inception_v3/conv2d_10/Conv2D/Conv2DBackpropInput,2,733.186,366.593,733.186,366.593,0.002257067073670546,0.49090444476371947,0.0,0.0
64,Device,Conv2DBackpropInput,gradient_tape/inception_v3/conv2d_24/Conv2D/Conv2DBackpropInput,2,732.163,366.0815,732.163,366.0815,0.0022539178323915735,0.49315836259611107,0.0,0.0
65,Device,Conv2DBackpropInput,gradient_tape/inception_v3/conv2d_17/Conv2D/Conv2DBackpropInput,2,732.162,366.081,732.162,366.081,0.0022539147539543504,0.49541227735006543,0.0,0.0
66,Device,Conv2D,inception_v3/conv2d_17/Conv2D,2,731.139,365.5695,731.139,365.5695,0.0022507655126753775,0.4976630428627408,0.0,0.0
67,Device,Conv2DBackpropFilter,gradient_tape/inception_v3/conv2d_63/Conv2D/Conv2DBackpropFilter,4,730.115,182.52875,730.115,182.52875,0.002247613192959182,0.4999106560557,0.0,0.0
68,Device,Conv2DBackpropFilter,gradient_tape/inception_v3/conv2d_65/Conv2D/Conv2DBackpropFilter,4,728.067,182.01675,728.067,182.01675,0.0022413085535267904,0.5021519646092268,0.0,0.0
69,Device,Conv2DBackpropFilter,gradient_tape/inception_v3/conv2d_25/Conv2D/Conv2DBackpropFilter,2,721.922,360.961,721.922,360.961,0.0022223915567923937,0.5043743561660192,0.0,0.0
70,Device,Conv2DBackpropFilter,gradient_tape/inception_v3/conv2d_27/Conv2D/Conv2DBackpropFilter,2,721.922,360.961,721.922,360.961,0.0022223915567923937,0.5065967477228116,0.0,0.0
71,Device,Conv2DBackpropFilter,gradient_tape/inception_v3/conv2d_19/Conv2D/Conv2DBackpropFilter,2,720.9,360.45,720.9,360.45,0.0022192453939506437,0.5088159931167623,0.0,0.0
72,Device,Conv2DBackpropFilter,gradient_tape/inception_v3/conv2d_22/Conv2D/Conv2DBackpropFilter,2,720.898,360.449,720.898,360.449,0.002219239237076198,0.5110352323538385,0.0,0.0
73,Device,Conv2D,inception_v3/conv2d_7/Conv2D,4,717.827,179.45675,717.827,179.45675,0.0022097853563648336,0.5132450177102034,0.0,0.0
74,Device,Conv2D,inception_v3/conv2d_21/Conv2D,4,715.779,178.94475,715.779,178.94475,0.0022034807169324425,0.5154484984271358,0.0,0.0
75,Device,Conv2DBackpropFilter,gradient_tape/inception_v3/conv2d_20/Conv2D/Conv2DBackpropFilter,2,714.754,357.377,714.754,357.377,0.002200325318779024,0.5176488237459148,0.0,0.0
76,Device,Conv2D,inception_v3/conv2d_14/Conv2D,4,712.707,178.17675,712.707,178.17675,0.0021940237577838554,0.5198428475036987,0.0,0.0
77,Device,AvgPoolGrad,gradient_tape/inception_v3/average_pooling2d_2/AvgPoolGrad,2,690.178,345.089,690.178,345.089,0.0021246696455903278,0.521967517149289,0.0,0.0
78,Device,AddN,SGD/gradients/AddN_14,2,676.868,338.434,676.868,338.434,0.00208369564615423,0.5240512127954432,0.0,0.0
79,Device,Conv2DBackpropFilter,gradient_tape/inception_v3/conv2d_30/Conv2D/Conv2DBackpropFilter,4,665.604,166.401,665.604,166.401,0.0020490201292760776,0.5261002329247193,0.0,0.0
80,Device,Conv2DBackpropFilter,gradient_tape/inception_v3/conv2d_40/Conv2D/Conv2DBackpropFilter,4,664.577,166.14425,664.577,166.14425,0.0020458585742482134,0.5281460914989675,0.0,0.0
81,Device,Conv2DBackpropFilter,gradient_tape/inception_v3/conv2d_49/Conv2D/Conv2DBackpropFilter,4,662.53,165.6325,662.53,165.6325,0.0020395570132530445,0.5301856485122206,0.0,0.0
82,Device,Conv2DBackpropFilter,gradient_tape/inception_v3/conv2d_39/Conv2D/Conv2DBackpropFilter,4,661.507,165.37675,661.507,165.37675,0.002036407771974072,0.5322220562841947,0.0,0.0
83,Device,Conv2DBackpropFilter,gradient_tape/inception_v3/conv2d_50/Conv2D/Conv2DBackpropFilter,4,661.507,165.37675,661.507,165.37675,0.002036407771974072,0.5342584640561688,0.0,0.0
84,Device,Conv2DBackpropFilter,gradient_tape/inception_v3/conv2d_70/Conv2D/Conv2DBackpropFilter,4,660.484,165.121,660.484,165.121,0.002033258530695099,0.536291722586864,0.0,0.0
85,Device,Conv2DBackpropFilter,gradient_tape/inception_v3/conv2d_59/Conv2D/Conv2DBackpropFilter,4,660.481,165.12025,660.481,165.12025,0.0020332492953834304,0.5383249718822474,0.0,0.0
86,Device,Conv2DBackpropFilter,gradient_tape/inception_v3/conv2d_60/Conv2D/Conv2DBackpropFilter,4,659.458,164.8645,659.458,164.8645,0.002030100054104458,0.5403550719363518,0.0,0.0
87,Device,Conv2DBackpropFilter,gradient_tape/inception_v3/conv2d_72/Conv2D/Conv2DBackpropFilter,4,659.458,164.8645,659.458,164.8645,0.002030100054104458,0.5423851719904562,0.0,0.0
88,Device,Conv2DBackpropFilter,gradient_tape/inception_v3/conv2d_61/Conv2D/Conv2DBackpropFilter,4,657.412,164.353,657.412,164.353,0.0020238015715465124,0.5444089735620027,0.0,0.0
89,Device,Conv2DBackpropFilter,gradient_tape/inception_v3/conv2d_69/Conv2D/Conv2DBackpropFilter,4,657.41,164.3525,657.41,164.3525,0.0020237954146720663,0.5464327689766747,0.0,0.0
90,Device,Conv2DBackpropFilter,gradient_tape/inception_v3/conv2d_64/Conv2D/Conv2DBackpropFilter,4,656.386,164.0965,656.386,164.0965,0.0020206430949558708,0.5484534120716306,0.0,0.0
91,Device,Conv2DBackpropFilter,gradient_tape/inception_v3/conv2d_41/Conv2D/Conv2DBackpropFilter,4,653.315,163.32875,653.315,163.32875,0.0020111892142445067,0.550464601285875,0.0,0.0
92,Device,Conv2DBackpropFilter,gradient_tape/inception_v3/conv2d_53/Conv2D/Conv2DBackpropFilter,4,651.267,162.81675,651.267,162.81675,0.002004884574812115,0.5524694858606871,0.0,0.0
93,Device,Conv2DBackpropFilter,gradient_tape/inception_v3/conv2d_54/Conv2D/Conv2DBackpropFilter,4,648.194,162.0485,648.194,162.0485,0.001995424537226305,0.5544649103979135,0.0,0.0
94,Device,Conv2DBackpropFilter,gradient_tape/inception_v3/conv2d_43/Conv2D/Conv2DBackpropFilter,4,647.172,161.793,647.172,161.793,0.0019922783743845556,0.556457188772298,0.0,0.0
95,Device,Conv2DBackpropFilter,gradient_tape/inception_v3/conv2d_81/Conv2D/Conv2DBackpropFilter,4,647.172,161.793,647.172,161.793,0.0019922783743845556,0.5584494671466825,0.0,0.0
96,Device,Conv2DBackpropFilter,gradient_tape/inception_v3/conv2d_44/Conv2D/Conv2DBackpropFilter,4,647.17,161.7925,647.17,161.7925,0.0019922722175101095,0.5604417393641926,0.0,0.0
97,Device,Conv2DBackpropFilter,gradient_tape/inception_v3/conv2d_51/Conv2D/Conv2DBackpropFilter,4,646.148,161.537,646.148,161.537,0.0019891260546683596,0.562430865418861,0.0,0.0
98,Device,Conv2DBackpropFilter,gradient_tape/inception_v3/conv2d_90/Conv2D/Conv2DBackpropFilter,4,644.099,161.02475,644.099,161.02475,0.0019828183367987455,0.5644136837556597,0.0,0.0
99,Device,Conv2DBackpropFilter,gradient_tape/inception_v3/conv2d_48/Conv2D/Conv2DBackpropFilter,4,641.026,160.2565,641.026,160.2565,0.0019733582992129354,0.5663870420548727,0.0,0.0
100,Device,Conv2DBackpropFilter,gradient_tape/inception_v3/conv2d_58/Conv2D/Conv2DBackpropFilter,4,641.026,160.2565,641.026,160.2565,0.0019733582992129354,0.5683604003540856,0.0,0.0
101,Device,Conv2DBackpropFilter,gradient_tape/inception_v3/conv2d_66/Conv2D/Conv2DBackpropFilter,4,635.907,158.97675,635.907,158.97675,0.0019575997790691802,0.5703180001331548,0.0,0.0
102,Device,Conv2DBackpropFilter,gradient_tape/inception_v3/conv2d_73/Conv2D/Conv2DBackpropFilter,4,633.858,158.4645,633.858,158.4645,0.001951292061199566,0.5722692921943544,0.0,0.0
103,Device,Conv2DBackpropFilter,gradient_tape/inception_v3/conv2d_68/Conv2D/Conv2DBackpropFilter,4,632.834,158.2085,632.834,158.2085,0.0019481397414833701,0.5742174319358377,0.0,0.0
104,Device,Conv2DBackpropFilter,gradient_tape/inception_v3/conv2d_62/Conv2D/Conv2DBackpropFilter,4,631.811,157.95275,631.811,157.95275,0.0019449905002043976,0.5761624224360421,0.0,0.0
105,Device,Conv2DBackpropFilter,gradient_tape/inception_v3/conv2d_45/Conv2D/Conv2DBackpropFilter,4,627.715,156.92875,627.715,156.92875,0.001932381221339615,0.5780948036573818,0.0,0.0
106,Device,Conv2DBackpropFilter,gradient_tape/inception_v3/conv2d_47/Conv2D/Conv2DBackpropFilter,4,625.666,156.4165,625.666,156.4165,0.0019260735034700009,0.5800208771608517,0.0,0.0
107,Device,Conv2DBackpropFilter,gradient_tape/inception_v3/conv2d_57/Conv2D/Conv2DBackpropFilter,4,624.643,156.16075,624.643,156.16075,0.001922924262191028,0.5819438014230427,0.0,0.0
108,Device,Conv2DBackpropFilter,gradient_tape/inception_v3/conv2d_55/Conv2D/Conv2DBackpropFilter,4,619.521,154.88025,619.521,154.88025,0.0019071565067356037,0.5838509579297783,0.0,0.0
109,Device,Relu,inception_v3/activation_3/Relu,2,616.45,308.225,616.45,308.225,0.0018977026260242396,0.5857486605558025,0.0,0.0
110,Device,AvgPoolGrad,gradient_tape/inception_v3/average_pooling2d_1/AvgPoolGrad,2,614.402,307.201,614.402,307.201,0.0018913979865918483,0.5876400585423944,0.0,0.0
111,Device,Conv2DBackpropFilter,gradient_tape/inception_v3/conv2d_33/Conv2D/Conv2DBackpropFilter,4,602.114,150.5285,602.114,150.5285,0.0018535701499975002,0.589493628692392,0.0,0.0
112,Device,Conv2DBackpropFilter,gradient_tape/inception_v3/conv2d_12/Conv2D/Conv2DBackpropFilter,2,600.066,300.033,600.066,300.033,0.001847265510565109,0.5913408942029571,0.0,0.0
113,Device,Conv2DBackpropFilter,gradient_tape/inception_v3/conv2d_38/Conv2D/Conv2DBackpropFilter,4,599.042,149.7605,599.042,149.7605,0.0018441131908489132,0.593185007393806,0.0,0.0
114,Device,Conv2D,inception_v3/conv2d_65/Conv2D,4,598.019,149.50475,598.019,149.50475,0.0018409639495699404,0.5950259713433759,0.0,0.0
115,Device,Conv2D,inception_v3/conv2d_74/Conv2D,4,598.018,149.5045,598.018,149.5045,0.0018409608711327176,0.5968669322145086,0.0,0.0
116,Device,Conv2DBackpropFilter,gradient_tape/inception_v3/conv2d_15/Conv2D/Conv2DBackpropFilter,2,596.994,298.497,596.994,298.497,0.0018378085514165218,0.5987047407659252,0.0,0.0
117,Device,Conv2D,inception_v3/conv2d_63/Conv2D,4,595.97,148.9925,595.97,148.9925,0.0018346562317003263,0.6005393969976255,0.0,0.0
118,Device,Conv2DBackpropFilter,gradient_tape/inception_v3/conv2d_18/Conv2D/Conv2DBackpropFilter,2,594.946,297.473,594.946,297.473,0.0018315039119841305,0.6023709009096097,0.0,0.0
119,Device,Conv2D,inception_v3/conv2d_67/Conv2D,4,592.898,148.2245,592.898,148.2245,0.0018251992725517392,0.6041961001821614,0.0,0.0
120,Device,Conv2DBackpropFilter,gradient_tape/inception_v3/conv2d_13/Conv2D/Conv2DBackpropFilter,2,588.803,294.4015,588.803,294.4015,0.0018125930721241794,0.6060086932542856,0.0,0.0
121,Device,MaxPoolGrad,gradient_tape/inception_v3/max_pooling2d_2/MaxPool/MaxPoolGrad,2,586.754,293.377,586.754,293.377,0.0018062853542545653,0.6078149786085402,0.0,0.0
122,Device,Conv2DBackpropInput,gradient_tape/inception_v3/conv2d_3/Conv2D/Conv2DBackpropInput,2,584.706,292.353,584.706,292.353,0.0017999807148221737,0.6096149593233623,0.0,0.0
123,Device,AvgPool,inception_v3/average_pooling2d_2/AvgPool,2,582.658,291.329,582.658,291.329,0.0017936760753897824,0.6114086353987521,0.0,0.0
124,Device,AddN,SGD/gradients/AddN_9,2,578.562,289.281,578.562,289.281,0.0017810667965249998,0.6131897021952771,0.0,0.0
125,Device,AddN,SGD/gradients/AddN_10,2,577.538,288.769,577.538,288.769,0.001777914476808804,0.6149676166720859,0.0,0.0
126,Device,AddN,SGD/gradients/AddN_7,2,576.514,288.257,576.514,288.257,0.0017747621570926085,0.6167423788291785,0.0,0.0
127,Device,AddN,SGD/gradients/AddN_8,2,575.49,287.745,575.49,287.745,0.0017716098373764127,0.6185139886665549,0.0,0.0
128,Device,Conv2DBackpropFilter,gradient_tape/inception_v3/conv2d_46/Conv2D/Conv2DBackpropFilter,4,575.49,143.8725,575.49,143.8725,0.0017716098373764127,0.6202855985039314,0.0,0.0
129,Device,Conv2DBackpropFilter,gradient_tape/inception_v3/conv2d_36/Conv2D/Conv2DBackpropFilter,4,574.467,143.61675,574.467,143.61675,0.0017684605960974398,0.6220540591000289,0.0,0.0
130,Device,Conv2DBackpropFilter,gradient_tape/inception_v3/conv2d_32/Conv2D/Conv2DBackpropFilter,4,572.419,143.10475,572.419,143.10475,0.0017621559566650485,0.6238162150566939,0.0,0.0
131,Device,Conv2DBackpropFilter,gradient_tape/inception_v3/conv2d_37/Conv2D/Conv2DBackpropFilter,4,572.418,143.1045,572.418,143.1045,0.0017621528782278257,0.6255783679349217,0.0,0.0
132,Device,Conv2DBackpropFilter,gradient_tape/inception_v3/conv2d_56/Conv2D/Conv2DBackpropFilter,4,569.347,142.33675,569.347,142.33675,0.0017526989975164616,0.6273310669324382,0.0,0.0
133,Device,Conv2DBackpropFilter,gradient_tape/inception_v3/conv2d_42/Conv2D/Conv2DBackpropFilter,4,568.322,142.0805,568.322,142.0805,0.001749543599363043,0.6290806105318013,0.0,0.0
134,Device,Conv2DBackpropFilter,gradient_tape/inception_v3/conv2d_35/Conv2D/Conv2DBackpropFilter,4,567.298,141.8245,567.298,141.8245,0.0017463912796468473,0.6308270018114481,0.0,0.0
135,Device,Conv2DBackpropFilter,gradient_tape/inception_v3/conv2d_52/Conv2D/Conv2DBackpropFilter,4,564.226,141.0565,564.226,141.0565,0.0017369343204982604,0.6325639361319464,0.0,0.0
136,Device,Conv2DBackpropFilter,gradient_tape/inception_v3/conv2d_31/Conv2D/Conv2DBackpropFilter,4,546.818,136.7045,546.818,136.7045,0.001683344885322934,0.6342472810172693,0.0,0.0
137,Device,Conv2DBackpropFilter,gradient_tape/inception_v3/conv2d_34/Conv2D/Conv2DBackpropFilter,4,544.77,136.1925,544.77,136.1925,0.0016770402458905426,0.6359243212631599,0.0,0.0
138,Device,Conv2D,inception_v3/conv2d_28/Conv2D,2,530.434,265.217,530.434,265.217,0.0016329077698638032,0.6375572290330237,0.0,0.0
139,Device,Conv2D,inception_v3/conv2d_16/Conv2D,2,529.41,264.705,529.41,264.705,0.0016297554501476074,0.6391869844831713,0.0,0.0
140,Device,Conv2D,inception_v3/conv2d_23/Conv2D,2,529.41,264.705,529.41,264.705,0.0016297554501476074,0.640816739933319,0.0,0.0
141,Device,Conv2D,inception_v3/conv2d_9/Conv2D,2,529.41,264.705,529.41,264.705,0.0016297554501476074,0.6424464953834667,0.0,0.0
142,Device,Conv2D,inception_v3/conv2d_53/Conv2D,4,522.242,130.5605,522.242,130.5605,0.0016076892121342377,0.6440541845956009,0.0,0.0
143,Device,Conv2D,inception_v3/conv2d_43/Conv2D,4,520.194,130.0485,520.194,130.0485,0.0016013845727018464,0.6456555691683028,0.0,0.0
144,Device,Conv2DBackpropInput,gradient_tape/inception_v3/conv2d_29/Conv2D/Conv2DBackpropInput,2,515.073,257.5365,515.073,257.5365,0.0015856198956836452,0.6472411890639864,0.0,0.0
145,Device,AvgPool,inception_v3/average_pooling2d_1/AvgPool,2,513.026,256.513,513.026,256.513,0.0015793183346884767,0.6488205073986749,0.0,0.0
146,Device,Conv2D,inception_v3/conv2d_57/Conv2D,4,507.906,126.9765,507.906,126.9765,0.0015635567361074985,0.6503840641347824,0.0,0.0
147,Device,Conv2D,inception_v3/conv2d_45/Conv2D,4,506.882,126.7205,506.882,126.7205,0.0015604044163913028,0.6519444685511737,0.0,0.0
148,Device,Conv2D,inception_v3/conv2d_47/Conv2D,4,506.882,126.7205,506.882,126.7205,0.0015604044163913028,0.653504872967565,0.0,0.0
149,Device,Conv2D,inception_v3/conv2d_55/Conv2D,4,506.882,126.7205,506.882,126.7205,0.0015604044163913028,0.6550652773839563,0.0,0.0
150,Device,Conv2DBackpropInput,gradient_tape/inception_v3/conv2d_23/Conv2D/Conv2DBackpropInput,2,504.834,252.417,504.834,252.417,0.0015540997769589115,0.6566193771609151,0.0,0.0
151,Device,Conv2D,inception_v3/conv2d_81/Conv2D,4,502.786,125.6965,502.786,125.6965,0.0015477951375265202,0.6581671722984417,0.0,0.0
152,Device,Conv2DBackpropInput,gradient_tape/inception_v3/conv2d_22/Conv2D/Conv2DBackpropInput,2,501.762,250.881,501.762,250.881,0.0015446428178103244,0.659711815116252,0.0,0.0
153,Device,Conv2DBackpropInput,gradient_tape/inception_v3/conv2d_9/Conv2D/Conv2DBackpropInput,2,501.762,250.881,501.762,250.881,0.0015446428178103244,0.6612564579340623,0.0,0.0
154,Device,Conv2D,inception_v3/conv2d_62/Conv2D,4,501.762,125.4405,501.762,125.4405,0.0015446428178103244,0.6628011007518726,0.0,0.0
155,Device,Conv2DBackpropInput,gradient_tape/inception_v3/conv2d_28/Conv2D/Conv2DBackpropInput,2,500.738,250.369,500.738,250.369,0.0015414904980941288,0.6643425912499668,0.0,0.0
156,Device,Conv2DBackpropFilter,gradient_tape/inception_v3/conv2d_29/Conv2D/Conv2DBackpropFilter,2,499.714,249.857,499.714,249.857,0.001538338178377933,0.6658809294283446,0.0,0.0
157,Device,Conv2DBackpropInput,gradient_tape/inception_v3/conv2d_63/Conv2D/Conv2DBackpropInput,4,499.714,124.9285,499.714,124.9285,0.001538338178377933,0.6674192676067225,0.0,0.0
158,Device,Conv2DBackpropInput,gradient_tape/inception_v3/conv2d_16/Conv2D/Conv2DBackpropInput,2,498.69,249.345,498.69,249.345,0.0015351858586617373,0.6689544534653843,0.0,0.0
159,Device,Conv2DBackpropInput,gradient_tape/inception_v3/conv2d_27/Conv2D/Conv2DBackpropInput,2,498.69,249.345,498.69,249.345,0.0015351858586617373,0.670489639324046,0.0,0.0
160,Device,Conv2DBackpropInput,gradient_tape/inception_v3/conv2d_66/Conv2D/Conv2DBackpropInput,4,498.69,124.6725,498.69,124.6725,0.0015351858586617373,0.6720248251827078,0.0,0.0
161,Device,Conv2DBackpropInput,gradient_tape/inception_v3/conv2d_73/Conv2D/Conv2DBackpropInput,4,498.69,124.6725,498.69,124.6725,0.0015351858586617373,0.6735600110413695,0.0,0.0
162,Device,Conv2D,inception_v3/conv2d_90/Conv2D,4,498.69,124.6725,498.69,124.6725,0.0015351858586617373,0.6750951969000313,0.0,0.0
163,Device,Conv2DBackpropInput,gradient_tape/inception_v3/conv2d_62/Conv2D/Conv2DBackpropInput,4,496.642,124.1605,496.642,124.1605,0.001528881219229346,0.6766240781192606,0.0,0.0
164,Device,Conv2D,inception_v3/conv2d_66/Conv2D,4,496.642,124.1605,496.642,124.1605,0.001528881219229346,0.67815295933849,0.0,0.0
165,Device,Conv2D,inception_v3/conv2d_73/Conv2D,4,496.642,124.1605,496.642,124.1605,0.001528881219229346,0.6796818405577193,0.0,0.0
166,Device,Conv2DBackpropInput,gradient_tape/inception_v3/conv2d_25/Conv2D/Conv2DBackpropInput,2,495.618,247.809,495.618,247.809,0.0015257288995131504,0.6812075694572325,0.0,0.0
167,Device,Conv2DBackpropInput,gradient_tape/inception_v3/conv2d_65/Conv2D/Conv2DBackpropInput,4,495.618,123.9045,495.618,123.9045,0.0015257288995131504,0.6827332983567457,0.0,0.0
168,Device,Conv2DBackpropInput,gradient_tape/inception_v3/conv2d_67/Conv2D/Conv2DBackpropInput,4,495.618,123.9045,495.618,123.9045,0.0015257288995131504,0.6842590272562589,0.0,0.0
169,Device,Conv2D,inception_v3/conv2d_68/Conv2D,4,495.618,123.9045,495.618,123.9045,0.0015257288995131504,0.6857847561557721,0.0,0.0
170,Device,Conv2DBackpropInput,gradient_tape/inception_v3/conv2d_68/Conv2D/Conv2DBackpropInput,4,494.594,123.6485,494.594,123.6485,0.0015225765797969547,0.687307332735569,0.0,0.0
171,Device,Conv2DBackpropInput,gradient_tape/inception_v3/conv2d_74/Conv2D/Conv2DBackpropInput,4,493.57,123.3925,493.57,123.3925,0.0015194242600807591,0.6888267569956498,0.0,0.0
172,Device,Conv2DBackpropInput,gradient_tape/inception_v3/conv2d_19/Conv2D/Conv2DBackpropInput,2,492.546,246.273,492.546,246.273,0.0015162719403645634,0.6903430289360143,0.0,0.0
173,Device,Conv2DBackpropInput,gradient_tape/inception_v3/conv2d_89/Conv2D/Conv2DBackpropInput,4,483.33,120.8325,483.33,120.8325,0.0014879010629188024,0.6918309299989331,0.0,0.0
174,Device,Conv2DBackpropInput,gradient_tape/inception_v3/conv2d_53/Conv2D/Conv2DBackpropInput,4,481.282,120.3205,481.282,120.3205,0.001481596423486411,0.6933125264224196,0.0,0.0
175,Device,Conv2DBackpropInput,gradient_tape/inception_v3/conv2d_58/Conv2D/Conv2DBackpropInput,4,481.282,120.3205,481.282,120.3205,0.001481596423486411,0.694794122845906,0.0,0.0
176,Device,Conv2DBackpropInput,gradient_tape/inception_v3/conv2d_43/Conv2D/Conv2DBackpropInput,4,480.258,120.0645,480.258,120.0645,0.0014784441037702153,0.6962725669496762,0.0,0.0
177,Device,Conv2DBackpropInput,gradient_tape/inception_v3/conv2d_71/Conv2D/Conv2DBackpropInput,2,479.234,239.617,479.234,239.617,0.0014752917840540195,0.6977478587337302,0.0,0.0
178,Device,Conv2DBackpropInput,gradient_tape/inception_v3/conv2d_48/Conv2D/Conv2DBackpropInput,4,478.21,119.5525,478.21,119.5525,0.001472139464337824,0.699219998198068,0.0,0.0
179,Device,Transpose,gradient_tape/inception_v3/conv2d/Conv2D/Conv2DBackpropFilter-0-TransposeNHWCToNCHW-LayoutOptimizer,2,475.138,237.569,475.138,237.569,0.0014626825051892369,0.7006826807032572,0.0,0.0
180,Device,Conv2D,inception_v3/conv2d_89/Conv2D,4,474.114,118.5285,474.114,118.5285,0.0014595301854730413,0.7021422108887303,0.0,0.0
181,Device,AddN,SGD/gradients/AddN_6,2,466.946,233.473,466.946,233.473,0.0014374639474596716,0.70357967483619,0.0,0.0
182,Device,AvgPoolGrad,gradient_tape/inception_v3/average_pooling2d/AvgPoolGrad,2,466.946,233.473,466.946,233.473,0.0014374639474596716,0.7050171387836497,0.0,0.0
183,Device,Conv2DBackpropFilter,gradient_tape/inception_v3/conv2d_11/Conv2D/Conv2DBackpropFilter,2,466.946,233.473,466.946,233.473,0.0014374639474596716,0.7064546027311094,0.0,0.0
184,Device,Conv2D,inception_v3/conv2d_33/Conv2D,2,465.922,232.961,465.922,232.961,0.001434311627743476,0.7078889143588528,0.0,0.0
185,Device,ConcatV2,inception_v3/mixed2/concat,8,462.85,57.85625,462.85,57.85625,0.001424854668594889,0.7093137690274477,0.0,0.0
186,Device,ConcatV2,inception_v3/mixed1/concat,8,460.802,57.60025,460.802,57.60025,0.0014185500291624977,0.7107323190566102,0.0,0.0
187,Device,Conv2DBackpropInput,gradient_tape/inception_v3/conv2d_90/Conv2D/Conv2DBackpropInput,4,451.586,112.8965,451.586,112.8965,0.0013901791517167367,0.7121224982083268,0.0,0.0
188,Device,Conv2DBackpropInput,gradient_tape/inception_v3/conv2d_81/Conv2D/Conv2DBackpropInput,4,451.585,112.89625,451.585,112.89625,0.0013901760732795137,0.7135126742816064,0.0,0.0
189,Device,Conv2D,inception_v3/conv2d_86/Conv2D,4,445.442,111.3605,445.442,111.3605,0.0013712652334195625,0.7148839395150259,0.0,0.0
190,Device,Conv2DBackpropInput,gradient_tape/inception_v3/conv2d_20/Conv2D/Conv2DBackpropInput,2,441.346,220.673,441.346,220.673,0.00135865595455478,0.7162425954695807,0.0,0.0
191,Device,Conv2D,inception_v3/conv2d_48/Conv2D,4,439.298,109.8245,439.298,109.8245,0.0013523513151223886,0.717594946784703,0.0,0.0
192,Device,Conv2D,inception_v3/conv2d_58/Conv2D,4,439.297,109.82425,439.297,109.82425,0.0013523482366851658,0.7189472950213882,0.0,0.0
193,Device,Conv2DBackpropFilter,gradient_tape/inception_v3/conv2d_5/Conv2D/Conv2DBackpropFilter,2,436.224,218.112,436.224,218.112,0.0013428881990993557,0.7202901832204875,0.0,0.0
194,Device,Conv2D,inception_v3/conv2d_52/Conv2D,4,435.202,108.8005,435.202,108.8005,0.0013397420362576057,0.7216299252567452,0.0,0.0
195,Device,Conv2D,inception_v3/conv2d_46/Conv2D,4,433.154,108.2885,433.154,108.2885,0.0013334373968252144,0.7229633626535704,0.0,0.0
196,Device,Conv2DBackpropInput,gradient_tape/inception_v3/conv2d_47/Conv2D/Conv2DBackpropInput,4,431.105,107.77625,431.105,107.77625,0.0013271296789556003,0.7242904923325261,0.0,0.0
197,Device,Conv2DBackpropInput,gradient_tape/inception_v3/conv2d_45/Conv2D/Conv2DBackpropInput,4,430.081,107.52025,430.081,107.52025,0.0013239773592394048,0.7256144696917655,0.0,0.0
198,Device,Conv2DBackpropInput,gradient_tape/inception_v3/conv2d_42/Conv2D/Conv2DBackpropInput,4,429.058,107.2645,429.058,107.2645,0.0013208281179604318,0.7269352978097259,0.0,0.0
199,Device,Conv2DBackpropInput,gradient_tape/inception_v3/conv2d_52/Conv2D/Conv2DBackpropInput,4,429.058,107.2645,429.058,107.2645,0.0013208281179604318,0.7282561259276863,0.0,0.0
200,Device,Conv2D,inception_v3/conv2d_56/Conv2D,4,429.058,107.2645,429.058,107.2645,0.0013208281179604318,0.7295769540456467,0.0,0.0
201,Device,Conv2DBackpropInput,gradient_tape/inception_v3/conv2d_57/Conv2D/Conv2DBackpropInput,4,429.057,107.26425,429.057,107.26425,0.001320825039523209,0.73089777908517,0.0,0.0
202,Device,Conv2DBackpropInput,gradient_tape/inception_v3/conv2d_86/Conv2D/Conv2DBackpropInput,4,429.057,107.26425,429.057,107.26425,0.001320825039523209,0.7322186041246932,0.0,0.0
203,Device,Conv2DBackpropInput,gradient_tape/inception_v3/conv2d_46/Conv2D/Conv2DBackpropInput,4,427.01,106.7525,427.01,106.7525,0.0013145234785280405,0.7335331276032212,0.0,0.0
204,Device,Conv2DBackpropInput,gradient_tape/inception_v3/conv2d_56/Conv2D/Conv2DBackpropInput,4,427.01,106.7525,427.01,106.7525,0.0013145234785280405,0.7348476510817492,0.0,0.0
205,Device,Conv2D,inception_v3/conv2d_42/Conv2D,4,427.01,106.7525,427.01,106.7525,0.0013145234785280405,0.7361621745602772,0.0,0.0
206,Device,Conv2DBackpropInput,gradient_tape/inception_v3/conv2d_55/Conv2D/Conv2DBackpropInput,4,425.985,106.49625,425.985,106.49625,0.001311368080374622,0.7374735426406518,0.0,0.0
207,Device,Conv2DBackpropInput,gradient_tape/inception_v3/conv2d_15/Conv2D/Conv2DBackpropInput,2,424.962,212.481,424.962,212.481,0.0013082188390956492,0.7387817614797474,0.0,0.0
208,Device,Conv2DBackpropInput,gradient_tape/inception_v3/conv2d_18/Conv2D/Conv2DBackpropInput,2,418.818,209.409,418.818,209.409,0.001289304920798475,0.7400710664005459,0.0,0.0
209,Device,Conv2D,inception_v3/conv2d_85/Conv2D,4,415.746,103.9365,415.746,103.9365,0.001279847961649888,0.7413509143621958,0.0,0.0
210,Device,ConcatV2,inception_v3/mixed0/concat,8,415.746,51.96825,415.746,51.96825,0.001279847961649888,0.7426307623238457,0.0,0.0
211,Device,Conv2DBackpropInput,gradient_tape/inception_v3/conv2d_12/Conv2D/Conv2DBackpropInput,2,413.698,206.849,413.698,206.849,0.0012735433222174966,0.7439043056460632,0.0,0.0
212,Device,AvgPoolGrad,gradient_tape/inception_v3/average_pooling2d_6/AvgPoolGrad,2,412.674,206.337,412.674,206.337,0.001270391002501301,0.7451746966485645,0.0,0.0
213,Device,AvgPoolGrad,gradient_tape/inception_v3/average_pooling2d_4/AvgPoolGrad,2,411.65,205.825,411.65,205.825,0.0012672386827851053,0.7464419353313496,0.0,0.0
214,Device,AvgPoolGrad,gradient_tape/inception_v3/average_pooling2d_5/AvgPoolGrad,2,411.65,205.825,411.65,205.825,0.0012672386827851053,0.7477091740141347,0.0,0.0
215,Device,Conv2DBackpropFilter,gradient_tape/inception_v3/conv2d_8/Conv2D/Conv2DBackpropFilter,2,411.65,205.825,411.65,205.825,0.0012672386827851053,0.7489764126969198,0.0,0.0
216,Device,AvgPoolGrad,gradient_tape/inception_v3/average_pooling2d_3/AvgPoolGrad,2,411.649,205.8245,411.649,205.8245,0.0012672356043478825,0.7502436483012677,0.0,0.0
217,Device,Conv2DBackpropInput,gradient_tape/inception_v3/conv2d_50/Conv2D/Conv2DBackpropInput,2,402.433,201.2165,402.433,201.2165,0.0012388647269021215,0.7514825130281698,0.0,0.0
218,Device,Conv2DBackpropInput,gradient_tape/inception_v3/conv2d_59/Conv2D/Conv2DBackpropInput,2,398.338,199.169,398.338,199.169,0.0012262585264745617,0.7527087715546443,0.0,0.0
219,Device,Conv2DBackpropInput,gradient_tape/inception_v3/conv2d_30/Conv2D/Conv2DBackpropInput,2,396.289,198.1445,396.289,198.1445,0.0012199508086049474,0.7539287223632493,0.0,0.0
220,Device,Conv2DBackpropInput,gradient_tape/inception_v3/conv2d_61/Conv2D/Conv2DBackpropInput,2,396.289,198.1445,396.289,198.1445,0.0012199508086049474,0.7551486731718542,0.0,0.0
221,Device,Conv2DBackpropInput,gradient_tape/inception_v3/conv2d_60/Conv2D/Conv2DBackpropInput,2,395.266,197.633,395.266,197.633,0.0012168015673259748,0.7563654747391801,0.0,0.0
222,Device,Conv2DBackpropInput,gradient_tape/inception_v3/conv2d_49/Conv2D/Conv2DBackpropInput,2,394.242,197.121,394.242,197.121,0.001213649247609779,0.75757912398679,0.0,0.0
223,Device,Conv2DBackpropInput,gradient_tape/inception_v3/conv2d_72/Conv2D/Conv2DBackpropInput,2,394.242,197.121,394.242,197.121,0.001213649247609779,0.7587927732343998,0.0,0.0
224,Device,Conv2DBackpropInput,gradient_tape/inception_v3/conv2d_39/Conv2D/Conv2DBackpropInput,2,394.241,197.1205,394.241,197.1205,0.001213646169172556,0.7600064194035723,0.0,0.0
225,Device,Conv2DBackpropInput,gradient_tape/inception_v3/conv2d_70/Conv2D/Conv2DBackpropInput,2,393.217,196.6085,393.217,196.6085,0.0012104938494563605,0.7612169132530286,0.0,0.0
226,Device,Conv2DBackpropInput,gradient_tape/inception_v3/conv2d_64/Conv2D/Conv2DBackpropInput,2,392.194,196.097,392.194,196.097,0.0012073446081773877,0.762424257861206,0.0,0.0
227,Device,Conv2DBackpropInput,gradient_tape/inception_v3/conv2d_69/Conv2D/Conv2DBackpropInput,2,392.194,196.097,392.194,196.097,0.0012073446081773877,0.7636316024693834,0.0,0.0
228,Device,Conv2DBackpropInput,gradient_tape/inception_v3/conv2d_40/Conv2D/Conv2DBackpropInput,2,390.146,195.073,390.146,195.073,0.0012010399687449964,0.7648326424381284,0.0,0.0
229,Device,FusedBatchNormGradV3,gradient_tape/inception_v3/batch_normalization_28/FusedBatchNormGradV3,2,378.881,189.4405,378.881,189.4405,0.001166361373429621,0.765999003811558,0.0,0.0
230,Device,FusedBatchNormGradV3,gradient_tape/inception_v3/batch_normalization_17/FusedBatchNormGradV3,2,377.858,188.929,377.858,188.929,0.0011632121321506483,0.7671622159437087,0.0,0.0
231,Device,FusedBatchNormGradV3,gradient_tape/inception_v3/batch_normalization_24/FusedBatchNormGradV3,2,374.786,187.393,374.786,187.393,0.0011537551730020613,0.7683159711167108,0.0,0.0
232,Device,Conv2D,inception_v3/conv2d_20/Conv2D,2,374.785,187.3925,374.785,187.3925,0.0011537520945648385,0.7694697232112756,0.0,0.0
233,Device,Conv2D,inception_v3/conv2d_38/Conv2D,4,374.785,93.69625,374.785,93.69625,0.0011537520945648385,0.7706234753058404,0.0,0.0
234,Device,FusedBatchNormGradV3,gradient_tape/inception_v3/batch_normalization_23/FusedBatchNormGradV3,2,373.762,186.881,373.762,186.881,0.0011506028532858655,0.7717740781591262,0.0,0.0
235,Device,Conv2DBackpropFilter,gradient_tape/inception_v3/conv2d_6/Conv2D/Conv2DBackpropFilter,2,373.762,186.881,373.762,186.881,0.0011506028532858655,0.7729246810124121,0.0,0.0
236,Device,FusedBatchNormGradV3,gradient_tape/inception_v3/batch_normalization_16/FusedBatchNormGradV3,2,372.736,186.368,372.736,186.368,0.0011474443766952241,0.7740721253891073,0.0,0.0
237,Device,FusedBatchNormGradV3,gradient_tape/inception_v3/batch_normalization_10/FusedBatchNormGradV3,2,371.714,185.857,371.714,185.857,0.0011442982138534742,0.7752164236029607,0.0,0.0
238,Device,Conv2DBackpropInput,gradient_tape/inception_v3/conv2d_13/Conv2D/Conv2DBackpropInput,2,371.713,185.8565,371.713,185.8565,0.0011442951354162514,0.776360718738377,0.0,0.0
239,Device,FusedBatchNormGradV3,gradient_tape/inception_v3/batch_normalization_9/FusedBatchNormGradV3,2,370.69,185.345,370.69,185.345,0.0011411458941372786,0.7775018646325143,0.0,0.0
240,Device,Conv2D,inception_v3/conv2d_12/Conv2D,2,365.57,182.785,365.57,182.785,0.0011253842955563002,0.7786272489280706,0.0,0.0
241,Device,Conv2D,inception_v3/conv2d_18/Conv2D,2,364.545,182.2725,364.545,182.2725,0.0011222288974028817,0.7797494778254734,0.0,0.0
242,Device,AvgPool,inception_v3/average_pooling2d_6/AvgPool,2,363.522,181.761,363.522,181.761,0.001119079656123909,0.7808685574815973,0.0,0.0
243,Device,AvgPool,inception_v3/average_pooling2d_5/AvgPool,2,362.497,181.2485,362.497,181.2485,0.0011159242579704904,0.7819844817395678,0.0,0.0
244,Device,Conv2D,inception_v3/conv2d_15/Conv2D,2,362.497,181.2485,362.497,181.2485,0.0011159242579704904,0.7831004059975383,0.0,0.0
245,Device,Conv2D,inception_v3/conv2d_27/Conv2D,2,361.473,180.7365,361.473,180.7365,0.0011127719382542946,0.7842131779357926,0.0,0.0
246,Device,Conv2D,inception_v3/conv2d_39/Conv2D,2,361.473,180.7365,361.473,180.7365,0.0011127719382542946,0.7853259498740469,0.0,0.0
247,Device,Conv2D,inception_v3/conv2d_69/Conv2D,2,360.45,180.225,360.45,180.225,0.0011096226969753219,0.7864355725710223,0.0,0.0
248,Device,Conv2D,inception_v3/conv2d_64/Conv2D,2,360.449,180.2245,360.449,180.2245,0.001109619618538099,0.7875451921895603,0.0,0.0
249,Device,AvgPool,inception_v3/average_pooling2d_4/AvgPool,2,359.426,179.713,359.426,179.713,0.001106470377259126,0.7886516625668194,0.0,0.0
250,Device,Conv2D,inception_v3/conv2d_60/Conv2D,2,357.377,178.6885,357.377,178.6885,0.001100162659389512,0.7897518252262089,0.0,0.0
251,Device,Conv2D,inception_v3/conv2d_70/Conv2D,2,357.377,178.6885,357.377,178.6885,0.001100162659389512,0.7908519878855984,0.0,0.0
252,Device,AvgPool,inception_v3/average_pooling2d/AvgPool,2,356.354,178.177,356.354,178.177,0.001097013418110539,0.7919490013037089,0.0,0.0
253,Device,Conv2D,inception_v3/conv2d_59/Conv2D,2,356.354,178.177,356.354,178.177,0.001097013418110539,0.7930460147218195,0.0,0.0
254,Device,Conv2D,inception_v3/conv2d_72/Conv2D,2,356.354,178.177,356.354,178.177,0.001097013418110539,0.79414302813993,0.0,0.0
255,Device,Conv2D,inception_v3/conv2d_13/Conv2D,2,356.353,178.1765,356.353,178.1765,0.0010970103396733164,0.7952400384796033,0.0,0.0
256,Device,Conv2D,inception_v3/conv2d_40/Conv2D,2,356.353,178.1765,356.353,178.1765,0.0010970103396733164,0.7963370488192767,0.0,0.0
257,Device,Conv2D,inception_v3/conv2d_44/Conv2D,2,356.353,178.1765,356.353,178.1765,0.0010970103396733164,0.79743405915895,0.0,0.0
258,Device,Conv2D,inception_v3/conv2d_49/Conv2D,2,356.353,178.1765,356.353,178.1765,0.0010970103396733164,0.7985310694986234,0.0,0.0
259,Device,Conv2D,inception_v3/conv2d_30/Conv2D,2,355.33,177.665,355.33,177.665,0.0010938610983943435,0.7996249305970178,0.0,0.0
260,Device,Conv2D,inception_v3/conv2d_61/Conv2D,2,355.33,177.665,355.33,177.665,0.0010938610983943435,0.8007187916954122,0.0,0.0
261,Device,Conv2DBackpropInput,gradient_tape/inception_v3/conv2d_33/Conv2D/Conv2DBackpropInput,4,355.329,88.83225,355.329,88.83225,0.0010938580199571207,0.8018126497153693,0.0,0.0
262,Device,Conv2DBackpropInput,gradient_tape/inception_v3/conv2d_51/Conv2D/Conv2DBackpropInput,2,355.329,177.6645,355.329,177.6645,0.0010938580199571207,0.8029065077353263,0.0,0.0
263,Device,Conv2DBackpropInput,gradient_tape/inception_v3/conv2d_38/Conv2D/Conv2DBackpropInput,4,354.306,88.5765,354.306,88.5765,0.0010907087786781477,0.8039972165140045,0.0,0.0
264,Device,Conv2DBackpropFilter,gradient_tape/inception_v3/conv2d_89/Conv2D/Conv2DBackpropFilter,2,354.305,177.1525,354.305,177.1525,0.001090705700240925,0.8050879222142454,0.0,0.0
265,Device,Conv2D,inception_v3/conv2d_50/Conv2D,2,353.282,176.641,353.282,176.641,0.0010875564589619522,0.8061754786732074,0.0,0.0
266,Device,Conv2DBackpropInput,gradient_tape/inception_v3/conv2d_44/Conv2D/Conv2DBackpropInput,2,352.258,176.129,352.258,176.129,0.0010844041392457564,0.8072598828124531,0.0,0.0
267,Device,Conv2D,inception_v3/conv2d_41/Conv2D,2,351.234,175.617,351.234,175.617,0.0010812518195295608,0.8083411346319826,0.0,0.0
268,Device,Conv2DBackpropInput,gradient_tape/inception_v3/conv2d_41/Conv2D/Conv2DBackpropInput,2,351.233,175.6165,351.233,175.6165,0.001081248741092338,0.809422383373075,0.0,0.0
269,Device,Conv2DBackpropInput,gradient_tape/inception_v3/conv2d_54/Conv2D/Conv2DBackpropInput,2,350.21,175.105,350.21,175.105,0.001078099499813365,0.8105004828728885,0.0,0.0
270,Device,Conv2D,inception_v3/conv2d_54/Conv2D,2,350.209,175.1045,350.209,175.1045,0.0010780964213761423,0.8115785792942646,0.0,0.0
271,Device,AvgPool,inception_v3/average_pooling2d_3/AvgPool,2,349.185,174.5925,349.185,174.5925,0.0010749441016599467,0.8126535233959246,0.0,0.0
272,Device,Conv2D,inception_v3/conv2d_51/Conv2D,2,349.185,174.5925,349.185,174.5925,0.0010749441016599467,0.8137284674975845,0.0,0.0
273,Device,Conv2D,inception_v3/conv2d_19/Conv2D,2,348.162,174.081,348.162,174.081,0.0010717948603809738,0.8148002623579655,0.0,0.0
274,Device,Conv2DBackpropInput,gradient_tape/inception_v3/conv2d_75/Conv2D/Conv2DBackpropInput,2,338.946,169.473,338.946,169.473,0.0010434239829352127,0.8158436863409008,0.0,0.0
275,Device,FusedBatchNormGradV3,gradient_tape/inception_v3/batch_normalization_26/FusedBatchNormGradV3,2,335.874,167.937,335.874,167.937,0.0010339670237866259,0.8168776533646874,0.0,0.0
276,Device,Conv2D,inception_v3/conv2d_22/Conv2D,2,333.825,166.9125,333.825,166.9125,0.0010276593059170116,0.8179053126706044,0.0,0.0
277,Device,Conv2D,inception_v3/conv2d_25/Conv2D,2,331.778,165.889,331.778,165.889,0.001021357744921843,0.8189266704155262,0.0,0.0
278,Device,Conv2DBackpropInput,gradient_tape/inception_v3/conv2d_31/Conv2D/Conv2DBackpropInput,2,325.633,162.8165,325.633,162.8165,0.001002440748187446,0.8199291111637137,0.0,0.0
279,Device,Conv2DBackpropInput,gradient_tape/inception_v3/conv2d_8/Conv2D/Conv2DBackpropInput,2,324.608,162.304,324.608,162.304,0.0009992853500340277,0.8209283965137477,0.0,0.0
280,Device,Conv2DBackpropInput,gradient_tape/inception_v3/conv2d_5/Conv2D/Conv2DBackpropInput,2,322.561,161.2805,322.561,161.2805,0.000992983789038859,0.8219213803027866,0.0,0.0
281,Device,Conv2D,inception_v3/conv2d_29/Conv2D,2,322.561,161.2805,322.561,161.2805,0.000992983789038859,0.8229143640918255,0.0,0.0
282,Device,Conv2DBackpropInput,gradient_tape/inception_v3/conv2d_34/Conv2D/Conv2DBackpropInput,2,318.466,159.233,318.466,159.233,0.0009803775886112994,0.8238947416804367,0.0,0.0
283,Device,Conv2D,inception_v3/conv2d_80/Conv2D,4,318.465,79.61625,318.465,79.61625,0.0009803745101740764,0.8248751161906108,0.0,0.0
284,Device,Conv2DBackpropInput,gradient_tape/inception_v3/conv2d_85/Conv2D/Conv2DBackpropInput,2,311.296,155.648,311.296,155.648,0.0009583051937234839,0.8258334213843344,0.0,0.0
285,Device,Conv2D,inception_v3/conv2d_77/Conv2D,4,307.201,76.80025,307.201,76.80025,0.0009456989932959242,0.8267791203776302,0.0,0.0
286,Device,Conv2DBackpropFilter,gradient_tape/inception_v3/conv2d_71/Conv2D/Conv2DBackpropFilter,4,303.106,75.7765,303.106,75.7765,0.0009330927928683642,0.8277122131704986,0.0,0.0
287,Device,Conv2DBackpropFilter,gradient_tape/inception_v3/conv2d_86/Conv2D/Conv2DBackpropFilter,4,297.985,74.49625,297.985,74.49625,0.0009173281158501631,0.8286295412863488,0.0,0.0
288,Device,Conv2DBackpropInput,gradient_tape/inception_v3/conv2d_80/Conv2D/Conv2DBackpropInput,4,296.96,74.24,296.96,74.24,0.0009141727176967445,0.8295437140040456,0.0,0.0
289,Device,Conv2D,inception_v3/conv2d_93/Conv2D,4,294.914,73.7285,294.914,73.7285,0.0009078742351387989,0.8304515882391844,0.0,0.0
290,Device,Conv2DBackpropFilter,gradient_tape/inception_v3/conv2d_78/Conv2D/Conv2DBackpropFilter,4,293.89,73.4725,293.89,73.4725,0.0009047219154226032,0.831356310154607,0.0,0.0
291,Device,Conv2DBackpropFilter,gradient_tape/inception_v3/conv2d_82/Conv2D/Conv2DBackpropFilter,4,292.865,73.21625,292.865,73.21625,0.0009015665172691848,0.8322578766718761,0.0,0.0
292,Device,Conv2DBackpropFilter,gradient_tape/inception_v3/conv2d_87/Conv2D/Conv2DBackpropFilter,4,291.842,72.9605,291.842,72.9605,0.0008984172759902119,0.8331562939478663,0.0,0.0
293,Device,Conv2DBackpropInput,gradient_tape/inception_v3/conv2d_6/Conv2D/Conv2DBackpropInput,2,291.84,145.92,291.84,145.92,0.0008984111191157661,0.8340547050669821,0.0,0.0
294,Device,Conv2DBackpropFilter,gradient_tape/inception_v3/conv2d_91/Conv2D/Conv2DBackpropFilter,4,291.84,72.96,291.84,72.96,0.0008984111191157661,0.8349531161860979,0.0,0.0
295,Device,Conv2DBackpropFilter,gradient_tape/inception_v3/conv2d_85/Conv2D/Conv2DBackpropFilter,4,288.77,72.1925,288.77,72.1925,0.0008889603168416248,0.8358420765029395,0.0,0.0
296,Device,Conv2D,inception_v3/conv2d_71/Conv2D,4,286.721,71.68025,286.721,71.68025,0.0008826525989720107,0.8367247291019115,0.0,0.0
297,Device,Conv2D,inception_v3/conv2d_76/Conv2D,4,283.65,70.9125,283.65,70.9125,0.0008731987182606464,0.8375979278201722,0.0,0.0
298,Device,Conv2D,inception_v3/conv2d_32/Conv2D,4,277.505,69.37625,277.505,69.37625,0.0008542817215262497,0.8384522095416984,0.0,0.0
299,Device,MaxPool,inception_v3/max_pooling2d_2/MaxPool,2,276.481,138.2405,276.481,138.2405,0.0008511294018100539,0.8393033389435085,0.0,0.0
300,Device,Conv2D,inception_v3/conv2d_36/Conv2D,4,273.409,68.35225,273.409,68.35225,0.000841672442661467,0.8401450113861699,0.0,0.0
301,Device,ConcatV2,inception_v3/mixed4/concat,8,271.361,33.920125,271.361,33.920125,0.0008353678032290756,0.840980379189399,0.0,0.0
302,Device,Conv2D,inception_v3/conv2d_8/Conv2D,2,270.337,135.1685,270.337,135.1685,0.0008322154835128799,0.8418125946729119,0.0,0.0
303,Device,Conv2D,inception_v3/conv2d_5/Conv2D,2,269.313,134.6565,269.313,134.6565,0.0008290631637966842,0.8426416578367086,0.0,0.0
304,Device,ConcatV2,inception_v3/mixed5/concat,8,269.313,33.664125,269.313,33.664125,0.0008290631637966842,0.8434707210005054,0.0,0.0
305,Device,ConcatV2,inception_v3/mixed7/concat,8,269.312,33.664,269.312,33.664,0.0008290600853594615,0.8442997810858648,0.0,0.0
306,Device,FusedBatchNormGradV3,gradient_tape/inception_v3/batch_normalization_15/FusedBatchNormGradV3,2,268.29,134.145,268.29,134.145,0.0008259139225177115,0.8451256950083825,0.0,0.0
307,Device,FusedBatchNormGradV3,gradient_tape/inception_v3/batch_normalization_27/FusedBatchNormGradV3,2,268.29,134.145,268.29,134.145,0.0008259139225177115,0.8459516089309003,0.0,0.0
308,Device,Conv2DBackpropFilter,gradient_tape/inception_v3/conv2d_80/Conv2D/Conv2DBackpropFilter,4,267.266,66.8165,267.266,66.8165,0.0008227616028015158,0.8467743705337017,0.0,0.0
309,Device,Conv2DBackpropInput,gradient_tape/inception_v3/conv2d_77/Conv2D/Conv2DBackpropInput,4,267.265,66.81625,267.265,66.81625,0.0008227585243642929,0.8475971290580661,0.0,0.0
310,Device,ConcatV2,inception_v3/mixed6/concat,8,267.265,33.408125,267.265,33.408125,0.0008227585243642929,0.8484198875824304,0.0,0.0
311,Device,FusedBatchNormGradV3,gradient_tape/inception_v3/batch_normalization_22/FusedBatchNormGradV3,2,266.242,133.121,266.242,133.121,0.0008196092830853202,0.8492394968655157,0.0,0.0
312,Device,Conv2DBackpropInput,gradient_tape/inception_v3/conv2d_37/Conv2D/Conv2DBackpropInput,4,266.242,66.5605,266.242,66.5605,0.0008196092830853202,0.850059106148601,0.0,0.0
313,Device,Conv2DBackpropInput,gradient_tape/inception_v3/conv2d_32/Conv2D/Conv2DBackpropInput,4,266.241,66.56025,266.241,66.56025,0.0008196062046480973,0.8508787123532491,0.0,0.0
314,Device,FusedBatchNormGradV3,gradient_tape/inception_v3/batch_normalization_8/FusedBatchNormGradV3,2,265.218,132.609,265.218,132.609,0.0008164569633691245,0.8516951693166182,0.0,0.0
315,Device,FusedBatchNormGradV3,gradient_tape/inception_v3/batch_normalization_25/FusedBatchNormGradV3,2,264.194,132.097,264.194,132.097,0.0008133046436529289,0.8525084739602711,0.0,0.0
316,Device,Conv2D,inception_v3/conv2d_6/Conv2D,2,264.193,132.0965,264.193,132.0965,0.0008133015652157058,0.8533217755254868,0.0,0.0
317,Device,FusedBatchNormGradV3,gradient_tape/inception_v3/batch_normalization_18/FusedBatchNormGradV3,2,264.192,132.096,264.192,132.096,0.0008132984867784831,0.8541350740122653,0.0,0.0
318,Device,Conv2DBackpropInput,gradient_tape/inception_v3/conv2d_36/Conv2D/Conv2DBackpropInput,4,264.192,66.048,264.192,66.048,0.0008132984867784831,0.8549483724990438,0.0,0.0
319,Device,Conv2DBackpropInput,gradient_tape/inception_v3/conv2d_35/Conv2D/Conv2DBackpropInput,4,263.169,65.79225,263.169,65.79225,0.0008101492454995102,0.8557585217445433,0.0,0.0
320,Device,FusedBatchNormGradV3,gradient_tape/inception_v3/batch_normalization_12/FusedBatchNormGradV3,2,262.146,131.073,262.146,131.073,0.0008070000042205375,0.8565655217487638,0.0,0.0
321,Device,FusedBatchNormGradV3,gradient_tape/inception_v3/batch_normalization_21/FusedBatchNormGradV3,2,262.146,131.073,262.146,131.073,0.0008070000042205375,0.8573725217529843,0.0,0.0
322,Device,Conv2D,inception_v3/conv2d_35/Conv2D,4,262.145,65.53625,262.145,65.53625,0.0008069969257833145,0.8581795186787676,0.0,0.0
323,Device,ConcatV2,inception_v3/mixed3/concat,6,262.145,43.69083333333333,262.145,43.69083333333333,0.0008069969257833145,0.858986515604551,0.0,0.0
324,Device,FusedBatchNormGradV3,gradient_tape/inception_v3/batch_normalization_14/FusedBatchNormGradV3,2,262.144,131.072,262.144,131.072,0.0008069938473460917,0.859793509451897,0.0,0.0
325,Device,FusedBatchNormGradV3,gradient_tape/inception_v3/batch_normalization_19/FusedBatchNormGradV3,2,262.144,131.072,262.144,131.072,0.0008069938473460917,0.8606005032992431,0.0,0.0
326,Device,FusedBatchNormGradV3,gradient_tape/inception_v3/batch_normalization_5/FusedBatchNormGradV3,2,261.122,130.561,261.122,130.561,0.0008038476845043418,0.8614043509837475,0.0,0.0
327,Device,FusedBatchNormGradV3,gradient_tape/inception_v3/batch_normalization_7/FusedBatchNormGradV3,2,260.096,130.048,260.096,130.048,0.0008006892079137004,0.8622050401916611,0.0,0.0
328,Device,Conv2DBackpropInput,gradient_tape/inception_v3/conv2d_11/Conv2D/Conv2DBackpropInput,2,253.953,126.9765,253.953,126.9765,0.0007817783680537493,0.8629868185597148,0.0,0.0
329,Device,Conv2D,inception_v3/conv2d_37/Conv2D,4,252.93,63.2325,252.93,63.2325,0.0007786291267747764,0.8637654476864896,0.0,0.0
330,Device,Mean,inception_v3/avg_pool/Mean,2,250.881,125.4405,250.881,125.4405,0.0007723214089051622,0.8645377690953947,0.0,0.0
331,Device,FusedBatchNormV3,inception_v3/batch_normalization_23/FusedBatchNormV3,4,245.761,61.44025,245.761,61.44025,0.0007565598103241838,0.8652943289057189,0.0,0.0
332,Device,FusedBatchNormV3,inception_v3/batch_normalization_28/FusedBatchNormV3,4,244.738,61.1845,244.738,61.1845,0.0007534105690452111,0.8660477394747641,0.0,0.0
333,Device,FusedBatchNormV3,inception_v3/batch_normalization_10/FusedBatchNormV3,4,244.737,61.18425,244.737,61.18425,0.0007534074906079881,0.8668011469653721,0.0,0.0
334,Device,FusedBatchNormV3,inception_v3/batch_normalization_16/FusedBatchNormV3,4,243.713,60.92825,243.713,60.92825,0.0007502551708917925,0.8675514021362639,0.0,0.0
335,Device,FusedBatchNormV3,inception_v3/batch_normalization_24/FusedBatchNormV3,4,243.713,60.92825,243.713,60.92825,0.0007502551708917925,0.8683016573071557,0.0,0.0
336,Device,FusedBatchNormV3,inception_v3/batch_normalization_9/FusedBatchNormV3,4,243.713,60.92825,243.713,60.92825,0.0007502551708917925,0.8690519124780475,0.0,0.0
337,Device,FusedBatchNormV3,inception_v3/batch_normalization_17/FusedBatchNormV3,4,241.665,60.41625,241.665,60.41625,0.0007439505314594012,0.8697958630095068,0.0,0.0
338,Device,Conv2DBackpropInput,gradient_tape/inception_v3/conv2d_93/Conv2D/Conv2DBackpropInput,2,238.594,119.297,238.594,119.297,0.000734496650748037,0.8705303596602548,0.0,0.0
339,Device,Conv2DBackpropFilter,gradient_tape/inception_v3/conv2d_77/Conv2D/Conv2DBackpropFilter,2,235.52,117.76,235.52,117.76,0.0007250335347250043,0.8712553931949798,0.0,0.0
340,Device,Conv2D,inception_v3/conv2d_31/Conv2D,2,230.401,115.2005,230.401,115.2005,0.0007092750145812488,0.8719646682095611,0.0,0.0
341,Device,Conv2D,inception_v3/conv2d_34/Conv2D,2,230.401,115.2005,230.401,115.2005,0.0007092750145812488,0.8726739432241424,0.0,0.0
342,Device,Conv2DBackpropFilter,gradient_tape/inception_v3/conv2d_76/Conv2D/Conv2DBackpropFilter,4,226.305,56.57625,226.305,56.57625,0.0006966657357164661,0.8733706089598589,0.0,0.0
343,Device,Conv2DBackpropFilter,gradient_tape/inception_v3/conv2d_83/Conv2D/Conv2DBackpropFilter,4,223.233,55.80825,223.233,55.80825,0.0006872087765678791,0.8740578177364268,0.0,0.0
344,Device,Conv2DBackpropFilter,gradient_tape/inception_v3/conv2d_79/Conv2D/Conv2DBackpropFilter,4,223.232,55.808,223.232,55.808,0.0006872056981306562,0.8747450234345574,0.0,0.0
345,Device,Conv2DBackpropFilter,gradient_tape/inception_v3/conv2d_88/Conv2D/Conv2DBackpropFilter,4,221.186,55.2965,221.186,55.2965,0.0006809072155727106,0.8754259306501301,0.0,0.0
346,Device,Conv2DBackpropFilter,gradient_tape/inception_v3/conv2d_92/Conv2D/Conv2DBackpropFilter,4,221.185,55.29625,221.185,55.29625,0.0006809041371354877,0.8761068347872656,0.0,0.0
347,Device,ReluGrad,gradient_tape/inception_v3/activation_10/ReluGrad,2,218.114,109.057,218.114,109.057,0.0006714502564241236,0.8767782850436897,0.0,0.0
348,Device,ReluGrad,gradient_tape/inception_v3/activation_23/ReluGrad,2,218.114,109.057,218.114,109.057,0.0006714502564241236,0.8774497353001138,0.0,0.0
349,Device,ReluGrad,gradient_tape/inception_v3/activation_9/ReluGrad,2,218.114,109.057,218.114,109.057,0.0006714502564241236,0.878121185556538,0.0,0.0
350,Device,ReluGrad,gradient_tape/inception_v3/activation_28/ReluGrad,2,218.113,109.0565,218.113,109.0565,0.0006714471779869008,0.8787926327345249,0.0,0.0
351,Device,ReluGrad,gradient_tape/inception_v3/activation_24/ReluGrad,2,218.112,109.056,218.112,109.056,0.0006714440995496778,0.8794640768340746,0.0,0.0
352,Device,ReluGrad,gradient_tape/inception_v3/activation_17/ReluGrad,2,217.09,108.545,217.09,108.545,0.0006682979367079279,0.8801323747707825,0.0,0.0
353,Device,ReluGrad,gradient_tape/inception_v3/activation_16/ReluGrad,2,215.04,107.52,215.04,107.52,0.0006619871404010909,0.8807943619111837,0.0,0.0
354,Device,FusedBatchNormGradV3,gradient_tape/inception_v3/batch_normalization_13/FusedBatchNormGradV3,2,214.018,107.009,214.018,107.009,0.0006588409775593409,0.881453202888743,0.0,0.0
355,Device,FusedBatchNormGradV3,gradient_tape/inception_v3/batch_normalization_20/FusedBatchNormGradV3,2,214.016,107.008,214.016,107.008,0.0006588348206848952,0.8821120377094278,0.0,0.0
356,Device,Conv2D,inception_v3/conv2d_75/Conv2D,4,210.945,52.73625,210.945,52.73625,0.000649380939973531,0.8827614186494014,0.0,0.0
357,Device,FusedBatchNormGradV3,gradient_tape/inception_v3/batch_normalization_6/FusedBatchNormGradV3,2,210.944,105.472,210.944,105.472,0.0006493778615363081,0.8834107965109377,0.0,0.0
358,Device,Conv2D,inception_v3/conv2d_87/Conv2D,4,201.729,50.43225,201.729,50.43225,0.00062101006252777,0.8840318065734655,0.0,0.0
359,Device,Conv2D,inception_v3/conv2d_83/Conv2D,4,200.705,50.17625,200.705,50.17625,0.0006178577428115744,0.884649664316277,0.0,0.0
360,Device,Conv2D,inception_v3/conv2d_79/Conv2D,4,199.681,49.92025,199.681,49.92025,0.0006147054230953787,0.8852643697393724,0.0,0.0
361,Device,Conv2D,inception_v3/conv2d_82/Conv2D,4,199.681,49.92025,199.681,49.92025,0.0006147054230953787,0.8858790751624678,0.0,0.0
362,Device,Conv2D,inception_v3/conv2d_91/Conv2D,4,199.681,49.92025,199.681,49.92025,0.0006147054230953787,0.8864937805855632,0.0,0.0
363,Device,Conv2D,inception_v3/conv2d_88/Conv2D,4,198.657,49.66425,198.657,49.66425,0.0006115531033791831,0.8871053336889424,0.0,0.0
364,Device,Conv2DBackpropInput,gradient_tape/inception_v3/conv2d_79/Conv2D/Conv2DBackpropInput,4,197.633,49.40825,197.633,49.40825,0.0006084007836629874,0.8877137344726054,0.0,0.0
365,Device,Conv2DBackpropFilter,gradient_tape/inception_v3/conv2d_75/Conv2D/Conv2DBackpropFilter,2,197.632,98.816,197.632,98.816,0.0006083977052257645,0.8883221321778312,0.0,0.0
366,Device,Conv2DBackpropInput,gradient_tape/inception_v3/conv2d_83/Conv2D/Conv2DBackpropInput,4,197.632,49.408,197.632,49.408,0.0006083977052257645,0.888930529883057,0.0,0.0
367,Device,Conv2D,inception_v3/conv2d_78/Conv2D,4,197.632,49.408,197.632,49.408,0.0006083977052257645,0.8895389275882828,0.0,0.0
368,Device,Conv2D,inception_v3/conv2d_92/Conv2D,4,196.609,49.15225,196.609,49.15225,0.0006052484639467916,0.8901441760522296,0.0,0.0
369,Device,Conv2DBackpropInput,gradient_tape/inception_v3/conv2d_78/Conv2D/Conv2DBackpropInput,4,196.608,49.152,196.608,49.152,0.0006052453855095688,0.8907494214377392,0.0,0.0
370,Device,Conv2DBackpropInput,gradient_tape/inception_v3/conv2d_88/Conv2D/Conv2DBackpropInput,4,196.608,49.152,196.608,49.152,0.0006052453855095688,0.8913546668232487,0.0,0.0
371,Device,Conv2DBackpropInput,gradient_tape/inception_v3/conv2d_76/Conv2D/Conv2DBackpropInput,2,194.561,97.2805,194.561,97.2805,0.0005989438245144003,0.8919536106477631,0.0,0.0
372,Device,Conv2DBackpropInput,gradient_tape/inception_v3/conv2d_82/Conv2D/Conv2DBackpropInput,4,194.56,48.64,194.56,48.64,0.0005989407460771774,0.8925525513938403,0.0,0.0
373,Device,Conv2DBackpropInput,gradient_tape/inception_v3/conv2d_87/Conv2D/Conv2DBackpropInput,4,193.537,48.38425,193.537,48.38425,0.0005957915047982047,0.8931483428986384,0.0,0.0
374,Device,Conv2DBackpropInput,gradient_tape/inception_v3/conv2d_92/Conv2D/Conv2DBackpropInput,4,193.537,48.38425,193.537,48.38425,0.0005957915047982047,0.8937441344034366,0.0,0.0
375,Device,Conv2DBackpropInput,gradient_tape/inception_v3/conv2d_91/Conv2D/Conv2DBackpropInput,4,192.513,48.12825,192.513,48.12825,0.000592639185082009,0.8943367735885186,0.0,0.0
376,Device,Conv2DBackpropFilter,gradient_tape/inception_v3/conv2d_93/Conv2D/Conv2DBackpropFilter,2,186.369,93.1845,186.369,93.1845,0.000573725266784835,0.8949104988553034,0.0,0.0
377,Device,Conv2D,inception_v3/conv2d_84/Conv2D,2,186.369,93.1845,186.369,93.1845,0.000573725266784835,0.8954842241220882,0.0,0.0
378,Device,ReluGrad,gradient_tape/inception_v3/activation_26/ReluGrad,2,185.345,92.6725,185.345,92.6725,0.0005705729470686393,0.8960547970691568,0.0,0.0
379,Device,Conv2D,inception_v3/conv2d_11/Conv2D,2,181.249,90.6245,181.249,90.6245,0.0005579636682038566,0.8966127607373606,0.0,0.0
380,Device,FusedBatchNormV3,inception_v3/batch_normalization_18/FusedBatchNormV3,4,180.225,45.05625,180.225,45.05625,0.0005548113484876609,0.8971675720858483,0.0,0.0
381,Device,FusedBatchNormV3,inception_v3/batch_normalization_7/FusedBatchNormV3,4,180.225,45.05625,180.225,45.05625,0.0005548113484876609,0.897722383434336,0.0,0.0
382,Device,FusedBatchNormV3,inception_v3/batch_normalization_14/FusedBatchNormV3,4,180.224,45.056,180.224,45.056,0.000554808270050438,0.8982771917043864,0.0,0.0
383,Device,FusedBatchNormV3,inception_v3/batch_normalization_12/FusedBatchNormV3,4,178.177,44.54425,178.177,44.54425,0.0005485067090552695,0.8988256984134416,0.0,0.0
384,Device,FusedBatchNormV3,inception_v3/batch_normalization_21/FusedBatchNormV3,4,178.177,44.54425,178.177,44.54425,0.0005485067090552695,0.8993742051224969,0.0,0.0
385,Device,FusedBatchNormV3,inception_v3/batch_normalization_22/FusedBatchNormV3,4,178.177,44.54425,178.177,44.54425,0.0005485067090552695,0.8999227118315521,0.0,0.0
386,Device,FusedBatchNormV3,inception_v3/batch_normalization_25/FusedBatchNormV3,4,178.177,44.54425,178.177,44.54425,0.0005485067090552695,0.9004712185406074,0.0,0.0
387,Device,FusedBatchNormV3,inception_v3/batch_normalization_5/FusedBatchNormV3,4,178.177,44.54425,178.177,44.54425,0.0005485067090552695,0.9010197252496627,0.0,0.0
388,Device,FusedBatchNormV3,inception_v3/batch_normalization_19/FusedBatchNormV3,4,178.176,44.544,178.176,44.544,0.0005485036306180467,0.9015682288802808,0.0,0.0
389,Device,FusedBatchNormV3,inception_v3/batch_normalization_27/FusedBatchNormV3,4,178.176,44.544,178.176,44.544,0.0005485036306180467,0.9021167325108989,0.0,0.0
390,Device,FusedBatchNormV3,inception_v3/batch_normalization_8/FusedBatchNormV3,4,177.153,44.28825,177.153,44.28825,0.0005453543893390738,0.902662086900238,0.0,0.0
391,Device,FusedBatchNormV3,inception_v3/batch_normalization_15/FusedBatchNormV3,4,177.152,44.288,177.152,44.288,0.000545351310901851,0.9032074382111398,0.0,0.0
392,Device,AddN,SGD/gradients/AddN_2,2,175.104,87.552,175.104,87.552,0.0005390466714694597,0.9037464848826092,0.0,0.0
393,Device,FusedBatchNormGradV3,gradient_tape/inception_v3/batch_normalization_11/FusedBatchNormGradV3,2,173.056,86.528,173.056,86.528,0.0005327420320370684,0.9042792269146462,0.0,0.0
394,Device,FusedBatchNormGradV3,gradient_tape/inception_v3/batch_normalization_62/FusedBatchNormGradV3,2,172.033,86.0165,172.033,86.0165,0.0005295927907580956,0.9048088197054044,0.0,0.0
395,Device,FusedBatchNormGradV3,gradient_tape/inception_v3/batch_normalization_39/FusedBatchNormGradV3,2,171.008,85.504,171.008,85.504,0.0005264373926046771,0.9053352570980091,0.0,0.0
396,Device,FusedBatchNormGradV3,gradient_tape/inception_v3/batch_normalization_49/FusedBatchNormGradV3,2,169.985,84.9925,169.985,84.9925,0.0005232881513257043,0.9058585452493348,0.0,0.0
397,Device,FusedBatchNormGradV3,gradient_tape/inception_v3/batch_normalization_59/FusedBatchNormGradV3,2,169.985,84.9925,169.985,84.9925,0.0005232881513257043,0.9063818334006606,0.0,0.0
398,Device,FusedBatchNormGradV3,gradient_tape/inception_v3/batch_normalization_70/FusedBatchNormGradV3,2,169.984,84.992,169.984,84.992,0.0005232850728884813,0.906905118473549,0.0,0.0
399,Device,FusedBatchNormGradV3,gradient_tape/inception_v3/batch_normalization_61/FusedBatchNormGradV3,2,168.96,84.48,168.96,84.48,0.0005201327531722857,0.9074252512267214,0.0,0.0
400,Device,FusedBatchNormGradV3,gradient_tape/inception_v3/batch_normalization_33/FusedBatchNormGradV3,2,167.938,83.969,167.938,83.969,0.0005169865903305356,0.9079422378170519,0.0,0.0
401,Device,FusedBatchNormGradV3,gradient_tape/inception_v3/batch_normalization_64/FusedBatchNormGradV3,2,167.938,83.969,167.938,83.969,0.0005169865903305356,0.9084592244073824,0.0,0.0
402,Device,FusedBatchNormGradV3,gradient_tape/inception_v3/batch_normalization_69/FusedBatchNormGradV3,2,167.938,83.969,167.938,83.969,0.0005169865903305356,0.9089762109977129,0.0,0.0
403,Device,FusedBatchNormGradV3,gradient_tape/inception_v3/batch_normalization_72/FusedBatchNormGradV3,2,167.938,83.969,167.938,83.969,0.0005169865903305356,0.9094931975880434,0.0,0.0
404,Device,FusedBatchNormGradV3,gradient_tape/inception_v3/batch_normalization_53/FusedBatchNormGradV3,2,167.937,83.9685,167.937,83.9685,0.0005169835118933129,0.9100101810999367,0.0,0.0
405,Device,FusedBatchNormGradV3,gradient_tape/inception_v3/batch_normalization_65/FusedBatchNormGradV3,2,167.937,83.9685,167.937,83.9685,0.0005169835118933129,0.91052716461183,0.0,0.0
406,Device,FusedBatchNormGradV3,gradient_tape/inception_v3/batch_normalization_73/FusedBatchNormGradV3,2,167.937,83.9685,167.937,83.9685,0.0005169835118933129,0.9110441481237234,0.0,0.0
407,Device,FusedBatchNormGradV3,gradient_tape/inception_v3/batch_normalization_30/FusedBatchNormGradV3,2,167.936,83.968,167.936,83.968,0.00051698043345609,0.9115611285571794,0.0,0.0
408,Device,FusedBatchNormGradV3,gradient_tape/inception_v3/batch_normalization_38/FusedBatchNormGradV3,2,167.936,83.968,167.936,83.968,0.00051698043345609,0.9120781089906355,0.0,0.0
409,Device,FusedBatchNormGradV3,gradient_tape/inception_v3/batch_normalization_63/FusedBatchNormGradV3,2,167.936,83.968,167.936,83.968,0.00051698043345609,0.9125950894240915,0.0,0.0
410,Device,FusedBatchNormGradV3,gradient_tape/inception_v3/batch_normalization_66/FusedBatchNormGradV3,2,167.936,83.968,167.936,83.968,0.00051698043345609,0.9131120698575476,0.0,0.0
411,Device,FusedBatchNormGradV3,gradient_tape/inception_v3/batch_normalization_48/FusedBatchNormGradV3,2,166.913,83.4565,166.913,83.4565,0.0005138311921771173,0.9136259010497246,0.0,0.0
412,Device,FusedBatchNormGradV3,gradient_tape/inception_v3/batch_normalization_40/FusedBatchNormGradV3,2,166.912,83.456,166.912,83.456,0.0005138281137398944,0.9141397291634645,0.0,0.0
413,Device,FusedBatchNormGradV3,gradient_tape/inception_v3/batch_normalization_60/FusedBatchNormGradV3,2,166.912,83.456,166.912,83.456,0.0005138281137398944,0.9146535572772044,0.0,0.0
414,Device,FusedBatchNormGradV3,gradient_tape/inception_v3/batch_normalization_74/FusedBatchNormGradV3,2,166.912,83.456,166.912,83.456,0.0005138281137398944,0.9151673853909443,0.0,0.0
415,Device,FusedBatchNormGradV3,gradient_tape/inception_v3/batch_normalization_68/FusedBatchNormGradV3,2,165.89,82.945,165.89,82.945,0.0005106819508981443,0.9156780673418424,0.0,0.0
416,Device,FusedBatchNormGradV3,gradient_tape/inception_v3/batch_normalization_43/FusedBatchNormGradV3,2,165.889,82.9445,165.889,82.9445,0.0005106788724609215,0.9161887462143034,0.0,0.0
417,Device,FusedBatchNormGradV3,gradient_tape/inception_v3/batch_normalization_58/FusedBatchNormGradV3,2,165.889,82.9445,165.889,82.9445,0.0005106788724609215,0.9166994250867643,0.0,0.0
418,Device,FusedBatchNormGradV3,gradient_tape/inception_v3/batch_normalization_50/FusedBatchNormGradV3,2,165.888,82.944,165.888,82.944,0.0005106757940236987,0.917210100880788,0.0,0.0
419,Device,FusedBatchNormGradV3,gradient_tape/inception_v3/batch_normalization_67/FusedBatchNormGradV3,2,165.888,82.944,165.888,82.944,0.0005106757940236987,0.9177207766748118,0.0,0.0
420,Device,MaxPool,inception_v3/max_pooling2d_3/MaxPool,2,162.816,81.408,162.816,81.408,0.0005012188348751116,0.9182219955096869,0.0,0.0
421,Device,Conv2DBackpropFilter,gradient_tape/inception_v3/conv2d_84/Conv2D/Conv2DBackpropFilter,2,160.769,80.3845,160.769,80.3845,0.0004949172738799432,0.9187169127835668,0.0,0.0
422,Device,Slice,gradient_tape/inception_v3/mixed2/Slice_2,2,156.672,78.336,156.672,78.336,0.00048230491657793765,0.9191992177001448,0.0,0.0
423,Device,Slice,gradient_tape/inception_v3/mixed0/Slice_2,2,155.65,77.825,155.65,77.825,0.0004791587537361877,0.919678376453881,0.0,0.0
424,Device,Slice,gradient_tape/inception_v3/mixed1/Slice_2,2,155.648,77.824,155.648,77.824,0.00047915259686174194,0.9201575290507427,0.0,0.0
425,Device,FusedBatchNormV3,inception_v3/batch_normalization_26/FusedBatchNormV3,4,152.577,38.14425,152.577,38.14425,0.0004696987161503778,0.920627227766893,0.0,0.0
426,Device,FusedBatchNormV3,inception_v3/batch_normalization_13/FusedBatchNormV3,4,149.505,37.37625,149.505,37.37625,0.0004602417570017908,0.9210874695238948,0.0,0.0
427,Device,FusedBatchNormV3,inception_v3/batch_normalization_20/FusedBatchNormV3,4,149.505,37.37625,149.505,37.37625,0.0004602417570017908,0.9215477112808965,0.0,0.0
428,Device,FusedBatchNormV3,inception_v3/batch_normalization_6/FusedBatchNormV3,4,149.504,37.376,149.504,37.376,0.00046023867856456795,0.9220079499594611,0.0,0.0
429,Device,Conv2DBackpropInput,gradient_tape/inception_v3/conv2d_84/Conv2D/Conv2DBackpropInput,2,148.48,74.24,148.48,74.24,0.00045708635884837224,0.9224650363183095,0.0,0.0
430,Device,ReluGrad,gradient_tape/inception_v3/activation_18/ReluGrad,2,147.458,73.729,147.458,73.729,0.0004539401960066223,0.9229189765143161,0.0,0.0
431,Device,ReluGrad,gradient_tape/inception_v3/activation_12/ReluGrad,2,146.432,73.216,146.432,73.216,0.0004507817194159809,0.923369758233732,0.0,0.0
432,Device,ReluGrad,gradient_tape/inception_v3/activation_25/ReluGrad,2,146.432,73.216,146.432,73.216,0.0004507817194159809,0.923820539953148,0.0,0.0
433,Device,ReluGrad,gradient_tape/inception_v3/activation_8/ReluGrad,2,146.432,73.216,146.432,73.216,0.0004507817194159809,0.9242713216725639,0.0,0.0
434,Device,ReluGrad,gradient_tape/inception_v3/activation_19/ReluGrad,2,145.409,72.7045,145.409,72.7045,0.00044763247813700807,0.9247189541507009,0.0,0.0
435,Device,ReluGrad,gradient_tape/inception_v3/activation_21/ReluGrad,2,145.409,72.7045,145.409,72.7045,0.00044763247813700807,0.925166586628838,0.0,0.0
436,Device,ReluGrad,gradient_tape/inception_v3/activation_14/ReluGrad,2,145.408,72.704,145.408,72.704,0.0004476293996997852,0.9256142160285378,0.0,0.0
437,Device,ReluGrad,gradient_tape/inception_v3/activation_15/ReluGrad,2,145.408,72.704,145.408,72.704,0.0004476293996997852,0.9260618454282376,0.0,0.0
438,Device,FusedBatchNormGradV3,gradient_tape/inception_v3/batch_normalization_42/FusedBatchNormGradV3,2,144.386,72.193,144.386,72.193,0.00044448323685803527,0.9265063286650956,0.0,0.0
439,Device,ReluGrad,gradient_tape/inception_v3/activation_5/ReluGrad,2,144.384,72.192,144.384,72.192,0.00044447707998358956,0.9269508057450793,0.0,0.0
440,Device,ReluGrad,gradient_tape/inception_v3/activation_7/ReluGrad,2,144.384,72.192,144.384,72.192,0.00044447707998358956,0.9273952828250629,0.0,0.0
441,Device,FusedBatchNormGradV3,gradient_tape/inception_v3/batch_normalization_52/FusedBatchNormGradV3,2,143.362,71.681,143.362,71.681,0.0004413309171418396,0.9278366137422047,0.0,0.0
442,Device,ReluGrad,gradient_tape/inception_v3/activation_22/ReluGrad,2,143.36,71.68,143.36,71.68,0.00044132476026739395,0.9282779385024721,0.0,0.0
443,Device,ReluGrad,gradient_tape/inception_v3/activation_27/ReluGrad,2,143.36,71.68,143.36,71.68,0.00044132476026739395,0.9287192632627395,0.0,0.0
444,Device,FusedBatchNormGradV3,gradient_tape/inception_v3/batch_normalization_41/FusedBatchNormGradV3,2,143.36,71.68,143.36,71.68,0.00044132476026739395,0.9291605880230068,0.0,0.0
445,Device,FusedBatchNormGradV3,gradient_tape/inception_v3/batch_normalization_51/FusedBatchNormGradV3,2,143.36,71.68,143.36,71.68,0.00044132476026739395,0.9296019127832742,0.0,0.0
446,Device,Relu,inception_v3/activation_24/Relu,2,142.337,71.1685,142.337,71.1685,0.00043817551898842104,0.9300400883022626,0.0,0.0
447,Device,SoftmaxCrossEntropyWithLogits,categorical_crossentropy/softmax_cross_entropy_with_logits,2,141.313,70.6565,141.313,70.6565,0.0004350231992722254,0.9304751115015348,0.0,0.0
448,Device,FusedBatchNormGradV3,gradient_tape/inception_v3/batch_normalization_46/FusedBatchNormGradV3,2,141.313,70.6565,141.313,70.6565,0.0004350231992722254,0.9309101347008071,0.0,0.0
449,Device,FusedBatchNormGradV3,gradient_tape/inception_v3/batch_normalization_45/FusedBatchNormGradV3,2,141.312,70.656,141.312,70.656,0.00043502012083500264,0.931345154821642,0.0,0.0
450,Device,FusedBatchNormGradV3,gradient_tape/inception_v3/batch_normalization_47/FusedBatchNormGradV3,2,141.312,70.656,141.312,70.656,0.00043502012083500264,0.931780174942477,0.0,0.0
451,Device,Relu,inception_v3/activation_16/Relu,2,141.312,70.656,141.312,70.656,0.00043502012083500264,0.932215195063312,0.0,0.0
452,Device,Relu,inception_v3/activation_17/Relu,2,140.289,70.1445,140.289,70.1445,0.00043187087955602973,0.932647065942868,0.0,0.0
453,Device,Relu,inception_v3/activation_9/Relu,2,140.289,70.1445,140.289,70.1445,0.00043187087955602973,0.9330789368224239,0.0,0.0
454,Device,FusedBatchNormGradV3,gradient_tape/inception_v3/batch_normalization_56/FusedBatchNormGradV3,2,140.288,70.144,140.288,70.144,0.00043186780111880693,0.9335108046235427,0.0,0.0
455,Device,FusedBatchNormGradV3,gradient_tape/inception_v3/batch_normalization_57/FusedBatchNormGradV3,2,140.288,70.144,140.288,70.144,0.00043186780111880693,0.9339426724246616,0.0,0.0
456,Device,Relu,inception_v3/activation_10/Relu,2,140.288,70.144,140.288,70.144,0.00043186780111880693,0.9343745402257804,0.0,0.0
457,Device,Relu,inception_v3/activation_28/Relu,2,140.288,70.144,140.288,70.144,0.00043186780111880693,0.9348064080268992,0.0,0.0
458,Device,FusedBatchNormGradV3,gradient_tape/inception_v3/batch_normalization_44/FusedBatchNormGradV3,2,139.264,69.632,139.264,69.632,0.0004287154814026113,0.9352351235083018,0.0,0.0
459,Device,FusedBatchNormGradV3,gradient_tape/inception_v3/batch_normalization_54/FusedBatchNormGradV3,2,139.264,69.632,139.264,69.632,0.0004287154814026113,0.9356638389897045,0.0,0.0
460,Device,Relu,inception_v3/activation_23/Relu,2,139.264,69.632,139.264,69.632,0.0004287154814026113,0.9360925544711072,0.0,0.0
461,Device,FusedBatchNormGradV3,gradient_tape/inception_v3/batch_normalization_55/FusedBatchNormGradV3,2,138.24,69.12,138.24,69.12,0.0004255631616864156,0.9365181176327936,0.0,0.0
462,Device,Slice,gradient_tape/inception_v3/mixed3/Slice,2,126.976,63.488,126.976,63.488,0.0003908876448082632,0.9369090052776018,0.0,0.0
463,Device,FusedBatchNormV3,inception_v3/batch_normalization_11/FusedBatchNormV3,4,123.904,30.976,123.904,30.976,0.00038143068565967616,0.9372904359632614,0.0,0.0
464,Device,Relu,inception_v3/activation_26/Relu,2,119.809,59.9045,119.809,59.9045,0.00036882448523211633,0.9376592604484936,0.0,0.0
465,Device,FusedBatchNormGradV3,gradient_tape/inception_v3/batch_normalization_37/FusedBatchNormGradV3,2,117.76,58.88,117.76,58.88,0.00036251676736250216,0.9380217772158561,0.0,0.0
466,Device,FusedBatchNormGradV3,gradient_tape/inception_v3/batch_normalization_31/FusedBatchNormGradV3,2,116.737,58.3685,116.737,58.3685,0.0003593675260835293,0.9383811447419397,0.0,0.0
467,Device,FusedBatchNormGradV3,gradient_tape/inception_v3/batch_normalization_32/FusedBatchNormGradV3,2,115.712,57.856,115.712,57.856,0.0003562121279301108,0.9387373568698698,0.0,0.0
468,Device,AddN,SGD/gradients/AddN_5,2,112.641,56.3205,112.641,56.3205,0.0003467582472187467,0.9390841151170886,0.0,0.0
469,Device,FusedBatchNormGradV3,gradient_tape/inception_v3/batch_normalization_35/FusedBatchNormGradV3,2,112.641,56.3205,112.641,56.3205,0.0003467582472187467,0.9394308733643073,0.0,0.0
470,Device,FusedBatchNormGradV3,gradient_tape/inception_v3/batch_normalization_36/FusedBatchNormGradV3,2,112.641,56.3205,112.641,56.3205,0.0003467582472187467,0.939777631611526,0.0,0.0
471,Device,FusedBatchNormGradV3,gradient_tape/inception_v3/batch_normalization_34/FusedBatchNormGradV3,2,112.64,56.32,112.64,56.32,0.0003467551687815238,0.9401243867803076,0.0,0.0
472,Device,ReluGrad,gradient_tape/inception_v3/activation_20/ReluGrad,2,108.544,54.272,108.544,54.272,0.0003341458899167411,0.9404585326702244,0.0,0.0
473,Device,ReluGrad,gradient_tape/inception_v3/activation_6/ReluGrad,2,108.544,54.272,108.544,54.272,0.0003341458899167411,0.9407926785601411,0.0,0.0
474,Device,ReluGrad,gradient_tape/inception_v3/activation_13/ReluGrad,2,107.522,53.761,107.522,53.761,0.00033099972707499115,0.9411236782872161,0.0,0.0
475,Device,Slice,gradient_tape/inception_v3/mixed2/Slice_1,2,107.522,53.761,107.522,53.761,0.00033099972707499115,0.9414546780142911,0.0,0.0
476,Device,Slice,gradient_tape/inception_v3/mixed1/Slice,2,107.52,53.76,107.52,53.76,0.00033099357020054544,0.9417856715844916,0.0,0.0
477,Device,Slice,gradient_tape/inception_v3/mixed2/Slice,2,107.52,53.76,107.52,53.76,0.00033099357020054544,0.9421166651546921,0.0,0.0
478,Device,Slice,gradient_tape/inception_v3/mixed0/Slice,2,105.472,52.736,105.472,52.736,0.00032468893076815407,0.9424413540854603,0.0,0.0
479,Device,Slice,gradient_tape/inception_v3/mixed0/Slice_1,2,105.472,52.736,105.472,52.736,0.00032468893076815407,0.9427660430162285,0.0,0.0
480,Device,Slice,gradient_tape/inception_v3/mixed1/Slice_1,2,105.472,52.736,105.472,52.736,0.00032468893076815407,0.9430907319469967,0.0,0.0
481,Device,Slice,gradient_tape/inception_v3/mixed2/Slice_3,2,104.448,52.224,104.448,52.224,0.0003215366110519584,0.9434122685580486,0.0,0.0
482,Device,Slice,gradient_tape/inception_v3/mixed1/Slice_3,2,102.402,51.201,102.402,51.201,0.00031523812849401276,0.9437275066865426,0.0,0.0
483,Device,Slice,gradient_tape/inception_v3/mixed3/Slice_2,2,100.353,50.1765,100.353,50.1765,0.0003089304106243986,0.944036437097167,0.0,0.0
484,Device,AvgPool,inception_v3/average_pooling2d_8/AvgPool,2,99.328,49.664,99.328,49.664,0.0003057750124709801,0.944342212109638,0.0,0.0
485,Device,AvgPoolGrad,gradient_tape/inception_v3/average_pooling2d_8/AvgPoolGrad,2,98.304,49.152,98.304,49.152,0.0003026226927547844,0.9446448348023928,0.0,0.0
486,Device,Relu,inception_v3/activation_18/Relu,2,97.281,48.6405,97.281,48.6405,0.0002994734514758116,0.9449443082538687,0.0,0.0
487,Device,Relu,inception_v3/activation_25/Relu,2,97.28,48.64,97.28,48.64,0.0002994703730385887,0.9452437786269072,0.0,0.0
488,Device,ReluGrad,gradient_tape/inception_v3/activation_33/ReluGrad,2,96.257,48.1285,96.257,48.1285,0.0002963211317596159,0.9455400997586668,0.0,0.0
489,Device,ReluGrad,gradient_tape/inception_v3/activation_69/ReluGrad,2,96.257,48.1285,96.257,48.1285,0.0002963211317596159,0.9458364208904264,0.0,0.0
490,Device,ReluGrad,gradient_tape/inception_v3/activation_30/ReluGrad,2,96.256,48.128,96.256,48.128,0.00029631805332239306,0.9461327389437488,0.0,0.0
491,Device,Relu,inception_v3/activation_12/Relu,2,96.256,48.128,96.256,48.128,0.00029631805332239306,0.9464290569970712,0.0,0.0
492,Device,Relu,inception_v3/activation_15/Relu,2,96.256,48.128,96.256,48.128,0.00029631805332239306,0.9467253750503937,0.0,0.0
493,Device,Relu,inception_v3/activation_14/Relu,2,95.233,47.6165,95.233,47.6165,0.00029316881204342025,0.9470185438624371,0.0,0.0
494,Device,Relu,inception_v3/activation_21/Relu,2,95.233,47.6165,95.233,47.6165,0.00029316881204342025,0.9473117126744806,0.0,0.0
495,Device,Relu,inception_v3/activation_8/Relu,2,95.233,47.6165,95.233,47.6165,0.00029316881204342025,0.947604881486524,0.0,0.0
496,Device,Relu,inception_v3/activation_19/Relu,2,95.232,47.616,95.232,47.616,0.0002931657336061974,0.9478980472201302,0.0,0.0
497,Device,Relu,inception_v3/activation_5/Relu,2,95.232,47.616,95.232,47.616,0.0002931657336061974,0.9481912129537363,0.0,0.0
498,Device,ReluGrad,gradient_tape/inception_v3/activation_38/ReluGrad,2,94.209,47.1045,94.209,47.1045,0.0002900164923272246,0.9484812294460635,0.0,0.0
499,Device,ReluGrad,gradient_tape/inception_v3/activation_40/ReluGrad,2,94.208,47.104,94.208,47.104,0.00029001341389000174,0.9487712428599535,0.0,0.0
500,Device,ReluGrad,gradient_tape/inception_v3/activation_50/ReluGrad,2,94.208,47.104,94.208,47.104,0.00029001341389000174,0.9490612562738435,0.0,0.0
501,Host,IDLE,IDLE,0,1131722.379,0.0,1131722.379,0.0,0.0,0.0,0.973497991354313,0.973497991354313
502,Host,GatherV2,GatherV2,2,30298.25,15149.125,30298.25,15149.125,0.0,0.0,0.026062297665804854,0.9995602890201178
503,Host,GatherV2,GatherV2_1,2,111.912,55.956,111.912,55.956,0.0,0.0,9.626575318295786e-05,0.9996565547733008
504,Host,Dataset,Iterator::Root::ParallelMapV2::Zip[1]::ForeverRepeat,2,69.822,34.911,64.432,32.216,0.0,0.0,5.542385989960273e-05,0.9997119786332005
505,Host,Dataset,Iterator::Root::ParallelMapV2,2,52.942,26.471,52.942,26.471,0.0,0.0,4.55402593556737e-05,0.9997575188925562
506,Host,FlushSummaryWriter,FlushSummaryWriter,1,49.36,49.36,49.36,49.36,0.0,0.0,4.245905333754021e-05,0.9997999779458937
507,Host,IteratorGetNext,IteratorGetNext,2,36.901,18.4505,36.901,18.4505,0.0,0.0,3.1741927212491316e-05,0.9998317198731062
508,Host,LogicalAnd,LogicalAnd,1,34.15,34.15,34.15,34.15,0.0,0.0,2.9375540345968357e-05,0.9998610954134521
509,Host,Dataset,Iterator::Root::ParallelMapV2::Zip[0]::FlatMap[1]::Concatenate[0]::TensorSlice,2,30.59,15.295,30.59,15.295,0.0,0.0,2.6313258541234906e-05,0.9998874086719933
510,Host,Dataset,Iterator::Root,2,82.872,41.436,29.93,14.965,0.0,0.0,2.574553213923376e-05,0.9999131542041325
511,Host,WriteSummary,WriteSummary,1,22.2,22.2,22.2,22.2,0.0,0.0,1.909625170367489e-05,0.9999322504558362
512,Host,Dataset,Iterator::Root::ParallelMapV2::Zip[0]::FlatMap[1]::Concatenate,2,52.56,26.28,21.97,10.985,0.0,0.0,1.8898407654492673e-05,0.9999511488634907
513,Host,Dataset,Iterator::Root::ParallelMapV2::Zip,2,149.063,74.5315,16.01,8.005,0.0,0.0,1.3771666206118696e-05,0.9999649205296968
514,Host,Dataset,Iterator::Root::ParallelMapV2::Zip[0]::FlatMap,2,63.231,31.6155,10.671,5.3355,0.0,0.0,9.1791036905367e-06,0.9999740996333873
515,Host,ReadVariableOp,ReadVariableOp,1,7.23,7.23,7.23,7.23,0.0,0.0,6.219184676467093e-06,0.9999803188180638
516,Host,_Send,IteratorGetNext/_3,2,5.47,2.735,5.47,2.735,0.0,0.0,4.705247604464038e-06,0.9999850240656682
517,Host,Dataset,Iterator::Root::ParallelMapV2::Zip[1]::ForeverRepeat::FromTensor,4,5.39,1.3475,5.39,1.3475,0.0,0.0,4.6364322830093535e-06,0.9999896604979512
518,Host,_HostSend,categorical_crossentropy/softmax_cross_entropy_with_logits/Shape_2/_9,2,3.84,1.92,3.84,1.92,0.0,0.0,3.303135429824846e-06,0.9999929636333811
519,Host,_Send,IteratorGetNext/_1,2,3.63,1.815,3.63,1.815,0.0,0.0,3.1224952110062997e-06,0.9999960861285921
520,Host,Identity,Identity,2,2.95,1.475,2.95,1.475,0.0,0.0,2.5375649786414833e-06,0.9999986236935707
521,Host,_Send,IteratorGetNext/_6,2,1.6,0.8,1.6,0.8,0.0,0.0,1.3763064290936859e-06,0.9999999999999998
