Rank,Host/device,Type,Operation,#Occurrences,Total time (us),Avg. time (us),Total self-time (us),Avg. self-time (us),Total self-time on Device (%),Cumulative total-self time on Device (%),Total self-time on Host (%),Cumulative total-self time on Host (%)
1,Device,_Send,IteratorGetNext/_1,2,16543.14,8271.57,16543.14,8271.57,0.13701684752950063,0.13701684752950063,0.0,0.0
2,Device,IDLE,IDLE,0,11622.253,0.0,11622.253,0.0,0.09626010946230773,0.23327695699180837,0.0,0.0
3,Device,FusedBatchNormGradV3,gradient_tape/model/conv1_bn/FusedBatchNormGradV3,2,11490.35,5745.175,11490.35,5745.175,0.09516763649528431,0.32844459348709265,0.0,0.0
4,Device,Conv2DBackpropFilter,gradient_tape/model/conv1/Conv2D/Conv2DBackpropFilter,2,9345.062,4672.531,9345.062,4672.531,0.07739951032317506,0.4058441038102677,0.0,0.0
5,Device,MaxPoolGrad,gradient_tape/model/conv1_max_pool/MaxPool/MaxPoolGrad,2,8765.476,4382.738,8765.476,4382.738,0.07259914917092507,0.4784432529811928,0.0,0.0
6,Device,ReluGrad,gradient_tape/model/conv1/ReluGrad,2,7184.414,3592.207,7184.414,3592.207,0.05950416653832403,0.5379474195195169,0.0,0.0
7,Device,FusedBatchNormV3,model/conv1_bn/FusedBatchNormV3,4,6788.124,1697.031,6788.124,1697.031,0.05622193556479266,0.5941693550843095,0.0,0.0
8,Device,_FusedConv2D,model/conv1/Relu,2,6332.442,3166.221,6332.442,3166.221,0.052447796488659715,0.6466171515729692,0.0,0.0
9,Device,MaxPool,model/conv1_max_pool/MaxPool,2,2739.212,1369.606,2739.212,1369.606,0.022687240327711578,0.6693043919006807,0.0,0.0
10,Device,BiasAddGrad,gradient_tape/model/conv1/BiasAdd/BiasAddGrad,2,2087.945,1043.9725,2087.945,1043.9725,0.017293188700269916,0.6865975806009507,0.0,0.0
11,Device,AddN,SGD/gradients/AddN_3,2,1676.296,838.148,1676.296,838.148,0.013883748396393418,0.700481328997344,0.0,0.0
12,Device,Conv2DBackpropInput,gradient_tape/model/ResBlock21_conv1/Conv2D/Conv2DBackpropInput,2,1387.526,693.763,1387.526,693.763,0.011492040712054539,0.7119733697093986,0.0,0.0
13,Device,Conv2DBackpropInput,gradient_tape/model/ResBlock21_pooling_conv/Conv2D/Conv2DBackpropInput,2,1385.478,692.739,1385.478,692.739,0.011475078363688967,0.7234484480730876,0.0,0.0
14,Device,Conv2DBackpropFilter,gradient_tape/model/ResBlock21_conv1/Conv2D/Conv2DBackpropFilter,2,966.66,483.33,966.66,483.33,0.008006261558136309,0.7314547096312239,0.0,0.0
15,Device,Transpose,gradient_tape/model/conv1/Conv2D/Conv2DBackpropFilter-0-TransposeNHWCToNCHW-LayoutOptimizer,2,933.892,466.946,933.892,466.946,0.007734863984287168,0.7391895736155111,0.0,0.0
16,Device,Conv2DBackpropFilter,gradient_tape/model/ResBlock21_pooling_conv/Conv2D/Conv2DBackpropFilter,2,932.868,466.434,932.868,466.434,0.007726382810104382,0.7469159564256155,0.0,0.0
17,Device,Conv2DBackpropFilter,gradient_tape/model/ResBlock22_conv1/Conv2D/Conv2DBackpropFilter,2,871.428,435.714,871.428,435.714,0.007217512359137242,0.7541334687847527,0.0,0.0
18,Device,Conv2DBackpropFilter,gradient_tape/model/ResBlock22_conv2/Conv2D/Conv2DBackpropFilter,2,868.356,434.178,868.356,434.178,0.007192068836588885,0.7613255376213416,0.0,0.0
19,Device,Conv2DBackpropFilter,gradient_tape/model/ResBlock21_conv2/Conv2D/Conv2DBackpropFilter,2,859.138,429.569,859.138,429.569,0.007115721704150489,0.7684412593254921,0.0,0.0
20,Device,FusedBatchNormGradV3,gradient_tape/model/ResBlock22_bn2/FusedBatchNormGradV3,2,723.972,361.986,723.972,361.986,0.005996223276816108,0.7744374826023083,0.0,0.0
21,Device,FusedBatchNormGradV3,gradient_tape/model/ResBlock22_bn1/FusedBatchNormGradV3,2,723.971,361.9855,723.971,361.9855,0.005996214994419446,0.7804336975967278,0.0,0.0
22,Device,FusedBatchNormGradV3,gradient_tape/model/ResBlock21_bn2/FusedBatchNormGradV3,2,723.97,361.985,723.97,361.985,0.005996206712022783,0.7864299043087506,0.0,0.0
23,Device,FusedBatchNormGradV3,gradient_tape/model/ResBlock21_bn1/FusedBatchNormGradV3,2,720.898,360.449,720.898,360.449,0.005970763189474426,0.792400667498225,0.0,0.0
24,Device,FusedBatchNormGradV3,gradient_tape/model/ResBlock21_pooling_bn/FusedBatchNormGradV3,2,717.828,358.914,717.828,358.914,0.005945336231719394,0.7983460037299445,0.0,0.0
25,Device,Conv2D,model/ResBlock21_pooling_conv/Conv2D,2,441.344,220.672,441.344,220.672,0.0036553860727806167,0.8020013898027251,0.0,0.0
26,Device,Conv2D,model/ResBlock21_conv1/Conv2D,2,434.178,217.089,434.178,217.089,0.0035960344182944426,0.8055974242210195,0.0,0.0
27,Device,Conv2DBackpropFilter,gradient_tape/model/ResBlock31_conv2/Conv2D/Conv2DBackpropFilter,2,432.13,216.065,432.13,216.065,0.0035790720699288713,0.8091764962909485,0.0,0.0
28,Device,Conv2DBackpropFilter,gradient_tape/model/ResBlock32_conv2/Conv2D/Conv2DBackpropFilter,2,432.13,216.065,432.13,216.065,0.0035790720699288713,0.8127555683608774,0.0,0.0
29,Device,ReluGrad,gradient_tape/model/tf.nn.relu_1/ReluGrad,2,432.13,216.065,432.13,216.065,0.0035790720699288713,0.8163346404308063,0.0,0.0
30,Device,ReluGrad,gradient_tape/model/tf.nn.relu_3/ReluGrad,2,432.13,216.065,432.13,216.065,0.0035790720699288713,0.8199137125007352,0.0,0.0
31,Device,ReluGrad,gradient_tape/model/tf.nn.relu_2/ReluGrad,2,432.129,216.0645,432.129,216.0645,0.0035790637875322087,0.8234927762882674,0.0,0.0
32,Device,FusedBatchNormV3,model/ResBlock21_bn1/FusedBatchNormV3,4,430.082,107.5205,430.082,107.5205,0.0035621097215633,0.8270548860098308,0.0,0.0
33,Device,Conv2DBackpropInput,gradient_tape/model/ResBlock31_pooling_conv/Conv2D/Conv2DBackpropInput,2,430.081,215.0405,430.081,215.0405,0.0035621014391666373,0.8306169874489975,0.0,0.0
34,Device,Conv2DBackpropFilter,gradient_tape/model/ResBlock32_conv1/Conv2D/Conv2DBackpropFilter,2,429.058,214.529,429.058,214.529,0.0035536285473805143,0.834170615996378,0.0,0.0
35,Device,FusedBatchNormV3,model/ResBlock21_bn2/FusedBatchNormV3,4,428.034,107.0085,428.034,107.0085,0.0035451473731977286,0.8377157633695758,0.0,0.0
36,Device,AddN,SGD/gradients/AddN_1,2,428.033,214.0165,428.033,214.0165,0.003545139090801066,0.8412609024603769,0.0,0.0
37,Device,Conv2DBackpropInput,gradient_tape/model/ResBlock31_conv1/Conv2D/Conv2DBackpropInput,2,428.033,214.0165,428.033,214.0165,0.003545139090801066,0.844806041551178,0.0,0.0
38,Device,FusedBatchNormV3,model/ResBlock21_pooling_bn/FusedBatchNormV3,4,428.033,107.00825,428.033,107.00825,0.003545139090801066,0.8483511806419791,0.0,0.0
39,Device,FusedBatchNormV3,model/ResBlock22_bn1/FusedBatchNormV3,4,427.01,106.7525,427.01,106.7525,0.003536666199014943,0.8518878468409941,0.0,0.0
40,Device,FusedBatchNormV3,model/ResBlock22_bn2/FusedBatchNormV3,4,427.01,106.7525,427.01,106.7525,0.003536666199014943,0.855424513040009,0.0,0.0
41,Device,AddN,SGD/gradients/AddN_2,2,425.986,212.993,425.986,212.993,0.0035281850248321573,0.8589526980648412,0.0,0.0
42,Device,ReluGrad,gradient_tape/model/tf.nn.relu/ReluGrad,2,418.818,209.409,418.818,209.409,0.003468816805552658,0.8624215148703939,0.0,0.0
43,Device,AddV2,model/ResBlock21_add/add,2,415.746,207.873,415.746,207.873,0.003443373283004301,0.8658648881533981,0.0,0.0
44,Device,AddV2,model/ResBlock22_add/add,2,414.722,207.361,414.722,207.361,0.0034348921088215153,0.8692997802622197,0.0,0.0
45,Device,SoftmaxCrossEntropyWithLogits,categorical_crossentropy/softmax_cross_entropy_with_logits,6,380.931,63.488499999999995,380.931,63.488499999999995,0.0031550216431862517,0.8724548019054059,0.0,0.0
46,Device,FusedBatchNormGradV3,gradient_tape/model/ResBlock32_bn1/FusedBatchNormGradV3,2,356.354,178.177,356.354,178.177,0.002951465180402733,0.8754062670858086,0.0,0.0
47,Device,FusedBatchNormGradV3,gradient_tape/model/ResBlock32_bn2/FusedBatchNormGradV3,2,356.354,178.177,356.354,178.177,0.002951465180402733,0.8783577322662113,0.0,0.0
48,Device,FusedBatchNormGradV3,gradient_tape/model/ResBlock31_bn1/FusedBatchNormGradV3,2,355.33,177.665,355.33,177.665,0.0029429840062199474,0.8813007162724312,0.0,0.0
49,Device,FusedBatchNormGradV3,gradient_tape/model/ResBlock31_bn2/FusedBatchNormGradV3,2,354.305,177.1525,354.305,177.1525,0.002934494549640499,0.8842352108220717,0.0,0.0
50,Device,FusedBatchNormGradV3,gradient_tape/model/ResBlock31_pooling_bn/FusedBatchNormGradV3,2,353.282,176.641,353.282,176.641,0.002926021657854376,0.8871612324799261,0.0,0.0
51,Device,Conv2D,model/ResBlock21_conv2/Conv2D,2,317.442,158.721,317.442,158.721,0.0026291805614568784,0.889790413041383,0.0,0.0
52,Device,Conv2D,model/ResBlock22_conv2/Conv2D,2,315.394,157.697,315.394,157.697,0.002612218213091307,0.8924026312544743,0.0,0.0
53,Device,Conv2D,model/ResBlock22_conv1/Conv2D,2,313.344,156.672,313.344,156.672,0.0025952392999324097,0.8949978705544067,0.0,0.0
54,Device,Conv2DBackpropInput,gradient_tape/model/ResBlock22_conv1/Conv2D/Conv2DBackpropInput,2,307.202,153.601,307.202,153.601,0.0025443688196290217,0.8975422393740358,0.0,0.0
55,Device,Conv2DBackpropInput,gradient_tape/model/ResBlock22_conv2/Conv2D/Conv2DBackpropInput,2,305.154,152.577,305.154,152.577,0.0025274064712634504,0.9000696458452992,0.0,0.0
56,Device,Conv2DBackpropInput,gradient_tape/model/ResBlock21_conv2/Conv2D/Conv2DBackpropInput,2,305.152,152.576,305.152,152.576,0.0025273899064701248,0.9025970357517694,0.0,0.0
57,Device,BiasAdd,model/ResBlock21_conv2/BiasAdd,2,300.032,150.016,300.032,150.016,0.0024849840355561964,0.9050820197873256,0.0,0.0
58,Device,BiasAdd,model/ResBlock21_pooling_conv/BiasAdd,2,299.01,149.505,299.01,149.505,0.0024765194261667364,0.9075585392134924,0.0,0.0
59,Device,BiasAdd,model/ResBlock22_conv2/BiasAdd,2,297.986,148.993,297.986,148.993,0.0024680382519839507,0.9100265774654763,0.0,0.0
60,Device,BiasAdd,model/ResBlock21_conv1/BiasAdd,2,296.962,148.481,296.962,148.481,0.002459557077801165,0.9124861345432775,0.0,0.0
61,Device,BiasAdd,model/ResBlock22_conv1/BiasAdd,2,295.938,147.969,295.938,147.969,0.0024510759036183794,0.9149372104468959,0.0,0.0
62,Device,Conv2DBackpropFilter,gradient_tape/model/ResBlock31_pooling_conv/Conv2D/Conv2DBackpropFilter,2,286.72,143.36,286.72,143.36,0.002374728771179983,0.9173119392180759,0.0,0.0
63,Device,Conv2DBackpropFilter,gradient_tape/model/ResBlock31_conv1/Conv2D/Conv2DBackpropFilter,2,283.648,141.824,283.648,141.824,0.002349285248631626,0.9196612244667075,0.0,0.0
64,Device,Relu,model/tf.nn.relu_2/Relu,2,280.576,140.288,280.576,140.288,0.002323841726083269,0.9219850661927907,0.0,0.0
65,Device,Relu,model/tf.nn.relu/Relu,2,279.553,139.7765,279.553,139.7765,0.002315368834297146,0.9243004350270879,0.0,0.0
66,Device,Relu,model/tf.nn.relu_3/Relu,2,279.552,139.776,279.552,139.776,0.0023153605519004835,0.9266157955789884,0.0,0.0
67,Device,Relu,model/tf.nn.relu_1/Relu,2,278.53,139.265,278.53,139.265,0.0023068959425110234,0.9289226915214994,0.0,0.0
68,Device,Conv2DBackpropInput,gradient_tape/model/ResBlock31_conv2/Conv2D/Conv2DBackpropInput,2,266.242,133.121,266.242,133.121,0.002205121852317596,0.931127813373817,0.0,0.0
69,Device,Conv2DBackpropInput,gradient_tape/model/ResBlock32_conv1/Conv2D/Conv2DBackpropInput,2,264.193,132.0965,264.193,132.0965,0.0021881512215553615,0.9333159645953724,0.0,0.0
70,Device,Conv2DBackpropInput,gradient_tape/model/ResBlock32_conv2/Conv2D/Conv2DBackpropInput,2,263.169,131.5845,263.169,131.5845,0.002179670047372576,0.935495634642745,0.0,0.0
71,Device,FusedBatchNormV3,model/ResBlock31_pooling_bn/FusedBatchNormV3,4,225.282,56.3205,225.282,56.3205,0.0018658748850061695,0.9373615095277512,0.0,0.0
72,Device,FusedBatchNormV3,model/ResBlock31_bn1/FusedBatchNormV3,4,225.28,56.32,225.28,56.32,0.0018658583202128438,0.939227367847964,0.0,0.0
73,Device,FusedBatchNormV3,model/ResBlock32_bn1/FusedBatchNormV3,4,225.28,56.32,225.28,56.32,0.0018658583202128438,0.9410932261681768,0.0,0.0
74,Device,Conv2D,model/ResBlock31_pooling_conv/Conv2D,2,224.256,112.128,224.256,112.128,0.0018573771460300582,0.9429506033142069,0.0,0.0
75,Device,FusedBatchNormV3,model/ResBlock32_bn2/FusedBatchNormV3,4,223.234,55.8085,223.234,55.8085,0.0018489125366405984,0.9447995158508474,0.0,0.0
76,Device,FusedBatchNormV3,model/ResBlock31_bn2/FusedBatchNormV3,4,223.232,55.808,223.232,55.808,0.0018488959718472725,0.9466484118226947,0.0,0.0
77,Device,ReluGrad,gradient_tape/model/tf.nn.relu_7/ReluGrad,2,219.136,109.568,219.136,109.568,0.0018149712751161298,0.9484633830978108,0.0,0.0
78,Device,ReluGrad,gradient_tape/model/tf.nn.relu_4/ReluGrad,2,218.113,109.0565,218.113,109.0565,0.001806498383330007,0.9502698814811408,0.0,0.0
79,Device,Conv2D,model/ResBlock31_conv2/Conv2D,2,217.088,108.544,217.088,108.544,0.0017980089267505585,0.9520678904078913,0.0,0.0
80,Device,Conv2D,model/ResBlock31_conv1/Conv2D,2,216.066,108.033,216.066,108.033,0.0017895443173610987,0.9538574347252524,0.0,0.0
81,Device,ReluGrad,gradient_tape/model/tf.nn.relu_6/ReluGrad,2,216.064,108.032,216.064,108.032,0.0017895277525677728,0.9556469624778202,0.0,0.0
82,Device,AddN,SGD/gradients/AddN,2,215.041,107.5205,215.041,107.5205,0.00178105486078165,0.9574280173386018,0.0,0.0
83,Device,ReluGrad,gradient_tape/model/tf.nn.relu_5/ReluGrad,2,214.017,107.0085,214.017,107.0085,0.0017725736865988643,0.9592005910252007,0.0,0.0
84,Device,Conv2D,model/ResBlock32_conv1/Conv2D,2,214.016,107.008,214.016,107.008,0.0017725654042022015,0.960973156429403,0.0,0.0
85,Device,Conv2D,model/ResBlock32_conv2/Conv2D,2,212.992,106.496,212.992,106.496,0.0017640842300194158,0.9627372406594223,0.0,0.0
86,Device,AddV2,model/ResBlock31_add/add,2,210.946,105.473,210.946,105.473,0.0017471384464471703,0.9644843791058695,0.0,0.0
87,Device,AddV2,model/ResBlock32_add/add,2,209.92,104.96,209.92,104.96,0.0017386407074710588,0.9662230198133406,0.0,0.0
88,Device,ArgMax,ArgMax,2,184.32,92.16,184.32,92.16,0.0015266113529014175,0.967749631166242,0.0,0.0
89,Device,BiasAddGrad,gradient_tape/model/ResBlock21_pooling_conv/BiasAdd/BiasAddGrad,2,171.009,85.5045,171.009,85.5045,0.0014163643709218668,0.9691659955371639,0.0,0.0
90,Device,BiasAddGrad,gradient_tape/model/ResBlock22_conv2/BiasAdd/BiasAddGrad,2,159.744,79.872,159.744,79.872,0.0013230631725145619,0.9704890587096784,0.0,0.0
91,Device,BiasAddGrad,gradient_tape/model/ResBlock21_conv1/BiasAdd/BiasAddGrad,2,158.72,79.36,158.72,79.36,0.0013145819983317762,0.9718036407080102,0.0,0.0
92,Device,BiasAddGrad,gradient_tape/model/ResBlock21_conv2/BiasAdd/BiasAddGrad,2,157.698,78.849,157.698,78.849,0.0013061173889423164,0.9731097580969524,0.0,0.0
93,Device,BiasAddGrad,gradient_tape/model/ResBlock22_conv1/BiasAdd/BiasAddGrad,2,157.696,78.848,157.696,78.848,0.0013061008241489905,0.9744158589211014,0.0,0.0
94,Device,BiasAdd,model/ResBlock31_conv1/BiasAdd,2,152.576,76.288,152.576,76.288,0.0012636949532350624,0.9756795538743365,0.0,0.0
95,Device,BiasAdd,model/ResBlock32_conv1/BiasAdd,2,151.554,75.777,151.554,75.777,0.0012552303438456026,0.976934784218182,0.0,0.0
96,Device,BiasAdd,model/ResBlock32_conv2/BiasAdd,2,151.552,75.776,151.552,75.776,0.0012552137790522767,0.9781899979972343,0.0,0.0
97,Device,BiasAdd,model/ResBlock31_conv2/BiasAdd,2,150.53,75.265,150.53,75.265,0.001246749169662817,0.9794367471668971,0.0,0.0
98,Device,BiasAdd,model/ResBlock31_pooling_conv/BiasAdd,2,149.506,74.753,149.506,74.753,0.0012382679954800312,0.9806750151623771,0.0,0.0
99,Device,Transpose,gradient_tape/model/tf.nn.relu_7/ReluGrad-0-TransposeNHWCToNCHW-LayoutOptimizer,2,144.386,72.193,144.386,72.193,0.0011958621245661029,0.9818708772869432,0.0,0.0
100,Device,Transpose,model/tf.nn.relu_7/Relu-0-0-TransposeNCHWToNHWC-LayoutOptimizer,2,144.385,72.1925,144.385,72.1925,0.0011958538421694398,0.9830667311291127,0.0,0.0
101,Device,Relu,model/tf.nn.relu_6/Relu,2,143.361,71.6805,143.361,71.6805,0.0011873726679866542,0.9842541037970993,0.0,0.0
102,Device,Relu,model/tf.nn.relu_4/Relu,2,143.36,71.68,143.36,71.68,0.0011873643855899916,0.9854414681826893,0.0,0.0
103,Device,RealDiv,gradient_tape/model/GAP/truediv,2,141.312,70.656,141.312,70.656,0.0011704020372244202,0.9866118702199137,0.0,0.0
104,Device,Relu,model/tf.nn.relu_5/Relu,2,141.312,70.656,141.312,70.656,0.0011704020372244202,0.9877822722571381,0.0,0.0
105,Device,Relu,model/tf.nn.relu_7/Relu,2,139.265,69.6325,139.265,69.6325,0.0011534479712555117,0.9889357202283936,0.0,0.0
106,Device,ArgMax,ArgMax_1,2,122.881,61.4405,122.881,61.4405,0.0010177491843309412,0.9899534694127246,0.0,0.0
107,Device,Mean,model/GAP/Mean,2,88.064,44.032,88.064,44.032,0.0007293809797195662,0.9906828503924441,0.0,0.0
108,Device,BiasAddGrad,gradient_tape/model/ResBlock32_conv2/BiasAdd/BiasAddGrad,2,84.992,42.496,84.992,42.496,0.0007039374571712093,0.9913867878496153,0.0,0.0
109,Device,BiasAddGrad,gradient_tape/model/ResBlock31_conv2/BiasAdd/BiasAddGrad,2,83.968,41.984,83.968,41.984,0.0006954562829884236,0.9920822441326037,0.0,0.0
110,Device,BiasAddGrad,gradient_tape/model/ResBlock32_conv1/BiasAdd/BiasAddGrad,2,82.944,41.472,82.944,41.472,0.0006869751088056379,0.9927692192414094,0.0,0.0
111,Device,BiasAddGrad,gradient_tape/model/ResBlock31_pooling_conv/BiasAdd/BiasAddGrad,2,81.921,40.9605,81.921,40.9605,0.0006785022170195152,0.9934477214584289,0.0,0.0
112,Device,_Send,IteratorGetNext/_3,2,80.64,40.32,80.64,40.32,0.0006678924668943702,0.9941156139253232,0.0,0.0
113,Device,BiasAddGrad,gradient_tape/model/ResBlock31_conv1/BiasAdd/BiasAddGrad,2,79.873,39.9365,79.873,39.9365,0.0006615398686539439,0.9947771537939771,0.0,0.0
114,Device,BroadcastTo,gradient_tape/model/GAP/BroadcastTo,2,72.704,36.352,72.704,36.352,0.0006021633669777813,0.995379317160955,0.0,0.0
115,Device,Softmax,model/dense/Softmax,2,28.672,14.336,28.672,14.336,0.0002374728771179983,0.9956167900380729,0.0,0.0
116,Device,MatMul,gradient_tape/model/dense/MatMul/MatMul,2,26.624,13.312,26.624,13.312,0.00022051052875242698,0.9958373005668253,0.0,0.0
117,Device,MatMul,gradient_tape/model/dense/MatMul/MatMul_1,2,15.36,7.68,15.36,7.68,0.0001272176127417848,0.9959645181795671,0.0,0.0
118,Device,MatMul,model/dense/MatMul,2,14.336,7.168,14.336,7.168,0.00011873643855899914,0.9960832546181261,0.0,0.0
119,Device,DynamicStitch,gradient_tape/model/GAP/DynamicStitch,2,12.289,6.1445,12.289,6.1445,0.00010178237259009072,0.9961850369907161,0.0,0.0
120,Device,BiasAddGrad,gradient_tape/model/dense/BiasAdd/BiasAddGrad,2,10.24,5.12,10.24,5.12,8.481174182785653e-05,0.996269848732544,0.0,0.0
121,Device,BiasAdd,model/dense/BiasAdd,2,9.216,4.608,9.216,4.608,7.633056764507088e-05,0.9963461793001891,0.0,0.0
122,Device,ResourceApplyGradientDescent,SGD/SGD/update/ResourceApplyGradientDescent,2,8.192,4.096,8.192,4.096,6.784939346228523e-05,0.9964140286936514,0.0,0.0
123,Device,ResourceApplyGradientDescent,SGD/SGD/update_10/ResourceApplyGradientDescent,2,8.192,4.096,8.192,4.096,6.784939346228523e-05,0.9964818780871136,0.0,0.0
124,Device,ResourceApplyGradientDescent,SGD/SGD/update_24/ResourceApplyGradientDescent,2,8.192,4.096,8.192,4.096,6.784939346228523e-05,0.9965497274805759,0.0,0.0
125,Device,ResourceApplyGradientDescent,SGD/SGD/update_28/ResourceApplyGradientDescent,2,8.192,4.096,8.192,4.096,6.784939346228523e-05,0.9966175768740382,0.0,0.0
126,Device,ResourceApplyGradientDescent,SGD/SGD/update_40/ResourceApplyGradientDescent,2,8.192,4.096,8.192,4.096,6.784939346228523e-05,0.9966854262675005,0.0,0.0
127,Device,ResourceApplyGradientDescent,SGD/SGD/update_30/ResourceApplyGradientDescent,2,7.169,3.5845,7.169,3.5845,5.937650167616245e-05,0.9967448027691767,0.0,0.0
128,Device,ResourceApplyGradientDescent,SGD/SGD/update_14/ResourceApplyGradientDescent,2,7.168,3.584,7.168,3.584,5.936821927949957e-05,0.9968041709884562,0.0,0.0
129,Device,ResourceApplyGradientDescent,SGD/SGD/update_26/ResourceApplyGradientDescent,2,7.168,3.584,7.168,3.584,5.936821927949957e-05,0.9968635392077357,0.0,0.0
130,Device,ResourceApplyGradientDescent,SGD/SGD/update_29/ResourceApplyGradientDescent,2,7.168,3.584,7.168,3.584,5.936821927949957e-05,0.9969229074270153,0.0,0.0
131,Device,ResourceApplyGradientDescent,SGD/SGD/update_36/ResourceApplyGradientDescent,2,7.168,3.584,7.168,3.584,5.936821927949957e-05,0.9969822756462948,0.0,0.0
132,Device,ResourceApplyGradientDescent,SGD/SGD/update_4/ResourceApplyGradientDescent,2,7.168,3.584,7.168,3.584,5.936821927949957e-05,0.9970416438655744,0.0,0.0
133,Device,ResourceApplyGradientDescent,SGD/SGD/update_42/ResourceApplyGradientDescent,2,7.168,3.584,7.168,3.584,5.936821927949957e-05,0.9971010120848539,0.0,0.0
134,Device,ResourceApplyGradientDescent,SGD/SGD/update_44/ResourceApplyGradientDescent,2,7.168,3.584,7.168,3.584,5.936821927949957e-05,0.9971603803041335,0.0,0.0
135,Device,ResourceApplyGradientDescent,SGD/SGD/update_8/ResourceApplyGradientDescent,2,7.168,3.584,7.168,3.584,5.936821927949957e-05,0.997219748523413,0.0,0.0
136,Device,ResourceApplyGradientDescent,SGD/SGD/update_15/ResourceApplyGradientDescent,2,6.145,3.0725,6.145,3.0725,5.089532749337679e-05,0.9972706438509064,0.0,0.0
137,Device,ResourceApplyGradientDescent,SGD/SGD/update_43/ResourceApplyGradientDescent,2,6.145,3.0725,6.145,3.0725,5.089532749337679e-05,0.9973215391783997,0.0,0.0
138,Device,AssignAddVariableOp,AssignAddVariableOp_2,2,6.144,3.072,6.144,3.072,5.088704509671392e-05,0.9973724262234964,0.0,0.0
139,Device,AssignAddVariableOp,AssignAddVariableOp_4,2,6.144,3.072,6.144,3.072,5.088704509671392e-05,0.9974233132685931,0.0,0.0
140,Device,Cast,Cast,2,6.144,3.072,6.144,3.072,5.088704509671392e-05,0.9974742003136898,0.0,0.0
141,Device,Mul,Mul,2,6.144,3.072,6.144,3.072,5.088704509671392e-05,0.9975250873587865,0.0,0.0
142,Device,ResourceApplyGradientDescent,SGD/SGD/update_1/ResourceApplyGradientDescent,2,6.144,3.072,6.144,3.072,5.088704509671392e-05,0.9975759744038832,0.0,0.0
143,Device,ResourceApplyGradientDescent,SGD/SGD/update_11/ResourceApplyGradientDescent,2,6.144,3.072,6.144,3.072,5.088704509671392e-05,0.9976268614489799,0.0,0.0
144,Device,ResourceApplyGradientDescent,SGD/SGD/update_12/ResourceApplyGradientDescent,2,6.144,3.072,6.144,3.072,5.088704509671392e-05,0.9976777484940766,0.0,0.0
145,Device,ResourceApplyGradientDescent,SGD/SGD/update_13/ResourceApplyGradientDescent,2,6.144,3.072,6.144,3.072,5.088704509671392e-05,0.9977286355391733,0.0,0.0
146,Device,ResourceApplyGradientDescent,SGD/SGD/update_16/ResourceApplyGradientDescent,2,6.144,3.072,6.144,3.072,5.088704509671392e-05,0.99777952258427,0.0,0.0
147,Device,ResourceApplyGradientDescent,SGD/SGD/update_18/ResourceApplyGradientDescent,2,6.144,3.072,6.144,3.072,5.088704509671392e-05,0.9978304096293668,0.0,0.0
148,Device,ResourceApplyGradientDescent,SGD/SGD/update_19/ResourceApplyGradientDescent,2,6.144,3.072,6.144,3.072,5.088704509671392e-05,0.9978812966744635,0.0,0.0
149,Device,ResourceApplyGradientDescent,SGD/SGD/update_2/ResourceApplyGradientDescent,2,6.144,3.072,6.144,3.072,5.088704509671392e-05,0.9979321837195602,0.0,0.0
150,Device,ResourceApplyGradientDescent,SGD/SGD/update_20/ResourceApplyGradientDescent,2,6.144,3.072,6.144,3.072,5.088704509671392e-05,0.9979830707646569,0.0,0.0
151,Device,ResourceApplyGradientDescent,SGD/SGD/update_22/ResourceApplyGradientDescent,2,6.144,3.072,6.144,3.072,5.088704509671392e-05,0.9980339578097536,0.0,0.0
152,Device,ResourceApplyGradientDescent,SGD/SGD/update_23/ResourceApplyGradientDescent,2,6.144,3.072,6.144,3.072,5.088704509671392e-05,0.9980848448548503,0.0,0.0
153,Device,ResourceApplyGradientDescent,SGD/SGD/update_25/ResourceApplyGradientDescent,2,6.144,3.072,6.144,3.072,5.088704509671392e-05,0.998135731899947,0.0,0.0
154,Device,ResourceApplyGradientDescent,SGD/SGD/update_27/ResourceApplyGradientDescent,2,6.144,3.072,6.144,3.072,5.088704509671392e-05,0.9981866189450437,0.0,0.0
155,Device,ResourceApplyGradientDescent,SGD/SGD/update_3/ResourceApplyGradientDescent,2,6.144,3.072,6.144,3.072,5.088704509671392e-05,0.9982375059901404,0.0,0.0
156,Device,ResourceApplyGradientDescent,SGD/SGD/update_31/ResourceApplyGradientDescent,2,6.144,3.072,6.144,3.072,5.088704509671392e-05,0.9982883930352371,0.0,0.0
157,Device,ResourceApplyGradientDescent,SGD/SGD/update_32/ResourceApplyGradientDescent,2,6.144,3.072,6.144,3.072,5.088704509671392e-05,0.9983392800803338,0.0,0.0
158,Device,ResourceApplyGradientDescent,SGD/SGD/update_33/ResourceApplyGradientDescent,2,6.144,3.072,6.144,3.072,5.088704509671392e-05,0.9983901671254305,0.0,0.0
159,Device,ResourceApplyGradientDescent,SGD/SGD/update_34/ResourceApplyGradientDescent,2,6.144,3.072,6.144,3.072,5.088704509671392e-05,0.9984410541705272,0.0,0.0
160,Device,ResourceApplyGradientDescent,SGD/SGD/update_35/ResourceApplyGradientDescent,2,6.144,3.072,6.144,3.072,5.088704509671392e-05,0.9984919412156239,0.0,0.0
161,Device,ResourceApplyGradientDescent,SGD/SGD/update_38/ResourceApplyGradientDescent,2,6.144,3.072,6.144,3.072,5.088704509671392e-05,0.9985428282607206,0.0,0.0
162,Device,ResourceApplyGradientDescent,SGD/SGD/update_39/ResourceApplyGradientDescent,2,6.144,3.072,6.144,3.072,5.088704509671392e-05,0.9985937153058173,0.0,0.0
163,Device,ResourceApplyGradientDescent,SGD/SGD/update_41/ResourceApplyGradientDescent,2,6.144,3.072,6.144,3.072,5.088704509671392e-05,0.998644602350914,0.0,0.0
164,Device,ResourceApplyGradientDescent,SGD/SGD/update_45/ResourceApplyGradientDescent,2,6.144,3.072,6.144,3.072,5.088704509671392e-05,0.9986954893960107,0.0,0.0
165,Device,ResourceApplyGradientDescent,SGD/SGD/update_5/ResourceApplyGradientDescent,2,6.144,3.072,6.144,3.072,5.088704509671392e-05,0.9987463764411074,0.0,0.0
166,Device,ResourceApplyGradientDescent,SGD/SGD/update_6/ResourceApplyGradientDescent,2,6.144,3.072,6.144,3.072,5.088704509671392e-05,0.9987972634862041,0.0,0.0
167,Device,ResourceApplyGradientDescent,SGD/SGD/update_7/ResourceApplyGradientDescent,2,6.144,3.072,6.144,3.072,5.088704509671392e-05,0.9988481505313008,0.0,0.0
168,Device,ResourceApplyGradientDescent,SGD/SGD/update_9/ResourceApplyGradientDescent,2,6.144,3.072,6.144,3.072,5.088704509671392e-05,0.9988990375763975,0.0,0.0
169,Device,DivNoNan,categorical_crossentropy/weighted_loss/value,2,6.144,3.072,6.144,3.072,5.088704509671392e-05,0.9989499246214942,0.0,0.0
170,Device,DivNoNan,div_no_nan_1,2,6.144,3.072,6.144,3.072,5.088704509671392e-05,0.9990008116665909,0.0,0.0
171,Device,Mul,gradient_tape/categorical_crossentropy/softmax_cross_entropy_with_logits/mul,2,6.144,3.072,6.144,3.072,5.088704509671392e-05,0.9990516987116876,0.0,0.0
172,Device,Tile,gradient_tape/categorical_crossentropy/weighted_loss/Tile_1,2,6.144,3.072,6.144,3.072,5.088704509671392e-05,0.9991025857567843,0.0,0.0
173,Device,DivNoNan,gradient_tape/categorical_crossentropy/weighted_loss/value/div_no_nan,2,6.144,3.072,6.144,3.072,5.088704509671392e-05,0.999153472801881,0.0,0.0
174,Device,Cast,gradient_tape/model/GAP/Cast,2,6.144,3.072,6.144,3.072,5.088704509671392e-05,0.9992043598469778,0.0,0.0
175,Device,_Recv,gradient_tape/model/GAP/floordiv/_18,2,5.216,2.608,5.216,2.608,4.320098099356442e-05,0.9992475608279713,0.0,0.0
176,Device,AssignAddVariableOp,AssignAddVariableOp,2,5.12,2.56,5.12,2.56,4.240587091392827e-05,0.9992899666988853,0.0,0.0
177,Device,AssignAddVariableOp,AssignAddVariableOp_1,2,5.12,2.56,5.12,2.56,4.240587091392827e-05,0.9993323725697992,0.0,0.0
178,Device,AssignAddVariableOp,AssignAddVariableOp_3,2,5.12,2.56,5.12,2.56,4.240587091392827e-05,0.9993747784407132,0.0,0.0
179,Device,Cast,Cast_1,2,5.12,2.56,5.12,2.56,4.240587091392827e-05,0.9994171843116272,0.0,0.0
180,Device,Cast,Cast_2,2,5.12,2.56,5.12,2.56,4.240587091392827e-05,0.9994595901825412,0.0,0.0
181,Device,Equal,Equal,2,5.12,2.56,5.12,2.56,4.240587091392827e-05,0.9995019960534551,0.0,0.0
182,Device,AssignAddVariableOp,SGD/SGD/AssignAddVariableOp,2,5.12,2.56,5.12,2.56,4.240587091392827e-05,0.9995444019243691,0.0,0.0
183,Device,ResourceApplyGradientDescent,SGD/SGD/update_21/ResourceApplyGradientDescent,2,5.12,2.56,5.12,2.56,4.240587091392827e-05,0.9995868077952831,0.0,0.0
184,Device,ResourceApplyGradientDescent,SGD/SGD/update_37/ResourceApplyGradientDescent,2,5.12,2.56,5.12,2.56,4.240587091392827e-05,0.9996292136661971,0.0,0.0
185,Device,Sum,Sum_2,2,5.12,2.56,5.12,2.56,4.240587091392827e-05,0.999671619537111,0.0,0.0
186,Device,Cast,categorical_crossentropy/weighted_loss/num_elements/Cast,2,5.12,2.56,5.12,2.56,4.240587091392827e-05,0.999714025408025,0.0,0.0
187,Device,_Recv,gradient_tape/model/GAP/Shape-0-1-DataFormatVecPermuteNCHWToNHWC-LayoutOptimizer/_14,2,4.768,2.384,4.768,2.384,3.94904672885957e-05,0.9997535158753136,0.0,0.0
188,Device,_Recv,categorical_crossentropy/weighted_loss/num_elements/_20,2,4.512,2.256,4.512,2.256,3.737017374289928e-05,0.9997908860490565,0.0,0.0
189,Device,ResourceApplyGradientDescent,SGD/SGD/update_17/ResourceApplyGradientDescent,2,4.096,2.048,4.096,2.048,3.392469673114262e-05,0.9998248107457877,0.0,0.0
190,Device,Sum,categorical_crossentropy/weighted_loss/Sum,2,4.096,2.048,4.096,2.048,3.392469673114262e-05,0.9998587354425188,0.0,0.0
191,Device,DivNoNan,div_no_nan,2,4.096,2.048,4.096,2.048,3.392469673114262e-05,0.9998926601392499,0.0,0.0
192,Device,_Recv,Size/_22,2,3.744,1.872,3.744,1.872,3.100929310581005e-05,0.9999236694323558,0.0,0.0
193,Device,_HostRecv,gradient_tape/model/GAP/DynamicStitch/_24,2,2.88,1.44,2.88,1.44,2.3853302389084648e-05,0.9999475227347449,0.0,0.0
194,Device,_Recv,strided_slice/_12,2,2.24,1.12,2.24,1.12,1.855256852484362e-05,0.9999660753032698,0.0,0.0
195,Device,LogicalAnd,LogicalAnd,1,2.048,2.048,2.048,2.048,1.696234836557131e-05,0.9999830376516353,0.0,0.0
196,Device,_Recv,gradient_tape/model/GAP/ones/_16,2,2.048,1.024,2.048,1.024,1.696234836557131e-05,1.0000000000000009,0.0,0.0
197,Host,IDLE,IDLE,0,503339.954,0.0,503339.954,0.0,0.0,0.0,0.8378680232297308,0.8378680232297308
198,Host,GatherV2,GatherV2,2,58039.739,29019.8695,58039.739,29019.8695,0.0,0.0,0.09661391073417452,0.9344819339639052
199,Host,_Send,IteratorGetNext/_1,2,17264.009,8632.0045,17264.009,8632.0045,0.0,0.0,0.02873795529025355,0.9632198892541588
200,Host,_Send,IteratorGetNext/_3,2,9106.702,4553.351,9106.702,4553.351,0.0,0.0,0.015159166965081088,0.9783790562192399
201,Host,_Send,IteratorGetNext/_6,2,8078.925,4039.4625,8078.925,4039.4625,0.0,0.0,0.013448312349889975,0.9918273685691299
202,Host,GatherV2,GatherV2_1,2,4566.252,2283.126,4566.252,2283.126,0.0,0.0,0.007601058700793708,0.9994284272699236
203,Host,Dataset,Iterator::Root::ParallelMapV2::Zip[1]::ForeverRepeat,2,56.262,28.131,51.972,25.986,0.0,0.0,8.651345190708935e-05,0.9995149407218308
204,Host,Dataset,Iterator::Root::ParallelMapV2,2,48.521,24.2605,48.521,24.2605,0.0,0.0,8.076886015515821e-05,0.999595709581986
205,Host,FlushSummaryWriter,FlushSummaryWriter,1,48.51,48.51,48.51,48.51,0.0,0.0,8.075054937298746e-05,0.9996764601313589
206,Host,IteratorGetNext,IteratorGetNext,2,38.751,19.3755,38.751,19.3755,0.0,0.0,6.450555635441429e-05,0.9997409656877133
207,Host,LogicalAnd,LogicalAnd,1,30.54,30.54,30.54,30.54,0.0,0.0,5.083738977223329e-05,0.9997918030774855
208,Host,Dataset,Iterator::Root,2,77.092,38.546,28.571,14.2855,0.0,0.0,4.755975976366986e-05,0.9998393628372492
209,Host,WriteSummary,WriteSummary,1,22.83,22.83,22.83,22.83,0.0,0.0,3.8003196087101704e-05,0.9998773660333363
210,Host,Dataset,Iterator::Root::ParallelMapV2::Zip[0]::FlatMap[1]::Concatenate[0]::TensorSlice,2,22.37,11.185,22.37,11.185,0.0,0.0,3.723747246905235e-05,0.9999146035058054
211,Host,Dataset,Iterator::Root::ParallelMapV2::Zip[0]::FlatMap[1]::Concatenate,2,34.79,17.395,12.42,6.21,0.0,0.0,2.0674537687332598e-05,0.9999352780434927
212,Host,Dataset,Iterator::Root::ParallelMapV2::Zip,2,106.163,53.0815,11.021,5.5105,0.0,0.0,1.834573911852597e-05,0.9999536237826112
213,Host,_HostSend,categorical_crossentropy/softmax_cross_entropy_with_logits/Shape_2/_9,2,9.92,4.96,9.92,4.96,0.0,0.0,1.6512996284890447e-05,0.9999701367788961
214,Host,ReadVariableOp,ReadVariableOp,1,6.25,6.25,6.25,6.25,0.0,0.0,1.0403853506105373e-05,0.9999805406324023
215,Host,Dataset,Iterator::Root::ParallelMapV2::Zip[1]::ForeverRepeat::FromTensor,4,4.29,1.0725,4.29,1.0725,0.0,0.0,7.141205046590728e-06,0.9999876818374489
216,Host,Dataset,Iterator::Root::ParallelMapV2::Zip[0]::FlatMap,2,38.88,19.44,4.09,2.045,0.0,0.0,6.808281734395356e-06,0.9999944901191833
217,Host,Identity,Identity,2,3.31,1.655,3.31,1.655,0.0,0.0,5.509880816833405e-06,1.0000000000000002
