Rank,Host/device,Type,Operation,#Occurrences,Total time (us),Avg. time (us),Total self-time (us),Avg. self-time (us),Total self-time on Device (%),Cumulative total-self time on Device (%),Total self-time on Host (%),Cumulative total-self time on Host (%)
1,Device,IDLE,IDLE,0,44451.195,0.0,44451.195,0.0,0.5152559893334098,0.5152559893334098,0.0,0.0
2,Device,Conv2DBackpropInput,gradient_tape/model/conv2d_46/Conv2D/Conv2DBackpropInput,4,618.498,154.6245,618.498,154.6245,0.007169319045095082,0.5224253083785049,0.0,0.0
3,Device,Conv2DBackpropFilter,gradient_tape/model/conv2d_44/Conv2D/Conv2DBackpropFilter,2,581.634,290.817,581.634,290.817,0.006742010020201896,0.5291673183987068,0.0,0.0
4,Device,Conv2DBackpropFilter,gradient_tape/model/conv2d_48/Conv2D/Conv2DBackpropFilter,2,580.61,290.305,580.61,290.305,0.006730140325065975,0.5358974587237728,0.0,0.0
5,Device,Conv2DBackpropFilter,gradient_tape/model/conv2d_51/Conv2D/Conv2DBackpropFilter,2,576.515,288.2575,576.515,288.2575,0.006682673136021443,0.5425801318597943,0.0,0.0
6,Device,Conv2DBackpropInput,gradient_tape/model/conv2d_48/Conv2D/Conv2DBackpropInput,4,573.443,143.36075,573.443,143.36075,0.006647064050613678,0.5492271959104079,0.0,0.0
7,Device,Conv2DBackpropInput,gradient_tape/model/conv2d_51/Conv2D/Conv2DBackpropInput,4,571.395,142.84875,571.395,142.84875,0.006623324660341834,0.5558505205707498,0.0,0.0
8,Device,Conv2DBackpropInput,gradient_tape/model/conv2d_44/Conv2D/Conv2DBackpropInput,4,570.37,142.5925,570.37,142.5925,0.006611443373706756,0.5624619639444566,0.0,0.0
9,Device,Conv2D,model/conv2d_47/Conv2D,2,363.522,181.761,363.522,181.761,0.004213764956250552,0.5666757289007072,0.0,0.0
10,Device,Conv2D,model/conv2d_50/Conv2D,2,363.521,181.7605,363.521,181.7605,0.004213753364751396,0.5708894822654585,0.0,0.0
11,Device,Conv2D,model/conv2d_51/Conv2D,4,350.209,87.55225,350.209,87.55225,0.004059447327984413,0.574948929593443,0.0,0.0
12,Device,Conv2D,model/conv2d_44/Conv2D,4,349.186,87.2965,349.186,87.2965,0.004047589224347647,0.5789965188177907,0.0,0.0
13,Device,Conv2DBackpropInput,gradient_tape/model/conv2d_45/Conv2D/Conv2DBackpropInput,4,347.137,86.78425,347.137,86.78425,0.004023838242576647,0.5830203570603674,0.0,0.0
14,Device,Conv2D,model/conv2d_48/Conv2D,4,347.137,86.78425,347.137,86.78425,0.004023838242576647,0.587044195302944,0.0,0.0
15,Device,Conv2DBackpropInput,gradient_tape/model/conv2d_49/Conv2D/Conv2DBackpropInput,4,344.065,86.01625,344.065,86.01625,0.003988229157168882,0.591032424460113,0.0,0.0
16,Device,Conv2DBackpropInput,gradient_tape/model/conv2d_52/Conv2D/Conv2DBackpropInput,4,343.042,85.7605,343.042,85.7605,0.003976371053532116,0.595008795513645,0.0,0.0
17,Device,Conv2D,model/conv2d_46/Conv2D,2,312.322,156.161,312.322,156.161,0.003620280199454462,0.5986290757130995,0.0,0.0
18,Device,Conv2DBackpropInput,gradient_tape/model/conv2d_27/Conv2D/Conv2DBackpropInput,2,271.361,135.6805,271.361,135.6805,0.0031454808025184336,0.601774556515618,0.0,0.0
19,Device,_Recv,IteratorGetNext/_2,2,244.929,122.4645,244.929,122.4645,0.0028390942968224524,0.6046136508124405,0.0,0.0
20,Device,Conv2DBackpropFilter,gradient_tape/model/conv2d_46/Conv2D/Conv2DBackpropFilter,4,221.185,55.29625,221.185,55.29625,0.0025638657408582656,0.6071775165532988,0.0,0.0
21,Device,Conv2DBackpropInput,gradient_tape/model/conv2d_14/Conv2D/Conv2DBackpropInput,2,207.872,103.936,207.872,103.936,0.0024095481125921262,0.6095870646658909,0.0,0.0
22,Device,Conv2DBackpropInput,gradient_tape/model/conv2d_43/Conv2D/Conv2DBackpropInput,4,193.537,48.38425,193.537,48.38425,0.002243383972188377,0.6118304486380792,0.0,0.0
23,Device,Conv2DBackpropInput,gradient_tape/model/conv2d_25/Conv2D/Conv2DBackpropInput,2,190.465,95.2325,190.465,95.2325,0.0022077748867806116,0.6140382235248598,0.0,0.0
24,Device,Conv2D,model/conv2d_43/Conv2D,2,189.44,94.72,189.44,94.72,0.0021958936001455335,0.6162341171250053,0.0,0.0
25,Device,FusedBatchNormGradV3,gradient_tape/model/batch_normalization/FusedBatchNormGradV3,2,187.394,93.697,187.394,93.697,0.0021721773928720023,0.6184062945178773,0.0,0.0
26,Device,Conv2DBackpropInput,gradient_tape/model/conv2d_35/Conv2D/Conv2DBackpropInput,2,187.393,93.6965,187.393,93.6965,0.002172165801372846,0.6205784603192501,0.0,0.0
27,Device,Conv2DBackpropInput,gradient_tape/model/conv2d_38/Conv2D/Conv2DBackpropInput,2,186.37,93.185,186.37,93.185,0.0021603076977360805,0.6227387680169862,0.0,0.0
28,Device,Conv2DBackpropInput,gradient_tape/model/conv2d_32/Conv2D/Conv2DBackpropInput,2,186.369,93.1845,186.369,93.1845,0.002160296106236924,0.6248990641232232,0.0,0.0
29,Device,Conv2DBackpropInput,gradient_tape/model/conv2d_41/Conv2D/Conv2DBackpropInput,2,185.345,92.6725,185.345,92.6725,0.0021484264111010024,0.6270474905343242,0.0,0.0
30,Device,FusedBatchNormGradV3,gradient_tape/model/batch_normalization_6/FusedBatchNormGradV3,2,184.321,92.1605,184.321,92.1605,0.0021365567159650806,0.6291840472502893,0.0,0.0
31,Device,Conv2DBackpropInput,gradient_tape/model/conv2d_29/Conv2D/Conv2DBackpropInput,2,184.321,92.1605,184.321,92.1605,0.0021365567159650806,0.6313206039662544,0.0,0.0
32,Device,FusedBatchNormGradV3,gradient_tape/model/batch_normalization_9/FusedBatchNormGradV3,2,183.297,91.6485,183.297,91.6485,0.002124687020829159,0.6334452909870836,0.0,0.0
33,Device,Conv2DBackpropFilter,gradient_tape/model/conv2d_27/Conv2D/Conv2DBackpropFilter,2,183.297,91.6485,183.297,91.6485,0.002124687020829159,0.6355699780079127,0.0,0.0
34,Device,Conv2DBackpropFilter,gradient_tape/model/conv2d/Conv2D/Conv2DBackpropFilter,2,183.296,91.648,183.296,91.648,0.0021246754293300025,0.6376946534372427,0.0,0.0
35,Device,FusedBatchNormGradV3,gradient_tape/model/batch_normalization_3/FusedBatchNormGradV3,2,181.248,90.624,181.248,90.624,0.002100936039058159,0.6397955894763009,0.0,0.0
36,Device,Conv2DBackpropFilter,gradient_tape/model/conv2d_14/Conv2D/Conv2DBackpropFilter,2,180.225,90.1125,180.225,90.1125,0.0020890779354213935,0.6418846674117222,0.0,0.0
37,Device,Conv2DBackpropInput,gradient_tape/model/conv2d_42/Conv2D/Conv2DBackpropInput,4,178.177,44.54425,178.177,44.54425,0.00206533854514955,0.6439500059568718,0.0,0.0
38,Device,Conv2DBackpropInput,gradient_tape/model/conv2d_26/Conv2D/Conv2DBackpropInput,4,178.176,44.544,178.176,44.544,0.0020653269536503936,0.6460153329105222,0.0,0.0
39,Device,Conv2DBackpropInput,gradient_tape/model/conv2d_39/Conv2D/Conv2DBackpropInput,4,177.152,44.288,177.152,44.288,0.002053457258514472,0.6480687901690366,0.0,0.0
40,Device,Conv2DBackpropInput,gradient_tape/model/conv2d_36/Conv2D/Conv2DBackpropInput,4,176.129,44.03225,176.129,44.03225,0.002041599154877706,0.6501103893239143,0.0,0.0
41,Device,Conv2DBackpropInput,gradient_tape/model/conv2d_30/Conv2D/Conv2DBackpropInput,4,176.128,44.032,176.128,44.032,0.00204158756337855,0.6521519768872929,0.0,0.0
42,Device,Conv2D,model/conv2d_29/Conv2D,4,175.105,43.77625,175.105,43.77625,0.0020297294597417842,0.6541817063470347,0.0,0.0
43,Device,Conv2D,model/conv2d_32/Conv2D,4,175.105,43.77625,175.105,43.77625,0.0020297294597417842,0.6562114358067764,0.0,0.0
44,Device,Conv2D,model/conv2d_38/Conv2D,4,175.105,43.77625,175.105,43.77625,0.0020297294597417842,0.6582411652665182,0.0,0.0
45,Device,Conv2D,model/conv2d_41/Conv2D,4,175.105,43.77625,175.105,43.77625,0.0020297294597417842,0.66027089472626,0.0,0.0
46,Device,Conv2DBackpropInput,gradient_tape/model/conv2d_33/Conv2D/Conv2DBackpropInput,4,174.081,43.52025,174.081,43.52025,0.0020178597646058625,0.6622887544908659,0.0,0.0
47,Device,Conv2D,model/conv2d_35/Conv2D,4,174.08,43.52,174.08,43.52,0.0020178481731067065,0.6643066026639726,0.0,0.0
48,Device,Conv2D,model/conv2d_25/Conv2D,4,173.056,43.264,173.056,43.264,0.0020059784779707848,0.6663125811419434,0.0,0.0
49,Device,Conv2DBackpropFilter,gradient_tape/model/conv2d_8/Conv2D/Conv2DBackpropFilter,2,167.937,83.9685,167.937,83.9685,0.001946641593790332,0.6682592227357337,0.0,0.0
50,Device,Conv2DBackpropFilter,gradient_tape/model/conv2d_5/Conv2D/Conv2DBackpropFilter,2,166.914,83.457,166.914,83.457,0.001934783490153566,0.6701940062258872,0.0,0.0
51,Device,Conv2DBackpropInput,gradient_tape/model/conv2d_47/Conv2D/Conv2DBackpropInput,2,162.817,81.4085,162.817,81.4085,0.001887293118110723,0.672081299343998,0.0,0.0
52,Device,Conv2DBackpropInput,gradient_tape/model/conv2d_50/Conv2D/Conv2DBackpropInput,2,162.817,81.4085,162.817,81.4085,0.001887293118110723,0.6739685924621087,0.0,0.0
53,Device,Conv2D,model/conv2d_45/Conv2D,2,156.672,78.336,156.672,78.336,0.0018160633557960358,0.6757846558179047,0.0,0.0
54,Device,Conv2D,model/conv2d_52/Conv2D,2,154.624,77.312,154.624,77.312,0.0017923239655241922,0.6775769797834289,0.0,0.0
55,Device,Conv2D,model/conv2d_27/Conv2D,2,152.578,76.289,152.578,76.289,0.001768607758250661,0.6793455875416795,0.0,0.0
56,Device,Conv2D,model/conv2d_49/Conv2D,2,151.553,75.7765,151.553,75.7765,0.0017567264716155829,0.6811023140132951,0.0,0.0
57,Device,Conv2D,model/conv2d/Conv2D,2,150.528,75.264,150.528,75.264,0.001744845184980505,0.6828471591982757,0.0,0.0
58,Device,Conv2DBackpropFilter,gradient_tape/model/conv2d_10/Conv2D/Conv2DBackpropFilter,2,137.217,68.6085,137.217,68.6085,0.0015905507397126779,0.6844377099379884,0.0,0.0
59,Device,Conv2DBackpropFilter,gradient_tape/model/conv2d_2/Conv2D/Conv2DBackpropFilter,2,136.193,68.0965,136.193,68.0965,0.001578681044576756,0.6860163909825651,0.0,0.0
60,Device,Conv2DBackpropFilter,gradient_tape/model/conv2d_9/Conv2D/Conv2DBackpropFilter,2,136.193,68.0965,136.193,68.0965,0.001578681044576756,0.6875950720271418,0.0,0.0
61,Device,Conv2DBackpropFilter,gradient_tape/model/conv2d_4/Conv2D/Conv2DBackpropFilter,2,135.169,67.5845,135.169,67.5845,0.0015668113494408343,0.6891618833765826,0.0,0.0
62,Device,Conv2DBackpropFilter,gradient_tape/model/conv2d_7/Conv2D/Conv2DBackpropFilter,2,135.169,67.5845,135.169,67.5845,0.0015668113494408343,0.6907286947260234,0.0,0.0
63,Device,Conv2DBackpropFilter,gradient_tape/model/conv2d_6/Conv2D/Conv2DBackpropFilter,2,135.168,67.584,135.168,67.584,0.001566799757941678,0.6922954944839651,0.0,0.0
64,Device,Conv2DBackpropFilter,gradient_tape/model/conv2d_26/Conv2D/Conv2DBackpropFilter,4,132.097,33.02425,132.097,33.02425,0.0015312022640330688,0.6938266967479981,0.0,0.0
65,Device,Conv2DBackpropFilter,gradient_tape/model/conv2d_3/Conv2D/Conv2DBackpropFilter,2,132.096,66.048,132.096,66.048,0.0015311906725339127,0.6953578874205321,0.0,0.0
66,Device,Conv2DBackpropFilter,gradient_tape/model/conv2d_23/Conv2D/Conv2DBackpropFilter,4,131.072,32.768,131.072,32.768,0.0015193209773979909,0.6968772083979301,0.0,0.0
67,Device,Conv2DBackpropFilter,gradient_tape/model/conv2d_33/Conv2D/Conv2DBackpropFilter,4,130.049,32.51225,130.049,32.51225,0.0015074628737612253,0.6983846712716913,0.0,0.0
68,Device,Conv2DBackpropFilter,gradient_tape/model/conv2d_36/Conv2D/Conv2DBackpropFilter,4,130.049,32.51225,130.049,32.51225,0.0015074628737612253,0.6998921341454526,0.0,0.0
69,Device,Conv2DBackpropFilter,gradient_tape/model/conv2d_17/Conv2D/Conv2DBackpropFilter,4,130.048,32.512,130.048,32.512,0.001507451282262069,0.7013995854277146,0.0,0.0
70,Device,Conv2DBackpropFilter,gradient_tape/model/conv2d_30/Conv2D/Conv2DBackpropFilter,4,130.048,32.512,130.048,32.512,0.001507451282262069,0.7029070367099767,0.0,0.0
71,Device,Conv2DBackpropFilter,gradient_tape/model/conv2d_42/Conv2D/Conv2DBackpropFilter,4,129.024,32.256,129.024,32.256,0.0014955815871261471,0.7044026182971028,0.0,0.0
72,Device,Conv2DBackpropFilter,gradient_tape/model/conv2d_25/Conv2D/Conv2DBackpropFilter,4,128.0,32.0,128.0,32.0,0.0014837118919902254,0.7058863301890931,0.0,0.0
73,Device,Conv2DBackpropFilter,gradient_tape/model/conv2d_39/Conv2D/Conv2DBackpropFilter,4,128.0,32.0,128.0,32.0,0.0014837118919902254,0.7073700420810833,0.0,0.0
74,Device,Conv2DBackpropFilter,gradient_tape/model/conv2d_38/Conv2D/Conv2DBackpropFilter,4,126.976,31.744,126.976,31.744,0.0014718421968543036,0.7088418842779376,0.0,0.0
75,Device,Conv2DBackpropFilter,gradient_tape/model/conv2d_20/Conv2D/Conv2DBackpropFilter,4,125.952,31.488,125.952,31.488,0.0014599725017183818,0.710301856779656,0.0,0.0
76,Device,Conv2DBackpropFilter,gradient_tape/model/conv2d_29/Conv2D/Conv2DBackpropFilter,4,125.952,31.488,125.952,31.488,0.0014599725017183818,0.7117618292813743,0.0,0.0
77,Device,Conv2DBackpropFilter,gradient_tape/model/conv2d_41/Conv2D/Conv2DBackpropFilter,4,125.952,31.488,125.952,31.488,0.0014599725017183818,0.7132218017830927,0.0,0.0
78,Device,Conv2DBackpropFilter,gradient_tape/model/conv2d_52/Conv2D/Conv2DBackpropFilter,2,125.952,62.976,125.952,62.976,0.0014599725017183818,0.714681774284811,0.0,0.0
79,Device,ResourceApplyGradientDescent,SGD/SGD/update_170/ResourceApplyGradientDescent,2,124.929,62.4645,124.929,62.4645,0.0014481143980816162,0.7161298886828926,0.0,0.0
80,Device,SoftmaxCrossEntropyWithLogits,categorical_crossentropy/softmax_cross_entropy_with_logits,2,124.929,62.4645,124.929,62.4645,0.0014481143980816162,0.7175780030809742,0.0,0.0
81,Device,Conv2DBackpropFilter,gradient_tape/model/conv2d_13/Conv2D/Conv2DBackpropFilter,4,124.929,31.23225,124.929,31.23225,0.0014481143980816162,0.7190261174790558,0.0,0.0
82,Device,ResourceApplyGradientDescent,SGD/SGD/update_184/ResourceApplyGradientDescent,2,124.928,62.464,124.928,62.464,0.0014481028065824598,0.7204742202856382,0.0,0.0
83,Device,ResourceApplyGradientDescent,SGD/SGD/update_196/ResourceApplyGradientDescent,2,124.928,62.464,124.928,62.464,0.0014481028065824598,0.7219223230922207,0.0,0.0
84,Device,Conv2DBackpropFilter,gradient_tape/model/conv2d_32/Conv2D/Conv2DBackpropFilter,4,123.905,30.97625,123.905,30.97625,0.0014362447029456944,0.7233585677951664,0.0,0.0
85,Device,Conv2DBackpropFilter,gradient_tape/model/conv2d_35/Conv2D/Conv2DBackpropFilter,4,123.905,30.97625,123.905,30.97625,0.0014362447029456944,0.7247948124981121,0.0,0.0
86,Device,Conv2DBackpropInput,gradient_tape/model/conv2d_11/Conv2D/Conv2DBackpropInput,2,123.904,61.952,123.904,61.952,0.001436233111446538,0.7262310456095586,0.0,0.0
87,Device,Conv2DBackpropFilter,gradient_tape/model/conv2d_49/Conv2D/Conv2DBackpropFilter,2,122.881,61.4405,122.881,61.4405,0.0014243750078097724,0.7276554206173684,0.0,0.0
88,Device,Mul,gradient_tape/conv2d_51/kernel/Regularizer/Mul_1,2,121.856,60.928,121.856,60.928,0.0014124937211746945,0.7290679143385431,0.0,0.0
89,Device,Conv2DBackpropFilter,gradient_tape/model/conv2d_45/Conv2D/Conv2DBackpropFilter,2,121.856,60.928,121.856,60.928,0.0014124937211746945,0.7304804080597178,0.0,0.0
90,Device,Mul,gradient_tape/conv2d_44/kernel/Regularizer/Mul_1,2,120.832,60.416,120.832,60.416,0.0014006240260387728,0.7318810320857566,0.0,0.0
91,Device,Mul,gradient_tape/conv2d_48/kernel/Regularizer/Mul_1,2,119.808,59.904,119.808,59.904,0.001388754330902851,0.7332697864166594,0.0,0.0
92,Device,Conv2DBackpropFilter,gradient_tape/model/conv2d_21/Conv2D/Conv2DBackpropFilter,4,114.688,28.672,114.688,28.672,0.001329405855223242,0.7345991922718826,0.0,0.0
93,Device,AddN,SGD/gradients/AddN_64,2,112.641,56.3205,112.641,56.3205,0.0013056780564505545,0.7359048703283332,0.0,0.0
94,Device,Conv2DBackpropFilter,gradient_tape/model/conv2d_15/Conv2D/Conv2DBackpropFilter,4,112.64,28.16,112.64,28.16,0.0013056664649513984,0.7372105367932846,0.0,0.0
95,Device,Conv2DBackpropFilter,gradient_tape/model/conv2d_16/Conv2D/Conv2DBackpropFilter,2,112.64,56.32,112.64,56.32,0.0013056664649513984,0.7385162032582361,0.0,0.0
96,Device,Conv2DBackpropFilter,gradient_tape/model/conv2d_18/Conv2D/Conv2DBackpropFilter,4,112.64,28.16,112.64,28.16,0.0013056664649513984,0.7398218697231875,0.0,0.0
97,Device,Conv2D,model/conv2d_31/Conv2D,2,111.618,55.809,111.618,55.809,0.001293819952813789,0.7411156896760013,0.0,0.0
98,Device,Conv2D,model/conv2d_14/Conv2D,2,111.617,55.8085,111.617,55.8085,0.0012938083613146328,0.7424094980373159,0.0,0.0
99,Device,AddN,SGD/gradients/AddN_60,2,111.616,55.808,111.616,55.808,0.0012937967698154766,0.7437032948071314,0.0,0.0
100,Device,AddN,SGD/gradients/AddN_67,2,111.616,55.808,111.616,55.808,0.0012937967698154766,0.7449970915769468,0.0,0.0
101,Device,Conv2D,model/conv2d_37/Conv2D,2,111.616,55.808,111.616,55.808,0.0012937967698154766,0.7462908883467623,0.0,0.0
102,Device,AddN,SGD/gradients/AddN_61,2,110.593,55.2965,110.593,55.2965,0.001281938666178711,0.747572827012941,0.0,0.0
103,Device,Conv2DBackpropFilter,gradient_tape/model/conv2d_24/Conv2D/Conv2DBackpropFilter,2,110.593,55.2965,110.593,55.2965,0.001281938666178711,0.7488547656791198,0.0,0.0
104,Device,Conv2D,model/conv2d_40/Conv2D,2,110.593,55.2965,110.593,55.2965,0.001281938666178711,0.7501367043452986,0.0,0.0
105,Device,ResourceApplyGradientDescent,SGD/SGD/update_174/ResourceApplyGradientDescent,2,110.592,55.296,110.592,55.296,0.0012819270746795546,0.7514186314199781,0.0,0.0
106,Device,Conv2DBackpropFilter,gradient_tape/model/conv2d_12/Conv2D/Conv2DBackpropFilter,2,110.592,55.296,110.592,55.296,0.0012819270746795546,0.7527005584946577,0.0,0.0
107,Device,Conv2DBackpropInput,gradient_tape/model/conv2d_13/Conv2D/Conv2DBackpropInput,4,110.592,27.648,110.592,27.648,0.0012819270746795546,0.7539824855693372,0.0,0.0
108,Device,Conv2D,model/conv2d_28/Conv2D,2,110.592,55.296,110.592,55.296,0.0012819270746795546,0.7552644126440168,0.0,0.0
109,Device,Conv2D,model/conv2d_34/Conv2D,2,110.592,55.296,110.592,55.296,0.0012819270746795546,0.7565463397186963,0.0,0.0
110,Device,AddV2,model/add/add,2,109.569,54.7845,109.569,54.7845,0.0012700689710427892,0.7578164086897391,0.0,0.0
111,Device,AddV2,model/add_2/add,2,109.568,54.784,109.568,54.784,0.0012700573795436329,0.7590864660692828,0.0,0.0
112,Device,AddN,SGD/gradients/AddN_14,2,108.544,54.272,108.544,54.272,0.001258187684407711,0.7603446537536904,0.0,0.0
113,Device,Conv2DBackpropFilter,gradient_tape/model/conv2d_19/Conv2D/Conv2DBackpropFilter,2,108.544,54.272,108.544,54.272,0.001258187684407711,0.7616028414380981,0.0,0.0
114,Device,Conv2DBackpropFilter,gradient_tape/model/conv2d_31/Conv2D/Conv2DBackpropFilter,4,108.544,27.136,108.544,27.136,0.001258187684407711,0.7628610291225058,0.0,0.0
115,Device,AddV2,model/add_1/add,2,108.544,54.272,108.544,54.272,0.001258187684407711,0.7641192168069134,0.0,0.0
116,Device,FusedBatchNormV3,model/batch_normalization/FusedBatchNormV3,4,108.544,27.136,108.544,27.136,0.001258187684407711,0.7653774044913211,0.0,0.0
117,Device,Conv2DBackpropFilter,gradient_tape/model/conv2d_22/Conv2D/Conv2DBackpropFilter,2,107.521,53.7605,107.521,53.7605,0.0012463295807709455,0.7666237340720921,0.0,0.0
118,Device,Conv2DBackpropFilter,gradient_tape/model/conv2d_28/Conv2D/Conv2DBackpropFilter,4,106.497,26.62425,106.497,26.62425,0.0012344598856350237,0.767858193957727,0.0,0.0
119,Device,AddN,SGD/gradients/AddN_13,2,106.496,53.248,106.496,53.248,0.0012344482941358675,0.7690926422518629,0.0,0.0
120,Device,Conv2DBackpropFilter,gradient_tape/model/conv2d_40/Conv2D/Conv2DBackpropFilter,4,106.496,26.624,106.496,26.624,0.0012344482941358675,0.7703270905459988,0.0,0.0
121,Device,Conv2DBackpropFilter,gradient_tape/model/conv2d_34/Conv2D/Conv2DBackpropFilter,4,105.473,26.36825,105.473,26.36825,0.001222590190499102,0.7715496807364979,0.0,0.0
122,Device,Conv2DBackpropFilter,gradient_tape/model/conv2d_37/Conv2D/Conv2DBackpropFilter,4,105.473,26.36825,105.473,26.36825,0.001222590190499102,0.772772270926997,0.0,0.0
123,Device,AddN,SGD/gradients/AddN_12,2,105.472,52.736,105.472,52.736,0.0012225785989999456,0.773994849525997,0.0,0.0
124,Device,Mul,gradient_tape/conv2d_46/kernel/Regularizer/Mul_1,2,104.449,52.2245,104.449,52.2245,0.0012107204953631801,0.7752055700213601,0.0,0.0
125,Device,Conv2DBackpropFilter,gradient_tape/model/conv2d_47/Conv2D/Conv2DBackpropFilter,4,104.449,26.11225,104.449,26.11225,0.0012107204953631801,0.7764162905167233,0.0,0.0
126,Device,Conv2DBackpropInput,gradient_tape/model/conv2d_20/Conv2D/Conv2DBackpropInput,4,104.448,26.112,104.448,26.112,0.0012107089038640238,0.7776269994205873,0.0,0.0
127,Device,Conv2D,model/conv2d_12/Conv2D,2,104.448,52.224,104.448,52.224,0.0012107089038640238,0.7788377083244513,0.0,0.0
128,Device,Conv2D,model/conv2d_19/Conv2D,2,103.426,51.713,103.426,51.713,0.0011988623917264145,0.7800365707161777,0.0,0.0
129,Device,Conv2D,model/conv2d_22/Conv2D,2,103.426,51.713,103.426,51.713,0.0011988623917264145,0.7812354331079041,0.0,0.0
130,Device,ReluGrad,gradient_tape/model/activation_3/ReluGrad,2,103.424,51.712,103.424,51.712,0.0011988392087281022,0.7824342723166322,0.0,0.0
131,Device,Conv2DBackpropInput,gradient_tape/model/conv2d_17/Conv2D/Conv2DBackpropInput,4,103.424,25.856,103.424,25.856,0.0011988392087281022,0.7836331115253603,0.0,0.0
132,Device,Conv2D,model/conv2d_16/Conv2D,2,102.401,51.2005,102.401,51.2005,0.0011869811050913364,0.7848200926304516,0.0,0.0
133,Device,ReluGrad,gradient_tape/model/activation/ReluGrad,2,102.4,51.2,102.4,51.2,0.0011869695135921805,0.7860070621440438,0.0,0.0
134,Device,Conv2DBackpropInput,gradient_tape/model/conv2d_16/Conv2D/Conv2DBackpropInput,2,102.4,51.2,102.4,51.2,0.0011869695135921805,0.787194031657636,0.0,0.0
135,Device,ReluGrad,gradient_tape/model/activation_9/ReluGrad,2,101.377,50.6885,101.377,50.6885,0.0011751114099554146,0.7883691430675914,0.0,0.0
136,Device,Conv2DBackpropInput,gradient_tape/model/conv2d_22/Conv2D/Conv2DBackpropInput,2,101.377,50.6885,101.377,50.6885,0.0011751114099554146,0.7895442544775468,0.0,0.0
137,Device,ReluGrad,gradient_tape/model/activation_6/ReluGrad,2,101.376,50.688,101.376,50.688,0.0011750998184562585,0.790719354296003,0.0,0.0
138,Device,Conv2DBackpropInput,gradient_tape/model/conv2d_12/Conv2D/Conv2DBackpropInput,2,101.376,50.688,101.376,50.688,0.0011750998184562585,0.7918944541144592,0.0,0.0
139,Device,Conv2DBackpropInput,gradient_tape/model/conv2d_23/Conv2D/Conv2DBackpropInput,4,101.376,25.344,101.376,25.344,0.0011750998184562585,0.7930695539329154,0.0,0.0
140,Device,Conv2DBackpropInput,gradient_tape/model/conv2d_19/Conv2D/Conv2DBackpropInput,2,100.352,50.176,100.352,50.176,0.0011632301233203367,0.7942327840562358,0.0,0.0
141,Device,Conv2DBackpropFilter,gradient_tape/model/conv2d_50/Conv2D/Conv2DBackpropFilter,4,100.352,25.088,100.352,25.088,0.0011632301233203367,0.7953960141795561,0.0,0.0
142,Device,Conv2DBackpropInput,gradient_tape/model/conv2d_5/Conv2D/Conv2DBackpropInput,2,98.304,49.152,98.304,49.152,0.0011394907330484932,0.7965355049126046,0.0,0.0
143,Device,Conv2DBackpropInput,gradient_tape/model/conv2d_24/Conv2D/Conv2DBackpropInput,2,96.256,48.128,96.256,48.128,0.0011157513427766494,0.7976512562553812,0.0,0.0
144,Device,Conv2D,model/conv2d_24/Conv2D,2,96.256,48.128,96.256,48.128,0.0011157513427766494,0.7987670075981579,0.0,0.0
145,Device,Conv2DBackpropInput,gradient_tape/model/conv2d_8/Conv2D/Conv2DBackpropInput,2,95.232,47.616,95.232,47.616,0.0011038816476407276,0.7998708892457986,0.0,0.0
146,Device,Conv2D,model/conv2d_4/Conv2D,2,93.184,46.592,93.184,46.592,0.001080142257368884,0.8009510315031675,0.0,0.0
147,Device,Conv2D,model/conv2d_3/Conv2D,2,91.137,45.5685,91.137,45.5685,0.0010564144585961967,0.8020074459617637,0.0,0.0
148,Device,Conv2DBackpropInput,gradient_tape/model/conv2d_37/Conv2D/Conv2DBackpropInput,2,89.089,44.5445,89.089,44.5445,0.001032675068324353,0.803040121030088,0.0,0.0
149,Device,Conv2DBackpropInput,gradient_tape/model/conv2d_40/Conv2D/Conv2DBackpropInput,2,89.089,44.5445,89.089,44.5445,0.001032675068324353,0.8040727960984124,0.0,0.0
150,Device,Conv2DBackpropInput,gradient_tape/model/conv2d_3/Conv2D/Conv2DBackpropInput,2,89.088,44.544,89.088,44.544,0.0010326634768251968,0.8051054595752376,0.0,0.0
151,Device,FusedBatchNormV3,model/batch_normalization_9/FusedBatchNormV3,4,88.065,22.01625,88.065,22.01625,0.0010208053731884312,0.806126264948426,0.0,0.0
152,Device,Conv2DBackpropInput,gradient_tape/model/conv2d_31/Conv2D/Conv2DBackpropInput,2,87.041,43.5205,87.041,43.5205,0.0010089356780525094,0.8071352006264785,0.0,0.0
153,Device,Conv2D,model/conv2d_10/Conv2D,2,87.04,43.52,87.04,43.52,0.0010089240865533533,0.8081441247130319,0.0,0.0
154,Device,Conv2DBackpropInput,gradient_tape/model/conv2d_34/Conv2D/Conv2DBackpropInput,2,86.017,43.0085,86.017,43.0085,0.0009970659829165876,0.8091411906959485,0.0,0.0
155,Device,Conv2DBackpropFilter,gradient_tape/model/conv2d_43/Conv2D/Conv2DBackpropFilter,2,86.017,43.0085,86.017,43.0085,0.0009970659829165876,0.8101382566788651,0.0,0.0
156,Device,Conv2DBackpropInput,gradient_tape/model/conv2d_28/Conv2D/Conv2DBackpropInput,2,86.016,43.008,86.016,43.008,0.0009970543914174315,0.8111353110702825,0.0,0.0
157,Device,Conv2D,model/conv2d_5/Conv2D,2,84.993,42.4965,84.993,42.4965,0.0009851962877806656,0.8121205073580632,0.0,0.0
158,Device,Conv2D,model/conv2d_8/Conv2D,2,84.993,42.4965,84.993,42.4965,0.0009851962877806656,0.8131057036458439,0.0,0.0
159,Device,Conv2DBackpropInput,gradient_tape/model/conv2d_4/Conv2D/Conv2DBackpropInput,2,83.969,41.9845,83.969,41.9845,0.000973326592644744,0.8140790302384886,0.0,0.0
160,Device,FusedBatchNormV3,model/batch_normalization_6/FusedBatchNormV3,4,83.969,20.99225,83.969,20.99225,0.000973326592644744,0.8150523568311333,0.0,0.0
161,Device,Conv2D,model/conv2d_15/Conv2D,2,83.969,41.9845,83.969,41.9845,0.000973326592644744,0.816025683423778,0.0,0.0
162,Device,Conv2D,model/conv2d_7/Conv2D,2,83.968,41.984,83.968,41.984,0.0009733150011455878,0.8169989984249236,0.0,0.0
163,Device,Conv2D,model/conv2d_18/Conv2D,2,82.945,41.4725,82.945,41.4725,0.0009614568975088221,0.8179604553224324,0.0,0.0
164,Device,Square,conv2d_48/kernel/Regularizer/Square,2,82.944,41.472,82.944,41.472,0.0009614453060096661,0.8189219006284421,0.0,0.0
165,Device,Conv2DBackpropFilter,gradient_tape/model/conv2d_1/Conv2D/Conv2DBackpropFilter,2,82.944,41.472,82.944,41.472,0.0009614453060096661,0.8198833459344517,0.0,0.0
166,Device,Conv2DBackpropInput,gradient_tape/model/conv2d_10/Conv2D/Conv2DBackpropInput,2,82.944,41.472,82.944,41.472,0.0009614453060096661,0.8208447912404613,0.0,0.0
167,Device,FusedBatchNormV3,model/batch_normalization_3/FusedBatchNormV3,4,82.944,20.736,82.944,20.736,0.0009614453060096661,0.8218062365464709,0.0,0.0
168,Device,Square,conv2d_44/kernel/Regularizer/Square,2,81.921,40.9605,81.921,40.9605,0.0009495872023729004,0.8227558237488438,0.0,0.0
169,Device,Conv2D,model/conv2d_39/Conv2D,2,81.921,40.9605,81.921,40.9605,0.0009495872023729004,0.8237054109512167,0.0,0.0
170,Device,Square,conv2d_51/kernel/Regularizer/Square,2,81.92,40.96,81.92,40.96,0.0009495756108737443,0.8246549865620905,0.0,0.0
171,Device,Conv2DBackpropInput,gradient_tape/model/conv2d_7/Conv2D/Conv2DBackpropInput,2,81.92,40.96,81.92,40.96,0.0009495756108737443,0.8256045621729642,0.0,0.0
172,Device,Conv2D,model/conv2d_26/Conv2D,2,81.92,40.96,81.92,40.96,0.0009495756108737443,0.8265541377838379,0.0,0.0
173,Device,Conv2D,model/conv2d_21/Conv2D,2,80.897,40.4485,80.897,40.4485,0.0009377175072369787,0.8274918552910748,0.0,0.0
174,Device,Mul,gradient_tape/conv2d_44/kernel/Regularizer/Mul,2,80.896,40.448,80.896,40.448,0.0009377059157378224,0.8284295612068127,0.0,0.0
175,Device,MaxPoolGrad,gradient_tape/model/max_pooling2d/MaxPool/MaxPoolGrad,2,80.896,40.448,80.896,40.448,0.0009377059157378224,0.8293672671225505,0.0,0.0
176,Device,Conv2D,model/conv2d_30/Conv2D,2,80.896,40.448,80.896,40.448,0.0009377059157378224,0.8303049730382883,0.0,0.0
177,Device,Conv2D,model/conv2d_36/Conv2D,2,80.896,40.448,80.896,40.448,0.0009377059157378224,0.8312426789540261,0.0,0.0
178,Device,Conv2D,model/conv2d_42/Conv2D,2,80.896,40.448,80.896,40.448,0.0009377059157378224,0.832180384869764,0.0,0.0
179,Device,Conv2D,model/conv2d_2/Conv2D,2,78.849,39.4245,78.849,39.4245,0.000913978116965135,0.8330943629867291,0.0,0.0
180,Device,Conv2DBackpropFilter,gradient_tape/model/conv2d_11/Conv2D/Conv2DBackpropFilter,2,78.848,39.424,78.848,39.424,0.0009139665254659788,0.8340083295121951,0.0,0.0
181,Device,Conv2D,model/conv2d_33/Conv2D,2,78.848,39.424,78.848,39.424,0.0009139665254659788,0.834922296037661,0.0,0.0
182,Device,BiasAdd,model/conv2d_4/BiasAdd,2,77.824,38.912,77.824,38.912,0.000902096830330057,0.835824392867991,0.0,0.0
183,Device,Conv2D,model/conv2d_6/Conv2D,2,77.824,38.912,77.824,38.912,0.000902096830330057,0.8367264896983211,0.0,0.0
184,Device,Conv2D,model/conv2d_9/Conv2D,2,77.824,38.912,77.824,38.912,0.000902096830330057,0.8376285865286511,0.0,0.0
185,Device,Conv2DBackpropInput,gradient_tape/model/conv2d_2/Conv2D/Conv2DBackpropInput,2,75.776,37.888,75.776,37.888,0.0008783574400582134,0.8385069439687094,0.0,0.0
186,Device,Conv2DBackpropInput,gradient_tape/model/conv2d_6/Conv2D/Conv2DBackpropInput,2,75.776,37.888,75.776,37.888,0.0008783574400582134,0.8393853014087677,0.0,0.0
187,Device,Conv2DBackpropInput,gradient_tape/model/conv2d_9/Conv2D/Conv2DBackpropInput,2,75.776,37.888,75.776,37.888,0.0008783574400582134,0.8402636588488259,0.0,0.0
188,Device,Relu,model/activation/Relu,2,73.729,36.8645,73.729,36.8645,0.000854629641285526,0.8411182884901115,0.0,0.0
189,Device,Tile,gradient_tape/conv2d_44/kernel/Regularizer/Tile,2,73.728,36.864,73.728,36.864,0.0008546180497863697,0.8419729065398979,0.0,0.0
190,Device,Conv2D,model/conv2d_11/Conv2D,2,73.728,36.864,73.728,36.864,0.0008546180497863697,0.8428275245896842,0.0,0.0
191,Device,Square,conv2d_46/kernel/Regularizer/Square,2,72.705,36.3525,72.705,36.3525,0.0008427599461496042,0.8436702845358338,0.0,0.0
192,Device,Conv2DBackpropInput,gradient_tape/model/conv2d_15/Conv2D/Conv2DBackpropInput,2,72.705,36.3525,72.705,36.3525,0.0008427599461496042,0.8445130444819834,0.0,0.0
193,Device,Relu,model/activation_9/Relu,2,72.704,36.352,72.704,36.352,0.0008427483546504479,0.8453557928366339,0.0,0.0
194,Device,Conv2DBackpropInput,gradient_tape/model/conv2d_18/Conv2D/Conv2DBackpropInput,2,71.68,35.84,71.68,35.84,0.0008308786595145263,0.8461866714961483,0.0,0.0
195,Device,Conv2DBackpropInput,gradient_tape/model/conv2d_21/Conv2D/Conv2DBackpropInput,2,70.657,35.3285,70.657,35.3285,0.0008190205558777605,0.8470056920520261,0.0,0.0
196,Device,BiasAdd,model/conv2d/BiasAdd,2,70.657,35.3285,70.657,35.3285,0.0008190205558777605,0.8478247126079039,0.0,0.0
197,Device,Mul,gradient_tape/conv2d_46/kernel/Regularizer/Mul,2,69.632,34.816,69.632,34.816,0.0008071392692426826,0.8486318518771466,0.0,0.0
198,Device,Conv2D,model/conv2d_23/Conv2D,2,68.61,34.305,68.61,34.305,0.0007952927571050731,0.8494271446342517,0.0,0.0
199,Device,BiasAdd,model/conv2d_3/BiasAdd,2,68.608,34.304,68.608,34.304,0.0007952695741067609,0.8502224142083585,0.0,0.0
200,Device,BiasAdd,model/conv2d_10/BiasAdd,2,67.585,33.7925,67.585,33.7925,0.0007834114704699951,0.8510058256788285,0.0,0.0
201,Device,Conv2D,model/conv2d_13/Conv2D,2,67.585,33.7925,67.585,33.7925,0.0007834114704699951,0.8517892371492986,0.0,0.0
202,Device,Conv2D,model/conv2d_20/Conv2D,2,67.585,33.7925,67.585,33.7925,0.0007834114704699951,0.8525726486197686,0.0,0.0
203,Device,Conv2D,model/conv2d_17/Conv2D,2,65.537,32.7685,65.537,32.7685,0.0007596720801981516,0.8533323206999667,0.0,0.0
204,Device,Relu,model/activation_3/Relu,2,65.536,32.768,65.536,32.768,0.0007596604886989954,0.8540919811886657,0.0,0.0
205,Device,BiasAdd,model/conv2d_7/BiasAdd,2,64.513,32.2565,64.513,32.2565,0.0007478023850622298,0.8548397835737279,0.0,0.0
206,Device,Relu,model/activation_6/Relu,2,61.44,30.72,61.44,30.72,0.0007121817081553081,0.8555519652818833,0.0,0.0
207,Device,ResourceApplyGradientDescent,SGD/SGD/update_176/ResourceApplyGradientDescent,2,60.417,30.2085,60.417,30.2085,0.0007003236045185425,0.8562522888864018,0.0,0.0
208,Device,Tile,gradient_tape/conv2d_46/kernel/Regularizer/Tile,2,60.416,30.208,60.416,30.208,0.0007003120130193864,0.8569526008994212,0.0,0.0
209,Device,Sum,conv2d_44/kernel/Regularizer/Sum,2,59.393,29.6965,59.393,29.6965,0.0006884539093826208,0.8576410548088038,0.0,0.0
210,Device,Sum,conv2d_48/kernel/Regularizer/Sum,2,58.369,29.1845,58.369,29.1845,0.000676584214246699,0.8583176390230505,0.0,0.0
211,Device,ResourceApplyGradientDescent,SGD/SGD/update_180/ResourceApplyGradientDescent,2,58.368,29.184,58.368,29.184,0.0006765726227475428,0.858994211645798,0.0,0.0
212,Device,AddN,SGD/gradients/AddN_62,2,57.344,28.672,57.344,28.672,0.000664702927611621,0.8596589145734097,0.0,0.0
213,Device,Sum,conv2d_51/kernel/Regularizer/Sum,2,57.344,28.672,57.344,28.672,0.000664702927611621,0.8603236175010214,0.0,0.0
214,Device,FusedBatchNormGradV3,gradient_tape/model/batch_normalization_15/FusedBatchNormGradV3,2,57.344,28.672,57.344,28.672,0.000664702927611621,0.860988320428633,0.0,0.0
215,Device,FusedBatchNormGradV3,gradient_tape/model/batch_normalization_18/FusedBatchNormGradV3,2,57.344,28.672,57.344,28.672,0.000664702927611621,0.8616530233562447,0.0,0.0
216,Device,ResourceApplyGradientDescent,SGD/SGD/update_192/ResourceApplyGradientDescent,2,56.321,28.1605,56.321,28.1605,0.0006528448239748553,0.8623058681802196,0.0,0.0
217,Device,Mul,gradient_tape/conv2d_52/kernel/Regularizer/Mul_1,2,56.32,28.16,56.32,28.16,0.0006528332324756992,0.8629587014126953,0.0,0.0
218,Device,FusedBatchNormGradV3,gradient_tape/model/batch_normalization_21/FusedBatchNormGradV3,2,56.32,28.16,56.32,28.16,0.0006528332324756992,0.8636115346451709,0.0,0.0
219,Device,Mul,gradient_tape/conv2d_45/kernel/Regularizer/Mul_1,2,55.297,27.6485,55.297,27.6485,0.0006409751288389335,0.8642525097740099,0.0,0.0
220,Device,Mul,gradient_tape/conv2d_47/kernel/Regularizer/Mul_1,2,55.296,27.648,55.296,27.648,0.0006409635373397773,0.8648934733113497,0.0,0.0
221,Device,Mul,gradient_tape/conv2d_49/kernel/Regularizer/Mul_1,2,55.296,27.648,55.296,27.648,0.0006409635373397773,0.8655344368486895,0.0,0.0
222,Device,Mul,gradient_tape/conv2d_50/kernel/Regularizer/Mul_1,2,55.296,27.648,55.296,27.648,0.0006409635373397773,0.8661754003860292,0.0,0.0
223,Device,FusedBatchNormGradV3,gradient_tape/model/batch_normalization_12/FusedBatchNormGradV3,2,55.296,27.648,55.296,27.648,0.0006409635373397773,0.866816363923369,0.0,0.0
224,Device,FusedBatchNormV3,model/batch_normalization_42/FusedBatchNormV3,4,53.249,13.31225,53.249,13.31225,0.0006172357385670899,0.8674335996619361,0.0,0.0
225,Device,FusedBatchNormV3,model/batch_normalization_45/FusedBatchNormV3,4,53.249,13.31225,53.249,13.31225,0.0006172357385670899,0.8680508354005032,0.0,0.0
226,Device,ResourceApplyGradientDescent,SGD/SGD/update_200/ResourceApplyGradientDescent,2,53.248,26.624,53.248,26.624,0.0006172241470679338,0.8686680595475711,0.0,0.0
227,Device,AddN,SGD/gradients/AddN_66,2,53.248,26.624,53.248,26.624,0.0006172241470679338,0.869285283694639,0.0,0.0
228,Device,AddN,SGD/gradients/AddN_63,2,52.224,26.112,52.224,26.112,0.0006053544519320119,0.869890638146571,0.0,0.0
229,Device,Sum,conv2d_46/kernel/Regularizer/Sum,2,52.224,26.112,52.224,26.112,0.0006053544519320119,0.870495992598503,0.0,0.0
230,Device,FusedBatchNormV3,model/batch_normalization_48/FusedBatchNormV3,4,52.224,13.056,52.224,13.056,0.0006053544519320119,0.871101347050435,0.0,0.0
231,Device,ResourceApplyGradientDescent,SGD/SGD/update_188/ResourceApplyGradientDescent,2,51.2,25.6,51.2,25.6,0.0005934847567960902,0.8716948318072311,0.0,0.0
232,Device,FusedBatchNormGradV3,gradient_tape/model/batch_normalization_42/FusedBatchNormGradV3,2,51.2,25.6,51.2,25.6,0.0005934847567960902,0.8722883165640272,0.0,0.0
233,Device,FusedBatchNormGradV3,gradient_tape/model/batch_normalization_45/FusedBatchNormGradV3,2,51.2,25.6,51.2,25.6,0.0005934847567960902,0.8728818013208233,0.0,0.0
234,Device,MaxPool,model/max_pooling2d/MaxPool,2,51.2,25.6,51.2,25.6,0.0005934847567960902,0.8734752860776194,0.0,0.0
235,Device,AddN,SGD/gradients/AddN_65,2,50.177,25.0885,50.177,25.0885,0.0005816266531593245,0.8740569127307787,0.0,0.0
236,Device,AddN,SGD/gradients/AddN_11,2,50.176,25.088,50.176,25.088,0.0005816150616601684,0.8746385277924389,0.0,0.0
237,Device,AddN,SGD/gradients/AddN_68,2,50.176,25.088,50.176,25.088,0.0005816150616601684,0.8752201428540991,0.0,0.0
238,Device,AddN,SGD/gradients/AddN_10,2,49.152,24.576,49.152,24.576,0.0005697453665242466,0.8757898882206233,0.0,0.0
239,Device,AddN,SGD/gradients/AddN_9,2,49.152,24.576,49.152,24.576,0.0005697453665242466,0.8763596335871475,0.0,0.0
240,Device,FusedBatchNormGradV3,gradient_tape/model/batch_normalization_48/FusedBatchNormGradV3,2,49.152,24.576,49.152,24.576,0.0005697453665242466,0.8769293789536717,0.0,0.0
241,Device,AddN,SGD/gradients/AddN_8,2,46.08,23.04,46.08,23.04,0.0005341362811164812,0.8774635152347882,0.0,0.0
242,Device,Conv2DBackpropInput,gradient_tape/model/conv2d_1/Conv2D/Conv2DBackpropInput,2,45.056,22.528,45.056,22.528,0.0005222665859805593,0.8779857818207687,0.0,0.0
243,Device,ReluGrad,gradient_tape/model/activation_21/ReluGrad,2,44.032,22.016,44.032,22.016,0.0005103968908446375,0.8784961787116133,0.0,0.0
244,Device,BiasAddGrad,gradient_tape/model/conv2d_10/BiasAdd/BiasAddGrad,2,44.032,22.016,44.032,22.016,0.0005103968908446375,0.879006575602458,0.0,0.0
245,Device,Conv2D,model/conv2d_1/Conv2D,2,44.032,22.016,44.032,22.016,0.0005103968908446375,0.8795169724933026,0.0,0.0
246,Device,BiasAddGrad,gradient_tape/model/conv2d_4/BiasAdd/BiasAddGrad,2,43.009,21.5045,43.009,21.5045,0.0004985387872078719,0.8800155112805105,0.0,0.0
247,Device,BiasAddGrad,gradient_tape/model/conv2d_7/BiasAdd/BiasAddGrad,2,43.009,21.5045,43.009,21.5045,0.0004985387872078719,0.8805140500677183,0.0,0.0
248,Device,AddN,ArithmeticOptimizer/AddOpsRewrite_AddN_1,12,43.008,3.584,43.008,3.584,0.0004985271957087157,0.8810125772634271,0.0,0.0
249,Device,ReluGrad,gradient_tape/model/activation_15/ReluGrad,2,43.008,21.504,43.008,21.504,0.0004985271957087157,0.8815111044591358,0.0,0.0
250,Device,ReluGrad,gradient_tape/model/activation_18/ReluGrad,2,43.008,21.504,43.008,21.504,0.0004985271957087157,0.8820096316548446,0.0,0.0
251,Device,BiasAddGrad,gradient_tape/model/conv2d/BiasAdd/BiasAddGrad,2,41.984,20.992,41.984,20.992,0.0004866575005727939,0.8824962891554173,0.0,0.0
252,Device,ReluGrad,gradient_tape/model/activation_12/ReluGrad,2,40.96,20.48,40.96,20.48,0.00047478780543687215,0.8829710769608542,0.0,0.0
253,Device,Square,conv2d_45/kernel/Regularizer/Square,2,39.936,19.968,39.936,19.968,0.00046291811030095033,0.8834339950711552,0.0,0.0
254,Device,BiasAddGrad,gradient_tape/model/conv2d_49/BiasAdd/BiasAddGrad,2,39.936,19.968,39.936,19.968,0.00046291811030095033,0.8838969131814561,0.0,0.0
255,Device,BiasAdd,model/conv2d_14/BiasAdd,2,39.936,19.968,39.936,19.968,0.00046291811030095033,0.8843598312917571,0.0,0.0
256,Device,Square,conv2d_47/kernel/Regularizer/Square,2,38.913,19.4565,38.913,19.4565,0.00045106000666418465,0.8848108912984213,0.0,0.0
257,Device,Square,conv2d_49/kernel/Regularizer/Square,2,38.913,19.4565,38.913,19.4565,0.00045106000666418465,0.8852619513050854,0.0,0.0
258,Device,Mul,gradient_tape/conv2d_45/kernel/Regularizer/Mul,2,38.912,19.456,38.912,19.456,0.0004510484151650285,0.8857129997202505,0.0,0.0
259,Device,FusedBatchNormGradV3,gradient_tape/model/batch_normalization_33/FusedBatchNormGradV3,2,38.912,19.456,38.912,19.456,0.0004510484151650285,0.8861640481354156,0.0,0.0
260,Device,FusedBatchNormGradV3,gradient_tape/model/batch_normalization_36/FusedBatchNormGradV3,2,38.912,19.456,38.912,19.456,0.0004510484151650285,0.8866150965505807,0.0,0.0
261,Device,BiasAddGrad,gradient_tape/model/conv2d_46/BiasAdd/BiasAddGrad,2,38.912,19.456,38.912,19.456,0.0004510484151650285,0.8870661449657458,0.0,0.0
262,Device,BiasAddGrad,gradient_tape/model/conv2d_52/BiasAdd/BiasAddGrad,2,38.912,19.456,38.912,19.456,0.0004510484151650285,0.8875171933809108,0.0,0.0
263,Device,FusedBatchNormGradV3,gradient_tape/model/batch_normalization_39/FusedBatchNormGradV3,2,37.889,18.9445,37.889,18.9445,0.00043919031152826293,0.8879563836924391,0.0,0.0
264,Device,Square,conv2d_50/kernel/Regularizer/Square,2,37.888,18.944,37.888,18.944,0.0004391787200291067,0.8883955624124682,0.0,0.0
265,Device,Square,conv2d_52/kernel/Regularizer/Square,2,37.888,18.944,37.888,18.944,0.0004391787200291067,0.8888347411324973,0.0,0.0
266,Device,FusedBatchNormGradV3,gradient_tape/model/batch_normalization_30/FusedBatchNormGradV3,2,37.888,18.944,37.888,18.944,0.0004391787200291067,0.8892739198525264,0.0,0.0
267,Device,FusedBatchNormGradV3,gradient_tape/model/batch_normalization_24/FusedBatchNormGradV3,2,36.864,18.432,36.864,18.432,0.00042730902489318486,0.8897012288774195,0.0,0.0
268,Device,FusedBatchNormGradV3,gradient_tape/model/batch_normalization_27/FusedBatchNormGradV3,2,36.864,18.432,36.864,18.432,0.00042730902489318486,0.8901285379023127,0.0,0.0
269,Device,AddV2,model/add_3/add,2,36.864,18.432,36.864,18.432,0.00042730902489318486,0.8905558469272059,0.0,0.0
270,Device,FusedBatchNormV3,model/batch_normalization_15/FusedBatchNormV3,4,36.864,9.216,36.864,9.216,0.00042730902489318486,0.8909831559520991,0.0,0.0
271,Device,FusedBatchNormV3,model/batch_normalization_18/FusedBatchNormV3,4,36.864,9.216,36.864,9.216,0.00042730902489318486,0.8914104649769923,0.0,0.0
272,Device,FusedBatchNormV3,model/batch_normalization_21/FusedBatchNormV3,4,36.864,9.216,36.864,9.216,0.00042730902489318486,0.8918377740018855,0.0,0.0
273,Device,Mul,gradient_tape/conv2d_47/kernel/Regularizer/Mul,2,35.84,17.92,35.84,17.92,0.00041543932975726314,0.8922532133316428,0.0,0.0
274,Device,FusedBatchNormV3,model/batch_normalization_12/FusedBatchNormV3,4,35.84,8.96,35.84,8.96,0.00041543932975726314,0.8926686526614,0.0,0.0
275,Device,FusedBatchNormV3,model/batch_normalization_30/FusedBatchNormV3,4,34.817,8.70425,34.817,8.70425,0.00040358122612049746,0.8930722338875206,0.0,0.0
276,Device,Mul,gradient_tape/conv2d_25/kernel/Regularizer/Mul_1,2,34.816,17.408,34.816,17.408,0.0004035696346213413,0.8934758035221418,0.0,0.0
277,Device,Tile,gradient_tape/conv2d_45/kernel/Regularizer/Tile,2,34.816,17.408,34.816,17.408,0.0004035696346213413,0.8938793731567631,0.0,0.0
278,Device,Relu,model/activation_21/Relu,2,34.816,17.408,34.816,17.408,0.0004035696346213413,0.8942829427913844,0.0,0.0
279,Device,AddV2,model/add_5/add,2,34.816,17.408,34.816,17.408,0.0004035696346213413,0.8946865124260057,0.0,0.0
280,Device,AddV2,model/add_6/add,2,34.816,17.408,34.816,17.408,0.0004035696346213413,0.895090082060627,0.0,0.0
281,Device,FusedBatchNormV3,model/batch_normalization_33/FusedBatchNormV3,4,34.816,8.704,34.816,8.704,0.0004035696346213413,0.8954936516952483,0.0,0.0
282,Device,FusedBatchNormV3,model/batch_normalization_36/FusedBatchNormV3,4,34.816,8.704,34.816,8.704,0.0004035696346213413,0.8958972213298696,0.0,0.0
283,Device,Sum,conv2d_47/kernel/Regularizer/Sum,2,33.792,16.896,33.792,16.896,0.0003916999394854195,0.896288921269355,0.0,0.0
284,Device,Mul,gradient_tape/conv2d_32/kernel/Regularizer/Mul_1,2,33.792,16.896,33.792,16.896,0.0003916999394854195,0.8966806212088404,0.0,0.0
285,Device,Tile,gradient_tape/conv2d_47/kernel/Regularizer/Tile,2,33.792,16.896,33.792,16.896,0.0003916999394854195,0.8970723211483258,0.0,0.0
286,Device,AddV2,model/add_4/add,2,33.792,16.896,33.792,16.896,0.0003916999394854195,0.8974640210878112,0.0,0.0
287,Device,FusedBatchNormV3,model/batch_normalization_27/FusedBatchNormV3,4,33.792,8.448,33.792,8.448,0.0003916999394854195,0.8978557210272966,0.0,0.0
288,Device,FusedBatchNormV3,model/batch_normalization_39/FusedBatchNormV3,4,33.792,8.448,33.792,8.448,0.0003916999394854195,0.898247420966782,0.0,0.0
289,Device,Sum,conv2d_49/kernel/Regularizer/Sum,2,32.768,16.384,32.768,16.384,0.0003798302443494977,0.8986272512111315,0.0,0.0
290,Device,FusedBatchNormV3,model/batch_normalization_24/FusedBatchNormV3,4,32.768,8.192,32.768,8.192,0.0003798302443494977,0.899007081455481,0.0,0.0
291,Device,Mul,gradient_tape/conv2d_27/kernel/Regularizer/Mul_1,2,31.745,15.8725,31.745,15.8725,0.0003679721407127321,0.8993750535961937,0.0,0.0
292,Device,Mul,gradient_tape/conv2d_41/kernel/Regularizer/Mul_1,2,31.745,15.8725,31.745,15.8725,0.0003679721407127321,0.8997430257369065,0.0,0.0
293,Device,Sum,conv2d_45/kernel/Regularizer/Sum,2,31.744,15.872,31.744,15.872,0.0003679605492135759,0.9001109862861201,0.0,0.0
294,Device,Sum,conv2d_50/kernel/Regularizer/Sum,2,31.744,15.872,31.744,15.872,0.0003679605492135759,0.9004789468353337,0.0,0.0
295,Device,Sum,conv2d_52/kernel/Regularizer/Sum,2,31.744,15.872,31.744,15.872,0.0003679605492135759,0.9008469073845473,0.0,0.0
296,Device,Mul,gradient_tape/conv2d_35/kernel/Regularizer/Mul_1,2,31.744,15.872,31.744,15.872,0.0003679605492135759,0.9012148679337609,0.0,0.0
297,Device,Mul,gradient_tape/conv2d_38/kernel/Regularizer/Mul_1,2,31.744,15.872,31.744,15.872,0.0003679605492135759,0.9015828284829746,0.0,0.0
298,Device,AddN,SGD/gradients/AddN_41,2,30.72,15.36,30.72,15.36,0.0003560908540776541,0.9019389193370522,0.0,0.0
299,Device,AddN,SGD/gradients/AddN_42,2,30.72,15.36,30.72,15.36,0.0003560908540776541,0.9022950101911298,0.0,0.0
300,Device,AddN,SGD/gradients/AddN_59,2,30.72,15.36,30.72,15.36,0.0003560908540776541,0.9026511010452074,0.0,0.0
301,Device,Mul,gradient_tape/conv2d_29/kernel/Regularizer/Mul_1,2,30.72,15.36,30.72,15.36,0.0003560908540776541,0.903007191899285,0.0,0.0
302,Device,AddN,SGD/gradients/AddN_51,2,29.696,14.848,29.696,14.848,0.0003442211589417323,0.9033514130582267,0.0,0.0
303,Device,Mul,gradient_tape/conv2d_43/kernel/Regularizer/Mul_1,2,29.696,14.848,29.696,14.848,0.0003442211589417323,0.9036956342171685,0.0,0.0
304,Device,BiasAddGrad,gradient_tape/model/conv2d_17/BiasAdd/BiasAddGrad,2,29.696,14.848,29.696,14.848,0.0003442211589417323,0.9040398553761102,0.0,0.0
305,Device,BiasAddGrad,gradient_tape/model/conv2d_20/BiasAdd/BiasAddGrad,2,29.696,14.848,29.696,14.848,0.0003442211589417323,0.9043840765350519,0.0,0.0
306,Device,BiasAddGrad,gradient_tape/model/conv2d_23/BiasAdd/BiasAddGrad,2,29.696,14.848,29.696,14.848,0.0003442211589417323,0.9047282976939937,0.0,0.0
307,Device,ResourceApplyGradientDescent,SGD/SGD/update_166/ResourceApplyGradientDescent,2,28.672,14.336,28.672,14.336,0.0003323514638058105,0.9050606491577995,0.0,0.0
308,Device,AddN,SGD/gradients/AddN_45,2,28.672,14.336,28.672,14.336,0.0003323514638058105,0.9053930006216053,0.0,0.0
309,Device,AddN,SGD/gradients/AddN_48,2,28.672,14.336,28.672,14.336,0.0003323514638058105,0.9057253520854112,0.0,0.0
310,Device,AddN,SGD/gradients/AddN_54,2,28.672,14.336,28.672,14.336,0.0003323514638058105,0.906057703549217,0.0,0.0
311,Device,AddN,SGD/gradients/AddN_57,2,28.672,14.336,28.672,14.336,0.0003323514638058105,0.9063900550130228,0.0,0.0
312,Device,FusedBatchNormV3,model/batch_normalization_2/FusedBatchNormV3,4,27.648,6.912,27.648,6.912,0.00032048176866988866,0.9067105367816927,0.0,0.0
313,Device,FusedBatchNormV3,model/batch_normalization_1/FusedBatchNormV3,4,26.626,6.6565,26.626,6.6565,0.0003086352565322792,0.9070191720382249,0.0,0.0
314,Device,ReluGrad,gradient_tape/model/activation_39/ReluGrad,2,26.624,13.312,26.624,13.312,0.0003086120735339669,0.9073277841117589,0.0,0.0
315,Device,FusedBatchNormGradV3,gradient_tape/model/batch_normalization_4/FusedBatchNormGradV3,2,26.624,13.312,26.624,13.312,0.0003086120735339669,0.9076363961852928,0.0,0.0
316,Device,BiasAddGrad,gradient_tape/model/conv2d_14/BiasAdd/BiasAddGrad,2,26.624,13.312,26.624,13.312,0.0003086120735339669,0.9079450082588267,0.0,0.0
317,Device,BiasAddGrad,gradient_tape/model/conv2d_42/BiasAdd/BiasAddGrad,2,26.624,13.312,26.624,13.312,0.0003086120735339669,0.9082536203323607,0.0,0.0
318,Device,FusedBatchNormGradV3,gradient_tape/model/batch_normalization_5/FusedBatchNormGradV3,2,25.601,12.8005,25.601,12.8005,0.00029675396989720126,0.9085503743022579,0.0,0.0
319,Device,FusedBatchNormGradV3,gradient_tape/model/batch_normalization_7/FusedBatchNormGradV3,2,25.6,12.8,25.6,12.8,0.0002967423783980451,0.908847116680656,0.0,0.0
320,Device,BiasAddGrad,gradient_tape/model/conv2d_27/BiasAdd/BiasAddGrad,2,25.6,12.8,25.6,12.8,0.0002967423783980451,0.909143859059054,0.0,0.0
321,Device,MatMul,model/dense/MatMul,2,25.6,12.8,25.6,12.8,0.0002967423783980451,0.9094406014374521,0.0,0.0
322,Device,ResourceApplyGradientDescent,SGD/SGD/update_100/ResourceApplyGradientDescent,2,24.576,12.288,24.576,12.288,0.0002848726832621233,0.9097254741207143,0.0,0.0
323,Device,Sum,conv2d_29/kernel/Regularizer/Sum,2,24.576,12.288,24.576,12.288,0.0002848726832621233,0.9100103468039764,0.0,0.0
324,Device,Sum,conv2d_32/kernel/Regularizer/Sum,2,24.576,12.288,24.576,12.288,0.0002848726832621233,0.9102952194872386,0.0,0.0
325,Device,Sum,conv2d_41/kernel/Regularizer/Sum,2,24.576,12.288,24.576,12.288,0.0002848726832621233,0.9105800921705007,0.0,0.0
326,Device,FusedBatchNormGradV3,gradient_tape/model/batch_normalization_1/FusedBatchNormGradV3,2,24.576,12.288,24.576,12.288,0.0002848726832621233,0.9108649648537629,0.0,0.0
327,Device,FusedBatchNormGradV3,gradient_tape/model/batch_normalization_2/FusedBatchNormGradV3,2,24.576,12.288,24.576,12.288,0.0002848726832621233,0.911149837537025,0.0,0.0
328,Device,FusedBatchNormGradV3,gradient_tape/model/batch_normalization_8/FusedBatchNormGradV3,2,24.576,12.288,24.576,12.288,0.0002848726832621233,0.9114347102202872,0.0,0.0
329,Device,BiasAddGrad,gradient_tape/model/conv2d_30/BiasAdd/BiasAddGrad,2,24.576,12.288,24.576,12.288,0.0002848726832621233,0.9117195829035494,0.0,0.0
330,Device,BiasAddGrad,gradient_tape/model/conv2d_33/BiasAdd/BiasAddGrad,2,24.576,12.288,24.576,12.288,0.0002848726832621233,0.9120044555868115,0.0,0.0
331,Device,BiasAddGrad,gradient_tape/model/conv2d_36/BiasAdd/BiasAddGrad,2,24.576,12.288,24.576,12.288,0.0002848726832621233,0.9122893282700737,0.0,0.0
332,Device,BiasAddGrad,gradient_tape/model/conv2d_39/BiasAdd/BiasAddGrad,2,24.576,12.288,24.576,12.288,0.0002848726832621233,0.9125742009533359,0.0,0.0
333,Device,FusedBatchNormV3,model/batch_normalization_41/FusedBatchNormV3,4,24.576,6.144,24.576,6.144,0.0002848726832621233,0.912859073636598,0.0,0.0
334,Device,FusedBatchNormV3,model/batch_normalization_44/FusedBatchNormV3,4,24.576,6.144,24.576,6.144,0.0002848726832621233,0.9131439463198602,0.0,0.0
335,Device,FusedBatchNormV3,model/batch_normalization_46/FusedBatchNormV3,4,24.576,6.144,24.576,6.144,0.0002848726832621233,0.9134288190031223,0.0,0.0
336,Device,Sum,conv2d_27/kernel/Regularizer/Sum,2,23.552,11.776,23.552,11.776,0.00027300298812620147,0.9137018219912485,0.0,0.0
337,Device,Square,conv2d_29/kernel/Regularizer/Square,2,23.552,11.776,23.552,11.776,0.00027300298812620147,0.9139748249793747,0.0,0.0
338,Device,Sum,conv2d_35/kernel/Regularizer/Sum,2,23.552,11.776,23.552,11.776,0.00027300298812620147,0.9142478279675008,0.0,0.0
339,Device,Sum,conv2d_38/kernel/Regularizer/Sum,2,23.552,11.776,23.552,11.776,0.00027300298812620147,0.914520830955627,0.0,0.0
340,Device,Sum,conv2d_43/kernel/Regularizer/Sum,2,23.552,11.776,23.552,11.776,0.00027300298812620147,0.9147938339437531,0.0,0.0
341,Device,Transpose,gradient_tape/model/conv2d/Conv2D/Conv2DBackpropFilter-0-TransposeNHWCToNCHW-LayoutOptimizer,2,23.552,11.776,23.552,11.776,0.00027300298812620147,0.9150668369318793,0.0,0.0
342,Device,FusedBatchNormV3,model/batch_normalization_47/FusedBatchNormV3,4,23.552,5.888,23.552,5.888,0.00027300298812620147,0.9153398399200054,0.0,0.0
343,Device,FusedBatchNormV3,model/batch_normalization_7/FusedBatchNormV3,4,23.552,5.888,23.552,5.888,0.00027300298812620147,0.9156128429081316,0.0,0.0
344,Device,FusedBatchNormV3,model/batch_normalization_8/FusedBatchNormV3,4,23.552,5.888,23.552,5.888,0.00027300298812620147,0.9158858458962578,0.0,0.0
345,Device,ResourceApplyGradientDescent,SGD/SGD/update_96/ResourceApplyGradientDescent,2,22.529,11.2645,22.529,11.2645,0.00026114488448943584,0.9161469907807472,0.0,0.0
346,Device,Square,conv2d_38/kernel/Regularizer/Square,2,22.529,11.2645,22.529,11.2645,0.00026114488448943584,0.9164081356652367,0.0,0.0
347,Device,FusedBatchNormV3,model/batch_normalization_40/FusedBatchNormV3,4,22.529,5.63225,22.529,5.63225,0.00026114488448943584,0.9166692805497262,0.0,0.0
348,Device,Square,conv2d_25/kernel/Regularizer/Square,2,22.528,11.264,22.528,11.264,0.00026113329299027964,0.9169304138427165,0.0,0.0
349,Device,Sum,conv2d_25/kernel/Regularizer/Sum,2,22.528,11.264,22.528,11.264,0.00026113329299027964,0.9171915471357067,0.0,0.0
350,Device,Sum,conv2d_34/kernel/Regularizer/Sum,2,22.528,11.264,22.528,11.264,0.00026113329299027964,0.917452680428697,0.0,0.0
351,Device,Square,conv2d_35/kernel/Regularizer/Square,2,22.528,11.264,22.528,11.264,0.00026113329299027964,0.9177138137216873,0.0,0.0
352,Device,Sum,conv2d_37/kernel/Regularizer/Sum,2,22.528,11.264,22.528,11.264,0.00026113329299027964,0.9179749470146775,0.0,0.0
353,Device,Mul,gradient_tape/conv2d_25/kernel/Regularizer/Mul,2,22.528,11.264,22.528,11.264,0.00026113329299027964,0.9182360803076678,0.0,0.0
354,Device,Tile,gradient_tape/conv2d_27/kernel/Regularizer/Tile,2,22.528,11.264,22.528,11.264,0.00026113329299027964,0.9184972136006581,0.0,0.0
355,Device,FusedBatchNormGradV3,gradient_tape/model/batch_normalization_44/FusedBatchNormGradV3,2,22.528,11.264,22.528,11.264,0.00026113329299027964,0.9187583468936483,0.0,0.0
356,Device,FusedBatchNormV3,model/batch_normalization_43/FusedBatchNormV3,4,22.528,5.632,22.528,5.632,0.00026113329299027964,0.9190194801866386,0.0,0.0
357,Device,BiasAdd,model/conv2d_1/BiasAdd,2,22.528,11.264,22.528,11.264,0.00026113329299027964,0.9192806134796289,0.0,0.0
358,Device,ResourceApplyGradientDescent,SGD/SGD/update_158/ResourceApplyGradientDescent,2,21.505,10.7525,21.505,10.7525,0.000249275189353514,0.9195298886689823,0.0,0.0
359,Device,ResourceApplyGradientDescent,SGD/SGD/update_110/ResourceApplyGradientDescent,2,21.504,10.752,21.504,10.752,0.0002492635978543579,0.9197791522668367,0.0,0.0
360,Device,ResourceApplyGradientDescent,SGD/SGD/update_134/ResourceApplyGradientDescent,2,21.504,10.752,21.504,10.752,0.0002492635978543579,0.9200284158646911,0.0,0.0
361,Device,ResourceApplyGradientDescent,SGD/SGD/update_146/ResourceApplyGradientDescent,2,21.504,10.752,21.504,10.752,0.0002492635978543579,0.9202776794625455,0.0,0.0
362,Device,Square,conv2d_32/kernel/Regularizer/Square,2,21.504,10.752,21.504,10.752,0.0002492635978543579,0.9205269430603998,0.0,0.0
363,Device,Sum,conv2d_40/kernel/Regularizer/Sum,2,21.504,10.752,21.504,10.752,0.0002492635978543579,0.9207762066582542,0.0,0.0
364,Device,Square,conv2d_41/kernel/Regularizer/Square,2,21.504,10.752,21.504,10.752,0.0002492635978543579,0.9210254702561086,0.0,0.0
365,Device,Sum,conv2d_42/kernel/Regularizer/Sum,2,21.504,10.752,21.504,10.752,0.0002492635978543579,0.921274733853963,0.0,0.0
366,Device,Tile,gradient_tape/conv2d_25/kernel/Regularizer/Tile,2,21.504,10.752,21.504,10.752,0.0002492635978543579,0.9215239974518173,0.0,0.0
367,Device,FusedBatchNormGradV3,gradient_tape/model/batch_normalization_40/FusedBatchNormGradV3,2,21.504,10.752,21.504,10.752,0.0002492635978543579,0.9217732610496717,0.0,0.0
368,Device,FusedBatchNormGradV3,gradient_tape/model/batch_normalization_41/FusedBatchNormGradV3,2,21.504,10.752,21.504,10.752,0.0002492635978543579,0.9220225246475261,0.0,0.0
369,Device,FusedBatchNormGradV3,gradient_tape/model/batch_normalization_47/FusedBatchNormGradV3,2,21.504,10.752,21.504,10.752,0.0002492635978543579,0.9222717882453805,0.0,0.0
370,Device,Sum,conv2d_30/kernel/Regularizer/Sum,2,20.481,10.2405,20.481,10.2405,0.00023740549421759225,0.922509193739598,0.0,0.0
371,Device,Tile,gradient_tape/conv2d_43/kernel/Regularizer/Tile,2,20.481,10.2405,20.481,10.2405,0.00023740549421759225,0.9227465992338156,0.0,0.0
372,Device,ArgMax,ArgMax,2,20.48,10.24,20.48,10.24,0.00023739390271843608,0.9229839931365341,0.0,0.0
373,Device,ResourceApplyGradientDescent,SGD/SGD/update_122/ResourceApplyGradientDescent,2,20.48,10.24,20.48,10.24,0.00023739390271843608,0.9232213870392526,0.0,0.0
374,Device,AddN,SGD/gradients/AddN_15,2,20.48,10.24,20.48,10.24,0.00023739390271843608,0.9234587809419711,0.0,0.0
375,Device,AddN,SGD/gradients/AddN_5,2,20.48,10.24,20.48,10.24,0.00023739390271843608,0.9236961748446896,0.0,0.0
376,Device,AddN,SGD/gradients/AddN_6,2,20.48,10.24,20.48,10.24,0.00023739390271843608,0.9239335687474081,0.0,0.0
377,Device,AddN,SGD/gradients/AddN_7,2,20.48,10.24,20.48,10.24,0.00023739390271843608,0.9241709626501265,0.0,0.0
378,Device,Sum,conv2d_26/kernel/Regularizer/Sum,2,20.48,10.24,20.48,10.24,0.00023739390271843608,0.924408356552845,0.0,0.0
379,Device,Square,conv2d_27/kernel/Regularizer/Square,2,20.48,10.24,20.48,10.24,0.00023739390271843608,0.9246457504555635,0.0,0.0
380,Device,Sum,conv2d_28/kernel/Regularizer/Sum,2,20.48,10.24,20.48,10.24,0.00023739390271843608,0.924883144358282,0.0,0.0
381,Device,Sum,conv2d_31/kernel/Regularizer/Sum,2,20.48,10.24,20.48,10.24,0.00023739390271843608,0.9251205382610005,0.0,0.0
382,Device,Sum,conv2d_33/kernel/Regularizer/Sum,2,20.48,10.24,20.48,10.24,0.00023739390271843608,0.925357932163719,0.0,0.0
383,Device,Sum,conv2d_36/kernel/Regularizer/Sum,2,20.48,10.24,20.48,10.24,0.00023739390271843608,0.9255953260664375,0.0,0.0
384,Device,Sum,conv2d_39/kernel/Regularizer/Sum,2,20.48,10.24,20.48,10.24,0.00023739390271843608,0.925832719969156,0.0,0.0
385,Device,FusedBatchNormGradV3,gradient_tape/model/batch_normalization_43/FusedBatchNormGradV3,2,20.48,10.24,20.48,10.24,0.00023739390271843608,0.9260701138718744,0.0,0.0
386,Device,FusedBatchNormGradV3,gradient_tape/model/batch_normalization_46/FusedBatchNormGradV3,2,20.48,10.24,20.48,10.24,0.00023739390271843608,0.9263075077745929,0.0,0.0
387,Device,BiasAddGrad,gradient_tape/model/conv2d_48/BiasAdd/BiasAddGrad,2,20.48,10.24,20.48,10.24,0.00023739390271843608,0.9265449016773114,0.0,0.0
388,Device,BiasAddGrad,gradient_tape/model/conv2d_51/BiasAdd/BiasAddGrad,2,20.48,10.24,20.48,10.24,0.00023739390271843608,0.9267822955800299,0.0,0.0
389,Device,FusedBatchNormV3,model/batch_normalization_4/FusedBatchNormV3,4,20.48,5.12,20.48,5.12,0.00023739390271843608,0.9270196894827484,0.0,0.0
390,Device,FusedBatchNormV3,model/batch_normalization_5/FusedBatchNormV3,4,20.48,5.12,20.48,5.12,0.00023739390271843608,0.9272570833854669,0.0,0.0
391,Device,BiasAdd,model/conv2d_2/BiasAdd,2,20.48,10.24,20.48,10.24,0.00023739390271843608,0.9274944772881853,0.0,0.0
392,Device,Softmax,model/dense/Softmax,2,20.48,10.24,20.48,10.24,0.00023739390271843608,0.9277318711909038,0.0,0.0
393,Device,FusedBatchNormV3,model/batch_normalization_34/FusedBatchNormV3,4,19.457,4.86425,19.457,4.86425,0.00022553579908167045,0.9279574069899855,0.0,0.0
394,Device,ArgMax,ArgMax_1,2,19.456,9.728,19.456,9.728,0.00022552420758251425,0.928182931197568,0.0,0.0
395,Device,AddN,SGD/gradients/AddN_4,2,19.456,9.728,19.456,9.728,0.00022552420758251425,0.9284084554051505,0.0,0.0
396,Device,Square,conv2d_43/kernel/Regularizer/Square,2,19.456,9.728,19.456,9.728,0.00022552420758251425,0.928633979612733,0.0,0.0
397,Device,ReluGrad,gradient_tape/model/activation_24/ReluGrad,2,19.456,9.728,19.456,9.728,0.00022552420758251425,0.9288595038203155,0.0,0.0
398,Device,ReluGrad,gradient_tape/model/activation_30/ReluGrad,2,19.456,9.728,19.456,9.728,0.00022552420758251425,0.9290850280278979,0.0,0.0
399,Device,ReluGrad,gradient_tape/model/activation_33/ReluGrad,2,19.456,9.728,19.456,9.728,0.00022552420758251425,0.9293105522354804,0.0,0.0
400,Device,BiasAddGrad,gradient_tape/model/conv2d_44/BiasAdd/BiasAddGrad,2,19.456,9.728,19.456,9.728,0.00022552420758251425,0.9295360764430629,0.0,0.0
401,Device,FusedBatchNormV3,model/batch_normalization_25/FusedBatchNormV3,4,19.456,4.864,19.456,4.864,0.00022552420758251425,0.9297616006506454,0.0,0.0
402,Device,FusedBatchNormV3,model/batch_normalization_26/FusedBatchNormV3,4,19.456,4.864,19.456,4.864,0.00022552420758251425,0.9299871248582279,0.0,0.0
403,Device,AddN,SGD/gradients/AddN_3,2,18.432,9.216,18.432,9.216,0.00021365451244659243,0.9302007793706745,0.0,0.0
404,Device,AddN,SGD/gradients/AddN_43,2,18.432,9.216,18.432,9.216,0.00021365451244659243,0.9304144338831211,0.0,0.0
405,Device,AddN,SGD/gradients/AddN_52,2,18.432,9.216,18.432,9.216,0.00021365451244659243,0.9306280883955677,0.0,0.0
406,Device,AddN,SGD/gradients/AddN_55,2,18.432,9.216,18.432,9.216,0.00021365451244659243,0.9308417429080142,0.0,0.0
407,Device,AddN,SGD/gradients/AddN_58,2,18.432,9.216,18.432,9.216,0.00021365451244659243,0.9310553974204608,0.0,0.0
408,Device,ReluGrad,gradient_tape/model/activation_27/ReluGrad,2,18.432,9.216,18.432,9.216,0.00021365451244659243,0.9312690519329074,0.0,0.0
409,Device,ReluGrad,gradient_tape/model/activation_36/ReluGrad,2,18.432,9.216,18.432,9.216,0.00021365451244659243,0.931482706445354,0.0,0.0
410,Device,FusedBatchNormGradV3,gradient_tape/model/batch_normalization_28/FusedBatchNormGradV3,2,18.432,9.216,18.432,9.216,0.00021365451244659243,0.9316963609578006,0.0,0.0
411,Device,FusedBatchNormGradV3,gradient_tape/model/batch_normalization_34/FusedBatchNormGradV3,2,18.432,9.216,18.432,9.216,0.00021365451244659243,0.9319100154702472,0.0,0.0
412,Device,BiasAddGrad,gradient_tape/model/conv2d_25/BiasAdd/BiasAddGrad,2,18.432,9.216,18.432,9.216,0.00021365451244659243,0.9321236699826938,0.0,0.0
413,Device,BiasAddGrad,gradient_tape/model/conv2d_29/BiasAdd/BiasAddGrad,2,18.432,9.216,18.432,9.216,0.00021365451244659243,0.9323373244951404,0.0,0.0
414,Device,BiasAddGrad,gradient_tape/model/conv2d_32/BiasAdd/BiasAddGrad,2,18.432,9.216,18.432,9.216,0.00021365451244659243,0.932550979007587,0.0,0.0
415,Device,BiasAddGrad,gradient_tape/model/conv2d_35/BiasAdd/BiasAddGrad,2,18.432,9.216,18.432,9.216,0.00021365451244659243,0.9327646335200336,0.0,0.0
416,Device,BiasAddGrad,gradient_tape/model/conv2d_38/BiasAdd/BiasAddGrad,2,18.432,9.216,18.432,9.216,0.00021365451244659243,0.9329782880324802,0.0,0.0
417,Device,BiasAddGrad,gradient_tape/model/conv2d_41/BiasAdd/BiasAddGrad,2,18.432,9.216,18.432,9.216,0.00021365451244659243,0.9331919425449268,0.0,0.0
418,Device,BiasAddGrad,gradient_tape/model/conv2d_47/BiasAdd/BiasAddGrad,2,18.432,9.216,18.432,9.216,0.00021365451244659243,0.9334055970573734,0.0,0.0
419,Device,BiasAddGrad,gradient_tape/model/conv2d_5/BiasAdd/BiasAddGrad,2,18.432,9.216,18.432,9.216,0.00021365451244659243,0.93361925156982,0.0,0.0
420,Device,BiasAddGrad,gradient_tape/model/conv2d_50/BiasAdd/BiasAddGrad,2,18.432,9.216,18.432,9.216,0.00021365451244659243,0.9338329060822665,0.0,0.0
421,Device,Relu,model/activation_12/Relu,2,18.432,9.216,18.432,9.216,0.00021365451244659243,0.9340465605947131,0.0,0.0
422,Device,FusedBatchNormV3,model/batch_normalization_22/FusedBatchNormV3,4,18.432,4.608,18.432,4.608,0.00021365451244659243,0.9342602151071597,0.0,0.0
423,Device,FusedBatchNormV3,model/batch_normalization_23/FusedBatchNormV3,4,18.432,4.608,18.432,4.608,0.00021365451244659243,0.9344738696196063,0.0,0.0
424,Device,FusedBatchNormV3,model/batch_normalization_28/FusedBatchNormV3,4,18.432,4.608,18.432,4.608,0.00021365451244659243,0.9346875241320529,0.0,0.0
425,Device,FusedBatchNormV3,model/batch_normalization_29/FusedBatchNormV3,4,18.432,4.608,18.432,4.608,0.00021365451244659243,0.9349011786444995,0.0,0.0
426,Device,FusedBatchNormV3,model/batch_normalization_31/FusedBatchNormV3,4,18.432,4.608,18.432,4.608,0.00021365451244659243,0.9351148331569461,0.0,0.0
427,Device,FusedBatchNormV3,model/batch_normalization_32/FusedBatchNormV3,4,18.432,4.608,18.432,4.608,0.00021365451244659243,0.9353284876693927,0.0,0.0
428,Device,FusedBatchNormV3,model/batch_normalization_35/FusedBatchNormV3,4,18.432,4.608,18.432,4.608,0.00021365451244659243,0.9355421421818393,0.0,0.0
429,Device,FusedBatchNormV3,model/batch_normalization_37/FusedBatchNormV3,4,18.432,4.608,18.432,4.608,0.00021365451244659243,0.9357557966942859,0.0,0.0
430,Device,FusedBatchNormV3,model/batch_normalization_38/FusedBatchNormV3,4,18.432,4.608,18.432,4.608,0.00021365451244659243,0.9359694512067325,0.0,0.0
431,Device,ResourceApplyGradientDescent,SGD/SGD/update_102/ResourceApplyGradientDescent,2,17.409,8.7045,17.409,8.7045,0.0002017964088098268,0.9361712476155423,0.0,0.0
432,Device,Mul,gradient_tape/conv2d_43/kernel/Regularizer/Mul,2,17.409,8.7045,17.409,8.7045,0.0002017964088098268,0.9363730440243521,0.0,0.0
433,Device,FusedBatchNormGradV3,gradient_tape/model/batch_normalization_31/FusedBatchNormGradV3,2,17.409,8.7045,17.409,8.7045,0.0002017964088098268,0.9365748404331619,0.0,0.0
434,Device,AddN,SGD/gradients/AddN_49,2,17.408,8.704,17.408,8.704,0.00020178481731067066,0.9367766252504726,0.0,0.0
435,Device,Sum,conv2d_14/kernel/Regularizer/Sum,2,17.408,8.704,17.408,8.704,0.00020178481731067066,0.9369784100677833,0.0,0.0
436,Device,Sum,conv2d_24/kernel/Regularizer/Sum,2,17.408,8.704,17.408,8.704,0.00020178481731067066,0.937180194885094,0.0,0.0
437,Device,Mul,gradient_tape/conv2d_26/kernel/Regularizer/Mul_1,2,17.408,8.704,17.408,8.704,0.00020178481731067066,0.9373819797024047,0.0,0.0
438,Device,Mul,gradient_tape/conv2d_27/kernel/Regularizer/Mul,2,17.408,8.704,17.408,8.704,0.00020178481731067066,0.9375837645197154,0.0,0.0
439,Device,Mul,gradient_tape/conv2d_28/kernel/Regularizer/Mul_1,2,17.408,8.704,17.408,8.704,0.00020178481731067066,0.9377855493370261,0.0,0.0
440,Device,ReluGrad,gradient_tape/model/activation_42/ReluGrad,2,17.408,8.704,17.408,8.704,0.00020178481731067066,0.9379873341543368,0.0,0.0
441,Device,ReluGrad,gradient_tape/model/activation_45/ReluGrad,2,17.408,8.704,17.408,8.704,0.00020178481731067066,0.9381891189716475,0.0,0.0
442,Device,FusedBatchNormGradV3,gradient_tape/model/batch_normalization_25/FusedBatchNormGradV3,2,17.408,8.704,17.408,8.704,0.00020178481731067066,0.9383909037889582,0.0,0.0
443,Device,FusedBatchNormGradV3,gradient_tape/model/batch_normalization_29/FusedBatchNormGradV3,2,17.408,8.704,17.408,8.704,0.00020178481731067066,0.9385926886062689,0.0,0.0
444,Device,FusedBatchNormGradV3,gradient_tape/model/batch_normalization_37/FusedBatchNormGradV3,2,17.408,8.704,17.408,8.704,0.00020178481731067066,0.9387944734235796,0.0,0.0
445,Device,BiasAddGrad,gradient_tape/model/conv2d_12/BiasAdd/BiasAddGrad,2,17.408,8.704,17.408,8.704,0.00020178481731067066,0.9389962582408903,0.0,0.0
446,Device,BiasAddGrad,gradient_tape/model/conv2d_19/BiasAdd/BiasAddGrad,2,17.408,8.704,17.408,8.704,0.00020178481731067066,0.939198043058201,0.0,0.0
447,Device,BiasAddGrad,gradient_tape/model/conv2d_43/BiasAdd/BiasAddGrad,2,17.408,8.704,17.408,8.704,0.00020178481731067066,0.9393998278755117,0.0,0.0
448,Device,BiasAddGrad,gradient_tape/model/conv2d_8/BiasAdd/BiasAddGrad,2,17.408,8.704,17.408,8.704,0.00020178481731067066,0.9396016126928224,0.0,0.0
449,Device,Relu,model/activation_18/Relu,2,17.408,8.704,17.408,8.704,0.00020178481731067066,0.9398033975101331,0.0,0.0
450,Device,BiasAdd,model/conv2d_27/BiasAdd,2,17.408,8.704,17.408,8.704,0.00020178481731067066,0.9400051823274438,0.0,0.0
451,Device,AddN,SGD/gradients/AddN_2,2,16.384,8.192,16.384,8.192,0.00018991512217474886,0.9401950974496185,0.0,0.0
452,Device,AddN,SGD/gradients/AddN_46,2,16.384,8.192,16.384,8.192,0.00018991512217474886,0.9403850125717932,0.0,0.0
453,Device,Sum,conv2d_13/kernel/Regularizer/Sum,2,16.384,8.192,16.384,8.192,0.00018991512217474886,0.9405749276939679,0.0,0.0
454,Device,Sum,conv2d_16/kernel/Regularizer/Sum,2,16.384,8.192,16.384,8.192,0.00018991512217474886,0.9407648428161426,0.0,0.0
455,Device,Sum,conv2d_20/kernel/Regularizer/Sum,2,16.384,8.192,16.384,8.192,0.00018991512217474886,0.9409547579383173,0.0,0.0
456,Device,Mul,gradient_tape/conv2d_33/kernel/Regularizer/Mul_1,2,16.384,8.192,16.384,8.192,0.00018991512217474886,0.941144673060492,0.0,0.0
457,Device,Mul,gradient_tape/conv2d_40/kernel/Regularizer/Mul_1,2,16.384,8.192,16.384,8.192,0.00018991512217474886,0.9413345881826667,0.0,0.0
458,Device,ReluGrad,gradient_tape/model/activation_11/ReluGrad,2,16.384,8.192,16.384,8.192,0.00018991512217474886,0.9415245033048414,0.0,0.0
459,Device,ReluGrad,gradient_tape/model/activation_4/ReluGrad,2,16.384,8.192,16.384,8.192,0.00018991512217474886,0.9417144184270161,0.0,0.0
460,Device,ReluGrad,gradient_tape/model/activation_8/ReluGrad,2,16.384,8.192,16.384,8.192,0.00018991512217474886,0.9419043335491908,0.0,0.0
461,Device,FusedBatchNormGradV3,gradient_tape/model/batch_normalization_13/FusedBatchNormGradV3,2,16.384,8.192,16.384,8.192,0.00018991512217474886,0.9420942486713655,0.0,0.0
462,Device,FusedBatchNormGradV3,gradient_tape/model/batch_normalization_19/FusedBatchNormGradV3,2,16.384,8.192,16.384,8.192,0.00018991512217474886,0.9422841637935402,0.0,0.0
463,Device,FusedBatchNormGradV3,gradient_tape/model/batch_normalization_20/FusedBatchNormGradV3,2,16.384,8.192,16.384,8.192,0.00018991512217474886,0.9424740789157149,0.0,0.0
464,Device,FusedBatchNormGradV3,gradient_tape/model/batch_normalization_22/FusedBatchNormGradV3,2,16.384,8.192,16.384,8.192,0.00018991512217474886,0.9426639940378896,0.0,0.0
465,Device,FusedBatchNormGradV3,gradient_tape/model/batch_normalization_23/FusedBatchNormGradV3,2,16.384,8.192,16.384,8.192,0.00018991512217474886,0.9428539091600643,0.0,0.0
466,Device,FusedBatchNormGradV3,gradient_tape/model/batch_normalization_26/FusedBatchNormGradV3,2,16.384,8.192,16.384,8.192,0.00018991512217474886,0.943043824282239,0.0,0.0
467,Device,FusedBatchNormGradV3,gradient_tape/model/batch_normalization_32/FusedBatchNormGradV3,2,16.384,8.192,16.384,8.192,0.00018991512217474886,0.9432337394044137,0.0,0.0
468,Device,FusedBatchNormGradV3,gradient_tape/model/batch_normalization_35/FusedBatchNormGradV3,2,16.384,8.192,16.384,8.192,0.00018991512217474886,0.9434236545265884,0.0,0.0
469,Device,FusedBatchNormGradV3,gradient_tape/model/batch_normalization_38/FusedBatchNormGradV3,2,16.384,8.192,16.384,8.192,0.00018991512217474886,0.9436135696487631,0.0,0.0
470,Device,BiasAddGrad,gradient_tape/model/conv2d_15/BiasAdd/BiasAddGrad,2,16.384,8.192,16.384,8.192,0.00018991512217474886,0.9438034847709378,0.0,0.0
471,Device,BiasAddGrad,gradient_tape/model/conv2d_16/BiasAdd/BiasAddGrad,2,16.384,8.192,16.384,8.192,0.00018991512217474886,0.9439933998931125,0.0,0.0
472,Device,BiasAddGrad,gradient_tape/model/conv2d_21/BiasAdd/BiasAddGrad,2,16.384,8.192,16.384,8.192,0.00018991512217474886,0.9441833150152872,0.0,0.0
473,Device,BiasAddGrad,gradient_tape/model/conv2d_22/BiasAdd/BiasAddGrad,2,16.384,8.192,16.384,8.192,0.00018991512217474886,0.9443732301374619,0.0,0.0
474,Device,BiasAddGrad,gradient_tape/model/conv2d_24/BiasAdd/BiasAddGrad,2,16.384,8.192,16.384,8.192,0.00018991512217474886,0.9445631452596366,0.0,0.0
475,Device,BiasAddGrad,gradient_tape/model/conv2d_28/BiasAdd/BiasAddGrad,2,16.384,8.192,16.384,8.192,0.00018991512217474886,0.9447530603818113,0.0,0.0
476,Device,BiasAddGrad,gradient_tape/model/conv2d_31/BiasAdd/BiasAddGrad,2,16.384,8.192,16.384,8.192,0.00018991512217474886,0.944942975503986,0.0,0.0
477,Device,BiasAddGrad,gradient_tape/model/conv2d_34/BiasAdd/BiasAddGrad,2,16.384,8.192,16.384,8.192,0.00018991512217474886,0.9451328906261607,0.0,0.0
478,Device,BiasAddGrad,gradient_tape/model/conv2d_37/BiasAdd/BiasAddGrad,2,16.384,8.192,16.384,8.192,0.00018991512217474886,0.9453228057483354,0.0,0.0
479,Device,BiasAddGrad,gradient_tape/model/conv2d_40/BiasAdd/BiasAddGrad,2,16.384,8.192,16.384,8.192,0.00018991512217474886,0.9455127208705101,0.0,0.0
480,Device,Relu,model/activation_15/Relu,2,16.384,8.192,16.384,8.192,0.00018991512217474886,0.9457026359926848,0.0,0.0
481,Device,FusedBatchNormV3,model/batch_normalization_10/FusedBatchNormV3,4,16.384,4.096,16.384,4.096,0.00018991512217474886,0.9458925511148595,0.0,0.0
482,Device,FusedBatchNormV3,model/batch_normalization_11/FusedBatchNormV3,4,16.384,4.096,16.384,4.096,0.00018991512217474886,0.9460824662370342,0.0,0.0
483,Device,FusedBatchNormV3,model/batch_normalization_13/FusedBatchNormV3,4,16.384,4.096,16.384,4.096,0.00018991512217474886,0.9462723813592089,0.0,0.0
484,Device,FusedBatchNormV3,model/batch_normalization_14/FusedBatchNormV3,4,16.384,4.096,16.384,4.096,0.00018991512217474886,0.9464622964813836,0.0,0.0
485,Device,FusedBatchNormV3,model/batch_normalization_16/FusedBatchNormV3,4,16.384,4.096,16.384,4.096,0.00018991512217474886,0.9466522116035583,0.0,0.0
486,Device,FusedBatchNormV3,model/batch_normalization_17/FusedBatchNormV3,4,16.384,4.096,16.384,4.096,0.00018991512217474886,0.946842126725733,0.0,0.0
487,Device,FusedBatchNormV3,model/batch_normalization_19/FusedBatchNormV3,4,16.384,4.096,16.384,4.096,0.00018991512217474886,0.9470320418479077,0.0,0.0
488,Device,FusedBatchNormV3,model/batch_normalization_20/FusedBatchNormV3,4,16.384,4.096,16.384,4.096,0.00018991512217474886,0.9472219569700824,0.0,0.0
489,Device,BiasAdd,model/conv2d_20/BiasAdd,2,16.384,8.192,16.384,8.192,0.00018991512217474886,0.9474118720922571,0.0,0.0
490,Device,BiasAdd,model/conv2d_5/BiasAdd,2,16.384,8.192,16.384,8.192,0.00018991512217474886,0.9476017872144318,0.0,0.0
491,Device,Mul,gradient_tape/conv2d_31/kernel/Regularizer/Mul_1,2,15.361,7.6805,15.361,7.6805,0.00017805701853798323,0.9477798442329698,0.0,0.0
492,Device,AddN,SGD/gradients/AddN_50,2,15.36,7.68,15.36,7.68,0.00017804542703882704,0.9479578896600086,0.0,0.0
493,Device,Sum,conv2d_12/kernel/Regularizer/Sum,2,15.36,7.68,15.36,7.68,0.00017804542703882704,0.9481359350870474,0.0,0.0
494,Device,Sum,conv2d_18/kernel/Regularizer/Sum,2,15.36,7.68,15.36,7.68,0.00017804542703882704,0.9483139805140862,0.0,0.0
495,Device,Sum,conv2d_22/kernel/Regularizer/Sum,2,15.36,7.68,15.36,7.68,0.00017804542703882704,0.948492025941125,0.0,0.0
496,Device,Sum,conv2d_23/kernel/Regularizer/Sum,2,15.36,7.68,15.36,7.68,0.00017804542703882704,0.9486700713681638,0.0,0.0
497,Device,Mul,gradient_tape/conv2d_36/kernel/Regularizer/Mul_1,2,15.36,7.68,15.36,7.68,0.00017804542703882704,0.9488481167952026,0.0,0.0
498,Device,ReluGrad,gradient_tape/model/activation_1/ReluGrad,2,15.36,7.68,15.36,7.68,0.00017804542703882704,0.9490261622222415,0.0,0.0
499,Device,ReluGrad,gradient_tape/model/activation_2/ReluGrad,2,15.36,7.68,15.36,7.68,0.00017804542703882704,0.9492042076492803,0.0,0.0
500,Device,FusedBatchNormGradV3,gradient_tape/model/batch_normalization_14/FusedBatchNormGradV3,2,15.36,7.68,15.36,7.68,0.00017804542703882704,0.9493822530763191,0.0,0.0
501,Host,IDLE,IDLE,0,311897.502,0.0,311897.502,0.0,0.0,0.0,0.9978494684063945,0.9978494684063945
502,Host,GatherV2,GatherV2,2,301.005,150.5025,301.005,150.5025,0.0,0.0,0.0009630012337760462,0.9988124696401706
503,Host,Dataset,Iterator::Root::ParallelMapV2::Zip[1]::ForeverRepeat,2,54.641,27.3205,50.561,25.2805,0.0,0.0,0.00016175912486819378,0.9989742287650387
504,Host,Dataset,Iterator::Root::ParallelMapV2,2,46.031,23.0155,46.031,23.0155,0.0,0.0,0.00014726635701049876,0.9991214951220492
505,Host,FlushSummaryWriter,FlushSummaryWriter,1,38.6,38.6,38.6,38.6,0.0,0.0,0.0001234924590081739,0.9992449875810574
506,Host,IteratorGetNext,IteratorGetNext,2,37.74,18.87,37.74,18.87,0.0,0.0,0.0001207410726157638,0.9993657286536731
507,Host,LogicalAnd,LogicalAnd,1,32.921,32.921,32.921,32.921,0.0,0.0,0.00010532371095875887,0.9994710523646319
508,Host,Dataset,Iterator::Root,2,77.312,38.656,31.281,15.6405,0.0,0.0,0.00010007688109416288,0.999571129245726
509,Host,GatherV2,GatherV2_1,2,30.79,15.395,30.79,15.395,0.0,0.0,9.850603142128689e-05,0.9996696352771473
510,Host,Dataset,Iterator::Root::ParallelMapV2::Zip[0]::FlatMap[1]::Concatenate,2,45.171,22.5855,23.071,11.5355,0.0,0.0,7.381073890615492e-05,0.9997434460160534
511,Host,Dataset,Iterator::Root::ParallelMapV2::Zip[0]::FlatMap[1]::Concatenate[0]::TensorSlice,2,22.1,11.05,22.1,11.05,0.0,0.0,7.070423171193376e-05,0.9998141502477653
512,Host,WriteSummary,WriteSummary,1,21.181,21.181,21.181,21.181,0.0,0.0,6.776408741585832e-05,0.9998819143351811
513,Host,Dataset,Iterator::Root::ParallelMapV2::Zip,2,115.472,57.736,10.85,5.425,0.0,0.0,3.471225855540639e-05,0.9999166265937366
514,Host,ReadVariableOp,ReadVariableOp,1,6.84,6.84,6.84,6.84,0.0,0.0,2.1883119679168638e-05,0.9999385097134158
515,Host,Dataset,Iterator::Root::ParallelMapV2::Zip[0]::FlatMap,2,49.981,24.9905,4.81,2.405,0.0,0.0,1.53885680784797e-05,0.9999538982814943
516,Host,Dataset,Iterator::Root::ParallelMapV2::Zip[1]::ForeverRepeat::FromTensor,4,4.08,1.02,4.08,1.02,0.0,0.0,1.3053088931433923e-05,0.9999669513704257
517,Host,_Send,IteratorGetNext/_1,2,3.73,1.865,3.73,1.865,0.0,0.0,1.1933338655453072e-05,0.9999788847090811
518,Host,_Send,IteratorGetNext/_3,2,3.73,1.865,3.73,1.865,0.0,0.0,1.1933338655453072e-05,0.9999908180477366
519,Host,Identity,Identity,2,2.87,1.435,2.87,1.435,0.0,0.0,9.181952263042982e-06,0.9999999999999997
