Rank,Host/device,Type,Operation,#Occurrences,Total time (us),Avg. time (us),Total self-time (us),Avg. self-time (us),Total self-time on Device (%),Cumulative total-self time on Device (%),Total self-time on Host (%),Cumulative total-self time on Host (%)
1,Device,IDLE,IDLE,0,27068.015,0.0,27068.015,0.0,0.2954415494191424,0.2954415494191424,0.0,0.0
2,Device,DepthwiseConv2dNativeBackpropFilter,gradient_tape/mobilenetv2_1.00_128/expanded_conv_depthwise/depthwise/DepthwiseConv2dNativeBackpropFilter,2,20105.293,10052.6465,20105.293,10052.6465,0.21944493955119498,0.5148864889703374,0.0,0.0
3,Device,DepthwiseConv2dNativeBackpropFilter,gradient_tape/mobilenetv2_1.00_128/block_1_depthwise/depthwise/DepthwiseConv2dNativeBackpropFilter,2,7060.508,3530.254,7060.508,3530.254,0.07706392298091495,0.5919504119512523,0.0,0.0
4,Device,DepthwiseConv2dNativeBackpropFilter,gradient_tape/mobilenetv2_1.00_128/block_3_depthwise/depthwise/DepthwiseConv2dNativeBackpropFilter,2,1857.544,928.772,1857.544,928.772,0.020274692380443545,0.6122251043316959,0.0,0.0
5,Device,_Recv,IteratorGetNext/_2,2,1052.164,526.082,1052.164,526.082,0.01148414327400966,0.6237092476057056,0.0,0.0
6,Device,FusedBatchNormGradV3,gradient_tape/mobilenetv2_1.00_128/block_1_expand_BN/FusedBatchNormGradV3,2,1043.46,521.73,1043.46,521.73,0.011389140990091013,0.6350983885957966,0.0,0.0
7,Device,Relu6Grad,gradient_tape/mobilenetv2_1.00_128/block_1_expand_relu/Relu6/Relu6Grad,2,662.53,331.265,662.53,331.265,0.00723137214667069,0.6423297607424673,0.0,0.0
8,Device,FusedBatchNormV3,mobilenetv2_1.00_128/block_1_expand_BN/FusedBatchNormV3,4,644.098,161.0245,644.098,161.0245,0.0070301908395488475,0.6493599515820161,0.0,0.0
9,Device,Conv2DBackpropFilter,gradient_tape/mobilenetv2_1.00_128/block_1_expand/Conv2D/Conv2DBackpropFilter,2,640.002,320.001,640.002,320.001,0.00698548388241066,0.6563454354644268,0.0,0.0
10,Device,DepthwiseConv2dNativeBackpropInput,gradient_tape/mobilenetv2_1.00_128/block_1_depthwise/depthwise/DepthwiseConv2dNativeBackpropInput,2,617.474,308.737,617.474,308.737,0.0067395956181506315,0.6630850310825774,0.0,0.0
11,Device,DepthwiseConv2dNativeBackpropFilter,gradient_tape/mobilenetv2_1.00_128/block_6_depthwise/depthwise/DepthwiseConv2dNativeBackpropFilter,2,485.378,242.689,485.378,242.689,0.005297796250444095,0.6683828273330216,0.0,0.0
12,Device,Slice,gradient_tape/mobilenetv2_1.00_128/block_1_pad/Slice_1,2,477.186,238.593,477.186,238.593,0.0052083823361677205,0.6735912096691893,0.0,0.0
13,Device,Pad,mobilenetv2_1.00_128/block_1_pad/Pad,2,458.754,229.377,458.754,229.377,0.005007201029045879,0.6785984106982351,0.0,0.0
14,Device,Conv2DBackpropFilter,gradient_tape/mobilenetv2_1.00_128/expanded_conv_project/Conv2D/Conv2DBackpropFilter,4,450.562,112.6405,450.562,112.6405,0.0049177871147695045,0.6835161978130047,0.0,0.0
15,Device,FusedBatchNormGradV3,gradient_tape/mobilenetv2_1.00_128/expanded_conv_depthwise_BN/FusedBatchNormGradV3,2,446.466,223.233,446.466,223.233,0.004873080157631317,0.688389277970636,0.0,0.0
16,Device,FusedBatchNormGradV3,gradient_tape/mobilenetv2_1.00_128/bn_Conv1/FusedBatchNormGradV3,2,442.37,221.185,442.37,221.185,0.004828373200493129,0.6932176511711291,0.0,0.0
17,Device,Relu6,mobilenetv2_1.00_128/block_1_expand_relu/Relu6,2,432.13,216.065,432.13,216.065,0.004716605807647662,0.6979342569787768,0.0,0.0
18,Device,FusedBatchNormGradV3,gradient_tape/mobilenetv2_1.00_128/block_2_depthwise_BN/FusedBatchNormGradV3,2,399.362,199.681,399.362,199.681,0.004358950150542165,0.702293207129319,0.0,0.0
19,Device,FusedBatchNormGradV3,gradient_tape/mobilenetv2_1.00_128/block_3_expand_BN/FusedBatchNormGradV3,2,397.314,198.657,397.314,198.657,0.004336596671973071,0.706629803801292,0.0,0.0
20,Device,FusedBatchNormGradV3,gradient_tape/mobilenetv2_1.00_128/block_2_expand_BN/FusedBatchNormGradV3,2,397.313,198.6565,397.313,198.6565,0.0043365857571886135,0.7109663895584807,0.0,0.0
21,Device,FusedBatchNormGradV3,gradient_tape/mobilenetv2_1.00_128/expanded_conv_project_BN/FusedBatchNormGradV3,2,345.09,172.545,345.09,172.545,0.003766582968461184,0.7147329725269419,0.0,0.0
22,Device,Conv2DBackpropInput,gradient_tape/mobilenetv2_1.00_128/block_1_expand/Conv2D/Conv2DBackpropInput,2,331.778,165.889,331.778,165.889,0.003621285357762076,0.718354257884704,0.0,0.0
23,Device,Conv2D,mobilenetv2_1.00_128/block_1_expand/Conv2D,2,314.37,157.185,314.37,157.185,0.0034312807899247806,0.7217855386746288,0.0,0.0
24,Device,DepthwiseConv2dNative,mobilenetv2_1.00_128/block_1_depthwise/depthwise,2,307.201,153.6005,307.201,153.6005,0.0033530327001484958,0.7251385713747773,0.0,0.0
25,Device,DepthwiseConv2dNativeBackpropInput,gradient_tape/mobilenetv2_1.00_128/block_2_depthwise/depthwise/DepthwiseConv2dNativeBackpropInput,2,287.745,143.8725,287.745,143.8725,0.0031406746537421064,0.7282792460285195,0.0,0.0
26,Device,Conv2DBackpropFilter,gradient_tape/mobilenetv2_1.00_128/Conv1/Conv2D/Conv2DBackpropFilter,2,285.697,142.8485,285.697,142.8485,0.0031183211751730127,0.7313975672036924,0.0,0.0
27,Device,FusedBatchNormGradV3,gradient_tape/mobilenetv2_1.00_128/block_1_depthwise_BN/FusedBatchNormGradV3,2,265.217,132.6085,265.217,132.6085,0.0028947863894820767,0.7342923535931745,0.0,0.0
28,Device,DepthwiseConv2dNativeBackpropInput,gradient_tape/mobilenetv2_1.00_128/expanded_conv_depthwise/depthwise/DepthwiseConv2dNativeBackpropInput,2,262.145,131.0725,262.145,131.0725,0.0028612561716284362,0.7371536097648029,0.0,0.0
29,Device,FusedBatchNormV3,mobilenetv2_1.00_128/expanded_conv_depthwise_BN/FusedBatchNormV3,4,259.072,64.768,259.072,64.768,0.0028277150389903385,0.7399813248037933,0.0,0.0
30,Device,FusedBatchNormV3,mobilenetv2_1.00_128/bn_Conv1/FusedBatchNormV3,4,258.049,64.51225,258.049,64.51225,0.002816549214490249,0.7427978740182836,0.0,0.0
31,Device,Conv2DBackpropFilter,gradient_tape/mobilenetv2_1.00_128/block_1_project/Conv2D/Conv2DBackpropFilter,2,249.857,124.9285,249.857,124.9285,0.002727135300213875,0.7455250093184974,0.0,0.0
32,Device,DepthwiseConv2dNativeBackpropInput,gradient_tape/mobilenetv2_1.00_128/block_3_depthwise/depthwise/DepthwiseConv2dNativeBackpropInput,2,249.856,124.928,249.856,124.928,0.0027271243854294176,0.7482521337039268,0.0,0.0
33,Device,FusedBatchNormV3,mobilenetv2_1.00_128/block_3_expand_BN/FusedBatchNormV3,4,247.809,61.95225,247.809,61.95225,0.0027047818216447816,0.7509569155255716,0.0,0.0
34,Device,FusedBatchNormV3,mobilenetv2_1.00_128/block_2_expand_BN/FusedBatchNormV3,4,245.761,61.44025,245.761,61.44025,0.002682428343075688,0.7536393438686473,0.0,0.0
35,Device,Relu6Grad,gradient_tape/mobilenetv2_1.00_128/block_3_expand_relu/Relu6/Relu6Grad,2,244.736,122.368,244.736,122.368,0.0026712406890066834,0.756310584557654,0.0,0.0
36,Device,FusedBatchNormV3,mobilenetv2_1.00_128/block_2_depthwise_BN/FusedBatchNormV3,4,244.736,61.184,244.736,61.184,0.0026712406890066834,0.7589818252466607,0.0,0.0
37,Device,Relu6Grad,gradient_tape/mobilenetv2_1.00_128/block_2_expand_relu/Relu6/Relu6Grad,2,243.714,121.857,243.714,121.857,0.002660085779291052,0.7616419110259517,0.0,0.0
38,Device,Relu6Grad,gradient_tape/mobilenetv2_1.00_128/block_2_depthwise_relu/Relu6/Relu6Grad,2,243.712,121.856,243.712,121.856,0.0026600639497221367,0.7643019749756739,0.0,0.0
39,Device,DepthwiseConv2dNativeBackpropFilter,gradient_tape/mobilenetv2_1.00_128/block_2_depthwise/depthwise/DepthwiseConv2dNativeBackpropFilter,2,240.641,120.3205,240.641,120.3205,0.0026265446466529536,0.7669285196223268,0.0,0.0
40,Device,DepthwiseConv2dNative,mobilenetv2_1.00_128/expanded_conv_depthwise/depthwise,2,239.618,119.809,239.618,119.809,0.0026153788221528647,0.7695438984444797,0.0,0.0
41,Device,Conv2D,mobilenetv2_1.00_128/Conv1/Conv2D,2,239.617,119.8085,239.617,119.8085,0.002615367907368407,0.7721592663518481,0.0,0.0
42,Device,Conv2DBackpropFilter,gradient_tape/mobilenetv2_1.00_128/block_3_expand/Conv2D/Conv2DBackpropFilter,2,235.521,117.7605,235.521,117.7605,0.00257066095023022,0.7747299273020782,0.0,0.0
43,Device,Conv2DBackpropFilter,gradient_tape/mobilenetv2_1.00_128/block_2_expand/Conv2D/Conv2DBackpropFilter,2,230.401,115.2005,230.401,115.2005,0.002514777253807486,0.7772447045558857,0.0,0.0
44,Device,Conv2DBackpropInput,gradient_tape/mobilenetv2_1.00_128/Conv_1/Conv2D/Conv2DBackpropInput,2,226.306,113.153,226.306,113.153,0.0024700812114537567,0.7797147857673394,0.0,0.0
45,Device,Conv2DBackpropFilter,gradient_tape/mobilenetv2_1.00_128/block_2_project/Conv2D/Conv2DBackpropFilter,2,225.281,112.6405,225.281,112.6405,0.0024588935573847523,0.7821736793247241,0.0,0.0
46,Device,FusedBatchNormV3,mobilenetv2_1.00_128/expanded_conv_project_BN/FusedBatchNormV3,4,211.968,52.992,211.968,52.992,0.002313585031901186,0.7844872643566253,0.0,0.0
47,Device,Relu6Grad,gradient_tape/mobilenetv2_1.00_128/expanded_conv_depthwise_relu/Relu6/Relu6Grad,2,207.873,103.9365,207.873,103.9365,0.0022688889895474563,0.7867561533461728,0.0,0.0
48,Device,Relu6Grad,gradient_tape/mobilenetv2_1.00_128/Conv1_relu/Relu6/Relu6Grad,2,203.776,101.888,203.776,101.888,0.002224171117624812,0.7889803244637976,0.0,0.0
49,Device,DepthwiseConv2dNativeBackpropFilter,gradient_tape/mobilenetv2_1.00_128/block_14_depthwise/depthwise/DepthwiseConv2dNativeBackpropFilter,2,197.632,98.816,197.632,98.816,0.002157110681917531,0.7911374351457151,0.0,0.0
50,Device,DepthwiseConv2dNativeBackpropFilter,gradient_tape/mobilenetv2_1.00_128/block_13_depthwise/depthwise/DepthwiseConv2dNativeBackpropFilter,2,196.608,98.304,196.608,98.304,0.0021459339426329843,0.7932833690883481,0.0,0.0
51,Device,Conv2DBackpropFilter,gradient_tape/mobilenetv2_1.00_128/Conv_1/Conv2D/Conv2DBackpropFilter,2,193.536,96.768,193.536,96.768,0.002112403724779344,0.7953957728131275,0.0,0.0
52,Device,DepthwiseConv2dNativeBackpropFilter,gradient_tape/mobilenetv2_1.00_128/block_15_depthwise/depthwise/DepthwiseConv2dNativeBackpropFilter,2,184.32,92.16,184.32,92.16,0.0020118130712184225,0.7974075858843459,0.0,0.0
53,Device,Slice,gradient_tape/mobilenetv2_1.00_128/block_3_pad/Slice_1,2,183.297,91.6485,183.297,91.6485,0.0020006472467183336,0.7994082331310642,0.0,0.0
54,Device,DepthwiseConv2dNativeBackpropFilter,gradient_tape/mobilenetv2_1.00_128/block_16_depthwise/depthwise/DepthwiseConv2dNativeBackpropFilter,2,180.226,90.113,180.226,90.113,0.0019671279436491505,0.8013753610747134,0.0,0.0
55,Device,Pad,mobilenetv2_1.00_128/block_3_pad/Pad,2,179.201,89.6005,179.201,89.6005,0.001955940289580146,0.8033313013642935,0.0,0.0
56,Device,DepthwiseConv2dNative,mobilenetv2_1.00_128/block_2_depthwise/depthwise,2,171.009,85.5045,171.009,85.5045,0.0018665263753037719,0.8051978277395974,0.0,0.0
57,Device,Relu6,mobilenetv2_1.00_128/block_3_expand_relu/Relu6,2,164.864,82.432,164.864,82.432,0.0017994550248120337,0.8069972827644094,0.0,0.0
58,Device,Relu6,mobilenetv2_1.00_128/block_2_depthwise_relu/Relu6,2,163.841,81.9205,163.841,81.9205,0.0017882892003119445,0.8087855719647213,0.0,0.0
59,Device,Relu6,mobilenetv2_1.00_128/block_2_expand_relu/Relu6,2,163.841,81.9205,163.841,81.9205,0.0017882892003119445,0.8105738611650333,0.0,0.0
60,Device,FusedBatchNormV3,mobilenetv2_1.00_128/block_1_depthwise_BN/FusedBatchNormV3,4,161.793,40.44825,161.793,40.44825,0.001765935721742851,0.8123397968867762,0.0,0.0
61,Device,Relu6Grad,gradient_tape/mobilenetv2_1.00_128/block_1_depthwise_relu/Relu6/Relu6Grad,2,160.769,80.3845,160.769,80.3845,0.001754758982458304,0.8140945558692344,0.0,0.0
62,Device,Conv2D,mobilenetv2_1.00_128/block_3_expand/Conv2D,2,154.625,77.3125,154.625,77.3125,0.0016876985467510232,0.8157822544159854,0.0,0.0
63,Device,Conv2D,mobilenetv2_1.00_128/block_2_expand/Conv2D,2,153.6,76.8,153.6,76.8,0.0016765108926820188,0.8174587653086675,0.0,0.0
64,Device,Conv2DBackpropInput,gradient_tape/mobilenetv2_1.00_128/block_2_project/Conv2D/Conv2DBackpropInput,2,152.577,76.2885,152.577,76.2885,0.0016653450681819297,0.8191241103768494,0.0,0.0
65,Device,Conv2DBackpropInput,gradient_tape/mobilenetv2_1.00_128/block_16_expand/Conv2D/Conv2DBackpropInput,4,150.529,37.63225,150.529,37.63225,0.001642991589612836,0.8207671019664622,0.0,0.0
66,Device,Conv2DBackpropInput,gradient_tape/mobilenetv2_1.00_128/block_14_expand/Conv2D/Conv2DBackpropInput,4,149.504,37.376,149.504,37.376,0.0016318039355438317,0.822398905902006,0.0,0.0
67,Device,Relu6,mobilenetv2_1.00_128/expanded_conv_depthwise_relu/Relu6,2,147.457,73.7285,147.457,73.7285,0.0016094613717591957,0.8240083672737653,0.0,0.0
68,Device,Conv2DBackpropInput,gradient_tape/mobilenetv2_1.00_128/block_15_expand/Conv2D/Conv2DBackpropInput,4,146.432,36.608,146.432,36.608,0.0015982737176901912,0.8256066409914554,0.0,0.0
69,Device,Relu6,mobilenetv2_1.00_128/Conv1_relu/Relu6,2,146.432,73.216,146.432,73.216,0.0015982737176901912,0.8272049147091456,0.0,0.0
70,Device,Conv2DBackpropFilter,gradient_tape/mobilenetv2_1.00_128/block_12_project/Conv2D/Conv2DBackpropFilter,4,139.264,34.816,139.264,34.816,0.001520036542698364,0.828724951251844,0.0,0.0
71,Device,Conv2DBackpropFilter,gradient_tape/mobilenetv2_1.00_128/block_11_project/Conv2D/Conv2DBackpropFilter,4,136.192,34.048,136.192,34.048,0.0014865063248447235,0.8302114575766887,0.0,0.0
72,Device,DepthwiseConv2dNative,mobilenetv2_1.00_128/block_3_depthwise/depthwise,2,133.121,66.5605,133.121,66.5605,0.0014529870217755408,0.8316644445984642,0.0,0.0
73,Device,Conv2D,mobilenetv2_1.00_128/expanded_conv_project/Conv2D,2,133.121,66.5605,133.121,66.5605,0.0014529870217755408,0.8331174316202398,0.0,0.0
74,Device,Conv2DBackpropInput,gradient_tape/mobilenetv2_1.00_128/block_3_expand/Conv2D/Conv2DBackpropInput,2,132.097,66.0485,132.097,66.0485,0.0014418102824909939,0.8345592419027308,0.0,0.0
75,Device,Conv2DBackpropInput,gradient_tape/mobilenetv2_1.00_128/block_2_expand/Conv2D/Conv2DBackpropInput,2,132.096,66.048,132.096,66.048,0.0014417993677065363,0.8360010412704373,0.0,0.0
76,Device,Conv2DBackpropInput,gradient_tape/mobilenetv2_1.00_128/expanded_conv_project/Conv2D/Conv2DBackpropInput,2,128.0,64.0,128.0,64.0,0.001397092410568349,0.8373981336810057,0.0,0.0
77,Device,FusedBatchNormGradV3,gradient_tape/mobilenetv2_1.00_128/block_5_depthwise_BN/FusedBatchNormGradV3,2,126.977,63.4885,126.977,63.4885,0.00138592658606826,0.838784060267074,0.0,0.0
78,Device,FusedBatchNormGradV3,gradient_tape/mobilenetv2_1.00_128/block_5_expand_BN/FusedBatchNormGradV3,2,126.977,63.4885,126.977,63.4885,0.00138592658606826,0.8401699868531423,0.0,0.0
79,Device,FusedBatchNormGradV3,gradient_tape/mobilenetv2_1.00_128/block_6_expand_BN/FusedBatchNormGradV3,2,125.953,62.9765,125.953,62.9765,0.0013747498467837132,0.841544736699926,0.0,0.0
80,Device,SoftmaxCrossEntropyWithLogits,categorical_crossentropy/softmax_cross_entropy_with_logits,2,125.952,62.976,125.952,62.976,0.0013747389319992555,0.8429194756319253,0.0,0.0
81,Device,FusedBatchNormGradV3,gradient_tape/mobilenetv2_1.00_128/block_4_expand_BN/FusedBatchNormGradV3,2,124.929,62.4645,124.929,62.4645,0.0013635731074991663,0.8442830487394244,0.0,0.0
82,Device,FusedBatchNormGradV3,gradient_tape/mobilenetv2_1.00_128/block_4_depthwise_BN/FusedBatchNormGradV3,2,124.928,62.464,124.928,62.464,0.0013635621927147088,0.8456466109321391,0.0,0.0
83,Device,Conv2DBackpropFilter,gradient_tape/mobilenetv2_1.00_128/block_12_expand/Conv2D/Conv2DBackpropFilter,2,121.856,60.928,121.856,60.928,0.0013300319748610684,0.8469766429070001,0.0,0.0
84,Device,Conv2DBackpropFilter,gradient_tape/mobilenetv2_1.00_128/block_11_expand/Conv2D/Conv2DBackpropFilter,2,120.833,60.4165,120.833,60.4165,0.001318866150360979,0.8482955090573612,0.0,0.0
85,Device,Conv2DBackpropFilter,gradient_tape/mobilenetv2_1.00_128/block_13_expand/Conv2D/Conv2DBackpropFilter,2,119.809,59.9045,119.809,59.9045,0.0013076894110764323,0.8496031984684376,0.0,0.0
86,Device,Conv2D,mobilenetv2_1.00_128/block_2_project/Conv2D,2,116.737,58.3685,116.737,58.3685,0.001274159193222792,0.8508773576616604,0.0,0.0
87,Device,Conv2DBackpropFilter,gradient_tape/mobilenetv2_1.00_128/block_16_project/Conv2D/Conv2DBackpropFilter,4,111.616,27.904,111.616,27.904,0.0012182645820156004,0.852095622243676,0.0,0.0
88,Device,Relu6,mobilenetv2_1.00_128/block_1_depthwise_relu/Relu6,2,110.592,55.296,110.592,55.296,0.0012070878427310537,0.853302710086407,0.0,0.0
89,Device,Conv2DBackpropFilter,gradient_tape/mobilenetv2_1.00_128/block_5_project/Conv2D/Conv2DBackpropFilter,2,109.568,54.784,109.568,54.784,0.0011959111034465068,0.8544986211898535,0.0,0.0
90,Device,Conv2DBackpropInput,gradient_tape/mobilenetv2_1.00_128/block_1_project/Conv2D/Conv2DBackpropInput,2,108.544,54.272,108.544,54.272,0.00118473436416196,0.8556833555540155,0.0,0.0
91,Device,Conv2DBackpropFilter,gradient_tape/mobilenetv2_1.00_128/block_4_project/Conv2D/Conv2DBackpropFilter,2,108.544,54.272,108.544,54.272,0.00118473436416196,0.8568680899181775,0.0,0.0
92,Device,Conv2D,mobilenetv2_1.00_128/block_16_project/Conv2D,2,108.544,54.272,108.544,54.272,0.00118473436416196,0.8580528242823395,0.0,0.0
93,Device,Conv2DBackpropInput,gradient_tape/mobilenetv2_1.00_128/block_11_expand/Conv2D/Conv2DBackpropInput,4,107.52,26.88,107.52,26.88,0.0011735576248774133,0.8592263819072169,0.0,0.0
94,Device,DepthwiseConv2dNativeBackpropInput,gradient_tape/mobilenetv2_1.00_128/block_4_depthwise/depthwise/DepthwiseConv2dNativeBackpropInput,2,107.52,53.76,107.52,53.76,0.0011735576248774133,0.8603999395320943,0.0,0.0
95,Device,DepthwiseConv2dNativeBackpropInput,gradient_tape/mobilenetv2_1.00_128/block_5_depthwise/depthwise/DepthwiseConv2dNativeBackpropInput,2,106.497,53.2485,106.497,53.2485,0.0011623918003773241,0.8615623313324716,0.0,0.0
96,Device,Conv2DBackpropInput,gradient_tape/mobilenetv2_1.00_128/block_13_expand/Conv2D/Conv2DBackpropInput,4,106.496,26.624,106.496,26.624,0.0011623808855928664,0.8627247122180645,0.0,0.0
97,Device,Conv2DBackpropInput,gradient_tape/mobilenetv2_1.00_128/block_16_project/Conv2D/Conv2DBackpropInput,2,106.496,53.248,106.496,53.248,0.0011623808855928664,0.8638870931036573,0.0,0.0
98,Device,Conv2DBackpropInput,gradient_tape/mobilenetv2_1.00_128/block_12_expand/Conv2D/Conv2DBackpropInput,4,105.473,26.36825,105.473,26.36825,0.0011512150610927772,0.86503830816475,0.0,0.0
99,Device,Conv2DBackpropFilter,gradient_tape/mobilenetv2_1.00_128/block_3_project/Conv2D/Conv2DBackpropFilter,2,105.472,52.736,105.472,52.736,0.0011512041463083197,0.8661895123110583,0.0,0.0
100,Device,Conv2D,mobilenetv2_1.00_128/Conv_1/Conv2D,2,100.352,50.176,100.352,50.176,0.0010953204498855857,0.8672848327609439,0.0,0.0
101,Device,DepthwiseConv2dNativeBackpropFilter,gradient_tape/mobilenetv2_1.00_128/block_5_depthwise/depthwise/DepthwiseConv2dNativeBackpropFilter,2,98.304,49.152,98.304,49.152,0.0010729669713164921,0.8683577997322605,0.0,0.0
102,Device,FusedBatchNormGradV3,gradient_tape/mobilenetv2_1.00_128/block_1_project_BN/FusedBatchNormGradV3,2,97.281,48.6405,97.281,48.6405,0.001061801146816403,0.8694196008790769,0.0,0.0
103,Device,DepthwiseConv2dNativeBackpropFilter,gradient_tape/mobilenetv2_1.00_128/block_4_depthwise/depthwise/DepthwiseConv2dNativeBackpropFilter,2,97.281,48.6405,97.281,48.6405,0.001061801146816403,0.8704814020258933,0.0,0.0
104,Device,Conv2DBackpropFilter,gradient_tape/mobilenetv2_1.00_128/block_15_expand/Conv2D/Conv2DBackpropFilter,2,97.28,48.64,97.28,48.64,0.0010617902320319453,0.8715431922579252,0.0,0.0
105,Device,Conv2DBackpropFilter,gradient_tape/mobilenetv2_1.00_128/block_14_expand/Conv2D/Conv2DBackpropFilter,2,96.257,48.1285,96.257,48.1285,0.0010506244075318561,0.8725938166654571,0.0,0.0
106,Device,DepthwiseConv2dNativeBackpropInput,gradient_tape/mobilenetv2_1.00_128/block_6_depthwise/depthwise/DepthwiseConv2dNativeBackpropInput,2,96.257,48.1285,96.257,48.1285,0.0010506244075318561,0.873644441072989,0.0,0.0
107,Device,FusedBatchNormGradV3,gradient_tape/mobilenetv2_1.00_128/block_2_project_BN/FusedBatchNormGradV3,2,96.256,48.128,96.256,48.128,0.0010506134927473986,0.8746950545657364,0.0,0.0
108,Device,Conv2DBackpropFilter,gradient_tape/mobilenetv2_1.00_128/block_16_expand/Conv2D/Conv2DBackpropFilter,2,95.232,47.616,95.232,47.616,0.0010394367534628517,0.8757344913191992,0.0,0.0
109,Device,Conv2D,mobilenetv2_1.00_128/block_15_project/Conv2D,2,95.232,47.616,95.232,47.616,0.0010394367534628517,0.8767739280726621,0.0,0.0
110,Device,Conv2DBackpropFilter,gradient_tape/mobilenetv2_1.00_128/block_6_expand/Conv2D/Conv2DBackpropFilter,2,94.208,47.104,94.208,47.104,0.0010282600141783048,0.8778021880868404,0.0,0.0
111,Device,Conv2D,mobilenetv2_1.00_128/block_14_project/Conv2D,2,94.208,47.104,94.208,47.104,0.0010282600141783048,0.8788304481010187,0.0,0.0
112,Device,Conv2DBackpropFilter,gradient_tape/mobilenetv2_1.00_128/block_4_expand/Conv2D/Conv2DBackpropFilter,2,93.185,46.5925,93.185,46.5925,0.0010170941896782157,0.879847542290697,0.0,0.0
113,Device,Conv2DBackpropFilter,gradient_tape/mobilenetv2_1.00_128/block_10_project/Conv2D/Conv2DBackpropFilter,2,93.184,46.592,93.184,46.592,0.0010170832748937582,0.8808646255655908,0.0,0.0
114,Device,Conv2DBackpropFilter,gradient_tape/mobilenetv2_1.00_128/block_5_expand/Conv2D/Conv2DBackpropFilter,2,92.16,46.08,92.16,46.08,0.0010059065356092113,0.8818705321011999,0.0,0.0
115,Device,Conv2D,mobilenetv2_1.00_128/block_1_project/Conv2D,2,90.112,45.056,90.112,45.056,0.0009835530570401177,0.88285408515824,0.0,0.0
116,Device,Conv2DBackpropFilter,gradient_tape/mobilenetv2_1.00_128/block_15_project/Conv2D/Conv2DBackpropFilter,4,88.064,22.016,88.064,22.016,0.0009611995784710242,0.8838152847367111,0.0,0.0
117,Device,DepthwiseConv2dNativeBackpropInput,gradient_tape/mobilenetv2_1.00_128/block_11_depthwise/depthwise/DepthwiseConv2dNativeBackpropInput,2,86.016,43.008,86.016,43.008,0.0009388460999019307,0.884754130836613,0.0,0.0
118,Device,DepthwiseConv2dNativeBackpropInput,gradient_tape/mobilenetv2_1.00_128/block_12_depthwise/depthwise/DepthwiseConv2dNativeBackpropInput,2,84.993,42.4965,84.993,42.4965,0.0009276802754018414,0.8856818111120148,0.0,0.0
119,Device,Conv2DBackpropFilter,gradient_tape/mobilenetv2_1.00_128/block_8_project/Conv2D/Conv2DBackpropFilter,2,84.993,42.4965,84.993,42.4965,0.0009276802754018414,0.8866094913874166,0.0,0.0
120,Device,FusedBatchNormGradV3,gradient_tape/mobilenetv2_1.00_128/block_3_depthwise_BN/FusedBatchNormGradV3,2,83.968,41.984,83.968,41.984,0.000916492621332837,0.8875259840087495,0.0,0.0
121,Device,Conv2DBackpropFilter,gradient_tape/mobilenetv2_1.00_128/block_9_project/Conv2D/Conv2DBackpropFilter,2,83.968,41.984,83.968,41.984,0.000916492621332837,0.8884424766300824,0.0,0.0
122,Device,Conv2D,mobilenetv2_1.00_128/block_12_project/Conv2D,2,83.968,41.984,83.968,41.984,0.000916492621332837,0.8893589692514152,0.0,0.0
123,Device,DepthwiseConv2dNativeBackpropInput,gradient_tape/mobilenetv2_1.00_128/block_13_depthwise/depthwise/DepthwiseConv2dNativeBackpropInput,2,82.944,41.472,82.944,41.472,0.0009053158820482903,0.8902642851334636,0.0,0.0
124,Device,Conv2DBackpropFilter,gradient_tape/mobilenetv2_1.00_128/block_14_project/Conv2D/Conv2DBackpropFilter,4,82.944,20.736,82.944,20.736,0.0009053158820482903,0.8911696010155119,0.0,0.0
125,Device,Relu6Grad,gradient_tape/mobilenetv2_1.00_128/block_6_expand_relu/Relu6/Relu6Grad,2,82.944,41.472,82.944,41.472,0.0009053158820482903,0.8920749168975602,0.0,0.0
126,Device,Conv2DBackpropFilter,gradient_tape/mobilenetv2_1.00_128/block_7_project/Conv2D/Conv2DBackpropFilter,2,82.944,41.472,82.944,41.472,0.0009053158820482903,0.8929802327796086,0.0,0.0
127,Device,Conv2D,mobilenetv2_1.00_128/block_11_project/Conv2D,2,80.897,40.4485,80.897,40.4485,0.0008829733182636543,0.8938632060978723,0.0,0.0
128,Device,Relu6Grad,gradient_tape/mobilenetv2_1.00_128/block_5_expand_relu/Relu6/Relu6Grad,2,77.824,38.912,77.824,38.912,0.0008494321856255563,0.8947126382834979,0.0,0.0
129,Device,Conv2DBackpropInput,gradient_tape/mobilenetv2_1.00_128/block_10_expand/Conv2D/Conv2DBackpropInput,4,76.8,19.2,76.8,19.2,0.0008382554463410094,0.8955508937298389,0.0,0.0
130,Device,Relu6Grad,gradient_tape/mobilenetv2_1.00_128/block_4_expand_relu/Relu6/Relu6Grad,2,76.8,38.4,76.8,38.4,0.0008382554463410094,0.8963891491761798,0.0,0.0
131,Device,Conv2DBackpropInput,gradient_tape/mobilenetv2_1.00_128/block_9_expand/Conv2D/Conv2DBackpropInput,4,74.752,18.688,74.752,18.688,0.0008159019677719158,0.8972050511439518,0.0,0.0
132,Device,Conv2DBackpropInput,gradient_tape/mobilenetv2_1.00_128/block_8_expand/Conv2D/Conv2DBackpropInput,4,72.705,18.17625,72.705,18.17625,0.0007935594039872798,0.8979986105479391,0.0,0.0
133,Device,Conv2DBackpropInput,gradient_tape/mobilenetv2_1.00_128/block_7_expand/Conv2D/Conv2DBackpropInput,4,72.704,18.176,72.704,18.176,0.0007935484892028222,0.8987921590371419,0.0,0.0
134,Device,Conv2DBackpropInput,gradient_tape/mobilenetv2_1.00_128/block_6_expand/Conv2D/Conv2DBackpropInput,2,71.681,35.8405,71.681,35.8405,0.000782382664702733,0.8995745417018447,0.0,0.0
135,Device,Conv2DBackpropInput,gradient_tape/mobilenetv2_1.00_128/block_13_project/Conv2D/Conv2DBackpropInput,4,71.68,17.92,71.68,17.92,0.0007823717499182756,0.9003569134517629,0.0,0.0
136,Device,Conv2DBackpropInput,gradient_tape/mobilenetv2_1.00_128/block_4_expand/Conv2D/Conv2DBackpropInput,2,71.68,35.84,71.68,35.84,0.0007823717499182756,0.9011392852016812,0.0,0.0
137,Device,Conv2DBackpropInput,gradient_tape/mobilenetv2_1.00_128/block_15_project/Conv2D/Conv2DBackpropInput,2,70.657,35.3285,70.657,35.3285,0.0007712059254181863,0.9019104911270994,0.0,0.0
138,Device,Conv2DBackpropInput,gradient_tape/mobilenetv2_1.00_128/block_5_expand/Conv2D/Conv2DBackpropInput,2,70.657,35.3285,70.657,35.3285,0.0007712059254181863,0.9026816970525177,0.0,0.0
139,Device,Relu6Grad,gradient_tape/mobilenetv2_1.00_128/block_4_depthwise_relu/Relu6/Relu6Grad,2,69.633,34.8165,69.633,34.8165,0.0007600291861336394,0.9034417262386513,0.0,0.0
140,Device,Conv2DBackpropFilter,gradient_tape/mobilenetv2_1.00_128/block_13_project/Conv2D/Conv2DBackpropFilter,4,69.632,17.408,69.632,17.408,0.000760018271349182,0.9042017445100005,0.0,0.0
141,Device,Conv2DBackpropInput,gradient_tape/mobilenetv2_1.00_128/block_14_project/Conv2D/Conv2DBackpropInput,2,69.632,34.816,69.632,34.816,0.000760018271349182,0.9049617627813497,0.0,0.0
142,Device,Relu6Grad,gradient_tape/mobilenetv2_1.00_128/block_5_depthwise_relu/Relu6/Relu6Grad,2,69.632,34.816,69.632,34.816,0.000760018271349182,0.9057217810526988,0.0,0.0
143,Device,Conv2DBackpropFilter,gradient_tape/mobilenetv2_1.00_128/block_9_expand/Conv2D/Conv2DBackpropFilter,2,67.584,33.792,67.584,33.792,0.0007376647927800884,0.9064594458454789,0.0,0.0
144,Device,Transpose,gradient_tape/mobilenetv2_1.00_128/Conv1/Conv2D/Conv2DBackpropFilter-0-TransposeNHWCToNCHW-LayoutOptimizer,2,66.561,33.2805,66.561,33.2805,0.0007264989682799992,0.9071859448137589,0.0,0.0
145,Device,Conv2DBackpropFilter,gradient_tape/mobilenetv2_1.00_128/block_8_expand/Conv2D/Conv2DBackpropFilter,2,66.56,33.28,66.56,33.28,0.0007264880534955416,0.9079124328672544,0.0,0.0
146,Device,Conv2DBackpropInput,gradient_tape/mobilenetv2_1.00_128/block_11_project/Conv2D/Conv2DBackpropInput,2,65.536,32.768,65.536,32.768,0.0007153113142109947,0.9086277441814654,0.0,0.0
147,Device,Conv2D,mobilenetv2_1.00_128/block_12_expand/Conv2D,2,65.536,32.768,65.536,32.768,0.0007153113142109947,0.9093430554956764,0.0,0.0
148,Device,Conv2D,mobilenetv2_1.00_128/block_13_expand/Conv2D,2,65.536,32.768,65.536,32.768,0.0007153113142109947,0.9100583668098874,0.0,0.0
149,Device,Conv2D,mobilenetv2_1.00_128/block_13_project/Conv2D,2,65.536,32.768,65.536,32.768,0.0007153113142109947,0.9107736781240984,0.0,0.0
150,Device,Conv2DBackpropFilter,gradient_tape/mobilenetv2_1.00_128/block_10_expand/Conv2D/Conv2DBackpropFilter,2,64.513,32.2565,64.513,32.2565,0.0007041454897109056,0.9114778236138092,0.0,0.0
151,Device,Conv2DBackpropFilter,gradient_tape/mobilenetv2_1.00_128/block_7_expand/Conv2D/Conv2DBackpropFilter,2,64.512,32.256,64.512,32.256,0.000704134574926448,0.9121819581887357,0.0,0.0
152,Device,Conv2D,mobilenetv2_1.00_128/block_10_project/Conv2D,2,64.512,32.256,64.512,32.256,0.000704134574926448,0.9128860927636622,0.0,0.0
153,Device,Conv2D,mobilenetv2_1.00_128/block_11_expand/Conv2D,2,64.512,32.256,64.512,32.256,0.000704134574926448,0.9135902273385886,0.0,0.0
154,Device,FusedBatchNormGradV3,gradient_tape/mobilenetv2_1.00_128/block_11_depthwise_BN/FusedBatchNormGradV3,2,63.488,31.744,63.488,31.744,0.0006929578356419012,0.9142831851742306,0.0,0.0
155,Device,Conv2DBackpropInput,gradient_tape/mobilenetv2_1.00_128/block_12_project/Conv2D/Conv2DBackpropInput,2,63.488,31.744,63.488,31.744,0.0006929578356419012,0.9149761430098725,0.0,0.0
156,Device,Relu6Grad,gradient_tape/mobilenetv2_1.00_128/block_13_expand_relu/Relu6/Relu6Grad,2,63.488,31.744,63.488,31.744,0.0006929578356419012,0.9156691008455144,0.0,0.0
157,Device,Conv2DBackpropInput,gradient_tape/mobilenetv2_1.00_128/block_10_project/Conv2D/Conv2DBackpropInput,2,62.464,31.232,62.464,31.232,0.0006817810963573544,0.9163508819418718,0.0,0.0
158,Device,FusedBatchNormGradV3,gradient_tape/mobilenetv2_1.00_128/block_12_depthwise_BN/FusedBatchNormGradV3,2,62.464,31.232,62.464,31.232,0.0006817810963573544,0.9170326630382291,0.0,0.0
159,Device,FusedBatchNormGradV3,gradient_tape/mobilenetv2_1.00_128/block_13_expand_BN/FusedBatchNormGradV3,2,61.441,30.7205,61.441,30.7205,0.0006706152718572652,0.9177032783100864,0.0,0.0
160,Device,FusedBatchNormGradV3,gradient_tape/mobilenetv2_1.00_128/block_11_expand_BN/FusedBatchNormGradV3,2,61.44,30.72,61.44,30.72,0.0006706043570728075,0.9183738826671591,0.0,0.0
161,Device,FusedBatchNormGradV3,gradient_tape/mobilenetv2_1.00_128/block_12_expand_BN/FusedBatchNormGradV3,2,61.44,30.72,61.44,30.72,0.0006706043570728075,0.9190444870242319,0.0,0.0
162,Device,Conv2D,mobilenetv2_1.00_128/block_14_expand/Conv2D,2,61.44,30.72,61.44,30.72,0.0006706043570728075,0.9197150913813047,0.0,0.0
163,Device,Conv2D,mobilenetv2_1.00_128/block_15_expand/Conv2D,2,61.44,30.72,61.44,30.72,0.0006706043570728075,0.9203856957383775,0.0,0.0
164,Device,Conv2D,mobilenetv2_1.00_128/block_16_expand/Conv2D,2,61.44,30.72,61.44,30.72,0.0006706043570728075,0.9210563000954503,0.0,0.0
165,Device,DepthwiseConv2dNative,mobilenetv2_1.00_128/block_4_depthwise/depthwise,2,61.44,30.72,61.44,30.72,0.0006706043570728075,0.921726904452523,0.0,0.0
166,Device,DepthwiseConv2dNativeBackpropInput,gradient_tape/mobilenetv2_1.00_128/block_7_depthwise/depthwise/DepthwiseConv2dNativeBackpropInput,2,60.417,30.2085,60.417,30.2085,0.0006594385325727184,0.9223863429850957,0.0,0.0
167,Device,Slice,gradient_tape/mobilenetv2_1.00_128/block_6_pad/Slice_1,2,60.416,30.208,60.416,30.208,0.0006594276177882607,0.923045770602884,0.0,0.0
168,Device,DepthwiseConv2dNative,mobilenetv2_1.00_128/block_5_depthwise/depthwise,2,60.416,30.208,60.416,30.208,0.0006594276177882607,0.9237051982206722,0.0,0.0
169,Device,Pad,mobilenetv2_1.00_128/block_6_pad/Pad,2,60.416,30.208,60.416,30.208,0.0006594276177882607,0.9243646258384605,0.0,0.0
170,Device,DepthwiseConv2dNativeBackpropInput,gradient_tape/mobilenetv2_1.00_128/block_10_depthwise/depthwise/DepthwiseConv2dNativeBackpropInput,2,59.392,29.696,59.392,29.696,0.0006482508785037141,0.9250128767169642,0.0,0.0
171,Device,DepthwiseConv2dNativeBackpropInput,gradient_tape/mobilenetv2_1.00_128/block_8_depthwise/depthwise/DepthwiseConv2dNativeBackpropInput,2,58.368,29.184,58.368,29.184,0.0006370741392191672,0.9256499508561834,0.0,0.0
172,Device,DepthwiseConv2dNativeBackpropInput,gradient_tape/mobilenetv2_1.00_128/block_9_depthwise/depthwise/DepthwiseConv2dNativeBackpropInput,2,57.345,28.6725,57.345,28.6725,0.0006259083147190779,0.9262758591709025,0.0,0.0
173,Device,Conv2DBackpropFilter,gradient_tape/mobilenetv2_1.00_128/block_6_project/Conv2D/Conv2DBackpropFilter,2,57.344,28.672,57.344,28.672,0.0006258973999346204,0.9269017565708371,0.0,0.0
174,Device,Relu6Grad,gradient_tape/mobilenetv2_1.00_128/block_12_expand_relu/Relu6/Relu6Grad,2,56.321,28.1605,56.321,28.1605,0.0006147315754345312,0.9275164881462716,0.0,0.0
175,Device,Conv2D,mobilenetv2_1.00_128/block_6_expand/Conv2D,2,56.321,28.1605,56.321,28.1605,0.0006147315754345312,0.9281312197217062,0.0,0.0
176,Device,Conv2DBackpropInput,gradient_tape/mobilenetv2_1.00_128/block_4_project/Conv2D/Conv2DBackpropInput,2,56.32,28.16,56.32,28.16,0.0006147206606500736,0.9287459403823562,0.0,0.0
177,Device,Conv2D,mobilenetv2_1.00_128/block_4_expand/Conv2D,2,56.32,28.16,56.32,28.16,0.0006147206606500736,0.9293606610430063,0.0,0.0
178,Device,Conv2D,mobilenetv2_1.00_128/block_5_expand/Conv2D,2,56.32,28.16,56.32,28.16,0.0006147206606500736,0.9299753817036563,0.0,0.0
179,Device,Conv2D,mobilenetv2_1.00_128/block_7_expand/Conv2D,2,56.32,28.16,56.32,28.16,0.0006147206606500736,0.9305901023643064,0.0,0.0
180,Device,Relu6Grad,gradient_tape/mobilenetv2_1.00_128/block_11_expand_relu/Relu6/Relu6Grad,2,55.296,27.648,55.296,27.648,0.0006035439213655268,0.9311936462856719,0.0,0.0
181,Device,Conv2DBackpropInput,gradient_tape/mobilenetv2_1.00_128/block_5_project/Conv2D/Conv2DBackpropInput,2,55.296,27.648,55.296,27.648,0.0006035439213655268,0.9317971902070374,0.0,0.0
182,Device,Pad,mobilenetv2_1.00_128/block_13_pad/Pad,2,54.273,27.1365,54.273,27.1365,0.0005923780968654376,0.9323895683039028,0.0,0.0
183,Device,DepthwiseConv2dNativeBackpropFilter,gradient_tape/mobilenetv2_1.00_128/block_11_depthwise/depthwise/DepthwiseConv2dNativeBackpropFilter,2,54.272,27.136,54.272,27.136,0.00059236718208098,0.9329819354859838,0.0,0.0
184,Device,Conv2DBackpropInput,gradient_tape/mobilenetv2_1.00_128/block_9_project/Conv2D/Conv2DBackpropInput,2,54.272,27.136,54.272,27.136,0.00059236718208098,0.9335743026680648,0.0,0.0
185,Device,Conv2D,mobilenetv2_1.00_128/block_7_project/Conv2D,2,54.272,27.136,54.272,27.136,0.00059236718208098,0.9341666698501458,0.0,0.0
186,Device,Conv2D,mobilenetv2_1.00_128/block_8_expand/Conv2D,2,54.272,27.136,54.272,27.136,0.00059236718208098,0.9347590370322268,0.0,0.0
187,Device,Conv2D,mobilenetv2_1.00_128/block_9_expand/Conv2D,2,54.272,27.136,54.272,27.136,0.00059236718208098,0.9353514042143078,0.0,0.0
188,Device,Conv2D,mobilenetv2_1.00_128/block_9_project/Conv2D,2,54.272,27.136,54.272,27.136,0.00059236718208098,0.9359437713963888,0.0,0.0
189,Device,FusedBatchNormV3,mobilenetv2_1.00_128/block_5_depthwise_BN/FusedBatchNormV3,4,53.249,13.31225,53.249,13.31225,0.0005812013575808908,0.9365249727539697,0.0,0.0
190,Device,FusedBatchNormV3,mobilenetv2_1.00_128/block_4_depthwise_BN/FusedBatchNormV3,4,53.248,13.312,53.248,13.312,0.0005811904427964332,0.9371061631967662,0.0,0.0
191,Device,DepthwiseConv2dNativeBackpropFilter,gradient_tape/mobilenetv2_1.00_128/block_12_depthwise/depthwise/DepthwiseConv2dNativeBackpropFilter,2,52.224,26.112,52.224,26.112,0.0005700137035118864,0.937676176900278,0.0,0.0
192,Device,Conv2DBackpropInput,gradient_tape/mobilenetv2_1.00_128/block_8_project/Conv2D/Conv2DBackpropInput,2,52.224,26.112,52.224,26.112,0.0005700137035118864,0.9382461906037899,0.0,0.0
193,Device,Conv2D,mobilenetv2_1.00_128/block_10_expand/Conv2D,2,52.224,26.112,52.224,26.112,0.0005700137035118864,0.9388162043073017,0.0,0.0
194,Device,Conv2D,mobilenetv2_1.00_128/block_8_project/Conv2D,2,52.224,26.112,52.224,26.112,0.0005700137035118864,0.9393862180108136,0.0,0.0
195,Device,Conv2DBackpropInput,gradient_tape/mobilenetv2_1.00_128/block_7_project/Conv2D/Conv2DBackpropInput,2,51.2,25.6,51.2,25.6,0.0005588369642273396,0.9399450549750409,0.0,0.0
196,Device,DepthwiseConv2dNative,mobilenetv2_1.00_128/block_6_depthwise/depthwise,2,51.2,25.6,51.2,25.6,0.0005588369642273396,0.9405038919392682,0.0,0.0
197,Device,Relu6Grad,gradient_tape/mobilenetv2_1.00_128/block_11_depthwise_relu/Relu6/Relu6Grad,2,49.152,24.576,49.152,24.576,0.0005364834856582461,0.9410403754249265,0.0,0.0
198,Device,Relu6Grad,gradient_tape/mobilenetv2_1.00_128/block_12_depthwise_relu/Relu6/Relu6Grad,2,49.152,24.576,49.152,24.576,0.0005364834856582461,0.9415768589105847,0.0,0.0
199,Device,Relu6Grad,gradient_tape/mobilenetv2_1.00_128/block_3_depthwise_relu/Relu6/Relu6Grad,2,48.128,24.064,48.128,24.064,0.0005253067463736993,0.9421021656569585,0.0,0.0
200,Device,Conv2DBackpropInput,gradient_tape/mobilenetv2_1.00_128/block_3_project/Conv2D/Conv2DBackpropInput,2,48.128,24.064,48.128,24.064,0.0005253067463736993,0.9426274724033322,0.0,0.0
201,Device,Conv2D,mobilenetv2_1.00_128/block_5_project/Conv2D,2,48.128,24.064,48.128,24.064,0.0005253067463736993,0.943152779149706,0.0,0.0
202,Device,Conv2D,mobilenetv2_1.00_128/block_4_project/Conv2D,2,47.105,23.5525,47.105,23.5525,0.00051414092187361,0.9436669200715796,0.0,0.0
203,Device,Conv2DBackpropInput,gradient_tape/mobilenetv2_1.00_128/block_6_project/Conv2D/Conv2DBackpropInput,2,46.08,23.04,46.08,23.04,0.0005029532678046056,0.9441698733393842,0.0,0.0
204,Device,FusedBatchNormV3,mobilenetv2_1.00_128/block_11_depthwise_BN/FusedBatchNormV3,4,45.056,11.264,45.056,11.264,0.0004917765285200589,0.9446616498679042,0.0,0.0
205,Device,FusedBatchNormV3,mobilenetv2_1.00_128/block_12_depthwise_BN/FusedBatchNormV3,4,45.056,11.264,45.056,11.264,0.0004917765285200589,0.9451534263964243,0.0,0.0
206,Device,DepthwiseConv2dNativeBackpropFilter,gradient_tape/mobilenetv2_1.00_128/block_10_depthwise/depthwise/DepthwiseConv2dNativeBackpropFilter,2,44.032,22.016,44.032,22.016,0.0004805997892355121,0.9456340261856598,0.0,0.0
207,Device,FusedBatchNormGradV3,gradient_tape/mobilenetv2_1.00_128/block_10_expand_BN/FusedBatchNormGradV3,2,41.985,20.9925,41.985,20.9925,0.00045825722545087607,0.9460922834111107,0.0,0.0
208,Device,FusedBatchNormGradV3,gradient_tape/mobilenetv2_1.00_128/Conv_1_bn/FusedBatchNormGradV3,2,41.984,20.992,41.984,20.992,0.0004582463106664185,0.9465505297217771,0.0,0.0
209,Device,FusedBatchNormGradV3,gradient_tape/mobilenetv2_1.00_128/block_10_depthwise_BN/FusedBatchNormGradV3,2,41.984,20.992,41.984,20.992,0.0004582463106664185,0.9470087760324435,0.0,0.0
210,Device,FusedBatchNormGradV3,gradient_tape/mobilenetv2_1.00_128/block_9_depthwise_BN/FusedBatchNormGradV3,2,41.984,20.992,41.984,20.992,0.0004582463106664185,0.9474670223431099,0.0,0.0
211,Device,FusedBatchNormGradV3,gradient_tape/mobilenetv2_1.00_128/block_9_expand_BN/FusedBatchNormGradV3,2,41.984,20.992,41.984,20.992,0.0004582463106664185,0.9479252686537762,0.0,0.0
212,Device,FusedBatchNormV3,mobilenetv2_1.00_128/block_5_expand_BN/FusedBatchNormV3,4,41.984,10.496,41.984,10.496,0.0004582463106664185,0.9483835149644426,0.0,0.0
213,Device,FusedBatchNormGradV3,gradient_tape/mobilenetv2_1.00_128/block_8_expand_BN/FusedBatchNormGradV3,2,40.961,20.4805,40.961,20.4805,0.0004470804861663293,0.948830595450609,0.0,0.0
214,Device,FusedBatchNormV3,mobilenetv2_1.00_128/Conv_1_bn/FusedBatchNormV3,4,40.96,10.24,40.96,10.24,0.00044706957138187175,0.9492776650219908,0.0,0.0
215,Device,FusedBatchNormV3,mobilenetv2_1.00_128/block_11_expand_BN/FusedBatchNormV3,4,40.96,10.24,40.96,10.24,0.00044706957138187175,0.9497247345933727,0.0,0.0
216,Device,FusedBatchNormV3,mobilenetv2_1.00_128/block_12_expand_BN/FusedBatchNormV3,4,40.96,10.24,40.96,10.24,0.00044706957138187175,0.9501718041647546,0.0,0.0
217,Device,FusedBatchNormV3,mobilenetv2_1.00_128/block_4_expand_BN/FusedBatchNormV3,4,40.96,10.24,40.96,10.24,0.00044706957138187175,0.9506188737361364,0.0,0.0
218,Device,FusedBatchNormV3,mobilenetv2_1.00_128/block_6_expand_BN/FusedBatchNormV3,4,40.96,10.24,40.96,10.24,0.00044706957138187175,0.9510659433075183,0.0,0.0
219,Device,Slice,gradient_tape/mobilenetv2_1.00_128/block_13_pad/Slice_1,2,39.936,19.968,39.936,19.968,0.0004358928320973249,0.9515018361396156,0.0,0.0
220,Device,FusedBatchNormGradV3,gradient_tape/mobilenetv2_1.00_128/block_7_depthwise_BN/FusedBatchNormGradV3,2,39.936,19.968,39.936,19.968,0.0004358928320973249,0.9519377289717129,0.0,0.0
221,Device,FusedBatchNormGradV3,gradient_tape/mobilenetv2_1.00_128/block_7_expand_BN/FusedBatchNormGradV3,2,39.936,19.968,39.936,19.968,0.0004358928320973249,0.9523736218038102,0.0,0.0
222,Device,FusedBatchNormGradV3,gradient_tape/mobilenetv2_1.00_128/block_8_depthwise_BN/FusedBatchNormGradV3,2,39.936,19.968,39.936,19.968,0.0004358928320973249,0.9528095146359076,0.0,0.0
223,Device,FusedBatchNormV3,mobilenetv2_1.00_128/block_3_depthwise_BN/FusedBatchNormV3,4,39.936,9.984,39.936,9.984,0.0004358928320973249,0.9532454074680049,0.0,0.0
224,Device,DepthwiseConv2dNativeBackpropFilter,gradient_tape/mobilenetv2_1.00_128/block_7_depthwise/depthwise/DepthwiseConv2dNativeBackpropFilter,2,38.912,19.456,38.912,19.456,0.00042471609281277814,0.9536701235608177,0.0,0.0
225,Device,DepthwiseConv2dNativeBackpropFilter,gradient_tape/mobilenetv2_1.00_128/block_9_depthwise/depthwise/DepthwiseConv2dNativeBackpropFilter,2,38.912,19.456,38.912,19.456,0.00042471609281277814,0.9540948396536305,0.0,0.0
226,Device,FusedBatchNormV3,mobilenetv2_1.00_128/block_13_expand_BN/FusedBatchNormV3,4,38.912,9.728,38.912,9.728,0.00042471609281277814,0.9545195557464433,0.0,0.0
227,Device,FusedBatchNormV3,mobilenetv2_1.00_128/block_2_project_BN/FusedBatchNormV3,4,38.912,9.728,38.912,9.728,0.00042471609281277814,0.9549442718392561,0.0,0.0
228,Device,DepthwiseConv2dNativeBackpropFilter,gradient_tape/mobilenetv2_1.00_128/block_8_depthwise/depthwise/DepthwiseConv2dNativeBackpropFilter,2,37.889,18.9445,37.889,18.9445,0.00041355026831268896,0.9553578221075688,0.0,0.0
229,Device,DepthwiseConv2dNativeBackpropInput,gradient_tape/mobilenetv2_1.00_128/block_15_depthwise/depthwise/DepthwiseConv2dNativeBackpropInput,2,37.888,18.944,37.888,18.944,0.0004135393535282313,0.9557713614610971,0.0,0.0
230,Device,Conv2D,mobilenetv2_1.00_128/block_3_project/Conv2D,2,37.888,18.944,37.888,18.944,0.0004135393535282313,0.9561849008146254,0.0,0.0
231,Device,DepthwiseConv2dNativeBackpropInput,gradient_tape/mobilenetv2_1.00_128/block_14_depthwise/depthwise/DepthwiseConv2dNativeBackpropInput,2,36.864,18.432,36.864,18.432,0.00040236261424368453,0.956587263428869,0.0,0.0
232,Device,DepthwiseConv2dNativeBackpropInput,gradient_tape/mobilenetv2_1.00_128/block_16_depthwise/depthwise/DepthwiseConv2dNativeBackpropInput,2,36.864,18.432,36.864,18.432,0.00040236261424368453,0.9569896260431127,0.0,0.0
233,Device,DepthwiseConv2dNative,mobilenetv2_1.00_128/block_12_depthwise/depthwise,2,36.864,18.432,36.864,18.432,0.00040236261424368453,0.9573919886573563,0.0,0.0
234,Device,DepthwiseConv2dNative,mobilenetv2_1.00_128/block_13_depthwise/depthwise,2,36.864,18.432,36.864,18.432,0.00040236261424368453,0.9577943512716,0.0,0.0
235,Device,FusedBatchNormV3,mobilenetv2_1.00_128/block_1_project_BN/FusedBatchNormV3,4,36.864,9.216,36.864,9.216,0.00040236261424368453,0.9581967138858436,0.0,0.0
236,Device,Conv2D,mobilenetv2_1.00_128/block_6_project/Conv2D,2,36.864,18.432,36.864,18.432,0.00040236261424368453,0.9585990765000872,0.0,0.0
237,Device,DepthwiseConv2dNative,mobilenetv2_1.00_128/block_11_depthwise/depthwise,2,35.84,17.92,35.84,17.92,0.0003911858749591378,0.9589902623750464,0.0,0.0
238,Device,FusedBatchNormGradV3,gradient_tape/mobilenetv2_1.00_128/block_16_depthwise_BN/FusedBatchNormGradV3,2,34.816,17.408,34.816,17.408,0.000380009135674591,0.959370271510721,0.0,0.0
239,Device,FusedBatchNormV3,mobilenetv2_1.00_128/block_15_expand_BN/FusedBatchNormV3,4,33.792,8.448,33.792,8.448,0.0003688323963900442,0.959739103907111,0.0,0.0
240,Device,FusedBatchNormV3,mobilenetv2_1.00_128/block_16_expand_BN/FusedBatchNormV3,4,33.792,8.448,33.792,8.448,0.0003688323963900442,0.9601079363035011,0.0,0.0
241,Device,FusedBatchNormV3,mobilenetv2_1.00_128/block_14_depthwise_BN/FusedBatchNormV3,4,32.769,8.19225,32.769,8.19225,0.0003576665718899549,0.9604656028753911,0.0,0.0
242,Device,FusedBatchNormGradV3,gradient_tape/mobilenetv2_1.00_128/block_14_expand_BN/FusedBatchNormGradV3,2,32.768,16.384,32.768,16.384,0.00035765565710549736,0.9608232585324966,0.0,0.0
243,Device,FusedBatchNormV3,mobilenetv2_1.00_128/block_15_depthwise_BN/FusedBatchNormV3,4,32.768,8.192,32.768,8.192,0.00035765565710549736,0.9611809141896022,0.0,0.0
244,Device,FusedBatchNormV3,mobilenetv2_1.00_128/block_16_depthwise_BN/FusedBatchNormV3,4,32.768,8.192,32.768,8.192,0.00035765565710549736,0.9615385698467077,0.0,0.0
245,Device,Relu6Grad,gradient_tape/mobilenetv2_1.00_128/block_10_expand_relu/Relu6/Relu6Grad,2,31.744,15.872,31.744,15.872,0.0003464789178209506,0.9618850487645286,0.0,0.0
246,Device,FusedBatchNormGradV3,gradient_tape/mobilenetv2_1.00_128/block_14_depthwise_BN/FusedBatchNormGradV3,2,31.744,15.872,31.744,15.872,0.0003464789178209506,0.9622315276823495,0.0,0.0
247,Device,FusedBatchNormGradV3,gradient_tape/mobilenetv2_1.00_128/block_15_depthwise_BN/FusedBatchNormGradV3,2,31.744,15.872,31.744,15.872,0.0003464789178209506,0.9625780066001705,0.0,0.0
248,Device,FusedBatchNormV3,mobilenetv2_1.00_128/block_10_depthwise_BN/FusedBatchNormV3,4,31.744,7.936,31.744,7.936,0.0003464789178209506,0.9629244855179914,0.0,0.0
249,Device,FusedBatchNormV3,mobilenetv2_1.00_128/block_14_expand_BN/FusedBatchNormV3,4,31.744,7.936,31.744,7.936,0.0003464789178209506,0.9632709644358123,0.0,0.0
250,Device,FusedBatchNormGradV3,gradient_tape/mobilenetv2_1.00_128/block_15_expand_BN/FusedBatchNormGradV3,2,30.721,15.3605,30.721,15.3605,0.00033531309332086135,0.9636062775291332,0.0,0.0
251,Device,FusedBatchNormV3,mobilenetv2_1.00_128/block_8_depthwise_BN/FusedBatchNormV3,4,30.721,7.68025,30.721,7.68025,0.00033531309332086135,0.9639415906224541,0.0,0.0
252,Device,FusedBatchNormGradV3,gradient_tape/mobilenetv2_1.00_128/block_16_expand_BN/FusedBatchNormGradV3,2,30.72,15.36,30.72,15.36,0.00033530217853640376,0.9642768928009905,0.0,0.0
253,Device,Relu6,mobilenetv2_1.00_128/block_5_depthwise_relu/Relu6,2,30.72,15.36,30.72,15.36,0.00033530217853640376,0.9646121949795269,0.0,0.0
254,Device,Relu6Grad,gradient_tape/mobilenetv2_1.00_128/block_8_expand_relu/Relu6/Relu6Grad,2,29.696,14.848,29.696,14.848,0.00032412543925185703,0.9649363204187787,0.0,0.0
255,Device,DepthwiseConv2dNative,mobilenetv2_1.00_128/block_14_depthwise/depthwise,2,29.696,14.848,29.696,14.848,0.00032412543925185703,0.9652604458580306,0.0,0.0
256,Device,DepthwiseConv2dNative,mobilenetv2_1.00_128/block_15_depthwise/depthwise,2,29.696,14.848,29.696,14.848,0.00032412543925185703,0.9655845712972825,0.0,0.0
257,Device,Relu6,mobilenetv2_1.00_128/block_5_expand_relu/Relu6,2,29.696,14.848,29.696,14.848,0.00032412543925185703,0.9659086967365343,0.0,0.0
258,Device,FusedBatchNormV3,mobilenetv2_1.00_128/block_7_depthwise_BN/FusedBatchNormV3,4,29.696,7.424,29.696,7.424,0.00032412543925185703,0.9662328221757862,0.0,0.0
259,Device,Relu6Grad,gradient_tape/mobilenetv2_1.00_128/block_16_depthwise_relu/Relu6/Relu6Grad,2,28.672,14.336,28.672,14.336,0.0003129486999673102,0.9665457708757536,0.0,0.0
260,Device,Relu6Grad,gradient_tape/mobilenetv2_1.00_128/block_7_expand_relu/Relu6/Relu6Grad,2,28.672,14.336,28.672,14.336,0.0003129486999673102,0.9668587195757209,0.0,0.0
261,Device,Relu6Grad,gradient_tape/mobilenetv2_1.00_128/block_9_expand_relu/Relu6/Relu6Grad,2,28.672,14.336,28.672,14.336,0.0003129486999673102,0.9671716682756882,0.0,0.0
262,Device,DepthwiseConv2dNative,mobilenetv2_1.00_128/block_16_depthwise/depthwise,2,28.672,14.336,28.672,14.336,0.0003129486999673102,0.9674846169756556,0.0,0.0
263,Device,Relu6,mobilenetv2_1.00_128/block_6_expand_relu/Relu6,2,28.672,14.336,28.672,14.336,0.0003129486999673102,0.9677975656756229,0.0,0.0
264,Device,FusedBatchNormV3,mobilenetv2_1.00_128/block_9_depthwise_BN/FusedBatchNormV3,4,28.672,7.168,28.672,7.168,0.0003129486999673102,0.9681105143755903,0.0,0.0
265,Device,FusedBatchNormV3,mobilenetv2_1.00_128/block_13_depthwise_BN/FusedBatchNormV3,4,26.624,6.656,26.624,6.656,0.0002905952213982166,0.9684011095969884,0.0,0.0
266,Device,AddV2,mobilenetv2_1.00_128/block_2_add/add,2,26.624,13.312,26.624,13.312,0.0002905952213982166,0.9686917048183866,0.0,0.0
267,Device,Relu6,mobilenetv2_1.00_128/block_4_depthwise_relu/Relu6,2,26.624,13.312,26.624,13.312,0.0002905952213982166,0.9689823000397848,0.0,0.0
268,Device,FusedBatchNormV3,mobilenetv2_1.00_128/block_9_expand_BN/FusedBatchNormV3,4,26.624,6.656,26.624,6.656,0.0002905952213982166,0.969272895261183,0.0,0.0
269,Device,Relu6,mobilenetv2_1.00_128/block_4_expand_relu/Relu6,2,25.601,12.8005,25.601,12.8005,0.00027942939689812736,0.9695523246580812,0.0,0.0
270,Device,ArgMax,ArgMax,2,25.6,12.8,25.6,12.8,0.0002794184821136698,0.9698317431401948,0.0,0.0
271,Device,FusedBatchNormV3,mobilenetv2_1.00_128/block_8_expand_BN/FusedBatchNormV3,4,25.6,6.4,25.6,6.4,0.0002794184821136698,0.9701111616223085,0.0,0.0
272,Device,FusedBatchNormGradV3,gradient_tape/mobilenetv2_1.00_128/block_13_depthwise_BN/FusedBatchNormGradV3,2,24.577,12.2885,24.577,12.2885,0.00026825265761358063,0.970379414279922,0.0,0.0
273,Device,Relu6Grad,gradient_tape/mobilenetv2_1.00_128/block_10_depthwise_relu/Relu6/Relu6Grad,2,24.576,12.288,24.576,12.288,0.00026824174282912304,0.9706476560227512,0.0,0.0
274,Device,FusedBatchNormV3,mobilenetv2_1.00_128/block_7_expand_BN/FusedBatchNormV3,4,24.576,6.144,24.576,6.144,0.00026824174282912304,0.9709158977655803,0.0,0.0
275,Device,FusedBatchNormV3,mobilenetv2_1.00_128/block_10_expand_BN/FusedBatchNormV3,4,23.552,5.888,23.552,5.888,0.0002570650035445762,0.9711729627691249,0.0,0.0
276,Device,AddN,SGD/gradients/AddN_9,2,22.528,11.264,22.528,11.264,0.00024588826426002943,0.9714188510333849,0.0,0.0
277,Device,FusedBatchNormGradV3,gradient_tape/mobilenetv2_1.00_128/block_4_project_BN/FusedBatchNormGradV3,2,22.528,11.264,22.528,11.264,0.00024588826426002943,0.9716647392976449,0.0,0.0
278,Device,Relu6Grad,gradient_tape/mobilenetv2_1.00_128/block_7_depthwise_relu/Relu6/Relu6Grad,2,22.528,11.264,22.528,11.264,0.00024588826426002943,0.9719106275619048,0.0,0.0
279,Device,Relu6Grad,gradient_tape/mobilenetv2_1.00_128/block_8_depthwise_relu/Relu6/Relu6Grad,2,22.528,11.264,22.528,11.264,0.00024588826426002943,0.9721565158261648,0.0,0.0
280,Device,DepthwiseConv2dNative,mobilenetv2_1.00_128/block_10_depthwise/depthwise,2,22.528,11.264,22.528,11.264,0.00024588826426002943,0.9724024040904248,0.0,0.0
281,Device,DepthwiseConv2dNative,mobilenetv2_1.00_128/block_7_depthwise/depthwise,2,22.528,11.264,22.528,11.264,0.00024588826426002943,0.9726482923546848,0.0,0.0
282,Device,DepthwiseConv2dNative,mobilenetv2_1.00_128/block_8_depthwise/depthwise,2,22.528,11.264,22.528,11.264,0.00024588826426002943,0.9728941806189447,0.0,0.0
283,Device,DepthwiseConv2dNative,mobilenetv2_1.00_128/block_9_depthwise/depthwise,2,22.528,11.264,22.528,11.264,0.00024588826426002943,0.9731400688832047,0.0,0.0
284,Device,MatMul,mobilenetv2_1.00_128/predictions/MatMul,2,21.505,10.7525,21.505,10.7525,0.0002347224397599402,0.9733747913229647,0.0,0.0
285,Device,FusedBatchNormGradV3,gradient_tape/mobilenetv2_1.00_128/block_3_project_BN/FusedBatchNormGradV3,2,21.504,10.752,21.504,10.752,0.00023471152497548268,0.9736095028479401,0.0,0.0
286,Device,Relu6Grad,gradient_tape/mobilenetv2_1.00_128/block_9_depthwise_relu/Relu6/Relu6Grad,2,21.504,10.752,21.504,10.752,0.00023471152497548268,0.9738442143729156,0.0,0.0
287,Device,Relu6Grad,gradient_tape/mobilenetv2_1.00_128/out_relu/Relu6/Relu6Grad,2,21.504,10.752,21.504,10.752,0.00023471152497548268,0.974078925897891,0.0,0.0
288,Device,Mean,mobilenetv2_1.00_128/global_average_pooling2d/Mean,2,21.504,10.752,21.504,10.752,0.00023471152497548268,0.9743136374228665,0.0,0.0
289,Device,Relu6,mobilenetv2_1.00_128/block_12_expand_relu/Relu6,2,20.481,10.2405,20.481,10.2405,0.00022354570047539344,0.9745371831233419,0.0,0.0
290,Device,Relu6,mobilenetv2_1.00_128/block_12_depthwise_relu/Relu6,2,20.48,10.24,20.48,10.24,0.00022353478569093587,0.9747607179090328,0.0,0.0
291,Device,FusedBatchNormV3,mobilenetv2_1.00_128/block_16_project_BN/FusedBatchNormV3,4,20.48,5.12,20.48,5.12,0.00022353478569093587,0.9749842526947238,0.0,0.0
292,Device,FusedBatchNormGradV3,gradient_tape/mobilenetv2_1.00_128/block_16_project_BN/FusedBatchNormGradV3,2,19.456,9.728,19.456,9.728,0.00021235804640638907,0.9751966107411302,0.0,0.0
293,Device,FusedBatchNormGradV3,gradient_tape/mobilenetv2_1.00_128/block_5_project_BN/FusedBatchNormGradV3,2,19.456,9.728,19.456,9.728,0.00021235804640638907,0.9754089687875366,0.0,0.0
294,Device,Relu6,mobilenetv2_1.00_128/block_11_expand_relu/Relu6,2,19.456,9.728,19.456,9.728,0.00021235804640638907,0.975621326833943,0.0,0.0
295,Device,FusedBatchNormV3,mobilenetv2_1.00_128/block_5_project_BN/FusedBatchNormV3,4,19.456,4.864,19.456,4.864,0.00021235804640638907,0.9758336848803494,0.0,0.0
296,Device,FusedBatchNormV3,mobilenetv2_1.00_128/block_6_depthwise_BN/FusedBatchNormV3,4,19.456,4.864,19.456,4.864,0.00021235804640638907,0.9760460429267558,0.0,0.0
297,Device,Softmax,mobilenetv2_1.00_128/predictions/Softmax,2,19.456,9.728,19.456,9.728,0.00021235804640638907,0.9762584009731622,0.0,0.0
298,Device,ArgMax,ArgMax_1,2,18.432,9.216,18.432,9.216,0.00020118130712184226,0.9764595822802841,0.0,0.0
299,Device,ResourceApplyGradientDescent,SGD/SGD/update_153/ResourceApplyGradientDescent,2,18.432,9.216,18.432,9.216,0.00020118130712184226,0.976660763587406,0.0,0.0
300,Device,Relu6Grad,gradient_tape/mobilenetv2_1.00_128/block_15_depthwise_relu/Relu6/Relu6Grad,2,18.432,9.216,18.432,9.216,0.00020118130712184226,0.9768619448945278,0.0,0.0
301,Device,Transpose,gradient_tape/mobilenetv2_1.00_128/out_relu/Relu6/Relu6Grad-0-TransposeNHWCToNCHW-LayoutOptimizer,2,18.432,9.216,18.432,9.216,0.00020118130712184226,0.9770631262016497,0.0,0.0
302,Device,Relu6,mobilenetv2_1.00_128/block_11_depthwise_relu/Relu6,2,18.432,9.216,18.432,9.216,0.00020118130712184226,0.9772643075087716,0.0,0.0
303,Device,Relu6,mobilenetv2_1.00_128/block_13_expand_relu/Relu6,2,18.432,9.216,18.432,9.216,0.00020118130712184226,0.9774654888158935,0.0,0.0
304,Device,FusedBatchNormV3,mobilenetv2_1.00_128/block_3_project_BN/FusedBatchNormV3,4,18.432,4.608,18.432,4.608,0.00020118130712184226,0.9776666701230153,0.0,0.0
305,Device,Relu6Grad,gradient_tape/mobilenetv2_1.00_128/block_14_depthwise_relu/Relu6/Relu6Grad,2,17.408,8.704,17.408,8.704,0.0001900045678372955,0.9778566746908526,0.0,0.0
306,Device,FusedBatchNormV3,mobilenetv2_1.00_128/block_4_project_BN/FusedBatchNormV3,4,17.408,4.352,17.408,4.352,0.0001900045678372955,0.9780466792586898,0.0,0.0
307,Device,Transpose,mobilenetv2_1.00_128/out_relu/Relu6-0-0-TransposeNCHWToNHWC-LayoutOptimizer,2,17.408,8.704,17.408,8.704,0.0001900045678372955,0.9782366838265271,0.0,0.0
308,Device,ResourceApplyGradientDescent,SGD/SGD/update_150/ResourceApplyGradientDescent,2,16.384,8.192,16.384,8.192,0.00017882782855274868,0.9784155116550798,0.0,0.0
309,Device,FusedBatchNormGradV3,gradient_tape/mobilenetv2_1.00_128/block_6_depthwise_BN/FusedBatchNormGradV3,2,16.384,8.192,16.384,8.192,0.00017882782855274868,0.9785943394836325,0.0,0.0
310,Device,FusedBatchNormV3,mobilenetv2_1.00_128/block_10_project_BN/FusedBatchNormV3,4,16.384,4.096,16.384,4.096,0.00017882782855274868,0.9787731673121852,0.0,0.0
311,Device,FusedBatchNormV3,mobilenetv2_1.00_128/block_12_project_BN/FusedBatchNormV3,4,16.384,4.096,16.384,4.096,0.00017882782855274868,0.9789519951407379,0.0,0.0
312,Device,FusedBatchNormV3,mobilenetv2_1.00_128/block_6_project_BN/FusedBatchNormV3,4,16.384,4.096,16.384,4.096,0.00017882782855274868,0.9791308229692907,0.0,0.0
313,Device,FusedBatchNormV3,mobilenetv2_1.00_128/block_7_project_BN/FusedBatchNormV3,4,15.36,3.84,15.36,3.84,0.00016765108926820188,0.9792984740585589,0.0,0.0
314,Device,FusedBatchNormV3,mobilenetv2_1.00_128/block_9_project_BN/FusedBatchNormV3,4,15.36,3.84,15.36,3.84,0.00016765108926820188,0.979466125147827,0.0,0.0
315,Device,FusedBatchNormGradV3,gradient_tape/mobilenetv2_1.00_128/block_10_project_BN/FusedBatchNormGradV3,2,14.336,7.168,14.336,7.168,0.0001564743499836551,0.9796225994978107,0.0,0.0
316,Device,FusedBatchNormGradV3,gradient_tape/mobilenetv2_1.00_128/block_12_project_BN/FusedBatchNormGradV3,2,14.336,7.168,14.336,7.168,0.0001564743499836551,0.9797790738477944,0.0,0.0
317,Device,FusedBatchNormGradV3,gradient_tape/mobilenetv2_1.00_128/block_6_project_BN/FusedBatchNormGradV3,2,14.336,7.168,14.336,7.168,0.0001564743499836551,0.9799355481977781,0.0,0.0
318,Device,RealDiv,gradient_tape/mobilenetv2_1.00_128/global_average_pooling2d/truediv,2,14.336,7.168,14.336,7.168,0.0001564743499836551,0.9800920225477617,0.0,0.0
319,Device,FusedBatchNormV3,mobilenetv2_1.00_128/block_11_project_BN/FusedBatchNormV3,4,14.336,3.584,14.336,3.584,0.0001564743499836551,0.9802484968977454,0.0,0.0
320,Device,FusedBatchNormV3,mobilenetv2_1.00_128/block_13_project_BN/FusedBatchNormV3,4,14.336,3.584,14.336,3.584,0.0001564743499836551,0.9804049712477291,0.0,0.0
321,Device,FusedBatchNormV3,mobilenetv2_1.00_128/block_14_project_BN/FusedBatchNormV3,4,14.336,3.584,14.336,3.584,0.0001564743499836551,0.9805614455977127,0.0,0.0
322,Device,FusedBatchNormV3,mobilenetv2_1.00_128/block_15_project_BN/FusedBatchNormV3,4,14.336,3.584,14.336,3.584,0.0001564743499836551,0.9807179199476964,0.0,0.0
323,Device,Relu6,mobilenetv2_1.00_128/block_3_depthwise_relu/Relu6,2,14.336,7.168,14.336,7.168,0.0001564743499836551,0.9808743942976801,0.0,0.0
324,Device,FusedBatchNormV3,mobilenetv2_1.00_128/block_8_project_BN/FusedBatchNormV3,4,14.336,3.584,14.336,3.584,0.0001564743499836551,0.9810308686476638,0.0,0.0
325,Device,FusedBatchNormGradV3,gradient_tape/mobilenetv2_1.00_128/block_11_project_BN/FusedBatchNormGradV3,2,13.312,6.656,13.312,6.656,0.0001452976106991083,0.9811761662583629,0.0,0.0
326,Device,Relu6Grad,gradient_tape/mobilenetv2_1.00_128/block_13_depthwise_relu/Relu6/Relu6Grad,2,13.312,6.656,13.312,6.656,0.0001452976106991083,0.981321463869062,0.0,0.0
327,Device,FusedBatchNormGradV3,gradient_tape/mobilenetv2_1.00_128/block_7_project_BN/FusedBatchNormGradV3,2,13.312,6.656,13.312,6.656,0.0001452976106991083,0.9814667614797612,0.0,0.0
328,Device,FusedBatchNormGradV3,gradient_tape/mobilenetv2_1.00_128/block_8_project_BN/FusedBatchNormGradV3,2,13.312,6.656,13.312,6.656,0.0001452976106991083,0.9816120590904603,0.0,0.0
329,Device,FusedBatchNormGradV3,gradient_tape/mobilenetv2_1.00_128/block_9_project_BN/FusedBatchNormGradV3,2,13.312,6.656,13.312,6.656,0.0001452976106991083,0.9817573567011595,0.0,0.0
330,Device,BroadcastTo,gradient_tape/mobilenetv2_1.00_128/global_average_pooling2d/BroadcastTo,2,13.312,6.656,13.312,6.656,0.0001452976106991083,0.9819026543118586,0.0,0.0
331,Device,MatMul,gradient_tape/mobilenetv2_1.00_128/predictions/MatMul/MatMul,2,13.312,6.656,13.312,6.656,0.0001452976106991083,0.9820479519225578,0.0,0.0
332,Device,FusedBatchNormGradV3,gradient_tape/mobilenetv2_1.00_128/block_13_project_BN/FusedBatchNormGradV3,2,12.288,6.144,12.288,6.144,0.00013412087141456152,0.9821820727939723,0.0,0.0
333,Device,Relu6Grad,gradient_tape/mobilenetv2_1.00_128/block_14_expand_relu/Relu6/Relu6Grad,2,12.288,6.144,12.288,6.144,0.00013412087141456152,0.9823161936653868,0.0,0.0
334,Device,FusedBatchNormGradV3,gradient_tape/mobilenetv2_1.00_128/block_14_project_BN/FusedBatchNormGradV3,2,12.288,6.144,12.288,6.144,0.00013412087141456152,0.9824503145368013,0.0,0.0
335,Device,Relu6Grad,gradient_tape/mobilenetv2_1.00_128/block_15_expand_relu/Relu6/Relu6Grad,2,12.288,6.144,12.288,6.144,0.00013412087141456152,0.9825844354082158,0.0,0.0
336,Device,FusedBatchNormGradV3,gradient_tape/mobilenetv2_1.00_128/block_15_project_BN/FusedBatchNormGradV3,2,12.288,6.144,12.288,6.144,0.00013412087141456152,0.9827185562796303,0.0,0.0
337,Device,Relu6,mobilenetv2_1.00_128/block_10_expand_relu/Relu6,2,12.288,6.144,12.288,6.144,0.00013412087141456152,0.9828526771510449,0.0,0.0
338,Device,AddV2,mobilenetv2_1.00_128/block_4_add/add,2,12.288,6.144,12.288,6.144,0.00013412087141456152,0.9829867980224594,0.0,0.0
339,Device,AddV2,mobilenetv2_1.00_128/block_5_add/add,2,12.288,6.144,12.288,6.144,0.00013412087141456152,0.9831209188938739,0.0,0.0
340,Device,AddV2,mobilenetv2_1.00_128/block_12_add/add,2,11.265,5.6325,11.265,5.6325,0.00012295504691447228,0.9832438739407884,0.0,0.0
341,Device,AddN,SGD/gradients/AddN_3,2,11.264,5.632,11.264,5.632,0.00012294413213001471,0.9833668180729184,0.0,0.0
342,Device,Relu6Grad,gradient_tape/mobilenetv2_1.00_128/block_16_expand_relu/Relu6/Relu6Grad,2,11.264,5.632,11.264,5.632,0.00012294413213001471,0.9834897622050484,0.0,0.0
343,Device,DynamicStitch,gradient_tape/mobilenetv2_1.00_128/global_average_pooling2d/DynamicStitch,2,11.264,5.632,11.264,5.632,0.00012294413213001471,0.9836127063371783,0.0,0.0
344,Device,Relu6,mobilenetv2_1.00_128/block_10_depthwise_relu/Relu6,2,11.264,5.632,11.264,5.632,0.00012294413213001471,0.9837356504693083,0.0,0.0
345,Device,Relu6,mobilenetv2_1.00_128/block_7_expand_relu/Relu6,2,11.264,5.632,11.264,5.632,0.00012294413213001471,0.9838585946014383,0.0,0.0
346,Device,Relu6,mobilenetv2_1.00_128/block_8_expand_relu/Relu6,2,11.264,5.632,11.264,5.632,0.00012294413213001471,0.9839815387335683,0.0,0.0
347,Device,Relu6,mobilenetv2_1.00_128/block_9_depthwise_relu/Relu6,2,11.264,5.632,11.264,5.632,0.00012294413213001471,0.9841044828656983,0.0,0.0
348,Device,ResourceApplyGradientDescent,SGD/SGD/update_126/ResourceApplyGradientDescent,2,10.24,5.12,10.24,5.12,0.00011176739284546794,0.9842162502585438,0.0,0.0
349,Device,ResourceApplyGradientDescent,SGD/SGD/update_135/ResourceApplyGradientDescent,2,10.24,5.12,10.24,5.12,0.00011176739284546794,0.9843280176513892,0.0,0.0
350,Device,AddN,SGD/gradients/AddN_4,2,10.24,5.12,10.24,5.12,0.00011176739284546794,0.9844397850442347,0.0,0.0
351,Device,AddN,SGD/gradients/AddN_5,2,10.24,5.12,10.24,5.12,0.00011176739284546794,0.9845515524370801,0.0,0.0
352,Device,AddN,SGD/gradients/AddN_6,2,10.24,5.12,10.24,5.12,0.00011176739284546794,0.9846633198299256,0.0,0.0
353,Device,AddN,SGD/gradients/AddN_7,2,10.24,5.12,10.24,5.12,0.00011176739284546794,0.9847750872227711,0.0,0.0
354,Device,AddN,SGD/gradients/AddN_8,2,10.24,5.12,10.24,5.12,0.00011176739284546794,0.9848868546156165,0.0,0.0
355,Device,MatMul,gradient_tape/mobilenetv2_1.00_128/predictions/MatMul/MatMul_1,2,10.24,5.12,10.24,5.12,0.00011176739284546794,0.984998622008462,0.0,0.0
356,Device,AddV2,mobilenetv2_1.00_128/block_11_add/add,2,10.24,5.12,10.24,5.12,0.00011176739284546794,0.9851103894013075,0.0,0.0
357,Device,Relu6,mobilenetv2_1.00_128/block_14_depthwise_relu/Relu6,2,10.24,5.12,10.24,5.12,0.00011176739284546794,0.9852221567941529,0.0,0.0
358,Device,Relu6,mobilenetv2_1.00_128/block_16_depthwise_relu/Relu6,2,10.24,5.12,10.24,5.12,0.00011176739284546794,0.9853339241869984,0.0,0.0
359,Device,Relu6,mobilenetv2_1.00_128/block_16_expand_relu/Relu6,2,10.24,5.12,10.24,5.12,0.00011176739284546794,0.9854456915798439,0.0,0.0
360,Device,Relu6,mobilenetv2_1.00_128/block_6_depthwise_relu/Relu6,2,10.24,5.12,10.24,5.12,0.00011176739284546794,0.9855574589726893,0.0,0.0
361,Device,Relu6,mobilenetv2_1.00_128/block_7_depthwise_relu/Relu6,2,10.24,5.12,10.24,5.12,0.00011176739284546794,0.9856692263655348,0.0,0.0
362,Device,Relu6,mobilenetv2_1.00_128/block_8_depthwise_relu/Relu6,2,10.24,5.12,10.24,5.12,0.00011176739284546794,0.9857809937583802,0.0,0.0
363,Device,Relu6,mobilenetv2_1.00_128/block_9_expand_relu/Relu6,2,10.24,5.12,10.24,5.12,0.00011176739284546794,0.9858927611512257,0.0,0.0
364,Device,ResourceApplyGradientDescent,SGD/SGD/update_117/ResourceApplyGradientDescent,2,9.216,4.608,9.216,4.608,0.00010059065356092113,0.9859933518047866,0.0,0.0
365,Device,ResourceApplyGradientDescent,SGD/SGD/update_144/ResourceApplyGradientDescent,2,9.216,4.608,9.216,4.608,0.00010059065356092113,0.9860939424583476,0.0,0.0
366,Device,ResourceApplyGradientDescent,SGD/SGD/update_99/ResourceApplyGradientDescent,2,9.216,4.608,9.216,4.608,0.00010059065356092113,0.9861945331119085,0.0,0.0
367,Device,AddN,SGD/gradients/AddN_2,2,9.216,4.608,9.216,4.608,0.00010059065356092113,0.9862951237654695,0.0,0.0
368,Device,Relu6Grad,gradient_tape/mobilenetv2_1.00_128/block_6_depthwise_relu/Relu6/Relu6Grad,2,9.216,4.608,9.216,4.608,0.00010059065356092113,0.9863957144190304,0.0,0.0
369,Device,Relu6,mobilenetv2_1.00_128/block_14_expand_relu/Relu6,2,9.216,4.608,9.216,4.608,0.00010059065356092113,0.9864963050725913,0.0,0.0
370,Device,Relu6,mobilenetv2_1.00_128/block_15_depthwise_relu/Relu6,2,9.216,4.608,9.216,4.608,0.00010059065356092113,0.9865968957261523,0.0,0.0
371,Device,Relu6,mobilenetv2_1.00_128/block_15_expand_relu/Relu6,2,9.216,4.608,9.216,4.608,0.00010059065356092113,0.9866974863797132,0.0,0.0
372,Device,AddV2,mobilenetv2_1.00_128/block_7_add/add,2,9.216,4.608,9.216,4.608,0.00010059065356092113,0.9867980770332742,0.0,0.0
373,Device,AddV2,mobilenetv2_1.00_128/block_8_add/add,2,9.216,4.608,9.216,4.608,0.00010059065356092113,0.9868986676868351,0.0,0.0
374,Device,AddV2,mobilenetv2_1.00_128/block_9_add/add,2,9.216,4.608,9.216,4.608,0.00010059065356092113,0.986999258340396,0.0,0.0
375,Device,Relu6,mobilenetv2_1.00_128/out_relu/Relu6,2,9.216,4.608,9.216,4.608,0.00010059065356092113,0.987099848993957,0.0,0.0
376,Device,ResourceApplyGradientDescent,SGD/SGD/update_103/ResourceApplyGradientDescent,2,8.192,4.096,8.192,4.096,8.941391427637434e-05,0.9871892629082334,0.0,0.0
377,Device,ResourceApplyGradientDescent,SGD/SGD/update_105/ResourceApplyGradientDescent,2,8.192,4.096,8.192,4.096,8.941391427637434e-05,0.9872786768225098,0.0,0.0
378,Device,ResourceApplyGradientDescent,SGD/SGD/update_108/ResourceApplyGradientDescent,2,8.192,4.096,8.192,4.096,8.941391427637434e-05,0.9873680907367862,0.0,0.0
379,Device,ResourceApplyGradientDescent,SGD/SGD/update_114/ResourceApplyGradientDescent,2,8.192,4.096,8.192,4.096,8.941391427637434e-05,0.9874575046510626,0.0,0.0
380,Device,ResourceApplyGradientDescent,SGD/SGD/update_120/ResourceApplyGradientDescent,2,8.192,4.096,8.192,4.096,8.941391427637434e-05,0.987546918565339,0.0,0.0
381,Device,ResourceApplyGradientDescent,SGD/SGD/update_123/ResourceApplyGradientDescent,2,8.192,4.096,8.192,4.096,8.941391427637434e-05,0.9876363324796155,0.0,0.0
382,Device,ResourceApplyGradientDescent,SGD/SGD/update_27/ResourceApplyGradientDescent,2,8.192,4.096,8.192,4.096,8.941391427637434e-05,0.9877257463938919,0.0,0.0
383,Device,ResourceApplyGradientDescent,SGD/SGD/update_28/ResourceApplyGradientDescent,2,8.192,4.096,8.192,4.096,8.941391427637434e-05,0.9878151603081683,0.0,0.0
384,Device,ResourceApplyGradientDescent,SGD/SGD/update_34/ResourceApplyGradientDescent,2,8.192,4.096,8.192,4.096,8.941391427637434e-05,0.9879045742224447,0.0,0.0
385,Device,ResourceApplyGradientDescent,SGD/SGD/update_54/ResourceApplyGradientDescent,2,8.192,4.096,8.192,4.096,8.941391427637434e-05,0.9879939881367211,0.0,0.0
386,Device,ResourceApplyGradientDescent,SGD/SGD/update_63/ResourceApplyGradientDescent,2,8.192,4.096,8.192,4.096,8.941391427637434e-05,0.9880834020509975,0.0,0.0
387,Device,ResourceApplyGradientDescent,SGD/SGD/update_72/ResourceApplyGradientDescent,2,8.192,4.096,8.192,4.096,8.941391427637434e-05,0.988172815965274,0.0,0.0
388,Device,ResourceApplyGradientDescent,SGD/SGD/update_81/ResourceApplyGradientDescent,2,8.192,4.096,8.192,4.096,8.941391427637434e-05,0.9882622298795504,0.0,0.0
389,Device,ResourceApplyGradientDescent,SGD/SGD/update_96/ResourceApplyGradientDescent,2,8.192,4.096,8.192,4.096,8.941391427637434e-05,0.9883516437938268,0.0,0.0
390,Device,AddN,SGD/gradients/AddN,2,8.192,4.096,8.192,4.096,8.941391427637434e-05,0.9884410577081032,0.0,0.0
391,Device,AddN,SGD/gradients/AddN_1,2,8.192,4.096,8.192,4.096,8.941391427637434e-05,0.9885304716223796,0.0,0.0
392,Device,Relu6,mobilenetv2_1.00_128/block_13_depthwise_relu/Relu6,2,8.192,4.096,8.192,4.096,8.941391427637434e-05,0.988619885536656,0.0,0.0
393,Device,ResourceApplyGradientDescent,SGD/SGD/update_121/ResourceApplyGradientDescent,2,7.169,3.5845,7.169,3.5845,7.824808977628511e-05,0.9886981336264323,0.0,0.0
394,Device,ResourceApplyGradientDescent,SGD/SGD/update_138/ResourceApplyGradientDescent,2,7.169,3.5845,7.169,3.5845,7.824808977628511e-05,0.9887763817162086,0.0,0.0
395,Device,ResourceApplyGradientDescent,SGD/SGD/update_146/ResourceApplyGradientDescent,2,7.169,3.5845,7.169,3.5845,7.824808977628511e-05,0.9888546298059849,0.0,0.0
396,Device,ResourceApplyGradientDescent,SGD/SGD/update_5/ResourceApplyGradientDescent,2,7.169,3.5845,7.169,3.5845,7.824808977628511e-05,0.9889328778957612,0.0,0.0
397,Device,ResourceApplyGradientDescent,SGD/SGD/update_83/ResourceApplyGradientDescent,2,7.169,3.5845,7.169,3.5845,7.824808977628511e-05,0.9890111259855375,0.0,0.0
398,Device,Equal,Equal,2,7.168,3.584,7.168,3.584,7.823717499182755e-05,0.9890893631605293,0.0,0.0
399,Device,ResourceApplyGradientDescent,SGD/SGD/update_102/ResourceApplyGradientDescent,2,7.168,3.584,7.168,3.584,7.823717499182755e-05,0.9891676003355211,0.0,0.0
400,Device,ResourceApplyGradientDescent,SGD/SGD/update_106/ResourceApplyGradientDescent,2,7.168,3.584,7.168,3.584,7.823717499182755e-05,0.9892458375105129,0.0,0.0
401,Device,ResourceApplyGradientDescent,SGD/SGD/update_128/ResourceApplyGradientDescent,2,7.168,3.584,7.168,3.584,7.823717499182755e-05,0.9893240746855047,0.0,0.0
402,Device,ResourceApplyGradientDescent,SGD/SGD/update_130/ResourceApplyGradientDescent,2,7.168,3.584,7.168,3.584,7.823717499182755e-05,0.9894023118604964,0.0,0.0
403,Device,ResourceApplyGradientDescent,SGD/SGD/update_137/ResourceApplyGradientDescent,2,7.168,3.584,7.168,3.584,7.823717499182755e-05,0.9894805490354882,0.0,0.0
404,Device,ResourceApplyGradientDescent,SGD/SGD/update_14/ResourceApplyGradientDescent,2,7.168,3.584,7.168,3.584,7.823717499182755e-05,0.98955878621048,0.0,0.0
405,Device,ResourceApplyGradientDescent,SGD/SGD/update_141/ResourceApplyGradientDescent,2,7.168,3.584,7.168,3.584,7.823717499182755e-05,0.9896370233854718,0.0,0.0
406,Device,ResourceApplyGradientDescent,SGD/SGD/update_147/ResourceApplyGradientDescent,2,7.168,3.584,7.168,3.584,7.823717499182755e-05,0.9897152605604636,0.0,0.0
407,Device,ResourceApplyGradientDescent,SGD/SGD/update_15/ResourceApplyGradientDescent,2,7.168,3.584,7.168,3.584,7.823717499182755e-05,0.9897934977354553,0.0,0.0
408,Device,ResourceApplyGradientDescent,SGD/SGD/update_154/ResourceApplyGradientDescent,2,7.168,3.584,7.168,3.584,7.823717499182755e-05,0.9898717349104471,0.0,0.0
409,Device,ResourceApplyGradientDescent,SGD/SGD/update_156/ResourceApplyGradientDescent,2,7.168,3.584,7.168,3.584,7.823717499182755e-05,0.9899499720854389,0.0,0.0
410,Device,ResourceApplyGradientDescent,SGD/SGD/update_18/ResourceApplyGradientDescent,2,7.168,3.584,7.168,3.584,7.823717499182755e-05,0.9900282092604307,0.0,0.0
411,Device,ResourceApplyGradientDescent,SGD/SGD/update_2/ResourceApplyGradientDescent,2,7.168,3.584,7.168,3.584,7.823717499182755e-05,0.9901064464354224,0.0,0.0
412,Device,ResourceApplyGradientDescent,SGD/SGD/update_3/ResourceApplyGradientDescent,2,7.168,3.584,7.168,3.584,7.823717499182755e-05,0.9901846836104142,0.0,0.0
413,Device,ResourceApplyGradientDescent,SGD/SGD/update_33/ResourceApplyGradientDescent,2,7.168,3.584,7.168,3.584,7.823717499182755e-05,0.990262920785406,0.0,0.0
414,Device,ResourceApplyGradientDescent,SGD/SGD/update_35/ResourceApplyGradientDescent,2,7.168,3.584,7.168,3.584,7.823717499182755e-05,0.9903411579603978,0.0,0.0
415,Device,ResourceApplyGradientDescent,SGD/SGD/update_36/ResourceApplyGradientDescent,2,7.168,3.584,7.168,3.584,7.823717499182755e-05,0.9904193951353896,0.0,0.0
416,Device,ResourceApplyGradientDescent,SGD/SGD/update_37/ResourceApplyGradientDescent,2,7.168,3.584,7.168,3.584,7.823717499182755e-05,0.9904976323103813,0.0,0.0
417,Device,ResourceApplyGradientDescent,SGD/SGD/update_40/ResourceApplyGradientDescent,2,7.168,3.584,7.168,3.584,7.823717499182755e-05,0.9905758694853731,0.0,0.0
418,Device,ResourceApplyGradientDescent,SGD/SGD/update_42/ResourceApplyGradientDescent,2,7.168,3.584,7.168,3.584,7.823717499182755e-05,0.9906541066603649,0.0,0.0
419,Device,ResourceApplyGradientDescent,SGD/SGD/update_50/ResourceApplyGradientDescent,2,7.168,3.584,7.168,3.584,7.823717499182755e-05,0.9907323438353567,0.0,0.0
420,Device,ResourceApplyGradientDescent,SGD/SGD/update_55/ResourceApplyGradientDescent,2,7.168,3.584,7.168,3.584,7.823717499182755e-05,0.9908105810103485,0.0,0.0
421,Device,ResourceApplyGradientDescent,SGD/SGD/update_6/ResourceApplyGradientDescent,2,7.168,3.584,7.168,3.584,7.823717499182755e-05,0.9908888181853402,0.0,0.0
422,Device,ResourceApplyGradientDescent,SGD/SGD/update_62/ResourceApplyGradientDescent,2,7.168,3.584,7.168,3.584,7.823717499182755e-05,0.990967055360332,0.0,0.0
423,Device,ResourceApplyGradientDescent,SGD/SGD/update_66/ResourceApplyGradientDescent,2,7.168,3.584,7.168,3.584,7.823717499182755e-05,0.9910452925353238,0.0,0.0
424,Device,ResourceApplyGradientDescent,SGD/SGD/update_67/ResourceApplyGradientDescent,2,7.168,3.584,7.168,3.584,7.823717499182755e-05,0.9911235297103156,0.0,0.0
425,Device,ResourceApplyGradientDescent,SGD/SGD/update_69/ResourceApplyGradientDescent,2,7.168,3.584,7.168,3.584,7.823717499182755e-05,0.9912017668853074,0.0,0.0
426,Device,ResourceApplyGradientDescent,SGD/SGD/update_75/ResourceApplyGradientDescent,2,7.168,3.584,7.168,3.584,7.823717499182755e-05,0.9912800040602991,0.0,0.0
427,Device,ResourceApplyGradientDescent,SGD/SGD/update_78/ResourceApplyGradientDescent,2,7.168,3.584,7.168,3.584,7.823717499182755e-05,0.9913582412352909,0.0,0.0
428,Device,ResourceApplyGradientDescent,SGD/SGD/update_9/ResourceApplyGradientDescent,2,7.168,3.584,7.168,3.584,7.823717499182755e-05,0.9914364784102827,0.0,0.0
429,Device,ResourceApplyGradientDescent,SGD/SGD/update_90/ResourceApplyGradientDescent,2,7.168,3.584,7.168,3.584,7.823717499182755e-05,0.9915147155852745,0.0,0.0
430,Device,ResourceApplyGradientDescent,SGD/SGD/update_93/ResourceApplyGradientDescent,2,7.168,3.584,7.168,3.584,7.823717499182755e-05,0.9915929527602663,0.0,0.0
431,Device,AddV2,mobilenetv2_1.00_128/block_14_add/add,2,7.168,3.584,7.168,3.584,7.823717499182755e-05,0.991671189935258,0.0,0.0
432,Device,ResourceApplyGradientDescent,SGD/SGD/update_124/ResourceApplyGradientDescent,2,6.145,3.0725,6.145,3.0725,6.707135049173832e-05,0.9917382612857498,0.0,0.0
433,Device,ResourceApplyGradientDescent,SGD/SGD/update_31/ResourceApplyGradientDescent,2,6.145,3.0725,6.145,3.0725,6.707135049173832e-05,0.9918053326362416,0.0,0.0
434,Device,ResourceApplyGradientDescent,SGD/SGD/update_60/ResourceApplyGradientDescent,2,6.145,3.0725,6.145,3.0725,6.707135049173832e-05,0.9918724039867334,0.0,0.0
435,Device,DivNoNan,gradient_tape/categorical_crossentropy/weighted_loss/value/div_no_nan,2,6.145,3.0725,6.145,3.0725,6.707135049173832e-05,0.9919394753372252,0.0,0.0
436,Device,AssignAddVariableOp,AssignAddVariableOp_2,2,6.144,3.072,6.144,3.072,6.706043570728076e-05,0.9920065357729324,0.0,0.0
437,Device,Cast,Cast,2,6.144,3.072,6.144,3.072,6.706043570728076e-05,0.9920735962086397,0.0,0.0
438,Device,Cast,Cast_1,2,6.144,3.072,6.144,3.072,6.706043570728076e-05,0.9921406566443469,0.0,0.0
439,Device,Mul,Mul,2,6.144,3.072,6.144,3.072,6.706043570728076e-05,0.9922077170800542,0.0,0.0
440,Device,ResourceApplyGradientDescent,SGD/SGD/update/ResourceApplyGradientDescent,2,6.144,3.072,6.144,3.072,6.706043570728076e-05,0.9922747775157614,0.0,0.0
441,Device,ResourceApplyGradientDescent,SGD/SGD/update_1/ResourceApplyGradientDescent,2,6.144,3.072,6.144,3.072,6.706043570728076e-05,0.9923418379514687,0.0,0.0
442,Device,ResourceApplyGradientDescent,SGD/SGD/update_10/ResourceApplyGradientDescent,2,6.144,3.072,6.144,3.072,6.706043570728076e-05,0.9924088983871759,0.0,0.0
443,Device,ResourceApplyGradientDescent,SGD/SGD/update_100/ResourceApplyGradientDescent,2,6.144,3.072,6.144,3.072,6.706043570728076e-05,0.9924759588228832,0.0,0.0
444,Device,ResourceApplyGradientDescent,SGD/SGD/update_101/ResourceApplyGradientDescent,2,6.144,3.072,6.144,3.072,6.706043570728076e-05,0.9925430192585905,0.0,0.0
445,Device,ResourceApplyGradientDescent,SGD/SGD/update_104/ResourceApplyGradientDescent,2,6.144,3.072,6.144,3.072,6.706043570728076e-05,0.9926100796942977,0.0,0.0
446,Device,ResourceApplyGradientDescent,SGD/SGD/update_107/ResourceApplyGradientDescent,2,6.144,3.072,6.144,3.072,6.706043570728076e-05,0.992677140130005,0.0,0.0
447,Device,ResourceApplyGradientDescent,SGD/SGD/update_109/ResourceApplyGradientDescent,2,6.144,3.072,6.144,3.072,6.706043570728076e-05,0.9927442005657122,0.0,0.0
448,Device,ResourceApplyGradientDescent,SGD/SGD/update_11/ResourceApplyGradientDescent,2,6.144,3.072,6.144,3.072,6.706043570728076e-05,0.9928112610014195,0.0,0.0
449,Device,ResourceApplyGradientDescent,SGD/SGD/update_110/ResourceApplyGradientDescent,2,6.144,3.072,6.144,3.072,6.706043570728076e-05,0.9928783214371267,0.0,0.0
450,Device,ResourceApplyGradientDescent,SGD/SGD/update_111/ResourceApplyGradientDescent,2,6.144,3.072,6.144,3.072,6.706043570728076e-05,0.992945381872834,0.0,0.0
451,Device,ResourceApplyGradientDescent,SGD/SGD/update_112/ResourceApplyGradientDescent,2,6.144,3.072,6.144,3.072,6.706043570728076e-05,0.9930124423085412,0.0,0.0
452,Device,ResourceApplyGradientDescent,SGD/SGD/update_113/ResourceApplyGradientDescent,2,6.144,3.072,6.144,3.072,6.706043570728076e-05,0.9930795027442485,0.0,0.0
453,Device,ResourceApplyGradientDescent,SGD/SGD/update_115/ResourceApplyGradientDescent,2,6.144,3.072,6.144,3.072,6.706043570728076e-05,0.9931465631799558,0.0,0.0
454,Device,ResourceApplyGradientDescent,SGD/SGD/update_116/ResourceApplyGradientDescent,2,6.144,3.072,6.144,3.072,6.706043570728076e-05,0.993213623615663,0.0,0.0
455,Device,ResourceApplyGradientDescent,SGD/SGD/update_118/ResourceApplyGradientDescent,2,6.144,3.072,6.144,3.072,6.706043570728076e-05,0.9932806840513703,0.0,0.0
456,Device,ResourceApplyGradientDescent,SGD/SGD/update_119/ResourceApplyGradientDescent,2,6.144,3.072,6.144,3.072,6.706043570728076e-05,0.9933477444870775,0.0,0.0
457,Device,ResourceApplyGradientDescent,SGD/SGD/update_12/ResourceApplyGradientDescent,2,6.144,3.072,6.144,3.072,6.706043570728076e-05,0.9934148049227848,0.0,0.0
458,Device,ResourceApplyGradientDescent,SGD/SGD/update_122/ResourceApplyGradientDescent,2,6.144,3.072,6.144,3.072,6.706043570728076e-05,0.993481865358492,0.0,0.0
459,Device,ResourceApplyGradientDescent,SGD/SGD/update_125/ResourceApplyGradientDescent,2,6.144,3.072,6.144,3.072,6.706043570728076e-05,0.9935489257941993,0.0,0.0
460,Device,ResourceApplyGradientDescent,SGD/SGD/update_127/ResourceApplyGradientDescent,2,6.144,3.072,6.144,3.072,6.706043570728076e-05,0.9936159862299065,0.0,0.0
461,Device,ResourceApplyGradientDescent,SGD/SGD/update_129/ResourceApplyGradientDescent,2,6.144,3.072,6.144,3.072,6.706043570728076e-05,0.9936830466656138,0.0,0.0
462,Device,ResourceApplyGradientDescent,SGD/SGD/update_13/ResourceApplyGradientDescent,2,6.144,3.072,6.144,3.072,6.706043570728076e-05,0.9937501071013211,0.0,0.0
463,Device,ResourceApplyGradientDescent,SGD/SGD/update_131/ResourceApplyGradientDescent,2,6.144,3.072,6.144,3.072,6.706043570728076e-05,0.9938171675370283,0.0,0.0
464,Device,ResourceApplyGradientDescent,SGD/SGD/update_132/ResourceApplyGradientDescent,2,6.144,3.072,6.144,3.072,6.706043570728076e-05,0.9938842279727356,0.0,0.0
465,Device,ResourceApplyGradientDescent,SGD/SGD/update_133/ResourceApplyGradientDescent,2,6.144,3.072,6.144,3.072,6.706043570728076e-05,0.9939512884084428,0.0,0.0
466,Device,ResourceApplyGradientDescent,SGD/SGD/update_134/ResourceApplyGradientDescent,2,6.144,3.072,6.144,3.072,6.706043570728076e-05,0.9940183488441501,0.0,0.0
467,Device,ResourceApplyGradientDescent,SGD/SGD/update_136/ResourceApplyGradientDescent,2,6.144,3.072,6.144,3.072,6.706043570728076e-05,0.9940854092798573,0.0,0.0
468,Device,ResourceApplyGradientDescent,SGD/SGD/update_139/ResourceApplyGradientDescent,2,6.144,3.072,6.144,3.072,6.706043570728076e-05,0.9941524697155646,0.0,0.0
469,Device,ResourceApplyGradientDescent,SGD/SGD/update_140/ResourceApplyGradientDescent,2,6.144,3.072,6.144,3.072,6.706043570728076e-05,0.9942195301512718,0.0,0.0
470,Device,ResourceApplyGradientDescent,SGD/SGD/update_142/ResourceApplyGradientDescent,2,6.144,3.072,6.144,3.072,6.706043570728076e-05,0.9942865905869791,0.0,0.0
471,Device,ResourceApplyGradientDescent,SGD/SGD/update_143/ResourceApplyGradientDescent,2,6.144,3.072,6.144,3.072,6.706043570728076e-05,0.9943536510226864,0.0,0.0
472,Device,ResourceApplyGradientDescent,SGD/SGD/update_145/ResourceApplyGradientDescent,2,6.144,3.072,6.144,3.072,6.706043570728076e-05,0.9944207114583936,0.0,0.0
473,Device,ResourceApplyGradientDescent,SGD/SGD/update_148/ResourceApplyGradientDescent,2,6.144,3.072,6.144,3.072,6.706043570728076e-05,0.9944877718941009,0.0,0.0
474,Device,ResourceApplyGradientDescent,SGD/SGD/update_149/ResourceApplyGradientDescent,2,6.144,3.072,6.144,3.072,6.706043570728076e-05,0.9945548323298081,0.0,0.0
475,Device,ResourceApplyGradientDescent,SGD/SGD/update_151/ResourceApplyGradientDescent,2,6.144,3.072,6.144,3.072,6.706043570728076e-05,0.9946218927655154,0.0,0.0
476,Device,ResourceApplyGradientDescent,SGD/SGD/update_152/ResourceApplyGradientDescent,2,6.144,3.072,6.144,3.072,6.706043570728076e-05,0.9946889532012226,0.0,0.0
477,Device,ResourceApplyGradientDescent,SGD/SGD/update_155/ResourceApplyGradientDescent,2,6.144,3.072,6.144,3.072,6.706043570728076e-05,0.9947560136369299,0.0,0.0
478,Device,ResourceApplyGradientDescent,SGD/SGD/update_157/ResourceApplyGradientDescent,2,6.144,3.072,6.144,3.072,6.706043570728076e-05,0.9948230740726371,0.0,0.0
479,Device,ResourceApplyGradientDescent,SGD/SGD/update_16/ResourceApplyGradientDescent,2,6.144,3.072,6.144,3.072,6.706043570728076e-05,0.9948901345083444,0.0,0.0
480,Device,ResourceApplyGradientDescent,SGD/SGD/update_17/ResourceApplyGradientDescent,2,6.144,3.072,6.144,3.072,6.706043570728076e-05,0.9949571949440517,0.0,0.0
481,Device,ResourceApplyGradientDescent,SGD/SGD/update_19/ResourceApplyGradientDescent,2,6.144,3.072,6.144,3.072,6.706043570728076e-05,0.9950242553797589,0.0,0.0
482,Device,ResourceApplyGradientDescent,SGD/SGD/update_20/ResourceApplyGradientDescent,2,6.144,3.072,6.144,3.072,6.706043570728076e-05,0.9950913158154662,0.0,0.0
483,Device,ResourceApplyGradientDescent,SGD/SGD/update_21/ResourceApplyGradientDescent,2,6.144,3.072,6.144,3.072,6.706043570728076e-05,0.9951583762511734,0.0,0.0
484,Device,ResourceApplyGradientDescent,SGD/SGD/update_22/ResourceApplyGradientDescent,2,6.144,3.072,6.144,3.072,6.706043570728076e-05,0.9952254366868807,0.0,0.0
485,Device,ResourceApplyGradientDescent,SGD/SGD/update_23/ResourceApplyGradientDescent,2,6.144,3.072,6.144,3.072,6.706043570728076e-05,0.9952924971225879,0.0,0.0
486,Device,ResourceApplyGradientDescent,SGD/SGD/update_24/ResourceApplyGradientDescent,2,6.144,3.072,6.144,3.072,6.706043570728076e-05,0.9953595575582952,0.0,0.0
487,Device,ResourceApplyGradientDescent,SGD/SGD/update_25/ResourceApplyGradientDescent,2,6.144,3.072,6.144,3.072,6.706043570728076e-05,0.9954266179940024,0.0,0.0
488,Device,ResourceApplyGradientDescent,SGD/SGD/update_26/ResourceApplyGradientDescent,2,6.144,3.072,6.144,3.072,6.706043570728076e-05,0.9954936784297097,0.0,0.0
489,Device,ResourceApplyGradientDescent,SGD/SGD/update_29/ResourceApplyGradientDescent,2,6.144,3.072,6.144,3.072,6.706043570728076e-05,0.995560738865417,0.0,0.0
490,Device,ResourceApplyGradientDescent,SGD/SGD/update_30/ResourceApplyGradientDescent,2,6.144,3.072,6.144,3.072,6.706043570728076e-05,0.9956277993011242,0.0,0.0
491,Device,ResourceApplyGradientDescent,SGD/SGD/update_32/ResourceApplyGradientDescent,2,6.144,3.072,6.144,3.072,6.706043570728076e-05,0.9956948597368315,0.0,0.0
492,Device,ResourceApplyGradientDescent,SGD/SGD/update_38/ResourceApplyGradientDescent,2,6.144,3.072,6.144,3.072,6.706043570728076e-05,0.9957619201725387,0.0,0.0
493,Device,ResourceApplyGradientDescent,SGD/SGD/update_39/ResourceApplyGradientDescent,2,6.144,3.072,6.144,3.072,6.706043570728076e-05,0.995828980608246,0.0,0.0
494,Device,ResourceApplyGradientDescent,SGD/SGD/update_4/ResourceApplyGradientDescent,2,6.144,3.072,6.144,3.072,6.706043570728076e-05,0.9958960410439532,0.0,0.0
495,Device,ResourceApplyGradientDescent,SGD/SGD/update_41/ResourceApplyGradientDescent,2,6.144,3.072,6.144,3.072,6.706043570728076e-05,0.9959631014796605,0.0,0.0
496,Device,ResourceApplyGradientDescent,SGD/SGD/update_43/ResourceApplyGradientDescent,2,6.144,3.072,6.144,3.072,6.706043570728076e-05,0.9960301619153678,0.0,0.0
497,Device,ResourceApplyGradientDescent,SGD/SGD/update_44/ResourceApplyGradientDescent,2,6.144,3.072,6.144,3.072,6.706043570728076e-05,0.996097222351075,0.0,0.0
498,Device,ResourceApplyGradientDescent,SGD/SGD/update_45/ResourceApplyGradientDescent,2,6.144,3.072,6.144,3.072,6.706043570728076e-05,0.9961642827867823,0.0,0.0
499,Device,ResourceApplyGradientDescent,SGD/SGD/update_46/ResourceApplyGradientDescent,2,6.144,3.072,6.144,3.072,6.706043570728076e-05,0.9962313432224895,0.0,0.0
500,Device,ResourceApplyGradientDescent,SGD/SGD/update_47/ResourceApplyGradientDescent,2,6.144,3.072,6.144,3.072,6.706043570728076e-05,0.9962984036581968,0.0,0.0
501,Host,IDLE,IDLE,0,236614.742,0.0,236614.742,0.0,0.0,0.0,0.9927321014085747,0.9927321014085747
502,Host,GatherV2,GatherV2,2,1288.952,644.476,1288.952,644.476,0.0,0.0,0.0054078795630357855,0.9981399809716105
503,Host,Dataset,Iterator::Root::ParallelMapV2::Zip[1]::ForeverRepeat,2,100.202,50.101,96.072,48.036,0.0,0.0,0.0004030761466524541,0.998543057118263
504,Host,Dataset,Iterator::Root::ParallelMapV2,2,70.441,35.2205,70.441,35.2205,0.0,0.0,0.00029553966656617453,0.9988385967848291
505,Host,Dataset,Iterator::Root,2,117.942,58.971,47.501,23.7505,0.0,0.0,0.00019929344702034123,0.9990378902318494
506,Host,FlushSummaryWriter,FlushSummaryWriter,1,39.781,39.781,39.781,39.781,0.0,0.0,0.0001669036992045682,0.999204793931054
507,Host,IteratorGetNext,IteratorGetNext,2,38.161,19.0805,38.161,19.0805,0.0,0.0,0.00016010688683908215,0.9993649008178931
508,Host,LogicalAnd,LogicalAnd,1,31.681,31.681,31.681,31.681,0.0,0.0,0.00013291963737713797,0.9994978204552702
509,Host,GatherV2,GatherV2_1,2,30.961,15.4805,30.961,15.4805,0.0,0.0,0.00012989883188136637,0.9996277192871517
510,Host,Dataset,Iterator::Root::ParallelMapV2::Zip[0]::FlatMap[1]::Concatenate,2,41.92,20.96,21.37,10.685,0.0,0.0,8.965918533977584e-05,0.9997173784724914
511,Host,WriteSummary,WriteSummary,1,20.881,20.881,20.881,20.881,0.0,0.0,8.76075549405643e-05,0.999804986027432
512,Host,Dataset,Iterator::Root::ParallelMapV2::Zip[0]::FlatMap[1]::Concatenate[0]::TensorSlice,2,20.55,10.275,20.55,10.275,0.0,0.0,8.62188235251471e-05,0.9998912048509571
513,Host,Dataset,Iterator::Root::ParallelMapV2::Zip,2,154.853,77.4265,8.731,4.3655,0.0,0.0,3.6631462199418945e-05,0.9999278363131565
514,Host,ReadVariableOp,ReadVariableOp,1,6.37,6.37,6.37,6.37,0.0,0.0,2.6725737511201316e-05,0.9999545620506677
515,Host,Dataset,Iterator::Root::ParallelMapV2::Zip[1]::ForeverRepeat::FromTensor,4,4.13,1.0325,4.13,1.0325,0.0,0.0,1.732767596880085e-05,0.9999718897266365
516,Host,Dataset,Iterator::Root::ParallelMapV2::Zip[0]::FlatMap,2,45.92,22.96,4.0,2.0,0.0,0.0,1.6782252754286538e-05,0.9999886719793908
517,Host,Identity,Identity,2,2.7,1.35,2.7,1.35,0.0,0.0,1.1328020609143414e-05,0.9999999999999999
