Rank,Host/device,Type,Operation,#Occurrences,Total time (us),Avg. time (us),Total self-time (us),Avg. self-time (us),Total self-time on Device (%),Cumulative total-self time on Device (%),Total self-time on Host (%),Cumulative total-self time on Host (%)
1,Device,_Send,IteratorGetNext/_1,2,31087.712,15543.856,31087.712,15543.856,0.25363818290610485,0.25363818290610485,0.0,0.0
2,Device,Conv2DBackpropFilter,gradient_tape/sequential/conv2d/Conv2D/Conv2DBackpropFilter,2,19353.66,9676.83,19353.66,9676.83,0.15790249070058823,0.4115406736066931,0.0,0.0
3,Device,Conv2DBackpropInput,gradient_tape/sequential/conv2d_1/Conv2D/Conv2DBackpropInput,50,10604.575,212.09150000000002,10604.575,212.09150000000002,0.08652052404150898,0.4980611976482021,0.0,0.0
4,Device,_FusedConv2D,sequential/conv2d/Relu,2,10389.536,5194.768,10389.536,5194.768,0.08476606552060058,0.5828272631688027,0.0,0.0
5,Device,IDLE,IDLE,0,9501.244,0.0,9501.244,0.0,0.077518675658972,0.6603459388277747,0.0,0.0
6,Device,Conv2DBackpropFilter,gradient_tape/sequential/conv2d_1/Conv2D/Conv2DBackpropFilter,2,6542.357,3271.1785,6542.357,3271.1785,0.05337773141371856,0.7137236702414933,0.0,0.0
7,Device,MaxPoolGrad,gradient_tape/sequential/max_pooling2d/MaxPool/MaxPoolGrad,2,5782.546,2891.273,5782.546,2891.273,0.04717859133573307,0.7609022615772264,0.0,0.0
8,Device,ReluGrad,gradient_tape/sequential/conv2d/ReluGrad,2,5207.056,2603.528,5207.056,2603.528,0.04248328799914032,0.8033855495763668,0.0,0.0
9,Device,_FusedConv2D,sequential/conv2d_1/Relu,2,4510.734,2255.367,4510.734,2255.367,0.036802141480620575,0.8401876910569873,0.0,0.0
10,Device,MaxPoolGrad,gradient_tape/sequential/max_pooling2d_1/MaxPool/MaxPoolGrad,2,4474.894,2237.447,4474.894,2237.447,0.036509730367337144,0.8766974214243245,0.0,0.0
11,Device,ReluGrad,gradient_tape/sequential/conv2d_1/ReluGrad,2,3270.666,1635.333,3270.666,1635.333,0.026684684325844834,0.9033821057501693,0.0,0.0
12,Device,MaxPool,sequential/max_pooling2d/MaxPool,2,1979.398,989.699,1979.398,989.699,0.016149497009235615,0.9195316027594049,0.0,0.0
13,Device,Transpose,gradient_tape/sequential/conv2d/Conv2D/Conv2DBackpropFilter-0-TransposeNHWCToNCHW-LayoutOptimizer,2,1869.83,934.915,1869.83,934.915,0.01525555446291197,0.9347871572223169,0.0,0.0
14,Device,BiasAddGrad,gradient_tape/sequential/conv2d/BiasAdd/BiasAddGrad,2,1591.3,795.65,1591.3,795.65,0.012983086064953402,0.9477702432872702,0.0,0.0
15,Device,MaxPool,sequential/max_pooling2d_1/MaxPool,2,1296.388,648.194,1296.388,648.194,0.010576960332792566,0.9583472036200628,0.0,0.0
16,Device,BiasAddGrad,gradient_tape/sequential/conv2d_1/BiasAdd/BiasAddGrad,2,986.115,493.0575,986.115,493.0575,0.008045507393289464,0.9663927110133522,0.0,0.0
17,Device,MatMul,sequential/dense/MatMul,2,553.986,276.993,553.986,276.993,0.004519856668622683,0.9709125676819749,0.0,0.0
18,Device,Transpose,gradient_tape/sequential/max_pooling2d_1/MaxPool/MaxPoolGrad-2-TransposeNHWCToNCHW-LayoutOptimizer,2,537.602,268.801,537.602,268.801,0.004386183016835969,0.9752987506988109,0.0,0.0
19,Device,Transpose,sequential/max_pooling2d_1/MaxPool-0-2-TransposeNCHWToNHWC-LayoutOptimizer,2,496.64,248.32,496.64,248.32,0.00405198256978474,0.9793507332685957,0.0,0.0
20,Device,MatMul,gradient_tape/sequential/dense/MatMul/MatMul,2,483.33,241.665,483.33,241.665,0.003943389045292483,0.9832941223138881,0.0,0.0
21,Device,MatMul,gradient_tape/sequential/dense/MatMul/MatMul_1,2,389.12,194.56,389.12,194.56,0.003174749229934436,0.9864688715438226,0.0,0.0
22,Device,SoftmaxCrossEntropyWithLogits,categorical_crossentropy/softmax_cross_entropy_with_logits,6,382.979,63.82983333333333,382.979,63.82983333333333,0.003124646086891088,0.9895935176307137,0.0,0.0
23,Device,ResourceApplyGradientDescent,SGD/SGD/update_4/ResourceApplyGradientDescent,2,365.57,182.785,365.57,182.785,0.0029826096730754823,0.9925761273037892,0.0,0.0
24,Device,ArgMax,ArgMax,2,199.682,99.841,199.682,99.841,0.0016291639487350123,0.9942052912525242,0.0,0.0
25,Device,ArgMax,ArgMax_1,2,161.792,80.896,161.792,80.896,0.0013200273113937917,0.995525318563918,0.0,0.0
26,Device,_Send,IteratorGetNext/_3,2,156.673,78.3365,156.673,78.3365,0.0012782624540026673,0.9968035810179207,0.0,0.0
27,Device,MatMul,gradient_tape/sequential/dense_2/MatMul/MatMul,2,26.624,13.312,26.624,13.312,0.00021721968415340875,0.9970208007020741,0.0,0.0
28,Device,Softmax,sequential/dense_2/Softmax,2,26.624,13.312,26.624,13.312,0.00021721968415340875,0.9972380203862276,0.0,0.0
29,Device,MatMul,gradient_tape/sequential/dense_2/MatMul/MatMul_1,2,21.504,10.752,21.504,10.752,0.00017544666797006094,0.9974134670541976,0.0,0.0
30,Device,MatMul,gradient_tape/sequential/dense_1/MatMul/MatMul_1,2,18.432,9.216,18.432,9.216,0.0001503828582600522,0.9975638499124577,0.0,0.0
31,Device,MatMul,gradient_tape/sequential/dense_1/MatMul/MatMul,2,14.336,7.168,14.336,7.168,0.00011696444531337396,0.9976808143577711,0.0,0.0
32,Device,MatMul,sequential/dense_1/MatMul,2,14.336,7.168,14.336,7.168,0.00011696444531337396,0.9977977788030845,0.0,0.0
33,Device,MatMul,sequential/dense_2/MatMul,2,13.312,6.656,13.312,6.656,0.00010860984207670438,0.9979063886451612,0.0,0.0
34,Device,Mul,gradient_tape/categorical_crossentropy/softmax_cross_entropy_with_logits/mul,2,11.264,5.632,11.264,5.632,9.190063560336524e-05,0.9979982892807646,0.0,0.0
35,Device,BiasAddGrad,gradient_tape/sequential/dense_2/BiasAdd/BiasAddGrad,2,9.216,4.608,9.216,4.608,7.51914291300261e-05,0.9980734807098947,0.0,0.0
36,Device,BiasAdd,sequential/dense_2/BiasAdd,2,8.192,4.096,8.192,4.096,6.683682589335655e-05,0.998140317535788,0.0,0.0
37,Device,ResourceApplyGradientDescent,SGD/SGD/update_1/ResourceApplyGradientDescent,2,7.168,3.584,7.168,3.584,5.848222265668698e-05,0.9981987997584447,0.0,0.0
38,Device,ResourceApplyGradientDescent,SGD/SGD/update_2/ResourceApplyGradientDescent,2,7.168,3.584,7.168,3.584,5.848222265668698e-05,0.9982572819811014,0.0,0.0
39,Device,ResourceApplyGradientDescent,SGD/SGD/update_6/ResourceApplyGradientDescent,2,7.168,3.584,7.168,3.584,5.848222265668698e-05,0.9983157642037581,0.0,0.0
40,Device,ResourceApplyGradientDescent,SGD/SGD/update_8/ResourceApplyGradientDescent,2,7.168,3.584,7.168,3.584,5.848222265668698e-05,0.9983742464264148,0.0,0.0
41,Device,BiasAddGrad,gradient_tape/sequential/dense/BiasAdd/BiasAddGrad,2,7.168,3.584,7.168,3.584,5.848222265668698e-05,0.9984327286490715,0.0,0.0
42,Device,BiasAdd,sequential/dense/BiasAdd,2,7.168,3.584,7.168,3.584,5.848222265668698e-05,0.9984912108717282,0.0,0.0
43,Device,AssignAddVariableOp,AssignAddVariableOp_2,2,6.144,3.072,6.144,3.072,5.012761942001741e-05,0.9985413384911482,0.0,0.0
44,Device,AssignAddVariableOp,AssignAddVariableOp_3,2,6.144,3.072,6.144,3.072,5.012761942001741e-05,0.9985914661105683,0.0,0.0
45,Device,AssignAddVariableOp,AssignAddVariableOp_4,2,6.144,3.072,6.144,3.072,5.012761942001741e-05,0.9986415937299883,0.0,0.0
46,Device,Cast,Cast,2,6.144,3.072,6.144,3.072,5.012761942001741e-05,0.9986917213494083,0.0,0.0
47,Device,Cast,Cast_2,2,6.144,3.072,6.144,3.072,5.012761942001741e-05,0.9987418489688283,0.0,0.0
48,Device,Mul,Mul,2,6.144,3.072,6.144,3.072,5.012761942001741e-05,0.9987919765882484,0.0,0.0
49,Device,AssignAddVariableOp,SGD/SGD/AssignAddVariableOp,2,6.144,3.072,6.144,3.072,5.012761942001741e-05,0.9988421042076684,0.0,0.0
50,Device,ResourceApplyGradientDescent,SGD/SGD/update/ResourceApplyGradientDescent,2,6.144,3.072,6.144,3.072,5.012761942001741e-05,0.9988922318270884,0.0,0.0
51,Device,ResourceApplyGradientDescent,SGD/SGD/update_3/ResourceApplyGradientDescent,2,6.144,3.072,6.144,3.072,5.012761942001741e-05,0.9989423594465084,0.0,0.0
52,Device,ResourceApplyGradientDescent,SGD/SGD/update_5/ResourceApplyGradientDescent,2,6.144,3.072,6.144,3.072,5.012761942001741e-05,0.9989924870659285,0.0,0.0
53,Device,ResourceApplyGradientDescent,SGD/SGD/update_7/ResourceApplyGradientDescent,2,6.144,3.072,6.144,3.072,5.012761942001741e-05,0.9990426146853485,0.0,0.0
54,Device,ResourceApplyGradientDescent,SGD/SGD/update_9/ResourceApplyGradientDescent,2,6.144,3.072,6.144,3.072,5.012761942001741e-05,0.9990927423047685,0.0,0.0
55,Device,Sum,Sum_2,2,6.144,3.072,6.144,3.072,5.012761942001741e-05,0.9991428699241885,0.0,0.0
56,Device,Cast,categorical_crossentropy/weighted_loss/num_elements/Cast,2,6.144,3.072,6.144,3.072,5.012761942001741e-05,0.9991929975436086,0.0,0.0
57,Device,DivNoNan,categorical_crossentropy/weighted_loss/value,2,6.144,3.072,6.144,3.072,5.012761942001741e-05,0.9992431251630286,0.0,0.0
58,Device,DivNoNan,div_no_nan,2,6.144,3.072,6.144,3.072,5.012761942001741e-05,0.9992932527824486,0.0,0.0
59,Device,Tile,gradient_tape/categorical_crossentropy/weighted_loss/Tile_1,2,6.144,3.072,6.144,3.072,5.012761942001741e-05,0.9993433804018687,0.0,0.0
60,Device,BiasAddGrad,gradient_tape/sequential/dense_1/BiasAdd/BiasAddGrad,2,6.144,3.072,6.144,3.072,5.012761942001741e-05,0.9993935080212887,0.0,0.0
61,Device,BiasAdd,sequential/dense_1/BiasAdd,2,6.144,3.072,6.144,3.072,5.012761942001741e-05,0.9994436356407087,0.0,0.0
62,Device,AssignAddVariableOp,AssignAddVariableOp_1,2,5.12,2.56,5.12,2.56,4.177301618334784e-05,0.9994854086568921,0.0,0.0
63,Device,Cast,Cast_1,2,5.12,2.56,5.12,2.56,4.177301618334784e-05,0.9995271816730754,0.0,0.0
64,Device,Equal,Equal,2,5.12,2.56,5.12,2.56,4.177301618334784e-05,0.9995689546892588,0.0,0.0
65,Device,Sum,categorical_crossentropy/weighted_loss/Sum,2,5.12,2.56,5.12,2.56,4.177301618334784e-05,0.9996107277054421,0.0,0.0
66,Device,DivNoNan,div_no_nan_1,2,5.12,2.56,5.12,2.56,4.177301618334784e-05,0.9996525007216255,0.0,0.0
67,Device,DivNoNan,gradient_tape/categorical_crossentropy/weighted_loss/value/div_no_nan,2,5.12,2.56,5.12,2.56,4.177301618334784e-05,0.9996942737378088,0.0,0.0
68,Device,ReluGrad,gradient_tape/sequential/dense/ReluGrad,2,5.12,2.56,5.12,2.56,4.177301618334784e-05,0.9997360467539922,0.0,0.0
69,Device,Relu,sequential/dense/Relu,2,5.12,2.56,5.12,2.56,4.177301618334784e-05,0.9997778197701755,0.0,0.0
70,Device,Relu,sequential/dense_1/Relu,2,5.12,2.56,5.12,2.56,4.177301618334784e-05,0.9998195927863589,0.0,0.0
71,Device,_Recv,categorical_crossentropy/weighted_loss/num_elements/_14,2,4.544,2.272,4.544,2.272,3.7073551862721207e-05,0.9998566663382217,0.0,0.0
72,Device,AssignAddVariableOp,AssignAddVariableOp,2,4.096,2.048,4.096,2.048,3.3418412946678274e-05,0.9998900847511684,0.0,0.0
73,Device,ReluGrad,gradient_tape/sequential/dense_1/ReluGrad,2,4.096,2.048,4.096,2.048,3.3418412946678274e-05,0.999923503164115,0.0,0.0
74,Device,_Recv,strided_slice/_12,2,3.2,1.6,3.2,1.6,2.61081351145924e-05,0.9999496112992297,0.0,0.0
75,Device,_Recv,Size/_16,2,3.104,1.552,3.104,1.552,2.5324891061154628e-05,0.9999749361902908,0.0,0.0
76,Device,LogicalAnd,LogicalAnd,1,3.072,3.072,3.072,3.072,2.5063809710008705e-05,1.0000000000000007,0.0,0.0
77,Host,IDLE,IDLE,0,407072.322,0.0,407072.322,0.0,0.0,0.0,0.785117346697069,0.785117346697069
78,Host,GatherV2,GatherV2,1,47860.271,47860.271,47860.271,47860.271,0.0,0.0,0.09230774717157675,0.8774250938686458
79,Host,_Send,IteratorGetNext/_1,2,31582.375,15791.1875,31582.375,15791.1875,0.0,0.0,0.06091269074882434,0.9383377846174701
80,Host,_Send,IteratorGetNext/_3,2,15801.239,7900.6195,15801.239,7900.6195,0.0,0.0,0.030475731627379588,0.9688135162448497
81,Host,_Send,IteratorGetNext/_6,2,15554.114,7777.057,15554.114,7777.057,0.0,0.0,0.02999910348585118,0.9988126197307009
82,Host,GatherV2,GatherV2_1,1,230.964,230.964,230.964,230.964,0.0,0.0,0.0004454585415476659,0.9992580782722486
83,Host,Dataset,Iterator::Root::ParallelMapV2::Zip[0]::FlatMap[1]::Concatenate,2,63.841,31.9205,57.001,28.5005,0.0,0.0,0.00010993740291456029,0.9993680156751631
84,Host,IteratorGetNext,IteratorGetNext,2,41.101,20.5505,41.101,20.5505,0.0,0.0,7.927119168420454e-05,0.9994472868668473
85,Host,FlushSummaryWriter,FlushSummaryWriter,1,39.411,39.411,39.411,39.411,0.0,0.0,7.601170130814785e-05,0.9995232985681554
86,Host,Dataset,Iterator::Root::ParallelMapV2::Zip[1]::ForeverRepeat,2,42.93,21.465,38.74,19.37,0.0,0.0,7.471754862037624e-05,0.9995980161167758
87,Host,Dataset,Iterator::Root::ParallelMapV2::Zip[0]::FlatMap,2,99.812,49.906,35.081,17.5405,0.0,0.0,6.7660462652334e-05,0.9996656765794282
88,Host,Dataset,Iterator::Root::ParallelMapV2,2,33.79,16.895,33.79,16.895,0.0,0.0,6.517052059583153e-05,0.999730847100024
89,Host,LogicalAnd,LogicalAnd,1,29.28,29.28,29.28,29.28,0.0,0.0,5.647211728457967e-05,0.9997873192173086
90,Host,Dataset,Iterator::Root,2,61.681,30.8405,27.891,13.9455,0.0,0.0,5.379316336011651e-05,0.9998411123806686
91,Host,WriteSummary,WriteSummary,1,21.331,21.331,21.331,21.331,0.0,0.0,4.1140940361931995e-05,0.9998822533210305
92,Host,ReadVariableOp,ReadVariableOp,1,15.82,15.82,15.82,15.82,0.0,0.0,3.051191582793888e-05,0.9999127652368585
93,Host,_HostSend,categorical_crossentropy/softmax_cross_entropy_with_logits/Shape_2/_9,2,15.63,7.815,15.63,7.815,0.0,0.0,3.014546424719878e-05,0.9999429107011056
94,Host,Dataset,Iterator::Root::ParallelMapV2::Zip,2,157.272,78.636,14.53,7.265,0.0,0.0,2.8023902463966617e-05,0.9999709346035696
95,Host,Dataset,Iterator::Root::ParallelMapV2::Zip[0]::FlatMap[1]::Concatenate[1]::FromTensor,2,4.4,2.2,4.4,2.2,0.0,0.0,8.48624713292864e-06,0.9999794208507025
96,Host,Dataset,Iterator::Root::ParallelMapV2::Zip[1]::ForeverRepeat::FromTensor,4,4.19,1.0475,4.19,1.0475,0.0,0.0,8.081221701584318e-06,0.999987502072404
97,Host,Identity,Identity,2,3.15,1.575,3.15,1.575,0.0,0.0,6.075381470164821e-06,0.9999935774538742
98,Host,Dataset,Iterator::Root::ParallelMapV2::Zip[0]::FlatMap[1]::Concatenate[0]::TensorSlice,1,2.44,2.44,2.44,2.44,0.0,0.0,4.706009773714972e-06,0.9999982834636479
99,Host,Dataset,Iterator::Root::ParallelMapV2::Zip[0]::FlatMap::Prefetch,1,0.89,0.89,0.89,0.89,0.0,0.0,1.7165363518878384e-06,0.9999999999999998
