Rank,Host/device,Type,Operation,#Occurrences,Total time (us),Avg. time (us),Total self-time (us),Avg. self-time (us),Total self-time on Device (%),Cumulative total-self time on Device (%),Total self-time on Host (%),Cumulative total-self time on Host (%)
1,Device,DepthwiseConv2dNativeBackpropFilter,gradient_tape/efficientnetb0/block1a_dwconv/depthwise/DepthwiseConv2dNativeBackpropFilter,2,93061.357,46530.6785,93061.357,46530.6785,0.2181325543044104,0.2181325543044104,0.0,0.0
2,Device,DepthwiseConv2dNativeBackpropFilter,gradient_tape/efficientnetb0/block2a_dwconv/depthwise/DepthwiseConv2dNativeBackpropFilter,2,42127.467,21063.7335,42127.467,21063.7335,0.09874530395129265,0.316877858255703,0.0,0.0
3,Device,DepthwiseConv2dNativeBackpropFilter,gradient_tape/efficientnetb0/block2b_dwconv/depthwise/DepthwiseConv2dNativeBackpropFilter,2,28538.952,14269.476,28538.952,14269.476,0.066894301755464,0.38377216001116704,0.0,0.0
4,Device,IDLE,IDLE,0,13806.06,0.0,13806.06,0.0,0.03236092003988238,0.41613308005104943,0.0,0.0
5,Device,DepthwiseConv2dNativeBackpropFilter,gradient_tape/efficientnetb0/block3a_dwconv/depthwise/DepthwiseConv2dNativeBackpropFilter,2,11803.678,5901.839,11803.678,5901.839,0.02766740691656553,0.443800486967615,0.0,0.0
6,Device,FusedBatchNormGradV3,gradient_tape/efficientnetb0/block2a_expand_bn/FusedBatchNormGradV3,2,4110.346,2055.173,4110.346,2055.173,0.009634506748648807,0.4534349937162638,0.0,0.0
7,Device,Conv2DBackpropFilter,gradient_tape/efficientnetb0/block2a_expand_conv/Conv2D/Conv2DBackpropFilter,2,2557.96,1278.98,2557.96,1278.98,0.005995768454230789,0.45943076217049456,0.0,0.0
8,Device,FusedBatchNormV3,efficientnetb0/block2a_expand_bn/FusedBatchNormV3,4,2551.814,637.9535,2551.814,637.9535,0.005981362445958688,0.46541212461645326,0.0,0.0
9,Device,_Send,IteratorGetNext/_3,1,2477.734,2477.734,2477.734,2477.734,0.005807721526206457,0.4712198461426597,0.0,0.0
10,Device,Mul,SGD/gradients/mul_137,2,2464.774,1232.387,2464.774,1232.387,0.005777343741109414,0.47699718988376916,0.0,0.0
11,Device,Mul,efficientnetb0/block2a_expand_activation/mul,2,2463.75,1231.875,2463.75,1231.875,0.005774943521052364,0.4827721334048215,0.0,0.0
12,Device,Mul,SGD/gradients/mul_135,2,2460.678,1230.339,2460.678,1230.339,0.005767742860881213,0.4885398762657027,0.0,0.0
13,Device,Mul,SGD/gradients/mul_136,2,2460.678,1230.339,2460.678,1230.339,0.005767742860881213,0.49430761912658394,0.0,0.0
14,Device,_Recv,IteratorGetNext/_4,1,2406.406,2406.406,2406.406,2406.406,0.005640531197857549,0.4999481503244415,0.0,0.0
15,Device,DepthwiseConv2dNativeBackpropInput,gradient_tape/efficientnetb0/block2a_dwconv/depthwise/DepthwiseConv2dNativeBackpropInput,2,2360.326,1180.163,2360.326,1180.163,0.0055325212952902865,0.5054806716197318,0.0,0.0
16,Device,Slice,gradient_tape/efficientnetb0/block2a_dwconv_pad/Slice_1,2,1967.108,983.554,1967.108,983.554,0.0046108321054531805,0.510091503725185,0.0,0.0
17,Device,DepthwiseConv2dNativeBackpropFilter,gradient_tape/efficientnetb0/block6a_dwconv/depthwise/DepthwiseConv2dNativeBackpropFilter,2,1965.061,982.5305,1965.061,982.5305,0.00460603400930398,0.5146975377344889,0.0,0.0
18,Device,DepthwiseConv2dNativeBackpropFilter,gradient_tape/efficientnetb0/block4a_dwconv/depthwise/DepthwiseConv2dNativeBackpropFilter,2,1915.91,957.955,1915.91,957.955,0.004490825790530466,0.5191883635250194,0.0,0.0
19,Device,Pad,efficientnetb0/block2a_dwconv_pad/Pad,2,1802.245,901.1225,1802.245,901.1225,0.004224399020232986,0.5234127625452524,0.0,0.0
20,Device,Sigmoid,SGD/gradients/Sigmoid_45,2,1729.541,864.7705,1729.541,864.7705,0.004053983396182416,0.5274667459414348,0.0,0.0
21,Device,Sigmoid,efficientnetb0/block2a_expand_activation/Sigmoid,2,1726.469,863.2345,1726.469,863.2345,0.0040467827360112655,0.5315135286774461,0.0,0.0
22,Device,FusedBatchNormGradV3,gradient_tape/efficientnetb0/stem_bn/FusedBatchNormGradV3,2,1723.396,861.698,1723.396,861.698,0.004039579731875215,0.5355531084093212,0.0,0.0
23,Device,FusedBatchNormGradV3,gradient_tape/efficientnetb0/block1a_bn/FusedBatchNormGradV3,2,1722.372,861.186,1722.372,861.186,0.004037179511818164,0.5395902879211394,0.0,0.0
24,Device,Sub,SGD/gradients/sub_45,2,1648.645,824.3225,1648.645,824.3225,0.0038643660116754438,0.5434546539328148,0.0,0.0
25,Device,AddV2,SGD/gradients/add_45,2,1648.644,824.322,1648.644,824.322,0.0038643636677105444,0.5473190176005254,0.0,0.0
26,Device,FusedBatchNormGradV3,gradient_tape/efficientnetb0/block2b_bn/FusedBatchNormGradV3,2,1595.396,797.698,1595.396,797.698,0.00373955222474393,0.5510585698252694,0.0,0.0
27,Device,FusedBatchNormGradV3,gradient_tape/efficientnetb0/block2b_expand_bn/FusedBatchNormGradV3,2,1594.372,797.186,1594.372,797.186,0.00373715200468688,0.5547957218299562,0.0,0.0
28,Device,FusedBatchNormGradV3,gradient_tape/efficientnetb0/block3a_expand_bn/FusedBatchNormGradV3,2,1590.276,795.138,1590.276,795.138,0.0037275511244586786,0.5585232729544148,0.0,0.0
29,Device,FusedBatchNormGradV3,gradient_tape/efficientnetb0/block1a_project_bn/FusedBatchNormGradV3,2,1381.38,690.69,1381.38,690.69,0.0032379062328204223,0.5617611791872352,0.0,0.0
30,Device,DepthwiseConv2dNative,efficientnetb0/block2a_dwconv/depthwise,2,1354.755,677.3775,1354.755,677.3775,0.0031754981673722156,0.5649366773546074,0.0,0.0
31,Device,Conv2DBackpropInput,gradient_tape/efficientnetb0/block2a_expand_conv/Conv2D/Conv2DBackpropInput,2,1217.538,608.769,1217.538,608.769,0.002853866335762579,0.56779054369037,0.0,0.0
32,Device,Conv2DBackpropFilter,gradient_tape/efficientnetb0/block1a_project_conv/Conv2D/Conv2DBackpropFilter,2,1174.53,587.265,1174.53,587.265,0.002753057093366467,0.5705436007837364,0.0,0.0
33,Device,Conv2D,efficientnetb0/block2a_expand_conv/Conv2D,2,1166.339,583.1695,1166.339,583.1695,0.002733857676874964,0.5732774584606114,0.0,0.0
34,Device,Conv2DBackpropFilter,gradient_tape/efficientnetb0/block2b_project_conv/Conv2D/Conv2DBackpropFilter,2,1163.267,581.6335,1163.267,581.6335,0.0027266570167038136,0.5760041154773152,0.0,0.0
35,Device,DepthwiseConv2dNativeBackpropInput,gradient_tape/efficientnetb0/block2b_dwconv/depthwise/DepthwiseConv2dNativeBackpropInput,2,1135.619,567.8095,1135.619,567.8095,0.002661851075163456,0.5786659665524787,0.0,0.0
36,Device,DepthwiseConv2dNativeBackpropInput,gradient_tape/efficientnetb0/block3a_dwconv/depthwise/DepthwiseConv2dNativeBackpropInput,2,1125.378,562.689,1125.378,562.689,0.0026378465306280538,0.5813038130831067,0.0,0.0
37,Device,DepthwiseConv2dNative,efficientnetb0/block2b_dwconv/depthwise,2,1056.77,528.385,1056.77,528.385,0.002477031786805685,0.5837808448699124,0.0,0.0
38,Device,Conv2DBackpropFilter,gradient_tape/efficientnetb0/block3a_expand_conv/Conv2D/Conv2DBackpropFilter,2,1052.676,526.338,1052.676,526.338,0.002467435594507283,0.5862482804644197,0.0,0.0
39,Device,Conv2DBackpropFilter,gradient_tape/efficientnetb0/block2b_expand_conv/Conv2D/Conv2DBackpropFilter,2,1044.482,522.241,1044.482,522.241,0.002448229146121082,0.5886965096105408,0.0,0.0
40,Device,FusedBatchNormGradV3,gradient_tape/efficientnetb0/block2a_bn/FusedBatchNormGradV3,2,1042.436,521.218,1042.436,521.218,0.00244343339393678,0.5911399430044776,0.0,0.0
41,Device,Conv2DBackpropFilter,gradient_tape/efficientnetb0/stem_conv/Conv2D/Conv2DBackpropFilter,2,1038.339,519.1695,1038.339,519.1695,0.0024338301697436793,0.5935737731742212,0.0,0.0
42,Device,DepthwiseConv2dNativeBackpropInput,gradient_tape/efficientnetb0/block1a_dwconv/depthwise/DepthwiseConv2dNativeBackpropInput,2,1012.738,506.369,1012.738,506.369,0.0023738223243525234,0.5959475954985738,0.0,0.0
43,Device,DepthwiseConv2dNative,efficientnetb0/block1a_dwconv/depthwise,2,977.923,488.9615,977.923,488.9615,0.002292217186377713,0.5982398126849515,0.0,0.0
44,Device,FusedBatchNormV3,efficientnetb0/stem_bn/FusedBatchNormV3,4,975.875,243.96875,975.875,243.96875,0.0022874167462636126,0.6005272294312152,0.0,0.0
45,Device,FusedBatchNormV3,efficientnetb0/block1a_bn/FusedBatchNormV3,4,967.682,241.9205,967.682,241.9205,0.002268212641842311,0.6027954420730575,0.0,0.0
46,Device,AddN,SGD/gradients/AddN_21,2,964.612,482.306,964.612,482.306,0.002261016669600959,0.6050564587426585,0.0,0.0
47,Device,FusedBatchNormV3,efficientnetb0/block3a_expand_bn/FusedBatchNormV3,4,963.587,240.89675,963.587,240.89675,0.0022586141055790094,0.6073150728482375,0.0,0.0
48,Device,FusedBatchNormV3,efficientnetb0/block2b_bn/FusedBatchNormV3,4,960.515,240.12875,960.515,240.12875,0.0022514134454078585,0.6095664862936454,0.0,0.0
49,Device,FusedBatchNormV3,efficientnetb0/block2b_expand_bn/FusedBatchNormV3,4,960.514,240.1285,960.514,240.1285,0.002251411101442959,0.6118178973950884,0.0,0.0
50,Device,Mul,SGD/gradients/mul_126,2,934.915,467.4575,934.915,467.4575,0.0021914079439816015,0.61400930533907,0.0,0.0
51,Device,Mul,efficientnetb0/block2b_activation/mul,2,933.89,466.945,933.89,466.945,0.002189005379959652,0.6161983107190298,0.0,0.0
52,Device,Mul,gradient_tape/efficientnetb0/block2b_se_excite/mul/Mul_1,2,931.843,465.9215,931.843,465.9215,0.002184207283810451,0.6183825180028402,0.0,0.0
53,Device,Mul,SGD/gradients/mul_123,2,930.819,465.4095,930.819,465.4095,0.0021818070637534006,0.6205643250665935,0.0,0.0
54,Device,Mul,SGD/gradients/mul_118,2,930.818,465.409,930.818,465.409,0.002181804719788501,0.622746129786382,0.0,0.0
55,Device,Mul,SGD/gradients/mul_117,2,927.746,463.873,927.746,463.873,0.0021746040596173502,0.6249207338459993,0.0,0.0
56,Device,Mul,SGD/gradients/mul_119,2,926.722,463.361,926.722,463.361,0.0021722038395603,0.6270929376855596,0.0,0.0
57,Device,Mul,SGD/gradients/mul_127,2,924.675,462.3375,924.675,462.3375,0.0021674057434110986,0.6292603434289707,0.0,0.0
58,Device,Mul,efficientnetb0/block2b_expand_activation/mul,2,924.675,462.3375,924.675,462.3375,0.0021674057434110986,0.6314277491723819,0.0,0.0
59,Device,Mul,efficientnetb0/block3a_expand_activation/mul,2,924.675,462.3375,924.675,462.3375,0.0021674057434110986,0.633595154915793,0.0,0.0
60,Device,Mul,SGD/gradients/mul_124,2,924.674,462.337,924.674,462.337,0.0021674033994461992,0.6357625583152392,0.0,0.0
61,Device,Mul,SGD/gradients/mul_125,2,923.651,461.8255,923.651,461.8255,0.0021650055233540483,0.6379275638385933,0.0,0.0
62,Device,Mul,SGD/gradients/mul_128,2,920.578,460.289,920.578,460.289,0.0021578025192179984,0.6400853663578113,0.0,0.0
63,Device,DepthwiseConv2dNativeBackpropInput,gradient_tape/efficientnetb0/block3b_dwconv/depthwise/DepthwiseConv2dNativeBackpropInput,2,890.882,445.441,890.882,445.441,0.00208819613756354,0.6421735624953748,0.0,0.0
64,Device,AddN,SGD/gradients/AddN_24,2,860.162,430.081,860.162,430.081,0.002016189535852032,0.6441897520312269,0.0,0.0
65,Device,Conv2DBackpropFilter,gradient_tape/efficientnetb0/block2a_project_conv/Conv2D/Conv2DBackpropFilter,2,856.066,428.033,856.066,428.033,0.002006588655623831,0.6461963406868507,0.0,0.0
66,Device,DepthwiseConv2dNativeBackpropFilter,gradient_tape/efficientnetb0/block3b_dwconv/depthwise/DepthwiseConv2dNativeBackpropFilter,2,836.61,418.305,836.61,418.305,0.0019609844745398755,0.6481573251613906,0.0,0.0
67,Device,Mul,SGD/gradients/mul_145,2,829.442,414.721,829.442,414.721,0.0019441829341405236,0.6501015080955311,0.0,0.0
68,Device,Mul,SGD/gradients/mul_143,2,827.394,413.697,827.394,413.697,0.001939382494026423,0.6520408905895576,0.0,0.0
69,Device,Mul,SGD/gradients/mul_144,2,827.394,413.697,827.394,413.697,0.001939382494026423,0.6539802730835841,0.0,0.0
70,Device,Mul,SGD/gradients/mul_141,2,823.298,411.649,823.298,411.649,0.0019297816137982219,0.6559100546973823,0.0,0.0
71,Device,Mul,gradient_tape/efficientnetb0/block1a_se_excite/mul/Mul_1,2,823.298,411.649,823.298,411.649,0.0019297816137982219,0.6578398363111805,0.0,0.0
72,Device,Mul,SGD/gradients/mul_142,2,822.274,411.137,822.274,411.137,0.0019273813937411718,0.6597672177049216,0.0,0.0
73,Device,Mul,efficientnetb0/block1a_activation/mul,2,821.25,410.625,821.25,410.625,0.0019249811736841214,0.6616921988786058,0.0,0.0
74,Device,Mul,SGD/gradients/mul_146,2,819.202,409.601,819.202,409.601,0.0019201807335700208,0.6636123796121758,0.0,0.0
75,Device,Mul,efficientnetb0/stem_activation/mul,2,819.202,409.601,819.202,409.601,0.0019201807335700208,0.6655325603457458,0.0,0.0
76,Device,FusedBatchNormV3,efficientnetb0/block1a_project_bn/FusedBatchNormV3,4,751.618,187.9045,751.618,187.9045,0.0017617662098047026,0.6672943265555505,0.0,0.0
77,Device,Slice,gradient_tape/efficientnetb0/block3a_dwconv_pad/Slice_1,2,734.21,367.105,734.21,367.105,0.0017209624688348478,0.6690152890243853,0.0,0.0
78,Device,DepthwiseConv2dNative,efficientnetb0/block3a_dwconv/depthwise,2,723.97,361.985,723.97,361.985,0.0016969602682643452,0.6707122492926497,0.0,0.0
79,Device,Pad,efficientnetb0/block3a_dwconv_pad/Pad,2,704.513,352.2565,704.513,352.2565,0.0016513537432154904,0.6723636030358652,0.0,0.0
80,Device,FusedBatchNormGradV3,gradient_tape/efficientnetb0/block4a_expand_bn/FusedBatchNormGradV3,2,664.578,332.289,664.578,332.289,0.001557747504955429,0.6739213505408206,0.0,0.0
81,Device,FusedBatchNormGradV3,gradient_tape/efficientnetb0/block3b_bn/FusedBatchNormGradV3,2,664.577,332.2885,664.577,332.2885,0.0015577451609905294,0.6754790957018111,0.0,0.0
82,Device,FusedBatchNormGradV3,gradient_tape/efficientnetb0/block3b_expand_bn/FusedBatchNormGradV3,2,663.553,331.7765,663.553,331.7765,0.001555344940933479,0.6770344406427445,0.0,0.0
83,Device,Transpose,efficientnetb0/block2b_activation/mul-0-3-TransposeNCHWToNHWC-LayoutOptimizer,2,654.338,327.169,654.338,327.169,0.001533745304384926,0.6785681859471294,0.0,0.0
84,Device,Transpose,SGD/gradients/AddN_21-1-TransposeNHWCToNCHW-LayoutOptimizer,2,651.264,325.632,651.264,325.632,0.0015265399562839764,0.6800947259034134,0.0,0.0
85,Device,Sigmoid,efficientnetb0/block2b_activation/Sigmoid,2,649.218,324.609,649.218,324.609,0.0015217442040996747,0.681616470107513,0.0,0.0
86,Device,Sigmoid,efficientnetb0/block3a_expand_activation/Sigmoid,2,649.217,324.6085,649.217,324.6085,0.0015217418601347753,0.6831382119676478,0.0,0.0
87,Device,Sigmoid,SGD/gradients/Sigmoid_39,2,648.194,324.097,648.194,324.097,0.0015193439840426243,0.6846575559516904,0.0,0.0
88,Device,Sigmoid,SGD/gradients/Sigmoid_42,2,648.194,324.097,648.194,324.097,0.0015193439840426243,0.686176899935733,0.0,0.0
89,Device,Sigmoid,efficientnetb0/block2b_expand_activation/Sigmoid,2,647.169,323.5845,647.169,323.5845,0.0015169414200206747,0.6876938413557537,0.0,0.0
90,Device,Sigmoid,SGD/gradients/Sigmoid_41,2,646.145,323.0725,646.145,323.0725,0.0015145411999636245,0.6892083825557174,0.0,0.0
91,Device,AddN,SGD/gradients/AddN_23,2,644.097,322.0485,644.097,322.0485,0.0015097407598495239,0.6907181233155669,0.0,0.0
92,Device,Mul,gradient_tape/efficientnetb0/block2b_se_excite/mul/Mul,2,632.833,316.4165,632.833,316.4165,0.0014833383392219709,0.6922014616547889,0.0,0.0
93,Device,FusedBatchNormV3,efficientnetb0/block2a_bn/FusedBatchNormV3,4,631.81,157.9525,631.81,157.9525,0.00148094046312982,0.6936824021179188,0.0,0.0
94,Device,Mul,efficientnetb0/block2b_se_excite/mul,2,625.666,312.833,625.666,312.833,0.0014665391427875186,0.6951489412607063,0.0,0.0
95,Device,Mul,SGD/gradients/mul_132,2,624.641,312.3205,624.641,312.3205,0.0014641365787655687,0.6966130778394718,0.0,0.0
96,Device,AddV2,SGD/gradients/add_41,2,622.593,311.2965,622.593,311.2965,0.001459336138651468,0.6980724139781233,0.0,0.0
97,Device,Mul,SGD/gradients/mul_133,2,622.593,311.2965,622.593,311.2965,0.001459336138651468,0.6995317501167747,0.0,0.0
98,Device,Sub,SGD/gradients/sub_42,2,622.593,311.2965,622.593,311.2965,0.001459336138651468,0.7009910862554262,0.0,0.0
99,Device,Sub,SGD/gradients/sub_41,2,622.592,311.296,622.592,311.296,0.0014593337946865687,0.7024504200501127,0.0,0.0
100,Device,AddV2,SGD/gradients/add_39,2,621.57,310.785,621.57,310.785,0.0014569382625593175,0.703907358312672,0.0,0.0
101,Device,Sub,SGD/gradients/sub_39,2,621.57,310.785,621.57,310.785,0.0014569382625593175,0.7053642965752314,0.0,0.0
102,Device,AddV2,SGD/gradients/add_42,2,621.569,310.7845,621.569,310.7845,0.0014569359185944177,0.7068212324938258,0.0,0.0
103,Device,Mul,efficientnetb0/block2a_activation/mul,2,619.521,309.7605,619.521,309.7605,0.0014521354784803172,0.7082733679723061,0.0,0.0
104,Device,Mul,gradient_tape/efficientnetb0/block2a_se_excite/mul/Mul_1,2,619.521,309.7605,619.521,309.7605,0.0014521354784803172,0.7097255034507864,0.0,0.0
105,Device,Mul,SGD/gradients/mul_134,2,617.473,308.7365,617.473,308.7365,0.0014473350383662166,0.7111728384891527,0.0,0.0
106,Device,RealDiv,gradient_tape/efficientnetb0/block2b_se_squeeze/truediv,2,614.402,307.201,614.402,307.201,0.0014401367221599654,0.7126129752113126,0.0,0.0
107,Device,DepthwiseConv2dNativeBackpropInput,gradient_tape/efficientnetb0/block5b_dwconv/depthwise/DepthwiseConv2dNativeBackpropInput,2,614.402,307.201,614.402,307.201,0.0014401367221599654,0.7140531119334725,0.0,0.0
108,Device,DepthwiseConv2dNativeBackpropInput,gradient_tape/efficientnetb0/block5c_dwconv/depthwise/DepthwiseConv2dNativeBackpropInput,2,612.354,306.177,612.354,306.177,0.001435336282045865,0.7154884482155184,0.0,0.0
109,Device,DepthwiseConv2dNativeBackpropFilter,gradient_tape/efficientnetb0/block5b_dwconv/depthwise/DepthwiseConv2dNativeBackpropFilter,2,607.234,303.617,607.234,303.617,0.0014233351817606135,0.716911783397279,0.0,0.0
110,Device,DepthwiseConv2dNativeBackpropFilter,gradient_tape/efficientnetb0/block5c_dwconv/depthwise/DepthwiseConv2dNativeBackpropFilter,2,606.209,303.1045,606.209,303.1045,0.0014209326177386636,0.7183327160150177,0.0,0.0
111,Device,Sigmoid,efficientnetb0/block1a_activation/Sigmoid,2,577.538,288.769,577.538,288.769,0.0013537288001061554,0.7196864448151239,0.0,0.0
112,Device,Sigmoid,SGD/gradients/Sigmoid_47,2,576.514,288.257,576.514,288.257,0.001351328580049105,0.721037773395173,0.0,0.0
113,Device,Sigmoid,efficientnetb0/stem_activation/Sigmoid,2,576.513,288.2565,576.513,288.2565,0.0013513262360842057,0.7223890996312573,0.0,0.0
114,Device,Transpose,efficientnetb0/block1a_activation/mul-0-3-TransposeNCHWToNHWC-LayoutOptimizer,2,570.369,285.1845,570.369,285.1845,0.001336924915741904,0.7237260245469992,0.0,0.0
115,Device,Transpose,SGD/gradients/AddN_24-1-TransposeNHWCToNCHW-LayoutOptimizer,2,567.296,283.648,567.296,283.648,0.0013297219116058538,0.725055746458605,0.0,0.0
116,Device,Mul,gradient_tape/efficientnetb0/block1a_se_excite/mul/Mul,2,563.202,281.601,563.202,281.601,0.0013201257193074514,0.7263758721779124,0.0,0.0
117,Device,Sigmoid,SGD/gradients/Sigmoid_48,2,562.177,281.0885,562.177,281.0885,0.0013177231552855017,0.727693595333198,0.0,0.0
118,Device,Mul,efficientnetb0/block1a_se_excite/mul,2,556.034,278.017,556.034,278.017,0.0013033241789080995,0.7289969195121061,0.0,0.0
119,Device,AddV2,SGD/gradients/add_47,2,555.01,277.505,555.01,277.505,0.0013009239588510492,0.7302978434709572,0.0,0.0
120,Device,Sub,SGD/gradients/sub_47,2,555.01,277.505,555.01,277.505,0.0013009239588510492,0.7315987674298082,0.0,0.0
121,Device,AddV2,SGD/gradients/add_48,2,553.986,276.993,553.986,276.993,0.001298523738793999,0.7328972911686022,0.0,0.0
122,Device,Sub,SGD/gradients/sub_48,2,553.986,276.993,553.986,276.993,0.001298523738793999,0.7341958149073963,0.0,0.0
123,Device,Conv2DBackpropFilter,gradient_tape/efficientnetb0/block3b_project_conv/Conv2D/Conv2DBackpropFilter,4,550.913,137.72825,550.913,137.72825,0.0012913207346579487,0.7354871356420543,0.0,0.0
124,Device,RealDiv,gradient_tape/efficientnetb0/block1a_se_squeeze/truediv,2,547.842,273.921,547.842,273.921,0.0012841224184516973,0.7367712580605059,0.0,0.0
125,Device,Conv2D,efficientnetb0/block2b_expand_conv/Conv2D,2,512.001,256.0005,512.001,256.0005,0.001200112372490038,0.737971370432996,0.0,0.0
126,Device,Conv2D,efficientnetb0/block3a_expand_conv/Conv2D,2,508.929,254.4645,508.929,254.4645,0.0011929117123188873,0.7391642821453148,0.0,0.0
127,Device,Conv2DBackpropInput,gradient_tape/efficientnetb0/block2b_project_conv/Conv2D/Conv2DBackpropInput,2,503.81,251.905,503.81,251.905,0.0011809129559985354,0.7403451951013134,0.0,0.0
128,Device,Conv2DBackpropInput,gradient_tape/efficientnetb0/block2b_expand_conv/Conv2D/Conv2DBackpropInput,2,480.258,240.129,480.258,240.129,0.001125707894686379,0.7414709029959997,0.0,0.0
129,Device,Conv2DBackpropInput,gradient_tape/efficientnetb0/block3a_expand_conv/Conv2D/Conv2DBackpropInput,2,477.184,238.592,477.184,238.592,0.0011185025465854292,0.7425894055425851,0.0,0.0
130,Device,FusedBatchNormGradV3,gradient_tape/efficientnetb0/block5c_bn/FusedBatchNormGradV3,2,459.778,229.889,459.778,229.889,0.0010777034935453736,0.7436671090361305,0.0,0.0
131,Device,FusedBatchNormGradV3,gradient_tape/efficientnetb0/block5b_bn/FusedBatchNormGradV3,2,459.776,229.888,459.776,229.888,0.0010776988056155747,0.7447448078417461,0.0,0.0
132,Device,FusedBatchNormGradV3,gradient_tape/efficientnetb0/block6a_expand_bn/FusedBatchNormGradV3,2,457.728,228.864,457.728,228.864,0.001072898365501474,0.7458177062072476,0.0,0.0
133,Device,FusedBatchNormGradV3,gradient_tape/efficientnetb0/block5c_expand_bn/FusedBatchNormGradV3,2,454.658,227.329,454.658,227.329,0.0010657023932601221,0.7468834086005077,0.0,0.0
134,Device,Conv2DBackpropFilter,gradient_tape/efficientnetb0/block5b_project_conv/Conv2D/Conv2DBackpropFilter,4,454.657,113.66425,454.657,113.66425,0.0010657000492952226,0.7479491086498029,0.0,0.0
135,Device,FusedBatchNormGradV3,gradient_tape/efficientnetb0/block5b_expand_bn/FusedBatchNormGradV3,2,453.632,226.816,453.632,226.816,0.001063297485273273,0.7490124061350761,0.0,0.0
136,Device,Conv2DBackpropFilter,gradient_tape/efficientnetb0/block5c_project_conv/Conv2D/Conv2DBackpropFilter,4,450.562,112.6405,450.562,112.6405,0.001056101513031921,0.7500685076481081,0.0,0.0
137,Device,Conv2D,efficientnetb0/block1a_project_conv/Conv2D,2,445.441,222.7205,445.441,222.7205,0.00104409806878177,0.7511126057168899,0.0,0.0
138,Device,Conv2DBackpropInput,gradient_tape/efficientnetb0/block1a_project_conv/Conv2D/Conv2DBackpropInput,2,444.418,222.209,444.418,222.209,0.0010417001926896193,0.7521543059095794,0.0,0.0
139,Device,DepthwiseConv2dNativeBackpropInput,gradient_tape/efficientnetb0/block5a_dwconv/depthwise/DepthwiseConv2dNativeBackpropInput,2,436.225,218.1125,436.225,218.1125,0.0010224960882683177,0.7531768019978478,0.0,0.0
140,Device,DepthwiseConv2dNativeBackpropFilter,gradient_tape/efficientnetb0/block5a_dwconv/depthwise/DepthwiseConv2dNativeBackpropFilter,2,435.201,217.6005,435.201,217.6005,0.0010200958682112674,0.754196897866059,0.0,0.0
141,Device,Sigmoid,efficientnetb0/block2a_activation/Sigmoid,2,432.129,216.0645,432.129,216.0645,0.0010128952080401166,0.7552097930740992,0.0,0.0
142,Device,Conv2D,efficientnetb0/stem_conv/Conv2D,2,432.129,216.0645,432.129,216.0645,0.0010128952080401166,0.7562226882821393,0.0,0.0
143,Device,Transpose,efficientnetb0/block2a_activation/mul-0-3-TransposeNCHWToNHWC-LayoutOptimizer,2,431.106,215.553,431.106,215.553,0.0010104973319479656,0.7572331856140873,0.0,0.0
144,Device,Transpose,SGD/gradients/AddN_23-1-TransposeNHWCToNCHW-LayoutOptimizer,2,431.105,215.5525,431.105,215.5525,0.0010104949879830663,0.7582436806020704,0.0,0.0
145,Device,Sigmoid,SGD/gradients/Sigmoid_44,2,430.082,215.041,430.082,215.041,0.0010080971118909155,0.7592517777139612,0.0,0.0
146,Device,Conv2DBackpropFilter,gradient_tape/efficientnetb0/top_conv/Conv2D/Conv2DBackpropFilter,2,430.081,215.0405,430.081,215.0405,0.001008094767926016,0.7602598724818873,0.0,0.0
147,Device,DepthwiseConv2dNativeBackpropInput,gradient_tape/efficientnetb0/block6a_dwconv/depthwise/DepthwiseConv2dNativeBackpropInput,2,424.961,212.4805,424.961,212.4805,0.0009960936676407647,0.7612559661495281,0.0,0.0
148,Device,Mul,gradient_tape/efficientnetb0/block2a_se_excite/mul/Mul,2,421.89,210.945,421.89,210.945,0.0009888953514345133,0.7622448615009626,0.0,0.0
149,Device,Mul,efficientnetb0/block2a_se_excite/mul,2,418.818,209.409,418.818,209.409,0.0009816946912633623,0.763226556192226,0.0,0.0
150,Device,Sub,SGD/gradients/sub_44,2,417.793,208.8965,417.793,208.8965,0.0009792921272414126,0.7642058483194675,0.0,0.0
151,Device,AddV2,SGD/gradients/add_44,2,416.77,208.385,416.77,208.385,0.0009768942511492618,0.7651827425706167,0.0,0.0
152,Device,RealDiv,gradient_tape/efficientnetb0/block2a_se_squeeze/truediv,2,411.649,205.8245,411.649,205.8245,0.0009648908068991109,0.7661476333775158,0.0,0.0
153,Device,Conv2DBackpropFilter,gradient_tape/efficientnetb0/block4a_expand_conv/Conv2D/Conv2DBackpropFilter,2,410.625,205.3125,410.625,205.3125,0.0009624905868420607,0.7671101239643578,0.0,0.0
154,Device,DepthwiseConv2dNativeBackpropInput,gradient_tape/efficientnetb0/block4a_dwconv/depthwise/DepthwiseConv2dNativeBackpropInput,2,410.624,205.312,410.624,205.312,0.0009624882428771613,0.768072612207235,0.0,0.0
155,Device,Conv2DBackpropFilter,gradient_tape/efficientnetb0/block3b_expand_conv/Conv2D/Conv2DBackpropFilter,2,407.554,203.777,407.554,203.777,0.0009552922706358093,0.7690279044778708,0.0,0.0
156,Device,FusedBatchNormV3,efficientnetb0/block4a_expand_bn/FusedBatchNormV3,4,407.553,101.88825,407.553,101.88825,0.0009552899266709098,0.7699831944045418,0.0,0.0
157,Device,FusedBatchNormV3,efficientnetb0/block3b_bn/FusedBatchNormV3,4,406.53,101.6325,406.53,101.6325,0.000952892050578759,0.7709360864551206,0.0,0.0
158,Device,FusedBatchNormV3,efficientnetb0/block3b_expand_bn/FusedBatchNormV3,4,405.505,101.37625,405.505,101.37625,0.0009504894865568093,0.7718865759416774,0.0,0.0
159,Device,AddN,SGD/gradients/AddN_18,2,402.432,201.216,402.432,201.216,0.000943286482420759,0.7728298624240982,0.0,0.0
160,Device,DepthwiseConv2dNative,efficientnetb0/block3b_dwconv/depthwise,2,400.385,200.1925,400.385,200.1925,0.0009384883862715579,0.7737683508103698,0.0,0.0
161,Device,FusedBatchNormGradV3,gradient_tape/efficientnetb0/block2b_project_bn/FusedBatchNormGradV3,2,398.337,199.1685,398.337,199.1685,0.0009336879461574573,0.7747020387565272,0.0,0.0
162,Device,FusedBatchNormGradV3,gradient_tape/efficientnetb0/block3a_bn/FusedBatchNormGradV3,2,398.337,199.1685,398.337,199.1685,0.0009336879461574573,0.7756357267026847,0.0,0.0
163,Device,FusedBatchNormGradV3,gradient_tape/efficientnetb0/block2a_project_bn/FusedBatchNormGradV3,2,393.218,196.609,393.218,196.609,0.0009216891898371055,0.7765574158925218,0.0,0.0
164,Device,Mul,SGD/gradients/mul_108,2,392.193,196.0965,392.193,196.0965,0.0009192866258151556,0.777476702518337,0.0,0.0
165,Device,Mul,SGD/gradients/mul_107,2,391.17,195.585,391.17,195.585,0.000916888749723005,0.77839359126806,0.0,0.0
166,Device,Mul,SGD/gradients/mul_106,2,391.168,195.584,391.168,195.584,0.0009168840617932059,0.7793104753298532,0.0,0.0
167,Device,Mul,gradient_tape/efficientnetb0/block3b_se_excite/mul/Mul_1,2,390.144,195.072,390.144,195.072,0.0009144838417361557,0.7802249591715894,0.0,0.0
168,Device,Mul,SGD/gradients/mul_100,2,389.122,194.561,389.122,194.561,0.0009120883096089044,0.7811370474811983,0.0,0.0
169,Device,Mul,SGD/gradients/mul_109,2,389.121,194.5605,389.121,194.5605,0.0009120859656440048,0.7820491334468422,0.0,0.0
170,Device,Mul,SGD/gradients/mul_110,2,389.121,194.5605,389.121,194.5605,0.0009120859656440048,0.7829612194124862,0.0,0.0
171,Device,Mul,efficientnetb0/block3b_activation/mul,2,389.121,194.5605,389.121,194.5605,0.0009120859656440048,0.7838733053781302,0.0,0.0
172,Device,Mul,SGD/gradients/mul_105,2,388.097,194.0485,388.097,194.0485,0.0009096857455869545,0.7847829911237171,0.0,0.0
173,Device,Mul,SGD/gradients/mul_99,2,388.097,194.0485,388.097,194.0485,0.0009096857455869545,0.785692676869304,0.0,0.0
174,Device,Mul,efficientnetb0/block3b_expand_activation/mul,2,388.097,194.0485,388.097,194.0485,0.0009096857455869545,0.7866023626148909,0.0,0.0
175,Device,Mul,efficientnetb0/block4a_expand_activation/mul,2,388.097,194.0485,388.097,194.0485,0.0009096857455869545,0.7875120483604778,0.0,0.0
176,Device,Mul,SGD/gradients/mul_101,2,388.096,194.048,388.096,194.048,0.0009096834016220552,0.7884217317620998,0.0,0.0
177,Device,Conv2D,efficientnetb0/block2b_project_conv/Conv2D,2,385.025,192.5125,385.025,192.5125,0.0009024850854158037,0.7893242168475156,0.0,0.0
178,Device,Conv2DBackpropFilter,gradient_tape/efficientnetb0/block6a_expand_conv/Conv2D/Conv2DBackpropFilter,2,369.666,184.833,369.666,184.833,0.0008664841285249491,0.7901907009760406,0.0,0.0
179,Device,Conv2DBackpropFilter,gradient_tape/efficientnetb0/block5b_expand_conv/Conv2D/Conv2DBackpropFilter,2,368.642,184.321,368.642,184.321,0.0008640839084678988,0.7910547848845085,0.0,0.0
180,Device,Conv2DBackpropFilter,gradient_tape/efficientnetb0/block5c_expand_conv/Conv2D/Conv2DBackpropFilter,2,363.52,181.76,363.52,181.76,0.0008520781202528484,0.7919068630047614,0.0,0.0
181,Device,SoftmaxCrossEntropyWithLogits,categorical_crossentropy/softmax_cross_entropy_with_logits,2,344.064,172.032,344.064,172.032,0.0008064739391688932,0.7927133369439303,0.0,0.0
182,Device,Conv2DBackpropInput,gradient_tape/efficientnetb0/block2a_project_conv/Conv2D/Conv2DBackpropInput,2,340.992,170.496,340.992,170.496,0.0007992732789977424,0.7935126102229281,0.0,0.0
183,Device,FusedBatchNormGradV3,gradient_tape/efficientnetb0/block5a_bn/FusedBatchNormGradV3,2,334.848,167.424,334.848,167.424,0.0007848719586554408,0.7942974821815835,0.0,0.0
184,Device,FusedBatchNormGradV3,gradient_tape/efficientnetb0/block5a_expand_bn/FusedBatchNormGradV3,2,333.824,166.912,333.824,166.912,0.0007824717385983904,0.7950799539201818,0.0,0.0
185,Device,FusedBatchNormGradV3,gradient_tape/efficientnetb0/block4b_bn/FusedBatchNormGradV3,2,332.801,166.4005,332.801,166.4005,0.0007800738625062395,0.795860027782688,0.0,0.0
186,Device,FusedBatchNormGradV3,gradient_tape/efficientnetb0/block4b_expand_bn/FusedBatchNormGradV3,2,331.777,165.8885,331.777,165.8885,0.0007776736424491893,0.7966377014251372,0.0,0.0
187,Device,FusedBatchNormGradV3,gradient_tape/efficientnetb0/block4c_bn/FusedBatchNormGradV3,2,330.753,165.3765,330.753,165.3765,0.000775273422392139,0.7974129748475294,0.0,0.0
188,Device,FusedBatchNormGradV3,gradient_tape/efficientnetb0/block4c_expand_bn/FusedBatchNormGradV3,2,330.752,165.376,330.752,165.376,0.0007752710784272396,0.7981882459259566,0.0,0.0
189,Device,Conv2DBackpropFilter,gradient_tape/efficientnetb0/block5a_project_conv/Conv2D/Conv2DBackpropFilter,2,322.561,161.2805,322.561,161.2805,0.0007560716619357368,0.7989443175878923,0.0,0.0
190,Device,BroadcastTo,gradient_tape/efficientnetb0/block2b_se_squeeze/BroadcastTo,2,316.418,158.209,316.418,158.209,0.0007416726855583347,0.7996859902734507,0.0,0.0
191,Device,Mean,efficientnetb0/block2b_se_squeeze/Mean,2,312.32,156.16,312.32,156.16,0.0007320671174003346,0.800418057390851,0.0,0.0
192,Device,Sum,gradient_tape/efficientnetb0/block2b_se_excite/mul/Sum_1,2,312.32,156.16,312.32,156.16,0.0007320671174003346,0.8011501245082514,0.0,0.0
193,Device,Conv2DBackpropFilter,gradient_tape/efficientnetb0/block4b_project_conv/Conv2D/Conv2DBackpropFilter,2,311.297,155.6485,311.297,155.6485,0.0007296692413081839,0.8018797937495595,0.0,0.0
194,Device,Conv2DBackpropInput,gradient_tape/efficientnetb0/top_conv/Conv2D/Conv2DBackpropInput,2,310.273,155.1365,310.273,155.1365,0.0007272690212511336,0.8026070627708106,0.0,0.0
195,Device,Conv2DBackpropFilter,gradient_tape/efficientnetb0/block4c_project_conv/Conv2D/Conv2DBackpropFilter,2,308.224,154.112,308.224,154.112,0.0007224662371721334,0.8033295290079827,0.0,0.0
196,Device,Slice,gradient_tape/efficientnetb0/block4a_dwconv_pad/Slice_1,2,303.106,151.553,303.106,151.553,0.000710469824816681,0.8040399988327994,0.0,0.0
197,Device,DepthwiseConv2dNative,efficientnetb0/block5c_dwconv/depthwise,2,294.913,147.4565,294.913,147.4565,0.0006912657203953794,0.8047312645531948,0.0,0.0
198,Device,Pad,efficientnetb0/block4a_dwconv_pad/Pad,2,294.912,147.456,294.912,147.456,0.0006912633764304798,0.8054225279296252,0.0,0.0
199,Device,DepthwiseConv2dNative,efficientnetb0/block5b_dwconv/depthwise,2,293.889,146.9445,293.889,146.9445,0.0006888655003383291,0.8061113934299635,0.0,0.0
200,Device,DepthwiseConv2dNativeBackpropInput,gradient_tape/efficientnetb0/block6c_dwconv/depthwise/DepthwiseConv2dNativeBackpropInput,2,292.865,146.4325,292.865,146.4325,0.0006864652802812788,0.8067978587102448,0.0,0.0
201,Device,DepthwiseConv2dNativeBackpropInput,gradient_tape/efficientnetb0/block6b_dwconv/depthwise/DepthwiseConv2dNativeBackpropInput,2,291.841,145.9205,291.841,145.9205,0.0006840650602242286,0.807481923770469,0.0,0.0
202,Device,DepthwiseConv2dNativeBackpropInput,gradient_tape/efficientnetb0/block6d_dwconv/depthwise/DepthwiseConv2dNativeBackpropInput,2,291.841,145.9205,291.841,145.9205,0.0006840650602242286,0.8081659888306932,0.0,0.0
203,Device,Conv2DBackpropFilter,gradient_tape/efficientnetb0/block6b_project_conv/Conv2D/Conv2DBackpropFilter,4,285.698,71.4245,285.698,71.4245,0.0006696660838468263,0.80883565491454,0.0,0.0
204,Device,Conv2DBackpropFilter,gradient_tape/efficientnetb0/block7a_project_conv/Conv2D/Conv2DBackpropFilter,4,285.697,71.42425,285.697,71.42425,0.0006696637398819268,0.809505318654422,0.0,0.0
205,Device,Conv2D,efficientnetb0/block2a_project_conv/Conv2D,2,285.696,142.848,285.696,142.848,0.0006696613959170275,0.810174980050339,0.0,0.0
206,Device,AddN,SGD/gradients/AddN_10,2,284.673,142.3365,284.673,142.3365,0.0006672635198248766,0.8108422435701639,0.0,0.0
207,Device,AddN,SGD/gradients/AddN_8,2,284.673,142.3365,284.673,142.3365,0.0006672635198248766,0.8115095070899887,0.0,0.0
208,Device,Conv2DBackpropFilter,gradient_tape/efficientnetb0/block6c_project_conv/Conv2D/Conv2DBackpropFilter,4,283.648,70.912,283.648,70.912,0.0006648609558029269,0.8121743680457917,0.0,0.0
209,Device,Conv2DBackpropFilter,gradient_tape/efficientnetb0/block6d_project_conv/Conv2D/Conv2DBackpropFilter,4,281.602,70.4005,281.602,70.4005,0.0006600652036186252,0.8128344332494103,0.0,0.0
210,Device,Mean,efficientnetb0/block1a_se_squeeze/Mean,2,281.601,140.8005,281.601,140.8005,0.0006600628596537257,0.813494496109064,0.0,0.0
211,Device,Sum,gradient_tape/efficientnetb0/block1a_se_excite/mul/Sum_1,2,280.576,140.288,280.576,140.288,0.000657660295631776,0.8141521564046957,0.0,0.0
212,Device,BroadcastTo,gradient_tape/efficientnetb0/block1a_se_squeeze/BroadcastTo,2,279.553,139.7765,279.553,139.7765,0.0006552624195396251,0.8148074188242354,0.0,0.0
213,Device,Mul,SGD/gradients/mul_54,2,277.504,138.752,277.504,138.752,0.0006504596354606252,0.815457878459696,0.0,0.0
214,Device,Mul,SGD/gradients/mul_52,2,276.481,138.2405,276.481,138.2405,0.0006480617593684744,0.8161059402190645,0.0,0.0
215,Device,Mul,SGD/gradients/mul_64,2,276.481,138.2405,276.481,138.2405,0.0006480617593684744,0.816754001978433,0.0,0.0
216,Device,Mul,SGD/gradients/mul_47,2,275.458,137.729,275.458,137.729,0.0006456638832763236,0.8173996658617093,0.0,0.0
217,Device,Mul,SGD/gradients/mul_55,2,275.457,137.7285,275.457,137.7285,0.000645661539311424,0.8180453274010208,0.0,0.0
218,Device,Mul,SGD/gradients/mul_60,2,275.457,137.7285,275.457,137.7285,0.000645661539311424,0.8186909889403322,0.0,0.0
219,Device,Mul,SGD/gradients/mul_62,2,275.457,137.7285,275.457,137.7285,0.000645661539311424,0.8193366504796437,0.0,0.0
220,Device,Mul,SGD/gradients/mul_65,2,275.457,137.7285,275.457,137.7285,0.000645661539311424,0.8199823120189551,0.0,0.0
221,Device,Mul,efficientnetb0/block5c_activation/mul,2,275.457,137.7285,275.457,137.7285,0.000645661539311424,0.8206279735582666,0.0,0.0
222,Device,Conv2DBackpropFilter,gradient_tape/efficientnetb0/block3a_project_conv/Conv2D/Conv2DBackpropFilter,2,275.457,137.7285,275.457,137.7285,0.000645661539311424,0.821273635097578,0.0,0.0
223,Device,Mul,SGD/gradients/mul_46,2,275.456,137.728,275.456,137.728,0.0006456591953465247,0.8219192942929245,0.0,0.0
224,Device,Mul,SGD/gradients/mul_53,2,275.456,137.728,275.456,137.728,0.0006456591953465247,0.8225649534882711,0.0,0.0
225,Device,Mul,SGD/gradients/mul_45,2,274.433,137.2165,274.433,137.2165,0.0006432613192543738,0.8232082148075255,0.0,0.0
226,Device,Mul,SGD/gradients/mul_61,2,274.433,137.2165,274.433,137.2165,0.0006432613192543738,0.8238514761267799,0.0,0.0
227,Device,Mul,efficientnetb0/block5b_expand_activation/mul,2,274.433,137.2165,274.433,137.2165,0.0006432613192543738,0.8244947374460343,0.0,0.0
228,Device,Mul,efficientnetb0/block6a_expand_activation/mul,2,274.433,137.2165,274.433,137.2165,0.0006432613192543738,0.8251379987652887,0.0,0.0
229,Device,Mul,gradient_tape/efficientnetb0/block5b_se_excite/mul/Mul_1,2,274.433,137.2165,274.433,137.2165,0.0006432613192543738,0.8257812600845431,0.0,0.0
230,Device,Mul,efficientnetb0/block5b_activation/mul,2,274.432,137.216,274.432,137.216,0.0006432589752894744,0.8264245190598326,0.0,0.0
231,Device,Mul,SGD/gradients/mul_63,2,273.409,136.7045,273.409,136.7045,0.0006408610991973235,0.82706538015903,0.0,0.0
232,Device,Sigmoid,efficientnetb0/block4a_expand_activation/Sigmoid,2,273.409,136.7045,273.409,136.7045,0.0006408610991973235,0.8277062412582273,0.0,0.0
233,Device,Mul,gradient_tape/efficientnetb0/block5c_se_excite/mul/Mul_1,2,273.409,136.7045,273.409,136.7045,0.0006408610991973235,0.8283471023574247,0.0,0.0
234,Device,Mul,SGD/gradients/mul_51,2,273.408,136.704,273.408,136.704,0.0006408587552324241,0.8289879611126572,0.0,0.0
235,Device,Mul,SGD/gradients/mul_56,2,273.408,136.704,273.408,136.704,0.0006408587552324241,0.8296288198678896,0.0,0.0
236,Device,Sigmoid,efficientnetb0/block3b_activation/Sigmoid,2,273.408,136.704,273.408,136.704,0.0006408587552324241,0.8302696786231221,0.0,0.0
237,Device,Mul,efficientnetb0/block5c_expand_activation/mul,2,273.408,136.704,273.408,136.704,0.0006408587552324241,0.8309105373783545,0.0,0.0
238,Device,Transpose,efficientnetb0/block3b_activation/mul-0-3-TransposeNCHWToNHWC-LayoutOptimizer,2,272.385,136.1925,272.385,136.1925,0.0006384608791402733,0.8315489982574948,0.0,0.0
239,Device,Transpose,SGD/gradients/AddN_18-1-TransposeNHWCToNCHW-LayoutOptimizer,2,271.361,135.6805,271.361,135.6805,0.0006360606590832229,0.832185058916578,0.0,0.0
240,Device,Sigmoid,SGD/gradients/Sigmoid_35,2,271.361,135.6805,271.361,135.6805,0.0006360606590832229,0.8328211195756612,0.0,0.0
241,Device,Sigmoid,SGD/gradients/Sigmoid_33,2,271.36,135.68,271.36,135.68,0.0006360583151183236,0.8334571778907796,0.0,0.0
242,Device,Mul,gradient_tape/efficientnetb0/block3b_se_excite/mul/Mul,2,270.337,135.1685,270.337,135.1685,0.0006336604390261727,0.8340908383298057,0.0,0.0
243,Device,Sigmoid,SGD/gradients/Sigmoid_36,2,270.336,135.168,270.336,135.168,0.0006336580950612732,0.8347244964248669,0.0,0.0
244,Device,Sigmoid,efficientnetb0/block3b_expand_activation/Sigmoid,2,270.336,135.168,270.336,135.168,0.0006336580950612732,0.8353581545199281,0.0,0.0
245,Device,Sub,SGD/gradients/sub_33,2,266.241,133.1205,266.241,133.1205,0.0006240595587979716,0.8359822140787261,0.0,0.0
246,Device,Conv2D,efficientnetb0/block7a_project_conv/Conv2D,2,265.217,132.6085,265.217,132.6085,0.0006216593387409213,0.836603873417467,0.0,0.0
247,Device,AddV2,SGD/gradients/add_33,2,264.192,132.096,264.192,132.096,0.0006192567747189716,0.837223130192186,0.0,0.0
248,Device,AddV2,SGD/gradients/add_35,2,263.169,131.5845,263.169,131.5845,0.0006168588986268207,0.8378399890908128,0.0,0.0
249,Device,Sub,SGD/gradients/sub_35,2,263.169,131.5845,263.169,131.5845,0.0006168588986268207,0.8384568479894396,0.0,0.0
250,Device,AddV2,SGD/gradients/add_36,2,262.145,131.0725,262.145,131.0725,0.0006144586785697704,0.8390713066680094,0.0,0.0
251,Device,RealDiv,gradient_tape/efficientnetb0/block3b_se_squeeze/truediv,2,261.121,130.5605,261.121,130.5605,0.0006120584585127202,0.8396833651265222,0.0,0.0
252,Device,Sub,SGD/gradients/sub_36,2,260.097,130.0485,260.097,130.0485,0.0006096582384556698,0.8402930233649779,0.0,0.0
253,Device,Mul,efficientnetb0/block3b_se_excite/mul,2,260.097,130.0485,260.097,130.0485,0.0006096582384556698,0.8409026816034336,0.0,0.0
254,Device,Conv2DBackpropFilter,gradient_tape/efficientnetb0/block6c_expand_conv/Conv2D/Conv2DBackpropFilter,2,257.025,128.5125,257.025,128.5125,0.000602457578284519,0.8415051391817181,0.0,0.0
255,Device,Conv2DBackpropFilter,gradient_tape/efficientnetb0/block7a_expand_conv/Conv2D/Conv2DBackpropFilter,2,257.025,128.5125,257.025,128.5125,0.000602457578284519,0.8421075967600026,0.0,0.0
256,Device,Conv2DBackpropFilter,gradient_tape/efficientnetb0/block6b_expand_conv/Conv2D/Conv2DBackpropFilter,2,253.952,126.976,253.952,126.976,0.0005952545741484688,0.842702851334151,0.0,0.0
257,Device,Conv2DBackpropFilter,gradient_tape/efficientnetb0/block6d_expand_conv/Conv2D/Conv2DBackpropFilter,2,253.952,126.976,253.952,126.976,0.0005952545741484688,0.8432981059082995,0.0,0.0
258,Device,Pad,efficientnetb0/block6a_dwconv_pad/Pad,2,249.856,124.928,249.856,124.928,0.0005856536939202677,0.8438837596022197,0.0,0.0
259,Device,Conv2DBackpropInput,gradient_tape/efficientnetb0/block3b_project_conv/Conv2D/Conv2DBackpropInput,2,247.809,123.9045,247.809,123.9045,0.0005808555977710666,0.8444646151999908,0.0,0.0
260,Device,DepthwiseConv2dNativeBackpropInput,gradient_tape/efficientnetb0/block4b_dwconv/depthwise/DepthwiseConv2dNativeBackpropInput,2,247.809,123.9045,247.809,123.9045,0.0005808555977710666,0.8450454707977619,0.0,0.0
261,Device,Conv2D,efficientnetb0/block3b_expand_conv/Conv2D,2,247.808,123.904,247.808,123.904,0.0005808532538061672,0.8456263240515681,0.0,0.0
262,Device,DepthwiseConv2dNativeBackpropInput,gradient_tape/efficientnetb0/block4c_dwconv/depthwise/DepthwiseConv2dNativeBackpropInput,2,247.808,123.904,247.808,123.904,0.0005808532538061672,0.8462071773053743,0.0,0.0
263,Device,Conv2DBackpropInput,gradient_tape/efficientnetb0/block7a_project_conv/Conv2D/Conv2DBackpropInput,2,247.808,123.904,247.808,123.904,0.0005808532538061672,0.8467880305591805,0.0,0.0
264,Device,Conv2D,efficientnetb0/block4a_expand_conv/Conv2D,2,246.785,123.3925,246.785,123.3925,0.0005784553777140163,0.8473664859368946,0.0,0.0
265,Device,Conv2DBackpropInput,gradient_tape/efficientnetb0/block6c_expand_conv/Conv2D/Conv2DBackpropInput,4,246.784,61.696,246.784,61.696,0.0005784530337491168,0.8479449389706437,0.0,0.0
266,Device,AddN,SGD/gradients/AddN_20,2,245.761,122.8805,245.761,122.8805,0.0005760551576569661,0.8485209941283007,0.0,0.0
267,Device,Conv2DBackpropInput,gradient_tape/efficientnetb0/block6b_expand_conv/Conv2D/Conv2DBackpropInput,4,245.761,61.44025,245.761,61.44025,0.0005760551576569661,0.8490970492859578,0.0,0.0
268,Device,Transpose,gradient_tape/efficientnetb0/stem_conv/Conv2D/Conv2DBackpropFilter-0-TransposeNHWCToNCHW-LayoutOptimizer,2,245.761,122.8805,245.761,122.8805,0.0005760551576569661,0.8496731044436148,0.0,0.0
269,Device,Conv2DBackpropInput,gradient_tape/efficientnetb0/block7a_expand_conv/Conv2D/Conv2DBackpropInput,4,245.76,61.44,245.76,61.44,0.0005760528136920666,0.8502491572573069,0.0,0.0
270,Device,Conv2DBackpropInput,gradient_tape/efficientnetb0/block6d_expand_conv/Conv2D/Conv2DBackpropInput,4,244.737,61.18425,244.737,61.18425,0.0005736549375999157,0.8508228121949067,0.0,0.0
271,Device,FusedBatchNormV3,efficientnetb0/block3a_bn/FusedBatchNormV3,4,240.641,60.16025,240.641,60.16025,0.0005640540573717146,0.8513868662522784,0.0,0.0
272,Device,DepthwiseConv2dNative,efficientnetb0/block6a_dwconv/depthwise,2,239.617,119.8085,239.617,119.8085,0.0005616538373146644,0.8519485200895931,0.0,0.0
273,Device,Pad,efficientnetb0/stem_conv_pad/Pad,2,237.568,118.784,237.568,118.784,0.0005568510532356644,0.8525053711428288,0.0,0.0
274,Device,Mul,gradient_tape/efficientnetb0/block3a_se_excite/mul/Mul_1,2,236.545,118.2725,236.545,118.2725,0.0005544531771435135,0.8530598243199723,0.0,0.0
275,Device,Mul,SGD/gradients/mul_115,2,236.544,118.272,236.544,118.272,0.000554450833178614,0.8536142751531509,0.0,0.0
276,Device,Mul,SGD/gradients/mul_114,2,235.521,117.7605,235.521,117.7605,0.0005520529570864632,0.8541663281102374,0.0,0.0
277,Device,Mul,efficientnetb0/block3a_activation/mul,2,235.521,117.7605,235.521,117.7605,0.0005520529570864632,0.8547183810673239,0.0,0.0
278,Device,Conv2D,efficientnetb0/block5b_expand_conv/Conv2D,2,235.52,117.76,235.52,117.76,0.0005520506131215638,0.8552704316804455,0.0,0.0
279,Device,Mul,SGD/gradients/mul_116,2,234.497,117.2485,234.497,117.2485,0.0005496527370294131,0.8558200844174749,0.0,0.0
280,Device,Conv2DBackpropInput,gradient_tape/efficientnetb0/block5c_project_conv/Conv2D/Conv2DBackpropInput,2,234.496,117.248,234.496,117.248,0.0005496503930645135,0.8563697348105395,0.0,0.0
281,Device,Conv2D,efficientnetb0/block6a_expand_conv/Conv2D,2,233.473,116.7365,233.473,116.7365,0.0005472525169723627,0.8569169873275119,0.0,0.0
282,Device,Conv2DBackpropInput,gradient_tape/efficientnetb0/block5b_project_conv/Conv2D/Conv2DBackpropInput,2,233.473,116.7365,233.473,116.7365,0.0005472525169723627,0.8574642398444843,0.0,0.0
283,Device,Conv2DBackpropInput,gradient_tape/efficientnetb0/block3b_expand_conv/Conv2D/Conv2DBackpropInput,2,233.472,116.736,233.472,116.736,0.0005472501730074633,0.8580114900174918,0.0,0.0
284,Device,Conv2D,efficientnetb0/block5c_expand_conv/Conv2D,2,232.448,116.224,232.448,116.224,0.0005448499529504129,0.8585563399704422,0.0,0.0
285,Device,Slice,gradient_tape/efficientnetb0/block6a_dwconv_pad/Slice_1,2,229.377,114.6885,229.377,114.6885,0.0005376516367441616,0.8590939916071864,0.0,0.0
286,Device,FusedBatchNormV3,efficientnetb0/block2a_project_bn/FusedBatchNormV3,4,228.353,57.08825,228.353,57.08825,0.0005352514166871113,0.8596292430238734,0.0,0.0
287,Device,FusedBatchNormV3,efficientnetb0/block2b_project_bn/FusedBatchNormV3,4,228.353,57.08825,228.353,57.08825,0.0005352514166871113,0.8601644944405605,0.0,0.0
288,Device,Conv2D,efficientnetb0/top_conv/Conv2D,2,224.257,112.1285,224.257,112.1285,0.0005256505364589102,0.8606901449770195,0.0,0.0
289,Device,RealDiv,efficientnetb0/normalization/truediv,2,219.137,109.5685,219.137,109.5685,0.0005136494361736589,0.8612037944131932,0.0,0.0
290,Device,Conv2DBackpropInput,gradient_tape/efficientnetb0/block4a_expand_conv/Conv2D/Conv2DBackpropInput,2,219.137,109.5685,219.137,109.5685,0.0005136494361736589,0.8617174438493669,0.0,0.0
291,Device,Conv2DBackpropFilter,gradient_tape/efficientnetb0/block4c_expand_conv/Conv2D/Conv2DBackpropFilter,2,217.089,108.5445,217.089,108.5445,0.0005088489960595583,0.8622262928454264,0.0,0.0
292,Device,Conv2DBackpropFilter,gradient_tape/efficientnetb0/block5a_expand_conv/Conv2D/Conv2DBackpropFilter,2,217.089,108.5445,217.089,108.5445,0.0005088489960595583,0.8627351418414859,0.0,0.0
293,Device,Mean,efficientnetb0/block2a_se_squeeze/Mean,2,217.088,108.544,217.088,108.544,0.0005088466520946587,0.8632439884935805,0.0,0.0
294,Device,Sum,gradient_tape/efficientnetb0/block2a_se_excite/mul/Sum_1,2,216.065,108.0325,216.065,108.0325,0.000506448776002508,0.863750437269583,0.0,0.0
295,Device,DepthwiseConv2dNative,efficientnetb0/block4a_dwconv/depthwise,2,215.041,107.5205,215.041,107.5205,0.0005040485559454577,0.8642544858255284,0.0,0.0
296,Device,DepthwiseConv2dNativeBackpropFilter,gradient_tape/efficientnetb0/block6b_dwconv/depthwise/DepthwiseConv2dNativeBackpropFilter,2,215.041,107.5205,215.041,107.5205,0.0005040485559454577,0.8647585343814739,0.0,0.0
297,Device,DepthwiseConv2dNativeBackpropFilter,gradient_tape/efficientnetb0/block6d_dwconv/depthwise/DepthwiseConv2dNativeBackpropFilter,2,215.041,107.5205,215.041,107.5205,0.0005040485559454577,0.8652625829374193,0.0,0.0
298,Device,DepthwiseConv2dNativeBackpropFilter,gradient_tape/efficientnetb0/block6c_dwconv/depthwise/DepthwiseConv2dNativeBackpropFilter,2,215.04,107.52,215.04,107.52,0.0005040462119805582,0.8657666291493998,0.0,0.0
299,Device,Sub,efficientnetb0/normalization/sub,2,214.016,107.008,214.016,107.008,0.000501645991923508,0.8662682751413233,0.0,0.0
300,Device,Conv2DBackpropFilter,gradient_tape/efficientnetb0/block4b_expand_conv/Conv2D/Conv2DBackpropFilter,2,214.016,107.008,214.016,107.008,0.000501645991923508,0.8667699211332468,0.0,0.0
301,Device,DepthwiseConv2dNative,efficientnetb0/block5a_dwconv/depthwise,2,210.945,105.4725,210.945,105.4725,0.0004944476757172566,0.8672643688089641,0.0,0.0
302,Device,BroadcastTo,gradient_tape/efficientnetb0/block2a_se_squeeze/BroadcastTo,2,209.921,104.9605,209.921,104.9605,0.0004920474556602063,0.8677564162646243,0.0,0.0
303,Device,Conv2DBackpropInput,gradient_tape/efficientnetb0/block6a_expand_conv/Conv2D/Conv2DBackpropInput,2,209.92,104.96,209.92,104.96,0.0004920451116953068,0.8682484613763196,0.0,0.0
304,Device,Conv2D,efficientnetb0/block6d_project_conv/Conv2D,2,207.873,103.9365,207.873,103.9365,0.00048724701554610575,0.8687357083918658,0.0,0.0
305,Device,DepthwiseConv2dNativeBackpropFilter,gradient_tape/efficientnetb0/block4b_dwconv/depthwise/DepthwiseConv2dNativeBackpropFilter,2,207.872,103.936,207.872,103.936,0.00048724467158120635,0.869222953063447,0.0,0.0
306,Device,DepthwiseConv2dNativeBackpropFilter,gradient_tape/efficientnetb0/block4c_dwconv/depthwise/DepthwiseConv2dNativeBackpropFilter,2,206.849,103.4245,206.849,103.4245,0.00048484679548905547,0.8697077998589361,0.0,0.0
307,Device,Conv2DBackpropInput,gradient_tape/efficientnetb0/block5c_expand_conv/Conv2D/Conv2DBackpropInput,2,206.849,103.4245,206.849,103.4245,0.00048484679548905547,0.8701926466544252,0.0,0.0
308,Device,Conv2D,efficientnetb0/block5c_project_conv/Conv2D,2,204.801,102.4005,204.801,102.4005,0.0004800463553749549,0.8706726930098001,0.0,0.0
309,Device,Conv2DBackpropInput,gradient_tape/efficientnetb0/block5b_expand_conv/Conv2D/Conv2DBackpropInput,2,204.8,102.4,204.8,102.4,0.0004800440114100555,0.8711527370212102,0.0,0.0
310,Device,Conv2D,efficientnetb0/block6c_project_conv/Conv2D,2,203.777,101.8885,203.777,101.8885,0.00047764613531790464,0.8716303831565281,0.0,0.0
311,Device,Conv2D,efficientnetb0/block5b_project_conv/Conv2D,2,202.753,101.3765,202.753,101.3765,0.00047524591526085436,0.8721056290717889,0.0,0.0
312,Device,AddN,SGD/gradients/AddN_12,2,202.752,101.376,202.752,101.376,0.00047524357129595496,0.8725808726430848,0.0,0.0
313,Device,AddN,SGD/gradients/AddN_15,2,202.752,101.376,202.752,101.376,0.00047524357129595496,0.8730561162143807,0.0,0.0
314,Device,Conv2D,efficientnetb0/block6b_project_conv/Conv2D,2,202.752,101.376,202.752,101.376,0.00047524357129595496,0.8735313597856766,0.0,0.0
315,Device,Mul,efficientnetb0/rescaling/mul,2,201.729,100.8645,201.729,100.8645,0.00047284569520380414,0.8740042054808804,0.0,0.0
316,Device,AddN,SGD/gradients/AddN_13,2,201.728,100.864,201.728,100.864,0.0004728433512389047,0.8744770488321193,0.0,0.0
317,Device,Mul,efficientnetb0/block5a_expand_activation/mul,2,199.681,99.8405,199.681,99.8405,0.0004680452550897036,0.874945094087209,0.0,0.0
318,Device,Mul,SGD/gradients/mul_91,2,199.68,99.84,199.68,99.84,0.0004680429111248041,0.8754131369983338,0.0,0.0
319,Device,FusedBatchNormV3,efficientnetb0/block5c_expand_bn/FusedBatchNormV3,4,199.68,49.92,199.68,49.92,0.0004680429111248041,0.8758811799094586,0.0,0.0
320,Device,FusedBatchNormV3,efficientnetb0/block6a_expand_bn/FusedBatchNormV3,4,199.68,49.92,199.68,49.92,0.0004680429111248041,0.8763492228205834,0.0,0.0
321,Device,Mul,gradient_tape/efficientnetb0/block4b_se_excite/mul/Mul_1,2,199.68,99.84,199.68,99.84,0.0004680429111248041,0.8768172657317082,0.0,0.0
322,Device,Mul,SGD/gradients/mul_71,2,198.657,99.3285,198.657,99.3285,0.0004656450350326533,0.8772829107667408,0.0,0.0
323,Device,Mul,SGD/gradients/mul_78,2,198.657,99.3285,198.657,99.3285,0.0004656450350326533,0.8777485558017735,0.0,0.0
324,Device,Mul,SGD/gradients/mul_82,2,198.657,99.3285,198.657,99.3285,0.0004656450350326533,0.8782142008368061,0.0,0.0
325,Device,Mul,SGD/gradients/mul_88,2,198.657,99.3285,198.657,99.3285,0.0004656450350326533,0.8786798458718388,0.0,0.0
326,Device,Mul,efficientnetb0/block5a_activation/mul,2,198.657,99.3285,198.657,99.3285,0.0004656450350326533,0.8791454909068714,0.0,0.0
327,Device,Conv2DBackpropInput,gradient_tape/efficientnetb0/block5a_project_conv/Conv2D/Conv2DBackpropInput,2,198.657,99.3285,198.657,99.3285,0.0004656450350326533,0.8796111359419041,0.0,0.0
328,Device,Mul,gradient_tape/efficientnetb0/block5a_se_excite/mul/Mul_1,2,198.657,99.3285,198.657,99.3285,0.0004656450350326533,0.8800767809769368,0.0,0.0
329,Device,Mul,SGD/gradients/mul_69,2,198.656,99.328,198.656,99.328,0.0004656426910677538,0.8805424236680045,0.0,0.0
330,Device,Mul,efficientnetb0/block4b_expand_activation/mul,2,198.656,99.328,198.656,99.328,0.0004656426910677538,0.8810080663590723,0.0,0.0
331,Device,Mul,SGD/gradients/mul_83,2,197.633,98.8165,197.633,98.8165,0.00046324481497560303,0.8814713111740479,0.0,0.0
332,Device,FusedBatchNormV3,efficientnetb0/block5b_expand_bn/FusedBatchNormV3,4,197.633,49.40825,197.633,49.40825,0.00046324481497560303,0.8819345559890235,0.0,0.0
333,Device,Mul,SGD/gradients/mul_70,2,197.632,98.816,197.632,98.816,0.0004632424710107035,0.8823977984600342,0.0,0.0
334,Device,Mul,SGD/gradients/mul_72,2,197.632,98.816,197.632,98.816,0.0004632424710107035,0.8828610409310449,0.0,0.0
335,Device,Mul,efficientnetb0/block4b_activation/mul,2,197.632,98.816,197.632,98.816,0.0004632424710107035,0.8833242834020556,0.0,0.0
336,Device,FusedBatchNormV3,efficientnetb0/block5b_bn/FusedBatchNormV3,4,197.632,49.408,197.632,49.408,0.0004632424710107035,0.8837875258730663,0.0,0.0
337,Device,Mul,gradient_tape/efficientnetb0/block4c_se_excite/mul/Mul_1,2,197.632,98.816,197.632,98.816,0.0004632424710107035,0.884250768344077,0.0,0.0
338,Device,Mul,SGD/gradients/mul_73,2,196.609,98.3045,196.609,98.3045,0.00046084459491855276,0.8847116129389956,0.0,0.0
339,Device,Mul,SGD/gradients/mul_74,2,196.609,98.3045,196.609,98.3045,0.00046084459491855276,0.8851724575339142,0.0,0.0
340,Device,Mul,SGD/gradients/mul_80,2,196.609,98.3045,196.609,98.3045,0.00046084459491855276,0.8856333021288327,0.0,0.0
341,Device,Mul,SGD/gradients/mul_87,2,196.609,98.3045,196.609,98.3045,0.00046084459491855276,0.8860941467237513,0.0,0.0
342,Device,Mul,efficientnetb0/block4c_expand_activation/mul,2,196.609,98.3045,196.609,98.3045,0.00046084459491855276,0.8865549913186699,0.0,0.0
343,Device,FusedBatchNormV3,efficientnetb0/block5c_bn/FusedBatchNormV3,4,196.609,49.15225,196.609,49.15225,0.00046084459491855276,0.8870158359135885,0.0,0.0
344,Device,Mul,SGD/gradients/mul_79,2,196.608,98.304,196.608,98.304,0.00046084225095365325,0.8874766781645421,0.0,0.0
345,Device,Mul,SGD/gradients/mul_81,2,196.608,98.304,196.608,98.304,0.00046084225095365325,0.8879375204154958,0.0,0.0
346,Device,Mul,SGD/gradients/mul_89,2,196.608,98.304,196.608,98.304,0.00046084225095365325,0.8883983626664494,0.0,0.0
347,Device,Mul,SGD/gradients/mul_90,2,196.608,98.304,196.608,98.304,0.00046084225095365325,0.8888592049174031,0.0,0.0
348,Device,Mul,SGD/gradients/mul_92,2,196.608,98.304,196.608,98.304,0.00046084225095365325,0.8893200471683568,0.0,0.0
349,Device,Mul,efficientnetb0/block4c_activation/mul,2,196.608,98.304,196.608,98.304,0.00046084225095365325,0.8897808894193104,0.0,0.0
350,Device,Conv2DBackpropFilter,gradient_tape/efficientnetb0/block6a_project_conv/Conv2D/Conv2DBackpropFilter,4,195.585,48.89625,195.585,48.89625,0.0004584443748615025,0.890239333794172,0.0,0.0
351,Device,Sigmoid,SGD/gradients/Sigmoid_17,2,193.536,96.768,193.536,96.768,0.0004536415907825024,0.8906929753849545,0.0,0.0
352,Device,Sigmoid,efficientnetb0/block5b_activation/Sigmoid,2,192.513,96.2565,192.513,96.2565,0.0004512437146903516,0.8911442190996448,0.0,0.0
353,Device,Transpose,efficientnetb0/block5b_activation/mul-0-3-TransposeNCHWToNHWC-LayoutOptimizer,2,191.489,95.7445,191.489,95.7445,0.0004488434946333013,0.8915930625942781,0.0,0.0
354,Device,Sigmoid,efficientnetb0/block5c_expand_activation/Sigmoid,2,191.489,95.7445,191.489,95.7445,0.0004488434946333013,0.8920419060889113,0.0,0.0
355,Device,Sigmoid,efficientnetb0/block6a_expand_activation/Sigmoid,2,191.489,95.7445,191.489,95.7445,0.0004488434946333013,0.8924907495835446,0.0,0.0
356,Device,Sigmoid,SGD/gradients/Sigmoid_20,2,191.488,95.744,191.488,95.744,0.00044884115066840186,0.892939590734213,0.0,0.0
357,Device,Sigmoid,efficientnetb0/block5c_activation/Sigmoid,2,191.488,95.744,191.488,95.744,0.00044884115066840186,0.8933884318848815,0.0,0.0
358,Device,Sigmoid,SGD/gradients/Sigmoid_15,2,190.464,95.232,190.464,95.232,0.0004464409306113516,0.8938348728154928,0.0,0.0
359,Device,Sigmoid,SGD/gradients/Sigmoid_18,2,190.464,95.232,190.464,95.232,0.0004464409306113516,0.8942813137461041,0.0,0.0
360,Device,Sigmoid,SGD/gradients/Sigmoid_21,2,190.464,95.232,190.464,95.232,0.0004464409306113516,0.8947277546767154,0.0,0.0
361,Device,Sigmoid,efficientnetb0/block5b_expand_activation/Sigmoid,2,190.464,95.232,190.464,95.232,0.0004464409306113516,0.8951741956073267,0.0,0.0
362,Device,Mul,gradient_tape/efficientnetb0/block5b_se_excite/mul/Mul,2,190.464,95.232,190.464,95.232,0.0004464409306113516,0.895620636537938,0.0,0.0
363,Device,Mul,gradient_tape/efficientnetb0/block5c_se_excite/mul/Mul,2,189.441,94.7205,189.441,94.7205,0.00044404305451920076,0.8960646795924572,0.0,0.0
364,Device,Transpose,SGD/gradients/AddN_10-1-TransposeNHWCToNCHW-LayoutOptimizer,2,189.44,94.72,189.44,94.72,0.0004440407105543013,0.8965087203030114,0.0,0.0
365,Device,Transpose,efficientnetb0/block5c_activation/mul-0-3-TransposeNCHWToNHWC-LayoutOptimizer,2,189.44,94.72,189.44,94.72,0.0004440407105543013,0.8969527610135657,0.0,0.0
366,Device,Transpose,SGD/gradients/AddN_8-1-TransposeNHWCToNCHW-LayoutOptimizer,2,188.416,94.208,188.416,94.208,0.00044164049049725103,0.8973944015040629,0.0,0.0
367,Device,Sub,SGD/gradients/sub_15,2,187.393,93.6965,187.393,93.6965,0.0004392426144051002,0.897833644118468,0.0,0.0
368,Device,Sub,SGD/gradients/sub_21,2,187.393,93.6965,187.393,93.6965,0.0004392426144051002,0.8982728867328731,0.0,0.0
369,Device,AddV2,SGD/gradients/add_20,2,187.392,93.696,187.392,93.696,0.00043924027044020075,0.8987121270033133,0.0,0.0
370,Device,AddV2,SGD/gradients/add_21,2,187.392,93.696,187.392,93.696,0.00043924027044020075,0.8991513672737534,0.0,0.0
371,Device,Sub,SGD/gradients/sub_17,2,186.369,93.1845,186.369,93.1845,0.00043684239434804993,0.8995882096681015,0.0,0.0
372,Device,AddV2,SGD/gradients/add_15,2,186.368,93.184,186.368,93.184,0.0004368400503831505,0.9000250497184846,0.0,0.0
373,Device,AddV2,SGD/gradients/add_17,2,185.345,92.6725,185.345,92.6725,0.00043444217429099965,0.9004594918927756,0.0,0.0
374,Device,AddV2,SGD/gradients/add_18,2,185.345,92.6725,185.345,92.6725,0.00043444217429099965,0.9008939340670666,0.0,0.0
375,Device,Sub,SGD/gradients/sub_18,2,185.345,92.6725,185.345,92.6725,0.00043444217429099965,0.9013283762413576,0.0,0.0
376,Device,Sub,SGD/gradients/sub_20,2,185.345,92.6725,185.345,92.6725,0.00043444217429099965,0.9017628184156486,0.0,0.0
377,Device,RealDiv,gradient_tape/efficientnetb0/block5c_se_squeeze/truediv,2,184.321,92.1605,184.321,92.1605,0.0004320419542339494,0.9021948603698826,0.0,0.0
378,Device,RealDiv,gradient_tape/efficientnetb0/block5b_se_squeeze/truediv,2,184.32,92.16,184.32,92.16,0.0004320396102690499,0.9026268999801517,0.0,0.0
379,Device,Mul,efficientnetb0/block5b_se_excite/mul,2,183.297,91.6485,183.297,91.6485,0.0004296417341768991,0.9030565417143286,0.0,0.0
380,Device,Conv2DBackpropInput,gradient_tape/efficientnetb0/block6c_project_conv/Conv2D/Conv2DBackpropInput,2,183.297,91.6485,183.297,91.6485,0.0004296417341768991,0.9034861834485055,0.0,0.0
381,Device,Mul,efficientnetb0/block5c_se_excite/mul,2,182.272,91.136,182.272,91.136,0.00042723917015494937,0.9039134226186605,0.0,0.0
382,Device,Conv2DBackpropInput,gradient_tape/efficientnetb0/block6b_project_conv/Conv2D/Conv2DBackpropInput,2,180.224,90.112,180.224,90.112,0.0004224387300408488,0.9043358613487014,0.0,0.0
383,Device,ArgMax,ArgMax,2,177.152,88.576,177.152,88.576,0.00041523806986969793,0.904751099418571,0.0,0.0
384,Device,Conv2DBackpropInput,gradient_tape/efficientnetb0/block3a_project_conv/Conv2D/Conv2DBackpropInput,2,177.152,88.576,177.152,88.576,0.00041523806986969793,0.9051663374884407,0.0,0.0
385,Device,Conv2DBackpropInput,gradient_tape/efficientnetb0/block6d_project_conv/Conv2D/Conv2DBackpropInput,2,173.056,86.528,173.056,86.528,0.0004056371896414969,0.9055719746780821,0.0,0.0
386,Device,Conv2DBackpropInput,gradient_tape/efficientnetb0/block4c_project_conv/Conv2D/Conv2DBackpropInput,2,172.033,86.0165,172.033,86.0165,0.00040323931354934605,0.9059752139916315,0.0,0.0
387,Device,Conv2D,efficientnetb0/block3b_project_conv/Conv2D,2,171.009,85.5045,171.009,85.5045,0.0004008390934922958,0.9063760530851238,0.0,0.0
388,Device,Conv2DBackpropInput,gradient_tape/efficientnetb0/block4b_project_conv/Conv2D/Conv2DBackpropInput,2,171.008,85.504,171.008,85.504,0.0004008367495273963,0.9067768898346512,0.0,0.0
389,Device,FusedBatchNormGradV3,gradient_tape/efficientnetb0/block4a_bn/FusedBatchNormGradV3,2,167.936,83.968,167.936,83.968,0.0003936360893562455,0.9071705259240075,0.0,0.0
390,Device,Conv2DBackpropFilter,gradient_tape/efficientnetb0/block4a_project_conv/Conv2D/Conv2DBackpropFilter,2,166.912,83.456,166.912,83.456,0.0003912358692991952,0.9075617617933067,0.0,0.0
391,Device,Transpose,SGD/gradients/AddN_20-1-TransposeNHWCToNCHW-LayoutOptimizer,2,165.889,82.9445,165.889,82.9445,0.00038883799320704444,0.9079505997865137,0.0,0.0
392,Device,Sigmoid,SGD/gradients/Sigmoid_38,2,165.888,82.944,165.888,82.944,0.00038883564924214494,0.9083394354357559,0.0,0.0
393,Device,Sigmoid,efficientnetb0/block3a_activation/Sigmoid,2,164.864,82.432,164.864,82.432,0.00038643542918509466,0.908725870864941,0.0,0.0
394,Device,Transpose,efficientnetb0/block3a_activation/mul-0-3-TransposeNCHWToNHWC-LayoutOptimizer,2,162.816,81.408,162.816,81.408,0.0003816349890709941,0.909107505854012,0.0,0.0
395,Device,Mul,gradient_tape/efficientnetb0/block3a_se_excite/mul/Mul,2,162.816,81.408,162.816,81.408,0.0003816349890709941,0.909489140843083,0.0,0.0
396,Device,Sub,SGD/gradients/sub_38,2,161.792,80.896,161.792,80.896,0.00037923476901394383,0.9098683756120969,0.0,0.0
397,Device,Conv2DBackpropInput,gradient_tape/efficientnetb0/block4c_expand_conv/Conv2D/Conv2DBackpropInput,2,160.769,80.3845,160.769,80.3845,0.000376836892921793,0.9102452125050187,0.0,0.0
398,Device,AddV2,efficientnetb0/block2b_add/add,2,159.745,79.8725,159.745,79.8725,0.00037443667286474273,0.9106196491778834,0.0,0.0
399,Device,DepthwiseConv2dNativeBackpropInput,gradient_tape/efficientnetb0/block7a_dwconv/depthwise/DepthwiseConv2dNativeBackpropInput,2,159.745,79.8725,159.745,79.8725,0.00037443667286474273,0.9109940858507481,0.0,0.0
400,Device,AddN,SGD/gradients/AddN_22,2,159.744,79.872,159.744,79.872,0.0003744343288998433,0.911368520179648,0.0,0.0
401,Device,AddV2,SGD/gradients/add_38,2,158.721,79.3605,158.721,79.3605,0.00037203645280769245,0.9117405566324557,0.0,0.0
402,Device,RealDiv,gradient_tape/efficientnetb0/block3a_se_squeeze/truediv,2,158.72,79.36,158.72,79.36,0.000372034108842793,0.9121125907412985,0.0,0.0
403,Device,Conv2D,efficientnetb0/block7a_expand_conv/Conv2D,2,157.697,78.8485,157.697,78.8485,0.0003696362327506422,0.9124822269740491,0.0,0.0
404,Device,Conv2DBackpropInput,gradient_tape/efficientnetb0/block4b_expand_conv/Conv2D/Conv2DBackpropInput,2,156.673,78.3365,156.673,78.3365,0.0003672360126935919,0.9128494629867427,0.0,0.0
405,Device,Conv2DBackpropInput,gradient_tape/efficientnetb0/block5a_expand_conv/Conv2D/Conv2DBackpropInput,2,156.673,78.3365,156.673,78.3365,0.0003672360126935919,0.9132166989994364,0.0,0.0
406,Device,Conv2D,efficientnetb0/block6d_expand_conv/Conv2D,2,156.672,78.336,156.672,78.336,0.00036723366872869244,0.9135839326681651,0.0,0.0
407,Device,Mul,efficientnetb0/block3a_se_excite/mul,2,155.648,77.824,155.648,77.824,0.00036483344867164217,0.9139487661168367,0.0,0.0
408,Device,Conv2D,efficientnetb0/block5a_project_conv/Conv2D,2,155.648,77.824,155.648,77.824,0.00036483344867164217,0.9143135995655084,0.0,0.0
409,Device,Conv2D,efficientnetb0/block6b_expand_conv/Conv2D,2,155.648,77.824,155.648,77.824,0.00036483344867164217,0.9146784330141801,0.0,0.0
410,Device,Conv2D,efficientnetb0/block4b_project_conv/Conv2D,2,153.601,76.8005,153.601,76.8005,0.00036003535252244107,0.9150384683667026,0.0,0.0
411,Device,Conv2D,efficientnetb0/block6c_expand_conv/Conv2D,2,153.6,76.8,153.6,76.8,0.0003600330085575416,0.9153985013752601,0.0,0.0
412,Device,Conv2D,efficientnetb0/block4c_project_conv/Conv2D,2,152.577,76.2885,152.577,76.2885,0.0003576351324653908,0.9157561365077255,0.0,0.0
413,Device,FusedBatchNormV3,efficientnetb0/block4c_expand_bn/FusedBatchNormV3,4,147.457,36.86425,147.457,36.86425,0.0003456340321801394,0.9161017705399056,0.0,0.0
414,Device,FusedBatchNormV3,efficientnetb0/block5a_expand_bn/FusedBatchNormV3,4,147.456,36.864,147.456,36.864,0.0003456316882152399,0.9164474022281208,0.0,0.0
415,Device,FusedBatchNormV3,efficientnetb0/block4b_expand_bn/FusedBatchNormV3,4,146.433,36.60825,146.433,36.60825,0.0003432338121230891,0.9167906360402439,0.0,0.0
416,Device,FusedBatchNormV3,efficientnetb0/block5a_bn/FusedBatchNormV3,4,143.36,35.84,143.36,35.84,0.00033603080798703884,0.917126666848231,0.0,0.0
417,Device,FusedBatchNormV3,efficientnetb0/block4b_bn/FusedBatchNormV3,4,142.336,35.584,142.336,35.584,0.00033363058792998856,0.917460297436161,0.0,0.0
418,Device,FusedBatchNormV3,efficientnetb0/block4c_bn/FusedBatchNormV3,4,142.336,35.584,142.336,35.584,0.00033363058792998856,0.917793928024091,0.0,0.0
419,Device,Conv2D,efficientnetb0/block4c_expand_conv/Conv2D,2,141.312,70.656,141.312,70.656,0.0003312303678729383,0.918125158391964,0.0,0.0
420,Device,Conv2D,efficientnetb0/block5a_expand_conv/Conv2D,2,140.289,70.1445,140.289,70.1445,0.0003288324917807874,0.9184539908837448,0.0,0.0
421,Device,Conv2D,efficientnetb0/block4b_expand_conv/Conv2D,2,140.288,70.144,140.288,70.144,0.000328830147815888,0.9187828210315607,0.0,0.0
422,Device,DepthwiseConv2dNative,efficientnetb0/block4c_dwconv/depthwise,2,140.288,70.144,140.288,70.144,0.000328830147815888,0.9191116511793767,0.0,0.0
423,Device,DepthwiseConv2dNative,efficientnetb0/block4b_dwconv/depthwise,2,139.265,69.6325,139.265,69.6325,0.00032643227172373713,0.9194380834511003,0.0,0.0
424,Device,Sum,gradient_tape/efficientnetb0/block3b_se_excite/mul/Sum_1,2,139.265,69.6325,139.265,69.6325,0.00032643227172373713,0.919764515722824,0.0,0.0
425,Device,Mean,efficientnetb0/block3b_se_squeeze/Mean,2,139.264,69.632,139.264,69.632,0.00032642992775883773,0.9200909456505829,0.0,0.0
426,Device,Sigmoid,SGD/gradients/Sigmoid_26,2,138.241,69.1205,138.241,69.1205,0.00032403205166668696,0.9204149777022496,0.0,0.0
427,Device,Sigmoid,SGD/gradients/Sigmoid_29,2,138.241,69.1205,138.241,69.1205,0.00032403205166668696,0.9207390097539162,0.0,0.0
428,Device,Sigmoid,efficientnetb0/block4b_activation/Sigmoid,2,138.241,69.1205,138.241,69.1205,0.00032403205166668696,0.9210630418055828,0.0,0.0
429,Device,Sigmoid,efficientnetb0/block4c_expand_activation/Sigmoid,2,138.24,69.12,138.24,69.12,0.00032402970770178746,0.9213870715132846,0.0,0.0
430,Device,Sigmoid,efficientnetb0/block5a_activation/Sigmoid,2,138.24,69.12,138.24,69.12,0.00032402970770178746,0.9217111012209863,0.0,0.0
431,Device,Sigmoid,efficientnetb0/block5a_expand_activation/Sigmoid,2,138.24,69.12,138.24,69.12,0.00032402970770178746,0.922035130928688,0.0,0.0
432,Device,Sigmoid,SGD/gradients/Sigmoid_23,2,137.217,68.6085,137.217,68.6085,0.0003216318316096367,0.9223567627602977,0.0,0.0
433,Device,Sigmoid,efficientnetb0/block4c_activation/Sigmoid,2,137.217,68.6085,137.217,68.6085,0.0003216318316096367,0.9226783945919073,0.0,0.0
434,Device,Transpose,SGD/gradients/AddN_13-1-TransposeNHWCToNCHW-LayoutOptimizer,2,137.216,68.608,137.216,68.608,0.0003216294876447372,0.923000024079552,0.0,0.0
435,Device,Transpose,SGD/gradients/AddN_15-1-TransposeNHWCToNCHW-LayoutOptimizer,2,137.216,68.608,137.216,68.608,0.0003216294876447372,0.9233216535671966,0.0,0.0
436,Device,Sigmoid,SGD/gradients/Sigmoid_24,2,137.216,68.608,137.216,68.608,0.0003216294876447372,0.9236432830548413,0.0,0.0
437,Device,Transpose,SGD/gradients/AddN_12-1-TransposeNHWCToNCHW-LayoutOptimizer,2,136.193,68.0965,136.193,68.0965,0.00031923161155258636,0.9239625146663939,0.0,0.0
438,Device,Sigmoid,SGD/gradients/Sigmoid_30,2,136.193,68.0965,136.193,68.0965,0.00031923161155258636,0.9242817462779465,0.0,0.0
439,Device,Mul,gradient_tape/efficientnetb0/block4b_se_excite/mul/Mul,2,136.193,68.0965,136.193,68.0965,0.00031923161155258636,0.924600977889499,0.0,0.0
440,Device,Mul,gradient_tape/efficientnetb0/block4c_se_excite/mul/Mul,2,136.193,68.0965,136.193,68.0965,0.00031923161155258636,0.9249202095010516,0.0,0.0
441,Device,Sigmoid,efficientnetb0/block4b_expand_activation/Sigmoid,2,136.192,68.096,136.192,68.096,0.0003192292675876869,0.9252394387686392,0.0,0.0
442,Device,Mul,gradient_tape/efficientnetb0/block5a_se_excite/mul/Mul,2,136.192,68.096,136.192,68.096,0.0003192292675876869,0.9255586680362269,0.0,0.0
443,Device,Transpose,efficientnetb0/block4c_activation/mul-0-3-TransposeNCHWToNHWC-LayoutOptimizer,2,135.169,67.5845,135.169,67.5845,0.0003168313914955361,0.9258754994277224,0.0,0.0
444,Device,FusedBatchNormGradV3,gradient_tape/efficientnetb0/top_bn/FusedBatchNormGradV3,2,135.169,67.5845,135.169,67.5845,0.0003168313914955361,0.9261923308192179,0.0,0.0
445,Device,Sub,SGD/gradients/sub_23,2,135.168,67.584,135.168,67.584,0.0003168290475306366,0.9265091598667485,0.0,0.0
446,Device,Transpose,efficientnetb0/block4b_activation/mul-0-3-TransposeNCHWToNHWC-LayoutOptimizer,2,135.168,67.584,135.168,67.584,0.0003168290475306366,0.9268259889142791,0.0,0.0
447,Device,Transpose,efficientnetb0/block5a_activation/mul-0-3-TransposeNCHWToNHWC-LayoutOptimizer,2,135.168,67.584,135.168,67.584,0.0003168290475306366,0.9271428179618098,0.0,0.0
448,Device,Mul,SGD/gradients/mul_1,2,134.144,67.072,134.144,67.072,0.00031442882747358635,0.9274572467892833,0.0,0.0
449,Device,Sub,SGD/gradients/sub_26,2,134.144,67.072,134.144,67.072,0.00031442882747358635,0.9277716756167569,0.0,0.0
450,Device,Sub,SGD/gradients/sub_29,2,134.144,67.072,134.144,67.072,0.00031442882747358635,0.9280861044442305,0.0,0.0
451,Device,AddV2,SGD/gradients/add_23,2,133.121,66.5605,133.121,66.5605,0.0003120309513814355,0.9283981353956119,0.0,0.0
452,Device,Sub,SGD/gradients/sub_24,2,133.121,66.5605,133.121,66.5605,0.0003120309513814355,0.9287101663469933,0.0,0.0
453,Device,Mul,efficientnetb0/top_activation/mul,2,133.121,66.5605,133.121,66.5605,0.0003120309513814355,0.9290221972983748,0.0,0.0
454,Device,FusedBatchNormGradV3,gradient_tape/efficientnetb0/block3b_project_bn/FusedBatchNormGradV3,2,133.121,66.5605,133.121,66.5605,0.0003120309513814355,0.9293342282497562,0.0,0.0
455,Device,AddV2,SGD/gradients/add_26,2,133.12,66.56,133.12,66.56,0.00031202860741653607,0.9296462568571727,0.0,0.0
456,Device,Mul,SGD/gradients/mul,2,133.12,66.56,133.12,66.56,0.00031202860741653607,0.9299582854645893,0.0,0.0
457,Device,Mul,SGD/gradients/mul_2,2,133.12,66.56,133.12,66.56,0.00031202860741653607,0.9302703140720058,0.0,0.0
458,Device,Sub,SGD/gradients/sub_27,2,133.12,66.56,133.12,66.56,0.00031202860741653607,0.9305823426794223,0.0,0.0
459,Device,Sub,SGD/gradients/sub_30,2,133.12,66.56,133.12,66.56,0.00031202860741653607,0.9308943712868388,0.0,0.0
460,Device,Conv2D,efficientnetb0/block6a_project_conv/Conv2D,2,133.12,66.56,133.12,66.56,0.00031202860741653607,0.9312063998942554,0.0,0.0
461,Device,AddV2,SGD/gradients/add_30,2,132.097,66.0485,132.097,66.0485,0.00030963073132438525,0.9315160306255797,0.0,0.0
462,Device,RealDiv,gradient_tape/efficientnetb0/block4b_se_squeeze/truediv,2,132.097,66.0485,132.097,66.0485,0.00030963073132438525,0.9318256613569041,0.0,0.0
463,Device,RealDiv,gradient_tape/efficientnetb0/block4c_se_squeeze/truediv,2,132.097,66.0485,132.097,66.0485,0.00030963073132438525,0.9321352920882285,0.0,0.0
464,Device,AddV2,SGD/gradients/add_24,2,132.096,66.048,132.096,66.048,0.0003096283873594858,0.932444920475588,0.0,0.0
465,Device,AddV2,SGD/gradients/add_29,2,132.096,66.048,132.096,66.048,0.0003096283873594858,0.9327545488629475,0.0,0.0
466,Device,AddV2,SGD/gradients/add_27,2,131.072,65.536,131.072,65.536,0.0003072281673024355,0.93306177703025,0.0,0.0
467,Device,Mul,efficientnetb0/block4b_se_excite/mul,2,131.072,65.536,131.072,65.536,0.0003072281673024355,0.9333690051975524,0.0,0.0
468,Device,Mul,efficientnetb0/block5a_se_excite/mul,2,131.072,65.536,131.072,65.536,0.0003072281673024355,0.9336762333648548,0.0,0.0
469,Device,RealDiv,gradient_tape/efficientnetb0/block5a_se_squeeze/truediv,2,131.072,65.536,131.072,65.536,0.0003072281673024355,0.9339834615321573,0.0,0.0
470,Device,Mul,efficientnetb0/block4c_se_excite/mul,2,129.024,64.512,129.024,64.512,0.00030242772718833496,0.9342858892593456,0.0,0.0
471,Device,FusedBatchNormGradV3,gradient_tape/efficientnetb0/block3a_project_bn/FusedBatchNormGradV3,2,128.001,64.0005,128.001,64.0005,0.00030002985109618414,0.9345859191104419,0.0,0.0
472,Device,FusedBatchNormGradV3,gradient_tape/efficientnetb0/block6d_bn/FusedBatchNormGradV3,2,128.0,64.0,128.0,64.0,0.0003000275071312847,0.9348859466175732,0.0,0.0
473,Device,FusedBatchNormGradV3,gradient_tape/efficientnetb0/block6c_bn/FusedBatchNormGradV3,2,126.977,63.4885,126.977,63.4885,0.00029762963103913386,0.9351835762486124,0.0,0.0
474,Device,BroadcastTo,gradient_tape/efficientnetb0/block3b_se_squeeze/BroadcastTo,2,126.976,63.488,126.976,63.488,0.0002976272870742344,0.9354812035356866,0.0,0.0
475,Device,FusedBatchNormGradV3,gradient_tape/efficientnetb0/block6d_expand_bn/FusedBatchNormGradV3,2,126.976,63.488,126.976,63.488,0.0002976272870742344,0.9357788308227609,0.0,0.0
476,Device,FusedBatchNormGradV3,gradient_tape/efficientnetb0/block7a_bn/FusedBatchNormGradV3,2,126.976,63.488,126.976,63.488,0.0002976272870742344,0.9360764581098352,0.0,0.0
477,Device,FusedBatchNormGradV3,gradient_tape/efficientnetb0/block6c_expand_bn/FusedBatchNormGradV3,2,125.953,62.9765,125.953,62.9765,0.0002952294109820836,0.9363716875208172,0.0,0.0
478,Device,AddN,SGD/gradients/AddN_1,2,124.929,62.4645,124.929,62.4645,0.0002928291909250333,0.9366645167117422,0.0,0.0
479,Device,Sigmoid,SGD/gradients/Sigmoid_27,2,124.929,62.4645,124.929,62.4645,0.0002928291909250333,0.9369573459026672,0.0,0.0
480,Device,AddN,SGD/gradients/AddN,2,124.928,62.464,124.928,62.464,0.00029282684696013385,0.9372501727496273,0.0,0.0
481,Device,FusedBatchNormGradV3,gradient_tape/efficientnetb0/block6b_bn/FusedBatchNormGradV3,2,124.928,62.464,124.928,62.464,0.00029282684696013385,0.9375429995965874,0.0,0.0
482,Device,FusedBatchNormGradV3,gradient_tape/efficientnetb0/block6b_expand_bn/FusedBatchNormGradV3,2,124.928,62.464,124.928,62.464,0.00029282684696013385,0.9378358264435475,0.0,0.0
483,Device,FusedBatchNormGradV3,gradient_tape/efficientnetb0/block7a_expand_bn/FusedBatchNormGradV3,2,123.905,61.9525,123.905,61.9525,0.00029042897086798303,0.9381262554144154,0.0,0.0
484,Device,AddN,SGD/gradients/AddN_3,2,122.881,61.4405,122.881,61.4405,0.00028802875081093275,0.9384142841652263,0.0,0.0
485,Device,AddN,SGD/gradients/AddN_5,2,122.88,61.44,122.88,61.44,0.0002880264068460333,0.9387023105720723,0.0,0.0
486,Device,Mul,SGD/gradients/mul_11,2,122.88,61.44,122.88,61.44,0.0002880264068460333,0.9389903369789183,0.0,0.0
487,Device,Mul,gradient_tape/efficientnetb0/block6c_se_excite/mul/Mul_1,2,122.88,61.44,122.88,61.44,0.0002880264068460333,0.9392783633857643,0.0,0.0
488,Device,Mul,SGD/gradients/mul_15,2,121.857,60.9285,121.857,60.9285,0.0002856285307538825,0.9395639919165182,0.0,0.0
489,Device,Mul,SGD/gradients/mul_18,2,121.857,60.9285,121.857,60.9285,0.0002856285307538825,0.939849620447272,0.0,0.0
490,Device,Mul,SGD/gradients/mul_10,2,121.856,60.928,121.856,60.928,0.00028562618678898297,0.940135246634061,0.0,0.0
491,Device,Mul,SGD/gradients/mul_24,2,121.856,60.928,121.856,60.928,0.00028562618678898297,0.94042087282085,0.0,0.0
492,Device,Mul,SGD/gradients/mul_28,2,121.856,60.928,121.856,60.928,0.00028562618678898297,0.9407064990076389,0.0,0.0
493,Device,Mul,SGD/gradients/mul_34,2,121.856,60.928,121.856,60.928,0.00028562618678898297,0.9409921251944279,0.0,0.0
494,Device,Mul,SGD/gradients/mul_35,2,121.856,60.928,121.856,60.928,0.00028562618678898297,0.9412777513812168,0.0,0.0
495,Device,Mul,SGD/gradients/mul_37,2,121.856,60.928,121.856,60.928,0.00028562618678898297,0.9415633775680058,0.0,0.0
496,Device,Mul,SGD/gradients/mul_6,2,121.856,60.928,121.856,60.928,0.00028562618678898297,0.9418490037547947,0.0,0.0
497,Device,Mul,SGD/gradients/mul_19,2,120.833,60.4165,120.833,60.4165,0.0002832283106968322,0.9421322320654916,0.0,0.0
498,Device,Mul,SGD/gradients/mul_25,2,120.833,60.4165,120.833,60.4165,0.0002832283106968322,0.9424154603761884,0.0,0.0
499,Device,Mul,SGD/gradients/mul_7,2,120.833,60.4165,120.833,60.4165,0.0002832283106968322,0.9426986886868852,0.0,0.0
500,Device,ArgMax,ArgMax_1,2,120.832,60.416,120.832,60.416,0.0002832259667319327,0.9429819146536171,0.0,0.0
501,Host,IDLE,IDLE,0,1577537.597,0.0,1577537.597,0.0,0.0,0.0,0.9925196361161807,0.9925196361161807
502,Host,GatherV2,GatherV2,2,5800.624,2900.312,5800.624,2900.312,0.0,0.0,0.003649506187792483,0.9961691423039731
503,Host,_Send,IteratorGetNext/_1,2,2839.147,1419.5735,2839.147,1419.5735,0.0,0.0,0.0017862706744226939,0.9979554129783959
504,Host,_Send,IteratorGetNext/_3,2,2797.616,1398.808,2797.616,1398.808,0.0,0.0,0.0017601411336206681,0.9997155541120165
505,Host,GatherV2,GatherV2_1,2,81.901,40.9505,81.901,40.9505,0.0,0.0,5.1528629727834825e-05,0.9997670827417443
506,Host,Dataset,Iterator::Root::ParallelMapV2::Zip[1]::ForeverRepeat,2,59.26,29.63,54.93,27.465,0.0,0.0,3.455962236053243e-05,0.9998016423641048
507,Host,Dataset,Iterator::Root::ParallelMapV2,2,52.311,26.1555,52.311,26.1555,0.0,0.0,3.291185882581125e-05,0.9998345542229307
508,Host,FlushSummaryWriter,FlushSummaryWriter,1,44.861,44.861,44.861,44.861,0.0,0.0,2.8224635330709e-05,0.9998627788582614
509,Host,IteratorGetNext,IteratorGetNext,2,42.69,21.345,42.69,21.345,0.0,0.0,2.6858734363210076e-05,0.9998896375926246
510,Host,LogicalAnd,LogicalAnd,1,32.811,32.811,32.811,32.811,0.0,0.0,2.064328726144966e-05,0.9999102808798861
511,Host,Dataset,Iterator::Root,2,82.461,41.2305,30.15,15.075,0.0,0.0,1.896909911105139e-05,0.9999292499789971
512,Host,WriteSummary,WriteSummary,1,29.28,29.28,29.28,29.28,0.0,0.0,1.8421732072026028e-05,0.9999476717110691
513,Host,Dataset,Iterator::Root::ParallelMapV2::Zip[0]::FlatMap[1]::Concatenate,2,45.201,22.6005,23.17,11.585,0.0,0.0,1.4577579648526062e-05,0.9999622492907176
514,Host,Dataset,Iterator::Root::ParallelMapV2::Zip[0]::FlatMap[1]::Concatenate[0]::TensorSlice,2,22.031,11.0155,22.031,11.0155,0.0,0.0,1.3860969237664118e-05,0.9999761102599553
515,Host,Dataset,Iterator::Root::ParallelMapV2::Zip,2,118.921,59.4605,9.8,4.9,0.0,0.0,6.165743657986854e-06,0.9999822760036132
516,Host,ReadVariableOp,ReadVariableOp,1,8.11,8.11,8.11,8.11,0.0,0.0,5.102467455742181e-06,0.999987378471069
517,Host,_HostSend,categorical_crossentropy/softmax_cross_entropy_with_logits/Shape_2/_5,2,6.911,3.4555,6.911,3.4555,0.0,0.0,4.3481075939129734e-06,0.9999917265786629
518,Host,Dataset,Iterator::Root::ParallelMapV2::Zip[0]::FlatMap,2,49.861,24.9305,4.66,2.33,0.0,0.0,2.931874025124361e-06,0.999994658452688
519,Host,Dataset,Iterator::Root::ParallelMapV2::Zip[1]::ForeverRepeat::FromTensor,4,4.33,1.0825,4.33,1.0825,0.0,0.0,2.7242520448043954e-06,0.9999973827047328
520,Host,Identity,Identity,2,4.16,2.08,4.16,2.08,0.0,0.0,2.617295267063807e-06,0.9999999999999999
