Rank,Host/device,Type,Operation,#Occurrences,Total time (us),Avg. time (us),Total self-time (us),Avg. self-time (us),Total self-time on Device (%),Cumulative total-self time on Device (%),Total self-time on Host (%),Cumulative total-self time on Host (%)
1,Device,IDLE,IDLE,0,53185.445,0.0,53185.445,0.0,0.1308737923010406,0.1308737923010406,0.0,0.0
2,Device,_Recv,IteratorGetNext/_2,2,3424.493,1712.2465,3424.493,1712.2465,0.008426673606253881,0.13930046590729447,0.0,0.0
3,Device,Conv2DBackpropFilter,gradient_tape/inception_resnet_v2/conv2d_4/Conv2D/Conv2DBackpropFilter,2,2712.586,1356.293,2712.586,1356.293,0.006674879128353829,0.1459753450356483,0.0,0.0
4,Device,Conv2DBackpropInput,gradient_tape/inception_resnet_v2/conv2d_4/Conv2D/Conv2DBackpropInput,2,2536.458,1268.229,2536.458,1268.229,0.006241479740788347,0.15221682477643664,0.0,0.0
5,Device,FusedBatchNormGradV3,gradient_tape/inception_resnet_v2/batch_normalization_2/FusedBatchNormGradV3,2,2501.641,1250.8205,2501.641,1250.8205,0.006155805308120812,0.15837263008455746,0.0,0.0
6,Device,Conv2DBackpropFilter,gradient_tape/inception_resnet_v2/conv2d_2/Conv2D/Conv2DBackpropFilter,2,2496.521,1248.2605,2496.521,1248.2605,0.0061432064887148394,0.1645158365732723,0.0,0.0
7,Device,Conv2D,inception_resnet_v2/conv2d_4/Conv2D,4,2396.17,599.0425,2396.17,599.0425,0.005896272089064677,0.17041210866233697,0.0,0.0
8,Device,Conv2DBackpropInput,gradient_tape/inception_resnet_v2/conv2d_2/Conv2D/Conv2DBackpropInput,2,2258.953,1129.4765,2258.953,1129.4765,0.005558621268277676,0.17597072993061463,0.0,0.0
9,Device,FusedBatchNormV3,inception_resnet_v2/batch_normalization_2/FusedBatchNormV3,4,2055.175,513.79375,2055.175,513.79375,0.005057183334506107,0.18102791326512074,0.0,0.0
10,Device,Conv2DBackpropInput,gradient_tape/inception_resnet_v2/conv2d_72/Conv2D/Conv2DBackpropInput,2,1869.832,934.916,1869.832,934.916,0.004601108532716787,0.18562902179783752,0.0,0.0
11,Device,Conv2D,inception_resnet_v2/conv2d_74/Conv2D,2,1692.678,846.339,1692.678,846.339,0.004165184459856279,0.1897942062576938,0.0,0.0
12,Device,Conv2DBackpropInput,gradient_tape/inception_resnet_v2/conv2d_74/Conv2D/Conv2DBackpropInput,2,1683.462,841.731,1683.462,841.731,0.004142506584925526,0.19393671284261932,0.0,0.0
13,Device,MaxPoolGrad,gradient_tape/inception_resnet_v2/max_pooling2d/MaxPool/MaxPoolGrad,2,1656.838,828.419,1656.838,828.419,0.004076992724014465,0.19801370556663378,0.0,0.0
14,Device,Conv2D,inception_resnet_v2/conv2d_2/Conv2D,2,1652.743,826.3715,1652.743,826.3715,0.004066916129196602,0.20208062169583038,0.0,0.0
15,Device,Conv2DBackpropInput,gradient_tape/inception_resnet_v2/conv2d_1/Conv2D/Conv2DBackpropInput,2,1584.134,792.067,1584.134,792.067,0.0038980894884496436,0.20597871118428002,0.0,0.0
16,Device,Conv2DBackpropFilter,gradient_tape/inception_resnet_v2/conv2d_74/Conv2D/Conv2DBackpropFilter,2,1577.99,788.995,1577.99,788.995,0.0038829709051624757,0.2098616820894425,0.0,0.0
17,Device,Conv2DBackpropInput,gradient_tape/inception_resnet_v2/conv2d_75/Conv2D/Conv2DBackpropInput,2,1551.366,775.683,1551.366,775.683,0.0038174570442514144,0.2136791391336939,0.0,0.0
18,Device,Conv2DBackpropFilter,gradient_tape/inception_resnet_v2/conv2d_1/Conv2D/Conv2DBackpropFilter,2,1514.501,757.2505,1514.501,757.2505,0.003726743083821491,0.2174058822175154,0.0,0.0
19,Device,FusedBatchNormGradV3,gradient_tape/inception_resnet_v2/batch_normalization/FusedBatchNormGradV3,2,1508.358,754.179,1508.358,754.179,0.003711626961241238,0.22111750917875664,0.0,0.0
20,Device,FusedBatchNormGradV3,gradient_tape/inception_resnet_v2/batch_normalization_4/FusedBatchNormGradV3,2,1506.31,753.155,1506.31,753.155,0.0037065874334788486,0.22482409661223549,0.0,0.0
21,Device,FusedBatchNormGradV3,gradient_tape/inception_resnet_v2/batch_normalization_1/FusedBatchNormGradV3,2,1425.413,712.7065,1425.413,712.7065,0.003507523626157555,0.22833162023839304,0.0,0.0
22,Device,Conv2DBackpropFilter,gradient_tape/inception_resnet_v2/conv2d_72/Conv2D/Conv2DBackpropFilter,4,1283.076,320.769,1283.076,320.769,0.0031572739859645808,0.23148889422435762,0.0,0.0
23,Device,ReluGrad,gradient_tape/inception_resnet_v2/activation_2/ReluGrad,2,1256.453,628.2265,1256.453,628.2265,0.0030917625857604346,0.23458065681011805,0.0,0.0
24,Device,Conv2D,inception_resnet_v2/conv2d_72/Conv2D,2,1217.541,608.7705,1217.541,608.7705,0.002996011558275037,0.23757666836839308,0.0,0.0
25,Device,Conv2DBackpropFilter,gradient_tape/inception_resnet_v2/conv2d_75/Conv2D/Conv2DBackpropFilter,2,1081.348,540.674,1081.348,540.674,0.002660880501369231,0.2402375488697623,0.0,0.0
26,Device,Conv2D,inception_resnet_v2/conv2d_75/Conv2D,2,965.636,482.818,965.636,482.818,0.002376147182794233,0.24261369605255656,0.0,0.0
27,Device,Conv2D,inception_resnet_v2/conv_7b/Conv2D,2,948.228,474.114,948.228,474.114,0.002333311196813924,0.2449470072493705,0.0,0.0
28,Device,Conv2D,inception_resnet_v2/conv2d_1/Conv2D,2,923.652,461.826,923.652,461.826,0.002272836863665252,0.24721984411303574,0.0,0.0
29,Device,FusedBatchNormV3,inception_resnet_v2/batch_normalization_4/FusedBatchNormV3,4,921.602,230.4005,921.602,230.4005,0.0022677924144890323,0.2494876365275248,0.0,0.0
30,Device,FusedBatchNormV3,inception_resnet_v2/batch_normalization_1/FusedBatchNormV3,4,917.507,229.37675,917.507,229.37675,0.0022577158196711686,0.25174535234719597,0.0,0.0
31,Device,FusedBatchNormV3,inception_resnet_v2/batch_normalization/FusedBatchNormV3,4,891.907,222.97675,891.907,222.97675,0.002194721722641302,0.25394007406983726,0.0,0.0
32,Device,ReluGrad,gradient_tape/inception_resnet_v2/activation_4/ReluGrad,2,872.451,436.2255,872.451,436.2255,0.0021468462088986033,0.25608692027873586,0.0,0.0
33,Device,Relu,inception_resnet_v2/activation_2/Relu,2,804.868,402.434,804.868,402.434,0.0019805442534466706,0.25806746453218254,0.0,0.0
34,Device,Conv2DBackpropFilter,gradient_tape/inception_resnet_v2/conv2d/Conv2D/Conv2DBackpropFilter,2,777.219,388.6095,777.219,388.6095,0.0019125081679474993,0.25997997270013007,0.0,0.0
35,Device,Conv2DBackpropInput,gradient_tape/inception_resnet_v2/conv_7b/Conv2D/Conv2DBackpropInput,2,775.171,387.5855,775.171,387.5855,0.0019074686401851098,0.26188744134031516,0.0,0.0
36,Device,FusedBatchNormGradV3,gradient_tape/inception_resnet_v2/batch_normalization_3/FusedBatchNormGradV3,2,668.674,334.337,668.674,334.337,0.001645410735833949,0.2635328520761491,0.0,0.0
37,Device,MaxPoolGrad,gradient_tape/inception_resnet_v2/max_pooling2d_1/MaxPool/MaxPoolGrad,2,647.17,323.585,647.17,323.585,0.0015924956943288609,0.26512534777047797,0.0,0.0
38,Device,ReluGrad,gradient_tape/inception_resnet_v2/activation/ReluGrad,2,646.147,323.0735,646.147,323.0735,0.0015899783911545817,0.26671532616163257,0.0,0.0
39,Device,Conv2DBackpropFilter,gradient_tape/inception_resnet_v2/conv_7b/Conv2D/Conv2DBackpropFilter,4,644.098,161.0245,644.098,161.0245,0.001584936402685277,0.2683002625643178,0.0,0.0
40,Device,ReluGrad,gradient_tape/inception_resnet_v2/activation_1/ReluGrad,2,618.498,309.249,618.498,309.249,0.0015219423056554104,0.2698222048699732,0.0,0.0
41,Device,Conv2DBackpropFilter,gradient_tape/inception_resnet_v2/block17_2_conv/Conv2D/Conv2DBackpropFilter,4,610.307,152.57675,610.307,152.57675,0.0015017866553127682,0.27132399152528597,0.0,0.0
42,Device,Conv2DBackpropFilter,gradient_tape/inception_resnet_v2/block17_7_conv/Conv2D/Conv2DBackpropFilter,4,608.259,152.06475,608.259,152.06475,0.0014967471275503788,0.27282073865283635,0.0,0.0
43,Device,Conv2DBackpropFilter,gradient_tape/inception_resnet_v2/block17_11_conv/Conv2D/Conv2DBackpropFilter,4,607.235,151.80875,607.235,151.80875,0.0014942273636691843,0.2743149660165055,0.0,0.0
44,Device,Conv2DBackpropFilter,gradient_tape/inception_resnet_v2/block17_10_conv/Conv2D/Conv2DBackpropFilter,4,607.234,151.8085,607.234,151.8085,0.001494224902962269,0.27580919091946776,0.0,0.0
45,Device,Conv2DBackpropFilter,gradient_tape/inception_resnet_v2/block17_17_conv/Conv2D/Conv2DBackpropFilter,4,607.234,151.8085,607.234,151.8085,0.001494224902962269,0.27730341582243,0.0,0.0
46,Device,Conv2DBackpropFilter,gradient_tape/inception_resnet_v2/block17_19_conv/Conv2D/Conv2DBackpropFilter,4,607.234,151.8085,607.234,151.8085,0.001494224902962269,0.27879764072539226,0.0,0.0
47,Device,Conv2DBackpropFilter,gradient_tape/inception_resnet_v2/block17_20_conv/Conv2D/Conv2DBackpropFilter,4,607.234,151.8085,607.234,151.8085,0.001494224902962269,0.2802918656283545,0.0,0.0
48,Device,Conv2DBackpropFilter,gradient_tape/inception_resnet_v2/conv2d_73/Conv2D/Conv2DBackpropFilter,2,607.234,303.617,607.234,303.617,0.001494224902962269,0.28178609053131676,0.0,0.0
49,Device,Conv2DBackpropFilter,gradient_tape/inception_resnet_v2/block17_18_conv/Conv2D/Conv2DBackpropFilter,4,606.211,151.55275,606.211,151.55275,0.0014917075997879896,0.28327779813110476,0.0,0.0
50,Device,Conv2DBackpropFilter,gradient_tape/inception_resnet_v2/block17_1_conv/Conv2D/Conv2DBackpropFilter,4,606.211,151.55275,606.211,151.55275,0.0014917075997879896,0.28476950573089277,0.0,0.0
51,Device,Conv2DBackpropFilter,gradient_tape/inception_resnet_v2/block17_3_conv/Conv2D/Conv2DBackpropFilter,4,606.211,151.55275,606.211,151.55275,0.0014917075997879896,0.2862612133306808,0.0,0.0
52,Device,Conv2DBackpropFilter,gradient_tape/inception_resnet_v2/block17_6_conv/Conv2D/Conv2DBackpropFilter,4,606.211,151.55275,606.211,151.55275,0.0014917075997879896,0.2877529209304688,0.0,0.0
53,Device,Conv2DBackpropFilter,gradient_tape/inception_resnet_v2/block17_12_conv/Conv2D/Conv2DBackpropFilter,4,606.21,151.5525,606.21,151.5525,0.0014917051390810744,0.28924462606954987,0.0,0.0
54,Device,Conv2DBackpropFilter,gradient_tape/inception_resnet_v2/block17_16_conv/Conv2D/Conv2DBackpropFilter,4,606.21,151.5525,606.21,151.5525,0.0014917051390810744,0.29073633120863096,0.0,0.0
55,Device,Conv2DBackpropFilter,gradient_tape/inception_resnet_v2/block17_4_conv/Conv2D/Conv2DBackpropFilter,4,606.209,151.55225,606.209,151.55225,0.0014917026783741588,0.29222803388700513,0.0,0.0
56,Device,Conv2DBackpropFilter,gradient_tape/inception_resnet_v2/block17_8_conv/Conv2D/Conv2DBackpropFilter,4,606.209,151.55225,606.209,151.55225,0.0014917026783741588,0.2937197365653793,0.0,0.0
57,Device,Conv2DBackpropFilter,gradient_tape/inception_resnet_v2/block17_15_conv/Conv2D/Conv2DBackpropFilter,4,605.187,151.29675,605.187,151.29675,0.0014891878359067948,0.2952089244012861,0.0,0.0
58,Device,Conv2DBackpropFilter,gradient_tape/inception_resnet_v2/block17_14_conv/Conv2D/Conv2DBackpropFilter,4,605.186,151.2965,605.186,151.2965,0.0014891853751998797,0.296698109776486,0.0,0.0
59,Device,Conv2DBackpropFilter,gradient_tape/inception_resnet_v2/block17_5_conv/Conv2D/Conv2DBackpropFilter,4,604.162,151.0405,604.162,151.0405,0.001486665611318685,0.29818477538780463,0.0,0.0
60,Device,Conv2DBackpropFilter,gradient_tape/inception_resnet_v2/block17_9_conv/Conv2D/Conv2DBackpropFilter,4,604.161,151.04025,604.161,151.04025,0.0014866631506117696,0.2996714385384164,0.0,0.0
61,Device,Conv2DBackpropFilter,gradient_tape/inception_resnet_v2/block17_13_conv/Conv2D/Conv2DBackpropFilter,4,603.138,150.7845,603.138,150.7845,0.0014841458474374903,0.3011555843858539,0.0,0.0
62,Device,Conv2DBackpropFilter,gradient_tape/inception_resnet_v2/conv2d_3/Conv2D/Conv2DBackpropFilter,2,585.73,292.865,585.73,292.865,0.001441309861457181,0.30259689424731107,0.0,0.0
63,Device,Conv2DBackpropFilter,gradient_tape/inception_resnet_v2/conv2d_10/Conv2D/Conv2DBackpropFilter,4,579.587,144.89675,579.587,144.89675,0.001426193738876928,0.304023087986188,0.0,0.0
64,Device,Conv2D,inception_resnet_v2/conv2d_161/Conv2D,2,562.178,281.089,562.178,281.089,0.0013833552921897036,0.3054064432783777,0.0,0.0
65,Device,Relu,inception_resnet_v2/activation_4/Relu,2,548.868,274.434,548.868,274.434,0.0013506032831480034,0.3067570465615257,0.0,0.0
66,Device,FusedBatchNormGradV3,gradient_tape/inception_resnet_v2/batch_normalization_74/FusedBatchNormGradV3,2,546.818,273.409,546.818,273.409,0.0013455588339717835,0.3081026053954975,0.0,0.0
67,Device,FusedBatchNormGradV3,gradient_tape/inception_resnet_v2/batch_normalization_73/FusedBatchNormGradV3,2,539.65,269.825,539.65,269.825,0.0013279204868034207,0.3094305258823009,0.0,0.0
68,Device,Conv2D,inception_resnet_v2/conv2d_73/Conv2D,2,530.434,265.217,530.434,265.217,0.0013052426118726687,0.31073576849417356,0.0,0.0
69,Device,AddN,SGD/gradients/AddN_32,2,524.29,262.145,524.29,262.145,0.0012901240285855006,0.3120258925227591,0.0,0.0
70,Device,AddN,SGD/gradients/AddN_34,2,524.29,262.145,524.29,262.145,0.0012901240285855006,0.3133160165513446,0.0,0.0
71,Device,AddN,SGD/gradients/AddN_33,2,523.266,261.633,523.266,261.633,0.001287604264704306,0.3146036208160489,0.0,0.0
72,Device,AddN,SGD/gradients/AddN_38,2,523.266,261.633,523.266,261.633,0.001287604264704306,0.31589122508075324,0.0,0.0
73,Device,AddN,SGD/gradients/AddN_40,2,523.266,261.633,523.266,261.633,0.001287604264704306,0.31717882934545755,0.0,0.0
74,Device,AddN,SGD/gradients/AddN_35,2,522.242,261.121,522.242,261.121,0.0012850845008231114,0.31846391384628064,0.0,0.0
75,Device,AddN,SGD/gradients/AddN_37,2,522.242,261.121,522.242,261.121,0.0012850845008231114,0.31974899834710374,0.0,0.0
76,Device,AddN,SGD/gradients/AddN_39,2,522.242,261.121,522.242,261.121,0.0012850845008231114,0.32103408284792684,0.0,0.0
77,Device,AddN,SGD/gradients/AddN_41,2,522.242,261.121,522.242,261.121,0.0012850845008231114,0.32231916734874994,0.0,0.0
78,Device,Conv2DBackpropFilter,gradient_tape/inception_resnet_v2/conv2d_9/Conv2D/Conv2DBackpropFilter,2,516.098,258.049,516.098,258.049,0.0012699659175359433,0.32358913326628586,0.0,0.0
79,Device,MaxPool,inception_resnet_v2/max_pooling2d/MaxPool,2,513.026,256.513,513.026,256.513,0.0012624066258923592,0.3248515398921782,0.0,0.0
80,Device,AddN,SGD/gradients/AddN_36,2,510.978,255.489,510.978,255.489,0.0012573670981299702,0.32610890699030814,0.0,0.0
81,Device,Conv2DBackpropInput,gradient_tape/inception_resnet_v2/conv2d_73/Conv2D/Conv2DBackpropInput,2,503.81,251.905,503.81,251.905,0.0012397287509616074,0.32734863574126977,0.0,0.0
82,Device,Conv2DBackpropFilter,gradient_tape/inception_resnet_v2/conv2d_161/Conv2D/Conv2DBackpropFilter,2,485.377,242.6885,485.377,242.6885,0.0011943705403931883,0.32854300628166294,0.0,0.0
83,Device,Conv2DBackpropInput,gradient_tape/inception_resnet_v2/block17_1_conv/Conv2D/Conv2DBackpropInput,2,477.186,238.593,477.186,238.593,0.0011742148900505459,0.3297172211717135,0.0,0.0
84,Device,Conv2DBackpropInput,gradient_tape/inception_resnet_v2/block17_2_conv/Conv2D/Conv2DBackpropInput,2,475.138,237.569,475.138,237.569,0.0011691753622881567,0.33088639653400165,0.0,0.0
85,Device,Conv2DBackpropInput,gradient_tape/inception_resnet_v2/block17_4_conv/Conv2D/Conv2DBackpropInput,2,475.138,237.569,475.138,237.569,0.0011691753622881567,0.3320555718962898,0.0,0.0
86,Device,Conv2DBackpropInput,gradient_tape/inception_resnet_v2/block17_5_conv/Conv2D/Conv2DBackpropInput,2,475.138,237.569,475.138,237.569,0.0011691753622881567,0.333224747258578,0.0,0.0
87,Device,Conv2DBackpropInput,gradient_tape/inception_resnet_v2/block17_13_conv/Conv2D/Conv2DBackpropInput,2,474.114,237.057,474.114,237.057,0.001166655598406962,0.33439140285698493,0.0,0.0
88,Device,Conv2DBackpropInput,gradient_tape/inception_resnet_v2/block17_14_conv/Conv2D/Conv2DBackpropInput,2,474.114,237.057,474.114,237.057,0.001166655598406962,0.3355580584553919,0.0,0.0
89,Device,Conv2DBackpropInput,gradient_tape/inception_resnet_v2/block17_20_conv/Conv2D/Conv2DBackpropInput,2,474.114,237.057,474.114,237.057,0.001166655598406962,0.33672471405379883,0.0,0.0
90,Device,Conv2DBackpropInput,gradient_tape/inception_resnet_v2/block17_6_conv/Conv2D/Conv2DBackpropInput,2,474.114,237.057,474.114,237.057,0.001166655598406962,0.3378913696522058,0.0,0.0
91,Device,Conv2DBackpropInput,gradient_tape/inception_resnet_v2/block17_10_conv/Conv2D/Conv2DBackpropInput,2,473.09,236.545,473.09,236.545,0.0011641358345257672,0.3390555054867316,0.0,0.0
92,Device,Conv2DBackpropInput,gradient_tape/inception_resnet_v2/block17_11_conv/Conv2D/Conv2DBackpropInput,2,473.09,236.545,473.09,236.545,0.0011641358345257672,0.34021964132125737,0.0,0.0
93,Device,Conv2DBackpropInput,gradient_tape/inception_resnet_v2/block17_16_conv/Conv2D/Conv2DBackpropInput,2,473.09,236.545,473.09,236.545,0.0011641358345257672,0.34138377715578316,0.0,0.0
94,Device,Conv2DBackpropInput,gradient_tape/inception_resnet_v2/block17_3_conv/Conv2D/Conv2DBackpropInput,2,473.09,236.545,473.09,236.545,0.0011641358345257672,0.34254791299030896,0.0,0.0
95,Device,Conv2DBackpropInput,gradient_tape/inception_resnet_v2/block17_7_conv/Conv2D/Conv2DBackpropInput,2,473.09,236.545,473.09,236.545,0.0011641358345257672,0.34371204882483475,0.0,0.0
96,Device,Conv2DBackpropInput,gradient_tape/inception_resnet_v2/block17_17_conv/Conv2D/Conv2DBackpropInput,2,473.089,236.5445,473.089,236.5445,0.001164133373818852,0.3448761821986536,0.0,0.0
97,Device,Conv2DBackpropInput,gradient_tape/inception_resnet_v2/block17_15_conv/Conv2D/Conv2DBackpropInput,2,472.066,236.033,472.066,236.033,0.0011616160706445725,0.3460377982692982,0.0,0.0
98,Device,Conv2DBackpropInput,gradient_tape/inception_resnet_v2/block17_19_conv/Conv2D/Conv2DBackpropInput,2,472.066,236.033,472.066,236.033,0.0011616160706445725,0.3471994143399428,0.0,0.0
99,Device,Conv2DBackpropInput,gradient_tape/inception_resnet_v2/block17_8_conv/Conv2D/Conv2DBackpropInput,2,472.065,236.0325,472.065,236.0325,0.0011616136099376574,0.34836102794988044,0.0,0.0
100,Device,Conv2DBackpropInput,gradient_tape/inception_resnet_v2/block17_9_conv/Conv2D/Conv2DBackpropInput,2,471.042,235.521,471.042,235.521,0.001159096306763378,0.3495201242566438,0.0,0.0
101,Device,Conv2DBackpropInput,gradient_tape/inception_resnet_v2/block17_12_conv/Conv2D/Conv2DBackpropInput,2,471.041,235.5205,471.041,235.5205,0.0011590938460564627,0.35067921810270025,0.0,0.0
102,Device,Conv2DBackpropInput,gradient_tape/inception_resnet_v2/block17_18_conv/Conv2D/Conv2DBackpropInput,2,470.018,235.009,470.018,235.009,0.0011565765428821833,0.35183579464558246,0.0,0.0
103,Device,Conv2DBackpropFilter,gradient_tape/inception_resnet_v2/block35_10_conv/Conv2D/Conv2DBackpropFilter,2,468.994,234.497,468.994,234.497,0.0011540567790009888,0.35298985142458345,0.0,0.0
104,Device,Conv2DBackpropFilter,gradient_tape/inception_resnet_v2/block35_6_conv/Conv2D/Conv2DBackpropFilter,2,465.921,232.9605,465.921,232.9605,0.0011464950266504893,0.35413634645123393,0.0,0.0
105,Device,Conv2DBackpropFilter,gradient_tape/inception_resnet_v2/block35_4_conv/Conv2D/Conv2DBackpropFilter,2,462.85,231.425,462.85,231.425,0.0011389381957138207,0.35527528464694774,0.0,0.0
106,Device,Conv2DBackpropInput,gradient_tape/inception_resnet_v2/conv2d_161/Conv2D/Conv2DBackpropInput,2,462.849,231.4245,462.849,231.4245,0.0011389357350069054,0.35641422038195464,0.0,0.0
107,Device,Conv2DBackpropFilter,gradient_tape/inception_resnet_v2/block35_3_conv/Conv2D/Conv2DBackpropFilter,2,461.826,230.913,461.826,230.913,0.001136418431832626,0.3575506388137873,0.0,0.0
108,Device,Conv2DBackpropFilter,gradient_tape/inception_resnet_v2/block35_5_conv/Conv2D/Conv2DBackpropFilter,2,460.802,230.401,460.802,230.401,0.0011338986679514313,0.35868453748173873,0.0,0.0
109,Device,Conv2DBackpropFilter,gradient_tape/inception_resnet_v2/block35_1_conv/Conv2D/Conv2DBackpropFilter,2,455.682,227.841,455.682,227.841,0.001121299848545458,0.3598058373302842,0.0,0.0
110,Device,Conv2DBackpropFilter,gradient_tape/inception_resnet_v2/block35_9_conv/Conv2D/Conv2DBackpropFilter,2,454.658,227.329,454.658,227.329,0.0011187800846642634,0.36092461741494847,0.0,0.0
111,Device,Conv2D,inception_resnet_v2/block17_16_conv/Conv2D,2,453.634,226.817,453.634,226.817,0.0011162603207830687,0.3620408777357315,0.0,0.0
112,Device,Conv2D,inception_resnet_v2/block17_20_conv/Conv2D,2,453.634,226.817,453.634,226.817,0.0011162603207830687,0.36315713805651456,0.0,0.0
113,Device,Conv2DBackpropFilter,gradient_tape/inception_resnet_v2/block35_7_conv/Conv2D/Conv2DBackpropFilter,2,453.633,226.8165,453.633,226.8165,0.0011162578600761534,0.3642733959165907,0.0,0.0
114,Device,Conv2D,inception_resnet_v2/block17_18_conv/Conv2D,2,452.61,226.305,452.61,226.305,0.001113740556901874,0.3653871364734926,0.0,0.0
115,Device,Conv2D,inception_resnet_v2/block17_19_conv/Conv2D,2,452.61,226.305,452.61,226.305,0.001113740556901874,0.36650087703039447,0.0,0.0
116,Device,Conv2DBackpropFilter,gradient_tape/inception_resnet_v2/block35_2_conv/Conv2D/Conv2DBackpropFilter,2,452.609,226.3045,452.609,226.3045,0.0011137380961949587,0.36761461512658944,0.0,0.0
117,Device,Conv2D,inception_resnet_v2/block17_14_conv/Conv2D,2,451.586,225.793,451.586,225.793,0.0011112207930206793,0.3687258359196101,0.0,0.0
118,Device,Conv2D,inception_resnet_v2/block17_17_conv/Conv2D,2,451.586,225.793,451.586,225.793,0.0011112207930206793,0.3698370567126308,0.0,0.0
119,Device,Conv2D,inception_resnet_v2/block17_1_conv/Conv2D,2,451.586,225.793,451.586,225.793,0.0011112207930206793,0.37094827750565146,0.0,0.0
120,Device,Conv2D,inception_resnet_v2/block17_2_conv/Conv2D,2,451.586,225.793,451.586,225.793,0.0011112207930206793,0.37205949829867213,0.0,0.0
121,Device,FusedBatchNormV3,inception_resnet_v2/batch_normalization_3/FusedBatchNormV3,4,450.562,112.6405,450.562,112.6405,0.0011087010291394846,0.3731681993278116,0.0,0.0
122,Device,Conv2D,inception_resnet_v2/block17_11_conv/Conv2D,2,450.562,225.281,450.562,225.281,0.0011087010291394846,0.37427690035695105,0.0,0.0
123,Device,Conv2D,inception_resnet_v2/block17_12_conv/Conv2D,2,450.562,225.281,450.562,225.281,0.0011087010291394846,0.3753856013860905,0.0,0.0
124,Device,Conv2D,inception_resnet_v2/block17_13_conv/Conv2D,2,450.562,225.281,450.562,225.281,0.0011087010291394846,0.37649430241522996,0.0,0.0
125,Device,Conv2D,inception_resnet_v2/block17_4_conv/Conv2D,2,450.562,225.281,450.562,225.281,0.0011087010291394846,0.3776030034443694,0.0,0.0
126,Device,Conv2D,inception_resnet_v2/block17_5_conv/Conv2D,2,450.562,225.281,450.562,225.281,0.0011087010291394846,0.3787117044735089,0.0,0.0
127,Device,Conv2D,inception_resnet_v2/block17_8_conv/Conv2D,2,450.56,225.28,450.56,225.28,0.001108696107725654,0.37982040058123456,0.0,0.0
128,Device,Conv2D,inception_resnet_v2/block17_9_conv/Conv2D,2,450.56,225.28,450.56,225.28,0.001108696107725654,0.38092909668896024,0.0,0.0
129,Device,Conv2D,inception_resnet_v2/block17_15_conv/Conv2D,2,449.538,224.769,449.538,224.769,0.00110618126525829,0.38203527795421854,0.0,0.0
130,Device,Conv2D,inception_resnet_v2/block17_6_conv/Conv2D,2,449.537,224.7685,449.537,224.7685,0.0011061788045513747,0.3831414567587699,0.0,0.0
131,Device,Conv2D,inception_resnet_v2/block17_3_conv/Conv2D,2,448.514,224.257,448.514,224.257,0.0011036615013770954,0.384245118260147,0.0,0.0
132,Device,Conv2D,inception_resnet_v2/block17_7_conv/Conv2D,2,448.513,224.2565,448.513,224.2565,0.00110365904067018,0.3853487773008172,0.0,0.0
133,Device,Conv2D,inception_resnet_v2/block17_10_conv/Conv2D,2,448.512,224.256,448.512,224.256,0.0011036565799632649,0.38645243388078043,0.0,0.0
134,Device,Conv2DBackpropFilter,gradient_tape/inception_resnet_v2/block35_8_conv/Conv2D/Conv2DBackpropFilter,2,445.442,222.721,445.442,222.721,0.0010961022097335112,0.38754853609051393,0.0,0.0
135,Device,Conv2DBackpropFilter,gradient_tape/inception_resnet_v2/conv2d_156/Conv2D/Conv2DBackpropFilter,2,445.441,222.7205,445.441,222.7205,0.001096099749026596,0.3886446358395405,0.0,0.0
136,Device,Conv2DBackpropFilter,gradient_tape/inception_resnet_v2/conv2d_160/Conv2D/Conv2DBackpropFilter,2,444.417,222.2085,444.417,222.2085,0.0010935799851454014,0.38973821582468593,0.0,0.0
137,Device,Conv2DBackpropFilter,gradient_tape/inception_resnet_v2/conv2d_158/Conv2D/Conv2DBackpropFilter,2,442.37,221.185,442.37,221.185,0.0010885429180899273,0.39082675874277584,0.0,0.0
138,Device,FusedBatchNormV3,inception_resnet_v2/batch_normalization_73/FusedBatchNormV3,4,429.058,107.2645,429.058,107.2645,0.0010557859876343966,0.39188254473041023,0.0,0.0
139,Device,FusedBatchNormV3,inception_resnet_v2/batch_normalization_74/FusedBatchNormV3,4,429.058,107.2645,429.058,107.2645,0.0010557859876343966,0.3929383307180446,0.0,0.0
140,Device,Conv2DBackpropInput,gradient_tape/inception_resnet_v2/block8_9_conv/Conv2D/Conv2DBackpropInput,4,422.914,105.7285,422.914,105.7285,0.0010406674043472286,0.39397899812239184,0.0,0.0
141,Device,Conv2DBackpropInput,gradient_tape/inception_resnet_v2/block8_4_conv/Conv2D/Conv2DBackpropInput,4,422.913,105.72825,422.913,105.72825,0.0010406649436403134,0.39501966306603215,0.0,0.0
142,Device,Conv2DBackpropInput,gradient_tape/inception_resnet_v2/block8_10_conv/Conv2D/Conv2DBackpropInput,4,421.89,105.4725,421.89,105.4725,0.0010381476404660338,0.3960578107064982,0.0,0.0
143,Device,Conv2DBackpropInput,gradient_tape/inception_resnet_v2/block8_1_conv/Conv2D/Conv2DBackpropInput,4,421.89,105.4725,421.89,105.4725,0.0010381476404660338,0.39709595834696426,0.0,0.0
144,Device,Conv2DBackpropInput,gradient_tape/inception_resnet_v2/block8_3_conv/Conv2D/Conv2DBackpropInput,4,420.866,105.2165,420.866,105.2165,0.0010356278765848391,0.3981315862235491,0.0,0.0
145,Device,Conv2DBackpropInput,gradient_tape/inception_resnet_v2/block8_5_conv/Conv2D/Conv2DBackpropInput,4,420.866,105.2165,420.866,105.2165,0.0010356278765848391,0.39916721410013395,0.0,0.0
146,Device,Conv2DBackpropInput,gradient_tape/inception_resnet_v2/block8_2_conv/Conv2D/Conv2DBackpropInput,4,419.842,104.9605,419.842,104.9605,0.0010331081127036446,0.4002003222128376,0.0,0.0
147,Device,Conv2DBackpropInput,gradient_tape/inception_resnet_v2/block8_7_conv/Conv2D/Conv2DBackpropInput,4,419.842,104.9605,419.842,104.9605,0.0010331081127036446,0.4012334303255412,0.0,0.0
148,Device,Conv2DBackpropInput,gradient_tape/inception_resnet_v2/block8_6_conv/Conv2D/Conv2DBackpropInput,4,419.841,104.96025,419.841,104.96025,0.0010331056519967293,0.4022665359775379,0.0,0.0
149,Device,Conv2DBackpropInput,gradient_tape/inception_resnet_v2/block8_8_conv/Conv2D/Conv2DBackpropInput,4,418.817,104.70425,418.817,104.70425,0.0010305858881155348,0.4032971218656535,0.0,0.0
150,Device,Relu,inception_resnet_v2/activation/Relu,2,417.794,208.897,417.794,208.897,0.0010280685849412552,0.40432519045059473,0.0,0.0
151,Device,AddN,SGD/gradients/AddN_31,2,416.77,208.385,416.77,208.385,0.0010255488210600605,0.40535073927165477,0.0,0.0
152,Device,Conv2D,inception_resnet_v2/conv2d_10/Conv2D,2,412.672,206.336,412.672,206.336,0.0010154648441214516,0.40636620411577623,0.0,0.0
153,Device,AddN,SGD/gradients/AddN_10,2,411.649,205.8245,411.649,205.8245,0.001012947540947172,0.4073791516567234,0.0,0.0
154,Device,Conv2DBackpropFilter,gradient_tape/inception_resnet_v2/conv2d_7/Conv2D/Conv2DBackpropFilter,4,408.578,102.1445,408.578,102.1445,0.0010053907100105032,0.4083845423667339,0.0,0.0
155,Device,Conv2DBackpropInput,gradient_tape/inception_resnet_v2/conv2d_10/Conv2D/Conv2DBackpropInput,2,408.577,204.2885,408.577,204.2885,0.001005388249303588,0.40938993061603746,0.0,0.0
156,Device,Relu,inception_resnet_v2/activation_1/Relu,2,403.457,201.7285,403.457,201.7285,0.0009927894298976147,0.41038272004593507,0.0,0.0
157,Device,Conv2DBackpropFilter,gradient_tape/inception_resnet_v2/conv2d_108/Conv2D/Conv2DBackpropFilter,2,392.194,196.097,392.194,196.097,0.0009650744879113886,0.41134779453384646,0.0,0.0
158,Device,Conv2DBackpropFilter,gradient_tape/inception_resnet_v2/conv2d_76/Conv2D/Conv2DBackpropFilter,2,392.194,196.097,392.194,196.097,0.0009650744879113886,0.41231286902175784,0.0,0.0
159,Device,Conv2DBackpropFilter,gradient_tape/inception_resnet_v2/conv2d_92/Conv2D/Conv2DBackpropFilter,2,392.194,196.097,392.194,196.097,0.0009650744879113886,0.41327794350966923,0.0,0.0
160,Device,Conv2DBackpropFilter,gradient_tape/inception_resnet_v2/conv2d_80/Conv2D/Conv2DBackpropFilter,2,392.193,196.0965,392.193,196.0965,0.0009650720272044732,0.4142430155368737,0.0,0.0
161,Device,Conv2DBackpropFilter,gradient_tape/inception_resnet_v2/conv2d_124/Conv2D/Conv2DBackpropFilter,2,391.17,195.585,391.17,195.585,0.0009625547240301939,0.4152055702609039,0.0,0.0
162,Device,Conv2DBackpropFilter,gradient_tape/inception_resnet_v2/conv2d_140/Conv2D/Conv2DBackpropFilter,2,391.17,195.585,391.17,195.585,0.0009625547240301939,0.41616812498493405,0.0,0.0
163,Device,Conv2DBackpropFilter,gradient_tape/inception_resnet_v2/conv2d_100/Conv2D/Conv2DBackpropFilter,2,391.169,195.5845,391.169,195.5845,0.0009625522633232785,0.4171306772482573,0.0,0.0
164,Device,Conv2DBackpropFilter,gradient_tape/inception_resnet_v2/conv2d_128/Conv2D/Conv2DBackpropFilter,2,391.169,195.5845,391.169,195.5845,0.0009625522633232785,0.41809322951158057,0.0,0.0
165,Device,Conv2DBackpropFilter,gradient_tape/inception_resnet_v2/conv2d_132/Conv2D/Conv2DBackpropFilter,2,391.169,195.5845,391.169,195.5845,0.0009625522633232785,0.4190557817749038,0.0,0.0
166,Device,Conv2DBackpropFilter,gradient_tape/inception_resnet_v2/conv2d_148/Conv2D/Conv2DBackpropFilter,2,391.169,195.5845,391.169,195.5845,0.0009625522633232785,0.4200183340382271,0.0,0.0
167,Device,Conv2DBackpropFilter,gradient_tape/inception_resnet_v2/conv2d_104/Conv2D/Conv2DBackpropFilter,2,390.146,195.073,390.146,195.073,0.0009600349601489992,0.4209783689983761,0.0,0.0
168,Device,Conv2DBackpropFilter,gradient_tape/inception_resnet_v2/conv2d_120/Conv2D/Conv2DBackpropFilter,2,390.146,195.073,390.146,195.073,0.0009600349601489992,0.4219384039585251,0.0,0.0
169,Device,Conv2DBackpropFilter,gradient_tape/inception_resnet_v2/conv2d_136/Conv2D/Conv2DBackpropFilter,2,390.146,195.073,390.146,195.073,0.0009600349601489992,0.4228984389186741,0.0,0.0
170,Device,Conv2DBackpropFilter,gradient_tape/inception_resnet_v2/conv2d_112/Conv2D/Conv2DBackpropFilter,2,390.145,195.0725,390.145,195.0725,0.0009600324994420839,0.4238584714181162,0.0,0.0
171,Device,Conv2DBackpropFilter,gradient_tape/inception_resnet_v2/conv2d_116/Conv2D/Conv2DBackpropFilter,2,390.145,195.0725,390.145,195.0725,0.0009600324994420839,0.4248185039175583,0.0,0.0
172,Device,Conv2DBackpropFilter,gradient_tape/inception_resnet_v2/conv2d_84/Conv2D/Conv2DBackpropFilter,2,390.145,195.0725,390.145,195.0725,0.0009600324994420839,0.4257785364170004,0.0,0.0
173,Device,Conv2DBackpropFilter,gradient_tape/inception_resnet_v2/conv2d_96/Conv2D/Conv2DBackpropFilter,2,390.145,195.0725,390.145,195.0725,0.0009600324994420839,0.4267385689164425,0.0,0.0
174,Device,Conv2DBackpropFilter,gradient_tape/inception_resnet_v2/conv2d_88/Conv2D/Conv2DBackpropFilter,2,388.098,194.049,388.098,194.049,0.0009549954323866098,0.4276935643488291,0.0,0.0
175,Device,Conv2DBackpropFilter,gradient_tape/inception_resnet_v2/conv2d_144/Conv2D/Conv2DBackpropFilter,2,388.097,194.0485,388.097,194.0485,0.0009549929716796946,0.42864855732050877,0.0,0.0
176,Device,Conv2DBackpropFilter,gradient_tape/inception_resnet_v2/conv2d_152/Conv2D/Conv2DBackpropFilter,2,387.074,193.537,387.074,193.537,0.0009524756685054152,0.4296010329890142,0.0,0.0
177,Device,ReluGrad,gradient_tape/inception_resnet_v2/activation_3/ReluGrad,2,380.93,190.465,380.93,190.465,0.0009373570852182472,0.43053839007423245,0.0,0.0
178,Device,Conv2D,inception_resnet_v2/conv2d_3/Conv2D,2,369.666,184.833,369.666,184.833,0.0009096396825251058,0.43144802975675756,0.0,0.0
179,Device,Conv2DBackpropInput,gradient_tape/inception_resnet_v2/conv2d_157/Conv2D/Conv2DBackpropInput,2,368.641,184.3205,368.641,184.3205,0.000907117457936996,0.43235514721469454,0.0,0.0
180,Device,Conv2DBackpropInput,gradient_tape/inception_resnet_v2/conv2d_162/Conv2D/Conv2DBackpropInput,2,362.497,181.2485,362.497,181.2485,0.0008919988746498279,0.43324714608934434,0.0,0.0
181,Device,Conv2D,inception_resnet_v2/conv2d_162/Conv2D,4,350.21,87.5525,350.21,87.5525,0.0008617641687824071,0.43410891025812676,0.0,0.0
182,Device,MaxPool,inception_resnet_v2/max_pooling2d_1/MaxPool,2,348.16,174.08,348.16,174.08,0.0008567197196061874,0.43496562997773297,0.0,0.0
183,Device,SoftmaxCrossEntropyWithLogits,categorical_crossentropy/softmax_cross_entropy_with_logits,2,347.139,173.5695,347.139,173.5695,0.0008542073378457383,0.4358198373155787,0.0,0.0
184,Device,Conv2D,inception_resnet_v2/conv2d/Conv2D,2,346.112,173.056,346.112,173.056,0.0008516801918437981,0.4366715175074225,0.0,0.0
185,Device,Conv2DBackpropFilter,gradient_tape/inception_resnet_v2/conv2d_99/Conv2D/Conv2DBackpropFilter,4,337.921,84.48025,337.921,84.48025,0.0008315245415011558,0.43750304204892365,0.0,0.0
186,Device,Conv2DBackpropFilter,gradient_tape/inception_resnet_v2/conv2d_87/Conv2D/Conv2DBackpropFilter,4,336.898,84.2245,336.898,84.2245,0.0008290072383268764,0.4383320492872505,0.0,0.0
187,Device,Conv2DBackpropFilter,gradient_tape/inception_resnet_v2/conv2d_103/Conv2D/Conv2DBackpropFilter,4,336.897,84.22425,336.897,84.22425,0.0008290047776199612,0.43916105406487044,0.0,0.0
188,Device,Conv2DBackpropFilter,gradient_tape/inception_resnet_v2/conv2d_115/Conv2D/Conv2DBackpropFilter,4,336.897,84.22425,336.897,84.22425,0.0008290047776199612,0.4399900588424904,0.0,0.0
189,Device,Conv2DBackpropFilter,gradient_tape/inception_resnet_v2/conv2d_95/Conv2D/Conv2DBackpropFilter,4,336.897,84.22425,336.897,84.22425,0.0008290047776199612,0.4408190636201103,0.0,0.0
190,Device,Conv2DBackpropFilter,gradient_tape/inception_resnet_v2/conv2d_123/Conv2D/Conv2DBackpropFilter,4,335.874,83.9685,335.874,83.9685,0.0008264874744456818,0.441645551094556,0.0,0.0
191,Device,Conv2DBackpropFilter,gradient_tape/inception_resnet_v2/conv2d_135/Conv2D/Conv2DBackpropFilter,4,335.874,83.9685,335.874,83.9685,0.0008264874744456818,0.4424720385690017,0.0,0.0
192,Device,Conv2DBackpropFilter,gradient_tape/inception_resnet_v2/conv2d_79/Conv2D/Conv2DBackpropFilter,4,335.872,83.968,335.872,83.968,0.0008264825530318513,0.44329852112203355,0.0,0.0
193,Device,Conv2DBackpropFilter,gradient_tape/inception_resnet_v2/conv2d_119/Conv2D/Conv2DBackpropFilter,4,334.85,83.7125,334.85,83.7125,0.0008239677105644871,0.44412248883259803,0.0,0.0
194,Device,Conv2DBackpropFilter,gradient_tape/inception_resnet_v2/conv2d_91/Conv2D/Conv2DBackpropFilter,4,334.85,83.7125,334.85,83.7125,0.0008239677105644871,0.4449464565431625,0.0,0.0
195,Device,Conv2DBackpropFilter,gradient_tape/inception_resnet_v2/conv2d_127/Conv2D/Conv2DBackpropFilter,4,334.849,83.71225,334.849,83.71225,0.0008239652498575719,0.44577042179302007,0.0,0.0
196,Device,Conv2DBackpropFilter,gradient_tape/inception_resnet_v2/conv2d_143/Conv2D/Conv2DBackpropFilter,4,334.849,83.71225,334.849,83.71225,0.0008239652498575719,0.4465943870428776,0.0,0.0
197,Device,Conv2DBackpropFilter,gradient_tape/inception_resnet_v2/conv2d_155/Conv2D/Conv2DBackpropFilter,4,334.849,83.71225,334.849,83.71225,0.0008239652498575719,0.4474183522927352,0.0,0.0
198,Device,Conv2DBackpropFilter,gradient_tape/inception_resnet_v2/conv2d_107/Conv2D/Conv2DBackpropFilter,4,333.826,83.4565,333.826,83.4565,0.0008214479466832925,0.4482398002394185,0.0,0.0
199,Device,Conv2DBackpropFilter,gradient_tape/inception_resnet_v2/conv2d_139/Conv2D/Conv2DBackpropFilter,4,333.825,83.45625,333.825,83.45625,0.0008214454859763772,0.4490612457253949,0.0,0.0
200,Device,Conv2DBackpropFilter,gradient_tape/inception_resnet_v2/conv2d_83/Conv2D/Conv2DBackpropFilter,4,333.825,83.45625,333.825,83.45625,0.0008214454859763772,0.4498826912113713,0.0,0.0
201,Device,Conv2DBackpropInput,gradient_tape/inception_resnet_v2/conv2d_156/Conv2D/Conv2DBackpropInput,2,332.802,166.401,332.802,166.401,0.0008189281828020978,0.4507016193941734,0.0,0.0
202,Device,Conv2DBackpropFilter,gradient_tape/inception_resnet_v2/conv2d_131/Conv2D/Conv2DBackpropFilter,4,332.801,83.20025,332.801,83.20025,0.0008189257220951824,0.4515205451162686,0.0,0.0
203,Device,Conv2DBackpropFilter,gradient_tape/inception_resnet_v2/conv2d_147/Conv2D/Conv2DBackpropFilter,4,332.801,83.20025,332.801,83.20025,0.0008189257220951824,0.4523394708383638,0.0,0.0
204,Device,AddN,SGD/gradients/AddN_23,2,331.778,165.889,331.778,165.889,0.0008164084189209031,0.4531558792572847,0.0,0.0
205,Device,AddN,SGD/gradients/AddN_14,2,331.777,165.8885,331.777,165.8885,0.0008164059582139878,0.45397228521549865,0.0,0.0
206,Device,ReluGrad,gradient_tape/inception_resnet_v2/block35_4_ac/ReluGrad,2,331.777,165.8885,331.777,165.8885,0.0008164059582139878,0.4547886911737126,0.0,0.0
207,Device,ReluGrad,gradient_tape/inception_resnet_v2/block35_8_ac/ReluGrad,2,331.777,165.8885,331.777,165.8885,0.0008164059582139878,0.4556050971319266,0.0,0.0
208,Device,Conv2DBackpropFilter,gradient_tape/inception_resnet_v2/conv2d_111/Conv2D/Conv2DBackpropFilter,4,331.777,82.94425,331.777,82.94425,0.0008164059582139878,0.45642150309014057,0.0,0.0
209,Device,Conv2DBackpropInput,gradient_tape/inception_resnet_v2/conv2d_160/Conv2D/Conv2DBackpropInput,2,331.777,165.8885,331.777,165.8885,0.0008164059582139878,0.45723790904835454,0.0,0.0
210,Device,AddN,SGD/gradients/AddN_15,2,330.754,165.377,330.754,165.377,0.0008138886550397085,0.45805179770339427,0.0,0.0
211,Device,AddN,SGD/gradients/AddN_19,2,330.754,165.377,330.754,165.377,0.0008138886550397085,0.458865686358434,0.0,0.0
212,Device,AddN,SGD/gradients/AddN_27,2,330.754,165.377,330.754,165.377,0.0008138886550397085,0.45967957501347373,0.0,0.0
213,Device,ReluGrad,gradient_tape/inception_resnet_v2/block35_1_ac/ReluGrad,2,330.754,165.377,330.754,165.377,0.0008138886550397085,0.46049346366851346,0.0,0.0
214,Device,Conv2DBackpropFilter,gradient_tape/inception_resnet_v2/conv2d_151/Conv2D/Conv2DBackpropFilter,4,330.754,82.6885,330.754,82.6885,0.0008138886550397085,0.4613073523235532,0.0,0.0
215,Device,AddN,SGD/gradients/AddN_21,2,330.753,165.3765,330.753,165.3765,0.0008138861943327931,0.462121238517886,0.0,0.0
216,Device,AddN,SGD/gradients/AddN_22,2,330.753,165.3765,330.753,165.3765,0.0008138861943327931,0.4629351247122188,0.0,0.0
217,Device,AddN,SGD/gradients/AddN_24,2,330.753,165.3765,330.753,165.3765,0.0008138861943327931,0.46374901090655163,0.0,0.0
218,Device,AddN,SGD/gradients/AddN_28,2,330.753,165.3765,330.753,165.3765,0.0008138861943327931,0.46456289710088444,0.0,0.0
219,Device,AddN,SGD/gradients/AddN_29,2,330.753,165.3765,330.753,165.3765,0.0008138861943327931,0.46537678329521726,0.0,0.0
220,Device,AddN,SGD/gradients/AddN_30,2,330.753,165.3765,330.753,165.3765,0.0008138861943327931,0.46619066948955007,0.0,0.0
221,Device,ReluGrad,gradient_tape/inception_resnet_v2/block35_3_ac/ReluGrad,2,330.753,165.3765,330.753,165.3765,0.0008138861943327931,0.4670045556838829,0.0,0.0
222,Device,ReluGrad,gradient_tape/inception_resnet_v2/block35_2_ac/ReluGrad,2,329.73,164.865,329.73,164.865,0.0008113688911585138,0.4678159245750414,0.0,0.0
223,Device,AddN,SGD/gradients/AddN_12,2,329.729,164.8645,329.729,164.8645,0.0008113664304515985,0.468627291005493,0.0,0.0
224,Device,AddN,SGD/gradients/AddN_13,2,329.729,164.8645,329.729,164.8645,0.0008113664304515985,0.4694386574359446,0.0,0.0
225,Device,AddN,SGD/gradients/AddN_16,2,329.729,164.8645,329.729,164.8645,0.0008113664304515985,0.4702500238663962,0.0,0.0
226,Device,AddN,SGD/gradients/AddN_18,2,329.729,164.8645,329.729,164.8645,0.0008113664304515985,0.4710613902968478,0.0,0.0
227,Device,AddN,SGD/gradients/AddN_20,2,329.729,164.8645,329.729,164.8645,0.0008113664304515985,0.4718727567272994,0.0,0.0
228,Device,AddN,SGD/gradients/AddN_25,2,329.729,164.8645,329.729,164.8645,0.0008113664304515985,0.472684123157751,0.0,0.0
229,Device,Conv2D,inception_resnet_v2/conv2d_157/Conv2D,4,329.729,82.43225,329.729,82.43225,0.0008113664304515985,0.4734954895882026,0.0,0.0
230,Device,AddN,SGD/gradients/AddN_17,2,329.728,164.864,329.728,164.864,0.0008113639697446833,0.47430685355794727,0.0,0.0
231,Device,AddN,SGD/gradients/AddN_11,2,328.706,164.353,328.706,164.353,0.0008088491272773192,0.4751157026852246,0.0,0.0
232,Device,AddN,SGD/gradients/AddN_26,2,328.705,164.3525,328.705,164.3525,0.0008088466665704038,0.47592454935179496,0.0,0.0
233,Device,ReluGrad,gradient_tape/inception_resnet_v2/block35_5_ac/ReluGrad,2,328.705,164.3525,328.705,164.3525,0.0008088466665704038,0.47673339601836534,0.0,0.0
234,Device,ReluGrad,gradient_tape/inception_resnet_v2/block35_7_ac/ReluGrad,2,328.705,164.3525,328.705,164.3525,0.0008088466665704038,0.4775422426849357,0.0,0.0
235,Device,ReluGrad,gradient_tape/inception_resnet_v2/block35_9_ac/ReluGrad,2,328.705,164.3525,328.705,164.3525,0.0008088466665704038,0.4783510893515061,0.0,0.0
236,Device,ReluGrad,gradient_tape/inception_resnet_v2/block35_10_ac/ReluGrad,2,327.681,163.8405,327.681,163.8405,0.0008063269026892091,0.47915741625419533,0.0,0.0
237,Device,Conv2DBackpropInput,gradient_tape/inception_resnet_v2/conv2d_158/Conv2D/Conv2DBackpropInput,2,327.681,163.8405,327.681,163.8405,0.0008063269026892091,0.47996374315688456,0.0,0.0
238,Device,ReluGrad,gradient_tape/inception_resnet_v2/block35_6_ac/ReluGrad,2,324.61,162.305,324.61,162.305,0.0007987700717525404,0.4807625132286371,0.0,0.0
239,Device,Conv2D,inception_resnet_v2/block35_6_conv/Conv2D,2,323.586,161.793,323.586,161.793,0.0007962503078713458,0.48155876353650845,0.0,0.0
240,Device,Conv2D,inception_resnet_v2/block35_4_conv/Conv2D,2,320.514,160.257,320.514,160.257,0.0007886910162277618,0.4823474545527362,0.0,0.0
241,Device,Conv2D,inception_resnet_v2/block35_5_conv/Conv2D,2,320.514,160.257,320.514,160.257,0.0007886910162277618,0.48313614556896395,0.0,0.0
242,Device,Conv2D,inception_resnet_v2/block35_7_conv/Conv2D,2,320.513,160.2565,320.513,160.2565,0.0007886885555208464,0.4839248341244848,0.0,0.0
243,Device,AddV2,inception_resnet_v2/block35_5/add,2,319.49,159.745,319.49,159.745,0.000786171252346567,0.48471100537683137,0.0,0.0
244,Device,AddV2,inception_resnet_v2/block35_6/add,2,319.49,159.745,319.49,159.745,0.000786171252346567,0.48549717662917796,0.0,0.0
245,Device,AddV2,inception_resnet_v2/block35_3/add,2,319.488,159.744,319.488,159.744,0.0007861663309327365,0.4862833429601107,0.0,0.0
246,Device,Conv2D,inception_resnet_v2/conv2d_156/Conv2D,2,319.488,159.744,319.488,159.744,0.0007861663309327365,0.4870695092910435,0.0,0.0
247,Device,Conv2D,inception_resnet_v2/block35_1_conv/Conv2D,2,318.466,159.233,318.466,159.233,0.0007836514884653724,0.48785316077950885,0.0,0.0
248,Device,AddV2,inception_resnet_v2/block35_7/add,2,318.466,159.233,318.466,159.233,0.0007836514884653724,0.48863681226797423,0.0,0.0
249,Device,AddV2,inception_resnet_v2/block35_9/add,2,318.466,159.233,318.466,159.233,0.0007836514884653724,0.4894204637564396,0.0,0.0
250,Device,AddV2,inception_resnet_v2/block35_10/add,2,318.465,159.2325,318.465,159.2325,0.0007836490277584571,0.49020411278419807,0.0,0.0
251,Device,AddV2,inception_resnet_v2/block35_1/add,2,318.464,159.232,318.464,159.232,0.0007836465670515419,0.4909877593512496,0.0,0.0
252,Device,Conv2D,inception_resnet_v2/block35_2_conv/Conv2D,2,318.464,159.232,318.464,159.232,0.0007836465670515419,0.49177140591830115,0.0,0.0
253,Device,Conv2D,inception_resnet_v2/block35_10_conv/Conv2D,2,317.442,158.721,317.442,158.721,0.0007811317245841777,0.4925525376428853,0.0,0.0
254,Device,AddV2,inception_resnet_v2/block35_2/add,2,317.442,158.721,317.442,158.721,0.0007811317245841777,0.4933336693674695,0.0,0.0
255,Device,AddV2,inception_resnet_v2/block35_4/add,2,317.442,158.721,317.442,158.721,0.0007811317245841777,0.49411480109205363,0.0,0.0
256,Device,AddV2,inception_resnet_v2/block35_8/add,2,317.442,158.721,317.442,158.721,0.0007811317245841777,0.4948959328166378,0.0,0.0
257,Device,Conv2D,inception_resnet_v2/block35_8_conv/Conv2D,2,317.442,158.721,317.442,158.721,0.0007811317245841777,0.49567706454122196,0.0,0.0
258,Device,AddN,SGD/gradients/AddN_42,2,317.441,158.7205,317.441,158.7205,0.0007811292638772625,0.4964581938050992,0.0,0.0
259,Device,Conv2D,inception_resnet_v2/block35_9_conv/Conv2D,2,317.441,158.7205,317.441,158.7205,0.0007811292638772625,0.49723932306897645,0.0,0.0
260,Device,Conv2D,inception_resnet_v2/block35_3_conv/Conv2D,2,316.418,158.209,316.418,158.209,0.0007786119607029831,0.49801793502967945,0.0,0.0
261,Device,Conv2D,inception_resnet_v2/conv2d_9/Conv2D,2,316.418,158.209,316.418,158.209,0.0007786119607029831,0.49879654699038245,0.0,0.0
262,Device,Conv2DBackpropInput,gradient_tape/inception_resnet_v2/conv2d_103/Conv2D/Conv2DBackpropInput,4,316.416,79.104,316.416,79.104,0.0007786070392891526,0.4995751540296716,0.0,0.0
263,Device,Conv2D,inception_resnet_v2/conv2d_136/Conv2D,2,314.37,157.185,314.37,157.185,0.0007735724329405937,0.5003487264626122,0.0,0.0
264,Device,Conv2DBackpropInput,gradient_tape/inception_resnet_v2/conv2d_119/Conv2D/Conv2DBackpropInput,4,314.369,78.59225,314.369,78.59225,0.0007735699722336785,0.5011222964348458,0.0,0.0
265,Device,Conv2DBackpropInput,gradient_tape/inception_resnet_v2/conv2d_135/Conv2D/Conv2DBackpropInput,4,314.369,78.59225,314.369,78.59225,0.0007735699722336785,0.5018958664070795,0.0,0.0
266,Device,Conv2DBackpropInput,gradient_tape/inception_resnet_v2/conv2d_79/Conv2D/Conv2DBackpropInput,4,313.346,78.3365,313.346,78.3365,0.0007710526690593991,0.5026669190761389,0.0,0.0
267,Device,Conv2D,inception_resnet_v2/conv2d_158/Conv2D,2,313.346,156.673,313.346,156.673,0.0007710526690593991,0.5034379717451983,0.0,0.0
268,Device,Conv2D,inception_resnet_v2/conv2d_160/Conv2D,2,313.346,156.673,313.346,156.673,0.0007710526690593991,0.5042090244142577,0.0,0.0
269,Device,Conv2DBackpropInput,gradient_tape/inception_resnet_v2/conv2d_107/Conv2D/Conv2DBackpropInput,4,313.345,78.33625,313.345,78.33625,0.0007710502083524839,0.5049800746226102,0.0,0.0
270,Device,Conv2DBackpropFilter,gradient_tape/inception_resnet_v2/conv2d_133/Conv2D/Conv2DBackpropFilter,2,313.345,156.6725,313.345,156.6725,0.0007710502083524839,0.5057511248309626,0.0,0.0
271,Device,Conv2DBackpropInput,gradient_tape/inception_resnet_v2/conv2d_139/Conv2D/Conv2DBackpropInput,4,313.345,78.33625,313.345,78.33625,0.0007710502083524839,0.5065221750393151,0.0,0.0
272,Device,Conv2D,inception_resnet_v2/block8_6_conv/Conv2D,2,313.344,156.672,313.344,156.672,0.0007710477476455686,0.5072932227869607,0.0,0.0
273,Device,Conv2D,inception_resnet_v2/conv2d_100/Conv2D,2,313.344,156.672,313.344,156.672,0.0007710477476455686,0.5080642705346062,0.0,0.0
274,Device,Conv2DBackpropInput,gradient_tape/inception_resnet_v2/conv2d_143/Conv2D/Conv2DBackpropInput,4,312.322,78.0805,312.322,78.0805,0.0007685329051782044,0.5088328034397844,0.0,0.0
275,Device,Conv2DBackpropFilter,gradient_tape/inception_resnet_v2/conv2d_93/Conv2D/Conv2DBackpropFilter,2,312.322,156.161,312.322,156.161,0.0007685329051782044,0.5096013363449626,0.0,0.0
276,Device,Conv2D,inception_resnet_v2/conv2d_148/Conv2D,2,312.322,156.161,312.322,156.161,0.0007685329051782044,0.5103698692501408,0.0,0.0
277,Device,Conv2DBackpropFilter,gradient_tape/inception_resnet_v2/conv2d_101/Conv2D/Conv2DBackpropFilter,2,312.321,156.1605,312.321,156.1605,0.0007685304444712892,0.5111383996946122,0.0,0.0
278,Device,Conv2DBackpropFilter,gradient_tape/inception_resnet_v2/conv2d_105/Conv2D/Conv2DBackpropFilter,2,312.321,156.1605,312.321,156.1605,0.0007685304444712892,0.5119069301390835,0.0,0.0
279,Device,Conv2DBackpropFilter,gradient_tape/inception_resnet_v2/conv2d_121/Conv2D/Conv2DBackpropFilter,2,312.321,156.1605,312.321,156.1605,0.0007685304444712892,0.5126754605835548,0.0,0.0
280,Device,Conv2DBackpropInput,gradient_tape/inception_resnet_v2/conv2d_123/Conv2D/Conv2DBackpropInput,4,312.321,78.08025,312.321,78.08025,0.0007685304444712892,0.5134439910280262,0.0,0.0
281,Device,Conv2DBackpropFilter,gradient_tape/inception_resnet_v2/conv2d_141/Conv2D/Conv2DBackpropFilter,2,312.321,156.1605,312.321,156.1605,0.0007685304444712892,0.5142125214724975,0.0,0.0
282,Device,Conv2DBackpropInput,gradient_tape/inception_resnet_v2/conv2d_147/Conv2D/Conv2DBackpropInput,4,312.321,78.08025,312.321,78.08025,0.0007685304444712892,0.5149810519169689,0.0,0.0
283,Device,Conv2DBackpropInput,gradient_tape/inception_resnet_v2/conv2d_151/Conv2D/Conv2DBackpropInput,4,312.321,78.08025,312.321,78.08025,0.0007685304444712892,0.5157495823614402,0.0,0.0
284,Device,Conv2DBackpropInput,gradient_tape/inception_resnet_v2/conv2d_155/Conv2D/Conv2DBackpropInput,4,312.321,78.08025,312.321,78.08025,0.0007685304444712892,0.5165181128059115,0.0,0.0
285,Device,Conv2DBackpropInput,gradient_tape/inception_resnet_v2/conv2d_83/Conv2D/Conv2DBackpropInput,4,312.321,78.08025,312.321,78.08025,0.0007685304444712892,0.5172866432503829,0.0,0.0
286,Device,Conv2DBackpropInput,gradient_tape/inception_resnet_v2/conv2d_91/Conv2D/Conv2DBackpropInput,4,312.321,78.08025,312.321,78.08025,0.0007685304444712892,0.5180551736948542,0.0,0.0
287,Device,Conv2D,inception_resnet_v2/block8_1_conv/Conv2D,2,312.32,156.16,312.32,156.16,0.0007685279837643739,0.5188237016786186,0.0,0.0
288,Device,Conv2D,inception_resnet_v2/conv2d_80/Conv2D,2,312.32,156.16,312.32,156.16,0.0007685279837643739,0.5195922296623829,0.0,0.0
289,Device,Conv2D,inception_resnet_v2/conv2d_84/Conv2D,2,312.32,156.16,312.32,156.16,0.0007685279837643739,0.5203607576461473,0.0,0.0
290,Device,Conv2D,inception_resnet_v2/conv2d_108/Conv2D,2,311.298,155.649,311.298,155.649,0.0007660131412970097,0.5211267707874443,0.0,0.0
291,Device,Conv2D,inception_resnet_v2/conv2d_140/Conv2D,2,311.298,155.649,311.298,155.649,0.0007660131412970097,0.5218927839287413,0.0,0.0
292,Device,Conv2D,inception_resnet_v2/conv2d_144/Conv2D,2,311.298,155.649,311.298,155.649,0.0007660131412970097,0.5226587970700383,0.0,0.0
293,Device,Conv2D,inception_resnet_v2/conv2d_152/Conv2D,2,311.298,155.649,311.298,155.649,0.0007660131412970097,0.5234248102113352,0.0,0.0
294,Device,Conv2DBackpropInput,gradient_tape/inception_resnet_v2/conv2d_115/Conv2D/Conv2DBackpropInput,4,311.297,77.82425,311.297,77.82425,0.0007660106805900945,0.5241908208919254,0.0,0.0
295,Device,Conv2DBackpropInput,gradient_tape/inception_resnet_v2/conv2d_131/Conv2D/Conv2DBackpropInput,4,311.297,77.82425,311.297,77.82425,0.0007660106805900945,0.5249568315725155,0.0,0.0
296,Device,Conv2DBackpropFilter,gradient_tape/inception_resnet_v2/conv2d_145/Conv2D/Conv2DBackpropFilter,2,311.297,155.6485,311.297,155.6485,0.0007660106805900945,0.5257228422531056,0.0,0.0
297,Device,Conv2DBackpropInput,gradient_tape/inception_resnet_v2/conv2d_7/Conv2D/Conv2DBackpropInput,2,311.297,155.6485,311.297,155.6485,0.0007660106805900945,0.5264888529336957,0.0,0.0
298,Device,Conv2DBackpropFilter,gradient_tape/inception_resnet_v2/conv2d_85/Conv2D/Conv2DBackpropFilter,2,311.297,155.6485,311.297,155.6485,0.0007660106805900945,0.5272548636142859,0.0,0.0
299,Device,Conv2DBackpropInput,gradient_tape/inception_resnet_v2/conv2d_87/Conv2D/Conv2DBackpropInput,4,311.296,77.824,311.296,77.824,0.0007660082198831793,0.528020871834169,0.0,0.0
300,Device,Conv2DBackpropInput,gradient_tape/inception_resnet_v2/conv2d_111/Conv2D/Conv2DBackpropInput,4,310.274,77.5685,310.274,77.5685,0.000763493377415815,0.5287843652115848,0.0,0.0
301,Device,Conv2DBackpropInput,gradient_tape/inception_resnet_v2/conv2d_127/Conv2D/Conv2DBackpropInput,4,310.274,77.5685,310.274,77.5685,0.000763493377415815,0.5295478585890006,0.0,0.0
302,Device,Conv2DBackpropInput,gradient_tape/inception_resnet_v2/conv2d_95/Conv2D/Conv2DBackpropInput,4,310.274,77.5685,310.274,77.5685,0.000763493377415815,0.5303113519664163,0.0,0.0
303,Device,Conv2D,inception_resnet_v2/block8_4_conv/Conv2D,2,310.274,155.137,310.274,155.137,0.000763493377415815,0.5310748453438321,0.0,0.0
304,Device,Conv2D,inception_resnet_v2/conv2d_112/Conv2D,2,310.274,155.137,310.274,155.137,0.000763493377415815,0.5318383387212479,0.0,0.0
305,Device,Conv2D,inception_resnet_v2/conv2d_116/Conv2D,2,310.274,155.137,310.274,155.137,0.000763493377415815,0.5326018320986636,0.0,0.0
306,Device,Conv2D,inception_resnet_v2/conv2d_120/Conv2D,2,310.274,155.137,310.274,155.137,0.000763493377415815,0.5333653254760794,0.0,0.0
307,Device,Conv2D,inception_resnet_v2/conv2d_124/Conv2D,2,310.274,155.137,310.274,155.137,0.000763493377415815,0.5341288188534952,0.0,0.0
308,Device,Conv2D,inception_resnet_v2/conv2d_128/Conv2D,2,310.274,155.137,310.274,155.137,0.000763493377415815,0.5348923122309109,0.0,0.0
309,Device,Conv2DBackpropFilter,gradient_tape/inception_resnet_v2/conv2d_129/Conv2D/Conv2DBackpropFilter,2,310.273,155.1365,310.273,155.1365,0.0007634909167088999,0.5356558031476198,0.0,0.0
310,Device,Conv2DBackpropFilter,gradient_tape/inception_resnet_v2/conv2d_149/Conv2D/Conv2DBackpropFilter,2,310.273,155.1365,310.273,155.1365,0.0007634909167088999,0.5364192940643288,0.0,0.0
311,Device,Conv2D,inception_resnet_v2/block8_9_conv/Conv2D,2,310.273,155.1365,310.273,155.1365,0.0007634909167088999,0.5371827849810377,0.0,0.0
312,Device,Conv2D,inception_resnet_v2/block8_7_conv/Conv2D,2,310.272,155.136,310.272,155.136,0.0007634884560019845,0.5379462734370396,0.0,0.0
313,Device,Conv2D,inception_resnet_v2/conv2d_104/Conv2D,2,310.272,155.136,310.272,155.136,0.0007634884560019845,0.5387097618930415,0.0,0.0
314,Device,Conv2D,inception_resnet_v2/conv2d_88/Conv2D,2,310.272,155.136,310.272,155.136,0.0007634884560019845,0.5394732503490435,0.0,0.0
315,Device,Conv2D,inception_resnet_v2/conv2d_96/Conv2D,2,310.272,155.136,310.272,155.136,0.0007634884560019845,0.5402367388050454,0.0,0.0
316,Device,Conv2D,inception_resnet_v2/block8_2_conv/Conv2D,2,309.25,154.625,309.25,154.625,0.0007609736135346203,0.5409977124185801,0.0,0.0
317,Device,Conv2D,inception_resnet_v2/block8_5_conv/Conv2D,2,309.25,154.625,309.25,154.625,0.0007609736135346203,0.5417586860321147,0.0,0.0
318,Device,Conv2D,inception_resnet_v2/block8_8_conv/Conv2D,2,309.25,154.625,309.25,154.625,0.0007609736135346203,0.5425196596456494,0.0,0.0
319,Device,Conv2D,inception_resnet_v2/conv2d_132/Conv2D,2,309.25,154.625,309.25,154.625,0.0007609736135346203,0.5432806332591841,0.0,0.0
320,Device,Conv2D,inception_resnet_v2/conv2d_159/Conv2D,4,309.25,77.3125,309.25,77.3125,0.0007609736135346203,0.5440416068727187,0.0,0.0
321,Device,Conv2DBackpropFilter,gradient_tape/inception_resnet_v2/conv2d_89/Conv2D/Conv2DBackpropFilter,2,309.249,154.6245,309.249,154.6245,0.0007609711528277052,0.5448025780255464,0.0,0.0
322,Device,Conv2DBackpropInput,gradient_tape/inception_resnet_v2/conv2d_99/Conv2D/Conv2DBackpropInput,4,309.249,77.31225,309.249,77.31225,0.0007609711528277052,0.5455635491783741,0.0,0.0
323,Device,Conv2D,inception_resnet_v2/conv2d_76/Conv2D,2,309.248,154.624,309.248,154.624,0.0007609686921207899,0.546324517870495,0.0,0.0
324,Device,Conv2D,inception_resnet_v2/conv2d_92/Conv2D,2,309.248,154.624,309.248,154.624,0.0007609686921207899,0.5470854865626158,0.0,0.0
325,Device,Conv2DBackpropFilter,gradient_tape/inception_resnet_v2/conv2d_109/Conv2D/Conv2DBackpropFilter,2,308.226,154.113,308.226,154.113,0.0007584538496534257,0.5478439404122692,0.0,0.0
326,Device,Conv2DBackpropFilter,gradient_tape/inception_resnet_v2/conv2d_125/Conv2D/Conv2DBackpropFilter,2,308.226,154.113,308.226,154.113,0.0007584538496534257,0.5486023942619227,0.0,0.0
327,Device,Conv2DBackpropFilter,gradient_tape/inception_resnet_v2/conv2d_137/Conv2D/Conv2DBackpropFilter,2,308.226,154.113,308.226,154.113,0.0007584538496534257,0.5493608481115761,0.0,0.0
328,Device,Conv2DBackpropFilter,gradient_tape/inception_resnet_v2/conv2d_153/Conv2D/Conv2DBackpropFilter,2,308.226,154.113,308.226,154.113,0.0007584538496534257,0.5501193019612296,0.0,0.0
329,Device,Conv2D,inception_resnet_v2/block8_10_conv/Conv2D,2,308.226,154.113,308.226,154.113,0.0007584538496534257,0.550877755810883,0.0,0.0
330,Device,Conv2DBackpropFilter,gradient_tape/inception_resnet_v2/conv2d_113/Conv2D/Conv2DBackpropFilter,2,308.225,154.1125,308.225,154.1125,0.0007584513889465106,0.5516362071998295,0.0,0.0
331,Device,Conv2DBackpropFilter,gradient_tape/inception_resnet_v2/conv2d_81/Conv2D/Conv2DBackpropFilter,2,308.224,154.112,308.224,154.112,0.0007584489282395952,0.5523946561280692,0.0,0.0
332,Device,Conv2D,inception_resnet_v2/block8_3_conv/Conv2D,2,307.202,153.601,307.202,153.601,0.000755934085772231,0.5531505902138414,0.0,0.0
333,Device,Conv2DBackpropFilter,gradient_tape/inception_resnet_v2/conv2d_117/Conv2D/Conv2DBackpropFilter,2,307.201,153.6005,307.201,153.6005,0.0007559316250653159,0.5539065218389067,0.0,0.0
334,Device,Conv2DBackpropFilter,gradient_tape/inception_resnet_v2/conv2d_97/Conv2D/Conv2DBackpropFilter,2,307.201,153.6005,307.201,153.6005,0.0007559316250653159,0.5546624534639719,0.0,0.0
335,Device,Conv2D,inception_resnet_v2/conv2d_7/Conv2D,4,307.2,76.8,307.2,76.8,0.0007559291643584005,0.5554183826283303,0.0,0.0
336,Device,Conv2DBackpropFilter,gradient_tape/inception_resnet_v2/conv2d_77/Conv2D/Conv2DBackpropFilter,2,306.177,153.0885,306.177,153.0885,0.0007534118611841211,0.5561717944895145,0.0,0.0
337,Device,Conv2DBackpropInput,gradient_tape/inception_resnet_v2/conv2d_159/Conv2D/Conv2DBackpropInput,2,305.154,152.577,305.154,152.577,0.0007508945580098417,0.5569226890475243,0.0,0.0
338,Device,Conv2DBackpropFilter,gradient_tape/inception_resnet_v2/conv2d_21/Conv2D/Conv2DBackpropFilter,2,299.01,149.505,299.01,149.505,0.0007357759747226737,0.5576584650222469,0.0,0.0
339,Device,Conv2DBackpropFilter,gradient_tape/inception_resnet_v2/conv2d_51/Conv2D/Conv2DBackpropFilter,2,299.009,149.5045,299.009,149.5045,0.0007357735140157585,0.5583942385362627,0.0,0.0
340,Device,Conv2DBackpropFilter,gradient_tape/inception_resnet_v2/conv2d_61/Conv2D/Conv2DBackpropFilter,2,299.009,149.5045,299.009,149.5045,0.0007357735140157585,0.5591300120502785,0.0,0.0
341,Device,Conv2DBackpropFilter,gradient_tape/inception_resnet_v2/conv2d_19/Conv2D/Conv2DBackpropFilter,2,297.985,148.9925,297.985,148.9925,0.0007332537501345638,0.559863265800413,0.0,0.0
342,Device,Conv2DBackpropFilter,gradient_tape/inception_resnet_v2/conv2d_31/Conv2D/Conv2DBackpropFilter,2,297.985,148.9925,297.985,148.9925,0.0007332537501345638,0.5605965195505476,0.0,0.0
343,Device,Conv2DBackpropFilter,gradient_tape/inception_resnet_v2/conv2d_48/Conv2D/Conv2DBackpropFilter,2,297.985,148.9925,297.985,148.9925,0.0007332537501345638,0.5613297733006821,0.0,0.0
344,Device,Conv2DBackpropFilter,gradient_tape/inception_resnet_v2/conv2d_66/Conv2D/Conv2DBackpropFilter,2,297.985,148.9925,297.985,148.9925,0.0007332537501345638,0.5620630270508167,0.0,0.0
345,Device,Conv2DBackpropFilter,gradient_tape/inception_resnet_v2/conv2d_24/Conv2D/Conv2DBackpropFilter,2,296.962,148.481,296.962,148.481,0.0007307364469602843,0.562793763497777,0.0,0.0
346,Device,Conv2DBackpropFilter,gradient_tape/inception_resnet_v2/conv2d_27/Conv2D/Conv2DBackpropFilter,2,296.962,148.481,296.962,148.481,0.0007307364469602843,0.5635244999447373,0.0,0.0
347,Device,Conv2DBackpropFilter,gradient_tape/inception_resnet_v2/conv2d_49/Conv2D/Conv2DBackpropFilter,2,296.961,148.4805,296.961,148.4805,0.0007307339862533691,0.5642552339309906,0.0,0.0
348,Device,Conv2DBackpropFilter,gradient_tape/inception_resnet_v2/conv2d_63/Conv2D/Conv2DBackpropFilter,2,296.961,148.4805,296.961,148.4805,0.0007307339862533691,0.564985967917244,0.0,0.0
349,Device,Conv2DBackpropFilter,gradient_tape/inception_resnet_v2/conv2d_69/Conv2D/Conv2DBackpropFilter,2,296.961,148.4805,296.961,148.4805,0.0007307339862533691,0.5657167019034973,0.0,0.0
350,Device,Conv2DBackpropFilter,gradient_tape/inception_resnet_v2/conv2d_43/Conv2D/Conv2DBackpropFilter,2,296.96,148.48,296.96,148.48,0.0007307315255464539,0.5664474334290438,0.0,0.0
351,Device,Conv2DBackpropFilter,gradient_tape/inception_resnet_v2/conv2d_36/Conv2D/Conv2DBackpropFilter,2,295.937,147.9685,295.937,147.9685,0.0007282142223721745,0.5671756476514159,0.0,0.0
352,Device,Conv2DBackpropFilter,gradient_tape/inception_resnet_v2/conv2d_60/Conv2D/Conv2DBackpropFilter,2,295.937,147.9685,295.937,147.9685,0.0007282142223721745,0.567903861873788,0.0,0.0
353,Device,Conv2DBackpropFilter,gradient_tape/inception_resnet_v2/conv2d_30/Conv2D/Conv2DBackpropFilter,2,294.913,147.4565,294.913,147.4565,0.0007256944584909798,0.5686295563322791,0.0,0.0
354,Device,Conv2DBackpropFilter,gradient_tape/inception_resnet_v2/conv2d_33/Conv2D/Conv2DBackpropFilter,2,294.913,147.4565,294.913,147.4565,0.0007256944584909798,0.5693552507907701,0.0,0.0
355,Device,Conv2DBackpropFilter,gradient_tape/inception_resnet_v2/conv2d_37/Conv2D/Conv2DBackpropFilter,2,294.913,147.4565,294.913,147.4565,0.0007256944584909798,0.5700809452492611,0.0,0.0
356,Device,Conv2DBackpropFilter,gradient_tape/inception_resnet_v2/conv2d_67/Conv2D/Conv2DBackpropFilter,2,294.913,147.4565,294.913,147.4565,0.0007256944584909798,0.5708066397077521,0.0,0.0
357,Device,Conv2DBackpropFilter,gradient_tape/inception_resnet_v2/conv2d_13/Conv2D/Conv2DBackpropFilter,2,293.889,146.9445,293.889,146.9445,0.0007231746946097851,0.571529814402362,0.0,0.0
358,Device,Conv2DBackpropFilter,gradient_tape/inception_resnet_v2/conv2d_15/Conv2D/Conv2DBackpropFilter,2,293.889,146.9445,293.889,146.9445,0.0007231746946097851,0.5722529890969718,0.0,0.0
359,Device,Conv2DBackpropFilter,gradient_tape/inception_resnet_v2/conv2d_39/Conv2D/Conv2DBackpropFilter,2,293.889,146.9445,293.889,146.9445,0.0007231746946097851,0.5729761637915816,0.0,0.0
360,Device,Conv2DBackpropFilter,gradient_tape/inception_resnet_v2/conv2d_25/Conv2D/Conv2DBackpropFilter,2,292.866,146.433,292.866,146.433,0.0007206573914355056,0.573696821183017,0.0,0.0
361,Device,Conv2DBackpropFilter,gradient_tape/inception_resnet_v2/conv2d_5/Conv2D/Conv2DBackpropFilter,2,292.866,146.433,292.866,146.433,0.0007206573914355056,0.5744174785744525,0.0,0.0
362,Device,Conv2DBackpropFilter,gradient_tape/inception_resnet_v2/conv2d_12/Conv2D/Conv2DBackpropFilter,2,292.865,146.4325,292.865,146.4325,0.0007206549307285905,0.5751381335051811,0.0,0.0
363,Device,Conv2DBackpropFilter,gradient_tape/inception_resnet_v2/conv2d_18/Conv2D/Conv2DBackpropFilter,2,292.865,146.4325,292.865,146.4325,0.0007206549307285905,0.5758587884359097,0.0,0.0
364,Device,Conv2DBackpropFilter,gradient_tape/inception_resnet_v2/conv2d_45/Conv2D/Conv2DBackpropFilter,2,292.865,146.4325,292.865,146.4325,0.0007206549307285905,0.5765794433666382,0.0,0.0
365,Device,Conv2DBackpropFilter,gradient_tape/inception_resnet_v2/conv2d_54/Conv2D/Conv2DBackpropFilter,2,292.865,146.4325,292.865,146.4325,0.0007206549307285905,0.5773000982973668,0.0,0.0
366,Device,Conv2DBackpropFilter,gradient_tape/inception_resnet_v2/conv2d_55/Conv2D/Conv2DBackpropFilter,2,292.865,146.4325,292.865,146.4325,0.0007206549307285905,0.5780207532280954,0.0,0.0
367,Device,Conv2DBackpropFilter,gradient_tape/inception_resnet_v2/conv2d_57/Conv2D/Conv2DBackpropFilter,2,291.841,145.9205,291.841,145.9205,0.0007181351668473958,0.5787388883949428,0.0,0.0
368,Device,Conv2DBackpropFilter,gradient_tape/inception_resnet_v2/conv2d_42/Conv2D/Conv2DBackpropFilter,2,290.817,145.4085,290.817,145.4085,0.0007156154029662012,0.579454503797909,0.0,0.0
369,Device,Conv2DBackpropFilter,gradient_tape/inception_resnet_v2/conv2d_157/Conv2D/Conv2DBackpropFilter,2,289.793,144.8965,289.793,144.8965,0.0007130956390850064,0.580167599436994,0.0,0.0
370,Device,Conv2DBackpropInput,gradient_tape/inception_resnet_v2/conv2d_9/Conv2D/Conv2DBackpropInput,2,289.792,144.896,289.792,144.896,0.0007130931783780911,0.5808806926153721,0.0,0.0
371,Device,Conv2DBackpropFilter,gradient_tape/inception_resnet_v2/conv2d_59/Conv2D/Conv2DBackpropFilter,2,287.746,143.873,287.746,143.873,0.0007080585720295323,0.5815887511874016,0.0,0.0
372,Device,Conv2DBackpropFilter,gradient_tape/inception_resnet_v2/conv2d_162/Conv2D/Conv2DBackpropFilter,2,278.529,139.2645,278.529,139.2645,0.0006853782363918651,0.5822741294237935,0.0,0.0
373,Device,Conv2DBackpropInput,gradient_tape/inception_resnet_v2/conv2d_124/Conv2D/Conv2DBackpropInput,2,277.505,138.7525,277.505,138.7525,0.0006828584725106704,0.5829569878963042,0.0,0.0
374,Device,Conv2DBackpropInput,gradient_tape/inception_resnet_v2/conv2d_128/Conv2D/Conv2DBackpropInput,2,277.505,138.7525,277.505,138.7525,0.0006828584725106704,0.5836398463688149,0.0,0.0
375,Device,Conv2DBackpropInput,gradient_tape/inception_resnet_v2/conv2d_84/Conv2D/Conv2DBackpropInput,2,277.505,138.7525,277.505,138.7525,0.0006828584725106704,0.5843227048413256,0.0,0.0
376,Device,Conv2DBackpropInput,gradient_tape/inception_resnet_v2/conv2d_80/Conv2D/Conv2DBackpropInput,2,276.482,138.241,276.482,138.241,0.000680341169336391,0.585003046010662,0.0,0.0
377,Device,Conv2DBackpropInput,gradient_tape/inception_resnet_v2/conv2d_96/Conv2D/Conv2DBackpropInput,2,276.482,138.241,276.482,138.241,0.000680341169336391,0.5856833871799983,0.0,0.0
378,Device,Conv2DBackpropInput,gradient_tape/inception_resnet_v2/conv2d_116/Conv2D/Conv2DBackpropInput,2,276.481,138.2405,276.481,138.2405,0.0006803387086294757,0.5863637258886278,0.0,0.0
379,Device,Conv2DBackpropInput,gradient_tape/inception_resnet_v2/conv2d_140/Conv2D/Conv2DBackpropInput,2,276.481,138.2405,276.481,138.2405,0.0006803387086294757,0.5870440645972573,0.0,0.0
380,Device,Conv2DBackpropInput,gradient_tape/inception_resnet_v2/conv2d_92/Conv2D/Conv2DBackpropInput,2,276.481,138.2405,276.481,138.2405,0.0006803387086294757,0.5877244033058868,0.0,0.0
381,Device,Conv2DBackpropInput,gradient_tape/inception_resnet_v2/conv2d_100/Conv2D/Conv2DBackpropInput,2,275.457,137.7285,275.457,137.7285,0.0006778189447482811,0.5884022222506351,0.0,0.0
382,Device,Conv2DBackpropFilter,gradient_tape/inception_resnet_v2/conv2d_40/Conv2D/Conv2DBackpropFilter,4,275.457,68.86425,275.457,68.86425,0.0006778189447482811,0.5890800411953834,0.0,0.0
383,Device,Conv2DBackpropInput,gradient_tape/inception_resnet_v2/conv2d_104/Conv2D/Conv2DBackpropInput,2,275.456,137.728,275.456,137.728,0.0006778164840413659,0.5897578576794248,0.0,0.0
384,Device,Conv2DBackpropInput,gradient_tape/inception_resnet_v2/conv2d_120/Conv2D/Conv2DBackpropInput,2,275.456,137.728,275.456,137.728,0.0006778164840413659,0.5904356741634662,0.0,0.0
385,Device,Conv2DBackpropInput,gradient_tape/inception_resnet_v2/conv2d_88/Conv2D/Conv2DBackpropInput,2,275.456,137.728,275.456,137.728,0.0006778164840413659,0.5911134906475076,0.0,0.0
386,Device,Conv2DBackpropInput,gradient_tape/inception_resnet_v2/conv2d_112/Conv2D/Conv2DBackpropInput,2,274.434,137.217,274.434,137.217,0.0006753016415740017,0.5917887922890817,0.0,0.0
387,Device,Conv2DBackpropInput,gradient_tape/inception_resnet_v2/conv2d_108/Conv2D/Conv2DBackpropInput,2,274.433,137.2165,274.433,137.2165,0.0006752991808670864,0.5924640914699487,0.0,0.0
388,Device,Conv2DBackpropInput,gradient_tape/inception_resnet_v2/conv2d_136/Conv2D/Conv2DBackpropInput,2,274.433,137.2165,274.433,137.2165,0.0006752991808670864,0.5931393906508158,0.0,0.0
389,Device,Conv2DBackpropInput,gradient_tape/inception_resnet_v2/conv2d_144/Conv2D/Conv2DBackpropInput,2,274.433,137.2165,274.433,137.2165,0.0006752991808670864,0.5938146898316828,0.0,0.0
390,Device,Conv2DBackpropInput,gradient_tape/inception_resnet_v2/conv2d_148/Conv2D/Conv2DBackpropInput,2,274.433,137.2165,274.433,137.2165,0.0006752991808670864,0.5944899890125499,0.0,0.0
391,Device,Conv2DBackpropFilter,gradient_tape/inception_resnet_v2/conv2d_16/Conv2D/Conv2DBackpropFilter,4,274.433,68.60825,274.433,68.60825,0.0006752991808670864,0.595165288193417,0.0,0.0
392,Device,Conv2DBackpropFilter,gradient_tape/inception_resnet_v2/conv2d_52/Conv2D/Conv2DBackpropFilter,4,274.433,68.60825,274.433,68.60825,0.0006752991808670864,0.595840587374284,0.0,0.0
393,Device,Conv2DBackpropInput,gradient_tape/inception_resnet_v2/conv2d_132/Conv2D/Conv2DBackpropInput,2,273.409,136.7045,273.409,136.7045,0.0006727794169858918,0.5965133667912699,0.0,0.0
394,Device,Conv2DBackpropInput,gradient_tape/inception_resnet_v2/conv2d_152/Conv2D/Conv2DBackpropInput,2,273.409,136.7045,273.409,136.7045,0.0006727794169858918,0.5971861462082557,0.0,0.0
395,Device,Conv2DBackpropFilter,gradient_tape/inception_resnet_v2/conv2d_22/Conv2D/Conv2DBackpropFilter,4,273.409,68.35225,273.409,68.35225,0.0006727794169858918,0.5978589256252416,0.0,0.0
396,Device,Conv2DBackpropFilter,gradient_tape/inception_resnet_v2/conv2d_34/Conv2D/Conv2DBackpropFilter,4,273.409,68.35225,273.409,68.35225,0.0006727794169858918,0.5985317050422274,0.0,0.0
397,Device,Conv2DBackpropFilter,gradient_tape/inception_resnet_v2/conv2d_17/Conv2D/Conv2DBackpropFilter,2,272.385,136.1925,272.385,136.1925,0.000670259653104697,0.5992019646953322,0.0,0.0
398,Device,Conv2DBackpropInput,gradient_tape/inception_resnet_v2/conv2d_3/Conv2D/Conv2DBackpropInput,2,272.385,136.1925,272.385,136.1925,0.000670259653104697,0.5998722243484369,0.0,0.0
399,Device,Conv2DBackpropFilter,gradient_tape/inception_resnet_v2/conv2d_58/Conv2D/Conv2DBackpropFilter,4,272.385,68.09625,272.385,68.09625,0.000670259653104697,0.6005424840015416,0.0,0.0
400,Device,Conv2DBackpropInput,gradient_tape/inception_resnet_v2/conv2d_76/Conv2D/Conv2DBackpropInput,2,271.362,135.681,271.362,135.681,0.0006677423499304177,0.601210226351472,0.0,0.0
401,Device,Conv2DBackpropFilter,gradient_tape/inception_resnet_v2/conv2d_46/Conv2D/Conv2DBackpropFilter,4,271.36,67.84,271.36,67.84,0.0006677374285165872,0.6018779637799886,0.0,0.0
402,Device,Conv2DBackpropFilter,gradient_tape/inception_resnet_v2/conv2d_70/Conv2D/Conv2DBackpropFilter,4,270.337,67.58425,270.337,67.58425,0.0006652201253423077,0.6025431839053309,0.0,0.0
403,Device,Conv2DBackpropFilter,gradient_tape/inception_resnet_v2/conv2d_65/Conv2D/Conv2DBackpropFilter,2,269.314,134.657,269.314,134.657,0.0006627028221680284,0.603205886727499,0.0,0.0
404,Device,Conv2DBackpropInput,gradient_tape/inception_resnet_v2/block35_8_conv/Conv2D/Conv2DBackpropInput,2,269.313,134.6565,269.313,134.6565,0.000662700361461113,0.6038685870889601,0.0,0.0
405,Device,Conv2DBackpropFilter,gradient_tape/inception_resnet_v2/conv2d_28/Conv2D/Conv2DBackpropFilter,4,269.313,67.32825,269.313,67.32825,0.000662700361461113,0.6045312874504212,0.0,0.0
406,Device,Conv2DBackpropFilter,gradient_tape/inception_resnet_v2/conv2d_159/Conv2D/Conv2DBackpropFilter,2,269.312,134.656,269.312,134.656,0.0006626979007541979,0.6051939853511754,0.0,0.0
407,Device,Conv2DBackpropInput,gradient_tape/inception_resnet_v2/block35_5_conv/Conv2D/Conv2DBackpropInput,2,268.289,134.1445,268.289,134.1445,0.0006601805975799184,0.6058541659487553,0.0,0.0
408,Device,Conv2DBackpropInput,gradient_tape/inception_resnet_v2/block35_7_conv/Conv2D/Conv2DBackpropInput,2,268.289,134.1445,268.289,134.1445,0.0006601805975799184,0.6065143465463352,0.0,0.0
409,Device,Conv2DBackpropInput,gradient_tape/inception_resnet_v2/block35_9_conv/Conv2D/Conv2DBackpropInput,2,268.289,134.1445,268.289,134.1445,0.0006601805975799184,0.6071745271439151,0.0,0.0
410,Device,Conv2D,inception_resnet_v2/conv2d_147/Conv2D,4,267.266,66.8165,267.266,66.8165,0.000657663294405639,0.6078321904383207,0.0,0.0
411,Device,Conv2DBackpropFilter,gradient_tape/inception_resnet_v2/conv2d_64/Conv2D/Conv2DBackpropFilter,4,267.265,66.81625,267.265,66.81625,0.0006576608336987237,0.6084898512720194,0.0,0.0
412,Device,Conv2D,inception_resnet_v2/conv2d_131/Conv2D,4,267.265,66.81625,267.265,66.81625,0.0006576608336987237,0.609147512105718,0.0,0.0
413,Device,Conv2D,inception_resnet_v2/conv2d_111/Conv2D,4,267.264,66.816,267.264,66.816,0.0006576583729918085,0.6098051704787099,0.0,0.0
414,Device,Conv2D,inception_resnet_v2/conv2d_127/Conv2D,4,267.264,66.816,267.264,66.816,0.0006576583729918085,0.6104628288517017,0.0,0.0
415,Device,Conv2DBackpropInput,gradient_tape/inception_resnet_v2/block35_10_conv/Conv2D/Conv2DBackpropInput,2,266.242,133.121,266.242,133.121,0.0006551435305244443,0.6111179723822261,0.0,0.0
416,Device,Conv2D,inception_resnet_v2/conv2d_143/Conv2D,4,266.242,66.5605,266.242,66.5605,0.0006551435305244443,0.6117731159127505,0.0,0.0
417,Device,Conv2DBackpropInput,gradient_tape/inception_resnet_v2/block35_6_conv/Conv2D/Conv2DBackpropInput,2,266.241,133.1205,266.241,133.1205,0.0006551410698175291,0.6124282569825681,0.0,0.0
418,Device,Conv2D,inception_resnet_v2/conv2d_119/Conv2D,4,266.24,66.56,266.24,66.56,0.0006551386091106138,0.6130833955916787,0.0,0.0
419,Device,Conv2D,inception_resnet_v2/conv2d_151/Conv2D,4,265.218,66.3045,265.218,66.3045,0.0006526237666432497,0.6137360193583219,0.0,0.0
420,Device,Conv2D,inception_resnet_v2/conv2d_179/Conv2D,4,265.218,66.3045,265.218,66.3045,0.0006526237666432497,0.6143886431249651,0.0,0.0
421,Device,Conv2DBackpropInput,gradient_tape/inception_resnet_v2/block35_4_conv/Conv2D/Conv2DBackpropInput,2,265.217,132.6085,265.217,132.6085,0.0006526213059363344,0.6150412644309015,0.0,0.0
422,Device,Conv2D,inception_resnet_v2/conv2d_103/Conv2D,4,265.216,66.304,265.216,66.304,0.0006526188452294192,0.6156938832761308,0.0,0.0
423,Device,Conv2D,inception_resnet_v2/conv2d_191/Conv2D,4,265.216,66.304,265.216,66.304,0.0006526188452294192,0.6163465021213602,0.0,0.0
424,Device,Conv2D,inception_resnet_v2/conv2d_91/Conv2D,4,265.216,66.304,265.216,66.304,0.0006526188452294192,0.6169991209665896,0.0,0.0
425,Device,Conv2D,inception_resnet_v2/conv2d_95/Conv2D,4,265.216,66.304,265.216,66.304,0.0006526188452294192,0.617651739811819,0.0,0.0
426,Device,Conv2D,inception_resnet_v2/conv2d_99/Conv2D,4,265.216,66.304,265.216,66.304,0.0006526188452294192,0.6183043586570484,0.0,0.0
427,Device,Conv2D,inception_resnet_v2/conv2d_155/Conv2D,4,264.194,66.0485,264.194,66.0485,0.000650104002762055,0.6189544626598105,0.0,0.0
428,Device,Conv2D,inception_resnet_v2/conv2d_79/Conv2D,4,264.194,66.0485,264.194,66.0485,0.000650104002762055,0.6196045666625726,0.0,0.0
429,Device,Conv2DBackpropInput,gradient_tape/inception_resnet_v2/block35_1_conv/Conv2D/Conv2DBackpropInput,2,264.193,132.0965,264.193,132.0965,0.0006501015420551396,0.6202546682046277,0.0,0.0
430,Device,Conv2DBackpropInput,gradient_tape/inception_resnet_v2/block35_2_conv/Conv2D/Conv2DBackpropInput,2,264.193,132.0965,264.193,132.0965,0.0006501015420551396,0.6209047697466828,0.0,0.0
431,Device,Conv2D,inception_resnet_v2/conv2d_83/Conv2D,4,264.193,66.04825,264.193,66.04825,0.0006501015420551396,0.621554871288738,0.0,0.0
432,Device,Conv2D,inception_resnet_v2/conv2d_171/Conv2D,4,264.192,66.048,264.192,66.048,0.0006500990813482245,0.6222049703700863,0.0,0.0
433,Device,Conv2D,inception_resnet_v2/conv2d_187/Conv2D,4,264.192,66.048,264.192,66.048,0.0006500990813482245,0.6228550694514345,0.0,0.0
434,Device,ReluGrad,gradient_tape/inception_resnet_v2/activation_74/ReluGrad,2,263.169,131.5845,263.169,131.5845,0.000647581778173945,0.6235026512296085,0.0,0.0
435,Device,Conv2DBackpropInput,gradient_tape/inception_resnet_v2/block35_3_conv/Conv2D/Conv2DBackpropInput,2,263.169,131.5845,263.169,131.5845,0.000647581778173945,0.6241502330077824,0.0,0.0
436,Device,MaxPoolGrad,gradient_tape/inception_resnet_v2/max_pooling2d_3/MaxPool/MaxPoolGrad,2,263.169,131.5845,263.169,131.5845,0.000647581778173945,0.6247978147859563,0.0,0.0
437,Device,Conv2D,inception_resnet_v2/conv2d_135/Conv2D,4,263.169,65.79225,263.169,65.79225,0.000647581778173945,0.6254453965641302,0.0,0.0
438,Device,Conv2D,inception_resnet_v2/conv2d_115/Conv2D,4,263.168,65.792,263.168,65.792,0.0006475793174670299,0.6260929758815973,0.0,0.0
439,Device,Conv2D,inception_resnet_v2/conv2d_123/Conv2D,4,263.168,65.792,263.168,65.792,0.0006475793174670299,0.6267405551990644,0.0,0.0
440,Device,Conv2D,inception_resnet_v2/conv2d_163/Conv2D,4,263.168,65.792,263.168,65.792,0.0006475793174670299,0.6273881345165314,0.0,0.0
441,Device,ReluGrad,gradient_tape/inception_resnet_v2/block17_9_ac/ReluGrad,2,262.146,131.073,262.146,131.073,0.0006450644749996657,0.6280331989915311,0.0,0.0
442,Device,Conv2D,inception_resnet_v2/conv2d_139/Conv2D,4,262.146,65.5365,262.146,65.5365,0.0006450644749996657,0.6286782634665308,0.0,0.0
443,Device,Conv2D,inception_resnet_v2/conv2d_175/Conv2D,4,262.146,65.5365,262.146,65.5365,0.0006450644749996657,0.6293233279415305,0.0,0.0
444,Device,Conv2D,inception_resnet_v2/conv2d_167/Conv2D,4,262.144,65.536,262.144,65.536,0.0006450595535858352,0.6299683874951163,0.0,0.0
445,Device,Conv2D,inception_resnet_v2/conv2d_195/Conv2D,4,262.144,65.536,262.144,65.536,0.0006450595535858352,0.6306134470487021,0.0,0.0
446,Device,Conv2D,inception_resnet_v2/conv2d_183/Conv2D,4,261.122,65.2805,261.122,65.2805,0.000642544711118471,0.6312559917598206,0.0,0.0
447,Device,ReluGrad,gradient_tape/inception_resnet_v2/activation_73/ReluGrad,2,261.121,130.5605,261.121,130.5605,0.0006425422504115557,0.6318985340102322,0.0,0.0
448,Device,Conv2D,inception_resnet_v2/conv2d_107/Conv2D,4,261.12,65.28,261.12,65.28,0.0006425397897046405,0.6325410737999368,0.0,0.0
449,Device,Conv2D,inception_resnet_v2/conv2d_199/Conv2D,4,261.12,65.28,261.12,65.28,0.0006425397897046405,0.6331836135896415,0.0,0.0
450,Device,Conv2D,inception_resnet_v2/conv2d_87/Conv2D,4,260.096,65.024,260.096,65.024,0.0006400200258234459,0.6338236336154649,0.0,0.0
451,Device,Conv2D,inception_resnet_v2/conv2d_168/Conv2D,4,259.074,64.7685,259.074,64.7685,0.0006375051833560816,0.6344611387988209,0.0,0.0
452,Device,Conv2D,inception_resnet_v2/conv2d_192/Conv2D,4,258.05,64.5125,258.05,64.5125,0.0006349854194748869,0.6350961242182959,0.0,0.0
453,Device,Conv2D,inception_resnet_v2/conv2d_172/Conv2D,4,257.026,64.2565,257.026,64.2565,0.0006324656555936923,0.6357285898738896,0.0,0.0
454,Device,Conv2D,inception_resnet_v2/conv2d_188/Conv2D,4,257.026,64.2565,257.026,64.2565,0.0006324656555936923,0.6363610555294833,0.0,0.0
455,Device,ReluGrad,gradient_tape/inception_resnet_v2/block17_18_ac/ReluGrad,2,257.025,128.5125,257.025,128.5125,0.000632463194886777,0.63699351872437,0.0,0.0
456,Device,ReluGrad,gradient_tape/inception_resnet_v2/block17_1_ac/ReluGrad,2,257.025,128.5125,257.025,128.5125,0.000632463194886777,0.6376259819192568,0.0,0.0
457,Device,ReluGrad,gradient_tape/inception_resnet_v2/block17_13_ac/ReluGrad,2,256.002,128.001,256.002,128.001,0.0006299458917124976,0.6382559278109693,0.0,0.0
458,Device,Conv2DBackpropFilter,gradient_tape/inception_resnet_v2/conv2d_78/Conv2D/Conv2DBackpropFilter,2,256.002,128.001,256.002,128.001,0.0006299458917124976,0.6388858737026818,0.0,0.0
459,Device,Conv2D,inception_resnet_v2/conv2d_164/Conv2D,4,256.002,64.0005,256.002,64.0005,0.0006299458917124976,0.6395158195943943,0.0,0.0
460,Device,ReluGrad,gradient_tape/inception_resnet_v2/block17_17_ac/ReluGrad,2,256.001,128.0005,256.001,128.0005,0.0006299434310055823,0.6401457630253998,0.0,0.0
461,Device,ReluGrad,gradient_tape/inception_resnet_v2/block17_19_ac/ReluGrad,2,256.001,128.0005,256.001,128.0005,0.0006299434310055823,0.6407757064564054,0.0,0.0
462,Device,Conv2DBackpropFilter,gradient_tape/inception_resnet_v2/conv2d_86/Conv2D/Conv2DBackpropFilter,2,256.001,128.0005,256.001,128.0005,0.0006299434310055823,0.6414056498874109,0.0,0.0
463,Device,ReluGrad,gradient_tape/inception_resnet_v2/block17_3_ac/ReluGrad,2,256.0,128.0,256.0,128.0,0.0006299409702986671,0.6420355908577096,0.0,0.0
464,Device,ReluGrad,gradient_tape/inception_resnet_v2/block17_7_ac/ReluGrad,2,256.0,128.0,256.0,128.0,0.0006299409702986671,0.6426655318280082,0.0,0.0
465,Device,Conv2D,inception_resnet_v2/conv2d_176/Conv2D,4,256.0,64.0,256.0,64.0,0.0006299409702986671,0.6432954727983069,0.0,0.0
466,Device,Conv2D,inception_resnet_v2/conv2d_180/Conv2D,4,256.0,64.0,256.0,64.0,0.0006299409702986671,0.6439254137686056,0.0,0.0
467,Device,Conv2D,inception_resnet_v2/conv2d_184/Conv2D,4,256.0,64.0,256.0,64.0,0.0006299409702986671,0.6445553547389042,0.0,0.0
468,Device,Conv2D,inception_resnet_v2/conv2d_200/Conv2D,4,256.0,64.0,256.0,64.0,0.0006299409702986671,0.6451852957092029,0.0,0.0
469,Device,ReluGrad,gradient_tape/inception_resnet_v2/block17_5_ac/ReluGrad,2,254.978,127.489,254.978,127.489,0.000627426127831303,0.6458127218370342,0.0,0.0
470,Device,Conv2D,inception_resnet_v2/conv2d_196/Conv2D,4,254.978,63.7445,254.978,63.7445,0.000627426127831303,0.6464401479648655,0.0,0.0
471,Device,ReluGrad,gradient_tape/inception_resnet_v2/block17_12_ac/ReluGrad,2,254.977,127.4885,254.977,127.4885,0.0006274236671243877,0.6470675716319899,0.0,0.0
472,Device,ReluGrad,gradient_tape/inception_resnet_v2/block17_14_ac/ReluGrad,2,254.977,127.4885,254.977,127.4885,0.0006274236671243877,0.6476949952991143,0.0,0.0
473,Device,ReluGrad,gradient_tape/inception_resnet_v2/block17_16_ac/ReluGrad,2,254.977,127.4885,254.977,127.4885,0.0006274236671243877,0.6483224189662388,0.0,0.0
474,Device,ReluGrad,gradient_tape/inception_resnet_v2/block17_20_ac/ReluGrad,2,254.977,127.4885,254.977,127.4885,0.0006274236671243877,0.6489498426333632,0.0,0.0
475,Device,ReluGrad,gradient_tape/inception_resnet_v2/block17_6_ac/ReluGrad,2,254.977,127.4885,254.977,127.4885,0.0006274236671243877,0.6495772663004876,0.0,0.0
476,Device,ReluGrad,gradient_tape/inception_resnet_v2/block17_8_ac/ReluGrad,2,254.977,127.4885,254.977,127.4885,0.0006274236671243877,0.650204689967612,0.0,0.0
477,Device,Conv2DBackpropFilter,gradient_tape/inception_resnet_v2/block8_3_conv/Conv2D/Conv2DBackpropFilter,4,254.977,63.74425,254.977,63.74425,0.0006274236671243877,0.6508321136347365,0.0,0.0
478,Device,Conv2DBackpropFilter,gradient_tape/inception_resnet_v2/block8_8_conv/Conv2D/Conv2DBackpropFilter,4,254.977,63.74425,254.977,63.74425,0.0006274236671243877,0.6514595373018609,0.0,0.0
479,Device,Conv2DBackpropFilter,gradient_tape/inception_resnet_v2/conv2d_82/Conv2D/Conv2DBackpropFilter,2,254.977,127.4885,254.977,127.4885,0.0006274236671243877,0.6520869609689853,0.0,0.0
480,Device,ReluGrad,gradient_tape/inception_resnet_v2/block17_11_ac/ReluGrad,2,254.976,127.488,254.976,127.488,0.0006274212064174725,0.6527143821754028,0.0,0.0
481,Device,Conv2DBackpropFilter,gradient_tape/inception_resnet_v2/block8_2_conv/Conv2D/Conv2DBackpropFilter,4,254.976,63.744,254.976,63.744,0.0006274212064174725,0.6533418033818202,0.0,0.0
482,Device,Conv2DBackpropFilter,gradient_tape/inception_resnet_v2/conv2d_118/Conv2D/Conv2DBackpropFilter,2,254.976,127.488,254.976,127.488,0.0006274212064174725,0.6539692245882377,0.0,0.0
483,Device,ReluGrad,gradient_tape/inception_resnet_v2/block17_10_ac/ReluGrad,2,253.953,126.9765,253.953,126.9765,0.000624903903243193,0.6545941284914809,0.0,0.0
484,Device,ReluGrad,gradient_tape/inception_resnet_v2/block17_4_ac/ReluGrad,2,253.953,126.9765,253.953,126.9765,0.000624903903243193,0.6552190323947241,0.0,0.0
485,Device,Conv2DBackpropFilter,gradient_tape/inception_resnet_v2/block8_4_conv/Conv2D/Conv2DBackpropFilter,4,253.953,63.48825,253.953,63.48825,0.000624903903243193,0.6558439362979673,0.0,0.0
486,Device,Conv2DBackpropFilter,gradient_tape/inception_resnet_v2/conv2d_114/Conv2D/Conv2DBackpropFilter,2,253.953,126.9765,253.953,126.9765,0.000624903903243193,0.6564688402012105,0.0,0.0
487,Device,Conv2DBackpropFilter,gradient_tape/inception_resnet_v2/conv2d_126/Conv2D/Conv2DBackpropFilter,2,253.953,126.9765,253.953,126.9765,0.000624903903243193,0.6570937441044538,0.0,0.0
488,Device,Conv2DBackpropFilter,gradient_tape/inception_resnet_v2/conv2d_29/Conv2D/Conv2DBackpropFilter,2,253.953,126.9765,253.953,126.9765,0.000624903903243193,0.657718648007697,0.0,0.0
489,Device,Conv2DBackpropFilter,gradient_tape/inception_resnet_v2/conv2d_53/Conv2D/Conv2DBackpropFilter,2,253.953,126.9765,253.953,126.9765,0.000624903903243193,0.6583435519109402,0.0,0.0
490,Device,Conv2DBackpropFilter,gradient_tape/inception_resnet_v2/conv2d_94/Conv2D/Conv2DBackpropFilter,2,253.953,126.9765,253.953,126.9765,0.000624903903243193,0.6589684558141834,0.0,0.0
491,Device,Conv2DBackpropFilter,gradient_tape/inception_resnet_v2/block8_6_conv/Conv2D/Conv2DBackpropFilter,4,253.952,63.488,253.952,63.488,0.0006249014425362778,0.6595933572567196,0.0,0.0
492,Device,Conv2DBackpropFilter,gradient_tape/inception_resnet_v2/block8_9_conv/Conv2D/Conv2DBackpropFilter,4,253.952,63.488,253.952,63.488,0.0006249014425362778,0.6602182586992559,0.0,0.0
493,Device,AddV2,inception_resnet_v2/block17_12/add,2,252.93,126.465,252.93,126.465,0.0006223866000689137,0.6608406452993247,0.0,0.0
494,Device,ReluGrad,gradient_tape/inception_resnet_v2/block17_15_ac/ReluGrad,2,252.929,126.4645,252.929,126.4645,0.0006223841393619984,0.6614630294386867,0.0,0.0
495,Device,ReluGrad,gradient_tape/inception_resnet_v2/block17_2_ac/ReluGrad,2,252.929,126.4645,252.929,126.4645,0.0006223841393619984,0.6620854135780487,0.0,0.0
496,Device,Conv2DBackpropFilter,gradient_tape/inception_resnet_v2/block8_5_conv/Conv2D/Conv2DBackpropFilter,4,252.929,63.23225,252.929,63.23225,0.0006223841393619984,0.6627077977174107,0.0,0.0
497,Device,Conv2DBackpropFilter,gradient_tape/inception_resnet_v2/block8_7_conv/Conv2D/Conv2DBackpropFilter,4,252.929,63.23225,252.929,63.23225,0.0006223841393619984,0.6633301818567727,0.0,0.0
498,Device,Conv2DBackpropFilter,gradient_tape/inception_resnet_v2/conv2d_122/Conv2D/Conv2DBackpropFilter,2,252.929,126.4645,252.929,126.4645,0.0006223841393619984,0.6639525659961347,0.0,0.0
499,Device,Conv2DBackpropFilter,gradient_tape/inception_resnet_v2/conv2d_138/Conv2D/Conv2DBackpropFilter,2,252.929,126.4645,252.929,126.4645,0.0006223841393619984,0.6645749501354967,0.0,0.0
500,Device,Conv2DBackpropFilter,gradient_tape/inception_resnet_v2/conv2d_150/Conv2D/Conv2DBackpropFilter,2,252.929,126.4645,252.929,126.4645,0.0006223841393619984,0.6651973342748587,0.0,0.0
501,Host,IDLE,IDLE,0,1234190.005,0.0,1234190.005,0.0,0.0,0.0,0.9962933599077647,0.9962933599077647
502,Host,GatherV2,GatherV2,2,4147.052,2073.526,4147.052,2073.526,0.0,0.0,0.003347685813411052,0.9996410457211757
503,Host,GatherV2,GatherV2_1,2,77.99,38.995,77.99,38.995,0.0,0.0,6.295701539019235e-05,0.9997040027365659
504,Host,Dataset,Iterator::Root::ParallelMapV2,2,54.191,27.0955,54.191,27.0955,0.0,0.0,4.374539839735753e-05,0.9997477481349633
505,Host,Dataset,Iterator::Root::ParallelMapV2::Zip[1]::ForeverRepeat,2,58.51,29.255,54.16,27.08,0.0,0.0,4.372037381116576e-05,0.9997914685087744
506,Host,FlushSummaryWriter,FlushSummaryWriter,1,37.12,37.12,37.12,37.12,0.0,0.0,2.996492385285216e-05,0.9998214334326273
507,Host,IteratorGetNext,IteratorGetNext,2,35.441,17.7205,35.441,17.7205,0.0,0.0,2.860955997491739e-05,0.9998500429926023
508,Host,Dataset,Iterator::Root::ParallelMapV2::Zip[0]::FlatMap[1]::Concatenate,2,58.622,29.311,33.282,16.641,0.0,0.0,2.6866718633368145e-05,0.9998769097112357
509,Host,LogicalAnd,LogicalAnd,1,31.341,31.341,31.341,31.341,0.0,0.0,2.5299856639877146e-05,0.9999022095678756
510,Host,Dataset,Iterator::Root,2,83.682,41.841,29.491,14.7455,0.0,0.0,2.3806453915529718e-05,0.9999260160217911
511,Host,Dataset,Iterator::Root::ParallelMapV2::Zip[0]::FlatMap[1]::Concatenate[0]::TensorSlice,2,25.34,12.67,25.34,12.67,0.0,0.0,2.0455581099980438e-05,0.9999464716028911
512,Host,WriteSummary,WriteSummary,1,21.83,21.83,21.83,21.83,0.0,0.0,1.762215214729964e-05,0.9999640937550384
513,Host,Dataset,Iterator::Root::ParallelMapV2::Zip,2,131.492,65.746,10.22,5.11,0.0,0.0,8.250040996124707e-06,0.9999723437960345
514,Host,ReadVariableOp,ReadVariableOp,1,8.81,8.81,8.81,8.81,0.0,0.0,7.111825946757208e-06,0.9999794556219812
515,Host,_Send,IteratorGetNext/_1,2,5.13,2.565,5.13,2.565,0.0,0.0,4.1411653923796225e-06,0.9999835967873736
516,Host,Dataset,Iterator::Root::ParallelMapV2::Zip[1]::ForeverRepeat::FromTensor,4,4.35,1.0875,4.35,1.0875,0.0,0.0,3.5115145140061123e-06,0.9999871083018876
517,Host,_Send,IteratorGetNext/_3,2,4.34,2.17,4.34,2.17,0.0,0.0,3.5034420668474778e-06,0.9999906117439545
518,Host,Dataset,Iterator::Root::ParallelMapV2::Zip[0]::FlatMap,2,62.762,31.381,4.14,2.07,0.0,0.0,3.341993123674783e-06,0.9999939537370782
519,Host,Identity,Identity,2,3.22,1.61,3.22,1.61,0.0,0.0,2.5993279850803873e-06,0.9999965530650633
520,Host,_HostSend,categorical_crossentropy/softmax_cross_entropy_with_logits/Shape_2/_9,2,2.31,1.155,2.31,1.155,0.0,0.0,1.8647352936446255e-06,0.9999984178003569
521,Host,_Send,IteratorGetNext/_6,2,1.96,0.98,1.96,0.98,0.0,0.0,1.5821996430924093e-06,1.0
