Rank,Host/device,Type,Operation,#Occurrences,Total time (us),Avg. time (us),Total self-time (us),Avg. self-time (us),Total self-time on Device (%),Cumulative total-self time on Device (%),Total self-time on Host (%),Cumulative total-self time on Host (%)
1,Device,IDLE,IDLE,0,12683.254,0.0,12683.254,0.0,0.023705924577493768,0.023705924577493768,0.0,0.0
2,Device,_Recv,IteratorGetNext/_2,2,7808.192,3904.096,7808.192,3904.096,0.014594078983089844,0.03830000356058361,0.0,0.0
3,Device,FusedBatchNormGradV3,gradient_tape/model/batch_normalization_3/FusedBatchNormGradV3,2,6075.418,3037.709,6075.418,3037.709,0.011355398298003652,0.049655401858587266,0.0,0.0
4,Device,FusedBatchNormGradV3,gradient_tape/model/batch_normalization_9/FusedBatchNormGradV3,2,6029.337,3014.6685,6029.337,3014.6685,0.01126926955608494,0.060924671414672206,0.0,0.0
5,Device,FusedBatchNormGradV3,gradient_tape/model/batch_normalization_6/FusedBatchNormGradV3,2,6017.049,3008.5245,6017.049,3008.5245,0.011246302389992685,0.07217097380466489,0.0,0.0
6,Device,FusedBatchNormGradV3,gradient_tape/model/batch_normalization/FusedBatchNormGradV3,2,5758.999,2879.4995,5758.999,2879.4995,0.01076398816390983,0.08293496196857472,0.0,0.0
7,Device,Conv2DBackpropFilter,gradient_tape/model/conv2d/Conv2D/Conv2DBackpropFilter,2,4744.211,2372.1055,4744.211,2372.1055,0.008867275554500153,0.09180223752307487,0.0,0.0
8,Device,MaxPoolGrad,gradient_tape/model/max_pooling2d/MaxPool/MaxPoolGrad,2,4534.291,2267.1455,4534.291,2267.1455,0.008474919800424148,0.10027715732349901,0.0,0.0
9,Device,FusedBatchNormV3,model/batch_normalization_3/FusedBatchNormV3,4,3735.567,933.89175,3735.567,933.89175,0.006982046528136601,0.1072592038516356,0.0,0.0
10,Device,FusedBatchNormV3,model/batch_normalization_6/FusedBatchNormV3,4,3680.27,920.0675,3680.27,920.0675,0.0068786924116486965,0.1141378962632843,0.0,0.0
11,Device,FusedBatchNormV3,model/batch_normalization_9/FusedBatchNormV3,4,3602.447,900.61175,3602.447,900.61175,0.006733235562137184,0.12087113182542149,0.0,0.0
12,Device,Conv2DBackpropInput,gradient_tape/model/conv2d_14/Conv2D/Conv2DBackpropInput,2,3585.039,1792.5195,3585.039,1792.5195,0.0067006987435064905,0.12757183056892799,0.0,0.0
13,Device,ReluGrad,gradient_tape/model/activation_9/ReluGrad,2,3567.63,1783.815,3567.63,1783.815,0.006668160055803036,0.13423999062473102,0.0,0.0
14,Device,ReluGrad,gradient_tape/model/activation_3/ReluGrad,2,3561.486,1780.743,3561.486,1780.743,0.0066566764727569085,0.14089666709748794,0.0,0.0
15,Device,ReluGrad,gradient_tape/model/activation/ReluGrad,2,3557.391,1778.6955,3557.391,1778.6955,0.00664902261979892,0.14754568971728685,0.0,0.0
16,Device,ReluGrad,gradient_tape/model/activation_6/ReluGrad,2,3544.078,1772.039,3544.078,1772.039,0.006624139654126216,0.15416982937141308,0.0,0.0
17,Device,AddN,SGD/gradients/AddN_13,2,3422.222,1711.111,3422.222,1711.111,0.006396381923711366,0.16056621129512444,0.0,0.0
18,Device,AddN,SGD/gradients/AddN_12,2,3417.102,1708.551,3417.102,1708.551,0.006386812271172926,0.16695302356629738,0.0,0.0
19,Device,AddN,SGD/gradients/AddN_14,2,3409.934,1704.967,3409.934,1704.967,0.0063734147576191115,0.17332643832391648,0.0,0.0
20,Device,FusedBatchNormV3,model/batch_normalization/FusedBatchNormV3,4,3388.43,847.1075,3388.43,847.1075,0.006333222216957667,0.17965966054087415,0.0,0.0
21,Device,AddV2,model/add_2/add,2,3280.91,1640.455,3280.91,1640.455,0.006132259513650445,0.1857919200545246,0.0,0.0
22,Device,AddV2,model/add_1/add,2,3277.838,1638.919,3277.838,1638.919,0.006126517722127383,0.191918437776652,0.0,0.0
23,Device,AddV2,model/add/add,2,3273.742,1636.871,3273.742,1636.871,0.006118862000096631,0.1980372997767486,0.0,0.0
24,Device,Conv2D,model/conv2d/Conv2D,2,3218.446,1609.223,3218.446,1609.223,0.006015509752681488,0.20405280952943008,0.0,0.0
25,Device,Conv2DBackpropFilter,gradient_tape/model/conv2d_2/Conv2D/Conv2DBackpropFilter,2,3109.9,1554.95,3109.9,1554.95,0.005812629380721057,0.20986543891015114,0.0,0.0
26,Device,Conv2DBackpropFilter,gradient_tape/model/conv2d_9/Conv2D/Conv2DBackpropFilter,2,3097.613,1548.8065,3097.613,1548.8065,0.005789664083701564,0.2156551029938527,0.0,0.0
27,Device,Conv2DBackpropFilter,gradient_tape/model/conv2d_6/Conv2D/Conv2DBackpropFilter,2,3096.59,1548.295,3096.59,1548.295,0.0057877520222666375,0.22144285501611935,0.0,0.0
28,Device,Conv2DBackpropFilter,gradient_tape/model/conv2d_4/Conv2D/Conv2DBackpropFilter,2,2902.028,1451.014,2902.028,1451.014,0.005424101487660427,0.22686695650377978,0.0,0.0
29,Device,Conv2DBackpropFilter,gradient_tape/model/conv2d_7/Conv2D/Conv2DBackpropFilter,2,2888.716,1444.358,2888.716,1444.358,0.005399220391060486,0.23226617689484025,0.0,0.0
30,Device,FusedBatchNormGradV3,gradient_tape/model/batch_normalization_12/FusedBatchNormGradV3,2,2886.668,1443.334,2886.668,1443.334,0.005395392530045111,0.23766156942488537,0.0,0.0
31,Device,Conv2DBackpropFilter,gradient_tape/model/conv2d_10/Conv2D/Conv2DBackpropFilter,2,2884.619,1442.3095,2884.619,1442.3095,0.005391562799956974,0.24305313222484234,0.0,0.0
32,Device,Conv2DBackpropFilter,gradient_tape/model/conv2d_3/Conv2D/Conv2DBackpropFilter,2,2881.548,1440.774,2881.548,1440.774,0.005385822877506671,0.248438955102349,0.0,0.0
33,Device,FusedBatchNormGradV3,gradient_tape/model/batch_normalization_21/FusedBatchNormGradV3,2,2864.14,1432.07,2864.14,1432.07,0.005353286058875978,0.253792241161225,0.0,0.0
34,Device,FusedBatchNormGradV3,gradient_tape/model/batch_normalization_15/FusedBatchNormGradV3,2,2861.068,1430.534,2861.068,1430.534,0.005347544267352916,0.2591397854285779,0.0,0.0
35,Device,FusedBatchNormGradV3,gradient_tape/model/batch_normalization_18/FusedBatchNormGradV3,2,2852.876,1426.438,2852.876,1426.438,0.005332232823291413,0.26447201825186933,0.0,0.0
36,Device,Conv2DBackpropInput,gradient_tape/model/conv2d_27/Conv2D/Conv2DBackpropInput,2,2771.979,1385.9895,2771.979,1385.9895,0.0051810304441113125,0.26965304869598067,0.0,0.0
37,Device,Conv2DBackpropInput,gradient_tape/model/conv2d_46/Conv2D/Conv2DBackpropInput,2,2755.596,1377.798,2755.596,1377.798,0.0051504094250610696,0.27480345812104173,0.0,0.0
38,Device,Conv2D,model/conv2d_14/Conv2D,2,2742.283,1371.1415,2742.283,1371.1415,0.005125526459388366,0.2799289845804301,0.0,0.0
39,Device,Conv2DBackpropInput,gradient_tape/model/conv2d_11/Conv2D/Conv2DBackpropInput,2,2616.331,1308.1655,2616.331,1308.1655,0.004890113006942765,0.28481909758737284,0.0,0.0
40,Device,Conv2DBackpropFilter,gradient_tape/model/conv2d_14/Conv2D/Conv2DBackpropFilter,2,2612.234,1306.117,2612.234,1306.117,0.004882455415839251,0.2897015530032121,0.0,0.0
41,Device,Conv2DBackpropFilter,gradient_tape/model/conv2d_8/Conv2D/Conv2DBackpropFilter,2,2553.867,1276.9335,2553.867,1276.9335,0.004773363245973807,0.2944749162491859,0.0,0.0
42,Device,Conv2DBackpropFilter,gradient_tape/model/conv2d_5/Conv2D/Conv2DBackpropFilter,2,2552.843,1276.4215,2552.843,1276.4215,0.004771449315466119,0.29924636556465206,0.0,0.0
43,Device,Conv2DBackpropFilter,gradient_tape/model/conv2d_27/Conv2D/Conv2DBackpropFilter,2,2520.074,1260.037,2520.074,1260.037,0.004710201670147347,0.3039565672347994,0.0,0.0
44,Device,Conv2D,model/conv2d_46/Conv2D,4,2455.562,613.8905,2455.562,613.8905,0.004589624048163014,0.3085461912829624,0.0,0.0
45,Device,BiasAdd,model/conv2d_3/BiasAdd,2,2400.265,1200.1325,2400.265,1200.1325,0.0044862699316751105,0.3130324612146375,0.0,0.0
46,Device,BiasAdd,model/conv2d_4/BiasAdd,2,2396.17,1198.085,2396.17,1198.085,0.004478616078717121,0.31751107729335465,0.0,0.0
47,Device,BiasAdd,model/conv2d_7/BiasAdd,2,2396.17,1198.085,2396.17,1198.085,0.004478616078717121,0.3219896933720718,0.0,0.0
48,Device,BiasAdd,model/conv2d_10/BiasAdd,2,2394.121,1197.0605,2394.121,1197.0605,0.004474786348628984,0.32646447972070075,0.0,0.0
49,Device,BiasAdd,model/conv2d/BiasAdd,2,2391.05,1195.525,2391.05,1195.525,0.004469046426178682,0.33093352614687943,0.0,0.0
50,Device,Conv2D,model/conv2d_27/Conv2D,2,2321.416,1160.708,2321.416,1160.708,0.004338895413510387,0.33527242156038983,0.0,0.0
51,Device,Conv2DBackpropFilter,gradient_tape/model/conv2d_46/Conv2D/Conv2DBackpropFilter,4,2276.361,569.09025,2276.361,569.09025,0.004254684340244883,0.33952710590063473,0.0,0.0
52,Device,Conv2DBackpropInput,gradient_tape/model/conv2d_8/Conv2D/Conv2DBackpropInput,2,2253.834,1126.917,2253.834,1126.917,0.004212579738148513,0.34373968563878327,0.0,0.0
53,Device,Conv2DBackpropInput,gradient_tape/model/conv2d_5/Conv2D/Conv2DBackpropInput,2,2241.546,1120.773,2241.546,1120.773,0.004189612572056259,0.3479292982108395,0.0,0.0
54,Device,Relu,model/activation_9/Relu,2,2202.633,1101.3165,2202.633,1101.3165,0.00411688134369136,0.3520461795545309,0.0,0.0
55,Device,Relu,model/activation/Relu,2,2200.584,1100.292,2200.584,1100.292,0.004113051613603223,0.3561592311681341,0.0,0.0
56,Device,Relu,model/activation_6/Relu,2,2195.465,1097.7325,2195.465,1097.7325,0.004103483830137546,0.3602627149982716,0.0,0.0
57,Device,Relu,model/activation_3/Relu,2,2194.442,1097.221,2194.442,1097.221,0.00410157176870262,0.36436428676697424,0.0,0.0
58,Device,Conv2D,model/conv2d_7/Conv2D,4,2119.688,529.922,2119.688,529.922,0.003961851103495886,0.36832613787047014,0.0,0.0
59,Device,Conv2D,model/conv2d_4/Conv2D,4,2107.402,526.8505,2107.402,526.8505,0.003938887675549154,0.3722650255460193,0.0,0.0
60,Device,Conv2D,model/conv2d_10/Conv2D,4,2107.401,526.85025,2107.401,526.85025,0.003938885806476393,0.3762039113524957,0.0,0.0
61,Device,Conv2D,model/conv2d_3/Conv2D,4,2103.304,525.826,2103.304,525.826,0.00393122821537288,0.3801351395678686,0.0,0.0
62,Device,Conv2DBackpropFilter,gradient_tape/model/conv2d_12/Conv2D/Conv2DBackpropFilter,2,1984.52,992.26,1984.52,992.26,0.0037092122764810927,0.3838443518443497,0.0,0.0
63,Device,Conv2DBackpropFilter,gradient_tape/model/conv2d_19/Conv2D/Conv2DBackpropFilter,2,1983.496,991.748,1983.496,991.748,0.0037072983459734052,0.38755165019032306,0.0,0.0
64,Device,Conv2DBackpropFilter,gradient_tape/model/conv2d_16/Conv2D/Conv2DBackpropFilter,2,1980.423,990.2115,1980.423,990.2115,0.00370155468537758,0.39125320487570064,0.0,0.0
65,Device,Conv2DBackpropFilter,gradient_tape/model/conv2d_22/Conv2D/Conv2DBackpropFilter,2,1978.377,989.1885,1978.377,989.1885,0.0036977305625077272,0.39495093543820836,0.0,0.0
66,Device,Conv2DBackpropFilter,gradient_tape/model/conv2d_17/Conv2D/Conv2DBackpropFilter,2,1971.208,985.604,1971.208,985.604,0.003684331179881151,0.3986352666180895,0.0,0.0
67,Device,Conv2DBackpropFilter,gradient_tape/model/conv2d_20/Conv2D/Conv2DBackpropFilter,2,1947.656,973.828,1947.656,973.828,0.003640310778204331,0.4022755773962938,0.0,0.0
68,Device,Conv2DBackpropFilter,gradient_tape/model/conv2d_23/Conv2D/Conv2DBackpropFilter,2,1945.608,972.804,1945.608,972.804,0.0036364829171889553,0.40591206031348276,0.0,0.0
69,Device,Conv2DBackpropFilter,gradient_tape/model/conv2d_13/Conv2D/Conv2DBackpropFilter,2,1909.767,954.8835,1909.767,954.8835,0.0035694934803471206,0.4094815537938299,0.0,0.0
70,Device,Conv2DBackpropFilter,gradient_tape/model/conv2d_15/Conv2D/Conv2DBackpropFilter,2,1868.808,934.404,1868.808,934.404,0.003492938129112369,0.4129744919229423,0.0,0.0
71,Device,Conv2DBackpropFilter,gradient_tape/model/conv2d_18/Conv2D/Conv2DBackpropFilter,2,1865.736,932.868,1865.736,932.868,0.0034871963375893056,0.4164616882605316,0.0,0.0
72,Device,Conv2DBackpropFilter,gradient_tape/model/conv2d_21/Conv2D/Conv2DBackpropFilter,2,1852.424,926.212,1852.424,926.212,0.0034623152409893635,0.419924003501521,0.0,0.0
73,Device,FusedBatchNormV3,model/batch_normalization_12/FusedBatchNormV3,4,1841.159,460.28975,1841.159,460.28975,0.003441260136332036,0.42336526363785304,0.0,0.0
74,Device,FusedBatchNormV3,model/batch_normalization_18/FusedBatchNormV3,4,1785.864,446.466,1785.864,446.466,0.003337909757989655,0.4267031733958427,0.0,0.0
75,Device,ReluGrad,gradient_tape/model/activation_12/ReluGrad,2,1763.335,881.6675,1763.335,881.6675,0.003295801417747762,0.42999897481359045,0.0,0.0
76,Device,ReluGrad,gradient_tape/model/activation_15/ReluGrad,2,1761.287,880.6435,1761.287,880.6435,0.003291973556732386,0.43329094837032284,0.0,0.0
77,Device,ReluGrad,gradient_tape/model/activation_18/ReluGrad,2,1756.167,878.0835,1756.167,878.0835,0.003282403904193947,0.43657335227451677,0.0,0.0
78,Device,ReluGrad,gradient_tape/model/activation_21/ReluGrad,2,1744.903,872.4515,1744.903,872.4515,0.0032613506686093806,0.43983470294312615,0.0,0.0
79,Device,AddN,SGD/gradients/AddN_9,2,1715.207,857.6035,1715.207,857.6035,0.003205846683886434,0.4430405496270126,0.0,0.0
80,Device,FusedBatchNormV3,model/batch_normalization_21/FusedBatchNormV3,4,1714.183,428.54575,1714.183,428.54575,0.003203932753378746,0.4462444823803914,0.0,0.0
81,Device,FusedBatchNormV3,model/batch_normalization_15/FusedBatchNormV3,4,1710.087,427.52175,1710.087,427.52175,0.003196277031347995,0.4494407594117394,0.0,0.0
82,Device,AddN,SGD/gradients/AddN_10,2,1702.919,851.4595,1702.919,851.4595,0.0031828795177941804,0.45262363892953356,0.0,0.0
83,Device,AddN,SGD/gradients/AddN_8,2,1702.919,851.4595,1702.919,851.4595,0.0031828795177941804,0.4558065184473277,0.0,0.0
84,Device,AddN,SGD/gradients/AddN_11,2,1697.799,848.8995,1697.799,848.8995,0.0031733098652557408,0.45897982831258344,0.0,0.0
85,Device,Conv2DBackpropInput,gradient_tape/model/conv2d_15/Conv2D/Conv2DBackpropInput,2,1687.559,843.7795,1687.559,843.7795,0.0031541705601788625,0.4621339988727623,0.0,0.0
86,Device,Conv2DBackpropInput,gradient_tape/model/conv2d_21/Conv2D/Conv2DBackpropInput,2,1686.535,843.2675,1686.535,843.2675,0.003152256629671175,0.46528625550243347,0.0,0.0
87,Device,Conv2DBackpropInput,gradient_tape/model/conv2d_18/Conv2D/Conv2DBackpropInput,2,1672.198,836.099,1672.198,836.099,0.003125459733490784,0.46841171523592423,0.0,0.0
88,Device,AddV2,model/add_5/add,2,1644.551,822.2755,1644.551,822.2755,0.003073785478855974,0.4714855007147802,0.0,0.0
89,Device,AddV2,model/add_3/add,2,1642.503,821.2515,1642.503,821.2515,0.0030699576178405985,0.4745554583326208,0.0,0.0
90,Device,AddV2,model/add_6/add,2,1639.43,819.715,1639.43,819.715,0.0030642139572447736,0.47761967228986557,0.0,0.0
91,Device,AddV2,model/add_4/add,2,1636.359,818.1795,1636.359,818.1795,0.0030584740347944714,0.48067814632466005,0.0,0.0
92,Device,Conv2DBackpropInput,gradient_tape/model/conv2d_2/Conv2D/Conv2DBackpropInput,2,1587.207,793.6035,1587.207,793.6035,0.002966605370425456,0.48364475169508553,0.0,0.0
93,Device,Conv2D,model/conv2d_2/Conv2D,2,1585.159,792.5795,1585.159,792.5795,0.0029627775094100807,0.4866075292044956,0.0,0.0
94,Device,Conv2D,model/conv2d_6/Conv2D,2,1582.087,791.0435,1582.087,791.0435,0.002957035717887017,0.48956456492238265,0.0,0.0
95,Device,Conv2DBackpropInput,gradient_tape/model/conv2d_6/Conv2D/Conv2DBackpropInput,2,1577.991,788.9955,1577.991,788.9955,0.0029493799958562657,0.4925139449182389,0.0,0.0
96,Device,Conv2D,model/conv2d_9/Conv2D,2,1577.99,788.995,1577.99,788.995,0.002949378126783504,0.49546332304502244,0.0,0.0
97,Device,Conv2DBackpropInput,gradient_tape/model/conv2d_9/Conv2D/Conv2DBackpropInput,2,1573.895,786.9475,1573.895,786.9475,0.002941724273825514,0.49840504731884794,0.0,0.0
98,Device,Conv2D,model/conv2d_17/Conv2D,4,1489.926,372.4815,1489.926,372.4815,0.002784780103122351,0.5011898274219703,0.0,0.0
99,Device,Conv2DBackpropFilter,gradient_tape/model/conv2d_44/Conv2D/Conv2DBackpropFilter,2,1485.83,742.915,1485.83,742.915,0.0027771243810916,0.5039669518030618,0.0,0.0
100,Device,Conv2DBackpropFilter,gradient_tape/model/conv2d_48/Conv2D/Conv2DBackpropFilter,2,1484.806,742.403,1484.806,742.403,0.0027752104505839124,0.5067421622536458,0.0,0.0
101,Device,Conv2DBackpropFilter,gradient_tape/model/conv2d_51/Conv2D/Conv2DBackpropFilter,2,1472.518,736.259,1472.518,736.259,0.0027522432844916582,0.5094944055381374,0.0,0.0
102,Device,Conv2DBackpropInput,gradient_tape/model/conv2d_24/Conv2D/Conv2DBackpropInput,2,1462.278,731.139,1462.278,731.139,0.0027331039794147804,0.5122275095175521,0.0,0.0
103,Device,Conv2DBackpropFilter,gradient_tape/model/conv2d_1/Conv2D/Conv2DBackpropFilter,2,1459.206,729.603,1459.206,729.603,0.0027273621878917166,0.5149548717054439,0.0,0.0
104,Device,FusedBatchNormGradV3,gradient_tape/model/batch_normalization_4/FusedBatchNormGradV3,2,1445.894,722.947,1445.894,722.947,0.002702481091291775,0.5176573527967356,0.0,0.0
105,Device,FusedBatchNormGradV3,gradient_tape/model/batch_normalization_7/FusedBatchNormGradV3,2,1441.798,720.899,1441.798,720.899,0.0026948253692610238,0.5203521781659967,0.0,0.0
106,Device,FusedBatchNormGradV3,gradient_tape/model/batch_normalization_2/FusedBatchNormGradV3,2,1440.774,720.387,1440.774,720.387,0.0026929114387533354,0.52304508960475,0.0,0.0
107,Device,FusedBatchNormGradV3,gradient_tape/model/batch_normalization_8/FusedBatchNormGradV3,2,1440.774,720.387,1440.774,720.387,0.0026929114387533354,0.5257380010435034,0.0,0.0
108,Device,FusedBatchNormGradV3,gradient_tape/model/batch_normalization_5/FusedBatchNormGradV3,2,1439.75,719.875,1439.75,719.875,0.002690997508245648,0.5284289985517491,0.0,0.0
109,Device,FusedBatchNormGradV3,gradient_tape/model/batch_normalization_1/FusedBatchNormGradV3,2,1435.654,717.827,1435.654,717.827,0.0026833417862148967,0.531112340337964,0.0,0.0
110,Device,Conv2D,model/conv2d_8/Conv2D,2,1433.606,716.803,1433.606,716.803,0.002679513925199521,0.5337918542631634,0.0,0.0
111,Device,Conv2D,model/conv2d_20/Conv2D,4,1433.605,358.40125,1433.605,358.40125,0.0026795120561267597,0.5364713663192902,0.0,0.0
112,Device,Conv2D,model/conv2d_5/Conv2D,2,1430.534,715.267,1430.534,715.267,0.002673772133676458,0.5391451384529666,0.0,0.0
113,Device,FusedBatchNormGradV3,gradient_tape/model/batch_normalization_30/FusedBatchNormGradV3,2,1419.269,709.6345,1419.269,709.6345,0.00265271702901913,0.5417978554819858,0.0,0.0
114,Device,FusedBatchNormGradV3,gradient_tape/model/batch_normalization_24/FusedBatchNormGradV3,2,1415.173,707.5865,1415.173,707.5865,0.002645061306988379,0.5444429167889742,0.0,0.0
115,Device,FusedBatchNormGradV3,gradient_tape/model/batch_normalization_36/FusedBatchNormGradV3,2,1414.15,707.075,1414.15,707.075,0.0026431492455534526,0.5470860660345276,0.0,0.0
116,Device,FusedBatchNormGradV3,gradient_tape/model/batch_normalization_39/FusedBatchNormGradV3,2,1412.102,706.051,1412.102,706.051,0.0026393213845380768,0.5497253874190656,0.0,0.0
117,Device,Conv2DBackpropInput,gradient_tape/model/conv2d_3/Conv2D/Conv2DBackpropInput,2,1412.101,706.0505,1412.101,706.0505,0.0026393195154653156,0.552364706934531,0.0,0.0
118,Device,FusedBatchNormGradV3,gradient_tape/model/batch_normalization_33/FusedBatchNormGradV3,2,1410.054,705.027,1410.054,705.027,0.0026354935235227014,0.5550002004580536,0.0,0.0
119,Device,FusedBatchNormGradV3,gradient_tape/model/batch_normalization_27/FusedBatchNormGradV3,2,1408.005,704.0025,1408.005,704.0025,0.0026316637934345644,0.5576318642514883,0.0,0.0
120,Device,Conv2DBackpropInput,gradient_tape/model/conv2d_10/Conv2D/Conv2DBackpropInput,2,1401.862,700.931,1401.862,700.931,0.002620182079461199,0.5602520463309495,0.0,0.0
121,Device,Conv2DBackpropInput,gradient_tape/model/conv2d_4/Conv2D/Conv2DBackpropInput,2,1401.862,700.931,1401.862,700.931,0.002620182079461199,0.5628722284104107,0.0,0.0
122,Device,Conv2D,model/conv2d_23/Conv2D,4,1399.814,349.9535,1399.814,349.9535,0.002616354218445823,0.5654885826288566,0.0,0.0
123,Device,Conv2DBackpropInput,gradient_tape/model/conv2d_7/Conv2D/Conv2DBackpropInput,2,1398.79,699.395,1398.79,699.395,0.002614440287938135,0.5681030229167947,0.0,0.0
124,Device,Conv2D,model/conv2d_13/Conv2D,4,1397.766,349.4415,1397.766,349.4415,0.002612526357430447,0.5707155492742252,0.0,0.0
125,Device,MaxPool,model/max_pooling2d/MaxPool,2,1363.973,681.9865,1363.973,681.9865,0.0025493647816039874,0.5732649140558291,0.0,0.0
126,Device,Conv2DBackpropInput,gradient_tape/model/conv2d_17/Conv2D/Conv2DBackpropInput,2,1324.037,662.0185,1324.037,662.0185,0.0024747214918041625,0.5757396355476333,0.0,0.0
127,Device,Conv2DBackpropInput,gradient_tape/model/conv2d_20/Conv2D/Conv2DBackpropInput,2,1321.99,660.995,1321.99,660.995,0.0024708954998615483,0.5782105310474949,0.0,0.0
128,Device,Conv2DBackpropInput,gradient_tape/model/conv2d_13/Conv2D/Conv2DBackpropInput,2,1319.942,659.971,1319.942,659.971,0.002467067638846173,0.5806775986863411,0.0,0.0
129,Device,Conv2DBackpropInput,gradient_tape/model/conv2d_23/Conv2D/Conv2DBackpropInput,2,1317.894,658.947,1317.894,658.947,0.002463239777830797,0.5831408384641719,0.0,0.0
130,Device,Conv2D,model/conv2d_12/Conv2D,2,1270.789,635.3945,1270.789,635.3945,0.0023751971054043956,0.5855160355695762,0.0,0.0
131,Device,Conv2D,model/conv2d_16/Conv2D,2,1270.789,635.3945,1270.789,635.3945,0.0023751971054043956,0.5878912326749806,0.0,0.0
132,Device,Conv2D,model/conv2d_19/Conv2D,2,1269.765,634.8825,1269.765,634.8825,0.002373283174896708,0.5902645158498773,0.0,0.0
133,Device,Conv2DBackpropInput,gradient_tape/model/conv2d_19/Conv2D/Conv2DBackpropInput,2,1268.741,634.3705,1268.741,634.3705,0.00237136924438902,0.5926358850942662,0.0,0.0
134,Device,Conv2D,model/conv2d_22/Conv2D,2,1268.741,634.3705,1268.741,634.3705,0.00237136924438902,0.5950072543386552,0.0,0.0
135,Device,Conv2DBackpropInput,gradient_tape/model/conv2d_12/Conv2D/Conv2DBackpropInput,2,1267.718,633.859,1267.718,633.859,0.002369457182954094,0.5973767115216093,0.0,0.0
136,Device,Conv2DBackpropInput,gradient_tape/model/conv2d_16/Conv2D/Conv2DBackpropInput,2,1267.718,633.859,1267.718,633.859,0.002369457182954094,0.5997461687045634,0.0,0.0
137,Device,Conv2DBackpropInput,gradient_tape/model/conv2d_22/Conv2D/Conv2DBackpropInput,2,1266.694,633.347,1266.694,633.347,0.002367543252446406,0.6021137119570098,0.0,0.0
138,Device,Conv2D,model/conv2d_18/Conv2D,2,1263.621,631.8105,1263.621,631.8105,0.002361799591850581,0.6044755115488604,0.0,0.0
139,Device,Conv2D,model/conv2d_15/Conv2D,2,1262.597,631.2985,1262.597,631.2985,0.002359885661342893,0.6068353972102033,0.0,0.0
140,Device,Conv2D,model/conv2d_21/Conv2D,2,1261.573,630.7865,1261.573,630.7865,0.0023579717308352057,0.6091933689410385,0.0,0.0
141,Device,Conv2DBackpropFilter,gradient_tape/model/conv2d_33/Conv2D/Conv2DBackpropFilter,2,1257.478,628.739,1257.478,628.739,0.0023503178778772156,0.6115436868189157,0.0,0.0
142,Device,Conv2DBackpropFilter,gradient_tape/model/conv2d_42/Conv2D/Conv2DBackpropFilter,2,1254.406,627.203,1254.406,627.203,0.002344576086354152,0.6138882629052699,0.0,0.0
143,Device,Conv2DBackpropFilter,gradient_tape/model/conv2d_39/Conv2D/Conv2DBackpropFilter,2,1252.358,626.179,1252.358,626.179,0.0023407482253387764,0.6162290111306087,0.0,0.0
144,Device,Conv2DBackpropFilter,gradient_tape/model/conv2d_30/Conv2D/Conv2DBackpropFilter,2,1252.357,626.1785,1252.357,626.1785,0.002340746356266015,0.6185697574868747,0.0,0.0
145,Device,Conv2DBackpropFilter,gradient_tape/model/conv2d_26/Conv2D/Conv2DBackpropFilter,2,1251.333,625.6665,1251.333,625.6665,0.0023388324257583274,0.620908589912633,0.0,0.0
146,Device,Conv2DBackpropFilter,gradient_tape/model/conv2d_36/Conv2D/Conv2DBackpropFilter,2,1250.31,625.155,1250.31,625.155,0.0023369203643234006,0.6232455102769564,0.0,0.0
147,Device,Conv2DBackpropFilter,gradient_tape/model/conv2d_40/Conv2D/Conv2DBackpropFilter,2,1236.997,618.4985,1236.997,618.4985,0.002312037398650698,0.6255575476756071,0.0,0.0
148,Device,Conv2DBackpropFilter,gradient_tape/model/conv2d_28/Conv2D/Conv2DBackpropFilter,2,1235.974,617.987,1235.974,617.987,0.002310125337215771,0.6278676730128229,0.0,0.0
149,Device,Conv2DBackpropFilter,gradient_tape/model/conv2d_31/Conv2D/Conv2DBackpropFilter,2,1234.95,617.475,1234.95,617.475,0.0023082114067080836,0.630175884419531,0.0,0.0
150,Device,Conv2DBackpropFilter,gradient_tape/model/conv2d_37/Conv2D/Conv2DBackpropFilter,2,1234.949,617.4745,1234.949,617.4745,0.002308209537635322,0.6324840939571663,0.0,0.0
151,Device,Conv2DBackpropFilter,gradient_tape/model/conv2d_34/Conv2D/Conv2DBackpropFilter,2,1233.926,616.963,1233.926,616.963,0.002306297476200395,0.6347903914333667,0.0,0.0
152,Device,Conv2DBackpropInput,gradient_tape/model/conv2d_45/Conv2D/Conv2DBackpropInput,4,1224.708,306.177,1224.708,306.177,0.0022890683634856825,0.6370794597968523,0.0,0.0
153,Device,Conv2DBackpropFilter,gradient_tape/model/conv2d_11/Conv2D/Conv2DBackpropFilter,2,1222.661,611.3305,1222.661,611.3305,0.0022852423715430683,0.6393647021683954,0.0,0.0
154,Device,Conv2DBackpropInput,gradient_tape/model/conv2d_52/Conv2D/Conv2DBackpropInput,4,1214.469,303.61725,1214.469,303.61725,0.0022699309274815654,0.6416346330958769,0.0,0.0
155,Device,Conv2DBackpropInput,gradient_tape/model/conv2d_49/Conv2D/Conv2DBackpropInput,4,1212.421,303.10525,1212.421,303.10525,0.00226610306646619,0.6439007361623431,0.0,0.0
156,Device,BiasAdd,model/conv2d_17/BiasAdd,2,1191.94,595.97,1191.94,595.97,0.002227822587239672,0.6461285587495827,0.0,0.0
157,Device,BiasAdd,model/conv2d_23/BiasAdd,2,1189.894,594.947,1189.894,594.947,0.002223998464369819,0.6483525572139526,0.0,0.0
158,Device,BiasAdd,model/conv2d_13/BiasAdd,2,1188.869,594.4345,1188.869,594.4345,0.0022220826647893696,0.650574639878742,0.0,0.0
159,Device,BiasAdd,model/conv2d_14/BiasAdd,2,1188.869,594.4345,1188.869,594.4345,0.0022220826647893696,0.6527967225435314,0.0,0.0
160,Device,BiasAdd,model/conv2d_20/BiasAdd,2,1187.845,593.9225,1187.845,593.9225,0.002220168734281682,0.655016891277813,0.0,0.0
161,Device,Conv2DBackpropInput,gradient_tape/model/conv2d_26/Conv2D/Conv2DBackpropInput,2,1182.725,591.3625,1182.725,591.3625,0.002210599081743243,0.6572274903595563,0.0,0.0
162,Device,Conv2DBackpropInput,gradient_tape/model/conv2d_30/Conv2D/Conv2DBackpropInput,2,1180.678,590.339,1180.678,590.339,0.0022067730898006287,0.659434263449357,0.0,0.0
163,Device,Conv2DBackpropInput,gradient_tape/model/conv2d_36/Conv2D/Conv2DBackpropInput,2,1179.653,589.8265,1179.653,589.8265,0.0022048572902201797,0.6616391207395771,0.0,0.0
164,Device,Conv2DBackpropInput,gradient_tape/model/conv2d_39/Conv2D/Conv2DBackpropInput,2,1179.653,589.8265,1179.653,589.8265,0.0022048572902201797,0.6638439780297972,0.0,0.0
165,Device,Conv2DBackpropInput,gradient_tape/model/conv2d_42/Conv2D/Conv2DBackpropInput,2,1178.629,589.3145,1178.629,589.3145,0.0022029433597124913,0.6660469213895097,0.0,0.0
166,Device,Conv2DBackpropInput,gradient_tape/model/conv2d_33/Conv2D/Conv2DBackpropInput,2,1177.606,588.803,1177.606,588.803,0.0022010312982775654,0.6682479526877872,0.0,0.0
167,Device,Conv2DBackpropInput,gradient_tape/model/conv2d_28/Conv2D/Conv2DBackpropInput,2,1171.461,585.7305,1171.461,585.7305,0.0021895458461586768,0.670437498533946,0.0,0.0
168,Device,Conv2DBackpropInput,gradient_tape/model/conv2d_31/Conv2D/Conv2DBackpropInput,2,1162.245,581.1225,1162.245,581.1225,0.0021723204715894864,0.6726098190055354,0.0,0.0
169,Device,Conv2D,model/conv2d_50/Conv2D,2,1159.172,579.586,1159.172,579.586,0.0021665768109936615,0.674776395816529,0.0,0.0
170,Device,Conv2D,model/conv2d_47/Conv2D,2,1158.15,579.075,1158.15,579.075,0.0021646666186314967,0.6769410624351605,0.0,0.0
171,Device,Conv2DBackpropInput,gradient_tape/model/conv2d_40/Conv2D/Conv2DBackpropInput,2,1157.125,578.5625,1157.125,578.5625,0.002162750819051047,0.6791038132542115,0.0,0.0
172,Device,Conv2DBackpropInput,gradient_tape/model/conv2d_37/Conv2D/Conv2DBackpropInput,2,1153.029,576.5145,1153.029,576.5145,0.002155095097020296,0.6812589083512318,0.0,0.0
173,Device,Conv2DBackpropInput,gradient_tape/model/conv2d_34/Conv2D/Conv2DBackpropInput,2,1146.885,573.4425,1146.885,573.4425,0.002143611513974169,0.683402519865206,0.0,0.0
174,Device,Conv2D,model/conv2d_29/Conv2D,2,1126.404,563.202,1126.404,563.202,0.002105331034747651,0.6855078508999536,0.0,0.0
175,Device,Conv2D,model/conv2d_25/Conv2D,2,1125.382,562.691,1125.382,562.691,0.0021034208423854864,0.687611271742339,0.0,0.0
176,Device,Conv2D,model/conv2d_41/Conv2D,2,1124.356,562.178,1124.356,562.178,0.0021015031737322758,0.6897127749160713,0.0,0.0
177,Device,Conv2D,model/conv2d_32/Conv2D,2,1123.332,561.666,1123.332,561.666,0.002099589243224588,0.6918123641592959,0.0,0.0
178,Device,Conv2D,model/conv2d_38/Conv2D,2,1122.31,561.155,1122.31,561.155,0.0020976790508624226,0.6939100432101584,0.0,0.0
179,Device,Conv2D,model/conv2d_35/Conv2D,2,1120.26,560.13,1120.26,560.13,0.002093847451701524,0.6960038906618599,0.0,0.0
180,Device,Conv2DBackpropInput,gradient_tape/model/conv2d_25/Conv2D/Conv2DBackpropInput,2,1112.068,556.034,1112.068,556.034,0.0020785360076400216,0.6980824266694999,0.0,0.0
181,Device,Conv2D,model/conv2d_44/Conv2D,2,1106.948,553.474,1106.948,553.474,0.002068966355101583,0.7001513930246015,0.0,0.0
182,Device,Conv2D,model/conv2d_51/Conv2D,2,1105.926,552.963,1105.926,552.963,0.0020670561627394177,0.7022184491873409,0.0,0.0
183,Device,Conv2DBackpropInput,gradient_tape/model/conv2d_35/Conv2D/Conv2DBackpropInput,2,1104.901,552.4505,1104.901,552.4505,0.0020651403631589686,0.7042835895504999,0.0,0.0
184,Device,Conv2DBackpropFilter,gradient_tape/model/conv2d_25/Conv2D/Conv2DBackpropFilter,2,1103.876,551.938,1103.876,551.938,0.002063224563578519,0.7063468141140784,0.0,0.0
185,Device,Conv2DBackpropInput,gradient_tape/model/conv2d_38/Conv2D/Conv2DBackpropInput,2,1103.876,551.938,1103.876,551.938,0.002063224563578519,0.708410038677657,0.0,0.0
186,Device,Relu,model/activation_18/Relu,2,1103.876,551.938,1103.876,551.938,0.002063224563578519,0.7104732632412355,0.0,0.0
187,Device,Conv2D,model/conv2d_48/Conv2D,2,1102.854,551.427,1102.854,551.427,0.0020613143712163544,0.7125345776124519,0.0,0.0
188,Device,Conv2DBackpropInput,gradient_tape/model/conv2d_29/Conv2D/Conv2DBackpropInput,2,1102.853,551.4265,1102.853,551.4265,0.002061312502143593,0.7145958901145955,0.0,0.0
189,Device,Conv2DBackpropInput,gradient_tape/model/conv2d_32/Conv2D/Conv2DBackpropInput,2,1102.853,551.4265,1102.853,551.4265,0.002061312502143593,0.716657202616739,0.0,0.0
190,Device,Relu,model/activation_15/Relu,2,1101.829,550.9145,1101.829,550.9145,0.002059398571635905,0.718716601188375,0.0,0.0
191,Device,Conv2DBackpropInput,gradient_tape/model/conv2d_41/Conv2D/Conv2DBackpropInput,2,1101.828,550.914,1101.828,550.914,0.0020593967025631433,0.7207759978909382,0.0,0.0
192,Device,Relu,model/activation_12/Relu,2,1100.805,550.4025,1100.805,550.4025,0.0020574846411282174,0.7228334825320664,0.0,0.0
193,Device,Conv2DBackpropFilter,gradient_tape/model/conv2d_41/Conv2D/Conv2DBackpropFilter,2,1099.781,549.8905,1099.781,549.8905,0.002055570710620529,0.7248890532426869,0.0,0.0
194,Device,Relu,model/activation_21/Relu,2,1097.733,548.8665,1097.733,548.8665,0.0020517428496051537,0.7269407960922921,0.0,0.0
195,Device,Conv2DBackpropFilter,gradient_tape/model/conv2d_35/Conv2D/Conv2DBackpropFilter,2,1094.661,547.3305,1094.661,547.3305,0.0020460010580820903,0.7289867971503742,0.0,0.0
196,Device,Conv2DBackpropFilter,gradient_tape/model/conv2d_38/Conv2D/Conv2DBackpropFilter,2,1093.637,546.8185,1093.637,546.8185,0.0020440871275744024,0.7310308842779486,0.0,0.0
197,Device,Conv2DBackpropFilter,gradient_tape/model/conv2d_29/Conv2D/Conv2DBackpropFilter,2,1092.612,546.306,1092.612,546.306,0.0020421713279939534,0.7330730556059426,0.0,0.0
198,Device,Conv2DBackpropFilter,gradient_tape/model/conv2d_32/Conv2D/Conv2DBackpropFilter,2,1092.612,546.306,1092.612,546.306,0.0020421713279939534,0.7351152269339366,0.0,0.0
199,Device,Conv2DBackpropInput,gradient_tape/model/conv2d_48/Conv2D/Conv2DBackpropInput,2,1073.156,536.578,1073.156,536.578,0.0020058066483478842,0.7371210335822845,0.0,0.0
200,Device,Conv2DBackpropInput,gradient_tape/model/conv2d_51/Conv2D/Conv2DBackpropInput,2,1071.109,535.5545,1071.109,535.5545,0.00200198065640527,0.7391230142386898,0.0,0.0
201,Device,Conv2D,model/conv2d_37/Conv2D,2,1070.084,535.042,1070.084,535.042,0.002000064856824821,0.7411230790955146,0.0,0.0
202,Device,Conv2D,model/conv2d_40/Conv2D,2,1070.084,535.042,1070.084,535.042,0.002000064856824821,0.7431231439523394,0.0,0.0
203,Device,Conv2DBackpropInput,gradient_tape/model/conv2d_44/Conv2D/Conv2DBackpropInput,2,1069.061,534.5305,1069.061,534.5305,0.0019981527953898946,0.7451212967477292,0.0,0.0
204,Device,Conv2D,model/conv2d_31/Conv2D,2,1069.061,534.5305,1069.061,534.5305,0.0019981527953898946,0.747119449543119,0.0,0.0
205,Device,Conv2D,model/conv2d_28/Conv2D,2,1069.06,534.53,1069.06,534.53,0.001998150926317133,0.7491176004694362,0.0,0.0
206,Device,Conv2D,model/conv2d_30/Conv2D,4,1068.038,267.0095,1068.038,267.0095,0.0019962407339549682,0.7511138412033912,0.0,0.0
207,Device,Conv2D,model/conv2d_33/Conv2D,4,1068.036,267.009,1068.036,267.009,0.0019962369958094455,0.7531100781992006,0.0,0.0
208,Device,Conv2D,model/conv2d_36/Conv2D,4,1068.036,267.009,1068.036,267.009,0.0019962369958094455,0.75510631519501,0.0,0.0
209,Device,Conv2D,model/conv2d_26/Conv2D,4,1067.012,266.753,1067.012,266.753,0.0019943230653017576,0.7571006382603118,0.0,0.0
210,Device,Conv2D,model/conv2d_39/Conv2D,4,1064.964,266.241,1064.964,266.241,0.0019904952042863818,0.7590911334645982,0.0,0.0
211,Device,Conv2D,model/conv2d_42/Conv2D,4,1064.964,266.241,1064.964,266.241,0.0019904952042863818,0.7610816286688846,0.0,0.0
212,Device,BiasAddGrad,gradient_tape/model/conv2d/BiasAdd/BiasAddGrad,2,1063.941,531.9705,1063.941,531.9705,0.0019885831428514554,0.7630702118117361,0.0,0.0
213,Device,Conv2D,model/conv2d_34/Conv2D,2,1060.87,530.435,1060.87,530.435,0.0019828432204011532,0.7650530550321372,0.0,0.0
214,Device,BiasAddGrad,gradient_tape/model/conv2d_4/BiasAdd/BiasAddGrad,2,1057.796,528.898,1057.796,528.898,0.001977097690732567,0.7670301527228698,0.0,0.0
215,Device,BiasAddGrad,gradient_tape/model/conv2d_10/BiasAdd/BiasAddGrad,2,1056.772,528.386,1056.772,528.386,0.0019751837602248793,0.7690053364830947,0.0,0.0
216,Device,BiasAddGrad,gradient_tape/model/conv2d_7/BiasAdd/BiasAddGrad,2,1056.772,528.386,1056.772,528.386,0.0019751837602248793,0.7709805202433195,0.0,0.0
217,Device,Conv2DBackpropInput,gradient_tape/model/conv2d_43/Conv2D/Conv2DBackpropInput,2,1053.701,526.8505,1053.701,526.8505,0.001969443837774577,0.7729499640810941,0.0,0.0
218,Device,Conv2DBackpropFilter,gradient_tape/model/conv2d_52/Conv2D/Conv2DBackpropFilter,4,1052.677,263.16925,1052.677,263.16925,0.001967529907266889,0.774917493988361,0.0,0.0
219,Device,Conv2DBackpropFilter,gradient_tape/model/conv2d_49/Conv2D/Conv2DBackpropFilter,4,1047.556,261.889,1047.556,261.889,0.001957958385655689,0.7768754523740167,0.0,0.0
220,Device,Conv2DBackpropFilter,gradient_tape/model/conv2d_45/Conv2D/Conv2DBackpropFilter,4,1033.221,258.30525,1033.221,258.30525,0.0019311652276208207,0.7788066176016375,0.0,0.0
221,Device,Conv2DBackpropFilter,gradient_tape/model/conv2d_50/Conv2D/Conv2DBackpropFilter,4,1001.476,250.369,1001.476,250.369,0.0018718315128097367,0.7806784491144473,0.0,0.0
222,Device,Conv2DBackpropFilter,gradient_tape/model/conv2d_47/Conv2D/Conv2DBackpropFilter,4,997.38,249.345,997.38,249.345,0.0018641757907789855,0.7825426249052263,0.0,0.0
223,Device,Conv2DBackpropInput,gradient_tape/model/conv2d_50/Conv2D/Conv2DBackpropInput,2,967.684,483.842,967.684,483.842,0.0018086718060560385,0.7843512967112823,0.0,0.0
224,Device,Conv2DBackpropInput,gradient_tape/model/conv2d_47/Conv2D/Conv2DBackpropInput,2,962.563,481.2815,962.563,481.2815,0.001799100284444838,0.7861503969957272,0.0,0.0
225,Device,Conv2D,model/conv2d_45/Conv2D,2,941.06,470.53,941.06,470.53,0.001758909612856155,0.7879093066085834,0.0,0.0
226,Device,Conv2D,model/conv2d_49/Conv2D,2,940.036,470.018,940.036,470.018,0.0017569956823484674,0.7896663022909318,0.0,0.0
227,Device,Conv2D,model/conv2d_52/Conv2D,2,936.964,468.482,936.964,468.482,0.001751253890825404,0.7914175561817572,0.0,0.0
228,Device,Conv2D,model/conv2d_11/Conv2D,2,911.364,455.682,911.364,455.682,0.0017034056281332085,0.7931209618098904,0.0,0.0
229,Device,AvgPoolGrad,gradient_tape/model/average_pooling2d/AvgPoolGrad,2,908.292,454.146,908.292,454.146,0.001697663836610145,0.7948186256465006,0.0,0.0
230,Device,FusedBatchNormV3,model/batch_normalization_30/FusedBatchNormV3,4,890.884,222.721,890.884,222.721,0.0016651270179794519,0.7964837526644801,0.0,0.0
231,Device,FusedBatchNormV3,model/batch_normalization_36/FusedBatchNormV3,4,883.716,220.929,883.716,220.929,0.0016517295044256371,0.7981354821689057,0.0,0.0
232,Device,ReluGrad,gradient_tape/model/activation_2/ReluGrad,2,883.715,441.8575,883.715,441.8575,0.0016517276353528757,0.7997872098042587,0.0,0.0
233,Device,ReluGrad,gradient_tape/model/activation_5/ReluGrad,2,883.715,441.8575,883.715,441.8575,0.0016517276353528757,0.8014389374396116,0.0,0.0
234,Device,FusedBatchNormV3,model/batch_normalization_24/FusedBatchNormV3,4,879.62,219.905,879.62,219.905,0.0016440737823948859,0.8030830112220064,0.0,0.0
235,Device,ReluGrad,gradient_tape/model/activation_8/ReluGrad,2,878.595,439.2975,878.595,439.2975,0.0016421579828144366,0.8047251692048208,0.0,0.0
236,Device,FusedBatchNormV3,model/batch_normalization_33/FusedBatchNormV3,4,875.524,218.881,875.524,218.881,0.0016364180603641346,0.806361587265185,0.0,0.0
237,Device,FusedBatchNormV3,model/batch_normalization_39/FusedBatchNormV3,4,875.524,218.881,875.524,218.881,0.0016364180603641346,0.8079980053255492,0.0,0.0
238,Device,FusedBatchNormV3,model/batch_normalization_27/FusedBatchNormV3,4,875.522,218.8805,875.522,218.8805,0.001636414322218612,0.8096344196477678,0.0,0.0
239,Device,ReluGrad,gradient_tape/model/activation_36/ReluGrad,2,872.451,436.2255,872.451,436.2255,0.0016306743997683097,0.8112650940475361,0.0,0.0
240,Device,ReluGrad,gradient_tape/model/activation_7/ReluGrad,2,872.451,436.2255,872.451,436.2255,0.0016306743997683097,0.8128957684473044,0.0,0.0
241,Device,ReluGrad,gradient_tape/model/activation_30/ReluGrad,2,871.428,435.714,871.428,435.714,0.0016287623383333832,0.8145245307856378,0.0,0.0
242,Device,ReluGrad,gradient_tape/model/activation_27/ReluGrad,2,871.427,435.7135,871.427,435.7135,0.0016287604692606218,0.8161532912548984,0.0,0.0
243,Device,ReluGrad,gradient_tape/model/activation_39/ReluGrad,2,869.379,434.6895,869.379,434.6895,0.0016249326082452462,0.8177782238631437,0.0,0.0
244,Device,ReluGrad,gradient_tape/model/activation_4/ReluGrad,2,869.378,434.689,869.378,434.689,0.0016249307391724848,0.8194031546023162,0.0,0.0
245,Device,ReluGrad,gradient_tape/model/activation_24/ReluGrad,2,868.355,434.1775,868.355,434.1775,0.0016230186777375585,0.8210261732800537,0.0,0.0
246,Device,ReluGrad,gradient_tape/model/activation_33/ReluGrad,2,867.331,433.6655,867.331,433.6655,0.0016211047472298706,0.8226472780272835,0.0,0.0
247,Device,ReluGrad,gradient_tape/model/activation_1/ReluGrad,2,866.307,433.1535,866.307,433.1535,0.0016191908167221827,0.8242664688440058,0.0,0.0
248,Device,FusedBatchNormV3,model/batch_normalization_5/FusedBatchNormV3,4,858.116,214.529,858.116,214.529,0.0016038812417334416,0.8258703500857393,0.0,0.0
249,Device,FusedBatchNormV3,model/batch_normalization_7/FusedBatchNormV3,4,858.115,214.52875,858.115,214.52875,0.0016038793726606802,0.8274742294584,0.0,0.0
250,Device,FusedBatchNormV3,model/batch_normalization_1/FusedBatchNormV3,4,857.091,214.27275,857.091,214.27275,0.0016019654421529923,0.829076194900553,0.0,0.0
251,Device,FusedBatchNormV3,model/batch_normalization_8/FusedBatchNormV3,4,856.068,214.017,856.068,214.017,0.001600053380718066,0.8306762482812711,0.0,0.0
252,Device,AddN,SGD/gradients/AddN_6,2,855.044,427.522,855.044,427.522,0.001598139450210378,0.8322743877314814,0.0,0.0
253,Device,FusedBatchNormV3,model/batch_normalization_4/FusedBatchNormV3,4,855.043,213.76075,855.043,213.76075,0.0015981375811376167,0.833872525312619,0.0,0.0
254,Device,AddN,SGD/gradients/AddN_4,2,852.995,426.4975,852.995,426.4975,0.001594309720122241,0.8354668350327412,0.0,0.0
255,Device,AddN,SGD/gradients/AddN_5,2,852.995,426.4975,852.995,426.4975,0.001594309720122241,0.8370611447528634,0.0,0.0
256,Device,FusedBatchNormV3,model/batch_normalization_2/FusedBatchNormV3,4,851.972,212.993,851.972,212.993,0.0015923976586873145,0.8386535424115508,0.0,0.0
257,Device,AddN,SGD/gradients/AddN_2,2,851.971,425.9855,851.971,425.9855,0.0015923957896145531,0.8402459382011653,0.0,0.0
258,Device,AddN,SGD/gradients/AddN_3,2,851.971,425.9855,851.971,425.9855,0.0015923957896145531,0.8418383339907799,0.0,0.0
259,Device,AddN,SGD/gradients/AddN_7,2,850.948,425.474,850.948,425.474,0.0015904837281796268,0.8434288177189595,0.0,0.0
260,Device,Conv2DBackpropFilter,gradient_tape/model/conv2d_43/Conv2D/Conv2DBackpropFilter,2,849.922,424.961,849.922,424.961,0.0015885660595264162,0.8450173837784859,0.0,0.0
261,Device,AddN,SGD/gradients/AddN_15,2,842.755,421.3775,842.755,421.3775,0.0015751704150453627,0.8465925541935313,0.0,0.0
262,Device,AddV2,model/add_12/add,2,831.492,415.746,831.492,415.746,0.001554119048533558,0.8481466732420648,0.0,0.0
263,Device,AddV2,model/add_7/add,2,830.468,415.234,830.468,415.234,0.0015522051180258702,0.8496988783600907,0.0,0.0
264,Device,AddV2,model/add_11/add,2,828.42,414.21,828.42,414.21,0.0015483772570104946,0.8512472556171012,0.0,0.0
265,Device,AddV2,model/add_9/add,2,826.37,413.185,826.37,413.185,0.0015445456578495962,0.8527918012749508,0.0,0.0
266,Device,AddV2,model/add_8/add,2,822.276,411.138,822.276,411.138,0.0015368936739643677,0.8543286949489152,0.0,0.0
267,Device,AddV2,model/add_10/add,2,821.252,410.626,821.252,410.626,0.0015349797434566798,0.8558636746923719,0.0,0.0
268,Device,Conv2DBackpropFilter,gradient_tape/model/conv2d_24/Conv2D/Conv2DBackpropFilter,2,732.163,366.0815,732.163,366.0815,0.0013684659202150779,0.857232140612587,0.0,0.0
269,Device,FusedBatchNormGradV3,gradient_tape/model/batch_normalization_11/FusedBatchNormGradV3,2,711.683,355.8415,711.683,355.8415,0.0013301873100613215,0.8585623279226483,0.0,0.0
270,Device,FusedBatchNormGradV3,gradient_tape/model/batch_normalization_20/FusedBatchNormGradV3,2,708.61,354.305,708.61,354.305,0.0013244436494654966,0.8598867715721138,0.0,0.0
271,Device,FusedBatchNormGradV3,gradient_tape/model/batch_normalization_10/FusedBatchNormGradV3,2,707.587,353.7935,707.587,353.7935,0.00132253158803057,0.8612093031601443,0.0,0.0
272,Device,FusedBatchNormGradV3,gradient_tape/model/batch_normalization_14/FusedBatchNormGradV3,2,706.563,353.2815,706.563,353.2815,0.0013206176575228823,0.8625299208176672,0.0,0.0
273,Device,FusedBatchNormGradV3,gradient_tape/model/batch_normalization_17/FusedBatchNormGradV3,2,706.562,353.281,706.562,353.281,0.001320615788450121,0.8638505366061173,0.0,0.0
274,Device,FusedBatchNormGradV3,gradient_tape/model/batch_normalization_16/FusedBatchNormGradV3,2,703.491,351.7455,703.491,351.7455,0.0013148758659998188,0.8651654124721171,0.0,0.0
275,Device,FusedBatchNormGradV3,gradient_tape/model/batch_normalization_13/FusedBatchNormGradV3,2,700.418,350.209,700.418,350.209,0.001309132205403994,0.866474544677521,0.0,0.0
276,Device,FusedBatchNormGradV3,gradient_tape/model/batch_normalization_19/FusedBatchNormGradV3,2,700.418,350.209,700.418,350.209,0.001309132205403994,0.867783676882925,0.0,0.0
277,Device,Conv2D,model/conv2d_24/Conv2D,2,688.13,344.065,688.13,344.065,0.00128616503931174,0.8690698419222368,0.0,0.0
278,Device,Conv2D,model/conv2d_43/Conv2D,2,623.62,311.81,623.62,311.81,0.00116559115547293,0.8702354330777097,0.0,0.0
279,Device,BiasAdd,model/conv2d_42/BiasAdd,2,596.994,298.497,596.994,298.497,0.0011158252241275238,0.8713512583018372,0.0,0.0
280,Device,BiasAdd,model/conv2d_39/BiasAdd,2,593.922,296.961,593.922,296.961,0.0011100834326044603,0.8724613417344417,0.0,0.0
281,Device,BiasAdd,model/conv2d_8/BiasAdd,2,592.899,296.4495,592.899,296.4495,0.001108171371169534,0.8735695131056113,0.0,0.0
282,Device,BiasAdd,model/conv2d_30/BiasAdd,2,592.898,296.449,592.898,296.449,0.0011081695020967726,0.8746776826077081,0.0,0.0
283,Device,BiasAdd,model/conv2d_33/BiasAdd,2,590.852,295.426,590.852,295.426,0.0011043453792269197,0.8757820279869349,0.0,0.0
284,Device,BiasAdd,model/conv2d_27/BiasAdd,2,590.851,295.4255,590.851,295.4255,0.0011043435101541583,0.8768863714970891,0.0,0.0
285,Device,BiasAdd,model/conv2d_26/BiasAdd,2,590.85,295.425,590.85,295.425,0.001104341641081397,0.8779907131381706,0.0,0.0
286,Device,BiasAdd,model/conv2d_6/BiasAdd,2,590.85,295.425,590.85,295.425,0.001104341641081397,0.879095054779252,0.0,0.0
287,Device,Conv2D,model/conv2d_1/Conv2D,2,589.826,294.913,589.826,294.913,0.001102427710573709,0.8801974824898257,0.0,0.0
288,Device,BiasAdd,model/conv2d_5/BiasAdd,2,588.803,294.4015,588.803,294.4015,0.0011005156491387827,0.8812979981389645,0.0,0.0
289,Device,BiasAdd,model/conv2d_9/BiasAdd,2,588.802,294.401,588.802,294.401,0.0011005137800660213,0.8823985119190305,0.0,0.0
290,Device,BiasAdd,model/conv2d_36/BiasAdd,2,587.778,293.889,587.778,293.889,0.0010985998495583334,0.8834971117685888,0.0,0.0
291,Device,BiasAdd,model/conv2d_1/BiasAdd,2,586.754,293.377,586.754,293.377,0.0010966859190506455,0.8845937976876395,0.0,0.0
292,Device,Conv2DBackpropInput,gradient_tape/model/conv2d_1/Conv2D/Conv2DBackpropInput,2,585.731,292.8655,585.731,292.8655,0.0010947738576157192,0.8856885715452552,0.0,0.0
293,Device,BiasAdd,model/conv2d_2/BiasAdd,2,582.659,291.3295,582.659,291.3295,0.0010890320660926556,0.8867776036113478,0.0,0.0
294,Device,Relu,model/activation_30/Relu,2,558.082,279.041,558.082,279.041,0.0010430958648353864,0.8878206994761833,0.0,0.0
295,Device,Relu,model/activation_4/Relu,2,556.035,278.0175,556.035,278.0175,0.0010392698728927722,0.8888599693490761,0.0,0.0
296,Device,Relu,model/activation_39/Relu,2,556.034,278.017,556.034,278.017,0.0010392680038200108,0.8898992373528961,0.0,0.0
297,Device,Relu,model/activation_24/Relu,2,555.01,277.505,555.01,277.505,0.001037354073312323,0.8909365914262084,0.0,0.0
298,Device,Relu,model/activation_8/Relu,2,555.01,277.505,555.01,277.505,0.001037354073312323,0.8919739454995207,0.0,0.0
299,Device,Relu,model/activation_27/Relu,2,553.987,276.9935,553.987,276.9935,0.0010354420118773966,0.8930093875113981,0.0,0.0
300,Device,Relu,model/activation_7/Relu,2,553.987,276.9935,553.987,276.9935,0.0010354420118773966,0.8940448295232756,0.0,0.0
301,Device,Relu,model/activation_33/Relu,2,553.986,276.993,553.986,276.993,0.0010354401428046352,0.8950802696660802,0.0,0.0
302,Device,Relu,model/activation_5/Relu,2,553.986,276.993,553.986,276.993,0.0010354401428046352,0.8961157098088849,0.0,0.0
303,Device,Relu,model/activation_36/Relu,2,552.962,276.481,552.962,276.481,0.0010335262122969473,0.8971492360211818,0.0,0.0
304,Device,Relu,model/activation_2/Relu,2,551.938,275.969,551.938,275.969,0.0010316122817892596,0.8981808483029711,0.0,0.0
305,Device,Relu,model/activation_1/Relu,2,547.843,273.9215,547.843,273.9215,0.0010239584288312697,0.8992048067318024,0.0,0.0
306,Device,BiasAddGrad,gradient_tape/model/conv2d_20/BiasAdd/BiasAddGrad,2,525.314,262.657,525.314,262.657,0.0009818500885893761,0.9001866568203918,0.0,0.0
307,Device,BiasAddGrad,gradient_tape/model/conv2d_14/BiasAdd/BiasAddGrad,2,524.29,262.145,524.29,262.145,0.0009799361580816882,0.9011665929784735,0.0,0.0
308,Device,BiasAddGrad,gradient_tape/model/conv2d_17/BiasAdd/BiasAddGrad,2,523.266,261.633,523.266,261.633,0.0009780222275740005,0.9021446152060475,0.0,0.0
309,Device,BiasAddGrad,gradient_tape/model/conv2d_23/BiasAdd/BiasAddGrad,2,523.266,261.633,523.266,261.633,0.0009780222275740005,0.9031226374336215,0.0,0.0
310,Device,Transpose,gradient_tape/model/conv2d/Conv2D/Conv2DBackpropFilter-0-TransposeNHWCToNCHW-LayoutOptimizer,2,475.138,237.569,475.138,237.569,0.0008880674937126728,0.9040107049273342,0.0,0.0
311,Device,FusedBatchNormV3,model/batch_normalization_17/FusedBatchNormV3,4,441.346,110.3365,441.346,110.3365,0.0008249077869589747,0.9048356127142931,0.0,0.0
312,Device,ReluGrad,gradient_tape/model/activation_11/ReluGrad,2,438.274,219.137,438.274,219.137,0.0008191659954359112,0.9056547787097291,0.0,0.0
313,Device,ReluGrad,gradient_tape/model/activation_14/ReluGrad,2,438.274,219.137,438.274,219.137,0.0008191659954359112,0.9064739447051651,0.0,0.0
314,Device,FusedBatchNormV3,model/batch_normalization_14/FusedBatchNormV3,4,438.274,109.5685,438.274,109.5685,0.0008191659954359112,0.907293110700601,0.0,0.0
315,Device,FusedBatchNormV3,model/batch_normalization_11/FusedBatchNormV3,4,436.226,109.0565,436.226,109.0565,0.0008153381344205356,0.9081084488350216,0.0,0.0
316,Device,ReluGrad,gradient_tape/model/activation_20/ReluGrad,2,435.202,217.601,435.202,217.601,0.0008134242039128477,0.9089218730389345,0.0,0.0
317,Device,FusedBatchNormV3,model/batch_normalization_16/FusedBatchNormV3,4,435.202,108.8005,435.202,108.8005,0.0008134242039128477,0.9097352972428473,0.0,0.0
318,Device,ReluGrad,gradient_tape/model/activation_48/ReluGrad,2,434.178,217.089,434.178,217.089,0.0008115102734051599,0.9105468075162525,0.0,0.0
319,Device,ReluGrad,gradient_tape/model/activation_17/ReluGrad,2,434.177,217.0885,434.177,217.0885,0.0008115084043323986,0.9113583159205849,0.0,0.0
320,Device,ReluGrad,gradient_tape/model/activation_42/ReluGrad,2,434.177,217.0885,434.177,217.0885,0.0008115084043323986,0.9121698243249173,0.0,0.0
321,Device,FusedBatchNormV3,model/batch_normalization_20/FusedBatchNormV3,4,433.154,108.2885,433.154,108.2885,0.000809596342897472,0.9129794206678148,0.0,0.0
322,Device,FusedBatchNormV3,model/batch_normalization_13/FusedBatchNormV3,4,432.13,108.0325,432.13,108.0325,0.0008076824123897842,0.9137871030802046,0.0,0.0
323,Device,FusedBatchNormV3,model/batch_normalization_10/FusedBatchNormV3,4,431.106,107.7765,431.106,107.7765,0.0008057684818820964,0.9145928715620867,0.0,0.0
324,Device,FusedBatchNormV3,model/batch_normalization_19/FusedBatchNormV3,4,430.082,107.5205,430.082,107.5205,0.0008038545513744086,0.9153967261134611,0.0,0.0
325,Device,ReluGrad,gradient_tape/model/activation_10/ReluGrad,2,429.058,214.529,429.058,214.529,0.0008019406208667208,0.9161986667343278,0.0,0.0
326,Device,AddN,SGD/gradients/AddN_1,2,429.057,214.5285,429.057,214.5285,0.0008019387517939594,0.9170006054861217,0.0,0.0
327,Device,AddN,SGD/gradients/AddN,2,428.034,214.017,428.034,214.017,0.000800026690359033,0.9178006321764808,0.0,0.0
328,Device,ReluGrad,gradient_tape/model/activation_45/ReluGrad,2,428.034,214.017,428.034,214.017,0.000800026690359033,0.9186006588668398,0.0,0.0
329,Device,FusedBatchNormGradV3,gradient_tape/model/batch_normalization_48/FusedBatchNormGradV3,2,428.033,214.0165,428.033,214.0165,0.0008000248212862716,0.9194006836881261,0.0,0.0
330,Device,ReluGrad,gradient_tape/model/activation_13/ReluGrad,2,425.986,212.993,425.986,212.993,0.0007961988293436572,0.9201968825174698,0.0,0.0
331,Device,ReluGrad,gradient_tape/model/activation_16/ReluGrad,2,425.986,212.993,425.986,212.993,0.0007961988293436572,0.9209930813468135,0.0,0.0
332,Device,FusedBatchNormGradV3,gradient_tape/model/batch_normalization_45/FusedBatchNormGradV3,2,425.986,212.993,425.986,212.993,0.0007961988293436572,0.9217892801761571,0.0,0.0
333,Device,ReluGrad,gradient_tape/model/activation_19/ReluGrad,2,425.985,212.9925,425.985,212.9925,0.0007961969602708959,0.922585477136428,0.0,0.0
334,Device,FusedBatchNormGradV3,gradient_tape/model/batch_normalization_42/FusedBatchNormGradV3,2,425.985,212.9925,425.985,212.9925,0.0007961969602708959,0.9233816740966989,0.0,0.0
335,Device,AddV2,model/add_15/add,2,418.818,209.409,418.818,209.409,0.0007828013157898425,0.9241644754124888,0.0,0.0
336,Device,AddV2,model/add_13/add,2,415.746,207.873,415.746,207.873,0.000777059524266779,0.9249415349367556,0.0,0.0
337,Device,AddV2,model/add_14/add,2,413.696,206.848,413.696,206.848,0.0007732279251058806,0.9257147628618615,0.0,0.0
338,Device,FusedBatchNormGradV3,gradient_tape/model/batch_normalization_31/FusedBatchNormGradV3,2,372.737,186.3685,372.737,186.3685,0.0006966725738711292,0.9264114354357327,0.0,0.0
339,Device,FusedBatchNormGradV3,gradient_tape/model/batch_normalization_29/FusedBatchNormGradV3,2,369.666,184.833,369.666,184.833,0.000690932651420827,0.9271023680871535,0.0,0.0
340,Device,FusedBatchNormGradV3,gradient_tape/model/batch_normalization_32/FusedBatchNormGradV3,2,369.666,184.833,369.666,184.833,0.000690932651420827,0.9277933007385744,0.0,0.0
341,Device,FusedBatchNormGradV3,gradient_tape/model/batch_normalization_28/FusedBatchNormGradV3,2,369.665,184.8325,369.665,184.8325,0.0006909307823480656,0.9284842315209224,0.0,0.0
342,Device,FusedBatchNormGradV3,gradient_tape/model/batch_normalization_34/FusedBatchNormGradV3,2,368.642,184.321,368.642,184.321,0.0006890187209131392,0.9291732502418355,0.0,0.0
343,Device,FusedBatchNormGradV3,gradient_tape/model/batch_normalization_25/FusedBatchNormGradV3,2,368.641,184.3205,368.641,184.3205,0.0006890168518403778,0.9298622670936759,0.0,0.0
344,Device,FusedBatchNormGradV3,gradient_tape/model/batch_normalization_38/FusedBatchNormGradV3,2,368.641,184.3205,368.641,184.3205,0.0006890168518403778,0.9305512839455163,0.0,0.0
345,Device,FusedBatchNormGradV3,gradient_tape/model/batch_normalization_23/FusedBatchNormGradV3,2,367.618,183.809,367.618,183.809,0.0006871047904054514,0.9312383887359218,0.0,0.0
346,Device,FusedBatchNormGradV3,gradient_tape/model/batch_normalization_26/FusedBatchNormGradV3,2,367.618,183.809,367.618,183.809,0.0006871047904054514,0.9319254935263273,0.0,0.0
347,Device,FusedBatchNormGradV3,gradient_tape/model/batch_normalization_35/FusedBatchNormGradV3,2,366.593,183.2965,366.593,183.2965,0.0006851889908250022,0.9326106825171523,0.0,0.0
348,Device,FusedBatchNormGradV3,gradient_tape/model/batch_normalization_37/FusedBatchNormGradV3,2,366.593,183.2965,366.593,183.2965,0.0006851889908250022,0.9332958715079773,0.0,0.0
349,Device,FusedBatchNormGradV3,gradient_tape/model/batch_normalization_22/FusedBatchNormGradV3,2,364.545,182.2725,364.545,182.2725,0.0006813611298096265,0.933977232637787,0.0,0.0
350,Device,SoftmaxCrossEntropyWithLogits,categorical_crossentropy/softmax_cross_entropy_with_logits,6,364.544,60.75733333333333,364.544,60.75733333333333,0.000681359260736865,0.9346585918985238,0.0,0.0
351,Device,BiasAdd,model/conv2d_46/BiasAdd,2,297.984,148.992,297.984,148.992,0.0005569537777371566,0.935215545676261,0.0,0.0
352,Device,BiasAddGrad,gradient_tape/model/conv2d_27/BiasAdd/BiasAddGrad,2,296.962,148.481,296.962,148.481,0.0005550435853749916,0.9357705892616359,0.0,0.0
353,Device,FusedBatchNormV3,model/batch_normalization_45/FusedBatchNormV3,4,296.962,74.2405,296.962,74.2405,0.0005550435853749916,0.9363256328470109,0.0,0.0
354,Device,BiasAddGrad,gradient_tape/model/conv2d_33/BiasAdd/BiasAddGrad,2,296.96,148.48,296.96,148.48,0.0005550398472294687,0.9368806726942404,0.0,0.0
355,Device,BiasAdd,model/conv2d_49/BiasAdd,2,295.938,147.969,295.938,147.969,0.0005531296548673037,0.9374338023491077,0.0,0.0
356,Device,BiasAddGrad,gradient_tape/model/conv2d_39/BiasAdd/BiasAddGrad,2,295.937,147.9685,295.937,147.9685,0.0005531277857945423,0.9379869301349022,0.0,0.0
357,Device,FusedBatchNormV3,model/batch_normalization_48/FusedBatchNormV3,4,295.936,73.984,295.936,73.984,0.0005531259167217809,0.9385400560516239,0.0,0.0
358,Device,BiasAddGrad,gradient_tape/model/conv2d_42/BiasAdd/BiasAddGrad,2,294.913,147.4565,294.913,147.4565,0.0005512138552868545,0.9390912699069108,0.0,0.0
359,Device,BiasAddGrad,gradient_tape/model/conv2d_30/BiasAdd/BiasAddGrad,2,293.889,146.9445,293.889,146.9445,0.0005492999247791667,0.93964056983169,0.0,0.0
360,Device,BiasAddGrad,gradient_tape/model/conv2d_36/BiasAdd/BiasAddGrad,2,293.889,146.9445,293.889,146.9445,0.0005492999247791667,0.9401898697564691,0.0,0.0
361,Device,BiasAdd,model/conv2d_45/BiasAdd,2,293.888,146.944,293.888,146.944,0.0005492980557064052,0.9407391678121755,0.0,0.0
362,Device,BiasAdd,model/conv2d_52/BiasAdd,2,292.866,146.433,292.866,146.433,0.0005473878633442403,0.9412865556755198,0.0,0.0
363,Device,BiasAdd,model/conv2d_15/BiasAdd,2,292.865,146.4325,292.865,146.4325,0.0005473859942714789,0.9418339416697913,0.0,0.0
364,Device,BiasAdd,model/conv2d_18/BiasAdd,2,292.865,146.4325,292.865,146.4325,0.0005473859942714789,0.9423813276640628,0.0,0.0
365,Device,BiasAdd,model/conv2d_21/BiasAdd,2,292.865,146.4325,292.865,146.4325,0.0005473859942714789,0.9429287136583343,0.0,0.0
366,Device,FusedBatchNormV3,model/batch_normalization_42/FusedBatchNormV3,4,291.842,72.9605,291.842,72.9605,0.0005454739328365525,0.9434741875911709,0.0,0.0
367,Device,BiasAdd,model/conv2d_12/BiasAdd,2,291.841,145.9205,291.841,145.9205,0.0005454720637637911,0.9440196596549346,0.0,0.0
368,Device,BiasAdd,model/conv2d_16/BiasAdd,2,290.817,145.4085,290.817,145.4085,0.0005435581332561033,0.9445632177881907,0.0,0.0
369,Device,BiasAdd,model/conv2d_19/BiasAdd,2,289.793,144.8965,289.793,144.8965,0.0005416442027484154,0.9451048619909391,0.0,0.0
370,Device,BiasAdd,model/conv2d_22/BiasAdd,2,288.77,144.385,288.77,144.385,0.0005397321413134889,0.9456445941322527,0.0,0.0
371,Device,BiasAdd,model/conv2d_11/BiasAdd,2,288.769,144.3845,288.769,144.3845,0.0005397302722407276,0.9461843244044934,0.0,0.0
372,Device,BiasAddGrad,gradient_tape/model/conv2d_2/BiasAdd/BiasAddGrad,2,281.602,140.801,281.602,140.801,0.0005263346277596742,0.946710659032253,0.0,0.0
373,Device,BiasAddGrad,gradient_tape/model/conv2d_9/BiasAdd/BiasAddGrad,2,281.601,140.8005,281.601,140.8005,0.0005263327586869128,0.94723699179094,0.0,0.0
374,Device,Relu,model/activation_19/Relu,2,281.601,140.8005,281.601,140.8005,0.0005263327586869128,0.947763324549627,0.0,0.0
375,Device,BiasAddGrad,gradient_tape/model/conv2d_6/BiasAdd/BiasAddGrad,2,281.6,140.8,281.6,140.8,0.0005263308896141514,0.9482896554392412,0.0,0.0
376,Device,BiasAddGrad,gradient_tape/model/conv2d_8/BiasAdd/BiasAddGrad,2,280.577,140.2885,280.577,140.2885,0.000524418828179225,0.9488140742674204,0.0,0.0
377,Device,Relu,model/activation_11/Relu,2,280.577,140.2885,280.577,140.2885,0.000524418828179225,0.9493384930955996,0.0,0.0
378,Device,Relu,model/activation_13/Relu,2,280.577,140.2885,280.577,140.2885,0.000524418828179225,0.9498629119237788,0.0,0.0
379,Device,Relu,model/activation_14/Relu,2,280.577,140.2885,280.577,140.2885,0.000524418828179225,0.950387330751958,0.0,0.0
380,Device,Relu,model/activation_16/Relu,2,280.577,140.2885,280.577,140.2885,0.000524418828179225,0.9509117495801372,0.0,0.0
381,Device,BiasAddGrad,gradient_tape/model/conv2d_5/BiasAdd/BiasAddGrad,2,280.576,140.288,280.576,140.288,0.0005244169591064636,0.9514361665392437,0.0,0.0
382,Device,Relu,model/activation_42/Relu,2,280.576,140.288,280.576,140.288,0.0005244169591064636,0.9519605834983501,0.0,0.0
383,Device,BiasAddGrad,gradient_tape/model/conv2d_1/BiasAdd/BiasAddGrad,2,279.552,139.776,279.552,139.776,0.0005225030285987758,0.9524830865269489,0.0,0.0
384,Device,Relu,model/activation_17/Relu,2,278.53,139.265,278.53,139.265,0.0005205928362366107,0.9530036793631855,0.0,0.0
385,Device,Relu,model/activation_45/Relu,2,278.53,139.265,278.53,139.265,0.0005205928362366107,0.9535242721994222,0.0,0.0
386,Device,Relu,model/activation_48/Relu,2,278.53,139.265,278.53,139.265,0.0005205928362366107,0.9540448650356588,0.0,0.0
387,Device,Relu,model/activation_10/Relu,2,278.529,139.2645,278.529,139.2645,0.0005205909671638494,0.9545654560028226,0.0,0.0
388,Device,Relu,model/activation_20/Relu,2,275.456,137.728,275.456,137.728,0.0005148473065680245,0.9550803033093906,0.0,0.0
389,Device,AvgPool,model/average_pooling2d/AvgPool,2,241.664,120.832,241.664,120.832,0.0004516875998143263,0.9555319909092049,0.0,0.0
390,Device,FusedBatchNormV3,model/batch_normalization_22/FusedBatchNormV3,4,235.521,58.88025,235.521,58.88025,0.00044020588584096074,0.9559721967950459,0.0,0.0
391,Device,FusedBatchNormV3,model/batch_normalization_28/FusedBatchNormV3,4,233.473,58.36825,233.473,58.36825,0.0004363780248255851,0.9564085748198714,0.0,0.0
392,Device,FusedBatchNormV3,model/batch_normalization_34/FusedBatchNormV3,4,233.472,58.368,233.472,58.368,0.0004363761557528237,0.9568449509756243,0.0,0.0
393,Device,FusedBatchNormV3,model/batch_normalization_25/FusedBatchNormV3,4,232.45,58.1125,232.45,58.1125,0.0004344659633906587,0.957279416939015,0.0,0.0
394,Device,FusedBatchNormV3,model/batch_normalization_32/FusedBatchNormV3,4,232.45,58.1125,232.45,58.1125,0.0004344659633906587,0.9577138829024057,0.0,0.0
395,Device,FusedBatchNormV3,model/batch_normalization_37/FusedBatchNormV3,4,232.45,58.1125,232.45,58.1125,0.0004344659633906587,0.9581483488657964,0.0,0.0
396,Device,FusedBatchNormV3,model/batch_normalization_29/FusedBatchNormV3,4,231.426,57.8565,231.426,57.8565,0.00043255203288297087,0.9585809008986793,0.0,0.0
397,Device,FusedBatchNormV3,model/batch_normalization_23/FusedBatchNormV3,4,231.424,57.856,231.424,57.856,0.0004325482947374481,0.9590134491934168,0.0,0.0
398,Device,FusedBatchNormV3,model/batch_normalization_31/FusedBatchNormV3,4,231.424,57.856,231.424,57.856,0.0004325482947374481,0.9594459974881543,0.0,0.0
399,Device,FusedBatchNormV3,model/batch_normalization_38/FusedBatchNormV3,4,231.424,57.856,231.424,57.856,0.0004325482947374481,0.9598785457828918,0.0,0.0
400,Device,FusedBatchNormV3,model/batch_normalization_26/FusedBatchNormV3,4,230.4,57.6,230.4,57.6,0.00043063436422976023,0.9603091801471215,0.0,0.0
401,Device,FusedBatchNormV3,model/batch_normalization_35/FusedBatchNormV3,4,230.4,57.6,230.4,57.6,0.00043063436422976023,0.9607398145113513,0.0,0.0
402,Device,ReluGrad,gradient_tape/model/activation_23/ReluGrad,2,220.161,110.0805,220.161,110.0805,0.0004114969282256434,0.9611513114395769,0.0,0.0
403,Device,ReluGrad,gradient_tape/model/activation_28/ReluGrad,2,219.137,109.5685,219.137,109.5685,0.0004095829977179556,0.9615608944372949,0.0,0.0
404,Device,ReluGrad,gradient_tape/model/activation_25/ReluGrad,2,218.113,109.0565,218.113,109.0565,0.0004076690672102678,0.9619685635045051,0.0,0.0
405,Device,ReluGrad,gradient_tape/model/activation_37/ReluGrad,2,217.089,108.5445,217.089,108.5445,0.00040575513670257997,0.9623743186412077,0.0,0.0
406,Device,ReluGrad,gradient_tape/model/activation_31/ReluGrad,2,214.017,107.0085,214.017,107.0085,0.0004000133451795165,0.9627743319863872,0.0,0.0
407,Device,ReluGrad,gradient_tape/model/activation_34/ReluGrad,2,212.993,106.4965,212.993,106.4965,0.0003980994146718286,0.963172431401059,0.0,0.0
408,Device,ReluGrad,gradient_tape/model/activation_29/ReluGrad,2,211.968,105.984,211.968,105.984,0.0003961836150913794,0.9635686150161504,0.0,0.0
409,Device,ReluGrad,gradient_tape/model/activation_38/ReluGrad,2,210.945,105.4725,210.945,105.4725,0.000394271553656453,0.9639628865698069,0.0,0.0
410,Device,ReluGrad,gradient_tape/model/activation_32/ReluGrad,2,210.944,105.472,210.944,105.472,0.0003942696845836916,0.9643571562543906,0.0,0.0
411,Device,ReluGrad,gradient_tape/model/activation_35/ReluGrad,2,209.921,104.9605,209.921,104.9605,0.00039235762314876514,0.9647495138775394,0.0,0.0
412,Device,ReluGrad,gradient_tape/model/activation_26/ReluGrad,2,209.92,104.96,209.92,104.96,0.0003923557540760037,0.9651418696316154,0.0,0.0
413,Device,ReluGrad,gradient_tape/model/activation_22/ReluGrad,2,203.776,101.888,203.776,101.888,0.0003808721710298769,0.9655227418026453,0.0,0.0
414,Device,ArgMax,ArgMax,2,185.344,92.672,185.344,92.672,0.000346421421891496,0.9658691632245368,0.0,0.0
415,Device,BiasAddGrad,gradient_tape/model/conv2d_12/BiasAdd/BiasAddGrad,2,160.768,80.384,160.768,80.384,0.00030048708970698826,0.9661696503142437,0.0,0.0
416,Device,BiasAddGrad,gradient_tape/model/conv2d_16/BiasAdd/BiasAddGrad,2,160.768,80.384,160.768,80.384,0.00030048708970698826,0.9664701374039507,0.0,0.0
417,Device,BiasAddGrad,gradient_tape/model/conv2d_22/BiasAdd/BiasAddGrad,2,160.768,80.384,160.768,80.384,0.00030048708970698826,0.9667706244936577,0.0,0.0
418,Device,BiasAddGrad,gradient_tape/model/conv2d_19/BiasAdd/BiasAddGrad,2,159.745,79.8725,159.745,79.8725,0.00029857502827206186,0.9670691995219297,0.0,0.0
419,Device,BiasAddGrad,gradient_tape/model/conv2d_49/BiasAdd/BiasAddGrad,2,154.625,77.3125,154.625,77.3125,0.0002890053757336227,0.9673582048976633,0.0,0.0
420,Device,BiasAddGrad,gradient_tape/model/conv2d_52/BiasAdd/BiasAddGrad,2,154.624,77.312,154.624,77.312,0.0002890035066608613,0.9676472084043242,0.0,0.0
421,Device,BiasAddGrad,gradient_tape/model/conv2d_46/BiasAdd/BiasAddGrad,2,153.601,76.8005,153.601,76.8005,0.0002870914452259349,0.9679342998495502,0.0,0.0
422,Device,BiasAddGrad,gradient_tape/model/conv2d_21/BiasAdd/BiasAddGrad,2,149.505,74.7525,149.505,74.7525,0.0002794357231951836,0.9682137355727454,0.0,0.0
423,Device,BiasAddGrad,gradient_tape/model/conv2d_15/BiasAdd/BiasAddGrad,2,149.504,74.752,149.504,74.752,0.0002794338541224222,0.9684931694268678,0.0,0.0
424,Device,BiasAddGrad,gradient_tape/model/conv2d_18/BiasAdd/BiasAddGrad,2,148.481,74.2405,148.481,74.2405,0.0002775217926874958,0.9687706912195553,0.0,0.0
425,Device,BiasAddGrad,gradient_tape/model/conv2d_11/BiasAdd/BiasAddGrad,2,148.48,74.24,148.48,74.24,0.00027751992361473433,0.96904821114317,0.0,0.0
426,Device,BiasAdd,model/conv2d_24/BiasAdd,2,147.456,73.728,147.456,73.728,0.0002756059931070465,0.969323817136277,0.0,0.0
427,Device,BiasAdd,model/conv2d_32/BiasAdd,2,146.432,73.216,146.432,73.216,0.0002736920625993587,0.9695975091988763,0.0,0.0
428,Device,BiasAdd,model/conv2d_38/BiasAdd,2,146.432,73.216,146.432,73.216,0.0002736920625993587,0.9698712012614756,0.0,0.0
429,Device,BiasAdd,model/conv2d_29/BiasAdd,2,145.41,72.705,145.41,72.705,0.00027178187023719374,0.9701429831317129,0.0,0.0
430,Device,BiasAdd,model/conv2d_25/BiasAdd,2,145.408,72.704,145.408,72.704,0.0002717781320916709,0.9704147612638045,0.0,0.0
431,Device,BiasAdd,model/conv2d_35/BiasAdd,2,145.408,72.704,145.408,72.704,0.0002717781320916709,0.9706865393958962,0.0,0.0
432,Device,BiasAdd,model/conv2d_41/BiasAdd,2,144.385,72.1925,144.385,72.1925,0.00026986607065674446,0.9709564054665529,0.0,0.0
433,Device,BiasAdd,model/conv2d_31/BiasAdd,2,144.384,72.192,144.384,72.192,0.00026986420158398304,0.971226269668137,0.0,0.0
434,Device,BiasAdd,model/conv2d_37/BiasAdd,2,143.362,71.681,143.362,71.681,0.00026795400922181807,0.9714942236773588,0.0,0.0
435,Device,BiasAdd,model/conv2d_34/BiasAdd,2,143.36,71.68,143.36,71.68,0.0002679502710762953,0.9717621739484351,0.0,0.0
436,Device,BiasAdd,model/conv2d_28/BiasAdd,2,142.336,71.168,142.336,71.168,0.0002660363405686075,0.9720282102890038,0.0,0.0
437,Device,BiasAdd,model/conv2d_40/BiasAdd,2,142.336,71.168,142.336,71.168,0.0002660363405686075,0.9722942466295724,0.0,0.0
438,Device,Relu,model/activation_34/Relu,2,141.312,70.656,141.312,70.656,0.0002641224100609196,0.9725583690396333,0.0,0.0
439,Device,Relu,model/activation_38/Relu,2,140.29,70.145,140.29,70.145,0.0002622122176987546,0.9728205812573321,0.0,0.0
440,Device,Relu,model/activation_31/Relu,2,139.266,69.633,139.266,69.633,0.0002602982871910668,0.9730808795445232,0.0,0.0
441,Device,Relu,model/activation_22/Relu,2,139.264,69.632,139.264,69.632,0.000260294549045544,0.9733411740935687,0.0,0.0
442,Device,Relu,model/activation_25/Relu,2,139.264,69.632,139.264,69.632,0.000260294549045544,0.9736014686426142,0.0,0.0
443,Device,Relu,model/activation_26/Relu,2,139.264,69.632,139.264,69.632,0.000260294549045544,0.9738617631916597,0.0,0.0
444,Device,Relu,model/activation_28/Relu,2,139.264,69.632,139.264,69.632,0.000260294549045544,0.9741220577407053,0.0,0.0
445,Device,Relu,model/activation_35/Relu,2,138.241,69.1205,138.241,69.1205,0.0002583824876106176,0.9743804402283158,0.0,0.0
446,Device,Relu,model/activation_32/Relu,2,138.24,69.12,138.24,69.12,0.00025838061853785614,0.9746388208468537,0.0,0.0
447,Device,Relu,model/activation_37/Relu,2,138.24,69.12,138.24,69.12,0.00025838061853785614,0.9748972014653916,0.0,0.0
448,Device,Relu,model/activation_23/Relu,2,137.218,68.609,137.218,68.609,0.0002564704261756911,0.9751536718915673,0.0,0.0
449,Device,Relu,model/activation_29/Relu,2,137.216,68.608,137.216,68.608,0.00025646668803016833,0.9754101385795975,0.0,0.0
450,Device,ResourceApplyGradientDescent,SGD/SGD/update_184/ResourceApplyGradientDescent,2,125.952,62.976,125.952,62.976,0.00023541345244560227,0.9756455520320431,0.0,0.0
451,Device,ResourceApplyGradientDescent,SGD/SGD/update_196/ResourceApplyGradientDescent,2,124.929,62.4645,124.929,62.4645,0.00023350139101067585,0.9758790534230537,0.0,0.0
452,Device,ResourceApplyGradientDescent,SGD/SGD/update_170/ResourceApplyGradientDescent,2,124.928,62.464,124.928,62.464,0.00023349952193791443,0.9761125529449917,0.0,0.0
453,Device,AddN,SGD/gradients/AddN_60,2,122.881,61.4405,122.881,61.4405,0.0002296735299953002,0.9763422264749869,0.0,0.0
454,Device,Mul,gradient_tape/conv2d_48/kernel/Regularizer/Mul_1,2,121.858,60.929,121.858,60.929,0.0002277614685603738,0.9765699879435473,0.0,0.0
455,Device,AddN,SGD/gradients/AddN_67,2,121.856,60.928,121.856,60.928,0.00022775773041485095,0.9767977456739622,0.0,0.0
456,Device,Mul,gradient_tape/conv2d_44/kernel/Regularizer/Mul_1,2,121.856,60.928,121.856,60.928,0.00022775773041485095,0.977025503404377,0.0,0.0
457,Device,AddN,SGD/gradients/AddN_64,2,120.833,60.4165,120.833,60.4165,0.00022584566897992456,0.9772513490733569,0.0,0.0
458,Device,ArgMax,ArgMax_1,2,120.832,60.416,120.832,60.416,0.00022584379990716314,0.9774771928732641,0.0,0.0
459,Device,Mul,gradient_tape/conv2d_51/kernel/Regularizer/Mul_1,2,119.808,59.904,119.808,59.904,0.00022392986939947533,0.9777011227426635,0.0,0.0
460,Device,FusedBatchNormGradV3,gradient_tape/model/batch_normalization_40/FusedBatchNormGradV3,2,115.713,57.8565,115.713,57.8565,0.00021627601644148544,0.977917398759105,0.0,0.0
461,Device,FusedBatchNormGradV3,gradient_tape/model/batch_normalization_46/FusedBatchNormGradV3,2,115.713,57.8565,115.713,57.8565,0.00021627601644148544,0.9781336747755465,0.0,0.0
462,Device,FusedBatchNormGradV3,gradient_tape/model/batch_normalization_41/FusedBatchNormGradV3,2,114.688,57.344,114.688,57.344,0.0002143602168610362,0.9783480349924075,0.0,0.0
463,Device,FusedBatchNormGradV3,gradient_tape/model/batch_normalization_47/FusedBatchNormGradV3,2,114.688,57.344,114.688,57.344,0.0002143602168610362,0.9785623952092686,0.0,0.0
464,Device,FusedBatchNormGradV3,gradient_tape/model/batch_normalization_44/FusedBatchNormGradV3,2,113.665,56.8325,113.665,56.8325,0.00021244815542610982,0.9787748433646947,0.0,0.0
465,Device,FusedBatchNormGradV3,gradient_tape/model/batch_normalization_43/FusedBatchNormGradV3,2,113.664,56.832,113.664,56.832,0.00021244628635334837,0.978987289651048,0.0,0.0
466,Device,ResourceApplyGradientDescent,SGD/SGD/update_174/ResourceApplyGradientDescent,2,110.593,55.2965,110.593,55.2965,0.00020670636390304634,0.979193996014951,0.0,0.0
467,Device,ReluGrad,gradient_tape/model/activation_43/ReluGrad,2,110.593,55.2965,110.593,55.2965,0.00020670636390304634,0.9794007023788541,0.0,0.0
468,Device,ReluGrad,gradient_tape/model/activation_40/ReluGrad,2,109.568,54.784,109.568,54.784,0.00020479056432259708,0.9796054929431767,0.0,0.0
469,Device,Mul,gradient_tape/conv2d_46/kernel/Regularizer/Mul_1,2,108.545,54.2725,108.545,54.2725,0.0002028785028876707,0.9798083714460644,0.0,0.0
470,Device,ReluGrad,gradient_tape/model/activation_41/ReluGrad,2,108.545,54.2725,108.545,54.2725,0.0002028785028876707,0.9800112499489521,0.0,0.0
471,Device,ReluGrad,gradient_tape/model/activation_44/ReluGrad,2,108.544,54.272,108.544,54.272,0.00020287663381490925,0.980214126582767,0.0,0.0
472,Device,ReluGrad,gradient_tape/model/activation_47/ReluGrad,2,108.544,54.272,108.544,54.272,0.00020287663381490925,0.9804170032165819,0.0,0.0
473,Device,ReluGrad,gradient_tape/model/activation_46/ReluGrad,2,107.52,53.76,107.52,53.76,0.00020096270330722144,0.9806179659198891,0.0,0.0
474,Device,AddN,SGD/gradients/AddN_61,2,103.424,51.712,103.424,51.712,0.00019330698127647015,0.9808112729011657,0.0,0.0
475,Device,BiasAddGrad,gradient_tape/model/conv2d_32/BiasAdd/BiasAddGrad,2,102.401,51.2005,102.401,51.2005,0.00019139491984154373,0.9810026678210072,0.0,0.0
476,Device,BiasAddGrad,gradient_tape/model/conv2d_38/BiasAdd/BiasAddGrad,2,102.401,51.2005,102.401,51.2005,0.00019139491984154373,0.9811940627408487,0.0,0.0
477,Device,BiasAddGrad,gradient_tape/model/conv2d_25/BiasAdd/BiasAddGrad,2,101.377,50.6885,101.377,50.6885,0.00018948098933385592,0.9813835437301826,0.0,0.0
478,Device,BiasAddGrad,gradient_tape/model/conv2d_35/BiasAdd/BiasAddGrad,2,101.376,50.688,101.376,50.688,0.0001894791202610945,0.9815730228504437,0.0,0.0
479,Device,BiasAddGrad,gradient_tape/model/conv2d_29/BiasAdd/BiasAddGrad,2,100.353,50.1765,100.353,50.1765,0.0001875670588261681,0.9817605899092698,0.0,0.0
480,Device,BiasAddGrad,gradient_tape/model/conv2d_37/BiasAdd/BiasAddGrad,2,99.328,49.664,99.328,49.664,0.00018565125924571886,0.9819462411685156,0.0,0.0
481,Device,BiasAddGrad,gradient_tape/model/conv2d_41/BiasAdd/BiasAddGrad,2,98.305,49.1525,98.305,49.1525,0.00018373919781079247,0.9821299803663264,0.0,0.0
482,Device,BiasAddGrad,gradient_tape/model/conv2d_28/BiasAdd/BiasAddGrad,2,98.304,49.152,98.304,49.152,0.00018373732873803103,0.9823137176950644,0.0,0.0
483,Device,BiasAddGrad,gradient_tape/model/conv2d_34/BiasAdd/BiasAddGrad,2,98.304,49.152,98.304,49.152,0.00018373732873803103,0.9824974550238024,0.0,0.0
484,Device,BiasAddGrad,gradient_tape/model/conv2d_31/BiasAdd/BiasAddGrad,2,97.28,48.64,97.28,48.64,0.00018182339823034322,0.9826792784220327,0.0,0.0
485,Device,ResourceApplyGradientDescent,SGD/SGD/update_204/ResourceApplyGradientDescent,2,96.257,48.1285,96.257,48.1285,0.0001799113367954168,0.9828591897588281,0.0,0.0
486,Device,BiasAddGrad,gradient_tape/model/conv2d_40/BiasAdd/BiasAddGrad,2,96.256,48.128,96.256,48.128,0.00017990946772265538,0.9830390992265507,0.0,0.0
487,Device,BiasAddGrad,gradient_tape/model/conv2d_24/BiasAdd/BiasAddGrad,2,94.208,47.104,94.208,47.104,0.00017608160670727974,0.983215180833258,0.0,0.0
488,Device,Square,conv2d_51/kernel/Regularizer/Square,2,81.921,40.9605,81.921,40.9605,0.00015311630968778728,0.9833682971429458,0.0,0.0
489,Device,Square,conv2d_44/kernel/Regularizer/Square,2,81.92,40.96,81.92,40.96,0.00015311444061502587,0.9835214115835609,0.0,0.0
490,Device,Square,conv2d_48/kernel/Regularizer/Square,2,81.92,40.96,81.92,40.96,0.00015311444061502587,0.9836745260241759,0.0,0.0
491,Device,Mul,gradient_tape/conv2d_44/kernel/Regularizer/Mul,2,81.92,40.96,81.92,40.96,0.00015311444061502587,0.983827640464791,0.0,0.0
492,Device,FusedBatchNormV3,model/batch_normalization_43/FusedBatchNormV3,4,79.872,19.968,79.872,19.968,0.00014928657959965022,0.9839769270443907,0.0,0.0
493,Device,FusedBatchNormV3,model/batch_normalization_44/FusedBatchNormV3,4,77.824,19.456,77.824,19.456,0.00014545871858427458,0.984122385762975,0.0,0.0
494,Device,FusedBatchNormV3,model/batch_normalization_46/FusedBatchNormV3,4,77.824,19.456,77.824,19.456,0.00014545871858427458,0.9842678444815592,0.0,0.0
495,Device,FusedBatchNormV3,model/batch_normalization_40/FusedBatchNormV3,4,76.8,19.2,76.8,19.2,0.00014354478807658674,0.9844113892696358,0.0,0.0
496,Device,FusedBatchNormV3,model/batch_normalization_41/FusedBatchNormV3,4,76.8,19.2,76.8,19.2,0.00014354478807658674,0.9845549340577123,0.0,0.0
497,Device,FusedBatchNormV3,model/batch_normalization_47/FusedBatchNormV3,4,75.776,18.944,75.776,18.944,0.0001416308575688989,0.9846965649152812,0.0,0.0
498,Device,Square,conv2d_46/kernel/Regularizer/Square,2,74.752,37.376,74.752,37.376,0.0001397169270612111,0.9848362818423424,0.0,0.0
499,Device,Tile,gradient_tape/conv2d_44/kernel/Regularizer/Tile,2,73.728,36.864,73.728,36.864,0.00013780299655352326,0.9849740848388959,0.0,0.0
500,Device,Mul,gradient_tape/conv2d_46/kernel/Regularizer/Mul,2,68.608,34.304,68.608,34.304,0.00012823334401508416,0.985102318182911,0.0,0.0
501,Host,IDLE,IDLE,0,1869733.899,0.0,1869733.899,0.0,0.0,0.0,0.9851411837048162,0.9851411837048162
502,Host,GatherV2,GatherV2,2,27689.117,13844.5585,27689.117,13844.5585,0.0,0.0,0.014589075756560986,0.9997302594613772
503,Host,GatherV2,GatherV2_1,2,135.662,67.831,135.662,67.831,0.0,0.0,7.14787400149516e-05,0.9998017382013921
504,Host,Dataset,Iterator::Root::ParallelMapV2,2,67.782,33.891,67.782,33.891,0.0,0.0,3.5713552473746874e-05,0.9998374517538658
505,Host,Dataset,Iterator::Root::ParallelMapV2::Zip[1]::ForeverRepeat,2,56.132,28.066,51.992,25.996,0.0,0.0,2.7393983951713547e-05,0.9998648457378175
506,Host,Dataset,Iterator::Root,2,108.733,54.3665,40.951,20.4755,0.0,0.0,2.1576608647611584e-05,0.9998864223464652
507,Host,FlushSummaryWriter,FlushSummaryWriter,1,39.421,39.421,39.421,39.421,0.0,0.0,2.077046932913717e-05,0.9999071928157943
508,Host,LogicalAnd,LogicalAnd,1,33.11,33.11,33.11,33.11,0.0,0.0,1.7445276362541074e-05,0.9999246380921568
509,Host,IteratorGetNext,IteratorGetNext,2,32.54,16.27,32.54,16.27,0.0,0.0,1.71449499497761e-05,0.9999417830421066
510,Host,WriteSummary,WriteSummary,1,24.06,24.06,24.06,24.06,0.0,0.0,1.2676935949342745e-05,0.9999544599780559
511,Host,Dataset,Iterator::Root::ParallelMapV2::Zip[0]::FlatMap[1]::Concatenate[0]::TensorSlice,2,23.87,11.935,23.87,11.935,0.0,0.0,1.2576827145087752e-05,0.9999670368052009
512,Host,Dataset,Iterator::Root::ParallelMapV2::Zip[0]::FlatMap[1]::Concatenate,2,38.26,19.13,14.39,7.195,0.0,0.0,7.58192470120707e-06,0.9999746187299021
513,Host,ReadVariableOp,ReadVariableOp,1,13.21,13.21,13.21,13.21,0.0,0.0,6.960196337939221e-06,0.9999815789262401
514,Host,Dataset,Iterator::Root::ParallelMapV2::Zip,2,107.403,53.7015,9.881,4.9405,0.0,0.0,5.206184709703062e-06,0.9999867851109497
515,Host,_Send,IteratorGetNext/_3,2,6.181,3.0905,6.181,3.0905,0.0,0.0,3.2566974689479427e-06,0.9999900418084187
516,Host,_Send,IteratorGetNext/_6,2,4.79,2.395,4.79,2.395,0.0,0.0,2.5237956441127076e-06,0.9999925656040628
517,Host,Dataset,Iterator::Root::ParallelMapV2::Zip[1]::ForeverRepeat::FromTensor,4,4.14,1.035,4.14,1.035,0.0,0.0,2.1813181558719434e-06,0.9999947469222187
518,Host,Identity,Identity,2,3.17,1.585,3.17,1.585,0.0,0.0,1.6702363657280341e-06,0.9999964171585844
519,Host,Dataset,Iterator::Root::ParallelMapV2::Zip[0]::FlatMap,2,41.39,20.695,3.13,1.565,0.0,0.0,1.649160827990141e-06,0.9999980663194125
520,Host,_HostSend,categorical_crossentropy/softmax_cross_entropy_with_logits/Shape_2/_9,2,2.08,1.04,2.08,1.04,0.0,0.0,1.0959279623704452e-06,0.9999991622473748
521,Host,_Send,IteratorGetNext/_1,2,1.59,0.795,1.59,0.795,0.0,0.0,8.377526250812538e-07,0.9999999999999999
