Rank,Host/device,Type,Operation,#Occurrences,Total time (us),Avg. time (us),Total self-time (us),Avg. self-time (us),Total self-time on Device (%),Cumulative total-self time on Device (%),Total self-time on Host (%),Cumulative total-self time on Host (%)
1,Device,IDLE,IDLE,0,6755.907,0.0,6755.907,0.0,0.2703797759546947,0.2703797759546947,0.0,0.0
2,Device,ResourceApplyGradientDescent,SGD/SGD/update_34/ResourceApplyGradientDescent,2,833.54,416.77,833.54,416.77,0.033359304450057733,0.30373908040475245,0.0,0.0
3,Device,Conv2DBackpropFilter,gradient_tape/sequential/conv2d_10/Conv2D/Conv2DBackpropFilter,2,657.412,328.706,657.412,328.706,0.026310443478562946,0.3300495238833154,0.0,0.0
4,Device,Conv2DBackpropFilter,gradient_tape/sequential/conv2d_11/Conv2D/Conv2DBackpropFilter,2,653.316,326.658,653.316,326.658,0.026146516479225855,0.3561960403625412,0.0,0.0
5,Device,Conv2DBackpropFilter,gradient_tape/sequential/conv2d_9/Conv2D/Conv2DBackpropFilter,2,648.196,324.098,648.196,324.098,0.025941607730054494,0.3821376480925957,0.0,0.0
6,Device,Conv2DBackpropFilter,gradient_tape/sequential/conv2d_12/Conv2D/Conv2DBackpropFilter,2,571.396,285.698,571.396,285.698,0.02286797649248409,0.40500562458507977,0.0,0.0
7,Device,Conv2DBackpropFilter,gradient_tape/sequential/conv2d_14/Conv2D/Conv2DBackpropFilter,2,568.323,284.1615,568.323,284.1615,0.0227449912217412,0.42775061580682094,0.0,0.0
8,Device,Conv2DBackpropFilter,gradient_tape/sequential/conv2d_13/Conv2D/Conv2DBackpropFilter,2,567.299,283.6495,567.299,283.6495,0.02270400947190693,0.45045462527872787,0.0,0.0
9,Device,Conv2DBackpropFilter,gradient_tape/sequential/conv2d_15/Conv2D/Conv2DBackpropFilter,2,564.228,282.114,564.228,282.114,0.022581104243644186,0.47303572952237205,0.0,0.0
10,Device,Conv2DBackpropInput,gradient_tape/sequential/conv2d_11/Conv2D/Conv2DBackpropInput,4,430.083,107.52075,430.083,107.52075,0.017212454994114477,0.49024818451648655,0.0,0.0
11,Device,Conv2DBackpropInput,gradient_tape/sequential/conv2d_15/Conv2D/Conv2DBackpropInput,4,430.082,107.5205,430.082,107.5205,0.017212414972874405,0.507460599489361,0.0,0.0
12,Device,Conv2DBackpropInput,gradient_tape/sequential/conv2d_9/Conv2D/Conv2DBackpropInput,4,430.082,107.5205,430.082,107.5205,0.017212414972874405,0.5246730144622354,0.0,0.0
13,Device,Conv2DBackpropInput,gradient_tape/sequential/conv2d_10/Conv2D/Conv2DBackpropInput,4,428.035,107.00875,428.035,107.00875,0.017130491494445933,0.5418035059566813,0.0,0.0
14,Device,Conv2DBackpropInput,gradient_tape/sequential/conv2d_13/Conv2D/Conv2DBackpropInput,4,425.987,106.49675,425.987,106.49675,0.01704852799477739,0.5588520339514587,0.0,0.0
15,Device,Conv2DBackpropInput,gradient_tape/sequential/conv2d_14/Conv2D/Conv2DBackpropInput,4,422.915,105.72875,422.915,105.72875,0.016925582745274573,0.5757776166967332,0.0,0.0
16,Device,Conv2DBackpropInput,gradient_tape/sequential/conv2d_12/Conv2D/Conv2DBackpropInput,4,420.866,105.2165,420.866,105.2165,0.016843579224365954,0.5926211959210992,0.0,0.0
17,Device,_FusedConv2D,sequential/conv2d_10/Relu,4,359.426,89.8565,359.426,89.8565,0.014384674234309633,0.6070058701554089,0.0,0.0
18,Device,_FusedConv2D,sequential/conv2d_11/Relu,4,355.33,88.8325,355.33,88.8325,0.014220747234972544,0.6212266173903814,0.0,0.0
19,Device,_FusedConv2D,sequential/conv2d_9/Relu,4,354.308,88.577,354.308,88.577,0.014179845527618418,0.6354064629179998,0.0,0.0
20,Device,_FusedConv2D,sequential/conv2d_12/Relu,4,350.21,87.5525,350.21,87.5525,0.014015838485801183,0.6494223014038011,0.0,0.0
21,Device,_FusedConv2D,sequential/conv2d_15/Relu,4,347.138,86.7845,347.138,86.7845,0.013892893236298368,0.6633151946400995,0.0,0.0
22,Device,_FusedConv2D,sequential/conv2d_13/Relu,4,346.113,86.52825,346.113,86.52825,0.013851871465224024,0.6771670661053235,0.0,0.0
23,Device,_FusedConv2D,sequential/conv2d_14/Relu,4,344.066,86.0165,344.066,86.0165,0.013769947986795551,0.690937014092119,0.0,0.0
24,Device,MatMul,gradient_tape/sequential/dense_1/MatMul/MatMul,2,318.466,159.233,318.466,159.233,0.012745404240938752,0.7036824183330578,0.0,0.0
25,Device,MatMul,sequential/dense_1/MatMul,2,299.01,149.505,299.01,149.505,0.011966750994087581,0.7156491693271454,0.0,0.0
26,Device,MatMul,gradient_tape/sequential/dense_1/MatMul/MatMul_1,2,286.722,143.361,286.722,143.361,0.011474969996076317,0.7271241393232217,0.0,0.0
27,Device,_FusedConv2D,sequential/conv2d_8/Relu,4,273.408,68.352,273.408,68.352,0.010942127205750636,0.7380662665289723,0.0,0.0
28,Device,Conv2DBackpropInput,gradient_tape/sequential/conv2d_8/Conv2D/Conv2DBackpropInput,2,237.57,118.785,237.57,118.785,0.00950784600403126,0.7475741125330035,0.0,0.0
29,Device,Conv2DBackpropFilter,gradient_tape/sequential/conv2d_1/Conv2D/Conv2DBackpropFilter,4,225.282,56.3205,225.282,56.3205,0.009016065006019995,0.7565901775390236,0.0,0.0
30,Device,Conv2DBackpropFilter,gradient_tape/sequential/conv2d_7/Conv2D/Conv2DBackpropFilter,2,206.849,103.4245,206.849,103.4245,0.008278353487763025,0.7648685310267866,0.0,0.0
31,Device,Conv2DBackpropFilter,gradient_tape/sequential/conv2d_6/Conv2D/Conv2DBackpropFilter,2,205.825,102.9125,205.825,102.9125,0.008237371737928753,0.7731059027647154,0.0,0.0
32,Device,_FusedConv2D,sequential/conv2d_7/Relu,2,203.777,101.8885,203.777,101.8885,0.00815540823826021,0.7812613110029756,0.0,0.0
33,Device,Conv2DBackpropFilter,gradient_tape/sequential/conv2d_5/Conv2D/Conv2DBackpropFilter,2,201.729,100.8645,201.729,100.8645,0.008073444738591666,0.7893347557415672,0.0,0.0
34,Device,_FusedConv2D,sequential/conv2d_5/Relu,2,201.729,100.8645,201.729,100.8645,0.008073444738591666,0.7974082004801588,0.0,0.0
35,Device,_FusedConv2D,sequential/conv2d_6/Relu,2,201.729,100.8645,201.729,100.8645,0.008073444738591666,0.8054816452187504,0.0,0.0
36,Device,Conv2DBackpropInput,gradient_tape/sequential/conv2d_6/Conv2D/Conv2DBackpropInput,2,191.49,95.745,191.49,95.745,0.007663667261489018,0.8131453124802395,0.0,0.0
37,Device,Conv2DBackpropInput,gradient_tape/sequential/conv2d_5/Conv2D/Conv2DBackpropInput,2,191.489,95.7445,191.489,95.7445,0.007663627240248945,0.8208089397204884,0.0,0.0
38,Device,Conv2DBackpropInput,gradient_tape/sequential/conv2d_7/Conv2D/Conv2DBackpropInput,2,191.488,95.744,191.488,95.744,0.007663587219008872,0.8284725269394972,0.0,0.0
39,Device,Conv2DBackpropFilter,gradient_tape/sequential/conv2d_3/Conv2D/Conv2DBackpropFilter,2,177.153,88.5765,177.153,88.5765,0.007089882742569136,0.8355624096820664,0.0,0.0
40,Device,Conv2DBackpropFilter,gradient_tape/sequential/conv2d_8/Conv2D/Conv2DBackpropFilter,2,173.057,86.5285,173.057,86.5285,0.006925955743232047,0.8424883654252985,0.0,0.0
41,Device,Conv2DBackpropFilter,gradient_tape/sequential/conv2d_2/Conv2D/Conv2DBackpropFilter,2,152.577,76.2885,152.577,76.2885,0.006106320746546607,0.8485946861718451,0.0,0.0
42,Device,Conv2DBackpropInput,gradient_tape/sequential/conv2d_1/Conv2D/Conv2DBackpropInput,2,130.048,65.024,130.048,65.024,0.00520468222895255,0.8537993684007976,0.0,0.0
43,Device,_FusedConv2D,sequential/conv2d_1/Relu,2,126.977,63.4885,126.977,63.4885,0.005081777000689806,0.8588811454014874,0.0,0.0
44,Device,Conv2DBackpropInput,gradient_tape/sequential/conv2d_4/Conv2D/Conv2DBackpropInput,2,125.953,62.9765,125.953,62.9765,0.005040795250855534,0.863921940652343,0.0,0.0
45,Device,Conv2DBackpropFilter,gradient_tape/sequential/conv2d_4/Conv2D/Conv2DBackpropFilter,2,125.952,62.976,125.952,62.976,0.005040755229615461,0.8689626958819584,0.0,0.0
46,Device,_FusedConv2D,sequential/conv2d_3/Relu,2,121.856,60.928,121.856,60.928,0.004876828230278373,0.8738395241122368,0.0,0.0
47,Device,Conv2DBackpropInput,gradient_tape/sequential/conv2d_3/Conv2D/Conv2DBackpropInput,2,120.833,60.4165,120.833,60.4165,0.0048358865016841735,0.878675410613921,0.0,0.0
48,Device,ResourceApplyGradientDescent,SGD/SGD/update_20/ResourceApplyGradientDescent,2,115.713,57.8565,115.713,57.8565,0.004630977752512813,0.8833063883664338,0.0,0.0
49,Device,_FusedConv2D,sequential/conv2d_4/Relu,2,115.713,57.8565,115.713,57.8565,0.004630977752512813,0.8879373661189467,0.0,0.0
50,Device,ResourceApplyGradientDescent,SGD/SGD/update_18/ResourceApplyGradientDescent,2,114.689,57.3445,114.689,57.3445,0.004589996002678541,0.8925273621216252,0.0,0.0
51,Device,ResourceApplyGradientDescent,SGD/SGD/update_22/ResourceApplyGradientDescent,2,114.688,57.344,114.688,57.344,0.004589955981438469,0.8971173181030637,0.0,0.0
52,Device,ResourceApplyGradientDescent,SGD/SGD/update_24/ResourceApplyGradientDescent,2,112.641,56.3205,112.641,56.3205,0.004508032503009998,0.9016253506060737,0.0,0.0
53,Device,ResourceApplyGradientDescent,SGD/SGD/update_30/ResourceApplyGradientDescent,2,112.641,56.3205,112.641,56.3205,0.004508032503009998,0.9061333831090838,0.0,0.0
54,Device,ResourceApplyGradientDescent,SGD/SGD/update_26/ResourceApplyGradientDescent,2,112.64,56.32,112.64,56.32,0.004507992481769925,0.9106413755908537,0.0,0.0
55,Device,ResourceApplyGradientDescent,SGD/SGD/update_28/ResourceApplyGradientDescent,2,111.617,55.8085,111.617,55.8085,0.004467050753175726,0.9151084263440294,0.0,0.0
56,Device,Conv2DBackpropFilter,gradient_tape/sequential/conv2d/Conv2D/Conv2DBackpropFilter,4,102.401,25.60025,102.401,25.60025,0.004098215004667277,0.9192066413486967,0.0,0.0
57,Device,ResourceApplyGradientDescent,SGD/SGD/update_32/ResourceApplyGradientDescent,2,99.329,49.6645,99.329,49.6645,0.0039752697551644605,0.9231819111038612,0.0,0.0
58,Device,SoftmaxCrossEntropyWithLogits,categorical_crossentropy/softmax_cross_entropy_with_logits,2,91.136,45.568,91.136,45.568,0.003647375735250212,0.9268292868391114,0.0,0.0
59,Device,_FusedConv2D,sequential/conv2d_2/Relu,2,75.776,37.888,75.776,37.888,0.003032649487736131,0.9298619363268475,0.0,0.0
60,Device,Conv2DBackpropInput,gradient_tape/sequential/conv2d_2/Conv2D/Conv2DBackpropInput,2,72.704,36.352,72.704,36.352,0.002909704238233315,0.9327716405650809,0.0,0.0
61,Device,MatMul,gradient_tape/sequential/dense/MatMul/MatMul,2,63.488,31.744,63.488,31.744,0.002540868489724867,0.9353125090548058,0.0,0.0
62,Device,ResourceApplyGradientDescent,SGD/SGD/update_16/ResourceApplyGradientDescent,2,56.32,28.16,56.32,28.16,0.0022539962408849624,0.9375665052956907,0.0,0.0
63,Device,ReluGrad,gradient_tape/sequential/conv2d/ReluGrad,2,53.248,26.624,53.248,26.624,0.0021310509913821463,0.9396975562870729,0.0,0.0
64,Device,_FusedConv2D,sequential/conv2d/Relu,2,52.225,26.1125,52.225,26.1125,0.002090109262787947,0.9417876655498608,0.0,0.0
65,Device,MatMul,sequential/dense/MatMul,2,51.202,25.601,51.202,25.601,0.002049167534193747,0.9438368330840545,0.0,0.0
66,Device,MaxPoolGrad,gradient_tape/sequential/max_pooling2d_3/MaxPool/MaxPoolGrad,2,49.152,24.576,49.152,24.576,0.0019671239920450584,0.9458039570760995,0.0,0.0
67,Device,MaxPoolGrad,gradient_tape/sequential/max_pooling2d_4/MaxPool/MaxPoolGrad,2,47.104,23.552,47.104,23.552,0.001885160492376514,0.9476891175684761,0.0,0.0
68,Device,MatMul,gradient_tape/sequential/dense/MatMul/MatMul_1,2,45.056,22.528,45.056,22.528,0.0018031969927079698,0.949492314561184,0.0,0.0
69,Device,MaxPoolGrad,gradient_tape/sequential/max_pooling2d/MaxPool/MaxPoolGrad,2,45.056,22.528,45.056,22.528,0.0018031969927079698,0.9512955115538919,0.0,0.0
70,Device,ReluGrad,gradient_tape/sequential/conv2d_1/ReluGrad,2,41.985,20.9925,41.985,20.9925,0.0016802917644452263,0.9529758033183371,0.0,0.0
71,Device,_Send,IteratorGetNext/_1,2,34.24,17.12,34.24,17.12,0.0013703272600834716,0.9543461305784205,0.0,0.0
72,Device,ResourceApplyGradientDescent,SGD/SGD/update_10/ResourceApplyGradientDescent,2,33.793,16.8965,33.793,16.8965,0.00135243776577105,0.9556985683441916,0.0,0.0
73,Device,ResourceApplyGradientDescent,SGD/SGD/update_12/ResourceApplyGradientDescent,2,33.792,16.896,33.792,16.896,0.0013523977445309776,0.9570509660887226,0.0,0.0
74,Device,ResourceApplyGradientDescent,SGD/SGD/update_14/ResourceApplyGradientDescent,2,33.792,16.896,33.792,16.896,0.0013523977445309776,0.9584033638332536,0.0,0.0
75,Device,BiasAddGrad,gradient_tape/sequential/conv2d/BiasAdd/BiasAddGrad,2,30.72,15.36,30.72,15.36,0.0012294524950281613,0.9596328163282818,0.0,0.0
76,Device,BiasAddGrad,gradient_tape/sequential/conv2d_1/BiasAdd/BiasAddGrad,2,30.72,15.36,30.72,15.36,0.0012294524950281613,0.9608622688233099,0.0,0.0
77,Device,MaxPoolGrad,gradient_tape/sequential/max_pooling2d_2/MaxPool/MaxPoolGrad,2,30.72,15.36,30.72,15.36,0.0012294524950281613,0.9620917213183381,0.0,0.0
78,Device,ReluGrad,gradient_tape/sequential/conv2d_2/ReluGrad,2,29.696,14.848,29.696,14.848,0.0011884707451938893,0.963280192063532,0.0,0.0
79,Device,MaxPoolGrad,gradient_tape/sequential/max_pooling2d_1/MaxPool/MaxPoolGrad,2,24.577,12.2885,24.577,12.2885,0.0009836020172626016,0.9642637940807945,0.0,0.0
80,Device,MatMul,sequential/dense_2/MatMul,2,24.576,12.288,24.576,12.288,0.0009835619960225292,0.9652473560768171,0.0,0.0
81,Device,BiasAddGrad,gradient_tape/sequential/conv2d_12/BiasAdd/BiasAddGrad,2,22.528,11.264,22.528,11.264,0.0009015984963539849,0.9661489545731711,0.0,0.0
82,Device,BiasAddGrad,gradient_tape/sequential/conv2d_13/BiasAdd/BiasAddGrad,2,22.528,11.264,22.528,11.264,0.0009015984963539849,0.967050553069525,0.0,0.0
83,Device,BiasAddGrad,gradient_tape/sequential/conv2d_14/BiasAdd/BiasAddGrad,2,22.528,11.264,22.528,11.264,0.0009015984963539849,0.967952151565879,0.0,0.0
84,Device,BiasAddGrad,gradient_tape/sequential/conv2d_15/BiasAdd/BiasAddGrad,2,22.528,11.264,22.528,11.264,0.0009015984963539849,0.968853750062233,0.0,0.0
85,Device,BiasAddGrad,gradient_tape/sequential/conv2d_2/BiasAdd/BiasAddGrad,2,22.528,11.264,22.528,11.264,0.0009015984963539849,0.9697553485585869,0.0,0.0
86,Device,BiasAddGrad,gradient_tape/sequential/conv2d_3/BiasAdd/BiasAddGrad,2,22.528,11.264,22.528,11.264,0.0009015984963539849,0.9706569470549409,0.0,0.0
87,Device,MaxPool,sequential/max_pooling2d/MaxPool,2,20.48,10.24,20.48,10.24,0.000819634996685441,0.9714765820516263,0.0,0.0
88,Device,Softmax,sequential/dense_2/Softmax,2,19.456,9.728,19.456,9.728,0.0007786532468511689,0.9722552352984776,0.0,0.0
89,Device,ReluGrad,gradient_tape/sequential/conv2d_3/ReluGrad,2,18.432,9.216,18.432,9.216,0.0007376714970168968,0.9729929067954944,0.0,0.0
90,Device,BiasAddGrad,gradient_tape/sequential/conv2d_5/BiasAdd/BiasAddGrad,2,17.408,8.704,17.408,8.704,0.0006966897471826248,0.9736895965426771,0.0,0.0
91,Device,BiasAddGrad,gradient_tape/sequential/conv2d_6/BiasAdd/BiasAddGrad,2,17.408,8.704,17.408,8.704,0.0006966897471826248,0.9743862862898597,0.0,0.0
92,Device,ResourceApplyGradientDescent,SGD/SGD/update_8/ResourceApplyGradientDescent,2,16.384,8.192,16.384,8.192,0.0006557079973483527,0.9750419942872081,0.0,0.0
93,Device,BiasAddGrad,gradient_tape/sequential/conv2d_9/BiasAdd/BiasAddGrad,2,16.384,8.192,16.384,8.192,0.0006557079973483527,0.9756977022845564,0.0,0.0
94,Device,BiasAddGrad,gradient_tape/sequential/conv2d_7/BiasAdd/BiasAddGrad,2,15.361,7.6805,15.361,7.6805,0.0006147662687541533,0.9763124685533106,0.0,0.0
95,Device,BiasAddGrad,gradient_tape/sequential/conv2d_10/BiasAdd/BiasAddGrad,2,15.36,7.68,15.36,7.68,0.0006147262475140806,0.9769271948008247,0.0,0.0
96,Device,BiasAddGrad,gradient_tape/sequential/conv2d_11/BiasAdd/BiasAddGrad,2,15.36,7.68,15.36,7.68,0.0006147262475140806,0.9775419210483388,0.0,0.0
97,Device,BiasAddGrad,gradient_tape/sequential/conv2d_8/BiasAdd/BiasAddGrad,2,15.36,7.68,15.36,7.68,0.0006147262475140806,0.9781566472958529,0.0,0.0
98,Device,BiasAddGrad,gradient_tape/sequential/conv2d_4/BiasAdd/BiasAddGrad,2,14.336,7.168,14.336,7.168,0.0005737444976798087,0.9787303917935327,0.0,0.0
99,Device,ReluGrad,gradient_tape/sequential/conv2d_5/ReluGrad,2,13.312,6.656,13.312,6.656,0.0005327627478455366,0.9792631545413782,0.0,0.0
100,Device,ReluGrad,gradient_tape/sequential/conv2d_6/ReluGrad,2,13.312,6.656,13.312,6.656,0.0005327627478455366,0.9797959172892238,0.0,0.0
101,Device,ResourceApplyGradientDescent,SGD/SGD/update_6/ResourceApplyGradientDescent,2,12.288,6.144,12.288,6.144,0.0004917809980112646,0.980287698287235,0.0,0.0
102,Device,ReluGrad,gradient_tape/sequential/conv2d_10/ReluGrad,2,12.288,6.144,12.288,6.144,0.0004917809980112646,0.9807794792852463,0.0,0.0
103,Device,ReluGrad,gradient_tape/sequential/conv2d_4/ReluGrad,2,12.288,6.144,12.288,6.144,0.0004917809980112646,0.9812712602832576,0.0,0.0
104,Device,ReluGrad,gradient_tape/sequential/conv2d_8/ReluGrad,2,12.288,6.144,12.288,6.144,0.0004917809980112646,0.9817630412812689,0.0,0.0
105,Device,ReluGrad,gradient_tape/sequential/conv2d_9/ReluGrad,2,12.288,6.144,12.288,6.144,0.0004917809980112646,0.9822548222792802,0.0,0.0
106,Device,MatMul,gradient_tape/sequential/dense_2/MatMul/MatMul,2,11.264,5.632,11.264,5.632,0.00045079924817699246,0.9827056215274572,0.0,0.0
107,Device,MatMul,gradient_tape/sequential/dense_2/MatMul/MatMul_1,2,10.241,5.1205,10.241,5.1205,0.000409857519582793,0.98311547904704,0.0,0.0
108,Device,ResourceApplyGradientDescent,SGD/SGD/update_4/ResourceApplyGradientDescent,2,10.24,5.12,10.24,5.12,0.0004098174983427205,0.9835252965453827,0.0,0.0
109,Device,Transpose,gradient_tape/sequential/conv2d/Conv2D/Conv2DBackpropFilter-0-TransposeNHWCToNCHW-LayoutOptimizer,2,10.24,5.12,10.24,5.12,0.0004098174983427205,0.9839351140437254,0.0,0.0
110,Device,MaxPool,sequential/max_pooling2d_1/MaxPool,2,10.24,5.12,10.24,5.12,0.0004098174983427205,0.984344931542068,0.0,0.0
111,Device,BiasAddGrad,gradient_tape/sequential/dense/BiasAdd/BiasAddGrad,2,8.193,4.0965,8.193,4.0965,0.00032789401991424887,0.9846728255619823,0.0,0.0
112,Device,ArgMax,ArgMax_1,2,8.192,4.096,8.192,4.096,0.00032785399867417636,0.9850006795606565,0.0,0.0
113,Device,ResourceApplyGradientDescent,SGD/SGD/update_2/ResourceApplyGradientDescent,2,8.192,4.096,8.192,4.096,0.00032785399867417636,0.9853285335593307,0.0,0.0
114,Device,ResourceApplyGradientDescent,SGD/SGD/update_23/ResourceApplyGradientDescent,2,8.192,4.096,8.192,4.096,0.00032785399867417636,0.9856563875580049,0.0,0.0
115,Device,ReluGrad,gradient_tape/sequential/conv2d_12/ReluGrad,2,8.192,4.096,8.192,4.096,0.00032785399867417636,0.9859842415566791,0.0,0.0
116,Device,ReluGrad,gradient_tape/sequential/conv2d_13/ReluGrad,2,8.192,4.096,8.192,4.096,0.00032785399867417636,0.9863120955553533,0.0,0.0
117,Device,ReluGrad,gradient_tape/sequential/conv2d_7/ReluGrad,2,8.192,4.096,8.192,4.096,0.00032785399867417636,0.9866399495540275,0.0,0.0
118,Device,ReluGrad,gradient_tape/sequential/dense/ReluGrad,2,8.192,4.096,8.192,4.096,0.00032785399867417636,0.9869678035527016,0.0,0.0
119,Device,BiasAddGrad,gradient_tape/sequential/dense_1/BiasAdd/BiasAddGrad,2,8.192,4.096,8.192,4.096,0.00032785399867417636,0.9872956575513758,0.0,0.0
120,Device,BiasAdd,sequential/dense_1/BiasAdd,2,8.192,4.096,8.192,4.096,0.00032785399867417636,0.98762351155005,0.0,0.0
121,Device,MaxPool,sequential/max_pooling2d_2/MaxPool,2,8.192,4.096,8.192,4.096,0.00032785399867417636,0.9879513655487242,0.0,0.0
122,Device,MaxPool,sequential/max_pooling2d_3/MaxPool,2,8.192,4.096,8.192,4.096,0.00032785399867417636,0.9882792195473984,0.0,0.0
123,Device,MaxPool,sequential/max_pooling2d_4/MaxPool,2,8.192,4.096,8.192,4.096,0.00032785399867417636,0.9886070735460726,0.0,0.0
124,Device,ArgMax,ArgMax,2,7.168,3.584,7.168,3.584,0.00028687224883990433,0.9888939457949125,0.0,0.0
125,Device,Equal,Equal,2,7.168,3.584,7.168,3.584,0.00028687224883990433,0.9891808180437525,0.0,0.0
126,Device,ResourceApplyGradientDescent,SGD/SGD/update_19/ResourceApplyGradientDescent,2,7.168,3.584,7.168,3.584,0.00028687224883990433,0.9894676902925924,0.0,0.0
127,Device,ResourceApplyGradientDescent,SGD/SGD/update_29/ResourceApplyGradientDescent,2,7.168,3.584,7.168,3.584,0.00028687224883990433,0.9897545625414323,0.0,0.0
128,Device,ResourceApplyGradientDescent,SGD/SGD/update_33/ResourceApplyGradientDescent,2,7.168,3.584,7.168,3.584,0.00028687224883990433,0.9900414347902723,0.0,0.0
129,Device,ResourceApplyGradientDescent,SGD/SGD/update_36/ResourceApplyGradientDescent,2,7.168,3.584,7.168,3.584,0.00028687224883990433,0.9903283070391122,0.0,0.0
130,Device,DivNoNan,div_no_nan_1,2,7.168,3.584,7.168,3.584,0.00028687224883990433,0.9906151792879522,0.0,0.0
131,Device,ReluGrad,gradient_tape/sequential/conv2d_14/ReluGrad,2,7.168,3.584,7.168,3.584,0.00028687224883990433,0.9909020515367921,0.0,0.0
132,Device,BiasAdd,sequential/dense/BiasAdd,2,7.168,3.584,7.168,3.584,0.00028687224883990433,0.9911889237856321,0.0,0.0
133,Device,AssignAddVariableOp,AssignAddVariableOp,2,6.144,3.072,6.144,3.072,0.0002458904990056323,0.9914348142846376,0.0,0.0
134,Device,AssignAddVariableOp,AssignAddVariableOp_3,2,6.144,3.072,6.144,3.072,0.0002458904990056323,0.9916807047836432,0.0,0.0
135,Device,AssignAddVariableOp,AssignAddVariableOp_4,2,6.144,3.072,6.144,3.072,0.0002458904990056323,0.9919265952826488,0.0,0.0
136,Device,AssignAddVariableOp,SGD/SGD/AssignAddVariableOp,2,6.144,3.072,6.144,3.072,0.0002458904990056323,0.9921724857816544,0.0,0.0
137,Device,ResourceApplyGradientDescent,SGD/SGD/update/ResourceApplyGradientDescent,2,6.144,3.072,6.144,3.072,0.0002458904990056323,0.99241837628066,0.0,0.0
138,Device,ResourceApplyGradientDescent,SGD/SGD/update_1/ResourceApplyGradientDescent,2,6.144,3.072,6.144,3.072,0.0002458904990056323,0.9926642667796656,0.0,0.0
139,Device,ResourceApplyGradientDescent,SGD/SGD/update_11/ResourceApplyGradientDescent,2,6.144,3.072,6.144,3.072,0.0002458904990056323,0.9929101572786712,0.0,0.0
140,Device,ResourceApplyGradientDescent,SGD/SGD/update_13/ResourceApplyGradientDescent,2,6.144,3.072,6.144,3.072,0.0002458904990056323,0.9931560477776767,0.0,0.0
141,Device,ResourceApplyGradientDescent,SGD/SGD/update_15/ResourceApplyGradientDescent,2,6.144,3.072,6.144,3.072,0.0002458904990056323,0.9934019382766823,0.0,0.0
142,Device,ResourceApplyGradientDescent,SGD/SGD/update_17/ResourceApplyGradientDescent,2,6.144,3.072,6.144,3.072,0.0002458904990056323,0.9936478287756879,0.0,0.0
143,Device,ResourceApplyGradientDescent,SGD/SGD/update_21/ResourceApplyGradientDescent,2,6.144,3.072,6.144,3.072,0.0002458904990056323,0.9938937192746935,0.0,0.0
144,Device,ResourceApplyGradientDescent,SGD/SGD/update_25/ResourceApplyGradientDescent,2,6.144,3.072,6.144,3.072,0.0002458904990056323,0.9941396097736991,0.0,0.0
145,Device,ResourceApplyGradientDescent,SGD/SGD/update_27/ResourceApplyGradientDescent,2,6.144,3.072,6.144,3.072,0.0002458904990056323,0.9943855002727047,0.0,0.0
146,Device,ResourceApplyGradientDescent,SGD/SGD/update_3/ResourceApplyGradientDescent,2,6.144,3.072,6.144,3.072,0.0002458904990056323,0.9946313907717103,0.0,0.0
147,Device,ResourceApplyGradientDescent,SGD/SGD/update_31/ResourceApplyGradientDescent,2,6.144,3.072,6.144,3.072,0.0002458904990056323,0.9948772812707158,0.0,0.0
148,Device,ResourceApplyGradientDescent,SGD/SGD/update_35/ResourceApplyGradientDescent,2,6.144,3.072,6.144,3.072,0.0002458904990056323,0.9951231717697214,0.0,0.0
149,Device,ResourceApplyGradientDescent,SGD/SGD/update_37/ResourceApplyGradientDescent,2,6.144,3.072,6.144,3.072,0.0002458904990056323,0.995369062268727,0.0,0.0
150,Device,ResourceApplyGradientDescent,SGD/SGD/update_5/ResourceApplyGradientDescent,2,6.144,3.072,6.144,3.072,0.0002458904990056323,0.9956149527677326,0.0,0.0
151,Device,ResourceApplyGradientDescent,SGD/SGD/update_7/ResourceApplyGradientDescent,2,6.144,3.072,6.144,3.072,0.0002458904990056323,0.9958608432667382,0.0,0.0
152,Device,ResourceApplyGradientDescent,SGD/SGD/update_9/ResourceApplyGradientDescent,2,6.144,3.072,6.144,3.072,0.0002458904990056323,0.9961067337657438,0.0,0.0
153,Device,Sum,Sum_2,2,6.144,3.072,6.144,3.072,0.0002458904990056323,0.9963526242647494,0.0,0.0
154,Device,DivNoNan,div_no_nan,2,6.144,3.072,6.144,3.072,0.0002458904990056323,0.9965985147637549,0.0,0.0
155,Device,Mul,gradient_tape/categorical_crossentropy/softmax_cross_entropy_with_logits/mul,2,6.144,3.072,6.144,3.072,0.0002458904990056323,0.9968444052627605,0.0,0.0
156,Device,ReluGrad,gradient_tape/sequential/conv2d_11/ReluGrad,2,6.144,3.072,6.144,3.072,0.0002458904990056323,0.9970902957617661,0.0,0.0
157,Device,ReluGrad,gradient_tape/sequential/conv2d_15/ReluGrad,2,6.144,3.072,6.144,3.072,0.0002458904990056323,0.9973361862607717,0.0,0.0
158,Device,ReluGrad,gradient_tape/sequential/dense_1/ReluGrad,2,6.144,3.072,6.144,3.072,0.0002458904990056323,0.9975820767597773,0.0,0.0
159,Device,BiasAddGrad,gradient_tape/sequential/dense_2/BiasAdd/BiasAddGrad,2,6.144,3.072,6.144,3.072,0.0002458904990056323,0.9978279672587829,0.0,0.0
160,Device,Relu,sequential/dense/Relu,2,6.144,3.072,6.144,3.072,0.0002458904990056323,0.9980738577577885,0.0,0.0
161,Device,Relu,sequential/dense_1/Relu,2,6.144,3.072,6.144,3.072,0.0002458904990056323,0.998319748256794,0.0,0.0
162,Device,BiasAdd,sequential/dense_2/BiasAdd,2,6.144,3.072,6.144,3.072,0.0002458904990056323,0.9985656387557996,0.0,0.0
163,Device,AssignAddVariableOp,AssignAddVariableOp_1,2,5.12,2.56,5.12,2.56,0.00020490874917136024,0.998770547504971,0.0,0.0
164,Device,AssignAddVariableOp,AssignAddVariableOp_2,2,5.12,2.56,5.12,2.56,0.00020490874917136024,0.9989754562541423,0.0,0.0
165,Device,Cast,Cast_1,2,5.12,2.56,5.12,2.56,0.00020490874917136024,0.9991803650033136,0.0,0.0
166,Device,Mul,Mul,2,5.12,2.56,5.12,2.56,0.00020490874917136024,0.999385273752485,0.0,0.0
167,Device,Sum,categorical_crossentropy/weighted_loss/Sum,2,5.12,2.56,5.12,2.56,0.00020490874917136024,0.9995901825016563,0.0,0.0
168,Device,DivNoNan,categorical_crossentropy/weighted_loss/value,2,5.12,2.56,5.12,2.56,0.00020490874917136024,0.9997950912508277,0.0,0.0
169,Device,LogicalAnd,LogicalAnd,1,3.072,3.072,3.072,3.072,0.00012294524950281615,0.9999180365003305,0.0,0.0
170,Device,_Send,IteratorGetNext/_3,2,2.048,1.024,2.048,1.024,8.196349966854409e-05,0.999999999999999,0.0,0.0
171,Host,IDLE,IDLE,0,81109.019,0.0,81109.019,0.0,0.0,0.0,0.984060084225206,0.984060084225206
172,Host,_Send,IteratorGetNext/_3,2,338.756,169.378,338.756,169.378,0.0,0.0,0.004109977681912216,0.9881700619071182
173,Host,_Send,IteratorGetNext/_1,2,309.356,154.678,309.356,154.678,0.0,0.0,0.003753280401721698,0.9919233423088399
174,Host,_Send,IteratorGetNext/_6,2,265.184,132.592,265.184,132.592,0.0,0.0,0.003217360937076271,0.9951407032459162
175,Host,GatherV2,GatherV2,2,67.39,33.695,67.39,33.695,0.0,0.0,0.0008176132555115311,0.9959583165014277
176,Host,Dataset,Iterator::Root::ParallelMapV2,2,55.081,27.5405,55.081,27.5405,0.0,0.0,0.0006682735676929908,0.9966265900691207
177,Host,Dataset,Iterator::Root::ParallelMapV2::Zip[1]::ForeverRepeat,2,51.032,25.516,47.802,23.901,0.0,0.0,0.0005799606594444608,0.9972065507285651
178,Host,FlushSummaryWriter,FlushSummaryWriter,1,36.251,36.251,36.251,36.251,0.0,0.0,0.00043981745252334937,0.9976463681810884
179,Host,IteratorGetNext,IteratorGetNext,2,31.281,15.6405,31.281,15.6405,0.0,0.0,0.00037951862658638084,0.9980258868076748
180,Host,LogicalAnd,LogicalAnd,1,30.63,30.63,30.63,30.63,0.0,0.0,0.0003716203296678765,0.9983975071373427
181,Host,Dataset,Iterator::Root::ParallelMapV2::Zip[0]::FlatMap,2,47.451,23.7255,27.3,13.65,0.0,0.0,0.0003312189030340525,0.9987287260403767
182,Host,Dataset,Iterator::Root,2,80.762,40.381,25.681,12.8405,0.0,0.0,0.00031157628750247266,0.9990403023278791
183,Host,Dataset,Iterator::Root::ParallelMapV2::Zip[0]::FlatMap[1]::TensorSlice,2,20.151,10.0755,20.151,10.0755,0.0,0.0,0.00024448322765711325,0.9992847855555362
184,Host,WriteSummary,WriteSummary,1,19.41,19.41,19.41,19.41,0.0,0.0,0.00023549300028904613,0.9995202785558253
185,Host,GatherV2,GatherV2_1,2,16.51,8.255,16.51,8.255,0.0,0.0,0.00020030857469202225,0.9997205871305173
186,Host,Dataset,Iterator::Root::ParallelMapV2::Zip,2,108.443,54.2215,9.96,4.98,0.0,0.0,0.00012084030308495105,0.9998414274336022
187,Host,ReadVariableOp,ReadVariableOp,1,6.85,6.85,6.85,6.85,0.0,0.0,8.310803977228058e-05,0.9999245354733745
188,Host,Dataset,Iterator::Root::ParallelMapV2::Zip[1]::ForeverRepeat::FromTensor,4,3.23,0.8075,3.23,0.8075,0.0,0.0,3.91881705787542e-05,0.9999637236439533
189,Host,Identity,Identity,2,2.99,1.495,2.99,1.495,0.0,0.0,3.627635604658671e-05,0.9999999999999999
