Rank,Host/device,Type,Operation,#Occurrences,Total time (us),Avg. time (us),Total self-time (us),Avg. self-time (us),Total self-time on Device (%),Cumulative total-self time on Device (%),Total self-time on Host (%),Cumulative total-self time on Host (%)
1,Device,IDLE,IDLE,0,8782.598,0.0,8782.598,0.0,0.7993704862694121,0.7993704862694121,0.0,0.0
2,Device,Conv2DBackpropFilter,gradient_tape/sequential/conv2d_1/Conv2D/Conv2DBackpropFilter,2,102.402,51.201,102.402,51.201,0.009320378381768166,0.8086908646511802,0.0,0.0
3,Device,ResourceApplyGradientDescent,SGD/SGD/update_12/ResourceApplyGradientDescent,2,97.28,48.64,97.28,48.64,0.008854186529349108,0.8175450511805293,0.0,0.0
4,Device,SoftmaxCrossEntropyWithLogits,categorical_crossentropy/softmax_cross_entropy_with_logits,2,95.233,47.6165,95.233,47.6165,0.00866787361995789,0.8262129248004872,0.0,0.0
5,Device,Conv2DBackpropFilter,gradient_tape/sequential/conv2d/Conv2D/Conv2DBackpropFilter,4,86.018,21.5045,86.018,21.5045,0.007829146966298843,0.8340420717667861,0.0,0.0
6,Device,Conv2DBackpropFilter,gradient_tape/sequential/conv2d_5/Conv2D/Conv2DBackpropFilter,2,84.992,42.496,84.992,42.496,0.007735762967747115,0.8417778347345333,0.0,0.0
7,Device,Conv2DBackpropFilter,gradient_tape/sequential/conv2d_3/Conv2D/Conv2DBackpropFilter,2,83.968,41.984,83.968,41.984,0.007642561004280283,0.8494203957388136,0.0,0.0
8,Device,_FusedConv2D,sequential/conv2d_5/Relu,2,77.824,38.912,77.824,38.912,0.0070833492234792855,0.8565037449622929,0.0,0.0
9,Device,Conv2DBackpropInput,gradient_tape/sequential/conv2d_5/Conv2D/Conv2DBackpropInput,2,76.8,38.4,76.8,38.4,0.006990147260012453,0.8634938922223053,0.0,0.0
10,Device,Conv2DBackpropFilter,gradient_tape/sequential/conv2d_4/Conv2D/Conv2DBackpropFilter,2,75.776,37.888,75.776,37.888,0.00689694529654562,0.8703908375188509,0.0,0.0
11,Device,Conv2DBackpropInput,gradient_tape/sequential/conv2d_4/Conv2D/Conv2DBackpropInput,2,70.656,35.328,70.656,35.328,0.0064309354792114574,0.8768217729980624,0.0,0.0
12,Device,MatMul,sequential/dense/MatMul,2,59.392,29.696,59.392,29.696,0.005405713881076297,0.8822274868791387,0.0,0.0
13,Device,Conv2DBackpropFilter,gradient_tape/sequential/conv2d_2/Conv2D/Conv2DBackpropFilter,2,55.296,27.648,55.296,27.648,0.005032906027208966,0.8872603929063476,0.0,0.0
14,Device,MatMul,gradient_tape/sequential/dense/MatMul/MatMul,2,55.296,27.648,55.296,27.648,0.005032906027208966,0.8922932989335566,0.0,0.0
15,Device,_FusedConv2D,sequential/conv2d_1/Relu,2,54.272,27.136,54.272,27.136,0.004939704063742134,0.8972330029972987,0.0,0.0
16,Device,Conv2DBackpropInput,gradient_tape/sequential/conv2d_1/Conv2D/Conv2DBackpropInput,2,53.249,26.6245,53.249,26.6245,0.004846593117817749,0.9020795961151165,0.0,0.0
17,Device,Conv2DBackpropInput,gradient_tape/sequential/conv2d_3/Conv2D/Conv2DBackpropInput,2,53.248,26.624,53.248,26.624,0.0048465021002753,0.9069260982153917,0.0,0.0
18,Device,MatMul,gradient_tape/sequential/dense/MatMul/MatMul_1,2,51.2,25.6,51.2,25.6,0.004660098173341636,0.9115861963887334,0.0,0.0
19,Device,_FusedConv2D,sequential/conv2d_3/Relu,2,50.176,25.088,50.176,25.088,0.004566896209874802,0.9161530925986082,0.0,0.0
20,Device,_FusedConv2D,sequential/conv2d_4/Relu,2,50.176,25.088,50.176,25.088,0.004566896209874802,0.920719988808483,0.0,0.0
21,Device,Conv2DBackpropInput,gradient_tape/sequential/conv2d_2/Conv2D/Conv2DBackpropInput,2,47.104,23.552,47.104,23.552,0.004287290319474305,0.9250072791279573,0.0,0.0
22,Device,ResourceApplyGradientDescent,SGD/SGD/update_14/ResourceApplyGradientDescent,2,46.08,23.04,46.08,23.04,0.004194088356007471,0.9292013674839648,0.0,0.0
23,Device,_FusedConv2D,sequential/conv2d_2/Relu,2,38.912,19.456,38.912,19.456,0.0035416746117396427,0.9327430420957044,0.0,0.0
24,Device,_FusedConv2D,sequential/conv2d/Relu,2,37.888,18.944,37.888,18.944,0.00344847264827281,0.9361915147439772,0.0,0.0
25,Device,MatMul,gradient_tape/sequential/dense_1/MatMul/MatMul,2,35.84,17.92,35.84,17.92,0.003262068721339145,0.9394535834653164,0.0,0.0
26,Device,MatMul,sequential/dense_1/MatMul,2,34.816,17.408,34.816,17.408,0.0031688667578723124,0.9426224502231887,0.0,0.0
27,Device,_Send,IteratorGetNext/_1,2,34.432,17.216,34.432,17.216,0.00313391602157225,0.9457563662447609,0.0,0.0
28,Device,MatMul,sequential/dense_2/MatMul,2,24.576,12.288,24.576,12.288,0.002236847123203985,0.9479932133679648,0.0,0.0
29,Device,MaxPoolGrad,gradient_tape/sequential/max_pooling2d/MaxPool/MaxPoolGrad,2,22.528,11.264,22.528,11.264,0.0020504431962703193,0.9500436565642352,0.0,0.0
30,Device,MaxPoolGrad,gradient_tape/sequential/max_pooling2d_2/MaxPool/MaxPoolGrad,2,19.456,9.728,19.456,9.728,0.0017708373058698214,0.951814493870105,0.0,0.0
31,Device,Softmax,sequential/dense_2/Softmax,2,18.432,9.216,18.432,9.216,0.0016776353424029886,0.9534921292125079,0.0,0.0
32,Device,MatMul,gradient_tape/sequential/dense_1/MatMul/MatMul_1,2,17.408,8.704,17.408,8.704,0.0015844333789361562,0.955076562591444,0.0,0.0
33,Device,MaxPoolGrad,gradient_tape/sequential/max_pooling2d_1/MaxPool/MaxPoolGrad,2,16.384,8.192,16.384,8.192,0.0014912314154693234,0.9565677940069134,0.0,0.0
34,Device,BiasAddGrad,gradient_tape/sequential/conv2d/BiasAdd/BiasAddGrad,2,15.36,7.68,15.36,7.68,0.0013980294520024906,0.9579658234589159,0.0,0.0
35,Device,BiasAddGrad,gradient_tape/sequential/conv2d_1/BiasAdd/BiasAddGrad,2,15.36,7.68,15.36,7.68,0.0013980294520024906,0.9593638529109184,0.0,0.0
36,Device,BiasAddGrad,gradient_tape/sequential/conv2d_2/BiasAdd/BiasAddGrad,2,13.312,6.656,13.312,6.656,0.001211625525068825,0.9605754784359872,0.0,0.0
37,Device,BiasAddGrad,gradient_tape/sequential/conv2d_3/BiasAdd/BiasAddGrad,2,13.312,6.656,13.312,6.656,0.001211625525068825,0.961787103961056,0.0,0.0
38,Device,ReluGrad,gradient_tape/sequential/conv2d/ReluGrad,2,12.288,6.144,12.288,6.144,0.0011184235616019925,0.962905527522658,0.0,0.0
39,Device,BiasAddGrad,gradient_tape/sequential/conv2d_4/BiasAdd/BiasAddGrad,2,12.288,6.144,12.288,6.144,0.0011184235616019925,0.96402395108426,0.0,0.0
40,Device,MatMul,gradient_tape/sequential/dense_2/MatMul/MatMul,2,12.288,6.144,12.288,6.144,0.0011184235616019925,0.965142374645862,0.0,0.0
41,Device,Transpose,gradient_tape/sequential/conv2d/Conv2D/Conv2DBackpropFilter-0-TransposeNHWCToNCHW-LayoutOptimizer,2,11.264,5.632,11.264,5.632,0.0010252215981351597,0.9661675962439971,0.0,0.0
42,Device,BiasAddGrad,gradient_tape/sequential/conv2d_5/BiasAdd/BiasAddGrad,2,11.264,5.632,11.264,5.632,0.0010252215981351597,0.9671928178421322,0.0,0.0
43,Device,MaxPool,sequential/max_pooling2d/MaxPool,2,11.264,5.632,11.264,5.632,0.0010252215981351597,0.9682180394402673,0.0,0.0
44,Device,ReluGrad,gradient_tape/sequential/conv2d_1/ReluGrad,2,10.24,5.12,10.24,5.12,0.0009320196346683271,0.9691500590749357,0.0,0.0
45,Device,MatMul,gradient_tape/sequential/dense_2/MatMul/MatMul_1,2,10.24,5.12,10.24,5.12,0.0009320196346683271,0.9700820787096041,0.0,0.0
46,Device,ResourceApplyGradientDescent,SGD/SGD/update_8/ResourceApplyGradientDescent,2,9.216,4.608,9.216,4.608,0.0008388176712014943,0.9709208963808056,0.0,0.0
47,Device,ReluGrad,gradient_tape/sequential/conv2d_4/ReluGrad,2,9.216,4.608,9.216,4.608,0.0008388176712014943,0.9717597140520071,0.0,0.0
48,Device,ReluGrad,gradient_tape/sequential/conv2d_2/ReluGrad,2,8.192,4.096,8.192,4.096,0.0007456157077346617,0.9725053297597418,0.0,0.0
49,Device,ReluGrad,gradient_tape/sequential/conv2d_3/ReluGrad,2,8.192,4.096,8.192,4.096,0.0007456157077346617,0.9732509454674765,0.0,0.0
50,Device,BiasAddGrad,gradient_tape/sequential/dense/BiasAdd/BiasAddGrad,2,8.192,4.096,8.192,4.096,0.0007456157077346617,0.9739965611752112,0.0,0.0
51,Device,Transpose,gradient_tape/sequential/max_pooling2d_2/MaxPool/MaxPoolGrad-2-TransposeNHWCToNCHW-LayoutOptimizer,2,8.192,4.096,8.192,4.096,0.0007456157077346617,0.9747421768829458,0.0,0.0
52,Device,MaxPool,sequential/max_pooling2d_1/MaxPool,2,8.192,4.096,8.192,4.096,0.0007456157077346617,0.9754877925906805,0.0,0.0
53,Device,MaxPool,sequential/max_pooling2d_2/MaxPool,2,8.192,4.096,8.192,4.096,0.0007456157077346617,0.9762334082984152,0.0,0.0
54,Device,BiasAddGrad,gradient_tape/sequential/dense_2/BiasAdd/BiasAddGrad,2,7.169,3.5845,7.169,3.5845,0.000652504761810277,0.9768859130602254,0.0,0.0
55,Device,ArgMax,ArgMax_1,2,7.168,3.584,7.168,3.584,0.0006524137442678289,0.9775383268044933,0.0,0.0
56,Device,ResourceApplyGradientDescent,SGD/SGD/update_10/ResourceApplyGradientDescent,2,7.168,3.584,7.168,3.584,0.0006524137442678289,0.9781907405487611,0.0,0.0
57,Device,ResourceApplyGradientDescent,SGD/SGD/update_13/ResourceApplyGradientDescent,2,7.168,3.584,7.168,3.584,0.0006524137442678289,0.9788431542930289,0.0,0.0
58,Device,ResourceApplyGradientDescent,SGD/SGD/update_16/ResourceApplyGradientDescent,2,7.168,3.584,7.168,3.584,0.0006524137442678289,0.9794955680372968,0.0,0.0
59,Device,ResourceApplyGradientDescent,SGD/SGD/update_2/ResourceApplyGradientDescent,2,7.168,3.584,7.168,3.584,0.0006524137442678289,0.9801479817815646,0.0,0.0
60,Device,ResourceApplyGradientDescent,SGD/SGD/update_6/ResourceApplyGradientDescent,2,7.168,3.584,7.168,3.584,0.0006524137442678289,0.9808003955258324,0.0,0.0
61,Device,Transpose,sequential/max_pooling2d_2/MaxPool-0-1-TransposeNCHWToNHWC-LayoutOptimizer,2,7.168,3.584,7.168,3.584,0.0006524137442678289,0.9814528092701003,0.0,0.0
62,Device,ArgMax,ArgMax,2,6.144,3.072,6.144,3.072,0.0005592117808009962,0.9820120210509012,0.0,0.0
63,Device,AssignAddVariableOp,AssignAddVariableOp,2,6.144,3.072,6.144,3.072,0.0005592117808009962,0.9825712328317022,0.0,0.0
64,Device,AssignAddVariableOp,AssignAddVariableOp_1,2,6.144,3.072,6.144,3.072,0.0005592117808009962,0.9831304446125032,0.0,0.0
65,Device,AssignAddVariableOp,AssignAddVariableOp_4,2,6.144,3.072,6.144,3.072,0.0005592117808009962,0.9836896563933042,0.0,0.0
66,Device,Cast,Cast_1,2,6.144,3.072,6.144,3.072,0.0005592117808009962,0.9842488681741052,0.0,0.0
67,Device,Equal,Equal,2,6.144,3.072,6.144,3.072,0.0005592117808009962,0.9848080799549062,0.0,0.0
68,Device,AssignAddVariableOp,SGD/SGD/AssignAddVariableOp,2,6.144,3.072,6.144,3.072,0.0005592117808009962,0.9853672917357071,0.0,0.0
69,Device,ResourceApplyGradientDescent,SGD/SGD/update_1/ResourceApplyGradientDescent,2,6.144,3.072,6.144,3.072,0.0005592117808009962,0.9859265035165081,0.0,0.0
70,Device,ResourceApplyGradientDescent,SGD/SGD/update_11/ResourceApplyGradientDescent,2,6.144,3.072,6.144,3.072,0.0005592117808009962,0.9864857152973091,0.0,0.0
71,Device,ResourceApplyGradientDescent,SGD/SGD/update_15/ResourceApplyGradientDescent,2,6.144,3.072,6.144,3.072,0.0005592117808009962,0.9870449270781101,0.0,0.0
72,Device,ResourceApplyGradientDescent,SGD/SGD/update_3/ResourceApplyGradientDescent,2,6.144,3.072,6.144,3.072,0.0005592117808009962,0.9876041388589111,0.0,0.0
73,Device,ResourceApplyGradientDescent,SGD/SGD/update_4/ResourceApplyGradientDescent,2,6.144,3.072,6.144,3.072,0.0005592117808009962,0.9881633506397121,0.0,0.0
74,Device,ResourceApplyGradientDescent,SGD/SGD/update_5/ResourceApplyGradientDescent,2,6.144,3.072,6.144,3.072,0.0005592117808009962,0.988722562420513,0.0,0.0
75,Device,DivNoNan,div_no_nan,2,6.144,3.072,6.144,3.072,0.0005592117808009962,0.989281774201314,0.0,0.0
76,Device,ReluGrad,gradient_tape/sequential/conv2d_5/ReluGrad,2,6.144,3.072,6.144,3.072,0.0005592117808009962,0.989840985982115,0.0,0.0
77,Device,ReluGrad,gradient_tape/sequential/dense/ReluGrad,2,6.144,3.072,6.144,3.072,0.0005592117808009962,0.990400197762916,0.0,0.0
78,Device,BiasAddGrad,gradient_tape/sequential/dense_1/BiasAdd/BiasAddGrad,2,6.144,3.072,6.144,3.072,0.0005592117808009962,0.990959409543717,0.0,0.0
79,Device,ReluGrad,gradient_tape/sequential/dense_1/ReluGrad,2,6.144,3.072,6.144,3.072,0.0005592117808009962,0.991518621324518,0.0,0.0
80,Device,BiasAdd,sequential/dense/BiasAdd,2,6.144,3.072,6.144,3.072,0.0005592117808009962,0.9920778331053189,0.0,0.0
81,Device,Relu,sequential/dense/Relu,2,6.144,3.072,6.144,3.072,0.0005592117808009962,0.9926370448861199,0.0,0.0
82,Device,BiasAdd,sequential/dense_1/BiasAdd,2,6.144,3.072,6.144,3.072,0.0005592117808009962,0.9931962566669209,0.0,0.0
83,Device,AssignAddVariableOp,AssignAddVariableOp_3,2,5.12,2.56,5.12,2.56,0.00046600981733416354,0.993662266484255,0.0,0.0
84,Device,Mul,Mul,2,5.12,2.56,5.12,2.56,0.00046600981733416354,0.9941282763015892,0.0,0.0
85,Device,ResourceApplyGradientDescent,SGD/SGD/update/ResourceApplyGradientDescent,2,5.12,2.56,5.12,2.56,0.00046600981733416354,0.9945942861189233,0.0,0.0
86,Device,ResourceApplyGradientDescent,SGD/SGD/update_17/ResourceApplyGradientDescent,2,5.12,2.56,5.12,2.56,0.00046600981733416354,0.9950602959362574,0.0,0.0
87,Device,ResourceApplyGradientDescent,SGD/SGD/update_7/ResourceApplyGradientDescent,2,5.12,2.56,5.12,2.56,0.00046600981733416354,0.9955263057535916,0.0,0.0
88,Device,ResourceApplyGradientDescent,SGD/SGD/update_9/ResourceApplyGradientDescent,2,5.12,2.56,5.12,2.56,0.00046600981733416354,0.9959923155709257,0.0,0.0
89,Device,Sum,Sum_2,2,5.12,2.56,5.12,2.56,0.00046600981733416354,0.9964583253882598,0.0,0.0
90,Device,Sum,categorical_crossentropy/weighted_loss/Sum,2,5.12,2.56,5.12,2.56,0.00046600981733416354,0.996924335205594,0.0,0.0
91,Device,DivNoNan,categorical_crossentropy/weighted_loss/value,2,5.12,2.56,5.12,2.56,0.00046600981733416354,0.9973903450229281,0.0,0.0
92,Device,DivNoNan,div_no_nan_1,2,5.12,2.56,5.12,2.56,0.00046600981733416354,0.9978563548402622,0.0,0.0
93,Device,Mul,gradient_tape/categorical_crossentropy/softmax_cross_entropy_with_logits/mul,2,5.12,2.56,5.12,2.56,0.00046600981733416354,0.9983223646575964,0.0,0.0
94,Device,BiasAdd,sequential/dense_2/BiasAdd,2,5.12,2.56,5.12,2.56,0.00046600981733416354,0.9987883744749305,0.0,0.0
95,Device,AssignAddVariableOp,AssignAddVariableOp_2,2,4.096,2.048,4.096,2.048,0.00037280785386733086,0.9991611823287978,0.0,0.0
96,Device,Relu,sequential/dense_1/Relu,2,4.096,2.048,4.096,2.048,0.00037280785386733086,0.9995339901826651,0.0,0.0
97,Device,LogicalAnd,LogicalAnd,1,3.072,3.072,3.072,3.072,0.0002796058904004981,0.9998135960730656,0.0,0.0
98,Device,_Send,IteratorGetNext/_3,2,2.048,1.024,2.048,1.024,0.00018640392693366543,0.9999999999999993,0.0,0.0
99,Host,IDLE,IDLE,0,30730.118,0.0,30730.118,0.0,0.0,0.0,0.966608324387601,0.966608324387601
100,Host,_Send,IteratorGetNext/_3,2,277.125,138.5625,277.125,138.5625,0.0,0.0,0.00871689890341176,0.9753252232910128
101,Host,_Send,IteratorGetNext/_1,2,242.994,121.497,242.994,121.497,0.0,0.0,0.00764331666986247,0.9829685399608753
102,Host,_Send,IteratorGetNext/_6,2,139.303,69.6515,139.303,69.6515,0.0,0.0,0.0043817416975803995,0.9873502816584557
103,Host,GatherV2,GatherV2,2,62.461,31.2305,62.461,31.2305,0.0,0.0,0.001964695434933701,0.9893149770933894
104,Host,IteratorGetNext,IteratorGetNext,2,47.621,23.8105,47.621,23.8105,0.0,0.0,0.0014979068748015205,0.990812883968191
105,Host,Dataset,Iterator::Root::ParallelMapV2,2,47.372,23.686,47.372,23.686,0.0,0.0,0.0014900746408747743,0.9923029586090658
106,Host,Dataset,Iterator::Root::ParallelMapV2::Zip[1]::ForeverRepeat,2,49.061,24.5305,44.801,22.4005,0.0,0.0,0.001409204466474516,0.9937121630755403
107,Host,Dataset,Iterator::Root::ParallelMapV2::Zip[0]::FlatMap,2,60.201,30.1005,40.49,20.245,0.0,0.0,0.001273603018851212,0.9949857660943916
108,Host,FlushSummaryWriter,FlushSummaryWriter,1,34.95,34.95,34.95,34.95,0.0,0.0,0.0010993436776697916,0.9960851097720614
109,Host,LogicalAnd,LogicalAnd,1,30.38,30.38,30.38,30.38,0.0,0.0,0.0009555954485724826,0.9970407052206339
110,Host,Dataset,Iterator::Root,2,70.302,35.151,22.93,11.465,0.0,0.0,0.0007212575258646157,0.9977619627464985
111,Host,WriteSummary,WriteSummary,1,19.8,19.8,19.8,19.8,0.0,0.0,0.0006228041435725858,0.9983847668900712
112,Host,Dataset,Iterator::Root::ParallelMapV2::Zip[0]::FlatMap[1]::TensorSlice,2,19.711,9.8555,19.711,9.8555,0.0,0.0,0.0006200046704019816,0.9990047715604732
113,Host,Dataset,Iterator::Root::ParallelMapV2::Zip,2,118.972,59.486,9.71,4.855,0.0,0.0,0.00030542566838837417,0.9993101972288616
114,Host,GatherV2,GatherV2_1,2,8.72,4.36,8.72,4.36,0.0,0.0,0.00027428546120974485,0.9995844826900714
115,Host,ReadVariableOp,ReadVariableOp,1,6.25,6.25,6.25,6.25,0.0,0.0,0.00019659221703680107,0.9997810749071082
116,Host,Dataset,Iterator::Root::ParallelMapV2::Zip[1]::ForeverRepeat::FromTensor,4,4.26,1.065,4.26,1.065,0.0,0.0,0.00013399725513228358,0.9999150721622405
117,Host,Identity,Identity,2,2.7,1.35,2.7,1.35,0.0,0.0,8.492783775989806e-05,1.0000000000000004
