Rank,Host/device,Type,Operation,#Occurrences,Total time (us),Avg. time (us),Total self-time (us),Avg. self-time (us),Total self-time on Device (%),Cumulative total-self time on Device (%),Total self-time on Host (%),Cumulative total-self time on Host (%)
1,Device,IDLE,IDLE,0,13104.921,0.0,13104.921,0.0,0.20102246116266356,0.20102246116266356,0.0,0.0
2,Device,_Recv,IteratorGetNext/_2,2,998.948,499.474,998.948,499.474,0.015323326675034549,0.21634578783769812,0.0,0.0
3,Device,Conv2DBackpropFilter,gradient_tape/model/conv2d_30/Conv2D/Conv2DBackpropFilter,2,783.363,391.6815,783.363,391.6815,0.012016368373664186,0.2283621562113623,0.0,0.0
4,Device,Conv2DBackpropFilter,gradient_tape/model/conv2d_34/Conv2D/Conv2DBackpropFilter,2,781.315,390.6575,781.315,390.6575,0.011984953151820335,0.24034710936318263,0.0,0.0
5,Device,Conv2DBackpropFilter,gradient_tape/model/conv2d_35/Conv2D/Conv2DBackpropFilter,2,780.292,390.146,780.292,390.146,0.0119692608803622,0.2523163702435448,0.0,0.0
6,Device,Conv2DBackpropFilter,gradient_tape/model/conv2d_33/Conv2D/Conv2DBackpropFilter,2,773.124,386.562,773.124,386.562,0.011859307603908723,0.26417567784745355,0.0,0.0
7,Device,Conv2DBackpropFilter,gradient_tape/model/conv2d_32/Conv2D/Conv2DBackpropFilter,2,764.932,382.466,764.932,382.466,0.011733646716533321,0.27590932456398687,0.0,0.0
8,Device,FusedBatchNormGradV3,gradient_tape/model/batch_normalization/FusedBatchNormGradV3,2,717.826,358.913,717.826,358.913,0.011011065935197179,0.28692039049918405,0.0,0.0
9,Device,Conv2DBackpropFilter,gradient_tape/model/conv2d/Conv2D/Conv2DBackpropFilter,2,605.187,302.5935,605.187,302.5935,0.009283244073249193,0.29620363457243326,0.0,0.0
10,Device,Conv2DBackpropFilter,gradient_tape/model/conv2d_6/Conv2D/Conv2DBackpropFilter,2,531.459,265.7295,531.459,265.7295,0.008152296086870573,0.30435593065930383,0.0,0.0
11,Device,Conv2DBackpropFilter,gradient_tape/model/conv2d_4/Conv2D/Conv2DBackpropFilter,2,530.434,265.217,530.434,265.217,0.008136573136484858,0.3124925037957887,0.0,0.0
12,Device,Conv2DBackpropFilter,gradient_tape/model/conv2d_3/Conv2D/Conv2DBackpropFilter,2,529.412,264.706,529.412,264.706,0.008120896204490516,0.3206134000002792,0.0,0.0
13,Device,Conv2DBackpropFilter,gradient_tape/model/conv2d_2/Conv2D/Conv2DBackpropFilter,2,529.41,264.705,529.41,264.705,0.008120865525562933,0.3287342655258422,0.0,0.0
14,Device,Conv2DBackpropFilter,gradient_tape/model/conv2d_5/Conv2D/Conv2DBackpropFilter,2,529.41,264.705,529.41,264.705,0.008120865525562933,0.33685513105140513,0.0,0.0
15,Device,Conv2DBackpropFilter,gradient_tape/model/conv2d_1/Conv2D/Conv2DBackpropFilter,2,528.386,264.193,528.386,264.193,0.008105157914641007,0.34496028896604614,0.0,0.0
16,Device,Conv2D,model/conv2d/Conv2D,2,484.353,242.1765,484.353,242.1765,0.007429715305534431,0.35239000427158057,0.0,0.0
17,Device,ReluGrad,gradient_tape/model/activation/ReluGrad,2,436.226,218.113,436.226,218.113,0.0066914729316677355,0.3590814772032483,0.0,0.0
18,Device,Conv2D,model/conv2d_30/Conv2D,4,434.178,108.5445,434.178,108.5445,0.006660057709823885,0.36574153491307215,0.0,0.0
19,Device,Conv2DBackpropInput,gradient_tape/model/conv2d_30/Conv2D/Conv2DBackpropInput,4,434.177,108.54425,434.177,108.54425,0.006660042370360095,0.37240157728343226,0.0,0.0
20,Device,Conv2DBackpropInput,gradient_tape/model/conv2d_32/Conv2D/Conv2DBackpropInput,4,432.13,108.0325,432.13,108.0325,0.0066286424879800345,0.37903021977141227,0.0,0.0
21,Device,Conv2DBackpropInput,gradient_tape/model/conv2d_34/Conv2D/Conv2DBackpropInput,4,431.106,107.7765,431.106,107.7765,0.006612934877058109,0.3856431546484704,0.0,0.0
22,Device,Conv2D,model/conv2d_32/Conv2D,4,431.106,107.7765,431.106,107.7765,0.006612934877058109,0.3922560895255285,0.0,0.0
23,Device,Conv2DBackpropInput,gradient_tape/model/conv2d_29/Conv2D/Conv2DBackpropInput,2,430.082,215.041,430.082,215.041,0.006597227266136184,0.3988533167916647,0.0,0.0
24,Device,Conv2DBackpropInput,gradient_tape/model/conv2d_33/Conv2D/Conv2DBackpropInput,4,430.082,107.5205,430.082,107.5205,0.006597227266136184,0.4054505440578009,0.0,0.0
25,Device,Conv2DBackpropInput,gradient_tape/model/conv2d_35/Conv2D/Conv2DBackpropInput,4,429.058,107.2645,429.058,107.2645,0.006581519655214259,0.41203206371301515,0.0,0.0
26,Device,FusedBatchNormV3,model/batch_normalization/FusedBatchNormV3,4,429.058,107.2645,429.058,107.2645,0.006581519655214259,0.4186135833682294,0.0,0.0
27,Device,Conv2D,model/conv2d_34/Conv2D,4,428.034,107.0085,428.034,107.0085,0.0065658120442923336,0.42517939541252175,0.0,0.0
28,Device,Conv2D,model/conv2d_35/Conv2D,4,425.986,106.4965,425.986,106.4965,0.006534396822448483,0.43171379223497025,0.0,0.0
29,Device,Conv2D,model/conv2d_33/Conv2D,4,423.938,105.9845,423.938,105.9845,0.0065029816006046326,0.4382167738355749,0.0,0.0
30,Device,Conv2DBackpropInput,gradient_tape/model/conv2d_7/Conv2D/Conv2DBackpropInput,2,417.793,208.8965,417.793,208.8965,0.006408720595609291,0.44462549443118415,0.0,0.0
31,Device,MaxPoolGrad,gradient_tape/model/max_pooling2d/MaxPool/MaxPoolGrad,2,409.602,204.801,409.602,204.801,0.006283075047697679,0.45090856947888186,0.0,0.0
32,Device,Conv2DBackpropFilter,gradient_tape/model/conv2d_7/Conv2D/Conv2DBackpropFilter,2,392.194,196.097,392.194,196.097,0.006016045662024951,0.4569246151409068,0.0,0.0
33,Device,Conv2D,model/conv2d_16/Conv2D,4,338.945,84.73625,338.945,84.73625,0.005199234554621047,0.4621238496955279,0.0,0.0
34,Device,Conv2DBackpropInput,gradient_tape/model/conv2d_16/Conv2D/Conv2DBackpropInput,2,332.802,166.401,332.802,166.401,0.005105004228553286,0.4672288539240812,0.0,0.0
35,Device,Conv2DBackpropFilter,gradient_tape/model/conv2d_11/Conv2D/Conv2DBackpropFilter,2,304.128,152.064,304.128,152.064,0.004665160443811797,0.471894014367893,0.0,0.0
36,Device,Conv2DBackpropFilter,gradient_tape/model/conv2d_12/Conv2D/Conv2DBackpropFilter,2,303.104,151.552,303.104,151.552,0.004649452832889872,0.4765434672007829,0.0,0.0
37,Device,Conv2DBackpropFilter,gradient_tape/model/conv2d_14/Conv2D/Conv2DBackpropFilter,2,302.082,151.041,302.082,151.041,0.004633775900895529,0.4811772431016784,0.0,0.0
38,Device,Conv2DBackpropFilter,gradient_tape/model/conv2d_10/Conv2D/Conv2DBackpropFilter,2,301.058,150.529,301.058,150.529,0.004618068289973604,0.485795311391652,0.0,0.0
39,Device,Conv2DBackpropFilter,gradient_tape/model/conv2d_13/Conv2D/Conv2DBackpropFilter,2,301.058,150.529,301.058,150.529,0.004618068289973604,0.49041337968162557,0.0,0.0
40,Device,Conv2DBackpropFilter,gradient_tape/model/conv2d_15/Conv2D/Conv2DBackpropFilter,2,301.056,150.528,301.056,150.528,0.004618037611046021,0.4950314172926716,0.0,0.0
41,Device,Conv2D,model/conv2d_29/Conv2D,4,299.008,74.752,299.008,74.752,0.004586622389202171,0.49961803968187374,0.0,0.0
42,Device,BiasAdd,model/conv2d/BiasAdd,2,296.962,148.481,296.962,148.481,0.004555237846285903,0.5041732775281597,0.0,0.0
43,Device,Conv2DBackpropFilter,gradient_tape/model/conv2d_16/Conv2D/Conv2DBackpropFilter,2,291.842,145.921,291.842,145.921,0.004476699791676276,0.508649977319836,0.0,0.0
44,Device,Conv2DBackpropFilter,gradient_tape/model/conv2d_8/Conv2D/Conv2DBackpropFilter,2,289.792,144.896,289.792,144.896,0.0044452538909048435,0.5130952312107409,0.0,0.0
45,Device,Conv2D,model/conv2d_7/Conv2D,2,285.696,142.848,285.696,142.848,0.004382423447217143,0.517477654657958,0.0,0.0
46,Device,Relu,model/activation/Relu,2,282.626,141.313,282.626,141.313,0.004335331293378949,0.521812985951337,0.0,0.0
47,Device,Conv2DBackpropFilter,gradient_tape/model/conv2d_20/Conv2D/Conv2DBackpropFilter,2,268.29,134.145,268.29,134.145,0.004115424740471996,0.525928410691809,0.0,0.0
48,Device,Conv2DBackpropFilter,gradient_tape/model/conv2d_26/Conv2D/Conv2DBackpropFilter,2,268.29,134.145,268.29,134.145,0.004115424740471996,0.530043835432281,0.0,0.0
49,Device,Conv2DBackpropFilter,gradient_tape/model/conv2d_23/Conv2D/Conv2DBackpropFilter,2,267.266,133.633,267.266,133.633,0.0040997171295500704,0.534143552561831,0.0,0.0
50,Device,Conv2DBackpropFilter,gradient_tape/model/conv2d_27/Conv2D/Conv2DBackpropFilter,2,267.266,133.633,267.266,133.633,0.0040997171295500704,0.538243269691381,0.0,0.0
51,Device,Conv2DBackpropFilter,gradient_tape/model/conv2d_29/Conv2D/Conv2DBackpropFilter,4,267.264,66.816,267.264,66.816,0.004099686450622489,0.5423429561420036,0.0,0.0
52,Device,Conv2DBackpropFilter,gradient_tape/model/conv2d_21/Conv2D/Conv2DBackpropFilter,2,266.242,133.121,266.242,133.121,0.004084009518628145,0.5464269656606318,0.0,0.0
53,Device,Conv2DBackpropFilter,gradient_tape/model/conv2d_22/Conv2D/Conv2DBackpropFilter,2,266.24,133.12,266.24,133.12,0.004083978839700564,0.5505109445003323,0.0,0.0
54,Device,Conv2DBackpropFilter,gradient_tape/model/conv2d_24/Conv2D/Conv2DBackpropFilter,2,265.218,132.609,265.218,132.609,0.00406830190770622,0.5545792464080386,0.0,0.0
55,Device,Conv2DBackpropFilter,gradient_tape/model/conv2d_25/Conv2D/Conv2DBackpropFilter,2,265.218,132.609,265.218,132.609,0.00406830190770622,0.5586475483157448,0.0,0.0
56,Device,Conv2DBackpropFilter,gradient_tape/model/conv2d_17/Conv2D/Conv2DBackpropFilter,2,265.216,132.608,265.216,132.608,0.0040682712287786384,0.5627158195445234,0.0,0.0
57,Device,Conv2DBackpropFilter,gradient_tape/model/conv2d_19/Conv2D/Conv2DBackpropFilter,2,263.168,131.584,263.168,131.584,0.004036856006934788,0.5667526755514583,0.0,0.0
58,Device,Conv2DBackpropFilter,gradient_tape/model/conv2d_28/Conv2D/Conv2DBackpropFilter,2,262.145,131.0725,262.145,131.0725,0.004021163735476653,0.5707738392869349,0.0,0.0
59,Device,Conv2D,model/conv2d_17/Conv2D,2,240.641,120.3205,240.641,120.3205,0.0036913039061162232,0.5744651431930512,0.0,0.0
60,Device,Conv2D,model/conv2d_25/Conv2D,2,240.641,120.3205,240.641,120.3205,0.0036913039061162232,0.5781564470991675,0.0,0.0
61,Device,Conv2D,model/conv2d_28/Conv2D,2,240.64,120.32,240.64,120.32,0.003691288566652432,0.5818477356658199,0.0,0.0
62,Device,Conv2D,model/conv2d_19/Conv2D,2,239.618,119.809,239.618,119.809,0.0036756116346580887,0.5855233473004781,0.0,0.0
63,Device,Conv2D,model/conv2d_23/Conv2D,2,239.618,119.809,239.618,119.809,0.0036756116346580887,0.5891989589351362,0.0,0.0
64,Device,Conv2D,model/conv2d_21/Conv2D,2,238.594,119.297,238.594,119.297,0.0036599040237361635,0.5928588629588724,0.0,0.0
65,Device,Conv2D,model/conv2d_24/Conv2D,2,238.594,119.297,238.594,119.297,0.0036599040237361635,0.5965187669826085,0.0,0.0
66,Device,Conv2D,model/conv2d_20/Conv2D,2,237.57,118.785,237.57,118.785,0.0036441964128142382,0.6001629633954227,0.0,0.0
67,Device,Conv2D,model/conv2d_22/Conv2D,2,237.57,118.785,237.57,118.785,0.0036441964128142382,0.603807159808237,0.0,0.0
68,Device,Conv2D,model/conv2d_26/Conv2D,2,237.569,118.7845,237.569,118.7845,0.0036441810733504475,0.6074513408815874,0.0,0.0
69,Device,Conv2D,model/conv2d_27/Conv2D,2,237.568,118.784,237.568,118.784,0.0036441657338866567,0.6110955066154741,0.0,0.0
70,Device,Conv2DBackpropInput,gradient_tape/model/conv2d_22/Conv2D/Conv2DBackpropInput,2,233.474,116.737,233.474,116.737,0.0035813659691265372,0.6146768725846006,0.0,0.0
71,Device,Conv2DBackpropInput,gradient_tape/model/conv2d_20/Conv2D/Conv2DBackpropInput,2,233.472,116.736,233.472,116.736,0.0035813352901989557,0.6182582078747996,0.0,0.0
72,Device,Conv2DBackpropInput,gradient_tape/model/conv2d_17/Conv2D/Conv2DBackpropInput,2,232.45,116.225,232.45,116.225,0.003565658358204612,0.6218238662330042,0.0,0.0
73,Device,Conv2DBackpropInput,gradient_tape/model/conv2d_27/Conv2D/Conv2DBackpropInput,2,232.45,116.225,232.45,116.225,0.003565658358204612,0.6253895245912089,0.0,0.0
74,Device,Conv2DBackpropInput,gradient_tape/model/conv2d_23/Conv2D/Conv2DBackpropInput,2,231.424,115.712,231.424,115.712,0.0035499200683551052,0.628939444659564,0.0,0.0
75,Device,Conv2DBackpropInput,gradient_tape/model/conv2d_25/Conv2D/Conv2DBackpropInput,2,230.4,115.2,230.4,115.2,0.00353421245743318,0.6324736571169971,0.0,0.0
76,Device,Conv2DBackpropInput,gradient_tape/model/conv2d_26/Conv2D/Conv2DBackpropInput,2,230.4,115.2,230.4,115.2,0.00353421245743318,0.6360078695744302,0.0,0.0
77,Device,Conv2DBackpropInput,gradient_tape/model/conv2d_28/Conv2D/Conv2DBackpropInput,2,230.4,115.2,230.4,115.2,0.00353421245743318,0.6395420820318634,0.0,0.0
78,Device,Conv2DBackpropInput,gradient_tape/model/conv2d_19/Conv2D/Conv2DBackpropInput,2,229.378,114.689,229.378,114.689,0.0035185355254388363,0.6430606175573021,0.0,0.0
79,Device,Conv2DBackpropInput,gradient_tape/model/conv2d_21/Conv2D/Conv2DBackpropInput,2,229.378,114.689,229.378,114.689,0.0035185355254388363,0.6465791530827409,0.0,0.0
80,Device,Conv2DBackpropInput,gradient_tape/model/conv2d_24/Conv2D/Conv2DBackpropInput,2,226.306,113.153,226.306,113.153,0.003471412692673061,0.650050565775414,0.0,0.0
81,Device,Conv2D,model/conv2d_8/Conv2D,2,215.041,107.5205,215.041,107.5205,0.003298613633068092,0.653349179408482,0.0,0.0
82,Device,Conv2D,model/conv2d_15/Conv2D,2,212.993,106.4965,212.993,106.4965,0.0032671984112242415,0.6566163778197063,0.0,0.0
83,Device,Conv2DBackpropInput,gradient_tape/model/conv2d_10/Conv2D/Conv2DBackpropInput,2,211.97,105.985,211.97,105.985,0.0032515061397661075,0.6598678839594724,0.0,0.0
84,Device,Conv2DBackpropInput,gradient_tape/model/conv2d_15/Conv2D/Conv2DBackpropInput,2,211.97,105.985,211.97,105.985,0.0032515061397661075,0.6631193900992385,0.0,0.0
85,Device,Conv2DBackpropInput,gradient_tape/model/conv2d_11/Conv2D/Conv2DBackpropInput,2,211.969,105.9845,211.969,105.9845,0.0032514908003023163,0.6663708808995408,0.0,0.0
86,Device,Conv2DBackpropInput,gradient_tape/model/conv2d_14/Conv2D/Conv2DBackpropInput,2,211.969,105.9845,211.969,105.9845,0.0032514908003023163,0.6696223716998431,0.0,0.0
87,Device,Conv2D,model/conv2d_10/Conv2D,2,211.969,105.9845,211.969,105.9845,0.0032514908003023163,0.6728738625001454,0.0,0.0
88,Device,Conv2D,model/conv2d_1/Conv2D,2,211.968,105.984,211.968,105.984,0.003251475460838525,0.6761253379609838,0.0,0.0
89,Device,Conv2D,model/conv2d_12/Conv2D,2,210.946,105.473,210.946,105.473,0.0032357985288441822,0.679361136489828,0.0,0.0
90,Device,Conv2D,model/conv2d_14/Conv2D,2,210.946,105.473,210.946,105.473,0.0032357985288441822,0.6825969350186721,0.0,0.0
91,Device,Conv2D,model/conv2d_13/Conv2D,2,210.945,105.4725,210.945,105.4725,0.003235783189380391,0.6858327182080525,0.0,0.0
92,Device,Conv2D,model/conv2d_2/Conv2D,2,210.945,105.4725,210.945,105.4725,0.003235783189380391,0.6890685013974328,0.0,0.0
93,Device,Conv2D,model/conv2d_3/Conv2D,2,210.945,105.4725,210.945,105.4725,0.003235783189380391,0.6923042845868131,0.0,0.0
94,Device,Conv2D,model/conv2d_4/Conv2D,2,210.945,105.4725,210.945,105.4725,0.003235783189380391,0.6955400677761935,0.0,0.0
95,Device,Conv2DBackpropInput,gradient_tape/model/conv2d_1/Conv2D/Conv2DBackpropInput,2,210.944,105.472,210.944,105.472,0.0032357678499166,0.6987758356261101,0.0,0.0
96,Device,Conv2DBackpropInput,gradient_tape/model/conv2d_12/Conv2D/Conv2DBackpropInput,2,210.944,105.472,210.944,105.472,0.0032357678499166,0.7020116034760268,0.0,0.0
97,Device,Conv2DBackpropInput,gradient_tape/model/conv2d_6/Conv2D/Conv2DBackpropInput,2,210.944,105.472,210.944,105.472,0.0032357678499166,0.7052473713259434,0.0,0.0
98,Device,Conv2DBackpropInput,gradient_tape/model/conv2d_2/Conv2D/Conv2DBackpropInput,2,209.922,104.961,209.922,104.961,0.003220090917922257,0.7084674622438657,0.0,0.0
99,Device,Conv2DBackpropInput,gradient_tape/model/conv2d_8/Conv2D/Conv2DBackpropInput,2,209.922,104.961,209.922,104.961,0.003220090917922257,0.711687553161788,0.0,0.0
100,Device,Conv2D,model/conv2d_5/Conv2D,2,209.922,104.961,209.922,104.961,0.003220090917922257,0.7149076440797103,0.0,0.0
101,Device,Conv2D,model/conv2d_11/Conv2D,2,209.921,104.9605,209.921,104.9605,0.003220075578458466,0.7181277196581688,0.0,0.0
102,Device,Conv2DBackpropInput,gradient_tape/model/conv2d_4/Conv2D/Conv2DBackpropInput,2,208.898,104.449,208.898,104.449,0.0032043833070003317,0.7213321029651691,0.0,0.0
103,Device,Conv2DBackpropInput,gradient_tape/model/conv2d_5/Conv2D/Conv2DBackpropInput,2,208.898,104.449,208.898,104.449,0.0032043833070003317,0.7245364862721695,0.0,0.0
104,Device,Conv2DBackpropInput,gradient_tape/model/conv2d_13/Conv2D/Conv2DBackpropInput,2,208.896,104.448,208.896,104.448,0.0032043526280727493,0.7277408389002422,0.0,0.0
105,Device,Conv2D,model/conv2d_6/Conv2D,2,207.873,103.9365,207.873,103.9365,0.0031886603566146153,0.7309294992568568,0.0,0.0
106,Device,Conv2DBackpropInput,gradient_tape/model/conv2d_3/Conv2D/Conv2DBackpropInput,2,207.872,103.936,207.872,103.936,0.0031886450171508245,0.7341181442740076,0.0,0.0
107,Device,FusedBatchNormGradV3,gradient_tape/model/batch_normalization_6/FusedBatchNormGradV3,2,189.44,94.72,189.44,94.72,0.00290590802055617,0.7370240522945637,0.0,0.0
108,Device,FusedBatchNormGradV3,gradient_tape/model/batch_normalization_3/FusedBatchNormGradV3,2,188.416,94.208,188.416,94.208,0.002890200409634245,0.739914252704198,0.0,0.0
109,Device,FusedBatchNormGradV3,gradient_tape/model/batch_normalization_1/FusedBatchNormGradV3,2,187.394,93.697,187.394,93.697,0.0028745234776399015,0.7427887761818379,0.0,0.0
110,Device,FusedBatchNormGradV3,gradient_tape/model/batch_normalization_4/FusedBatchNormGradV3,2,186.37,93.185,186.37,93.185,0.0028588158667179763,0.7456475920485559,0.0,0.0
111,Device,FusedBatchNormGradV3,gradient_tape/model/batch_normalization_2/FusedBatchNormGradV3,2,186.369,93.1845,186.369,93.1845,0.0028588005272541855,0.7485063925758101,0.0,0.0
112,Device,FusedBatchNormGradV3,gradient_tape/model/batch_normalization_5/FusedBatchNormGradV3,2,186.368,93.184,186.368,93.184,0.0028587851877903943,0.7513651777636005,0.0,0.0
113,Device,MaxPool,model/max_pooling2d/MaxPool,2,183.296,91.648,183.296,91.648,0.0028116623550246186,0.7541768401186251,0.0,0.0
114,Device,BiasAddGrad,gradient_tape/model/conv2d/BiasAdd/BiasAddGrad,2,144.384,72.192,144.384,72.192,0.002214773139991459,0.7563916132586165,0.0,0.0
115,Device,SoftmaxCrossEntropyWithLogits,categorical_crossentropy/softmax_cross_entropy_with_logits,2,126.976,63.488,126.976,63.488,0.0019477437543187301,0.7583393570129352,0.0,0.0
116,Device,ResourceApplyGradientDescent,SGD/SGD/update_118/ResourceApplyGradientDescent,2,125.954,62.977,125.954,62.977,0.0019320668223243868,0.7602714238352596,0.0,0.0
117,Device,ResourceApplyGradientDescent,SGD/SGD/update_134/ResourceApplyGradientDescent,2,124.93,62.465,124.93,62.465,0.0019163592114024618,0.762187783046662,0.0,0.0
118,Device,ResourceApplyGradientDescent,SGD/SGD/update_130/ResourceApplyGradientDescent,2,124.928,62.464,124.928,62.464,0.0019163285324748796,0.7641041115791369,0.0,0.0
119,Device,ResourceApplyGradientDescent,SGD/SGD/update_126/ResourceApplyGradientDescent,2,123.905,61.9525,123.905,61.9525,0.0019006362610167454,0.7660047478401537,0.0,0.0
120,Device,ResourceApplyGradientDescent,SGD/SGD/update_122/ResourceApplyGradientDescent,2,123.904,61.952,123.904,61.952,0.0019006209215529544,0.7679053687617067,0.0,0.0
121,Device,Mul,gradient_tape/conv2d_32/kernel/Regularizer/Mul_1,2,122.882,61.441,122.882,61.441,0.0018849439895586113,0.7697903127512653,0.0,0.0
122,Device,AddN,SGD/gradients/AddN_47,2,122.88,61.44,122.88,61.44,0.0018849133106310291,0.7716752260618963,0.0,0.0
123,Device,Mul,gradient_tape/conv2d_35/kernel/Regularizer/Mul_1,2,122.88,61.44,122.88,61.44,0.0018849133106310291,0.7735601393725273,0.0,0.0
124,Device,Mul,gradient_tape/conv2d_34/kernel/Regularizer/Mul_1,2,121.856,60.928,121.856,60.928,0.001869205699709104,0.7754293450722364,0.0,0.0
125,Device,Conv2DBackpropInput,gradient_tape/model/conv2d_9/Conv2D/Conv2DBackpropInput,2,121.856,60.928,121.856,60.928,0.001869205699709104,0.7772985507719454,0.0,0.0
126,Device,Mul,gradient_tape/conv2d_33/kernel/Regularizer/Mul_1,2,120.832,60.416,120.832,60.416,0.0018534980887871786,0.7791520488607326,0.0,0.0
127,Device,Conv2DBackpropInput,gradient_tape/model/conv2d_31/Conv2D/Conv2DBackpropInput,4,119.81,29.9525,119.81,29.9525,0.0018378211567928353,0.7809898700175255,0.0,0.0
128,Device,Mul,gradient_tape/conv2d_30/kernel/Regularizer/Mul_1,2,119.809,59.9045,119.809,59.9045,0.0018378058173290444,0.7828276758348546,0.0,0.0
129,Device,AddN,SGD/gradients/AddN_49,2,119.808,59.904,119.808,59.904,0.0018377904778652536,0.7846654663127198,0.0,0.0
130,Device,AddN,SGD/gradients/AddN_48,2,118.784,59.392,118.784,59.392,0.0018220828669433284,0.7864875491796631,0.0,0.0
131,Device,AddN,SGD/gradients/AddN_50,2,118.784,59.392,118.784,59.392,0.0018220828669433284,0.7883096320466064,0.0,0.0
132,Device,AddN,SGD/gradients/AddN_51,2,116.736,58.368,116.736,58.368,0.0017906676450994779,0.7901002996917059,0.0,0.0
133,Device,FusedBatchNormV3,model/batch_normalization_1/FusedBatchNormV3,4,113.664,28.416,113.664,28.416,0.0017435448123337021,0.7918438445040397,0.0,0.0
134,Device,ReluGrad,gradient_tape/model/activation_6/ReluGrad,2,111.617,55.8085,111.617,55.8085,0.0017121449299536426,0.7935559894339933,0.0,0.0
135,Device,Conv2DBackpropFilter,gradient_tape/model/conv2d_9/Conv2D/Conv2DBackpropFilter,2,111.616,55.808,111.616,55.808,0.0017121295904898516,0.7952681190244831,0.0,0.0
136,Device,FusedBatchNormV3,model/batch_normalization_2/FusedBatchNormV3,4,110.592,27.648,110.592,27.648,0.0016964219795679264,0.796964541004051,0.0,0.0
137,Device,FusedBatchNormV3,model/batch_normalization_3/FusedBatchNormV3,4,109.568,27.392,109.568,27.392,0.0016807143686460011,0.798645255372697,0.0,0.0
138,Device,FusedBatchNormV3,model/batch_normalization_4/FusedBatchNormV3,4,108.545,27.13625,108.545,27.13625,0.0016650220971878669,0.8003102774698849,0.0,0.0
139,Device,AddV2,model/add_2/add,2,108.544,54.272,108.544,54.272,0.0016650067577240759,0.801975284227609,0.0,0.0
140,Device,AddV2,model/add/add,2,107.521,53.7605,107.521,53.7605,0.0016493144862659416,0.8036245987138749,0.0,0.0
141,Device,AddV2,model/add_1/add,2,107.521,53.7605,107.521,53.7605,0.0016493144862659416,0.8052739132001409,0.0,0.0
142,Device,AddN,SGD/gradients/AddN_12,2,106.497,53.2485,106.497,53.2485,0.0016336068753440164,0.8069075200754848,0.0,0.0
143,Device,AddN,SGD/gradients/AddN_14,2,106.496,53.248,106.496,53.248,0.0016335915358802254,0.8085411116113651,0.0,0.0
144,Device,FusedBatchNormV3,model/batch_normalization_5/FusedBatchNormV3,4,105.473,26.36825,105.473,26.36825,0.0016178992644220911,0.8101590108757872,0.0,0.0
145,Device,AddN,SGD/gradients/AddN_13,2,105.472,52.736,105.472,52.736,0.0016178839249583,0.8117768948007456,0.0,0.0
146,Device,FusedBatchNormV3,model/batch_normalization_6/FusedBatchNormV3,4,102.402,25.6005,102.402,25.6005,0.0015707917711201063,0.8133476865718656,0.0,0.0
147,Device,Conv2DBackpropFilter,gradient_tape/model/conv2d_31/Conv2D/Conv2DBackpropFilter,4,102.4,25.6,102.4,25.6,0.0015707610921925244,0.8149184476640582,0.0,0.0
148,Device,ReluGrad,gradient_tape/model/activation_5/ReluGrad,2,101.378,50.689,101.378,50.689,0.001555084160198181,0.8164735318242564,0.0,0.0
149,Device,ReluGrad,gradient_tape/model/activation_2/ReluGrad,2,101.377,50.6885,101.377,50.6885,0.0015550688207343901,0.8180286006449908,0.0,0.0
150,Device,ReluGrad,gradient_tape/model/activation_3/ReluGrad,2,101.376,50.688,101.376,50.688,0.0015550534812705991,0.8195836541262614,0.0,0.0
151,Device,ReluGrad,gradient_tape/model/activation_4/ReluGrad,2,101.376,50.688,101.376,50.688,0.0015550534812705991,0.821138707607532,0.0,0.0
152,Device,AddN,SGD/gradients/AddN_15,2,96.256,48.128,96.256,48.128,0.001476515426660973,0.822615223034193,0.0,0.0
153,Device,ReluGrad,gradient_tape/model/activation_1/ReluGrad,2,95.232,47.616,95.232,47.616,0.0014608078157390477,0.8240760308499321,0.0,0.0
154,Device,Conv2DBackpropInput,gradient_tape/model/conv2d_18/Conv2D/Conv2DBackpropInput,2,89.088,44.544,89.088,44.544,0.0013665621502074962,0.8254425930001396,0.0,0.0
155,Device,Square,conv2d_35/kernel/Regularizer/Square,2,83.969,41.9845,83.969,41.9845,0.001288039435061661,0.8267306324352012,0.0,0.0
156,Device,Square,conv2d_33/kernel/Regularizer/Square,2,83.968,41.984,83.968,41.984,0.0012880240955978701,0.8280186565307991,0.0,0.0
157,Device,Square,conv2d_30/kernel/Regularizer/Square,2,82.944,41.472,82.944,41.472,0.001272316484675945,0.829290973015475,0.0,0.0
158,Device,Mul,gradient_tape/conv2d_30/kernel/Regularizer/Mul,2,82.944,41.472,82.944,41.472,0.001272316484675945,0.830563289500151,0.0,0.0
159,Device,Square,conv2d_34/kernel/Regularizer/Square,2,81.921,40.9605,81.921,40.9605,0.0012566242132178106,0.8318199137133688,0.0,0.0
160,Device,FusedBatchNormGradV3,gradient_tape/model/batch_normalization_11/FusedBatchNormGradV3,2,78.848,39.424,78.848,39.424,0.0012094860409882437,0.8330293997543571,0.0,0.0
161,Device,FusedBatchNormGradV3,gradient_tape/model/batch_normalization_14/FusedBatchNormGradV3,2,78.848,39.424,78.848,39.424,0.0012094860409882437,0.8342388857953453,0.0,0.0
162,Device,FusedBatchNormGradV3,gradient_tape/model/batch_normalization_9/FusedBatchNormGradV3,2,78.848,39.424,78.848,39.424,0.0012094860409882437,0.8354483718363336,0.0,0.0
163,Device,Square,conv2d_32/kernel/Regularizer/Square,2,77.824,38.912,77.824,38.912,0.0011937784300663184,0.8366421502663999,0.0,0.0
164,Device,FusedBatchNormGradV3,gradient_tape/model/batch_normalization_12/FusedBatchNormGradV3,2,77.824,38.912,77.824,38.912,0.0011937784300663184,0.8378359286964662,0.0,0.0
165,Device,FusedBatchNormGradV3,gradient_tape/model/batch_normalization_10/FusedBatchNormGradV3,2,76.801,38.4005,76.801,38.4005,0.0011780861586081842,0.8390140148550743,0.0,0.0
166,Device,FusedBatchNormGradV3,gradient_tape/model/batch_normalization_13/FusedBatchNormGradV3,2,76.8,38.4,76.8,38.4,0.0011780708191443932,0.8401920856742187,0.0,0.0
167,Device,FusedBatchNormGradV3,gradient_tape/model/batch_normalization_8/FusedBatchNormGradV3,2,76.8,38.4,76.8,38.4,0.0011780708191443932,0.841370156493363,0.0,0.0
168,Device,FusedBatchNormGradV3,gradient_tape/model/batch_normalization_7/FusedBatchNormGradV3,2,75.776,37.888,75.776,37.888,0.001162363208222468,0.8425325197015855,0.0,0.0
169,Device,BiasAdd,model/conv2d_1/BiasAdd,2,75.776,37.888,75.776,37.888,0.001162363208222468,0.843694882909808,0.0,0.0
170,Device,Tile,gradient_tape/conv2d_30/kernel/Regularizer/Tile,2,73.729,36.8645,73.729,36.8645,0.0011309633258424084,0.8448258462356504,0.0,0.0
171,Device,Relu,model/activation_1/Relu,2,73.728,36.864,73.728,36.864,0.0011309479863786174,0.845956794222029,0.0,0.0
172,Device,Relu,model/activation_4/Relu,2,73.728,36.864,73.728,36.864,0.0011309479863786174,0.8470877422084075,0.0,0.0
173,Device,Relu,model/activation_3/Relu,2,71.681,35.8405,71.681,35.8405,0.001099548103998558,0.8481872903124061,0.0,0.0
174,Device,BiasAdd,model/conv2d_2/BiasAdd,2,71.68,35.84,71.68,35.84,0.0010995327645347672,0.8492868230769409,0.0,0.0
175,Device,BiasAdd,model/conv2d_6/BiasAdd,2,71.68,35.84,71.68,35.84,0.0010995327645347672,0.8503863558414757,0.0,0.0
176,Device,Relu,model/activation_6/Relu,2,70.657,35.3285,70.657,35.3285,0.0010838404930766327,0.8514701963345523,0.0,0.0
177,Device,Relu,model/activation_2/Relu,2,70.656,35.328,70.656,35.328,0.001083825153612842,0.8525540214881652,0.0,0.0
178,Device,Conv2DBackpropFilter,gradient_tape/model/conv2d_18/Conv2D/Conv2DBackpropFilter,2,67.585,33.7925,67.585,33.7925,0.001036717660310857,0.853590739148476,0.0,0.0
179,Device,Relu,model/activation_5/Relu,2,67.584,33.792,67.584,33.792,0.0010367023208470662,0.8546274414693231,0.0,0.0
180,Device,BiasAdd,model/conv2d_3/BiasAdd,2,67.584,33.792,67.584,33.792,0.0010367023208470662,0.8556641437901702,0.0,0.0
181,Device,BiasAdd,model/conv2d_4/BiasAdd,2,67.584,33.792,67.584,33.792,0.0010367023208470662,0.8567008461110173,0.0,0.0
182,Device,Transpose,gradient_tape/model/conv2d/Conv2D/Conv2DBackpropFilter-0-TransposeNHWCToNCHW-LayoutOptimizer,2,66.56,33.28,66.56,33.28,0.001020994709925141,0.8577218408209424,0.0,0.0
183,Device,BiasAdd,model/conv2d_5/BiasAdd,2,66.56,33.28,66.56,33.28,0.001020994709925141,0.8587428355308675,0.0,0.0
184,Device,ResourceApplyGradientDescent,SGD/SGD/update_112/ResourceApplyGradientDescent,2,65.536,32.768,65.536,32.768,0.0010052870990032157,0.8597481226298707,0.0,0.0
185,Device,AddN,SGD/gradients/AddN_45,2,63.488,31.744,63.488,31.744,0.0009738718771593651,0.86072199450703,0.0,0.0
186,Device,Mul,gradient_tape/conv2d_29/kernel/Regularizer/Mul_1,2,62.465,31.2325,62.465,31.2325,0.0009581796057012309,0.8616801741127312,0.0,0.0
187,Device,Sum,conv2d_33/kernel/Regularizer/Sum,2,61.44,30.72,61.44,30.72,0.0009424566553155146,0.8626226307680468,0.0,0.0
188,Device,Sum,conv2d_35/kernel/Regularizer/Sum,2,60.416,30.208,60.416,30.208,0.0009267490443935893,0.8635493798124404,0.0,0.0
189,Device,Conv2D,model/conv2d_18/Conv2D,2,60.416,30.208,60.416,30.208,0.0009267490443935893,0.864476128856834,0.0,0.0
190,Device,Conv2D,model/conv2d_31/Conv2D,2,60.416,30.208,60.416,30.208,0.0009267490443935893,0.8654028779012276,0.0,0.0
191,Device,Sum,conv2d_32/kernel/Regularizer/Sum,2,59.394,29.697,59.394,29.697,0.000911072112399246,0.8663139500136269,0.0,0.0
192,Device,ReluGrad,gradient_tape/model/activation_7/ReluGrad,2,59.392,29.696,59.392,29.696,0.0009110414334716642,0.8672249914470985,0.0,0.0
193,Device,Sum,conv2d_30/kernel/Regularizer/Sum,2,57.344,28.672,57.344,28.672,0.0008796262116278137,0.8681046176587264,0.0,0.0
194,Device,Conv2D,model/conv2d_9/Conv2D,2,57.344,28.672,57.344,28.672,0.0008796262116278137,0.8689842438703542,0.0,0.0
195,Device,Sum,conv2d_34/kernel/Regularizer/Sum,2,56.32,28.16,56.32,28.16,0.0008639186007058884,0.8698481624710601,0.0,0.0
196,Device,ReluGrad,gradient_tape/model/activation_14/ReluGrad,2,53.248,26.624,53.248,26.624,0.0008167957679401127,0.8706649582390003,0.0,0.0
197,Device,ReluGrad,gradient_tape/model/activation_11/ReluGrad,2,51.202,25.601,51.202,25.601,0.000785411225023844,0.8714503694640241,0.0,0.0
198,Device,AddN,SGD/gradients/AddN_10,2,51.201,25.6005,51.201,25.6005,0.0007853958855600532,0.8722357653495841,0.0,0.0
199,Device,ReluGrad,gradient_tape/model/activation_12/ReluGrad,2,51.2,25.6,51.2,25.6,0.0007853805460962622,0.8730211458956804,0.0,0.0
200,Device,AddN,SGD/gradients/AddN_9,2,50.176,25.088,50.176,25.088,0.000769672935174337,0.8737908188308547,0.0,0.0
201,Device,ReluGrad,gradient_tape/model/activation_10/ReluGrad,2,50.176,25.088,50.176,25.088,0.000769672935174337,0.8745604917660291,0.0,0.0
202,Device,ReluGrad,gradient_tape/model/activation_13/ReluGrad,2,50.176,25.088,50.176,25.088,0.000769672935174337,0.8753301647012035,0.0,0.0
203,Device,ReluGrad,gradient_tape/model/activation_8/ReluGrad,2,50.176,25.088,50.176,25.088,0.000769672935174337,0.8760998376363779,0.0,0.0
204,Device,ReluGrad,gradient_tape/model/activation_9/ReluGrad,2,50.176,25.088,50.176,25.088,0.000769672935174337,0.8768695105715523,0.0,0.0
205,Device,AddN,SGD/gradients/AddN_11,2,48.128,24.064,48.128,24.064,0.0007382577133304865,0.8776077682848827,0.0,0.0
206,Device,BiasAddGrad,gradient_tape/model/conv2d_1/BiasAdd/BiasAddGrad,2,47.105,23.5525,47.105,23.5525,0.0007225654418723521,0.8783303337267551,0.0,0.0
207,Device,BiasAddGrad,gradient_tape/model/conv2d_3/BiasAdd/BiasAddGrad,2,46.08,23.04,46.08,23.04,0.000706842491486636,0.8790371762182417,0.0,0.0
208,Device,BiasAddGrad,gradient_tape/model/conv2d_5/BiasAdd/BiasAddGrad,2,46.08,23.04,46.08,23.04,0.000706842491486636,0.8797440187097284,0.0,0.0
209,Device,BiasAddGrad,gradient_tape/model/conv2d_6/BiasAdd/BiasAddGrad,2,46.08,23.04,46.08,23.04,0.000706842491486636,0.8804508612012151,0.0,0.0
210,Device,BiasAddGrad,gradient_tape/model/conv2d_2/BiasAdd/BiasAddGrad,2,45.056,22.528,45.056,22.528,0.0006911348805647107,0.8811419960817798,0.0,0.0
211,Device,BiasAddGrad,gradient_tape/model/conv2d_4/BiasAdd/BiasAddGrad,2,45.056,22.528,45.056,22.528,0.0006911348805647107,0.8818331309623445,0.0,0.0
212,Device,AddN,SGD/gradients/AddN_8,2,43.01,21.505,43.01,21.505,0.000659750337648442,0.8824928812999929,0.0,0.0
213,Device,Square,conv2d_29/kernel/Regularizer/Square,2,41.984,20.992,41.984,20.992,0.0006440120477989351,0.8831368933477919,0.0,0.0
214,Device,Tile,gradient_tape/conv2d_29/kernel/Regularizer/Tile,2,40.96,20.48,40.96,20.48,0.0006283044368770097,0.8837651977846689,0.0,0.0
215,Device,BiasAdd,model/conv2d_9/BiasAdd,2,40.96,20.48,40.96,20.48,0.0006283044368770097,0.8843935022215459,0.0,0.0
216,Device,Mul,gradient_tape/conv2d_29/kernel/Regularizer/Mul,2,36.864,18.432,36.864,18.432,0.0005654739931893087,0.8849589762147352,0.0,0.0
217,Device,FusedBatchNormGradV3,gradient_tape/model/batch_normalization_26/FusedBatchNormGradV3,2,36.864,18.432,36.864,18.432,0.0005654739931893087,0.8855244502079245,0.0,0.0
218,Device,AddV2,model/add_3/add,2,36.864,18.432,36.864,18.432,0.0005654739931893087,0.8860899242011138,0.0,0.0
219,Device,AddV2,model/add_6/add,2,36.864,18.432,36.864,18.432,0.0005654739931893087,0.8866553981943031,0.0,0.0
220,Device,AddV2,model/add_4/add,2,35.841,17.9205,35.841,17.9205,0.0005497817217311744,0.8872051799160342,0.0,0.0
221,Device,ResourceApplyGradientDescent,SGD/SGD/update_68/ResourceApplyGradientDescent,2,35.84,17.92,35.84,17.92,0.0005497663822673836,0.8877549462983015,0.0,0.0
222,Device,AddV2,model/add_5/add,2,35.84,17.92,35.84,17.92,0.0005497663822673836,0.8883047126805689,0.0,0.0
223,Device,ResourceApplyGradientDescent,SGD/SGD/update_104/ResourceApplyGradientDescent,2,34.816,17.408,34.816,17.408,0.0005340587713454583,0.8888387714519144,0.0,0.0
224,Device,ResourceApplyGradientDescent,SGD/SGD/update_84/ResourceApplyGradientDescent,2,34.816,17.408,34.816,17.408,0.0005340587713454583,0.8893728302232599,0.0,0.0
225,Device,AddN,SGD/gradients/AddN_40,2,34.816,17.408,34.816,17.408,0.0005340587713454583,0.8899068889946053,0.0,0.0
226,Device,Sum,conv2d_29/kernel/Regularizer/Sum,2,34.816,17.408,34.816,17.408,0.0005340587713454583,0.8904409477659508,0.0,0.0
227,Device,FusedBatchNormGradV3,gradient_tape/model/batch_normalization_17/FusedBatchNormGradV3,2,34.816,17.408,34.816,17.408,0.0005340587713454583,0.8909750065372963,0.0,0.0
228,Device,FusedBatchNormGradV3,gradient_tape/model/batch_normalization_19/FusedBatchNormGradV3,2,34.816,17.408,34.816,17.408,0.0005340587713454583,0.8915090653086418,0.0,0.0
229,Device,BiasAddGrad,gradient_tape/model/conv2d_15/BiasAdd/BiasAddGrad,2,34.816,17.408,34.816,17.408,0.0005340587713454583,0.8920431240799873,0.0,0.0
230,Device,BiasAddGrad,gradient_tape/model/conv2d_12/BiasAdd/BiasAddGrad,2,33.793,16.8965,33.793,16.8965,0.000518366499887324,0.8925614905798747,0.0,0.0
231,Device,ResourceApplyGradientDescent,SGD/SGD/update_100/ResourceApplyGradientDescent,2,33.792,16.896,33.792,16.896,0.0005183511604235331,0.8930798417402982,0.0,0.0
232,Device,ResourceApplyGradientDescent,SGD/SGD/update_108/ResourceApplyGradientDescent,2,33.792,16.896,33.792,16.896,0.0005183511604235331,0.8935981929007217,0.0,0.0
233,Device,ResourceApplyGradientDescent,SGD/SGD/update_92/ResourceApplyGradientDescent,2,33.792,16.896,33.792,16.896,0.0005183511604235331,0.8941165440611453,0.0,0.0
234,Device,ResourceApplyGradientDescent,SGD/SGD/update_96/ResourceApplyGradientDescent,2,33.792,16.896,33.792,16.896,0.0005183511604235331,0.8946348952215688,0.0,0.0
235,Device,AddN,SGD/gradients/AddN_35,2,33.792,16.896,33.792,16.896,0.0005183511604235331,0.8951532463819923,0.0,0.0
236,Device,AddN,SGD/gradients/AddN_37,2,33.792,16.896,33.792,16.896,0.0005183511604235331,0.8956715975424159,0.0,0.0
237,Device,AddN,SGD/gradients/AddN_38,2,33.792,16.896,33.792,16.896,0.0005183511604235331,0.8961899487028394,0.0,0.0
238,Device,AddN,SGD/gradients/AddN_39,2,33.792,16.896,33.792,16.896,0.0005183511604235331,0.896708299863263,0.0,0.0
239,Device,AddN,SGD/gradients/AddN_41,2,33.792,16.896,33.792,16.896,0.0005183511604235331,0.8972266510236865,0.0,0.0
240,Device,AddN,SGD/gradients/AddN_42,2,33.792,16.896,33.792,16.896,0.0005183511604235331,0.89774500218411,0.0,0.0
241,Device,AddN,SGD/gradients/AddN_44,2,33.792,16.896,33.792,16.896,0.0005183511604235331,0.8982633533445336,0.0,0.0
242,Device,Mul,gradient_tape/conv2d_17/kernel/Regularizer/Mul_1,2,33.792,16.896,33.792,16.896,0.0005183511604235331,0.8987817045049571,0.0,0.0
243,Device,Mul,gradient_tape/conv2d_25/kernel/Regularizer/Mul_1,2,33.792,16.896,33.792,16.896,0.0005183511604235331,0.8993000556653806,0.0,0.0
244,Device,FusedBatchNormGradV3,gradient_tape/model/batch_normalization_16/FusedBatchNormGradV3,2,33.792,16.896,33.792,16.896,0.0005183511604235331,0.8998184068258042,0.0,0.0
245,Device,FusedBatchNormGradV3,gradient_tape/model/batch_normalization_18/FusedBatchNormGradV3,2,33.792,16.896,33.792,16.896,0.0005183511604235331,0.9003367579862277,0.0,0.0
246,Device,FusedBatchNormGradV3,gradient_tape/model/batch_normalization_23/FusedBatchNormGradV3,2,33.792,16.896,33.792,16.896,0.0005183511604235331,0.9008551091466512,0.0,0.0
247,Device,FusedBatchNormGradV3,gradient_tape/model/batch_normalization_24/FusedBatchNormGradV3,2,33.792,16.896,33.792,16.896,0.0005183511604235331,0.9013734603070748,0.0,0.0
248,Device,FusedBatchNormGradV3,gradient_tape/model/batch_normalization_25/FusedBatchNormGradV3,2,33.792,16.896,33.792,16.896,0.0005183511604235331,0.9018918114674983,0.0,0.0
249,Device,BiasAddGrad,gradient_tape/model/conv2d_10/BiasAdd/BiasAddGrad,2,33.792,16.896,33.792,16.896,0.0005183511604235331,0.9024101626279218,0.0,0.0
250,Device,BiasAddGrad,gradient_tape/model/conv2d_11/BiasAdd/BiasAddGrad,2,33.792,16.896,33.792,16.896,0.0005183511604235331,0.9029285137883454,0.0,0.0
251,Device,BiasAddGrad,gradient_tape/model/conv2d_13/BiasAdd/BiasAddGrad,2,33.792,16.896,33.792,16.896,0.0005183511604235331,0.9034468649487689,0.0,0.0
252,Device,BiasAddGrad,gradient_tape/model/conv2d_14/BiasAdd/BiasAddGrad,2,33.792,16.896,33.792,16.896,0.0005183511604235331,0.9039652161091924,0.0,0.0
253,Device,Relu,model/activation_14/Relu,2,33.792,16.896,33.792,16.896,0.0005183511604235331,0.904483567269616,0.0,0.0
254,Device,FusedBatchNormV3,model/batch_normalization_7/FusedBatchNormV3,4,33.792,8.448,33.792,8.448,0.0005183511604235331,0.9050019184300395,0.0,0.0
255,Device,ResourceApplyGradientDescent,SGD/SGD/update_76/ResourceApplyGradientDescent,2,32.77,16.385,32.77,16.385,0.0005026742284291898,0.9055045926584687,0.0,0.0
256,Device,ResourceApplyGradientDescent,SGD/SGD/update_88/ResourceApplyGradientDescent,2,32.769,16.3845,32.769,16.3845,0.0005026588889653987,0.9060072515474341,0.0,0.0
257,Device,AddN,ArithmeticOptimizer/AddOpsRewrite_AddN_1,8,32.768,4.096,32.768,4.096,0.0005026435495016078,0.9065098950969357,0.0,0.0
258,Device,ResourceApplyGradientDescent,SGD/SGD/update_72/ResourceApplyGradientDescent,2,32.768,16.384,32.768,16.384,0.0005026435495016078,0.9070125386464373,0.0,0.0
259,Device,ResourceApplyGradientDescent,SGD/SGD/update_80/ResourceApplyGradientDescent,2,32.768,16.384,32.768,16.384,0.0005026435495016078,0.9075151821959389,0.0,0.0
260,Device,AddN,SGD/gradients/AddN_36,2,32.768,16.384,32.768,16.384,0.0005026435495016078,0.9080178257454404,0.0,0.0
261,Device,AddN,SGD/gradients/AddN_43,2,32.768,16.384,32.768,16.384,0.0005026435495016078,0.908520469294942,0.0,0.0
262,Device,Mul,gradient_tape/conv2d_20/kernel/Regularizer/Mul_1,2,32.768,16.384,32.768,16.384,0.0005026435495016078,0.9090231128444436,0.0,0.0
263,Device,Mul,gradient_tape/conv2d_23/kernel/Regularizer/Mul_1,2,32.768,16.384,32.768,16.384,0.0005026435495016078,0.9095257563939452,0.0,0.0
264,Device,FusedBatchNormGradV3,gradient_tape/model/batch_normalization_15/FusedBatchNormGradV3,2,32.768,16.384,32.768,16.384,0.0005026435495016078,0.9100283999434468,0.0,0.0
265,Device,FusedBatchNormGradV3,gradient_tape/model/batch_normalization_20/FusedBatchNormGradV3,2,32.768,16.384,32.768,16.384,0.0005026435495016078,0.9105310434929483,0.0,0.0
266,Device,FusedBatchNormGradV3,gradient_tape/model/batch_normalization_21/FusedBatchNormGradV3,2,32.768,16.384,32.768,16.384,0.0005026435495016078,0.9110336870424499,0.0,0.0
267,Device,FusedBatchNormGradV3,gradient_tape/model/batch_normalization_22/FusedBatchNormGradV3,2,32.768,16.384,32.768,16.384,0.0005026435495016078,0.9115363305919515,0.0,0.0
268,Device,Mul,gradient_tape/conv2d_21/kernel/Regularizer/Mul_1,2,31.745,15.8725,31.745,15.8725,0.0004869512780434735,0.9120232818699949,0.0,0.0
269,Device,Mul,gradient_tape/conv2d_28/kernel/Regularizer/Mul_1,2,31.745,15.8725,31.745,15.8725,0.0004869512780434735,0.9125102331480384,0.0,0.0
270,Device,FusedBatchNormV3,model/batch_normalization_13/FusedBatchNormV3,4,31.744,7.936,31.744,7.936,0.00048693593857968253,0.9129971690866181,0.0,0.0
271,Device,FusedBatchNormV3,model/batch_normalization_9/FusedBatchNormV3,4,31.744,7.936,31.744,7.936,0.00048693593857968253,0.9134841050251978,0.0,0.0
272,Device,ReluGrad,gradient_tape/model/activation_26/ReluGrad,2,30.722,15.361,30.722,15.361,0.00047125900658533923,0.9139553640317831,0.0,0.0
273,Device,Mul,gradient_tape/conv2d_19/kernel/Regularizer/Mul_1,2,30.721,15.3605,30.721,15.3605,0.00047124366712154826,0.9144266076989047,0.0,0.0
274,Device,AddN,SGD/gradients/AddN_34,2,30.72,15.36,30.72,15.36,0.0004712283276577573,0.9148978360265625,0.0,0.0
275,Device,Mul,gradient_tape/conv2d_22/kernel/Regularizer/Mul_1,2,30.72,15.36,30.72,15.36,0.0004712283276577573,0.9153690643542203,0.0,0.0
276,Device,Mul,gradient_tape/conv2d_24/kernel/Regularizer/Mul_1,2,30.72,15.36,30.72,15.36,0.0004712283276577573,0.915840292681878,0.0,0.0
277,Device,Mul,gradient_tape/conv2d_26/kernel/Regularizer/Mul_1,2,30.72,15.36,30.72,15.36,0.0004712283276577573,0.9163115210095358,0.0,0.0
278,Device,Mul,gradient_tape/conv2d_27/kernel/Regularizer/Mul_1,2,30.72,15.36,30.72,15.36,0.0004712283276577573,0.9167827493371936,0.0,0.0
279,Device,ReluGrad,gradient_tape/model/activation_21/ReluGrad,2,30.72,15.36,30.72,15.36,0.0004712283276577573,0.9172539776648514,0.0,0.0
280,Device,ReluGrad,gradient_tape/model/activation_22/ReluGrad,2,30.72,15.36,30.72,15.36,0.0004712283276577573,0.9177252059925092,0.0,0.0
281,Device,FusedBatchNormV3,model/batch_normalization_11/FusedBatchNormV3,4,30.72,7.68,30.72,7.68,0.0004712283276577573,0.918196434320167,0.0,0.0
282,Device,FusedBatchNormV3,model/batch_normalization_12/FusedBatchNormV3,4,30.72,7.68,30.72,7.68,0.0004712283276577573,0.9186676626478247,0.0,0.0
283,Device,FusedBatchNormV3,model/batch_normalization_14/FusedBatchNormV3,4,30.72,7.68,30.72,7.68,0.0004712283276577573,0.9191388909754825,0.0,0.0
284,Device,MatMul,model/dense/MatMul,2,30.72,15.36,30.72,15.36,0.0004712283276577573,0.9196101193031403,0.0,0.0
285,Device,FusedBatchNormV3,model/batch_normalization_8/FusedBatchNormV3,4,29.697,7.42425,29.697,7.42425,0.000455536056199623,0.9200656553593399,0.0,0.0
286,Device,FusedBatchNormV3,model/batch_normalization_10/FusedBatchNormV3,4,29.696,7.424,29.696,7.424,0.0004555207167358321,0.9205211760760758,0.0,0.0
287,Device,ReluGrad,gradient_tape/model/activation_15/ReluGrad,2,28.672,14.336,28.672,14.336,0.00043981310581390684,0.9209609891818896,0.0,0.0
288,Device,ReluGrad,gradient_tape/model/activation_18/ReluGrad,2,27.648,13.824,27.648,13.824,0.0004241054948919816,0.9213850946767816,0.0,0.0
289,Device,BiasAdd,model/conv2d_7/BiasAdd,2,27.648,13.824,27.648,13.824,0.0004241054948919816,0.9218092001716737,0.0,0.0
290,Device,ArgMax,ArgMax,2,26.624,13.312,26.624,13.312,0.00040839788397005635,0.9222175980556437,0.0,0.0
291,Device,AddN,SGD/gradients/AddN_4,2,26.624,13.312,26.624,13.312,0.00040839788397005635,0.9226259959396138,0.0,0.0
292,Device,ReluGrad,gradient_tape/model/activation_17/ReluGrad,2,26.624,13.312,26.624,13.312,0.00040839788397005635,0.9230343938235839,0.0,0.0
293,Device,ReluGrad,gradient_tape/model/activation_19/ReluGrad,2,26.624,13.312,26.624,13.312,0.00040839788397005635,0.923442791707554,0.0,0.0
294,Device,ReluGrad,gradient_tape/model/activation_23/ReluGrad,2,26.624,13.312,26.624,13.312,0.00040839788397005635,0.923851189591524,0.0,0.0
295,Device,ReluGrad,gradient_tape/model/activation_24/ReluGrad,2,26.624,13.312,26.624,13.312,0.00040839788397005635,0.9242595874754941,0.0,0.0
296,Device,ReluGrad,gradient_tape/model/activation_25/ReluGrad,2,26.624,13.312,26.624,13.312,0.00040839788397005635,0.9246679853594642,0.0,0.0
297,Device,FusedBatchNormGradV3,gradient_tape/model/batch_normalization_27/FusedBatchNormGradV3,2,26.624,13.312,26.624,13.312,0.00040839788397005635,0.9250763832434342,0.0,0.0
298,Device,BiasAddGrad,gradient_tape/model/conv2d_19/BiasAdd/BiasAddGrad,2,26.624,13.312,26.624,13.312,0.00040839788397005635,0.9254847811274043,0.0,0.0
299,Device,BiasAddGrad,gradient_tape/model/conv2d_20/BiasAdd/BiasAddGrad,2,26.624,13.312,26.624,13.312,0.00040839788397005635,0.9258931790113744,0.0,0.0
300,Device,BiasAddGrad,gradient_tape/model/conv2d_21/BiasAdd/BiasAddGrad,2,26.624,13.312,26.624,13.312,0.00040839788397005635,0.9263015768953444,0.0,0.0
301,Device,BiasAddGrad,gradient_tape/model/conv2d_22/BiasAdd/BiasAddGrad,2,26.624,13.312,26.624,13.312,0.00040839788397005635,0.9267099747793145,0.0,0.0
302,Device,BiasAddGrad,gradient_tape/model/conv2d_23/BiasAdd/BiasAddGrad,2,26.624,13.312,26.624,13.312,0.00040839788397005635,0.9271183726632846,0.0,0.0
303,Device,BiasAddGrad,gradient_tape/model/conv2d_24/BiasAdd/BiasAddGrad,2,26.624,13.312,26.624,13.312,0.00040839788397005635,0.9275267705472546,0.0,0.0
304,Device,BiasAddGrad,gradient_tape/model/conv2d_25/BiasAdd/BiasAddGrad,2,26.624,13.312,26.624,13.312,0.00040839788397005635,0.9279351684312247,0.0,0.0
305,Device,BiasAddGrad,gradient_tape/model/conv2d_26/BiasAdd/BiasAddGrad,2,26.624,13.312,26.624,13.312,0.00040839788397005635,0.9283435663151948,0.0,0.0
306,Device,BiasAddGrad,gradient_tape/model/conv2d_27/BiasAdd/BiasAddGrad,2,26.624,13.312,26.624,13.312,0.00040839788397005635,0.9287519641991648,0.0,0.0
307,Device,BiasAddGrad,gradient_tape/model/conv2d_28/BiasAdd/BiasAddGrad,2,26.624,13.312,26.624,13.312,0.00040839788397005635,0.9291603620831349,0.0,0.0
308,Device,ReluGrad,gradient_tape/model/activation_20/ReluGrad,2,25.601,12.8005,25.601,12.8005,0.000392705612511922,0.9295530676956468,0.0,0.0
309,Device,Sum,conv2d_19/kernel/Regularizer/Sum,2,25.6,12.8,25.6,12.8,0.0003926902730481311,0.9299457579686949,0.0,0.0
310,Device,FusedBatchNormGradV3,gradient_tape/model/batch_normalization_30/FusedBatchNormGradV3,2,25.6,12.8,25.6,12.8,0.0003926902730481311,0.930338448241743,0.0,0.0
311,Device,FusedBatchNormGradV3,gradient_tape/model/batch_normalization_31/FusedBatchNormGradV3,2,25.6,12.8,25.6,12.8,0.0003926902730481311,0.9307311385147912,0.0,0.0
312,Device,FusedBatchNormV3,model/batch_normalization_28/FusedBatchNormV3,4,25.6,6.4,25.6,6.4,0.0003926902730481311,0.9311238287878393,0.0,0.0
313,Device,FusedBatchNormV3,model/batch_normalization_30/FusedBatchNormV3,4,25.6,6.4,25.6,6.4,0.0003926902730481311,0.9315165190608874,0.0,0.0
314,Device,Sum,conv2d_20/kernel/Regularizer/Sum,2,24.577,12.2885,24.577,12.2885,0.0003769980015899968,0.9318935170624774,0.0,0.0
315,Device,FusedBatchNormV3,model/batch_normalization_15/FusedBatchNormV3,4,24.577,6.14425,24.577,6.14425,0.0003769980015899968,0.9322705150640673,0.0,0.0
316,Device,ReluGrad,gradient_tape/model/activation_16/ReluGrad,2,24.576,12.288,24.576,12.288,0.00037698266212620585,0.9326474977261935,0.0,0.0
317,Device,FusedBatchNormGradV3,gradient_tape/model/batch_normalization_28/FusedBatchNormGradV3,2,24.576,12.288,24.576,12.288,0.00037698266212620585,0.9330244803883196,0.0,0.0
318,Device,FusedBatchNormGradV3,gradient_tape/model/batch_normalization_29/FusedBatchNormGradV3,2,24.576,12.288,24.576,12.288,0.00037698266212620585,0.9334014630504458,0.0,0.0
319,Device,BiasAddGrad,gradient_tape/model/conv2d_7/BiasAdd/BiasAddGrad,2,24.576,12.288,24.576,12.288,0.00037698266212620585,0.933778445712572,0.0,0.0
320,Device,FusedBatchNormV3,model/batch_normalization_19/FusedBatchNormV3,4,24.576,6.144,24.576,6.144,0.00037698266212620585,0.9341554283746981,0.0,0.0
321,Device,FusedBatchNormV3,model/batch_normalization_25/FusedBatchNormV3,4,24.576,6.144,24.576,6.144,0.00037698266212620585,0.9345324110368243,0.0,0.0
322,Device,FusedBatchNormV3,model/batch_normalization_27/FusedBatchNormV3,4,24.576,6.144,24.576,6.144,0.00037698266212620585,0.9349093936989504,0.0,0.0
323,Device,FusedBatchNormV3,model/batch_normalization_31/FusedBatchNormV3,4,24.576,6.144,24.576,6.144,0.00037698266212620585,0.9352863763610766,0.0,0.0
324,Device,FusedBatchNormV3,model/batch_normalization_32/FusedBatchNormV3,4,24.576,6.144,24.576,6.144,0.00037698266212620585,0.9356633590232027,0.0,0.0
325,Device,BiasAdd,model/conv2d_10/BiasAdd,2,24.576,12.288,24.576,12.288,0.00037698266212620585,0.9360403416853289,0.0,0.0
326,Device,BiasAdd,model/conv2d_11/BiasAdd,2,24.576,12.288,24.576,12.288,0.00037698266212620585,0.9364173243474551,0.0,0.0
327,Device,BiasAdd,model/conv2d_12/BiasAdd,2,24.576,12.288,24.576,12.288,0.00037698266212620585,0.9367943070095812,0.0,0.0
328,Device,BiasAdd,model/conv2d_13/BiasAdd,2,24.576,12.288,24.576,12.288,0.00037698266212620585,0.9371712896717074,0.0,0.0
329,Device,BiasAdd,model/conv2d_14/BiasAdd,2,24.576,12.288,24.576,12.288,0.00037698266212620585,0.9375482723338335,0.0,0.0
330,Device,BiasAdd,model/conv2d_8/BiasAdd,2,24.576,12.288,24.576,12.288,0.00037698266212620585,0.9379252549959597,0.0,0.0
331,Device,FusedBatchNormV3,model/batch_normalization_29/FusedBatchNormV3,4,23.553,5.88825,23.553,5.88825,0.0003612903906680716,0.9382865453866278,0.0,0.0
332,Device,Sum,conv2d_21/kernel/Regularizer/Sum,2,23.552,11.776,23.552,11.776,0.0003612750512042806,0.9386478204378321,0.0,0.0
333,Device,Sum,conv2d_23/kernel/Regularizer/Sum,2,23.552,11.776,23.552,11.776,0.0003612750512042806,0.9390090954890364,0.0,0.0
334,Device,Sum,conv2d_24/kernel/Regularizer/Sum,2,23.552,11.776,23.552,11.776,0.0003612750512042806,0.9393703705402408,0.0,0.0
335,Device,Sum,conv2d_26/kernel/Regularizer/Sum,2,23.552,11.776,23.552,11.776,0.0003612750512042806,0.9397316455914451,0.0,0.0
336,Device,Sum,conv2d_27/kernel/Regularizer/Sum,2,23.552,11.776,23.552,11.776,0.0003612750512042806,0.9400929206426494,0.0,0.0
337,Device,Sum,conv2d_28/kernel/Regularizer/Sum,2,23.552,11.776,23.552,11.776,0.0003612750512042806,0.9404541956938537,0.0,0.0
338,Device,BiasAdd,model/conv2d_15/BiasAdd,2,23.552,11.776,23.552,11.776,0.0003612750512042806,0.940815470745058,0.0,0.0
339,Device,Square,conv2d_25/kernel/Regularizer/Square,2,22.529,11.2645,22.529,11.2645,0.0003455827797461463,0.9411610535248042,0.0,0.0
340,Device,BiasAddGrad,gradient_tape/model/conv2d_9/BiasAdd/BiasAddGrad,2,22.529,11.2645,22.529,11.2645,0.0003455827797461463,0.9415066363045503,0.0,0.0
341,Device,Sum,conv2d_17/kernel/Regularizer/Sum,2,22.528,11.264,22.528,11.264,0.00034556744028235535,0.9418522037448327,0.0,0.0
342,Device,Mul,gradient_tape/conv2d_17/kernel/Regularizer/Mul,2,22.528,11.264,22.528,11.264,0.00034556744028235535,0.942197771185115,0.0,0.0
343,Device,BiasAddGrad,gradient_tape/model/conv2d_16/BiasAdd/BiasAddGrad,2,22.528,11.264,22.528,11.264,0.00034556744028235535,0.9425433386253974,0.0,0.0
344,Device,FusedBatchNormV3,model/batch_normalization_16/FusedBatchNormV3,4,22.528,5.632,22.528,5.632,0.00034556744028235535,0.9428889060656798,0.0,0.0
345,Device,FusedBatchNormV3,model/batch_normalization_17/FusedBatchNormV3,4,22.528,5.632,22.528,5.632,0.00034556744028235535,0.9432344735059621,0.0,0.0
346,Device,FusedBatchNormV3,model/batch_normalization_18/FusedBatchNormV3,4,22.528,5.632,22.528,5.632,0.00034556744028235535,0.9435800409462445,0.0,0.0
347,Device,FusedBatchNormV3,model/batch_normalization_20/FusedBatchNormV3,4,22.528,5.632,22.528,5.632,0.00034556744028235535,0.9439256083865268,0.0,0.0
348,Device,FusedBatchNormV3,model/batch_normalization_21/FusedBatchNormV3,4,22.528,5.632,22.528,5.632,0.00034556744028235535,0.9442711758268092,0.0,0.0
349,Device,FusedBatchNormV3,model/batch_normalization_22/FusedBatchNormV3,4,22.528,5.632,22.528,5.632,0.00034556744028235535,0.9446167432670916,0.0,0.0
350,Device,FusedBatchNormV3,model/batch_normalization_23/FusedBatchNormV3,4,22.528,5.632,22.528,5.632,0.00034556744028235535,0.9449623107073739,0.0,0.0
351,Device,FusedBatchNormV3,model/batch_normalization_24/FusedBatchNormV3,4,22.528,5.632,22.528,5.632,0.00034556744028235535,0.9453078781476563,0.0,0.0
352,Device,FusedBatchNormV3,model/batch_normalization_26/FusedBatchNormV3,4,22.528,5.632,22.528,5.632,0.00034556744028235535,0.9456534455879386,0.0,0.0
353,Device,Square,conv2d_22/kernel/Regularizer/Square,2,21.505,10.7525,21.505,10.7525,0.000329875168824221,0.9459833207567628,0.0,0.0
354,Device,Square,conv2d_19/kernel/Regularizer/Square,2,21.504,10.752,21.504,10.752,0.00032985982936043016,0.9463131805861232,0.0,0.0
355,Device,Square,conv2d_20/kernel/Regularizer/Square,2,21.504,10.752,21.504,10.752,0.00032985982936043016,0.9466430404154836,0.0,0.0
356,Device,Square,conv2d_21/kernel/Regularizer/Square,2,21.504,10.752,21.504,10.752,0.00032985982936043016,0.946972900244844,0.0,0.0
357,Device,Sum,conv2d_22/kernel/Regularizer/Sum,2,21.504,10.752,21.504,10.752,0.00032985982936043016,0.9473027600742044,0.0,0.0
358,Device,Square,conv2d_23/kernel/Regularizer/Square,2,21.504,10.752,21.504,10.752,0.00032985982936043016,0.9476326199035648,0.0,0.0
359,Device,Square,conv2d_24/kernel/Regularizer/Square,2,21.504,10.752,21.504,10.752,0.00032985982936043016,0.9479624797329252,0.0,0.0
360,Device,Sum,conv2d_25/kernel/Regularizer/Sum,2,21.504,10.752,21.504,10.752,0.00032985982936043016,0.9482923395622856,0.0,0.0
361,Device,Square,conv2d_26/kernel/Regularizer/Square,2,21.504,10.752,21.504,10.752,0.00032985982936043016,0.948622199391646,0.0,0.0
362,Device,Square,conv2d_27/kernel/Regularizer/Square,2,21.504,10.752,21.504,10.752,0.00032985982936043016,0.9489520592210064,0.0,0.0
363,Device,Tile,gradient_tape/conv2d_17/kernel/Regularizer/Tile,2,21.504,10.752,21.504,10.752,0.00032985982936043016,0.9492819190503669,0.0,0.0
364,Device,Softmax,model/dense/Softmax,2,20.481,10.2405,20.481,10.2405,0.00031416755790229583,0.9495960866082691,0.0,0.0
365,Device,AddN,SGD/gradients/AddN_3,2,20.48,10.24,20.48,10.24,0.00031415221843850486,0.9499102388267077,0.0,0.0
366,Device,AddN,SGD/gradients/AddN_5,2,20.48,10.24,20.48,10.24,0.00031415221843850486,0.9502243910451462,0.0,0.0
367,Device,AddN,SGD/gradients/AddN_7,2,20.48,10.24,20.48,10.24,0.00031415221843850486,0.9505385432635848,0.0,0.0
368,Device,Square,conv2d_17/kernel/Regularizer/Square,2,20.48,10.24,20.48,10.24,0.00031415221843850486,0.9508526954820233,0.0,0.0
369,Device,Square,conv2d_28/kernel/Regularizer/Square,2,20.48,10.24,20.48,10.24,0.00031415221843850486,0.9511668477004619,0.0,0.0
370,Device,AvgPoolGrad,gradient_tape/model/average_pooling2d/AvgPoolGrad,2,20.48,10.24,20.48,10.24,0.00031415221843850486,0.9514809999189004,0.0,0.0
371,Device,BiasAddGrad,gradient_tape/model/conv2d_18/BiasAdd/BiasAddGrad,2,20.48,10.24,20.48,10.24,0.00031415221843850486,0.951795152137339,0.0,0.0
372,Device,BiasAddGrad,gradient_tape/model/conv2d_29/BiasAdd/BiasAddGrad,2,20.48,10.24,20.48,10.24,0.00031415221843850486,0.9521093043557776,0.0,0.0
373,Device,BiasAddGrad,gradient_tape/model/conv2d_33/BiasAdd/BiasAddGrad,2,20.48,10.24,20.48,10.24,0.00031415221843850486,0.9524234565742161,0.0,0.0
374,Device,BiasAddGrad,gradient_tape/model/conv2d_35/BiasAdd/BiasAddGrad,2,20.48,10.24,20.48,10.24,0.00031415221843850486,0.9527376087926547,0.0,0.0
375,Device,ResourceApplyGradientDescent,SGD/SGD/update_62/ResourceApplyGradientDescent,2,19.456,9.728,19.456,9.728,0.0002984446075165796,0.9530360534001713,0.0,0.0
376,Device,AddN,SGD/gradients/AddN_32,2,19.456,9.728,19.456,9.728,0.0002984446075165796,0.9533344980076879,0.0,0.0
377,Device,AddN,SGD/gradients/AddN_6,2,19.456,9.728,19.456,9.728,0.0002984446075165796,0.9536329426152045,0.0,0.0
378,Device,Mul,gradient_tape/conv2d_16/kernel/Regularizer/Mul_1,2,19.456,9.728,19.456,9.728,0.0002984446075165796,0.9539313872227211,0.0,0.0
379,Device,BiasAddGrad,gradient_tape/model/conv2d_34/BiasAdd/BiasAddGrad,2,19.456,9.728,19.456,9.728,0.0002984446075165796,0.9542298318302377,0.0,0.0
380,Device,ReluGrad,gradient_tape/model/activation_29/ReluGrad,2,18.433,9.2165,18.433,9.2165,0.00028275233605844533,0.9545125841662961,0.0,0.0
381,Device,ArgMax,ArgMax_1,2,18.432,9.216,18.432,9.216,0.00028273699659465436,0.9547953211628908,0.0,0.0
382,Device,Sum,conv2d_16/kernel/Regularizer/Sum,2,18.432,9.216,18.432,9.216,0.00028273699659465436,0.9550780581594854,0.0,0.0
383,Device,Sum,conv2d_8/kernel/Regularizer/Sum,2,18.432,9.216,18.432,9.216,0.00028273699659465436,0.9553607951560801,0.0,0.0
384,Device,ReluGrad,gradient_tape/model/activation_27/ReluGrad,2,18.432,9.216,18.432,9.216,0.00028273699659465436,0.9556435321526747,0.0,0.0
385,Device,ReluGrad,gradient_tape/model/activation_28/ReluGrad,2,18.432,9.216,18.432,9.216,0.00028273699659465436,0.9559262691492694,0.0,0.0
386,Device,ReluGrad,gradient_tape/model/activation_31/ReluGrad,2,18.432,9.216,18.432,9.216,0.00028273699659465436,0.956209006145864,0.0,0.0
387,Device,FusedBatchNormGradV3,gradient_tape/model/batch_normalization_32/FusedBatchNormGradV3,2,18.432,9.216,18.432,9.216,0.00028273699659465436,0.9564917431424587,0.0,0.0
388,Device,BiasAddGrad,gradient_tape/model/conv2d_31/BiasAdd/BiasAddGrad,2,18.432,9.216,18.432,9.216,0.00028273699659465436,0.9567744801390533,0.0,0.0
389,Device,BiasAddGrad,gradient_tape/model/conv2d_32/BiasAdd/BiasAddGrad,2,18.432,9.216,18.432,9.216,0.00028273699659465436,0.957057217135648,0.0,0.0
390,Device,ReluGrad,gradient_tape/model/activation_30/ReluGrad,2,17.408,8.704,17.408,8.704,0.00026702938567272917,0.9573242465213206,0.0,0.0
391,Device,Sum,conv2d_10/kernel/Regularizer/Sum,2,16.384,8.192,16.384,8.192,0.0002513217747508039,0.9575755682960715,0.0,0.0
392,Device,Sum,conv2d_12/kernel/Regularizer/Sum,2,16.384,8.192,16.384,8.192,0.0002513217747508039,0.9578268900708223,0.0,0.0
393,Device,Sum,conv2d_14/kernel/Regularizer/Sum,2,16.384,8.192,16.384,8.192,0.0002513217747508039,0.9580782118455732,0.0,0.0
394,Device,Sum,conv2d_15/kernel/Regularizer/Sum,2,16.384,8.192,16.384,8.192,0.0002513217747508039,0.958329533620324,0.0,0.0
395,Device,Sum,conv2d_31/kernel/Regularizer/Sum,2,16.384,8.192,16.384,8.192,0.0002513217747508039,0.9585808553950749,0.0,0.0
396,Device,AddV2,model/add_12/add,2,16.384,8.192,16.384,8.192,0.0002513217747508039,0.9588321771698257,0.0,0.0
397,Device,AddV2,model/add_9/add,2,16.384,8.192,16.384,8.192,0.0002513217747508039,0.9590834989445766,0.0,0.0
398,Device,AddN,SGD/gradients/AddN_2,2,15.36,7.68,15.36,7.68,0.00023561416382887864,0.9593191131084055,0.0,0.0
399,Device,Sum,conv2d_11/kernel/Regularizer/Sum,2,15.36,7.68,15.36,7.68,0.00023561416382887864,0.9595547272722343,0.0,0.0
400,Device,Sum,conv2d_13/kernel/Regularizer/Sum,2,15.36,7.68,15.36,7.68,0.00023561416382887864,0.9597903414360632,0.0,0.0
401,Device,Tile,gradient_tape/conv2d_16/kernel/Regularizer/Tile,2,15.36,7.68,15.36,7.68,0.00023561416382887864,0.9600259555998921,0.0,0.0
402,Device,AddV2,model/add_10/add,2,15.36,7.68,15.36,7.68,0.00023561416382887864,0.960261569763721,0.0,0.0
403,Device,AddV2,model/add_11/add,2,15.36,7.68,15.36,7.68,0.00023561416382887864,0.9604971839275499,0.0,0.0
404,Device,AddV2,model/add_7/add,2,15.36,7.68,15.36,7.68,0.00023561416382887864,0.9607327980913788,0.0,0.0
405,Device,AddV2,model/add_8/add,2,15.36,7.68,15.36,7.68,0.00023561416382887864,0.9609684122552077,0.0,0.0
406,Device,BiasAdd,model/conv2d_18/BiasAdd,2,15.36,7.68,15.36,7.68,0.00023561416382887864,0.9612040264190366,0.0,0.0
407,Device,Sum,conv2d_1/kernel/Regularizer/Sum,2,14.336,7.168,14.336,7.168,0.00021990655290695342,0.9614239329719435,0.0,0.0
408,Device,Sum,conv2d_18/kernel/Regularizer/Sum,2,14.336,7.168,14.336,7.168,0.00021990655290695342,0.9616438395248504,0.0,0.0
409,Device,Sum,conv2d_4/kernel/Regularizer/Sum,2,14.336,7.168,14.336,7.168,0.00021990655290695342,0.9618637460777574,0.0,0.0
410,Device,Sum,conv2d_7/kernel/Regularizer/Sum,2,14.336,7.168,14.336,7.168,0.00021990655290695342,0.9620836526306643,0.0,0.0
411,Device,Mul,gradient_tape/conv2d_16/kernel/Regularizer/Mul,2,14.336,7.168,14.336,7.168,0.00021990655290695342,0.9623035591835712,0.0,0.0
412,Device,MatMul,gradient_tape/model/dense/MatMul/MatMul,2,14.336,7.168,14.336,7.168,0.00021990655290695342,0.9625234657364782,0.0,0.0
413,Device,Relu,model/activation_9/Relu,2,14.336,7.168,14.336,7.168,0.00021990655290695342,0.9627433722893851,0.0,0.0
414,Device,Sum,conv2d_6/kernel/Regularizer/Sum,2,13.313,6.6565,13.313,6.6565,0.00020421428144881912,0.9629475865708339,0.0,0.0
415,Device,ResourceApplyGradientDescent,SGD/SGD/update_34/ResourceApplyGradientDescent,2,13.312,6.656,13.312,6.656,0.00020419894198502817,0.9631517855128189,0.0,0.0
416,Device,ResourceApplyGradientDescent,SGD/SGD/update_38/ResourceApplyGradientDescent,2,13.312,6.656,13.312,6.656,0.00020419894198502817,0.9633559844548039,0.0,0.0
417,Device,ResourceApplyGradientDescent,SGD/SGD/update_42/ResourceApplyGradientDescent,2,13.312,6.656,13.312,6.656,0.00020419894198502817,0.9635601833967888,0.0,0.0
418,Device,AddN,SGD/gradients/AddN_27,2,13.312,6.656,13.312,6.656,0.00020419894198502817,0.9637643823387738,0.0,0.0
419,Device,AddN,SGD/gradients/AddN_46,2,13.312,6.656,13.312,6.656,0.00020419894198502817,0.9639685812807588,0.0,0.0
420,Device,Sum,conv2d/kernel/Regularizer/Sum,2,13.312,6.656,13.312,6.656,0.00020419894198502817,0.9641727802227438,0.0,0.0
421,Device,Square,conv2d_16/kernel/Regularizer/Square,2,13.312,6.656,13.312,6.656,0.00020419894198502817,0.9643769791647288,0.0,0.0
422,Device,Sum,conv2d_2/kernel/Regularizer/Sum,2,13.312,6.656,13.312,6.656,0.00020419894198502817,0.9645811781067137,0.0,0.0
423,Device,Sum,conv2d_3/kernel/Regularizer/Sum,2,13.312,6.656,13.312,6.656,0.00020419894198502817,0.9647853770486987,0.0,0.0
424,Device,Sum,conv2d_5/kernel/Regularizer/Sum,2,13.312,6.656,13.312,6.656,0.00020419894198502817,0.9649895759906837,0.0,0.0
425,Device,Sum,conv2d_9/kernel/Regularizer/Sum,2,13.312,6.656,13.312,6.656,0.00020419894198502817,0.9651937749326687,0.0,0.0
426,Device,Tile,gradient_tape/conv2d_1/kernel/Regularizer/Tile,2,13.312,6.656,13.312,6.656,0.00020419894198502817,0.9653979738746536,0.0,0.0
427,Device,Relu,model/activation_10/Relu,2,13.312,6.656,13.312,6.656,0.00020419894198502817,0.9656021728166386,0.0,0.0
428,Device,Relu,model/activation_12/Relu,2,13.312,6.656,13.312,6.656,0.00020419894198502817,0.9658063717586236,0.0,0.0
429,Device,Relu,model/activation_8/Relu,2,13.312,6.656,13.312,6.656,0.00020419894198502817,0.9660105707006086,0.0,0.0
430,Device,ResourceApplyGradientDescent,SGD/SGD/update_116/ResourceApplyGradientDescent,2,12.288,6.144,12.288,6.144,0.00018849133106310293,0.9661990620316717,0.0,0.0
431,Device,ResourceApplyGradientDescent,SGD/SGD/update_46/ResourceApplyGradientDescent,2,12.288,6.144,12.288,6.144,0.00018849133106310293,0.9663875533627349,0.0,0.0
432,Device,ResourceApplyGradientDescent,SGD/SGD/update_50/ResourceApplyGradientDescent,2,12.288,6.144,12.288,6.144,0.00018849133106310293,0.966576044693798,0.0,0.0
433,Device,ResourceApplyGradientDescent,SGD/SGD/update_54/ResourceApplyGradientDescent,2,12.288,6.144,12.288,6.144,0.00018849133106310293,0.9667645360248611,0.0,0.0
434,Device,ResourceApplyGradientDescent,SGD/SGD/update_58/ResourceApplyGradientDescent,2,12.288,6.144,12.288,6.144,0.00018849133106310293,0.9669530273559243,0.0,0.0
435,Device,AddN,SGD/gradients/AddN_26,2,12.288,6.144,12.288,6.144,0.00018849133106310293,0.9671415186869874,0.0,0.0
436,Device,AddN,SGD/gradients/AddN_28,2,12.288,6.144,12.288,6.144,0.00018849133106310293,0.9673300100180505,0.0,0.0
437,Device,AddN,SGD/gradients/AddN_29,2,12.288,6.144,12.288,6.144,0.00018849133106310293,0.9675185013491137,0.0,0.0
438,Device,AddN,SGD/gradients/AddN_30,2,12.288,6.144,12.288,6.144,0.00018849133106310293,0.9677069926801768,0.0,0.0
439,Device,AddN,SGD/gradients/AddN_31,2,12.288,6.144,12.288,6.144,0.00018849133106310293,0.9678954840112399,0.0,0.0
440,Device,Mul,gradient_tape/conv2d_10/kernel/Regularizer/Mul_1,2,12.288,6.144,12.288,6.144,0.00018849133106310293,0.9680839753423031,0.0,0.0
441,Device,Tile,gradient_tape/conv2d_18/kernel/Regularizer/Tile,2,12.288,6.144,12.288,6.144,0.00018849133106310293,0.9682724666733662,0.0,0.0
442,Device,Tile,gradient_tape/conv2d_31/kernel/Regularizer/Tile,2,12.288,6.144,12.288,6.144,0.00018849133106310293,0.9684609580044293,0.0,0.0
443,Device,Tile,gradient_tape/conv2d_8/kernel/Regularizer/Tile,2,12.288,6.144,12.288,6.144,0.00018849133106310293,0.9686494493354925,0.0,0.0
444,Device,Relu,model/activation_11/Relu,2,12.288,6.144,12.288,6.144,0.00018849133106310293,0.9688379406665556,0.0,0.0
445,Device,Relu,model/activation_13/Relu,2,12.288,6.144,12.288,6.144,0.00018849133106310293,0.9690264319976187,0.0,0.0
446,Device,Relu,model/activation_26/Relu,2,12.288,6.144,12.288,6.144,0.00018849133106310293,0.9692149233286819,0.0,0.0
447,Device,Relu,model/activation_7/Relu,2,12.288,6.144,12.288,6.144,0.00018849133106310293,0.969403414659745,0.0,0.0
448,Device,BiasAdd,model/conv2d_20/BiasAdd,2,12.288,6.144,12.288,6.144,0.00018849133106310293,0.9695919059908081,0.0,0.0
449,Device,AddN,SGD/gradients/AddN_1,2,11.264,5.632,11.264,5.632,0.00017278372014117768,0.9697646897109493,0.0,0.0
450,Device,AddN,SGD/gradients/AddN_25,2,11.264,5.632,11.264,5.632,0.00017278372014117768,0.9699374734310905,0.0,0.0
451,Device,Tile,gradient_tape/conv2d_7/kernel/Regularizer/Tile,2,11.264,5.632,11.264,5.632,0.00017278372014117768,0.9701102571512317,0.0,0.0
452,Device,MatMul,gradient_tape/model/dense/MatMul/MatMul_1,2,11.264,5.632,11.264,5.632,0.00017278372014117768,0.9702830408713728,0.0,0.0
453,Device,BiasAdd,model/conv2d_16/BiasAdd,2,11.264,5.632,11.264,5.632,0.00017278372014117768,0.970455824591514,0.0,0.0
454,Device,BiasAdd,model/conv2d_21/BiasAdd,2,11.264,5.632,11.264,5.632,0.00017278372014117768,0.9706286083116552,0.0,0.0
455,Device,BiasAdd,model/conv2d_22/BiasAdd,2,11.264,5.632,11.264,5.632,0.00017278372014117768,0.9708013920317964,0.0,0.0
456,Device,BiasAdd,model/conv2d_23/BiasAdd,2,11.264,5.632,11.264,5.632,0.00017278372014117768,0.9709741757519376,0.0,0.0
457,Device,BiasAdd,model/conv2d_26/BiasAdd,2,11.264,5.632,11.264,5.632,0.00017278372014117768,0.9711469594720787,0.0,0.0
458,Device,AddN,SGD/gradients/AddN_23,2,10.241,5.1205,10.241,5.1205,0.00015709144868304337,0.9713040509207618,0.0,0.0
459,Device,Mul,gradient_tape/conv2d_14/kernel/Regularizer/Mul_1,2,10.241,5.1205,10.241,5.1205,0.00015709144868304337,0.9714611423694448,0.0,0.0
460,Device,ResourceApplyGradientDescent,SGD/SGD/update_28/ResourceApplyGradientDescent,2,10.24,5.12,10.24,5.12,0.00015707610921925243,0.971618218478664,0.0,0.0
461,Device,ResourceApplyGradientDescent,SGD/SGD/update_4/ResourceApplyGradientDescent,2,10.24,5.12,10.24,5.12,0.00015707610921925243,0.9717752945878833,0.0,0.0
462,Device,AddN,SGD/gradients/AddN,2,10.24,5.12,10.24,5.12,0.00015707610921925243,0.9719323706971025,0.0,0.0
463,Device,Square,conv2d_10/kernel/Regularizer/Square,2,10.24,5.12,10.24,5.12,0.00015707610921925243,0.9720894468063217,0.0,0.0
464,Device,Square,conv2d_11/kernel/Regularizer/Square,2,10.24,5.12,10.24,5.12,0.00015707610921925243,0.9722465229155409,0.0,0.0
465,Device,Square,conv2d_13/kernel/Regularizer/Square,2,10.24,5.12,10.24,5.12,0.00015707610921925243,0.9724035990247601,0.0,0.0
466,Device,Square,conv2d_15/kernel/Regularizer/Square,2,10.24,5.12,10.24,5.12,0.00015707610921925243,0.9725606751339794,0.0,0.0
467,Device,Square,conv2d_31/kernel/Regularizer/Square,2,10.24,5.12,10.24,5.12,0.00015707610921925243,0.9727177512431986,0.0,0.0
468,Device,Square,conv2d_8/kernel/Regularizer/Square,2,10.24,5.12,10.24,5.12,0.00015707610921925243,0.9728748273524178,0.0,0.0
469,Device,Mul,gradient_tape/conv2d_10/kernel/Regularizer/Mul,2,10.24,5.12,10.24,5.12,0.00015707610921925243,0.973031903461637,0.0,0.0
470,Device,Mul,gradient_tape/conv2d_11/kernel/Regularizer/Mul_1,2,10.24,5.12,10.24,5.12,0.00015707610921925243,0.9731889795708563,0.0,0.0
471,Device,Mul,gradient_tape/conv2d_12/kernel/Regularizer/Mul_1,2,10.24,5.12,10.24,5.12,0.00015707610921925243,0.9733460556800755,0.0,0.0
472,Device,Mul,gradient_tape/conv2d_15/kernel/Regularizer/Mul_1,2,10.24,5.12,10.24,5.12,0.00015707610921925243,0.9735031317892947,0.0,0.0
473,Device,Mul,gradient_tape/conv2d_31/kernel/Regularizer/Mul_1,2,10.24,5.12,10.24,5.12,0.00015707610921925243,0.9736602078985139,0.0,0.0
474,Device,Mul,gradient_tape/conv2d_8/kernel/Regularizer/Mul,2,10.24,5.12,10.24,5.12,0.00015707610921925243,0.9738172840077332,0.0,0.0
475,Device,Mul,gradient_tape/conv2d_8/kernel/Regularizer/Mul_1,2,10.24,5.12,10.24,5.12,0.00015707610921925243,0.9739743601169524,0.0,0.0
476,Device,Relu,model/activation_19/Relu,2,10.24,5.12,10.24,5.12,0.00015707610921925243,0.9741314362261716,0.0,0.0
477,Device,Relu,model/activation_24/Relu,2,10.24,5.12,10.24,5.12,0.00015707610921925243,0.9742885123353908,0.0,0.0
478,Device,AddV2,model/add_13/add,2,10.24,5.12,10.24,5.12,0.00015707610921925243,0.97444558844461,0.0,0.0
479,Device,BiasAdd,model/conv2d_17/BiasAdd,2,10.24,5.12,10.24,5.12,0.00015707610921925243,0.9746026645538293,0.0,0.0
480,Device,BiasAdd,model/conv2d_19/BiasAdd,2,10.24,5.12,10.24,5.12,0.00015707610921925243,0.9747597406630485,0.0,0.0
481,Device,BiasAdd,model/conv2d_24/BiasAdd,2,10.24,5.12,10.24,5.12,0.00015707610921925243,0.9749168167722677,0.0,0.0
482,Device,BiasAdd,model/conv2d_25/BiasAdd,2,10.24,5.12,10.24,5.12,0.00015707610921925243,0.9750738928814869,0.0,0.0
483,Device,BiasAdd,model/conv2d_27/BiasAdd,2,10.24,5.12,10.24,5.12,0.00015707610921925243,0.9752309689907062,0.0,0.0
484,Device,BiasAdd,model/conv2d_28/BiasAdd,2,10.24,5.12,10.24,5.12,0.00015707610921925243,0.9753880450999254,0.0,0.0
485,Device,_Recv,strided_slice/_12,2,10.112,5.056,10.112,5.056,0.00015511265785401177,0.9755431577577794,0.0,0.0
486,Device,ResourceApplyGradientDescent,SGD/SGD/update_16/ResourceApplyGradientDescent,2,9.216,4.608,9.216,4.608,0.00014136849829732718,0.9756845262560768,0.0,0.0
487,Device,Square,conv2d_12/kernel/Regularizer/Square,2,9.216,4.608,9.216,4.608,0.00014136849829732718,0.9758258947543742,0.0,0.0
488,Device,Square,conv2d_14/kernel/Regularizer/Square,2,9.216,4.608,9.216,4.608,0.00014136849829732718,0.9759672632526716,0.0,0.0
489,Device,Mul,gradient_tape/conv2d_11/kernel/Regularizer/Mul,2,9.216,4.608,9.216,4.608,0.00014136849829732718,0.976108631750969,0.0,0.0
490,Device,Mul,gradient_tape/conv2d_12/kernel/Regularizer/Mul,2,9.216,4.608,9.216,4.608,0.00014136849829732718,0.9762500002492663,0.0,0.0
491,Device,Mul,gradient_tape/conv2d_13/kernel/Regularizer/Mul,2,9.216,4.608,9.216,4.608,0.00014136849829732718,0.9763913687475637,0.0,0.0
492,Device,Mul,gradient_tape/conv2d_13/kernel/Regularizer/Mul_1,2,9.216,4.608,9.216,4.608,0.00014136849829732718,0.9765327372458611,0.0,0.0
493,Device,Mul,gradient_tape/conv2d_14/kernel/Regularizer/Mul,2,9.216,4.608,9.216,4.608,0.00014136849829732718,0.9766741057441585,0.0,0.0
494,Device,Mul,gradient_tape/conv2d_15/kernel/Regularizer/Mul,2,9.216,4.608,9.216,4.608,0.00014136849829732718,0.9768154742424559,0.0,0.0
495,Device,Mul,gradient_tape/conv2d_31/kernel/Regularizer/Mul,2,9.216,4.608,9.216,4.608,0.00014136849829732718,0.9769568427407532,0.0,0.0
496,Device,Relu,model/activation_17/Relu,2,9.216,4.608,9.216,4.608,0.00014136849829732718,0.9770982112390506,0.0,0.0
497,Device,Relu,model/activation_18/Relu,2,9.216,4.608,9.216,4.608,0.00014136849829732718,0.977239579737348,0.0,0.0
498,Device,Relu,model/activation_20/Relu,2,9.216,4.608,9.216,4.608,0.00014136849829732718,0.9773809482356454,0.0,0.0
499,Device,Relu,model/activation_21/Relu,2,9.216,4.608,9.216,4.608,0.00014136849829732718,0.9775223167339427,0.0,0.0
500,Device,Relu,model/activation_22/Relu,2,9.216,4.608,9.216,4.608,0.00014136849829732718,0.9776636852322401,0.0,0.0
501,Host,IDLE,IDLE,0,169106.023,0.0,169106.023,0.0,0.0,0.0,0.9899810171607769,0.9899810171607769
502,Host,GatherV2,GatherV2,2,1302.231,651.1155,1302.231,651.1155,0.0,0.0,0.007623524857883364,0.9976045420186602
503,Host,Dataset,Iterator::Root::ParallelMapV2,2,63.482,31.741,63.482,31.741,0.0,0.0,0.0003716365261064678,0.9979761785447667
504,Host,LogicalAnd,LogicalAnd,1,51.701,51.701,51.701,51.701,0.0,0.0,0.00030266815847374836,0.9982788467032405
505,Host,Dataset,Iterator::Root::ParallelMapV2::Zip[1]::ForeverRepeat,2,53.501,26.7505,49.671,24.8355,0.0,0.0,0.00029078412602366594,0.9985696308292642
506,Host,IteratorGetNext,IteratorGetNext,2,46.641,23.3205,46.641,23.3205,0.0,0.0,0.0002730458903962031,0.9988426767196604
507,Host,Dataset,Iterator::Root,2,101.562,50.781,38.08,19.04,0.0,0.0,0.00022292805699464878,0.9990656047766551
508,Host,FlushSummaryWriter,FlushSummaryWriter,1,38.0,38.0,38.0,38.0,0.0,0.0,0.00022245972074045836,0.9992880644973955
509,Host,GatherV2,GatherV2_1,2,29.65,14.825,29.65,14.825,0.0,0.0,0.0001735771242093313,0.9994616416216048
510,Host,Dataset,Iterator::Root::ParallelMapV2::Zip[0]::FlatMap[1]::Concatenate[0]::TensorSlice,2,23.42,11.71,23.42,11.71,0.0,0.0,0.00013710543841425092,0.999598747060019
511,Host,WriteSummary,WriteSummary,1,20.97,20.97,20.97,20.97,0.0,0.0,0.00012276264062966873,0.9997215097006488
512,Host,Dataset,Iterator::Root::ParallelMapV2::Zip[0]::FlatMap[1]::Concatenate,2,41.291,20.6455,17.871,8.9355,0.0,0.0,0.0001046204649829666,0.9998261301656317
513,Host,Dataset,Iterator::Root::ParallelMapV2::Zip,2,111.072,55.536,11.29,5.645,0.0,0.0,6.609395387262564e-05,0.9998922241195043
514,Host,ReadVariableOp,ReadVariableOp,1,6.79,6.79,6.79,6.79,0.0,0.0,3.975003957441348e-05,0.9999319741590788
515,Host,Dataset,Iterator::Root::ParallelMapV2::Zip[0]::FlatMap,2,46.281,23.1405,4.99,2.495,0.0,0.0,2.9212473855128612e-05,0.9999611866329339
516,Host,Dataset,Iterator::Root::ParallelMapV2::Zip[1]::ForeverRepeat::FromTensor,4,3.83,0.9575,3.83,0.9575,0.0,0.0,2.242159816936725e-05,0.9999836082311032
517,Host,Identity,Identity,2,2.8,1.4,2.8,1.4,0.0,0.0,1.639176889666535e-05,0.9999999999999999
