Rank,Host/device,Type,Operation,#Occurrences,Total time (us),Avg. time (us),Total self-time (us),Avg. self-time (us),Total self-time on Device (%),Cumulative total-self time on Device (%),Total self-time on Host (%),Cumulative total-self time on Host (%)
1,Device,IDLE,IDLE,0,8209.36,0.0,8209.36,0.0,0.07156981357922954,0.07156981357922954,0.0,0.0
2,Device,Conv2DBackpropFilter,gradient_tape/sequential/conv2d_1/Conv2D/Conv2DBackpropFilter,2,5337.117,2668.5585,5337.117,2668.5585,0.04652938459764669,0.11809919817687622,0.0,0.0
3,Device,Conv2DBackpropFilter,gradient_tape/sequential/conv2d_3/Conv2D/Conv2DBackpropFilter,2,3926.038,1963.019,3926.038,1963.019,0.03422749249210306,0.15232669066897928,0.0,0.0
4,Device,_FusedConv2D,sequential/conv2d_1/Relu,2,3429.394,1714.697,3429.394,1714.697,0.029897713009263603,0.18222440367824289,0.0,0.0
5,Device,Conv2DBackpropInput,gradient_tape/sequential/conv2d_1/Conv2D/Conv2DBackpropInput,2,3378.194,1689.097,3378.194,1689.097,0.029451347585496522,0.21167575126373941,0.0,0.0
6,Device,Conv2DBackpropFilter,gradient_tape/sequential/conv2d_2/Conv2D/Conv2DBackpropFilter,2,2743.31,1371.655,2743.31,1371.655,0.023916381458485944,0.23559213272222534,0.0,0.0
7,Device,_FusedConv2D,sequential/conv2d_3/Relu,2,2555.918,1277.959,2555.918,1277.959,0.022282684007498416,0.2578748167297238,0.0,0.0
8,Device,Conv2DBackpropInput,gradient_tape/sequential/conv2d_3/Conv2D/Conv2DBackpropInput,2,2541.58,1270.79,2541.58,1270.79,0.022157684252694265,0.28003250098241805,0.0,0.0
9,Device,MaxPoolGrad,gradient_tape/sequential/max_pooling2d/MaxPool/MaxPoolGrad,2,2242.572,1121.286,2242.572,1121.286,0.019550910177894492,0.29958341116031256,0.0,0.0
10,Device,Conv2DBackpropFilter,gradient_tape/sequential/conv2d_10/Conv2D/Conv2DBackpropFilter,2,2179.083,1089.5415,2179.083,1089.5415,0.018997408334348626,0.3185808194946612,0.0,0.0
11,Device,Conv2DBackpropFilter,gradient_tape/sequential/conv2d_9/Conv2D/Conv2DBackpropFilter,2,2179.083,1089.5415,2179.083,1089.5415,0.018997408334348626,0.3375782278290098,0.0,0.0
12,Device,Conv2DBackpropFilter,gradient_tape/sequential/conv2d_11/Conv2D/Conv2DBackpropFilter,2,2172.938,1086.469,2172.938,1086.469,0.01894383576542189,0.3565220635944317,0.0,0.0
13,Device,_FusedConv2D,sequential/conv2d_5/Relu,2,2105.356,1052.678,2105.356,1052.678,0.018354650842198707,0.37487671443663045,0.0,0.0
14,Device,_FusedConv2D,sequential/conv2d_7/Relu,2,2105.355,1052.6775,2105.355,1052.6775,0.018354642124124024,0.3932313565607545,0.0,0.0
15,Device,_FusedConv2D,sequential/conv2d_6/Relu,2,2099.211,1049.6055,2099.211,1049.6055,0.018301078273271973,0.41153243483402646,0.0,0.0
16,Device,Conv2DBackpropInput,gradient_tape/sequential/conv2d_6/Conv2D/Conv2DBackpropInput,2,2084.876,1042.438,2084.876,1042.438,0.018176104672691873,0.42970853950671833,0.0,0.0
17,Device,Conv2DBackpropInput,gradient_tape/sequential/conv2d_5/Conv2D/Conv2DBackpropInput,2,2081.803,1040.9015,2081.803,1040.9015,0.018149314029191163,0.4478578535359095,0.0,0.0
18,Device,Conv2DBackpropInput,gradient_tape/sequential/conv2d_7/Conv2D/Conv2DBackpropInput,2,2080.779,1040.3895,2080.779,1040.3895,0.018140386720715822,0.46599824025662534,0.0,0.0
19,Device,Conv2DBackpropFilter,gradient_tape/sequential/conv2d_6/Conv2D/Conv2DBackpropFilter,2,2065.42,1032.71,2065.42,1032.71,0.01800648581166038,0.4840047260682857,0.0,0.0
20,Device,Conv2DBackpropFilter,gradient_tape/sequential/conv2d_5/Conv2D/Conv2DBackpropFilter,2,2063.372,1031.686,2063.372,1031.686,0.017988631194709694,0.5019933572629954,0.0,0.0
21,Device,Conv2DBackpropFilter,gradient_tape/sequential/conv2d_7/Conv2D/Conv2DBackpropFilter,2,2059.275,1029.6375,2059.275,1029.6375,0.017952913242733647,0.5199462705057291,0.0,0.0
22,Device,_FusedConv2D,sequential/conv2d_11/Relu,2,1852.426,926.213,1852.426,926.213,0.016149588212639943,0.536095858718369,0.0,0.0
23,Device,_FusedConv2D,sequential/conv2d_9/Relu,2,1852.426,926.213,1852.426,926.213,0.016149588212639943,0.5522454469310089,0.0,0.0
24,Device,_FusedConv2D,sequential/conv2d_10/Relu,2,1848.33,924.165,1848.33,924.165,0.016113878978738574,0.5683593259097475,0.0,0.0
25,Device,Conv2DBackpropInput,gradient_tape/sequential/conv2d_11/Conv2D/Conv2DBackpropInput,2,1810.441,905.2205,1810.441,905.2205,0.015783559847076252,0.5841428857568237,0.0,0.0
26,Device,Conv2DBackpropInput,gradient_tape/sequential/conv2d_9/Conv2D/Conv2DBackpropInput,2,1810.441,905.2205,1810.441,905.2205,0.015783559847076252,0.5999264456039,0.0,0.0
27,Device,Conv2DBackpropInput,gradient_tape/sequential/conv2d_10/Conv2D/Conv2DBackpropInput,2,1809.418,904.709,1809.418,904.709,0.015774641256675593,0.6157010868605756,0.0,0.0
28,Device,ReluGrad,gradient_tape/sequential/conv2d/ReluGrad,2,1753.098,876.549,1753.098,876.549,0.0152836392905318,0.6309847261511073,0.0,0.0
29,Device,ReluGrad,gradient_tape/sequential/conv2d_1/ReluGrad,2,1752.073,876.0365,1752.073,876.0365,0.015274703263981776,0.6462594294150891,0.0,0.0
30,Device,ResourceApplyGradientDescent,SGD/SGD/update_32/ResourceApplyGradientDescent,2,1684.49,842.245,1684.49,842.245,0.014685509622683907,0.660944939037773,0.0,0.0
31,Device,Conv2DBackpropFilter,gradient_tape/sequential/conv2d/Conv2D/Conv2DBackpropFilter,2,1573.896,786.948,1573.896,786.948,0.013721342871197638,0.6746662819089706,0.0,0.0
32,Device,_FusedConv2D,sequential/conv2d_2/Relu,2,1484.808,742.404,1484.808,742.404,0.012944667033842911,0.6876109489428135,0.0,0.0
33,Device,Conv2DBackpropInput,gradient_tape/sequential/conv2d_2/Conv2D/Conv2DBackpropInput,2,1410.056,705.028,1410.056,705.028,0.012292973515142969,0.6999039224579564,0.0,0.0
34,Device,Conv2DBackpropFilter,gradient_tape/sequential/conv2d_4/Conv2D/Conv2DBackpropFilter,2,1324.038,662.019,1324.038,662.019,0.0115430621670649,0.7114469846250213,0.0,0.0
35,Device,_FusedConv2D,sequential/conv2d_4/Relu,2,1253.382,626.691,1253.382,626.691,0.010927077882266325,0.7223740625072876,0.0,0.0
36,Device,Conv2DBackpropInput,gradient_tape/sequential/conv2d_4/Conv2D/Conv2DBackpropInput,2,1205.254,602.627,1205.254,602.627,0.010507494383925264,0.7328815568912129,0.0,0.0
37,Device,Conv2DBackpropFilter,gradient_tape/sequential/conv2d_12/Conv2D/Conv2DBackpropFilter,2,1169.414,584.707,1169.414,584.707,0.010195038587288305,0.7430765954785012,0.0,0.0
38,Device,Conv2DBackpropFilter,gradient_tape/sequential/conv2d_14/Conv2D/Conv2DBackpropFilter,2,1161.222,580.611,1161.222,580.611,0.010123620119485572,0.7532002155979868,0.0,0.0
39,Device,Conv2DBackpropFilter,gradient_tape/sequential/conv2d_13/Conv2D/Conv2DBackpropFilter,2,1157.126,578.563,1157.126,578.563,0.010087910885584205,0.763288126483571,0.0,0.0
40,Device,Conv2DBackpropFilter,gradient_tape/sequential/conv2d_15/Conv2D/Conv2DBackpropFilter,2,1155.078,577.539,1155.078,577.539,0.010070056268633523,0.7733581827522046,0.0,0.0
41,Device,_FusedConv2D,sequential/conv2d_8/Relu,2,1087.493,543.7465,1087.493,543.7465,0.009480845191186287,0.7828390279433909,0.0,0.0
42,Device,Conv2DBackpropFilter,gradient_tape/sequential/conv2d_8/Conv2D/Conv2DBackpropFilter,2,1062.918,531.459,1062.918,531.459,0.009266598505852769,0.7921056264492436,0.0,0.0
43,Device,_Recv,IteratorGetNext/_2,2,1050.021,525.0105,1050.021,525.0105,0.009154161496666752,0.8012597879459104,0.0,0.0
44,Device,Conv2DBackpropInput,gradient_tape/sequential/conv2d_8/Conv2D/Conv2DBackpropInput,2,1036.293,518.1465,1036.293,518.1465,0.009034479767419203,0.8102942677133296,0.0,0.0
45,Device,ReluGrad,gradient_tape/sequential/conv2d_3/ReluGrad,2,879.622,439.811,879.622,439.811,0.007668610288766607,0.8179628780020962,0.0,0.0
46,Device,ReluGrad,gradient_tape/sequential/conv2d_2/ReluGrad,2,860.164,430.082,860.164,430.082,0.00749897399158575,0.8254618519936819,0.0,0.0
47,Device,ResourceApplyGradientDescent,SGD/SGD/update_34/ResourceApplyGradientDescent,2,839.685,419.8425,839.685,419.8425,0.0073204365401535985,0.8327822885338355,0.0,0.0
48,Device,_FusedConv2D,sequential/conv2d_14/Relu,2,734.212,367.106,734.212,367.106,0.006400915049118722,0.8391832035829543,0.0,0.0
49,Device,_FusedConv2D,sequential/conv2d_12/Relu,2,733.188,366.594,733.188,366.594,0.00639198774064338,0.8455751913235977,0.0,0.0
50,Device,_FusedConv2D,sequential/conv2d_13/Relu,2,733.188,366.594,733.188,366.594,0.00639198774064338,0.8519671790642411,0.0,0.0
51,Device,_FusedConv2D,sequential/conv2d_15/Relu,2,732.164,366.082,732.164,366.082,0.006383060432168039,0.8583502394964092,0.0,0.0
52,Device,Conv2DBackpropInput,gradient_tape/sequential/conv2d_13/Conv2D/Conv2DBackpropInput,2,702.467,351.2335,702.467,351.2335,0.006124159768308447,0.8644743992647177,0.0,0.0
53,Device,_FusedConv2D,sequential/conv2d/Relu,2,701.443,350.7215,701.443,350.7215,0.006115232459833105,0.8705896317245508,0.0,0.0
54,Device,Conv2DBackpropInput,gradient_tape/sequential/conv2d_12/Conv2D/Conv2DBackpropInput,2,701.442,350.721,701.442,350.721,0.006115223741758422,0.8767048554663093,0.0,0.0
55,Device,Conv2DBackpropInput,gradient_tape/sequential/conv2d_14/Conv2D/Conv2DBackpropInput,2,700.42,350.21,700.42,350.21,0.0061063138694324465,0.8828111693357418,0.0,0.0
56,Device,Conv2DBackpropInput,gradient_tape/sequential/conv2d_15/Conv2D/Conv2DBackpropInput,2,699.395,349.6975,699.395,349.6975,0.006097377842882422,0.8889085471786242,0.0,0.0
57,Device,MaxPool,sequential/max_pooling2d/MaxPool,2,677.891,338.9455,677.891,338.9455,0.005909904364900246,0.8948184515435245,0.0,0.0
58,Device,MaxPoolGrad,gradient_tape/sequential/max_pooling2d_1/MaxPool/MaxPoolGrad,2,655.364,327.682,655.364,327.682,0.005713512296517413,0.9005319638400419,0.0,0.0
59,Device,MatMul,gradient_tape/sequential/dense/MatMul/MatMul,2,641.027,320.5135,641.027,320.5135,0.005588521259787946,0.9061204850998298,0.0,0.0
60,Device,MatMul,gradient_tape/sequential/dense/MatMul/MatMul_1,2,626.691,313.3455,626.691,313.3455,0.005463538941133162,0.911584024040963,0.0,0.0
61,Device,MatMul,sequential/dense/MatMul,2,580.61,290.305,580.61,290.305,0.005061801341668103,0.9166458253826311,0.0,0.0
62,Device,BiasAddGrad,gradient_tape/sequential/conv2d_1/BiasAdd/BiasAddGrad,2,535.554,267.777,535.554,267.777,0.004668999768753068,0.9213148251513841,0.0,0.0
63,Device,BiasAddGrad,gradient_tape/sequential/conv2d/BiasAdd/BiasAddGrad,2,533.507,266.7535,533.507,266.7535,0.004651153869877068,0.9259659790212611,0.0,0.0
64,Device,ReluGrad,gradient_tape/sequential/conv2d_7/ReluGrad,2,435.203,217.6015,435.203,217.6015,0.0037941322562442662,0.9297601112775054,0.0,0.0
65,Device,ReluGrad,gradient_tape/sequential/conv2d_6/ReluGrad,2,433.154,216.577,433.154,216.577,0.0037762689212189,0.9335363801987242,0.0,0.0
66,Device,ReluGrad,gradient_tape/sequential/conv2d_4/ReluGrad,2,431.106,215.553,431.106,215.553,0.0037584143042682164,0.9372947945029925,0.0,0.0
67,Device,ReluGrad,gradient_tape/sequential/conv2d_5/ReluGrad,2,430.082,215.041,430.082,215.041,0.003749486995792875,0.9410442814987854,0.0,0.0
68,Device,MatMul,gradient_tape/sequential/dense_1/MatMul/MatMul,2,334.85,167.425,334.85,167.425,0.0029192473075860983,0.9439635288063715,0.0,0.0
69,Device,MaxPool,sequential/max_pooling2d_1/MaxPool,2,334.85,167.425,334.85,167.425,0.0029192473075860983,0.9468827761139575,0.0,0.0
70,Device,MaxPoolGrad,gradient_tape/sequential/max_pooling2d_2/MaxPool/MaxPoolGrad,2,322.561,161.2805,322.561,161.2805,0.0028121108878073147,0.9496948870017649,0.0,0.0
71,Device,MatMul,gradient_tape/sequential/dense_1/MatMul/MatMul_1,2,315.393,157.6965,315.393,157.6965,0.0027496197284799227,0.9524445067302447,0.0,0.0
72,Device,MatMul,sequential/dense_1/MatMul,2,305.153,152.5765,305.153,152.5765,0.002660346643726506,0.9551048533739712,0.0,0.0
73,Device,BiasAddGrad,gradient_tape/sequential/conv2d_3/BiasAdd/BiasAddGrad,2,288.77,144.385,288.77,144.385,0.0025175184261957218,0.957622371800167,0.0,0.0
74,Device,BiasAddGrad,gradient_tape/sequential/conv2d_2/BiasAdd/BiasAddGrad,2,275.458,137.729,275.458,137.729,0.0024014634160162804,0.9600238352161833,0.0,0.0
75,Device,ReluGrad,gradient_tape/sequential/conv2d_10/ReluGrad,2,218.113,109.0565,218.113,109.0565,0.0019015254233224624,0.9619253606395057,0.0,0.0
76,Device,ReluGrad,gradient_tape/sequential/conv2d_8/ReluGrad,2,217.088,108.544,217.088,108.544,0.001892589396772438,0.9638179500362781,0.0,0.0
77,Device,ReluGrad,gradient_tape/sequential/conv2d_9/ReluGrad,2,215.041,107.5205,215.041,107.5205,0.0018747434978964375,0.9656926935341745,0.0,0.0
78,Device,ReluGrad,gradient_tape/sequential/conv2d_11/ReluGrad,2,209.922,104.961,209.922,104.961,0.001830115673594412,0.9675228092077689,0.0,0.0
79,Device,BiasAddGrad,gradient_tape/sequential/conv2d_4/BiasAdd/BiasAddGrad,2,181.25,90.625,181.25,90.625,0.0015801510362848446,0.9691029602440537,0.0,0.0
80,Device,BiasAddGrad,gradient_tape/sequential/conv2d_7/BiasAdd/BiasAddGrad,2,180.225,90.1125,180.225,90.1125,0.00157121500973482,0.9706741752537885,0.0,0.0
81,Device,BiasAddGrad,gradient_tape/sequential/conv2d_5/BiasAdd/BiasAddGrad,2,180.224,90.112,180.224,90.112,0.001571206291660137,0.9722453815454487,0.0,0.0
82,Device,BiasAddGrad,gradient_tape/sequential/conv2d_6/BiasAdd/BiasAddGrad,2,179.2,89.6,179.2,89.6,0.0015622789831847954,0.9738076605286335,0.0,0.0
83,Device,MaxPool,sequential/max_pooling2d_2/MaxPool,2,177.154,88.577,177.154,88.577,0.001544441802383478,0.975352102331017,0.0,0.0
84,Device,MaxPoolGrad,gradient_tape/sequential/max_pooling2d_3/MaxPool/MaxPoolGrad,2,163.84,81.92,163.84,81.92,0.0014283693560546702,0.9767804716870716,0.0,0.0
85,Device,ResourceApplyGradientDescent,SGD/SGD/update_20/ResourceApplyGradientDescent,2,126.977,63.4885,126.977,63.4885,0.0011069949690170524,0.9778874666560886,0.0,0.0
86,Device,ResourceApplyGradientDescent,SGD/SGD/update_18/ResourceApplyGradientDescent,2,125.954,62.977,125.954,62.977,0.0010980763786163936,0.978985543034705,0.0,0.0
87,Device,ResourceApplyGradientDescent,SGD/SGD/update_22/ResourceApplyGradientDescent,2,124.929,62.4645,124.929,62.4645,0.0010891403520663688,0.9800746833867714,0.0,0.0
88,Device,SoftmaxCrossEntropyWithLogits,categorical_crossentropy/softmax_cross_entropy_with_logits,2,123.904,61.952,123.904,61.952,0.0010802043255163443,0.9811548877122878,0.0,0.0
89,Device,ResourceApplyGradientDescent,SGD/SGD/update_30/ResourceApplyGradientDescent,2,122.881,61.4405,122.881,61.4405,0.0010712857351156855,0.9822261734474035,0.0,0.0
90,Device,ResourceApplyGradientDescent,SGD/SGD/update_28/ResourceApplyGradientDescent,2,122.88,61.44,122.88,61.44,0.0010712770170410025,0.9832974504644445,0.0,0.0
91,Device,ResourceApplyGradientDescent,SGD/SGD/update_24/ResourceApplyGradientDescent,2,121.857,60.9285,121.857,60.9285,0.001062358426640344,0.9843598088910849,0.0,0.0
92,Device,ResourceApplyGradientDescent,SGD/SGD/update_26/ResourceApplyGradientDescent,2,121.857,60.9285,121.857,60.9285,0.001062358426640344,0.9854221673177253,0.0,0.0
93,Device,MaxPool,sequential/max_pooling2d_3/MaxPool,2,96.257,48.1285,96.257,48.1285,0.0008391757147568017,0.986261343032482,0.0,0.0
94,Device,BiasAddGrad,gradient_tape/sequential/conv2d_8/BiasAdd/BiasAddGrad,2,94.208,47.104,94.208,47.104,0.0008213123797314352,0.9870826554122135,0.0,0.0
95,Device,MaxPoolGrad,gradient_tape/sequential/max_pooling2d_4/MaxPool/MaxPoolGrad,2,93.184,46.592,93.184,46.592,0.0008123850712560936,0.9878950404834697,0.0,0.0
96,Device,BiasAddGrad,gradient_tape/sequential/conv2d_10/BiasAdd/BiasAddGrad,2,86.016,43.008,86.016,43.008,0.0007498939119287019,0.9886449343953984,0.0,0.0
97,Device,BiasAddGrad,gradient_tape/sequential/conv2d_11/BiasAdd/BiasAddGrad,2,84.993,42.4965,84.993,42.4965,0.0007409753215280431,0.9893859097169264,0.0,0.0
98,Device,BiasAddGrad,gradient_tape/sequential/conv2d_9/BiasAdd/BiasAddGrad,2,83.969,41.9845,83.969,41.9845,0.0007320480130527013,0.9901179577299791,0.0,0.0
99,Device,ResourceApplyGradientDescent,SGD/SGD/update_16/ResourceApplyGradientDescent,2,67.585,33.7925,67.585,33.7925,0.0005892110774472344,0.9907071688074264,0.0,0.0
100,Device,Transpose,gradient_tape/sequential/conv2d/Conv2D/Conv2DBackpropFilter-0-TransposeNHWCToNCHW-LayoutOptimizer,2,67.584,33.792,67.584,33.792,0.0005892023593725514,0.9912963711667989,0.0,0.0
101,Device,ReluGrad,gradient_tape/sequential/conv2d_13/ReluGrad,2,56.321,28.1605,56.321,28.1605,0.0004910106842184758,0.9917873818510174,0.0,0.0
102,Device,ReluGrad,gradient_tape/sequential/conv2d_12/ReluGrad,2,55.296,27.648,55.296,27.648,0.00048207465766845114,0.9922694565086859,0.0,0.0
103,Device,ReluGrad,gradient_tape/sequential/conv2d_14/ReluGrad,2,55.296,27.648,55.296,27.648,0.00048207465766845114,0.9927515311663544,0.0,0.0
104,Device,ReluGrad,gradient_tape/sequential/conv2d_15/ReluGrad,2,37.888,18.944,37.888,18.944,0.00033031041358764243,0.9930818415799421,0.0,0.0
105,Device,ResourceApplyGradientDescent,SGD/SGD/update_10/ResourceApplyGradientDescent,2,34.816,17.408,34.816,17.408,0.0003035284881616174,0.9933853700681037,0.0,0.0
106,Device,ResourceApplyGradientDescent,SGD/SGD/update_12/ResourceApplyGradientDescent,2,34.816,17.408,34.816,17.408,0.0003035284881616174,0.9936888985562653,0.0,0.0
107,Device,ArgMax,ArgMax,2,32.768,16.384,32.768,16.384,0.00028567387121093403,0.9939745724274762,0.0,0.0
108,Device,ResourceApplyGradientDescent,SGD/SGD/update_14/ResourceApplyGradientDescent,2,32.768,16.384,32.768,16.384,0.00028567387121093403,0.9942602462986871,0.0,0.0
109,Device,BiasAddGrad,gradient_tape/sequential/conv2d_14/BiasAdd/BiasAddGrad,2,30.72,15.36,30.72,15.36,0.00026781925426025064,0.9945280655529474,0.0,0.0
110,Device,BiasAddGrad,gradient_tape/sequential/conv2d_12/BiasAdd/BiasAddGrad,2,29.697,14.8485,29.697,14.8485,0.0002589006638595919,0.994786966216807,0.0,0.0
111,Device,BiasAddGrad,gradient_tape/sequential/conv2d_13/BiasAdd/BiasAddGrad,2,29.697,14.8485,29.697,14.8485,0.0002589006638595919,0.9950458668806665,0.0,0.0
112,Device,BiasAddGrad,gradient_tape/sequential/conv2d_15/BiasAdd/BiasAddGrad,2,29.697,14.8485,29.697,14.8485,0.0002589006638595919,0.9953047675445261,0.0,0.0
113,Device,MatMul,sequential/dense_2/MatMul,2,26.624,13.312,26.624,13.312,0.00023211002035888388,0.995536877564885,0.0,0.0
114,Device,ResourceApplyGradientDescent,SGD/SGD/update_8/ResourceApplyGradientDescent,2,21.504,10.752,21.504,10.752,0.00018747347798217547,0.9957243510428672,0.0,0.0
115,Device,ArgMax,ArgMax_1,2,19.456,9.728,19.456,9.728,0.00016961886103149208,0.9958939699038987,0.0,0.0
116,Device,Softmax,sequential/dense_2/Softmax,2,18.432,9.216,18.432,9.216,0.00016069155255615038,0.9960546614564548,0.0,0.0
117,Device,Transpose,gradient_tape/sequential/max_pooling2d_4/MaxPool/MaxPoolGrad-2-TransposeNHWCToNCHW-LayoutOptimizer,2,16.384,8.192,16.384,8.192,0.00014283693560546701,0.9961974983920603,0.0,0.0
118,Device,MatMul,gradient_tape/sequential/dense_2/MatMul/MatMul,2,15.36,7.68,15.36,7.68,0.00013390962713012532,0.9963314080191904,0.0,0.0
119,Device,MatMul,gradient_tape/sequential/dense_2/MatMul/MatMul_1,2,15.36,7.68,15.36,7.68,0.00013390962713012532,0.9964653176463205,0.0,0.0
120,Device,MaxPool,sequential/max_pooling2d_4/MaxPool,2,15.36,7.68,15.36,7.68,0.00013390962713012532,0.9965992272734506,0.0,0.0
121,Device,ResourceApplyGradientDescent,SGD/SGD/update_6/ResourceApplyGradientDescent,2,12.288,6.144,12.288,6.144,0.00010712770170410025,0.9967063549751547,0.0,0.0
122,Device,ReluGrad,gradient_tape/sequential/dense/ReluGrad,2,12.288,6.144,12.288,6.144,0.00010712770170410025,0.9968134826768588,0.0,0.0
123,Device,BiasAddGrad,gradient_tape/sequential/dense/BiasAdd/BiasAddGrad,2,11.264,5.632,11.264,5.632,9.820039322875856e-05,0.9969116830700875,0.0,0.0
124,Device,Transpose,sequential/max_pooling2d_4/MaxPool-0-2-TransposeNCHWToNHWC-LayoutOptimizer,2,11.264,5.632,11.264,5.632,9.820039322875856e-05,0.9970098834633162,0.0,0.0
125,Device,ResourceApplyGradientDescent,SGD/SGD/update_36/ResourceApplyGradientDescent,2,10.241,5.1205,10.241,5.1205,8.928180282809983e-05,0.9970991652661443,0.0,0.0
126,Device,ResourceApplyGradientDescent,SGD/SGD/update_4/ResourceApplyGradientDescent,2,10.24,5.12,10.24,5.12,8.927308475341689e-05,0.9971884383508977,0.0,0.0
127,Device,BiasAddGrad,gradient_tape/sequential/dense_1/BiasAdd/BiasAddGrad,2,10.24,5.12,10.24,5.12,8.927308475341689e-05,0.997277711435651,0.0,0.0
128,Device,BiasAdd,sequential/dense/BiasAdd,2,8.193,4.0965,8.193,4.0965,7.142718587741645e-05,0.9973491386215284,0.0,0.0
129,Device,ResourceApplyGradientDescent,SGD/SGD/update_2/ResourceApplyGradientDescent,2,8.192,4.096,8.192,4.096,7.141846780273351e-05,0.9974205570893312,0.0,0.0
130,Device,ResourceApplyGradientDescent,SGD/SGD/update_35/ResourceApplyGradientDescent,2,8.192,4.096,8.192,4.096,7.141846780273351e-05,0.997491975557134,0.0,0.0
131,Device,Cast,Cast,2,7.168,3.584,7.168,3.584,6.249115932739182e-05,0.9975544667164614,0.0,0.0
132,Device,ResourceApplyGradientDescent,SGD/SGD/update/ResourceApplyGradientDescent,2,7.168,3.584,7.168,3.584,6.249115932739182e-05,0.9976169578757889,0.0,0.0
133,Device,ResourceApplyGradientDescent,SGD/SGD/update_23/ResourceApplyGradientDescent,2,7.168,3.584,7.168,3.584,6.249115932739182e-05,0.9976794490351163,0.0,0.0
134,Device,ResourceApplyGradientDescent,SGD/SGD/update_25/ResourceApplyGradientDescent,2,7.168,3.584,7.168,3.584,6.249115932739182e-05,0.9977419401944437,0.0,0.0
135,Device,ResourceApplyGradientDescent,SGD/SGD/update_27/ResourceApplyGradientDescent,2,7.168,3.584,7.168,3.584,6.249115932739182e-05,0.9978044313537712,0.0,0.0
136,Device,ResourceApplyGradientDescent,SGD/SGD/update_31/ResourceApplyGradientDescent,2,7.168,3.584,7.168,3.584,6.249115932739182e-05,0.9978669225130986,0.0,0.0
137,Device,ResourceApplyGradientDescent,SGD/SGD/update_33/ResourceApplyGradientDescent,2,7.168,3.584,7.168,3.584,6.249115932739182e-05,0.997929413672426,0.0,0.0
138,Device,ResourceApplyGradientDescent,SGD/SGD/update_9/ResourceApplyGradientDescent,2,7.168,3.584,7.168,3.584,6.249115932739182e-05,0.9979919048317535,0.0,0.0
139,Device,ReluGrad,gradient_tape/sequential/dense_1/ReluGrad,2,7.168,3.584,7.168,3.584,6.249115932739182e-05,0.9980543959910809,0.0,0.0
140,Device,BiasAdd,sequential/dense_1/BiasAdd,2,7.168,3.584,7.168,3.584,6.249115932739182e-05,0.9981168871504084,0.0,0.0
141,Device,AssignAddVariableOp,AssignAddVariableOp_2,2,6.144,3.072,6.144,3.072,5.356385085205013e-05,0.9981704510012605,0.0,0.0
142,Device,AssignAddVariableOp,AssignAddVariableOp_3,2,6.144,3.072,6.144,3.072,5.356385085205013e-05,0.9982240148521125,0.0,0.0
143,Device,Cast,Cast_2,2,6.144,3.072,6.144,3.072,5.356385085205013e-05,0.9982775787029646,0.0,0.0
144,Device,ResourceApplyGradientDescent,SGD/SGD/update_1/ResourceApplyGradientDescent,2,6.144,3.072,6.144,3.072,5.356385085205013e-05,0.9983311425538167,0.0,0.0
145,Device,ResourceApplyGradientDescent,SGD/SGD/update_11/ResourceApplyGradientDescent,2,6.144,3.072,6.144,3.072,5.356385085205013e-05,0.9983847064046688,0.0,0.0
146,Device,ResourceApplyGradientDescent,SGD/SGD/update_13/ResourceApplyGradientDescent,2,6.144,3.072,6.144,3.072,5.356385085205013e-05,0.9984382702555209,0.0,0.0
147,Device,ResourceApplyGradientDescent,SGD/SGD/update_15/ResourceApplyGradientDescent,2,6.144,3.072,6.144,3.072,5.356385085205013e-05,0.998491834106373,0.0,0.0
148,Device,ResourceApplyGradientDescent,SGD/SGD/update_17/ResourceApplyGradientDescent,2,6.144,3.072,6.144,3.072,5.356385085205013e-05,0.9985453979572251,0.0,0.0
149,Device,ResourceApplyGradientDescent,SGD/SGD/update_19/ResourceApplyGradientDescent,2,6.144,3.072,6.144,3.072,5.356385085205013e-05,0.9985989618080772,0.0,0.0
150,Device,ResourceApplyGradientDescent,SGD/SGD/update_21/ResourceApplyGradientDescent,2,6.144,3.072,6.144,3.072,5.356385085205013e-05,0.9986525256589293,0.0,0.0
151,Device,ResourceApplyGradientDescent,SGD/SGD/update_29/ResourceApplyGradientDescent,2,6.144,3.072,6.144,3.072,5.356385085205013e-05,0.9987060895097813,0.0,0.0
152,Device,ResourceApplyGradientDescent,SGD/SGD/update_3/ResourceApplyGradientDescent,2,6.144,3.072,6.144,3.072,5.356385085205013e-05,0.9987596533606334,0.0,0.0
153,Device,ResourceApplyGradientDescent,SGD/SGD/update_37/ResourceApplyGradientDescent,2,6.144,3.072,6.144,3.072,5.356385085205013e-05,0.9988132172114855,0.0,0.0
154,Device,ResourceApplyGradientDescent,SGD/SGD/update_5/ResourceApplyGradientDescent,2,6.144,3.072,6.144,3.072,5.356385085205013e-05,0.9988667810623376,0.0,0.0
155,Device,ResourceApplyGradientDescent,SGD/SGD/update_7/ResourceApplyGradientDescent,2,6.144,3.072,6.144,3.072,5.356385085205013e-05,0.9989203449131897,0.0,0.0
156,Device,Sum,Sum_2,2,6.144,3.072,6.144,3.072,5.356385085205013e-05,0.9989739087640418,0.0,0.0
157,Device,DivNoNan,categorical_crossentropy/weighted_loss/value,2,6.144,3.072,6.144,3.072,5.356385085205013e-05,0.9990274726148939,0.0,0.0
158,Device,DivNoNan,div_no_nan,2,6.144,3.072,6.144,3.072,5.356385085205013e-05,0.999081036465746,0.0,0.0
159,Device,Tile,gradient_tape/categorical_crossentropy/weighted_loss/Tile_1,2,6.144,3.072,6.144,3.072,5.356385085205013e-05,0.9991346003165981,0.0,0.0
160,Device,DivNoNan,gradient_tape/categorical_crossentropy/weighted_loss/value/div_no_nan,2,6.144,3.072,6.144,3.072,5.356385085205013e-05,0.9991881641674502,0.0,0.0
161,Device,BiasAddGrad,gradient_tape/sequential/dense_2/BiasAdd/BiasAddGrad,2,6.144,3.072,6.144,3.072,5.356385085205013e-05,0.9992417280183022,0.0,0.0
162,Device,Relu,sequential/dense/Relu,2,6.144,3.072,6.144,3.072,5.356385085205013e-05,0.9992952918691543,0.0,0.0
163,Device,Relu,sequential/dense_1/Relu,2,6.144,3.072,6.144,3.072,5.356385085205013e-05,0.9993488557200064,0.0,0.0
164,Device,AssignAddVariableOp,AssignAddVariableOp_1,2,5.12,2.56,5.12,2.56,4.4636542376708444e-05,0.9993934922623832,0.0,0.0
165,Device,Cast,Cast_1,2,5.12,2.56,5.12,2.56,4.4636542376708444e-05,0.9994381288047599,0.0,0.0
166,Device,Equal,Equal,2,5.12,2.56,5.12,2.56,4.4636542376708444e-05,0.9994827653471366,0.0,0.0
167,Device,Mul,Mul,2,5.12,2.56,5.12,2.56,4.4636542376708444e-05,0.9995274018895134,0.0,0.0
168,Device,AssignAddVariableOp,SGD/SGD/AssignAddVariableOp,2,5.12,2.56,5.12,2.56,4.4636542376708444e-05,0.9995720384318901,0.0,0.0
169,Device,Sum,categorical_crossentropy/weighted_loss/Sum,2,5.12,2.56,5.12,2.56,4.4636542376708444e-05,0.9996166749742669,0.0,0.0
170,Device,Mul,gradient_tape/categorical_crossentropy/softmax_cross_entropy_with_logits/mul,2,5.12,2.56,5.12,2.56,4.4636542376708444e-05,0.9996613115166436,0.0,0.0
171,Device,BiasAdd,sequential/dense_2/BiasAdd,2,5.12,2.56,5.12,2.56,4.4636542376708444e-05,0.9997059480590204,0.0,0.0
172,Device,_Recv,categorical_crossentropy/weighted_loss/num_elements/_14,2,4.544,2.272,4.544,2.272,3.9614931359328734e-05,0.9997455629903796,0.0,0.0
173,Device,_Recv,IteratorGetNext/_4,2,4.097,2.0485,4.097,2.0485,3.5717951976049704e-05,0.9997812809423557,0.0,0.0
174,Device,AssignAddVariableOp,AssignAddVariableOp,2,4.096,2.048,4.096,2.048,3.5709233901366754e-05,0.9998169901762571,0.0,0.0
175,Device,AssignAddVariableOp,AssignAddVariableOp_4,2,4.096,2.048,4.096,2.048,3.5709233901366754e-05,0.9998526994101585,0.0,0.0
176,Device,Cast,categorical_crossentropy/weighted_loss/num_elements/Cast,2,4.096,2.048,4.096,2.048,3.5709233901366754e-05,0.9998884086440599,0.0,0.0
177,Device,DivNoNan,div_no_nan_1,2,4.096,2.048,4.096,2.048,3.5709233901366754e-05,0.9999241178779613,0.0,0.0
178,Device,_Recv,Size/_16,2,3.584,1.792,3.584,1.792,3.124557966369591e-05,0.999955363457625,0.0,0.0
179,Device,LogicalAnd,LogicalAnd,1,3.072,3.072,3.072,3.072,2.6781925426025064e-05,0.9999821453830511,0.0,0.0
180,Device,_Recv,strided_slice/_12,2,2.048,1.024,2.048,1.024,1.7854616950683377e-05,1.0000000000000018,0.0,0.0
181,Host,IDLE,IDLE,0,494461.805,0.0,494461.805,0.0,0.0,0.0,0.9948146877005903,0.9948146877005903
182,Host,GatherV2,GatherV2,2,1238.041,619.0205,1238.041,619.0205,0.0,0.0,0.002490832170091533,0.9973055198706818
183,Host,Dataset,Iterator::Root,2,1004.177,502.0885,964.736,482.368,0.0,0.0,0.0019409659812925626,0.9992464858519744
184,Host,Dataset,Iterator::Root::ParallelMapV2::Zip[1]::ForeverRepeat,2,66.872,33.436,62.392,31.196,0.0,0.0,0.00012552734582808723,0.9993720131978024
185,Host,IteratorGetNext,IteratorGetNext,2,42.47,21.235,42.47,21.235,0.0,0.0,8.544599271250904e-05,0.999457459190515
186,Host,Dataset,Iterator::Root::ParallelMapV2,2,39.441,19.7205,39.441,19.7205,0.0,0.0,7.935190484045372e-05,0.9995368110953554
187,Host,Dataset,Iterator::Root::ParallelMapV2::Zip[0]::FlatMap[1]::Concatenate,2,68.321,34.1605,38.08,19.04,0.0,0.0,7.661368972197656e-05,0.9996134247850774
188,Host,FlushSummaryWriter,FlushSummaryWriter,1,35.921,35.921,35.921,35.921,0.0,0.0,7.226996713506093e-05,0.9996856947522125
189,Host,LogicalAnd,LogicalAnd,1,32.32,32.32,32.32,32.32,0.0,0.0,6.502506438587927e-05,0.9997507198165984
190,Host,Dataset,Iterator::Root::ParallelMapV2::Zip[0]::FlatMap[1]::Concatenate[0]::TensorSlice,2,30.241,15.1205,30.241,15.1205,0.0,0.0,6.084229492863165e-05,0.999811562111527
191,Host,GatherV2,GatherV2_1,2,29.8,14.9,29.8,14.9,0.0,0.0,5.9955040801336706e-05,0.9998715171523284
192,Host,WriteSummary,WriteSummary,1,21.37,21.37,21.37,21.37,0.0,0.0,4.299460476256931e-05,0.9999145117570909
193,Host,Dataset,Iterator::Root::ParallelMapV2::Zip,2,153.413,76.7065,12.79,6.395,0.0,0.0,2.5732381605674374e-05,0.9999402441386965
194,Host,ReadVariableOp,ReadVariableOp,1,7.931,7.931,7.931,7.931,0.0,0.0,1.5956490892463134e-05,0.999956200629589
195,Host,Dataset,Iterator::Root::ParallelMapV2::Zip[0]::FlatMap,2,73.751,36.8755,5.43,2.715,0.0,0.0,1.092469367621672e-05,0.9999671253232653
196,Host,Dataset,Iterator::Root::ParallelMapV2::Zip[1]::ForeverRepeat::FromTensor,4,4.48,1.12,4.48,1.12,0.0,0.0,9.013375261409008e-06,0.9999761386985266
197,Host,_Send,IteratorGetNext/_1,2,3.79,1.895,3.79,1.895,0.0,0.0,7.625154518022352e-06,0.9999837638530447
198,Host,Identity,Identity,2,2.81,1.405,2.81,1.405,0.0,0.0,5.653478679589132e-06,0.9999894173317242
199,Host,_Send,IteratorGetNext/_3,2,2.81,1.405,2.81,1.405,0.0,0.0,5.653478679589132e-06,0.9999950708104037
200,Host,_Send,IteratorGetNext/_6,2,2.45,1.225,2.45,1.225,0.0,0.0,4.929189596083052e-06,0.9999999999999998
