Rank,Host/device,Type,Operation,#Occurrences,Total time (us),Avg. time (us),Total self-time (us),Avg. self-time (us),Total self-time on Device (%),Cumulative total-self time on Device (%),Total self-time on Host (%),Cumulative total-self time on Host (%)
1,Device,IDLE,IDLE,0,3993.735,0.0,3993.735,0.0,0.28428646445396827,0.28428646445396827,0.0,0.0
2,Device,_Recv,IteratorGetNext/_2,1,897.09,897.09,897.09,897.09,0.06385765314849644,0.3481441176024647,0.0,0.0
3,Device,MaxPoolGrad,gradient_tape/sequential/max_pooling2d/MaxPool/MaxPoolGrad,2,897.025,448.5125,897.025,448.5125,0.0638530262465639,0.41199714384902864,0.0,0.0
4,Device,_Send,IteratorGetNext/_1,1,748.353,748.353,748.353,748.353,0.05327009141405739,0.465267235263086,0.0,0.0
5,Device,Conv2DBackpropFilter,gradient_tape/sequential/conv2d/Conv2D/Conv2DBackpropFilter,2,742.401,371.2005,742.401,371.2005,0.05284640956325106,0.518113644826337,0.0,0.0
6,Device,ReluGrad,gradient_tape/sequential/conv2d/ReluGrad,2,677.889,338.9445,677.889,338.9445,0.04825424498676955,0.5663678898131066,0.0,0.0
7,Device,Conv2DBackpropFilter,gradient_tape/sequential/conv2d_1/Conv2D/Conv2DBackpropFilter,2,520.193,260.0965,520.193,260.0965,0.03702895379981474,0.6033968436129213,0.0,0.0
8,Device,Conv2DBackpropInput,gradient_tape/sequential/conv2d_1/Conv2D/Conv2DBackpropInput,2,499.713,249.8565,499.713,249.8565,0.035571123775534896,0.6389679673884563,0.0,0.0
9,Device,MaxPoolGrad,gradient_tape/sequential/max_pooling2d_1/MaxPool/MaxPoolGrad,2,425.985,212.9925,425.985,212.9925,0.03032293568812745,0.6692909030765838,0.0,0.0
10,Device,Conv2DBackpropFilter,gradient_tape/sequential/conv2d_2/Conv2D/Conv2DBackpropFilter,2,386.048,193.024,386.048,193.024,0.027480095957675095,0.6967709990342589,0.0,0.0
11,Device,_FusedConv2D,sequential/conv2d/Relu,2,386.048,193.024,386.048,193.024,0.027480095957675095,0.724251094991934,0.0,0.0
12,Device,ReluGrad,gradient_tape/sequential/conv2d_1/ReluGrad,2,334.848,167.424,334.848,167.424,0.02383552089697548,0.7480866158889095,0.0,0.0
13,Device,ResourceApplyGradientDescent,SGD/SGD/update_6/ResourceApplyGradientDescent,2,329.728,164.864,329.728,164.864,0.02347106339090552,0.771557679279815,0.0,0.0
14,Device,_FusedConv2D,sequential/conv2d_1/Relu,2,291.84,145.92,291.84,145.92,0.020774077845987803,0.7923317571258028,0.0,0.0
15,Device,MaxPool,sequential/max_pooling2d/MaxPool,2,271.36,135.68,271.36,135.68,0.019316247821707957,0.8116480049475108,0.0,0.0
16,Device,_FusedConv2D,sequential/conv2d_2/Relu,2,245.762,122.881,245.762,122.881,0.01749410265757146,0.8291421076050822,0.0,0.0
17,Device,Conv2DBackpropInput,gradient_tape/sequential/conv2d_2/Conv2D/Conv2DBackpropInput,2,243.713,121.8565,243.713,121.8565,0.01734824847203682,0.8464903560771191,0.0,0.0
18,Device,BiasAddGrad,gradient_tape/sequential/conv2d/BiasAdd/BiasAddGrad,2,211.968,105.984,211.968,105.984,0.015088540751296405,0.8615788968284155,0.0,0.0
19,Device,ArgMax,ArgMax,2,172.032,86.016,172.032,86.016,0.012245772203950706,0.8738246690323662,0.0,0.0
20,Device,MatMul,sequential/dense/MatMul,2,165.888,82.944,165.888,82.944,0.011808423196666753,0.885633092229033,0.0,0.0
21,Device,ReluGrad,gradient_tape/sequential/conv2d_2/ReluGrad,2,162.816,81.408,162.816,81.408,0.011589748693024775,0.8972228409220577,0.0,0.0
22,Device,MaxPool,sequential/max_pooling2d_1/MaxPool,2,145.408,72.704,145.408,72.704,0.010350593172386905,0.9075734340944447,0.0,0.0
23,Device,MaxPoolGrad,gradient_tape/sequential/max_pooling2d_2/MaxPool/MaxPoolGrad,2,141.313,70.6565,141.313,70.6565,0.010059098350637589,0.9176325324450822,0.0,0.0
24,Device,MatMul,gradient_tape/sequential/dense/MatMul/MatMul,2,134.144,67.072,134.144,67.072,0.009548786659032991,0.9271813191041153,0.0,0.0
25,Device,MatMul,gradient_tape/sequential/dense/MatMul/MatMul_1,2,125.952,62.976,125.952,62.976,0.008965654649321052,0.9361469737534364,0.0,0.0
26,Device,BiasAddGrad,gradient_tape/sequential/conv2d_1/BiasAdd/BiasAddGrad,2,115.712,57.856,115.712,57.856,0.008236739637181129,0.9443837133906174,0.0,0.0
27,Device,ArgMax,ArgMax_1,2,110.592,55.296,110.592,55.296,0.007872282131111167,0.9522559955217286,0.0,0.0
28,Device,Transpose,gradient_tape/sequential/conv2d/Conv2D/Conv2DBackpropFilter-0-TransposeNHWCToNCHW-LayoutOptimizer,2,97.28,48.64,97.28,48.64,0.006924692615329268,0.9591806881370578,0.0,0.0
29,Device,MaxPool,sequential/max_pooling2d_2/MaxPool,2,71.68,35.84,71.68,35.84,0.005102405084979461,0.9642830932220373,0.0,0.0
30,Device,BiasAddGrad,gradient_tape/sequential/conv2d_2/BiasAdd/BiasAddGrad,2,67.584,33.792,67.584,33.792,0.004810839080123491,0.9690939323021608,0.0,0.0
31,Device,Transpose,gradient_tape/sequential/max_pooling2d_2/MaxPool/MaxPoolGrad-2-TransposeNHWCToNCHW-LayoutOptimizer,2,30.72,15.36,30.72,15.36,0.0021867450364197686,0.9712806773385806,0.0,0.0
32,Device,MatMul,gradient_tape/sequential/dense_1/MatMul/MatMul,2,20.48,10.24,20.48,10.24,0.001457830024279846,0.9727385073628604,0.0,0.0
33,Device,Transpose,sequential/max_pooling2d_2/MaxPool-0-1-TransposeNCHWToNHWC-LayoutOptimizer,2,17.408,8.704,17.408,8.704,0.001239155520637869,0.9739776628834983,0.0,0.0
34,Device,MatMul,sequential/dense_1/MatMul,2,16.384,8.192,16.384,8.192,0.0011662640194238768,0.9751439269029222,0.0,0.0
35,Device,MatMul,gradient_tape/sequential/dense_1/MatMul/MatMul_1,2,12.288,6.144,12.288,6.144,0.0008746980145679076,0.97601862491749,0.0,0.0
36,Device,ResourceApplyGradientDescent,SGD/SGD/update_4/ResourceApplyGradientDescent,2,8.192,4.096,8.192,4.096,0.0005831320097119384,0.976601756927202,0.0,0.0
37,Device,Sum,categorical_crossentropy/Sum,2,8.192,4.096,8.192,4.096,0.0005831320097119384,0.9771848889369139,0.0,0.0
38,Device,ResourceApplyGradientDescent,SGD/SGD/update/ResourceApplyGradientDescent,2,7.168,3.584,7.168,3.584,0.000510240508497946,0.9776951294454118,0.0,0.0
39,Device,ResourceApplyGradientDescent,SGD/SGD/update_2/ResourceApplyGradientDescent,2,7.168,3.584,7.168,3.584,0.000510240508497946,0.9782053699539097,0.0,0.0
40,Device,ResourceApplyGradientDescent,SGD/SGD/update_3/ResourceApplyGradientDescent,2,7.168,3.584,7.168,3.584,0.000510240508497946,0.9787156104624076,0.0,0.0
41,Device,ResourceApplyGradientDescent,SGD/SGD/update_7/ResourceApplyGradientDescent,2,7.168,3.584,7.168,3.584,0.000510240508497946,0.9792258509709055,0.0,0.0
42,Device,ResourceApplyGradientDescent,SGD/SGD/update_8/ResourceApplyGradientDescent,2,7.168,3.584,7.168,3.584,0.000510240508497946,0.9797360914794034,0.0,0.0
43,Device,AddN,SGD/gradients/AddN,2,7.168,3.584,7.168,3.584,0.000510240508497946,0.9802463319879013,0.0,0.0
44,Device,Mul,categorical_crossentropy/mul,2,7.168,3.584,7.168,3.584,0.000510240508497946,0.9807565724963992,0.0,0.0
45,Device,Tile,gradient_tape/categorical_crossentropy/Tile_1,2,7.168,3.584,7.168,3.584,0.000510240508497946,0.9812668130048972,0.0,0.0
46,Device,GreaterEqual,gradient_tape/categorical_crossentropy/clip_by_value/GreaterEqual,2,7.168,3.584,7.168,3.584,0.000510240508497946,0.9817770535133951,0.0,0.0
47,Device,Mul,gradient_tape/categorical_crossentropy/mul/Mul_1,2,7.168,3.584,7.168,3.584,0.000510240508497946,0.982287294021893,0.0,0.0
48,Device,Sum,gradient_tape/categorical_crossentropy/truediv/Sum_1,2,7.168,3.584,7.168,3.584,0.000510240508497946,0.9827975345303909,0.0,0.0
49,Device,ReluGrad,gradient_tape/sequential/dense/ReluGrad,2,7.168,3.584,7.168,3.584,0.000510240508497946,0.9833077750388888,0.0,0.0
50,Device,DivNoNan,div_no_nan,2,6.145,3.0725,6.145,3.0725,0.000437420190390608,0.9837451952292794,0.0,0.0
51,Device,AssignAddVariableOp,AssignAddVariableOp,2,6.144,3.072,6.144,3.072,0.0004373490072839538,0.9841825442365634,0.0,0.0
52,Device,AssignAddVariableOp,AssignAddVariableOp_2,2,6.144,3.072,6.144,3.072,0.0004373490072839538,0.9846198932438474,0.0,0.0
53,Device,AssignAddVariableOp,AssignAddVariableOp_4,2,6.144,3.072,6.144,3.072,0.0004373490072839538,0.9850572422511313,0.0,0.0
54,Device,_Send,IteratorGetNext/_3,1,6.144,6.144,6.144,6.144,0.0004373490072839538,0.9854945912584153,0.0,0.0
55,Device,_Recv,IteratorGetNext/_4,1,6.144,6.144,6.144,6.144,0.0004373490072839538,0.9859319402656993,0.0,0.0
56,Device,Mul,Mul,2,6.144,3.072,6.144,3.072,0.0004373490072839538,0.9863692892729833,0.0,0.0
57,Device,AssignAddVariableOp,SGD/SGD/AssignAddVariableOp,2,6.144,3.072,6.144,3.072,0.0004373490072839538,0.9868066382802673,0.0,0.0
58,Device,ResourceApplyGradientDescent,SGD/SGD/update_1/ResourceApplyGradientDescent,2,6.144,3.072,6.144,3.072,0.0004373490072839538,0.9872439872875513,0.0,0.0
59,Device,ResourceApplyGradientDescent,SGD/SGD/update_5/ResourceApplyGradientDescent,2,6.144,3.072,6.144,3.072,0.0004373490072839538,0.9876813362948352,0.0,0.0
60,Device,ResourceApplyGradientDescent,SGD/SGD/update_9/ResourceApplyGradientDescent,2,6.144,3.072,6.144,3.072,0.0004373490072839538,0.9881186853021192,0.0,0.0
61,Device,Log,categorical_crossentropy/Log,2,6.144,3.072,6.144,3.072,0.0004373490072839538,0.9885560343094032,0.0,0.0
62,Device,Sum,categorical_crossentropy/Sum_1,2,6.144,3.072,6.144,3.072,0.0004373490072839538,0.9889933833166872,0.0,0.0
63,Device,Maximum,categorical_crossentropy/clip_by_value,2,6.144,3.072,6.144,3.072,0.0004373490072839538,0.9894307323239712,0.0,0.0
64,Device,Minimum,categorical_crossentropy/clip_by_value/Minimum,2,6.144,3.072,6.144,3.072,0.0004373490072839538,0.9898680813312551,0.0,0.0
65,Device,RealDiv,categorical_crossentropy/truediv,2,6.144,3.072,6.144,3.072,0.0004373490072839538,0.9903054303385391,0.0,0.0
66,Device,Sum,categorical_crossentropy/weighted_loss/Sum,2,6.144,3.072,6.144,3.072,0.0004373490072839538,0.9907427793458231,0.0,0.0
67,Device,DivNoNan,categorical_crossentropy/weighted_loss/value,2,6.144,3.072,6.144,3.072,0.0004373490072839538,0.9911801283531071,0.0,0.0
68,Device,LessEqual,gradient_tape/categorical_crossentropy/clip_by_value/LessEqual,2,6.144,3.072,6.144,3.072,0.0004373490072839538,0.9916174773603911,0.0,0.0
69,Device,SelectV2,gradient_tape/categorical_crossentropy/clip_by_value/SelectV2,2,6.144,3.072,6.144,3.072,0.0004373490072839538,0.9920548263676751,0.0,0.0
70,Device,Mul,gradient_tape/categorical_crossentropy/mul,2,6.144,3.072,6.144,3.072,0.0004373490072839538,0.992492175374959,0.0,0.0
71,Device,Neg,gradient_tape/categorical_crossentropy/truediv/Neg,2,6.144,3.072,6.144,3.072,0.0004373490072839538,0.992929524382243,0.0,0.0
72,Device,RealDiv,gradient_tape/categorical_crossentropy/truediv/RealDiv,2,6.144,3.072,6.144,3.072,0.0004373490072839538,0.993366873389527,0.0,0.0
73,Device,RealDiv,gradient_tape/categorical_crossentropy/truediv/RealDiv_1,2,6.144,3.072,6.144,3.072,0.0004373490072839538,0.993804222396811,0.0,0.0
74,Device,RealDiv,gradient_tape/categorical_crossentropy/truediv/RealDiv_2,2,6.144,3.072,6.144,3.072,0.0004373490072839538,0.994241571404095,0.0,0.0
75,Device,Mul,gradient_tape/categorical_crossentropy/truediv/mul,2,6.144,3.072,6.144,3.072,0.0004373490072839538,0.994678920411379,0.0,0.0
76,Device,BiasAddGrad,gradient_tape/sequential/dense/BiasAdd/BiasAddGrad,2,6.144,3.072,6.144,3.072,0.0004373490072839538,0.9951162694186629,0.0,0.0
77,Device,BiasAddGrad,gradient_tape/sequential/dense_1/BiasAdd/BiasAddGrad,2,6.144,3.072,6.144,3.072,0.0004373490072839538,0.9955536184259469,0.0,0.0
78,Device,BiasAdd,sequential/dense/BiasAdd,2,6.144,3.072,6.144,3.072,0.0004373490072839538,0.9959909674332309,0.0,0.0
79,Device,AssignAddVariableOp,AssignAddVariableOp_1,2,5.12,2.56,5.12,2.56,0.0003644575060699615,0.9963554249393008,0.0,0.0
80,Device,Cast,Cast_1,2,5.12,2.56,5.12,2.56,0.0003644575060699615,0.9967198824453708,0.0,0.0
81,Device,Equal,Equal,2,5.12,2.56,5.12,2.56,0.0003644575060699615,0.9970843399514407,0.0,0.0
82,Device,Sum,Sum_2,2,5.12,2.56,5.12,2.56,0.0003644575060699615,0.9974487974575107,0.0,0.0
83,Device,Neg,categorical_crossentropy/Neg,2,5.12,2.56,5.12,2.56,0.0003644575060699615,0.9978132549635806,0.0,0.0
84,Device,Reciprocal,gradient_tape/categorical_crossentropy/Reciprocal,2,5.12,2.56,5.12,2.56,0.0003644575060699615,0.9981777124696506,0.0,0.0
85,Device,SelectV2,gradient_tape/categorical_crossentropy/clip_by_value/SelectV2_1,2,5.12,2.56,5.12,2.56,0.0003644575060699615,0.9985421699757205,0.0,0.0
86,Device,Relu,sequential/dense/Relu,2,5.12,2.56,5.12,2.56,0.0003644575060699615,0.9989066274817905,0.0,0.0
87,Device,BiasAdd,sequential/dense_1/BiasAdd,2,5.12,2.56,5.12,2.56,0.0003644575060699615,0.9992710849878604,0.0,0.0
88,Device,AssignAddVariableOp,AssignAddVariableOp_3,2,4.096,2.048,4.096,2.048,0.0002915660048559692,0.9995626509927164,0.0,0.0
89,Device,DivNoNan,div_no_nan_1,2,4.096,2.048,4.096,2.048,0.0002915660048559692,0.9998542169975723,0.0,0.0
90,Device,LogicalAnd,LogicalAnd,1,2.048,2.048,2.048,2.048,0.0001457830024279846,1.0000000000000002,0.0,0.0
91,Host,IDLE,IDLE,0,46563.008,0.0,46563.008,0.0,0.0,0.0,0.8660350747585869,0.8660350747585869
92,Host,GatherV2,GatherV2,2,4128.256,2064.128,4128.256,2064.128,0.0,0.0,0.07678229236355574,0.9428173671221426
93,Host,_Send,IteratorGetNext/_6,2,954.551,477.2755,954.551,477.2755,0.0,0.0,0.017753892674757694,0.9605712597969003
94,Host,_Send,IteratorGetNext/_3,2,859.17,429.585,859.17,429.585,0.0,0.0,0.01597988160860087,0.9765511414055011
95,Host,_Send,IteratorGetNext/_1,2,844.87,422.435,844.87,422.435,0.0,0.0,0.015713912933015137,0.9922650543385163
96,Host,GatherV2,GatherV2_1,2,62.591,31.2955,62.591,31.2955,0.0,0.0,0.0011641430331179358,0.9934291973716343
97,Host,Dataset,Iterator::Root::ParallelMapV2::Zip[1]::ForeverRepeat,2,67.631,33.8155,62.321,31.1605,0.0,0.0,0.001159121246935548,0.9945883186185698
98,Host,IteratorGetNext,IteratorGetNext,2,52.921,26.4605,52.921,26.4605,0.0,0.0,0.0009842886909561164,0.9955726073095259
99,Host,FlushSummaryWriter,FlushSummaryWriter,1,41.31,41.31,41.31,41.31,0.0,0.0,0.0007683332859053527,0.9963409405954312
100,Host,Dataset,Iterator::Root::ParallelMapV2,2,36.12,18.06,36.12,18.06,0.0,0.0,0.000671803395955007,0.9970127439913862
101,Host,Dataset,Iterator::Root,2,66.141,33.0705,30.021,15.0105,0.0,0.0,0.0005583668258572886,0.9975711108172435
102,Host,Dataset,Iterator::Root::ParallelMapV2::Zip[0]::FlatMap,2,53.83,26.915,29.83,14.915,0.0,0.0,0.0005548143771134512,0.9981259251943569
103,Host,LogicalAnd,LogicalAnd,1,29.761,29.761,29.761,29.761,0.0,0.0,0.0005535310317557299,0.9986794562261126
104,Host,Dataset,Iterator::Root::ParallelMapV2::Zip[0]::FlatMap[1]::TensorSlice,2,24.0,12.0,24.0,12.0,0.0,0.0,0.00044638099399003787,0.9991258372201027
105,Host,WriteSummary,WriteSummary,1,20.68,20.68,20.68,20.68,0.0,0.0,0.0003846316231547493,0.9995104688432574
106,Host,Dataset,Iterator::Root::ParallelMapV2::Zip,2,134.081,67.0405,12.62,6.31,0.0,0.0,0.00023472200600642822,0.9997451908492638
107,Host,ReadVariableOp,ReadVariableOp,1,5.7,5.7,5.7,5.7,0.0,0.0,0.000106015486072634,0.9998512063353364
108,Host,Dataset,Iterator::Root::ParallelMapV2::Zip[1]::ForeverRepeat::FromTensor,4,5.31,1.3275,5.31,1.3275,0.0,0.0,9.876179492029587e-05,0.9999499681302567
109,Host,Identity,Identity,2,2.69,1.345,2.69,1.345,0.0,0.0,5.003186974305008e-05,0.9999999999999998
