Rank,Host/device,Type,Operation,#Occurrences,Total time (us),Avg. time (us),Total self-time (us),Avg. self-time (us),Total self-time on Device (%),Cumulative total-self time on Device (%),Total self-time on Host (%),Cumulative total-self time on Host (%)
1,Device,IDLE,IDLE,0,42585.489,0.0,42585.489,0.0,0.5787260465070516,0.5787260465070516,0.0,0.0
2,Device,Conv2DBackpropFilter,gradient_tape/model/conv2d_32/Conv2D/Conv2DBackpropFilter,2,599.041,299.5205,599.041,299.5205,0.008140815986065834,0.5868668624931175,0.0,0.0
3,Device,Conv2DBackpropFilter,gradient_tape/model/conv2d_33/Conv2D/Conv2DBackpropFilter,2,592.897,296.4485,592.897,296.4485,0.008057320576872827,0.5949241830699903,0.0,0.0
4,Device,Conv2DBackpropFilter,gradient_tape/model/conv2d_34/Conv2D/Conv2DBackpropFilter,2,591.873,295.9365,591.873,295.9365,0.008043404675340659,0.602967587745331,0.0,0.0
5,Device,Conv2DBackpropFilter,gradient_tape/model/conv2d_35/Conv2D/Conv2DBackpropFilter,2,588.801,294.4005,588.801,294.4005,0.008001656970744155,0.6109692447160752,0.0,0.0
6,Device,Conv2DBackpropFilter,gradient_tape/model/conv2d_30/Conv2D/Conv2DBackpropFilter,2,568.32,284.16,568.32,284.16,0.007723325350353206,0.6186925700664284,0.0,0.0
7,Device,Conv2DBackpropInput,gradient_tape/model/conv2d_30/Conv2D/Conv2DBackpropInput,4,425.985,106.49625,425.985,106.49625,0.005789028627129452,0.6244815986935579,0.0,0.0
8,Device,Conv2DBackpropInput,gradient_tape/model/conv2d_34/Conv2D/Conv2DBackpropInput,4,424.96,106.24,424.96,106.24,0.005775099135849694,0.6302566978294076,0.0,0.0
9,Device,Conv2DBackpropInput,gradient_tape/model/conv2d_35/Conv2D/Conv2DBackpropInput,4,424.96,106.24,424.96,106.24,0.005775099135849694,0.6360317969652574,0.0,0.0
10,Device,Conv2DBackpropInput,gradient_tape/model/conv2d_32/Conv2D/Conv2DBackpropInput,4,422.912,105.728,422.912,105.728,0.005747267332785358,0.6417790642980428,0.0,0.0
11,Device,Conv2D,model/conv2d_30/Conv2D,4,421.89,105.4725,421.89,105.4725,0.00573337861074837,0.6475124429087912,0.0,0.0
12,Device,Conv2DBackpropInput,gradient_tape/model/conv2d_33/Conv2D/Conv2DBackpropInput,4,421.889,105.47225,421.889,105.47225,0.00573336502100078,0.6532458079297919,0.0,0.0
13,Device,Conv2D,model/conv2d_32/Conv2D,4,417.792,104.448,417.792,104.448,0.005677687825124518,0.6589234957549165,0.0,0.0
14,Device,Conv2D,model/conv2d_33/Conv2D,4,414.72,103.68,414.72,103.68,0.0056359401205280145,0.6645594358754445,0.0,0.0
15,Device,Conv2D,model/conv2d_34/Conv2D,4,413.697,103.42425,413.697,103.42425,0.005622037808743437,0.670181473684188,0.0,0.0
16,Device,Conv2D,model/conv2d_35/Conv2D,4,413.696,103.424,413.696,103.424,0.005622024218995847,0.6758034979031838,0.0,0.0
17,Device,Conv2DBackpropInput,gradient_tape/model/conv2d_29/Conv2D/Conv2DBackpropInput,2,348.16,174.08,348.16,174.08,0.004731406520937099,0.6805349044241209,0.0,0.0
18,Device,Conv2D,model/conv2d_29/Conv2D,4,319.488,79.872,319.488,79.872,0.004341761278036396,0.6848766657021573,0.0,0.0
19,Device,_Recv,IteratorGetNext/_2,2,243.936,121.968,243.936,121.968,0.003315028668116131,0.6881916943702735,0.0,0.0
20,Device,Conv2DBackpropFilter,gradient_tape/model/conv2d_7/Conv2D/Conv2DBackpropFilter,4,198.658,49.6645,198.658,49.6645,0.0026997120767357596,0.6908914064470093,0.0,0.0
21,Device,Conv2DBackpropInput,gradient_tape/model/conv2d_20/Conv2D/Conv2DBackpropInput,4,192.512,48.128,192.512,48.128,0.002616189488047572,0.6935075959350568,0.0,0.0
22,Device,Conv2DBackpropInput,gradient_tape/model/conv2d_17/Conv2D/Conv2DBackpropInput,4,190.464,47.616,190.464,47.616,0.0025883576849832363,0.6960959536200401,0.0,0.0
23,Device,FusedBatchNormGradV3,gradient_tape/model/batch_normalization/FusedBatchNormGradV3,2,188.416,94.208,188.416,94.208,0.0025605258819189004,0.698656479501959,0.0,0.0
24,Device,Conv2DBackpropFilter,gradient_tape/model/conv2d/Conv2D/Conv2DBackpropFilter,2,188.416,94.208,188.416,94.208,0.0025605258819189004,0.7012170053838779,0.0,0.0
25,Device,Conv2DBackpropInput,gradient_tape/model/conv2d_22/Conv2D/Conv2DBackpropInput,4,188.416,47.104,188.416,47.104,0.0025605258819189004,0.7037775312657968,0.0,0.0
26,Device,Conv2DBackpropInput,gradient_tape/model/conv2d_28/Conv2D/Conv2DBackpropInput,4,187.393,46.84825,187.393,46.84825,0.0025466235701343226,0.7063241548359311,0.0,0.0
27,Device,Conv2DBackpropInput,gradient_tape/model/conv2d_24/Conv2D/Conv2DBackpropInput,4,187.392,46.848,187.392,46.848,0.0025466099803867323,0.7088707648163178,0.0,0.0
28,Device,Conv2DBackpropInput,gradient_tape/model/conv2d_19/Conv2D/Conv2DBackpropInput,4,186.369,46.59225,186.369,46.59225,0.0025327076686021545,0.71140347248492,0.0,0.0
29,Device,Conv2DBackpropInput,gradient_tape/model/conv2d_21/Conv2D/Conv2DBackpropInput,4,186.369,46.59225,186.369,46.59225,0.0025327076686021545,0.7139361801535221,0.0,0.0
30,Device,Conv2DBackpropInput,gradient_tape/model/conv2d_23/Conv2D/Conv2DBackpropInput,4,185.345,46.33625,185.345,46.33625,0.0025187917670699868,0.7164549719205922,0.0,0.0
31,Device,Conv2DBackpropInput,gradient_tape/model/conv2d_25/Conv2D/Conv2DBackpropInput,4,185.344,46.336,185.344,46.336,0.0025187781773223965,0.7189737500979145,0.0,0.0
32,Device,Conv2DBackpropInput,gradient_tape/model/conv2d_26/Conv2D/Conv2DBackpropInput,4,185.344,46.336,185.344,46.336,0.0025187781773223965,0.7214925282752369,0.0,0.0
33,Device,Conv2DBackpropInput,gradient_tape/model/conv2d_27/Conv2D/Conv2DBackpropInput,4,183.296,45.824,183.296,45.824,0.0024909463742580607,0.723983474649495,0.0,0.0
34,Device,Conv2D,model/conv2d_26/Conv2D,4,183.296,45.824,183.296,45.824,0.0024909463742580607,0.726474421023753,0.0,0.0
35,Device,Conv2D,model/conv2d_19/Conv2D,4,182.272,45.568,182.272,45.568,0.0024770304727258926,0.7289514514964789,0.0,0.0
36,Device,Conv2D,model/conv2d_24/Conv2D,4,181.248,45.312,181.248,45.312,0.002463114571193725,0.7314145660676726,0.0,0.0
37,Device,Conv2D,model/conv2d_22/Conv2D,4,180.225,45.05625,180.225,45.05625,0.002449212259409147,0.7338637783270818,0.0,0.0
38,Device,Conv2D,model/conv2d_17/Conv2D,4,180.224,45.056,180.224,45.056,0.0024491986696615568,0.7363129769967434,0.0,0.0
39,Device,Conv2D,model/conv2d_21/Conv2D,4,180.224,45.056,180.224,45.056,0.0024491986696615568,0.7387621756664049,0.0,0.0
40,Device,Conv2D,model/conv2d_23/Conv2D,4,180.224,45.056,180.224,45.056,0.0024491986696615568,0.7412113743360664,0.0,0.0
41,Device,Conv2D,model/conv2d_25/Conv2D,4,180.224,45.056,180.224,45.056,0.0024491986696615568,0.743660573005728,0.0,0.0
42,Device,Conv2D,model/conv2d_28/Conv2D,4,179.2,44.8,179.2,44.8,0.0024352827681293886,0.7460958557738574,0.0,0.0
43,Device,Conv2D,model/conv2d_27/Conv2D,4,178.176,44.544,178.176,44.544,0.002421366866597221,0.7485172226404546,0.0,0.0
44,Device,Conv2D,model/conv2d_20/Conv2D,4,177.152,44.288,177.152,44.288,0.002407450965065053,0.7509246736055196,0.0,0.0
45,Device,Conv2DBackpropFilter,gradient_tape/model/conv2d_1/Conv2D/Conv2DBackpropFilter,4,166.912,41.728,166.912,41.728,0.0022682919497433738,0.753192965555263,0.0,0.0
46,Device,Conv2DBackpropFilter,gradient_tape/model/conv2d_2/Conv2D/Conv2DBackpropFilter,4,165.888,41.472,165.888,41.472,0.002254376048211206,0.7554473416034743,0.0,0.0
47,Device,Conv2DBackpropFilter,gradient_tape/model/conv2d_6/Conv2D/Conv2DBackpropFilter,4,162.816,40.704,162.816,40.704,0.002212628343614702,0.757659969947089,0.0,0.0
48,Device,Conv2DBackpropFilter,gradient_tape/model/conv2d_3/Conv2D/Conv2DBackpropFilter,4,160.768,40.192,160.768,40.192,0.0021847965405503663,0.7598447664876393,0.0,0.0
49,Device,Conv2DBackpropInput,gradient_tape/model/conv2d_16/Conv2D/Conv2DBackpropInput,2,159.744,79.872,159.744,79.872,0.002170880639018198,0.7620156471266575,0.0,0.0
50,Device,Conv2DBackpropFilter,gradient_tape/model/conv2d_4/Conv2D/Conv2DBackpropFilter,4,156.672,39.168,156.672,39.168,0.0021291329344216943,0.7641447800610792,0.0,0.0
51,Device,Conv2DBackpropFilter,gradient_tape/model/conv2d_5/Conv2D/Conv2DBackpropFilter,4,156.672,39.168,156.672,39.168,0.0021291329344216943,0.766273912995501,0.0,0.0
52,Device,Conv2D,model/conv2d/Conv2D,2,156.672,78.336,156.672,78.336,0.0021291329344216943,0.7684030459299227,0.0,0.0
53,Device,Conv2DBackpropInput,gradient_tape/model/conv2d_7/Conv2D/Conv2DBackpropInput,2,152.576,76.288,152.576,76.288,0.0020734693282930226,0.7704765152582157,0.0,0.0
54,Device,Conv2DBackpropFilter,gradient_tape/model/conv2d_28/Conv2D/Conv2DBackpropFilter,4,136.192,34.048,136.192,34.048,0.0018508149037783357,0.7723273301619941,0.0,0.0
55,Device,Conv2DBackpropFilter,gradient_tape/model/conv2d_17/Conv2D/Conv2DBackpropFilter,4,135.168,33.792,135.168,33.792,0.0018368990022461678,0.7741642291642402,0.0,0.0
56,Device,Conv2DBackpropFilter,gradient_tape/model/conv2d_19/Conv2D/Conv2DBackpropFilter,4,135.168,33.792,135.168,33.792,0.0018368990022461678,0.7760011281664864,0.0,0.0
57,Device,Conv2DBackpropFilter,gradient_tape/model/conv2d_23/Conv2D/Conv2DBackpropFilter,4,135.168,33.792,135.168,33.792,0.0018368990022461678,0.7778380271687325,0.0,0.0
58,Device,Conv2DBackpropFilter,gradient_tape/model/conv2d_21/Conv2D/Conv2DBackpropFilter,4,134.144,33.536,134.144,33.536,0.0018229831007139999,0.7796610102694466,0.0,0.0
59,Device,Conv2DBackpropFilter,gradient_tape/model/conv2d_25/Conv2D/Conv2DBackpropFilter,4,134.144,33.536,134.144,33.536,0.0018229831007139999,0.7814839933701606,0.0,0.0
60,Device,Conv2DBackpropFilter,gradient_tape/model/conv2d_27/Conv2D/Conv2DBackpropFilter,4,133.12,33.28,133.12,33.28,0.001809067199181832,0.7832930605693424,0.0,0.0
61,Device,Conv2DBackpropFilter,gradient_tape/model/conv2d_20/Conv2D/Conv2DBackpropFilter,4,132.096,33.024,132.096,33.024,0.0017951512976496639,0.7850882118669921,0.0,0.0
62,Device,Conv2DBackpropFilter,gradient_tape/model/conv2d_29/Conv2D/Conv2DBackpropFilter,2,132.096,66.048,132.096,66.048,0.0017951512976496639,0.7868833631646417,0.0,0.0
63,Device,Conv2DBackpropFilter,gradient_tape/model/conv2d_22/Conv2D/Conv2DBackpropFilter,4,131.072,32.768,131.072,32.768,0.001781235396117496,0.7886645985607592,0.0,0.0
64,Device,Conv2DBackpropFilter,gradient_tape/model/conv2d_24/Conv2D/Conv2DBackpropFilter,4,131.072,32.768,131.072,32.768,0.001781235396117496,0.7904458339568767,0.0,0.0
65,Device,Conv2DBackpropFilter,gradient_tape/model/conv2d_26/Conv2D/Conv2DBackpropFilter,4,131.072,32.768,131.072,32.768,0.001781235396117496,0.7922270693529943,0.0,0.0
66,Device,Conv2D,model/conv2d_1/Conv2D,2,126.976,63.488,126.976,63.488,0.001725571789988824,0.793952641142983,0.0,0.0
67,Device,Conv2D,model/conv2d_16/Conv2D,4,126.976,31.744,126.976,31.744,0.001725571789988824,0.7956782129329718,0.0,0.0
68,Device,AddN,SGD/gradients/AddN_47,2,125.952,62.976,125.952,62.976,0.0017116558884566562,0.7973898688214285,0.0,0.0
69,Device,ResourceApplyGradientDescent,SGD/SGD/update_122/ResourceApplyGradientDescent,2,124.928,62.464,124.928,62.464,0.0016977399869244883,0.799087608808353,0.0,0.0
70,Device,ResourceApplyGradientDescent,SGD/SGD/update_126/ResourceApplyGradientDescent,2,124.928,62.464,124.928,62.464,0.0016977399869244883,0.8007853487952774,0.0,0.0
71,Device,ResourceApplyGradientDescent,SGD/SGD/update_130/ResourceApplyGradientDescent,2,124.928,62.464,124.928,62.464,0.0016977399869244883,0.8024830887822019,0.0,0.0
72,Device,Conv2D,model/conv2d_6/Conv2D,2,124.928,62.464,124.928,62.464,0.0016977399869244883,0.8041808287691263,0.0,0.0
73,Device,ResourceApplyGradientDescent,SGD/SGD/update_118/ResourceApplyGradientDescent,2,123.905,61.9525,123.905,61.9525,0.0016838376751399104,0.8058646664442662,0.0,0.0
74,Device,ResourceApplyGradientDescent,SGD/SGD/update_134/ResourceApplyGradientDescent,2,123.905,61.9525,123.905,61.9525,0.0016838376751399104,0.8075485041194062,0.0,0.0
75,Device,Conv2D,model/conv2d_4/Conv2D,2,123.904,61.952,123.904,61.952,0.0016838240853923204,0.8092323282047985,0.0,0.0
76,Device,Conv2D,model/conv2d_5/Conv2D,2,123.904,61.952,123.904,61.952,0.0016838240853923204,0.8109161522901909,0.0,0.0
77,Device,Mul,gradient_tape/conv2d_33/kernel/Regularizer/Mul_1,2,122.88,61.44,122.88,61.44,0.0016699081838601525,0.812586060474051,0.0,0.0
78,Device,Conv2D,model/conv2d_2/Conv2D,2,122.88,61.44,122.88,61.44,0.0016699081838601525,0.8142559686579112,0.0,0.0
79,Device,Conv2D,model/conv2d_3/Conv2D,2,122.88,61.44,122.88,61.44,0.0016699081838601525,0.8159258768417713,0.0,0.0
80,Device,Mul,gradient_tape/conv2d_35/kernel/Regularizer/Mul_1,2,121.856,60.928,121.856,60.928,0.0016559922823279844,0.8175818691240992,0.0,0.0
81,Device,Mul,gradient_tape/conv2d_30/kernel/Regularizer/Mul_1,2,119.809,59.9045,119.809,59.9045,0.0016281740690112386,0.8192100431931105,0.0,0.0
82,Device,Mul,gradient_tape/conv2d_32/kernel/Regularizer/Mul_1,2,119.808,59.904,119.808,59.904,0.0016281604792636488,0.8208382036723741,0.0,0.0
83,Device,Mul,gradient_tape/conv2d_34/kernel/Regularizer/Mul_1,2,119.808,59.904,119.808,59.904,0.0016281604792636488,0.8224663641516378,0.0,0.0
84,Device,Conv2DBackpropFilter,gradient_tape/model/conv2d_12/Conv2D/Conv2DBackpropFilter,2,118.784,59.392,118.784,59.392,0.0016142445777314808,0.8240806087293693,0.0,0.0
85,Device,Conv2D,model/conv2d_8/Conv2D,2,118.784,59.392,118.784,59.392,0.0016142445777314808,0.8256948533071008,0.0,0.0
86,Device,Conv2DBackpropFilter,gradient_tape/model/conv2d_11/Conv2D/Conv2DBackpropFilter,2,117.76,58.88,117.76,58.88,0.001600328676199313,0.8272951819833001,0.0,0.0
87,Device,Conv2D,model/conv2d_12/Conv2D,2,117.76,58.88,117.76,58.88,0.001600328676199313,0.8288955106594994,0.0,0.0
88,Device,Conv2D,model/conv2d_14/Conv2D,2,117.76,58.88,117.76,58.88,0.001600328676199313,0.8304958393356987,0.0,0.0
89,Device,Conv2DBackpropFilter,gradient_tape/model/conv2d_13/Conv2D/Conv2DBackpropFilter,2,116.736,58.368,116.736,58.368,0.0015864127746671448,0.8320822521103658,0.0,0.0
90,Device,Conv2DBackpropFilter,gradient_tape/model/conv2d_14/Conv2D/Conv2DBackpropFilter,2,116.736,58.368,116.736,58.368,0.0015864127746671448,0.8336686648850329,0.0,0.0
91,Device,Conv2D,model/conv2d_11/Conv2D,2,116.736,58.368,116.736,58.368,0.0015864127746671448,0.8352550776597,0.0,0.0
92,Device,Conv2D,model/conv2d_13/Conv2D,2,116.736,58.368,116.736,58.368,0.0015864127746671448,0.8368414904343671,0.0,0.0
93,Device,Conv2D,model/conv2d_15/Conv2D,2,116.736,58.368,116.736,58.368,0.0015864127746671448,0.8384279032090342,0.0,0.0
94,Device,Conv2D,model/conv2d_10/Conv2D,2,115.713,57.8565,115.713,57.8565,0.0015725104628825667,0.8400004136719167,0.0,0.0
95,Device,Conv2DBackpropFilter,gradient_tape/model/conv2d_10/Conv2D/Conv2DBackpropFilter,2,115.712,57.856,115.712,57.856,0.001572496873134977,0.8415729105450517,0.0,0.0
96,Device,Conv2DBackpropFilter,gradient_tape/model/conv2d_15/Conv2D/Conv2DBackpropFilter,2,115.712,57.856,115.712,57.856,0.001572496873134977,0.8431454074181867,0.0,0.0
97,Device,Conv2DBackpropFilter,gradient_tape/model/conv2d_8/Conv2D/Conv2DBackpropFilter,2,115.712,57.856,115.712,57.856,0.001572496873134977,0.8447179042913217,0.0,0.0
98,Device,FusedBatchNormV3,model/batch_normalization/FusedBatchNormV3,4,114.688,28.672,114.688,28.672,0.001558580971602809,0.8462764852629244,0.0,0.0
99,Device,AddN,SGD/gradients/AddN_49,2,112.64,56.32,112.64,56.32,0.0015307491685384732,0.8478072344314629,0.0,0.0
100,Device,Conv2DBackpropFilter,gradient_tape/model/conv2d_16/Conv2D/Conv2DBackpropFilter,4,112.64,28.16,112.64,28.16,0.0015307491685384732,0.8493379836000013,0.0,0.0
101,Device,Conv2DBackpropInput,gradient_tape/model/conv2d_31/Conv2D/Conv2DBackpropInput,4,112.64,28.16,112.64,28.16,0.0015307491685384732,0.8508687327685398,0.0,0.0
102,Device,Conv2DBackpropInput,gradient_tape/model/conv2d_8/Conv2D/Conv2DBackpropInput,4,112.64,28.16,112.64,28.16,0.0015307491685384732,0.8523994819370783,0.0,0.0
103,Device,AddN,SGD/gradients/AddN_50,2,111.616,55.808,111.616,55.808,0.001516833267006305,0.8539163152040846,0.0,0.0
104,Device,AddN,SGD/gradients/AddN_51,2,111.616,55.808,111.616,55.808,0.001516833267006305,0.855433148471091,0.0,0.0
105,Device,AddN,SGD/gradients/AddN_48,2,110.592,55.296,110.592,55.296,0.0015029173654741372,0.8569360658365651,0.0,0.0
106,Device,Conv2DBackpropInput,gradient_tape/model/conv2d_10/Conv2D/Conv2DBackpropInput,4,106.498,26.6245,106.498,26.6245,0.0014472809388406456,0.8583833467754057,0.0,0.0
107,Device,Conv2DBackpropInput,gradient_tape/model/conv2d_14/Conv2D/Conv2DBackpropInput,4,105.473,26.36825,105.473,26.36825,0.0014333514475608875,0.8598166982229666,0.0,0.0
108,Device,Conv2DBackpropInput,gradient_tape/model/conv2d_12/Conv2D/Conv2DBackpropInput,4,105.472,26.368,105.472,26.368,0.0014333378578132974,0.8612500360807799,0.0,0.0
109,Device,Conv2DBackpropInput,gradient_tape/model/conv2d_13/Conv2D/Conv2DBackpropInput,4,105.472,26.368,105.472,26.368,0.0014333378578132974,0.8626833739385932,0.0,0.0
110,Device,Conv2DBackpropInput,gradient_tape/model/conv2d_15/Conv2D/Conv2DBackpropInput,4,105.472,26.368,105.472,26.368,0.0014333378578132974,0.8641167117964065,0.0,0.0
111,Device,Conv2DBackpropInput,gradient_tape/model/conv2d_11/Conv2D/Conv2DBackpropInput,4,103.424,25.856,103.424,25.856,0.0014055060547489618,0.8655222178511555,0.0,0.0
112,Device,Conv2DBackpropInput,gradient_tape/model/conv2d_4/Conv2D/Conv2DBackpropInput,4,102.4,25.6,102.4,25.6,0.0013915901532167937,0.8669138080043722,0.0,0.0
113,Device,ReluGrad,gradient_tape/model/activation/ReluGrad,2,100.352,50.176,100.352,50.176,0.0013637583501524579,0.8682775663545247,0.0,0.0
114,Device,Conv2DBackpropInput,gradient_tape/model/conv2d_6/Conv2D/Conv2DBackpropInput,4,98.304,24.576,98.304,24.576,0.001335926547088122,0.8696134929016128,0.0,0.0
115,Device,Conv2D,model/conv2d_7/Conv2D,4,98.304,24.576,98.304,24.576,0.001335926547088122,0.870949419448701,0.0,0.0
116,Device,SoftmaxCrossEntropyWithLogits,categorical_crossentropy/softmax_cross_entropy_with_logits,2,97.28,48.64,97.28,48.64,0.001322010645555954,0.8722714300942569,0.0,0.0
117,Device,Conv2DBackpropInput,gradient_tape/model/conv2d_5/Conv2D/Conv2DBackpropInput,4,97.28,24.32,97.28,24.32,0.001322010645555954,0.8735934407398128,0.0,0.0
118,Device,Conv2DBackpropFilter,gradient_tape/model/conv2d_18/Conv2D/Conv2DBackpropFilter,2,96.256,48.128,96.256,48.128,0.001308094744023786,0.8749015354838366,0.0,0.0
119,Device,Conv2DBackpropInput,gradient_tape/model/conv2d_3/Conv2D/Conv2DBackpropInput,4,96.256,24.064,96.256,24.064,0.001308094744023786,0.8762096302278605,0.0,0.0
120,Device,Conv2DBackpropInput,gradient_tape/model/conv2d_1/Conv2D/Conv2DBackpropInput,4,94.208,23.552,94.208,23.552,0.0012802629409594502,0.8774898931688199,0.0,0.0
121,Device,Conv2DBackpropInput,gradient_tape/model/conv2d_2/Conv2D/Conv2DBackpropInput,4,93.184,23.296,93.184,23.296,0.0012663470394272823,0.8787562402082472,0.0,0.0
122,Device,MaxPoolGrad,gradient_tape/model/max_pooling2d/MaxPool/MaxPoolGrad,2,88.064,44.032,88.064,44.032,0.0011967675317664426,0.8799530077400136,0.0,0.0
123,Device,Square,conv2d_32/kernel/Regularizer/Square,2,82.944,41.472,82.944,41.472,0.001127188024105603,0.8810801957641192,0.0,0.0
124,Device,Square,conv2d_33/kernel/Regularizer/Square,2,82.944,41.472,82.944,41.472,0.001127188024105603,0.8822073837882248,0.0,0.0
125,Device,Square,conv2d_35/kernel/Regularizer/Square,2,82.944,41.472,82.944,41.472,0.001127188024105603,0.8833345718123304,0.0,0.0
126,Device,Square,conv2d_30/kernel/Regularizer/Square,2,81.92,40.96,81.92,40.96,0.001113272122573435,0.8844478439349038,0.0,0.0
127,Device,Square,conv2d_34/kernel/Regularizer/Square,2,80.896,40.448,80.896,40.448,0.001099356221041267,0.8855472001559451,0.0,0.0
128,Device,Mul,gradient_tape/conv2d_30/kernel/Regularizer/Mul,2,79.872,39.936,79.872,39.936,0.001085440319509099,0.8866326404754542,0.0,0.0
129,Device,Conv2DBackpropInput,gradient_tape/model/conv2d_18/Conv2D/Conv2DBackpropInput,4,75.776,18.944,75.776,18.944,0.0010297767133804273,0.8876624171888347,0.0,0.0
130,Device,Tile,gradient_tape/conv2d_30/kernel/Regularizer/Tile,2,73.728,36.864,73.728,36.864,0.0010019449103160914,0.8886643620991508,0.0,0.0
131,Device,Relu,model/activation/Relu,2,72.704,36.352,72.704,36.352,0.0009880290087839235,0.8896523911079347,0.0,0.0
132,Device,BiasAdd,model/conv2d/BiasAdd,2,69.632,34.816,69.632,34.816,0.0009462813041874198,0.8905986724121221,0.0,0.0
133,Device,Conv2DBackpropFilter,gradient_tape/model/conv2d_31/Conv2D/Conv2DBackpropFilter,2,67.584,33.792,67.584,33.792,0.0009184495011230839,0.8915171219132452,0.0,0.0
134,Device,Conv2D,model/conv2d_31/Conv2D,4,66.56,16.64,66.56,16.64,0.000904533599590916,0.892421655512836,0.0,0.0
135,Device,Conv2DBackpropFilter,gradient_tape/model/conv2d_9/Conv2D/Conv2DBackpropFilter,2,65.536,32.768,65.536,32.768,0.000890617698058748,0.8933122732108948,0.0,0.0
136,Device,ResourceApplyGradientDescent,SGD/SGD/update_112/ResourceApplyGradientDescent,2,63.488,31.744,63.488,31.744,0.000862785894994412,0.8941750591058892,0.0,0.0
137,Device,AddN,SGD/gradients/AddN_45,2,63.488,31.744,63.488,31.744,0.000862785894994412,0.8950378450008837,0.0,0.0
138,Device,Mul,gradient_tape/conv2d_29/kernel/Regularizer/Mul_1,2,62.464,31.232,62.464,31.232,0.0008488699934622441,0.8958867149943459,0.0,0.0
139,Device,MaxPool,model/max_pooling2d/MaxPool,2,59.393,29.6965,59.393,29.6965,0.0008071358786133304,0.8966938508729593,0.0,0.0
140,Device,Sum,conv2d_33/kernel/Regularizer/Sum,2,55.296,27.648,55.296,27.648,0.0007514586827370686,0.8974453095556963,0.0,0.0
141,Device,Conv2DBackpropInput,gradient_tape/model/conv2d_9/Conv2D/Conv2DBackpropInput,2,51.2,25.6,51.2,25.6,0.0006957950766083968,0.8981411046323048,0.0,0.0
142,Device,Sum,conv2d_34/kernel/Regularizer/Sum,2,50.176,25.088,50.176,25.088,0.0006818791750762289,0.898822983807381,0.0,0.0
143,Device,Sum,conv2d_30/kernel/Regularizer/Sum,2,49.152,24.576,49.152,24.576,0.000667963273544061,0.899490947080925,0.0,0.0
144,Device,Sum,conv2d_32/kernel/Regularizer/Sum,2,49.152,24.576,49.152,24.576,0.000667963273544061,0.900158910354469,0.0,0.0
145,Device,Sum,conv2d_35/kernel/Regularizer/Sum,2,47.104,23.552,47.104,23.552,0.0006401314704797251,0.9007990418249487,0.0,0.0
146,Device,Mul,gradient_tape/conv2d_29/kernel/Regularizer/Mul,2,44.032,22.016,44.032,22.016,0.0005983837658832213,0.9013974255908319,0.0,0.0
147,Device,BiasAddGrad,gradient_tape/model/conv2d/BiasAdd/BiasAddGrad,2,43.008,21.504,43.008,21.504,0.0005844678643510534,0.901981893455183,0.0,0.0
148,Device,Conv2D,model/conv2d_9/Conv2D,2,41.985,20.9925,41.985,20.9925,0.0005705655525664754,0.9025524590077495,0.0,0.0
149,Device,Square,conv2d_29/kernel/Regularizer/Square,2,40.96,20.48,40.96,20.48,0.0005566360612867175,0.9031090950690362,0.0,0.0
150,Device,Tile,gradient_tape/conv2d_29/kernel/Regularizer/Tile,2,40.96,20.48,40.96,20.48,0.0005566360612867175,0.903665731130323,0.0,0.0
151,Device,Conv2D,model/conv2d_18/Conv2D,2,36.864,18.432,36.864,18.432,0.0005009724551580457,0.904166703585481,0.0,0.0
152,Device,AddN,SGD/gradients/AddN_37,2,34.816,17.408,34.816,17.408,0.0004731406520937099,0.9046398442375747,0.0,0.0
153,Device,AddN,SGD/gradients/AddN_39,2,34.816,17.408,34.816,17.408,0.0004731406520937099,0.9051129848896684,0.0,0.0
154,Device,AddN,SGD/gradients/AddN_42,2,34.816,17.408,34.816,17.408,0.0004731406520937099,0.9055861255417621,0.0,0.0
155,Device,AddN,SGD/gradients/AddN_43,2,34.816,17.408,34.816,17.408,0.0004731406520937099,0.9060592661938558,0.0,0.0
156,Device,AddN,SGD/gradients/AddN_44,2,34.816,17.408,34.816,17.408,0.0004731406520937099,0.9065324068459495,0.0,0.0
157,Device,AddN,SGD/gradients/AddN_34,2,33.792,16.896,33.792,16.896,0.00045922475056154195,0.9069916315965111,0.0,0.0
158,Device,AddN,SGD/gradients/AddN_35,2,33.792,16.896,33.792,16.896,0.00045922475056154195,0.9074508563470727,0.0,0.0
159,Device,AddN,SGD/gradients/AddN_36,2,33.792,16.896,33.792,16.896,0.00045922475056154195,0.9079100810976343,0.0,0.0
160,Device,AddN,SGD/gradients/AddN_38,2,33.792,16.896,33.792,16.896,0.00045922475056154195,0.9083693058481959,0.0,0.0
161,Device,Mul,gradient_tape/conv2d_17/kernel/Regularizer/Mul_1,2,33.792,16.896,33.792,16.896,0.00045922475056154195,0.9088285305987575,0.0,0.0
162,Device,Mul,gradient_tape/conv2d_26/kernel/Regularizer/Mul_1,2,32.768,16.384,32.768,16.384,0.000445308849029374,0.9092738394477868,0.0,0.0
163,Device,Mul,gradient_tape/conv2d_20/kernel/Regularizer/Mul_1,2,31.744,15.872,31.744,15.872,0.000431392947497206,0.909705232395284,0.0,0.0
164,Device,Mul,gradient_tape/conv2d_22/kernel/Regularizer/Mul_1,2,31.744,15.872,31.744,15.872,0.000431392947497206,0.9101366253427812,0.0,0.0
165,Device,Mul,gradient_tape/conv2d_23/kernel/Regularizer/Mul_1,2,31.744,15.872,31.744,15.872,0.000431392947497206,0.9105680182902783,0.0,0.0
166,Device,Mul,gradient_tape/conv2d_25/kernel/Regularizer/Mul_1,2,31.744,15.872,31.744,15.872,0.000431392947497206,0.9109994112377755,0.0,0.0
167,Device,Mul,gradient_tape/conv2d_19/kernel/Regularizer/Mul_1,2,30.722,15.361,30.722,15.361,0.00041750422546021817,0.9114169154632357,0.0,0.0
168,Device,AddN,ArithmeticOptimizer/AddOpsRewrite_AddN_1,8,30.72,3.84,30.72,3.84,0.0004174770459650381,0.9118343925092007,0.0,0.0
169,Device,Sum,conv2d_29/kernel/Regularizer/Sum,2,30.72,15.36,30.72,15.36,0.0004174770459650381,0.9122518695551658,0.0,0.0
170,Device,Mul,gradient_tape/conv2d_21/kernel/Regularizer/Mul_1,2,30.72,15.36,30.72,15.36,0.0004174770459650381,0.9126693466011309,0.0,0.0
171,Device,Mul,gradient_tape/conv2d_24/kernel/Regularizer/Mul_1,2,30.72,15.36,30.72,15.36,0.0004174770459650381,0.9130868236470959,0.0,0.0
172,Device,Mul,gradient_tape/conv2d_27/kernel/Regularizer/Mul_1,2,30.72,15.36,30.72,15.36,0.0004174770459650381,0.913504300693061,0.0,0.0
173,Device,Mul,gradient_tape/conv2d_28/kernel/Regularizer/Mul_1,2,30.72,15.36,30.72,15.36,0.0004174770459650381,0.913921777739026,0.0,0.0
174,Device,FusedBatchNormGradV3,gradient_tape/model/batch_normalization_1/FusedBatchNormGradV3,2,30.72,15.36,30.72,15.36,0.0004174770459650381,0.9143392547849911,0.0,0.0
175,Device,FusedBatchNormGradV3,gradient_tape/model/batch_normalization_3/FusedBatchNormGradV3,2,30.72,15.36,30.72,15.36,0.0004174770459650381,0.9147567318309562,0.0,0.0
176,Device,FusedBatchNormGradV3,gradient_tape/model/batch_normalization_4/FusedBatchNormGradV3,2,30.72,15.36,30.72,15.36,0.0004174770459650381,0.9151742088769212,0.0,0.0
177,Device,FusedBatchNormGradV3,gradient_tape/model/batch_normalization_5/FusedBatchNormGradV3,2,30.72,15.36,30.72,15.36,0.0004174770459650381,0.9155916859228863,0.0,0.0
178,Device,AddN,SGD/gradients/AddN_15,2,29.696,14.848,29.696,14.848,0.0004035611444328702,0.9159952470673192,0.0,0.0
179,Device,AddN,SGD/gradients/AddN_40,2,29.696,14.848,29.696,14.848,0.0004035611444328702,0.916398808211752,0.0,0.0
180,Device,ReluGrad,gradient_tape/model/activation_1/ReluGrad,2,29.696,14.848,29.696,14.848,0.0004035611444328702,0.9168023693561849,0.0,0.0
181,Device,FusedBatchNormGradV3,gradient_tape/model/batch_normalization_2/FusedBatchNormGradV3,2,29.696,14.848,29.696,14.848,0.0004035611444328702,0.9172059305006177,0.0,0.0
182,Device,FusedBatchNormGradV3,gradient_tape/model/batch_normalization_6/FusedBatchNormGradV3,2,29.696,14.848,29.696,14.848,0.0004035611444328702,0.9176094916450506,0.0,0.0
183,Device,AddN,SGD/gradients/AddN_41,2,28.672,14.336,28.672,14.336,0.00038964524290070225,0.9179991368879513,0.0,0.0
184,Device,Transpose,gradient_tape/model/conv2d/Conv2D/Conv2DBackpropFilter-0-TransposeNHWCToNCHW-LayoutOptimizer,2,27.648,13.824,27.648,13.824,0.0003757293413685343,0.9183748662293199,0.0,0.0
185,Device,FusedBatchNormV3,model/batch_normalization_31/FusedBatchNormV3,4,27.648,6.912,27.648,6.912,0.0003757293413685343,0.9187505955706884,0.0,0.0
186,Device,FusedBatchNormV3,model/batch_normalization_27/FusedBatchNormV3,4,26.624,6.656,26.624,6.656,0.00036181343983636633,0.9191124090105247,0.0,0.0
187,Device,FusedBatchNormV3,model/batch_normalization_28/FusedBatchNormV3,4,26.624,6.656,26.624,6.656,0.00036181343983636633,0.919474222450361,0.0,0.0
188,Device,FusedBatchNormV3,model/batch_normalization_29/FusedBatchNormV3,4,26.624,6.656,26.624,6.656,0.00036181343983636633,0.9198360358901974,0.0,0.0
189,Device,FusedBatchNormV3,model/batch_normalization_30/FusedBatchNormV3,4,26.624,6.656,26.624,6.656,0.00036181343983636633,0.9201978493300337,0.0,0.0
190,Device,FusedBatchNormV3,model/batch_normalization_32/FusedBatchNormV3,4,26.624,6.656,26.624,6.656,0.00036181343983636633,0.92055966276987,0.0,0.0
191,Device,BiasAddGrad,gradient_tape/model/conv2d_29/BiasAdd/BiasAddGrad,2,25.6,12.8,25.6,12.8,0.0003478975383041984,0.9209075603081742,0.0,0.0
192,Device,BiasAddGrad,gradient_tape/model/conv2d_33/BiasAdd/BiasAddGrad,2,25.6,12.8,25.6,12.8,0.0003478975383041984,0.9212554578464784,0.0,0.0
193,Device,BiasAddGrad,gradient_tape/model/conv2d_34/BiasAdd/BiasAddGrad,2,25.6,12.8,25.6,12.8,0.0003478975383041984,0.9216033553847827,0.0,0.0
194,Device,FusedBatchNormGradV3,gradient_tape/model/batch_normalization_27/FusedBatchNormGradV3,2,24.576,12.288,24.576,12.288,0.0003339816367720305,0.9219373370215547,0.0,0.0
195,Device,FusedBatchNormGradV3,gradient_tape/model/batch_normalization_28/FusedBatchNormGradV3,2,24.576,12.288,24.576,12.288,0.0003339816367720305,0.9222713186583267,0.0,0.0
196,Device,FusedBatchNormGradV3,gradient_tape/model/batch_normalization_29/FusedBatchNormGradV3,2,24.576,12.288,24.576,12.288,0.0003339816367720305,0.9226053002950987,0.0,0.0
197,Device,FusedBatchNormGradV3,gradient_tape/model/batch_normalization_30/FusedBatchNormGradV3,2,24.576,12.288,24.576,12.288,0.0003339816367720305,0.9229392819318707,0.0,0.0
198,Device,FusedBatchNormGradV3,gradient_tape/model/batch_normalization_31/FusedBatchNormGradV3,2,24.576,12.288,24.576,12.288,0.0003339816367720305,0.9232732635686427,0.0,0.0
199,Device,BiasAddGrad,gradient_tape/model/conv2d_32/BiasAdd/BiasAddGrad,2,24.576,12.288,24.576,12.288,0.0003339816367720305,0.9236072452054147,0.0,0.0
200,Device,BiasAddGrad,gradient_tape/model/conv2d_35/BiasAdd/BiasAddGrad,2,24.576,12.288,24.576,12.288,0.0003339816367720305,0.9239412268421867,0.0,0.0
201,Device,Sum,conv2d_19/kernel/Regularizer/Sum,2,23.552,11.776,23.552,11.776,0.00032006573523986256,0.9242612925774266,0.0,0.0
202,Device,Sum,conv2d_21/kernel/Regularizer/Sum,2,23.552,11.776,23.552,11.776,0.00032006573523986256,0.9245813583126665,0.0,0.0
203,Device,Square,conv2d_26/kernel/Regularizer/Square,2,22.529,11.2645,22.529,11.2645,0.00030616342345528465,0.9248875217361218,0.0,0.0
204,Device,ResourceApplyGradientDescent,SGD/SGD/update_104/ResourceApplyGradientDescent,2,22.528,11.264,22.528,11.264,0.0003061498337076946,0.9251936715698295,0.0,0.0
205,Device,ResourceApplyGradientDescent,SGD/SGD/update_88/ResourceApplyGradientDescent,2,22.528,11.264,22.528,11.264,0.0003061498337076946,0.9254998214035371,0.0,0.0
206,Device,ResourceApplyGradientDescent,SGD/SGD/update_92/ResourceApplyGradientDescent,2,22.528,11.264,22.528,11.264,0.0003061498337076946,0.9258059712372448,0.0,0.0
207,Device,Square,conv2d_21/kernel/Regularizer/Square,2,22.528,11.264,22.528,11.264,0.0003061498337076946,0.9261121210709525,0.0,0.0
208,Device,Square,conv2d_24/kernel/Regularizer/Square,2,22.528,11.264,22.528,11.264,0.0003061498337076946,0.9264182709046602,0.0,0.0
209,Device,Sum,conv2d_24/kernel/Regularizer/Sum,2,22.528,11.264,22.528,11.264,0.0003061498337076946,0.9267244207383679,0.0,0.0
210,Device,Square,conv2d_25/kernel/Regularizer/Square,2,22.528,11.264,22.528,11.264,0.0003061498337076946,0.9270305705720756,0.0,0.0
211,Device,Sum,conv2d_26/kernel/Regularizer/Sum,2,22.528,11.264,22.528,11.264,0.0003061498337076946,0.9273367204057833,0.0,0.0
212,Device,Sum,conv2d_28/kernel/Regularizer/Sum,2,22.528,11.264,22.528,11.264,0.0003061498337076946,0.927642870239491,0.0,0.0
213,Device,FusedBatchNormGradV3,gradient_tape/model/batch_normalization_32/FusedBatchNormGradV3,2,22.528,11.264,22.528,11.264,0.0003061498337076946,0.9279490200731987,0.0,0.0
214,Device,ResourceApplyGradientDescent,SGD/SGD/update_100/ResourceApplyGradientDescent,2,21.504,10.752,21.504,10.752,0.0002922339321755267,0.9282412540053742,0.0,0.0
215,Device,ResourceApplyGradientDescent,SGD/SGD/update_108/ResourceApplyGradientDescent,2,21.504,10.752,21.504,10.752,0.0002922339321755267,0.9285334879375496,0.0,0.0
216,Device,ResourceApplyGradientDescent,SGD/SGD/update_68/ResourceApplyGradientDescent,2,21.504,10.752,21.504,10.752,0.0002922339321755267,0.9288257218697251,0.0,0.0
217,Device,ResourceApplyGradientDescent,SGD/SGD/update_72/ResourceApplyGradientDescent,2,21.504,10.752,21.504,10.752,0.0002922339321755267,0.9291179558019006,0.0,0.0
218,Device,ResourceApplyGradientDescent,SGD/SGD/update_76/ResourceApplyGradientDescent,2,21.504,10.752,21.504,10.752,0.0002922339321755267,0.9294101897340761,0.0,0.0
219,Device,ResourceApplyGradientDescent,SGD/SGD/update_80/ResourceApplyGradientDescent,2,21.504,10.752,21.504,10.752,0.0002922339321755267,0.9297024236662516,0.0,0.0
220,Device,ResourceApplyGradientDescent,SGD/SGD/update_96/ResourceApplyGradientDescent,2,21.504,10.752,21.504,10.752,0.0002922339321755267,0.929994657598427,0.0,0.0
221,Device,Square,conv2d_17/kernel/Regularizer/Square,2,21.504,10.752,21.504,10.752,0.0002922339321755267,0.9302868915306025,0.0,0.0
222,Device,Sum,conv2d_20/kernel/Regularizer/Sum,2,21.504,10.752,21.504,10.752,0.0002922339321755267,0.930579125462778,0.0,0.0
223,Device,Square,conv2d_27/kernel/Regularizer/Square,2,21.504,10.752,21.504,10.752,0.0002922339321755267,0.9308713593949535,0.0,0.0
224,Device,Sum,conv2d_27/kernel/Regularizer/Sum,2,21.504,10.752,21.504,10.752,0.0002922339321755267,0.931163593327129,0.0,0.0
225,Device,Tile,gradient_tape/conv2d_17/kernel/Regularizer/Tile,2,21.504,10.752,21.504,10.752,0.0002922339321755267,0.9314558272593044,0.0,0.0
226,Device,MatMul,model/dense/MatMul,2,21.504,10.752,21.504,10.752,0.0002922339321755267,0.9317480611914799,0.0,0.0
227,Device,ResourceApplyGradientDescent,SGD/SGD/update_84/ResourceApplyGradientDescent,2,20.48,10.24,20.48,10.24,0.00027831803064335873,0.9320263792221233,0.0,0.0
228,Device,AddN,SGD/gradients/AddN_13,2,20.48,10.24,20.48,10.24,0.00027831803064335873,0.9323046972527667,0.0,0.0
229,Device,AddN,SGD/gradients/AddN_14,2,20.48,10.24,20.48,10.24,0.00027831803064335873,0.93258301528341,0.0,0.0
230,Device,AddN,SGD/gradients/AddN_32,2,20.48,10.24,20.48,10.24,0.00027831803064335873,0.9328613333140534,0.0,0.0
231,Device,Sum,conv2d_17/kernel/Regularizer/Sum,2,20.48,10.24,20.48,10.24,0.00027831803064335873,0.9331396513446968,0.0,0.0
232,Device,Square,conv2d_19/kernel/Regularizer/Square,2,20.48,10.24,20.48,10.24,0.00027831803064335873,0.9334179693753402,0.0,0.0
233,Device,Square,conv2d_20/kernel/Regularizer/Square,2,20.48,10.24,20.48,10.24,0.00027831803064335873,0.9336962874059835,0.0,0.0
234,Device,Square,conv2d_22/kernel/Regularizer/Square,2,20.48,10.24,20.48,10.24,0.00027831803064335873,0.9339746054366269,0.0,0.0
235,Device,Sum,conv2d_23/kernel/Regularizer/Sum,2,20.48,10.24,20.48,10.24,0.00027831803064335873,0.9342529234672703,0.0,0.0
236,Device,Sum,conv2d_25/kernel/Regularizer/Sum,2,20.48,10.24,20.48,10.24,0.00027831803064335873,0.9345312414979137,0.0,0.0
237,Device,Square,conv2d_28/kernel/Regularizer/Square,2,20.48,10.24,20.48,10.24,0.00027831803064335873,0.934809559528557,0.0,0.0
238,Device,FusedBatchNormGradV3,gradient_tape/model/batch_normalization_18/FusedBatchNormGradV3,2,20.48,10.24,20.48,10.24,0.00027831803064335873,0.9350878775592004,0.0,0.0
239,Device,FusedBatchNormGradV3,gradient_tape/model/batch_normalization_19/FusedBatchNormGradV3,2,20.48,10.24,20.48,10.24,0.00027831803064335873,0.9353661955898438,0.0,0.0
240,Device,FusedBatchNormGradV3,gradient_tape/model/batch_normalization_22/FusedBatchNormGradV3,2,20.48,10.24,20.48,10.24,0.00027831803064335873,0.9356445136204872,0.0,0.0
241,Device,FusedBatchNormGradV3,gradient_tape/model/batch_normalization_24/FusedBatchNormGradV3,2,20.48,10.24,20.48,10.24,0.00027831803064335873,0.9359228316511305,0.0,0.0
242,Device,FusedBatchNormGradV3,gradient_tape/model/batch_normalization_25/FusedBatchNormGradV3,2,20.48,10.24,20.48,10.24,0.00027831803064335873,0.9362011496817739,0.0,0.0
243,Device,BiasAddGrad,gradient_tape/model/conv2d_2/BiasAdd/BiasAddGrad,2,20.48,10.24,20.48,10.24,0.00027831803064335873,0.9364794677124173,0.0,0.0
244,Device,BiasAddGrad,gradient_tape/model/conv2d_3/BiasAdd/BiasAddGrad,2,20.48,10.24,20.48,10.24,0.00027831803064335873,0.9367577857430607,0.0,0.0
245,Device,BiasAddGrad,gradient_tape/model/conv2d_31/BiasAdd/BiasAddGrad,2,20.48,10.24,20.48,10.24,0.00027831803064335873,0.937036103773704,0.0,0.0
246,Device,BiasAddGrad,gradient_tape/model/conv2d_4/BiasAdd/BiasAddGrad,2,20.48,10.24,20.48,10.24,0.00027831803064335873,0.9373144218043474,0.0,0.0
247,Device,BiasAddGrad,gradient_tape/model/conv2d_5/BiasAdd/BiasAddGrad,2,20.48,10.24,20.48,10.24,0.00027831803064335873,0.9375927398349908,0.0,0.0
248,Device,MatMul,gradient_tape/model/dense/MatMul/MatMul_1,2,20.48,10.24,20.48,10.24,0.00027831803064335873,0.9378710578656342,0.0,0.0
249,Device,FusedBatchNormV3,model/batch_normalization_15/FusedBatchNormV3,4,20.48,5.12,20.48,5.12,0.00027831803064335873,0.9381493758962776,0.0,0.0
250,Device,FusedBatchNormV3,model/batch_normalization_17/FusedBatchNormV3,4,20.48,5.12,20.48,5.12,0.00027831803064335873,0.9384276939269209,0.0,0.0
251,Device,FusedBatchNormV3,model/batch_normalization_18/FusedBatchNormV3,4,20.48,5.12,20.48,5.12,0.00027831803064335873,0.9387060119575643,0.0,0.0
252,Device,FusedBatchNormV3,model/batch_normalization_19/FusedBatchNormV3,4,20.48,5.12,20.48,5.12,0.00027831803064335873,0.9389843299882077,0.0,0.0
253,Device,FusedBatchNormV3,model/batch_normalization_2/FusedBatchNormV3,4,20.48,5.12,20.48,5.12,0.00027831803064335873,0.9392626480188511,0.0,0.0
254,Device,FusedBatchNormV3,model/batch_normalization_22/FusedBatchNormV3,4,20.48,5.12,20.48,5.12,0.00027831803064335873,0.9395409660494944,0.0,0.0
255,Device,FusedBatchNormV3,model/batch_normalization_23/FusedBatchNormV3,4,20.48,5.12,20.48,5.12,0.00027831803064335873,0.9398192840801378,0.0,0.0
256,Device,FusedBatchNormV3,model/batch_normalization_25/FusedBatchNormV3,4,20.48,5.12,20.48,5.12,0.00027831803064335873,0.9400976021107812,0.0,0.0
257,Device,FusedBatchNormV3,model/batch_normalization_26/FusedBatchNormV3,4,20.48,5.12,20.48,5.12,0.00027831803064335873,0.9403759201414246,0.0,0.0
258,Device,FusedBatchNormV3,model/batch_normalization_4/FusedBatchNormV3,4,20.48,5.12,20.48,5.12,0.00027831803064335873,0.940654238172068,0.0,0.0
259,Device,FusedBatchNormV3,model/batch_normalization_5/FusedBatchNormV3,4,20.48,5.12,20.48,5.12,0.00027831803064335873,0.9409325562027113,0.0,0.0
260,Device,FusedBatchNormV3,model/batch_normalization_6/FusedBatchNormV3,4,20.48,5.12,20.48,5.12,0.00027831803064335873,0.9412108742333547,0.0,0.0
261,Device,Softmax,model/dense/Softmax,2,20.48,10.24,20.48,10.24,0.00027831803064335873,0.9414891922639981,0.0,0.0
262,Device,ReluGrad,gradient_tape/model/activation_6/ReluGrad,2,19.456,9.728,19.456,9.728,0.0002644021291111908,0.9417535943931092,0.0,0.0
263,Device,FusedBatchNormGradV3,gradient_tape/model/batch_normalization_15/FusedBatchNormGradV3,2,19.456,9.728,19.456,9.728,0.0002644021291111908,0.9420179965222204,0.0,0.0
264,Device,FusedBatchNormGradV3,gradient_tape/model/batch_normalization_16/FusedBatchNormGradV3,2,19.456,9.728,19.456,9.728,0.0002644021291111908,0.9422823986513316,0.0,0.0
265,Device,FusedBatchNormGradV3,gradient_tape/model/batch_normalization_17/FusedBatchNormGradV3,2,19.456,9.728,19.456,9.728,0.0002644021291111908,0.9425468007804427,0.0,0.0
266,Device,FusedBatchNormGradV3,gradient_tape/model/batch_normalization_20/FusedBatchNormGradV3,2,19.456,9.728,19.456,9.728,0.0002644021291111908,0.9428112029095539,0.0,0.0
267,Device,FusedBatchNormGradV3,gradient_tape/model/batch_normalization_23/FusedBatchNormGradV3,2,19.456,9.728,19.456,9.728,0.0002644021291111908,0.943075605038665,0.0,0.0
268,Device,FusedBatchNormGradV3,gradient_tape/model/batch_normalization_26/FusedBatchNormGradV3,2,19.456,9.728,19.456,9.728,0.0002644021291111908,0.9433400071677762,0.0,0.0
269,Device,BiasAddGrad,gradient_tape/model/conv2d_1/BiasAdd/BiasAddGrad,2,19.456,9.728,19.456,9.728,0.0002644021291111908,0.9436044092968874,0.0,0.0
270,Device,BiasAddGrad,gradient_tape/model/conv2d_20/BiasAdd/BiasAddGrad,2,19.456,9.728,19.456,9.728,0.0002644021291111908,0.9438688114259985,0.0,0.0
271,Device,BiasAddGrad,gradient_tape/model/conv2d_21/BiasAdd/BiasAddGrad,2,19.456,9.728,19.456,9.728,0.0002644021291111908,0.9441332135551097,0.0,0.0
272,Device,BiasAddGrad,gradient_tape/model/conv2d_26/BiasAdd/BiasAddGrad,2,19.456,9.728,19.456,9.728,0.0002644021291111908,0.9443976156842209,0.0,0.0
273,Device,FusedBatchNormV3,model/batch_normalization_1/FusedBatchNormV3,4,19.456,4.864,19.456,4.864,0.0002644021291111908,0.944662017813332,0.0,0.0
274,Device,FusedBatchNormV3,model/batch_normalization_16/FusedBatchNormV3,4,19.456,4.864,19.456,4.864,0.0002644021291111908,0.9449264199424432,0.0,0.0
275,Device,FusedBatchNormV3,model/batch_normalization_20/FusedBatchNormV3,4,19.456,4.864,19.456,4.864,0.0002644021291111908,0.9451908220715544,0.0,0.0
276,Device,Sum,conv2d_22/kernel/Regularizer/Sum,2,18.432,9.216,18.432,9.216,0.00025048622757902286,0.9454413082991334,0.0,0.0
277,Device,Square,conv2d_23/kernel/Regularizer/Square,2,18.432,9.216,18.432,9.216,0.00025048622757902286,0.9456917945267125,0.0,0.0
278,Device,Mul,gradient_tape/conv2d_16/kernel/Regularizer/Mul_1,2,18.432,9.216,18.432,9.216,0.00025048622757902286,0.9459422807542915,0.0,0.0
279,Device,ReluGrad,gradient_tape/model/activation_3/ReluGrad,2,18.432,9.216,18.432,9.216,0.00025048622757902286,0.9461927669818706,0.0,0.0
280,Device,FusedBatchNormGradV3,gradient_tape/model/batch_normalization_21/FusedBatchNormGradV3,2,18.432,9.216,18.432,9.216,0.00025048622757902286,0.9464432532094497,0.0,0.0
281,Device,BiasAddGrad,gradient_tape/model/conv2d_19/BiasAdd/BiasAddGrad,2,18.432,9.216,18.432,9.216,0.00025048622757902286,0.9466937394370287,0.0,0.0
282,Device,BiasAddGrad,gradient_tape/model/conv2d_22/BiasAdd/BiasAddGrad,2,18.432,9.216,18.432,9.216,0.00025048622757902286,0.9469442256646078,0.0,0.0
283,Device,BiasAddGrad,gradient_tape/model/conv2d_23/BiasAdd/BiasAddGrad,2,18.432,9.216,18.432,9.216,0.00025048622757902286,0.9471947118921868,0.0,0.0
284,Device,BiasAddGrad,gradient_tape/model/conv2d_24/BiasAdd/BiasAddGrad,2,18.432,9.216,18.432,9.216,0.00025048622757902286,0.9474451981197659,0.0,0.0
285,Device,BiasAddGrad,gradient_tape/model/conv2d_25/BiasAdd/BiasAddGrad,2,18.432,9.216,18.432,9.216,0.00025048622757902286,0.947695684347345,0.0,0.0
286,Device,BiasAddGrad,gradient_tape/model/conv2d_27/BiasAdd/BiasAddGrad,2,18.432,9.216,18.432,9.216,0.00025048622757902286,0.947946170574924,0.0,0.0
287,Device,BiasAddGrad,gradient_tape/model/conv2d_28/BiasAdd/BiasAddGrad,2,18.432,9.216,18.432,9.216,0.00025048622757902286,0.9481966568025031,0.0,0.0
288,Device,BiasAddGrad,gradient_tape/model/conv2d_6/BiasAdd/BiasAddGrad,2,18.432,9.216,18.432,9.216,0.00025048622757902286,0.9484471430300822,0.0,0.0
289,Device,FusedBatchNormV3,model/batch_normalization_21/FusedBatchNormV3,4,18.432,4.608,18.432,4.608,0.00025048622757902286,0.9486976292576612,0.0,0.0
290,Device,FusedBatchNormV3,model/batch_normalization_3/FusedBatchNormV3,4,18.432,4.608,18.432,4.608,0.00025048622757902286,0.9489481154852403,0.0,0.0
291,Device,Sum,conv2d_11/kernel/Regularizer/Sum,2,17.408,8.704,17.408,8.704,0.00023657032604685495,0.9491846858112871,0.0,0.0
292,Device,Sum,conv2d_16/kernel/Regularizer/Sum,2,17.408,8.704,17.408,8.704,0.00023657032604685495,0.949421256137334,0.0,0.0
293,Device,Sum,conv2d_8/kernel/Regularizer/Sum,2,17.408,8.704,17.408,8.704,0.00023657032604685495,0.9496578264633808,0.0,0.0
294,Device,ReluGrad,gradient_tape/model/activation_2/ReluGrad,2,17.408,8.704,17.408,8.704,0.00023657032604685495,0.9498943967894277,0.0,0.0
295,Device,ReluGrad,gradient_tape/model/activation_4/ReluGrad,2,17.408,8.704,17.408,8.704,0.00023657032604685495,0.9501309671154745,0.0,0.0
296,Device,ReluGrad,gradient_tape/model/activation_5/ReluGrad,2,17.408,8.704,17.408,8.704,0.00023657032604685495,0.9503675374415214,0.0,0.0
297,Device,FusedBatchNormGradV3,gradient_tape/model/batch_normalization_14/FusedBatchNormGradV3,2,17.408,8.704,17.408,8.704,0.00023657032604685495,0.9506041077675682,0.0,0.0
298,Device,FusedBatchNormGradV3,gradient_tape/model/batch_normalization_7/FusedBatchNormGradV3,2,17.408,8.704,17.408,8.704,0.00023657032604685495,0.950840678093615,0.0,0.0
299,Device,BiasAddGrad,gradient_tape/model/conv2d_12/BiasAdd/BiasAddGrad,2,17.408,8.704,17.408,8.704,0.00023657032604685495,0.9510772484196619,0.0,0.0
300,Device,BiasAddGrad,gradient_tape/model/conv2d_15/BiasAdd/BiasAddGrad,2,17.408,8.704,17.408,8.704,0.00023657032604685495,0.9513138187457088,0.0,0.0
301,Device,BiasAddGrad,gradient_tape/model/conv2d_16/BiasAdd/BiasAddGrad,2,17.408,8.704,17.408,8.704,0.00023657032604685495,0.9515503890717556,0.0,0.0
302,Device,FusedBatchNormV3,model/batch_normalization_13/FusedBatchNormV3,4,17.408,4.352,17.408,4.352,0.00023657032604685495,0.9517869593978024,0.0,0.0
303,Device,FusedBatchNormGradV3,gradient_tape/model/batch_normalization_10/FusedBatchNormGradV3,2,16.385,8.1925,16.385,8.1925,0.00022266801426227702,0.9520096274120647,0.0,0.0
304,Device,AddN,SGD/gradients/AddN_12,2,16.384,8.192,16.384,8.192,0.000222654424514687,0.9522322818365794,0.0,0.0
305,Device,Sum,conv2d_10/kernel/Regularizer/Sum,2,16.384,8.192,16.384,8.192,0.000222654424514687,0.952454936261094,0.0,0.0
306,Device,Sum,conv2d_13/kernel/Regularizer/Sum,2,16.384,8.192,16.384,8.192,0.000222654424514687,0.9526775906856086,0.0,0.0
307,Device,FusedBatchNormGradV3,gradient_tape/model/batch_normalization_11/FusedBatchNormGradV3,2,16.384,8.192,16.384,8.192,0.000222654424514687,0.9529002451101233,0.0,0.0
308,Device,FusedBatchNormGradV3,gradient_tape/model/batch_normalization_12/FusedBatchNormGradV3,2,16.384,8.192,16.384,8.192,0.000222654424514687,0.9531228995346379,0.0,0.0
309,Device,FusedBatchNormGradV3,gradient_tape/model/batch_normalization_13/FusedBatchNormGradV3,2,16.384,8.192,16.384,8.192,0.000222654424514687,0.9533455539591525,0.0,0.0
310,Device,BiasAddGrad,gradient_tape/model/conv2d_10/BiasAdd/BiasAddGrad,2,16.384,8.192,16.384,8.192,0.000222654424514687,0.9535682083836672,0.0,0.0
311,Device,BiasAddGrad,gradient_tape/model/conv2d_11/BiasAdd/BiasAddGrad,2,16.384,8.192,16.384,8.192,0.000222654424514687,0.9537908628081818,0.0,0.0
312,Device,BiasAddGrad,gradient_tape/model/conv2d_13/BiasAdd/BiasAddGrad,2,16.384,8.192,16.384,8.192,0.000222654424514687,0.9540135172326965,0.0,0.0
313,Device,BiasAddGrad,gradient_tape/model/conv2d_14/BiasAdd/BiasAddGrad,2,16.384,8.192,16.384,8.192,0.000222654424514687,0.9542361716572111,0.0,0.0
314,Device,BiasAddGrad,gradient_tape/model/conv2d_18/BiasAdd/BiasAddGrad,2,16.384,8.192,16.384,8.192,0.000222654424514687,0.9544588260817257,0.0,0.0
315,Device,AddV2,model/add_1/add,2,16.384,8.192,16.384,8.192,0.000222654424514687,0.9546814805062404,0.0,0.0
316,Device,AddV2,model/add_2/add,2,16.384,8.192,16.384,8.192,0.000222654424514687,0.954904134930755,0.0,0.0
317,Device,FusedBatchNormV3,model/batch_normalization_12/FusedBatchNormV3,4,16.384,4.096,16.384,4.096,0.000222654424514687,0.9551267893552696,0.0,0.0
318,Device,FusedBatchNormV3,model/batch_normalization_14/FusedBatchNormV3,4,16.384,4.096,16.384,4.096,0.000222654424514687,0.9553494437797843,0.0,0.0
319,Device,FusedBatchNormV3,model/batch_normalization_24/FusedBatchNormV3,4,16.384,4.096,16.384,4.096,0.000222654424514687,0.9555720982042989,0.0,0.0
320,Device,FusedBatchNormV3,model/batch_normalization_7/FusedBatchNormV3,4,16.384,4.096,16.384,4.096,0.000222654424514687,0.9557947526288135,0.0,0.0
321,Device,FusedBatchNormV3,model/batch_normalization_9/FusedBatchNormV3,4,16.384,4.096,16.384,4.096,0.000222654424514687,0.9560174070533282,0.0,0.0
322,Device,Sum,conv2d_12/kernel/Regularizer/Sum,2,15.36,7.68,15.36,7.68,0.00020873852298251906,0.9562261455763107,0.0,0.0
323,Device,Sum,conv2d_14/kernel/Regularizer/Sum,2,15.36,7.68,15.36,7.68,0.00020873852298251906,0.9564348840992932,0.0,0.0
324,Device,Sum,conv2d_15/kernel/Regularizer/Sum,2,15.36,7.68,15.36,7.68,0.00020873852298251906,0.9566436226222758,0.0,0.0
325,Device,Mul,gradient_tape/conv2d_16/kernel/Regularizer/Mul,2,15.36,7.68,15.36,7.68,0.00020873852298251906,0.9568523611452583,0.0,0.0
326,Device,Mul,gradient_tape/conv2d_17/kernel/Regularizer/Mul,2,15.36,7.68,15.36,7.68,0.00020873852298251906,0.9570610996682408,0.0,0.0
327,Device,ReluGrad,gradient_tape/model/activation_7/ReluGrad,2,15.36,7.68,15.36,7.68,0.00020873852298251906,0.9572698381912234,0.0,0.0
328,Device,FusedBatchNormGradV3,gradient_tape/model/batch_normalization_8/FusedBatchNormGradV3,2,15.36,7.68,15.36,7.68,0.00020873852298251906,0.9574785767142059,0.0,0.0
329,Device,FusedBatchNormGradV3,gradient_tape/model/batch_normalization_9/FusedBatchNormGradV3,2,15.36,7.68,15.36,7.68,0.00020873852298251906,0.9576873152371884,0.0,0.0
330,Device,BiasAddGrad,gradient_tape/model/conv2d_7/BiasAdd/BiasAddGrad,2,15.36,7.68,15.36,7.68,0.00020873852298251906,0.957896053760171,0.0,0.0
331,Device,FusedBatchNormV3,model/batch_normalization_10/FusedBatchNormV3,4,15.36,3.84,15.36,3.84,0.00020873852298251906,0.9581047922831535,0.0,0.0
332,Device,FusedBatchNormV3,model/batch_normalization_11/FusedBatchNormV3,4,15.36,3.84,15.36,3.84,0.00020873852298251906,0.958313530806136,0.0,0.0
333,Device,FusedBatchNormV3,model/batch_normalization_8/FusedBatchNormV3,4,15.36,3.84,15.36,3.84,0.00020873852298251906,0.9585222693291185,0.0,0.0
334,Device,Sum,conv2d_31/kernel/Regularizer/Sum,2,14.336,7.168,14.336,7.168,0.00019482262145035113,0.9587170919505689,0.0,0.0
335,Device,Sum,conv2d_5/kernel/Regularizer/Sum,2,14.336,7.168,14.336,7.168,0.00019482262145035113,0.9589119145720192,0.0,0.0
336,Device,Tile,gradient_tape/conv2d_16/kernel/Regularizer/Tile,2,14.336,7.168,14.336,7.168,0.00019482262145035113,0.9591067371934695,0.0,0.0
337,Device,AddV2,model/add/add,2,14.336,7.168,14.336,7.168,0.00019482262145035113,0.9593015598149198,0.0,0.0
338,Device,ResourceApplyGradientDescent,SGD/SGD/update_62/ResourceApplyGradientDescent,2,13.312,6.656,13.312,6.656,0.00018090671991818317,0.959482466534838,0.0,0.0
339,Device,AddN,SGD/gradients/AddN_10,2,13.312,6.656,13.312,6.656,0.00018090671991818317,0.9596633732547563,0.0,0.0
340,Device,AddN,SGD/gradients/AddN_11,2,13.312,6.656,13.312,6.656,0.00018090671991818317,0.9598442799746745,0.0,0.0
341,Device,Sum,conv2d_1/kernel/Regularizer/Sum,2,13.312,6.656,13.312,6.656,0.00018090671991818317,0.9600251866945927,0.0,0.0
342,Device,Square,conv2d_12/kernel/Regularizer/Square,2,13.312,6.656,13.312,6.656,0.00018090671991818317,0.9602060934145109,0.0,0.0
343,Device,Square,conv2d_16/kernel/Regularizer/Square,2,13.312,6.656,13.312,6.656,0.00018090671991818317,0.9603870001344291,0.0,0.0
344,Device,Sum,conv2d_3/kernel/Regularizer/Sum,2,13.312,6.656,13.312,6.656,0.00018090671991818317,0.9605679068543473,0.0,0.0
345,Device,Tile,gradient_tape/conv2d_1/kernel/Regularizer/Tile,2,13.312,6.656,13.312,6.656,0.00018090671991818317,0.9607488135742656,0.0,0.0
346,Device,Tile,gradient_tape/conv2d_8/kernel/Regularizer/Tile,2,13.312,6.656,13.312,6.656,0.00018090671991818317,0.9609297202941838,0.0,0.0
347,Device,BiasAddGrad,gradient_tape/model/conv2d_9/BiasAdd/BiasAddGrad,2,13.312,6.656,13.312,6.656,0.00018090671991818317,0.961110627014102,0.0,0.0
348,Device,ResourceApplyGradientDescent,SGD/SGD/update_116/ResourceApplyGradientDescent,2,12.288,6.144,12.288,6.144,0.00016699081838601526,0.961277617832488,0.0,0.0
349,Device,AddN,SGD/gradients/AddN_25,2,12.288,6.144,12.288,6.144,0.00016699081838601526,0.961444608650874,0.0,0.0
350,Device,AddN,SGD/gradients/AddN_31,2,12.288,6.144,12.288,6.144,0.00016699081838601526,0.96161159946926,0.0,0.0
351,Device,AddN,SGD/gradients/AddN_46,2,12.288,6.144,12.288,6.144,0.00016699081838601526,0.961778590287646,0.0,0.0
352,Device,AddN,SGD/gradients/AddN_9,2,12.288,6.144,12.288,6.144,0.00016699081838601526,0.961945581106032,0.0,0.0
353,Device,Sum,conv2d/kernel/Regularizer/Sum,2,12.288,6.144,12.288,6.144,0.00016699081838601526,0.962112571924418,0.0,0.0
354,Device,Sum,conv2d_18/kernel/Regularizer/Sum,2,12.288,6.144,12.288,6.144,0.00016699081838601526,0.962279562742804,0.0,0.0
355,Device,Sum,conv2d_2/kernel/Regularizer/Sum,2,12.288,6.144,12.288,6.144,0.00016699081838601526,0.96244655356119,0.0,0.0
356,Device,Sum,conv2d_4/kernel/Regularizer/Sum,2,12.288,6.144,12.288,6.144,0.00016699081838601526,0.962613544379576,0.0,0.0
357,Device,Sum,conv2d_7/kernel/Regularizer/Sum,2,12.288,6.144,12.288,6.144,0.00016699081838601526,0.962780535197962,0.0,0.0
358,Device,Mul,gradient_tape/conv2d_10/kernel/Regularizer/Mul_1,2,12.288,6.144,12.288,6.144,0.00016699081838601526,0.962947526016348,0.0,0.0
359,Device,Mul,gradient_tape/conv2d_15/kernel/Regularizer/Mul,2,12.288,6.144,12.288,6.144,0.00016699081838601526,0.963114516834734,0.0,0.0
360,Device,Tile,gradient_tape/conv2d_18/kernel/Regularizer/Tile,2,12.288,6.144,12.288,6.144,0.00016699081838601526,0.96328150765312,0.0,0.0
361,Device,Mul,gradient_tape/conv2d_31/kernel/Regularizer/Mul_1,2,12.288,6.144,12.288,6.144,0.00016699081838601526,0.963448498471506,0.0,0.0
362,Device,Tile,gradient_tape/conv2d_31/kernel/Regularizer/Tile,2,12.288,6.144,12.288,6.144,0.00016699081838601526,0.963615489289892,0.0,0.0
363,Device,Tile,gradient_tape/conv2d_7/kernel/Regularizer/Tile,2,12.288,6.144,12.288,6.144,0.00016699081838601526,0.963782480108278,0.0,0.0
364,Device,ReluGrad,gradient_tape/model/activation_10/ReluGrad,2,12.288,6.144,12.288,6.144,0.00016699081838601526,0.963949470926664,0.0,0.0
365,Device,ReluGrad,gradient_tape/model/activation_11/ReluGrad,2,12.288,6.144,12.288,6.144,0.00016699081838601526,0.9641164617450501,0.0,0.0
366,Device,ReluGrad,gradient_tape/model/activation_12/ReluGrad,2,12.288,6.144,12.288,6.144,0.00016699081838601526,0.9642834525634361,0.0,0.0
367,Device,ReluGrad,gradient_tape/model/activation_13/ReluGrad,2,12.288,6.144,12.288,6.144,0.00016699081838601526,0.9644504433818221,0.0,0.0
368,Device,ReluGrad,gradient_tape/model/activation_14/ReluGrad,2,12.288,6.144,12.288,6.144,0.00016699081838601526,0.9646174342002081,0.0,0.0
369,Device,ReluGrad,gradient_tape/model/activation_15/ReluGrad,2,12.288,6.144,12.288,6.144,0.00016699081838601526,0.9647844250185941,0.0,0.0
370,Device,ReluGrad,gradient_tape/model/activation_26/ReluGrad,2,12.288,6.144,12.288,6.144,0.00016699081838601526,0.9649514158369801,0.0,0.0
371,Device,ReluGrad,gradient_tape/model/activation_8/ReluGrad,2,12.288,6.144,12.288,6.144,0.00016699081838601526,0.9651184066553661,0.0,0.0
372,Device,ReluGrad,gradient_tape/model/activation_9/ReluGrad,2,12.288,6.144,12.288,6.144,0.00016699081838601526,0.9652853974737521,0.0,0.0
373,Device,AddV2,model/add_4/add,2,12.288,6.144,12.288,6.144,0.00016699081838601526,0.9654523882921381,0.0,0.0
374,Device,AddN,SGD/gradients/AddN_28,2,11.264,5.632,11.264,5.632,0.0001530749168538473,0.965605463208992,0.0,0.0
375,Device,AddN,SGD/gradients/AddN_29,2,11.264,5.632,11.264,5.632,0.0001530749168538473,0.9657585381258459,0.0,0.0
376,Device,AddN,SGD/gradients/AddN_30,2,11.264,5.632,11.264,5.632,0.0001530749168538473,0.9659116130426998,0.0,0.0
377,Device,Sum,conv2d_6/kernel/Regularizer/Sum,2,11.264,5.632,11.264,5.632,0.0001530749168538473,0.9660646879595537,0.0,0.0
378,Device,Sum,conv2d_9/kernel/Regularizer/Sum,2,11.264,5.632,11.264,5.632,0.0001530749168538473,0.9662177628764076,0.0,0.0
379,Device,Mul,gradient_tape/conv2d_11/kernel/Regularizer/Mul_1,2,11.264,5.632,11.264,5.632,0.0001530749168538473,0.9663708377932615,0.0,0.0
380,Device,Mul,gradient_tape/conv2d_14/kernel/Regularizer/Mul,2,11.264,5.632,11.264,5.632,0.0001530749168538473,0.9665239127101154,0.0,0.0
381,Device,Mul,gradient_tape/conv2d_15/kernel/Regularizer/Mul_1,2,11.264,5.632,11.264,5.632,0.0001530749168538473,0.9666769876269693,0.0,0.0
382,Device,ReluGrad,gradient_tape/model/activation_22/ReluGrad,2,11.264,5.632,11.264,5.632,0.0001530749168538473,0.9668300625438232,0.0,0.0
383,Device,BiasAddGrad,gradient_tape/model/dense/BiasAdd/BiasAddGrad,2,11.264,5.632,11.264,5.632,0.0001530749168538473,0.9669831374606771,0.0,0.0
384,Device,AddV2,model/add_3/add,2,11.264,5.632,11.264,5.632,0.0001530749168538473,0.967136212377531,0.0,0.0
385,Device,AddV2,model/add_6/add,2,11.264,5.632,11.264,5.632,0.0001530749168538473,0.9672892872943849,0.0,0.0
386,Device,ResourceApplyGradientDescent,SGD/SGD/update_34/ResourceApplyGradientDescent,2,10.24,5.12,10.24,5.12,0.00013915901532167936,0.9674284463097066,0.0,0.0
387,Device,ResourceApplyGradientDescent,SGD/SGD/update_46/ResourceApplyGradientDescent,2,10.24,5.12,10.24,5.12,0.00013915901532167936,0.9675676053250283,0.0,0.0
388,Device,AddN,SGD/gradients/AddN_26,2,10.24,5.12,10.24,5.12,0.00013915901532167936,0.96770676434035,0.0,0.0
389,Device,AddN,SGD/gradients/AddN_27,2,10.24,5.12,10.24,5.12,0.00013915901532167936,0.9678459233556717,0.0,0.0
390,Device,AddN,SGD/gradients/AddN_4,2,10.24,5.12,10.24,5.12,0.00013915901532167936,0.9679850823709933,0.0,0.0
391,Device,AddN,SGD/gradients/AddN_8,2,10.24,5.12,10.24,5.12,0.00013915901532167936,0.968124241386315,0.0,0.0
392,Device,Square,conv2d_10/kernel/Regularizer/Square,2,10.24,5.12,10.24,5.12,0.00013915901532167936,0.9682634004016367,0.0,0.0
393,Device,Square,conv2d_14/kernel/Regularizer/Square,2,10.24,5.12,10.24,5.12,0.00013915901532167936,0.9684025594169584,0.0,0.0
394,Device,Square,conv2d_8/kernel/Regularizer/Square,2,10.24,5.12,10.24,5.12,0.00013915901532167936,0.9685417184322801,0.0,0.0
395,Device,Mul,gradient_tape/conv2d_10/kernel/Regularizer/Mul,2,10.24,5.12,10.24,5.12,0.00013915901532167936,0.9686808774476018,0.0,0.0
396,Device,Mul,gradient_tape/conv2d_11/kernel/Regularizer/Mul,2,10.24,5.12,10.24,5.12,0.00013915901532167936,0.9688200364629235,0.0,0.0
397,Device,Mul,gradient_tape/conv2d_12/kernel/Regularizer/Mul,2,10.24,5.12,10.24,5.12,0.00013915901532167936,0.9689591954782452,0.0,0.0
398,Device,Mul,gradient_tape/conv2d_13/kernel/Regularizer/Mul,2,10.24,5.12,10.24,5.12,0.00013915901532167936,0.9690983544935668,0.0,0.0
399,Device,Mul,gradient_tape/conv2d_13/kernel/Regularizer/Mul_1,2,10.24,5.12,10.24,5.12,0.00013915901532167936,0.9692375135088885,0.0,0.0
400,Device,Mul,gradient_tape/conv2d_7/kernel/Regularizer/Mul_1,2,10.24,5.12,10.24,5.12,0.00013915901532167936,0.9693766725242102,0.0,0.0
401,Device,Mul,gradient_tape/conv2d_8/kernel/Regularizer/Mul,2,10.24,5.12,10.24,5.12,0.00013915901532167936,0.9695158315395319,0.0,0.0
402,Device,ReluGrad,gradient_tape/model/activation_16/ReluGrad,2,10.24,5.12,10.24,5.12,0.00013915901532167936,0.9696549905548536,0.0,0.0
403,Device,ReluGrad,gradient_tape/model/activation_17/ReluGrad,2,10.24,5.12,10.24,5.12,0.00013915901532167936,0.9697941495701753,0.0,0.0
404,Device,ReluGrad,gradient_tape/model/activation_20/ReluGrad,2,10.24,5.12,10.24,5.12,0.00013915901532167936,0.969933308585497,0.0,0.0
405,Device,ReluGrad,gradient_tape/model/activation_21/ReluGrad,2,10.24,5.12,10.24,5.12,0.00013915901532167936,0.9700724676008187,0.0,0.0
406,Device,ReluGrad,gradient_tape/model/activation_25/ReluGrad,2,10.24,5.12,10.24,5.12,0.00013915901532167936,0.9702116266161404,0.0,0.0
407,Device,ReluGrad,gradient_tape/model/activation_30/ReluGrad,2,10.24,5.12,10.24,5.12,0.00013915901532167936,0.970350785631462,0.0,0.0
408,Device,ReluGrad,gradient_tape/model/activation_31/ReluGrad,2,10.24,5.12,10.24,5.12,0.00013915901532167936,0.9704899446467837,0.0,0.0
409,Device,AvgPoolGrad,gradient_tape/model/average_pooling2d/AvgPoolGrad,2,10.24,5.12,10.24,5.12,0.00013915901532167936,0.9706291036621054,0.0,0.0
410,Device,MatMul,gradient_tape/model/dense/MatMul/MatMul,2,10.24,5.12,10.24,5.12,0.00013915901532167936,0.9707682626774271,0.0,0.0
411,Device,AddV2,model/add_5/add,2,10.24,5.12,10.24,5.12,0.00013915901532167936,0.9709074216927488,0.0,0.0
412,Device,BiasAdd,model/conv2d_1/BiasAdd,2,10.24,5.12,10.24,5.12,0.00013915901532167936,0.9710465807080705,0.0,0.0
413,Device,BiasAdd,model/conv2d_2/BiasAdd,2,10.24,5.12,10.24,5.12,0.00013915901532167936,0.9711857397233922,0.0,0.0
414,Device,BiasAdd,model/conv2d_3/BiasAdd,2,10.24,5.12,10.24,5.12,0.00013915901532167936,0.9713248987387139,0.0,0.0
415,Device,BiasAdd,model/conv2d_4/BiasAdd,2,10.24,5.12,10.24,5.12,0.00013915901532167936,0.9714640577540355,0.0,0.0
416,Device,BiasAdd,model/conv2d_5/BiasAdd,2,10.24,5.12,10.24,5.12,0.00013915901532167936,0.9716032167693572,0.0,0.0
417,Device,BiasAdd,model/conv2d_6/BiasAdd,2,10.24,5.12,10.24,5.12,0.00013915901532167936,0.9717423757846789,0.0,0.0
418,Device,Square,conv2d_13/kernel/Regularizer/Square,2,9.217,4.6085,9.217,4.6085,0.00012525670353710146,0.9718676324882161,0.0,0.0
419,Device,ResourceApplyGradientDescent,SGD/SGD/update_38/ResourceApplyGradientDescent,2,9.216,4.608,9.216,4.608,0.00012524311378951143,0.9719928756020055,0.0,0.0
420,Device,ResourceApplyGradientDescent,SGD/SGD/update_4/ResourceApplyGradientDescent,2,9.216,4.608,9.216,4.608,0.00012524311378951143,0.972118118715795,0.0,0.0
421,Device,ResourceApplyGradientDescent,SGD/SGD/update_42/ResourceApplyGradientDescent,2,9.216,4.608,9.216,4.608,0.00012524311378951143,0.9722433618295845,0.0,0.0
422,Device,AddN,SGD/gradients/AddN_19,2,9.216,4.608,9.216,4.608,0.00012524311378951143,0.972368604943374,0.0,0.0
423,Device,AddN,SGD/gradients/AddN_2,2,9.216,4.608,9.216,4.608,0.00012524311378951143,0.9724938480571634,0.0,0.0
424,Device,AddN,SGD/gradients/AddN_6,2,9.216,4.608,9.216,4.608,0.00012524311378951143,0.9726190911709529,0.0,0.0
425,Device,Square,conv2d_11/kernel/Regularizer/Square,2,9.216,4.608,9.216,4.608,0.00012524311378951143,0.9727443342847424,0.0,0.0
426,Device,Square,conv2d_15/kernel/Regularizer/Square,2,9.216,4.608,9.216,4.608,0.00012524311378951143,0.9728695773985319,0.0,0.0
427,Device,Square,conv2d_31/kernel/Regularizer/Square,2,9.216,4.608,9.216,4.608,0.00012524311378951143,0.9729948205123213,0.0,0.0
428,Device,Mul,gradient_tape/conv2d_12/kernel/Regularizer/Mul_1,2,9.216,4.608,9.216,4.608,0.00012524311378951143,0.9731200636261108,0.0,0.0
429,Device,Mul,gradient_tape/conv2d_14/kernel/Regularizer/Mul_1,2,9.216,4.608,9.216,4.608,0.00012524311378951143,0.9732453067399003,0.0,0.0
430,Device,Mul,gradient_tape/conv2d_31/kernel/Regularizer/Mul,2,9.216,4.608,9.216,4.608,0.00012524311378951143,0.9733705498536898,0.0,0.0
431,Device,Mul,gradient_tape/conv2d_8/kernel/Regularizer/Mul_1,2,9.216,4.608,9.216,4.608,0.00012524311378951143,0.9734957929674792,0.0,0.0
432,Device,ReluGrad,gradient_tape/model/activation_19/ReluGrad,2,9.216,4.608,9.216,4.608,0.00012524311378951143,0.9736210360812687,0.0,0.0
433,Device,ReluGrad,gradient_tape/model/activation_23/ReluGrad,2,9.216,4.608,9.216,4.608,0.00012524311378951143,0.9737462791950582,0.0,0.0
434,Device,ReluGrad,gradient_tape/model/activation_24/ReluGrad,2,9.216,4.608,9.216,4.608,0.00012524311378951143,0.9738715223088477,0.0,0.0
435,Device,ReluGrad,gradient_tape/model/activation_27/ReluGrad,2,9.216,4.608,9.216,4.608,0.00012524311378951143,0.9739967654226371,0.0,0.0
436,Device,ReluGrad,gradient_tape/model/activation_29/ReluGrad,2,9.216,4.608,9.216,4.608,0.00012524311378951143,0.9741220085364266,0.0,0.0
437,Device,Relu,model/activation_2/Relu,2,9.216,4.608,9.216,4.608,0.00012524311378951143,0.9742472516502161,0.0,0.0
438,Device,Relu,model/activation_4/Relu,2,9.216,4.608,9.216,4.608,0.00012524311378951143,0.9743724947640056,0.0,0.0
439,Device,AvgPool,model/average_pooling2d/AvgPool,2,9.216,4.608,9.216,4.608,0.00012524311378951143,0.974497737877795,0.0,0.0
440,Device,BiasAdd,model/conv2d_10/BiasAdd,2,9.216,4.608,9.216,4.608,0.00012524311378951143,0.9746229809915845,0.0,0.0
441,Device,BiasAdd,model/conv2d_28/BiasAdd,2,8.193,4.0965,8.193,4.0965,0.0001113408020049335,0.9747343217935894,0.0,0.0
442,Device,ArgMax,ArgMax_1,2,8.192,4.096,8.192,4.096,0.0001113272122573435,0.9748456490058468,0.0,0.0
443,Device,ResourceApplyGradientDescent,SGD/SGD/update/ResourceApplyGradientDescent,2,8.192,4.096,8.192,4.096,0.0001113272122573435,0.9749569762181042,0.0,0.0
444,Device,ResourceApplyGradientDescent,SGD/SGD/update_138/ResourceApplyGradientDescent,2,8.192,4.096,8.192,4.096,0.0001113272122573435,0.9750683034303615,0.0,0.0
445,Device,ResourceApplyGradientDescent,SGD/SGD/update_28/ResourceApplyGradientDescent,2,8.192,4.096,8.192,4.096,0.0001113272122573435,0.9751796306426189,0.0,0.0
446,Device,ResourceApplyGradientDescent,SGD/SGD/update_50/ResourceApplyGradientDescent,2,8.192,4.096,8.192,4.096,0.0001113272122573435,0.9752909578548763,0.0,0.0
447,Device,ResourceApplyGradientDescent,SGD/SGD/update_54/ResourceApplyGradientDescent,2,8.192,4.096,8.192,4.096,0.0001113272122573435,0.9754022850671337,0.0,0.0
448,Device,ResourceApplyGradientDescent,SGD/SGD/update_58/ResourceApplyGradientDescent,2,8.192,4.096,8.192,4.096,0.0001113272122573435,0.975513612279391,0.0,0.0
449,Device,ResourceApplyGradientDescent,SGD/SGD/update_66/ResourceApplyGradientDescent,2,8.192,4.096,8.192,4.096,0.0001113272122573435,0.9756249394916484,0.0,0.0
450,Device,ResourceApplyGradientDescent,SGD/SGD/update_8/ResourceApplyGradientDescent,2,8.192,4.096,8.192,4.096,0.0001113272122573435,0.9757362667039058,0.0,0.0
451,Device,AddN,SGD/gradients/AddN_20,2,8.192,4.096,8.192,4.096,0.0001113272122573435,0.9758475939161632,0.0,0.0
452,Device,AddN,SGD/gradients/AddN_21,2,8.192,4.096,8.192,4.096,0.0001113272122573435,0.9759589211284205,0.0,0.0
453,Device,AddN,SGD/gradients/AddN_22,2,8.192,4.096,8.192,4.096,0.0001113272122573435,0.9760702483406779,0.0,0.0
454,Device,AddN,SGD/gradients/AddN_23,2,8.192,4.096,8.192,4.096,0.0001113272122573435,0.9761815755529353,0.0,0.0
455,Device,AddN,SGD/gradients/AddN_3,2,8.192,4.096,8.192,4.096,0.0001113272122573435,0.9762929027651926,0.0,0.0
456,Device,AddN,SGD/gradients/AddN_33,2,8.192,4.096,8.192,4.096,0.0001113272122573435,0.97640422997745,0.0,0.0
457,Device,AddN,SGD/gradients/AddN_5,2,8.192,4.096,8.192,4.096,0.0001113272122573435,0.9765155571897074,0.0,0.0
458,Device,AddN,SGD/gradients/AddN_7,2,8.192,4.096,8.192,4.096,0.0001113272122573435,0.9766268844019648,0.0,0.0
459,Device,Square,conv2d_3/kernel/Regularizer/Square,2,8.192,4.096,8.192,4.096,0.0001113272122573435,0.9767382116142221,0.0,0.0
460,Device,Square,conv2d_7/kernel/Regularizer/Square,2,8.192,4.096,8.192,4.096,0.0001113272122573435,0.9768495388264795,0.0,0.0
461,Device,Mul,gradient_tape/conv2d_1/kernel/Regularizer/Mul,2,8.192,4.096,8.192,4.096,0.0001113272122573435,0.9769608660387369,0.0,0.0
462,Device,Mul,gradient_tape/conv2d_1/kernel/Regularizer/Mul_1,2,8.192,4.096,8.192,4.096,0.0001113272122573435,0.9770721932509943,0.0,0.0
463,Device,Mul,gradient_tape/conv2d_18/kernel/Regularizer/Mul_1,2,8.192,4.096,8.192,4.096,0.0001113272122573435,0.9771835204632516,0.0,0.0
464,Device,Mul,gradient_tape/conv2d_7/kernel/Regularizer/Mul,2,8.192,4.096,8.192,4.096,0.0001113272122573435,0.977294847675509,0.0,0.0
465,Device,Mul,gradient_tape/conv2d_9/kernel/Regularizer/Mul_1,2,8.192,4.096,8.192,4.096,0.0001113272122573435,0.9774061748877664,0.0,0.0
466,Device,ReluGrad,gradient_tape/model/activation_18/ReluGrad,2,8.192,4.096,8.192,4.096,0.0001113272122573435,0.9775175021000237,0.0,0.0
467,Device,ReluGrad,gradient_tape/model/activation_28/ReluGrad,2,8.192,4.096,8.192,4.096,0.0001113272122573435,0.9776288293122811,0.0,0.0
468,Device,Relu,model/activation_1/Relu,2,8.192,4.096,8.192,4.096,0.0001113272122573435,0.9777401565245385,0.0,0.0
469,Device,Relu,model/activation_13/Relu,2,8.192,4.096,8.192,4.096,0.0001113272122573435,0.9778514837367959,0.0,0.0
470,Device,Relu,model/activation_3/Relu,2,8.192,4.096,8.192,4.096,0.0001113272122573435,0.9779628109490532,0.0,0.0
471,Device,Relu,model/activation_5/Relu,2,8.192,4.096,8.192,4.096,0.0001113272122573435,0.9780741381613106,0.0,0.0
472,Device,Relu,model/activation_6/Relu,2,8.192,4.096,8.192,4.096,0.0001113272122573435,0.978185465373568,0.0,0.0
473,Device,Relu,model/activation_8/Relu,2,8.192,4.096,8.192,4.096,0.0001113272122573435,0.9782967925858254,0.0,0.0
474,Device,AddV2,model/add_10/add,2,8.192,4.096,8.192,4.096,0.0001113272122573435,0.9784081197980827,0.0,0.0
475,Device,AddV2,model/add_11/add,2,8.192,4.096,8.192,4.096,0.0001113272122573435,0.9785194470103401,0.0,0.0
476,Device,AddV2,model/add_12/add,2,8.192,4.096,8.192,4.096,0.0001113272122573435,0.9786307742225975,0.0,0.0
477,Device,AddV2,model/add_13/add,2,8.192,4.096,8.192,4.096,0.0001113272122573435,0.9787421014348548,0.0,0.0
478,Device,AddV2,model/add_7/add,2,8.192,4.096,8.192,4.096,0.0001113272122573435,0.9788534286471122,0.0,0.0
479,Device,AddV2,model/add_8/add,2,8.192,4.096,8.192,4.096,0.0001113272122573435,0.9789647558593696,0.0,0.0
480,Device,BiasAdd,model/conv2d_11/BiasAdd,2,8.192,4.096,8.192,4.096,0.0001113272122573435,0.979076083071627,0.0,0.0
481,Device,BiasAdd,model/conv2d_12/BiasAdd,2,8.192,4.096,8.192,4.096,0.0001113272122573435,0.9791874102838843,0.0,0.0
482,Device,BiasAdd,model/conv2d_13/BiasAdd,2,8.192,4.096,8.192,4.096,0.0001113272122573435,0.9792987374961417,0.0,0.0
483,Device,BiasAdd,model/conv2d_14/BiasAdd,2,8.192,4.096,8.192,4.096,0.0001113272122573435,0.9794100647083991,0.0,0.0
484,Device,BiasAdd,model/conv2d_15/BiasAdd,2,8.192,4.096,8.192,4.096,0.0001113272122573435,0.9795213919206565,0.0,0.0
485,Device,BiasAdd,model/conv2d_17/BiasAdd,2,8.192,4.096,8.192,4.096,0.0001113272122573435,0.9796327191329138,0.0,0.0
486,Device,BiasAdd,model/conv2d_18/BiasAdd,2,8.192,4.096,8.192,4.096,0.0001113272122573435,0.9797440463451712,0.0,0.0
487,Device,BiasAdd,model/conv2d_19/BiasAdd,2,8.192,4.096,8.192,4.096,0.0001113272122573435,0.9798553735574286,0.0,0.0
488,Device,BiasAdd,model/conv2d_20/BiasAdd,2,8.192,4.096,8.192,4.096,0.0001113272122573435,0.979966700769686,0.0,0.0
489,Device,BiasAdd,model/conv2d_22/BiasAdd,2,8.192,4.096,8.192,4.096,0.0001113272122573435,0.9800780279819433,0.0,0.0
490,Device,BiasAdd,model/conv2d_23/BiasAdd,2,8.192,4.096,8.192,4.096,0.0001113272122573435,0.9801893551942007,0.0,0.0
491,Device,BiasAdd,model/conv2d_25/BiasAdd,2,8.192,4.096,8.192,4.096,0.0001113272122573435,0.9803006824064581,0.0,0.0
492,Device,BiasAdd,model/conv2d_26/BiasAdd,2,8.192,4.096,8.192,4.096,0.0001113272122573435,0.9804120096187154,0.0,0.0
493,Device,BiasAdd,model/conv2d_29/BiasAdd,2,8.192,4.096,8.192,4.096,0.0001113272122573435,0.9805233368309728,0.0,0.0
494,Device,BiasAdd,model/conv2d_30/BiasAdd,2,8.192,4.096,8.192,4.096,0.0001113272122573435,0.9806346640432302,0.0,0.0
495,Device,BiasAdd,model/conv2d_31/BiasAdd,2,8.192,4.096,8.192,4.096,0.0001113272122573435,0.9807459912554876,0.0,0.0
496,Device,BiasAdd,model/conv2d_32/BiasAdd,2,8.192,4.096,8.192,4.096,0.0001113272122573435,0.9808573184677449,0.0,0.0
497,Device,BiasAdd,model/conv2d_33/BiasAdd,2,8.192,4.096,8.192,4.096,0.0001113272122573435,0.9809686456800023,0.0,0.0
498,Device,BiasAdd,model/conv2d_34/BiasAdd,2,8.192,4.096,8.192,4.096,0.0001113272122573435,0.9810799728922597,0.0,0.0
499,Device,BiasAdd,model/conv2d_35/BiasAdd,2,8.192,4.096,8.192,4.096,0.0001113272122573435,0.981191300104517,0.0,0.0
500,Device,BiasAdd,model/conv2d_7/BiasAdd,2,8.192,4.096,8.192,4.096,0.0001113272122573435,0.9813026273167744,0.0,0.0
501,Host,IDLE,IDLE,0,227070.983,0.0,227070.983,0.0,0.0,0.0,0.9963545262673734,0.9963545262673734
502,Host,GatherV2,GatherV2,2,361.124,180.562,361.124,180.562,0.0,0.0,0.0015845597142800892,0.9979390859816535
503,Host,Dataset,Iterator::Root::ParallelMapV2::Zip[0]::FlatMap[1]::Concatenate,2,93.611,46.8055,66.51,33.255,0.0,0.0,0.00029183622965177813,0.9982309222113053
504,Host,Dataset,Iterator::Root::ParallelMapV2::Zip[1]::ForeverRepeat,2,66.902,33.451,61.442,30.721,0.0,0.0,0.00026959858099931665,0.9985005207923046
505,Host,Dataset,Iterator::Root::ParallelMapV2,2,50.75,25.375,50.75,25.375,0.0,0.0,0.00022268363636788061,0.9987232044286725
506,Host,IteratorGetNext,IteratorGetNext,2,45.03,22.515,45.03,22.515,0.0,0.0,0.00019758510631814115,0.9989207895349906
507,Host,WriteSummary,WriteSummary,1,37.811,37.811,37.811,37.811,0.0,0.0,0.0001659091817676046,0.9990866987167583
508,Host,FlushSummaryWriter,FlushSummaryWriter,1,37.071,37.071,37.071,37.071,0.0,0.0,0.00016266216913879216,0.999249360885897
509,Host,GatherV2,GatherV2_1,2,33.24,16.62,33.24,16.62,0.0,0.0,0.00014585229700233207,0.9993952131828994
510,Host,LogicalAnd,LogicalAnd,1,30.79,30.79,30.79,30.79,0.0,0.0,0.00013510205248802056,0.9995303152353874
511,Host,Dataset,Iterator::Root,2,80.971,40.4855,30.221,15.1105,0.0,0.0,0.00013260536304775803,0.9996629205984351
512,Host,Dataset,Iterator::Root::ParallelMapV2::Zip[0]::FlatMap[1]::Concatenate[0]::TensorSlice,2,27.101,13.5505,27.101,13.5505,0.0,0.0,0.00011891525574790015,0.999781835854183
513,Host,_HostSend,categorical_crossentropy/softmax_cross_entropy_with_logits/Shape_2/_9,2,13.63,6.815,13.63,6.815,0.0,0.0,5.980646233880222e-05,0.9998416423165218
514,Host,Dataset,Iterator::Root::ParallelMapV2::Zip,2,179.093,89.5465,13.3,6.65,0.0,0.0,5.8358470220548025e-05,0.9999000007867423
515,Host,ReadVariableOp,ReadVariableOp,1,5.97,5.97,5.97,5.97,0.0,0.0,2.61954937756896e-05,0.999926196280518
516,Host,Dataset,Iterator::Root::ParallelMapV2::Zip[1]::ForeverRepeat::FromTensor,4,5.46,1.365,5.46,1.365,0.0,0.0,2.3957687774751293e-05,0.9999501539682928
517,Host,Dataset,Iterator::Root::ParallelMapV2::Zip[0]::FlatMap,2,98.891,49.4455,5.28,2.64,0.0,0.0,2.3167873892067187e-05,0.9999733218421849
518,Host,_Send,IteratorGetNext/_3,2,3.4,1.7,3.4,1.7,0.0,0.0,1.491870667292205e-05,0.9999882405488578
519,Host,Identity,Identity,2,2.68,1.34,2.68,1.34,0.0,0.0,1.1759451142185618e-05,1.0
