Rank,Host/device,Type,Operation,#Occurrences,Total time (us),Avg. time (us),Total self-time (us),Avg. self-time (us),Total self-time on Device (%),Cumulative total-self time on Device (%),Total self-time on Host (%),Cumulative total-self time on Host (%)
1,Device,IDLE,IDLE,0,6857.107,0.0,6857.107,0.0,0.8851603384133196,0.8851603384133196,0.0,0.0
2,Device,Conv2DBackpropFilter,gradient_tape/sequential/conv2d/Conv2D/Conv2DBackpropFilter,4,78.848,19.712,78.848,19.712,0.010178216901561173,0.8953385553148808,0.0,0.0
3,Device,Conv2DBackpropInput,gradient_tape/sequential/conv2d_2/Conv2D/Conv2DBackpropInput,2,47.104,23.552,47.104,23.552,0.006080493213919662,0.9014190485288005,0.0,0.0
4,Device,Conv2DBackpropFilter,gradient_tape/sequential/conv2d_1/Conv2D/Conv2DBackpropFilter,2,37.888,18.944,37.888,18.944,0.004890831498152772,0.9063098800269532,0.0,0.0
5,Device,Conv2DBackpropInput,gradient_tape/sequential/conv2d_1/Conv2D/Conv2DBackpropInput,2,36.864,18.432,36.864,18.432,0.004758646863067561,0.9110685268900208,0.0,0.0
6,Device,_FusedConv2D,sequential/conv2d/Relu,2,36.864,18.432,36.864,18.432,0.004758646863067561,0.9158271737530884,0.0,0.0
7,Device,_FusedConv2D,sequential/conv2d_2/Relu,2,35.84,17.92,35.84,17.92,0.004626462227982352,0.9204536359810708,0.0,0.0
8,Device,_Send,IteratorGetNext/_1,2,33.568,16.784,33.568,16.784,0.004333177568887041,0.9247868135499578,0.0,0.0
9,Device,_FusedConv2D,sequential/conv2d_1/Relu,2,32.768,16.384,32.768,16.384,0.004229908322726721,0.9290167218726846,0.0,0.0
10,Device,Conv2DBackpropFilter,gradient_tape/sequential/conv2d_2/Conv2D/Conv2DBackpropFilter,2,27.648,13.824,27.648,13.824,0.003568985147300671,0.9325857070199852,0.0,0.0
11,Device,MatMul,sequential/dense/MatMul,2,20.48,10.24,20.48,10.24,0.002643692701704201,0.9352293997216894,0.0,0.0
12,Device,MatMul,sequential/dense_1/MatMul,2,20.48,10.24,20.48,10.24,0.002643692701704201,0.9378730924233936,0.0,0.0
13,Device,MatMul,gradient_tape/sequential/dense/MatMul/MatMul,2,14.336,7.168,14.336,7.168,0.0018505848911929406,0.9397236773145865,0.0,0.0
14,Device,MaxPoolGrad,gradient_tape/sequential/max_pooling2d_2/MaxPool/MaxPoolGrad,2,12.288,6.144,12.288,6.144,0.0015862156210225205,0.9413098929356091,0.0,0.0
15,Device,MatMul,gradient_tape/sequential/dense/MatMul/MatMul_1,2,10.24,5.12,10.24,5.12,0.0013218463508521004,0.9426317392864612,0.0,0.0
16,Device,MatMul,gradient_tape/sequential/dense_1/MatMul/MatMul_1,2,10.24,5.12,10.24,5.12,0.0013218463508521004,0.9439535856373132,0.0,0.0
17,Device,MaxPoolGrad,gradient_tape/sequential/max_pooling2d/MaxPool/MaxPoolGrad,2,10.24,5.12,10.24,5.12,0.0013218463508521004,0.9452754319881653,0.0,0.0
18,Device,Transpose,gradient_tape/sequential/conv2d/Conv2D/Conv2DBackpropFilter-0-TransposeNHWCToNCHW-LayoutOptimizer,2,9.217,4.6085,9.217,4.6085,0.001189790802324591,0.94646522279049,0.0,0.0
19,Device,BiasAddGrad,gradient_tape/sequential/conv2d_1/BiasAdd/BiasAddGrad,2,9.216,4.608,9.216,4.608,0.0011896617157668903,0.9476548845062568,0.0,0.0
20,Device,MaxPoolGrad,gradient_tape/sequential/max_pooling2d_1/MaxPool/MaxPoolGrad,2,9.216,4.608,9.216,4.608,0.0011896617157668903,0.9488445462220236,0.0,0.0
21,Device,ArgMax,ArgMax,2,8.192,4.096,8.192,4.096,0.0010574770806816803,0.9499020233027053,0.0,0.0
22,Device,ResourceApplyGradientDescent,SGD/SGD/update_2/ResourceApplyGradientDescent,2,8.192,4.096,8.192,4.096,0.0010574770806816803,0.9509595003833871,0.0,0.0
23,Device,BiasAddGrad,gradient_tape/sequential/conv2d/BiasAdd/BiasAddGrad,2,8.192,4.096,8.192,4.096,0.0010574770806816803,0.9520169774640688,0.0,0.0
24,Device,ReluGrad,gradient_tape/sequential/conv2d/ReluGrad,2,8.192,4.096,8.192,4.096,0.0010574770806816803,0.9530744545447505,0.0,0.0
25,Device,MatMul,gradient_tape/sequential/dense_1/MatMul/MatMul,2,8.192,4.096,8.192,4.096,0.0010574770806816803,0.9541319316254322,0.0,0.0
26,Device,MaxPool,sequential/max_pooling2d/MaxPool,2,8.192,4.096,8.192,4.096,0.0010574770806816803,0.9551894087061139,0.0,0.0
27,Device,ArgMax,ArgMax_1,2,7.168,3.584,7.168,3.584,0.0009252924455964703,0.9561147011517104,0.0,0.0
28,Device,ResourceApplyGradientDescent,SGD/SGD/update_6/ResourceApplyGradientDescent,2,7.168,3.584,7.168,3.584,0.0009252924455964703,0.9570399935973068,0.0,0.0
29,Device,ReluGrad,gradient_tape/sequential/conv2d_1/ReluGrad,2,7.168,3.584,7.168,3.584,0.0009252924455964703,0.9579652860429033,0.0,0.0
30,Device,Transpose,gradient_tape/sequential/max_pooling2d_2/MaxPool/MaxPoolGrad-2-TransposeNHWCToNCHW-LayoutOptimizer,2,7.168,3.584,7.168,3.584,0.0009252924455964703,0.9588905784884998,0.0,0.0
31,Device,MaxPool,sequential/max_pooling2d_1/MaxPool,2,7.168,3.584,7.168,3.584,0.0009252924455964703,0.9598158709340963,0.0,0.0
32,Device,MaxPool,sequential/max_pooling2d_2/MaxPool,2,7.168,3.584,7.168,3.584,0.0009252924455964703,0.9607411633796927,0.0,0.0
33,Device,Transpose,sequential/max_pooling2d_2/MaxPool-0-1-TransposeNCHWToNHWC-LayoutOptimizer,2,7.168,3.584,7.168,3.584,0.0009252924455964703,0.9616664558252892,0.0,0.0
34,Device,Cast,Cast_1,2,6.144,3.072,6.144,3.072,0.0007931078105112602,0.9624595636358004,0.0,0.0
35,Device,Mul,Mul,2,6.144,3.072,6.144,3.072,0.0007931078105112602,0.9632526714463117,0.0,0.0
36,Device,AssignAddVariableOp,SGD/SGD/AssignAddVariableOp,2,6.144,3.072,6.144,3.072,0.0007931078105112602,0.9640457792568229,0.0,0.0
37,Device,ResourceApplyGradientDescent,SGD/SGD/update_1/ResourceApplyGradientDescent,2,6.144,3.072,6.144,3.072,0.0007931078105112602,0.9648388870673341,0.0,0.0
38,Device,ResourceApplyGradientDescent,SGD/SGD/update_3/ResourceApplyGradientDescent,2,6.144,3.072,6.144,3.072,0.0007931078105112602,0.9656319948778453,0.0,0.0
39,Device,ResourceApplyGradientDescent,SGD/SGD/update_4/ResourceApplyGradientDescent,2,6.144,3.072,6.144,3.072,0.0007931078105112602,0.9664251026883566,0.0,0.0
40,Device,ResourceApplyGradientDescent,SGD/SGD/update_5/ResourceApplyGradientDescent,2,6.144,3.072,6.144,3.072,0.0007931078105112602,0.9672182104988678,0.0,0.0
41,Device,ResourceApplyGradientDescent,SGD/SGD/update_7/ResourceApplyGradientDescent,2,6.144,3.072,6.144,3.072,0.0007931078105112602,0.968011318309379,0.0,0.0
42,Device,ResourceApplyGradientDescent,SGD/SGD/update_8/ResourceApplyGradientDescent,2,6.144,3.072,6.144,3.072,0.0007931078105112602,0.9688044261198903,0.0,0.0
43,Device,ResourceApplyGradientDescent,SGD/SGD/update_9/ResourceApplyGradientDescent,2,6.144,3.072,6.144,3.072,0.0007931078105112602,0.9695975339304015,0.0,0.0
44,Device,Log,categorical_crossentropy/Log,2,6.144,3.072,6.144,3.072,0.0007931078105112602,0.9703906417409127,0.0,0.0
45,Device,Neg,categorical_crossentropy/Neg,2,6.144,3.072,6.144,3.072,0.0007931078105112602,0.971183749551424,0.0,0.0
46,Device,Maximum,categorical_crossentropy/clip_by_value,2,6.144,3.072,6.144,3.072,0.0007931078105112602,0.9719768573619352,0.0,0.0
47,Device,Mul,categorical_crossentropy/mul,2,6.144,3.072,6.144,3.072,0.0007931078105112602,0.9727699651724464,0.0,0.0
48,Device,DivNoNan,div_no_nan,2,6.144,3.072,6.144,3.072,0.0007931078105112602,0.9735630729829576,0.0,0.0
49,Device,Reciprocal,gradient_tape/categorical_crossentropy/Reciprocal,2,6.144,3.072,6.144,3.072,0.0007931078105112602,0.9743561807934689,0.0,0.0
50,Device,GreaterEqual,gradient_tape/categorical_crossentropy/clip_by_value/GreaterEqual,2,6.144,3.072,6.144,3.072,0.0007931078105112602,0.9751492886039801,0.0,0.0
51,Device,SelectV2,gradient_tape/categorical_crossentropy/clip_by_value/SelectV2_1,2,6.144,3.072,6.144,3.072,0.0007931078105112602,0.9759423964144913,0.0,0.0
52,Device,Mul,gradient_tape/categorical_crossentropy/mul/Mul_1,2,6.144,3.072,6.144,3.072,0.0007931078105112602,0.9767355042250025,0.0,0.0
53,Device,BiasAddGrad,gradient_tape/sequential/conv2d_2/BiasAdd/BiasAddGrad,2,6.144,3.072,6.144,3.072,0.0007931078105112602,0.9775286120355138,0.0,0.0
54,Device,ReluGrad,gradient_tape/sequential/conv2d_2/ReluGrad,2,6.144,3.072,6.144,3.072,0.0007931078105112602,0.978321719846025,0.0,0.0
55,Device,ReluGrad,gradient_tape/sequential/dense/ReluGrad,2,6.144,3.072,6.144,3.072,0.0007931078105112602,0.9791148276565362,0.0,0.0
56,Device,BiasAddGrad,gradient_tape/sequential/dense_1/BiasAdd/BiasAddGrad,2,6.144,3.072,6.144,3.072,0.0007931078105112602,0.9799079354670475,0.0,0.0
57,Device,BiasAdd,sequential/dense/BiasAdd,2,6.144,3.072,6.144,3.072,0.0007931078105112602,0.9807010432775587,0.0,0.0
58,Device,Relu,sequential/dense/Relu,2,6.144,3.072,6.144,3.072,0.0007931078105112602,0.9814941510880699,0.0,0.0
59,Device,AssignAddVariableOp,AssignAddVariableOp_1,2,5.12,2.56,5.12,2.56,0.0006609231754260502,0.982155074263496,0.0,0.0
60,Device,AssignAddVariableOp,AssignAddVariableOp_2,2,5.12,2.56,5.12,2.56,0.0006609231754260502,0.9828159974389221,0.0,0.0
61,Device,AssignAddVariableOp,AssignAddVariableOp_4,2,5.12,2.56,5.12,2.56,0.0006609231754260502,0.9834769206143482,0.0,0.0
62,Device,Equal,Equal,2,5.12,2.56,5.12,2.56,0.0006609231754260502,0.9841378437897743,0.0,0.0
63,Device,AddN,SGD/gradients/AddN,2,5.12,2.56,5.12,2.56,0.0006609231754260502,0.9847987669652004,0.0,0.0
64,Device,Sum,Sum_2,2,5.12,2.56,5.12,2.56,0.0006609231754260502,0.9854596901406265,0.0,0.0
65,Device,Sum,categorical_crossentropy/Sum,2,5.12,2.56,5.12,2.56,0.0006609231754260502,0.9861206133160526,0.0,0.0
66,Device,Sum,categorical_crossentropy/Sum_1,2,5.12,2.56,5.12,2.56,0.0006609231754260502,0.9867815364914787,0.0,0.0
67,Device,Minimum,categorical_crossentropy/clip_by_value/Minimum,2,5.12,2.56,5.12,2.56,0.0006609231754260502,0.9874424596669048,0.0,0.0
68,Device,RealDiv,categorical_crossentropy/truediv,2,5.12,2.56,5.12,2.56,0.0006609231754260502,0.9881033828423309,0.0,0.0
69,Device,Sum,categorical_crossentropy/weighted_loss/Sum,2,5.12,2.56,5.12,2.56,0.0006609231754260502,0.988764306017757,0.0,0.0
70,Device,DivNoNan,categorical_crossentropy/weighted_loss/value,2,5.12,2.56,5.12,2.56,0.0006609231754260502,0.9894252291931831,0.0,0.0
71,Device,DivNoNan,div_no_nan_1,2,5.12,2.56,5.12,2.56,0.0006609231754260502,0.9900861523686092,0.0,0.0
72,Device,Tile,gradient_tape/categorical_crossentropy/Tile_1,2,5.12,2.56,5.12,2.56,0.0006609231754260502,0.9907470755440353,0.0,0.0
73,Device,LessEqual,gradient_tape/categorical_crossentropy/clip_by_value/LessEqual,2,5.12,2.56,5.12,2.56,0.0006609231754260502,0.9914079987194614,0.0,0.0
74,Device,SelectV2,gradient_tape/categorical_crossentropy/clip_by_value/SelectV2,2,5.12,2.56,5.12,2.56,0.0006609231754260502,0.9920689218948875,0.0,0.0
75,Device,Mul,gradient_tape/categorical_crossentropy/mul,2,5.12,2.56,5.12,2.56,0.0006609231754260502,0.9927298450703136,0.0,0.0
76,Device,Neg,gradient_tape/categorical_crossentropy/truediv/Neg,2,5.12,2.56,5.12,2.56,0.0006609231754260502,0.9933907682457397,0.0,0.0
77,Device,RealDiv,gradient_tape/categorical_crossentropy/truediv/RealDiv,2,5.12,2.56,5.12,2.56,0.0006609231754260502,0.9940516914211658,0.0,0.0
78,Device,RealDiv,gradient_tape/categorical_crossentropy/truediv/RealDiv_1,2,5.12,2.56,5.12,2.56,0.0006609231754260502,0.9947126145965919,0.0,0.0
79,Device,Mul,gradient_tape/categorical_crossentropy/truediv/mul,2,5.12,2.56,5.12,2.56,0.0006609231754260502,0.995373537772018,0.0,0.0
80,Device,BiasAddGrad,gradient_tape/sequential/dense/BiasAdd/BiasAddGrad,2,5.12,2.56,5.12,2.56,0.0006609231754260502,0.9960344609474441,0.0,0.0
81,Device,BiasAdd,sequential/dense_1/BiasAdd,2,5.12,2.56,5.12,2.56,0.0006609231754260502,0.9966953841228702,0.0,0.0
82,Device,AssignAddVariableOp,AssignAddVariableOp,2,4.096,2.048,4.096,2.048,0.0005287385403408402,0.997224122663211,0.0,0.0
83,Device,AssignAddVariableOp,AssignAddVariableOp_3,2,4.096,2.048,4.096,2.048,0.0005287385403408402,0.9977528612035519,0.0,0.0
84,Device,ResourceApplyGradientDescent,SGD/SGD/update/ResourceApplyGradientDescent,2,4.096,2.048,4.096,2.048,0.0005287385403408402,0.9982815997438927,0.0,0.0
85,Device,RealDiv,gradient_tape/categorical_crossentropy/truediv/RealDiv_2,2,4.096,2.048,4.096,2.048,0.0005287385403408402,0.9988103382842336,0.0,0.0
86,Device,Sum,gradient_tape/categorical_crossentropy/truediv/Sum_1,2,4.096,2.048,4.096,2.048,0.0005287385403408402,0.9993390768245745,0.0,0.0
87,Device,_Send,IteratorGetNext/_3,2,3.072,1.536,3.072,1.536,0.0003965539052556301,0.9997356307298301,0.0,0.0
88,Device,LogicalAnd,LogicalAnd,1,2.048,2.048,2.048,2.048,0.0002643692701704201,1.0000000000000004,0.0,0.0
89,Host,IDLE,IDLE,0,28040.197,0.0,28040.197,0.0,0.0,0.0,0.9615521084025107,0.9615521084025107
90,Host,_Send,IteratorGetNext/_1,2,355.994,177.997,355.994,177.997,0.0,0.0,0.012207716703225851,0.9737598251057366
91,Host,_Send,IteratorGetNext/_3,2,240.153,120.0765,240.153,120.0765,0.0,0.0,0.008235306745141203,0.9819951318508777
92,Host,_Send,IteratorGetNext/_6,2,101.492,50.746,101.492,50.746,0.0,0.0,0.003480355240941696,0.9854754870918194
93,Host,GatherV2,GatherV2,2,64.121,32.0605,64.121,32.0605,0.0,0.0,0.0021988320104483353,0.9876743191022678
94,Host,Dataset,Iterator::Root::ParallelMapV2::Zip[1]::ForeverRepeat,2,66.001,33.0005,61.221,30.6105,0.0,0.0,0.002099385451126114,0.9897737045533939
95,Host,Dataset,Iterator::Root::ParallelMapV2::Zip[0]::FlatMap,2,78.141,39.0705,53.581,26.7905,0.0,0.0,0.0018373952051875717,0.9916110997585814
96,Host,FlushSummaryWriter,FlushSummaryWriter,1,39.161,39.161,39.161,39.161,0.0,0.0,0.0013429057619370763,0.9929540055205185
97,Host,Dataset,Iterator::Root::ParallelMapV2,2,35.831,17.9155,35.831,17.9155,0.0,0.0,0.0012287136783015599,0.9941827191988201
98,Host,IteratorGetNext,IteratorGetNext,2,32.28,16.14,32.28,16.14,0.0,0.0,0.00110694308100735,0.9952896622798274
99,Host,LogicalAnd,LogicalAnd,1,29.31,29.31,29.31,29.31,0.0,0.0,0.0010050960874945917,0.996294758367322
100,Host,Dataset,Iterator::Root,2,62.511,31.2555,26.68,13.34,0.0,0.0,0.000914908345764439,0.9972096667130864
101,Host,Dataset,Iterator::Root::ParallelMapV2::Zip[0]::FlatMap[1]::TensorSlice,2,24.56,12.28,24.56,12.28,0.0,0.0,0.0008422094817081942,0.9980518761947946
102,Host,WriteSummary,WriteSummary,1,19.72,19.72,19.72,19.72,0.0,0.0,0.000676236603391107,0.9987281127981857
103,Host,Dataset,Iterator::Root::ParallelMapV2::Zip,2,156.092,78.046,11.95,5.975,0.0,0.0,0.00040978840824156844,0.9991379012064273
104,Host,GatherV2,GatherV2_1,2,10.61,5.305,10.61,5.305,0.0,0.0,0.0003638372394513005,0.9995017384458786
105,Host,ReadVariableOp,ReadVariableOp,1,7.04,7.04,7.04,7.04,0.0,0.0,0.00024141509573394492,0.9997431535416126
106,Host,Dataset,Iterator::Root::ParallelMapV2::Zip[1]::ForeverRepeat::FromTensor,4,4.78,1.195,4.78,1.195,0.0,0.0,0.0001639153632966274,0.9999070689049092
107,Host,Identity,Identity,2,2.71,1.355,2.71,1.355,0.0,0.0,9.293109509076573e-05,1.0
