Rank,Host/device,Type,Operation,#Occurrences,Total time (us),Avg. time (us),Total self-time (us),Avg. self-time (us),Total self-time on Device (%),Cumulative total-self time on Device (%),Total self-time on Host (%),Cumulative total-self time on Host (%)
1,Device,IDLE,IDLE,0,4427.753,0.0,4427.753,0.0,0.24244937245476927,0.24244937245476927,0.0,0.0
2,Device,ResourceApplyGradientDescent,SGD/SGD/update_8/ResourceApplyGradientDescent,2,1499.139,749.5695,1499.139,749.5695,0.08208798227283011,0.32453735472759937,0.0,0.0
3,Device,Conv2DBackpropFilter,gradient_tape/sequential/conv2d_1/Conv2D/Conv2DBackpropFilter,2,1064.962,532.481,1064.962,532.481,0.0583138600071359,0.38285121473473527,0.0,0.0
4,Device,Conv2DBackpropFilter,gradient_tape/sequential/conv2d_3/Conv2D/Conv2DBackpropFilter,2,847.873,423.9365,847.873,423.9365,0.04642677149591285,0.4292779862306481,0.0,0.0
5,Device,_FusedConv2D,sequential/activation_1/Relu,2,644.097,322.0485,644.097,322.0485,0.03526865962261209,0.4645466458532602,0.0,0.0
6,Device,Conv2DBackpropInput,gradient_tape/sequential/conv2d_1/Conv2D/Conv2DBackpropInput,2,630.785,315.3925,630.785,315.3925,0.03453973774144168,0.4990863835947019,0.0,0.0
7,Device,MaxPoolGrad,gradient_tape/sequential/max_pooling2d/MaxPool/MaxPoolGrad,2,583.681,291.8405,583.681,291.8405,0.03196047570037719,0.5310468592950791,0.0,0.0
8,Device,_Send,IteratorGetNext/_1,2,555.361,277.6805,555.361,277.6805,0.03040976448682958,0.5614566237819086,0.0,0.0
9,Device,MatMul,gradient_tape/sequential/dense/MatMul/MatMul,2,543.744,271.872,543.744,271.872,0.029773655300114093,0.5912302790820227,0.0,0.0
10,Device,MatMul,sequential/dense/MatMul,2,540.672,270.336,540.672,270.336,0.02960544255830554,0.6208357216403283,0.0,0.0
11,Device,Conv2DBackpropFilter,gradient_tape/sequential/conv2d_2/Conv2D/Conv2DBackpropFilter,2,537.601,268.8005,537.601,268.8005,0.029437284573248873,0.6502730062135772,0.0,0.0
12,Device,Conv2DBackpropInput,gradient_tape/sequential/conv2d_3/Conv2D/Conv2DBackpropInput,2,527.361,263.6805,527.361,263.6805,0.028876575433887025,0.6791495816474642,0.0,0.0
13,Device,MatMul,gradient_tape/sequential/dense/MatMul/MatMul_1,2,523.265,261.6325,523.265,261.6325,0.028652291778142287,0.7078018734256065,0.0,0.0
14,Device,Conv2DBackpropFilter,gradient_tape/sequential/conv2d/Conv2D/Conv2DBackpropFilter,2,499.712,249.856,499.712,249.856,0.027362606000858148,0.7351644794264647,0.0,0.0
15,Device,_FusedConv2D,sequential/activation_3/Relu,2,474.112,237.056,474.112,237.056,0.02596083315245353,0.7611253125789182,0.0,0.0
16,Device,ReluGrad,gradient_tape/sequential/activation/ReluGrad,2,428.032,214.016,428.032,214.016,0.023437642025325216,0.7845629546042434,0.0,0.0
17,Device,ReluGrad,gradient_tape/sequential/activation_1/ReluGrad,2,424.961,212.4805,424.961,212.4805,0.023269484040268556,0.8078324386445119,0.0,0.0
18,Device,_FusedConv2D,sequential/activation_2/Relu,2,340.992,170.496,340.992,170.496,0.018671614340749515,0.8265040529852614,0.0,0.0
19,Device,Conv2DBackpropInput,gradient_tape/sequential/conv2d_2/Conv2D/Conv2DBackpropInput,2,331.776,165.888,331.776,165.888,0.018166976115323853,0.8446710291005852,0.0,0.0
20,Device,_FusedConv2D,sequential/activation/Relu,2,259.073,129.5365,259.073,129.5365,0.014185995982606626,0.8588570250831918,0.0,0.0
21,Device,ReluGrad,gradient_tape/sequential/activation_2/ReluGrad,2,197.633,98.8165,197.633,98.8165,0.010821741146435544,0.8696787662296274,0.0,0.0
22,Device,ReluGrad,gradient_tape/sequential/activation_3/ReluGrad,2,192.512,96.256,192.512,96.256,0.01054133182000273,0.8802200980496301,0.0,0.0
23,Device,MaxPool,sequential/max_pooling2d/MaxPool,2,182.272,91.136,182.272,91.136,0.009980622680640882,0.890200720730271,0.0,0.0
24,Device,MaxPoolGrad,gradient_tape/sequential/max_pooling2d_1/MaxPool/MaxPoolGrad,2,167.936,83.968,167.936,83.968,0.009195629885534296,0.8993963506158054,0.0,0.0
25,Device,BiasAddGrad,gradient_tape/sequential/conv2d_1/BiasAdd/BiasAddGrad,2,145.408,72.704,145.408,72.704,0.00796206977893823,0.9073584203947436,0.0,0.0
26,Device,BiasAddGrad,gradient_tape/sequential/conv2d/BiasAdd/BiasAddGrad,2,141.312,70.656,141.312,70.656,0.007737786123193494,0.9150962065179371,0.0,0.0
27,Device,SoftmaxCrossEntropyWithLogits,categorical_crossentropy/softmax_cross_entropy_with_logits,2,114.688,57.344,114.688,57.344,0.00627994236085269,0.9213761488787898,0.0,0.0
28,Device,Mul,sequential/dropout/dropout/Mul_1,2,105.472,52.736,105.472,52.736,0.0057753041354270266,0.9271514530142169,0.0,0.0
29,Device,Mul,gradient_tape/sequential/dropout/dropout/Mul_1,2,92.16,46.08,92.16,46.08,0.005046382254256626,0.9321978352684734,0.0,0.0
30,Device,MaxPool,sequential/max_pooling2d_1/MaxPool,2,92.16,46.08,92.16,46.08,0.005046382254256626,0.93724421752273,0.0,0.0
31,Device,BiasAddGrad,gradient_tape/sequential/conv2d_2/BiasAdd/BiasAddGrad,2,88.064,44.032,88.064,44.032,0.004822098598511886,0.9420663161212419,0.0,0.0
32,Device,BiasAddGrad,gradient_tape/sequential/conv2d_3/BiasAdd/BiasAddGrad,2,84.992,42.496,84.992,42.496,0.004653885856703333,0.9467202019779453,0.0,0.0
33,Device,Mul,gradient_tape/sequential/dropout/dropout/Mul,2,72.704,36.352,72.704,36.352,0.003981034889469115,0.9507012368674144,0.0,0.0
34,Device,Mul,sequential/dropout/dropout/Mul,2,67.584,33.792,67.584,33.792,0.0037006803197881925,0.9544019171872026,0.0,0.0
35,Device,Mul,gradient_tape/sequential/dropout_1/dropout/Mul_1,2,49.152,24.576,49.152,24.576,0.002691403868936867,0.9570933210561394,0.0,0.0
36,Device,RandomUniform,sequential/dropout/dropout/random_uniform/RandomUniform,2,45.056,22.528,45.056,22.528,0.002467120213192128,0.9595604412693316,0.0,0.0
37,Device,Cast,sequential/dropout/dropout/ArithmeticOptimizer/ReorderCastLikeAndValuePreserving_float_Cast,2,43.008,21.504,43.008,21.504,0.002354978385319759,0.9619154196546513,0.0,0.0
38,Device,GreaterEqual,sequential/dropout/dropout/GreaterEqual,2,40.961,20.4805,40.961,20.4805,0.0022428913141992798,0.9641583109688506,0.0,0.0
39,Device,Transpose,gradient_tape/sequential/conv2d/Conv2D/Conv2DBackpropFilter-0-TransposeNHWCToNCHW-LayoutOptimizer,2,38.912,19.456,38.912,19.456,0.0021306947295750196,0.9662890056984257,0.0,0.0
40,Device,Mul,sequential/dropout_1/dropout/Mul_1,2,32.768,16.384,32.768,16.384,0.0017942692459579114,0.9680832749443836,0.0,0.0
41,Device,MatMul,sequential/dense_1/MatMul,2,30.72,15.36,30.72,15.36,0.001682127418085542,0.9697654023624691,0.0,0.0
42,Device,ArgMax,ArgMax,2,27.648,13.824,27.648,13.824,0.0015139146762769876,0.9712793170387461,0.0,0.0
43,Device,RandomUniform,sequential/dropout_1/dropout/random_uniform/RandomUniform,2,27.648,13.824,27.648,13.824,0.0015139146762769876,0.9727932317150232,0.0,0.0
44,Device,Transpose,gradient_tape/sequential/dropout/dropout/ArithmeticOptimizer/ReorderCastLikeAndValuePreserving_bool_Mul-1-TransposeNHWCToNCHW-LayoutOptimizer,2,22.528,11.264,22.528,11.264,0.001233560106596064,0.9740267918216192,0.0,0.0
45,Device,Softmax,sequential/activation_5/Softmax,2,22.528,11.264,22.528,11.264,0.001233560106596064,0.9752603519282153,0.0,0.0
46,Device,Cast,sequential/dropout_1/dropout/ArithmeticOptimizer/ReorderCastLikeAndValuePreserving_float_Cast,2,20.481,10.2405,20.481,10.2405,0.0011214730354755856,0.9763818249636909,0.0,0.0
47,Device,Transpose,gradient_tape/sequential/max_pooling2d_1/MaxPool/MaxPoolGrad-2-TransposeNHWCToNCHW-LayoutOptimizer,2,20.48,10.24,20.48,10.24,0.0011214182787236946,0.9775032432424146,0.0,0.0
48,Device,Mul,sequential/dropout_1/dropout/Mul,2,20.48,10.24,20.48,10.24,0.0011214182787236946,0.9786246615211383,0.0,0.0
49,Device,ArgMax,ArgMax_1,2,19.456,9.728,19.456,9.728,0.0010653473647875098,0.9796900088859257,0.0,0.0
50,Device,Transpose,sequential/dropout_1/dropout/Mul_1-0-1-TransposeNCHWToNHWC-LayoutOptimizer,2,16.384,8.192,16.384,8.192,0.0008971346229789557,0.9805871435089046,0.0,0.0
51,Device,Mul,gradient_tape/sequential/dropout_1/dropout/Mul,2,14.336,7.168,14.336,7.168,0.0007849927951065862,0.9813721363040112,0.0,0.0
52,Device,Transpose,sequential/dropout_1/dropout/ArithmeticOptimizer/ReorderCastLikeAndValuePreserving_bool_Mul_1-0-TransposeNHWCToNCHW-LayoutOptimizer,2,14.336,7.168,14.336,7.168,0.0007849927951065862,0.9821571290991178,0.0,0.0
53,Device,MatMul,gradient_tape/sequential/dense_1/MatMul/MatMul,2,13.312,6.656,13.312,6.656,0.0007289218811704015,0.9828860509802881,0.0,0.0
54,Device,Cast,sequential/dropout_1/dropout/Cast,2,12.288,6.144,12.288,6.144,0.0006728509672342168,0.9835589019475224,0.0,0.0
55,Device,GreaterEqual,sequential/dropout_1/dropout/GreaterEqual,2,11.264,5.632,11.264,5.632,0.000616780053298032,0.9841756820008204,0.0,0.0
56,Device,MatMul,gradient_tape/sequential/dense_1/MatMul/MatMul_1,2,10.24,5.12,10.24,5.12,0.0005607091393618473,0.9847363911401822,0.0,0.0
57,Device,ResourceApplyGradientDescent,SGD/SGD/update_10/ResourceApplyGradientDescent,2,8.192,4.096,8.192,4.096,0.00044856731148947785,0.9851849584516716,0.0,0.0
58,Device,ResourceApplyGradientDescent,SGD/SGD/update_2/ResourceApplyGradientDescent,2,8.192,4.096,8.192,4.096,0.00044856731148947785,0.9856335257631611,0.0,0.0
59,Device,ResourceApplyGradientDescent,SGD/SGD/update_4/ResourceApplyGradientDescent,2,8.192,4.096,8.192,4.096,0.00044856731148947785,0.9860820930746506,0.0,0.0
60,Device,ResourceApplyGradientDescent,SGD/SGD/update_6/ResourceApplyGradientDescent,2,8.192,4.096,8.192,4.096,0.00044856731148947785,0.98653066038614,0.0,0.0
61,Device,RandomUniform,sequential/dropout_2/dropout/random_uniform/RandomUniform,2,8.192,4.096,8.192,4.096,0.00044856731148947785,0.9869792276976295,0.0,0.0
62,Device,ResourceApplyGradientDescent,SGD/SGD/update/ResourceApplyGradientDescent,2,7.168,3.584,7.168,3.584,0.0003924963975532931,0.9873717240951828,0.0,0.0
63,Device,Mul,gradient_tape/sequential/dropout_2/dropout/Mul_1,2,7.168,3.584,7.168,3.584,0.0003924963975532931,0.9877642204927362,0.0,0.0
64,Device,Mul,sequential/dropout_2/dropout/Mul_1,2,7.168,3.584,7.168,3.584,0.0003924963975532931,0.9881567168902895,0.0,0.0
65,Device,ResourceApplyGradientDescent,SGD/SGD/update_3/ResourceApplyGradientDescent,2,6.145,3.0725,6.145,3.0725,0.0003364802403689992,0.9884931971306585,0.0,0.0
66,Device,AssignAddVariableOp,AssignAddVariableOp_1,2,6.144,3.072,6.144,3.072,0.0003364254836171084,0.9888296226142756,0.0,0.0
67,Device,Cast,Cast,2,6.144,3.072,6.144,3.072,0.0003364254836171084,0.9891660480978928,0.0,0.0
68,Device,Cast,Cast_1,2,6.144,3.072,6.144,3.072,0.0003364254836171084,0.9895024735815099,0.0,0.0
69,Device,Mul,Mul,2,6.144,3.072,6.144,3.072,0.0003364254836171084,0.989838899065127,0.0,0.0
70,Device,AssignAddVariableOp,SGD/SGD/AssignAddVariableOp,2,6.144,3.072,6.144,3.072,0.0003364254836171084,0.9901753245487441,0.0,0.0
71,Device,ResourceApplyGradientDescent,SGD/SGD/update_1/ResourceApplyGradientDescent,2,6.144,3.072,6.144,3.072,0.0003364254836171084,0.9905117500323612,0.0,0.0
72,Device,ResourceApplyGradientDescent,SGD/SGD/update_11/ResourceApplyGradientDescent,2,6.144,3.072,6.144,3.072,0.0003364254836171084,0.9908481755159784,0.0,0.0
73,Device,ResourceApplyGradientDescent,SGD/SGD/update_5/ResourceApplyGradientDescent,2,6.144,3.072,6.144,3.072,0.0003364254836171084,0.9911846009995955,0.0,0.0
74,Device,ResourceApplyGradientDescent,SGD/SGD/update_7/ResourceApplyGradientDescent,2,6.144,3.072,6.144,3.072,0.0003364254836171084,0.9915210264832126,0.0,0.0
75,Device,ResourceApplyGradientDescent,SGD/SGD/update_9/ResourceApplyGradientDescent,2,6.144,3.072,6.144,3.072,0.0003364254836171084,0.9918574519668297,0.0,0.0
76,Device,Sum,categorical_crossentropy/weighted_loss/Sum,2,6.144,3.072,6.144,3.072,0.0003364254836171084,0.9921938774504468,0.0,0.0
77,Device,DivNoNan,div_no_nan_1,2,6.144,3.072,6.144,3.072,0.0003364254836171084,0.992530302934064,0.0,0.0
78,Device,Tile,gradient_tape/categorical_crossentropy/weighted_loss/Tile_1,2,6.144,3.072,6.144,3.072,0.0003364254836171084,0.9928667284176811,0.0,0.0
79,Device,ReluGrad,gradient_tape/sequential/activation_4/ReluGrad,2,6.144,3.072,6.144,3.072,0.0003364254836171084,0.9932031539012982,0.0,0.0
80,Device,BiasAddGrad,gradient_tape/sequential/dense_1/BiasAdd/BiasAddGrad,2,6.144,3.072,6.144,3.072,0.0003364254836171084,0.9935395793849153,0.0,0.0
81,Device,Mul,gradient_tape/sequential/dropout_2/dropout/Mul,2,6.144,3.072,6.144,3.072,0.0003364254836171084,0.9938760048685324,0.0,0.0
82,Device,BiasAdd,sequential/dense/BiasAdd,2,6.144,3.072,6.144,3.072,0.0003364254836171084,0.9942124303521496,0.0,0.0
83,Device,GreaterEqual,sequential/dropout_2/dropout/GreaterEqual,2,6.144,3.072,6.144,3.072,0.0003364254836171084,0.9945488558357667,0.0,0.0
84,Device,Mul,sequential/dropout_2/dropout/Mul,2,6.144,3.072,6.144,3.072,0.0003364254836171084,0.9948852813193838,0.0,0.0
85,Device,AssignAddVariableOp,AssignAddVariableOp,2,5.12,2.56,5.12,2.56,0.00028035456968092366,0.9951656358890647,0.0,0.0
86,Device,AssignAddVariableOp,AssignAddVariableOp_2,2,5.12,2.56,5.12,2.56,0.00028035456968092366,0.9954459904587456,0.0,0.0
87,Device,AssignAddVariableOp,AssignAddVariableOp_3,2,5.12,2.56,5.12,2.56,0.00028035456968092366,0.9957263450284265,0.0,0.0
88,Device,AssignAddVariableOp,AssignAddVariableOp_4,2,5.12,2.56,5.12,2.56,0.00028035456968092366,0.9960066995981074,0.0,0.0
89,Device,Equal,Equal,2,5.12,2.56,5.12,2.56,0.00028035456968092366,0.9962870541677883,0.0,0.0
90,Device,Cast,categorical_crossentropy/weighted_loss/num_elements/Cast,2,5.12,2.56,5.12,2.56,0.00028035456968092366,0.9965674087374692,0.0,0.0
91,Device,DivNoNan,div_no_nan,2,5.12,2.56,5.12,2.56,0.00028035456968092366,0.9968477633071501,0.0,0.0
92,Device,Mul,gradient_tape/categorical_crossentropy/softmax_cross_entropy_with_logits/mul,2,5.12,2.56,5.12,2.56,0.00028035456968092366,0.997128117876831,0.0,0.0
93,Device,DivNoNan,gradient_tape/categorical_crossentropy/weighted_loss/value/div_no_nan,2,5.12,2.56,5.12,2.56,0.00028035456968092366,0.9974084724465119,0.0,0.0
94,Device,BiasAddGrad,gradient_tape/sequential/dense/BiasAdd/BiasAddGrad,2,5.12,2.56,5.12,2.56,0.00028035456968092366,0.9976888270161928,0.0,0.0
95,Device,BiasAdd,sequential/dense_1/BiasAdd,2,5.12,2.56,5.12,2.56,0.00028035456968092366,0.9979691815858737,0.0,0.0
96,Device,_Recv,categorical_crossentropy/weighted_loss/num_elements/_14,2,4.8,2.4,4.8,2.4,0.0002628324090758659,0.9982320139949495,0.0,0.0
97,Device,Cast,Cast_2,2,4.096,2.048,4.096,2.048,0.00022428365574473893,0.9984562976506943,0.0,0.0
98,Device,Sum,Sum_2,2,4.096,2.048,4.096,2.048,0.00022428365574473893,0.9986805813064391,0.0,0.0
99,Device,DivNoNan,categorical_crossentropy/weighted_loss/value,2,4.096,2.048,4.096,2.048,0.00022428365574473893,0.9989048649621839,0.0,0.0
100,Device,Relu,sequential/activation_4/Relu,2,4.096,2.048,4.096,2.048,0.00022428365574473893,0.9991291486179287,0.0,0.0
101,Device,Cast,sequential/dropout_2/dropout/Cast,2,4.096,2.048,4.096,2.048,0.00022428365574473893,0.9993534322736735,0.0,0.0
102,Device,_Recv,Size/_16,2,3.616,1.808,3.616,1.808,0.00019800041483715233,0.9995514326885107,0.0,0.0
103,Device,_Send,IteratorGetNext/_3,2,3.072,1.536,3.072,1.536,0.0001682127418085542,0.9997196454303192,0.0,0.0
104,Device,_Recv,strided_slice/_12,2,3.072,1.536,3.072,1.536,0.0001682127418085542,0.9998878581721278,0.0,0.0
105,Device,LogicalAnd,LogicalAnd,1,2.048,2.048,2.048,2.048,0.00011214182787236946,1.0000000000000002,0.0,0.0
106,Host,IDLE,IDLE,0,78240.193,0.0,78240.193,0.0,0.0,0.0,0.9662436977422791,0.9662436977422791
107,Host,_Send,IteratorGetNext/_1,2,859.969,429.9845,859.969,429.9845,0.0,0.0,0.010620367801287634,0.9768640655435668
108,Host,GatherV2,GatherV2,2,743.379,371.6895,743.379,371.6895,0.0,0.0,0.009180515106653147,0.9860445806502199
109,Host,_Send,IteratorGetNext/_3,2,510.224,255.112,510.224,255.112,0.0,0.0,0.006301118460135402,0.9923456991103553
110,Host,_Send,IteratorGetNext/_6,2,191.232,95.616,191.232,95.616,0.0,0.0,0.0023616597521257587,0.9947073588624811
111,Host,Dataset,Iterator::Root::ParallelMapV2,2,68.861,34.4305,68.861,34.4305,0.0,0.0,0.0008504133836969329,0.995557772246178
112,Host,Dataset,Iterator::Root::ParallelMapV2::Zip[1]::ForeverRepeat,2,63.051,31.5255,58.101,29.0505,0.0,0.0,0.0007175305035677015,0.9962753027497457
113,Host,IteratorGetNext,IteratorGetNext,2,46.72,23.36,46.72,23.36,0.0,0.0,0.0005769784534979263,0.9968522812032437
114,Host,Dataset,Iterator::Root,2,107.441,53.7205,38.58,19.29,0.0,0.0,0.0004764518136975598,0.9973287330169412
115,Host,FlushSummaryWriter,FlushSummaryWriter,1,35.32,35.32,35.32,35.32,0.0,0.0,0.00043619175893721656,0.9977649247758784
116,Host,LogicalAnd,LogicalAnd,1,31.52,31.52,31.52,31.52,0.0,0.0,0.0003892628607503133,0.9981541876366288
117,Host,Dataset,Iterator::Root::ParallelMapV2::Zip[0]::FlatMap[1]::Concatenate,2,54.231,27.1155,28.791,14.3955,0.0,0.0,0.00035556050202608725,0.9985097481386549
118,Host,GatherV2,GatherV2_1,2,28.721,14.3605,28.721,14.3605,0.0,0.0,0.00035469602232264427,0.9988644441609775
119,Host,Dataset,Iterator::Root::ParallelMapV2::Zip[0]::FlatMap[1]::Concatenate[0]::TensorSlice,2,25.44,12.72,25.44,12.72,0.0,0.0,0.0003141766236512681,0.9991786207846288
120,Host,WriteSummary,WriteSummary,1,20.7,20.7,20.7,20.7,0.0,0.0,0.00025563899801813085,0.999434259782647
121,Host,_HostSend,categorical_crossentropy/softmax_cross_entropy_with_logits/Shape_2/_9,2,14.91,7.455,14.91,7.455,0.0,0.0,0.00018413417683334934,0.9996183939594804
122,Host,Dataset,Iterator::Root::ParallelMapV2::Zip,2,134.632,67.316,11.94,5.97,0.0,0.0,0.0001474555379872697,0.9997658494974676
123,Host,ReadVariableOp,ReadVariableOp,1,6.13,6.13,6.13,6.13,0.0,0.0,7.570372260150446e-05,0.9998415532200691
124,Host,Dataset,Iterator::Root::ParallelMapV2::Zip[0]::FlatMap,2,59.641,29.8205,5.41,2.705,0.0,0.0,6.68119313660912e-05,0.9999083651514351
125,Host,Dataset,Iterator::Root::ParallelMapV2::Zip[1]::ForeverRepeat::FromTensor,4,4.95,1.2375,4.95,1.2375,0.0,0.0,6.113106474346608e-05,0.9999694962161786
126,Host,Identity,Identity,2,2.47,1.235,2.47,1.235,0.0,0.0,3.0503783821487116e-05,1.0
