Rank,Host/device,Type,Operation,#Occurrences,Total time (us),Avg. time (us),Total self-time (us),Avg. self-time (us),Total self-time on Device (%),Cumulative total-self time on Device (%),Total self-time on Host (%),Cumulative total-self time on Host (%)
1,Device,_Send,IteratorGetNext/_1,2,8130.056,4065.028,8130.056,4065.028,0.22052271117379252,0.22052271117379252,0.0,0.0
2,Device,IDLE,IDLE,0,7779.464,0.0,7779.464,0.0,0.2110131212821802,0.4315358324559727,0.0,0.0
3,Device,Conv2DBackpropFilter,gradient_tape/sequential/conv2d/Conv2D/Conv2DBackpropFilter,2,4714.5,2357.25,4714.5,2357.25,0.12787787954090904,0.5594137119968817,0.0,0.0
4,Device,Conv2DBackpropInput,gradient_tape/sequential/conv2d_1/Conv2D/Conv2DBackpropInput,18,3440.644,191.14688888888887,3440.644,191.14688888888887,0.0933253280252734,0.6527390400221551,0.0,0.0
5,Device,_FusedConv2D,sequential/conv2d/Relu,2,2550.786,1275.393,2550.786,1275.393,0.06918848336889113,0.7219275233910463,0.0,0.0
6,Device,MaxPoolGrad,gradient_tape/sequential/max_pooling2d/MaxPool/MaxPoolGrad,2,1645.569,822.7845,1645.569,822.7845,0.04463503539256637,0.7665625587836127,0.0,0.0
7,Device,Conv2DBackpropFilter,gradient_tape/sequential/conv2d_1/Conv2D/Conv2DBackpropFilter,2,1545.217,772.6085,1545.217,772.6085,0.04191304982300666,0.8084756086066194,0.0,0.0
8,Device,ReluGrad,gradient_tape/sequential/conv2d/ReluGrad,2,1234.946,617.473,1234.946,617.473,0.033497141972113155,0.8419727505787326,0.0,0.0
9,Device,_FusedConv2D,sequential/conv2d_1/Relu,2,1067.01,533.505,1067.01,533.505,0.028941982447543826,0.8709147330262764,0.0,0.0
10,Device,ReluGrad,gradient_tape/sequential/conv2d_1/ReluGrad,2,731.136,365.568,731.136,365.568,0.019831609149649394,0.8907463421759259,0.0,0.0
11,Device,MaxPoolGrad,gradient_tape/sequential/max_pooling2d_1/MaxPool/MaxPoolGrad,2,582.657,291.3285,582.657,291.3285,0.015804208645597083,0.9065505508215229,0.0,0.0
12,Device,MaxPool,sequential/max_pooling2d/MaxPool,2,491.52,245.76,491.52,245.76,0.013332174218251695,0.9198827250397746,0.0,0.0
13,Device,Transpose,gradient_tape/sequential/conv2d/Conv2D/Conv2DBackpropFilter-0-TransposeNHWCToNCHW-LayoutOptimizer,2,476.161,238.0805,476.161,238.0805,0.012915570898309215,0.9327982959380838,0.0,0.0
14,Device,BiasAddGrad,gradient_tape/sequential/conv2d/BiasAdd/BiasAddGrad,2,395.265,197.6325,395.265,197.6325,0.010721317224888623,0.9435196131629725,0.0,0.0
15,Device,MatMul,sequential/dense/MatMul,2,379.904,189.952,379.904,189.952,0.010304659656190372,0.9538242728191628,0.0,0.0
16,Device,MaxPool,sequential/max_pooling2d_1/MaxPool,2,303.104,151.552,303.104,151.552,0.008221507434588545,0.9620457802537513,0.0,0.0
17,Device,BiasAddGrad,gradient_tape/sequential/conv2d_1/BiasAdd/BiasAddGrad,2,265.217,132.6085,265.217,132.6085,0.007193846129642862,0.9692396263833942,0.0,0.0
18,Device,SoftmaxCrossEntropyWithLogits,categorical_crossentropy/softmax_cross_entropy_with_logits,2,145.409,72.7045,145.409,72.7045,0.003944128663944012,0.9731837550473382,0.0,0.0
19,Device,MatMul,gradient_tape/sequential/dense/MatMul/MatMul,2,130.048,65.024,130.048,65.024,0.003527471095245761,0.976711226142584,0.0,0.0
20,Device,Transpose,gradient_tape/sequential/max_pooling2d_1/MaxPool/MaxPoolGrad-2-TransposeNHWCToNCHW-LayoutOptimizer,2,122.88,61.44,122.88,61.44,0.0033330435545629237,0.9800442696971469,0.0,0.0
21,Device,Transpose,sequential/max_pooling2d_1/MaxPool-0-2-TransposeNCHWToNHWC-LayoutOptimizer,2,113.664,56.832,113.664,56.832,0.0030830652879707044,0.9831273349851176,0.0,0.0
22,Device,MatMul,gradient_tape/sequential/dense/MatMul/MatMul_1,2,107.52,53.76,107.52,53.76,0.002916413110242558,0.9860437480953602,0.0,0.0
23,Device,ResourceApplyGradientDescent,SGD/SGD/update_4/ResourceApplyGradientDescent,2,79.872,39.936,79.872,39.936,0.0021664783104659003,0.9882102264058261,0.0,0.0
24,Device,ArgMax,ArgMax,2,31.744,15.872,31.744,15.872,0.0008610362515954219,0.9890712626574215,0.0,0.0
25,Device,Softmax,sequential/dense_2/Softmax,2,22.528,11.264,22.528,11.264,0.0006110579850032026,0.9896823206424247,0.0,0.0
26,Device,ArgMax,ArgMax_1,2,20.48,10.24,20.48,10.24,0.0005555072590938206,0.9902378279015185,0.0,0.0
27,Device,MatMul,sequential/dense_2/MatMul,2,20.48,10.24,20.48,10.24,0.0005555072590938206,0.9907933351606123,0.0,0.0
28,Device,_Send,IteratorGetNext/_3,2,18.72,9.36,18.72,9.36,0.0005077683540154453,0.9913011035146277,0.0,0.0
29,Device,MatMul,gradient_tape/sequential/dense_2/MatMul/MatMul_1,2,17.408,8.704,17.408,8.704,0.00047218117022974757,0.9917732846848575,0.0,0.0
30,Device,MatMul,gradient_tape/sequential/dense_1/MatMul/MatMul_1,2,16.384,8.192,16.384,8.192,0.0004444058072750565,0.9922176904921325,0.0,0.0
31,Device,MatMul,sequential/dense_1/MatMul,2,15.36,7.68,15.36,7.68,0.00041663044432036547,0.9926343209364529,0.0,0.0
32,Device,MatMul,gradient_tape/sequential/dense_2/MatMul/MatMul,2,14.336,7.168,14.336,7.168,0.00038885508136567447,0.9930231760178185,0.0,0.0
33,Device,MatMul,gradient_tape/sequential/dense_1/MatMul/MatMul,2,12.288,6.144,12.288,6.144,0.00033330435545629236,0.9933564803732748,0.0,0.0
34,Device,ResourceApplyGradientDescent,SGD/SGD/update/ResourceApplyGradientDescent,2,8.192,4.096,8.192,4.096,0.00022220290363752826,0.9935786832769123,0.0,0.0
35,Device,BiasAddGrad,gradient_tape/sequential/dense/BiasAdd/BiasAddGrad,2,8.192,4.096,8.192,4.096,0.00022220290363752826,0.9938008861805498,0.0,0.0
36,Device,BiasAdd,sequential/dense/BiasAdd,2,8.192,4.096,8.192,4.096,0.00022220290363752826,0.9940230890841874,0.0,0.0
37,Device,ResourceApplyGradientDescent,SGD/SGD/update_2/ResourceApplyGradientDescent,2,7.168,3.584,7.168,3.584,0.00019442754068283723,0.9942175166248702,0.0,0.0
38,Device,ResourceApplyGradientDescent,SGD/SGD/update_3/ResourceApplyGradientDescent,2,7.168,3.584,7.168,3.584,0.00019442754068283723,0.9944119441655531,0.0,0.0
39,Device,BiasAddGrad,gradient_tape/sequential/dense_2/BiasAdd/BiasAddGrad,2,7.168,3.584,7.168,3.584,0.00019442754068283723,0.994606371706236,0.0,0.0
40,Device,AssignAddVariableOp,AssignAddVariableOp_2,2,6.144,3.072,6.144,3.072,0.00016665217772814618,0.9947730238839642,0.0,0.0
41,Device,AssignAddVariableOp,AssignAddVariableOp_4,2,6.144,3.072,6.144,3.072,0.00016665217772814618,0.9949396760616923,0.0,0.0
42,Device,Cast,Cast_1,2,6.144,3.072,6.144,3.072,0.00016665217772814618,0.9951063282394205,0.0,0.0
43,Device,Equal,Equal,2,6.144,3.072,6.144,3.072,0.00016665217772814618,0.9952729804171486,0.0,0.0
44,Device,Mul,Mul,2,6.144,3.072,6.144,3.072,0.00016665217772814618,0.9954396325948768,0.0,0.0
45,Device,AssignAddVariableOp,SGD/SGD/AssignAddVariableOp,2,6.144,3.072,6.144,3.072,0.00016665217772814618,0.9956062847726049,0.0,0.0
46,Device,ResourceApplyGradientDescent,SGD/SGD/update_1/ResourceApplyGradientDescent,2,6.144,3.072,6.144,3.072,0.00016665217772814618,0.9957729369503331,0.0,0.0
47,Device,ResourceApplyGradientDescent,SGD/SGD/update_5/ResourceApplyGradientDescent,2,6.144,3.072,6.144,3.072,0.00016665217772814618,0.9959395891280612,0.0,0.0
48,Device,ResourceApplyGradientDescent,SGD/SGD/update_6/ResourceApplyGradientDescent,2,6.144,3.072,6.144,3.072,0.00016665217772814618,0.9961062413057894,0.0,0.0
49,Device,ResourceApplyGradientDescent,SGD/SGD/update_8/ResourceApplyGradientDescent,2,6.144,3.072,6.144,3.072,0.00016665217772814618,0.9962728934835176,0.0,0.0
50,Device,ResourceApplyGradientDescent,SGD/SGD/update_9/ResourceApplyGradientDescent,2,6.144,3.072,6.144,3.072,0.00016665217772814618,0.9964395456612457,0.0,0.0
51,Device,Sum,Sum_2,2,6.144,3.072,6.144,3.072,0.00016665217772814618,0.9966061978389739,0.0,0.0
52,Device,Tile,gradient_tape/categorical_crossentropy/weighted_loss/Tile_1,2,6.144,3.072,6.144,3.072,0.00016665217772814618,0.996772850016702,0.0,0.0
53,Device,ReluGrad,gradient_tape/sequential/dense/ReluGrad,2,6.144,3.072,6.144,3.072,0.00016665217772814618,0.9969395021944302,0.0,0.0
54,Device,BiasAddGrad,gradient_tape/sequential/dense_1/BiasAdd/BiasAddGrad,2,6.144,3.072,6.144,3.072,0.00016665217772814618,0.9971061543721583,0.0,0.0
55,Device,ReluGrad,gradient_tape/sequential/dense_1/ReluGrad,2,6.144,3.072,6.144,3.072,0.00016665217772814618,0.9972728065498865,0.0,0.0
56,Device,BiasAdd,sequential/dense_1/BiasAdd,2,6.144,3.072,6.144,3.072,0.00016665217772814618,0.9974394587276146,0.0,0.0
57,Device,BiasAdd,sequential/dense_2/BiasAdd,2,6.144,3.072,6.144,3.072,0.00016665217772814618,0.9976061109053428,0.0,0.0
58,Device,AssignAddVariableOp,AssignAddVariableOp,2,5.12,2.56,5.12,2.56,0.00013887681477345516,0.9977449877201162,0.0,0.0
59,Device,AssignAddVariableOp,AssignAddVariableOp_1,2,5.12,2.56,5.12,2.56,0.00013887681477345516,0.9978838645348896,0.0,0.0
60,Device,AssignAddVariableOp,AssignAddVariableOp_3,2,5.12,2.56,5.12,2.56,0.00013887681477345516,0.9980227413496631,0.0,0.0
61,Device,Cast,Cast,2,5.12,2.56,5.12,2.56,0.00013887681477345516,0.9981616181644365,0.0,0.0
62,Device,Cast,Cast_2,2,5.12,2.56,5.12,2.56,0.00013887681477345516,0.9983004949792099,0.0,0.0
63,Device,ResourceApplyGradientDescent,SGD/SGD/update_7/ResourceApplyGradientDescent,2,5.12,2.56,5.12,2.56,0.00013887681477345516,0.9984393717939833,0.0,0.0
64,Device,DivNoNan,categorical_crossentropy/weighted_loss/value,2,5.12,2.56,5.12,2.56,0.00013887681477345516,0.9985782486087568,0.0,0.0
65,Device,DivNoNan,div_no_nan,2,5.12,2.56,5.12,2.56,0.00013887681477345516,0.9987171254235302,0.0,0.0
66,Device,DivNoNan,div_no_nan_1,2,5.12,2.56,5.12,2.56,0.00013887681477345516,0.9988560022383036,0.0,0.0
67,Device,Mul,gradient_tape/categorical_crossentropy/softmax_cross_entropy_with_logits/mul,2,5.12,2.56,5.12,2.56,0.00013887681477345516,0.998994879053077,0.0,0.0
68,Device,Relu,sequential/dense/Relu,2,5.12,2.56,5.12,2.56,0.00013887681477345516,0.9991337558678505,0.0,0.0
69,Device,Relu,sequential/dense_1/Relu,2,5.12,2.56,5.12,2.56,0.00013887681477345516,0.9992726326826239,0.0,0.0
70,Device,_Recv,categorical_crossentropy/weighted_loss/num_elements/_14,2,4.544,2.272,4.544,2.272,0.00012325317311144145,0.9993958858557354,0.0,0.0
71,Device,Sum,categorical_crossentropy/weighted_loss/Sum,2,4.096,2.048,4.096,2.048,0.00011110145181876413,0.9995069873075542,0.0,0.0
72,Device,Cast,categorical_crossentropy/weighted_loss/num_elements/Cast,2,4.096,2.048,4.096,2.048,0.00011110145181876413,0.999618088759373,0.0,0.0
73,Device,DivNoNan,gradient_tape/categorical_crossentropy/weighted_loss/value/div_no_nan,2,4.096,2.048,4.096,2.048,0.00011110145181876413,0.9997291902111918,0.0,0.0
74,Device,_Recv,strided_slice/_12,2,3.744,1.872,3.744,1.872,0.00010155367080308908,0.9998307438819949,0.0,0.0
75,Device,_Recv,Size/_16,2,3.168,1.584,3.168,1.584,8.593002914107538e-05,0.9999166739111359,0.0,0.0
76,Device,LogicalAnd,LogicalAnd,1,3.072,3.072,3.072,3.072,8.332608886407309e-05,1.0,0.0,0.0
77,Host,IDLE,IDLE,0,150707.731,0.0,150707.731,0.0,0.0,0.0,0.7598361082801763,0.7598361082801763
78,Host,GatherV2,GatherV2,2,29738.882,14869.441,29738.882,14869.441,0.0,0.0,0.1499370749831234,0.9097731832632997
79,Host,_Send,IteratorGetNext/_3,2,8620.703,4310.3515,8620.703,4310.3515,0.0,0.0,0.043463738553394055,0.9532369218166937
80,Host,_Send,IteratorGetNext/_1,2,8525.112,4262.556,8525.112,4262.556,0.0,0.0,0.042981789200532985,0.9962187110172267
81,Host,_Send,IteratorGetNext/_6,2,164.982,82.491,164.982,82.491,0.0,0.0,0.0008318039159934008,0.9970505149332201
82,Host,GatherV2,GatherV2_1,2,160.402,80.201,160.402,80.201,0.0,0.0,0.0008087125367202087,0.9978592274699403
83,Host,Dataset,Iterator::Root::ParallelMapV2::Zip[0]::FlatMap[1]::Concatenate,2,95.361,47.6805,72.371,36.1855,0.0,0.0,0.00036487908501750744,0.9982241065549577
84,Host,Dataset,Iterator::Root::ParallelMapV2::Zip[1]::ForeverRepeat,2,55.47,27.735,52.0,26.0,0.0,0.0,0.0002621728651104778,0.9984862794200682
85,Host,Dataset,Iterator::Root::ParallelMapV2,2,48.672,24.336,48.672,24.336,0.0,0.0,0.0002453938017434072,0.9987316732218116
86,Host,FlushSummaryWriter,FlushSummaryWriter,1,45.73,45.73,45.73,45.73,0.0,0.0,0.00023056086772119515,0.9989622340895328
87,Host,LogicalAnd,LogicalAnd,1,38.56,38.56,38.56,38.56,0.0,0.0,0.0001944112630511543,0.999156645352584
88,Host,IteratorGetNext,IteratorGetNext,2,36.421,18.2105,36.421,18.2105,0.0,0.0,0.00018362688308055214,0.9993402722356646
89,Host,WriteSummary,WriteSummary,1,31.431,31.431,31.431,31.431,0.0,0.0,0.0001584683716016813,0.9994987406072663
90,Host,Dataset,Iterator::Root,2,76.612,38.306,27.94,13.97,0.0,0.0,0.00014086749713820672,0.9996396081044044
91,Host,Dataset,Iterator::Root::ParallelMapV2::Zip[0]::FlatMap[1]::Concatenate[0]::TensorSlice,2,22.99,11.495,22.99,11.495,0.0,0.0,0.00011591065709403623,0.9997555187614985
92,Host,ReadVariableOp,ReadVariableOp,1,16.39,16.39,16.39,16.39,0.0,0.0,8.26348703684756e-05,0.999838153631867
93,Host,_HostSend,categorical_crossentropy/softmax_cross_entropy_with_logits/Shape_2/_9,2,10.421,5.2105,10.421,5.2105,0.0,0.0,5.2540450525313245e-05,0.9998906940823923
94,Host,Dataset,Iterator::Root::ParallelMapV2::Zip,2,164.851,82.4255,9.51,4.755,0.0,0.0,4.794738360001238e-05,0.9999386414659923
95,Host,Dataset,Iterator::Root::ParallelMapV2::Zip[0]::FlatMap,2,99.871,49.9355,4.51,2.255,0.0,0.0,2.2738454262466437e-05,0.9999613799202548
96,Host,Identity,Identity,2,4.19,2.095,4.19,2.095,0.0,0.0,2.11250827848635e-05,0.9999825050030396
97,Host,Dataset,Iterator::Root::ParallelMapV2::Zip[1]::ForeverRepeat::FromTensor,4,3.47,0.8675,3.47,0.8675,0.0,0.0,1.749499696025688e-05,0.9999999999999999
