Rank,Host/device,Type,Operation,#Occurrences,Total time (us),Avg. time (us),Total self-time (us),Avg. self-time (us),Total self-time on Device (%),Cumulative total-self time on Device (%),Total self-time on Host (%),Cumulative total-self time on Host (%)
1,Device,DepthwiseConv2dNativeBackpropFilter,gradient_tape/xception/block2_sepconv2/separable_conv2d/DepthwiseConv2dNativeBackpropFilter,2,324007.983,162003.9915,324007.983,162003.9915,0.17303395828778909,0.17303395828778909,0.0,0.0
2,Device,DepthwiseConv2dNativeBackpropFilter,gradient_tape/xception/block2_sepconv1/separable_conv2d/DepthwiseConv2dNativeBackpropFilter,2,307218.476,153609.238,307218.476,153609.238,0.16406765188073202,0.33710161016852114,0.0,0.0
3,Device,DepthwiseConv2dNativeBackpropFilter,gradient_tape/xception/block3_sepconv2/separable_conv2d/DepthwiseConv2dNativeBackpropFilter,2,82201.612,41100.806,82201.612,41100.806,0.043899135355553946,0.3810007455240751,0.0,0.0
4,Device,DepthwiseConv2dNativeBackpropFilter,gradient_tape/xception/block3_sepconv1/separable_conv2d/DepthwiseConv2dNativeBackpropFilter,2,82043.916,41021.958,82043.916,41021.958,0.04381491902596385,0.42481566455003894,0.0,0.0
5,Device,FusedBatchNormGradV3,gradient_tape/xception/block2_sepconv2_bn/FusedBatchNormGradV3,2,25956.356,12978.178,25956.356,12978.178,0.013861791242986145,0.4386774557930251,0.0,0.0
6,Device,FusedBatchNormGradV3,gradient_tape/xception/block2_sepconv1_bn/FusedBatchNormGradV3,2,25814.019,12907.0095,25814.019,12907.0095,0.013785777268599567,0.45246323306162467,0.0,0.0
7,Device,FusedBatchNormV3,xception/block2_sepconv1_bn/FusedBatchNormV3,4,19222.531,4805.63275,19222.531,4805.63275,0.01026564406359004,0.4627288771252147,0.0,0.0
8,Device,FusedBatchNormV3,xception/block2_sepconv2_bn/FusedBatchNormV3,4,19184.643,4796.16075,19184.643,4796.16075,0.010245410270117094,0.4729742873953318,0.0,0.0
9,Device,Conv2DBackpropFilter,gradient_tape/xception/block2_sepconv2/separable_conv2d/Conv2DBackpropFilter,2,17009.666,8504.833,17009.666,8504.833,0.009083880618871124,0.4820581680142029,0.0,0.0
10,Device,Conv2DBackpropFilter,gradient_tape/xception/block4_sepconv2/separable_conv2d/Conv2DBackpropFilter,2,13926.402,6963.201,13926.402,6963.201,0.007437287317599772,0.4894954553318027,0.0,0.0
11,Device,MaxPoolGrad,gradient_tape/xception/block2_pool/MaxPool/MaxPoolGrad,2,13379.586,6689.793,13379.586,6689.793,0.007145264460449688,0.4966407197922524,0.0,0.0
12,Device,Conv2DBackpropFilter,gradient_tape/xception/block2_sepconv1/separable_conv2d/Conv2DBackpropFilter,2,13187.074,6593.537,13187.074,6593.537,0.007042454915235801,0.5036831747074881,0.0,0.0
13,Device,IDLE,IDLE,0,13004.449,0.0,13004.449,0.0,0.006944925445931623,0.5106281001534198,0.0,0.0
14,Device,FusedBatchNormGradV3,gradient_tape/xception/block3_sepconv2_bn/FusedBatchNormGradV3,2,12968.962,6484.481,12968.962,6484.481,0.006925973887945599,0.5175540740413653,0.0,0.0
15,Device,FusedBatchNormGradV3,gradient_tape/xception/block3_sepconv1_bn/FusedBatchNormGradV3,2,12954.626,6477.313,12954.626,6477.313,0.006918317857982864,0.5244723918993482,0.0,0.0
16,Device,_Recv,IteratorGetNext/_2,2,12380.77,6190.385,12380.77,6190.385,0.0066118544978896725,0.531084246397238,0.0,0.0
17,Device,Conv2DBackpropInput,gradient_tape/xception/block4_sepconv2/separable_conv2d/Conv2DBackpropInput,4,12248.066,3062.0165,12248.066,3062.0165,0.006540984952676576,0.5376252313499146,0.0,0.0
18,Device,DepthwiseConv2dNativeBackpropInput,gradient_tape/xception/block2_sepconv2/separable_conv2d/DepthwiseConv2dNativeBackpropInput,2,11764.737,5882.3685,11764.737,5882.3685,0.006282866837033484,0.5439080981869481,0.0,0.0
19,Device,FusedBatchNormGradV3,gradient_tape/xception/block1_conv2_bn/FusedBatchNormGradV3,2,11374.594,5687.297,11374.594,5687.297,0.006074513984232715,0.5499826121711808,0.0,0.0
20,Device,ReluGrad,gradient_tape/xception/block2_sepconv2_act/ReluGrad,2,10434.562,5217.281,10434.562,5217.281,0.005572497162390437,0.5555551093335712,0.0,0.0
21,Device,Conv2DBackpropInput,gradient_tape/xception/block1_conv2/Conv2D/Conv2DBackpropInput,2,10338.305,5169.1525,10338.305,5169.1525,0.005521091855741225,0.5610762011893125,0.0,0.0
22,Device,Conv2D,xception/block2_sepconv2/separable_conv2d,2,10169.345,5084.6725,10169.345,5084.6725,0.005430860074037548,0.56650706126335,0.0,0.0
23,Device,Conv2DBackpropFilter,gradient_tape/xception/block1_conv2/Conv2D/Conv2DBackpropFilter,2,10160.129,5080.0645,10160.129,5080.0645,0.0054259383404900744,0.5719329996038401,0.0,0.0
24,Device,Conv2DBackpropInput,gradient_tape/xception/block2_sepconv2/separable_conv2d/Conv2DBackpropInput,2,9970.69,4985.345,9970.69,4985.345,0.005324769907167614,0.5772577695110077,0.0,0.0
25,Device,Conv2D,xception/block4_sepconv2/separable_conv2d,4,9836.545,2459.13625,9836.545,2459.13625,0.005253130807045456,0.5825109003180532,0.0,0.0
26,Device,FusedBatchNormV3,xception/block3_sepconv1_bn/FusedBatchNormV3,4,9639.937,2409.98425,9639.937,2409.98425,0.005148133824699358,0.5876590341427526,0.0,0.0
27,Device,FusedBatchNormV3,xception/block3_sepconv2_bn/FusedBatchNormV3,4,9612.289,2403.07225,9612.289,2403.07225,0.005133368624056939,0.5927924027668094,0.0,0.0
28,Device,FusedBatchNormV3,xception/block1_conv2_bn/FusedBatchNormV3,4,9452.546,2363.1365,9452.546,2363.1365,0.005048059109943003,0.5978404618767524,0.0,0.0
29,Device,DepthwiseConv2dNative,xception/block2_sepconv2/separable_conv2d/depthwise,2,8274.945,4137.4725,8274.945,4137.4725,0.004419170400390255,0.6022596322771427,0.0,0.0
30,Device,Conv2D,xception/block3_sepconv2/separable_conv2d,2,8160.257,4080.1285,8160.257,4080.1285,0.004357922160688365,0.606617554437831,0.0,0.0
31,Device,Conv2DBackpropFilter,gradient_tape/xception/block3_sepconv2/separable_conv2d/Conv2DBackpropFilter,2,8153.089,4076.5445,8153.089,4076.5445,0.004354094145706996,0.610971648583538,0.0,0.0
32,Device,Conv2DBackpropInput,gradient_tape/xception/block3_sepconv2/separable_conv2d/Conv2DBackpropInput,2,8129.537,4064.7685,8129.537,4064.7685,0.004341516382196787,0.6153131649657348,0.0,0.0
33,Device,Conv2D,xception/block2_sepconv1/separable_conv2d,2,6890.497,3445.2485,6890.497,3445.2485,0.003679816649703152,0.618992981615438,0.0,0.0
34,Device,FusedBatchNormGradV3,gradient_tape/xception/block4_sepconv1_bn/FusedBatchNormGradV3,2,6612.993,3306.4965,6612.993,3306.4965,0.0035316177839959002,0.6225245993994339,0.0,0.0
35,Device,FusedBatchNormGradV3,gradient_tape/xception/block4_sepconv2_bn/FusedBatchNormGradV3,2,6600.705,3300.3525,6600.705,3300.3525,0.0035250554725992688,0.6260496548720332,0.0,0.0
36,Device,FusedBatchNormGradV3,gradient_tape/xception/block1_conv1_bn/FusedBatchNormGradV3,2,6587.393,3293.6965,6587.393,3293.6965,0.0035179463019195853,0.6295676011739528,0.0,0.0
37,Device,Relu,xception/block2_sepconv2_act/Relu,2,6334.465,3167.2325,6334.465,3167.2325,0.0033828720590055954,0.6329504732329584,0.0,0.0
38,Device,Conv2D,xception/block1_conv2/Conv2D,2,6326.272,3163.136,6326.272,3163.136,0.0033784966506989057,0.6363289698836573,0.0,0.0
39,Device,Conv2DBackpropFilter,gradient_tape/xception/block3_sepconv1/separable_conv2d/Conv2DBackpropFilter,2,6031.361,3015.6805,6031.361,3015.6805,0.003221001711222028,0.6395499715948794,0.0,0.0
40,Device,FusedBatchNormGradV3,gradient_tape/xception/batch_normalization/FusedBatchNormGradV3,2,6019.073,3009.5365,6019.073,3009.5365,0.0032144393998253975,0.6427644109947047,0.0,0.0
41,Device,DepthwiseConv2dNativeBackpropInput,gradient_tape/xception/block2_sepconv1/separable_conv2d/DepthwiseConv2dNativeBackpropInput,2,6016.001,3008.0005,6016.001,3008.0005,0.0032127988219762395,0.6459772098166809,0.0,0.0
42,Device,DepthwiseConv2dNativeBackpropInput,gradient_tape/xception/block3_sepconv2/separable_conv2d/DepthwiseConv2dNativeBackpropInput,2,5983.233,2991.6165,5983.233,2991.6165,0.003195299324918557,0.6491725091415995,0.0,0.0
43,Device,ReluGrad,gradient_tape/xception/block3_sepconv2_act/ReluGrad,2,5281.792,2640.896,5281.792,2640.896,0.0028207001819852634,0.6519932093235847,0.0,0.0
44,Device,Conv2DBackpropInput,gradient_tape/xception/block4_sepconv1/separable_conv2d/Conv2DBackpropInput,2,5263.36,2631.68,5263.36,2631.68,0.0028108567148903167,0.6548040660384751,0.0,0.0
45,Device,ReluGrad,gradient_tape/xception/block1_conv2_act/ReluGrad,2,5171.201,2585.6005,5171.201,2585.6005,0.002761639913457852,0.657565705951933,0.0,0.0
46,Device,Conv2D,xception/block3_sepconv1/separable_conv2d,2,5141.505,2570.7525,5141.505,2570.7525,0.002745780994249327,0.6603114869461824,0.0,0.0
47,Device,Conv2DBackpropInput,gradient_tape/xception/conv2d/Conv2D/Conv2DBackpropInput,2,5025.793,2512.8965,5025.793,2512.8965,0.002683985895264384,0.6629954728414468,0.0,0.0
48,Device,AddN,SGD/gradients/AddN_11,2,4976.641,2488.3205,4976.641,2488.3205,0.0026577366496778596,0.6656532094911246,0.0,0.0
49,Device,Conv2DBackpropInput,gradient_tape/xception/block2_sepconv1/separable_conv2d/Conv2DBackpropInput,2,4957.185,2478.5925,4957.185,2478.5925,0.002647346323299861,0.6683005558144245,0.0,0.0
50,Device,Conv2DBackpropFilter,gradient_tape/xception/block4_sepconv1/separable_conv2d/Conv2DBackpropFilter,2,4810.753,2405.3765,4810.753,2405.3765,0.00256914544582334,0.6708697012602478,0.0,0.0
51,Device,FusedBatchNormV3,xception/batch_normalization/FusedBatchNormV3,4,4601.857,1150.46425,4601.857,1150.46425,0.0024575861520806114,0.6733272874123284,0.0,0.0
52,Device,DepthwiseConv2dNativeBackpropInput,gradient_tape/xception/block4_sepconv2/separable_conv2d/DepthwiseConv2dNativeBackpropInput,2,4543.488,2271.744,4543.488,2271.744,0.0024264146389043457,0.6757537020512328,0.0,0.0
53,Device,Conv2DBackpropInput,gradient_tape/xception/block13_sepconv2/separable_conv2d/Conv2DBackpropInput,4,4163.584,1040.896,4163.584,1040.896,0.002223529844891834,0.6779772318961246,0.0,0.0
54,Device,DepthwiseConv2dNative,xception/block3_sepconv2/separable_conv2d/depthwise,2,4126.72,2063.36,4126.72,2063.36,0.002203842910701941,0.6801810748068265,0.0,0.0
55,Device,Conv2DBackpropInput,gradient_tape/xception/block3_sepconv1/separable_conv2d/Conv2DBackpropInput,2,4116.481,2058.2405,4116.481,2058.2405,0.0021983748519136836,0.6823794496587402,0.0,0.0
56,Device,DepthwiseConv2dNativeBackpropFilter,gradient_tape/xception/block4_sepconv2/separable_conv2d/DepthwiseConv2dNativeBackpropFilter,2,4092.929,2046.4645,4092.929,2046.4645,0.002185797088403474,0.6845652467471437,0.0,0.0
57,Device,Conv2D,xception/block4_sepconv1/separable_conv2d,4,4012.033,1003.00825,4012.033,1003.00825,0.0021425952050423192,0.686707841952186,0.0,0.0
58,Device,MaxPool,xception/block2_pool/MaxPool,2,4008.961,2004.4805,4008.961,2004.4805,0.0021409546271931616,0.6888487965793793,0.0,0.0
59,Device,Conv2DBackpropFilter,gradient_tape/xception/conv2d/Conv2D/Conv2DBackpropFilter,2,3964.928,1982.464,3964.928,1982.464,0.0021174391439796316,0.6909662357233589,0.0,0.0
60,Device,FusedBatchNormV3,xception/block1_conv1_bn/FusedBatchNormV3,4,3959.809,989.95225,3959.809,989.95225,0.0021147053816066375,0.6930809411049655,0.0,0.0
61,Device,Conv2DBackpropInput,gradient_tape/xception/block14_sepconv2/separable_conv2d/Conv2DBackpropInput,4,3955.713,988.92825,3955.713,988.92825,0.002112517944474427,0.69519345904944,0.0,0.0
62,Device,DepthwiseConv2dNative,xception/block2_sepconv1/separable_conv2d/depthwise,2,3934.209,1967.1045,3934.209,1967.1045,0.002101033899530322,0.6972944929489703,0.0,0.0
63,Device,ReluGrad,gradient_tape/xception/block4_sepconv2_act/ReluGrad,2,3885.057,1942.5285,3885.057,1942.5285,0.002074784653943798,0.6993692776029141,0.0,0.0
64,Device,Conv2DBackpropFilter,gradient_tape/xception/block13_sepconv2/separable_conv2d/Conv2DBackpropFilter,4,3873.793,968.44825,3873.793,968.44825,0.0020687692018302195,0.7014380468047443,0.0,0.0
65,Device,Conv2D,xception/block14_sepconv2/separable_conv2d,4,3873.793,968.44825,3873.793,968.44825,0.0020687692018302195,0.7035068160065745,0.0,0.0
66,Device,FusedBatchNormV3,xception/block4_sepconv1_bn/FusedBatchNormV3,4,3864.576,966.144,3864.576,966.144,0.0020638469342404778,0.7055706629408149,0.0,0.0
67,Device,FusedBatchNormV3,xception/block4_sepconv2_bn/FusedBatchNormV3,4,3850.241,962.56025,3850.241,962.56025,0.00205619143832001,0.707626854379135,0.0,0.0
68,Device,MaxPoolGrad,gradient_tape/xception/block3_pool/MaxPool/MaxPoolGrad,2,3829.761,1914.8805,3829.761,1914.8805,0.0020452542526589582,0.709672108631794,0.0,0.0
69,Device,Conv2DBackpropFilter,gradient_tape/xception/block14_sepconv2/separable_conv2d/Conv2DBackpropFilter,4,3470.336,867.584,3470.336,867.584,0.00185330611026523,0.7115254147420592,0.0,0.0
70,Device,Conv2DBackpropFilter,gradient_tape/xception/block9_sepconv2/separable_conv2d/Conv2DBackpropFilter,4,3457.025,864.25625,3457.025,864.25625,0.001846197473627815,0.713371612215687,0.0,0.0
71,Device,Conv2DBackpropFilter,gradient_tape/xception/block12_sepconv1/separable_conv2d/Conv2DBackpropFilter,4,3454.977,863.74425,3454.977,863.74425,0.0018451037550617098,0.7152167159707488,0.0,0.0
72,Device,Conv2DBackpropFilter,gradient_tape/xception/block5_sepconv3/separable_conv2d/Conv2DBackpropFilter,4,3453.953,863.48825,3453.953,863.48825,0.0018445568957786574,0.7170612728665274,0.0,0.0
73,Device,Conv2DBackpropFilter,gradient_tape/xception/block8_sepconv2/separable_conv2d/Conv2DBackpropFilter,4,3452.929,863.23225,3452.929,863.23225,0.0018440100364956048,0.718905282903023,0.0,0.0
74,Device,Conv2DBackpropFilter,gradient_tape/xception/block10_sepconv2/separable_conv2d/Conv2DBackpropFilter,4,3452.928,863.232,3452.928,863.232,0.001844009502453336,0.7207492924054764,0.0,0.0
75,Device,Conv2DBackpropFilter,gradient_tape/xception/block11_sepconv3/separable_conv2d/Conv2DBackpropFilter,4,3452.928,863.232,3452.928,863.232,0.001844009502453336,0.7225933019079297,0.0,0.0
76,Device,Conv2DBackpropFilter,gradient_tape/xception/block12_sepconv3/separable_conv2d/Conv2DBackpropFilter,4,3452.928,863.232,3452.928,863.232,0.001844009502453336,0.724437311410383,0.0,0.0
77,Device,Conv2DBackpropFilter,gradient_tape/xception/block9_sepconv3/separable_conv2d/Conv2DBackpropFilter,4,3452.928,863.232,3452.928,863.232,0.001844009502453336,0.7262813209128364,0.0,0.0
78,Device,Conv2DBackpropFilter,gradient_tape/xception/block12_sepconv2/separable_conv2d/Conv2DBackpropFilter,4,3451.905,862.97625,3451.905,862.97625,0.0018434631772125522,0.7281247840900489,0.0,0.0
79,Device,Conv2DBackpropFilter,gradient_tape/xception/block6_sepconv3/separable_conv2d/Conv2DBackpropFilter,4,3451.904,862.976,3451.904,862.976,0.0018434626431702834,0.7299682467332191,0.0,0.0
80,Device,Conv2DBackpropFilter,gradient_tape/xception/block10_sepconv3/separable_conv2d/Conv2DBackpropFilter,4,3450.881,862.72025,3450.881,862.72025,0.0018429163179294996,0.7318111630511487,0.0,0.0
81,Device,Conv2DBackpropFilter,gradient_tape/xception/block11_sepconv1/separable_conv2d/Conv2DBackpropFilter,4,3450.881,862.72025,3450.881,862.72025,0.0018429163179294996,0.7336540793690782,0.0,0.0
82,Device,Conv2DBackpropFilter,gradient_tape/xception/block7_sepconv2/separable_conv2d/Conv2DBackpropFilter,4,3450.881,862.72025,3450.881,862.72025,0.0018429163179294996,0.7354969956870078,0.0,0.0
83,Device,Conv2DBackpropFilter,gradient_tape/xception/block11_sepconv2/separable_conv2d/Conv2DBackpropFilter,4,3450.88,862.72,3450.88,862.72,0.001842915783887231,0.737339911470895,0.0,0.0
84,Device,Conv2DBackpropFilter,gradient_tape/xception/block6_sepconv2/separable_conv2d/Conv2DBackpropFilter,4,3450.88,862.72,3450.88,862.72,0.001842915783887231,0.7391828272547821,0.0,0.0
85,Device,Conv2DBackpropFilter,gradient_tape/xception/block8_sepconv3/separable_conv2d/Conv2DBackpropFilter,4,3450.88,862.72,3450.88,862.72,0.001842915783887231,0.7410257430386693,0.0,0.0
86,Device,Conv2DBackpropFilter,gradient_tape/xception/block10_sepconv1/separable_conv2d/Conv2DBackpropFilter,4,3449.857,862.46425,3449.857,862.46425,0.001842369458646447,0.7428681124973158,0.0,0.0
87,Device,Conv2DBackpropFilter,gradient_tape/xception/block5_sepconv2/separable_conv2d/Conv2DBackpropFilter,4,3448.833,862.20825,3448.833,862.20825,0.0018418225993633945,0.7447099350966792,0.0,0.0
88,Device,Conv2DBackpropFilter,gradient_tape/xception/block13_sepconv1/separable_conv2d/Conv2DBackpropFilter,4,3448.832,862.208,3448.832,862.208,0.0018418220653211258,0.7465517571620003,0.0,0.0
89,Device,Conv2DBackpropFilter,gradient_tape/xception/block7_sepconv3/separable_conv2d/Conv2DBackpropFilter,4,3448.832,862.208,3448.832,862.208,0.0018418220653211258,0.7483935792273214,0.0,0.0
90,Device,Conv2DBackpropFilter,gradient_tape/xception/block7_sepconv1/separable_conv2d/Conv2DBackpropFilter,4,3447.809,861.95225,3447.809,861.95225,0.001841275740080342,0.7502348549674017,0.0,0.0
91,Device,Conv2DBackpropFilter,gradient_tape/xception/block8_sepconv1/separable_conv2d/Conv2DBackpropFilter,4,3447.809,861.95225,3447.809,861.95225,0.001841275740080342,0.752076130707482,0.0,0.0
92,Device,Conv2DBackpropFilter,gradient_tape/xception/block6_sepconv1/separable_conv2d/Conv2DBackpropFilter,4,3447.808,861.952,3447.808,861.952,0.0018412752060380732,0.7539174059135201,0.0,0.0
93,Device,Conv2DBackpropFilter,gradient_tape/xception/block5_sepconv1/separable_conv2d/Conv2DBackpropFilter,4,3446.784,861.696,3446.784,861.696,0.0018407283467550206,0.755758134260275,0.0,0.0
94,Device,Conv2DBackpropFilter,gradient_tape/xception/block9_sepconv1/separable_conv2d/Conv2DBackpropFilter,4,3446.784,861.696,3446.784,861.696,0.0018407283467550206,0.75759886260703,0.0,0.0
95,Device,Conv2D,xception/block13_sepconv2/separable_conv2d,4,3339.264,834.816,3339.264,834.816,0.0017833081220344986,0.7593821707290646,0.0,0.0
96,Device,Relu,xception/block3_sepconv2_act/Relu,2,3244.033,1622.0165,3244.033,1622.0165,0.001732450742752876,0.7611146214718174,0.0,0.0
97,Device,Conv2DBackpropInput,gradient_tape/xception/block5_sepconv2/separable_conv2d/Conv2DBackpropInput,4,3227.648,806.912,3227.648,806.912,0.0017237004601817663,0.7628383219319992,0.0,0.0
98,Device,Conv2DBackpropInput,gradient_tape/xception/block9_sepconv1/separable_conv2d/Conv2DBackpropInput,4,3226.625,806.65625,3226.625,806.65625,0.0017231541349409822,0.7645614760669401,0.0,0.0
99,Device,Conv2DBackpropInput,gradient_tape/xception/block8_sepconv3/separable_conv2d/Conv2DBackpropInput,4,3226.624,806.656,3226.624,806.656,0.0017231536008987134,0.7662846296678388,0.0,0.0
100,Device,Conv2DBackpropInput,gradient_tape/xception/block7_sepconv2/separable_conv2d/Conv2DBackpropInput,4,3225.601,806.40025,3225.601,806.40025,0.0017226072756579296,0.7680072369434968,0.0,0.0
101,Device,Conv2DBackpropInput,gradient_tape/xception/block7_sepconv3/separable_conv2d/Conv2DBackpropInput,4,3225.601,806.40025,3225.601,806.40025,0.0017226072756579296,0.7697298442191548,0.0,0.0
102,Device,Conv2DBackpropInput,gradient_tape/xception/block11_sepconv2/separable_conv2d/Conv2DBackpropInput,4,3223.553,805.88825,3223.553,805.88825,0.0017215135570918243,0.7714513577762466,0.0,0.0
103,Device,Conv2DBackpropInput,gradient_tape/xception/block6_sepconv2/separable_conv2d/Conv2DBackpropInput,4,3223.553,805.88825,3223.553,805.88825,0.0017215135570918243,0.7731728713333385,0.0,0.0
104,Device,Conv2DBackpropInput,gradient_tape/xception/block11_sepconv3/separable_conv2d/Conv2DBackpropInput,4,3221.505,805.37625,3221.505,805.37625,0.0017204198385257193,0.7748932911718641,0.0,0.0
105,Device,Conv2DBackpropInput,gradient_tape/xception/block12_sepconv3/separable_conv2d/Conv2DBackpropInput,4,3221.505,805.37625,3221.505,805.37625,0.0017204198385257193,0.7766137110103898,0.0,0.0
106,Device,Conv2DBackpropInput,gradient_tape/xception/block6_sepconv3/separable_conv2d/Conv2DBackpropInput,4,3221.505,805.37625,3221.505,805.37625,0.0017204198385257193,0.7783341308489155,0.0,0.0
107,Device,Conv2DBackpropInput,gradient_tape/xception/block7_sepconv1/separable_conv2d/Conv2DBackpropInput,4,3221.504,805.376,3221.504,805.376,0.0017204193044834505,0.7800545501533989,0.0,0.0
108,Device,Conv2DBackpropInput,gradient_tape/xception/block12_sepconv2/separable_conv2d/Conv2DBackpropInput,4,3220.48,805.12,3220.48,805.12,0.0017198724452003981,0.7817744225985993,0.0,0.0
109,Device,Conv2DBackpropInput,gradient_tape/xception/block9_sepconv2/separable_conv2d/Conv2DBackpropInput,4,3220.48,805.12,3220.48,805.12,0.0017198724452003981,0.7834942950437997,0.0,0.0
110,Device,Conv2DBackpropInput,gradient_tape/xception/block5_sepconv1/separable_conv2d/Conv2DBackpropInput,4,3219.457,804.86425,3219.457,804.86425,0.001719326119959614,0.7852136211637594,0.0,0.0
111,Device,Conv2DBackpropInput,gradient_tape/xception/block12_sepconv1/separable_conv2d/Conv2DBackpropInput,4,3219.456,804.864,3219.456,804.864,0.0017193255859173455,0.7869329467496767,0.0,0.0
112,Device,Conv2DBackpropInput,gradient_tape/xception/block8_sepconv2/separable_conv2d/Conv2DBackpropInput,4,3219.456,804.864,3219.456,804.864,0.0017193255859173455,0.7886522723355941,0.0,0.0
113,Device,Conv2DBackpropInput,gradient_tape/xception/block10_sepconv1/separable_conv2d/Conv2DBackpropInput,4,3218.433,804.60825,3218.433,804.60825,0.0017187792606765614,0.7903710515962706,0.0,0.0
114,Device,Conv2DBackpropInput,gradient_tape/xception/block10_sepconv2/separable_conv2d/Conv2DBackpropInput,4,3218.433,804.60825,3218.433,804.60825,0.0017187792606765614,0.7920898308569472,0.0,0.0
115,Device,Conv2DBackpropInput,gradient_tape/xception/block13_sepconv1/separable_conv2d/Conv2DBackpropInput,4,3218.433,804.60825,3218.433,804.60825,0.0017187792606765614,0.7938086101176237,0.0,0.0
116,Device,Conv2DBackpropInput,gradient_tape/xception/block10_sepconv3/separable_conv2d/Conv2DBackpropInput,4,3218.432,804.608,3218.432,804.608,0.0017187787266342927,0.795527388844258,0.0,0.0
117,Device,Conv2DBackpropInput,gradient_tape/xception/block11_sepconv1/separable_conv2d/Conv2DBackpropInput,4,3217.408,804.352,3217.408,804.352,0.0017182318673512403,0.7972456207116092,0.0,0.0
118,Device,Conv2DBackpropInput,gradient_tape/xception/block8_sepconv1/separable_conv2d/Conv2DBackpropInput,4,3217.408,804.352,3217.408,804.352,0.0017182318673512403,0.7989638525789604,0.0,0.0
119,Device,Conv2DBackpropInput,gradient_tape/xception/block5_sepconv3/separable_conv2d/Conv2DBackpropInput,4,3214.336,803.584,3214.336,803.584,0.0017165912895020824,0.8006804438684625,0.0,0.0
120,Device,Conv2DBackpropInput,gradient_tape/xception/block6_sepconv1/separable_conv2d/Conv2DBackpropInput,4,3214.336,803.584,3214.336,803.584,0.0017165912895020824,0.8023970351579646,0.0,0.0
121,Device,Conv2DBackpropInput,gradient_tape/xception/block9_sepconv3/separable_conv2d/Conv2DBackpropInput,4,3211.265,802.81625,3211.265,802.81625,0.0017149512456951933,0.8041119864036598,0.0,0.0
122,Device,Relu,xception/block1_conv2_act/Relu,2,3186.688,1593.344,3186.688,1593.344,0.0017018260888596625,0.8058138124925195,0.0,0.0
123,Device,DepthwiseConv2dNativeBackpropInput,gradient_tape/xception/block3_sepconv1/separable_conv2d/DepthwiseConv2dNativeBackpropInput,2,3075.072,1537.536,3075.072,1537.536,0.0016422184270069302,0.8074560309195264,0.0,0.0
124,Device,Conv2D,xception/conv2d/Conv2D,2,3024.896,1512.448,3024.896,1512.448,0.0016154223221373533,0.8090714532416639,0.0,0.0
125,Device,Conv2DBackpropFilter,gradient_tape/xception/block1_conv1/Conv2D/Conv2DBackpropFilter,2,2845.696,1422.848,2845.696,1422.848,0.0015197219476031497,0.810591175189267,0.0,0.0
126,Device,MaxPoolGrad,gradient_tape/xception/block4_pool/MaxPool/MaxPoolGrad,2,2738.177,1369.0885,2738.177,1369.0885,0.0014623022569248965,0.8120534774461919,0.0,0.0
127,Device,ReluGrad,gradient_tape/xception/block1_conv1_act/ReluGrad,2,2664.449,1332.2245,2664.449,1332.2245,0.0014229283885451099,0.813476405834737,0.0,0.0
128,Device,Conv2DBackpropInput,gradient_tape/xception/conv2d_1/Conv2D/Conv2DBackpropInput,2,2664.449,1332.2245,2664.449,1332.2245,0.0014229283885451099,0.8148993342232821,0.0,0.0
129,Device,Conv2D,xception/block13_sepconv1/separable_conv2d,4,2646.016,661.504,2646.016,661.504,0.0014130843874078946,0.81631241861069,0.0,0.0
130,Device,Conv2D,xception/block6_sepconv3/separable_conv2d,4,2639.873,659.96825,2639.873,659.96825,0.0014098037657518476,0.8177222223764419,0.0,0.0
131,Device,Conv2D,xception/block9_sepconv3/separable_conv2d,4,2639.872,659.968,2639.872,659.968,0.0014098032317095789,0.8191320256081515,0.0,0.0
132,Device,Conv2D,xception/block10_sepconv1/separable_conv2d,4,2637.824,659.456,2637.824,659.456,0.0014087095131434739,0.8205407351212949,0.0,0.0
133,Device,Conv2D,xception/block7_sepconv3/separable_conv2d,4,2636.801,659.20025,2636.801,659.20025,0.0014081631879026898,0.8219488983091976,0.0,0.0
134,Device,Conv2D,xception/block12_sepconv2/separable_conv2d,4,2636.8,659.2,2636.8,659.2,0.0014081626538604214,0.823357060963058,0.0,0.0
135,Device,Conv2D,xception/block6_sepconv1/separable_conv2d,4,2636.8,659.2,2636.8,659.2,0.0014081626538604214,0.8247652236169185,0.0,0.0
136,Device,Conv2D,xception/block10_sepconv3/separable_conv2d,4,2635.777,658.94425,2635.777,658.94425,0.0014076163286196374,0.8261728399455381,0.0,0.0
137,Device,Conv2D,xception/block11_sepconv1/separable_conv2d,4,2634.753,658.68825,2634.753,658.68825,0.0014070694693365847,0.8275799094148747,0.0,0.0
138,Device,Conv2D,xception/block10_sepconv2/separable_conv2d,4,2634.752,658.688,2634.752,658.688,0.001407068935294316,0.828986978350169,0.0,0.0
139,Device,Conv2D,xception/block5_sepconv1/separable_conv2d,4,2634.752,658.688,2634.752,658.688,0.001407068935294316,0.8303940472854633,0.0,0.0
140,Device,Conv2D,xception/block7_sepconv1/separable_conv2d,4,2634.752,658.688,2634.752,658.688,0.001407068935294316,0.8318011162207576,0.0,0.0
141,Device,Conv2D,xception/block8_sepconv2/separable_conv2d,4,2634.752,658.688,2634.752,658.688,0.001407068935294316,0.8332081851560519,0.0,0.0
142,Device,Conv2D,xception/block9_sepconv2/separable_conv2d,4,2633.729,658.43225,2633.729,658.43225,0.001406522610053532,0.8346147077661055,0.0,0.0
143,Device,Conv2D,xception/block11_sepconv2/separable_conv2d,4,2633.728,658.432,2633.728,658.432,0.0014065220760112636,0.8360212298421167,0.0,0.0
144,Device,Conv2D,xception/block12_sepconv1/separable_conv2d,4,2631.681,657.92025,2631.681,657.92025,0.0014054288914874269,0.8374266587336041,0.0,0.0
145,Device,Conv2D,xception/block5_sepconv2/separable_conv2d,4,2631.681,657.92025,2631.681,657.92025,0.0014054288914874269,0.8388320876250915,0.0,0.0
146,Device,Conv2D,xception/block8_sepconv1/separable_conv2d,4,2631.681,657.92025,2631.681,657.92025,0.0014054288914874269,0.840237516516579,0.0,0.0
147,Device,Conv2D,xception/block7_sepconv2/separable_conv2d,4,2631.68,657.92,2631.68,657.92,0.0014054283574451583,0.8416429448740241,0.0,0.0
148,Device,Conv2D,xception/block6_sepconv2/separable_conv2d,4,2630.657,657.66425,2630.657,657.66425,0.0014048820322043745,0.8430478269062285,0.0,0.0
149,Device,Conv2D,xception/block11_sepconv3/separable_conv2d,4,2630.656,657.664,2630.656,657.664,0.0014048814981621057,0.8444527084043906,0.0,0.0
150,Device,Conv2D,xception/block5_sepconv3/separable_conv2d,4,2630.656,657.664,2630.656,657.664,0.0014048814981621057,0.8458575899025527,0.0,0.0
151,Device,Conv2D,xception/block8_sepconv3/separable_conv2d,4,2629.632,657.408,2629.632,657.408,0.001404334638879053,0.8472619245414317,0.0,0.0
152,Device,Conv2D,xception/block12_sepconv3/separable_conv2d,4,2626.56,656.64,2626.56,656.64,0.0014026940610298954,0.8486646186024616,0.0,0.0
153,Device,Conv2D,xception/block9_sepconv1/separable_conv2d,4,2626.56,656.64,2626.56,656.64,0.0014026940610298954,0.8500673126634914,0.0,0.0
154,Device,ReluGrad,gradient_tape/xception/block3_sepconv1_act/ReluGrad,2,2620.416,1310.208,2620.416,1310.208,0.00139941290533158,0.8514667255688231,0.0,0.0
155,Device,DepthwiseConv2dNative,xception/block4_sepconv2/separable_conv2d/depthwise,2,2564.096,1282.048,2564.096,1282.048,0.0013693356447636873,0.8528360612135868,0.0,0.0
156,Device,AddN,SGD/gradients/AddN_10,2,2536.449,1268.2245,2536.449,1268.2245,0.001354570978163536,0.8541906321917503,0.0,0.0
157,Device,FusedBatchNormGradV3,gradient_tape/xception/block13_sepconv2_bn/FusedBatchNormGradV3,2,2502.656,1251.328,2502.656,1251.328,0.001336524087780532,0.8555271562795308,0.0,0.0
158,Device,FusedBatchNormGradV3,gradient_tape/xception/batch_normalization_1/FusedBatchNormGradV3,2,2430.976,1215.488,2430.976,1215.488,0.0012982439379668506,0.8568254002174976,0.0,0.0
159,Device,AddV2,xception/add/add,2,2412.544,1206.272,2412.544,1206.272,0.0012884004708719038,0.8581138006883695,0.0,0.0
160,Device,Relu,xception/block4_sepconv2_act/Relu,2,2396.161,1198.0805,2396.161,1198.0805,0.001279651256385331,0.8593934519447548,0.0,0.0
161,Device,Conv2D,xception/block14_sepconv1/separable_conv2d,2,2240.512,1120.256,2240.512,1120.256,0.0011965281113190686,0.8605899800560739,0.0,0.0
162,Device,Conv2DBackpropInput,gradient_tape/xception/block14_sepconv1/separable_conv2d/Conv2DBackpropInput,4,2123.777,530.94425,2123.777,530.94425,0.001134186687093342,0.8617241667431672,0.0,0.0
163,Device,Conv2DBackpropInput,gradient_tape/xception/conv2d_3/Conv2D/Conv2DBackpropInput,2,2103.296,1051.648,2103.296,1051.648,0.0011232489673900215,0.8628474157105572,0.0,0.0
164,Device,DepthwiseConv2dNative,xception/block3_sepconv1/separable_conv2d/depthwise,2,2058.24,1029.12,2058.24,1029.12,0.0010991871589357074,0.863946602869493,0.0,0.0
165,Device,MaxPool,xception/block3_pool/MaxPool,2,2051.072,1025.536,2051.072,1025.536,0.0010953591439543395,0.8650419620134473,0.0,0.0
166,Device,Conv2D,xception/conv2d_1/Conv2D,2,2045.953,1022.9765,2045.953,1022.9765,0.001092625381581345,0.8661345873950287,0.0,0.0
167,Device,Conv2DBackpropInput,gradient_tape/xception/conv2d_2/Conv2D/Conv2DBackpropInput,2,1978.368,989.184,1978.368,989.184,0.0010565321348576053,0.8671911195298863,0.0,0.0
168,Device,Conv2DBackpropFilter,gradient_tape/xception/conv2d_1/Conv2D/Conv2DBackpropFilter,2,1932.288,966.144,1932.288,966.144,0.0010319234671202389,0.8682230429970065,0.0,0.0
169,Device,Conv2DBackpropFilter,gradient_tape/xception/block14_sepconv1/separable_conv2d/Conv2DBackpropFilter,4,1924.096,481.024,1924.096,481.024,0.0010275485928558181,0.8692505915898623,0.0,0.0
170,Device,Conv2D,xception/conv2d_2/Conv2D,4,1824.769,456.19225,1824.769,456.19225,0.0009745037764419854,0.8702250953663043,0.0,0.0
171,Device,Conv2DBackpropFilter,gradient_tape/xception/conv2d_3/Conv2D/Conv2DBackpropFilter,4,1766.401,441.60025,1766.401,441.60025,0.0009433327973079877,0.8711684281636123,0.0,0.0
172,Device,FusedBatchNormGradV3,gradient_tape/xception/block6_sepconv2_bn/FusedBatchNormGradV3,2,1747.968,873.984,1747.968,873.984,0.0009334887961707725,0.872101916959783,0.0,0.0
173,Device,FusedBatchNormGradV3,gradient_tape/xception/block6_sepconv1_bn/FusedBatchNormGradV3,2,1746.945,873.4725,1746.945,873.4725,0.0009329424709299884,0.873034859430713,0.0,0.0
174,Device,FusedBatchNormGradV3,gradient_tape/xception/block10_sepconv1_bn/FusedBatchNormGradV3,2,1741.824,870.912,1741.824,870.912,0.0009302076404724569,0.8739650670711855,0.0,0.0
175,Device,FusedBatchNormGradV3,gradient_tape/xception/block10_sepconv2_bn/FusedBatchNormGradV3,2,1741.824,870.912,1741.824,870.912,0.0009302076404724569,0.874895274711658,0.0,0.0
176,Device,FusedBatchNormGradV3,gradient_tape/xception/batch_normalization_2/FusedBatchNormGradV3,2,1740.8,870.4,1740.8,870.4,0.0009296607811894043,0.8758249354928473,0.0,0.0
177,Device,FusedBatchNormGradV3,gradient_tape/xception/block12_sepconv1_bn/FusedBatchNormGradV3,2,1740.8,870.4,1740.8,870.4,0.0009296607811894043,0.8767545962740367,0.0,0.0
178,Device,FusedBatchNormGradV3,gradient_tape/xception/block7_sepconv2_bn/FusedBatchNormGradV3,2,1740.8,870.4,1740.8,870.4,0.0009296607811894043,0.8776842570552261,0.0,0.0
179,Device,FusedBatchNormGradV3,gradient_tape/xception/block9_sepconv1_bn/FusedBatchNormGradV3,2,1740.8,870.4,1740.8,870.4,0.0009296607811894043,0.8786139178364155,0.0,0.0
180,Device,FusedBatchNormGradV3,gradient_tape/xception/block5_sepconv2_bn/FusedBatchNormGradV3,2,1737.728,868.864,1737.728,868.864,0.0009280202033402467,0.8795419380397558,0.0,0.0
181,Device,FusedBatchNormGradV3,gradient_tape/xception/block9_sepconv3_bn/FusedBatchNormGradV3,2,1737.728,868.864,1737.728,868.864,0.0009280202033402467,0.880469958243096,0.0,0.0
182,Device,FusedBatchNormGradV3,gradient_tape/xception/block10_sepconv3_bn/FusedBatchNormGradV3,2,1736.704,868.352,1736.704,868.352,0.0009274733440571939,0.8813974315871532,0.0,0.0
183,Device,FusedBatchNormGradV3,gradient_tape/xception/block5_sepconv3_bn/FusedBatchNormGradV3,2,1734.656,867.328,1734.656,867.328,0.0009263796254910888,0.8823238112126444,0.0,0.0
184,Device,FusedBatchNormGradV3,gradient_tape/xception/block11_sepconv2_bn/FusedBatchNormGradV3,2,1733.633,866.8165,1733.633,866.8165,0.0009258333002503048,0.8832496445128947,0.0,0.0
185,Device,FusedBatchNormGradV3,gradient_tape/xception/block5_sepconv1_bn/FusedBatchNormGradV3,2,1733.633,866.8165,1733.633,866.8165,0.0009258333002503048,0.884175477813145,0.0,0.0
186,Device,FusedBatchNormGradV3,gradient_tape/xception/block7_sepconv1_bn/FusedBatchNormGradV3,2,1733.632,866.816,1733.632,866.816,0.0009258327662080363,0.885101310579353,0.0,0.0
187,Device,FusedBatchNormGradV3,gradient_tape/xception/block8_sepconv2_bn/FusedBatchNormGradV3,2,1733.632,866.816,1733.632,866.816,0.0009258327662080363,0.8860271433455611,0.0,0.0
188,Device,FusedBatchNormGradV3,gradient_tape/xception/block9_sepconv2_bn/FusedBatchNormGradV3,2,1731.584,865.792,1731.584,865.792,0.000924739047641931,0.886951882393203,0.0,0.0
189,Device,FusedBatchNormGradV3,gradient_tape/xception/block12_sepconv2_bn/FusedBatchNormGradV3,2,1730.56,865.28,1730.56,865.28,0.0009241921883588784,0.8878760745815619,0.0,0.0
190,Device,FusedBatchNormGradV3,gradient_tape/xception/block6_sepconv3_bn/FusedBatchNormGradV3,2,1730.56,865.28,1730.56,865.28,0.0009241921883588784,0.8888002667699209,0.0,0.0
191,Device,FusedBatchNormGradV3,gradient_tape/xception/block12_sepconv3_bn/FusedBatchNormGradV3,2,1729.537,864.7685,1729.537,864.7685,0.0009236458631180944,0.889723912633039,0.0,0.0
192,Device,FusedBatchNormGradV3,gradient_tape/xception/block8_sepconv3_bn/FusedBatchNormGradV3,2,1729.537,864.7685,1729.537,864.7685,0.0009236458631180944,0.8906475584961571,0.0,0.0
193,Device,FusedBatchNormGradV3,gradient_tape/xception/block11_sepconv1_bn/FusedBatchNormGradV3,2,1729.536,864.768,1729.536,864.768,0.0009236453290758259,0.8915712038252329,0.0,0.0
194,Device,FusedBatchNormGradV3,gradient_tape/xception/block8_sepconv1_bn/FusedBatchNormGradV3,2,1727.488,863.744,1727.488,863.744,0.0009225516105097207,0.8924937554357426,0.0,0.0
195,Device,FusedBatchNormGradV3,gradient_tape/xception/block11_sepconv3_bn/FusedBatchNormGradV3,2,1726.464,863.232,1726.464,863.232,0.000922004751226668,0.8934157601869692,0.0,0.0
196,Device,FusedBatchNormGradV3,gradient_tape/xception/block13_sepconv1_bn/FusedBatchNormGradV3,2,1726.464,863.232,1726.464,863.232,0.000922004751226668,0.8943377649381958,0.0,0.0
197,Device,FusedBatchNormGradV3,gradient_tape/xception/block7_sepconv3_bn/FusedBatchNormGradV3,2,1723.393,861.6965,1723.393,861.6965,0.0009203647074197789,0.8952581296456156,0.0,0.0
198,Device,Relu,xception/block1_conv1_act/Relu,2,1653.76,826.88,1653.76,826.88,0.0008831777421299341,0.8961413073877456,0.0,0.0
199,Device,Relu,xception/block3_sepconv1_act/Relu,2,1622.016,811.008,1622.016,811.008,0.0008662251043553039,0.8970075324921009,0.0,0.0
200,Device,Conv2D,xception/conv2d_3/Conv2D,2,1615.872,807.936,1615.872,807.936,0.0008629439486569883,0.8978704764407578,0.0,0.0
201,Device,DepthwiseConv2dNativeBackpropInput,gradient_tape/xception/block4_sepconv1/separable_conv2d/DepthwiseConv2dNativeBackpropInput,2,1609.728,804.864,1609.728,804.864,0.0008596627929586728,0.8987301392337165,0.0,0.0
202,Device,MaxPool,xception/block4_pool/MaxPool,2,1541.12,770.56,1541.12,770.56,0.0008230232209941491,0.8995531624547106,0.0,0.0
203,Device,Conv2DBackpropFilter,gradient_tape/xception/conv2d_2/Conv2D/Conv2DBackpropFilter,2,1471.488,735.744,1471.488,735.744,0.000785836789746573,0.9003389992444571,0.0,0.0
204,Device,FusedBatchNormV3,xception/block13_sepconv2_bn/FusedBatchNormV3,4,1459.2,364.8,1459.2,364.8,0.000779274478349942,0.9011182737228071,0.0,0.0
205,Device,DepthwiseConv2dNativeBackpropFilter,gradient_tape/xception/block4_sepconv1/separable_conv2d/DepthwiseConv2dNativeBackpropFilter,2,1453.057,726.5285,1453.057,726.5285,0.000775993856693895,0.901894267579501,0.0,0.0
206,Device,FusedBatchNormV3,xception/batch_normalization_1/FusedBatchNormV3,4,1409.024,352.256,1409.024,352.256,0.0007524783734803649,0.9026467459529813,0.0,0.0
207,Device,ReluGrad,gradient_tape/xception/block4_sepconv1_act/ReluGrad,2,1336.32,668.16,1336.32,668.16,0.000713651364383631,0.903360397317365,0.0,0.0
208,Device,Conv2D,xception/block1_conv1/Conv2D,2,1335.296,667.648,1335.296,667.648,0.0007131045051005784,0.9040735018224655,0.0,0.0
209,Device,AddN,SGD/gradients/AddN_9,2,1315.84,657.92,1315.84,657.92,0.0007027141787225792,0.9047762160011881,0.0,0.0
210,Device,AddV2,xception/add_1/add,2,1259.52,629.76,1259.52,629.76,0.0006726369181546866,0.9054488529193427,0.0,0.0
211,Device,FusedBatchNormGradV3,gradient_tape/xception/block14_sepconv2_bn/FusedBatchNormGradV3,2,1201.152,600.576,1201.152,600.576,0.000641465939020689,0.9060903188583634,0.0,0.0
212,Device,DepthwiseConv2dNativeBackpropInput,gradient_tape/xception/block12_sepconv1/separable_conv2d/DepthwiseConv2dNativeBackpropInput,2,1161.216,580.608,1161.216,580.608,0.0006201384269816379,0.906710457285345,0.0,0.0
213,Device,DepthwiseConv2dNativeBackpropInput,gradient_tape/xception/block10_sepconv2/separable_conv2d/DepthwiseConv2dNativeBackpropInput,2,1160.192,580.096,1160.192,580.096,0.0006195915676985854,0.9073300488530437,0.0,0.0
214,Device,DepthwiseConv2dNativeBackpropInput,gradient_tape/xception/block10_sepconv3/separable_conv2d/DepthwiseConv2dNativeBackpropInput,2,1159.168,579.584,1159.168,579.584,0.0006190447084155327,0.9079490935614593,0.0,0.0
215,Device,DepthwiseConv2dNativeBackpropInput,gradient_tape/xception/block11_sepconv3/separable_conv2d/DepthwiseConv2dNativeBackpropInput,2,1159.168,579.584,1159.168,579.584,0.0006190447084155327,0.9085681382698748,0.0,0.0
216,Device,DepthwiseConv2dNativeBackpropInput,gradient_tape/xception/block5_sepconv1/separable_conv2d/DepthwiseConv2dNativeBackpropInput,2,1158.144,579.072,1158.144,579.072,0.0006184978491324802,0.9091866361190073,0.0,0.0
217,Device,DepthwiseConv2dNativeBackpropInput,gradient_tape/xception/block11_sepconv1/separable_conv2d/DepthwiseConv2dNativeBackpropInput,2,1157.121,578.5605,1157.121,578.5605,0.0006179515238916962,0.909804587642899,0.0,0.0
218,Device,DepthwiseConv2dNativeBackpropInput,gradient_tape/xception/block9_sepconv3/separable_conv2d/DepthwiseConv2dNativeBackpropInput,2,1156.097,578.0485,1156.097,578.0485,0.0006174046646086436,0.9104219923075076,0.0,0.0
219,Device,DepthwiseConv2dNativeBackpropInput,gradient_tape/xception/block13_sepconv1/separable_conv2d/DepthwiseConv2dNativeBackpropInput,2,1156.096,578.048,1156.096,578.048,0.000617404130566375,0.911039396438074,0.0,0.0
220,Device,DepthwiseConv2dNativeBackpropInput,gradient_tape/xception/block13_sepconv2/separable_conv2d/DepthwiseConv2dNativeBackpropInput,2,1156.096,578.048,1156.096,578.048,0.000617404130566375,0.9116568005686403,0.0,0.0
221,Device,DepthwiseConv2dNativeBackpropInput,gradient_tape/xception/block6_sepconv1/separable_conv2d/DepthwiseConv2dNativeBackpropInput,2,1155.073,577.5365,1155.073,577.5365,0.0006168578053255911,0.9122736583739659,0.0,0.0
222,Device,DepthwiseConv2dNativeBackpropInput,gradient_tape/xception/block10_sepconv1/separable_conv2d/DepthwiseConv2dNativeBackpropInput,2,1155.072,577.536,1155.072,577.536,0.0006168572712833224,0.9128905156452493,0.0,0.0
223,Device,DepthwiseConv2dNativeBackpropInput,gradient_tape/xception/block7_sepconv3/separable_conv2d/DepthwiseConv2dNativeBackpropInput,2,1155.072,577.536,1155.072,577.536,0.0006168572712833224,0.9135073729165326,0.0,0.0
224,Device,DepthwiseConv2dNativeBackpropInput,gradient_tape/xception/block6_sepconv3/separable_conv2d/DepthwiseConv2dNativeBackpropInput,2,1154.048,577.024,1154.048,577.024,0.0006163104120002699,0.9141236833285329,0.0,0.0
225,Device,DepthwiseConv2dNativeBackpropInput,gradient_tape/xception/block8_sepconv3/separable_conv2d/DepthwiseConv2dNativeBackpropInput,2,1154.048,577.024,1154.048,577.024,0.0006163104120002699,0.9147399937405332,0.0,0.0
226,Device,DepthwiseConv2dNativeBackpropInput,gradient_tape/xception/block9_sepconv2/separable_conv2d/DepthwiseConv2dNativeBackpropInput,2,1154.048,577.024,1154.048,577.024,0.0006163104120002699,0.9153563041525334,0.0,0.0
227,Device,DepthwiseConv2dNativeBackpropInput,gradient_tape/xception/block9_sepconv1/separable_conv2d/DepthwiseConv2dNativeBackpropInput,2,1152.0,576.0,1152.0,576.0,0.0006152166934341646,0.9159715208459676,0.0,0.0
228,Device,DepthwiseConv2dNativeBackpropInput,gradient_tape/xception/block7_sepconv1/separable_conv2d/DepthwiseConv2dNativeBackpropInput,2,1150.977,575.4885,1150.977,575.4885,0.0006146703681933807,0.916586191214161,0.0,0.0
229,Device,DepthwiseConv2dNativeBackpropInput,gradient_tape/xception/block5_sepconv2/separable_conv2d/DepthwiseConv2dNativeBackpropInput,2,1150.976,575.488,1150.976,575.488,0.0006146698341511121,0.9172008610483121,0.0,0.0
230,Device,DepthwiseConv2dNativeBackpropInput,gradient_tape/xception/block5_sepconv3/separable_conv2d/DepthwiseConv2dNativeBackpropInput,2,1150.976,575.488,1150.976,575.488,0.0006146698341511121,0.9178155308824633,0.0,0.0
231,Device,DepthwiseConv2dNativeBackpropInput,gradient_tape/xception/block8_sepconv2/separable_conv2d/DepthwiseConv2dNativeBackpropInput,2,1149.953,574.9765,1149.953,574.9765,0.000614123508910328,0.9184296543913736,0.0,0.0
232,Device,DepthwiseConv2dNativeBackpropInput,gradient_tape/xception/block12_sepconv2/separable_conv2d/DepthwiseConv2dNativeBackpropInput,2,1149.952,574.976,1149.952,574.976,0.0006141229748680595,0.9190437773662417,0.0,0.0
233,Device,DepthwiseConv2dNativeBackpropInput,gradient_tape/xception/block6_sepconv2/separable_conv2d/DepthwiseConv2dNativeBackpropInput,2,1149.952,574.976,1149.952,574.976,0.0006141229748680595,0.9196579003411097,0.0,0.0
234,Device,DepthwiseConv2dNativeBackpropInput,gradient_tape/xception/block8_sepconv1/separable_conv2d/DepthwiseConv2dNativeBackpropInput,2,1149.952,574.976,1149.952,574.976,0.0006141229748680595,0.9202720233159778,0.0,0.0
235,Device,DepthwiseConv2dNativeBackpropInput,gradient_tape/xception/block12_sepconv3/separable_conv2d/DepthwiseConv2dNativeBackpropInput,2,1148.928,574.464,1148.928,574.464,0.000613576115585007,0.9208855994315628,0.0,0.0
236,Device,DepthwiseConv2dNativeBackpropInput,gradient_tape/xception/block11_sepconv2/separable_conv2d/DepthwiseConv2dNativeBackpropInput,2,1145.856,572.928,1145.856,572.928,0.0006119355377358491,0.9214975349692986,0.0,0.0
237,Device,DepthwiseConv2dNativeBackpropInput,gradient_tape/xception/block7_sepconv2/separable_conv2d/DepthwiseConv2dNativeBackpropInput,2,1145.856,572.928,1145.856,572.928,0.0006119355377358491,0.9221094705070345,0.0,0.0
238,Device,MaxPoolGrad,gradient_tape/xception/block13_pool/MaxPool/MaxPoolGrad,2,1125.376,562.688,1125.376,562.688,0.0006009983520747973,0.9227104688591093,0.0,0.0
239,Device,DepthwiseConv2dNativeBackpropFilter,gradient_tape/xception/block9_sepconv1/separable_conv2d/DepthwiseConv2dNativeBackpropFilter,2,1100.8,550.4,1100.8,550.4,0.000587873729281535,0.9232983425883908,0.0,0.0
240,Device,DepthwiseConv2dNativeBackpropFilter,gradient_tape/xception/block9_sepconv2/separable_conv2d/DepthwiseConv2dNativeBackpropFilter,2,1100.8,550.4,1100.8,550.4,0.000587873729281535,0.9238862163176723,0.0,0.0
241,Device,DepthwiseConv2dNativeBackpropFilter,gradient_tape/xception/block12_sepconv3/separable_conv2d/DepthwiseConv2dNativeBackpropFilter,2,1099.776,549.888,1099.776,549.888,0.0005873268699984825,0.9244735431876708,0.0,0.0
242,Device,DepthwiseConv2dNativeBackpropFilter,gradient_tape/xception/block13_sepconv1/separable_conv2d/DepthwiseConv2dNativeBackpropFilter,2,1099.776,549.888,1099.776,549.888,0.0005873268699984825,0.9250608700576693,0.0,0.0
243,Device,DepthwiseConv2dNativeBackpropFilter,gradient_tape/xception/block13_sepconv2/separable_conv2d/DepthwiseConv2dNativeBackpropFilter,2,1099.776,549.888,1099.776,549.888,0.0005873268699984825,0.9256481969276679,0.0,0.0
244,Device,DepthwiseConv2dNativeBackpropFilter,gradient_tape/xception/block6_sepconv1/separable_conv2d/DepthwiseConv2dNativeBackpropFilter,2,1099.776,549.888,1099.776,549.888,0.0005873268699984825,0.9262355237976664,0.0,0.0
245,Device,DepthwiseConv2dNativeBackpropFilter,gradient_tape/xception/block7_sepconv1/separable_conv2d/DepthwiseConv2dNativeBackpropFilter,2,1099.776,549.888,1099.776,549.888,0.0005873268699984825,0.9268228506676649,0.0,0.0
246,Device,DepthwiseConv2dNativeBackpropFilter,gradient_tape/xception/block12_sepconv2/separable_conv2d/DepthwiseConv2dNativeBackpropFilter,2,1098.753,549.3765,1098.753,549.3765,0.0005867805447576984,0.9274096312124226,0.0,0.0
247,Device,DepthwiseConv2dNativeBackpropFilter,gradient_tape/xception/block10_sepconv1/separable_conv2d/DepthwiseConv2dNativeBackpropFilter,2,1098.752,549.376,1098.752,549.376,0.0005867800107154299,0.927996411223138,0.0,0.0
248,Device,DepthwiseConv2dNativeBackpropFilter,gradient_tape/xception/block10_sepconv2/separable_conv2d/DepthwiseConv2dNativeBackpropFilter,2,1098.752,549.376,1098.752,549.376,0.0005867800107154299,0.9285831912338535,0.0,0.0
249,Device,DepthwiseConv2dNativeBackpropFilter,gradient_tape/xception/block11_sepconv1/separable_conv2d/DepthwiseConv2dNativeBackpropFilter,2,1098.752,549.376,1098.752,549.376,0.0005867800107154299,0.9291699712445689,0.0,0.0
250,Device,DepthwiseConv2dNativeBackpropFilter,gradient_tape/xception/block5_sepconv2/separable_conv2d/DepthwiseConv2dNativeBackpropFilter,2,1098.752,549.376,1098.752,549.376,0.0005867800107154299,0.9297567512552843,0.0,0.0
251,Device,DepthwiseConv2dNativeBackpropFilter,gradient_tape/xception/block7_sepconv2/separable_conv2d/DepthwiseConv2dNativeBackpropFilter,2,1098.752,549.376,1098.752,549.376,0.0005867800107154299,0.9303435312659998,0.0,0.0
252,Device,DepthwiseConv2dNativeBackpropFilter,gradient_tape/xception/block7_sepconv3/separable_conv2d/DepthwiseConv2dNativeBackpropFilter,2,1098.752,549.376,1098.752,549.376,0.0005867800107154299,0.9309303112767152,0.0,0.0
253,Device,DepthwiseConv2dNativeBackpropFilter,gradient_tape/xception/block8_sepconv2/separable_conv2d/DepthwiseConv2dNativeBackpropFilter,2,1098.752,549.376,1098.752,549.376,0.0005867800107154299,0.9315170912874307,0.0,0.0
254,Device,DepthwiseConv2dNativeBackpropFilter,gradient_tape/xception/block9_sepconv3/separable_conv2d/DepthwiseConv2dNativeBackpropFilter,2,1098.752,549.376,1098.752,549.376,0.0005867800107154299,0.9321038712981461,0.0,0.0
255,Device,DepthwiseConv2dNativeBackpropFilter,gradient_tape/xception/block10_sepconv3/separable_conv2d/DepthwiseConv2dNativeBackpropFilter,2,1097.728,548.864,1097.728,548.864,0.0005862331514323774,0.9326901044495784,0.0,0.0
256,Device,DepthwiseConv2dNativeBackpropFilter,gradient_tape/xception/block11_sepconv3/separable_conv2d/DepthwiseConv2dNativeBackpropFilter,2,1097.728,548.864,1097.728,548.864,0.0005862331514323774,0.9332763376010108,0.0,0.0
257,Device,DepthwiseConv2dNativeBackpropFilter,gradient_tape/xception/block12_sepconv1/separable_conv2d/DepthwiseConv2dNativeBackpropFilter,2,1097.728,548.864,1097.728,548.864,0.0005862331514323774,0.9338625707524432,0.0,0.0
258,Device,DepthwiseConv2dNativeBackpropFilter,gradient_tape/xception/block5_sepconv1/separable_conv2d/DepthwiseConv2dNativeBackpropFilter,2,1097.728,548.864,1097.728,548.864,0.0005862331514323774,0.9344488039038755,0.0,0.0
259,Device,DepthwiseConv2dNativeBackpropFilter,gradient_tape/xception/block5_sepconv3/separable_conv2d/DepthwiseConv2dNativeBackpropFilter,2,1097.728,548.864,1097.728,548.864,0.0005862331514323774,0.9350350370553079,0.0,0.0
260,Device,DepthwiseConv2dNativeBackpropFilter,gradient_tape/xception/block6_sepconv3/separable_conv2d/DepthwiseConv2dNativeBackpropFilter,2,1097.728,548.864,1097.728,548.864,0.0005862331514323774,0.9356212702067402,0.0,0.0
261,Device,DepthwiseConv2dNativeBackpropFilter,gradient_tape/xception/block8_sepconv1/separable_conv2d/DepthwiseConv2dNativeBackpropFilter,2,1097.728,548.864,1097.728,548.864,0.0005862331514323774,0.9362075033581726,0.0,0.0
262,Device,DepthwiseConv2dNativeBackpropFilter,gradient_tape/xception/block8_sepconv3/separable_conv2d/DepthwiseConv2dNativeBackpropFilter,2,1096.705,548.3525,1096.705,548.3525,0.0005856868261915933,0.9367931901843642,0.0,0.0
263,Device,DepthwiseConv2dNativeBackpropFilter,gradient_tape/xception/block6_sepconv2/separable_conv2d/DepthwiseConv2dNativeBackpropFilter,2,1096.704,548.352,1096.704,548.352,0.0005856862921493247,0.9373788764765135,0.0,0.0
264,Device,DepthwiseConv2dNativeBackpropFilter,gradient_tape/xception/block11_sepconv2/separable_conv2d/DepthwiseConv2dNativeBackpropFilter,2,1095.68,547.84,1095.68,547.84,0.0005851394328662722,0.9379640159093798,0.0,0.0
265,Device,FusedBatchNormV3,xception/block10_sepconv1_bn/FusedBatchNormV3,4,1046.528,261.632,1046.528,261.632,0.0005588901872797478,0.9385229060966596,0.0,0.0
266,Device,FusedBatchNormV3,xception/block12_sepconv2_bn/FusedBatchNormV3,4,1045.505,261.37625,1045.505,261.37625,0.0005583438620389639,0.9390812499586986,0.0,0.0
267,Device,FusedBatchNormV3,xception/block5_sepconv2_bn/FusedBatchNormV3,4,1044.48,261.12,1044.48,261.12,0.0005577964687136426,0.9396390464274123,0.0,0.0
268,Device,FusedBatchNormV3,xception/block7_sepconv1_bn/FusedBatchNormV3,4,1041.409,260.35225,1041.409,260.35225,0.0005561564249067535,0.9401952028523191,0.0,0.0
269,Device,FusedBatchNormV3,xception/block7_sepconv3_bn/FusedBatchNormV3,4,1041.408,260.352,1041.408,260.352,0.0005561558908644847,0.9407513587431835,0.0,0.0
270,Device,FusedBatchNormV3,xception/block11_sepconv1_bn/FusedBatchNormV3,4,1040.384,260.096,1040.384,260.096,0.0005556090315814322,0.941306967774765,0.0,0.0
271,Device,FusedBatchNormV3,xception/block12_sepconv3_bn/FusedBatchNormV3,4,1040.384,260.096,1040.384,260.096,0.0005556090315814322,0.9418625768063464,0.0,0.0
272,Device,FusedBatchNormV3,xception/block6_sepconv3_bn/FusedBatchNormV3,4,1040.384,260.096,1040.384,260.096,0.0005556090315814322,0.9424181858379279,0.0,0.0
273,Device,FusedBatchNormV3,xception/block7_sepconv2_bn/FusedBatchNormV3,4,1040.384,260.096,1040.384,260.096,0.0005556090315814322,0.9429737948695094,0.0,0.0
274,Device,FusedBatchNormV3,xception/block9_sepconv2_bn/FusedBatchNormV3,4,1040.384,260.096,1040.384,260.096,0.0005556090315814322,0.9435294039010909,0.0,0.0
275,Device,FusedBatchNormV3,xception/block9_sepconv3_bn/FusedBatchNormV3,4,1040.384,260.096,1040.384,260.096,0.0005556090315814322,0.9440850129326723,0.0,0.0
276,Device,FusedBatchNormV3,xception/block10_sepconv2_bn/FusedBatchNormV3,4,1039.36,259.84,1039.36,259.84,0.0005550621722983796,0.9446400751049707,0.0,0.0
277,Device,FusedBatchNormV3,xception/block11_sepconv2_bn/FusedBatchNormV3,4,1039.36,259.84,1039.36,259.84,0.0005550621722983796,0.9451951372772691,0.0,0.0
278,Device,FusedBatchNormV3,xception/block5_sepconv1_bn/FusedBatchNormV3,4,1039.36,259.84,1039.36,259.84,0.0005550621722983796,0.9457501994495675,0.0,0.0
279,Device,FusedBatchNormV3,xception/block13_sepconv1_bn/FusedBatchNormV3,4,1038.336,259.584,1038.336,259.584,0.0005545153130153271,0.9463047147625828,0.0,0.0
280,Device,FusedBatchNormV3,xception/block5_sepconv3_bn/FusedBatchNormV3,4,1038.336,259.584,1038.336,259.584,0.0005545153130153271,0.9468592300755981,0.0,0.0
281,Device,FusedBatchNormV3,xception/block6_sepconv2_bn/FusedBatchNormV3,4,1038.336,259.584,1038.336,259.584,0.0005545153130153271,0.9474137453886134,0.0,0.0
282,Device,FusedBatchNormV3,xception/block11_sepconv3_bn/FusedBatchNormV3,4,1037.312,259.328,1037.312,259.328,0.0005539684537322745,0.9479677138423457,0.0,0.0
283,Device,FusedBatchNormV3,xception/block8_sepconv1_bn/FusedBatchNormV3,4,1037.312,259.328,1037.312,259.328,0.0005539684537322745,0.9485216822960779,0.0,0.0
284,Device,FusedBatchNormV3,xception/block8_sepconv2_bn/FusedBatchNormV3,4,1036.289,259.07225,1036.289,259.07225,0.0005534221284914905,0.9490751044245694,0.0,0.0
285,Device,FusedBatchNormV3,xception/batch_normalization_2/FusedBatchNormV3,4,1036.288,259.072,1036.288,259.072,0.0005534215944492218,0.9496285260190187,0.0,0.0
286,Device,FusedBatchNormV3,xception/block10_sepconv3_bn/FusedBatchNormV3,4,1036.288,259.072,1036.288,259.072,0.0005534215944492218,0.950181947613468,0.0,0.0
287,Device,FusedBatchNormV3,xception/block9_sepconv1_bn/FusedBatchNormV3,4,1036.288,259.072,1036.288,259.072,0.0005534215944492218,0.9507353692079172,0.0,0.0
288,Device,FusedBatchNormV3,xception/block12_sepconv1_bn/FusedBatchNormV3,4,1035.264,258.816,1035.264,258.816,0.0005528747351661692,0.9512882439430834,0.0,0.0
289,Device,FusedBatchNormV3,xception/block8_sepconv3_bn/FusedBatchNormV3,4,1035.264,258.816,1035.264,258.816,0.0005528747351661692,0.9518411186782496,0.0,0.0
290,Device,FusedBatchNormV3,xception/block6_sepconv1_bn/FusedBatchNormV3,4,1034.24,258.56,1034.24,258.56,0.0005523278758831167,0.9523934465541327,0.0,0.0
291,Device,ReluGrad,gradient_tape/xception/block12_sepconv1_act/ReluGrad,2,967.681,483.8405,967.681,483.8405,0.0005167825565269669,0.9529102291106597,0.0,0.0
292,Device,ReluGrad,gradient_tape/xception/block11_sepconv1_act/ReluGrad,2,967.68,483.84,967.68,483.84,0.0005167820224846983,0.9534270111331444,0.0,0.0
293,Device,ReluGrad,gradient_tape/xception/block5_sepconv1_act/ReluGrad,2,965.632,482.816,965.632,482.816,0.0005156883039185931,0.953942699437063,0.0,0.0
294,Device,ReluGrad,gradient_tape/xception/block12_sepconv2_act/ReluGrad,2,964.608,482.304,964.608,482.304,0.0005151414446355405,0.9544578408816985,0.0,0.0
295,Device,ReluGrad,gradient_tape/xception/block7_sepconv1_act/ReluGrad,2,962.56,481.28,962.56,481.28,0.0005140477260694353,0.9549718886077679,0.0,0.0
296,Device,ReluGrad,gradient_tape/xception/block9_sepconv1_act/ReluGrad,2,962.56,481.28,962.56,481.28,0.0005140477260694353,0.9554859363338374,0.0,0.0
297,Device,ReluGrad,gradient_tape/xception/block10_sepconv1_act/ReluGrad,2,960.512,480.256,960.512,480.256,0.0005129540075033301,0.9559988903413407,0.0,0.0
298,Device,ReluGrad,gradient_tape/xception/block5_sepconv3_act/ReluGrad,2,959.489,479.7445,959.489,479.7445,0.0005124076822625461,0.9565112980236032,0.0,0.0
299,Device,ReluGrad,gradient_tape/xception/block6_sepconv1_act/ReluGrad,2,958.464,479.232,958.464,479.232,0.000511860288937225,0.9570231583125405,0.0,0.0
300,Device,ReluGrad,gradient_tape/xception/block7_sepconv3_act/ReluGrad,2,958.464,479.232,958.464,479.232,0.000511860288937225,0.9575350186014777,0.0,0.0
301,Device,ReluGrad,gradient_tape/xception/block13_sepconv2_act/ReluGrad,2,957.441,478.7205,957.441,478.7205,0.000511313963696441,0.9580463325651741,0.0,0.0
302,Device,ReluGrad,gradient_tape/xception/block10_sepconv2_act/ReluGrad,2,957.44,478.72,957.44,478.72,0.0005113134296541724,0.9585576459948283,0.0,0.0
303,Device,ReluGrad,gradient_tape/xception/block11_sepconv3_act/ReluGrad,2,957.44,478.72,957.44,478.72,0.0005113134296541724,0.9590689594244824,0.0,0.0
304,Device,ReluGrad,gradient_tape/xception/block6_sepconv2_act/ReluGrad,2,957.44,478.72,957.44,478.72,0.0005113134296541724,0.9595802728541366,0.0,0.0
305,Device,ReluGrad,gradient_tape/xception/block9_sepconv3_act/ReluGrad,2,957.44,478.72,957.44,478.72,0.0005113134296541724,0.9600915862837908,0.0,0.0
306,Device,ReluGrad,gradient_tape/xception/block10_sepconv3_act/ReluGrad,2,955.393,477.6965,955.393,477.6965,0.0005102202451303359,0.9606018065289211,0.0,0.0
307,Device,ReluGrad,gradient_tape/xception/block8_sepconv2_act/ReluGrad,2,955.392,477.696,955.392,477.696,0.0005102197110880672,0.9611120262400092,0.0,0.0
308,Device,ReluGrad,gradient_tape/xception/block8_sepconv3_act/ReluGrad,2,955.392,477.696,955.392,477.696,0.0005102197110880672,0.9616222459510974,0.0,0.0
309,Device,ReluGrad,gradient_tape/xception/block12_sepconv3_act/ReluGrad,2,954.368,477.184,954.368,477.184,0.0005096728518050146,0.9621319188029024,0.0,0.0
310,Device,ReluGrad,gradient_tape/xception/block7_sepconv2_act/ReluGrad,2,954.368,477.184,954.368,477.184,0.0005096728518050146,0.9626415916547074,0.0,0.0
311,Device,ReluGrad,gradient_tape/xception/block8_sepconv1_act/ReluGrad,2,954.368,477.184,954.368,477.184,0.0005096728518050146,0.9631512645065125,0.0,0.0
312,Device,ReluGrad,gradient_tape/xception/block11_sepconv2_act/ReluGrad,2,953.344,476.672,953.344,476.672,0.000509125992521962,0.9636603904990344,0.0,0.0
313,Device,ReluGrad,gradient_tape/xception/block5_sepconv2_act/ReluGrad,2,951.296,475.648,951.296,475.648,0.0005080322739558569,0.9641684227729903,0.0,0.0
314,Device,ReluGrad,gradient_tape/xception/block6_sepconv3_act/ReluGrad,2,950.273,475.1365,950.273,475.1365,0.0005074859487150729,0.9646759087217054,0.0,0.0
315,Device,ReluGrad,gradient_tape/xception/block9_sepconv2_act/ReluGrad,2,949.249,474.6245,949.249,474.6245,0.0005069390894320203,0.9651828478111374,0.0,0.0
316,Device,ReluGrad,gradient_tape/xception/block13_sepconv1_act/ReluGrad,2,947.2,473.6,947.2,473.6,0.0005058448368236465,0.9656886926479611,0.0,0.0
317,Device,AddN,SGD/gradients/AddN,2,940.032,470.016,940.032,470.016,0.0005020168218422784,0.9661907094698033,0.0,0.0
318,Device,AddN,SGD/gradients/AddN_8,2,937.984,468.992,937.984,468.992,0.0005009231032761732,0.9666916325730796,0.0,0.0
319,Device,AddN,SGD/gradients/AddN_4,2,932.864,466.432,932.864,466.432,0.0004981888068609102,0.9671898213799405,0.0,0.0
320,Device,AddN,SGD/gradients/AddN_6,2,932.864,466.432,932.864,466.432,0.0004981888068609102,0.9676880101868014,0.0,0.0
321,Device,AddN,SGD/gradients/AddN_3,2,931.84,465.92,931.84,465.92,0.0004976419475778576,0.9681856521343792,0.0,0.0
322,Device,AddN,SGD/gradients/AddN_5,2,930.816,465.408,930.816,465.408,0.0004970950882948051,0.968682747222674,0.0,0.0
323,Device,AddN,SGD/gradients/AddN_1,2,928.768,464.384,928.768,464.384,0.0004960013697286998,0.9691787485924027,0.0,0.0
324,Device,AddN,SGD/gradients/AddN_2,2,928.768,464.384,928.768,464.384,0.0004960013697286998,0.9696747499621314,0.0,0.0
325,Device,AddN,SGD/gradients/AddN_7,2,928.768,464.384,928.768,464.384,0.0004960013697286998,0.9701707513318601,0.0,0.0
326,Device,DepthwiseConv2dNative,xception/block4_sepconv1/separable_conv2d/depthwise,2,907.264,453.632,907.264,453.632,0.00048451732478459544,0.9706552686566448,0.0,0.0
327,Device,AddV2,xception/add_10/add,2,901.121,450.5605,901.121,450.5605,0.0004812367031285485,0.9711365053597732,0.0,0.0
328,Device,AddV2,xception/add_5/add,2,900.096,450.048,900.096,450.048,0.0004806893098032273,0.9716171946695765,0.0,0.0
329,Device,AddV2,xception/add_8/add,2,899.072,449.536,899.072,449.536,0.00048014245052017474,0.9720973371200967,0.0,0.0
330,Device,AddV2,xception/add_7/add,2,898.049,449.0245,898.049,449.0245,0.0004795961252793907,0.9725769332453761,0.0,0.0
331,Device,AddV2,xception/add_9/add,2,897.024,448.512,897.024,448.512,0.00047904873195406955,0.9730559819773301,0.0,0.0
332,Device,AddV2,xception/add_6/add,2,896.0,448.0,896.0,448.0,0.00047850187267101693,0.9735344838500012,0.0,0.0
333,Device,AddV2,xception/add_3/add,2,892.929,446.4645,892.929,446.4645,0.00047686182886412775,0.9740113456788653,0.0,0.0
334,Device,AddV2,xception/add_4/add,2,892.928,446.464,892.928,446.464,0.0004768612948218592,0.9744882069736871,0.0,0.0
335,Device,AddV2,xception/add_2/add,2,888.832,444.416,888.832,444.416,0.0004746738576896488,0.9749628808313767,0.0,0.0
336,Device,FusedBatchNormGradV3,gradient_tape/xception/block14_sepconv1_bn/FusedBatchNormGradV3,2,887.808,443.904,887.808,443.904,0.00047412699840659623,0.9754370078297833,0.0,0.0
337,Device,Relu,xception/block4_sepconv1_act/Relu,2,842.752,421.376,842.752,421.376,0.0004500651899522822,0.9758870730197355,0.0,0.0
338,Device,Transpose,gradient_tape/xception/block1_conv1/Conv2D/Conv2DBackpropFilter-0-TransposeNHWCToNCHW-LayoutOptimizer,2,719.873,359.9365,719.873,359.9365,0.00038444261002824,0.9762715156297638,0.0,0.0
339,Device,ReluGrad,gradient_tape/xception/block14_sepconv2_act/ReluGrad,2,671.745,335.8725,671.745,335.8725,0.0003587402237247682,0.9766302558534885,0.0,0.0
340,Device,DepthwiseConv2dNative,xception/block12_sepconv2/separable_conv2d/depthwise,2,652.288,326.144,652.288,326.144,0.00034834936330450033,0.976978605216793,0.0,0.0
341,Device,DepthwiseConv2dNative,xception/block5_sepconv2/separable_conv2d/depthwise,2,650.24,325.12,650.24,325.12,0.00034725564473839514,0.9773258608615314,0.0,0.0
342,Device,DepthwiseConv2dNative,xception/block10_sepconv2/separable_conv2d/depthwise,2,649.216,324.608,649.216,324.608,0.0003467087854553426,0.9776725696469868,0.0,0.0
343,Device,DepthwiseConv2dNative,xception/block10_sepconv3/separable_conv2d/depthwise,2,649.216,324.608,649.216,324.608,0.0003467087854553426,0.9780192784324422,0.0,0.0
344,Device,DepthwiseConv2dNative,xception/block13_sepconv2/separable_conv2d/depthwise,2,649.216,324.608,649.216,324.608,0.0003467087854553426,0.9783659872178976,0.0,0.0
345,Device,DepthwiseConv2dNative,xception/block5_sepconv3/separable_conv2d/depthwise,2,649.216,324.608,649.216,324.608,0.0003467087854553426,0.978712696003353,0.0,0.0
346,Device,DepthwiseConv2dNative,xception/block7_sepconv1/separable_conv2d/depthwise,2,649.216,324.608,649.216,324.608,0.0003467087854553426,0.9790594047888084,0.0,0.0
347,Device,DepthwiseConv2dNative,xception/block12_sepconv3/separable_conv2d/depthwise,2,648.192,324.096,648.192,324.096,0.00034616192617228995,0.9794055667149807,0.0,0.0
348,Device,DepthwiseConv2dNative,xception/block6_sepconv2/separable_conv2d/depthwise,2,648.192,324.096,648.192,324.096,0.00034616192617228995,0.979751728641153,0.0,0.0
349,Device,DepthwiseConv2dNative,xception/block7_sepconv2/separable_conv2d/depthwise,2,648.192,324.096,648.192,324.096,0.00034616192617228995,0.9800978905673253,0.0,0.0
350,Device,DepthwiseConv2dNative,xception/block11_sepconv3/separable_conv2d/depthwise,2,647.169,323.5845,647.169,323.5845,0.00034561560093150596,0.9804435061682568,0.0,0.0
351,Device,DepthwiseConv2dNative,xception/block9_sepconv1/separable_conv2d/depthwise,2,647.169,323.5845,647.169,323.5845,0.00034561560093150596,0.9807891217691883,0.0,0.0
352,Device,DepthwiseConv2dNative,xception/block11_sepconv2/separable_conv2d/depthwise,2,647.168,323.584,647.168,323.584,0.0003456150668892374,0.9811347368360775,0.0,0.0
353,Device,DepthwiseConv2dNative,xception/block12_sepconv1/separable_conv2d/depthwise,2,647.168,323.584,647.168,323.584,0.0003456150668892374,0.9814803519029668,0.0,0.0
354,Device,DepthwiseConv2dNative,xception/block13_sepconv1/separable_conv2d/depthwise,2,647.168,323.584,647.168,323.584,0.0003456150668892374,0.981825966969856,0.0,0.0
355,Device,DepthwiseConv2dNative,xception/block6_sepconv3/separable_conv2d/depthwise,2,647.168,323.584,647.168,323.584,0.0003456150668892374,0.9821715820367453,0.0,0.0
356,Device,DepthwiseConv2dNative,xception/block8_sepconv1/separable_conv2d/depthwise,2,647.168,323.584,647.168,323.584,0.0003456150668892374,0.9825171971036345,0.0,0.0
357,Device,DepthwiseConv2dNative,xception/block5_sepconv1/separable_conv2d/depthwise,2,646.145,323.0725,646.145,323.0725,0.0003450687416484534,0.9828622658452829,0.0,0.0
358,Device,DepthwiseConv2dNative,xception/block7_sepconv3/separable_conv2d/depthwise,2,646.144,323.072,646.144,323.072,0.0003450682076061848,0.9832073340528891,0.0,0.0
359,Device,DepthwiseConv2dNative,xception/block9_sepconv2/separable_conv2d/depthwise,2,646.144,323.072,646.144,323.072,0.0003450682076061848,0.9835524022604952,0.0,0.0
360,Device,DepthwiseConv2dNative,xception/block6_sepconv1/separable_conv2d/depthwise,2,645.12,322.56,645.12,322.56,0.0003445213483231322,0.9838969236088183,0.0,0.0
361,Device,DepthwiseConv2dNative,xception/block8_sepconv3/separable_conv2d/depthwise,2,645.12,322.56,645.12,322.56,0.0003445213483231322,0.9842414449571414,0.0,0.0
362,Device,DepthwiseConv2dNative,xception/block10_sepconv1/separable_conv2d/depthwise,2,644.096,322.048,644.096,322.048,0.00034397448904007963,0.9845854194461815,0.0,0.0
363,Device,DepthwiseConv2dNative,xception/block11_sepconv1/separable_conv2d/depthwise,2,644.096,322.048,644.096,322.048,0.00034397448904007963,0.9849293939352216,0.0,0.0
364,Device,DepthwiseConv2dNative,xception/block8_sepconv2/separable_conv2d/depthwise,2,644.096,322.048,644.096,322.048,0.00034397448904007963,0.9852733684242617,0.0,0.0
365,Device,DepthwiseConv2dNative,xception/block9_sepconv3/separable_conv2d/depthwise,2,644.096,322.048,644.096,322.048,0.00034397448904007963,0.9856173429133018,0.0,0.0
366,Device,Relu,xception/block10_sepconv3_act/Relu,2,606.208,303.104,606.208,303.104,0.0003237406955671337,0.985941083608869,0.0,0.0
367,Device,Relu,xception/block7_sepconv3_act/Relu,2,605.184,302.592,605.184,302.592,0.00032319383628408115,0.9862642774451531,0.0,0.0
368,Device,Relu,xception/block11_sepconv2_act/Relu,2,604.16,302.08,604.16,302.08,0.00032264697700102853,0.9865869244221541,0.0,0.0
369,Device,Relu,xception/block6_sepconv2_act/Relu,2,604.16,302.08,604.16,302.08,0.00032264697700102853,0.9869095713991551,0.0,0.0
370,Device,Relu,xception/block8_sepconv3_act/Relu,2,604.16,302.08,604.16,302.08,0.00032264697700102853,0.9872322183761562,0.0,0.0
371,Device,Relu,xception/block11_sepconv3_act/Relu,2,603.136,301.568,603.136,301.568,0.00032210011771797596,0.9875543184938741,0.0,0.0
372,Device,Relu,xception/block12_sepconv2_act/Relu,2,603.136,301.568,603.136,301.568,0.00032210011771797596,0.987876418611592,0.0,0.0
373,Device,Relu,xception/block7_sepconv1_act/Relu,2,603.136,301.568,603.136,301.568,0.00032210011771797596,0.98819851872931,0.0,0.0
374,Device,Relu,xception/block10_sepconv2_act/Relu,2,602.113,301.0565,602.113,301.0565,0.000321553792477192,0.9885200725217872,0.0,0.0
375,Device,Relu,xception/block13_sepconv2_act/Relu,2,602.113,301.0565,602.113,301.0565,0.000321553792477192,0.9888416263142644,0.0,0.0
376,Device,DepthwiseConv2dNativeBackpropInput,gradient_tape/xception/block14_sepconv2/separable_conv2d/DepthwiseConv2dNativeBackpropInput,2,602.112,301.056,602.112,301.056,0.0003215532584349234,0.9891631795726994,0.0,0.0
377,Device,Relu,xception/block12_sepconv3_act/Relu,2,602.112,301.056,602.112,301.056,0.0003215532584349234,0.9894847328311344,0.0,0.0
378,Device,Relu,xception/block5_sepconv3_act/Relu,2,602.112,301.056,602.112,301.056,0.0003215532584349234,0.9898062860895693,0.0,0.0
379,Device,Relu,xception/block7_sepconv2_act/Relu,2,602.112,301.056,602.112,301.056,0.0003215532584349234,0.9901278393480043,0.0,0.0
380,Device,Relu,xception/block9_sepconv3_act/Relu,2,602.112,301.056,602.112,301.056,0.0003215532584349234,0.9904493926064393,0.0,0.0
381,Device,Relu,xception/block11_sepconv1_act/Relu,2,601.088,300.544,601.088,300.544,0.00032100639915187077,0.9907703990055912,0.0,0.0
382,Device,Relu,xception/block12_sepconv1_act/Relu,2,601.088,300.544,601.088,300.544,0.00032100639915187077,0.991091405404743,0.0,0.0
383,Device,Relu,xception/block5_sepconv1_act/Relu,2,601.088,300.544,601.088,300.544,0.00032100639915187077,0.9914124118038949,0.0,0.0
384,Device,Relu,xception/block5_sepconv2_act/Relu,2,601.088,300.544,601.088,300.544,0.00032100639915187077,0.9917334182030468,0.0,0.0
385,Device,Relu,xception/block6_sepconv3_act/Relu,2,601.088,300.544,601.088,300.544,0.00032100639915187077,0.9920544246021987,0.0,0.0
386,Device,Relu,xception/block8_sepconv2_act/Relu,2,601.088,300.544,601.088,300.544,0.00032100639915187077,0.9923754310013506,0.0,0.0
387,Device,Relu,xception/block9_sepconv2_act/Relu,2,601.088,300.544,601.088,300.544,0.00032100639915187077,0.9926964374005025,0.0,0.0
388,Device,Relu,xception/block13_sepconv1_act/Relu,2,600.064,300.032,600.064,300.032,0.0003204595398688182,0.9930168969403713,0.0,0.0
389,Device,Relu,xception/block9_sepconv1_act/Relu,2,600.064,300.032,600.064,300.032,0.0003204595398688182,0.9933373564802401,0.0,0.0
390,Device,Relu,xception/block10_sepconv1_act/Relu,2,599.04,299.52,599.04,299.52,0.0003199126805857656,0.9936572691608259,0.0,0.0
391,Device,Relu,xception/block8_sepconv1_act/Relu,2,599.04,299.52,599.04,299.52,0.0003199126805857656,0.9939771818414116,0.0,0.0
392,Device,Relu,xception/block6_sepconv1_act/Relu,2,598.016,299.008,598.016,299.008,0.000319365821302713,0.9942965476627144,0.0,0.0
393,Device,FusedBatchNormGradV3,gradient_tape/xception/batch_normalization_3/FusedBatchNormGradV3,2,596.992,298.496,596.992,298.496,0.0003188189620196604,0.994615366624734,0.0,0.0
394,Device,MaxPool,xception/block13_pool/MaxPool,2,561.152,280.576,561.152,280.576,0.0002996788871128198,0.9949150455118468,0.0,0.0
395,Device,FusedBatchNormV3,xception/block14_sepconv2_bn/FusedBatchNormV3,4,529.408,132.352,529.408,132.352,0.00028272624933818944,0.9951977717611851,0.0,0.0
396,Device,ReluGrad,gradient_tape/xception/block14_sepconv1_act/ReluGrad,2,504.832,252.416,504.832,252.416,0.0002696016265449273,0.99546737338773,0.0,0.0
397,Device,Transpose,gradient_tape/xception/block14_sepconv2_act/ReluGrad-0-TransposeNHWCToNCHW-LayoutOptimizer,2,489.472,244.736,489.472,244.736,0.0002613987372991384,0.9957287721250291,0.0,0.0
398,Device,Transpose,xception/block14_sepconv2_act/Relu-0-0-TransposeNCHWToNHWC-LayoutOptimizer,2,440.32,220.16,440.32,220.16,0.00023514949171261405,0.9959639216167417,0.0,0.0
399,Device,Relu,xception/block14_sepconv2_act/Relu,2,422.912,211.456,422.912,211.456,0.00022585288390072,0.9961897745006425,0.0,0.0
400,Device,RealDiv,gradient_tape/xception/avg_pool/truediv,2,420.864,210.432,420.864,210.432,0.0002247591653346148,0.9964145336659771,0.0,0.0
401,Device,DepthwiseConv2dNativeBackpropFilter,gradient_tape/xception/block14_sepconv2/separable_conv2d/DepthwiseConv2dNativeBackpropFilter,2,405.504,202.752,405.504,202.752,0.00021655627608882597,0.996631089942066,0.0,0.0
402,Device,DepthwiseConv2dNativeBackpropInput,gradient_tape/xception/block14_sepconv1/separable_conv2d/DepthwiseConv2dNativeBackpropInput,2,401.408,200.704,401.408,200.704,0.0002143688389566156,0.9968454587810226,0.0,0.0
403,Device,FusedBatchNormV3,xception/block14_sepconv1_bn/FusedBatchNormV3,4,389.12,97.28,389.12,97.28,0.0002078065275599845,0.9970532653085826,0.0,0.0
404,Device,SoftmaxCrossEntropyWithLogits,categorical_crossentropy/softmax_cross_entropy_with_logits,6,374.784,62.464,374.784,62.464,0.00020015049759724822,0.9972534158061799,0.0,0.0
405,Device,DepthwiseConv2dNative,xception/block14_sepconv2/separable_conv2d/depthwise,2,344.064,172.032,344.064,172.032,0.00018374471910567053,0.9974371605252855,0.0,0.0
406,Device,Relu,xception/block14_sepconv1_act/Relu,2,318.464,159.232,318.464,159.232,0.00017007323702935575,0.9976072337623149,0.0,0.0
407,Device,AddV2,xception/add_11/add,2,314.369,157.1845,314.369,157.1845,0.000167886333939414,0.9977751200962542,0.0,0.0
408,Device,DepthwiseConv2dNativeBackpropFilter,gradient_tape/xception/block14_sepconv1/separable_conv2d/DepthwiseConv2dNativeBackpropFilter,2,276.48,138.24,276.48,138.24,0.0001476520064241995,0.9979227721026784,0.0,0.0
409,Device,FusedBatchNormV3,xception/batch_normalization_3/FusedBatchNormV3,4,274.432,68.608,274.432,68.608,0.00014655828785809435,0.9980693303905366,0.0,0.0
410,Device,BroadcastTo,gradient_tape/xception/avg_pool/BroadcastTo,2,231.424,115.712,231.424,115.712,0.00012359019796988552,0.9981929205885065,0.0,0.0
411,Device,DepthwiseConv2dNative,xception/block14_sepconv1/separable_conv2d/depthwise,2,230.4,115.2,230.4,115.2,0.00012304333868683293,0.9983159639271934,0.0,0.0
412,Device,Mean,xception/avg_pool/Mean,2,215.04,107.52,215.04,107.52,0.00011484044944104407,0.9984308043766343,0.0,0.0
413,Device,ArgMax,ArgMax,2,189.44,94.72,189.44,94.72,0.0001011689673647293,0.9985319733439991,0.0,0.0
414,Device,ResourceApplyGradientDescent,SGD/SGD/update_151/ResourceApplyGradientDescent,2,166.912,83.456,166.912,83.456,8.91380631375723e-05,0.9986211114071367,0.0,0.0
415,Device,ArgMax,ArgMax_1,2,122.88,61.44,122.88,61.44,6.56231139663109e-05,0.998686734521103,0.0,0.0
416,Device,ResourceApplyGradientDescent,SGD/SGD/update_154/ResourceApplyGradientDescent,2,103.424,51.712,103.424,51.712,5.5232787588311675e-05,0.9987419673086914,0.0,0.0
417,Device,ResourceApplyGradientDescent,SGD/SGD/update_147/ResourceApplyGradientDescent,2,86.016,43.008,86.016,43.008,4.593617977641763e-05,0.9987879034884678,0.0,0.0
418,Device,MatMul,gradient_tape/xception/predictions/MatMul/MatMul_1,2,82.944,41.472,82.944,41.472,4.4295601927259855e-05,0.9988321990903951,0.0,0.0
419,Device,_Recv,IteratorGetNext/_4,2,79.392,39.696,79.392,39.696,4.2398683789171176e-05,0.9988745977741843,0.0,0.0
420,Device,MatMul,xception/predictions/MatMul,2,78.848,39.424,78.848,39.424,4.210816479504949e-05,0.9989167059389793,0.0,0.0
421,Device,MatMul,gradient_tape/xception/predictions/MatMul/MatMul,2,75.776,37.888,75.776,37.888,4.0467586945891715e-05,0.9989571735259252,0.0,0.0
422,Device,ResourceApplyGradientDescent,SGD/SGD/update_140/ResourceApplyGradientDescent,2,43.008,21.504,43.008,21.504,2.2968089888208816e-05,0.9989801416158134,0.0,0.0
423,Device,ResourceApplyGradientDescent,SGD/SGD/update_143/ResourceApplyGradientDescent,2,43.008,21.504,43.008,21.504,2.2968089888208816e-05,0.9990031097057016,0.0,0.0
424,Device,ResourceApplyGradientDescent,SGD/SGD/update_100/ResourceApplyGradientDescent,2,32.768,16.384,32.768,16.384,1.7499497057682906e-05,0.9990206092027593,0.0,0.0
425,Device,ResourceApplyGradientDescent,SGD/SGD/update_108/ResourceApplyGradientDescent,2,32.768,16.384,32.768,16.384,1.7499497057682906e-05,0.9990381086998169,0.0,0.0
426,Device,ResourceApplyGradientDescent,SGD/SGD/update_60/ResourceApplyGradientDescent,2,32.768,16.384,32.768,16.384,1.7499497057682906e-05,0.9990556081968746,0.0,0.0
427,Device,ResourceApplyGradientDescent,SGD/SGD/update_64/ResourceApplyGradientDescent,2,32.768,16.384,32.768,16.384,1.7499497057682906e-05,0.9990731076939322,0.0,0.0
428,Device,ResourceApplyGradientDescent,SGD/SGD/update_112/ResourceApplyGradientDescent,2,31.744,15.872,31.744,15.872,1.6952637774630315e-05,0.9990900603317069,0.0,0.0
429,Device,ResourceApplyGradientDescent,SGD/SGD/update_116/ResourceApplyGradientDescent,2,31.744,15.872,31.744,15.872,1.6952637774630315e-05,0.9991070129694816,0.0,0.0
430,Device,ResourceApplyGradientDescent,SGD/SGD/update_120/ResourceApplyGradientDescent,2,31.744,15.872,31.744,15.872,1.6952637774630315e-05,0.9991239656072562,0.0,0.0
431,Device,ResourceApplyGradientDescent,SGD/SGD/update_128/ResourceApplyGradientDescent,2,31.744,15.872,31.744,15.872,1.6952637774630315e-05,0.9991409182450309,0.0,0.0
432,Device,ResourceApplyGradientDescent,SGD/SGD/update_80/ResourceApplyGradientDescent,2,31.744,15.872,31.744,15.872,1.6952637774630315e-05,0.9991578708828056,0.0,0.0
433,Device,ResourceApplyGradientDescent,SGD/SGD/update_104/ResourceApplyGradientDescent,2,30.72,15.36,30.72,15.36,1.6405778491577724e-05,0.9991742766612972,0.0,0.0
434,Device,ResourceApplyGradientDescent,SGD/SGD/update_124/ResourceApplyGradientDescent,2,30.72,15.36,30.72,15.36,1.6405778491577724e-05,0.9991906824397888,0.0,0.0
435,Device,ResourceApplyGradientDescent,SGD/SGD/update_132/ResourceApplyGradientDescent,2,30.72,15.36,30.72,15.36,1.6405778491577724e-05,0.9992070882182804,0.0,0.0
436,Device,ResourceApplyGradientDescent,SGD/SGD/update_136/ResourceApplyGradientDescent,2,30.72,15.36,30.72,15.36,1.6405778491577724e-05,0.999223493996772,0.0,0.0
437,Device,ResourceApplyGradientDescent,SGD/SGD/update_33/ResourceApplyGradientDescent,2,30.72,15.36,30.72,15.36,1.6405778491577724e-05,0.9992398997752636,0.0,0.0
438,Device,ResourceApplyGradientDescent,SGD/SGD/update_44/ResourceApplyGradientDescent,2,30.72,15.36,30.72,15.36,1.6405778491577724e-05,0.9992563055537552,0.0,0.0
439,Device,ResourceApplyGradientDescent,SGD/SGD/update_48/ResourceApplyGradientDescent,2,30.72,15.36,30.72,15.36,1.6405778491577724e-05,0.9992727113322468,0.0,0.0
440,Device,ResourceApplyGradientDescent,SGD/SGD/update_52/ResourceApplyGradientDescent,2,30.72,15.36,30.72,15.36,1.6405778491577724e-05,0.9992891171107384,0.0,0.0
441,Device,ResourceApplyGradientDescent,SGD/SGD/update_56/ResourceApplyGradientDescent,2,30.72,15.36,30.72,15.36,1.6405778491577724e-05,0.99930552288923,0.0,0.0
442,Device,ResourceApplyGradientDescent,SGD/SGD/update_68/ResourceApplyGradientDescent,2,30.72,15.36,30.72,15.36,1.6405778491577724e-05,0.9993219286677216,0.0,0.0
443,Device,ResourceApplyGradientDescent,SGD/SGD/update_72/ResourceApplyGradientDescent,2,30.72,15.36,30.72,15.36,1.6405778491577724e-05,0.9993383344462132,0.0,0.0
444,Device,ResourceApplyGradientDescent,SGD/SGD/update_76/ResourceApplyGradientDescent,2,30.72,15.36,30.72,15.36,1.6405778491577724e-05,0.9993547402247048,0.0,0.0
445,Device,ResourceApplyGradientDescent,SGD/SGD/update_84/ResourceApplyGradientDescent,2,30.72,15.36,30.72,15.36,1.6405778491577724e-05,0.9993711460031964,0.0,0.0
446,Device,ResourceApplyGradientDescent,SGD/SGD/update_88/ResourceApplyGradientDescent,2,30.72,15.36,30.72,15.36,1.6405778491577724e-05,0.999387551781688,0.0,0.0
447,Device,ResourceApplyGradientDescent,SGD/SGD/update_40/ResourceApplyGradientDescent,2,29.696,14.848,29.696,14.848,1.5858919208525133e-05,0.9994034107008966,0.0,0.0
448,Device,Softmax,xception/predictions/Softmax,2,29.696,14.848,29.696,14.848,1.5858919208525133e-05,0.9994192696201051,0.0,0.0
449,Device,ResourceApplyGradientDescent,SGD/SGD/update_96/ResourceApplyGradientDescent,2,23.552,11.776,23.552,11.776,1.2577763510209588e-05,0.9994318473836152,0.0,0.0
450,Device,ResourceApplyGradientDescent,SGD/SGD/update_92/ResourceApplyGradientDescent,2,22.528,11.264,22.528,11.264,1.2030904227156997e-05,0.9994438782878424,0.0,0.0
451,Device,ResourceApplyGradientDescent,SGD/SGD/update_36/ResourceApplyGradientDescent,2,15.36,7.68,15.36,7.68,8.202889245788862e-06,0.9994520811770882,0.0,0.0
452,Device,ResourceApplyGradientDescent,SGD/SGD/update_29/ResourceApplyGradientDescent,2,13.312,6.656,13.312,6.656,7.10917067968368e-06,0.9994591903477679,0.0,0.0
453,Device,DynamicStitch,gradient_tape/xception/avg_pool/DynamicStitch,2,11.264,5.632,11.264,5.632,6.015452113578499e-06,0.9994652057998814,0.0,0.0
454,Device,ResourceApplyGradientDescent,SGD/SGD/update_22/ResourceApplyGradientDescent,2,9.216,4.608,9.216,4.608,4.9217335474733166e-06,0.9994701275334289,0.0,0.0
455,Device,BiasAdd,xception/predictions/BiasAdd,2,9.216,4.608,9.216,4.608,4.9217335474733166e-06,0.9994750492669764,0.0,0.0
456,Device,ResourceApplyGradientDescent,SGD/SGD/update_109/ResourceApplyGradientDescent,2,8.192,4.096,8.192,4.096,4.374874264420726e-06,0.9994794241412408,0.0,0.0
457,Device,ResourceApplyGradientDescent,SGD/SGD/update_117/ResourceApplyGradientDescent,2,8.192,4.096,8.192,4.096,4.374874264420726e-06,0.9994837990155052,0.0,0.0
458,Device,ResourceApplyGradientDescent,SGD/SGD/update_123/ResourceApplyGradientDescent,2,8.192,4.096,8.192,4.096,4.374874264420726e-06,0.9994881738897696,0.0,0.0
459,Device,ResourceApplyGradientDescent,SGD/SGD/update_131/ResourceApplyGradientDescent,2,8.192,4.096,8.192,4.096,4.374874264420726e-06,0.999492548764034,0.0,0.0
460,Device,ResourceApplyGradientDescent,SGD/SGD/update_135/ResourceApplyGradientDescent,2,8.192,4.096,8.192,4.096,4.374874264420726e-06,0.9994969236382985,0.0,0.0
461,Device,ResourceApplyGradientDescent,SGD/SGD/update_14/ResourceApplyGradientDescent,2,8.192,4.096,8.192,4.096,4.374874264420726e-06,0.9995012985125629,0.0,0.0
462,Device,ResourceApplyGradientDescent,SGD/SGD/update_150/ResourceApplyGradientDescent,2,8.192,4.096,8.192,4.096,4.374874264420726e-06,0.9995056733868273,0.0,0.0
463,Device,ResourceApplyGradientDescent,SGD/SGD/update_25/ResourceApplyGradientDescent,2,8.192,4.096,8.192,4.096,4.374874264420726e-06,0.9995100482610917,0.0,0.0
464,Device,ResourceApplyGradientDescent,SGD/SGD/update_3/ResourceApplyGradientDescent,2,8.192,4.096,8.192,4.096,4.374874264420726e-06,0.9995144231353561,0.0,0.0
465,Device,ResourceApplyGradientDescent,SGD/SGD/update_32/ResourceApplyGradientDescent,2,8.192,4.096,8.192,4.096,4.374874264420726e-06,0.9995187980096205,0.0,0.0
466,Device,ResourceApplyGradientDescent,SGD/SGD/update_34/ResourceApplyGradientDescent,2,8.192,4.096,8.192,4.096,4.374874264420726e-06,0.9995231728838849,0.0,0.0
467,Device,ResourceApplyGradientDescent,SGD/SGD/update_37/ResourceApplyGradientDescent,2,8.192,4.096,8.192,4.096,4.374874264420726e-06,0.9995275477581493,0.0,0.0
468,Device,ResourceApplyGradientDescent,SGD/SGD/update_41/ResourceApplyGradientDescent,2,8.192,4.096,8.192,4.096,4.374874264420726e-06,0.9995319226324137,0.0,0.0
469,Device,ResourceApplyGradientDescent,SGD/SGD/update_55/ResourceApplyGradientDescent,2,8.192,4.096,8.192,4.096,4.374874264420726e-06,0.9995362975066782,0.0,0.0
470,Device,ResourceApplyGradientDescent,SGD/SGD/update_57/ResourceApplyGradientDescent,2,8.192,4.096,8.192,4.096,4.374874264420726e-06,0.9995406723809426,0.0,0.0
471,Device,ResourceApplyGradientDescent,SGD/SGD/update_59/ResourceApplyGradientDescent,2,8.192,4.096,8.192,4.096,4.374874264420726e-06,0.999545047255207,0.0,0.0
472,Device,ResourceApplyGradientDescent,SGD/SGD/update_63/ResourceApplyGradientDescent,2,8.192,4.096,8.192,4.096,4.374874264420726e-06,0.9995494221294714,0.0,0.0
473,Device,ResourceApplyGradientDescent,SGD/SGD/update_83/ResourceApplyGradientDescent,2,8.192,4.096,8.192,4.096,4.374874264420726e-06,0.9995537970037358,0.0,0.0
474,Device,ResourceApplyGradientDescent,SGD/SGD/update_85/ResourceApplyGradientDescent,2,8.192,4.096,8.192,4.096,4.374874264420726e-06,0.9995581718780002,0.0,0.0
475,Device,ResourceApplyGradientDescent,SGD/SGD/update_87/ResourceApplyGradientDescent,2,8.192,4.096,8.192,4.096,4.374874264420726e-06,0.9995625467522646,0.0,0.0
476,Device,ResourceApplyGradientDescent,SGD/SGD/update_91/ResourceApplyGradientDescent,2,8.192,4.096,8.192,4.096,4.374874264420726e-06,0.999566921626529,0.0,0.0
477,Device,ResourceApplyGradientDescent,SGD/SGD/update_95/ResourceApplyGradientDescent,2,8.192,4.096,8.192,4.096,4.374874264420726e-06,0.9995712965007935,0.0,0.0
478,Device,Equal,Equal,2,7.168,3.584,7.168,3.584,3.828014981368135e-06,0.9995751245157748,0.0,0.0
479,Device,ResourceApplyGradientDescent,SGD/SGD/update_102/ResourceApplyGradientDescent,2,7.168,3.584,7.168,3.584,3.828014981368135e-06,0.9995789525307561,0.0,0.0
480,Device,ResourceApplyGradientDescent,SGD/SGD/update_103/ResourceApplyGradientDescent,2,7.168,3.584,7.168,3.584,3.828014981368135e-06,0.9995827805457375,0.0,0.0
481,Device,ResourceApplyGradientDescent,SGD/SGD/update_107/ResourceApplyGradientDescent,2,7.168,3.584,7.168,3.584,3.828014981368135e-06,0.9995866085607188,0.0,0.0
482,Device,ResourceApplyGradientDescent,SGD/SGD/update_11/ResourceApplyGradientDescent,2,7.168,3.584,7.168,3.584,3.828014981368135e-06,0.9995904365757001,0.0,0.0
483,Device,ResourceApplyGradientDescent,SGD/SGD/update_111/ResourceApplyGradientDescent,2,7.168,3.584,7.168,3.584,3.828014981368135e-06,0.9995942645906815,0.0,0.0
484,Device,ResourceApplyGradientDescent,SGD/SGD/update_114/ResourceApplyGradientDescent,2,7.168,3.584,7.168,3.584,3.828014981368135e-06,0.9995980926056628,0.0,0.0
485,Device,ResourceApplyGradientDescent,SGD/SGD/update_119/ResourceApplyGradientDescent,2,7.168,3.584,7.168,3.584,3.828014981368135e-06,0.9996019206206441,0.0,0.0
486,Device,ResourceApplyGradientDescent,SGD/SGD/update_126/ResourceApplyGradientDescent,2,7.168,3.584,7.168,3.584,3.828014981368135e-06,0.9996057486356255,0.0,0.0
487,Device,ResourceApplyGradientDescent,SGD/SGD/update_127/ResourceApplyGradientDescent,2,7.168,3.584,7.168,3.584,3.828014981368135e-06,0.9996095766506068,0.0,0.0
488,Device,ResourceApplyGradientDescent,SGD/SGD/update_134/ResourceApplyGradientDescent,2,7.168,3.584,7.168,3.584,3.828014981368135e-06,0.9996134046655881,0.0,0.0
489,Device,ResourceApplyGradientDescent,SGD/SGD/update_137/ResourceApplyGradientDescent,2,7.168,3.584,7.168,3.584,3.828014981368135e-06,0.9996172326805695,0.0,0.0
490,Device,ResourceApplyGradientDescent,SGD/SGD/update_139/ResourceApplyGradientDescent,2,7.168,3.584,7.168,3.584,3.828014981368135e-06,0.9996210606955508,0.0,0.0
491,Device,ResourceApplyGradientDescent,SGD/SGD/update_141/ResourceApplyGradientDescent,2,7.168,3.584,7.168,3.584,3.828014981368135e-06,0.9996248887105321,0.0,0.0
492,Device,ResourceApplyGradientDescent,SGD/SGD/update_144/ResourceApplyGradientDescent,2,7.168,3.584,7.168,3.584,3.828014981368135e-06,0.9996287167255135,0.0,0.0
493,Device,ResourceApplyGradientDescent,SGD/SGD/update_145/ResourceApplyGradientDescent,2,7.168,3.584,7.168,3.584,3.828014981368135e-06,0.9996325447404948,0.0,0.0
494,Device,ResourceApplyGradientDescent,SGD/SGD/update_146/ResourceApplyGradientDescent,2,7.168,3.584,7.168,3.584,3.828014981368135e-06,0.9996363727554761,0.0,0.0
495,Device,ResourceApplyGradientDescent,SGD/SGD/update_15/ResourceApplyGradientDescent,2,7.168,3.584,7.168,3.584,3.828014981368135e-06,0.9996402007704575,0.0,0.0
496,Device,ResourceApplyGradientDescent,SGD/SGD/update_18/ResourceApplyGradientDescent,2,7.168,3.584,7.168,3.584,3.828014981368135e-06,0.9996440287854388,0.0,0.0
497,Device,ResourceApplyGradientDescent,SGD/SGD/update_20/ResourceApplyGradientDescent,2,7.168,3.584,7.168,3.584,3.828014981368135e-06,0.9996478568004201,0.0,0.0
498,Device,ResourceApplyGradientDescent,SGD/SGD/update_21/ResourceApplyGradientDescent,2,7.168,3.584,7.168,3.584,3.828014981368135e-06,0.9996516848154015,0.0,0.0
499,Device,ResourceApplyGradientDescent,SGD/SGD/update_23/ResourceApplyGradientDescent,2,7.168,3.584,7.168,3.584,3.828014981368135e-06,0.9996555128303828,0.0,0.0
500,Device,ResourceApplyGradientDescent,SGD/SGD/update_31/ResourceApplyGradientDescent,2,7.168,3.584,7.168,3.584,3.828014981368135e-06,0.9996593408453641,0.0,0.0
501,Host,IDLE,IDLE,0,6535506.91,0.0,6535506.91,0.0,0.0,0.0,0.9928057428363724,0.9928057428363724
502,Host,GatherV2,GatherV2,2,46699.892,23349.946,46699.892,23349.946,0.0,0.0,0.007094158357708532,0.9998999011940809
503,Host,GatherV2,GatherV2_1,2,270.183,135.0915,270.183,135.0915,0.0,0.0,4.104337088318671e-05,0.9999409445649641
504,Host,Dataset,Iterator::Root::ParallelMapV2,2,66.101,33.0505,66.101,33.0505,0.0,0.0,1.0041371436209995e-05,0.9999509859364003
505,Host,Dataset,Iterator::Root::ParallelMapV2::Zip[1]::ForeverRepeat,2,68.1,34.05,63.64,31.82,0.0,0.0,9.667522098007657e-06,0.9999606534584983
506,Host,IteratorGetNext,IteratorGetNext,2,42.561,21.2805,42.561,21.2805,0.0,0.0,6.4654212447093625e-06,0.999967118879743
507,Host,Dataset,Iterator::Root,2,107.621,53.8105,41.52,20.76,0.0,0.0,6.307283430378346e-06,0.9999734261631734
508,Host,FlushSummaryWriter,FlushSummaryWriter,1,35.391,35.391,35.391,35.391,0.0,0.0,5.376229958683044e-06,0.9999788023931321
509,Host,LogicalAnd,LogicalAnd,1,30.46,30.46,30.46,30.46,0.0,0.0,4.62716409656369e-06,0.9999834295572286
510,Host,WriteSummary,WriteSummary,1,23.321,23.321,23.321,23.321,0.0,0.0,3.542682005776816e-06,0.9999869722392344
511,Host,Dataset,Iterator::Root::ParallelMapV2::Zip[0]::FlatMap[1]::Concatenate[0]::TensorSlice,2,22.41,11.205,22.41,11.205,0.0,0.0,3.4042924295466934e-06,0.9999903765316639
512,Host,Dataset,Iterator::Root::ParallelMapV2::Zip[0]::FlatMap[1]::Concatenate,2,40.59,20.295,18.18,9.09,0.0,0.0,2.7617151436483217e-06,0.9999931382468076
513,Host,Dataset,Iterator::Root::ParallelMapV2::Zip,2,124.24,62.12,11.17,5.585,0.0,0.0,1.6968293814384903e-06,0.999994835076189
514,Host,ReadVariableOp,ReadVariableOp,1,7.1,7.1,7.1,7.1,0.0,0.0,1.0785576193566051e-06,0.9999959136338084
515,Host,_Send,IteratorGetNext/_1,2,6.57,3.285,6.57,3.285,0.0,0.0,9.980455717144925e-07,0.9999969116793801
516,Host,Dataset,Iterator::Root::ParallelMapV2::Zip[1]::ForeverRepeat::FromTensor,4,4.46,1.115,4.46,1.115,0.0,0.0,6.775164763845717e-07,0.9999975891958565
517,Host,Dataset,Iterator::Root::ParallelMapV2::Zip[0]::FlatMap,2,44.97,22.485,4.38,2.19,0.0,0.0,6.653637144763283e-07,0.9999982545595709
518,Host,_Send,IteratorGetNext/_3,2,3.34,1.67,3.34,1.67,0.0,0.0,5.073778096691636e-07,0.9999987619373806
519,Host,_HostSend,categorical_crossentropy/softmax_cross_entropy_with_logits/Shape_2/_9,2,3.2,1.6,3.2,1.6,0.0,0.0,4.861104763297376e-07,0.9999992480478569
520,Host,Identity,Identity,2,2.98,1.49,2.98,1.49,0.0,0.0,4.5269038108206814e-07,0.999999700738238
521,Host,_Send,IteratorGetNext/_6,2,1.97,0.985,1.97,0.985,0.0,0.0,2.992617619904947e-07,1.0
