Rank,Host/device,Type,Operation,#Occurrences,Total time (us),Avg. time (us),Total self-time (us),Avg. self-time (us),Total self-time on Device (%),Cumulative total-self time on Device (%),Total self-time on Host (%),Cumulative total-self time on Host (%)
1,Device,IDLE,IDLE,0,58610.718,0.0,58610.718,0.0,0.4119361655906592,0.4119361655906592,0.0,0.0
2,Device,DepthwiseConv2dNativeBackpropFilter,gradient_tape/efficientnetb0/block2a_dwconv/depthwise/DepthwiseConv2dNativeBackpropFilter,2,6953.991,3476.9955,6953.991,3476.9955,0.04887502637473156,0.4608111919653908,0.0,0.0
3,Device,DepthwiseConv2dNativeBackpropFilter,gradient_tape/efficientnetb0/block3a_dwconv/depthwise/DepthwiseConv2dNativeBackpropFilter,2,3692.548,1846.274,3692.548,1846.274,0.02595248985653882,0.4867636818219296,0.0,0.0
4,Device,_Recv,IteratorGetNext/_4,2,1061.761,530.8805,1061.761,530.8805,0.007462419332820729,0.4942261011547503,0.0,0.0
5,Device,FusedBatchNormGradV3,gradient_tape/efficientnetb0/block2a_expand_bn/FusedBatchNormGradV3,2,1049.601,524.8005,1049.601,524.8005,0.007376954695216692,0.501603055849967,0.0,0.0
6,Device,DepthwiseConv2dNativeBackpropFilter,gradient_tape/efficientnetb0/block5c_dwconv/depthwise/DepthwiseConv2dNativeBackpropFilter,2,953.345,476.6725,953.345,476.6725,0.006700434616498419,0.5083034904664654,0.0,0.0
7,Device,DepthwiseConv2dNativeBackpropFilter,gradient_tape/efficientnetb0/block5b_dwconv/depthwise/DepthwiseConv2dNativeBackpropFilter,2,903.169,451.5845,903.169,451.5845,0.006347780532911234,0.5146512709993766,0.0,0.0
8,Device,DepthwiseConv2dNativeBackpropFilter,gradient_tape/efficientnetb0/block5a_dwconv/depthwise/DepthwiseConv2dNativeBackpropFilter,2,752.641,376.3205,752.641,376.3205,0.0052898182821496794,0.5199410892815263,0.0,0.0
9,Device,DepthwiseConv2dNativeBackpropInput,gradient_tape/efficientnetb0/block2a_dwconv/depthwise/DepthwiseConv2dNativeBackpropInput,2,649.217,324.6085,649.217,324.6085,0.0045629190486332375,0.5245040083301595,0.0,0.0
10,Device,FusedBatchNormV3,efficientnetb0/block2a_expand_bn/FusedBatchNormV3,4,643.072,160.768,643.072,160.768,0.004519729887607184,0.5290237382177667,0.0,0.0
11,Device,Conv2DBackpropFilter,gradient_tape/efficientnetb0/block2a_expand_conv/Conv2D/Conv2DBackpropFilter,2,638.977,319.4885,638.977,319.4885,0.004490948827492996,0.5335146870452597,0.0,0.0
12,Device,Mul,SGD/gradients/mul_135,2,623.617,311.8085,623.617,311.8085,0.004382993495782633,0.5378976805410424,0.0,0.0
13,Device,Mul,SGD/gradients/mul_137,2,621.568,310.784,621.568,310.784,0.004368592423212677,0.542266272964255,0.0,0.0
14,Device,Mul,SGD/gradients/mul_136,2,618.497,309.2485,618.497,309.2485,0.004347008385212512,0.5466132813494675,0.0,0.0
15,Device,Mul,efficientnetb0/block2a_expand_activation/mul,2,617.473,308.7365,617.473,308.7365,0.004339811363098488,0.550953092712566,0.0,0.0
16,Device,DepthwiseConv2dNativeBackpropFilter,gradient_tape/efficientnetb0/block4b_dwconv/depthwise/DepthwiseConv2dNativeBackpropFilter,2,604.161,302.0805,604.161,302.0805,0.004246250075616173,0.5551993427881822,0.0,0.0
17,Device,DepthwiseConv2dNativeBackpropFilter,gradient_tape/efficientnetb0/block4a_dwconv/depthwise/DepthwiseConv2dNativeBackpropFilter,2,565.248,282.624,565.248,282.624,0.003972756206941347,0.5591720989951235,0.0,0.0
18,Device,DepthwiseConv2dNativeBackpropFilter,gradient_tape/efficientnetb0/block4c_dwconv/depthwise/DepthwiseConv2dNativeBackpropFilter,2,507.904,253.952,507.904,253.952,0.003569722968555993,0.5627418219636795,0.0,0.0
19,Device,Slice,gradient_tape/efficientnetb0/block2a_dwconv_pad/Slice_1,2,480.256,240.128,480.256,240.128,0.0033754033714773397,0.5661172253351568,0.0,0.0
20,Device,Pad,efficientnetb0/block2a_dwconv_pad/Pad,2,471.04,235.52,471.04,235.52,0.0033106301724511226,0.569427855507608,0.0,0.0
21,Device,FusedBatchNormGradV3,gradient_tape/efficientnetb0/stem_bn/FusedBatchNormGradV3,2,443.392,221.696,443.392,221.696,0.0031163105753724695,0.5725441660829804,0.0,0.0
22,Device,FusedBatchNormGradV3,gradient_tape/efficientnetb0/block1a_bn/FusedBatchNormGradV3,2,442.368,221.184,442.368,221.184,0.0031091135532584453,0.5756532796362389,0.0,0.0
23,Device,Sigmoid,SGD/gradients/Sigmoid_45,2,432.129,216.0645,432.129,216.0645,0.003037150360460112,0.5786904299966991,0.0,0.0
24,Device,Sigmoid,efficientnetb0/block2a_expand_activation/Sigmoid,2,431.105,215.5525,431.105,215.5525,0.003029953338346088,0.5817203833350452,0.0,0.0
25,Device,AddV2,SGD/gradients/add_45,2,416.768,208.384,416.768,208.384,0.0029291880004078405,0.584649571335453,0.0,0.0
26,Device,Sub,SGD/gradients/sub_45,2,416.768,208.384,416.768,208.384,0.0029291880004078405,0.5875787593358609,0.0,0.0
27,Device,FusedBatchNormGradV3,gradient_tape/efficientnetb0/block3a_expand_bn/FusedBatchNormGradV3,2,403.457,201.7285,403.457,201.7285,0.0028356337412674348,0.5904143930771283,0.0,0.0
28,Device,FusedBatchNormGradV3,gradient_tape/efficientnetb0/block2b_bn/FusedBatchNormGradV3,2,403.456,201.728,403.456,201.728,0.0028356267129255267,0.5932500197900538,0.0,0.0
29,Device,FusedBatchNormGradV3,gradient_tape/efficientnetb0/block2b_expand_bn/FusedBatchNormGradV3,2,401.408,200.704,401.408,200.704,0.0028212326686974784,0.5960712524587513,0.0,0.0
30,Device,DepthwiseConv2dNativeBackpropInput,gradient_tape/efficientnetb0/block3a_dwconv/depthwise/DepthwiseConv2dNativeBackpropInput,2,362.496,181.248,362.496,181.248,0.0025477458283645594,0.5986189982871158,0.0,0.0
31,Device,DepthwiseConv2dNative,efficientnetb0/block2a_dwconv/depthwise,2,350.208,175.104,350.208,175.104,0.0024613815629962693,0.6010803798501121,0.0,0.0
32,Device,FusedBatchNormGradV3,gradient_tape/efficientnetb0/block1a_project_bn/FusedBatchNormGradV3,2,349.185,174.5925,349.185,174.5925,0.002454191569224153,0.6035345714193362,0.0,0.0
33,Device,Conv2DBackpropInput,gradient_tape/efficientnetb0/block2a_expand_conv/Conv2D/Conv2DBackpropInput,2,322.56,161.28,322.56,161.28,0.002267061965917616,0.6058016333852538,0.0,0.0
34,Device,Conv2D,efficientnetb0/block2a_expand_conv/Conv2D,2,317.44,158.72,317.44,158.72,0.0022310768553474953,0.6080327102406013,0.0,0.0
35,Device,DepthwiseConv2dNativeBackpropInput,gradient_tape/efficientnetb0/block2b_dwconv/depthwise/DepthwiseConv2dNativeBackpropInput,2,294.912,147.456,294.912,147.456,0.0020727423688389635,0.6101054526094403,0.0,0.0
36,Device,Conv2DBackpropFilter,gradient_tape/efficientnetb0/block2a_project_conv/Conv2D/Conv2DBackpropFilter,2,274.432,137.216,274.432,137.216,0.00192880192655848,0.6120342545359988,0.0,0.0
37,Device,Conv2DBackpropFilter,gradient_tape/efficientnetb0/block3a_expand_conv/Conv2D/Conv2DBackpropFilter,2,270.336,135.168,270.336,135.168,0.0019000138381023834,0.6139342683741011,0.0,0.0
38,Device,FusedBatchNormGradV3,gradient_tape/efficientnetb0/block2a_bn/FusedBatchNormGradV3,2,268.288,134.144,268.288,134.144,0.001885619793874335,0.6158198881679755,0.0,0.0
39,Device,Conv2DBackpropFilter,gradient_tape/efficientnetb0/block2b_expand_conv/Conv2D/Conv2DBackpropFilter,2,265.216,132.608,265.216,132.608,0.0018640287275322625,0.6176839168955077,0.0,0.0
40,Device,Conv2DBackpropFilter,gradient_tape/efficientnetb0/block1a_project_conv/Conv2D/Conv2DBackpropFilter,2,264.192,132.096,264.192,132.096,0.0018568317054182383,0.619540748600926,0.0,0.0
41,Device,FusedBatchNormV3,efficientnetb0/block1a_bn/FusedBatchNormV3,4,257.024,64.256,257.024,64.256,0.001806452550620069,0.6213472011515461,0.0,0.0
42,Device,DepthwiseConv2dNativeBackpropInput,gradient_tape/efficientnetb0/block1a_dwconv/depthwise/DepthwiseConv2dNativeBackpropInput,2,257.024,128.512,257.024,128.512,0.001806452550620069,0.6231536537021661,0.0,0.0
43,Device,FusedBatchNormV3,efficientnetb0/stem_bn/FusedBatchNormV3,4,254.977,63.74425,254.977,63.74425,0.0017920655347339288,0.6249457192369,0.0,0.0
44,Device,FusedBatchNormV3,efficientnetb0/block2b_bn/FusedBatchNormV3,4,252.928,63.232,252.928,63.232,0.0017776644621639722,0.626723383699064,0.0,0.0
45,Device,FusedBatchNormV3,efficientnetb0/block2b_expand_bn/FusedBatchNormV3,4,251.904,62.976,251.904,62.976,0.001770467440049948,0.6284938511391139,0.0,0.0
46,Device,FusedBatchNormV3,efficientnetb0/block3a_expand_bn/FusedBatchNormV3,4,248.832,62.208,248.832,62.208,0.0017488763737078755,0.6302427275128218,0.0,0.0
47,Device,DepthwiseConv2dNativeBackpropFilter,gradient_tape/efficientnetb0/block2b_dwconv/depthwise/DepthwiseConv2dNativeBackpropFilter,2,247.808,123.904,247.808,123.904,0.0017416793515938514,0.6319844068644157,0.0,0.0
48,Device,Conv2DBackpropFilter,gradient_tape/efficientnetb0/block5b_expand_conv/Conv2D/Conv2DBackpropFilter,2,242.688,121.344,242.688,121.344,0.0017056942410237303,0.6336901011054394,0.0,0.0
49,Device,Conv2DBackpropFilter,gradient_tape/efficientnetb0/block5c_expand_conv/Conv2D/Conv2DBackpropFilter,2,242.688,121.344,242.688,121.344,0.0017056942410237303,0.6353957953464632,0.0,0.0
50,Device,Conv2DBackpropFilter,gradient_tape/efficientnetb0/block6a_expand_conv/Conv2D/Conv2DBackpropFilter,2,242.688,121.344,242.688,121.344,0.0017056942410237303,0.6371014895874869,0.0,0.0
51,Device,AddN,SGD/gradients/AddN_21,2,241.664,120.832,241.664,120.832,0.001698497218909706,0.6387999868063966,0.0,0.0
52,Device,Mul,SGD/gradients/mul_128,2,238.593,119.2965,238.593,119.2965,0.0016769131809095418,0.6404768999873062,0.0,0.0
53,Device,DepthwiseConv2dNativeBackpropInput,gradient_tape/efficientnetb0/block3b_dwconv/depthwise/DepthwiseConv2dNativeBackpropInput,2,238.593,119.2965,238.593,119.2965,0.0016769131809095418,0.6421538131682157,0.0,0.0
54,Device,Mul,SGD/gradients/mul_117,2,238.592,119.296,238.592,119.296,0.0016769061525676338,0.6438307193207834,0.0,0.0
55,Device,Mul,SGD/gradients/mul_123,2,237.568,118.784,237.568,118.784,0.0016697091304536096,0.645500428451237,0.0,0.0
56,Device,Mul,SGD/gradients/mul_126,2,237.568,118.784,237.568,118.784,0.0016697091304536096,0.6471701375816906,0.0,0.0
57,Device,Mul,efficientnetb0/block3a_expand_activation/mul,2,237.568,118.784,237.568,118.784,0.0016697091304536096,0.6488398467121442,0.0,0.0
58,Device,Mul,gradient_tape/efficientnetb0/block2b_se_excite/mul/Mul_1,2,237.568,118.784,237.568,118.784,0.0016697091304536096,0.6505095558425978,0.0,0.0
59,Device,Mul,SGD/gradients/mul_125,2,236.545,118.2725,236.545,118.2725,0.0016625191366814935,0.6521720749792793,0.0,0.0
60,Device,Mul,SGD/gradients/mul_124,2,236.544,118.272,236.544,118.272,0.0016625121083395855,0.6538345870876189,0.0,0.0
61,Device,Mul,SGD/gradients/mul_118,2,235.52,117.76,235.52,117.76,0.0016553150862255613,0.6554899021738444,0.0,0.0
62,Device,Mul,efficientnetb0/block2b_activation/mul,2,234.497,117.2485,234.497,117.2485,0.0016481250924534454,0.6571380272662979,0.0,0.0
63,Device,Mul,SGD/gradients/mul_119,2,234.496,117.248,234.496,117.248,0.001648118064111537,0.6587861453304095,0.0,0.0
64,Device,Mul,SGD/gradients/mul_127,2,234.496,117.248,234.496,117.248,0.001648118064111537,0.660434263394521,0.0,0.0
65,Device,Mul,efficientnetb0/block2b_expand_activation/mul,2,234.496,117.248,234.496,117.248,0.001648118064111537,0.6620823814586326,0.0,0.0
66,Device,Conv2DBackpropFilter,gradient_tape/efficientnetb0/stem_conv/Conv2D/Conv2DBackpropFilter,2,231.424,115.712,231.424,115.712,0.0016265269977694646,0.6637089084564021,0.0,0.0
67,Device,AddN,SGD/gradients/AddN_24,2,217.089,108.5445,217.089,108.5445,0.0015257757165150342,0.6652346841729171,0.0,0.0
68,Device,DepthwiseConv2dNativeBackpropFilter,gradient_tape/efficientnetb0/block1a_dwconv/depthwise/DepthwiseConv2dNativeBackpropFilter,2,217.089,108.5445,217.089,108.5445,0.0015257757165150342,0.6667604598894321,0.0,0.0
69,Device,Pad,efficientnetb0/block3a_dwconv_pad/Pad,2,216.065,108.0325,216.065,108.0325,0.00151857869440101,0.6682790385838331,0.0,0.0
70,Device,Mul,SGD/gradients/mul_141,2,214.016,107.008,214.016,107.008,0.0015041776218310534,0.6697832162056642,0.0,0.0
71,Device,DepthwiseConv2dNativeBackpropInput,gradient_tape/efficientnetb0/block6a_dwconv/depthwise/DepthwiseConv2dNativeBackpropInput,2,212.993,106.4965,212.993,106.4965,0.0014969876280589375,0.6712802038337231,0.0,0.0
72,Device,DepthwiseConv2dNative,efficientnetb0/block3a_dwconv/depthwise,2,212.992,106.496,212.992,106.496,0.0014969805997170293,0.6727771844334401,0.0,0.0
73,Device,Mul,SGD/gradients/mul_144,2,211.968,105.984,211.968,105.984,0.001489783577603005,0.6742669680110431,0.0,0.0
74,Device,Mul,gradient_tape/efficientnetb0/block1a_se_excite/mul/Mul_1,2,210.945,105.4725,210.945,105.4725,0.001482593583830889,0.675749561594874,0.0,0.0
75,Device,Mul,efficientnetb0/block1a_activation/mul,2,210.944,105.472,210.944,105.472,0.0014825865554889807,0.6772321481503629,0.0,0.0
76,Device,Mul,SGD/gradients/mul_143,2,209.921,104.9605,209.921,104.9605,0.0014753965617168648,0.6787075447120798,0.0,0.0
77,Device,Mul,SGD/gradients/mul_142,2,209.92,104.96,209.92,104.96,0.0014753895333749565,0.6801829342454548,0.0,0.0
78,Device,Mul,SGD/gradients/mul_145,2,209.92,104.96,209.92,104.96,0.0014753895333749565,0.6816583237788298,0.0,0.0
79,Device,Mul,SGD/gradients/mul_146,2,208.897,104.4485,208.897,104.4485,0.0014681995396028406,0.6831265233184327,0.0,0.0
80,Device,Mul,efficientnetb0/stem_activation/mul,2,208.896,104.448,208.896,104.448,0.0014681925112609324,0.6845947158296937,0.0,0.0
81,Device,FusedBatchNormV3,efficientnetb0/block1a_project_bn/FusedBatchNormV3,4,206.849,51.71225,206.849,51.71225,0.0014538054953747923,0.6860485213250684,0.0,0.0
82,Device,Conv2DBackpropFilter,gradient_tape/efficientnetb0/block2b_project_conv/Conv2D/Conv2DBackpropFilter,2,205.824,102.912,205.824,102.912,0.00144660144491886,0.6874951227699873,0.0,0.0
83,Device,Conv2DBackpropInput,gradient_tape/efficientnetb0/top_conv/Conv2D/Conv2DBackpropInput,4,196.608,49.152,196.608,49.152,0.0013818282458926425,0.6888769510158799,0.0,0.0
84,Device,Slice,gradient_tape/efficientnetb0/block3a_dwconv_pad/Slice_1,2,195.584,97.792,195.584,97.792,0.0013746312237786183,0.6902515822396584,0.0,0.0
85,Device,Conv2DBackpropInput,gradient_tape/efficientnetb0/block6b_expand_conv/Conv2D/Conv2DBackpropInput,4,193.536,48.384,193.536,48.384,0.0013602371795505698,0.691611819419209,0.0,0.0
86,Device,Conv2DBackpropInput,gradient_tape/efficientnetb0/block6d_expand_conv/Conv2D/Conv2DBackpropInput,4,193.536,48.384,193.536,48.384,0.0013602371795505698,0.6929720565987596,0.0,0.0
87,Device,Conv2DBackpropInput,gradient_tape/efficientnetb0/block7a_expand_conv/Conv2D/Conv2DBackpropInput,4,192.512,48.128,192.512,48.128,0.0013530401574365456,0.6943250967561961,0.0,0.0
88,Device,Conv2DBackpropInput,gradient_tape/efficientnetb0/block6c_expand_conv/Conv2D/Conv2DBackpropInput,4,191.489,47.87225,191.489,47.87225,0.0013458501636644297,0.6956709469198605,0.0,0.0
89,Device,DepthwiseConv2dNativeBackpropFilter,gradient_tape/efficientnetb0/block3b_dwconv/depthwise/DepthwiseConv2dNativeBackpropFilter,2,185.344,92.672,185.344,92.672,0.0013026610026383764,0.696973607922499,0.0,0.0
90,Device,Conv2D,efficientnetb0/stem_conv/Conv2D,2,174.08,87.04,174.08,87.04,0.0012234937593841105,0.6981971016818831,0.0,0.0
91,Device,DepthwiseConv2dNative,efficientnetb0/block2b_dwconv/depthwise,2,171.008,85.504,171.008,85.504,0.001201902693042038,0.6993990043749251,0.0,0.0
92,Device,Conv2D,efficientnetb0/block7a_project_conv/Conv2D,2,171.008,85.504,171.008,85.504,0.001201902693042038,0.7006009070679671,0.0,0.0
93,Device,FusedBatchNormGradV3,gradient_tape/efficientnetb0/block3b_bn/FusedBatchNormGradV3,2,169.984,84.992,169.984,84.992,0.0011947056709280138,0.7017956127388951,0.0,0.0
94,Device,FusedBatchNormGradV3,gradient_tape/efficientnetb0/block4a_expand_bn/FusedBatchNormGradV3,2,167.937,83.9685,167.937,83.9685,0.0011803186550418737,0.702975931393937,0.0,0.0
95,Device,FusedBatchNormGradV3,gradient_tape/efficientnetb0/block3b_expand_bn/FusedBatchNormGradV3,2,167.936,83.968,167.936,83.968,0.0011803116266999654,0.704156243020637,0.0,0.0
96,Device,AddN,SGD/gradients/AddN_23,2,166.912,83.456,166.912,83.456,0.0011731146045859413,0.7053293576252229,0.0,0.0
97,Device,Sigmoid,efficientnetb0/block2b_expand_activation/Sigmoid,2,166.912,83.456,166.912,83.456,0.0011731146045859413,0.7065024722298088,0.0,0.0
98,Device,Sigmoid,SGD/gradients/Sigmoid_41,2,165.888,82.944,165.888,82.944,0.001165917582471917,0.7076683898122806,0.0,0.0
99,Device,Sigmoid,efficientnetb0/block2b_activation/Sigmoid,2,165.888,82.944,165.888,82.944,0.001165917582471917,0.7088343073947525,0.0,0.0
100,Device,Sigmoid,SGD/gradients/Sigmoid_42,2,163.841,81.9205,163.841,81.9205,0.001151530566585777,0.7099858379613383,0.0,0.0
101,Device,Transpose,SGD/gradients/AddN_21-1-TransposeNHWCToNCHW-LayoutOptimizer,2,163.84,81.92,163.84,81.92,0.0011515235382438687,0.7111373614995822,0.0,0.0
102,Device,FusedBatchNormV3,efficientnetb0/block2a_bn/FusedBatchNormV3,4,163.84,40.96,163.84,40.96,0.0011515235382438687,0.7122888850378261,0.0,0.0
103,Device,Sigmoid,efficientnetb0/block3a_expand_activation/Sigmoid,2,163.84,81.92,163.84,81.92,0.0011515235382438687,0.7134404085760699,0.0,0.0
104,Device,Mul,gradient_tape/efficientnetb0/block2b_se_excite/mul/Mul,2,163.84,81.92,163.84,81.92,0.0011515235382438687,0.7145919321143138,0.0,0.0
105,Device,Sigmoid,SGD/gradients/Sigmoid_39,2,162.816,81.408,162.816,81.408,0.0011443265161298446,0.7157362586304437,0.0,0.0
106,Device,Transpose,efficientnetb0/block2b_activation/mul-0-3-TransposeNCHWToNHWC-LayoutOptimizer,2,162.816,81.408,162.816,81.408,0.0011443265161298446,0.7168805851465735,0.0,0.0
107,Device,AddV2,SGD/gradients/add_42,2,160.768,80.384,160.768,80.384,0.001129932471901796,0.7180105176184753,0.0,0.0
108,Device,Mul,SGD/gradients/mul_133,2,160.768,80.384,160.768,80.384,0.001129932471901796,0.7191404500903772,0.0,0.0
109,Device,Conv2DBackpropFilter,gradient_tape/efficientnetb0/block3b_project_conv/Conv2D/Conv2DBackpropFilter,2,160.768,80.384,160.768,80.384,0.001129932471901796,0.720270382562279,0.0,0.0
110,Device,DepthwiseConv2dNativeBackpropInput,gradient_tape/efficientnetb0/block5b_dwconv/depthwise/DepthwiseConv2dNativeBackpropInput,2,160.768,80.384,160.768,80.384,0.001129932471901796,0.7214003150341809,0.0,0.0
111,Device,Mul,SGD/gradients/mul_132,2,159.745,79.8725,159.745,79.8725,0.00112274247812968,0.7225230575123106,0.0,0.0
112,Device,Sub,SGD/gradients/sub_39,2,159.745,79.8725,159.745,79.8725,0.00112274247812968,0.7236457999904403,0.0,0.0
113,Device,Sub,SGD/gradients/sub_41,2,159.745,79.8725,159.745,79.8725,0.00112274247812968,0.72476854246857,0.0,0.0
114,Device,DepthwiseConv2dNativeBackpropInput,gradient_tape/efficientnetb0/block5c_dwconv/depthwise/DepthwiseConv2dNativeBackpropInput,2,159.745,79.8725,159.745,79.8725,0.00112274247812968,0.7258912849466997,0.0,0.0
115,Device,AddV2,SGD/gradients/add_39,2,159.744,79.872,159.744,79.872,0.0011227354497877718,0.7270140203964875,0.0,0.0
116,Device,AddV2,SGD/gradients/add_41,2,159.744,79.872,159.744,79.872,0.0011227354497877718,0.7281367558462754,0.0,0.0
117,Device,Mul,SGD/gradients/mul_134,2,159.744,79.872,159.744,79.872,0.0011227354497877718,0.7292594912960632,0.0,0.0
118,Device,Sub,SGD/gradients/sub_42,2,159.744,79.872,159.744,79.872,0.0011227354497877718,0.730382226745851,0.0,0.0
119,Device,Mul,gradient_tape/efficientnetb0/block2a_se_excite/mul/Mul_1,2,159.744,79.872,159.744,79.872,0.0011227354497877718,0.7315049621956388,0.0,0.0
120,Device,Mul,efficientnetb0/block2a_activation/mul,2,158.72,79.36,158.72,79.36,0.0011155384276737477,0.7326205006233125,0.0,0.0
121,Device,RealDiv,gradient_tape/efficientnetb0/block2b_se_squeeze/truediv,2,158.72,79.36,158.72,79.36,0.0011155384276737477,0.7337360390509863,0.0,0.0
122,Device,Conv2D,efficientnetb0/block2b_expand_conv/Conv2D,2,157.696,78.848,157.696,78.848,0.0011083414055597235,0.734844380456546,0.0,0.0
123,Device,Mul,efficientnetb0/block2b_se_excite/mul,2,155.648,77.824,155.648,77.824,0.0010939473613316751,0.7359383278178777,0.0,0.0
124,Device,Conv2D,efficientnetb0/block3a_expand_conv/Conv2D,2,154.624,77.312,154.624,77.312,0.001086750339217651,0.7370250781570954,0.0,0.0
125,Device,Conv2DBackpropFilter,gradient_tape/efficientnetb0/block5c_project_conv/Conv2D/Conv2DBackpropFilter,4,153.6,38.4,153.6,38.4,0.0010795533171036268,0.738104631474199,0.0,0.0
126,Device,Conv2D,efficientnetb0/block6b_project_conv/Conv2D,4,152.576,38.144,152.576,38.144,0.0010723562949896026,0.7391769877691886,0.0,0.0
127,Device,Conv2D,efficientnetb0/block6d_project_conv/Conv2D,4,152.576,38.144,152.576,38.144,0.0010723562949896026,0.7402493440641782,0.0,0.0
128,Device,Conv2D,efficientnetb0/block6c_project_conv/Conv2D,4,151.552,37.888,151.552,37.888,0.0010651592728755785,0.7413145033370537,0.0,0.0
129,Device,DepthwiseConv2dNative,efficientnetb0/block1a_dwconv/depthwise,2,149.504,74.752,149.504,74.752,0.0010507652286475301,0.7423652685657013,0.0,0.0
130,Device,DepthwiseConv2dNativeBackpropFilter,gradient_tape/efficientnetb0/block6a_dwconv/depthwise/DepthwiseConv2dNativeBackpropFilter,2,149.504,74.752,149.504,74.752,0.0010507652286475301,0.7434160337943488,0.0,0.0
131,Device,Sigmoid,efficientnetb0/stem_activation/Sigmoid,2,148.48,74.24,148.48,74.24,0.001043568206533506,0.7444596020008823,0.0,0.0
132,Device,Conv2DBackpropInput,gradient_tape/efficientnetb0/block2b_project_conv/Conv2D/Conv2DBackpropInput,2,148.48,74.24,148.48,74.24,0.001043568206533506,0.7455031702074159,0.0,0.0
133,Device,Conv2DBackpropFilter,gradient_tape/efficientnetb0/block5b_project_conv/Conv2D/Conv2DBackpropFilter,4,148.48,37.12,148.48,37.12,0.001043568206533506,0.7465467384139494,0.0,0.0
134,Device,Sigmoid,efficientnetb0/block1a_activation/Sigmoid,2,147.456,73.728,147.456,73.728,0.0010363711844194818,0.7475831095983688,0.0,0.0
135,Device,Sigmoid,SGD/gradients/Sigmoid_47,2,146.432,73.216,146.432,73.216,0.0010291741623054576,0.7486122837606742,0.0,0.0
136,Device,Transpose,efficientnetb0/block1a_activation/mul-0-3-TransposeNCHWToNHWC-LayoutOptimizer,2,145.408,72.704,145.408,72.704,0.0010219771401914334,0.7496342609008657,0.0,0.0
137,Device,Mul,gradient_tape/efficientnetb0/block1a_se_excite/mul/Mul,2,145.408,72.704,145.408,72.704,0.0010219771401914334,0.7506562380410572,0.0,0.0
138,Device,Transpose,SGD/gradients/AddN_24-1-TransposeNHWCToNCHW-LayoutOptimizer,2,143.36,71.68,143.36,71.68,0.001007583095963385,0.7516638211370206,0.0,0.0
139,Device,Sub,SGD/gradients/sub_47,2,143.36,71.68,143.36,71.68,0.001007583095963385,0.752671404232984,0.0,0.0
140,Device,Sub,SGD/gradients/sub_48,2,143.36,71.68,143.36,71.68,0.001007583095963385,0.7536789873289473,0.0,0.0
141,Device,RealDiv,gradient_tape/efficientnetb0/block1a_se_squeeze/truediv,2,143.36,71.68,143.36,71.68,0.001007583095963385,0.7546865704249107,0.0,0.0
142,Device,AddV2,SGD/gradients/add_47,2,142.336,71.168,142.336,71.168,0.001000386073849361,0.75568695649876,0.0,0.0
143,Device,AddV2,SGD/gradients/add_48,2,140.288,70.144,140.288,70.144,0.0009859920296213126,0.7566729485283814,0.0,0.0
144,Device,Mul,efficientnetb0/block1a_se_excite/mul,2,140.288,70.144,140.288,70.144,0.0009859920296213126,0.7576589405580028,0.0,0.0
145,Device,Conv2DBackpropFilter,gradient_tape/efficientnetb0/block5a_expand_conv/Conv2D/Conv2DBackpropFilter,2,138.24,69.12,138.24,69.12,0.0009715979853932642,0.758630538543396,0.0,0.0
146,Device,Conv2DBackpropFilter,gradient_tape/efficientnetb0/block4c_expand_conv/Conv2D/Conv2DBackpropFilter,2,137.216,68.608,137.216,68.608,0.00096440096327924,0.7595949395066752,0.0,0.0
147,Device,DepthwiseConv2dNative,efficientnetb0/block6a_dwconv/depthwise,2,136.193,68.0965,136.193,68.0965,0.0009572109695071241,0.7605521504761823,0.0,0.0
148,Device,DepthwiseConv2dNative,efficientnetb0/block5c_dwconv/depthwise,2,135.168,67.584,135.168,67.584,0.0009500069190511917,0.7615021573952335,0.0,0.0
149,Device,Conv2DBackpropFilter,gradient_tape/efficientnetb0/block4b_expand_conv/Conv2D/Conv2DBackpropFilter,2,134.145,67.0725,134.145,67.0725,0.0009428169252790758,0.7624449743205126,0.0,0.0
150,Device,DepthwiseConv2dNative,efficientnetb0/block5b_dwconv/depthwise,2,134.144,67.072,134.144,67.072,0.0009428098969371675,0.7633877842174498,0.0,0.0
151,Device,Conv2DBackpropInput,gradient_tape/efficientnetb0/block2b_expand_conv/Conv2D/Conv2DBackpropInput,2,133.121,66.5605,133.121,66.5605,0.0009356199031650516,0.7643234041206148,0.0,0.0
152,Device,Conv2DBackpropFilter,gradient_tape/efficientnetb0/block3a_project_conv/Conv2D/Conv2DBackpropFilter,2,132.096,66.048,132.096,66.048,0.0009284158527091192,0.7652518199733239,0.0,0.0
153,Device,DepthwiseConv2dNativeBackpropInput,gradient_tape/efficientnetb0/block4a_dwconv/depthwise/DepthwiseConv2dNativeBackpropInput,2,131.073,65.5365,131.073,65.5365,0.0009212258589370032,0.766173045832261,0.0,0.0
154,Device,Sigmoid,SGD/gradients/Sigmoid_48,2,131.072,65.536,131.072,65.536,0.0009212188305950949,0.7670942646628561,0.0,0.0
155,Device,Pad,efficientnetb0/block6a_dwconv_pad/Pad,2,131.072,65.536,131.072,65.536,0.0009212188305950949,0.7680154834934513,0.0,0.0
156,Device,Conv2DBackpropInput,gradient_tape/efficientnetb0/block3a_expand_conv/Conv2D/Conv2DBackpropInput,2,131.072,65.536,131.072,65.536,0.0009212188305950949,0.7689367023240464,0.0,0.0
157,Device,Conv2DBackpropInput,gradient_tape/efficientnetb0/block6a_expand_conv/Conv2D/Conv2DBackpropInput,4,131.072,32.768,131.072,32.768,0.0009212188305950949,0.7698579211546416,0.0,0.0
158,Device,Conv2DBackpropInput,gradient_tape/efficientnetb0/block5c_expand_conv/Conv2D/Conv2DBackpropInput,4,130.048,32.512,130.048,32.512,0.0009140218084810707,0.7707719429631227,0.0,0.0
159,Device,Conv2DBackpropFilter,gradient_tape/efficientnetb0/top_conv/Conv2D/Conv2DBackpropFilter,2,130.048,65.024,130.048,65.024,0.0009140218084810707,0.7716859647716038,0.0,0.0
160,Device,Conv2D,efficientnetb0/block1a_project_conv/Conv2D,2,128.0,64.0,128.0,64.0,0.0008996277642530224,0.7725855925358568,0.0,0.0
161,Device,Conv2DBackpropInput,gradient_tape/efficientnetb0/block1a_project_conv/Conv2D/Conv2DBackpropInput,2,128.0,64.0,128.0,64.0,0.0008996277642530224,0.7734852203001098,0.0,0.0
162,Device,Conv2DBackpropInput,gradient_tape/efficientnetb0/block5b_expand_conv/Conv2D/Conv2DBackpropInput,4,128.0,32.0,128.0,32.0,0.0008996277642530224,0.7743848480643628,0.0,0.0
163,Device,SoftmaxCrossEntropyWithLogits,categorical_crossentropy/softmax_cross_entropy_with_logits,2,125.952,62.976,125.952,62.976,0.000885233720024974,0.7752700817843878,0.0,0.0
164,Device,Conv2DBackpropFilter,gradient_tape/efficientnetb0/block3b_expand_conv/Conv2D/Conv2DBackpropFilter,2,122.881,61.4405,122.881,61.4405,0.0008636496820248098,0.7761337314664126,0.0,0.0
165,Device,Conv2DBackpropFilter,gradient_tape/efficientnetb0/block4a_expand_conv/Conv2D/Conv2DBackpropFilter,2,121.856,60.928,121.856,60.928,0.0008564456315688772,0.7769901770979815,0.0,0.0
166,Device,Conv2DBackpropFilter,gradient_tape/efficientnetb0/block7a_project_conv/Conv2D/Conv2DBackpropFilter,2,119.808,59.904,119.808,59.904,0.000842051587340829,0.7778322286853223,0.0,0.0
167,Device,Conv2DBackpropInput,gradient_tape/efficientnetb0/block7a_project_conv/Conv2D/Conv2DBackpropInput,2,119.808,59.904,119.808,59.904,0.000842051587340829,0.7786742802726632,0.0,0.0
168,Device,Conv2D,efficientnetb0/block2b_project_conv/Conv2D,2,118.784,59.392,118.784,59.392,0.0008348545652268048,0.77950913483789,0.0,0.0
169,Device,DepthwiseConv2dNativeBackpropInput,gradient_tape/efficientnetb0/block5a_dwconv/depthwise/DepthwiseConv2dNativeBackpropInput,2,117.76,58.88,117.76,58.88,0.0008276575431127806,0.7803367923810027,0.0,0.0
170,Device,Conv2DBackpropInput,gradient_tape/efficientnetb0/block2a_project_conv/Conv2D/Conv2DBackpropInput,2,115.712,57.856,115.712,57.856,0.0008132634988847323,0.7811500558798875,0.0,0.0
171,Device,Conv2DBackpropInput,gradient_tape/efficientnetb0/block6b_se_expand/Conv2D/Conv2DBackpropInput,4,115.712,28.928,115.712,28.928,0.0008132634988847323,0.7819633193787723,0.0,0.0
172,Device,Conv2DBackpropInput,gradient_tape/efficientnetb0/block6c_se_expand/Conv2D/Conv2DBackpropInput,4,114.688,28.672,114.688,28.672,0.000806066476770708,0.782769385855543,0.0,0.0
173,Device,Conv2DBackpropInput,gradient_tape/efficientnetb0/block6d_se_expand/Conv2D/Conv2DBackpropInput,4,114.688,28.672,114.688,28.672,0.000806066476770708,0.7835754523323137,0.0,0.0
174,Device,Conv2DBackpropInput,gradient_tape/efficientnetb0/block7a_se_expand/Conv2D/Conv2DBackpropInput,4,112.641,28.16025,112.641,28.16025,0.0007916794608845679,0.7843671317931983,0.0,0.0
175,Device,Sigmoid,efficientnetb0/block2a_activation/Sigmoid,2,112.64,56.32,112.64,56.32,0.0007916724325426597,0.7851588042257409,0.0,0.0
176,Device,Conv2D,efficientnetb0/top_conv/Conv2D,2,111.617,55.8085,111.617,55.8085,0.0007844824387705437,0.7859432866645114,0.0,0.0
177,Device,Conv2DBackpropFilter,gradient_tape/efficientnetb0/block5a_project_conv/Conv2D/Conv2DBackpropFilter,4,111.617,27.90425,111.617,27.90425,0.0007844824387705437,0.7867277691032819,0.0,0.0
178,Device,Transpose,SGD/gradients/AddN_23-1-TransposeNHWCToNCHW-LayoutOptimizer,2,110.592,55.296,110.592,55.296,0.0007772783883146113,0.7875050474915966,0.0,0.0
179,Device,Sigmoid,SGD/gradients/Sigmoid_44,2,110.592,55.296,110.592,55.296,0.0007772783883146113,0.7882823258799112,0.0,0.0
180,Device,Mul,gradient_tape/efficientnetb0/block2a_se_excite/mul/Mul,2,110.592,55.296,110.592,55.296,0.0007772783883146113,0.7890596042682259,0.0,0.0
181,Device,Conv2D,efficientnetb0/block7a_se_reduce/Conv2D,4,109.568,27.392,109.568,27.392,0.0007700813662005871,0.7898296856344265,0.0,0.0
182,Device,Transpose,efficientnetb0/block2a_activation/mul-0-3-TransposeNCHWToNHWC-LayoutOptimizer,2,108.545,54.2725,108.545,54.2725,0.0007628913724284712,0.7905925770068549,0.0,0.0
183,Device,Conv2D,efficientnetb0/block6c_se_reduce/Conv2D,4,108.545,27.13625,108.545,27.13625,0.0007628913724284712,0.7913554683792834,0.0,0.0
184,Device,Sub,SGD/gradients/sub_44,2,107.52,53.76,107.52,53.76,0.0007556873219725388,0.7921111557012559,0.0,0.0
185,Device,Conv2D,efficientnetb0/block6b_se_reduce/Conv2D,4,107.52,26.88,107.52,26.88,0.0007556873219725388,0.7928668430232284,0.0,0.0
186,Device,Conv2DBackpropFilter,gradient_tape/efficientnetb0/block4c_project_conv/Conv2D/Conv2DBackpropFilter,4,106.497,26.62425,106.497,26.62425,0.0007484973282004229,0.7936153403514288,0.0,0.0
187,Device,Conv2D,efficientnetb0/block6d_se_reduce/Conv2D,4,106.496,26.624,106.496,26.624,0.0007484902998585146,0.7943638306512872,0.0,0.0
188,Device,RealDiv,gradient_tape/efficientnetb0/block2a_se_squeeze/truediv,2,106.496,53.248,106.496,53.248,0.0007484902998585146,0.7951123209511457,0.0,0.0
189,Device,Conv2DBackpropFilter,gradient_tape/efficientnetb0/block4b_project_conv/Conv2D/Conv2DBackpropFilter,4,106.496,26.624,106.496,26.624,0.0007484902998585146,0.7958608112510042,0.0,0.0
190,Device,Mul,efficientnetb0/block2a_se_excite/mul,2,105.473,52.7365,105.473,52.7365,0.0007413003060863987,0.7966021115570906,0.0,0.0
191,Device,AddV2,SGD/gradients/add_44,2,105.472,52.736,105.472,52.736,0.0007412932777444903,0.7973434048348351,0.0,0.0
192,Device,AddN,SGD/gradients/AddN_18,2,104.449,52.2245,104.449,52.2245,0.0007341032839723744,0.7980775081188075,0.0,0.0
193,Device,Mul,SGD/gradients/mul_105,2,103.424,51.712,103.424,51.712,0.0007268992335164421,0.7988044073523239,0.0,0.0
194,Device,Conv2D,efficientnetb0/block5b_project_conv/Conv2D,2,103.424,51.712,103.424,51.712,0.0007268992335164421,0.7995313065858404,0.0,0.0
195,Device,Mul,SGD/gradients/mul_109,2,102.4,51.2,102.4,51.2,0.0007197022114024179,0.8002510087972428,0.0,0.0
196,Device,Conv2D,efficientnetb0/block5c_project_conv/Conv2D,2,102.4,51.2,102.4,51.2,0.0007197022114024179,0.8009707110086451,0.0,0.0
197,Device,Mul,gradient_tape/efficientnetb0/block3b_se_excite/mul/Mul_1,2,102.4,51.2,102.4,51.2,0.0007197022114024179,0.8016904132200475,0.0,0.0
198,Device,Mul,SGD/gradients/mul_100,2,101.376,50.688,101.376,50.688,0.0007125051892883938,0.802402918409336,0.0,0.0
199,Device,Mul,SGD/gradients/mul_108,2,101.376,50.688,101.376,50.688,0.0007125051892883938,0.8031154235986244,0.0,0.0
200,Device,Mul,SGD/gradients/mul_99,2,101.376,50.688,101.376,50.688,0.0007125051892883938,0.8038279287879129,0.0,0.0
201,Device,DepthwiseConv2dNative,efficientnetb0/block3b_dwconv/depthwise,2,101.376,50.688,101.376,50.688,0.0007125051892883938,0.8045404339772013,0.0,0.0
202,Device,Mul,SGD/gradients/mul_106,2,100.352,50.176,100.352,50.176,0.0007053081671743696,0.8052457421443757,0.0,0.0
203,Device,Mul,SGD/gradients/mul_107,2,100.352,50.176,100.352,50.176,0.0007053081671743696,0.8059510503115501,0.0,0.0
204,Device,Mul,SGD/gradients/mul_110,2,100.352,50.176,100.352,50.176,0.0007053081671743696,0.8066563584787245,0.0,0.0
205,Device,Mul,efficientnetb0/block3b_activation/mul,2,100.352,50.176,100.352,50.176,0.0007053081671743696,0.8073616666458989,0.0,0.0
206,Device,Mul,SGD/gradients/mul_101,2,99.328,49.664,99.328,49.664,0.0006981111450603454,0.8080597777909593,0.0,0.0
207,Device,Mul,efficientnetb0/block4a_expand_activation/mul,2,99.328,49.664,99.328,49.664,0.0006981111450603454,0.8087578889360196,0.0,0.0
208,Device,Mul,efficientnetb0/block3b_expand_activation/mul,2,98.304,49.152,98.304,49.152,0.0006909141229463212,0.8094488030589659,0.0,0.0
209,Device,DepthwiseConv2dNative,efficientnetb0/block5a_dwconv/depthwise,2,98.304,49.152,98.304,49.152,0.0006909141229463212,0.8101397171819122,0.0,0.0
210,Device,FusedBatchNormGradV3,gradient_tape/efficientnetb0/block2a_project_bn/FusedBatchNormGradV3,2,98.304,49.152,98.304,49.152,0.0006909141229463212,0.8108306313048586,0.0,0.0
211,Device,FusedBatchNormGradV3,gradient_tape/efficientnetb0/block2b_project_bn/FusedBatchNormGradV3,2,98.304,49.152,98.304,49.152,0.0006909141229463212,0.8115215454278049,0.0,0.0
212,Device,Mean,efficientnetb0/block2b_se_squeeze/Mean,2,96.257,48.1285,96.257,48.1285,0.000676527107060181,0.8121980725348651,0.0,0.0
213,Device,Pad,efficientnetb0/block4a_dwconv_pad/Pad,2,96.256,48.128,96.256,48.128,0.0006765200787182728,0.8128745926135834,0.0,0.0
214,Device,Conv2DBackpropInput,gradient_tape/efficientnetb0/block4b_expand_conv/Conv2D/Conv2DBackpropInput,4,96.256,24.064,96.256,24.064,0.0006765200787182728,0.8135511126923017,0.0,0.0
215,Device,Conv2DBackpropFilter,gradient_tape/efficientnetb0/block6b_expand_conv/Conv2D/Conv2DBackpropFilter,2,96.256,48.128,96.256,48.128,0.0006765200787182728,0.8142276327710201,0.0,0.0
216,Device,Conv2DBackpropFilter,gradient_tape/efficientnetb0/block6d_expand_conv/Conv2D/Conv2DBackpropFilter,2,96.256,48.128,96.256,48.128,0.0006765200787182728,0.8149041528497384,0.0,0.0
217,Device,Sum,gradient_tape/efficientnetb0/block2b_se_excite/mul/Sum_1,2,95.232,47.616,95.232,47.616,0.0006693230566042486,0.8155734759063427,0.0,0.0
218,Device,Conv2DBackpropInput,gradient_tape/efficientnetb0/block4c_expand_conv/Conv2D/Conv2DBackpropInput,4,95.232,23.808,95.232,23.808,0.0006693230566042486,0.8162427989629469,0.0,0.0
219,Device,Conv2DBackpropFilter,gradient_tape/efficientnetb0/block6c_expand_conv/Conv2D/Conv2DBackpropFilter,2,95.232,47.616,95.232,47.616,0.0006693230566042486,0.8169121220195512,0.0,0.0
220,Device,Conv2DBackpropFilter,gradient_tape/efficientnetb0/block7a_expand_conv/Conv2D/Conv2DBackpropFilter,2,95.232,47.616,95.232,47.616,0.0006693230566042486,0.8175814450761555,0.0,0.0
221,Device,Conv2DBackpropInput,gradient_tape/efficientnetb0/block5a_expand_conv/Conv2D/Conv2DBackpropInput,4,94.208,23.552,94.208,23.552,0.0006621260344902244,0.8182435711106457,0.0,0.0
222,Device,Conv2DBackpropFilter,gradient_tape/efficientnetb0/block6b_project_conv/Conv2D/Conv2DBackpropFilter,2,92.16,46.08,92.16,46.08,0.0006477319902621761,0.8188913031009079,0.0,0.0
223,Device,Conv2DBackpropFilter,gradient_tape/efficientnetb0/block6c_project_conv/Conv2D/Conv2DBackpropFilter,2,91.137,45.5685,91.137,45.5685,0.0006405419964900602,0.819531845097398,0.0,0.0
224,Device,Conv2DBackpropInput,gradient_tape/efficientnetb0/block5c_project_conv/Conv2D/Conv2DBackpropInput,2,91.136,45.568,91.136,45.568,0.0006405349681481519,0.8201723800655462,0.0,0.0
225,Device,Conv2DBackpropInput,gradient_tape/efficientnetb0/block5b_project_conv/Conv2D/Conv2DBackpropInput,2,90.112,45.056,90.112,45.056,0.0006333379460341278,0.8208057180115803,0.0,0.0
226,Device,Conv2DBackpropFilter,gradient_tape/efficientnetb0/block6d_project_conv/Conv2D/Conv2DBackpropFilter,2,90.112,45.056,90.112,45.056,0.0006333379460341278,0.8214390559576145,0.0,0.0
227,Device,Conv2D,efficientnetb0/block5c_expand_conv/Conv2D,2,88.065,44.0325,88.065,44.0325,0.0006189509301479877,0.8220580068877624,0.0,0.0
228,Device,Conv2DBackpropInput,gradient_tape/efficientnetb0/block6b_project_conv/Conv2D/Conv2DBackpropInput,2,88.065,44.0325,88.065,44.0325,0.0006189509301479877,0.8226769578179104,0.0,0.0
229,Device,Conv2D,efficientnetb0/block4b_project_conv/Conv2D,4,88.064,22.016,88.064,22.016,0.0006189439018060793,0.8232959017197164,0.0,0.0
230,Device,Conv2D,efficientnetb0/block4c_project_conv/Conv2D,4,87.04,21.76,87.04,21.76,0.0006117468796920552,0.8239076485994085,0.0,0.0
231,Device,Conv2D,efficientnetb0/block5b_expand_conv/Conv2D,2,87.04,43.52,87.04,43.52,0.0006117468796920552,0.8245193954791005,0.0,0.0
232,Device,Conv2D,efficientnetb0/block6a_project_conv/Conv2D,2,87.04,43.52,87.04,43.52,0.0006117468796920552,0.8251311423587925,0.0,0.0
233,Device,Conv2DBackpropInput,gradient_tape/efficientnetb0/block6c_project_conv/Conv2D/Conv2DBackpropInput,2,87.04,43.52,87.04,43.52,0.0006117468796920552,0.8257428892384845,0.0,0.0
234,Device,Conv2D,efficientnetb0/block2a_project_conv/Conv2D,2,86.016,43.008,86.016,43.008,0.0006045498575780311,0.8263474390960626,0.0,0.0
235,Device,Conv2D,efficientnetb0/block6a_expand_conv/Conv2D,2,86.016,43.008,86.016,43.008,0.0006045498575780311,0.8269519889536406,0.0,0.0
236,Device,FusedBatchNormGradV3,gradient_tape/efficientnetb0/block3a_bn/FusedBatchNormGradV3,2,86.016,43.008,86.016,43.008,0.0006045498575780311,0.8275565388112187,0.0,0.0
237,Device,Mean,efficientnetb0/block1a_se_squeeze/Mean,2,84.993,42.4965,84.993,42.4965,0.000597359863805915,0.8281538986750246,0.0,0.0
238,Device,Conv2DBackpropInput,gradient_tape/efficientnetb0/block3b_project_conv/Conv2D/Conv2DBackpropInput,2,84.992,42.496,84.992,42.496,0.0005973528354640069,0.8287512515104887,0.0,0.0
239,Device,Conv2DBackpropInput,gradient_tape/efficientnetb0/block6d_project_conv/Conv2D/Conv2DBackpropInput,2,84.992,42.496,84.992,42.496,0.0005973528354640069,0.8293486043459527,0.0,0.0
240,Device,Sum,gradient_tape/efficientnetb0/block1a_se_excite/mul/Sum_1,2,83.968,41.984,83.968,41.984,0.0005901558133499827,0.8299387601593027,0.0,0.0
241,Device,Slice,gradient_tape/efficientnetb0/block4a_dwconv_pad/Slice_1,2,83.968,41.984,83.968,41.984,0.0005901558133499827,0.8305289159726527,0.0,0.0
242,Device,Conv2D,efficientnetb0/block6b_expand_conv/Conv2D,2,80.896,40.448,80.896,40.448,0.0005685647470079102,0.8310974807196606,0.0,0.0
243,Device,Conv2DBackpropInput,gradient_tape/efficientnetb0/block4a_expand_conv/Conv2D/Conv2DBackpropInput,2,80.896,40.448,80.896,40.448,0.0005685647470079102,0.8316660454666686,0.0,0.0
244,Device,Slice,gradient_tape/efficientnetb0/block6a_dwconv_pad/Slice_1,2,80.896,40.448,80.896,40.448,0.0005685647470079102,0.8322346102136765,0.0,0.0
245,Device,Conv2D,efficientnetb0/block3b_project_conv/Conv2D,2,79.872,39.936,79.872,39.936,0.0005613677248938859,0.8327959779385704,0.0,0.0
246,Device,Conv2D,efficientnetb0/block5a_project_conv/Conv2D,2,79.872,39.936,79.872,39.936,0.0005613677248938859,0.8333573456634643,0.0,0.0
247,Device,Conv2DBackpropInput,gradient_tape/efficientnetb0/block3b_expand_conv/Conv2D/Conv2DBackpropInput,2,79.872,39.936,79.872,39.936,0.0005613677248938859,0.8339187133883582,0.0,0.0
248,Device,Conv2DBackpropInput,gradient_tape/efficientnetb0/block5c_se_expand/Conv2D/Conv2DBackpropInput,4,78.848,19.712,78.848,19.712,0.0005541707027798617,0.8344728840911381,0.0,0.0
249,Device,Conv2D,efficientnetb0/block7a_expand_conv/Conv2D,2,76.8,38.4,76.8,38.4,0.0005397766585518134,0.8350126607496898,0.0,0.0
250,Device,Conv2DBackpropInput,gradient_tape/efficientnetb0/block5b_se_expand/Conv2D/Conv2DBackpropInput,4,76.8,19.2,76.8,19.2,0.0005397766585518134,0.8355524374082416,0.0,0.0
251,Device,Conv2DBackpropInput,gradient_tape/efficientnetb0/block6a_se_expand/Conv2D/Conv2DBackpropInput,4,76.8,19.2,76.8,19.2,0.0005397766585518134,0.8360922140667933,0.0,0.0
252,Device,Transpose,gradient_tape/efficientnetb0/stem_conv/Conv2D/Conv2DBackpropFilter-0-TransposeNHWCToNCHW-LayoutOptimizer,2,76.8,38.4,76.8,38.4,0.0005397766585518134,0.8366319907253451,0.0,0.0
253,Device,Conv2D,efficientnetb0/block5b_se_reduce/Conv2D,4,75.776,18.944,75.776,18.944,0.0005325796364377892,0.8371645703617829,0.0,0.0
254,Device,BroadcastTo,gradient_tape/efficientnetb0/block2b_se_squeeze/BroadcastTo,2,75.776,37.888,75.776,37.888,0.0005325796364377892,0.8376971499982208,0.0,0.0
255,Device,FusedBatchNormGradV3,gradient_tape/efficientnetb0/block5b_bn/FusedBatchNormGradV3,2,75.776,37.888,75.776,37.888,0.0005325796364377892,0.8382297296346586,0.0,0.0
256,Device,FusedBatchNormGradV3,gradient_tape/efficientnetb0/block5b_expand_bn/FusedBatchNormGradV3,2,75.776,37.888,75.776,37.888,0.0005325796364377892,0.8387623092710964,0.0,0.0
257,Device,Conv2DBackpropFilter,gradient_tape/efficientnetb0/block6a_project_conv/Conv2D/Conv2DBackpropFilter,4,75.776,18.944,75.776,18.944,0.0005325796364377892,0.8392948889075342,0.0,0.0
258,Device,Conv2D,efficientnetb0/block4b_se_reduce/Conv2D,2,74.752,37.376,74.752,37.376,0.0005253826143237651,0.839820271521858,0.0,0.0
259,Device,Conv2D,efficientnetb0/block6d_expand_conv/Conv2D,2,74.752,37.376,74.752,37.376,0.0005253826143237651,0.8403456541361818,0.0,0.0
260,Device,FusedBatchNormGradV3,gradient_tape/efficientnetb0/block5c_bn/FusedBatchNormGradV3,2,74.752,37.376,74.752,37.376,0.0005253826143237651,0.8408710367505056,0.0,0.0
261,Device,FusedBatchNormGradV3,gradient_tape/efficientnetb0/block6a_expand_bn/FusedBatchNormGradV3,2,74.752,37.376,74.752,37.376,0.0005253826143237651,0.8413964193648293,0.0,0.0
262,Device,Conv2D,efficientnetb0/block5a_se_reduce/Conv2D,2,73.728,36.864,73.728,36.864,0.0005181855922097409,0.8419146049570391,0.0,0.0
263,Device,Conv2D,efficientnetb0/block5c_se_reduce/Conv2D,4,73.728,18.432,73.728,18.432,0.0005181855922097409,0.8424327905492488,0.0,0.0
264,Device,Conv2D,efficientnetb0/block6a_se_reduce/Conv2D,4,73.728,18.432,73.728,18.432,0.0005181855922097409,0.8429509761414585,0.0,0.0
265,Device,Conv2D,efficientnetb0/block6c_expand_conv/Conv2D,2,73.728,36.864,73.728,36.864,0.0005181855922097409,0.8434691617336683,0.0,0.0
266,Device,Mul,gradient_tape/efficientnetb0/block5b_se_excite/mul/Mul_1,2,73.728,36.864,73.728,36.864,0.0005181855922097409,0.843987347325878,0.0,0.0
267,Device,Mul,gradient_tape/efficientnetb0/block5c_se_excite/mul/Mul_1,2,73.728,36.864,73.728,36.864,0.0005181855922097409,0.8445055329180877,0.0,0.0
268,Device,Transpose,SGD/gradients/AddN_18-1-TransposeNHWCToNCHW-LayoutOptimizer,2,72.704,36.352,72.704,36.352,0.0005109885700957167,0.8450165214881834,0.0,0.0
269,Device,Mul,SGD/gradients/mul_56,2,72.704,36.352,72.704,36.352,0.0005109885700957167,0.8455275100582791,0.0,0.0
270,Device,Conv2D,efficientnetb0/block4c_se_reduce/Conv2D,2,72.704,36.352,72.704,36.352,0.0005109885700957167,0.8460384986283748,0.0,0.0
271,Device,FusedBatchNormGradV3,gradient_tape/efficientnetb0/block5c_expand_bn/FusedBatchNormGradV3,2,72.704,36.352,72.704,36.352,0.0005109885700957167,0.8465494871984705,0.0,0.0
272,Device,Conv2DBackpropInput,gradient_tape/efficientnetb0/block6a_project_conv/Conv2D/Conv2DBackpropInput,2,72.704,36.352,72.704,36.352,0.0005109885700957167,0.8470604757685661,0.0,0.0
273,Device,Conv2D,efficientnetb0/block4a_expand_conv/Conv2D,2,71.681,35.8405,71.681,35.8405,0.0005037985763236008,0.8475642743448898,0.0,0.0
274,Device,Sigmoid,SGD/gradients/Sigmoid_33,2,71.68,35.84,71.68,35.84,0.0005037915479816925,0.8480680658928715,0.0,0.0
275,Device,Sigmoid,SGD/gradients/Sigmoid_36,2,71.68,35.84,71.68,35.84,0.0005037915479816925,0.8485718574408533,0.0,0.0
276,Device,Mul,SGD/gradients/mul_53,2,71.68,35.84,71.68,35.84,0.0005037915479816925,0.849075648988835,0.0,0.0
277,Device,Mul,SGD/gradients/mul_62,2,71.68,35.84,71.68,35.84,0.0005037915479816925,0.8495794405368168,0.0,0.0
278,Device,Mul,SGD/gradients/mul_63,2,71.68,35.84,71.68,35.84,0.0005037915479816925,0.8500832320847985,0.0,0.0
279,Device,Conv2D,efficientnetb0/block3b_expand_conv/Conv2D,2,71.68,35.84,71.68,35.84,0.0005037915479816925,0.8505870236327803,0.0,0.0
280,Device,Sigmoid,SGD/gradients/Sigmoid_35,2,70.656,35.328,70.656,35.328,0.0004965945258676684,0.851083618158648,0.0,0.0
281,Device,Mul,SGD/gradients/mul_45,2,70.656,35.328,70.656,35.328,0.0004965945258676684,0.8515802126845157,0.0,0.0
282,Device,Mul,SGD/gradients/mul_47,2,70.656,35.328,70.656,35.328,0.0004965945258676684,0.8520768072103834,0.0,0.0
283,Device,Mul,SGD/gradients/mul_54,2,70.656,35.328,70.656,35.328,0.0004965945258676684,0.8525734017362511,0.0,0.0
284,Device,Mul,SGD/gradients/mul_55,2,70.656,35.328,70.656,35.328,0.0004965945258676684,0.8530699962621188,0.0,0.0
285,Device,Mul,SGD/gradients/mul_65,2,70.656,35.328,70.656,35.328,0.0004965945258676684,0.8535665907879865,0.0,0.0
286,Device,Transpose,efficientnetb0/block3b_activation/mul-0-3-TransposeNCHWToNHWC-LayoutOptimizer,2,70.656,35.328,70.656,35.328,0.0004965945258676684,0.8540631853138542,0.0,0.0
287,Device,DepthwiseConv2dNativeBackpropInput,gradient_tape/efficientnetb0/block4c_dwconv/depthwise/DepthwiseConv2dNativeBackpropInput,2,70.656,35.328,70.656,35.328,0.0004965945258676684,0.8545597798397219,0.0,0.0
288,Device,Mul,SGD/gradients/mul_46,2,69.632,34.816,69.632,34.816,0.0004893975037536442,0.8550491773434755,0.0,0.0
289,Device,Mul,SGD/gradients/mul_51,2,69.632,34.816,69.632,34.816,0.0004893975037536442,0.8555385748472292,0.0,0.0
290,Device,Mul,SGD/gradients/mul_52,2,69.632,34.816,69.632,34.816,0.0004893975037536442,0.8560279723509828,0.0,0.0
291,Device,Mul,SGD/gradients/mul_60,2,69.632,34.816,69.632,34.816,0.0004893975037536442,0.8565173698547365,0.0,0.0
292,Device,Mul,SGD/gradients/mul_64,2,69.632,34.816,69.632,34.816,0.0004893975037536442,0.8570067673584901,0.0,0.0
293,Device,Mean,efficientnetb0/block2a_se_squeeze/Mean,2,69.632,34.816,69.632,34.816,0.0004893975037536442,0.8574961648622438,0.0,0.0
294,Device,Mul,gradient_tape/efficientnetb0/block3b_se_excite/mul/Mul,2,69.632,34.816,69.632,34.816,0.0004893975037536442,0.8579855623659974,0.0,0.0
295,Device,DepthwiseConv2dNativeBackpropInput,gradient_tape/efficientnetb0/block4b_dwconv/depthwise/DepthwiseConv2dNativeBackpropInput,2,69.632,34.816,69.632,34.816,0.0004893975037536442,0.8584749598697511,0.0,0.0
296,Device,AddV2,SGD/gradients/add_33,2,67.584,33.792,67.584,33.792,0.00047500345952559584,0.8589499633292766,0.0,0.0
297,Device,AddV2,SGD/gradients/add_35,2,67.584,33.792,67.584,33.792,0.00047500345952559584,0.8594249667888022,0.0,0.0
298,Device,AddV2,SGD/gradients/add_36,2,67.584,33.792,67.584,33.792,0.00047500345952559584,0.8598999702483278,0.0,0.0
299,Device,Mul,SGD/gradients/mul_61,2,67.584,33.792,67.584,33.792,0.00047500345952559584,0.8603749737078533,0.0,0.0
300,Device,Sub,SGD/gradients/sub_33,2,67.584,33.792,67.584,33.792,0.00047500345952559584,0.8608499771673789,0.0,0.0
301,Device,Sub,SGD/gradients/sub_35,2,67.584,33.792,67.584,33.792,0.00047500345952559584,0.8613249806269044,0.0,0.0
302,Device,Sub,SGD/gradients/sub_36,2,67.584,33.792,67.584,33.792,0.00047500345952559584,0.86179998408643,0.0,0.0
303,Device,FusedBatchNormV3,efficientnetb0/block3b_bn/FusedBatchNormV3,4,67.584,16.896,67.584,16.896,0.00047500345952559584,0.8622749875459556,0.0,0.0
304,Device,Mul,efficientnetb0/block3b_se_excite/mul,2,67.584,33.792,67.584,33.792,0.00047500345952559584,0.8627499910054811,0.0,0.0
305,Device,Sum,gradient_tape/efficientnetb0/block2a_se_excite/mul/Sum_1,2,67.584,33.792,67.584,33.792,0.00047500345952559584,0.8632249944650067,0.0,0.0
306,Device,Conv2DBackpropFilter,gradient_tape/efficientnetb0/block4a_project_conv/Conv2D/Conv2DBackpropFilter,4,67.584,16.896,67.584,16.896,0.00047500345952559584,0.8636999979245322,0.0,0.0
307,Device,BroadcastTo,gradient_tape/efficientnetb0/block1a_se_squeeze/BroadcastTo,2,66.56,33.28,66.56,33.28,0.00046780643741157167,0.8641678043619438,0.0,0.0
308,Device,AddN,SGD/gradients/AddN_10,2,65.536,32.768,65.536,32.768,0.00046060941529754744,0.8646284137772414,0.0,0.0
309,Device,Sigmoid,efficientnetb0/block3b_activation/Sigmoid,2,65.536,32.768,65.536,32.768,0.00046060941529754744,0.865089023192539,0.0,0.0
310,Device,DepthwiseConv2dNative,efficientnetb0/block4a_dwconv/depthwise,2,65.536,32.768,65.536,32.768,0.00046060941529754744,0.8655496326078366,0.0,0.0
311,Device,Pad,efficientnetb0/stem_conv_pad/Pad,2,65.536,32.768,65.536,32.768,0.00046060941529754744,0.8660102420231341,0.0,0.0
312,Device,Conv2DBackpropInput,gradient_tape/efficientnetb0/block5a_project_conv/Conv2D/Conv2DBackpropInput,2,65.536,32.768,65.536,32.768,0.00046060941529754744,0.8664708514384317,0.0,0.0
313,Device,DepthwiseConv2dNativeBackpropFilter,gradient_tape/efficientnetb0/block6b_dwconv/depthwise/DepthwiseConv2dNativeBackpropFilter,2,65.536,32.768,65.536,32.768,0.00046060941529754744,0.8669314608537293,0.0,0.0
314,Device,AddN,SGD/gradients/AddN_8,2,64.512,32.256,64.512,32.256,0.00045341239318352327,0.8673848732469128,0.0,0.0
315,Device,Mean,efficientnetb0/avg_pool/Mean,2,64.512,32.256,64.512,32.256,0.00045341239318352327,0.8678382856400964,0.0,0.0
316,Device,Sigmoid,efficientnetb0/block3b_expand_activation/Sigmoid,2,64.512,32.256,64.512,32.256,0.00045341239318352327,0.8682916980332799,0.0,0.0
317,Device,Sigmoid,efficientnetb0/block4a_expand_activation/Sigmoid,2,64.512,32.256,64.512,32.256,0.00045341239318352327,0.8687451104264634,0.0,0.0
318,Device,Conv2DBackpropInput,gradient_tape/efficientnetb0/block4c_se_expand/Conv2D/Conv2DBackpropInput,4,64.512,16.128,64.512,16.128,0.00045341239318352327,0.8691985228196469,0.0,0.0
319,Device,DepthwiseConv2dNativeBackpropFilter,gradient_tape/efficientnetb0/block6c_dwconv/depthwise/DepthwiseConv2dNativeBackpropFilter,2,64.512,32.256,64.512,32.256,0.00045341239318352327,0.8696519352128305,0.0,0.0
320,Device,DepthwiseConv2dNativeBackpropFilter,gradient_tape/efficientnetb0/block6d_dwconv/depthwise/DepthwiseConv2dNativeBackpropFilter,2,64.512,32.256,64.512,32.256,0.00045341239318352327,0.870105347606014,0.0,0.0
321,Device,Mul,efficientnetb0/block5b_activation/mul,2,63.488,31.744,63.488,31.744,0.0004462153710694991,0.8705515629770835,0.0,0.0
322,Device,Mul,efficientnetb0/block5b_expand_activation/mul,2,63.488,31.744,63.488,31.744,0.0004462153710694991,0.870997778348153,0.0,0.0
323,Device,Mul,efficientnetb0/block5c_activation/mul,2,63.488,31.744,63.488,31.744,0.0004462153710694991,0.8714439937192224,0.0,0.0
324,Device,Mul,efficientnetb0/block5c_expand_activation/mul,2,63.488,31.744,63.488,31.744,0.0004462153710694991,0.8718902090902919,0.0,0.0
325,Device,Mul,efficientnetb0/block6a_expand_activation/mul,2,63.488,31.744,63.488,31.744,0.0004462153710694991,0.8723364244613614,0.0,0.0
326,Device,Mul,gradient_tape/efficientnetb0/block3a_se_excite/mul/Mul_1,2,63.488,31.744,63.488,31.744,0.0004462153710694991,0.8727826398324309,0.0,0.0
327,Device,RealDiv,gradient_tape/efficientnetb0/block3b_se_squeeze/truediv,2,63.488,31.744,63.488,31.744,0.0004462153710694991,0.8732288552035004,0.0,0.0
328,Device,Conv2DBackpropInput,gradient_tape/efficientnetb0/block4b_se_expand/Conv2D/Conv2DBackpropInput,4,63.488,15.872,63.488,15.872,0.0004462153710694991,0.8736750705745698,0.0,0.0
329,Device,Conv2DBackpropInput,gradient_tape/efficientnetb0/block5a_se_expand/Conv2D/Conv2DBackpropInput,4,63.488,15.872,63.488,15.872,0.0004462153710694991,0.8741212859456393,0.0,0.0
330,Device,Conv2DBackpropInput,gradient_tape/efficientnetb0/block4c_project_conv/Conv2D/Conv2DBackpropInput,2,61.44,30.72,61.44,30.72,0.0004318213268414507,0.8745531072724808,0.0,0.0
331,Device,Mean,efficientnetb0/block6b_se_squeeze/Mean,2,59.392,29.696,59.392,29.696,0.0004174272826134024,0.8749705345550942,0.0,0.0
332,Device,Mean,efficientnetb0/block6c_se_squeeze/Mean,2,59.392,29.696,59.392,29.696,0.0004174272826134024,0.8753879618377076,0.0,0.0
333,Device,Mean,efficientnetb0/block6d_se_squeeze/Mean,2,59.392,29.696,59.392,29.696,0.0004174272826134024,0.875805389120321,0.0,0.0
334,Device,Mean,efficientnetb0/block7a_se_squeeze/Mean,2,59.392,29.696,59.392,29.696,0.0004174272826134024,0.8762228164029344,0.0,0.0
335,Device,Mul,SGD/gradients/mul_116,2,58.368,29.184,58.368,29.184,0.00041023026049937823,0.8766330466634338,0.0,0.0
336,Device,Conv2DBackpropInput,gradient_tape/efficientnetb0/block4b_project_conv/Conv2D/Conv2DBackpropInput,2,58.368,29.184,58.368,29.184,0.00041023026049937823,0.8770432769239331,0.0,0.0
337,Device,Conv2D,efficientnetb0/block3a_project_conv/Conv2D,2,57.344,28.672,57.344,28.672,0.000403033238385354,0.8774463101623184,0.0,0.0
338,Device,Sum,gradient_tape/efficientnetb0/block6b_se_excite/mul/Sum_1,2,57.344,28.672,57.344,28.672,0.000403033238385354,0.8778493434007038,0.0,0.0
339,Device,Sum,gradient_tape/efficientnetb0/block6d_se_excite/mul/Sum_1,2,57.344,28.672,57.344,28.672,0.000403033238385354,0.8782523766390891,0.0,0.0
340,Device,Sum,gradient_tape/efficientnetb0/block7a_se_excite/mul/Sum_1,2,57.344,28.672,57.344,28.672,0.000403033238385354,0.8786554098774744,0.0,0.0
341,Device,DepthwiseConv2dNative,efficientnetb0/block4c_dwconv/depthwise,2,56.32,28.16,56.32,28.16,0.00039583621627132983,0.8790512460937457,0.0,0.0
342,Device,DepthwiseConv2dNative,efficientnetb0/block6c_dwconv/depthwise,2,56.32,28.16,56.32,28.16,0.00039583621627132983,0.8794470823100171,0.0,0.0
343,Device,DepthwiseConv2dNative,efficientnetb0/block6d_dwconv/depthwise,2,56.32,28.16,56.32,28.16,0.00039583621627132983,0.8798429185262885,0.0,0.0
344,Device,Sum,gradient_tape/efficientnetb0/block6c_se_excite/mul/Sum_1,2,56.32,28.16,56.32,28.16,0.00039583621627132983,0.8802387547425599,0.0,0.0
345,Device,FusedBatchNormV3,efficientnetb0/block4a_expand_bn/FusedBatchNormV3,4,55.296,13.824,55.296,13.824,0.00038863919415730566,0.8806273939367172,0.0,0.0
346,Device,DepthwiseConv2dNative,efficientnetb0/block4b_dwconv/depthwise,2,55.296,27.648,55.296,27.648,0.00038863919415730566,0.8810160331308745,0.0,0.0
347,Device,Conv2D,efficientnetb0/block4c_expand_conv/Conv2D,2,55.296,27.648,55.296,27.648,0.00038863919415730566,0.8814046723250318,0.0,0.0
348,Device,FusedBatchNormV3,efficientnetb0/block5c_bn/FusedBatchNormV3,4,55.296,13.824,55.296,13.824,0.00038863919415730566,0.8817933115191892,0.0,0.0
349,Device,DepthwiseConv2dNative,efficientnetb0/block6b_dwconv/depthwise,2,55.296,27.648,55.296,27.648,0.00038863919415730566,0.8821819507133465,0.0,0.0
350,Device,Mul,SGD/gradients/mul_114,2,54.272,27.136,54.272,27.136,0.0003814421720432815,0.8825633928853898,0.0,0.0
351,Device,FusedBatchNormGradV3,gradient_tape/efficientnetb0/block5a_bn/FusedBatchNormGradV3,2,54.272,27.136,54.272,27.136,0.0003814421720432815,0.882944835057433,0.0,0.0
352,Device,FusedBatchNormV3,efficientnetb0/block3b_expand_bn/FusedBatchNormV3,4,53.248,13.312,53.248,13.312,0.0003742451499292573,0.8833190802073623,0.0,0.0
353,Device,FusedBatchNormV3,efficientnetb0/block5b_bn/FusedBatchNormV3,4,53.248,13.312,53.248,13.312,0.0003742451499292573,0.8836933253572915,0.0,0.0
354,Device,Conv2DBackpropInput,gradient_tape/efficientnetb0/block4a_se_expand/Conv2D/Conv2DBackpropInput,4,53.248,13.312,53.248,13.312,0.0003742451499292573,0.8840675705072207,0.0,0.0
355,Device,FusedBatchNormGradV3,gradient_tape/efficientnetb0/block4b_bn/FusedBatchNormGradV3,2,53.248,26.624,53.248,26.624,0.0003742451499292573,0.88444181565715,0.0,0.0
356,Device,Mul,gradient_tape/efficientnetb0/block4c_se_excite/mul/Mul_1,2,53.248,26.624,53.248,26.624,0.0003742451499292573,0.8848160608070792,0.0,0.0
357,Device,Mul,gradient_tape/efficientnetb0/block5a_se_excite/mul/Mul_1,2,53.248,26.624,53.248,26.624,0.0003742451499292573,0.8851903059570084,0.0,0.0
358,Device,Mul,SGD/gradients/mul_115,2,52.224,26.112,52.224,26.112,0.0003670481278152331,0.8855573540848236,0.0,0.0
359,Device,Conv2D,efficientnetb0/block5a_expand_conv/Conv2D,2,52.224,26.112,52.224,26.112,0.0003670481278152331,0.8859244022126388,0.0,0.0
360,Device,FusedBatchNormV3,efficientnetb0/block5b_expand_bn/FusedBatchNormV3,4,52.224,13.056,52.224,13.056,0.0003670481278152331,0.886291450340454,0.0,0.0
361,Device,FusedBatchNormV3,efficientnetb0/block6a_expand_bn/FusedBatchNormV3,4,52.224,13.056,52.224,13.056,0.0003670481278152331,0.8866584984682692,0.0,0.0
362,Device,BroadcastTo,gradient_tape/efficientnetb0/block2a_se_squeeze/BroadcastTo,2,52.224,26.112,52.224,26.112,0.0003670481278152331,0.8870255465960843,0.0,0.0
363,Device,Conv2DBackpropInput,gradient_tape/efficientnetb0/block3a_project_conv/Conv2D/Conv2DBackpropInput,2,52.224,26.112,52.224,26.112,0.0003670481278152331,0.8873925947238995,0.0,0.0
364,Device,Conv2DBackpropInput,gradient_tape/efficientnetb0/block3b_se_expand/Conv2D/Conv2DBackpropInput,4,52.224,13.056,52.224,13.056,0.0003670481278152331,0.8877596428517147,0.0,0.0
365,Device,Mul,gradient_tape/efficientnetb0/block4b_se_excite/mul/Mul_1,2,52.224,26.112,52.224,26.112,0.0003670481278152331,0.8881266909795299,0.0,0.0
366,Device,FusedBatchNormGradV3,gradient_tape/efficientnetb0/block4c_bn/FusedBatchNormGradV3,2,52.224,26.112,52.224,26.112,0.0003670481278152331,0.8884937391073451,0.0,0.0
367,Device,Sigmoid,SGD/gradients/Sigmoid_17,2,51.2,25.6,51.2,25.6,0.00035985110570120897,0.8888535902130463,0.0,0.0
368,Device,Sigmoid,SGD/gradients/Sigmoid_18,2,51.2,25.6,51.2,25.6,0.00035985110570120897,0.8892134413187476,0.0,0.0
369,Device,Sigmoid,SGD/gradients/Sigmoid_20,2,51.2,25.6,51.2,25.6,0.00035985110570120897,0.8895732924244488,0.0,0.0
370,Device,Sigmoid,SGD/gradients/Sigmoid_21,2,51.2,25.6,51.2,25.6,0.00035985110570120897,0.8899331435301501,0.0,0.0
371,Device,Conv2D,efficientnetb0/block4b_expand_conv/Conv2D,2,51.2,25.6,51.2,25.6,0.00035985110570120897,0.8902929946358513,0.0,0.0
372,Device,FusedBatchNormV3,efficientnetb0/block5c_expand_bn/FusedBatchNormV3,4,51.2,12.8,51.2,12.8,0.00035985110570120897,0.8906528457415526,0.0,0.0
373,Device,FusedBatchNormGradV3,gradient_tape/efficientnetb0/block5a_expand_bn/FusedBatchNormGradV3,2,51.2,25.6,51.2,25.6,0.00035985110570120897,0.8910126968472538,0.0,0.0
374,Device,Mul,gradient_tape/efficientnetb0/block5c_se_excite/mul/Mul,2,51.2,25.6,51.2,25.6,0.00035985110570120897,0.8913725479529551,0.0,0.0
375,Device,FusedBatchNormGradV3,gradient_tape/efficientnetb0/block4c_expand_bn/FusedBatchNormGradV3,2,50.177,25.0885,50.177,25.0885,0.000352661111929093,0.8917252090648842,0.0,0.0
376,Device,Mul,efficientnetb0/block3a_activation/mul,2,50.176,25.088,50.176,25.088,0.0003526540835871848,0.8920778631484714,0.0,0.0
377,Device,Mul,gradient_tape/efficientnetb0/block5b_se_excite/mul/Mul,2,50.176,25.088,50.176,25.088,0.0003526540835871848,0.8924305172320586,0.0,0.0
378,Device,AddN,SGD/gradients/AddN_20,2,49.152,24.576,49.152,24.576,0.0003454570614731606,0.8927759742935317,0.0,0.0
379,Device,Sigmoid,SGD/gradients/Sigmoid_15,2,49.152,24.576,49.152,24.576,0.0003454570614731606,0.8931214313550049,0.0,0.0
380,Device,Mean,efficientnetb0/block5b_se_squeeze/Mean,2,49.152,24.576,49.152,24.576,0.0003454570614731606,0.893466888416478,0.0,0.0
381,Device,FusedBatchNormGradV3,gradient_tape/efficientnetb0/block4b_expand_bn/FusedBatchNormGradV3,2,49.152,24.576,49.152,24.576,0.0003454570614731606,0.8938123454779512,0.0,0.0
382,Device,FusedBatchNormGradV3,gradient_tape/efficientnetb0/top_bn/FusedBatchNormGradV3,2,49.152,24.576,49.152,24.576,0.0003454570614731606,0.8941578025394243,0.0,0.0
383,Device,Transpose,efficientnetb0/block5c_activation/mul-0-3-TransposeNCHWToNHWC-LayoutOptimizer,2,48.128,24.064,48.128,24.064,0.0003382600393591364,0.8944960625787834,0.0,0.0
384,Device,Mul,efficientnetb0/block5c_se_excite/mul,2,48.128,24.064,48.128,24.064,0.0003382600393591364,0.8948343226181426,0.0,0.0
385,Device,Mean,efficientnetb0/block5c_se_squeeze/Mean,2,48.128,24.064,48.128,24.064,0.0003382600393591364,0.8951725826575017,0.0,0.0
386,Device,Conv2DBackpropInput,gradient_tape/efficientnetb0/block4a_project_conv/Conv2D/Conv2DBackpropInput,2,48.128,24.064,48.128,24.064,0.0003382600393591364,0.8955108426968608,0.0,0.0
387,Device,Sub,SGD/gradients/sub_18,2,47.104,23.552,47.104,23.552,0.0003310630172451122,0.8958419057141058,0.0,0.0
388,Device,Sub,SGD/gradients/sub_20,2,47.104,23.552,47.104,23.552,0.0003310630172451122,0.8961729687313509,0.0,0.0
389,Device,Conv2D,efficientnetb0/block4a_project_conv/Conv2D,2,47.104,23.552,47.104,23.552,0.0003310630172451122,0.8965040317485959,0.0,0.0
390,Device,Transpose,efficientnetb0/block5b_activation/mul-0-3-TransposeNCHWToNHWC-LayoutOptimizer,2,47.104,23.552,47.104,23.552,0.0003310630172451122,0.896835094765841,0.0,0.0
391,Device,Mul,efficientnetb0/block5b_se_excite/mul,2,47.104,23.552,47.104,23.552,0.0003310630172451122,0.8971661577830861,0.0,0.0
392,Device,Transpose,SGD/gradients/AddN_10-1-TransposeNHWCToNCHW-LayoutOptimizer,2,46.08,23.04,46.08,23.04,0.00032386599513108805,0.8974900237782172,0.0,0.0
393,Device,Transpose,SGD/gradients/AddN_8-1-TransposeNHWCToNCHW-LayoutOptimizer,2,46.08,23.04,46.08,23.04,0.00032386599513108805,0.8978138897733483,0.0,0.0
394,Device,Sub,SGD/gradients/sub_15,2,46.08,23.04,46.08,23.04,0.00032386599513108805,0.8981377557684794,0.0,0.0
395,Device,Sub,SGD/gradients/sub_21,2,45.057,22.5285,45.057,22.5285,0.00031667600135897213,0.8984544317698384,0.0,0.0
396,Device,FusedBatchNormGradV3,gradient_tape/efficientnetb0/block6b_bn/FusedBatchNormGradV3,2,45.057,22.5285,45.057,22.5285,0.00031667600135897213,0.8987711077711974,0.0,0.0
397,Device,Mul,efficientnetb0/rescaling/mul,2,45.056,22.528,45.056,22.528,0.0003166689730170639,0.8990877767442145,0.0,0.0
398,Device,FusedBatchNormGradV3,gradient_tape/efficientnetb0/block6c_bn/FusedBatchNormGradV3,2,45.056,22.528,45.056,22.528,0.0003166689730170639,0.8994044457172315,0.0,0.0
399,Device,Conv2DBackpropInput,gradient_tape/efficientnetb0/block6c_se_reduce/Conv2D/Conv2DBackpropInput,4,45.056,11.264,45.056,11.264,0.0003166689730170639,0.8997211146902486,0.0,0.0
400,Device,FusedBatchNormGradV3,gradient_tape/efficientnetb0/block6d_bn/FusedBatchNormGradV3,2,45.056,22.528,45.056,22.528,0.0003166689730170639,0.9000377836632657,0.0,0.0
401,Device,FusedBatchNormGradV3,gradient_tape/efficientnetb0/block7a_bn/FusedBatchNormGradV3,2,45.056,22.528,45.056,22.528,0.0003166689730170639,0.9003544526362828,0.0,0.0
402,Device,Sigmoid,SGD/gradients/Sigmoid_38,2,44.032,22.016,44.032,22.016,0.00030947195090303965,0.9006639245871858,0.0,0.0
403,Device,Sub,SGD/gradients/sub_17,2,44.032,22.016,44.032,22.016,0.00030947195090303965,0.9009733965380888,0.0,0.0
404,Device,Sigmoid,efficientnetb0/block5b_activation/Sigmoid,2,44.032,22.016,44.032,22.016,0.00030947195090303965,0.9012828684889919,0.0,0.0
405,Device,Sigmoid,efficientnetb0/block5c_activation/Sigmoid,2,44.032,22.016,44.032,22.016,0.00030947195090303965,0.9015923404398949,0.0,0.0
406,Device,DepthwiseConv2dNativeBackpropFilter,gradient_tape/efficientnetb0/block7a_dwconv/depthwise/DepthwiseConv2dNativeBackpropFilter,2,44.032,22.016,44.032,22.016,0.00030947195090303965,0.9019018123907979,0.0,0.0
407,Device,Mul,SGD/gradients/mul_71,2,43.008,21.504,43.008,21.504,0.00030227492878901553,0.9022040873195869,0.0,0.0
408,Device,Mul,SGD/gradients/mul_89,2,43.008,21.504,43.008,21.504,0.00030227492878901553,0.9025063622483759,0.0,0.0
409,Device,Mul,efficientnetb0/block3a_se_excite/mul,2,43.008,21.504,43.008,21.504,0.00030227492878901553,0.9028086371771649,0.0,0.0
410,Device,Sigmoid,efficientnetb0/block5b_expand_activation/Sigmoid,2,43.008,21.504,43.008,21.504,0.00030227492878901553,0.9031109121059538,0.0,0.0
411,Device,Sigmoid,efficientnetb0/block5c_expand_activation/Sigmoid,2,43.008,21.504,43.008,21.504,0.00030227492878901553,0.9034131870347428,0.0,0.0
412,Device,Sigmoid,efficientnetb0/block6a_expand_activation/Sigmoid,2,43.008,21.504,43.008,21.504,0.00030227492878901553,0.9037154619635318,0.0,0.0
413,Device,FusedBatchNormV3,efficientnetb0/block6b_bn/FusedBatchNormV3,4,43.008,10.752,43.008,10.752,0.00030227492878901553,0.9040177368923208,0.0,0.0
414,Device,FusedBatchNormV3,efficientnetb0/block6c_bn/FusedBatchNormV3,4,43.008,10.752,43.008,10.752,0.00030227492878901553,0.9043200118211098,0.0,0.0
415,Device,FusedBatchNormV3,efficientnetb0/top_bn/FusedBatchNormV3,4,43.008,10.752,43.008,10.752,0.00030227492878901553,0.9046222867498988,0.0,0.0
416,Device,FusedBatchNormGradV3,gradient_tape/efficientnetb0/block6b_expand_bn/FusedBatchNormGradV3,2,43.008,21.504,43.008,21.504,0.00030227492878901553,0.9049245616786877,0.0,0.0
417,Device,FusedBatchNormGradV3,gradient_tape/efficientnetb0/block7a_expand_bn/FusedBatchNormGradV3,2,43.008,21.504,43.008,21.504,0.00030227492878901553,0.9052268366074767,0.0,0.0
418,Device,Mul,SGD/gradients/mul_80,2,41.984,20.992,41.984,20.992,0.00029507790667499136,0.9055219145141518,0.0,0.0
419,Device,FusedBatchNormV3,efficientnetb0/block3a_bn/FusedBatchNormV3,4,41.984,10.496,41.984,10.496,0.00029507790667499136,0.9058169924208268,0.0,0.0
420,Device,Mean,efficientnetb0/block3b_se_squeeze/Mean,2,41.984,20.992,41.984,20.992,0.00029507790667499136,0.9061120703275019,0.0,0.0
421,Device,FusedBatchNormV3,efficientnetb0/block6b_expand_bn/FusedBatchNormV3,4,41.984,10.496,41.984,10.496,0.00029507790667499136,0.9064071482341769,0.0,0.0
422,Device,FusedBatchNormV3,efficientnetb0/block6d_bn/FusedBatchNormV3,4,41.984,10.496,41.984,10.496,0.00029507790667499136,0.9067022261408519,0.0,0.0
423,Device,FusedBatchNormV3,efficientnetb0/block7a_bn/FusedBatchNormV3,4,41.984,10.496,41.984,10.496,0.00029507790667499136,0.906997304047527,0.0,0.0
424,Device,Conv2DBackpropInput,gradient_tape/efficientnetb0/block6b_se_reduce/Conv2D/Conv2DBackpropInput,4,41.984,10.496,41.984,10.496,0.00029507790667499136,0.907292381954202,0.0,0.0
425,Device,FusedBatchNormGradV3,gradient_tape/efficientnetb0/block6c_expand_bn/FusedBatchNormGradV3,2,41.984,20.992,41.984,20.992,0.00029507790667499136,0.9075874598608771,0.0,0.0
426,Device,FusedBatchNormGradV3,gradient_tape/efficientnetb0/block6d_expand_bn/FusedBatchNormGradV3,2,41.984,20.992,41.984,20.992,0.00029507790667499136,0.9078825377675521,0.0,0.0
427,Device,Conv2D,efficientnetb0/block3b_se_reduce/Conv2D,2,40.96,20.48,40.96,20.48,0.0002878808845609672,0.9081704186521131,0.0,0.0
428,Device,FusedBatchNormV3,efficientnetb0/block6c_expand_bn/FusedBatchNormV3,4,40.96,10.24,40.96,10.24,0.0002878808845609672,0.9084582995366741,0.0,0.0
429,Device,FusedBatchNormV3,efficientnetb0/block6d_expand_bn/FusedBatchNormV3,4,40.96,10.24,40.96,10.24,0.0002878808845609672,0.9087461804212351,0.0,0.0
430,Device,FusedBatchNormV3,efficientnetb0/block7a_expand_bn/FusedBatchNormV3,4,40.96,10.24,40.96,10.24,0.0002878808845609672,0.9090340613057961,0.0,0.0
431,Device,RealDiv,efficientnetb0/normalization/truediv,2,40.96,20.48,40.96,20.48,0.0002878808845609672,0.9093219421903571,0.0,0.0
432,Device,Conv2DBackpropFilter,gradient_tape/efficientnetb0/block5a_se_reduce/Conv2D/Conv2DBackpropFilter,2,40.96,20.48,40.96,20.48,0.0002878808845609672,0.9096098230749181,0.0,0.0
433,Device,Sum,gradient_tape/efficientnetb0/block5b_se_excite/mul/Sum_1,2,40.96,20.48,40.96,20.48,0.0002878808845609672,0.9098977039594791,0.0,0.0
434,Device,Sum,gradient_tape/efficientnetb0/block5c_se_excite/mul/Sum_1,2,40.96,20.48,40.96,20.48,0.0002878808845609672,0.9101855848440401,0.0,0.0
435,Device,Conv2DBackpropInput,gradient_tape/efficientnetb0/block6d_se_reduce/Conv2D/Conv2DBackpropInput,4,40.96,10.24,40.96,10.24,0.0002878808845609672,0.9104734657286011,0.0,0.0
436,Device,Conv2DBackpropInput,gradient_tape/efficientnetb0/block7a_se_reduce/Conv2D/Conv2DBackpropInput,4,40.96,10.24,40.96,10.24,0.0002878808845609672,0.9107613466131621,0.0,0.0
437,Device,AddN,SGD/gradients/AddN_15,2,39.936,19.968,39.936,19.968,0.00028068386244694296,0.911042030475609,0.0,0.0
438,Device,Sigmoid,SGD/gradients/Sigmoid_24,2,39.936,19.968,39.936,19.968,0.00028068386244694296,0.911322714338056,0.0,0.0
439,Device,Sigmoid,SGD/gradients/Sigmoid_26,2,39.936,19.968,39.936,19.968,0.00028068386244694296,0.911603398200503,0.0,0.0
440,Device,FusedBatchNormV3,efficientnetb0/block2b_project_bn/FusedBatchNormV3,4,39.936,9.984,39.936,9.984,0.00028068386244694296,0.9118840820629499,0.0,0.0
441,Device,Mul,gradient_tape/efficientnetb0/block3a_se_excite/mul/Mul,2,39.936,19.968,39.936,19.968,0.00028068386244694296,0.9121647659253969,0.0,0.0
442,Device,Sum,gradient_tape/efficientnetb0/block3b_se_excite/mul/Sum_1,2,39.936,19.968,39.936,19.968,0.00028068386244694296,0.9124454497878438,0.0,0.0
443,Device,Conv2DBackpropFilter,gradient_tape/efficientnetb0/block4c_se_reduce/Conv2D/Conv2DBackpropFilter,2,39.936,19.968,39.936,19.968,0.00028068386244694296,0.9127261336502908,0.0,0.0
444,Device,AddN,SGD/gradients/AddN_12,2,38.912,19.456,38.912,19.456,0.0002734868403329188,0.9129996204906237,0.0,0.0
445,Device,AddN,SGD/gradients/AddN_13,2,38.912,19.456,38.912,19.456,0.0002734868403329188,0.9132731073309566,0.0,0.0
446,Device,Sigmoid,SGD/gradients/Sigmoid_23,2,38.912,19.456,38.912,19.456,0.0002734868403329188,0.9135465941712895,0.0,0.0
447,Device,Sigmoid,SGD/gradients/Sigmoid_29,2,38.912,19.456,38.912,19.456,0.0002734868403329188,0.9138200810116224,0.0,0.0
448,Device,Sigmoid,SGD/gradients/Sigmoid_30,2,38.912,19.456,38.912,19.456,0.0002734868403329188,0.9140935678519553,0.0,0.0
449,Device,Mul,SGD/gradients/mul_92,2,38.912,19.456,38.912,19.456,0.0002734868403329188,0.9143670546922882,0.0,0.0
450,Device,FusedBatchNormV3,efficientnetb0/block2a_project_bn/FusedBatchNormV3,4,38.912,9.728,38.912,9.728,0.0002734868403329188,0.9146405415326211,0.0,0.0
451,Device,Conv2D,efficientnetb0/block2b_se_reduce/Conv2D,2,38.912,19.456,38.912,19.456,0.0002734868403329188,0.914914028372954,0.0,0.0
452,Device,Conv2D,efficientnetb0/block4a_se_reduce/Conv2D,2,38.912,19.456,38.912,19.456,0.0002734868403329188,0.9151875152132869,0.0,0.0
453,Device,FusedBatchNormV3,efficientnetb0/block5a_bn/FusedBatchNormV3,4,38.912,9.728,38.912,9.728,0.0002734868403329188,0.9154610020536198,0.0,0.0
454,Device,Conv2DBackpropFilter,gradient_tape/efficientnetb0/block4b_se_reduce/Conv2D/Conv2DBackpropFilter,2,38.912,19.456,38.912,19.456,0.0002734868403329188,0.9157344888939527,0.0,0.0
455,Device,BiasAddGrad,gradient_tape/efficientnetb0/block6b_se_expand/BiasAdd/BiasAddGrad,2,38.912,19.456,38.912,19.456,0.0002734868403329188,0.9160079757342856,0.0,0.0
456,Device,BiasAddGrad,gradient_tape/efficientnetb0/block6c_se_expand/BiasAdd/BiasAddGrad,2,38.912,19.456,38.912,19.456,0.0002734868403329188,0.9162814625746185,0.0,0.0
457,Device,DepthwiseConv2dNativeBackpropInput,gradient_tape/efficientnetb0/block7a_dwconv/depthwise/DepthwiseConv2dNativeBackpropInput,2,38.912,19.456,38.912,19.456,0.0002734868403329188,0.9165549494149514,0.0,0.0
458,Device,BiasAddGrad,gradient_tape/efficientnetb0/block7a_se_expand/BiasAdd/BiasAddGrad,2,38.912,19.456,38.912,19.456,0.0002734868403329188,0.9168284362552843,0.0,0.0
459,Device,Conv2DBackpropInput,gradient_tape/efficientnetb0/block2b_se_expand/Conv2D/Conv2DBackpropInput,2,37.889,18.9445,37.889,18.9445,0.00026629684656080286,0.9170947331018451,0.0,0.0
460,Device,Mul,SGD/gradients/mul_74,2,37.888,18.944,37.888,18.944,0.0002662898182188946,0.9173610229200639,0.0,0.0
461,Device,Mul,SGD/gradients/mul_83,2,37.888,18.944,37.888,18.944,0.0002662898182188946,0.9176273127382828,0.0,0.0
462,Device,FusedBatchNormV3,efficientnetb0/block4b_bn/FusedBatchNormV3,4,37.888,9.472,37.888,9.472,0.0002662898182188946,0.9178936025565017,0.0,0.0
463,Device,FusedBatchNormV3,efficientnetb0/block4c_bn/FusedBatchNormV3,4,37.888,9.472,37.888,9.472,0.0002662898182188946,0.9181598923747205,0.0,0.0
464,Device,Conv2DBackpropInput,gradient_tape/efficientnetb0/block3a_se_expand/Conv2D/Conv2DBackpropInput,2,37.888,18.944,37.888,18.944,0.0002662898182188946,0.9184261821929394,0.0,0.0
465,Device,DepthwiseConv2dNativeBackpropInput,gradient_tape/efficientnetb0/block6b_dwconv/depthwise/DepthwiseConv2dNativeBackpropInput,2,37.888,18.944,37.888,18.944,0.0002662898182188946,0.9186924720111582,0.0,0.0
466,Device,DepthwiseConv2dNativeBackpropInput,gradient_tape/efficientnetb0/block6d_dwconv/depthwise/DepthwiseConv2dNativeBackpropInput,2,37.888,18.944,37.888,18.944,0.0002662898182188946,0.9189587618293771,0.0,0.0
467,Device,BiasAddGrad,gradient_tape/efficientnetb0/block6d_se_expand/BiasAdd/BiasAddGrad,2,37.888,18.944,37.888,18.944,0.0002662898182188946,0.9192250516475959,0.0,0.0
468,Device,Mul,SGD/gradients/mul_72,2,36.864,18.432,36.864,18.432,0.00025909279610487044,0.9194841444437009,0.0,0.0
469,Device,Mul,SGD/gradients/mul_73,2,36.864,18.432,36.864,18.432,0.00025909279610487044,0.9197432372398058,0.0,0.0
470,Device,Mul,SGD/gradients/mul_78,2,36.864,18.432,36.864,18.432,0.00025909279610487044,0.9200023300359107,0.0,0.0
471,Device,Mul,SGD/gradients/mul_87,2,36.864,18.432,36.864,18.432,0.00025909279610487044,0.9202614228320156,0.0,0.0
472,Device,Mul,SGD/gradients/mul_90,2,36.864,18.432,36.864,18.432,0.00025909279610487044,0.9205205156281205,0.0,0.0
473,Device,Mul,efficientnetb0/block4b_activation/mul,2,36.864,18.432,36.864,18.432,0.00025909279610487044,0.9207796084242255,0.0,0.0
474,Device,Mul,efficientnetb0/block4b_expand_activation/mul,2,36.864,18.432,36.864,18.432,0.00025909279610487044,0.9210387012203304,0.0,0.0
475,Device,Mul,efficientnetb0/block4c_activation/mul,2,36.864,18.432,36.864,18.432,0.00025909279610487044,0.9212977940164353,0.0,0.0
476,Device,Mul,efficientnetb0/block4c_expand_activation/mul,2,36.864,18.432,36.864,18.432,0.00025909279610487044,0.9215568868125402,0.0,0.0
477,Device,Mean,efficientnetb0/block6a_se_squeeze/Mean,2,36.864,18.432,36.864,18.432,0.00025909279610487044,0.9218159796086451,0.0,0.0
478,Device,Sub,efficientnetb0/normalization/sub,2,36.864,18.432,36.864,18.432,0.00025909279610487044,0.9220750724047501,0.0,0.0
479,Device,DepthwiseConv2dNativeBackpropInput,gradient_tape/efficientnetb0/block6c_dwconv/depthwise/DepthwiseConv2dNativeBackpropInput,2,36.864,18.432,36.864,18.432,0.00025909279610487044,0.922334165200855,0.0,0.0
480,Device,AddV2,SGD/gradients/add_15,2,35.84,17.92,35.84,17.92,0.00025189577399084627,0.9225860609748459,0.0,0.0
481,Device,AddV2,SGD/gradients/add_21,2,35.84,17.92,35.84,17.92,0.00025189577399084627,0.9228379567488367,0.0,0.0
482,Device,Mul,SGD/gradients/mul_69,2,35.84,17.92,35.84,17.92,0.00025189577399084627,0.9230898525228276,0.0,0.0
483,Device,Mul,SGD/gradients/mul_79,2,35.84,17.92,35.84,17.92,0.00025189577399084627,0.9233417482968185,0.0,0.0
484,Device,Mul,SGD/gradients/mul_81,2,35.84,17.92,35.84,17.92,0.00025189577399084627,0.9235936440708093,0.0,0.0
485,Device,Mul,SGD/gradients/mul_82,2,35.84,17.92,35.84,17.92,0.00025189577399084627,0.9238455398448002,0.0,0.0
486,Device,Mul,SGD/gradients/mul_88,2,35.84,17.92,35.84,17.92,0.00025189577399084627,0.9240974356187911,0.0,0.0
487,Device,Mul,SGD/gradients/mul_91,2,35.84,17.92,35.84,17.92,0.00025189577399084627,0.924349331392782,0.0,0.0
488,Device,Sub,SGD/gradients/sub_38,2,35.84,17.92,35.84,17.92,0.00025189577399084627,0.9246012271667728,0.0,0.0
489,Device,Mul,efficientnetb0/block5a_expand_activation/mul,2,35.84,17.92,35.84,17.92,0.00025189577399084627,0.9248531229407637,0.0,0.0
490,Device,Conv2DBackpropInput,gradient_tape/efficientnetb0/block2a_se_expand/Conv2D/Conv2DBackpropInput,4,35.84,8.96,35.84,8.96,0.00025189577399084627,0.9251050187147546,0.0,0.0
491,Device,Conv2DBackpropFilter,gradient_tape/efficientnetb0/block6c_se_expand/Conv2D/Conv2DBackpropFilter,2,35.84,17.92,35.84,17.92,0.00025189577399084627,0.9253569144887455,0.0,0.0
492,Device,Conv2DBackpropFilter,gradient_tape/efficientnetb0/block6d_se_expand/Conv2D/Conv2DBackpropFilter,2,35.84,17.92,35.84,17.92,0.00025189577399084627,0.9256088102627363,0.0,0.0
493,Device,Conv2DBackpropFilter,gradient_tape/efficientnetb0/block7a_se_expand/Conv2D/Conv2DBackpropFilter,2,35.84,17.92,35.84,17.92,0.00025189577399084627,0.9258607060367272,0.0,0.0
494,Device,Sigmoid,efficientnetb0/block3a_activation/Sigmoid,2,34.817,17.4085,34.817,17.4085,0.0002447057802187303,0.926105411816946,0.0,0.0
495,Device,AddV2,SGD/gradients/add_17,2,34.816,17.408,34.816,17.408,0.0002446987518768221,0.9263501105688228,0.0,0.0
496,Device,AddV2,SGD/gradients/add_18,2,34.816,17.408,34.816,17.408,0.0002446987518768221,0.9265948093206996,0.0,0.0
497,Device,AddV2,SGD/gradients/add_20,2,34.816,17.408,34.816,17.408,0.0002446987518768221,0.9268395080725764,0.0,0.0
498,Device,Mul,efficientnetb0/block5a_activation/mul,2,34.816,17.408,34.816,17.408,0.0002446987518768221,0.9270842068244532,0.0,0.0
499,Device,Conv2DBackpropFilter,gradient_tape/efficientnetb0/block4a_se_reduce/Conv2D/Conv2DBackpropFilter,2,34.816,17.408,34.816,17.408,0.0002446987518768221,0.9273289055763301,0.0,0.0
500,Device,Mul,gradient_tape/efficientnetb0/block4b_se_excite/mul/Mul,2,34.816,17.408,34.816,17.408,0.0002446987518768221,0.9275736043282069,0.0,0.0
501,Host,IDLE,IDLE,0,506032.237,0.0,506032.237,0.0,0.0,0.0,0.9964457174875051,0.9964457174875051
502,Host,GatherV2,GatherV2,2,1293.964,646.982,1293.964,646.982,0.0,0.0,0.0025479896182641856,0.9989937071057693
503,Host,_Send,IteratorGetNext/_1,2,86.911,43.4555,86.911,43.4555,0.0,0.0,0.0001711394797018763,0.9991648465854712
504,Host,GatherV2,GatherV2_1,2,72.16,36.08,72.16,36.08,0.0,0.0,0.00014209277140163378,0.9993069393568729
505,Host,Dataset,Iterator::Root::ParallelMapV2::Zip[1]::ForeverRepeat,2,58.28,29.14,54.31,27.155,0.0,0.0,0.00010694371417437266,0.9994138830710473
506,Host,Dataset,Iterator::Root::ParallelMapV2,2,51.29,25.645,51.29,25.645,0.0,0.0,0.00010099692690118897,0.9995148799979485
507,Host,FlushSummaryWriter,FlushSummaryWriter,1,41.47,41.47,41.47,41.47,0.0,0.0,8.166002258904867e-05,0.9995965400205375
508,Host,LogicalAnd,LogicalAnd,1,32.41,32.41,32.41,32.41,0.0,0.0,6.381966076949765e-05,0.9996603596813071
509,Host,Dataset,Iterator::Root,2,83.56,41.78,32.27,16.135,0.0,0.0,6.354398188928385e-05,0.9997239036631963
510,Host,IteratorGetNext,IteratorGetNext,2,30.98,15.49,30.98,15.49,0.0,0.0,6.1003797921599425e-05,0.9997849074611179
511,Host,Dataset,Iterator::Root::ParallelMapV2::Zip[0]::FlatMap[1]::Concatenate[0]::TensorSlice,2,23.892,11.946,23.892,11.946,0.0,0.0,4.7046570043345816e-05,0.9998319540311613
512,Host,WriteSummary,WriteSummary,1,22.9,22.9,22.9,22.9,0.0,0.0,4.5093188263545083e-05,0.9998770472194248
513,Host,Dataset,Iterator::Root::ParallelMapV2::Zip,2,124.392,62.196,22.22,11.11,0.0,0.0,4.375417655964942e-05,0.9999208013959845
514,Host,Dataset,Iterator::Root::ParallelMapV2::Zip[0]::FlatMap[1]::Concatenate,2,39.652,19.826,15.76,7.88,0.0,0.0,3.103356537264064e-05,0.9999518349613571
515,Host,ReadVariableOp,ReadVariableOp,1,6.62,6.62,6.62,6.62,0.0,0.0,1.3035672764396004e-05,0.9999648706341215
516,Host,Dataset,Iterator::Root::ParallelMapV2::Zip[0]::FlatMap,2,43.892,21.946,4.24,2.12,0.0,0.0,8.349131800761187e-06,0.9999732197659223
517,Host,Dataset,Iterator::Root::ParallelMapV2::Zip[1]::ForeverRepeat::FromTensor,4,3.97,0.9925,3.97,0.9925,0.0,0.0,7.817465388920262e-06,0.9999810372313113
518,Host,Identity,Identity,2,3.64,1.82,3.64,1.82,0.0,0.0,7.167650885559132e-06,0.9999882048821969
519,Host,_Send,IteratorGetNext/_3,2,3.46,1.73,3.46,1.73,0.0,0.0,6.813206610998515e-06,0.9999950180888079
520,Host,_HostSend,categorical_crossentropy/softmax_cross_entropy_with_logits/Shape_2/_5,2,2.53,1.265,2.53,1.265,0.0,0.0,4.9819111924353305e-06,1.0000000000000002
