Rank,Host/device,Type,Operation,#Occurrences,Total time (us),Avg. time (us),Total self-time (us),Avg. self-time (us),Total self-time on Device (%),Cumulative total-self time on Device (%),Total self-time on Host (%),Cumulative total-self time on Host (%)
1,Device,IDLE,IDLE,0,9542.57,0.0,9542.57,0.0,0.38738787197640245,0.38738787197640245,0.0,0.0
2,Device,_Send,IteratorGetNext/_1,2,2408.291,1204.1455,2408.291,1204.1455,0.09776640104184955,0.485154273018252,0.0,0.0
3,Device,FusedBatchNormGradV3,gradient_tape/model/conv1_bn/FusedBatchNormGradV3,2,1411.073,705.5365,1411.073,705.5365,0.0572835794417393,0.5424378524599913,0.0,0.0
4,Device,Conv2DBackpropFilter,gradient_tape/model/conv1/Conv2D/Conv2DBackpropFilter,2,1180.672,590.336,1180.672,590.336,0.04793027597199948,0.5903681284319908,0.0,0.0
5,Device,MaxPoolGrad,gradient_tape/model/conv1_max_pool/MaxPool/MaxPoolGrad,2,1100.801,550.4005,1100.801,550.4005,0.04468785210477846,0.6350559805367693,0.0,0.0
6,Device,_FusedConv2D,model/conv1/Relu,2,906.241,453.1205,906.241,453.1205,0.036789541233416885,0.6718455217701862,0.0,0.0
7,Device,ReluGrad,gradient_tape/model/conv1/ReluGrad,2,870.402,435.201,870.402,435.201,0.03533462982655665,0.7071801515967429,0.0,0.0
8,Device,FusedBatchNormV3,model/conv1_bn/FusedBatchNormV3,4,838.657,209.66425,838.657,209.66425,0.03404591745704918,0.7412260690537921,0.0,0.0
9,Device,MaxPool,model/conv1_max_pool/MaxPool,2,357.376,178.688,357.376,178.688,0.01450794996897469,0.7557340190227667,0.0,0.0
10,Device,BiasAddGrad,gradient_tape/model/conv1/BiasAdd/BiasAddGrad,2,273.409,136.7045,273.409,136.7045,0.011099245872882905,0.7668332648956496,0.0,0.0
11,Device,SoftmaxCrossEntropyWithLogits,categorical_crossentropy/softmax_cross_entropy_with_logits,2,208.897,104.4485,208.897,104.4485,0.008480332268168276,0.7753135971638179,0.0,0.0
12,Device,AddN,SGD/gradients/AddN_3,2,202.752,101.376,202.752,101.376,0.00823087132910312,0.783544468492921,0.0,0.0
13,Device,Conv2DBackpropInput,gradient_tape/model/ResBlock21_pooling_conv/Conv2D/Conv2DBackpropInput,2,193.536,96.768,193.536,96.768,0.007856740814143887,0.7914012093070649,0.0,0.0
14,Device,Conv2DBackpropInput,gradient_tape/model/ResBlock21_conv1/Conv2D/Conv2DBackpropInput,2,192.513,96.2565,192.513,96.2565,0.007815211352685196,0.7992164206597501,0.0,0.0
15,Device,Conv2DBackpropFilter,gradient_tape/model/ResBlock21_conv1/Conv2D/Conv2DBackpropFilter,2,171.008,85.504,171.008,85.504,0.006942199555354652,0.8061586202151048,0.0,0.0
16,Device,Conv2DBackpropFilter,gradient_tape/model/ResBlock21_pooling_conv/Conv2D/Conv2DBackpropFilter,2,168.96,84.48,168.96,84.48,0.006859059440919266,0.813017679656024,0.0,0.0
17,Device,Conv2DBackpropFilter,gradient_tape/model/ResBlock21_conv2/Conv2D/Conv2DBackpropFilter,2,153.6,76.8,153.6,76.8,0.006235508582653878,0.8192531882386779,0.0,0.0
18,Device,Conv2DBackpropFilter,gradient_tape/model/ResBlock22_conv2/Conv2D/Conv2DBackpropFilter,2,151.552,75.776,151.552,75.776,0.006152368468218493,0.8254055567068964,0.0,0.0
19,Device,Conv2DBackpropFilter,gradient_tape/model/ResBlock22_conv1/Conv2D/Conv2DBackpropFilter,2,149.504,74.752,149.504,74.752,0.006069228353783108,0.8314747850606795,0.0,0.0
20,Device,Transpose,gradient_tape/model/conv1/Conv2D/Conv2DBackpropFilter-0-TransposeNHWCToNCHW-LayoutOptimizer,2,123.904,61.952,123.904,61.952,0.005029976923340795,0.8365047619840204,0.0,0.0
21,Device,ArgMax,ArgMax,2,111.616,55.808,111.616,55.808,0.004531136236728485,0.8410358982207489,0.0,0.0
22,Device,ArgMax,ArgMax_1,2,111.616,55.808,111.616,55.808,0.004531136236728485,0.8455670344574774,0.0,0.0
23,Device,Conv2DBackpropFilter,gradient_tape/model/ResBlock31_conv2/Conv2D/Conv2DBackpropFilter,2,104.448,52.224,104.448,52.224,0.004240145836204637,0.8498071802936821,0.0,0.0
24,Device,Conv2DBackpropFilter,gradient_tape/model/ResBlock32_conv2/Conv2D/Conv2DBackpropFilter,2,103.424,51.712,103.424,51.712,0.004198575778986945,0.854005756072669,0.0,0.0
25,Device,Conv2DBackpropFilter,gradient_tape/model/ResBlock32_conv1/Conv2D/Conv2DBackpropFilter,2,99.328,49.664,99.328,49.664,0.004032295550116175,0.8580380516227852,0.0,0.0
26,Device,FusedBatchNormGradV3,gradient_tape/model/ResBlock21_bn2/FusedBatchNormGradV3,2,93.184,46.592,93.184,46.592,0.0037828752068100194,0.8618209268295952,0.0,0.0
27,Device,FusedBatchNormGradV3,gradient_tape/model/ResBlock21_pooling_bn/FusedBatchNormGradV3,2,92.16,46.08,92.16,46.08,0.0037413051495923267,0.8655622319791876,0.0,0.0
28,Device,FusedBatchNormGradV3,gradient_tape/model/ResBlock22_bn2/FusedBatchNormGradV3,2,90.112,45.056,90.112,45.056,0.0036581650351569417,0.8692203970143445,0.0,0.0
29,Device,FusedBatchNormGradV3,gradient_tape/model/ResBlock21_bn1/FusedBatchNormGradV3,2,83.969,41.9845,83.969,41.9845,0.003408785287609788,0.8726291823019543,0.0,0.0
30,Device,FusedBatchNormGradV3,gradient_tape/model/ResBlock22_bn1/FusedBatchNormGradV3,2,83.968,41.984,83.968,41.984,0.003408744691850787,0.8760379269938051,0.0,0.0
31,Device,Conv2DBackpropFilter,gradient_tape/model/ResBlock31_pooling_conv/Conv2D/Conv2DBackpropFilter,2,83.968,41.984,83.968,41.984,0.003408744691850787,0.8794466716856559,0.0,0.0
32,Device,Conv2DBackpropFilter,gradient_tape/model/ResBlock31_conv1/Conv2D/Conv2DBackpropFilter,2,79.873,39.9365,79.873,39.9365,0.0032425050587390186,0.882689176744395,0.0,0.0
33,Device,Conv2D,model/ResBlock21_pooling_conv/Conv2D,2,71.68,35.84,71.68,35.84,0.002909904005238477,0.8855990807496334,0.0,0.0
34,Device,Conv2D,model/ResBlock21_conv1/Conv2D,2,66.56,33.28,66.56,33.28,0.002702053719150014,0.8883011344687834,0.0,0.0
35,Device,Conv2DBackpropInput,gradient_tape/model/ResBlock31_conv1/Conv2D/Conv2DBackpropInput,2,64.512,32.256,64.512,32.256,0.002618913604714629,0.8909200480734981,0.0,0.0
36,Device,Conv2DBackpropInput,gradient_tape/model/ResBlock31_pooling_conv/Conv2D/Conv2DBackpropInput,2,61.44,30.72,61.44,30.72,0.0024942034330615514,0.8934142515065596,0.0,0.0
37,Device,Conv2DBackpropInput,gradient_tape/model/ResBlock32_conv2/Conv2D/Conv2DBackpropInput,2,60.416,30.208,60.416,30.208,0.0024526333758438587,0.8958668848824035,0.0,0.0
38,Device,Conv2DBackpropInput,gradient_tape/model/ResBlock31_conv2/Conv2D/Conv2DBackpropInput,2,59.392,29.696,59.392,29.696,0.0024110633186261664,0.8982779482010297,0.0,0.0
39,Device,Conv2DBackpropInput,gradient_tape/model/ResBlock32_conv1/Conv2D/Conv2DBackpropInput,2,59.392,29.696,59.392,29.696,0.0024110633186261664,0.9006890115196559,0.0,0.0
40,Device,FusedBatchNormV3,model/ResBlock21_pooling_bn/FusedBatchNormV3,4,55.296,13.824,55.296,13.824,0.002244783089755396,0.9029337946094113,0.0,0.0
41,Device,Conv2D,model/ResBlock22_conv2/Conv2D,2,53.248,26.624,53.248,26.624,0.002161642975320011,0.9050954375847313,0.0,0.0
42,Device,Conv2D,model/ResBlock31_conv2/Conv2D,2,53.248,26.624,53.248,26.624,0.002161642975320011,0.9072570805600514,0.0,0.0
43,Device,Conv2DBackpropInput,gradient_tape/model/ResBlock21_conv2/Conv2D/Conv2DBackpropInput,2,52.224,26.112,52.224,26.112,0.0021200729181023183,0.9093771534781537,0.0,0.0
44,Device,Conv2DBackpropInput,gradient_tape/model/ResBlock22_conv1/Conv2D/Conv2DBackpropInput,2,52.224,26.112,52.224,26.112,0.0021200729181023183,0.9114972263962561,0.0,0.0
45,Device,Conv2DBackpropInput,gradient_tape/model/ResBlock22_conv2/Conv2D/Conv2DBackpropInput,2,52.224,26.112,52.224,26.112,0.0021200729181023183,0.9136172993143584,0.0,0.0
46,Device,Conv2D,model/ResBlock32_conv1/Conv2D,2,51.2,25.6,51.2,25.6,0.002078502860884626,0.915695802175243,0.0,0.0
47,Device,Conv2D,model/ResBlock32_conv2/Conv2D,2,51.2,25.6,51.2,25.6,0.002078502860884626,0.9177743050361277,0.0,0.0
48,Device,Conv2D,model/ResBlock22_conv1/Conv2D,2,50.176,25.088,50.176,25.088,0.0020369328036669338,0.9198112378397946,0.0,0.0
49,Device,Conv2D,model/ResBlock21_conv2/Conv2D,2,49.152,24.576,49.152,24.576,0.001995362746449241,0.9218066005862439,0.0,0.0
50,Device,FusedBatchNormV3,model/ResBlock21_bn1/FusedBatchNormV3,4,46.08,11.52,46.08,11.52,0.0018706525747961633,0.92367725316104,0.0,0.0
51,Device,ReluGrad,gradient_tape/model/tf.nn.relu/ReluGrad,2,44.032,22.016,44.032,22.016,0.0017875124603607784,0.9254647656214008,0.0,0.0
52,Device,ReluGrad,gradient_tape/model/tf.nn.relu_1/ReluGrad,2,44.032,22.016,44.032,22.016,0.0017875124603607784,0.9272522780817616,0.0,0.0
53,Device,ReluGrad,gradient_tape/model/tf.nn.relu_3/ReluGrad,2,43.008,21.504,43.008,21.504,0.001745942403143086,0.9289982204849047,0.0,0.0
54,Device,BiasAdd,model/ResBlock21_conv1/BiasAdd,2,41.984,20.992,41.984,20.992,0.0017043723459253936,0.93070259283083,0.0,0.0
55,Device,AddN,SGD/gradients/AddN_1,2,40.96,20.48,40.96,20.48,0.0016628022887077009,0.9323653951195378,0.0,0.0
56,Device,Conv2D,model/ResBlock31_conv1/Conv2D,2,40.96,20.48,40.96,20.48,0.0016628022887077009,0.9340281974082455,0.0,0.0
57,Device,AddV2,model/ResBlock22_add/add,2,39.936,19.968,39.936,19.968,0.0016212322314900084,0.9356494296397355,0.0,0.0
58,Device,BiasAdd,model/ResBlock21_pooling_conv/BiasAdd,2,38.913,19.4565,38.913,19.4565,0.0015797027700313175,0.9372291324097668,0.0,0.0
59,Device,ReluGrad,gradient_tape/model/tf.nn.relu_2/ReluGrad,2,38.912,19.456,38.912,19.456,0.0015796621742723159,0.9388087945840391,0.0,0.0
60,Device,AddV2,model/ResBlock21_add/add,2,38.912,19.456,38.912,19.456,0.0015796621742723159,0.9403884567583114,0.0,0.0
61,Device,FusedBatchNormV3,model/ResBlock22_bn1/FusedBatchNormV3,4,38.912,9.728,38.912,9.728,0.0015796621742723159,0.9419681189325837,0.0,0.0
62,Device,Conv2D,model/ResBlock31_pooling_conv/Conv2D,2,38.912,19.456,38.912,19.456,0.0015796621742723159,0.943547781106856,0.0,0.0
63,Device,Relu,model/tf.nn.relu/Relu,2,38.912,19.456,38.912,19.456,0.0015796621742723159,0.9451274432811283,0.0,0.0
64,Device,AddN,SGD/gradients/AddN_2,2,36.864,18.432,36.864,18.432,0.0014965220598369307,0.9466239653409653,0.0,0.0
65,Device,FusedBatchNormV3,model/ResBlock22_bn2/FusedBatchNormV3,4,36.864,9.216,36.864,9.216,0.0014965220598369307,0.9481204874008022,0.0,0.0
66,Device,FusedBatchNormV3,model/ResBlock21_bn2/FusedBatchNormV3,4,33.792,8.448,33.792,8.448,0.0013718118881838532,0.949492299288986,0.0,0.0
67,Device,BiasAddGrad,gradient_tape/model/ResBlock21_pooling_conv/BiasAdd/BiasAddGrad,2,32.768,16.384,32.768,16.384,0.0013302418309661607,0.9508225411199522,0.0,0.0
68,Device,ReluGrad,gradient_tape/model/tf.nn.relu_4/ReluGrad,2,31.744,15.872,31.744,15.872,0.0012886717737484682,0.9521112128937007,0.0,0.0
69,Device,Softmax,model/dense/Softmax,2,28.672,14.336,28.672,14.336,0.0011639616020953907,0.9532751744957961,0.0,0.0
70,Device,BiasAddGrad,gradient_tape/model/ResBlock22_conv1/BiasAdd/BiasAddGrad,2,25.6,12.8,25.6,12.8,0.001039251430442313,0.9543144259262385,0.0,0.0
71,Device,BiasAddGrad,gradient_tape/model/ResBlock21_conv1/BiasAdd/BiasAddGrad,2,24.576,12.288,24.576,12.288,0.0009976813732246205,0.9553121072994631,0.0,0.0
72,Device,BiasAddGrad,gradient_tape/model/ResBlock22_conv2/BiasAdd/BiasAddGrad,2,24.576,12.288,24.576,12.288,0.0009976813732246205,0.9563097886726878,0.0,0.0
73,Device,FusedBatchNormGradV3,gradient_tape/model/ResBlock31_pooling_bn/FusedBatchNormGradV3,2,24.576,12.288,24.576,12.288,0.0009976813732246205,0.9573074700459124,0.0,0.0
74,Device,BiasAddGrad,gradient_tape/model/ResBlock21_conv2/BiasAdd/BiasAddGrad,2,23.552,11.776,23.552,11.776,0.000956111316006928,0.9582635813619194,0.0,0.0
75,Device,FusedBatchNormGradV3,gradient_tape/model/ResBlock31_bn1/FusedBatchNormGradV3,2,22.528,11.264,22.528,11.264,0.0009145412587892354,0.9591781226207086,0.0,0.0
76,Device,FusedBatchNormGradV3,gradient_tape/model/ResBlock32_bn1/FusedBatchNormGradV3,2,21.504,10.752,21.504,10.752,0.000872971201571543,0.9600510938222802,0.0,0.0
77,Device,FusedBatchNormGradV3,gradient_tape/model/ResBlock32_bn2/FusedBatchNormGradV3,2,21.504,10.752,21.504,10.752,0.000872971201571543,0.9609240650238517,0.0,0.0
78,Device,FusedBatchNormV3,model/ResBlock31_pooling_bn/FusedBatchNormV3,4,21.504,5.376,21.504,5.376,0.000872971201571543,0.9617970362254233,0.0,0.0
79,Device,FusedBatchNormGradV3,gradient_tape/model/ResBlock31_bn2/FusedBatchNormGradV3,2,20.48,10.24,20.48,10.24,0.0008314011443538504,0.9626284373697772,0.0,0.0
80,Device,MatMul,gradient_tape/model/dense/MatMul/MatMul,2,19.456,9.728,19.456,9.728,0.0007898310871361579,0.9634182684569134,0.0,0.0
81,Device,FusedBatchNormV3,model/ResBlock32_bn2/FusedBatchNormV3,4,18.432,4.608,18.432,4.608,0.0007482610299184653,0.9641665294868318,0.0,0.0
82,Device,ReluGrad,gradient_tape/model/tf.nn.relu_5/ReluGrad,2,17.408,8.704,17.408,8.704,0.000706690972700773,0.9648732204595326,0.0,0.0
83,Device,ReluGrad,gradient_tape/model/tf.nn.relu_7/ReluGrad,2,17.408,8.704,17.408,8.704,0.000706690972700773,0.9655799114322334,0.0,0.0
84,Device,FusedBatchNormV3,model/ResBlock31_bn1/FusedBatchNormV3,4,17.408,4.352,17.408,4.352,0.000706690972700773,0.9662866024049342,0.0,0.0
85,Device,FusedBatchNormV3,model/ResBlock31_bn2/FusedBatchNormV3,4,17.408,4.352,17.408,4.352,0.000706690972700773,0.9669932933776351,0.0,0.0
86,Device,BiasAdd,model/ResBlock21_conv2/BiasAdd,2,16.384,8.192,16.384,8.192,0.0006651209154830804,0.9676584142931182,0.0,0.0
87,Device,BiasAdd,model/ResBlock22_conv1/BiasAdd,2,16.384,8.192,16.384,8.192,0.0006651209154830804,0.9683235352086013,0.0,0.0
88,Device,AddV2,model/ResBlock31_add/add,2,16.384,8.192,16.384,8.192,0.0006651209154830804,0.9689886561240844,0.0,0.0
89,Device,BiasAdd,model/ResBlock31_conv1/BiasAdd,2,16.384,8.192,16.384,8.192,0.0006651209154830804,0.9696537770395675,0.0,0.0
90,Device,AddV2,model/ResBlock32_add/add,2,16.384,8.192,16.384,8.192,0.0006651209154830804,0.9703188979550506,0.0,0.0
91,Device,MatMul,model/dense/MatMul,2,16.384,8.192,16.384,8.192,0.0006651209154830804,0.9709840188705336,0.0,0.0
92,Device,BiasAddGrad,gradient_tape/model/ResBlock31_conv2/BiasAdd/BiasAddGrad,2,15.36,7.68,15.36,7.68,0.0006235508582653879,0.971607569728799,0.0,0.0
93,Device,BiasAddGrad,gradient_tape/model/ResBlock32_conv1/BiasAdd/BiasAddGrad,2,15.36,7.68,15.36,7.68,0.0006235508582653879,0.9722311205870644,0.0,0.0
94,Device,BiasAddGrad,gradient_tape/model/ResBlock32_conv2/BiasAdd/BiasAddGrad,2,15.36,7.68,15.36,7.68,0.0006235508582653879,0.9728546714453298,0.0,0.0
95,Device,BiasAdd,model/ResBlock22_conv2/BiasAdd,2,15.36,7.68,15.36,7.68,0.0006235508582653879,0.9734782223035952,0.0,0.0
96,Device,FusedBatchNormV3,model/ResBlock32_bn1/FusedBatchNormV3,4,15.36,3.84,15.36,3.84,0.0006235508582653879,0.9741017731618605,0.0,0.0
97,Device,BiasAddGrad,gradient_tape/model/ResBlock31_conv1/BiasAdd/BiasAddGrad,2,14.337,7.1685,14.337,7.1685,0.0005820213968066969,0.9746837945586673,0.0,0.0
98,Device,Relu,model/tf.nn.relu_2/Relu,2,14.337,7.1685,14.337,7.1685,0.0005820213968066969,0.975265815955474,0.0,0.0
99,Device,AddN,SGD/gradients/AddN,2,14.336,7.168,14.336,7.168,0.0005819808010476954,0.9758477967565217,0.0,0.0
100,Device,BiasAddGrad,gradient_tape/model/ResBlock31_pooling_conv/BiasAdd/BiasAddGrad,2,14.336,7.168,14.336,7.168,0.0005819808010476954,0.9764297775575693,0.0,0.0
101,Device,_Send,IteratorGetNext/_3,2,13.312,6.656,13.312,6.656,0.0005404107438300028,0.9769701883013994,0.0,0.0
102,Device,Tile,gradient_tape/model/GAP/Tile,2,13.312,6.656,13.312,6.656,0.0005404107438300028,0.9775105990452294,0.0,0.0
103,Device,Relu,model/tf.nn.relu_1/Relu,2,13.312,6.656,13.312,6.656,0.0005404107438300028,0.9780510097890595,0.0,0.0
104,Device,Relu,model/tf.nn.relu_3/Relu,2,13.312,6.656,13.312,6.656,0.0005404107438300028,0.9785914205328895,0.0,0.0
105,Device,ReluGrad,gradient_tape/model/tf.nn.relu_6/ReluGrad,2,12.288,6.144,12.288,6.144,0.0004988406866123103,0.9790902612195018,0.0,0.0
106,Device,MatMul,gradient_tape/model/dense/MatMul/MatMul_1,2,11.264,5.632,11.264,5.632,0.0004572706293946177,0.9795475318488964,0.0,0.0
107,Device,Transpose,gradient_tape/model/tf.nn.relu_7/ReluGrad-0-TransposeNHWCToNCHW-LayoutOptimizer,2,11.264,5.632,11.264,5.632,0.0004572706293946177,0.980004802478291,0.0,0.0
108,Device,BiasAdd,model/ResBlock31_pooling_conv/BiasAdd,2,11.264,5.632,11.264,5.632,0.0004572706293946177,0.9804620731076856,0.0,0.0
109,Device,Relu,model/tf.nn.relu_4/Relu,2,11.264,5.632,11.264,5.632,0.0004572706293946177,0.9809193437370802,0.0,0.0
110,Device,Mul,gradient_tape/model/GAP/truediv,2,10.24,5.12,10.24,5.12,0.0004157005721769252,0.9813350443092571,0.0,0.0
111,Device,BiasAdd,model/ResBlock31_conv2/BiasAdd,2,10.24,5.12,10.24,5.12,0.0004157005721769252,0.981750744881434,0.0,0.0
112,Device,BiasAdd,model/ResBlock32_conv1/BiasAdd,2,10.24,5.12,10.24,5.12,0.0004157005721769252,0.9821664454536109,0.0,0.0
113,Device,BiasAdd,model/ResBlock32_conv2/BiasAdd,2,10.24,5.12,10.24,5.12,0.0004157005721769252,0.9825821460257878,0.0,0.0
114,Device,Relu,model/tf.nn.relu_7/Relu,2,9.216,4.608,9.216,4.608,0.00037413051495923267,0.982956276540747,0.0,0.0
115,Device,ResourceApplyGradientDescent,SGD/SGD/update/ResourceApplyGradientDescent,2,8.192,4.096,8.192,4.096,0.0003325604577415402,0.9832888369984886,0.0,0.0
116,Device,ResourceApplyGradientDescent,SGD/SGD/update_20/ResourceApplyGradientDescent,2,8.192,4.096,8.192,4.096,0.0003325604577415402,0.9836213974562301,0.0,0.0
117,Device,ResourceApplyGradientDescent,SGD/SGD/update_28/ResourceApplyGradientDescent,2,8.192,4.096,8.192,4.096,0.0003325604577415402,0.9839539579139717,0.0,0.0
118,Device,ResourceApplyGradientDescent,SGD/SGD/update_30/ResourceApplyGradientDescent,2,8.192,4.096,8.192,4.096,0.0003325604577415402,0.9842865183717132,0.0,0.0
119,Device,ResourceApplyGradientDescent,SGD/SGD/update_4/ResourceApplyGradientDescent,2,8.192,4.096,8.192,4.096,0.0003325604577415402,0.9846190788294548,0.0,0.0
120,Device,ResourceApplyGradientDescent,SGD/SGD/update_44/ResourceApplyGradientDescent,2,8.192,4.096,8.192,4.096,0.0003325604577415402,0.9849516392871963,0.0,0.0
121,Device,ResourceApplyGradientDescent,SGD/SGD/update_8/ResourceApplyGradientDescent,2,8.192,4.096,8.192,4.096,0.0003325604577415402,0.9852841997449379,0.0,0.0
122,Device,Mean,model/GAP/Mean,2,8.192,4.096,8.192,4.096,0.0003325604577415402,0.9856167602026794,0.0,0.0
123,Device,Relu,model/tf.nn.relu_5/Relu,2,8.192,4.096,8.192,4.096,0.0003325604577415402,0.985949320660421,0.0,0.0
124,Device,Relu,model/tf.nn.relu_6/Relu,2,8.192,4.096,8.192,4.096,0.0003325604577415402,0.9862818811181625,0.0,0.0
125,Device,ResourceApplyGradientDescent,SGD/SGD/update_1/ResourceApplyGradientDescent,2,7.168,3.584,7.168,3.584,0.0002909904005238477,0.9865728715186863,0.0,0.0
126,Device,ResourceApplyGradientDescent,SGD/SGD/update_10/ResourceApplyGradientDescent,2,7.168,3.584,7.168,3.584,0.0002909904005238477,0.9868638619192102,0.0,0.0
127,Device,ResourceApplyGradientDescent,SGD/SGD/update_24/ResourceApplyGradientDescent,2,7.168,3.584,7.168,3.584,0.0002909904005238477,0.987154852319734,0.0,0.0
128,Device,ResourceApplyGradientDescent,SGD/SGD/update_26/ResourceApplyGradientDescent,2,7.168,3.584,7.168,3.584,0.0002909904005238477,0.9874458427202578,0.0,0.0
129,Device,ResourceApplyGradientDescent,SGD/SGD/update_36/ResourceApplyGradientDescent,2,7.168,3.584,7.168,3.584,0.0002909904005238477,0.9877368331207816,0.0,0.0
130,Device,ResourceApplyGradientDescent,SGD/SGD/update_38/ResourceApplyGradientDescent,2,7.168,3.584,7.168,3.584,0.0002909904005238477,0.9880278235213055,0.0,0.0
131,Device,ResourceApplyGradientDescent,SGD/SGD/update_40/ResourceApplyGradientDescent,2,7.168,3.584,7.168,3.584,0.0002909904005238477,0.9883188139218293,0.0,0.0
132,Device,AssignAddVariableOp,AssignAddVariableOp_3,2,6.144,3.072,6.144,3.072,0.00024942034330615513,0.9885682342651354,0.0,0.0
133,Device,AssignAddVariableOp,AssignAddVariableOp_4,2,6.144,3.072,6.144,3.072,0.00024942034330615513,0.9888176546084415,0.0,0.0
134,Device,Equal,Equal,2,6.144,3.072,6.144,3.072,0.00024942034330615513,0.9890670749517476,0.0,0.0
135,Device,AssignAddVariableOp,SGD/SGD/AssignAddVariableOp,2,6.144,3.072,6.144,3.072,0.00024942034330615513,0.9893164952950537,0.0,0.0
136,Device,ResourceApplyGradientDescent,SGD/SGD/update_11/ResourceApplyGradientDescent,2,6.144,3.072,6.144,3.072,0.00024942034330615513,0.9895659156383598,0.0,0.0
137,Device,ResourceApplyGradientDescent,SGD/SGD/update_12/ResourceApplyGradientDescent,2,6.144,3.072,6.144,3.072,0.00024942034330615513,0.9898153359816659,0.0,0.0
138,Device,ResourceApplyGradientDescent,SGD/SGD/update_13/ResourceApplyGradientDescent,2,6.144,3.072,6.144,3.072,0.00024942034330615513,0.990064756324972,0.0,0.0
139,Device,ResourceApplyGradientDescent,SGD/SGD/update_14/ResourceApplyGradientDescent,2,6.144,3.072,6.144,3.072,0.00024942034330615513,0.9903141766682781,0.0,0.0
140,Device,ResourceApplyGradientDescent,SGD/SGD/update_15/ResourceApplyGradientDescent,2,6.144,3.072,6.144,3.072,0.00024942034330615513,0.9905635970115843,0.0,0.0
141,Device,ResourceApplyGradientDescent,SGD/SGD/update_16/ResourceApplyGradientDescent,2,6.144,3.072,6.144,3.072,0.00024942034330615513,0.9908130173548904,0.0,0.0
142,Device,ResourceApplyGradientDescent,SGD/SGD/update_18/ResourceApplyGradientDescent,2,6.144,3.072,6.144,3.072,0.00024942034330615513,0.9910624376981965,0.0,0.0
143,Device,ResourceApplyGradientDescent,SGD/SGD/update_19/ResourceApplyGradientDescent,2,6.144,3.072,6.144,3.072,0.00024942034330615513,0.9913118580415026,0.0,0.0
144,Device,ResourceApplyGradientDescent,SGD/SGD/update_2/ResourceApplyGradientDescent,2,6.144,3.072,6.144,3.072,0.00024942034330615513,0.9915612783848087,0.0,0.0
145,Device,ResourceApplyGradientDescent,SGD/SGD/update_22/ResourceApplyGradientDescent,2,6.144,3.072,6.144,3.072,0.00024942034330615513,0.9918106987281148,0.0,0.0
146,Device,ResourceApplyGradientDescent,SGD/SGD/update_23/ResourceApplyGradientDescent,2,6.144,3.072,6.144,3.072,0.00024942034330615513,0.9920601190714209,0.0,0.0
147,Device,ResourceApplyGradientDescent,SGD/SGD/update_25/ResourceApplyGradientDescent,2,6.144,3.072,6.144,3.072,0.00024942034330615513,0.992309539414727,0.0,0.0
148,Device,ResourceApplyGradientDescent,SGD/SGD/update_27/ResourceApplyGradientDescent,2,6.144,3.072,6.144,3.072,0.00024942034330615513,0.9925589597580331,0.0,0.0
149,Device,ResourceApplyGradientDescent,SGD/SGD/update_29/ResourceApplyGradientDescent,2,6.144,3.072,6.144,3.072,0.00024942034330615513,0.9928083801013392,0.0,0.0
150,Device,ResourceApplyGradientDescent,SGD/SGD/update_3/ResourceApplyGradientDescent,2,6.144,3.072,6.144,3.072,0.00024942034330615513,0.9930578004446453,0.0,0.0
151,Device,ResourceApplyGradientDescent,SGD/SGD/update_32/ResourceApplyGradientDescent,2,6.144,3.072,6.144,3.072,0.00024942034330615513,0.9933072207879514,0.0,0.0
152,Device,ResourceApplyGradientDescent,SGD/SGD/update_33/ResourceApplyGradientDescent,2,6.144,3.072,6.144,3.072,0.00024942034330615513,0.9935566411312575,0.0,0.0
153,Device,ResourceApplyGradientDescent,SGD/SGD/update_34/ResourceApplyGradientDescent,2,6.144,3.072,6.144,3.072,0.00024942034330615513,0.9938060614745636,0.0,0.0
154,Device,ResourceApplyGradientDescent,SGD/SGD/update_35/ResourceApplyGradientDescent,2,6.144,3.072,6.144,3.072,0.00024942034330615513,0.9940554818178697,0.0,0.0
155,Device,ResourceApplyGradientDescent,SGD/SGD/update_37/ResourceApplyGradientDescent,2,6.144,3.072,6.144,3.072,0.00024942034330615513,0.9943049021611758,0.0,0.0
156,Device,ResourceApplyGradientDescent,SGD/SGD/update_42/ResourceApplyGradientDescent,2,6.144,3.072,6.144,3.072,0.00024942034330615513,0.994554322504482,0.0,0.0
157,Device,ResourceApplyGradientDescent,SGD/SGD/update_43/ResourceApplyGradientDescent,2,6.144,3.072,6.144,3.072,0.00024942034330615513,0.994803742847788,0.0,0.0
158,Device,ResourceApplyGradientDescent,SGD/SGD/update_45/ResourceApplyGradientDescent,2,6.144,3.072,6.144,3.072,0.00024942034330615513,0.9950531631910942,0.0,0.0
159,Device,ResourceApplyGradientDescent,SGD/SGD/update_5/ResourceApplyGradientDescent,2,6.144,3.072,6.144,3.072,0.00024942034330615513,0.9953025835344003,0.0,0.0
160,Device,ResourceApplyGradientDescent,SGD/SGD/update_6/ResourceApplyGradientDescent,2,6.144,3.072,6.144,3.072,0.00024942034330615513,0.9955520038777064,0.0,0.0
161,Device,ResourceApplyGradientDescent,SGD/SGD/update_7/ResourceApplyGradientDescent,2,6.144,3.072,6.144,3.072,0.00024942034330615513,0.9958014242210125,0.0,0.0
162,Device,ResourceApplyGradientDescent,SGD/SGD/update_9/ResourceApplyGradientDescent,2,6.144,3.072,6.144,3.072,0.00024942034330615513,0.9960508445643186,0.0,0.0
163,Device,DivNoNan,categorical_crossentropy/weighted_loss/value,2,6.144,3.072,6.144,3.072,0.00024942034330615513,0.9963002649076247,0.0,0.0
164,Device,DivNoNan,div_no_nan,2,6.144,3.072,6.144,3.072,0.00024942034330615513,0.9965496852509308,0.0,0.0
165,Device,DivNoNan,div_no_nan_1,2,6.144,3.072,6.144,3.072,0.00024942034330615513,0.9967991055942369,0.0,0.0
166,Device,BiasAddGrad,gradient_tape/model/dense/BiasAdd/BiasAddGrad,2,6.144,3.072,6.144,3.072,0.00024942034330615513,0.997048525937543,0.0,0.0
167,Device,BiasAdd,model/dense/BiasAdd,2,6.144,3.072,6.144,3.072,0.00024942034330615513,0.9972979462808491,0.0,0.0
168,Device,AssignAddVariableOp,AssignAddVariableOp,2,5.12,2.56,5.12,2.56,0.0002078502860884626,0.9975057965669376,0.0,0.0
169,Device,AssignAddVariableOp,AssignAddVariableOp_1,2,5.12,2.56,5.12,2.56,0.0002078502860884626,0.9977136468530261,0.0,0.0
170,Device,Mul,Mul,2,5.12,2.56,5.12,2.56,0.0002078502860884626,0.9979214971391146,0.0,0.0
171,Device,ResourceApplyGradientDescent,SGD/SGD/update_17/ResourceApplyGradientDescent,2,5.12,2.56,5.12,2.56,0.0002078502860884626,0.9981293474252031,0.0,0.0
172,Device,ResourceApplyGradientDescent,SGD/SGD/update_21/ResourceApplyGradientDescent,2,5.12,2.56,5.12,2.56,0.0002078502860884626,0.9983371977112916,0.0,0.0
173,Device,ResourceApplyGradientDescent,SGD/SGD/update_31/ResourceApplyGradientDescent,2,5.12,2.56,5.12,2.56,0.0002078502860884626,0.9985450479973801,0.0,0.0
174,Device,ResourceApplyGradientDescent,SGD/SGD/update_39/ResourceApplyGradientDescent,2,5.12,2.56,5.12,2.56,0.0002078502860884626,0.9987528982834686,0.0,0.0
175,Device,ResourceApplyGradientDescent,SGD/SGD/update_41/ResourceApplyGradientDescent,2,5.12,2.56,5.12,2.56,0.0002078502860884626,0.9989607485695571,0.0,0.0
176,Device,Sum,categorical_crossentropy/weighted_loss/Sum,2,5.12,2.56,5.12,2.56,0.0002078502860884626,0.9991685988556456,0.0,0.0
177,Device,Mul,gradient_tape/categorical_crossentropy/softmax_cross_entropy_with_logits/mul,2,5.12,2.56,5.12,2.56,0.0002078502860884626,0.9993764491417341,0.0,0.0
178,Device,AssignAddVariableOp,AssignAddVariableOp_2,2,4.096,2.048,4.096,2.048,0.0001662802288707701,0.9995427293706048,0.0,0.0
179,Device,Cast,Cast_1,2,4.096,2.048,4.096,2.048,0.0001662802288707701,0.9997090095994756,0.0,0.0
180,Device,Sum,Sum_2,2,4.096,2.048,4.096,2.048,0.0001662802288707701,0.9998752898283464,0.0,0.0
181,Device,LogicalAnd,LogicalAnd,1,3.072,3.072,3.072,3.072,0.00012471017165307757,0.9999999999999994,0.0,0.0
182,Host,IDLE,IDLE,0,101268.559,0.0,101268.559,0.0,0.0,0.0,0.9361006236985098,0.9361006236985098
183,Host,_Send,IteratorGetNext/_1,2,3030.793,1515.3965,3030.793,1515.3965,0.0,0.0,0.028015874281385574,0.9641164979798953
184,Host,GatherV2,GatherV2,2,2923.712,1461.856,2923.712,1461.856,0.0,0.0,0.02702604494169624,0.9911425429215915
185,Host,_Send,IteratorGetNext/_3,2,309.593,154.7965,309.593,154.7965,0.0,0.0,0.0028617984027272743,0.9940043413243188
186,Host,_Send,IteratorGetNext/_6,2,224.643,112.3215,224.643,112.3215,0.0,0.0,0.0020765423591097443,0.9960808836834285
187,Host,GatherV2,GatherV2_1,2,65.621,32.8105,65.621,32.8105,0.0,0.0,0.0006065837179308526,0.9966874674013594
188,Host,Dataset,Iterator::Root::ParallelMapV2,2,60.6,30.3,60.6,30.3,0.0,0.0,0.0005601708798495858,0.997247638281209
189,Host,Dataset,Iterator::Root::ParallelMapV2::Zip[1]::ForeverRepeat,2,64.43,32.215,59.84,29.92,0.0,0.0,0.0005531456344917363,0.9978007839157007
190,Host,Dataset,Iterator::Root,2,105.402,52.701,44.802,22.401,0.0,0.0,0.0004141382138452334,0.998214922129546
191,Host,IteratorGetNext,IteratorGetNext,2,43.621,21.8105,43.621,21.8105,0.0,0.0,0.0004032213523088908,0.9986181434818548
192,Host,FlushSummaryWriter,FlushSummaryWriter,1,37.28,37.28,37.28,37.28,0.0,0.0,0.00034460677229030626,0.9989627502541452
193,Host,LogicalAnd,LogicalAnd,1,30.17,30.17,30.17,30.17,0.0,0.0,0.000278883753218845,0.999241634007364
194,Host,WriteSummary,WriteSummary,1,21.77,21.77,21.77,21.77,0.0,0.0,0.00020123630452682315,0.9994428703118908
195,Host,Dataset,Iterator::Root::ParallelMapV2::Zip[0]::FlatMap[1]::TensorSlice,2,21.01,10.505,21.01,10.505,0.0,0.0,0.00019421105916897358,0.9996370813710598
196,Host,Dataset,Iterator::Root::ParallelMapV2::Zip[0]::FlatMap,2,35.121,17.5605,14.111,7.0555,0.0,0.0,0.00013043847005870472,0.9997675198411184
197,Host,Dataset,Iterator::Root::ParallelMapV2::Zip,2,110.841,55.4205,11.29,5.645,0.0,0.0,0.00010436186853963405,0.9998718817096581
198,Host,ReadVariableOp,ReadVariableOp,1,6.15,6.15,6.15,6.15,0.0,0.0,5.684902493523025e-05,0.9999287307345933
199,Host,Dataset,Iterator::Root::ParallelMapV2::Zip[1]::ForeverRepeat::FromTensor,4,4.59,1.1475,4.59,1.1475,0.0,0.0,4.242878446385477e-05,0.9999711595190571
200,Host,Identity,Identity,2,3.12,1.56,3.12,1.56,0.0,0.0,2.8840480942750955e-05,0.9999999999999999
