Rank,Host/device,Type,Operation,#Occurrences,Total time (us),Avg. time (us),Total self-time (us),Avg. self-time (us),Total self-time on Device (%),Cumulative total-self time on Device (%),Total self-time on Host (%),Cumulative total-self time on Host (%)
1,Device,IDLE,IDLE,0,14125.929,0.0,14125.929,0.0,0.02634766439417883,0.02634766439417883,0.0,0.0
2,Device,_Recv,IteratorGetNext/_2,2,8291.013,4145.5065,8291.013,4145.5065,0.015464386661703723,0.04181205105588255,0.0,0.0
3,Device,FusedBatchNormGradV3,gradient_tape/model/batch_normalization_6/FusedBatchNormGradV3,2,6037.508,3018.754,6037.508,3018.754,0.011261152067320304,0.05307320312320286,0.0,0.0
4,Device,FusedBatchNormGradV3,gradient_tape/model/batch_normalization_3/FusedBatchNormGradV3,2,6036.484,3018.242,6036.484,3018.242,0.01125924210385244,0.0643324452270553,0.0,0.0
5,Device,FusedBatchNormGradV3,gradient_tape/model/batch_normalization_9/FusedBatchNormGradV3,2,6022.148,3011.074,6022.148,3011.074,0.011232502615302346,0.07556494784235764,0.0,0.0
6,Device,FusedBatchNormGradV3,gradient_tape/model/batch_normalization/FusedBatchNormGradV3,2,5729.284,2864.642,5729.284,2864.642,0.010686253063493271,0.08625120090585091,0.0,0.0
7,Device,Conv2DBackpropFilter,gradient_tape/model/conv2d/Conv2D/Conv2DBackpropFilter,2,4668.419,2334.2095,4668.419,2334.2095,0.008707529045587581,0.09495872995143849,0.0,0.0
8,Device,MaxPoolGrad,gradient_tape/model/max_pooling2d/MaxPool/MaxPoolGrad,2,4542.467,2271.2335,4542.467,2271.2335,0.008472603539040321,0.10343133349047881,0.0,0.0
9,Device,FusedBatchNormV3,model/batch_normalization_6/FusedBatchNormV3,4,3613.699,903.42475,3613.699,903.42475,0.006740266673687772,0.11017160016416658,0.0,0.0
10,Device,FusedBatchNormV3,model/batch_normalization_9/FusedBatchNormV3,4,3599.363,899.84075,3599.363,899.84075,0.006713527185137677,0.11688512734930426,0.0,0.0
11,Device,FusedBatchNormV3,model/batch_normalization_3/FusedBatchNormV3,4,3598.338,899.5845,3598.338,899.5845,0.006711615356471115,0.12359674270577538,0.0,0.0
12,Device,ReluGrad,gradient_tape/model/activation/ReluGrad,2,3581.954,1790.977,3581.954,1790.977,0.006681055940985293,0.13027779864676067,0.0,0.0
13,Device,ReluGrad,gradient_tape/model/activation_9/ReluGrad,2,3555.33,1777.665,3555.33,1777.665,0.0066313968908208315,0.13690919553758152,0.0,0.0
14,Device,Conv2DBackpropInput,gradient_tape/model/conv2d_14/Conv2D/Conv2DBackpropInput,2,3549.186,1774.593,3549.186,1774.593,0.006619937110013648,0.14352913264759518,0.0,0.0
15,Device,ReluGrad,gradient_tape/model/activation_6/ReluGrad,2,3547.138,1773.569,3547.138,1773.569,0.0066161171830779195,0.1501452498306731,0.0,0.0
16,Device,ReluGrad,gradient_tape/model/activation_3/ReluGrad,2,3537.923,1768.9615,3537.923,1768.9615,0.006598929377065844,0.15674417920773895,0.0,0.0
17,Device,FusedBatchNormV3,model/batch_normalization/FusedBatchNormV3,4,3407.875,851.96875,3407.875,851.96875,0.00635636401664713,0.16310054322438608,0.0,0.0
18,Device,AddN,SGD/gradients/AddN_13,2,3386.371,1693.1855,3386.371,1693.1855,0.0063162547838219885,0.16941679800820808,0.0,0.0
19,Device,AddN,SGD/gradients/AddN_12,2,3378.179,1689.0895,3378.179,1689.0895,0.006300975076079077,0.17571777308428715,0.0,0.0
20,Device,AddN,SGD/gradients/AddN_14,2,3378.178,1689.089,3378.178,1689.089,0.006300973210880378,0.18201874629516754,0.0,0.0
21,Device,Conv2D,model/conv2d/Conv2D,2,3306.499,1653.2495,3306.499,1653.2495,0.0061672776333286045,0.18818602392849615,0.0,0.0
22,Device,AddV2,model/add_1/add,2,3273.73,1636.865,3273.73,1636.865,0.006106156937158261,0.19429218086565442,0.0,0.0
23,Device,AddV2,model/add/add,2,3269.635,1634.8175,3269.635,1634.8175,0.006098518948485505,0.20039069981413993,0.0,0.0
24,Device,AddV2,model/add_2/add,2,3267.586,1633.793,3267.586,1633.793,0.0060946971563510775,0.206485396970491,0.0,0.0
25,Device,Conv2DBackpropFilter,gradient_tape/model/conv2d_6/Conv2D/Conv2DBackpropFilter,2,3077.122,1538.561,3077.122,1538.561,0.005739443951328393,0.2122248409218194,0.0,0.0
26,Device,Conv2DBackpropFilter,gradient_tape/model/conv2d_9/Conv2D/Conv2DBackpropFilter,2,3076.099,1538.0495,3076.099,1538.0495,0.005737535853059229,0.21796237677487862,0.0,0.0
27,Device,Conv2DBackpropFilter,gradient_tape/model/conv2d_2/Conv2D/Conv2DBackpropFilter,2,3072.002,1536.001,3072.002,1536.001,0.005729894133989074,0.2236922709088677,0.0,0.0
28,Device,FusedBatchNormGradV3,gradient_tape/model/batch_normalization_18/FusedBatchNormGradV3,2,2891.778,1445.889,2891.778,1445.889,0.005393740563645028,0.22908601147251273,0.0,0.0
29,Device,Conv2DBackpropFilter,gradient_tape/model/conv2d_7/Conv2D/Conv2DBackpropFilter,2,2879.49,1439.745,2879.49,1439.745,0.005370821002030662,0.23445683247454338,0.0,0.0
30,Device,Conv2DBackpropFilter,gradient_tape/model/conv2d_3/Conv2D/Conv2DBackpropFilter,2,2873.346,1436.673,2873.346,1436.673,0.005359361221223479,0.23981619369576687,0.0,0.0
31,Device,Conv2DBackpropFilter,gradient_tape/model/conv2d_10/Conv2D/Conv2DBackpropFilter,2,2872.321,1436.1605,2872.321,1436.1605,0.005357449392556916,0.2451736430883238,0.0,0.0
32,Device,FusedBatchNormGradV3,gradient_tape/model/batch_normalization_12/FusedBatchNormGradV3,2,2871.298,1435.649,2871.298,1435.649,0.0053555412942877505,0.2505291843826115,0.0,0.0
33,Device,Conv2DBackpropFilter,gradient_tape/model/conv2d_4/Conv2D/Conv2DBackpropFilter,2,2868.226,1434.113,2868.226,1434.113,0.00534981140388416,0.2558789957864957,0.0,0.0
34,Device,FusedBatchNormGradV3,gradient_tape/model/batch_normalization_15/FusedBatchNormGradV3,2,2866.178,1433.089,2866.178,1433.089,0.005345991476948432,0.2612249872634441,0.0,0.0
35,Device,FusedBatchNormGradV3,gradient_tape/model/batch_normalization_21/FusedBatchNormGradV3,2,2866.178,1433.089,2866.178,1433.089,0.005345991476948432,0.26657097874039254,0.0,0.0
36,Device,Conv2DBackpropInput,gradient_tape/model/conv2d_27/Conv2D/Conv2DBackpropInput,2,2760.706,1380.353,2760.706,1380.353,0.005149265239758451,0.271720243980151,0.0,0.0
37,Device,Conv2D,model/conv2d_14/Conv2D,2,2732.034,1366.017,2732.034,1366.017,0.005095786262658262,0.27681603024280926,0.0,0.0
38,Device,Conv2DBackpropInput,gradient_tape/model/conv2d_46/Conv2D/Conv2DBackpropInput,2,2729.986,1364.993,2729.986,1364.993,0.005091966335722534,0.28190799657853177,0.0,0.0
39,Device,Conv2DBackpropInput,gradient_tape/model/conv2d_11/Conv2D/Conv2DBackpropInput,2,2619.394,1309.697,2619.394,1309.697,0.0048856902811932335,0.286793686859725,0.0,0.0
40,Device,Conv2DBackpropFilter,gradient_tape/model/conv2d_8/Conv2D/Conv2DBackpropFilter,2,2603.009,1301.5045,2603.009,1301.5045,0.0048551290005087126,0.2916488158602337,0.0,0.0
41,Device,Conv2DBackpropFilter,gradient_tape/model/conv2d_5/Conv2D/Conv2DBackpropFilter,2,2580.482,1290.241,2580.482,1290.241,0.004813111669414406,0.2964619275296481,0.0,0.0
42,Device,Conv2DBackpropFilter,gradient_tape/model/conv2d_14/Conv2D/Conv2DBackpropFilter,2,2570.241,1285.1205,2570.241,1285.1205,0.004794010169537068,0.3012559376991852,0.0,0.0
43,Device,Conv2DBackpropFilter,gradient_tape/model/conv2d_27/Conv2D/Conv2DBackpropFilter,2,2482.178,1241.089,2482.178,1241.089,0.004629755176499472,0.3058856928756847,0.0,0.0
44,Device,Conv2D,model/conv2d_46/Conv2D,4,2461.698,615.4245,2461.698,615.4245,0.0045915559071421945,0.3104772487828269,0.0,0.0
45,Device,BiasAdd,model/conv2d_3/BiasAdd,2,2405.377,1202.6885,2405.377,1202.6885,0.004486506051210981,0.3149637548340379,0.0,0.0
46,Device,BiasAdd,model/conv2d_4/BiasAdd,2,2402.306,1201.153,2402.306,1201.153,0.004480778026006089,0.319444532860044,0.0,0.0
47,Device,BiasAdd,model/conv2d/BiasAdd,2,2393.09,1196.545,2393.09,1196.545,0.004463588354795314,0.3239081212148393,0.0,0.0
48,Device,BiasAdd,model/conv2d_10/BiasAdd,2,2393.089,1196.5445,2393.089,1196.5445,0.004463586489596614,0.3283717077044359,0.0,0.0
49,Device,BiasAdd,model/conv2d_7/BiasAdd,2,2391.041,1195.5205,2391.041,1195.5205,0.004459766562660887,0.3328314742670968,0.0,0.0
50,Device,Conv2D,model/conv2d_27/Conv2D,2,2321.41,1160.705,2321.41,1160.705,0.004329890912044841,0.33716136517914164,0.0,0.0
51,Device,Conv2DBackpropFilter,gradient_tape/model/conv2d_46/Conv2D/Conv2DBackpropFilter,4,2283.522,570.8805,2283.522,570.8805,0.004259222263733878,0.3414205874428755,0.0,0.0
52,Device,Conv2DBackpropInput,gradient_tape/model/conv2d_5/Conv2D/Conv2DBackpropInput,2,2248.705,1124.3525,2248.705,1124.3525,0.004194281640627805,0.3456148690835033,0.0,0.0
53,Device,Conv2DBackpropInput,gradient_tape/model/conv2d_8/Conv2D/Conv2DBackpropInput,2,2248.705,1124.3525,2248.705,1124.3525,0.004194281640627805,0.3498091507241311,0.0,0.0
54,Device,Relu,model/activation_9/Relu,2,2211.842,1105.921,2211.842,1105.921,0.004125524820983405,0.3539346755451145,0.0,0.0
55,Device,Relu,model/activation_6/Relu,2,2206.721,1103.3605,2206.721,1103.3605,0.004115973138445386,0.35805064868355985,0.0,0.0
56,Device,Relu,model/activation/Relu,2,2202.625,1101.3125,2202.625,1101.3125,0.004108333284573931,0.3621589819681338,0.0,0.0
57,Device,Relu,model/activation_3/Relu,2,2201.602,1100.801,2201.602,1100.801,0.004106425186304765,0.36626540715443856,0.0,0.0
58,Device,Conv2D,model/conv2d_3/Conv2D,4,2137.09,534.2725,2137.09,534.2725,0.003986097487829341,0.3702515046422679,0.0,0.0
59,Device,Conv2D,model/conv2d_7/Conv2D,4,2130.946,532.7365,2130.946,532.7365,0.0039746377070221574,0.3742261423492901,0.0,0.0
60,Device,Conv2D,model/conv2d_4/Conv2D,4,2130.945,532.73625,2130.945,532.73625,0.003974635841823459,0.37820077819111353,0.0,0.0
61,Device,Conv2D,model/conv2d_10/Conv2D,4,2121.73,530.4325,2121.73,530.4325,0.003957448035811382,0.3821582262269249,0.0,0.0
62,Device,Conv2DBackpropFilter,gradient_tape/model/conv2d_22/Conv2D/Conv2DBackpropFilter,2,1995.777,997.8885,1995.777,997.8885,0.0037225206640654246,0.38588074689099033,0.0,0.0
63,Device,Conv2DBackpropFilter,gradient_tape/model/conv2d_12/Conv2D/Conv2DBackpropFilter,2,1993.729,996.8645,1993.729,996.8645,0.003718700737129697,0.38959944762812004,0.0,0.0
64,Device,Conv2DBackpropFilter,gradient_tape/model/conv2d_19/Conv2D/Conv2DBackpropFilter,2,1988.61,994.305,1988.61,994.305,0.003709152784989076,0.3933086004131091,0.0,0.0
65,Device,Conv2DBackpropFilter,gradient_tape/model/conv2d_16/Conv2D/Conv2DBackpropFilter,2,1984.513,992.2565,1984.513,992.2565,0.0037015110659189216,0.39701011147902804,0.0,0.0
66,Device,Conv2DBackpropFilter,gradient_tape/model/conv2d_17/Conv2D/Conv2DBackpropFilter,2,1964.034,982.017,1964.034,982.017,0.003663313661760343,0.4006734251407884,0.0,0.0
67,Device,Conv2DBackpropFilter,gradient_tape/model/conv2d_23/Conv2D/Conv2DBackpropFilter,2,1961.985,980.9925,1961.985,980.9925,0.003659491869625916,0.40433291701041435,0.0,0.0
68,Device,Conv2DBackpropFilter,gradient_tape/model/conv2d_13/Conv2D/Conv2DBackpropFilter,2,1944.577,972.2885,1944.577,972.2885,0.00362702249067223,0.40795993950108655,0.0,0.0
69,Device,Conv2DBackpropFilter,gradient_tape/model/conv2d_20/Conv2D/Conv2DBackpropFilter,2,1938.433,969.2165,1938.433,969.2165,0.0036155627098650466,0.4115755022109516,0.0,0.0
70,Device,Conv2DBackpropFilter,gradient_tape/model/conv2d_15/Conv2D/Conv2DBackpropFilter,2,1889.281,944.6405,1889.281,944.6405,0.00352388446340758,0.4150993866743592,0.0,0.0
71,Device,Conv2DBackpropFilter,gradient_tape/model/conv2d_21/Conv2D/Conv2DBackpropFilter,2,1868.802,934.401,1868.802,934.401,0.003485687059249001,0.4185850737336082,0.0,0.0
72,Device,Conv2DBackpropFilter,gradient_tape/model/conv2d_18/Conv2D/Conv2DBackpropFilter,2,1862.657,931.3285,1862.657,931.3285,0.0034742254132431186,0.4220592991468513,0.0,0.0
73,Device,FusedBatchNormV3,model/batch_normalization_12/FusedBatchNormV3,4,1764.353,441.08825,1764.353,441.08825,0.003290868920328185,0.4253501680671795,0.0,0.0
74,Device,ReluGrad,gradient_tape/model/activation_12/ReluGrad,2,1759.233,879.6165,1759.233,879.6165,0.0032813191029888653,0.42863148717016836,0.0,0.0
75,Device,FusedBatchNormV3,model/batch_normalization_18/FusedBatchNormV3,4,1753.089,438.27225,1753.089,438.27225,0.003269859322181682,0.43190134649235,0.0,0.0
76,Device,ReluGrad,gradient_tape/model/activation_18/ReluGrad,2,1752.065,876.0325,1752.065,876.0325,0.0032679493587138182,0.43516929585106384,0.0,0.0
77,Device,ReluGrad,gradient_tape/model/activation_15/ReluGrad,2,1747.969,873.9845,1747.969,873.9845,0.0032603095048423627,0.4384296053559062,0.0,0.0
78,Device,ReluGrad,gradient_tape/model/activation_21/ReluGrad,2,1739.777,869.8885,1739.777,869.8885,0.0032450297970994515,0.44167463515300565,0.0,0.0
79,Device,FusedBatchNormV3,model/batch_normalization_21/FusedBatchNormV3,4,1725.441,431.36025,1725.441,431.36025,0.003218290308549357,0.444892925461555,0.0,0.0
80,Device,FusedBatchNormV3,model/batch_normalization_15/FusedBatchNormV3,4,1720.321,430.08025,1720.321,430.08025,0.0032087404912100373,0.44810166595276507,0.0,0.0
81,Device,AddN,SGD/gradients/AddN_10,2,1692.673,846.3365,1692.673,846.3365,0.0031571714775777125,0.4512588374303428,0.0,0.0
82,Device,AddN,SGD/gradients/AddN_8,2,1690.625,845.3125,1690.625,845.3125,0.0031533515506419847,0.4544121889809848,0.0,0.0
83,Device,AddN,SGD/gradients/AddN_9,2,1688.577,844.2885,1688.577,844.2885,0.003149531623706257,0.457561720604691,0.0,0.0
84,Device,AddN,SGD/gradients/AddN_11,2,1682.434,841.217,1682.434,841.217,0.0031380737080977726,0.4606997943127888,0.0,0.0
85,Device,Conv2DBackpropInput,gradient_tape/model/conv2d_15/Conv2D/Conv2DBackpropInput,2,1673.217,836.6085,1673.217,836.6085,0.0031208821716882987,0.4638206764844771,0.0,0.0
86,Device,Conv2DBackpropInput,gradient_tape/model/conv2d_18/Conv2D/Conv2DBackpropInput,2,1668.097,834.0485,1668.097,834.0485,0.003111332354348979,0.4669320088388261,0.0,0.0
87,Device,Conv2DBackpropInput,gradient_tape/model/conv2d_21/Conv2D/Conv2DBackpropInput,2,1667.073,833.5365,1667.073,833.5365,0.0031094223908811154,0.4700414312297072,0.0,0.0
88,Device,AddV2,model/add_5/add,2,1649.665,824.8325,1649.665,824.8325,0.003076953011927429,0.47311838424163466,0.0,0.0
89,Device,AddV2,model/add_3/add,2,1636.353,818.1765,1636.353,818.1765,0.0030521234868451986,0.47617050772847985,0.0,0.0
90,Device,AddV2,model/add_4/add,2,1633.281,816.6405,1633.281,816.6405,0.0030463935964416067,0.47921690132492145,0.0,0.0
91,Device,AddV2,model/add_6/add,2,1631.233,815.6165,1631.233,815.6165,0.003042573669505879,0.48225947499442734,0.0,0.0
92,Device,Conv2D,model/conv2d_9/Conv2D,2,1588.224,794.112,1588.224,794.112,0.0029623533386568964,0.48522182833308425,0.0,0.0
93,Device,Conv2DBackpropInput,gradient_tape/model/conv2d_2/Conv2D/Conv2DBackpropInput,2,1585.153,792.5765,1585.153,792.5765,0.002956625313452004,0.4881784536465362,0.0,0.0
94,Device,Conv2D,model/conv2d_2/Conv2D,2,1579.009,789.5045,1579.009,789.5045,0.0029451655326448206,0.49112361917918107,0.0,0.0
95,Device,Conv2DBackpropInput,gradient_tape/model/conv2d_6/Conv2D/Conv2DBackpropInput,2,1576.961,788.4805,1576.961,788.4805,0.002941345605709093,0.49406496478489015,0.0,0.0
96,Device,Conv2D,model/conv2d_6/Conv2D,2,1574.913,787.4565,1574.913,787.4565,0.002937525678773365,0.4970024904636635,0.0,0.0
97,Device,Conv2DBackpropInput,gradient_tape/model/conv2d_9/Conv2D/Conv2DBackpropInput,2,1573.889,786.9445,1573.889,786.9445,0.002935615715305501,0.499938106178969,0.0,0.0
98,Device,Conv2DBackpropFilter,gradient_tape/model/conv2d_44/Conv2D/Conv2DBackpropFilter,2,1479.681,739.8405,1479.681,739.8405,0.0027598990762620233,0.502698005255231,0.0,0.0
99,Device,Conv2DBackpropInput,gradient_tape/model/conv2d_24/Conv2D/Conv2DBackpropInput,2,1475.585,737.7925,1475.585,737.7925,0.0027522592223905677,0.5054502644776215,0.0,0.0
100,Device,Conv2DBackpropFilter,gradient_tape/model/conv2d_51/Conv2D/Conv2DBackpropFilter,2,1470.465,735.2325,1470.465,735.2325,0.002742709405051248,0.5081929738826728,0.0,0.0
101,Device,Conv2D,model/conv2d_17/Conv2D,4,1467.393,366.84825,1467.393,366.84825,0.0027369795146476566,0.5109299533973205,0.0,0.0
102,Device,Conv2D,model/conv2d_23/Conv2D,4,1460.225,365.05625,1460.225,365.05625,0.002723609770372609,0.5136535631676931,0.0,0.0
103,Device,Conv2DBackpropFilter,gradient_tape/model/conv2d_48/Conv2D/Conv2DBackpropFilter,2,1458.177,729.0885,1458.177,729.0885,0.0027197898434368813,0.51637335301113,0.0,0.0
104,Device,Conv2DBackpropFilter,gradient_tape/model/conv2d_1/Conv2D/Conv2DBackpropFilter,2,1449.985,724.9925,1449.985,724.9925,0.0027045101356939698,0.5190778631468239,0.0,0.0
105,Device,FusedBatchNormGradV3,gradient_tape/model/batch_normalization_4/FusedBatchNormGradV3,2,1446.913,723.4565,1446.913,723.4565,0.0026987802452903783,0.5217766433921143,0.0,0.0
106,Device,FusedBatchNormGradV3,gradient_tape/model/batch_normalization_2/FusedBatchNormGradV3,2,1443.841,721.9205,1443.841,721.9205,0.0026930503548867864,0.524469693747001,0.0,0.0
107,Device,FusedBatchNormGradV3,gradient_tape/model/batch_normalization_1/FusedBatchNormGradV3,2,1440.769,720.3845,1440.769,720.3845,0.002687320464483195,0.5271570142114842,0.0,0.0
108,Device,FusedBatchNormGradV3,gradient_tape/model/batch_normalization_7/FusedBatchNormGradV3,2,1437.698,718.849,1437.698,718.849,0.0026815924392783025,0.5298386066507625,0.0,0.0
109,Device,FusedBatchNormGradV3,gradient_tape/model/batch_normalization_5/FusedBatchNormGradV3,2,1435.649,717.8245,1435.649,717.8245,0.0026777706471438753,0.5325163772979065,0.0,0.0
110,Device,FusedBatchNormGradV3,gradient_tape/model/batch_normalization_8/FusedBatchNormGradV3,2,1434.624,717.312,1434.624,717.312,0.0026758588184773125,0.5351922361163838,0.0,0.0
111,Device,Conv2D,model/conv2d_5/Conv2D,2,1430.528,715.264,1430.528,715.264,0.002668218964605857,0.5378604550809897,0.0,0.0
112,Device,Conv2D,model/conv2d_8/Conv2D,2,1427.457,713.7285,1427.457,713.7285,0.0026624909394009646,0.5405229460203906,0.0,0.0
113,Device,FusedBatchNormGradV3,gradient_tape/model/batch_normalization_36/FusedBatchNormGradV3,2,1425.409,712.7045,1425.409,712.7045,0.0026586710124652368,0.5431816170328558,0.0,0.0
114,Device,FusedBatchNormGradV3,gradient_tape/model/batch_normalization_27/FusedBatchNormGradV3,2,1423.362,711.681,1423.362,711.681,0.002654852950728208,0.545836469983584,0.0,0.0
115,Device,FusedBatchNormGradV3,gradient_tape/model/batch_normalization_30/FusedBatchNormGradV3,2,1423.362,711.681,1423.362,711.681,0.002654852950728208,0.5484913229343122,0.0,0.0
116,Device,FusedBatchNormGradV3,gradient_tape/model/batch_normalization_24/FusedBatchNormGradV3,2,1423.361,711.6805,1423.361,711.6805,0.002654851085529509,0.5511461740198418,0.0,0.0
117,Device,FusedBatchNormGradV3,gradient_tape/model/batch_normalization_33/FusedBatchNormGradV3,2,1422.337,711.1685,1422.337,711.1685,0.002652941122061645,0.5537991151419034,0.0,0.0
118,Device,FusedBatchNormGradV3,gradient_tape/model/batch_normalization_39/FusedBatchNormGradV3,2,1420.289,710.1445,1420.289,710.1445,0.002649121195125917,0.5564482363370293,0.0,0.0
119,Device,Conv2D,model/conv2d_13/Conv2D,4,1410.05,352.5125,1410.05,352.5125,0.0026300234256459772,0.5590782597626753,0.0,0.0
120,Device,Conv2DBackpropInput,gradient_tape/model/conv2d_3/Conv2D/Conv2DBackpropInput,2,1405.953,702.9765,1405.953,702.9765,0.0026223817065758226,0.5617006414692511,0.0,0.0
121,Device,Conv2DBackpropInput,gradient_tape/model/conv2d_4/Conv2D/Conv2DBackpropInput,2,1397.761,698.8805,1397.761,698.8805,0.0026071019988329115,0.5643077434680841,0.0,0.0
122,Device,Conv2DBackpropInput,gradient_tape/model/conv2d_7/Conv2D/Conv2DBackpropInput,2,1397.761,698.8805,1397.761,698.8805,0.0026071019988329115,0.5669148454669171,0.0,0.0
123,Device,Conv2D,model/conv2d_20/Conv2D,4,1395.713,348.92825,1395.713,348.92825,0.0026032820718971837,0.5695181275388143,0.0,0.0
124,Device,Conv2DBackpropInput,gradient_tape/model/conv2d_10/Conv2D/Conv2DBackpropInput,2,1394.689,697.3445,1394.689,697.3445,0.00260137210842932,0.5721194996472436,0.0,0.0
125,Device,MaxPool,model/max_pooling2d/MaxPool,2,1379.329,689.6645,1379.329,689.6645,0.0025727226564113614,0.574692222303655,0.0,0.0
126,Device,Conv2D,model/conv2d_15/Conv2D,2,1346.561,673.2805,1346.561,673.2805,0.002511603825439717,0.5772038261290947,0.0,0.0
127,Device,Conv2D,model/conv2d_18/Conv2D,2,1324.033,662.0165,1324.033,662.0165,0.0024695846291467112,0.5796734107582414,0.0,0.0
128,Device,Conv2D,model/conv2d_21/Conv2D,2,1323.009,661.5045,1323.009,661.5045,0.0024676746656788475,0.5821410854239203,0.0,0.0
129,Device,Conv2DBackpropInput,gradient_tape/model/conv2d_20/Conv2D/Conv2DBackpropInput,2,1302.529,651.2645,1302.529,651.2645,0.0024294753963215697,0.5845705608202418,0.0,0.0
130,Device,Conv2DBackpropInput,gradient_tape/model/conv2d_13/Conv2D/Conv2DBackpropInput,2,1300.481,650.2405,1300.481,650.2405,0.002425655469385842,0.5869962162896277,0.0,0.0
131,Device,Conv2DBackpropInput,gradient_tape/model/conv2d_23/Conv2D/Conv2DBackpropInput,2,1300.48,650.24,1300.48,650.24,0.002425653604187143,0.5894218698938148,0.0,0.0
132,Device,Conv2DBackpropInput,gradient_tape/model/conv2d_17/Conv2D/Conv2DBackpropInput,2,1295.361,647.6805,1295.361,647.6805,0.0024161056520465227,0.5918379755458614,0.0,0.0
133,Device,Conv2DBackpropInput,gradient_tape/model/conv2d_16/Conv2D/Conv2DBackpropInput,2,1254.401,627.2005,1254.401,627.2005,0.002339707113331967,0.5941776826591934,0.0,0.0
134,Device,Conv2DBackpropInput,gradient_tape/model/conv2d_19/Conv2D/Conv2DBackpropInput,2,1254.401,627.2005,1254.401,627.2005,0.002339707113331967,0.5965173897725253,0.0,0.0
135,Device,Conv2D,model/conv2d_12/Conv2D,2,1254.401,627.2005,1254.401,627.2005,0.002339707113331967,0.5988570968858573,0.0,0.0
136,Device,Conv2DBackpropInput,gradient_tape/model/conv2d_12/Conv2D/Conv2DBackpropInput,2,1252.353,626.1765,1252.353,626.1765,0.002335887186396239,0.6011929840722535,0.0,0.0
137,Device,Conv2D,model/conv2d_19/Conv2D,2,1251.329,625.6645,1251.329,625.6645,0.002333977222928375,0.6035269612951819,0.0,0.0
138,Device,Conv2D,model/conv2d_22/Conv2D,2,1250.306,625.153,1250.306,625.153,0.0023320691246592105,0.6058590304198411,0.0,0.0
139,Device,Conv2DBackpropInput,gradient_tape/model/conv2d_22/Conv2D/Conv2DBackpropInput,2,1249.281,624.6405,1249.281,624.6405,0.0023301572959926473,0.6081891877158337,0.0,0.0
140,Device,Conv2D,model/conv2d_16/Conv2D,2,1249.281,624.6405,1249.281,624.6405,0.0023301572959926473,0.6105193450118264,0.0,0.0
141,Device,Conv2DBackpropFilter,gradient_tape/model/conv2d_36/Conv2D/Conv2DBackpropFilter,2,1248.257,624.1285,1248.257,624.1285,0.0023282473325247836,0.6128475923443512,0.0,0.0
142,Device,Conv2DBackpropFilter,gradient_tape/model/conv2d_39/Conv2D/Conv2DBackpropFilter,2,1248.256,624.128,1248.256,624.128,0.0023282454673260846,0.6151758378116773,0.0,0.0
143,Device,Conv2DBackpropFilter,gradient_tape/model/conv2d_42/Conv2D/Conv2DBackpropFilter,2,1246.208,623.104,1246.208,623.104,0.002324425540390357,0.6175002633520676,0.0,0.0
144,Device,Conv2DBackpropFilter,gradient_tape/model/conv2d_30/Conv2D/Conv2DBackpropFilter,2,1245.185,622.5925,1245.185,622.5925,0.0023225174421211917,0.6198227807941888,0.0,0.0
145,Device,Conv2DBackpropFilter,gradient_tape/model/conv2d_33/Conv2D/Conv2DBackpropFilter,2,1242.113,621.0565,1242.113,621.0565,0.0023167875517176003,0.6221395683459064,0.0,0.0
146,Device,Conv2DBackpropFilter,gradient_tape/model/conv2d_26/Conv2D/Conv2DBackpropFilter,2,1241.089,620.5445,1241.089,620.5445,0.002314877588249736,0.6244544459341562,0.0,0.0
147,Device,Conv2DBackpropFilter,gradient_tape/model/conv2d_31/Conv2D/Conv2DBackpropFilter,2,1233.921,616.9605,1233.921,616.9605,0.002301507843974689,0.6267559537781309,0.0,0.0
148,Device,Conv2DBackpropFilter,gradient_tape/model/conv2d_28/Conv2D/Conv2DBackpropFilter,2,1232.897,616.4485,1232.897,616.4485,0.002299597880506825,0.6290555516586377,0.0,0.0
149,Device,Conv2DBackpropFilter,gradient_tape/model/conv2d_34/Conv2D/Conv2DBackpropFilter,2,1231.873,615.9365,1231.873,615.9365,0.0022976879170389613,0.6313532395756767,0.0,0.0
150,Device,Conv2DBackpropFilter,gradient_tape/model/conv2d_40/Conv2D/Conv2DBackpropFilter,2,1230.849,615.4245,1230.849,615.4245,0.0022957779535710972,0.6336490175292477,0.0,0.0
151,Device,Conv2DBackpropFilter,gradient_tape/model/conv2d_37/Conv2D/Conv2DBackpropFilter,2,1229.825,614.9125,1229.825,614.9125,0.0022938679901032336,0.635942885519351,0.0,0.0
152,Device,Conv2DBackpropFilter,gradient_tape/model/conv2d_11/Conv2D/Conv2DBackpropFilter,2,1222.657,611.3285,1222.657,611.3285,0.002280498245828186,0.6382233837651792,0.0,0.0
153,Device,Conv2DBackpropInput,gradient_tape/model/conv2d_45/Conv2D/Conv2DBackpropInput,2,1219.585,609.7925,1219.585,609.7925,0.0022747683554245946,0.6404981521206038,0.0,0.0
154,Device,Conv2DBackpropInput,gradient_tape/model/conv2d_52/Conv2D/Conv2DBackpropInput,2,1212.417,606.2085,1212.417,606.2085,0.002261398611149547,0.6427595507317534,0.0,0.0
155,Device,Conv2DBackpropInput,gradient_tape/model/conv2d_49/Conv2D/Conv2DBackpropInput,2,1205.249,602.6245,1205.249,602.6245,0.0022480288668745,0.6450075795986279,0.0,0.0
156,Device,BiasAdd,model/conv2d_14/BiasAdd,2,1201.152,600.576,1201.152,600.576,0.0022403871478043455,0.6472479667464323,0.0,0.0
157,Device,BiasAdd,model/conv2d_17/BiasAdd,2,1198.081,599.0405,1198.081,599.0405,0.0022346591225994527,0.6494826258690317,0.0,0.0
158,Device,BiasAdd,model/conv2d_23/BiasAdd,2,1195.009,597.5045,1195.009,597.5045,0.002228929232195861,0.6517115551012276,0.0,0.0
159,Device,BiasAdd,model/conv2d_20/BiasAdd,2,1193.985,596.9925,1193.985,596.9925,0.002227019268727997,0.6539385743699556,0.0,0.0
160,Device,BiasAdd,model/conv2d_13/BiasAdd,2,1193.984,596.992,1193.984,596.992,0.002227017403529298,0.6561655917734849,0.0,0.0
161,Device,Conv2DBackpropInput,gradient_tape/model/conv2d_42/Conv2D/Conv2DBackpropInput,2,1174.53,587.265,1174.53,587.265,0.0021907318280372824,0.6583563236015222,0.0,0.0
162,Device,Conv2DBackpropInput,gradient_tape/model/conv2d_36/Conv2D/Conv2DBackpropInput,2,1174.529,587.2645,1174.529,587.2645,0.0021907299628385834,0.6605470535643607,0.0,0.0
163,Device,Conv2DBackpropInput,gradient_tape/model/conv2d_39/Conv2D/Conv2DBackpropInput,2,1172.481,586.2405,1172.481,586.2405,0.0021869100359028556,0.6627339636002636,0.0,0.0
164,Device,Conv2DBackpropInput,gradient_tape/model/conv2d_30/Conv2D/Conv2DBackpropInput,2,1171.457,585.7285,1171.457,585.7285,0.002185000072434992,0.6649189636726985,0.0,0.0
165,Device,Conv2DBackpropInput,gradient_tape/model/conv2d_26/Conv2D/Conv2DBackpropInput,2,1168.385,584.1925,1168.385,584.1925,0.0021792701820314,0.6670982338547299,0.0,0.0
166,Device,Conv2DBackpropInput,gradient_tape/model/conv2d_33/Conv2D/Conv2DBackpropInput,2,1167.361,583.6805,1167.361,583.6805,0.0021773602185635363,0.6692755940732934,0.0,0.0
167,Device,Conv2DBackpropInput,gradient_tape/model/conv2d_37/Conv2D/Conv2DBackpropInput,2,1164.289,582.1445,1164.289,582.1445,0.0021716303281599444,0.6714472244014533,0.0,0.0
168,Device,Conv2DBackpropInput,gradient_tape/model/conv2d_40/Conv2D/Conv2DBackpropInput,2,1162.241,581.1205,1162.241,581.1205,0.0021678104012242167,0.6736150348026776,0.0,0.0
169,Device,Conv2DBackpropInput,gradient_tape/model/conv2d_28/Conv2D/Conv2DBackpropInput,2,1162.24,581.12,1162.24,581.12,0.0021678085360255176,0.6757828433387031,0.0,0.0
170,Device,Conv2DBackpropInput,gradient_tape/model/conv2d_31/Conv2D/Conv2DBackpropInput,2,1160.193,580.0965,1160.193,580.0965,0.002163990474288489,0.6779468338129916,0.0,0.0
171,Device,Conv2DBackpropInput,gradient_tape/model/conv2d_34/Conv2D/Conv2DBackpropInput,2,1153.025,576.5125,1153.025,576.5125,0.002150620730013442,0.6800974545430051,0.0,0.0
172,Device,Conv2D,model/conv2d_47/Conv2D,2,1152.001,576.0005,1152.001,576.0005,0.0021487107665455777,0.6822461653095506,0.0,0.0
173,Device,Conv2D,model/conv2d_50/Conv2D,2,1147.904,573.952,1147.904,573.952,0.002141069047475423,0.6843872343570261,0.0,0.0
174,Device,Conv2D,model/conv2d_25/Conv2D,2,1126.4,563.2,1126.4,563.2,0.002100959814650281,0.6864881941716764,0.0,0.0
175,Device,Conv2D,model/conv2d_35/Conv2D,2,1124.353,562.1765,1124.353,562.1765,0.0020971417529132524,0.6885853359245896,0.0,0.0
176,Device,Conv2D,model/conv2d_32/Conv2D,2,1123.329,561.6645,1123.329,561.6645,0.0020952317894453883,0.690680567714035,0.0,0.0
177,Device,Conv2D,model/conv2d_38/Conv2D,2,1122.305,561.1525,1122.305,561.1525,0.0020933218259775246,0.6927738895400125,0.0,0.0
178,Device,Conv2D,model/conv2d_29/Conv2D,2,1120.257,560.1285,1120.257,560.1285,0.002089501899041797,0.6948633914390543,0.0,0.0
179,Device,Conv2D,model/conv2d_41/Conv2D,2,1118.208,559.104,1118.208,559.104,0.00208568010690737,0.6969490715459616,0.0,0.0
180,Device,Conv2DBackpropInput,gradient_tape/model/conv2d_25/Conv2D/Conv2DBackpropInput,2,1108.993,554.4965,1108.993,554.4965,0.002068492300895294,0.699017563846857,0.0,0.0
181,Device,Relu,model/activation_18/Relu,2,1108.993,554.4965,1108.993,554.4965,0.002068492300895294,0.7010860561477523,0.0,0.0
182,Device,Relu,model/activation_12/Relu,2,1106.945,553.4725,1106.945,553.4725,0.002064672373959566,0.7031507285217119,0.0,0.0
183,Device,Conv2D,model/conv2d_51/Conv2D,2,1104.897,552.4485,1104.897,552.4485,0.0020608524470238383,0.7052115809687357,0.0,0.0
184,Device,Relu,model/activation_15/Relu,2,1103.873,551.9365,1103.873,551.9365,0.0020589424835559746,0.7072705234522917,0.0,0.0
185,Device,Conv2DBackpropInput,gradient_tape/model/conv2d_38/Conv2D/Conv2DBackpropInput,2,1102.849,551.4245,1102.849,551.4245,0.0020570325200881105,0.7093275559723798,0.0,0.0
186,Device,Conv2D,model/conv2d_48/Conv2D,2,1102.849,551.4245,1102.849,551.4245,0.0020570325200881105,0.711384588492468,0.0,0.0
187,Device,Relu,model/activation_21/Relu,2,1102.848,551.424,1102.848,551.424,0.0020570306548894114,0.7134416191473574,0.0,0.0
188,Device,Conv2D,model/conv2d_44/Conv2D,2,1102.848,551.424,1102.848,551.424,0.0020570306548894114,0.7154986498022468,0.0,0.0
189,Device,Conv2DBackpropInput,gradient_tape/model/conv2d_41/Conv2D/Conv2DBackpropInput,2,1101.826,550.913,1101.826,550.913,0.002055124421818946,0.7175537742240657,0.0,0.0
190,Device,Conv2DBackpropInput,gradient_tape/model/conv2d_35/Conv2D/Conv2DBackpropInput,2,1101.825,550.9125,1101.825,550.9125,0.002055122556620247,0.719608896780686,0.0,0.0
191,Device,Conv2DBackpropFilter,gradient_tape/model/conv2d_25/Conv2D/Conv2DBackpropFilter,2,1098.753,549.3765,1098.753,549.3765,0.002049392666216655,0.7216582894469026,0.0,0.0
192,Device,Conv2DBackpropInput,gradient_tape/model/conv2d_32/Conv2D/Conv2DBackpropInput,2,1097.729,548.8645,1097.729,548.8645,0.0020474827027487912,0.7237057721496514,0.0,0.0
193,Device,Conv2DBackpropInput,gradient_tape/model/conv2d_29/Conv2D/Conv2DBackpropInput,2,1095.681,547.8405,1095.681,547.8405,0.0020436627758130634,0.7257494349254644,0.0,0.0
194,Device,Conv2DBackpropFilter,gradient_tape/model/conv2d_35/Conv2D/Conv2DBackpropFilter,2,1091.585,545.7925,1091.585,545.7925,0.002036022921941608,0.727785457847406,0.0,0.0
195,Device,Conv2DBackpropFilter,gradient_tape/model/conv2d_38/Conv2D/Conv2DBackpropFilter,2,1091.585,545.7925,1091.585,545.7925,0.002036022921941608,0.7298214807693476,0.0,0.0
196,Device,Conv2DBackpropFilter,gradient_tape/model/conv2d_29/Conv2D/Conv2DBackpropFilter,2,1089.537,544.7685,1089.537,544.7685,0.00203220299500588,0.7318536837643534,0.0,0.0
197,Device,Conv2DBackpropFilter,gradient_tape/model/conv2d_41/Conv2D/Conv2DBackpropFilter,2,1089.536,544.768,1089.536,544.768,0.002032201129807181,0.7338858848941606,0.0,0.0
198,Device,Conv2DBackpropFilter,gradient_tape/model/conv2d_32/Conv2D/Conv2DBackpropFilter,2,1088.513,544.2565,1088.513,544.2565,0.002030293031538016,0.7359161779256986,0.0,0.0
199,Device,Conv2DBackpropInput,gradient_tape/model/conv2d_48/Conv2D/Conv2DBackpropInput,2,1074.177,537.0885,1074.177,537.0885,0.0020035535429879215,0.7379197314686865,0.0,0.0
200,Device,Conv2DBackpropInput,gradient_tape/model/conv2d_51/Conv2D/Conv2DBackpropInput,2,1072.129,536.0645,1072.129,536.0645,0.0019997336160521937,0.7399194650847387,0.0,0.0
201,Device,Conv2DBackpropInput,gradient_tape/model/conv2d_44/Conv2D/Conv2DBackpropInput,2,1070.081,535.0405,1070.081,535.0405,0.001995913689116466,0.7419153787738552,0.0,0.0
202,Device,Conv2D,model/conv2d_39/Conv2D,4,1070.081,267.52025,1070.081,267.52025,0.001995913689116466,0.7439112924629716,0.0,0.0
203,Device,Conv2D,model/conv2d_30/Conv2D,4,1070.08,267.52,1070.08,267.52,0.001995911823917767,0.7459072042868894,0.0,0.0
204,Device,Conv2D,model/conv2d_42/Conv2D,4,1068.033,267.00825,1068.033,267.00825,0.001992093762180738,0.7478992980490702,0.0,0.0
205,Device,Conv2DBackpropInput,gradient_tape/model/conv2d_43/Conv2D/Conv2DBackpropInput,2,1067.009,533.5045,1067.009,533.5045,0.0019901837987128745,0.749889481847783,0.0,0.0
206,Device,Conv2D,model/conv2d_36/Conv2D,4,1067.009,266.75225,1067.009,266.75225,0.0019901837987128745,0.7518796656464959,0.0,0.0
207,Device,Conv2D,model/conv2d_33/Conv2D,4,1065.985,266.49625,1065.985,266.49625,0.0019882738352450103,0.7538679394817409,0.0,0.0
208,Device,Conv2D,model/conv2d_26/Conv2D,4,1063.937,265.98425,1063.937,265.98425,0.0019844539083092826,0.7558523933900502,0.0,0.0
209,Device,BiasAddGrad,gradient_tape/model/conv2d_4/BiasAdd/BiasAddGrad,2,1061.888,530.944,1061.888,530.944,0.0019806321161748557,0.757833025506225,0.0,0.0
210,Device,BiasAddGrad,gradient_tape/model/conv2d/BiasAdd/BiasAddGrad,2,1060.865,530.4325,1060.865,530.4325,0.001978724017905691,0.7598117495241307,0.0,0.0
211,Device,BiasAddGrad,gradient_tape/model/conv2d_10/BiasAdd/BiasAddGrad,2,1059.841,529.9205,1059.841,529.9205,0.001976814054437827,0.7617885635785685,0.0,0.0
212,Device,Conv2D,model/conv2d_34/Conv2D,2,1059.841,529.9205,1059.841,529.9205,0.001976814054437827,0.7637653776330063,0.0,0.0
213,Device,BiasAddGrad,gradient_tape/model/conv2d_7/BiasAdd/BiasAddGrad,2,1059.84,529.92,1059.84,529.92,0.001976812189239128,0.7657421898222455,0.0,0.0
214,Device,Conv2D,model/conv2d_28/Conv2D,2,1055.745,527.8725,1055.745,527.8725,0.0019691742005663714,0.7677113640228119,0.0,0.0
215,Device,Conv2D,model/conv2d_37/Conv2D,2,1052.672,526.336,1052.672,526.336,0.001963442444964081,0.769674806467776,0.0,0.0
216,Device,Conv2D,model/conv2d_40/Conv2D,2,1052.672,526.336,1052.672,526.336,0.001963442444964081,0.77163824891274,0.0,0.0
217,Device,Conv2DBackpropFilter,gradient_tape/model/conv2d_52/Conv2D/Conv2DBackpropFilter,4,1050.624,262.656,1050.624,262.656,0.001959622518028353,0.7735978714307684,0.0,0.0
218,Device,Conv2D,model/conv2d_31/Conv2D,2,1049.601,524.8005,1049.601,524.8005,0.0019577144197591885,0.7755555858505276,0.0,0.0
219,Device,Conv2DBackpropFilter,gradient_tape/model/conv2d_49/Conv2D/Conv2DBackpropFilter,4,1048.577,262.14425,1048.577,262.14425,0.0019558044562913244,0.7775113903068189,0.0,0.0
220,Device,Conv2DBackpropFilter,gradient_tape/model/conv2d_45/Conv2D/Conv2DBackpropFilter,4,1035.265,258.81625,1035.265,258.81625,0.001930974931209094,0.779442365238028,0.0,0.0
221,Device,Conv2DBackpropFilter,gradient_tape/model/conv2d_50/Conv2D/Conv2DBackpropFilter,4,1001.472,250.368,1001.472,250.368,0.0018679442715708863,0.7813103095095989,0.0,0.0
222,Device,Conv2DBackpropFilter,gradient_tape/model/conv2d_47/Conv2D/Conv2DBackpropFilter,4,1000.449,250.11225,1000.449,250.11225,0.0018660361733017215,0.7831763456829006,0.0,0.0
223,Device,Conv2DBackpropInput,gradient_tape/model/conv2d_50/Conv2D/Conv2DBackpropInput,2,962.561,481.2805,962.561,481.2805,0.0017953675249907577,0.7849717132078914,0.0,0.0
224,Device,Conv2DBackpropInput,gradient_tape/model/conv2d_47/Conv2D/Conv2DBackpropInput,2,959.489,479.7445,959.489,479.7445,0.001789637634587166,0.7867613508424786,0.0,0.0
225,Device,Conv2D,model/conv2d_45/Conv2D,2,929.792,464.896,929.792,464.896,0.001734246828820414,0.788495597671299,0.0,0.0
226,Device,Conv2D,model/conv2d_49/Conv2D,2,928.769,464.3845,928.769,464.3845,0.0017323387305512492,0.7902279364018502,0.0,0.0
227,Device,Conv2D,model/conv2d_52/Conv2D,2,928.768,464.384,928.768,464.384,0.0017323368653525502,0.7919602732672028,0.0,0.0
228,Device,Conv2D,model/conv2d_11/Conv2D,2,909.312,454.656,909.312,454.656,0.0016960475594631362,0.7936563208266659,0.0,0.0
229,Device,AvgPoolGrad,gradient_tape/model/average_pooling2d/AvgPoolGrad,2,908.288,454.144,908.288,454.144,0.0016941375959952723,0.7953504584226612,0.0,0.0
230,Device,FusedBatchNormV3,model/batch_normalization_39/FusedBatchNormV3,4,881.665,220.41625,881.665,220.41625,0.00164448041102951,0.7969949388336907,0.0,0.0
231,Device,FusedBatchNormV3,model/batch_normalization_33/FusedBatchNormV3,4,878.593,219.64825,878.593,219.64825,0.0016387505206259183,0.7986336893543166,0.0,0.0
232,Device,FusedBatchNormV3,model/batch_normalization_36/FusedBatchNormV3,4,878.592,219.648,878.592,219.648,0.0016387486554272192,0.8002724380097438,0.0,0.0
233,Device,FusedBatchNormV3,model/batch_normalization_24/FusedBatchNormV3,4,877.569,219.39225,877.569,219.39225,0.0016368405571580544,0.8019092785669019,0.0,0.0
234,Device,ReluGrad,gradient_tape/model/activation_36/ReluGrad,2,876.544,438.272,876.544,438.272,0.0016349287284914914,0.8035442072953933,0.0,0.0
235,Device,ReluGrad,gradient_tape/model/activation_24/ReluGrad,2,875.521,437.7605,875.521,437.7605,0.0016330206302223266,0.8051772279256156,0.0,0.0
236,Device,FusedBatchNormV3,model/batch_normalization_27/FusedBatchNormV3,4,875.521,218.88025,875.521,218.88025,0.0016330206302223266,0.8068102485558379,0.0,0.0
237,Device,FusedBatchNormV3,model/batch_normalization_30/FusedBatchNormV3,4,874.497,218.62425,874.497,218.62425,0.0016311106667544627,0.8084413592225924,0.0,0.0
238,Device,ReluGrad,gradient_tape/model/activation_7/ReluGrad,2,874.496,437.248,874.496,437.248,0.0016311088015557636,0.8100724680241482,0.0,0.0
239,Device,ReluGrad,gradient_tape/model/activation_4/ReluGrad,2,873.473,436.7365,873.473,436.7365,0.0016292007032865988,0.8117016687274349,0.0,0.0
240,Device,ReluGrad,gradient_tape/model/activation_5/ReluGrad,2,868.353,434.1765,868.353,434.1765,0.0016196508859472793,0.8133213196133822,0.0,0.0
241,Device,ReluGrad,gradient_tape/model/activation_8/ReluGrad,2,868.353,434.1765,868.353,434.1765,0.0016196508859472793,0.8149409704993295,0.0,0.0
242,Device,ReluGrad,gradient_tape/model/activation_33/ReluGrad,2,868.352,434.176,868.352,434.176,0.0016196490207485803,0.8165606195200781,0.0,0.0
243,Device,ReluGrad,gradient_tape/model/activation_27/ReluGrad,2,866.304,433.152,866.304,433.152,0.0016158290938128525,0.8181764486138909,0.0,0.0
244,Device,ReluGrad,gradient_tape/model/activation_30/ReluGrad,2,866.304,433.152,866.304,433.152,0.0016158290938128525,0.8197922777077038,0.0,0.0
245,Device,ReluGrad,gradient_tape/model/activation_39/ReluGrad,2,866.304,433.152,866.304,433.152,0.0016158290938128525,0.8214081068015167,0.0,0.0
246,Device,FusedBatchNormV3,model/batch_normalization_4/FusedBatchNormV3,4,866.304,216.576,866.304,216.576,0.0016158290938128525,0.8230239358953295,0.0,0.0
247,Device,ReluGrad,gradient_tape/model/activation_2/ReluGrad,2,865.281,432.6405,865.281,432.6405,0.0016139209955436877,0.8246378568908732,0.0,0.0
248,Device,FusedBatchNormV3,model/batch_normalization_1/FusedBatchNormV3,4,864.257,216.06425,864.257,216.06425,0.0016120110320758238,0.8262498679229491,0.0,0.0
249,Device,FusedBatchNormV3,model/batch_normalization_2/FusedBatchNormV3,4,863.233,215.80825,863.233,215.80825,0.0016101010686079599,0.827859968991557,0.0,0.0
250,Device,FusedBatchNormV3,model/batch_normalization_8/FusedBatchNormV3,4,862.209,215.55225,862.209,215.55225,0.001608191105140096,0.8294681600966971,0.0,0.0
251,Device,FusedBatchNormV3,model/batch_normalization_5/FusedBatchNormV3,4,860.161,215.04025,860.161,215.04025,0.0016043711782043682,0.8310725312749014,0.0,0.0
252,Device,FusedBatchNormV3,model/batch_normalization_7/FusedBatchNormV3,4,859.137,214.78425,859.137,214.78425,0.0016024612147365043,0.8326749924896379,0.0,0.0
253,Device,ReluGrad,gradient_tape/model/activation_1/ReluGrad,2,857.089,428.5445,857.089,428.5445,0.0015986412878007767,0.8342736337774387,0.0,0.0
254,Device,AddN,SGD/gradients/AddN_2,2,849.921,424.9605,849.921,424.9605,0.0015852715435257295,0.8358589053209644,0.0,0.0
255,Device,Conv2DBackpropFilter,gradient_tape/model/conv2d_43/Conv2D/Conv2DBackpropFilter,2,847.872,423.936,847.872,423.936,0.0015814497513913024,0.8374403550723557,0.0,0.0
256,Device,AddN,SGD/gradients/AddN_4,2,846.849,423.4245,846.849,423.4245,0.0015795416531221378,0.8390198967254778,0.0,0.0
257,Device,AddN,SGD/gradients/AddN_3,2,845.825,422.9125,845.825,422.9125,0.001577631689654274,0.8405975284151321,0.0,0.0
258,Device,AddN,SGD/gradients/AddN_7,2,845.824,422.912,845.824,422.912,0.0015776298244555747,0.8421751582395877,0.0,0.0
259,Device,AddN,SGD/gradients/AddN_5,2,844.8,422.4,844.8,422.4,0.0015757198609877108,0.8437508781005754,0.0,0.0
260,Device,AddN,SGD/gradients/AddN_6,2,843.776,421.888,843.776,421.888,0.0015738098975198469,0.8453246879980952,0.0,0.0
261,Device,AddN,SGD/gradients/AddN_15,2,833.537,416.7685,833.537,416.7685,0.0015547121280399072,0.8468794001261352,0.0,0.0
262,Device,AddV2,model/add_12/add,2,827.392,413.696,827.392,413.696,0.0015432504820340248,0.8484226506081692,0.0,0.0
263,Device,AddV2,model/add_10/add,2,825.345,412.6725,825.345,412.6725,0.001539432420296996,0.8499620830284662,0.0,0.0
264,Device,AddV2,model/add_7/add,2,824.32,412.16,824.32,412.16,0.0015375205916304331,0.8514996036200967,0.0,0.0
265,Device,AddV2,model/add_11/add,2,823.297,411.6485,823.297,411.6485,0.0015356124933612683,0.853035216113458,0.0,0.0
266,Device,AddV2,model/add_8/add,2,823.296,411.648,823.296,411.648,0.0015356106281625692,0.8545708267416205,0.0,0.0
267,Device,AddV2,model/add_9/add,2,821.248,410.624,821.248,410.624,0.0015317907012268415,0.8561026174428474,0.0,0.0
268,Device,Conv2DBackpropFilter,gradient_tape/model/conv2d_24/Conv2D/Conv2DBackpropFilter,2,738.305,369.1525,738.305,369.1525,0.0013770855255285652,0.8574797029683761,0.0,0.0
269,Device,FusedBatchNormGradV3,gradient_tape/model/batch_normalization_16/FusedBatchNormGradV3,2,711.681,355.8405,711.681,355.8405,0.001327426475364104,0.8588071294437402,0.0,0.0
270,Device,FusedBatchNormGradV3,gradient_tape/model/batch_normalization_19/FusedBatchNormGradV3,2,708.608,354.304,708.608,354.304,0.001321694719761813,0.860128824163502,0.0,0.0
271,Device,FusedBatchNormGradV3,gradient_tape/model/batch_normalization_13/FusedBatchNormGradV3,2,704.513,352.2565,704.513,352.2565,0.0013140567310890568,0.8614428808945911,0.0,0.0
272,Device,FusedBatchNormGradV3,gradient_tape/model/batch_normalization_10/FusedBatchNormGradV3,2,704.512,352.256,704.512,352.256,0.0013140548658903575,0.8627569357604814,0.0,0.0
273,Device,FusedBatchNormGradV3,gradient_tape/model/batch_normalization_11/FusedBatchNormGradV3,2,701.441,350.7205,701.441,350.7205,0.001308326840685465,0.8640652626011669,0.0,0.0
274,Device,FusedBatchNormGradV3,gradient_tape/model/batch_normalization_20/FusedBatchNormGradV3,2,701.44,350.72,701.44,350.72,0.001308324975486766,0.8653735875766536,0.0,0.0
275,Device,FusedBatchNormGradV3,gradient_tape/model/batch_normalization_17/FusedBatchNormGradV3,2,700.416,350.208,700.416,350.208,0.0013064150120189022,0.8666800025886725,0.0,0.0
276,Device,FusedBatchNormGradV3,gradient_tape/model/batch_normalization_14/FusedBatchNormGradV3,2,698.369,349.1845,698.369,349.1845,0.0013025969502818734,0.8679825995389544,0.0,0.0
277,Device,Conv2D,model/conv2d_24/Conv2D,2,680.96,340.48,680.96,340.48,0.0012701257061294882,0.8692527252450839,0.0,0.0
278,Device,Conv2D,model/conv2d_43/Conv2D,2,620.545,310.2725,620.545,310.2725,0.0011574397267242176,0.8704101649718081,0.0,0.0
279,Device,BiasAdd,model/conv2d_30/BiasAdd,2,595.969,297.9845,595.969,297.9845,0.0011116006034954844,0.8715217655753036,0.0,0.0
280,Device,BiasAdd,model/conv2d_1/BiasAdd,2,594.944,297.472,594.944,297.472,0.0011096887748289212,0.8726314543501326,0.0,0.0
281,Device,BiasAdd,model/conv2d_26/BiasAdd,2,593.92,296.96,593.92,296.96,0.0011077788113610574,0.8737392331614936,0.0,0.0
282,Device,BiasAdd,model/conv2d_39/BiasAdd,2,593.92,296.96,593.92,296.96,0.0011077788113610574,0.8748470119728546,0.0,0.0
283,Device,BiasAdd,model/conv2d_8/BiasAdd,2,592.896,296.448,592.896,296.448,0.0011058688478931935,0.8759528808207478,0.0,0.0
284,Device,BiasAdd,model/conv2d_33/BiasAdd,2,591.873,295.9365,591.873,295.9365,0.0011039607496240288,0.8770568415703719,0.0,0.0
285,Device,BiasAdd,model/conv2d_36/BiasAdd,2,591.872,295.936,591.872,295.936,0.0011039588844253296,0.8781608004547973,0.0,0.0
286,Device,BiasAdd,model/conv2d_5/BiasAdd,2,590.849,295.4245,590.849,295.4245,0.001102050786156165,0.8792628512409535,0.0,0.0
287,Device,BiasAdd,model/conv2d_42/BiasAdd,2,590.848,295.424,590.848,295.424,0.0011020489209574657,0.8803649001619109,0.0,0.0
288,Device,BiasAdd,model/conv2d_27/BiasAdd,2,589.825,294.9125,589.825,294.9125,0.001100140822688301,0.8814650409845992,0.0,0.0
289,Device,Conv2D,model/conv2d_1/Conv2D,2,588.801,294.4005,588.801,294.4005,0.0010982308592204372,0.8825632718438197,0.0,0.0
290,Device,BiasAdd,model/conv2d_9/BiasAdd,2,588.801,294.4005,588.801,294.4005,0.0010982308592204372,0.8836615027030401,0.0,0.0
291,Device,BiasAdd,model/conv2d_2/BiasAdd,2,588.8,294.4,588.8,294.4,0.0010982289940217379,0.8847597316970619,0.0,0.0
292,Device,BiasAdd,model/conv2d_6/BiasAdd,2,586.752,293.376,586.752,293.376,0.00109440906708601,0.8858541407641479,0.0,0.0
293,Device,Conv2DBackpropInput,gradient_tape/model/conv2d_1/Conv2D/Conv2DBackpropInput,2,580.608,290.304,580.608,290.304,0.0010829492862788268,0.8869370900504268,0.0,0.0
294,Device,Relu,model/activation_2/Relu,2,558.08,279.04,558.08,279.04,0.0010409300899858211,0.8879780201404126,0.0,0.0
295,Device,Relu,model/activation_39/Relu,2,558.08,279.04,558.08,279.04,0.0010409300899858211,0.8890189502303985,0.0,0.0
296,Device,Relu,model/activation_1/Relu,2,557.056,278.528,557.056,278.528,0.0010390201265179572,0.8900579703569164,0.0,0.0
297,Device,Relu,model/activation_5/Relu,2,557.056,278.528,557.056,278.528,0.0010390201265179572,0.8910969904834343,0.0,0.0
298,Device,Relu,model/activation_8/Relu,2,557.056,278.528,557.056,278.528,0.0010390201265179572,0.8921360106099522,0.0,0.0
299,Device,Relu,model/activation_36/Relu,2,556.033,278.0165,556.033,278.0165,0.0010371120282487924,0.8931731226382009,0.0,0.0
300,Device,Relu,model/activation_4/Relu,2,556.033,278.0165,556.033,278.0165,0.0010371120282487924,0.8942102346664497,0.0,0.0
301,Device,Relu,model/activation_24/Relu,2,556.032,278.016,556.032,278.016,0.0010371101630500933,0.8952473448294997,0.0,0.0
302,Device,Relu,model/activation_33/Relu,2,556.032,278.016,556.032,278.016,0.0010371101630500933,0.8962844549925498,0.0,0.0
303,Device,Relu,model/activation_27/Relu,2,555.008,277.504,555.008,277.504,0.0010352001995822294,0.8973196551921321,0.0,0.0
304,Device,Relu,model/activation_30/Relu,2,555.008,277.504,555.008,277.504,0.0010352001995822294,0.8983548553917143,0.0,0.0
305,Device,Relu,model/activation_7/Relu,2,553.985,276.9925,553.985,276.9925,0.0010332921013130646,0.8993881474930274,0.0,0.0
306,Device,BiasAddGrad,gradient_tape/model/conv2d_14/BiasAdd/BiasAddGrad,2,529.409,264.7045,529.409,264.7045,0.0009874529780843312,0.9003756004711118,0.0,0.0
307,Device,BiasAddGrad,gradient_tape/model/conv2d_17/BiasAdd/BiasAddGrad,2,529.408,264.704,529.408,264.704,0.0009874511128856321,0.9013630515839974,0.0,0.0
308,Device,BiasAddGrad,gradient_tape/model/conv2d_23/BiasAdd/BiasAddGrad,2,528.385,264.1925,528.385,264.1925,0.0009855430146164673,0.9023485945986139,0.0,0.0
309,Device,BiasAddGrad,gradient_tape/model/conv2d_20/BiasAdd/BiasAddGrad,2,526.337,263.1685,526.337,263.1685,0.0009817230876807395,0.9033303176862947,0.0,0.0
310,Device,Transpose,gradient_tape/model/conv2d/Conv2D/Conv2DBackpropFilter-0-TransposeNHWCToNCHW-LayoutOptimizer,2,472.065,236.0325,472.065,236.0325,0.0008804950238839533,0.9042108127101787,0.0,0.0
311,Device,ReluGrad,gradient_tape/model/activation_19/ReluGrad,2,437.248,218.624,437.248,218.624,0.0008155544007778818,0.9050263671109565,0.0,0.0
312,Device,FusedBatchNormV3,model/batch_normalization_14/FusedBatchNormV3,4,437.248,109.312,437.248,109.312,0.0008155544007778818,0.9058419215117344,0.0,0.0
313,Device,FusedBatchNormV3,model/batch_normalization_16/FusedBatchNormV3,4,437.248,109.312,437.248,109.312,0.0008155544007778818,0.9066574759125122,0.0,0.0
314,Device,FusedBatchNormV3,model/batch_normalization_13/FusedBatchNormV3,4,436.225,109.05625,436.225,109.05625,0.0008136463025087171,0.9074711222150209,0.0,0.0
315,Device,FusedBatchNormV3,model/batch_normalization_19/FusedBatchNormV3,4,436.224,109.056,436.224,109.056,0.0008136444373100179,0.9082847666523309,0.0,0.0
316,Device,FusedBatchNormV3,model/batch_normalization_11/FusedBatchNormV3,4,435.2,108.8,435.2,108.8,0.000811734473842154,0.9090965011261731,0.0,0.0
317,Device,FusedBatchNormV3,model/batch_normalization_17/FusedBatchNormV3,4,435.2,108.8,435.2,108.8,0.000811734473842154,0.9099082356000153,0.0,0.0
318,Device,ReluGrad,gradient_tape/model/activation_11/ReluGrad,2,434.176,217.088,434.176,217.088,0.0008098245103742901,0.9107180601103896,0.0,0.0
319,Device,ReluGrad,gradient_tape/model/activation_13/ReluGrad,2,434.176,217.088,434.176,217.088,0.0008098245103742901,0.9115278846207638,0.0,0.0
320,Device,FusedBatchNormV3,model/batch_normalization_10/FusedBatchNormV3,4,433.153,108.28825,433.153,108.28825,0.0008079164121051254,0.9123358010328689,0.0,0.0
321,Device,FusedBatchNormV3,model/batch_normalization_20/FusedBatchNormV3,4,433.152,108.288,433.152,108.288,0.0008079145469064263,0.9131437155797754,0.0,0.0
322,Device,ReluGrad,gradient_tape/model/activation_17/ReluGrad,2,432.128,216.064,432.128,216.064,0.0008060045834385624,0.913949720163214,0.0,0.0
323,Device,ReluGrad,gradient_tape/model/activation_14/ReluGrad,2,431.104,215.552,431.104,215.552,0.0008040946199706985,0.9147538147831846,0.0,0.0
324,Device,ReluGrad,gradient_tape/model/activation_48/ReluGrad,2,430.081,215.0405,430.081,215.0405,0.0008021865217015337,0.9155560013048861,0.0,0.0
325,Device,ReluGrad,gradient_tape/model/activation_16/ReluGrad,2,430.08,215.04,430.08,215.04,0.0008021846565028346,0.916358185961389,0.0,0.0
326,Device,FusedBatchNormGradV3,gradient_tape/model/batch_normalization_42/FusedBatchNormGradV3,2,430.08,215.04,430.08,215.04,0.0008021846565028346,0.9171603706178918,0.0,0.0
327,Device,FusedBatchNormGradV3,gradient_tape/model/batch_normalization_48/FusedBatchNormGradV3,2,430.08,215.04,430.08,215.04,0.0008021846565028346,0.9179625552743946,0.0,0.0
328,Device,ReluGrad,gradient_tape/model/activation_20/ReluGrad,2,429.057,214.5285,429.057,214.5285,0.0008002765582336698,0.9187628318326283,0.0,0.0
329,Device,ReluGrad,gradient_tape/model/activation_42/ReluGrad,2,429.056,214.528,429.056,214.528,0.0008002746930349707,0.9195631065256633,0.0,0.0
330,Device,FusedBatchNormGradV3,gradient_tape/model/batch_normalization_45/FusedBatchNormGradV3,2,429.056,214.528,429.056,214.528,0.0008002746930349707,0.9203633812186983,0.0,0.0
331,Device,ReluGrad,gradient_tape/model/activation_45/ReluGrad,2,428.033,214.0165,428.033,214.0165,0.000798366594765806,0.9211617478134642,0.0,0.0
332,Device,ReluGrad,gradient_tape/model/activation_10/ReluGrad,2,425.985,212.9925,425.985,212.9925,0.0007945466678300782,0.9219562944812942,0.0,0.0
333,Device,AddN,SGD/gradients/AddN_1,2,425.984,212.992,425.984,212.992,0.000794544802631379,0.9227508392839257,0.0,0.0
334,Device,AddN,SGD/gradients/AddN,2,423.936,211.968,423.936,211.968,0.0007907248756956512,0.9235415641596213,0.0,0.0
335,Device,AddV2,model/add_13/add,2,417.792,208.896,417.792,208.896,0.0007792650948884679,0.9243208292545098,0.0,0.0
336,Device,AddV2,model/add_14/add,2,415.744,207.872,415.744,207.872,0.0007754451679527402,0.9250962744224625,0.0,0.0
337,Device,AddV2,model/add_15/add,2,415.744,207.872,415.744,207.872,0.0007754451679527402,0.9258717195904151,0.0,0.0
338,Device,FusedBatchNormGradV3,gradient_tape/model/batch_normalization_34/FusedBatchNormGradV3,2,375.808,187.904,375.808,187.904,0.0007009565927060484,0.9265726761831212,0.0,0.0
339,Device,FusedBatchNormGradV3,gradient_tape/model/batch_normalization_28/FusedBatchNormGradV3,2,373.76,186.88,373.76,186.88,0.0006971366657703206,0.9272698128488915,0.0,0.0
340,Device,FusedBatchNormGradV3,gradient_tape/model/batch_normalization_32/FusedBatchNormGradV3,2,372.736,186.368,372.736,186.368,0.0006952267023024567,0.927965039551194,0.0,0.0
341,Device,FusedBatchNormGradV3,gradient_tape/model/batch_normalization_38/FusedBatchNormGradV3,2,372.736,186.368,372.736,186.368,0.0006952267023024567,0.9286602662534965,0.0,0.0
342,Device,FusedBatchNormGradV3,gradient_tape/model/batch_normalization_25/FusedBatchNormGradV3,2,370.688,185.344,370.688,185.344,0.0006914067753667289,0.9293516730288632,0.0,0.0
343,Device,FusedBatchNormGradV3,gradient_tape/model/batch_normalization_29/FusedBatchNormGradV3,2,370.688,185.344,370.688,185.344,0.0006914067753667289,0.93004307980423,0.0,0.0
344,Device,FusedBatchNormGradV3,gradient_tape/model/batch_normalization_35/FusedBatchNormGradV3,2,370.688,185.344,370.688,185.344,0.0006914067753667289,0.9307344865795967,0.0,0.0
345,Device,SoftmaxCrossEntropyWithLogits,categorical_crossentropy/softmax_cross_entropy_with_logits,6,369.664,61.61066666666667,369.664,61.61066666666667,0.000689496811898865,0.9314239833914956,0.0,0.0
346,Device,FusedBatchNormGradV3,gradient_tape/model/batch_normalization_23/FusedBatchNormGradV3,2,369.664,184.832,369.664,184.832,0.000689496811898865,0.9321134802033945,0.0,0.0
347,Device,FusedBatchNormGradV3,gradient_tape/model/batch_normalization_22/FusedBatchNormGradV3,2,368.64,184.32,368.64,184.32,0.0006875868484310011,0.9328010670518254,0.0,0.0
348,Device,FusedBatchNormGradV3,gradient_tape/model/batch_normalization_26/FusedBatchNormGradV3,2,368.64,184.32,368.64,184.32,0.0006875868484310011,0.9334886539002564,0.0,0.0
349,Device,FusedBatchNormGradV3,gradient_tape/model/batch_normalization_37/FusedBatchNormGradV3,2,368.64,184.32,368.64,184.32,0.0006875868484310011,0.9341762407486873,0.0,0.0
350,Device,FusedBatchNormGradV3,gradient_tape/model/batch_normalization_31/FusedBatchNormGradV3,2,367.616,183.808,367.616,183.808,0.0006856768849631372,0.9348619176336505,0.0,0.0
351,Device,BiasAddGrad,gradient_tape/model/conv2d_27/BiasAdd/BiasAddGrad,2,302.08,151.04,302.08,151.04,0.0005634392230198481,0.9354253568566703,0.0,0.0
352,Device,BiasAdd,model/conv2d_46/BiasAdd,2,299.008,149.504,299.008,149.504,0.0005577093326162565,0.9359830661892865,0.0,0.0
353,Device,FusedBatchNormV3,model/batch_normalization_42/FusedBatchNormV3,4,297.984,74.496,297.984,74.496,0.0005557993691483926,0.9365388655584349,0.0,0.0
354,Device,BiasAddGrad,gradient_tape/model/conv2d_39/BiasAdd/BiasAddGrad,2,296.961,148.4805,296.961,148.4805,0.0005538912708792278,0.9370927568293141,0.0,0.0
355,Device,BiasAddGrad,gradient_tape/model/conv2d_30/BiasAdd/BiasAddGrad,2,296.96,148.48,296.96,148.48,0.0005538894056805287,0.9376466462349947,0.0,0.0
356,Device,BiasAddGrad,gradient_tape/model/conv2d_42/BiasAdd/BiasAddGrad,2,296.96,148.48,296.96,148.48,0.0005538894056805287,0.9382005356406753,0.0,0.0
357,Device,FusedBatchNormV3,model/batch_normalization_48/FusedBatchNormV3,4,295.937,73.98425,295.937,73.98425,0.0005519813074113639,0.9387525169480867,0.0,0.0
358,Device,BiasAddGrad,gradient_tape/model/conv2d_33/BiasAdd/BiasAddGrad,2,295.936,147.968,295.936,147.968,0.0005519794422126648,0.9393044963902993,0.0,0.0
359,Device,BiasAddGrad,gradient_tape/model/conv2d_36/BiasAdd/BiasAddGrad,2,295.936,147.968,295.936,147.968,0.0005519794422126648,0.939856475832512,0.0,0.0
360,Device,BiasAdd,model/conv2d_45/BiasAdd,2,294.912,147.456,294.912,147.456,0.0005500694787448009,0.9404065453112568,0.0,0.0
361,Device,BiasAdd,model/conv2d_21/BiasAdd,2,293.888,146.944,293.888,146.944,0.000548159515276937,0.9409547048265338,0.0,0.0
362,Device,BiasAdd,model/conv2d_49/BiasAdd,2,293.888,146.944,293.888,146.944,0.000548159515276937,0.9415028643418107,0.0,0.0
363,Device,FusedBatchNormV3,model/batch_normalization_45/FusedBatchNormV3,4,292.864,73.216,292.864,73.216,0.0005462495518090731,0.9420491138936198,0.0,0.0
364,Device,BiasAdd,model/conv2d_18/BiasAdd,2,292.864,146.432,292.864,146.432,0.0005462495518090731,0.9425953634454288,0.0,0.0
365,Device,BiasAdd,model/conv2d_52/BiasAdd,2,292.864,146.432,292.864,146.432,0.0005462495518090731,0.9431416129972379,0.0,0.0
366,Device,BiasAdd,model/conv2d_11/BiasAdd,2,291.84,145.92,291.84,145.92,0.0005443395883412092,0.9436859525855791,0.0,0.0
367,Device,BiasAdd,model/conv2d_15/BiasAdd,2,291.84,145.92,291.84,145.92,0.0005443395883412092,0.9442302921739203,0.0,0.0
368,Device,BiasAdd,model/conv2d_16/BiasAdd,2,291.84,145.92,291.84,145.92,0.0005443395883412092,0.9447746317622615,0.0,0.0
369,Device,BiasAdd,model/conv2d_22/BiasAdd,2,291.84,145.92,291.84,145.92,0.0005443395883412092,0.9453189713506027,0.0,0.0
370,Device,BiasAdd,model/conv2d_12/BiasAdd,2,289.792,144.896,289.792,144.896,0.0005405196614054814,0.9458594910120082,0.0,0.0
371,Device,BiasAdd,model/conv2d_19/BiasAdd,2,289.792,144.896,289.792,144.896,0.0005405196614054814,0.9464000106734136,0.0,0.0
372,Device,BiasAddGrad,gradient_tape/model/conv2d_2/BiasAdd/BiasAddGrad,2,283.648,141.824,283.648,141.824,0.0005290598805982982,0.9469290705540119,0.0,0.0
373,Device,BiasAddGrad,gradient_tape/model/conv2d_9/BiasAdd/BiasAddGrad,2,283.648,141.824,283.648,141.824,0.0005290598805982982,0.9474581304346101,0.0,0.0
374,Device,BiasAddGrad,gradient_tape/model/conv2d_6/BiasAdd/BiasAddGrad,2,282.624,141.312,282.624,141.312,0.0005271499171304343,0.9479852803517406,0.0,0.0
375,Device,BiasAddGrad,gradient_tape/model/conv2d_8/BiasAdd/BiasAddGrad,2,281.601,140.8005,281.601,140.8005,0.0005252418188612693,0.9485105221706018,0.0,0.0
376,Device,BiasAddGrad,gradient_tape/model/conv2d_1/BiasAdd/BiasAddGrad,2,281.6,140.8,281.6,140.8,0.0005252399536625703,0.9490357621242644,0.0,0.0
377,Device,BiasAddGrad,gradient_tape/model/conv2d_5/BiasAdd/BiasAddGrad,2,281.6,140.8,281.6,140.8,0.0005252399536625703,0.949561002077927,0.0,0.0
378,Device,Relu,model/activation_20/Relu,2,281.6,140.8,281.6,140.8,0.0005252399536625703,0.9500862420315896,0.0,0.0
379,Device,Relu,model/activation_11/Relu,2,280.576,140.288,280.576,140.288,0.0005233299901947064,0.9506095720217843,0.0,0.0
380,Device,Relu,model/activation_10/Relu,2,279.552,139.776,279.552,139.776,0.0005214200267268425,0.9511309920485111,0.0,0.0
381,Device,Relu,model/activation_14/Relu,2,279.552,139.776,279.552,139.776,0.0005214200267268425,0.951652412075238,0.0,0.0
382,Device,Relu,model/activation_19/Relu,2,279.552,139.776,279.552,139.776,0.0005214200267268425,0.9521738321019648,0.0,0.0
383,Device,Relu,model/activation_16/Relu,2,278.529,139.2645,278.529,139.2645,0.0005195119284576777,0.9526933440304225,0.0,0.0
384,Device,Relu,model/activation_45/Relu,2,278.529,139.2645,278.529,139.2645,0.0005195119284576777,0.9532128559588802,0.0,0.0
385,Device,Relu,model/activation_17/Relu,2,278.528,139.264,278.528,139.264,0.0005195100632589786,0.9537323660221392,0.0,0.0
386,Device,Relu,model/activation_42/Relu,2,278.528,139.264,278.528,139.264,0.0005195100632589786,0.9542518760853982,0.0,0.0
387,Device,Relu,model/activation_48/Relu,2,278.528,139.264,278.528,139.264,0.0005195100632589786,0.9547713861486572,0.0,0.0
388,Device,Relu,model/activation_13/Relu,2,275.456,137.728,275.456,137.728,0.0005137801728553869,0.9552851663215126,0.0,0.0
389,Device,AvgPool,model/average_pooling2d/AvgPool,2,241.664,120.832,241.664,120.832,0.0004507513784158785,0.9557359176999285,0.0,0.0
390,Device,FusedBatchNormV3,model/batch_normalization_26/FusedBatchNormV3,4,234.497,58.62425,234.497,58.62425,0.0004373834993395304,0.956173301199268,0.0,0.0
391,Device,FusedBatchNormV3,model/batch_normalization_38/FusedBatchNormV3,4,234.497,58.62425,234.497,58.62425,0.0004373834993395304,0.9566106846986075,0.0,0.0
392,Device,FusedBatchNormV3,model/batch_normalization_25/FusedBatchNormV3,4,233.472,58.368,233.472,58.368,0.0004354716706729674,0.9570461563692805,0.0,0.0
393,Device,FusedBatchNormV3,model/batch_normalization_28/FusedBatchNormV3,4,233.472,58.368,233.472,58.368,0.0004354716706729674,0.9574816280399534,0.0,0.0
394,Device,FusedBatchNormV3,model/batch_normalization_37/FusedBatchNormV3,4,233.472,58.368,233.472,58.368,0.0004354716706729674,0.9579170997106263,0.0,0.0
395,Device,FusedBatchNormV3,model/batch_normalization_22/FusedBatchNormV3,4,232.449,58.11225,232.449,58.11225,0.0004335635724038026,0.9583506632830301,0.0,0.0
396,Device,FusedBatchNormV3,model/batch_normalization_32/FusedBatchNormV3,4,232.448,58.112,232.448,58.112,0.0004335617072051035,0.9587842249902352,0.0,0.0
397,Device,FusedBatchNormV3,model/batch_normalization_34/FusedBatchNormV3,4,232.448,58.112,232.448,58.112,0.0004335617072051035,0.9592177866974403,0.0,0.0
398,Device,FusedBatchNormV3,model/batch_normalization_31/FusedBatchNormV3,4,231.424,57.856,231.424,57.856,0.0004316517437372396,0.9596494384411776,0.0,0.0
399,Device,FusedBatchNormV3,model/batch_normalization_23/FusedBatchNormV3,4,230.401,57.60025,230.401,57.60025,0.00042974364546807483,0.9600791820866457,0.0,0.0
400,Device,FusedBatchNormV3,model/batch_normalization_29/FusedBatchNormV3,4,230.4,57.6,230.4,57.6,0.0004297417802693757,0.960508923866915,0.0,0.0
401,Device,FusedBatchNormV3,model/batch_normalization_35/FusedBatchNormV3,4,228.352,57.088,228.352,57.088,0.00042592185333364794,0.9609348457202487,0.0,0.0
402,Device,ReluGrad,gradient_tape/model/activation_34/ReluGrad,2,220.16,110.08,220.16,110.08,0.00041064214559073675,0.9613454878658394,0.0,0.0
403,Device,ReluGrad,gradient_tape/model/activation_23/ReluGrad,2,218.112,109.056,218.112,109.056,0.00040682221865500896,0.9617523100844944,0.0,0.0
404,Device,ReluGrad,gradient_tape/model/activation_25/ReluGrad,2,218.112,109.056,218.112,109.056,0.00040682221865500896,0.9621591323031493,0.0,0.0
405,Device,ReluGrad,gradient_tape/model/activation_28/ReluGrad,2,218.112,109.056,218.112,109.056,0.00040682221865500896,0.9625659545218043,0.0,0.0
406,Device,ReluGrad,gradient_tape/model/activation_31/ReluGrad,2,218.112,109.056,218.112,109.056,0.00040682221865500896,0.9629727767404592,0.0,0.0
407,Device,ReluGrad,gradient_tape/model/activation_37/ReluGrad,2,217.088,108.544,217.088,108.544,0.00040491225518714507,0.9633776889956464,0.0,0.0
408,Device,ReluGrad,gradient_tape/model/activation_29/ReluGrad,2,214.016,107.008,214.016,107.008,0.0003991823647835534,0.9637768713604299,0.0,0.0
409,Device,ReluGrad,gradient_tape/model/activation_26/ReluGrad,2,212.992,106.496,212.992,106.496,0.0003972724013156895,0.9641741437617456,0.0,0.0
410,Device,ReluGrad,gradient_tape/model/activation_32/ReluGrad,2,212.992,106.496,212.992,106.496,0.0003972724013156895,0.9645714161630613,0.0,0.0
411,Device,ReluGrad,gradient_tape/model/activation_35/ReluGrad,2,211.968,105.984,211.968,105.984,0.0003953624378478256,0.9649667786009092,0.0,0.0
412,Device,ReluGrad,gradient_tape/model/activation_38/ReluGrad,2,211.968,105.984,211.968,105.984,0.0003953624378478256,0.9653621410387571,0.0,0.0
413,Device,ReluGrad,gradient_tape/model/activation_22/ReluGrad,2,205.824,102.912,205.824,102.912,0.0003839026570406423,0.9657460436957978,0.0,0.0
414,Device,ArgMax,ArgMax,2,184.32,92.16,184.32,92.16,0.00034379342421550057,0.9660898371200133,0.0,0.0
415,Device,BiasAddGrad,gradient_tape/model/conv2d_22/BiasAdd/BiasAddGrad,2,162.817,81.4085,162.817,81.4085,0.00030368605658905794,0.9663935231766023,0.0,0.0
416,Device,BiasAddGrad,gradient_tape/model/conv2d_16/BiasAdd/BiasAddGrad,2,162.816,81.408,162.816,81.408,0.00030368419139035883,0.9666972073679927,0.0,0.0
417,Device,BiasAddGrad,gradient_tape/model/conv2d_19/BiasAdd/BiasAddGrad,2,161.792,80.896,161.792,80.896,0.00030177422792249494,0.9669989815959152,0.0,0.0
418,Device,BiasAddGrad,gradient_tape/model/conv2d_12/BiasAdd/BiasAddGrad,2,159.744,79.872,159.744,79.872,0.00029795430098676715,0.967296935896902,0.0,0.0
419,Device,BiasAddGrad,gradient_tape/model/conv2d_52/BiasAdd/BiasAddGrad,2,154.625,77.3125,154.625,77.3125,0.0002884063488461468,0.9675853422457482,0.0,0.0
420,Device,BiasAddGrad,gradient_tape/model/conv2d_46/BiasAdd/BiasAddGrad,2,153.6,76.8,153.6,76.8,0.0002864945201795838,0.9678718367659278,0.0,0.0
421,Device,BiasAddGrad,gradient_tape/model/conv2d_49/BiasAdd/BiasAddGrad,2,153.6,76.8,153.6,76.8,0.0002864945201795838,0.9681583312861074,0.0,0.0
422,Device,BiasAddGrad,gradient_tape/model/conv2d_15/BiasAdd/BiasAddGrad,2,151.552,75.776,151.552,75.776,0.000282674593243856,0.9684410058793512,0.0,0.0
423,Device,BiasAddGrad,gradient_tape/model/conv2d_21/BiasAdd/BiasAddGrad,2,151.552,75.776,151.552,75.776,0.000282674593243856,0.968723680472595,0.0,0.0
424,Device,BiasAddGrad,gradient_tape/model/conv2d_11/BiasAdd/BiasAddGrad,2,150.528,75.264,150.528,75.264,0.0002807646297759921,0.969004445102371,0.0,0.0
425,Device,BiasAddGrad,gradient_tape/model/conv2d_18/BiasAdd/BiasAddGrad,2,150.528,75.264,150.528,75.264,0.0002807646297759921,0.969285209732147,0.0,0.0
426,Device,BiasAdd,model/conv2d_29/BiasAdd,2,148.48,74.24,148.48,74.24,0.00027694470284026434,0.9695621544349873,0.0,0.0
427,Device,BiasAdd,model/conv2d_24/BiasAdd,2,147.456,73.728,147.456,73.728,0.00027503473937240045,0.9698371891743597,0.0,0.0
428,Device,BiasAdd,model/conv2d_41/BiasAdd,2,147.456,73.728,147.456,73.728,0.00027503473937240045,0.9701122239137321,0.0,0.0
429,Device,BiasAdd,model/conv2d_38/BiasAdd,2,146.432,73.216,146.432,73.216,0.00027312477590453655,0.9703853486896367,0.0,0.0
430,Device,BiasAdd,model/conv2d_25/BiasAdd,2,145.408,72.704,145.408,72.704,0.00027121481243667266,0.9706565635020733,0.0,0.0
431,Device,BiasAdd,model/conv2d_32/BiasAdd,2,145.408,72.704,145.408,72.704,0.00027121481243667266,0.9709277783145099,0.0,0.0
432,Device,BiasAdd,model/conv2d_35/BiasAdd,2,145.408,72.704,145.408,72.704,0.00027121481243667266,0.9711989931269466,0.0,0.0
433,Device,BiasAdd,model/conv2d_40/BiasAdd,2,144.385,72.1925,144.385,72.1925,0.0002693067141675078,0.971468299841114,0.0,0.0
434,Device,BiasAdd,model/conv2d_34/BiasAdd,2,144.384,72.192,144.384,72.192,0.00026930484896880877,0.9717376046900829,0.0,0.0
435,Device,BiasAdd,model/conv2d_28/BiasAdd,2,143.36,71.68,143.36,71.68,0.00026739488550094493,0.9720049995755838,0.0,0.0
436,Device,BiasAdd,model/conv2d_31/BiasAdd,2,143.36,71.68,143.36,71.68,0.00026739488550094493,0.9722723944610848,0.0,0.0
437,Device,BiasAdd,model/conv2d_37/BiasAdd,2,142.337,71.1685,142.337,71.1685,0.00026548678723178003,0.9725378812483166,0.0,0.0
438,Device,Relu,model/activation_22/Relu,2,141.312,70.656,141.312,70.656,0.00026357495856521715,0.9728014562068819,0.0,0.0
439,Device,Relu,model/activation_28/Relu,2,140.288,70.144,140.288,70.144,0.0002616649950973532,0.9730631212019792,0.0,0.0
440,Device,Relu,model/activation_31/Relu,2,140.288,70.144,140.288,70.144,0.0002616649950973532,0.9733247861970766,0.0,0.0
441,Device,Relu,model/activation_32/Relu,2,140.288,70.144,140.288,70.144,0.0002616649950973532,0.973586451192174,0.0,0.0
442,Device,Relu,model/activation_38/Relu,2,140.288,70.144,140.288,70.144,0.0002616649950973532,0.9738481161872714,0.0,0.0
443,Device,Relu,model/activation_25/Relu,2,139.264,69.632,139.264,69.632,0.0002597550316294893,0.9741078712189009,0.0,0.0
444,Device,Relu,model/activation_26/Relu,2,139.264,69.632,139.264,69.632,0.0002597550316294893,0.9743676262505303,0.0,0.0
445,Device,Relu,model/activation_29/Relu,2,139.264,69.632,139.264,69.632,0.0002597550316294893,0.9746273812821598,0.0,0.0
446,Device,Relu,model/activation_37/Relu,2,139.264,69.632,139.264,69.632,0.0002597550316294893,0.9748871363137892,0.0,0.0
447,Device,Relu,model/activation_23/Relu,2,138.24,69.12,138.24,69.12,0.0002578450681616254,0.9751449813819508,0.0,0.0
448,Device,Relu,model/activation_34/Relu,2,138.24,69.12,138.24,69.12,0.0002578450681616254,0.9754028264501124,0.0,0.0
449,Device,Relu,model/activation_35/Relu,2,138.24,69.12,138.24,69.12,0.0002578450681616254,0.9756606715182741,0.0,0.0
450,Device,ResourceApplyGradientDescent,SGD/SGD/update_170/ResourceApplyGradientDescent,2,124.928,62.464,124.928,62.464,0.0002330155430793948,0.9758936870613535,0.0,0.0
451,Device,ResourceApplyGradientDescent,SGD/SGD/update_184/ResourceApplyGradientDescent,2,124.928,62.464,124.928,62.464,0.0002330155430793948,0.9761267026044329,0.0,0.0
452,Device,ResourceApplyGradientDescent,SGD/SGD/update_196/ResourceApplyGradientDescent,2,124.928,62.464,124.928,62.464,0.0002330155430793948,0.9763597181475123,0.0,0.0
453,Device,AddN,SGD/gradients/AddN_64,2,122.88,61.44,122.88,61.44,0.00022919561614366703,0.976588913763656,0.0,0.0
454,Device,AddN,SGD/gradients/AddN_67,2,122.88,61.44,122.88,61.44,0.00022919561614366703,0.9768181093797996,0.0,0.0
455,Device,Mul,gradient_tape/conv2d_48/kernel/Regularizer/Mul_1,2,121.857,60.9285,121.857,60.9285,0.00022728751787450224,0.9770453968976741,0.0,0.0
456,Device,ArgMax,ArgMax_1,2,120.832,60.416,120.832,60.416,0.00022537568920793924,0.977270772586882,0.0,0.0
457,Device,AddN,SGD/gradients/AddN_60,2,120.832,60.416,120.832,60.416,0.00022537568920793924,0.9774961482760899,0.0,0.0
458,Device,Mul,gradient_tape/conv2d_51/kernel/Regularizer/Mul_1,2,120.832,60.416,120.832,60.416,0.00022537568920793924,0.9777215239652978,0.0,0.0
459,Device,Mul,gradient_tape/conv2d_44/kernel/Regularizer/Mul_1,2,118.784,59.392,118.784,59.392,0.0002215557622722115,0.97794307972757,0.0,0.0
460,Device,FusedBatchNormGradV3,gradient_tape/model/batch_normalization_41/FusedBatchNormGradV3,2,114.688,57.344,114.688,57.344,0.00021391590840075592,0.9781569956359708,0.0,0.0
461,Device,FusedBatchNormGradV3,gradient_tape/model/batch_normalization_44/FusedBatchNormGradV3,2,114.688,57.344,114.688,57.344,0.00021391590840075592,0.9783709115443716,0.0,0.0
462,Device,ReluGrad,gradient_tape/model/activation_44/ReluGrad,2,113.664,56.832,113.664,56.832,0.00021200594493289202,0.9785829174893045,0.0,0.0
463,Device,FusedBatchNormGradV3,gradient_tape/model/batch_normalization_40/FusedBatchNormGradV3,2,113.664,56.832,113.664,56.832,0.00021200594493289202,0.9787949234342374,0.0,0.0
464,Device,FusedBatchNormGradV3,gradient_tape/model/batch_normalization_43/FusedBatchNormGradV3,2,113.664,56.832,113.664,56.832,0.00021200594493289202,0.9790069293791702,0.0,0.0
465,Device,FusedBatchNormGradV3,gradient_tape/model/batch_normalization_47/FusedBatchNormGradV3,2,113.664,56.832,113.664,56.832,0.00021200594493289202,0.9792189353241031,0.0,0.0
466,Device,FusedBatchNormGradV3,gradient_tape/model/batch_normalization_46/FusedBatchNormGradV3,2,112.64,56.32,112.64,56.32,0.00021009598146502813,0.9794290313055681,0.0,0.0
467,Device,ResourceApplyGradientDescent,SGD/SGD/update_174/ResourceApplyGradientDescent,2,111.616,55.808,111.616,55.808,0.00020818601799716424,0.9796372173235653,0.0,0.0
468,Device,ReluGrad,gradient_tape/model/activation_46/ReluGrad,2,109.568,54.784,109.568,54.784,0.00020436609106143643,0.9798415834146268,0.0,0.0
469,Device,ReluGrad,gradient_tape/model/activation_40/ReluGrad,2,108.544,54.272,108.544,54.272,0.00020245612759357254,0.9800440395422204,0.0,0.0
470,Device,ReluGrad,gradient_tape/model/activation_41/ReluGrad,2,108.544,54.272,108.544,54.272,0.00020245612759357254,0.980246495669814,0.0,0.0
471,Device,ReluGrad,gradient_tape/model/activation_43/ReluGrad,2,108.544,54.272,108.544,54.272,0.00020245612759357254,0.9804489517974077,0.0,0.0
472,Device,ReluGrad,gradient_tape/model/activation_47/ReluGrad,2,108.544,54.272,108.544,54.272,0.00020245612759357254,0.9806514079250013,0.0,0.0
473,Device,Mul,gradient_tape/conv2d_46/kernel/Regularizer/Mul_1,2,106.496,53.248,106.496,53.248,0.00019863620065784475,0.9808500441256591,0.0,0.0
474,Device,AddN,SGD/gradients/AddN_61,2,104.448,52.224,104.448,52.224,0.00019481627372211697,0.9810448603993812,0.0,0.0
475,Device,BiasAddGrad,gradient_tape/model/conv2d_25/BiasAdd/BiasAddGrad,2,103.424,51.712,103.424,51.712,0.0001929063102542531,0.9812377667096355,0.0,0.0
476,Device,BiasAddGrad,gradient_tape/model/conv2d_38/BiasAdd/BiasAddGrad,2,102.4,51.2,102.4,51.2,0.0001909963467863892,0.9814287630564219,0.0,0.0
477,Device,BiasAddGrad,gradient_tape/model/conv2d_41/BiasAdd/BiasAddGrad,2,102.4,51.2,102.4,51.2,0.0001909963467863892,0.9816197594032083,0.0,0.0
478,Device,BiasAddGrad,gradient_tape/model/conv2d_29/BiasAdd/BiasAddGrad,2,101.376,50.688,101.376,50.688,0.00018908638331852532,0.9818088457865268,0.0,0.0
479,Device,BiasAddGrad,gradient_tape/model/conv2d_32/BiasAdd/BiasAddGrad,2,101.376,50.688,101.376,50.688,0.00018908638331852532,0.9819979321698453,0.0,0.0
480,Device,BiasAddGrad,gradient_tape/model/conv2d_35/BiasAdd/BiasAddGrad,2,101.376,50.688,101.376,50.688,0.00018908638331852532,0.9821870185531638,0.0,0.0
481,Device,BiasAddGrad,gradient_tape/model/conv2d_31/BiasAdd/BiasAddGrad,2,99.328,49.664,99.328,49.664,0.00018526645638279753,0.9823722850095467,0.0,0.0
482,Device,BiasAddGrad,gradient_tape/model/conv2d_37/BiasAdd/BiasAddGrad,2,99.328,49.664,99.328,49.664,0.00018526645638279753,0.9825575514659295,0.0,0.0
483,Device,BiasAddGrad,gradient_tape/model/conv2d_34/BiasAdd/BiasAddGrad,2,98.304,49.152,98.304,49.152,0.00018335649291493364,0.9827409079588444,0.0,0.0
484,Device,BiasAddGrad,gradient_tape/model/conv2d_40/BiasAdd/BiasAddGrad,2,98.304,49.152,98.304,49.152,0.00018335649291493364,0.9829242644517593,0.0,0.0
485,Device,ResourceApplyGradientDescent,SGD/SGD/update_204/ResourceApplyGradientDescent,2,97.28,48.64,97.28,48.64,0.00018144652944706975,0.9831057109812064,0.0,0.0
486,Device,BiasAddGrad,gradient_tape/model/conv2d_28/BiasAdd/BiasAddGrad,2,97.28,48.64,97.28,48.64,0.00018144652944706975,0.9832871575106534,0.0,0.0
487,Device,BiasAddGrad,gradient_tape/model/conv2d_24/BiasAdd/BiasAddGrad,2,93.184,46.592,93.184,46.592,0.00017380667557561418,0.9834609641862291,0.0,0.0
488,Device,Mul,gradient_tape/conv2d_44/kernel/Regularizer/Mul,2,83.968,41.984,83.968,41.984,0.00015661700436483915,0.983617581190594,0.0,0.0
489,Device,Square,conv2d_48/kernel/Regularizer/Square,2,82.944,41.472,82.944,41.472,0.00015470704089697525,0.9837722882314909,0.0,0.0
490,Device,Square,conv2d_51/kernel/Regularizer/Square,2,82.944,41.472,82.944,41.472,0.00015470704089697525,0.9839269952723878,0.0,0.0
491,Device,Square,conv2d_44/kernel/Regularizer/Square,2,81.92,40.96,81.92,40.96,0.00015279707742911136,0.9840797923498169,0.0,0.0
492,Device,FusedBatchNormV3,model/batch_normalization_41/FusedBatchNormV3,4,79.872,19.968,79.872,19.968,0.00014897715049338358,0.9842287695003102,0.0,0.0
493,Device,FusedBatchNormV3,model/batch_normalization_43/FusedBatchNormV3,4,77.824,19.456,77.824,19.456,0.0001451572235576558,0.9843739267238679,0.0,0.0
494,Device,FusedBatchNormV3,model/batch_normalization_46/FusedBatchNormV3,4,77.824,19.456,77.824,19.456,0.0001451572235576558,0.9845190839474256,0.0,0.0
495,Device,FusedBatchNormV3,model/batch_normalization_47/FusedBatchNormV3,4,77.824,19.456,77.824,19.456,0.0001451572235576558,0.9846642411709833,0.0,0.0
496,Device,FusedBatchNormV3,model/batch_normalization_40/FusedBatchNormV3,4,76.8,19.2,76.8,19.2,0.0001432472600897919,0.984807488431073,0.0,0.0
497,Device,FusedBatchNormV3,model/batch_normalization_44/FusedBatchNormV3,4,74.752,18.688,74.752,18.688,0.00013942733315406412,0.9849469157642271,0.0,0.0
498,Device,Square,conv2d_46/kernel/Regularizer/Square,2,73.728,36.864,73.728,36.864,0.00013751736968620022,0.9850844331339133,0.0,0.0
499,Device,Mul,gradient_tape/conv2d_46/kernel/Regularizer/Mul,2,73.728,36.864,73.728,36.864,0.00013751736968620022,0.9852219505035994,0.0,0.0
500,Device,Tile,gradient_tape/conv2d_44/kernel/Regularizer/Tile,2,72.704,36.352,72.704,36.352,0.00013560740621833633,0.9853575579098177,0.0,0.0
501,Host,IDLE,IDLE,0,1597998.977,0.0,1597998.977,0.0,0.0,0.0,0.9784077923742932,0.9784077923742932
502,Host,GatherV2,GatherV2,2,34819.957,17409.9785,34819.957,17409.9785,0.0,0.0,0.0213192359627761,0.9997270283370693
503,Host,GatherV2,GatherV2_1,2,110.311,55.1555,110.311,55.1555,0.0,0.0,6.754018215156883e-05,0.9997945685192209
504,Host,Dataset,Iterator::Root::ParallelMapV2,2,50.762,25.381,50.762,25.381,0.0,0.0,3.10800801948848e-05,0.9998256485994158
505,Host,Dataset,Iterator::Root::ParallelMapV2::Zip[1]::ForeverRepeat,2,52.6,26.3,48.3,24.15,0.0,0.0,2.9572669977797088e-05,0.9998552212693936
506,Host,IteratorGetNext,IteratorGetNext,2,40.3,20.15,40.3,20.15,0.0,0.0,2.467450517816196e-05,0.9998798957745718
507,Host,FlushSummaryWriter,FlushSummaryWriter,1,39.52,39.52,39.52,39.52,0.0,0.0,2.4196934110197538e-05,0.999904092708682
508,Host,LogicalAnd,LogicalAnd,1,31.87,31.87,31.87,31.87,0.0,0.0,1.9513064020546444e-05,0.9999236057727026
509,Host,Dataset,Iterator::Root,2,79.312,39.656,28.55,14.275,0.0,0.0,1.7480325628697867e-05,0.9999410860983312
510,Host,Dataset,Iterator::Root::ParallelMapV2::Zip[0]::FlatMap[1]::Concatenate[0]::TensorSlice,2,22.04,11.02,22.04,11.02,0.0,0.0,1.3494444022994779e-05,0.9999545805423542
511,Host,WriteSummary,WriteSummary,1,21.74,21.74,21.74,21.74,0.0,0.0,1.331076284300846e-05,0.9999678913051973
512,Host,Dataset,Iterator::Root::ParallelMapV2::Zip[0]::FlatMap[1]::Concatenate,2,35.22,17.61,13.18,6.59,0.0,0.0,8.069726507398874e-06,0.9999759610317046
513,Host,Dataset,Iterator::Root::ParallelMapV2::Zip,2,101.521,50.7605,9.471,4.7355,0.0,0.0,5.798814852168038e-06,0.9999817598465568
514,Host,ReadVariableOp,ReadVariableOp,1,7.341,7.341,7.341,7.341,0.0,0.0,4.494678474265185e-06,0.9999862545250311
515,Host,Dataset,Iterator::Root::ParallelMapV2::Zip[1]::ForeverRepeat::FromTensor,4,4.3,1.075,4.3,1.075,0.0,0.0,2.6327635798038814e-06,0.9999888872886109
516,Host,Dataset,Iterator::Root::ParallelMapV2::Zip[0]::FlatMap,2,39.45,19.725,4.23,2.115,0.0,0.0,2.5899046378070743e-06,0.9999914771932488
517,Host,_Send,IteratorGetNext/_1,2,3.98,1.99,3.98,1.99,0.0,0.0,2.4368369878184766e-06,0.9999939140302366
518,Host,_Send,IteratorGetNext/_6,2,3.11,1.555,3.11,1.555,0.0,0.0,1.9041615658581561e-06,0.9999958181918025
519,Host,Identity,Identity,2,2.77,1.385,2.77,1.385,0.0,0.0,1.6959895618736633e-06,0.9999975141813644
520,Host,_HostSend,categorical_crossentropy/softmax_cross_entropy_with_logits/Shape_2/_9,2,2.46,1.23,2.46,1.23,0.0,0.0,1.506185675887802e-06,0.9999990203670402
521,Host,_Send,IteratorGetNext/_3,2,1.6,0.8,1.6,0.8,0.0,0.0,9.796329599270258e-07,1.0000000000000002
