Rank,Host/device,Type,Operation,#Occurrences,Total time (us),Avg. time (us),Total self-time (us),Avg. self-time (us),Total self-time on Device (%),Cumulative total-self time on Device (%),Total self-time on Host (%),Cumulative total-self time on Host (%)
1,Device,IDLE,IDLE,0,47673.655,0.0,47673.655,0.0,0.5201541384303469,0.5201541384303469,0.0,0.0
2,Device,Conv2DBackpropInput,gradient_tape/model/conv2d_46/Conv2D/Conv2DBackpropInput,4,812.032,203.008,812.032,203.008,0.008859857825834237,0.5290139962561811,0.0,0.0
3,Device,Conv2DBackpropFilter,gradient_tape/model/conv2d_48/Conv2D/Conv2DBackpropFilter,2,589.825,294.9125,589.825,294.9125,0.006435418360511259,0.5354494146166924,0.0,0.0
4,Device,Conv2DBackpropFilter,gradient_tape/model/conv2d_51/Conv2D/Conv2DBackpropFilter,2,587.776,293.888,587.776,293.888,0.006413062285030077,0.5418624769017224,0.0,0.0
5,Device,Conv2DBackpropFilter,gradient_tape/model/conv2d_44/Conv2D/Conv2DBackpropFilter,2,576.512,288.256,576.512,288.256,0.006290163878870964,0.5481526407805933,0.0,0.0
6,Device,Conv2DBackpropInput,gradient_tape/model/conv2d_51/Conv2D/Conv2DBackpropInput,4,429.056,107.264,429.056,107.264,0.004681312016424395,0.5528339527970177,0.0,0.0
7,Device,Conv2DBackpropInput,gradient_tape/model/conv2d_44/Conv2D/Conv2DBackpropInput,4,428.032,107.008,428.032,107.008,0.004670139434046293,0.557504092231064,0.0,0.0
8,Device,Conv2DBackpropInput,gradient_tape/model/conv2d_48/Conv2D/Conv2DBackpropInput,4,425.984,106.496,425.984,106.496,0.004647794269290091,0.5621518865003541,0.0,0.0
9,Device,Conv2D,model/conv2d_44/Conv2D,4,421.888,105.472,421.888,105.472,0.004603103939777686,0.5667549904401318,0.0,0.0
10,Device,Conv2D,model/conv2d_51/Conv2D,4,419.84,104.96,419.84,104.96,0.0045807587750214835,0.5713357492151533,0.0,0.0
11,Device,Conv2D,model/conv2d_48/Conv2D,4,418.816,104.704,418.816,104.704,0.004569586192643383,0.5759053354077966,0.0,0.0
12,Device,Conv2D,model/conv2d_46/Conv2D,2,381.954,190.977,381.954,190.977,0.004167395048481698,0.5800727304562784,0.0,0.0
13,Device,Conv2DBackpropInput,gradient_tape/model/conv2d_45/Conv2D/Conv2DBackpropInput,4,362.496,90.624,362.496,90.624,0.003955094161847817,0.5840278246181262,0.0,0.0
14,Device,Conv2DBackpropInput,gradient_tape/model/conv2d_52/Conv2D/Conv2DBackpropInput,4,360.448,90.112,360.448,90.112,0.003932748997091616,0.5879605736152178,0.0,0.0
15,Device,Conv2D,model/conv2d_50/Conv2D,4,357.377,89.34425,357.377,89.34425,0.0038992421606822906,0.5918598157759001,0.0,0.0
16,Device,Conv2DBackpropInput,gradient_tape/model/conv2d_49/Conv2D/Conv2DBackpropInput,4,356.352,89.088,356.352,89.088,0.0038880586675792105,0.5957478744434793,0.0,0.0
17,Device,Conv2D,model/conv2d_47/Conv2D,4,354.304,88.576,354.304,88.576,0.0038657135028230083,0.5996135879463024,0.0,0.0
18,Device,Conv2DBackpropInput,gradient_tape/model/conv2d_27/Conv2D/Conv2DBackpropInput,4,342.016,85.504,342.016,85.504,0.0037316425142857944,0.6033452304605882,0.0,0.0
19,Device,Conv2DBackpropFilter,gradient_tape/model/conv2d_14/Conv2D/Conv2DBackpropFilter,4,275.456,68.864,275.456,68.864,0.003005424659709218,0.6063506551202974,0.0,0.0
20,Device,Conv2DBackpropInput,gradient_tape/model/conv2d_14/Conv2D/Conv2DBackpropInput,2,258.049,129.0245,258.049,129.0245,0.002815501670006476,0.6091661567903038,0.0,0.0
21,Device,_Recv,IteratorGetNext/_2,2,244.609,122.3045,244.609,122.3045,0.002668861526293898,0.6118350183165977,0.0,0.0
22,Device,Conv2DBackpropFilter,gradient_tape/model/conv2d_46/Conv2D/Conv2DBackpropFilter,2,235.521,117.7605,235.521,117.7605,0.00256970485768825,0.614404723174286,0.0,0.0
23,Device,Conv2DBackpropInput,gradient_tape/model/conv2d_47/Conv2D/Conv2DBackpropInput,2,207.872,103.936,207.872,103.936,0.00226803422275454,0.6166727573970405,0.0,0.0
24,Device,Conv2DBackpropInput,gradient_tape/model/conv2d_50/Conv2D/Conv2DBackpropInput,2,206.849,103.4245,206.849,103.4245,0.002256872551101417,0.6189296299481419,0.0,0.0
25,Device,Conv2D,model/conv2d_43/Conv2D,4,197.632,49.408,197.632,49.408,0.002156308398973528,0.6210859383471155,0.0,0.0
26,Device,FusedBatchNormGradV3,gradient_tape/model/batch_normalization_3/FusedBatchNormGradV3,2,195.586,97.793,195.586,97.793,0.002133985055667283,0.6232199234027828,0.0,0.0
27,Device,Conv2DBackpropInput,gradient_tape/model/conv2d_43/Conv2D/Conv2DBackpropInput,4,195.586,48.8965,195.586,48.8965,0.002133985055667283,0.6253539084584501,0.0,0.0
28,Device,FusedBatchNormGradV3,gradient_tape/model/batch_normalization_6/FusedBatchNormGradV3,2,195.584,97.792,195.584,97.792,0.0021339632342173257,0.6274878716926674,0.0,0.0
29,Device,FusedBatchNormGradV3,gradient_tape/model/batch_normalization_9/FusedBatchNormGradV3,2,194.562,97.281,194.562,97.281,0.0021228124732891817,0.6296106841659566,0.0,0.0
30,Device,Conv2DBackpropInput,gradient_tape/model/conv2d_26/Conv2D/Conv2DBackpropInput,4,194.56,48.64,194.56,48.64,0.0021227906518392244,0.6317334748177957,0.0,0.0
31,Device,Conv2DBackpropFilter,gradient_tape/model/conv2d_20/Conv2D/Conv2DBackpropFilter,2,193.536,96.768,193.536,96.768,0.002111618069461123,0.6338450928872569,0.0,0.0
32,Device,Conv2DBackpropFilter,gradient_tape/model/conv2d_23/Conv2D/Conv2DBackpropFilter,2,191.488,95.744,191.488,95.744,0.002089272904704921,0.6359343657919618,0.0,0.0
33,Device,Conv2DBackpropFilter,gradient_tape/model/conv2d_13/Conv2D/Conv2DBackpropFilter,2,190.464,95.232,190.464,95.232,0.0020781003223268196,0.6380124661142886,0.0,0.0
34,Device,Conv2DBackpropInput,gradient_tape/model/conv2d_30/Conv2D/Conv2DBackpropInput,4,190.464,47.616,190.464,47.616,0.0020781003223268196,0.6400905664366154,0.0,0.0
35,Device,Conv2DBackpropFilter,gradient_tape/model/conv2d_17/Conv2D/Conv2DBackpropFilter,2,189.44,94.72,189.44,94.72,0.0020669277399487183,0.6421574941765642,0.0,0.0
36,Device,Conv2DBackpropInput,gradient_tape/model/conv2d_32/Conv2D/Conv2DBackpropInput,4,188.417,47.10425,188.417,47.10425,0.002055766068295596,0.6442132602448598,0.0,0.0
37,Device,Conv2DBackpropInput,gradient_tape/model/conv2d_36/Conv2D/Conv2DBackpropInput,4,188.416,47.104,188.416,47.104,0.0020557551575706174,0.6462690154024304,0.0,0.0
38,Device,Conv2DBackpropInput,gradient_tape/model/conv2d_41/Conv2D/Conv2DBackpropInput,4,188.416,47.104,188.416,47.104,0.0020557551575706174,0.648324770560001,0.0,0.0
39,Device,Conv2DBackpropInput,gradient_tape/model/conv2d_25/Conv2D/Conv2DBackpropInput,4,187.392,46.848,187.392,46.848,0.002044582575192516,0.6503693531351935,0.0,0.0
40,Device,Conv2DBackpropInput,gradient_tape/model/conv2d_35/Conv2D/Conv2DBackpropInput,4,187.392,46.848,187.392,46.848,0.002044582575192516,0.652413935710386,0.0,0.0
41,Device,Conv2DBackpropInput,gradient_tape/model/conv2d_38/Conv2D/Conv2DBackpropInput,4,187.392,46.848,187.392,46.848,0.002044582575192516,0.6544585182855784,0.0,0.0
42,Device,FusedBatchNormGradV3,gradient_tape/model/batch_normalization/FusedBatchNormGradV3,2,186.369,93.1845,186.369,93.1845,0.0020334209035393937,0.6564919391891179,0.0,0.0
43,Device,Conv2DBackpropFilter,gradient_tape/model/conv2d/Conv2D/Conv2DBackpropFilter,2,186.369,93.1845,186.369,93.1845,0.0020334209035393937,0.6585253600926573,0.0,0.0
44,Device,Conv2DBackpropInput,gradient_tape/model/conv2d_33/Conv2D/Conv2DBackpropInput,4,186.368,46.592,186.368,46.592,0.002033409992814415,0.6605587700854717,0.0,0.0
45,Device,Conv2DBackpropInput,gradient_tape/model/conv2d_29/Conv2D/Conv2DBackpropInput,4,185.344,46.336,185.344,46.336,0.0020222374104363135,0.662581007495908,0.0,0.0
46,Device,Conv2DBackpropInput,gradient_tape/model/conv2d_39/Conv2D/Conv2DBackpropInput,4,185.344,46.336,185.344,46.336,0.0020222374104363135,0.6646032449063443,0.0,0.0
47,Device,Conv2D,model/conv2d_27/Conv2D,2,185.344,92.672,185.344,92.672,0.0020222374104363135,0.6666254823167805,0.0,0.0
48,Device,Conv2D,model/conv2d_45/Conv2D,2,184.321,92.1605,184.321,92.1605,0.002011075738783191,0.6686365580555638,0.0,0.0
49,Device,Conv2DBackpropInput,gradient_tape/model/conv2d_42/Conv2D/Conv2DBackpropInput,4,184.32,46.08,184.32,46.08,0.0020110648280582126,0.670647622883622,0.0,0.0
50,Device,Conv2D,model/conv2d_29/Conv2D,4,181.248,45.312,181.248,45.312,0.0019775470809239087,0.6726251699645459,0.0,0.0
51,Device,Conv2D,model/conv2d_32/Conv2D,4,181.248,45.312,181.248,45.312,0.0019775470809239087,0.6746027170454698,0.0,0.0
52,Device,Conv2D,model/conv2d_38/Conv2D,4,181.248,45.312,181.248,45.312,0.0019775470809239087,0.6765802641263937,0.0,0.0
53,Device,Conv2D,model/conv2d_49/Conv2D,2,181.248,90.624,181.248,90.624,0.0019775470809239087,0.6785578112073176,0.0,0.0
54,Device,Conv2D,model/conv2d_52/Conv2D,2,181.248,90.624,181.248,90.624,0.0019775470809239087,0.6805353582882415,0.0,0.0
55,Device,Conv2D,model/conv2d_25/Conv2D,4,180.224,45.056,180.224,45.056,0.001966374498545808,0.6825017327867873,0.0,0.0
56,Device,Conv2D,model/conv2d_41/Conv2D,4,180.224,45.056,180.224,45.056,0.001966374498545808,0.684468107285333,0.0,0.0
57,Device,Conv2D,model/conv2d_35/Conv2D,4,179.2,44.8,179.2,44.8,0.0019552019161677065,0.6864233092015007,0.0,0.0
58,Device,Conv2DBackpropFilter,gradient_tape/model/conv2d_27/Conv2D/Conv2DBackpropFilter,2,169.984,84.992,169.984,84.992,0.001854648674764796,0.6882779578762656,0.0,0.0
59,Device,Conv2DBackpropFilter,gradient_tape/model/conv2d_8/Conv2D/Conv2DBackpropFilter,2,168.96,84.48,168.96,84.48,0.0018434760923866948,0.6901214339686522,0.0,0.0
60,Device,Conv2DBackpropFilter,gradient_tape/model/conv2d_5/Conv2D/Conv2DBackpropFilter,2,164.864,82.432,164.864,82.432,0.0017987857628742902,0.6919202197315265,0.0,0.0
61,Device,Conv2D,model/conv2d/Conv2D,2,154.624,77.312,154.624,77.312,0.0016870599390932783,0.6936072796706197,0.0,0.0
62,Device,Conv2DBackpropFilter,gradient_tape/model/conv2d_6/Conv2D/Conv2DBackpropFilter,2,152.577,76.2885,152.577,76.2885,0.0016647256850620545,0.6952720053556818,0.0,0.0
63,Device,Conv2D,model/conv2d_31/Conv2D,4,151.553,37.88825,151.553,37.88825,0.0016535531026839532,0.6969255584583658,0.0,0.0
64,Device,Conv2DBackpropFilter,gradient_tape/model/conv2d_2/Conv2D/Conv2DBackpropFilter,2,151.552,75.776,151.552,75.776,0.0016535421919589746,0.6985791006503248,0.0,0.0
65,Device,Conv2DBackpropFilter,gradient_tape/model/conv2d_9/Conv2D/Conv2DBackpropFilter,2,151.552,75.776,151.552,75.776,0.0016535421919589746,0.7002326428422838,0.0,0.0
66,Device,Conv2D,model/conv2d_34/Conv2D,4,150.528,37.632,150.528,37.632,0.0016423696095808735,0.7018750124518647,0.0,0.0
67,Device,Conv2DBackpropInput,gradient_tape/model/conv2d_24/Conv2D/Conv2DBackpropInput,4,149.505,37.37625,149.505,37.37625,0.0016312079379277508,0.7035062203897924,0.0,0.0
68,Device,Conv2DBackpropFilter,gradient_tape/model/conv2d_10/Conv2D/Conv2DBackpropFilter,2,148.48,74.24,148.48,74.24,0.001620024444824671,0.705126244834617,0.0,0.0
69,Device,Conv2DBackpropFilter,gradient_tape/model/conv2d_4/Conv2D/Conv2DBackpropFilter,2,148.48,74.24,148.48,74.24,0.001620024444824671,0.7067462692794417,0.0,0.0
70,Device,Conv2D,model/conv2d_40/Conv2D,4,148.48,37.12,148.48,37.12,0.001620024444824671,0.7083662937242664,0.0,0.0
71,Device,Conv2D,model/conv2d_28/Conv2D,4,147.456,36.864,147.456,36.864,0.0016088518624465698,0.7099751455867129,0.0,0.0
72,Device,Conv2D,model/conv2d_37/Conv2D,4,147.456,36.864,147.456,36.864,0.0016088518624465698,0.7115839974491595,0.0,0.0
73,Device,Conv2DBackpropFilter,gradient_tape/model/conv2d_3/Conv2D/Conv2DBackpropFilter,2,144.384,72.192,144.384,72.192,0.0015753341153122663,0.7131593315644718,0.0,0.0
74,Device,Conv2DBackpropFilter,gradient_tape/model/conv2d_7/Conv2D/Conv2DBackpropFilter,2,144.384,72.192,144.384,72.192,0.0015753341153122663,0.714734665679784,0.0,0.0
75,Device,Conv2D,model/conv2d_14/Conv2D,2,143.36,71.68,143.36,71.68,0.0015641615329341654,0.7162988272127182,0.0,0.0
76,Device,Conv2DBackpropFilter,gradient_tape/model/conv2d_25/Conv2D/Conv2DBackpropFilter,4,136.192,34.048,136.192,34.048,0.0014859534562874572,0.7177847806690056,0.0,0.0
77,Device,Conv2DBackpropFilter,gradient_tape/model/conv2d_32/Conv2D/Conv2DBackpropFilter,4,135.168,33.792,135.168,33.792,0.0014747808739093559,0.719259561542915,0.0,0.0
78,Device,Conv2DBackpropFilter,gradient_tape/model/conv2d_38/Conv2D/Conv2DBackpropFilter,4,135.168,33.792,135.168,33.792,0.0014747808739093559,0.7207343424168244,0.0,0.0
79,Device,Conv2DBackpropFilter,gradient_tape/model/conv2d_41/Conv2D/Conv2DBackpropFilter,4,135.168,33.792,135.168,33.792,0.0014747808739093559,0.7222091232907338,0.0,0.0
80,Device,Conv2DBackpropInput,gradient_tape/model/conv2d_11/Conv2D/Conv2DBackpropInput,2,134.144,67.072,134.144,67.072,0.0014636082915312548,0.7236727315822651,0.0,0.0
81,Device,Conv2DBackpropFilter,gradient_tape/model/conv2d_52/Conv2D/Conv2DBackpropFilter,2,134.144,67.072,134.144,67.072,0.0014636082915312548,0.7251363398737963,0.0,0.0
82,Device,Conv2DBackpropFilter,gradient_tape/model/conv2d_29/Conv2D/Conv2DBackpropFilter,4,133.12,33.28,133.12,33.28,0.0014524357091531535,0.7265887755829494,0.0,0.0
83,Device,Conv2DBackpropFilter,gradient_tape/model/conv2d_35/Conv2D/Conv2DBackpropFilter,4,133.12,33.28,133.12,33.28,0.0014524357091531535,0.7280412112921025,0.0,0.0
84,Device,Conv2DBackpropFilter,gradient_tape/model/conv2d_45/Conv2D/Conv2DBackpropFilter,2,132.096,66.048,132.096,66.048,0.0014412631267750524,0.7294824744188776,0.0,0.0
85,Device,Conv2DBackpropFilter,gradient_tape/model/conv2d_49/Conv2D/Conv2DBackpropFilter,2,130.048,65.024,130.048,65.024,0.00141891796201885,0.7309013923808965,0.0,0.0
86,Device,Conv2DBackpropFilter,gradient_tape/model/conv2d_47/Conv2D/Conv2DBackpropFilter,2,126.976,63.488,126.976,63.488,0.0013854002148845463,0.732286792595781,0.0,0.0
87,Device,Conv2DBackpropFilter,gradient_tape/model/conv2d_50/Conv2D/Conv2DBackpropFilter,2,126.976,63.488,126.976,63.488,0.0013854002148845463,0.7336721928106655,0.0,0.0
88,Device,Conv2DBackpropFilter,gradient_tape/model/conv2d_11/Conv2D/Conv2DBackpropFilter,2,125.952,62.976,125.952,62.976,0.0013742276325064452,0.735046420443172,0.0,0.0
89,Device,Conv2DBackpropFilter,gradient_tape/model/conv2d_24/Conv2D/Conv2DBackpropFilter,2,125.952,62.976,125.952,62.976,0.0013742276325064452,0.7364206480756785,0.0,0.0
90,Device,ResourceApplyGradientDescent,SGD/SGD/update_170/ResourceApplyGradientDescent,2,123.904,61.952,123.904,61.952,0.0013518824677502428,0.7377725305434287,0.0,0.0
91,Device,ResourceApplyGradientDescent,SGD/SGD/update_184/ResourceApplyGradientDescent,2,123.904,61.952,123.904,61.952,0.0013518824677502428,0.7391244130111789,0.0,0.0
92,Device,ResourceApplyGradientDescent,SGD/SGD/update_196/ResourceApplyGradientDescent,2,123.904,61.952,123.904,61.952,0.0013518824677502428,0.7404762954789291,0.0,0.0
93,Device,Mul,gradient_tape/conv2d_48/kernel/Regularizer/Mul_1,2,121.856,60.928,121.856,60.928,0.0013295373029940404,0.7418058327819231,0.0,0.0
94,Device,Mul,gradient_tape/conv2d_44/kernel/Regularizer/Mul_1,2,120.832,60.416,120.832,60.416,0.0013183647206159391,0.7431241975025391,0.0,0.0
95,Device,Mul,gradient_tape/conv2d_51/kernel/Regularizer/Mul_1,2,120.832,60.416,120.832,60.416,0.0013183647206159391,0.7444425622231551,0.0,0.0
96,Device,Conv2DBackpropFilter,gradient_tape/model/conv2d_21/Conv2D/Conv2DBackpropFilter,4,120.832,30.208,120.832,30.208,0.0013183647206159391,0.745760926943771,0.0,0.0
97,Device,Conv2DBackpropFilter,gradient_tape/model/conv2d_15/Conv2D/Conv2DBackpropFilter,4,119.808,29.952,119.808,29.952,0.0013071921382378383,0.7470681190820089,0.0,0.0
98,Device,Conv2D,model/conv2d_22/Conv2D,2,119.808,59.904,119.808,59.904,0.0013071921382378383,0.7483753112202467,0.0,0.0
99,Device,Conv2DBackpropFilter,gradient_tape/model/conv2d_18/Conv2D/Conv2DBackpropFilter,4,118.785,29.69625,118.785,29.69625,0.0012960304665847156,0.7496713416868314,0.0,0.0
100,Device,Conv2D,model/conv2d_12/Conv2D,2,118.784,59.392,118.784,59.392,0.001296019555859737,0.7509673612426911,0.0,0.0
101,Device,Conv2D,model/conv2d_16/Conv2D,2,118.784,59.392,118.784,59.392,0.001296019555859737,0.7522633807985509,0.0,0.0
102,Device,Conv2DBackpropFilter,gradient_tape/model/conv2d_22/Conv2D/Conv2DBackpropFilter,2,117.761,58.8805,117.761,58.8805,0.0012848578842066143,0.7535482386827576,0.0,0.0
103,Device,Conv2DBackpropInput,gradient_tape/model/conv2d_16/Conv2D/Conv2DBackpropInput,2,117.76,58.88,117.76,58.88,0.0012848469734816359,0.7548330856562392,0.0,0.0
104,Device,Conv2DBackpropFilter,gradient_tape/model/conv2d_19/Conv2D/Conv2DBackpropFilter,2,116.736,58.368,116.736,58.368,0.0012736743911035346,0.7561067600473427,0.0,0.0
105,Device,Conv2DBackpropInput,gradient_tape/model/conv2d_22/Conv2D/Conv2DBackpropInput,2,116.736,58.368,116.736,58.368,0.0012736743911035346,0.7573804344384462,0.0,0.0
106,Device,Conv2D,model/conv2d_19/Conv2D,2,116.736,58.368,116.736,58.368,0.0012736743911035346,0.7586541088295496,0.0,0.0
107,Device,Conv2DBackpropInput,gradient_tape/model/conv2d_12/Conv2D/Conv2DBackpropInput,2,115.712,57.856,115.712,57.856,0.0012625018087254335,0.7599166106382751,0.0,0.0
108,Device,Conv2DBackpropFilter,gradient_tape/model/conv2d_16/Conv2D/Conv2DBackpropFilter,2,115.712,57.856,115.712,57.856,0.0012625018087254335,0.7611791124470005,0.0,0.0
109,Device,Conv2DBackpropFilter,gradient_tape/model/conv2d_12/Conv2D/Conv2DBackpropFilter,2,114.688,57.344,114.688,57.344,0.0012513292263473322,0.7624304416733478,0.0,0.0
110,Device,AddN,SGD/gradients/AddN_60,2,111.616,55.808,111.616,55.808,0.0012178114792130287,0.7636482531525609,0.0,0.0
111,Device,AddN,SGD/gradients/AddN_64,2,111.616,55.808,111.616,55.808,0.0012178114792130287,0.764866064631774,0.0,0.0
112,Device,AddN,SGD/gradients/AddN_67,2,111.616,55.808,111.616,55.808,0.0012178114792130287,0.766083876110987,0.0,0.0
113,Device,FusedBatchNormV3,model/batch_normalization/FusedBatchNormV3,4,111.616,27.904,111.616,27.904,0.0012178114792130287,0.7673016875902001,0.0,0.0
114,Device,AddN,SGD/gradients/AddN_61,2,110.592,55.296,110.592,55.296,0.0012066388968349274,0.768508326487035,0.0,0.0
115,Device,Conv2DBackpropInput,gradient_tape/model/conv2d_19/Conv2D/Conv2DBackpropInput,2,110.592,55.296,110.592,55.296,0.0012066388968349274,0.76971496538387,0.0,0.0
116,Device,AddV2,model/add_2/add,2,110.592,55.296,110.592,55.296,0.0012066388968349274,0.7709216042807049,0.0,0.0
117,Device,ResourceApplyGradientDescent,SGD/SGD/update_174/ResourceApplyGradientDescent,2,109.568,54.784,109.568,54.784,0.0011954663144568263,0.7721170705951617,0.0,0.0
118,Device,Conv2D,model/conv2d_2/Conv2D,4,109.568,27.392,109.568,27.392,0.0011954663144568263,0.7733125369096184,0.0,0.0
119,Device,Conv2D,model/conv2d_9/Conv2D,4,109.568,27.392,109.568,27.392,0.0011954663144568263,0.7745080032240752,0.0,0.0
120,Device,AddV2,model/add/add,2,108.545,54.2725,108.545,54.2725,0.0011843046428037037,0.7756923078668789,0.0,0.0
121,Device,AddV2,model/add_1/add,2,108.544,54.272,108.544,54.272,0.001184293732078725,0.7768766015989577,0.0,0.0
122,Device,Mul,gradient_tape/conv2d_46/kernel/Regularizer/Mul_1,2,107.52,53.76,107.52,53.76,0.001173121149700624,0.7780497227486582,0.0,0.0
123,Device,AddN,SGD/gradients/AddN_12,2,106.496,53.248,106.496,53.248,0.0011619485673225228,0.7792116713159808,0.0,0.0
124,Device,AddN,SGD/gradients/AddN_13,2,106.496,53.248,106.496,53.248,0.0011619485673225228,0.7803736198833033,0.0,0.0
125,Device,AddN,SGD/gradients/AddN_14,2,106.496,53.248,106.496,53.248,0.0011619485673225228,0.7815355684506259,0.0,0.0
126,Device,Conv2D,model/conv2d_24/Conv2D,2,105.472,52.736,105.472,52.736,0.0011507759849444215,0.7826863444355703,0.0,0.0
127,Device,ReluGrad,gradient_tape/model/activation_3/ReluGrad,2,104.448,52.224,104.448,52.224,0.0011396034025663204,0.7838259478381366,0.0,0.0
128,Device,ReluGrad,gradient_tape/model/activation_6/ReluGrad,2,103.424,51.712,103.424,51.712,0.0011284308201882194,0.7849543786583248,0.0,0.0
129,Device,Conv2DBackpropInput,gradient_tape/model/conv2d_17/Conv2D/Conv2DBackpropInput,4,103.424,25.856,103.424,25.856,0.0011284308201882194,0.7860828094785131,0.0,0.0
130,Device,Conv2DBackpropFilter,gradient_tape/model/conv2d_36/Conv2D/Conv2DBackpropFilter,2,102.4,51.2,102.4,51.2,0.001117258237810118,0.7872000677163232,0.0,0.0
131,Device,Conv2DBackpropFilter,gradient_tape/model/conv2d_42/Conv2D/Conv2DBackpropFilter,2,102.4,51.2,102.4,51.2,0.001117258237810118,0.7883173259541334,0.0,0.0
132,Device,Conv2D,model/conv2d_6/Conv2D,4,102.4,25.6,102.4,25.6,0.001117258237810118,0.7894345841919436,0.0,0.0
133,Device,ReluGrad,gradient_tape/model/activation/ReluGrad,2,101.376,50.688,101.376,50.688,0.001106085655432017,0.7905406698473756,0.0,0.0
134,Device,Conv2DBackpropInput,gradient_tape/model/conv2d_20/Conv2D/Conv2DBackpropInput,4,101.376,25.344,101.376,25.344,0.001106085655432017,0.7916467555028076,0.0,0.0
135,Device,Conv2DBackpropInput,gradient_tape/model/conv2d_5/Conv2D/Conv2DBackpropInput,2,101.376,50.688,101.376,50.688,0.001106085655432017,0.7927528411582396,0.0,0.0
136,Device,Conv2DBackpropInput,gradient_tape/model/conv2d_13/Conv2D/Conv2DBackpropInput,4,100.352,25.088,100.352,25.088,0.0010949130730539157,0.7938477542312935,0.0,0.0
137,Device,Conv2DBackpropFilter,gradient_tape/model/conv2d_33/Conv2D/Conv2DBackpropFilter,2,100.352,50.176,100.352,50.176,0.0010949130730539157,0.7949426673043474,0.0,0.0
138,Device,Conv2DBackpropFilter,gradient_tape/model/conv2d_39/Conv2D/Conv2DBackpropFilter,2,99.329,49.6645,99.329,49.6645,0.001083751401400793,0.7960264187057482,0.0,0.0
139,Device,ReluGrad,gradient_tape/model/activation_9/ReluGrad,2,99.328,49.664,99.328,49.664,0.0010837404906758146,0.797110159196424,0.0,0.0
140,Device,Conv2DBackpropFilter,gradient_tape/model/conv2d_26/Conv2D/Conv2DBackpropFilter,2,99.328,49.664,99.328,49.664,0.0010837404906758146,0.7981938996870999,0.0,0.0
141,Device,Conv2DBackpropFilter,gradient_tape/model/conv2d_28/Conv2D/Conv2DBackpropFilter,2,99.328,49.664,99.328,49.664,0.0010837404906758146,0.7992776401777757,0.0,0.0
142,Device,Conv2DBackpropFilter,gradient_tape/model/conv2d_30/Conv2D/Conv2DBackpropFilter,2,99.328,49.664,99.328,49.664,0.0010837404906758146,0.8003613806684515,0.0,0.0
143,Device,Conv2DBackpropFilter,gradient_tape/model/conv2d_34/Conv2D/Conv2DBackpropFilter,2,99.328,49.664,99.328,49.664,0.0010837404906758146,0.8014451211591274,0.0,0.0
144,Device,Conv2DBackpropFilter,gradient_tape/model/conv2d_40/Conv2D/Conv2DBackpropFilter,2,99.328,49.664,99.328,49.664,0.0010837404906758146,0.8025288616498032,0.0,0.0
145,Device,Conv2DBackpropInput,gradient_tape/model/conv2d_23/Conv2D/Conv2DBackpropInput,4,98.304,24.576,98.304,24.576,0.0010725679082977133,0.8036014295581009,0.0,0.0
146,Device,Conv2DBackpropFilter,gradient_tape/model/conv2d_31/Conv2D/Conv2DBackpropFilter,2,98.304,49.152,98.304,49.152,0.0010725679082977133,0.8046739974663986,0.0,0.0
147,Device,Conv2DBackpropFilter,gradient_tape/model/conv2d_37/Conv2D/Conv2DBackpropFilter,2,97.281,48.6405,97.281,48.6405,0.0010614062366445908,0.8057354037030432,0.0,0.0
148,Device,Conv2DBackpropInput,gradient_tape/model/conv2d_8/Conv2D/Conv2DBackpropInput,2,96.256,48.128,96.256,48.128,0.0010502227435415109,0.8067856264465847,0.0,0.0
149,Device,SoftmaxCrossEntropyWithLogits,categorical_crossentropy/softmax_cross_entropy_with_logits,2,95.232,47.616,95.232,47.616,0.0010390501611634098,0.8078246766077481,0.0,0.0
150,Device,Conv2DBackpropInput,gradient_tape/model/conv2d_37/Conv2D/Conv2DBackpropInput,2,95.232,47.616,95.232,47.616,0.0010390501611634098,0.8088637267689116,0.0,0.0
151,Device,Conv2DBackpropInput,gradient_tape/model/conv2d_2/Conv2D/Conv2DBackpropInput,4,94.208,23.552,94.208,23.552,0.0010278775787853087,0.8098916043476969,0.0,0.0
152,Device,Conv2DBackpropInput,gradient_tape/model/conv2d_6/Conv2D/Conv2DBackpropInput,4,94.208,23.552,94.208,23.552,0.0010278775787853087,0.8109194819264822,0.0,0.0
153,Device,Conv2DBackpropInput,gradient_tape/model/conv2d_9/Conv2D/Conv2DBackpropInput,4,94.208,23.552,94.208,23.552,0.0010278775787853087,0.8119473595052675,0.0,0.0
154,Device,Conv2DBackpropInput,gradient_tape/model/conv2d_28/Conv2D/Conv2DBackpropInput,2,93.185,46.5925,93.185,46.5925,0.001016715907132186,0.8129640754123997,0.0,0.0
155,Device,Conv2DBackpropInput,gradient_tape/model/conv2d_31/Conv2D/Conv2DBackpropInput,2,93.184,46.592,93.184,46.592,0.0010167049964072074,0.8139807804088068,0.0,0.0
156,Device,Conv2DBackpropInput,gradient_tape/model/conv2d_40/Conv2D/Conv2DBackpropInput,2,93.184,46.592,93.184,46.592,0.0010167049964072074,0.814997485405214,0.0,0.0
157,Device,Conv2D,model/conv2d_4/Conv2D,2,93.184,46.592,93.184,46.592,0.0010167049964072074,0.8160141904016212,0.0,0.0
158,Device,Conv2DBackpropInput,gradient_tape/model/conv2d_3/Conv2D/Conv2DBackpropInput,2,92.16,46.08,92.16,46.08,0.0010055324140291063,0.8170197228156503,0.0,0.0
159,Device,Conv2DBackpropInput,gradient_tape/model/conv2d_34/Conv2D/Conv2DBackpropInput,2,92.16,46.08,92.16,46.08,0.0010055324140291063,0.8180252552296794,0.0,0.0
160,Device,Conv2D,model/conv2d_3/Conv2D,2,90.112,45.056,90.112,45.056,0.000983187249272904,0.8190084424789523,0.0,0.0
161,Device,Conv2D,model/conv2d_10/Conv2D,2,89.088,44.544,89.088,44.544,0.0009720146668948026,0.8199804571458471,0.0,0.0
162,Device,Conv2DBackpropInput,gradient_tape/model/conv2d_10/Conv2D/Conv2DBackpropInput,2,88.064,44.032,88.064,44.032,0.0009608420845167014,0.8209412992303639,0.0,0.0
163,Device,Conv2D,model/conv2d_36/Conv2D,2,86.016,43.008,86.016,43.008,0.0009384969197604992,0.8218797961501243,0.0,0.0
164,Device,Conv2D,model/conv2d_39/Conv2D,2,86.016,43.008,86.016,43.008,0.0009384969197604992,0.8228182930698847,0.0,0.0
165,Device,Conv2D,model/conv2d_7/Conv2D,2,86.016,43.008,86.016,43.008,0.0009384969197604992,0.8237567899896452,0.0,0.0
166,Device,MaxPoolGrad,gradient_tape/model/max_pooling2d/MaxPool/MaxPoolGrad,2,84.992,42.496,84.992,42.496,0.000927324337382398,0.8246841143270276,0.0,0.0
167,Device,FusedBatchNormV3,model/batch_normalization_3/FusedBatchNormV3,4,84.992,21.248,84.992,21.248,0.000927324337382398,0.82561143866441,0.0,0.0
168,Device,Conv2D,model/conv2d_15/Conv2D,2,84.992,42.496,84.992,42.496,0.000927324337382398,0.8265387630017924,0.0,0.0
169,Device,Conv2D,model/conv2d_26/Conv2D,2,84.992,42.496,84.992,42.496,0.000927324337382398,0.8274660873391748,0.0,0.0
170,Device,Conv2D,model/conv2d_33/Conv2D,2,84.992,42.496,84.992,42.496,0.000927324337382398,0.8283934116765572,0.0,0.0
171,Device,Conv2D,model/conv2d_42/Conv2D,2,84.992,42.496,84.992,42.496,0.000927324337382398,0.8293207360139396,0.0,0.0
172,Device,Conv2D,model/conv2d_5/Conv2D,2,84.992,42.496,84.992,42.496,0.000927324337382398,0.830248060351322,0.0,0.0
173,Device,Conv2DBackpropInput,gradient_tape/model/conv2d_4/Conv2D/Conv2DBackpropInput,2,83.968,41.984,83.968,41.984,0.0009161517550042969,0.8311642121063263,0.0,0.0
174,Device,Conv2DBackpropInput,gradient_tape/model/conv2d_7/Conv2D/Conv2DBackpropInput,2,83.968,41.984,83.968,41.984,0.0009161517550042969,0.8320803638613306,0.0,0.0
175,Device,FusedBatchNormV3,model/batch_normalization_6/FusedBatchNormV3,4,83.968,20.992,83.968,20.992,0.0009161517550042969,0.8329965156163348,0.0,0.0
176,Device,FusedBatchNormV3,model/batch_normalization_9/FusedBatchNormV3,4,83.968,20.992,83.968,20.992,0.0009161517550042969,0.8339126673713391,0.0,0.0
177,Device,Square,conv2d_48/kernel/Regularizer/Square,2,82.945,41.4725,82.945,41.4725,0.0009049900833511742,0.8348176574546903,0.0,0.0
178,Device,Square,conv2d_51/kernel/Regularizer/Square,2,82.944,41.472,82.944,41.472,0.0009049791726261957,0.8357226366273165,0.0,0.0
179,Device,Conv2DBackpropFilter,gradient_tape/model/conv2d_43/Conv2D/Conv2DBackpropFilter,2,82.944,41.472,82.944,41.472,0.0009049791726261957,0.8366276157999427,0.0,0.0
180,Device,Conv2D,model/conv2d_18/Conv2D,2,82.944,41.472,82.944,41.472,0.0009049791726261957,0.8375325949725689,0.0,0.0
181,Device,Conv2D,model/conv2d_21/Conv2D,2,81.921,40.9605,81.921,40.9605,0.0008938175009730731,0.838426412473542,0.0,0.0
182,Device,Square,conv2d_44/kernel/Regularizer/Square,2,81.92,40.96,81.92,40.96,0.0008938065902480945,0.8393202190637901,0.0,0.0
183,Device,Mul,gradient_tape/conv2d_44/kernel/Regularizer/Mul,2,81.92,40.96,81.92,40.96,0.0008938065902480945,0.8402140256540381,0.0,0.0
184,Device,Conv2D,model/conv2d_30/Conv2D,2,81.92,40.96,81.92,40.96,0.0008938065902480945,0.8411078322442862,0.0,0.0
185,Device,BiasAdd,model/conv2d_4/BiasAdd,2,80.896,40.448,80.896,40.448,0.0008826340078699933,0.8419904662521562,0.0,0.0
186,Device,Conv2D,model/conv2d_8/Conv2D,2,80.896,40.448,80.896,40.448,0.0008826340078699933,0.8428731002600263,0.0,0.0
187,Device,BiasAddGrad,gradient_tape/model/conv2d_49/BiasAdd/BiasAddGrad,2,79.872,39.936,79.872,39.936,0.0008714614254918921,0.8437445616855181,0.0,0.0
188,Device,BiasAddGrad,gradient_tape/model/conv2d_52/BiasAdd/BiasAddGrad,2,78.848,39.424,78.848,39.424,0.0008602888431137909,0.844604850528632,0.0,0.0
189,Device,BiasAddGrad,gradient_tape/model/conv2d_46/BiasAdd/BiasAddGrad,2,77.825,38.9125,77.825,38.9125,0.0008491271714606683,0.8454539777000927,0.0,0.0
190,Device,Conv2DBackpropInput,gradient_tape/model/conv2d_15/Conv2D/Conv2DBackpropInput,2,75.777,37.8885,75.777,37.8885,0.000826782006704466,0.8462807597067972,0.0,0.0
191,Device,BiasAdd,model/conv2d_3/BiasAdd,2,75.776,37.888,75.776,37.888,0.0008267710959794873,0.8471075308027767,0.0,0.0
192,Device,Relu,model/activation_9/Relu,2,74.752,37.376,74.752,37.376,0.0008155985136013861,0.847923129316378,0.0,0.0
193,Device,Tile,gradient_tape/conv2d_44/kernel/Regularizer/Tile,2,73.728,36.864,73.728,36.864,0.0008044259312232849,0.8487275552476014,0.0,0.0
194,Device,Conv2DBackpropInput,gradient_tape/model/conv2d_18/Conv2D/Conv2DBackpropInput,2,73.728,36.864,73.728,36.864,0.0008044259312232849,0.8495319811788247,0.0,0.0
195,Device,Relu,model/activation/Relu,2,73.728,36.864,73.728,36.864,0.0008044259312232849,0.850336407110048,0.0,0.0
196,Device,Square,conv2d_46/kernel/Regularizer/Square,2,72.704,36.352,72.704,36.352,0.0007932533488451837,0.8511296604588932,0.0,0.0
197,Device,Conv2DBackpropInput,gradient_tape/model/conv2d_21/Conv2D/Conv2DBackpropInput,2,72.704,36.352,72.704,36.352,0.0007932533488451837,0.8519229138077383,0.0,0.0
198,Device,BiasAdd,model/conv2d/BiasAdd,2,71.68,35.84,71.68,35.84,0.0007820807664670827,0.8527049945742055,0.0,0.0
199,Device,Mul,gradient_tape/conv2d_46/kernel/Regularizer/Mul,2,69.632,34.816,69.632,34.816,0.0007597356017108803,0.8534647301759163,0.0,0.0
200,Device,Conv2D,model/conv2d_11/Conv2D,2,69.632,34.816,69.632,34.816,0.0007597356017108803,0.8542244657776271,0.0,0.0
201,Device,Conv2D,model/conv2d_13/Conv2D,2,69.632,34.816,69.632,34.816,0.0007597356017108803,0.854984201379338,0.0,0.0
202,Device,Conv2D,model/conv2d_23/Conv2D,2,68.608,34.304,68.608,34.304,0.0007485630193327791,0.8557327643986707,0.0,0.0
203,Device,Conv2D,model/conv2d_20/Conv2D,2,67.585,33.7925,67.585,33.7925,0.0007374013476796565,0.8564701657463504,0.0,0.0
204,Device,Conv2D,model/conv2d_17/Conv2D,2,67.584,33.792,67.584,33.792,0.0007373904369546779,0.857207556183305,0.0,0.0
205,Device,Relu,model/activation_3/Relu,2,66.56,33.28,66.56,33.28,0.0007262178545765767,0.8579337740378816,0.0,0.0
206,Device,BiasAdd,model/conv2d_7/BiasAdd,2,66.56,33.28,66.56,33.28,0.0007262178545765767,0.8586599918924582,0.0,0.0
207,Device,FusedBatchNormGradV3,gradient_tape/model/batch_normalization_42/FusedBatchNormGradV3,2,63.488,31.744,63.488,31.744,0.0006927001074422732,0.8593526919999005,0.0,0.0
208,Device,FusedBatchNormGradV3,gradient_tape/model/batch_normalization_45/FusedBatchNormGradV3,2,63.488,31.744,63.488,31.744,0.0006927001074422732,0.8600453921073428,0.0,0.0
209,Device,Relu,model/activation_6/Relu,2,63.488,31.744,63.488,31.744,0.0006927001074422732,0.860738092214785,0.0,0.0
210,Device,Tile,gradient_tape/conv2d_46/kernel/Regularizer/Tile,2,61.44,30.72,61.44,30.72,0.0006703549426860708,0.8614084471574711,0.0,0.0
211,Device,FusedBatchNormV3,model/batch_normalization_48/FusedBatchNormV3,4,61.44,15.36,61.44,15.36,0.0006703549426860708,0.8620788021001572,0.0,0.0
212,Device,BiasAdd,model/conv2d_10/BiasAdd,2,61.44,30.72,61.44,30.72,0.0006703549426860708,0.8627491570428433,0.0,0.0
213,Device,FusedBatchNormGradV3,gradient_tape/model/batch_normalization_48/FusedBatchNormGradV3,2,60.416,30.208,60.416,30.208,0.0006591823603079696,0.8634083394031512,0.0,0.0
214,Device,FusedBatchNormV3,model/batch_normalization_42/FusedBatchNormV3,4,60.416,15.104,60.416,15.104,0.0006591823603079696,0.8640675217634591,0.0,0.0
215,Device,FusedBatchNormV3,model/batch_normalization_45/FusedBatchNormV3,4,60.416,15.104,60.416,15.104,0.0006591823603079696,0.8647267041237671,0.0,0.0
216,Device,MaxPool,model/max_pooling2d/MaxPool,2,60.416,30.208,60.416,30.208,0.0006591823603079696,0.865385886484075,0.0,0.0
217,Device,FusedBatchNormGradV3,gradient_tape/model/batch_normalization_18/FusedBatchNormGradV3,2,59.392,29.696,59.392,29.696,0.0006480097779298685,0.8660338962620049,0.0,0.0
218,Device,FusedBatchNormGradV3,gradient_tape/model/batch_normalization_21/FusedBatchNormGradV3,2,59.392,29.696,59.392,29.696,0.0006480097779298685,0.8666819060399348,0.0,0.0
219,Device,Conv2DBackpropFilter,gradient_tape/model/conv2d_1/Conv2D/Conv2DBackpropFilter,2,59.392,29.696,59.392,29.696,0.0006480097779298685,0.8673299158178647,0.0,0.0
220,Device,FusedBatchNormGradV3,gradient_tape/model/batch_normalization_12/FusedBatchNormGradV3,2,58.368,29.184,58.368,29.184,0.0006368371955517673,0.8679667530134164,0.0,0.0
221,Device,FusedBatchNormGradV3,gradient_tape/model/batch_normalization_15/FusedBatchNormGradV3,2,58.368,29.184,58.368,29.184,0.0006368371955517673,0.8686035902089682,0.0,0.0
222,Device,ResourceApplyGradientDescent,SGD/SGD/update_176/ResourceApplyGradientDescent,2,57.345,28.6725,57.345,28.6725,0.0006256755238986448,0.8692292657328669,0.0,0.0
223,Device,ResourceApplyGradientDescent,SGD/SGD/update_192/ResourceApplyGradientDescent,2,57.344,28.672,57.344,28.672,0.0006256646131736661,0.8698549303460406,0.0,0.0
224,Device,Mul,gradient_tape/conv2d_52/kernel/Regularizer/Mul_1,2,57.344,28.672,57.344,28.672,0.0006256646131736661,0.8704805949592143,0.0,0.0
225,Device,ResourceApplyGradientDescent,SGD/SGD/update_180/ResourceApplyGradientDescent,2,56.32,28.16,56.32,28.16,0.0006144920307955649,0.8710950869900098,0.0,0.0
226,Device,AddN,SGD/gradients/AddN_62,2,56.32,28.16,56.32,28.16,0.0006144920307955649,0.8717095790208054,0.0,0.0
227,Device,Sum,conv2d_51/kernel/Regularizer/Sum,2,56.32,28.16,56.32,28.16,0.0006144920307955649,0.8723240710516009,0.0,0.0
228,Device,Mul,gradient_tape/conv2d_50/kernel/Regularizer/Mul_1,2,56.32,28.16,56.32,28.16,0.0006144920307955649,0.8729385630823965,0.0,0.0
229,Device,Mul,gradient_tape/conv2d_47/kernel/Regularizer/Mul_1,2,55.296,27.648,55.296,27.648,0.0006033194484174637,0.873541882530814,0.0,0.0
230,Device,Mul,gradient_tape/conv2d_49/kernel/Regularizer/Mul_1,2,55.296,27.648,55.296,27.648,0.0006033194484174637,0.8741452019792315,0.0,0.0
231,Device,Sum,conv2d_46/kernel/Regularizer/Sum,2,54.272,27.136,54.272,27.136,0.0005921468660393625,0.8747373488452709,0.0,0.0
232,Device,Mul,gradient_tape/conv2d_45/kernel/Regularizer/Mul_1,2,54.272,27.136,54.272,27.136,0.0005921468660393625,0.8753294957113102,0.0,0.0
233,Device,BiasAddGrad,gradient_tape/model/conv2d_4/BiasAdd/BiasAddGrad,2,54.272,27.136,54.272,27.136,0.0005921468660393625,0.8759216425773496,0.0,0.0
234,Device,Sum,conv2d_44/kernel/Regularizer/Sum,2,53.248,26.624,53.248,26.624,0.0005809742836612614,0.8765026168610108,0.0,0.0
235,Device,BiasAddGrad,gradient_tape/model/conv2d_10/BiasAdd/BiasAddGrad,2,53.248,26.624,53.248,26.624,0.0005809742836612614,0.877083591144672,0.0,0.0
236,Device,ResourceApplyGradientDescent,SGD/SGD/update_200/ResourceApplyGradientDescent,2,52.225,26.1125,52.225,26.1125,0.0005698126120081389,0.8776534037566802,0.0,0.0
237,Device,AddN,SGD/gradients/AddN_63,2,52.224,26.112,52.224,26.112,0.0005698017012831602,0.8782232054579634,0.0,0.0
238,Device,ResourceApplyGradientDescent,SGD/SGD/update_188/ResourceApplyGradientDescent,2,51.2,25.6,51.2,25.6,0.000558629118905059,0.8787818345768684,0.0,0.0
239,Device,AddN,SGD/gradients/AddN_66,2,51.2,25.6,51.2,25.6,0.000558629118905059,0.8793404636957735,0.0,0.0
240,Device,BiasAddGrad,gradient_tape/model/conv2d_7/BiasAdd/BiasAddGrad,2,51.2,25.6,51.2,25.6,0.000558629118905059,0.8798990928146785,0.0,0.0
241,Device,AddN,SGD/gradients/AddN_10,2,49.152,24.576,49.152,24.576,0.0005362839541488566,0.8804353767688273,0.0,0.0
242,Device,AddN,SGD/gradients/AddN_11,2,49.152,24.576,49.152,24.576,0.0005362839541488566,0.8809716607229762,0.0,0.0
243,Device,AddN,SGD/gradients/AddN_65,2,49.152,24.576,49.152,24.576,0.0005362839541488566,0.881507944677125,0.0,0.0
244,Device,Sum,conv2d_48/kernel/Regularizer/Sum,2,49.152,24.576,49.152,24.576,0.0005362839541488566,0.8820442286312739,0.0,0.0
245,Device,BiasAddGrad,gradient_tape/model/conv2d_27/BiasAdd/BiasAddGrad,2,49.152,24.576,49.152,24.576,0.0005362839541488566,0.8825805125854227,0.0,0.0
246,Device,AddN,SGD/gradients/AddN_68,2,48.128,24.064,48.128,24.064,0.0005251113717707554,0.8831056239571935,0.0,0.0
247,Device,AddN,SGD/gradients/AddN_9,2,48.128,24.064,48.128,24.064,0.0005251113717707554,0.8836307353289643,0.0,0.0
248,Device,Conv2DBackpropInput,gradient_tape/model/conv2d_1/Conv2D/Conv2DBackpropInput,2,46.08,23.04,46.08,23.04,0.0005027662070145532,0.8841335015359788,0.0,0.0
249,Device,ReluGrad,gradient_tape/model/activation_21/ReluGrad,2,45.056,22.528,45.056,22.528,0.000491593624636452,0.8846250951606153,0.0,0.0
250,Device,FusedBatchNormGradV3,gradient_tape/model/batch_normalization_39/FusedBatchNormGradV3,2,45.056,22.528,45.056,22.528,0.000491593624636452,0.8851166887852517,0.0,0.0
251,Device,AddN,SGD/gradients/AddN_8,2,44.032,22.016,44.032,22.016,0.0004804210422583507,0.88559710982751,0.0,0.0
252,Device,BiasAddGrad,gradient_tape/model/conv2d_14/BiasAdd/BiasAddGrad,2,44.032,22.016,44.032,22.016,0.0004804210422583507,0.8860775308697684,0.0,0.0
253,Device,AddN,ArithmeticOptimizer/AddOpsRewrite_AddN_1,12,43.008,3.584,43.008,3.584,0.0004692484598802496,0.8865467793296486,0.0,0.0
254,Device,FusedBatchNormGradV3,gradient_tape/model/batch_normalization_36/FusedBatchNormGradV3,2,43.008,21.504,43.008,21.504,0.0004692484598802496,0.8870160277895289,0.0,0.0
255,Device,BiasAddGrad,gradient_tape/model/conv2d/BiasAdd/BiasAddGrad,2,43.008,21.504,43.008,21.504,0.0004692484598802496,0.8874852762494092,0.0,0.0
256,Device,BiasAddGrad,gradient_tape/model/conv2d_30/BiasAdd/BiasAddGrad,2,43.008,21.504,43.008,21.504,0.0004692484598802496,0.8879545247092895,0.0,0.0
257,Device,BiasAddGrad,gradient_tape/model/conv2d_33/BiasAdd/BiasAddGrad,2,43.008,21.504,43.008,21.504,0.0004692484598802496,0.8884237731691698,0.0,0.0
258,Device,BiasAddGrad,gradient_tape/model/conv2d_36/BiasAdd/BiasAddGrad,2,43.008,21.504,43.008,21.504,0.0004692484598802496,0.88889302162905,0.0,0.0
259,Device,BiasAddGrad,gradient_tape/model/conv2d_39/BiasAdd/BiasAddGrad,2,43.008,21.504,43.008,21.504,0.0004692484598802496,0.8893622700889303,0.0,0.0
260,Device,BiasAddGrad,gradient_tape/model/conv2d_42/BiasAdd/BiasAddGrad,2,43.008,21.504,43.008,21.504,0.0004692484598802496,0.8898315185488106,0.0,0.0
261,Device,FusedBatchNormGradV3,gradient_tape/model/batch_normalization_24/FusedBatchNormGradV3,2,41.984,20.992,41.984,20.992,0.0004580758775021484,0.8902895944263127,0.0,0.0
262,Device,FusedBatchNormGradV3,gradient_tape/model/batch_normalization_30/FusedBatchNormGradV3,2,41.984,20.992,41.984,20.992,0.0004580758775021484,0.8907476703038149,0.0,0.0
263,Device,FusedBatchNormGradV3,gradient_tape/model/batch_normalization_33/FusedBatchNormGradV3,2,41.984,20.992,41.984,20.992,0.0004580758775021484,0.891205746181317,0.0,0.0
264,Device,BiasAdd,model/conv2d_14/BiasAdd,2,41.984,20.992,41.984,20.992,0.0004580758775021484,0.8916638220588191,0.0,0.0
265,Device,ReluGrad,gradient_tape/model/activation_12/ReluGrad,2,40.96,20.48,40.96,20.48,0.00044690329512404723,0.8921107253539432,0.0,0.0
266,Device,ReluGrad,gradient_tape/model/activation_18/ReluGrad,2,40.96,20.48,40.96,20.48,0.00044690329512404723,0.8925576286490673,0.0,0.0
267,Device,FusedBatchNormGradV3,gradient_tape/model/batch_normalization_27/FusedBatchNormGradV3,2,40.96,20.48,40.96,20.48,0.00044690329512404723,0.8930045319441914,0.0,0.0
268,Device,ReluGrad,gradient_tape/model/activation_15/ReluGrad,2,39.936,19.968,39.936,19.968,0.00043573071274594603,0.8934402626569373,0.0,0.0
269,Device,FusedBatchNormV3,model/batch_normalization_18/FusedBatchNormV3,4,39.936,9.984,39.936,9.984,0.00043573071274594603,0.8938759933696833,0.0,0.0
270,Device,FusedBatchNormV3,model/batch_normalization_15/FusedBatchNormV3,4,38.913,9.72825,38.913,9.72825,0.00042456904109282345,0.894300562410776,0.0,0.0
271,Device,Square,conv2d_45/kernel/Regularizer/Square,2,38.912,19.456,38.912,19.456,0.00042455813036784484,0.8947251205411438,0.0,0.0
272,Device,Square,conv2d_49/kernel/Regularizer/Square,2,38.912,19.456,38.912,19.456,0.00042455813036784484,0.8951496786715116,0.0,0.0
273,Device,Square,conv2d_50/kernel/Regularizer/Square,2,38.912,19.456,38.912,19.456,0.00042455813036784484,0.8955742368018794,0.0,0.0
274,Device,Square,conv2d_52/kernel/Regularizer/Square,2,38.912,19.456,38.912,19.456,0.00042455813036784484,0.8959987949322472,0.0,0.0
275,Device,FusedBatchNormV3,model/batch_normalization_12/FusedBatchNormV3,4,38.912,9.728,38.912,9.728,0.00042455813036784484,0.896423353062615,0.0,0.0
276,Device,FusedBatchNormV3,model/batch_normalization_21/FusedBatchNormV3,4,38.912,9.728,38.912,9.728,0.00042455813036784484,0.8968479111929828,0.0,0.0
277,Device,FusedBatchNormV3,model/batch_normalization_24/FusedBatchNormV3,4,38.912,9.728,38.912,9.728,0.00042455813036784484,0.8972724693233506,0.0,0.0
278,Device,FusedBatchNormV3,model/batch_normalization_27/FusedBatchNormV3,4,38.912,9.728,38.912,9.728,0.00042455813036784484,0.8976970274537184,0.0,0.0
279,Device,FusedBatchNormV3,model/batch_normalization_36/FusedBatchNormV3,4,38.912,9.728,38.912,9.728,0.00042455813036784484,0.8981215855840862,0.0,0.0
280,Device,Conv2D,model/conv2d_1/Conv2D,2,38.912,19.456,38.912,19.456,0.00042455813036784484,0.898546143714454,0.0,0.0
281,Device,Square,conv2d_47/kernel/Regularizer/Square,2,37.888,18.944,37.888,18.944,0.00041338554798974364,0.8989595292624437,0.0,0.0
282,Device,Mul,gradient_tape/conv2d_45/kernel/Regularizer/Mul,2,37.888,18.944,37.888,18.944,0.00041338554798974364,0.8993729148104335,0.0,0.0
283,Device,Mul,gradient_tape/conv2d_47/kernel/Regularizer/Mul,2,37.888,18.944,37.888,18.944,0.00041338554798974364,0.8997863003584232,0.0,0.0
284,Device,FusedBatchNormV3,model/batch_normalization_33/FusedBatchNormV3,4,37.888,9.472,37.888,9.472,0.00041338554798974364,0.900199685906413,0.0,0.0
285,Device,AddV2,model/add_4/add,2,36.864,18.432,36.864,18.432,0.00040221296561164245,0.9006018988720246,0.0,0.0
286,Device,FusedBatchNormV3,model/batch_normalization_39/FusedBatchNormV3,4,36.864,9.216,36.864,9.216,0.00040221296561164245,0.9010041118376362,0.0,0.0
287,Device,FusedBatchNormV3,model/batch_normalization_30/FusedBatchNormV3,4,35.841,8.96025,35.841,8.96025,0.00039105129395851997,0.9013951631315947,0.0,0.0
288,Device,AddV2,model/add_6/add,2,35.84,17.92,35.84,17.92,0.00039104038323354136,0.9017862035148283,0.0,0.0
289,Device,AddN,SGD/gradients/AddN_45,2,34.816,17.408,34.816,17.408,0.00037986780085544016,0.9021660713156837,0.0,0.0
290,Device,Sum,conv2d_47/kernel/Regularizer/Sum,2,34.816,17.408,34.816,17.408,0.00037986780085544016,0.9025459391165391,0.0,0.0
291,Device,Tile,gradient_tape/conv2d_45/kernel/Regularizer/Tile,2,34.816,17.408,34.816,17.408,0.00037986780085544016,0.9029258069173945,0.0,0.0
292,Device,Tile,gradient_tape/conv2d_47/kernel/Regularizer/Tile,2,34.816,17.408,34.816,17.408,0.00037986780085544016,0.90330567471825,0.0,0.0
293,Device,BiasAddGrad,gradient_tape/model/conv2d_20/BiasAdd/BiasAddGrad,2,34.816,17.408,34.816,17.408,0.00037986780085544016,0.9036855425191054,0.0,0.0
294,Device,BiasAddGrad,gradient_tape/model/conv2d_23/BiasAdd/BiasAddGrad,2,34.816,17.408,34.816,17.408,0.00037986780085544016,0.9040654103199608,0.0,0.0
295,Device,AddV2,model/add_3/add,2,34.816,17.408,34.816,17.408,0.00037986780085544016,0.9044452781208162,0.0,0.0
296,Device,AddN,SGD/gradients/AddN_48,2,33.792,16.896,33.792,16.896,0.00036869521847733897,0.9048139733392936,0.0,0.0
297,Device,AddN,SGD/gradients/AddN_54,2,33.792,16.896,33.792,16.896,0.00036869521847733897,0.905182668557771,0.0,0.0
298,Device,AddN,SGD/gradients/AddN_57,2,33.792,16.896,33.792,16.896,0.00036869521847733897,0.9055513637762483,0.0,0.0
299,Device,Mul,gradient_tape/conv2d_25/kernel/Regularizer/Mul_1,2,33.792,16.896,33.792,16.896,0.00036869521847733897,0.9059200589947257,0.0,0.0
300,Device,Mul,gradient_tape/conv2d_29/kernel/Regularizer/Mul_1,2,33.792,16.896,33.792,16.896,0.00036869521847733897,0.9062887542132031,0.0,0.0
301,Device,Mul,gradient_tape/conv2d_32/kernel/Regularizer/Mul_1,2,33.792,16.896,33.792,16.896,0.00036869521847733897,0.9066574494316805,0.0,0.0
302,Device,Mul,gradient_tape/conv2d_41/kernel/Regularizer/Mul_1,2,33.792,16.896,33.792,16.896,0.00036869521847733897,0.9070261446501579,0.0,0.0
303,Device,AddV2,model/add_5/add,2,33.792,16.896,33.792,16.896,0.00036869521847733897,0.9073948398686352,0.0,0.0
304,Device,AddN,SGD/gradients/AddN_51,2,32.768,16.384,32.768,16.384,0.0003575226360992378,0.9077523625047345,0.0,0.0
305,Device,Sum,conv2d_50/kernel/Regularizer/Sum,2,32.768,16.384,32.768,16.384,0.0003575226360992378,0.9081098851408337,0.0,0.0
306,Device,BiasAddGrad,gradient_tape/model/conv2d_17/BiasAdd/BiasAddGrad,2,32.768,16.384,32.768,16.384,0.0003575226360992378,0.9084674077769329,0.0,0.0
307,Device,Relu,model/activation_21/Relu,2,32.768,16.384,32.768,16.384,0.0003575226360992378,0.9088249304130321,0.0,0.0
308,Device,AddN,SGD/gradients/AddN_42,2,31.744,15.872,31.744,15.872,0.0003463500537211366,0.9091712804667533,0.0,0.0
309,Device,AddN,SGD/gradients/AddN_59,2,31.744,15.872,31.744,15.872,0.0003463500537211366,0.9095176305204745,0.0,0.0
310,Device,Sum,conv2d_45/kernel/Regularizer/Sum,2,31.744,15.872,31.744,15.872,0.0003463500537211366,0.9098639805741957,0.0,0.0
311,Device,Mul,gradient_tape/conv2d_27/kernel/Regularizer/Mul_1,2,31.744,15.872,31.744,15.872,0.0003463500537211366,0.9102103306279169,0.0,0.0
312,Device,FusedBatchNormGradV3,gradient_tape/model/batch_normalization_7/FusedBatchNormGradV3,2,30.721,15.3605,30.721,15.3605,0.00033518838206801404,0.9105455190099849,0.0,0.0
313,Device,Mul,gradient_tape/conv2d_35/kernel/Regularizer/Mul_1,2,30.72,15.36,30.72,15.36,0.0003351774713430354,0.910880696481328,0.0,0.0
314,Device,Mul,gradient_tape/conv2d_38/kernel/Regularizer/Mul_1,2,30.72,15.36,30.72,15.36,0.0003351774713430354,0.911215873952671,0.0,0.0
315,Device,FusedBatchNormGradV3,gradient_tape/model/batch_normalization_4/FusedBatchNormGradV3,2,30.72,15.36,30.72,15.36,0.0003351774713430354,0.911551051424014,0.0,0.0
316,Device,ResourceApplyGradientDescent,SGD/SGD/update_166/ResourceApplyGradientDescent,2,29.696,14.848,29.696,14.848,0.00032400488896493424,0.9118750563129789,0.0,0.0
317,Device,AddN,SGD/gradients/AddN_41,2,29.696,14.848,29.696,14.848,0.00032400488896493424,0.9121990612019438,0.0,0.0
318,Device,ReluGrad,gradient_tape/model/activation_39/ReluGrad,2,29.696,14.848,29.696,14.848,0.00032400488896493424,0.9125230660909087,0.0,0.0
319,Device,FusedBatchNormGradV3,gradient_tape/model/batch_normalization_5/FusedBatchNormGradV3,2,29.696,14.848,29.696,14.848,0.00032400488896493424,0.9128470709798736,0.0,0.0
320,Device,Sum,conv2d_52/kernel/Regularizer/Sum,2,28.672,14.336,28.672,14.336,0.00031283230658683304,0.9131599032864605,0.0,0.0
321,Device,Mul,gradient_tape/conv2d_43/kernel/Regularizer/Mul_1,2,28.672,14.336,28.672,14.336,0.00031283230658683304,0.9134727355930473,0.0,0.0
322,Device,FusedBatchNormGradV3,gradient_tape/model/batch_normalization_1/FusedBatchNormGradV3,2,28.672,14.336,28.672,14.336,0.00031283230658683304,0.9137855678996342,0.0,0.0
323,Device,FusedBatchNormGradV3,gradient_tape/model/batch_normalization_2/FusedBatchNormGradV3,2,28.672,14.336,28.672,14.336,0.00031283230658683304,0.914098400206221,0.0,0.0
324,Device,FusedBatchNormGradV3,gradient_tape/model/batch_normalization_8/FusedBatchNormGradV3,2,28.672,14.336,28.672,14.336,0.00031283230658683304,0.9144112325128079,0.0,0.0
325,Device,FusedBatchNormV3,model/batch_normalization_1/FusedBatchNormV3,4,28.672,7.168,28.672,7.168,0.00031283230658683304,0.9147240648193947,0.0,0.0
326,Device,Sum,conv2d_49/kernel/Regularizer/Sum,2,27.648,13.824,27.648,13.824,0.00030165972420873185,0.9150257245436034,0.0,0.0
327,Device,FusedBatchNormV3,model/batch_normalization_8/FusedBatchNormV3,4,27.648,6.912,27.648,6.912,0.00030165972420873185,0.9153273842678121,0.0,0.0
328,Device,FusedBatchNormV3,model/batch_normalization_40/FusedBatchNormV3,4,26.624,6.656,26.624,6.656,0.0002904871418306307,0.9156178714096428,0.0,0.0
329,Device,FusedBatchNormV3,model/batch_normalization_41/FusedBatchNormV3,4,26.624,6.656,26.624,6.656,0.0002904871418306307,0.9159083585514735,0.0,0.0
330,Device,FusedBatchNormV3,model/batch_normalization_46/FusedBatchNormV3,4,26.624,6.656,26.624,6.656,0.0002904871418306307,0.9161988456933041,0.0,0.0
331,Device,FusedBatchNormV3,model/batch_normalization_47/FusedBatchNormV3,4,26.624,6.656,26.624,6.656,0.0002904871418306307,0.9164893328351348,0.0,0.0
332,Device,FusedBatchNormV3,model/batch_normalization_7/FusedBatchNormV3,4,26.624,6.656,26.624,6.656,0.0002904871418306307,0.9167798199769654,0.0,0.0
333,Device,FusedBatchNormGradV3,gradient_tape/model/batch_normalization_44/FusedBatchNormGradV3,2,25.6,12.8,25.6,12.8,0.0002793145594525295,0.917059134536418,0.0,0.0
334,Device,Transpose,gradient_tape/model/conv2d/Conv2D/Conv2DBackpropFilter-0-TransposeNHWCToNCHW-LayoutOptimizer,2,25.6,12.8,25.6,12.8,0.0002793145594525295,0.9173384490958705,0.0,0.0
335,Device,BiasAddGrad,gradient_tape/model/conv2d_47/BiasAdd/BiasAddGrad,2,25.6,12.8,25.6,12.8,0.0002793145594525295,0.917617763655323,0.0,0.0
336,Device,BiasAddGrad,gradient_tape/model/conv2d_51/BiasAdd/BiasAddGrad,2,25.6,12.8,25.6,12.8,0.0002793145594525295,0.9178970782147755,0.0,0.0
337,Device,FusedBatchNormV3,model/batch_normalization_43/FusedBatchNormV3,4,25.6,6.4,25.6,6.4,0.0002793145594525295,0.918176392774228,0.0,0.0
338,Device,FusedBatchNormV3,model/batch_normalization_44/FusedBatchNormV3,4,25.6,6.4,25.6,6.4,0.0002793145594525295,0.9184557073336805,0.0,0.0
339,Device,BiasAddGrad,gradient_tape/model/conv2d_48/BiasAdd/BiasAddGrad,2,24.577,12.2885,24.577,12.2885,0.000268152887799407,0.9187238602214799,0.0,0.0
340,Device,BiasAddGrad,gradient_tape/model/conv2d_50/BiasAdd/BiasAddGrad,2,24.577,12.2885,24.577,12.2885,0.000268152887799407,0.9189920131092792,0.0,0.0
341,Device,Sum,conv2d_25/kernel/Regularizer/Sum,2,24.576,12.288,24.576,12.288,0.0002681419770744283,0.9192601550863537,0.0,0.0
342,Device,Square,conv2d_41/kernel/Regularizer/Square,2,24.576,12.288,24.576,12.288,0.0002681419770744283,0.9195282970634282,0.0,0.0
343,Device,FusedBatchNormGradV3,gradient_tape/model/batch_normalization_40/FusedBatchNormGradV3,2,24.576,12.288,24.576,12.288,0.0002681419770744283,0.9197964390405027,0.0,0.0
344,Device,FusedBatchNormGradV3,gradient_tape/model/batch_normalization_41/FusedBatchNormGradV3,2,24.576,12.288,24.576,12.288,0.0002681419770744283,0.9200645810175772,0.0,0.0
345,Device,FusedBatchNormGradV3,gradient_tape/model/batch_normalization_46/FusedBatchNormGradV3,2,24.576,12.288,24.576,12.288,0.0002681419770744283,0.9203327229946516,0.0,0.0
346,Device,FusedBatchNormGradV3,gradient_tape/model/batch_normalization_47/FusedBatchNormGradV3,2,24.576,12.288,24.576,12.288,0.0002681419770744283,0.9206008649717261,0.0,0.0
347,Device,BiasAddGrad,gradient_tape/model/conv2d_44/BiasAdd/BiasAddGrad,2,24.576,12.288,24.576,12.288,0.0002681419770744283,0.9208690069488006,0.0,0.0
348,Device,FusedBatchNormV3,model/batch_normalization_2/FusedBatchNormV3,4,24.576,6.144,24.576,6.144,0.0002681419770744283,0.9211371489258751,0.0,0.0
349,Device,FusedBatchNormV3,model/batch_normalization_4/FusedBatchNormV3,4,24.576,6.144,24.576,6.144,0.0002681419770744283,0.9214052909029495,0.0,0.0
350,Device,MatMul,model/dense/MatMul,2,24.576,12.288,24.576,12.288,0.0002681419770744283,0.921673432880024,0.0,0.0
351,Device,ResourceApplyGradientDescent,SGD/SGD/update_100/ResourceApplyGradientDescent,2,23.552,11.776,23.552,11.776,0.0002569693946963272,0.9219304022747203,0.0,0.0
352,Device,Sum,conv2d_27/kernel/Regularizer/Sum,2,23.552,11.776,23.552,11.776,0.0002569693946963272,0.9221873716694167,0.0,0.0
353,Device,Sum,conv2d_29/kernel/Regularizer/Sum,2,23.552,11.776,23.552,11.776,0.0002569693946963272,0.922444341064113,0.0,0.0
354,Device,Sum,conv2d_32/kernel/Regularizer/Sum,2,23.552,11.776,23.552,11.776,0.0002569693946963272,0.9227013104588093,0.0,0.0
355,Device,Sum,conv2d_38/kernel/Regularizer/Sum,2,23.552,11.776,23.552,11.776,0.0002569693946963272,0.9229582798535056,0.0,0.0
356,Device,FusedBatchNormGradV3,gradient_tape/model/batch_normalization_43/FusedBatchNormGradV3,2,23.552,11.776,23.552,11.776,0.0002569693946963272,0.923215249248202,0.0,0.0
357,Device,BiasAdd,model/conv2d_1/BiasAdd,2,23.552,11.776,23.552,11.776,0.0002569693946963272,0.9234722186428983,0.0,0.0
358,Device,ResourceApplyGradientDescent,SGD/SGD/update_158/ResourceApplyGradientDescent,2,22.528,11.264,22.528,11.264,0.000245796812318226,0.9237180154552165,0.0,0.0
359,Device,Square,conv2d_32/kernel/Regularizer/Square,2,22.528,11.264,22.528,11.264,0.000245796812318226,0.9239638122675347,0.0,0.0
360,Device,Sum,conv2d_34/kernel/Regularizer/Sum,2,22.528,11.264,22.528,11.264,0.000245796812318226,0.9242096090798528,0.0,0.0
361,Device,Square,conv2d_35/kernel/Regularizer/Square,2,22.528,11.264,22.528,11.264,0.000245796812318226,0.924455405892171,0.0,0.0
362,Device,Sum,conv2d_35/kernel/Regularizer/Sum,2,22.528,11.264,22.528,11.264,0.000245796812318226,0.9247012027044892,0.0,0.0
363,Device,Sum,conv2d_36/kernel/Regularizer/Sum,2,22.528,11.264,22.528,11.264,0.000245796812318226,0.9249469995168074,0.0,0.0
364,Device,Sum,conv2d_39/kernel/Regularizer/Sum,2,22.528,11.264,22.528,11.264,0.000245796812318226,0.9251927963291255,0.0,0.0
365,Device,Mul,gradient_tape/conv2d_25/kernel/Regularizer/Mul,2,22.528,11.264,22.528,11.264,0.000245796812318226,0.9254385931414437,0.0,0.0
366,Device,Tile,gradient_tape/conv2d_27/kernel/Regularizer/Tile,2,22.528,11.264,22.528,11.264,0.000245796812318226,0.9256843899537619,0.0,0.0
367,Device,BiasAdd,model/conv2d_2/BiasAdd,2,22.528,11.264,22.528,11.264,0.000245796812318226,0.9259301867660801,0.0,0.0
368,Device,Sum,conv2d_42/kernel/Regularizer/Sum,2,21.505,10.7525,21.505,10.7525,0.0002346351406651034,0.9261648219067452,0.0,0.0
369,Device,ResourceApplyGradientDescent,SGD/SGD/update_134/ResourceApplyGradientDescent,2,21.504,10.752,21.504,10.752,0.0002346242299401248,0.9263994461366853,0.0,0.0
370,Device,ResourceApplyGradientDescent,SGD/SGD/update_146/ResourceApplyGradientDescent,2,21.504,10.752,21.504,10.752,0.0002346242299401248,0.9266340703666255,0.0,0.0
371,Device,ResourceApplyGradientDescent,SGD/SGD/update_96/ResourceApplyGradientDescent,2,21.504,10.752,21.504,10.752,0.0002346242299401248,0.9268686945965656,0.0,0.0
372,Device,Sum,conv2d_26/kernel/Regularizer/Sum,2,21.504,10.752,21.504,10.752,0.0002346242299401248,0.9271033188265058,0.0,0.0
373,Device,Sum,conv2d_28/kernel/Regularizer/Sum,2,21.504,10.752,21.504,10.752,0.0002346242299401248,0.9273379430564459,0.0,0.0
374,Device,Square,conv2d_29/kernel/Regularizer/Square,2,21.504,10.752,21.504,10.752,0.0002346242299401248,0.927572567286386,0.0,0.0
375,Device,Sum,conv2d_30/kernel/Regularizer/Sum,2,21.504,10.752,21.504,10.752,0.0002346242299401248,0.9278071915163262,0.0,0.0
376,Device,Sum,conv2d_31/kernel/Regularizer/Sum,2,21.504,10.752,21.504,10.752,0.0002346242299401248,0.9280418157462663,0.0,0.0
377,Device,Sum,conv2d_37/kernel/Regularizer/Sum,2,21.504,10.752,21.504,10.752,0.0002346242299401248,0.9282764399762065,0.0,0.0
378,Device,Sum,conv2d_43/kernel/Regularizer/Sum,2,21.504,10.752,21.504,10.752,0.0002346242299401248,0.9285110642061466,0.0,0.0
379,Device,Tile,gradient_tape/conv2d_25/kernel/Regularizer/Tile,2,21.504,10.752,21.504,10.752,0.0002346242299401248,0.9287456884360867,0.0,0.0
380,Device,Tile,gradient_tape/conv2d_43/kernel/Regularizer/Tile,2,21.504,10.752,21.504,10.752,0.0002346242299401248,0.9289803126660269,0.0,0.0
381,Device,BiasAddGrad,gradient_tape/model/conv2d_43/BiasAdd/BiasAddGrad,2,21.504,10.752,21.504,10.752,0.0002346242299401248,0.929214936895967,0.0,0.0
382,Device,ResourceApplyGradientDescent,SGD/SGD/update_110/ResourceApplyGradientDescent,2,20.48,10.24,20.48,10.24,0.00022345164756202362,0.929438388543529,0.0,0.0
383,Device,ResourceApplyGradientDescent,SGD/SGD/update_122/ResourceApplyGradientDescent,2,20.48,10.24,20.48,10.24,0.00022345164756202362,0.929661840191091,0.0,0.0
384,Device,AddN,SGD/gradients/AddN_3,2,20.48,10.24,20.48,10.24,0.00022345164756202362,0.929885291838653,0.0,0.0
385,Device,AddN,SGD/gradients/AddN_4,2,20.48,10.24,20.48,10.24,0.00022345164756202362,0.930108743486215,0.0,0.0
386,Device,Square,conv2d_25/kernel/Regularizer/Square,2,20.48,10.24,20.48,10.24,0.00022345164756202362,0.930332195133777,0.0,0.0
387,Device,Sum,conv2d_33/kernel/Regularizer/Sum,2,20.48,10.24,20.48,10.24,0.00022345164756202362,0.930555646781339,0.0,0.0
388,Device,Square,conv2d_38/kernel/Regularizer/Square,2,20.48,10.24,20.48,10.24,0.00022345164756202362,0.9307790984289009,0.0,0.0
389,Device,Sum,conv2d_40/kernel/Regularizer/Sum,2,20.48,10.24,20.48,10.24,0.00022345164756202362,0.9310025500764629,0.0,0.0
390,Device,ReluGrad,gradient_tape/model/activation_30/ReluGrad,2,20.48,10.24,20.48,10.24,0.00022345164756202362,0.9312260017240249,0.0,0.0
391,Device,ReluGrad,gradient_tape/model/activation_36/ReluGrad,2,20.48,10.24,20.48,10.24,0.00022345164756202362,0.9314494533715869,0.0,0.0
392,Device,FusedBatchNormGradV3,gradient_tape/model/batch_normalization_25/FusedBatchNormGradV3,2,20.48,10.24,20.48,10.24,0.00022345164756202362,0.9316729050191489,0.0,0.0
393,Device,FusedBatchNormGradV3,gradient_tape/model/batch_normalization_26/FusedBatchNormGradV3,2,20.48,10.24,20.48,10.24,0.00022345164756202362,0.9318963566667109,0.0,0.0
394,Device,FusedBatchNormGradV3,gradient_tape/model/batch_normalization_31/FusedBatchNormGradV3,2,20.48,10.24,20.48,10.24,0.00022345164756202362,0.9321198083142729,0.0,0.0
395,Device,FusedBatchNormGradV3,gradient_tape/model/batch_normalization_37/FusedBatchNormGradV3,2,20.48,10.24,20.48,10.24,0.00022345164756202362,0.9323432599618349,0.0,0.0
396,Device,FusedBatchNormV3,model/batch_normalization_23/FusedBatchNormV3,4,20.48,5.12,20.48,5.12,0.00022345164756202362,0.9325667116093969,0.0,0.0
397,Device,FusedBatchNormV3,model/batch_normalization_26/FusedBatchNormV3,4,20.48,5.12,20.48,5.12,0.00022345164756202362,0.9327901632569588,0.0,0.0
398,Device,FusedBatchNormV3,model/batch_normalization_29/FusedBatchNormV3,4,20.48,5.12,20.48,5.12,0.00022345164756202362,0.9330136149045208,0.0,0.0
399,Device,FusedBatchNormV3,model/batch_normalization_31/FusedBatchNormV3,4,20.48,5.12,20.48,5.12,0.00022345164756202362,0.9332370665520828,0.0,0.0
400,Device,FusedBatchNormV3,model/batch_normalization_35/FusedBatchNormV3,4,20.48,5.12,20.48,5.12,0.00022345164756202362,0.9334605181996448,0.0,0.0
401,Device,FusedBatchNormV3,model/batch_normalization_37/FusedBatchNormV3,4,20.48,5.12,20.48,5.12,0.00022345164756202362,0.9336839698472068,0.0,0.0
402,Device,FusedBatchNormV3,model/batch_normalization_38/FusedBatchNormV3,4,20.48,5.12,20.48,5.12,0.00022345164756202362,0.9339074214947688,0.0,0.0
403,Device,FusedBatchNormV3,model/batch_normalization_5/FusedBatchNormV3,4,20.48,5.12,20.48,5.12,0.00022345164756202362,0.9341308731423308,0.0,0.0
404,Device,FusedBatchNormGradV3,gradient_tape/model/batch_normalization_34/FusedBatchNormGradV3,2,19.457,9.7285,19.457,9.7285,0.00021228997590890105,0.9343431631182397,0.0,0.0
405,Device,AddN,SGD/gradients/AddN_15,2,19.456,9.728,19.456,9.728,0.00021227906518392242,0.9345554421834237,0.0,0.0
406,Device,AddN,SGD/gradients/AddN_7,2,19.456,9.728,19.456,9.728,0.00021227906518392242,0.9347677212486076,0.0,0.0
407,Device,Square,conv2d_27/kernel/Regularizer/Square,2,19.456,9.728,19.456,9.728,0.00021227906518392242,0.9349800003137916,0.0,0.0
408,Device,Sum,conv2d_41/kernel/Regularizer/Sum,2,19.456,9.728,19.456,9.728,0.00021227906518392242,0.9351922793789755,0.0,0.0
409,Device,Square,conv2d_43/kernel/Regularizer/Square,2,19.456,9.728,19.456,9.728,0.00021227906518392242,0.9354045584441595,0.0,0.0
410,Device,ReluGrad,gradient_tape/model/activation_24/ReluGrad,2,19.456,9.728,19.456,9.728,0.00021227906518392242,0.9356168375093434,0.0,0.0
411,Device,ReluGrad,gradient_tape/model/activation_33/ReluGrad,2,19.456,9.728,19.456,9.728,0.00021227906518392242,0.9358291165745274,0.0,0.0
412,Device,FusedBatchNormGradV3,gradient_tape/model/batch_normalization_23/FusedBatchNormGradV3,2,19.456,9.728,19.456,9.728,0.00021227906518392242,0.9360413956397113,0.0,0.0
413,Device,FusedBatchNormGradV3,gradient_tape/model/batch_normalization_28/FusedBatchNormGradV3,2,19.456,9.728,19.456,9.728,0.00021227906518392242,0.9362536747048953,0.0,0.0
414,Device,BiasAddGrad,gradient_tape/model/conv2d_25/BiasAdd/BiasAddGrad,2,19.456,9.728,19.456,9.728,0.00021227906518392242,0.9364659537700792,0.0,0.0
415,Device,BiasAddGrad,gradient_tape/model/conv2d_38/BiasAdd/BiasAddGrad,2,19.456,9.728,19.456,9.728,0.00021227906518392242,0.9366782328352632,0.0,0.0
416,Device,FusedBatchNormV3,model/batch_normalization_22/FusedBatchNormV3,4,19.456,4.864,19.456,4.864,0.00021227906518392242,0.9368905119004471,0.0,0.0
417,Device,FusedBatchNormV3,model/batch_normalization_25/FusedBatchNormV3,4,19.456,4.864,19.456,4.864,0.00021227906518392242,0.9371027909656311,0.0,0.0
418,Device,FusedBatchNormV3,model/batch_normalization_28/FusedBatchNormV3,4,19.456,4.864,19.456,4.864,0.00021227906518392242,0.937315070030815,0.0,0.0
419,Device,FusedBatchNormV3,model/batch_normalization_32/FusedBatchNormV3,4,19.456,4.864,19.456,4.864,0.00021227906518392242,0.937527349095999,0.0,0.0
420,Device,FusedBatchNormV3,model/batch_normalization_34/FusedBatchNormV3,4,19.456,4.864,19.456,4.864,0.00021227906518392242,0.937739628161183,0.0,0.0
421,Device,Softmax,model/dense/Softmax,2,19.456,9.728,19.456,9.728,0.00021227906518392242,0.9379519072263669,0.0,0.0
422,Device,AddN,SGD/gradients/AddN_5,2,18.433,9.2165,18.433,9.2165,0.00020111739353079986,0.9381530246198977,0.0,0.0
423,Device,AddN,SGD/gradients/AddN_43,2,18.432,9.216,18.432,9.216,0.00020110648280582122,0.9383541311027035,0.0,0.0
424,Device,AddN,SGD/gradients/AddN_49,2,18.432,9.216,18.432,9.216,0.00020110648280582122,0.9385552375855093,0.0,0.0
425,Device,AddN,SGD/gradients/AddN_55,2,18.432,9.216,18.432,9.216,0.00020110648280582122,0.9387563440683151,0.0,0.0
426,Device,AddN,SGD/gradients/AddN_6,2,18.432,9.216,18.432,9.216,0.00020110648280582122,0.9389574505511209,0.0,0.0
427,Device,Sum,conv2d_14/kernel/Regularizer/Sum,2,18.432,9.216,18.432,9.216,0.00020110648280582122,0.9391585570339267,0.0,0.0
428,Device,Mul,gradient_tape/conv2d_27/kernel/Regularizer/Mul,2,18.432,9.216,18.432,9.216,0.00020110648280582122,0.9393596635167325,0.0,0.0
429,Device,Mul,gradient_tape/conv2d_43/kernel/Regularizer/Mul,2,18.432,9.216,18.432,9.216,0.00020110648280582122,0.9395607699995383,0.0,0.0
430,Device,ReluGrad,gradient_tape/model/activation_27/ReluGrad,2,18.432,9.216,18.432,9.216,0.00020110648280582122,0.9397618764823441,0.0,0.0
431,Device,ReluGrad,gradient_tape/model/activation_4/ReluGrad,2,18.432,9.216,18.432,9.216,0.00020110648280582122,0.9399629829651499,0.0,0.0
432,Device,ReluGrad,gradient_tape/model/activation_45/ReluGrad,2,18.432,9.216,18.432,9.216,0.00020110648280582122,0.9401640894479557,0.0,0.0
433,Device,FusedBatchNormGradV3,gradient_tape/model/batch_normalization_22/FusedBatchNormGradV3,2,18.432,9.216,18.432,9.216,0.00020110648280582122,0.9403651959307615,0.0,0.0
434,Device,FusedBatchNormGradV3,gradient_tape/model/batch_normalization_29/FusedBatchNormGradV3,2,18.432,9.216,18.432,9.216,0.00020110648280582122,0.9405663024135673,0.0,0.0
435,Device,FusedBatchNormGradV3,gradient_tape/model/batch_normalization_32/FusedBatchNormGradV3,2,18.432,9.216,18.432,9.216,0.00020110648280582122,0.9407674088963731,0.0,0.0
436,Device,FusedBatchNormGradV3,gradient_tape/model/batch_normalization_35/FusedBatchNormGradV3,2,18.432,9.216,18.432,9.216,0.00020110648280582122,0.9409685153791789,0.0,0.0
437,Device,FusedBatchNormGradV3,gradient_tape/model/batch_normalization_38/FusedBatchNormGradV3,2,18.432,9.216,18.432,9.216,0.00020110648280582122,0.9411696218619847,0.0,0.0
438,Device,BiasAddGrad,gradient_tape/model/conv2d_29/BiasAdd/BiasAddGrad,2,18.432,9.216,18.432,9.216,0.00020110648280582122,0.9413707283447905,0.0,0.0
439,Device,BiasAddGrad,gradient_tape/model/conv2d_32/BiasAdd/BiasAddGrad,2,18.432,9.216,18.432,9.216,0.00020110648280582122,0.9415718348275963,0.0,0.0
440,Device,BiasAddGrad,gradient_tape/model/conv2d_35/BiasAdd/BiasAddGrad,2,18.432,9.216,18.432,9.216,0.00020110648280582122,0.9417729413104021,0.0,0.0
441,Device,BiasAddGrad,gradient_tape/model/conv2d_41/BiasAdd/BiasAddGrad,2,18.432,9.216,18.432,9.216,0.00020110648280582122,0.9419740477932079,0.0,0.0
442,Device,BiasAddGrad,gradient_tape/model/conv2d_5/BiasAdd/BiasAddGrad,2,18.432,9.216,18.432,9.216,0.00020110648280582122,0.9421751542760137,0.0,0.0
443,Device,Relu,model/activation_12/Relu,2,18.432,9.216,18.432,9.216,0.00020110648280582122,0.9423762607588195,0.0,0.0
444,Device,FusedBatchNormV3,model/batch_normalization_10/FusedBatchNormV3,4,18.432,4.608,18.432,4.608,0.00020110648280582122,0.9425773672416253,0.0,0.0
445,Device,Mul,gradient_tape/conv2d_26/kernel/Regularizer/Mul_1,2,17.408,8.704,17.408,8.704,0.00018993390042772008,0.9427673011420531,0.0,0.0
446,Device,Mul,gradient_tape/conv2d_28/kernel/Regularizer/Mul_1,2,17.408,8.704,17.408,8.704,0.00018993390042772008,0.9429572350424809,0.0,0.0
447,Device,ReluGrad,gradient_tape/model/activation_42/ReluGrad,2,17.408,8.704,17.408,8.704,0.00018993390042772008,0.9431471689429086,0.0,0.0
448,Device,ReluGrad,gradient_tape/model/activation_7/ReluGrad,2,17.408,8.704,17.408,8.704,0.00018993390042772008,0.9433371028433364,0.0,0.0
449,Device,FusedBatchNormGradV3,gradient_tape/model/batch_normalization_11/FusedBatchNormGradV3,2,17.408,8.704,17.408,8.704,0.00018993390042772008,0.9435270367437641,0.0,0.0
450,Device,FusedBatchNormGradV3,gradient_tape/model/batch_normalization_19/FusedBatchNormGradV3,2,17.408,8.704,17.408,8.704,0.00018993390042772008,0.9437169706441919,0.0,0.0
451,Device,BiasAddGrad,gradient_tape/model/conv2d_12/BiasAdd/BiasAddGrad,2,17.408,8.704,17.408,8.704,0.00018993390042772008,0.9439069045446197,0.0,0.0
452,Device,BiasAddGrad,gradient_tape/model/conv2d_18/BiasAdd/BiasAddGrad,2,17.408,8.704,17.408,8.704,0.00018993390042772008,0.9440968384450474,0.0,0.0
453,Device,BiasAddGrad,gradient_tape/model/conv2d_19/BiasAdd/BiasAddGrad,2,17.408,8.704,17.408,8.704,0.00018993390042772008,0.9442867723454752,0.0,0.0
454,Device,BiasAddGrad,gradient_tape/model/conv2d_22/BiasAdd/BiasAddGrad,2,17.408,8.704,17.408,8.704,0.00018993390042772008,0.944476706245903,0.0,0.0
455,Device,BiasAddGrad,gradient_tape/model/conv2d_8/BiasAdd/BiasAddGrad,2,17.408,8.704,17.408,8.704,0.00018993390042772008,0.9446666401463307,0.0,0.0
456,Device,Relu,model/activation_15/Relu,2,17.408,8.704,17.408,8.704,0.00018993390042772008,0.9448565740467585,0.0,0.0
457,Device,BiasAdd,model/conv2d_9/BiasAdd,2,17.408,8.704,17.408,8.704,0.00018993390042772008,0.9450465079471863,0.0,0.0
458,Device,ReluGrad,gradient_tape/model/activation_11/ReluGrad,2,16.385,8.1925,16.385,8.1925,0.00017877222877459752,0.9452252801759609,0.0,0.0
459,Device,ResourceApplyGradientDescent,SGD/SGD/update_102/ResourceApplyGradientDescent,2,16.384,8.192,16.384,8.192,0.0001787613180496189,0.9454040414940105,0.0,0.0
460,Device,AddN,SGD/gradients/AddN_2,2,16.384,8.192,16.384,8.192,0.0001787613180496189,0.9455828028120601,0.0,0.0
461,Device,AddN,SGD/gradients/AddN_46,2,16.384,8.192,16.384,8.192,0.0001787613180496189,0.9457615641301097,0.0,0.0
462,Device,AddN,SGD/gradients/AddN_52,2,16.384,8.192,16.384,8.192,0.0001787613180496189,0.9459403254481593,0.0,0.0
463,Device,AddN,SGD/gradients/AddN_58,2,16.384,8.192,16.384,8.192,0.0001787613180496189,0.9461190867662089,0.0,0.0
464,Device,Sum,conv2d_16/kernel/Regularizer/Sum,2,16.384,8.192,16.384,8.192,0.0001787613180496189,0.9462978480842585,0.0,0.0
465,Device,Sum,conv2d_19/kernel/Regularizer/Sum,2,16.384,8.192,16.384,8.192,0.0001787613180496189,0.9464766094023082,0.0,0.0
466,Device,ReluGrad,gradient_tape/model/activation_1/ReluGrad,2,16.384,8.192,16.384,8.192,0.0001787613180496189,0.9466553707203578,0.0,0.0
467,Device,FusedBatchNormGradV3,gradient_tape/model/batch_normalization_10/FusedBatchNormGradV3,2,16.384,8.192,16.384,8.192,0.0001787613180496189,0.9468341320384074,0.0,0.0
468,Device,FusedBatchNormGradV3,gradient_tape/model/batch_normalization_13/FusedBatchNormGradV3,2,16.384,8.192,16.384,8.192,0.0001787613180496189,0.947012893356457,0.0,0.0
469,Device,FusedBatchNormGradV3,gradient_tape/model/batch_normalization_16/FusedBatchNormGradV3,2,16.384,8.192,16.384,8.192,0.0001787613180496189,0.9471916546745066,0.0,0.0
470,Device,FusedBatchNormGradV3,gradient_tape/model/batch_normalization_17/FusedBatchNormGradV3,2,16.384,8.192,16.384,8.192,0.0001787613180496189,0.9473704159925562,0.0,0.0
471,Device,BiasAddGrad,gradient_tape/model/conv2d_15/BiasAdd/BiasAddGrad,2,16.384,8.192,16.384,8.192,0.0001787613180496189,0.9475491773106058,0.0,0.0
472,Device,BiasAddGrad,gradient_tape/model/conv2d_16/BiasAdd/BiasAddGrad,2,16.384,8.192,16.384,8.192,0.0001787613180496189,0.9477279386286555,0.0,0.0
473,Device,BiasAddGrad,gradient_tape/model/conv2d_21/BiasAdd/BiasAddGrad,2,16.384,8.192,16.384,8.192,0.0001787613180496189,0.9479066999467051,0.0,0.0
474,Device,BiasAddGrad,gradient_tape/model/conv2d_28/BiasAdd/BiasAddGrad,2,16.384,8.192,16.384,8.192,0.0001787613180496189,0.9480854612647547,0.0,0.0
475,Device,BiasAddGrad,gradient_tape/model/conv2d_34/BiasAdd/BiasAddGrad,2,16.384,8.192,16.384,8.192,0.0001787613180496189,0.9482642225828043,0.0,0.0
476,Device,BiasAddGrad,gradient_tape/model/conv2d_37/BiasAdd/BiasAddGrad,2,16.384,8.192,16.384,8.192,0.0001787613180496189,0.9484429839008539,0.0,0.0
477,Device,BiasAddGrad,gradient_tape/model/conv2d_40/BiasAdd/BiasAddGrad,2,16.384,8.192,16.384,8.192,0.0001787613180496189,0.9486217452189035,0.0,0.0
478,Device,MatMul,gradient_tape/model/dense/MatMul/MatMul_1,2,16.384,8.192,16.384,8.192,0.0001787613180496189,0.9488005065369531,0.0,0.0
479,Device,Relu,model/activation_18/Relu,2,16.384,8.192,16.384,8.192,0.0001787613180496189,0.9489792678550028,0.0,0.0
480,Device,FusedBatchNormV3,model/batch_normalization_11/FusedBatchNormV3,4,16.384,4.096,16.384,4.096,0.0001787613180496189,0.9491580291730524,0.0,0.0
481,Device,FusedBatchNormV3,model/batch_normalization_14/FusedBatchNormV3,4,16.384,4.096,16.384,4.096,0.0001787613180496189,0.949336790491102,0.0,0.0
482,Device,FusedBatchNormV3,model/batch_normalization_17/FusedBatchNormV3,4,16.384,4.096,16.384,4.096,0.0001787613180496189,0.9495155518091516,0.0,0.0
483,Device,FusedBatchNormV3,model/batch_normalization_20/FusedBatchNormV3,4,16.384,4.096,16.384,4.096,0.0001787613180496189,0.9496943131272012,0.0,0.0
484,Device,ResourceApplyGradientDescent,SGD/SGD/update_154/ResourceApplyGradientDescent,2,15.361,7.6805,15.361,7.6805,0.00016759964639649633,0.9498619127735977,0.0,0.0
485,Device,Sum,conv2d_20/kernel/Regularizer/Sum,2,15.361,7.6805,15.361,7.6805,0.00016759964639649633,0.9500295124199941,0.0,0.0
486,Device,Sum,conv2d_13/kernel/Regularizer/Sum,2,15.36,7.68,15.36,7.68,0.0001675887356715177,0.9501971011556656,0.0,0.0
487,Device,Sum,conv2d_17/kernel/Regularizer/Sum,2,15.36,7.68,15.36,7.68,0.0001675887356715177,0.950364689891337,0.0,0.0
488,Device,Sum,conv2d_24/kernel/Regularizer/Sum,2,15.36,7.68,15.36,7.68,0.0001675887356715177,0.9505322786270085,0.0,0.0
489,Device,Mul,gradient_tape/conv2d_33/kernel/Regularizer/Mul_1,2,15.36,7.68,15.36,7.68,0.0001675887356715177,0.95069986736268,0.0,0.0
490,Device,ReluGrad,gradient_tape/model/activation_2/ReluGrad,2,15.36,7.68,15.36,7.68,0.0001675887356715177,0.9508674560983514,0.0,0.0
491,Device,ReluGrad,gradient_tape/model/activation_5/ReluGrad,2,15.36,7.68,15.36,7.68,0.0001675887356715177,0.9510350448340229,0.0,0.0
492,Device,ReluGrad,gradient_tape/model/activation_8/ReluGrad,2,15.36,7.68,15.36,7.68,0.0001675887356715177,0.9512026335696944,0.0,0.0
493,Device,FusedBatchNormGradV3,gradient_tape/model/batch_normalization_20/FusedBatchNormGradV3,2,15.36,7.68,15.36,7.68,0.0001675887356715177,0.9513702223053658,0.0,0.0
494,Device,BiasAddGrad,gradient_tape/model/conv2d_1/BiasAdd/BiasAddGrad,2,15.36,7.68,15.36,7.68,0.0001675887356715177,0.9515378110410373,0.0,0.0
495,Device,BiasAddGrad,gradient_tape/model/conv2d_2/BiasAdd/BiasAddGrad,2,15.36,7.68,15.36,7.68,0.0001675887356715177,0.9517053997767088,0.0,0.0
496,Device,BiasAddGrad,gradient_tape/model/conv2d_24/BiasAdd/BiasAddGrad,2,15.36,7.68,15.36,7.68,0.0001675887356715177,0.9518729885123802,0.0,0.0
497,Device,BiasAddGrad,gradient_tape/model/conv2d_31/BiasAdd/BiasAddGrad,2,15.36,7.68,15.36,7.68,0.0001675887356715177,0.9520405772480517,0.0,0.0
498,Device,BiasAddGrad,gradient_tape/model/conv2d_6/BiasAdd/BiasAddGrad,2,15.36,7.68,15.36,7.68,0.0001675887356715177,0.9522081659837232,0.0,0.0
499,Device,BiasAddGrad,gradient_tape/model/conv2d_9/BiasAdd/BiasAddGrad,2,15.36,7.68,15.36,7.68,0.0001675887356715177,0.9523757547193946,0.0,0.0
500,Device,Relu,model/activation_8/Relu,2,15.36,7.68,15.36,7.68,0.0001675887356715177,0.9525433434550661,0.0,0.0
501,Host,IDLE,IDLE,0,284609.382,0.0,284609.382,0.0,0.0,0.0,0.9973641578551841,0.9973641578551841
502,Host,GatherV2,GatherV2,2,361.124,180.562,361.124,180.562,0.0,0.0,0.0012654963501564946,0.9986296542053406
503,Host,Dataset,Iterator::Root::ParallelMapV2::Zip[1]::ForeverRepeat,2,56.841,28.4205,52.321,26.1605,0.0,0.0,0.00018334985915236302,0.9988130040644929
504,Host,Dataset,Iterator::Root::ParallelMapV2,2,46.371,23.1855,46.371,23.1855,0.0,0.0,0.00016249911734779967,0.9989755031818407
505,Host,Dataset,Iterator::Root::ParallelMapV2::Zip[0]::FlatMap[1]::Concatenate,2,67.81,33.905,45.1,22.55,0.0,0.0,0.00015804511855223663,0.9991335483003929
506,Host,FlushSummaryWriter,FlushSummaryWriter,1,41.01,41.01,41.01,41.01,0.0,0.0,0.00014371242376557037,0.9992772607241585
507,Host,GatherV2,GatherV2_1,2,38.081,19.0405,38.081,19.0405,0.0,0.0,0.0001334482518755593,0.999410708976034
508,Host,IteratorGetNext,IteratorGetNext,2,32.34,16.17,32.34,16.17,0.0,0.0,0.00011332991427892092,0.9995240388903129
509,Host,LogicalAnd,LogicalAnd,1,31.231,31.231,31.231,31.231,0.0,0.0,0.0001094436163526586,0.9996334825066656
510,Host,Dataset,Iterator::Root,2,75.351,37.6755,28.98,14.49,0.0,0.0,0.00010155537773046159,0.9997350378843961
511,Host,Dataset,Iterator::Root::ParallelMapV2::Zip[0]::FlatMap[1]::Concatenate[0]::TensorSlice,2,22.71,11.355,22.71,11.355,0.0,0.0,7.958325149271163e-05,0.9998146211358888
512,Host,WriteSummary,WriteSummary,1,21.26,21.26,21.26,21.26,0.0,0.0,7.450197827983484e-05,0.9998891231141687
513,Host,Dataset,Iterator::Root::ParallelMapV2::Zip,2,140.251,70.1255,11.4,5.7,0.0,0.0,3.9949320432272675e-05,0.9999290724346009
514,Host,ReadVariableOp,ReadVariableOp,1,7.04,7.04,7.04,7.04,0.0,0.0,2.4670457530105232e-05,0.999953742892131
515,Host,Dataset,Iterator::Root::ParallelMapV2::Zip[1]::ForeverRepeat::FromTensor,4,4.52,1.13,4.52,1.13,0.0,0.0,1.5839555118760745e-05,0.9999695824472498
516,Host,Dataset,Iterator::Root::ParallelMapV2::Zip[0]::FlatMap,2,72.01,36.005,4.2,2.1,0.0,0.0,1.4718170685574145e-05,0.9999843006179353
517,Host,Identity,Identity,2,2.93,1.465,2.93,1.465,0.0,0.0,1.026767621636482e-05,0.9999945682941517
518,Host,_Send,IteratorGetNext/_1,2,1.55,0.775,1.55,0.775,0.0,0.0,5.4317058482476005e-06,0.9999999999999999
