Rank,Host/device,Type,Operation,#Occurrences,Total time (us),Avg. time (us),Total self-time (us),Avg. self-time (us),Total self-time on Device (%),Cumulative total-self time on Device (%),Total self-time on Host (%),Cumulative total-self time on Host (%)
1,Device,IDLE,IDLE,0,5092.614,0.0,5092.614,0.0,0.15149583955776164,0.15149583955776164,0.0,0.0
2,Device,Conv2DBackpropFilter,gradient_tape/sequential/conv2d_11/Conv2D/Conv2DBackpropFilter,2,994.306,497.153,994.306,497.153,0.029578762939292035,0.18107460249705368,0.0,0.0
3,Device,Conv2DBackpropFilter,gradient_tape/sequential/conv2d_10/Conv2D/Conv2DBackpropFilter,2,990.209,495.1045,990.209,495.1045,0.029456884773252322,0.210531487270306,0.0,0.0
4,Device,Conv2DBackpropFilter,gradient_tape/sequential/conv2d_9/Conv2D/Conv2DBackpropFilter,2,978.945,489.4725,978.945,489.4725,0.029121801624052597,0.23965328889435858,0.0,0.0
5,Device,Conv2DBackpropFilter,gradient_tape/sequential/conv2d_1/Conv2D/Conv2DBackpropFilter,2,968.705,484.3525,968.705,484.3525,0.02881718057932557,0.26847046947368414,0.0,0.0
6,Device,ResourceApplyGradientDescent,SGD/SGD/update_34/ResourceApplyGradientDescent,2,838.658,419.329,838.658,419.329,0.024948523059441237,0.29341899253312537,0.0,0.0
7,Device,_FusedConv2D,sequential/conv2d_9/Relu,4,660.481,165.12025,660.481,165.12025,0.019648087133042082,0.3130670796661674,0.0,0.0
8,Device,_FusedConv2D,sequential/conv2d_10/Relu,4,659.457,164.86425,659.457,164.86425,0.01961762502856938,0.3326847046947368,0.0,0.0
9,Device,_FusedConv2D,sequential/conv2d_11/Relu,4,655.361,163.84025,655.361,163.84025,0.01949577661067857,0.3521804813054154,0.0,0.0
10,Device,Conv2DBackpropFilter,gradient_tape/sequential/conv2d_13/Conv2D/Conv2DBackpropFilter,2,652.289,326.1445,652.289,326.1445,0.019404390297260463,0.3715848716026759,0.0,0.0
11,Device,Conv2DBackpropFilter,gradient_tape/sequential/conv2d_14/Conv2D/Conv2DBackpropFilter,2,645.121,322.5605,645.121,322.5605,0.019191155565951544,0.3907760271686274,0.0,0.0
12,Device,Conv2DBackpropFilter,gradient_tape/sequential/conv2d_12/Conv2D/Conv2DBackpropFilter,2,635.905,317.9525,635.905,317.9525,0.018916996625697218,0.40969302379432465,0.0,0.0
13,Device,Conv2DBackpropFilter,gradient_tape/sequential/conv2d_15/Conv2D/Conv2DBackpropFilter,2,632.833,316.4165,632.833,316.4165,0.018825610312279112,0.42851863410660374,0.0,0.0
14,Device,Conv2DBackpropInput,gradient_tape/sequential/conv2d_10/Conv2D/Conv2DBackpropInput,4,586.753,146.68825,586.753,146.68825,0.017454815611007497,0.4459734497176112,0.0,0.0
15,Device,Conv2DBackpropInput,gradient_tape/sequential/conv2d_11/Conv2D/Conv2DBackpropInput,4,585.729,146.43225,585.729,146.43225,0.017424353506534793,0.46339780322414603,0.0,0.0
16,Device,Conv2DBackpropInput,gradient_tape/sequential/conv2d_9/Conv2D/Conv2DBackpropInput,4,582.657,145.66425,582.657,145.66425,0.017332967193116687,0.4807307704172627,0.0,0.0
17,Device,Conv2DBackpropFilter,gradient_tape/sequential/conv2d_3/Conv2D/Conv2DBackpropFilter,2,537.601,268.8005,537.601,268.8005,0.015992634596317768,0.4967234050135805,0.0,0.0
18,Device,_FusedConv2D,sequential/conv2d_12/Relu,4,512.001,128.00025,512.001,128.00025,0.015231081984500204,0.5119544869980807,0.0,0.0
19,Device,_FusedConv2D,sequential/conv2d_15/Relu,4,503.809,125.95225,503.809,125.95225,0.014987385148718585,0.5269418721467992,0.0,0.0
20,Device,_FusedConv2D,sequential/conv2d_13/Relu,4,502.785,125.69625,502.785,125.69625,0.014956923044245882,0.5418987951910451,0.0,0.0
21,Device,_FusedConv2D,sequential/conv2d_14/Relu,4,502.784,125.696,502.784,125.696,0.014956893296096981,0.5568556884871421,0.0,0.0
22,Device,Conv2DBackpropInput,gradient_tape/sequential/conv2d_14/Conv2D/Conv2DBackpropInput,4,437.249,109.31225,437.249,109.31225,0.013007348357992915,0.569863036845135,0.0,0.0
23,Device,Conv2DBackpropInput,gradient_tape/sequential/conv2d_13/Conv2D/Conv2DBackpropInput,4,436.225,109.05625,436.225,109.05625,0.012976886253520212,0.5828399230986552,0.0,0.0
24,Device,Conv2DBackpropInput,gradient_tape/sequential/conv2d_15/Conv2D/Conv2DBackpropInput,4,436.225,109.05625,436.225,109.05625,0.012976886253520212,0.5958168093521754,0.0,0.0
25,Device,Conv2DBackpropInput,gradient_tape/sequential/conv2d_12/Conv2D/Conv2DBackpropInput,4,434.177,108.54425,434.177,108.54425,0.012915962044574807,0.6087327713967502,0.0,0.0
26,Device,MatMul,gradient_tape/sequential/dense_1/MatMul/MatMul_1,2,414.721,207.3605,414.721,207.3605,0.012337182059593457,0.6210699534563436,0.0,0.0
27,Device,_FusedConv2D,sequential/conv2d_8/Relu,2,385.025,192.5125,385.025,192.5125,0.01145378102988508,0.6325237344862287,0.0,0.0
28,Device,Conv2DBackpropFilter,gradient_tape/sequential/conv2d_5/Conv2D/Conv2DBackpropFilter,2,384.001,192.0005,384.001,192.0005,0.011423318925412377,0.643947053411641,0.0,0.0
29,Device,Conv2DBackpropFilter,gradient_tape/sequential/conv2d_6/Conv2D/Conv2DBackpropFilter,2,384.001,192.0005,384.001,192.0005,0.011423318925412377,0.6553703723370534,0.0,0.0
30,Device,Conv2DBackpropFilter,gradient_tape/sequential/conv2d_7/Conv2D/Conv2DBackpropFilter,2,380.928,190.464,380.928,190.464,0.011331902863845372,0.6667022752008988,0.0,0.0
31,Device,_FusedConv2D,sequential/conv2d_1/Relu,2,376.832,188.416,376.832,188.416,0.01121005444595456,0.6779123296468533,0.0,0.0
32,Device,Conv2DBackpropInput,gradient_tape/sequential/conv2d_1/Conv2D/Conv2DBackpropInput,2,374.785,187.3925,374.785,187.3925,0.011149159985158055,0.6890614896320114,0.0,0.0
33,Device,Conv2DBackpropFilter,gradient_tape/sequential/conv2d_8/Conv2D/Conv2DBackpropFilter,2,367.617,183.8085,367.617,183.8085,0.010935925253849137,0.6999974148858605,0.0,0.0
34,Device,_FusedConv2D,sequential/conv2d_5/Relu,2,360.448,180.224,360.448,180.224,0.010722660774391319,0.7107200756602519,0.0,0.0
35,Device,_FusedConv2D,sequential/conv2d_7/Relu,2,360.448,180.224,360.448,180.224,0.010722660774391319,0.7214427364346432,0.0,0.0
36,Device,_FusedConv2D,sequential/conv2d_6/Relu,2,357.377,178.6885,357.377,178.6885,0.010631304209122111,0.7320740406437652,0.0,0.0
37,Device,Conv2DBackpropInput,gradient_tape/sequential/conv2d_7/Conv2D/Conv2DBackpropInput,2,355.329,177.6645,355.329,177.6645,0.010570380000176705,0.742644420643942,0.0,0.0
38,Device,Conv2DBackpropInput,gradient_tape/sequential/conv2d_6/Conv2D/Conv2DBackpropInput,2,355.328,177.664,355.328,177.664,0.010570350252027806,0.7532147708959698,0.0,0.0
39,Device,Conv2DBackpropInput,gradient_tape/sequential/conv2d_5/Conv2D/Conv2DBackpropInput,2,354.305,177.1525,354.305,177.1525,0.010539917895704003,0.7637546887916737,0.0,0.0
40,Device,Conv2DBackpropInput,gradient_tape/sequential/conv2d_8/Conv2D/Conv2DBackpropInput,4,354.304,88.576,354.304,88.576,0.010539888147555103,0.7742945769392289,0.0,0.0
41,Device,Conv2DBackpropInput,gradient_tape/sequential/conv2d_3/Conv2D/Conv2DBackpropInput,2,348.16,174.08,348.16,174.08,0.010357115520718888,0.7846516924599478,0.0,0.0
42,Device,_FusedConv2D,sequential/conv2d_3/Relu,2,347.136,173.568,347.136,173.568,0.010326653416246185,0.794978345876194,0.0,0.0
43,Device,MatMul,gradient_tape/sequential/dense_1/MatMul/MatMul,2,338.944,169.472,338.944,169.472,0.010082956580464564,0.8050613024566585,0.0,0.0
44,Device,Conv2DBackpropFilter,gradient_tape/sequential/conv2d_2/Conv2D/Conv2DBackpropFilter,4,337.92,84.48,337.92,84.48,0.010052494475991863,0.8151137969326504,0.0,0.0
45,Device,MatMul,sequential/dense_1/MatMul,2,322.561,161.2805,322.561,161.2805,0.009595592657050222,0.8247093895897006,0.0,0.0
46,Device,Conv2DBackpropFilter,gradient_tape/sequential/conv2d_4/Conv2D/Conv2DBackpropFilter,2,239.617,119.8085,239.617,119.8085,0.00712816219476131,0.831837551784462,0.0,0.0
47,Device,_FusedConv2D,sequential/conv2d_4/Relu,2,236.545,118.2725,236.545,118.2725,0.007036775881343202,0.8388743276658052,0.0,0.0
48,Device,Conv2DBackpropInput,gradient_tape/sequential/conv2d_4/Conv2D/Conv2DBackpropInput,2,217.088,108.544,217.088,108.544,0.006457966148212953,0.8453322938140181,0.0,0.0
49,Device,ReluGrad,gradient_tape/sequential/conv2d_1/ReluGrad,2,212.992,106.496,212.992,106.496,0.006336117730322143,0.8516684115443403,0.0,0.0
50,Device,Conv2DBackpropInput,gradient_tape/sequential/conv2d_2/Conv2D/Conv2DBackpropInput,2,208.896,104.448,208.896,104.448,0.006214269312431332,0.8578826808567716,0.0,0.0
51,Device,ReluGrad,gradient_tape/sequential/conv2d/ReluGrad,2,205.825,102.9125,205.825,102.9125,0.006122912747162123,0.8640055936039337,0.0,0.0
52,Device,_FusedConv2D,sequential/conv2d_2/Relu,2,204.801,102.4005,204.801,102.4005,0.006092450642689421,0.8700980442466231,0.0,0.0
53,Device,Conv2DBackpropFilter,gradient_tape/sequential/conv2d/Conv2D/Conv2DBackpropFilter,2,186.368,93.184,186.368,93.184,0.005544103014031875,0.8756421472606549,0.0,0.0
54,Device,MaxPoolGrad,gradient_tape/sequential/max_pooling2d_3/MaxPool/MaxPoolGrad,2,168.96,84.48,168.96,84.48,0.005026247237995931,0.8806683944986509,0.0,0.0
55,Device,MaxPoolGrad,gradient_tape/sequential/max_pooling2d_4/MaxPool/MaxPoolGrad,2,160.768,80.384,160.768,80.384,0.00478255040221431,0.8854509449008652,0.0,0.0
56,Device,MaxPoolGrad,gradient_tape/sequential/max_pooling2d/MaxPool/MaxPoolGrad,2,153.6,76.8,153.6,76.8,0.004569315670905391,0.8900202605717705,0.0,0.0
57,Device,_FusedConv2D,sequential/conv2d/Relu,2,125.952,62.976,125.952,62.976,0.003746838850142421,0.8937670994219129,0.0,0.0
58,Device,ResourceApplyGradientDescent,SGD/SGD/update_18/ResourceApplyGradientDescent,2,124.928,62.464,124.928,62.464,0.0037163767456697186,0.8974834761675826,0.0,0.0
59,Device,ResourceApplyGradientDescent,SGD/SGD/update_22/ResourceApplyGradientDescent,2,123.904,61.952,123.904,61.952,0.003685914641197016,0.9011693908087797,0.0,0.0
60,Device,ResourceApplyGradientDescent,SGD/SGD/update_20/ResourceApplyGradientDescent,2,122.88,61.44,122.88,61.44,0.003655452536724313,0.904824843345504,0.0,0.0
61,Device,ResourceApplyGradientDescent,SGD/SGD/update_24/ResourceApplyGradientDescent,2,115.712,57.856,115.712,57.856,0.003442217805415395,0.9082670611509194,0.0,0.0
62,Device,ResourceApplyGradientDescent,SGD/SGD/update_26/ResourceApplyGradientDescent,2,115.712,57.856,115.712,57.856,0.003442217805415395,0.9117092789563348,0.0,0.0
63,Device,ResourceApplyGradientDescent,SGD/SGD/update_28/ResourceApplyGradientDescent,2,115.712,57.856,115.712,57.856,0.003442217805415395,0.9151514967617502,0.0,0.0
64,Device,ResourceApplyGradientDescent,SGD/SGD/update_30/ResourceApplyGradientDescent,2,115.712,57.856,115.712,57.856,0.003442217805415395,0.9185937145671657,0.0,0.0
65,Device,ReluGrad,gradient_tape/sequential/conv2d_3/ReluGrad,2,105.472,52.736,105.472,52.736,0.003137596760688369,0.921731311327854,0.0,0.0
66,Device,ReluGrad,gradient_tape/sequential/conv2d_2/ReluGrad,2,102.401,51.2005,102.401,51.2005,0.00304624019541916,0.9247775515232732,0.0,0.0
67,Device,MaxPoolGrad,gradient_tape/sequential/max_pooling2d_2/MaxPool/MaxPoolGrad,2,100.353,50.1765,100.353,50.1765,0.002985315986473755,0.927762867509747,0.0,0.0
68,Device,ResourceApplyGradientDescent,SGD/SGD/update_32/ResourceApplyGradientDescent,2,100.352,50.176,100.352,50.176,0.002985286238324856,0.9307481537480718,0.0,0.0
69,Device,SoftmaxCrossEntropyWithLogits,categorical_crossentropy/softmax_cross_entropy_with_logits,2,90.112,45.056,90.112,45.056,0.0026806651935978297,0.9334288189416696,0.0,0.0
70,Device,MaxPool,sequential/max_pooling2d/MaxPool,2,90.112,45.056,90.112,45.056,0.0026806651935978297,0.9361094841352674,0.0,0.0
71,Device,MaxPoolGrad,gradient_tape/sequential/max_pooling2d_1/MaxPool/MaxPoolGrad,2,87.04,43.52,87.04,43.52,0.002589278880179722,0.9386987630154471,0.0,0.0
72,Device,BiasAddGrad,gradient_tape/sequential/conv2d_1/BiasAdd/BiasAddGrad,2,86.016,43.008,86.016,43.008,0.0025588167757070197,0.9412575797911541,0.0,0.0
73,Device,BiasAddGrad,gradient_tape/sequential/conv2d/BiasAdd/BiasAddGrad,2,78.848,39.424,78.848,39.424,0.002345582044398101,0.9436031618355522,0.0,0.0
74,Device,MatMul,gradient_tape/sequential/dense/MatMul/MatMul,2,67.584,33.792,67.584,33.792,0.0020104988951983723,0.9456136607307505,0.0,0.0
75,Device,ResourceApplyGradientDescent,SGD/SGD/update_16/ResourceApplyGradientDescent,2,65.536,32.768,65.536,32.768,0.0019495746862529671,0.9475632354170035,0.0,0.0
76,Device,BiasAddGrad,gradient_tape/sequential/conv2d_2/BiasAdd/BiasAddGrad,2,63.489,31.7445,63.489,31.7445,0.001888680225456461,0.9494519156424599,0.0,0.0
77,Device,MatMul,gradient_tape/sequential/dense/MatMul/MatMul_1,2,62.464,31.232,62.464,31.232,0.0018581883728348593,0.9513101040152948,0.0,0.0
78,Device,_Send,IteratorGetNext/_1,1,61.504,61.504,61.504,61.504,0.0018296301498917005,0.9531397341651865,0.0,0.0
79,Device,BiasAddGrad,gradient_tape/sequential/conv2d_3/BiasAdd/BiasAddGrad,2,61.44,30.72,61.44,30.72,0.0018277262683621565,0.9549674604335486,0.0,0.0
80,Device,_Recv,IteratorGetNext/_2,1,60.576,60.576,60.576,60.576,0.0018020238677133138,0.956769484301262,0.0,0.0
81,Device,ReluGrad,gradient_tape/sequential/conv2d_4/ReluGrad,2,55.296,27.648,55.296,27.648,0.0016449536415259409,0.9584144379427879,0.0,0.0
82,Device,ReluGrad,gradient_tape/sequential/conv2d_6/ReluGrad,2,55.296,27.648,55.296,27.648,0.0016449536415259409,0.9600593915843139,0.0,0.0
83,Device,ReluGrad,gradient_tape/sequential/conv2d_5/ReluGrad,2,54.272,27.136,54.272,27.136,0.0016144915370532383,0.9616738831213671,0.0,0.0
84,Device,MatMul,sequential/dense/MatMul,2,52.224,26.112,52.224,26.112,0.001553567328107833,0.963227450449475,0.0,0.0
85,Device,MaxPool,sequential/max_pooling2d_1/MaxPool,2,50.176,25.088,50.176,25.088,0.001492643119162428,0.9647200935686374,0.0,0.0
86,Device,BiasAddGrad,gradient_tape/sequential/conv2d_5/BiasAdd/BiasAddGrad,2,36.864,18.432,36.864,18.432,0.001096635761017294,0.9658167293296547,0.0,0.0
87,Device,BiasAddGrad,gradient_tape/sequential/conv2d_6/BiasAdd/BiasAddGrad,2,36.864,18.432,36.864,18.432,0.001096635761017294,0.9669133650906719,0.0,0.0
88,Device,BiasAddGrad,gradient_tape/sequential/conv2d_7/BiasAdd/BiasAddGrad,2,36.864,18.432,36.864,18.432,0.001096635761017294,0.9680100008516892,0.0,0.0
89,Device,ReluGrad,gradient_tape/sequential/conv2d_7/ReluGrad,2,36.864,18.432,36.864,18.432,0.001096635761017294,0.9691066366127065,0.0,0.0
90,Device,ResourceApplyGradientDescent,SGD/SGD/update_14/ResourceApplyGradientDescent,2,34.816,17.408,34.816,17.408,0.0010357115520718888,0.9701423481647784,0.0,0.0
91,Device,ResourceApplyGradientDescent,SGD/SGD/update_10/ResourceApplyGradientDescent,2,32.768,16.384,32.768,16.384,0.0009747873431264836,0.9711171355079049,0.0,0.0
92,Device,ResourceApplyGradientDescent,SGD/SGD/update_12/ResourceApplyGradientDescent,2,32.768,16.384,32.768,16.384,0.0009747873431264836,0.9720919228510314,0.0,0.0
93,Device,ReluGrad,gradient_tape/sequential/conv2d_9/ReluGrad,2,30.72,15.36,30.72,15.36,0.0009138631341810783,0.9730057859852125,0.0,0.0
94,Device,ReluGrad,gradient_tape/sequential/conv2d_10/ReluGrad,2,29.696,14.848,29.696,14.848,0.0008834010297083758,0.9738891870149209,0.0,0.0
95,Device,ReluGrad,gradient_tape/sequential/conv2d_8/ReluGrad,2,28.672,14.336,28.672,14.336,0.0008529389252356731,0.9747421259401565,0.0,0.0
96,Device,BiasAddGrad,gradient_tape/sequential/conv2d_11/BiasAdd/BiasAddGrad,2,27.648,13.824,27.648,13.824,0.0008224768207629704,0.9755646027609195,0.0,0.0
97,Device,BiasAddGrad,gradient_tape/sequential/conv2d_8/BiasAdd/BiasAddGrad,2,27.648,13.824,27.648,13.824,0.0008224768207629704,0.9763870795816825,0.0,0.0
98,Device,BiasAddGrad,gradient_tape/sequential/conv2d_12/BiasAdd/BiasAddGrad,2,26.624,13.312,26.624,13.312,0.0007920147162902678,0.9771790942979728,0.0,0.0
99,Device,BiasAddGrad,gradient_tape/sequential/conv2d_9/BiasAdd/BiasAddGrad,2,26.624,13.312,26.624,13.312,0.0007920147162902678,0.9779711090142631,0.0,0.0
100,Device,BiasAddGrad,gradient_tape/sequential/conv2d_13/BiasAdd/BiasAddGrad,2,25.6,12.8,25.6,12.8,0.0007615526118175653,0.9787326616260806,0.0,0.0
101,Device,BiasAddGrad,gradient_tape/sequential/conv2d_14/BiasAdd/BiasAddGrad,2,25.6,12.8,25.6,12.8,0.0007615526118175653,0.9794942142378982,0.0,0.0
102,Device,BiasAddGrad,gradient_tape/sequential/conv2d_10/BiasAdd/BiasAddGrad,2,24.576,12.288,24.576,12.288,0.0007310905073448626,0.980225304745243,0.0,0.0
103,Device,BiasAddGrad,gradient_tape/sequential/conv2d_15/BiasAdd/BiasAddGrad,2,24.576,12.288,24.576,12.288,0.0007310905073448626,0.9809563952525879,0.0,0.0
104,Device,BiasAddGrad,gradient_tape/sequential/conv2d_4/BiasAdd/BiasAddGrad,2,24.576,12.288,24.576,12.288,0.0007310905073448626,0.9816874857599328,0.0,0.0
105,Device,MatMul,sequential/dense_2/MatMul,2,24.576,12.288,24.576,12.288,0.0007310905073448626,0.9824185762672777,0.0,0.0
106,Device,ResourceApplyGradientDescent,SGD/SGD/update_8/ResourceApplyGradientDescent,2,20.48,10.24,20.48,10.24,0.0006092420894540522,0.9830278183567317,0.0,0.0
107,Device,ReluGrad,gradient_tape/sequential/dense/ReluGrad,2,18.432,9.216,18.432,9.216,0.000548317880508647,0.9835761362372404,0.0,0.0
108,Device,Softmax,sequential/dense_2/Softmax,2,18.432,9.216,18.432,9.216,0.000548317880508647,0.9841244541177491,0.0,0.0
109,Device,MaxPool,sequential/max_pooling2d_2/MaxPool,2,16.384,8.192,16.384,8.192,0.0004873936715632418,0.9846118477893123,0.0,0.0
110,Device,Transpose,gradient_tape/sequential/conv2d/Conv2D/Conv2DBackpropFilter-0-TransposeNHWCToNCHW-LayoutOptimizer,2,15.36,7.68,15.36,7.68,0.0004569315670905391,0.9850687793564029,0.0,0.0
111,Device,BiasAddGrad,gradient_tape/sequential/dense/BiasAdd/BiasAddGrad,2,14.336,7.168,14.336,7.168,0.0004264694626178366,0.9854952488190207,0.0,0.0
112,Device,BiasAddGrad,gradient_tape/sequential/dense_1/BiasAdd/BiasAddGrad,2,14.336,7.168,14.336,7.168,0.0004264694626178366,0.9859217182816385,0.0,0.0
113,Device,MatMul,gradient_tape/sequential/dense_2/MatMul/MatMul_1,2,14.336,7.168,14.336,7.168,0.0004264694626178366,0.9863481877442564,0.0,0.0
114,Device,ResourceApplyGradientDescent,SGD/SGD/update_6/ResourceApplyGradientDescent,2,12.288,6.144,12.288,6.144,0.0003655452536724313,0.9867137329979287,0.0,0.0
115,Device,ReluGrad,gradient_tape/sequential/conv2d_12/ReluGrad,2,12.288,6.144,12.288,6.144,0.0003655452536724313,0.9870792782516011,0.0,0.0
116,Device,ReluGrad,gradient_tape/sequential/conv2d_14/ReluGrad,2,12.288,6.144,12.288,6.144,0.0003655452536724313,0.9874448235052735,0.0,0.0
117,Device,MatMul,gradient_tape/sequential/dense_2/MatMul/MatMul,2,11.264,5.632,11.264,5.632,0.0003350831491997287,0.9877799066544732,0.0,0.0
118,Device,ArgMax,ArgMax,2,10.24,5.12,10.24,5.12,0.0003046210447270261,0.9880845276992003,0.0,0.0
119,Device,ResourceApplyGradientDescent,SGD/SGD/update_4/ResourceApplyGradientDescent,2,10.24,5.12,10.24,5.12,0.0003046210447270261,0.9883891487439274,0.0,0.0
120,Device,ReluGrad,gradient_tape/sequential/conv2d_11/ReluGrad,2,10.24,5.12,10.24,5.12,0.0003046210447270261,0.9886937697886544,0.0,0.0
121,Device,ReluGrad,gradient_tape/sequential/conv2d_13/ReluGrad,2,10.24,5.12,10.24,5.12,0.0003046210447270261,0.9889983908333815,0.0,0.0
122,Device,ReluGrad,gradient_tape/sequential/dense_1/ReluGrad,2,10.24,5.12,10.24,5.12,0.0003046210447270261,0.9893030118781085,0.0,0.0
123,Device,MaxPool,sequential/max_pooling2d_3/MaxPool,2,10.24,5.12,10.24,5.12,0.0003046210447270261,0.9896076329228356,0.0,0.0
124,Device,ResourceApplyGradientDescent,SGD/SGD/update_9/ResourceApplyGradientDescent,2,9.216,4.608,9.216,4.608,0.0002741589402543235,0.9898817918630899,0.0,0.0
125,Device,MaxPool,sequential/max_pooling2d_4/MaxPool,2,9.216,4.608,9.216,4.608,0.0002741589402543235,0.9901559508033442,0.0,0.0
126,Device,ResourceApplyGradientDescent,SGD/SGD/update_2/ResourceApplyGradientDescent,2,8.192,4.096,8.192,4.096,0.0002436968357816209,0.9903996476391258,0.0,0.0
127,Device,ResourceApplyGradientDescent,SGD/SGD/update_35/ResourceApplyGradientDescent,2,8.192,4.096,8.192,4.096,0.0002436968357816209,0.9906433444749074,0.0,0.0
128,Device,ResourceApplyGradientDescent,SGD/SGD/update_7/ResourceApplyGradientDescent,2,8.192,4.096,8.192,4.096,0.0002436968357816209,0.990887041310689,0.0,0.0
129,Device,ReluGrad,gradient_tape/sequential/conv2d_15/ReluGrad,2,8.192,4.096,8.192,4.096,0.0002436968357816209,0.9911307381464707,0.0,0.0
130,Device,BiasAdd,sequential/dense/BiasAdd,2,8.192,4.096,8.192,4.096,0.0002436968357816209,0.9913744349822523,0.0,0.0
131,Device,Relu,sequential/dense/Relu,2,8.192,4.096,8.192,4.096,0.0002436968357816209,0.9916181318180339,0.0,0.0
132,Device,BiasAdd,sequential/dense_1/BiasAdd,2,8.192,4.096,8.192,4.096,0.0002436968357816209,0.9918618286538156,0.0,0.0
133,Device,ResourceApplyGradientDescent,SGD/SGD/update_21/ResourceApplyGradientDescent,2,7.169,3.5845,7.169,3.5845,0.0002132644794578174,0.9920750931332734,0.0,0.0
134,Device,ArgMax,ArgMax_1,2,7.168,3.584,7.168,3.584,0.0002132347313089183,0.9922883278645823,0.0,0.0
135,Device,Equal,Equal,2,7.168,3.584,7.168,3.584,0.0002132347313089183,0.9925015625958913,0.0,0.0
136,Device,ResourceApplyGradientDescent,SGD/SGD/update_15/ResourceApplyGradientDescent,2,7.168,3.584,7.168,3.584,0.0002132347313089183,0.9927147973272002,0.0,0.0
137,Device,ResourceApplyGradientDescent,SGD/SGD/update_17/ResourceApplyGradientDescent,2,7.168,3.584,7.168,3.584,0.0002132347313089183,0.9929280320585092,0.0,0.0
138,Device,ResourceApplyGradientDescent,SGD/SGD/update_25/ResourceApplyGradientDescent,2,7.168,3.584,7.168,3.584,0.0002132347313089183,0.9931412667898182,0.0,0.0
139,Device,ResourceApplyGradientDescent,SGD/SGD/update_27/ResourceApplyGradientDescent,2,7.168,3.584,7.168,3.584,0.0002132347313089183,0.9933545015211271,0.0,0.0
140,Device,ResourceApplyGradientDescent,SGD/SGD/update_31/ResourceApplyGradientDescent,2,7.168,3.584,7.168,3.584,0.0002132347313089183,0.9935677362524361,0.0,0.0
141,Device,ResourceApplyGradientDescent,SGD/SGD/update_33/ResourceApplyGradientDescent,2,7.168,3.584,7.168,3.584,0.0002132347313089183,0.9937809709837451,0.0,0.0
142,Device,ResourceApplyGradientDescent,SGD/SGD/update_5/ResourceApplyGradientDescent,2,7.168,3.584,7.168,3.584,0.0002132347313089183,0.993994205715054,0.0,0.0
143,Device,AssignAddVariableOp,AssignAddVariableOp_1,2,6.144,3.072,6.144,3.072,0.00018277262683621566,0.9941769783418902,0.0,0.0
144,Device,AssignAddVariableOp,AssignAddVariableOp_4,2,6.144,3.072,6.144,3.072,0.00018277262683621566,0.9943597509687264,0.0,0.0
145,Device,Cast,Cast_1,2,6.144,3.072,6.144,3.072,0.00018277262683621566,0.9945425235955626,0.0,0.0
146,Device,Mul,Mul,2,6.144,3.072,6.144,3.072,0.00018277262683621566,0.9947252962223988,0.0,0.0
147,Device,ResourceApplyGradientDescent,SGD/SGD/update/ResourceApplyGradientDescent,2,6.144,3.072,6.144,3.072,0.00018277262683621566,0.994908068849235,0.0,0.0
148,Device,ResourceApplyGradientDescent,SGD/SGD/update_1/ResourceApplyGradientDescent,2,6.144,3.072,6.144,3.072,0.00018277262683621566,0.9950908414760712,0.0,0.0
149,Device,ResourceApplyGradientDescent,SGD/SGD/update_11/ResourceApplyGradientDescent,2,6.144,3.072,6.144,3.072,0.00018277262683621566,0.9952736141029074,0.0,0.0
150,Device,ResourceApplyGradientDescent,SGD/SGD/update_13/ResourceApplyGradientDescent,2,6.144,3.072,6.144,3.072,0.00018277262683621566,0.9954563867297436,0.0,0.0
151,Device,ResourceApplyGradientDescent,SGD/SGD/update_19/ResourceApplyGradientDescent,2,6.144,3.072,6.144,3.072,0.00018277262683621566,0.9956391593565798,0.0,0.0
152,Device,ResourceApplyGradientDescent,SGD/SGD/update_23/ResourceApplyGradientDescent,2,6.144,3.072,6.144,3.072,0.00018277262683621566,0.995821931983416,0.0,0.0
153,Device,ResourceApplyGradientDescent,SGD/SGD/update_29/ResourceApplyGradientDescent,2,6.144,3.072,6.144,3.072,0.00018277262683621566,0.9960047046102521,0.0,0.0
154,Device,ResourceApplyGradientDescent,SGD/SGD/update_3/ResourceApplyGradientDescent,2,6.144,3.072,6.144,3.072,0.00018277262683621566,0.9961874772370883,0.0,0.0
155,Device,ResourceApplyGradientDescent,SGD/SGD/update_36/ResourceApplyGradientDescent,2,6.144,3.072,6.144,3.072,0.00018277262683621566,0.9963702498639245,0.0,0.0
156,Device,ResourceApplyGradientDescent,SGD/SGD/update_37/ResourceApplyGradientDescent,2,6.144,3.072,6.144,3.072,0.00018277262683621566,0.9965530224907607,0.0,0.0
157,Device,Sum,categorical_crossentropy/weighted_loss/Sum,2,6.144,3.072,6.144,3.072,0.00018277262683621566,0.9967357951175969,0.0,0.0
158,Device,DivNoNan,categorical_crossentropy/weighted_loss/value,2,6.144,3.072,6.144,3.072,0.00018277262683621566,0.9969185677444331,0.0,0.0
159,Device,DivNoNan,div_no_nan,2,6.144,3.072,6.144,3.072,0.00018277262683621566,0.9971013403712693,0.0,0.0
160,Device,Tile,gradient_tape/categorical_crossentropy/weighted_loss/Tile_1,2,6.144,3.072,6.144,3.072,0.00018277262683621566,0.9972841129981055,0.0,0.0
161,Device,DivNoNan,gradient_tape/categorical_crossentropy/weighted_loss/value/div_no_nan,2,6.144,3.072,6.144,3.072,0.00018277262683621566,0.9974668856249417,0.0,0.0
162,Device,BiasAddGrad,gradient_tape/sequential/dense_2/BiasAdd/BiasAddGrad,2,6.144,3.072,6.144,3.072,0.00018277262683621566,0.9976496582517779,0.0,0.0
163,Device,Relu,sequential/dense_1/Relu,2,6.144,3.072,6.144,3.072,0.00018277262683621566,0.9978324308786141,0.0,0.0
164,Device,BiasAdd,sequential/dense_2/BiasAdd,2,6.144,3.072,6.144,3.072,0.00018277262683621566,0.9980152035054503,0.0,0.0
165,Device,_Recv,categorical_crossentropy/weighted_loss/num_elements/_14,2,5.792,2.896,5.792,2.896,0.00017230127842372413,0.998187504783874,0.0,0.0
166,Device,AssignAddVariableOp,AssignAddVariableOp,2,5.12,2.56,5.12,2.56,0.00015231052236351305,0.9983398153062375,0.0,0.0
167,Device,AssignAddVariableOp,AssignAddVariableOp_2,2,5.12,2.56,5.12,2.56,0.00015231052236351305,0.998492125828601,0.0,0.0
168,Device,Cast,Cast,2,5.12,2.56,5.12,2.56,0.00015231052236351305,0.9986444363509646,0.0,0.0
169,Device,Cast,Cast_2,2,5.12,2.56,5.12,2.56,0.00015231052236351305,0.9987967468733281,0.0,0.0
170,Device,AssignAddVariableOp,SGD/SGD/AssignAddVariableOp,2,5.12,2.56,5.12,2.56,0.00015231052236351305,0.9989490573956916,0.0,0.0
171,Device,Sum,Sum_2,2,5.12,2.56,5.12,2.56,0.00015231052236351305,0.9991013679180551,0.0,0.0
172,Device,DivNoNan,div_no_nan_1,2,5.12,2.56,5.12,2.56,0.00015231052236351305,0.9992536784404187,0.0,0.0
173,Device,Mul,gradient_tape/categorical_crossentropy/softmax_cross_entropy_with_logits/mul,2,5.12,2.56,5.12,2.56,0.00015231052236351305,0.9994059889627822,0.0,0.0
174,Device,AssignAddVariableOp,AssignAddVariableOp_3,2,4.096,2.048,4.096,2.048,0.00012184841789081045,0.999527837380673,0.0,0.0
175,Device,Cast,categorical_crossentropy/weighted_loss/num_elements/Cast,2,4.096,2.048,4.096,2.048,0.00012184841789081045,0.9996496857985637,0.0,0.0
176,Device,_Recv,Size/_16,2,3.584,1.792,3.584,1.792,0.00010661736565445914,0.9997563031642182,0.0,0.0
177,Device,_Send,IteratorGetNext/_3,2,3.072,1.536,3.072,1.536,9.138631341810783e-05,0.9998476894776362,0.0,0.0
178,Device,LogicalAnd,LogicalAnd,1,3.072,3.072,3.072,3.072,9.138631341810783e-05,0.9999390757910543,0.0,0.0
179,Device,_Recv,strided_slice/_12,2,2.048,1.024,2.048,1.024,6.092420894540522e-05,0.9999999999999998,0.0,0.0
180,Host,IDLE,IDLE,0,139393.025,0.0,139393.025,0.0,0.0,0.0,0.9908190336563095,0.9908190336563095
181,Host,_Send,IteratorGetNext/_1,2,254.693,127.3465,254.693,127.3465,0.0,0.0,0.0018103823497554949,0.992629416006065
182,Host,GatherV2,GatherV2,2,216.812,108.406,216.812,108.406,0.0,0.0,0.0015411205569653991,0.9941705365630304
183,Host,_Send,IteratorGetNext/_3,2,214.792,107.396,214.792,107.396,0.0,0.0,0.0015267622026073832,0.9956972987656378
184,Host,_Send,IteratorGetNext/_6,2,201.891,100.9455,201.891,100.9455,0.0,0.0,0.0014350606533139372,0.9971323594189517
185,Host,Dataset,Iterator::Root::ParallelMapV2,2,58.531,29.2655,58.531,29.2655,0.0,0.0,0.00041604397966783096,0.9975484033986196
186,Host,IteratorGetNext,IteratorGetNext,2,50.36,25.18,50.36,25.18,0.0,0.0,0.0003579637254800357,0.9979063671240996
187,Host,Dataset,Iterator::Root::ParallelMapV2::Zip[1]::ForeverRepeat,2,51.802,25.901,48.211,24.1055,0.0,0.0,0.0003426884267100476,0.9982490555508097
188,Host,Dataset,Iterator::Root,2,97.101,48.5505,38.57,19.285,0.0,0.0,0.0002741592710834983,0.9985232148218932
189,Host,Dataset,Iterator::Root::ParallelMapV2::Zip[0]::FlatMap[1]::Concatenate,2,55.91,27.955,35.75,17.875,0.0,0.0,0.000254114439752011,0.9987773292616452
190,Host,FlushSummaryWriter,FlushSummaryWriter,1,35.71,35.71,35.71,35.71,0.0,0.0,0.00025383011590333747,0.9990311593775485
191,Host,GatherV2,GatherV2_1,2,30.85,15.425,30.85,15.425,0.0,0.0,0.00021928476828949762,0.999250444145838
192,Host,LogicalAnd,LogicalAnd,1,30.21,30.21,30.21,30.21,0.0,0.0,0.00021473558671072037,0.9994651797325487
193,Host,WriteSummary,WriteSummary,1,21.64,21.64,21.64,21.64,0.0,0.0,0.0001538192021324061,0.9996189989346811
194,Host,Dataset,Iterator::Root::ParallelMapV2::Zip[0]::FlatMap[1]::Concatenate[0]::TensorSlice,2,20.16,10.08,20.16,10.08,0.0,0.0,0.00014329921973148368,0.9997622981544125
195,Host,Dataset,Iterator::Root::ParallelMapV2::Zip,2,121.622,60.811,9.77,4.885,0.0,0.0,6.944610003852161e-05,0.9998317442544511
196,Host,_HostSend,categorical_crossentropy/softmax_cross_entropy_with_logits/Shape_2/_9,2,7.06,3.53,7.06,3.53,0.0,0.0,5.018315929088665e-05,0.9998819274137419
197,Host,ReadVariableOp,ReadVariableOp,1,5.95,5.95,5.95,5.95,0.0,0.0,4.229317249019484e-05,0.9999242205862321
198,Host,Dataset,Iterator::Root::ParallelMapV2::Zip[0]::FlatMap,2,60.05,30.025,4.14,2.07,0.0,0.0,2.94275183377154e-05,0.9999536481045698
199,Host,Dataset,Iterator::Root::ParallelMapV2::Zip[1]::ForeverRepeat::FromTensor,4,3.591,0.89775,3.591,0.89775,0.0,0.0,2.5525173514670534e-05,0.9999791732780844
200,Host,Identity,Identity,2,2.93,1.465,2.93,1.465,0.0,0.0,2.0826721915339645e-05,0.9999999999999998
