Rank,Host/device,Type,Operation,#Occurrences,Total time (us),Avg. time (us),Total self-time (us),Avg. self-time (us),Total self-time on Device (%),Cumulative total-self time on Device (%),Total self-time on Host (%),Cumulative total-self time on Host (%)
1,Device,IDLE,IDLE,0,4125.286,0.0,4125.286,0.0,0.2901015221643997,0.2901015221643997,0.0,0.0
2,Device,_Send,IteratorGetNext/_1,2,1169.185,584.5925,1169.185,584.5925,0.08222032319499391,0.3723218453593936,0.0,0.0
3,Device,MaxPoolGrad,gradient_tape/sequential/max_pooling2d/MaxPool/MaxPoolGrad,2,1126.401,563.2005,1126.401,563.2005,0.07921163397337834,0.45153347933277194,0.0,0.0
4,Device,Conv2DBackpropFilter,gradient_tape/sequential/conv2d_1/Conv2D/Conv2DBackpropFilter,4,998.401,249.60025,998.401,249.60025,0.07021031992217239,0.5217437992549443,0.0,0.0
5,Device,Conv2DBackpropFilter,gradient_tape/sequential/conv2d/Conv2D/Conv2DBackpropFilter,2,917.505,458.7525,917.505,458.7525,0.06452148944181023,0.5862652886967545,0.0,0.0
6,Device,ReluGrad,gradient_tape/sequential/conv2d/ReluGrad,2,846.85,423.425,846.85,423.425,0.05955283440831057,0.6458181231050651,0.0,0.0
7,Device,Conv2DBackpropInput,gradient_tape/sequential/conv2d_1/Conv2D/Conv2DBackpropInput,2,689.153,344.5765,689.153,344.5765,0.04846314517445883,0.694281268279524,0.0,0.0
8,Device,_FusedConv2D,sequential/conv2d_1/Relu,2,544.769,272.3845,544.769,272.3845,0.03830966292469852,0.7325909312042225,0.0,0.0
9,Device,ReluGrad,gradient_tape/sequential/conv2d_1/ReluGrad,2,399.361,199.6805,399.361,199.6805,0.02808417016252857,0.7606751013667511,0.0,0.0
10,Device,_FusedConv2D,sequential/conv2d/Relu,2,393.217,196.6085,393.217,196.6085,0.02765210708807068,0.7883272084548217,0.0,0.0
11,Device,MaxPool,sequential/max_pooling2d/MaxPool,2,350.208,175.104,350.208,175.104,0.024627595244099465,0.8129548036989211,0.0,0.0
12,Device,MaxPoolGrad,gradient_tape/sequential/max_pooling2d_1/MaxPool/MaxPoolGrad,2,312.32,156.16,312.32,156.16,0.021963206284942503,0.8349180099838637,0.0,0.0
13,Device,ResourceApplyGradientDescent,SGD/SGD/update_4/ResourceApplyGradientDescent,2,293.889,146.9445,293.889,146.9445,0.020667087384334874,0.8555850973681985,0.0,0.0
14,Device,BiasAddGrad,gradient_tape/sequential/conv2d/BiasAdd/BiasAddGrad,2,273.408,136.704,273.408,136.704,0.019226806813375897,0.8748119041815744,0.0,0.0
15,Device,MaxPool,sequential/max_pooling2d_1/MaxPool,2,169.984,84.992,169.984,84.992,0.011953745060001493,0.8867656492415759,0.0,0.0
16,Device,BiasAddGrad,gradient_tape/sequential/conv2d_1/BiasAdd/BiasAddGrad,2,160.768,80.384,160.768,80.384,0.011305650448314665,0.8980712996898905,0.0,0.0
17,Device,MatMul,sequential/dense/MatMul,2,157.696,78.848,157.696,78.848,0.011089618911085723,0.9091609186009763,0.0,0.0
18,Device,MatMul,gradient_tape/sequential/dense/MatMul/MatMul,2,147.456,73.728,147.456,73.728,0.010369513786989247,0.9195304323879655,0.0,0.0
19,Device,MatMul,gradient_tape/sequential/dense/MatMul/MatMul_1,2,138.24,69.12,138.24,69.12,0.00972141917530242,0.929251851563268,0.0,0.0
20,Device,SoftmaxCrossEntropyWithLogits,categorical_crossentropy/softmax_cross_entropy_with_logits,2,125.952,62.976,125.952,62.976,0.008857293026386649,0.9381091445896546,0.0,0.0
21,Device,Mul,gradient_tape/sequential/dropout/dropout/Mul_1,2,95.232,47.616,95.232,47.616,0.006696977654097222,0.9448061222437518,0.0,0.0
22,Device,Mul,sequential/dropout/dropout/Mul_1,2,95.232,47.616,95.232,47.616,0.006696977654097222,0.9515030998978491,0.0,0.0
23,Device,Mul,sequential/dropout/dropout/Mul,2,67.585,33.7925,67.585,33.7925,0.004752764141802763,0.9562558640396519,0.0,0.0
24,Device,Transpose,gradient_tape/sequential/max_pooling2d_1/MaxPool/MaxPoolGrad-2-TransposeNHWCToNCHW-LayoutOptimizer,2,66.56,33.28,66.56,33.28,0.004680683306627091,0.960936547346279,0.0,0.0
25,Device,Transpose,gradient_tape/sequential/conv2d/Conv2D/Conv2DBackpropFilter-0-TransposeNHWCToNCHW-LayoutOptimizer,2,65.536,32.768,65.536,32.768,0.004608672794217443,0.9655452201404964,0.0,0.0
26,Device,Mul,gradient_tape/sequential/dropout/dropout/Mul,2,65.536,32.768,65.536,32.768,0.004608672794217443,0.9701538929347138,0.0,0.0
27,Device,Transpose,sequential/max_pooling2d_1/MaxPool-0-2-TransposeNCHWToNHWC-LayoutOptimizer,2,61.44,30.72,61.44,30.72,0.004320630744578852,0.9744745236792927,0.0,0.0
28,Device,RandomUniform,sequential/dropout/dropout/random_uniform/RandomUniform,2,43.008,21.504,43.008,21.504,0.003024441521205197,0.9774989652004978,0.0,0.0
29,Device,Cast,sequential/dropout/dropout/Cast,2,40.96,20.48,40.96,20.48,0.002880420496385902,0.9803793856968838,0.0,0.0
30,Device,GreaterEqual,sequential/dropout/dropout/GreaterEqual,2,36.864,18.432,36.864,18.432,0.0025923784467473117,0.9829717641436311,0.0,0.0
31,Device,ArgMax,ArgMax,2,20.48,10.24,20.48,10.24,0.001440210248192951,0.984411974391824,0.0,0.0
32,Device,ArgMax,ArgMax_1,2,20.48,10.24,20.48,10.24,0.001440210248192951,0.985852184640017,0.0,0.0
33,Device,Softmax,sequential/dense/Softmax,2,20.48,10.24,20.48,10.24,0.001440210248192951,0.98729239488821,0.0,0.0
34,Device,ResourceApplyGradientDescent,SGD/SGD/update_2/ResourceApplyGradientDescent,2,8.192,4.096,8.192,4.096,0.0005760840992771804,0.9878684789874872,0.0,0.0
35,Device,Cast,Cast,2,7.168,3.584,7.168,3.584,0.0005040735868675328,0.9883725525743547,0.0,0.0
36,Device,Sum,Sum_2,2,7.168,3.584,7.168,3.584,0.0005040735868675328,0.9888766261612223,0.0,0.0
37,Device,AssignAddVariableOp,AssignAddVariableOp,2,6.144,3.072,6.144,3.072,0.0004320630744578853,0.9893086892356802,0.0,0.0
38,Device,AssignAddVariableOp,AssignAddVariableOp_1,2,6.144,3.072,6.144,3.072,0.0004320630744578853,0.989740752310138,0.0,0.0
39,Device,AssignAddVariableOp,AssignAddVariableOp_2,2,6.144,3.072,6.144,3.072,0.0004320630744578853,0.9901728153845959,0.0,0.0
40,Device,AssignAddVariableOp,AssignAddVariableOp_4,2,6.144,3.072,6.144,3.072,0.0004320630744578853,0.9906048784590538,0.0,0.0
41,Device,Cast,Cast_1,2,6.144,3.072,6.144,3.072,0.0004320630744578853,0.9910369415335116,0.0,0.0
42,Device,Equal,Equal,2,6.144,3.072,6.144,3.072,0.0004320630744578853,0.9914690046079695,0.0,0.0
43,Device,ResourceApplyGradientDescent,SGD/SGD/update/ResourceApplyGradientDescent,2,6.144,3.072,6.144,3.072,0.0004320630744578853,0.9919010676824274,0.0,0.0
44,Device,ResourceApplyGradientDescent,SGD/SGD/update_1/ResourceApplyGradientDescent,2,6.144,3.072,6.144,3.072,0.0004320630744578853,0.9923331307568852,0.0,0.0
45,Device,ResourceApplyGradientDescent,SGD/SGD/update_3/ResourceApplyGradientDescent,2,6.144,3.072,6.144,3.072,0.0004320630744578853,0.9927651938313431,0.0,0.0
46,Device,ResourceApplyGradientDescent,SGD/SGD/update_5/ResourceApplyGradientDescent,2,6.144,3.072,6.144,3.072,0.0004320630744578853,0.993197256905801,0.0,0.0
47,Device,Sum,categorical_crossentropy/weighted_loss/Sum,2,6.144,3.072,6.144,3.072,0.0004320630744578853,0.9936293199802588,0.0,0.0
48,Device,Cast,categorical_crossentropy/weighted_loss/num_elements/Cast,2,6.144,3.072,6.144,3.072,0.0004320630744578853,0.9940613830547167,0.0,0.0
49,Device,Mul,gradient_tape/categorical_crossentropy/softmax_cross_entropy_with_logits/mul,2,6.144,3.072,6.144,3.072,0.0004320630744578853,0.9944934461291746,0.0,0.0
50,Device,Tile,gradient_tape/categorical_crossentropy/weighted_loss/Tile_1,2,6.144,3.072,6.144,3.072,0.0004320630744578853,0.9949255092036324,0.0,0.0
51,Device,DivNoNan,gradient_tape/categorical_crossentropy/weighted_loss/value/div_no_nan,2,6.144,3.072,6.144,3.072,0.0004320630744578853,0.9953575722780903,0.0,0.0
52,Device,BiasAddGrad,gradient_tape/sequential/dense/BiasAdd/BiasAddGrad,2,6.144,3.072,6.144,3.072,0.0004320630744578853,0.9957896353525482,0.0,0.0
53,Device,BiasAdd,sequential/dense/BiasAdd,2,6.144,3.072,6.144,3.072,0.0004320630744578853,0.996221698427006,0.0,0.0
54,Device,_Recv,categorical_crossentropy/weighted_loss/num_elements/_14,2,5.184,2.592,5.184,2.592,0.0003645532190738407,0.9965862516460798,0.0,0.0
55,Device,AssignAddVariableOp,AssignAddVariableOp_3,2,5.12,2.56,5.12,2.56,0.00036005256204823773,0.996946304208128,0.0,0.0
56,Device,Cast,Cast_2,2,5.12,2.56,5.12,2.56,0.00036005256204823773,0.9973063567701762,0.0,0.0
57,Device,Mul,Mul,2,5.12,2.56,5.12,2.56,0.00036005256204823773,0.9976664093322244,0.0,0.0
58,Device,AssignAddVariableOp,SGD/SGD/AssignAddVariableOp,2,5.12,2.56,5.12,2.56,0.00036005256204823773,0.9980264618942726,0.0,0.0
59,Device,DivNoNan,categorical_crossentropy/weighted_loss/value,2,5.12,2.56,5.12,2.56,0.00036005256204823773,0.9983865144563208,0.0,0.0
60,Device,DivNoNan,div_no_nan_1,2,5.12,2.56,5.12,2.56,0.00036005256204823773,0.998746567018369,0.0,0.0
61,Device,DivNoNan,div_no_nan,2,4.096,2.048,4.096,2.048,0.0002880420496385902,0.9990346090680076,0.0,0.0
62,Device,_Send,IteratorGetNext/_3,2,4.032,2.016,4.032,2.016,0.0002835413926129872,0.9993181504606206,0.0,0.0
63,Device,_Recv,Size/_16,2,3.552,1.776,3.552,1.776,0.00024978646492096495,0.9995679369255416,0.0,0.0
64,Device,LogicalAnd,LogicalAnd,1,3.072,3.072,3.072,3.072,0.00021603153722894264,0.9997839684627705,0.0,0.0
65,Device,_Recv,strided_slice/_12,2,3.072,1.536,3.072,1.536,0.00021603153722894264,0.9999999999999994,0.0,0.0
66,Host,IDLE,IDLE,0,67720.302,0.0,67720.302,0.0,0.0,0.0,0.9170404641623213,0.9170404641623213
67,Host,_Send,IteratorGetNext/_6,2,1893.151,946.5755,1893.151,946.5755,0.0,0.0,0.025636271849014538,0.9426767360113358
68,Host,_Send,IteratorGetNext/_1,2,1578.907,789.4535,1578.907,789.4535,0.0,0.0,0.021380908906004855,0.9640576449173407
69,Host,GatherV2,GatherV2,2,1392.495,696.2475,1392.495,696.2475,0.0,0.0,0.01885659430673702,0.9829142392240777
70,Host,_Send,IteratorGetNext/_3,2,787.54,393.77,787.54,393.77,0.0,0.0,0.010664542623368611,0.9935787818474463
71,Host,Dataset,Iterator::Root::ParallelMapV2::Zip[1]::ForeverRepeat,2,70.701,35.3505,65.381,32.6905,0.0,0.0,0.0008853625990533346,0.9944641444464997
72,Host,GatherV2,GatherV2_1,2,61.75,30.875,61.75,30.875,0.0,0.0,0.0008361930911357032,0.9953003375376354
73,Host,Dataset,Iterator::Root::ParallelMapV2,2,50.93,25.465,50.93,25.465,0.0,0.0,0.0006896731033447994,0.9959900106409801
74,Host,Dataset,Iterator::Root::ParallelMapV2::Zip[0]::FlatMap[1]::Concatenate,2,86.822,43.411,47.801,23.9005,0.0,0.0,0.000647301472864417,0.9966373121138445
75,Host,IteratorGetNext,IteratorGetNext,2,45.101,22.5505,45.101,22.5505,0.0,0.0,0.0006107391838592931,0.9972480512977039
76,Host,Dataset,Iterator::Root::ParallelMapV2::Zip[0]::FlatMap[1]::Concatenate[0]::TensorSlice,2,39.021,19.5105,39.021,19.5105,0.0,0.0,0.0005284063256551624,0.9977764576233591
77,Host,FlushSummaryWriter,FlushSummaryWriter,1,36.97,36.97,36.97,36.97,0.0,0.0,0.0005006325275997886,0.9982770901509589
78,Host,LogicalAnd,LogicalAnd,1,31.61,31.61,31.61,31.61,0.0,0.0,0.00042804961313035753,0.9987051397640893
79,Host,Dataset,Iterator::Root,2,80.301,40.1505,29.371,14.6855,0.0,0.0,0.00039772999643314556,0.9991028697605224
80,Host,WriteSummary,WriteSummary,1,20.85,20.85,20.85,20.85,0.0,0.0,0.0002823421206506788,0.9993852118811731
81,Host,Dataset,Iterator::Root::ParallelMapV2::Zip,2,177.433,88.7165,14.38,7.19,0.0,0.0,0.00019472804292358563,0.9995799399240967
82,Host,_HostSend,categorical_crossentropy/softmax_cross_entropy_with_logits/Shape_2/_9,2,11.44,5.72,11.44,5.72,0.0,0.0,0.00015491577267356184,0.9997348556967702
83,Host,ReadVariableOp,ReadVariableOp,1,5.86,5.86,5.86,5.86,0.0,0.0,7.935370872963921e-05,0.9998142094054999
84,Host,Dataset,Iterator::Root::ParallelMapV2::Zip[0]::FlatMap,2,92.352,46.176,5.53,2.765,0.0,0.0,7.488498451790185e-05,0.9998890943900178
85,Host,Dataset,Iterator::Root::ParallelMapV2::Zip[1]::ForeverRepeat::FromTensor,4,5.32,1.33,5.32,1.33,0.0,0.0,7.204125092861443e-05,0.9999611356409465
86,Host,Identity,Identity,2,2.87,1.435,2.87,1.435,0.0,0.0,3.886435905359463e-05,1.0
