Rank,Host/device,Type,Operation,#Occurrences,Total time (us),Avg. time (us),Total self-time (us),Avg. self-time (us),Total self-time on Device (%),Cumulative total-self time on Device (%),Total self-time on Host (%),Cumulative total-self time on Host (%)
1,Device,IDLE,IDLE,0,4050.182,0.0,4050.182,0.0,0.47349843150463206,0.47349843150463206,0.0,0.0
2,Device,_Send,IteratorGetNext/_1,2,516.513,258.2565,516.513,258.2565,0.06038447046373522,0.5338829019683673,0.0,0.0
3,Device,Conv2DBackpropFilter,gradient_tape/sequential/conv2d_1/Conv2D/Conv2DBackpropFilter,2,462.849,231.4245,462.849,231.4245,0.054110722807885536,0.5879936247762528,0.0,0.0
4,Device,ReluGrad,gradient_tape/sequential/conv2d/ReluGrad,2,402.432,201.216,402.432,201.216,0.04704749583778509,0.635041120614038,0.0,0.0
5,Device,Conv2DBackpropFilter,gradient_tape/sequential/conv2d/Conv2D/Conv2DBackpropFilter,2,400.385,200.1925,400.385,200.1925,0.046808185285990137,0.6818493059000281,0.0,0.0
6,Device,MaxPoolGrad,gradient_tape/sequential/max_pooling2d/MaxPool/MaxPoolGrad,2,350.208,175.104,350.208,175.104,0.04094209561456107,0.7227914015145892,0.0,0.0
7,Device,Conv2DBackpropInput,gradient_tape/sequential/conv2d_1/Conv2D/Conv2DBackpropInput,2,275.457,137.7285,275.457,137.7285,0.03220311024219935,0.7549945117567886,0.0,0.0
8,Device,_FusedConv2D,sequential/conv2d_1/Relu,2,262.144,131.072,262.144,131.072,0.030646714845987237,0.7856412266027758,0.0,0.0
9,Device,_FusedConv2D,sequential/conv2d/Relu,2,234.496,117.248,234.496,117.248,0.02741444413957452,0.8130556707423503,0.0,0.0
10,Device,MaxPool,sequential/max_pooling2d/MaxPool,2,180.225,90.1125,180.225,90.1125,0.021069733364555546,0.8341254041069058,0.0,0.0
11,Device,ReluGrad,gradient_tape/sequential/conv2d_1/ReluGrad,2,174.08,87.04,174.08,87.04,0.0203513340774134,0.8544767381843192,0.0,0.0
12,Device,BiasAddGrad,gradient_tape/sequential/conv2d/BiasAdd/BiasAddGrad,2,143.36,71.68,143.36,71.68,0.01675992218139927,0.8712366603657186,0.0,0.0
13,Device,MaxPoolGrad,gradient_tape/sequential/max_pooling2d_1/MaxPool/MaxPoolGrad,2,135.168,67.584,135.168,67.584,0.01580221234246217,0.8870388727081807,0.0,0.0
14,Device,SoftmaxCrossEntropyWithLogits,categorical_crossentropy/softmax_cross_entropy_with_logits,2,125.952,62.976,125.952,62.976,0.01472478877365793,0.9017636614818386,0.0,0.0
15,Device,MaxPool,sequential/max_pooling2d_1/MaxPool,2,82.944,41.472,82.944,41.472,0.00969681211923815,0.9114604736010767,0.0,0.0
16,Device,BiasAddGrad,gradient_tape/sequential/conv2d_1/BiasAdd/BiasAddGrad,2,76.8,38.4,76.8,38.4,0.008978529740035322,0.9204390033411121,0.0,0.0
17,Device,ResourceApplyGradientDescent,SGD/SGD/update_4/ResourceApplyGradientDescent,2,67.584,33.792,67.584,33.792,0.007901106171231085,0.9283401095123431,0.0,0.0
18,Device,MatMul,gradient_tape/sequential/dense/MatMul/MatMul_1,2,57.344,28.672,57.344,28.672,0.006703968872559708,0.9350440783849029,0.0,0.0
19,Device,MatMul,gradient_tape/sequential/dense/MatMul/MatMul,2,53.248,26.624,53.248,26.624,0.006225113953091157,0.941269192337994,0.0,0.0
20,Device,MatMul,sequential/dense/MatMul,2,52.224,26.112,52.224,26.112,0.0061054002232240195,0.947374592561218,0.0,0.0
21,Device,Transpose,gradient_tape/sequential/conv2d/Conv2D/Conv2DBackpropFilter-0-TransposeNHWCToNCHW-LayoutOptimizer,2,37.888,18.944,37.888,18.944,0.004429408005084092,0.9518040005663021,0.0,0.0
22,Device,Mul,gradient_tape/sequential/dropout/dropout/Mul,2,27.648,13.824,27.648,13.824,0.0032322707064127163,0.9550362712727148,0.0,0.0
23,Device,RandomUniform,sequential/dropout/dropout/random_uniform/RandomUniform,2,26.624,13.312,26.624,13.312,0.0031125569765455786,0.9581488282492604,0.0,0.0
24,Device,Mul,sequential/dropout/dropout/Mul_1,2,25.6,12.8,25.6,12.8,0.0029928432466784414,0.9611416714959389,0.0,0.0
25,Device,Mul,gradient_tape/sequential/dropout/dropout/Mul_1,2,24.576,12.288,24.576,12.288,0.0028731295168113033,0.9640148010127502,0.0,0.0
26,Device,ArgMax,ArgMax,2,20.48,10.24,20.48,10.24,0.002394274597342753,0.9664090756100929,0.0,0.0
27,Device,Softmax,sequential/dense/Softmax,2,20.48,10.24,20.48,10.24,0.002394274597342753,0.9688033502074357,0.0,0.0
28,Device,ArgMax,ArgMax_1,2,19.456,9.728,19.456,9.728,0.002274560867475615,0.9710779110749113,0.0,0.0
29,Device,Transpose,sequential/max_pooling2d_1/MaxPool-0-2-TransposeNCHWToNHWC-LayoutOptimizer,2,19.456,9.728,19.456,9.728,0.002274560867475615,0.9733524719423868,0.0,0.0
30,Device,Transpose,gradient_tape/sequential/max_pooling2d_1/MaxPool/MaxPoolGrad-2-TransposeNHWCToNCHW-LayoutOptimizer,2,16.384,8.192,16.384,8.192,0.0019154196778742023,0.9752678916202611,0.0,0.0
31,Device,Mul,sequential/dropout/dropout/Mul,2,13.312,6.656,13.312,6.656,0.0015562784882727893,0.9768241701085338,0.0,0.0
32,Device,Cast,sequential/dropout/dropout/Cast,2,11.264,5.632,11.264,5.632,0.001316851028538514,0.9781410211370724,0.0,0.0
33,Device,GreaterEqual,sequential/dropout/dropout/GreaterEqual,2,11.264,5.632,11.264,5.632,0.001316851028538514,0.9794578721656109,0.0,0.0
34,Device,ResourceApplyGradientDescent,SGD/SGD/update_2/ResourceApplyGradientDescent,2,8.192,4.096,8.192,4.096,0.0009577098389371012,0.9804155820045479,0.0,0.0
35,Device,ResourceApplyGradientDescent,SGD/SGD/update_3/ResourceApplyGradientDescent,2,8.192,4.096,8.192,4.096,0.0009577098389371012,0.981373291843485,0.0,0.0
36,Device,ResourceApplyGradientDescent,SGD/SGD/update_1/ResourceApplyGradientDescent,2,7.168,3.584,7.168,3.584,0.0008379961090699635,0.982211287952555,0.0,0.0
37,Device,BiasAddGrad,gradient_tape/sequential/dense/BiasAdd/BiasAddGrad,2,7.168,3.584,7.168,3.584,0.0008379961090699635,0.983049284061625,0.0,0.0
38,Device,AssignAddVariableOp,AssignAddVariableOp_4,2,6.144,3.072,6.144,3.072,0.0007182823792028258,0.9837675664408277,0.0,0.0
39,Device,Cast,Cast_1,2,6.144,3.072,6.144,3.072,0.0007182823792028258,0.9844858488200305,0.0,0.0
40,Device,Equal,Equal,2,6.144,3.072,6.144,3.072,0.0007182823792028258,0.9852041311992333,0.0,0.0
41,Device,_Send,IteratorGetNext/_3,2,6.144,3.072,6.144,3.072,0.0007182823792028258,0.9859224135784361,0.0,0.0
42,Device,Mul,Mul,2,6.144,3.072,6.144,3.072,0.0007182823792028258,0.9866406959576389,0.0,0.0
43,Device,AssignAddVariableOp,SGD/SGD/AssignAddVariableOp,2,6.144,3.072,6.144,3.072,0.0007182823792028258,0.9873589783368417,0.0,0.0
44,Device,ResourceApplyGradientDescent,SGD/SGD/update/ResourceApplyGradientDescent,2,6.144,3.072,6.144,3.072,0.0007182823792028258,0.9880772607160445,0.0,0.0
45,Device,ResourceApplyGradientDescent,SGD/SGD/update_5/ResourceApplyGradientDescent,2,6.144,3.072,6.144,3.072,0.0007182823792028258,0.9887955430952473,0.0,0.0
46,Device,Mul,gradient_tape/categorical_crossentropy/softmax_cross_entropy_with_logits/mul,2,6.144,3.072,6.144,3.072,0.0007182823792028258,0.9895138254744501,0.0,0.0
47,Device,Tile,gradient_tape/categorical_crossentropy/weighted_loss/Tile_1,2,6.144,3.072,6.144,3.072,0.0007182823792028258,0.9902321078536529,0.0,0.0
48,Device,DivNoNan,gradient_tape/categorical_crossentropy/weighted_loss/value/div_no_nan,2,6.144,3.072,6.144,3.072,0.0007182823792028258,0.9909503902328557,0.0,0.0
49,Device,BiasAdd,sequential/dense/BiasAdd,2,6.144,3.072,6.144,3.072,0.0007182823792028258,0.9916686726120585,0.0,0.0
50,Device,AssignAddVariableOp,AssignAddVariableOp_1,2,5.12,2.56,5.12,2.56,0.0005985686493356883,0.9922672412613942,0.0,0.0
51,Device,AssignAddVariableOp,AssignAddVariableOp_3,2,5.12,2.56,5.12,2.56,0.0005985686493356883,0.9928658099107299,0.0,0.0
52,Device,Cast,Cast,2,5.12,2.56,5.12,2.56,0.0005985686493356883,0.9934643785600656,0.0,0.0
53,Device,Cast,Cast_2,2,5.12,2.56,5.12,2.56,0.0005985686493356883,0.9940629472094014,0.0,0.0
54,Device,Sum,categorical_crossentropy/weighted_loss/Sum,2,5.12,2.56,5.12,2.56,0.0005985686493356883,0.9946615158587371,0.0,0.0
55,Device,DivNoNan,categorical_crossentropy/weighted_loss/value,2,5.12,2.56,5.12,2.56,0.0005985686493356883,0.9952600845080728,0.0,0.0
56,Device,DivNoNan,div_no_nan_1,2,5.12,2.56,5.12,2.56,0.0005985686493356883,0.9958586531574085,0.0,0.0
57,Device,_Recv,strided_slice/_12,2,5.12,2.56,5.12,2.56,0.0005985686493356883,0.9964572218067442,0.0,0.0
58,Device,AssignAddVariableOp,AssignAddVariableOp,2,4.096,2.048,4.096,2.048,0.0004788549194685506,0.9969360767262128,0.0,0.0
59,Device,AssignAddVariableOp,AssignAddVariableOp_2,2,4.096,2.048,4.096,2.048,0.0004788549194685506,0.9974149316456813,0.0,0.0
60,Device,Sum,Sum_2,2,4.096,2.048,4.096,2.048,0.0004788549194685506,0.9978937865651498,0.0,0.0
61,Device,Cast,categorical_crossentropy/weighted_loss/num_elements/Cast,2,4.096,2.048,4.096,2.048,0.0004788549194685506,0.9983726414846184,0.0,0.0
62,Device,DivNoNan,div_no_nan,2,4.096,2.048,4.096,2.048,0.0004788549194685506,0.9988514964040869,0.0,0.0
63,Device,_Recv,categorical_crossentropy/weighted_loss/num_elements/_14,2,3.68,1.84,3.68,1.84,0.0004302212167100259,0.9992817176207969,0.0,0.0
64,Device,LogicalAnd,LogicalAnd,1,3.072,3.072,3.072,3.072,0.0003591411896014129,0.9996408588103983,0.0,0.0
65,Device,_Recv,Size/_16,2,3.072,1.536,3.072,1.536,0.0003591411896014129,0.9999999999999998,0.0,0.0
66,Host,IDLE,IDLE,0,43045.969,0.0,43045.969,0.0,0.0,0.0,0.9287475403415698,0.9287475403415698
67,Host,_Send,IteratorGetNext/_1,2,978.351,489.1755,978.351,489.1755,0.0,0.0,0.021108621920921684,0.9498561622624915
68,Host,_Send,IteratorGetNext/_6,2,949.001,474.5005,949.001,474.5005,0.0,0.0,0.02047537469842275,0.9703315369609142
69,Host,GatherV2,GatherV2,2,694.958,347.479,694.958,347.479,0.0,0.0,0.014994215443046402,0.9853257524039606
70,Host,_Send,IteratorGetNext/_3,2,287.983,143.9915,287.983,143.9915,0.0,0.0,0.0062134390077311615,0.9915391914116918
71,Host,IteratorGetNext,IteratorGetNext,2,53.831,26.9155,53.831,26.9155,0.0,0.0,0.0011614422907781923,0.99270063370247
72,Host,Dataset,Iterator::Root::ParallelMapV2::Zip[1]::ForeverRepeat,2,53.11,26.555,48.93,24.465,0.0,0.0,0.0010556997136924253,0.9937563334161624
73,Host,Dataset,Iterator::Root::ParallelMapV2,2,46.652,23.326,46.652,23.326,0.0,0.0,0.0010065502359120995,0.9947628836520745
74,Host,GatherV2,GatherV2_1,2,41.611,20.8055,41.611,20.8055,0.0,0.0,0.0008977870587871552,0.9956606707108617
75,Host,FlushSummaryWriter,FlushSummaryWriter,1,38.311,38.311,38.311,38.311,0.0,0.0,0.000826587200720836,0.9964872579115825
76,Host,LogicalAnd,LogicalAnd,1,29.25,29.25,29.25,29.25,0.0,0.0,0.0006310896510423757,0.997118347562625
77,Host,Dataset,Iterator::Root,2,73.442,36.721,26.79,13.395,0.0,0.0,0.0005780133932111194,0.9976963609558361
78,Host,Dataset,Iterator::Root::ParallelMapV2::Zip[0]::FlatMap[1]::Concatenate,2,44.08,22.04,23.83,11.915,0.0,0.0,0.0005141492780970876,0.9982105102339333
79,Host,WriteSummary,WriteSummary,1,21.08,21.08,21.08,21.08,0.0,0.0,0.00045481606304182147,0.9986653262969751
80,Host,Dataset,Iterator::Root::ParallelMapV2::Zip[0]::FlatMap[1]::Concatenate[0]::TensorSlice,2,20.25,10.125,20.25,10.125,0.0,0.0,0.0004369082199524139,0.9991022345169276
81,Host,_HostSend,categorical_crossentropy/softmax_cross_entropy_with_logits/Shape_2/_9,2,13.9,6.95,13.9,6.95,0.0,0.0,0.00029990243246116313,0.9994021369493887
82,Host,Dataset,Iterator::Root::ParallelMapV2::Zip,2,110.6,55.3,9.2,4.6,0.0,0.0,0.00019849657400307198,0.9996006335233918
83,Host,ReadVariableOp,ReadVariableOp,1,7.27,7.27,7.27,7.27,0.0,0.0,0.00015685544489155796,0.9997574889682833
84,Host,Dataset,Iterator::Root::ParallelMapV2::Zip[0]::FlatMap,2,48.29,24.145,4.21,2.105,0.0,0.0,9.083375832097099e-05,0.9998483227266043
85,Host,Dataset,Iterator::Root::ParallelMapV2::Zip[1]::ForeverRepeat::FromTensor,4,4.18,1.045,4.18,1.045,0.0,0.0,9.018648688400445e-05,0.9999385092134883
86,Host,Identity,Identity,2,2.85,1.425,2.85,1.425,0.0,0.0,6.149078651182122e-05,1.0
