Rank,Host/device,Type,Operation,#Occurrences,Total time (us),Avg. time (us),Total self-time (us),Avg. self-time (us),Total self-time on Device (%),Cumulative total-self time on Device (%),Total self-time on Host (%),Cumulative total-self time on Host (%)
1,Device,Conv2DBackpropFilter,gradient_tape/sequential/conv2d_1/Conv2D/Conv2DBackpropFilter,2,19076.108,9538.054,19076.108,9538.054,0.05190115866096008,0.05190115866096008,0.0,0.0
2,Device,Conv2DBackpropFilter,gradient_tape/sequential/conv2d_3/Conv2D/Conv2DBackpropFilter,2,15602.698,7801.349,15602.698,7801.349,0.04245090793347597,0.09435206659443605,0.0,0.0
3,Device,Conv2DBackpropInput,gradient_tape/sequential/conv2d_1/Conv2D/Conv2DBackpropInput,2,13347.848,6673.924,13347.848,6673.924,0.03631604396611608,0.13066811056055214,0.0,0.0
4,Device,_FusedConv2D,sequential/conv2d_1/Relu,2,13210.634,6605.317,13210.634,6605.317,0.035942720142173326,0.16661083070272548,0.0,0.0
5,Device,_FusedConv2D,sequential/conv2d_3/Relu,2,9836.551,4918.2755,9836.551,4918.2755,0.026762712505487257,0.19337354320821273,0.0,0.0
6,Device,Conv2DBackpropInput,gradient_tape/sequential/conv2d_3/Conv2D/Conv2DBackpropInput,2,9834.504,4917.252,9834.504,4917.252,0.026757143147640314,0.22013068635585303,0.0,0.0
7,Device,Conv2DBackpropFilter,gradient_tape/sequential/conv2d_2/Conv2D/Conv2DBackpropFilter,2,9227.27,4613.635,9227.27,4613.635,0.025105016404683655,0.2452357027605367,0.0,0.0
8,Device,MaxPoolGrad,gradient_tape/sequential/max_pooling2d/MaxPool/MaxPoolGrad,2,9103.366,4551.683,9103.366,4551.683,0.02476790565008279,0.2700036084106195,0.0,0.0
9,Device,_FusedConv2D,sequential/conv2d_6/Relu,2,8010.758,4005.379,8010.758,4005.379,0.02179520172314789,0.2917988101337674,0.0,0.0
10,Device,_FusedConv2D,sequential/conv2d_7/Relu,2,8005.636,4002.818,8005.636,4002.818,0.021781266085193783,0.31358007621896117,0.0,0.0
11,Device,_FusedConv2D,sequential/conv2d_5/Relu,2,7984.133,3992.0665,7984.133,3992.0665,0.02172276198075662,0.3353028381997178,0.0,0.0
12,Device,Conv2DBackpropInput,gradient_tape/sequential/conv2d_7/Conv2D/Conv2DBackpropInput,2,7977.99,3988.995,7977.99,3988.995,0.021706048465732784,0.35700888666545055,0.0,0.0
13,Device,Conv2DBackpropInput,gradient_tape/sequential/conv2d_6/Conv2D/Conv2DBackpropInput,2,7971.846,3985.923,7971.846,3985.923,0.02168933222996745,0.378698218895418,0.0,0.0
14,Device,Conv2DBackpropInput,gradient_tape/sequential/conv2d_5/Conv2D/Conv2DBackpropInput,2,7934.981,3967.4905,7934.981,3967.4905,0.02158903209463396,0.40028725099005197,0.0,0.0
15,Device,Conv2DBackpropFilter,gradient_tape/sequential/conv2d_5/Conv2D/Conv2DBackpropFilter,2,7868.422,3934.211,7868.422,3934.211,0.021407942261251027,0.421695193251303,0.0,0.0
16,Device,Conv2DBackpropFilter,gradient_tape/sequential/conv2d_7/Conv2D/Conv2DBackpropFilter,2,7858.182,3929.091,7858.182,3929.091,0.021380081868308805,0.4430752751196118,0.0,0.0
17,Device,Conv2DBackpropFilter,gradient_tape/sequential/conv2d_6/Conv2D/Conv2DBackpropFilter,2,7855.11,3927.555,7855.11,3927.555,0.02137172375042614,0.46444699887003793,0.0,0.0
18,Device,ReluGrad,gradient_tape/sequential/conv2d_1/ReluGrad,2,7206.918,3603.459,7206.918,3603.459,0.0196081608771836,0.4840551597472215,0.0,0.0
19,Device,ReluGrad,gradient_tape/sequential/conv2d/ReluGrad,2,7166.98,3583.49,7166.98,3583.49,0.019499499903225942,0.5035546596504474,0.0,0.0
20,Device,IDLE,IDLE,0,6837.028,0.0,6837.028,0.0,0.01860178580439084,0.5221564454548383,0.0,0.0
21,Device,Conv2DBackpropFilter,gradient_tape/sequential/conv2d_11/Conv2D/Conv2DBackpropFilter,2,6575.109,3287.5545,6575.109,3287.5545,0.017889171911907115,0.5400456173667454,0.0,0.0
22,Device,Conv2DBackpropFilter,gradient_tape/sequential/conv2d_10/Conv2D/Conv2DBackpropFilter,2,6479.876,3239.938,6479.876,3239.938,0.017630067536802966,0.5576756849035484,0.0,0.0
23,Device,Conv2DBackpropFilter,gradient_tape/sequential/conv2d_9/Conv2D/Conv2DBackpropFilter,2,6478.852,3239.426,6478.852,3239.426,0.017627281497508744,0.575302966401057,0.0,0.0
24,Device,_FusedConv2D,sequential/conv2d_11/Relu,2,6071.3,3035.65,6071.3,3035.65,0.01651843785840838,0.5918214042594654,0.0,0.0
25,Device,_FusedConv2D,sequential/conv2d_10/Relu,2,6070.276,3035.138,6070.276,3035.138,0.016515651819114154,0.6083370560785796,0.0,0.0
26,Device,_FusedConv2D,sequential/conv2d_9/Relu,2,6069.252,3034.626,6069.252,3034.626,0.016512865779819936,0.6248499218583995,0.0,0.0
27,Device,Conv2DBackpropInput,gradient_tape/sequential/conv2d_11/Conv2D/Conv2DBackpropInput,2,5979.14,2989.57,5979.14,2989.57,0.016267694321928396,0.6411176161803279,0.0,0.0
28,Device,Conv2DBackpropFilter,gradient_tape/sequential/conv2d/Conv2D/Conv2DBackpropFilter,2,5963.78,2981.89,5963.78,2981.89,0.016225903732515066,0.657343519912843,0.0,0.0
29,Device,Conv2DBackpropInput,gradient_tape/sequential/conv2d_10/Conv2D/Conv2DBackpropInput,2,5913.604,2956.802,5913.604,2956.802,0.016089387807098187,0.6734329077199412,0.0,0.0
30,Device,Conv2DBackpropInput,gradient_tape/sequential/conv2d_9/Conv2D/Conv2DBackpropInput,2,5911.555,2955.7775,5911.555,2955.7775,0.016083813007768243,0.6895167207277095,0.0,0.0
31,Device,_FusedConv2D,sequential/conv2d_2/Relu,2,5769.219,2884.6095,5769.219,2884.6095,0.01569655354587138,0.7052132742735809,0.0,0.0
32,Device,Conv2DBackpropInput,gradient_tape/sequential/conv2d_2/Conv2D/Conv2DBackpropInput,2,5547.012,2773.506,5547.012,2773.506,0.0150919857397667,0.7203052600133476,0.0,0.0
33,Device,Conv2DBackpropFilter,gradient_tape/sequential/conv2d_4/Conv2D/Conv2DBackpropFilter,2,5044.226,2522.113,5044.226,2522.113,0.01372403500482069,0.7340292950181683,0.0,0.0
34,Device,_FusedConv2D,sequential/conv2d_4/Relu,2,4832.259,2416.1295,4832.259,2416.1295,0.01314732759165823,0.7471766226098265,0.0,0.0
35,Device,Conv2DBackpropInput,gradient_tape/sequential/conv2d_4/Conv2D/Conv2DBackpropInput,2,4668.42,2334.21,4668.42,2334.21,0.012701564025324205,0.7598781866351507,0.0,0.0
36,Device,_Send,IteratorGetNext/_1,2,4395.682,2197.841,4395.682,2197.841,0.011959514430570759,0.7718377010657215,0.0,0.0
37,Device,_FusedConv2D,sequential/conv2d_8/Relu,2,3718.146,1859.073,3718.146,1859.073,0.01011611411880317,0.7819538151845247,0.0,0.0
38,Device,Conv2DBackpropFilter,gradient_tape/sequential/conv2d_8/Conv2D/Conv2DBackpropFilter,2,3606.53,1803.265,3606.53,1803.265,0.009812435835732969,0.7917662510202577,0.0,0.0
39,Device,ReluGrad,gradient_tape/sequential/conv2d_2/ReluGrad,2,3559.426,1779.713,3559.426,1779.713,0.009684278028198755,0.8014505290484564,0.0,0.0
40,Device,ReluGrad,gradient_tape/sequential/conv2d_3/ReluGrad,2,3559.426,1779.713,3559.426,1779.713,0.009684278028198755,0.8111348070766551,0.0,0.0
41,Device,Conv2DBackpropInput,gradient_tape/sequential/conv2d_8/Conv2D/Conv2DBackpropInput,2,3511.298,1755.649,3511.298,1755.649,0.009553334181370318,0.8206881412580254,0.0,0.0
42,Device,MaxPool,sequential/max_pooling2d/MaxPool,2,2693.121,1346.5605,2693.121,1346.5605,0.007327286064545423,0.8280154273225708,0.0,0.0
43,Device,_FusedConv2D,sequential/conv2d/Relu,2,2606.082,1303.041,2606.082,1303.041,0.007090475445278049,0.8351059027678489,0.0,0.0
44,Device,MaxPoolGrad,gradient_tape/sequential/max_pooling2d_1/MaxPool/MaxPoolGrad,2,2561.026,1280.513,2561.026,1280.513,0.00696788971633228,0.8420737924841812,0.0,0.0
45,Device,Conv2DBackpropFilter,gradient_tape/sequential/conv2d_14/Conv2D/Conv2DBackpropFilter,2,2219.008,1109.504,2219.008,1109.504,0.0060373471505791275,0.8481111396347604,0.0,0.0
46,Device,Conv2DBackpropFilter,gradient_tape/sequential/conv2d_12/Conv2D/Conv2DBackpropFilter,2,2211.84,1105.92,2211.84,1105.92,0.006017844875519574,0.85412898451028,0.0,0.0
47,Device,Conv2DBackpropFilter,gradient_tape/sequential/conv2d_13/Conv2D/Conv2DBackpropFilter,2,2205.698,1102.849,2205.698,1102.849,0.006001134081237237,0.8601301185915172,0.0,0.0
48,Device,Conv2DBackpropFilter,gradient_tape/sequential/conv2d_15/Conv2D/Conv2DBackpropFilter,2,2204.674,1102.337,2204.674,1102.337,0.005998348041943016,0.8661284666334602,0.0,0.0
49,Device,BiasAddGrad,gradient_tape/sequential/conv2d/BiasAdd/BiasAddGrad,2,2094.082,1047.041,2094.082,1047.041,0.0056974557981670365,0.8718259224316273,0.0,0.0
50,Device,BiasAddGrad,gradient_tape/sequential/conv2d_1/BiasAdd/BiasAddGrad,2,2094.082,1047.041,2094.082,1047.041,0.0056974557981670365,0.8775233782297943,0.0,0.0
51,Device,_FusedConv2D,sequential/conv2d_14/Relu,2,1880.066,940.033,1880.066,940.033,0.005115173585674634,0.8826385518154689,0.0,0.0
52,Device,_FusedConv2D,sequential/conv2d_13/Relu,2,1878.018,939.009,1878.018,939.009,0.00510960150708619,0.8877481533225551,0.0,0.0
53,Device,_FusedConv2D,sequential/conv2d_12/Relu,2,1876.992,938.496,1876.992,938.496,0.005106810026308971,0.892854963348864,0.0,0.0
54,Device,_FusedConv2D,sequential/conv2d_15/Relu,2,1876.992,938.496,1876.992,938.496,0.005106810026308971,0.897961773375173,0.0,0.0
55,Device,Conv2DBackpropInput,gradient_tape/sequential/conv2d_14/Conv2D/Conv2DBackpropInput,2,1835.01,917.505,1835.01,917.505,0.004992587856728865,0.9029543612319019,0.0,0.0
56,Device,Conv2DBackpropInput,gradient_tape/sequential/conv2d_13/Conv2D/Conv2DBackpropInput,2,1835.009,917.5045,1835.009,917.5045,0.004992585135987367,0.9079469463678892,0.0,0.0
57,Device,Conv2DBackpropInput,gradient_tape/sequential/conv2d_15/Conv2D/Conv2DBackpropInput,2,1835.009,917.5045,1835.009,917.5045,0.004992585135987367,0.9129395315038765,0.0,0.0
58,Device,Conv2DBackpropInput,gradient_tape/sequential/conv2d_12/Conv2D/Conv2DBackpropInput,2,1831.938,915.969,1831.938,915.969,0.004984229738846199,0.9179237612427227,0.0,0.0
59,Device,ReluGrad,gradient_tape/sequential/conv2d_6/ReluGrad,2,1785.856,892.928,1785.856,892.928,0.004858852529123211,0.9227826137718459,0.0,0.0
60,Device,ReluGrad,gradient_tape/sequential/conv2d_7/ReluGrad,2,1780.736,890.368,1780.736,890.368,0.004844922332652101,0.927627536104498,0.0,0.0
61,Device,ReluGrad,gradient_tape/sequential/conv2d_4/ReluGrad,2,1761.281,880.6405,1761.281,880.6405,0.004791990306803381,0.9324195264113013,0.0,0.0
62,Device,ReluGrad,gradient_tape/sequential/conv2d_5/ReluGrad,2,1758.208,879.104,1758.208,879.104,0.004783629468179217,0.9372031558794806,0.0,0.0
63,Device,ResourceApplyGradientDescent,SGD/SGD/update_32/ResourceApplyGradientDescent,2,1695.746,847.873,1695.746,847.873,0.00461368651271467,0.9418168423921952,0.0,0.0
64,Device,MaxPool,sequential/max_pooling2d_1/MaxPool,2,1323.009,661.5045,1323.009,661.5045,0.003599565488876354,0.9454164078810715,0.0,0.0
65,Device,MaxPoolGrad,gradient_tape/sequential/max_pooling2d_2/MaxPool/MaxPoolGrad,2,1276.93,638.465,1276.93,638.465,0.0034741964413778615,0.9488906043224493,0.0,0.0
66,Device,BiasAddGrad,gradient_tape/sequential/conv2d_3/BiasAdd/BiasAddGrad,2,1070.08,535.04,1070.08,535.04,0.0029114110624620156,0.9518020153849114,0.0,0.0
67,Device,BiasAddGrad,gradient_tape/sequential/conv2d_2/BiasAdd/BiasAddGrad,2,1060.864,530.432,1060.864,530.432,0.0028863367088140177,0.9546883520937254,0.0,0.0
68,Device,ReluGrad,gradient_tape/sequential/conv2d_9/ReluGrad,2,873.473,436.7365,873.473,436.7365,0.0023764942387128852,0.9570648463324383,0.0,0.0
69,Device,ReluGrad,gradient_tape/sequential/conv2d_10/ReluGrad,2,873.472,436.736,873.472,436.736,0.0023764915179713872,0.9594413378504096,0.0,0.0
70,Device,ReluGrad,gradient_tape/sequential/conv2d_11/ReluGrad,2,871.425,435.7125,871.425,435.7125,0.002370922160124441,0.9618122600105341,0.0,0.0
71,Device,MatMul,gradient_tape/sequential/dense/MatMul/MatMul_1,2,870.4,435.2,870.4,435.2,0.002368133400088721,0.9641803934106228,0.0,0.0
72,Device,ReluGrad,gradient_tape/sequential/conv2d_8/ReluGrad,2,863.232,431.616,863.232,431.616,0.0023486311250291666,0.9665290245356519,0.0,0.0
73,Device,ResourceApplyGradientDescent,SGD/SGD/update_34/ResourceApplyGradientDescent,2,855.04,427.52,855.04,427.52,0.0023263428106753904,0.9688553673463273,0.0,0.0
74,Device,MatMul,sequential/dense/MatMul,2,688.129,344.0645,688.129,344.0645,0.001872221126458699,0.970727588472786,0.0,0.0
75,Device,MatMul,gradient_tape/sequential/dense/MatMul/MatMul,2,685.056,342.528,685.056,342.528,0.0018638602878345346,0.9725914487606205,0.0,0.0
76,Device,MaxPool,sequential/max_pooling2d_2/MaxPool,2,683.01,341.505,683.01,341.505,0.001858293650729087,0.9744497424113496,0.0,0.0
77,Device,MaxPoolGrad,gradient_tape/sequential/max_pooling2d_3/MaxPool/MaxPoolGrad,2,650.24,325.12,650.24,325.12,0.0017691349518309857,0.9762188773631806,0.0,0.0
78,Device,BiasAddGrad,gradient_tape/sequential/conv2d_6/BiasAdd/BiasAddGrad,2,545.792,272.896,545.792,272.896,0.0014849589438203394,0.977703836307001,0.0,0.0
79,Device,BiasAddGrad,gradient_tape/sequential/conv2d_4/BiasAdd/BiasAddGrad,2,544.768,272.384,544.768,272.384,0.0014821729045261173,0.9791860092115271,0.0,0.0
80,Device,BiasAddGrad,gradient_tape/sequential/conv2d_5/BiasAdd/BiasAddGrad,2,544.768,272.384,544.768,272.384,0.0014821729045261173,0.9806681821160532,0.0,0.0
81,Device,BiasAddGrad,gradient_tape/sequential/conv2d_7/BiasAdd/BiasAddGrad,2,543.744,271.872,543.744,271.872,0.0014793868652318953,0.9821475689812851,0.0,0.0
82,Device,MatMul,gradient_tape/sequential/dense_1/MatMul/MatMul_1,2,430.081,215.0405,430.081,215.0405,0.0011701392243147488,0.9833177082055998,0.0,0.0
83,Device,MatMul,gradient_tape/sequential/dense_1/MatMul/MatMul,2,419.841,209.9205,419.841,209.9205,0.0011422788313725284,0.9844599870369724,0.0,0.0
84,Device,MaxPoolGrad,gradient_tape/sequential/max_pooling2d_4/MaxPool/MaxPoolGrad,2,388.096,194.048,388.096,194.048,0.0010559088925101473,0.9855158959294825,0.0,0.0
85,Device,MaxPool,sequential/max_pooling2d_3/MaxPool,2,368.64,184.32,368.64,184.32,0.001002974145919929,0.9865188700754024,0.0,0.0
86,Device,MatMul,sequential/dense_1/MatMul,2,353.28,176.64,353.28,176.64,0.0009611835565065985,0.987480053631909,0.0,0.0
87,Device,BiasAddGrad,gradient_tape/sequential/conv2d_8/BiasAdd/BiasAddGrad,2,303.104,151.552,303.104,151.552,0.0008246676310897193,0.9883047212629987,0.0,0.0
88,Device,BiasAddGrad,gradient_tape/sequential/conv2d_9/BiasAdd/BiasAddGrad,2,291.841,145.9205,291.841,145.9205,0.0007940239195947754,0.9890987451825936,0.0,0.0
89,Device,BiasAddGrad,gradient_tape/sequential/conv2d_10/BiasAdd/BiasAddGrad,2,291.84,145.92,291.84,145.92,0.000794021198853277,0.9898927663814469,0.0,0.0
90,Device,BiasAddGrad,gradient_tape/sequential/conv2d_11/BiasAdd/BiasAddGrad,2,291.84,145.92,291.84,145.92,0.000794021198853277,0.9906867875803002,0.0,0.0
91,Device,Transpose,gradient_tape/sequential/conv2d/Conv2D/Conv2DBackpropFilter-0-TransposeNHWCToNCHW-LayoutOptimizer,2,241.664,120.832,241.664,120.832,0.0006575052734363978,0.9913442928537366,0.0,0.0
92,Device,ReluGrad,gradient_tape/sequential/conv2d_14/ReluGrad,2,216.064,108.032,216.064,108.032,0.0005878542910808472,0.9919321471448175,0.0,0.0
93,Device,ReluGrad,gradient_tape/sequential/conv2d_12/ReluGrad,2,215.041,107.5205,215.041,107.5205,0.0005850709725281235,0.9925172181173456,0.0,0.0
94,Device,ReluGrad,gradient_tape/sequential/conv2d_13/ReluGrad,2,214.016,107.008,214.016,107.008,0.0005822822124924032,0.9930995003298381,0.0,0.0
95,Device,ReluGrad,gradient_tape/sequential/conv2d_15/ReluGrad,2,212.992,106.496,212.992,106.496,0.0005794961731981811,0.9936789965030363,0.0,0.0
96,Device,SoftmaxCrossEntropyWithLogits,categorical_crossentropy/softmax_cross_entropy_with_logits,2,135.168,67.584,135.168,67.584,0.0003677571868373073,0.9940467536898736,0.0,0.0
97,Device,ResourceApplyGradientDescent,SGD/SGD/update_18/ResourceApplyGradientDescent,2,128.001,64.0005,128.001,64.0005,0.00034825763251925137,0.9943950113223928,0.0,0.0
98,Device,ResourceApplyGradientDescent,SGD/SGD/update_22/ResourceApplyGradientDescent,2,128.0,64.0,128.0,64.0,0.0003482549117777531,0.9947432662341705,0.0,0.0
99,Device,ResourceApplyGradientDescent,SGD/SGD/update_20/ResourceApplyGradientDescent,2,125.952,62.976,125.952,62.976,0.000342682833189309,0.9950859490673598,0.0,0.0
100,Device,ResourceApplyGradientDescent,SGD/SGD/update_24/ResourceApplyGradientDescent,2,123.904,61.952,123.904,61.952,0.000337110754600865,0.9954230598219607,0.0,0.0
101,Device,ResourceApplyGradientDescent,SGD/SGD/update_26/ResourceApplyGradientDescent,2,123.904,61.952,123.904,61.952,0.000337110754600865,0.9957601705765615,0.0,0.0
102,Device,ResourceApplyGradientDescent,SGD/SGD/update_30/ResourceApplyGradientDescent,2,122.88,61.44,122.88,61.44,0.00033432471530664296,0.9960944952918681,0.0,0.0
103,Device,ResourceApplyGradientDescent,SGD/SGD/update_28/ResourceApplyGradientDescent,2,121.856,60.928,121.856,60.928,0.00033153867601242094,0.9964260339678805,0.0,0.0
104,Device,MaxPool,sequential/max_pooling2d_4/MaxPool,2,96.256,48.128,96.256,48.128,0.0002618876936568703,0.9966879216615374,0.0,0.0
105,Device,BiasAddGrad,gradient_tape/sequential/conv2d_12/BiasAdd/BiasAddGrad,2,83.968,41.984,83.968,41.984,0.00022845522212620604,0.9969163768836636,0.0,0.0
106,Device,BiasAddGrad,gradient_tape/sequential/conv2d_13/BiasAdd/BiasAddGrad,2,82.944,41.472,82.944,41.472,0.00022566918283198402,0.9971420460664956,0.0,0.0
107,Device,BiasAddGrad,gradient_tape/sequential/conv2d_15/BiasAdd/BiasAddGrad,2,81.92,40.96,81.92,40.96,0.000222883143537762,0.9973649292100334,0.0,0.0
108,Device,BiasAddGrad,gradient_tape/sequential/conv2d_14/BiasAdd/BiasAddGrad,2,80.896,40.448,80.896,40.448,0.00022009710424353995,0.9975850263142769,0.0,0.0
109,Device,ResourceApplyGradientDescent,SGD/SGD/update_16/ResourceApplyGradientDescent,2,67.584,33.792,67.584,33.792,0.00018387859341865366,0.9977689049076955,0.0,0.0
110,Device,Transpose,gradient_tape/sequential/max_pooling2d_4/MaxPool/MaxPoolGrad-2-TransposeNHWCToNCHW-LayoutOptimizer,2,41.984,20.992,41.984,20.992,0.00011422761106310302,0.9978831325187586,0.0,0.0
111,Device,MatMul,sequential/dense_2/MatMul,2,34.816,17.408,34.816,17.408,9.472533600354885e-05,0.9979778578547621,0.0,0.0
112,Device,ResourceApplyGradientDescent,SGD/SGD/update_12/ResourceApplyGradientDescent,2,33.792,16.896,33.792,16.896,9.193929670932683e-05,0.9980697971514715,0.0,0.0
113,Device,ResourceApplyGradientDescent,SGD/SGD/update_14/ResourceApplyGradientDescent,2,33.792,16.896,33.792,16.896,9.193929670932683e-05,0.9981617364481808,0.0,0.0
114,Device,ResourceApplyGradientDescent,SGD/SGD/update_10/ResourceApplyGradientDescent,2,32.768,16.384,32.768,16.384,8.91532574151048e-05,0.998250889705596,0.0,0.0
115,Device,Transpose,sequential/max_pooling2d_4/MaxPool-0-2-TransposeNCHWToNHWC-LayoutOptimizer,2,31.744,15.872,31.744,15.872,8.636721812088277e-05,0.9983372569237168,0.0,0.0
116,Device,ReluGrad,gradient_tape/sequential/dense/ReluGrad,2,30.72,15.36,30.72,15.36,8.358117882666074e-05,0.9984208381025435,0.0,0.0
117,Device,ArgMax,ArgMax,2,26.624,13.312,26.624,13.312,7.243702164977264e-05,0.9984932751241932,0.0,0.0
118,Device,MatMul,gradient_tape/sequential/dense_2/MatMul/MatMul,2,25.6,12.8,25.6,12.8,6.965098235555062e-05,0.9985629261065487,0.0,0.0
119,Device,MatMul,gradient_tape/sequential/dense_2/MatMul/MatMul_1,2,24.576,12.288,24.576,12.288,6.68649430613286e-05,0.99862979104961,0.0,0.0
120,Device,ResourceApplyGradientDescent,SGD/SGD/update_8/ResourceApplyGradientDescent,2,22.528,11.264,22.528,11.264,6.129286447288455e-05,0.9986910839140829,0.0,0.0
121,Device,ReluGrad,gradient_tape/sequential/dense_1/ReluGrad,2,22.528,11.264,22.528,11.264,6.129286447288455e-05,0.9987523767785558,0.0,0.0
122,Device,Softmax,sequential/dense_2/Softmax,2,21.504,10.752,21.504,10.752,5.850682517866253e-05,0.9988108836037345,0.0,0.0
123,Device,ArgMax,ArgMax_1,2,20.48,10.24,20.48,10.24,5.57207858844405e-05,0.9988666043896189,0.0,0.0
124,Device,BiasAddGrad,gradient_tape/sequential/dense/BiasAdd/BiasAddGrad,2,18.432,9.216,18.432,9.216,5.0148707295996445e-05,0.998916753096915,0.0,0.0
125,Device,BiasAddGrad,gradient_tape/sequential/dense_1/BiasAdd/BiasAddGrad,2,18.432,9.216,18.432,9.216,5.0148707295996445e-05,0.998966901804211,0.0,0.0
126,Device,ResourceApplyGradientDescent,SGD/SGD/update_6/ResourceApplyGradientDescent,2,14.336,7.168,14.336,7.168,3.900455011910835e-05,0.9990059063543301,0.0,0.0
127,Device,ResourceApplyGradientDescent,SGD/SGD/update_36/ResourceApplyGradientDescent,2,12.288,6.144,12.288,6.144,3.34324715306643e-05,0.9990393388258607,0.0,0.0
128,Device,ResourceApplyGradientDescent,SGD/SGD/update_4/ResourceApplyGradientDescent,2,12.288,6.144,12.288,6.144,3.34324715306643e-05,0.9990727712973914,0.0,0.0
129,Device,BiasAdd,sequential/dense/BiasAdd,2,11.264,5.632,11.264,5.632,3.0646432236442274e-05,0.9991034177296279,0.0,0.0
130,Device,Relu,sequential/dense/Relu,2,11.264,5.632,11.264,5.632,3.0646432236442274e-05,0.9991340641618643,0.0,0.0
131,Device,BiasAdd,sequential/dense_1/BiasAdd,2,10.24,5.12,10.24,5.12,2.786039294222025e-05,0.9991619245548066,0.0,0.0
132,Device,_Send,IteratorGetNext/_3,2,9.216,4.608,9.216,4.608,2.5074353647998223e-05,0.9991869989084545,0.0,0.0
133,Device,ResourceApplyGradientDescent,SGD/SGD/update_2/ResourceApplyGradientDescent,2,9.216,4.608,9.216,4.608,2.5074353647998223e-05,0.9992120732621025,0.0,0.0
134,Device,Relu,sequential/dense_1/Relu,2,9.216,4.608,9.216,4.608,2.5074353647998223e-05,0.9992371476157504,0.0,0.0
135,Device,ResourceApplyGradientDescent,SGD/SGD/update_33/ResourceApplyGradientDescent,2,8.192,4.096,8.192,4.096,2.22883143537762e-05,0.9992594359301042,0.0,0.0
136,Device,BiasAddGrad,gradient_tape/sequential/dense_2/BiasAdd/BiasAddGrad,2,8.192,4.096,8.192,4.096,2.22883143537762e-05,0.999281724244458,0.0,0.0
137,Device,ResourceApplyGradientDescent,SGD/SGD/update_21/ResourceApplyGradientDescent,2,7.168,3.584,7.168,3.584,1.9502275059554175e-05,0.9993012265195176,0.0,0.0
138,Device,ResourceApplyGradientDescent,SGD/SGD/update_23/ResourceApplyGradientDescent,2,7.168,3.584,7.168,3.584,1.9502275059554175e-05,0.9993207287945771,0.0,0.0
139,Device,ResourceApplyGradientDescent,SGD/SGD/update_25/ResourceApplyGradientDescent,2,7.168,3.584,7.168,3.584,1.9502275059554175e-05,0.9993402310696367,0.0,0.0
140,Device,ResourceApplyGradientDescent,SGD/SGD/update_31/ResourceApplyGradientDescent,2,7.168,3.584,7.168,3.584,1.9502275059554175e-05,0.9993597333446962,0.0,0.0
141,Device,ResourceApplyGradientDescent,SGD/SGD/update_35/ResourceApplyGradientDescent,2,7.168,3.584,7.168,3.584,1.9502275059554175e-05,0.9993792356197557,0.0,0.0
142,Device,ResourceApplyGradientDescent,SGD/SGD/update_9/ResourceApplyGradientDescent,2,7.168,3.584,7.168,3.584,1.9502275059554175e-05,0.9993987378948153,0.0,0.0
143,Device,Sum,Sum_2,2,7.168,3.584,7.168,3.584,1.9502275059554175e-05,0.9994182401698748,0.0,0.0
144,Device,_Recv,categorical_crossentropy/weighted_loss/num_elements/_14,2,6.4,3.2,6.4,3.2,1.7412745588887656e-05,0.9994356529154637,0.0,0.0
145,Device,AssignAddVariableOp,AssignAddVariableOp,2,6.144,3.072,6.144,3.072,1.671623576533215e-05,0.999452369151229,0.0,0.0
146,Device,AssignAddVariableOp,AssignAddVariableOp_1,2,6.144,3.072,6.144,3.072,1.671623576533215e-05,0.9994690853869944,0.0,0.0
147,Device,AssignAddVariableOp,AssignAddVariableOp_3,2,6.144,3.072,6.144,3.072,1.671623576533215e-05,0.9994858016227598,0.0,0.0
148,Device,AssignAddVariableOp,AssignAddVariableOp_4,2,6.144,3.072,6.144,3.072,1.671623576533215e-05,0.9995025178585252,0.0,0.0
149,Device,Cast,Cast,2,6.144,3.072,6.144,3.072,1.671623576533215e-05,0.9995192340942906,0.0,0.0
150,Device,Cast,Cast_2,2,6.144,3.072,6.144,3.072,1.671623576533215e-05,0.9995359503300559,0.0,0.0
151,Device,Equal,Equal,2,6.144,3.072,6.144,3.072,1.671623576533215e-05,0.9995526665658213,0.0,0.0
152,Device,Mul,Mul,2,6.144,3.072,6.144,3.072,1.671623576533215e-05,0.9995693828015867,0.0,0.0
153,Device,AssignAddVariableOp,SGD/SGD/AssignAddVariableOp,2,6.144,3.072,6.144,3.072,1.671623576533215e-05,0.9995860990373521,0.0,0.0
154,Device,ResourceApplyGradientDescent,SGD/SGD/update/ResourceApplyGradientDescent,2,6.144,3.072,6.144,3.072,1.671623576533215e-05,0.9996028152731175,0.0,0.0
155,Device,ResourceApplyGradientDescent,SGD/SGD/update_1/ResourceApplyGradientDescent,2,6.144,3.072,6.144,3.072,1.671623576533215e-05,0.9996195315088828,0.0,0.0
156,Device,ResourceApplyGradientDescent,SGD/SGD/update_11/ResourceApplyGradientDescent,2,6.144,3.072,6.144,3.072,1.671623576533215e-05,0.9996362477446482,0.0,0.0
157,Device,ResourceApplyGradientDescent,SGD/SGD/update_13/ResourceApplyGradientDescent,2,6.144,3.072,6.144,3.072,1.671623576533215e-05,0.9996529639804136,0.0,0.0
158,Device,ResourceApplyGradientDescent,SGD/SGD/update_15/ResourceApplyGradientDescent,2,6.144,3.072,6.144,3.072,1.671623576533215e-05,0.999669680216179,0.0,0.0
159,Device,ResourceApplyGradientDescent,SGD/SGD/update_17/ResourceApplyGradientDescent,2,6.144,3.072,6.144,3.072,1.671623576533215e-05,0.9996863964519443,0.0,0.0
160,Device,ResourceApplyGradientDescent,SGD/SGD/update_19/ResourceApplyGradientDescent,2,6.144,3.072,6.144,3.072,1.671623576533215e-05,0.9997031126877097,0.0,0.0
161,Device,ResourceApplyGradientDescent,SGD/SGD/update_27/ResourceApplyGradientDescent,2,6.144,3.072,6.144,3.072,1.671623576533215e-05,0.9997198289234751,0.0,0.0
162,Device,ResourceApplyGradientDescent,SGD/SGD/update_29/ResourceApplyGradientDescent,2,6.144,3.072,6.144,3.072,1.671623576533215e-05,0.9997365451592405,0.0,0.0
163,Device,ResourceApplyGradientDescent,SGD/SGD/update_3/ResourceApplyGradientDescent,2,6.144,3.072,6.144,3.072,1.671623576533215e-05,0.9997532613950059,0.0,0.0
164,Device,ResourceApplyGradientDescent,SGD/SGD/update_37/ResourceApplyGradientDescent,2,6.144,3.072,6.144,3.072,1.671623576533215e-05,0.9997699776307712,0.0,0.0
165,Device,ResourceApplyGradientDescent,SGD/SGD/update_5/ResourceApplyGradientDescent,2,6.144,3.072,6.144,3.072,1.671623576533215e-05,0.9997866938665366,0.0,0.0
166,Device,ResourceApplyGradientDescent,SGD/SGD/update_7/ResourceApplyGradientDescent,2,6.144,3.072,6.144,3.072,1.671623576533215e-05,0.999803410102302,0.0,0.0
167,Device,DivNoNan,categorical_crossentropy/weighted_loss/value,2,6.144,3.072,6.144,3.072,1.671623576533215e-05,0.9998201263380674,0.0,0.0
168,Device,DivNoNan,div_no_nan_1,2,6.144,3.072,6.144,3.072,1.671623576533215e-05,0.9998368425738328,0.0,0.0
169,Device,Mul,gradient_tape/categorical_crossentropy/softmax_cross_entropy_with_logits/mul,2,6.144,3.072,6.144,3.072,1.671623576533215e-05,0.9998535588095981,0.0,0.0
170,Device,Tile,gradient_tape/categorical_crossentropy/weighted_loss/Tile_1,2,6.144,3.072,6.144,3.072,1.671623576533215e-05,0.9998702750453635,0.0,0.0
171,Device,DivNoNan,gradient_tape/categorical_crossentropy/weighted_loss/value/div_no_nan,2,6.144,3.072,6.144,3.072,1.671623576533215e-05,0.9998869912811289,0.0,0.0
172,Device,BiasAdd,sequential/dense_2/BiasAdd,2,6.144,3.072,6.144,3.072,1.671623576533215e-05,0.9999037075168943,0.0,0.0
173,Device,AssignAddVariableOp,AssignAddVariableOp_2,2,5.12,2.56,5.12,2.56,1.3930196471110125e-05,0.9999176377133654,0.0,0.0
174,Device,Cast,Cast_1,2,5.12,2.56,5.12,2.56,1.3930196471110125e-05,0.9999315679098365,0.0,0.0
175,Device,Sum,categorical_crossentropy/weighted_loss/Sum,2,5.12,2.56,5.12,2.56,1.3930196471110125e-05,0.9999454981063076,0.0,0.0
176,Device,Cast,categorical_crossentropy/weighted_loss/num_elements/Cast,2,5.12,2.56,5.12,2.56,1.3930196471110125e-05,0.9999594283027787,0.0,0.0
177,Device,DivNoNan,div_no_nan,2,5.12,2.56,5.12,2.56,1.3930196471110125e-05,0.9999733584992498,0.0,0.0
178,Device,LogicalAnd,LogicalAnd,1,4.096,4.096,4.096,4.096,1.11441571768881e-05,0.9999845026564267,0.0,0.0
179,Device,_Recv,Size/_16,2,3.648,1.824,3.648,1.824,9.925264985665964e-06,0.9999944279214124,0.0,0.0
180,Device,_Recv,strided_slice/_12,2,2.048,1.024,2.048,1.024,5.57207858844405e-06,1.0000000000000009,0.0,0.0
181,Host,IDLE,IDLE,0,1482546.7,0.0,1482546.7,0.0,0.0,0.0,0.9836551598809671,0.9836551598809671
182,Host,GatherV2,GatherV2,2,10256.267,5128.1335,10256.267,5128.1335,0.0,0.0,0.006804932320625642,0.9904600922015927
183,Host,_Send,IteratorGetNext/_1,2,6393.577,3196.7885,6393.577,3196.7885,0.0,0.0,0.004242075481430888,0.9947021676830236
184,Host,_Send,IteratorGetNext/_3,2,6387.346,3193.673,6387.346,3193.673,0.0,0.0,0.004237941274190591,0.9989401089572142
185,Host,Dataset,Iterator::Root,2,1168.212,584.106,1129.212,564.606,0.0,0.0,0.000749221060219895,0.9996893300174341
186,Host,_Send,IteratorGetNext/_6,2,93.311,46.6555,93.311,46.6555,0.0,0.0,6.191093111849559e-05,0.9997512409485526
187,Host,GatherV2,GatherV2_1,2,78.661,39.3305,78.661,39.3305,0.0,0.0,5.2190800149092613e-05,0.9998034317487017
188,Host,Dataset,Iterator::Root::ParallelMapV2::Zip[1]::ForeverRepeat,2,55.401,27.7005,51.631,25.8155,0.0,0.0,3.4256660892917715e-05,0.9998376884095946
189,Host,Dataset,Iterator::Root::ParallelMapV2,2,39.0,19.5,39.0,19.5,0.0,0.0,2.5876116573837247e-05,0.9998635645261684
190,Host,FlushSummaryWriter,FlushSummaryWriter,1,36.28,36.28,36.28,36.28,0.0,0.0,2.407142331535424e-05,0.9998876359494838
191,Host,IteratorGetNext,IteratorGetNext,2,32.841,16.4205,32.841,16.4205,0.0,0.0,2.1789680625676642e-05,0.9999094256301095
192,Host,LogicalAnd,LogicalAnd,1,31.081,31.081,31.081,31.081,0.0,0.0,2.062193792901117e-05,0.9999300475680386
193,Host,Dataset,Iterator::Root::ParallelMapV2::Zip[0]::FlatMap[1]::Concatenate[0]::TensorSlice,2,21.86,10.93,21.86,10.93,0.0,0.0,1.4503895084720057e-05,0.9999445514631233
194,Host,WriteSummary,WriteSummary,1,21.38,21.38,21.38,21.38,0.0,0.0,1.418541980381129e-05,0.9999587368829271
195,Host,_HostSend,categorical_crossentropy/softmax_cross_entropy_with_logits/Shape_2/_9,2,19.291,9.6455,19.291,9.6455,0.0,0.0,1.27993888416896e-05,0.9999715362717688
196,Host,Dataset,Iterator::Root::ParallelMapV2::Zip[0]::FlatMap[1]::Concatenate,2,34.49,17.245,12.63,6.315,0.0,0.0,8.37988082891191e-06,0.9999799161525977
197,Host,Dataset,Iterator::Root::ParallelMapV2::Zip,2,104.361,52.1805,10.45,5.225,0.0,0.0,6.9334722614512626e-06,0.9999868496248592
198,Host,ReadVariableOp,ReadVariableOp,1,9.18,9.18,9.18,9.18,0.0,0.0,6.090839747380152e-06,0.9999929404646065
199,Host,Dataset,Iterator::Root::ParallelMapV2::Zip[0]::FlatMap,2,38.51,19.255,4.02,2.01,0.0,0.0,2.667230477610916e-06,0.9999956076950841
200,Host,Dataset,Iterator::Root::ParallelMapV2::Zip[1]::ForeverRepeat::FromTensor,4,3.77,0.9425,3.77,0.9425,0.0,0.0,2.501357935470934e-06,0.9999981090530196
201,Host,Identity,Identity,2,2.85,1.425,2.85,1.425,0.0,0.0,1.890946980395799e-06,1.0
