Rank,Host/device,Type,Operation,#Occurrences,Total time (us),Avg. time (us),Total self-time (us),Avg. self-time (us),Total self-time on Device (%),Cumulative total-self time on Device (%),Total self-time on Host (%),Cumulative total-self time on Host (%)
1,Device,IDLE,IDLE,0,6317.418,0.0,6317.418,0.0,0.47224342496681543,0.47224342496681543,0.0,0.0
2,Device,Conv2DBackpropFilter,gradient_tape/sequential/conv2d_1/Conv2D/Conv2DBackpropFilter,2,534.529,267.2645,534.529,267.2645,0.03995743287907922,0.5122008578458946,0.0,0.0
3,Device,Conv2DBackpropFilter,gradient_tape/sequential/conv2d_3/Conv2D/Conv2DBackpropFilter,2,447.489,223.7445,447.489,223.7445,0.033450966517487885,0.5456518243633826,0.0,0.0
4,Device,Conv2DBackpropFilter,gradient_tape/sequential/conv2d_5/Conv2D/Conv2DBackpropFilter,2,303.105,151.5525,303.105,151.5525,0.022657887023554025,0.5683097113869365,0.0,0.0
5,Device,_FusedConv2D,sequential/conv2d_1/Relu,2,278.528,139.264,278.528,139.264,0.020820692357092278,0.5891304037440288,0.0,0.0
6,Device,Conv2DBackpropInput,gradient_tape/sequential/conv2d_1/Conv2D/Conv2DBackpropInput,2,277.504,138.752,277.504,138.752,0.020744145694014733,0.6098745494380435,0.0,0.0
7,Device,Conv2DBackpropFilter,gradient_tape/sequential/conv2d_4/Conv2D/Conv2DBackpropFilter,2,265.216,132.608,265.216,132.608,0.019825585737084192,0.6297001351751277,0.0,0.0
8,Device,_Send,IteratorGetNext/_1,2,256.161,128.0805,256.161,128.0805,0.019148700938092813,0.6488488361132205,0.0,0.0
9,Device,Conv2DBackpropFilter,gradient_tape/sequential/conv2d_2/Conv2D/Conv2DBackpropFilter,2,251.904,125.952,251.904,125.952,0.018830479117076103,0.6676793152302967,0.0,0.0
10,Device,_FusedConv2D,sequential/conv2d_5/Relu,2,250.88,125.44,250.88,125.44,0.01875393245399856,0.6864332476842953,0.0,0.0
11,Device,Conv2DBackpropInput,gradient_tape/sequential/conv2d_5/Conv2D/Conv2DBackpropInput,2,239.616,119.808,239.616,119.808,0.017911919160145562,0.7043451668444408,0.0,0.0
12,Device,ReluGrad,gradient_tape/sequential/conv2d_1/ReluGrad,2,214.017,107.0085,214.017,107.0085,0.015998327335807597,0.7203434941802485,0.0,0.0
13,Device,Conv2DBackpropFilter,gradient_tape/sequential/conv2d/Conv2D/Conv2DBackpropFilter,2,202.752,101.376,202.752,101.376,0.015156239289353939,0.7354997334696024,0.0,0.0
14,Device,_FusedConv2D,sequential/conv2d_3/Relu,2,202.752,101.376,202.752,101.376,0.015156239289353939,0.7506559727589563,0.0,0.0
15,Device,Conv2DBackpropInput,gradient_tape/sequential/conv2d_3/Conv2D/Conv2DBackpropInput,2,201.728,100.864,201.728,100.864,0.015079692626276392,0.7657356653852327,0.0,0.0
16,Device,ReluGrad,gradient_tape/sequential/conv2d/ReluGrad,2,199.681,99.8405,199.681,99.8405,0.014926674052721965,0.7806623394379547,0.0,0.0
17,Device,_FusedConv2D,sequential/conv2d_4/Relu,4,163.84,40.96,163.84,40.96,0.012247466092407223,0.7929098055303619,0.0,0.0
18,Device,Conv2DBackpropInput,gradient_tape/sequential/conv2d_4/Conv2D/Conv2DBackpropInput,4,156.672,39.168,156.672,39.168,0.011711639450864406,0.8046214449812263,0.0,0.0
19,Device,MaxPoolGrad,gradient_tape/sequential/max_pooling2d/MaxPool/MaxPoolGrad,2,152.576,76.288,152.576,76.288,0.011405452798554224,0.8160268977797805,0.0,0.0
20,Device,_FusedConv2D,sequential/conv2d_2/Relu,2,135.168,67.584,135.168,67.584,0.010104159526235959,0.8261310573060165,0.0,0.0
21,Device,Conv2DBackpropInput,gradient_tape/sequential/conv2d_2/Conv2D/Conv2DBackpropInput,2,125.952,62.976,125.952,62.976,0.009415239558538051,0.8355462968645546,0.0,0.0
22,Device,_FusedConv2D,sequential/conv2d/Relu,2,124.928,62.464,124.928,62.464,0.009338692895460507,0.8448849897600151,0.0,0.0
23,Device,ResourceApplyGradientDescent,SGD/SGD/update_12/ResourceApplyGradientDescent,2,110.592,55.296,110.592,55.296,0.008267039612374875,0.85315202937239,0.0,0.0
24,Device,BiasAddGrad,gradient_tape/sequential/conv2d_1/BiasAdd/BiasAddGrad,2,102.4,51.2,102.4,51.2,0.007654666307754514,0.8608066956801445,0.0,0.0
25,Device,ReluGrad,gradient_tape/sequential/conv2d_3/ReluGrad,2,100.352,50.176,100.352,50.176,0.007501572981599424,0.8683082686617438,0.0,0.0
26,Device,BiasAddGrad,gradient_tape/sequential/conv2d/BiasAdd/BiasAddGrad,2,98.304,49.152,98.304,49.152,0.007348479655444333,0.8756567483171882,0.0,0.0
27,Device,SoftmaxCrossEntropyWithLogits,categorical_crossentropy/softmax_cross_entropy_with_logits,2,96.256,48.128,96.256,48.128,0.007195386329289243,0.8828521346464775,0.0,0.0
28,Device,MaxPoolGrad,gradient_tape/sequential/max_pooling2d_2/MaxPool/MaxPoolGrad,2,95.232,47.616,95.232,47.616,0.007118839666211698,0.8899709743126892,0.0,0.0
29,Device,ReluGrad,gradient_tape/sequential/conv2d_2/ReluGrad,2,94.208,47.104,94.208,47.104,0.0070422930031341525,0.8970132673158234,0.0,0.0
30,Device,MaxPool,sequential/max_pooling2d/MaxPool,2,90.112,45.056,90.112,45.056,0.006736106350823972,0.9037493736666474,0.0,0.0
31,Device,MaxPoolGrad,gradient_tape/sequential/max_pooling2d_1/MaxPool/MaxPoolGrad,2,84.993,42.4965,84.993,42.4965,0.006353447788036907,0.9101028214546844,0.0,0.0
32,Device,MatMul,gradient_tape/sequential/dense/MatMul/MatMul_1,2,80.896,40.448,80.896,40.448,0.006047186383126066,0.9161500078378104,0.0,0.0
33,Device,MatMul,sequential/dense/MatMul,2,78.849,39.4245,78.849,39.4245,0.005894167809571638,0.9220441756473821,0.0,0.0
34,Device,MatMul,gradient_tape/sequential/dense/MatMul/MatMul,2,71.68,35.84,71.68,35.84,0.00535826641542816,0.9274024420628102,0.0,0.0
35,Device,BiasAddGrad,gradient_tape/sequential/conv2d_3/BiasAdd/BiasAddGrad,2,57.344,28.672,57.344,28.672,0.0042866131323425274,0.9316890551951528,0.0,0.0
36,Device,BiasAddGrad,gradient_tape/sequential/conv2d_2/BiasAdd/BiasAddGrad,2,55.296,27.648,55.296,27.648,0.0041335198061874375,0.9358225750013403,0.0,0.0
37,Device,MatMul,gradient_tape/sequential/dense_1/MatMul/MatMul,2,53.248,26.624,53.248,26.624,0.003980426480032347,0.9398030014813726,0.0,0.0
38,Device,MatMul,sequential/dense_1/MatMul,2,53.248,26.624,53.248,26.624,0.003980426480032347,0.943783427961405,0.0,0.0
39,Device,MaxPool,sequential/max_pooling2d_1/MaxPool,2,46.08,23.04,46.08,23.04,0.003444599838489531,0.9472280277998946,0.0,0.0
40,Device,ReluGrad,gradient_tape/sequential/conv2d_4/ReluGrad,2,45.056,22.528,45.056,22.528,0.003368053175411986,0.9505960809753066,0.0,0.0
41,Device,ResourceApplyGradientDescent,SGD/SGD/update_14/ResourceApplyGradientDescent,2,41.984,20.992,41.984,20.992,0.0031384131861793506,0.9537344941614859,0.0,0.0
42,Device,MatMul,gradient_tape/sequential/dense_1/MatMul/MatMul_1,2,39.936,19.968,39.936,19.968,0.0029853198600242603,0.9567198140215102,0.0,0.0
43,Device,ReluGrad,gradient_tape/sequential/conv2d_5/ReluGrad,2,36.864,18.432,36.864,18.432,0.0027556798707916246,0.9594754938923018,0.0,0.0
44,Device,BiasAddGrad,gradient_tape/sequential/conv2d_5/BiasAdd/BiasAddGrad,2,30.72,15.36,30.72,15.36,0.002296399892326354,0.9617718937846281,0.0,0.0
45,Device,Transpose,gradient_tape/sequential/conv2d/Conv2D/Conv2DBackpropFilter-0-TransposeNHWCToNCHW-LayoutOptimizer,2,25.6,12.8,25.6,12.8,0.0019136665769386284,0.9636855603615667,0.0,0.0
46,Device,BiasAddGrad,gradient_tape/sequential/conv2d_4/BiasAdd/BiasAddGrad,2,22.528,11.264,22.528,11.264,0.001684026587705993,0.9653695869492727,0.0,0.0
47,Device,MatMul,sequential/dense_2/MatMul,2,22.528,11.264,22.528,11.264,0.001684026587705993,0.9670536135369786,0.0,0.0
48,Device,MatMul,gradient_tape/sequential/dense_2/MatMul/MatMul_1,2,20.48,10.24,20.48,10.24,0.0015309332615509028,0.9685845467985295,0.0,0.0
49,Device,Softmax,sequential/dense_2/Softmax,2,20.48,10.24,20.48,10.24,0.0015309332615509028,0.9701154800600803,0.0,0.0
50,Device,MaxPool,sequential/max_pooling2d_2/MaxPool,2,17.408,8.704,17.408,8.704,0.0013012932723182674,0.9714167733323986,0.0,0.0
51,Device,Transpose,gradient_tape/sequential/max_pooling2d_2/MaxPool/MaxPoolGrad-2-TransposeNHWCToNCHW-LayoutOptimizer,2,16.385,8.1925,16.385,8.1925,0.001224821361841384,0.97264159469424,0.0,0.0
52,Device,BiasAddGrad,gradient_tape/sequential/dense_2/BiasAdd/BiasAddGrad,2,12.289,6.1445,12.289,6.1445,0.0009186347095312033,0.9735602294037713,0.0,0.0
53,Device,ResourceApplyGradientDescent,SGD/SGD/update_10/ResourceApplyGradientDescent,2,12.288,6.144,12.288,6.144,0.0009185599569305416,0.9744787893607019,0.0,0.0
54,Device,ReluGrad,gradient_tape/sequential/dense/ReluGrad,2,12.288,6.144,12.288,6.144,0.0009185599569305416,0.9753973493176324,0.0,0.0
55,Device,Transpose,sequential/max_pooling2d_2/MaxPool-0-2-TransposeNCHWToNHWC-LayoutOptimizer,2,11.264,5.632,11.264,5.632,0.0008420132938529965,0.9762393626114855,0.0,0.0
56,Device,ResourceApplyGradientDescent,SGD/SGD/update_8/ResourceApplyGradientDescent,2,10.24,5.12,10.24,5.12,0.0007654666307754514,0.977004829242261,0.0,0.0
57,Device,BiasAddGrad,gradient_tape/sequential/dense/BiasAdd/BiasAddGrad,2,10.24,5.12,10.24,5.12,0.0007654666307754514,0.9777702958730364,0.0,0.0
58,Device,MatMul,gradient_tape/sequential/dense_2/MatMul/MatMul,2,10.24,5.12,10.24,5.12,0.0007654666307754514,0.9785357625038119,0.0,0.0
59,Device,ResourceApplyGradientDescent,SGD/SGD/update_6/ResourceApplyGradientDescent,2,9.216,4.608,9.216,4.608,0.0006889199676979061,0.9792246824715098,0.0,0.0
60,Device,ArgMax,ArgMax,2,8.192,4.096,8.192,4.096,0.0006123733046203611,0.9798370557761302,0.0,0.0
61,Device,ResourceApplyGradientDescent,SGD/SGD/update_2/ResourceApplyGradientDescent,2,8.192,4.096,8.192,4.096,0.0006123733046203611,0.9804494290807506,0.0,0.0
62,Device,ResourceApplyGradientDescent,SGD/SGD/update_4/ResourceApplyGradientDescent,2,8.192,4.096,8.192,4.096,0.0006123733046203611,0.981061802385371,0.0,0.0
63,Device,BiasAddGrad,gradient_tape/sequential/dense_1/BiasAdd/BiasAddGrad,2,8.192,4.096,8.192,4.096,0.0006123733046203611,0.9816741756899914,0.0,0.0
64,Device,ReluGrad,gradient_tape/sequential/dense_1/ReluGrad,2,8.192,4.096,8.192,4.096,0.0006123733046203611,0.9822865489946118,0.0,0.0
65,Device,BiasAdd,sequential/dense/BiasAdd,2,8.192,4.096,8.192,4.096,0.0006123733046203611,0.9828989222992321,0.0,0.0
66,Device,BiasAdd,sequential/dense_1/BiasAdd,2,8.192,4.096,8.192,4.096,0.0006123733046203611,0.9835112956038525,0.0,0.0
67,Device,ArgMax,ArgMax_1,2,7.168,3.584,7.168,3.584,0.0005358266415428159,0.9840471222453954,0.0,0.0
68,Device,Relu,sequential/dense/Relu,2,7.168,3.584,7.168,3.584,0.0005358266415428159,0.9845829488869382,0.0,0.0
69,Device,Tile,gradient_tape/categorical_crossentropy/weighted_loss/Tile_1,2,6.145,3.0725,6.145,3.0725,0.00045935473106593243,0.9850423036180042,0.0,0.0
70,Device,AssignAddVariableOp,AssignAddVariableOp,2,6.144,3.072,6.144,3.072,0.0004592799784652708,0.9855015835964694,0.0,0.0
71,Device,AssignAddVariableOp,AssignAddVariableOp_1,2,6.144,3.072,6.144,3.072,0.0004592799784652708,0.9859608635749347,0.0,0.0
72,Device,Cast,Cast,2,6.144,3.072,6.144,3.072,0.0004592799784652708,0.9864201435534,0.0,0.0
73,Device,Cast,Cast_1,2,6.144,3.072,6.144,3.072,0.0004592799784652708,0.9868794235318653,0.0,0.0
74,Device,Equal,Equal,2,6.144,3.072,6.144,3.072,0.0004592799784652708,0.9873387035103306,0.0,0.0
75,Device,Mul,Mul,2,6.144,3.072,6.144,3.072,0.0004592799784652708,0.9877979834887959,0.0,0.0
76,Device,AssignAddVariableOp,SGD/SGD/AssignAddVariableOp,2,6.144,3.072,6.144,3.072,0.0004592799784652708,0.9882572634672612,0.0,0.0
77,Device,ResourceApplyGradientDescent,SGD/SGD/update/ResourceApplyGradientDescent,2,6.144,3.072,6.144,3.072,0.0004592799784652708,0.9887165434457265,0.0,0.0
78,Device,ResourceApplyGradientDescent,SGD/SGD/update_1/ResourceApplyGradientDescent,2,6.144,3.072,6.144,3.072,0.0004592799784652708,0.9891758234241917,0.0,0.0
79,Device,ResourceApplyGradientDescent,SGD/SGD/update_11/ResourceApplyGradientDescent,2,6.144,3.072,6.144,3.072,0.0004592799784652708,0.989635103402657,0.0,0.0
80,Device,ResourceApplyGradientDescent,SGD/SGD/update_13/ResourceApplyGradientDescent,2,6.144,3.072,6.144,3.072,0.0004592799784652708,0.9900943833811223,0.0,0.0
81,Device,ResourceApplyGradientDescent,SGD/SGD/update_15/ResourceApplyGradientDescent,2,6.144,3.072,6.144,3.072,0.0004592799784652708,0.9905536633595876,0.0,0.0
82,Device,ResourceApplyGradientDescent,SGD/SGD/update_16/ResourceApplyGradientDescent,2,6.144,3.072,6.144,3.072,0.0004592799784652708,0.9910129433380529,0.0,0.0
83,Device,ResourceApplyGradientDescent,SGD/SGD/update_17/ResourceApplyGradientDescent,2,6.144,3.072,6.144,3.072,0.0004592799784652708,0.9914722233165182,0.0,0.0
84,Device,ResourceApplyGradientDescent,SGD/SGD/update_3/ResourceApplyGradientDescent,2,6.144,3.072,6.144,3.072,0.0004592799784652708,0.9919315032949835,0.0,0.0
85,Device,ResourceApplyGradientDescent,SGD/SGD/update_5/ResourceApplyGradientDescent,2,6.144,3.072,6.144,3.072,0.0004592799784652708,0.9923907832734488,0.0,0.0
86,Device,ResourceApplyGradientDescent,SGD/SGD/update_7/ResourceApplyGradientDescent,2,6.144,3.072,6.144,3.072,0.0004592799784652708,0.992850063251914,0.0,0.0
87,Device,ResourceApplyGradientDescent,SGD/SGD/update_9/ResourceApplyGradientDescent,2,6.144,3.072,6.144,3.072,0.0004592799784652708,0.9933093432303793,0.0,0.0
88,Device,Sum,categorical_crossentropy/weighted_loss/Sum,2,6.144,3.072,6.144,3.072,0.0004592799784652708,0.9937686232088446,0.0,0.0
89,Device,Cast,categorical_crossentropy/weighted_loss/num_elements/Cast,2,6.144,3.072,6.144,3.072,0.0004592799784652708,0.9942279031873099,0.0,0.0
90,Device,DivNoNan,gradient_tape/categorical_crossentropy/weighted_loss/value/div_no_nan,2,6.144,3.072,6.144,3.072,0.0004592799784652708,0.9946871831657752,0.0,0.0
91,Device,Relu,sequential/dense_1/Relu,2,6.144,3.072,6.144,3.072,0.0004592799784652708,0.9951464631442405,0.0,0.0
92,Device,AssignAddVariableOp,AssignAddVariableOp_3,2,5.12,2.56,5.12,2.56,0.0003827333153877257,0.9955291964596282,0.0,0.0
93,Device,AssignAddVariableOp,AssignAddVariableOp_4,2,5.12,2.56,5.12,2.56,0.0003827333153877257,0.995911929775016,0.0,0.0
94,Device,Cast,Cast_2,2,5.12,2.56,5.12,2.56,0.0003827333153877257,0.9962946630904037,0.0,0.0
95,Device,Sum,Sum_2,2,5.12,2.56,5.12,2.56,0.0003827333153877257,0.9966773964057914,0.0,0.0
96,Device,DivNoNan,categorical_crossentropy/weighted_loss/value,2,5.12,2.56,5.12,2.56,0.0003827333153877257,0.9970601297211792,0.0,0.0
97,Device,DivNoNan,div_no_nan_1,2,5.12,2.56,5.12,2.56,0.0003827333153877257,0.9974428630365669,0.0,0.0
98,Device,Mul,gradient_tape/categorical_crossentropy/softmax_cross_entropy_with_logits/mul,2,5.12,2.56,5.12,2.56,0.0003827333153877257,0.9978255963519547,0.0,0.0
99,Device,AssignAddVariableOp,AssignAddVariableOp_2,2,4.096,2.048,4.096,2.048,0.00030618665231018055,0.9981317830042649,0.0,0.0
100,Device,DivNoNan,div_no_nan,2,4.096,2.048,4.096,2.048,0.00030618665231018055,0.998437969656575,0.0,0.0
101,Device,BiasAdd,sequential/dense_2/BiasAdd,2,4.096,2.048,4.096,2.048,0.00030618665231018055,0.9987441563088852,0.0,0.0
102,Device,_Recv,categorical_crossentropy/weighted_loss/num_elements/_14,2,3.936,1.968,3.936,1.968,0.0002942262362043141,0.9990383825450896,0.0,0.0
103,Device,_Recv,strided_slice/_12,2,3.52,1.76,3.52,1.76,0.00026312915432906143,0.9993015116994186,0.0,0.0
104,Device,_Recv,Size/_16,2,3.2,1.6,3.2,1.6,0.00023920832211732856,0.9995407200215359,0.0,0.0
105,Device,_Send,IteratorGetNext/_3,2,3.072,1.536,3.072,1.536,0.0002296399892326354,0.9997703600107686,0.0,0.0
106,Device,LogicalAnd,LogicalAnd,1,3.072,3.072,3.072,3.072,0.0002296399892326354,1.000000000000001,0.0,0.0
107,Host,IDLE,IDLE,0,50640.759,0.0,50640.759,0.0,0.0,0.0,0.9557551631284847,0.9557551631284847
108,Host,_Send,IteratorGetNext/_1,2,662.198,331.099,662.198,331.099,0.0,0.0,0.012497821320437879,0.9682529844489226
109,Host,_Send,IteratorGetNext/_6,2,660.547,330.2735,660.547,330.2735,0.0,0.0,0.012466661602347455,0.98071964605127
110,Host,GatherV2,GatherV2,2,463.646,231.823,463.646,231.823,0.0,0.0,0.008750501910207735,0.9894701479614778
111,Host,_Send,IteratorGetNext/_3,2,181.601,90.8005,181.601,90.8005,0.0,0.0,0.003427399130792964,0.9928975470922707
112,Host,FlushSummaryWriter,FlushSummaryWriter,1,53.88,53.88,53.88,53.88,0.0,0.0,0.0010168901336838725,0.9939144372259546
113,Host,Dataset,Iterator::Root::ParallelMapV2::Zip[1]::ForeverRepeat,2,53.91,26.955,49.35,24.675,0.0,0.0,0.000931394359638068,0.9948458315855927
114,Host,Dataset,Iterator::Root::ParallelMapV2,2,47.13,23.565,47.13,23.565,0.0,0.0,0.0008894957683838327,0.9957353273539765
115,Host,GatherV2,GatherV2_1,2,43.332,21.666,43.332,21.666,0.0,0.0,0.0008178152055083437,0.9965531425594849
116,Host,LogicalAnd,LogicalAnd,1,29.67,29.67,29.67,29.67,0.0,0.0,0.0005599690101410633,0.997113111569626
117,Host,Dataset,Iterator::Root::ParallelMapV2::Zip[0]::FlatMap[1]::Concatenate,2,49.911,24.9555,28.291,14.1455,0.0,0.0,0.0005339428131412478,0.9976470543827672
118,Host,Dataset,Iterator::Root,2,73.211,36.6055,26.081,13.0405,0.0,0.0,0.0004922329542800496,0.9981392873370473
119,Host,Dataset,Iterator::Root::ParallelMapV2::Zip[0]::FlatMap[1]::Concatenate[0]::TensorSlice,2,21.62,10.81,21.62,10.81,0.0,0.0,0.0004080394337462012,0.9985473267707935
120,Host,IteratorGetNext,IteratorGetNext,2,21.18,10.59,21.18,10.59,0.0,0.0,0.000399735208452569,0.9989470619792461
121,Host,WriteSummary,WriteSummary,1,19.65,19.65,19.65,19.65,0.0,0.0,0.0003708591523178933,0.999317921131564
122,Host,Dataset,Iterator::Root::ParallelMapV2::Zip,2,117.821,58.9105,10.03,5.015,0.0,0.0,0.00018929859021620711,0.9995072197217802
123,Host,_HostSend,categorical_crossentropy/softmax_cross_entropy_with_logits/Shape_2/_9,2,8.72,4.36,8.72,4.36,0.0,0.0,0.0001645746467283476,0.9996717943685086
124,Host,ReadVariableOp,ReadVariableOp,1,6.16,6.16,6.16,6.16,0.0,0.0,0.00011625915411085103,0.9997880535226195
125,Host,Dataset,Iterator::Root::ParallelMapV2::Zip[1]::ForeverRepeat::FromTensor,4,4.56,1.14,4.56,1.14,0.0,0.0,8.606197122491569e-05,0.9998741154938444
126,Host,Dataset,Iterator::Root::ParallelMapV2::Zip[0]::FlatMap,2,53.881,26.9405,3.97,1.985,0.0,0.0,7.492676003572706e-05,0.9999490422538801
127,Host,Identity,Identity,2,2.7,1.35,2.7,1.35,0.0,0.0,5.0957746120015876e-05,1.0000000000000002
