Rank,Host/device,Type,Operation,#Occurrences,Total time (us),Avg. time (us),Total self-time (us),Avg. self-time (us),Total self-time on Device (%),Cumulative total-self time on Device (%),Total self-time on Host (%),Cumulative total-self time on Host (%)
1,Device,IDLE,IDLE,0,5469.066,0.0,5469.066,0.0,0.1484133517867691,0.1484133517867691,0.0,0.0
2,Device,ResourceApplyGradientDescent,SGD/SGD/update_16/ResourceApplyGradientDescent,2,1684.482,842.241,1684.482,842.241,0.04571157481816463,0.19412492660493372,0.0,0.0
3,Device,Conv2DBackpropFilter,gradient_tape/sequential/conv2d_5/Conv2D/Conv2DBackpropFilter,2,1474.563,737.2815,1474.563,737.2815,0.04001502948597688,0.2341399560909106,0.0,0.0
4,Device,Conv2DBackpropFilter,gradient_tape/sequential/conv2d_1/Conv2D/Conv2DBackpropFilter,4,1274.882,318.7205,1274.882,318.7205,0.03459631146389891,0.2687362675548095,0.0,0.0
5,Device,_FusedConv2D,sequential/conv2d_3/Relu,2,1133.57,566.785,1133.57,566.785,0.030761545606677234,0.2994978131614867,0.0,0.0
6,Device,Conv2DBackpropInput,gradient_tape/sequential/conv2d_3/Conv2D/Conv2DBackpropInput,2,1122.306,561.153,1122.306,561.153,0.030455875864434927,0.32995368902592165,0.0,0.0
7,Device,MaxPoolGrad,gradient_tape/sequential/max_pooling2d/MaxPool/MaxPoolGrad,2,1113.09,556.545,1113.09,556.545,0.030205782438963946,0.3601594714648856,0.0,0.0
8,Device,_FusedConv2D,sequential/conv2d_5/Relu,2,1106.944,553.472,1106.944,553.472,0.030038999214903113,0.3901984706797887,0.0,0.0
9,Device,Conv2DBackpropFilter,gradient_tape/sequential/conv2d_3/Conv2D/Conv2DBackpropFilter,2,1095.681,547.8405,1095.681,547.8405,0.02973335660953423,0.41993182728932293,0.0,0.0
10,Device,Conv2DBackpropInput,gradient_tape/sequential/conv2d_5/Conv2D/Conv2DBackpropInput,2,1072.128,536.064,1072.128,536.064,0.029094201829790528,0.4490260291191135,0.0,0.0
11,Device,Conv2DBackpropFilter,gradient_tape/sequential/conv2d_7/Conv2D/Conv2DBackpropFilter,2,987.137,493.5685,987.137,493.5685,0.026787811820653814,0.4758138409397673,0.0,0.0
12,Device,Conv2DBackpropFilter,gradient_tape/sequential/conv2d_6/Conv2D/Conv2DBackpropFilter,2,968.706,484.353,968.706,484.353,0.02628765210658528,0.5021014930463525,0.0,0.0
13,Device,ReluGrad,gradient_tape/sequential/conv2d/ReluGrad,2,873.473,436.7365,873.473,436.7365,0.023703326239845075,0.5258048192861976,0.0,0.0
14,Device,Conv2DBackpropFilter,gradient_tape/sequential/conv2d/Conv2D/Conv2DBackpropFilter,2,862.209,431.1045,862.209,431.1045,0.023397656497602767,0.5492024757838003,0.0,0.0
15,Device,ResourceApplyGradientDescent,SGD/SGD/update_18/ResourceApplyGradientDescent,2,836.61,418.305,836.61,418.305,0.022702979674834586,0.5719054554586349,0.0,0.0
16,Device,_FusedConv2D,sequential/conv2d_1/Relu,2,746.498,373.249,746.498,373.249,0.020257621736896127,0.5921630771955311,0.0,0.0
17,Device,Conv2DBackpropFilter,gradient_tape/sequential/conv2d_2/Conv2D/Conv2DBackpropFilter,2,705.538,352.769,705.538,352.769,0.019146095401469554,0.6113091725970006,0.0,0.0
18,Device,Conv2DBackpropInput,gradient_tape/sequential/conv2d_1/Conv2D/Conv2DBackpropInput,2,698.37,349.185,698.37,349.185,0.018951578292769906,0.6302607508897705,0.0,0.0
19,Device,_FusedConv2D,sequential/conv2d_7/Relu,2,658.432,329.216,658.432,329.216,0.01786778584198215,0.6481285367317526,0.0,0.0
20,Device,_FusedConv2D,sequential/conv2d_6/Relu,2,656.385,328.1925,656.385,328.1925,0.017812236662084244,0.6659407733938368,0.0,0.0
21,Device,Conv2DBackpropInput,gradient_tape/sequential/conv2d_2/Conv2D/Conv2DBackpropInput,2,651.264,325.632,651.264,325.632,0.0176732687332825,0.6836140421271193,0.0,0.0
22,Device,Conv2DBackpropFilter,gradient_tape/sequential/conv2d_4/Conv2D/Conv2DBackpropFilter,2,650.242,325.121,650.242,325.121,0.01764553484864368,0.701259576975763,0.0,0.0
23,Device,MatMul,gradient_tape/sequential/dense/MatMul/MatMul,2,646.146,323.073,646.146,323.073,0.017534382215101025,0.7187939591908641,0.0,0.0
24,Device,_FusedConv2D,sequential/conv2d_4/Relu,2,644.098,322.049,644.098,322.049,0.017478805898329695,0.7362727650891938,0.0,0.0
25,Device,_FusedConv2D,sequential/conv2d_2/Relu,2,641.024,320.512,641.024,320.512,0.017395387149425855,0.7536681522386197,0.0,0.0
26,Device,Conv2DBackpropInput,gradient_tape/sequential/conv2d_4/Conv2D/Conv2DBackpropInput,2,604.16,302.08,604.16,302.08,0.01639501344754194,0.7700631656861616,0.0,0.0
27,Device,Conv2DBackpropInput,gradient_tape/sequential/conv2d_7/Conv2D/Conv2DBackpropInput,4,585.728,146.432,585.728,146.432,0.015894826596599982,0.7859579922827616,0.0,0.0
28,Device,Conv2DBackpropInput,gradient_tape/sequential/conv2d_6/Conv2D/Conv2DBackpropInput,4,583.68,145.92,583.68,145.92,0.015839250279828652,0.8017972425625903,0.0,0.0
29,Device,MatMul,sequential/dense/MatMul,2,580.609,290.3045,580.609,290.3045,0.015755912941545085,0.8175531555041354,0.0,0.0
30,Device,MatMul,gradient_tape/sequential/dense/MatMul/MatMul_1,2,569.344,284.672,569.344,284.672,0.015450216062429356,0.8330033715665648,0.0,0.0
31,Device,_Send,IteratorGetNext/_1,2,515.617,257.8085,515.617,257.8085,0.013992233264004953,0.8469956048305698,0.0,0.0
32,Device,_FusedConv2D,sequential/conv2d/Relu,2,455.68,227.84,455.68,227.84,0.012365730481620617,0.8593613353121904,0.0,0.0
33,Device,ReluGrad,gradient_tape/sequential/conv2d_1/ReluGrad,2,431.104,215.552,431.104,215.552,0.011698814680364673,0.8710601499925551,0.0,0.0
34,Device,MaxPool,sequential/max_pooling2d/MaxPool,2,344.064,172.032,344.064,172.032,0.009336821217583207,0.8803969712101383,0.0,0.0
35,Device,MaxPoolGrad,gradient_tape/sequential/max_pooling2d_1/MaxPool/MaxPoolGrad,2,324.608,162.304,324.608,162.304,0.008808846208255585,0.8892058174183939,0.0,0.0
36,Device,MatMul,gradient_tape/sequential/dense_1/MatMul/MatMul,2,322.56,161.28,322.56,161.28,0.008753269891484257,0.8979590873098782,0.0,0.0
37,Device,MatMul,sequential/dense_1/MatMul,2,295.936,147.968,295.936,147.968,0.008030777773456984,0.9059898650833351,0.0,0.0
38,Device,MatMul,gradient_tape/sequential/dense_1/MatMul/MatMul_1,2,292.864,146.432,292.864,146.432,0.007947413298299991,0.9139372783816351,0.0,0.0
39,Device,BiasAddGrad,gradient_tape/sequential/conv2d/BiasAdd/BiasAddGrad,2,273.408,136.704,273.408,136.704,0.00741943828897237,0.9213567166706075,0.0,0.0
40,Device,ReluGrad,gradient_tape/sequential/conv2d_3/ReluGrad,2,215.04,107.52,215.04,107.52,0.005835513260989504,0.927192229931597,0.0,0.0
41,Device,ReluGrad,gradient_tape/sequential/conv2d_2/ReluGrad,2,200.704,100.352,200.704,100.352,0.005446479043590204,0.9326387089751872,0.0,0.0
42,Device,MaxPool,sequential/max_pooling2d_1/MaxPool,2,172.032,86.016,172.032,86.016,0.0046684106087916035,0.9373071195839788,0.0,0.0
43,Device,MaxPoolGrad,gradient_tape/sequential/max_pooling2d_2/MaxPool/MaxPoolGrad,2,160.768,80.384,160.768,80.384,0.004362740866549296,0.9416698604505281,0.0,0.0
44,Device,BiasAddGrad,gradient_tape/sequential/conv2d_1/BiasAdd/BiasAddGrad,2,151.552,75.776,151.552,75.776,0.004112647441078317,0.9457825078916064,0.0,0.0
45,Device,ResourceApplyGradientDescent,SGD/SGD/update_14/ResourceApplyGradientDescent,2,128.0,64.0,128.0,64.0,0.0034735197982080383,0.9492560276898145,0.0,0.0
46,Device,ResourceApplyGradientDescent,SGD/SGD/update_10/ResourceApplyGradientDescent,2,125.953,62.9765,125.953,62.9765,0.0034179706183101333,0.9526739983081247,0.0,0.0
47,Device,ResourceApplyGradientDescent,SGD/SGD/update_12/ResourceApplyGradientDescent,2,124.928,62.464,124.928,62.464,0.0033901553230510453,0.9560641536311758,0.0,0.0
48,Device,SoftmaxCrossEntropyWithLogits,categorical_crossentropy/softmax_cross_entropy_with_logits,2,123.904,61.952,123.904,61.952,0.003362367164665381,0.9594265207958412,0.0,0.0
49,Device,ReluGrad,gradient_tape/sequential/conv2d_4/ReluGrad,2,109.569,54.7845,109.569,54.7845,0.0029733600841395044,0.9623998808799807,0.0,0.0
50,Device,BiasAddGrad,gradient_tape/sequential/conv2d_2/BiasAdd/BiasAddGrad,2,104.448,52.224,104.448,52.224,0.002834392155337759,0.9652342730353185,0.0,0.0
51,Device,BiasAddGrad,gradient_tape/sequential/conv2d_3/BiasAdd/BiasAddGrad,2,102.401,51.2005,102.401,51.2005,0.002778842975439854,0.9680131160107583,0.0,0.0
52,Device,ReluGrad,gradient_tape/sequential/conv2d_5/ReluGrad,2,101.377,50.6885,101.377,50.6885,0.0027510548170541897,0.9707641708278125,0.0,0.0
53,Device,MaxPool,sequential/max_pooling2d_2/MaxPool,2,90.112,45.056,90.112,45.056,0.0024453579379384587,0.973209528765751,0.0,0.0
54,Device,MaxPoolGrad,gradient_tape/sequential/max_pooling2d_3/MaxPool/MaxPoolGrad,2,84.992,42.496,84.992,42.496,0.0023064171460101374,0.975515945911761,0.0,0.0
55,Device,ResourceApplyGradientDescent,SGD/SGD/update_8/ResourceApplyGradientDescent,2,65.536,32.768,65.536,32.768,0.0017784421366825157,0.9772943880484436,0.0,0.0
56,Device,BiasAddGrad,gradient_tape/sequential/conv2d_5/BiasAdd/BiasAddGrad,2,51.2,25.6,51.2,25.6,0.0013894079192832154,0.9786837959677268,0.0,0.0
57,Device,MaxPoolGrad,gradient_tape/sequential/max_pooling2d_4/MaxPool/MaxPoolGrad,2,49.152,24.576,49.152,24.576,0.0013338316025118867,0.9800176275702387,0.0,0.0
58,Device,MaxPool,sequential/max_pooling2d_3/MaxPool,2,45.057,22.5285,45.057,22.5285,0.001222706105842653,0.9812403336760813,0.0,0.0
59,Device,BiasAddGrad,gradient_tape/sequential/conv2d_4/BiasAdd/BiasAddGrad,2,43.008,21.504,43.008,21.504,0.0011671026521979009,0.9824074363282792,0.0,0.0
60,Device,Transpose,gradient_tape/sequential/conv2d/Conv2D/Conv2DBackpropFilter-0-TransposeNHWCToNCHW-LayoutOptimizer,2,37.888,18.944,37.888,18.944,0.0010281618602695792,0.9834355981885488,0.0,0.0
61,Device,ResourceApplyGradientDescent,SGD/SGD/update_6/ResourceApplyGradientDescent,2,35.84,17.92,35.84,17.92,0.0009725855434982508,0.984408183732047,0.0,0.0
62,Device,ArgMax,ArgMax,2,32.768,16.384,32.768,16.384,0.0008892210683412578,0.9852974048003882,0.0,0.0
63,Device,ReluGrad,gradient_tape/sequential/conv2d_6/ReluGrad,2,29.696,14.848,29.696,14.848,0.0008058565931842649,0.9861032613935724,0.0,0.0
64,Device,MatMul,sequential/dense_2/MatMul,2,29.696,14.848,29.696,14.848,0.0008058565931842649,0.9869091179867566,0.0,0.0
65,Device,BiasAddGrad,gradient_tape/sequential/conv2d_6/BiasAdd/BiasAddGrad,2,22.528,11.264,22.528,11.264,0.0006113394844846147,0.9875204574712413,0.0,0.0
66,Device,BiasAddGrad,gradient_tape/sequential/conv2d_7/BiasAdd/BiasAddGrad,2,22.528,11.264,22.528,11.264,0.0006113394844846147,0.988131796955726,0.0,0.0
67,Device,Softmax,sequential/dense_2/Softmax,2,21.504,10.752,21.504,10.752,0.0005835513260989504,0.988715348281825,0.0,0.0
68,Device,ResourceApplyGradientDescent,SGD/SGD/update_4/ResourceApplyGradientDescent,2,20.48,10.24,20.48,10.24,0.0005557631677132861,0.9892711114495383,0.0,0.0
69,Device,ArgMax,ArgMax_1,2,19.456,9.728,19.456,9.728,0.0005279750093276218,0.9897990864588659,0.0,0.0
70,Device,MatMul,gradient_tape/sequential/dense_2/MatMul/MatMul,2,16.384,8.192,16.384,8.192,0.0004446105341706289,0.9902436969930366,0.0,0.0
71,Device,MatMul,gradient_tape/sequential/dense_2/MatMul/MatMul_1,2,15.36,7.68,15.36,7.68,0.0004168223757849646,0.9906605193688216,0.0,0.0
72,Device,ResourceApplyGradientDescent,SGD/SGD/update_20/ResourceApplyGradientDescent,2,11.265,5.6325,11.265,5.6325,0.0003056968791157309,0.9909662162479373,0.0,0.0
73,Device,ReluGrad,gradient_tape/sequential/conv2d_7/ReluGrad,2,11.264,5.632,11.264,5.632,0.00030566974224230733,0.9912718859901797,0.0,0.0
74,Device,Transpose,gradient_tape/sequential/max_pooling2d_4/MaxPool/MaxPoolGrad-2-TransposeNHWCToNCHW-LayoutOptimizer,2,11.264,5.632,11.264,5.632,0.00030566974224230733,0.991577555732422,0.0,0.0
75,Device,MaxPool,sequential/max_pooling2d_4/MaxPool,2,10.241,5.1205,10.241,5.1205,0.00027790872073006655,0.9918554644531521,0.0,0.0
76,Device,ResourceApplyGradientDescent,SGD/SGD/update_2/ResourceApplyGradientDescent,2,10.24,5.12,10.24,5.12,0.00027788158385664305,0.9921333460370088,0.0,0.0
77,Device,BiasAddGrad,gradient_tape/sequential/dense/BiasAdd/BiasAddGrad,2,9.216,4.608,9.216,4.608,0.00025009342547097877,0.9923834394624798,0.0,0.0
78,Device,ReluGrad,gradient_tape/sequential/dense/ReluGrad,2,9.216,4.608,9.216,4.608,0.00025009342547097877,0.9926335328879508,0.0,0.0
79,Device,Transpose,sequential/max_pooling2d_4/MaxPool-0-2-TransposeNCHWToNHWC-LayoutOptimizer,2,9.216,4.608,9.216,4.608,0.00025009342547097877,0.9928836263134218,0.0,0.0
80,Device,ResourceApplyGradientDescent,SGD/SGD/update_17/ResourceApplyGradientDescent,2,8.192,4.096,8.192,4.096,0.00022230526708531446,0.9931059315805071,0.0,0.0
81,Device,ResourceApplyGradientDescent,SGD/SGD/update_19/ResourceApplyGradientDescent,2,8.192,4.096,8.192,4.096,0.00022230526708531446,0.9933282368475924,0.0,0.0
82,Device,BiasAddGrad,gradient_tape/sequential/dense_1/BiasAdd/BiasAddGrad,2,8.192,4.096,8.192,4.096,0.00022230526708531446,0.9935505421146777,0.0,0.0
83,Device,BiasAdd,sequential/dense/BiasAdd,2,8.192,4.096,8.192,4.096,0.00022230526708531446,0.9937728473817631,0.0,0.0
84,Device,BiasAdd,sequential/dense_1/BiasAdd,2,8.192,4.096,8.192,4.096,0.00022230526708531446,0.9939951526488484,0.0,0.0
85,Device,ResourceApplyGradientDescent,SGD/SGD/update_1/ResourceApplyGradientDescent,2,7.168,3.584,7.168,3.584,0.00019451710869965015,0.9941896697575481,0.0,0.0
86,Device,ResourceApplyGradientDescent,SGD/SGD/update_9/ResourceApplyGradientDescent,2,7.168,3.584,7.168,3.584,0.00019451710869965015,0.9943841868662477,0.0,0.0
87,Device,BiasAddGrad,gradient_tape/sequential/dense_2/BiasAdd/BiasAddGrad,2,7.168,3.584,7.168,3.584,0.00019451710869965015,0.9945787039749474,0.0,0.0
88,Device,AssignAddVariableOp,AssignAddVariableOp_3,2,6.144,3.072,6.144,3.072,0.00016672895031398584,0.9947454329252614,0.0,0.0
89,Device,AssignAddVariableOp,AssignAddVariableOp_4,2,6.144,3.072,6.144,3.072,0.00016672895031398584,0.9949121618755754,0.0,0.0
90,Device,Cast,Cast_1,2,6.144,3.072,6.144,3.072,0.00016672895031398584,0.9950788908258894,0.0,0.0
91,Device,Cast,Cast_2,2,6.144,3.072,6.144,3.072,0.00016672895031398584,0.9952456197762034,0.0,0.0
92,Device,Equal,Equal,2,6.144,3.072,6.144,3.072,0.00016672895031398584,0.9954123487265174,0.0,0.0
93,Device,AssignAddVariableOp,SGD/SGD/AssignAddVariableOp,2,6.144,3.072,6.144,3.072,0.00016672895031398584,0.9955790776768314,0.0,0.0
94,Device,ResourceApplyGradientDescent,SGD/SGD/update/ResourceApplyGradientDescent,2,6.144,3.072,6.144,3.072,0.00016672895031398584,0.9957458066271454,0.0,0.0
95,Device,ResourceApplyGradientDescent,SGD/SGD/update_11/ResourceApplyGradientDescent,2,6.144,3.072,6.144,3.072,0.00016672895031398584,0.9959125355774594,0.0,0.0
96,Device,ResourceApplyGradientDescent,SGD/SGD/update_13/ResourceApplyGradientDescent,2,6.144,3.072,6.144,3.072,0.00016672895031398584,0.9960792645277734,0.0,0.0
97,Device,ResourceApplyGradientDescent,SGD/SGD/update_15/ResourceApplyGradientDescent,2,6.144,3.072,6.144,3.072,0.00016672895031398584,0.9962459934780874,0.0,0.0
98,Device,ResourceApplyGradientDescent,SGD/SGD/update_21/ResourceApplyGradientDescent,2,6.144,3.072,6.144,3.072,0.00016672895031398584,0.9964127224284014,0.0,0.0
99,Device,ResourceApplyGradientDescent,SGD/SGD/update_3/ResourceApplyGradientDescent,2,6.144,3.072,6.144,3.072,0.00016672895031398584,0.9965794513787154,0.0,0.0
100,Device,ResourceApplyGradientDescent,SGD/SGD/update_5/ResourceApplyGradientDescent,2,6.144,3.072,6.144,3.072,0.00016672895031398584,0.9967461803290294,0.0,0.0
101,Device,ResourceApplyGradientDescent,SGD/SGD/update_7/ResourceApplyGradientDescent,2,6.144,3.072,6.144,3.072,0.00016672895031398584,0.9969129092793434,0.0,0.0
102,Device,Sum,categorical_crossentropy/weighted_loss/Sum,2,6.144,3.072,6.144,3.072,0.00016672895031398584,0.9970796382296574,0.0,0.0
103,Device,DivNoNan,div_no_nan,2,6.144,3.072,6.144,3.072,0.00016672895031398584,0.9972463671799714,0.0,0.0
104,Device,Tile,gradient_tape/categorical_crossentropy/weighted_loss/Tile_1,2,6.144,3.072,6.144,3.072,0.00016672895031398584,0.9974130961302854,0.0,0.0
105,Device,ReluGrad,gradient_tape/sequential/dense_1/ReluGrad,2,6.144,3.072,6.144,3.072,0.00016672895031398584,0.9975798250805994,0.0,0.0
106,Device,Relu,sequential/dense/Relu,2,6.144,3.072,6.144,3.072,0.00016672895031398584,0.9977465540309134,0.0,0.0
107,Device,Relu,sequential/dense_1/Relu,2,6.144,3.072,6.144,3.072,0.00016672895031398584,0.9979132829812274,0.0,0.0
108,Device,AssignAddVariableOp,AssignAddVariableOp,2,5.12,2.56,5.12,2.56,0.00013894079192832153,0.9980522237731557,0.0,0.0
109,Device,AssignAddVariableOp,AssignAddVariableOp_1,2,5.12,2.56,5.12,2.56,0.00013894079192832153,0.998191164565084,0.0,0.0
110,Device,Cast,Cast,2,5.12,2.56,5.12,2.56,0.00013894079192832153,0.9983301053570124,0.0,0.0
111,Device,Sum,Sum_2,2,5.12,2.56,5.12,2.56,0.00013894079192832153,0.9984690461489407,0.0,0.0
112,Device,Cast,categorical_crossentropy/weighted_loss/num_elements/Cast,2,5.12,2.56,5.12,2.56,0.00013894079192832153,0.998607986940869,0.0,0.0
113,Device,DivNoNan,categorical_crossentropy/weighted_loss/value,2,5.12,2.56,5.12,2.56,0.00013894079192832153,0.9987469277327974,0.0,0.0
114,Device,Mul,gradient_tape/categorical_crossentropy/softmax_cross_entropy_with_logits/mul,2,5.12,2.56,5.12,2.56,0.00013894079192832153,0.9988858685247257,0.0,0.0
115,Device,DivNoNan,gradient_tape/categorical_crossentropy/weighted_loss/value/div_no_nan,2,5.12,2.56,5.12,2.56,0.00013894079192832153,0.999024809316654,0.0,0.0
116,Device,BiasAdd,sequential/dense_2/BiasAdd,2,5.12,2.56,5.12,2.56,0.00013894079192832153,0.9991637501085824,0.0,0.0
117,Device,_Recv,strided_slice/_12,2,4.928,2.464,4.928,2.464,0.00013373051223100946,0.9992974806208134,0.0,0.0
118,Device,AssignAddVariableOp,AssignAddVariableOp_2,2,4.096,2.048,4.096,2.048,0.00011115263354265723,0.999408633254356,0.0,0.0
119,Device,Mul,Mul,2,4.096,2.048,4.096,2.048,0.00011115263354265723,0.9995197858878987,0.0,0.0
120,Device,DivNoNan,div_no_nan_1,2,4.096,2.048,4.096,2.048,0.00011115263354265723,0.9996309385214414,0.0,0.0
121,Device,_Recv,Size/_16,2,3.968,1.984,3.968,1.984,0.00010767911374444919,0.9997386176351858,0.0,0.0
122,Device,_Recv,categorical_crossentropy/weighted_loss/num_elements/_14,2,3.488,1.744,3.488,1.744,9.465341450116904e-05,0.999833271049687,0.0,0.0
123,Device,_Send,IteratorGetNext/_3,2,3.072,1.536,3.072,1.536,8.336447515699292e-05,0.999916635524844,0.0,0.0
124,Device,LogicalAnd,LogicalAnd,1,3.072,3.072,3.072,3.072,8.336447515699292e-05,1.0000000000000009,0.0,0.0
125,Host,IDLE,IDLE,0,156809.434,0.0,156809.434,0.0,0.0,0.0,0.9779816012189259,0.9779816012189259
126,Host,_Send,IteratorGetNext/_3,2,1239.333,619.6665,1239.333,619.6665,0.0,0.0,0.007729412962382449,0.9857110141813084
127,Host,_Send,IteratorGetNext/_1,2,1148.902,574.451,1148.902,574.451,0.0,0.0,0.007165417213377777,0.9928764313946862
128,Host,GatherV2,GatherV2,2,629.117,314.5585,629.117,314.5585,0.0,0.0,0.003923646908986655,0.9968000783036728
129,Host,_Send,IteratorGetNext/_6,2,113.891,56.9455,113.891,56.9455,0.0,0.0,0.0007103099584201336,0.9975103882620929
130,Host,Dataset,Iterator::Root::ParallelMapV2::Zip[0]::FlatMap[1]::Concatenate,2,74.751,37.3755,52.251,26.1255,0.0,0.0,0.0003258765454461757,0.9978362648075391
131,Host,Dataset,Iterator::Root::ParallelMapV2::Zip[1]::ForeverRepeat,2,55.171,27.5855,50.541,25.2705,0.0,0.0,0.0003152116989798313,0.9981514765065189
132,Host,Dataset,Iterator::Root::ParallelMapV2,2,42.1,21.05,42.1,21.05,0.0,0.0,0.0002625672726509349,0.9984140437791699
133,Host,FlushSummaryWriter,FlushSummaryWriter,1,39.83,39.83,39.83,39.83,0.0,0.0,0.0002484098448856707,0.9986624536240556
134,Host,LogicalAnd,LogicalAnd,1,34.76,34.76,34.76,34.76,0.0,0.0,0.0002167895106258075,0.9988792431346813
135,Host,Dataset,Iterator::Root,2,76.23,38.115,34.13,17.065,0.0,0.0,0.00021286035666452275,0.9990921034913459
136,Host,IteratorGetNext,IteratorGetNext,2,31.241,15.6205,31.241,15.6205,0.0,0.0,0.00019484237921348828,0.9992869458705594
137,Host,GatherV2,GatherV2_1,2,23.36,11.68,23.36,11.68,0.0,0.0,0.0001456905341835116,0.999432636404743
138,Host,Dataset,Iterator::Root::ParallelMapV2::Zip[0]::FlatMap[1]::Concatenate[0]::TensorSlice,2,22.5,11.25,22.5,11.25,0.0,0.0,0.0001403269271887419,0.9995729633319318
139,Host,WriteSummary,WriteSummary,1,21.291,21.291,21.291,21.291,0.0,0.0,0.00013278669363446684,0.9997057500255663
140,Host,ReadVariableOp,ReadVariableOp,1,16.09,16.09,16.09,16.09,0.0,0.0,0.00010034934482074922,0.999806099370387
141,Host,Dataset,Iterator::Root::ParallelMapV2::Zip,2,145.052,72.526,11.17,5.585,0.0,0.0,6.966452340881099e-05,0.9998757638937958
142,Host,_HostSend,categorical_crossentropy/softmax_cross_entropy_with_logits/Shape_2/_9,2,8.8,4.4,8.8,4.4,0.0,0.0,5.488342041159684e-05,0.9999306473142074
143,Host,Dataset,Iterator::Root::ParallelMapV2::Zip[1]::ForeverRepeat::FromTensor,4,4.63,1.1575,4.63,1.1575,0.0,0.0,2.8876163239283337e-05,0.9999595234774468
144,Host,Dataset,Iterator::Root::ParallelMapV2::Zip[0]::FlatMap,2,78.711,39.3555,3.96,1.98,0.0,0.0,2.4697539185218576e-05,0.999984221016632
145,Host,Identity,Identity,2,2.53,1.265,2.53,1.265,0.0,0.0,1.577898336833409e-05,1.0000000000000002
