Rank,Host/device,Type,Operation,#Occurrences,Total time (us),Avg. time (us),Total self-time (us),Avg. self-time (us),Total self-time on Device (%),Cumulative total-self time on Device (%),Total self-time on Host (%),Cumulative total-self time on Host (%)
1,Device,_Send,IteratorGetNext/_1,2,31873.303,15936.6515,31873.303,15936.6515,0.25775677943094416,0.25775677943094416,0.0,0.0
2,Device,Conv2DBackpropFilter,gradient_tape/sequential/conv2d/Conv2D/Conv2DBackpropFilter,2,19362.83,9681.415,19362.83,9681.415,0.15658561340407265,0.41434239283501684,0.0,0.0
3,Device,Conv2DBackpropInput,gradient_tape/sequential/conv2d_1/Conv2D/Conv2DBackpropInput,50,10583.048,211.66096000000002,10583.048,211.66096000000002,0.08558423860379624,0.4999266314388131,0.0,0.0
4,Device,_FusedConv2D,sequential/conv2d/Relu,2,10391.56,5195.78,10391.56,5195.78,0.08403569089979228,0.5839623223386053,0.0,0.0
5,Device,IDLE,IDLE,0,8819.653,0.0,8819.653,0.0,0.07132380829744771,0.655286130636053,0.0,0.0
6,Device,MaxPoolGrad,gradient_tape/sequential/max_pooling2d/MaxPool/MaxPoolGrad,2,6931.461,3465.7305,6931.461,3465.7305,0.056054154918026275,0.7113402855540792,0.0,0.0
7,Device,Conv2DBackpropFilter,gradient_tape/sequential/conv2d_1/Conv2D/Conv2DBackpropFilter,2,6563.844,3281.922,6563.844,3281.922,0.053081266479571516,0.7644215520336508,0.0,0.0
8,Device,ReluGrad,gradient_tape/sequential/conv2d/ReluGrad,2,5212.164,2606.082,5212.164,2606.082,0.04215034151013177,0.8065718935437826,0.0,0.0
9,Device,_FusedConv2D,sequential/conv2d_1/Relu,2,4513.796,2256.898,4513.796,2256.898,0.03650269694258791,0.8430745904863705,0.0,0.0
10,Device,MaxPoolGrad,gradient_tape/sequential/max_pooling2d_1/MaxPool/MaxPoolGrad,2,4295.683,2147.8415,4295.683,2147.8415,0.0347388350537833,0.8778134255401537,0.0,0.0
11,Device,ReluGrad,gradient_tape/sequential/conv2d_1/ReluGrad,2,3273.731,1636.8655,3273.731,1636.8655,0.026474393296585682,0.9042878188367394,0.0,0.0
12,Device,MaxPool,sequential/max_pooling2d/MaxPool,2,1978.369,989.1845,1978.369,989.1845,0.01599890736037045,0.9202867261971098,0.0,0.0
13,Device,Transpose,gradient_tape/sequential/conv2d/Conv2D/Conv2DBackpropFilter-0-TransposeNHWCToNCHW-LayoutOptimizer,2,1871.874,935.937,1871.874,935.937,0.015137691055756573,0.9354244172528664,0.0,0.0
14,Device,BiasAddGrad,gradient_tape/sequential/conv2d/BiasAdd/BiasAddGrad,2,1590.274,795.137,1590.274,795.137,0.012860415020456626,0.948284832273323,0.0,0.0
15,Device,MaxPool,sequential/max_pooling2d_1/MaxPool,2,1293.313,646.6565,1293.313,646.6565,0.010458915841768036,0.9587437481150911,0.0,0.0
16,Device,BiasAddGrad,gradient_tape/sequential/conv2d_1/BiasAdd/BiasAddGrad,2,988.161,494.0805,988.161,494.0805,0.007991176719879367,0.9667349248349705,0.0,0.0
17,Device,MatMul,sequential/dense/MatMul,2,552.96,276.48,552.96,276.48,0.0044717420329526214,0.9712066668679231,0.0,0.0
18,Device,Transpose,gradient_tape/sequential/max_pooling2d_1/MaxPool/MaxPoolGrad-2-TransposeNHWCToNCHW-LayoutOptimizer,2,533.504,266.752,533.504,266.752,0.004314402961422807,0.9755210698293459,0.0,0.0
19,Device,Transpose,sequential/max_pooling2d_1/MaxPool-0-2-TransposeNCHWToNHWC-LayoutOptimizer,2,494.592,247.296,494.592,247.296,0.003999724818363177,0.9795207946477091,0.0,0.0
20,Device,MatMul,gradient_tape/sequential/dense/MatMul/MatMul,2,482.305,241.1525,482.305,241.1525,0.0039003608601041917,0.9834211555078133,0.0,0.0
21,Device,SoftmaxCrossEntropyWithLogits,categorical_crossentropy/softmax_cross_entropy_with_logits,6,389.12,64.85333333333334,389.12,64.85333333333334,0.003146781430596289,0.9865679369384096,0.0,0.0
22,Device,MatMul,gradient_tape/sequential/dense/MatMul/MatMul_1,2,387.072,193.536,387.072,193.536,0.0031302194230668347,0.9896981563614764,0.0,0.0
23,Device,ResourceApplyGradientDescent,SGD/SGD/update_4/ResourceApplyGradientDescent,2,368.641,184.3205,368.641,184.3205,0.0029811694422194864,0.9926793258036959,0.0,0.0
24,Device,ArgMax,ArgMax,2,200.704,100.352,200.704,100.352,0.0016230767378865069,0.9943024025415824,0.0,0.0
25,Device,_Send,IteratorGetNext/_3,2,155.904,77.952,155.904,77.952,0.0012607828231796974,0.9955631853647621,0.0,0.0
26,Device,ArgMax,ArgMax_1,2,155.648,77.824,155.648,77.824,0.0012587125722385154,0.9968218979370006,0.0,0.0
27,Device,MatMul,gradient_tape/sequential/dense_2/MatMul/MatMul,2,28.672,14.336,28.672,14.336,0.00023186810541235813,0.9970537660424129,0.0,0.0
28,Device,Softmax,sequential/dense_2/Softmax,2,26.624,13.312,26.624,13.312,0.00021530609788290397,0.9972690721402958,0.0,0.0
29,Device,MatMul,gradient_tape/sequential/dense_2/MatMul/MatMul_1,2,21.504,10.752,21.504,10.752,0.0001739010790592686,0.997442973219355,0.0,0.0
30,Device,MatMul,gradient_tape/sequential/dense_1/MatMul/MatMul_1,2,18.432,9.216,18.432,9.216,0.00014905806776508736,0.9975920312871202,0.0,0.0
31,Device,MatMul,sequential/dense_1/MatMul,2,16.384,8.192,16.384,8.192,0.00013249606023563323,0.9977245273473558,0.0,0.0
32,Device,MatMul,sequential/dense_2/MatMul,2,14.336,7.168,14.336,7.168,0.00011593405270617907,0.997840461400062,0.0,0.0
33,Device,MatMul,gradient_tape/sequential/dense_1/MatMul/MatMul,2,13.312,6.656,13.312,6.656,0.00010765304894145199,0.9979481144490034,0.0,0.0
34,Device,Mul,gradient_tape/categorical_crossentropy/softmax_cross_entropy_with_logits/mul,2,10.24,5.12,10.24,5.12,8.281003764727076e-05,0.9980309244866508,0.0,0.0
35,Device,BiasAdd,sequential/dense_2/BiasAdd,2,9.216,4.608,9.216,4.608,7.452903388254368e-05,0.9981054535205333,0.0,0.0
36,Device,ResourceApplyGradientDescent,SGD/SGD/update/ResourceApplyGradientDescent,2,8.192,4.096,8.192,4.096,6.624803011781661e-05,0.998171701550651,0.0,0.0
37,Device,BiasAddGrad,gradient_tape/sequential/dense/BiasAdd/BiasAddGrad,2,8.192,4.096,8.192,4.096,6.624803011781661e-05,0.9982379495807688,0.0,0.0
38,Device,BiasAddGrad,gradient_tape/sequential/dense_2/BiasAdd/BiasAddGrad,2,8.192,4.096,8.192,4.096,6.624803011781661e-05,0.9983041976108866,0.0,0.0
39,Device,AssignAddVariableOp,SGD/SGD/AssignAddVariableOp,2,7.168,3.584,7.168,3.584,5.796702635308953e-05,0.9983621646372397,0.0,0.0
40,Device,ResourceApplyGradientDescent,SGD/SGD/update_3/ResourceApplyGradientDescent,2,7.168,3.584,7.168,3.584,5.796702635308953e-05,0.9984201316635928,0.0,0.0
41,Device,ResourceApplyGradientDescent,SGD/SGD/update_6/ResourceApplyGradientDescent,2,7.168,3.584,7.168,3.584,5.796702635308953e-05,0.9984780986899459,0.0,0.0
42,Device,ResourceApplyGradientDescent,SGD/SGD/update_8/ResourceApplyGradientDescent,2,7.168,3.584,7.168,3.584,5.796702635308953e-05,0.9985360657162989,0.0,0.0
43,Device,Relu,sequential/dense_1/Relu,2,6.145,3.0725,6.145,3.0725,4.969410950610144e-05,0.998585759825805,0.0,0.0
44,Device,AssignAddVariableOp,AssignAddVariableOp_2,2,6.144,3.072,6.144,3.072,4.968602258836246e-05,0.9986354458483934,0.0,0.0
45,Device,Cast,Cast_1,2,6.144,3.072,6.144,3.072,4.968602258836246e-05,0.9986851318709817,0.0,0.0
46,Device,Equal,Equal,2,6.144,3.072,6.144,3.072,4.968602258836246e-05,0.9987348178935701,0.0,0.0
47,Device,ResourceApplyGradientDescent,SGD/SGD/update_1/ResourceApplyGradientDescent,2,6.144,3.072,6.144,3.072,4.968602258836246e-05,0.9987845039161585,0.0,0.0
48,Device,ResourceApplyGradientDescent,SGD/SGD/update_2/ResourceApplyGradientDescent,2,6.144,3.072,6.144,3.072,4.968602258836246e-05,0.9988341899387468,0.0,0.0
49,Device,ResourceApplyGradientDescent,SGD/SGD/update_5/ResourceApplyGradientDescent,2,6.144,3.072,6.144,3.072,4.968602258836246e-05,0.9988838759613352,0.0,0.0
50,Device,ResourceApplyGradientDescent,SGD/SGD/update_9/ResourceApplyGradientDescent,2,6.144,3.072,6.144,3.072,4.968602258836246e-05,0.9989335619839236,0.0,0.0
51,Device,DivNoNan,categorical_crossentropy/weighted_loss/value,2,6.144,3.072,6.144,3.072,4.968602258836246e-05,0.998983248006512,0.0,0.0
52,Device,Tile,gradient_tape/categorical_crossentropy/weighted_loss/Tile_1,2,6.144,3.072,6.144,3.072,4.968602258836246e-05,0.9990329340291003,0.0,0.0
53,Device,DivNoNan,gradient_tape/categorical_crossentropy/weighted_loss/value/div_no_nan,2,6.144,3.072,6.144,3.072,4.968602258836246e-05,0.9990826200516887,0.0,0.0
54,Device,BiasAddGrad,gradient_tape/sequential/dense_1/BiasAdd/BiasAddGrad,2,6.144,3.072,6.144,3.072,4.968602258836246e-05,0.999132306074277,0.0,0.0
55,Device,ReluGrad,gradient_tape/sequential/dense_1/ReluGrad,2,6.144,3.072,6.144,3.072,4.968602258836246e-05,0.9991819920968654,0.0,0.0
56,Device,BiasAdd,sequential/dense/BiasAdd,2,6.144,3.072,6.144,3.072,4.968602258836246e-05,0.9992316781194538,0.0,0.0
57,Device,Relu,sequential/dense/Relu,2,6.144,3.072,6.144,3.072,4.968602258836246e-05,0.9992813641420422,0.0,0.0
58,Device,BiasAdd,sequential/dense_1/BiasAdd,2,6.144,3.072,6.144,3.072,4.968602258836246e-05,0.9993310501646305,0.0,0.0
59,Device,AssignAddVariableOp,AssignAddVariableOp,2,5.12,2.56,5.12,2.56,4.140501882363538e-05,0.9993724551834542,0.0,0.0
60,Device,AssignAddVariableOp,AssignAddVariableOp_1,2,5.12,2.56,5.12,2.56,4.140501882363538e-05,0.9994138602022778,0.0,0.0
61,Device,AssignAddVariableOp,AssignAddVariableOp_3,2,5.12,2.56,5.12,2.56,4.140501882363538e-05,0.9994552652211015,0.0,0.0
62,Device,AssignAddVariableOp,AssignAddVariableOp_4,2,5.12,2.56,5.12,2.56,4.140501882363538e-05,0.9994966702399252,0.0,0.0
63,Device,Cast,Cast,2,5.12,2.56,5.12,2.56,4.140501882363538e-05,0.9995380752587488,0.0,0.0
64,Device,Cast,Cast_2,2,5.12,2.56,5.12,2.56,4.140501882363538e-05,0.9995794802775725,0.0,0.0
65,Device,ResourceApplyGradientDescent,SGD/SGD/update_7/ResourceApplyGradientDescent,2,5.12,2.56,5.12,2.56,4.140501882363538e-05,0.9996208852963961,0.0,0.0
66,Device,Sum,Sum_2,2,5.12,2.56,5.12,2.56,4.140501882363538e-05,0.9996622903152198,0.0,0.0
67,Device,Sum,categorical_crossentropy/weighted_loss/Sum,2,5.12,2.56,5.12,2.56,4.140501882363538e-05,0.9997036953340435,0.0,0.0
68,Device,DivNoNan,div_no_nan_1,2,5.12,2.56,5.12,2.56,4.140501882363538e-05,0.9997451003528671,0.0,0.0
69,Device,ReluGrad,gradient_tape/sequential/dense/ReluGrad,2,5.12,2.56,5.12,2.56,4.140501882363538e-05,0.9997865053716908,0.0,0.0
70,Device,_Recv,categorical_crossentropy/weighted_loss/num_elements/_14,2,4.864,2.432,4.864,2.432,3.9334767882453607e-05,0.9998258401395732,0.0,0.0
71,Device,Mul,Mul,2,4.096,2.048,4.096,2.048,3.312401505890831e-05,0.9998589641546322,0.0,0.0
72,Device,Cast,categorical_crossentropy/weighted_loss/num_elements/Cast,2,4.096,2.048,4.096,2.048,3.312401505890831e-05,0.9998920881696911,0.0,0.0
73,Device,DivNoNan,div_no_nan,2,4.096,2.048,4.096,2.048,3.312401505890831e-05,0.9999252121847501,0.0,0.0
74,Device,_Recv,Size/_16,2,3.104,1.552,3.104,1.552,2.5101792661828948e-05,0.9999503139774119,0.0,0.0
75,Device,LogicalAnd,LogicalAnd,1,3.072,3.072,3.072,3.072,2.484301129418123e-05,0.999975156988706,0.0,0.0
76,Device,_Recv,strided_slice/_12,2,3.072,1.536,3.072,1.536,2.484301129418123e-05,1.0000000000000002,0.0,0.0
77,Host,IDLE,IDLE,0,336033.637,0.0,336033.637,0.0,0.0,0.0,0.7192479531647618,0.7192479531647618
78,Host,GatherV2,GatherV2,1,49769.91,49769.91,49769.91,49769.91,0.0,0.0,0.10652774590150453,0.8257756990662662
79,Host,_Send,IteratorGetNext/_1,2,32634.724,16317.362,32634.724,16317.362,0.0,0.0,0.06985151441579322,0.8956272134820594
80,Host,_Send,IteratorGetNext/_3,2,32592.374,16296.187,32592.374,16296.187,0.0,0.0,0.06976086827962523,0.9653880817616847
81,Host,_Send,IteratorGetNext/_6,2,15609.97,7804.985,15609.97,7804.985,0.0,0.0,0.03341165209441022,0.9987997338560949
82,Host,GatherV2,GatherV2_1,1,212.802,212.802,212.802,212.802,0.0,0.0,0.0004554823865128943,0.9992552162426078
83,Host,FlushSummaryWriter,FlushSummaryWriter,1,40.121,40.121,40.121,40.121,0.0,0.0,8.587517424311724e-05,0.9993410914168509
84,Host,Dataset,Iterator::Root::ParallelMapV2::Zip[0]::FlatMap[1]::Concatenate,2,43.971,21.9855,38.861,19.4305,0.0,0.0,8.317826440671416e-05,0.9994242696812576
85,Host,Dataset,Iterator::Root::ParallelMapV2,2,38.36,19.18,38.36,19.18,0.0,0.0,8.210592168604912e-05,0.9995063756029436
86,Host,IteratorGetNext,IteratorGetNext,2,34.49,17.245,34.49,17.245,0.0,0.0,7.382255575995398e-05,0.9995801981587036
87,Host,Dataset,Iterator::Root,2,69.38,34.69,31.02,15.51,0.0,0.0,6.639535168668519e-05,0.9996465935103903
88,Host,LogicalAnd,LogicalAnd,1,30.471,30.471,30.471,30.471,0.0,0.0,6.5220269543681e-05,0.999711813779934
89,Host,Dataset,Iterator::Root::ParallelMapV2::Zip[0]::FlatMap,2,74.831,37.4155,30.17,15.085,0.0,0.0,6.457600774942915e-05,0.9997763897876835
90,Host,Dataset,Iterator::Root::ParallelMapV2::Zip[1]::ForeverRepeat,2,31.341,15.6705,27.781,13.8905,0.0,0.0,5.9462581083423635e-05,0.9998358523687669
91,Host,WriteSummary,WriteSummary,1,21.47,21.47,21.47,21.47,0.0,0.0,4.595448745045554e-05,0.9998818068562174
92,Host,Dataset,Iterator::Root::ParallelMapV2::Zip,2,122.492,61.246,16.32,8.16,0.0,0.0,3.4931403595316e-05,0.9999167382598128
93,Host,ReadVariableOp,ReadVariableOp,1,15.32,15.32,15.32,15.32,0.0,0.0,3.279099896325007e-05,0.999949529258776
94,Host,_HostSend,categorical_crossentropy/softmax_cross_entropy_with_logits/Shape_2/_9,2,11.23,5.615,11.23,5.615,0.0,0.0,2.403674401810041e-05,0.9999735660027941
95,Host,Dataset,Iterator::Root::ParallelMapV2::Zip[1]::ForeverRepeat::FromTensor,4,3.56,0.89,3.56,0.89,0.0,0.0,7.619840490154716e-06,0.9999811858432842
96,Host,Dataset,Iterator::Root::ParallelMapV2::Zip[0]::FlatMap[1]::Concatenate[1]::FromTensor,2,3.15,1.575,3.15,1.575,0.0,0.0,6.742274591007684e-06,0.9999879281178752
97,Host,Identity,Identity,2,2.99,1.495,2.99,1.495,0.0,0.0,6.399809849877135e-06,0.999994327927725
98,Host,Dataset,Iterator::Root::ParallelMapV2::Zip[0]::FlatMap[1]::Concatenate[0]::TensorSlice,1,1.96,1.96,1.96,1.96,0.0,0.0,4.195193078849226e-06,0.9999985231208038
99,Host,Dataset,Iterator::Root::ParallelMapV2::Zip[0]::FlatMap::Prefetch,1,0.69,0.69,0.69,0.69,0.0,0.0,1.4768791961254925e-06,1.0
