Rank,Host/device,Type,Operation,#Occurrences,Total time (us),Avg. time (us),Total self-time (us),Avg. self-time (us),Total self-time on Device (%),Cumulative total-self time on Device (%),Total self-time on Host (%),Cumulative total-self time on Host (%)
1,Device,DepthwiseConv2dNativeBackpropFilter,gradient_tape/mobilenetv2_1.00_256/expanded_conv_depthwise/depthwise/DepthwiseConv2dNativeBackpropFilter,2,40099.876,20049.938,40099.876,20049.938,0.264634485751009,0.264634485751009,0.0,0.0
2,Device,DepthwiseConv2dNativeBackpropFilter,gradient_tape/mobilenetv2_1.00_256/block_2_depthwise/depthwise/DepthwiseConv2dNativeBackpropFilter,2,14550.029,7275.0145,14550.029,7275.0145,0.09602123064114383,0.3606557163921528,0.0,0.0
3,Device,DepthwiseConv2dNativeBackpropFilter,gradient_tape/mobilenetv2_1.00_256/block_1_depthwise/depthwise/DepthwiseConv2dNativeBackpropFilter,2,14328.846,7164.423,14328.846,7164.423,0.09456155905857172,0.45521727545072455,0.0,0.0
4,Device,IDLE,IDLE,0,12672.905,0.0,12672.905,0.0,0.08363336828389173,0.5388506437346163,0.0,0.0
5,Device,DepthwiseConv2dNativeBackpropFilter,gradient_tape/mobilenetv2_1.00_256/block_3_depthwise/depthwise/DepthwiseConv2dNativeBackpropFilter,2,4090.884,2045.442,4090.884,2045.442,0.026997314994366337,0.5658479587289826,0.0,0.0
6,Device,_Recv,IteratorGetNext/_2,2,2174.786,1087.393,2174.786,1087.393,0.014352248239582933,0.5802002069685656,0.0,0.0
7,Device,FusedBatchNormGradV3,gradient_tape/mobilenetv2_1.00_256/block_1_expand_BN/FusedBatchNormGradV3,2,2037.761,1018.8805,2037.761,1018.8805,0.013447967627592212,0.5936481745961578,0.0,0.0
8,Device,DepthwiseConv2dNativeBackpropFilter,gradient_tape/mobilenetv2_1.00_256/block_6_depthwise/depthwise/DepthwiseConv2dNativeBackpropFilter,2,1825.794,912.897,1825.794,912.897,0.01204911596926828,0.6056972905654261,0.0,0.0
9,Device,Relu6Grad,gradient_tape/mobilenetv2_1.00_256/block_1_expand_relu/Relu6/Relu6Grad,2,1339.393,669.6965,1339.393,669.6965,0.008839168923452562,0.6145364594888787,0.0,0.0
10,Device,FusedBatchNormV3,mobilenetv2_1.00_256/block_1_expand_BN/FusedBatchNormV3,4,1293.314,323.3285,1293.314,323.3285,0.008535075901595818,0.6230715353904746,0.0,0.0
11,Device,Conv2DBackpropFilter,gradient_tape/mobilenetv2_1.00_256/block_1_expand/Conv2D/Conv2DBackpropFilter,2,1254.401,627.2005,1254.401,627.2005,0.00827827406649715,0.6313498094569717,0.0,0.0
12,Device,DepthwiseConv2dNativeBackpropInput,gradient_tape/mobilenetv2_1.00_256/block_1_depthwise/depthwise/DepthwiseConv2dNativeBackpropInput,2,1186.816,593.408,1186.816,593.408,0.007832254689293043,0.6391820641462648,0.0,0.0
13,Device,Slice,gradient_tape/mobilenetv2_1.00_256/block_1_pad/Slice_1,2,965.634,482.817,965.634,482.817,0.0063725897061050725,0.6455546538523699,0.0,0.0
14,Device,Pad,mobilenetv2_1.00_256/block_1_pad/Pad,2,906.24,453.12,906.24,453.12,0.005980625884404092,0.6515352797367739,0.0,0.0
15,Device,FusedBatchNormGradV3,gradient_tape/mobilenetv2_1.00_256/expanded_conv_depthwise_BN/FusedBatchNormGradV3,2,863.233,431.6165,863.233,431.6165,0.005696806170630073,0.657232085907404,0.0,0.0
16,Device,FusedBatchNormGradV3,gradient_tape/mobilenetv2_1.00_256/bn_Conv1/FusedBatchNormGradV3,2,861.185,430.5925,861.185,430.5925,0.0056832906319082555,0.6629153765393123,0.0,0.0
17,Device,Relu6,mobilenetv2_1.00_256/block_1_expand_relu/Relu6,2,859.136,429.568,859.136,429.568,0.005669768493802297,0.6685851450331146,0.0,0.0
18,Device,FusedBatchNormGradV3,gradient_tape/mobilenetv2_1.00_256/block_2_expand_BN/FusedBatchNormGradV3,2,794.625,397.3125,794.625,397.3125,0.005244035623449199,0.6738291806565638,0.0,0.0
19,Device,FusedBatchNormGradV3,gradient_tape/mobilenetv2_1.00_256/block_2_depthwise_BN/FusedBatchNormGradV3,2,792.577,396.2885,792.577,396.2885,0.005230520084727381,0.6790597007412912,0.0,0.0
20,Device,FusedBatchNormGradV3,gradient_tape/mobilenetv2_1.00_256/block_3_expand_BN/FusedBatchNormGradV3,2,792.577,396.2885,792.577,396.2885,0.005230520084727381,0.6842902208260185,0.0,0.0
21,Device,FusedBatchNormGradV3,gradient_tape/mobilenetv2_1.00_256/expanded_conv_project_BN/FusedBatchNormGradV3,2,692.225,346.1125,692.225,346.1125,0.004568258687358341,0.6888584795133769,0.0,0.0
22,Device,DepthwiseConv2dNative,mobilenetv2_1.00_256/block_1_depthwise/depthwise,2,679.938,339.969,679.938,339.969,0.004487172054411579,0.6933456515677885,0.0,0.0
23,Device,Conv2DBackpropFilter,gradient_tape/mobilenetv2_1.00_256/block_2_project/Conv2D/Conv2DBackpropFilter,2,638.976,319.488,638.976,319.488,0.004216848081206953,0.6975624996489954,0.0,0.0
24,Device,Conv2DBackpropInput,gradient_tape/mobilenetv2_1.00_256/block_1_expand/Conv2D/Conv2DBackpropInput,2,627.713,313.8565,627.713,313.8565,0.0041425192176211,0.7017050188666165,0.0,0.0
25,Device,Conv2DBackpropFilter,gradient_tape/mobilenetv2_1.00_256/block_3_expand/Conv2D/Conv2DBackpropFilter,2,626.688,313.344,626.688,313.344,0.00413575484887605,0.7058407737154926,0.0,0.0
26,Device,Conv2DBackpropFilter,gradient_tape/mobilenetv2_1.00_256/Conv1/Conv2D/Conv2DBackpropFilter,2,613.376,306.688,613.376,306.688,0.004047903847184238,0.7098886775626768,0.0,0.0
27,Device,Conv2DBackpropFilter,gradient_tape/mobilenetv2_1.00_256/block_2_expand/Conv2D/Conv2DBackpropFilter,2,604.16,302.08,604.16,302.08,0.003987083922936061,0.7138757614856128,0.0,0.0
28,Device,Conv2D,mobilenetv2_1.00_256/block_1_expand/Conv2D,2,592.896,296.448,592.896,296.448,0.003912748459966067,0.7177885099455789,0.0,0.0
29,Device,DepthwiseConv2dNativeBackpropInput,gradient_tape/mobilenetv2_1.00_256/block_2_depthwise/depthwise/DepthwiseConv2dNativeBackpropInput,2,569.345,284.6725,569.345,284.6725,0.003757326364049311,0.7215458363096282,0.0,0.0
30,Device,Conv2DBackpropFilter,gradient_tape/mobilenetv2_1.00_256/expanded_conv_project/Conv2D/Conv2DBackpropFilter,2,549.889,274.9445,549.889,274.9445,0.0036289287461920483,0.7251747650558202,0.0,0.0
31,Device,DepthwiseConv2dNative,mobilenetv2_1.00_256/block_2_depthwise/depthwise,2,527.36,263.68,527.36,263.68,0.003480251220867918,0.7286550162766882,0.0,0.0
32,Device,FusedBatchNormGradV3,gradient_tape/mobilenetv2_1.00_256/block_1_depthwise_BN/FusedBatchNormGradV3,2,521.216,260.608,521.216,260.608,0.0034397046047024665,0.7320947208813906,0.0,0.0
33,Device,DepthwiseConv2dNativeBackpropInput,gradient_tape/mobilenetv2_1.00_256/expanded_conv_depthwise/depthwise/DepthwiseConv2dNativeBackpropInput,2,512.001,256.0005,512.001,256.0005,0.003378891279838431,0.7354736121612291,0.0,0.0
34,Device,DepthwiseConv2dNative,mobilenetv2_1.00_256/expanded_conv_depthwise/depthwise,2,495.616,247.808,495.616,247.808,0.003270760370679752,0.7387443725319088,0.0,0.0
35,Device,Relu6Grad,gradient_tape/mobilenetv2_1.00_256/block_2_depthwise_relu/Relu6/Relu6Grad,2,494.592,247.296,494.592,247.296,0.0032640026013188435,0.7420083751332277,0.0,0.0
36,Device,Relu6Grad,gradient_tape/mobilenetv2_1.00_256/block_2_expand_relu/Relu6/Relu6Grad,2,494.592,247.296,494.592,247.296,0.0032640026013188435,0.7452723777345466,0.0,0.0
37,Device,FusedBatchNormV3,mobilenetv2_1.00_256/bn_Conv1/FusedBatchNormV3,4,492.546,123.1365,492.546,123.1365,0.003250500261365309,0.7485228779959119,0.0,0.0
38,Device,Relu6Grad,gradient_tape/mobilenetv2_1.00_256/block_3_expand_relu/Relu6/Relu6Grad,2,492.545,246.2725,492.545,246.2725,0.003250493661981168,0.751773371657893,0.0,0.0
39,Device,DepthwiseConv2dNativeBackpropFilter,gradient_tape/mobilenetv2_1.00_256/block_13_depthwise/depthwise/DepthwiseConv2dNativeBackpropFilter,2,486.4,243.2,486.4,243.2,0.0032099404464315745,0.7549833121043246,0.0,0.0
40,Device,FusedBatchNormV3,mobilenetv2_1.00_256/block_2_depthwise_BN/FusedBatchNormV3,4,484.352,121.088,484.352,121.088,0.0031964249077097574,0.7581797370120343,0.0,0.0
41,Device,FusedBatchNormV3,mobilenetv2_1.00_256/expanded_conv_depthwise_BN/FusedBatchNormV3,4,483.328,120.832,483.328,120.832,0.003189667138348849,0.7613694041503832,0.0,0.0
42,Device,FusedBatchNormV3,mobilenetv2_1.00_256/block_2_expand_BN/FusedBatchNormV3,4,481.28,120.32,481.28,120.32,0.0031761515996270315,0.7645455557500103,0.0,0.0
43,Device,FusedBatchNormV3,mobilenetv2_1.00_256/block_3_expand_BN/FusedBatchNormV3,4,480.258,120.0645,480.258,120.0645,0.0031694070290344063,0.7677149627790447,0.0,0.0
44,Device,DepthwiseConv2dNativeBackpropInput,gradient_tape/mobilenetv2_1.00_256/block_3_depthwise/depthwise/DepthwiseConv2dNativeBackpropInput,2,465.92,232.96,465.92,232.96,0.0030747850592134033,0.7707897478382582,0.0,0.0
45,Device,Relu6Grad,gradient_tape/mobilenetv2_1.00_256/expanded_conv_depthwise_relu/Relu6/Relu6Grad,2,421.888,210.944,421.888,210.944,0.002784200976694334,0.7735739488149525,0.0,0.0
46,Device,Relu6Grad,gradient_tape/mobilenetv2_1.00_256/Conv1_relu/Relu6/Relu6Grad,2,420.865,210.4325,420.865,210.4325,0.0027774498067175673,0.77635139862167,0.0,0.0
47,Device,FusedBatchNormV3,mobilenetv2_1.00_256/expanded_conv_project_BN/FusedBatchNormV3,4,382.978,95.7445,382.978,95.7445,0.0025274189397480914,0.7788788175614181,0.0,0.0
48,Device,Conv2D,mobilenetv2_1.00_256/Conv1/Conv2D,2,360.448,180.224,360.448,180.224,0.0023787348150398195,0.7812575523764579,0.0,0.0
49,Device,Slice,gradient_tape/mobilenetv2_1.00_256/block_3_pad/Slice_1,2,356.352,178.176,356.352,178.176,0.002351703737596185,0.7836092561140541,0.0,0.0
50,Device,Conv2DBackpropFilter,gradient_tape/mobilenetv2_1.00_256/block_1_project/Conv2D/Conv2DBackpropFilter,2,348.161,174.0805,348.161,174.0805,0.0022976481820930583,0.7859069042961472,0.0,0.0
51,Device,Pad,mobilenetv2_1.00_256/block_3_pad/Pad,2,344.064,172.032,344.064,172.032,0.0022706105052652825,0.7881775148014125,0.0,0.0
52,Device,Relu6Grad,gradient_tape/mobilenetv2_1.00_256/block_1_depthwise_relu/Relu6/Relu6Grad,2,330.752,165.376,330.752,165.376,0.002182759503573471,0.790360274304986,0.0,0.0
53,Device,Relu6,mobilenetv2_1.00_256/block_2_expand_relu/Relu6,2,325.634,162.817,325.634,162.817,0.002148983855537211,0.7925092581605232,0.0,0.0
54,Device,Relu6,mobilenetv2_1.00_256/block_2_depthwise_relu/Relu6,2,324.608,162.304,324.608,162.304,0.0021422128874080196,0.7946514710479312,0.0,0.0
55,Device,Relu6,mobilenetv2_1.00_256/block_3_expand_relu/Relu6,2,324.608,162.304,324.608,162.304,0.0021422128874080196,0.7967936839353392,0.0,0.0
56,Device,FusedBatchNormV3,mobilenetv2_1.00_256/block_1_depthwise_BN/FusedBatchNormV3,4,316.416,79.104,316.416,79.104,0.0020881507325207506,0.79888183466786,0.0,0.0
57,Device,Relu6,mobilenetv2_1.00_256/expanded_conv_depthwise_relu/Relu6,2,289.792,144.896,289.792,144.896,0.0019124487291371276,0.8007942833969971,0.0,0.0
58,Device,Relu6,mobilenetv2_1.00_256/Conv1_relu/Relu6,2,288.768,144.384,288.768,144.384,0.001905690959776219,0.8026999743567733,0.0,0.0
59,Device,Conv2DBackpropFilter,gradient_tape/mobilenetv2_1.00_256/Conv_1/Conv2D/Conv2DBackpropFilter,2,278.528,139.264,278.528,139.264,0.0018381132661671334,0.8045380876229404,0.0,0.0
60,Device,Conv2D,mobilenetv2_1.00_256/block_3_expand/Conv2D,2,273.408,136.704,273.408,136.704,0.0018043244193625906,0.8063424120423031,0.0,0.0
61,Device,Conv2D,mobilenetv2_1.00_256/block_2_expand/Conv2D,2,272.384,136.192,272.384,136.192,0.001797566650001682,0.8081399786923047,0.0,0.0
62,Device,FusedBatchNormGradV3,gradient_tape/mobilenetv2_1.00_256/block_4_depthwise_BN/FusedBatchNormGradV3,2,267.264,133.632,267.264,133.632,0.001763777803197139,0.8099037564955018,0.0,0.0
63,Device,FusedBatchNormGradV3,gradient_tape/mobilenetv2_1.00_256/block_4_expand_BN/FusedBatchNormGradV3,2,267.264,133.632,267.264,133.632,0.001763777803197139,0.811667534298699,0.0,0.0
64,Device,FusedBatchNormGradV3,gradient_tape/mobilenetv2_1.00_256/block_5_expand_BN/FusedBatchNormGradV3,2,267.264,133.632,267.264,133.632,0.001763777803197139,0.8134313121018961,0.0,0.0
65,Device,Conv2DBackpropInput,gradient_tape/mobilenetv2_1.00_256/block_2_project/Conv2D/Conv2DBackpropInput,2,266.24,133.12,266.24,133.12,0.0017570200338362305,0.8151883321357324,0.0,0.0
66,Device,FusedBatchNormGradV3,gradient_tape/mobilenetv2_1.00_256/block_5_depthwise_BN/FusedBatchNormGradV3,2,266.24,133.12,266.24,133.12,0.0017570200338362305,0.8169453521695687,0.0,0.0
67,Device,FusedBatchNormGradV3,gradient_tape/mobilenetv2_1.00_256/block_6_expand_BN/FusedBatchNormGradV3,2,266.24,133.12,266.24,133.12,0.0017570200338362305,0.8187023722034049,0.0,0.0
68,Device,Conv2DBackpropInput,gradient_tape/mobilenetv2_1.00_256/Conv_1/Conv2D/Conv2DBackpropInput,4,254.976,63.744,254.976,63.744,0.001682684570866236,0.8203850567742712,0.0,0.0
69,Device,Conv2DBackpropInput,gradient_tape/mobilenetv2_1.00_256/block_3_expand/Conv2D/Conv2DBackpropInput,2,241.664,120.832,241.664,120.832,0.0015948335691744245,0.8219798903434457,0.0,0.0
70,Device,Conv2DBackpropInput,gradient_tape/mobilenetv2_1.00_256/expanded_conv_project/Conv2D/Conv2DBackpropInput,2,238.592,119.296,238.592,119.296,0.0015745602610916988,0.8235544506045374,0.0,0.0
71,Device,Conv2D,mobilenetv2_1.00_256/expanded_conv_project/Conv2D,2,238.592,119.296,238.592,119.296,0.0015745602610916988,0.8251290108656291,0.0,0.0
72,Device,Conv2DBackpropInput,gradient_tape/mobilenetv2_1.00_256/block_2_expand/Conv2D/Conv2DBackpropInput,2,235.521,117.7605,235.521,117.7605,0.0015542935523931145,0.8266833044180222,0.0,0.0
73,Device,DepthwiseConv2dNative,mobilenetv2_1.00_256/block_3_depthwise/depthwise,2,230.4,115.2,230.4,115.2,0.0015204981062044301,0.8282038025242267,0.0,0.0
74,Device,Relu6,mobilenetv2_1.00_256/block_1_depthwise_relu/Relu6,2,218.112,109.056,218.112,109.056,0.0014394048738735272,0.8296432073981002,0.0,0.0
75,Device,FusedBatchNormGradV3,gradient_tape/mobilenetv2_1.00_256/block_2_project_BN/FusedBatchNormGradV3,2,208.897,104.4485,208.897,104.4485,0.0013785915490094915,0.8310217989471097,0.0,0.0
76,Device,DepthwiseConv2dNativeBackpropInput,gradient_tape/mobilenetv2_1.00_256/block_5_depthwise/depthwise/DepthwiseConv2dNativeBackpropInput,2,206.849,103.4245,206.849,103.4245,0.0013650760102876744,0.8323868749573974,0.0,0.0
77,Device,DepthwiseConv2dNativeBackpropInput,gradient_tape/mobilenetv2_1.00_256/block_4_depthwise/depthwise/DepthwiseConv2dNativeBackpropInput,2,206.848,103.424,206.848,103.424,0.001365069410903533,0.8337519443683009,0.0,0.0
78,Device,FusedBatchNormGradV3,gradient_tape/mobilenetv2_1.00_256/block_1_project_BN/FusedBatchNormGradV3,2,203.776,101.888,203.776,101.888,0.001344796102820807,0.8350967404711217,0.0,0.0
79,Device,SoftmaxCrossEntropyWithLogits,categorical_crossentropy/softmax_cross_entropy_with_logits,2,200.704,100.352,200.704,100.352,0.0013245227947380814,0.8364212632658597,0.0,0.0
80,Device,FusedBatchNormGradV3,gradient_tape/mobilenetv2_1.00_256/block_3_depthwise_BN/FusedBatchNormGradV3,2,199.68,99.84,199.68,99.84,0.0013177650253771728,0.8377390282912369,0.0,0.0
81,Device,Conv2DBackpropFilter,gradient_tape/mobilenetv2_1.00_256/block_16_project/Conv2D/Conv2DBackpropFilter,4,198.656,49.664,198.656,49.664,0.0013110072560162643,0.8390500355472532,0.0,0.0
82,Device,Conv2D,mobilenetv2_1.00_256/block_2_project/Conv2D,2,196.608,98.304,196.608,98.304,0.0012974917172944472,0.8403475272645476,0.0,0.0
83,Device,Conv2DBackpropFilter,gradient_tape/mobilenetv2_1.00_256/block_12_project/Conv2D/Conv2DBackpropFilter,2,191.489,95.7445,191.489,95.7445,0.0012637094698740457,0.8416112367344217,0.0,0.0
84,Device,Conv2DBackpropFilter,gradient_tape/mobilenetv2_1.00_256/block_11_project/Conv2D/Conv2DBackpropFilter,2,190.464,95.232,190.464,95.232,0.0012569451011289956,0.8428681818355507,0.0,0.0
85,Device,Conv2DBackpropFilter,gradient_tape/mobilenetv2_1.00_256/block_12_expand/Conv2D/Conv2DBackpropFilter,2,189.44,94.72,189.44,94.72,0.001250187331768087,0.8441183691673187,0.0,0.0
86,Device,Conv2DBackpropFilter,gradient_tape/mobilenetv2_1.00_256/block_6_expand/Conv2D/Conv2DBackpropFilter,2,189.44,94.72,189.44,94.72,0.001250187331768087,0.8453685564990868,0.0,0.0
87,Device,Conv2DBackpropFilter,gradient_tape/mobilenetv2_1.00_256/block_11_expand/Conv2D/Conv2DBackpropFilter,2,188.416,94.208,188.416,94.208,0.0012434295624071784,0.846611986061494,0.0,0.0
88,Device,Conv2DBackpropFilter,gradient_tape/mobilenetv2_1.00_256/block_13_expand/Conv2D/Conv2DBackpropFilter,2,188.416,94.208,188.416,94.208,0.0012434295624071784,0.8478554156239012,0.0,0.0
89,Device,Conv2DBackpropInput,gradient_tape/mobilenetv2_1.00_256/block_1_project/Conv2D/Conv2DBackpropInput,2,186.368,93.184,186.368,93.184,0.0012299140236853613,0.8490853296475865,0.0,0.0
90,Device,Conv2DBackpropFilter,gradient_tape/mobilenetv2_1.00_256/block_5_expand/Conv2D/Conv2DBackpropFilter,2,182.273,91.1365,182.273,91.1365,0.0012028895456258684,0.8502882191932124,0.0,0.0
91,Device,Conv2DBackpropFilter,gradient_tape/mobilenetv2_1.00_256/block_4_expand/Conv2D/Conv2DBackpropFilter,2,181.248,90.624,181.248,90.624,0.0011961251768808183,0.8514843443700932,0.0,0.0
92,Device,Conv2DBackpropFilter,gradient_tape/mobilenetv2_1.00_256/block_4_project/Conv2D/Conv2DBackpropFilter,2,177.152,88.576,177.152,88.576,0.001169094099437184,0.8526534384695305,0.0,0.0
93,Device,Conv2DBackpropFilter,gradient_tape/mobilenetv2_1.00_256/block_5_project/Conv2D/Conv2DBackpropFilter,2,175.104,87.552,175.104,87.552,0.001155578560715367,0.8538090170302458,0.0,0.0
94,Device,DepthwiseConv2dNativeBackpropFilter,gradient_tape/mobilenetv2_1.00_256/block_4_depthwise/depthwise/DepthwiseConv2dNativeBackpropFilter,2,171.008,85.504,171.008,85.504,0.0011285474832717327,0.8549375645135175,0.0,0.0
95,Device,DepthwiseConv2dNativeBackpropFilter,gradient_tape/mobilenetv2_1.00_256/block_5_depthwise/depthwise/DepthwiseConv2dNativeBackpropFilter,2,171.008,85.504,171.008,85.504,0.0011285474832717327,0.8560661119967893,0.0,0.0
96,Device,DepthwiseConv2dNativeBackpropInput,gradient_tape/mobilenetv2_1.00_256/block_6_depthwise/depthwise/DepthwiseConv2dNativeBackpropInput,2,171.008,85.504,171.008,85.504,0.0011285474832717327,0.857194659480061,0.0,0.0
97,Device,Conv2DBackpropFilter,gradient_tape/mobilenetv2_1.00_256/block_10_project/Conv2D/Conv2DBackpropFilter,2,167.936,83.968,167.936,83.968,0.001108274175189007,0.85830293365525,0.0,0.0
98,Device,Conv2DBackpropFilter,gradient_tape/mobilenetv2_1.00_256/block_8_project/Conv2D/Conv2DBackpropFilter,2,165.889,82.9445,165.889,82.9445,0.0010947652358513312,0.8593976988911013,0.0,0.0
99,Device,Conv2DBackpropFilter,gradient_tape/mobilenetv2_1.00_256/block_7_project/Conv2D/Conv2DBackpropFilter,2,165.888,82.944,165.888,82.944,0.0010947586364671896,0.8604924575275685,0.0,0.0
100,Device,Conv2DBackpropFilter,gradient_tape/mobilenetv2_1.00_256/block_9_project/Conv2D/Conv2DBackpropFilter,2,165.888,82.944,165.888,82.944,0.0010947586364671896,0.8615872161640358,0.0,0.0
101,Device,Relu6Grad,gradient_tape/mobilenetv2_1.00_256/block_4_expand_relu/Relu6/Relu6Grad,2,163.841,81.9205,163.841,81.9205,0.0010812496971295141,0.8626684658611653,0.0,0.0
102,Device,Relu6Grad,gradient_tape/mobilenetv2_1.00_256/block_5_expand_relu/Relu6/Relu6Grad,2,163.84,81.92,163.84,81.92,0.0010812430977453725,0.8637497089589107,0.0,0.0
103,Device,Relu6Grad,gradient_tape/mobilenetv2_1.00_256/block_6_expand_relu/Relu6/Relu6Grad,2,163.84,81.92,163.84,81.92,0.0010812430977453725,0.864830952056656,0.0,0.0
104,Device,FusedBatchNormV3,mobilenetv2_1.00_256/block_5_depthwise_BN/FusedBatchNormV3,4,163.84,40.96,163.84,40.96,0.0010812430977453725,0.8659121951544014,0.0,0.0
105,Device,FusedBatchNormV3,mobilenetv2_1.00_256/block_4_depthwise_BN/FusedBatchNormV3,4,162.816,40.704,162.816,40.704,0.001074485328384464,0.8669866804827859,0.0,0.0
106,Device,Relu6Grad,gradient_tape/mobilenetv2_1.00_256/block_5_depthwise_relu/Relu6/Relu6Grad,2,160.768,80.384,160.768,80.384,0.0010609697896626468,0.8680476502724486,0.0,0.0
107,Device,Relu6Grad,gradient_tape/mobilenetv2_1.00_256/block_4_depthwise_relu/Relu6/Relu6Grad,2,159.744,79.872,159.744,79.872,0.0010542120203017383,0.8691018622927503,0.0,0.0
108,Device,FusedBatchNormV3,mobilenetv2_1.00_256/block_6_expand_BN/FusedBatchNormV3,4,159.744,39.936,159.744,39.936,0.0010542120203017383,0.8701560743130521,0.0,0.0
109,Device,DepthwiseConv2dNativeBackpropInput,gradient_tape/mobilenetv2_1.00_256/block_11_depthwise/depthwise/DepthwiseConv2dNativeBackpropInput,2,158.72,79.36,158.72,79.36,0.0010474542509408297,0.871203528563993,0.0,0.0
110,Device,FusedBatchNormV3,mobilenetv2_1.00_256/block_4_expand_BN/FusedBatchNormV3,4,158.72,39.68,158.72,39.68,0.0010474542509408297,0.8722509828149339,0.0,0.0
111,Device,FusedBatchNormV3,mobilenetv2_1.00_256/block_5_expand_BN/FusedBatchNormV3,4,158.72,39.68,158.72,39.68,0.0010474542509408297,0.8732984370658747,0.0,0.0
112,Device,DepthwiseConv2dNativeBackpropInput,gradient_tape/mobilenetv2_1.00_256/block_12_depthwise/depthwise/DepthwiseConv2dNativeBackpropInput,2,156.672,78.336,156.672,78.336,0.0010339387122190126,0.8743323757780938,0.0,0.0
113,Device,Conv2DBackpropFilter,gradient_tape/mobilenetv2_1.00_256/block_3_project/Conv2D/Conv2DBackpropFilter,2,154.624,77.312,154.624,77.312,0.0010204231734971952,0.8753527989515909,0.0,0.0
114,Device,Conv2D,mobilenetv2_1.00_256/block_16_project/Conv2D,2,148.48,74.24,148.48,74.24,0.0009798765573317439,0.8763326755089227,0.0,0.0
115,Device,Conv2DBackpropFilter,gradient_tape/mobilenetv2_1.00_256/block_16_expand/Conv2D/Conv2DBackpropFilter,4,146.432,36.608,146.432,36.608,0.0009663610186099266,0.8772990365275326,0.0,0.0
116,Device,Conv2DBackpropFilter,gradient_tape/mobilenetv2_1.00_256/block_15_expand/Conv2D/Conv2DBackpropFilter,4,144.384,36.096,144.384,36.096,0.0009528454798881095,0.8782518820074208,0.0,0.0
117,Device,Conv2DBackpropInput,gradient_tape/mobilenetv2_1.00_256/block_14_expand/Conv2D/Conv2DBackpropInput,4,143.36,35.84,143.36,35.84,0.0009460877105272011,0.879197969717948,0.0,0.0
118,Device,Conv2D,mobilenetv2_1.00_256/block_1_project/Conv2D,2,143.36,71.68,143.36,71.68,0.0009460877105272011,0.8801440574284751,0.0,0.0
119,Device,Conv2DBackpropFilter,gradient_tape/mobilenetv2_1.00_256/block_14_expand/Conv2D/Conv2DBackpropFilter,4,142.337,35.58425,142.337,35.58425,0.0009393365405504339,0.8810833939690256,0.0,0.0
120,Device,Conv2DBackpropInput,gradient_tape/mobilenetv2_1.00_256/block_16_expand/Conv2D/Conv2DBackpropInput,4,142.337,35.58425,142.337,35.58425,0.0009393365405504339,0.882022730509576,0.0,0.0
121,Device,Conv2DBackpropInput,gradient_tape/mobilenetv2_1.00_256/block_15_expand/Conv2D/Conv2DBackpropInput,4,142.336,35.584,142.336,35.584,0.0009393299411662925,0.8829620604507423,0.0,0.0
122,Device,ArgMax,ArgMax,2,141.313,70.6565,141.313,70.6565,0.0009325787711895253,0.8838946392219319,0.0,0.0
123,Device,DepthwiseConv2dNativeBackpropInput,gradient_tape/mobilenetv2_1.00_256/block_13_depthwise/depthwise/DepthwiseConv2dNativeBackpropInput,2,138.24,69.12,138.24,69.12,0.0009122988637226581,0.8848069380856546,0.0,0.0
124,Device,Conv2DBackpropInput,gradient_tape/mobilenetv2_1.00_256/block_13_expand/Conv2D/Conv2DBackpropInput,2,138.24,69.12,138.24,69.12,0.0009122988637226581,0.8857192369493773,0.0,0.0
125,Device,Conv2D,mobilenetv2_1.00_256/Conv_1/Conv2D,2,138.24,69.12,138.24,69.12,0.0009122988637226581,0.8866315358131,0.0,0.0
126,Device,DepthwiseConv2dNativeBackpropFilter,gradient_tape/mobilenetv2_1.00_256/block_11_depthwise/depthwise/DepthwiseConv2dNativeBackpropFilter,2,136.193,68.0965,136.193,68.0965,0.0008987899243849825,0.8875303257374849,0.0,0.0
127,Device,Conv2DBackpropInput,gradient_tape/mobilenetv2_1.00_256/block_11_expand/Conv2D/Conv2DBackpropInput,2,135.168,67.584,135.168,67.584,0.0008920255556399324,0.8884223512931249,0.0,0.0
128,Device,DepthwiseConv2dNativeBackpropFilter,gradient_tape/mobilenetv2_1.00_256/block_12_depthwise/depthwise/DepthwiseConv2dNativeBackpropFilter,2,135.168,67.584,135.168,67.584,0.0008920255556399324,0.8893143768487648,0.0,0.0
129,Device,Conv2DBackpropInput,gradient_tape/mobilenetv2_1.00_256/block_12_expand/Conv2D/Conv2DBackpropInput,2,133.121,66.5605,133.121,66.5605,0.0008785166163022568,0.890192893465067,0.0,0.0
130,Device,Conv2DBackpropInput,gradient_tape/mobilenetv2_1.00_256/block_16_project/Conv2D/Conv2DBackpropInput,2,128.0,64.0,128.0,64.0,0.0008447211701135723,0.8910376146351806,0.0,0.0
131,Device,Transpose,gradient_tape/mobilenetv2_1.00_256/Conv1/Conv2D/Conv2DBackpropFilter-0-TransposeNHWCToNCHW-LayoutOptimizer,2,124.928,62.464,124.928,62.464,0.0008244478620308465,0.8918620624972114,0.0,0.0
132,Device,FusedBatchNormGradV3,gradient_tape/mobilenetv2_1.00_256/block_11_depthwise_BN/FusedBatchNormGradV3,2,124.928,62.464,124.928,62.464,0.0008244478620308465,0.8926865103592423,0.0,0.0
133,Device,FusedBatchNormGradV3,gradient_tape/mobilenetv2_1.00_256/block_11_expand_BN/FusedBatchNormGradV3,2,124.928,62.464,124.928,62.464,0.0008244478620308465,0.8935109582212731,0.0,0.0
134,Device,Relu6Grad,gradient_tape/mobilenetv2_1.00_256/block_11_expand_relu/Relu6/Relu6Grad,2,124.928,62.464,124.928,62.464,0.0008244478620308465,0.894335406083304,0.0,0.0
135,Device,FusedBatchNormGradV3,gradient_tape/mobilenetv2_1.00_256/block_12_depthwise_BN/FusedBatchNormGradV3,2,124.928,62.464,124.928,62.464,0.0008244478620308465,0.8951598539453348,0.0,0.0
136,Device,FusedBatchNormGradV3,gradient_tape/mobilenetv2_1.00_256/block_12_expand_BN/FusedBatchNormGradV3,2,124.928,62.464,124.928,62.464,0.0008244478620308465,0.8959843018073657,0.0,0.0
137,Device,FusedBatchNormGradV3,gradient_tape/mobilenetv2_1.00_256/block_13_expand_BN/FusedBatchNormGradV3,2,124.928,62.464,124.928,62.464,0.0008244478620308465,0.8968087496693965,0.0,0.0
138,Device,Relu6Grad,gradient_tape/mobilenetv2_1.00_256/block_13_expand_relu/Relu6/Relu6Grad,2,124.928,62.464,124.928,62.464,0.0008244478620308465,0.8976331975314273,0.0,0.0
139,Device,Relu6Grad,gradient_tape/mobilenetv2_1.00_256/block_12_expand_relu/Relu6/Relu6Grad,2,122.88,61.44,122.88,61.44,0.0008109323233090294,0.8984441298547363,0.0,0.0
140,Device,Slice,gradient_tape/mobilenetv2_1.00_256/block_6_pad/Slice_1,2,122.88,61.44,122.88,61.44,0.0008109323233090294,0.8992550621780453,0.0,0.0
141,Device,Conv2DBackpropInput,gradient_tape/mobilenetv2_1.00_256/block_12_project/Conv2D/Conv2DBackpropInput,2,121.856,60.928,121.856,60.928,0.0008041745539481208,0.9000592367319934,0.0,0.0
142,Device,Conv2D,mobilenetv2_1.00_256/block_11_project/Conv2D,2,121.856,60.928,121.856,60.928,0.0008041745539481208,0.9008634112859415,0.0,0.0
143,Device,Pad,mobilenetv2_1.00_256/block_6_pad/Pad,2,121.856,60.928,121.856,60.928,0.0008041745539481208,0.9016675858398896,0.0,0.0
144,Device,Conv2DBackpropInput,gradient_tape/mobilenetv2_1.00_256/block_11_project/Conv2D/Conv2DBackpropInput,2,120.832,60.416,120.832,60.416,0.0007974167845872123,0.9024650026244768,0.0,0.0
145,Device,Conv2D,mobilenetv2_1.00_256/block_12_project/Conv2D,2,120.832,60.416,120.832,60.416,0.0007974167845872123,0.903262419409064,0.0,0.0
146,Device,Relu6Grad,gradient_tape/mobilenetv2_1.00_256/block_11_depthwise_relu/Relu6/Relu6Grad,2,119.808,59.904,119.808,59.904,0.0007906590152263037,0.9040530784242904,0.0,0.0
147,Device,Relu6Grad,gradient_tape/mobilenetv2_1.00_256/block_12_depthwise_relu/Relu6/Relu6Grad,2,119.808,59.904,119.808,59.904,0.0007906590152263037,0.9048437374395167,0.0,0.0
148,Device,Conv2DBackpropFilter,gradient_tape/mobilenetv2_1.00_256/block_14_project/Conv2D/Conv2DBackpropFilter,4,118.785,29.69625,118.785,29.69625,0.0007839078452495366,0.9056276452847662,0.0,0.0
149,Device,Relu6Grad,gradient_tape/mobilenetv2_1.00_256/block_3_depthwise_relu/Relu6/Relu6Grad,2,118.784,59.392,118.784,59.392,0.0007839012458653951,0.9064115465306316,0.0,0.0
150,Device,Conv2DBackpropFilter,gradient_tape/mobilenetv2_1.00_256/block_15_project/Conv2D/Conv2DBackpropFilter,4,117.76,29.44,117.76,29.44,0.0007771434765044866,0.9071886900071361,0.0,0.0
151,Device,DepthwiseConv2dNative,mobilenetv2_1.00_256/block_5_depthwise/depthwise,2,117.76,58.88,117.76,58.88,0.0007771434765044866,0.9079658334836406,0.0,0.0
152,Device,DepthwiseConv2dNative,mobilenetv2_1.00_256/block_4_depthwise/depthwise,2,115.714,57.857,115.714,57.857,0.0007636411365509524,0.9087294746201915,0.0,0.0
153,Device,FusedBatchNormV3,mobilenetv2_1.00_256/block_3_depthwise_BN/FusedBatchNormV3,4,114.688,28.672,114.688,28.672,0.0007568701684217608,0.9094863447886132,0.0,0.0
154,Device,ArgMax,ArgMax_1,2,111.617,55.8085,111.617,55.8085,0.0007366034597231766,0.9102229482483364,0.0,0.0
155,Device,Conv2DBackpropInput,gradient_tape/mobilenetv2_1.00_256/block_10_expand/Conv2D/Conv2DBackpropInput,2,111.616,55.808,111.616,55.808,0.0007365968603390351,0.9109595451086754,0.0,0.0
156,Device,Relu6,mobilenetv2_1.00_256/block_4_expand_relu/Relu6,2,111.616,55.808,111.616,55.808,0.0007365968603390351,0.9116961419690144,0.0,0.0
157,Device,FusedBatchNormV3,mobilenetv2_1.00_256/block_2_project_BN/FusedBatchNormV3,4,110.592,27.648,110.592,27.648,0.0007298390909781264,0.9124259810599925,0.0,0.0
158,Device,Relu6,mobilenetv2_1.00_256/block_4_depthwise_relu/Relu6,2,110.592,55.296,110.592,55.296,0.0007298390909781264,0.9131558201509706,0.0,0.0
159,Device,Relu6,mobilenetv2_1.00_256/block_5_depthwise_relu/Relu6,2,110.592,55.296,110.592,55.296,0.0007298390909781264,0.9138856592419488,0.0,0.0
160,Device,Relu6,mobilenetv2_1.00_256/block_5_expand_relu/Relu6,2,110.592,55.296,110.592,55.296,0.0007298390909781264,0.9146154983329269,0.0,0.0
161,Device,Relu6,mobilenetv2_1.00_256/block_6_expand_relu/Relu6,2,110.592,55.296,110.592,55.296,0.0007298390909781264,0.915345337423905,0.0,0.0
162,Device,Conv2D,mobilenetv2_1.00_256/block_11_expand/Conv2D,2,109.568,54.784,109.568,54.784,0.0007230813216172179,0.9160684187455223,0.0,0.0
163,Device,DepthwiseConv2dNativeBackpropInput,gradient_tape/mobilenetv2_1.00_256/block_7_depthwise/depthwise/DepthwiseConv2dNativeBackpropInput,2,108.544,54.272,108.544,54.272,0.0007163235522563093,0.9167847422977785,0.0,0.0
164,Device,Conv2DBackpropFilter,gradient_tape/mobilenetv2_1.00_256/block_7_expand/Conv2D/Conv2DBackpropFilter,2,108.544,54.272,108.544,54.272,0.0007163235522563093,0.9175010658500348,0.0,0.0
165,Device,DepthwiseConv2dNativeBackpropInput,gradient_tape/mobilenetv2_1.00_256/block_8_depthwise/depthwise/DepthwiseConv2dNativeBackpropInput,2,108.544,54.272,108.544,54.272,0.0007163235522563093,0.918217389402291,0.0,0.0
166,Device,DepthwiseConv2dNativeBackpropInput,gradient_tape/mobilenetv2_1.00_256/block_9_depthwise/depthwise/DepthwiseConv2dNativeBackpropInput,2,108.544,54.272,108.544,54.272,0.0007163235522563093,0.9189337129545473,0.0,0.0
167,Device,Conv2DBackpropFilter,gradient_tape/mobilenetv2_1.00_256/block_10_expand/Conv2D/Conv2DBackpropFilter,2,107.521,53.7605,107.521,53.7605,0.0007095723822795422,0.9196432853368268,0.0,0.0
168,Device,DepthwiseConv2dNativeBackpropInput,gradient_tape/mobilenetv2_1.00_256/block_10_depthwise/depthwise/DepthwiseConv2dNativeBackpropInput,2,107.52,53.76,107.52,53.76,0.0007095657828954007,0.9203528511197222,0.0,0.0
169,Device,Conv2DBackpropInput,gradient_tape/mobilenetv2_1.00_256/block_7_expand/Conv2D/Conv2DBackpropInput,2,107.52,53.76,107.52,53.76,0.0007095657828954007,0.9210624169026176,0.0,0.0
170,Device,Conv2DBackpropFilter,gradient_tape/mobilenetv2_1.00_256/block_8_expand/Conv2D/Conv2DBackpropFilter,2,107.52,53.76,107.52,53.76,0.0007095657828954007,0.921771982685513,0.0,0.0
171,Device,Conv2DBackpropFilter,gradient_tape/mobilenetv2_1.00_256/block_9_expand/Conv2D/Conv2DBackpropFilter,2,107.52,53.76,107.52,53.76,0.0007095657828954007,0.9224815484684084,0.0,0.0
172,Device,Conv2DBackpropInput,gradient_tape/mobilenetv2_1.00_256/block_9_expand/Conv2D/Conv2DBackpropInput,2,107.52,53.76,107.52,53.76,0.0007095657828954007,0.9231911142513037,0.0,0.0
173,Device,Conv2D,mobilenetv2_1.00_256/block_12_expand/Conv2D,2,107.52,53.76,107.52,53.76,0.0007095657828954007,0.9239006800341991,0.0,0.0
174,Device,Conv2DBackpropInput,gradient_tape/mobilenetv2_1.00_256/block_8_expand/Conv2D/Conv2DBackpropInput,2,106.496,53.248,106.496,53.248,0.0007028080135344922,0.9246034880477336,0.0,0.0
175,Device,Conv2D,mobilenetv2_1.00_256/block_13_expand/Conv2D,2,106.496,53.248,106.496,53.248,0.0007028080135344922,0.9253062960612681,0.0,0.0
176,Device,FusedBatchNormV3,mobilenetv2_1.00_256/block_1_project_BN/FusedBatchNormV3,4,104.448,26.112,104.448,26.112,0.000689292474812675,0.9259955885360808,0.0,0.0
177,Device,Conv2D,mobilenetv2_1.00_256/block_15_project/Conv2D,2,102.4,51.2,102.4,51.2,0.0006757769360908579,0.9266713654721717,0.0,0.0
178,Device,Conv2D,mobilenetv2_1.00_256/block_14_project/Conv2D,2,101.377,50.6885,101.377,50.6885,0.0006690257661140907,0.9273403912382857,0.0,0.0
179,Device,Conv2DBackpropFilter,gradient_tape/mobilenetv2_1.00_256/block_6_project/Conv2D/Conv2DBackpropFilter,2,101.376,50.688,101.376,50.688,0.0006690191667299493,0.9280094104050156,0.0,0.0
180,Device,Conv2D,mobilenetv2_1.00_256/block_4_expand/Conv2D,2,100.352,50.176,100.352,50.176,0.0006622613973690407,0.9286716718023846,0.0,0.0
181,Device,Conv2D,mobilenetv2_1.00_256/block_5_expand/Conv2D,2,99.328,49.664,99.328,49.664,0.0006555036280081321,0.9293271754303928,0.0,0.0
182,Device,Conv2D,mobilenetv2_1.00_256/block_6_expand/Conv2D,2,98.304,49.152,98.304,49.152,0.0006487458586472236,0.92997592128904,0.0,0.0
183,Device,DepthwiseConv2dNativeBackpropFilter,gradient_tape/mobilenetv2_1.00_256/block_10_depthwise/depthwise/DepthwiseConv2dNativeBackpropFilter,2,97.28,48.64,97.28,48.64,0.000641988089286315,0.9306179093783263,0.0,0.0
184,Device,Conv2DBackpropInput,gradient_tape/mobilenetv2_1.00_256/block_4_project/Conv2D/Conv2DBackpropInput,2,97.28,48.64,97.28,48.64,0.000641988089286315,0.9312598974676126,0.0,0.0
185,Device,Conv2DBackpropInput,gradient_tape/mobilenetv2_1.00_256/block_5_project/Conv2D/Conv2DBackpropInput,2,97.28,48.64,97.28,48.64,0.000641988089286315,0.9319018855568989,0.0,0.0
186,Device,DepthwiseConv2dNativeBackpropFilter,gradient_tape/mobilenetv2_1.00_256/block_8_depthwise/depthwise/DepthwiseConv2dNativeBackpropFilter,2,96.256,48.128,96.256,48.128,0.0006352303199254063,0.9325371158768243,0.0,0.0
187,Device,DepthwiseConv2dNativeBackpropFilter,gradient_tape/mobilenetv2_1.00_256/block_9_depthwise/depthwise/DepthwiseConv2dNativeBackpropFilter,2,96.256,48.128,96.256,48.128,0.0006352303199254063,0.9331723461967497,0.0,0.0
188,Device,Pad,mobilenetv2_1.00_256/block_13_pad/Pad,2,96.256,48.128,96.256,48.128,0.0006352303199254063,0.9338075765166751,0.0,0.0
189,Device,DepthwiseConv2dNativeBackpropFilter,gradient_tape/mobilenetv2_1.00_256/block_7_depthwise/depthwise/DepthwiseConv2dNativeBackpropFilter,2,95.232,47.616,95.232,47.616,0.0006284725505644978,0.9344360490672396,0.0,0.0
190,Device,DepthwiseConv2dNative,mobilenetv2_1.00_256/block_6_depthwise/depthwise,2,93.184,46.592,93.184,46.592,0.0006149570118426807,0.9350510060790823,0.0,0.0
191,Device,Conv2DBackpropFilter,gradient_tape/mobilenetv2_1.00_256/block_13_project/Conv2D/Conv2DBackpropFilter,4,92.161,23.04025,92.161,23.04025,0.0006082058418659136,0.9356592119209483,0.0,0.0
192,Device,DepthwiseConv2dNative,mobilenetv2_1.00_256/block_11_depthwise/depthwise,2,91.137,45.5685,91.137,45.5685,0.000601448072505005,0.9362606599934532,0.0,0.0
193,Device,Conv2DBackpropInput,gradient_tape/mobilenetv2_1.00_256/block_3_project/Conv2D/Conv2DBackpropInput,2,90.112,45.056,90.112,45.056,0.0005946837037599549,0.9368553436972131,0.0,0.0
194,Device,Conv2DBackpropInput,gradient_tape/mobilenetv2_1.00_256/block_4_expand/Conv2D/Conv2DBackpropInput,2,90.112,45.056,90.112,45.056,0.0005946837037599549,0.937450027400973,0.0,0.0
195,Device,DepthwiseConv2dNative,mobilenetv2_1.00_256/block_12_depthwise/depthwise,2,90.112,45.056,90.112,45.056,0.0005946837037599549,0.938044711104733,0.0,0.0
196,Device,FusedBatchNormV3,mobilenetv2_1.00_256/block_13_expand_BN/FusedBatchNormV3,4,90.112,22.528,90.112,22.528,0.0005946837037599549,0.9386393948084929,0.0,0.0
197,Device,FusedBatchNormV3,mobilenetv2_1.00_256/block_12_depthwise_BN/FusedBatchNormV3,4,89.088,22.272,89.088,22.272,0.0005879259343990463,0.939227320742892,0.0,0.0
198,Device,Conv2DBackpropInput,gradient_tape/mobilenetv2_1.00_256/block_5_expand/Conv2D/Conv2DBackpropInput,2,88.064,44.032,88.064,44.032,0.0005811681650381377,0.9398084889079301,0.0,0.0
199,Device,Conv2DBackpropInput,gradient_tape/mobilenetv2_1.00_256/block_6_expand/Conv2D/Conv2DBackpropInput,2,88.064,44.032,88.064,44.032,0.0005811681650381377,0.9403896570729683,0.0,0.0
200,Device,Conv2D,mobilenetv2_1.00_256/block_10_project/Conv2D,2,88.064,44.032,88.064,44.032,0.0005811681650381377,0.9409708252380065,0.0,0.0
201,Device,FusedBatchNormV3,mobilenetv2_1.00_256/block_11_depthwise_BN/FusedBatchNormV3,4,88.064,22.016,88.064,22.016,0.0005811681650381377,0.9415519934030446,0.0,0.0
202,Device,FusedBatchNormV3,mobilenetv2_1.00_256/block_11_expand_BN/FusedBatchNormV3,4,88.064,22.016,88.064,22.016,0.0005811681650381377,0.9421331615680828,0.0,0.0
203,Device,FusedBatchNormV3,mobilenetv2_1.00_256/block_12_expand_BN/FusedBatchNormV3,4,88.064,22.016,88.064,22.016,0.0005811681650381377,0.942714329733121,0.0,0.0
204,Device,FusedBatchNormGradV3,gradient_tape/mobilenetv2_1.00_256/block_8_expand_BN/FusedBatchNormGradV3,2,87.04,43.52,87.04,43.52,0.0005744103956772292,0.9432887401287982,0.0,0.0
205,Device,FusedBatchNormGradV3,gradient_tape/mobilenetv2_1.00_256/block_7_depthwise_BN/FusedBatchNormGradV3,2,84.993,42.4965,84.993,42.4965,0.0005609014563395535,0.9438496415851377,0.0,0.0
206,Device,FusedBatchNormGradV3,gradient_tape/mobilenetv2_1.00_256/block_10_expand_BN/FusedBatchNormGradV3,2,84.992,42.496,84.992,42.496,0.0005608948569554121,0.9444105364420932,0.0,0.0
207,Device,Conv2DBackpropInput,gradient_tape/mobilenetv2_1.00_256/block_10_project/Conv2D/Conv2DBackpropInput,2,84.992,42.496,84.992,42.496,0.0005608948569554121,0.9449714312990486,0.0,0.0
208,Device,FusedBatchNormGradV3,gradient_tape/mobilenetv2_1.00_256/block_7_expand_BN/FusedBatchNormGradV3,2,84.992,42.496,84.992,42.496,0.0005608948569554121,0.945532326156004,0.0,0.0
209,Device,FusedBatchNormGradV3,gradient_tape/mobilenetv2_1.00_256/block_9_depthwise_BN/FusedBatchNormGradV3,2,84.992,42.496,84.992,42.496,0.0005608948569554121,0.9460932210129595,0.0,0.0
210,Device,FusedBatchNormGradV3,gradient_tape/mobilenetv2_1.00_256/block_10_depthwise_BN/FusedBatchNormGradV3,2,83.968,41.984,83.968,41.984,0.0005541370875945035,0.946647358100554,0.0,0.0
211,Device,Conv2DBackpropInput,gradient_tape/mobilenetv2_1.00_256/block_15_project/Conv2D/Conv2DBackpropInput,2,83.968,41.984,83.968,41.984,0.0005541370875945035,0.9472014951881486,0.0,0.0
212,Device,FusedBatchNormGradV3,gradient_tape/mobilenetv2_1.00_256/block_8_depthwise_BN/FusedBatchNormGradV3,2,83.968,41.984,83.968,41.984,0.0005541370875945035,0.9477556322757431,0.0,0.0
213,Device,FusedBatchNormGradV3,gradient_tape/mobilenetv2_1.00_256/block_9_expand_BN/FusedBatchNormGradV3,2,83.968,41.984,83.968,41.984,0.0005541370875945035,0.9483097693633377,0.0,0.0
214,Device,Conv2D,mobilenetv2_1.00_256/block_4_project/Conv2D,2,82.944,41.472,82.944,41.472,0.0005473793182335948,0.9488571486815712,0.0,0.0
215,Device,Slice,gradient_tape/mobilenetv2_1.00_256/block_13_pad/Slice_1,2,81.92,40.96,81.92,40.96,0.0005406215488726863,0.9493977702304439,0.0,0.0
216,Device,Conv2DBackpropInput,gradient_tape/mobilenetv2_1.00_256/block_14_project/Conv2D/Conv2DBackpropInput,2,81.92,40.96,81.92,40.96,0.0005406215488726863,0.9499383917793166,0.0,0.0
217,Device,AddV2,mobilenetv2_1.00_256/block_2_add/add,2,81.92,40.96,81.92,40.96,0.0005406215488726863,0.9504790133281893,0.0,0.0
218,Device,Conv2D,mobilenetv2_1.00_256/block_5_project/Conv2D,2,81.92,40.96,81.92,40.96,0.0005406215488726863,0.951019634877062,0.0,0.0
219,Device,Relu6,mobilenetv2_1.00_256/block_3_depthwise_relu/Relu6,2,80.896,40.448,80.896,40.448,0.0005338637795117777,0.9515534986565738,0.0,0.0
220,Device,AddN,SGD/gradients/AddN_9,2,77.824,38.912,77.824,38.912,0.0005135904714290519,0.9520670891280029,0.0,0.0
221,Device,Relu6Grad,gradient_tape/mobilenetv2_1.00_256/block_7_expand_relu/Relu6/Relu6Grad,2,77.824,38.912,77.824,38.912,0.0005135904714290519,0.9525806795994319,0.0,0.0
222,Device,Relu6Grad,gradient_tape/mobilenetv2_1.00_256/block_8_expand_relu/Relu6/Relu6Grad,2,77.824,38.912,77.824,38.912,0.0005135904714290519,0.953094270070861,0.0,0.0
223,Device,Relu6Grad,gradient_tape/mobilenetv2_1.00_256/block_9_expand_relu/Relu6/Relu6Grad,2,77.824,38.912,77.824,38.912,0.0005135904714290519,0.9536078605422901,0.0,0.0
224,Device,DepthwiseConv2dNative,mobilenetv2_1.00_256/block_13_depthwise/depthwise,2,77.824,38.912,77.824,38.912,0.0005135904714290519,0.9541214510137191,0.0,0.0
225,Device,Relu6,mobilenetv2_1.00_256/block_12_depthwise_relu/Relu6,2,75.776,37.888,75.776,37.888,0.0005000749327072348,0.9546215259464264,0.0,0.0
226,Device,Relu6,mobilenetv2_1.00_256/block_12_expand_relu/Relu6,2,75.776,37.888,75.776,37.888,0.0005000749327072348,0.9551216008791336,0.0,0.0
227,Device,Conv2D,mobilenetv2_1.00_256/block_15_expand/Conv2D,2,75.776,37.888,75.776,37.888,0.0005000749327072348,0.9556216758118408,0.0,0.0
228,Device,Conv2D,mobilenetv2_1.00_256/block_16_expand/Conv2D,2,75.776,37.888,75.776,37.888,0.0005000749327072348,0.956121750744548,0.0,0.0
229,Device,DepthwiseConv2dNativeBackpropInput,gradient_tape/mobilenetv2_1.00_256/block_14_depthwise/depthwise/DepthwiseConv2dNativeBackpropInput,2,74.752,37.376,74.752,37.376,0.0004933171633463262,0.9566150679078943,0.0,0.0
230,Device,Conv2D,mobilenetv2_1.00_256/block_14_expand/Conv2D,2,74.752,37.376,74.752,37.376,0.0004933171633463262,0.9571083850712406,0.0,0.0
231,Device,Relu6,mobilenetv2_1.00_256/block_11_expand_relu/Relu6,2,73.729,36.8645,73.729,36.8645,0.00048656599336955914,0.9575949510646102,0.0,0.0
232,Device,DepthwiseConv2dNativeBackpropInput,gradient_tape/mobilenetv2_1.00_256/block_15_depthwise/depthwise/DepthwiseConv2dNativeBackpropInput,2,73.728,36.864,73.728,36.864,0.0004865593939854176,0.9580815104585957,0.0,0.0
233,Device,DepthwiseConv2dNativeBackpropInput,gradient_tape/mobilenetv2_1.00_256/block_16_depthwise/depthwise/DepthwiseConv2dNativeBackpropInput,2,73.728,36.864,73.728,36.864,0.0004865593939854176,0.9585680698525811,0.0,0.0
234,Device,Relu6Grad,gradient_tape/mobilenetv2_1.00_256/block_8_depthwise_relu/Relu6/Relu6Grad,2,72.704,36.352,72.704,36.352,0.00047980162462450904,0.9590478714772056,0.0,0.0
235,Device,Relu6,mobilenetv2_1.00_256/block_11_depthwise_relu/Relu6,2,72.704,36.352,72.704,36.352,0.00047980162462450904,0.9595276731018301,0.0,0.0
236,Device,Relu6,mobilenetv2_1.00_256/block_13_expand_relu/Relu6,2,72.704,36.352,72.704,36.352,0.00047980162462450904,0.9600074747264545,0.0,0.0
237,Device,Relu6Grad,gradient_tape/mobilenetv2_1.00_256/block_7_depthwise_relu/Relu6/Relu6Grad,2,71.68,35.84,71.68,35.84,0.00047304385526360053,0.9604805185817181,0.0,0.0
238,Device,Relu6Grad,gradient_tape/mobilenetv2_1.00_256/block_9_depthwise_relu/Relu6/Relu6Grad,2,71.68,35.84,71.68,35.84,0.00047304385526360053,0.9609535624369817,0.0,0.0
239,Device,FusedBatchNormGradV3,gradient_tape/mobilenetv2_1.00_256/Conv_1_bn/FusedBatchNormGradV3,2,69.632,34.816,69.632,34.816,0.00045952831654178335,0.9614130907535235,0.0,0.0
240,Device,Relu6Grad,gradient_tape/mobilenetv2_1.00_256/block_10_expand_relu/Relu6/Relu6Grad,2,69.632,34.816,69.632,34.816,0.00045952831654178335,0.9618726190700654,0.0,0.0
241,Device,Conv2D,mobilenetv2_1.00_256/block_13_project/Conv2D,2,68.608,34.304,68.608,34.304,0.0004527705471808748,0.9623253896172462,0.0,0.0
242,Device,Conv2D,mobilenetv2_1.00_256/block_7_project/Conv2D,2,68.608,34.304,68.608,34.304,0.0004527705471808748,0.9627781601644271,0.0,0.0
243,Device,Conv2D,mobilenetv2_1.00_256/block_8_project/Conv2D,2,68.608,34.304,68.608,34.304,0.0004527705471808748,0.9632309307116079,0.0,0.0
244,Device,Relu6Grad,gradient_tape/mobilenetv2_1.00_256/block_10_depthwise_relu/Relu6/Relu6Grad,2,67.585,33.7925,67.585,33.7925,0.00044601937720410766,0.963676950088812,0.0,0.0
245,Device,Conv2D,mobilenetv2_1.00_256/block_9_project/Conv2D,2,67.584,33.792,67.584,33.792,0.0004460127778199662,0.964122962866632,0.0,0.0
246,Device,Conv2DBackpropInput,gradient_tape/mobilenetv2_1.00_256/block_13_project/Conv2D/Conv2DBackpropInput,2,66.56,33.28,66.56,33.28,0.0004392550084590576,0.9645622178750911,0.0,0.0
247,Device,Conv2DBackpropInput,gradient_tape/mobilenetv2_1.00_256/block_7_project/Conv2D/Conv2DBackpropInput,2,65.536,32.768,65.536,32.768,0.00043249723909814905,0.9649947151141892,0.0,0.0
248,Device,Conv2D,mobilenetv2_1.00_256/block_7_expand/Conv2D,2,64.514,32.257,64.514,32.257,0.00042575266850552345,0.9654204677826947,0.0,0.0
249,Device,Conv2DBackpropInput,gradient_tape/mobilenetv2_1.00_256/block_9_project/Conv2D/Conv2DBackpropInput,2,64.512,32.256,64.512,32.256,0.00042573946973724044,0.965846207252432,0.0,0.0
250,Device,Conv2D,mobilenetv2_1.00_256/block_10_expand/Conv2D,2,64.512,32.256,64.512,32.256,0.00042573946973724044,0.9662719467221692,0.0,0.0
251,Device,Conv2D,mobilenetv2_1.00_256/block_8_expand/Conv2D,2,64.512,32.256,64.512,32.256,0.00042573946973724044,0.9666976861919064,0.0,0.0
252,Device,Conv2D,mobilenetv2_1.00_256/block_9_expand/Conv2D,2,64.512,32.256,64.512,32.256,0.00042573946973724044,0.9671234256616437,0.0,0.0
253,Device,Conv2D,mobilenetv2_1.00_256/block_3_project/Conv2D,2,62.464,31.232,62.464,31.232,0.00041222393101542326,0.9675356495926591,0.0,0.0
254,Device,Conv2DBackpropInput,gradient_tape/mobilenetv2_1.00_256/block_8_project/Conv2D/Conv2DBackpropInput,2,61.44,30.72,61.44,30.72,0.0004054661616545147,0.9679411157543136,0.0,0.0
255,Device,Relu6Grad,gradient_tape/mobilenetv2_1.00_256/out_relu/Relu6/Relu6Grad,2,61.44,30.72,61.44,30.72,0.0004054661616545147,0.9683465819159681,0.0,0.0
256,Device,ResourceApplyGradientDescent,SGD/SGD/update_156/ResourceApplyGradientDescent,2,59.392,29.696,59.392,29.696,0.00039195062293269757,0.9687385325389009,0.0,0.0
257,Device,DepthwiseConv2dNative,mobilenetv2_1.00_256/block_7_depthwise/depthwise,2,59.392,29.696,59.392,29.696,0.00039195062293269757,0.9691304831618336,0.0,0.0
258,Device,DepthwiseConv2dNative,mobilenetv2_1.00_256/block_8_depthwise/depthwise,2,59.392,29.696,59.392,29.696,0.00039195062293269757,0.9695224337847663,0.0,0.0
259,Device,FusedBatchNormV3,mobilenetv2_1.00_256/block_8_depthwise_BN/FusedBatchNormV3,4,59.392,14.848,59.392,14.848,0.00039195062293269757,0.9699143844076991,0.0,0.0
260,Device,DepthwiseConv2dNative,mobilenetv2_1.00_256/block_10_depthwise/depthwise,2,58.368,29.184,58.368,29.184,0.000385192853571789,0.9702995772612708,0.0,0.0
261,Device,FusedBatchNormV3,mobilenetv2_1.00_256/block_10_depthwise_BN/FusedBatchNormV3,4,58.368,14.592,58.368,14.592,0.000385192853571789,0.9706847701148426,0.0,0.0
262,Device,DepthwiseConv2dNative,mobilenetv2_1.00_256/block_9_depthwise/depthwise,2,58.368,29.184,58.368,29.184,0.000385192853571789,0.9710699629684143,0.0,0.0
263,Device,FusedBatchNormV3,mobilenetv2_1.00_256/block_9_depthwise_BN/FusedBatchNormV3,4,58.368,14.592,58.368,14.592,0.000385192853571789,0.971455155821986,0.0,0.0
264,Device,FusedBatchNormV3,mobilenetv2_1.00_256/block_7_depthwise_BN/FusedBatchNormV3,4,57.344,14.336,57.344,14.336,0.0003784350842108804,0.9718335909061969,0.0,0.0
265,Device,FusedBatchNormV3,mobilenetv2_1.00_256/Conv_1_bn/FusedBatchNormV3,4,54.272,13.568,54.272,13.568,0.00035816177612815465,0.972191752682325,0.0,0.0
266,Device,FusedBatchNormGradV3,gradient_tape/mobilenetv2_1.00_256/block_16_expand_BN/FusedBatchNormGradV3,2,53.248,26.624,53.248,26.624,0.0003514040067672461,0.9725431566890923,0.0,0.0
267,Device,FusedBatchNormGradV3,gradient_tape/mobilenetv2_1.00_256/block_15_depthwise_BN/FusedBatchNormGradV3,2,52.224,26.112,52.224,26.112,0.0003446462374063375,0.9728878029264987,0.0,0.0
268,Device,FusedBatchNormGradV3,gradient_tape/mobilenetv2_1.00_256/block_16_depthwise_BN/FusedBatchNormGradV3,2,52.224,26.112,52.224,26.112,0.0003446462374063375,0.9732324491639051,0.0,0.0
269,Device,FusedBatchNormGradV3,gradient_tape/mobilenetv2_1.00_256/block_14_depthwise_BN/FusedBatchNormGradV3,2,51.2,25.6,51.2,25.6,0.00033788846804542897,0.9735703376319504,0.0,0.0
270,Device,FusedBatchNormGradV3,gradient_tape/mobilenetv2_1.00_256/block_14_expand_BN/FusedBatchNormGradV3,2,51.2,25.6,51.2,25.6,0.00033788846804542897,0.9739082260999958,0.0,0.0
271,Device,FusedBatchNormGradV3,gradient_tape/mobilenetv2_1.00_256/block_15_expand_BN/FusedBatchNormGradV3,2,51.2,25.6,51.2,25.6,0.00033788846804542897,0.9742461145680412,0.0,0.0
272,Device,DepthwiseConv2dNativeBackpropFilter,gradient_tape/mobilenetv2_1.00_256/block_16_depthwise/depthwise/DepthwiseConv2dNativeBackpropFilter,2,51.2,25.6,51.2,25.6,0.00033788846804542897,0.9745840030360866,0.0,0.0
273,Device,Conv2DBackpropInput,gradient_tape/mobilenetv2_1.00_256/block_6_project/Conv2D/Conv2DBackpropInput,2,51.2,25.6,51.2,25.6,0.00033788846804542897,0.974921891504132,0.0,0.0
274,Device,FusedBatchNormV3,mobilenetv2_1.00_256/block_7_expand_BN/FusedBatchNormV3,4,51.2,12.8,51.2,12.8,0.00033788846804542897,0.9752597799721774,0.0,0.0
275,Device,FusedBatchNormV3,mobilenetv2_1.00_256/block_8_expand_BN/FusedBatchNormV3,4,51.2,12.8,51.2,12.8,0.00033788846804542897,0.9755976684402228,0.0,0.0
276,Device,FusedBatchNormV3,mobilenetv2_1.00_256/block_10_expand_BN/FusedBatchNormV3,4,50.176,12.544,50.176,12.544,0.00033113069868452035,0.9759287991389073,0.0,0.0
277,Device,FusedBatchNormV3,mobilenetv2_1.00_256/block_9_expand_BN/FusedBatchNormV3,4,50.176,12.544,50.176,12.544,0.00033113069868452035,0.9762599298375918,0.0,0.0
278,Device,DepthwiseConv2dNativeBackpropFilter,gradient_tape/mobilenetv2_1.00_256/block_14_depthwise/depthwise/DepthwiseConv2dNativeBackpropFilter,2,47.104,23.552,47.104,23.552,0.0003108573906017946,0.9765707872281936,0.0,0.0
279,Device,DepthwiseConv2dNativeBackpropFilter,gradient_tape/mobilenetv2_1.00_256/block_15_depthwise/depthwise/DepthwiseConv2dNativeBackpropFilter,2,46.08,23.04,46.08,23.04,0.00030409962124088605,0.9768748868494345,0.0,0.0
280,Device,Relu6Grad,gradient_tape/mobilenetv2_1.00_256/block_16_depthwise_relu/Relu6/Relu6Grad,2,46.08,23.04,46.08,23.04,0.00030409962124088605,0.9771789864706754,0.0,0.0
281,Device,FusedBatchNormV3,mobilenetv2_1.00_256/block_16_depthwise_BN/FusedBatchNormV3,4,46.08,11.52,46.08,11.52,0.00030409962124088605,0.9774830860919163,0.0,0.0
282,Device,FusedBatchNormV3,mobilenetv2_1.00_256/block_14_depthwise_BN/FusedBatchNormV3,4,45.056,11.264,45.056,11.264,0.00029734185187997743,0.9777804279437963,0.0,0.0
283,Device,FusedBatchNormV3,mobilenetv2_1.00_256/block_15_depthwise_BN/FusedBatchNormV3,4,45.056,11.264,45.056,11.264,0.00029734185187997743,0.9780777697956763,0.0,0.0
284,Device,Conv2D,mobilenetv2_1.00_256/block_6_project/Conv2D,2,45.056,22.528,45.056,22.528,0.00029734185187997743,0.9783751116475563,0.0,0.0
285,Device,Relu6Grad,gradient_tape/mobilenetv2_1.00_256/block_14_expand_relu/Relu6/Relu6Grad,2,44.032,22.016,44.032,22.016,0.00029058408251906887,0.9786656957300753,0.0,0.0
286,Device,Relu6Grad,gradient_tape/mobilenetv2_1.00_256/block_15_expand_relu/Relu6/Relu6Grad,2,43.008,21.504,43.008,21.504,0.0002838263131581603,0.9789495220432335,0.0,0.0
287,Device,Relu6Grad,gradient_tape/mobilenetv2_1.00_256/block_16_expand_relu/Relu6/Relu6Grad,2,43.008,21.504,43.008,21.504,0.0002838263131581603,0.9792333483563916,0.0,0.0
288,Device,FusedBatchNormV3,mobilenetv2_1.00_256/block_16_expand_BN/FusedBatchNormV3,4,41.984,10.496,41.984,10.496,0.00027706854379725175,0.9795104169001889,0.0,0.0
289,Device,MatMul,mobilenetv2_1.00_256/predictions/MatMul,2,41.984,20.992,41.984,20.992,0.00027706854379725175,0.9797874854439862,0.0,0.0
290,Device,Relu6Grad,gradient_tape/mobilenetv2_1.00_256/block_14_depthwise_relu/Relu6/Relu6Grad,2,40.96,20.48,40.96,20.48,0.00027031077443634313,0.9800577962184225,0.0,0.0
291,Device,Relu6Grad,gradient_tape/mobilenetv2_1.00_256/block_15_depthwise_relu/Relu6/Relu6Grad,2,40.96,20.48,40.96,20.48,0.00027031077443634313,0.9803281069928588,0.0,0.0
292,Device,FusedBatchNormGradV3,gradient_tape/mobilenetv2_1.00_256/block_6_depthwise_BN/FusedBatchNormGradV3,2,40.96,20.48,40.96,20.48,0.00027031077443634313,0.9805984177672951,0.0,0.0
293,Device,FusedBatchNormV3,mobilenetv2_1.00_256/block_14_expand_BN/FusedBatchNormV3,4,39.936,9.984,39.936,9.984,0.00026355300507543457,0.9808619707723705,0.0,0.0
294,Device,FusedBatchNormGradV3,gradient_tape/mobilenetv2_1.00_256/block_3_project_BN/FusedBatchNormGradV3,2,38.913,19.4565,38.913,19.4565,0.0002568018350986675,0.9811187726074692,0.0,0.0
295,Device,Relu6,mobilenetv2_1.00_256/block_10_depthwise_relu/Relu6,2,38.912,19.456,38.912,19.456,0.00025679523571452595,0.9813755678431837,0.0,0.0
296,Device,FusedBatchNormV3,mobilenetv2_1.00_256/block_15_expand_BN/FusedBatchNormV3,4,38.912,9.728,38.912,9.728,0.00025679523571452595,0.9816323630788982,0.0,0.0
297,Device,MatMul,gradient_tape/mobilenetv2_1.00_256/predictions/MatMul/MatMul,2,37.888,18.944,37.888,18.944,0.0002500374663536174,0.9818824005452519,0.0,0.0
298,Device,Relu6,mobilenetv2_1.00_256/block_10_expand_relu/Relu6,2,37.888,18.944,37.888,18.944,0.0002500374663536174,0.9821324380116055,0.0,0.0
299,Device,Relu6,mobilenetv2_1.00_256/block_7_expand_relu/Relu6,2,37.888,18.944,37.888,18.944,0.0002500374663536174,0.9823824754779592,0.0,0.0
300,Device,Relu6,mobilenetv2_1.00_256/block_8_expand_relu/Relu6,2,37.888,18.944,37.888,18.944,0.0002500374663536174,0.9826325129443129,0.0,0.0
301,Device,Relu6,mobilenetv2_1.00_256/block_9_expand_relu/Relu6,2,37.888,18.944,37.888,18.944,0.0002500374663536174,0.9828825504106665,0.0,0.0
302,Device,FusedBatchNormGradV3,gradient_tape/mobilenetv2_1.00_256/block_4_project_BN/FusedBatchNormGradV3,2,36.864,18.432,36.864,18.432,0.0002432796969927088,0.9831258301076592,0.0,0.0
303,Device,Relu6,mobilenetv2_1.00_256/block_7_depthwise_relu/Relu6,2,36.864,18.432,36.864,18.432,0.0002432796969927088,0.9833691098046519,0.0,0.0
304,Device,Relu6,mobilenetv2_1.00_256/block_8_depthwise_relu/Relu6,2,36.864,18.432,36.864,18.432,0.0002432796969927088,0.9836123895016445,0.0,0.0
305,Device,Relu6,mobilenetv2_1.00_256/block_9_depthwise_relu/Relu6,2,35.84,17.92,35.84,17.92,0.00023652192763180027,0.9838489114292763,0.0,0.0
306,Device,FusedBatchNormGradV3,gradient_tape/mobilenetv2_1.00_256/block_5_project_BN/FusedBatchNormGradV3,2,34.816,17.408,34.816,17.408,0.00022976415827089168,0.9840786755875472,0.0,0.0
307,Device,FusedBatchNormGradV3,gradient_tape/mobilenetv2_1.00_256/block_13_depthwise_BN/FusedBatchNormGradV3,2,31.744,15.872,31.744,15.872,0.00020949085018816594,0.9842881664377354,0.0,0.0
308,Device,Transpose,gradient_tape/mobilenetv2_1.00_256/out_relu/Relu6/Relu6Grad-0-TransposeNHWCToNCHW-LayoutOptimizer,2,30.72,15.36,30.72,15.36,0.00020273308082725735,0.9844908995185627,0.0,0.0
309,Device,FusedBatchNormV3,mobilenetv2_1.00_256/block_13_depthwise_BN/FusedBatchNormV3,4,30.72,7.68,30.72,7.68,0.00020273308082725735,0.98469363259939,0.0,0.0
310,Device,DepthwiseConv2dNative,mobilenetv2_1.00_256/block_15_depthwise/depthwise,2,30.72,15.36,30.72,15.36,0.00020273308082725735,0.9848963656802173,0.0,0.0
311,Device,DepthwiseConv2dNative,mobilenetv2_1.00_256/block_16_depthwise/depthwise,2,30.72,15.36,30.72,15.36,0.00020273308082725735,0.9850990987610446,0.0,0.0
312,Device,DepthwiseConv2dNative,mobilenetv2_1.00_256/block_14_depthwise/depthwise,2,29.696,14.848,29.696,14.848,0.00019597531146634879,0.9852950740725109,0.0,0.0
313,Device,ResourceApplyGradientDescent,SGD/SGD/update_153/ResourceApplyGradientDescent,2,28.672,14.336,28.672,14.336,0.0001892175421054402,0.9854842916146164,0.0,0.0
314,Device,FusedBatchNormV3,mobilenetv2_1.00_256/block_6_depthwise_BN/FusedBatchNormV3,4,28.672,7.168,28.672,7.168,0.0001892175421054402,0.9856735091567218,0.0,0.0
315,Device,Tile,gradient_tape/mobilenetv2_1.00_256/global_average_pooling2d/Tile,2,27.648,13.824,27.648,13.824,0.0001824597727445316,0.9858559689294664,0.0,0.0
316,Device,FusedBatchNormV3,mobilenetv2_1.00_256/block_3_project_BN/FusedBatchNormV3,4,24.576,6.144,24.576,6.144,0.0001621864646618059,0.9860181553941282,0.0,0.0
317,Device,FusedBatchNormV3,mobilenetv2_1.00_256/block_4_project_BN/FusedBatchNormV3,4,24.576,6.144,24.576,6.144,0.0001621864646618059,0.98618034185879,0.0,0.0
318,Device,FusedBatchNormV3,mobilenetv2_1.00_256/block_5_project_BN/FusedBatchNormV3,4,24.576,6.144,24.576,6.144,0.0001621864646618059,0.9863425283234518,0.0,0.0
319,Device,Softmax,mobilenetv2_1.00_256/predictions/Softmax,2,24.576,12.288,24.576,12.288,0.0001621864646618059,0.9865047147881136,0.0,0.0
320,Device,ResourceApplyGradientDescent,SGD/SGD/update_150/ResourceApplyGradientDescent,2,23.552,11.776,23.552,11.776,0.0001554286953008973,0.9866601434834146,0.0,0.0
321,Device,Relu6Grad,gradient_tape/mobilenetv2_1.00_256/block_6_depthwise_relu/Relu6/Relu6Grad,2,23.552,11.776,23.552,11.776,0.0001554286953008973,0.9868155721787155,0.0,0.0
322,Device,Relu6,mobilenetv2_1.00_256/out_relu/Relu6,2,23.552,11.776,23.552,11.776,0.0001554286953008973,0.9869710008740165,0.0,0.0
323,Device,FusedBatchNormGradV3,gradient_tape/mobilenetv2_1.00_256/block_16_project_BN/FusedBatchNormGradV3,2,22.528,11.264,22.528,11.264,0.00014867092593998872,0.9871196717999564,0.0,0.0
324,Device,FusedBatchNormV3,mobilenetv2_1.00_256/block_16_project_BN/FusedBatchNormV3,4,21.504,5.376,21.504,5.376,0.00014191315657908015,0.9872615849565355,0.0,0.0
325,Device,MatMul,gradient_tape/mobilenetv2_1.00_256/predictions/MatMul/MatMul_1,2,20.48,10.24,20.48,10.24,0.00013515538721817157,0.9873967403437537,0.0,0.0
326,Device,Relu6Grad,gradient_tape/mobilenetv2_1.00_256/block_13_depthwise_relu/Relu6/Relu6Grad,2,19.456,9.728,19.456,9.728,0.00012839761785726298,0.9875251379616109,0.0,0.0
327,Device,FusedBatchNormGradV3,gradient_tape/mobilenetv2_1.00_256/block_9_project_BN/FusedBatchNormGradV3,2,19.456,9.728,19.456,9.728,0.00012839761785726298,0.9876535355794681,0.0,0.0
328,Device,FusedBatchNormV3,mobilenetv2_1.00_256/block_10_project_BN/FusedBatchNormV3,4,19.456,4.864,19.456,4.864,0.00012839761785726298,0.9877819331973253,0.0,0.0
329,Device,AddN,SGD/gradients/AddN_8,2,18.432,9.216,18.432,9.216,0.0001216398484963544,0.9879035730458217,0.0,0.0
330,Device,FusedBatchNormGradV3,gradient_tape/mobilenetv2_1.00_256/block_10_project_BN/FusedBatchNormGradV3,2,18.432,9.216,18.432,9.216,0.0001216398484963544,0.988025212894318,0.0,0.0
331,Device,FusedBatchNormGradV3,gradient_tape/mobilenetv2_1.00_256/block_11_project_BN/FusedBatchNormGradV3,2,18.432,9.216,18.432,9.216,0.0001216398484963544,0.9881468527428143,0.0,0.0
332,Device,FusedBatchNormGradV3,gradient_tape/mobilenetv2_1.00_256/block_12_project_BN/FusedBatchNormGradV3,2,18.432,9.216,18.432,9.216,0.0001216398484963544,0.9882684925913107,0.0,0.0
333,Device,FusedBatchNormV3,mobilenetv2_1.00_256/block_11_project_BN/FusedBatchNormV3,4,18.432,4.608,18.432,4.608,0.0001216398484963544,0.988390132439807,0.0,0.0
334,Device,FusedBatchNormV3,mobilenetv2_1.00_256/block_12_project_BN/FusedBatchNormV3,4,18.432,4.608,18.432,4.608,0.0001216398484963544,0.9885117722883033,0.0,0.0
335,Device,Mul,gradient_tape/mobilenetv2_1.00_256/global_average_pooling2d/truediv,2,17.408,8.704,17.408,8.704,0.00011488207913544584,0.9886266543674388,0.0,0.0
336,Device,Relu6,mobilenetv2_1.00_256/block_14_depthwise_relu/Relu6,2,17.408,8.704,17.408,8.704,0.00011488207913544584,0.9887415364465743,0.0,0.0
337,Device,FusedBatchNormV3,mobilenetv2_1.00_256/block_6_project_BN/FusedBatchNormV3,4,17.408,4.352,17.408,4.352,0.00011488207913544584,0.9888564185257097,0.0,0.0
338,Device,FusedBatchNormV3,mobilenetv2_1.00_256/block_7_project_BN/FusedBatchNormV3,4,17.408,4.352,17.408,4.352,0.00011488207913544584,0.9889713006048452,0.0,0.0
339,Device,FusedBatchNormGradV3,gradient_tape/mobilenetv2_1.00_256/block_7_project_BN/FusedBatchNormGradV3,2,16.385,8.1925,16.385,8.1925,0.00010813090915867878,0.9890794315140039,0.0,0.0
340,Device,FusedBatchNormV3,mobilenetv2_1.00_256/block_14_project_BN/FusedBatchNormV3,4,16.385,4.09625,16.385,4.09625,0.00010813090915867878,0.9891875624231626,0.0,0.0
341,Device,FusedBatchNormGradV3,gradient_tape/mobilenetv2_1.00_256/block_6_project_BN/FusedBatchNormGradV3,2,16.384,8.192,16.384,8.192,0.00010812430977453726,0.9892956867329372,0.0,0.0
342,Device,Relu6,mobilenetv2_1.00_256/block_15_depthwise_relu/Relu6,2,16.384,8.192,16.384,8.192,0.00010812430977453726,0.9894038110427118,0.0,0.0
343,Device,Relu6,mobilenetv2_1.00_256/block_16_depthwise_relu/Relu6,2,16.384,8.192,16.384,8.192,0.00010812430977453726,0.9895119353524864,0.0,0.0
344,Device,AddV2,mobilenetv2_1.00_256/block_4_add/add,2,16.384,8.192,16.384,8.192,0.00010812430977453726,0.989620059662261,0.0,0.0
345,Device,FusedBatchNormV3,mobilenetv2_1.00_256/block_8_project_BN/FusedBatchNormV3,4,16.384,4.096,16.384,4.096,0.00010812430977453726,0.9897281839720355,0.0,0.0
346,Device,FusedBatchNormV3,mobilenetv2_1.00_256/block_9_project_BN/FusedBatchNormV3,4,16.384,4.096,16.384,4.096,0.00010812430977453726,0.9898363082818101,0.0,0.0
347,Device,Mean,mobilenetv2_1.00_256/global_average_pooling2d/Mean,2,16.384,8.192,16.384,8.192,0.00010812430977453726,0.9899444325915847,0.0,0.0
348,Device,FusedBatchNormGradV3,gradient_tape/mobilenetv2_1.00_256/block_8_project_BN/FusedBatchNormGradV3,2,15.36,7.68,15.36,7.68,0.00010136654041362867,0.9900457991319983,0.0,0.0
349,Device,FusedBatchNormV3,mobilenetv2_1.00_256/block_13_project_BN/FusedBatchNormV3,4,15.36,3.84,15.36,3.84,0.00010136654041362867,0.9901471656724119,0.0,0.0
350,Device,Relu6,mobilenetv2_1.00_256/block_14_expand_relu/Relu6,2,15.36,7.68,15.36,7.68,0.00010136654041362867,0.9902485322128255,0.0,0.0
351,Device,Relu6,mobilenetv2_1.00_256/block_15_expand_relu/Relu6,2,15.36,7.68,15.36,7.68,0.00010136654041362867,0.9903498987532391,0.0,0.0
352,Device,FusedBatchNormV3,mobilenetv2_1.00_256/block_15_project_BN/FusedBatchNormV3,4,15.36,3.84,15.36,3.84,0.00010136654041362867,0.9904512652936527,0.0,0.0
353,Device,AddV2,mobilenetv2_1.00_256/block_5_add/add,2,15.36,7.68,15.36,7.68,0.00010136654041362867,0.9905526318340663,0.0,0.0
354,Device,AddN,SGD/gradients/AddN_7,2,14.336,7.168,14.336,7.168,9.46087710527201e-05,0.990647240605119,0.0,0.0
355,Device,FusedBatchNormGradV3,gradient_tape/mobilenetv2_1.00_256/block_15_project_BN/FusedBatchNormGradV3,2,14.336,7.168,14.336,7.168,9.46087710527201e-05,0.9907418493761717,0.0,0.0
356,Device,AddV2,mobilenetv2_1.00_256/block_11_add/add,2,14.336,7.168,14.336,7.168,9.46087710527201e-05,0.9908364581472244,0.0,0.0
357,Device,AddV2,mobilenetv2_1.00_256/block_12_add/add,2,14.336,7.168,14.336,7.168,9.46087710527201e-05,0.9909310669182771,0.0,0.0
358,Device,Relu6,mobilenetv2_1.00_256/block_16_expand_relu/Relu6,2,14.336,7.168,14.336,7.168,9.46087710527201e-05,0.9910256756893299,0.0,0.0
359,Device,ResourceApplyGradientDescent,SGD/SGD/update_144/ResourceApplyGradientDescent,2,13.313,6.6565,13.313,6.6565,8.785760107595303e-05,0.9911135332904059,0.0,0.0
360,Device,_Recv,IteratorGetNext/_4,2,13.312,6.656,13.312,6.656,8.785100169181152e-05,0.9912013842920977,0.0,0.0
361,Device,ResourceApplyGradientDescent,SGD/SGD/update_135/ResourceApplyGradientDescent,2,13.312,6.656,13.312,6.656,8.785100169181152e-05,0.9912892352937895,0.0,0.0
362,Device,AddN,SGD/gradients/AddN_2,2,13.312,6.656,13.312,6.656,8.785100169181152e-05,0.9913770862954814,0.0,0.0
363,Device,AddN,SGD/gradients/AddN_3,2,13.312,6.656,13.312,6.656,8.785100169181152e-05,0.9914649372971732,0.0,0.0
364,Device,FusedBatchNormGradV3,gradient_tape/mobilenetv2_1.00_256/block_13_project_BN/FusedBatchNormGradV3,2,13.312,6.656,13.312,6.656,8.785100169181152e-05,0.9915527882988651,0.0,0.0
365,Device,ResourceApplyGradientDescent,SGD/SGD/update_126/ResourceApplyGradientDescent,2,12.288,6.144,12.288,6.144,8.109323233090295e-05,0.9916338815311959,0.0,0.0
366,Device,FusedBatchNormGradV3,gradient_tape/mobilenetv2_1.00_256/block_14_project_BN/FusedBatchNormGradV3,2,12.288,6.144,12.288,6.144,8.109323233090295e-05,0.9917149747635268,0.0,0.0
367,Device,AddV2,mobilenetv2_1.00_256/block_7_add/add,2,12.288,6.144,12.288,6.144,8.109323233090295e-05,0.9917960679958576,0.0,0.0
368,Device,AddV2,mobilenetv2_1.00_256/block_9_add/add,2,12.288,6.144,12.288,6.144,8.109323233090295e-05,0.9918771612281885,0.0,0.0
369,Device,Relu6,mobilenetv2_1.00_256/block_6_depthwise_relu/Relu6,2,11.264,5.632,11.264,5.632,7.433546296999436e-05,0.9919514966911585,0.0,0.0
370,Device,ResourceApplyGradientDescent,SGD/SGD/update_114/ResourceApplyGradientDescent,2,10.24,5.12,10.24,5.12,6.757769360908578e-05,0.9920190743847676,0.0,0.0
371,Device,ResourceApplyGradientDescent,SGD/SGD/update_132/ResourceApplyGradientDescent,2,10.24,5.12,10.24,5.12,6.757769360908578e-05,0.9920866520783767,0.0,0.0
372,Device,ResourceApplyGradientDescent,SGD/SGD/update_141/ResourceApplyGradientDescent,2,10.24,5.12,10.24,5.12,6.757769360908578e-05,0.9921542297719858,0.0,0.0
373,Device,ResourceApplyGradientDescent,SGD/SGD/update_96/ResourceApplyGradientDescent,2,10.24,5.12,10.24,5.12,6.757769360908578e-05,0.9922218074655949,0.0,0.0
374,Device,AddN,SGD/gradients/AddN,2,10.24,5.12,10.24,5.12,6.757769360908578e-05,0.992289385159204,0.0,0.0
375,Device,AddN,SGD/gradients/AddN_1,2,10.24,5.12,10.24,5.12,6.757769360908578e-05,0.992356962852813,0.0,0.0
376,Device,AddN,SGD/gradients/AddN_4,2,10.24,5.12,10.24,5.12,6.757769360908578e-05,0.9924245405464222,0.0,0.0
377,Device,AddN,SGD/gradients/AddN_5,2,10.24,5.12,10.24,5.12,6.757769360908578e-05,0.9924921182400313,0.0,0.0
378,Device,AddN,SGD/gradients/AddN_6,2,10.24,5.12,10.24,5.12,6.757769360908578e-05,0.9925596959336404,0.0,0.0
379,Device,AddV2,mobilenetv2_1.00_256/block_14_add/add,2,10.24,5.12,10.24,5.12,6.757769360908578e-05,0.9926272736272495,0.0,0.0
380,Device,AddV2,mobilenetv2_1.00_256/block_15_add/add,2,10.24,5.12,10.24,5.12,6.757769360908578e-05,0.9926948513208586,0.0,0.0
381,Device,AddV2,mobilenetv2_1.00_256/block_8_add/add,2,10.24,5.12,10.24,5.12,6.757769360908578e-05,0.9927624290144677,0.0,0.0
382,Device,ResourceApplyGradientDescent,SGD/SGD/update_105/ResourceApplyGradientDescent,2,9.216,4.608,9.216,4.608,6.08199242481772e-05,0.9928232489387159,0.0,0.0
383,Device,ResourceApplyGradientDescent,SGD/SGD/update_117/ResourceApplyGradientDescent,2,9.216,4.608,9.216,4.608,6.08199242481772e-05,0.9928840688629641,0.0,0.0
384,Device,Relu6,mobilenetv2_1.00_256/block_13_depthwise_relu/Relu6,2,9.216,4.608,9.216,4.608,6.08199242481772e-05,0.9929448887872123,0.0,0.0
385,Device,ResourceApplyGradientDescent,SGD/SGD/update_108/ResourceApplyGradientDescent,2,8.192,4.096,8.192,4.096,5.406215488726863e-05,0.9929989509420996,0.0,0.0
386,Device,ResourceApplyGradientDescent,SGD/SGD/update_120/ResourceApplyGradientDescent,2,8.192,4.096,8.192,4.096,5.406215488726863e-05,0.9930530130969868,0.0,0.0
387,Device,ResourceApplyGradientDescent,SGD/SGD/update_123/ResourceApplyGradientDescent,2,8.192,4.096,8.192,4.096,5.406215488726863e-05,0.993107075251874,0.0,0.0
388,Device,ResourceApplyGradientDescent,SGD/SGD/update_130/ResourceApplyGradientDescent,2,8.192,4.096,8.192,4.096,5.406215488726863e-05,0.9931611374067613,0.0,0.0
389,Device,ResourceApplyGradientDescent,SGD/SGD/update_147/ResourceApplyGradientDescent,2,8.192,4.096,8.192,4.096,5.406215488726863e-05,0.9932151995616485,0.0,0.0
390,Device,ResourceApplyGradientDescent,SGD/SGD/update_36/ResourceApplyGradientDescent,2,8.192,4.096,8.192,4.096,5.406215488726863e-05,0.9932692617165357,0.0,0.0
391,Device,ResourceApplyGradientDescent,SGD/SGD/update_45/ResourceApplyGradientDescent,2,8.192,4.096,8.192,4.096,5.406215488726863e-05,0.993323323871423,0.0,0.0
392,Device,ResourceApplyGradientDescent,SGD/SGD/update_54/ResourceApplyGradientDescent,2,8.192,4.096,8.192,4.096,5.406215488726863e-05,0.9933773860263102,0.0,0.0
393,Device,ResourceApplyGradientDescent,SGD/SGD/update_66/ResourceApplyGradientDescent,2,8.192,4.096,8.192,4.096,5.406215488726863e-05,0.9934314481811974,0.0,0.0
394,Device,ResourceApplyGradientDescent,SGD/SGD/update_69/ResourceApplyGradientDescent,2,8.192,4.096,8.192,4.096,5.406215488726863e-05,0.9934855103360847,0.0,0.0
395,Device,ResourceApplyGradientDescent,SGD/SGD/update_72/ResourceApplyGradientDescent,2,8.192,4.096,8.192,4.096,5.406215488726863e-05,0.9935395724909719,0.0,0.0
396,Device,ResourceApplyGradientDescent,SGD/SGD/update_75/ResourceApplyGradientDescent,2,8.192,4.096,8.192,4.096,5.406215488726863e-05,0.9935936346458591,0.0,0.0
397,Device,ResourceApplyGradientDescent,SGD/SGD/update_78/ResourceApplyGradientDescent,2,8.192,4.096,8.192,4.096,5.406215488726863e-05,0.9936476968007464,0.0,0.0
398,Device,ResourceApplyGradientDescent,SGD/SGD/update_93/ResourceApplyGradientDescent,2,8.192,4.096,8.192,4.096,5.406215488726863e-05,0.9937017589556336,0.0,0.0
399,Device,ResourceApplyGradientDescent,SGD/SGD/update_99/ResourceApplyGradientDescent,2,8.192,4.096,8.192,4.096,5.406215488726863e-05,0.9937558211105209,0.0,0.0
400,Device,AssignAddVariableOp,AssignAddVariableOp,2,7.168,3.584,7.168,3.584,4.730438552636005e-05,0.9938031254960472,0.0,0.0
401,Device,ResourceApplyGradientDescent,SGD/SGD/update_10/ResourceApplyGradientDescent,2,7.168,3.584,7.168,3.584,4.730438552636005e-05,0.9938504298815736,0.0,0.0
402,Device,ResourceApplyGradientDescent,SGD/SGD/update_101/ResourceApplyGradientDescent,2,7.168,3.584,7.168,3.584,4.730438552636005e-05,0.9938977342670999,0.0,0.0
403,Device,ResourceApplyGradientDescent,SGD/SGD/update_102/ResourceApplyGradientDescent,2,7.168,3.584,7.168,3.584,4.730438552636005e-05,0.9939450386526263,0.0,0.0
404,Device,ResourceApplyGradientDescent,SGD/SGD/update_106/ResourceApplyGradientDescent,2,7.168,3.584,7.168,3.584,4.730438552636005e-05,0.9939923430381526,0.0,0.0
405,Device,ResourceApplyGradientDescent,SGD/SGD/update_107/ResourceApplyGradientDescent,2,7.168,3.584,7.168,3.584,4.730438552636005e-05,0.994039647423679,0.0,0.0
406,Device,ResourceApplyGradientDescent,SGD/SGD/update_11/ResourceApplyGradientDescent,2,7.168,3.584,7.168,3.584,4.730438552636005e-05,0.9940869518092054,0.0,0.0
407,Device,ResourceApplyGradientDescent,SGD/SGD/update_111/ResourceApplyGradientDescent,2,7.168,3.584,7.168,3.584,4.730438552636005e-05,0.9941342561947317,0.0,0.0
408,Device,ResourceApplyGradientDescent,SGD/SGD/update_116/ResourceApplyGradientDescent,2,7.168,3.584,7.168,3.584,4.730438552636005e-05,0.9941815605802581,0.0,0.0
409,Device,ResourceApplyGradientDescent,SGD/SGD/update_119/ResourceApplyGradientDescent,2,7.168,3.584,7.168,3.584,4.730438552636005e-05,0.9942288649657844,0.0,0.0
410,Device,ResourceApplyGradientDescent,SGD/SGD/update_129/ResourceApplyGradientDescent,2,7.168,3.584,7.168,3.584,4.730438552636005e-05,0.9942761693513108,0.0,0.0
411,Device,ResourceApplyGradientDescent,SGD/SGD/update_14/ResourceApplyGradientDescent,2,7.168,3.584,7.168,3.584,4.730438552636005e-05,0.9943234737368372,0.0,0.0
412,Device,ResourceApplyGradientDescent,SGD/SGD/update_142/ResourceApplyGradientDescent,2,7.168,3.584,7.168,3.584,4.730438552636005e-05,0.9943707781223635,0.0,0.0
413,Device,ResourceApplyGradientDescent,SGD/SGD/update_145/ResourceApplyGradientDescent,2,7.168,3.584,7.168,3.584,4.730438552636005e-05,0.9944180825078899,0.0,0.0
414,Device,ResourceApplyGradientDescent,SGD/SGD/update_146/ResourceApplyGradientDescent,2,7.168,3.584,7.168,3.584,4.730438552636005e-05,0.9944653868934162,0.0,0.0
415,Device,ResourceApplyGradientDescent,SGD/SGD/update_15/ResourceApplyGradientDescent,2,7.168,3.584,7.168,3.584,4.730438552636005e-05,0.9945126912789426,0.0,0.0
416,Device,ResourceApplyGradientDescent,SGD/SGD/update_157/ResourceApplyGradientDescent,2,7.168,3.584,7.168,3.584,4.730438552636005e-05,0.994559995664469,0.0,0.0
417,Device,ResourceApplyGradientDescent,SGD/SGD/update_22/ResourceApplyGradientDescent,2,7.168,3.584,7.168,3.584,4.730438552636005e-05,0.9946073000499953,0.0,0.0
418,Device,ResourceApplyGradientDescent,SGD/SGD/update_23/ResourceApplyGradientDescent,2,7.168,3.584,7.168,3.584,4.730438552636005e-05,0.9946546044355217,0.0,0.0
419,Device,ResourceApplyGradientDescent,SGD/SGD/update_25/ResourceApplyGradientDescent,2,7.168,3.584,7.168,3.584,4.730438552636005e-05,0.994701908821048,0.0,0.0
420,Device,ResourceApplyGradientDescent,SGD/SGD/update_26/ResourceApplyGradientDescent,2,7.168,3.584,7.168,3.584,4.730438552636005e-05,0.9947492132065744,0.0,0.0
421,Device,ResourceApplyGradientDescent,SGD/SGD/update_27/ResourceApplyGradientDescent,2,7.168,3.584,7.168,3.584,4.730438552636005e-05,0.9947965175921007,0.0,0.0
422,Device,ResourceApplyGradientDescent,SGD/SGD/update_30/ResourceApplyGradientDescent,2,7.168,3.584,7.168,3.584,4.730438552636005e-05,0.9948438219776271,0.0,0.0
423,Device,ResourceApplyGradientDescent,SGD/SGD/update_40/ResourceApplyGradientDescent,2,7.168,3.584,7.168,3.584,4.730438552636005e-05,0.9948911263631535,0.0,0.0
424,Device,ResourceApplyGradientDescent,SGD/SGD/update_51/ResourceApplyGradientDescent,2,7.168,3.584,7.168,3.584,4.730438552636005e-05,0.9949384307486798,0.0,0.0
425,Device,ResourceApplyGradientDescent,SGD/SGD/update_57/ResourceApplyGradientDescent,2,7.168,3.584,7.168,3.584,4.730438552636005e-05,0.9949857351342062,0.0,0.0
426,Device,ResourceApplyGradientDescent,SGD/SGD/update_67/ResourceApplyGradientDescent,2,7.168,3.584,7.168,3.584,4.730438552636005e-05,0.9950330395197325,0.0,0.0
427,Device,ResourceApplyGradientDescent,SGD/SGD/update_7/ResourceApplyGradientDescent,2,7.168,3.584,7.168,3.584,4.730438552636005e-05,0.9950803439052589,0.0,0.0
428,Device,ResourceApplyGradientDescent,SGD/SGD/update_81/ResourceApplyGradientDescent,2,7.168,3.584,7.168,3.584,4.730438552636005e-05,0.9951276482907853,0.0,0.0
429,Device,ResourceApplyGradientDescent,SGD/SGD/update_82/ResourceApplyGradientDescent,2,7.168,3.584,7.168,3.584,4.730438552636005e-05,0.9951749526763116,0.0,0.0
430,Device,ResourceApplyGradientDescent,SGD/SGD/update_87/ResourceApplyGradientDescent,2,7.168,3.584,7.168,3.584,4.730438552636005e-05,0.995222257061838,0.0,0.0
431,Device,ResourceApplyGradientDescent,SGD/SGD/update_89/ResourceApplyGradientDescent,2,7.168,3.584,7.168,3.584,4.730438552636005e-05,0.9952695614473643,0.0,0.0
432,Device,ResourceApplyGradientDescent,SGD/SGD/update_90/ResourceApplyGradientDescent,2,7.168,3.584,7.168,3.584,4.730438552636005e-05,0.9953168658328907,0.0,0.0
433,Device,ResourceApplyGradientDescent,SGD/SGD/update_94/ResourceApplyGradientDescent,2,7.168,3.584,7.168,3.584,4.730438552636005e-05,0.995364170218417,0.0,0.0
434,Device,Sum,categorical_crossentropy/weighted_loss/Sum,2,7.168,3.584,7.168,3.584,4.730438552636005e-05,0.9954114746039434,0.0,0.0
435,Device,DivNoNan,div_no_nan_1,2,7.168,3.584,7.168,3.584,4.730438552636005e-05,0.9954587789894698,0.0,0.0
436,Device,AssignAddVariableOp,AssignAddVariableOp_1,2,6.144,3.072,6.144,3.072,4.0546616165451474e-05,0.9954993256056353,0.0,0.0
437,Device,AssignAddVariableOp,AssignAddVariableOp_2,2,6.144,3.072,6.144,3.072,4.0546616165451474e-05,0.9955398722218007,0.0,0.0
438,Device,AssignAddVariableOp,AssignAddVariableOp_3,2,6.144,3.072,6.144,3.072,4.0546616165451474e-05,0.9955804188379662,0.0,0.0
439,Device,AssignAddVariableOp,AssignAddVariableOp_4,2,6.144,3.072,6.144,3.072,4.0546616165451474e-05,0.9956209654541317,0.0,0.0
440,Device,Equal,Equal,2,6.144,3.072,6.144,3.072,4.0546616165451474e-05,0.9956615120702972,0.0,0.0
441,Device,Mul,Mul,2,6.144,3.072,6.144,3.072,4.0546616165451474e-05,0.9957020586864627,0.0,0.0
442,Device,AssignAddVariableOp,SGD/SGD/AssignAddVariableOp,2,6.144,3.072,6.144,3.072,4.0546616165451474e-05,0.9957426053026281,0.0,0.0
443,Device,ResourceApplyGradientDescent,SGD/SGD/update/ResourceApplyGradientDescent,2,6.144,3.072,6.144,3.072,4.0546616165451474e-05,0.9957831519187936,0.0,0.0
444,Device,ResourceApplyGradientDescent,SGD/SGD/update_1/ResourceApplyGradientDescent,2,6.144,3.072,6.144,3.072,4.0546616165451474e-05,0.9958236985349591,0.0,0.0
445,Device,ResourceApplyGradientDescent,SGD/SGD/update_100/ResourceApplyGradientDescent,2,6.144,3.072,6.144,3.072,4.0546616165451474e-05,0.9958642451511246,0.0,0.0
446,Device,ResourceApplyGradientDescent,SGD/SGD/update_103/ResourceApplyGradientDescent,2,6.144,3.072,6.144,3.072,4.0546616165451474e-05,0.9959047917672901,0.0,0.0
447,Device,ResourceApplyGradientDescent,SGD/SGD/update_104/ResourceApplyGradientDescent,2,6.144,3.072,6.144,3.072,4.0546616165451474e-05,0.9959453383834556,0.0,0.0
448,Device,ResourceApplyGradientDescent,SGD/SGD/update_109/ResourceApplyGradientDescent,2,6.144,3.072,6.144,3.072,4.0546616165451474e-05,0.995985884999621,0.0,0.0
449,Device,ResourceApplyGradientDescent,SGD/SGD/update_110/ResourceApplyGradientDescent,2,6.144,3.072,6.144,3.072,4.0546616165451474e-05,0.9960264316157865,0.0,0.0
450,Device,ResourceApplyGradientDescent,SGD/SGD/update_112/ResourceApplyGradientDescent,2,6.144,3.072,6.144,3.072,4.0546616165451474e-05,0.996066978231952,0.0,0.0
451,Device,ResourceApplyGradientDescent,SGD/SGD/update_113/ResourceApplyGradientDescent,2,6.144,3.072,6.144,3.072,4.0546616165451474e-05,0.9961075248481175,0.0,0.0
452,Device,ResourceApplyGradientDescent,SGD/SGD/update_115/ResourceApplyGradientDescent,2,6.144,3.072,6.144,3.072,4.0546616165451474e-05,0.996148071464283,0.0,0.0
453,Device,ResourceApplyGradientDescent,SGD/SGD/update_118/ResourceApplyGradientDescent,2,6.144,3.072,6.144,3.072,4.0546616165451474e-05,0.9961886180804485,0.0,0.0
454,Device,ResourceApplyGradientDescent,SGD/SGD/update_12/ResourceApplyGradientDescent,2,6.144,3.072,6.144,3.072,4.0546616165451474e-05,0.9962291646966139,0.0,0.0
455,Device,ResourceApplyGradientDescent,SGD/SGD/update_121/ResourceApplyGradientDescent,2,6.144,3.072,6.144,3.072,4.0546616165451474e-05,0.9962697113127794,0.0,0.0
456,Device,ResourceApplyGradientDescent,SGD/SGD/update_122/ResourceApplyGradientDescent,2,6.144,3.072,6.144,3.072,4.0546616165451474e-05,0.9963102579289449,0.0,0.0
457,Device,ResourceApplyGradientDescent,SGD/SGD/update_124/ResourceApplyGradientDescent,2,6.144,3.072,6.144,3.072,4.0546616165451474e-05,0.9963508045451104,0.0,0.0
458,Device,ResourceApplyGradientDescent,SGD/SGD/update_125/ResourceApplyGradientDescent,2,6.144,3.072,6.144,3.072,4.0546616165451474e-05,0.9963913511612759,0.0,0.0
459,Device,ResourceApplyGradientDescent,SGD/SGD/update_127/ResourceApplyGradientDescent,2,6.144,3.072,6.144,3.072,4.0546616165451474e-05,0.9964318977774413,0.0,0.0
460,Device,ResourceApplyGradientDescent,SGD/SGD/update_128/ResourceApplyGradientDescent,2,6.144,3.072,6.144,3.072,4.0546616165451474e-05,0.9964724443936068,0.0,0.0
461,Device,ResourceApplyGradientDescent,SGD/SGD/update_13/ResourceApplyGradientDescent,2,6.144,3.072,6.144,3.072,4.0546616165451474e-05,0.9965129910097723,0.0,0.0
462,Device,ResourceApplyGradientDescent,SGD/SGD/update_131/ResourceApplyGradientDescent,2,6.144,3.072,6.144,3.072,4.0546616165451474e-05,0.9965535376259378,0.0,0.0
463,Device,ResourceApplyGradientDescent,SGD/SGD/update_133/ResourceApplyGradientDescent,2,6.144,3.072,6.144,3.072,4.0546616165451474e-05,0.9965940842421033,0.0,0.0
464,Device,ResourceApplyGradientDescent,SGD/SGD/update_134/ResourceApplyGradientDescent,2,6.144,3.072,6.144,3.072,4.0546616165451474e-05,0.9966346308582688,0.0,0.0
465,Device,ResourceApplyGradientDescent,SGD/SGD/update_136/ResourceApplyGradientDescent,2,6.144,3.072,6.144,3.072,4.0546616165451474e-05,0.9966751774744342,0.0,0.0
466,Device,ResourceApplyGradientDescent,SGD/SGD/update_137/ResourceApplyGradientDescent,2,6.144,3.072,6.144,3.072,4.0546616165451474e-05,0.9967157240905997,0.0,0.0
467,Device,ResourceApplyGradientDescent,SGD/SGD/update_138/ResourceApplyGradientDescent,2,6.144,3.072,6.144,3.072,4.0546616165451474e-05,0.9967562707067652,0.0,0.0
468,Device,ResourceApplyGradientDescent,SGD/SGD/update_139/ResourceApplyGradientDescent,2,6.144,3.072,6.144,3.072,4.0546616165451474e-05,0.9967968173229307,0.0,0.0
469,Device,ResourceApplyGradientDescent,SGD/SGD/update_140/ResourceApplyGradientDescent,2,6.144,3.072,6.144,3.072,4.0546616165451474e-05,0.9968373639390962,0.0,0.0
470,Device,ResourceApplyGradientDescent,SGD/SGD/update_143/ResourceApplyGradientDescent,2,6.144,3.072,6.144,3.072,4.0546616165451474e-05,0.9968779105552616,0.0,0.0
471,Device,ResourceApplyGradientDescent,SGD/SGD/update_148/ResourceApplyGradientDescent,2,6.144,3.072,6.144,3.072,4.0546616165451474e-05,0.9969184571714271,0.0,0.0
472,Device,ResourceApplyGradientDescent,SGD/SGD/update_149/ResourceApplyGradientDescent,2,6.144,3.072,6.144,3.072,4.0546616165451474e-05,0.9969590037875926,0.0,0.0
473,Device,ResourceApplyGradientDescent,SGD/SGD/update_151/ResourceApplyGradientDescent,2,6.144,3.072,6.144,3.072,4.0546616165451474e-05,0.9969995504037581,0.0,0.0
474,Device,ResourceApplyGradientDescent,SGD/SGD/update_152/ResourceApplyGradientDescent,2,6.144,3.072,6.144,3.072,4.0546616165451474e-05,0.9970400970199236,0.0,0.0
475,Device,ResourceApplyGradientDescent,SGD/SGD/update_154/ResourceApplyGradientDescent,2,6.144,3.072,6.144,3.072,4.0546616165451474e-05,0.9970806436360891,0.0,0.0
476,Device,ResourceApplyGradientDescent,SGD/SGD/update_155/ResourceApplyGradientDescent,2,6.144,3.072,6.144,3.072,4.0546616165451474e-05,0.9971211902522545,0.0,0.0
477,Device,ResourceApplyGradientDescent,SGD/SGD/update_16/ResourceApplyGradientDescent,2,6.144,3.072,6.144,3.072,4.0546616165451474e-05,0.99716173686842,0.0,0.0
478,Device,ResourceApplyGradientDescent,SGD/SGD/update_17/ResourceApplyGradientDescent,2,6.144,3.072,6.144,3.072,4.0546616165451474e-05,0.9972022834845855,0.0,0.0
479,Device,ResourceApplyGradientDescent,SGD/SGD/update_18/ResourceApplyGradientDescent,2,6.144,3.072,6.144,3.072,4.0546616165451474e-05,0.997242830100751,0.0,0.0
480,Device,ResourceApplyGradientDescent,SGD/SGD/update_19/ResourceApplyGradientDescent,2,6.144,3.072,6.144,3.072,4.0546616165451474e-05,0.9972833767169165,0.0,0.0
481,Device,ResourceApplyGradientDescent,SGD/SGD/update_2/ResourceApplyGradientDescent,2,6.144,3.072,6.144,3.072,4.0546616165451474e-05,0.997323923333082,0.0,0.0
482,Device,ResourceApplyGradientDescent,SGD/SGD/update_20/ResourceApplyGradientDescent,2,6.144,3.072,6.144,3.072,4.0546616165451474e-05,0.9973644699492474,0.0,0.0
483,Device,ResourceApplyGradientDescent,SGD/SGD/update_21/ResourceApplyGradientDescent,2,6.144,3.072,6.144,3.072,4.0546616165451474e-05,0.9974050165654129,0.0,0.0
484,Device,ResourceApplyGradientDescent,SGD/SGD/update_24/ResourceApplyGradientDescent,2,6.144,3.072,6.144,3.072,4.0546616165451474e-05,0.9974455631815784,0.0,0.0
485,Device,ResourceApplyGradientDescent,SGD/SGD/update_28/ResourceApplyGradientDescent,2,6.144,3.072,6.144,3.072,4.0546616165451474e-05,0.9974861097977439,0.0,0.0
486,Device,ResourceApplyGradientDescent,SGD/SGD/update_29/ResourceApplyGradientDescent,2,6.144,3.072,6.144,3.072,4.0546616165451474e-05,0.9975266564139094,0.0,0.0
487,Device,ResourceApplyGradientDescent,SGD/SGD/update_3/ResourceApplyGradientDescent,2,6.144,3.072,6.144,3.072,4.0546616165451474e-05,0.9975672030300748,0.0,0.0
488,Device,ResourceApplyGradientDescent,SGD/SGD/update_31/ResourceApplyGradientDescent,2,6.144,3.072,6.144,3.072,4.0546616165451474e-05,0.9976077496462403,0.0,0.0
489,Device,ResourceApplyGradientDescent,SGD/SGD/update_32/ResourceApplyGradientDescent,2,6.144,3.072,6.144,3.072,4.0546616165451474e-05,0.9976482962624058,0.0,0.0
490,Device,ResourceApplyGradientDescent,SGD/SGD/update_33/ResourceApplyGradientDescent,2,6.144,3.072,6.144,3.072,4.0546616165451474e-05,0.9976888428785713,0.0,0.0
491,Device,ResourceApplyGradientDescent,SGD/SGD/update_34/ResourceApplyGradientDescent,2,6.144,3.072,6.144,3.072,4.0546616165451474e-05,0.9977293894947368,0.0,0.0
492,Device,ResourceApplyGradientDescent,SGD/SGD/update_35/ResourceApplyGradientDescent,2,6.144,3.072,6.144,3.072,4.0546616165451474e-05,0.9977699361109023,0.0,0.0
493,Device,ResourceApplyGradientDescent,SGD/SGD/update_37/ResourceApplyGradientDescent,2,6.144,3.072,6.144,3.072,4.0546616165451474e-05,0.9978104827270677,0.0,0.0
494,Device,ResourceApplyGradientDescent,SGD/SGD/update_38/ResourceApplyGradientDescent,2,6.144,3.072,6.144,3.072,4.0546616165451474e-05,0.9978510293432332,0.0,0.0
495,Device,ResourceApplyGradientDescent,SGD/SGD/update_39/ResourceApplyGradientDescent,2,6.144,3.072,6.144,3.072,4.0546616165451474e-05,0.9978915759593987,0.0,0.0
496,Device,ResourceApplyGradientDescent,SGD/SGD/update_4/ResourceApplyGradientDescent,2,6.144,3.072,6.144,3.072,4.0546616165451474e-05,0.9979321225755642,0.0,0.0
497,Device,ResourceApplyGradientDescent,SGD/SGD/update_41/ResourceApplyGradientDescent,2,6.144,3.072,6.144,3.072,4.0546616165451474e-05,0.9979726691917297,0.0,0.0
498,Device,ResourceApplyGradientDescent,SGD/SGD/update_42/ResourceApplyGradientDescent,2,6.144,3.072,6.144,3.072,4.0546616165451474e-05,0.9980132158078951,0.0,0.0
499,Device,ResourceApplyGradientDescent,SGD/SGD/update_43/ResourceApplyGradientDescent,2,6.144,3.072,6.144,3.072,4.0546616165451474e-05,0.9980537624240606,0.0,0.0
500,Device,ResourceApplyGradientDescent,SGD/SGD/update_44/ResourceApplyGradientDescent,2,6.144,3.072,6.144,3.072,4.0546616165451474e-05,0.9980943090402261,0.0,0.0
501,Host,IDLE,IDLE,0,459870.326,0.0,459870.326,0.0,0.0,0.0,0.9877041180168449,0.9877041180168449
502,Host,GatherV2,GatherV2,2,5244.048,2622.024,5244.048,2622.024,0.0,0.0,0.011263105079491471,0.9989672230963363
503,Host,Dataset,Iterator::Root::ParallelMapV2::Zip[1]::ForeverRepeat,2,80.532,40.266,75.302,37.651,0.0,0.0,0.00016173275658343839,0.9991289558529198
504,Host,Dataset,Iterator::Root::ParallelMapV2,2,66.881,33.4405,66.881,33.4405,0.0,0.0,0.00014364623108359596,0.9992726020840035
505,Host,IteratorGetNext,IteratorGetNext,2,49.81,24.905,49.81,24.905,0.0,0.0,0.00010698133655707771,0.9993795834205605
506,Host,GatherV2,GatherV2_1,2,45.451,22.7255,45.451,22.7255,0.0,0.0,9.761912724062917e-05,0.9994772025478011
507,Host,FlushSummaryWriter,FlushSummaryWriter,1,41.091,41.091,41.091,41.091,0.0,0.0,8.825477013585385e-05,0.999565457317937
508,Host,Dataset,Iterator::Root,2,107.221,53.6105,40.34,20.17,0.0,0.0,8.664178110243956e-05,0.9996520990990394
509,Host,LogicalAnd,LogicalAnd,1,32.03,32.03,32.03,32.03,0.0,0.0,6.879366010687009e-05,0.9997208927591463
510,Host,Dataset,Iterator::Root::ParallelMapV2::Zip[0]::FlatMap[1]::TensorSlice,2,24.8,12.4,24.8,12.4,0.0,0.0,5.326515050422661e-05,0.9997741579096505
511,Host,WriteSummary,WriteSummary,1,21.94,21.94,21.94,21.94,0.0,0.0,4.712247588962628e-05,0.9998212803855402
512,Host,_Send,IteratorGetNext/_1,2,21.041,10.5205,21.041,10.5205,0.0,0.0,4.519161418384806e-05,0.999866471999724
513,Host,Dataset,Iterator::Root::ParallelMapV2::Zip[0]::FlatMap,2,44.4,22.2,19.6,9.8,0.0,0.0,4.209665120495329e-05,0.9999085686509289
514,Host,Dataset,Iterator::Root::ParallelMapV2::Zip,2,138.922,69.461,13.99,6.995,0.0,0.0,3.00475586916988e-05,0.9999386162096207
515,Host,_Send,IteratorGetNext/_3,2,13.8,6.9,13.8,6.9,0.0,0.0,2.9639478909609966e-05,0.9999682556885303
516,Host,ReadVariableOp,ReadVariableOp,1,6.49,6.49,6.49,6.49,0.0,0.0,1.3939146240823818e-05,0.9999821948347711
517,Host,Dataset,Iterator::Root::ParallelMapV2::Zip[1]::ForeverRepeat::FromTensor,4,5.23,1.3075,5.23,1.3075,0.0,0.0,1.123293294907682e-05,0.9999934277677202
518,Host,Identity,Identity,2,3.06,1.53,3.06,1.53,0.0,0.0,6.5722322799569925e-06,1.0000000000000002
