Rank,Host/device,Type,Operation,#Occurrences,Total time (us),Avg. time (us),Total self-time (us),Avg. self-time (us),Total self-time on Device (%),Cumulative total-self time on Device (%),Total self-time on Host (%),Cumulative total-self time on Host (%)
1,Device,IDLE,IDLE,0,5455.802,0.0,5455.802,0.0,0.6402479689637453,0.6402479689637453,0.0,0.0
2,Device,Conv2DBackpropFilter,gradient_tape/sequential/conv2d_1/Conv2D/Conv2DBackpropFilter,2,323.842,161.921,323.842,161.921,0.03800342878373467,0.6782513977474799,0.0,0.0
3,Device,_FusedConv2D,sequential/activation_1/Relu,2,201.377,100.6885,201.377,100.6885,0.023631945449268894,0.7018833431967488,0.0,0.0
4,Device,Conv2DBackpropFilter,gradient_tape/sequential/conv2d_3/Conv2D/Conv2DBackpropFilter,4,187.52,46.88,187.52,46.88,0.02200580210573652,0.7238891453024854,0.0,0.0
5,Device,Conv2DBackpropInput,gradient_tape/sequential/conv2d_1/Conv2D/Conv2DBackpropInput,2,157.633,78.8165,157.633,78.8165,0.018498510043374387,0.7423876553458598,0.0,0.0
6,Device,Conv2DBackpropFilter,gradient_tape/sequential/conv2d_2/Conv2D/Conv2DBackpropFilter,2,148.993,74.4965,148.993,74.4965,0.01748459083372441,0.7598722461795843,0.0,0.0
7,Device,_FusedConv2D,sequential/activation_3/Relu,2,134.465,67.2325,134.465,67.2325,0.015779704458979634,0.7756519506385638,0.0,0.0
8,Device,Conv2DBackpropInput,gradient_tape/sequential/conv2d_3/Conv2D/Conv2DBackpropInput,2,132.832,66.416,132.832,66.416,0.015588069034285374,0.7912400196728492,0.0,0.0
9,Device,Conv2DBackpropFilter,gradient_tape/sequential/conv2d/Conv2D/Conv2DBackpropFilter,2,130.497,65.2485,130.497,65.2485,0.015314052673807055,0.8065540723466562,0.0,0.0
10,Device,ReluGrad,gradient_tape/sequential/activation/ReluGrad,2,95.072,47.536,95.072,47.536,0.011156866562481774,0.817710938909138,0.0,0.0
11,Device,SoftmaxCrossEntropyWithLogits,categorical_crossentropy/softmax_cross_entropy_with_logits,2,93.858,46.929,93.858,46.929,0.011014401525385124,0.8287253404345232,0.0,0.0
12,Device,_FusedConv2D,sequential/activation_2/Relu,2,87.393,43.6965,87.393,43.6965,0.010255722394553283,0.8389810628290765,0.0,0.0
13,Device,ReluGrad,gradient_tape/sequential/activation_1/ReluGrad,2,86.464,43.232,86.464,43.232,0.010146702609163836,0.8491277654382403,0.0,0.0
14,Device,_FusedConv2D,sequential/activation/Relu,2,81.281,40.6405,81.281,40.6405,0.009538468435134227,0.8586662338733745,0.0,0.0
15,Device,Conv2DBackpropInput,gradient_tape/sequential/conv2d_2/Conv2D/Conv2DBackpropInput,2,77.152,38.576,77.152,38.576,0.009053923016541083,0.8677201568899156,0.0,0.0
16,Device,MaxPoolGrad,gradient_tape/sequential/max_pooling2d/MaxPool/MaxPoolGrad,2,72.929,36.4645,72.929,36.4645,0.008558346532472583,0.8762785034223881,0.0,0.0
17,Device,ResourceApplyGradientDescent,SGD/SGD/update_8/ResourceApplyGradientDescent,2,53.088,26.544,53.088,26.544,0.006229970254849298,0.8825084736772374,0.0,0.0
18,Device,BiasAddGrad,gradient_tape/sequential/conv2d/BiasAdd/BiasAddGrad,2,48.417,24.2085,48.417,24.2085,0.0056818201821322795,0.8881902938593697,0.0,0.0
19,Device,ReluGrad,gradient_tape/sequential/activation_2/ReluGrad,2,46.944,23.472,46.944,23.472,0.005508961039098204,0.8936992548984679,0.0,0.0
20,Device,MaxPool,sequential/max_pooling2d/MaxPool,2,44.608,22.304,44.608,22.304,0.0052348273268595065,0.8989340822253274,0.0,0.0
21,Device,BiasAddGrad,gradient_tape/sequential/conv2d_1/BiasAdd/BiasAddGrad,2,42.816,21.408,42.816,21.408,0.005024532972265437,0.9039586151975929,0.0,0.0
22,Device,MatMul,sequential/dense/MatMul,2,41.376,20.688,41.376,20.688,0.004855546437323775,0.9088141616349167,0.0,0.0
23,Device,MaxPoolGrad,gradient_tape/sequential/max_pooling2d_1/MaxPool/MaxPoolGrad,2,36.288,18.144,36.288,18.144,0.004258460680529899,0.9130726223154466,0.0,0.0
24,Device,_Send,IteratorGetNext/_1,1,34.528,34.528,34.528,34.528,0.004051921582267868,0.9171245438977145,0.0,0.0
25,Device,_Recv,IteratorGetNext/_2,1,33.376,33.376,33.376,33.376,0.003916732354314537,0.921041276252029,0.0,0.0
26,Device,MatMul,gradient_tape/sequential/dense/MatMul/MatMul,2,26.4,13.2,26.4,13.2,0.0030980864739304824,0.9241393627259595,0.0,0.0
27,Device,MatMul,gradient_tape/sequential/dense/MatMul/MatMul_1,2,26.4,13.2,26.4,13.2,0.0030980864739304824,0.92723744919989,0.0,0.0
28,Device,BiasAddGrad,gradient_tape/sequential/conv2d_3/BiasAdd/BiasAddGrad,2,25.12,12.56,25.12,12.56,0.002947876220649005,0.930185325420539,0.0,0.0
29,Device,Mul,gradient_tape/sequential/dropout/dropout/Mul_1,2,21.088,10.544,21.088,10.544,0.0024747139228123495,0.9326600393433514,0.0,0.0
30,Device,Softmax,sequential/activation_5/Softmax,2,18.72,9.36,18.72,9.36,0.002196824954241615,0.934856864297593,0.0,0.0
31,Device,MatMul,sequential/dense_1/MatMul,2,18.528,9.264,18.528,9.264,0.0021742934162493933,0.9370311577138424,0.0,0.0
32,Device,BiasAddGrad,gradient_tape/sequential/conv2d_2/BiasAdd/BiasAddGrad,2,18.464,9.232,18.464,9.232,0.0021667829035853193,0.9391979406174277,0.0,0.0
33,Device,RandomUniform,sequential/dropout/dropout/random_uniform/RandomUniform,2,18.304,9.152,18.304,9.152,0.0021480066219251347,0.9413459472393528,0.0,0.0
34,Device,Mul,sequential/dropout/dropout/Mul_1,2,16.8,8.4,16.8,8.4,0.0019715095743193982,0.9433174568136722,0.0,0.0
35,Device,Transpose,gradient_tape/sequential/conv2d/Conv2D/Conv2DBackpropFilter-0-TransposeNHWCToNCHW-LayoutOptimizer,2,15.585,7.7925,15.585,7.7925,0.0018289271854623702,0.9451463839991345,0.0,0.0
36,Device,ReluGrad,gradient_tape/sequential/activation_3/ReluGrad,2,13.376,6.688,13.376,6.688,0.0015696971467914446,0.946716081145926,0.0,0.0
37,Device,RandomUniform,sequential/dropout_1/dropout/random_uniform/RandomUniform,2,12.928,6.464,12.928,6.464,0.0015171235581429275,0.9482332047040689,0.0,0.0
38,Device,Mul,gradient_tape/sequential/dropout_1/dropout/Mul_1,2,12.192,6.096,12.192,6.096,0.0014307526625060775,0.9496639573665749,0.0,0.0
39,Device,MatMul,gradient_tape/sequential/dense_1/MatMul/MatMul_1,2,11.84,5.92,11.84,5.92,0.001389444842853671,0.9510534022094286,0.0,0.0
40,Device,MaxPool,sequential/max_pooling2d_1/MaxPool,2,11.552,5.776,11.552,5.776,0.0013556475358653384,0.952409049745294,0.0,0.0
41,Device,Transpose,gradient_tape/sequential/dropout/dropout/ArithmeticOptimizer/ReorderCastLikeAndValuePreserving_bool_Mul-1-TransposeNHWCToNCHW-LayoutOptimizer,2,10.848,5.424,10.848,5.424,0.0012730318965605257,0.9536820816418544,0.0,0.0
42,Device,MatMul,gradient_tape/sequential/dense_1/MatMul/MatMul,2,9.952,4.976,9.952,4.976,0.001167884719263491,0.954849966361118,0.0,0.0
43,Device,Mul,sequential/dropout/dropout/Mul,2,9.632,4.816,9.632,4.816,0.0011303321559431216,0.9559802985170611,0.0,0.0
44,Device,Mul,gradient_tape/sequential/dropout/dropout/Mul,2,9.505,4.7525,9.505,4.7525,0.00111542848237535,0.9570957269994365,0.0,0.0
45,Device,Cast,sequential/dropout/dropout/ArithmeticOptimizer/ReorderCastLikeAndValuePreserving_float_Cast,2,9.056,4.528,9.056,4.528,0.0010627375419664563,0.958158464541403,0.0,0.0
46,Device,Transpose,gradient_tape/sequential/max_pooling2d_1/MaxPool/MaxPoolGrad-2-TransposeNHWCToNCHW-LayoutOptimizer,2,8.832,4.416,8.832,4.416,0.001036450747642198,0.9591949152890452,0.0,0.0
47,Device,GreaterEqual,sequential/dropout/dropout/GreaterEqual,2,8.672,4.336,8.672,4.336,0.0010176744659820133,0.9602125897550272,0.0,0.0
48,Device,ResourceApplyGradientDescent,SGD/SGD/update_6/ResourceApplyGradientDescent,2,8.576,4.288,8.576,4.288,0.0010064086969859022,0.9612189984520131,0.0,0.0
49,Device,Transpose,sequential/dropout_1/dropout/Mul_1-0-1-TransposeNCHWToNHWC-LayoutOptimizer,2,8.512,4.256,8.512,4.256,0.0009988981843218284,0.962217896636335,0.0,0.0
50,Device,RandomUniform,sequential/dropout_2/dropout/random_uniform/RandomUniform,2,8.385,4.1925,8.385,4.1925,0.0009839945107540566,0.963201891147089,0.0,0.0
51,Device,Transpose,sequential/dropout_1/dropout/ArithmeticOptimizer/ReorderCastLikeAndValuePreserving_bool_Mul_1-0-TransposeNHWCToNCHW-LayoutOptimizer,2,7.872,3.936,7.872,3.936,0.0009237930576810894,0.9641256842047701,0.0,0.0
52,Device,ArgMax,ArgMax,2,7.584,3.792,7.584,3.792,0.0008899957506927569,0.9650156799554628,0.0,0.0
53,Device,ResourceApplyGradientDescent,SGD/SGD/update_2/ResourceApplyGradientDescent,2,7.52,3.76,7.52,3.76,0.0008824852380286829,0.9658981651934915,0.0,0.0
54,Device,ResourceApplyGradientDescent,SGD/SGD/update_4/ResourceApplyGradientDescent,2,7.456,3.728,7.456,3.728,0.0008749747253646091,0.966773139918856,0.0,0.0
55,Device,ResourceApplyGradientDescent,SGD/SGD/update_10/ResourceApplyGradientDescent,2,7.264,3.632,7.264,3.632,0.0008524431873723874,0.9676255831062285,0.0,0.0
56,Device,ArgMax,ArgMax_1,2,7.136,3.568,7.136,3.568,0.0008374221620442396,0.9684630052682727,0.0,0.0
57,Device,Mul,sequential/dropout_1/dropout/Mul,2,6.88,3.44,6.88,3.44,0.000807380111387944,0.9692703853796606,0.0,0.0
58,Device,BiasAddGrad,gradient_tape/sequential/dense/BiasAdd/BiasAddGrad,2,6.592,3.296,6.592,3.296,0.0007735828043996114,0.9700439681840602,0.0,0.0
59,Device,ResourceApplyGradientDescent,SGD/SGD/update_5/ResourceApplyGradientDescent,2,6.56,3.28,6.56,3.28,0.0007698275480675745,0.9708137957321278,0.0,0.0
60,Device,BiasAdd,sequential/dense/BiasAdd,2,6.56,3.28,6.56,3.28,0.0007698275480675745,0.9715836232801953,0.0,0.0
61,Device,Mul,gradient_tape/sequential/dropout_2/dropout/Mul_1,2,6.528,3.264,6.528,3.264,0.0007660722917355375,0.9723496955719308,0.0,0.0
62,Device,Mul,sequential/dropout_1/dropout/Mul_1,2,6.496,3.248,6.496,3.248,0.0007623170354035006,0.9731120126073344,0.0,0.0
63,Device,ResourceApplyGradientDescent,SGD/SGD/update/ResourceApplyGradientDescent,2,6.304,3.152,6.304,3.152,0.0007397854974112789,0.9738517981047456,0.0,0.0
64,Device,Mul,sequential/dropout_2/dropout/Mul_1,2,6.304,3.152,6.304,3.152,0.0007397854974112789,0.9745915836021569,0.0,0.0
65,Device,ResourceApplyGradientDescent,SGD/SGD/update_3/ResourceApplyGradientDescent,2,6.24,3.12,6.24,3.12,0.000732274984747205,0.9753238585869041,0.0,0.0
66,Device,ResourceApplyGradientDescent,SGD/SGD/update_9/ResourceApplyGradientDescent,2,6.24,3.12,6.24,3.12,0.000732274984747205,0.9760561335716512,0.0,0.0
67,Device,BiasAddGrad,gradient_tape/sequential/dense_1/BiasAdd/BiasAddGrad,2,6.144,3.072,6.144,3.072,0.0007210092157510942,0.9767771427874024,0.0,0.0
68,Device,GreaterEqual,sequential/dropout_1/dropout/GreaterEqual,2,6.144,3.072,6.144,3.072,0.0007210092157510942,0.9774981520031535,0.0,0.0
69,Device,ResourceApplyGradientDescent,SGD/SGD/update_7/ResourceApplyGradientDescent,2,6.08,3.04,6.08,3.04,0.0007134987030870203,0.9782116507062405,0.0,0.0
70,Device,Mul,sequential/dropout_2/dropout/Mul,2,6.08,3.04,6.08,3.04,0.0007134987030870203,0.9789251494093275,0.0,0.0
71,Device,ResourceApplyGradientDescent,SGD/SGD/update_1/ResourceApplyGradientDescent,2,6.048,3.024,6.048,3.024,0.0007097434467549834,0.9796348928560825,0.0,0.0
72,Device,GreaterEqual,sequential/dropout_2/dropout/GreaterEqual,2,6.048,3.024,6.048,3.024,0.0007097434467549834,0.9803446363028375,0.0,0.0
73,Device,Cast,sequential/dropout_1/dropout/Cast,2,6.017,3.0085,6.017,3.0085,0.0007061055421833226,0.9810507418450208,0.0,0.0
74,Device,Cast,sequential/dropout_1/dropout/ArithmeticOptimizer/ReorderCastLikeAndValuePreserving_float_Cast,2,5.984,2.992,5.984,2.992,0.0007022329340909094,0.9817529747791117,0.0,0.0
75,Device,Mul,gradient_tape/sequential/dropout_1/dropout/Mul,2,5.888,2.944,5.888,2.944,0.0006909671650947985,0.9824439419442065,0.0,0.0
76,Device,ResourceApplyGradientDescent,SGD/SGD/update_11/ResourceApplyGradientDescent,2,5.856,2.928,5.856,2.928,0.0006872119087627616,0.9831311538529692,0.0,0.0
77,Device,Mul,gradient_tape/sequential/dropout_2/dropout/Mul,2,5.728,2.864,5.728,2.864,0.0006721908834346138,0.9838033447364039,0.0,0.0
78,Device,Relu,sequential/activation_4/Relu,2,5.728,2.864,5.728,2.864,0.0006721908834346138,0.9844755356198385,0.0,0.0
79,Device,Cast,Cast,2,5.696,2.848,5.696,2.848,0.0006684356271025769,0.9851439712469411,0.0,0.0
80,Device,AssignAddVariableOp,SGD/SGD/AssignAddVariableOp,2,5.664,2.832,5.664,2.832,0.0006646803707705399,0.9858086516177116,0.0,0.0
81,Device,AssignAddVariableOp,AssignAddVariableOp_4,2,5.568,2.784,5.568,2.784,0.0006534146017744291,0.9864620662194861,0.0,0.0
82,Device,Tile,gradient_tape/categorical_crossentropy/weighted_loss/Tile_1,2,5.568,2.784,5.568,2.784,0.0006534146017744291,0.9871154808212605,0.0,0.0
83,Device,Equal,Equal,2,5.536,2.768,5.536,2.768,0.000649659345442392,0.9877651401667029,0.0,0.0
84,Device,DivNoNan,gradient_tape/categorical_crossentropy/weighted_loss/value/div_no_nan,2,5.44,2.72,5.44,2.72,0.0006383935764462813,0.9884035337431492,0.0,0.0
85,Device,Mul,gradient_tape/categorical_crossentropy/softmax_cross_entropy_with_logits/mul,2,5.408,2.704,5.408,2.704,0.0006346383201142443,0.9890381720632634,0.0,0.0
86,Device,BiasAdd,sequential/dense_1/BiasAdd,2,5.344,2.672,5.344,2.672,0.0006271278074501705,0.9896652998707136,0.0,0.0
87,Device,AssignAddVariableOp,AssignAddVariableOp_2,2,5.312,2.656,5.312,2.656,0.0006233725511181335,0.9902886724218317,0.0,0.0
88,Device,AssignAddVariableOp,AssignAddVariableOp,2,5.28,2.64,5.28,2.64,0.0006196172947860966,0.9909082897166178,0.0,0.0
89,Device,ReluGrad,gradient_tape/sequential/activation_4/ReluGrad,2,5.28,2.64,5.28,2.64,0.0006196172947860966,0.9915279070114039,0.0,0.0
90,Device,DivNoNan,categorical_crossentropy/weighted_loss/value,2,5.248,2.624,5.248,2.624,0.0006158620384540596,0.992143769049858,0.0,0.0
91,Device,AssignAddVariableOp,AssignAddVariableOp_1,2,5.185,2.5925,5.185,2.5925,0.0006084688775503618,0.9927522379274084,0.0,0.0
92,Device,AssignAddVariableOp,AssignAddVariableOp_3,2,5.184,2.592,5.184,2.592,0.0006083515257899857,0.9933605894531984,0.0,0.0
93,Device,Sum,categorical_crossentropy/weighted_loss/Sum,2,5.152,2.576,5.152,2.576,0.0006045962694579488,0.9939651857226564,0.0,0.0
94,Device,Mul,Mul,2,5.088,2.544,5.088,2.544,0.0005970857567938749,0.9945622714794502,0.0,0.0
95,Device,Cast,sequential/dropout_2/dropout/Cast,2,5.056,2.528,5.056,2.528,0.0005933305004618379,0.995155601979912,0.0,0.0
96,Device,Sum,Sum_2,2,5.024,2.512,5.024,2.512,0.000589575244129801,0.9957451772240419,0.0,0.0
97,Device,DivNoNan,div_no_nan_1,2,4.992,2.496,4.992,2.496,0.0005858199877977641,0.9963309972118396,0.0,0.0
98,Device,DivNoNan,div_no_nan,2,4.96,2.48,4.96,2.48,0.000582064731465727,0.9969130619433053,0.0,0.0
99,Device,Cast,Cast_1,2,4.865,2.4325,4.865,2.4325,0.0005709163142299924,0.9974839782575353,0.0,0.0
100,Device,Cast,categorical_crossentropy/weighted_loss/num_elements/Cast,2,4.768,2.384,4.768,2.384,0.0005595331934735053,0.9980435114510088,0.0,0.0
101,Device,Cast,Cast_2,2,4.672,2.336,4.672,2.336,0.0005482674244773945,0.9985917788754862,0.0,0.0
102,Device,_Recv,strided_slice/_12,2,3.872,1.936,3.872,1.936,0.0004543860161764708,0.9990461648916626,0.0,0.0
103,Device,LogicalAnd,LogicalAnd,1,2.688,2.688,2.688,2.688,0.0003154415318911037,0.9993616064235538,0.0,0.0
104,Device,_Recv,Size/_16,2,1.76,0.88,1.76,0.88,0.0002065390982620322,0.9995681455218158,0.0,0.0
105,Device,_Recv,categorical_crossentropy/weighted_loss/num_elements/_14,2,1.728,0.864,1.728,0.864,0.00020278384192999523,0.9997709293637458,0.0,0.0
106,Device,_Send,IteratorGetNext/_3,1,0.992,0.992,0.992,0.992,0.00011641294629314542,0.999887342310039,0.0,0.0
107,Device,_Recv,IteratorGetNext/_4,1,0.96,0.96,0.96,0.96,0.00011265768996110846,1.0,0.0,0.0
108,Host,IDLE,IDLE,0,38441.806,0.0,38441.806,0.0,0.0,0.0,0.9687736629932364,0.9687736629932364
109,Host,GatherV2,GatherV2,2,296.884,148.442,296.884,148.442,0.0,0.0,0.00748178689013945,0.9762554498833759
110,Host,_Send,IteratorGetNext/_3,2,273.708,136.854,273.708,136.854,0.0,0.0,0.006897727483213271,0.9831531773665891
111,Host,_Send,IteratorGetNext/_1,2,269.79,134.895,269.79,134.895,0.0,0.0,0.0067989897909308756,0.98995216715752
112,Host,_Send,IteratorGetNext/_6,2,59.989,29.9945,59.989,29.9945,0.0,0.0,0.00151178545746007,0.9914639526149801
113,Host,Dataset,Iterator::Root::ParallelMapV2,2,41.764,20.882,41.764,20.882,0.0,0.0,0.0010524964217666966,0.9925164490367469
114,Host,FlushSummaryWriter,FlushSummaryWriter,1,38.49,38.49,38.49,38.49,0.0,0.0,0.0009699882021310256,0.9934864372388779
115,Host,Dataset,Iterator::Root::ParallelMapV2::Zip[1]::ForeverRepeat,2,40.625,20.3125,37.49,18.745,0.0,0.0,0.000944787157648536,0.9944312243965264
116,Host,LogicalAnd,LogicalAnd,1,36.273,36.273,36.273,36.273,0.0,0.0,0.0009141174865133462,0.9953453418830398
117,Host,Dataset,Iterator::Root::ParallelMapV2::Zip[0]::FlatMap[1]::Concatenate,2,57.51,28.755,35.022,17.511,0.0,0.0,0.0008825909798657515,0.9962279328629056
118,Host,Dataset,Iterator::Root,2,68.719,34.3595,26.955,13.4775,0.0,0.0,0.0006792941540255077,0.996907227016931
119,Host,GatherV2,GatherV2_1,2,26.045,13.0225,26.045,13.0225,0.0,0.0,0.0006563612035464422,0.9975635882204774
120,Host,Dataset,Iterator::Root::ParallelMapV2::Zip[0]::FlatMap[1]::Concatenate[0]::TensorSlice,2,22.488,11.244,22.488,11.244,0.0,0.0,0.0005667210883222267,0.9981303093087996
121,Host,WriteSummary,WriteSummary,1,20.474,20.474,20.474,20.474,0.0,0.0,0.0005159661847344925,0.9986462754935341
122,Host,_HostSend,categorical_crossentropy/softmax_cross_entropy_with_logits/Shape_2/_9,2,17.207,8.6035,17.207,8.6035,0.0,0.0,0.00043363437241019894,0.9990799098659443
123,Host,IteratorGetNext,IteratorGetNext,2,13.365,6.6825,13.365,6.6825,0.0,0.0,0.0003368119595084738,0.9994167218254528
124,Host,Dataset,Iterator::Root::ParallelMapV2::Zip,2,109.772,54.886,9.158,4.579,0.0,0.0,0.00023079116537063995,0.9996475129908234
125,Host,ReadVariableOp,ReadVariableOp,1,6.079,6.079,6.079,6.079,0.0,0.0,0.0001531971494090544,0.9998007101402325
126,Host,Dataset,Iterator::Root::ParallelMapV2::Zip[1]::ForeverRepeat::FromTensor,4,3.135,0.78375,3.135,0.78375,0.0,0.0,7.900527445260496e-05,0.9998797154146851
127,Host,Dataset,Iterator::Root::ParallelMapV2::Zip[0]::FlatMap,2,59.989,29.9945,2.479,1.2395,0.0,0.0,6.247338927209178e-05,0.9999421888039572
128,Host,Identity,Identity,2,2.294,1.147,2.294,1.147,0.0,0.0,5.78111960428312e-05,1.0
