Rank,Host/device,Type,Operation,#Occurrences,Total time (us),Avg. time (us),Total self-time (us),Avg. self-time (us),Total self-time on Device (%),Cumulative total-self time on Device (%),Total self-time on Host (%),Cumulative total-self time on Host (%)
1,Device,DepthwiseConv2dNativeBackpropFilter,gradient_tape/efficientnetb0/block2a_dwconv/depthwise/DepthwiseConv2dNativeBackpropFilter,2,30351.546,15175.773,30351.546,15175.773,0.15619957577429794,0.15619957577429794,0.0,0.0
2,Device,IDLE,IDLE,0,16156.717,0.0,16156.717,0.0,0.08314806571320578,0.2393476414875037,0.0,0.0
3,Device,DepthwiseConv2dNativeBackpropFilter,gradient_tape/efficientnetb0/block3a_dwconv/depthwise/DepthwiseConv2dNativeBackpropFilter,2,7591.143,3795.5715,7591.143,3795.5715,0.039066653021300184,0.2784142945088039,0.0,0.0
4,Device,_Recv,IteratorGetNext/_4,2,2431.15,1215.575,2431.15,1215.575,0.012511540553607531,0.29092583506241143,0.0,0.0
5,Device,FusedBatchNormGradV3,gradient_tape/efficientnetb0/block2a_expand_bn/FusedBatchNormGradV3,2,2085.738,1042.869,2085.738,1042.869,0.01073393067939052,0.301659765741802,0.0,0.0
6,Device,DepthwiseConv2dNativeBackpropFilter,gradient_tape/efficientnetb0/block5b_dwconv/depthwise/DepthwiseConv2dNativeBackpropFilter,2,1982.859,991.4295,1982.859,991.4295,0.010204479686808989,0.31186424542861096,0.0,0.0
7,Device,DepthwiseConv2dNativeBackpropFilter,gradient_tape/efficientnetb0/block5c_dwconv/depthwise/DepthwiseConv2dNativeBackpropFilter,2,1948.586,974.293,1948.586,974.293,0.010028098949547285,0.3218923443781582,0.0,0.0
8,Device,DepthwiseConv2dNativeBackpropFilter,gradient_tape/efficientnetb0/block5a_dwconv/depthwise/DepthwiseConv2dNativeBackpropFilter,2,1711.562,855.781,1711.562,855.781,0.008808291291369768,0.330700635669528,0.0,0.0
9,Device,DepthwiseConv2dNativeBackpropInput,gradient_tape/efficientnetb0/block2a_dwconv/depthwise/DepthwiseConv2dNativeBackpropInput,2,1519.751,759.8755,1519.751,759.8755,0.007821165402334532,0.3385218010718625,0.0,0.0
10,Device,Conv2DBackpropFilter,gradient_tape/efficientnetb0/block2a_expand_conv/Conv2D/Conv2DBackpropFilter,2,1298.599,649.2995,1298.599,649.2995,0.0066830405575033155,0.3452048416293658,0.0,0.0
11,Device,FusedBatchNormV3,efficientnetb0/block2a_expand_bn/FusedBatchNormV3,4,1288.903,322.22575,1288.903,322.22575,0.006633141580801846,0.3518379832101677,0.0,0.0
12,Device,Mul,SGD/gradients/mul_136,2,1234.95,617.475,1234.95,617.475,0.006355480742314386,0.3581934639524821,0.0,0.0
13,Device,Mul,efficientnetb0/block2a_expand_activation/mul,2,1232.006,616.003,1232.006,616.003,0.00634032989790338,0.3645337938503855,0.0,0.0
14,Device,Mul,SGD/gradients/mul_135,2,1229.19,614.595,1229.19,614.595,0.006325837785858068,0.3708596316362435,0.0,0.0
15,Device,Mul,SGD/gradients/mul_137,2,1227.11,613.555,1227.11,613.555,0.006315133384915507,0.37717476502115904,0.0,0.0
16,Device,DepthwiseConv2dNativeBackpropFilter,gradient_tape/efficientnetb0/block4a_dwconv/depthwise/DepthwiseConv2dNativeBackpropFilter,2,1144.933,572.4665,1144.933,572.4665,0.005892222059792086,0.3830669870809511,0.0,0.0
17,Device,DepthwiseConv2dNativeBackpropFilter,gradient_tape/efficientnetb0/block4c_dwconv/depthwise/DepthwiseConv2dNativeBackpropFilter,2,1024.261,512.1305,1024.261,512.1305,0.005271202122032208,0.3883381892029833,0.0,0.0
18,Device,Slice,gradient_tape/efficientnetb0/block2a_dwconv_pad/Slice_1,2,963.908,481.954,963.908,481.954,0.00496060466525995,0.39329879386824323,0.0,0.0
19,Device,DepthwiseConv2dNativeBackpropFilter,gradient_tape/efficientnetb0/block4b_dwconv/depthwise/DepthwiseConv2dNativeBackpropFilter,2,957.157,478.5785,957.157,478.5785,0.004925861679316095,0.3982246555475593,0.0,0.0
20,Device,Pad,efficientnetb0/block2a_dwconv_pad/Pad,2,934.884,467.442,934.884,467.442,0.0048112371013383885,0.4030358926488977,0.0,0.0
21,Device,FusedBatchNormGradV3,gradient_tape/efficientnetb0/stem_bn/FusedBatchNormGradV3,2,879.813,439.9065,879.813,439.9065,0.004527822647344303,0.407563715296242,0.0,0.0
22,Device,FusedBatchNormGradV3,gradient_tape/efficientnetb0/block1a_bn/FusedBatchNormGradV3,2,878.34,439.17,878.34,439.17,0.004520242078792192,0.4120839573750342,0.0,0.0
23,Device,Sigmoid,SGD/gradients/Sigmoid_45,2,853.732,426.866,853.732,426.866,0.004393600781487142,0.4164775581565214,0.0,0.0
24,Device,Sigmoid,efficientnetb0/block2a_expand_activation/Sigmoid,2,852.068,426.034,852.068,426.034,0.004385037260733094,0.42086259541725446,0.0,0.0
25,Device,DepthwiseConv2dNativeBackpropInput,gradient_tape/efficientnetb0/block3a_dwconv/depthwise/DepthwiseConv2dNativeBackpropInput,2,840.9,420.45,840.9,420.45,0.00432756286182612,0.4251901582790806,0.0,0.0
26,Device,AddV2,SGD/gradients/add_45,2,826.917,413.4585,826.917,413.4585,0.004255601497220442,0.429445759776301,0.0,0.0
27,Device,Sub,SGD/gradients/sub_45,2,825.573,412.7865,825.573,412.7865,0.0042486848073806345,0.4336944445836816,0.0,0.0
28,Device,FusedBatchNormGradV3,gradient_tape/efficientnetb0/block2b_bn/FusedBatchNormGradV3,2,803.556,401.778,803.556,401.778,0.00413537769413432,0.4378298222778159,0.0,0.0
29,Device,FusedBatchNormGradV3,gradient_tape/efficientnetb0/block2b_expand_bn/FusedBatchNormGradV3,2,801.86,400.93,801.86,400.93,0.004126649490288849,0.44195647176810476,0.0,0.0
30,Device,FusedBatchNormGradV3,gradient_tape/efficientnetb0/block3a_expand_bn/FusedBatchNormGradV3,2,800.58,400.29,800.58,400.29,0.00412006216663189,0.4460765339347367,0.0,0.0
31,Device,DepthwiseConv2dNative,efficientnetb0/block2a_dwconv/depthwise,2,725.156,362.578,725.156,362.578,0.003731904120145537,0.4498084380548822,0.0,0.0
32,Device,FusedBatchNormGradV3,gradient_tape/efficientnetb0/block1a_project_bn/FusedBatchNormGradV3,2,705.7,352.85,705.7,352.85,0.0036317768005597498,0.45344021485544195,0.0,0.0
33,Device,DepthwiseConv2dNativeBackpropInput,gradient_tape/efficientnetb0/block2b_dwconv/depthwise/DepthwiseConv2dNativeBackpropInput,2,686.372,343.186,686.372,343.186,0.003532308213339657,0.4569725230687816,0.0,0.0
34,Device,Conv2D,efficientnetb0/block2a_expand_conv/Conv2D,2,609.251,304.6255,609.251,304.6255,0.0031354168166612267,0.46010793988544285,0.0,0.0
35,Device,DepthwiseConv2dNativeBackpropInput,gradient_tape/efficientnetb0/block1a_dwconv/depthwise/DepthwiseConv2dNativeBackpropInput,2,581.476,290.738,581.476,290.738,0.0029924770396518078,0.4631004169250947,0.0,0.0
36,Device,DepthwiseConv2dNativeBackpropFilter,gradient_tape/efficientnetb0/block2b_dwconv/depthwise/DepthwiseConv2dNativeBackpropFilter,2,560.77,280.385,560.77,280.385,0.00288591678680727,0.46598633371190196,0.0,0.0
37,Device,DepthwiseConv2dNativeBackpropInput,gradient_tape/efficientnetb0/block3b_dwconv/depthwise/DepthwiseConv2dNativeBackpropInput,2,553.539,276.7695,553.539,276.7695,0.002848703554492055,0.46883503726639403,0.0,0.0
38,Device,Conv2DBackpropFilter,gradient_tape/efficientnetb0/block5b_expand_conv/Conv2D/Conv2DBackpropFilter,2,540.611,270.3055,540.611,270.3055,0.0027821715855567614,0.4716172088519508,0.0,0.0
39,Device,Conv2DBackpropFilter,gradient_tape/efficientnetb0/block6a_expand_conv/Conv2D/Conv2DBackpropFilter,2,537.666,268.833,537.666,268.833,0.0027670155947991473,0.47438422444674994,0.0,0.0
40,Device,Conv2DBackpropFilter,gradient_tape/efficientnetb0/block5c_expand_conv/Conv2D/Conv2DBackpropFilter,2,536.578,268.289,536.578,268.289,0.002761416369690731,0.4771456408164407,0.0,0.0
41,Device,Conv2DBackpropFilter,gradient_tape/efficientnetb0/block1a_project_conv/Conv2D/Conv2DBackpropFilter,2,534.082,267.041,534.082,267.041,0.00274857108855966,0.4798942119050003,0.0,0.0
42,Device,Conv2DBackpropInput,gradient_tape/efficientnetb0/block2a_expand_conv/Conv2D/Conv2DBackpropInput,2,531.106,265.553,531.106,265.553,0.0027332555610572284,0.48262746746605756,0.0,0.0
43,Device,FusedBatchNormGradV3,gradient_tape/efficientnetb0/block2a_bn/FusedBatchNormGradV3,2,530.244,265.122,530.244,265.122,0.002728819410281995,0.4853562868763395,0.0,0.0
44,Device,Conv2DBackpropFilter,gradient_tape/efficientnetb0/block2b_project_conv/Conv2D/Conv2DBackpropFilter,2,523.651,261.8255,523.651,261.8255,0.002694889547102045,0.4880511764234416,0.0,0.0
45,Device,FusedBatchNormV3,efficientnetb0/stem_bn/FusedBatchNormV3,4,508.227,127.05675,508.227,127.05675,0.0026155122970356803,0.49066668872047725,0.0,0.0
46,Device,FusedBatchNormV3,efficientnetb0/block1a_bn/FusedBatchNormV3,4,504.482,126.1205,504.482,126.1205,0.0025962392289924662,0.49326292794946974,0.0,0.0
47,Device,FusedBatchNormV3,efficientnetb0/block3a_expand_bn/FusedBatchNormV3,4,501.571,125.39275,501.571,125.39275,0.00258125821401949,0.49584418616348924,0.0,0.0
48,Device,FusedBatchNormV3,efficientnetb0/block2b_bn/FusedBatchNormV3,4,500.258,125.0645,500.258,125.0645,0.0025745010609244993,0.49841868722441374,0.0,0.0
49,Device,FusedBatchNormV3,efficientnetb0/block2b_expand_bn/FusedBatchNormV3,4,499.074,124.7685,499.074,124.7685,0.0025684077865418117,0.5009870950109555,0.0,0.0
50,Device,DepthwiseConv2dNativeBackpropInput,gradient_tape/efficientnetb0/block6a_dwconv/depthwise/DepthwiseConv2dNativeBackpropInput,2,483.81,241.905,483.81,241.905,0.002489853951932567,0.5034769489628881,0.0,0.0
51,Device,AddN,SGD/gradients/AddN_21,2,479.714,239.857,479.714,239.857,0.0024687745162302955,0.5059457234791184,0.0,0.0
52,Device,DepthwiseConv2dNativeBackpropFilter,gradient_tape/efficientnetb0/block1a_dwconv/depthwise/DepthwiseConv2dNativeBackpropFilter,2,469.698,234.849,469.698,234.849,0.0024172287086145854,0.508362952187733,0.0,0.0
53,Device,Mul,SGD/gradients/mul_125,2,468.546,234.273,468.546,234.273,0.002411300117323322,0.5107742523050562,0.0,0.0
54,Device,Mul,gradient_tape/efficientnetb0/block2b_se_excite/mul/Mul_1,2,464.803,232.4015,464.803,232.4015,0.0023920373419733217,0.5131662896470296,0.0,0.0
55,Device,Mul,efficientnetb0/block2b_expand_activation/mul,2,464.61,232.305,464.61,232.305,0.0023910440970781707,0.5155573337441077,0.0,0.0
56,Device,Mul,efficientnetb0/block2b_activation/mul,2,464.226,232.113,464.226,232.113,0.002389067899981083,0.5179464016440888,0.0,0.0
57,Device,Mul,SGD/gradients/mul_123,2,463.907,231.9535,463.907,231.9535,0.00238742621541345,0.5203338278595022,0.0,0.0
58,Device,Mul,SGD/gradients/mul_124,2,463.491,231.7455,463.491,231.7455,0.002385285335224938,0.5227191131947272,0.0,0.0
59,Device,Mul,SGD/gradients/mul_119,2,462.946,231.473,462.946,231.473,0.002382480576324123,0.5251015937710514,0.0,0.0
60,Device,Mul,SGD/gradients/mul_127,2,462.754,231.377,462.754,231.377,0.0023814924777755793,0.5274830862488269,0.0,0.0
61,Device,Mul,SGD/gradients/mul_128,2,462.754,231.377,462.754,231.377,0.0023814924777755793,0.5298645787266024,0.0,0.0
62,Device,Mul,efficientnetb0/block3a_expand_activation/mul,2,462.69,231.345,462.69,231.345,0.002381163111592731,0.5322457418381952,0.0,0.0
63,Device,Mul,SGD/gradients/mul_126,2,462.37,231.185,462.37,231.185,0.0023795162806784912,0.5346252581188736,0.0,0.0
64,Device,Mul,SGD/gradients/mul_118,2,462.114,231.057,462.114,231.057,0.002378198815947099,0.5370034569348208,0.0,0.0
65,Device,Mul,SGD/gradients/mul_117,2,461.378,230.689,461.378,230.689,0.0023744111048443475,0.5393778680396651,0.0,0.0
66,Device,Conv2DBackpropFilter,gradient_tape/efficientnetb0/stem_conv/Conv2D/Conv2DBackpropFilter,2,459.171,229.5855,459.171,229.5855,0.0023630531178826988,0.5417409211575478,0.0,0.0
67,Device,Conv2DBackpropFilter,gradient_tape/efficientnetb0/block2a_project_conv/Conv2D/Conv2DBackpropFilter,2,456.674,228.337,456.674,228.337,0.0023502026904050205,0.5440911238479528,0.0,0.0
68,Device,Conv2DBackpropFilter,gradient_tape/efficientnetb0/block3a_expand_conv/Conv2D/Conv2DBackpropFilter,2,452.386,226.193,452.386,226.193,0.0023281351561542057,0.5464192590041069,0.0,0.0
69,Device,Conv2DBackpropFilter,gradient_tape/efficientnetb0/block2b_expand_conv/Conv2D/Conv2DBackpropFilter,2,447.266,223.633,447.266,223.633,0.0023017858615263665,0.5487210448656333,0.0,0.0
70,Device,Pad,efficientnetb0/block3a_dwconv_pad/Pad,2,444.386,222.193,444.386,222.193,0.0022869643832982072,0.5510080092489316,0.0,0.0
71,Device,DepthwiseConv2dNative,efficientnetb0/block3a_dwconv/depthwise,2,441.154,220.577,441.154,220.577,0.002270331391064384,0.5532783406399959,0.0,0.0
72,Device,AddN,SGD/gradients/AddN_24,2,428.547,214.2735,428.547,214.2735,0.0022054513993899376,0.5554837920393859,0.0,0.0
73,Device,Mul,efficientnetb0/block1a_activation/mul,2,414.946,207.473,414.946,207.473,0.0021354559391881336,0.5576192479785741,0.0,0.0
74,Device,Mul,SGD/gradients/mul_143,2,414.626,207.313,414.626,207.313,0.0021338091082738933,0.559753057086848,0.0,0.0
75,Device,Mul,SGD/gradients/mul_142,2,414.306,207.153,414.306,207.153,0.0021321622773596534,0.5618852193642077,0.0,0.0
76,Device,Mul,gradient_tape/efficientnetb0/block1a_se_excite/mul/Mul_1,2,414.018,207.009,414.018,207.009,0.0021306801295368377,0.5640158994937445,0.0,0.0
77,Device,Mul,SGD/gradients/mul_144,2,413.922,206.961,413.922,206.961,0.0021301860802625657,0.5661460855740071,0.0,0.0
78,Device,Mul,SGD/gradients/mul_146,2,413.858,206.929,413.858,206.929,0.0021298567140797175,0.5682759422880869,0.0,0.0
79,Device,Mul,SGD/gradients/mul_145,2,412.866,206.433,412.866,206.433,0.002124751538245574,0.5704006938263324,0.0,0.0
80,Device,Mul,SGD/gradients/mul_141,2,412.578,206.289,412.578,206.289,0.0021232693904227576,0.5725239632167551,0.0,0.0
81,Device,Mul,efficientnetb0/stem_activation/mul,2,412.546,206.273,412.546,206.273,0.002123104707331334,0.5746470679240865,0.0,0.0
82,Device,DepthwiseConv2dNativeBackpropFilter,gradient_tape/efficientnetb0/block3b_dwconv/depthwise/DepthwiseConv2dNativeBackpropFilter,2,411.266,205.633,411.266,205.633,0.0021165173836743744,0.5767635853077608,0.0,0.0
83,Device,FusedBatchNormV3,efficientnetb0/block1a_project_bn/FusedBatchNormV3,4,408.738,102.1845,408.738,102.1845,0.0021035074194518787,0.5788670927272127,0.0,0.0
84,Device,Slice,gradient_tape/efficientnetb0/block3a_dwconv_pad/Slice_1,2,387.074,193.537,387.074,193.537,0.0019920169665578356,0.5808591096937705,0.0,0.0
85,Device,FusedBatchNormGradV3,gradient_tape/efficientnetb0/block4a_expand_bn/FusedBatchNormGradV3,2,361.666,180.833,361.666,180.833,0.0018612585919671849,0.5827203682857377,0.0,0.0
86,Device,FusedBatchNormGradV3,gradient_tape/efficientnetb0/block3b_expand_bn/FusedBatchNormGradV3,2,361.218,180.609,361.218,180.609,0.001858953028687249,0.5845793213144249,0.0,0.0
87,Device,FusedBatchNormGradV3,gradient_tape/efficientnetb0/block3b_bn/FusedBatchNormGradV3,2,360.354,180.177,360.354,180.177,0.001854506585218801,0.5864338278996437,0.0,0.0
88,Device,DepthwiseConv2dNativeBackpropInput,gradient_tape/efficientnetb0/block5b_dwconv/depthwise/DepthwiseConv2dNativeBackpropInput,2,350.914,175.457,350.914,175.457,0.001805925073248723,0.5882397529728924,0.0,0.0
89,Device,DepthwiseConv2dNativeBackpropInput,gradient_tape/efficientnetb0/block5c_dwconv/depthwise/DepthwiseConv2dNativeBackpropInput,2,349.538,174.769,349.538,174.769,0.0017988437003174913,0.5900385966732099,0.0,0.0
90,Device,Conv2DBackpropFilter,gradient_tape/efficientnetb0/top_conv/Conv2D/Conv2DBackpropFilter,2,345.058,172.529,345.058,172.529,0.0017757880675181323,0.591814384740728,0.0,0.0
91,Device,Mul,gradient_tape/efficientnetb0/block2b_se_excite/mul/Mul,2,341.57,170.785,341.57,170.785,0.001757837610552917,0.5935722223512809,0.0,0.0
92,Device,Conv2DBackpropFilter,gradient_tape/efficientnetb0/block3b_project_conv/Conv2D/Conv2DBackpropFilter,2,334.114,167.057,334.114,167.057,0.0017194664502511265,0.595291688801532,0.0,0.0
93,Device,FusedBatchNormV3,efficientnetb0/block2a_bn/FusedBatchNormV3,4,333.186,83.2965,333.186,83.2965,0.0017146906405998308,0.5970063794421319,0.0,0.0
94,Device,DepthwiseConv2dNative,efficientnetb0/block2b_dwconv/depthwise,2,329.474,164.737,329.474,164.737,0.0016955874019946476,0.5987019668441265,0.0,0.0
95,Device,Mul,efficientnetb0/block2b_se_excite/mul,2,327.906,163.953,327.906,163.953,0.0016875179305148721,0.6003894847746414,0.0,0.0
96,Device,Sigmoid,efficientnetb0/block2b_activation/Sigmoid,2,327.01,163.505,327.01,163.505,0.001682906803955,0.6020723915785964,0.0,0.0
97,Device,Sigmoid,SGD/gradients/Sigmoid_41,2,325.058,162.529,325.058,162.529,0.0016728611353781365,0.6037452527139745,0.0,0.0
98,Device,Sigmoid,efficientnetb0/block2b_expand_activation/Sigmoid,2,323.362,161.681,323.362,161.681,0.001664132931532665,0.6054093856455072,0.0,0.0
99,Device,Transpose,SGD/gradients/AddN_21-1-TransposeNHWCToNCHW-LayoutOptimizer,2,322.914,161.457,322.914,161.457,0.001661827368252729,0.6070712130137599,0.0,0.0
100,Device,Sigmoid,SGD/gradients/Sigmoid_42,2,322.914,161.457,322.914,161.457,0.001661827368252729,0.6087330403820126,0.0,0.0
101,Device,AddN,SGD/gradients/AddN_23,2,322.529,161.2645,322.529,161.2645,0.0016598460248090341,0.6103928864068217,0.0,0.0
102,Device,Sigmoid,efficientnetb0/block3a_expand_activation/Sigmoid,2,322.21,161.105,322.21,161.105,0.0016582043402414012,0.6120510907470631,0.0,0.0
103,Device,Transpose,efficientnetb0/block2b_activation/mul-0-3-TransposeNCHWToNHWC-LayoutOptimizer,2,319.33,159.665,319.33,159.665,0.0016433828620132417,0.6136944736090764,0.0,0.0
104,Device,Sigmoid,SGD/gradients/Sigmoid_39,2,319.17,159.585,319.17,159.585,0.001642559446556122,0.6153370330556325,0.0,0.0
105,Device,RealDiv,gradient_tape/efficientnetb0/block2b_se_squeeze/truediv,2,317.794,158.897,317.794,158.897,0.0016354780736248901,0.6169725111292573,0.0,0.0
106,Device,Sub,SGD/gradients/sub_41,2,314.721,157.3605,314.721,157.3605,0.00161966335050158,0.6185921744797589,0.0,0.0
107,Device,Mul,SGD/gradients/mul_132,2,313.602,156.801,313.602,156.801,0.0016139045886483469,0.6202060790684072,0.0,0.0
108,Device,Sub,SGD/gradients/sub_42,2,313.57,156.785,313.57,156.785,0.001613739905556923,0.6218198189739641,0.0,0.0
109,Device,Mul,efficientnetb0/block2a_activation/mul,2,312.994,156.497,312.994,156.497,0.0016107756099112912,0.6234305945838754,0.0,0.0
110,Device,AddV2,SGD/gradients/add_41,2,312.993,156.4965,312.993,156.4965,0.0016107704635646841,0.6250413650474401,0.0,0.0
111,Device,AddV2,SGD/gradients/add_39,2,312.482,156.241,312.482,156.241,0.0016081406804485075,0.6266495057278886,0.0,0.0
112,Device,Mul,SGD/gradients/mul_133,2,312.449,156.2245,312.449,156.2245,0.0016079708510104763,0.6282574765788991,0.0,0.0
113,Device,AddV2,SGD/gradients/add_42,2,312.386,156.193,312.386,156.193,0.0016076466311742354,0.6298651232100733,0.0,0.0
114,Device,Sub,SGD/gradients/sub_39,2,312.162,156.081,312.162,156.081,0.0016064938495342672,0.6314716170596075,0.0,0.0
115,Device,Mul,SGD/gradients/mul_134,2,312.129,156.0645,312.129,156.0645,0.0016063240200962364,0.6330779410797037,0.0,0.0
116,Device,Mul,gradient_tape/efficientnetb0/block2a_se_excite/mul/Mul_1,2,310.818,155.409,310.818,155.409,0.0015995771596944595,0.6346775182393982,0.0,0.0
117,Device,Mul,gradient_tape/efficientnetb0/block1a_se_excite/mul/Mul,2,300.29,150.145,300.29,150.145,0.001545396422615966,0.6362229146620142,0.0,0.0
118,Device,DepthwiseConv2dNative,efficientnetb0/block1a_dwconv/depthwise,2,293.154,146.577,293.154,146.577,0.0015086720932284154,0.6377315867552427,0.0,0.0
119,Device,DepthwiseConv2dNative,efficientnetb0/block5b_dwconv/depthwise,2,292.834,146.417,292.834,146.417,0.0015070252623141755,0.6392386120175568,0.0,0.0
120,Device,DepthwiseConv2dNative,efficientnetb0/block5c_dwconv/depthwise,2,292.77,146.385,292.77,146.385,0.0015066958961313273,0.6407453079136881,0.0,0.0
121,Device,DepthwiseConv2dNativeBackpropInput,gradient_tape/efficientnetb0/block4a_dwconv/depthwise/DepthwiseConv2dNativeBackpropInput,2,292.353,146.1765,292.353,146.1765,0.0015045498695962086,0.6422498577832844,0.0,0.0
122,Device,Mul,efficientnetb0/block1a_se_excite/mul,2,290.081,145.0405,290.081,145.0405,0.0014928573701051052,0.6437427151533894,0.0,0.0
123,Device,Sigmoid,efficientnetb0/block1a_activation/Sigmoid,2,289.73,144.865,289.73,144.865,0.0014910510024460483,0.6452337661558355,0.0,0.0
124,Device,Sigmoid,SGD/gradients/Sigmoid_47,2,288.48,144.24,288.48,144.24,0.0014846180691872985,0.6467183842250228,0.0,0.0
125,Device,Pad,efficientnetb0/block6a_dwconv_pad/Pad,2,288.162,144.081,288.162,144.081,0.0014829815309662724,0.6482013657559891,0.0,0.0
126,Device,Sigmoid,efficientnetb0/stem_activation/Sigmoid,2,287.745,143.8725,287.745,143.8725,0.0014808355044311535,0.6496822012604202,0.0,0.0
127,Device,DepthwiseConv2dNative,efficientnetb0/block6a_dwconv/depthwise,2,286.913,143.4565,286.913,143.4565,0.0014765537440541297,0.6511587550044743,0.0,0.0
128,Device,Conv2DBackpropFilter,gradient_tape/efficientnetb0/block4b_expand_conv/Conv2D/Conv2DBackpropFilter,2,286.881,143.4405,286.881,143.4405,0.0014763890609627056,0.652635144065437,0.0,0.0
129,Device,Conv2D,efficientnetb0/block2b_expand_conv/Conv2D,2,285.346,142.673,285.346,142.673,0.0014684894189209612,0.654103633484358,0.0,0.0
130,Device,Conv2DBackpropFilter,gradient_tape/efficientnetb0/block4c_expand_conv/Conv2D/Conv2DBackpropFilter,2,285.217,142.6085,285.217,142.6085,0.001467825540208658,0.6555714590245666,0.0,0.0
131,Device,Conv2DBackpropFilter,gradient_tape/efficientnetb0/block5a_expand_conv/Conv2D/Conv2DBackpropFilter,2,284.706,142.353,284.706,142.353,0.0014651957570924812,0.6570366547816591,0.0,0.0
132,Device,Transpose,efficientnetb0/block1a_activation/mul-0-3-TransposeNCHWToNHWC-LayoutOptimizer,2,284.45,142.225,284.45,142.225,0.0014638782923610892,0.6585005330740201,0.0,0.0
133,Device,DepthwiseConv2dNativeBackpropFilter,gradient_tape/efficientnetb0/block6a_dwconv/depthwise/DepthwiseConv2dNativeBackpropFilter,2,283.618,141.809,283.618,141.809,0.0014595965319840654,0.6599601296060041,0.0,0.0
134,Device,Transpose,SGD/gradients/AddN_24-1-TransposeNHWCToNCHW-LayoutOptimizer,2,282.529,141.2645,282.529,141.2645,0.0014539921605290426,0.6614141217665331,0.0,0.0
135,Device,RealDiv,gradient_tape/efficientnetb0/block1a_se_squeeze/truediv,2,282.21,141.105,282.21,141.105,0.0014523504759614096,0.6628664722424945,0.0,0.0
136,Device,Conv2DBackpropInput,gradient_tape/efficientnetb0/block2b_project_conv/Conv2D/Conv2DBackpropInput,2,281.249,140.6245,281.249,140.6245,0.0014474048368720831,0.6643138770793666,0.0,0.0
137,Device,AddV2,SGD/gradients/add_48,2,279.362,139.681,279.362,139.681,0.0014376936808246745,0.6657515707601913,0.0,0.0
138,Device,Sub,SGD/gradients/sub_47,2,279.362,139.681,279.362,139.681,0.0014376936808246745,0.667189264441016,0.0,0.0
139,Device,Sub,SGD/gradients/sub_48,2,278.72,139.36,278.72,139.36,0.0014343897263029805,0.668623654167319,0.0,0.0
140,Device,Conv2D,efficientnetb0/block3a_expand_conv/Conv2D,2,278.657,139.3285,278.657,139.3285,0.0014340655064667394,0.6700577196737857,0.0,0.0
141,Device,AddV2,SGD/gradients/add_47,2,277.89,138.945,277.89,138.945,0.0014301182586191705,0.6714878379324049,0.0,0.0
142,Device,Sigmoid,SGD/gradients/Sigmoid_48,2,274.626,137.313,274.626,137.313,0.0014133205832939232,0.6729011585156988,0.0,0.0
143,Device,Conv2DBackpropInput,gradient_tape/efficientnetb0/top_conv/Conv2D/Conv2DBackpropInput,4,263.297,65.82425,263.297,65.82425,0.0013550176225832228,0.674256176138282,0.0,0.0
144,Device,DepthwiseConv2dNativeBackpropInput,gradient_tape/efficientnetb0/block5a_dwconv/depthwise/DepthwiseConv2dNativeBackpropInput,2,256.096,128.048,256.096,128.048,0.0013179587806662174,0.6755741349189482,0.0,0.0
145,Device,FusedBatchNormV3,efficientnetb0/block3b_bn/FusedBatchNormV3,4,251.394,62.8485,251.394,62.8485,0.0012937606589201044,0.6768678955778683,0.0,0.0
146,Device,Conv2DBackpropFilter,gradient_tape/efficientnetb0/block3a_project_conv/Conv2D/Conv2DBackpropFilter,2,247.298,123.649,247.298,123.649,0.0012726812232178332,0.6781405768010862,0.0,0.0
147,Device,FusedBatchNormV3,efficientnetb0/block3b_expand_bn/FusedBatchNormV3,4,245.313,61.32825,245.313,61.32825,0.0012624657252029387,0.6794030425262891,0.0,0.0
148,Device,FusedBatchNormV3,efficientnetb0/block4a_expand_bn/FusedBatchNormV3,4,242.593,60.64825,242.593,60.64825,0.0012484676624318991,0.680651510188721,0.0,0.0
149,Device,Conv2D,efficientnetb0/block7a_project_conv/Conv2D,4,241.89,60.4725,241.89,60.4725,0.0012448497807671783,0.6818963599694883,0.0,0.0
150,Device,Conv2D,efficientnetb0/stem_conv/Conv2D,2,239.745,119.8725,239.745,119.8725,0.0012338108672951638,0.6831301708367834,0.0,0.0
151,Device,Conv2DBackpropFilter,gradient_tape/efficientnetb0/block3b_expand_conv/Conv2D/Conv2DBackpropFilter,2,237.217,118.6085,237.217,118.6085,0.0012208009030726685,0.684350971739856,0.0,0.0
152,Device,Conv2DBackpropFilter,gradient_tape/efficientnetb0/block4a_expand_conv/Conv2D/Conv2DBackpropFilter,2,236.77,118.385,236.77,118.385,0.0012185004861393395,0.6855694722259954,0.0,0.0
153,Device,Conv2DBackpropInput,gradient_tape/efficientnetb0/block3a_expand_conv/Conv2D/Conv2DBackpropInput,2,235.586,117.793,235.586,117.793,0.0012124072117566517,0.686781879437752,0.0,0.0
154,Device,Conv2DBackpropInput,gradient_tape/efficientnetb0/block1a_project_conv/Conv2D/Conv2DBackpropInput,2,235.458,117.729,235.458,117.729,0.0012117484793909557,0.687993627917143,0.0,0.0
155,Device,Conv2D,efficientnetb0/block1a_project_conv/Conv2D,2,232.354,116.177,232.354,116.177,0.0011957742195228284,0.6891894021366659,0.0,0.0
156,Device,Mul,gradient_tape/efficientnetb0/block2a_se_excite/mul/Mul,2,230.177,115.0885,230.177,115.0885,0.0011845706229593898,0.6903739727596253,0.0,0.0
157,Device,Conv2DBackpropFilter,gradient_tape/efficientnetb0/block5b_project_conv/Conv2D/Conv2DBackpropFilter,4,229.218,57.3045,229.218,57.3045,0.0011796352765632771,0.6915536080361886,0.0,0.0
158,Device,Conv2DBackpropInput,gradient_tape/efficientnetb0/block2b_expand_conv/Conv2D/Conv2DBackpropInput,2,228.098,114.049,228.098,114.049,0.0011738713683634374,0.692727479404552,0.0,0.0
159,Device,Conv2DBackpropFilter,gradient_tape/efficientnetb0/block5c_project_conv/Conv2D/Conv2DBackpropFilter,4,227.904,56.976,227.904,56.976,0.0011728729771216793,0.6939003523816737,0.0,0.0
160,Device,Mul,efficientnetb0/block2a_se_excite/mul,2,219.777,109.8885,219.777,109.8885,0.001131048618246592,0.6950314009999203,0.0,0.0
161,Device,Conv2D,efficientnetb0/top_conv/Conv2D,2,219.714,109.857,219.714,109.857,0.001130724398410351,0.6961621253983307,0.0,0.0
162,Device,Sigmoid,SGD/gradients/Sigmoid_44,2,219.522,109.761,219.522,109.761,0.0011297362998618072,0.6972918616981925,0.0,0.0
163,Device,Sigmoid,efficientnetb0/block2a_activation/Sigmoid,2,218.625,109.3125,218.625,109.3125,0.0011251200269553282,0.6984169817251478,0.0,0.0
164,Device,RealDiv,gradient_tape/efficientnetb0/block2a_se_squeeze/truediv,2,214.914,107.457,214.914,107.457,0.001106021934696752,0.6995230036598445,0.0,0.0
165,Device,Transpose,efficientnetb0/block2a_activation/mul-0-3-TransposeNCHWToNHWC-LayoutOptimizer,2,214.849,107.4245,214.849,107.4245,0.0011056874221672972,0.7006286910820119,0.0,0.0
166,Device,Transpose,SGD/gradients/AddN_23-1-TransposeNHWCToNCHW-LayoutOptimizer,2,213.857,106.9285,213.857,106.9285,0.0011005822463331534,0.701729273328345,0.0,0.0
167,Device,Conv2DBackpropFilter,gradient_tape/efficientnetb0/block7a_project_conv/Conv2D/Conv2DBackpropFilter,4,212.161,53.04025,212.161,53.04025,0.0010918540424876817,0.7028211273708327,0.0,0.0
168,Device,AddV2,SGD/gradients/add_44,2,211.202,105.601,211.202,105.601,0.0010869186960915688,0.7039080460669243,0.0,0.0
169,Device,FusedBatchNormGradV3,gradient_tape/efficientnetb0/block2b_project_bn/FusedBatchNormGradV3,2,211.008,105.504,211.008,105.504,0.001085920304849811,0.704993966371774,0.0,0.0
170,Device,DepthwiseConv2dNative,efficientnetb0/block5a_dwconv/depthwise,2,210.881,105.4405,210.881,105.4405,0.001085266718830722,0.7060792330906047,0.0,0.0
171,Device,Sub,SGD/gradients/sub_44,2,210.176,105.088,210.176,105.088,0.0010816385444727872,0.7071608716350775,0.0,0.0
172,Device,FusedBatchNormGradV3,gradient_tape/efficientnetb0/block2a_project_bn/FusedBatchNormGradV3,2,208.93,104.465,208.93,104.465,0.0010752261966004654,0.708236097831678,0.0,0.0
173,Device,DepthwiseConv2dNative,efficientnetb0/block3b_dwconv/depthwise,2,206.913,103.4565,206.913,103.4565,0.001064846015494147,0.7093009438471721,0.0,0.0
174,Device,Conv2DBackpropInput,gradient_tape/efficientnetb0/block2a_project_conv/Conv2D/Conv2DBackpropInput,2,205.281,102.6405,205.281,102.6405,0.0010564471778315232,0.7103573910250036,0.0,0.0
175,Device,FusedBatchNormGradV3,gradient_tape/efficientnetb0/block3a_bn/FusedBatchNormGradV3,2,205.121,102.5605,205.121,102.5605,0.0010556237623744033,0.7114130147873781,0.0,0.0
176,Device,AddN,SGD/gradients/AddN_18,2,203.712,101.856,203.712,101.856,0.0010483725600051405,0.7124613873473832,0.0,0.0
177,Device,Mul,SGD/gradients/mul_99,2,199.394,99.697,199.394,99.697,0.0010261506353561154,0.7134875379827393,0.0,0.0
178,Device,Conv2DBackpropFilter,gradient_tape/efficientnetb0/block5a_project_conv/Conv2D/Conv2DBackpropFilter,4,198.786,49.6965,198.786,49.6965,0.0010230216566190595,0.7145105596393584,0.0,0.0
179,Device,Conv2DBackpropInput,gradient_tape/efficientnetb0/block7a_project_conv/Conv2D/Conv2DBackpropInput,2,198.786,99.393,198.786,99.393,0.0010230216566190595,0.7155335812959774,0.0,0.0
180,Device,Mul,SGD/gradients/mul_108,2,198.594,99.297,198.594,99.297,0.0010220335580705157,0.716555614854048,0.0,0.0
181,Device,Mul,efficientnetb0/block3b_activation/mul,2,198.081,99.0405,198.081,99.0405,0.0010193934822611246,0.717575008336309,0.0,0.0
182,Device,Pad,efficientnetb0/block4a_dwconv_pad/Pad,2,197.537,98.7685,197.537,98.7685,0.0010165938697069168,0.7185916022060159,0.0,0.0
183,Device,Mul,SGD/gradients/mul_106,2,197.473,98.7365,197.473,98.7365,0.0010162645035240688,0.71960786670954,0.0,0.0
184,Device,Conv2D,efficientnetb0/block2b_project_conv/Conv2D,2,197.249,98.6245,197.249,98.6245,0.0010151117218841009,0.7206229784314241,0.0,0.0
185,Device,Mul,SGD/gradients/mul_105,2,197.026,98.513,197.026,98.513,0.00101396408659074,0.7216369425180148,0.0,0.0
186,Device,Mul,gradient_tape/efficientnetb0/block3b_se_excite/mul/Mul_1,2,196.802,98.401,196.802,98.401,0.0010128113049507718,0.7226497538229656,0.0,0.0
187,Device,Mul,SGD/gradients/mul_109,2,196.769,98.3845,196.769,98.3845,0.001012641475512741,0.7236623952984783,0.0,0.0
188,Device,Mul,SGD/gradients/mul_100,2,196.546,98.273,196.546,98.273,0.00101149384021938,0.7246738891386977,0.0,0.0
189,Device,Mul,efficientnetb0/block4a_expand_activation/mul,2,196.193,98.0965,196.193,98.0965,0.0010096771798671091,0.7256835663185648,0.0,0.0
190,Device,Mul,SGD/gradients/mul_110,2,195.969,97.9845,195.969,97.9845,0.0010085243982271412,0.726692090716792,0.0,0.0
191,Device,Mul,SGD/gradients/mul_107,2,195.841,97.9205,195.841,97.9205,0.0010078656658614451,0.7276999563826534,0.0,0.0
192,Device,Mul,efficientnetb0/block3b_expand_activation/mul,2,195.745,97.8725,195.745,97.8725,0.0010073716165871732,0.7287073279992405,0.0,0.0
193,Device,Mul,SGD/gradients/mul_101,2,195.584,97.792,195.584,97.792,0.0010065430547834462,0.729713871054024,0.0,0.0
194,Device,Conv2DBackpropFilter,gradient_tape/efficientnetb0/block4c_project_conv/Conv2D/Conv2DBackpropFilter,4,184.673,46.16825,184.673,46.16825,0.0009503912669544716,0.7306642623209785,0.0,0.0
195,Device,Conv2D,efficientnetb0/block6d_project_conv/Conv2D,4,182.688,45.672,182.688,45.672,0.000940175768939577,0.731604438089918,0.0,0.0
196,Device,Conv2D,efficientnetb0/block6c_project_conv/Conv2D,4,181.602,45.4005,181.602,45.4005,0.0009345868365243752,0.7325390249264424,0.0,0.0
197,Device,Conv2DBackpropInput,gradient_tape/efficientnetb0/block6d_expand_conv/Conv2D/Conv2DBackpropInput,4,181.408,45.352,181.408,45.352,0.0009335884452826172,0.733472613371725,0.0,0.0
198,Device,Conv2DBackpropInput,gradient_tape/efficientnetb0/block6c_expand_conv/Conv2D/Conv2DBackpropInput,4,181.314,45.3285,181.314,45.3285,0.0009331046887015592,0.7344057180604265,0.0,0.0
199,Device,Conv2D,efficientnetb0/block6b_project_conv/Conv2D,4,181.184,45.296,181.184,45.296,0.0009324356636426493,0.7353381537240692,0.0,0.0
200,Device,Conv2DBackpropInput,gradient_tape/efficientnetb0/block7a_expand_conv/Conv2D/Conv2DBackpropInput,4,180.673,45.16825,180.673,45.16825,0.0009298058805264724,0.7362679596045957,0.0,0.0
201,Device,Conv2DBackpropFilter,gradient_tape/efficientnetb0/block4b_project_conv/Conv2D/Conv2DBackpropFilter,4,180.48,45.12,180.48,45.12,0.0009288126356313214,0.737196772240227,0.0,0.0
202,Device,Conv2DBackpropInput,gradient_tape/efficientnetb0/block6b_expand_conv/Conv2D/Conv2DBackpropInput,4,180.257,45.06425,180.257,45.06425,0.0009276650003379605,0.7381244372405649,0.0,0.0
203,Device,Conv2D,efficientnetb0/block2a_project_conv/Conv2D,2,177.345,88.6725,177.345,88.6725,0.0009126788390183771,0.7390371160795832,0.0,0.0
204,Device,Conv2DBackpropInput,gradient_tape/efficientnetb0/block5c_expand_conv/Conv2D/Conv2DBackpropInput,2,173.794,86.897,173.794,86.897,0.000894404162216921,0.7399315202418001,0.0,0.0
205,Device,Mean,efficientnetb0/avg_pool/Mean,2,173.378,86.689,173.378,86.689,0.0008922632820284089,0.7408237835238285,0.0,0.0
206,Device,Conv2DBackpropInput,gradient_tape/efficientnetb0/block6a_expand_conv/Conv2D/Conv2DBackpropInput,2,173.248,86.624,173.248,86.624,0.000891594256969499,0.741715377780798,0.0,0.0
207,Device,Conv2DBackpropInput,gradient_tape/efficientnetb0/block5b_expand_conv/Conv2D/Conv2DBackpropInput,2,173.089,86.5445,173.089,86.5445,0.000890775987858986,0.742606153768657,0.0,0.0
208,Device,Sum,gradient_tape/efficientnetb0/block2b_se_excite/mul/Sum_1,2,172.865,86.4325,172.865,86.4325,0.0008896232062190182,0.743495776974876,0.0,0.0
209,Device,Mean,efficientnetb0/block2b_se_squeeze/Mean,2,172.225,86.1125,172.225,86.1125,0.0008863295443905382,0.7443821065192665,0.0,0.0
210,Device,Conv2D,efficientnetb0/block5b_project_conv/Conv2D,2,170.337,85.1685,170.337,85.1685,0.0008766132419965226,0.745258719761263,0.0,0.0
211,Device,Conv2D,efficientnetb0/block5c_project_conv/Conv2D,2,170.209,85.1045,170.209,85.1045,0.0008759545096308267,0.7461346742708939,0.0,0.0
212,Device,Slice,gradient_tape/efficientnetb0/block4a_dwconv_pad/Slice_1,2,167.01,83.505,167.01,83.505,0.0008594913468350343,0.7469941656177289,0.0,0.0
213,Device,Conv2DBackpropFilter,gradient_tape/efficientnetb0/block6d_expand_conv/Conv2D/Conv2DBackpropFilter,4,165.441,41.36025,165.441,41.36025,0.0008514167290086516,0.7478455823467376,0.0,0.0
214,Device,Conv2DBackpropFilter,gradient_tape/efficientnetb0/block7a_expand_conv/Conv2D/Conv2DBackpropFilter,4,164.288,41.072,164.288,41.072,0.000845482991370781,0.7486910653381084,0.0,0.0
215,Device,Conv2DBackpropFilter,gradient_tape/efficientnetb0/block6c_expand_conv/Conv2D/Conv2DBackpropFilter,4,164.064,41.016,164.064,41.016,0.0008443302097308129,0.7495353955478392,0.0,0.0
216,Device,Conv2DBackpropFilter,gradient_tape/efficientnetb0/block6b_expand_conv/Conv2D/Conv2DBackpropFilter,4,163.873,40.96825,163.873,40.96825,0.000843347257528876,0.7503787428053681,0.0,0.0
217,Device,BroadcastTo,gradient_tape/efficientnetb0/block2b_se_squeeze/BroadcastTo,2,161.025,80.5125,161.025,80.5125,0.0008286904623921406,0.7512074332677602,0.0,0.0
218,Device,Conv2DBackpropFilter,gradient_tape/efficientnetb0/block6d_project_conv/Conv2D/Conv2DBackpropFilter,2,160.224,80.112,160.224,80.112,0.0008245682387599337,0.7520320015065202,0.0,0.0
219,Device,Conv2DBackpropFilter,gradient_tape/efficientnetb0/block6b_project_conv/Conv2D/Conv2DBackpropFilter,2,160.066,80.033,160.066,80.033,0.0008237551159960278,0.7528557566225162,0.0,0.0
220,Device,Transpose,gradient_tape/efficientnetb0/stem_conv/Conv2D/Conv2DBackpropFilter-0-TransposeNHWCToNCHW-LayoutOptimizer,2,159.777,79.8885,159.777,79.8885,0.0008222678218266048,0.7536780244443428,0.0,0.0
221,Device,Conv2DBackpropFilter,gradient_tape/efficientnetb0/block6c_project_conv/Conv2D/Conv2DBackpropFilter,2,158.594,79.297,158.594,79.297,0.0008161796937905242,0.7544942041381334,0.0,0.0
222,Device,FusedBatchNormGradV3,gradient_tape/efficientnetb0/block5c_bn/FusedBatchNormGradV3,2,158.24,79.12,158.24,79.12,0.0008143578870916463,0.755308562025225,0.0,0.0
223,Device,FusedBatchNormGradV3,gradient_tape/efficientnetb0/block5b_expand_bn/FusedBatchNormGradV3,2,157.889,78.9445,157.889,78.9445,0.0008125515194325894,0.7561211135446576,0.0,0.0
224,Device,Mean,efficientnetb0/block6b_se_squeeze/Mean,2,156.64,78.32,156.64,78.32,0.0008061237325204465,0.756927237277178,0.0,0.0
225,Device,Mean,efficientnetb0/block7a_se_squeeze/Mean,2,156.481,78.2405,156.481,78.2405,0.0008053054634099336,0.757732542740588,0.0,0.0
226,Device,Mean,efficientnetb0/block6d_se_squeeze/Mean,2,156.032,78.016,156.032,78.016,0.0008029947537833908,0.7585355374943714,0.0,0.0
227,Device,Mean,efficientnetb0/block6c_se_squeeze/Mean,2,155.906,77.953,155.906,77.953,0.0008023463141109087,0.7593378838084823,0.0,0.0
228,Device,FusedBatchNormGradV3,gradient_tape/efficientnetb0/block6a_expand_bn/FusedBatchNormGradV3,2,155.138,77.569,155.138,77.569,0.000798393919916733,0.7601362777283991,0.0,0.0
229,Device,FusedBatchNormGradV3,gradient_tape/efficientnetb0/block5b_bn/FusedBatchNormGradV3,2,155.008,77.504,155.008,77.504,0.0007977248948578229,0.7609340026232569,0.0,0.0
230,Device,Slice,gradient_tape/efficientnetb0/block6a_dwconv_pad/Slice_1,2,154.976,77.488,154.976,77.488,0.0007975602117663989,0.7617315628350233,0.0,0.0
231,Device,FusedBatchNormGradV3,gradient_tape/efficientnetb0/block5c_expand_bn/FusedBatchNormGradV3,2,154.722,77.361,154.722,77.361,0.0007962530397282211,0.7625278158747515,0.0,0.0
232,Device,Conv2DBackpropInput,gradient_tape/efficientnetb0/block5b_project_conv/Conv2D/Conv2DBackpropInput,2,153.344,76.672,153.344,76.672,0.0007891613741037752,0.7633169772488553,0.0,0.0
233,Device,Conv2DBackpropInput,gradient_tape/efficientnetb0/block5c_project_conv/Conv2D/Conv2DBackpropInput,2,153.025,76.5125,153.025,76.5125,0.0007875196895361424,0.7641044969383914,0.0,0.0
234,Device,Conv2DBackpropInput,gradient_tape/efficientnetb0/block6b_project_conv/Conv2D/Conv2DBackpropInput,2,150.336,75.168,150.336,75.168,0.0007736811635099199,0.7648781781019014,0.0,0.0
235,Device,Mean,efficientnetb0/block1a_se_squeeze/Mean,2,148.64,74.32,148.64,74.32,0.0007649529596644482,0.7656431310615659,0.0,0.0
236,Device,DepthwiseConv2dNativeBackpropInput,gradient_tape/efficientnetb0/block4b_dwconv/depthwise/DepthwiseConv2dNativeBackpropInput,2,148.225,74.1125,148.225,74.1125,0.0007628172258225433,0.7664059482873884,0.0,0.0
237,Device,Conv2DBackpropInput,gradient_tape/efficientnetb0/block6d_project_conv/Conv2D/Conv2DBackpropInput,2,148.001,74.0005,148.001,74.0005,0.0007616644441825754,0.767167612731571,0.0,0.0
238,Device,Sum,gradient_tape/efficientnetb0/block1a_se_excite/mul/Sum_1,2,147.648,73.824,147.648,73.824,0.0007598477838303045,0.7679274605154013,0.0,0.0
239,Device,Conv2DBackpropInput,gradient_tape/efficientnetb0/block6c_project_conv/Conv2D/Conv2DBackpropInput,2,147.52,73.76,147.52,73.76,0.0007591890514646086,0.7686866495668659,0.0,0.0
240,Device,DepthwiseConv2dNativeBackpropInput,gradient_tape/efficientnetb0/block4c_dwconv/depthwise/DepthwiseConv2dNativeBackpropInput,2,147.33,73.665,147.33,73.665,0.0007582112456092786,0.7694448608124752,0.0,0.0
241,Device,Conv2D,efficientnetb0/block6a_expand_conv/Conv2D,2,146.656,73.328,146.656,73.328,0.0007547426079961608,0.7701996034204713,0.0,0.0
242,Device,Conv2D,efficientnetb0/block6b_expand_conv/Conv2D,2,146.4,73.2,146.4,73.2,0.0007534251432647688,0.7709530285637362,0.0,0.0
243,Device,Mul,gradient_tape/efficientnetb0/block3b_se_excite/mul/Mul,2,146.272,73.136,146.272,73.136,0.0007527664108990728,0.7717057949746352,0.0,0.0
244,Device,Conv2D,efficientnetb0/block5b_expand_conv/Conv2D,2,146.24,73.12,146.24,73.12,0.0007526017278076489,0.7724583967024429,0.0,0.0
245,Device,Conv2D,efficientnetb0/block7a_expand_conv/Conv2D,2,145.888,72.944,145.888,72.944,0.0007507902138019849,0.7732091869162449,0.0,0.0
246,Device,Conv2D,efficientnetb0/block5c_expand_conv/Conv2D,2,145.632,72.816,145.632,72.816,0.0007494727490705929,0.7739586596653154,0.0,0.0
247,Device,SoftmaxCrossEntropyWithLogits,categorical_crossentropy/softmax_cross_entropy_with_logits,2,145.184,72.592,145.184,72.592,0.000747167185790657,0.7747058268511061,0.0,0.0
248,Device,Conv2D,efficientnetb0/block6d_expand_conv/Conv2D,2,144.896,72.448,144.896,72.448,0.000745685037967841,0.7754515118890739,0.0,0.0
249,Device,Conv2D,efficientnetb0/block6c_expand_conv/Conv2D,2,144.416,72.208,144.416,72.208,0.0007432147915964811,0.7761947266806704,0.0,0.0
250,Device,Pad,efficientnetb0/stem_conv_pad/Pad,2,143.2,71.6,143.2,71.6,0.0007369568341223694,0.7769316835147927,0.0,0.0
251,Device,AddN,SGD/gradients/AddN_8,2,142.945,71.4725,142.945,71.4725,0.0007356445157375844,0.7776673280305303,0.0,0.0
252,Device,AddN,SGD/gradients/AddN_10,2,142.592,71.296,142.592,71.296,0.0007338278553853136,0.7784011558859156,0.0,0.0
253,Device,Conv2DBackpropInput,gradient_tape/efficientnetb0/block3b_project_conv/Conv2D/Conv2DBackpropInput,2,142.176,71.088,142.176,71.088,0.0007316869751968016,0.7791328428611124,0.0,0.0
254,Device,Conv2DBackpropInput,gradient_tape/efficientnetb0/block5a_project_conv/Conv2D/Conv2DBackpropInput,2,141.856,70.928,141.856,70.928,0.0007300401442825616,0.779862883005395,0.0,0.0
255,Device,Mul,efficientnetb0/block5b_activation/mul,2,140.577,70.2885,140.577,70.2885,0.000723457966972209,0.7805863409723672,0.0,0.0
256,Device,Mul,SGD/gradients/mul_52,2,140.256,70.128,140.256,70.128,0.0007218059897113621,0.7813081469620786,0.0,0.0
257,Device,Mul,gradient_tape/efficientnetb0/block5c_se_excite/mul/Mul_1,2,140.097,70.0485,140.097,70.0485,0.0007209877206008491,0.7820291346826794,0.0,0.0
258,Device,Mul,SGD/gradients/mul_45,2,140.032,70.016,140.032,70.016,0.0007206532080713941,0.7827497878907508,0.0,0.0
259,Device,BroadcastTo,gradient_tape/efficientnetb0/block1a_se_squeeze/BroadcastTo,2,139.936,69.968,139.936,69.968,0.0007201591587971222,0.7834699470495479,0.0,0.0
260,Device,Mul,efficientnetb0/block6a_expand_activation/mul,2,139.808,69.904,139.808,69.904,0.0007195004264314261,0.7841894474759793,0.0,0.0
261,Device,Mul,SGD/gradients/mul_55,2,139.776,69.888,139.776,69.888,0.0007193357433400022,0.7849087832193193,0.0,0.0
262,Device,Mul,SGD/gradients/mul_51,2,139.554,69.777,139.554,69.777,0.0007181932543932482,0.7856269764737126,0.0,0.0
263,Device,Mul,SGD/gradients/mul_62,2,139.489,69.7445,139.489,69.7445,0.0007178587418637932,0.7863448352155764,0.0,0.0
264,Device,Mul,efficientnetb0/block5c_activation/mul,2,139.33,69.665,139.33,69.665,0.0007170404727532803,0.7870618756883296,0.0,0.0
265,Device,Mul,SGD/gradients/mul_54,2,139.296,69.648,139.296,69.648,0.0007168654969686423,0.7877787411852982,0.0,0.0
266,Device,Mul,SGD/gradients/mul_63,2,139.232,69.616,139.232,69.616,0.0007165361307857942,0.788495277316084,0.0,0.0
267,Device,Mul,SGD/gradients/mul_46,2,139.074,69.537,139.074,69.537,0.0007157230080218884,0.789211000324106,0.0,0.0
268,Device,Mul,gradient_tape/efficientnetb0/block5b_se_excite/mul/Mul_1,2,139.074,69.537,139.074,69.537,0.0007157230080218884,0.7899267233321279,0.0,0.0
269,Device,Mul,SGD/gradients/mul_53,2,138.945,69.4725,138.945,69.4725,0.0007150591293095853,0.7906417824614375,0.0,0.0
270,Device,Mul,efficientnetb0/block5c_expand_activation/mul,2,138.912,69.456,138.912,69.456,0.0007148892998715544,0.791356671761309,0.0,0.0
271,Device,Sigmoid,SGD/gradients/Sigmoid_35,2,138.882,69.441,138.882,69.441,0.0007147349094733444,0.7920714066707824,0.0,0.0
272,Device,Mul,SGD/gradients/mul_65,2,138.785,69.3925,138.785,69.3925,0.0007142357138524653,0.7927856423846348,0.0,0.0
273,Device,Mul,SGD/gradients/mul_64,2,138.72,69.36,138.72,69.36,0.0007139012013230104,0.7934995435859578,0.0,0.0
274,Device,Mul,SGD/gradients/mul_56,2,138.624,69.312,138.624,69.312,0.0007134071520487384,0.7942129507380065,0.0,0.0
275,Device,Mul,efficientnetb0/block5b_expand_activation/mul,2,138.624,69.312,138.624,69.312,0.0007134071520487384,0.7949263578900552,0.0,0.0
276,Device,Mul,SGD/gradients/mul_61,2,138.561,69.2805,138.561,69.2805,0.0007130829322124975,0.7956394408222677,0.0,0.0
277,Device,Conv2DBackpropInput,gradient_tape/efficientnetb0/block4c_expand_conv/Conv2D/Conv2DBackpropInput,2,138.241,69.1205,138.241,69.1205,0.0007114361012982575,0.796350876923566,0.0,0.0
278,Device,Mul,SGD/gradients/mul_60,2,138.08,69.04,138.08,69.04,0.0007106075394945306,0.7970614844630605,0.0,0.0
279,Device,Mul,SGD/gradients/mul_47,2,138.016,69.008,138.016,69.008,0.0007102781733116824,0.7977717626363722,0.0,0.0
280,Device,Mul,efficientnetb0/block3b_se_excite/mul,2,137.409,68.7045,137.409,68.7045,0.0007071543409212336,0.7984789169772935,0.0,0.0
281,Device,Sigmoid,SGD/gradients/Sigmoid_33,2,136.64,68.32,136.64,68.32,0.0007031968003804507,0.7991821137776739,0.0,0.0
282,Device,Sigmoid,efficientnetb0/block3b_activation/Sigmoid,2,136.608,68.304,136.608,68.304,0.0007030321172890268,0.799885145894963,0.0,0.0
283,Device,Transpose,SGD/gradients/AddN_18-1-TransposeNHWCToNCHW-LayoutOptimizer,2,135.777,67.8885,135.777,67.8885,0.0006987555032586099,0.8005839013982216,0.0,0.0
284,Device,FusedBatchNormV3,efficientnetb0/block3a_bn/FusedBatchNormV3,4,135.489,33.87225,135.489,33.87225,0.0006972733554357941,0.8012811747536573,0.0,0.0
285,Device,Sigmoid,efficientnetb0/block4a_expand_activation/Sigmoid,2,135.425,67.7125,135.425,67.7125,0.0006969439892529462,0.8019781187429103,0.0,0.0
286,Device,DepthwiseConv2dNativeBackpropFilter,gradient_tape/efficientnetb0/block6b_dwconv/depthwise/DepthwiseConv2dNativeBackpropFilter,2,135.392,67.696,135.392,67.696,0.000696774159814915,0.8026748929027252,0.0,0.0
287,Device,Sigmoid,efficientnetb0/block3b_expand_activation/Sigmoid,2,135.328,67.664,135.328,67.664,0.0006964447936320671,0.8033713376963573,0.0,0.0
288,Device,Transpose,efficientnetb0/block3b_activation/mul-0-3-TransposeNCHWToNHWC-LayoutOptimizer,2,135.265,67.6325,135.265,67.6325,0.000696120573795826,0.8040674582701531,0.0,0.0
289,Device,DepthwiseConv2dNativeBackpropFilter,gradient_tape/efficientnetb0/block6d_dwconv/depthwise/DepthwiseConv2dNativeBackpropFilter,2,135.265,67.6325,135.265,67.6325,0.000696120573795826,0.804763578843949,0.0,0.0
290,Device,RealDiv,gradient_tape/efficientnetb0/block3b_se_squeeze/truediv,2,134.753,67.3765,134.753,67.3765,0.0006934856443330422,0.805457064488282,0.0,0.0
291,Device,DepthwiseConv2dNativeBackpropFilter,gradient_tape/efficientnetb0/block6c_dwconv/depthwise/DepthwiseConv2dNativeBackpropFilter,2,134.72,67.36,134.72,67.36,0.0006933158148950112,0.806150380303177,0.0,0.0
292,Device,Sub,SGD/gradients/sub_35,2,134.624,67.312,134.624,67.312,0.0006928217656207393,0.8068432020687977,0.0,0.0
293,Device,Sigmoid,SGD/gradients/Sigmoid_36,2,134.561,67.2805,134.561,67.2805,0.0006924975457844984,0.8075356996145822,0.0,0.0
294,Device,Sub,SGD/gradients/sub_36,2,134.432,67.216,134.432,67.216,0.0006918336670721952,0.8082275332816543,0.0,0.0
295,Device,Sub,SGD/gradients/sub_33,2,133.856,66.928,133.856,66.928,0.0006888693714265634,0.8089164026530808,0.0,0.0
296,Device,Conv2DBackpropInput,gradient_tape/efficientnetb0/block5a_expand_conv/Conv2D/Conv2DBackpropInput,2,133.728,66.864,133.728,66.864,0.0006882106390608675,0.8096046132921417,0.0,0.0
297,Device,AddV2,SGD/gradients/add_35,2,133.504,66.752,133.504,66.752,0.0006870578574208995,0.8102916711495626,0.0,0.0
298,Device,AddV2,SGD/gradients/add_33,2,132.928,66.464,132.928,66.464,0.0006840935617752676,0.8109757647113378,0.0,0.0
299,Device,Conv2DBackpropInput,gradient_tape/efficientnetb0/block4b_expand_conv/Conv2D/Conv2DBackpropInput,2,132.418,66.209,132.418,66.209,0.0006814689250056978,0.8116572336363435,0.0,0.0
300,Device,AddV2,SGD/gradients/add_36,2,132.416,66.208,132.416,66.208,0.0006814586323124838,0.812338692268656,0.0,0.0
301,Device,Conv2D,efficientnetb0/block5a_project_conv/Conv2D,2,129.57,64.785,129.57,64.785,0.0006668121298689623,0.8130055043985249,0.0,0.0
302,Device,Conv2D,efficientnetb0/block4a_expand_conv/Conv2D,2,128.481,64.2405,128.481,64.2405,0.0006612077584139395,0.8136667121569389,0.0,0.0
303,Device,Conv2D,efficientnetb0/block3b_expand_conv/Conv2D,2,127.776,63.888,127.776,63.888,0.0006575795840560047,0.8143242917409949,0.0,0.0
304,Device,AddN,SGD/gradients/AddN_20,2,124.929,62.4645,124.929,62.4645,0.0006429279352658763,0.8149672196762607,0.0,0.0
305,Device,Sum,gradient_tape/efficientnetb0/block6b_se_excite/mul/Sum_1,2,124.8,62.4,124.8,62.4,0.0006422640565535734,0.8156094837328143,0.0,0.0
306,Device,FusedBatchNormV3,efficientnetb0/block5b_expand_bn/FusedBatchNormV3,4,124.769,31.19225,124.769,31.19225,0.0006421045198087564,0.816251588252623,0.0,0.0
307,Device,Conv2DBackpropInput,gradient_tape/efficientnetb0/block6b_se_expand/Conv2D/Conv2DBackpropInput,4,124.416,31.104,124.416,31.104,0.0006402878594564854,0.8168918761120795,0.0,0.0
308,Device,Sum,gradient_tape/efficientnetb0/block6d_se_excite/mul/Sum_1,2,124.321,62.1605,124.321,62.1605,0.0006397989565288205,0.8175316750686082,0.0,0.0
309,Device,Conv2DBackpropInput,gradient_tape/efficientnetb0/block6d_se_expand/Conv2D/Conv2DBackpropInput,4,124.256,31.064,124.256,31.064,0.0006394644439993654,0.8181711395126076,0.0,0.0
310,Device,Conv2DBackpropInput,gradient_tape/efficientnetb0/block6c_se_expand/Conv2D/Conv2DBackpropInput,4,124.128,31.032,124.128,31.032,0.0006388057116336695,0.8188099452242412,0.0,0.0
311,Device,Sum,gradient_tape/efficientnetb0/block6c_se_excite/mul/Sum_1,2,124.096,62.048,124.096,62.048,0.0006386410285422455,0.8194485862527835,0.0,0.0
312,Device,FusedBatchNormV3,efficientnetb0/block5c_expand_bn/FusedBatchNormV3,4,123.649,30.91225,123.649,30.91225,0.0006363406116089166,0.8200849268643924,0.0,0.0
313,Device,FusedBatchNormV3,efficientnetb0/block6a_expand_bn/FusedBatchNormV3,4,123.648,30.912,123.648,30.912,0.0006363354652623096,0.8207212623296547,0.0,0.0
314,Device,Conv2DBackpropInput,gradient_tape/efficientnetb0/block7a_se_expand/Conv2D/Conv2DBackpropInput,4,123.585,30.89625,123.585,30.89625,0.0006360112454260686,0.8213572735750808,0.0,0.0
315,Device,FusedBatchNormV3,efficientnetb0/block5c_bn/FusedBatchNormV3,4,123.52,30.88,123.52,30.88,0.0006356767328966136,0.8219929503079775,0.0,0.0
316,Device,Mean,efficientnetb0/block2a_se_squeeze/Mean,2,123.488,61.744,123.488,61.744,0.0006355120498051897,0.8226284623577826,0.0,0.0
317,Device,Sum,gradient_tape/efficientnetb0/block2a_se_excite/mul/Sum_1,2,122.368,61.184,122.368,61.184,0.0006297481416053498,0.823258210499388,0.0,0.0
318,Device,Conv2DBackpropFilter,gradient_tape/efficientnetb0/block6a_project_conv/Conv2D/Conv2DBackpropFilter,4,122.304,30.576,122.304,30.576,0.0006294187754225019,0.8238876292748105,0.0,0.0
319,Device,DepthwiseConv2dNative,efficientnetb0/block4a_dwconv/depthwise,2,121.824,60.912,121.824,60.912,0.000626948529051142,0.8245145778038616,0.0,0.0
320,Device,Sum,gradient_tape/efficientnetb0/block7a_se_excite/mul/Sum_1,2,121.409,60.7045,121.409,60.7045,0.0006248127952092371,0.8251393905990708,0.0,0.0
321,Device,Conv2DBackpropInput,gradient_tape/efficientnetb0/block4b_project_conv/Conv2D/Conv2DBackpropInput,2,121.313,60.6565,121.313,60.6565,0.0006243187459349651,0.8257637093450058,0.0,0.0
322,Device,FusedBatchNormV3,efficientnetb0/block5b_bn/FusedBatchNormV3,4,121.184,30.296,121.184,30.296,0.0006236548672226621,0.8263873642122285,0.0,0.0
323,Device,Mul,gradient_tape/efficientnetb0/block3a_se_excite/mul/Mul_1,2,121.025,60.5125,121.025,60.5125,0.0006228365981121492,0.8270102008103406,0.0,0.0
324,Device,DepthwiseConv2dNative,efficientnetb0/block6d_dwconv/depthwise,2,121.024,60.512,121.024,60.512,0.0006228314517655422,0.8276330322621062,0.0,0.0
325,Device,RealDiv,efficientnetb0/normalization/truediv,2,120.321,60.1605,120.321,60.1605,0.0006192135701008213,0.828252245832207,0.0,0.0
326,Device,DepthwiseConv2dNative,efficientnetb0/block6b_dwconv/depthwise,2,120.288,60.144,120.288,60.144,0.0006190437406627903,0.8288712895728698,0.0,0.0
327,Device,DepthwiseConv2dNative,efficientnetb0/block6c_dwconv/depthwise,2,120.066,60.033,120.066,60.033,0.0006179012517160364,0.8294891908245858,0.0,0.0
328,Device,Mul,SGD/gradients/mul_114,2,120.064,60.032,120.064,60.032,0.0006178909590228224,0.8301070817836087,0.0,0.0
329,Device,Mul,SGD/gradients/mul_115,2,119.488,59.744,119.488,59.744,0.0006149266633771905,0.8307220084469858,0.0,0.0
330,Device,Conv2DBackpropInput,gradient_tape/efficientnetb0/block4c_project_conv/Conv2D/Conv2DBackpropInput,2,119.424,59.712,119.424,59.712,0.0006145972971943425,0.8313366057441802,0.0,0.0
331,Device,Mul,efficientnetb0/block3a_activation/mul,2,119.296,59.648,119.296,59.648,0.0006139385648286466,0.8319505443090088,0.0,0.0
332,Device,Mul,SGD/gradients/mul_116,2,119.04,59.52,119.04,59.52,0.0006126211000972546,0.8325631654091061,0.0,0.0
333,Device,Conv2D,efficientnetb0/block6b_se_reduce/Conv2D,4,117.984,29.496,117.984,29.496,0.0006071865580802628,0.8331703519671864,0.0,0.0
334,Device,Conv2D,efficientnetb0/block6c_se_reduce/Conv2D,4,117.856,29.464,117.856,29.464,0.0006065278257145669,0.8337768797929009,0.0,0.0
335,Device,Conv2D,efficientnetb0/block6d_se_reduce/Conv2D,4,117.249,29.31225,117.249,29.31225,0.0006034039933241179,0.8343802837862251,0.0,0.0
336,Device,Conv2D,efficientnetb0/block7a_se_reduce/Conv2D,4,116.96,29.24,116.96,29.24,0.000601916699154695,0.8349822004853797,0.0,0.0
337,Device,DepthwiseConv2dNative,efficientnetb0/block4c_dwconv/depthwise,2,116.832,58.416,116.832,58.416,0.000601257966788999,0.8355834584521687,0.0,0.0
338,Device,DepthwiseConv2dNative,efficientnetb0/block4b_dwconv/depthwise,2,116.576,58.288,116.576,58.288,0.0005999405020576071,0.8361833989542263,0.0,0.0
339,Device,Conv2D,efficientnetb0/block4c_project_conv/Conv2D,2,115.905,57.9525,115.905,57.9525,0.0005964873034843103,0.8367798862577106,0.0,0.0
340,Device,Conv2D,efficientnetb0/block4b_project_conv/Conv2D,2,115.745,57.8725,115.745,57.8725,0.0005956638880271903,0.8373755501457378,0.0,0.0
341,Device,FusedBatchNormV3,efficientnetb0/block2a_project_bn/FusedBatchNormV3,4,114.561,28.64025,114.561,28.64025,0.0005895706136445026,0.8379651207593823,0.0,0.0
342,Device,FusedBatchNormV3,efficientnetb0/block2b_project_bn/FusedBatchNormV3,4,113.921,28.48025,113.921,28.48025,0.0005862769518160227,0.8385513977111984,0.0,0.0
343,Device,DepthwiseConv2dNativeBackpropFilter,gradient_tape/efficientnetb0/block7a_dwconv/depthwise/DepthwiseConv2dNativeBackpropFilter,2,113.729,56.8645,113.729,56.8645,0.0005852888532674787,0.8391366865644658,0.0,0.0
344,Device,Sub,efficientnetb0/normalization/sub,2,113.634,56.817,113.634,56.817,0.0005847999503398138,0.8397214865148056,0.0,0.0
345,Device,FusedBatchNormGradV3,gradient_tape/efficientnetb0/block5a_bn/FusedBatchNormGradV3,2,113.184,56.592,113.184,56.592,0.0005824840943666639,0.8403039706091723,0.0,0.0
346,Device,FusedBatchNormGradV3,gradient_tape/efficientnetb0/block5a_expand_bn/FusedBatchNormGradV3,2,112.256,56.128,112.256,56.128,0.0005777082847153681,0.8408816788938877,0.0,0.0
347,Device,FusedBatchNormGradV3,gradient_tape/efficientnetb0/block4b_expand_bn/FusedBatchNormGradV3,2,112.225,56.1125,112.225,56.1125,0.000577548747970551,0.8414592276418582,0.0,0.0
348,Device,FusedBatchNormGradV3,gradient_tape/efficientnetb0/block4c_bn/FusedBatchNormGradV3,2,112.0,56.0,112.0,56.0,0.0005763908199839761,0.8420356184618422,0.0,0.0
349,Device,FusedBatchNormGradV3,gradient_tape/efficientnetb0/block4b_bn/FusedBatchNormGradV3,2,110.881,55.4405,110.881,55.4405,0.0005706320581307433,0.842606250519973,0.0,0.0
350,Device,Conv2D,efficientnetb0/block6a_project_conv/Conv2D,2,110.817,55.4085,110.817,55.4085,0.0005703026919478953,0.8431765532119209,0.0,0.0
351,Device,FusedBatchNormGradV3,gradient_tape/efficientnetb0/block4c_expand_bn/FusedBatchNormGradV3,2,109.664,54.832,109.664,54.832,0.0005643689543100245,0.8437409221662309,0.0,0.0
352,Device,Conv2DBackpropInput,gradient_tape/efficientnetb0/block3b_expand_conv/Conv2D/Conv2DBackpropInput,2,106.689,53.3445,106.689,53.3445,0.0005490585731542002,0.8442899807393851,0.0,0.0
353,Device,Conv2D,efficientnetb0/block3b_project_conv/Conv2D,2,106.528,53.264,106.528,53.264,0.0005482300113504733,0.8448382107507356,0.0,0.0
354,Device,BroadcastTo,gradient_tape/efficientnetb0/block2a_se_squeeze/BroadcastTo,2,106.336,53.168,106.336,53.168,0.0005472419128019293,0.8453854526635376,0.0,0.0
355,Device,Conv2DBackpropInput,gradient_tape/efficientnetb0/block4a_expand_conv/Conv2D/Conv2DBackpropInput,2,106.272,53.136,106.272,53.136,0.0005469125466190814,0.8459323652101567,0.0,0.0
356,Device,Mul,gradient_tape/efficientnetb0/block5c_se_excite/mul/Mul,2,105.376,52.688,105.376,52.688,0.0005423014200592096,0.8464746666302159,0.0,0.0
357,Device,Mul,gradient_tape/efficientnetb0/block5b_se_excite/mul/Mul,2,104.224,52.112,104.224,52.112,0.0005363728287679458,0.8470110394589838,0.0,0.0
358,Device,AddN,SGD/gradients/AddN_15,2,102.913,51.4565,102.913,51.4565,0.000529625968366169,0.84754066542735,0.0,0.0
359,Device,Mul,SGD/gradients/mul_88,2,102.593,51.2965,102.593,51.2965,0.0005279791374519291,0.8480686445648019,0.0,0.0
360,Device,AddN,SGD/gradients/AddN_13,2,102.369,51.1845,102.369,51.1845,0.0005268263558119612,0.8485954709206138,0.0,0.0
361,Device,AddN,SGD/gradients/AddN_12,2,101.954,50.977,101.954,50.977,0.0005246906219700562,0.8491201615425839,0.0,0.0
362,Device,Mul,gradient_tape/efficientnetb0/block4b_se_excite/mul/Mul_1,2,101.857,50.9285,101.857,50.9285,0.0005241914263491772,0.849644352968933,0.0,0.0
363,Device,Mul,SGD/gradients/mul_79,2,101.697,50.8485,101.697,50.8485,0.0005233680108920573,0.8501677209798251,0.0,0.0
364,Device,Mul,SGD/gradients/mul_82,2,101.473,50.7365,101.473,50.7365,0.0005222152292520893,0.8506899362090772,0.0,0.0
365,Device,Mul,SGD/gradients/mul_73,2,101.376,50.688,101.376,50.688,0.0005217160336312104,0.8512116522427083,0.0,0.0
366,Device,Mul,SGD/gradients/mul_78,2,101.344,50.672,101.344,50.672,0.0005215513505397863,0.8517332035932481,0.0,0.0
367,Device,Mul,gradient_tape/efficientnetb0/block5a_se_excite/mul/Mul_1,2,101.217,50.6085,101.217,50.6085,0.0005208977645206974,0.8522541013577688,0.0,0.0
368,Device,Mul,efficientnetb0/block5b_se_excite/mul,2,101.152,50.576,101.152,50.576,0.0005205632519912424,0.85277466460976,0.0,0.0
369,Device,Mul,SGD/gradients/mul_90,2,101.121,50.5605,101.121,50.5605,0.0005204037152464254,0.8532950683250065,0.0,0.0
370,Device,Mul,gradient_tape/efficientnetb0/block4c_se_excite/mul/Mul_1,2,100.865,50.4325,100.865,50.4325,0.0005190862505150334,0.8538141545755215,0.0,0.0
371,Device,Mul,SGD/gradients/mul_72,2,100.768,50.384,100.768,50.384,0.0005185870548941545,0.8543327416304156,0.0,0.0
372,Device,Mul,SGD/gradients/mul_92,2,100.768,50.384,100.768,50.384,0.0005185870548941545,0.8548513286853098,0.0,0.0
373,Device,Mul,SGD/gradients/mul_70,2,100.738,50.369,100.738,50.369,0.0005184326644959445,0.8553697613498057,0.0,0.0
374,Device,Conv2DBackpropInput,gradient_tape/efficientnetb0/block6a_project_conv/Conv2D/Conv2DBackpropInput,2,100.641,50.3205,100.641,50.3205,0.0005179334688750656,0.8558876948186808,0.0,0.0
375,Device,Mul,SGD/gradients/mul_69,2,100.64,50.32,100.64,50.32,0.0005179283225284585,0.8564056231412093,0.0,0.0
376,Device,Mul,SGD/gradients/mul_71,2,100.48,50.24,100.48,50.24,0.0005171049070713386,0.8569227280482806,0.0,0.0
377,Device,Mul,SGD/gradients/mul_89,2,100.384,50.192,100.384,50.192,0.0005166108577970666,0.8574393389060777,0.0,0.0
378,Device,Mul,efficientnetb0/block5c_se_excite/mul,2,100.384,50.192,100.384,50.192,0.0005166108577970666,0.8579559497638748,0.0,0.0
379,Device,Mul,SGD/gradients/mul_81,2,100.32,50.16,100.32,50.16,0.0005162814916142186,0.858472231255489,0.0,0.0
380,Device,Mul,SGD/gradients/mul_87,2,100.32,50.16,100.32,50.16,0.0005162814916142186,0.8589885127471032,0.0,0.0
381,Device,Conv2D,efficientnetb0/block5a_expand_conv/Conv2D,2,100.257,50.1285,100.257,50.1285,0.0005159572717779777,0.8595044700188812,0.0,0.0
382,Device,Conv2D,efficientnetb0/block4c_expand_conv/Conv2D,2,100.224,50.112,100.224,50.112,0.0005157874423399467,0.8600202574612211,0.0,0.0
383,Device,Mul,SGD/gradients/mul_83,2,100.193,50.0965,100.193,50.0965,0.0005156279055951296,0.8605358853668162,0.0,0.0
384,Device,Mul,SGD/gradients/mul_80,2,100.192,50.096,100.192,50.096,0.0005156227592485225,0.8610515081260648,0.0,0.0
385,Device,Conv2D,efficientnetb0/block4b_expand_conv/Conv2D,2,100.032,50.016,100.032,50.016,0.0005147993437914026,0.8615663074698562,0.0,0.0
386,Device,Mul,SGD/gradients/mul_91,2,100.0,50.0,100.0,50.0,0.0005146346606999787,0.8620809421305562,0.0,0.0
387,Device,Mul,SGD/gradients/mul_74,2,99.746,49.873,99.746,49.873,0.0005133274886618006,0.862594269619218,0.0,0.0
388,Device,Conv2DBackpropFilter,gradient_tape/efficientnetb0/block4a_project_conv/Conv2D/Conv2DBackpropFilter,4,99.552,24.888,99.552,24.888,0.0005123290974200428,0.8631065987166381,0.0,0.0
389,Device,Mul,efficientnetb0/block4b_expand_activation/mul,2,97.824,48.912,97.824,48.912,0.0005034362104831471,0.8636100349271212,0.0,0.0
390,Device,Sigmoid,SGD/gradients/Sigmoid_17,2,97.472,48.736,97.472,48.736,0.0005016246964774832,0.8641116596235987,0.0,0.0
391,Device,Mean,efficientnetb0/block5b_se_squeeze/Mean,2,97.216,48.608,97.216,48.608,0.0005003072317460912,0.8646119668553448,0.0,0.0
392,Device,Mean,efficientnetb0/block5c_se_squeeze/Mean,2,97.216,48.608,97.216,48.608,0.0005003072317460912,0.8651122740870909,0.0,0.0
393,Device,Mul,efficientnetb0/block4c_activation/mul,2,97.153,48.5765,97.153,48.5765,0.0004999830119098502,0.8656122570990008,0.0,0.0
394,Device,Mul,efficientnetb0/block5a_expand_activation/mul,2,97.024,48.512,97.024,48.512,0.0004993191331975473,0.8661115762321984,0.0,0.0
395,Device,Mul,efficientnetb0/block4b_activation/mul,2,96.8,48.4,96.8,48.4,0.0004981663515575794,0.8666097425837559,0.0,0.0
396,Device,Mul,efficientnetb0/block5a_activation/mul,2,96.736,48.368,96.736,48.368,0.0004978369853747313,0.8671075795691306,0.0,0.0
397,Device,Sigmoid,SGD/gradients/Sigmoid_21,2,96.704,48.352,96.704,48.352,0.0004976723022833073,0.8676052518714139,0.0,0.0
398,Device,Mul,efficientnetb0/block4c_expand_activation/mul,2,96.609,48.3045,96.609,48.3045,0.0004971833993556423,0.8681024352707696,0.0,0.0
399,Device,Sigmoid,SGD/gradients/Sigmoid_20,2,96.608,48.304,96.608,48.304,0.0004971782530090354,0.8685996135237786,0.0,0.0
400,Device,Sigmoid,SGD/gradients/Sigmoid_18,2,96.545,48.2725,96.545,48.2725,0.0004968540331727944,0.8690964675569514,0.0,0.0
401,Device,Transpose,efficientnetb0/block5c_activation/mul-0-3-TransposeNCHWToNHWC-LayoutOptimizer,2,96.512,48.256,96.512,48.256,0.0004966842037347634,0.8695931517606861,0.0,0.0
402,Device,Transpose,efficientnetb0/block5b_activation/mul-0-3-TransposeNCHWToNHWC-LayoutOptimizer,2,96.224,48.112,96.224,48.112,0.0004952020559119475,0.870088353816598,0.0,0.0
403,Device,Conv2DBackpropInput,gradient_tape/efficientnetb0/block3a_project_conv/Conv2D/Conv2DBackpropInput,2,96.192,48.096,96.192,48.096,0.0004950373728205234,0.8705833911894185,0.0,0.0
404,Device,Transpose,SGD/gradients/AddN_8-1-TransposeNHWCToNCHW-LayoutOptimizer,2,95.521,47.7605,95.521,47.7605,0.0004915841742472267,0.8710749753636657,0.0,0.0
405,Device,Sub,SGD/gradients/sub_18,2,95.392,47.696,95.392,47.696,0.0004909202955349236,0.8715658956592006,0.0,0.0
406,Device,Sub,SGD/gradients/sub_17,2,95.36,47.68,95.36,47.68,0.0004907556124434996,0.8720566512716441,0.0,0.0
407,Device,Transpose,SGD/gradients/AddN_10-1-TransposeNHWCToNCHW-LayoutOptimizer,2,95.297,47.6485,95.297,47.6485,0.0004904313926072586,0.8725470826642514,0.0,0.0
408,Device,Sub,SGD/gradients/sub_15,2,94.976,47.488,94.976,47.488,0.0004887794153464117,0.8730358620795978,0.0,0.0
409,Device,Sub,SGD/gradients/sub_20,2,94.786,47.393,94.786,47.393,0.0004878016094910818,0.873523663689089,0.0,0.0
410,Device,Mul,efficientnetb0/rescaling/mul,2,94.464,47.232,94.464,47.232,0.0004861444858836278,0.8740098081749725,0.0,0.0
411,Device,AddV2,SGD/gradients/add_20,2,94.4,47.2,94.4,47.2,0.0004858151197007799,0.8744956232946733,0.0,0.0
412,Device,Sub,SGD/gradients/sub_21,2,94.241,47.1205,94.241,47.1205,0.00048499685059026686,0.8749806201452636,0.0,0.0
413,Device,Sigmoid,efficientnetb0/block5b_activation/Sigmoid,2,93.889,46.9445,93.889,46.9445,0.0004831853365846029,0.8754638054818482,0.0,0.0
414,Device,Sigmoid,efficientnetb0/block6a_expand_activation/Sigmoid,2,93.698,46.849,93.698,46.849,0.000482202384382666,0.8759460078662309,0.0,0.0
415,Device,AddV2,SGD/gradients/add_15,2,93.632,46.816,93.632,46.816,0.000481862725506604,0.8764278705917375,0.0,0.0
416,Device,Sigmoid,efficientnetb0/block5b_expand_activation/Sigmoid,2,93.569,46.7845,93.569,46.7845,0.00048153850567036305,0.8769094090974079,0.0,0.0
417,Device,Sigmoid,efficientnetb0/block5c_activation/Sigmoid,2,93.504,46.752,93.504,46.752,0.0004812039931409081,0.8773906130905488,0.0,0.0
418,Device,AddV2,SGD/gradients/add_18,2,93.442,46.721,93.442,46.721,0.000480884919651274,0.8778714980102,0.0,0.0
419,Device,AddV2,SGD/gradients/add_17,2,93.152,46.576,93.152,46.576,0.0004793924791352441,0.8783508904893352,0.0,0.0
420,Device,RealDiv,gradient_tape/efficientnetb0/block5c_se_squeeze/truediv,2,93.152,46.576,93.152,46.576,0.0004793924791352441,0.8788302829684704,0.0,0.0
421,Device,Sigmoid,SGD/gradients/Sigmoid_15,2,93.026,46.513,93.026,46.513,0.00047874403946276213,0.8793090270079332,0.0,0.0
422,Device,Sigmoid,efficientnetb0/block5c_expand_activation/Sigmoid,2,92.897,46.4485,92.897,46.4485,0.0004780801607504592,0.8797871071686837,0.0,0.0
423,Device,RealDiv,gradient_tape/efficientnetb0/block5b_se_squeeze/truediv,2,92.737,46.3685,92.737,46.3685,0.00047725674529333916,0.880264363913977,0.0,0.0
424,Device,AddV2,SGD/gradients/add_21,2,92.672,46.336,92.672,46.336,0.0004769222327638842,0.8807412861467409,0.0,0.0
425,Device,FusedBatchNormV3,efficientnetb0/block5a_bn/FusedBatchNormV3,4,90.977,22.74425,90.977,22.74425,0.0004681991752650196,0.8812094853220058,0.0,0.0
426,Device,Mul,gradient_tape/efficientnetb0/block3a_se_excite/mul/Mul,2,90.529,45.2645,90.529,45.2645,0.00046589361198508364,0.881675378933991,0.0,0.0
427,Device,Sum,gradient_tape/efficientnetb0/block5c_se_excite/mul/Sum_1,2,87.425,43.7125,87.425,43.7125,0.0004499193521169563,0.8821252982861079,0.0,0.0
428,Device,Sum,gradient_tape/efficientnetb0/block5b_se_excite/mul/Sum_1,2,87.232,43.616,87.232,43.616,0.00044892610722180537,0.8825742243933297,0.0,0.0
429,Device,FusedBatchNormV3,efficientnetb0/block4b_bn/FusedBatchNormV3,4,87.169,21.79225,87.169,21.79225,0.00044860188738556436,0.8830228262807153,0.0,0.0
430,Device,FusedBatchNormV3,efficientnetb0/block4c_bn/FusedBatchNormV3,4,86.88,21.72,86.88,21.72,0.00044711459321614144,0.8834699408739314,0.0,0.0
431,Device,FusedBatchNormGradV3,gradient_tape/efficientnetb0/top_bn/FusedBatchNormGradV3,2,85.441,42.7205,85.441,42.7205,0.00043970900044866876,0.88390964987438,0.0,0.0
432,Device,Sigmoid,efficientnetb0/block3a_activation/Sigmoid,2,84.481,42.2405,84.481,42.2405,0.00043476850770594893,0.884344418382086,0.0,0.0
433,Device,Transpose,SGD/gradients/AddN_20-1-TransposeNHWCToNCHW-LayoutOptimizer,2,84.448,42.224,84.448,42.224,0.0004345986782679179,0.8847790170603539,0.0,0.0
434,Device,Conv2DBackpropInput,gradient_tape/efficientnetb0/block6a_se_expand/Conv2D/Conv2DBackpropInput,4,84.033,21.00825,84.033,21.00825,0.0004324629444260131,0.8852114800047799,0.0,0.0
435,Device,Conv2DBackpropInput,gradient_tape/efficientnetb0/block5c_se_expand/Conv2D/Conv2DBackpropInput,4,83.872,20.968,83.872,20.968,0.0004316343826222861,0.8856431143874022,0.0,0.0
436,Device,Mul,efficientnetb0/block3a_se_excite/mul,2,83.553,41.7765,83.553,41.7765,0.00042999269805465317,0.8860731070854568,0.0,0.0
437,Device,Conv2DBackpropInput,gradient_tape/efficientnetb0/block5b_se_expand/Conv2D/Conv2DBackpropInput,4,83.458,20.8645,83.458,20.8645,0.0004295037951269882,0.8865026108805838,0.0,0.0
438,Device,Sigmoid,SGD/gradients/Sigmoid_38,2,83.36,41.68,83.36,41.68,0.0004289994531595022,0.8869316103337433,0.0,0.0
439,Device,Transpose,efficientnetb0/block3a_activation/mul-0-3-TransposeNCHWToNHWC-LayoutOptimizer,2,83.233,41.6165,83.233,41.6165,0.00042834586714041325,0.8873599562008838,0.0,0.0
440,Device,FusedBatchNormV3,efficientnetb0/block4b_expand_bn/FusedBatchNormV3,4,82.945,20.73625,82.945,20.73625,0.0004268637193175973,0.8877868199202014,0.0,0.0
441,Device,FusedBatchNormV3,efficientnetb0/block5a_expand_bn/FusedBatchNormV3,4,82.465,20.61625,82.465,20.61625,0.0004243934729462374,0.8882112133931476,0.0,0.0
442,Device,AddV2,efficientnetb0/block2b_add/add,2,82.241,41.1205,82.241,41.1205,0.00042324069130626947,0.8886344540844539,0.0,0.0
443,Device,Conv2D,efficientnetb0/block5c_se_reduce/Conv2D,4,82.049,20.51225,82.049,20.51225,0.0004222525927577255,0.8890567066772116,0.0,0.0
444,Device,DepthwiseConv2dNativeBackpropInput,gradient_tape/efficientnetb0/block7a_dwconv/depthwise/DepthwiseConv2dNativeBackpropInput,2,81.953,40.9765,81.953,40.9765,0.0004217585434834535,0.8894784652206951,0.0,0.0
445,Device,FusedBatchNormV3,efficientnetb0/block4c_expand_bn/FusedBatchNormV3,4,81.792,20.448,81.792,20.448,0.00042092998167972656,0.8898993952023748,0.0,0.0
446,Device,FusedBatchNormV3,efficientnetb0/block7a_bn/FusedBatchNormV3,4,81.6,20.4,81.6,20.4,0.00041994188313118256,0.890319337085506,0.0,0.0
447,Device,FusedBatchNormV3,efficientnetb0/top_bn/FusedBatchNormV3,4,81.184,20.296,81.184,20.296,0.00041780100294267066,0.8907371380884487,0.0,0.0
448,Device,FusedBatchNormV3,efficientnetb0/block6d_bn/FusedBatchNormV3,4,81.056,20.264,81.056,20.264,0.0004171422705769747,0.8911542803590257,0.0,0.0
449,Device,FusedBatchNormGradV3,gradient_tape/efficientnetb0/block6c_bn/FusedBatchNormGradV3,2,80.864,40.432,80.864,40.432,0.00041615417202843074,0.8915704345310541,0.0,0.0
450,Device,Conv2D,efficientnetb0/block5b_se_reduce/Conv2D,4,80.673,20.16825,80.673,20.16825,0.0004151712198264938,0.8919856057508806,0.0,0.0
451,Device,FusedBatchNormV3,efficientnetb0/block6b_bn/FusedBatchNormV3,4,80.672,20.168,80.672,20.168,0.00041516607347988674,0.8924007718243605,0.0,0.0
452,Device,FusedBatchNormV3,efficientnetb0/block6c_bn/FusedBatchNormV3,4,80.32,20.08,80.32,20.08,0.0004133545594742228,0.8928141263838347,0.0,0.0
453,Device,DepthwiseConv2dNativeBackpropInput,gradient_tape/efficientnetb0/block6b_dwconv/depthwise/DepthwiseConv2dNativeBackpropInput,2,80.225,40.1125,80.225,40.1125,0.00041286565654655784,0.8932269920403813,0.0,0.0
454,Device,DepthwiseConv2dNativeBackpropInput,gradient_tape/efficientnetb0/block6d_dwconv/depthwise/DepthwiseConv2dNativeBackpropInput,2,80.16,40.08,80.16,40.08,0.0004125311440171029,0.8936395231843983,0.0,0.0
455,Device,DepthwiseConv2dNativeBackpropInput,gradient_tape/efficientnetb0/block6c_dwconv/depthwise/DepthwiseConv2dNativeBackpropInput,2,80.066,40.033,80.066,40.033,0.0004120473874360449,0.8940515705718344,0.0,0.0
456,Device,Sub,SGD/gradients/sub_38,2,80.065,40.0325,80.065,40.0325,0.0004120422410894379,0.8944636128129239,0.0,0.0
457,Device,AddV2,SGD/gradients/add_38,2,79.969,39.9845,79.969,39.9845,0.0004115481918151659,0.8948751610047391,0.0,0.0
458,Device,FusedBatchNormGradV3,gradient_tape/efficientnetb0/block6b_bn/FusedBatchNormGradV3,2,79.904,39.952,79.904,39.952,0.0004112136792857109,0.8952863746840248,0.0,0.0
459,Device,FusedBatchNormGradV3,gradient_tape/efficientnetb0/block6d_bn/FusedBatchNormGradV3,2,79.456,39.728,79.456,39.728,0.00040890811600577506,0.8956952828000306,0.0,0.0
460,Device,RealDiv,gradient_tape/efficientnetb0/block3a_se_squeeze/truediv,2,79.233,39.6165,79.233,39.6165,0.0004077604807124141,0.8961030432807431,0.0,0.0
461,Device,FusedBatchNormGradV3,gradient_tape/efficientnetb0/block7a_bn/FusedBatchNormGradV3,2,79.105,39.5525,79.105,39.5525,0.00040710174834671813,0.8965101450290898,0.0,0.0
462,Device,FusedBatchNormGradV3,gradient_tape/efficientnetb0/block6b_expand_bn/FusedBatchNormGradV3,2,78.817,39.4085,78.817,39.4085,0.0004056196005239021,0.8969157646296136,0.0,0.0
463,Device,FusedBatchNormGradV3,gradient_tape/efficientnetb0/block6d_expand_bn/FusedBatchNormGradV3,2,78.816,39.408,78.816,39.408,0.00040561445417729516,0.897321379083791,0.0,0.0
464,Device,Conv2D,efficientnetb0/block6a_se_reduce/Conv2D,4,78.624,19.656,78.624,19.656,0.00040462635562875116,0.8977260054394197,0.0,0.0
465,Device,FusedBatchNormGradV3,gradient_tape/efficientnetb0/block7a_expand_bn/FusedBatchNormGradV3,2,78.017,39.0085,78.017,39.0085,0.00040150252323830233,0.8981275079626581,0.0,0.0
466,Device,FusedBatchNormGradV3,gradient_tape/efficientnetb0/block6c_expand_bn/FusedBatchNormGradV3,2,77.762,38.881,77.762,38.881,0.0004001902048535174,0.8985276981675115,0.0,0.0
467,Device,Mean,efficientnetb0/block3b_se_squeeze/Mean,2,77.408,38.704,77.408,38.704,0.0003983683981546395,0.8989260665656662,0.0,0.0
468,Device,AddN,SGD/gradients/AddN_22,2,77.056,38.528,77.056,38.528,0.00039655688414897555,0.8993226234498152,0.0,0.0
469,Device,Sum,gradient_tape/efficientnetb0/block3b_se_excite/mul/Sum_1,2,76.896,38.448,76.896,38.448,0.00039573346869185556,0.899718356918507,0.0,0.0
470,Device,Mul,gradient_tape/efficientnetb0/block5a_se_excite/mul/Mul,2,76.545,38.2725,76.545,38.2725,0.0003939271010327987,0.9001122840195398,0.0,0.0
471,Device,Mul,gradient_tape/efficientnetb0/block4b_se_excite/mul/Mul,2,76.48,38.24,76.48,38.24,0.00039359258850334367,0.9005058766080432,0.0,0.0
472,Device,Mul,gradient_tape/efficientnetb0/block4c_se_excite/mul/Mul,2,76.033,38.0165,76.033,38.0165,0.00039129217157001477,0.9008971687796131,0.0,0.0
473,Device,Conv2D,efficientnetb0/block3a_project_conv/Conv2D,2,75.936,37.968,75.936,37.968,0.00039079297594913585,0.9012879617555623,0.0,0.0
474,Device,Mean,efficientnetb0/block6a_se_squeeze/Mean,2,75.648,37.824,75.648,37.824,0.0003893108281263198,0.9016772725836886,0.0,0.0
475,Device,FusedBatchNormV3,efficientnetb0/block6d_expand_bn/FusedBatchNormV3,4,72.386,18.0965,72.386,18.0965,0.0003725234454942865,0.9020497960291829,0.0,0.0
476,Device,Mul,efficientnetb0/block4c_se_excite/mul,2,72.288,36.144,72.288,36.144,0.00037201910352680054,0.9024218151327097,0.0,0.0
477,Device,Mean,efficientnetb0/block5a_se_squeeze/Mean,2,72.193,36.0965,72.193,36.0965,0.00037153020059913557,0.9027933453333088,0.0,0.0
478,Device,Mean,efficientnetb0/block4c_se_squeeze/Mean,2,72.096,36.048,72.096,36.048,0.00037103100497825665,0.9031643763382871,0.0,0.0
479,Device,Mean,efficientnetb0/block4b_se_squeeze/Mean,2,71.968,35.984,71.968,35.984,0.00037037227261256067,0.9035347486108997,0.0,0.0
480,Device,FusedBatchNormV3,efficientnetb0/block7a_expand_bn/FusedBatchNormV3,4,71.904,17.976,71.904,17.976,0.00037004290642971265,0.9039047915173294,0.0,0.0
481,Device,FusedBatchNormV3,efficientnetb0/block6b_expand_bn/FusedBatchNormV3,4,71.617,17.90425,71.617,17.90425,0.00036856590495350374,0.9042733574222829,0.0,0.0
482,Device,Mul,efficientnetb0/block5a_se_excite/mul,2,71.616,35.808,71.616,35.808,0.0003685607586068967,0.9046419181808898,0.0,0.0
483,Device,Sigmoid,SGD/gradients/Sigmoid_24,2,71.297,35.6485,71.297,35.6485,0.00036691907403926376,0.9050088372549291,0.0,0.0
484,Device,Mul,efficientnetb0/block4b_se_excite/mul,2,71.136,35.568,71.136,35.568,0.00036609051223553677,0.9053749277671647,0.0,0.0
485,Device,Transpose,efficientnetb0/block4c_activation/mul-0-3-TransposeNCHWToNHWC-LayoutOptimizer,2,71.072,35.536,71.072,35.536,0.00036576114605268886,0.9057406889132174,0.0,0.0
486,Device,FusedBatchNormV3,efficientnetb0/block6c_expand_bn/FusedBatchNormV3,4,71.008,17.752,71.008,17.752,0.00036543177986984084,0.9061061206930872,0.0,0.0
487,Device,Sigmoid,SGD/gradients/Sigmoid_30,2,70.912,35.456,70.912,35.456,0.00036493773059556887,0.9064710584236827,0.0,0.0
488,Device,Sigmoid,SGD/gradients/Sigmoid_26,2,70.752,35.376,70.752,35.376,0.0003641143151384489,0.9068351727388212,0.0,0.0
489,Device,Conv2DBackpropFilter,gradient_tape/efficientnetb0/block5a_se_reduce/Conv2D/Conv2DBackpropFilter,2,70.721,35.3605,70.721,35.3605,0.00036395477839363193,0.9071991275172149,0.0,0.0
490,Device,Conv2DBackpropFilter,gradient_tape/efficientnetb0/block4b_se_reduce/Conv2D/Conv2DBackpropFilter,2,70.593,35.2965,70.593,35.2965,0.00036329604602793595,0.9075624235632428,0.0,0.0
491,Device,Sigmoid,SGD/gradients/Sigmoid_23,2,70.592,35.296,70.592,35.296,0.00036329089968132895,0.9079257144629241,0.0,0.0
492,Device,Transpose,SGD/gradients/AddN_15-1-TransposeNHWCToNCHW-LayoutOptimizer,2,70.432,35.216,70.432,35.216,0.00036246748422420896,0.9082881819471483,0.0,0.0
493,Device,Transpose,SGD/gradients/AddN_13-1-TransposeNHWCToNCHW-LayoutOptimizer,2,70.401,35.2005,70.401,35.2005,0.00036230794747939195,0.9086504898946277,0.0,0.0
494,Device,Transpose,SGD/gradients/AddN_12-1-TransposeNHWCToNCHW-LayoutOptimizer,2,70.4,35.2,70.4,35.2,0.000362302801132785,0.9090127926957605,0.0,0.0
495,Device,Conv2DBackpropFilter,gradient_tape/efficientnetb0/block4c_se_reduce/Conv2D/Conv2DBackpropFilter,2,70.24,35.12,70.24,35.12,0.00036147938567566496,0.9093742720814362,0.0,0.0
496,Device,Sigmoid,SGD/gradients/Sigmoid_29,2,70.144,35.072,70.144,35.072,0.00036098533640139304,0.9097352574178376,0.0,0.0
497,Device,Transpose,efficientnetb0/block4b_activation/mul-0-3-TransposeNCHWToNHWC-LayoutOptimizer,2,69.792,34.896,69.792,34.896,0.0003591738223957291,0.9100944312402333,0.0,0.0
498,Device,Conv2DBackpropInput,gradient_tape/efficientnetb0/block5a_se_expand/Conv2D/Conv2DBackpropInput,4,69.728,17.432,69.728,17.432,0.0003588444562128811,0.9104532756964462,0.0,0.0
499,Device,Transpose,efficientnetb0/block5a_activation/mul-0-3-TransposeNCHWToNHWC-LayoutOptimizer,2,69.537,34.7685,69.537,34.7685,0.0003578615040109442,0.9108111372004571,0.0,0.0
500,Device,Sum,gradient_tape/efficientnetb0/block6a_se_excite/mul/Sum_1,2,69.537,34.7685,69.537,34.7685,0.0003578615040109442,0.9111689987044681,0.0,0.0
501,Host,IDLE,IDLE,0,584225.532,0.0,584225.532,0.0,0.0,0.0,0.9928956762399591,0.9928956762399591
502,Host,GatherV2,GatherV2,2,3763.723,1881.8615,3763.723,1881.8615,0.0,0.0,0.006396475485198219,0.9992921517251573
503,Host,GatherV2,GatherV2_1,2,72.073,36.0365,72.073,36.0365,0.0,0.0,0.00012248860440704354,0.9994146403295643
504,Host,Dataset,Iterator::Root::ParallelMapV2::Zip[1]::ForeverRepeat,2,56.825,28.4125,51.996,25.998,0.0,0.0,8.836759222938739e-05,0.9995030079217937
505,Host,FlushSummaryWriter,FlushSummaryWriter,1,39.493,39.493,39.493,39.493,0.0,0.0,6.711864989451489e-05,0.9995701265716882
506,Host,LogicalAnd,LogicalAnd,1,38.033,38.033,38.033,38.033,0.0,0.0,6.463736893723153e-05,0.9996347639406254
507,Host,Dataset,Iterator::Root::ParallelMapV2,2,36.07,18.035,36.07,18.035,0.0,0.0,6.13012357049389e-05,0.9996960651763304
508,Host,Dataset,Iterator::Root::ParallelMapV2::Zip[0]::FlatMap[1]::Concatenate,2,59.773,29.8865,32.253,16.1265,0.0,0.0,5.48142155583974e-05,0.9997508793918888
509,Host,Dataset,Iterator::Root,2,68.196,34.098,32.126,16.063,0.0,0.0,5.459837810526384e-05,0.9998054777699941
510,Host,Dataset,Iterator::Root::ParallelMapV2::Zip[0]::FlatMap[1]::Concatenate[0]::TensorSlice,2,27.52,13.76,27.52,13.76,0.0,0.0,4.677044653728634e-05,0.9998522482165314
511,Host,WriteSummary,WriteSummary,1,24.034,24.034,24.034,24.034,0.0,0.0,4.084596337489607e-05,0.9998930941799063
512,Host,IteratorGetNext,IteratorGetNext,2,14.152,7.076,14.152,7.076,0.0,0.0,2.4051430210598703e-05,0.9999171456101169
513,Host,Dataset,Iterator::Root::ParallelMapV2::Zip,2,131.048,65.524,11.292,5.646,0.0,0.0,1.91908387463313e-05,0.9999363364488633
514,Host,ReadVariableOp,ReadVariableOp,1,10.076,10.076,10.076,10.076,0.0,0.0,1.712423762026516e-05,0.9999534606864835
515,Host,_Send,IteratorGetNext/_1,2,6.764,3.382,6.764,3.382,0.0,0.0,1.149546876374291e-05,0.9999649561552473
516,Host,_Send,IteratorGetNext/_3,2,6.764,3.382,6.764,3.382,0.0,0.0,1.149546876374291e-05,0.999976451624011
517,Host,Dataset,Iterator::Root::ParallelMapV2::Zip[1]::ForeverRepeat::FromTensor,4,4.829,1.20725,4.829,1.20725,0.0,0.0,8.206921741589961e-06,0.9999846585457527
518,Host,Identity,Identity,2,3.361,1.6805,3.361,1.6805,0.0,0.0,5.712044724266694e-06,0.9999903705904769
519,Host,Dataset,Iterator::Root::ParallelMapV2::Zip[0]::FlatMap,2,62.931,31.4655,3.158,1.579,0.0,0.0,5.367044700754007e-06,0.9999957376351777
520,Host,_HostSend,categorical_crossentropy/softmax_cross_entropy_with_logits/Shape_2/_5,2,2.508,1.254,2.508,1.254,0.0,0.0,4.262364822511415e-06,1.0000000000000002
