Rank,Host/device,Type,Operation,#Occurrences,Total time (us),Avg. time (us),Total self-time (us),Avg. self-time (us),Total self-time on Device (%),Cumulative total-self time on Device (%),Total self-time on Host (%),Cumulative total-self time on Host (%)
1,Device,IDLE,IDLE,0,3424.646,0.0,3424.646,0.0,0.07178340676085135,0.07178340676085135,0.0,0.0
2,Device,Conv2DBackpropFilter,gradient_tape/sequential/conv2d_1/Conv2D/Conv2DBackpropFilter,4,3405.285,851.32125,3405.285,851.32125,0.07137758422085835,0.1431609909817097,0.0,0.0
3,Device,Conv2DBackpropFilter,gradient_tape/sequential/conv2d_3/Conv2D/Conv2DBackpropFilter,2,2026.979,1013.4895,2026.979,1013.4895,0.042487152848120276,0.18564814382982997,0.0,0.0
4,Device,Conv2DBackpropInput,gradient_tape/sequential/conv2d_1/Conv2D/Conv2DBackpropInput,2,1800.515,900.2575,1800.515,900.2575,0.03774028049147686,0.22338842432130684,0.0,0.0
5,Device,_FusedConv2D,sequential/conv2d_1/Relu,2,1773.412,886.706,1773.412,886.706,0.03717217924146756,0.2605606035627744,0.0,0.0
6,Device,Conv2DBackpropFilter,gradient_tape/sequential/conv2d_7/Conv2D/Conv2DBackpropFilter,2,1594.723,797.3615,1594.723,797.3615,0.03342671031688681,0.2939873138796612,0.0,0.0
7,Device,Conv2DBackpropInput,gradient_tape/sequential/conv2d_3/Conv2D/Conv2DBackpropInput,4,1497.475,374.36875,1497.475,374.36875,0.03138831197128283,0.32537562585094404,0.0,0.0
8,Device,_FusedConv2D,sequential/conv2d_7/Relu,4,1260.962,315.2405,1260.962,315.2405,0.02643080428049399,0.35180643013143803,0.0,0.0
9,Device,_FusedConv2D,sequential/conv2d_3/Relu,4,1246.882,311.7205,1246.882,311.7205,0.026135675859281178,0.3779421059907192,0.0,0.0
10,Device,Conv2DBackpropFilter,gradient_tape/sequential/conv2d_2/Conv2D/Conv2DBackpropFilter,4,1245.315,311.32875,1245.315,311.32875,0.02610283024592603,0.4040449362366452,0.0,0.0
11,Device,Conv2DBackpropInput,gradient_tape/sequential/conv2d_5/Conv2D/Conv2DBackpropInput,2,1197.122,598.561,1197.122,598.561,0.02509266518885861,0.42913760142550383,0.0,0.0
12,Device,Conv2DBackpropFilter,gradient_tape/sequential/conv2d_5/Conv2D/Conv2DBackpropFilter,2,1188.354,594.177,1188.354,594.177,0.024908880672012447,0.4540464820975163,0.0,0.0
13,Device,Conv2DBackpropInput,gradient_tape/sequential/conv2d_7/Conv2D/Conv2DBackpropInput,4,1147.042,286.7605,1147.042,286.7605,0.024042947054317566,0.4780894291518339,0.0,0.0
14,Device,_FusedConv2D,sequential/conv2d_5/Relu,4,1057.729,264.43225,1057.729,264.43225,0.022170872858026356,0.5002603020098603,0.0,0.0
15,Device,Conv2DBackpropFilter,gradient_tape/sequential/conv2d_9/Conv2D/Conv2DBackpropFilter,4,954.786,238.6965,954.786,238.6965,0.020013102611938928,0.5202734046217992,0.0,0.0
16,Device,Conv2DBackpropFilter,gradient_tape/sequential/conv2d_8/Conv2D/Conv2DBackpropFilter,4,926.977,231.74425,926.977,231.74425,0.01943020301921825,0.5397036076410174,0.0,0.0
17,Device,ReluGrad,gradient_tape/sequential/conv2d_1/ReluGrad,2,861.409,430.7045,861.409,430.7045,0.01805584362134311,0.5577594512623606,0.0,0.0
18,Device,ReluGrad,gradient_tape/sequential/conv2d/ReluGrad,2,848.128,424.064,848.128,424.064,0.017777462899601106,0.5755369141619617,0.0,0.0
19,Device,ResourceApplyGradientDescent,SGD/SGD/update_22/ResourceApplyGradientDescent,2,846.048,423.024,846.048,423.024,0.01773386438283103,0.5932707785447927,0.0,0.0
20,Device,Conv2DBackpropInput,gradient_tape/sequential/conv2d_2/Conv2D/Conv2DBackpropInput,2,836.385,418.1925,836.385,418.1925,0.017531319927278514,0.6108020984720712,0.0,0.0
21,Device,Conv2DBackpropFilter,gradient_tape/sequential/conv2d/Conv2D/Conv2DBackpropFilter,2,823.298,411.649,823.298,411.649,0.017257005605658335,0.6280591040777296,0.0,0.0
22,Device,_FusedConv2D,sequential/conv2d_2/Relu,4,769.186,192.2965,769.186,192.2965,0.016122773423224532,0.6441818775009541,0.0,0.0
23,Device,MaxPoolGrad,gradient_tape/sequential/max_pooling2d_3/MaxPool/MaxPoolGrad,2,754.337,377.1685,754.337,377.1685,0.01581152612730201,0.6599934036282561,0.0,0.0
24,Device,Conv2DBackpropFilter,gradient_tape/sequential/conv2d_4/Conv2D/Conv2DBackpropFilter,2,736.961,368.4805,736.961,368.4805,0.015447310825668921,0.6754407144539251,0.0,0.0
25,Device,_FusedConv2D,sequential/conv2d_6/Relu,4,730.722,182.6805,730.722,182.6805,0.015316536236184066,0.6907572506901092,0.0,0.0
26,Device,Conv2DBackpropInput,gradient_tape/sequential/conv2d_4/Conv2D/Conv2DBackpropInput,2,724.194,362.097,724.194,362.097,0.015179703968167214,0.7059369546582764,0.0,0.0
27,Device,Conv2DBackpropFilter,gradient_tape/sequential/conv2d_6/Conv2D/Conv2DBackpropFilter,2,720.193,360.0965,720.193,360.0965,0.01509583970586093,0.7210327943641374,0.0,0.0
28,Device,_FusedConv2D,sequential/conv2d_9/Relu,4,701.76,175.44,701.76,175.44,0.014709468811811508,0.7357422631759488,0.0,0.0
29,Device,_FusedConv2D,sequential/conv2d_8/Relu,4,700.994,175.2485,700.994,175.2485,0.014693412819577915,0.7504356759955267,0.0,0.0
30,Device,MaxPoolGrad,gradient_tape/sequential/max_pooling2d_4/MaxPool/MaxPoolGrad,2,667.264,333.632,667.264,333.632,0.013986404179840109,0.7644220801753668,0.0,0.0
31,Device,MaxPoolGrad,gradient_tape/sequential/max_pooling2d/MaxPool/MaxPoolGrad,2,630.497,315.2485,630.497,315.2485,0.013215737513452919,0.7776378176888198,0.0,0.0
32,Device,Conv2DBackpropInput,gradient_tape/sequential/conv2d_6/Conv2D/Conv2DBackpropInput,4,603.328,150.832,603.328,150.832,0.012646252848969183,0.7902840705377889,0.0,0.0
33,Device,_FusedConv2D,sequential/conv2d_4/Relu,4,590.945,147.73625,590.945,147.73625,0.012386694948409646,0.8026707654861985,0.0,0.0
34,Device,MatMul,gradient_tape/sequential/dense_1/MatMul/MatMul_1,2,566.144,283.072,566.144,283.072,0.01186684551840261,0.8145376110046011,0.0,0.0
35,Device,_FusedConv2D,sequential/conv2d/Relu,2,487.296,243.648,487.296,243.648,0.010214126359610838,0.8247517373642119,0.0,0.0
36,Device,Conv2DBackpropInput,gradient_tape/sequential/conv2d_9/Conv2D/Conv2DBackpropInput,4,478.304,119.576,478.304,119.576,0.010025646617881743,0.8347773839820937,0.0,0.0
37,Device,Conv2DBackpropInput,gradient_tape/sequential/conv2d_8/Conv2D/Conv2DBackpropInput,4,478.05,119.5125,478.05,119.5125,0.010020322568237705,0.8447977065503314,0.0,0.0
38,Device,MaxPoolGrad,gradient_tape/sequential/max_pooling2d_2/MaxPool/MaxPoolGrad,2,437.377,218.6885,437.377,218.6885,0.009167782917954405,0.8539654894682858,0.0,0.0
39,Device,ReluGrad,gradient_tape/sequential/conv2d_3/ReluGrad,2,429.313,214.6565,429.313,214.6565,0.008998754822168881,0.8629642442904546,0.0,0.0
40,Device,_Send,IteratorGetNext/_1,1,424.512,424.512,424.512,424.512,0.008898121899566415,0.871862366190021,0.0,0.0
41,Device,ReluGrad,gradient_tape/sequential/conv2d_2/ReluGrad,2,416.545,208.2725,416.545,208.2725,0.008731127003841805,0.8805934931938628,0.0,0.0
42,Device,MatMul,gradient_tape/sequential/dense_1/MatMul/MatMul,2,380.674,190.337,380.674,190.337,0.00797924123698634,0.8885727344308492,0.0,0.0
43,Device,MatMul,sequential/dense_1/MatMul,2,376.161,188.0805,376.161,188.0805,0.0078846450320905,0.8964573794629397,0.0,0.0
44,Device,MaxPool,sequential/max_pooling2d/MaxPool,2,343.52,171.76,343.52,171.76,0.007200462731180873,0.9036578421941206,0.0,0.0
45,Device,MaxPoolGrad,gradient_tape/sequential/max_pooling2d_1/MaxPool/MaxPoolGrad,2,338.208,169.104,338.208,169.104,0.0070891188268142205,0.9107469610209348,0.0,0.0
46,Device,BiasAddGrad,gradient_tape/sequential/conv2d_1/BiasAdd/BiasAddGrad,2,311.618,155.809,311.618,155.809,0.006531770480219846,0.9172787315011546,0.0,0.0
47,Device,BiasAddGrad,gradient_tape/sequential/conv2d/BiasAdd/BiasAddGrad,2,309.984,154.992,309.984,154.992,0.006497520491564892,0.9237762519927195,0.0,0.0
48,Device,_Recv,IteratorGetNext/_2,1,241.696,241.696,241.696,241.696,0.0050661476486827325,0.9288423996414022,0.0,0.0
49,Device,ReluGrad,gradient_tape/sequential/conv2d_4/ReluGrad,2,213.824,106.912,213.824,106.912,0.004481927523963726,0.933324327165366,0.0,0.0
50,Device,ReluGrad,gradient_tape/sequential/conv2d_5/ReluGrad,2,210.113,105.0565,210.113,105.0565,0.004404141901014808,0.9377284690663807,0.0,0.0
51,Device,MaxPool,sequential/max_pooling2d_1/MaxPool,2,189.568,94.784,189.568,94.784,0.003973501743783465,0.9417019708101642,0.0,0.0
52,Device,BiasAddGrad,gradient_tape/sequential/conv2d_3/BiasAdd/BiasAddGrad,2,169.12,84.56,169.12,84.56,0.0035448947866130336,0.9452468655967772,0.0,0.0
53,Device,BiasAddGrad,gradient_tape/sequential/conv2d_2/BiasAdd/BiasAddGrad,2,161.888,80.944,161.888,80.944,0.0033933060975355417,0.9486401716943127,0.0,0.0
54,Device,ResourceApplyGradientDescent,SGD/SGD/update_14/ResourceApplyGradientDescent,2,123.744,61.872,123.744,61.872,0.002593776374613548,0.9512339480689262,0.0,0.0
55,Device,ResourceApplyGradientDescent,SGD/SGD/update_16/ResourceApplyGradientDescent,2,123.68,61.84,123.68,61.84,0.0025924348817898536,0.9538263829507161,0.0,0.0
56,Device,ResourceApplyGradientDescent,SGD/SGD/update_18/ResourceApplyGradientDescent,2,122.337,61.1685,122.337,61.1685,0.0025642844933176367,0.9563906674440337,0.0,0.0
57,Device,ResourceApplyGradientDescent,SGD/SGD/update_20/ResourceApplyGradientDescent,2,111.713,55.8565,111.713,55.8565,0.0023415966845843294,0.958732264128618,0.0,0.0
58,Device,ReluGrad,gradient_tape/sequential/conv2d_6/ReluGrad,2,108.256,54.128,108.256,54.128,0.00226913511127945,0.9610013992398975,0.0,0.0
59,Device,SoftmaxCrossEntropyWithLogits,categorical_crossentropy/softmax_cross_entropy_with_logits,2,107.424,53.712,107.424,53.712,0.00225169570457142,0.9632530949444689,0.0,0.0
60,Device,MaxPool,sequential/max_pooling2d_2/MaxPool,2,99.104,49.552,99.104,49.552,0.002077301637491119,0.96533039658196,0.0,0.0
61,Device,ReluGrad,gradient_tape/sequential/conv2d_7/ReluGrad,2,98.4,49.2,98.4,49.2,0.0020625452164304784,0.9673929417983904,0.0,0.0
62,Device,BiasAddGrad,gradient_tape/sequential/conv2d_5/BiasAdd/BiasAddGrad,2,96.192,48.096,96.192,48.096,0.002016263714013014,0.9694092055124034,0.0,0.0
63,Device,BiasAddGrad,gradient_tape/sequential/conv2d_4/BiasAdd/BiasAddGrad,2,95.712,47.856,95.712,47.856,0.0020062025178353045,0.9714154080302387,0.0,0.0
64,Device,MatMul,gradient_tape/sequential/dense/MatMul/MatMul_1,2,89.504,44.752,89.504,44.752,0.0018760777139369264,0.9732914857441757,0.0,0.0
65,Device,MatMul,gradient_tape/sequential/dense/MatMul/MatMul,2,88.961,44.4805,88.961,44.4805,0.0018646959857608922,0.9751561817299366,0.0,0.0
66,Device,BiasAddGrad,gradient_tape/sequential/conv2d_6/BiasAdd/BiasAddGrad,2,74.433,37.2165,74.433,37.2165,0.0015601771147822135,0.9767163588447187,0.0,0.0
67,Device,BiasAddGrad,gradient_tape/sequential/conv2d_7/BiasAdd/BiasAddGrad,2,69.376,34.688,69.376,34.688,0.0014541782208849683,0.9781705370656038,0.0,0.0
68,Device,ResourceApplyGradientDescent,SGD/SGD/update_12/ResourceApplyGradientDescent,2,65.664,32.832,65.664,32.832,0.0013763716371106803,0.9795469087027144,0.0,0.0
69,Device,MatMul,sequential/dense/MatMul,2,65.472,32.736,65.472,32.736,0.0013723471586395961,0.980919255861354,0.0,0.0
70,Device,ReluGrad,gradient_tape/sequential/dense/ReluGrad,2,57.024,28.512,57.024,28.512,0.0011952701059119064,0.9821145259672659,0.0,0.0
71,Device,ReluGrad,gradient_tape/sequential/dense_1/ReluGrad,2,49.248,24.624,49.248,24.624,0.0010322787278330102,0.9831468046950989,0.0,0.0
72,Device,MaxPool,sequential/max_pooling2d_3/MaxPool,2,47.84,23.92,47.84,23.92,0.0010027658857117286,0.9841495705808105,0.0,0.0
73,Device,Transpose,gradient_tape/sequential/conv2d/Conv2D/Conv2DBackpropFilter-0-TransposeNHWCToNCHW-LayoutOptimizer,2,46.176,23.088,46.176,23.088,0.0009678870722956684,0.9851174576531062,0.0,0.0
74,Device,BiasAddGrad,gradient_tape/sequential/conv2d_8/BiasAdd/BiasAddGrad,2,40.224,20.112,40.224,20.112,0.0008431282396920687,0.9859605858927982,0.0,0.0
75,Device,BiasAddGrad,gradient_tape/sequential/conv2d_9/BiasAdd/BiasAddGrad,2,40.0,20.0,40.0,20.0,0.0008384330148091376,0.9867990189076074,0.0,0.0
76,Device,ResourceApplyGradientDescent,SGD/SGD/update_10/ResourceApplyGradientDescent,2,34.368,17.184,34.368,17.184,0.000720381646324011,0.9875194005539314,0.0,0.0
77,Device,MatMul,sequential/dense_2/MatMul,2,34.016,17.008,34.016,17.008,0.0007130034357936906,0.9882324039897251,0.0,0.0
78,Device,BiasAddGrad,gradient_tape/sequential/dense/BiasAdd/BiasAddGrad,2,30.72,15.36,30.72,15.36,0.0006439165553734176,0.9888763205450986,0.0,0.0
79,Device,BiasAddGrad,gradient_tape/sequential/dense_1/BiasAdd/BiasAddGrad,2,30.656,15.328,30.656,15.328,0.000642575062549723,0.9895188956076483,0.0,0.0
80,Device,ReluGrad,gradient_tape/sequential/conv2d_8/ReluGrad,2,30.048,15.024,30.048,15.024,0.0006298308807246241,0.9901487264883729,0.0,0.0
81,Device,MatMul,gradient_tape/sequential/dense_2/MatMul/MatMul,2,26.56,13.28,26.56,13.28,0.0005567195218332674,0.9907054460102062,0.0,0.0
82,Device,MatMul,gradient_tape/sequential/dense_2/MatMul/MatMul_1,2,24.32,12.16,24.32,12.16,0.0005097672730039557,0.9912152132832102,0.0,0.0
83,Device,ResourceApplyGradientDescent,SGD/SGD/update_8/ResourceApplyGradientDescent,2,20.512,10.256,20.512,10.256,0.00042994844999412577,0.9916451617332043,0.0,0.0
84,Device,Softmax,sequential/dense_2/Softmax,2,19.296,9.648,19.296,9.648,0.0004044600863439279,0.9920496218195483,0.0,0.0
85,Device,BiasAdd,sequential/dense/BiasAdd,2,14.816,7.408,14.816,7.408,0.00031055558868530456,0.9923601774082336,0.0,0.0
86,Device,Relu,sequential/dense/Relu,2,14.657,7.3285,14.657,7.3285,0.00030722281745143825,0.992667400225685,0.0,0.0
87,Device,Relu,sequential/dense_1/Relu,2,14.336,7.168,14.336,7.168,0.0003004943925075949,0.9929678946181926,0.0,0.0
88,Device,BiasAdd,sequential/dense_1/BiasAdd,2,14.144,7.072,14.144,7.072,0.000296469914036511,0.9932643645322291,0.0,0.0
89,Device,ResourceApplyGradientDescent,SGD/SGD/update_6/ResourceApplyGradientDescent,2,13.12,6.56,13.12,6.56,0.0002750060288573971,0.9935393705610865,0.0,0.0
90,Device,BiasAddGrad,gradient_tape/sequential/dense_2/BiasAdd/BiasAddGrad,2,12.672,6.336,12.672,6.336,0.0002656155790915348,0.9938049861401781,0.0,0.0
91,Device,MaxPool,sequential/max_pooling2d_4/MaxPool,2,11.488,5.744,11.488,5.744,0.0002407979618531843,0.9940457841020313,0.0,0.0
92,Device,ReluGrad,gradient_tape/sequential/conv2d_9/ReluGrad,2,11.296,5.648,11.296,5.648,0.00023677348338210042,0.9942825575854134,0.0,0.0
93,Device,ResourceApplyGradientDescent,SGD/SGD/update_4/ResourceApplyGradientDescent,2,10.464,5.232,10.464,5.232,0.0002193340766740704,0.9945018916620875,0.0,0.0
94,Device,ArgMax,ArgMax,2,8.96,4.48,8.96,4.48,0.00018780899531724684,0.9946897006574047,0.0,0.0
95,Device,ResourceApplyGradientDescent,SGD/SGD/update_2/ResourceApplyGradientDescent,2,8.832,4.416,8.832,4.416,0.00018512600966985758,0.9948748266670746,0.0,0.0
96,Device,ResourceApplyGradientDescent,SGD/SGD/update_21/ResourceApplyGradientDescent,2,8.096,4.048,8.096,4.048,0.00016969884219736943,0.995044525509272,0.0,0.0
97,Device,ArgMax,ArgMax_1,2,7.808,3.904,7.808,3.904,0.00016366212449074366,0.9952081876337627,0.0,0.0
98,Device,ResourceApplyGradientDescent,SGD/SGD/update/ResourceApplyGradientDescent,2,7.712,3.856,7.712,3.856,0.00016164988525520173,0.995369837519018,0.0,0.0
99,Device,ResourceApplyGradientDescent,SGD/SGD/update_23/ResourceApplyGradientDescent,2,7.68,3.84,7.68,3.84,0.0001609791388433544,0.9955308166578614,0.0,0.0
100,Device,ResourceApplyGradientDescent,SGD/SGD/update_24/ResourceApplyGradientDescent,2,7.232,3.616,7.232,3.616,0.0001515886890774921,0.9956824053469389,0.0,0.0
101,Device,ResourceApplyGradientDescent,SGD/SGD/update_25/ResourceApplyGradientDescent,2,6.88,3.44,6.88,3.44,0.00014421047854717165,0.995826615825486,0.0,0.0
102,Device,ResourceApplyGradientDescent,SGD/SGD/update_3/ResourceApplyGradientDescent,2,6.816,3.408,6.816,3.408,0.00014286898572347703,0.9959694848112095,0.0,0.0
103,Device,ResourceApplyGradientDescent,SGD/SGD/update_17/ResourceApplyGradientDescent,2,6.784,3.392,6.784,3.392,0.00014219823931162974,0.9961116830505211,0.0,0.0
104,Device,ResourceApplyGradientDescent,SGD/SGD/update_11/ResourceApplyGradientDescent,2,6.752,3.376,6.752,3.376,0.00014152749289978242,0.9962532105434209,0.0,0.0
105,Device,ResourceApplyGradientDescent,SGD/SGD/update_1/ResourceApplyGradientDescent,2,6.624,3.312,6.624,3.312,0.00013884450725239317,0.9963920550506733,0.0,0.0
106,Device,ResourceApplyGradientDescent,SGD/SGD/update_13/ResourceApplyGradientDescent,2,6.592,3.296,6.592,3.296,0.00013817376084054587,0.9965302288115139,0.0,0.0
107,Device,ResourceApplyGradientDescent,SGD/SGD/update_15/ResourceApplyGradientDescent,2,6.496,3.248,6.496,3.248,0.00013616152160500394,0.9966663903331189,0.0,0.0
108,Device,ResourceApplyGradientDescent,SGD/SGD/update_9/ResourceApplyGradientDescent,2,6.432,3.216,6.432,3.216,0.00013482002878130933,0.9968012103619002,0.0,0.0
109,Device,ResourceApplyGradientDescent,SGD/SGD/update_5/ResourceApplyGradientDescent,2,6.4,3.2,6.4,3.2,0.000134149282369462,0.9969353596442696,0.0,0.0
110,Device,ResourceApplyGradientDescent,SGD/SGD/update_19/ResourceApplyGradientDescent,2,6.368,3.184,6.368,3.184,0.0001334785359576147,0.9970688381802272,0.0,0.0
111,Device,ResourceApplyGradientDescent,SGD/SGD/update_7/ResourceApplyGradientDescent,2,6.336,3.168,6.336,3.168,0.0001328077895457674,0.9972016459697729,0.0,0.0
112,Device,AssignAddVariableOp,SGD/SGD/AssignAddVariableOp,2,6.176,3.088,6.176,3.088,0.00012945405748653085,0.9973311000272594,0.0,0.0
113,Device,Tile,gradient_tape/categorical_crossentropy/weighted_loss/Tile_1,2,6.144,3.072,6.144,3.072,0.00012878331107468353,0.9974598833383341,0.0,0.0
114,Device,Cast,Cast,2,6.112,3.056,6.112,3.056,0.00012811256466283623,0.997587995902997,0.0,0.0
115,Device,AssignAddVariableOp,AssignAddVariableOp_4,2,5.888,2.944,5.888,2.944,0.00012341733977990505,0.9977114132427769,0.0,0.0
116,Device,DivNoNan,categorical_crossentropy/weighted_loss/value,2,5.888,2.944,5.888,2.944,0.00012341733977990505,0.9978348305825568,0.0,0.0
117,Device,Mul,gradient_tape/categorical_crossentropy/softmax_cross_entropy_with_logits/mul,2,5.888,2.944,5.888,2.944,0.00012341733977990505,0.9979582479223368,0.0,0.0
118,Device,BiasAdd,sequential/dense_2/BiasAdd,2,5.888,2.944,5.888,2.944,0.00012341733977990505,0.9980816652621167,0.0,0.0
119,Device,Sum,categorical_crossentropy/weighted_loss/Sum,2,5.792,2.896,5.792,2.896,0.00012140510054436311,0.9982030703626611,0.0,0.0
120,Device,Equal,Equal,2,5.728,2.864,5.728,2.864,0.0001200636077206685,0.9983231339703817,0.0,0.0
121,Device,AssignAddVariableOp,AssignAddVariableOp_2,2,5.696,2.848,5.696,2.848,0.00011939286130882118,0.9984425268316905,0.0,0.0
122,Device,Cast,Cast_1,2,5.696,2.848,5.696,2.848,0.00011939286130882118,0.9985619196929993,0.0,0.0
123,Device,DivNoNan,gradient_tape/categorical_crossentropy/weighted_loss/value/div_no_nan,2,5.6,2.8,5.6,2.8,0.00011738062207327925,0.9986793003150726,0.0,0.0
124,Device,AssignAddVariableOp,AssignAddVariableOp_3,2,5.472,2.736,5.472,2.736,0.00011469763642589003,0.9987939979514985,0.0,0.0
125,Device,AssignAddVariableOp,AssignAddVariableOp,2,5.44,2.72,5.44,2.72,0.00011402689001404271,0.9989080248415125,0.0,0.0
126,Device,AssignAddVariableOp,AssignAddVariableOp_1,2,5.44,2.72,5.44,2.72,0.00011402689001404271,0.9990220517315266,0.0,0.0
127,Device,Mul,Mul,2,5.408,2.704,5.408,2.704,0.0001133561436021954,0.9991354078751288,0.0,0.0
128,Device,Sum,Sum_2,2,5.408,2.704,5.408,2.704,0.0001133561436021954,0.999248764018731,0.0,0.0
129,Device,DivNoNan,div_no_nan,2,5.28,2.64,5.28,2.64,0.00011067315795480617,0.9993594371766857,0.0,0.0
130,Device,DivNoNan,div_no_nan_1,2,5.216,2.608,5.216,2.608,0.00010933166513111154,0.9994687688418169,0.0,0.0
131,Device,Cast,Cast_2,2,4.992,2.496,4.992,2.496,0.00010463644024818036,0.9995734052820651,0.0,0.0
132,Device,Cast,categorical_crossentropy/weighted_loss/num_elements/Cast,2,4.928,2.464,4.928,2.464,0.00010329494742448575,0.9996767002294895,0.0,0.0
133,Device,_Recv,strided_slice/_12,2,4.096,2.048,4.096,2.048,8.585554071645568e-05,0.999762555770206,0.0,0.0
134,Device,LogicalAnd,LogicalAnd,1,3.136,3.136,3.136,3.136,6.573314836103639e-05,0.999828288918567,0.0,0.0
135,Device,_Recv,Size/_16,2,2.688,1.344,2.688,1.344,5.634269859517405e-05,0.9998846316171622,0.0,0.0
136,Device,_Recv,categorical_crossentropy/weighted_loss/num_elements/_14,2,2.624,1.312,2.624,1.312,5.500120577147943e-05,0.9999396328229337,0.0,0.0
137,Device,_Recv,IteratorGetNext/_4,1,1.504,1.504,1.504,1.504,3.1525081356823575e-05,0.9999711579042906,0.0,0.0
138,Device,_Send,IteratorGetNext/_3,1,1.376,1.376,1.376,1.376,2.884209570943433e-05,1.0,0.0,0.0
139,Host,IDLE,IDLE,0,192013.879,0.0,192013.879,0.0,0.0,0.0,0.9849384405648927,0.9849384405648927
140,Host,GatherV2,GatherV2,2,1126.306,563.153,1126.306,563.153,0.0,0.0,0.005777405680340858,0.9907158462452336
141,Host,_Send,IteratorGetNext/_3,2,731.522,365.761,731.522,365.761,0.0,0.0,0.0037523544739123337,0.9944682007191459
142,Host,_Send,IteratorGetNext/_1,2,722.58,361.29,722.58,361.29,0.0,0.0,0.003706486333643519,0.9981746870527894
143,Host,Dataset,Iterator::Root::ParallelMapV2::Zip[1]::ForeverRepeat,2,47.777,23.8885,44.469,22.2345,0.0,0.0,0.00022810448776715883,0.9984027915405566
144,Host,Dataset,Iterator::Root::ParallelMapV2::Zip[0]::FlatMap[1]::Concatenate,2,68.746,34.373,43.945,21.9725,0.0,0.0,0.00022541662090282656,0.9986282081614594
145,Host,LogicalAnd,LogicalAnd,1,42.727,42.727,42.727,42.727,0.0,0.0,0.00021916886929832904,0.9988473770307577
146,Host,FlushSummaryWriter,FlushSummaryWriter,1,39.906,39.906,39.906,39.906,0.0,0.0,0.00020469850207641816,0.999052075532834
147,Host,GatherV2,GatherV2_1,2,36.755,18.3775,36.755,18.3775,0.0,0.0,0.00018853539427200798,0.999240610927106
148,Host,Dataset,Iterator::Root::ParallelMapV2::Zip[0]::FlatMap[1]::Concatenate[0]::TensorSlice,2,24.801,12.4005,24.801,12.4005,0.0,0.0,0.00012721714905019913,0.9993678280761562
149,Host,Dataset,Iterator::Root::ParallelMapV2,2,22.883,11.4415,22.883,11.4415,0.0,0.0,0.00011737873560403641,0.9994852068117602
150,Host,WriteSummary,WriteSummary,1,21.911,21.911,21.911,21.911,0.0,0.0,0.00011239284516103841,0.9995975996569213
151,Host,Dataset,Iterator::Root,2,44.236,22.118,21.353,10.6765,0.0,0.0,0.00010953057472153955,0.9997071302316428
152,Host,_HostSend,categorical_crossentropy/softmax_cross_entropy_with_logits/Shape_2/_9,2,14.548,7.274,14.548,7.274,0.0,0.0,7.462421210363684e-05,0.9997817544437465
153,Host,IteratorGetNext,IteratorGetNext,2,14.184,7.092,14.184,7.092,0.0,0.0,7.27570679459709e-05,0.9998545115116925
154,Host,Dataset,Iterator::Root::ParallelMapV2::Zip,2,132.208,66.104,11.607,5.8035,0.0,0.0,5.95383028517262e-05,0.9999140498145442
155,Host,ReadVariableOp,ReadVariableOp,1,6.863,6.863,6.863,6.863,0.0,0.0,3.520387459906926e-05,0.9999492536891433
156,Host,Dataset,Iterator::Root::ParallelMapV2::Zip[0]::FlatMap,2,72.824,36.412,4.078,2.039,0.0,0.0,2.0918169986158306e-05,0.9999701718591295
157,Host,Dataset,Iterator::Root::ParallelMapV2::Zip[1]::ForeverRepeat::FromTensor,4,3.308,0.827,3.308,0.827,0.0,0.0,1.696844196032655e-05,0.9999871403010898
158,Host,Identity,Identity,2,2.507,1.2535,2.507,1.2535,0.0,0.0,1.2859698910078193e-05,0.9999999999999999
