Rank,Host/device,Type,Operation,#Occurrences,Total time (us),Avg. time (us),Total self-time (us),Avg. self-time (us),Total self-time on Device (%),Cumulative total-self time on Device (%),Total self-time on Host (%),Cumulative total-self time on Host (%)
1,Device,IDLE,IDLE,0,33536.078,0.0,33536.078,0.0,0.7269340940921395,0.7269340940921395,0.0,0.0
2,Device,DepthwiseConv2dNativeBackpropFilter,gradient_tape/mobilenetv2_1.00_64/block_1_depthwise/depthwise/DepthwiseConv2dNativeBackpropFilter,2,938.278,469.139,938.278,469.139,0.020338283681728807,0.7472723777738683,0.0,0.0
3,Device,DepthwiseConv2dNativeBackpropFilter,gradient_tape/mobilenetv2_1.00_64/block_3_depthwise/depthwise/DepthwiseConv2dNativeBackpropFilter,2,358.306,179.153,358.306,179.153,0.007766705680902165,0.7550390834547706,0.0,0.0
4,Device,Conv2DBackpropInput,gradient_tape/mobilenetv2_1.00_64/Conv_1/Conv2D/Conv2DBackpropInput,4,148.225,37.05625,148.225,37.05625,0.00321295191694173,0.7582520353717123,0.0,0.0
5,Device,FusedBatchNormGradV3,gradient_tape/mobilenetv2_1.00_64/block_1_expand_BN/FusedBatchNormGradV3,2,127.362,63.681,127.362,63.681,0.0027607217543972515,0.7610127571261095,0.0,0.0
6,Device,SoftmaxCrossEntropyWithLogits,categorical_crossentropy/softmax_cross_entropy_with_logits,2,122.08,61.04,122.08,61.04,0.0026462281667751484,0.7636589852928847,0.0,0.0
7,Device,Conv2D,mobilenetv2_1.00_64/block_16_project/Conv2D,4,121.889,30.47225,121.889,30.47225,0.002642088016219332,0.766301073309104,0.0,0.0
8,Device,Conv2DBackpropFilter,gradient_tape/mobilenetv2_1.00_64/block_1_expand/Conv2D/Conv2DBackpropFilter,2,119.52,59.76,119.52,59.76,0.002590737143618658,0.7688918104527227,0.0,0.0
9,Device,DepthwiseConv2dNativeBackpropInput,gradient_tape/mobilenetv2_1.00_64/block_1_depthwise/depthwise/DepthwiseConv2dNativeBackpropInput,2,99.744,49.872,99.744,49.872,0.0021620689897347673,0.7710538794424575,0.0,0.0
10,Device,Conv2DBackpropFilter,gradient_tape/mobilenetv2_1.00_64/Conv1/Conv2D/Conv2DBackpropFilter,4,99.073,24.76825,99.073,24.76825,0.002147524272337109,0.7732014037147946,0.0,0.0
11,Device,Conv2DBackpropInput,gradient_tape/mobilenetv2_1.00_64/block_16_expand/Conv2D/Conv2DBackpropInput,4,96.896,24.224,96.896,24.224,0.0021003352264731714,0.7753017389412677,0.0,0.0
12,Device,Conv2DBackpropInput,gradient_tape/mobilenetv2_1.00_64/block_14_expand/Conv2D/Conv2DBackpropInput,4,95.585,23.89625,95.585,23.89625,0.0020719177532863907,0.7773736566945542,0.0,0.0
13,Device,Conv2DBackpropInput,gradient_tape/mobilenetv2_1.00_64/block_15_expand/Conv2D/Conv2DBackpropInput,4,95.36,23.84,95.36,23.84,0.0020670406125792773,0.7794406973071334,0.0,0.0
14,Device,DepthwiseConv2dNativeBackpropFilter,gradient_tape/mobilenetv2_1.00_64/block_11_depthwise/depthwise/DepthwiseConv2dNativeBackpropFilter,2,95.072,47.536,95.072,47.536,0.002060797872474172,0.7815014951796075,0.0,0.0
15,Device,Conv2D,mobilenetv2_1.00_64/block_15_project/Conv2D,4,94.464,23.616,94.464,23.616,0.0020476187544745056,0.783549113934082,0.0,0.0
16,Device,Conv2D,mobilenetv2_1.00_64/block_14_project/Conv2D,4,93.92,23.48,93.92,23.48,0.0020358269120537512,0.7855849408461357,0.0,0.0
17,Device,DepthwiseConv2dNativeBackpropFilter,gradient_tape/mobilenetv2_1.00_64/block_6_depthwise/depthwise/DepthwiseConv2dNativeBackpropFilter,2,91.936,45.968,91.936,45.968,0.0019928213691074712,0.7875777622152432,0.0,0.0
18,Device,DepthwiseConv2dNativeBackpropFilter,gradient_tape/mobilenetv2_1.00_64/block_12_depthwise/depthwise/DepthwiseConv2dNativeBackpropFilter,2,87.776,43.888,87.776,43.888,0.0019026484564781735,0.7894804106717214,0.0,0.0
19,Device,Conv2DBackpropFilter,gradient_tape/mobilenetv2_1.00_64/block_3_expand/Conv2D/Conv2DBackpropFilter,4,87.521,21.88025,87.521,21.88025,0.001897121030343445,0.7913775317020648,0.0,0.0
20,Device,Conv2DBackpropFilter,gradient_tape/mobilenetv2_1.00_64/block_2_expand/Conv2D/Conv2DBackpropFilter,4,86.624,21.656,86.624,21.656,0.0018776774960577527,0.7932552091981225,0.0,0.0
21,Device,DepthwiseConv2dNativeBackpropFilter,gradient_tape/mobilenetv2_1.00_64/block_7_depthwise/depthwise/DepthwiseConv2dNativeBackpropFilter,2,85.345,42.6725,85.345,42.6725,0.001849953660660428,0.795105162858783,0.0,0.0
22,Device,DepthwiseConv2dNativeBackpropFilter,gradient_tape/mobilenetv2_1.00_64/block_9_depthwise/depthwise/DepthwiseConv2dNativeBackpropFilter,2,84.609,42.3045,84.609,42.3045,0.0018339999915029368,0.7969391628502859,0.0,0.0
23,Device,Conv2DBackpropFilter,gradient_tape/mobilenetv2_1.00_64/expanded_conv_project/Conv2D/Conv2DBackpropFilter,4,84.097,21.02425,84.097,21.02425,0.0018229017868716386,0.7987620646371575,0.0,0.0
24,Device,DepthwiseConv2dNativeBackpropFilter,gradient_tape/mobilenetv2_1.00_64/block_10_depthwise/depthwise/DepthwiseConv2dNativeBackpropFilter,2,83.584,41.792,83.584,41.792,0.0018117819060594201,0.800573846543217,0.0,0.0
25,Device,DepthwiseConv2dNativeBackpropFilter,gradient_tape/mobilenetv2_1.00_64/block_8_depthwise/depthwise/DepthwiseConv2dNativeBackpropFilter,2,83.424,41.712,83.424,41.712,0.0018083137171121396,0.802382160260329,0.0,0.0
26,Device,Relu6Grad,gradient_tape/mobilenetv2_1.00_64/block_1_expand_relu/Relu6/Relu6Grad,2,82.656,41.328,82.656,41.328,0.0017916664101651925,0.8041738266704942,0.0,0.0
27,Device,Conv2DBackpropFilter,gradient_tape/mobilenetv2_1.00_64/block_2_project/Conv2D/Conv2DBackpropFilter,2,78.401,39.2005,78.401,39.2005,0.0016994342603484471,0.8058732609308427,0.0,0.0
28,Device,Conv2D,mobilenetv2_1.00_64/block_13_project/Conv2D,4,70.658,17.6645,70.658,17.6645,0.0015315955914809833,0.8074048565223236,0.0,0.0
29,Device,_Recv,IteratorGetNext/_2,2,68.864,34.432,68.864,34.432,0.001492708522909599,0.8088975650452332,0.0,0.0
30,Device,Conv2DBackpropInput,gradient_tape/mobilenetv2_1.00_64/block_16_project/Conv2D/Conv2DBackpropInput,2,68.065,34.0325,68.065,34.0325,0.001475389254354116,0.8103729542995873,0.0,0.0
31,Device,Conv2DBackpropInput,gradient_tape/mobilenetv2_1.00_64/block_13_expand/Conv2D/Conv2DBackpropInput,4,65.633,16.40825,65.633,16.40825,0.0014226727823554498,0.8117956270819428,0.0,0.0
32,Device,Conv2DBackpropInput,gradient_tape/mobilenetv2_1.00_64/block_12_expand/Conv2D/Conv2DBackpropInput,4,65.409,16.35225,65.409,16.35225,0.001417817317829257,0.8132134443997721,0.0,0.0
33,Device,FusedBatchNormV3,mobilenetv2_1.00_64/block_1_expand_BN/FusedBatchNormV3,4,65.217,16.30425,65.217,16.30425,0.0014136554910925202,0.8146270998908646,0.0,0.0
34,Device,Conv2DBackpropInput,gradient_tape/mobilenetv2_1.00_64/block_11_expand/Conv2D/Conv2DBackpropInput,4,65.088,16.272,65.088,16.272,0.001410859263753775,0.8160379591546183,0.0,0.0
35,Device,Conv2D,mobilenetv2_1.00_64/block_12_project/Conv2D,4,63.36,15.84,63.36,15.84,0.001373402823123144,0.8174113619777414,0.0,0.0
36,Device,Conv2D,mobilenetv2_1.00_64/Conv_1/Conv2D,2,63.329,31.6645,63.329,31.6645,0.0013727308615146083,0.818784092839256,0.0,0.0
37,Device,Conv2D,mobilenetv2_1.00_64/block_11_project/Conv2D,4,62.945,15.73625,62.945,15.73625,0.0013644072080411347,0.8201485000472971,0.0,0.0
38,Device,Conv2DBackpropFilter,gradient_tape/mobilenetv2_1.00_64/block_1_project/Conv2D/Conv2DBackpropFilter,2,61.344,30.672,61.344,30.672,0.0013297036423874076,0.8214782036896845,0.0,0.0
39,Device,Slice,gradient_tape/mobilenetv2_1.00_64/block_1_pad/Slice_1,2,60.512,30.256,60.512,30.256,0.0013116690598615481,0.8227898727495461,0.0,0.0
40,Device,Pad,mobilenetv2_1.00_64/block_1_pad/Pad,2,59.392,29.696,59.392,29.696,0.0012873917372305834,0.8240772644867767,0.0,0.0
41,Device,Conv2DBackpropFilter,gradient_tape/mobilenetv2_1.00_64/Conv_1/Conv2D/Conv2DBackpropFilter,2,59.264,29.632,59.264,29.632,0.001284617186072759,0.8253618816728494,0.0,0.0
42,Device,Conv2DBackpropInput,gradient_tape/mobilenetv2_1.00_64/block_1_expand/Conv2D/Conv2DBackpropInput,2,57.504,28.752,57.504,28.752,0.0012464671076526715,0.826608348780502,0.0,0.0
43,Device,Conv2D,mobilenetv2_1.00_64/block_7_project/Conv2D,4,54.88,13.72,54.88,13.72,0.0011895888089172686,0.8277979375894193,0.0,0.0
44,Device,Conv2D,mobilenetv2_1.00_64/block_1_expand/Conv2D,2,54.464,27.232,54.464,27.232,0.001180571517654339,0.8289785091070737,0.0,0.0
45,Device,Conv2D,mobilenetv2_1.00_64/block_10_project/Conv2D,4,54.176,13.544,54.176,13.544,0.0011743287775492336,0.8301528378846229,0.0,0.0
46,Device,Conv2DBackpropInput,gradient_tape/mobilenetv2_1.00_64/block_9_expand/Conv2D/Conv2DBackpropInput,4,53.76,13.44,53.76,13.44,0.0011653114862863038,0.8313181493709092,0.0,0.0
47,Device,Conv2DBackpropInput,gradient_tape/mobilenetv2_1.00_64/block_7_expand/Conv2D/Conv2DBackpropInput,4,53.312,13.328,53.312,13.328,0.001155600557233918,0.8324737499281432,0.0,0.0
48,Device,Conv2DBackpropInput,gradient_tape/mobilenetv2_1.00_64/block_10_expand/Conv2D/Conv2DBackpropInput,4,53.056,13.264,53.056,13.264,0.0011500514549182689,0.8336238013830615,0.0,0.0
49,Device,Conv2DBackpropInput,gradient_tape/mobilenetv2_1.00_64/block_8_expand/Conv2D/Conv2DBackpropInput,4,53.056,13.264,53.056,13.264,0.0011500514549182689,0.8347738528379798,0.0,0.0
50,Device,Conv2DBackpropFilter,gradient_tape/mobilenetv2_1.00_64/block_13_expand/Conv2D/Conv2DBackpropFilter,2,52.832,26.416,52.832,26.416,0.0011451959903920762,0.8359190488283719,0.0,0.0
51,Device,Conv2DBackpropFilter,gradient_tape/mobilenetv2_1.00_64/block_12_expand/Conv2D/Conv2DBackpropFilter,2,52.672,26.336,52.672,26.336,0.0011417278014447954,0.8370607766298167,0.0,0.0
52,Device,Conv2DBackpropFilter,gradient_tape/mobilenetv2_1.00_64/block_11_expand/Conv2D/Conv2DBackpropFilter,2,52.512,26.256,52.512,26.256,0.0011382596124975147,0.8381990362423142,0.0,0.0
53,Device,Conv2D,mobilenetv2_1.00_64/block_9_project/Conv2D,4,52.481,13.12025,52.481,13.12025,0.0011375876508889792,0.8393366238932032,0.0,0.0
54,Device,Conv2D,mobilenetv2_1.00_64/block_8_project/Conv2D,4,51.937,12.98425,51.937,12.98425,0.0011257958084682248,0.8404624197016715,0.0,0.0
55,Device,Conv2DBackpropInput,gradient_tape/mobilenetv2_1.00_64/block_2_expand/Conv2D/Conv2DBackpropInput,4,51.904,12.976,51.904,12.976,0.0011250804944978484,0.8415875001961693,0.0,0.0
56,Device,DepthwiseConv2dNative,mobilenetv2_1.00_64/block_1_depthwise/depthwise,2,49.376,24.688,49.376,24.688,0.0010702831091308135,0.8426577833053002,0.0,0.0
57,Device,Conv2DBackpropInput,gradient_tape/mobilenetv2_1.00_64/block_3_expand/Conv2D/Conv2DBackpropInput,4,48.992,12.248,48.992,12.248,0.00106195945565734,0.8437197427609575,0.0,0.0
58,Device,Conv2DBackpropFilter,gradient_tape/mobilenetv2_1.00_64/block_11_project/Conv2D/Conv2DBackpropFilter,4,48.065,12.01625,48.065,12.01625,0.0010418656359440326,0.8447616083969015,0.0,0.0
59,Device,Conv2DBackpropFilter,gradient_tape/mobilenetv2_1.00_64/block_12_project/Conv2D/Conv2DBackpropFilter,4,47.552,11.888,47.552,11.888,0.001030745755131814,0.8457923541520334,0.0,0.0
60,Device,Conv2DBackpropInput,gradient_tape/mobilenetv2_1.00_64/block_4_expand/Conv2D/Conv2DBackpropInput,4,46.4,11.6,46.4,11.6,0.0010057747947113933,0.8467981289467448,0.0,0.0
61,Device,DepthwiseConv2dNativeBackpropInput,gradient_tape/mobilenetv2_1.00_64/block_2_depthwise/depthwise/DepthwiseConv2dNativeBackpropInput,2,45.792,22.896,45.792,22.896,0.0009925956767117268,0.8477907246234565,0.0,0.0
62,Device,FusedBatchNormV3,mobilenetv2_1.00_64/Conv_1_bn/FusedBatchNormV3,4,45.696,11.424,45.696,11.424,0.0009905147633433582,0.8487812393867998,0.0,0.0
63,Device,Conv2DBackpropInput,gradient_tape/mobilenetv2_1.00_64/block_5_expand/Conv2D/Conv2DBackpropInput,4,45.344,11.336,45.344,11.336,0.000982884747659341,0.8497641241344592,0.0,0.0
64,Device,Conv2DBackpropInput,gradient_tape/mobilenetv2_1.00_64/block_15_project/Conv2D/Conv2DBackpropInput,2,45.28,22.64,45.28,22.64,0.0009814974720804286,0.8507456216065397,0.0,0.0
65,Device,Conv2DBackpropInput,gradient_tape/mobilenetv2_1.00_64/block_14_project/Conv2D/Conv2DBackpropInput,2,45.216,22.608,45.216,22.608,0.0009801101965015164,0.8517257318030412,0.0,0.0
66,Device,Conv2DBackpropInput,gradient_tape/mobilenetv2_1.00_64/block_6_expand/Conv2D/Conv2DBackpropInput,4,44.993,11.24825,44.993,11.24825,0.000975276408156244,0.8527010082111974,0.0,0.0
67,Device,DepthwiseConv2dNativeBackpropInput,gradient_tape/mobilenetv2_1.00_64/block_3_depthwise/depthwise/DepthwiseConv2dNativeBackpropInput,2,43.84,21.92,43.84,21.92,0.0009502837715549027,0.8536512919827524,0.0,0.0
68,Device,DepthwiseConv2dNativeBackpropInput,gradient_tape/mobilenetv2_1.00_64/expanded_conv_depthwise/depthwise/DepthwiseConv2dNativeBackpropInput,2,43.232,21.616,43.232,21.616,0.0009371046535552361,0.8545883966363076,0.0,0.0
69,Device,Conv2D,mobilenetv2_1.00_64/Conv1/Conv2D,2,42.56,21.28,42.56,21.28,0.0009225382599766574,0.8555109348962843,0.0,0.0
70,Device,Relu6,mobilenetv2_1.00_64/block_1_expand_relu/Relu6,2,42.336,21.168,42.336,21.168,0.0009176827954504644,0.8564286176917347,0.0,0.0
71,Device,Conv2DBackpropInput,gradient_tape/mobilenetv2_1.00_64/block_13_project/Conv2D/Conv2DBackpropInput,2,41.984,20.992,41.984,20.992,0.0009100527797664469,0.8573386704715011,0.0,0.0
72,Device,DepthwiseConv2dNativeBackpropFilter,gradient_tape/mobilenetv2_1.00_64/block_2_depthwise/depthwise/DepthwiseConv2dNativeBackpropFilter,2,41.313,20.6565,41.313,20.6565,0.0008955080623687887,0.85823417853387,0.0,0.0
73,Device,Conv2D,mobilenetv2_1.00_64/block_3_expand/Conv2D,2,39.84,19.92,39.84,19.92,0.0008635790478728861,0.8590977575817429,0.0,0.0
74,Device,Conv2DBackpropInput,gradient_tape/mobilenetv2_1.00_64/block_2_project/Conv2D/Conv2DBackpropInput,2,39.744,19.872,39.744,19.872,0.0008614981345045176,0.8599592557162474,0.0,0.0
75,Device,Conv2DBackpropFilter,gradient_tape/mobilenetv2_1.00_64/block_16_project/Conv2D/Conv2DBackpropFilter,2,39.584,19.792,39.584,19.792,0.000858029945557237,0.8608172856618047,0.0,0.0
76,Device,FusedBatchNormV3,mobilenetv2_1.00_64/block_16_expand_BN/FusedBatchNormV3,4,39.456,9.864,39.456,9.864,0.0008552553943994124,0.8616725410562042,0.0,0.0
77,Device,FusedBatchNormV3,mobilenetv2_1.00_64/block_14_expand_BN/FusedBatchNormV3,4,39.425,9.85625,39.425,9.85625,0.0008545834327908767,0.862527124488995,0.0,0.0
78,Device,FusedBatchNormV3,mobilenetv2_1.00_64/block_16_depthwise_BN/FusedBatchNormV3,4,39.393,9.84825,39.393,9.84825,0.0008538897950014206,0.8633810142839965,0.0,0.0
79,Device,FusedBatchNormV3,mobilenetv2_1.00_64/block_15_depthwise_BN/FusedBatchNormV3,4,39.392,9.848,39.392,9.848,0.0008538681188205001,0.864234882402817,0.0,0.0
80,Device,FusedBatchNormV3,mobilenetv2_1.00_64/block_15_expand_BN/FusedBatchNormV3,4,39.232,9.808,39.232,9.808,0.0008503999298732194,0.8650852823326902,0.0,0.0
81,Device,DepthwiseConv2dNativeBackpropFilter,gradient_tape/mobilenetv2_1.00_64/expanded_conv_depthwise/depthwise/DepthwiseConv2dNativeBackpropFilter,2,38.944,19.472,38.944,19.472,0.0008441571897681143,0.8659294395224584,0.0,0.0
82,Device,FusedBatchNormV3,mobilenetv2_1.00_64/block_14_depthwise_BN/FusedBatchNormV3,4,38.944,9.736,38.944,9.736,0.0008441571897681143,0.8667735967122265,0.0,0.0
83,Device,Conv2D,mobilenetv2_1.00_64/block_2_expand/Conv2D,2,38.88,19.44,38.88,19.44,0.000842769914189202,0.8676163666264157,0.0,0.0
84,Device,FusedBatchNormGradV3,gradient_tape/mobilenetv2_1.00_64/expanded_conv_depthwise_BN/FusedBatchNormGradV3,2,38.336,19.168,38.336,19.168,0.0008309780717684476,0.8684473446981842,0.0,0.0
85,Device,Conv2DBackpropInput,gradient_tape/mobilenetv2_1.00_64/block_5_project/Conv2D/Conv2DBackpropInput,2,38.081,19.0405,38.081,19.0405,0.0008254506456337192,0.869272795343818,0.0,0.0
86,Device,FusedBatchNormGradV3,gradient_tape/mobilenetv2_1.00_64/bn_Conv1/FusedBatchNormGradV3,2,38.081,19.0405,38.081,19.0405,0.0008254506456337192,0.8700982459894517,0.0,0.0
87,Device,Conv2DBackpropInput,gradient_tape/mobilenetv2_1.00_64/block_3_project/Conv2D/Conv2DBackpropInput,2,37.856,18.928,37.856,18.928,0.0008205735049266057,0.8709188194943783,0.0,0.0
88,Device,Conv2DBackpropInput,gradient_tape/mobilenetv2_1.00_64/block_4_project/Conv2D/Conv2DBackpropInput,2,37.729,18.8645,37.729,18.8645,0.0008178206299497017,0.871736640124328,0.0,0.0
89,Device,Conv2DBackpropInput,gradient_tape/mobilenetv2_1.00_64/block_1_project/Conv2D/Conv2DBackpropInput,2,36.832,18.416,36.832,18.416,0.0007983770956640094,0.872535017219992,0.0,0.0
90,Device,Conv2DBackpropInput,gradient_tape/mobilenetv2_1.00_64/expanded_conv_project/Conv2D/Conv2DBackpropInput,2,36.609,18.3045,36.609,18.3045,0.000793543307318737,0.8733285605273108,0.0,0.0
91,Device,Conv2DBackpropInput,gradient_tape/mobilenetv2_1.00_64/block_11_project/Conv2D/Conv2DBackpropInput,2,36.288,18.144,36.288,18.144,0.000786585253243255,0.874115145780554,0.0,0.0
92,Device,Conv2DBackpropInput,gradient_tape/mobilenetv2_1.00_64/block_12_project/Conv2D/Conv2DBackpropInput,2,36.256,18.128,36.256,18.128,0.0007858916154537991,0.8749010373960079,0.0,0.0
93,Device,Conv2D,mobilenetv2_1.00_64/block_14_expand/Conv2D,2,35.68,17.84,35.68,17.84,0.0007734061352435886,0.8756744435312515,0.0,0.0
94,Device,Conv2D,mobilenetv2_1.00_64/block_16_expand/Conv2D,2,35.424,17.712,35.424,17.712,0.0007678570329279395,0.8764423005641794,0.0,0.0
95,Device,Conv2D,mobilenetv2_1.00_64/block_15_expand/Conv2D,2,35.232,17.616,35.232,17.616,0.0007636952061912028,0.8772059957703706,0.0,0.0
96,Device,FusedBatchNormGradV3,gradient_tape/mobilenetv2_1.00_64/expanded_conv_project_BN/FusedBatchNormGradV3,2,35.104,17.552,35.104,17.552,0.0007609206550333782,0.877966916425404,0.0,0.0
97,Device,Conv2DBackpropInput,gradient_tape/mobilenetv2_1.00_64/block_10_project/Conv2D/Conv2DBackpropInput,2,34.432,17.216,34.432,17.216,0.0007463542614547995,0.8787132706868588,0.0,0.0
98,Device,Conv2DBackpropFilter,gradient_tape/mobilenetv2_1.00_64/block_5_project/Conv2D/Conv2DBackpropFilter,2,32.864,16.432,32.864,16.432,0.0007123660097714488,0.8794256366966302,0.0,0.0
99,Device,FusedBatchNormGradV3,gradient_tape/mobilenetv2_1.00_64/Conv_1_bn/FusedBatchNormGradV3,2,32.801,16.4005,32.801,16.4005,0.0007110004103734572,0.8801366371070036,0.0,0.0
100,Device,Conv2DBackpropFilter,gradient_tape/mobilenetv2_1.00_64/block_4_project/Conv2D/Conv2DBackpropFilter,2,32.384,16.192,32.384,16.192,0.0007019614429296069,0.8808385985499332,0.0,0.0
101,Device,Conv2DBackpropInput,gradient_tape/mobilenetv2_1.00_64/block_6_project/Conv2D/Conv2DBackpropInput,2,32.128,16.064,32.128,16.064,0.0006964123406139578,0.8815350108905471,0.0,0.0
102,Device,Conv2DBackpropFilter,gradient_tape/mobilenetv2_1.00_64/block_3_project/Conv2D/Conv2DBackpropFilter,2,31.969,15.9845,31.969,15.9845,0.0006929658278475977,0.8822279767183947,0.0,0.0
103,Device,Conv2DBackpropFilter,gradient_tape/mobilenetv2_1.00_64/block_10_project/Conv2D/Conv2DBackpropFilter,2,31.968,15.984,31.968,15.984,0.0006929441516666772,0.8829209208700614,0.0,0.0
104,Device,Conv2D,mobilenetv2_1.00_64/block_6_project/Conv2D,2,31.712,15.856,31.712,15.856,0.0006873950493510281,0.8836083159194124,0.0,0.0
105,Device,Conv2D,mobilenetv2_1.00_64/block_5_project/Conv2D,2,31.68,15.84,31.68,15.84,0.000686701411561572,0.8842950173309739,0.0,0.0
106,Device,Conv2D,mobilenetv2_1.00_64/block_4_project/Conv2D,2,31.648,15.824,31.648,15.824,0.0006860077737721158,0.8849810251047461,0.0,0.0
107,Device,FusedBatchNormV3,mobilenetv2_1.00_64/bn_Conv1/FusedBatchNormV3,4,31.584,7.896,31.584,7.896,0.0006846204981932035,0.8856656456029393,0.0,0.0
108,Device,FusedBatchNormV3,mobilenetv2_1.00_64/expanded_conv_depthwise_BN/FusedBatchNormV3,4,31.424,7.856,31.424,7.856,0.0006811523092459229,0.8863467979121852,0.0,0.0
109,Device,Conv2DBackpropFilter,gradient_tape/mobilenetv2_1.00_64/block_15_expand/Conv2D/Conv2DBackpropFilter,2,31.361,15.6805,31.361,15.6805,0.0006797867098479311,0.8870265846220331,0.0,0.0
110,Device,Conv2DBackpropInput,gradient_tape/mobilenetv2_1.00_64/block_9_project/Conv2D/Conv2DBackpropInput,2,31.36,15.68,31.36,15.68,0.0006797650336670106,0.8877063496557,0.0,0.0
111,Device,Conv2DBackpropInput,gradient_tape/mobilenetv2_1.00_64/block_8_project/Conv2D/Conv2DBackpropInput,2,31.232,15.616,31.232,15.616,0.0006769904825091861,0.8883833401382092,0.0,0.0
112,Device,Conv2DBackpropInput,gradient_tape/mobilenetv2_1.00_64/block_7_project/Conv2D/Conv2DBackpropInput,2,31.168,15.584,31.168,15.584,0.0006756032069302738,0.8890589433451395,0.0,0.0
113,Device,Conv2DBackpropFilter,gradient_tape/mobilenetv2_1.00_64/block_16_expand/Conv2D/Conv2DBackpropFilter,2,31.104,15.552,31.104,15.552,0.0006742159313513615,0.8897331592764908,0.0,0.0
114,Device,Conv2DBackpropFilter,gradient_tape/mobilenetv2_1.00_64/block_14_expand/Conv2D/Conv2DBackpropFilter,2,30.976,15.488,30.976,15.488,0.000671441380193537,0.8904046006566843,0.0,0.0
115,Device,FusedBatchNormV3,mobilenetv2_1.00_64/block_12_expand_BN/FusedBatchNormV3,4,30.752,7.688,30.752,7.688,0.0006665859156673441,0.8910711865723516,0.0,0.0
116,Device,FusedBatchNormV3,mobilenetv2_1.00_64/block_11_expand_BN/FusedBatchNormV3,4,30.688,7.672,30.688,7.672,0.0006651986400884318,0.89173638521244,0.0,0.0
117,Device,FusedBatchNormV3,mobilenetv2_1.00_64/block_12_depthwise_BN/FusedBatchNormV3,4,30.624,7.656,30.624,7.656,0.0006638113645095195,0.8924001965769496,0.0,0.0
118,Device,FusedBatchNormV3,mobilenetv2_1.00_64/block_11_depthwise_BN/FusedBatchNormV3,4,30.496,7.624,30.496,7.624,0.000661036813351695,0.8930612333903013,0.0,0.0
119,Device,FusedBatchNormV3,mobilenetv2_1.00_64/block_13_expand_BN/FusedBatchNormV3,4,30.496,7.624,30.496,7.624,0.000661036813351695,0.893722270203653,0.0,0.0
120,Device,FusedBatchNormGradV3,gradient_tape/mobilenetv2_1.00_64/block_16_depthwise_BN/FusedBatchNormGradV3,2,30.336,15.168,30.336,15.168,0.0006575686244044143,0.8943798388280575,0.0,0.0
121,Device,FusedBatchNormGradV3,gradient_tape/mobilenetv2_1.00_64/block_15_depthwise_BN/FusedBatchNormGradV3,2,30.049,15.0245,30.049,15.0245,0.0006513475604802296,0.8950311863885377,0.0,0.0
122,Device,FusedBatchNormV3,mobilenetv2_1.00_64/block_13_depthwise_BN/FusedBatchNormV3,4,30.049,7.51225,30.049,7.51225,0.0006513475604802296,0.895682533949018,0.0,0.0
123,Device,FusedBatchNormGradV3,gradient_tape/mobilenetv2_1.00_64/block_16_expand_BN/FusedBatchNormGradV3,2,29.76,14.88,29.76,14.88,0.000645083144194204,0.8963276170932122,0.0,0.0
124,Device,FusedBatchNormV3,mobilenetv2_1.00_64/expanded_conv_project_BN/FusedBatchNormV3,4,29.728,7.432,29.728,7.432,0.0006443895064047479,0.896972006599617,0.0,0.0
125,Device,FusedBatchNormGradV3,gradient_tape/mobilenetv2_1.00_64/block_14_depthwise_BN/FusedBatchNormGradV3,2,29.696,14.848,29.696,14.848,0.0006436958686152917,0.8976157024682323,0.0,0.0
126,Device,FusedBatchNormGradV3,gradient_tape/mobilenetv2_1.00_64/block_14_expand_BN/FusedBatchNormGradV3,2,29.536,14.768,29.536,14.768,0.000640227679668011,0.8982559301479003,0.0,0.0
127,Device,FusedBatchNormGradV3,gradient_tape/mobilenetv2_1.00_64/block_15_expand_BN/FusedBatchNormGradV3,2,29.376,14.688,29.376,14.688,0.0006367594907207304,0.898892689638621,0.0,0.0
128,Device,Conv2DBackpropFilter,gradient_tape/mobilenetv2_1.00_64/block_14_project/Conv2D/Conv2DBackpropFilter,2,29.216,14.608,29.216,14.608,0.0006332913017734497,0.8995259809403945,0.0,0.0
129,Device,Conv2DBackpropFilter,gradient_tape/mobilenetv2_1.00_64/block_15_project/Conv2D/Conv2DBackpropFilter,2,29.216,14.608,29.216,14.608,0.0006332913017734497,0.900159272242168,0.0,0.0
130,Device,Conv2D,mobilenetv2_1.00_64/block_2_project/Conv2D,2,28.672,14.336,28.672,14.336,0.0006214994593526955,0.9007807717015207,0.0,0.0
131,Device,Relu6Grad,gradient_tape/mobilenetv2_1.00_64/expanded_conv_depthwise_relu/Relu6/Relu6Grad,2,28.576,14.288,28.576,14.288,0.000619418545984327,0.9014001902475051,0.0,0.0
132,Device,Conv2DBackpropFilter,gradient_tape/mobilenetv2_1.00_64/block_5_expand/Conv2D/Conv2DBackpropFilter,2,28.48,14.24,28.48,14.24,0.0006173376326159587,0.902017527880121,0.0,0.0
133,Device,Conv2DBackpropFilter,gradient_tape/mobilenetv2_1.00_64/block_7_expand/Conv2D/Conv2DBackpropFilter,2,28.448,14.224,28.448,14.224,0.0006166439948265025,0.9026341718749475,0.0,0.0
134,Device,Conv2DBackpropFilter,gradient_tape/mobilenetv2_1.00_64/block_6_expand/Conv2D/Conv2DBackpropFilter,2,28.352,14.176,28.352,14.176,0.0006145630814581341,0.9032487349564057,0.0,0.0
135,Device,Conv2DBackpropFilter,gradient_tape/mobilenetv2_1.00_64/block_8_expand/Conv2D/Conv2DBackpropFilter,2,28.32,14.16,28.32,14.16,0.0006138694436686779,0.9038626044000744,0.0,0.0
136,Device,Conv2DBackpropFilter,gradient_tape/mobilenetv2_1.00_64/block_4_expand/Conv2D/Conv2DBackpropFilter,2,28.064,14.032,28.064,14.032,0.0006083203413530289,0.9044709247414274,0.0,0.0
137,Device,Conv2D,mobilenetv2_1.00_64/block_13_expand/Conv2D,2,27.808,13.904,27.808,13.904,0.0006027712390373798,0.9050736959804648,0.0,0.0
138,Device,Conv2D,mobilenetv2_1.00_64/block_11_expand/Conv2D,2,27.777,13.8885,27.777,13.8885,0.0006020992774288443,0.9056757952578937,0.0,0.0
139,Device,Conv2D,mobilenetv2_1.00_64/block_3_project/Conv2D,2,27.681,13.8405,27.681,13.8405,0.0006000183640604758,0.9062758136219541,0.0,0.0
140,Device,Conv2DBackpropFilter,gradient_tape/mobilenetv2_1.00_64/block_10_expand/Conv2D/Conv2DBackpropFilter,2,27.617,13.8085,27.617,13.8085,0.0005986310884815635,0.9068744447104357,0.0,0.0
141,Device,Conv2DBackpropFilter,gradient_tape/mobilenetv2_1.00_64/block_9_expand/Conv2D/Conv2DBackpropFilter,2,27.552,13.776,27.552,13.776,0.0005972221367217307,0.9074716668471574,0.0,0.0
142,Device,Conv2D,mobilenetv2_1.00_64/block_12_expand/Conv2D,2,27.456,13.728,27.456,13.728,0.0005951412233533624,0.9080668080705108,0.0,0.0
143,Device,FusedBatchNormV3,mobilenetv2_1.00_64/block_2_depthwise_BN/FusedBatchNormV3,4,27.104,6.776,27.104,6.776,0.0005875112076693449,0.9086543192781801,0.0,0.0
144,Device,FusedBatchNormV3,mobilenetv2_1.00_64/block_7_expand_BN/FusedBatchNormV3,4,26.88,6.72,26.88,6.72,0.0005826557431431519,0.9092369750213233,0.0,0.0
145,Device,FusedBatchNormV3,mobilenetv2_1.00_64/block_10_expand_BN/FusedBatchNormV3,4,26.752,6.688,26.752,6.688,0.0005798811919853275,0.9098168562133087,0.0,0.0
146,Device,FusedBatchNormV3,mobilenetv2_1.00_64/block_1_depthwise_BN/FusedBatchNormV3,4,26.592,6.648,26.592,6.648,0.0005764130030380467,0.9103932692163467,0.0,0.0
147,Device,FusedBatchNormV3,mobilenetv2_1.00_64/block_10_depthwise_BN/FusedBatchNormV3,4,26.496,6.624,26.496,6.624,0.0005743320896696784,0.9109676013060164,0.0,0.0
148,Device,FusedBatchNormV3,mobilenetv2_1.00_64/block_9_depthwise_BN/FusedBatchNormV3,4,26.4,6.6,26.4,6.6,0.0005722511763013099,0.9115398524823177,0.0,0.0
149,Device,FusedBatchNormV3,mobilenetv2_1.00_64/block_8_depthwise_BN/FusedBatchNormV3,4,26.336,6.584,26.336,6.584,0.0005708639007223977,0.9121107163830401,0.0,0.0
150,Device,Conv2DBackpropFilter,gradient_tape/mobilenetv2_1.00_64/block_7_project/Conv2D/Conv2DBackpropFilter,2,26.273,13.1365,26.273,13.1365,0.000569498301324406,0.9126802146843644,0.0,0.0
151,Device,FusedBatchNormV3,mobilenetv2_1.00_64/block_7_depthwise_BN/FusedBatchNormV3,4,26.273,6.56825,26.273,6.56825,0.000569498301324406,0.9132497129856888,0.0,0.0
152,Device,FusedBatchNormV3,mobilenetv2_1.00_64/block_2_expand_BN/FusedBatchNormV3,4,26.272,6.568,26.272,6.568,0.0005694766251434854,0.9138191896108323,0.0,0.0
153,Device,FusedBatchNormV3,mobilenetv2_1.00_64/block_8_expand_BN/FusedBatchNormV3,4,26.241,6.56025,26.241,6.56025,0.0005688046635349498,0.9143879942743672,0.0,0.0
154,Device,Conv2DBackpropFilter,gradient_tape/mobilenetv2_1.00_64/block_8_project/Conv2D/Conv2DBackpropFilter,2,26.24,13.12,26.24,13.12,0.0005687829873540293,0.9149567772617213,0.0,0.0
155,Device,Conv2DBackpropFilter,gradient_tape/mobilenetv2_1.00_64/block_9_project/Conv2D/Conv2DBackpropFilter,2,26.208,13.104,26.208,13.104,0.0005680893495645732,0.9155248666112858,0.0,0.0
156,Device,FusedBatchNormV3,mobilenetv2_1.00_64/block_9_expand_BN/FusedBatchNormV3,4,26.176,6.544,26.176,6.544,0.000567395711775117,0.916092262323061,0.0,0.0
157,Device,Conv2DBackpropFilter,gradient_tape/mobilenetv2_1.00_64/block_13_project/Conv2D/Conv2DBackpropFilter,2,25.825,12.9125,25.825,12.9125,0.00055978737227202,0.916652049695333,0.0,0.0
158,Device,FusedBatchNormV3,mobilenetv2_1.00_64/block_3_expand_BN/FusedBatchNormV3,4,25.12,6.28,25.12,6.28,0.0005445056647230647,0.9171965553600561,0.0,0.0
159,Device,FusedBatchNormV3,mobilenetv2_1.00_64/block_16_project_BN/FusedBatchNormV3,4,24.896,6.224,24.896,6.224,0.0005396502001968717,0.9177362055602529,0.0,0.0
160,Device,Pad,mobilenetv2_1.00_64/block_3_pad/Pad,2,24.801,12.4005,24.801,12.4005,0.0005375909630094237,0.9182737965232624,0.0,0.0
161,Device,Conv2D,mobilenetv2_1.00_64/block_1_project/Conv2D,2,24.736,12.368,24.736,12.368,0.0005361820112495911,0.918809978534512,0.0,0.0
162,Device,Conv2D,mobilenetv2_1.00_64/expanded_conv_project/Conv2D,2,24.544,12.272,24.544,12.272,0.0005320201845128542,0.9193419987190248,0.0,0.0
163,Device,FusedBatchNormV3,mobilenetv2_1.00_64/block_6_expand_BN/FusedBatchNormV3,4,23.104,5.776,23.104,5.776,0.0005008064839873282,0.9198428052030121,0.0,0.0
164,Device,FusedBatchNormV3,mobilenetv2_1.00_64/block_4_expand_BN/FusedBatchNormV3,4,22.881,5.72025,22.881,5.72025,0.0004959726956420558,0.9203387778986541,0.0,0.0
165,Device,FusedBatchNormV3,mobilenetv2_1.00_64/block_5_depthwise_BN/FusedBatchNormV3,4,22.848,5.712,22.848,5.712,0.0004952573816716791,0.9208340352803258,0.0,0.0
166,Device,FusedBatchNormV3,mobilenetv2_1.00_64/block_4_depthwise_BN/FusedBatchNormV3,4,22.816,5.704,22.816,5.704,0.000494563743882223,0.921328599024208,0.0,0.0
167,Device,FusedBatchNormV3,mobilenetv2_1.00_64/block_5_expand_BN/FusedBatchNormV3,4,22.816,5.704,22.816,5.704,0.000494563743882223,0.9218231627680903,0.0,0.0
168,Device,Conv2D,mobilenetv2_1.00_64/block_8_expand/Conv2D,2,22.72,11.36,22.72,11.36,0.0004924828305138547,0.9223156455986041,0.0,0.0
169,Device,MatMul,mobilenetv2_1.00_64/predictions/MatMul,2,22.72,11.36,22.72,11.36,0.0004924828305138547,0.922808128429118,0.0,0.0
170,Device,Conv2D,mobilenetv2_1.00_64/block_10_expand/Conv2D,2,22.656,11.328,22.656,11.328,0.0004910955549349424,0.923299223984053,0.0,0.0
171,Device,Conv2D,mobilenetv2_1.00_64/block_9_expand/Conv2D,2,22.528,11.264,22.528,11.264,0.0004883210037771178,0.9237875449878301,0.0,0.0
172,Device,FusedBatchNormGradV3,gradient_tape/mobilenetv2_1.00_64/block_2_depthwise_BN/FusedBatchNormGradV3,2,22.496,11.248,22.496,11.248,0.0004876273659876617,0.9242751723538177,0.0,0.0
173,Device,Conv2D,mobilenetv2_1.00_64/block_7_expand/Conv2D,2,22.4,11.2,22.4,11.2,0.0004855464526192933,0.9247607188064371,0.0,0.0
174,Device,Conv2D,mobilenetv2_1.00_64/block_5_expand/Conv2D,2,22.144,11.072,22.144,11.072,0.0004799973503036442,0.9252407161567408,0.0,0.0
175,Device,Conv2D,mobilenetv2_1.00_64/block_6_expand/Conv2D,2,22.048,11.024,22.048,11.024,0.0004779164369352758,0.925718632593676,0.0,0.0
176,Device,FusedBatchNormGradV3,gradient_tape/mobilenetv2_1.00_64/block_3_expand_BN/FusedBatchNormGradV3,2,21.952,10.976,21.952,10.976,0.00047583552356690747,0.9261944681172429,0.0,0.0
177,Device,FusedBatchNormV3,mobilenetv2_1.00_64/block_1_project_BN/FusedBatchNormV3,4,21.888,5.472,21.888,5.472,0.0004744482479879952,0.926668916365231,0.0,0.0
178,Device,FusedBatchNormV3,mobilenetv2_1.00_64/block_2_project_BN/FusedBatchNormV3,4,21.76,5.44,21.76,5.44,0.0004716736968301707,0.9271405900620612,0.0,0.0
179,Device,Conv2D,mobilenetv2_1.00_64/block_4_expand/Conv2D,2,21.696,10.848,21.696,10.848,0.0004702864212512584,0.9276108764833124,0.0,0.0
180,Device,FusedBatchNormGradV3,gradient_tape/mobilenetv2_1.00_64/block_2_expand_BN/FusedBatchNormGradV3,2,21.664,10.832,21.664,10.832,0.0004695927834618023,0.9280804692667742,0.0,0.0
181,Device,DepthwiseConv2dNativeBackpropInput,gradient_tape/mobilenetv2_1.00_64/block_4_depthwise/depthwise/DepthwiseConv2dNativeBackpropInput,2,21.664,10.832,21.664,10.832,0.0004695927834618023,0.928550062050236,0.0,0.0
182,Device,DepthwiseConv2dNative,mobilenetv2_1.00_64/block_2_depthwise/depthwise,2,21.536,10.768,21.536,10.768,0.00046681823230397773,0.92901688028254,0.0,0.0
183,Device,DepthwiseConv2dNativeBackpropInput,gradient_tape/mobilenetv2_1.00_64/block_5_depthwise/depthwise/DepthwiseConv2dNativeBackpropInput,2,21.44,10.72,21.44,10.72,0.0004647373189356093,0.9294816176014756,0.0,0.0
184,Device,FusedBatchNormV3,mobilenetv2_1.00_64/block_3_depthwise_BN/FusedBatchNormV3,4,21.408,5.352,21.408,5.352,0.0004640436811461532,0.9299456612826218,0.0,0.0
185,Device,DepthwiseConv2dNative,mobilenetv2_1.00_64/expanded_conv_depthwise/depthwise,2,21.377,10.6885,21.377,10.6885,0.00046337171953761755,0.9304090330021594,0.0,0.0
186,Device,Conv2DBackpropFilter,gradient_tape/mobilenetv2_1.00_64/block_6_project/Conv2D/Conv2DBackpropFilter,2,21.344,10.672,21.344,10.672,0.00046265640556724096,0.9308716894077266,0.0,0.0
187,Device,DepthwiseConv2dNativeBackpropInput,gradient_tape/mobilenetv2_1.00_64/block_6_depthwise/depthwise/DepthwiseConv2dNativeBackpropInput,2,21.28,10.64,21.28,10.64,0.0004612691299883287,0.9313329585377149,0.0,0.0
188,Device,FusedBatchNormGradV3,gradient_tape/mobilenetv2_1.00_64/block_13_expand_BN/FusedBatchNormGradV3,2,21.056,10.528,21.056,10.528,0.0004564136654621357,0.931789372203177,0.0,0.0
189,Device,FusedBatchNormV3,mobilenetv2_1.00_64/block_6_depthwise_BN/FusedBatchNormV3,4,21.056,5.264,21.056,5.264,0.0004564136654621357,0.9322457858686392,0.0,0.0
190,Device,FusedBatchNormGradV3,gradient_tape/mobilenetv2_1.00_64/block_12_depthwise_BN/FusedBatchNormGradV3,2,21.024,10.512,21.024,10.512,0.0004557200276726796,0.9327015058963118,0.0,0.0
191,Device,FusedBatchNormV3,mobilenetv2_1.00_64/block_13_project_BN/FusedBatchNormV3,4,20.928,5.232,20.928,5.232,0.00045363911430431117,0.9331551450106161,0.0,0.0
192,Device,FusedBatchNormV3,mobilenetv2_1.00_64/block_14_project_BN/FusedBatchNormV3,4,20.928,5.232,20.928,5.232,0.00045363911430431117,0.9336087841249204,0.0,0.0
193,Device,FusedBatchNormGradV3,gradient_tape/mobilenetv2_1.00_64/block_11_expand_BN/FusedBatchNormGradV3,2,20.834,10.417,20.834,10.417,0.00045160155329778377,0.9340603856782183,0.0,0.0
194,Device,FusedBatchNormV3,mobilenetv2_1.00_64/block_15_project_BN/FusedBatchNormV3,4,20.8,5.2,20.8,5.2,0.0004508645631464867,0.9345112502413647,0.0,0.0
195,Device,FusedBatchNormGradV3,gradient_tape/mobilenetv2_1.00_64/block_11_depthwise_BN/FusedBatchNormGradV3,2,20.704,10.352,20.704,10.352,0.00044878364977811826,0.9349600338911428,0.0,0.0
196,Device,FusedBatchNormGradV3,gradient_tape/mobilenetv2_1.00_64/block_12_expand_BN/FusedBatchNormGradV3,2,20.512,10.256,20.512,10.256,0.00044462182304138144,0.9354046557141842,0.0,0.0
197,Device,FusedBatchNormGradV3,gradient_tape/mobilenetv2_1.00_64/block_13_depthwise_BN/FusedBatchNormGradV3,2,20.512,10.256,20.512,10.256,0.00044462182304138144,0.9358492775372256,0.0,0.0
198,Device,Relu6Grad,gradient_tape/mobilenetv2_1.00_64/block_3_expand_relu/Relu6/Relu6Grad,2,20.128,10.064,20.128,10.064,0.00043629816956790784,0.9362855757067935,0.0,0.0
199,Device,ArgMax,ArgMax,2,19.904,9.952,19.904,9.952,0.00043144270504171493,0.9367170184118352,0.0,0.0
200,Device,FusedBatchNormV3,mobilenetv2_1.00_64/block_8_project_BN/FusedBatchNormV3,4,19.84,4.96,19.84,4.96,0.00043005542946280266,0.937147073841298,0.0,0.0
201,Device,Softmax,mobilenetv2_1.00_64/predictions/Softmax,2,19.808,9.904,19.808,9.904,0.0004293617916733465,0.9375764356329713,0.0,0.0
202,Device,FusedBatchNormV3,mobilenetv2_1.00_64/block_10_project_BN/FusedBatchNormV3,4,19.777,4.94425,19.777,4.94425,0.0004286898300648109,0.9380051254630362,0.0,0.0
203,Device,FusedBatchNormV3,mobilenetv2_1.00_64/block_12_project_BN/FusedBatchNormV3,4,19.712,4.928,19.712,4.928,0.0004272808783049781,0.9384324063413412,0.0,0.0
204,Device,FusedBatchNormV3,mobilenetv2_1.00_64/block_5_project_BN/FusedBatchNormV3,4,19.712,4.928,19.712,4.928,0.0004272808783049781,0.9388596872196462,0.0,0.0
205,Device,FusedBatchNormV3,mobilenetv2_1.00_64/block_3_project_BN/FusedBatchNormV3,4,19.648,4.912,19.648,4.912,0.00042589360272606583,0.9392855808223722,0.0,0.0
206,Device,FusedBatchNormV3,mobilenetv2_1.00_64/block_4_project_BN/FusedBatchNormV3,4,19.616,4.904,19.616,4.904,0.0004251999649366097,0.9397107807873089,0.0,0.0
207,Device,FusedBatchNormV3,mobilenetv2_1.00_64/block_11_project_BN/FusedBatchNormV3,4,19.488,4.872,19.488,4.872,0.00042242541377878514,0.9401332062010876,0.0,0.0
208,Device,ArgMax,ArgMax_1,2,19.296,9.648,19.296,9.648,0.00041826358704204837,0.9405514697881296,0.0,0.0
209,Device,FusedBatchNormV3,mobilenetv2_1.00_64/block_7_project_BN/FusedBatchNormV3,4,19.072,4.768,19.072,4.768,0.0004134081225158554,0.9409648779106455,0.0,0.0
210,Device,FusedBatchNormV3,mobilenetv2_1.00_64/block_6_project_BN/FusedBatchNormV3,4,18.976,4.744,18.976,4.744,0.00041132720914748705,0.941376205119793,0.0,0.0
211,Device,FusedBatchNormV3,mobilenetv2_1.00_64/block_9_project_BN/FusedBatchNormV3,4,18.976,4.744,18.976,4.744,0.00041132720914748705,0.9417875323289405,0.0,0.0
212,Device,Relu6Grad,gradient_tape/mobilenetv2_1.00_64/block_2_expand_relu/Relu6/Relu6Grad,2,18.784,9.392,18.784,9.392,0.0004071653824107502,0.9421946977113512,0.0,0.0
213,Device,DepthwiseConv2dNativeBackpropInput,gradient_tape/mobilenetv2_1.00_64/block_13_depthwise/depthwise/DepthwiseConv2dNativeBackpropInput,2,18.656,9.328,18.656,9.328,0.0004043908312529257,0.9425990885426041,0.0,0.0
214,Device,DepthwiseConv2dNativeBackpropInput,gradient_tape/mobilenetv2_1.00_64/block_11_depthwise/depthwise/DepthwiseConv2dNativeBackpropInput,2,18.208,9.104,18.208,9.104,0.0003946799022005398,0.9429937684448046,0.0,0.0
215,Device,FusedBatchNormGradV3,gradient_tape/mobilenetv2_1.00_64/block_1_depthwise_BN/FusedBatchNormGradV3,2,18.208,9.104,18.208,9.104,0.0003946799022005398,0.9433884483470052,0.0,0.0
216,Device,DepthwiseConv2dNativeBackpropInput,gradient_tape/mobilenetv2_1.00_64/block_12_depthwise/depthwise/DepthwiseConv2dNativeBackpropInput,2,18.176,9.088,18.176,9.088,0.00039398626441108366,0.9437824346114163,0.0,0.0
217,Device,DepthwiseConv2dNativeBackpropFilter,gradient_tape/mobilenetv2_1.00_64/block_5_depthwise/depthwise/DepthwiseConv2dNativeBackpropFilter,2,17.248,8.624,17.248,8.624,0.0003738707685168559,0.9441563053799331,0.0,0.0
218,Device,DepthwiseConv2dNative,mobilenetv2_1.00_64/block_3_depthwise/depthwise,2,16.928,8.464,16.928,8.464,0.0003669343906222945,0.9445232397705554,0.0,0.0
219,Device,DepthwiseConv2dNativeBackpropFilter,gradient_tape/mobilenetv2_1.00_64/block_13_depthwise/depthwise/DepthwiseConv2dNativeBackpropFilter,2,16.608,8.304,16.608,8.304,0.0003599980127277332,0.9448832377832831,0.0,0.0
220,Device,DepthwiseConv2dNativeBackpropFilter,gradient_tape/mobilenetv2_1.00_64/block_4_depthwise/depthwise/DepthwiseConv2dNativeBackpropFilter,2,16.512,8.256,16.512,8.256,0.0003579170993593648,0.9452411548826425,0.0,0.0
221,Device,FusedBatchNormGradV3,gradient_tape/mobilenetv2_1.00_64/block_10_depthwise_BN/FusedBatchNormGradV3,2,16.448,8.224,16.448,8.224,0.0003565298237804525,0.9455976847064229,0.0,0.0
222,Device,FusedBatchNormGradV3,gradient_tape/mobilenetv2_1.00_64/block_7_expand_BN/FusedBatchNormGradV3,2,16.0,8.0,16.0,8.0,0.00034681889472806663,0.945944503601151,0.0,0.0
223,Device,FusedBatchNormGradV3,gradient_tape/mobilenetv2_1.00_64/block_9_depthwise_BN/FusedBatchNormGradV3,2,16.0,8.0,16.0,8.0,0.00034681889472806663,0.9462913224958791,0.0,0.0
224,Device,FusedBatchNormGradV3,gradient_tape/mobilenetv2_1.00_64/block_9_expand_BN/FusedBatchNormGradV3,2,15.969,7.9845,15.969,7.9845,0.000346146933119531,0.9466374694289986,0.0,0.0
225,Device,FusedBatchNormGradV3,gradient_tape/mobilenetv2_1.00_64/block_10_expand_BN/FusedBatchNormGradV3,2,15.968,7.984,15.968,7.984,0.0003461252569386105,0.9469835946859372,0.0,0.0
226,Device,FusedBatchNormGradV3,gradient_tape/mobilenetv2_1.00_64/block_8_expand_BN/FusedBatchNormGradV3,2,15.936,7.968,15.936,7.968,0.00034543161914915436,0.9473290263050863,0.0,0.0
227,Device,FusedBatchNormGradV3,gradient_tape/mobilenetv2_1.00_64/block_8_depthwise_BN/FusedBatchNormGradV3,2,15.904,7.952,15.904,7.952,0.0003447379813596983,0.947673764286446,0.0,0.0
228,Device,FusedBatchNormGradV3,gradient_tape/mobilenetv2_1.00_64/block_7_depthwise_BN/FusedBatchNormGradV3,2,15.872,7.936,15.872,7.936,0.00034404434357024214,0.9480178086300163,0.0,0.0
229,Device,Transpose,gradient_tape/mobilenetv2_1.00_64/Conv1/Conv2D/Conv2DBackpropFilter-0-TransposeNHWCToNCHW-LayoutOptimizer,2,15.232,7.616,15.232,7.616,0.00033017158778111944,0.9483479802177974,0.0,0.0
230,Device,DepthwiseConv2dNativeBackpropInput,gradient_tape/mobilenetv2_1.00_64/block_9_depthwise/depthwise/DepthwiseConv2dNativeBackpropInput,2,15.04,7.52,15.04,7.52,0.0003260097610443826,0.9486739899788418,0.0,0.0
231,Device,FusedBatchNormGradV3,gradient_tape/mobilenetv2_1.00_64/block_16_project_BN/FusedBatchNormGradV3,2,14.976,7.488,14.976,7.488,0.0003246224854654704,0.9489986124643073,0.0,0.0
232,Device,DepthwiseConv2dNativeBackpropInput,gradient_tape/mobilenetv2_1.00_64/block_8_depthwise/depthwise/DepthwiseConv2dNativeBackpropInput,2,14.976,7.488,14.976,7.488,0.0003246224854654704,0.9493232349497728,0.0,0.0
233,Device,DepthwiseConv2dNativeBackpropInput,gradient_tape/mobilenetv2_1.00_64/block_7_depthwise/depthwise/DepthwiseConv2dNativeBackpropInput,2,14.913,7.4565,14.913,7.4565,0.0003232568860674786,0.9496464918358403,0.0,0.0
234,Device,DepthwiseConv2dNativeBackpropInput,gradient_tape/mobilenetv2_1.00_64/block_10_depthwise/depthwise/DepthwiseConv2dNativeBackpropInput,2,14.848,7.424,14.848,7.424,0.00032184793430764584,0.9499683397701479,0.0,0.0
235,Device,FusedBatchNormGradV3,gradient_tape/mobilenetv2_1.00_64/block_2_project_BN/FusedBatchNormGradV3,2,14.656,7.328,14.656,7.328,0.00031768610757090907,0.9502860258777188,0.0,0.0
236,Device,DepthwiseConv2dNative,mobilenetv2_1.00_64/block_12_depthwise/depthwise,2,14.656,7.328,14.656,7.328,0.00031768610757090907,0.9506037119852897,0.0,0.0
237,Device,DepthwiseConv2dNative,mobilenetv2_1.00_64/block_11_depthwise/depthwise,2,14.528,7.264,14.528,7.264,0.0003149115564130845,0.9509186235417028,0.0,0.0
238,Device,Relu6Grad,gradient_tape/mobilenetv2_1.00_64/block_2_depthwise_relu/Relu6/Relu6Grad,2,14.496,7.248,14.496,7.248,0.0003142179186236284,0.9512328414603264,0.0,0.0
239,Device,Mean,mobilenetv2_1.00_64/global_average_pooling2d/Mean,2,14.208,7.104,14.208,7.104,0.0003079751785185232,0.9515408166388449,0.0,0.0
240,Device,MatMul,gradient_tape/mobilenetv2_1.00_64/predictions/MatMul/MatMul,2,14.176,7.088,14.176,7.088,0.00030728154072906706,0.951848098179574,0.0,0.0
241,Device,Slice,gradient_tape/mobilenetv2_1.00_64/block_3_pad/Slice_1,2,14.08,7.04,14.08,7.04,0.00030520062736069865,0.9521532988069348,0.0,0.0
242,Device,FusedBatchNormGradV3,gradient_tape/mobilenetv2_1.00_64/block_5_expand_BN/FusedBatchNormGradV3,2,13.536,6.768,13.536,6.768,0.00029340878493994436,0.9524467075918748,0.0,0.0
243,Device,Pad,mobilenetv2_1.00_64/block_6_pad/Pad,2,13.44,6.72,13.44,6.72,0.00029132787157157595,0.9527380354634464,0.0,0.0
244,Device,Pad,mobilenetv2_1.00_64/block_13_pad/Pad,2,13.408,6.704,13.408,6.704,0.00029063423378211987,0.9530286696972285,0.0,0.0
245,Device,FusedBatchNormGradV3,gradient_tape/mobilenetv2_1.00_64/block_1_project_BN/FusedBatchNormGradV3,2,13.344,6.672,13.344,6.672,0.0002892469582032076,0.9533179166554318,0.0,0.0
246,Device,FusedBatchNormGradV3,gradient_tape/mobilenetv2_1.00_64/block_4_depthwise_BN/FusedBatchNormGradV3,2,13.28,6.64,13.28,6.64,0.0002878596826242953,0.9536057763380561,0.0,0.0
247,Device,FusedBatchNormGradV3,gradient_tape/mobilenetv2_1.00_64/block_6_expand_BN/FusedBatchNormGradV3,2,13.249,6.6245,13.249,6.6245,0.0002871877210157597,0.9538929640590719,0.0,0.0
248,Device,FusedBatchNormGradV3,gradient_tape/mobilenetv2_1.00_64/block_4_expand_BN/FusedBatchNormGradV3,2,13.12,6.56,13.12,6.56,0.00028439149367701463,0.9541773555527489,0.0,0.0
249,Device,FusedBatchNormGradV3,gradient_tape/mobilenetv2_1.00_64/block_5_depthwise_BN/FusedBatchNormGradV3,2,13.056,6.528,13.056,6.528,0.00028300421809810235,0.954460359770847,0.0,0.0
250,Device,Relu6Grad,gradient_tape/mobilenetv2_1.00_64/Conv1_relu/Relu6/Relu6Grad,2,12.864,6.432,12.864,6.432,0.0002788423913613656,0.9547392021622083,0.0,0.0
251,Device,ResourceApplyGradientDescent,SGD/SGD/update_153/ResourceApplyGradientDescent,2,12.513,6.2565,12.513,6.2565,0.00027123405185826863,0.9550104362140666,0.0,0.0
252,Device,FusedBatchNormGradV3,gradient_tape/mobilenetv2_1.00_64/block_3_depthwise_BN/FusedBatchNormGradV3,2,11.84,5.92,11.84,5.92,0.00025664598209876934,0.9552670821961653,0.0,0.0
253,Device,DepthwiseConv2dNative,mobilenetv2_1.00_64/block_14_depthwise/depthwise,2,11.648,5.824,11.648,5.824,0.0002524841553620325,0.9555195663515273,0.0,0.0
254,Device,DepthwiseConv2dNativeBackpropFilter,gradient_tape/mobilenetv2_1.00_64/block_16_depthwise/depthwise/DepthwiseConv2dNativeBackpropFilter,2,11.616,5.808,11.616,5.808,0.0002517905175725764,0.9557713568691,0.0,0.0
255,Device,DepthwiseConv2dNative,mobilenetv2_1.00_64/block_15_depthwise/depthwise,2,11.616,5.808,11.616,5.808,0.0002517905175725764,0.9560231473866726,0.0,0.0
256,Device,DepthwiseConv2dNative,mobilenetv2_1.00_64/block_7_depthwise/depthwise,2,11.616,5.808,11.616,5.808,0.0002517905175725764,0.9562749379042452,0.0,0.0
257,Device,DepthwiseConv2dNative,mobilenetv2_1.00_64/block_8_depthwise/depthwise,2,11.52,5.76,11.52,5.76,0.00024970960420420796,0.9565246475084495,0.0,0.0
258,Device,DepthwiseConv2dNativeBackpropFilter,gradient_tape/mobilenetv2_1.00_64/block_15_depthwise/depthwise/DepthwiseConv2dNativeBackpropFilter,2,11.488,5.744,11.488,5.744,0.0002490159664147518,0.9567736634748643,0.0,0.0
259,Device,DepthwiseConv2dNative,mobilenetv2_1.00_64/block_10_depthwise/depthwise,2,11.488,5.744,11.488,5.744,0.0002490159664147518,0.9570226794412791,0.0,0.0
260,Device,DepthwiseConv2dNative,mobilenetv2_1.00_64/block_9_depthwise/depthwise,2,11.488,5.744,11.488,5.744,0.0002490159664147518,0.9572716954076939,0.0,0.0
261,Device,DepthwiseConv2dNativeBackpropFilter,gradient_tape/mobilenetv2_1.00_64/block_14_depthwise/depthwise/DepthwiseConv2dNativeBackpropFilter,2,11.424,5.712,11.424,5.712,0.00024762869083583955,0.9575193240985297,0.0,0.0
262,Device,DynamicStitch,gradient_tape/mobilenetv2_1.00_64/global_average_pooling2d/DynamicStitch,2,11.296,5.648,11.296,5.648,0.00024485413967801506,0.9577641782382077,0.0,0.0
263,Device,DepthwiseConv2dNative,mobilenetv2_1.00_64/block_16_depthwise/depthwise,2,11.232,5.616,11.232,5.616,0.00024346686409910278,0.9580076451023068,0.0,0.0
264,Device,DepthwiseConv2dNative,mobilenetv2_1.00_64/block_4_depthwise/depthwise,2,11.072,5.536,11.072,5.536,0.0002399986751518221,0.9582476437774586,0.0,0.0
265,Device,DepthwiseConv2dNative,mobilenetv2_1.00_64/block_5_depthwise/depthwise,2,10.912,5.456,10.912,5.456,0.00023653048620454149,0.9584841742636632,0.0,0.0
266,Device,DepthwiseConv2dNativeBackpropInput,gradient_tape/mobilenetv2_1.00_64/block_16_depthwise/depthwise/DepthwiseConv2dNativeBackpropInput,2,10.88,5.44,10.88,5.44,0.00023583684841508535,0.9587200111120783,0.0,0.0
267,Device,FusedBatchNormGradV3,gradient_tape/mobilenetv2_1.00_64/block_14_project_BN/FusedBatchNormGradV3,2,10.752,5.376,10.752,5.376,0.0002330622972572608,0.9589530734093356,0.0,0.0
268,Device,DepthwiseConv2dNativeBackpropInput,gradient_tape/mobilenetv2_1.00_64/block_14_depthwise/depthwise/DepthwiseConv2dNativeBackpropInput,2,10.688,5.344,10.688,5.344,0.00023167502167834852,0.9591847484310139,0.0,0.0
269,Device,DepthwiseConv2dNativeBackpropInput,gradient_tape/mobilenetv2_1.00_64/block_15_depthwise/depthwise/DepthwiseConv2dNativeBackpropInput,2,10.624,5.312,10.624,5.312,0.00023028774609943627,0.9594150361771133,0.0,0.0
270,Device,DepthwiseConv2dNative,mobilenetv2_1.00_64/block_6_depthwise/depthwise,2,10.528,5.264,10.528,5.264,0.00022820683273106786,0.9596432430098444,0.0,0.0
271,Device,FusedBatchNormGradV3,gradient_tape/mobilenetv2_1.00_64/block_5_project_BN/FusedBatchNormGradV3,2,10.464,5.232,10.464,5.232,0.00022681955715215559,0.9598700625669966,0.0,0.0
272,Device,FusedBatchNormGradV3,gradient_tape/mobilenetv2_1.00_64/block_15_project_BN/FusedBatchNormGradV3,2,10.432,5.216,10.432,5.216,0.00022612591936269948,0.9600961884863592,0.0,0.0
273,Device,FusedBatchNormGradV3,gradient_tape/mobilenetv2_1.00_64/block_6_depthwise_BN/FusedBatchNormGradV3,2,10.432,5.216,10.432,5.216,0.00022612591936269948,0.9603223144057219,0.0,0.0
274,Device,FusedBatchNormGradV3,gradient_tape/mobilenetv2_1.00_64/block_3_project_BN/FusedBatchNormGradV3,2,10.4,5.2,10.4,5.2,0.00022543228157324334,0.9605477466872951,0.0,0.0
275,Device,FusedBatchNormGradV3,gradient_tape/mobilenetv2_1.00_64/block_13_project_BN/FusedBatchNormGradV3,2,10.368,5.184,10.368,5.184,0.0002247386437837872,0.960772485331079,0.0,0.0
276,Device,FusedBatchNormGradV3,gradient_tape/mobilenetv2_1.00_64/block_4_project_BN/FusedBatchNormGradV3,2,10.368,5.184,10.368,5.184,0.0002247386437837872,0.9609972239748628,0.0,0.0
277,Device,Relu6Grad,gradient_tape/mobilenetv2_1.00_64/block_6_expand_relu/Relu6/Relu6Grad,2,10.368,5.184,10.368,5.184,0.0002247386437837872,0.9612219626186466,0.0,0.0
278,Device,MatMul,gradient_tape/mobilenetv2_1.00_64/predictions/MatMul/MatMul_1,2,10.272,5.136,10.272,5.136,0.0002226577304154188,0.961444620349062,0.0,0.0
279,Device,Relu6Grad,gradient_tape/mobilenetv2_1.00_64/block_1_depthwise_relu/Relu6/Relu6Grad,2,10.176,5.088,10.176,5.088,0.0002205768170470504,0.961665197166109,0.0,0.0
280,Device,DepthwiseConv2dNative,mobilenetv2_1.00_64/block_13_depthwise/depthwise,2,10.112,5.056,10.112,5.056,0.00021918954146813813,0.9618843867075771,0.0,0.0
281,Device,FusedBatchNormGradV3,gradient_tape/mobilenetv2_1.00_64/block_12_project_BN/FusedBatchNormGradV3,2,10.048,5.024,10.048,5.024,0.00021780226588922585,0.9621021889734663,0.0,0.0
282,Device,FusedBatchNormGradV3,gradient_tape/mobilenetv2_1.00_64/block_10_project_BN/FusedBatchNormGradV3,2,9.92,4.96,9.92,4.96,0.00021502771473140133,0.9623172166881977,0.0,0.0
283,Device,Relu6,mobilenetv2_1.00_64/block_2_depthwise_relu/Relu6,2,9.888,4.944,9.888,4.944,0.0002143340769419452,0.9625315507651396,0.0,0.0
284,Device,ResourceApplyGradientDescent,SGD/SGD/update_150/ResourceApplyGradientDescent,2,9.792,4.896,9.792,4.896,0.00021225316357357678,0.9627438039287132,0.0,0.0
285,Device,FusedBatchNormGradV3,gradient_tape/mobilenetv2_1.00_64/block_11_project_BN/FusedBatchNormGradV3,2,9.792,4.896,9.792,4.896,0.00021225316357357678,0.9629560570922867,0.0,0.0
286,Device,Relu6,mobilenetv2_1.00_64/block_3_expand_relu/Relu6,2,9.6,4.8,9.6,4.8,0.00020809133683683998,0.9631641484291236,0.0,0.0
287,Device,Relu6,mobilenetv2_1.00_64/block_2_expand_relu/Relu6,2,9.505,4.7525,9.505,4.7525,0.0002060320996493921,0.963370180528773,0.0,0.0
288,Device,FusedBatchNormGradV3,gradient_tape/mobilenetv2_1.00_64/block_8_project_BN/FusedBatchNormGradV3,2,9.504,4.752,9.504,4.752,0.0002060104234684716,0.9635761909522415,0.0,0.0
289,Device,Relu6,mobilenetv2_1.00_64/block_1_depthwise_relu/Relu6,2,9.44,4.72,9.44,4.72,0.00020462314788955932,0.9637808141001311,0.0,0.0
290,Device,Relu6,mobilenetv2_1.00_64/expanded_conv_depthwise_relu/Relu6,2,9.44,4.72,9.44,4.72,0.00020462314788955932,0.9639854372480207,0.0,0.0
291,Device,FusedBatchNormGradV3,gradient_tape/mobilenetv2_1.00_64/block_6_project_BN/FusedBatchNormGradV3,2,9.408,4.704,9.408,4.704,0.00020392951010010318,0.9641893667581207,0.0,0.0
292,Device,Relu6,mobilenetv2_1.00_64/Conv1_relu/Relu6,2,9.408,4.704,9.408,4.704,0.00020392951010010318,0.9643932962682208,0.0,0.0
293,Device,FusedBatchNormGradV3,gradient_tape/mobilenetv2_1.00_64/block_9_project_BN/FusedBatchNormGradV3,2,9.312,4.656,9.312,4.656,0.00020184859673173477,0.9645951448649526,0.0,0.0
294,Device,FusedBatchNormGradV3,gradient_tape/mobilenetv2_1.00_64/block_7_project_BN/FusedBatchNormGradV3,2,9.28,4.64,9.28,4.64,0.00020115495894227863,0.9647962998238948,0.0,0.0
295,Device,AddN,SGD/gradients/AddN_9,2,8.832,4.416,8.832,4.416,0.0001914440298898928,0.9649877438537847,0.0,0.0
296,Device,Slice,gradient_tape/mobilenetv2_1.00_64/block_6_pad/Slice_1,2,8.8,4.4,8.8,4.4,0.00019075039210043667,0.9651784942458852,0.0,0.0
297,Device,BroadcastTo,gradient_tape/mobilenetv2_1.00_64/global_average_pooling2d/BroadcastTo,2,8.608,4.304,8.608,4.304,0.00018658856536369988,0.9653650828112489,0.0,0.0
298,Device,AddV2,mobilenetv2_1.00_64/block_2_add/add,2,8.48,4.24,8.48,4.24,0.00018381401420587533,0.9655488968254547,0.0,0.0
299,Device,Relu6Grad,gradient_tape/mobilenetv2_1.00_64/block_13_expand_relu/Relu6/Relu6Grad,2,8.448,4.224,8.448,4.224,0.0001831203764164192,0.9657320172018712,0.0,0.0
300,Device,Relu6Grad,gradient_tape/mobilenetv2_1.00_64/block_5_depthwise_relu/Relu6/Relu6Grad,2,8.321,4.1605,8.321,4.1605,0.00018036750143951514,0.9659123847033106,0.0,0.0
301,Device,Relu6Grad,gradient_tape/mobilenetv2_1.00_64/block_4_depthwise_relu/Relu6/Relu6Grad,2,8.32,4.16,8.32,4.16,0.00018034582525859466,0.9660927305285693,0.0,0.0
302,Device,Relu6Grad,gradient_tape/mobilenetv2_1.00_64/block_4_expand_relu/Relu6/Relu6Grad,2,8.192,4.096,8.192,4.096,0.00017757127410077011,0.96627030180267,0.0,0.0
303,Device,Relu6Grad,gradient_tape/mobilenetv2_1.00_64/block_5_expand_relu/Relu6/Relu6Grad,2,8.16,4.08,8.16,4.08,0.000176877636311314,0.9664471794389814,0.0,0.0
304,Device,Slice,gradient_tape/mobilenetv2_1.00_64/block_13_pad/Slice_1,2,7.776,3.888,7.776,3.888,0.00016855398283784038,0.9666157334218193,0.0,0.0
305,Device,Transpose,gradient_tape/mobilenetv2_1.00_64/out_relu/Relu6/Relu6Grad-0-TransposeNHWCToNCHW-LayoutOptimizer,2,7.776,3.888,7.776,3.888,0.00016855398283784038,0.9667842874046572,0.0,0.0
306,Device,Transpose,mobilenetv2_1.00_64/out_relu/Relu6-0-0-TransposeNCHWToNHWC-LayoutOptimizer,2,7.648,3.824,7.648,3.824,0.00016577943168001586,0.9669500668363372,0.0,0.0
307,Device,Relu6Grad,gradient_tape/mobilenetv2_1.00_64/block_10_depthwise_relu/Relu6/Relu6Grad,2,7.361,3.6805,7.361,3.6805,0.00015955836775583115,0.967109625204093,0.0,0.0
308,Device,Relu6Grad,gradient_tape/mobilenetv2_1.00_64/block_11_depthwise_relu/Relu6/Relu6Grad,2,7.36,3.68,7.36,3.68,0.00015953669157491067,0.9672691618956679,0.0,0.0
309,Device,Relu6Grad,gradient_tape/mobilenetv2_1.00_64/block_8_depthwise_relu/Relu6/Relu6Grad,2,7.36,3.68,7.36,3.68,0.00015953669157491067,0.9674286985872428,0.0,0.0
310,Device,Relu6Grad,gradient_tape/mobilenetv2_1.00_64/block_7_expand_relu/Relu6/Relu6Grad,2,7.328,3.664,7.328,3.664,0.00015884305378545453,0.9675875416410282,0.0,0.0
311,Device,Relu6Grad,gradient_tape/mobilenetv2_1.00_64/block_3_depthwise_relu/Relu6/Relu6Grad,2,7.296,3.648,7.296,3.648,0.0001581494159959984,0.9677456910570242,0.0,0.0
312,Device,Relu6Grad,gradient_tape/mobilenetv2_1.00_64/block_12_depthwise_relu/Relu6/Relu6Grad,2,7.264,3.632,7.264,3.632,0.00015745577820654226,0.9679031468352308,0.0,0.0
313,Device,ResourceApplyGradientDescent,SGD/SGD/update_108/ResourceApplyGradientDescent,2,7.2,3.6,7.2,3.6,0.00015606850262762998,0.9680592153378584,0.0,0.0
314,Device,Relu6Grad,gradient_tape/mobilenetv2_1.00_64/block_11_expand_relu/Relu6/Relu6Grad,2,7.2,3.6,7.2,3.6,0.00015606850262762998,0.968215283840486,0.0,0.0
315,Device,Relu6Grad,gradient_tape/mobilenetv2_1.00_64/block_12_expand_relu/Relu6/Relu6Grad,2,7.2,3.6,7.2,3.6,0.00015606850262762998,0.9683713523431137,0.0,0.0
316,Device,Relu6,mobilenetv2_1.00_64/block_4_depthwise_relu/Relu6,2,7.168,3.584,7.168,3.584,0.00015537486483817387,0.9685267272079519,0.0,0.0
317,Device,Relu6Grad,gradient_tape/mobilenetv2_1.00_64/block_7_depthwise_relu/Relu6/Relu6Grad,2,7.104,3.552,7.104,3.552,0.0001539875892592616,0.9686807147972111,0.0,0.0
318,Device,Relu6Grad,gradient_tape/mobilenetv2_1.00_64/block_9_depthwise_relu/Relu6/Relu6Grad,2,7.104,3.552,7.104,3.552,0.0001539875892592616,0.9688347023864703,0.0,0.0
319,Device,Relu6Grad,gradient_tape/mobilenetv2_1.00_64/block_8_expand_relu/Relu6/Relu6Grad,2,7.072,3.536,7.072,3.536,0.00015329395146980546,0.9689879963379401,0.0,0.0
320,Device,ResourceApplyGradientDescent,SGD/SGD/update_126/ResourceApplyGradientDescent,2,7.04,3.52,7.04,3.52,0.00015260031368034932,0.9691405966516204,0.0,0.0
321,Device,ResourceApplyGradientDescent,SGD/SGD/update_132/ResourceApplyGradientDescent,2,7.04,3.52,7.04,3.52,0.00015260031368034932,0.9692931969653008,0.0,0.0
322,Device,ResourceApplyGradientDescent,SGD/SGD/update_135/ResourceApplyGradientDescent,2,7.04,3.52,7.04,3.52,0.00015260031368034932,0.9694457972789812,0.0,0.0
323,Device,ResourceApplyGradientDescent,SGD/SGD/update_144/ResourceApplyGradientDescent,2,7.04,3.52,7.04,3.52,0.00015260031368034932,0.9695983975926615,0.0,0.0
324,Device,ResourceApplyGradientDescent,SGD/SGD/update_156/ResourceApplyGradientDescent,2,7.04,3.52,7.04,3.52,0.00015260031368034932,0.9697509979063419,0.0,0.0
325,Device,Relu6Grad,gradient_tape/mobilenetv2_1.00_64/block_9_expand_relu/Relu6/Relu6Grad,2,7.04,3.52,7.04,3.52,0.00015260031368034932,0.9699035982200223,0.0,0.0
326,Device,Relu6,mobilenetv2_1.00_64/block_5_expand_relu/Relu6,2,6.976,3.488,6.976,3.488,0.00015121303810143705,0.9700548112581237,0.0,0.0
327,Device,ResourceApplyGradientDescent,SGD/SGD/update_141/ResourceApplyGradientDescent,2,6.944,3.472,6.944,3.472,0.00015051940031198094,0.9702053306584356,0.0,0.0
328,Device,Relu6Grad,gradient_tape/mobilenetv2_1.00_64/block_10_expand_relu/Relu6/Relu6Grad,2,6.944,3.472,6.944,3.472,0.00015051940031198094,0.9703558500587476,0.0,0.0
329,Device,ResourceApplyGradientDescent,SGD/SGD/update_105/ResourceApplyGradientDescent,2,6.912,3.456,6.912,3.456,0.0001498257625225248,0.9705056758212701,0.0,0.0
330,Device,Relu6,mobilenetv2_1.00_64/block_5_depthwise_relu/Relu6,2,6.912,3.456,6.912,3.456,0.0001498257625225248,0.9706555015837927,0.0,0.0
331,Device,Relu6,mobilenetv2_1.00_64/block_6_expand_relu/Relu6,2,6.912,3.456,6.912,3.456,0.0001498257625225248,0.9708053273463152,0.0,0.0
332,Device,Relu6,mobilenetv2_1.00_64/block_3_depthwise_relu/Relu6,2,6.88,3.44,6.88,3.44,0.00014913212473306866,0.9709544594710483,0.0,0.0
333,Device,ResourceApplyGradientDescent,SGD/SGD/update_123/ResourceApplyGradientDescent,2,6.848,3.424,6.848,3.424,0.00014843848694361253,0.9711028979579919,0.0,0.0
334,Device,Relu6Grad,gradient_tape/mobilenetv2_1.00_64/out_relu/Relu6/Relu6Grad,2,6.848,3.424,6.848,3.424,0.00014843848694361253,0.9712513364449354,0.0,0.0
335,Device,Relu6,mobilenetv2_1.00_64/block_4_expand_relu/Relu6,2,6.848,3.424,6.848,3.424,0.00014843848694361253,0.971399774931879,0.0,0.0
336,Device,ResourceApplyGradientDescent,SGD/SGD/update_114/ResourceApplyGradientDescent,2,6.816,3.408,6.816,3.408,0.0001477448491541564,0.9715475197810332,0.0,0.0
337,Device,ResourceApplyGradientDescent,SGD/SGD/update_23/ResourceApplyGradientDescent,2,6.816,3.408,6.816,3.408,0.0001477448491541564,0.9716952646301873,0.0,0.0
338,Device,ResourceApplyGradientDescent,SGD/SGD/update_117/ResourceApplyGradientDescent,2,6.784,3.392,6.784,3.392,0.00014705121136470025,0.971842315841552,0.0,0.0
339,Device,ResourceApplyGradientDescent,SGD/SGD/update_90/ResourceApplyGradientDescent,2,6.784,3.392,6.784,3.392,0.00014705121136470025,0.9719893670529167,0.0,0.0
340,Device,RealDiv,gradient_tape/mobilenetv2_1.00_64/global_average_pooling2d/truediv,2,6.784,3.392,6.784,3.392,0.00014705121136470025,0.9721364182642814,0.0,0.0
341,Device,ResourceApplyGradientDescent,SGD/SGD/update_69/ResourceApplyGradientDescent,2,6.752,3.376,6.752,3.376,0.0001463575735752441,0.9722827758378567,0.0,0.0
342,Device,ResourceApplyGradientDescent,SGD/SGD/update_99/ResourceApplyGradientDescent,2,6.752,3.376,6.752,3.376,0.0001463575735752441,0.972429133411432,0.0,0.0
343,Device,ResourceApplyGradientDescent,SGD/SGD/update_63/ResourceApplyGradientDescent,2,6.72,3.36,6.72,3.36,0.00014566393578578797,0.9725747973472177,0.0,0.0
344,Device,ResourceApplyGradientDescent,SGD/SGD/update_81/ResourceApplyGradientDescent,2,6.72,3.36,6.72,3.36,0.00014566393578578797,0.9727204612830035,0.0,0.0
345,Device,Relu6,mobilenetv2_1.00_64/block_15_expand_relu/Relu6,2,6.72,3.36,6.72,3.36,0.00014566393578578797,0.9728661252187892,0.0,0.0
346,Device,ResourceApplyGradientDescent,SGD/SGD/update_120/ResourceApplyGradientDescent,2,6.688,3.344,6.688,3.344,0.00014497029799633186,0.9730110955167856,0.0,0.0
347,Device,ResourceApplyGradientDescent,SGD/SGD/update_72/ResourceApplyGradientDescent,2,6.688,3.344,6.688,3.344,0.00014497029799633186,0.9731560658147819,0.0,0.0
348,Device,ResourceApplyGradientDescent,SGD/SGD/update_87/ResourceApplyGradientDescent,2,6.688,3.344,6.688,3.344,0.00014497029799633186,0.9733010361127782,0.0,0.0
349,Device,ResourceApplyGradientDescent,SGD/SGD/update_96/ResourceApplyGradientDescent,2,6.688,3.344,6.688,3.344,0.00014497029799633186,0.9734460064107745,0.0,0.0
350,Device,AddN,SGD/gradients/AddN_7,2,6.688,3.344,6.688,3.344,0.00014497029799633186,0.9735909767087708,0.0,0.0
351,Device,ResourceApplyGradientDescent,SGD/SGD/update_147/ResourceApplyGradientDescent,2,6.624,3.312,6.624,3.312,0.0001435830224174196,0.9737345597311883,0.0,0.0
352,Device,ResourceApplyGradientDescent,SGD/SGD/update_36/ResourceApplyGradientDescent,2,6.624,3.312,6.624,3.312,0.0001435830224174196,0.9738781427536057,0.0,0.0
353,Device,ResourceApplyGradientDescent,SGD/SGD/update_54/ResourceApplyGradientDescent,2,6.624,3.312,6.624,3.312,0.0001435830224174196,0.9740217257760232,0.0,0.0
354,Device,ResourceApplyGradientDescent,SGD/SGD/update_60/ResourceApplyGradientDescent,2,6.624,3.312,6.624,3.312,0.0001435830224174196,0.9741653087984407,0.0,0.0
355,Device,ResourceApplyGradientDescent,SGD/SGD/update_78/ResourceApplyGradientDescent,2,6.624,3.312,6.624,3.312,0.0001435830224174196,0.9743088918208581,0.0,0.0
356,Device,ResourceApplyGradientDescent,SGD/SGD/update_129/ResourceApplyGradientDescent,2,6.593,3.2965,6.593,3.2965,0.00014291106080888396,0.974451802881667,0.0,0.0
357,Device,ResourceApplyGradientDescent,SGD/SGD/update_138/ResourceApplyGradientDescent,2,6.592,3.296,6.592,3.296,0.00014288938462796345,0.9745946922662949,0.0,0.0
358,Device,ResourceApplyGradientDescent,SGD/SGD/update_33/ResourceApplyGradientDescent,2,6.592,3.296,6.592,3.296,0.00014288938462796345,0.9747375816509228,0.0,0.0
359,Device,ResourceApplyGradientDescent,SGD/SGD/update_42/ResourceApplyGradientDescent,2,6.592,3.296,6.592,3.296,0.00014288938462796345,0.9748804710355508,0.0,0.0
360,Device,ResourceApplyGradientDescent,SGD/SGD/update_45/ResourceApplyGradientDescent,2,6.592,3.296,6.592,3.296,0.00014288938462796345,0.9750233604201787,0.0,0.0
361,Device,ResourceApplyGradientDescent,SGD/SGD/update_51/ResourceApplyGradientDescent,2,6.592,3.296,6.592,3.296,0.00014288938462796345,0.9751662498048066,0.0,0.0
362,Device,ResourceApplyGradientDescent,SGD/SGD/update_102/ResourceApplyGradientDescent,2,6.56,3.28,6.56,3.28,0.00014219574683850731,0.9753084455516451,0.0,0.0
363,Device,ResourceApplyGradientDescent,SGD/SGD/update_111/ResourceApplyGradientDescent,2,6.56,3.28,6.56,3.28,0.00014219574683850731,0.9754506412984836,0.0,0.0
364,Device,Relu6,mobilenetv2_1.00_64/block_11_expand_relu/Relu6,2,6.56,3.28,6.56,3.28,0.00014219574683850731,0.9755928370453221,0.0,0.0
365,Device,Relu6,mobilenetv2_1.00_64/block_12_expand_relu/Relu6,2,6.56,3.28,6.56,3.28,0.00014219574683850731,0.9757350327921606,0.0,0.0
366,Device,Relu6,mobilenetv2_1.00_64/block_9_expand_relu/Relu6,2,6.529,3.2645,6.529,3.2645,0.00014152378522997168,0.9758765565773906,0.0,0.0
367,Device,Relu6,mobilenetv2_1.00_64/block_10_expand_relu/Relu6,2,6.528,3.264,6.528,3.264,0.00014150210904905118,0.9760180586864396,0.0,0.0
368,Device,Relu6,mobilenetv2_1.00_64/block_12_depthwise_relu/Relu6,2,6.528,3.264,6.528,3.264,0.00014150210904905118,0.9761595607954887,0.0,0.0
369,Device,Relu6,mobilenetv2_1.00_64/block_8_expand_relu/Relu6,2,6.528,3.264,6.528,3.264,0.00014150210904905118,0.9763010629045378,0.0,0.0
370,Device,ResourceApplyGradientDescent,SGD/SGD/update_18/ResourceApplyGradientDescent,2,6.496,3.248,6.496,3.248,0.00014080847125959507,0.9764418713757974,0.0,0.0
371,Device,AddN,SGD/gradients/AddN_2,2,6.496,3.248,6.496,3.248,0.00014080847125959507,0.976582679847057,0.0,0.0
372,Device,Relu6,mobilenetv2_1.00_64/block_11_depthwise_relu/Relu6,2,6.496,3.248,6.496,3.248,0.00014080847125959507,0.9767234883183167,0.0,0.0
373,Device,Relu6,mobilenetv2_1.00_64/block_13_expand_relu/Relu6,2,6.496,3.248,6.496,3.248,0.00014080847125959507,0.9768642967895763,0.0,0.0
374,Device,Relu6,mobilenetv2_1.00_64/block_7_expand_relu/Relu6,2,6.496,3.248,6.496,3.248,0.00014080847125959507,0.977005105260836,0.0,0.0
375,Device,Relu6,mobilenetv2_1.00_64/block_7_depthwise_relu/Relu6,2,6.465,3.2325,6.465,3.2325,0.00014013650965105943,0.977145241770487,0.0,0.0
376,Device,Relu6,mobilenetv2_1.00_64/out_relu/Relu6,2,6.464,3.232,6.464,3.232,0.00014011483347013893,0.9772853566039571,0.0,0.0
377,Device,Relu6,mobilenetv2_1.00_64/block_13_depthwise_relu/Relu6,2,6.432,3.216,6.432,3.216,0.0001394211956806828,0.9774247777996378,0.0,0.0
378,Device,Relu6,mobilenetv2_1.00_64/block_9_depthwise_relu/Relu6,2,6.432,3.216,6.432,3.216,0.0001394211956806828,0.9775641989953184,0.0,0.0
379,Device,AddN,SGD/gradients/AddN,2,6.401,3.2005,6.401,3.2005,0.00013874923407214716,0.9777029482293906,0.0,0.0
380,Device,Equal,Equal,2,6.4,3.2,6.4,3.2,0.00013872755789122668,0.9778416757872819,0.0,0.0
381,Device,ResourceApplyGradientDescent,SGD/SGD/update_24/ResourceApplyGradientDescent,2,6.4,3.2,6.4,3.2,0.00013872755789122668,0.9779804033451731,0.0,0.0
382,Device,ResourceApplyGradientDescent,SGD/SGD/update_27/ResourceApplyGradientDescent,2,6.4,3.2,6.4,3.2,0.00013872755789122668,0.9781191309030643,0.0,0.0
383,Device,ResourceApplyGradientDescent,SGD/SGD/update_75/ResourceApplyGradientDescent,2,6.4,3.2,6.4,3.2,0.00013872755789122668,0.9782578584609556,0.0,0.0
384,Device,Relu6,mobilenetv2_1.00_64/block_10_depthwise_relu/Relu6,2,6.4,3.2,6.4,3.2,0.00013872755789122668,0.9783965860188468,0.0,0.0
385,Device,Relu6,mobilenetv2_1.00_64/block_16_depthwise_relu/Relu6,2,6.4,3.2,6.4,3.2,0.00013872755789122668,0.9785353135767381,0.0,0.0
386,Device,Relu6,mobilenetv2_1.00_64/block_6_depthwise_relu/Relu6,2,6.4,3.2,6.4,3.2,0.00013872755789122668,0.9786740411346293,0.0,0.0
387,Device,Relu6,mobilenetv2_1.00_64/block_8_depthwise_relu/Relu6,2,6.4,3.2,6.4,3.2,0.00013872755789122668,0.9788127686925205,0.0,0.0
388,Device,AddV2,mobilenetv2_1.00_64/block_12_add/add,2,6.368,3.184,6.368,3.184,0.00013803392010177054,0.9789508026126224,0.0,0.0
389,Device,Relu6,mobilenetv2_1.00_64/block_14_depthwise_relu/Relu6,2,6.368,3.184,6.368,3.184,0.00013803392010177054,0.9790888365327242,0.0,0.0
390,Device,Relu6,mobilenetv2_1.00_64/block_16_expand_relu/Relu6,2,6.368,3.184,6.368,3.184,0.00013803392010177054,0.979226870452826,0.0,0.0
391,Device,ResourceApplyGradientDescent,SGD/SGD/update_66/ResourceApplyGradientDescent,2,6.336,3.168,6.336,3.168,0.0001373402823123144,0.9793642107351382,0.0,0.0
392,Device,ResourceApplyGradientDescent,SGD/SGD/update_93/ResourceApplyGradientDescent,2,6.336,3.168,6.336,3.168,0.0001373402823123144,0.9795015510174505,0.0,0.0
393,Device,AddN,SGD/gradients/AddN_3,2,6.336,3.168,6.336,3.168,0.0001373402823123144,0.9796388912997628,0.0,0.0
394,Device,AddN,SGD/gradients/AddN_8,2,6.336,3.168,6.336,3.168,0.0001373402823123144,0.979776231582075,0.0,0.0
395,Device,AddV2,mobilenetv2_1.00_64/block_11_add/add,2,6.336,3.168,6.336,3.168,0.0001373402823123144,0.9799135718643873,0.0,0.0
396,Device,Relu6,mobilenetv2_1.00_64/block_14_expand_relu/Relu6,2,6.336,3.168,6.336,3.168,0.0001373402823123144,0.9800509121466996,0.0,0.0
397,Device,Relu6,mobilenetv2_1.00_64/block_15_depthwise_relu/Relu6,2,6.336,3.168,6.336,3.168,0.0001373402823123144,0.9801882524290119,0.0,0.0
398,Device,AddV2,mobilenetv2_1.00_64/block_7_add/add,2,6.336,3.168,6.336,3.168,0.0001373402823123144,0.9803255927113241,0.0,0.0
399,Device,AddV2,mobilenetv2_1.00_64/block_8_add/add,2,6.336,3.168,6.336,3.168,0.0001373402823123144,0.9804629329936364,0.0,0.0
400,Device,AddV2,mobilenetv2_1.00_64/block_9_add/add,2,6.336,3.168,6.336,3.168,0.0001373402823123144,0.9806002732759487,0.0,0.0
401,Device,ResourceApplyGradientDescent,SGD/SGD/update_84/ResourceApplyGradientDescent,2,6.304,3.152,6.304,3.152,0.00013664664452285827,0.9807369199204715,0.0,0.0
402,Device,AddN,SGD/gradients/AddN_4,2,6.304,3.152,6.304,3.152,0.00013664664452285827,0.9808735665649944,0.0,0.0
403,Device,AddV2,mobilenetv2_1.00_64/block_5_add/add,2,6.304,3.152,6.304,3.152,0.00013664664452285827,0.9810102132095172,0.0,0.0
404,Device,ResourceApplyGradientDescent,SGD/SGD/update_28/ResourceApplyGradientDescent,2,6.272,3.136,6.272,3.136,0.00013595300673340213,0.9811461662162506,0.0,0.0
405,Device,AddV2,mobilenetv2_1.00_64/block_14_add/add,2,6.272,3.136,6.272,3.136,0.00013595300673340213,0.981282119222984,0.0,0.0
406,Device,AddV2,mobilenetv2_1.00_64/block_4_add/add,2,6.272,3.136,6.272,3.136,0.00013595300673340213,0.9814180722297174,0.0,0.0
407,Device,AddN,SGD/gradients/AddN_6,2,6.24,3.12,6.24,3.12,0.000135259368943946,0.9815533315986614,0.0,0.0
408,Device,AddV2,mobilenetv2_1.00_64/block_15_add/add,2,6.24,3.12,6.24,3.12,0.000135259368943946,0.9816885909676054,0.0,0.0
409,Device,ResourceApplyGradientDescent,SGD/SGD/update_20/ResourceApplyGradientDescent,2,6.208,3.104,6.208,3.104,0.00013456573115448985,0.9818231566987599,0.0,0.0
410,Device,AddN,SGD/gradients/AddN_5,2,6.208,3.104,6.208,3.104,0.00013456573115448985,0.9819577224299143,0.0,0.0
411,Device,AddN,SGD/gradients/AddN_1,2,6.176,3.088,6.176,3.088,0.00013387209336503372,0.9820915945232793,0.0,0.0
412,Device,Relu6Grad,gradient_tape/mobilenetv2_1.00_64/block_16_depthwise_relu/Relu6/Relu6Grad,2,6.176,3.088,6.176,3.088,0.00013387209336503372,0.9822254666166443,0.0,0.0
413,Device,ResourceApplyGradientDescent,SGD/SGD/update_116/ResourceApplyGradientDescent,2,6.144,3.072,6.144,3.072,0.0001331784555755776,0.9823586450722199,0.0,0.0
414,Device,ResourceApplyGradientDescent,SGD/SGD/update_29/ResourceApplyGradientDescent,2,6.144,3.072,6.144,3.072,0.0001331784555755776,0.9824918235277955,0.0,0.0
415,Device,Relu6Grad,gradient_tape/mobilenetv2_1.00_64/block_14_expand_relu/Relu6/Relu6Grad,2,6.144,3.072,6.144,3.072,0.0001331784555755776,0.9826250019833711,0.0,0.0
416,Device,ResourceApplyGradientDescent,SGD/SGD/update_22/ResourceApplyGradientDescent,2,6.112,3.056,6.112,3.056,0.00013248481778612147,0.9827574868011573,0.0,0.0
417,Device,ResourceApplyGradientDescent,SGD/SGD/update_9/ResourceApplyGradientDescent,2,6.112,3.056,6.112,3.056,0.00013248481778612147,0.9828899716189434,0.0,0.0
418,Device,ResourceApplyGradientDescent,SGD/SGD/update_13/ResourceApplyGradientDescent,2,6.08,3.04,6.08,3.04,0.00013179117999666533,0.98302176279894,0.0,0.0
419,Device,ResourceApplyGradientDescent,SGD/SGD/update_95/ResourceApplyGradientDescent,2,6.08,3.04,6.08,3.04,0.00013179117999666533,0.9831535539789367,0.0,0.0
420,Device,ResourceApplyGradientDescent,SGD/SGD/update_10/ResourceApplyGradientDescent,2,6.048,3.024,6.048,3.024,0.0001310975422072092,0.9832846515211439,0.0,0.0
421,Device,ResourceApplyGradientDescent,SGD/SGD/update_7/ResourceApplyGradientDescent,2,6.048,3.024,6.048,3.024,0.0001310975422072092,0.983415749063351,0.0,0.0
422,Device,ResourceApplyGradientDescent,SGD/SGD/update_11/ResourceApplyGradientDescent,2,6.016,3.008,6.016,3.008,0.00013040390441775306,0.9835461529677688,0.0,0.0
423,Device,ResourceApplyGradientDescent,SGD/SGD/update_137/ResourceApplyGradientDescent,2,6.016,3.008,6.016,3.008,0.00013040390441775306,0.9836765568721866,0.0,0.0
424,Device,ResourceApplyGradientDescent,SGD/SGD/update_14/ResourceApplyGradientDescent,2,6.016,3.008,6.016,3.008,0.00013040390441775306,0.9838069607766043,0.0,0.0
425,Device,ResourceApplyGradientDescent,SGD/SGD/update_15/ResourceApplyGradientDescent,2,6.016,3.008,6.016,3.008,0.00013040390441775306,0.9839373646810221,0.0,0.0
426,Device,ResourceApplyGradientDescent,SGD/SGD/update_4/ResourceApplyGradientDescent,2,6.016,3.008,6.016,3.008,0.00013040390441775306,0.9840677685854399,0.0,0.0
427,Device,ResourceApplyGradientDescent,SGD/SGD/update_53/ResourceApplyGradientDescent,2,6.016,3.008,6.016,3.008,0.00013040390441775306,0.9841981724898576,0.0,0.0
428,Device,ResourceApplyGradientDescent,SGD/SGD/update_157/ResourceApplyGradientDescent,2,5.984,2.992,5.984,2.992,0.00012971026662829692,0.984327882756486,0.0,0.0
429,Device,ResourceApplyGradientDescent,SGD/SGD/update_155/ResourceApplyGradientDescent,2,5.952,2.976,5.952,2.976,0.00012901662883884078,0.9844568993853248,0.0,0.0
430,Device,ResourceApplyGradientDescent,SGD/SGD/update_19/ResourceApplyGradientDescent,2,5.952,2.976,5.952,2.976,0.00012901662883884078,0.9845859160141636,0.0,0.0
431,Device,ResourceApplyGradientDescent,SGD/SGD/update_2/ResourceApplyGradientDescent,2,5.952,2.976,5.952,2.976,0.00012901662883884078,0.9847149326430024,0.0,0.0
432,Device,ResourceApplyGradientDescent,SGD/SGD/update_5/ResourceApplyGradientDescent,2,5.952,2.976,5.952,2.976,0.00012901662883884078,0.9848439492718412,0.0,0.0
433,Device,ResourceApplyGradientDescent,SGD/SGD/update_113/ResourceApplyGradientDescent,2,5.92,2.96,5.92,2.96,0.00012832299104938467,0.9849722722628905,0.0,0.0
434,Device,ResourceApplyGradientDescent,SGD/SGD/update_154/ResourceApplyGradientDescent,2,5.92,2.96,5.92,2.96,0.00012832299104938467,0.9851005952539399,0.0,0.0
435,Device,ResourceApplyGradientDescent,SGD/SGD/update_38/ResourceApplyGradientDescent,2,5.92,2.96,5.92,2.96,0.00012832299104938467,0.9852289182449893,0.0,0.0
436,Device,Relu6Grad,gradient_tape/mobilenetv2_1.00_64/block_14_depthwise_relu/Relu6/Relu6Grad,2,5.92,2.96,5.92,2.96,0.00012832299104938467,0.9853572412360386,0.0,0.0
437,Device,Relu6Grad,gradient_tape/mobilenetv2_1.00_64/block_15_depthwise_relu/Relu6/Relu6Grad,2,5.92,2.96,5.92,2.96,0.00012832299104938467,0.985485564227088,0.0,0.0
438,Device,ResourceApplyGradientDescent,SGD/SGD/update_104/ResourceApplyGradientDescent,2,5.888,2.944,5.888,2.944,0.00012762935325992853,0.9856131935803479,0.0,0.0
439,Device,ResourceApplyGradientDescent,SGD/SGD/update_128/ResourceApplyGradientDescent,2,5.888,2.944,5.888,2.944,0.00012762935325992853,0.9857408229336079,0.0,0.0
440,Device,ResourceApplyGradientDescent,SGD/SGD/update_149/ResourceApplyGradientDescent,2,5.888,2.944,5.888,2.944,0.00012762935325992853,0.9858684522868678,0.0,0.0
441,Device,ResourceApplyGradientDescent,SGD/SGD/update_86/ResourceApplyGradientDescent,2,5.888,2.944,5.888,2.944,0.00012762935325992853,0.9859960816401278,0.0,0.0
442,Device,ResourceApplyGradientDescent,SGD/SGD/update/ResourceApplyGradientDescent,2,5.856,2.928,5.856,2.928,0.0001269357154704724,0.9861230173555983,0.0,0.0
443,Device,ResourceApplyGradientDescent,SGD/SGD/update_101/ResourceApplyGradientDescent,2,5.856,2.928,5.856,2.928,0.0001269357154704724,0.9862499530710688,0.0,0.0
444,Device,ResourceApplyGradientDescent,SGD/SGD/update_110/ResourceApplyGradientDescent,2,5.856,2.928,5.856,2.928,0.0001269357154704724,0.9863768887865393,0.0,0.0
445,Device,ResourceApplyGradientDescent,SGD/SGD/update_118/ResourceApplyGradientDescent,2,5.856,2.928,5.856,2.928,0.0001269357154704724,0.9865038245020098,0.0,0.0
446,Device,ResourceApplyGradientDescent,SGD/SGD/update_122/ResourceApplyGradientDescent,2,5.856,2.928,5.856,2.928,0.0001269357154704724,0.9866307602174803,0.0,0.0
447,Device,Relu6Grad,gradient_tape/mobilenetv2_1.00_64/block_15_expand_relu/Relu6/Relu6Grad,2,5.856,2.928,5.856,2.928,0.0001269357154704724,0.9867576959329508,0.0,0.0
448,Device,ResourceApplyGradientDescent,SGD/SGD/update_1/ResourceApplyGradientDescent,2,5.824,2.912,5.824,2.912,0.00012624207768101626,0.9868839380106318,0.0,0.0
449,Device,ResourceApplyGradientDescent,SGD/SGD/update_140/ResourceApplyGradientDescent,2,5.824,2.912,5.824,2.912,0.00012624207768101626,0.9870101800883128,0.0,0.0
450,Device,ResourceApplyGradientDescent,SGD/SGD/update_146/ResourceApplyGradientDescent,2,5.824,2.912,5.824,2.912,0.00012624207768101626,0.9871364221659937,0.0,0.0
451,Device,ResourceApplyGradientDescent,SGD/SGD/update_6/ResourceApplyGradientDescent,2,5.824,2.912,5.824,2.912,0.00012624207768101626,0.9872626642436747,0.0,0.0
452,Device,ResourceApplyGradientDescent,SGD/SGD/update_68/ResourceApplyGradientDescent,2,5.824,2.912,5.824,2.912,0.00012624207768101626,0.9873889063213557,0.0,0.0
453,Device,Relu6Grad,gradient_tape/mobilenetv2_1.00_64/block_16_expand_relu/Relu6/Relu6Grad,2,5.824,2.912,5.824,2.912,0.00012624207768101626,0.9875151483990366,0.0,0.0
454,Device,AssignAddVariableOp,AssignAddVariableOp_4,2,5.792,2.896,5.792,2.896,0.00012554843989156012,0.9876406968389282,0.0,0.0
455,Device,ResourceApplyGradientDescent,SGD/SGD/update_143/ResourceApplyGradientDescent,2,5.792,2.896,5.792,2.896,0.00012554843989156012,0.9877662452788197,0.0,0.0
456,Device,ResourceApplyGradientDescent,SGD/SGD/update_3/ResourceApplyGradientDescent,2,5.792,2.896,5.792,2.896,0.00012554843989156012,0.9878917937187113,0.0,0.0
457,Device,ResourceApplyGradientDescent,SGD/SGD/update_48/ResourceApplyGradientDescent,2,5.792,2.896,5.792,2.896,0.00012554843989156012,0.9880173421586028,0.0,0.0
458,Device,ResourceApplyGradientDescent,SGD/SGD/update_74/ResourceApplyGradientDescent,2,5.792,2.896,5.792,2.896,0.00012554843989156012,0.9881428905984944,0.0,0.0
459,Device,Relu6Grad,gradient_tape/mobilenetv2_1.00_64/block_6_depthwise_relu/Relu6/Relu6Grad,2,5.792,2.896,5.792,2.896,0.00012554843989156012,0.9882684390383859,0.0,0.0
460,Device,Cast,Cast,2,5.76,2.88,5.76,2.88,0.00012485480210210398,0.988393293840488,0.0,0.0
461,Device,Mul,Mul,2,5.76,2.88,5.76,2.88,0.00012485480210210398,0.9885181486425901,0.0,0.0
462,Device,ResourceApplyGradientDescent,SGD/SGD/update_12/ResourceApplyGradientDescent,2,5.76,2.88,5.76,2.88,0.00012485480210210398,0.9886430034446922,0.0,0.0
463,Device,ResourceApplyGradientDescent,SGD/SGD/update_131/ResourceApplyGradientDescent,2,5.76,2.88,5.76,2.88,0.00012485480210210398,0.9887678582467944,0.0,0.0
464,Device,ResourceApplyGradientDescent,SGD/SGD/update_134/ResourceApplyGradientDescent,2,5.76,2.88,5.76,2.88,0.00012485480210210398,0.9888927130488965,0.0,0.0
465,Device,ResourceApplyGradientDescent,SGD/SGD/update_39/ResourceApplyGradientDescent,2,5.76,2.88,5.76,2.88,0.00012485480210210398,0.9890175678509986,0.0,0.0
466,Device,ResourceApplyGradientDescent,SGD/SGD/update_41/ResourceApplyGradientDescent,2,5.76,2.88,5.76,2.88,0.00012485480210210398,0.9891424226531007,0.0,0.0
467,Device,ResourceApplyGradientDescent,SGD/SGD/update_56/ResourceApplyGradientDescent,2,5.76,2.88,5.76,2.88,0.00012485480210210398,0.9892672774552028,0.0,0.0
468,Device,ResourceApplyGradientDescent,SGD/SGD/update_57/ResourceApplyGradientDescent,2,5.76,2.88,5.76,2.88,0.00012485480210210398,0.9893921322573049,0.0,0.0
469,Device,ResourceApplyGradientDescent,SGD/SGD/update_77/ResourceApplyGradientDescent,2,5.76,2.88,5.76,2.88,0.00012485480210210398,0.989516987059407,0.0,0.0
470,Device,BiasAdd,mobilenetv2_1.00_64/predictions/BiasAdd,2,5.76,2.88,5.76,2.88,0.00012485480210210398,0.9896418418615092,0.0,0.0
471,Device,ResourceApplyGradientDescent,SGD/SGD/update_47/ResourceApplyGradientDescent,2,5.728,2.864,5.728,2.864,0.00012416116431264784,0.9897660030258218,0.0,0.0
472,Device,ResourceApplyGradientDescent,SGD/SGD/update_59/ResourceApplyGradientDescent,2,5.728,2.864,5.728,2.864,0.00012416116431264784,0.9898901641901345,0.0,0.0
473,Device,ResourceApplyGradientDescent,SGD/SGD/update_65/ResourceApplyGradientDescent,2,5.728,2.864,5.728,2.864,0.00012416116431264784,0.9900143253544472,0.0,0.0
474,Device,ResourceApplyGradientDescent,SGD/SGD/update_80/ResourceApplyGradientDescent,2,5.728,2.864,5.728,2.864,0.00012416116431264784,0.9901384865187599,0.0,0.0
475,Device,ResourceApplyGradientDescent,SGD/SGD/update_92/ResourceApplyGradientDescent,2,5.728,2.864,5.728,2.864,0.00012416116431264784,0.9902626476830726,0.0,0.0
476,Device,ResourceApplyGradientDescent,SGD/SGD/update_125/ResourceApplyGradientDescent,2,5.696,2.848,5.696,2.848,0.00012346752652319173,0.9903861152095957,0.0,0.0
477,Device,ResourceApplyGradientDescent,SGD/SGD/update_136/ResourceApplyGradientDescent,2,5.696,2.848,5.696,2.848,0.00012346752652319173,0.9905095827361189,0.0,0.0
478,Device,ResourceApplyGradientDescent,SGD/SGD/update_32/ResourceApplyGradientDescent,2,5.696,2.848,5.696,2.848,0.00012346752652319173,0.990633050262642,0.0,0.0
479,Device,ResourceApplyGradientDescent,SGD/SGD/update_71/ResourceApplyGradientDescent,2,5.696,2.848,5.696,2.848,0.00012346752652319173,0.9907565177891652,0.0,0.0
480,Device,DivNoNan,gradient_tape/categorical_crossentropy/weighted_loss/value/div_no_nan,2,5.696,2.848,5.696,2.848,0.00012346752652319173,0.9908799853156883,0.0,0.0
481,Device,ResourceApplyGradientDescent,SGD/SGD/update_17/ResourceApplyGradientDescent,2,5.665,2.8325,5.665,2.8325,0.0001227955649146561,0.991002780880603,0.0,0.0
482,Device,ResourceApplyGradientDescent,SGD/SGD/update_107/ResourceApplyGradientDescent,2,5.664,2.832,5.664,2.832,0.0001227738887337356,0.9911255547693367,0.0,0.0
483,Device,ResourceApplyGradientDescent,SGD/SGD/update_119/ResourceApplyGradientDescent,2,5.664,2.832,5.664,2.832,0.0001227738887337356,0.9912483286580704,0.0,0.0
484,Device,ResourceApplyGradientDescent,SGD/SGD/update_98/ResourceApplyGradientDescent,2,5.664,2.832,5.664,2.832,0.0001227738887337356,0.9913711025468042,0.0,0.0
485,Device,ResourceApplyGradientDescent,SGD/SGD/update_148/ResourceApplyGradientDescent,2,5.632,2.816,5.632,2.816,0.00012208025094427946,0.9914931827977485,0.0,0.0
486,Device,ResourceApplyGradientDescent,SGD/SGD/update_21/ResourceApplyGradientDescent,2,5.632,2.816,5.632,2.816,0.00012208025094427946,0.9916152630486927,0.0,0.0
487,Device,ResourceApplyGradientDescent,SGD/SGD/update_30/ResourceApplyGradientDescent,2,5.632,2.816,5.632,2.816,0.00012208025094427946,0.991737343299637,0.0,0.0
488,Device,ResourceApplyGradientDescent,SGD/SGD/update_44/ResourceApplyGradientDescent,2,5.632,2.816,5.632,2.816,0.00012208025094427946,0.9918594235505813,0.0,0.0
489,Device,ResourceApplyGradientDescent,SGD/SGD/update_50/ResourceApplyGradientDescent,2,5.632,2.816,5.632,2.816,0.00012208025094427946,0.9919815038015256,0.0,0.0
490,Device,ResourceApplyGradientDescent,SGD/SGD/update_62/ResourceApplyGradientDescent,2,5.632,2.816,5.632,2.816,0.00012208025094427946,0.9921035840524699,0.0,0.0
491,Device,ResourceApplyGradientDescent,SGD/SGD/update_83/ResourceApplyGradientDescent,2,5.632,2.816,5.632,2.816,0.00012208025094427946,0.9922256643034142,0.0,0.0
492,Device,ResourceApplyGradientDescent,SGD/SGD/update_89/ResourceApplyGradientDescent,2,5.632,2.816,5.632,2.816,0.00012208025094427946,0.9923477445543585,0.0,0.0
493,Device,Relu6Grad,gradient_tape/mobilenetv2_1.00_64/block_13_depthwise_relu/Relu6/Relu6Grad,2,5.632,2.816,5.632,2.816,0.00012208025094427946,0.9924698248053028,0.0,0.0
494,Device,AssignAddVariableOp,SGD/SGD/AssignAddVariableOp,2,5.6,2.8,5.6,2.8,0.00012138661315482332,0.9925912114184576,0.0,0.0
495,Device,ResourceApplyGradientDescent,SGD/SGD/update_145/ResourceApplyGradientDescent,2,5.6,2.8,5.6,2.8,0.00012138661315482332,0.9927125980316125,0.0,0.0
496,Device,ResourceApplyGradientDescent,SGD/SGD/update_152/ResourceApplyGradientDescent,2,5.6,2.8,5.6,2.8,0.00012138661315482332,0.9928339846447674,0.0,0.0
497,Device,ResourceApplyGradientDescent,SGD/SGD/update_25/ResourceApplyGradientDescent,2,5.6,2.8,5.6,2.8,0.00012138661315482332,0.9929553712579222,0.0,0.0
498,Device,ResourceApplyGradientDescent,SGD/SGD/update_64/ResourceApplyGradientDescent,2,5.6,2.8,5.6,2.8,0.00012138661315482332,0.9930767578710771,0.0,0.0
499,Device,ResourceApplyGradientDescent,SGD/SGD/update_8/ResourceApplyGradientDescent,2,5.6,2.8,5.6,2.8,0.00012138661315482332,0.9931981444842319,0.0,0.0
500,Device,Mul,gradient_tape/categorical_crossentropy/softmax_cross_entropy_with_logits/mul,2,5.6,2.8,5.6,2.8,0.00012138661315482332,0.9933195310973868,0.0,0.0
501,Host,IDLE,IDLE,0,121697.931,0.0,121697.931,0.0,0.0,0.0,0.995552105158529,0.995552105158529
502,Host,GatherV2,GatherV2,2,228.566,114.283,228.566,114.283,0.0,0.0,0.0018697882585009958,0.99742189341703
503,Host,Dataset,Iterator::Root::ParallelMapV2::Zip[1]::ForeverRepeat,2,49.802,24.901,45.888,22.944,0.0,0.0,0.00037538760623230793,0.9977972810232624
504,Host,FlushSummaryWriter,FlushSummaryWriter,1,36.004,36.004,36.004,36.004,0.0,0.0,0.0002945313671283999,0.9980918123903908
505,Host,LogicalAnd,LogicalAnd,1,35.933,35.933,35.933,35.933,0.0,0.0,0.0002939505503562047,0.998385762940747
506,Host,Dataset,Iterator::Root::ParallelMapV2,2,35.499,17.7495,35.499,17.7495,0.0,0.0,0.0002904002055796875,0.9986761631463267
507,Host,Dataset,Iterator::Root::ParallelMapV2::Zip[0]::FlatMap[1]::Concatenate,2,51.422,25.711,28.098,14.049,0.0,0.0,0.00022985619246677536,0.9989060193387934
508,Host,Dataset,Iterator::Root,2,63.021,31.5105,27.522,13.761,0.0,0.0,0.00022514421414586772,0.9991311635529393
509,Host,Dataset,Iterator::Root::ParallelMapV2::Zip[0]::FlatMap[1]::Concatenate[0]::TensorSlice,2,23.324,11.662,23.324,11.662,0.0,0.0,0.00019080239992508608,0.9993219659528644
510,Host,WriteSummary,WriteSummary,1,21.759,21.759,21.759,21.759,0.0,0.0,0.0001779998893830367,0.9994999658422474
511,Host,GatherV2,GatherV2_1,2,21.199,10.5995,21.199,10.5995,0.0,0.0,0.00017341879934882097,0.9996733846415963
512,Host,IteratorGetNext,IteratorGetNext,2,13.034,6.517,13.034,6.517,0.0,0.0,0.00010662487054637164,0.9997800095121426
513,Host,Dataset,Iterator::Root::ParallelMapV2::Zip,2,115.335,57.6675,10.737,5.3685,0.0,0.0,8.783422088816881e-05,0.9998678437330308
514,Host,ReadVariableOp,ReadVariableOp,1,6.769,6.769,6.769,6.769,0.0,0.0,5.537392578858291e-05,0.9999232176588194
515,Host,Dataset,Iterator::Root::ParallelMapV2::Zip[1]::ForeverRepeat::FromTensor,4,3.914,0.9785,3.914,0.9785,0.0,0.0,3.2018547132000815e-05,0.9999552362059514
516,Host,Dataset,Iterator::Root::ParallelMapV2::Zip[0]::FlatMap,2,54.796,27.398,3.374,1.687,0.0,0.0,2.7601067456149907e-05,0.9999828372734075
517,Host,Identity,Identity,2,2.098,1.049,2.098,1.049,0.0,0.0,1.7162726592472586e-05,1.0
