Rank,Host/device,Type,Operation,#Occurrences,Total time (us),Avg. time (us),Total self-time (us),Avg. self-time (us),Total self-time on Device (%),Cumulative total-self time on Device (%),Total self-time on Host (%),Cumulative total-self time on Host (%)
1,Device,IDLE,IDLE,0,33984.934,0.0,33984.934,0.0,0.01828972913872995,0.01828972913872995,0.0,0.0
2,Device,_Recv,IteratorGetNext/_2,2,22162.476,11081.238,22162.476,11081.238,0.011927217015740068,0.030216946154470015,0.0,0.0
3,Device,Conv2DBackpropFilter,gradient_tape/inception_resnet_v2/conv2d_2/Conv2D/Conv2DBackpropFilter,2,21638.027,10819.0135,21638.027,10819.0135,0.011644973414587928,0.041861919569057944,0.0,0.0
4,Device,Conv2DBackpropFilter,gradient_tape/inception_resnet_v2/conv2d_1/Conv2D/Conv2DBackpropFilter,2,21348.107,10674.0535,21348.107,10674.0535,0.011488946680156119,0.05335086624921406,0.0,0.0
5,Device,Conv2DBackpropFilter,gradient_tape/inception_resnet_v2/conv2d_4/Conv2D/Conv2DBackpropFilter,2,16772.961,8386.4805,16772.961,8386.4805,0.009026732655843351,0.06237759890505741,0.0,0.0
6,Device,Conv2DBackpropInput,gradient_tape/inception_resnet_v2/conv2d_4/Conv2D/Conv2DBackpropInput,4,14981.406,3745.3515,14981.406,3745.3515,0.008062568485710277,0.0704401673907677,0.0,0.0
7,Device,FusedBatchNormGradV3,gradient_tape/inception_resnet_v2/batch_normalization_2/FusedBatchNormGradV3,2,14823.742,7411.871,14823.742,7411.871,0.007977718185429314,0.07841788557619701,0.0,0.0
8,Device,Conv2DBackpropInput,gradient_tape/inception_resnet_v2/conv2d_2/Conv2D/Conv2DBackpropInput,2,13538.971,6769.4855,13538.971,6769.4855,0.007286290813662306,0.08570417638985932,0.0,0.0
9,Device,Conv2D,inception_resnet_v2/conv2d_2/Conv2D,2,12322.329,6161.1645,12322.329,6161.1645,0.00663152854050907,0.09233570493036838,0.0,0.0
10,Device,FusedBatchNormV3,inception_resnet_v2/batch_normalization_2/FusedBatchNormV3,4,12025.784,3006.446,12025.784,3006.446,0.0064719364186751815,0.09880764134904356,0.0,0.0
11,Device,Conv2D,inception_resnet_v2/conv2d_4/Conv2D,4,11894.681,2973.67025,11894.681,2973.67025,0.006401380496475218,0.10520902184551878,0.0,0.0
12,Device,FusedBatchNormGradV3,gradient_tape/inception_resnet_v2/batch_normalization/FusedBatchNormGradV3,2,10746.324,5373.162,10746.324,5373.162,0.005783367276718354,0.11099238912223713,0.0,0.0
13,Device,Conv2D,inception_resnet_v2/conv2d_1/Conv2D,2,9534.547,4767.2735,9534.547,4767.2735,0.005131223208804532,0.11612361233104167,0.0,0.0
14,Device,Conv2DBackpropInput,gradient_tape/inception_resnet_v2/conv2d_1/Conv2D/Conv2DBackpropInput,2,9383.827,4691.9135,9383.827,4691.9135,0.00505010997269263,0.1211737223037343,0.0,0.0
15,Device,Conv2DBackpropFilter,gradient_tape/inception_resnet_v2/conv2d_74/Conv2D/Conv2DBackpropFilter,2,9313.587,4656.7935,9313.587,4656.7935,0.005012308793655343,0.12618603109738963,0.0,0.0
16,Device,MaxPoolGrad,gradient_tape/inception_resnet_v2/max_pooling2d/MaxPool/MaxPoolGrad,2,8792.018,4396.009,8792.018,4396.009,0.004731615126951202,0.13091764622434082,0.0,0.0
17,Device,FusedBatchNormGradV3,gradient_tape/inception_resnet_v2/batch_normalization_1/FusedBatchNormGradV3,2,8245.68,4122.84,8245.68,4122.84,0.004437591485822593,0.13535523771016342,0.0,0.0
18,Device,FusedBatchNormGradV3,gradient_tape/inception_resnet_v2/batch_normalization_4/FusedBatchNormGradV3,2,8206.066,4103.033,8206.066,4103.033,0.004416272352759053,0.13977151006292246,0.0,0.0
19,Device,Conv2D,inception_resnet_v2/conv2d_74/Conv2D,2,8180.465,4090.2325,8180.465,4090.2325,0.004402494619494053,0.1441740046824165,0.0,0.0
20,Device,Conv2DBackpropInput,gradient_tape/inception_resnet_v2/conv2d_74/Conv2D/Conv2DBackpropInput,2,8112.4,4056.2,8112.4,4056.2,0.004365863963868014,0.14853986864628452,0.0,0.0
21,Device,Conv2DBackpropInput,gradient_tape/inception_resnet_v2/conv2d_72/Conv2D/Conv2DBackpropInput,2,7421.742,3710.871,7421.742,3710.871,0.003994171385400834,0.15253404003168536,0.0,0.0
22,Device,ReluGrad,gradient_tape/inception_resnet_v2/activation_2/ReluGrad,2,6746.637,3373.3185,6746.637,3373.3185,0.003630848991124526,0.1561648890228099,0.0,0.0
23,Device,Conv2DBackpropInput,gradient_tape/inception_resnet_v2/conv2d_75/Conv2D/Conv2DBackpropInput,2,5940.461,2970.2305,5940.461,2970.2305,0.0031969878961421215,0.159361876918952,0.0,0.0
24,Device,Conv2D,inception_resnet_v2/conv2d_72/Conv2D,4,5593.452,1398.363,5593.452,1398.363,0.0030102374784805323,0.16237211439743254,0.0,0.0
25,Device,FusedBatchNormV3,inception_resnet_v2/batch_normalization/FusedBatchNormV3,4,5578.699,1394.67475,5578.699,1394.67475,0.003002297831636325,0.16537441222906887,0.0,0.0
26,Device,Conv2DBackpropFilter,gradient_tape/inception_resnet_v2/conv2d_72/Conv2D/Conv2DBackpropFilter,4,5352.939,1338.23475,5352.939,1338.23475,0.0028808001924071403,0.168255212421476,0.0,0.0
27,Device,FusedBatchNormV3,inception_resnet_v2/batch_normalization_1/FusedBatchNormV3,4,5239.531,1309.88275,5239.531,1309.88275,0.002819767218143748,0.17107497963961976,0.0,0.0
28,Device,FusedBatchNormV3,inception_resnet_v2/batch_normalization_4/FusedBatchNormV3,4,5061.706,1265.4265,5061.706,1265.4265,0.0027240668385551145,0.17379904647817487,0.0,0.0
29,Device,Conv2DBackpropFilter,gradient_tape/inception_resnet_v2/conv2d_75/Conv2D/Conv2DBackpropFilter,4,4880.745,1220.18625,4880.745,1220.18625,0.0026266787525675494,0.17642572523074243,0.0,0.0
30,Device,ReluGrad,gradient_tape/inception_resnet_v2/activation_4/ReluGrad,2,4639.368,2319.684,4639.368,2319.684,0.0024967764861597583,0.1789225017169022,0.0,0.0
31,Device,MaxPoolGrad,gradient_tape/inception_resnet_v2/max_pooling2d_1/MaxPool/MaxPoolGrad,2,4364.746,2182.373,4364.746,2182.373,0.0023489827021395716,0.18127148441904176,0.0,0.0
32,Device,Conv2DBackpropFilter,gradient_tape/inception_resnet_v2/conv2d/Conv2D/Conv2DBackpropFilter,2,4311.625,2155.8125,4311.625,2155.8125,0.002320394484149256,0.183591878903191,0.0,0.0
33,Device,Relu,inception_resnet_v2/activation_2/Relu,2,4203.977,2101.9885,4203.977,2101.9885,0.00226246137878186,0.18585434028197287,0.0,0.0
34,Device,Conv2D,inception_resnet_v2/conv2d_75/Conv2D,4,4104.296,1026.074,4104.296,1026.074,0.0022088158872155756,0.18806315616918845,0.0,0.0
35,Device,FusedBatchNormGradV3,gradient_tape/inception_resnet_v2/batch_normalization_3/FusedBatchNormGradV3,2,3825.991,1912.9955,3825.991,1912.9955,0.0020590400168856745,0.19012219618607412,0.0,0.0
36,Device,ReluGrad,gradient_tape/inception_resnet_v2/activation/ReluGrad,2,3488.391,1744.1955,3488.391,1744.1955,0.0018773532565925627,0.19199954944266667,0.0,0.0
37,Device,Conv2DBackpropFilter,gradient_tape/inception_resnet_v2/conv2d_73/Conv2D/Conv2DBackpropFilter,4,3381.735,845.43375,3381.735,845.43375,0.0018199540175350326,0.19381950346020171,0.0,0.0
38,Device,ReluGrad,gradient_tape/inception_resnet_v2/activation_1/ReluGrad,2,3358.632,1679.316,3358.632,1679.316,0.0018075206371349977,0.1956270240973367,0.0,0.0
39,Device,Conv2DBackpropInput,gradient_tape/inception_resnet_v2/conv2d_73/Conv2D/Conv2DBackpropInput,2,3107.462,1553.731,3107.462,1553.731,0.001672348055432329,0.19729937215276902,0.0,0.0
40,Device,Conv2DBackpropInput,gradient_tape/inception_resnet_v2/conv_7b/Conv2D/Conv2DBackpropInput,4,3076.134,769.0335,3076.134,769.0335,0.001655488212936883,0.1989548603657059,0.0,0.0
41,Device,Conv2DBackpropFilter,gradient_tape/inception_resnet_v2/conv2d_161/Conv2D/Conv2DBackpropFilter,2,3066.951,1533.4755,3066.951,1533.4755,0.001650546182368839,0.20060540654807474,0.0,0.0
42,Device,Conv2D,inception_resnet_v2/conv2d_73/Conv2D,2,3047.846,1523.923,3047.846,1523.923,0.0016402644123587682,0.2022456709604335,0.0,0.0
43,Device,FusedBatchNormGradV3,gradient_tape/inception_resnet_v2/batch_normalization_74/FusedBatchNormGradV3,2,2945.638,1472.819,2945.638,1472.819,0.0015852589609487019,0.20383092992138221,0.0,0.0
44,Device,Conv2DBackpropFilter,gradient_tape/inception_resnet_v2/conv2d_3/Conv2D/Conv2DBackpropFilter,2,2924.742,1462.371,2924.742,1462.371,0.0015740133254537824,0.205404943246836,0.0,0.0
45,Device,Relu,inception_resnet_v2/activation_4/Relu,2,2910.406,1455.203,2910.406,1455.203,0.0015662980962015249,0.20697124134303752,0.0,0.0
46,Device,Conv2D,inception_resnet_v2/conv_7b/Conv2D,4,2901.414,725.3535,2901.414,725.3535,0.0015614588564249977,0.20853270019946252,0.0,0.0
47,Device,FusedBatchNormV3,inception_resnet_v2/batch_normalization_3/FusedBatchNormV3,4,2876.134,719.0335,2876.134,719.0335,0.0015478538762703474,0.21008055407573287,0.0,0.0
48,Device,FusedBatchNormGradV3,gradient_tape/inception_resnet_v2/batch_normalization_73/FusedBatchNormGradV3,2,2856.902,1428.451,2856.902,1428.451,0.0015375037584564933,0.21161805783418935,0.0,0.0
49,Device,AddN,SGD/gradients/AddN_38,2,2786.182,1393.091,2786.182,1393.091,0.0014994442570112063,0.21311750209120056,0.0,0.0
50,Device,AddN,SGD/gradients/AddN_40,2,2780.71,1390.355,2780.71,1390.355,0.00149649938156001,0.21461400147276058,0.0,0.0
51,Device,AddN,SGD/gradients/AddN_32,2,2780.133,1390.0665,2780.133,1390.0665,0.001496188856498727,0.2161101903292593,0.0,0.0
52,Device,AddN,SGD/gradients/AddN_39,2,2778.758,1389.379,2778.758,1389.379,0.0014954488704341446,0.21760563919969345,0.0,0.0
53,Device,AddN,SGD/gradients/AddN_34,2,2778.533,1389.2665,2778.533,1389.2665,0.0014953277818053948,0.21910096698149883,0.0,0.0
54,Device,AddN,SGD/gradients/AddN_41,2,2777.894,1388.947,2777.894,1388.947,0.001494983890099745,0.22059595087159858,0.0,0.0
55,Device,AddN,SGD/gradients/AddN_35,2,2776.806,1388.403,2776.806,1388.403,0.0014943983593082792,0.22209034923090687,0.0,0.0
56,Device,AddN,SGD/gradients/AddN_33,2,2776.326,1388.163,2776.326,1388.163,0.0014941400369002796,0.22358448926780716,0.0,0.0
57,Device,AddN,SGD/gradients/AddN_37,2,2775.974,1387.987,2775.974,1387.987,0.0014939506004677465,0.22507843986827492,0.0,0.0
58,Device,AddN,SGD/gradients/AddN_36,2,2762.246,1381.123,2762.246,1381.123,0.0014865625795989555,0.22656500244787386,0.0,0.0
59,Device,Conv2D,inception_resnet_v2/conv2d_161/Conv2D,4,2679.526,669.8815,2679.526,669.8815,0.0014420450179536762,0.22800704746582753,0.0,0.0
60,Device,MaxPool,inception_resnet_v2/max_pooling2d/MaxPool,2,2653.669,1326.8345,2653.669,1326.8345,0.0014281295127377433,0.22943517697856528,0.0,0.0
61,Device,Conv2DBackpropFilter,gradient_tape/inception_resnet_v2/conv_7b/Conv2D/Conv2DBackpropFilter,4,2624.102,656.0255,2624.102,656.0255,0.001412217390576646,0.23084739436914192,0.0,0.0
62,Device,Conv2DBackpropInput,gradient_tape/inception_resnet_v2/block17_4_conv/Conv2D/Conv2DBackpropInput,4,2619.908,654.977,2619.908,654.977,0.0014099602985367487,0.23225735466767866,0.0,0.0
63,Device,Conv2DBackpropInput,gradient_tape/inception_resnet_v2/block17_6_conv/Conv2D/Conv2DBackpropInput,4,2618.053,654.51325,2618.053,654.51325,0.0014089619900641665,0.23366631665774282,0.0,0.0
64,Device,Conv2DBackpropInput,gradient_tape/inception_resnet_v2/block17_2_conv/Conv2D/Conv2DBackpropInput,4,2616.613,654.15325,2616.613,654.15325,0.0014081870228401675,0.235074503680583,0.0,0.0
65,Device,Conv2DBackpropInput,gradient_tape/inception_resnet_v2/block17_7_conv/Conv2D/Conv2DBackpropInput,4,2616.421,654.10525,2616.421,654.10525,0.0014080836938769677,0.23648258737445996,0.0,0.0
66,Device,Conv2DBackpropInput,gradient_tape/inception_resnet_v2/block17_1_conv/Conv2D/Conv2DBackpropInput,4,2616.389,654.09725,2616.389,654.09725,0.001408066472383101,0.23789065384684305,0.0,0.0
67,Device,Conv2DBackpropInput,gradient_tape/inception_resnet_v2/block17_5_conv/Conv2D/Conv2DBackpropInput,4,2615.045,653.76125,2615.045,653.76125,0.001407343169640702,0.23929799701648374,0.0,0.0
68,Device,Conv2DBackpropInput,gradient_tape/inception_resnet_v2/block17_11_conv/Conv2D/Conv2DBackpropInput,4,2609.508,652.377,2609.508,652.377,0.0014043633130300889,0.24070236032951384,0.0,0.0
69,Device,Conv2DBackpropInput,gradient_tape/inception_resnet_v2/block17_8_conv/Conv2D/Conv2DBackpropInput,4,2609.445,652.36125,2609.445,652.36125,0.0014043294082140391,0.24210668973772786,0.0,0.0
70,Device,Conv2DBackpropInput,gradient_tape/inception_resnet_v2/block17_12_conv/Conv2D/Conv2DBackpropInput,4,2608.804,652.201,2608.804,652.201,0.0014039844401650228,0.24351067417789288,0.0,0.0
71,Device,Conv2DBackpropInput,gradient_tape/inception_resnet_v2/block17_3_conv/Conv2D/Conv2DBackpropInput,4,2607.972,651.993,2607.972,651.993,0.00140353668132449,0.24491421085921736,0.0,0.0
72,Device,Conv2DBackpropInput,gradient_tape/inception_resnet_v2/block17_10_conv/Conv2D/Conv2DBackpropInput,4,2605.092,651.273,2605.092,651.273,0.0014019867468764919,0.24631619760609386,0.0,0.0
73,Device,Conv2DBackpropInput,gradient_tape/inception_resnet_v2/block17_9_conv/Conv2D/Conv2DBackpropInput,4,2603.941,650.98525,2603.941,650.98525,0.0014013673112689758,0.24771756491736283,0.0,0.0
74,Device,Conv2DBackpropInput,gradient_tape/inception_resnet_v2/block17_14_conv/Conv2D/Conv2DBackpropInput,4,2600.517,650.12925,2600.517,650.12925,0.0013995246114252447,0.24911708952878808,0.0,0.0
75,Device,Conv2DBackpropInput,gradient_tape/inception_resnet_v2/block17_15_conv/Conv2D/Conv2DBackpropInput,4,2600.39,650.0975,2600.39,650.0975,0.0013994562636214616,0.25051654579240956,0.0,0.0
76,Device,Conv2DBackpropInput,gradient_tape/inception_resnet_v2/block17_13_conv/Conv2D/Conv2DBackpropInput,4,2596.804,649.201,2596.804,649.201,0.0013975263799650306,0.2519140721723746,0.0,0.0
77,Device,Conv2DBackpropInput,gradient_tape/inception_resnet_v2/block17_16_conv/Conv2D/Conv2DBackpropInput,4,2594.95,648.7375,2594.95,648.7375,0.0013965286096641316,0.2533106007820387,0.0,0.0
78,Device,Conv2DBackpropInput,gradient_tape/inception_resnet_v2/block17_17_conv/Conv2D/Conv2DBackpropInput,4,2591.653,647.91325,2591.653,647.91325,0.001394754257624184,0.2547053550396629,0.0,0.0
79,Device,Conv2DBackpropInput,gradient_tape/inception_resnet_v2/block17_20_conv/Conv2D/Conv2DBackpropInput,4,2577.798,644.4495,2577.798,644.4495,0.0013872978889516096,0.2560926529286145,0.0,0.0
80,Device,Conv2DBackpropInput,gradient_tape/inception_resnet_v2/block17_19_conv/Conv2D/Conv2DBackpropInput,4,2576.934,644.2335,2576.934,644.2335,0.0013868329086172105,0.2574794858372317,0.0,0.0
81,Device,Conv2DBackpropInput,gradient_tape/inception_resnet_v2/block17_18_conv/Conv2D/Conv2DBackpropInput,4,2576.804,644.201,2576.804,644.201,0.001386762946298377,0.25886624878353004,0.0,0.0
82,Device,Conv2DBackpropFilter,gradient_tape/inception_resnet_v2/conv2d_10/Conv2D/Conv2DBackpropFilter,4,2538.854,634.7135,2538.854,634.7135,0.001366339330915902,0.26023258811444594,0.0,0.0
83,Device,Conv2DBackpropFilter,gradient_tape/inception_resnet_v2/block35_9_conv/Conv2D/Conv2DBackpropFilter,4,2489.83,622.4575,2489.83,622.4575,0.0013399560023122008,0.2615725441167581,0.0,0.0
84,Device,Conv2DBackpropFilter,gradient_tape/inception_resnet_v2/block35_8_conv/Conv2D/Conv2DBackpropFilter,4,2488.26,622.065,2488.26,622.065,0.0013391110727693685,0.26291165518952747,0.0,0.0
85,Device,Conv2DBackpropFilter,gradient_tape/inception_resnet_v2/block35_7_conv/Conv2D/Conv2DBackpropFilter,4,2487.142,621.7855,2487.142,621.7855,0.0013385093968274024,0.26425016458635486,0.0,0.0
86,Device,Conv2DBackpropFilter,gradient_tape/inception_resnet_v2/block35_6_conv/Conv2D/Conv2DBackpropFilter,4,2481.605,620.40125,2481.605,620.40125,0.0013355295402167895,0.2655856941265716,0.0,0.0
87,Device,Conv2DBackpropFilter,gradient_tape/inception_resnet_v2/block35_4_conv/Conv2D/Conv2DBackpropFilter,4,2479.302,619.8255,2479.302,619.8255,0.0013342901308300743,0.2669199842574017,0.0,0.0
88,Device,Conv2DBackpropFilter,gradient_tape/inception_resnet_v2/block17_11_conv/Conv2D/Conv2DBackpropFilter,4,2478.212,619.553,2478.212,619.553,0.0013337035236952418,0.26825368778109693,0.0,0.0
89,Device,Conv2DBackpropFilter,gradient_tape/inception_resnet_v2/block35_10_conv/Conv2D/Conv2DBackpropFilter,4,2478.15,619.5375,2478.15,619.5375,0.001333670157050875,0.2695873579381478,0.0,0.0
90,Device,Conv2DBackpropFilter,gradient_tape/inception_resnet_v2/block17_1_conv/Conv2D/Conv2DBackpropFilter,4,2478.149,619.53725,2478.149,619.53725,0.0013336696188791916,0.270921027557027,0.0,0.0
91,Device,Conv2DBackpropFilter,gradient_tape/inception_resnet_v2/block35_2_conv/Conv2D/Conv2DBackpropFilter,4,2477.734,619.4335,2477.734,619.4335,0.0013334462776306087,0.2722544738346576,0.0,0.0
92,Device,Conv2DBackpropFilter,gradient_tape/inception_resnet_v2/block35_1_conv/Conv2D/Conv2DBackpropFilter,4,2476.774,619.1935,2476.774,619.1935,0.0013329296328146091,0.27358740346747223,0.0,0.0
93,Device,Conv2DBackpropFilter,gradient_tape/inception_resnet_v2/block17_5_conv/Conv2D/Conv2DBackpropFilter,4,2476.517,619.12925,2476.517,619.12925,0.0013327913226919928,0.2749201947901642,0.0,0.0
94,Device,Conv2DBackpropFilter,gradient_tape/inception_resnet_v2/block17_3_conv/Conv2D/Conv2DBackpropFilter,4,2475.845,618.96125,2475.845,618.96125,0.0013324296713207932,0.276252624461485,0.0,0.0
95,Device,Conv2DBackpropFilter,gradient_tape/inception_resnet_v2/block17_6_conv/Conv2D/Conv2DBackpropFilter,4,2475.749,618.93725,2475.749,618.93725,0.0013323780068391932,0.27758500246832424,0.0,0.0
96,Device,Conv2DBackpropFilter,gradient_tape/inception_resnet_v2/block35_3_conv/Conv2D/Conv2DBackpropFilter,4,2474.95,618.7375,2474.95,618.7375,0.0013319480076642103,0.27891695047598847,0.0,0.0
97,Device,Conv2DBackpropFilter,gradient_tape/inception_resnet_v2/block35_5_conv/Conv2D/Conv2DBackpropFilter,4,2474.244,618.561,2474.244,618.561,0.0013315680584557777,0.28024851853444427,0.0,0.0
98,Device,Conv2DBackpropFilter,gradient_tape/inception_resnet_v2/block17_4_conv/Conv2D/Conv2DBackpropFilter,4,2473.221,618.30525,2473.221,618.30525,0.0013310175088237283,0.281579536043268,0.0,0.0
99,Device,Conv2DBackpropFilter,gradient_tape/inception_resnet_v2/block17_7_conv/Conv2D/Conv2DBackpropFilter,4,2472.357,618.08925,2472.357,618.08925,0.001330552528489329,0.28291008857175737,0.0,0.0
100,Device,Conv2DBackpropFilter,gradient_tape/inception_resnet_v2/block17_12_conv/Conv2D/Conv2DBackpropFilter,4,2470.276,617.569,2470.276,617.569,0.0013294325932163135,0.2842395211649737,0.0,0.0
101,Device,Conv2DBackpropFilter,gradient_tape/inception_resnet_v2/block17_2_conv/Conv2D/Conv2DBackpropFilter,4,2466.629,616.65725,2466.629,616.65725,0.0013274698810871993,0.28556699104606087,0.0,0.0
102,Device,Conv2DBackpropFilter,gradient_tape/inception_resnet_v2/block17_9_conv/Conv2D/Conv2DBackpropFilter,4,2464.997,616.24925,2464.997,616.24925,0.0013265915849000002,0.2868935826309609,0.0,0.0
103,Device,Conv2DBackpropFilter,gradient_tape/inception_resnet_v2/block17_8_conv/Conv2D/Conv2DBackpropFilter,4,2463.941,615.98525,2463.941,615.98525,0.0013260232756024009,0.28821960590656326,0.0,0.0
104,Device,Conv2DBackpropFilter,gradient_tape/inception_resnet_v2/block17_10_conv/Conv2D/Conv2DBackpropFilter,4,2462.149,615.53725,2462.149,615.53725,0.0013250588719458689,0.28954466477850915,0.0,0.0
105,Device,Conv2DBackpropFilter,gradient_tape/inception_resnet_v2/block17_15_conv/Conv2D/Conv2DBackpropFilter,4,2459.237,614.80925,2459.237,614.80925,0.0013234917160040041,0.29086815649451314,0.0,0.0
106,Device,Conv2DBackpropFilter,gradient_tape/inception_resnet_v2/block17_13_conv/Conv2D/Conv2DBackpropFilter,4,2455.204,613.801,2455.204,613.801,0.0013213212696051235,0.29218947776411824,0.0,0.0
107,Device,Conv2DBackpropFilter,gradient_tape/inception_resnet_v2/block17_14_conv/Conv2D/Conv2DBackpropFilter,4,2452.197,613.04925,2452.197,613.04925,0.0013197029873533422,0.2935091807514716,0.0,0.0
108,Device,Conv2DBackpropFilter,gradient_tape/inception_resnet_v2/block17_16_conv/Conv2D/Conv2DBackpropFilter,4,2444.23,611.0575,2444.23,611.0575,0.0013154153735522307,0.2948245961250238,0.0,0.0
109,Device,Conv2DBackpropFilter,gradient_tape/inception_resnet_v2/block17_20_conv/Conv2D/Conv2DBackpropFilter,4,2433.926,608.4815,2433.926,608.4815,0.0013098700525271706,0.296134466177551,0.0,0.0
110,Device,Conv2DBackpropFilter,gradient_tape/inception_resnet_v2/block17_17_conv/Conv2D/Conv2DBackpropFilter,4,2433.381,608.34525,2433.381,608.34525,0.0013095767489597543,0.2974440429265108,0.0,0.0
111,Device,Conv2DBackpropFilter,gradient_tape/inception_resnet_v2/block17_19_conv/Conv2D/Conv2DBackpropFilter,4,2432.294,608.0735,2432.294,608.0735,0.0013089917563399718,0.29875303468285075,0.0,0.0
112,Device,Conv2DBackpropFilter,gradient_tape/inception_resnet_v2/block17_18_conv/Conv2D/Conv2DBackpropFilter,4,2430.724,607.681,2430.724,607.681,0.0013081468267971397,0.3000611815096479,0.0,0.0
113,Device,Conv2DBackpropInput,gradient_tape/inception_resnet_v2/conv2d_160/Conv2D/Conv2DBackpropInput,4,2416.742,604.1855,2416.742,604.1855,0.0013006221103207822,0.30136180361996867,0.0,0.0
114,Device,Conv2DBackpropInput,gradient_tape/inception_resnet_v2/conv2d_156/Conv2D/Conv2DBackpropInput,4,2414.534,603.6335,2414.534,603.6335,0.0012994338272439836,0.3026612374472126,0.0,0.0
115,Device,Conv2DBackpropInput,gradient_tape/inception_resnet_v2/conv2d_158/Conv2D/Conv2DBackpropInput,4,2402.565,600.64125,2402.565,600.64125,0.0012929924503661747,0.3039542298975788,0.0,0.0
116,Device,Conv2DBackpropFilter,gradient_tape/inception_resnet_v2/conv2d_160/Conv2D/Conv2DBackpropFilter,4,2304.58,576.145,2304.58,576.145,0.001240259697974822,0.3051944895955536,0.0,0.0
117,Device,Conv2DBackpropInput,gradient_tape/inception_resnet_v2/conv2d_161/Conv2D/Conv2DBackpropInput,4,2302.18,575.545,2302.18,575.545,0.0012389680859348237,0.30643345768148844,0.0,0.0
118,Device,Conv2DBackpropFilter,gradient_tape/inception_resnet_v2/conv2d_158/Conv2D/Conv2DBackpropFilter,4,2299.78,574.945,2299.78,574.945,0.0012376764738948256,0.3076711341553833,0.0,0.0
119,Device,Conv2DBackpropFilter,gradient_tape/inception_resnet_v2/conv2d_156/Conv2D/Conv2DBackpropFilter,4,2297.06,574.265,2297.06,574.265,0.0012362126469161604,0.3089073468022994,0.0,0.0
120,Device,Conv2DBackpropFilter,gradient_tape/inception_resnet_v2/conv2d_92/Conv2D/Conv2DBackpropFilter,4,2286.02,571.505,2286.02,571.505,0.0012302712315321678,0.3101376180338316,0.0,0.0
121,Device,Conv2DBackpropFilter,gradient_tape/inception_resnet_v2/conv2d_76/Conv2D/Conv2DBackpropFilter,4,2284.164,571.041,2284.164,571.041,0.0012292723848879024,0.3113668904187195,0.0,0.0
122,Device,Conv2DBackpropFilter,gradient_tape/inception_resnet_v2/conv2d_96/Conv2D/Conv2DBackpropFilter,4,2283.108,570.777,2283.108,570.777,0.001228704075590303,0.3125955944943098,0.0,0.0
123,Device,Conv2DBackpropFilter,gradient_tape/inception_resnet_v2/conv2d_80/Conv2D/Conv2DBackpropFilter,4,2281.988,570.497,2281.988,570.497,0.0012281013233049704,0.31382369581761477,0.0,0.0
124,Device,Conv2DBackpropFilter,gradient_tape/inception_resnet_v2/conv2d_120/Conv2D/Conv2DBackpropFilter,4,2278.66,569.665,2278.66,569.665,0.001226310287942839,0.3150500061055576,0.0,0.0
125,Device,Conv2DBackpropFilter,gradient_tape/inception_resnet_v2/conv2d_88/Conv2D/Conv2DBackpropFilter,4,2278.436,569.609,2278.436,569.609,0.0012261897374857727,0.3162761958430434,0.0,0.0
126,Device,Conv2DBackpropFilter,gradient_tape/inception_resnet_v2/conv2d_116/Conv2D/Conv2DBackpropFilter,4,2278.053,569.51325,2278.053,569.51325,0.0012259836177310561,0.31750217946077447,0.0,0.0
127,Device,Conv2DBackpropFilter,gradient_tape/inception_resnet_v2/conv2d_84/Conv2D/Conv2DBackpropFilter,4,2276.132,569.033,2276.132,569.033,0.0012249497899273743,0.31872712925070185,0.0,0.0
128,Device,Conv2DBackpropFilter,gradient_tape/inception_resnet_v2/conv2d_104/Conv2D/Conv2DBackpropFilter,4,2275.876,568.969,2275.876,568.969,0.0012248120179764411,0.31995194126867826,0.0,0.0
129,Device,Conv2DBackpropFilter,gradient_tape/inception_resnet_v2/conv2d_100/Conv2D/Conv2DBackpropFilter,4,2275.108,568.777,2275.108,568.777,0.0012243987021236416,0.3211763399708019,0.0,0.0
130,Device,Conv2DBackpropFilter,gradient_tape/inception_resnet_v2/conv2d_7/Conv2D/Conv2DBackpropFilter,4,2272.869,568.21725,2272.869,568.21725,0.0012231937357246598,0.3223995337065266,0.0,0.0
131,Device,Conv2DBackpropFilter,gradient_tape/inception_resnet_v2/conv2d_108/Conv2D/Conv2DBackpropFilter,4,2270.82,567.705,2270.82,567.705,0.0012220910219455112,0.3236216247284721,0.0,0.0
132,Device,Conv2DBackpropFilter,gradient_tape/inception_resnet_v2/conv2d_112/Conv2D/Conv2DBackpropFilter,4,2265.892,566.473,2265.892,566.473,0.0012194389118900474,0.32484106364036214,0.0,0.0
133,Device,Conv2DBackpropFilter,gradient_tape/inception_resnet_v2/conv2d_124/Conv2D/Conv2DBackpropFilter,4,2265.542,566.3855,2265.542,566.3855,0.001219250551800881,0.326060314192163,0.0,0.0
134,Device,Conv2DBackpropFilter,gradient_tape/inception_resnet_v2/conv2d_132/Conv2D/Conv2DBackpropFilter,4,2261.381,565.34525,2261.381,565.34525,0.0012170112194265338,0.32727732541158955,0.0,0.0
135,Device,Conv2DBackpropFilter,gradient_tape/inception_resnet_v2/conv2d_128/Conv2D/Conv2DBackpropFilter,4,2260.23,565.0575,2260.23,565.0575,0.001216391783819018,0.32849371719540854,0.0,0.0
136,Device,Conv2DBackpropFilter,gradient_tape/inception_resnet_v2/conv2d_140/Conv2D/Conv2DBackpropFilter,4,2253.796,563.449,2253.796,563.449,0.0012129291872084555,0.329706646382617,0.0,0.0
137,Device,Conv2DBackpropFilter,gradient_tape/inception_resnet_v2/conv2d_136/Conv2D/Conv2DBackpropFilter,4,2251.268,562.817,2251.268,562.817,0.0012115686891929905,0.33091821507180996,0.0,0.0
138,Device,AddN,SGD/gradients/AddN_31,2,2242.948,1121.474,2242.948,1121.474,0.0012070911007876625,0.3321253061725976,0.0,0.0
139,Device,Conv2DBackpropFilter,gradient_tape/inception_resnet_v2/conv2d_152/Conv2D/Conv2DBackpropFilter,4,2240.58,560.145,2240.58,560.145,0.001205816710241531,0.33333112288283917,0.0,0.0
140,Device,Conv2DBackpropFilter,gradient_tape/inception_resnet_v2/conv2d_144/Conv2D/Conv2DBackpropFilter,4,2238.534,559.6335,2238.534,559.6335,0.0012047156109774324,0.33453583849381663,0.0,0.0
141,Device,Conv2D,inception_resnet_v2/block17_3_conv/Conv2D,4,2238.468,559.617,2238.468,559.617,0.001204680091646332,0.33574051858546294,0.0,0.0
142,Device,Conv2DBackpropFilter,gradient_tape/inception_resnet_v2/conv2d_148/Conv2D/Conv2DBackpropFilter,4,2238.404,559.601,2238.404,559.601,0.001204645648658599,0.3369451642341215,0.0,0.0
143,Device,Conv2D,inception_resnet_v2/block17_4_conv/Conv2D,4,2236.038,559.0095,2236.038,559.0095,0.0012033723344558338,0.33814853656857735,0.0,0.0
144,Device,Conv2D,inception_resnet_v2/block17_2_conv/Conv2D,4,2223.62,555.905,2223.62,555.905,0.0011966893184922086,0.33934522588706956,0.0,0.0
145,Device,AddN,SGD/gradients/AddN_10,2,2200.708,1100.354,2200.708,1100.354,0.0011843587288836903,0.34052958461595323,0.0,0.0
146,Device,Conv2D,inception_resnet_v2/block17_7_conv/Conv2D,4,2192.165,548.04125,2192.165,548.04125,0.0011797611281929793,0.3417093457441462,0.0,0.0
147,Device,Conv2D,inception_resnet_v2/block17_6_conv/Conv2D,4,2185.156,546.289,2185.156,546.289,0.0011759890828645005,0.34288533482701067,0.0,0.0
148,Device,Conv2D,inception_resnet_v2/block17_5_conv/Conv2D,4,2182.5,545.625,2182.5,545.625,0.001174559698873569,0.34405989452588426,0.0,0.0
149,Device,Conv2D,inception_resnet_v2/block17_1_conv/Conv2D,4,2170.533,542.63325,2170.533,542.63325,0.0011681193983391267,0.34522801392422336,0.0,0.0
150,Device,Conv2D,inception_resnet_v2/block17_8_conv/Conv2D,4,2169.988,542.497,2169.988,542.497,0.0011678260947717103,0.3463958400189951,0.0,0.0
151,Device,Conv2D,inception_resnet_v2/block17_10_conv/Conv2D,4,2169.7,542.425,2169.7,542.425,0.0011676711013269105,0.347563511120322,0.0,0.0
152,Device,Conv2D,inception_resnet_v2/block17_9_conv/Conv2D,4,2169.029,542.25725,2169.029,542.25725,0.0011673099881273944,0.34873082110844944,0.0,0.0
153,Device,Relu,inception_resnet_v2/activation/Relu,2,2166.501,1083.2505,2166.501,1083.2505,0.0011659494901119294,0.3498967705985614,0.0,0.0
154,Device,Conv2DBackpropFilter,gradient_tape/inception_resnet_v2/conv2d_9/Conv2D/Conv2DBackpropFilter,4,2154.053,538.51325,2154.053,538.51325,0.0011592503289978042,0.3510560209275592,0.0,0.0
155,Device,Conv2D,inception_resnet_v2/block17_11_conv/Conv2D,4,2144.805,536.20125,2144.805,536.20125,0.0011542733172703436,0.3522102942448296,0.0,0.0
156,Device,Conv2D,inception_resnet_v2/block17_12_conv/Conv2D,4,2142.852,535.713,2142.852,535.713,0.001153222267972795,0.3533635165128024,0.0,0.0
157,Device,Conv2D,inception_resnet_v2/block17_15_conv/Conv2D,4,2142.277,535.56925,2142.277,535.56925,0.0011529128192548786,0.3545164293320573,0.0,0.0
158,Device,Conv2D,inception_resnet_v2/block17_13_conv/Conv2D,4,2142.245,535.56125,2142.245,535.56125,0.0011528955977610118,0.3556693249298183,0.0,0.0
159,Device,Conv2D,inception_resnet_v2/block17_16_conv/Conv2D,4,2140.484,535.121,2140.484,535.121,0.0011519478774266632,0.35682127280724496,0.0,0.0
160,Device,Conv2D,inception_resnet_v2/block17_14_conv/Conv2D,4,2138.149,534.53725,2138.149,534.53725,0.0011506912465460812,0.35797196405379106,0.0,0.0
161,Device,Conv2D,inception_resnet_v2/block17_17_conv/Conv2D,4,2137.284,534.321,2137.284,534.321,0.0011502257280399987,0.3591221897818311,0.0,0.0
162,Device,Conv2D,inception_resnet_v2/block17_18_conv/Conv2D,4,2131.332,532.833,2131.332,532.833,0.0011470225301808024,0.36026921231201187,0.0,0.0
163,Device,Conv2D,inception_resnet_v2/block17_19_conv/Conv2D,4,2129.317,532.32925,2129.317,532.32925,0.0011459381142388872,0.3614151504262508,0.0,0.0
164,Device,Conv2D,inception_resnet_v2/block17_20_conv/Conv2D,4,2125.093,531.27325,2125.093,531.27325,0.0011436648770484898,0.36255881530329925,0.0,0.0
165,Device,Relu,inception_resnet_v2/activation_1/Relu,2,2098.884,1049.442,2098.884,1049.442,0.0011295599354000237,0.3636883752386993,0.0,0.0
166,Device,Conv2D,inception_resnet_v2/conv2d_10/Conv2D,4,2051.652,512.913,2051.652,512.913,0.0011041410104528548,0.36479251624915215,0.0,0.0
167,Device,ReluGrad,gradient_tape/inception_resnet_v2/activation_3/ReluGrad,2,2037.445,1018.7225,2037.445,1018.7225,0.0010964952053477473,0.3658890114544999,0.0,0.0
168,Device,Conv2DBackpropInput,gradient_tape/inception_resnet_v2/conv2d_10/Conv2D/Conv2DBackpropInput,4,2028.548,507.137,2028.548,507.137,0.0010917070918811365,0.36698071854638104,0.0,0.0
169,Device,Conv2DBackpropInput,gradient_tape/inception_resnet_v2/conv2d_148/Conv2D/Conv2DBackpropInput,2,1998.244,999.122,1998.244,999.122,0.001075398337189423,0.3680561168835705,0.0,0.0
170,Device,Conv2DBackpropInput,gradient_tape/inception_resnet_v2/conv2d_152/Conv2D/Conv2DBackpropInput,2,1980.868,990.434,1980.868,990.434,0.0010660470660198344,0.3691221639495903,0.0,0.0
171,Device,Conv2DBackpropInput,gradient_tape/inception_resnet_v2/conv2d_144/Conv2D/Conv2DBackpropInput,2,1980.356,990.178,1980.356,990.178,0.001065771522117968,0.37018793547170825,0.0,0.0
172,Device,Conv2DBackpropInput,gradient_tape/inception_resnet_v2/conv2d_88/Conv2D/Conv2DBackpropInput,2,1978.275,989.1375,1978.275,989.1375,0.0010646515868449528,0.3712525870585532,0.0,0.0
173,Device,Conv2DBackpropInput,gradient_tape/inception_resnet_v2/conv2d_136/Conv2D/Conv2DBackpropInput,2,1972.196,986.098,1972.196,986.098,0.0010613800411819734,0.37231396709973513,0.0,0.0
174,Device,Conv2D,inception_resnet_v2/conv2d/Conv2D,2,1971.012,985.506,1971.012,985.506,0.0010607428459089075,0.37337470994564403,0.0,0.0
175,Device,Conv2DBackpropInput,gradient_tape/inception_resnet_v2/conv2d_92/Conv2D/Conv2DBackpropInput,2,1970.724,985.362,1970.724,985.362,0.0010605878524641078,0.37443529779810814,0.0,0.0
176,Device,Conv2DBackpropInput,gradient_tape/inception_resnet_v2/conv2d_104/Conv2D/Conv2DBackpropInput,2,1970.691,985.3455,1970.691,985.3455,0.0010605700927985577,0.3754958678909067,0.0,0.0
177,Device,Conv2DBackpropInput,gradient_tape/inception_resnet_v2/conv2d_140/Conv2D/Conv2DBackpropInput,2,1970.02,985.01,1970.02,985.01,0.0010602089795990416,0.37655607687050574,0.0,0.0
178,Device,Conv2DBackpropInput,gradient_tape/inception_resnet_v2/conv2d_100/Conv2D/Conv2DBackpropInput,2,1969.86,984.93,1969.86,984.93,0.0010601228721297082,0.37761619974263544,0.0,0.0
179,Device,Conv2DBackpropInput,gradient_tape/inception_resnet_v2/conv2d_76/Conv2D/Conv2DBackpropInput,2,1969.828,984.914,1969.828,984.914,0.0010601056506358416,0.3786763053932713,0.0,0.0
180,Device,Conv2DBackpropInput,gradient_tape/inception_resnet_v2/conv2d_112/Conv2D/Conv2DBackpropInput,2,1969.508,984.754,1969.508,984.754,0.0010599334356971753,0.37973623882896845,0.0,0.0
181,Device,Conv2DBackpropInput,gradient_tape/inception_resnet_v2/conv2d_96/Conv2D/Conv2DBackpropInput,2,1968.58,984.29,1968.58,984.29,0.0010594340123750426,0.38079567284134347,0.0,0.0
182,Device,Conv2DBackpropInput,gradient_tape/inception_resnet_v2/conv2d_120/Conv2D/Conv2DBackpropInput,2,1968.548,984.274,1968.548,984.274,0.001059416790881176,0.38185508963222464,0.0,0.0
183,Device,Conv2DBackpropInput,gradient_tape/inception_resnet_v2/conv2d_108/Conv2D/Conv2DBackpropInput,2,1965.508,982.754,1965.508,982.754,0.0010577807489638446,0.3829128703811885,0.0,0.0
184,Device,Conv2DBackpropInput,gradient_tape/inception_resnet_v2/conv2d_84/Conv2D/Conv2DBackpropInput,2,1965.252,982.626,1965.252,982.626,0.0010576429770129115,0.38397051335820137,0.0,0.0
185,Device,Conv2DBackpropInput,gradient_tape/inception_resnet_v2/conv2d_80/Conv2D/Conv2DBackpropInput,2,1962.692,981.346,1962.692,981.346,0.0010562652575035797,0.38502677861570495,0.0,0.0
186,Device,Conv2DBackpropInput,gradient_tape/inception_resnet_v2/conv2d_128/Conv2D/Conv2DBackpropInput,2,1960.932,980.466,1960.932,980.466,0.0010553180753409142,0.3860820966910459,0.0,0.0
187,Device,Conv2DBackpropInput,gradient_tape/inception_resnet_v2/conv2d_124/Conv2D/Conv2DBackpropInput,2,1960.324,980.162,1960.324,980.162,0.001054990866957448,0.3871370875580033,0.0,0.0
188,Device,Conv2DBackpropInput,gradient_tape/inception_resnet_v2/conv2d_116/Conv2D/Conv2DBackpropInput,2,1958.756,979.378,1958.756,979.378,0.0010541470137579825,0.3881912345717613,0.0,0.0
189,Device,Conv2DBackpropInput,gradient_tape/inception_resnet_v2/conv2d_132/Conv2D/Conv2DBackpropInput,2,1956.836,978.418,1956.836,978.418,0.0010531137241259836,0.3892443482958873,0.0,0.0
190,Device,Conv2DBackpropFilter,gradient_tape/inception_resnet_v2/conv2d_60/Conv2D/Conv2DBackpropFilter,2,1941.604,970.802,1941.604,970.802,0.0010449162930454602,0.39028926458893276,0.0,0.0
191,Device,Conv2DBackpropFilter,gradient_tape/inception_resnet_v2/conv2d_54/Conv2D/Conv2DBackpropFilter,2,1932.164,966.082,1932.164,966.082,0.0010398359523547996,0.39132910054128756,0.0,0.0
192,Device,Conv2DBackpropFilter,gradient_tape/inception_resnet_v2/conv2d_67/Conv2D/Conv2DBackpropFilter,2,1917.636,958.818,1917.636,958.818,0.0010320173941393426,0.3923611179354269,0.0,0.0
193,Device,Conv2DBackpropFilter,gradient_tape/inception_resnet_v2/conv2d_31/Conv2D/Conv2DBackpropFilter,2,1910.148,955.074,1910.148,955.074,0.0010279875645745474,0.39338910550000145,0.0,0.0
194,Device,Conv2D,inception_resnet_v2/conv2d_88/Conv2D,4,1906.436,476.609,1906.436,476.609,0.0010259898712860166,0.39441509537128744,0.0,0.0
195,Device,Conv2D,inception_resnet_v2/conv2d_84/Conv2D,4,1905.412,476.353,1905.412,476.353,0.0010254387834822839,0.3954405341547697,0.0,0.0
196,Device,Conv2DBackpropFilter,gradient_tape/inception_resnet_v2/conv2d_55/Conv2D/Conv2DBackpropFilter,2,1899.652,949.826,1899.652,949.826,0.0010223389145862878,0.396462873069356,0.0,0.0
197,Device,Conv2D,inception_resnet_v2/conv2d_158/Conv2D,4,1896.548,474.137,1896.548,474.137,0.001020668429681223,0.39748354149903725,0.0,0.0
198,Device,Conv2D,inception_resnet_v2/conv2d_80/Conv2D,4,1896.004,474.001,1896.004,474.001,0.0010203756642854901,0.39850391716332273,0.0,0.0
199,Device,Conv2DBackpropFilter,gradient_tape/inception_resnet_v2/conv2d_43/Conv2D/Conv2DBackpropFilter,2,1895.46,947.73,1895.46,947.73,0.0010200828988897572,0.3995240000622125,0.0,0.0
200,Device,Conv2D,inception_resnet_v2/conv2d_156/Conv2D,4,1895.3,473.825,1895.3,473.825,0.001019996791420424,0.4005439968536329,0.0,0.0
201,Device,Conv2DBackpropFilter,gradient_tape/inception_resnet_v2/conv2d_69/Conv2D/Conv2DBackpropFilter,2,1894.307,947.1535,1894.307,947.1535,0.0010194623869388747,0.4015634592405718,0.0,0.0
202,Device,Conv2D,inception_resnet_v2/conv2d_160/Conv2D,4,1893.956,473.489,1893.956,473.489,0.0010192734886780247,0.4025827327292498,0.0,0.0
203,Device,Conv2DBackpropFilter,gradient_tape/inception_resnet_v2/conv2d_36/Conv2D/Conv2DBackpropFilter,2,1893.412,946.706,1893.412,946.706,0.0010189807232822918,0.4036017134525321,0.0,0.0
204,Device,Conv2DBackpropFilter,gradient_tape/inception_resnet_v2/conv2d_42/Conv2D/Conv2DBackpropFilter,2,1892.228,946.114,1892.228,946.114,0.0010183435280092259,0.4046200569805413,0.0,0.0
205,Device,Conv2DBackpropFilter,gradient_tape/inception_resnet_v2/conv2d_45/Conv2D/Conv2DBackpropFilter,2,1891.044,945.522,1891.044,945.522,0.0010177063327361602,0.4056377633132775,0.0,0.0
206,Device,Conv2DBackpropFilter,gradient_tape/inception_resnet_v2/conv2d_57/Conv2D/Conv2DBackpropFilter,2,1890.756,945.378,1890.756,945.378,0.0010175513392913602,0.4066553146525689,0.0,0.0
207,Device,Conv2DBackpropFilter,gradient_tape/inception_resnet_v2/conv2d_66/Conv2D/Conv2DBackpropFilter,2,1890.276,945.138,1890.276,945.138,0.0010172930168833607,0.40767260766945224,0.0,0.0
208,Device,Conv2D,inception_resnet_v2/conv2d_92/Conv2D,4,1887.3,471.825,1887.3,471.825,0.0010156914179537625,0.408688299087406,0.0,0.0
209,Device,Conv2DBackpropFilter,gradient_tape/inception_resnet_v2/conv2d_49/Conv2D/Conv2DBackpropFilter,2,1887.172,943.586,1887.172,943.586,0.001015622531978296,0.4097039216193843,0.0,0.0
210,Device,Conv2D,inception_resnet_v2/conv2d_76/Conv2D,4,1886.724,471.681,1886.724,471.681,0.0010153814310641628,0.41071930305044846,0.0,0.0
211,Device,Conv2DBackpropFilter,gradient_tape/inception_resnet_v2/conv2d_61/Conv2D/Conv2DBackpropFilter,2,1886.404,943.202,1886.404,943.202,0.0010152092161254964,0.411734512266574,0.0,0.0
212,Device,Conv2DBackpropFilter,gradient_tape/inception_resnet_v2/conv2d_48/Conv2D/Conv2DBackpropFilter,2,1885.732,942.866,1885.732,942.866,0.0010148475647542969,0.41274935983132827,0.0,0.0
213,Device,Conv2DBackpropFilter,gradient_tape/inception_resnet_v2/conv2d_27/Conv2D/Conv2DBackpropFilter,2,1885.028,942.514,1885.028,942.514,0.0010144686918892307,0.41376382852321747,0.0,0.0
214,Device,Conv2D,inception_resnet_v2/conv2d_96/Conv2D,4,1884.132,471.033,1884.132,471.033,0.0010139864900609646,0.41477781501327843,0.0,0.0
215,Device,Conv2D,inception_resnet_v2/conv2d_100/Conv2D,4,1883.14,470.785,1883.14,470.785,0.0010134526237510987,0.4157912676370295,0.0,0.0
216,Device,Conv2DBackpropFilter,gradient_tape/inception_resnet_v2/conv2d_37/Conv2D/Conv2DBackpropFilter,2,1882.564,941.282,1882.564,941.282,0.001013142636861499,0.416804410273891,0.0,0.0
217,Device,Conv2DBackpropFilter,gradient_tape/inception_resnet_v2/conv2d_18/Conv2D/Conv2DBackpropFilter,2,1881.443,940.7215,1881.443,940.7215,0.001012539346404483,0.4178169496202955,0.0,0.0
218,Device,Conv2DBackpropFilter,gradient_tape/inception_resnet_v2/conv2d_24/Conv2D/Conv2DBackpropFilter,2,1881.412,940.706,1881.412,940.706,0.0010125226630822996,0.4188294722833778,0.0,0.0
219,Device,Conv2DBackpropFilter,gradient_tape/inception_resnet_v2/conv2d_25/Conv2D/Conv2DBackpropFilter,2,1880.132,940.066,1880.132,940.066,0.001011833803327634,0.41984130608670545,0.0,0.0
220,Device,Conv2DBackpropFilter,gradient_tape/inception_resnet_v2/conv2d_39/Conv2D/Conv2DBackpropFilter,2,1879.428,939.714,1879.428,939.714,0.0010114549304625676,0.420852761017168,0.0,0.0
221,Device,Conv2DBackpropFilter,gradient_tape/inception_resnet_v2/conv2d_63/Conv2D/Conv2DBackpropFilter,2,1879.268,939.634,1879.268,939.634,0.0010113688229932344,0.42186412984016125,0.0,0.0
222,Device,Conv2DBackpropFilter,gradient_tape/inception_resnet_v2/conv2d_15/Conv2D/Conv2DBackpropFilter,2,1876.676,938.338,1876.676,938.338,0.001009973881990036,0.4228741037221513,0.0,0.0
223,Device,Conv2DBackpropFilter,gradient_tape/inception_resnet_v2/conv2d_13/Conv2D/Conv2DBackpropFilter,2,1874.82,937.41,1874.82,937.41,0.0010089750353457706,0.42388307875749703,0.0,0.0
224,Device,Conv2DBackpropFilter,gradient_tape/inception_resnet_v2/conv2d_33/Conv2D/Conv2DBackpropFilter,2,1874.436,937.218,1874.436,937.218,0.0010087683774193709,0.4248918471349164,0.0,0.0
225,Device,Conv2DBackpropFilter,gradient_tape/inception_resnet_v2/conv2d_51/Conv2D/Conv2DBackpropFilter,2,1873.412,936.706,1873.412,936.706,0.0010082172896156384,0.42590006442453204,0.0,0.0
226,Device,Conv2DBackpropFilter,gradient_tape/inception_resnet_v2/conv2d_19/Conv2D/Conv2DBackpropFilter,2,1871.94,935.97,1871.94,935.97,0.0010074251008977725,0.42690748952542984,0.0,0.0
227,Device,Conv2D,inception_resnet_v2/conv2d_104/Conv2D,4,1870.915,467.72875,1870.915,467.72875,0.0010068734749223566,0.4279143630003522,0.0,0.0
228,Device,Conv2DBackpropFilter,gradient_tape/inception_resnet_v2/conv2d_30/Conv2D/Conv2DBackpropFilter,2,1868.674,934.337,1868.674,934.337,0.001005667432180008,0.4289200304325322,0.0,0.0
229,Device,Conv2D,inception_resnet_v2/conv2d_112/Conv2D,4,1868.004,467.001,1868.004,467.001,0.001005306857152175,0.42992533728968435,0.0,0.0
230,Device,Conv2D,inception_resnet_v2/conv2d_116/Conv2D,4,1867.524,466.881,1867.524,466.881,0.0010050485347441755,0.43093038582442855,0.0,0.0
231,Device,Conv2DBackpropFilter,gradient_tape/inception_resnet_v2/conv2d_21/Conv2D/Conv2DBackpropFilter,2,1865.956,932.978,1865.956,932.978,0.0010042046815447099,0.43193459050597327,0.0,0.0
232,Device,Conv2D,inception_resnet_v2/conv2d_108/Conv2D,4,1864.26,466.065,1864.26,466.065,0.0010032919423697776,0.432937882448343,0.0,0.0
233,Device,Conv2D,inception_resnet_v2/conv2d_3/Conv2D,2,1859.844,929.922,1859.844,929.922,0.0010009153762161806,0.4339387978245592,0.0,0.0
234,Device,Conv2DBackpropFilter,gradient_tape/inception_resnet_v2/conv2d_12/Conv2D/Conv2DBackpropFilter,2,1858.21,929.105,1858.21,929.105,0.001000036003685615,0.4349388338282448,0.0,0.0
235,Device,Conv2D,inception_resnet_v2/conv2d_124/Conv2D,4,1857.86,464.465,1857.86,464.465,0.0009998476435964484,0.4359386814718412,0.0,0.0
236,Device,Conv2D,inception_resnet_v2/conv2d_136/Conv2D,4,1856.42,464.105,1856.42,464.105,0.0009990726763724495,0.4369377541482137,0.0,0.0
237,Device,Conv2D,inception_resnet_v2/conv2d_140/Conv2D,4,1856.164,464.041,1856.164,464.041,0.0009989349044215163,0.43793668905263516,0.0,0.0
238,Device,Conv2D,inception_resnet_v2/conv2d_128/Conv2D,4,1855.748,463.937,1855.748,463.937,0.00099871102500125,0.43893540007763643,0.0,0.0
239,Device,Conv2D,inception_resnet_v2/conv2d_120/Conv2D,4,1854.372,463.593,1854.372,463.593,0.000997970500764984,0.43993337057840143,0.0,0.0
240,Device,Conv2D,inception_resnet_v2/conv2d_152/Conv2D,4,1852.772,463.193,1852.772,463.193,0.0009971094260716518,0.4409304800044731,0.0,0.0
241,Device,Conv2D,inception_resnet_v2/conv2d_144/Conv2D,4,1850.147,462.53675,1850.147,462.53675,0.0009956967254029035,0.441926176729876,0.0,0.0
242,Device,Conv2D,inception_resnet_v2/conv2d_148/Conv2D,4,1849.924,462.481,1849.924,462.481,0.0009955767131175203,0.4429217534429935,0.0,0.0
243,Device,Conv2D,inception_resnet_v2/conv2d_132/Conv2D,4,1846.5,461.625,1846.5,461.625,0.0009937340132737892,0.4439154874562673,0.0,0.0
244,Device,MaxPool,inception_resnet_v2/max_pooling2d_1/MaxPool,2,1842.243,921.1215,1842.243,921.1215,0.000991443016417842,0.44490693047268515,0.0,0.0
245,Device,Conv2D,inception_resnet_v2/block35_9_conv/Conv2D,2,1816.643,908.3215,1816.643,908.3215,0.0009776658213245255,0.44588459629400967,0.0,0.0
246,Device,Conv2D,inception_resnet_v2/block35_1_conv/Conv2D,2,1813.699,906.8495,1813.699,906.8495,0.0009760814438887942,0.44686067773789845,0.0,0.0
247,Device,Conv2D,inception_resnet_v2/block35_2_conv/Conv2D,2,1812.324,906.162,1812.324,906.162,0.0009753414578242117,0.44783601919572263,0.0,0.0
248,Device,Conv2D,inception_resnet_v2/block35_6_conv/Conv2D,2,1810.244,905.122,1810.244,905.122,0.0009742220607228797,0.44881024125644553,0.0,0.0
249,Device,Conv2D,inception_resnet_v2/block35_10_conv/Conv2D,2,1808.356,904.178,1808.356,904.178,0.0009732059925847476,0.4497834472490303,0.0,0.0
250,Device,Conv2D,inception_resnet_v2/block35_4_conv/Conv2D,2,1807.812,903.906,1807.812,903.906,0.0009729132271890146,0.4507563604762193,0.0,0.0
251,Device,Conv2D,inception_resnet_v2/block35_3_conv/Conv2D,2,1806.596,903.298,1806.596,903.298,0.0009722588104220821,0.4517286192866414,0.0,0.0
252,Device,Conv2D,inception_resnet_v2/block35_5_conv/Conv2D,2,1805.603,902.8015,1805.603,902.8015,0.0009717244059405328,0.4527003436925819,0.0,0.0
253,Device,Conv2D,inception_resnet_v2/block35_8_conv/Conv2D,2,1801.796,900.898,1801.796,900.898,0.0009696755863420853,0.453670019278924,0.0,0.0
254,Device,Conv2D,inception_resnet_v2/block35_7_conv/Conv2D,2,1800.356,900.178,1800.356,900.178,0.0009689006191180862,0.45463891989804206,0.0,0.0
255,Device,Transpose,gradient_tape/inception_resnet_v2/conv2d/Conv2D/Conv2DBackpropFilter-0-TransposeNHWCToNCHW-LayoutOptimizer,2,1798.756,899.378,1798.756,899.378,0.0009680395444247539,0.4556069594424668,0.0,0.0
256,Device,AvgPoolGrad,gradient_tape/inception_resnet_v2/average_pooling2d/AvgPoolGrad,2,1797.476,898.738,1797.476,898.738,0.0009673506846700882,0.4565743101271369,0.0,0.0
257,Device,AddN,SGD/gradients/AddN_23,2,1790.532,895.266,1790.532,895.266,0.0009636136205010259,0.4575379237476379,0.0,0.0
258,Device,ReluGrad,gradient_tape/inception_resnet_v2/block35_6_ac/ReluGrad,2,1788.42,894.21,1788.42,894.21,0.0009624770019058274,0.45850040074954374,0.0,0.0
259,Device,AddN,SGD/gradients/AddN_24,2,1785.668,892.834,1785.668,892.834,0.0009609959534332957,0.45946139670297703,0.0,0.0
260,Device,ReluGrad,gradient_tape/inception_resnet_v2/block35_2_ac/ReluGrad,2,1783.748,891.874,1783.748,891.874,0.0009599626638012971,0.4604213593667783,0.0,0.0
261,Device,ReluGrad,gradient_tape/inception_resnet_v2/block35_10_ac/ReluGrad,2,1783.556,891.778,1783.556,891.778,0.0009598593348380972,0.4613812187016164,0.0,0.0
262,Device,AddN,SGD/gradients/AddN_22,2,1782.372,891.186,1782.372,891.186,0.0009592221395650313,0.4623404408411814,0.0,0.0
263,Device,ReluGrad,gradient_tape/inception_resnet_v2/block35_4_ac/ReluGrad,2,1782.372,891.186,1782.372,891.186,0.0009592221395650313,0.46329966298074643,0.0,0.0
264,Device,AddN,SGD/gradients/AddN_29,2,1780.964,890.482,1780.964,890.482,0.0009584643938348988,0.46425812737458133,0.0,0.0
265,Device,AddN,SGD/gradients/AddN_18,2,1780.26,890.13,1780.26,890.13,0.0009580855209698327,0.46521621289555115,0.0,0.0
266,Device,ReluGrad,gradient_tape/inception_resnet_v2/block35_5_ac/ReluGrad,2,1779.524,889.762,1779.524,889.762,0.0009576894266108998,0.46617390232216205,0.0,0.0
267,Device,AddN,SGD/gradients/AddN_25,2,1779.204,889.602,1779.204,889.602,0.0009575172116722333,0.4671314195338343,0.0,0.0
268,Device,ReluGrad,gradient_tape/inception_resnet_v2/block35_8_ac/ReluGrad,2,1779.076,889.538,1779.076,889.538,0.0009574483256967668,0.4680888678595311,0.0,0.0
269,Device,AddN,SGD/gradients/AddN_28,2,1778.564,889.282,1778.564,889.282,0.0009571727817949005,0.469046040641326,0.0,0.0
270,Device,AddN,SGD/gradients/AddN_21,2,1778.468,889.234,1778.468,889.234,0.0009571211173133006,0.47000316175863927,0.0,0.0
271,Device,AddN,SGD/gradients/AddN_27,2,1778.212,889.106,1778.212,889.106,0.0009569833453623674,0.47096014510400164,0.0,0.0
272,Device,ReluGrad,gradient_tape/inception_resnet_v2/block35_3_ac/ReluGrad,2,1777.828,888.914,1777.828,888.914,0.0009567766874359676,0.4719169217914376,0.0,0.0
273,Device,AddN,SGD/gradients/AddN_26,2,1777.796,888.898,1777.796,888.898,0.000956759465942101,0.4728736812573797,0.0,0.0
274,Device,AddN,SGD/gradients/AddN_20,2,1777.795,888.8975,1777.795,888.8975,0.0009567589277704177,0.47383044018515014,0.0,0.0
275,Device,ReluGrad,gradient_tape/inception_resnet_v2/block35_1_ac/ReluGrad,2,1776.388,888.194,1776.388,888.194,0.0009560017202119686,0.4747864419053621,0.0,0.0
276,Device,AddN,SGD/gradients/AddN_30,2,1775.748,887.874,1775.748,887.874,0.0009556572903346356,0.47574209919569677,0.0,0.0
277,Device,AddN,SGD/gradients/AddN_19,2,1775.428,887.714,1775.428,887.714,0.0009554850753959693,0.4766975842710927,0.0,0.0
278,Device,AddN,SGD/gradients/AddN_17,2,1775.394,887.697,1775.394,887.697,0.0009554667775587359,0.47765305104865147,0.0,0.0
279,Device,AddN,SGD/gradients/AddN_13,2,1774.532,887.266,1774.532,887.266,0.000955002873567703,0.47860805392221917,0.0,0.0
280,Device,ReluGrad,gradient_tape/inception_resnet_v2/block35_9_ac/ReluGrad,2,1773.796,886.898,1773.796,886.898,0.0009546067792087703,0.47956266070142795,0.0,0.0
281,Device,ReluGrad,gradient_tape/inception_resnet_v2/block35_7_ac/ReluGrad,2,1773.156,886.578,1773.156,886.578,0.0009542623493314374,0.4805169230507594,0.0,0.0
282,Device,AddN,SGD/gradients/AddN_14,2,1772.58,886.29,1772.58,886.29,0.0009539523624418377,0.4814708754132012,0.0,0.0
283,Device,AddN,SGD/gradients/AddN_11,2,1772.42,886.21,1772.42,886.21,0.0009538662549725045,0.48242474166817373,0.0,0.0
284,Device,AddN,SGD/gradients/AddN_15,2,1772.132,886.066,1772.132,886.066,0.0009537112615277048,0.48337845292970144,0.0,0.0
285,Device,AddN,SGD/gradients/AddN_16,2,1771.267,885.6335,1771.267,885.6335,0.0009532457430216219,0.4843316986727231,0.0,0.0
286,Device,AddN,SGD/gradients/AddN_12,2,1770.275,885.1375,1770.275,885.1375,0.000952711876711756,0.48528441054943483,0.0,0.0
287,Device,AddV2,inception_resnet_v2/block35_7/add,2,1696.163,848.0815,1696.163,848.0815,0.0009128268969166045,0.48619723744635146,0.0,0.0
288,Device,AddV2,inception_resnet_v2/block35_1/add,2,1694.5,847.25,1694.5,847.25,0.0009119319174072223,0.4871091693637587,0.0,0.0
289,Device,AddV2,inception_resnet_v2/block35_10/add,2,1692.259,846.1295,1692.259,846.1295,0.0009107258746648738,0.4880198952384236,0.0,0.0
290,Device,AddV2,inception_resnet_v2/block35_8/add,2,1691.491,845.7455,1691.491,845.7455,0.0009103125588120742,0.48893020779723567,0.0,0.0
291,Device,AddV2,inception_resnet_v2/block35_9/add,2,1689.859,844.9295,1689.859,844.9295,0.0009094342626248753,0.4898396420598605,0.0,0.0
292,Device,AddV2,inception_resnet_v2/block35_4/add,2,1687.972,843.986,1687.972,843.986,0.0009084187326584265,0.4907480607925189,0.0,0.0
293,Device,AddV2,inception_resnet_v2/block35_5/add,2,1685.86,842.93,1685.86,842.93,0.0009072821140632279,0.49165534290658214,0.0,0.0
294,Device,AddV2,inception_resnet_v2/block35_3/add,2,1684.547,842.2735,1684.547,842.2735,0.0009065754946430122,0.49256191840122515,0.0,0.0
295,Device,AddV2,inception_resnet_v2/block35_2/add,2,1683.203,841.6015,1683.203,841.6015,0.000905852191900613,0.49346777059312574,0.0,0.0
296,Device,Conv2DBackpropInput,gradient_tape/inception_resnet_v2/conv2d_7/Conv2D/Conv2DBackpropInput,4,1682.691,420.67275,1682.691,420.67275,0.0009055766479987466,0.4943733472411245,0.0,0.0
297,Device,AddV2,inception_resnet_v2/block35_6/add,2,1682.595,841.2975,1682.595,841.2975,0.0009055249835171467,0.4952788722246416,0.0,0.0
298,Device,AddN,SGD/gradients/AddN_42,2,1666.498,833.249,1666.498,833.249,0.0008968620339305407,0.49617573425857214,0.0,0.0
299,Device,Conv2DBackpropFilter,gradient_tape/inception_resnet_v2/conv2d_101/Conv2D/Conv2DBackpropFilter,4,1664.58,416.145,1664.58,416.145,0.0008958298206419085,0.49707156407921405,0.0,0.0
300,Device,Conv2DBackpropFilter,gradient_tape/inception_resnet_v2/conv2d_117/Conv2D/Conv2DBackpropFilter,4,1663.716,415.929,1663.716,415.929,0.0008953648403075091,0.49796692891952155,0.0,0.0
301,Device,Conv2DBackpropFilter,gradient_tape/inception_resnet_v2/conv2d_93/Conv2D/Conv2DBackpropFilter,4,1662.692,415.673,1662.692,415.673,0.0008948137525037765,0.4988617426720253,0.0,0.0
302,Device,Conv2DBackpropFilter,gradient_tape/inception_resnet_v2/conv2d_97/Conv2D/Conv2DBackpropFilter,4,1662.34,415.585,1662.34,415.585,0.0008946243160712433,0.49975636698809656,0.0,0.0
303,Device,Conv2DBackpropFilter,gradient_tape/inception_resnet_v2/conv2d_81/Conv2D/Conv2DBackpropFilter,4,1660.164,415.041,1660.164,415.041,0.0008934532544883114,0.5006498202425849,0.0,0.0
304,Device,Conv2DBackpropFilter,gradient_tape/inception_resnet_v2/conv2d_77/Conv2D/Conv2DBackpropFilter,4,1659.844,414.961,1659.844,414.961,0.000893281039549645,0.5015431012821345,0.0,0.0
305,Device,Conv2DBackpropFilter,gradient_tape/inception_resnet_v2/conv2d_89/Conv2D/Conv2DBackpropFilter,4,1659.172,414.793,1659.172,414.793,0.0008929193881784454,0.502436020670313,0.0,0.0
306,Device,FusedBatchNormV3,inception_resnet_v2/batch_normalization_74/FusedBatchNormV3,4,1658.723,414.68075,1658.723,414.68075,0.000892677749092629,0.5033286984194056,0.0,0.0
307,Device,Conv2DBackpropFilter,gradient_tape/inception_resnet_v2/conv2d_125/Conv2D/Conv2DBackpropFilter,4,1658.148,414.537,1658.148,414.537,0.0008923683003747127,0.5042210667197804,0.0,0.0
308,Device,Conv2DBackpropFilter,gradient_tape/inception_resnet_v2/conv2d_85/Conv2D/Conv2DBackpropFilter,4,1657.22,414.305,1657.22,414.305,0.0008918688770525801,0.505112935596833,0.0,0.0
309,Device,Conv2DBackpropFilter,gradient_tape/inception_resnet_v2/conv2d_109/Conv2D/Conv2DBackpropFilter,4,1656.996,414.249,1656.996,414.249,0.0008917483265955136,0.5060046839234286,0.0,0.0
310,Device,FusedBatchNormV3,inception_resnet_v2/batch_normalization_73/FusedBatchNormV3,4,1656.772,414.193,1656.772,414.193,0.000891627776138447,0.5068963116995671,0.0,0.0
311,Device,Conv2DBackpropFilter,gradient_tape/inception_resnet_v2/conv2d_121/Conv2D/Conv2DBackpropFilter,4,1656.708,414.177,1656.708,414.177,0.0008915933331507137,0.5077879050327178,0.0,0.0
312,Device,Conv2DBackpropFilter,gradient_tape/inception_resnet_v2/conv2d_105/Conv2D/Conv2DBackpropFilter,4,1656.548,414.137,1656.548,414.137,0.0008915072256813804,0.5086794122583992,0.0,0.0
313,Device,Conv2DBackpropFilter,gradient_tape/inception_resnet_v2/conv2d_137/Conv2D/Conv2DBackpropFilter,4,1654.307,413.57675,1654.307,413.57675,0.0008903011829390319,0.5095697134413382,0.0,0.0
314,Device,Conv2DBackpropFilter,gradient_tape/inception_resnet_v2/conv2d_113/Conv2D/Conv2DBackpropFilter,4,1651.78,412.945,1651.78,412.945,0.0008889412230952503,0.5104586546644334,0.0,0.0
315,Device,Conv2DBackpropFilter,gradient_tape/inception_resnet_v2/conv2d_129/Conv2D/Conv2DBackpropFilter,4,1649.028,412.257,1649.028,412.257,0.0008874601746227187,0.5113461148390561,0.0,0.0
316,Device,Conv2DBackpropFilter,gradient_tape/inception_resnet_v2/conv2d_133/Conv2D/Conv2DBackpropFilter,4,1647.203,411.80075,1647.203,411.80075,0.0008864780113006365,0.5122325928503567,0.0,0.0
317,Device,Conv2DBackpropFilter,gradient_tape/inception_resnet_v2/conv2d_141/Conv2D/Conv2DBackpropFilter,4,1644.899,411.22475,1644.899,411.22475,0.000885238063742238,0.5131178309140989,0.0,0.0
318,Device,Conv2DBackpropFilter,gradient_tape/inception_resnet_v2/conv2d_149/Conv2D/Conv2DBackpropFilter,4,1638.403,409.60075,1638.403,409.60075,0.000881742100487309,0.5139995730145862,0.0,0.0
319,Device,Conv2DBackpropFilter,gradient_tape/inception_resnet_v2/conv2d_145/Conv2D/Conv2DBackpropFilter,4,1637.508,409.377,1637.508,409.377,0.0008812604368307264,0.5148808334514169,0.0,0.0
320,Device,Conv2DBackpropFilter,gradient_tape/inception_resnet_v2/conv2d_153/Conv2D/Conv2DBackpropFilter,4,1636.386,409.0965,1636.386,409.0965,0.000880656608202027,0.5157614900596189,0.0,0.0
321,Device,Conv2DBackpropInput,gradient_tape/inception_resnet_v2/block35_9_conv/Conv2D/Conv2DBackpropInput,2,1609.38,804.69,1609.38,804.69,0.0008661227437219448,0.5166276128033409,0.0,0.0
322,Device,Conv2DBackpropInput,gradient_tape/inception_resnet_v2/block35_8_conv/Conv2D/Conv2DBackpropInput,2,1583.075,791.5375,1583.075,791.5375,0.0008519661375918787,0.5174795789409328,0.0,0.0
323,Device,MaxPoolGrad,gradient_tape/inception_resnet_v2/max_pooling2d_3/MaxPool/MaxPoolGrad,2,1571.844,785.922,1571.844,785.922,0.0008459219314163694,0.5183255008723492,0.0,0.0
324,Device,Conv2D,inception_resnet_v2/conv2d_9/Conv2D,4,1569.763,392.44075,1569.763,392.44075,0.000844801996143354,0.5191703028684925,0.0,0.0
325,Device,Conv2DBackpropInput,gradient_tape/inception_resnet_v2/block35_10_conv/Conv2D/Conv2DBackpropInput,2,1563.044,781.522,1563.044,781.522,0.0008411860206030418,0.5200114888890955,0.0,0.0
326,Device,Conv2DBackpropInput,gradient_tape/inception_resnet_v2/block35_7_conv/Conv2D/Conv2DBackpropInput,2,1562.627,781.3135,1562.627,781.3135,0.000840961603011092,0.5208524504921066,0.0,0.0
327,Device,Conv2DBackpropInput,gradient_tape/inception_resnet_v2/block35_6_conv/Conv2D/Conv2DBackpropInput,2,1552.835,776.4175,1552.835,776.4175,0.0008356918258878985,0.5216881423179945,0.0,0.0
328,Device,Conv2DBackpropFilter,gradient_tape/inception_resnet_v2/conv2d_5/Conv2D/Conv2DBackpropFilter,2,1547.523,773.7615,1547.523,773.7615,0.0008328330579060353,0.5225209753759006,0.0,0.0
329,Device,Conv2DBackpropInput,gradient_tape/inception_resnet_v2/block35_5_conv/Conv2D/Conv2DBackpropInput,2,1544.74,772.37,1544.74,772.37,0.0008313353261113205,0.5233523107020119,0.0,0.0
330,Device,Conv2DBackpropInput,gradient_tape/inception_resnet_v2/block35_3_conv/Conv2D/Conv2DBackpropInput,2,1537.86,768.93,1537.86,768.93,0.0008276327049299916,0.524179943406942,0.0,0.0
331,Device,Conv2DBackpropInput,gradient_tape/inception_resnet_v2/block35_4_conv/Conv2D/Conv2DBackpropInput,2,1535.204,767.602,1535.204,767.602,0.00082620332093906,0.525006146727881,0.0,0.0
332,Device,Conv2DBackpropInput,gradient_tape/inception_resnet_v2/conv2d_81/Conv2D/Conv2DBackpropInput,2,1534.978,767.489,1534.978,767.489,0.0008260816941386269,0.5258322284220197,0.0,0.0
333,Device,Conv2DBackpropInput,gradient_tape/inception_resnet_v2/conv2d_117/Conv2D/Conv2DBackpropInput,2,1533.25,766.625,1533.25,766.625,0.0008251517334698279,0.5266573801554896,0.0,0.0
334,Device,Conv2DBackpropInput,gradient_tape/inception_resnet_v2/block35_2_conv/Conv2D/Conv2DBackpropInput,2,1533.06,766.53,1533.06,766.53,0.0008250494808499947,0.5274824296363396,0.0,0.0
335,Device,Conv2DBackpropInput,gradient_tape/inception_resnet_v2/conv2d_97/Conv2D/Conv2DBackpropInput,2,1532.162,766.081,1532.162,766.081,0.000824566202678362,0.528306995839018,0.0,0.0
336,Device,Conv2DBackpropInput,gradient_tape/inception_resnet_v2/conv2d_101/Conv2D/Conv2DBackpropInput,2,1532.002,766.001,1532.002,766.001,0.0008244800952090288,0.529131475934227,0.0,0.0
337,Device,Conv2DBackpropInput,gradient_tape/inception_resnet_v2/conv2d_93/Conv2D/Conv2DBackpropInput,2,1529.826,764.913,1529.826,764.913,0.000823309033626097,0.5299547849678532,0.0,0.0
338,Device,Conv2DBackpropInput,gradient_tape/inception_resnet_v2/conv2d_109/Conv2D/Conv2DBackpropInput,2,1528.706,764.353,1528.706,764.353,0.0008227062813407643,0.5307774912491939,0.0,0.0
339,Device,Conv2DBackpropInput,gradient_tape/inception_resnet_v2/block35_1_conv/Conv2D/Conv2DBackpropInput,2,1528.42,764.21,1528.42,764.21,0.0008225523642393312,0.5316000436134333,0.0,0.0
340,Device,Conv2DBackpropInput,gradient_tape/inception_resnet_v2/conv2d_137/Conv2D/Conv2DBackpropInput,2,1527.971,763.9855,1527.971,763.9855,0.0008223107251535147,0.5324223543385868,0.0,0.0
341,Device,Conv2DBackpropInput,gradient_tape/inception_resnet_v2/conv2d_121/Conv2D/Conv2DBackpropInput,2,1526.85,763.425,1526.85,763.425,0.0008217074346964988,0.5332440617732832,0.0,0.0
342,Device,Conv2DBackpropInput,gradient_tape/inception_resnet_v2/conv2d_113/Conv2D/Conv2DBackpropInput,2,1523.906,761.953,1523.906,761.953,0.0008201230572607674,0.534064184830544,0.0,0.0
343,Device,Conv2DBackpropInput,gradient_tape/inception_resnet_v2/conv2d_129/Conv2D/Conv2DBackpropInput,2,1522.98,761.49,1522.98,761.49,0.0008196247102820014,0.5348838095408259,0.0,0.0
344,Device,Conv2DBackpropInput,gradient_tape/inception_resnet_v2/conv2d_89/Conv2D/Conv2DBackpropInput,2,1520.45,760.225,1520.45,760.225,0.0008182631359231697,0.5357020726767491,0.0,0.0
345,Device,Conv2DBackpropInput,gradient_tape/inception_resnet_v2/conv2d_133/Conv2D/Conv2DBackpropInput,2,1519.844,759.922,1519.844,759.922,0.0008179370038830701,0.5365200096806322,0.0,0.0
346,Device,Conv2DBackpropInput,gradient_tape/inception_resnet_v2/conv2d_125/Conv2D/Conv2DBackpropInput,2,1519.81,759.905,1519.81,759.905,0.0008179187060458368,0.537337928386678,0.0,0.0
347,Device,Conv2DBackpropInput,gradient_tape/inception_resnet_v2/conv2d_105/Conv2D/Conv2DBackpropInput,2,1519.426,759.713,1519.426,759.713,0.000817712048119437,0.5381556404347975,0.0,0.0
348,Device,Conv2DBackpropInput,gradient_tape/inception_resnet_v2/conv2d_77/Conv2D/Conv2DBackpropInput,2,1519.17,759.585,1519.17,759.585,0.0008175742761685039,0.5389732147109659,0.0,0.0
349,Device,Conv2DBackpropInput,gradient_tape/inception_resnet_v2/conv2d_85/Conv2D/Conv2DBackpropInput,2,1518.306,759.153,1518.306,759.153,0.0008171092958341045,0.5397903240068,0.0,0.0
350,Device,Conv2DBackpropInput,gradient_tape/inception_resnet_v2/conv2d_153/Conv2D/Conv2DBackpropInput,2,1512.899,756.4495,1512.899,756.4495,0.0008141994015423246,0.5406045234083424,0.0,0.0
351,Device,Conv2DBackpropInput,gradient_tape/inception_resnet_v2/conv2d_141/Conv2D/Conv2DBackpropInput,2,1508.546,754.273,1508.546,754.273,0.0008118567402047776,0.5414163801485472,0.0,0.0
352,Device,Conv2DBackpropInput,gradient_tape/inception_resnet_v2/conv2d_149/Conv2D/Conv2DBackpropInput,2,1506.916,753.458,1506.916,753.458,0.0008109795203609452,0.5422273596689081,0.0,0.0
353,Device,Conv2DBackpropInput,gradient_tape/inception_resnet_v2/conv2d_145/Conv2D/Conv2DBackpropInput,2,1490.722,745.361,1490.722,745.361,0.0008022643681210559,0.5430296240370291,0.0,0.0
354,Device,Conv2DBackpropInput,gradient_tape/inception_resnet_v2/conv2d_162/Conv2D/Conv2DBackpropInput,2,1464.196,732.098,1464.196,732.098,0.0007879888260489732,0.5438176128630782,0.0,0.0
355,Device,Conv2DBackpropInput,gradient_tape/inception_resnet_v2/conv2d_157/Conv2D/Conv2DBackpropInput,2,1457.38,728.69,1457.38,728.69,0.0007843206478553778,0.5446019335109336,0.0,0.0
356,Device,ReluGrad,gradient_tape/inception_resnet_v2/activation_74/ReluGrad,2,1445.155,722.5775,1445.155,722.5775,0.0007777414990266357,0.5453796750099602,0.0,0.0
357,Device,ReluGrad,gradient_tape/inception_resnet_v2/block17_4_ac/ReluGrad,2,1421.924,710.962,1421.924,710.962,0.0007652392326511343,0.5461449142426114,0.0,0.0
358,Device,ReluGrad,gradient_tape/inception_resnet_v2/block17_11_ac/ReluGrad,2,1420.548,710.274,1420.548,710.274,0.0007644987084148685,0.5469094129510262,0.0,0.0
359,Device,ReluGrad,gradient_tape/inception_resnet_v2/block17_7_ac/ReluGrad,2,1420.483,710.2415,1420.483,710.2415,0.0007644637272554519,0.5476738766782817,0.0,0.0
360,Device,ReluGrad,gradient_tape/inception_resnet_v2/block17_6_ac/ReluGrad,2,1420.067,710.0335,1420.067,710.0335,0.0007642398478351855,0.5484381165261168,0.0,0.0
361,Device,ReluGrad,gradient_tape/inception_resnet_v2/block17_10_ac/ReluGrad,2,1419.812,709.906,1419.812,709.906,0.0007641026140559357,0.5492022191401728,0.0,0.0
362,Device,ReluGrad,gradient_tape/inception_resnet_v2/block17_12_ac/ReluGrad,2,1419.78,709.89,1419.78,709.89,0.0007640853925620691,0.5499663045327349,0.0,0.0
363,Device,ReluGrad,gradient_tape/inception_resnet_v2/block17_2_ac/ReluGrad,2,1417.924,708.962,1417.924,708.962,0.0007630865459178036,0.5507293910786527,0.0,0.0
364,Device,ReluGrad,gradient_tape/inception_resnet_v2/block17_8_ac/ReluGrad,2,1417.123,708.5615,1417.123,708.5615,0.0007626554703994542,0.5514920465490522,0.0,0.0
365,Device,ReluGrad,gradient_tape/inception_resnet_v2/activation_73/ReluGrad,2,1416.962,708.481,1416.962,708.481,0.0007625688247584376,0.5522546153738106,0.0,0.0
366,Device,ReluGrad,gradient_tape/inception_resnet_v2/block17_9_ac/ReluGrad,2,1416.899,708.4495,1416.899,708.4495,0.0007625349199423875,0.553017150293753,0.0,0.0
367,Device,Conv2D,inception_resnet_v2/conv2d_7/Conv2D,4,1414.306,353.5765,1414.306,353.5765,0.000761139440767506,0.5537782897345205,0.0,0.0
368,Device,ReluGrad,gradient_tape/inception_resnet_v2/block17_3_ac/ReluGrad,2,1413.956,706.978,1413.956,706.978,0.0007609510806783395,0.5545392408151988,0.0,0.0
369,Device,ReluGrad,gradient_tape/inception_resnet_v2/block17_1_ac/ReluGrad,2,1412.1,706.05,1412.1,706.05,0.0007599522340340741,0.5552991930492328,0.0,0.0
370,Device,ReluGrad,gradient_tape/inception_resnet_v2/block17_16_ac/ReluGrad,2,1411.682,705.841,1411.682,705.841,0.0007597272782704411,0.5560589203275033,0.0,0.0
371,Device,ReluGrad,gradient_tape/inception_resnet_v2/block17_20_ac/ReluGrad,2,1410.979,705.4895,1410.979,705.4895,0.0007593489435770581,0.5568182692710804,0.0,0.0
372,Device,ReluGrad,gradient_tape/inception_resnet_v2/block17_19_ac/ReluGrad,2,1410.274,705.137,1410.274,705.137,0.0007589695325403086,0.5575772388036206,0.0,0.0
373,Device,ReluGrad,gradient_tape/inception_resnet_v2/block17_5_ac/ReluGrad,2,1408.323,704.1615,1408.323,704.1615,0.0007579195595861266,0.5583351583632068,0.0,0.0
374,Device,ReluGrad,gradient_tape/inception_resnet_v2/block17_17_ac/ReluGrad,2,1408.164,704.082,1408.164,704.082,0.0007578339902884766,0.5590929923534953,0.0,0.0
375,Device,ReluGrad,gradient_tape/inception_resnet_v2/block17_14_ac/ReluGrad,2,1407.747,703.8735,1407.747,703.8735,0.0007576095726965269,0.5598506019261918,0.0,0.0
376,Device,ReluGrad,gradient_tape/inception_resnet_v2/block17_15_ac/ReluGrad,2,1404.898,702.449,1404.898,702.449,0.0007560763215707121,0.5606066782477626,0.0,0.0
377,Device,ReluGrad,gradient_tape/inception_resnet_v2/block17_18_ac/ReluGrad,2,1403.299,701.6495,1403.299,701.6495,0.0007552157850490631,0.5613618940328117,0.0,0.0
378,Device,ReluGrad,gradient_tape/inception_resnet_v2/block17_13_ac/ReluGrad,2,1402.916,701.458,1402.916,701.458,0.0007550096652943467,0.562116903698106,0.0,0.0
379,Device,Conv2DBackpropFilter,gradient_tape/inception_resnet_v2/conv2d_79/Conv2D/Conv2DBackpropFilter,4,1399.843,349.96075,1399.843,349.96075,0.0007533558637114655,0.5628702595618175,0.0,0.0
380,Device,Conv2DBackpropFilter,gradient_tape/inception_resnet_v2/conv2d_99/Conv2D/Conv2DBackpropFilter,4,1398.692,349.673,1398.692,349.673,0.0007527364281039496,0.5636229959899214,0.0,0.0
381,Device,Conv2DBackpropFilter,gradient_tape/inception_resnet_v2/conv2d_91/Conv2D/Conv2DBackpropFilter,4,1398.404,349.601,1398.404,349.601,0.0007525814346591497,0.5643755774245806,0.0,0.0
382,Device,Conv2DBackpropFilter,gradient_tape/inception_resnet_v2/conv2d_95/Conv2D/Conv2DBackpropFilter,4,1398.18,349.545,1398.18,349.545,0.0007524608842020832,0.5651280383087827,0.0,0.0
383,Device,Conv2DBackpropFilter,gradient_tape/inception_resnet_v2/conv2d_83/Conv2D/Conv2DBackpropFilter,4,1397.86,349.465,1397.86,349.465,0.0007522886692634166,0.5658803269780461,0.0,0.0
384,Device,Conv2DBackpropFilter,gradient_tape/inception_resnet_v2/conv2d_123/Conv2D/Conv2DBackpropFilter,4,1396.131,349.03275,1396.131,349.03275,0.0007513581704229346,0.5666316851484691,0.0,0.0
385,Device,Conv2DBackpropFilter,gradient_tape/inception_resnet_v2/conv2d_87/Conv2D/Conv2DBackpropFilter,4,1396.036,349.009,1396.036,349.009,0.000751307044113018,0.567382992192582,0.0,0.0
386,Device,Conv2DBackpropFilter,gradient_tape/inception_resnet_v2/conv2d_103/Conv2D/Conv2DBackpropFilter,4,1395.364,348.841,1395.364,348.841,0.0007509453927418184,0.5681339375853238,0.0,0.0
387,Device,Conv2DBackpropFilter,gradient_tape/inception_resnet_v2/conv2d_107/Conv2D/Conv2DBackpropFilter,4,1394.596,348.649,1394.596,348.649,0.0007505320768890189,0.5688844696622128,0.0,0.0
388,Device,Conv2DBackpropFilter,gradient_tape/inception_resnet_v2/conv2d_119/Conv2D/Conv2DBackpropFilter,4,1393.827,348.45675,1393.827,348.45675,0.0007501182228645361,0.5696345878850774,0.0,0.0
389,Device,Conv2DBackpropFilter,gradient_tape/inception_resnet_v2/conv2d_139/Conv2D/Conv2DBackpropFilter,4,1392.995,348.24875,1392.995,348.24875,0.0007496704640240033,0.5703842583491013,0.0,0.0
390,Device,Conv2DBackpropFilter,gradient_tape/inception_resnet_v2/conv2d_115/Conv2D/Conv2DBackpropFilter,4,1389.091,347.27275,1389.091,347.27275,0.0007475694417722724,0.5711318277908736,0.0,0.0
391,Device,Conv2DBackpropFilter,gradient_tape/inception_resnet_v2/conv2d_111/Conv2D/Conv2DBackpropFilter,4,1388.771,347.19275,1388.771,347.19275,0.0007473972268336061,0.5718792250177072,0.0,0.0
392,Device,Conv2DBackpropFilter,gradient_tape/inception_resnet_v2/conv2d_135/Conv2D/Conv2DBackpropFilter,4,1386.466,346.6165,1386.466,346.6165,0.0007461567411035241,0.5726253817588107,0.0,0.0
393,Device,Conv2DBackpropFilter,gradient_tape/inception_resnet_v2/conv2d_131/Conv2D/Conv2DBackpropFilter,4,1386.242,346.5605,1386.242,346.5605,0.0007460361906464577,0.5733714179494572,0.0,0.0
394,Device,Conv2DBackpropFilter,gradient_tape/inception_resnet_v2/conv2d_127/Conv2D/Conv2DBackpropFilter,4,1385.25,346.3125,1385.25,346.3125,0.0007455023243365916,0.5741169202737938,0.0,0.0
395,Device,Conv2DBackpropFilter,gradient_tape/inception_resnet_v2/conv2d_143/Conv2D/Conv2DBackpropFilter,4,1376.516,344.129,1376.516,344.129,0.0007408019328543641,0.5748577222066482,0.0,0.0
396,Device,Conv2DBackpropInput,gradient_tape/inception_resnet_v2/conv2d_9/Conv2D/Conv2DBackpropInput,4,1368.994,342.2485,1368.994,342.2485,0.0007367538054523356,0.5755944760121006,0.0,0.0
397,Device,Conv2DBackpropFilter,gradient_tape/inception_resnet_v2/conv2d_147/Conv2D/Conv2DBackpropFilter,4,1365.122,341.2805,1365.122,341.2805,0.0007346700046944716,0.5763291460167951,0.0,0.0
398,Device,Conv2DBackpropFilter,gradient_tape/inception_resnet_v2/conv2d_151/Conv2D/Conv2DBackpropFilter,4,1364.802,341.2005,1364.802,341.2005,0.0007344977897558051,0.5770636438065508,0.0,0.0
399,Device,Conv2DBackpropFilter,gradient_tape/inception_resnet_v2/conv2d_155/Conv2D/Conv2DBackpropFilter,4,1363.46,340.865,1363.46,340.865,0.0007337755633567727,0.5777974193699076,0.0,0.0
400,Device,Conv2D,inception_resnet_v2/conv2d_85/Conv2D,2,1362.564,681.282,1362.564,681.282,0.0007332933615285067,0.5785307127314361,0.0,0.0
401,Device,Conv2D,inception_resnet_v2/conv2d_89/Conv2D,2,1357.442,678.721,1357.442,678.721,0.0007305368461664766,0.5792612495776026,0.0,0.0
402,Device,Conv2D,inception_resnet_v2/conv2d_81/Conv2D,2,1347.267,673.6335,1347.267,673.6335,0.0007250609492885666,0.5799863105268912,0.0,0.0
403,Device,AddV2,inception_resnet_v2/block17_11/add,2,1336.483,668.2415,1336.483,668.2415,0.000719257305855507,0.5807055678327467,0.0,0.0
404,Device,Conv2D,inception_resnet_v2/conv2d_93/Conv2D,2,1334.658,667.329,1334.658,667.329,0.0007182751425334248,0.5814238429752802,0.0,0.0
405,Device,AddV2,inception_resnet_v2/block17_1/add,2,1334.499,667.2495,1334.499,667.2495,0.000718189573235775,0.5821420325485159,0.0,0.0
406,Device,AddV2,inception_resnet_v2/block17_2/add,2,1334.018,667.009,1334.018,667.009,0.000717930712656092,0.5828599632611721,0.0,0.0
407,Device,AddV2,inception_resnet_v2/block17_3/add,2,1333.858,666.929,1333.858,666.929,0.0007178446051867587,0.5835778078663588,0.0,0.0
408,Device,AddV2,inception_resnet_v2/block17_6/add,2,1333.058,666.529,1333.058,666.529,0.0007174140678400926,0.5842952219341989,0.0,0.0
409,Device,AddV2,inception_resnet_v2/block17_19/add,2,1332.866,666.433,1332.866,666.433,0.0007173107388768927,0.5850125326730758,0.0,0.0
410,Device,AddV2,inception_resnet_v2/block17_14/add,2,1332.803,666.4015,1332.803,666.4015,0.0007172768340608428,0.5857298095071367,0.0,0.0
411,Device,AddV2,inception_resnet_v2/block17_8/add,2,1332.674,666.337,1332.674,666.337,0.0007172074099136928,0.5864470169170504,0.0,0.0
412,Device,MaxPoolGrad,gradient_tape/inception_resnet_v2/max_pooling2d_2/MaxPool/MaxPoolGrad,2,1332.579,666.2895,1332.579,666.2895,0.0007171562836037762,0.5871641732006542,0.0,0.0
413,Device,AddV2,inception_resnet_v2/block17_12/add,2,1332.546,666.273,1332.546,666.273,0.0007171385239382262,0.5878813117245923,0.0,0.0
414,Device,AddV2,inception_resnet_v2/block17_20/add,2,1332.45,666.225,1332.45,666.225,0.0007170868594566263,0.5885983985840489,0.0,0.0
415,Device,AddV2,inception_resnet_v2/block17_7/add,2,1331.748,665.874,1331.748,665.874,0.0007167090629349267,0.5893151076469839,0.0,0.0
416,Device,AddV2,inception_resnet_v2/block17_5/add,2,1331.651,665.8255,1331.651,665.8255,0.0007166568602816435,0.5900317645072656,0.0,0.0
417,Device,AddV2,inception_resnet_v2/block17_17/add,2,1331.619,665.8095,1331.619,665.8095,0.0007166396387877768,0.5907484041460533,0.0,0.0
418,Device,Conv2D,inception_resnet_v2/conv2d_97/Conv2D,2,1331.236,665.618,1331.236,665.618,0.0007164335190330605,0.5914648376650864,0.0,0.0
419,Device,AddV2,inception_resnet_v2/block17_16/add,2,1330.339,665.1695,1330.339,665.1695,0.000715950779033111,0.5921807884441195,0.0,0.0
420,Device,AddV2,inception_resnet_v2/block17_9/add,2,1328.932,664.466,1328.932,664.466,0.000715193571474662,0.5928959820155941,0.0,0.0
421,Device,AddV2,inception_resnet_v2/block17_4/add,2,1328.931,664.4655,1328.931,664.4655,0.0007151930333029787,0.5936111750488972,0.0,0.0
422,Device,AddV2,inception_resnet_v2/block17_18/add,2,1328.546,664.273,1328.546,664.273,0.0007149858372048956,0.594326160886102,0.0,0.0
423,Device,AddV2,inception_resnet_v2/block17_15/add,2,1328.387,664.1935,1328.387,664.1935,0.0007149002679072456,0.5950410611540092,0.0,0.0
424,Device,Conv2D,inception_resnet_v2/conv2d_101/Conv2D,2,1327.938,663.969,1327.938,663.969,0.0007146586288214293,0.5957557197828307,0.0,0.0
425,Device,AddV2,inception_resnet_v2/block17_10/add,2,1327.202,663.601,1327.202,663.601,0.0007142625344624964,0.5964699823172932,0.0,0.0
426,Device,AddV2,inception_resnet_v2/block17_13/add,2,1327.17,663.585,1327.17,663.585,0.0007142453129686298,0.5971842276302618,0.0,0.0
427,Device,Conv2DBackpropInput,gradient_tape/inception_resnet_v2/block8_4_conv/Conv2D/Conv2DBackpropInput,4,1322.116,330.529,1322.116,330.529,0.0007115253932810664,0.5978957530235429,0.0,0.0
428,Device,Conv2DBackpropInput,gradient_tape/inception_resnet_v2/block8_8_conv/Conv2D/Conv2DBackpropInput,4,1322.051,330.51275,1322.051,330.51275,0.0007114904121216498,0.5986072434356645,0.0,0.0
429,Device,Conv2DBackpropInput,gradient_tape/inception_resnet_v2/block8_9_conv/Conv2D/Conv2DBackpropInput,4,1322.05,330.5125,1322.05,330.5125,0.0007114898739499665,0.5993187333096145,0.0,0.0
430,Device,Conv2DBackpropInput,gradient_tape/inception_resnet_v2/block8_10_conv/Conv2D/Conv2DBackpropInput,4,1319.875,329.96875,1319.875,329.96875,0.0007103193505387179,0.6000290526601532,0.0,0.0
431,Device,Conv2DBackpropInput,gradient_tape/inception_resnet_v2/block8_3_conv/Conv2D/Conv2DBackpropInput,4,1317.634,329.4085,1317.634,329.4085,0.0007091133077963694,0.6007381659679495,0.0,0.0
432,Device,Conv2DBackpropInput,gradient_tape/inception_resnet_v2/block8_5_conv/Conv2D/Conv2DBackpropInput,4,1317.474,329.3685,1317.474,329.3685,0.0007090272003270361,0.6014471931682766,0.0,0.0
433,Device,Conv2DBackpropInput,gradient_tape/inception_resnet_v2/block8_2_conv/Conv2D/Conv2DBackpropInput,4,1317.314,329.3285,1317.314,329.3285,0.0007089410928577029,0.6021561342611342,0.0,0.0
434,Device,Conv2D,inception_resnet_v2/conv2d_109/Conv2D,2,1316.834,658.417,1316.834,658.417,0.0007086827704497033,0.6028648170315839,0.0,0.0
435,Device,Conv2D,inception_resnet_v2/conv2d_105/Conv2D,2,1316.163,658.0815,1316.163,658.0815,0.000708321657250187,0.6035731386888341,0.0,0.0
436,Device,Conv2D,inception_resnet_v2/conv2d_113/Conv2D,2,1314.306,657.153,1314.306,657.153,0.0007073222724342383,0.6042804609612683,0.0,0.0
437,Device,Conv2DBackpropInput,gradient_tape/inception_resnet_v2/block8_1_conv/Conv2D/Conv2DBackpropInput,4,1313.572,328.393,1313.572,328.393,0.000706927254418672,0.604987388215687,0.0,0.0
438,Device,Conv2DBackpropInput,gradient_tape/inception_resnet_v2/block8_7_conv/Conv2D/Conv2DBackpropInput,4,1313.476,328.369,1313.476,328.369,0.0007068755899370721,0.6056942638056241,0.0,0.0
439,Device,Conv2DBackpropInput,gradient_tape/inception_resnet_v2/block8_6_conv/Conv2D/Conv2DBackpropInput,4,1312.482,328.1205,1312.482,328.1205,0.0007063406472838393,0.6064006044529079,0.0,0.0
440,Device,Conv2D,inception_resnet_v2/conv2d_117/Conv2D,2,1307.554,653.777,1307.554,653.777,0.000703688537228376,0.6071042929901362,0.0,0.0
441,Device,Conv2D,inception_resnet_v2/conv2d_77/Conv2D,2,1307.554,653.777,1307.554,653.777,0.000703688537228376,0.6078079815273646,0.0,0.0
442,Device,Conv2D,inception_resnet_v2/conv2d_129/Conv2D,2,1301.122,650.561,1301.122,650.561,0.0007002270169611803,0.6085082085443257,0.0,0.0
443,Device,Conv2D,inception_resnet_v2/conv2d_125/Conv2D,2,1301.027,650.5135,1301.027,650.5135,0.0007001758906512636,0.609208384434977,0.0,0.0
444,Device,Conv2D,inception_resnet_v2/conv2d_141/Conv2D,2,1300.995,650.4975,1300.995,650.4975,0.0007001586691573969,0.6099085431041344,0.0,0.0
445,Device,Relu,inception_resnet_v2/activation_3/Relu,2,1300.29,650.145,1300.29,650.145,0.0006997792581206473,0.610608322362255,0.0,0.0
446,Device,Conv2D,inception_resnet_v2/conv2d_121/Conv2D,2,1298.627,649.3135,1298.627,649.3135,0.0006988842786112651,0.6113072066408664,0.0,0.0
447,Device,Conv2D,inception_resnet_v2/conv2d_149/Conv2D,2,1295.555,647.7775,1295.555,647.7775,0.0006972310152000672,0.6120044376560664,0.0,0.0
448,Device,Conv2D,inception_resnet_v2/conv2d_133/Conv2D,2,1293.25,646.625,1293.25,646.625,0.0006959905294699854,0.6127004281855364,0.0,0.0
449,Device,Conv2D,inception_resnet_v2/conv2d_153/Conv2D,2,1293.091,646.5455,1293.091,646.5455,0.0006959049601723354,0.6133963331457087,0.0,0.0
450,Device,Conv2D,inception_resnet_v2/conv2d_137/Conv2D,2,1291.97,645.985,1291.97,645.985,0.0006953016697153195,0.6140916348154241,0.0,0.0
451,Device,Conv2D,inception_resnet_v2/conv2d_145/Conv2D,2,1291.235,645.6175,1291.235,645.6175,0.00069490611352807,0.6147865409289521,0.0,0.0
452,Device,Conv2D,inception_resnet_v2/block8_9_conv/Conv2D,4,1274.627,318.65675,1274.627,318.65675,0.0006859681582112809,0.6154725090871634,0.0,0.0
453,Device,Conv2D,inception_resnet_v2/block8_2_conv/Conv2D,4,1274.339,318.58475,1274.339,318.58475,0.000685813164766481,0.6161583222519299,0.0,0.0
454,Device,Conv2D,inception_resnet_v2/block8_4_conv/Conv2D,4,1274.243,318.56075,1274.243,318.56075,0.0006857615002848811,0.6168440837522148,0.0,0.0
455,Device,Conv2D,inception_resnet_v2/block8_1_conv/Conv2D,4,1273.73,318.4325,1273.73,318.4325,0.0006854854182113315,0.6175295691704261,0.0,0.0
456,Device,Conv2D,inception_resnet_v2/block8_7_conv/Conv2D,4,1273.666,318.4165,1273.666,318.4165,0.0006854509752235982,0.6182150201456497,0.0,0.0
457,Device,Conv2D,inception_resnet_v2/block8_8_conv/Conv2D,4,1272.707,318.17675,1272.707,318.17675,0.0006849348685792822,0.6188999550142289,0.0,0.0
458,Device,Conv2D,inception_resnet_v2/block8_10_conv/Conv2D,4,1272.226,318.0565,1272.226,318.0565,0.0006846760079995992,0.6195846310222285,0.0,0.0
459,Device,Conv2D,inception_resnet_v2/block8_5_conv/Conv2D,4,1270.914,317.7285,1270.914,317.7285,0.0006839699267510666,0.6202686009489795,0.0,0.0
460,Device,Conv2D,inception_resnet_v2/block8_6_conv/Conv2D,4,1270.275,317.56875,1270.275,317.56875,0.0006836260350454171,0.620952226984025,0.0,0.0
461,Device,Conv2D,inception_resnet_v2/block8_3_conv/Conv2D,4,1268.226,317.0565,1268.226,317.0565,0.0006825233212662685,0.6216347503052913,0.0,0.0
462,Device,Conv2DBackpropInput,gradient_tape/inception_resnet_v2/conv2d_3/Conv2D/Conv2DBackpropInput,2,1262.979,631.4895,1262.979,631.4895,0.0006796995344438219,0.622314449839735,0.0,0.0
463,Device,ConcatV2,inception_resnet_v2/mixed_5b/concat,8,1257.634,157.20425,1257.634,157.20425,0.0006768230067964087,0.6229912728465314,0.0,0.0
464,Device,AvgPool,inception_resnet_v2/average_pooling2d/AvgPool,2,1252.418,626.209,1252.418,626.209,0.0006740159032961454,0.6236652887498276,0.0,0.0
465,Device,BiasAdd,inception_resnet_v2/block35_7_conv/BiasAdd,2,1250.947,625.4735,1250.947,625.4735,0.000673224252749963,0.6243385130025776,0.0,0.0
466,Device,BiasAdd,inception_resnet_v2/block35_10_conv/BiasAdd,2,1248.418,624.209,1248.418,624.209,0.0006718632165628146,0.6250103762191404,0.0,0.0
467,Device,BiasAdd,inception_resnet_v2/block35_3_conv/BiasAdd,2,1246.818,623.409,1246.818,623.409,0.0006710021418694825,0.6256813783610098,0.0,0.0
468,Device,BiasAdd,inception_resnet_v2/block35_9_conv/BiasAdd,2,1246.147,623.0735,1246.147,623.0735,0.0006706410286699662,0.6263520193896798,0.0,0.0
469,Device,BiasAdd,inception_resnet_v2/block35_5_conv/BiasAdd,2,1244.803,622.4015,1244.803,622.4015,0.0006699177259275672,0.6270219371156074,0.0,0.0
470,Device,BiasAdd,inception_resnet_v2/block35_4_conv/BiasAdd,2,1243.138,621.569,1243.138,621.569,0.0006690216700748181,0.6276909587856822,0.0,0.0
471,Device,BiasAdd,inception_resnet_v2/block35_6_conv/BiasAdd,2,1240.45,620.225,1240.45,620.225,0.00066757506459002,0.6283585338502722,0.0,0.0
472,Device,BiasAdd,inception_resnet_v2/block35_1_conv/BiasAdd,2,1239.011,619.5055,1239.011,619.5055,0.0006668006355377042,0.6290253344858099,0.0,0.0
473,Device,BiasAdd,inception_resnet_v2/block35_8_conv/BiasAdd,2,1237.922,618.961,1237.922,618.961,0.000666214566574555,0.6296915490523844,0.0,0.0
474,Device,BiasAdd,inception_resnet_v2/block35_2_conv/BiasAdd,2,1237.794,618.897,1237.794,618.897,0.0006661456805990884,0.6303576947329835,0.0,0.0
475,Device,Conv2DBackpropFilter,gradient_tape/inception_resnet_v2/conv2d_8/Conv2D/Conv2DBackpropFilter,2,1232.131,616.0655,1232.131,616.0655,0.0006630980143563754,0.6310207927473399,0.0,0.0
476,Device,Conv2DBackpropFilter,gradient_tape/inception_resnet_v2/conv2d_11/Conv2D/Conv2DBackpropFilter,2,1230.532,615.266,1230.532,615.266,0.0006622374778347264,0.6316830302251747,0.0,0.0
477,Device,Conv2DBackpropInput,gradient_tape/inception_resnet_v2/conv2d_159/Conv2D/Conv2DBackpropInput,2,1188.578,594.289,1188.578,594.289,0.0006396590230321873,0.6323226892482069,0.0,0.0
478,Device,Conv2DBackpropFilter,gradient_tape/inception_resnet_v2/conv2d_70/Conv2D/Conv2DBackpropFilter,2,1157.634,578.817,1157.634,578.817,0.000623005838463141,0.63294569508667,0.0,0.0
479,Device,Conv2DBackpropInput,gradient_tape/inception_resnet_v2/conv2d_99/Conv2D/Conv2DBackpropInput,4,1155.842,288.9605,1155.842,288.9605,0.0006220414348066088,0.6335677365214766,0.0,0.0
480,Device,Conv2DBackpropInput,gradient_tape/inception_resnet_v2/conv2d_83/Conv2D/Conv2DBackpropInput,4,1155.618,288.9045,1155.618,288.9045,0.0006219208843495423,0.6341896574058261,0.0,0.0
481,Device,Conv2DBackpropInput,gradient_tape/inception_resnet_v2/conv2d_79/Conv2D/Conv2DBackpropInput,4,1155.202,288.8005,1155.202,288.8005,0.0006216970049292759,0.6348113544107554,0.0,0.0
482,Device,Conv2DBackpropInput,gradient_tape/inception_resnet_v2/conv2d_95/Conv2D/Conv2DBackpropInput,4,1153.826,288.4565,1153.826,288.4565,0.0006209564806930101,0.6354323108914485,0.0,0.0
483,Device,Conv2DBackpropInput,gradient_tape/inception_resnet_v2/conv2d_91/Conv2D/Conv2DBackpropInput,4,1152.834,288.2085,1152.834,288.2085,0.0006204226143831441,0.6360527335058316,0.0,0.0
484,Device,Conv2DBackpropInput,gradient_tape/inception_resnet_v2/conv2d_103/Conv2D/Conv2DBackpropInput,4,1152.706,288.1765,1152.706,288.1765,0.0006203537284076774,0.6366730872342392,0.0,0.0
485,Device,Conv2DBackpropFilter,gradient_tape/inception_resnet_v2/conv2d_64/Conv2D/Conv2DBackpropFilter,2,1152.322,576.161,1152.322,576.161,0.0006201470704812776,0.6372932343047205,0.0,0.0
486,Device,Conv2DBackpropInput,gradient_tape/inception_resnet_v2/conv2d_111/Conv2D/Conv2DBackpropInput,4,1152.098,288.0245,1152.098,288.0245,0.0006200265200242112,0.6379132608247448,0.0,0.0
487,Device,Conv2DBackpropInput,gradient_tape/inception_resnet_v2/conv2d_87/Conv2D/Conv2DBackpropInput,4,1151.714,287.9285,1151.714,287.9285,0.0006198198620978115,0.6385330806868426,0.0,0.0
488,Device,Conv2DBackpropFilter,gradient_tape/inception_resnet_v2/conv2d_98/Conv2D/Conv2DBackpropFilter,4,1151.426,287.8565,1151.426,287.8565,0.0006196648686530116,0.6391527455554956,0.0,0.0
489,Device,Conv2DBackpropFilter,gradient_tape/inception_resnet_v2/conv2d_162/Conv2D/Conv2DBackpropFilter,4,1151.298,287.8245,1151.298,287.8245,0.000619595982677545,0.6397723415381732,0.0,0.0
490,Device,Conv2DBackpropInput,gradient_tape/inception_resnet_v2/conv2d_119/Conv2D/Conv2DBackpropInput,4,1150.562,287.6405,1150.562,287.6405,0.0006191998883186122,0.6403915414264918,0.0,0.0
491,Device,Conv2DBackpropFilter,gradient_tape/inception_resnet_v2/conv2d_82/Conv2D/Conv2DBackpropFilter,4,1150.338,287.5845,1150.338,287.5845,0.0006190793378615457,0.6410106207643533,0.0,0.0
492,Device,Conv2DBackpropInput,gradient_tape/inception_resnet_v2/conv2d_107/Conv2D/Conv2DBackpropInput,4,1149.826,287.4565,1149.826,287.4565,0.0006188037939596794,0.6416294245583131,0.0,0.0
493,Device,Conv2DBackpropFilter,gradient_tape/inception_resnet_v2/conv2d_78/Conv2D/Conv2DBackpropFilter,4,1149.826,287.4565,1149.826,287.4565,0.0006188037939596794,0.6422482283522728,0.0,0.0
494,Device,Conv2DBackpropFilter,gradient_tape/inception_resnet_v2/conv2d_86/Conv2D/Conv2DBackpropFilter,4,1149.602,287.4005,1149.602,287.4005,0.0006186832435026129,0.6428669115957754,0.0,0.0
495,Device,Conv2DBackpropFilter,gradient_tape/inception_resnet_v2/conv2d_94/Conv2D/Conv2DBackpropFilter,4,1149.538,287.3845,1149.538,287.3845,0.0006186488005148796,0.6434855603962902,0.0,0.0
496,Device,Conv2DBackpropInput,gradient_tape/inception_resnet_v2/conv2d_139/Conv2D/Conv2DBackpropInput,4,1149.346,287.3365,1149.346,287.3365,0.0006185454715516797,0.644104105867842,0.0,0.0
497,Device,Conv2DBackpropInput,gradient_tape/inception_resnet_v2/conv2d_123/Conv2D/Conv2DBackpropInput,4,1148.93,287.2325,1148.93,287.2325,0.0006183215921314134,0.6447224274599733,0.0,0.0
498,Device,Conv2DBackpropFilter,gradient_tape/inception_resnet_v2/conv2d_110/Conv2D/Conv2DBackpropFilter,4,1148.547,287.13675,1148.547,287.13675,0.0006181154723766969,0.64534054293235,0.0,0.0
499,Device,Conv2DBackpropFilter,gradient_tape/inception_resnet_v2/conv2d_122/Conv2D/Conv2DBackpropFilter,4,1148.322,287.0805,1148.322,287.0805,0.000617994383747947,0.645958537316098,0.0,0.0
500,Device,Conv2DBackpropFilter,gradient_tape/inception_resnet_v2/conv2d_102/Conv2D/Conv2DBackpropFilter,4,1148.163,287.04075,1148.163,287.04075,0.0006179088144502972,0.6465764461305483,0.0,0.0
501,Host,IDLE,IDLE,0,4670539.7,0.0,4670539.7,0.0,0.0,0.0,0.99387419774422,0.99387419774422
502,Host,GatherV2,GatherV2,1,28313.646,28313.646,28313.646,28313.646,0.0,0.0,0.006025042931005135,0.9998992406752252
503,Host,GatherV2,GatherV2_1,1,67.527,67.527,67.527,67.527,0.0,0.0,1.436950486708719e-05,0.9999136101800923
504,Host,LogicalAnd,LogicalAnd,1,52.656,52.656,52.656,52.656,0.0,0.0,1.120500908201672e-05,0.9999248151891743
505,Host,Dataset,Iterator::Root::ParallelMapV2::Zip[0]::FlatMap[1]::Concatenate,2,57.786,28.893,50.962,25.481,0.0,0.0,1.0844531921105593e-05,0.9999356597210954
506,Host,Dataset,Iterator::Root::ParallelMapV2::Zip[0]::FlatMap,2,109.036,54.518,50.138,25.069,0.0,0.0,1.0669187658655316e-05,0.9999463289087541
507,Host,FlushSummaryWriter,FlushSummaryWriter,1,41.808,41.808,41.808,41.808,0.0,0.0,8.896593355001425e-06,0.9999552255021091
508,Host,Dataset,Iterator::Root::ParallelMapV2,2,37.774,18.887,37.774,18.887,0.0,0.0,8.038172536161114e-06,0.9999632636746453
509,Host,Dataset,Iterator::Root::ParallelMapV2::Zip[1]::ForeverRepeat,2,36.14,18.07,33.189,16.5945,0.0,0.0,7.06250088162893e-06,0.999970326175527
510,Host,Dataset,Iterator::Root,2,68.808,34.404,31.034,15.517,0.0,0.0,6.603924564177053e-06,0.9999769301000911
511,Host,WriteSummary,WriteSummary,1,27.27,27.27,27.27,27.27,0.0,0.0,5.802958782790109e-06,0.999982733058874
512,Host,ReadVariableOp,ReadVariableOp,1,14.676,14.676,14.676,14.676,0.0,0.0,3.1230004802430375e-06,0.9999858560593542
513,Host,IteratorGetNext,IteratorGetNext,2,14.673,7.3365,14.673,7.3365,0.0,0.0,3.1223620909380003e-06,0.9999889784214452
514,Host,Dataset,Iterator::Root::ParallelMapV2::Zip,2,158.55,79.275,13.374,6.687,0.0,0.0,2.8459395218567995e-06,0.999991824360967
515,Host,_Send,IteratorGetNext/_1,2,7.78,3.89,7.78,3.89,0.0,0.0,1.6555562643970315e-06,0.9999934799172314
516,Host,_Send,IteratorGetNext/_3,2,6.408,3.204,6.408,3.204,0.0,0.0,1.36359955555992e-06,0.999994843516787
517,Host,_Send,IteratorGetNext/_6,2,5.665,2.8325,5.665,2.8325,0.0,0.0,1.2054918043456532e-06,0.9999960490085914
518,Host,Identity,Identity,2,4.689,2.3445,4.689,2.3445,0.0,0.0,9.978024837734808e-07,0.9999970468110752
519,Host,Dataset,Iterator::Root::ParallelMapV2::Zip[0]::FlatMap[1]::Concatenate[1]::FromTensor,2,4.173,2.0865,4.173,2.0865,0.0,0.0,8.879995233070453e-07,0.9999979348105985
520,Host,_HostSend,categorical_crossentropy/softmax_cross_entropy_with_logits/Shape_2/_9,2,2.991,1.4955,2.991,1.4955,0.0,0.0,6.364741371223035e-07,0.9999985712847357
521,Host,Dataset,Iterator::Root::ParallelMapV2::Zip[1]::ForeverRepeat::FromTensor,4,2.951,0.73775,2.951,0.73775,0.0,0.0,6.279622797218046e-07,0.9999991992470154
522,Host,Dataset,Iterator::Root::ParallelMapV2::Zip[0]::FlatMap[1]::Concatenate[0]::TensorSlice,1,2.651,2.651,2.651,2.651,0.0,0.0,5.641233492180629e-07,0.9999997633703647
523,Host,Dataset,Iterator::Root::ParallelMapV2::Zip[0]::FlatMap::Prefetch,1,1.112,1.112,1.112,1.112,0.0,0.0,2.3662963573386878e-07,1.0000000000000004
