Rank,Host/device,Type,Operation,#Occurrences,Total time (us),Avg. time (us),Total self-time (us),Avg. self-time (us),Total self-time on Device (%),Cumulative total-self time on Device (%),Total self-time on Host (%),Cumulative total-self time on Host (%)
1,Device,IDLE,IDLE,0,4118.822,0.0,4118.822,0.0,0.160719677550943,0.160719677550943,0.0,0.0
2,Device,Conv2DBackpropFilter,gradient_tape/sequential/conv2d_1/Conv2D/Conv2DBackpropFilter,4,840.802,210.2005,840.802,210.2005,0.03280875607739008,0.19352843362833308,0.0,0.0
3,Device,ResourceApplyGradientDescent,SGD/SGD/update_28/ResourceApplyGradientDescent,2,829.378,414.689,829.378,414.689,0.032362982602269774,0.22589141623060285,0.0,0.0
4,Device,Conv2DBackpropFilter,gradient_tape/sequential/conv2d_8/Conv2D/Conv2DBackpropFilter,4,807.233,201.80825,807.233,201.80825,0.03149886726556291,0.2573902834961658,0.0,0.0
5,Device,Conv2DBackpropFilter,gradient_tape/sequential/conv2d_9/Conv2D/Conv2DBackpropFilter,4,806.338,201.5845,806.338,201.5845,0.03146394366085067,0.2888542271570164,0.0,0.0
6,Device,Conv2DBackpropFilter,gradient_tape/sequential/conv2d_10/Conv2D/Conv2DBackpropFilter,2,720.002,360.001,720.002,360.001,0.02809504496092185,0.3169492721179383,0.0,0.0
7,Device,Conv2DBackpropFilter,gradient_tape/sequential/conv2d_11/Conv2D/Conv2DBackpropFilter,2,719.778,359.889,719.778,359.889,0.028086304304546943,0.3450355764224852,0.0,0.0
8,Device,Conv2DBackpropFilter,gradient_tape/sequential/conv2d_12/Conv2D/Conv2DBackpropFilter,2,695.681,347.8405,695.681,347.8405,0.02714602039085874,0.37218159681334395,0.0,0.0
9,Device,Conv2DBackpropFilter,gradient_tape/sequential/conv2d_3/Conv2D/Conv2DBackpropFilter,2,545.634,272.817,545.634,272.817,0.021291068305654196,0.39347266511899814,0.0,0.0
10,Device,_FusedConv2D,sequential/conv2d_8/Relu,4,523.136,130.784,523.136,130.784,0.020413178630999375,0.41388584374999754,0.0,0.0
11,Device,_FusedConv2D,sequential/conv2d_9/Relu,4,521.601,130.40025,521.601,130.40025,0.020353281722358823,0.4342391254723564,0.0,0.0
12,Device,_FusedConv2D,sequential/conv2d_1/Relu,2,483.872,241.936,483.872,241.936,0.01888106643499765,0.45312019190735403,0.0,0.0
13,Device,Conv2DBackpropInput,gradient_tape/sequential/conv2d_1/Conv2D/Conv2DBackpropInput,2,483.104,241.552,483.104,241.552,0.018851098470283677,0.4719712903776377,0.0,0.0
14,Device,Conv2DBackpropInput,gradient_tape/sequential/conv2d_8/Conv2D/Conv2DBackpropInput,4,444.064,111.016,444.064,111.016,0.017327726930656862,0.48929901730829456,0.0,0.0
15,Device,Conv2DBackpropInput,gradient_tape/sequential/conv2d_9/Conv2D/Conv2DBackpropInput,4,439.328,109.832,439.328,109.832,0.017142924481587375,0.5064419417898819,0.0,0.0
16,Device,ResourceApplyGradientDescent,SGD/SGD/update_26/ResourceApplyGradientDescent,2,411.264,205.632,411.264,205.632,0.01604784510433105,0.5224897868942129,0.0,0.0
17,Device,Conv2DBackpropInput,gradient_tape/sequential/conv2d_3/Conv2D/Conv2DBackpropInput,4,401.632,100.408,401.632,100.408,0.015671996880210006,0.5381617837744229,0.0,0.0
18,Device,Conv2DBackpropFilter,gradient_tape/sequential/conv2d_2/Conv2D/Conv2DBackpropFilter,4,379.008,94.752,379.008,94.752,0.014789190586344298,0.5529509743607672,0.0,0.0
19,Device,Conv2DBackpropInput,gradient_tape/sequential/conv2d_6/Conv2D/Conv2DBackpropInput,2,366.273,183.1365,366.273,183.1365,0.01429226085895835,0.5672432352197256,0.0,0.0
20,Device,Conv2DBackpropInput,gradient_tape/sequential/conv2d_5/Conv2D/Conv2DBackpropInput,2,365.056,182.528,365.056,182.528,0.014244772560707174,0.5814880077804329,0.0,0.0
21,Device,Conv2DBackpropInput,gradient_tape/sequential/conv2d_12/Conv2D/Conv2DBackpropInput,4,359.648,89.912,359.648,89.912,0.014033748142512969,0.5955217559229459,0.0,0.0
22,Device,Conv2DBackpropFilter,gradient_tape/sequential/conv2d_5/Conv2D/Conv2DBackpropFilter,4,358.528,89.632,358.528,89.632,0.013990044860638429,0.6095118007835842,0.0,0.0
23,Device,Conv2DBackpropInput,gradient_tape/sequential/conv2d_11/Conv2D/Conv2DBackpropInput,4,356.608,89.152,356.608,89.152,0.013915124948853502,0.6234269257324377,0.0,0.0
24,Device,Conv2DBackpropInput,gradient_tape/sequential/conv2d_10/Conv2D/Conv2DBackpropInput,4,354.304,88.576,354.304,88.576,0.01382522105471159,0.6372521467871494,0.0,0.0
25,Device,Conv2DBackpropFilter,gradient_tape/sequential/conv2d_6/Conv2D/Conv2DBackpropFilter,4,351.136,87.784,351.136,87.784,0.013701603200266465,0.6509537499874158,0.0,0.0
26,Device,_FusedConv2D,sequential/conv2d_3/Relu,4,331.169,82.79225,331.169,82.79225,0.012922475138490626,0.6638762251259065,0.0,0.0
27,Device,_FusedConv2D,sequential/conv2d_11/Relu,4,330.208,82.552,330.208,82.552,0.012884976161810778,0.6767612012877172,0.0,0.0
28,Device,_FusedConv2D,sequential/conv2d_12/Relu,4,329.792,82.448,329.792,82.448,0.012868743514257375,0.6896299448019746,0.0,0.0
29,Device,_FusedConv2D,sequential/conv2d_10/Relu,4,328.8,82.2,328.8,82.2,0.012830034893168498,0.7024599796951431,0.0,0.0
30,Device,_FusedConv2D,sequential/conv2d_7/Relu,4,328.002,82.0005,328.002,82.0005,0.012798896304832889,0.715258875999976,0.0,0.0
31,Device,MatMul,gradient_tape/sequential/dense_1/MatMul/MatMul,2,305.536,152.768,305.536,152.768,0.011922255295374483,0.7271811312953504,0.0,0.0
32,Device,_FusedConv2D,sequential/conv2d_5/Relu,4,303.648,75.912,303.648,75.912,0.011848584048785974,0.7390297153441364,0.0,0.0
33,Device,_FusedConv2D,sequential/conv2d_6/Relu,4,302.304,75.576,302.304,75.576,0.011796140110536524,0.750825855454673,0.0,0.0
34,Device,MatMul,gradient_tape/sequential/dense_1/MatMul/MatMul_1,2,291.232,145.616,291.232,145.616,0.011364101952576788,0.7621899574072497,0.0,0.0
35,Device,MatMul,sequential/dense_1/MatMul,2,291.17,145.585,291.17,145.585,0.011361682663758733,0.7735516400710084,0.0,0.0
36,Device,Conv2DBackpropInput,gradient_tape/sequential/conv2d_7/Conv2D/Conv2DBackpropInput,4,279.264,69.816,279.264,69.816,0.010897101169117419,0.7844487412401259,0.0,0.0
37,Device,Conv2DBackpropFilter,gradient_tape/sequential/conv2d_7/Conv2D/Conv2DBackpropFilter,4,271.713,67.92825,271.713,67.92825,0.010602455203550767,0.7950511964436766,0.0,0.0
38,Device,Conv2DBackpropFilter,gradient_tape/sequential/conv2d_4/Conv2D/Conv2DBackpropFilter,2,244.576,122.288,244.576,122.288,0.009543548096203096,0.8045947445398797,0.0,0.0
39,Device,Conv2DBackpropInput,gradient_tape/sequential/conv2d_2/Conv2D/Conv2DBackpropInput,2,237.408,118.704,237.408,118.704,0.009263847092206042,0.8138585916320857,0.0,0.0
40,Device,ReluGrad,gradient_tape/sequential/conv2d_1/ReluGrad,2,214.433,107.2165,214.433,107.2165,0.008367344501967154,0.8222259361340529,0.0,0.0
41,Device,_FusedConv2D,sequential/conv2d_2/Relu,4,212.448,53.112,212.448,53.112,0.00828988823900201,0.8305158243730549,0.0,0.0
42,Device,Conv2DBackpropInput,gradient_tape/sequential/conv2d_4/Conv2D/Conv2DBackpropInput,2,207.233,103.6165,207.233,103.6165,0.008086394832773684,0.8386022192058287,0.0,0.0
43,Device,MatMul,gradient_tape/sequential/dense/MatMul/MatMul,2,201.856,100.928,201.856,100.928,0.007876580058988504,0.8464787992648172,0.0,0.0
44,Device,ReluGrad,gradient_tape/sequential/conv2d/ReluGrad,2,201.152,100.576,201.152,100.576,0.007849109424667364,0.8543279086894845,0.0,0.0
45,Device,Conv2DBackpropFilter,gradient_tape/sequential/conv2d/Conv2D/Conv2DBackpropFilter,2,191.52,95.76,191.52,95.76,0.007473261200546322,0.8618011698900309,0.0,0.0
46,Device,_FusedConv2D,sequential/conv2d_4/Relu,4,166.944,41.736,166.944,41.736,0.006514286329699274,0.8683154562197302,0.0,0.0
47,Device,MaxPoolGrad,gradient_tape/sequential/max_pooling2d/MaxPool/MaxPoolGrad,2,166.848,83.424,166.848,83.424,0.006510540334110029,0.8748259965538402,0.0,0.0
48,Device,MatMul,sequential/dense/MatMul,2,166.08,83.04,166.08,83.04,0.006480572369396059,0.8813065689232362,0.0,0.0
49,Device,MatMul,gradient_tape/sequential/dense/MatMul/MatMul_1,2,149.504,74.752,149.504,74.752,0.005833763797652868,0.8871403327208891,0.0,0.0
50,Device,_FusedConv2D,sequential/conv2d/Relu,2,137.121,68.5605,137.121,68.5605,0.005350569387427486,0.8924909021083166,0.0,0.0
51,Device,ResourceApplyGradientDescent,SGD/SGD/update_18/ResourceApplyGradientDescent,2,124.608,62.304,124.608,62.304,0.004862302274841667,0.8973532043831582,0.0,0.0
52,Device,ResourceApplyGradientDescent,SGD/SGD/update_16/ResourceApplyGradientDescent,2,124.385,62.1925,124.385,62.1925,0.0048536006392541475,0.9022068050224124,0.0,0.0
53,Device,SoftmaxCrossEntropyWithLogits,categorical_crossentropy/softmax_cross_entropy_with_logits,2,122.88,61.44,122.88,61.44,0.004794874354235234,0.9070016793766476,0.0,0.0
54,Device,ResourceApplyGradientDescent,SGD/SGD/update_22/ResourceApplyGradientDescent,2,114.848,57.424,114.848,57.424,0.004481459389934962,0.9114831387665825,0.0,0.0
55,Device,ResourceApplyGradientDescent,SGD/SGD/update_24/ResourceApplyGradientDescent,2,114.72,57.36,114.72,57.36,0.0044764647291493,0.9159596034957318,0.0,0.0
56,Device,ResourceApplyGradientDescent,SGD/SGD/update_20/ResourceApplyGradientDescent,2,114.464,57.232,114.464,57.232,0.004466475407577977,0.9204260789033097,0.0,0.0
57,Device,ReluGrad,gradient_tape/sequential/conv2d_3/ReluGrad,2,105.792,52.896,105.792,52.896,0.0041280871393493965,0.9245541660426592,0.0,0.0
58,Device,ReluGrad,gradient_tape/sequential/conv2d_2/ReluGrad,2,98.592,49.296,98.592,49.296,0.003847137470155926,0.9284013035128151,0.0,0.0
59,Device,BiasAddGrad,gradient_tape/sequential/conv2d_1/BiasAdd/BiasAddGrad,2,89.856,44.928,89.856,44.928,0.0035062518715345144,0.9319075553843497,0.0,0.0
60,Device,MaxPool,sequential/max_pooling2d/MaxPool,2,89.152,44.576,89.152,44.576,0.0034787812372133755,0.935386336621563,0.0,0.0
61,Device,MaxPoolGrad,gradient_tape/sequential/max_pooling2d_1/MaxPool/MaxPoolGrad,2,84.416,42.208,84.416,42.208,0.0032939787881438925,0.9386803154097069,0.0,0.0
62,Device,BiasAddGrad,gradient_tape/sequential/conv2d/BiasAdd/BiasAddGrad,2,80.192,40.096,80.192,40.096,0.0031291549822170563,0.941809470391924,0.0,0.0
63,Device,_Send,IteratorGetNext/_1,2,68.512,34.256,68.512,34.256,0.002673392185525426,0.9444828625774494,0.0,0.0
64,Device,ResourceApplyGradientDescent,SGD/SGD/update_14/ResourceApplyGradientDescent,2,64.576,32.288,64.576,32.288,0.0025198063663663286,0.9470026689438157,0.0,0.0
65,Device,MaxPoolGrad,gradient_tape/sequential/max_pooling2d_3/MaxPool/MaxPoolGrad,2,58.496,29.248,58.496,29.248,0.002282559979047398,0.949285228922863,0.0,0.0
66,Device,BiasAddGrad,gradient_tape/sequential/conv2d_2/BiasAdd/BiasAddGrad,2,57.185,28.5925,57.185,28.5925,0.0022314037267817536,0.9515166326496448,0.0,0.0
67,Device,BiasAddGrad,gradient_tape/sequential/conv2d_3/BiasAdd/BiasAddGrad,2,54.656,27.328,54.656,27.328,0.002132720155477547,0.9536493528051223,0.0,0.0
68,Device,ReluGrad,gradient_tape/sequential/conv2d_5/ReluGrad,2,53.952,26.976,53.952,26.976,0.0021052495211564075,0.9557546023262787,0.0,0.0
69,Device,ReluGrad,gradient_tape/sequential/conv2d_4/ReluGrad,2,53.792,26.896,53.792,26.896,0.0020990061951743303,0.9578536085214531,0.0,0.0
70,Device,MaxPoolGrad,gradient_tape/sequential/max_pooling2d_4/MaxPool/MaxPoolGrad,2,49.952,24.976,49.952,24.976,0.0019491663716044792,0.9598027748930575,0.0,0.0
71,Device,MaxPoolGrad,gradient_tape/sequential/max_pooling2d_2/MaxPool/MaxPoolGrad,2,47.296,23.648,47.296,23.648,0.001845527160301999,0.9616483020533595,0.0,0.0
72,Device,MaxPool,sequential/max_pooling2d_1/MaxPool,2,44.865,22.4325,44.865,22.4325,0.0017506676261618147,0.9633989696795213,0.0,0.0
73,Device,ReluGrad,gradient_tape/sequential/conv2d_6/ReluGrad,2,38.304,19.152,38.304,19.152,0.0014946522401092645,0.9648936219196306,0.0,0.0
74,Device,ResourceApplyGradientDescent,SGD/SGD/update_12/ResourceApplyGradientDescent,2,35.84,17.92,35.84,17.92,0.0013985050199852766,0.9662921269396159,0.0,0.0
75,Device,ResourceApplyGradientDescent,SGD/SGD/update_10/ResourceApplyGradientDescent,2,35.361,17.6805,35.361,17.6805,0.0013798140628264331,0.9676719410024422,0.0,0.0
76,Device,BiasAddGrad,gradient_tape/sequential/conv2d_6/BiasAdd/BiasAddGrad,2,33.057,16.5285,33.057,16.5285,0.0012899101686845225,0.9689618511711268,0.0,0.0
77,Device,BiasAddGrad,gradient_tape/sequential/conv2d_5/BiasAdd/BiasAddGrad,2,32.928,16.464,32.928,16.464,0.0012848764871114728,0.9702467276582383,0.0,0.0
78,Device,ReluGrad,gradient_tape/sequential/conv2d_8/ReluGrad,2,29.953,14.9765,29.953,14.9765,0.0011687896446322262,0.9714155173028705,0.0,0.0
79,Device,ReluGrad,gradient_tape/sequential/conv2d_7/ReluGrad,2,29.792,14.896,29.792,14.896,0.0011625072978627613,0.9725780246007332,0.0,0.0
80,Device,MatMul,sequential/dense_2/MatMul,2,29.376,14.688,29.376,14.688,0.0011462746503093607,0.9737242992510425,0.0,0.0
81,Device,BiasAddGrad,gradient_tape/sequential/conv2d_7/BiasAdd/BiasAddGrad,2,22.816,11.408,22.816,11.408,0.0008902982850441984,0.9746145975360867,0.0,0.0
82,Device,BiasAddGrad,gradient_tape/sequential/conv2d_8/BiasAdd/BiasAddGrad,2,21.056,10.528,21.056,10.528,0.0008216216992413501,0.9754362192353281,0.0,0.0
83,Device,ResourceApplyGradientDescent,SGD/SGD/update_8/ResourceApplyGradientDescent,2,20.8,10.4,20.8,10.4,0.0008116323776700266,0.9762478516129981,0.0,0.0
84,Device,BiasAddGrad,gradient_tape/sequential/conv2d_9/BiasAdd/BiasAddGrad,2,20.704,10.352,20.704,10.352,0.0008078863820807804,0.9770557379950788,0.0,0.0
85,Device,ArgMax,ArgMax,2,20.16,10.08,20.16,10.08,0.0007866590737417181,0.9778423970688206,0.0,0.0
86,Device,ArgMax,ArgMax_1,2,19.584,9.792,19.584,9.792,0.0007641831002062404,0.9786065801690268,0.0,0.0
87,Device,Softmax,sequential/dense_2/Softmax,2,19.136,9.568,19.136,9.568,0.0007467017874564244,0.9793532819564832,0.0,0.0
88,Device,BiasAddGrad,gradient_tape/sequential/conv2d_4/BiasAdd/BiasAddGrad,2,18.496,9.248,18.496,9.248,0.0007217284835281159,0.9800750104400113,0.0,0.0
89,Device,BiasAddGrad,gradient_tape/sequential/conv2d_12/BiasAdd/BiasAddGrad,2,15.68,7.84,15.68,7.84,0.0006118459462435585,0.9806868563862549,0.0,0.0
90,Device,BiasAddGrad,gradient_tape/sequential/conv2d_10/BiasAdd/BiasAddGrad,2,15.552,7.776,15.552,7.776,0.0006068512854578967,0.9812937076717128,0.0,0.0
91,Device,BiasAddGrad,gradient_tape/sequential/conv2d_11/BiasAdd/BiasAddGrad,2,15.552,7.776,15.552,7.776,0.0006068512854578967,0.9819005589571707,0.0,0.0
92,Device,Transpose,gradient_tape/sequential/conv2d/Conv2D/Conv2DBackpropFilter-0-TransposeNHWCToNCHW-LayoutOptimizer,2,15.232,7.616,15.232,7.616,0.0005943646334937425,0.9824949235906644,0.0,0.0
93,Device,MatMul,gradient_tape/sequential/dense_2/MatMul/MatMul_1,2,13.44,6.72,13.44,6.72,0.0005244393824944787,0.9830193629731588,0.0,0.0
94,Device,MaxPool,sequential/max_pooling2d_2/MaxPool,2,13.152,6.576,13.152,6.576,0.0005132013957267398,0.9835325643688856,0.0,0.0
95,Device,MatMul,gradient_tape/sequential/dense_2/MatMul/MatMul,2,12.992,6.496,12.992,6.496,0.0005069580697446628,0.9840395224386302,0.0,0.0
96,Device,ResourceApplyGradientDescent,SGD/SGD/update_6/ResourceApplyGradientDescent,2,12.832,6.416,12.832,6.416,0.0005007147437625857,0.9845402371823928,0.0,0.0
97,Device,ReluGrad,gradient_tape/sequential/conv2d_11/ReluGrad,2,12.064,6.032,12.064,6.032,0.0004707467790486154,0.9850109839614414,0.0,0.0
98,Device,ResourceApplyGradientDescent,SGD/SGD/update_30/ResourceApplyGradientDescent,2,11.616,5.808,11.616,5.808,0.00045326546629879944,0.9854642494277401,0.0,0.0
99,Device,ReluGrad,gradient_tape/sequential/conv2d_10/ReluGrad,2,11.488,5.744,11.488,5.744,0.00044827080551313776,0.9859125202332533,0.0,0.0
100,Device,ReluGrad,gradient_tape/sequential/conv2d_9/ReluGrad,2,10.848,5.424,10.848,5.424,0.0004232975015848293,0.9863358177348381,0.0,0.0
101,Device,ResourceApplyGradientDescent,SGD/SGD/update_4/ResourceApplyGradientDescent,2,10.464,5.232,10.464,5.232,0.00040831351922784414,0.986744131254066,0.0,0.0
102,Device,MaxPool,sequential/max_pooling2d_3/MaxPool,2,10.017,5.0085,10.017,5.0085,0.00039087122726541617,0.9871350024813315,0.0,0.0
103,Device,Transpose,gradient_tape/sequential/max_pooling2d_4/MaxPool/MaxPoolGrad-2-TransposeNHWCToNCHW-LayoutOptimizer,2,8.928,4.464,8.928,4.464,0.00034837758979990377,0.9874833800711313,0.0,0.0
104,Device,ReluGrad,gradient_tape/sequential/dense/ReluGrad,2,8.48,4.24,8.48,4.24,0.0003308962770500878,0.9878142763481814,0.0,0.0
105,Device,ResourceApplyGradientDescent,SGD/SGD/update_2/ResourceApplyGradientDescent,2,8.032,4.016,8.032,4.016,0.0003134149643002718,0.9881276913124817,0.0,0.0
106,Device,MaxPool,sequential/max_pooling2d_4/MaxPool,2,7.872,3.936,7.872,3.936,0.00030717163831819465,0.9884348629507999,0.0,0.0
107,Device,ResourceApplyGradientDescent,SGD/SGD/update_29/ResourceApplyGradientDescent,2,7.36,3.68,7.36,3.68,0.0002871929951755479,0.9887220559459754,0.0,0.0
108,Device,BiasAdd,sequential/dense/BiasAdd,2,7.36,3.68,7.36,3.68,0.0002871929951755479,0.9890092489411509,0.0,0.0
109,Device,ResourceApplyGradientDescent,SGD/SGD/update_23/ResourceApplyGradientDescent,2,7.296,3.648,7.296,3.648,0.000284695664782717,0.9892939446059337,0.0,0.0
110,Device,ResourceApplyGradientDescent,SGD/SGD/update_27/ResourceApplyGradientDescent,2,7.296,3.648,7.296,3.648,0.000284695664782717,0.9895786402707164,0.0,0.0
111,Device,Transpose,sequential/max_pooling2d_4/MaxPool-0-2-TransposeNCHWToNHWC-LayoutOptimizer,2,7.264,3.632,7.264,3.632,0.0002834469995863016,0.9898620872703027,0.0,0.0
112,Device,ReluGrad,gradient_tape/sequential/conv2d_12/ReluGrad,2,6.624,3.312,6.624,3.312,0.0002584736956579931,0.9901205609659607,0.0,0.0
113,Device,ResourceApplyGradientDescent,SGD/SGD/update/ResourceApplyGradientDescent,2,6.56,3.28,6.56,3.28,0.00025597636526516224,0.9903765373312259,0.0,0.0
114,Device,ResourceApplyGradientDescent,SGD/SGD/update_25/ResourceApplyGradientDescent,2,6.56,3.28,6.56,3.28,0.00025597636526516224,0.9906325136964911,0.0,0.0
115,Device,BiasAdd,sequential/dense_1/BiasAdd,2,6.528,3.264,6.528,3.264,0.0002547277000687468,0.9908872413965598,0.0,0.0
116,Device,BiasAddGrad,gradient_tape/sequential/dense_2/BiasAdd/BiasAddGrad,2,6.336,3.168,6.336,3.168,0.0002472357088902543,0.9911344771054501,0.0,0.0
117,Device,ResourceApplyGradientDescent,SGD/SGD/update_15/ResourceApplyGradientDescent,2,6.304,3.152,6.304,3.152,0.00024598704369383883,0.9913804641491439,0.0,0.0
118,Device,ResourceApplyGradientDescent,SGD/SGD/update_17/ResourceApplyGradientDescent,2,6.24,3.12,6.24,3.12,0.000243489713301008,0.991623953862445,0.0,0.0
119,Device,ResourceApplyGradientDescent,SGD/SGD/update_9/ResourceApplyGradientDescent,2,6.208,3.104,6.208,3.104,0.00024224104810459255,0.9918661949105495,0.0,0.0
120,Device,ResourceApplyGradientDescent,SGD/SGD/update_13/ResourceApplyGradientDescent,2,6.176,3.088,6.176,3.088,0.00024099238290817713,0.9921071872934577,0.0,0.0
121,Device,ResourceApplyGradientDescent,SGD/SGD/update_1/ResourceApplyGradientDescent,2,6.144,3.072,6.144,3.072,0.0002397437177117617,0.9923469310111694,0.0,0.0
122,Device,ResourceApplyGradientDescent,SGD/SGD/update_21/ResourceApplyGradientDescent,2,6.144,3.072,6.144,3.072,0.0002397437177117617,0.9925866747288812,0.0,0.0
123,Device,ResourceApplyGradientDescent,SGD/SGD/update_3/ResourceApplyGradientDescent,2,6.144,3.072,6.144,3.072,0.0002397437177117617,0.9928264184465929,0.0,0.0
124,Device,ResourceApplyGradientDescent,SGD/SGD/update_19/ResourceApplyGradientDescent,2,6.112,3.056,6.112,3.056,0.00023849505251534626,0.9930649134991083,0.0,0.0
125,Device,ResourceApplyGradientDescent,SGD/SGD/update_5/ResourceApplyGradientDescent,2,6.048,3.024,6.048,3.024,0.00023599772212251543,0.9933009112212308,0.0,0.0
126,Device,ResourceApplyGradientDescent,SGD/SGD/update_7/ResourceApplyGradientDescent,2,6.048,3.024,6.048,3.024,0.00023599772212251543,0.9935369089433532,0.0,0.0
127,Device,ResourceApplyGradientDescent,SGD/SGD/update_11/ResourceApplyGradientDescent,2,5.984,2.992,5.984,2.992,0.00023350039172968456,0.9937704093350829,0.0,0.0
128,Device,BiasAddGrad,gradient_tape/sequential/dense_1/BiasAdd/BiasAddGrad,2,5.984,2.992,5.984,2.992,0.00023350039172968456,0.9940039097268125,0.0,0.0
129,Device,Equal,Equal,2,5.952,2.976,5.952,2.976,0.00023225172653326914,0.9942361614533458,0.0,0.0
130,Device,AssignAddVariableOp,AssignAddVariableOp_2,2,5.856,2.928,5.856,2.928,0.00022850573094402286,0.9944646671842898,0.0,0.0
131,Device,AssignAddVariableOp,AssignAddVariableOp_4,2,5.856,2.928,5.856,2.928,0.00022850573094402286,0.9946931729152338,0.0,0.0
132,Device,AssignAddVariableOp,SGD/SGD/AssignAddVariableOp,2,5.792,2.896,5.792,2.896,0.00022600840055119202,0.994919181315785,0.0,0.0
133,Device,Relu,sequential/dense/Relu,2,5.76,2.88,5.76,2.88,0.00022475973535477658,0.9951439410511398,0.0,0.0
134,Device,BiasAddGrad,gradient_tape/sequential/dense/BiasAdd/BiasAddGrad,2,5.728,2.864,5.728,2.864,0.00022351107015836116,0.9953674521212982,0.0,0.0
135,Device,ReluGrad,gradient_tape/sequential/dense_1/ReluGrad,2,5.664,2.832,5.664,2.832,0.0002210137397655303,0.9955884658610638,0.0,0.0
136,Device,Cast,Cast,2,5.632,2.816,5.632,2.816,0.00021976507456911487,0.9958082309356329,0.0,0.0
137,Device,Tile,gradient_tape/categorical_crossentropy/weighted_loss/Tile_1,2,5.536,2.768,5.536,2.768,0.0002160190789798686,0.9960242500146127,0.0,0.0
138,Device,DivNoNan,categorical_crossentropy/weighted_loss/value,2,5.504,2.752,5.504,2.752,0.00021477041378345317,0.9962390204283962,0.0,0.0
139,Device,BiasAdd,sequential/dense_2/BiasAdd,2,5.472,2.736,5.472,2.736,0.00021352174858703778,0.9964525421769832,0.0,0.0
140,Device,Mul,Mul,2,5.44,2.72,5.44,2.72,0.00021227308339062236,0.9966648152603739,0.0,0.0
141,Device,Mul,gradient_tape/categorical_crossentropy/softmax_cross_entropy_with_logits/mul,2,5.44,2.72,5.44,2.72,0.00021227308339062236,0.9968770883437645,0.0,0.0
142,Device,DivNoNan,gradient_tape/categorical_crossentropy/weighted_loss/value/div_no_nan,2,5.408,2.704,5.408,2.704,0.00021102441819420692,0.9970881127619587,0.0,0.0
143,Device,Cast,Cast_1,2,5.376,2.688,5.376,2.688,0.0002097757529977915,0.9972978885149565,0.0,0.0
144,Device,ResourceApplyGradientDescent,SGD/SGD/update_31/ResourceApplyGradientDescent,2,5.344,2.672,5.344,2.672,0.00020852708780137608,0.9975064156027579,0.0,0.0
145,Device,AssignAddVariableOp,AssignAddVariableOp,2,5.28,2.64,5.28,2.64,0.0002060297574085452,0.9977124453601665,0.0,0.0
146,Device,AssignAddVariableOp,AssignAddVariableOp_1,2,5.216,2.608,5.216,2.608,0.00020353242701571438,0.9979159777871822,0.0,0.0
147,Device,AssignAddVariableOp,AssignAddVariableOp_3,2,5.216,2.608,5.216,2.608,0.00020353242701571438,0.998119510214198,0.0,0.0
148,Device,Sum,categorical_crossentropy/weighted_loss/Sum,2,5.152,2.576,5.152,2.576,0.0002010350966228835,0.9983205453108208,0.0,0.0
149,Device,Relu,sequential/dense_1/Relu,2,5.152,2.576,5.152,2.576,0.0002010350966228835,0.9985215804074437,0.0,0.0
150,Device,Sum,Sum_2,2,5.024,2.512,5.024,2.512,0.0001960404358372218,0.9987176208432809,0.0,0.0
151,Device,DivNoNan,div_no_nan,2,4.96,2.48,4.96,2.48,0.00019354310544439094,0.9989111639487253,0.0,0.0
152,Device,DivNoNan,div_no_nan_1,2,4.96,2.48,4.96,2.48,0.00019354310544439094,0.9991047070541696,0.0,0.0
153,Device,Cast,categorical_crossentropy/weighted_loss/num_elements/Cast,2,4.768,2.384,4.768,2.384,0.0001860511142658984,0.9992907581684356,0.0,0.0
154,Device,Cast,Cast_2,2,4.736,2.368,4.736,2.368,0.00018480244906948296,0.9994755606175051,0.0,0.0
155,Device,_Recv,categorical_crossentropy/weighted_loss/num_elements/_14,2,3.744,1.872,3.744,1.872,0.00014609382798060479,0.9996216544454857,0.0,0.0
156,Device,_Recv,Size/_16,2,2.752,1.376,2.752,1.376,0.00010738520689172659,0.9997290396523774,0.0,0.0
157,Device,LogicalAnd,LogicalAnd,1,2.624,2.624,2.624,2.624,0.0001023905461060649,0.9998314301984834,0.0,0.0
158,Device,_Send,IteratorGetNext/_3,2,2.336,1.168,2.336,1.168,9.115255933832606e-05,0.9999225827578218,0.0,0.0
159,Device,_Recv,strided_slice/_12,2,1.984,0.992,1.984,0.992,7.741724217775639e-05,0.9999999999999996,0.0,0.0
160,Host,IDLE,IDLE,0,121099.432,0.0,121099.432,0.0,0.0,0.0,0.9888861657418387,0.9888861657418387
161,Host,_Send,IteratorGetNext/_1,2,382.989,191.4945,382.989,191.4945,0.0,0.0,0.003127450868070967,0.9920136166099097
162,Host,_Send,IteratorGetNext/_3,2,285.765,142.8825,285.765,142.8825,0.0,0.0,0.0023335291543994732,0.9943471457643092
163,Host,GatherV2,GatherV2,2,251.238,125.619,251.238,125.619,0.0,0.0,0.002051585035581736,0.9963987307998909
164,Host,_Send,IteratorGetNext/_6,2,141.272,70.636,141.272,70.636,0.0,0.0,0.0011536133910742127,0.9975523441909652
165,Host,Dataset,Iterator::Root::ParallelMapV2::Zip[1]::ForeverRepeat,2,49.582,24.791,45.806,22.903,0.0,0.0,0.00037404733416066444,0.9979263915251259
166,Host,FlushSummaryWriter,FlushSummaryWriter,1,34.049,34.049,34.049,34.049,0.0,0.0,0.00027804081737843215,0.9982044323425043
167,Host,LogicalAnd,LogicalAnd,1,32.489,32.489,32.489,32.489,0.0,0.0,0.00026530200933383896,0.9984697343518382
168,Host,Dataset,Iterator::Root::ParallelMapV2::Zip[0]::FlatMap[1]::Concatenate,2,47.921,23.9605,25.807,12.9035,0.0,0.0,0.00021073744820949804,0.9986804718000477
169,Host,Dataset,Iterator::Root::ParallelMapV2,2,23.738,11.869,23.738,11.869,0.0,0.0,0.00019384219574522667,0.998874313995793
170,Host,Dataset,Iterator::Root::ParallelMapV2::Zip[0]::FlatMap[1]::Concatenate[0]::TensorSlice,2,22.114,11.057,22.114,11.057,0.0,0.0,0.00018058076993470145,0.9990548947657276
171,Host,Dataset,Iterator::Root,2,44.889,22.4445,21.151,10.5755,0.0,0.0,0.00017271700573794294,0.9992276117714656
172,Host,WriteSummary,WriteSummary,1,20.677,20.677,20.677,20.677,0.0,0.0,0.00016884636790900884,0.9993964581393746
173,Host,_HostSend,categorical_crossentropy/softmax_cross_entropy_with_logits/Shape_2/_9,2,17.105,8.5525,17.105,8.5525,0.0,0.0,0.00013967776384792748,0.9995361359032225
174,Host,IteratorGetNext,IteratorGetNext,2,14.971,7.4855,14.971,7.4855,0.0,0.0,0.00012225172771513138,0.9996583876309377
175,Host,GatherV2,GatherV2_1,2,14.135,7.0675,14.135,7.0675,0.0,0.0,0.00011542503314764424,0.9997738126640854
176,Host,Dataset,Iterator::Root::ParallelMapV2::Zip,2,113.001,56.5005,11.64,5.82,0.0,0.0,9.50511061788878e-05,0.9998688637702643
177,Host,ReadVariableOp,ReadVariableOp,1,5.953,5.953,5.953,5.953,0.0,0.0,4.8611618134271395e-05,0.9999174753883986
178,Host,Dataset,Iterator::Root::ParallelMapV2::Zip[0]::FlatMap,2,51.779,25.8895,3.858,1.929,0.0,0.0,3.150405220259013e-05,0.9999489794406011
179,Host,Dataset,Iterator::Root::ParallelMapV2::Zip[1]::ForeverRepeat::FromTensor,4,3.776,0.944,3.776,0.944,0.0,0.0,3.0834448189989716e-05,0.9999798138887911
180,Host,Identity,Identity,2,2.472,1.236,2.472,1.236,0.0,0.0,2.0186111209124625e-05,1.0000000000000002
