Rank,Host/device,Type,Operation,#Occurrences,Total time (us),Avg. time (us),Total self-time (us),Avg. self-time (us),Total self-time on Device (%),Cumulative total-self time on Device (%),Total self-time on Host (%),Cumulative total-self time on Host (%)
1,Device,IDLE,IDLE,0,161418.776,0.0,161418.776,0.0,0.5447182483731439,0.5447182483731439,0.0,0.0
2,Device,Conv2DBackpropFilter,gradient_tape/inception_resnet_v2/conv2d_2/Conv2D/Conv2DBackpropFilter,2,1090.882,545.441,1090.882,545.441,0.003681252868760397,0.5483995012419043,0.0,0.0
3,Device,_Recv,IteratorGetNext/_2,2,1048.354,524.177,1048.354,524.177,0.0035377393430054186,0.5519372405849097,0.0,0.0
4,Device,Conv2DBackpropFilter,gradient_tape/inception_resnet_v2/conv2d_4/Conv2D/Conv2DBackpropFilter,2,877.953,438.9765,877.953,438.9765,0.0029627099905276616,0.5548999505754373,0.0,0.0
5,Device,Conv2DBackpropInput,gradient_tape/inception_resnet_v2/conv2d_4/Conv2D/Conv2DBackpropInput,4,870.369,217.59225,870.369,217.59225,0.002937117285031853,0.5578370678604692,0.0,0.0
6,Device,FusedBatchNormGradV3,gradient_tape/inception_resnet_v2/batch_normalization_2/FusedBatchNormGradV3,2,729.793,364.8965,729.793,364.8965,0.002462734351516714,0.5602998022119858,0.0,0.0
7,Device,Conv2DBackpropFilter,gradient_tape/inception_resnet_v2/conv2d_1/Conv2D/Conv2DBackpropFilter,4,718.976,179.744,718.976,179.744,0.0024262316754423254,0.5627260338874281,0.0,0.0
8,Device,Conv2DBackpropInput,gradient_tape/inception_resnet_v2/conv2d_2/Conv2D/Conv2DBackpropInput,2,687.649,343.8245,687.649,343.8245,0.0023205166589513973,0.5650465505463795,0.0,0.0
9,Device,Conv2D,inception_resnet_v2/conv2d_2/Conv2D,2,684.288,342.144,684.288,342.144,0.0023091747439762636,0.5673557252903558,0.0,0.0
10,Device,Conv2D,inception_resnet_v2/conv2d_4/Conv2D,4,583.105,145.77625,583.105,145.77625,0.0019677260730661347,0.569323451363422,0.0,0.0
11,Device,Conv2DBackpropFilter,gradient_tape/inception_resnet_v2/conv2d_74/Conv2D/Conv2DBackpropFilter,4,578.082,144.5205,578.082,144.5205,0.0019507756300669987,0.571274226993489,0.0,0.0
12,Device,FusedBatchNormV3,inception_resnet_v2/batch_normalization_2/FusedBatchNormV3,4,553.986,138.4965,553.986,138.4965,0.001869462097415758,0.5731436890909047,0.0,0.0
13,Device,Conv2DBackpropInput,gradient_tape/inception_resnet_v2/conv2d_74/Conv2D/Conv2DBackpropInput,4,549.056,137.264,549.056,137.264,0.0018528254890172434,0.574996514579922,0.0,0.0
14,Device,Conv2D,inception_resnet_v2/conv2d_74/Conv2D,4,545.921,136.48025,545.921,136.48025,0.001842246225867275,0.5768387608057892,0.0,0.0
15,Device,Conv2D,inception_resnet_v2/conv_7b/Conv2D,2,508.192,254.096,508.192,254.096,0.0017149272404174637,0.5785536880462067,0.0,0.0
16,Device,Conv2DBackpropInput,gradient_tape/inception_resnet_v2/conv2d_72/Conv2D/Conv2DBackpropInput,2,490.881,245.4405,490.881,245.4405,0.001656510135349169,0.5802101981815558,0.0,0.0
17,Device,FusedBatchNormGradV3,gradient_tape/inception_resnet_v2/batch_normalization/FusedBatchNormGradV3,2,483.105,241.5525,483.105,241.5525,0.0016302695132585298,0.5818404676948143,0.0,0.0
18,Device,Conv2DBackpropInput,gradient_tape/inception_resnet_v2/conv2d_1/Conv2D/Conv2DBackpropInput,2,476.449,238.2245,476.449,238.2245,0.0016078084046377357,0.583448276099452,0.0,0.0
19,Device,Conv2D,inception_resnet_v2/conv2d_1/Conv2D,2,474.625,237.3125,474.625,237.3125,0.0016016531969868448,0.5850499292964388,0.0,0.0
20,Device,Conv2DBackpropInput,gradient_tape/inception_resnet_v2/conv_7b/Conv2D/Conv2DBackpropInput,2,459.649,229.8245,459.649,229.8245,0.001551115702590058,0.5866010449990289,0.0,0.0
21,Device,FusedBatchNormGradV3,gradient_tape/inception_resnet_v2/batch_normalization_1/FusedBatchNormGradV3,2,432.576,216.288,432.576,216.288,0.001459756088153345,0.5880608010871822,0.0,0.0
22,Device,FusedBatchNormGradV3,gradient_tape/inception_resnet_v2/batch_normalization_4/FusedBatchNormGradV3,2,425.472,212.736,425.472,212.736,0.0014357831741446127,0.5894965842613268,0.0,0.0
23,Device,ReluGrad,gradient_tape/inception_resnet_v2/activation_2/ReluGrad,2,387.968,193.984,387.968,193.984,0.0013092234659543686,0.5908058077272812,0.0,0.0
24,Device,Conv2DBackpropInput,gradient_tape/inception_resnet_v2/conv2d_75/Conv2D/Conv2DBackpropInput,2,384.32,192.16,384.32,192.16,0.0012969130506525872,0.5921027207779338,0.0,0.0
25,Device,Conv2DBackpropFilter,gradient_tape/inception_resnet_v2/conv2d_72/Conv2D/Conv2DBackpropFilter,4,376.352,94.088,376.352,94.088,0.0012700245119671172,0.5933727452899009,0.0,0.0
26,Device,MaxPoolGrad,gradient_tape/inception_resnet_v2/max_pooling2d/MaxPool/MaxPoolGrad,2,336.672,168.336,336.672,168.336,0.0011361217490354597,0.5945088670389364,0.0,0.0
27,Device,Conv2D,inception_resnet_v2/conv2d_72/Conv2D,4,333.344,83.336,333.344,83.336,0.0011248911947250625,0.5956337582336614,0.0,0.0
28,Device,Conv2DBackpropFilter,gradient_tape/inception_resnet_v2/conv2d_75/Conv2D/Conv2DBackpropFilter,4,332.417,83.10425,332.417,83.10425,0.001121762972415646,0.596755521206077,0.0,0.0
29,Device,Conv2DBackpropInput,gradient_tape/inception_resnet_v2/block8_5_conv/Conv2D/Conv2DBackpropInput,4,299.168,74.792,299.168,74.792,0.0010095620408452155,0.5977650832469222,0.0,0.0
30,Device,Conv2DBackpropInput,gradient_tape/inception_resnet_v2/block8_1_conv/Conv2D/Conv2DBackpropInput,4,299.072,74.768,299.072,74.768,0.0010092380825478002,0.5987743213294701,0.0,0.0
31,Device,Conv2DBackpropInput,gradient_tape/inception_resnet_v2/block8_7_conv/Conv2D/Conv2DBackpropInput,4,298.976,74.744,298.976,74.744,0.0010089141242503848,0.5997832354537205,0.0,0.0
32,Device,Conv2DBackpropInput,gradient_tape/inception_resnet_v2/block8_6_conv/Conv2D/Conv2DBackpropInput,4,298.784,74.696,298.784,74.696,0.0010082662076555543,0.6007915016613761,0.0,0.0
33,Device,Conv2DBackpropInput,gradient_tape/inception_resnet_v2/block8_9_conv/Conv2D/Conv2DBackpropInput,4,298.688,74.672,298.688,74.672,0.001007942249358139,0.6017994439107343,0.0,0.0
34,Device,Conv2DBackpropInput,gradient_tape/inception_resnet_v2/block8_4_conv/Conv2D/Conv2DBackpropInput,4,298.368,74.592,298.368,74.592,0.0010068623883667546,0.602806306299101,0.0,0.0
35,Device,Conv2DBackpropInput,gradient_tape/inception_resnet_v2/block8_2_conv/Conv2D/Conv2DBackpropInput,4,298.273,74.56825,298.273,74.56825,0.0010065418046349376,0.6038128481037359,0.0,0.0
36,Device,Conv2DBackpropInput,gradient_tape/inception_resnet_v2/block8_8_conv/Conv2D/Conv2DBackpropInput,4,298.144,74.536,298.144,74.536,0.0010061064856727857,0.6048189545894087,0.0,0.0
37,Device,Conv2DBackpropInput,gradient_tape/inception_resnet_v2/block8_10_conv/Conv2D/Conv2DBackpropInput,4,298.114,74.5285,298.114,74.5285,0.0010060052487048433,0.6058249598381136,0.0,0.0
38,Device,Conv2DBackpropInput,gradient_tape/inception_resnet_v2/block8_3_conv/Conv2D/Conv2DBackpropInput,4,297.024,74.256,297.024,74.256,0.0010023269722029405,0.6068272868103165,0.0,0.0
39,Device,FusedBatchNormV3,inception_resnet_v2/batch_normalization_1/FusedBatchNormV3,4,294.049,73.51225,294.049,73.51225,0.0009922876395486641,0.6078195744498651,0.0,0.0
40,Device,FusedBatchNormV3,inception_resnet_v2/batch_normalization/FusedBatchNormV3,4,292.192,73.048,292.192,73.048,0.000986021071233037,0.6088055955210981,0.0,0.0
41,Device,FusedBatchNormV3,inception_resnet_v2/batch_normalization_4/FusedBatchNormV3,4,269.953,67.48825,269.953,67.48825,0.0009109741068974236,0.6097165696279956,0.0,0.0
42,Device,Conv2DBackpropFilter,gradient_tape/inception_resnet_v2/conv_7b/Conv2D/Conv2DBackpropFilter,4,268.352,67.088,268.352,67.088,0.0009055714273749039,0.6106221410553705,0.0,0.0
43,Device,Conv2D,inception_resnet_v2/conv2d_75/Conv2D,4,267.904,66.976,267.904,66.976,0.0009040596219869659,0.6115262006773574,0.0,0.0
44,Device,Relu,inception_resnet_v2/activation_2/Relu,2,252.8,126.4,252.8,126.4,0.0008530901831936252,0.612379290860551,0.0,0.0
45,Device,ReluGrad,gradient_tape/inception_resnet_v2/activation_4/ReluGrad,2,242.721,121.3605,242.721,121.3605,0.0008190779365306167,0.6131983687970816,0.0,0.0
46,Device,Conv2DBackpropFilter,gradient_tape/inception_resnet_v2/conv2d_73/Conv2D/Conv2DBackpropFilter,2,237.729,118.8645,237.729,118.8645,0.0008022321050650212,0.6140006009021466,0.0,0.0
47,Device,MaxPoolGrad,gradient_tape/inception_resnet_v2/max_pooling2d_3/MaxPool/MaxPoolGrad,2,236.545,118.2725,236.545,118.2725,0.000798236619396899,0.6147988375215435,0.0,0.0
48,Device,Conv2D,inception_resnet_v2/conv2d_161/Conv2D,4,235.649,58.91225,235.649,58.91225,0.000795213008621023,0.6155940505301646,0.0,0.0
49,Device,Conv2DBackpropInput,gradient_tape/inception_resnet_v2/conv2d_157/Conv2D/Conv2DBackpropInput,2,231.392,115.696,231.392,115.696,0.0007808474828700132,0.6163748980130346,0.0,0.0
50,Device,Conv2DBackpropFilter,gradient_tape/inception_resnet_v2/conv2d_161/Conv2D/Conv2DBackpropFilter,4,229.28,57.32,229.28,57.32,0.0007737204003268766,0.6171486184133614,0.0,0.0
51,Device,Conv2DBackpropFilter,gradient_tape/inception_resnet_v2/conv2d/Conv2D/Conv2DBackpropFilter,2,226.977,113.4885,226.977,113.4885,0.0007659487757545074,0.617914567189116,0.0,0.0
52,Device,Conv2D,inception_resnet_v2/block17_4_conv/Conv2D,2,225.601,112.8005,225.601,112.8005,0.0007613053734915547,0.6186758725626075,0.0,0.0
53,Device,Conv2D,inception_resnet_v2/block17_9_conv/Conv2D,2,224.801,112.4005,224.801,112.4005,0.0007586057210130939,0.6194344782836205,0.0,0.0
54,Device,Conv2D,inception_resnet_v2/block17_7_conv/Conv2D,2,224.384,112.192,224.384,112.192,0.0007571985271586962,0.6201916768107792,0.0,0.0
55,Device,Conv2D,inception_resnet_v2/block17_15_conv/Conv2D,2,224.256,112.128,224.256,112.128,0.0007567665827621424,0.6209484433935414,0.0,0.0
56,Device,Conv2D,inception_resnet_v2/block17_6_conv/Conv2D,2,224.0,112.0,224.0,112.0,0.000755902693969035,0.6217043460875105,0.0,0.0
57,Device,Conv2D,inception_resnet_v2/block17_17_conv/Conv2D,2,223.936,111.968,223.936,111.968,0.0007556867217707582,0.6224600328092812,0.0,0.0
58,Device,Conv2D,inception_resnet_v2/block17_18_conv/Conv2D,2,223.84,111.92,223.84,111.92,0.0007553627634733429,0.6232153955727545,0.0,0.0
59,Device,Conv2D,inception_resnet_v2/block17_3_conv/Conv2D,2,223.809,111.9045,223.809,111.9045,0.0007552581519398025,0.6239706537246943,0.0,0.0
60,Device,Conv2D,inception_resnet_v2/block17_2_conv/Conv2D,2,223.648,111.824,223.648,111.824,0.0007547148468785123,0.6247253685715728,0.0,0.0
61,Device,Conv2D,inception_resnet_v2/block17_11_conv/Conv2D,2,223.617,111.8085,223.617,111.8085,0.0007546102353449719,0.6254799788069177,0.0,0.0
62,Device,Conv2D,inception_resnet_v2/block17_12_conv/Conv2D,2,223.584,111.792,223.584,111.792,0.0007544988746802354,0.626234477681598,0.0,0.0
63,Device,Conv2D,inception_resnet_v2/block17_8_conv/Conv2D,2,223.489,111.7445,223.489,111.7445,0.0007541782909484181,0.6269886559725464,0.0,0.0
64,Device,Conv2D,inception_resnet_v2/block17_1_conv/Conv2D,2,223.424,111.712,223.424,111.712,0.0007539589441845433,0.6277426149167309,0.0,0.0
65,Device,Conv2D,inception_resnet_v2/block17_16_conv/Conv2D,2,223.329,111.6645,223.329,111.6645,0.000753638360452726,0.6284962532771836,0.0,0.0
66,Device,Conv2D,inception_resnet_v2/block17_10_conv/Conv2D,2,223.296,111.648,223.296,111.648,0.0007535269997879895,0.6292497802769716,0.0,0.0
67,Device,Conv2D,inception_resnet_v2/block17_19_conv/Conv2D,2,223.232,111.616,223.232,111.616,0.0007533110275897126,0.6300030913045613,0.0,0.0
68,Device,Conv2D,inception_resnet_v2/block17_5_conv/Conv2D,2,223.232,111.616,223.232,111.616,0.0007533110275897126,0.630756402332151,0.0,0.0
69,Device,Conv2D,inception_resnet_v2/block17_13_conv/Conv2D,2,223.169,111.5845,223.169,111.5845,0.0007530984299570338,0.6315095007621081,0.0,0.0
70,Device,Conv2D,inception_resnet_v2/block17_20_conv/Conv2D,2,222.88,111.44,222.88,111.44,0.0007521231804991899,0.6322616239426073,0.0,0.0
71,Device,Conv2D,inception_resnet_v2/block17_14_conv/Conv2D,2,222.848,111.424,222.848,111.424,0.0007520151944000515,0.6330136391370074,0.0,0.0
72,Device,Conv2DBackpropFilter,gradient_tape/inception_resnet_v2/conv2d_7/Conv2D/Conv2DBackpropFilter,2,221.825,110.9125,221.825,110.9125,0.0007485630137932195,0.6337622021508006,0.0,0.0
73,Device,Conv2DBackpropInput,gradient_tape/inception_resnet_v2/block17_14_conv/Conv2D/Conv2DBackpropInput,4,220.544,55.136,220.544,55.136,0.0007442401952620842,0.6345064423460627,0.0,0.0
74,Device,Conv2DBackpropInput,gradient_tape/inception_resnet_v2/block17_17_conv/Conv2D/Conv2DBackpropInput,4,220.448,55.112,220.448,55.112,0.0007439162369646689,0.6352503585830274,0.0,0.0
75,Device,Conv2DBackpropInput,gradient_tape/inception_resnet_v2/block17_11_conv/Conv2D/Conv2DBackpropInput,4,219.649,54.91225,219.649,54.91225,0.0007412199590518062,0.6359915785420792,0.0,0.0
76,Device,Conv2DBackpropInput,gradient_tape/inception_resnet_v2/block17_6_conv/Conv2D/Conv2DBackpropInput,4,219.008,54.752,219.008,54.752,0.0007390568625034394,0.6367306354045826,0.0,0.0
77,Device,Conv2DBackpropInput,gradient_tape/inception_resnet_v2/block17_3_conv/Conv2D/Conv2DBackpropInput,4,218.88,54.72,218.88,54.72,0.0007386249181068857,0.6374692603226895,0.0,0.0
78,Device,Conv2DBackpropInput,gradient_tape/inception_resnet_v2/block17_10_conv/Conv2D/Conv2DBackpropInput,4,218.432,54.608,218.432,54.608,0.0007371131127189475,0.6382063734354084,0.0,0.0
79,Device,Conv2DBackpropInput,gradient_tape/inception_resnet_v2/block17_9_conv/Conv2D/Conv2DBackpropInput,4,218.4,54.6,218.4,54.6,0.0007370051266198091,0.6389433785620282,0.0,0.0
80,Device,Conv2DBackpropInput,gradient_tape/inception_resnet_v2/block17_15_conv/Conv2D/Conv2DBackpropInput,4,218.304,54.576,218.304,54.576,0.0007366811683223939,0.6396800597303506,0.0,0.0
81,Device,Conv2DBackpropInput,gradient_tape/inception_resnet_v2/block17_16_conv/Conv2D/Conv2DBackpropInput,4,218.304,54.576,218.304,54.576,0.0007366811683223939,0.640416740898673,0.0,0.0
82,Device,Conv2DBackpropInput,gradient_tape/inception_resnet_v2/block17_8_conv/Conv2D/Conv2DBackpropInput,4,218.304,54.576,218.304,54.576,0.0007366811683223939,0.6411534220669953,0.0,0.0
83,Device,Conv2DBackpropInput,gradient_tape/inception_resnet_v2/block17_18_conv/Conv2D/Conv2DBackpropInput,4,218.017,54.50425,218.017,54.50425,0.000735712667995746,0.6418891347349911,0.0,0.0
84,Device,Conv2DBackpropInput,gradient_tape/inception_resnet_v2/block17_13_conv/Conv2D/Conv2DBackpropInput,4,217.888,54.472,217.888,54.472,0.0007352773490335942,0.6426244120840247,0.0,0.0
85,Device,Conv2DBackpropInput,gradient_tape/inception_resnet_v2/block17_7_conv/Conv2D/Conv2DBackpropInput,4,217.793,54.44825,217.793,54.44825,0.000734956765301777,0.6433593688493264,0.0,0.0
86,Device,Conv2DBackpropInput,gradient_tape/inception_resnet_v2/block17_5_conv/Conv2D/Conv2DBackpropInput,4,217.76,54.44,217.76,54.44,0.0007348454046370405,0.6440942142539635,0.0,0.0
87,Device,Conv2DBackpropInput,gradient_tape/inception_resnet_v2/block17_19_conv/Conv2D/Conv2DBackpropInput,4,217.728,54.432,217.728,54.432,0.0007347374185379021,0.6448289516725014,0.0,0.0
88,Device,Conv2DBackpropInput,gradient_tape/inception_resnet_v2/block17_12_conv/Conv2D/Conv2DBackpropInput,4,217.664,54.416,217.664,54.416,0.0007345214463396251,0.6455634731188411,0.0,0.0
89,Device,Conv2DBackpropInput,gradient_tape/inception_resnet_v2/block17_2_conv/Conv2D/Conv2DBackpropInput,4,217.664,54.416,217.664,54.416,0.0007345214463396251,0.6462979945651808,0.0,0.0
90,Device,Conv2DBackpropInput,gradient_tape/inception_resnet_v2/block17_4_conv/Conv2D/Conv2DBackpropInput,4,217.248,54.312,217.248,54.312,0.0007331176270508255,0.6470311121922316,0.0,0.0
91,Device,Conv2DBackpropInput,gradient_tape/inception_resnet_v2/block17_20_conv/Conv2D/Conv2DBackpropInput,4,217.089,54.27225,217.089,54.27225,0.0007325810711207314,0.6477636932633524,0.0,0.0
92,Device,Conv2DBackpropInput,gradient_tape/inception_resnet_v2/block17_1_conv/Conv2D/Conv2DBackpropInput,4,216.448,54.112,216.448,54.112,0.0007304179745723647,0.6484941112379248,0.0,0.0
93,Device,FusedBatchNormGradV3,gradient_tape/inception_resnet_v2/batch_normalization_3/FusedBatchNormGradV3,2,210.496,105.248,210.496,105.248,0.0007103325601326161,0.6492044437980574,0.0,0.0
94,Device,Conv2D,inception_resnet_v2/conv2d_157/Conv2D,4,202.368,50.592,202.368,50.592,0.0006829040909514539,0.6498873478890089,0.0,0.0
95,Device,ReluGrad,gradient_tape/inception_resnet_v2/activation/ReluGrad,2,196.736,98.368,196.736,98.368,0.0006638985375030896,0.650551246426512,0.0,0.0
96,Device,Conv2DBackpropFilter,gradient_tape/inception_resnet_v2/conv2d_10/Conv2D/Conv2DBackpropFilter,4,194.464,48.616,194.464,48.616,0.0006562315244642608,0.6512074779509762,0.0,0.0
97,Device,Conv2DBackpropFilter,gradient_tape/inception_resnet_v2/conv2d_3/Conv2D/Conv2DBackpropFilter,2,194.369,97.1845,194.369,97.1845,0.0006559109407324437,0.6518633888917087,0.0,0.0
98,Device,Conv2DBackpropFilter,gradient_tape/inception_resnet_v2/block17_11_conv/Conv2D/Conv2DBackpropFilter,4,190.816,47.704,190.816,47.704,0.0006439211091624794,0.6525073100008711,0.0,0.0
99,Device,Conv2DBackpropFilter,gradient_tape/inception_resnet_v2/block17_1_conv/Conv2D/Conv2DBackpropFilter,4,190.336,47.584,190.336,47.584,0.000642301317675403,0.6531496113185465,0.0,0.0
100,Device,Conv2DBackpropFilter,gradient_tape/inception_resnet_v2/block17_19_conv/Conv2D/Conv2DBackpropFilter,4,190.144,47.536,190.144,47.536,0.0006416534010805723,0.6537912647196271,0.0,0.0
101,Device,Conv2DBackpropFilter,gradient_tape/inception_resnet_v2/block17_16_conv/Conv2D/Conv2DBackpropFilter,4,190.112,47.528,190.112,47.528,0.0006415454149814339,0.6544328101346085,0.0,0.0
102,Device,Conv2DBackpropFilter,gradient_tape/inception_resnet_v2/block17_8_conv/Conv2D/Conv2DBackpropFilter,4,189.856,47.464,189.856,47.464,0.0006406815261883264,0.6550734916607969,0.0,0.0
103,Device,Conv2DBackpropFilter,gradient_tape/inception_resnet_v2/block17_14_conv/Conv2D/Conv2DBackpropFilter,4,189.792,47.448,189.792,47.448,0.0006404655539900496,0.6557139572147869,0.0,0.0
104,Device,Conv2DBackpropFilter,gradient_tape/inception_resnet_v2/block17_6_conv/Conv2D/Conv2DBackpropFilter,4,189.728,47.432,189.728,47.432,0.0006402495817917727,0.6563542067965786,0.0,0.0
105,Device,Conv2DBackpropFilter,gradient_tape/inception_resnet_v2/block17_12_conv/Conv2D/Conv2DBackpropFilter,4,189.664,47.416,189.664,47.416,0.0006400336095934957,0.6569942404061722,0.0,0.0
106,Device,Conv2DBackpropFilter,gradient_tape/inception_resnet_v2/block17_10_conv/Conv2D/Conv2DBackpropFilter,4,189.632,47.408,189.632,47.408,0.0006399256234943573,0.6576341660296665,0.0,0.0
107,Device,Conv2DBackpropFilter,gradient_tape/inception_resnet_v2/block17_4_conv/Conv2D/Conv2DBackpropFilter,4,189.6,47.4,189.6,47.4,0.000639817637395219,0.6582739836670617,0.0,0.0
108,Device,Conv2DBackpropFilter,gradient_tape/inception_resnet_v2/block17_7_conv/Conv2D/Conv2DBackpropFilter,4,189.568,47.392,189.568,47.392,0.0006397096512960806,0.6589136933183578,0.0,0.0
109,Device,Conv2DBackpropFilter,gradient_tape/inception_resnet_v2/block17_20_conv/Conv2D/Conv2DBackpropFilter,4,189.536,47.384,189.536,47.384,0.0006396016651969421,0.6595532949835547,0.0,0.0
110,Device,Conv2DBackpropFilter,gradient_tape/inception_resnet_v2/block17_13_conv/Conv2D/Conv2DBackpropFilter,4,189.505,47.37625,189.505,47.37625,0.0006394970536634017,0.6601927920372181,0.0,0.0
111,Device,Conv2DBackpropFilter,gradient_tape/inception_resnet_v2/block17_18_conv/Conv2D/Conv2DBackpropFilter,4,189.408,47.352,189.408,47.352,0.0006391697208003883,0.6608319617580185,0.0,0.0
112,Device,Conv2DBackpropFilter,gradient_tape/inception_resnet_v2/block17_5_conv/Conv2D/Conv2DBackpropFilter,4,189.345,47.33625,189.345,47.33625,0.0006389571231677095,0.6614709188811863,0.0,0.0
113,Device,Conv2DBackpropFilter,gradient_tape/inception_resnet_v2/block17_3_conv/Conv2D/Conv2DBackpropFilter,4,189.344,47.336,189.344,47.336,0.0006389537486021114,0.6621098726297884,0.0,0.0
114,Device,Conv2DBackpropFilter,gradient_tape/inception_resnet_v2/block17_9_conv/Conv2D/Conv2DBackpropFilter,4,189.248,47.312,189.248,47.312,0.0006386297903046961,0.6627485024200931,0.0,0.0
115,Device,Conv2D,inception_resnet_v2/conv2d_162/Conv2D,4,189.152,47.288,189.152,47.288,0.0006383058320072808,0.6633868082521004,0.0,0.0
116,Device,Conv2DBackpropFilter,gradient_tape/inception_resnet_v2/block17_2_conv/Conv2D/Conv2DBackpropFilter,4,189.088,47.272,189.088,47.272,0.0006380898598090039,0.6640248981119093,0.0,0.0
117,Device,Conv2DBackpropFilter,gradient_tape/inception_resnet_v2/block17_17_conv/Conv2D/Conv2DBackpropFilter,4,189.056,47.264,189.056,47.264,0.0006379818737098656,0.6646628799856192,0.0,0.0
118,Device,Conv2DBackpropFilter,gradient_tape/inception_resnet_v2/block17_15_conv/Conv2D/Conv2DBackpropFilter,4,188.96,47.24,188.96,47.24,0.0006376579154124503,0.6653005379010317,0.0,0.0
119,Device,Conv2DBackpropInput,gradient_tape/inception_resnet_v2/conv2d_162/Conv2D/Conv2DBackpropInput,2,188.768,94.384,188.768,94.384,0.0006370099988176197,0.6659375478998494,0.0,0.0
120,Device,Conv2DBackpropFilter,gradient_tape/inception_resnet_v2/conv2d_79/Conv2D/Conv2DBackpropFilter,4,183.904,45.976,183.904,45.976,0.0006205961117485778,0.666558144011598,0.0,0.0
121,Device,Conv2DBackpropFilter,gradient_tape/inception_resnet_v2/conv2d_111/Conv2D/Conv2DBackpropFilter,4,183.489,45.87225,183.489,45.87225,0.0006191956670253762,0.6671773396786234,0.0,0.0
122,Device,Conv2DBackpropFilter,gradient_tape/inception_resnet_v2/conv2d_107/Conv2D/Conv2DBackpropFilter,4,183.232,45.808,183.232,45.808,0.0006183284036666706,0.6677956680822901,0.0,0.0
123,Device,Conv2DBackpropFilter,gradient_tape/inception_resnet_v2/conv2d_95/Conv2D/Conv2DBackpropFilter,4,183.105,45.77625,183.105,45.77625,0.000617899833835715,0.6684135679161258,0.0,0.0
124,Device,Conv2DBackpropFilter,gradient_tape/inception_resnet_v2/conv2d_131/Conv2D/Conv2DBackpropFilter,4,183.104,45.776,183.104,45.776,0.000617896459270117,0.669031464375396,0.0,0.0
125,Device,Conv2DBackpropFilter,gradient_tape/inception_resnet_v2/conv2d_83/Conv2D/Conv2DBackpropFilter,4,183.104,45.776,183.104,45.776,0.000617896459270117,0.6696493608346661,0.0,0.0
126,Device,Conv2DBackpropFilter,gradient_tape/inception_resnet_v2/conv2d_123/Conv2D/Conv2DBackpropFilter,4,182.88,45.72,182.88,45.72,0.0006171405565761479,0.6702665013912422,0.0,0.0
127,Device,Conv2DBackpropFilter,gradient_tape/inception_resnet_v2/conv2d_143/Conv2D/Conv2DBackpropFilter,4,182.88,45.72,182.88,45.72,0.0006171405565761479,0.6708836419478184,0.0,0.0
128,Device,Conv2DBackpropFilter,gradient_tape/inception_resnet_v2/conv2d_103/Conv2D/Conv2DBackpropFilter,4,182.848,45.712,182.848,45.712,0.0006170325704770095,0.6715006745182953,0.0,0.0
129,Device,Conv2DBackpropFilter,gradient_tape/inception_resnet_v2/conv2d_155/Conv2D/Conv2DBackpropFilter,4,182.784,45.696,182.784,45.696,0.0006168165982787325,0.672117491116574,0.0,0.0
130,Device,Conv2DBackpropFilter,gradient_tape/inception_resnet_v2/conv2d_119/Conv2D/Conv2DBackpropFilter,4,182.529,45.63225,182.529,45.63225,0.0006159560840512232,0.6727334472006252,0.0,0.0
131,Device,Conv2DBackpropFilter,gradient_tape/inception_resnet_v2/conv2d_151/Conv2D/Conv2DBackpropFilter,4,182.528,45.632,182.528,45.632,0.0006159527094856251,0.6733493999101109,0.0,0.0
132,Device,Conv2DBackpropFilter,gradient_tape/inception_resnet_v2/conv2d_91/Conv2D/Conv2DBackpropFilter,4,182.496,45.624,182.496,45.624,0.0006158447233864867,0.6739652446334974,0.0,0.0
133,Device,Conv2DBackpropFilter,gradient_tape/inception_resnet_v2/conv2d_139/Conv2D/Conv2DBackpropFilter,4,182.464,45.616,182.464,45.616,0.0006157367372873482,0.6745809813707847,0.0,0.0
134,Device,MaxPoolGrad,gradient_tape/inception_resnet_v2/max_pooling2d_1/MaxPool/MaxPoolGrad,2,182.432,91.216,182.432,91.216,0.0006156287511882097,0.675196610121973,0.0,0.0
135,Device,Conv2DBackpropFilter,gradient_tape/inception_resnet_v2/conv2d_87/Conv2D/Conv2DBackpropFilter,4,182.4,45.6,182.4,45.6,0.0006155207650890714,0.675812130887062,0.0,0.0
136,Device,Conv2DBackpropFilter,gradient_tape/inception_resnet_v2/conv2d_127/Conv2D/Conv2DBackpropFilter,4,182.209,45.55225,182.209,45.55225,0.0006148762230598388,0.6764270071101219,0.0,0.0
137,Device,Conv2DBackpropFilter,gradient_tape/inception_resnet_v2/conv2d_99/Conv2D/Conv2DBackpropFilter,4,182.112,45.528,182.112,45.528,0.0006145488901968255,0.6770415560003188,0.0,0.0
138,Device,Conv2DBackpropFilter,gradient_tape/inception_resnet_v2/conv2d_115/Conv2D/Conv2DBackpropFilter,4,182.08,45.52,182.08,45.52,0.0006144409040976871,0.6776559969044165,0.0,0.0
139,Device,Conv2DBackpropFilter,gradient_tape/inception_resnet_v2/conv2d_135/Conv2D/Conv2DBackpropFilter,4,181.377,45.34425,181.377,45.34425,0.0006120685844822396,0.6782680654888987,0.0,0.0
140,Device,Conv2D,inception_resnet_v2/conv2d_73/Conv2D,2,181.345,90.6725,181.345,90.6725,0.0006119605983831011,0.6788800260872818,0.0,0.0
141,Device,ReluGrad,gradient_tape/inception_resnet_v2/activation_1/ReluGrad,2,181.056,90.528,181.056,90.528,0.0006109853489252572,0.679491011436207,0.0,0.0
142,Device,Conv2DBackpropFilter,gradient_tape/inception_resnet_v2/conv2d_147/Conv2D/Conv2DBackpropFilter,4,180.928,45.232,180.928,45.232,0.0006105534045287034,0.6801015648407358,0.0,0.0
143,Device,Conv2D,inception_resnet_v2/conv2d_160/Conv2D,4,180.672,45.168,180.672,45.168,0.000609689515735596,0.6807112543564714,0.0,0.0
144,Device,Conv2D,inception_resnet_v2/conv2d_184/Conv2D,4,179.776,44.944,179.776,44.944,0.0006066659049597198,0.6813179202614311,0.0,0.0
145,Device,Conv2D,inception_resnet_v2/conv2d_200/Conv2D,4,179.712,44.928,179.712,44.928,0.000606449932761443,0.6819243701941926,0.0,0.0
146,Device,Conv2D,inception_resnet_v2/conv2d_188/Conv2D,4,179.649,44.91225,179.649,44.91225,0.0006062373351287642,0.6825306075293214,0.0,0.0
147,Device,Conv2D,inception_resnet_v2/conv2d_164/Conv2D,4,179.584,44.896,179.584,44.896,0.0006060179883648892,0.6831366255176863,0.0,0.0
148,Device,Conv2D,inception_resnet_v2/conv2d_180/Conv2D,4,179.552,44.888,179.552,44.888,0.0006059100022657507,0.683742535519952,0.0,0.0
149,Device,Conv2D,inception_resnet_v2/conv2d_168/Conv2D,4,179.52,44.88,179.52,44.88,0.0006058020161666124,0.6843483375361187,0.0,0.0
150,Device,Conv2D,inception_resnet_v2/conv2d_176/Conv2D,4,179.456,44.864,179.456,44.864,0.0006055860439683355,0.684953923580087,0.0,0.0
151,Device,Conv2D,inception_resnet_v2/conv2d_172/Conv2D,4,179.392,44.848,179.392,44.848,0.0006053700717700586,0.6855592936518571,0.0,0.0
152,Device,Conv2D,inception_resnet_v2/conv2d_192/Conv2D,4,179.2,44.8,179.2,44.8,0.000604722155175228,0.6861640158070323,0.0,0.0
153,Device,Conv2D,inception_resnet_v2/conv2d_196/Conv2D,4,178.784,44.696,178.784,44.696,0.0006033183358864283,0.6867673341429188,0.0,0.0
154,Device,Conv2D,inception_resnet_v2/conv2d_156/Conv2D,4,178.336,44.584,178.336,44.584,0.0006018065304984904,0.6873691406734173,0.0,0.0
155,Device,Conv2D,inception_resnet_v2/conv2d_163/Conv2D,4,178.24,44.56,178.24,44.56,0.000601482572201075,0.6879706232456183,0.0,0.0
156,Device,Conv2D,inception_resnet_v2/conv2d_187/Conv2D,4,177.696,44.424,177.696,44.424,0.0005996468085157216,0.6885702700541341,0.0,0.0
157,Device,Conv2D,inception_resnet_v2/conv2d_171/Conv2D,4,177.6,44.4,177.6,44.4,0.0005993228502183064,0.6891695929043524,0.0,0.0
158,Device,Conv2D,inception_resnet_v2/conv2d_183/Conv2D,4,177.344,44.336,177.344,44.336,0.0005984589614251988,0.6897680518657776,0.0,0.0
159,Device,Conv2D,inception_resnet_v2/conv2d_167/Conv2D,4,177.249,44.31225,177.249,44.31225,0.0005981383776933817,0.690366190243471,0.0,0.0
160,Device,Conv2D,inception_resnet_v2/conv2d_195/Conv2D,4,177.184,44.296,177.184,44.296,0.0005979190309295067,0.6909641092744006,0.0,0.0
161,Device,Conv2D,inception_resnet_v2/conv2d_199/Conv2D,4,176.96,44.24,176.96,44.24,0.0005971631282355377,0.6915612724026361,0.0,0.0
162,Device,Conv2D,inception_resnet_v2/conv2d_191/Conv2D,4,176.864,44.216,176.864,44.216,0.0005968391699381223,0.6921581115725742,0.0,0.0
163,Device,Conv2D,inception_resnet_v2/conv2d_175/Conv2D,4,176.832,44.208,176.832,44.208,0.0005967311838389839,0.6927548427564132,0.0,0.0
164,Device,Conv2D,inception_resnet_v2/conv2d_179/Conv2D,4,176.448,44.112,176.448,44.112,0.0005954353506493228,0.6933502781070625,0.0,0.0
165,Device,Conv2DBackpropInput,gradient_tape/inception_resnet_v2/conv2d_161/Conv2D/Conv2DBackpropInput,4,173.632,43.408,173.632,43.408,0.0005859325739251405,0.6939362106809877,0.0,0.0
166,Device,Conv2D,inception_resnet_v2/conv2d_158/Conv2D,4,171.649,42.91225,171.649,42.91225,0.0005792408103441558,0.6945154514913318,0.0,0.0
167,Device,Conv2DBackpropInput,gradient_tape/inception_resnet_v2/conv2d_73/Conv2D/Conv2DBackpropInput,2,170.4,85.2,170.4,85.2,0.0005750259779121588,0.6950904774692439,0.0,0.0
168,Device,MaxPool,inception_resnet_v2/max_pooling2d/MaxPool,2,170.144,85.072,170.144,85.072,0.0005741620891190514,0.695664639558363,0.0,0.0
169,Device,ResourceApplyGradientDescent,SGD/SGD/update_486/ResourceApplyGradientDescent,2,166.048,83.024,166.048,83.024,0.0005603398684293318,0.6962249794267923,0.0,0.0
170,Device,Conv2DBackpropInput,gradient_tape/inception_resnet_v2/conv2d_159/Conv2D/Conv2DBackpropInput,2,165.984,82.992,165.984,82.992,0.000560123896231055,0.6967851033230233,0.0,0.0
171,Device,Conv2DBackpropInput,gradient_tape/inception_resnet_v2/conv2d_160/Conv2D/Conv2DBackpropInput,2,164.352,82.176,164.352,82.176,0.0005546166051749948,0.6973397199281983,0.0,0.0
172,Device,Conv2DBackpropInput,gradient_tape/inception_resnet_v2/conv2d_156/Conv2D/Conv2DBackpropInput,2,163.808,81.904,163.808,81.904,0.0005527808414896414,0.697892500769688,0.0,0.0
173,Device,Conv2DBackpropFilter,gradient_tape/inception_resnet_v2/block35_5_conv/Conv2D/Conv2DBackpropFilter,2,163.648,81.824,163.648,81.824,0.0005522409109939493,0.6984447416806819,0.0,0.0
174,Device,Conv2DBackpropInput,gradient_tape/inception_resnet_v2/conv2d_158/Conv2D/Conv2DBackpropInput,2,163.552,81.776,163.552,81.776,0.0005519169526965339,0.6989966586333785,0.0,0.0
175,Device,Conv2DBackpropFilter,gradient_tape/inception_resnet_v2/block35_3_conv/Conv2D/Conv2DBackpropFilter,2,162.592,81.296,162.592,81.296,0.000548677369722381,0.6995453360031009,0.0,0.0
176,Device,Conv2DBackpropFilter,gradient_tape/inception_resnet_v2/block35_4_conv/Conv2D/Conv2DBackpropFilter,2,162.336,81.168,162.336,81.168,0.0005478134809292736,0.7000931494840301,0.0,0.0
177,Device,Conv2DBackpropFilter,gradient_tape/inception_resnet_v2/block35_8_conv/Conv2D/Conv2DBackpropFilter,2,162.241,81.1205,162.241,81.1205,0.0005474928971974563,0.7006406423812276,0.0,0.0
178,Device,Conv2DBackpropFilter,gradient_tape/inception_resnet_v2/block35_9_conv/Conv2D/Conv2DBackpropFilter,2,162.08,81.04,162.08,81.04,0.0005469495921361661,0.7011875919733638,0.0,0.0
179,Device,Conv2DBackpropFilter,gradient_tape/inception_resnet_v2/block35_6_conv/Conv2D/Conv2DBackpropFilter,2,162.048,81.024,162.048,81.024,0.0005468416060370276,0.7017344335794008,0.0,0.0
180,Device,Conv2DBackpropFilter,gradient_tape/inception_resnet_v2/block35_10_conv/Conv2D/Conv2DBackpropFilter,2,161.952,80.976,161.952,80.976,0.0005465176477396123,0.7022809512271404,0.0,0.0
181,Device,Conv2DBackpropFilter,gradient_tape/inception_resnet_v2/block35_1_conv/Conv2D/Conv2DBackpropFilter,2,161.952,80.976,161.952,80.976,0.0005465176477396123,0.70282746887488,0.0,0.0
182,Device,Conv2DBackpropFilter,gradient_tape/inception_resnet_v2/block35_2_conv/Conv2D/Conv2DBackpropFilter,2,161.856,80.928,161.856,80.928,0.000546193689442197,0.7033736625643222,0.0,0.0
183,Device,Conv2DBackpropFilter,gradient_tape/inception_resnet_v2/block35_7_conv/Conv2D/Conv2DBackpropFilter,2,161.76,80.88,161.76,80.88,0.0005458697311447817,0.703919532295467,0.0,0.0
184,Device,Conv2D,inception_resnet_v2/conv2d_159/Conv2D,4,161.537,40.38425,161.537,40.38425,0.0005451172030164108,0.7044646494984834,0.0,0.0
185,Device,Relu,inception_resnet_v2/activation_4/Relu,2,160.288,80.144,160.288,80.144,0.0005409023705844139,0.7050055518690679,0.0,0.0
186,Device,Conv2DBackpropFilter,gradient_tape/inception_resnet_v2/conv2d_160/Conv2D/Conv2DBackpropFilter,4,158.464,39.616,158.464,39.616,0.000534747162933523,0.7055402990320014,0.0,0.0
187,Device,Conv2DBackpropFilter,gradient_tape/inception_resnet_v2/conv2d_158/Conv2D/Conv2DBackpropFilter,4,158.24,39.56,158.24,39.56,0.000533991260239554,0.706074290292241,0.0,0.0
188,Device,Conv2DBackpropFilter,gradient_tape/inception_resnet_v2/conv2d_43/Conv2D/Conv2DBackpropFilter,2,158.016,79.008,158.016,79.008,0.000533235357545585,0.7066075256497866,0.0,0.0
189,Device,Conv2D,inception_resnet_v2/conv2d_152/Conv2D,4,157.536,39.384,157.536,39.384,0.0005316155660585085,0.7071391412158451,0.0,0.0
190,Device,Conv2DBackpropFilter,gradient_tape/inception_resnet_v2/conv2d_66/Conv2D/Conv2DBackpropFilter,2,157.024,78.512,157.024,78.512,0.0005298877884722936,0.7076690290043174,0.0,0.0
191,Device,Conv2DBackpropFilter,gradient_tape/inception_resnet_v2/conv2d_45/Conv2D/Conv2DBackpropFilter,2,156.992,78.496,156.992,78.496,0.0005297798023731551,0.7081988088066905,0.0,0.0
192,Device,Conv2DBackpropFilter,gradient_tape/inception_resnet_v2/conv2d_67/Conv2D/Conv2DBackpropFilter,2,156.929,78.4645,156.929,78.4645,0.0005295672047404763,0.708728376011431,0.0,0.0
193,Device,Conv2DBackpropFilter,gradient_tape/inception_resnet_v2/conv2d_156/Conv2D/Conv2DBackpropFilter,4,156.896,39.224,156.896,39.224,0.0005294558440757398,0.7092578318555067,0.0,0.0
194,Device,Conv2DBackpropFilter,gradient_tape/inception_resnet_v2/conv2d_31/Conv2D/Conv2DBackpropFilter,2,156.736,78.368,156.736,78.368,0.0005289159135800476,0.7097867477690868,0.0,0.0
195,Device,Conv2DBackpropFilter,gradient_tape/inception_resnet_v2/conv2d_37/Conv2D/Conv2DBackpropFilter,2,156.672,78.336,156.672,78.336,0.0005286999413817708,0.7103154477104685,0.0,0.0
196,Device,Conv2D,inception_resnet_v2/conv2d_92/Conv2D,4,156.64,39.16,156.64,39.16,0.0005285919552826323,0.7108440396657512,0.0,0.0
197,Device,Conv2D,inception_resnet_v2/conv2d_136/Conv2D,4,156.48,39.12,156.48,39.12,0.0005280520247869402,0.711372091690538,0.0,0.0
198,Device,Conv2DBackpropFilter,gradient_tape/inception_resnet_v2/conv2d_25/Conv2D/Conv2DBackpropFilter,2,156.32,78.16,156.32,78.16,0.000527512094291248,0.7118996037848293,0.0,0.0
199,Device,Conv2DBackpropFilter,gradient_tape/inception_resnet_v2/conv2d_61/Conv2D/Conv2DBackpropFilter,2,156.288,78.144,156.288,78.144,0.0005274041081921097,0.7124270078930214,0.0,0.0
200,Device,Conv2DBackpropFilter,gradient_tape/inception_resnet_v2/conv2d_19/Conv2D/Conv2DBackpropFilter,2,156.256,78.128,156.256,78.128,0.0005272961220929712,0.7129543040151144,0.0,0.0
201,Device,Conv2DBackpropFilter,gradient_tape/inception_resnet_v2/conv2d_48/Conv2D/Conv2DBackpropFilter,2,156.256,78.128,156.256,78.128,0.0005272961220929712,0.7134816001372074,0.0,0.0
202,Device,Conv2D,inception_resnet_v2/conv2d_112/Conv2D,4,156.256,39.064,156.256,39.064,0.0005272961220929712,0.7140088962593004,0.0,0.0
203,Device,Conv2DBackpropFilter,gradient_tape/inception_resnet_v2/conv2d_18/Conv2D/Conv2DBackpropFilter,2,156.224,78.112,156.224,78.112,0.0005271881359938327,0.7145360843952943,0.0,0.0
204,Device,Conv2DBackpropFilter,gradient_tape/inception_resnet_v2/conv2d_55/Conv2D/Conv2DBackpropFilter,2,156.224,78.112,156.224,78.112,0.0005271881359938327,0.7150632725312881,0.0,0.0
205,Device,Conv2DBackpropFilter,gradient_tape/inception_resnet_v2/conv2d_49/Conv2D/Conv2DBackpropFilter,2,156.16,78.08,156.16,78.08,0.0005269721637955558,0.7155902446950837,0.0,0.0
206,Device,Conv2DBackpropFilter,gradient_tape/inception_resnet_v2/conv2d_54/Conv2D/Conv2DBackpropFilter,2,156.16,78.08,156.16,78.08,0.0005269721637955558,0.7161172168588793,0.0,0.0
207,Device,Conv2D,inception_resnet_v2/conv2d_148/Conv2D,4,156.16,39.04,156.16,39.04,0.0005269721637955558,0.7166441890226749,0.0,0.0
208,Device,Conv2DBackpropFilter,gradient_tape/inception_resnet_v2/conv2d_51/Conv2D/Conv2DBackpropFilter,2,156.097,78.0485,156.097,78.0485,0.0005267595661628771,0.7171709485888378,0.0,0.0
209,Device,Conv2DBackpropFilter,gradient_tape/inception_resnet_v2/conv2d_36/Conv2D/Conv2DBackpropFilter,2,156.064,78.032,156.064,78.032,0.0005266482054981405,0.717697596794336,0.0,0.0
210,Device,Conv2D,inception_resnet_v2/conv2d_120/Conv2D,4,156.064,39.016,156.064,39.016,0.0005266482054981405,0.7182242449998342,0.0,0.0
211,Device,Conv2DBackpropFilter,gradient_tape/inception_resnet_v2/conv2d_30/Conv2D/Conv2DBackpropFilter,2,155.873,77.9365,155.873,77.9365,0.000526003663468908,0.7187502486633031,0.0,0.0
212,Device,Conv2D,inception_resnet_v2/conv2d_100/Conv2D,4,155.809,38.95225,155.809,38.95225,0.0005257876912706311,0.7192760363545737,0.0,0.0
213,Device,Conv2DBackpropFilter,gradient_tape/inception_resnet_v2/conv2d_42/Conv2D/Conv2DBackpropFilter,2,155.776,77.888,155.776,77.888,0.0005256763306058946,0.7198017126851796,0.0,0.0
214,Device,Conv2D,inception_resnet_v2/conv2d_84/Conv2D,4,155.712,38.928,155.712,38.928,0.0005254603584076178,0.7203271730435872,0.0,0.0
215,Device,Conv2DBackpropFilter,gradient_tape/inception_resnet_v2/conv2d_24/Conv2D/Conv2DBackpropFilter,2,155.681,77.8405,155.681,77.8405,0.0005253557468740775,0.7208525287904612,0.0,0.0
216,Device,Conv2DBackpropFilter,gradient_tape/inception_resnet_v2/conv2d_63/Conv2D/Conv2DBackpropFilter,2,155.648,77.824,155.648,77.824,0.0005252443862093409,0.7213777731766706,0.0,0.0
217,Device,Conv2D,inception_resnet_v2/conv2d_140/Conv2D,4,155.648,38.912,155.648,38.912,0.0005252443862093409,0.72190301756288,0.0,0.0
218,Device,Conv2DBackpropFilter,gradient_tape/inception_resnet_v2/conv2d_33/Conv2D/Conv2DBackpropFilter,2,155.617,77.8085,155.617,77.8085,0.0005251397746758005,0.7224281573375558,0.0,0.0
219,Device,Conv2DBackpropFilter,gradient_tape/inception_resnet_v2/conv2d_57/Conv2D/Conv2DBackpropFilter,2,155.52,77.76,155.52,77.76,0.0005248124418127872,0.7229529697793686,0.0,0.0
220,Device,Conv2DBackpropFilter,gradient_tape/inception_resnet_v2/conv2d_69/Conv2D/Conv2DBackpropFilter,2,155.52,77.76,155.52,77.76,0.0005248124418127872,0.7234777822211814,0.0,0.0
221,Device,Conv2DBackpropFilter,gradient_tape/inception_resnet_v2/conv2d_60/Conv2D/Conv2DBackpropFilter,2,155.488,77.744,155.488,77.744,0.0005247044557136488,0.724002486676895,0.0,0.0
222,Device,Conv2D,inception_resnet_v2/conv2d_144/Conv2D,4,155.488,38.872,155.488,38.872,0.0005247044557136488,0.7245271911326087,0.0,0.0
223,Device,Conv2DBackpropFilter,gradient_tape/inception_resnet_v2/conv2d_27/Conv2D/Conv2DBackpropFilter,2,155.424,77.712,155.424,77.712,0.0005244884835153719,0.725051679616124,0.0,0.0
224,Device,Conv2D,inception_resnet_v2/conv2d_124/Conv2D,4,155.329,38.83225,155.329,38.83225,0.0005241678997835547,0.7255758475159076,0.0,0.0
225,Device,Conv2DBackpropFilter,gradient_tape/inception_resnet_v2/conv2d_12/Conv2D/Conv2DBackpropFilter,2,155.264,77.632,155.264,77.632,0.0005239485530196797,0.7260997960689273,0.0,0.0
226,Device,Conv2D,inception_resnet_v2/conv2d_88/Conv2D,4,155.264,38.816,155.264,38.816,0.0005239485530196797,0.7266237446219469,0.0,0.0
227,Device,Conv2DBackpropFilter,gradient_tape/inception_resnet_v2/conv2d_21/Conv2D/Conv2DBackpropFilter,2,155.232,77.616,155.232,77.616,0.0005238405669205412,0.7271475851888675,0.0,0.0
228,Device,Conv2DBackpropFilter,gradient_tape/inception_resnet_v2/conv2d_39/Conv2D/Conv2DBackpropFilter,2,155.137,77.5685,155.137,77.5685,0.0005235199831887241,0.7276711051720561,0.0,0.0
229,Device,Conv2D,inception_resnet_v2/conv2d_116/Conv2D,4,155.136,38.784,155.136,38.784,0.000523516608623126,0.7281946217806793,0.0,0.0
230,Device,Conv2DBackpropFilter,gradient_tape/inception_resnet_v2/conv2d_13/Conv2D/Conv2DBackpropFilter,2,155.073,77.5365,155.073,77.5365,0.0005233040109904472,0.7287179257916697,0.0,0.0
231,Device,Conv2D,inception_resnet_v2/conv2d_128/Conv2D,4,155.04,38.76,155.04,38.76,0.0005231926503257106,0.7292411184419955,0.0,0.0
232,Device,Conv2D,inception_resnet_v2/conv2d_132/Conv2D,4,154.976,38.744,154.976,38.744,0.0005229766781274338,0.7297640951201229,0.0,0.0
233,Device,Conv2D,inception_resnet_v2/conv2d_104/Conv2D,4,154.88,38.72,154.88,38.72,0.0005226527198300185,0.7302867478399528,0.0,0.0
234,Device,Conv2D,inception_resnet_v2/conv2d_96/Conv2D,4,154.752,38.688,154.752,38.688,0.0005222207754334648,0.7308089686153864,0.0,0.0
235,Device,Conv2D,inception_resnet_v2/conv2d_80/Conv2D,4,154.592,38.648,154.592,38.648,0.0005216808449377727,0.7313306494603241,0.0,0.0
236,Device,Conv2DBackpropFilter,gradient_tape/inception_resnet_v2/conv2d_15/Conv2D/Conv2DBackpropFilter,2,154.464,77.232,154.464,77.232,0.0005212489005412188,0.7318518983608653,0.0,0.0
237,Device,Conv2DBackpropFilter,gradient_tape/inception_resnet_v2/conv2d_9/Conv2D/Conv2DBackpropFilter,4,154.4,38.6,154.4,38.6,0.0005210329283429421,0.7323729312892082,0.0,0.0
238,Device,Conv2D,inception_resnet_v2/conv2d_108/Conv2D,4,154.24,38.56,154.24,38.56,0.0005204929978472498,0.7328934242870555,0.0,0.0
239,Device,Conv2D,inception_resnet_v2/conv2d_76/Conv2D,4,154.208,38.552,154.208,38.552,0.0005203850117481114,0.7334138092988036,0.0,0.0
240,Device,Conv2DBackpropFilter,gradient_tape/inception_resnet_v2/conv2d_96/Conv2D/Conv2DBackpropFilter,4,152.32,38.08,152.32,38.08,0.0005140138318989438,0.7339278231307026,0.0,0.0
241,Device,Conv2DBackpropFilter,gradient_tape/inception_resnet_v2/conv2d_92/Conv2D/Conv2DBackpropFilter,4,152.064,38.016,152.064,38.016,0.0005131499431058363,0.7344409730738084,0.0,0.0
242,Device,Conv2DBackpropFilter,gradient_tape/inception_resnet_v2/conv2d_116/Conv2D/Conv2DBackpropFilter,4,151.904,37.976,151.904,37.976,0.0005126100126101442,0.7349535830864186,0.0,0.0
243,Device,Conv2DBackpropFilter,gradient_tape/inception_resnet_v2/conv2d_88/Conv2D/Conv2DBackpropFilter,4,151.904,37.976,151.904,37.976,0.0005126100126101442,0.7354661930990287,0.0,0.0
244,Device,Conv2DBackpropFilter,gradient_tape/inception_resnet_v2/conv2d_124/Conv2D/Conv2DBackpropFilter,4,151.744,37.936,151.744,37.936,0.0005120700821144521,0.7359782631811431,0.0,0.0
245,Device,Conv2DBackpropFilter,gradient_tape/inception_resnet_v2/conv2d_84/Conv2D/Conv2DBackpropFilter,4,151.744,37.936,151.744,37.936,0.0005120700821144521,0.7364903332632575,0.0,0.0
246,Device,Conv2DBackpropFilter,gradient_tape/inception_resnet_v2/conv2d_104/Conv2D/Conv2DBackpropFilter,4,151.521,37.88025,151.521,37.88025,0.000511317553986081,0.7370016508172436,0.0,0.0
247,Device,Conv2DBackpropFilter,gradient_tape/inception_resnet_v2/conv2d_132/Conv2D/Conv2DBackpropFilter,4,151.52,37.88,151.52,37.88,0.000511314179420483,0.7375129649966641,0.0,0.0
248,Device,Conv2DBackpropFilter,gradient_tape/inception_resnet_v2/conv2d_76/Conv2D/Conv2DBackpropFilter,4,151.456,37.864,151.456,37.864,0.0005110982072222061,0.7380240632038862,0.0,0.0
249,Device,Conv2DBackpropFilter,gradient_tape/inception_resnet_v2/conv2d_112/Conv2D/Conv2DBackpropFilter,4,151.297,37.82425,151.297,37.82425,0.000510561651292112,0.7385346248551784,0.0,0.0
250,Device,Conv2DBackpropFilter,gradient_tape/inception_resnet_v2/conv2d_120/Conv2D/Conv2DBackpropFilter,4,151.232,37.808,151.232,37.808,0.000510342304528237,0.7390449671597067,0.0,0.0
251,Device,Conv2DBackpropFilter,gradient_tape/inception_resnet_v2/conv2d_148/Conv2D/Conv2DBackpropFilter,4,151.232,37.808,151.232,37.808,0.000510342304528237,0.739555309464235,0.0,0.0
252,Device,Conv2DBackpropFilter,gradient_tape/inception_resnet_v2/conv2d_108/Conv2D/Conv2DBackpropFilter,4,151.168,37.792,151.168,37.792,0.0005101263323299603,0.7400654357965649,0.0,0.0
253,Device,Conv2DBackpropFilter,gradient_tape/inception_resnet_v2/conv2d_136/Conv2D/Conv2DBackpropFilter,4,151.168,37.792,151.168,37.792,0.0005101263323299603,0.7405755621288949,0.0,0.0
254,Device,Conv2DBackpropFilter,gradient_tape/inception_resnet_v2/conv2d_80/Conv2D/Conv2DBackpropFilter,4,151.072,37.768,151.072,37.768,0.0005098023740325449,0.7410853645029274,0.0,0.0
255,Device,Conv2DBackpropFilter,gradient_tape/inception_resnet_v2/conv2d_152/Conv2D/Conv2DBackpropFilter,4,150.784,37.696,150.784,37.696,0.000508830499140299,0.7415941950020677,0.0,0.0
256,Device,Conv2DBackpropFilter,gradient_tape/inception_resnet_v2/conv2d_100/Conv2D/Conv2DBackpropFilter,4,150.592,37.648,150.592,37.648,0.0005081825825454685,0.7421023775846132,0.0,0.0
257,Device,Conv2DBackpropFilter,gradient_tape/inception_resnet_v2/conv2d_128/Conv2D/Conv2DBackpropFilter,4,150.497,37.62425,150.497,37.62425,0.0005078619988136512,0.7426102395834269,0.0,0.0
258,Device,Conv2DBackpropFilter,gradient_tape/inception_resnet_v2/conv2d_140/Conv2D/Conv2DBackpropFilter,4,150.496,37.624,150.496,37.624,0.0005078586242480531,0.7431180982076749,0.0,0.0
259,Device,Conv2DBackpropFilter,gradient_tape/inception_resnet_v2/conv2d_144/Conv2D/Conv2DBackpropFilter,4,150.368,37.592,150.368,37.592,0.0005074266798514994,0.7436255248875264,0.0,0.0
260,Device,AddN,SGD/gradients/AddN_41,2,144.832,72.416,144.832,72.416,0.0004887450847005503,0.744114269972227,0.0,0.0
261,Device,AddN,SGD/gradients/AddN_33,2,144.544,72.272,144.544,72.272,0.0004877732098083045,0.7446020431820353,0.0,0.0
262,Device,AddN,SGD/gradients/AddN_37,2,144.544,72.272,144.544,72.272,0.0004877732098083045,0.7450898163918436,0.0,0.0
263,Device,AddN,SGD/gradients/AddN_38,2,144.48,72.24,144.48,72.24,0.00048755723761002753,0.7455773736294536,0.0,0.0
264,Device,AddN,SGD/gradients/AddN_35,2,144.448,72.224,144.448,72.224,0.0004874492515108892,0.7460648228809645,0.0,0.0
265,Device,AddN,SGD/gradients/AddN_40,2,144.257,72.1285,144.257,72.1285,0.00048680470948165666,0.7465516275904462,0.0,0.0
266,Device,AddN,SGD/gradients/AddN_34,2,144.096,72.048,144.096,72.048,0.0004862614044203664,0.7470378889948666,0.0,0.0
267,Device,AddN,SGD/gradients/AddN_39,2,144.065,72.0325,144.065,72.0325,0.00048615679288682603,0.7475240457877533,0.0,0.0
268,Device,AddN,SGD/gradients/AddN_32,2,143.744,71.872,143.744,71.872,0.0004850735573298436,0.7480091193450832,0.0,0.0
269,Device,Conv2D,inception_resnet_v2/conv2d_125/Conv2D,4,139.744,34.936,139.744,34.936,0.0004715752949375394,0.7484806946400208,0.0,0.0
270,Device,Conv2D,inception_resnet_v2/conv2d_149/Conv2D,4,139.52,34.88,139.52,34.88,0.0004708193922435704,0.7489515140322643,0.0,0.0
271,Device,Conv2D,inception_resnet_v2/conv2d_133/Conv2D,4,139.04,34.76,139.04,34.76,0.00046919960075649387,0.7494207136330209,0.0,0.0
272,Device,Conv2D,inception_resnet_v2/conv2d_101/Conv2D,4,138.944,34.736,138.944,34.736,0.00046887564245907856,0.74988958927548,0.0,0.0
273,Device,Conv2D,inception_resnet_v2/conv2d_145/Conv2D,4,138.944,34.736,138.944,34.736,0.00046887564245907856,0.7503584649179391,0.0,0.0
274,Device,Conv2D,inception_resnet_v2/conv2d_117/Conv2D,4,138.561,34.64025,138.561,34.64025,0.0004675831838350155,0.7508260481017741,0.0,0.0
275,Device,Conv2D,inception_resnet_v2/conv2d_137/Conv2D,4,138.368,34.592,138.368,34.592,0.0004669318926745868,0.7512929799944487,0.0,0.0
276,Device,Conv2D,inception_resnet_v2/conv2d_77/Conv2D,4,138.304,34.576,138.304,34.576,0.0004667159204763099,0.751759695914925,0.0,0.0
277,Device,Conv2D,inception_resnet_v2/conv2d_89/Conv2D,4,138.272,34.568,138.272,34.568,0.00046660793437717146,0.7522263038493021,0.0,0.0
278,Device,Conv2D,inception_resnet_v2/conv2d_113/Conv2D,4,138.241,34.56025,138.241,34.56025,0.00046650332284363117,0.7526928071721457,0.0,0.0
279,Device,Conv2D,inception_resnet_v2/conv2d_129/Conv2D,4,138.208,34.552,138.208,34.552,0.0004663919621788946,0.7531591991343246,0.0,0.0
280,Device,Conv2D,inception_resnet_v2/conv2d_121/Conv2D,4,138.08,34.52,138.08,34.52,0.00046596001778234094,0.7536251591521069,0.0,0.0
281,Device,Conv2D,inception_resnet_v2/conv2d_153/Conv2D,4,138.048,34.512,138.048,34.512,0.00046585203168320245,0.7540910111837902,0.0,0.0
282,Device,Conv2D,inception_resnet_v2/conv2d_93/Conv2D,4,138.016,34.504,138.016,34.504,0.00046574404558406395,0.7545567552293743,0.0,0.0
283,Device,Conv2D,inception_resnet_v2/conv2d_85/Conv2D,4,137.952,34.488,137.952,34.488,0.00046552807338578713,0.75502228330276,0.0,0.0
284,Device,Conv2D,inception_resnet_v2/conv2d_97/Conv2D,4,137.761,34.44025,137.761,34.44025,0.0004648835313565546,0.7554871668341165,0.0,0.0
285,Device,Conv2D,inception_resnet_v2/conv2d_105/Conv2D,4,137.76,34.44,137.76,34.44,0.0004648801567909565,0.7559520469909075,0.0,0.0
286,Device,Conv2D,inception_resnet_v2/conv2d_81/Conv2D,4,137.6,34.4,137.6,34.4,0.00046434022629526436,0.7564163872172027,0.0,0.0
287,Device,Conv2D,inception_resnet_v2/conv2d_141/Conv2D,4,137.473,34.36825,137.473,34.36825,0.00046391165646430876,0.756880298873667,0.0,0.0
288,Device,Conv2D,inception_resnet_v2/block8_9_conv/Conv2D,2,137.44,68.72,137.44,68.72,0.00046380029579957217,0.7573440991694667,0.0,0.0
289,Device,Conv2D,inception_resnet_v2/conv2d_109/Conv2D,4,137.056,34.264,137.056,34.264,0.000462504462609911,0.7578066036320765,0.0,0.0
290,Device,Conv2D,inception_resnet_v2/block8_5_conv/Conv2D,2,136.992,68.496,136.992,68.496,0.0004622884904116341,0.7582688921224882,0.0,0.0
291,Device,Conv2D,inception_resnet_v2/block8_1_conv/Conv2D,2,136.96,68.48,136.96,68.48,0.0004621805043124957,0.7587310726268006,0.0,0.0
292,Device,Conv2D,inception_resnet_v2/block8_8_conv/Conv2D,2,136.608,68.304,136.608,68.304,0.00046099265722197294,0.7591920652840226,0.0,0.0
293,Device,Conv2D,inception_resnet_v2/block8_7_conv/Conv2D,2,136.32,68.16,136.32,68.16,0.000460020782329727,0.7596520860663524,0.0,0.0
294,Device,Conv2D,inception_resnet_v2/block8_2_conv/Conv2D,2,136.288,68.144,136.288,68.144,0.0004599127962305886,0.760111998862583,0.0,0.0
295,Device,Relu,inception_resnet_v2/activation/Relu,2,136.256,68.128,136.256,68.128,0.00045980481013145017,0.7605718036727144,0.0,0.0
296,Device,Conv2D,inception_resnet_v2/block8_6_conv/Conv2D,2,136.065,68.0325,136.065,68.0325,0.00045916026810221763,0.7610309639408166,0.0,0.0
297,Device,Conv2D,inception_resnet_v2/block8_10_conv/Conv2D,2,136.0,68.0,136.0,68.0,0.0004589409213383427,0.761489904862155,0.0,0.0
298,Device,Conv2D,inception_resnet_v2/block8_4_conv/Conv2D,2,136.0,68.0,136.0,68.0,0.0004589409213383427,0.7619488457834933,0.0,0.0
299,Device,Conv2D,inception_resnet_v2/block8_3_conv/Conv2D,2,135.617,67.8085,135.617,67.8085,0.00045764846271427955,0.7624064942462075,0.0,0.0
300,Device,Conv2D,inception_resnet_v2/conv2d/Conv2D,2,134.912,67.456,134.912,67.456,0.000455269393967636,0.7628617636401752,0.0,0.0
301,Device,AddN,SGD/gradients/AddN_36,2,134.817,67.4085,134.817,67.4085,0.00045494881023581875,0.763316712450411,0.0,0.0
302,Device,Conv2DBackpropInput,gradient_tape/inception_resnet_v2/conv2d_84/Conv2D/Conv2DBackpropInput,2,133.696,66.848,133.696,66.848,0.0004511659222003755,0.7637678783726114,0.0,0.0
303,Device,Conv2DBackpropInput,gradient_tape/inception_resnet_v2/conv2d_112/Conv2D/Conv2DBackpropInput,2,133.152,66.576,133.152,66.576,0.0004493301585150221,0.7642172085311264,0.0,0.0
304,Device,Conv2DBackpropInput,gradient_tape/inception_resnet_v2/conv2d_88/Conv2D/Conv2DBackpropInput,2,132.961,66.4805,132.961,66.4805,0.0004486856164857896,0.7646658941476122,0.0,0.0
305,Device,Conv2DBackpropInput,gradient_tape/inception_resnet_v2/conv2d_140/Conv2D/Conv2DBackpropInput,2,132.928,66.464,132.928,66.464,0.00044857425582105307,0.7651144684034332,0.0,0.0
306,Device,Conv2DBackpropInput,gradient_tape/inception_resnet_v2/conv2d_132/Conv2D/Conv2DBackpropInput,2,132.896,66.448,132.896,66.448,0.0004484662697219146,0.7655629346731552,0.0,0.0
307,Device,Conv2DBackpropInput,gradient_tape/inception_resnet_v2/conv2d_108/Conv2D/Conv2DBackpropInput,2,132.832,66.416,132.832,66.416,0.00044825029752363775,0.7660111849706788,0.0,0.0
308,Device,Conv2DBackpropInput,gradient_tape/inception_resnet_v2/conv2d_120/Conv2D/Conv2DBackpropInput,2,132.832,66.416,132.832,66.416,0.00044825029752363775,0.7664594352682024,0.0,0.0
309,Device,Conv2DBackpropInput,gradient_tape/inception_resnet_v2/conv2d_128/Conv2D/Conv2DBackpropInput,2,132.736,66.368,132.736,66.368,0.00044792633922622244,0.7669073616074286,0.0,0.0
310,Device,Conv2DBackpropInput,gradient_tape/inception_resnet_v2/conv2d_100/Conv2D/Conv2DBackpropInput,2,132.704,66.352,132.704,66.352,0.00044781835312708405,0.7673551799605557,0.0,0.0
311,Device,Conv2DBackpropInput,gradient_tape/inception_resnet_v2/conv2d_104/Conv2D/Conv2DBackpropInput,2,132.704,66.352,132.704,66.352,0.00044781835312708405,0.7678029983136828,0.0,0.0
312,Device,Conv2DBackpropInput,gradient_tape/inception_resnet_v2/conv2d_96/Conv2D/Conv2DBackpropInput,2,132.704,66.352,132.704,66.352,0.00044781835312708405,0.7682508166668099,0.0,0.0
313,Device,Conv2DBackpropInput,gradient_tape/inception_resnet_v2/conv2d_80/Conv2D/Conv2DBackpropInput,2,132.512,66.256,132.512,66.256,0.0004471704365322534,0.7686979871033423,0.0,0.0
314,Device,Conv2DBackpropInput,gradient_tape/inception_resnet_v2/conv2d_116/Conv2D/Conv2DBackpropInput,2,132.48,66.24,132.48,66.24,0.000447062450433115,0.7691450495537754,0.0,0.0
315,Device,Conv2DBackpropInput,gradient_tape/inception_resnet_v2/conv2d_76/Conv2D/Conv2DBackpropInput,2,132.48,66.24,132.48,66.24,0.000447062450433115,0.7695921120042085,0.0,0.0
316,Device,Conv2DBackpropInput,gradient_tape/inception_resnet_v2/conv2d_144/Conv2D/Conv2DBackpropInput,2,132.32,66.16,132.32,66.16,0.0004465225199374228,0.7700386345241459,0.0,0.0
317,Device,Conv2DBackpropInput,gradient_tape/inception_resnet_v2/conv2d_92/Conv2D/Conv2DBackpropInput,2,132.32,66.16,132.32,66.16,0.0004465225199374228,0.7704851570440833,0.0,0.0
318,Device,Conv2DBackpropInput,gradient_tape/inception_resnet_v2/conv2d_124/Conv2D/Conv2DBackpropInput,2,132.032,66.016,132.032,66.016,0.00044555064504517696,0.7709307076891284,0.0,0.0
319,Device,Conv2DBackpropInput,gradient_tape/inception_resnet_v2/conv2d_148/Conv2D/Conv2DBackpropInput,2,131.905,65.9525,131.905,65.9525,0.0004451220752142213,0.7713758297643426,0.0,0.0
320,Device,Conv2DBackpropInput,gradient_tape/inception_resnet_v2/conv2d_136/Conv2D/Conv2DBackpropInput,2,131.904,65.952,131.904,65.952,0.0004451187006486232,0.7718209484649913,0.0,0.0
321,Device,Conv2DBackpropInput,gradient_tape/inception_resnet_v2/conv2d_152/Conv2D/Conv2DBackpropInput,2,131.84,65.92,131.84,65.92,0.0004449027284503463,0.7722658511934416,0.0,0.0
322,Device,Conv2DBackpropFilter,gradient_tape/inception_resnet_v2/conv2d_121/Conv2D/Conv2DBackpropFilter,4,131.456,32.864,131.456,32.864,0.00044360689526068506,0.7727094580887023,0.0,0.0
323,Device,Conv2DBackpropFilter,gradient_tape/inception_resnet_v2/conv2d_89/Conv2D/Conv2DBackpropFilter,4,131.456,32.864,131.456,32.864,0.00044360689526068506,0.773153064983963,0.0,0.0
324,Device,Conv2DBackpropFilter,gradient_tape/inception_resnet_v2/conv2d_113/Conv2D/Conv2DBackpropFilter,4,131.424,32.856,131.424,32.856,0.00044349890916154673,0.7735965638931245,0.0,0.0
325,Device,Conv2DBackpropFilter,gradient_tape/inception_resnet_v2/conv2d_93/Conv2D/Conv2DBackpropFilter,4,131.392,32.848,131.392,32.848,0.00044339092306240824,0.7740399548161869,0.0,0.0
326,Device,Conv2DBackpropFilter,gradient_tape/inception_resnet_v2/conv2d_105/Conv2D/Conv2DBackpropFilter,4,131.168,32.792,131.168,32.792,0.00044263502036843923,0.7744825898365554,0.0,0.0
327,Device,Conv2DBackpropFilter,gradient_tape/inception_resnet_v2/conv2d_133/Conv2D/Conv2DBackpropFilter,4,131.136,32.784,131.136,32.784,0.0004425270342693008,0.7749251168708247,0.0,0.0
328,Device,Conv2DBackpropFilter,gradient_tape/inception_resnet_v2/conv2d_137/Conv2D/Conv2DBackpropFilter,4,131.104,32.776,131.104,32.776,0.0004424190481701624,0.7753675359189949,0.0,0.0
329,Device,Conv2DBackpropFilter,gradient_tape/inception_resnet_v2/conv2d_81/Conv2D/Conv2DBackpropFilter,4,131.008,32.752,131.008,32.752,0.0004420950898727471,0.7758096310088676,0.0,0.0
330,Device,Conv2DBackpropFilter,gradient_tape/inception_resnet_v2/conv2d_117/Conv2D/Conv2DBackpropFilter,4,130.882,32.7205,130.882,32.7205,0.00044166989460738947,0.7762513009034749,0.0,0.0
331,Device,Conv2DBackpropFilter,gradient_tape/inception_resnet_v2/conv2d_85/Conv2D/Conv2DBackpropFilter,4,130.848,32.712,130.848,32.712,0.00044155515937705495,0.776692856062852,0.0,0.0
332,Device,Conv2DBackpropFilter,gradient_tape/inception_resnet_v2/conv2d_77/Conv2D/Conv2DBackpropFilter,4,130.817,32.70425,130.817,32.70425,0.00044145054784351456,0.7771343066106955,0.0,0.0
333,Device,Conv2DBackpropFilter,gradient_tape/inception_resnet_v2/conv2d_109/Conv2D/Conv2DBackpropFilter,4,130.785,32.69625,130.785,32.69625,0.00044134256174437606,0.7775756491724398,0.0,0.0
334,Device,Conv2DBackpropFilter,gradient_tape/inception_resnet_v2/conv2d_129/Conv2D/Conv2DBackpropFilter,4,130.784,32.696,130.784,32.696,0.00044133918717877797,0.7780169883596186,0.0,0.0
335,Device,Conv2DBackpropFilter,gradient_tape/inception_resnet_v2/conv2d_97/Conv2D/Conv2DBackpropFilter,4,130.656,32.664,130.656,32.664,0.0004409072427822243,0.7784578956024009,0.0,0.0
336,Device,Conv2DBackpropFilter,gradient_tape/inception_resnet_v2/conv2d_141/Conv2D/Conv2DBackpropFilter,4,130.561,32.64025,130.561,32.64025,0.0004405866590504071,0.7788984822614513,0.0,0.0
337,Device,Conv2DBackpropFilter,gradient_tape/inception_resnet_v2/conv2d_145/Conv2D/Conv2DBackpropFilter,4,130.56,32.64,130.56,32.64,0.000440583284484809,0.7793390655459361,0.0,0.0
338,Device,Conv2DBackpropFilter,gradient_tape/inception_resnet_v2/conv2d_101/Conv2D/Conv2DBackpropFilter,4,130.528,32.632,130.528,32.632,0.0004404752983856705,0.7797795408443218,0.0,0.0
339,Device,Conv2DBackpropFilter,gradient_tape/inception_resnet_v2/conv2d_125/Conv2D/Conv2DBackpropFilter,4,130.464,32.616,130.464,32.616,0.0004402593261873937,0.7802198001705092,0.0,0.0
340,Device,Conv2DBackpropFilter,gradient_tape/inception_resnet_v2/conv2d_149/Conv2D/Conv2DBackpropFilter,4,130.336,32.584,130.336,32.584,0.00043982738179084,0.7806596275523,0.0,0.0
341,Device,Conv2DBackpropFilter,gradient_tape/inception_resnet_v2/conv2d_153/Conv2D/Conv2DBackpropFilter,4,130.208,32.552,130.208,32.552,0.0004393954373942862,0.7810990229896942,0.0,0.0
342,Device,Conv2DBackpropInput,gradient_tape/inception_resnet_v2/conv2d_10/Conv2D/Conv2DBackpropInput,4,128.896,32.224,128.896,32.224,0.0004349680073296104,0.7815339909970238,0.0,0.0
343,Device,FusedBatchNormV3,inception_resnet_v2/batch_normalization_3/FusedBatchNormV3,4,127.008,31.752,127.008,31.752,0.00042859682748044284,0.7819625878245042,0.0,0.0
344,Device,Conv2D,inception_resnet_v2/conv2d_3/Conv2D,2,127.008,63.504,127.008,63.504,0.00042859682748044284,0.7823911846519847,0.0,0.0
345,Device,SoftmaxCrossEntropyWithLogits,categorical_crossentropy/softmax_cross_entropy_with_logits,2,126.656,63.328,126.656,63.328,0.0004274089803899201,0.7828185936323746,0.0,0.0
346,Device,Relu,inception_resnet_v2/activation_1/Relu,2,126.432,63.216,126.432,63.216,0.00042665307769595105,0.7832452467100706,0.0,0.0
347,Device,Conv2DBackpropFilter,gradient_tape/inception_resnet_v2/conv2d_71/Conv2D/Conv2DBackpropFilter,4,123.648,30.912,123.648,30.912,0.0004172582870709073,0.7836625049971415,0.0,0.0
348,Device,Conv2D,inception_resnet_v2/conv2d_7/Conv2D,4,122.785,30.69625,122.785,30.69625,0.00041434603695976766,0.7840768510341013,0.0,0.0
349,Device,Conv2DBackpropFilter,gradient_tape/inception_resnet_v2/conv2d_59/Conv2D/Conv2DBackpropFilter,4,122.498,30.6245,122.498,30.6245,0.00041337753663311987,0.7844902285707345,0.0,0.0
350,Device,Conv2DBackpropFilter,gradient_tape/inception_resnet_v2/conv2d_23/Conv2D/Conv2DBackpropFilter,4,122.272,30.568,122.272,30.568,0.0004126148848079547,0.7849028434555424,0.0,0.0
351,Device,Conv2DBackpropFilter,gradient_tape/inception_resnet_v2/conv2d_47/Conv2D/Conv2DBackpropFilter,4,122.272,30.568,122.272,30.568,0.0004126148848079547,0.7853154583403503,0.0,0.0
352,Device,Conv2DBackpropFilter,gradient_tape/inception_resnet_v2/conv2d_35/Conv2D/Conv2DBackpropFilter,4,121.984,30.496,121.984,30.496,0.0004116430099157088,0.785727101350266,0.0,0.0
353,Device,Conv2DBackpropFilter,gradient_tape/inception_resnet_v2/conv2d_17/Conv2D/Conv2DBackpropFilter,4,121.537,30.38425,121.537,30.38425,0.0004101345790933688,0.7861372359293594,0.0,0.0
354,Device,Conv2DBackpropFilter,gradient_tape/inception_resnet_v2/conv2d_53/Conv2D/Conv2DBackpropFilter,4,121.376,30.344,121.376,30.344,0.00040959127403207855,0.7865468272033914,0.0,0.0
355,Device,Conv2DBackpropFilter,gradient_tape/inception_resnet_v2/conv2d_29/Conv2D/Conv2DBackpropFilter,4,121.088,30.272,121.088,30.272,0.0004086193991398326,0.7869554466025313,0.0,0.0
356,Device,Conv2DBackpropFilter,gradient_tape/inception_resnet_v2/conv2d_65/Conv2D/Conv2DBackpropFilter,4,121.025,30.25625,121.025,30.25625,0.0004084068015071539,0.7873638534040384,0.0,0.0
357,Device,Conv2DBackpropFilter,gradient_tape/inception_resnet_v2/conv2d_41/Conv2D/Conv2DBackpropFilter,4,121.024,30.256,121.024,30.256,0.0004084034269415558,0.78777225683098,0.0,0.0
358,Device,Conv2DBackpropInput,gradient_tape/inception_resnet_v2/block35_9_conv/Conv2D/Conv2DBackpropInput,2,120.705,60.3525,120.705,60.3525,0.0004073269405157695,0.7881795837714958,0.0,0.0
359,Device,Conv2DBackpropInput,gradient_tape/inception_resnet_v2/block35_4_conv/Conv2D/Conv2DBackpropInput,2,120.545,60.2725,120.545,60.2725,0.00040678701002007736,0.7885863707815158,0.0,0.0
360,Device,Conv2DBackpropInput,gradient_tape/inception_resnet_v2/block35_10_conv/Conv2D/Conv2DBackpropInput,2,120.48,60.24,120.48,60.24,0.00040656766325620244,0.788992938444772,0.0,0.0
361,Device,Conv2DBackpropInput,gradient_tape/inception_resnet_v2/block35_5_conv/Conv2D/Conv2DBackpropInput,2,120.384,60.192,120.384,60.192,0.0004062437049587871,0.7893991821497308,0.0,0.0
362,Device,Conv2DBackpropInput,gradient_tape/inception_resnet_v2/block35_8_conv/Conv2D/Conv2DBackpropInput,2,120.384,60.192,120.384,60.192,0.0004062437049587871,0.7898054258546896,0.0,0.0
363,Device,Conv2DBackpropInput,gradient_tape/inception_resnet_v2/block35_3_conv/Conv2D/Conv2DBackpropInput,2,120.32,60.16,120.32,60.16,0.0004060277327605102,0.7902114535874502,0.0,0.0
364,Device,Conv2DBackpropInput,gradient_tape/inception_resnet_v2/block35_1_conv/Conv2D/Conv2DBackpropInput,2,120.288,60.144,120.288,60.144,0.0004059197466613718,0.7906173733341115,0.0,0.0
365,Device,Conv2DBackpropInput,gradient_tape/inception_resnet_v2/block35_6_conv/Conv2D/Conv2DBackpropInput,2,120.288,60.144,120.288,60.144,0.0004059197466613718,0.7910232930807729,0.0,0.0
366,Device,Conv2DBackpropInput,gradient_tape/inception_resnet_v2/block35_2_conv/Conv2D/Conv2DBackpropInput,2,120.224,60.112,120.224,60.112,0.00040570377446309493,0.791428996855236,0.0,0.0
367,Device,Conv2DBackpropInput,gradient_tape/inception_resnet_v2/block35_7_conv/Conv2D/Conv2DBackpropInput,2,120.128,60.064,120.128,60.064,0.0004053798161656796,0.7918343766714018,0.0,0.0
368,Device,Conv2DBackpropInput,gradient_tape/inception_resnet_v2/conv2d_7/Conv2D/Conv2DBackpropInput,4,119.712,29.928,119.712,29.928,0.00040397599687688003,0.7922383526682787,0.0,0.0
369,Device,ReluGrad,gradient_tape/inception_resnet_v2/activation_3/ReluGrad,2,119.297,59.6485,119.297,59.6485,0.0004025755521536784,0.7926409282204324,0.0,0.0
370,Device,Conv2D,inception_resnet_v2/conv2d_10/Conv2D,4,119.169,29.79225,119.169,29.79225,0.00040214360775712467,0.7930430718281896,0.0,0.0
371,Device,AddN,SGD/gradients/AddN_31,2,117.376,58.688,117.376,58.688,0.00039609301163977435,0.7934391648398293,0.0,0.0
372,Device,Conv2DBackpropFilter,gradient_tape/inception_resnet_v2/conv2d_157/Conv2D/Conv2DBackpropFilter,2,110.944,55.472,110.944,55.472,0.0003743878057129492,0.7938135526455423,0.0,0.0
373,Device,MaxPool,inception_resnet_v2/max_pooling2d_1/MaxPool,2,110.912,55.456,110.912,55.456,0.0003742798196138108,0.7941878324651561,0.0,0.0
374,Device,Conv2D,inception_resnet_v2/conv2d_9/Conv2D,2,109.12,54.56,109.12,54.56,0.0003682325980620585,0.7945560650632182,0.0,0.0
375,Device,Conv2DBackpropInput,gradient_tape/inception_resnet_v2/conv2d_3/Conv2D/Conv2DBackpropInput,2,108.928,54.464,108.928,54.464,0.00036758468146722787,0.7949236497446854,0.0,0.0
376,Device,Conv2D,inception_resnet_v2/block35_5_conv/Conv2D,2,108.352,54.176,108.352,54.176,0.0003656409316827361,0.7952892906763682,0.0,0.0
377,Device,Conv2D,inception_resnet_v2/block35_1_conv/Conv2D,2,108.128,54.064,108.128,54.064,0.000364885028988767,0.795654175705357,0.0,0.0
378,Device,Conv2D,inception_resnet_v2/block35_10_conv/Conv2D,2,108.065,54.0325,108.065,54.0325,0.00036467243135608824,0.7960188481367131,0.0,0.0
379,Device,Conv2DBackpropFilter,gradient_tape/inception_resnet_v2/conv2d_162/Conv2D/Conv2DBackpropFilter,2,107.872,53.936,107.872,53.936,0.00036402114019565957,0.7963828692769087,0.0,0.0
380,Device,Conv2D,inception_resnet_v2/block35_2_conv/Conv2D,2,107.808,53.904,107.808,53.904,0.00036380516799738275,0.7967466744449061,0.0,0.0
381,Device,Conv2D,inception_resnet_v2/block35_8_conv/Conv2D,2,107.648,53.824,107.648,53.824,0.00036326523750169055,0.7971099396824078,0.0,0.0
382,Device,Conv2D,inception_resnet_v2/block35_4_conv/Conv2D,2,107.456,53.728,107.456,53.728,0.00036261732090686,0.7974725570033147,0.0,0.0
383,Device,Conv2DBackpropInput,gradient_tape/inception_resnet_v2/conv2d_101/Conv2D/Conv2DBackpropInput,2,107.328,53.664,107.328,53.664,0.0003621853765103062,0.797834742379825,0.0,0.0
384,Device,Conv2D,inception_resnet_v2/block35_7_conv/Conv2D,2,107.232,53.616,107.232,53.616,0.0003618614182128909,0.7981966037980379,0.0,0.0
385,Device,Conv2D,inception_resnet_v2/block35_9_conv/Conv2D,2,107.169,53.5845,107.169,53.5845,0.00036164882058021213,0.7985582526186181,0.0,0.0
386,Device,Conv2D,inception_resnet_v2/block35_6_conv/Conv2D,2,107.168,53.584,107.168,53.584,0.0003616454460146141,0.7989198980646327,0.0,0.0
387,Device,Conv2D,inception_resnet_v2/block35_3_conv/Conv2D,2,106.88,53.44,106.88,53.44,0.00036067357112236814,0.799280571635755,0.0,0.0
388,Device,AddN,SGD/gradients/AddN_10,2,106.592,53.296,106.592,53.296,0.00035970169623012225,0.7996402733319852,0.0,0.0
389,Device,Conv2DBackpropInput,gradient_tape/inception_resnet_v2/conv2d_153/Conv2D/Conv2DBackpropInput,2,106.08,53.04,106.08,53.04,0.0003579739186439073,0.7999982472506291,0.0,0.0
390,Device,Conv2DBackpropInput,gradient_tape/inception_resnet_v2/conv2d_149/Conv2D/Conv2DBackpropInput,2,106.016,53.008,106.016,53.008,0.00035775794644563047,0.8003560051970747,0.0,0.0
391,Device,Conv2DBackpropInput,gradient_tape/inception_resnet_v2/conv2d_137/Conv2D/Conv2DBackpropInput,2,105.728,52.864,105.728,52.864,0.0003567860715533845,0.8007127912686282,0.0,0.0
392,Device,Conv2DBackpropInput,gradient_tape/inception_resnet_v2/conv2d_77/Conv2D/Conv2DBackpropInput,2,105.665,52.8325,105.665,52.8325,0.00035657347392070574,0.8010693647425489,0.0,0.0
393,Device,Conv2DBackpropInput,gradient_tape/inception_resnet_v2/conv2d_133/Conv2D/Conv2DBackpropInput,2,105.664,52.832,105.664,52.832,0.00035657009935510765,0.8014259348419039,0.0,0.0
394,Device,Conv2DBackpropInput,gradient_tape/inception_resnet_v2/conv2d_85/Conv2D/Conv2DBackpropInput,2,105.376,52.688,105.376,52.688,0.00035559822446286176,0.8017815330663668,0.0,0.0
395,Device,Conv2DBackpropInput,gradient_tape/inception_resnet_v2/conv2d_141/Conv2D/Conv2DBackpropInput,2,105.344,52.672,105.344,52.672,0.0003554902383637233,0.8021370233047305,0.0,0.0
396,Device,Conv2DBackpropInput,gradient_tape/inception_resnet_v2/conv2d_113/Conv2D/Conv2DBackpropInput,2,105.312,52.656,105.312,52.656,0.0003553822522645849,0.8024924055569951,0.0,0.0
397,Device,Conv2DBackpropInput,gradient_tape/inception_resnet_v2/conv2d_109/Conv2D/Conv2DBackpropInput,2,105.152,52.576,105.152,52.576,0.00035484232176889274,0.8028472478787639,0.0,0.0
398,Device,Conv2DBackpropInput,gradient_tape/inception_resnet_v2/conv2d_105/Conv2D/Conv2DBackpropInput,2,105.024,52.512,105.024,52.512,0.000354410377372339,0.8032016582561363,0.0,0.0
399,Device,Conv2DBackpropInput,gradient_tape/inception_resnet_v2/conv2d_81/Conv2D/Conv2DBackpropInput,2,104.992,52.496,104.992,52.496,0.00035430239127320055,0.8035559606474095,0.0,0.0
400,Device,Conv2DBackpropInput,gradient_tape/inception_resnet_v2/conv2d_121/Conv2D/Conv2DBackpropInput,2,104.96,52.48,104.96,52.48,0.0003541944051740621,0.8039101550525836,0.0,0.0
401,Device,Conv2DBackpropInput,gradient_tape/inception_resnet_v2/conv2d_97/Conv2D/Conv2DBackpropInput,2,104.768,52.384,104.768,52.384,0.00035354648857923154,0.8042637015411628,0.0,0.0
402,Device,Conv2DBackpropInput,gradient_tape/inception_resnet_v2/conv2d_117/Conv2D/Conv2DBackpropInput,2,104.608,52.304,104.608,52.304,0.00035300655808353934,0.8046167080992463,0.0,0.0
403,Device,Conv2DBackpropInput,gradient_tape/inception_resnet_v2/conv2d_125/Conv2D/Conv2DBackpropInput,2,104.576,52.288,104.576,52.288,0.0003528985719844009,0.8049696066712307,0.0,0.0
404,Device,Conv2DBackpropInput,gradient_tape/inception_resnet_v2/conv2d_145/Conv2D/Conv2DBackpropInput,2,104.576,52.288,104.576,52.288,0.0003528985719844009,0.8053225052432151,0.0,0.0
405,Device,Conv2DBackpropInput,gradient_tape/inception_resnet_v2/conv2d_93/Conv2D/Conv2DBackpropInput,2,104.513,52.2565,104.513,52.2565,0.0003526859743517221,0.8056751912175668,0.0,0.0
406,Device,Conv2DBackpropInput,gradient_tape/inception_resnet_v2/conv2d_89/Conv2D/Conv2DBackpropInput,2,104.448,52.224,104.448,52.224,0.00035246662758784715,0.8060276578451546,0.0,0.0
407,Device,Conv2DBackpropInput,gradient_tape/inception_resnet_v2/conv2d_129/Conv2D/Conv2DBackpropInput,2,103.968,51.984,103.968,51.984,0.0003508468361007707,0.8063785046812554,0.0,0.0
408,Device,Conv2DBackpropFilter,gradient_tape/inception_resnet_v2/conv2d_82/Conv2D/Conv2DBackpropFilter,4,103.937,25.98425,103.937,25.98425,0.00035074222456723034,0.8067292469058226,0.0,0.0
409,Device,Conv2DBackpropFilter,gradient_tape/inception_resnet_v2/conv2d_134/Conv2D/Conv2DBackpropFilter,4,103.904,25.976,103.904,25.976,0.0003506308639024938,0.8070798777697251,0.0,0.0
410,Device,Conv2DBackpropFilter,gradient_tape/inception_resnet_v2/conv2d_142/Conv2D/Conv2DBackpropFilter,4,103.904,25.976,103.904,25.976,0.0003506308639024938,0.8074305086336276,0.0,0.0
411,Device,Conv2DBackpropFilter,gradient_tape/inception_resnet_v2/conv2d_78/Conv2D/Conv2DBackpropFilter,4,103.904,25.976,103.904,25.976,0.0003506308639024938,0.8077811394975302,0.0,0.0
412,Device,Conv2DBackpropFilter,gradient_tape/inception_resnet_v2/conv2d_118/Conv2D/Conv2DBackpropFilter,4,103.808,25.952,103.808,25.952,0.00035030690560507855,0.8081314464031353,0.0,0.0
413,Device,Conv2DBackpropFilter,gradient_tape/inception_resnet_v2/conv2d_86/Conv2D/Conv2DBackpropFilter,4,103.808,25.952,103.808,25.952,0.00035030690560507855,0.8084817533087404,0.0,0.0
414,Device,Conv2DBackpropFilter,gradient_tape/inception_resnet_v2/conv2d_150/Conv2D/Conv2DBackpropFilter,4,103.776,25.944,103.776,25.944,0.00035019891950594005,0.8088319522282463,0.0,0.0
415,Device,Conv2DBackpropFilter,gradient_tape/inception_resnet_v2/conv2d_106/Conv2D/Conv2DBackpropFilter,4,103.745,25.93625,103.745,25.93625,0.00035009430797239977,0.8091820465362187,0.0,0.0
416,Device,Conv2DBackpropFilter,gradient_tape/inception_resnet_v2/conv2d_90/Conv2D/Conv2DBackpropFilter,4,103.68,25.92,103.68,25.92,0.0003498749612085248,0.8095319214974273,0.0,0.0
417,Device,Conv2DBackpropFilter,gradient_tape/inception_resnet_v2/conv2d_138/Conv2D/Conv2DBackpropFilter,4,103.584,25.896,103.584,25.896,0.0003495510029111095,0.8098814725003384,0.0,0.0
418,Device,Conv2DBackpropFilter,gradient_tape/inception_resnet_v2/conv2d_102/Conv2D/Conv2DBackpropFilter,4,103.52,25.88,103.52,25.88,0.0003493350307128326,0.8102308075310513,0.0,0.0
419,Device,Conv2DBackpropFilter,gradient_tape/inception_resnet_v2/conv2d_114/Conv2D/Conv2DBackpropFilter,4,103.488,25.872,103.488,25.872,0.00034922704461369416,0.810580034575665,0.0,0.0
420,Device,Conv2DBackpropFilter,gradient_tape/inception_resnet_v2/conv2d_110/Conv2D/Conv2DBackpropFilter,4,103.456,25.864,103.456,25.864,0.0003491190585145558,0.8109291536341795,0.0,0.0
421,Device,Conv2DBackpropFilter,gradient_tape/inception_resnet_v2/conv2d_130/Conv2D/Conv2DBackpropFilter,4,103.456,25.864,103.456,25.864,0.0003491190585145558,0.811278272692694,0.0,0.0
422,Device,Conv2DBackpropFilter,gradient_tape/inception_resnet_v2/conv2d_154/Conv2D/Conv2DBackpropFilter,4,103.425,25.85625,103.425,25.85625,0.0003490144469810154,0.811627287139675,0.0,0.0
423,Device,Conv2DBackpropFilter,gradient_tape/inception_resnet_v2/conv2d_98/Conv2D/Conv2DBackpropFilter,4,103.424,25.856,103.424,25.856,0.00034901107241541734,0.8119762982120905,0.0,0.0
424,Device,Conv2DBackpropFilter,gradient_tape/inception_resnet_v2/conv2d_94/Conv2D/Conv2DBackpropFilter,4,103.392,25.848,103.392,25.848,0.00034890308631627885,0.8123252012984068,0.0,0.0
425,Device,Conv2DBackpropFilter,gradient_tape/inception_resnet_v2/conv2d_126/Conv2D/Conv2DBackpropFilter,4,103.328,25.832,103.328,25.832,0.000348687114118002,0.8126738884125247,0.0,0.0
426,Device,Conv2DBackpropFilter,gradient_tape/inception_resnet_v2/conv2d_122/Conv2D/Conv2DBackpropFilter,4,103.296,25.824,103.296,25.824,0.0003485791280188636,0.8130224675405436,0.0,0.0
427,Device,Conv2DBackpropFilter,gradient_tape/inception_resnet_v2/conv2d_146/Conv2D/Conv2DBackpropFilter,4,103.2,25.8,103.2,25.8,0.00034825516972144827,0.8133707227102651,0.0,0.0
428,Device,Conv2DBackpropInput,gradient_tape/inception_resnet_v2/conv2d_103/Conv2D/Conv2DBackpropInput,4,98.496,24.624,98.496,24.624,0.00033238121314809854,0.8137031039234132,0.0,0.0
429,Device,Conv2DBackpropInput,gradient_tape/inception_resnet_v2/conv2d_151/Conv2D/Conv2DBackpropInput,4,98.336,24.584,98.336,24.584,0.00033184128265240635,0.8140349452060656,0.0,0.0
430,Device,Conv2DBackpropInput,gradient_tape/inception_resnet_v2/conv2d_107/Conv2D/Conv2DBackpropInput,4,98.144,24.536,98.144,24.536,0.00033119336605757577,0.8143661385721231,0.0,0.0
431,Device,Conv2DBackpropInput,gradient_tape/inception_resnet_v2/conv2d_135/Conv2D/Conv2DBackpropInput,4,98.08,24.52,98.08,24.52,0.0003309773938592989,0.8146971159659825,0.0,0.0
432,Device,Conv2DBackpropInput,gradient_tape/inception_resnet_v2/conv2d_123/Conv2D/Conv2DBackpropInput,4,97.984,24.496,97.984,24.496,0.0003306534355618836,0.8150277694015444,0.0,0.0
433,Device,Conv2DBackpropInput,gradient_tape/inception_resnet_v2/conv2d_127/Conv2D/Conv2DBackpropInput,4,97.92,24.48,97.92,24.48,0.00033043746336360676,0.815358206864908,0.0,0.0
434,Device,Conv2DBackpropInput,gradient_tape/inception_resnet_v2/conv2d_83/Conv2D/Conv2DBackpropInput,4,97.888,24.472,97.888,24.472,0.0003303294772644683,0.8156885363421725,0.0,0.0
435,Device,Conv2DBackpropInput,gradient_tape/inception_resnet_v2/conv2d_155/Conv2D/Conv2DBackpropInput,4,97.792,24.448,97.792,24.448,0.000330005518967053,0.8160185418611395,0.0,0.0
436,Device,Conv2DBackpropInput,gradient_tape/inception_resnet_v2/conv2d_143/Conv2D/Conv2DBackpropInput,4,97.76,24.44,97.76,24.44,0.00032989753286791456,0.8163484393940075,0.0,0.0
437,Device,Conv2DBackpropInput,gradient_tape/inception_resnet_v2/conv2d_119/Conv2D/Conv2DBackpropInput,4,97.632,24.408,97.632,24.408,0.00032946558847136086,0.8166779049824788,0.0,0.0
438,Device,Conv2DBackpropInput,gradient_tape/inception_resnet_v2/conv2d_79/Conv2D/Conv2DBackpropInput,4,97.601,24.40025,97.601,24.40025,0.00032936097693782047,0.8170072659594166,0.0,0.0
439,Device,Conv2DBackpropInput,gradient_tape/inception_resnet_v2/conv2d_87/Conv2D/Conv2DBackpropInput,4,97.504,24.376,97.504,24.376,0.0003290336440748071,0.8173362996034914,0.0,0.0
440,Device,Conv2DBackpropInput,gradient_tape/inception_resnet_v2/conv2d_91/Conv2D/Conv2DBackpropInput,4,97.504,24.376,97.504,24.376,0.0003290336440748071,0.8176653332475662,0.0,0.0
441,Device,Conv2DBackpropInput,gradient_tape/inception_resnet_v2/conv2d_111/Conv2D/Conv2DBackpropInput,4,97.472,24.368,97.472,24.368,0.00032892565797566867,0.8179942589055419,0.0,0.0
442,Device,Conv2DBackpropFilter,gradient_tape/inception_resnet_v2/block8_3_conv/Conv2D/Conv2DBackpropFilter,4,97.441,24.36025,97.441,24.36025,0.00032882104644212833,0.8183230799519841,0.0,0.0
443,Device,Conv2DBackpropInput,gradient_tape/inception_resnet_v2/conv2d_139/Conv2D/Conv2DBackpropInput,4,97.408,24.352,97.408,24.352,0.0003287096857773918,0.8186517896377614,0.0,0.0
444,Device,Conv2DBackpropFilter,gradient_tape/inception_resnet_v2/block8_5_conv/Conv2D/Conv2DBackpropFilter,4,97.377,24.34425,97.377,24.34425,0.00032860507424385145,0.8189803947120052,0.0,0.0
445,Device,Conv2DBackpropFilter,gradient_tape/inception_resnet_v2/block8_2_conv/Conv2D/Conv2DBackpropFilter,4,97.312,24.328,97.312,24.328,0.0003283857274799765,0.8193087804394852,0.0,0.0
446,Device,Conv2DBackpropFilter,gradient_tape/inception_resnet_v2/block8_7_conv/Conv2D/Conv2DBackpropFilter,4,97.312,24.328,97.312,24.328,0.0003283857274799765,0.8196371661669651,0.0,0.0
447,Device,Conv2DBackpropInput,gradient_tape/inception_resnet_v2/conv2d_115/Conv2D/Conv2DBackpropInput,4,97.312,24.328,97.312,24.328,0.0003283857274799765,0.8199655518944451,0.0,0.0
448,Device,Conv2DBackpropInput,gradient_tape/inception_resnet_v2/conv2d_99/Conv2D/Conv2DBackpropInput,4,97.312,24.328,97.312,24.328,0.0003283857274799765,0.820293937621925,0.0,0.0
449,Device,Conv2DBackpropFilter,gradient_tape/inception_resnet_v2/block8_8_conv/Conv2D/Conv2DBackpropFilter,4,97.248,24.312,97.248,24.312,0.00032816975528169966,0.8206221073772068,0.0,0.0
450,Device,Conv2DBackpropInput,gradient_tape/inception_resnet_v2/conv2d_131/Conv2D/Conv2DBackpropInput,4,97.216,24.304,97.216,24.304,0.00032806176918256117,0.8209501691463893,0.0,0.0
451,Device,Conv2DBackpropInput,gradient_tape/inception_resnet_v2/conv2d_95/Conv2D/Conv2DBackpropInput,4,97.184,24.296,97.184,24.296,0.0003279537830834228,0.8212781229294727,0.0,0.0
452,Device,Conv2DBackpropFilter,gradient_tape/inception_resnet_v2/block8_4_conv/Conv2D/Conv2DBackpropFilter,4,97.089,24.27225,97.089,24.27225,0.00032763319935160556,0.8216057561288242,0.0,0.0
453,Device,Conv2DBackpropFilter,gradient_tape/inception_resnet_v2/block8_1_conv/Conv2D/Conv2DBackpropFilter,4,97.088,24.272,97.088,24.272,0.00032762982478600747,0.8219333859536102,0.0,0.0
454,Device,Conv2DBackpropInput,gradient_tape/inception_resnet_v2/conv2d_147/Conv2D/Conv2DBackpropInput,4,96.928,24.232,96.928,24.232,0.0003270898942903153,0.8222604758479005,0.0,0.0
455,Device,Conv2DBackpropFilter,gradient_tape/inception_resnet_v2/block8_6_conv/Conv2D/Conv2DBackpropFilter,4,96.641,24.16025,96.641,24.16025,0.0003261213939636675,0.8225865972418642,0.0,0.0
456,Device,Conv2DBackpropFilter,gradient_tape/inception_resnet_v2/block8_9_conv/Conv2D/Conv2DBackpropFilter,4,96.545,24.13625,96.545,24.13625,0.00032579743566625216,0.8229123946775305,0.0,0.0
457,Device,MaxPoolGrad,gradient_tape/inception_resnet_v2/max_pooling2d_2/MaxPool/MaxPoolGrad,2,96.448,48.224,96.448,48.224,0.00032547010280323875,0.8232378647803338,0.0,0.0
458,Device,Conv2DBackpropInput,gradient_tape/inception_resnet_v2/conv2d_9/Conv2D/Conv2DBackpropInput,4,96.16,24.04,96.16,24.04,0.00032449822791099286,0.8235623630082448,0.0,0.0
459,Device,Conv2DBackpropFilter,gradient_tape/inception_resnet_v2/block8_10_conv/Conv2D/Conv2DBackpropFilter,4,92.48,23.12,92.48,23.12,0.00031207982651007305,0.8238744428347549,0.0,0.0
460,Device,AddV2,inception_resnet_v2/block35_9/add,2,90.88,45.44,90.88,45.44,0.00030668052155315135,0.824181123356308,0.0,0.0
461,Device,AddV2,inception_resnet_v2/block35_1/add,2,90.432,45.216,90.432,45.216,0.00030516871616521326,0.8244862920724733,0.0,0.0
462,Device,AddV2,inception_resnet_v2/block35_3/add,2,90.08,45.04,90.08,45.04,0.0003039808690746905,0.8247902729415479,0.0,0.0
463,Device,AddV2,inception_resnet_v2/block35_5/add,2,90.08,45.04,90.08,45.04,0.0003039808690746905,0.8250942538106226,0.0,0.0
464,Device,AddV2,inception_resnet_v2/block35_2/add,2,90.048,45.024,90.048,45.024,0.0003038728829755521,0.8253981266935981,0.0,0.0
465,Device,AddV2,inception_resnet_v2/block35_6/add,2,90.017,45.0085,90.017,45.0085,0.0003037682714420117,0.8257018949650401,0.0,0.0
466,Device,AddV2,inception_resnet_v2/block35_4/add,2,90.016,45.008,90.016,45.008,0.00030376489687641367,0.8260056598619165,0.0,0.0
467,Device,AddV2,inception_resnet_v2/block35_8/add,2,89.856,44.928,89.856,44.928,0.0003032249663807215,0.8263088848282972,0.0,0.0
468,Device,AddV2,inception_resnet_v2/block35_10/add,2,89.728,44.864,89.728,44.864,0.00030279302198416773,0.8266116778502814,0.0,0.0
469,Device,AddV2,inception_resnet_v2/block35_7/add,2,89.536,44.768,89.536,44.768,0.00030214510538933715,0.8269138229556707,0.0,0.0
470,Device,Conv2DBackpropFilter,gradient_tape/inception_resnet_v2/conv2d_5/Conv2D/Conv2DBackpropFilter,2,87.968,43.984,87.968,43.984,0.0002968537865315539,0.8272106767422023,0.0,0.0
471,Device,AddN,SGD/gradients/AddN_42,2,87.52,43.76,87.52,43.76,0.0002953419811436158,0.827506018723346,0.0,0.0
472,Device,Conv2DBackpropFilter,gradient_tape/inception_resnet_v2/conv2d_22/Conv2D/Conv2DBackpropFilter,4,86.913,21.72825,86.913,21.72825,0.0002932936198255837,0.8277993123431715,0.0,0.0
473,Device,Conv2DBackpropFilter,gradient_tape/inception_resnet_v2/conv2d_40/Conv2D/Conv2DBackpropFilter,4,86.88,21.72,86.88,21.72,0.00029318225916084715,0.8280924946023324,0.0,0.0
474,Device,Conv2DBackpropFilter,gradient_tape/inception_resnet_v2/conv2d_70/Conv2D/Conv2DBackpropFilter,4,86.816,21.704,86.816,21.704,0.00029296628696257027,0.8283854608892949,0.0,0.0
475,Device,Conv2DBackpropFilter,gradient_tape/inception_resnet_v2/conv2d_52/Conv2D/Conv2DBackpropFilter,4,86.72,21.68,86.72,21.68,0.000292642328665155,0.82867810321796,0.0,0.0
476,Device,Conv2DBackpropFilter,gradient_tape/inception_resnet_v2/conv2d_58/Conv2D/Conv2DBackpropFilter,4,86.656,21.664,86.656,21.664,0.00029242635646687813,0.8289705295744269,0.0,0.0
477,Device,Conv2DBackpropFilter,gradient_tape/inception_resnet_v2/conv2d_34/Conv2D/Conv2DBackpropFilter,4,86.464,21.616,86.464,21.616,0.0002917784398720475,0.8292623080142989,0.0,0.0
478,Device,Conv2DBackpropFilter,gradient_tape/inception_resnet_v2/conv2d_64/Conv2D/Conv2DBackpropFilter,4,86.464,21.616,86.464,21.616,0.0002917784398720475,0.829554086454171,0.0,0.0
479,Device,Conv2DBackpropFilter,gradient_tape/inception_resnet_v2/conv2d_16/Conv2D/Conv2DBackpropFilter,4,86.4,21.6,86.4,21.6,0.0002915624676737707,0.8298456489218448,0.0,0.0
480,Device,Conv2DBackpropFilter,gradient_tape/inception_resnet_v2/conv2d_28/Conv2D/Conv2DBackpropFilter,4,86.272,21.568,86.272,21.568,0.0002911305232772169,0.830136779445122,0.0,0.0
481,Device,Conv2DBackpropInput,gradient_tape/inception_resnet_v2/conv2d_175/Conv2D/Conv2DBackpropInput,2,86.112,43.056,86.112,43.056,0.00029059059278152473,0.8304273700379035,0.0,0.0
482,Device,Conv2DBackpropInput,gradient_tape/inception_resnet_v2/conv2d_163/Conv2D/Conv2DBackpropInput,2,86.017,43.0085,86.017,43.0085,0.0002902700090497075,0.8307176400469531,0.0,0.0
483,Device,Conv2DBackpropInput,gradient_tape/inception_resnet_v2/conv2d_171/Conv2D/Conv2DBackpropInput,2,85.92,42.96,85.92,42.96,0.00028994267618669416,0.8310075827231398,0.0,0.0
484,Device,Conv2DBackpropInput,gradient_tape/inception_resnet_v2/conv2d_191/Conv2D/Conv2DBackpropInput,2,85.76,42.88,85.76,42.88,0.000289402745691002,0.8312969854688308,0.0,0.0
485,Device,Conv2DBackpropInput,gradient_tape/inception_resnet_v2/conv2d_187/Conv2D/Conv2DBackpropInput,2,85.696,42.848,85.696,42.848,0.0002891867734927251,0.8315861722423236,0.0,0.0
486,Device,Conv2DBackpropInput,gradient_tape/inception_resnet_v2/conv2d_188/Conv2D/Conv2DBackpropInput,2,85.664,42.832,85.664,42.832,0.0002890787873935867,0.8318752510297172,0.0,0.0
487,Device,Conv2DBackpropInput,gradient_tape/inception_resnet_v2/conv2d_167/Conv2D/Conv2DBackpropInput,2,85.537,42.7685,85.537,42.7685,0.00028865021756263105,0.8321639012472798,0.0,0.0
488,Device,Conv2DBackpropInput,gradient_tape/inception_resnet_v2/conv2d_183/Conv2D/Conv2DBackpropInput,2,85.408,42.704,85.408,42.704,0.0002882148986004792,0.8324521161458802,0.0,0.0
489,Device,AddN,SGD/gradients/AddN_16,2,85.28,42.64,85.28,42.64,0.0002877829542039255,0.8327398991000842,0.0,0.0
490,Device,Conv2DBackpropInput,gradient_tape/inception_resnet_v2/conv2d_179/Conv2D/Conv2DBackpropInput,2,85.216,42.608,85.216,42.608,0.00028756698200564857,0.8330274660820898,0.0,0.0
491,Device,Conv2DBackpropInput,gradient_tape/inception_resnet_v2/conv2d_196/Conv2D/Conv2DBackpropInput,2,85.152,42.576,85.152,42.576,0.00028735100980737175,0.8333148170918971,0.0,0.0
492,Device,ReluGrad,gradient_tape/inception_resnet_v2/block35_10_ac/ReluGrad,2,84.641,42.3205,84.641,42.3205,0.0002856266067867549,0.8336004436986839,0.0,0.0
493,Device,Conv2DBackpropInput,gradient_tape/inception_resnet_v2/conv2d_172/Conv2D/Conv2DBackpropInput,2,84.576,42.288,84.576,42.288,0.0002854072600228799,0.8338858509587068,0.0,0.0
494,Device,AddN,SGD/gradients/AddN_22,2,84.544,42.272,84.544,42.272,0.00028529927392374147,0.8341711502326306,0.0,0.0
495,Device,AddN,SGD/gradients/AddN_11,2,84.513,42.2565,84.513,42.2565,0.0002851946623902012,0.8344563448950207,0.0,0.0
496,Device,Conv2DBackpropInput,gradient_tape/inception_resnet_v2/conv2d_195/Conv2D/Conv2DBackpropInput,2,84.384,42.192,84.384,42.192,0.00028475934342804933,0.8347411042384488,0.0,0.0
497,Device,ReluGrad,gradient_tape/inception_resnet_v2/block35_2_ac/ReluGrad,2,84.352,42.176,84.352,42.176,0.0002846513573289109,0.8350257555957777,0.0,0.0
498,Device,ReluGrad,gradient_tape/inception_resnet_v2/block35_5_ac/ReluGrad,2,84.192,42.096,84.192,42.096,0.0002841114268332187,0.835309867022611,0.0,0.0
499,Device,ReluGrad,gradient_tape/inception_resnet_v2/block35_8_ac/ReluGrad,2,84.128,42.064,84.128,42.064,0.0002838954546349419,0.8355937624772459,0.0,0.0
500,Device,AddN,SGD/gradients/AddN_24,2,84.065,42.0325,84.065,42.0325,0.00028368285700226304,0.8358774453342482,0.0,0.0
501,Host,IDLE,IDLE,0,748811.012,0.0,748811.012,0.0,0.0,0.0,0.9971851746196443,0.9971851746196443
502,Host,GatherV2,GatherV2,2,1770.516,885.258,1770.516,885.258,0.0,0.0,0.0023577809064416833,0.999542955526086
503,Host,Dataset,Iterator::Root::ParallelMapV2::Zip[1]::ForeverRepeat,2,63.93,31.965,59.592,29.796,0.0,0.0,7.935815309021369e-05,0.9996223136791762
504,Host,Dataset,Iterator::Root::ParallelMapV2::Zip[0]::FlatMap[1]::Concatenate,2,67.413,33.7065,40.845,20.4225,0.0,0.0,5.4392934671932106e-05,0.9996767066138481
505,Host,LogicalAnd,LogicalAnd,1,38.731,38.731,38.731,38.731,0.0,0.0,5.15777390813711e-05,0.9997282843529295
506,Host,FlushSummaryWriter,FlushSummaryWriter,1,38.513,38.513,38.513,38.513,0.0,0.0,5.1287430359165654e-05,0.9997795717832887
507,Host,Dataset,Iterator::Root::ParallelMapV2::Zip[0]::FlatMap[1]::Concatenate[0]::TensorSlice,2,26.568,13.284,26.568,13.284,0.0,0.0,3.538037675024831e-05,0.9998149521600389
508,Host,Dataset,Iterator::Root,2,49.582,24.791,25.752,12.876,0.0,0.0,3.429371657905731e-05,0.9998492458766179
509,Host,GatherV2,GatherV2_1,2,25.049,12.5245,25.049,12.5245,0.0,0.0,3.335753753451408e-05,0.9998826034141525
510,Host,Dataset,Iterator::Root::ParallelMapV2,2,23.83,11.915,23.83,11.915,0.0,0.0,3.173420573465888e-05,0.9999143376198871
511,Host,WriteSummary,WriteSummary,1,22.538,22.538,22.538,22.538,0.0,0.0,3.0013660463606463e-05,0.9999443512803508
512,Host,IteratorGetNext,IteratorGetNext,2,12.335,6.1675,12.335,6.1675,0.0,0.0,1.642641324956011e-05,0.9999607776936004
513,Host,Dataset,Iterator::Root::ParallelMapV2::Zip,2,145.57,72.785,10.344,5.172,0.0,0.0,1.3775015699509505e-05,0.9999745527092999
514,Host,ReadVariableOp,ReadVariableOp,1,7.855,7.855,7.855,7.855,0.0,0.0,1.0460435839099687e-05,0.999985013145139
515,Host,Dataset,Iterator::Root::ParallelMapV2::Zip[1]::ForeverRepeat::FromTensor,4,4.338,1.0845,4.338,1.0845,0.0,0.0,5.776877233611005e-06,0.9999907900223726
516,Host,Dataset,Iterator::Root::ParallelMapV2::Zip[0]::FlatMap,2,71.296,35.648,3.883,1.9415,0.0,0.0,5.1709576528611185e-06,0.9999959609800254
517,Host,Identity,Identity,2,3.033,1.5165,3.033,1.5165,0.0,0.0,4.039019974537155e-06,1.0
