Rank,Host/device,Type,Operation,#Occurrences,Total time (us),Avg. time (us),Total self-time (us),Avg. self-time (us),Total self-time on Device (%),Cumulative total-self time on Device (%),Total self-time on Host (%),Cumulative total-self time on Host (%)
1,Device,IDLE,IDLE,0,5745.338,0.0,5745.338,0.0,0.09677435112109142,0.09677435112109142,0.0,0.0
2,Device,_Recv,IteratorGetNext/_2,2,2423.07,1211.535,2423.07,1211.535,0.0408141395634135,0.13758849068450493,0.0,0.0
3,Device,Conv2DBackpropFilter,gradient_tape/model/conv2d/Conv2D/Conv2DBackpropFilter,2,1549.278,774.639,1549.278,774.639,0.02609600569299531,0.16368449637750024,0.0,0.0
4,Device,FusedBatchNormGradV3,gradient_tape/model/batch_normalization/FusedBatchNormGradV3,2,1448.704,724.352,1448.704,724.352,0.024401939375286473,0.18808643575278672,0.0,0.0
5,Device,Conv2DBackpropFilter,gradient_tape/model/conv2d_1/Conv2D/Conv2DBackpropFilter,2,1112.926,556.463,1112.926,556.463,0.018746101882220298,0.20683253763500703,0.0,0.0
6,Device,Conv2DBackpropFilter,gradient_tape/model/conv2d_4/Conv2D/Conv2DBackpropFilter,2,1110.848,555.424,1110.848,555.424,0.018711100094400395,0.22554363772940741,0.0,0.0
7,Device,Conv2DBackpropFilter,gradient_tape/model/conv2d_2/Conv2D/Conv2DBackpropFilter,2,1103.646,551.823,1103.646,551.823,0.01858978975952121,0.24413342748892863,0.0,0.0
8,Device,Conv2DBackpropFilter,gradient_tape/model/conv2d_3/Conv2D/Conv2DBackpropFilter,2,1101.248,550.624,1101.248,550.624,0.018549397898504787,0.2626828253874334,0.0,0.0
9,Device,Conv2D,model/conv2d/Conv2D,2,1040.864,520.432,1040.864,520.432,0.017532291086321417,0.28021511647375485,0.0,0.0
10,Device,Conv2DBackpropFilter,gradient_tape/model/conv2d_19/Conv2D/Conv2DBackpropFilter,4,950.207,237.55175,950.207,237.55175,0.01600526650576849,0.29622038297952336,0.0,0.0
11,Device,Conv2DBackpropFilter,gradient_tape/model/conv2d_18/Conv2D/Conv2DBackpropFilter,4,938.88,234.72,938.88,234.72,0.01581447475859041,0.3120348577381138,0.0,0.0
12,Device,Conv2DBackpropFilter,gradient_tape/model/conv2d_16/Conv2D/Conv2DBackpropFilter,4,930.944,232.736,930.944,232.736,0.015680800943316708,0.3277156586814305,0.0,0.0
13,Device,ReluGrad,gradient_tape/model/activation/ReluGrad,2,866.142,433.071,866.142,433.071,0.014589277433063883,0.34230493611449436,0.0,0.0
14,Device,FusedBatchNormV3,model/batch_normalization/FusedBatchNormV3,4,856.415,214.10375,856.415,214.10375,0.014425436051868403,0.3567303721663628,0.0,0.0
15,Device,Conv2DBackpropFilter,gradient_tape/model/conv2d_5/Conv2D/Conv2DBackpropFilter,4,814.048,203.512,814.048,203.512,0.013711807204627863,0.37044217937099067,0.0,0.0
16,Device,Conv2DBackpropInput,gradient_tape/model/conv2d_5/Conv2D/Conv2DBackpropInput,2,735.519,367.7595,735.519,367.7595,0.012389066398223054,0.38283124576921373,0.0,0.0
17,Device,Conv2DBackpropInput,gradient_tape/model/conv2d_15/Conv2D/Conv2DBackpropInput,2,659.84,329.92,659.84,329.92,0.011114330931224756,0.3939455767004385,0.0,0.0
18,Device,MaxPoolGrad,gradient_tape/model/max_pooling2d/MaxPool/MaxPoolGrad,2,626.848,313.424,626.848,313.424,0.010558614384663515,0.404504191085102,0.0,0.0
19,Device,Conv2DBackpropInput,gradient_tape/model/conv2d_10/Conv2D/Conv2DBackpropInput,2,601.568,300.784,601.568,300.784,0.010132798602138417,0.4146369896872404,0.0,0.0
20,Device,BiasAdd,model/conv2d/BiasAdd,2,584.895,292.4475,584.895,292.4475,0.009851958944620973,0.4244889486318614,0.0,0.0
21,Device,Conv2D,model/conv2d_19/Conv2D,4,567.776,141.944,567.776,141.944,0.009563606872585877,0.43405255550444727,0.0,0.0
22,Device,Conv2D,model/conv2d_18/Conv2D,4,566.847,141.71175,566.847,141.71175,0.009547958816337231,0.4436005143207845,0.0,0.0
23,Device,Conv2D,model/conv2d_16/Conv2D,4,565.535,141.38375,565.535,141.38375,0.009525859516231498,0.453126373837016,0.0,0.0
24,Device,Conv2D,model/conv2d_5/Conv2D,4,555.519,138.87975,555.519,138.87975,0.009357150225180414,0.4624835240621964,0.0,0.0
25,Device,Conv2DBackpropFilter,gradient_tape/model/conv2d_9/Conv2D/Conv2DBackpropFilter,2,553.856,276.928,553.856,276.928,0.009329138688537247,0.47181266275073364,0.0,0.0
26,Device,Relu,model/activation/Relu,2,552.191,276.0955,552.191,276.0955,0.009301093463936604,0.48111375621467023,0.0,0.0
27,Device,Conv2DBackpropFilter,gradient_tape/model/conv2d_8/Conv2D/Conv2DBackpropFilter,2,551.615,275.8075,551.615,275.8075,0.009291391332182868,0.4904051475468531,0.0,0.0
28,Device,Conv2DBackpropFilter,gradient_tape/model/conv2d_6/Conv2D/Conv2DBackpropFilter,2,542.112,271.056,542.112,271.056,0.009131323002224955,0.49953647054907807,0.0,0.0
29,Device,Conv2DBackpropInput,gradient_tape/model/conv2d_19/Conv2D/Conv2DBackpropInput,4,483.776,120.944,483.776,120.944,0.008148712658499313,0.5076851832075774,0.0,0.0
30,Device,Conv2DBackpropInput,gradient_tape/model/conv2d_18/Conv2D/Conv2DBackpropInput,4,481.887,120.47175,481.887,120.47175,0.008116894382661105,0.5158020775902384,0.0,0.0
31,Device,Conv2DBackpropInput,gradient_tape/model/conv2d_16/Conv2D/Conv2DBackpropInput,4,481.663,120.41575,481.663,120.41575,0.00811312133142354,0.5239151989216619,0.0,0.0
32,Device,Conv2DBackpropInput,gradient_tape/model/conv2d_4/Conv2D/Conv2DBackpropInput,2,475.582,237.791,475.582,237.791,0.008010693096710916,0.5319258920183728,0.0,0.0
33,Device,Conv2DBackpropInput,gradient_tape/model/conv2d_1/Conv2D/Conv2DBackpropInput,2,474.048,237.024,474.048,237.024,0.007984854433325098,0.5399107464516979,0.0,0.0
34,Device,Conv2DBackpropInput,gradient_tape/model/conv2d_3/Conv2D/Conv2DBackpropInput,2,474.014,237.007,474.014,237.007,0.007984281738047968,0.5478950281897459,0.0,0.0
35,Device,Conv2DBackpropFilter,gradient_tape/model/conv2d_15/Conv2D/Conv2DBackpropFilter,4,473.855,118.46375,473.855,118.46375,0.007981603545428448,0.5558766317351743,0.0,0.0
36,Device,Conv2DBackpropInput,gradient_tape/model/conv2d_2/Conv2D/Conv2DBackpropInput,2,472.544,236.272,472.544,236.272,0.007959521089301452,0.5638361528244757,0.0,0.0
37,Device,Conv2D,model/conv2d_1/Conv2D,2,471.167,235.5835,471.167,235.5835,0.007936326930577676,0.5717724797550534,0.0,0.0
38,Device,Conv2D,model/conv2d_3/Conv2D,2,468.639,234.3195,468.639,234.3195,0.007893745352325166,0.5796662251073785,0.0,0.0
39,Device,Conv2D,model/conv2d_2/Conv2D,2,468.32,234.16,468.32,234.16,0.007888372123107385,0.5875545972304859,0.0,0.0
40,Device,Conv2D,model/conv2d_4/Conv2D,2,468.288,234.144,468.288,234.144,0.007887833115787734,0.5954424303462736,0.0,0.0
41,Device,Conv2D,model/conv2d_15/Conv2D,4,458.912,114.728,458.912,114.728,0.0077299039711296895,0.6031723343174034,0.0,0.0
42,Device,Conv2DBackpropInput,gradient_tape/model/conv2d_6/Conv2D/Conv2DBackpropInput,4,411.903,102.97575,411.903,102.97575,0.006938085374582127,0.6101104196919855,0.0,0.0
43,Device,Conv2DBackpropFilter,gradient_tape/model/conv2d_10/Conv2D/Conv2DBackpropFilter,4,405.504,101.376,405.504,101.376,0.006830300754630461,0.616940720446616,0.0,0.0
44,Device,Conv2DBackpropInput,gradient_tape/model/conv2d_9/Conv2D/Conv2DBackpropInput,4,404.704,101.176,404.704,101.176,0.00681682557163916,0.6237575460182552,0.0,0.0
45,Device,Conv2DBackpropInput,gradient_tape/model/conv2d_8/Conv2D/Conv2DBackpropInput,4,404.32,101.08,404.32,101.08,0.0068103574838033355,0.6305679035020585,0.0,0.0
46,Device,Conv2D,model/conv2d_10/Conv2D,4,384.096,96.024,384.096,96.024,0.006469704857783256,0.6370376083598418,0.0,0.0
47,Device,FusedBatchNormGradV3,gradient_tape/model/batch_normalization_3/FusedBatchNormGradV3,2,370.176,185.088,370.176,185.088,0.006235236673734624,0.6432728450335764,0.0,0.0
48,Device,FusedBatchNormGradV3,gradient_tape/model/batch_normalization_4/FusedBatchNormGradV3,2,369.568,184.784,369.568,184.784,0.006224995534661236,0.6494978405682377,0.0,0.0
49,Device,FusedBatchNormGradV3,gradient_tape/model/batch_normalization_2/FusedBatchNormGradV3,2,369.504,184.752,369.504,184.752,0.0062239175200219325,0.6557217580882596,0.0,0.0
50,Device,FusedBatchNormGradV3,gradient_tape/model/batch_normalization_1/FusedBatchNormGradV3,2,369.472,184.736,369.472,184.736,0.00622337851270228,0.6619451366009619,0.0,0.0
51,Device,Conv2DBackpropFilter,gradient_tape/model/conv2d_14/Conv2D/Conv2DBackpropFilter,4,368.799,92.19975,368.799,92.19975,0.006212042515010848,0.6681571791159727,0.0,0.0
52,Device,Conv2DBackpropFilter,gradient_tape/model/conv2d_13/Conv2D/Conv2DBackpropFilter,4,367.168,91.792,367.168,91.792,0.006184569985687335,0.67434174910166,0.0,0.0
53,Device,Conv2DBackpropFilter,gradient_tape/model/conv2d_11/Conv2D/Conv2DBackpropFilter,4,359.104,89.776,359.104,89.776,0.006048740141135024,0.680390489242795,0.0,0.0
54,Device,MaxPool,model/max_pooling2d/MaxPool,2,357.856,178.928,357.856,178.928,0.006027718855668595,0.6864182080984635,0.0,0.0
55,Device,Conv2DBackpropInput,gradient_tape/model/conv2d_14/Conv2D/Conv2DBackpropInput,4,350.879,87.71975,350.879,87.71975,0.0059101984160057144,0.6923284065144693,0.0,0.0
56,Device,Conv2DBackpropInput,gradient_tape/model/conv2d_11/Conv2D/Conv2DBackpropInput,4,350.079,87.51975,350.079,87.51975,0.005896723233014414,0.6982251297474836,0.0,0.0
57,Device,Conv2DBackpropInput,gradient_tape/model/conv2d_13/Conv2D/Conv2DBackpropInput,4,348.32,87.08,348.32,87.08,0.005867094674412291,0.7040922244218959,0.0,0.0
58,Device,Conv2D,model/conv2d_8/Conv2D,4,342.272,85.568,342.272,85.568,0.0057652222909980585,0.709857446712894,0.0,0.0
59,Device,Conv2D,model/conv2d_9/Conv2D,4,340.992,85.248,340.992,85.248,0.005743661998211978,0.7156011087111059,0.0,0.0
60,Device,Conv2D,model/conv2d_6/Conv2D,4,340.48,85.12,340.48,85.12,0.005735037881097546,0.7213361465922035,0.0,0.0
61,Device,Conv2D,model/conv2d_11/Conv2D,4,337.183,84.29575,337.183,84.29575,0.005679503283194648,0.7270156498753981,0.0,0.0
62,Device,Conv2D,model/conv2d_14/Conv2D,4,334.944,83.736,334.944,83.736,0.005641789614797745,0.7326574394901959,0.0,0.0
63,Device,Conv2D,model/conv2d_13/Conv2D,4,334.655,83.66375,334.655,83.66375,0.005636921704942137,0.738294361195138,0.0,0.0
64,Device,BiasAddGrad,gradient_tape/model/conv2d/BiasAdd/BiasAddGrad,2,272.352,136.176,272.352,136.176,0.004587491297558384,0.7428818524926964,0.0,0.0
65,Device,Conv2DBackpropInput,gradient_tape/model/conv2d_7/Conv2D/Conv2DBackpropInput,2,241.503,120.7515,241.503,120.7515,0.004067871397435093,0.7469497238901316,0.0,0.0
66,Device,Conv2DBackpropFilter,gradient_tape/model/conv2d_12/Conv2D/Conv2DBackpropFilter,2,239.072,119.536,239.072,119.536,0.004026923685120278,0.7509766475752518,0.0,0.0
67,Device,FusedBatchNormV3,model/batch_normalization_3/FusedBatchNormV3,4,236.416,59.104,236.416,59.104,0.00398218607758916,0.754958833652841,0.0,0.0
68,Device,FusedBatchNormV3,model/batch_normalization_1/FusedBatchNormV3,4,235.136,58.784,235.136,58.784,0.003960625784803079,0.758919459437644,0.0,0.0
69,Device,FusedBatchNormV3,model/batch_normalization_4/FusedBatchNormV3,4,232.576,58.144,232.576,58.144,0.003917505199230917,0.762836964636875,0.0,0.0
70,Device,FusedBatchNormV3,model/batch_normalization_2/FusedBatchNormV3,4,231.328,57.832,231.328,57.832,0.0038964839137644886,0.7667334485506395,0.0,0.0
71,Device,ReluGrad,gradient_tape/model/activation_4/ReluGrad,2,218.688,109.344,218.688,109.344,0.0036835760225019383,0.7704170245731414,0.0,0.0
72,Device,ReluGrad,gradient_tape/model/activation_2/ReluGrad,2,216.448,108.224,216.448,108.224,0.003645845510126297,0.7740628700832677,0.0,0.0
73,Device,ReluGrad,gradient_tape/model/activation_3/ReluGrad,2,215.296,107.648,215.296,107.648,0.0036264412466188237,0.7776893113298865,0.0,0.0
74,Device,AddN,SGD/gradients/AddN_6,2,212.576,106.288,212.576,106.288,0.0035806256244484014,0.7812699369543349,0.0,0.0
75,Device,AddN,SGD/gradients/AddN_5,2,211.52,105.76,211.52,105.76,0.003562838382899885,0.7848327753372347,0.0,0.0
76,Device,AddV2,model/add/add,2,209.184,104.592,209.184,104.592,0.0035234908485652873,0.7883562661858,0.0,0.0
77,Device,AddV2,model/add_1/add,2,208.512,104.256,208.512,104.256,0.0035121716948525944,0.7918684378806526,0.0,0.0
78,Device,ReluGrad,gradient_tape/model/activation_1/ReluGrad,2,203.36,101.68,203.36,101.68,0.003425391516388619,0.7952938293970413,0.0,0.0
79,Device,AddN,SGD/gradients/AddN_7,2,200.992,100.496,200.992,100.496,0.0033855049747343684,0.7986793343717756,0.0,0.0
80,Device,Conv2DBackpropFilter,gradient_tape/model/conv2d_7/Conv2D/Conv2DBackpropFilter,2,185.92,92.96,185.92,92.96,0.0031316325271782647,0.8018109668989539,0.0,0.0
81,Device,Conv2DBackpropInput,gradient_tape/model/conv2d_12/Conv2D/Conv2DBackpropInput,2,185.76,92.88,185.76,92.88,0.0031289374905800046,0.8049399043895339,0.0,0.0
82,Device,Conv2DBackpropFilter,gradient_tape/model/conv2d_17/Conv2D/Conv2DBackpropFilter,4,184.895,46.22375,184.895,46.22375,0.0031143674489706613,0.8080542718385045,0.0,0.0
83,Device,FusedBatchNormGradV3,gradient_tape/model/batch_normalization_5/FusedBatchNormGradV3,2,184.32,92.16,184.32,92.16,0.0031046821611956637,0.8111589539997002,0.0,0.0
84,Device,FusedBatchNormGradV3,gradient_tape/model/batch_normalization_6/FusedBatchNormGradV3,2,184.16,92.08,184.16,92.08,0.0031019871245974036,0.8142609411242976,0.0,0.0
85,Device,FusedBatchNormGradV3,gradient_tape/model/batch_normalization_7/FusedBatchNormGradV3,2,184.16,92.08,184.16,92.08,0.0031019871245974036,0.817362928248895,0.0,0.0
86,Device,FusedBatchNormGradV3,gradient_tape/model/batch_normalization_8/FusedBatchNormGradV3,2,182.687,91.3435,182.687,91.3435,0.0030771759439146714,0.8204401041928097,0.0,0.0
87,Device,Conv2DBackpropInput,gradient_tape/model/conv2d_17/Conv2D/Conv2DBackpropInput,4,167.904,41.976,167.904,41.976,0.0028281714062141747,0.8232682755990238,0.0,0.0
88,Device,SoftmaxCrossEntropyWithLogits,categorical_crossentropy/softmax_cross_entropy_with_logits,2,151.84,75.92,151.84,75.92,0.0025575897317488584,0.8258258653307727,0.0,0.0
89,Device,BiasAdd,model/conv2d_4/BiasAdd,2,151.551,75.7755,151.551,75.7755,0.002552721821893251,0.828378587152666,0.0,0.0
90,Device,BiasAdd,model/conv2d_2/BiasAdd,2,151.423,75.7115,151.423,75.7115,0.002550565792614643,0.8309291529452806,0.0,0.0
91,Device,BiasAdd,model/conv2d_1/BiasAdd,2,151.072,75.536,151.072,75.536,0.00254465355607721,0.8334738065013578,0.0,0.0
92,Device,BiasAdd,model/conv2d_3/BiasAdd,2,149.568,74.784,149.568,74.784,0.002519320212053565,0.8359931267134114,0.0,0.0
93,Device,Conv2D,model/conv2d_7/Conv2D,2,146.272,73.136,146.272,73.136,0.002463802458129406,0.8384569291715408,0.0,0.0
94,Device,Relu,model/activation_4/Relu,2,143.2,71.6,143.2,71.6,0.0024120577554428116,0.8408689869269836,0.0,0.0
95,Device,Relu,model/activation_1/Relu,2,141.504,70.752,141.504,70.752,0.002383490367501254,0.8432524772944849,0.0,0.0
96,Device,Relu,model/activation_2/Relu,2,141.44,70.72,141.44,70.72,0.00238241235286195,0.8456348896473469,0.0,0.0
97,Device,Relu,model/activation_3/Relu,2,141.28,70.64,141.28,70.64,0.00237971731626369,0.8480146069636106,0.0,0.0
98,Device,Transpose,gradient_tape/model/conv2d/Conv2D/Conv2DBackpropFilter-0-TransposeNHWCToNCHW-LayoutOptimizer,2,137.344,68.672,137.344,68.672,0.002313419415946491,0.8503280263795572,0.0,0.0
99,Device,FusedBatchNormV3,model/batch_normalization_6/FusedBatchNormV3,4,129.984,32.496,129.984,32.496,0.0021894477324265254,0.8525174741119838,0.0,0.0
100,Device,FusedBatchNormV3,model/batch_normalization_5/FusedBatchNormV3,4,128.416,32.104,128.416,32.104,0.002163036373763576,0.8546805104857473,0.0,0.0
101,Device,FusedBatchNormV3,model/batch_normalization_7/FusedBatchNormV3,4,128.288,32.072,128.288,32.072,0.0021608803444849683,0.8568413908302323,0.0,0.0
102,Device,FusedBatchNormV3,model/batch_normalization_8/FusedBatchNormV3,4,127.68,31.92,127.68,31.92,0.00215063920541158,0.8589920300356438,0.0,0.0
103,Device,ResourceApplyGradientDescent,SGD/SGD/update_62/ResourceApplyGradientDescent,2,123.936,61.968,123.936,61.968,0.002087575349012293,0.8610796053846561,0.0,0.0
104,Device,ResourceApplyGradientDescent,SGD/SGD/update_70/ResourceApplyGradientDescent,2,123.52,61.76,123.52,61.76,0.0020805682538568163,0.8631601736385129,0.0,0.0
105,Device,ResourceApplyGradientDescent,SGD/SGD/update_66/ResourceApplyGradientDescent,2,123.424,61.712,123.424,61.712,0.00207895123189786,0.8652391248704108,0.0,0.0
106,Device,AddN,SGD/gradients/AddN_25,2,123.232,61.616,123.232,61.616,0.002075717187979948,0.8673148420583907,0.0,0.0
107,Device,AddN,SGD/gradients/AddN_27,2,122.592,61.296,122.592,61.296,0.0020649370415869077,0.8693797790999777,0.0,0.0
108,Device,AddN,SGD/gradients/AddN_26,2,121.632,60.816,121.632,60.816,0.002048766821997347,0.871428545921975,0.0,0.0
109,Device,Mul,gradient_tape/conv2d_19/kernel/Regularizer/Mul_1,2,121.215,60.6075,121.215,60.6075,0.0020417428828631316,0.8734702888048382,0.0,0.0
110,Device,Mul,gradient_tape/conv2d_18/kernel/Regularizer/Mul_1,2,121.184,60.592,121.184,60.592,0.0020412207195222186,0.8755115095243604,0.0,0.0
111,Device,Mul,gradient_tape/conv2d_16/kernel/Regularizer/Mul_1,2,118.656,59.328,118.656,59.328,0.0019986391412697086,0.8775101486656302,0.0,0.0
112,Device,ReluGrad,gradient_tape/model/activation_6/ReluGrad,2,110.592,55.296,110.592,55.296,0.0018628092967173983,0.8793729579623476,0.0,0.0
113,Device,ReluGrad,gradient_tape/model/activation_8/ReluGrad,2,110.144,55.072,110.144,55.072,0.00185526319424227,0.8812282211565898,0.0,0.0
114,Device,ReluGrad,gradient_tape/model/activation_7/ReluGrad,2,109.92,54.96,109.92,54.96,0.0018514901430047056,0.8830797112995945,0.0,0.0
115,Device,AddV2,model/add_2/add,2,108.607,54.3035,108.607,54.3035,0.0018293739989202337,0.8849090852985148,0.0,0.0
116,Device,AddV2,model/add_3/add,2,108.576,54.288,108.576,54.288,0.0018288518355793206,0.8867379371340941,0.0,0.0
117,Device,AddN,SGD/gradients/AddN_3,2,108.416,54.208,108.416,54.208,0.0018261567989810606,0.8885640939330751,0.0,0.0
118,Device,AddN,SGD/gradients/AddN_4,2,107.904,53.952,107.904,53.952,0.001817532681866628,0.8903816266149417,0.0,0.0
119,Device,ReluGrad,gradient_tape/model/activation_5/ReluGrad,2,104.576,52.288,104.576,52.288,0.0017614759206228175,0.8921431025355645,0.0,0.0
120,Device,Conv2D,model/conv2d_17/Conv2D,2,103.488,51.744,103.488,51.744,0.0017431496717546487,0.8938862522073191,0.0,0.0
121,Device,BiasAddGrad,gradient_tape/model/conv2d_2/BiasAdd/BiasAddGrad,2,96.0,48.0,96.0,48.0,0.0016170219589560749,0.8955032741662752,0.0,0.0
122,Device,BiasAddGrad,gradient_tape/model/conv2d_1/BiasAdd/BiasAddGrad,2,86.784,43.392,86.784,43.392,0.0014617878508962918,0.8969650620171715,0.0,0.0
123,Device,BiasAddGrad,gradient_tape/model/conv2d_3/BiasAdd/BiasAddGrad,2,86.464,43.232,86.464,43.232,0.0014563977776997715,0.8984214597948713,0.0,0.0
124,Device,BiasAddGrad,gradient_tape/model/conv2d_4/BiasAdd/BiasAddGrad,2,86.336,43.168,86.336,43.168,0.0014542417484211634,0.8998757015432924,0.0,0.0
125,Device,Square,conv2d_18/kernel/Regularizer/Square,2,83.104,41.552,83.104,41.552,0.0013998020091363088,0.9012755035524288,0.0,0.0
126,Device,Square,conv2d_19/kernel/Regularizer/Square,2,82.623,41.3115,82.623,41.3115,0.0013917000553627893,0.9026672036077916,0.0,0.0
127,Device,Square,conv2d_16/kernel/Regularizer/Square,2,81.76,40.88,81.76,40.88,0.0013771637017109238,0.9040443673095026,0.0,0.0
128,Device,Mul,gradient_tape/conv2d_16/kernel/Regularizer/Mul,2,80.96,40.48,80.96,40.48,0.001363688518719623,0.9054080558282221,0.0,0.0
129,Device,BiasAdd,model/conv2d_7/BiasAdd,2,78.112,39.056,78.112,39.056,0.0013157168672705928,0.9067237726954928,0.0,0.0
130,Device,BiasAdd,model/conv2d_6/BiasAdd,2,78.048,39.024,78.048,39.024,0.0013146388526312888,0.908038411548124,0.0,0.0
131,Device,BiasAdd,model/conv2d_9/BiasAdd,2,78.048,39.024,78.048,39.024,0.0013146388526312888,0.9093530504007553,0.0,0.0
132,Device,BiasAdd,model/conv2d_8/BiasAdd,2,77.504,38.752,77.504,38.752,0.0013054757281972045,0.9106585261289525,0.0,0.0
133,Device,Conv2D,model/conv2d_12/Conv2D,2,77.408,38.704,77.408,38.704,0.0013038587062382484,0.9119623848351908,0.0,0.0
134,Device,BiasAdd,model/conv2d_5/BiasAdd,2,76.512,38.256,76.512,38.256,0.0012887665012879916,0.9132511513364787,0.0,0.0
135,Device,Tile,gradient_tape/conv2d_16/kernel/Regularizer/Tile,2,73.856,36.928,73.856,36.928,0.0012440288937568735,0.9144951802302356,0.0,0.0
136,Device,Relu,model/activation_7/Relu,2,73.055,36.5275,73.055,36.5275,0.0012305368667868339,0.9157257170970224,0.0,0.0
137,Device,Relu,model/activation_5/Relu,2,72.992,36.496,72.992,36.496,0.001229475696126269,0.9169551927931487,0.0,0.0
138,Device,Relu,model/activation_8/Relu,2,72.832,36.416,72.832,36.416,0.0012267806595280086,0.9181819734526767,0.0,0.0
139,Device,Relu,model/activation_6/Relu,2,72.768,36.384,72.768,36.384,0.0012257026448887047,0.9194076760975655,0.0,0.0
140,Device,FusedBatchNormGradV3,gradient_tape/model/batch_normalization_12/FusedBatchNormGradV3,2,65.696,32.848,65.696,32.848,0.0011065820272456073,0.920514258124811,0.0,0.0
141,Device,ResourceApplyGradientDescent,SGD/SGD/update_56/ResourceApplyGradientDescent,2,65.376,32.688,65.376,32.688,0.001101191954049087,0.9216154500788601,0.0,0.0
142,Device,FusedBatchNormGradV3,gradient_tape/model/batch_normalization_11/FusedBatchNormGradV3,2,64.832,32.416,64.832,32.416,0.0010920288296150024,0.9227074789084752,0.0,0.0
143,Device,FusedBatchNormGradV3,gradient_tape/model/batch_normalization_9/FusedBatchNormGradV3,2,64.768,32.384,64.768,32.384,0.0010909508149756985,0.9237984297234508,0.0,0.0
144,Device,FusedBatchNormGradV3,gradient_tape/model/batch_normalization_10/FusedBatchNormGradV3,2,63.424,31.712,63.424,31.712,0.0010683125075503135,0.9248667422310012,0.0,0.0
145,Device,AddN,SGD/gradients/AddN_23,2,63.36,31.68,63.36,31.68,0.0010672344929110093,0.9259339767239122,0.0,0.0
146,Device,Mul,gradient_tape/conv2d_15/kernel/Regularizer/Mul_1,2,62.176,31.088,62.176,31.088,0.0010472912220838846,0.9269812679459961,0.0,0.0
147,Device,BiasAddGrad,gradient_tape/model/conv2d_9/BiasAdd/BiasAddGrad,2,56.608,28.304,56.608,28.304,0.0009535039484644321,0.9279347718944605,0.0,0.0
148,Device,BiasAddGrad,gradient_tape/model/conv2d_8/BiasAdd/BiasAddGrad,2,56.223,28.1115,56.223,28.1115,0.0009470190166498687,0.9288817909111103,0.0,0.0
149,Device,ReluGrad,gradient_tape/model/activation_11/ReluGrad,2,56.096,28.048,56.096,28.048,0.0009448798313499997,0.9298266707424604,0.0,0.0
150,Device,ReluGrad,gradient_tape/model/activation_12/ReluGrad,2,56.064,28.032,56.064,28.032,0.0009443408240303478,0.9307710115664908,0.0,0.0
151,Device,ReluGrad,gradient_tape/model/activation_10/ReluGrad,2,56.032,28.016,56.032,28.016,0.0009438018167106957,0.9317148133832015,0.0,0.0
152,Device,ReluGrad,gradient_tape/model/activation_9/ReluGrad,2,54.08,27.04,54.08,27.04,0.0009109223702119221,0.9326257357534135,0.0,0.0
153,Device,Sum,conv2d_19/kernel/Regularizer/Sum,2,53.088,26.544,53.088,26.544,0.0008942131433027094,0.9335199488967162,0.0,0.0
154,Device,Sum,conv2d_16/kernel/Regularizer/Sum,2,52.8,26.4,52.8,26.4,0.0008893620774258411,0.934409310974142,0.0,0.0
155,Device,FusedBatchNormV3,model/batch_normalization_12/FusedBatchNormV3,4,51.968,12.992,51.968,12.992,0.0008753478871148886,0.9352846588612569,0.0,0.0
156,Device,BiasAddGrad,gradient_tape/model/conv2d_5/BiasAdd/BiasAddGrad,2,50.432,25.216,50.432,25.216,0.0008494755357715914,0.9361341343970285,0.0,0.0
157,Device,FusedBatchNormV3,model/batch_normalization_11/FusedBatchNormV3,4,50.368,12.592,50.368,12.592,0.0008483975211322874,0.9369825319181608,0.0,0.0
158,Device,FusedBatchNormV3,model/batch_normalization_10/FusedBatchNormV3,4,50.272,12.568,50.272,12.568,0.0008467804991733311,0.9378293124173341,0.0,0.0
159,Device,Sum,conv2d_18/kernel/Regularizer/Sum,2,49.856,24.928,49.856,24.928,0.0008397734040178549,0.938669085821352,0.0,0.0
160,Device,FusedBatchNormV3,model/batch_normalization_9/FusedBatchNormV3,4,49.856,12.464,49.856,12.464,0.0008397734040178549,0.9395088592253699,0.0,0.0
161,Device,AddN,SGD/gradients/AddN_2,2,48.544,24.272,48.544,24.272,0.0008176741039121218,0.940326533329282,0.0,0.0
162,Device,FusedBatchNormGradV3,gradient_tape/model/batch_normalization_15/FusedBatchNormGradV3,2,46.912,23.456,46.912,23.456,0.0007901847306098686,0.9411167180598918,0.0,0.0
163,Device,FusedBatchNormGradV3,gradient_tape/model/batch_normalization_13/FusedBatchNormGradV3,2,46.592,23.296,46.592,23.296,0.0007847946574133483,0.9419015127173052,0.0,0.0
164,Device,FusedBatchNormGradV3,gradient_tape/model/batch_normalization_14/FusedBatchNormGradV3,2,46.24,23.12,46.24,23.12,0.0007788655768971761,0.9426803782942024,0.0,0.0
165,Device,BiasAddGrad,gradient_tape/model/conv2d_7/BiasAdd/BiasAddGrad,2,46.144,23.072,46.144,23.072,0.00077724855493822,0.9434576268491406,0.0,0.0
166,Device,Square,conv2d_15/kernel/Regularizer/Square,2,43.744,21.872,43.744,21.872,0.0007368230059643181,0.9441944498551049,0.0,0.0
167,Device,FusedBatchNormV3,model/batch_normalization_14/FusedBatchNormV3,4,42.624,10.656,42.624,10.656,0.0007179577497764973,0.9449124076048814,0.0,0.0
168,Device,FusedBatchNormV3,model/batch_normalization_13/FusedBatchNormV3,4,42.464,10.616,42.464,10.616,0.0007152627131782371,0.9456276703180596,0.0,0.0
169,Device,BiasAddGrad,gradient_tape/model/conv2d_15/BiasAdd/BiasAddGrad,2,42.432,21.216,42.432,21.216,0.0007147237058585851,0.9463423940239182,0.0,0.0
170,Device,FusedBatchNormV3,model/batch_normalization_16/FusedBatchNormV3,4,42.272,10.568,42.272,10.568,0.000712028669260325,0.9470544226931785,0.0,0.0
171,Device,FusedBatchNormV3,model/batch_normalization_15/FusedBatchNormV3,4,42.08,10.52,42.08,10.52,0.0007087946253424128,0.947763217318521,0.0,0.0
172,Device,BiasAddGrad,gradient_tape/model/conv2d_19/BiasAdd/BiasAddGrad,2,41.76,20.88,41.76,20.88,0.0007034045521458925,0.9484666218706669,0.0,0.0
173,Device,BiasAdd,model/conv2d_12/BiasAdd,2,41.664,20.832,41.664,20.832,0.0007017875301869365,0.9491684094008538,0.0,0.0
174,Device,BiasAddGrad,gradient_tape/model/conv2d_18/BiasAdd/BiasAddGrad,2,41.632,20.816,41.632,20.816,0.0007012485228672844,0.949869657923721,0.0,0.0
175,Device,AddN,SGD/gradients/AddN_1,2,40.96,20.48,40.96,20.48,0.0006899293691545919,0.9505595872928756,0.0,0.0
176,Device,Tile,gradient_tape/conv2d_15/kernel/Regularizer/Tile,2,40.832,20.416,40.832,20.416,0.0006877733398759838,0.9512473606327516,0.0,0.0
177,Device,BiasAddGrad,gradient_tape/model/conv2d_13/BiasAdd/BiasAddGrad,2,40.64,20.32,40.64,20.32,0.0006845392959580717,0.9519318999287096,0.0,0.0
178,Device,BiasAddGrad,gradient_tape/model/conv2d_14/BiasAdd/BiasAddGrad,2,40.32,20.16,40.32,20.16,0.0006791492227615515,0.9526110491514712,0.0,0.0
179,Device,Mul,gradient_tape/conv2d_15/kernel/Regularizer/Mul,2,39.712,19.856,39.712,19.856,0.000668908083688163,0.9532799572351593,0.0,0.0
180,Device,BiasAddGrad,gradient_tape/model/conv2d_10/BiasAdd/BiasAddGrad,2,39.136,19.568,39.136,19.568,0.0006592059519344265,0.9539391631870938,0.0,0.0
181,Device,BiasAddGrad,gradient_tape/model/conv2d_17/BiasAdd/BiasAddGrad,2,38.016,19.008,38.016,19.008,0.0006403406957466056,0.9545795038828404,0.0,0.0
182,Device,FusedBatchNormGradV3,gradient_tape/model/batch_normalization_16/FusedBatchNormGradV3,2,37.888,18.944,37.888,18.944,0.0006381846664679975,0.9552176885493084,0.0,0.0
183,Device,AddV2,model/add_4/add,2,36.0,18.0,36.0,18.0,0.0006063832346085281,0.9558240717839169,0.0,0.0
184,Device,ResourceApplyGradientDescent,SGD/SGD/update_44/ResourceApplyGradientDescent,2,35.648,17.824,35.648,17.824,0.0006004541540923559,0.9564245259380093,0.0,0.0
185,Device,AddV2,model/add_5/add,2,35.616,17.808,35.616,17.808,0.0005999151467727038,0.957024441084782,0.0,0.0
186,Device,ResourceApplyGradientDescent,SGD/SGD/update_48/ResourceApplyGradientDescent,2,35.296,17.648,35.296,17.648,0.0005945250735761835,0.9576189661583582,0.0,0.0
187,Device,ResourceApplyGradientDescent,SGD/SGD/update_52/ResourceApplyGradientDescent,2,35.296,17.648,35.296,17.648,0.0005945250735761835,0.9582134912319343,0.0,0.0
188,Device,AddN,SGD/gradients/AddN_22,2,34.944,17.472,34.944,17.472,0.0005885959930600113,0.9588020872249944,0.0,0.0
189,Device,AddN,SGD/gradients/AddN_21,2,34.304,17.152,34.304,17.152,0.0005778158466669708,0.9593799030716613,0.0,0.0
190,Device,Sum,conv2d_15/kernel/Regularizer/Sum,2,33.952,16.976,33.952,16.976,0.0005718867661507985,0.9599517898378122,0.0,0.0
191,Device,Mul,gradient_tape/conv2d_11/kernel/Regularizer/Mul_1,2,33.632,16.816,33.632,16.816,0.0005664966929542782,0.9605182865307664,0.0,0.0
192,Device,BiasAddGrad,gradient_tape/model/conv2d_12/BiasAdd/BiasAddGrad,2,32.319,16.1595,32.319,16.1595,0.0005443805488698062,0.9610626670796363,0.0,0.0
193,Device,Mul,gradient_tape/conv2d_13/kernel/Regularizer/Mul_1,2,32.256,16.128,32.256,16.128,0.0005433193782092412,0.9616059864578456,0.0,0.0
194,Device,Mul,gradient_tape/conv2d_14/kernel/Regularizer/Mul_1,2,31.84,15.92,31.84,15.92,0.0005363122830537648,0.9621422987408993,0.0,0.0
195,Device,Relu,model/activation_12/Relu,2,31.584,15.792,31.584,15.792,0.0005320002244965487,0.9626742989653958,0.0,0.0
196,Device,ArgMax,ArgMax,2,31.104,15.552,31.104,15.552,0.0005239151147017683,0.9631982140800975,0.0,0.0
197,Device,ReluGrad,gradient_tape/model/activation_15/ReluGrad,2,30.784,15.392,30.784,15.392,0.000518525041505248,0.9637167391216028,0.0,0.0
198,Device,AddN,SGD/gradients/AddN_20,2,30.592,15.296,30.592,15.296,0.0005152909975873358,0.9642320301191901,0.0,0.0
199,Device,ReluGrad,gradient_tape/model/activation_13/ReluGrad,2,30.144,15.072,30.144,15.072,0.0005077448951122075,0.9647397750143023,0.0,0.0
200,Device,ReluGrad,gradient_tape/model/activation_14/ReluGrad,2,30.144,15.072,30.144,15.072,0.0005077448951122075,0.9652475199094145,0.0,0.0
201,Device,ArgMax,ArgMax_1,2,23.424,11.712,23.424,11.712,0.0003945533579852823,0.9656420732673998,0.0,0.0
202,Device,Sum,conv2d_11/kernel/Regularizer/Sum,2,23.296,11.648,23.296,11.648,0.00039239732870667413,0.9660344705961065,0.0,0.0
203,Device,Sum,conv2d_14/kernel/Regularizer/Sum,2,23.072,11.536,23.072,11.536,0.00038862427746911,0.9664230948735756,0.0,0.0
204,Device,MatMul,model/dense/MatMul,2,22.944,11.472,22.944,11.472,0.0003864682481905019,0.9668095631217661,0.0,0.0
205,Device,Sum,conv2d_13/kernel/Regularizer/Sum,2,22.624,11.312,22.624,11.312,0.0003810781749939816,0.9671906412967601,0.0,0.0
206,Device,Tile,gradient_tape/conv2d_11/kernel/Regularizer/Tile,2,22.432,11.216,22.432,11.216,0.0003778441310760695,0.9675684854278362,0.0,0.0
207,Device,AvgPoolGrad,gradient_tape/model/average_pooling2d/AvgPoolGrad,2,22.368,11.184,22.368,11.184,0.0003767661164367654,0.967945251544273,0.0,0.0
208,Device,Square,conv2d_13/kernel/Regularizer/Square,2,22.144,11.072,22.144,11.072,0.00037299306519920125,0.9683182446094722,0.0,0.0
209,Device,BiasAdd,model/conv2d_10/BiasAdd,2,21.76,10.88,21.76,10.88,0.000366524977363377,0.9686847695868356,0.0,0.0
210,Device,BiasAdd,model/conv2d_13/BiasAdd,2,21.44,10.72,21.44,10.72,0.0003611349041668567,0.9690459044910025,0.0,0.0
211,Device,Square,conv2d_11/kernel/Regularizer/Square,2,21.184,10.592,21.184,10.592,0.00035682284560964054,0.9694027273366121,0.0,0.0
212,Device,Softmax,model/dense/Softmax,2,21.024,10.512,21.024,10.512,0.00035412780901138044,0.9697568551456235,0.0,0.0
213,Device,Square,conv2d_14/kernel/Regularizer/Square,2,20.864,10.432,20.864,10.432,0.0003514327724131203,0.9701082879180366,0.0,0.0
214,Device,BiasAdd,model/conv2d_11/BiasAdd,2,20.32,10.16,20.32,10.16,0.00034226964797903585,0.9704505575660156,0.0,0.0
215,Device,BiasAdd,model/conv2d_14/BiasAdd,2,20.16,10.08,20.16,10.08,0.00033957461138077574,0.9707901321773964,0.0,0.0
216,Device,ResourceApplyGradientDescent,SGD/SGD/update_38/ResourceApplyGradientDescent,2,19.872,9.936,19.872,9.936,0.0003347235455039075,0.9711248557229003,0.0,0.0
217,Device,AddN,SGD/gradients/AddN_18,2,19.648,9.824,19.648,9.824,0.00033095049426634334,0.9714558062171667,0.0,0.0
218,Device,AddN,ArithmeticOptimizer/AddOpsRewrite_AddN_1,4,19.552,4.888,19.552,4.888,0.0003293334723073872,0.971785139689474,0.0,0.0
219,Device,Mul,gradient_tape/conv2d_10/kernel/Regularizer/Mul_1,2,19.36,9.68,19.36,9.68,0.0003260994283894751,0.9721112391178635,0.0,0.0
220,Device,MatMul,gradient_tape/model/dense/MatMul/MatMul_1,2,19.168,9.584,19.168,9.584,0.0003228653844715629,0.972434104502335,0.0,0.0
221,Device,Sum,conv2d_10/kernel/Regularizer/Sum,2,17.696,8.848,17.696,8.848,0.0002980710477675698,0.9727321755501026,0.0,0.0
222,Device,Sum,conv2d_6/kernel/Regularizer/Sum,2,17.44,8.72,17.44,8.72,0.00029375898921035363,0.973025934539313,0.0,0.0
223,Device,Sum,conv2d_17/kernel/Regularizer/Sum,2,16.896,8.448,16.896,8.448,0.0002845958647762692,0.9733105304040892,0.0,0.0
224,Device,BiasAdd,model/conv2d_17/BiasAdd,2,16.672,8.336,16.672,8.336,0.000280822813538705,0.9735913532176279,0.0,0.0
225,Device,Sum,conv2d_9/kernel/Regularizer/Sum,2,16.544,8.272,16.544,8.272,0.0002786667842600969,0.973870020001888,0.0,0.0
226,Device,Sum,conv2d_8/kernel/Regularizer/Sum,2,16.352,8.176,16.352,8.176,0.00027543274034218474,0.9741454527422302,0.0,0.0
227,Device,Mul,gradient_tape/conv2d_11/kernel/Regularizer/Mul,2,15.712,7.856,15.712,7.856,0.00026465259394914425,0.9744101053361793,0.0,0.0
228,Device,Relu,model/activation_9/Relu,2,15.648,7.824,15.648,7.824,0.0002635745793098402,0.9746736799154891,0.0,0.0
229,Device,AddN,SGD/gradients/AddN,2,15.168,7.584,15.168,7.584,0.0002554894695150598,0.9749291693850042,0.0,0.0
230,Device,AddV2,model/add_7/add,2,15.168,7.584,15.168,7.584,0.0002554894695150598,0.9751846588545192,0.0,0.0
231,Device,Square,conv2d_10/kernel/Regularizer/Square,2,14.528,7.264,14.528,7.264,0.00024470932312201934,0.9754293681776413,0.0,0.0
232,Device,AddV2,model/add_6/add,2,14.528,7.264,14.528,7.264,0.00024470932312201934,0.9756740775007633,0.0,0.0
233,Device,Sum,conv2d_3/kernel/Regularizer/Sum,2,14.464,7.232,14.464,7.232,0.0002436313084827153,0.975917708809246,0.0,0.0
234,Device,Relu,model/activation_10/Relu,2,14.4,7.2,14.4,7.2,0.00024255329384341123,0.9761602621030894,0.0,0.0
235,Device,Relu,model/activation_11/Relu,2,14.4,7.2,14.4,7.2,0.00024255329384341123,0.9764028153969327,0.0,0.0
236,Device,Mul,gradient_tape/conv2d_10/kernel/Regularizer/Mul,2,13.984,6.992,13.984,6.992,0.00023554619868793492,0.9766383615956207,0.0,0.0
237,Device,AvgPool,model/average_pooling2d/AvgPool,2,13.984,6.992,13.984,6.992,0.00023554619868793492,0.9768739077943086,0.0,0.0
238,Device,AddN,SGD/gradients/AddN_17,2,13.824,6.912,13.824,6.912,0.00023285116208967478,0.9771067589563983,0.0,0.0
239,Device,Tile,gradient_tape/conv2d_10/kernel/Regularizer/Tile,2,13.632,6.816,13.632,6.816,0.00022961711817176263,0.97733637607457,0.0,0.0
240,Device,ReluGrad,gradient_tape/model/activation_16/ReluGrad,2,13.6,6.8,13.6,6.8,0.0002290781108521106,0.9775654541854222,0.0,0.0
241,Device,Sum,conv2d_1/kernel/Regularizer/Sum,2,13.536,6.768,13.536,6.768,0.00022800009621280656,0.977793454281635,0.0,0.0
242,Device,Sum,conv2d_2/kernel/Regularizer/Sum,2,13.536,6.768,13.536,6.768,0.00022800009621280656,0.9780214543778478,0.0,0.0
243,Device,Sum,conv2d_4/kernel/Regularizer/Sum,2,13.504,6.752,13.504,6.752,0.0002274610888931545,0.978248915466741,0.0,0.0
244,Device,Sum,conv2d_5/kernel/Regularizer/Sum,2,13.44,6.72,13.44,6.72,0.00022638307425385047,0.9784752985409948,0.0,0.0
245,Device,AddN,SGD/gradients/AddN_16,2,13.248,6.624,13.248,6.624,0.0002231490303359383,0.9786984475713307,0.0,0.0
246,Device,Sum,conv2d_12/kernel/Regularizer/Sum,2,13.248,6.624,13.248,6.624,0.0002231490303359383,0.9789215966016667,0.0,0.0
247,Device,ResourceApplyGradientDescent,SGD/SGD/update_26/ResourceApplyGradientDescent,2,12.928,6.464,12.928,6.464,0.0002177589571394181,0.979139355558806,0.0,0.0
248,Device,ResourceApplyGradientDescent,SGD/SGD/update_30/ResourceApplyGradientDescent,2,12.896,6.448,12.896,6.448,0.00021721994981976607,0.9793565755086258,0.0,0.0
249,Device,MatMul,gradient_tape/model/dense/MatMul/MatMul,2,12.896,6.448,12.896,6.448,0.00021721994981976607,0.9795737954584455,0.0,0.0
250,Device,ResourceApplyGradientDescent,SGD/SGD/update_34/ResourceApplyGradientDescent,2,12.832,6.416,12.832,6.416,0.00021614193518046203,0.979789937393626,0.0,0.0
251,Device,Tile,gradient_tape/conv2d_1/kernel/Regularizer/Tile,2,12.512,6.256,12.512,6.256,0.00021075186198394176,0.9800006892556099,0.0,0.0
252,Device,Tile,gradient_tape/conv2d_5/kernel/Regularizer/Tile,2,12.512,6.256,12.512,6.256,0.00021075186198394176,0.9802114411175938,0.0,0.0
253,Device,Tile,gradient_tape/conv2d_6/kernel/Regularizer/Tile,2,12.48,6.24,12.48,6.24,0.00021021285466428974,0.9804216539722581,0.0,0.0
254,Device,ResourceApplyGradientDescent,SGD/SGD/update_60/ResourceApplyGradientDescent,2,12.32,6.16,12.32,6.16,0.0002075178180660296,0.9806291717903242,0.0,0.0
255,Device,Mul,gradient_tape/conv2d_6/kernel/Regularizer/Mul_1,2,12.192,6.096,12.192,6.096,0.00020536178878742152,0.9808345335791115,0.0,0.0
256,Device,BiasAdd,model/conv2d_16/BiasAdd,2,12.192,6.096,12.192,6.096,0.00020536178878742152,0.9810398953678989,0.0,0.0
257,Device,Tile,gradient_tape/conv2d_17/kernel/Regularizer/Tile,2,12.096,6.048,12.096,6.048,0.00020374476682846542,0.9812436401347274,0.0,0.0
258,Device,Tile,gradient_tape/conv2d_12/kernel/Regularizer/Tile,2,12.064,6.032,12.064,6.032,0.0002032057595088134,0.9814468458942363,0.0,0.0
259,Device,BiasAdd,model/conv2d_18/BiasAdd,2,12.064,6.032,12.064,6.032,0.0002032057595088134,0.9816500516537451,0.0,0.0
260,Device,BiasAdd,model/conv2d_19/BiasAdd,2,11.968,5.984,11.968,5.984,0.00020158873754985734,0.9818516403912949,0.0,0.0
261,Device,AddN,SGD/gradients/AddN_24,2,11.872,5.936,11.872,5.936,0.00019997171559090125,0.9820516121068859,0.0,0.0
262,Device,BiasAdd,model/conv2d_15/BiasAdd,2,11.84,5.92,11.84,5.92,0.00019943270827124922,0.9822510448151571,0.0,0.0
263,Device,_Recv,IteratorGetNext/_4,2,11.616,5.808,11.616,5.808,0.00019565965703368505,0.9824467044721908,0.0,0.0
264,Device,Sum,conv2d/kernel/Regularizer/Sum,2,11.584,5.792,11.584,5.792,0.00019512064971403302,0.9826418251219049,0.0,0.0
265,Device,Sum,conv2d_7/kernel/Regularizer/Sum,2,11.328,5.664,11.328,5.664,0.00019080859115681682,0.9828326337130617,0.0,0.0
266,Device,Mul,gradient_tape/conv2d_17/kernel/Regularizer/Mul_1,2,11.104,5.552,11.104,5.552,0.00018703553991925265,0.983019669252981,0.0,0.0
267,Device,AddN,SGD/gradients/AddN_15,2,10.752,5.376,10.752,5.376,0.0001811064594030804,0.9832007757123841,0.0,0.0
268,Device,Mul,gradient_tape/conv2d_6/kernel/Regularizer/Mul,2,10.144,5.072,10.144,5.072,0.00017086532032969191,0.9833716410327138,0.0,0.0
269,Device,Square,conv2d_6/kernel/Regularizer/Square,2,10.112,5.056,10.112,5.056,0.0001703263130100399,0.9835419673457239,0.0,0.0
270,Device,ResourceApplyGradientDescent,SGD/SGD/update_20/ResourceApplyGradientDescent,2,10.016,5.008,10.016,5.008,0.0001687092910510838,0.9837106766367749,0.0,0.0
271,Device,Square,conv2d_17/kernel/Regularizer/Square,2,9.92,4.96,9.92,4.96,0.00016709226909212774,0.9838777689058671,0.0,0.0
272,Device,Mul,gradient_tape/conv2d_9/kernel/Regularizer/Mul_1,2,9.824,4.912,9.824,4.912,0.00016547524713317167,0.9840432441530003,0.0,0.0
273,Device,Relu,model/activation_16/Relu,2,9.792,4.896,9.792,4.896,0.00016493623981351962,0.9842081803928138,0.0,0.0
274,Device,Square,conv2d_9/kernel/Regularizer/Square,2,9.728,4.864,9.728,4.864,0.00016385822517421558,0.9843720386179879,0.0,0.0
275,Device,Relu,model/activation_15/Relu,2,9.632,4.816,9.632,4.816,0.00016224120321525951,0.9845342798212032,0.0,0.0
276,Device,Relu,model/activation_14/Relu,2,9.6,4.8,9.6,4.8,0.0001617021958956075,0.9846959820170988,0.0,0.0
277,Device,Relu,model/activation_13/Relu,2,9.536,4.768,9.536,4.768,0.00016062418125630342,0.9848566061983551,0.0,0.0
278,Device,Mul,gradient_tape/conv2d_5/kernel/Regularizer/Mul_1,2,9.44,4.72,9.44,4.72,0.00015900715929734736,0.9850156133576525,0.0,0.0
279,Device,Mul,gradient_tape/conv2d_17/kernel/Regularizer/Mul,2,9.376,4.688,9.376,4.688,0.00015792914465804331,0.9851735425023106,0.0,0.0
280,Device,AddN,SGD/gradients/AddN_13,2,9.183,4.5915,9.183,4.5915,0.00015467825676139204,0.985328220759072,0.0,0.0
281,Device,ResourceApplyGradientDescent,SGD/SGD/update_16/ResourceApplyGradientDescent,2,8.832,4.416,8.832,4.416,0.0001487660202239589,0.985476986779296,0.0,0.0
282,Device,AddN,SGD/gradients/AddN_12,2,8.64,4.32,8.64,4.32,0.00014553197630604674,0.985622518755602,0.0,0.0
283,Device,Mul,gradient_tape/conv2d_5/kernel/Regularizer/Mul,2,8.64,4.32,8.64,4.32,0.00014553197630604674,0.9857680507319081,0.0,0.0
284,Device,ResourceApplyGradientDescent,SGD/SGD/update_12/ResourceApplyGradientDescent,2,8.608,4.304,8.608,4.304,0.00014499296898639471,0.9859130437008945,0.0,0.0
285,Device,ResourceApplyGradientDescent,SGD/SGD/update_4/ResourceApplyGradientDescent,2,8.608,4.304,8.608,4.304,0.00014499296898639471,0.9860580366698809,0.0,0.0
286,Device,ResourceApplyGradientDescent,SGD/SGD/update_8/ResourceApplyGradientDescent,2,8.512,4.256,8.512,4.256,0.00014337594702743865,0.9862014126169083,0.0,0.0
287,Device,Square,conv2d_8/kernel/Regularizer/Square,2,8.256,4.128,8.256,4.128,0.00013906388847022245,0.9863404765053785,0.0,0.0
288,Device,AddN,SGD/gradients/AddN_11,2,8.128,4.064,8.128,4.064,0.00013690785919161434,0.9864773843645701,0.0,0.0
289,Device,AddN,SGD/gradients/AddN_9,2,8.128,4.064,8.128,4.064,0.00013690785919161434,0.9866142922237617,0.0,0.0
290,Device,Mul,gradient_tape/conv2d_8/kernel/Regularizer/Mul_1,2,8.096,4.048,8.096,4.048,0.0001363688518719623,0.9867506610756337,0.0,0.0
291,Device,AddN,SGD/gradients/AddN_10,2,8.032,4.016,8.032,4.016,0.00013529083723265827,0.9868859519128663,0.0,0.0
292,Device,ResourceApplyGradientDescent,SGD/SGD/update_42/ResourceApplyGradientDescent,2,8.0,4.0,8.0,4.0,0.00013475182991300625,0.9870207037427793,0.0,0.0
293,Device,Mul,gradient_tape/conv2d_1/kernel/Regularizer/Mul_1,2,7.936,3.968,7.936,3.968,0.00013367381527370218,0.987154377558053,0.0,0.0
294,Device,Mul,gradient_tape/conv2d_12/kernel/Regularizer/Mul_1,2,7.808,3.904,7.808,3.904,0.0001315177859950941,0.9872858953440481,0.0,0.0
295,Device,ResourceApplyGradientDescent,SGD/SGD/update_24/ResourceApplyGradientDescent,2,7.776,3.888,7.776,3.888,0.00013097877867544207,0.9874168741227235,0.0,0.0
296,Device,AddN,SGD/gradients/AddN_19,2,7.616,3.808,7.616,3.808,0.00012828374207718193,0.9875451578648007,0.0,0.0
297,Device,ResourceApplyGradientDescent,SGD/SGD/update/ResourceApplyGradientDescent,2,7.584,3.792,7.584,3.792,0.0001277447347575299,0.9876729025995582,0.0,0.0
298,Device,ResourceApplyGradientDescent,SGD/SGD/update_74/ResourceApplyGradientDescent,2,7.424,3.712,7.424,3.712,0.0001250496981592698,0.9877979522977175,0.0,0.0
299,Device,AddN,SGD/gradients/AddN_14,2,7.392,3.696,7.392,3.696,0.00012451069083961778,0.9879224629885571,0.0,0.0
300,Device,Mul,gradient_tape/conv2d_12/kernel/Regularizer/Mul,2,7.264,3.632,7.264,3.632,0.00012235466156100967,0.9880448176501181,0.0,0.0
301,Device,AddN,SGD/gradients/AddN_8,2,7.232,3.616,7.232,3.616,0.00012181565424135765,0.9881666333043595,0.0,0.0
302,Device,Mul,gradient_tape/conv2d_1/kernel/Regularizer/Mul,2,7.104,3.552,7.104,3.552,0.00011965962496274955,0.9882862929293222,0.0,0.0
303,Device,Square,conv2d_3/kernel/Regularizer/Square,2,7.072,3.536,7.072,3.536,0.00011912061764309751,0.9884054135469653,0.0,0.0
304,Device,Mul,conv2d_3/kernel/Regularizer/mul,2,7.04,3.52,7.04,3.52,0.00011858161032344549,0.9885239951572887,0.0,0.0
305,Device,Mul,gradient_tape/conv2d/kernel/Regularizer/Mul_1,2,6.976,3.488,6.976,3.488,0.00011750359568414143,0.9886414987529729,0.0,0.0
306,Device,Square,conv2d_2/kernel/Regularizer/Square,2,6.912,3.456,6.912,3.456,0.00011642558104483739,0.9887579243340178,0.0,0.0
307,Device,Square,conv2d_5/kernel/Regularizer/Square,2,6.88,3.44,6.88,3.44,0.00011588657372518537,0.988873810907743,0.0,0.0
308,Device,Mul,gradient_tape/conv2d_3/kernel/Regularizer/Mul_1,2,6.88,3.44,6.88,3.44,0.00011588657372518537,0.9889896974814681,0.0,0.0
309,Device,Mul,gradient_tape/conv2d_7/kernel/Regularizer/Mul_1,2,6.848,3.424,6.848,3.424,0.00011534756640553333,0.9891050450478737,0.0,0.0
310,Device,BiasAddGrad,gradient_tape/model/dense/BiasAdd/BiasAddGrad,2,6.848,3.424,6.848,3.424,0.00011534756640553333,0.9892203926142792,0.0,0.0
311,Device,ResourceApplyGradientDescent,SGD/SGD/update_25/ResourceApplyGradientDescent,2,6.816,3.408,6.816,3.408,0.00011480855908588131,0.989335201173365,0.0,0.0
312,Device,Square,conv2d_4/kernel/Regularizer/Square,2,6.816,3.408,6.816,3.408,0.00011480855908588131,0.9894500097324509,0.0,0.0
313,Device,ResourceApplyGradientDescent,SGD/SGD/update_17/ResourceApplyGradientDescent,2,6.784,3.392,6.784,3.392,0.00011426955176622929,0.9895642792842171,0.0,0.0
314,Device,ResourceApplyGradientDescent,SGD/SGD/update_72/ResourceApplyGradientDescent,2,6.784,3.392,6.784,3.392,0.00011426955176622929,0.9896785488359833,0.0,0.0
315,Device,ResourceApplyGradientDescent,SGD/SGD/update_58/ResourceApplyGradientDescent,2,6.752,3.376,6.752,3.376,0.00011373054444657726,0.9897922793804298,0.0,0.0
316,Device,ResourceApplyGradientDescent,SGD/SGD/update_61/ResourceApplyGradientDescent,2,6.752,3.376,6.752,3.376,0.00011373054444657726,0.9899060099248763,0.0,0.0
317,Device,ResourceApplyGradientDescent,SGD/SGD/update_53/ResourceApplyGradientDescent,2,6.688,3.344,6.688,3.344,0.00011265252980727321,0.9900186624546836,0.0,0.0
318,Device,ResourceApplyGradientDescent,SGD/SGD/update_15/ResourceApplyGradientDescent,2,6.656,3.328,6.656,3.328,0.00011211352248762119,0.9901307759771713,0.0,0.0
319,Device,ResourceApplyGradientDescent,SGD/SGD/update_18/ResourceApplyGradientDescent,2,6.656,3.328,6.656,3.328,0.00011211352248762119,0.9902428894996589,0.0,0.0
320,Device,ResourceApplyGradientDescent,SGD/SGD/update_40/ResourceApplyGradientDescent,2,6.624,3.312,6.624,3.312,0.00011157451516796916,0.9903544640148269,0.0,0.0
321,Device,ResourceApplyGradientDescent,SGD/SGD/update_43/ResourceApplyGradientDescent,2,6.624,3.312,6.624,3.312,0.00011157451516796916,0.9904660385299948,0.0,0.0
322,Device,ResourceApplyGradientDescent,SGD/SGD/update_50/ResourceApplyGradientDescent,2,6.624,3.312,6.624,3.312,0.00011157451516796916,0.9905776130451628,0.0,0.0
323,Device,Square,conv2d_12/kernel/Regularizer/Square,2,6.624,3.312,6.624,3.312,0.00011157451516796916,0.9906891875603308,0.0,0.0
324,Device,Mul,gradient_tape/conv2d_2/kernel/Regularizer/Mul_1,2,6.624,3.312,6.624,3.312,0.00011157451516796916,0.9908007620754987,0.0,0.0
325,Device,ResourceApplyGradientDescent,SGD/SGD/update_9/ResourceApplyGradientDescent,2,6.592,3.296,6.592,3.296,0.00011103550784831713,0.990911797583347,0.0,0.0
326,Device,ResourceApplyGradientDescent,SGD/SGD/update_22/ResourceApplyGradientDescent,2,6.56,3.28,6.56,3.28,0.00011049650052866511,0.9910222940838757,0.0,0.0
327,Device,ResourceApplyGradientDescent,SGD/SGD/update_47/ResourceApplyGradientDescent,2,6.56,3.28,6.56,3.28,0.00011049650052866511,0.9911327905844043,0.0,0.0
328,Device,ResourceApplyGradientDescent,SGD/SGD/update_63/ResourceApplyGradientDescent,2,6.56,3.28,6.56,3.28,0.00011049650052866511,0.9912432870849329,0.0,0.0
329,Device,ResourceApplyGradientDescent,SGD/SGD/update_68/ResourceApplyGradientDescent,2,6.56,3.28,6.56,3.28,0.00011049650052866511,0.9913537835854616,0.0,0.0
330,Device,Cast,Cast,2,6.528,3.264,6.528,3.264,0.00010995749320901308,0.9914637410786705,0.0,0.0
331,Device,ResourceApplyGradientDescent,SGD/SGD/update_10/ResourceApplyGradientDescent,2,6.528,3.264,6.528,3.264,0.00010995749320901308,0.9915736985718795,0.0,0.0
332,Device,ResourceApplyGradientDescent,SGD/SGD/update_11/ResourceApplyGradientDescent,2,6.528,3.264,6.528,3.264,0.00010995749320901308,0.9916836560650885,0.0,0.0
333,Device,ResourceApplyGradientDescent,SGD/SGD/update_67/ResourceApplyGradientDescent,2,6.528,3.264,6.528,3.264,0.00010995749320901308,0.9917936135582974,0.0,0.0
334,Device,ResourceApplyGradientDescent,SGD/SGD/update_14/ResourceApplyGradientDescent,2,6.496,3.248,6.496,3.248,0.00010941848588936107,0.9919030320441868,0.0,0.0
335,Device,ResourceApplyGradientDescent,SGD/SGD/update_2/ResourceApplyGradientDescent,2,6.496,3.248,6.496,3.248,0.00010941848588936107,0.9920124505300763,0.0,0.0
336,Device,ResourceApplyGradientDescent,SGD/SGD/update_3/ResourceApplyGradientDescent,2,6.496,3.248,6.496,3.248,0.00010941848588936107,0.9921218690159657,0.0,0.0
337,Device,ResourceApplyGradientDescent,SGD/SGD/update_5/ResourceApplyGradientDescent,2,6.496,3.248,6.496,3.248,0.00010941848588936107,0.9922312875018551,0.0,0.0
338,Device,ResourceApplyGradientDescent,SGD/SGD/update_57/ResourceApplyGradientDescent,2,6.496,3.248,6.496,3.248,0.00010941848588936107,0.9923407059877445,0.0,0.0
339,Device,ResourceApplyGradientDescent,SGD/SGD/update_6/ResourceApplyGradientDescent,2,6.496,3.248,6.496,3.248,0.00010941848588936107,0.9924501244736339,0.0,0.0
340,Device,ResourceApplyGradientDescent,SGD/SGD/update_7/ResourceApplyGradientDescent,2,6.496,3.248,6.496,3.248,0.00010941848588936107,0.9925595429595233,0.0,0.0
341,Device,ResourceApplyGradientDescent,SGD/SGD/update_73/ResourceApplyGradientDescent,2,6.496,3.248,6.496,3.248,0.00010941848588936107,0.9926689614454127,0.0,0.0
342,Device,Mul,gradient_tape/conv2d_4/kernel/Regularizer/Mul_1,2,6.496,3.248,6.496,3.248,0.00010941848588936107,0.9927783799313021,0.0,0.0
343,Device,ResourceApplyGradientDescent,SGD/SGD/update_27/ResourceApplyGradientDescent,2,6.464,3.232,6.464,3.232,0.00010887947856970905,0.9928872594098719,0.0,0.0
344,Device,ResourceApplyGradientDescent,SGD/SGD/update_37/ResourceApplyGradientDescent,2,6.464,3.232,6.464,3.232,0.00010887947856970905,0.9929961388884416,0.0,0.0
345,Device,ResourceApplyGradientDescent,SGD/SGD/update_49/ResourceApplyGradientDescent,2,6.464,3.232,6.464,3.232,0.00010887947856970905,0.9931050183670114,0.0,0.0
346,Device,ResourceApplyGradientDescent,SGD/SGD/update_59/ResourceApplyGradientDescent,2,6.464,3.232,6.464,3.232,0.00010887947856970905,0.9932138978455811,0.0,0.0
347,Device,ResourceApplyGradientDescent,SGD/SGD/update_69/ResourceApplyGradientDescent,2,6.464,3.232,6.464,3.232,0.00010887947856970905,0.9933227773241509,0.0,0.0
348,Device,ResourceApplyGradientDescent,SGD/SGD/update_28/ResourceApplyGradientDescent,2,6.432,3.216,6.432,3.216,0.00010834047125005703,0.9934311177954009,0.0,0.0
349,Device,ResourceApplyGradientDescent,SGD/SGD/update_32/ResourceApplyGradientDescent,2,6.432,3.216,6.432,3.216,0.00010834047125005703,0.993539458266651,0.0,0.0
350,Device,ResourceApplyGradientDescent,SGD/SGD/update_46/ResourceApplyGradientDescent,2,6.432,3.216,6.432,3.216,0.00010834047125005703,0.9936477987379011,0.0,0.0
351,Device,ResourceApplyGradientDescent,SGD/SGD/update_55/ResourceApplyGradientDescent,2,6.432,3.216,6.432,3.216,0.00010834047125005703,0.9937561392091512,0.0,0.0
352,Device,ResourceApplyGradientDescent,SGD/SGD/update_71/ResourceApplyGradientDescent,2,6.432,3.216,6.432,3.216,0.00010834047125005703,0.9938644796804013,0.0,0.0
353,Device,ResourceApplyGradientDescent,SGD/SGD/update_29/ResourceApplyGradientDescent,2,6.4,3.2,6.4,3.2,0.00010780146393040499,0.9939722811443317,0.0,0.0
354,Device,ResourceApplyGradientDescent,SGD/SGD/update_35/ResourceApplyGradientDescent,2,6.4,3.2,6.4,3.2,0.00010780146393040499,0.9940800826082621,0.0,0.0
355,Device,ResourceApplyGradientDescent,SGD/SGD/update_41/ResourceApplyGradientDescent,2,6.368,3.184,6.368,3.184,0.00010726245661075297,0.9941873450648728,0.0,0.0
356,Device,ResourceApplyGradientDescent,SGD/SGD/update_45/ResourceApplyGradientDescent,2,6.368,3.184,6.368,3.184,0.00010726245661075297,0.9942946075214836,0.0,0.0
357,Device,ResourceApplyGradientDescent,SGD/SGD/update_51/ResourceApplyGradientDescent,2,6.368,3.184,6.368,3.184,0.00010726245661075297,0.9944018699780943,0.0,0.0
358,Device,ResourceApplyGradientDescent,SGD/SGD/update_36/ResourceApplyGradientDescent,2,6.336,3.168,6.336,3.168,0.00010672344929110095,0.9945085934273854,0.0,0.0
359,Device,ResourceApplyGradientDescent,SGD/SGD/update_54/ResourceApplyGradientDescent,2,6.336,3.168,6.336,3.168,0.00010672344929110095,0.9946153168766765,0.0,0.0
360,Device,AssignAddVariableOp,AssignAddVariableOp_2,2,6.304,3.152,6.304,3.152,0.00010618444197144893,0.9947215013186479,0.0,0.0
361,Device,ResourceApplyGradientDescent,SGD/SGD/update_13/ResourceApplyGradientDescent,2,6.304,3.152,6.304,3.152,0.00010618444197144893,0.9948276857606193,0.0,0.0
362,Device,ResourceApplyGradientDescent,SGD/SGD/update_19/ResourceApplyGradientDescent,2,6.304,3.152,6.304,3.152,0.00010618444197144893,0.9949338702025907,0.0,0.0
363,Device,ResourceApplyGradientDescent,SGD/SGD/update_23/ResourceApplyGradientDescent,2,6.304,3.152,6.304,3.152,0.00010618444197144893,0.9950400546445621,0.0,0.0
364,Device,ResourceApplyGradientDescent,SGD/SGD/update_33/ResourceApplyGradientDescent,2,6.272,3.136,6.272,3.136,0.00010564543465179689,0.9951457000792139,0.0,0.0
365,Device,ResourceApplyGradientDescent,SGD/SGD/update_65/ResourceApplyGradientDescent,2,6.272,3.136,6.272,3.136,0.00010564543465179689,0.9952513455138656,0.0,0.0
366,Device,Square,conv2d_1/kernel/Regularizer/Square,2,6.272,3.136,6.272,3.136,0.00010564543465179689,0.9953569909485174,0.0,0.0
367,Device,ResourceApplyGradientDescent,SGD/SGD/update_64/ResourceApplyGradientDescent,2,6.24,3.12,6.24,3.12,0.00010510642733214487,0.9954620973758496,0.0,0.0
368,Device,Mul,gradient_tape/categorical_crossentropy/softmax_cross_entropy_with_logits/mul,2,6.24,3.12,6.24,3.12,0.00010510642733214487,0.9955672038031818,0.0,0.0
369,Device,Mul,conv2d_6/kernel/Regularizer/mul,2,6.176,3.088,6.176,3.088,0.00010402841269284081,0.9956712322158746,0.0,0.0
370,Device,ResourceApplyGradientDescent,SGD/SGD/update_1/ResourceApplyGradientDescent,2,6.08,3.04,6.08,3.04,0.00010241139073388475,0.9957736436066085,0.0,0.0
371,Device,Tile,gradient_tape/categorical_crossentropy/weighted_loss/Tile_1,2,6.048,3.024,6.048,3.024,0.00010187238341423271,0.9958755159900227,0.0,0.0
372,Device,ResourceApplyGradientDescent,SGD/SGD/update_39/ResourceApplyGradientDescent,2,6.016,3.008,6.016,3.008,0.00010133337609458069,0.9959768493661172,0.0,0.0
373,Device,AssignAddVariableOp,SGD/SGD/AssignAddVariableOp,2,5.984,2.992,5.984,2.992,0.00010079436877492867,0.9960776437348922,0.0,0.0
374,Device,Equal,Equal,2,5.952,2.976,5.952,2.976,0.00010025536145527665,0.9961778990963475,0.0,0.0
375,Device,ResourceApplyGradientDescent,SGD/SGD/update_31/ResourceApplyGradientDescent,2,5.952,2.976,5.952,2.976,0.00010025536145527665,0.9962781544578028,0.0,0.0
376,Device,Mul,Mul,2,5.92,2.96,5.92,2.96,9.971635413562461e-05,0.9963778708119384,0.0,0.0
377,Device,ResourceApplyGradientDescent,SGD/SGD/update_21/ResourceApplyGradientDescent,2,5.92,2.96,5.92,2.96,9.971635413562461e-05,0.996477587166074,0.0,0.0
378,Device,Mul,conv2d_1/kernel/Regularizer/mul,2,5.92,2.96,5.92,2.96,9.971635413562461e-05,0.9965773035202097,0.0,0.0
379,Device,Mul,conv2d_15/kernel/Regularizer/mul,2,5.92,2.96,5.92,2.96,9.971635413562461e-05,0.9966770198743453,0.0,0.0
380,Device,BiasAdd,model/dense/BiasAdd,2,5.92,2.96,5.92,2.96,9.971635413562461e-05,0.996776736228481,0.0,0.0
381,Device,AssignAddVariableOp,AssignAddVariableOp,2,5.888,2.944,5.888,2.944,9.917734681597259e-05,0.9968759135752969,0.0,0.0
382,Device,AssignAddVariableOp,AssignAddVariableOp_4,2,5.856,2.928,5.856,2.928,9.863833949632057e-05,0.9969745519147932,0.0,0.0
383,Device,DivNoNan,gradient_tape/categorical_crossentropy/weighted_loss/value/div_no_nan,2,5.856,2.928,5.856,2.928,9.863833949632057e-05,0.9970731902542895,0.0,0.0
384,Device,Square,conv2d/kernel/Regularizer/Square,2,5.792,2.896,5.792,2.896,9.756032485701651e-05,0.9971707505791465,0.0,0.0
385,Device,Mul,conv2d_16/kernel/Regularizer/mul,2,5.792,2.896,5.792,2.896,9.756032485701651e-05,0.9972683109040035,0.0,0.0
386,Device,Square,conv2d_7/kernel/Regularizer/Square,2,5.792,2.896,5.792,2.896,9.756032485701651e-05,0.9973658712288604,0.0,0.0
387,Device,Mul,conv2d_10/kernel/Regularizer/mul,2,5.76,2.88,5.76,2.88,9.702131753736449e-05,0.9974628925463979,0.0,0.0
388,Device,Mul,conv2d_12/kernel/Regularizer/mul,2,5.76,2.88,5.76,2.88,9.702131753736449e-05,0.9975599138639353,0.0,0.0
389,Device,Mul,conv2d_2/kernel/Regularizer/mul,2,5.696,2.848,5.696,2.848,9.594330289806043e-05,0.9976558571668334,0.0,0.0
390,Device,AssignAddVariableOp,AssignAddVariableOp_1,2,5.664,2.832,5.664,2.832,9.540429557840841e-05,0.9977512614624118,0.0,0.0
391,Device,Mul,conv2d_11/kernel/Regularizer/mul,2,5.664,2.832,5.664,2.832,9.540429557840841e-05,0.9978466657579902,0.0,0.0
392,Device,Mul,conv2d_5/kernel/Regularizer/mul,2,5.664,2.832,5.664,2.832,9.540429557840841e-05,0.9979420700535686,0.0,0.0
393,Device,AssignAddVariableOp,AssignAddVariableOp_3,2,5.632,2.816,5.632,2.816,9.486528825875639e-05,0.9980369353418274,0.0,0.0
394,Device,Mul,conv2d_13/kernel/Regularizer/mul,2,5.632,2.816,5.632,2.816,9.486528825875639e-05,0.9981318006300861,0.0,0.0
395,Device,Mul,conv2d_19/kernel/Regularizer/mul,2,5.632,2.816,5.632,2.816,9.486528825875639e-05,0.9982266659183449,0.0,0.0
396,Device,Mul,conv2d_7/kernel/Regularizer/mul,2,5.632,2.816,5.632,2.816,9.486528825875639e-05,0.9983215312066036,0.0,0.0
397,Device,Mul,conv2d_9/kernel/Regularizer/mul,2,5.632,2.816,5.632,2.816,9.486528825875639e-05,0.9984163964948624,0.0,0.0
398,Device,ResourceApplyGradientDescent,SGD/SGD/update_75/ResourceApplyGradientDescent,2,5.6,2.8,5.6,2.8,9.432628093910436e-05,0.9985107227758014,0.0,0.0
399,Device,DivNoNan,categorical_crossentropy/weighted_loss/value,2,5.6,2.8,5.6,2.8,9.432628093910436e-05,0.9986050490567405,0.0,0.0
400,Device,Mul,conv2d_18/kernel/Regularizer/mul,2,5.6,2.8,5.6,2.8,9.432628093910436e-05,0.9986993753376796,0.0,0.0
401,Device,Mul,conv2d_4/kernel/Regularizer/mul,2,5.6,2.8,5.6,2.8,9.432628093910436e-05,0.9987937016186187,0.0,0.0
402,Device,Mul,conv2d_14/kernel/Regularizer/mul,2,5.568,2.784,5.568,2.784,9.378727361945233e-05,0.9988874888922381,0.0,0.0
403,Device,Mul,conv2d_8/kernel/Regularizer/mul,2,5.568,2.784,5.568,2.784,9.378727361945233e-05,0.9989812761658575,0.0,0.0
404,Device,Mul,conv2d_17/kernel/Regularizer/mul,2,5.536,2.768,5.536,2.768,9.324826629980031e-05,0.9990745244321573,0.0,0.0
405,Device,Sum,categorical_crossentropy/weighted_loss/Sum,2,5.472,2.736,5.472,2.736,9.217025166049627e-05,0.9991666946838178,0.0,0.0
406,Device,Sum,Sum_2,2,5.344,2.672,5.344,2.672,9.001422238188817e-05,0.9992567089061997,0.0,0.0
407,Device,Mul,conv2d/kernel/Regularizer/mul,2,5.344,2.672,5.344,2.672,9.001422238188817e-05,0.9993467231285815,0.0,0.0
408,Device,DivNoNan,div_no_nan,2,5.344,2.672,5.344,2.672,9.001422238188817e-05,0.9994367373509634,0.0,0.0
409,Device,DivNoNan,div_no_nan_1,2,5.248,2.624,5.248,2.624,8.839720042293209e-05,0.9995251345513864,0.0,0.0
410,Device,Cast,Cast_1,2,5.088,2.544,5.088,2.544,8.570216382467197e-05,0.999610836715211,0.0,0.0
411,Device,Cast,categorical_crossentropy/weighted_loss/num_elements/Cast,2,5.024,2.512,5.024,2.512,8.462414918536791e-05,0.9996954608643964,0.0,0.0
412,Device,Cast,Cast_2,2,4.992,2.496,4.992,2.496,8.408514186571589e-05,0.9997795460062622,0.0,0.0
413,Device,_Recv,strided_slice/_12,2,4.672,2.336,4.672,2.336,7.869506866919563e-05,0.9998582410749314,0.0,0.0
414,Device,LogicalAnd,LogicalAnd,1,3.104,3.104,3.104,3.104,5.2283710006246424e-05,0.9999105247849376,0.0,0.0
415,Device,_Recv,Size/_16,2,2.784,1.392,2.784,1.392,4.689363680972617e-05,0.9999574184217473,0.0,0.0
416,Device,_Recv,categorical_crossentropy/weighted_loss/num_elements/_14,2,2.528,1.264,2.528,1.264,4.258157825250997e-05,0.9999999999999999,0.0,0.0
417,Host,IDLE,IDLE,0,239491.319,0.0,239491.319,0.0,0.0,0.0,0.982808472698848,0.982808472698848
418,Host,GatherV2,GatherV2,2,3818.914,1909.457,3818.914,1909.457,0.0,0.0,0.01567180410287961,0.9984802768017276
419,Host,GatherV2,GatherV2_1,2,106.088,53.044,106.088,53.044,0.0,0.0,0.00043535684586410995,0.9989156336475917
420,Host,LogicalAnd,LogicalAnd,1,35.874,35.874,35.874,35.874,0.0,0.0,0.00014721732418868376,0.9990628509717804
421,Host,FlushSummaryWriter,FlushSummaryWriter,1,35.731,35.731,35.731,35.731,0.0,0.0,0.00014663049034358754,0.999209481462124
422,Host,Dataset,Iterator::Root::ParallelMapV2::Zip[1]::ForeverRepeat,2,35.353,17.6765,32.759,16.3795,0.0,0.0,0.00013443419532522413,0.9993439156574492
423,Host,Dataset,Iterator::Root::ParallelMapV2,2,26.73,13.365,26.73,13.365,0.0,0.0,0.00010969278796798563,0.9994536084454172
424,Host,Dataset,Iterator::Root,2,51.96,25.98,25.23,12.615,0.0,0.0,0.00010353718819424907,0.9995571456336114
425,Host,WriteSummary,WriteSummary,1,20.192,20.192,20.192,20.192,0.0,0.0,8.286258042085918e-05,0.9996400082140323
426,Host,Dataset,Iterator::Root::ParallelMapV2::Zip[0]::FlatMap[1]::Concatenate,2,36.477,18.2385,18.408,9.204,0.0,0.0,7.554152042329516e-05,0.9997155497344556
427,Host,Dataset,Iterator::Root::ParallelMapV2::Zip[0]::FlatMap[1]::Concatenate[0]::TensorSlice,2,18.069,9.0345,18.069,9.0345,0.0,0.0,7.415035487443069e-05,0.9997897000893301
428,Host,IteratorGetNext,IteratorGetNext,2,14.136,7.068,14.136,7.068,0.0,0.0,5.8010372267693405e-05,0.9998477104615978
429,Host,Dataset,Iterator::Root::ParallelMapV2::Zip,2,81.64,40.82,7.848,3.924,0.0,0.0,3.220609801618972e-05,0.9998799165596141
430,Host,_Send,IteratorGetNext/_1,2,6.938,3.469,6.938,3.469,0.0,0.0,2.8471700820122867e-05,0.9999083882604342
431,Host,ReadVariableOp,ReadVariableOp,1,6.215,6.215,6.215,6.215,0.0,0.0,2.5504701729181844e-05,0.9999338929621633
432,Host,_HostSend,categorical_crossentropy/softmax_cross_entropy_with_logits/Shape_2/_9,2,3.32,1.66,3.32,1.66,0.0,0.0,1.3624394165870269e-05,0.9999475173563291
433,Host,_Send,IteratorGetNext/_6,2,2.983,1.4915,2.983,1.4915,0.0,0.0,1.2241436083370788e-05,0.9999597587924125
434,Host,_Send,IteratorGetNext/_3,2,2.756,1.378,2.756,1.378,0.0,0.0,1.1309888650945318e-05,0.9999710686810634
435,Host,Dataset,Iterator::Root::ParallelMapV2::Zip[1]::ForeverRepeat::FromTensor,4,2.594,0.6485,2.594,0.6485,0.0,0.0,1.064508387538177e-05,0.9999817137649388
436,Host,Identity,Identity,2,2.494,1.247,2.494,1.247,0.0,0.0,1.0234710557132666e-05,0.999991948475496
437,Host,Dataset,Iterator::Root::ParallelMapV2::Zip[0]::FlatMap,2,38.439,19.2195,1.962,0.981,0.0,0.0,8.05152450404743e-06,1.0
