Rank,Host/device,Type,Operation,#Occurrences,Total time (us),Avg. time (us),Total self-time (us),Avg. self-time (us),Total self-time on Device (%),Cumulative total-self time on Device (%),Total self-time on Host (%),Cumulative total-self time on Host (%)
1,Device,IDLE,IDLE,0,10857.46,0.0,10857.46,0.0,0.7478939037209194,0.7478939037209194,0.0,0.0
2,Device,Conv2DBackpropFilter,gradient_tape/model/conv1/Conv2D/Conv2DBackpropFilter,2,211.585,105.7925,211.585,105.7925,0.014574599548954428,0.7624685032698738,0.0,0.0
3,Device,_FusedConv2D,model/conv1/Relu,2,191.264,95.632,191.264,95.632,0.013174829066952854,0.7756433323368267,0.0,0.0
4,Device,FusedBatchNormGradV3,gradient_tape/model/conv1_bn/FusedBatchNormGradV3,2,184.77,92.385,184.77,92.385,0.012727503172059973,0.7883708355088866,0.0,0.0
5,Device,FusedBatchNormV3,model/conv1_bn/FusedBatchNormV3,4,111.009,27.75225,111.009,27.75225,0.007646627697284221,0.7960174632061708,0.0,0.0
6,Device,ReluGrad,gradient_tape/model/conv1/ReluGrad,2,106.56,53.28,106.56,53.28,0.007340167440681446,0.8033576306468523,0.0,0.0
7,Device,SoftmaxCrossEntropyWithLogits,categorical_crossentropy/softmax_cross_entropy_with_logits,2,94.944,47.472,94.944,47.472,0.006540023062012568,0.8098976537088649,0.0,0.0
8,Device,MaxPoolGrad,gradient_tape/model/conv1_max_pool/MaxPool/MaxPoolGrad,2,89.6,44.8,89.6,44.8,0.006171912562735149,0.8160695662716001,0.0,0.0
9,Device,_Send,IteratorGetNext/_1,1,83.136,83.136,83.136,83.136,0.005726653156423542,0.8217962194280236,0.0,0.0
10,Device,_Recv,IteratorGetNext/_2,1,76.481,76.481,76.481,76.481,0.005268237106144497,0.8270644565341682,0.0,0.0
11,Device,Conv2DBackpropFilter,gradient_tape/model/ResBlock32_conv2/Conv2D/Conv2DBackpropFilter,2,59.872,29.936,59.872,29.936,0.004124160144599095,0.8311886166787672,0.0,0.0
12,Device,MaxPool,model/conv1_max_pool/MaxPool,2,59.776,29.888,59.776,29.888,0.004117547381139021,0.8353061640599062,0.0,0.0
13,Device,Conv2DBackpropFilter,gradient_tape/model/ResBlock32_conv1/Conv2D/Conv2DBackpropFilter,2,58.752,29.376,58.752,29.376,0.004047011237564906,0.8393531752974711,0.0,0.0
14,Device,Conv2DBackpropFilter,gradient_tape/model/ResBlock31_conv2/Conv2D/Conv2DBackpropFilter,2,58.721,29.3605,58.721,29.3605,0.004044875866030923,0.8433980511635021,0.0,0.0
15,Device,Conv2DBackpropFilter,gradient_tape/model/ResBlock31_conv1/Conv2D/Conv2DBackpropFilter,2,46.88,23.44,46.88,23.44,0.003229232823002498,0.8466272839865046,0.0,0.0
16,Device,Conv2DBackpropFilter,gradient_tape/model/ResBlock21_pooling_conv/Conv2D/Conv2DBackpropFilter,2,45.888,22.944,45.888,22.944,0.003160900933915073,0.8497881849204196,0.0,0.0
17,Device,Conv2DBackpropFilter,gradient_tape/model/ResBlock21_conv1/Conv2D/Conv2DBackpropFilter,2,45.312,22.656,45.312,22.656,0.0031212243531546324,0.8529094092735743,0.0,0.0
18,Device,Conv2DBackpropInput,gradient_tape/model/ResBlock31_pooling_conv/Conv2D/Conv2DBackpropInput,2,43.936,21.968,43.936,21.968,0.0030264414102269144,0.8559358506838012,0.0,0.0
19,Device,Conv2DBackpropInput,gradient_tape/model/ResBlock22_conv2/Conv2D/Conv2DBackpropInput,4,43.841,10.96025,43.841,10.96025,0.00301989752971955,0.8589557482135207,0.0,0.0
20,Device,Conv2DBackpropFilter,gradient_tape/model/ResBlock22_conv2/Conv2D/Conv2DBackpropFilter,2,43.744,21.872,43.744,21.872,0.0030132158833067677,0.8619689640968274,0.0,0.0
21,Device,Conv2D,model/ResBlock21_conv1/Conv2D,2,43.713,21.8565,43.713,21.8565,0.003011080511772786,0.8649800446086002,0.0,0.0
22,Device,BiasAddGrad,gradient_tape/model/conv1/BiasAdd/BiasAddGrad,2,43.617,21.8085,43.617,21.8085,0.003004467748312712,0.867984512356913,0.0,0.0
23,Device,Conv2DBackpropFilter,gradient_tape/model/ResBlock22_conv1/Conv2D/Conv2DBackpropFilter,2,43.328,21.664,43.328,21.664,0.0029845605749797832,0.8709690729318927,0.0,0.0
24,Device,Conv2DBackpropFilter,gradient_tape/model/ResBlock21_conv2/Conv2D/Conv2DBackpropFilter,2,43.296,21.648,43.296,21.648,0.002982356320493092,0.8739514292523858,0.0,0.0
25,Device,Conv2DBackpropFilter,gradient_tape/model/ResBlock31_pooling_conv/Conv2D/Conv2DBackpropFilter,2,43.072,21.536,43.072,21.536,0.0029669265390862543,0.876918355791472,0.0,0.0
26,Device,Conv2DBackpropInput,gradient_tape/model/ResBlock31_conv1/Conv2D/Conv2DBackpropInput,2,42.336,21.168,42.336,21.168,0.002916228685892358,0.8798345844773644,0.0,0.0
27,Device,Conv2DBackpropInput,gradient_tape/model/ResBlock22_conv1/Conv2D/Conv2DBackpropInput,4,40.736,10.184,40.736,10.184,0.0028060159615578015,0.8826406004389222,0.0,0.0
28,Device,Conv2DBackpropInput,gradient_tape/model/ResBlock21_conv2/Conv2D/Conv2DBackpropInput,4,40.64,10.16,40.64,10.16,0.0027994031980977285,0.8854400036370199,0.0,0.0
29,Device,Conv2DBackpropInput,gradient_tape/model/ResBlock21_conv1/Conv2D/Conv2DBackpropInput,2,39.552,19.776,39.552,19.776,0.0027244585455502303,0.8881644621825702,0.0,0.0
30,Device,Conv2DBackpropInput,gradient_tape/model/ResBlock21_pooling_conv/Conv2D/Conv2DBackpropInput,2,39.456,19.728,39.456,19.728,0.002717845782090157,0.8908823079646603,0.0,0.0
31,Device,Conv2D,model/ResBlock21_pooling_conv/Conv2D,2,38.336,19.168,38.336,19.168,0.0026406968750559675,0.8935230048397163,0.0,0.0
32,Device,Conv2DBackpropInput,gradient_tape/model/ResBlock32_conv2/Conv2D/Conv2DBackpropInput,2,38.272,19.136,38.272,19.136,0.0026362883660825853,0.8961592932057988,0.0,0.0
33,Device,Conv2DBackpropInput,gradient_tape/model/ResBlock31_conv2/Conv2D/Conv2DBackpropInput,2,36.576,18.288,36.576,18.288,0.002519462878287956,0.8986787560840868,0.0,0.0
34,Device,Conv2DBackpropInput,gradient_tape/model/ResBlock32_conv1/Conv2D/Conv2DBackpropInput,2,36.448,18.224,36.448,18.224,0.0025106458603411912,0.901189401944428,0.0,0.0
35,Device,Conv2D,model/ResBlock31_conv2/Conv2D,2,28.609,14.3045,28.609,14.3045,0.0019706723940545747,0.9031600743384826,0.0,0.0
36,Device,Conv2D,model/ResBlock32_conv2/Conv2D,2,28.608,14.304,28.608,14.304,0.0019706035111018657,0.9051306778495845,0.0,0.0
37,Device,Conv2D,model/ResBlock32_conv1/Conv2D,2,28.576,14.288,28.576,14.288,0.0019683992566151744,0.9070990771061996,0.0,0.0
38,Device,Transpose,gradient_tape/model/conv1/Conv2D/Conv2DBackpropFilter-0-TransposeNHWCToNCHW-LayoutOptimizer,2,24.64,12.32,24.64,12.32,0.0016972759547521663,0.9087963530609519,0.0,0.0
39,Device,Conv2D,model/ResBlock21_conv2/Conv2D,2,23.936,11.968,23.936,11.968,0.0016487823560449614,0.9104451354169968,0.0,0.0
40,Device,Conv2D,model/ResBlock22_conv2/Conv2D,2,23.648,11.824,23.648,11.824,0.0016289440656647412,0.9120740794826615,0.0,0.0
41,Device,Conv2D,model/ResBlock31_pooling_conv/Conv2D,2,23.617,11.8085,23.617,11.8085,0.0016268086941307594,0.9137008881767923,0.0,0.0
42,Device,Conv2D,model/ResBlock22_conv1/Conv2D,2,23.52,11.76,23.52,11.76,0.0016201270477179768,0.9153210152245103,0.0,0.0
43,Device,Conv2D,model/ResBlock31_conv1/Conv2D,2,23.456,11.728,23.456,11.728,0.0016157185387445944,0.9169367337632549,0.0,0.0
44,Device,FusedBatchNormV3,model/ResBlock32_bn2/FusedBatchNormV3,4,21.408,5.352,21.408,5.352,0.0014746462515963627,0.9184113800148512,0.0,0.0
45,Device,FusedBatchNormV3,model/ResBlock31_pooling_bn/FusedBatchNormV3,4,21.216,5.304,21.216,5.304,0.001461420724676216,0.9198728007395275,0.0,0.0
46,Device,FusedBatchNormV3,model/ResBlock21_bn1/FusedBatchNormV3,4,21.184,5.296,21.184,5.296,0.0014592164701895246,0.921332017209717,0.0,0.0
47,Device,FusedBatchNormV3,model/ResBlock31_bn1/FusedBatchNormV3,4,20.992,5.248,20.992,5.248,0.001445990943269378,0.9227780081529864,0.0,0.0
48,Device,FusedBatchNormV3,model/ResBlock32_bn1/FusedBatchNormV3,4,20.928,5.232,20.928,5.232,0.0014415824342959957,0.9242195905872824,0.0,0.0
49,Device,FusedBatchNormV3,model/ResBlock22_bn1/FusedBatchNormV3,4,20.832,5.208,20.832,5.208,0.0014349696708359223,0.9256545602581183,0.0,0.0
50,Device,FusedBatchNormV3,model/ResBlock22_bn2/FusedBatchNormV3,4,20.8,5.2,20.8,5.2,0.0014327654163492313,0.9270873256744675,0.0,0.0
51,Device,FusedBatchNormV3,model/ResBlock31_bn2/FusedBatchNormV3,4,20.768,5.192,20.768,5.192,0.00143056116186254,0.9285178868363301,0.0,0.0
52,Device,FusedBatchNormV3,model/ResBlock21_pooling_bn/FusedBatchNormV3,4,20.608,5.152,20.608,5.152,0.0014195398894290845,0.9299374267257592,0.0,0.0
53,Device,FusedBatchNormV3,model/ResBlock21_bn2/FusedBatchNormV3,4,20.545,5.13625,20.545,5.13625,0.0014152002634084113,0.9313526269891675,0.0,0.0
54,Device,Softmax,model/dense/Softmax,2,18.368,9.184,18.368,9.184,0.0012652420753607055,0.9326178690645283,0.0,0.0
55,Device,AddN,SGD/gradients/AddN_3,2,15.936,7.968,15.936,7.968,0.0010977187343721802,0.9337155877989004,0.0,0.0
56,Device,MatMul,model/dense/MatMul,2,15.2,7.6,15.2,7.6,0.0010470208811782843,0.9347626086800787,0.0,0.0
57,Device,MatMul,gradient_tape/model/dense/MatMul/MatMul_1,2,14.048,7.024,14.048,7.024,0.0009676677196574038,0.935730276399736,0.0,0.0
58,Device,FusedBatchNormGradV3,gradient_tape/model/ResBlock21_bn1/FusedBatchNormGradV3,2,13.504,6.752,13.504,6.752,0.0009301953933836546,0.9366604717931197,0.0,0.0
59,Device,Mean,model/GAP/Mean,2,12.992,6.496,12.992,6.496,0.0008949273215965967,0.9375553991147163,0.0,0.0
60,Device,BiasAddGrad,gradient_tape/model/ResBlock21_conv2/BiasAdd/BiasAddGrad,2,12.32,6.16,12.32,6.16,0.0008486379773760831,0.9384040370920924,0.0,0.0
61,Device,FusedBatchNormGradV3,gradient_tape/model/ResBlock21_bn2/FusedBatchNormGradV3,2,12.192,6.096,12.192,6.096,0.0008398209594293186,0.9392438580515218,0.0,0.0
62,Device,BiasAddGrad,gradient_tape/model/ResBlock22_conv2/BiasAdd/BiasAddGrad,2,12.096,6.048,12.096,6.048,0.0008332081959692452,0.940077066247491,0.0,0.0
63,Device,BiasAddGrad,gradient_tape/model/ResBlock21_conv1/BiasAdd/BiasAddGrad,2,12.064,6.032,12.064,6.032,0.0008310039414825541,0.9409080701889735,0.0,0.0
64,Device,BiasAddGrad,gradient_tape/model/ResBlock21_pooling_conv/BiasAdd/BiasAddGrad,2,12.064,6.032,12.064,6.032,0.0008310039414825541,0.941739074130456,0.0,0.0
65,Device,BiasAddGrad,gradient_tape/model/ResBlock22_conv1/BiasAdd/BiasAddGrad,2,12.032,6.016,12.032,6.016,0.0008287996869958629,0.9425678738174519,0.0,0.0
66,Device,BiasAddGrad,gradient_tape/model/dense/BiasAdd/BiasAddGrad,2,12.0,6.0,12.0,6.0,0.0008265954325091718,0.9433944692499611,0.0,0.0
67,Device,FusedBatchNormGradV3,gradient_tape/model/ResBlock21_pooling_bn/FusedBatchNormGradV3,2,11.968,5.984,11.968,5.984,0.0008243911780224807,0.9442188604279835,0.0,0.0
68,Device,FusedBatchNormGradV3,gradient_tape/model/ResBlock22_bn1/FusedBatchNormGradV3,2,11.872,5.936,11.872,5.936,0.0008177784145624073,0.945036638842546,0.0,0.0
69,Device,FusedBatchNormGradV3,gradient_tape/model/ResBlock32_bn2/FusedBatchNormGradV3,2,11.424,5.712,11.424,5.712,0.0007869188517487315,0.9458235576942947,0.0,0.0
70,Device,FusedBatchNormGradV3,gradient_tape/model/ResBlock22_bn2/FusedBatchNormGradV3,2,11.104,5.552,11.104,5.552,0.0007648763068818202,0.9465884340011765,0.0,0.0
71,Device,FusedBatchNormGradV3,gradient_tape/model/ResBlock31_bn1/FusedBatchNormGradV3,2,11.104,5.552,11.104,5.552,0.0007648763068818202,0.9473533103080584,0.0,0.0
72,Device,FusedBatchNormGradV3,gradient_tape/model/ResBlock31_pooling_bn/FusedBatchNormGradV3,2,11.008,5.504,11.008,5.504,0.0007582635434217469,0.9481115738514801,0.0,0.0
73,Device,FusedBatchNormGradV3,gradient_tape/model/ResBlock32_bn1/FusedBatchNormGradV3,2,10.88,5.44,10.88,5.44,0.0007494465254749825,0.9488610203769551,0.0,0.0
74,Device,FusedBatchNormGradV3,gradient_tape/model/ResBlock31_bn2/FusedBatchNormGradV3,2,10.848,5.424,10.848,5.424,0.0007472422709882913,0.9496082626479434,0.0,0.0
75,Device,DynamicStitch,gradient_tape/model/GAP/DynamicStitch,2,10.816,5.408,10.816,5.408,0.0007450380165016003,0.950353300664445,0.0,0.0
76,Device,BiasAddGrad,gradient_tape/model/ResBlock32_conv2/BiasAdd/BiasAddGrad,2,10.465,5.2325,10.465,5.2325,0.0007208601001007069,0.9510741607645458,0.0,0.0
77,Device,BiasAddGrad,gradient_tape/model/ResBlock31_conv1/BiasAdd/BiasAddGrad,2,10.24,5.12,10.24,5.12,0.00070536143574116,0.9517795222002869,0.0,0.0
78,Device,BiasAddGrad,gradient_tape/model/ResBlock31_conv2/BiasAdd/BiasAddGrad,2,10.144,5.072,10.144,5.072,0.0006987486722810866,0.952478270872568,0.0,0.0
79,Device,BiasAddGrad,gradient_tape/model/ResBlock31_pooling_conv/BiasAdd/BiasAddGrad,2,10.144,5.072,10.144,5.072,0.0006987486722810866,0.953177019544849,0.0,0.0
80,Device,BiasAddGrad,gradient_tape/model/ResBlock32_conv1/BiasAdd/BiasAddGrad,2,10.112,5.056,10.112,5.056,0.0006965444177943954,0.9538735639626434,0.0,0.0
81,Device,MatMul,gradient_tape/model/dense/MatMul/MatMul,2,9.952,4.976,9.952,4.976,0.0006855231453609398,0.9545590871080044,0.0,0.0
82,Device,ReluGrad,gradient_tape/model/tf.nn.relu/ReluGrad,2,8.544,4.272,8.544,4.272,0.0005885359479465304,0.9551476230559509,0.0,0.0
83,Device,BroadcastTo,gradient_tape/model/GAP/BroadcastTo,2,8.449,4.2245,8.449,4.2245,0.000581992067439166,0.95572961512339,0.0,0.0
84,Device,ArgMax,ArgMax,2,7.744,3.872,7.744,3.872,0.0005334295857792522,0.9562630447091693,0.0,0.0
85,Device,ResourceApplyGradientDescent,SGD/SGD/update/ResourceApplyGradientDescent,2,7.36,3.68,7.36,3.68,0.0005069785319389588,0.9567700232411083,0.0,0.0
86,Device,BiasAdd,model/ResBlock21_conv1/BiasAdd,2,7.264,3.632,7.264,3.632,0.0005003657684788854,0.9572703890095872,0.0,0.0
87,Device,ArgMax,ArgMax_1,2,7.136,3.568,7.136,3.568,0.0004915487505321209,0.9577619377601193,0.0,0.0
88,Device,Transpose,gradient_tape/model/tf.nn.relu_7/ReluGrad-0-TransposeNHWCToNCHW-LayoutOptimizer,2,7.104,3.552,7.104,3.552,0.0004893444960454297,0.9582512822561647,0.0,0.0
89,Device,BiasAdd,model/ResBlock21_conv2/BiasAdd,2,7.104,3.552,7.104,3.552,0.0004893444960454297,0.9587406267522102,0.0,0.0
90,Device,Transpose,model/tf.nn.relu_7/Relu-0-0-TransposeNCHWToNHWC-LayoutOptimizer,2,7.104,3.552,7.104,3.552,0.0004893444960454297,0.9592299712482556,0.0,0.0
91,Device,BiasAdd,model/ResBlock21_pooling_conv/BiasAdd,2,7.072,3.536,7.072,3.536,0.0004871402415587386,0.9597171114898143,0.0,0.0
92,Device,ResourceApplyGradientDescent,SGD/SGD/update_10/ResourceApplyGradientDescent,2,7.04,3.52,7.04,3.52,0.00048493598707204745,0.9602020474768863,0.0,0.0
93,Device,AddV2,model/ResBlock21_add/add,2,7.04,3.52,7.04,3.52,0.00048493598707204745,0.9606869834639583,0.0,0.0
94,Device,BiasAdd,model/ResBlock22_conv1/BiasAdd,2,7.04,3.52,7.04,3.52,0.00048493598707204745,0.9611719194510303,0.0,0.0
95,Device,ReluGrad,gradient_tape/model/tf.nn.relu_2/ReluGrad,2,6.976,3.488,6.976,3.488,0.0004805274780986652,0.961652446929129,0.0,0.0
96,Device,BiasAdd,model/ResBlock22_conv2/BiasAdd,2,6.976,3.488,6.976,3.488,0.0004805274780986652,0.9621329744072277,0.0,0.0
97,Device,BiasAdd,model/ResBlock32_conv2/BiasAdd,2,6.88,3.44,6.88,3.44,0.0004739147146385918,0.9626068891218663,0.0,0.0
98,Device,ReluGrad,gradient_tape/model/tf.nn.relu_1/ReluGrad,2,6.784,3.392,6.784,3.392,0.0004673019511785184,0.9630741910730448,0.0,0.0
99,Device,ReluGrad,gradient_tape/model/tf.nn.relu_3/ReluGrad,2,6.752,3.376,6.752,3.376,0.0004650976966918273,0.9635392887697366,0.0,0.0
100,Device,ResourceApplyGradientDescent,SGD/SGD/update_8/ResourceApplyGradientDescent,2,6.688,3.344,6.688,3.344,0.0004606891877184451,0.9639999779574551,0.0,0.0
101,Device,BiasAdd,model/ResBlock31_conv1/BiasAdd,2,6.688,3.344,6.688,3.344,0.0004606891877184451,0.9644606671451735,0.0,0.0
102,Device,Relu,model/tf.nn.relu/Relu,2,6.688,3.344,6.688,3.344,0.0004606891877184451,0.964921356332892,0.0,0.0
103,Device,ResourceApplyGradientDescent,SGD/SGD/update_4/ResourceApplyGradientDescent,2,6.656,3.328,6.656,3.328,0.00045848493323175397,0.9653798412661238,0.0,0.0
104,Device,ResourceApplyGradientDescent,SGD/SGD/update_16/ResourceApplyGradientDescent,2,6.624,3.312,6.624,3.312,0.0004562806787450628,0.9658361219448688,0.0,0.0
105,Device,ResourceApplyGradientDescent,SGD/SGD/update_24/ResourceApplyGradientDescent,2,6.624,3.312,6.624,3.312,0.0004562806787450628,0.9662924026236138,0.0,0.0
106,Device,ResourceApplyGradientDescent,SGD/SGD/update_28/ResourceApplyGradientDescent,2,6.624,3.312,6.624,3.312,0.0004562806787450628,0.9667486833023589,0.0,0.0
107,Device,ResourceApplyGradientDescent,SGD/SGD/update_36/ResourceApplyGradientDescent,2,6.624,3.312,6.624,3.312,0.0004562806787450628,0.9672049639811039,0.0,0.0
108,Device,ResourceApplyGradientDescent,SGD/SGD/update_40/ResourceApplyGradientDescent,2,6.624,3.312,6.624,3.312,0.0004562806787450628,0.9676612446598489,0.0,0.0
109,Device,AddN,SGD/gradients/AddN,2,6.624,3.312,6.624,3.312,0.0004562806787450628,0.968117525338594,0.0,0.0
110,Device,BiasAdd,model/ResBlock32_conv1/BiasAdd,2,6.624,3.312,6.624,3.312,0.0004562806787450628,0.968573806017339,0.0,0.0
111,Device,ResourceApplyGradientDescent,SGD/SGD/update_30/ResourceApplyGradientDescent,2,6.592,3.296,6.592,3.296,0.0004540764242583717,0.9690278824415973,0.0,0.0
112,Device,BiasAdd,model/ResBlock31_conv2/BiasAdd,2,6.592,3.296,6.592,3.296,0.0004540764242583717,0.9694819588658556,0.0,0.0
113,Device,ResourceApplyGradientDescent,SGD/SGD/update_20/ResourceApplyGradientDescent,2,6.56,3.28,6.56,3.28,0.0004518721697716806,0.9699338310356274,0.0,0.0
114,Device,BiasAdd,model/ResBlock31_pooling_conv/BiasAdd,2,6.56,3.28,6.56,3.28,0.0004518721697716806,0.9703857032053991,0.0,0.0
115,Device,ResourceApplyGradientDescent,SGD/SGD/update_45/ResourceApplyGradientDescent,2,6.528,3.264,6.528,3.264,0.00044966791528498946,0.9708353711206841,0.0,0.0
116,Device,AddN,SGD/gradients/AddN_2,2,6.528,3.264,6.528,3.264,0.00044966791528498946,0.9712850390359691,0.0,0.0
117,Device,AddN,SGD/gradients/AddN_1,2,6.497,3.2485,6.497,3.2485,0.00044753254375100743,0.97173257157972,0.0,0.0
118,Device,AddV2,model/ResBlock22_add/add,2,6.464,3.232,6.464,3.232,0.00044525940631160723,0.9721778309860316,0.0,0.0
119,Device,AddV2,model/ResBlock32_add/add,2,6.368,3.184,6.368,3.184,0.0004386466428515339,0.9726164776288831,0.0,0.0
120,Device,AddV2,model/ResBlock31_add/add,2,6.336,3.168,6.336,3.168,0.0004364423883648427,0.973052920017248,0.0,0.0
121,Device,ResourceApplyGradientDescent,SGD/SGD/update_3/ResourceApplyGradientDescent,2,6.208,3.104,6.208,3.104,0.0004276253704180782,0.973480545387666,0.0,0.0
122,Device,RealDiv,gradient_tape/model/GAP/truediv,2,6.144,3.072,6.144,3.072,0.000423216861444696,0.9739037622491107,0.0,0.0
123,Device,ResourceApplyGradientDescent,SGD/SGD/update_1/ResourceApplyGradientDescent,2,6.08,3.04,6.08,3.04,0.0004188083524713137,0.974322570601582,0.0,0.0
124,Device,ResourceApplyGradientDescent,SGD/SGD/update_2/ResourceApplyGradientDescent,2,6.016,3.008,6.016,3.008,0.00041439984349793147,0.9747369704450799,0.0,0.0
125,Device,ResourceApplyGradientDescent,SGD/SGD/update_17/ResourceApplyGradientDescent,2,5.984,2.992,5.984,2.992,0.00041219558901124036,0.9751491660340912,0.0,0.0
126,Device,Cast,Cast_1,2,5.92,2.96,5.92,2.96,0.00040778708003785807,0.975556953114129,0.0,0.0
127,Device,Relu,model/tf.nn.relu_1/Relu,2,5.92,2.96,5.92,2.96,0.00040778708003785807,0.9759647401941669,0.0,0.0
128,Device,Relu,model/tf.nn.relu_3/Relu,2,5.92,2.96,5.92,2.96,0.00040778708003785807,0.9763725272742048,0.0,0.0
129,Device,Equal,Equal,2,5.888,2.944,5.888,2.944,0.00040558282555116696,0.9767781100997559,0.0,0.0
130,Device,Relu,model/tf.nn.relu_2/Relu,2,5.856,2.928,5.856,2.928,0.00040337857106447584,0.9771814886708203,0.0,0.0
131,Device,Cast,Cast,2,5.824,2.912,5.824,2.912,0.00040117431657778473,0.9775826629873982,0.0,0.0
132,Device,ResourceApplyGradientDescent,SGD/SGD/update_12/ResourceApplyGradientDescent,2,5.824,2.912,5.824,2.912,0.00040117431657778473,0.977983837303976,0.0,0.0
133,Device,AssignAddVariableOp,AssignAddVariableOp_4,2,5.792,2.896,5.792,2.896,0.00039897006209109356,0.9783828073660671,0.0,0.0
134,Device,ResourceApplyGradientDescent,SGD/SGD/update_15/ResourceApplyGradientDescent,2,5.792,2.896,5.792,2.896,0.00039897006209109356,0.9787817774281582,0.0,0.0
135,Device,Mul,gradient_tape/categorical_crossentropy/softmax_cross_entropy_with_logits/mul,2,5.792,2.896,5.792,2.896,0.00039897006209109356,0.9791807474902493,0.0,0.0
136,Device,AssignAddVariableOp,SGD/SGD/AssignAddVariableOp,2,5.728,2.864,5.728,2.864,0.00039456155311771133,0.979575309043367,0.0,0.0
137,Device,ResourceApplyGradientDescent,SGD/SGD/update_11/ResourceApplyGradientDescent,2,5.728,2.864,5.728,2.864,0.00039456155311771133,0.9799698705964847,0.0,0.0
138,Device,ResourceApplyGradientDescent,SGD/SGD/update_9/ResourceApplyGradientDescent,2,5.728,2.864,5.728,2.864,0.00039456155311771133,0.9803644321496023,0.0,0.0
139,Device,ReluGrad,gradient_tape/model/tf.nn.relu_7/ReluGrad,2,5.728,2.864,5.728,2.864,0.00039456155311771133,0.98075899370272,0.0,0.0
140,Device,ResourceApplyGradientDescent,SGD/SGD/update_13/ResourceApplyGradientDescent,2,5.696,2.848,5.696,2.848,0.0003923572986310202,0.9811513510013511,0.0,0.0
141,Device,ResourceApplyGradientDescent,SGD/SGD/update_7/ResourceApplyGradientDescent,2,5.664,2.832,5.664,2.832,0.00039015304414432905,0.9815415040454954,0.0,0.0
142,Device,ResourceApplyGradientDescent,SGD/SGD/update_44/ResourceApplyGradientDescent,2,5.632,2.816,5.632,2.816,0.00038794878965763794,0.9819294528351531,0.0,0.0
143,Device,ResourceApplyGradientDescent,SGD/SGD/update_5/ResourceApplyGradientDescent,2,5.632,2.816,5.632,2.816,0.00038794878965763794,0.9823174016248107,0.0,0.0
144,Device,ResourceApplyGradientDescent,SGD/SGD/update_21/ResourceApplyGradientDescent,2,5.6,2.8,5.6,2.8,0.0003857445351709468,0.9827031461599817,0.0,0.0
145,Device,ResourceApplyGradientDescent,SGD/SGD/update_19/ResourceApplyGradientDescent,2,5.568,2.784,5.568,2.784,0.0003835402806842557,0.9830866864406659,0.0,0.0
146,Device,ResourceApplyGradientDescent,SGD/SGD/update_25/ResourceApplyGradientDescent,2,5.568,2.784,5.568,2.784,0.0003835402806842557,0.9834702267213501,0.0,0.0
147,Device,ResourceApplyGradientDescent,SGD/SGD/update_33/ResourceApplyGradientDescent,2,5.536,2.768,5.536,2.768,0.00038133602619756454,0.9838515627475477,0.0,0.0
148,Device,ReluGrad,gradient_tape/model/tf.nn.relu_4/ReluGrad,2,5.536,2.768,5.536,2.768,0.00038133602619756454,0.9842328987737453,0.0,0.0
149,Device,ResourceApplyGradientDescent,SGD/SGD/update_23/ResourceApplyGradientDescent,2,5.504,2.752,5.504,2.752,0.0003791317717108734,0.9846120305454562,0.0,0.0
150,Device,Tile,gradient_tape/categorical_crossentropy/weighted_loss/Tile_1,2,5.504,2.752,5.504,2.752,0.0003791317717108734,0.9849911623171671,0.0,0.0
151,Device,ReluGrad,gradient_tape/model/tf.nn.relu_6/ReluGrad,2,5.504,2.752,5.504,2.752,0.0003791317717108734,0.985370294088878,0.0,0.0
152,Device,ReluGrad,gradient_tape/model/tf.nn.relu_5/ReluGrad,2,5.473,2.7365,5.473,2.7365,0.00037699640017689145,0.9857472904890549,0.0,0.0
153,Device,BiasAdd,model/dense/BiasAdd,2,5.472,2.736,5.472,2.736,0.00037692751722418237,0.986124218006279,0.0,0.0
154,Device,DivNoNan,gradient_tape/categorical_crossentropy/weighted_loss/value/div_no_nan,2,5.44,2.72,5.44,2.72,0.00037472326273749125,0.9864989412690165,0.0,0.0
155,Device,AssignAddVariableOp,AssignAddVariableOp_2,2,5.408,2.704,5.408,2.704,0.00037251900825080014,0.9868714602772672,0.0,0.0
156,Device,ResourceApplyGradientDescent,SGD/SGD/update_22/ResourceApplyGradientDescent,2,5.408,2.704,5.408,2.704,0.00037251900825080014,0.987243979285518,0.0,0.0
157,Device,ResourceApplyGradientDescent,SGD/SGD/update_42/ResourceApplyGradientDescent,2,5.408,2.704,5.408,2.704,0.00037251900825080014,0.9876164982937687,0.0,0.0
158,Device,ResourceApplyGradientDescent,SGD/SGD/update_14/ResourceApplyGradientDescent,2,5.376,2.688,5.376,2.688,0.00037031475376410897,0.9879868130475329,0.0,0.0
159,Device,AssignAddVariableOp,AssignAddVariableOp_1,2,5.344,2.672,5.344,2.672,0.00036811049927741786,0.9883549235468103,0.0,0.0
160,Device,ResourceApplyGradientDescent,SGD/SGD/update_18/ResourceApplyGradientDescent,2,5.344,2.672,5.344,2.672,0.00036811049927741786,0.9887230340460877,0.0,0.0
161,Device,ResourceApplyGradientDescent,SGD/SGD/update_26/ResourceApplyGradientDescent,2,5.344,2.672,5.344,2.672,0.00036811049927741786,0.9890911445453652,0.0,0.0
162,Device,AssignAddVariableOp,AssignAddVariableOp_3,2,5.312,2.656,5.312,2.656,0.00036590624479072674,0.9894570507901559,0.0,0.0
163,Device,ResourceApplyGradientDescent,SGD/SGD/update_41/ResourceApplyGradientDescent,2,5.312,2.656,5.312,2.656,0.00036590624479072674,0.9898229570349466,0.0,0.0
164,Device,Mul,Mul,2,5.28,2.64,5.28,2.64,0.0003637019903040356,0.9901866590252506,0.0,0.0
165,Device,ResourceApplyGradientDescent,SGD/SGD/update_32/ResourceApplyGradientDescent,2,5.28,2.64,5.28,2.64,0.0003637019903040356,0.9905503610155546,0.0,0.0
166,Device,ResourceApplyGradientDescent,SGD/SGD/update_34/ResourceApplyGradientDescent,2,5.28,2.64,5.28,2.64,0.0003637019903040356,0.9909140630058586,0.0,0.0
167,Device,ResourceApplyGradientDescent,SGD/SGD/update_38/ResourceApplyGradientDescent,2,5.28,2.64,5.28,2.64,0.0003637019903040356,0.9912777649961626,0.0,0.0
168,Device,ResourceApplyGradientDescent,SGD/SGD/update_6/ResourceApplyGradientDescent,2,5.28,2.64,5.28,2.64,0.0003637019903040356,0.9916414669864666,0.0,0.0
169,Device,Relu,model/tf.nn.relu_6/Relu,2,5.28,2.64,5.28,2.64,0.0003637019903040356,0.9920051689767706,0.0,0.0
170,Device,ResourceApplyGradientDescent,SGD/SGD/update_35/ResourceApplyGradientDescent,2,5.248,2.624,5.248,2.624,0.0003614977358173445,0.992366666712588,0.0,0.0
171,Device,ResourceApplyGradientDescent,SGD/SGD/update_37/ResourceApplyGradientDescent,2,5.248,2.624,5.248,2.624,0.0003614977358173445,0.9927281644484054,0.0,0.0
172,Device,ResourceApplyGradientDescent,SGD/SGD/update_39/ResourceApplyGradientDescent,2,5.248,2.624,5.248,2.624,0.0003614977358173445,0.9930896621842228,0.0,0.0
173,Device,ResourceApplyGradientDescent,SGD/SGD/update_43/ResourceApplyGradientDescent,2,5.248,2.624,5.248,2.624,0.0003614977358173445,0.9934511599200402,0.0,0.0
174,Device,Relu,model/tf.nn.relu_4/Relu,2,5.248,2.624,5.248,2.624,0.0003614977358173445,0.9938126576558576,0.0,0.0
175,Device,Relu,model/tf.nn.relu_5/Relu,2,5.248,2.624,5.248,2.624,0.0003614977358173445,0.994174155391675,0.0,0.0
176,Device,Relu,model/tf.nn.relu_7/Relu,2,5.248,2.624,5.248,2.624,0.0003614977358173445,0.9945356531274924,0.0,0.0
177,Device,ResourceApplyGradientDescent,SGD/SGD/update_27/ResourceApplyGradientDescent,2,5.216,2.608,5.216,2.608,0.00035929348133065334,0.994894946608823,0.0,0.0
178,Device,ResourceApplyGradientDescent,SGD/SGD/update_29/ResourceApplyGradientDescent,2,5.216,2.608,5.216,2.608,0.00035929348133065334,0.9952542400901537,0.0,0.0
179,Device,ResourceApplyGradientDescent,SGD/SGD/update_31/ResourceApplyGradientDescent,2,5.216,2.608,5.216,2.608,0.00035929348133065334,0.9956135335714844,0.0,0.0
180,Device,AssignAddVariableOp,AssignAddVariableOp,2,5.152,2.576,5.152,2.576,0.0003548849723572711,0.9959684185438417,0.0,0.0
181,Device,Sum,categorical_crossentropy/weighted_loss/Sum,2,5.152,2.576,5.152,2.576,0.0003548849723572711,0.9963233035161989,0.0,0.0
182,Device,DivNoNan,categorical_crossentropy/weighted_loss/value,2,5.088,2.544,5.088,2.544,0.00035047646338388883,0.9966737799795828,0.0,0.0
183,Device,Sum,Sum_2,2,4.992,2.496,4.992,2.496,0.0003438636999238155,0.9970176436795066,0.0,0.0
184,Device,DivNoNan,div_no_nan,2,4.96,2.48,4.96,2.48,0.0003416594454371243,0.9973593031249437,0.0,0.0
185,Device,DivNoNan,div_no_nan_1,2,4.928,2.464,4.928,2.464,0.0003394551909504332,0.9976987583158942,0.0,0.0
186,Device,Cast,gradient_tape/model/GAP/Cast,2,4.832,2.416,4.832,2.416,0.00033284242749035987,0.9980316007433845,0.0,0.0
187,Device,Cast,categorical_crossentropy/weighted_loss/num_elements/Cast,2,4.704,2.352,4.704,2.352,0.00032402540954359535,0.998355626152928,0.0,0.0
188,Device,Cast,Cast_2,2,4.672,2.336,4.672,2.336,0.0003218211550569042,0.9986774473079849,0.0,0.0
189,Device,_HostRecv,gradient_tape/model/GAP/DynamicStitch/_24,2,2.88,1.44,2.88,1.44,0.00019838290380220122,0.9988758302117872,0.0,0.0
190,Device,LogicalAnd,LogicalAnd,1,2.592,2.592,2.592,2.592,0.00017854461342198111,0.9990543748252091,0.0,0.0
191,Device,_Recv,gradient_tape/model/GAP/floordiv/_18,2,2.56,1.28,2.56,1.28,0.00017634035893529,0.9992307151841444,0.0,0.0
192,Device,_Recv,strided_slice/_12,2,1.76,0.88,1.76,0.88,0.00012123399676801186,0.9993519491809124,0.0,0.0
193,Device,_Recv,Size/_22,2,1.728,0.864,1.728,0.864,0.00011902974228132073,0.9994709789231937,0.0,0.0
194,Device,_Recv,gradient_tape/model/GAP/Shape-0-1-DataFormatVecPermuteNCHWToNHWC-LayoutOptimizer/_14,2,1.728,0.864,1.728,0.864,0.00011902974228132073,0.999590008665475,0.0,0.0
195,Device,_Recv,gradient_tape/model/GAP/ones/_16,2,1.728,0.864,1.728,0.864,0.00011902974228132073,0.9997090384077563,0.0,0.0
196,Device,_Recv,categorical_crossentropy/weighted_loss/num_elements/_20,2,1.664,0.832,1.664,0.832,0.00011462123330793849,0.9998236596410642,0.0,0.0
197,Device,_Send,IteratorGetNext/_3,1,1.44,1.44,1.44,1.44,9.919145190110061e-05,0.9999228510929653,0.0,0.0
198,Device,_Recv,IteratorGetNext/_4,1,1.12,1.12,1.12,1.12,7.714890703418938e-05,0.9999999999999994,0.0,0.0
199,Host,IDLE,IDLE,0,39998.939,0.0,39998.939,0.0,0.0,0.0,0.9794214903311884,0.9794214903311884
200,Host,GatherV2,GatherV2,2,504.095,252.0475,504.095,252.0475,0.0,0.0,0.012343364311950886,0.9917648546431393
201,Host,Dataset,Iterator::Root::ParallelMapV2::Zip[0]::FlatMap[1]::Concatenate,2,81.115,40.5575,56.803,28.4015,0.0,0.0,0.0013908888662092385,0.9931557435093485
202,Host,Dataset,Iterator::Root::ParallelMapV2::Zip[1]::ForeverRepeat,2,51.312,25.656,47.651,23.8255,0.0,0.0,0.001166791285033122,0.9943225347943817
203,Host,FlushSummaryWriter,FlushSummaryWriter,1,35.663,35.663,35.663,35.663,0.0,0.0,0.000873250878221574,0.9951957856726033
204,Host,LogicalAnd,LogicalAnd,1,33.457,33.457,33.457,33.457,0.0,0.0,0.0008192343502414044,0.9960150200228447
205,Host,Dataset,Iterator::Root,2,55.458,27.729,28.867,14.4335,0.0,0.0,0.0007068427530387848,0.9967218627758835
206,Host,Dataset,Iterator::Root::ParallelMapV2,2,26.591,13.2955,26.591,13.2955,0.0,0.0,0.0006511121919858082,0.9973729749678693
207,Host,GatherV2,GatherV2_1,2,24.933,12.4665,24.933,12.4665,0.0,0.0,0.0006105140943470405,0.9979834890622163
208,Host,Dataset,Iterator::Root::ParallelMapV2::Zip[0]::FlatMap[1]::Concatenate[0]::TensorSlice,2,24.312,12.156,24.312,12.156,0.0,0.0,0.0005953081723725685,0.9985787972345889
209,Host,WriteSummary,WriteSummary,1,21.002,21.002,21.002,21.002,0.0,0.0,0.0005142588942155595,0.9990930561288044
210,Host,IteratorGetNext,IteratorGetNext,2,12.156,6.078,12.156,6.078,0.0,0.0,0.00029765408618628424,0.9993907102149907
211,Host,Dataset,Iterator::Root::ParallelMapV2::Zip,2,145.268,72.634,9.724,4.862,0.0,0.0,0.0002381036799996239,0.9996288138949904
212,Host,ReadVariableOp,ReadVariableOp,1,6.15,6.15,6.15,6.15,0.0,0.0,0.00015059004853945775,0.9997794039435298
213,Host,Dataset,Iterator::Root::ParallelMapV2::Zip[1]::ForeverRepeat::FromTensor,4,3.661,0.91525,3.661,0.91525,0.0,0.0,8.964392970779752e-05,0.9998690478732376
214,Host,Dataset,Iterator::Root::ParallelMapV2::Zip[0]::FlatMap,2,84.232,42.116,3.117,1.5585,0.0,0.0,7.632344411341296e-05,0.9999453713173511
215,Host,Identity,Identity,2,2.231,1.1155,2.231,1.1155,0.0,0.0,5.46286826490293e-05,1.0
