Rank,Host/device,Type,Operation,#Occurrences,Total time (us),Avg. time (us),Total self-time (us),Avg. self-time (us),Total self-time on Device (%),Cumulative total-self time on Device (%),Total self-time on Host (%),Cumulative total-self time on Host (%)
1,Device,_Send,IteratorGetNext/_1,2,2540.876,1270.438,2540.876,1270.438,0.19548377363182184,0.19548377363182184,0.0,0.0
2,Device,IDLE,IDLE,0,1976.425,0.0,1976.425,0.0,0.1520574074847704,0.34754118111659227,0.0,0.0
3,Device,MaxPoolGrad,gradient_tape/sequential/max_pooling2d/MaxPool/MaxPoolGrad,2,861.764,430.882,861.764,430.882,0.06630031481270764,0.4138414959292999,0.0,0.0
4,Device,Conv2DBackpropFilter,gradient_tape/sequential/conv2d/Conv2D/Conv2DBackpropFilter,2,798.948,399.474,798.948,399.474,0.061467529299185315,0.4753090252284852,0.0,0.0
5,Device,ReluGrad,gradient_tape/sequential/conv2d/ReluGrad,2,655.908,327.954,655.908,327.954,0.050462663662178324,0.5257716888906635,0.0,0.0
6,Device,Conv2DBackpropFilter,gradient_tape/sequential/conv2d_1/Conv2D/Conv2DBackpropFilter,2,548.516,274.258,548.516,274.258,0.042200397649248676,0.5679720865399122,0.0,0.0
7,Device,Conv2DBackpropInput,gradient_tape/sequential/conv2d_1/Conv2D/Conv2DBackpropInput,2,502.146,251.073,502.146,251.073,0.03863289471588728,0.6066049812557994,0.0,0.0
8,Device,Conv2DBackpropFilter,gradient_tape/sequential/conv2d_2/Conv2D/Conv2DBackpropFilter,2,422.018,211.009,422.018,211.009,0.032468200408266354,0.6390731816640658,0.0,0.0
9,Device,MaxPoolGrad,gradient_tape/sequential/max_pooling2d_1/MaxPool/MaxPoolGrad,2,392.77,196.385,392.77,196.385,0.030217988508439868,0.6692911701725056,0.0,0.0
10,Device,_FusedConv2D,sequential/conv2d/Relu,2,376.962,188.481,376.962,188.481,0.029001790829540214,0.6982929610020459,0.0,0.0
11,Device,_FusedConv2D,sequential/conv2d_1/Relu,2,341.762,170.881,341.762,170.881,0.026293658346160417,0.7245866193482062,0.0,0.0
12,Device,ResourceApplyGradientDescent,SGD/SGD/update_6/ResourceApplyGradientDescent,2,329.345,164.6725,329.345,164.6725,0.02533834922553181,0.749924968573738,0.0,0.0
13,Device,ReluGrad,gradient_tape/sequential/conv2d_1/ReluGrad,2,326.178,163.089,326.178,163.089,0.025094694237609544,0.7750196628113476,0.0,0.0
14,Device,MaxPool,sequential/max_pooling2d/MaxPool,2,270.914,135.457,270.914,135.457,0.02084292623870326,0.7958625890500508,0.0,0.0
15,Device,Conv2DBackpropInput,gradient_tape/sequential/conv2d_2/Conv2D/Conv2DBackpropInput,2,264.418,132.209,264.418,132.209,0.020343152698588624,0.8162057417486395,0.0,0.0
16,Device,_FusedConv2D,sequential/conv2d_2/Relu,2,258.818,129.409,258.818,129.409,0.019912313439869107,0.8361180551885086,0.0,0.0
17,Device,BiasAddGrad,gradient_tape/sequential/conv2d/BiasAdd/BiasAddGrad,2,212.0,106.0,212.0,106.0,0.01631034336581015,0.8524283985543187,0.0,0.0
18,Device,ArgMax,ArgMax,2,175.264,87.632,175.264,87.632,0.013484037828610143,0.8659124363829289,0.0,0.0
19,Device,ReluGrad,gradient_tape/sequential/conv2d_2/ReluGrad,2,161.888,80.944,161.888,80.944,0.01245494748492582,0.8783673838678547,0.0,0.0
20,Device,MatMul,sequential/dense/MatMul,2,158.465,79.2325,158.465,79.2325,0.012191596988033517,0.8905589808558882,0.0,0.0
21,Device,MaxPool,sequential/max_pooling2d_1/MaxPool,2,144.544,72.272,144.544,72.272,0.011120576752205956,0.9016795576080942,0.0,0.0
22,Device,MaxPoolGrad,gradient_tape/sequential/max_pooling2d_2/MaxPool/MaxPoolGrad,2,138.657,69.3285,138.657,69.3285,0.010667656981477067,0.9123472145895712,0.0,0.0
23,Device,MatMul,gradient_tape/sequential/dense/MatMul/MatMul,2,131.392,65.696,131.392,65.696,0.01010871997887041,0.9224559345684417,0.0,0.0
24,Device,MatMul,gradient_tape/sequential/dense/MatMul/MatMul_1,2,125.218,62.609,125.218,62.609,0.009633719696132147,0.9320896542645738,0.0,0.0
25,Device,ArgMax,ArgMax_1,2,113.728,56.864,113.728,56.864,0.008749729859938002,0.9408393841245118,0.0,0.0
26,Device,BiasAddGrad,gradient_tape/sequential/conv2d_1/BiasAdd/BiasAddGrad,2,113.376,56.688,113.376,56.688,0.008722648535104205,0.949562032659616,0.0,0.0
27,Device,Transpose,gradient_tape/sequential/conv2d/Conv2D/Conv2DBackpropFilter-0-TransposeNHWCToNCHW-LayoutOptimizer,2,105.536,52.768,105.536,52.768,0.008119473572896886,0.9576815062325129,0.0,0.0
28,Device,MaxPool,sequential/max_pooling2d_2/MaxPool,2,71.328,35.664,71.328,35.664,0.005487661186775974,0.9631691674192889,0.0,0.0
29,Device,BiasAddGrad,gradient_tape/sequential/conv2d_2/BiasAdd/BiasAddGrad,2,66.848,33.424,66.848,33.424,0.005142989779800363,0.9683121571990893,0.0,0.0
30,Device,Transpose,gradient_tape/sequential/max_pooling2d_2/MaxPool/MaxPoolGrad-2-TransposeNHWCToNCHW-LayoutOptimizer,2,29.216,14.608,29.216,14.608,0.002247749961205233,0.9705599071602945,0.0,0.0
31,Device,MatMul,gradient_tape/sequential/dense_1/MatMul/MatMul,2,19.2,9.6,19.2,9.6,0.0014771631727526172,0.9720370703330471,0.0,0.0
32,Device,Transpose,sequential/max_pooling2d_2/MaxPool-0-1-TransposeNCHWToNHWC-LayoutOptimizer,2,17.888,8.944,17.888,8.944,0.0013762236892811885,0.9734132940223282,0.0,0.0
33,Device,MatMul,sequential/dense_1/MatMul,2,16.128,8.064,16.128,8.064,0.0012408170651121986,0.9746541110874405,0.0,0.0
34,Device,MatMul,gradient_tape/sequential/dense_1/MatMul/MatMul_1,2,10.4,5.2,10.4,5.2,0.0008001300519076678,0.9754542411393482,0.0,0.0
35,Device,ResourceApplyGradientDescent,SGD/SGD/update_4/ResourceApplyGradientDescent,2,7.872,3.936,7.872,3.936,0.0006056369008285731,0.9760598780401768,0.0,0.0
36,Device,Sum,categorical_crossentropy/Sum,2,7.616,3.808,7.616,3.808,0.0005859413918585382,0.9766458194320353,0.0,0.0
37,Device,ResourceApplyGradientDescent,SGD/SGD/update_2/ResourceApplyGradientDescent,2,7.36,3.68,7.36,3.68,0.0005662458828885034,0.9772120653149238,0.0,0.0
38,Device,Sum,categorical_crossentropy/Sum_1,2,7.232,3.616,7.232,3.616,0.0005563981284034859,0.9777684634433272,0.0,0.0
39,Device,Sum,gradient_tape/categorical_crossentropy/truediv/Sum_1,2,7.168,3.584,7.168,3.584,0.0005514742511609771,0.9783199376944882,0.0,0.0
40,Device,ResourceApplyGradientDescent,SGD/SGD/update_8/ResourceApplyGradientDescent,2,6.976,3.488,6.976,3.488,0.0005367026194334509,0.9788566403139217,0.0,0.0
41,Device,ResourceApplyGradientDescent,SGD/SGD/update_3/ResourceApplyGradientDescent,2,6.912,3.456,6.912,3.456,0.0005317787421909423,0.9793884190561126,0.0,0.0
42,Device,Mul,gradient_tape/categorical_crossentropy/mul/Mul_1,2,6.88,3.44,6.88,3.44,0.0005293168035696878,0.9799177358596823,0.0,0.0
43,Device,Mul,categorical_crossentropy/mul,2,6.528,3.264,6.528,3.264,0.0005022354787358899,0.9804199713384182,0.0,0.0
44,Device,ResourceApplyGradientDescent,SGD/SGD/update/ResourceApplyGradientDescent,2,6.4,3.2,6.4,3.2,0.0004923877242508724,0.980912359062669,0.0,0.0
45,Device,AddN,SGD/gradients/AddN,2,6.272,3.136,6.272,3.136,0.000482539969765855,0.9813948990324349,0.0,0.0
46,Device,Tile,gradient_tape/categorical_crossentropy/Tile_1,2,6.272,3.136,6.272,3.136,0.000482539969765855,0.9818774390022008,0.0,0.0
47,Device,SelectV2,gradient_tape/categorical_crossentropy/clip_by_value/SelectV2,2,6.272,3.136,6.272,3.136,0.000482539969765855,0.9823599789719667,0.0,0.0
48,Device,BiasAddGrad,gradient_tape/sequential/dense/BiasAdd/BiasAddGrad,2,6.208,3.104,6.208,3.104,0.0004776160925233463,0.9828375950644901,0.0,0.0
49,Device,ResourceApplyGradientDescent,SGD/SGD/update_7/ResourceApplyGradientDescent,2,6.176,3.088,6.176,3.088,0.0004751541539020919,0.9833127492183922,0.0,0.0
50,Device,GreaterEqual,gradient_tape/categorical_crossentropy/clip_by_value/GreaterEqual,2,6.176,3.088,6.176,3.088,0.0004751541539020919,0.9837879033722943,0.0,0.0
51,Device,Mul,gradient_tape/categorical_crossentropy/mul,2,6.176,3.088,6.176,3.088,0.0004751541539020919,0.9842630575261964,0.0,0.0
52,Device,Mul,gradient_tape/categorical_crossentropy/truediv/mul,2,6.112,3.056,6.112,3.056,0.0004702302766595832,0.984733287802856,0.0,0.0
53,Device,ResourceApplyGradientDescent,SGD/SGD/update_5/ResourceApplyGradientDescent,2,6.08,3.04,6.08,3.04,0.00046776833803832885,0.9852010561408943,0.0,0.0
54,Device,LessEqual,gradient_tape/categorical_crossentropy/clip_by_value/LessEqual,2,6.08,3.04,6.08,3.04,0.00046776833803832885,0.9856688244789326,0.0,0.0
55,Device,RealDiv,gradient_tape/categorical_crossentropy/truediv/RealDiv,2,6.049,3.0245,6.049,3.0245,0.0004653833349989887,0.9861342078139316,0.0,0.0
56,Device,ResourceApplyGradientDescent,SGD/SGD/update_1/ResourceApplyGradientDescent,2,6.048,3.024,6.048,3.024,0.00046530639941707447,0.9865995142133487,0.0,0.0
57,Device,BiasAdd,sequential/dense/BiasAdd,2,6.017,3.0085,6.017,3.0085,0.00046292139637773433,0.9870624356097264,0.0,0.0
58,Device,BiasAddGrad,gradient_tape/sequential/dense_1/BiasAdd/BiasAddGrad,2,6.016,3.008,6.016,3.008,0.0004628444607958201,0.9875252800705222,0.0,0.0
59,Device,Minimum,categorical_crossentropy/clip_by_value/Minimum,2,5.888,2.944,5.888,2.944,0.00045299670631080265,0.987978276776833,0.0,0.0
60,Device,ResourceApplyGradientDescent,SGD/SGD/update_9/ResourceApplyGradientDescent,2,5.856,2.928,5.856,2.928,0.00045053476768954826,0.9884288115445226,0.0,0.0
61,Device,Maximum,categorical_crossentropy/clip_by_value,2,5.856,2.928,5.856,2.928,0.00045053476768954826,0.9888793463122121,0.0,0.0
62,Device,RealDiv,gradient_tape/categorical_crossentropy/truediv/RealDiv_1,2,5.76,2.88,5.76,2.88,0.00044314895182578516,0.9893224952640378,0.0,0.0
63,Device,BiasAdd,sequential/dense_1/BiasAdd,2,5.76,2.88,5.76,2.88,0.00044314895182578516,0.9897656442158635,0.0,0.0
64,Device,AssignAddVariableOp,SGD/SGD/AssignAddVariableOp,2,5.632,2.816,5.632,2.816,0.00043330119734076773,0.9901989454132043,0.0,0.0
65,Device,AssignAddVariableOp,AssignAddVariableOp_4,2,5.6,2.8,5.6,2.8,0.00043083925871951334,0.9906297846719239,0.0,0.0
66,Device,Neg,gradient_tape/categorical_crossentropy/truediv/Neg,2,5.6,2.8,5.6,2.8,0.00043083925871951334,0.9910606239306434,0.0,0.0
67,Device,RealDiv,categorical_crossentropy/truediv,2,5.536,2.768,5.536,2.768,0.0004259153814770046,0.9914865393121204,0.0,0.0
68,Device,RealDiv,gradient_tape/categorical_crossentropy/truediv/RealDiv_2,2,5.536,2.768,5.536,2.768,0.0004259153814770046,0.9919124546935973,0.0,0.0
69,Device,AssignAddVariableOp,AssignAddVariableOp_2,2,5.472,2.736,5.472,2.736,0.00042099150423449596,0.9923334461978318,0.0,0.0
70,Device,Reciprocal,gradient_tape/categorical_crossentropy/Reciprocal,2,5.472,2.736,5.472,2.736,0.00042099150423449596,0.9927544377020663,0.0,0.0
71,Device,Log,categorical_crossentropy/Log,2,5.44,2.72,5.44,2.72,0.00041852956561324163,0.9931729672676796,0.0,0.0
72,Device,ReluGrad,gradient_tape/sequential/dense/ReluGrad,2,5.376,2.688,5.376,2.688,0.00041360568837073286,0.9935865729560502,0.0,0.0
73,Device,Equal,Equal,2,5.344,2.672,5.344,2.672,0.00041114374974947853,0.9939977167057997,0.0,0.0
74,Device,Sum,Sum_2,2,5.312,2.656,5.312,2.656,0.00040868181112822414,0.9944063985169279,0.0,0.0
75,Device,AssignAddVariableOp,AssignAddVariableOp_3,2,5.248,2.624,5.248,2.624,0.0004037579338857154,0.9948101564508136,0.0,0.0
76,Device,Mul,Mul,2,5.248,2.624,5.248,2.624,0.0004037579338857154,0.9952139143846993,0.0,0.0
77,Device,AssignAddVariableOp,AssignAddVariableOp,2,5.185,2.5925,5.185,2.5925,0.00039891099222512085,0.9956128253769244,0.0,0.0
78,Device,Cast,Cast_1,2,5.184,2.592,5.184,2.592,0.0003988340566432067,0.9960116594335676,0.0,0.0
79,Device,AssignAddVariableOp,AssignAddVariableOp_1,2,5.088,2.544,5.088,2.544,0.0003914482407794436,0.996403107674347,0.0,0.0
80,Device,DivNoNan,div_no_nan_1,2,5.056,2.528,5.056,2.528,0.0003889863021581892,0.9967920939765053,0.0,0.0
81,Device,_Send,IteratorGetNext/_3,1,5.024,5.024,5.024,5.024,0.0003865243635369349,0.9971786183400422,0.0,0.0
82,Device,DivNoNan,div_no_nan,2,4.992,2.496,4.992,2.496,0.0003840624249156805,0.9975626807649579,0.0,0.0
83,Device,Sum,categorical_crossentropy/weighted_loss/Sum,2,4.928,2.464,4.928,2.464,0.0003791385476731718,0.997941819312631,0.0,0.0
84,Device,SelectV2,gradient_tape/categorical_crossentropy/clip_by_value/SelectV2_1,2,4.928,2.464,4.928,2.464,0.0003791385476731718,0.9983209578603042,0.0,0.0
85,Device,DivNoNan,categorical_crossentropy/weighted_loss/value,2,4.896,2.448,4.896,2.448,0.0003766766090519174,0.9986976344693561,0.0,0.0
86,Device,Relu,sequential/dense/Relu,2,4.832,2.416,4.832,2.416,0.0003717527318094087,0.9990693872011656,0.0,0.0
87,Device,Neg,categorical_crossentropy/Neg,2,4.768,2.384,4.768,2.384,0.00036682885456689997,0.9994362160557324,0.0,0.0
88,Device,_Recv,IteratorGetNext/_4,1,4.64,4.64,4.64,4.64,0.0003569811000818825,0.9997931971558143,0.0,0.0
89,Device,LogicalAnd,LogicalAnd,1,2.688,2.688,2.688,2.688,0.00020680284418536643,0.9999999999999997,0.0,0.0
90,Host,IDLE,IDLE,0,50657.509,0.0,50657.509,0.0,0.0,0.0,0.8661641801066501,0.8661641801066501
91,Host,GatherV2,GatherV2,2,3272.26,1636.13,3272.26,1636.13,0.0,0.0,0.05595052847931759,0.9221147085859677
92,Host,_Send,IteratorGetNext/_1,2,3050.52,1525.26,3050.52,1525.26,0.0,0.0,0.052159121260757974,0.9742738298467256
93,Host,_Send,IteratorGetNext/_3,2,1168.484,584.242,1168.484,584.242,0.0,0.0,0.019979248995992654,0.9942530788427183
94,Host,_Send,IteratorGetNext/_6,2,48.976,24.488,48.976,24.488,0.0,0.0,0.0008374130059356708,0.995090491848654
95,Host,GatherV2,GatherV2_1,2,40.131,20.0655,40.131,20.0655,0.0,0.0,0.0006861773387210961,0.9957766691873751
96,Host,FlushSummaryWriter,FlushSummaryWriter,1,38.948,38.948,38.948,38.948,0.0,0.0,0.0006659498888268234,0.9964426190762019
97,Host,Dataset,Iterator::Root::ParallelMapV2::Zip[1]::ForeverRepeat,2,38.158,19.079,35.601,17.8005,0.0,0.0,0.0006087214232341517,0.9970513404994361
98,Host,LogicalAnd,LogicalAnd,1,33.095,33.095,33.095,33.095,0.0,0.0,0.0005658727423930297,0.9976172132418292
99,Host,Dataset,Iterator::Root::ParallelMapV2::Zip[0]::FlatMap,2,42.606,21.303,25.433,12.7165,0.0,0.0,0.00043486452507272773,0.9980520777669019
100,Host,Dataset,Iterator::Root::ParallelMapV2,2,25.164,12.582,25.164,12.582,0.0,0.0,0.00043026504576456265,0.9984823428126665
101,Host,WriteSummary,WriteSummary,1,20.985,20.985,20.985,20.985,0.0,0.0,0.00035881068134514967,0.9988411534940116
102,Host,Dataset,Iterator::Root,2,44.844,22.422,19.68,9.84,0.0,0.0,0.00033649722224791734,0.9991776507162595
103,Host,Dataset,Iterator::Root::ParallelMapV2::Zip[0]::FlatMap[1]::TensorSlice,2,17.173,8.5865,17.173,8.5865,0.0,0.0,0.0002936314429707055,0.9994712821592302
104,Host,IteratorGetNext,IteratorGetNext,2,13.015,6.5075,13.015,6.5075,0.0,0.0,0.0002225361457091791,0.9996938183049394
105,Host,Dataset,Iterator::Root::ParallelMapV2::Zip,2,87.873,43.9365,7.109,3.5545,0.0,0.0,0.00012155278216262421,0.9998153710871021
106,Host,ReadVariableOp,ReadVariableOp,1,6.192,6.192,6.192,6.192,0.0,0.0,0.00010587351626824717,0.9999212446033703
107,Host,Dataset,Iterator::Root::ParallelMapV2::Zip[1]::ForeverRepeat::FromTensor,4,2.557,0.63925,2.557,0.63925,0.0,0.0,4.372070108170349e-05,0.999964965304452
108,Host,Identity,Identity,2,2.049,1.0245,2.049,1.0245,0.0,0.0,3.503469554806822e-05,1.0
