Rank,Host/device,Type,Operation,#Occurrences,Total time (us),Avg. time (us),Total self-time (us),Avg. self-time (us),Total self-time on Device (%),Cumulative total-self time on Device (%),Total self-time on Host (%),Cumulative total-self time on Host (%)
1,Device,IDLE,IDLE,0,10676.877,0.0,10676.877,0.0,0.17016757100740873,0.17016757100740873,0.0,0.0
2,Device,_Recv,IteratorGetNext/_2,2,1227.393,613.6965,1227.393,613.6965,0.0195621327736094,0.18972970378101814,0.0,0.0
3,Device,Conv2DBackpropFilter,gradient_tape/model/conv2d_30/Conv2D/Conv2DBackpropFilter,2,889.826,444.913,889.826,444.913,0.014182005565788431,0.20391170934680658,0.0,0.0
4,Device,Conv2DBackpropFilter,gradient_tape/model/conv2d_33/Conv2D/Conv2DBackpropFilter,2,885.409,442.7045,885.409,442.7045,0.01411160762441103,0.2180233169712176,0.0,0.0
5,Device,Conv2DBackpropFilter,gradient_tape/model/conv2d_35/Conv2D/Conv2DBackpropFilter,2,877.632,438.816,877.632,438.816,0.013987658158689487,0.2320109751299071,0.0,0.0
6,Device,Conv2DBackpropFilter,gradient_tape/model/conv2d_32/Conv2D/Conv2DBackpropFilter,2,870.208,435.104,870.208,435.104,0.013869334790614815,0.2458803099205219,0.0,0.0
7,Device,Conv2DBackpropFilter,gradient_tape/model/conv2d_34/Conv2D/Conv2DBackpropFilter,2,868.896,434.448,868.896,434.448,0.013848424195394721,0.2597287341159166,0.0,0.0
8,Device,Conv2DBackpropFilter,gradient_tape/model/conv2d/Conv2D/Conv2DBackpropFilter,2,773.953,386.9765,773.953,386.9765,0.012335227059738255,0.2720639611756549,0.0,0.0
9,Device,FusedBatchNormGradV3,gradient_tape/model/batch_normalization/FusedBatchNormGradV3,2,719.52,359.76,719.52,359.76,0.011467676427409507,0.28353163760306443,0.0,0.0
10,Device,Conv2D,model/conv2d/Conv2D,2,544.032,272.016,544.032,272.016,0.008670756813092685,0.29220239441615714,0.0,0.0
11,Device,Conv2DBackpropFilter,gradient_tape/model/conv2d_4/Conv2D/Conv2DBackpropFilter,4,510.081,127.52025,510.081,127.52025,0.008129647347911759,0.3003320417640689,0.0,0.0
12,Device,Conv2DBackpropFilter,gradient_tape/model/conv2d_6/Conv2D/Conv2DBackpropFilter,4,507.68,126.92,507.68,126.92,0.008091380321140842,0.30842342208520973,0.0,0.0
13,Device,Conv2DBackpropFilter,gradient_tape/model/conv2d_5/Conv2D/Conv2DBackpropFilter,4,507.041,126.76025,507.041,126.76025,0.00808119596874325,0.31650461805395297,0.0,0.0
14,Device,Conv2DBackpropFilter,gradient_tape/model/conv2d_3/Conv2D/Conv2DBackpropFilter,4,506.209,126.55225,506.209,126.55225,0.008067935591286607,0.32457255364523957,0.0,0.0
15,Device,Conv2DBackpropFilter,gradient_tape/model/conv2d_1/Conv2D/Conv2DBackpropFilter,4,505.121,126.28025,505.121,126.28025,0.008050595097689456,0.33262314874292903,0.0,0.0
16,Device,Conv2DBackpropFilter,gradient_tape/model/conv2d_2/Conv2D/Conv2DBackpropFilter,4,503.328,125.832,503.328,125.832,0.00802201834675224,0.3406451670896813,0.0,0.0
17,Device,MaxPoolGrad,gradient_tape/model/max_pooling2d/MaxPool/MaxPoolGrad,2,456.736,228.368,456.736,228.368,0.007279437209180159,0.34792460429886146,0.0,0.0
18,Device,ReluGrad,gradient_tape/model/activation/ReluGrad,2,430.241,215.1205,430.241,215.1205,0.006857161126591469,0.3547817654254529,0.0,0.0
19,Device,FusedBatchNormV3,model/batch_normalization/FusedBatchNormV3,4,427.904,106.976,427.904,106.976,0.006819914128855678,0.3616016795543086,0.0,0.0
20,Device,Conv2DBackpropFilter,gradient_tape/model/conv2d_7/Conv2D/Conv2DBackpropFilter,4,410.848,102.712,410.848,102.712,0.00654807639099447,0.3681497559453031,0.0,0.0
21,Device,Conv2DBackpropInput,gradient_tape/model/conv2d_7/Conv2D/Conv2DBackpropInput,2,395.457,197.7285,395.457,197.7285,0.006302775346000224,0.3744525312913033,0.0,0.0
22,Device,Conv2DBackpropInput,gradient_tape/model/conv2d_35/Conv2D/Conv2DBackpropInput,4,380.896,95.224,380.896,95.224,0.006070702802555276,0.3805232340938586,0.0,0.0
23,Device,Conv2DBackpropInput,gradient_tape/model/conv2d_34/Conv2D/Conv2DBackpropInput,4,377.76,94.44,377.76,94.44,0.006020721379834077,0.38654395547369264,0.0,0.0
24,Device,Conv2DBackpropInput,gradient_tape/model/conv2d_30/Conv2D/Conv2DBackpropInput,4,377.44,94.36,377.44,94.36,0.006015621234658445,0.39255957670835107,0.0,0.0
25,Device,Conv2D,model/conv2d_34/Conv2D,4,375.872,93.968,375.872,93.968,0.005990630523297846,0.3985502072316489,0.0,0.0
26,Device,Conv2D,model/conv2d_30/Conv2D,4,375.744,93.936,375.744,93.936,0.005988590465227594,0.4045387976968765,0.0,0.0
27,Device,Conv2D,model/conv2d_35/Conv2D,4,375.488,93.872,375.488,93.872,0.005984510349087087,0.4105233080459636,0.0,0.0
28,Device,Conv2DBackpropInput,gradient_tape/model/conv2d_32/Conv2D/Conv2DBackpropInput,4,375.296,93.824,375.296,93.824,0.005981450261981707,0.4165047583079453,0.0,0.0
29,Device,Conv2D,model/conv2d_32/Conv2D,4,373.761,93.44025,373.761,93.44025,0.005956985503092346,0.4224617438110377,0.0,0.0
30,Device,Conv2DBackpropInput,gradient_tape/model/conv2d_33/Conv2D/Conv2DBackpropInput,4,373.473,93.36825,373.473,93.36825,0.005952395372434277,0.42841413918347193,0.0,0.0
31,Device,Conv2D,model/conv2d_33/Conv2D,4,371.04,92.76,371.04,92.76,0.005913618331145796,0.4343277575146177,0.0,0.0
32,Device,Conv2DBackpropInput,gradient_tape/model/conv2d_29/Conv2D/Conv2DBackpropInput,2,360.704,180.352,360.704,180.352,0.005748883641972869,0.44007664115659056,0.0,0.0
33,Device,Conv2DBackpropInput,gradient_tape/model/conv2d_16/Conv2D/Conv2DBackpropInput,2,311.904,155.952,311.904,155.952,0.004971111502688924,0.4450477526592795,0.0,0.0
34,Device,Conv2DBackpropFilter,gradient_tape/model/conv2d_14/Conv2D/Conv2DBackpropFilter,2,309.312,154.656,309.312,154.656,0.004929800326766301,0.4499775529860458,0.0,0.0
35,Device,Conv2DBackpropFilter,gradient_tape/model/conv2d_13/Conv2D/Conv2DBackpropFilter,2,308.097,154.0485,308.097,154.0485,0.004910435713052572,0.45488798869909836,0.0,0.0
36,Device,Conv2DBackpropFilter,gradient_tape/model/conv2d_10/Conv2D/Conv2DBackpropFilter,2,307.904,153.952,307.904,153.952,0.004907359687993519,0.45979534838709185,0.0,0.0
37,Device,Conv2DBackpropFilter,gradient_tape/model/conv2d_11/Conv2D/Conv2DBackpropFilter,2,307.52,153.76,307.52,153.76,0.004901239513782759,0.4646965879008746,0.0,0.0
38,Device,Conv2DBackpropFilter,gradient_tape/model/conv2d_12/Conv2D/Conv2DBackpropFilter,2,307.52,153.76,307.52,153.76,0.004901239513782759,0.46959782741465733,0.0,0.0
39,Device,Conv2DBackpropFilter,gradient_tape/model/conv2d_15/Conv2D/Conv2DBackpropFilter,2,305.216,152.608,305.216,152.608,0.004864518468518207,0.47446234588317554,0.0,0.0
40,Device,Conv2DBackpropFilter,gradient_tape/model/conv2d_8/Conv2D/Conv2DBackpropFilter,2,298.784,149.392,298.784,149.392,0.004762005550487994,0.47922435143366354,0.0,0.0
41,Device,BiasAdd,model/conv2d/BiasAdd,2,297.632,148.816,297.632,148.816,0.004743645027855718,0.4839679964615193,0.0,0.0
42,Device,Conv2DBackpropFilter,gradient_tape/model/conv2d_16/Conv2D/Conv2DBackpropFilter,4,287.136,71.784,287.136,71.784,0.004576360266094975,0.48854435672761426,0.0,0.0
43,Device,Conv2DBackpropFilter,gradient_tape/model/conv2d_25/Conv2D/Conv2DBackpropFilter,2,285.025,142.5125,285.025,142.5125,0.004542715245889474,0.4930870719735037,0.0,0.0
44,Device,Conv2DBackpropFilter,gradient_tape/model/conv2d_24/Conv2D/Conv2DBackpropFilter,2,284.736,142.368,284.736,142.368,0.004538109177277731,0.4976251811507814,0.0,0.0
45,Device,Conv2DBackpropFilter,gradient_tape/model/conv2d_20/Conv2D/Conv2DBackpropFilter,2,282.432,141.216,282.432,141.216,0.004501388132013178,0.5021265692827946,0.0,0.0
46,Device,Conv2DBackpropFilter,gradient_tape/model/conv2d_26/Conv2D/Conv2DBackpropFilter,2,282.208,141.104,282.208,141.104,0.004497818030390235,0.5066243873131849,0.0,0.0
47,Device,Conv2D,model/conv2d_7/Conv2D,4,281.761,70.44025,281.761,70.44025,0.0044906937650980245,0.511115081078283,0.0,0.0
48,Device,Conv2DBackpropFilter,gradient_tape/model/conv2d_22/Conv2D/Conv2DBackpropFilter,2,281.28,140.64,281.28,140.64,0.0044830276093809004,0.5155981086876639,0.0,0.0
49,Device,Conv2DBackpropFilter,gradient_tape/model/conv2d_21/Conv2D/Conv2DBackpropFilter,2,281.121,140.5605,281.121,140.5605,0.004480493474746759,0.5200786021624106,0.0,0.0
50,Device,Relu,model/activation/Relu,2,281.056,140.528,281.056,140.528,0.004479457507757958,0.5245580596701686,0.0,0.0
51,Device,Conv2DBackpropFilter,gradient_tape/model/conv2d_19/Conv2D/Conv2DBackpropFilter,2,280.928,140.464,280.928,140.464,0.0044774174496877055,0.5290354771198562,0.0,0.0
52,Device,Conv2DBackpropFilter,gradient_tape/model/conv2d_27/Conv2D/Conv2DBackpropFilter,2,280.896,140.448,280.896,140.448,0.0044769074351701426,0.5335123845550264,0.0,0.0
53,Device,Conv2DBackpropFilter,gradient_tape/model/conv2d_28/Conv2D/Conv2DBackpropFilter,2,280.737,140.3685,280.737,140.3685,0.004474373300536,0.5379867578555624,0.0,0.0
54,Device,Conv2DBackpropFilter,gradient_tape/model/conv2d_23/Conv2D/Conv2DBackpropFilter,2,280.032,140.016,280.032,140.016,0.0044631370431959345,0.5424498948987583,0.0,0.0
55,Device,Conv2DBackpropFilter,gradient_tape/model/conv2d_17/Conv2D/Conv2DBackpropFilter,2,277.504,138.752,277.504,138.752,0.004422845896308439,0.5468727407950668,0.0,0.0
56,Device,Conv2D,model/conv2d_29/Conv2D,4,267.712,66.928,267.712,66.928,0.004266781453934086,0.5511395222490009,0.0,0.0
57,Device,Conv2DBackpropInput,gradient_tape/model/conv2d_1/Conv2D/Conv2DBackpropInput,2,265.856,132.928,265.856,132.928,0.0042372006119154185,0.5553767228609163,0.0,0.0
58,Device,Conv2DBackpropInput,gradient_tape/model/conv2d_5/Conv2D/Conv2DBackpropInput,2,265.856,132.928,265.856,132.928,0.0042372006119154185,0.5596139234728318,0.0,0.0
59,Device,Conv2DBackpropInput,gradient_tape/model/conv2d_6/Conv2D/Conv2DBackpropInput,2,265.472,132.736,265.472,132.736,0.004231080437704659,0.5638450039105365,0.0,0.0
60,Device,Conv2DBackpropInput,gradient_tape/model/conv2d_3/Conv2D/Conv2DBackpropInput,2,265.248,132.624,265.248,132.624,0.004227510336081717,0.5680725142466182,0.0,0.0
61,Device,Conv2DBackpropInput,gradient_tape/model/conv2d_4/Conv2D/Conv2DBackpropInput,2,264.8,132.4,264.8,132.4,0.004220370132835831,0.572292884379454,0.0,0.0
62,Device,Conv2DBackpropInput,gradient_tape/model/conv2d_2/Conv2D/Conv2DBackpropInput,2,264.705,132.3525,264.705,132.3525,0.004218856027236815,0.5765117404066908,0.0,0.0
63,Device,Conv2D,model/conv2d_1/Conv2D,2,264.705,132.3525,264.705,132.3525,0.004218856027236815,0.5807305964339277,0.0,0.0
64,Device,Conv2D,model/conv2d_4/Conv2D,2,263.136,131.568,263.136,131.568,0.0041938493779225434,0.5849244458118502,0.0,0.0
65,Device,Conv2D,model/conv2d_3/Conv2D,2,262.912,131.456,262.912,131.456,0.004190279276299599,0.5891147250881498,0.0,0.0
66,Device,Conv2D,model/conv2d_6/Conv2D,2,262.848,131.424,262.848,131.424,0.0041892592472644735,0.5933039843354142,0.0,0.0
67,Device,Conv2D,model/conv2d_5/Conv2D,2,262.752,131.376,262.752,131.376,0.004187729203711784,0.597491713539126,0.0,0.0
68,Device,Conv2D,model/conv2d_2/Conv2D,2,262.208,131.104,262.208,131.104,0.0041790589569132095,0.6016707724960392,0.0,0.0
69,Device,Conv2D,model/conv2d_16/Conv2D,4,252.513,63.12825,252.513,63.12825,0.00402454049604522,0.6056953129920843,0.0,0.0
70,Device,Conv2DBackpropFilter,gradient_tape/model/conv2d_29/Conv2D/Conv2DBackpropFilter,4,243.616,60.904,243.616,60.904,0.003882740522208965,0.6095780535142933,0.0,0.0
71,Device,Conv2DBackpropInput,gradient_tape/model/conv2d_8/Conv2D/Conv2DBackpropInput,4,212.256,53.064,212.256,53.064,0.003382926294996987,0.6129609798092903,0.0,0.0
72,Device,Conv2D,model/conv2d_17/Conv2D,4,204.448,51.112,204.448,51.112,0.0032584827527115563,0.6162194625620019,0.0,0.0
73,Device,Conv2DBackpropInput,gradient_tape/model/conv2d_10/Conv2D/Conv2DBackpropInput,4,203.712,50.928,203.712,50.928,0.0032467524188076013,0.6194662149808094,0.0,0.0
74,Device,Conv2DBackpropInput,gradient_tape/model/conv2d_12/Conv2D/Conv2DBackpropInput,4,203.328,50.832,203.328,50.832,0.0032406322445968426,0.6227068472254063,0.0,0.0
75,Device,Conv2D,model/conv2d_22/Conv2D,4,203.136,50.784,203.136,50.784,0.003237572157491463,0.6259444193828977,0.0,0.0
76,Device,Conv2DBackpropInput,gradient_tape/model/conv2d_13/Conv2D/Conv2DBackpropInput,4,202.752,50.688,202.752,50.688,0.0032314519832807045,0.6291758713661784,0.0,0.0
77,Device,Conv2DBackpropInput,gradient_tape/model/conv2d_11/Conv2D/Conv2DBackpropInput,4,202.72,50.68,202.72,50.68,0.003230941968763141,0.6324068133349415,0.0,0.0
78,Device,Conv2DBackpropInput,gradient_tape/model/conv2d_22/Conv2D/Conv2DBackpropInput,4,202.624,50.656,202.624,50.656,0.003229411925210451,0.635636225260152,0.0,0.0
79,Device,Conv2D,model/conv2d_20/Conv2D,4,202.56,50.64,202.56,50.64,0.0032283918961753246,0.6388646171563273,0.0,0.0
80,Device,Conv2DBackpropInput,gradient_tape/model/conv2d_19/Conv2D/Conv2DBackpropInput,4,202.368,50.592,202.368,50.592,0.0032253318090699453,0.6420899489653972,0.0,0.0
81,Device,Conv2DBackpropInput,gradient_tape/model/conv2d_20/Conv2D/Conv2DBackpropInput,4,202.368,50.592,202.368,50.592,0.0032253318090699453,0.6453152807744671,0.0,0.0
82,Device,Conv2D,model/conv2d_28/Conv2D,4,202.336,50.584,202.336,50.584,0.0032248217945523823,0.6485401025690195,0.0,0.0
83,Device,Conv2DBackpropInput,gradient_tape/model/conv2d_27/Conv2D/Conv2DBackpropInput,4,202.304,50.576,202.304,50.576,0.003224311780034819,0.6517644143490543,0.0,0.0
84,Device,Conv2DBackpropInput,gradient_tape/model/conv2d_14/Conv2D/Conv2DBackpropInput,4,202.177,50.54425,202.177,50.54425,0.0032222876599182397,0.6549867020089726,0.0,0.0
85,Device,Conv2DBackpropInput,gradient_tape/model/conv2d_23/Conv2D/Conv2DBackpropInput,4,202.144,50.536,202.144,50.536,0.0032217617074470025,0.6582084637164196,0.0,0.0
86,Device,Conv2DBackpropInput,gradient_tape/model/conv2d_28/Conv2D/Conv2DBackpropInput,4,202.048,50.512,202.048,50.512,0.003220231663894313,0.6614286953803139,0.0,0.0
87,Device,Conv2DBackpropInput,gradient_tape/model/conv2d_26/Conv2D/Conv2DBackpropInput,4,201.952,50.488,201.952,50.488,0.003218701620341623,0.6646473970006556,0.0,0.0
88,Device,Conv2D,model/conv2d_21/Conv2D,4,201.824,50.456,201.824,50.456,0.0032166615622713705,0.667864058562927,0.0,0.0
89,Device,Conv2D,model/conv2d_19/Conv2D,4,201.792,50.448,201.792,50.448,0.003216151547753807,0.6710802101106808,0.0,0.0
90,Device,Conv2D,model/conv2d_26/Conv2D,4,201.664,50.416,201.664,50.416,0.0032141114896835537,0.6742943216003643,0.0,0.0
91,Device,Conv2DBackpropInput,gradient_tape/model/conv2d_24/Conv2D/Conv2DBackpropInput,4,201.504,50.376,201.504,50.376,0.0032115614170957377,0.6775058830174601,0.0,0.0
92,Device,Conv2DBackpropInput,gradient_tape/model/conv2d_17/Conv2D/Conv2DBackpropInput,4,201.473,50.36825,201.473,50.36825,0.0032110673405318486,0.680716950357992,0.0,0.0
93,Device,Conv2D,model/conv2d_27/Conv2D,4,201.313,50.32825,201.313,50.32825,0.003208517267944032,0.683925467625936,0.0,0.0
94,Device,Conv2DBackpropInput,gradient_tape/model/conv2d_15/Conv2D/Conv2DBackpropInput,4,201.28,50.32,201.28,50.32,0.003207991315472795,0.6871334589414088,0.0,0.0
95,Device,Conv2DBackpropInput,gradient_tape/model/conv2d_21/Conv2D/Conv2DBackpropInput,4,201.249,50.31225,201.249,50.31225,0.0032074972389089054,0.6903409561803177,0.0,0.0
96,Device,Conv2DBackpropInput,gradient_tape/model/conv2d_25/Conv2D/Conv2DBackpropInput,4,200.992,50.248,200.992,50.248,0.003203401184814726,0.6935443573651324,0.0,0.0
97,Device,Conv2D,model/conv2d_25/Conv2D,4,200.96,50.24,200.96,50.24,0.003202891170297163,0.6967472485354296,0.0,0.0
98,Device,Conv2D,model/conv2d_23/Conv2D,4,200.864,50.216,200.864,50.216,0.0032013611267444728,0.6999486096621741,0.0,0.0
99,Device,Conv2D,model/conv2d_24/Conv2D,4,200.544,50.136,200.544,50.136,0.0031962609815688408,0.703144870643743,0.0,0.0
100,Device,FusedBatchNormGradV3,gradient_tape/model/batch_normalization_6/FusedBatchNormGradV3,2,188.8,94.4,188.8,94.4,0.0030090856536231308,0.7061539562973661,0.0,0.0
101,Device,FusedBatchNormGradV3,gradient_tape/model/batch_normalization_5/FusedBatchNormGradV3,2,187.968,93.984,187.968,93.984,0.002995825276166486,0.7091497815735326,0.0,0.0
102,Device,FusedBatchNormGradV3,gradient_tape/model/batch_normalization_3/FusedBatchNormGradV3,2,187.136,93.568,187.136,93.568,0.002982564898709842,0.7121323464722424,0.0,0.0
103,Device,FusedBatchNormGradV3,gradient_tape/model/batch_normalization_2/FusedBatchNormGradV3,2,187.04,93.52,187.04,93.52,0.002981034855157152,0.7151133813273995,0.0,0.0
104,Device,FusedBatchNormGradV3,gradient_tape/model/batch_normalization_1/FusedBatchNormGradV3,2,186.88,93.44,186.88,93.44,0.0029784847825693357,0.7180918661099689,0.0,0.0
105,Device,FusedBatchNormGradV3,gradient_tape/model/batch_normalization_4/FusedBatchNormGradV3,2,186.496,93.248,186.496,93.248,0.002972364608358577,0.7210642307183275,0.0,0.0
106,Device,MaxPool,model/max_pooling2d/MaxPool,2,180.064,90.032,180.064,90.032,0.0028698516903283653,0.7239340824086559,0.0,0.0
107,Device,Conv2D,model/conv2d_11/Conv2D,4,176.576,44.144,176.576,44.144,0.002814260107913972,0.7267483425165698,0.0,0.0
108,Device,Conv2D,model/conv2d_12/Conv2D,4,176.0,44.0,176.0,44.0,0.0028050798465978333,0.7295534223631677,0.0,0.0
109,Device,Conv2D,model/conv2d_13/Conv2D,4,175.808,43.952,175.808,43.952,0.002802019759492454,0.7323554421226601,0.0,0.0
110,Device,Conv2D,model/conv2d_10/Conv2D,4,175.776,43.944,175.776,43.944,0.002801509744974891,0.735156951867635,0.0,0.0
111,Device,Conv2D,model/conv2d_14/Conv2D,4,175.712,43.928,175.712,43.928,0.0028004897159397643,0.7379574415835747,0.0,0.0
112,Device,Conv2D,model/conv2d_15/Conv2D,4,175.04,43.76,175.04,43.76,0.002789779411070936,0.7407472209946456,0.0,0.0
113,Device,Conv2D,model/conv2d_8/Conv2D,4,174.464,43.616,174.464,43.616,0.002780599149754798,0.7435278201444004,0.0,0.0
114,Device,BiasAddGrad,gradient_tape/model/conv2d/BiasAdd/BiasAddGrad,2,144.384,72.192,144.384,72.192,0.0023011855032453498,0.7458290056476458,0.0,0.0
115,Device,SoftmaxCrossEntropyWithLogits,categorical_crossentropy/softmax_cross_entropy_with_logits,2,130.464,65.232,130.464,65.232,0.0020793291881053395,0.7479083348357511,0.0,0.0
116,Device,Conv2DBackpropInput,gradient_tape/model/conv2d_9/Conv2D/Conv2DBackpropInput,2,124.544,62.272,124.544,62.272,0.0019849765023561396,0.7498933113381073,0.0,0.0
117,Device,ResourceApplyGradientDescent,SGD/SGD/update_134/ResourceApplyGradientDescent,2,123.746,61.873,123.746,61.873,0.001972258015324406,0.7518655693534317,0.0,0.0
118,Device,ResourceApplyGradientDescent,SGD/SGD/update_130/ResourceApplyGradientDescent,2,123.424,61.712,123.424,61.712,0.0019671259942414263,0.7538326953476732,0.0,0.0
119,Device,ResourceApplyGradientDescent,SGD/SGD/update_118/ResourceApplyGradientDescent,2,123.296,61.648,123.296,61.648,0.0019650859361711732,0.7557977812838443,0.0,0.0
120,Device,ResourceApplyGradientDescent,SGD/SGD/update_126/ResourceApplyGradientDescent,2,123.072,61.536,123.072,61.536,0.0019615158345482305,0.7577592971183925,0.0,0.0
121,Device,AddN,SGD/gradients/AddN_47,2,122.944,61.472,122.944,61.472,0.0019594757764779774,0.7597187728948704,0.0,0.0
122,Device,ResourceApplyGradientDescent,SGD/SGD/update_122/ResourceApplyGradientDescent,2,122.656,61.328,122.656,61.328,0.0019548856458199084,0.7616736585406904,0.0,0.0
123,Device,Mul,gradient_tape/conv2d_35/kernel/Regularizer/Mul_1,2,120.576,60.288,120.576,60.288,0.0019217347021782975,0.7635953932428686,0.0,0.0
124,Device,Mul,gradient_tape/conv2d_32/kernel/Regularizer/Mul_1,2,120.384,60.192,120.384,60.192,0.0019186746150729181,0.7655140678579415,0.0,0.0
125,Device,Mul,gradient_tape/conv2d_34/kernel/Regularizer/Mul_1,2,120.288,60.144,120.288,60.144,0.0019171445715202282,0.7674312124294618,0.0,0.0
126,Device,AddN,SGD/gradients/AddN_51,2,120.128,60.064,120.128,60.064,0.0019145944989324122,0.7693458069283942,0.0,0.0
127,Device,Mul,gradient_tape/conv2d_33/kernel/Regularizer/Mul_1,2,119.936,59.968,119.936,59.968,0.0019115344118270329,0.7712573413402212,0.0,0.0
128,Device,AddN,SGD/gradients/AddN_49,2,118.72,59.36,118.72,59.36,0.0018921538601596294,0.7731494952003808,0.0,0.0
129,Device,AddN,SGD/gradients/AddN_50,2,118.144,59.072,118.144,59.072,0.0018829735988434913,0.7750324687992243,0.0,0.0
130,Device,AddN,SGD/gradients/AddN_48,2,117.696,58.848,117.696,58.848,0.0018758333955976058,0.7769083021948219,0.0,0.0
131,Device,Conv2DBackpropFilter,gradient_tape/model/conv2d_9/Conv2D/Conv2DBackpropFilter,2,116.288,58.144,116.288,58.144,0.001853392756824823,0.7787616949516467,0.0,0.0
132,Device,FusedBatchNormV3,model/batch_normalization_1/FusedBatchNormV3,4,116.064,29.016,116.064,29.016,0.0018498226552018803,0.7806115176068485,0.0,0.0
133,Device,Mul,gradient_tape/conv2d_30/kernel/Regularizer/Mul_1,2,115.904,57.952,115.904,57.952,0.001847272582614064,0.7824587901894626,0.0,0.0
134,Device,FusedBatchNormV3,model/batch_normalization_6/FusedBatchNormV3,4,114.688,28.672,114.688,28.672,0.001827892030946661,0.7842866822204093,0.0,0.0
135,Device,FusedBatchNormV3,model/batch_normalization_4/FusedBatchNormV3,4,114.624,28.656,114.624,28.656,0.0018268720019115343,0.7861135542223209,0.0,0.0
136,Device,FusedBatchNormV3,model/batch_normalization_2/FusedBatchNormV3,4,114.433,28.60825,114.433,28.60825,0.001823827852759829,0.7879373820750807,0.0,0.0
137,Device,FusedBatchNormV3,model/batch_normalization_5/FusedBatchNormV3,4,114.4,28.6,114.4,28.6,0.0018233019002885918,0.7897606839753692,0.0,0.0
138,Device,FusedBatchNormV3,model/batch_normalization_3/FusedBatchNormV3,4,113.12,28.28,113.12,28.28,0.0018029013195860622,0.7915635852949553,0.0,0.0
139,Device,ReluGrad,gradient_tape/model/activation_6/ReluGrad,2,109.792,54.896,109.792,54.896,0.0017498598097594848,0.7933134451047148,0.0,0.0
140,Device,AddV2,model/add_2/add,2,108.32,54.16,108.32,54.16,0.0017263991419515757,0.7950398442466664,0.0,0.0
141,Device,AddV2,model/add/add,2,108.096,54.048,108.096,54.048,0.0017228290403286332,0.796762673286995,0.0,0.0
142,Device,AddV2,model/add_1/add,2,107.168,53.584,107.168,53.584,0.001708038619319299,0.7984707119063144,0.0,0.0
143,Device,Conv2DBackpropInput,gradient_tape/model/conv2d_31/Conv2D/Conv2DBackpropInput,4,106.24,26.56,106.24,26.56,0.0016932481983099649,0.8001639601046243,0.0,0.0
144,Device,AddN,SGD/gradients/AddN_13,2,106.144,53.072,106.144,53.072,0.0016917181547572754,0.8018556782593816,0.0,0.0
145,Device,AddN,SGD/gradients/AddN_12,2,105.185,52.5925,105.185,52.5925,0.001676433657184052,0.8035321119165657,0.0,0.0
146,Device,AddN,SGD/gradients/AddN_14,2,104.288,52.144,104.288,52.144,0.001662137312738607,0.8051942492293043,0.0,0.0
147,Device,ReluGrad,gradient_tape/model/activation_2/ReluGrad,2,101.696,50.848,101.696,50.848,0.0016208261368159844,0.8068150753661203,0.0,0.0
148,Device,ReluGrad,gradient_tape/model/activation_5/ReluGrad,2,101.024,50.512,101.024,50.512,0.0016101158319471564,0.8084251911980674,0.0,0.0
149,Device,ReluGrad,gradient_tape/model/activation_3/ReluGrad,2,100.608,50.304,100.608,50.304,0.0016034856432188343,0.8100286768412863,0.0,0.0
150,Device,ReluGrad,gradient_tape/model/activation_4/ReluGrad,2,100.384,50.192,100.384,50.192,0.0015999155415958915,0.8116285923828822,0.0,0.0
151,Device,ReluGrad,gradient_tape/model/activation_1/ReluGrad,2,96.64,48.32,96.64,48.32,0.0015402438430409922,0.8131688362259232,0.0,0.0
152,Device,AddN,SGD/gradients/AddN_15,2,95.008,47.504,95.008,47.504,0.0015142331026452669,0.8146830693285685,0.0,0.0
153,Device,Conv2DBackpropFilter,gradient_tape/model/conv2d_31/Conv2D/Conv2DBackpropFilter,4,92.0,23.0,92.0,23.0,0.0014662917379943221,0.8161493610665628,0.0,0.0
154,Device,Conv2DBackpropInput,gradient_tape/model/conv2d_18/Conv2D/Conv2DBackpropInput,2,87.744,43.872,87.744,43.872,0.0013984598071584108,0.8175478208737211,0.0,0.0
155,Device,Square,conv2d_35/kernel/Regularizer/Square,2,81.952,40.976,81.952,40.976,0.001306147179479464,0.8188539680532005,0.0,0.0
156,Device,Square,conv2d_34/kernel/Regularizer/Square,2,81.857,40.9285,81.857,40.9285,0.0013046330738804481,0.8201586011270809,0.0,0.0
157,Device,Square,conv2d_32/kernel/Regularizer/Square,2,81.792,40.896,81.792,40.896,0.0013035971068916477,0.8214621982339726,0.0,0.0
158,Device,Square,conv2d_30/kernel/Regularizer/Square,2,80.512,40.256,80.512,40.256,0.001283196526189118,0.8227453947601617,0.0,0.0
159,Device,FusedBatchNormGradV3,gradient_tape/model/batch_normalization_14/FusedBatchNormGradV3,2,80.48,40.24,80.48,40.24,0.0012826865116715548,0.8240280812718332,0.0,0.0
160,Device,Square,conv2d_33/kernel/Regularizer/Square,2,80.288,40.144,80.288,40.144,0.0012796264245661753,0.8253077076963994,0.0,0.0
161,Device,FusedBatchNormGradV3,gradient_tape/model/batch_normalization_7/FusedBatchNormGradV3,2,79.36,39.68,79.36,39.68,0.0012648360035568413,0.8265725436999563,0.0,0.0
162,Device,FusedBatchNormGradV3,gradient_tape/model/batch_normalization_11/FusedBatchNormGradV3,2,78.976,39.488,78.976,39.488,0.0012587158293460824,0.8278312595293024,0.0,0.0
163,Device,FusedBatchNormGradV3,gradient_tape/model/batch_normalization_12/FusedBatchNormGradV3,2,78.688,39.344,78.688,39.344,0.0012541256986880133,0.8290853852279904,0.0,0.0
164,Device,FusedBatchNormGradV3,gradient_tape/model/batch_normalization_9/FusedBatchNormGradV3,2,78.528,39.264,78.528,39.264,0.001251575626100197,0.8303369608540906,0.0,0.0
165,Device,FusedBatchNormGradV3,gradient_tape/model/batch_normalization_13/FusedBatchNormGradV3,2,78.432,39.216,78.432,39.216,0.0012500455825475074,0.8315870064366381,0.0,0.0
166,Device,FusedBatchNormGradV3,gradient_tape/model/batch_normalization_8/FusedBatchNormGradV3,2,78.336,39.168,78.336,39.168,0.0012485155389948175,0.8328355219756329,0.0,0.0
167,Device,Mul,gradient_tape/conv2d_30/kernel/Regularizer/Mul,2,77.984,38.992,77.984,38.992,0.0012429053793016217,0.8340784273549345,0.0,0.0
168,Device,FusedBatchNormGradV3,gradient_tape/model/batch_normalization_10/FusedBatchNormGradV3,2,77.536,38.768,77.536,38.768,0.0012357651760557364,0.8353141925309903,0.0,0.0
169,Device,Tile,gradient_tape/conv2d_30/kernel/Regularizer/Tile,2,76.672,38.336,76.672,38.336,0.0012219947840815288,0.8365361873150718,0.0,0.0
170,Device,Relu,model/activation_1/Relu,2,73.696,36.848,73.696,36.848,0.0011745634339481474,0.83771075074902,0.0,0.0
171,Device,Relu,model/activation_3/Relu,2,73.696,36.848,73.696,36.848,0.0011745634339481474,0.8388853141829682,0.0,0.0
172,Device,Relu,model/activation_6/Relu,2,73.504,36.752,73.504,36.752,0.001171503346842768,0.840056817529811,0.0,0.0
173,Device,Relu,model/activation_4/Relu,2,72.544,36.272,72.544,36.272,0.0011562029113158707,0.8412130204411269,0.0,0.0
174,Device,Relu,model/activation_5/Relu,2,72.385,36.1925,72.385,36.1925,0.0011536687766817283,0.8423666892178087,0.0,0.0
175,Device,Relu,model/activation_2/Relu,2,72.288,36.144,72.288,36.144,0.0011521227951753646,0.8435188120129841,0.0,0.0
176,Device,Transpose,gradient_tape/model/conv2d/Conv2D/Conv2DBackpropFilter-0-TransposeNHWCToNCHW-LayoutOptimizer,2,71.424,35.712,71.424,35.712,0.0011383524032011572,0.8446571644161852,0.0,0.0
177,Device,Conv2DBackpropFilter,gradient_tape/model/conv2d_18/Conv2D/Conv2DBackpropFilter,2,69.536,34.768,69.536,34.768,0.001108261546664926,0.8457654259628501,0.0,0.0
178,Device,BiasAdd,model/conv2d_1/BiasAdd,2,68.128,34.064,68.128,34.064,0.0010858209078921431,0.8468512468707422,0.0,0.0
179,Device,BiasAdd,model/conv2d_4/BiasAdd,2,67.84,33.92,67.84,33.92,0.001081230777234074,0.8479324776479763,0.0,0.0
180,Device,BiasAdd,model/conv2d_5/BiasAdd,2,67.52,33.76,67.52,33.76,0.0010761306320584414,0.8490086082800348,0.0,0.0
181,Device,BiasAdd,model/conv2d_2/BiasAdd,2,67.424,33.712,67.424,33.712,0.001074600588505752,0.8500832088685405,0.0,0.0
182,Device,BiasAdd,model/conv2d_6/BiasAdd,2,67.424,33.712,67.424,33.712,0.001074600588505752,0.8511578094570462,0.0,0.0
183,Device,BiasAdd,model/conv2d_3/BiasAdd,2,67.328,33.664,67.328,33.664,0.0010730705449530622,0.8522308800019993,0.0,0.0
184,Device,ResourceApplyGradientDescent,SGD/SGD/update_112/ResourceApplyGradientDescent,2,65.025,32.5125,65.025,32.5125,0.0010363654376421825,0.8532672454396415,0.0,0.0
185,Device,Conv2D,model/conv2d_31/Conv2D,2,64.704,32.352,64.704,32.352,0.0010312493545128762,0.8542984947941544,0.0,0.0
186,Device,AddN,SGD/gradients/AddN_45,2,63.456,31.728,63.456,31.728,0.0010113587883279099,0.8553098535824823,0.0,0.0
187,Device,Conv2D,model/conv2d_18/Conv2D,2,63.04,31.52,63.04,31.52,0.0010047285995995875,0.8563145821820819,0.0,0.0
188,Device,Mul,gradient_tape/conv2d_29/kernel/Regularizer/Mul_1,2,62.592,31.296,62.592,31.296,0.0009975883963537022,0.8573121705784356,0.0,0.0
189,Device,ReluGrad,gradient_tape/model/activation_7/ReluGrad,2,59.04,29.52,59.04,29.52,0.0009409767849041823,0.8582531473633398,0.0,0.0
190,Device,BiasAddGrad,gradient_tape/model/conv2d_2/BiasAdd/BiasAddGrad,2,55.424,27.712,55.424,27.712,0.0008833451444195359,0.8591364925077594,0.0,0.0
191,Device,BiasAddGrad,gradient_tape/model/conv2d_6/BiasAdd/BiasAddGrad,2,55.36,27.68,55.36,27.68,0.0008823251153844095,0.8600188176231438,0.0,0.0
192,Device,BiasAddGrad,gradient_tape/model/conv2d_4/BiasAdd/BiasAddGrad,2,55.2,27.6,55.2,27.6,0.0008797750427965933,0.8608985926659404,0.0,0.0
193,Device,Conv2D,model/conv2d_9/Conv2D,2,55.168,27.584,55.168,27.584,0.00087926502827903,0.8617778576942194,0.0,0.0
194,Device,BiasAddGrad,gradient_tape/model/conv2d_3/BiasAdd/BiasAddGrad,2,55.104,27.552,55.104,27.552,0.0008782449992439035,0.8626561026934634,0.0,0.0
195,Device,BiasAddGrad,gradient_tape/model/conv2d_1/BiasAdd/BiasAddGrad,2,55.04,27.52,55.04,27.52,0.000877224970208777,0.8635333276636722,0.0,0.0
196,Device,BiasAddGrad,gradient_tape/model/conv2d_5/BiasAdd/BiasAddGrad,2,54.976,27.488,54.976,27.488,0.0008762049411736505,0.8644095326048459,0.0,0.0
197,Device,ReluGrad,gradient_tape/model/activation_14/ReluGrad,2,53.984,26.992,53.984,26.992,0.00086039449112919,0.865269927095975,0.0,0.0
198,Device,ReluGrad,gradient_tape/model/activation_13/ReluGrad,2,50.336,25.168,50.336,25.168,0.0008022528361269803,0.8660721799321021,0.0,0.0
199,Device,ReluGrad,gradient_tape/model/activation_9/ReluGrad,2,50.176,25.088,50.176,25.088,0.0007997027635391642,0.8668718826956412,0.0,0.0
200,Device,AddN,SGD/gradients/AddN_10,2,50.08,25.04,50.08,25.04,0.0007981727199864744,0.8676700554156277,0.0,0.0
201,Device,AddN,SGD/gradients/AddN_9,2,49.6,24.8,49.6,24.8,0.0007905225022230259,0.8684605779178507,0.0,0.0
202,Device,ReluGrad,gradient_tape/model/activation_8/ReluGrad,2,49.536,24.768,49.536,24.768,0.0007895024731878993,0.8692500803910386,0.0,0.0
203,Device,ReluGrad,gradient_tape/model/activation_12/ReluGrad,2,49.44,24.72,49.44,24.72,0.0007879724296352095,0.8700380528206738,0.0,0.0
204,Device,ReluGrad,gradient_tape/model/activation_10/ReluGrad,2,49.152,24.576,49.152,24.576,0.0007833822989771405,0.8708214351196509,0.0,0.0
205,Device,Sum,conv2d_34/kernel/Regularizer/Sum,2,49.12,24.56,49.12,24.56,0.0007828722844595771,0.8716043074041105,0.0,0.0
206,Device,Sum,conv2d_33/kernel/Regularizer/Sum,2,49.088,24.544,49.088,24.544,0.0007823622699420139,0.8723866696740525,0.0,0.0
207,Device,Sum,conv2d_35/kernel/Regularizer/Sum,2,49.056,24.528,49.056,24.528,0.0007818522554244507,0.873168521929477,0.0,0.0
208,Device,Sum,conv2d_30/kernel/Regularizer/Sum,2,49.024,24.512,49.024,24.512,0.0007813422409068874,0.8739498641703839,0.0,0.0
209,Device,AddN,SGD/gradients/AddN_11,2,48.992,24.496,48.992,24.496,0.0007808322263893241,0.8747306963967733,0.0,0.0
210,Device,Sum,conv2d_32/kernel/Regularizer/Sum,2,48.992,24.496,48.992,24.496,0.0007808322263893241,0.8755115286231626,0.0,0.0
211,Device,ReluGrad,gradient_tape/model/activation_11/ReluGrad,2,48.576,24.288,48.576,24.288,0.000774202037661002,0.8762857306608236,0.0,0.0
212,Device,AddN,SGD/gradients/AddN_8,2,44.288,22.144,44.288,22.144,0.0007058600923075275,0.8769915907531312,0.0,0.0
213,Device,Square,conv2d_29/kernel/Regularizer/Square,2,43.328,21.664,43.328,21.664,0.0006905596567806303,0.8776821504099118,0.0,0.0
214,Device,Tile,gradient_tape/conv2d_29/kernel/Regularizer/Tile,2,42.88,21.44,42.88,21.44,0.0006834194535347449,0.8783655698634466,0.0,0.0
215,Device,BiasAdd,model/conv2d_9/BiasAdd,2,40.96,20.48,40.96,20.48,0.0006528185824809504,0.8790183884459275,0.0,0.0
216,Device,FusedBatchNormV3,model/batch_normalization_7/FusedBatchNormV3,4,39.808,9.952,39.808,9.952,0.0006344580598486736,0.8796528465057761,0.0,0.0
217,Device,FusedBatchNormV3,model/batch_normalization_11/FusedBatchNormV3,4,39.52,9.88,39.52,9.88,0.0006298679291906044,0.8802827144349668,0.0,0.0
218,Device,FusedBatchNormV3,model/batch_normalization_13/FusedBatchNormV3,4,39.424,9.856,39.424,9.856,0.0006283378856379146,0.8809110523206046,0.0,0.0
219,Device,FusedBatchNormV3,model/batch_normalization_9/FusedBatchNormV3,4,39.392,9.848,39.392,9.848,0.0006278278711203515,0.881538880191725,0.0,0.0
220,Device,AddN,SGD/gradients/AddN_36,2,36.352,18.176,36.352,18.176,0.0005793764919518433,0.8821182566836768,0.0,0.0
221,Device,AddN,SGD/gradients/AddN_39,2,36.32,18.16,36.32,18.16,0.0005788664774342802,0.8826971231611112,0.0,0.0
222,Device,FusedBatchNormGradV3,gradient_tape/model/batch_normalization_26/FusedBatchNormGradV3,2,36.288,18.144,36.288,18.144,0.0005783564629167169,0.8832754796240279,0.0,0.0
223,Device,AddN,SGD/gradients/AddN_42,2,36.128,18.064,36.128,18.064,0.0005758063903289007,0.8838512860143568,0.0,0.0
224,Device,Mul,gradient_tape/conv2d_29/kernel/Regularizer/Mul,2,35.968,17.984,35.968,17.984,0.0005732563177410846,0.8844245423320979,0.0,0.0
225,Device,AddN,SGD/gradients/AddN_44,2,35.776,17.888,35.776,17.888,0.0005701962306357051,0.8849947385627336,0.0,0.0
226,Device,FusedBatchNormV3,model/batch_normalization_14/FusedBatchNormV3,4,35.776,8.944,35.776,8.944,0.0005701962306357051,0.8855649347933693,0.0,0.0
227,Device,AddN,SGD/gradients/AddN_38,2,35.52,17.76,35.52,17.76,0.0005661161144951992,0.8861310509078645,0.0,0.0
228,Device,AddN,SGD/gradients/AddN_37,2,35.424,17.712,35.424,17.712,0.0005645860709425094,0.886695636978807,0.0,0.0
229,Device,FusedBatchNormV3,model/batch_normalization_10/FusedBatchNormV3,4,35.424,8.856,35.424,8.856,0.0005645860709425094,0.8872602230497496,0.0,0.0
230,Device,FusedBatchNormV3,model/batch_normalization_8/FusedBatchNormV3,4,35.424,8.856,35.424,8.856,0.0005645860709425094,0.8878248091206922,0.0,0.0
231,Device,AddV2,model/add_3/add,2,35.392,17.696,35.392,17.696,0.0005640760564249461,0.8883888851771171,0.0,0.0
232,Device,Relu,model/activation_14/Relu,2,35.264,17.632,35.264,17.632,0.0005620359983546932,0.8889509211754718,0.0,0.0
233,Device,AddV2,model/add_4/add,2,35.2,17.6,35.2,17.6,0.0005610159693195668,0.8895119371447914,0.0,0.0
234,Device,AddN,SGD/gradients/AddN_35,2,34.944,17.472,34.944,17.472,0.0005569358531790608,0.8900688729979704,0.0,0.0
235,Device,ResourceApplyGradientDescent,SGD/SGD/update_68/ResourceApplyGradientDescent,2,34.752,17.376,34.752,17.376,0.0005538757660736814,0.8906227487640441,0.0,0.0
236,Device,AddV2,model/add_6/add,2,34.624,17.312,34.624,17.312,0.0005518357080034283,0.8911745844720476,0.0,0.0
237,Device,AddN,SGD/gradients/AddN_43,2,34.592,17.296,34.592,17.296,0.0005513256934858651,0.8917259101655334,0.0,0.0
238,Device,FusedBatchNormV3,model/batch_normalization_12/FusedBatchNormV3,4,34.528,8.632,34.528,8.632,0.0005503056644507386,0.8922762158299841,0.0,0.0
239,Device,FusedBatchNormGradV3,gradient_tape/model/batch_normalization_23/FusedBatchNormGradV3,2,34.432,17.216,34.432,17.216,0.000548775620898049,0.8928249914508821,0.0,0.0
240,Device,ResourceApplyGradientDescent,SGD/SGD/update_92/ResourceApplyGradientDescent,2,34.368,17.184,34.368,17.184,0.0005477555918629224,0.893372747042745,0.0,0.0
241,Device,FusedBatchNormGradV3,gradient_tape/model/batch_normalization_19/FusedBatchNormGradV3,2,34.304,17.152,34.304,17.152,0.000546735562827796,0.8939194826055729,0.0,0.0
242,Device,FusedBatchNormGradV3,gradient_tape/model/batch_normalization_18/FusedBatchNormGradV3,2,34.24,17.12,34.24,17.12,0.0005457155337926695,0.8944651981393655,0.0,0.0
243,Device,AddN,SGD/gradients/AddN_40,2,34.112,17.056,34.112,17.056,0.0005436754757224165,0.895008873615088,0.0,0.0
244,Device,FusedBatchNormGradV3,gradient_tape/model/batch_normalization_15/FusedBatchNormGradV3,2,34.08,17.04,34.08,17.04,0.0005431654612048531,0.8955520390762928,0.0,0.0
245,Device,FusedBatchNormGradV3,gradient_tape/model/batch_normalization_22/FusedBatchNormGradV3,2,34.016,17.008,34.016,17.008,0.0005421454321697267,0.8960941845084625,0.0,0.0
246,Device,FusedBatchNormGradV3,gradient_tape/model/batch_normalization_24/FusedBatchNormGradV3,2,34.016,17.008,34.016,17.008,0.0005421454321697267,0.8966363299406321,0.0,0.0
247,Device,ResourceApplyGradientDescent,SGD/SGD/update_96/ResourceApplyGradientDescent,2,33.92,16.96,33.92,16.96,0.000540615388617037,0.8971769453292492,0.0,0.0
248,Device,FusedBatchNormGradV3,gradient_tape/model/batch_normalization_16/FusedBatchNormGradV3,2,33.92,16.96,33.92,16.96,0.000540615388617037,0.8977175607178662,0.0,0.0
249,Device,AddV2,model/add_5/add,2,33.888,16.944,33.888,16.944,0.0005401053740994738,0.8982576660919657,0.0,0.0
250,Device,FusedBatchNormGradV3,gradient_tape/model/batch_normalization_25/FusedBatchNormGradV3,2,33.856,16.928,33.856,16.928,0.0005395953595819105,0.8987972614515476,0.0,0.0
251,Device,FusedBatchNormGradV3,gradient_tape/model/batch_normalization_20/FusedBatchNormGradV3,2,33.792,16.896,33.792,16.896,0.0005385753305467841,0.8993358367820944,0.0,0.0
252,Device,FusedBatchNormGradV3,gradient_tape/model/batch_normalization_17/FusedBatchNormGradV3,2,33.696,16.848,33.696,16.848,0.0005370452869940943,0.8998728820690884,0.0,0.0
253,Device,FusedBatchNormGradV3,gradient_tape/model/batch_normalization_21/FusedBatchNormGradV3,2,33.664,16.832,33.664,16.832,0.0005365352724765311,0.900409417341565,0.0,0.0
254,Device,ResourceApplyGradientDescent,SGD/SGD/update_72/ResourceApplyGradientDescent,2,33.504,16.752,33.504,16.752,0.0005339851998887148,0.9009434025414537,0.0,0.0
255,Device,AddN,SGD/gradients/AddN_41,2,33.248,16.624,33.248,16.624,0.0005299050837482089,0.9014733076252018,0.0,0.0
256,Device,BiasAddGrad,gradient_tape/model/conv2d_10/BiasAdd/BiasAddGrad,2,33.152,16.576,33.152,16.576,0.0005283750401955192,0.9020016826653974,0.0,0.0
257,Device,BiasAddGrad,gradient_tape/model/conv2d_13/BiasAdd/BiasAddGrad,2,32.992,16.496,32.992,16.496,0.0005258249676077029,0.902527507633005,0.0,0.0
258,Device,BiasAddGrad,gradient_tape/model/conv2d_11/BiasAdd/BiasAddGrad,2,32.928,16.464,32.928,16.464,0.0005248049385725765,0.9030523125715776,0.0,0.0
259,Device,BiasAddGrad,gradient_tape/model/conv2d_12/BiasAdd/BiasAddGrad,2,32.896,16.448,32.896,16.448,0.0005242949240550133,0.9035766074956326,0.0,0.0
260,Device,ResourceApplyGradientDescent,SGD/SGD/update_80/ResourceApplyGradientDescent,2,32.8,16.4,32.8,16.4,0.0005227648805023235,0.9040993723761349,0.0,0.0
261,Device,BiasAddGrad,gradient_tape/model/conv2d_15/BiasAdd/BiasAddGrad,2,32.768,16.384,32.768,16.384,0.0005222548659847602,0.9046216272421197,0.0,0.0
262,Device,Mul,gradient_tape/conv2d_17/kernel/Regularizer/Mul_1,2,32.736,16.368,32.736,16.368,0.000521744851467197,0.9051433720935869,0.0,0.0
263,Device,ResourceApplyGradientDescent,SGD/SGD/update_100/ResourceApplyGradientDescent,2,32.704,16.352,32.704,16.352,0.0005212348369496338,0.9056646069305365,0.0,0.0
264,Device,ResourceApplyGradientDescent,SGD/SGD/update_76/ResourceApplyGradientDescent,2,32.672,16.336,32.672,16.336,0.0005207248224320705,0.9061853317529686,0.0,0.0
265,Device,ResourceApplyGradientDescent,SGD/SGD/update_84/ResourceApplyGradientDescent,2,32.672,16.336,32.672,16.336,0.0005207248224320705,0.9067060565754006,0.0,0.0
266,Device,FusedBatchNormV3,model/batch_normalization_27/FusedBatchNormV3,4,32.672,8.168,32.672,8.168,0.0005207248224320705,0.9072267813978326,0.0,0.0
267,Device,MatMul,model/dense/MatMul,2,32.672,16.336,32.672,16.336,0.0005207248224320705,0.9077475062202647,0.0,0.0
268,Device,ResourceApplyGradientDescent,SGD/SGD/update_108/ResourceApplyGradientDescent,2,32.64,16.32,32.64,16.32,0.0005202148079145073,0.9082677210281792,0.0,0.0
269,Device,BiasAddGrad,gradient_tape/model/conv2d_14/BiasAdd/BiasAddGrad,2,32.64,16.32,32.64,16.32,0.0005202148079145073,0.9087879358360937,0.0,0.0
270,Device,BiasAddGrad,gradient_tape/model/conv2d_7/BiasAdd/BiasAddGrad,2,32.608,16.304,32.608,16.304,0.000519704793396944,0.9093076406294907,0.0,0.0
271,Device,FusedBatchNormV3,model/batch_normalization_32/FusedBatchNormV3,4,32.448,8.112,32.448,8.112,0.0005171547208091278,0.9098247953502998,0.0,0.0
272,Device,FusedBatchNormV3,model/batch_normalization_30/FusedBatchNormV3,4,32.384,8.096,32.384,8.096,0.0005161346917740014,0.9103409300420738,0.0,0.0
273,Device,FusedBatchNormV3,model/batch_normalization_31/FusedBatchNormV3,4,32.32,8.08,32.32,8.08,0.0005151146627388748,0.9108560447048127,0.0,0.0
274,Device,FusedBatchNormV3,model/batch_normalization_28/FusedBatchNormV3,4,32.288,8.072,32.288,8.072,0.0005146046482213116,0.911370649353034,0.0,0.0
275,Device,FusedBatchNormV3,model/batch_normalization_29/FusedBatchNormV3,4,32.192,8.048,32.192,8.048,0.0005130746046686219,0.9118837239577027,0.0,0.0
276,Device,ResourceApplyGradientDescent,SGD/SGD/update_88/ResourceApplyGradientDescent,2,31.936,15.968,31.936,15.968,0.000508994488528116,0.9123927184462308,0.0,0.0
277,Device,ResourceApplyGradientDescent,SGD/SGD/update_104/ResourceApplyGradientDescent,2,31.904,15.952,31.904,15.952,0.0005084844740105527,0.9129012029202414,0.0,0.0
278,Device,Mul,gradient_tape/conv2d_22/kernel/Regularizer/Mul_1,2,31.808,15.904,31.808,15.904,0.000506954430457863,0.9134081573506992,0.0,0.0
279,Device,AddN,ArithmeticOptimizer/AddOpsRewrite_AddN_1,8,31.52,3.94,31.52,3.94,0.0005023642997997938,0.913910521650499,0.0,0.0
280,Device,Mul,gradient_tape/conv2d_25/kernel/Regularizer/Mul_1,2,31.392,15.696,31.392,15.696,0.0005003242417295408,0.9144108458922285,0.0,0.0
281,Device,Mul,gradient_tape/conv2d_27/kernel/Regularizer/Mul_1,2,31.36,15.68,31.36,15.68,0.0004998142272119776,0.9149106601194406,0.0,0.0
282,Device,AddN,SGD/gradients/AddN_34,2,31.328,15.664,31.328,15.664,0.0004993042126944144,0.915409964332135,0.0,0.0
283,Device,Mul,gradient_tape/conv2d_28/kernel/Regularizer/Mul_1,2,31.328,15.664,31.328,15.664,0.0004993042126944144,0.9159092685448293,0.0,0.0
284,Device,FusedBatchNormV3,model/batch_normalization_15/FusedBatchNormV3,4,31.328,7.832,31.328,7.832,0.0004993042126944144,0.9164085727575237,0.0,0.0
285,Device,Mul,gradient_tape/conv2d_26/kernel/Regularizer/Mul_1,2,31.296,15.648,31.296,15.648,0.0004987941981768511,0.9169073669557006,0.0,0.0
286,Device,Mul,gradient_tape/conv2d_21/kernel/Regularizer/Mul_1,2,31.232,15.616,31.232,15.616,0.0004977741691417246,0.9174051411248424,0.0,0.0
287,Device,Mul,gradient_tape/conv2d_23/kernel/Regularizer/Mul_1,2,31.168,15.584,31.168,15.584,0.0004967541401065982,0.917901895264949,0.0,0.0
288,Device,Mul,gradient_tape/conv2d_20/kernel/Regularizer/Mul_1,2,31.072,15.536,31.072,15.536,0.0004952240965539084,0.9183971193615029,0.0,0.0
289,Device,Mul,gradient_tape/conv2d_24/kernel/Regularizer/Mul_1,2,31.008,15.504,31.008,15.504,0.000494204067518782,0.9188913234290217,0.0,0.0
290,Device,Mul,gradient_tape/conv2d_19/kernel/Regularizer/Mul_1,2,30.688,15.344,30.688,15.344,0.0004891039223431495,0.9193804273513648,0.0,0.0
291,Device,ReluGrad,gradient_tape/model/activation_21/ReluGrad,2,30.688,15.344,30.688,15.344,0.0004891039223431495,0.919869531273708,0.0,0.0
292,Device,ReluGrad,gradient_tape/model/activation_22/ReluGrad,2,30.368,15.184,30.368,15.184,0.0004840037771675171,0.9203535350508755,0.0,0.0
293,Device,Sum,conv2d_29/kernel/Regularizer/Sum,2,30.272,15.136,30.272,15.136,0.00048247373361482733,0.9208360087844903,0.0,0.0
294,Device,FusedBatchNormV3,model/batch_normalization_26/FusedBatchNormV3,4,30.272,7.568,30.272,7.568,0.00048247373361482733,0.9213184825181052,0.0,0.0
295,Device,FusedBatchNormV3,model/batch_normalization_16/FusedBatchNormV3,4,30.208,7.552,30.208,7.552,0.00048145370457970086,0.921799936222685,0.0,0.0
296,Device,FusedBatchNormV3,model/batch_normalization_23/FusedBatchNormV3,4,30.208,7.552,30.208,7.552,0.00048145370457970086,0.9222813899272647,0.0,0.0
297,Device,FusedBatchNormV3,model/batch_normalization_18/FusedBatchNormV3,4,30.176,7.544,30.176,7.544,0.0004809436900621376,0.9227623336173268,0.0,0.0
298,Device,FusedBatchNormV3,model/batch_normalization_21/FusedBatchNormV3,4,30.176,7.544,30.176,7.544,0.0004809436900621376,0.923243277307389,0.0,0.0
299,Device,FusedBatchNormV3,model/batch_normalization_17/FusedBatchNormV3,4,30.08,7.52,30.08,7.52,0.0004794136465094479,0.9237226909538985,0.0,0.0
300,Device,ReluGrad,gradient_tape/model/activation_26/ReluGrad,2,30.016,15.008,30.016,15.008,0.0004783936174743214,0.9242010845713728,0.0,0.0
301,Device,FusedBatchNormV3,model/batch_normalization_22/FusedBatchNormV3,4,29.824,7.456,29.824,7.456,0.000475333530368942,0.9246764181017418,0.0,0.0
302,Device,FusedBatchNormV3,model/batch_normalization_20/FusedBatchNormV3,4,29.792,7.448,29.792,7.448,0.00047482351585137873,0.9251512416175932,0.0,0.0
303,Device,FusedBatchNormV3,model/batch_normalization_24/FusedBatchNormV3,4,29.696,7.424,29.696,7.424,0.00047329347229868905,0.925624535089892,0.0,0.0
304,Device,FusedBatchNormV3,model/batch_normalization_19/FusedBatchNormV3,4,29.6,7.4,29.6,7.4,0.0004717634287459993,0.926096298518638,0.0,0.0
305,Device,FusedBatchNormV3,model/batch_normalization_25/FusedBatchNormV3,4,29.6,7.4,29.6,7.4,0.0004717634287459993,0.926568061947384,0.0,0.0
306,Device,ReluGrad,gradient_tape/model/activation_15/ReluGrad,2,28.8,14.4,28.8,14.4,0.0004590130658069182,0.9270270750131908,0.0,0.0
307,Device,AddN,SGD/gradients/AddN_4,2,27.424,13.712,27.424,13.712,0.0004370824415516988,0.9274641574547425,0.0,0.0
308,Device,ArgMax,ArgMax,2,26.976,13.488,26.976,13.488,0.0004299422383058134,0.9278940996930484,0.0,0.0
309,Device,ReluGrad,gradient_tape/model/activation_17/ReluGrad,2,26.784,13.392,26.784,13.392,0.0004268821512004339,0.9283209818442488,0.0,0.0
310,Device,ReluGrad,gradient_tape/model/activation_18/ReluGrad,2,26.624,13.312,26.624,13.312,0.0004243320786126177,0.9287453139228614,0.0,0.0
311,Device,ReluGrad,gradient_tape/model/activation_16/ReluGrad,2,26.592,13.296,26.592,13.296,0.0004238220640950545,0.9291691359869565,0.0,0.0
312,Device,ReluGrad,gradient_tape/model/activation_25/ReluGrad,2,26.336,13.168,26.336,13.168,0.0004197419479545485,0.9295888779349111,0.0,0.0
313,Device,ReluGrad,gradient_tape/model/activation_19/ReluGrad,2,26.272,13.136,26.272,13.136,0.00041872191891942205,0.9300075998538305,0.0,0.0
314,Device,ReluGrad,gradient_tape/model/activation_24/ReluGrad,2,26.272,13.136,26.272,13.136,0.00041872191891942205,0.93042632177275,0.0,0.0
315,Device,FusedBatchNormGradV3,gradient_tape/model/batch_normalization_28/FusedBatchNormGradV3,2,26.048,13.024,26.048,13.024,0.00041515181729647935,0.9308414735900464,0.0,0.0
316,Device,ReluGrad,gradient_tape/model/activation_23/ReluGrad,2,26.016,13.008,26.016,13.008,0.0004146418027789161,0.9312561153928254,0.0,0.0
317,Device,FusedBatchNormGradV3,gradient_tape/model/batch_normalization_27/FusedBatchNormGradV3,2,25.952,12.976,25.952,12.976,0.00041362177374378966,0.9316697371665692,0.0,0.0
318,Device,ReluGrad,gradient_tape/model/activation_20/ReluGrad,2,25.888,12.944,25.888,12.944,0.0004126017447086632,0.9320823389112779,0.0,0.0
319,Device,FusedBatchNormGradV3,gradient_tape/model/batch_normalization_31/FusedBatchNormGradV3,2,25.792,12.896,25.792,12.896,0.00041107170115597345,0.9324934106124338,0.0,0.0
320,Device,FusedBatchNormGradV3,gradient_tape/model/batch_normalization_29/FusedBatchNormGradV3,2,25.536,12.768,25.536,12.768,0.0004069915850154675,0.9329004021974493,0.0,0.0
321,Device,FusedBatchNormGradV3,gradient_tape/model/batch_normalization_30/FusedBatchNormGradV3,2,25.28,12.64,25.28,12.64,0.0004029114688749616,0.9333033136663242,0.0,0.0
322,Device,Sum,conv2d_17/kernel/Regularizer/Sum,2,24.576,12.288,24.576,12.288,0.00039169114948857023,0.9336950048158128,0.0,0.0
323,Device,Sum,conv2d_19/kernel/Regularizer/Sum,2,23.168,11.584,23.168,11.584,0.00036925051071578754,0.9340642553265286,0.0,0.0
324,Device,AvgPoolGrad,gradient_tape/model/average_pooling2d/AvgPoolGrad,2,23.008,11.504,23.008,11.504,0.0003667004381279713,0.9344309557646565,0.0,0.0
325,Device,Mul,gradient_tape/conv2d_17/kernel/Regularizer/Mul,2,22.784,11.392,22.784,11.392,0.0003631303365050286,0.9347940861011615,0.0,0.0
326,Device,Sum,conv2d_27/kernel/Regularizer/Sum,2,22.496,11.248,22.496,11.248,0.0003585402058469594,0.9351526263070085,0.0,0.0
327,Device,Square,conv2d_21/kernel/Regularizer/Square,2,22.368,11.184,22.368,11.184,0.00035650014777670645,0.9355091264547851,0.0,0.0
328,Device,Square,conv2d_28/kernel/Regularizer/Square,2,22.368,11.184,22.368,11.184,0.00035650014777670645,0.9358656266025618,0.0,0.0
329,Device,Sum,conv2d_22/kernel/Regularizer/Sum,2,22.24,11.12,22.24,11.12,0.0003544600897064535,0.9362200866922682,0.0,0.0
330,Device,Sum,conv2d_26/kernel/Regularizer/Sum,2,22.208,11.104,22.208,11.104,0.0003539500751888902,0.9365740367674571,0.0,0.0
331,Device,BiasAddGrad,gradient_tape/model/conv2d_9/BiasAdd/BiasAddGrad,2,22.048,11.024,22.048,11.024,0.000351400002601074,0.9369254367700581,0.0,0.0
332,Device,Square,conv2d_26/kernel/Regularizer/Square,2,21.984,10.992,21.984,10.992,0.0003503799735659476,0.937275816743624,0.0,0.0
333,Device,Sum,conv2d_21/kernel/Regularizer/Sum,2,21.92,10.96,21.92,10.96,0.0003493599445308211,0.9376251766881548,0.0,0.0
334,Device,Square,conv2d_27/kernel/Regularizer/Square,2,21.888,10.944,21.888,10.944,0.00034884993001325785,0.9379740266181681,0.0,0.0
335,Device,Sum,conv2d_23/kernel/Regularizer/Sum,2,21.792,10.896,21.792,10.896,0.00034731988646056816,0.9383213465046286,0.0,0.0
336,Device,Tile,gradient_tape/conv2d_17/kernel/Regularizer/Tile,2,21.792,10.896,21.792,10.896,0.00034731988646056816,0.9386686663910891,0.0,0.0
337,Device,BiasAddGrad,gradient_tape/model/conv2d_19/BiasAdd/BiasAddGrad,2,21.6,10.8,21.6,10.8,0.0003442597993551887,0.9390129261904443,0.0,0.0
338,Device,Square,conv2d_25/kernel/Regularizer/Square,2,21.568,10.784,21.568,10.784,0.0003437497848376254,0.9393566759752819,0.0,0.0
339,Device,BiasAddGrad,gradient_tape/model/conv2d_26/BiasAdd/BiasAddGrad,2,21.536,10.768,21.536,10.768,0.0003432397703200622,0.939699915745602,0.0,0.0
340,Device,BiasAddGrad,gradient_tape/model/conv2d_24/BiasAdd/BiasAddGrad,2,21.504,10.752,21.504,10.752,0.00034272975580249893,0.9400426455014045,0.0,0.0
341,Device,BiasAddGrad,gradient_tape/model/conv2d_27/BiasAdd/BiasAddGrad,2,21.472,10.736,21.472,10.736,0.0003422197412849357,0.9403848652426894,0.0,0.0
342,Device,BiasAddGrad,gradient_tape/model/conv2d_20/BiasAdd/BiasAddGrad,2,21.408,10.704,21.408,10.704,0.00034119971224980925,0.9407260649549392,0.0,0.0
343,Device,Square,conv2d_22/kernel/Regularizer/Square,2,21.376,10.688,21.376,10.688,0.000340689697732246,0.9410667546526714,0.0,0.0
344,Device,BiasAddGrad,gradient_tape/model/conv2d_22/BiasAdd/BiasAddGrad,2,21.344,10.672,21.344,10.672,0.0003401796832146827,0.9414069343358861,0.0,0.0
345,Device,BiasAddGrad,gradient_tape/model/conv2d_25/BiasAdd/BiasAddGrad,2,21.344,10.672,21.344,10.672,0.0003401796832146827,0.9417471140191007,0.0,0.0
346,Device,BiasAddGrad,gradient_tape/model/conv2d_23/BiasAdd/BiasAddGrad,2,21.312,10.656,21.312,10.656,0.0003396696686971195,0.9420867836877979,0.0,0.0
347,Device,BiasAddGrad,gradient_tape/model/conv2d_21/BiasAdd/BiasAddGrad,2,21.28,10.64,21.28,10.64,0.00033915965417955624,0.9424259433419774,0.0,0.0
348,Device,Square,conv2d_24/kernel/Regularizer/Square,2,21.248,10.624,21.248,10.624,0.00033864963966199303,0.9427645929816394,0.0,0.0
349,Device,Square,conv2d_23/kernel/Regularizer/Square,2,21.216,10.608,21.216,10.608,0.00033813962514442976,0.9431027326067838,0.0,0.0
350,Device,Square,conv2d_19/kernel/Regularizer/Square,2,21.184,10.592,21.184,10.592,0.0003376296106268665,0.9434403622174107,0.0,0.0
351,Device,BiasAddGrad,gradient_tape/model/conv2d_28/BiasAdd/BiasAddGrad,2,21.184,10.592,21.184,10.592,0.0003376296106268665,0.9437779918280376,0.0,0.0
352,Device,Sum,conv2d_20/kernel/Regularizer/Sum,2,21.056,10.528,21.056,10.528,0.00033558955255661354,0.9441135813805942,0.0,0.0
353,Device,Sum,conv2d_24/kernel/Regularizer/Sum,2,20.928,10.464,20.928,10.464,0.0003335494944863606,0.9444471308750806,0.0,0.0
354,Device,FusedBatchNormGradV3,gradient_tape/model/batch_normalization_32/FusedBatchNormGradV3,2,20.896,10.448,20.896,10.448,0.0003330394799687973,0.9447801703550494,0.0,0.0
355,Device,Softmax,model/dense/Softmax,2,20.832,10.416,20.832,10.416,0.00033201945093367085,0.945112189805983,0.0,0.0
356,Device,ArgMax,ArgMax_1,2,20.801,10.4005,20.801,10.4005,0.0003315253743697814,0.9454437151803528,0.0,0.0
357,Device,Sum,conv2d_28/kernel/Regularizer/Sum,2,20.8,10.4,20.8,10.4,0.0003315094364161076,0.9457752246167689,0.0,0.0
358,Device,BiasAddGrad,gradient_tape/model/conv2d_16/BiasAdd/BiasAddGrad,2,20.8,10.4,20.8,10.4,0.0003315094364161076,0.946106734053185,0.0,0.0
359,Device,Sum,conv2d_25/kernel/Regularizer/Sum,2,20.768,10.384,20.768,10.384,0.0003309994218985444,0.9464377334750835,0.0,0.0
360,Device,BiasAddGrad,gradient_tape/model/conv2d_29/BiasAdd/BiasAddGrad,2,20.736,10.368,20.736,10.368,0.0003304894073809811,0.9467682228824645,0.0,0.0
361,Device,Square,conv2d_20/kernel/Regularizer/Square,2,20.608,10.304,20.608,10.304,0.00032844934931072816,0.9470966722317753,0.0,0.0
362,Device,BiasAddGrad,gradient_tape/model/conv2d_34/BiasAdd/BiasAddGrad,2,20.448,10.224,20.448,10.224,0.00032589927672291194,0.9474225715084982,0.0,0.0
363,Device,BiasAddGrad,gradient_tape/model/conv2d_35/BiasAdd/BiasAddGrad,2,20.352,10.176,20.352,10.176,0.0003243692331702222,0.9477469407416684,0.0,0.0
364,Device,BiasAddGrad,gradient_tape/model/conv2d_33/BiasAdd/BiasAddGrad,2,20.288,10.144,20.288,10.144,0.0003233492041350957,0.9480702899458036,0.0,0.0
365,Device,BiasAddGrad,gradient_tape/model/conv2d_32/BiasAdd/BiasAddGrad,2,20.256,10.128,20.256,10.128,0.00032283918961753245,0.9483931291354211,0.0,0.0
366,Device,Mul,gradient_tape/conv2d_16/kernel/Regularizer/Mul_1,2,20.096,10.048,20.096,10.048,0.00032028911702971624,0.9487134182524508,0.0,0.0
367,Device,AddN,SGD/gradients/AddN_5,2,19.84,9.92,19.84,9.92,0.00031620900088921033,0.9490296272533401,0.0,0.0
368,Device,ResourceApplyGradientDescent,SGD/SGD/update_62/ResourceApplyGradientDescent,2,19.808,9.904,19.808,9.904,0.00031569898637164707,0.9493453262397117,0.0,0.0
369,Device,Square,conv2d_17/kernel/Regularizer/Square,2,19.552,9.776,19.552,9.776,0.00031161887023114116,0.9496569451099428,0.0,0.0
370,Device,AddN,SGD/gradients/AddN_32,2,19.456,9.728,19.456,9.728,0.0003100888266784514,0.9499670339366213,0.0,0.0
371,Device,AddN,SGD/gradients/AddN_7,2,19.392,9.696,19.392,9.696,0.00030906879764332494,0.9502761027342647,0.0,0.0
372,Device,AddN,SGD/gradients/AddN_3,2,19.264,9.632,19.264,9.632,0.00030702873957307193,0.9505831314738378,0.0,0.0
373,Device,AddN,SGD/gradients/AddN_6,2,18.912,9.456,18.912,9.456,0.0003014185798798763,0.9508845500537176,0.0,0.0
374,Device,ReluGrad,gradient_tape/model/activation_27/ReluGrad,2,18.304,9.152,18.304,9.152,0.0002917283040461747,0.9511762783577639,0.0,0.0
375,Device,ReluGrad,gradient_tape/model/activation_30/ReluGrad,2,17.728,8.864,17.728,8.864,0.00028254804273003634,0.951458826400494,0.0,0.0
376,Device,ReluGrad,gradient_tape/model/activation_28/ReluGrad,2,17.696,8.848,17.696,8.848,0.0002820380282124731,0.9517408644287064,0.0,0.0
377,Device,ReluGrad,gradient_tape/model/activation_29/ReluGrad,2,17.6,8.8,17.6,8.8,0.0002805079846597834,0.9520213724133662,0.0,0.0
378,Device,BiasAddGrad,gradient_tape/model/conv2d_31/BiasAdd/BiasAddGrad,2,17.504,8.752,17.504,8.752,0.00027897794110709364,0.9523003503544732,0.0,0.0
379,Device,Sum,conv2d_13/kernel/Regularizer/Sum,2,17.472,8.736,17.472,8.736,0.0002784679265895304,0.9525788182810627,0.0,0.0
380,Device,ReluGrad,gradient_tape/model/activation_31/ReluGrad,2,17.472,8.736,17.472,8.736,0.0002784679265895304,0.9528572862076522,0.0,0.0
381,Device,BiasAdd,model/conv2d_7/BiasAdd,2,17.344,8.672,17.344,8.672,0.0002764278685192774,0.9531337140761714,0.0,0.0
382,Device,Sum,conv2d_11/kernel/Regularizer/Sum,2,17.248,8.624,17.248,8.624,0.0002748978249665877,0.953408611901138,0.0,0.0
383,Device,BiasAdd,model/conv2d_13/BiasAdd,2,17.248,8.624,17.248,8.624,0.0002748978249665877,0.9536835097261046,0.0,0.0
384,Device,Sum,conv2d_16/kernel/Regularizer/Sum,2,17.12,8.56,17.12,8.56,0.00027285776689633473,0.953956367493001,0.0,0.0
385,Device,BiasAdd,model/conv2d_10/BiasAdd,2,17.088,8.544,17.088,8.544,0.00027234775237877147,0.9542287152453797,0.0,0.0
386,Device,BiasAdd,model/conv2d_11/BiasAdd,2,17.088,8.544,17.088,8.544,0.00027234775237877147,0.9545010629977584,0.0,0.0
387,Device,BiasAdd,model/conv2d_14/BiasAdd,2,17.088,8.544,17.088,8.544,0.00027234775237877147,0.9547734107501371,0.0,0.0
388,Device,BiasAdd,model/conv2d_12/BiasAdd,2,17.056,8.528,17.056,8.528,0.00027183773786120826,0.9550452484879983,0.0,0.0
389,Device,BiasAdd,model/conv2d_8/BiasAdd,2,16.992,8.496,16.992,8.496,0.0002708177088260818,0.9553160661968244,0.0,0.0
390,Device,BiasAdd,model/conv2d_15/BiasAdd,2,16.928,8.464,16.928,8.464,0.00026979767979095525,0.9555858638766154,0.0,0.0
391,Device,Sum,conv2d_12/kernel/Regularizer/Sum,2,16.64,8.32,16.64,8.32,0.0002652075491328861,0.9558510714257482,0.0,0.0
392,Device,Sum,conv2d_8/kernel/Regularizer/Sum,2,16.256,8.128,16.256,8.128,0.00025908737492212717,0.9561101588006703,0.0,0.0
393,Device,Sum,conv2d_15/kernel/Regularizer/Sum,2,16.064,8.032,16.064,8.032,0.00025602728781674774,0.956366186088487,0.0,0.0
394,Device,AddN,SGD/gradients/AddN_2,2,16.032,8.016,16.032,8.016,0.00025551727329918447,0.9566217033617862,0.0,0.0
395,Device,Sum,conv2d_31/kernel/Regularizer/Sum,2,15.968,7.984,15.968,7.984,0.000254497244264058,0.9568762006060503,0.0,0.0
396,Device,BiasAdd,model/conv2d_18/BiasAdd,2,15.84,7.92,15.84,7.92,0.000252457186193805,0.9571286577922441,0.0,0.0
397,Device,Sum,conv2d_10/kernel/Regularizer/Sum,2,15.808,7.904,15.808,7.904,0.0002519471716762418,0.9573806049639203,0.0,0.0
398,Device,Sum,conv2d_14/kernel/Regularizer/Sum,2,15.584,7.792,15.584,7.792,0.0002483770700532991,0.9576289820339736,0.0,0.0
399,Device,BiasAddGrad,gradient_tape/model/conv2d_18/BiasAdd/BiasAddGrad,2,15.52,7.76,15.52,7.76,0.0002473570410181726,0.9578763390749918,0.0,0.0
400,Device,MatMul,gradient_tape/model/dense/MatMul/MatMul,2,15.008,7.504,15.008,7.504,0.0002391968087371607,0.958115535883729,0.0,0.0
401,Device,Mul,gradient_tape/conv2d_16/kernel/Regularizer/Mul,2,14.624,7.312,14.624,7.312,0.0002330766345264018,0.9583486125182554,0.0,0.0
402,Device,AddV2,model/add_10/add,2,14.432,7.216,14.432,7.216,0.00023001654742102235,0.9585786290656765,0.0,0.0
403,Device,Relu,model/activation_13/Relu,2,14.336,7.168,14.336,7.168,0.00022848650386833263,0.9588071155695448,0.0,0.0
404,Device,AddV2,model/add_12/add,2,14.336,7.168,14.336,7.168,0.00022848650386833263,0.9590356020734131,0.0,0.0
405,Device,AddN,SGD/gradients/AddN_26,2,14.304,7.152,14.304,7.152,0.0002279764893507694,0.9592635785627639,0.0,0.0
406,Device,AddN,SGD/gradients/AddN_27,2,14.272,7.136,14.272,7.136,0.00022746647483320613,0.9594910450375971,0.0,0.0
407,Device,Relu,model/activation_7/Relu,2,14.272,7.136,14.272,7.136,0.00022746647483320613,0.9597185115124303,0.0,0.0
408,Device,Relu,model/activation_9/Relu,2,14.24,7.12,14.24,7.12,0.0002269564603156429,0.9599454679727459,0.0,0.0
409,Device,AddV2,model/add_7/add,2,14.24,7.12,14.24,7.12,0.0002269564603156429,0.9601724244330616,0.0,0.0
410,Device,Relu,model/activation_11/Relu,2,14.208,7.104,14.208,7.104,0.00022644644579807965,0.9603988708788597,0.0,0.0
411,Device,Relu,model/activation_10/Relu,2,14.176,7.088,14.176,7.088,0.0002259364312805164,0.9606248073101402,0.0,0.0
412,Device,Relu,model/activation_12/Relu,2,14.176,7.088,14.176,7.088,0.0002259364312805164,0.9608507437414208,0.0,0.0
413,Device,Relu,model/activation_8/Relu,2,14.176,7.088,14.176,7.088,0.0002259364312805164,0.9610766801727013,0.0,0.0
414,Device,AddN,SGD/gradients/AddN_31,2,14.144,7.072,14.144,7.072,0.00022542641676295317,0.9613021065894642,0.0,0.0
415,Device,AddV2,model/add_8/add,2,14.144,7.072,14.144,7.072,0.00022542641676295317,0.9615275330062272,0.0,0.0
416,Device,Sum,conv2d_5/kernel/Regularizer/Sum,2,14.08,7.04,14.08,7.04,0.00022440638772782667,0.961751939393955,0.0,0.0
417,Device,AddV2,model/add_9/add,2,14.048,7.024,14.048,7.024,0.00022389637321026343,0.9619758357671653,0.0,0.0
418,Device,AddN,SGD/gradients/AddN_29,2,14.016,7.008,14.016,7.008,0.0002233863586927002,0.962199222125858,0.0,0.0
419,Device,AddN,SGD/gradients/AddN_28,2,13.984,6.992,13.984,6.992,0.00022287634417513696,0.9624220984700331,0.0,0.0
420,Device,AddV2,model/add_11/add,2,13.952,6.976,13.952,6.976,0.00022236632965757372,0.9626444647996907,0.0,0.0
421,Device,AddN,SGD/gradients/AddN_30,2,13.824,6.912,13.824,6.912,0.00022032627158732074,0.962864791071278,0.0,0.0
422,Device,Tile,gradient_tape/conv2d_1/kernel/Regularizer/Tile,2,13.824,6.912,13.824,6.912,0.00022032627158732074,0.9630851173428653,0.0,0.0
423,Device,Square,conv2d_16/kernel/Regularizer/Square,2,13.76,6.88,13.76,6.88,0.00021930624255219426,0.9633044235854175,0.0,0.0
424,Device,Sum,conv2d_2/kernel/Regularizer/Sum,2,13.696,6.848,13.696,6.848,0.00021828621351706776,0.9635227097989345,0.0,0.0
425,Device,Sum,conv2d_4/kernel/Regularizer/Sum,2,13.632,6.816,13.632,6.816,0.00021726618448194128,0.9637399759834164,0.0,0.0
426,Device,Tile,gradient_tape/conv2d_16/kernel/Regularizer/Tile,2,13.6,6.8,13.6,6.8,0.00021675616996437804,0.9639567321533808,0.0,0.0
427,Device,Sum,conv2d_3/kernel/Regularizer/Sum,2,13.44,6.72,13.44,6.72,0.00021420609737656183,0.9641709382507574,0.0,0.0
428,Device,Sum,conv2d_18/kernel/Regularizer/Sum,2,13.28,6.64,13.28,6.64,0.0002116560247887456,0.9643825942755462,0.0,0.0
429,Device,Sum,conv2d_1/kernel/Regularizer/Sum,2,13.248,6.624,13.248,6.624,0.00021114601027118237,0.9645937402858173,0.0,0.0
430,Device,Tile,gradient_tape/conv2d_31/kernel/Regularizer/Tile,2,13.088,6.544,13.088,6.544,0.00020859593768336615,0.9648023362235008,0.0,0.0
431,Device,ResourceApplyGradientDescent,SGD/SGD/update_50/ResourceApplyGradientDescent,2,13.024,6.512,13.024,6.512,0.00020757590864823968,0.965009912132149,0.0,0.0
432,Device,Sum,conv2d_6/kernel/Regularizer/Sum,2,12.96,6.48,12.96,6.48,0.0002065558796131132,0.9652164680117622,0.0,0.0
433,Device,Tile,gradient_tape/conv2d_7/kernel/Regularizer/Tile,2,12.928,6.464,12.928,6.464,0.00020604586509554996,0.9654225138768577,0.0,0.0
434,Device,ResourceApplyGradientDescent,SGD/SGD/update_58/ResourceApplyGradientDescent,2,12.768,6.384,12.768,6.384,0.00020349579250773374,0.9656260096693655,0.0,0.0
435,Device,Sum,conv2d_7/kernel/Regularizer/Sum,2,12.736,6.368,12.736,6.368,0.0002029857779901705,0.9658289954473557,0.0,0.0
436,Device,Tile,gradient_tape/conv2d_18/kernel/Regularizer/Tile,2,12.704,6.352,12.704,6.352,0.00020247576347260727,0.9660314712108283,0.0,0.0
437,Device,Relu,model/activation_26/Relu,2,12.704,6.352,12.704,6.352,0.00020247576347260727,0.966233946974301,0.0,0.0
438,Device,ResourceApplyGradientDescent,SGD/SGD/update_54/ResourceApplyGradientDescent,2,12.672,6.336,12.672,6.336,0.00020196574895504403,0.966435912723256,0.0,0.0
439,Device,ResourceApplyGradientDescent,SGD/SGD/update_46/ResourceApplyGradientDescent,2,12.64,6.32,12.64,6.32,0.0002014557344374808,0.9666373684576935,0.0,0.0
440,Device,ResourceApplyGradientDescent,SGD/SGD/update_34/ResourceApplyGradientDescent,2,12.608,6.304,12.608,6.304,0.00020094571991991753,0.9668383141776135,0.0,0.0
441,Device,ResourceApplyGradientDescent,SGD/SGD/update_42/ResourceApplyGradientDescent,2,12.608,6.304,12.608,6.304,0.00020094571991991753,0.9670392598975334,0.0,0.0
442,Device,Tile,gradient_tape/conv2d_8/kernel/Regularizer/Tile,2,12.576,6.288,12.576,6.288,0.0002004357054023543,0.9672396956029358,0.0,0.0
443,Device,ResourceApplyGradientDescent,SGD/SGD/update_38/ResourceApplyGradientDescent,2,12.544,6.272,12.544,6.272,0.00019992569088479105,0.9674396212938206,0.0,0.0
444,Device,AddN,SGD/gradients/AddN_46,2,12.224,6.112,12.224,6.112,0.0001948255457091586,0.9676344468395297,0.0,0.0
445,Device,BiasAdd,model/conv2d_20/BiasAdd,2,12.224,6.112,12.224,6.112,0.0001948255457091586,0.9678292723852389,0.0,0.0
446,Device,BiasAdd,model/conv2d_25/BiasAdd,2,11.936,5.968,11.936,5.968,0.00019023541505108944,0.96801950780029,0.0,0.0
447,Device,ResourceApplyGradientDescent,SGD/SGD/update_116/ResourceApplyGradientDescent,2,11.872,5.936,11.872,5.936,0.00018921538601596294,0.968208723186306,0.0,0.0
448,Device,AddN,SGD/gradients/AddN_1,2,11.872,5.936,11.872,5.936,0.00018921538601596294,0.968397938572322,0.0,0.0
449,Device,Sum,conv2d/kernel/Regularizer/Sum,2,11.84,5.92,11.84,5.92,0.0001887053714983997,0.9685866439438204,0.0,0.0
450,Device,BiasAdd,model/conv2d_16/BiasAdd,2,11.808,5.904,11.808,5.904,0.00018819535698083646,0.9687748393008013,0.0,0.0
451,Device,BiasAdd,model/conv2d_21/BiasAdd,2,11.808,5.904,11.808,5.904,0.00018819535698083646,0.9689630346577822,0.0,0.0
452,Device,BiasAdd,model/conv2d_22/BiasAdd,2,11.776,5.888,11.776,5.888,0.00018768534246327322,0.9691507200002455,0.0,0.0
453,Device,BiasAdd,model/conv2d_23/BiasAdd,2,11.776,5.888,11.776,5.888,0.00018768534246327322,0.9693384053427088,0.0,0.0
454,Device,BiasAdd,model/conv2d_24/BiasAdd,2,11.776,5.888,11.776,5.888,0.00018768534246327322,0.969526090685172,0.0,0.0
455,Device,Mul,gradient_tape/conv2d_10/kernel/Regularizer/Mul_1,2,11.744,5.872,11.744,5.872,0.00018717532794570999,0.9697132660131177,0.0,0.0
456,Device,BiasAdd,model/conv2d_17/BiasAdd,2,11.744,5.872,11.744,5.872,0.00018717532794570999,0.9699004413410633,0.0,0.0
457,Device,BiasAdd,model/conv2d_26/BiasAdd,2,11.744,5.872,11.744,5.872,0.00018717532794570999,0.970087616669009,0.0,0.0
458,Device,BiasAdd,model/conv2d_28/BiasAdd,2,11.744,5.872,11.744,5.872,0.00018717532794570999,0.9702747919969547,0.0,0.0
459,Device,BiasAdd,model/conv2d_27/BiasAdd,2,11.712,5.856,11.712,5.856,0.00018666531342814672,0.9704614573103828,0.0,0.0
460,Device,MatMul,gradient_tape/model/dense/MatMul/MatMul_1,2,11.68,5.84,11.68,5.84,0.00018615529891058348,0.9706476126092933,0.0,0.0
461,Device,BiasAdd,model/conv2d_19/BiasAdd,2,11.68,5.84,11.68,5.84,0.00018615529891058348,0.9708337679082039,0.0,0.0
462,Device,Sum,conv2d_9/kernel/Regularizer/Sum,2,11.52,5.76,11.52,5.76,0.00018360522632276726,0.9710173731345266,0.0,0.0
463,Device,AddN,SGD/gradients/AddN_25,2,11.008,5.504,11.008,5.504,0.0001754449940417554,0.9711928181285684,0.0,0.0
464,Device,AddN,SGD/gradients/AddN,2,10.816,5.408,10.816,5.408,0.00017238490693637597,0.9713652030355048,0.0,0.0
465,Device,Mul,gradient_tape/conv2d_31/kernel/Regularizer/Mul_1,2,10.592,5.296,10.592,5.296,0.00016881480531343325,0.9715340178408182,0.0,0.0
466,Device,Mul,gradient_tape/conv2d_15/kernel/Regularizer/Mul_1,2,10.368,5.184,10.368,5.184,0.00016524470369049055,0.9716992625445087,0.0,0.0
467,Device,Mul,gradient_tape/conv2d_14/kernel/Regularizer/Mul_1,2,10.272,5.136,10.272,5.136,0.00016371466013780084,0.9718629772046464,0.0,0.0
468,Device,Mul,gradient_tape/conv2d_8/kernel/Regularizer/Mul_1,2,10.24,5.12,10.24,5.12,0.0001632046456202376,0.9720261818502667,0.0,0.0
469,Device,Mul,gradient_tape/conv2d_10/kernel/Regularizer/Mul,2,10.208,5.104,10.208,5.104,0.00016269463110267434,0.9721888764813693,0.0,0.0
470,Device,Mul,gradient_tape/conv2d_14/kernel/Regularizer/Mul,2,10.208,5.104,10.208,5.104,0.00016269463110267434,0.972351571112472,0.0,0.0
471,Device,Mul,gradient_tape/conv2d_13/kernel/Regularizer/Mul_1,2,10.144,5.072,10.144,5.072,0.00016167460206754786,0.9725132457145395,0.0,0.0
472,Device,Mul,gradient_tape/conv2d_15/kernel/Regularizer/Mul,2,10.144,5.072,10.144,5.072,0.00016167460206754786,0.972674920316607,0.0,0.0
473,Device,AddV2,model/add_13/add,2,10.144,5.072,10.144,5.072,0.00016167460206754786,0.9728365949186745,0.0,0.0
474,Device,Mul,gradient_tape/conv2d_8/kernel/Regularizer/Mul,2,10.048,5.024,10.048,5.024,0.00016014455851485812,0.9729967394771893,0.0,0.0
475,Device,AddV2,model/add_15/add,2,10.048,5.024,10.048,5.024,0.00016014455851485812,0.9731568840357042,0.0,0.0
476,Device,Mul,gradient_tape/conv2d_13/kernel/Regularizer/Mul,2,9.984,4.992,9.984,4.992,0.00015912452947973164,0.973316008565184,0.0,0.0
477,Device,AddV2,model/add_14/add,2,9.952,4.976,9.952,4.976,0.0001586145149621684,0.9734746230801461,0.0,0.0
478,Device,Relu,model/activation_16/Relu,2,9.92,4.96,9.92,4.96,0.00015810450044460517,0.9736327275805907,0.0,0.0
479,Device,AvgPool,model/average_pooling2d/AvgPool,2,9.92,4.96,9.92,4.96,0.00015810450044460517,0.9737908320810353,0.0,0.0
480,Device,Mul,gradient_tape/conv2d_11/kernel/Regularizer/Mul,2,9.856,4.928,9.856,4.928,0.00015708447140947866,0.9739479165524448,0.0,0.0
481,Device,Mul,gradient_tape/conv2d_12/kernel/Regularizer/Mul,2,9.792,4.896,9.792,4.896,0.00015606444237435219,0.9741039809948192,0.0,0.0
482,Device,ResourceApplyGradientDescent,SGD/SGD/update_28/ResourceApplyGradientDescent,2,9.76,4.88,9.76,4.88,0.00015555442785678895,0.974259535422676,0.0,0.0
483,Device,Mul,gradient_tape/conv2d_11/kernel/Regularizer/Mul_1,2,9.728,4.864,9.728,4.864,0.0001550444133392257,0.9744145798360152,0.0,0.0
484,Device,Square,conv2d_13/kernel/Regularizer/Square,2,9.696,4.848,9.696,4.848,0.00015453439882166247,0.9745691142348368,0.0,0.0
485,Device,Relu,model/activation_17/Relu,2,9.696,4.848,9.696,4.848,0.00015453439882166247,0.9747236486336585,0.0,0.0
486,Device,Mul,gradient_tape/conv2d_12/kernel/Regularizer/Mul_1,2,9.664,4.832,9.664,4.832,0.0001540243843040992,0.9748776730179626,0.0,0.0
487,Device,Square,conv2d_31/kernel/Regularizer/Square,2,9.6,4.8,9.6,4.8,0.00015300435526897273,0.9750306773732316,0.0,0.0
488,Device,Relu,model/activation_15/Relu,2,9.6,4.8,9.6,4.8,0.00015300435526897273,0.9751836817285006,0.0,0.0
489,Device,Relu,model/activation_19/Relu,2,9.6,4.8,9.6,4.8,0.00015300435526897273,0.9753366860837696,0.0,0.0
490,Device,Square,conv2d_15/kernel/Regularizer/Square,2,9.504,4.752,9.504,4.752,0.00015147431171628301,0.9754881603954858,0.0,0.0
491,Device,Relu,model/activation_20/Relu,2,9.44,4.72,9.44,4.72,0.0001504542826811565,0.9756386146781669,0.0,0.0
492,Device,Relu,model/activation_21/Relu,2,9.408,4.704,9.408,4.704,0.00014994426816359327,0.9757885589463305,0.0,0.0
493,Device,Relu,model/activation_22/Relu,2,9.408,4.704,9.408,4.704,0.00014994426816359327,0.9759385032144942,0.0,0.0
494,Device,Relu,model/activation_23/Relu,2,9.408,4.704,9.408,4.704,0.00014994426816359327,0.9760884474826578,0.0,0.0
495,Device,Relu,model/activation_24/Relu,2,9.377,4.6885,9.377,4.6885,0.0001494501915997039,0.9762378976742575,0.0,0.0
496,Device,Square,conv2d_11/kernel/Regularizer/Square,2,9.376,4.688,9.376,4.688,0.00014943425364603003,0.9763873319279035,0.0,0.0
497,Device,Relu,model/activation_25/Relu,2,9.376,4.688,9.376,4.688,0.00014943425364603003,0.9765367661815495,0.0,0.0
498,Device,Relu,model/activation_18/Relu,2,9.344,4.672,9.344,4.672,0.0001489242391284668,0.976685690420678,0.0,0.0
499,Device,Square,conv2d_8/kernel/Regularizer/Square,2,9.248,4.624,9.248,4.624,0.00014739419557577705,0.9768330846162537,0.0,0.0
500,Device,Mul,gradient_tape/conv2d_7/kernel/Regularizer/Mul_1,2,9.184,4.592,9.184,4.592,0.00014637416654065058,0.9769794587827944,0.0,0.0
501,Host,IDLE,IDLE,0,159883.321,0.0,159883.321,0.0,0.0,0.0,0.9861537100317437,0.9861537100317437
502,Host,GatherV2,GatherV2,2,1930.823,965.4115,1930.823,965.4115,0.0,0.0,0.011909236391609738,0.9980629464233535
503,Host,Dataset,Iterator::Root::ParallelMapV2::Zip[1]::ForeverRepeat,2,46.836,23.418,43.225,21.6125,0.0,0.0,0.0002666100119106365,0.9983295564352641
504,Host,LogicalAnd,LogicalAnd,1,35.828,35.828,35.828,35.828,0.0,0.0,0.00022098562190247045,0.9985505420571665
505,Host,Dataset,Iterator::Root::ParallelMapV2::Zip[0]::FlatMap[1]::Concatenate,2,55.024,27.512,34.402,17.201,0.0,0.0,0.00021219011289183847,0.9987627321700584
506,Host,FlushSummaryWriter,FlushSummaryWriter,1,33.91,33.91,33.91,33.91,0.0,0.0,0.0002091554772444114,0.9989718876473028
507,Host,Dataset,Iterator::Root,2,59.195,29.5975,31.829,15.9145,0.0,0.0,0.0001963199553291764,0.999168207602632
508,Host,GatherV2,GatherV2_1,2,27.978,13.989,27.978,13.989,0.0,0.0,0.00017256714663356365,0.9993407747492656
509,Host,Dataset,Iterator::Root::ParallelMapV2,2,27.366,13.683,27.366,13.683,0.0,0.0,0.0001687923559501788,0.9995095671052158
510,Host,WriteSummary,WriteSummary,1,20.908,20.908,20.908,20.908,0.0,0.0,0.0001289596790983826,0.9996385267843142
511,Host,Dataset,Iterator::Root::ParallelMapV2::Zip[0]::FlatMap[1]::Concatenate[0]::TensorSlice,2,20.622,10.311,20.622,10.311,0.0,0.0,0.00012719564292934982,0.9997657224272436
512,Host,IteratorGetNext,IteratorGetNext,2,13.443,6.7215,13.443,6.7215,0.0,0.0,8.291586790317377e-05,0.9998486382951468
513,Host,Dataset,Iterator::Root::ParallelMapV2::Zip,2,114.416,57.208,9.726,4.863,0.0,0.0,5.998956566438059e-05,0.9999086278608111
514,Host,ReadVariableOp,ReadVariableOp,1,6.167,6.167,6.167,6.167,0.0,0.0,3.8037800889598505e-05,0.9999466656617008
515,Host,Dataset,Iterator::Root::ParallelMapV2::Zip[1]::ForeverRepeat::FromTensor,4,3.611,0.90275,3.611,0.90275,0.0,0.0,2.227249862369713e-05,0.9999689381603245
516,Host,Dataset,Iterator::Root::ParallelMapV2::Zip[0]::FlatMap,2,57.854,28.927,2.83,1.415,0.0,0.0,1.7455322931338376e-05,0.9999863934832558
517,Host,Identity,Identity,2,2.206,1.103,2.206,1.103,0.0,0.0,1.360651674435776e-05,1.0000000000000002
