Rank,Host/device,Type,Operation,#Occurrences,Total time (us),Avg. time (us),Total self-time (us),Avg. self-time (us),Total self-time on Device (%),Cumulative total-self time on Device (%),Total self-time on Host (%),Cumulative total-self time on Host (%)
1,Device,IDLE,IDLE,0,6369.927,0.0,6369.927,0.0,0.7529281201899811,0.7529281201899811,0.0,0.0
2,Device,Conv2DBackpropFilter,gradient_tape/sequential/conv2d_1/Conv2D/Conv2DBackpropFilter,4,226.626,56.6565,226.626,56.6565,0.026787290995041964,0.7797154111850231,0.0,0.0
3,Device,Conv2DBackpropFilter,gradient_tape/sequential/conv2d_3/Conv2D/Conv2DBackpropFilter,4,134.753,33.68825,134.753,33.68825,0.015927862749441322,0.7956432739344644,0.0,0.0
4,Device,Conv2DBackpropFilter,gradient_tape/sequential/conv2d_2/Conv2D/Conv2DBackpropFilter,2,94.497,47.2485,94.497,47.2485,0.011169586177925218,0.8068128601123896,0.0,0.0
5,Device,SoftmaxCrossEntropyWithLogits,categorical_crossentropy/softmax_cross_entropy_with_logits,2,93.313,46.6565,93.313,46.6565,0.011029636866998274,0.8178424969793879,0.0,0.0
6,Device,_FusedConv2D,sequential/activation_1/Relu,2,92.448,46.224,92.448,46.224,0.010927393493728167,0.8287698904731161,0.0,0.0
7,Device,Conv2DBackpropFilter,gradient_tape/sequential/conv2d/Conv2D/Conv2DBackpropFilter,2,89.28,44.64,89.28,44.64,0.01055293452665337,0.8393228249997695,0.0,0.0
8,Device,Conv2DBackpropInput,gradient_tape/sequential/conv2d_1/Conv2D/Conv2DBackpropInput,2,88.512,44.256,88.512,44.256,0.010462156595241297,0.8497849815950108,0.0,0.0
9,Device,_FusedConv2D,sequential/activation_3/Relu,2,77.12,38.56,77.12,38.56,0.009115617279295564,0.8589005988743064,0.0,0.0
10,Device,Conv2DBackpropInput,gradient_tape/sequential/conv2d_3/Conv2D/Conv2DBackpropInput,2,76.512,38.256,76.512,38.256,0.009043751416927672,0.8679443502912341,0.0,0.0
11,Device,ResourceApplyGradientDescent,SGD/SGD/update_8/ResourceApplyGradientDescent,2,54.4,27.2,54.4,27.2,0.006430103475021766,0.8743744537662559,0.0,0.0
12,Device,_FusedConv2D,sequential/activation_2/Relu,2,53.249,26.6245,53.249,26.6245,0.006294054778335185,0.8806685085445911,0.0,0.0
13,Device,ReluGrad,gradient_tape/sequential/activation/ReluGrad,2,52.064,26.032,52.064,26.032,0.006153987266976714,0.8868224958115678,0.0,0.0
14,Device,_FusedConv2D,sequential/activation/Relu,2,51.552,25.776,51.552,25.776,0.006093468646035333,0.8929159644576031,0.0,0.0
15,Device,Conv2DBackpropInput,gradient_tape/sequential/conv2d_2/Conv2D/Conv2DBackpropInput,2,50.816,25.408,50.816,25.408,0.0060064731284320974,0.8989224375860352,0.0,0.0
16,Device,MatMul,sequential/dense/MatMul,2,41.088,20.544,41.088,20.544,0.004856619330545852,0.903779056916581,0.0,0.0
17,Device,MaxPoolGrad,gradient_tape/sequential/max_pooling2d/MaxPool/MaxPoolGrad,2,40.448,20.224,40.448,20.224,0.004780971054369125,0.9085600279709501,0.0,0.0
18,Device,_Send,IteratorGetNext/_1,2,35.744,17.872,35.744,17.872,0.004224956224470184,0.9127849841954203,0.0,0.0
19,Device,ReluGrad,gradient_tape/sequential/activation_1/ReluGrad,2,31.008,15.504,31.008,15.504,0.003665158980762407,0.9164501431761827,0.0,0.0
20,Device,BiasAddGrad,gradient_tape/sequential/conv2d_1/BiasAdd/BiasAddGrad,2,30.432,15.216,30.432,15.216,0.003597075532203353,0.920047218708386,0.0,0.0
21,Device,ReluGrad,gradient_tape/sequential/activation_2/ReluGrad,2,25.056,12.528,25.056,12.528,0.002961630012318849,0.9230088487207049,0.0,0.0
22,Device,MatMul,gradient_tape/sequential/dense/MatMul/MatMul_1,2,23.52,11.76,23.52,11.76,0.002780074149494705,0.9257889228701995,0.0,0.0
23,Device,MatMul,gradient_tape/sequential/dense/MatMul/MatMul,2,22.944,11.472,22.944,11.472,0.0027119907009356507,0.9285009135711352,0.0,0.0
24,Device,MaxPoolGrad,gradient_tape/sequential/max_pooling2d_1/MaxPool/MaxPoolGrad,2,21.824,10.912,21.824,10.912,0.0025796062176263795,0.9310805197887616,0.0,0.0
25,Device,BiasAddGrad,gradient_tape/sequential/conv2d/BiasAdd/BiasAddGrad,2,21.376,10.688,21.376,10.688,0.0025266524243026706,0.9336071722130643,0.0,0.0
26,Device,MaxPool,sequential/max_pooling2d/MaxPool,2,20.992,10.496,20.992,10.496,0.0024812634585966347,0.936088435671661,0.0,0.0
27,Device,MatMul,sequential/dense_1/MatMul,2,19.392,9.696,19.392,9.696,0.002292142768154818,0.9383805784398158,0.0,0.0
28,Device,BiasAddGrad,gradient_tape/sequential/conv2d_3/BiasAdd/BiasAddGrad,2,19.232,9.616,19.232,9.616,0.0022732306991106364,0.9406538091389265,0.0,0.0
29,Device,Softmax,sequential/activation_5/Softmax,2,17.632,8.816,17.632,8.816,0.0020841100086688197,0.9427379191475953,0.0,0.0
30,Device,BiasAddGrad,gradient_tape/sequential/conv2d_2/BiasAdd/BiasAddGrad,2,14.656,7.328,14.656,7.328,0.0017323455244470406,0.9444702646720423,0.0,0.0
31,Device,RandomUniform,sequential/dropout/dropout/random_uniform/RandomUniform,2,13.344,6.672,13.344,6.672,0.0015772665582847508,0.946047531230327,0.0,0.0
32,Device,MatMul,gradient_tape/sequential/dense_1/MatMul/MatMul_1,2,10.88,5.44,10.88,5.44,0.0012860206950043535,0.9473335519253314,0.0,0.0
33,Device,RandomUniform,sequential/dropout_1/dropout/random_uniform/RandomUniform,2,10.176,5.088,10.176,5.088,0.001202807591209954,0.9485363595165414,0.0,0.0
34,Device,MatMul,gradient_tape/sequential/dense_1/MatMul/MatMul,2,9.984,4.992,9.984,4.992,0.001180113108356936,0.9497164726248983,0.0,0.0
35,Device,Transpose,gradient_tape/sequential/conv2d/Conv2D/Conv2DBackpropFilter-0-TransposeNHWCToNCHW-LayoutOptimizer,2,9.376,4.688,9.376,4.688,0.0011082472459890457,0.9508247198708873,0.0,0.0
36,Device,Mul,gradient_tape/sequential/dropout/dropout/Mul_1,2,9.216,4.608,9.216,4.608,0.0010893351769448638,0.9519140550478322,0.0,0.0
37,Device,Mul,gradient_tape/sequential/dropout_1/dropout/Mul_1,2,9.216,4.608,9.216,4.608,0.0010893351769448638,0.9530033902247771,0.0,0.0
38,Device,ReluGrad,gradient_tape/sequential/activation_3/ReluGrad,2,9.088,4.544,9.088,4.544,0.0010742055217095186,0.9540775957464867,0.0,0.0
39,Device,MaxPool,sequential/max_pooling2d_1/MaxPool,2,8.801,4.4005,8.801,4.4005,0.0010402819978615177,0.9551178777443482,0.0,0.0
40,Device,Transpose,gradient_tape/sequential/dropout/dropout/ArithmeticOptimizer/ReorderCastLikeAndValuePreserving_bool_Mul-1-TransposeNHWCToNCHW-LayoutOptimizer,2,8.8,4.4,8.8,4.4,0.0010401637974299918,0.9561580415417782,0.0,0.0
41,Device,RandomUniform,sequential/dropout_2/dropout/random_uniform/RandomUniform,2,8.096,4.048,8.096,4.048,0.0009569506936355924,0.9571149922354137,0.0,0.0
42,Device,Transpose,gradient_tape/sequential/max_pooling2d_1/MaxPool/MaxPoolGrad-2-TransposeNHWCToNCHW-LayoutOptimizer,2,7.936,3.968,7.936,3.968,0.0009380386245914107,0.9580530308600052,0.0,0.0
43,Device,Transpose,sequential/dropout_1/dropout/Mul_1-0-1-TransposeNCHWToNHWC-LayoutOptimizer,2,7.52,3.76,7.52,3.76,0.0008888672450765383,0.9589418981050817,0.0,0.0
44,Device,ResourceApplyGradientDescent,SGD/SGD/update_2/ResourceApplyGradientDescent,2,7.456,3.728,7.456,3.728,0.0008813024174588657,0.9598232005225406,0.0,0.0
45,Device,Cast,sequential/dropout/dropout/ArithmeticOptimizer/ReorderCastLikeAndValuePreserving_float_Cast,2,7.36,3.68,7.36,3.68,0.0008699551760323567,0.9606931556985729,0.0,0.0
46,Device,Mul,sequential/dropout/dropout/Mul,2,7.296,3.648,7.296,3.648,0.000862390348414684,0.9615555460469877,0.0,0.0
47,Device,ResourceApplyGradientDescent,SGD/SGD/update_6/ResourceApplyGradientDescent,2,7.264,3.632,7.264,3.632,0.0008586079346058476,0.9624141539815935,0.0,0.0
48,Device,Mul,sequential/dropout/dropout/Mul_1,2,7.232,3.616,7.232,3.616,0.0008548255207970113,0.9632689795023904,0.0,0.0
49,Device,ArgMax,ArgMax_1,2,7.072,3.536,7.072,3.536,0.0008359134517528297,0.9641048929541433,0.0,0.0
50,Device,ResourceApplyGradientDescent,SGD/SGD/update_10/ResourceApplyGradientDescent,2,7.008,3.504,7.008,3.504,0.000828348624135157,0.9649332415782784,0.0,0.0
51,Device,ArgMax,ArgMax,2,6.976,3.488,6.976,3.488,0.0008245662103263207,0.9657578077886048,0.0,0.0
52,Device,GreaterEqual,sequential/dropout/dropout/GreaterEqual,2,6.848,3.424,6.848,3.424,0.0008094365550909753,0.9665672443436958,0.0,0.0
53,Device,Transpose,sequential/dropout_1/dropout/ArithmeticOptimizer/ReorderCastLikeAndValuePreserving_bool_Mul_1-0-TransposeNHWCToNCHW-LayoutOptimizer,2,6.816,3.408,6.816,3.408,0.0008056541412821389,0.9673728984849779,0.0,0.0
54,Device,ResourceApplyGradientDescent,SGD/SGD/update_4/ResourceApplyGradientDescent,2,6.624,3.312,6.624,3.312,0.000782959658429121,0.968155858143407,0.0,0.0
55,Device,Mul,sequential/dropout_1/dropout/Mul_1,2,6.432,3.216,6.432,3.216,0.000760265175576103,0.9689161233189831,0.0,0.0
56,Device,ResourceApplyGradientDescent,SGD/SGD/update_9/ResourceApplyGradientDescent,2,6.4,3.2,6.4,3.2,0.0007564827617672667,0.9696726060807505,0.0,0.0
57,Device,Mul,gradient_tape/sequential/dropout/dropout/Mul,2,6.336,3.168,6.336,3.168,0.000748917934149594,0.9704215240149,0.0,0.0
58,Device,Mul,gradient_tape/sequential/dropout_2/dropout/Mul_1,2,6.304,3.152,6.304,3.152,0.0007451355203407576,0.9711666595352407,0.0,0.0
59,Device,Mul,sequential/dropout_2/dropout/Mul_1,2,6.176,3.088,6.176,3.088,0.0007300058651054124,0.9718966654003461,0.0,0.0
60,Device,ResourceApplyGradientDescent,SGD/SGD/update_3/ResourceApplyGradientDescent,2,6.144,3.072,6.144,3.072,0.000726223451296576,0.9726228888516427,0.0,0.0
61,Device,Mul,sequential/dropout_1/dropout/Mul,2,6.112,3.056,6.112,3.056,0.0007224410374877397,0.9733453298891305,0.0,0.0
62,Device,GreaterEqual,sequential/dropout_1/dropout/GreaterEqual,2,6.08,3.04,6.08,3.04,0.0007186586236789033,0.9740639885128094,0.0,0.0
63,Device,ResourceApplyGradientDescent,SGD/SGD/update_11/ResourceApplyGradientDescent,2,6.048,3.024,6.048,3.024,0.000714876209870067,0.9747788647226795,0.0,0.0
64,Device,ResourceApplyGradientDescent,SGD/SGD/update_7/ResourceApplyGradientDescent,2,6.016,3.008,6.016,3.008,0.0007110937960612307,0.9754899585187408,0.0,0.0
65,Device,Mul,gradient_tape/sequential/dropout_1/dropout/Mul,2,6.016,3.008,6.016,3.008,0.0007110937960612307,0.976201052314802,0.0,0.0
66,Device,GreaterEqual,sequential/dropout_2/dropout/GreaterEqual,2,6.016,3.008,6.016,3.008,0.0007110937960612307,0.9769121461108633,0.0,0.0
67,Device,BiasAdd,sequential/dense/BiasAdd,2,5.984,2.992,5.984,2.992,0.0007073113822523943,0.9776194574931157,0.0,0.0
68,Device,Cast,Cast,2,5.952,2.976,5.952,2.976,0.000703528968443558,0.9783229864615594,0.0,0.0
69,Device,Mul,sequential/dropout_2/dropout/Mul,2,5.952,2.976,5.952,2.976,0.000703528968443558,0.979026515430003,0.0,0.0
70,Device,Equal,Equal,2,5.92,2.96,5.92,2.96,0.0006997465546347216,0.9797262619846376,0.0,0.0
71,Device,ResourceApplyGradientDescent,SGD/SGD/update/ResourceApplyGradientDescent,2,5.856,2.928,5.856,2.928,0.0006921817270170489,0.9804184437116547,0.0,0.0
72,Device,BiasAddGrad,gradient_tape/sequential/dense/BiasAdd/BiasAddGrad,2,5.856,2.928,5.856,2.928,0.0006921817270170489,0.9811106254386717,0.0,0.0
73,Device,AssignAddVariableOp,SGD/SGD/AssignAddVariableOp,2,5.728,2.864,5.728,2.864,0.0006770520717817037,0.9817876775104534,0.0,0.0
74,Device,ResourceApplyGradientDescent,SGD/SGD/update_5/ResourceApplyGradientDescent,2,5.728,2.864,5.728,2.864,0.0006770520717817037,0.9824647295822351,0.0,0.0
75,Device,AssignAddVariableOp,AssignAddVariableOp_2,2,5.696,2.848,5.696,2.848,0.0006732696579728673,0.983137999240208,0.0,0.0
76,Device,ResourceApplyGradientDescent,SGD/SGD/update_1/ResourceApplyGradientDescent,2,5.696,2.848,5.696,2.848,0.0006732696579728673,0.9838112688981808,0.0,0.0
77,Device,BiasAddGrad,gradient_tape/sequential/dense_1/BiasAdd/BiasAddGrad,2,5.696,2.848,5.696,2.848,0.0006732696579728673,0.9844845385561537,0.0,0.0
78,Device,Mul,gradient_tape/sequential/dropout_2/dropout/Mul,2,5.696,2.848,5.696,2.848,0.0006732696579728673,0.9851578082141266,0.0,0.0
79,Device,AssignAddVariableOp,AssignAddVariableOp_4,2,5.664,2.832,5.664,2.832,0.000669487244164031,0.9858272954582906,0.0,0.0
80,Device,Mul,gradient_tape/categorical_crossentropy/softmax_cross_entropy_with_logits/mul,2,5.568,2.784,5.568,2.784,0.0006581400027375219,0.9864854354610282,0.0,0.0
81,Device,Sum,categorical_crossentropy/weighted_loss/Sum,2,5.536,2.768,5.536,2.768,0.0006543575889286856,0.9871397930499569,0.0,0.0
82,Device,Cast,sequential/dropout_1/dropout/ArithmeticOptimizer/ReorderCastLikeAndValuePreserving_float_Cast,2,5.536,2.768,5.536,2.768,0.0006543575889286856,0.9877941506388856,0.0,0.0
83,Device,Tile,gradient_tape/categorical_crossentropy/weighted_loss/Tile_1,2,5.472,2.736,5.472,2.736,0.000646792761311013,0.9884409434001966,0.0,0.0
84,Device,BiasAdd,sequential/dense_1/BiasAdd,2,5.376,2.688,5.376,2.688,0.000635445519884504,0.9890763889200811,0.0,0.0
85,Device,AssignAddVariableOp,AssignAddVariableOp_1,2,5.312,2.656,5.312,2.656,0.0006278806922668314,0.9897042696123479,0.0,0.0
86,Device,DivNoNan,gradient_tape/categorical_crossentropy/weighted_loss/value/div_no_nan,2,5.312,2.656,5.312,2.656,0.0006278806922668314,0.9903321503046147,0.0,0.0
87,Device,AssignAddVariableOp,AssignAddVariableOp,2,5.28,2.64,5.28,2.64,0.0006240982784579951,0.9909562485830727,0.0,0.0
88,Device,Mul,Mul,2,5.28,2.64,5.28,2.64,0.0006240982784579951,0.9915803468615307,0.0,0.0
89,Device,ReluGrad,gradient_tape/sequential/activation_4/ReluGrad,2,5.248,2.624,5.248,2.624,0.0006203158646491587,0.9922006627261799,0.0,0.0
90,Device,AssignAddVariableOp,AssignAddVariableOp_3,2,5.184,2.592,5.184,2.592,0.000612751037031486,0.9928134137632114,0.0,0.0
91,Device,Cast,sequential/dropout_1/dropout/Cast,2,5.184,2.592,5.184,2.592,0.000612751037031486,0.9934261648002429,0.0,0.0
92,Device,DivNoNan,categorical_crossentropy/weighted_loss/value,2,5.12,2.56,5.12,2.56,0.0006051862094138133,0.9940313510096568,0.0,0.0
93,Device,Relu,sequential/activation_4/Relu,2,5.088,2.544,5.088,2.544,0.000601403795604977,0.9946327548052618,0.0,0.0
94,Device,Sum,Sum_2,2,5.024,2.512,5.024,2.512,0.0005938389679873043,0.9952265937732491,0.0,0.0
95,Device,Cast,Cast_1,2,4.96,2.48,4.96,2.48,0.0005862741403696316,0.9958128679136187,0.0,0.0
96,Device,DivNoNan,div_no_nan,2,4.96,2.48,4.96,2.48,0.0005862741403696316,0.9963991420539883,0.0,0.0
97,Device,DivNoNan,div_no_nan_1,2,4.96,2.48,4.96,2.48,0.0005862741403696316,0.9969854161943579,0.0,0.0
98,Device,Cast,sequential/dropout_2/dropout/Cast,2,4.864,2.432,4.864,2.432,0.0005749268989431226,0.997560343093301,0.0,0.0
99,Device,Cast,categorical_crossentropy/weighted_loss/num_elements/Cast,2,4.8,2.4,4.8,2.4,0.00056736207132545,0.9981277051646265,0.0,0.0
100,Device,Cast,Cast_2,2,4.672,2.336,4.672,2.336,0.0005522324160901046,0.9986799375807166,0.0,0.0
101,Device,_Recv,strided_slice/_12,2,2.784,1.392,2.784,1.392,0.00032907000136876094,0.9990090075820853,0.0,0.0
102,Device,LogicalAnd,LogicalAnd,1,2.72,2.72,2.72,2.72,0.00032150517375108837,0.9993305127558364,0.0,0.0
103,Device,_Send,IteratorGetNext/_3,2,2.24,1.12,2.24,1.12,0.00026476896661854337,0.9995952817224549,0.0,0.0
104,Device,_Recv,categorical_crossentropy/weighted_loss/num_elements/_14,2,1.728,0.864,1.728,0.864,0.000204250345677162,0.9997995320681321,0.0,0.0
105,Device,_Recv,Size/_16,2,1.696,0.848,1.696,0.848,0.00020046793186832566,1.0000000000000004,0.0,0.0
106,Host,IDLE,IDLE,0,43839.609,0.0,43839.609,0.0,0.0,0.0,0.9745619283942684,0.9745619283942684
107,Host,_Send,IteratorGetNext/_1,2,341.704,170.852,341.704,170.852,0.0,0.0,0.007596137757068844,0.9821580661513372
108,Host,_Send,IteratorGetNext/_3,2,295.696,147.848,295.696,147.848,0.0,0.0,0.00657337212972113,0.9887314382810583
109,Host,GatherV2,GatherV2,2,130.568,65.284,130.568,65.284,0.0,0.0,0.002902548740035132,0.9916339870210934
110,Host,_Send,IteratorGetNext/_6,2,61.685,30.8425,61.685,30.8425,0.0,0.0,0.001371267990848195,0.9930052550119416
111,Host,Dataset,Iterator::Root::ParallelMapV2::Zip[0]::FlatMap[1]::Concatenate,2,69.878,34.939,49.094,24.547,0.0,0.0,0.0010913679296863303,0.9940966229416279
112,Host,LogicalAnd,LogicalAnd,1,35.386,35.386,35.386,35.386,0.0,0.0,0.0007866367694602291,0.9948832597110882
113,Host,Dataset,Iterator::Root::ParallelMapV2::Zip[1]::ForeverRepeat,2,36.844,18.422,34.275,17.1375,0.0,0.0,0.0007619390514115568,0.9956451987624997
114,Host,FlushSummaryWriter,FlushSummaryWriter,1,33.283,33.283,33.283,33.283,0.0,0.0,0.0007398867235049116,0.9963850854860046
115,Host,Dataset,Iterator::Root::ParallelMapV2,2,29.162,14.581,29.162,14.581,0.0,0.0,0.0006482761959814389,0.997033361681986
116,Host,Dataset,Iterator::Root,2,56.284,28.142,27.122,13.561,0.0,0.0,0.0006029266506895476,0.9976362883326755
117,Host,Dataset,Iterator::Root::ParallelMapV2::Zip[0]::FlatMap[1]::Concatenate[0]::TensorSlice,2,20.784,10.392,20.784,10.392,0.0,0.0,0.0004620318379150342,0.9980983201705905
118,Host,WriteSummary,WriteSummary,1,20.6,20.6,20.6,20.6,0.0,0.0,0.0004579414867710597,0.9985562616573616
119,Host,_HostSend,categorical_crossentropy/softmax_cross_entropy_with_logits/Shape_2/_9,2,18.198,9.099,18.198,9.099,0.0,0.0,0.0004045446202067837,0.9989608062775683
120,Host,GatherV2,GatherV2_1,2,16.396,8.198,16.396,8.198,0.0,0.0,0.00036448585519894633,0.9993252921327673
121,Host,IteratorGetNext,IteratorGetNext,2,9.135,4.5675,9.135,4.5675,0.0,0.0,0.00020307259619677817,0.9995283647289641
122,Host,Dataset,Iterator::Root::ParallelMapV2::Zip,2,116.924,58.462,7.157,3.5785,0.0,0.0,0.00015910132139905215,0.9996874660503632
123,Host,ReadVariableOp,ReadVariableOp,1,6.259,6.259,6.259,6.259,0.0,0.0,0.00013913862940291566,0.9998266046797661
124,Host,Dataset,Iterator::Root::ParallelMapV2::Zip[0]::FlatMap,2,72.923,36.4615,3.045,1.5225,0.0,0.0,6.769086539892606e-05,0.9998942955451651
125,Host,Dataset,Iterator::Root::ParallelMapV2::Zip[1]::ForeverRepeat::FromTensor,4,2.569,0.64225,2.569,0.64225,0.0,0.0,5.710930483081807e-05,0.9999514048499959
126,Host,Identity,Identity,2,2.186,1.093,2.186,1.093,0.0,0.0,4.859515000395808e-05,0.9999999999999999
