Rank,Host/device,Type,Operation,#Occurrences,Total time (us),Avg. time (us),Total self-time (us),Avg. self-time (us),Total self-time on Device (%),Cumulative total-self time on Device (%),Total self-time on Host (%),Cumulative total-self time on Host (%)
1,Device,Conv2DBackpropFilter,gradient_tape/sequential/conv2d_1/Conv2D/Conv2DBackpropFilter,4,10687.729,2671.93225,10687.729,2671.93225,0.058479994505980376,0.058479994505980376,0.0,0.0
2,Device,Conv2DBackpropInput,gradient_tape/sequential/conv2d_3/Conv2D/Conv2DBackpropInput,4,9600.014,2400.0035,9600.014,2400.0035,0.05252834965943978,0.11100834416542016,0.0,0.0
3,Device,Conv2DBackpropFilter,gradient_tape/sequential/conv2d_3/Conv2D/Conv2DBackpropFilter,2,9213.487,4606.7435,9213.487,4606.7435,0.050413391763668554,0.1614217359290887,0.0,0.0
4,Device,MaxPoolGrad,gradient_tape/sequential/max_pooling2d/MaxPool/MaxPoolGrad,2,9100.91,4550.455,9100.91,4550.455,0.04979740474327351,0.21121914067236222,0.0,0.0
5,Device,_FusedConv2D,sequential/conv2d_3/Relu,4,8268.429,2067.10725,8268.429,2067.10725,0.0452423225264309,0.25646146319879315,0.0,0.0
6,Device,Conv2DBackpropFilter,gradient_tape/sequential/conv2d_5/Conv2D/Conv2DBackpropFilter,2,7796.94,3898.47,7796.94,3898.47,0.04266247847072644,0.2991239416695196,0.0,0.0
7,Device,Conv2DBackpropInput,gradient_tape/sequential/conv2d_1/Conv2D/Conv2DBackpropInput,2,7643.629,3821.8145,7643.629,3821.8145,0.04182360742172189,0.3409475490912415,0.0,0.0
8,Device,Conv2DBackpropInput,gradient_tape/sequential/conv2d_5/Conv2D/Conv2DBackpropInput,2,7503.628,3751.814,7503.628,3751.814,0.04105756463463103,0.38200511372587254,0.0,0.0
9,Device,_FusedConv2D,sequential/conv2d_5/Relu,2,7476.908,3738.454,7476.908,3738.454,0.04091136094129265,0.4229164746671652,0.0,0.0
10,Device,ReluGrad,gradient_tape/sequential/conv2d/ReluGrad,2,7067.403,3533.7015,7067.403,3533.7015,0.03867067443528455,0.46158714910244975,0.0,0.0
11,Device,Conv2DBackpropFilter,gradient_tape/sequential/conv2d/Conv2D/Conv2DBackpropFilter,2,6069.418,3034.709,6069.418,3034.709,0.03321000479096152,0.4947971538934113,0.0,0.0
12,Device,Conv2DBackpropInput,gradient_tape/sequential/conv2d_2/Conv2D/Conv2DBackpropInput,4,5719.88,1429.97,5719.88,1429.97,0.031297439425612965,0.5260945933190242,0.0,0.0
13,Device,Conv2DBackpropFilter,gradient_tape/sequential/conv2d_2/Conv2D/Conv2DBackpropFilter,2,5662.474,2831.237,5662.474,2831.237,0.03098333129613005,0.5570779246151543,0.0,0.0
14,Device,_FusedConv2D,sequential/conv2d_1/Relu,4,5609.577,1402.39425,5609.577,1402.39425,0.03069389503989799,0.5877718196550522,0.0,0.0
15,Device,_Send,IteratorGetNext/_1,2,4920.487,2460.2435,4920.487,2460.2435,0.02692340465656903,0.6146952243116213,0.0,0.0
16,Device,_FusedConv2D,sequential/conv2d_2/Relu,4,4501.543,1125.38575,4501.543,1125.38575,0.024631070820417923,0.6393262951320392,0.0,0.0
17,Device,_FusedConv2D,sequential/conv2d_4/Relu,2,4374.151,2187.0755,4374.151,2187.0755,0.023934020636968673,0.6632603157690079,0.0,0.0
18,Device,Conv2DBackpropFilter,gradient_tape/sequential/conv2d_4/Conv2D/Conv2DBackpropFilter,2,4262.823,2131.4115,4262.823,2131.4115,0.02332486776376598,0.6865851835327739,0.0,0.0
19,Device,Conv2DBackpropInput,gradient_tape/sequential/conv2d_4/Conv2D/Conv2DBackpropInput,2,4244.39,2122.195,4244.39,2122.195,0.02322400800780391,0.7098091915405778,0.0,0.0
20,Device,IDLE,IDLE,0,3976.998,0.0,3976.998,0.0,0.021760920508958913,0.7315701120495367,0.0,0.0
21,Device,ReluGrad,gradient_tape/sequential/conv2d_1/ReluGrad,2,3497.989,1748.9945,3497.989,1748.9945,0.01913992930602748,0.7507100413555642,0.0,0.0
22,Device,_FusedConv2D,sequential/conv2d/Relu,2,3049.062,1524.531,3049.062,1524.531,0.016683537635394156,0.7673935789909584,0.0,0.0
23,Device,MaxPoolGrad,gradient_tape/sequential/max_pooling2d_1/MaxPool/MaxPoolGrad,2,2838.853,1419.4265,2838.853,1419.4265,0.015533338078022554,0.782926917068981,0.0,0.0
24,Device,MaxPool,sequential/max_pooling2d/MaxPool,2,2697.54,1348.77,2697.54,1348.77,0.014760116426947419,0.7976870334959284,0.0,0.0
25,Device,Conv2DBackpropFilter,gradient_tape/sequential/conv2d_6/Conv2D/Conv2DBackpropFilter,2,2549.348,1274.674,2549.348,1274.674,0.013949254985210801,0.8116362884811392,0.0,0.0
26,Device,Conv2DBackpropFilter,gradient_tape/sequential/conv2d_7/Conv2D/Conv2DBackpropFilter,2,2529.988,1264.994,2529.988,1264.994,0.01384332296788179,0.825479611449021,0.0,0.0
27,Device,Conv2DBackpropInput,gradient_tape/sequential/conv2d_6/Conv2D/Conv2DBackpropInput,4,2354.211,588.55275,2354.211,588.55275,0.012881524816536661,0.8383611362655577,0.0,0.0
28,Device,Conv2DBackpropInput,gradient_tape/sequential/conv2d_7/Conv2D/Conv2DBackpropInput,4,2342.084,585.521,2342.084,585.521,0.01281516956993806,0.8511763058354959,0.0,0.0
29,Device,_FusedConv2D,sequential/conv2d_6/Relu,2,2136.612,1068.306,2136.612,1068.306,0.011690889432302386,0.8628671952677982,0.0,0.0
30,Device,_FusedConv2D,sequential/conv2d_7/Relu,2,2136.196,1068.098,2136.196,1068.098,0.011688613207136638,0.8745558084749349,0.0,0.0
31,Device,BiasAddGrad,gradient_tape/sequential/conv2d/BiasAdd/BiasAddGrad,2,2094.211,1047.1055,2094.211,1047.1055,0.011458884087944564,0.8860146925628795,0.0,0.0
32,Device,ReluGrad,gradient_tape/sequential/conv2d_3/ReluGrad,2,1739.555,869.7775,1739.555,869.7775,0.009518314587023183,0.8955330071499027,0.0,0.0
33,Device,ReluGrad,gradient_tape/sequential/conv2d_2/ReluGrad,2,1732.868,866.434,1732.868,866.434,0.009481725361822816,0.9050147325117255,0.0,0.0
34,Device,ResourceApplyGradientDescent,SGD/SGD/update_16/ResourceApplyGradientDescent,2,1684.322,842.161,1684.322,842.161,0.009216096451014231,0.9142308289627397,0.0,0.0
35,Device,MaxPool,sequential/max_pooling2d_1/MaxPool,2,1326.018,663.009,1326.018,663.009,0.007255566206331681,0.9214863951690714,0.0,0.0
36,Device,MaxPoolGrad,gradient_tape/sequential/max_pooling2d_2/MaxPool/MaxPoolGrad,2,1254.082,627.041,1254.082,627.041,0.006861954346900907,0.9283483495159723,0.0,0.0
37,Device,BiasAddGrad,gradient_tape/sequential/conv2d_1/BiasAdd/BiasAddGrad,2,1065.474,532.737,1065.474,532.737,0.005829948875599758,0.9341782983915721,0.0,0.0
38,Device,ReluGrad,gradient_tape/sequential/conv2d_5/ReluGrad,2,864.962,432.481,864.962,432.481,0.004732808345709533,0.9389111067372816,0.0,0.0
39,Device,ReluGrad,gradient_tape/sequential/conv2d_4/ReluGrad,2,862.721,431.3605,862.721,431.3605,0.004720546276968091,0.9436316530142497,0.0,0.0
40,Device,ResourceApplyGradientDescent,SGD/SGD/update_18/ResourceApplyGradientDescent,2,842.817,421.4085,842.817,421.4085,0.004611637657499256,0.948243290671749,0.0,0.0
41,Device,MatMul,gradient_tape/sequential/dense/MatMul/MatMul_1,2,833.953,416.9765,833.953,416.9765,0.004563136552044485,0.9528064272237934,0.0,0.0
42,Device,MaxPoolGrad,gradient_tape/sequential/max_pooling2d_3/MaxPool/MaxPoolGrad,2,690.816,345.408,690.816,345.408,0.0037799345290887654,0.9565863617528821,0.0,0.0
43,Device,MaxPool,sequential/max_pooling2d_2/MaxPool,2,680.704,340.352,680.704,340.352,0.0037246047481367525,0.9603109665010189,0.0,0.0
44,Device,MatMul,gradient_tape/sequential/dense/MatMul/MatMul,2,656.545,328.2725,656.545,328.2725,0.0035924140659749967,0.9639033805669939,0.0,0.0
45,Device,MatMul,sequential/dense/MatMul,2,581.28,290.64,581.28,290.64,0.0031805869335231342,0.9670839675005171,0.0,0.0
46,Device,BiasAddGrad,gradient_tape/sequential/conv2d_3/BiasAdd/BiasAddGrad,2,551.776,275.888,551.776,275.888,0.0030191500409985908,0.9701031175415157,0.0,0.0
47,Device,BiasAddGrad,gradient_tape/sequential/conv2d_2/BiasAdd/BiasAddGrad,2,551.584,275.792,551.584,275.792,0.0030180994755374764,0.9731212170170531,0.0,0.0
48,Device,MaxPoolGrad,gradient_tape/sequential/max_pooling2d_4/MaxPool/MaxPoolGrad,2,475.169,237.5845,475.169,237.5845,0.002599979893709149,0.9757211969107623,0.0,0.0
49,Device,MatMul,gradient_tape/sequential/dense_1/MatMul/MatMul_1,2,416.768,208.384,416.768,208.384,0.0022804274275918138,0.9780016243383541,0.0,0.0
50,Device,MatMul,gradient_tape/sequential/dense_1/MatMul/MatMul,2,404.545,202.2725,404.545,202.2725,0.0022135468982626555,0.9802151712366168,0.0,0.0
51,Device,MaxPool,sequential/max_pooling2d_3/MaxPool,2,366.88,183.44,366.88,183.44,0.00200745550194565,0.9822226267385625,0.0,0.0
52,Device,Transpose,gradient_tape/sequential/conv2d/Conv2D/Conv2DBackpropFilter-0-TransposeNHWCToNCHW-LayoutOptimizer,2,317.152,158.576,317.152,158.576,0.0017353590475170813,0.9839579857860796,0.0,0.0
53,Device,BiasAddGrad,gradient_tape/sequential/conv2d_4/BiasAdd/BiasAddGrad,2,304.641,152.3205,304.641,152.3205,0.0016669026699962517,0.9856248884560759,0.0,0.0
54,Device,MatMul,sequential/dense_1/MatMul,2,303.265,151.6325,303.265,151.6325,0.0016593736175249333,0.9872842620736008,0.0,0.0
55,Device,BiasAddGrad,gradient_tape/sequential/conv2d_5/BiasAdd/BiasAddGrad,2,295.105,147.5525,295.105,147.5525,0.0016147245854275815,0.9888989866590283,0.0,0.0
56,Device,ReluGrad,gradient_tape/sequential/conv2d_6/ReluGrad,2,214.24,107.12,214.24,107.12,0.0011722559603598891,0.9900712426193882,0.0,0.0
57,Device,ReluGrad,gradient_tape/sequential/conv2d_7/ReluGrad,2,211.329,105.6645,211.329,105.6645,0.0011563278558947676,0.991227570475283,0.0,0.0
58,Device,SoftmaxCrossEntropyWithLogits,categorical_crossentropy/softmax_cross_entropy_with_logits,2,157.664,78.832,157.664,78.832,0.0008626893378182483,0.9920902598131013,0.0,0.0
59,Device,ResourceApplyGradientDescent,SGD/SGD/update_10/ResourceApplyGradientDescent,2,127.744,63.872,127.744,63.872,0.0006989762201279577,0.9927892360332292,0.0,0.0
60,Device,ResourceApplyGradientDescent,SGD/SGD/update_12/ResourceApplyGradientDescent,2,126.818,63.409,126.818,63.409,0.0006939094304561259,0.9934831454636853,0.0,0.0
61,Device,ResourceApplyGradientDescent,SGD/SGD/update_14/ResourceApplyGradientDescent,2,126.016,63.008,126.016,63.008,0.0006895211309779302,0.9941726665946633,0.0,0.0
62,Device,MaxPool,sequential/max_pooling2d_4/MaxPool,2,95.136,47.568,95.136,47.568,0.0005205551859820686,0.9946932217806453,0.0,0.0
63,Device,BiasAddGrad,gradient_tape/sequential/conv2d_6/BiasAdd/BiasAddGrad,2,82.784,41.392,82.784,41.392,0.00045296880798372413,0.9951461905886291,0.0,0.0
64,Device,BiasAddGrad,gradient_tape/sequential/conv2d_7/BiasAdd/BiasAddGrad,2,82.368,41.184,82.368,41.184,0.0004506925828179767,0.995596883171447,0.0,0.0
65,Device,ResourceApplyGradientDescent,SGD/SGD/update_8/ResourceApplyGradientDescent,2,67.136,33.568,67.136,33.568,0.0003673477229029196,0.9959642308943499,0.0,0.0
66,Device,Transpose,gradient_tape/sequential/max_pooling2d_4/MaxPool/MaxPoolGrad-2-TransposeNHWCToNCHW-LayoutOptimizer,2,42.432,21.216,42.432,21.216,0.00023217496690623046,0.9961964058612561,0.0,0.0
67,Device,ResourceApplyGradientDescent,SGD/SGD/update_6/ResourceApplyGradientDescent,2,37.344,18.672,37.344,18.672,0.00020433498218670507,0.9964007408434429,0.0,0.0
68,Device,MatMul,sequential/dense_2/MatMul,2,35.84,17.92,35.84,17.92,0.0001961055527413108,0.9965968463961842,0.0,0.0
69,Device,Transpose,sequential/max_pooling2d_4/MaxPool-0-2-TransposeNCHWToNHWC-LayoutOptimizer,2,35.584,17.792,35.584,17.792,0.00019470479879315857,0.9967915511949773,0.0,0.0
70,Device,ReluGrad,gradient_tape/sequential/dense/ReluGrad,2,31.776,15.888,31.776,15.888,0.0001738685838143943,0.9969654197787917,0.0,0.0
71,Device,MatMul,gradient_tape/sequential/dense_2/MatMul/MatMul_1,2,28.288,14.144,28.288,14.144,0.0001547833112708203,0.9971202030900626,0.0,0.0
72,Device,ArgMax,ArgMax,2,26.592,13.296,26.592,13.296,0.00014550331636431184,0.9972657064064269,0.0,0.0
73,Device,MatMul,gradient_tape/sequential/dense_2/MatMul/MatMul,2,25.792,12.896,25.792,12.896,0.00014112596027633615,0.9974068323667032,0.0,0.0
74,Device,ReluGrad,gradient_tape/sequential/dense_1/ReluGrad,2,25.377,12.6885,25.377,12.6885,0.00013885520680569874,0.9975456875735089,0.0,0.0
75,Device,ArgMax,ArgMax_1,2,24.288,12.144,24.288,12.144,0.00013289653083094186,0.9976785841043398,0.0,0.0
76,Device,ResourceApplyGradientDescent,SGD/SGD/update_4/ResourceApplyGradientDescent,2,24.224,12.112,24.224,12.112,0.0001325463423439038,0.9978111304466838,0.0,0.0
77,Device,Softmax,sequential/dense_2/Softmax,2,23.328,11.664,23.328,11.664,0.00012764370352537103,0.9979387741502092,0.0,0.0
78,Device,BiasAddGrad,gradient_tape/sequential/dense/BiasAdd/BiasAddGrad,2,20.641,10.3205,20.641,10.3205,0.00011294125876488269,0.9980517154089741,0.0,0.0
79,Device,BiasAddGrad,gradient_tape/sequential/dense_1/BiasAdd/BiasAddGrad,2,19.392,9.696,19.392,9.696,0.00010610711157253065,0.9981578225205466,0.0,0.0
80,Device,ResourceApplyGradientDescent,SGD/SGD/update_20/ResourceApplyGradientDescent,2,13.824,6.912,13.824,6.912,7.564071320021987e-05,0.9982334632337468,0.0,0.0
81,Device,ResourceApplyGradientDescent,SGD/SGD/update_2/ResourceApplyGradientDescent,2,12.512,6.256,12.512,6.256,6.846184921593975e-05,0.9983019250829628,0.0,0.0
82,Device,BiasAdd,sequential/dense/BiasAdd,2,12.192,6.096,12.192,6.096,6.671090678074948e-05,0.9983686359897436,0.0,0.0
83,Device,Relu,sequential/dense/Relu,2,11.584,5.792,11.584,5.792,6.338411615388794e-05,0.9984320201058975,0.0,0.0
84,Device,BiasAdd,sequential/dense_1/BiasAdd,2,11.489,5.7445,11.489,5.7445,6.286430511844083e-05,0.998494884411016,0.0,0.0
85,Device,Relu,sequential/dense_1/Relu,2,11.072,5.536,11.072,5.536,6.0582608257583506e-05,0.9985554670192736,0.0,0.0
86,Device,_Send,IteratorGetNext/_3,2,10.304,5.152,10.304,5.152,5.638034641312685e-05,0.9986118473656866,0.0,0.0
87,Device,ResourceApplyGradientDescent,SGD/SGD/update/ResourceApplyGradientDescent,2,9.152,4.576,9.152,4.576,5.007695364644186e-05,0.9986619243193331,0.0,0.0
88,Device,ResourceApplyGradientDescent,SGD/SGD/update_3/ResourceApplyGradientDescent,2,8.704,4.352,8.704,4.352,4.762563423717548e-05,0.9987095499535703,0.0,0.0
89,Device,ResourceApplyGradientDescent,SGD/SGD/update_19/ResourceApplyGradientDescent,2,8.576,4.288,8.576,4.288,4.692525726309937e-05,0.9987564752108334,0.0,0.0
90,Device,ResourceApplyGradientDescent,SGD/SGD/update_17/ResourceApplyGradientDescent,2,8.544,4.272,8.544,4.272,4.675016301958034e-05,0.998803225373853,0.0,0.0
91,Device,ResourceApplyGradientDescent,SGD/SGD/update_9/ResourceApplyGradientDescent,2,8.288,4.144,8.288,4.144,4.534940907142812e-05,0.9988485747829244,0.0,0.0
92,Device,ResourceApplyGradientDescent,SGD/SGD/update_5/ResourceApplyGradientDescent,2,8.256,4.128,8.256,4.128,4.517431482790909e-05,0.9988937490977523,0.0,0.0
93,Device,ResourceApplyGradientDescent,SGD/SGD/update_1/ResourceApplyGradientDescent,2,8.224,4.112,8.224,4.112,4.499922058439006e-05,0.9989387483183367,0.0,0.0
94,Device,ResourceApplyGradientDescent,SGD/SGD/update_7/ResourceApplyGradientDescent,2,8.16,4.08,8.16,4.08,4.464903209735201e-05,0.9989833973504341,0.0,0.0
95,Device,ResourceApplyGradientDescent,SGD/SGD/update_11/ResourceApplyGradientDescent,2,8.128,4.064,8.128,4.064,4.447393785383298e-05,0.9990278712882878,0.0,0.0
96,Device,BiasAddGrad,gradient_tape/sequential/dense_2/BiasAdd/BiasAddGrad,2,7.712,3.856,7.712,3.856,4.219771268808562e-05,0.999070069000976,0.0,0.0
97,Device,AssignAddVariableOp,SGD/SGD/AssignAddVariableOp,2,7.616,3.808,7.616,3.808,4.167242995752854e-05,0.9991117414309335,0.0,0.0
98,Device,ResourceApplyGradientDescent,SGD/SGD/update_15/ResourceApplyGradientDescent,2,7.264,3.632,7.264,3.632,3.974639327881924e-05,0.9991514878242124,0.0,0.0
99,Device,ResourceApplyGradientDescent,SGD/SGD/update_13/ResourceApplyGradientDescent,2,7.2,3.6,7.2,3.6,3.939620479178118e-05,0.9991908840290041,0.0,0.0
100,Device,BiasAdd,sequential/dense_2/BiasAdd,2,6.976,3.488,6.976,3.488,3.8170545087147994e-05,0.9992290545740913,0.0,0.0
101,Device,Cast,Cast,2,6.944,3.472,6.944,3.472,3.799545084362896e-05,0.9992670500249349,0.0,0.0
102,Device,Mul,gradient_tape/categorical_crossentropy/softmax_cross_entropy_with_logits/mul,2,6.944,3.472,6.944,3.472,3.799545084362896e-05,0.9993050454757785,0.0,0.0
103,Device,ResourceApplyGradientDescent,SGD/SGD/update_21/ResourceApplyGradientDescent,2,6.72,3.36,6.72,3.36,3.676979113899577e-05,0.9993418152669175,0.0,0.0
104,Device,AssignAddVariableOp,AssignAddVariableOp_4,2,6.688,3.344,6.688,3.344,3.659469689547674e-05,0.9993784099638129,0.0,0.0
105,Device,Cast,Cast_1,2,6.56,3.28,6.56,3.28,3.589431992140063e-05,0.9994143042837342,0.0,0.0
106,Device,Tile,gradient_tape/categorical_crossentropy/weighted_loss/Tile_1,2,6.529,3.2645,6.529,3.2645,3.5724697372991574e-05,0.9994500289811072,0.0,0.0
107,Device,Sum,categorical_crossentropy/weighted_loss/Sum,2,6.464,3.232,6.464,3.232,3.536903719084355e-05,0.999485398018298,0.0,0.0
108,Device,AssignAddVariableOp,AssignAddVariableOp_2,2,6.368,3.184,6.368,3.184,3.484375446028647e-05,0.9995202417727583,0.0,0.0
109,Device,Equal,Equal,2,6.336,3.168,6.336,3.168,3.466866021676744e-05,0.9995549104329751,0.0,0.0
110,Device,DivNoNan,categorical_crossentropy/weighted_loss/value,2,6.304,3.152,6.304,3.152,3.4493565973248414e-05,0.9995894039989484,0.0,0.0
111,Device,AssignAddVariableOp,AssignAddVariableOp_1,2,6.208,3.104,6.208,3.104,3.396828324269133e-05,0.999623372282191,0.0,0.0
112,Device,Mul,Mul,2,6.208,3.104,6.208,3.104,3.396828324269133e-05,0.9996573405654336,0.0,0.0
113,Device,DivNoNan,gradient_tape/categorical_crossentropy/weighted_loss/value/div_no_nan,2,6.144,3.072,6.144,3.072,3.361809475565328e-05,0.9996909586601893,0.0,0.0
114,Device,AssignAddVariableOp,AssignAddVariableOp_3,2,6.112,3.056,6.112,3.056,3.344300051213425e-05,0.9997244016607014,0.0,0.0
115,Device,AssignAddVariableOp,AssignAddVariableOp,2,6.016,3.008,6.016,3.008,3.2917717781577167e-05,0.999757319378483,0.0,0.0
116,Device,Sum,Sum_2,2,5.92,2.96,5.92,2.96,3.239243505102008e-05,0.999789711813534,0.0,0.0
117,Device,DivNoNan,div_no_nan,2,5.824,2.912,5.824,2.912,3.1867152320463004e-05,0.9998215789658546,0.0,0.0
118,Device,DivNoNan,div_no_nan_1,2,5.824,2.912,5.824,2.912,3.1867152320463004e-05,0.9998534461181751,0.0,0.0
119,Device,Cast,categorical_crossentropy/weighted_loss/num_elements/Cast,2,5.6,2.8,5.6,2.8,3.064149261582981e-05,0.9998840876107908,0.0,0.0
120,Device,Cast,Cast_2,2,5.568,2.784,5.568,2.784,3.046639837231078e-05,0.9999145540091632,0.0,0.0
121,Device,_Recv,strided_slice/_12,2,5.216,2.608,5.216,2.608,2.854036169360148e-05,0.9999430943708568,0.0,0.0
122,Device,_Recv,categorical_crossentropy/weighted_loss/num_elements/_14,2,3.68,1.84,3.68,1.84,2.013583800468816e-05,0.9999632302088615,0.0,0.0
123,Device,LogicalAnd,LogicalAnd,1,3.456,3.456,3.456,3.456,1.8910178300054968e-05,0.9999821403871615,0.0,0.0
124,Device,_Recv,Size/_16,2,3.264,1.632,3.264,1.632,1.78596128389408e-05,1.0000000000000004,0.0,0.0
125,Host,IDLE,IDLE,0,710273.812,0.0,710273.812,0.0,0.0,0.0,0.9743035154070913,0.9743035154070913
126,Host,GatherV2,GatherV2,2,7608.783,3804.3915,7608.783,3804.3915,0.0,0.0,0.010437191826058363,0.9847407072331497
127,Host,_Send,IteratorGetNext/_3,2,5373.965,2686.9825,5373.965,2686.9825,0.0,0.0,0.007371626128846588,0.9921123333619962
128,Host,_Send,IteratorGetNext/_1,2,5289.162,2644.581,5289.162,2644.581,0.0,0.0,0.007255299355113492,0.9993676327171097
129,Host,_Send,IteratorGetNext/_6,2,83.058,41.529,83.058,41.529,0.0,0.0,0.00011393310581846736,0.9994815658229281
130,Host,GatherV2,GatherV2_1,2,58.429,29.2145,58.429,29.2145,0.0,0.0,8.014878085033626e-05,0.9995617146037785
131,Host,Dataset,Iterator::Root::ParallelMapV2::Zip[1]::ForeverRepeat,2,53.768,26.884,49.823,24.9115,0.0,0.0,6.834367708340556e-05,0.9996300582808619
132,Host,FlushSummaryWriter,FlushSummaryWriter,1,42.48,42.48,42.48,42.48,0.0,0.0,5.827106762946968e-05,0.9996883293484914
133,Host,LogicalAnd,LogicalAnd,1,33.96,33.96,33.96,33.96,0.0,0.0,4.658393259644045e-05,0.9997349132810879
134,Host,Dataset,Iterator::Root::ParallelMapV2,2,27.806,13.903,27.806,13.903,0.0,0.0,3.814230947516558e-05,0.9997730555905631
135,Host,Dataset,Iterator::Root,2,55.132,27.566,27.326,13.663,0.0,0.0,3.748387933245971e-05,0.9998105394698955
136,Host,Dataset,Iterator::Root::ParallelMapV2::Zip[0]::FlatMap[1]::Concatenate[0]::TensorSlice,2,26.455,13.2275,26.455,13.2275,0.0,0.0,3.6289102969341344e-05,0.9998468285728649
137,Host,WriteSummary,WriteSummary,1,23.283,23.283,23.283,23.283,0.0,0.0,3.193797710962671e-05,0.9998787665499745
138,Host,Dataset,Iterator::Root::ParallelMapV2::Zip[0]::FlatMap[1]::Concatenate,2,48.273,24.1365,21.818,10.909,0.0,0.0,2.992839344490983e-05,0.9999086949434195
139,Host,_HostSend,categorical_crossentropy/softmax_cross_entropy_with_logits/Shape_2/_9,2,21.316,10.658,21.316,10.658,0.0,0.0,2.9239785253996602e-05,0.9999379347286735
140,Host,IteratorGetNext,IteratorGetNext,2,16.824,8.412,16.824,8.412,0.0,0.0,2.307797650184082e-05,0.9999610127051753
141,Host,Dataset,Iterator::Root::ParallelMapV2::Zip,2,116.16,58.08,10.62,5.31,0.0,0.0,1.456776690736742e-05,0.9999755804720827
142,Host,ReadVariableOp,ReadVariableOp,1,7.988,7.988,7.988,7.988,0.0,0.0,1.0957374958196889e-05,0.9999865378470408
143,Host,Dataset,Iterator::Root::ParallelMapV2::Zip[1]::ForeverRepeat::FromTensor,4,3.945,0.98625,3.945,0.98625,0.0,0.0,5.411472735363886e-06,0.9999919493197762
144,Host,Dataset,Iterator::Root::ParallelMapV2::Zip[0]::FlatMap,2,51.772,25.886,3.499,1.7495,0.0,0.0,4.7996813944330134e-06,0.9999967490011706
145,Host,Identity,Identity,2,2.37,1.185,2.37,1.185,0.0,0.0,3.250998829610244e-06,1.0000000000000002
