Rank,Host/device,Type,Operation,#Occurrences,Total time (us),Avg. time (us),Total self-time (us),Avg. self-time (us),Total self-time on Device (%),Cumulative total-self time on Device (%),Total self-time on Host (%),Cumulative total-self time on Host (%)
1,Device,IDLE,IDLE,0,5255.793,0.0,5255.793,0.0,0.7342008587806254,0.7342008587806254,0.0,0.0
2,Device,Conv2DBackpropFilter,gradient_tape/sequential/conv2d/Conv2D/Conv2DBackpropFilter,2,147.713,73.8565,147.713,73.8565,0.020634566744364268,0.7548354255249896,0.0,0.0
3,Device,Conv2DBackpropFilter,gradient_tape/sequential/conv2d_1/Conv2D/Conv2DBackpropFilter,2,110.209,55.1045,110.209,55.1045,0.015395496444657151,0.7702309219696467,0.0,0.0
4,Device,Conv2DBackpropFilter,gradient_tape/sequential/conv2d_2/Conv2D/Conv2DBackpropFilter,2,100.034,50.017,100.034,50.017,0.013974113650834629,0.7842050356204814,0.0,0.0
5,Device,ReluGrad,gradient_tape/sequential/conv2d/ReluGrad,2,100.0,50.0,100.0,50.0,0.01396936406705183,0.7981743996875332,0.0,0.0
6,Device,_FusedConv2D,sequential/conv2d/Relu,2,89.313,44.6565,89.313,44.6565,0.012476458129206001,0.8106508578167392,0.0,0.0
7,Device,_FusedConv2D,sequential/conv2d_2/Relu,2,85.152,42.576,85.152,42.576,0.011895192890375975,0.8225460507071152,0.0,0.0
8,Device,Conv2DBackpropInput,gradient_tape/sequential/conv2d_1/Conv2D/Conv2DBackpropInput,2,82.944,41.472,82.944,41.472,0.01158674933177547,0.8341328000388907,0.0,0.0
9,Device,_Recv,IteratorGetNext/_2,1,77.12,77.12,77.12,77.12,0.010773173568510371,0.844905973607401,0.0,0.0
10,Device,_Send,IteratorGetNext/_1,1,75.392,75.392,75.392,75.392,0.010531782957431715,0.8554377565648328,0.0,0.0
11,Device,MaxPoolGrad,gradient_tape/sequential/max_pooling2d/MaxPool/MaxPoolGrad,2,75.04,37.52,75.04,37.52,0.010482610795915694,0.8659203673607485,0.0,0.0
12,Device,Conv2DBackpropInput,gradient_tape/sequential/conv2d_2/Conv2D/Conv2DBackpropInput,2,74.624,37.312,74.624,37.312,0.010424498241396758,0.8763448656021453,0.0,0.0
13,Device,_FusedConv2D,sequential/conv2d_1/Relu,2,65.344,32.672,65.344,32.672,0.009128141255974347,0.8854730068581197,0.0,0.0
14,Device,BiasAddGrad,gradient_tape/sequential/conv2d/BiasAdd/BiasAddGrad,2,54.625,27.3125,54.625,27.3125,0.007630765121627062,0.8931037719797468,0.0,0.0
15,Device,MaxPoolGrad,gradient_tape/sequential/max_pooling2d_2/MaxPool/MaxPoolGrad,2,48.897,24.4485,48.897,24.4485,0.006830599947866333,0.899934371927613,0.0,0.0
16,Device,MaxPool,sequential/max_pooling2d/MaxPool,2,46.912,23.456,46.912,23.456,0.006553308071135354,0.9064876799987484,0.0,0.0
17,Device,MaxPoolGrad,gradient_tape/sequential/max_pooling2d_1/MaxPool/MaxPoolGrad,2,43.36,21.68,43.36,21.68,0.006057116259473674,0.912544796258222,0.0,0.0
18,Device,ReluGrad,gradient_tape/sequential/conv2d_1/ReluGrad,2,38.784,19.392,38.784,19.392,0.005417878159765382,0.9179626744179874,0.0,0.0
19,Device,Transpose,gradient_tape/sequential/conv2d/Conv2D/Conv2DBackpropFilter-0-TransposeNHWCToNCHW-LayoutOptimizer,2,25.152,12.576,25.152,12.576,0.0035135744501448764,0.9214762488681323,0.0,0.0
20,Device,MatMul,sequential/dense/MatMul,2,23.521,11.7605,23.521,11.7605,0.003285734122211261,0.9247619829903435,0.0,0.0
21,Device,BiasAddGrad,gradient_tape/sequential/conv2d_1/BiasAdd/BiasAddGrad,2,20.896,10.448,20.896,10.448,0.0029190383154511505,0.9276810213057947,0.0,0.0
22,Device,MaxPool,sequential/max_pooling2d_1/MaxPool,2,15.584,7.792,15.584,7.792,0.0021769856962093573,0.929858007002004,0.0,0.0
23,Device,MatMul,sequential/dense_1/MatMul,2,15.2,7.6,15.2,7.6,0.002123343338191878,0.9319813503401959,0.0,0.0
24,Device,MatMul,gradient_tape/sequential/dense_1/MatMul/MatMul_1,2,14.304,7.152,14.304,7.152,0.001998177836151094,0.933979528176347,0.0,0.0
25,Device,MatMul,gradient_tape/sequential/dense/MatMul/MatMul_1,2,13.312,6.656,13.312,6.656,0.0018596017446059396,0.935839129920953,0.0,0.0
26,Device,BiasAddGrad,gradient_tape/sequential/conv2d_2/BiasAdd/BiasAddGrad,2,13.056,6.528,13.056,6.528,0.001823840172594287,0.9376629700935473,0.0,0.0
27,Device,MatMul,gradient_tape/sequential/dense/MatMul/MatMul,2,12.48,6.24,12.48,6.24,0.0017433766355680685,0.9394063467291154,0.0,0.0
28,Device,ReluGrad,gradient_tape/sequential/conv2d_2/ReluGrad,2,10.848,5.424,10.848,5.424,0.0015153966139937827,0.9409217433431092,0.0,0.0
29,Device,DynamicStitch,gradient_tape/categorical_crossentropy/DynamicStitch,2,10.464,5.232,10.464,5.232,0.0014617542559763035,0.9423834975990855,0.0,0.0
30,Device,MatMul,gradient_tape/sequential/dense_1/MatMul/MatMul,2,9.92,4.96,9.92,4.96,0.0013857609154515416,0.943769258514537,0.0,0.0
31,Device,MaxPool,sequential/max_pooling2d_2/MaxPool,2,9.824,4.912,9.824,4.912,0.0013723503259471719,0.9451416088404841,0.0,0.0
32,Device,Transpose,gradient_tape/sequential/max_pooling2d_2/MaxPool/MaxPoolGrad-2-TransposeNHWCToNCHW-LayoutOptimizer,2,8.384,4.192,8.384,4.192,0.0011711914833816256,0.9463128003238658,0.0,0.0
33,Device,Transpose,sequential/max_pooling2d_2/MaxPool-0-2-TransposeNCHWToNHWC-LayoutOptimizer,2,8.096,4.048,8.096,4.048,0.0011309597148685161,0.9474437600387343,0.0,0.0
34,Device,ResourceApplyGradientDescent,SGD/SGD/update_4/ResourceApplyGradientDescent,2,7.808,3.904,7.808,3.904,0.001090727946355407,0.9485344879850898,0.0,0.0
35,Device,ResourceApplyGradientDescent,SGD/SGD/update_2/ResourceApplyGradientDescent,2,7.552,3.776,7.552,3.776,0.0010549663743437542,0.9495894543594335,0.0,0.0
36,Device,ArgMax,ArgMax,2,7.488,3.744,7.488,3.744,0.0010460259813408412,0.9506354803407744,0.0,0.0
37,Device,ArgMax,ArgMax_1,2,7.04,3.52,7.04,3.52,0.0009834432303204488,0.9516189235710948,0.0,0.0
38,Device,ResourceApplyGradientDescent,SGD/SGD/update_6/ResourceApplyGradientDescent,2,6.944,3.472,6.944,3.472,0.000970032640816079,0.9525889562119109,0.0,0.0
39,Device,ResourceApplyGradientDescent,SGD/SGD/update/ResourceApplyGradientDescent,2,6.272,3.136,6.272,3.136,0.0008761585142854909,0.9534651147261963,0.0,0.0
40,Device,ResourceApplyGradientDescent,SGD/SGD/update_3/ResourceApplyGradientDescent,2,6.176,3.088,6.176,3.088,0.000862747924781121,0.9543278626509775,0.0,0.0
41,Device,ResourceApplyGradientDescent,SGD/SGD/update_5/ResourceApplyGradientDescent,2,6.176,3.088,6.176,3.088,0.000862747924781121,0.9551906105757586,0.0,0.0
42,Device,Tile,gradient_tape/categorical_crossentropy/weighted_loss/Tile_1,2,6.144,3.072,6.144,3.072,0.0008582777282796645,0.9560488883040382,0.0,0.0
43,Device,ResourceApplyGradientDescent,SGD/SGD/update_1/ResourceApplyGradientDescent,2,6.08,3.04,6.08,3.04,0.0008493373352767513,0.9568982256393149,0.0,0.0
44,Device,ResourceApplyGradientDescent,SGD/SGD/update_9/ResourceApplyGradientDescent,2,6.08,3.04,6.08,3.04,0.0008493373352767513,0.9577475629745916,0.0,0.0
45,Device,BiasAddGrad,gradient_tape/sequential/dense_1/BiasAdd/BiasAddGrad,2,6.048,3.024,6.048,3.024,0.0008448671387752947,0.9585924301133669,0.0,0.0
46,Device,ResourceApplyGradientDescent,SGD/SGD/update_8/ResourceApplyGradientDescent,2,5.984,2.992,5.984,2.992,0.0008359267457723815,0.9594283568591393,0.0,0.0
47,Device,RealDiv,gradient_tape/categorical_crossentropy/truediv/RealDiv,2,5.984,2.992,5.984,2.992,0.0008359267457723815,0.9602642836049117,0.0,0.0
48,Device,Equal,Equal,2,5.76,2.88,5.76,2.88,0.0008046353702621854,0.9610689189751739,0.0,0.0
49,Device,BroadcastTo,gradient_tape/categorical_crossentropy/BroadcastTo,2,5.728,2.864,5.728,2.864,0.0008001651737607288,0.9618690841489346,0.0,0.0
50,Device,AssignAddVariableOp,AssignAddVariableOp,2,5.696,2.848,5.696,2.848,0.0007956949772592722,0.9626647791261939,0.0,0.0
51,Device,Cast,Cast,2,5.696,2.848,5.696,2.848,0.0007956949772592722,0.9634604741034531,0.0,0.0
52,Device,Mul,categorical_crossentropy/mul,2,5.696,2.848,5.696,2.848,0.0007956949772592722,0.9642561690807124,0.0,0.0
53,Device,BiasAdd,sequential/dense/BiasAdd,2,5.696,2.848,5.696,2.848,0.0007956949772592722,0.9650518640579717,0.0,0.0
54,Device,AssignAddVariableOp,AssignAddVariableOp_4,2,5.632,2.816,5.632,2.816,0.000786754584256359,0.9658386186422281,0.0,0.0
55,Device,AssignAddVariableOp,SGD/SGD/AssignAddVariableOp,2,5.632,2.816,5.632,2.816,0.000786754584256359,0.9666253732264845,0.0,0.0
56,Device,RealDiv,gradient_tape/categorical_crossentropy/truediv/RealDiv_1,2,5.632,2.816,5.632,2.816,0.000786754584256359,0.9674121278107408,0.0,0.0
57,Device,RealDiv,categorical_crossentropy/truediv,2,5.6,2.8,5.6,2.8,0.0007822843877549025,0.9681944121984957,0.0,0.0
58,Device,AssignAddVariableOp,AssignAddVariableOp_2,2,5.568,2.784,5.568,2.784,0.0007778141912534459,0.9689722263897491,0.0,0.0
59,Device,BroadcastTo,gradient_tape/categorical_crossentropy/BroadcastTo_1,2,5.568,2.784,5.568,2.784,0.0007778141912534459,0.9697500405810026,0.0,0.0
60,Device,Reciprocal,gradient_tape/categorical_crossentropy/Reciprocal,2,5.568,2.784,5.568,2.784,0.0007778141912534459,0.970527854772256,0.0,0.0
61,Device,LessEqual,gradient_tape/categorical_crossentropy/clip_by_value/LessEqual,2,5.568,2.784,5.568,2.784,0.0007778141912534459,0.9713056689635094,0.0,0.0
62,Device,RealDiv,gradient_tape/categorical_crossentropy/truediv/RealDiv_2,2,5.568,2.784,5.568,2.784,0.0007778141912534459,0.9720834831547629,0.0,0.0
63,Device,BiasAddGrad,gradient_tape/sequential/dense/BiasAdd/BiasAddGrad,2,5.568,2.784,5.568,2.784,0.0007778141912534459,0.9728612973460163,0.0,0.0
64,Device,Maximum,categorical_crossentropy/clip_by_value,2,5.536,2.768,5.536,2.768,0.0007733439947519892,0.9736346413407684,0.0,0.0
65,Device,GreaterEqual,gradient_tape/categorical_crossentropy/clip_by_value/GreaterEqual,2,5.536,2.768,5.536,2.768,0.0007733439947519892,0.9744079853355204,0.0,0.0
66,Device,BiasAdd,sequential/dense_1/BiasAdd,2,5.504,2.752,5.504,2.752,0.0007688737982505326,0.975176859133771,0.0,0.0
67,Device,Log,categorical_crossentropy/Log,2,5.44,2.72,5.44,2.72,0.0007599334052476196,0.9759367925390185,0.0,0.0
68,Device,AddN,SGD/gradients/AddN,2,5.408,2.704,5.408,2.704,0.000755463208746163,0.9766922557477647,0.0,0.0
69,Device,Minimum,categorical_crossentropy/clip_by_value/Minimum,2,5.408,2.704,5.408,2.704,0.000755463208746163,0.977447718956511,0.0,0.0
70,Device,Relu,sequential/dense/Relu,2,5.408,2.704,5.408,2.704,0.000755463208746163,0.9782031821652571,0.0,0.0
71,Device,Mul,Mul,2,5.376,2.688,5.376,2.688,0.0007509930122447065,0.9789541751775018,0.0,0.0
72,Device,DivNoNan,gradient_tape/categorical_crossentropy/weighted_loss/value/div_no_nan,2,5.344,2.672,5.344,2.672,0.0007465228157432499,0.9797006979932451,0.0,0.0
73,Device,Cast,Cast_1,2,5.28,2.64,5.28,2.64,0.0007375824227403366,0.9804382804159855,0.0,0.0
74,Device,SelectV2,gradient_tape/categorical_crossentropy/clip_by_value/SelectV2,2,5.28,2.64,5.28,2.64,0.0007375824227403366,0.9811758628387258,0.0,0.0
75,Device,Mul,gradient_tape/categorical_crossentropy/mul,2,5.28,2.64,5.28,2.64,0.0007375824227403366,0.9819134452614662,0.0,0.0
76,Device,Mul,gradient_tape/categorical_crossentropy/truediv/mul,2,5.28,2.64,5.28,2.64,0.0007375824227403366,0.9826510276842065,0.0,0.0
77,Device,ResourceApplyGradientDescent,SGD/SGD/update_7/ResourceApplyGradientDescent,2,5.248,2.624,5.248,2.624,0.0007331122262388801,0.9833841399104454,0.0,0.0
78,Device,Sum,Sum_2,2,5.248,2.624,5.248,2.624,0.0007331122262388801,0.9841172521366842,0.0,0.0
79,Device,ReluGrad,gradient_tape/sequential/dense/ReluGrad,2,5.248,2.624,5.248,2.624,0.0007331122262388801,0.9848503643629231,0.0,0.0
80,Device,DivNoNan,div_no_nan_1,2,5.216,2.608,5.216,2.608,0.0007286420297374235,0.9855790063926605,0.0,0.0
81,Device,Mul,gradient_tape/categorical_crossentropy/mul/Mul,2,5.216,2.608,5.216,2.608,0.0007286420297374235,0.9863076484223979,0.0,0.0
82,Device,AssignAddVariableOp,AssignAddVariableOp_1,2,5.184,2.592,5.184,2.592,0.0007241718332359669,0.9870318202556339,0.0,0.0
83,Device,ZerosLike,gradient_tape/categorical_crossentropy/clip_by_value/zeros_like,2,5.184,2.592,5.184,2.592,0.0007241718332359669,0.9877559920888698,0.0,0.0
84,Device,AssignAddVariableOp,AssignAddVariableOp_3,2,5.152,2.576,5.152,2.576,0.0007197016367345103,0.9884756937256043,0.0,0.0
85,Device,SelectV2,gradient_tape/categorical_crossentropy/clip_by_value/SelectV2_1,2,5.121,2.5605,5.121,2.5605,0.0007153711338737243,0.989191064859478,0.0,0.0
86,Device,DivNoNan,categorical_crossentropy/weighted_loss/value,2,5.12,2.56,5.12,2.56,0.0007152314402330537,0.989906296299711,0.0,0.0
87,Device,Neg,gradient_tape/categorical_crossentropy/Neg,2,5.12,2.56,5.12,2.56,0.0007152314402330537,0.990621527739944,0.0,0.0
88,Device,Neg,gradient_tape/categorical_crossentropy/truediv/Neg,2,5.088,2.544,5.088,2.544,0.0007107612437315972,0.9913322889836756,0.0,0.0
89,Device,Sum,categorical_crossentropy/weighted_loss/Sum,2,5.056,2.528,5.056,2.528,0.0007062910472301405,0.9920385800309058,0.0,0.0
90,Device,Sum,categorical_crossentropy/Sum,2,5.024,2.512,5.024,2.512,0.0007018208507286839,0.9927404008816345,0.0,0.0
91,Device,DivNoNan,div_no_nan,2,4.96,2.48,4.96,2.48,0.0006928804577257708,0.9934332813393603,0.0,0.0
92,Device,Sum,gradient_tape/categorical_crossentropy/truediv/Sum_1,2,4.96,2.48,4.96,2.48,0.0006928804577257708,0.994126161797086,0.0,0.0
93,Device,Sum,categorical_crossentropy/Sum_1,2,4.928,2.464,4.928,2.464,0.0006884102612243142,0.9948145720583104,0.0,0.0
94,Device,ZerosLike,gradient_tape/categorical_crossentropy/clip_by_value/zeros_like_1,2,4.864,2.432,4.864,2.432,0.000679469868221401,0.9954940419265318,0.0,0.0
95,Device,Cast,Cast_2,2,4.8,2.4,4.8,2.4,0.0006705294752184878,0.9961645714017503,0.0,0.0
96,Device,Neg,categorical_crossentropy/Neg,2,4.736,2.368,4.736,2.368,0.0006615890822155746,0.9968261604839659,0.0,0.0
97,Device,Cast,categorical_crossentropy/weighted_loss/num_elements/Cast,2,4.704,2.352,4.704,2.352,0.0006571188857141181,0.99748327936968,0.0,0.0
98,Device,_Recv,strided_slice/_12,2,3.2,1.6,3.2,1.6,0.0004470196501456586,0.9979302990198257,0.0,0.0
99,Device,_HostRecv,gradient_tape/categorical_crossentropy/DynamicStitch/_22,2,2.624,1.312,2.624,1.312,0.00036655611311944006,0.9982968551329451,0.0,0.0
100,Device,LogicalAnd,LogicalAnd,1,2.56,2.56,2.56,2.56,0.00035761572011652683,0.9986544708530616,0.0,0.0
101,Device,_Recv,gradient_tape/categorical_crossentropy/ones/_18,2,1.856,0.928,1.856,0.928,0.000259271397084482,0.9989137422501461,0.0,0.0
102,Device,_Recv,Size/_14,2,1.728,0.864,1.728,0.864,0.00024139061107865563,0.9991551328612247,0.0,0.0
103,Device,_Recv,categorical_crossentropy/weighted_loss/num_elements/_20,2,1.728,0.864,1.728,0.864,0.00024139061107865563,0.9993965234723033,0.0,0.0
104,Device,_Recv,gradient_tape/categorical_crossentropy/Shape/_16,2,1.728,0.864,1.728,0.864,0.00024139061107865563,0.999637914083382,0.0,0.0
105,Device,_Recv,IteratorGetNext/_4,1,1.472,1.472,1.472,1.472,0.00020562903906700295,0.9998435431224489,0.0,0.0
106,Device,_Send,IteratorGetNext/_3,1,1.12,1.12,1.12,1.12,0.0001564568775509805,0.9999999999999999,0.0,0.0
107,Host,IDLE,IDLE,0,29272.725,0.0,29272.725,0.0,0.0,0.0,0.9501784737775965,0.9501784737775965
108,Host,GatherV2,GatherV2,2,490.745,245.3725,490.745,245.3725,0.0,0.0,0.015929344982880365,0.9661078187604768
109,Host,_Send,IteratorGetNext/_3,2,346.872,173.436,346.872,173.436,0.0,0.0,0.011259297095032405,0.9773671158555092
110,Host,_Send,IteratorGetNext/_1,2,330.143,165.0715,330.143,165.0715,0.0,0.0,0.010716281858568242,0.9880833977140774
111,Host,_Send,IteratorGetNext/_6,2,65.293,32.6465,65.293,32.6465,0.0,0.0,0.002119379152038651,0.990202776866116
112,Host,Dataset,Iterator::Root::ParallelMapV2::Zip[1]::ForeverRepeat,2,48.169,24.0845,44.831,22.4155,0.0,0.0,0.001455192543841526,0.9916579694099575
113,Host,Dataset,Iterator::Root::ParallelMapV2::Zip[0]::FlatMap[1]::Concatenate,2,68.946,34.473,37.662,18.831,0.0,0.0,0.0012224902765086557,0.9928804596864662
114,Host,FlushSummaryWriter,FlushSummaryWriter,1,33.327,33.327,33.327,33.327,0.0,0.0,0.0010817782763847903,0.993962237962851
115,Host,LogicalAnd,LogicalAnd,1,32.699,32.699,32.699,32.699,0.0,0.0,0.0010613937005882995,0.9950236316634393
116,Host,Dataset,Iterator::Root::ParallelMapV2::Zip[0]::FlatMap[1]::Concatenate[0]::TensorSlice,2,31.284,15.642,31.284,15.642,0.0,0.0,0.0010154634860149961,0.9960390951494543
117,Host,GatherV2,GatherV2_1,2,23.317,11.6585,23.317,11.6585,0.0,0.0,0.000756858525233719,0.9967959536746881
118,Host,Dataset,Iterator::Root::ParallelMapV2,2,21.383,10.6915,21.383,10.6915,0.0,0.0,0.0006940818220642713,0.9974900354967524
119,Host,WriteSummary,WriteSummary,1,20.148,20.148,20.148,20.148,0.0,0.0,0.0006539943202988794,0.9981440298170513
120,Host,Dataset,Iterator::Root,2,40.808,20.404,19.425,9.7125,0.0,0.0,0.0006305260905204354,0.9987745559075717
121,Host,IteratorGetNext,IteratorGetNext,2,12.222,6.111,12.222,6.111,0.0,0.0,0.00039672019965718205,0.9991712761072289
122,Host,Dataset,Iterator::Root::ParallelMapV2::Zip,2,131.382,65.691,10.102,5.051,0.0,0.0,0.00032790602658622594,0.9994991821338152
123,Host,ReadVariableOp,ReadVariableOp,1,5.996,5.996,5.996,5.996,0.0,0.0,0.00019462725553464767,0.9996938093893498
124,Host,Dataset,Iterator::Root::ParallelMapV2::Zip[0]::FlatMap,2,73.111,36.5555,4.165,2.0825,0.0,0.0,0.00013519388247194923,0.9998290032718218
125,Host,Dataset,Iterator::Root::ParallelMapV2::Zip[1]::ForeverRepeat::FromTensor,4,3.338,0.8345,3.338,0.8345,0.0,0.0,0.00010834986307115642,0.999937353134893
126,Host,Identity,Identity,2,1.93,0.965,1.93,0.965,0.0,0.0,6.26468651070497e-05,1.0
