Rank,Host/device,Type,Operation,#Occurrences,Total time (us),Avg. time (us),Total self-time (us),Avg. self-time (us),Total self-time on Device (%),Cumulative total-self time on Device (%),Total self-time on Host (%),Cumulative total-self time on Host (%)
1,Device,_Send,IteratorGetNext/_1,2,2591.626,1295.813,2591.626,1295.813,0.22980468393926468,0.22980468393926468,0.0,0.0
2,Device,IDLE,IDLE,0,2393.737,0.0,2393.737,0.0,0.2122574687546442,0.4420621526939089,0.0,0.0
3,Device,Conv2DBackpropInput,gradient_tape/sequential/conv2d_1/Conv2D/Conv2DBackpropInput,32,1045.797,32.68115625,1045.797,32.68115625,0.09273292097302278,0.5347950736669317,0.0,0.0
4,Device,Conv2DBackpropFilter,gradient_tape/sequential/conv2d/Conv2D/Conv2DBackpropFilter,2,1014.5,507.25,1014.5,507.25,0.08995775310804259,0.6247528267749742,0.0,0.0
5,Device,_FusedConv2D,sequential/conv2d/Relu,2,639.778,319.889,639.778,319.889,0.0567304005598396,0.6814832273348138,0.0,0.0
6,Device,Conv2DBackpropFilter,gradient_tape/sequential/conv2d_1/Conv2D/Conv2DBackpropFilter,2,411.362,205.681,411.362,205.681,0.03647629495715191,0.7179595222919657,0.0,0.0
7,Device,MaxPoolGrad,gradient_tape/sequential/max_pooling2d/MaxPool/MaxPoolGrad,2,336.865,168.4325,336.865,168.4325,0.02987049630432801,0.7478300185962937,0.0,0.0
8,Device,_FusedConv2D,sequential/conv2d_1/Relu,2,304.002,152.001,304.002,152.001,0.02695646807328848,0.7747864866695822,0.0,0.0
9,Device,ResourceApplyGradientDescent,SGD/SGD/update_4/ResourceApplyGradientDescent,2,278.816,139.408,278.816,139.408,0.024723174855172007,0.7995096615247542,0.0,0.0
10,Device,ReluGrad,gradient_tape/sequential/conv2d/ReluGrad,2,235.97,117.985,235.97,117.985,0.020923933958506467,0.8204335954832607,0.0,0.0
11,Device,MaxPoolGrad,gradient_tape/sequential/max_pooling2d_1/MaxPool/MaxPoolGrad,2,221.217,110.6085,221.217,110.6085,0.019615755810056045,0.8400493512933167,0.0,0.0
12,Device,SoftmaxCrossEntropyWithLogits,categorical_crossentropy/softmax_cross_entropy_with_logits,2,207.009,103.5045,207.009,103.5045,0.018355903906498557,0.8584052551998153,0.0,0.0
13,Device,ReluGrad,gradient_tape/sequential/conv2d_1/ReluGrad,2,148.8,74.4,148.8,74.4,0.013194394935906099,0.8715996501357214,0.0,0.0
14,Device,ArgMax,ArgMax,2,143.136,71.568,143.136,71.568,0.012692156677055479,0.8842918068127769,0.0,0.0
15,Device,MatMul,sequential/dense/MatMul,2,142.369,71.1845,142.369,71.1845,0.012624145246169458,0.8969159520589464,0.0,0.0
16,Device,MatMul,gradient_tape/sequential/dense/MatMul/MatMul,2,113.473,56.7365,113.473,56.7365,0.010061878874745113,0.9069778309336914,0.0,0.0
17,Device,ArgMax,ArgMax_1,2,113.441,56.7205,113.441,56.7205,0.010059041370457822,0.9170368723041493,0.0,0.0
18,Device,MatMul,gradient_tape/sequential/dense/MatMul/MatMul_1,2,108.001,54.0005,108.001,54.0005,0.009576665641618244,0.9266135379457676,0.0,0.0
19,Device,MaxPool,sequential/max_pooling2d/MaxPool,2,106.464,53.232,106.464,53.232,0.009440376763819267,0.9360539147095869,0.0,0.0
20,Device,Transpose,gradient_tape/sequential/conv2d/Conv2D/Conv2DBackpropFilter-0-TransposeNHWCToNCHW-LayoutOptimizer,2,104.224,52.112,104.224,52.112,0.009241751463708852,0.9452956661732957,0.0,0.0
21,Device,BiasAddGrad,gradient_tape/sequential/conv2d/BiasAdd/BiasAddGrad,2,92.064,46.032,92.064,46.032,0.00816349983453803,0.9534591660078338,0.0,0.0
22,Device,BiasAddGrad,gradient_tape/sequential/conv2d_1/BiasAdd/BiasAddGrad,2,84.0,42.0,84.0,42.0,0.00744844875414054,0.9609076147619743,0.0,0.0
23,Device,MaxPool,sequential/max_pooling2d_1/MaxPool,2,69.696,34.848,69.696,34.848,0.006180084337721179,0.9670876990996955,0.0,0.0
24,Device,Transpose,gradient_tape/sequential/max_pooling2d_1/MaxPool/MaxPoolGrad-2-TransposeNHWCToNCHW-LayoutOptimizer,2,27.329,13.6645,27.329,13.6645,0.0024233173333560337,0.9695110164330515,0.0,0.0
25,Device,Softmax,sequential/dense_2/Softmax,2,25.568,12.784,25.568,12.784,0.002267165925546016,0.9717781823585975,0.0,0.0
26,Device,Transpose,sequential/max_pooling2d_1/MaxPool-0-1-TransposeNCHWToNHWC-LayoutOptimizer,2,22.752,11.376,22.752,11.376,0.002017465548264352,0.9737956479068618,0.0,0.0
27,Device,MatMul,sequential/dense_2/MatMul,2,20.416,10.208,20.416,10.208,0.0018103277352920627,0.9756059756421539,0.0,0.0
28,Device,MatMul,gradient_tape/sequential/dense_2/MatMul/MatMul,2,18.752,9.376,18.752,9.376,0.0016627775123528976,0.9772687531545068,0.0,0.0
29,Device,MatMul,sequential/dense_1/MatMul,2,15.264,7.632,15.264,7.632,0.0013534895450381095,0.9786222426995449,0.0,0.0
30,Device,MatMul,gradient_tape/sequential/dense_1/MatMul/MatMul,2,12.0,6.0,12.0,6.0,0.0010640641077343629,0.9796863068072793,0.0,0.0
31,Device,_Send,IteratorGetNext/_3,2,10.528,5.264,10.528,5.264,0.0009335389105189477,0.9806198457177983,0.0,0.0
32,Device,MatMul,gradient_tape/sequential/dense_2/MatMul/MatMul_1,2,10.176,5.088,10.176,5.088,0.0009023263633587396,0.981522172081157,0.0,0.0
33,Device,MatMul,gradient_tape/sequential/dense_1/MatMul/MatMul_1,2,9.28,4.64,9.28,4.64,0.0008228762433145738,0.9823450483244716,0.0,0.0
34,Device,ResourceApplyGradientDescent,SGD/SGD/update/ResourceApplyGradientDescent,2,6.912,3.456,6.912,3.456,0.000612900926054993,0.9829579492505266,0.0,0.0
35,Device,ResourceApplyGradientDescent,SGD/SGD/update_6/ResourceApplyGradientDescent,2,6.88,3.44,6.88,3.44,0.0006100634217677014,0.9835680126722943,0.0,0.0
36,Device,BiasAddGrad,gradient_tape/sequential/dense/BiasAdd/BiasAddGrad,2,6.848,3.424,6.848,3.424,0.0006072259174804097,0.9841752385897747,0.0,0.0
37,Device,ResourceApplyGradientDescent,SGD/SGD/update_2/ResourceApplyGradientDescent,2,6.816,3.408,6.816,3.408,0.000604388413193118,0.9847796270029678,0.0,0.0
38,Device,ResourceApplyGradientDescent,SGD/SGD/update_8/ResourceApplyGradientDescent,2,6.816,3.408,6.816,3.408,0.000604388413193118,0.9853840154161609,0.0,0.0
39,Device,BiasAddGrad,gradient_tape/sequential/dense_1/BiasAdd/BiasAddGrad,2,6.336,3.168,6.336,3.168,0.0005618258488837436,0.9859458412650447,0.0,0.0
40,Device,ResourceApplyGradientDescent,SGD/SGD/update_1/ResourceApplyGradientDescent,2,6.208,3.104,6.208,3.104,0.0005504758317345771,0.9864963170967793,0.0,0.0
41,Device,ResourceApplyGradientDescent,SGD/SGD/update_5/ResourceApplyGradientDescent,2,6.144,3.072,6.144,3.072,0.0005448008231599937,0.9870411179199393,0.0,0.0
42,Device,ResourceApplyGradientDescent,SGD/SGD/update_3/ResourceApplyGradientDescent,2,6.112,3.056,6.112,3.056,0.0005419633188727021,0.987583081238812,0.0,0.0
43,Device,Mul,gradient_tape/categorical_crossentropy/softmax_cross_entropy_with_logits/mul,2,5.984,2.992,5.984,2.992,0.0005306133017235356,0.9881136945405355,0.0,0.0
44,Device,BiasAdd,sequential/dense/BiasAdd,2,5.984,2.992,5.984,2.992,0.0005306133017235356,0.9886443078422591,0.0,0.0
45,Device,DivNoNan,div_no_nan,2,5.888,2.944,5.888,2.944,0.0005221007888616607,0.9891664086311207,0.0,0.0
46,Device,AssignAddVariableOp,AssignAddVariableOp_4,2,5.856,2.928,5.856,2.928,0.000519263284574369,0.9896856719156951,0.0,0.0
47,Device,DivNoNan,div_no_nan_1,2,5.792,2.896,5.792,2.896,0.0005135882759997858,0.9901992601916949,0.0,0.0
48,Device,BiasAdd,sequential/dense_2/BiasAdd,2,5.792,2.896,5.792,2.896,0.0005135882759997858,0.9907128484676947,0.0,0.0
49,Device,AssignAddVariableOp,AssignAddVariableOp_3,2,5.76,2.88,5.76,2.88,0.0005107507717124942,0.9912235992394072,0.0,0.0
50,Device,BiasAddGrad,gradient_tape/sequential/dense_2/BiasAdd/BiasAddGrad,2,5.76,2.88,5.76,2.88,0.0005107507717124942,0.9917343500111196,0.0,0.0
51,Device,AssignAddVariableOp,SGD/SGD/AssignAddVariableOp,2,5.696,2.848,5.696,2.848,0.0005050757631379108,0.9922394257742576,0.0,0.0
52,Device,ResourceApplyGradientDescent,SGD/SGD/update_9/ResourceApplyGradientDescent,2,5.696,2.848,5.696,2.848,0.0005050757631379108,0.9927445015373956,0.0,0.0
53,Device,DivNoNan,categorical_crossentropy/weighted_loss/value,2,5.504,2.752,5.504,2.752,0.00048805073741416106,0.9932325522748098,0.0,0.0
54,Device,ReluGrad,gradient_tape/sequential/dense_1/ReluGrad,2,5.504,2.752,5.504,2.752,0.00048805073741416106,0.993720603012224,0.0,0.0
55,Device,AssignAddVariableOp,AssignAddVariableOp,2,5.408,2.704,5.408,2.704,0.0004795382245522862,0.9942001412367762,0.0,0.0
56,Device,AssignAddVariableOp,AssignAddVariableOp_1,2,5.408,2.704,5.408,2.704,0.0004795382245522862,0.9946796794613285,0.0,0.0
57,Device,BiasAdd,sequential/dense_1/BiasAdd,2,5.408,2.704,5.408,2.704,0.0004795382245522862,0.9951592176858808,0.0,0.0
58,Device,AssignAddVariableOp,AssignAddVariableOp_2,2,5.344,2.672,5.344,2.672,0.00047386321597770294,0.9956330809018585,0.0,0.0
59,Device,ReluGrad,gradient_tape/sequential/dense/ReluGrad,2,5.312,2.656,5.312,2.656,0.00047102571169041127,0.996104106613549,0.0,0.0
60,Device,Equal,Equal,2,5.248,2.624,5.248,2.624,0.00046535070311582805,0.9965694573166648,0.0,0.0
61,Device,Relu,sequential/dense/Relu,2,5.248,2.624,5.248,2.624,0.00046535070311582805,0.9970348080197806,0.0,0.0
62,Device,ResourceApplyGradientDescent,SGD/SGD/update_7/ResourceApplyGradientDescent,2,5.216,2.608,5.216,2.608,0.0004625131988285364,0.9974973212186091,0.0,0.0
63,Device,Cast,Cast_1,2,5.152,2.576,5.152,2.576,0.0004568381902539531,0.9979541594088631,0.0,0.0
64,Device,Sum,categorical_crossentropy/weighted_loss/Sum,2,5.12,2.56,5.12,2.56,0.0004540006859666615,0.9984081600948298,0.0,0.0
65,Device,Mul,Mul,2,5.056,2.528,5.056,2.528,0.0004483256773920782,0.9988564857722219,0.0,0.0
66,Device,Sum,Sum_2,2,4.992,2.496,4.992,2.496,0.00044265066881749493,0.9992991364410394,0.0,0.0
67,Device,Relu,sequential/dense_1/Relu,2,4.736,2.368,4.736,2.368,0.0004199506345191618,0.9997190870755586,0.0,0.0
68,Device,LogicalAnd,LogicalAnd,1,3.168,3.168,3.168,3.168,0.0002809129244418718,1.0000000000000004,0.0,0.0
69,Host,IDLE,IDLE,0,46081.153,0.0,46081.153,0.0,0.0,0.0,0.8213556574401633,0.8213556574401633
70,Host,GatherV2,GatherV2,2,3430.255,1715.1275,3430.255,1715.1275,0.0,0.0,0.06114125119031651,0.8824969086304798
71,Host,_Send,IteratorGetNext/_1,2,3137.015,1568.5075,3137.015,1568.5075,0.0,0.0,0.055914508426572,0.9384114170570518
72,Host,_Send,IteratorGetNext/_3,2,3117.761,1558.8805,3117.761,1558.8805,0.0,0.0,0.055571322963561716,0.9939827400206135
73,Host,_Send,IteratorGetNext/_6,2,50.346,25.173,50.346,25.173,0.0,0.0,0.0008973727703706211,0.9948801127909841
74,Host,GatherV2,GatherV2_1,2,41.928,20.964,41.928,20.964,0.0,0.0,0.0007473293909367061,0.9956274421819208
75,Host,LogicalAnd,LogicalAnd,1,36.956,36.956,36.956,36.956,0.0,0.0,0.0006587079033451849,0.996286150085266
76,Host,FlushSummaryWriter,FlushSummaryWriter,1,33.91,33.91,33.91,33.91,0.0,0.0,0.0006044156565222214,0.9968905657417882
77,Host,Dataset,Iterator::Root::ParallelMapV2::Zip[1]::ForeverRepeat,2,35.933,17.9665,33.265,16.6325,0.0,0.0,0.0005929191039283899,0.9974834848457166
78,Host,Dataset,Iterator::Root::ParallelMapV2::Zip[0]::FlatMap,2,46.097,23.0485,29.237,14.6185,0.0,0.0,0.0005211235785827246,0.9980046084242993
79,Host,Dataset,Iterator::Root::ParallelMapV2,2,25.248,12.624,25.248,12.624,0.0,0.0,0.0004500231936264538,0.9984546316179257
80,Host,WriteSummary,WriteSummary,1,21.234,21.234,21.234,21.234,0.0,0.0,0.0003784772058564687,0.9988331088237822
81,Host,Dataset,Iterator::Root,2,42.138,21.069,16.89,8.445,0.0,0.0,0.0003010492609454533,0.9991341580847276
82,Host,Dataset,Iterator::Root::ParallelMapV2::Zip[0]::FlatMap[1]::TensorSlice,2,16.86,8.43,16.86,8.43,0.0,0.0,0.00030051453756899603,0.9994346726222966
83,Host,IteratorGetNext,IteratorGetNext,2,13.342,6.671,13.342,6.671,0.0,0.0,0.00023780930962310467,0.9996724819319197
84,Host,Dataset,Iterator::Root::ParallelMapV2::Zip,2,89.469,44.7345,7.439,3.7195,0.0,0.0,0.0001325935732488589,0.9998050755051686
85,Host,ReadVariableOp,ReadVariableOp,1,6.173,6.173,6.173,6.173,0.0,0.0,0.00011002824676236136,0.9999151037519309
86,Host,Dataset,Iterator::Root::ParallelMapV2::Zip[1]::ForeverRepeat::FromTensor,4,2.668,0.667,2.668,0.667,0.0,0.0,4.7554732279601505e-05,0.9999626584842105
87,Host,Identity,Identity,2,2.095,1.0475,2.095,1.0475,0.0,0.0,3.73415157892673e-05,0.9999999999999998
