Rank,Host/device,Type,Operation,#Occurrences,Total time (us),Avg. time (us),Total self-time (us),Avg. self-time (us),Total self-time on Device (%),Cumulative total-self time on Device (%),Total self-time on Host (%),Cumulative total-self time on Host (%)
1,Device,_Recv,IteratorGetNext/_2,2,36482.509,18241.2545,36482.509,18241.2545,0.15195214000040586,0.15195214000040586,0.0,0.0
2,Device,Conv2DBackpropFilter,gradient_tape/model/conv1/Conv2D/Conv2DBackpropFilter,2,24106.951,12053.4755,24106.951,12053.4755,0.10040709627002145,0.25235923627042733,0.0,0.0
3,Device,FusedBatchNormGradV3,gradient_tape/model/conv1_bn/FusedBatchNormGradV3,2,23102.853,11551.4265,23102.853,11551.4265,0.09622495956801645,0.3485841958384438,0.0,0.0
4,Device,MaxPoolGrad,gradient_tape/model/conv1_max_pool/MaxPool/MaxPoolGrad,2,17703.636,8851.818,17703.636,8851.818,0.073736852254,0.4223210480924438,0.0,0.0
5,Device,_FusedConv2D,model/conv1/Relu,2,14813.772,7406.886,14813.772,7406.886,0.061700371454114965,0.48402141954655875,0.0,0.0
6,Device,ReluGrad,gradient_tape/model/conv1/ReluGrad,2,14230.09,7115.045,14230.09,7115.045,0.059269296086471884,0.5432907156330307,0.0,0.0
7,Device,FusedBatchNormV3,model/conv1_bn/FusedBatchNormV3,4,13877.353,3469.33825,13877.353,3469.33825,0.05780012240635785,0.6010908380393886,0.0,0.0
8,Device,IDLE,IDLE,0,12475.172,0.0,12475.172,0.0,0.05195994283926972,0.6530507808786583,0.0,0.0
9,Device,MaxPool,model/conv1_max_pool/MaxPool,2,5455.952,2727.976,5455.952,2727.976,0.0227244124613111,0.6757751933399694,0.0,0.0
10,Device,BiasAddGrad,gradient_tape/model/conv1/BiasAdd/BiasAddGrad,2,4143.181,2071.5905,4143.181,2071.5905,0.017256631646661733,0.6930318249866311,0.0,0.0
11,Device,AddN,SGD/gradients/AddN_3,2,3350.186,1675.093,3350.186,1675.093,0.013953753347923512,0.7069855783345546,0.0,0.0
12,Device,Conv2DBackpropInput,gradient_tape/model/ResBlock21_conv1/Conv2D/Conv2DBackpropInput,2,2711.464,1355.732,2711.464,1355.732,0.011293432623673456,0.718279010958228,0.0,0.0
13,Device,Conv2DBackpropInput,gradient_tape/model/ResBlock21_pooling_conv/Conv2D/Conv2DBackpropInput,2,2707.112,1353.556,2707.112,1353.556,0.011275306246639416,0.7295543172048674,0.0,0.0
14,Device,Transpose,gradient_tape/model/conv1/Conv2D/Conv2DBackpropFilter-0-TransposeNHWCToNCHW-LayoutOptimizer,2,2335.367,1167.6835,2335.367,1167.6835,0.009726962949185536,0.7392812801540529,0.0,0.0
15,Device,Conv2DBackpropFilter,gradient_tape/model/ResBlock21_conv1/Conv2D/Conv2DBackpropFilter,2,1625.381,812.6905,1625.381,812.6905,0.0067698228010030686,0.746051102955056,0.0,0.0
16,Device,Conv2DBackpropFilter,gradient_tape/model/ResBlock21_pooling_conv/Conv2D/Conv2DBackpropFilter,2,1620.773,810.3865,1620.773,810.3865,0.006750630166496438,0.7528017331215524,0.0,0.0
17,Device,Conv2DBackpropFilter,gradient_tape/model/ResBlock22_conv2/Conv2D/Conv2DBackpropFilter,2,1528.069,764.0345,1528.069,764.0345,0.006364511679234566,0.759166244800787,0.0,0.0
18,Device,Conv2DBackpropFilter,gradient_tape/model/ResBlock22_conv1/Conv2D/Conv2DBackpropFilter,2,1527.782,763.891,1527.782,763.891,0.006363316304646154,0.7655295611054331,0.0,0.0
19,Device,Conv2DBackpropFilter,gradient_tape/model/ResBlock21_conv2/Conv2D/Conv2DBackpropFilter,2,1492.836,746.418,1492.836,746.418,0.006217763829501032,0.7717473249349341,0.0,0.0
20,Device,FusedBatchNormGradV3,gradient_tape/model/ResBlock22_bn1/FusedBatchNormGradV3,2,1451.108,725.554,1451.108,725.554,0.006043963861468764,0.7777912887964029,0.0,0.0
21,Device,FusedBatchNormGradV3,gradient_tape/model/ResBlock22_bn2/FusedBatchNormGradV3,2,1447.652,723.826,1447.652,723.826,0.006029569385588791,0.7838208581819917,0.0,0.0
22,Device,FusedBatchNormGradV3,gradient_tape/model/ResBlock21_bn1/FusedBatchNormGradV3,2,1445.508,722.754,1445.508,722.754,0.006020639479255845,0.7898414976612474,0.0,0.0
23,Device,FusedBatchNormGradV3,gradient_tape/model/ResBlock21_bn2/FusedBatchNormGradV3,2,1445.252,722.626,1445.252,722.626,0.0060195732217832535,0.7958610708830307,0.0,0.0
24,Device,FusedBatchNormGradV3,gradient_tape/model/ResBlock21_pooling_bn/FusedBatchNormGradV3,2,1444.26,722.13,1444.26,722.13,0.006015441474076965,0.8018765123571077,0.0,0.0
25,Device,Conv2DBackpropFilter,gradient_tape/model/ResBlock32_conv2/Conv2D/Conv2DBackpropFilter,2,1009.378,504.689,1009.378,504.689,0.004204128262377175,0.8060806406194848,0.0,0.0
26,Device,Conv2DBackpropFilter,gradient_tape/model/ResBlock32_conv1/Conv2D/Conv2DBackpropFilter,2,1005.795,502.8975,1005.795,502.8975,0.004189204822829159,0.810269845442314,0.0,0.0
27,Device,Conv2DBackpropFilter,gradient_tape/model/ResBlock31_conv2/Conv2D/Conv2DBackpropFilter,2,1005.571,502.7855,1005.571,502.7855,0.004188271847540642,0.8144581172898546,0.0,0.0
28,Device,ReluGrad,gradient_tape/model/tf.nn.relu_2/ReluGrad,2,867.65,433.825,867.65,433.825,0.003613821469114203,0.8180719387589688,0.0,0.0
29,Device,ReluGrad,gradient_tape/model/tf.nn.relu_3/ReluGrad,2,864.61,432.305,864.61,432.305,0.0036011596616271897,0.821673098420596,0.0,0.0
30,Device,ReluGrad,gradient_tape/model/tf.nn.relu_1/ReluGrad,2,859.812,429.906,859.812,429.906,0.0035811756641526207,0.8252542740847486,0.0,0.0
31,Device,FusedBatchNormV3,model/ResBlock21_bn2/FusedBatchNormV3,4,858.499,214.62475,858.499,214.62475,0.0035757069295373413,0.828829981014286,0.0,0.0
32,Device,FusedBatchNormV3,model/ResBlock21_bn1/FusedBatchNormV3,4,858.146,214.5365,858.146,214.5365,0.0035742366604442767,0.8324042176747303,0.0,0.0
33,Device,FusedBatchNormV3,model/ResBlock22_bn1/FusedBatchNormV3,4,857.539,214.38475,857.539,214.38475,0.0035717084640151265,0.8359759261387454,0.0,0.0
34,Device,FusedBatchNormV3,model/ResBlock22_bn2/FusedBatchNormV3,4,856.547,214.13675,856.547,214.13675,0.003567576716308838,0.8395435028550542,0.0,0.0
35,Device,FusedBatchNormV3,model/ResBlock21_pooling_bn/FusedBatchNormV3,4,852.483,213.12075,852.483,213.12075,0.003550649878931462,0.8430941527339857,0.0,0.0
36,Device,AddN,SGD/gradients/AddN_2,2,846.69,423.345,846.69,423.345,0.0035265216385458476,0.8466206743725315,0.0,0.0
37,Device,Conv2D,model/ResBlock21_pooling_conv/Conv2D,2,846.69,423.345,846.69,423.345,0.0035265216385458476,0.8501471960110774,0.0,0.0
38,Device,ReluGrad,gradient_tape/model/tf.nn.relu/ReluGrad,2,845.507,422.7535,845.507,422.7535,0.003521594362803368,0.8536687903738808,0.0,0.0
39,Device,AddN,SGD/gradients/AddN_1,2,843.011,421.5055,843.011,421.5055,0.0035111983524456097,0.8571799887263264,0.0,0.0
40,Device,Conv2D,model/ResBlock21_conv1/Conv2D,2,838.947,419.4735,838.947,419.4735,0.003494271515068234,0.8606742602413946,0.0,0.0
41,Device,AddV2,model/ResBlock22_add/add,2,818.018,409.009,818.018,409.009,0.0034071008016157,0.8640813610430103,0.0,0.0
42,Device,AddV2,model/ResBlock21_add/add,2,814.978,407.489,814.978,407.489,0.0033944389941286865,0.867475800037139,0.0,0.0
43,Device,Conv2DBackpropInput,gradient_tape/model/ResBlock31_pooling_conv/Conv2D/Conv2DBackpropInput,2,770.562,385.281,770.562,385.281,0.0032094433226342173,0.8706852433597732,0.0,0.0
44,Device,Conv2DBackpropInput,gradient_tape/model/ResBlock31_conv1/Conv2D/Conv2DBackpropInput,2,769.987,384.9935,769.987,384.9935,0.0032070484083891403,0.8738922917681623,0.0,0.0
45,Device,FusedBatchNormGradV3,gradient_tape/model/ResBlock31_bn2/FusedBatchNormGradV3,2,712.195,356.0975,712.195,356.0975,0.0029663407839518124,0.8768586325521142,0.0,0.0
46,Device,FusedBatchNormGradV3,gradient_tape/model/ResBlock32_bn2/FusedBatchNormGradV3,2,710.306,355.153,710.306,355.153,0.0029584729700232043,0.8798171055221373,0.0,0.0
47,Device,FusedBatchNormGradV3,gradient_tape/model/ResBlock31_pooling_bn/FusedBatchNormGradV3,2,707.33,353.665,707.33,353.665,0.0029460777269043384,0.8827631832490417,0.0,0.0
48,Device,FusedBatchNormGradV3,gradient_tape/model/ResBlock32_bn1/FusedBatchNormGradV3,2,705.058,352.529,705.058,352.529,0.0029366146918350967,0.8856997979408768,0.0,0.0
49,Device,FusedBatchNormGradV3,gradient_tape/model/ResBlock31_bn1/FusedBatchNormGradV3,2,700.77,350.385,700.77,350.385,0.002918754879169204,0.888618552820046,0.0,0.0
50,Device,Conv2DBackpropFilter,gradient_tape/model/ResBlock31_conv1/Conv2D/Conv2DBackpropFilter,2,683.81,341.905,683.81,341.905,0.0028481153216100767,0.8914666681416561,0.0,0.0
51,Device,Conv2DBackpropFilter,gradient_tape/model/ResBlock31_pooling_conv/Conv2D/Conv2DBackpropFilter,2,673.89,336.945,673.89,336.945,0.002806797844547191,0.8942734659862033,0.0,0.0
52,Device,BiasAdd,model/ResBlock21_conv2/BiasAdd,2,599.426,299.713,599.426,299.713,0.0024966502022073997,0.8967701161884106,0.0,0.0
53,Device,Conv2D,model/ResBlock22_conv1/Conv2D,2,598.881,299.4405,598.881,299.4405,0.002494380240009892,0.8992644964284205,0.0,0.0
54,Device,BiasAdd,model/ResBlock22_conv1/BiasAdd,2,598.306,299.153,598.306,299.153,0.002491985325764816,0.9017564817541853,0.0,0.0
55,Device,BiasAdd,model/ResBlock21_pooling_conv/BiasAdd,2,598.146,299.073,598.146,299.073,0.0024913189148444465,0.9042478006690298,0.0,0.0
56,Device,Conv2D,model/ResBlock21_conv2/Conv2D,2,597.153,298.5765,597.153,298.5765,0.002487183002069906,0.9067349836710997,0.0,0.0
57,Device,BiasAdd,model/ResBlock22_conv2/BiasAdd,2,596.162,298.081,596.162,298.081,0.0024830554194318695,0.9092180390905316,0.0,0.0
58,Device,BiasAdd,model/ResBlock21_conv1/BiasAdd,2,596.13,298.065,596.13,298.065,0.0024829221372477954,0.9117009612277793,0.0,0.0
59,Device,Conv2D,model/ResBlock22_conv2/Conv2D,2,595.65,297.825,595.65,297.825,0.0024809229044866882,0.914181884132266,0.0,0.0
60,Device,Conv2DBackpropInput,gradient_tape/model/ResBlock21_conv2/Conv2D/Conv2DBackpropInput,2,593.825,296.9125,593.825,296.9125,0.002473321654926228,0.9166552057871922,0.0,0.0
61,Device,Conv2DBackpropInput,gradient_tape/model/ResBlock22_conv2/Conv2D/Conv2DBackpropInput,2,592.61,296.305,592.61,296.305,0.002468261096999675,0.9191234668841919,0.0,0.0
62,Device,Conv2DBackpropInput,gradient_tape/model/ResBlock22_conv1/Conv2D/Conv2DBackpropInput,2,591.746,295.873,591.746,295.873,0.0024646624780296817,0.9215881293622216,0.0,0.0
63,Device,Relu,model/tf.nn.relu_2/Relu,2,553.281,276.6405,553.281,276.6405,0.002304453127704691,0.9238925824899262,0.0,0.0
64,Device,Relu,model/tf.nn.relu_3/Relu,2,552.098,276.049,552.098,276.049,0.002299525851962212,0.9261921083418885,0.0,0.0
65,Device,Relu,model/tf.nn.relu_1/Relu,2,551.778,275.889,551.778,275.889,0.002298193030121474,0.9284903013720099,0.0,0.0
66,Device,Relu,model/tf.nn.relu/Relu,2,551.042,275.521,551.042,275.521,0.002295127539887776,0.9307854289118977,0.0,0.0
67,Device,Conv2D,model/ResBlock32_conv2/Conv2D,2,477.152,238.576,477.152,238.576,0.0019873706467248087,0.9327727995586226,0.0,0.0
68,Device,Conv2D,model/ResBlock32_conv1/Conv2D,2,476.962,238.481,476.962,238.481,0.0019865792837568705,0.9347593788423795,0.0,0.0
69,Device,Conv2D,model/ResBlock31_conv2/Conv2D,2,476.097,238.0485,476.097,238.0485,0.0019829764997186246,0.936742355342098,0.0,0.0
70,Device,Conv2D,model/ResBlock31_conv1/Conv2D,2,457.153,228.5765,457.153,228.5765,0.0019040734467469203,0.938646428788845,0.0,0.0
71,Device,Conv2D,model/ResBlock31_pooling_conv/Conv2D,2,455.49,227.745,455.49,227.745,0.0018971469382433337,0.9405435757270884,0.0,0.0
72,Device,Conv2DBackpropInput,gradient_tape/model/ResBlock32_conv2/Conv2D/Conv2DBackpropInput,2,454.849,227.4245,454.849,227.4245,0.0018944771294936047,0.942438052856582,0.0,0.0
73,Device,Conv2DBackpropInput,gradient_tape/model/ResBlock32_conv1/Conv2D/Conv2DBackpropInput,2,452.706,226.353,452.706,226.353,0.001885551388228911,0.9443236042448109,0.0,0.0
74,Device,Conv2DBackpropInput,gradient_tape/model/ResBlock31_conv2/Conv2D/Conv2DBackpropInput,2,452.61,226.305,452.61,226.305,0.0018851515416766892,0.9462087557864876,0.0,0.0
75,Device,FusedBatchNormV3,model/ResBlock32_bn2/FusedBatchNormV3,4,451.873,112.96825,451.873,112.96825,0.0018820818863747389,0.9480908376728623,0.0,0.0
76,Device,FusedBatchNormV3,model/ResBlock32_bn1/FusedBatchNormV3,4,450.689,112.67225,450.689,112.67225,0.0018771504455640075,0.9499679881184263,0.0,0.0
77,Device,FusedBatchNormV3,model/ResBlock31_bn2/FusedBatchNormV3,4,450.528,112.632,450.528,112.632,0.001876479869575386,0.9518444679880017,0.0,0.0
78,Device,FusedBatchNormV3,model/ResBlock31_pooling_bn/FusedBatchNormV3,4,450.145,112.53625,450.145,112.53625,0.0018748846484347523,0.9537193526364365,0.0,0.0
79,Device,FusedBatchNormV3,model/ResBlock31_bn1/FusedBatchNormV3,4,449.6,112.4,449.6,112.4,0.001872614686237245,0.9555919673226737,0.0,0.0
80,Device,ReluGrad,gradient_tape/model/tf.nn.relu_5/ReluGrad,2,433.249,216.6245,433.249,216.6245,0.0018045116552437728,0.9573964789779175,0.0,0.0
81,Device,SoftmaxCrossEntropyWithLogits,categorical_crossentropy/softmax_cross_entropy_with_logits,6,431.65,71.94166666666666,431.65,71.94166666666666,0.0017978517111083337,0.9591943306890258,0.0,0.0
82,Device,ReluGrad,gradient_tape/model/tf.nn.relu_4/ReluGrad,2,431.49,215.745,431.49,215.745,0.0017971853001879647,0.9609915159892138,0.0,0.0
83,Device,ReluGrad,gradient_tape/model/tf.nn.relu_7/ReluGrad,2,429.858,214.929,429.858,214.929,0.0017903879088001994,0.962781903898014,0.0,0.0
84,Device,ReluGrad,gradient_tape/model/tf.nn.relu_6/ReluGrad,2,428.738,214.369,428.738,214.369,0.0017857230323576156,0.9645676269303716,0.0,0.0
85,Device,AddN,SGD/gradients/AddN,2,423.937,211.9685,423.937,211.9685,0.0017657265396782895,0.9663333534700499,0.0,0.0
86,Device,AddV2,model/ResBlock32_add/add,2,412.065,206.0325,412.065,206.0325,0.0017162788493869003,0.9680496323194367,0.0,0.0
87,Device,AddV2,model/ResBlock31_add/add,2,410.978,205.489,410.978,205.489,0.0017117514201966425,0.9697613837396334,0.0,0.0
88,Device,BiasAddGrad,gradient_tape/model/ResBlock21_pooling_conv/BiasAdd/BiasAddGrad,2,324.384,162.192,324.384,162.192,0.001351081499956367,0.9711124652395897,0.0,0.0
89,Device,BiasAddGrad,gradient_tape/model/ResBlock22_conv1/BiasAdd/BiasAddGrad,2,312.224,156.112,312.224,156.112,0.001300434270008313,0.9724128995095981,0.0,0.0
90,Device,BiasAddGrad,gradient_tape/model/ResBlock21_conv2/BiasAdd/BiasAddGrad,2,311.298,155.649,311.298,155.649,0.0012965774168066768,0.9737094769264047,0.0,0.0
91,Device,BiasAddGrad,gradient_tape/model/ResBlock22_conv2/BiasAdd/BiasAddGrad,2,310.625,155.3125,310.625,155.3125,0.0012937743258728742,0.9750032512522776,0.0,0.0
92,Device,BiasAddGrad,gradient_tape/model/ResBlock21_conv1/BiasAdd/BiasAddGrad,2,310.369,155.1845,310.369,155.1845,0.0012927080684002838,0.9762959593206779,0.0,0.0
93,Device,BiasAdd,model/ResBlock32_conv1/BiasAdd,2,300.417,150.2085,300.417,150.2085,0.0012512573091533238,0.9775472166298312,0.0,0.0
94,Device,BiasAdd,model/ResBlock31_pooling_conv/BiasAdd,2,299.17,149.585,299.17,149.585,0.0012460634690426972,0.9787932800988739,0.0,0.0
95,Device,BiasAdd,model/ResBlock31_conv1/BiasAdd,2,299.008,149.504,299.008,149.504,0.0012453887279858234,0.9800386688268597,0.0,0.0
96,Device,BiasAdd,model/ResBlock31_conv2/BiasAdd,2,298.818,149.409,298.818,149.409,0.001244597365017885,0.9812832661918777,0.0,0.0
97,Device,BiasAdd,model/ResBlock32_conv2/BiasAdd,2,297.41,148.705,297.41,148.705,0.0012387329489186368,0.9825219991407963,0.0,0.0
98,Device,Transpose,model/tf.nn.relu_7/Relu-0-0-TransposeNCHWToNHWC-LayoutOptimizer,2,286.849,143.4245,286.849,143.4245,0.001194745663106022,0.9837167448039024,0.0,0.0
99,Device,RealDiv,gradient_tape/model/GAP/truediv,2,285.282,142.641,285.282,142.641,0.0011882190011546568,0.984904963805057,0.0,0.0
100,Device,Transpose,gradient_tape/model/tf.nn.relu_7/ReluGrad-0-TransposeNHWCToNCHW-LayoutOptimizer,2,284.32,142.16,284.32,142.16,0.0011842122054959376,0.9860891760105529,0.0,0.0
101,Device,Relu,model/tf.nn.relu_5/Relu,2,281.312,140.656,281.312,140.656,0.001171683680192998,0.987260859690746,0.0,0.0
102,Device,Relu,model/tf.nn.relu_7/Relu,2,279.777,139.8885,279.777,139.8885,0.0011652903004257067,0.9884261499911716,0.0,0.0
103,Device,Relu,model/tf.nn.relu_6/Relu,2,278.914,139.457,278.914,139.457,0.0011616958465239656,0.9895878458376955,0.0,0.0
104,Device,Relu,model/tf.nn.relu_4/Relu,2,277.537,138.7685,277.537,138.7685,0.0011559605475405389,0.9907438063852361,0.0,0.0
105,Device,ArgMax,ArgMax,2,239.136,119.568,239.136,119.568,0.0009960177615836961,0.9917398241468197,0.0,0.0
106,Device,ArgMax,ArgMax_1,2,191.074,95.537,191.074,95.537,0.0007958362512413154,0.9925356603980611,0.0,0.0
107,Device,BiasAddGrad,gradient_tape/model/ResBlock31_conv2/BiasAdd/BiasAddGrad,2,159.68,79.84,159.68,79.84,0.0006650780985283882,0.9932007384965894,0.0,0.0
108,Device,BiasAddGrad,gradient_tape/model/ResBlock32_conv2/BiasAdd/BiasAddGrad,2,159.585,79.7925,159.585,79.7925,0.000664682417044419,0.9938654209136338,0.0,0.0
109,Device,BiasAddGrad,gradient_tape/model/ResBlock31_conv1/BiasAdd/BiasAddGrad,2,159.552,79.776,159.552,79.776,0.0006645449697920928,0.9945299658834259,0.0,0.0
110,Device,BiasAddGrad,gradient_tape/model/ResBlock32_conv1/BiasAdd/BiasAddGrad,2,159.2,79.6,159.2,79.6,0.0006630788657672807,0.9951930447491932,0.0,0.0
111,Device,BiasAddGrad,gradient_tape/model/ResBlock31_pooling_conv/BiasAdd/BiasAddGrad,2,159.008,79.504,159.008,79.504,0.0006622791726628378,0.995855323921856,0.0,0.0
112,Device,Mean,model/GAP/Mean,2,157.408,78.704,157.408,78.704,0.0006556150634591465,0.9965109389853152,0.0,0.0
113,Device,BroadcastTo,gradient_tape/model/GAP/BroadcastTo,2,143.008,71.504,143.008,71.504,0.0005956380806259252,0.9971065770659411,0.0,0.0
114,Device,_Recv,IteratorGetNext/_4,2,87.584,43.792,87.584,43.792,0.0003647933378100598,0.9974713704037511,0.0,0.0
115,Device,Softmax,model/dense/Softmax,2,32.736,16.368,32.736,16.368,0.00013634767430752324,0.9976077180780586,0.0,0.0
116,Device,MatMul,gradient_tape/model/dense/MatMul/MatMul,2,28.544,14.272,28.544,14.272,0.00011888770819385214,0.9977266057862525,0.0,0.0
117,Device,MatMul,gradient_tape/model/dense/MatMul/MatMul_1,2,20.384,10.192,20.384,10.192,8.49007512550267e-05,0.9978115065375075,0.0,0.0
118,Device,MatMul,model/dense/MatMul,2,17.728,8.864,17.728,8.864,7.38383299768992e-05,0.9978853448674844,0.0,0.0
119,Device,DynamicStitch,gradient_tape/model/GAP/DynamicStitch,2,12.384,6.192,12.384,6.192,5.1580205236570385e-05,0.9979369250727209,0.0,0.0
120,Device,Mul,gradient_tape/categorical_crossentropy/softmax_cross_entropy_with_logits/mul,2,12.064,6.032,12.064,6.032,5.0247383395832126e-05,0.9979871724561168,0.0,0.0
121,Device,BiasAddGrad,gradient_tape/model/dense/BiasAdd/BiasAddGrad,2,10.24,5.12,10.24,5.12,4.265029890362409e-05,0.9980298227550204,0.0,0.0
122,Device,BiasAdd,model/dense/BiasAdd,2,9.472,4.736,9.472,4.736,3.9451526485852275e-05,0.9980692742815063,0.0,0.0
123,Device,ResourceApplyGradientDescent,SGD/SGD/update_28/ResourceApplyGradientDescent,2,8.544,4.272,8.544,4.272,3.558634314771135e-05,0.998104860624654,0.0,0.0
124,Device,ResourceApplyGradientDescent,SGD/SGD/update_4/ResourceApplyGradientDescent,2,8.544,4.272,8.544,4.272,3.558634314771135e-05,0.9981404469678017,0.0,0.0
125,Device,ResourceApplyGradientDescent,SGD/SGD/update_8/ResourceApplyGradientDescent,2,8.256,4.128,8.256,4.128,3.438680349104692e-05,0.9981748337712927,0.0,0.0
126,Device,ResourceApplyGradientDescent,SGD/SGD/update_40/ResourceApplyGradientDescent,2,8.16,4.08,8.16,4.08,3.3986956938825445e-05,0.9982088207282315,0.0,0.0
127,Device,ResourceApplyGradientDescent,SGD/SGD/update/ResourceApplyGradientDescent,2,8.096,4.048,8.096,4.048,3.37203925706778e-05,0.9982425411208021,0.0,0.0
128,Device,ResourceApplyGradientDescent,SGD/SGD/update_36/ResourceApplyGradientDescent,2,7.968,3.984,7.968,3.984,3.3187263834382495e-05,0.9982757283846365,0.0,0.0
129,Device,ResourceApplyGradientDescent,SGD/SGD/update_20/ResourceApplyGradientDescent,2,7.936,3.968,7.936,3.968,3.3053981650308665e-05,0.9983087823662868,0.0,0.0
130,Device,ResourceApplyGradientDescent,SGD/SGD/update_16/ResourceApplyGradientDescent,2,7.904,3.952,7.904,3.952,3.292069946623484e-05,0.9983417030657531,0.0,0.0
131,Device,ResourceApplyGradientDescent,SGD/SGD/update_10/ResourceApplyGradientDescent,2,7.872,3.936,7.872,3.936,3.278741728216102e-05,0.9983744904830353,0.0,0.0
132,Device,ResourceApplyGradientDescent,SGD/SGD/update_44/ResourceApplyGradientDescent,2,7.776,3.888,7.776,3.888,3.238757072993954e-05,0.9984068780537653,0.0,0.0
133,Device,ResourceApplyGradientDescent,SGD/SGD/update_30/ResourceApplyGradientDescent,2,7.744,3.872,7.744,3.872,3.2254288545865715e-05,0.9984391323423112,0.0,0.0
134,Device,ResourceApplyGradientDescent,SGD/SGD/update_24/ResourceApplyGradientDescent,2,7.68,3.84,7.68,3.84,3.198772417771807e-05,0.9984711200664889,0.0,0.0
135,Device,ResourceApplyGradientDescent,SGD/SGD/update_32/ResourceApplyGradientDescent,2,7.136,3.568,7.136,3.568,2.9721927048463035e-05,0.9985008419935373,0.0,0.0
136,Device,ResourceApplyGradientDescent,SGD/SGD/update_22/ResourceApplyGradientDescent,2,7.072,3.536,7.072,3.536,2.9455362680315384e-05,0.9985302973562176,0.0,0.0
137,Device,ResourceApplyGradientDescent,SGD/SGD/update_26/ResourceApplyGradientDescent,2,7.008,3.504,7.008,3.504,2.9188798312167733e-05,0.9985594861545297,0.0,0.0
138,Device,ResourceApplyGradientDescent,SGD/SGD/update_18/ResourceApplyGradientDescent,2,6.976,3.488,6.976,3.488,2.905551612809391e-05,0.9985885416706578,0.0,0.0
139,Device,ResourceApplyGradientDescent,SGD/SGD/update_9/ResourceApplyGradientDescent,2,6.976,3.488,6.976,3.488,2.905551612809391e-05,0.9986175971867859,0.0,0.0
140,Device,ResourceApplyGradientDescent,SGD/SGD/update_14/ResourceApplyGradientDescent,2,6.944,3.472,6.944,3.472,2.8922233944020082e-05,0.9986465194207299,0.0,0.0
141,Device,ResourceApplyGradientDescent,SGD/SGD/update_6/ResourceApplyGradientDescent,2,6.944,3.472,6.944,3.472,2.8922233944020082e-05,0.9986754416546739,0.0,0.0
142,Device,ResourceApplyGradientDescent,SGD/SGD/update_13/ResourceApplyGradientDescent,2,6.88,3.44,6.88,3.44,2.8655669575872435e-05,0.9987040973242498,0.0,0.0
143,Device,ResourceApplyGradientDescent,SGD/SGD/update_5/ResourceApplyGradientDescent,2,6.88,3.44,6.88,3.44,2.8655669575872435e-05,0.9987327529938257,0.0,0.0
144,Device,ResourceApplyGradientDescent,SGD/SGD/update_2/ResourceApplyGradientDescent,2,6.848,3.424,6.848,3.424,2.8522387391798608e-05,0.9987612753812175,0.0,0.0
145,Device,ResourceApplyGradientDescent,SGD/SGD/update_42/ResourceApplyGradientDescent,2,6.848,3.424,6.848,3.424,2.8522387391798608e-05,0.9987897977686093,0.0,0.0
146,Device,ResourceApplyGradientDescent,SGD/SGD/update_45/ResourceApplyGradientDescent,2,6.848,3.424,6.848,3.424,2.8522387391798608e-05,0.9988183201560011,0.0,0.0
147,Device,ResourceApplyGradientDescent,SGD/SGD/update_12/ResourceApplyGradientDescent,2,6.816,3.408,6.816,3.408,2.8389105207724784e-05,0.9988467092612089,0.0,0.0
148,Device,ResourceApplyGradientDescent,SGD/SGD/update_38/ResourceApplyGradientDescent,2,6.816,3.408,6.816,3.408,2.8389105207724784e-05,0.9988750983664166,0.0,0.0
149,Device,ResourceApplyGradientDescent,SGD/SGD/update_15/ResourceApplyGradientDescent,2,6.784,3.392,6.784,3.392,2.8255823023650957e-05,0.9989033541894403,0.0,0.0
150,Device,ResourceApplyGradientDescent,SGD/SGD/update_3/ResourceApplyGradientDescent,2,6.784,3.392,6.784,3.392,2.8255823023650957e-05,0.998931610012464,0.0,0.0
151,Device,ResourceApplyGradientDescent,SGD/SGD/update_34/ResourceApplyGradientDescent,2,6.784,3.392,6.784,3.392,2.8255823023650957e-05,0.9989598658354877,0.0,0.0
152,Device,ResourceApplyGradientDescent,SGD/SGD/update_21/ResourceApplyGradientDescent,2,6.752,3.376,6.752,3.376,2.8122540839577133e-05,0.9989879883763273,0.0,0.0
153,Device,ResourceApplyGradientDescent,SGD/SGD/update_23/ResourceApplyGradientDescent,2,6.72,3.36,6.72,3.36,2.7989258655503306e-05,0.9990159776349828,0.0,0.0
154,Device,ResourceApplyGradientDescent,SGD/SGD/update_39/ResourceApplyGradientDescent,2,6.72,3.36,6.72,3.36,2.7989258655503306e-05,0.9990439668936384,0.0,0.0
155,Device,ResourceApplyGradientDescent,SGD/SGD/update_27/ResourceApplyGradientDescent,2,6.688,3.344,6.688,3.344,2.7855976471429482e-05,0.9990718228701099,0.0,0.0
156,Device,ResourceApplyGradientDescent,SGD/SGD/update_7/ResourceApplyGradientDescent,2,6.688,3.344,6.688,3.344,2.7855976471429482e-05,0.9990996788465814,0.0,0.0
157,Device,ResourceApplyGradientDescent,SGD/SGD/update_1/ResourceApplyGradientDescent,2,6.656,3.328,6.656,3.328,2.7722694287355655e-05,0.9991274015408687,0.0,0.0
158,Device,ResourceApplyGradientDescent,SGD/SGD/update_29/ResourceApplyGradientDescent,2,6.624,3.312,6.624,3.312,2.758941210328183e-05,0.9991549909529719,0.0,0.0
159,Device,ResourceApplyGradientDescent,SGD/SGD/update_33/ResourceApplyGradientDescent,2,6.624,3.312,6.624,3.312,2.758941210328183e-05,0.9991825803650751,0.0,0.0
160,Device,ResourceApplyGradientDescent,SGD/SGD/update_19/ResourceApplyGradientDescent,2,6.592,3.296,6.592,3.296,2.7456129919208004e-05,0.9992100364949943,0.0,0.0
161,Device,ResourceApplyGradientDescent,SGD/SGD/update_43/ResourceApplyGradientDescent,2,6.592,3.296,6.592,3.296,2.7456129919208004e-05,0.9992374926249135,0.0,0.0
162,Device,ResourceApplyGradientDescent,SGD/SGD/update_35/ResourceApplyGradientDescent,2,6.56,3.28,6.56,3.28,2.732284773513418e-05,0.9992648154726486,0.0,0.0
163,Device,AssignAddVariableOp,AssignAddVariableOp_2,2,6.528,3.264,6.528,3.264,2.7189565551060353e-05,0.9992920050381996,0.0,0.0
164,Device,ResourceApplyGradientDescent,SGD/SGD/update_11/ResourceApplyGradientDescent,2,6.464,3.232,6.464,3.232,2.692300118291271e-05,0.9993189280393825,0.0,0.0
165,Device,Cast,Cast,2,6.4,3.2,6.4,3.2,2.6656436814765057e-05,0.9993455844761973,0.0,0.0
166,Device,ResourceApplyGradientDescent,SGD/SGD/update_17/ResourceApplyGradientDescent,2,6.336,3.168,6.336,3.168,2.6389872446617406e-05,0.9993719743486439,0.0,0.0
167,Device,ResourceApplyGradientDescent,SGD/SGD/update_41/ResourceApplyGradientDescent,2,6.272,3.136,6.272,3.136,2.6123308078469755e-05,0.9993980976567224,0.0,0.0
168,Device,ResourceApplyGradientDescent,SGD/SGD/update_25/ResourceApplyGradientDescent,2,6.208,3.104,6.208,3.104,2.5856743710322104e-05,0.9994239544004327,0.0,0.0
169,Device,ResourceApplyGradientDescent,SGD/SGD/update_37/ResourceApplyGradientDescent,2,6.208,3.104,6.208,3.104,2.5856743710322104e-05,0.9994498111441431,0.0,0.0
170,Device,ResourceApplyGradientDescent,SGD/SGD/update_31/ResourceApplyGradientDescent,2,6.176,3.088,6.176,3.088,2.5723461526248277e-05,0.9994755346056694,0.0,0.0
171,Device,AssignAddVariableOp,SGD/SGD/AssignAddVariableOp,2,6.144,3.072,6.144,3.072,2.5590179342174453e-05,0.9995011247850116,0.0,0.0
172,Device,AssignAddVariableOp,AssignAddVariableOp_4,2,6.112,3.056,6.112,3.056,2.5456897158100626e-05,0.9995265816821697,0.0,0.0
173,Device,Tile,gradient_tape/categorical_crossentropy/weighted_loss/Tile_1,2,6.08,3.04,6.08,3.04,2.5323614974026802e-05,0.9995519052971437,0.0,0.0
174,Device,AssignAddVariableOp,AssignAddVariableOp_3,2,6.016,3.008,6.016,3.008,2.505705060587915e-05,0.9995769623477495,0.0,0.0
175,Device,Cast,Cast_1,2,5.92,2.96,5.92,2.96,2.4657204053657676e-05,0.9996016195518032,0.0,0.0
176,Device,Equal,Equal,2,5.92,2.96,5.92,2.96,2.4657204053657676e-05,0.9996262767558568,0.0,0.0
177,Device,DivNoNan,categorical_crossentropy/weighted_loss/value,2,5.92,2.96,5.92,2.96,2.4657204053657676e-05,0.9996509339599104,0.0,0.0
178,Device,Cast,gradient_tape/model/GAP/Cast,2,5.888,2.944,5.888,2.944,2.452392186958385e-05,0.99967545788178,0.0,0.0
179,Device,AssignAddVariableOp,AssignAddVariableOp_1,2,5.856,2.928,5.856,2.928,2.4390639685510025e-05,0.9996998485214655,0.0,0.0
180,Device,Mul,Mul,2,5.792,2.896,5.792,2.896,2.4124075317362374e-05,0.9997239725967829,0.0,0.0
181,Device,DivNoNan,gradient_tape/categorical_crossentropy/weighted_loss/value/div_no_nan,2,5.792,2.896,5.792,2.896,2.4124075317362374e-05,0.9997480966721003,0.0,0.0
182,Device,Sum,categorical_crossentropy/weighted_loss/Sum,2,5.728,2.864,5.728,2.864,2.3857510949214723e-05,0.9997719541830495,0.0,0.0
183,Device,AssignAddVariableOp,AssignAddVariableOp,2,5.696,2.848,5.696,2.848,2.3724228765140896e-05,0.9997956784118147,0.0,0.0
184,Device,Sum,Sum_2,2,5.504,2.752,5.504,2.752,2.2924535660697947e-05,0.9998186029474754,0.0,0.0
185,Device,DivNoNan,div_no_nan,2,5.504,2.752,5.504,2.752,2.2924535660697947e-05,0.999841527483136,0.0,0.0
186,Device,DivNoNan,div_no_nan_1,2,5.504,2.752,5.504,2.752,2.2924535660697947e-05,0.9998644520187967,0.0,0.0
187,Device,Cast,categorical_crossentropy/weighted_loss/num_elements/Cast,2,5.184,2.592,5.184,2.592,2.1591713819959695e-05,0.9998860437326167,0.0,0.0
188,Device,Cast,Cast_2,2,5.152,2.576,5.152,2.576,2.145843163588587e-05,0.9999075021642526,0.0,0.0
189,Device,_Recv,gradient_tape/model/GAP/Shape-0-1-DataFormatVecPermuteNCHWToNHWC-LayoutOptimizer/_14,2,4.064,2.032,4.064,2.032,1.692683737737581e-05,0.99992442900163,0.0,0.0
190,Device,_Recv,categorical_crossentropy/weighted_loss/num_elements/_20,2,3.52,1.76,3.52,1.76,1.466104024812078e-05,0.9999390900418782,0.0,0.0
191,Device,_Recv,Size/_22,2,2.912,1.456,2.912,1.456,1.2128678750718099e-05,0.9999512187206289,0.0,0.0
192,Device,LogicalAnd,LogicalAnd,1,2.848,2.848,2.848,2.848,1.1862114382570448e-05,0.9999630808350114,0.0,0.0
193,Device,_Recv,gradient_tape/model/GAP/floordiv/_18,2,2.656,1.328,2.656,1.328,1.1062421278127498e-05,0.9999741432562895,0.0,0.0
194,Device,_HostRecv,gradient_tape/model/GAP/DynamicStitch/_24,2,2.336,1.168,2.336,1.168,9.729599437389245e-06,0.9999838728557269,0.0,0.0
195,Device,_Recv,strided_slice/_12,2,1.952,0.976,1.952,0.976,8.13021322850334e-06,0.9999920030689554,0.0,0.0
196,Device,_Recv,gradient_tape/model/GAP/ones/_16,2,1.92,0.96,1.92,0.96,7.996931044429517e-06,0.9999999999999999,0.0,0.0
197,Host,IDLE,IDLE,0,602221.677,0.0,602221.677,0.0,0.0,0.0,0.9996851752444876,0.9996851752444876
198,Host,LogicalAnd,LogicalAnd,1,35.323,35.323,35.323,35.323,0.0,0.0,5.863601526446055e-05,0.9997438112597521
199,Host,FlushSummaryWriter,FlushSummaryWriter,1,30.858,30.858,30.858,30.858,0.0,0.0,5.1224136087838626e-05,0.9997950353958399
200,Host,Dataset,Iterator::Root::ParallelMapV2,2,28.782,14.391,28.782,14.391,0.0,0.0,4.77779857696601e-05,0.9998428133816096
201,Host,Dataset,Iterator::Root,2,55.302,27.651,26.52,13.26,0.0,0.0,4.4023076318928006e-05,0.9998868364579285
202,Host,WriteSummary,WriteSummary,1,19.873,19.873,19.873,19.873,0.0,0.0,3.298908731847875e-05,0.999919825545247
203,Host,ReadVariableOp,ReadVariableOp,1,16.248,16.248,16.248,16.248,0.0,0.0,2.6971604224356797e-05,0.9999467971494714
204,Host,IteratorGetNext,IteratorGetNext,2,13.032,6.516,13.032,6.516,0.0,0.0,2.1633059222785436e-05,0.9999684302086942
205,Host,_Send,IteratorGetNext/_1,2,5.134,2.567,5.134,2.567,0.0,0.0,8.522416056612986e-06,0.9999769526247508
206,Host,_Send,IteratorGetNext/_3,2,3.755,1.8775,3.755,1.8775,0.0,0.0,6.233282487842182e-06,0.9999831859072387
207,Host,_HostSend,categorical_crossentropy/softmax_cross_entropy_with_logits/Shape_2/_9,2,3.289,1.6445,3.289,1.6445,0.0,0.0,5.459724661121954e-06,0.9999886456318998
208,Host,Identity,Identity,2,2.685,1.3425,2.685,1.3425,0.0,0.0,4.457087477991014e-06,0.9999931027193778
209,Host,Dataset,Iterator::Root::ParallelMapV2::Zip,2,2.467,1.2335,2.467,1.2335,0.0,0.0,4.0952084946755425e-06,0.9999971979278724
210,Host,_Send,IteratorGetNext/_6,2,1.688,0.844,1.688,0.844,0.0,0.0,2.80207212769044e-06,1.0000000000000002
