Rank,Host/device,Type,Operation,#Occurrences,Total time (us),Avg. time (us),Total self-time (us),Avg. self-time (us),Total self-time on Device (%),Cumulative total-self time on Device (%),Total self-time on Host (%),Cumulative total-self time on Host (%)
1,Device,_Recv,IteratorGetNext/_2,2,11339.495,5669.7475,11339.495,5669.7475,0.17365866900721197,0.17365866900721197,0.0,0.0
2,Device,IDLE,IDLE,0,6251.161,0.0,6251.161,0.0,0.09573339015624524,0.2693920591634572,0.0,0.0
3,Device,Conv2DBackpropFilter,gradient_tape/model/conv1/Conv2D/Conv2DBackpropFilter,2,5935.157,2967.5785,5935.157,2967.5785,0.09089394765541474,0.36028600681887196,0.0,0.0
4,Device,FusedBatchNormGradV3,gradient_tape/model/conv1_bn/FusedBatchNormGradV3,2,5782.9,2891.45,5782.9,2891.45,0.08856220819373403,0.44884821501260597,0.0,0.0
5,Device,_FusedConv2D,model/conv1/Relu,2,3751.692,1875.846,3751.692,1875.846,0.05745527814466209,0.5063034931572681,0.0,0.0
6,Device,ReluGrad,gradient_tape/model/conv1/ReluGrad,2,3490.412,1745.206,3490.412,1745.206,0.05345390621070874,0.5597573993679769,0.0,0.0
7,Device,FusedBatchNormV3,model/conv1_bn/FusedBatchNormV3,4,3468.397,867.09925,3468.397,867.09925,0.05311675754595835,0.6128741569139352,0.0,0.0
8,Device,MaxPoolGrad,gradient_tape/model/conv1_max_pool/MaxPool/MaxPoolGrad,2,3368.204,1684.102,3368.204,1684.102,0.05158235208752836,0.6644565090014636,0.0,0.0
9,Device,MaxPool,model/conv1_max_pool/MaxPool,2,1346.757,673.3785,1346.757,673.3785,0.020624906849568324,0.6850814158510319,0.0,0.0
10,Device,BiasAddGrad,gradient_tape/model/conv1/BiasAdd/BiasAddGrad,2,1056.42,528.21,1056.42,528.21,0.016178541558737745,0.7012599574097697,0.0,0.0
11,Device,AddN,SGD/gradients/AddN_3,2,835.043,417.5215,835.043,417.5215,0.012788264022673787,0.7140482214324434,0.0,0.0
12,Device,Conv2DBackpropInput,gradient_tape/model/ResBlock21_conv1/Conv2D/Conv2DBackpropInput,2,710.882,355.441,710.882,355.441,0.010886800685672937,0.7249350221181163,0.0,0.0
13,Device,Conv2DBackpropInput,gradient_tape/model/ResBlock21_pooling_conv/Conv2D/Conv2DBackpropInput,2,705.059,352.5295,705.059,352.5295,0.010797624366125287,0.7357326464842416,0.0,0.0
14,Device,Transpose,gradient_tape/model/conv1/Conv2D/Conv2DBackpropFilter-0-TransposeNHWCToNCHW-LayoutOptimizer,2,519.042,259.521,519.042,259.521,0.007948867465336094,0.7436815139495777,0.0,0.0
15,Device,Conv2DBackpropFilter,gradient_tape/model/ResBlock21_conv1/Conv2D/Conv2DBackpropFilter,2,455.938,227.969,455.938,227.969,0.006982461408538053,0.7506639753581158,0.0,0.0
16,Device,Conv2DBackpropFilter,gradient_tape/model/ResBlock21_pooling_conv/Conv2D/Conv2DBackpropFilter,2,442.145,221.0725,442.145,221.0725,0.0067712285430871245,0.7574352039012029,0.0,0.0
17,Device,Conv2DBackpropFilter,gradient_tape/model/ResBlock21_conv2/Conv2D/Conv2DBackpropFilter,2,403.042,201.521,403.042,201.521,0.006172385743280871,0.7636075896444837,0.0,0.0
18,Device,Conv2DBackpropFilter,gradient_tape/model/ResBlock22_conv1/Conv2D/Conv2DBackpropFilter,2,398.113,199.0565,398.113,199.0565,0.006096900584591129,0.7697044902290748,0.0,0.0
19,Device,Conv2DBackpropFilter,gradient_tape/model/ResBlock22_conv2/Conv2D/Conv2DBackpropFilter,2,391.266,195.633,391.266,195.633,0.005992042219497059,0.7756965324485718,0.0,0.0
20,Device,FusedBatchNormGradV3,gradient_tape/model/ResBlock22_bn2/FusedBatchNormGradV3,2,369.953,184.9765,369.953,184.9765,0.005665644332064619,0.7813621767806365,0.0,0.0
21,Device,FusedBatchNormGradV3,gradient_tape/model/ResBlock22_bn1/FusedBatchNormGradV3,2,368.193,184.0965,368.193,184.0965,0.005638690816281712,0.7870008675969182,0.0,0.0
22,Device,FusedBatchNormGradV3,gradient_tape/model/ResBlock21_bn2/FusedBatchNormGradV3,2,367.649,183.8245,367.649,183.8245,0.005630359729585178,0.7926312273265034,0.0,0.0
23,Device,FusedBatchNormGradV3,gradient_tape/model/ResBlock21_bn1/FusedBatchNormGradV3,2,367.202,183.601,367.202,183.601,0.005623514149156223,0.7982547414756596,0.0,0.0
24,Device,FusedBatchNormGradV3,gradient_tape/model/ResBlock21_pooling_bn/FusedBatchNormGradV3,2,366.049,183.0245,366.049,183.0245,0.005605856533418898,0.8038605980090785,0.0,0.0
25,Device,Conv2D,model/ResBlock21_pooling_conv/Conv2D,2,237.602,118.801,237.602,118.801,0.0036387552596876295,0.8074993532687661,0.0,0.0
26,Device,Conv2DBackpropInput,gradient_tape/model/ResBlock31_conv1/Conv2D/Conv2DBackpropInput,2,236.832,118.416,236.832,118.416,0.003626963096532608,0.8111263163652987,0.0,0.0
27,Device,Conv2DBackpropInput,gradient_tape/model/ResBlock31_pooling_conv/Conv2D/Conv2DBackpropInput,2,234.145,117.0725,234.145,117.0725,0.0035858130414708634,0.8147121294067696,0.0,0.0
28,Device,FusedBatchNormV3,model/ResBlock21_bn1/FusedBatchNormV3,4,233.345,58.33625,233.345,58.33625,0.0035735614433877235,0.8182856908501573,0.0,0.0
29,Device,FusedBatchNormV3,model/ResBlock22_bn2/FusedBatchNormV3,4,232.608,58.152,232.608,58.152,0.0035622746586536315,0.821847965508811,0.0,0.0
30,Device,FusedBatchNormV3,model/ResBlock22_bn1/FusedBatchNormV3,4,232.385,58.09625,232.385,58.09625,0.0035588595256879564,0.8254068250344989,0.0,0.0
31,Device,FusedBatchNormV3,model/ResBlock21_bn2/FusedBatchNormV3,4,232.16,58.04,232.16,58.04,0.0035554137637270732,0.828962238798226,0.0,0.0
32,Device,FusedBatchNormV3,model/ResBlock21_pooling_bn/FusedBatchNormV3,4,231.521,57.88025,231.521,57.88025,0.0035456277997581655,0.8325078665979841,0.0,0.0
33,Device,Conv2D,model/ResBlock21_conv1/Conv2D,2,229.408,114.704,229.408,114.704,0.003513268266321073,0.8360211348643052,0.0,0.0
34,Device,Conv2DBackpropFilter,gradient_tape/model/ResBlock32_conv2/Conv2D/Conv2DBackpropFilter,2,227.712,113.856,227.712,113.856,0.0034872948783848177,0.83950842974269,0.0,0.0
35,Device,Conv2DBackpropFilter,gradient_tape/model/ResBlock31_conv2/Conv2D/Conv2DBackpropFilter,2,226.977,113.4885,226.977,113.4885,0.0034760387226459334,0.8429844684653359,0.0,0.0
36,Device,Conv2DBackpropFilter,gradient_tape/model/ResBlock32_conv1/Conv2D/Conv2DBackpropFilter,2,226.112,113.056,226.112,113.056,0.003462791682218539,0.8464472601475544,0.0,0.0
37,Device,AddN,SGD/gradients/AddN_2,2,217.825,108.9125,217.825,108.9125,0.0033358804405748178,0.8497831405881293,0.0,0.0
38,Device,ReluGrad,gradient_tape/model/tf.nn.relu_2/ReluGrad,2,216.768,108.384,216.768,108.384,0.00331969301660747,0.8531028336047368,0.0,0.0
39,Device,ReluGrad,gradient_tape/model/tf.nn.relu_1/ReluGrad,2,213.025,106.5125,213.025,106.5125,0.0032623708520759815,0.8563652044568129,0.0,0.0
40,Device,ReluGrad,gradient_tape/model/tf.nn.relu_3/ReluGrad,2,212.993,106.4965,212.993,106.4965,0.0032618807881526555,0.8596270852449656,0.0,0.0
41,Device,AddV2,model/ResBlock22_add/add,2,209.857,104.9285,209.857,104.9285,0.0032138545236667488,0.8628409397686323,0.0,0.0
42,Device,AddV2,model/ResBlock21_add/add,2,209.633,104.8165,209.633,104.8165,0.00321042407620347,0.8660513638448357,0.0,0.0
43,Device,AddN,SGD/gradients/AddN_1,2,207.68,103.84,207.68,103.84,0.003180514862383006,0.8692318787072187,0.0,0.0
44,Device,ReluGrad,gradient_tape/model/tf.nn.relu/ReluGrad,2,200.992,100.496,200.992,100.496,0.0030780915024079597,0.8723099702096268,0.0,0.0
45,Device,FusedBatchNormGradV3,gradient_tape/model/ResBlock31_pooling_bn/FusedBatchNormGradV3,2,182.016,91.008,182.016,91.008,0.0027874835958758915,0.8750974538055026,0.0,0.0
46,Device,FusedBatchNormGradV3,gradient_tape/model/ResBlock32_bn2/FusedBatchNormGradV3,2,181.665,90.8325,181.665,90.8325,0.002782108207216914,0.8778795620127195,0.0,0.0
47,Device,FusedBatchNormGradV3,gradient_tape/model/ResBlock31_bn1/FusedBatchNormGradV3,2,180.481,90.2405,180.481,90.2405,0.0027639758420538677,0.8806435378547735,0.0,0.0
48,Device,FusedBatchNormGradV3,gradient_tape/model/ResBlock32_bn1/FusedBatchNormGradV3,2,180.257,90.1285,180.257,90.1285,0.0027605453945905886,0.883404083249364,0.0,0.0
49,Device,FusedBatchNormGradV3,gradient_tape/model/ResBlock31_bn2/FusedBatchNormGradV3,2,179.841,89.9205,179.841,89.9205,0.0027541745635873563,0.8861582578129514,0.0,0.0
50,Device,Conv2DBackpropInput,gradient_tape/model/ResBlock22_conv2/Conv2D/Conv2DBackpropInput,2,172.449,86.2245,172.449,86.2245,0.0026409697972991477,0.8887992276102505,0.0,0.0
51,Device,Conv2DBackpropInput,gradient_tape/model/ResBlock21_conv2/Conv2D/Conv2DBackpropInput,2,172.321,86.1605,172.321,86.1605,0.002639009541605845,0.8914382371518564,0.0,0.0
52,Device,Conv2DBackpropFilter,gradient_tape/model/ResBlock31_conv1/Conv2D/Conv2DBackpropFilter,2,172.224,86.112,172.224,86.112,0.0026375240353382645,0.8940757611871947,0.0,0.0
53,Device,Conv2DBackpropInput,gradient_tape/model/ResBlock22_conv1/Conv2D/Conv2DBackpropInput,2,171.008,85.504,171.008,85.504,0.0026189016062518927,0.8966946627934466,0.0,0.0
54,Device,Conv2DBackpropFilter,gradient_tape/model/ResBlock31_pooling_conv/Conv2D/Conv2DBackpropFilter,2,168.928,84.464,168.928,84.464,0.0025870474512357296,0.8992817102446823,0.0,0.0
55,Device,Conv2D,model/ResBlock22_conv2/Conv2D,2,163.968,81.984,163.968,81.984,0.002511087543120265,0.9017927977878025,0.0,0.0
56,Device,Conv2D,model/ResBlock22_conv1/Conv2D,2,163.456,81.728,163.456,81.728,0.0025032465203470556,0.9042960443081496,0.0,0.0
57,Device,Conv2D,model/ResBlock21_conv2/Conv2D,2,161.985,80.9925,161.985,80.9925,0.0024807188943716833,0.9067767632025213,0.0,0.0
58,Device,BiasAdd,model/ResBlock21_conv1/BiasAdd,2,153.6,76.8,153.6,76.8,0.0023523068319627775,0.9091290700344841,0.0,0.0
59,Device,BiasAdd,model/ResBlock22_conv2/BiasAdd,2,152.098,76.049,152.098,76.049,0.0023293044565616833,0.9114583744910457,0.0,0.0
60,Device,BiasAdd,model/ResBlock21_conv2/BiasAdd,2,151.777,75.8885,151.777,75.8885,0.0023243885028308236,0.9137827629938765,0.0,0.0
61,Device,BiasAdd,model/ResBlock22_conv1/BiasAdd,2,151.201,75.6005,151.201,75.6005,0.0023155673522109632,0.9160983303460875,0.0,0.0
62,Device,BiasAdd,model/ResBlock21_pooling_conv/BiasAdd,2,149.696,74.848,149.696,74.848,0.0022925190333170573,0.9183908493794045,0.0,0.0
63,Device,Conv2D,model/ResBlock31_pooling_conv/Conv2D,2,146.048,73.024,146.048,73.024,0.002236651746057941,0.9206275011254624,0.0,0.0
64,Device,Conv2DBackpropInput,gradient_tape/model/ResBlock32_conv2/Conv2D/Conv2DBackpropInput,2,143.36,71.68,143.36,71.68,0.0021954863764985927,0.922822987501961,0.0,0.0
65,Device,SoftmaxCrossEntropyWithLogits,categorical_crossentropy/softmax_cross_entropy_with_logits,2,142.304,71.152,142.304,71.152,0.0021793142670288486,0.9250023017689899,0.0,0.0
66,Device,Relu,model/tf.nn.relu/Relu,2,141.632,70.816,141.632,70.816,0.0021690229246390112,0.927171324693629,0.0,0.0
67,Device,Relu,model/tf.nn.relu_2/Relu,2,140.192,70.096,140.192,70.096,0.0021469700480893604,0.9293182947417183,0.0,0.0
68,Device,Relu,model/tf.nn.relu_1/Relu,2,139.809,69.9045,139.809,69.9045,0.0021411045955070573,0.9314593993372254,0.0,0.0
69,Device,Conv2DBackpropInput,gradient_tape/model/ResBlock32_conv1/Conv2D/Conv2DBackpropInput,2,139.808,69.904,139.808,69.904,0.0021410892810094532,0.9336004886182349,0.0,0.0
70,Device,Relu,model/tf.nn.relu_3/Relu,2,139.777,69.8885,139.777,69.8885,0.0021406145315837313,0.9357411031498186,0.0,0.0
71,Device,Conv2DBackpropInput,gradient_tape/model/ResBlock31_conv2/Conv2D/Conv2DBackpropInput,2,136.993,68.4965,136.993,68.4965,0.0020979789702544062,0.937839082120073,0.0,0.0
72,Device,Conv2D,model/ResBlock31_conv1/Conv2D,2,135.936,67.968,135.936,67.968,0.0020817915462870585,0.9399208736663601,0.0,0.0
73,Device,FusedBatchNormV3,model/ResBlock31_pooling_bn/FusedBatchNormV3,4,130.56,32.64,130.56,32.64,0.001999460807168361,0.9419203344735285,0.0,0.0
74,Device,FusedBatchNormV3,model/ResBlock31_bn1/FusedBatchNormV3,4,127.809,31.95225,127.809,31.95225,0.001957330624259965,0.9438776650977885,0.0,0.0
75,Device,FusedBatchNormV3,model/ResBlock32_bn1/FusedBatchNormV3,4,125.505,31.37625,125.505,31.37625,0.0019220460217805235,0.945799711119569,0.0,0.0
76,Device,FusedBatchNormV3,model/ResBlock31_bn2/FusedBatchNormV3,4,125.217,31.30425,125.217,31.30425,0.0019176354464705934,0.9477173465660396,0.0,0.0
77,Device,FusedBatchNormV3,model/ResBlock32_bn2/FusedBatchNormV3,4,124.832,31.208,124.832,31.208,0.0019117393648930823,0.9496290859309326,0.0,0.0
78,Device,Conv2D,model/ResBlock32_conv2/Conv2D,2,123.776,61.888,123.776,61.888,0.0018955672554233382,0.951524653186356,0.0,0.0
79,Device,Conv2D,model/ResBlock31_conv2/Conv2D,2,123.2,61.6,123.2,61.6,0.001886746104803478,0.9534113992911595,0.0,0.0
80,Device,Conv2D,model/ResBlock32_conv1/Conv2D,2,122.56,61.28,122.56,61.28,0.0018769448263369665,0.9552883441174964,0.0,0.0
81,Device,ReluGrad,gradient_tape/model/tf.nn.relu_7/ReluGrad,2,112.257,56.1285,112.257,56.1285,0.001719159557523734,0.9570075036750202,0.0,0.0
82,Device,AddV2,model/ResBlock32_add/add,2,107.969,53.9845,107.969,53.9845,0.0016534909917981064,0.9586609946668183,0.0,0.0
83,Device,AddV2,model/ResBlock31_add/add,2,107.456,53.728,107.456,53.728,0.0016456346545272932,0.9603066293213456,0.0,0.0
84,Device,AddN,SGD/gradients/AddN,2,107.137,53.5685,107.137,53.5685,0.0016407493297916414,0.9619473786511372,0.0,0.0
85,Device,ReluGrad,gradient_tape/model/tf.nn.relu_6/ReluGrad,2,105.024,52.512,105.024,52.512,0.0016083897963545494,0.9635557684474918,0.0,0.0
86,Device,ReluGrad,gradient_tape/model/tf.nn.relu_4/ReluGrad,2,103.008,51.504,103.008,51.504,0.0015775157691850377,0.9651332842166769,0.0,0.0
87,Device,ReluGrad,gradient_tape/model/tf.nn.relu_5/ReluGrad,2,102.624,51.312,102.624,51.312,0.0015716350021051308,0.966704919218782,0.0,0.0
88,Device,BiasAddGrad,gradient_tape/model/ResBlock21_pooling_conv/BiasAdd/BiasAddGrad,2,95.168,47.584,95.168,47.584,0.001457450107970271,0.9681623693267523,0.0,0.0
89,Device,BiasAddGrad,gradient_tape/model/ResBlock21_conv2/BiasAdd/BiasAddGrad,2,83.04,41.52,83.04,41.52,0.0012717158810298767,0.9694340852077822,0.0,0.0
90,Device,BiasAddGrad,gradient_tape/model/ResBlock22_conv1/BiasAdd/BiasAddGrad,2,82.881,41.4405,82.881,41.4405,0.0012692808759108528,0.970703366083693,0.0,0.0
91,Device,BiasAddGrad,gradient_tape/model/ResBlock22_conv2/BiasAdd/BiasAddGrad,2,82.432,41.216,82.432,41.216,0.0012624046664866907,0.9719657707501796,0.0,0.0
92,Device,BiasAddGrad,gradient_tape/model/ResBlock21_conv1/BiasAdd/BiasAddGrad,2,82.4,41.2,82.4,41.2,0.0012619146025633651,0.9732276853527431,0.0,0.0
93,Device,BiasAdd,model/ResBlock31_conv1/BiasAdd,2,78.272,39.136,78.272,39.136,0.0011986963564543656,0.9744263817091975,0.0,0.0
94,Device,BiasAdd,model/ResBlock31_pooling_conv/BiasAdd,2,76.545,38.2725,76.545,38.2725,0.0011722482190923882,0.9755986299282898,0.0,0.0
95,Device,Transpose,model/tf.nn.relu_7/Relu-0-0-TransposeNCHWToNHWC-LayoutOptimizer,2,74.785,37.3925,74.785,37.3925,0.0011452947033094812,0.9767439246315993,0.0,0.0
96,Device,Transpose,gradient_tape/model/tf.nn.relu_7/ReluGrad-0-TransposeNHWCToNCHW-LayoutOptimizer,2,73.184,36.592,73.184,36.592,0.0011207761926455985,0.9778647008242449,0.0,0.0
97,Device,Relu,model/tf.nn.relu_4/Relu,2,72.608,36.304,72.608,36.304,0.0011119550420257381,0.9789766558662707,0.0,0.0
98,Device,Relu,model/tf.nn.relu_6/Relu,2,71.585,35.7925,71.585,35.7925,0.0010962883109769234,0.9800729441772477,0.0,0.0
99,Device,Relu,model/tf.nn.relu_7/Relu,2,71.456,35.728,71.456,35.728,0.0010943127407860172,0.9811672569180336,0.0,0.0
100,Device,Relu,model/tf.nn.relu_5/Relu,2,71.072,35.536,71.072,35.536,0.0010884319737061103,0.9822556888917398,0.0,0.0
101,Device,RealDiv,gradient_tape/model/GAP/truediv,2,68.832,34.416,68.832,34.416,0.0010541274990733198,0.983309816390813,0.0,0.0
102,Device,BiasAdd,model/ResBlock32_conv1/BiasAdd,2,66.624,33.312,66.624,33.312,0.0010203130883638548,0.9843301294791769,0.0,0.0
103,Device,BiasAdd,model/ResBlock32_conv2/BiasAdd,2,66.56,33.28,66.56,33.28,0.0010193329605172037,0.985349462439694,0.0,0.0
104,Device,BiasAdd,model/ResBlock31_conv2/BiasAdd,2,66.401,33.2005,66.401,33.2005,0.0010168979553981797,0.9863663603950922,0.0,0.0
105,Device,Mean,model/GAP/Mean,2,46.688,23.344,46.688,23.344,0.0007150032641320194,0.9870813636592242,0.0,0.0
106,Device,BiasAddGrad,gradient_tape/model/ResBlock31_conv1/BiasAdd/BiasAddGrad,2,45.473,22.7365,45.473,22.7365,0.0006963961495432512,0.9877777598087674,0.0,0.0
107,Device,BiasAddGrad,gradient_tape/model/ResBlock32_conv2/BiasAdd/BiasAddGrad,2,45.152,22.576,45.152,22.576,0.0006914801958123915,0.9884692400045798,0.0,0.0
108,Device,BiasAddGrad,gradient_tape/model/ResBlock31_conv2/BiasAdd/BiasAddGrad,2,45.088,22.544,45.088,22.544,0.0006905000679657404,0.9891597400725456,0.0,0.0
109,Device,BiasAddGrad,gradient_tape/model/ResBlock32_conv1/BiasAdd/BiasAddGrad,2,44.864,22.432,44.864,22.432,0.0006870696205024613,0.9898468096930481,0.0,0.0
110,Device,BiasAddGrad,gradient_tape/model/ResBlock31_pooling_conv/BiasAdd/BiasAddGrad,2,44.801,22.4005,44.801,22.4005,0.0006861048071534141,0.9905329145002014,0.0,0.0
111,Device,BroadcastTo,gradient_tape/model/GAP/BroadcastTo,2,36.352,18.176,36.352,18.176,0.0005567126168978573,0.9910896271170992,0.0,0.0
112,Device,ArgMax,ArgMax,2,34.24,17.12,34.24,17.12,0.0005243683979583693,0.9916139955150576,0.0,0.0
113,Device,ArgMax,ArgMax_1,2,21.728,10.864,21.728,10.864,0.000332753403938068,0.9919467489189956,0.0,0.0
114,Device,Softmax,model/dense/Softmax,2,20.32,10.16,20.32,10.16,0.0003111905913117425,0.9922579395103074,0.0,0.0
115,Device,MatMul,gradient_tape/model/dense/MatMul/MatMul_1,2,18.048,9.024,18.048,9.024,0.00027639605275562635,0.992534335563063,0.0,0.0
116,Device,MatMul,model/dense/MatMul,2,14.336,7.168,14.336,7.168,0.00021954863764985926,0.9927538842007129,0.0,0.0
117,Device,MatMul,gradient_tape/model/dense/MatMul/MatMul,2,11.904,5.952,11.904,5.952,0.00018230377947711527,0.99293618798019,0.0,0.0
118,Device,DynamicStitch,gradient_tape/model/GAP/DynamicStitch,2,10.592,5.296,10.592,5.296,0.00016221115862076656,0.9930983991388108,0.0,0.0
119,Device,ResourceApplyGradientDescent,SGD/SGD/update/ResourceApplyGradientDescent,2,7.456,3.728,7.456,3.728,0.00011418489413485984,0.9932125840329457,0.0,0.0
120,Device,ResourceApplyGradientDescent,SGD/SGD/update_28/ResourceApplyGradientDescent,2,7.36,3.68,7.36,3.68,0.0001127147023648831,0.9933252987353105,0.0,0.0
121,Device,ResourceApplyGradientDescent,SGD/SGD/update_4/ResourceApplyGradientDescent,2,7.296,3.648,7.296,3.648,0.00011173457451823195,0.9934370333098287,0.0,0.0
122,Device,ResourceApplyGradientDescent,SGD/SGD/update_36/ResourceApplyGradientDescent,2,7.264,3.632,7.264,3.632,0.00011124451059490637,0.9935482778204235,0.0,0.0
123,Device,ResourceApplyGradientDescent,SGD/SGD/update_8/ResourceApplyGradientDescent,2,7.264,3.632,7.264,3.632,0.00011124451059490637,0.9936595223310184,0.0,0.0
124,Device,ResourceApplyGradientDescent,SGD/SGD/update_40/ResourceApplyGradientDescent,2,7.2,3.6,7.2,3.6,0.00011026438274825521,0.9937697867137667,0.0,0.0
125,Device,ResourceApplyGradientDescent,SGD/SGD/update_30/ResourceApplyGradientDescent,2,7.072,3.536,7.072,3.536,0.00010830412705495289,0.9938780908408217,0.0,0.0
126,Device,ResourceApplyGradientDescent,SGD/SGD/update_16/ResourceApplyGradientDescent,2,7.04,3.52,7.04,3.52,0.00010781406313162731,0.9939859049039533,0.0,0.0
127,Device,ResourceApplyGradientDescent,SGD/SGD/update_24/ResourceApplyGradientDescent,2,7.008,3.504,7.008,3.504,0.00010732399920830173,0.9940932289031617,0.0,0.0
128,Device,ResourceApplyGradientDescent,SGD/SGD/update_20/ResourceApplyGradientDescent,2,6.976,3.488,6.976,3.488,0.00010683393528497615,0.9942000628384466,0.0,0.0
129,Device,ResourceApplyGradientDescent,SGD/SGD/update_10/ResourceApplyGradientDescent,2,6.88,3.44,6.88,3.44,0.00010536374351499942,0.9943054265819616,0.0,0.0
130,Device,_Send,IteratorGetNext/_3,1,6.752,6.752,6.752,6.752,0.0001034034878216971,0.9944088300697833,0.0,0.0
131,Device,ResourceApplyGradientDescent,SGD/SGD/update_44/ResourceApplyGradientDescent,2,6.592,3.296,6.592,3.296,0.00010095316820506921,0.9945097832379883,0.0,0.0
132,Device,ResourceApplyGradientDescent,SGD/SGD/update_27/ResourceApplyGradientDescent,2,6.56,3.28,6.56,3.28,0.00010046310428174363,0.99461024634227,0.0,0.0
133,Device,BiasAddGrad,gradient_tape/model/dense/BiasAdd/BiasAddGrad,2,6.497,3.2485,6.497,3.2485,9.949829093269639e-05,0.9947097446332027,0.0,0.0
134,Device,ResourceApplyGradientDescent,SGD/SGD/update_38/ResourceApplyGradientDescent,2,6.304,3.152,6.304,3.152,9.6542592895139e-05,0.9948062872260979,0.0,0.0
135,Device,ResourceApplyGradientDescent,SGD/SGD/update_32/ResourceApplyGradientDescent,2,6.272,3.136,6.272,3.136,9.605252897181342e-05,0.9949023397550697,0.0,0.0
136,Device,ResourceApplyGradientDescent,SGD/SGD/update_42/ResourceApplyGradientDescent,2,6.272,3.136,6.272,3.136,9.605252897181342e-05,0.9949983922840415,0.0,0.0
137,Device,ResourceApplyGradientDescent,SGD/SGD/update_29/ResourceApplyGradientDescent,2,6.208,3.104,6.208,3.104,9.507240112516227e-05,0.9950934646851667,0.0,0.0
138,Device,ResourceApplyGradientDescent,SGD/SGD/update_18/ResourceApplyGradientDescent,2,6.176,3.088,6.176,3.088,9.45823372018367e-05,0.9951880470223685,0.0,0.0
139,Device,ResourceApplyGradientDescent,SGD/SGD/update_26/ResourceApplyGradientDescent,2,6.176,3.088,6.176,3.088,9.45823372018367e-05,0.9952826293595703,0.0,0.0
140,Device,ResourceApplyGradientDescent,SGD/SGD/update_43/ResourceApplyGradientDescent,2,6.176,3.088,6.176,3.088,9.45823372018367e-05,0.9953772116967722,0.0,0.0
141,Device,ResourceApplyGradientDescent,SGD/SGD/update_34/ResourceApplyGradientDescent,2,6.144,3.072,6.144,3.072,9.409227327851111e-05,0.9954713039700507,0.0,0.0
142,Device,ResourceApplyGradientDescent,SGD/SGD/update_39/ResourceApplyGradientDescent,2,6.144,3.072,6.144,3.072,9.409227327851111e-05,0.9955653962433292,0.0,0.0
143,Device,ResourceApplyGradientDescent,SGD/SGD/update_1/ResourceApplyGradientDescent,2,6.112,3.056,6.112,3.056,9.360220935518553e-05,0.9956589984526844,0.0,0.0
144,Device,ResourceApplyGradientDescent,SGD/SGD/update_14/ResourceApplyGradientDescent,2,6.112,3.056,6.112,3.056,9.360220935518553e-05,0.9957526006620395,0.0,0.0
145,Device,ResourceApplyGradientDescent,SGD/SGD/update_33/ResourceApplyGradientDescent,2,6.112,3.056,6.112,3.056,9.360220935518553e-05,0.9958462028713947,0.0,0.0
146,Device,ResourceApplyGradientDescent,SGD/SGD/update_35/ResourceApplyGradientDescent,2,6.112,3.056,6.112,3.056,9.360220935518553e-05,0.9959398050807499,0.0,0.0
147,Device,_Recv,IteratorGetNext/_4,1,6.08,6.08,6.08,6.08,9.311214543185995e-05,0.9960329172261817,0.0,0.0
148,Device,Cast,Cast,2,6.048,3.024,6.048,3.024,9.262208150853437e-05,0.9961255393076902,0.0,0.0
149,Device,ResourceApplyGradientDescent,SGD/SGD/update_12/ResourceApplyGradientDescent,2,6.048,3.024,6.048,3.024,9.262208150853437e-05,0.9962181613891987,0.0,0.0
150,Device,ResourceApplyGradientDescent,SGD/SGD/update_15/ResourceApplyGradientDescent,2,6.048,3.024,6.048,3.024,9.262208150853437e-05,0.9963107834707072,0.0,0.0
151,Device,ResourceApplyGradientDescent,SGD/SGD/update_6/ResourceApplyGradientDescent,2,6.048,3.024,6.048,3.024,9.262208150853437e-05,0.9964034055522157,0.0,0.0
152,Device,ResourceApplyGradientDescent,SGD/SGD/update_2/ResourceApplyGradientDescent,2,6.016,3.008,6.016,3.008,9.213201758520879e-05,0.9964955375698009,0.0,0.0
153,Device,ResourceApplyGradientDescent,SGD/SGD/update_3/ResourceApplyGradientDescent,2,6.016,3.008,6.016,3.008,9.213201758520879e-05,0.9965876695873861,0.0,0.0
154,Device,ResourceApplyGradientDescent,SGD/SGD/update_5/ResourceApplyGradientDescent,2,6.016,3.008,6.016,3.008,9.213201758520879e-05,0.9966798016049713,0.0,0.0
155,Device,ResourceApplyGradientDescent,SGD/SGD/update_19/ResourceApplyGradientDescent,2,5.984,2.992,5.984,2.992,9.164195366188321e-05,0.9967714435586331,0.0,0.0
156,Device,ResourceApplyGradientDescent,SGD/SGD/update_22/ResourceApplyGradientDescent,2,5.984,2.992,5.984,2.992,9.164195366188321e-05,0.996863085512295,0.0,0.0
157,Device,ResourceApplyGradientDescent,SGD/SGD/update_23/ResourceApplyGradientDescent,2,5.984,2.992,5.984,2.992,9.164195366188321e-05,0.9969547274659568,0.0,0.0
158,Device,ResourceApplyGradientDescent,SGD/SGD/update_7/ResourceApplyGradientDescent,2,5.984,2.992,5.984,2.992,9.164195366188321e-05,0.9970463694196187,0.0,0.0
159,Device,ResourceApplyGradientDescent,SGD/SGD/update_13/ResourceApplyGradientDescent,2,5.952,2.976,5.952,2.976,9.115188973855763e-05,0.9971375213093572,0.0,0.0
160,Device,ResourceApplyGradientDescent,SGD/SGD/update_9/ResourceApplyGradientDescent,2,5.952,2.976,5.952,2.976,9.115188973855763e-05,0.9972286731990957,0.0,0.0
161,Device,DivNoNan,categorical_crossentropy/weighted_loss/value,2,5.92,2.96,5.92,2.96,9.066182581523205e-05,0.9973193350249109,0.0,0.0
162,Device,ResourceApplyGradientDescent,SGD/SGD/update_41/ResourceApplyGradientDescent,2,5.888,2.944,5.888,2.944,9.017176189190647e-05,0.9974095067868027,0.0,0.0
163,Device,AssignAddVariableOp,SGD/SGD/AssignAddVariableOp,2,5.856,2.928,5.856,2.928,8.968169796858089e-05,0.9974991884847714,0.0,0.0
164,Device,ResourceApplyGradientDescent,SGD/SGD/update_45/ResourceApplyGradientDescent,2,5.856,2.928,5.856,2.928,8.968169796858089e-05,0.99758887018274,0.0,0.0
165,Device,Cast,Cast_1,2,5.824,2.912,5.824,2.912,8.919163404525533e-05,0.9976780618167853,0.0,0.0
166,Device,ResourceApplyGradientDescent,SGD/SGD/update_11/ResourceApplyGradientDescent,2,5.793,2.8965,5.793,2.8965,8.871688461953367e-05,0.9977667787014048,0.0,0.0
167,Device,AssignAddVariableOp,AssignAddVariableOp_2,2,5.76,2.88,5.76,2.88,8.821150619860416e-05,0.9978549902076035,0.0,0.0
168,Device,ResourceApplyGradientDescent,SGD/SGD/update_25/ResourceApplyGradientDescent,2,5.76,2.88,5.76,2.88,8.821150619860416e-05,0.9979432017138021,0.0,0.0
169,Device,ResourceApplyGradientDescent,SGD/SGD/update_37/ResourceApplyGradientDescent,2,5.76,2.88,5.76,2.88,8.821150619860416e-05,0.9980314132200008,0.0,0.0
170,Device,Mul,gradient_tape/categorical_crossentropy/softmax_cross_entropy_with_logits/mul,2,5.696,2.848,5.696,2.848,8.7231378351953e-05,0.9981186445983528,0.0,0.0
171,Device,ResourceApplyGradientDescent,SGD/SGD/update_31/ResourceApplyGradientDescent,2,5.664,2.832,5.664,2.832,8.674131442862742e-05,0.9982053859127814,0.0,0.0
172,Device,BiasAdd,model/dense/BiasAdd,2,5.664,2.832,5.664,2.832,8.674131442862742e-05,0.9982921272272101,0.0,0.0
173,Device,ResourceApplyGradientDescent,SGD/SGD/update_17/ResourceApplyGradientDescent,2,5.632,2.816,5.632,2.816,8.625125050530184e-05,0.9983783784777154,0.0,0.0
174,Device,Tile,gradient_tape/categorical_crossentropy/weighted_loss/Tile_1,2,5.632,2.816,5.632,2.816,8.625125050530184e-05,0.9984646297282207,0.0,0.0
175,Device,AssignAddVariableOp,AssignAddVariableOp_4,2,5.6,2.8,5.6,2.8,8.576118658197626e-05,0.9985503909148027,0.0,0.0
176,Device,AssignAddVariableOp,AssignAddVariableOp_1,2,5.568,2.784,5.568,2.784,8.527112265865068e-05,0.9986356620374613,0.0,0.0
177,Device,Equal,Equal,2,5.536,2.768,5.536,2.768,8.47810587353251e-05,0.9987204430961967,0.0,0.0
178,Device,ResourceApplyGradientDescent,SGD/SGD/update_21/ResourceApplyGradientDescent,2,5.536,2.768,5.536,2.768,8.47810587353251e-05,0.998805224154932,0.0,0.0
179,Device,DivNoNan,gradient_tape/categorical_crossentropy/weighted_loss/value/div_no_nan,2,5.376,2.688,5.376,2.688,8.233073911869723e-05,0.9988875548940507,0.0,0.0
180,Device,AssignAddVariableOp,AssignAddVariableOp,2,5.248,2.624,5.248,2.624,8.037048342539491e-05,0.998967925377476,0.0,0.0
181,Device,Sum,categorical_crossentropy/weighted_loss/Sum,2,5.248,2.624,5.248,2.624,8.037048342539491e-05,0.9990482958609014,0.0,0.0
182,Device,Mul,Mul,2,5.216,2.608,5.216,2.608,7.988041950206933e-05,0.9991281762804034,0.0,0.0
183,Device,AssignAddVariableOp,AssignAddVariableOp_3,2,5.184,2.592,5.184,2.592,7.939035557874375e-05,0.9992075666359821,0.0,0.0
184,Device,Cast,gradient_tape/model/GAP/Cast,2,5.056,2.528,5.056,2.528,7.743009988544144e-05,0.9992849967358676,0.0,0.0
185,Device,Cast,Cast_2,2,5.024,2.512,5.024,2.512,7.694003596211586e-05,0.9993619367718297,0.0,0.0
186,Device,DivNoNan,div_no_nan,2,4.96,2.48,4.96,2.48,7.59599081154647e-05,0.9994378966799452,0.0,0.0
187,Device,DivNoNan,div_no_nan_1,2,4.96,2.48,4.96,2.48,7.59599081154647e-05,0.9995138565880607,0.0,0.0
188,Device,Sum,Sum_2,2,4.896,2.448,4.896,2.448,7.497978026881354e-05,0.9995888363683295,0.0,0.0
189,Device,Cast,categorical_crossentropy/weighted_loss/num_elements/Cast,2,4.768,2.384,4.768,2.384,7.301952457551122e-05,0.999661855892905,0.0,0.0
190,Device,_Recv,gradient_tape/model/GAP/Shape-0-1-DataFormatVecPermuteNCHWToNHWC-LayoutOptimizer/_14,2,4.16,2.08,4.16,2.08,6.370831003232523e-05,0.9997255642029373,0.0,0.0
191,Device,_Recv,gradient_tape/model/GAP/floordiv/_18,2,3.552,1.776,3.552,1.776,5.4397095489139234e-05,0.9997799612984265,0.0,0.0
192,Device,_Recv,Size/_22,2,3.104,1.552,3.104,1.552,4.753620056258114e-05,0.999827497498989,0.0,0.0
193,Device,LogicalAnd,LogicalAnd,1,2.624,2.624,2.624,2.624,4.0185241712697454e-05,0.9998676827407017,0.0,0.0
194,Device,_Recv,categorical_crossentropy/weighted_loss/num_elements/_20,2,2.528,1.264,2.528,1.264,3.871504994272072e-05,0.9999063977906444,0.0,0.0
195,Device,_HostRecv,gradient_tape/model/GAP/DynamicStitch/_24,2,2.24,1.12,2.24,1.12,3.430447463279051e-05,0.9999407022652772,0.0,0.0
196,Device,_Recv,strided_slice/_12,2,2.144,1.072,2.144,1.072,3.283428286281378e-05,0.99997353654814,0.0,0.0
197,Device,_Recv,gradient_tape/model/GAP/ones/_16,2,1.728,0.864,1.728,0.864,2.646345185958125e-05,0.9999999999999996,0.0,0.0
198,Host,IDLE,IDLE,0,237075.367,0.0,237075.367,0.0,0.0,0.0,0.8457670179913622,0.8457670179913622
199,Host,GatherV2,GatherV2,2,37766.472,18883.236,37766.472,18883.236,0.0,0.0,0.1347319918036625,0.9804990097950247
200,Host,_Send,IteratorGetNext/_3,2,5045.572,2522.786,5045.572,2522.786,0.0,0.0,0.018000091863195188,0.9984991016582199
201,Host,GatherV2,GatherV2_1,2,66.66,33.33,66.66,33.33,0.0,0.0,0.00023780973170149812,0.9987369113899214
202,Host,_Send,IteratorGetNext/_6,2,54.354,27.177,54.354,27.177,0.0,0.0,0.00019390804315786423,0.9989308194330793
203,Host,Dataset,Iterator::Root::ParallelMapV2::Zip[1]::ForeverRepeat,2,53.963,26.9815,49.513,24.7565,0.0,0.0,0.00017663776246229038,0.9991074571955415
204,Host,FlushSummaryWriter,FlushSummaryWriter,1,34.624,34.624,34.624,34.624,0.0,0.0,0.00012352121437792787,0.9992309784099195
205,Host,LogicalAnd,LogicalAnd,1,33.681,33.681,33.681,33.681,0.0,0.0,0.00012015705930750312,0.9993511354692269
206,Host,Dataset,Iterator::Root::ParallelMapV2,2,32.109,16.0545,32.109,16.0545,0.0,0.0,0.00011454894502255331,0.9994656844142495
207,Host,Dataset,Iterator::Root,2,60.102,30.051,27.993,13.9965,0.0,0.0,9.986510380318087e-05,0.9995655495180528
208,Host,WriteSummary,WriteSummary,1,22.111,22.111,22.111,22.111,0.0,0.0,7.888105277005439e-05,0.9996444305708229
209,Host,Dataset,Iterator::Root::ParallelMapV2::Zip[0]::FlatMap[1]::Concatenate[0]::TensorSlice,2,20.734,10.367,20.734,10.367,0.0,0.0,7.39686015166346e-05,0.9997183991723395
210,Host,Dataset,Iterator::Root::ParallelMapV2::Zip[0]::FlatMap[1]::Concatenate,2,38.249,19.1245,17.515,8.7575,0.0,0.0,6.248481024230033e-05,0.9997808839825818
211,Host,IteratorGetNext,IteratorGetNext,2,13.976,6.988,13.976,6.988,0.0,0.0,4.985941809571164e-05,0.9998307434006776
212,Host,Dataset,Iterator::Root::ParallelMapV2::Zip,2,108.227,54.1135,12.924,6.462,0.0,0.0,4.610640522817524e-05,0.9998768498059057
213,Host,_HostSend,categorical_crossentropy/softmax_cross_entropy_with_logits/Shape_2/_9,2,12.151,6.0755,12.151,6.0755,0.0,0.0,4.3348725621135666e-05,0.9999201985315269
214,Host,ReadVariableOp,ReadVariableOp,1,7.151,7.151,7.151,7.151,0.0,0.0,2.5511211992160412e-05,0.999945709743519
215,Host,_Send,IteratorGetNext/_1,2,5.043,2.5215,5.043,2.5215,0.0,0.0,1.7990916246184445e-05,0.9999637006597653
216,Host,Dataset,Iterator::Root::ParallelMapV2::Zip[1]::ForeverRepeat::FromTensor,4,4.45,1.1125,4.45,1.1125,0.0,0.0,1.587538712978798e-05,0.999979576046895
217,Host,Dataset,Iterator::Root::ParallelMapV2::Zip[0]::FlatMap,2,41.34,20.67,3.091,1.5455,0.0,0.0,1.1027150925432504e-05,0.9999906031978204
218,Host,Identity,Identity,2,2.634,1.317,2.634,1.317,0.0,0.0,9.396802179744166e-06,1.0000000000000002
