Rank,Host/device,Type,Operation,#Occurrences,Total time (us),Avg. time (us),Total self-time (us),Avg. self-time (us),Total self-time on Device (%),Cumulative total-self time on Device (%),Total self-time on Host (%),Cumulative total-self time on Host (%)
1,Device,IDLE,IDLE,0,5983.042,0.0,5983.042,0.0,0.8777110489299571,0.8777110489299571,0.0,0.0
2,Device,Conv2DBackpropFilter,gradient_tape/sequential/conv2d/Conv2D/Conv2DBackpropFilter,4,72.704,18.176,72.704,18.176,0.010665662066454421,0.8883767109964116,0.0,0.0
3,Device,Conv2DBackpropInput,gradient_tape/sequential/conv2d_2/Conv2D/Conv2DBackpropInput,2,47.2,23.6,47.2,23.6,0.006924230434868078,0.8953009414312797,0.0,0.0
4,Device,Conv2DBackpropFilter,gradient_tape/sequential/conv2d_1/Conv2D/Conv2DBackpropFilter,2,38.432,19.216,38.432,19.216,0.005637966611712923,0.9009389080429926,0.0,0.0
5,Device,_FusedConv2D,sequential/conv2d_2/Relu,2,35.616,17.808,35.616,17.808,0.00522485998237842,0.906163768025371,0.0,0.0
6,Device,Conv2DBackpropInput,gradient_tape/sequential/conv2d_1/Conv2D/Conv2DBackpropInput,2,35.232,17.616,35.232,17.616,0.0051685272601964425,0.9113322952855675,0.0,0.0
7,Device,_FusedConv2D,sequential/conv2d_1/Relu,2,31.68,15.84,31.68,15.84,0.00464744958001315,0.9159797448655806,0.0,0.0
8,Device,Conv2DBackpropFilter,gradient_tape/sequential/conv2d_2/Conv2D/Conv2DBackpropFilter,2,31.168,15.584,31.168,15.584,0.004572339283770513,0.9205520841493512,0.0,0.0
9,Device,_FusedConv2D,sequential/conv2d/Relu,2,25.312,12.656,25.312,12.656,0.0037132652704953556,0.9242653494198465,0.0,0.0
10,Device,_Send,IteratorGetNext/_1,2,19.584,9.792,19.584,9.792,0.0028729688312808567,0.9271383182511274,0.0,0.0
11,Device,MatMul,sequential/dense/MatMul,2,18.912,9.456,18.912,9.456,0.0027743865674623954,0.9299127048185898,0.0,0.0
12,Device,MatMul,sequential/dense_1/MatMul,2,17.408,8.704,17.408,8.704,0.0025537500722496503,0.9324664548908395,0.0,0.0
13,Device,MaxPoolGrad,gradient_tape/sequential/max_pooling2d_2/MaxPool/MaxPoolGrad,2,11.584,5.792,11.584,5.792,0.0016993704524896568,0.9341658253433291,0.0,0.0
14,Device,MatMul,gradient_tape/sequential/dense/MatMul/MatMul,2,11.264,5.632,11.264,5.632,0.0016524265173380088,0.9358182518606671,0.0,0.0
15,Device,BiasAddGrad,gradient_tape/sequential/conv2d/BiasAdd/BiasAddGrad,2,11.168,5.584,11.168,5.584,0.0016383433367925145,0.9374565951974596,0.0,0.0
16,Device,MaxPoolGrad,gradient_tape/sequential/max_pooling2d_1/MaxPool/MaxPoolGrad,2,10.272,5.136,10.272,5.136,0.0015069003183679002,0.9389634955158275,0.0,0.0
17,Device,MaxPoolGrad,gradient_tape/sequential/max_pooling2d/MaxPool/MaxPoolGrad,2,10.24,5.12,10.24,5.12,0.0015022059248527356,0.9404657014406802,0.0,0.0
18,Device,MatMul,gradient_tape/sequential/dense/MatMul/MatMul_1,2,9.76,4.88,9.76,4.88,0.0014317900221252635,0.9418974914628054,0.0,0.0
19,Device,MatMul,gradient_tape/sequential/dense_1/MatMul/MatMul_1,2,9.28,4.64,9.28,4.64,0.0013613741193977914,0.9432588655822032,0.0,0.0
20,Device,BiasAddGrad,gradient_tape/sequential/conv2d_1/BiasAdd/BiasAddGrad,2,9.056,4.528,9.056,4.528,0.0013285133647916378,0.9445873789469948,0.0,0.0
21,Device,MatMul,gradient_tape/sequential/dense_1/MatMul/MatMul,2,8.768,4.384,8.768,4.384,0.0012862638231551549,0.94587364277015,0.0,0.0
22,Device,Transpose,gradient_tape/sequential/conv2d/Conv2D/Conv2DBackpropFilter-0-TransposeNHWCToNCHW-LayoutOptimizer,2,8.48,4.24,8.48,4.24,0.0012440142815186715,0.9471176570516686,0.0,0.0
23,Device,MaxPool,sequential/max_pooling2d/MaxPool,2,8.32,4.16,8.32,4.16,0.0012205423139428477,0.9483381993656115,0.0,0.0
24,Device,ReluGrad,gradient_tape/sequential/conv2d/ReluGrad,2,8.032,4.016,8.032,4.016,0.0011782927723063643,0.9495164921379179,0.0,0.0
25,Device,MaxPool,sequential/max_pooling2d_1/MaxPool,2,7.392,3.696,7.392,3.696,0.0010844049020030686,0.950600897039921,0.0,0.0
26,Device,ArgMax,ArgMax,2,7.36,3.68,7.36,3.68,0.0010797105084879037,0.9516806075484089,0.0,0.0
27,Device,MaxPool,sequential/max_pooling2d_2/MaxPool,2,7.264,3.632,7.264,3.632,0.0010656273279424093,0.9527462348763513,0.0,0.0
28,Device,ResourceApplyGradientDescent,SGD/SGD/update_6/ResourceApplyGradientDescent,2,7.04,3.52,7.04,3.52,0.0010327665733362557,0.9537790014496876,0.0,0.0
29,Device,ArgMax,ArgMax_1,2,6.816,3.408,6.816,3.408,0.000999905818730102,0.9547789072684177,0.0,0.0
30,Device,ResourceApplyGradientDescent,SGD/SGD/update_2/ResourceApplyGradientDescent,2,6.72,3.36,6.72,3.36,0.0009858226381846075,0.9557647299066023,0.0,0.0
31,Device,ReluGrad,gradient_tape/sequential/conv2d_1/ReluGrad,2,6.72,3.36,6.72,3.36,0.0009858226381846075,0.9567505525447869,0.0,0.0
32,Device,Transpose,gradient_tape/sequential/max_pooling2d_2/MaxPool/MaxPoolGrad-2-TransposeNHWCToNCHW-LayoutOptimizer,2,6.72,3.36,6.72,3.36,0.0009858226381846075,0.9577363751829715,0.0,0.0
33,Device,ResourceApplyGradientDescent,SGD/SGD/update_4/ResourceApplyGradientDescent,2,6.688,3.344,6.688,3.344,0.0009811282446694429,0.958717503427641,0.0,0.0
34,Device,BiasAddGrad,gradient_tape/sequential/conv2d_2/BiasAdd/BiasAddGrad,2,6.656,3.328,6.656,3.328,0.000976433851154278,0.9596939372787953,0.0,0.0
35,Device,Transpose,sequential/max_pooling2d_2/MaxPool-0-1-TransposeNCHWToNHWC-LayoutOptimizer,2,6.464,3.232,6.464,3.232,0.0009482674900632894,0.9606422047688585,0.0,0.0
36,Device,Tile,gradient_tape/categorical_crossentropy/Tile_1,2,5.952,2.976,5.952,2.976,0.0008731571938206525,0.9615153619626792,0.0,0.0
37,Device,ResourceApplyGradientDescent,SGD/SGD/update_9/ResourceApplyGradientDescent,2,5.728,2.864,5.728,2.864,0.0008402964392144989,0.9623556584018936,0.0,0.0
38,Device,BiasAddGrad,gradient_tape/sequential/dense_1/BiasAdd/BiasAddGrad,2,5.696,2.848,5.696,2.848,0.000835602045699334,0.963191260447593,0.0,0.0
39,Device,ResourceApplyGradientDescent,SGD/SGD/update_8/ResourceApplyGradientDescent,2,5.6,2.8,5.6,2.8,0.0008215188651538397,0.9640127793127468,0.0,0.0
40,Device,Sum,categorical_crossentropy/Sum,2,5.6,2.8,5.6,2.8,0.0008215188651538397,0.9648342981779006,0.0,0.0
41,Device,ReluGrad,gradient_tape/sequential/conv2d_2/ReluGrad,2,5.568,2.784,5.568,2.784,0.0008168244716386748,0.9656511226495392,0.0,0.0
42,Device,SelectV2,gradient_tape/categorical_crossentropy/clip_by_value/SelectV2,2,5.504,2.752,5.504,2.752,0.0008074356846083453,0.9664585583341476,0.0,0.0
43,Device,RealDiv,gradient_tape/categorical_crossentropy/truediv/RealDiv,2,5.504,2.752,5.504,2.752,0.0008074356846083453,0.967265994018756,0.0,0.0
44,Device,BiasAddGrad,gradient_tape/sequential/dense/BiasAdd/BiasAddGrad,2,5.504,2.752,5.504,2.752,0.0008074356846083453,0.9680734297033644,0.0,0.0
45,Device,ResourceApplyGradientDescent,SGD/SGD/update/ResourceApplyGradientDescent,2,5.44,2.72,5.44,2.72,0.0007980468975780158,0.9688714766009424,0.0,0.0
46,Device,Mul,gradient_tape/categorical_crossentropy/mul/Mul_1,2,5.408,2.704,5.408,2.704,0.0007933525040628509,0.9696648291050053,0.0,0.0
47,Device,RealDiv,gradient_tape/categorical_crossentropy/truediv/RealDiv_1,2,5.312,2.656,5.312,2.656,0.0007792693235173565,0.9704440984285226,0.0,0.0
48,Device,ResourceApplyGradientDescent,SGD/SGD/update_5/ResourceApplyGradientDescent,2,5.28,2.64,5.28,2.64,0.0007745749300021918,0.9712186733585249,0.0,0.0
49,Device,Reciprocal,gradient_tape/categorical_crossentropy/Reciprocal,2,5.28,2.64,5.28,2.64,0.0007745749300021918,0.9719932482885271,0.0,0.0
50,Device,Cast,Cast_1,2,5.248,2.624,5.248,2.624,0.0007698805364870269,0.9727631288250141,0.0,0.0
51,Device,ResourceApplyGradientDescent,SGD/SGD/update_1/ResourceApplyGradientDescent,2,5.248,2.624,5.248,2.624,0.0007698805364870269,0.9735330093615012,0.0,0.0
52,Device,ResourceApplyGradientDescent,SGD/SGD/update_3/ResourceApplyGradientDescent,2,5.248,2.624,5.248,2.624,0.0007698805364870269,0.9743028898979883,0.0,0.0
53,Device,ResourceApplyGradientDescent,SGD/SGD/update_7/ResourceApplyGradientDescent,2,5.248,2.624,5.248,2.624,0.0007698805364870269,0.9750727704344754,0.0,0.0
54,Device,Log,categorical_crossentropy/Log,2,5.248,2.624,5.248,2.624,0.0007698805364870269,0.9758426509709625,0.0,0.0
55,Device,RealDiv,categorical_crossentropy/truediv,2,5.248,2.624,5.248,2.624,0.0007698805364870269,0.9766125315074495,0.0,0.0
56,Device,BiasAdd,sequential/dense/BiasAdd,2,5.248,2.624,5.248,2.624,0.0007698805364870269,0.9773824120439366,0.0,0.0
57,Device,AssignAddVariableOp,SGD/SGD/AssignAddVariableOp,2,5.216,2.608,5.216,2.608,0.0007651861429718622,0.9781475981869084,0.0,0.0
58,Device,RealDiv,gradient_tape/categorical_crossentropy/truediv/RealDiv_2,2,5.216,2.608,5.216,2.608,0.0007651861429718622,0.9789127843298803,0.0,0.0
59,Device,AssignAddVariableOp,AssignAddVariableOp_4,2,5.152,2.576,5.152,2.576,0.0007557973559415325,0.9796685816858218,0.0,0.0
60,Device,ReluGrad,gradient_tape/sequential/dense/ReluGrad,2,5.152,2.576,5.152,2.576,0.0007557973559415325,0.9804243790417634,0.0,0.0
61,Device,Sum,Sum_2,2,5.088,2.544,5.088,2.544,0.0007464085689112029,0.9811707876106746,0.0,0.0
62,Device,Mul,Mul,2,5.056,2.528,5.056,2.528,0.0007417141753960382,0.9819125017860706,0.0,0.0
63,Device,Minimum,categorical_crossentropy/clip_by_value/Minimum,2,5.056,2.528,5.056,2.528,0.0007417141753960382,0.9826542159614666,0.0,0.0
64,Device,Mul,categorical_crossentropy/mul,2,5.056,2.528,5.056,2.528,0.0007417141753960382,0.9833959301368627,0.0,0.0
65,Device,SelectV2,gradient_tape/categorical_crossentropy/clip_by_value/SelectV2_1,2,5.056,2.528,5.056,2.528,0.0007417141753960382,0.9841376443122587,0.0,0.0
66,Device,Maximum,categorical_crossentropy/clip_by_value,2,5.024,2.512,5.024,2.512,0.0007370197818808733,0.9848746640941396,0.0,0.0
67,Device,DivNoNan,div_no_nan_1,2,5.024,2.512,5.024,2.512,0.0007370197818808733,0.9856116838760205,0.0,0.0
68,Device,GreaterEqual,gradient_tape/categorical_crossentropy/clip_by_value/GreaterEqual,2,5.024,2.512,5.024,2.512,0.0007370197818808733,0.9863487036579014,0.0,0.0
69,Device,LessEqual,gradient_tape/categorical_crossentropy/clip_by_value/LessEqual,2,5.024,2.512,5.024,2.512,0.0007370197818808733,0.9870857234397823,0.0,0.0
70,Device,AddN,SGD/gradients/AddN,2,4.992,2.496,4.992,2.496,0.0007323253883657085,0.987818048828148,0.0,0.0
71,Device,Sum,categorical_crossentropy/weighted_loss/Sum,2,4.992,2.496,4.992,2.496,0.0007323253883657085,0.9885503742165138,0.0,0.0
72,Device,DivNoNan,div_no_nan,2,4.992,2.496,4.992,2.496,0.0007323253883657085,0.9892826996048796,0.0,0.0
73,Device,DivNoNan,categorical_crossentropy/weighted_loss/value,2,4.96,2.48,4.96,2.48,0.0007276309948505437,0.9900103305997301,0.0,0.0
74,Device,Relu,sequential/dense/Relu,2,4.96,2.48,4.96,2.48,0.0007276309948505437,0.9907379615945806,0.0,0.0
75,Device,AssignAddVariableOp,AssignAddVariableOp_2,2,4.928,2.464,4.928,2.464,0.0007229366013353789,0.991460898195916,0.0,0.0
76,Device,Sum,categorical_crossentropy/Sum_1,2,4.928,2.464,4.928,2.464,0.0007229366013353789,0.9921838347972514,0.0,0.0
77,Device,Mul,gradient_tape/categorical_crossentropy/mul,2,4.928,2.464,4.928,2.464,0.0007229366013353789,0.9929067713985867,0.0,0.0
78,Device,Sum,gradient_tape/categorical_crossentropy/truediv/Sum_1,2,4.928,2.464,4.928,2.464,0.0007229366013353789,0.9936297079999221,0.0,0.0
79,Device,Mul,gradient_tape/categorical_crossentropy/truediv/mul,2,4.928,2.464,4.928,2.464,0.0007229366013353789,0.9943526446012575,0.0,0.0
80,Device,BiasAdd,sequential/dense_1/BiasAdd,2,4.928,2.464,4.928,2.464,0.0007229366013353789,0.9950755812025929,0.0,0.0
81,Device,AssignAddVariableOp,AssignAddVariableOp_3,2,4.896,2.448,4.896,2.448,0.0007182422078202142,0.9957938234104131,0.0,0.0
82,Device,Neg,gradient_tape/categorical_crossentropy/truediv/Neg,2,4.896,2.448,4.896,2.448,0.0007182422078202142,0.9965120656182334,0.0,0.0
83,Device,AssignAddVariableOp,AssignAddVariableOp,2,4.864,2.432,4.864,2.432,0.0007135478143050493,0.9972256134325385,0.0,0.0
84,Device,Equal,Equal,2,4.864,2.432,4.864,2.432,0.0007135478143050493,0.9979391612468436,0.0,0.0
85,Device,AssignAddVariableOp,AssignAddVariableOp_1,2,4.832,2.416,4.832,2.416,0.0007088534207898846,0.9986480146676334,0.0,0.0
86,Device,Neg,categorical_crossentropy/Neg,2,4.736,2.368,4.736,2.368,0.0006947702402443901,0.9993427849078778,0.0,0.0
87,Device,LogicalAnd,LogicalAnd,1,2.368,2.368,2.368,2.368,0.00034738512012219504,0.999690170028,0.0,0.0
88,Device,_Send,IteratorGetNext/_3,2,2.112,1.056,2.112,1.056,0.0003098299720008767,1.0000000000000009,0.0,0.0
89,Host,IDLE,IDLE,0,27692.718,0.0,27692.718,0.0,0.0,0.0,0.9682375819721998,0.9682375819721998
90,Host,_Send,IteratorGetNext/_1,2,267.039,133.5195,267.039,133.5195,0.0,0.0,0.009336649282756364,0.9775742312549561
91,Host,_Send,IteratorGetNext/_3,2,213.491,106.7455,213.491,106.7455,0.0,0.0,0.007464417527121278,0.9850386487820774
92,Host,GatherV2,GatherV2,2,79.279,39.6395,79.279,39.6395,0.0,0.0,0.0027718805810673414,0.9878105293631447
93,Host,_Send,IteratorGetNext/_6,2,76.758,38.379,76.758,38.379,0.0,0.0,0.002683737302962537,0.9904942666661073
94,Host,FlushSummaryWriter,FlushSummaryWriter,1,35.847,35.847,35.847,35.847,0.0,0.0,0.0012533407735910013,0.9917476074396983
95,Host,LogicalAnd,LogicalAnd,1,34.995,34.995,34.995,34.995,0.0,0.0,0.0012235517720260297,0.9929711592117243
96,Host,Dataset,Iterator::Root::ParallelMapV2::Zip[1]::ForeverRepeat,2,36.18,18.09,33.585,16.7925,0.0,0.0,0.0011742530722530136,0.9941454122839773
97,Host,Dataset,Iterator::Root::ParallelMapV2::Zip[0]::FlatMap,2,51.525,25.7625,32.18,16.09,0.0,0.0,0.0011251291905642988,0.9952705414745416
98,Host,Dataset,Iterator::Root::ParallelMapV2,2,25.5,12.75,25.5,12.75,0.0,0.0,0.000891572229937527,0.9961621137044792
99,Host,Dataset,Iterator::Root,2,48.035,24.0175,22.535,11.2675,0.0,0.0,0.0007879051059467518,0.9969500188104259
100,Host,WriteSummary,WriteSummary,1,19.454,19.454,19.454,19.454,0.0,0.0,0.0006801822024001824,0.9976302010128261
101,Host,Dataset,Iterator::Root::ParallelMapV2::Zip[0]::FlatMap[1]::TensorSlice,2,19.345,9.6725,19.345,9.6725,0.0,0.0,0.0006763711681624102,0.9983065721809885
102,Host,GatherV2,GatherV2_1,2,14.108,7.054,14.108,7.054,0.0,0.0,0.0004932667066650444,0.9987998388876536
103,Host,IteratorGetNext,IteratorGetNext,2,13.541,6.7705,13.541,6.7705,0.0,0.0,0.00047344233590525703,0.9992732812235589
104,Host,Dataset,Iterator::Root::ParallelMapV2::Zip,2,97.752,48.876,10.047,5.0235,0.0,0.0,0.00035127945859538565,0.9996245606821542
105,Host,ReadVariableOp,ReadVariableOp,1,5.872,5.872,5.872,5.872,0.0,0.0,0.00020530635820365328,0.9998298670403579
106,Host,Dataset,Iterator::Root::ParallelMapV2::Zip[1]::ForeverRepeat::FromTensor,4,2.595,0.64875,2.595,0.64875,0.0,0.0,9.073058575246599e-05,0.9999205976261104
107,Host,Identity,Identity,2,2.271,1.1355,2.271,1.1355,0.0,0.0,7.940237388973034e-05,1.0000000000000002
