Rank,Host/device,Type,Operation,#Occurrences,Total time (us),Avg. time (us),Total self-time (us),Avg. self-time (us),Total self-time on Device (%),Cumulative total-self time on Device (%),Total self-time on Host (%),Cumulative total-self time on Host (%)
1,Device,IDLE,IDLE,0,4157.16,0.0,4157.16,0.0,0.15849159929635032,0.15849159929635032,0.0,0.0
2,Device,Conv2DBackpropFilter,gradient_tape/sequential/conv2d_8/Conv2D/Conv2DBackpropFilter,4,912.066,228.0165,912.066,228.0165,0.034772488671069926,0.19326408796742023,0.0,0.0
3,Device,Conv2DBackpropFilter,gradient_tape/sequential/conv2d_9/Conv2D/Conv2DBackpropFilter,4,904.802,226.2005,904.802,226.2005,0.03449554889071779,0.22775963685813802,0.0,0.0
4,Device,Conv2DBackpropFilter,gradient_tape/sequential/conv2d_1/Conv2D/Conv2DBackpropFilter,4,841.026,210.2565,841.026,210.2565,0.032064090819167966,0.259823727677306,0.0,0.0
5,Device,ResourceApplyGradientDescent,SGD/SGD/update_28/ResourceApplyGradientDescent,2,834.242,417.121,834.242,417.121,0.031805451024301656,0.29162917870160765,0.0,0.0
6,Device,Conv2DBackpropFilter,gradient_tape/sequential/conv2d_11/Conv2D/Conv2DBackpropFilter,2,717.602,358.801,717.602,358.801,0.027358554551246424,0.31898773325285407,0.0,0.0
7,Device,Conv2DBackpropFilter,gradient_tape/sequential/conv2d_10/Conv2D/Conv2DBackpropFilter,2,716.322,358.161,716.322,358.161,0.027309754589950892,0.34629748784280495,0.0,0.0
8,Device,Conv2DBackpropFilter,gradient_tape/sequential/conv2d_12/Conv2D/Conv2DBackpropFilter,2,703.776,351.888,703.776,351.888,0.026831438719315166,0.3731289265621201,0.0,0.0
9,Device,Conv2DBackpropFilter,gradient_tape/sequential/conv2d_3/Conv2D/Conv2DBackpropFilter,2,540.706,270.353,540.706,270.353,0.02061439990020408,0.3937433264623242,0.0,0.0
10,Device,_FusedConv2D,sequential/conv2d_8/Relu,4,517.536,129.384,517.536,129.384,0.01973104435081545,0.41347437081313965,0.0,0.0
11,Device,_FusedConv2D,sequential/conv2d_9/Relu,4,515.554,128.8885,515.554,128.8885,0.0196554806607469,0.43312985147388655,0.0,0.0
12,Device,_FusedConv2D,sequential/conv2d_10/Relu,4,502.177,125.54425,502.177,125.54425,0.019145482940238844,0.4522753344141254,0.0,0.0
13,Device,_FusedConv2D,sequential/conv2d_11/Relu,4,501.601,125.40025,501.601,125.40025,0.019123522957655854,0.4713988573717812,0.0,0.0
14,Device,_FusedConv2D,sequential/conv2d_12/Relu,4,500.801,125.20025,500.801,125.20025,0.019093022981846147,0.49049188035362734,0.0,0.0
15,Device,_FusedConv2D,sequential/conv2d_1/Relu,2,472.002,236.001,472.002,236.001,0.017995061977666472,0.5084869423312938,0.0,0.0
16,Device,Conv2DBackpropInput,gradient_tape/sequential/conv2d_1/Conv2D/Conv2DBackpropInput,2,468.192,234.096,468.192,234.096,0.017849805842872744,0.5263367481741665,0.0,0.0
17,Device,Conv2DBackpropInput,gradient_tape/sequential/conv2d_8/Conv2D/Conv2DBackpropInput,4,448.16,112.04,448.16,112.04,0.017086086448597687,0.5434228346227642,0.0,0.0
18,Device,MatMul,gradient_tape/sequential/dense_1/MatMul/MatMul_1,2,442.69,221.345,442.69,221.345,0.016877542863998816,0.560300377486763,0.0,0.0
19,Device,Conv2DBackpropInput,gradient_tape/sequential/conv2d_9/Conv2D/Conv2DBackpropInput,4,441.984,110.496,441.984,110.496,0.01685062663534675,0.5771510041221097,0.0,0.0
20,Device,Conv2DBackpropInput,gradient_tape/sequential/conv2d_3/Conv2D/Conv2DBackpropInput,4,400.672,100.168,400.672,100.168,0.015275607884533499,0.5924266120066433,0.0,0.0
21,Device,Conv2DBackpropFilter,gradient_tape/sequential/conv2d_6/Conv2D/Conv2DBackpropFilter,2,396.898,198.449,396.898,198.449,0.015131724248651206,0.6075583362552944,0.0,0.0
22,Device,Conv2DBackpropFilter,gradient_tape/sequential/conv2d_5/Conv2D/Conv2DBackpropFilter,2,394.53,197.265,394.53,197.265,0.015041444320254473,0.6225997805755489,0.0,0.0
23,Device,Conv2DBackpropFilter,gradient_tape/sequential/conv2d_2/Conv2D/Conv2DBackpropFilter,4,376.736,94.184,376.736,94.184,0.014363048608307073,0.6369628291838559,0.0,0.0
24,Device,Conv2DBackpropInput,gradient_tape/sequential/conv2d_12/Conv2D/Conv2DBackpropInput,4,368.066,92.0165,368.066,92.0165,0.014032505120469376,0.6509953343043253,0.0,0.0
25,Device,Conv2DBackpropInput,gradient_tape/sequential/conv2d_11/Conv2D/Conv2DBackpropInput,4,364.256,91.064,364.256,91.064,0.013887248985675648,0.6648825832900009,0.0,0.0
26,Device,Conv2DBackpropInput,gradient_tape/sequential/conv2d_10/Conv2D/Conv2DBackpropInput,4,361.698,90.4245,361.698,90.4245,0.013789725313024111,0.6786723086030251,0.0,0.0
27,Device,_FusedConv2D,sequential/conv2d_3/Relu,4,329.921,82.48025,329.921,82.48025,0.0125782281488928,0.6912505367519178,0.0,0.0
28,Device,_FusedConv2D,sequential/conv2d_7/Relu,4,327.68,81.92,327.68,81.92,0.01249279009165586,0.7037433268435737,0.0,0.0
29,Device,MatMul,gradient_tape/sequential/dense_1/MatMul/MatMul,2,326.496,163.248,326.496,163.248,0.012447650127457492,0.7161909769710312,0.0,0.0
30,Device,Conv2DBackpropInput,gradient_tape/sequential/conv2d_5/Conv2D/Conv2DBackpropInput,4,317.216,79.304,317.216,79.304,0.012093850408064896,0.7282848273790961,0.0,0.0
31,Device,MatMul,sequential/dense_1/MatMul,2,316.769,158.3845,316.769,158.3845,0.012076808546581223,0.7403616359256773,0.0,0.0
32,Device,Conv2DBackpropInput,gradient_tape/sequential/conv2d_6/Conv2D/Conv2DBackpropInput,4,314.016,78.504,314.016,78.504,0.011971850504826069,0.7523334864305034,0.0,0.0
33,Device,_FusedConv2D,sequential/conv2d_5/Relu,4,302.56,75.64,302.56,75.64,0.01153509085123107,0.7638685772817344,0.0,0.0
34,Device,_FusedConv2D,sequential/conv2d_6/Relu,4,302.337,75.58425,302.337,75.58425,0.011526588982974113,0.7753951662647085,0.0,0.0
35,Device,Conv2DBackpropFilter,gradient_tape/sequential/conv2d_7/Conv2D/Conv2DBackpropFilter,4,299.17,74.7925,299.17,74.7925,0.011405847203737439,0.7868010134684459,0.0,0.0
36,Device,Conv2DBackpropInput,gradient_tape/sequential/conv2d_7/Conv2D/Conv2DBackpropInput,4,280.352,70.088,280.352,70.088,0.010688411522753611,0.7974894249911995,0.0,0.0
37,Device,Conv2DBackpropFilter,gradient_tape/sequential/conv2d_4/Conv2D/Conv2DBackpropFilter,2,246.4,123.2,246.4,123.2,0.00939399254938966,0.8068834175405891,0.0,0.0
38,Device,Conv2DBackpropInput,gradient_tape/sequential/conv2d_2/Conv2D/Conv2DBackpropInput,2,232.834,116.417,232.834,116.417,0.008876789209596558,0.8157602067501857,0.0,0.0
39,Device,ReluGrad,gradient_tape/sequential/conv2d_1/ReluGrad,2,214.114,107.057,214.114,107.057,0.008163089775649422,0.8239232965258351,0.0,0.0
40,Device,_FusedConv2D,sequential/conv2d_2/Relu,4,210.144,52.536,210.144,52.536,0.008011733645693754,0.8319350301715288,0.0,0.0
41,Device,ReluGrad,gradient_tape/sequential/conv2d/ReluGrad,2,200.576,100.288,200.576,100.288,0.007646953935009661,0.8395819841065385,0.0,0.0
42,Device,Conv2DBackpropInput,gradient_tape/sequential/conv2d_4/Conv2D/Conv2DBackpropInput,4,197.249,49.31225,197.249,49.31225,0.0075201121606110425,0.8471020962671495,0.0,0.0
43,Device,MaxPoolGrad,gradient_tape/sequential/max_pooling2d_3/MaxPool/MaxPoolGrad,2,185.984,92.992,185.984,92.992,0.007090634376240611,0.8541927306433901,0.0,0.0
44,Device,Conv2DBackpropFilter,gradient_tape/sequential/conv2d/Conv2D/Conv2DBackpropFilter,2,183.074,91.537,183.074,91.537,0.006979690714232803,0.8611724213576228,0.0,0.0
45,Device,MaxPoolGrad,gradient_tape/sequential/max_pooling2d_4/MaxPool/MaxPoolGrad,2,170.914,85.457,170.914,85.457,0.006516091081925261,0.8676885124395481,0.0,0.0
46,Device,_FusedConv2D,sequential/conv2d_4/Relu,4,166.497,41.62425,166.497,41.62425,0.006347693090485919,0.874036205530034,0.0,0.0
47,Device,MaxPoolGrad,gradient_tape/sequential/max_pooling2d/MaxPool/MaxPoolGrad,2,153.664,76.832,153.664,76.832,0.00585843535352846,0.8798946408835625,0.0,0.0
48,Device,_FusedConv2D,sequential/conv2d/Relu,2,137.344,68.672,137.344,68.672,0.005236235847010444,0.885130876730573,0.0,0.0
49,Device,ResourceApplyGradientDescent,SGD/SGD/update_16/ResourceApplyGradientDescent,2,123.104,61.552,123.104,61.552,0.004693336277597665,0.8898242130081707,0.0,0.0
50,Device,ResourceApplyGradientDescent,SGD/SGD/update_18/ResourceApplyGradientDescent,2,122.242,61.121,122.242,61.121,0.0046604725536627065,0.8944846855618335,0.0,0.0
51,Device,ResourceApplyGradientDescent,SGD/SGD/update_20/ResourceApplyGradientDescent,2,115.296,57.648,115.296,57.648,0.004395656513694928,0.8988803420755284,0.0,0.0
52,Device,ResourceApplyGradientDescent,SGD/SGD/update_22/ResourceApplyGradientDescent,2,114.784,57.392,114.784,57.392,0.0043761365291767156,0.903256478604705,0.0,0.0
53,Device,ResourceApplyGradientDescent,SGD/SGD/update_24/ResourceApplyGradientDescent,2,114.208,57.104,114.208,57.104,0.004354176546593726,0.9076106551512988,0.0,0.0
54,Device,MaxPoolGrad,gradient_tape/sequential/max_pooling2d_2/MaxPool/MaxPoolGrad,2,109.952,54.976,109.952,54.976,0.004191916675286087,0.9118025718265849,0.0,0.0
55,Device,ReluGrad,gradient_tape/sequential/conv2d_3/ReluGrad,2,105.12,52.56,105.12,52.56,0.004007696821395459,0.9158102686479803,0.0,0.0
56,Device,ResourceApplyGradientDescent,SGD/SGD/update_26/ResourceApplyGradientDescent,2,100.576,50.288,100.576,50.288,0.0038344569587963244,0.9196447256067767,0.0,0.0
57,Device,ReluGrad,gradient_tape/sequential/conv2d_2/ReluGrad,2,99.968,49.984,99.968,49.984,0.003811276977180948,0.9234560025839577,0.0,0.0
58,Device,SoftmaxCrossEntropyWithLogits,categorical_crossentropy/softmax_cross_entropy_with_logits,2,94.561,47.2805,94.561,47.2805,0.003605135265677093,0.9270611378496347,0.0,0.0
59,Device,MaxPool,sequential/max_pooling2d/MaxPool,2,90.176,45.088,90.176,45.088,0.003437957273270138,0.9304990951229049,0.0,0.0
60,Device,MaxPoolGrad,gradient_tape/sequential/max_pooling2d_1/MaxPool/MaxPoolGrad,2,88.896,44.448,88.896,44.448,0.003389157311974607,0.9338882524348795,0.0,0.0
61,Device,BiasAddGrad,gradient_tape/sequential/conv2d_1/BiasAdd/BiasAddGrad,2,85.536,42.768,85.536,42.768,0.003261057413573839,0.9371493098484533,0.0,0.0
62,Device,BiasAddGrad,gradient_tape/sequential/conv2d/BiasAdd/BiasAddGrad,2,76.928,38.464,76.928,38.464,0.002932877673861395,0.9400821875223148,0.0,0.0
63,Device,MatMul,gradient_tape/sequential/dense/MatMul/MatMul,2,63.36,31.68,63.36,31.68,0.0024155980841287696,0.9424977856064435,0.0,0.0
64,Device,ResourceApplyGradientDescent,SGD/SGD/update_14/ResourceApplyGradientDescent,2,62.976,31.488,62.976,31.488,0.00240095809574011,0.9448987437021836,0.0,0.0
65,Device,BiasAddGrad,gradient_tape/sequential/conv2d_2/BiasAdd/BiasAddGrad,2,60.224,30.112,60.224,30.112,0.0022960381789547193,0.9471947818811384,0.0,0.0
66,Device,BiasAddGrad,gradient_tape/sequential/conv2d_3/BiasAdd/BiasAddGrad,2,59.36,29.68,59.36,29.68,0.002263098205080236,0.9494578800862186,0.0,0.0
67,Device,ReluGrad,gradient_tape/sequential/conv2d_5/ReluGrad,2,55.68,27.84,55.68,27.84,0.0021227983163555854,0.9515806784025741,0.0,0.0
68,Device,ReluGrad,gradient_tape/sequential/conv2d_4/ReluGrad,2,55.36,27.68,55.36,27.68,0.002110598326031703,0.9536912767286058,0.0,0.0
69,Device,MatMul,gradient_tape/sequential/dense/MatMul/MatMul_1,2,52.8,26.4,52.8,26.4,0.0020129984034406414,0.9557042751320464,0.0,0.0
70,Device,MaxPool,sequential/max_pooling2d_1/MaxPool,2,48.768,24.384,48.768,24.384,0.0018592785253597197,0.9575635536574061,0.0,0.0
71,Device,MatMul,sequential/dense/MatMul,2,47.776,23.888,47.776,23.888,0.0018214585553556835,0.9593850122127617,0.0,0.0
72,Device,ReluGrad,gradient_tape/sequential/conv2d_6/ReluGrad,2,37.856,18.928,37.856,18.928,0.0014432588553153205,0.960828271068077,0.0,0.0
73,Device,ResourceApplyGradientDescent,SGD/SGD/update_10/ResourceApplyGradientDescent,2,37.376,18.688,37.376,18.688,0.0014249588698294964,0.9622532299379065,0.0,0.0
74,Device,ResourceApplyGradientDescent,SGD/SGD/update_12/ResourceApplyGradientDescent,2,37.088,18.544,37.088,18.544,0.001413978878538002,0.9636672088164445,0.0,0.0
75,Device,BiasAddGrad,gradient_tape/sequential/conv2d_6/BiasAdd/BiasAddGrad,2,36.608,18.304,36.608,18.304,0.0013956788930521778,0.9650628877094967,0.0,0.0
76,Device,BiasAddGrad,gradient_tape/sequential/conv2d_5/BiasAdd/BiasAddGrad,2,36.48,18.24,36.48,18.24,0.0013907988969226249,0.9664536866064193,0.0,0.0
77,Device,_Send,IteratorGetNext/_1,1,34.72,34.72,34.72,34.72,0.0013236989501412702,0.9677773855565606,0.0,0.0
78,Device,_Recv,IteratorGetNext/_2,1,34.592,34.592,34.592,34.592,0.001318818954011717,0.9690962045105723,0.0,0.0
79,Device,ReluGrad,gradient_tape/sequential/conv2d_8/ReluGrad,2,30.56,15.28,30.56,15.28,0.0011650990759307955,0.9702613035865031,0.0,0.0
80,Device,ReluGrad,gradient_tape/sequential/conv2d_7/ReluGrad,2,29.472,14.736,29.472,14.736,0.0011236191088295944,0.9713849226953327,0.0,0.0
81,Device,BiasAddGrad,gradient_tape/sequential/conv2d_7/BiasAdd/BiasAddGrad,2,28.128,14.064,28.128,14.064,0.001072379149469287,0.9724573018448021,0.0,0.0
82,Device,BiasAddGrad,gradient_tape/sequential/conv2d_10/BiasAdd/BiasAddGrad,2,27.616,13.808,27.616,13.808,0.0010528591649510749,0.9735101610097532,0.0,0.0
83,Device,BiasAddGrad,gradient_tape/sequential/conv2d_11/BiasAdd/BiasAddGrad,2,27.616,13.808,27.616,13.808,0.0010528591649510749,0.9745630201747043,0.0,0.0
84,Device,BiasAddGrad,gradient_tape/sequential/conv2d_9/BiasAdd/BiasAddGrad,2,27.264,13.632,27.264,13.632,0.001039439175594804,0.9756024593502991,0.0,0.0
85,Device,BiasAddGrad,gradient_tape/sequential/conv2d_12/BiasAdd/BiasAddGrad,2,27.232,13.616,27.232,13.616,0.0010382191765624157,0.9766406785268615,0.0,0.0
86,Device,BiasAddGrad,gradient_tape/sequential/conv2d_8/BiasAdd/BiasAddGrad,2,27.04,13.52,27.04,13.52,0.001030899182368086,0.9776715777092296,0.0,0.0
87,Device,BiasAddGrad,gradient_tape/sequential/conv2d_4/BiasAdd/BiasAddGrad,2,26.944,13.472,26.944,13.472,0.001027239185270921,0.9786988168945006,0.0,0.0
88,Device,MatMul,sequential/dense_2/MatMul,2,22.208,11.104,22.208,11.104,0.0008466793284774576,0.979545496222978,0.0,0.0
89,Device,ResourceApplyGradientDescent,SGD/SGD/update_8/ResourceApplyGradientDescent,2,20.64,10.32,20.64,10.32,0.0007868993758904326,0.9803323955988684,0.0,0.0
90,Device,ReluGrad,gradient_tape/sequential/dense/ReluGrad,2,18.304,9.152,18.304,9.152,0.0006978394465260889,0.9810302350453945,0.0,0.0
91,Device,Softmax,sequential/dense_2/Softmax,2,18.112,9.056,18.112,9.056,0.0006905194523317593,0.9817207544977263,0.0,0.0
92,Device,Transpose,gradient_tape/sequential/conv2d/Conv2D/Conv2DBackpropFilter-0-TransposeNHWCToNCHW-LayoutOptimizer,2,15.328,7.664,15.328,7.664,0.0005843795365139802,0.9823051340342404,0.0,0.0
93,Device,BiasAddGrad,gradient_tape/sequential/dense_1/BiasAdd/BiasAddGrad,2,14.848,7.424,14.848,7.424,0.0005660795510281562,0.9828712135852685,0.0,0.0
94,Device,BiasAddGrad,gradient_tape/sequential/dense/BiasAdd/BiasAddGrad,2,14.464,7.232,14.464,7.232,0.0005514395626394969,0.983422653147908,0.0,0.0
95,Device,MatMul,gradient_tape/sequential/dense_2/MatMul/MatMul_1,2,13.984,6.992,13.984,6.992,0.0005331395771536729,0.9839557927250616,0.0,0.0
96,Device,MaxPool,sequential/max_pooling2d_2/MaxPool,2,13.088,6.544,13.088,6.544,0.0004989796042468013,0.9844547723293084,0.0,0.0
97,Device,ResourceApplyGradientDescent,SGD/SGD/update_6/ResourceApplyGradientDescent,2,12.928,6.464,12.928,6.464,0.0004928796090848601,0.9849476519383933,0.0,0.0
98,Device,ReluGrad,gradient_tape/sequential/conv2d_10/ReluGrad,2,11.712,5.856,11.712,5.856,0.0004465196458541059,0.9853941715842474,0.0,0.0
99,Device,ReluGrad,gradient_tape/sequential/conv2d_11/ReluGrad,2,11.584,5.792,11.584,5.792,0.0004416396497245528,0.9858358112339719,0.0,0.0
100,Device,MatMul,gradient_tape/sequential/dense_2/MatMul/MatMul,2,11.296,5.648,11.296,5.648,0.0004306596584330584,0.9862664708924049,0.0,0.0
101,Device,ReluGrad,gradient_tape/sequential/dense_1/ReluGrad,2,11.104,5.552,11.104,5.552,0.0004233396642387288,0.9866898105566436,0.0,0.0
102,Device,ReluGrad,gradient_tape/sequential/conv2d_9/ReluGrad,2,10.784,5.392,10.784,5.392,0.00041113967391484616,0.9871009502305584,0.0,0.0
103,Device,ResourceApplyGradientDescent,SGD/SGD/update_4/ResourceApplyGradientDescent,2,10.496,5.248,10.496,5.248,0.00040015968262335175,0.9875011099131817,0.0,0.0
104,Device,MaxPool,sequential/max_pooling2d_3/MaxPool,2,10.208,5.104,10.208,5.104,0.00038917969133185734,0.9878902896045136,0.0,0.0
105,Device,BiasAdd,sequential/dense/BiasAdd,2,8.704,4.352,8.704,4.352,0.0003318397368096088,0.9882221293413233,0.0,0.0
106,Device,ResourceApplyGradientDescent,SGD/SGD/update_2/ResourceApplyGradientDescent,2,8.416,4.208,8.416,4.208,0.00032085974551811436,0.9885429890868414,0.0,0.0
107,Device,BiasAdd,sequential/dense_1/BiasAdd,2,8.128,4.064,8.128,4.064,0.00030987975422661995,0.9888528688410679,0.0,0.0
108,Device,MaxPool,sequential/max_pooling2d_4/MaxPool,2,8.064,4.032,8.064,4.032,0.00030743975616184344,0.9891603085972298,0.0,0.0
109,Device,ResourceApplyGradientDescent,SGD/SGD/update_27/ResourceApplyGradientDescent,2,7.712,3.856,7.712,3.856,0.00029401976680557245,0.9894543283640354,0.0,0.0
110,Device,Relu,sequential/dense/Relu,2,7.552,3.776,7.552,3.776,0.00028791977164363113,0.989742248135679,0.0,0.0
111,Device,ResourceApplyGradientDescent,SGD/SGD/update_29/ResourceApplyGradientDescent,2,7.296,3.648,7.296,3.648,0.000278159779384525,0.9900204079150635,0.0,0.0
112,Device,ArgMax,ArgMax_1,2,7.072,3.536,7.072,3.536,0.0002696197861578071,0.9902900277012213,0.0,0.0
113,Device,ArgMax,ArgMax,2,6.976,3.488,6.976,3.488,0.0002659597890606423,0.990555987490282,0.0,0.0
114,Device,ResourceApplyGradientDescent,SGD/SGD/update_15/ResourceApplyGradientDescent,2,6.88,3.44,6.88,3.44,0.0002622997919634775,0.9908182872822454,0.0,0.0
115,Device,ReluGrad,gradient_tape/sequential/conv2d_12/ReluGrad,2,6.88,3.44,6.88,3.44,0.0002622997919634775,0.9910805870742089,0.0,0.0
116,Device,Relu,sequential/dense_1/Relu,2,6.88,3.44,6.88,3.44,0.0002622997919634775,0.9913428868661723,0.0,0.0
117,Device,ResourceApplyGradientDescent,SGD/SGD/update_30/ResourceApplyGradientDescent,2,6.848,3.424,6.848,3.424,0.0002610797929310892,0.9916039666591034,0.0,0.0
118,Device,ResourceApplyGradientDescent,SGD/SGD/update_11/ResourceApplyGradientDescent,2,6.592,3.296,6.592,3.296,0.0002513198006719831,0.9918552864597754,0.0,0.0
119,Device,ResourceApplyGradientDescent,SGD/SGD/update/ResourceApplyGradientDescent,2,6.56,3.28,6.56,3.28,0.0002500998016395948,0.992105386261415,0.0,0.0
120,Device,ResourceApplyGradientDescent,SGD/SGD/update_23/ResourceApplyGradientDescent,2,6.528,3.264,6.528,3.264,0.0002488798026072066,0.9923542660640222,0.0,0.0
121,Device,ResourceApplyGradientDescent,SGD/SGD/update_21/ResourceApplyGradientDescent,2,6.496,3.248,6.496,3.248,0.0002476598035748183,0.992601925867597,0.0,0.0
122,Device,ResourceApplyGradientDescent,SGD/SGD/update_17/ResourceApplyGradientDescent,2,6.432,3.216,6.432,3.216,0.0002452198055100418,0.9928471456731071,0.0,0.0
123,Device,ResourceApplyGradientDescent,SGD/SGD/update_9/ResourceApplyGradientDescent,2,6.368,3.184,6.368,3.184,0.00024277980744526523,0.9930899254805523,0.0,0.0
124,Device,ResourceApplyGradientDescent,SGD/SGD/update_1/ResourceApplyGradientDescent,2,6.272,3.136,6.272,3.136,0.00023911981034810043,0.9933290452909004,0.0,0.0
125,Device,Cast,Cast_1,2,6.24,3.12,6.24,3.12,0.00023789981131571217,0.9935669451022161,0.0,0.0
126,Device,ResourceApplyGradientDescent,SGD/SGD/update_7/ResourceApplyGradientDescent,2,6.24,3.12,6.24,3.12,0.00023789981131571217,0.9938048449135318,0.0,0.0
127,Device,ResourceApplyGradientDescent,SGD/SGD/update_25/ResourceApplyGradientDescent,2,6.176,3.088,6.176,3.088,0.00023545981325093563,0.9940403047267827,0.0,0.0
128,Device,BiasAddGrad,gradient_tape/sequential/dense_2/BiasAdd/BiasAddGrad,2,6.176,3.088,6.176,3.088,0.00023545981325093563,0.9942757645400336,0.0,0.0
129,Device,ResourceApplyGradientDescent,SGD/SGD/update_19/ResourceApplyGradientDescent,2,6.144,3.072,6.144,3.072,0.00023423981421854737,0.9945100043542522,0.0,0.0
130,Device,ResourceApplyGradientDescent,SGD/SGD/update_3/ResourceApplyGradientDescent,2,6.144,3.072,6.144,3.072,0.00023423981421854737,0.9947442441684707,0.0,0.0
131,Device,ResourceApplyGradientDescent,SGD/SGD/update_13/ResourceApplyGradientDescent,2,6.08,3.04,6.08,3.04,0.00023179981615377082,0.9949760439846245,0.0,0.0
132,Device,ResourceApplyGradientDescent,SGD/SGD/update_5/ResourceApplyGradientDescent,2,6.048,3.024,6.048,3.024,0.00023057981712138256,0.9952066238017458,0.0,0.0
133,Device,Cast,Cast,2,5.824,2.912,5.824,2.912,0.00022203982389466467,0.9954286636256405,0.0,0.0
134,Device,Tile,gradient_tape/categorical_crossentropy/weighted_loss/Tile_1,2,5.728,2.864,5.728,2.864,0.00021837982679749987,0.995647043452438,0.0,0.0
135,Device,ResourceApplyGradientDescent,SGD/SGD/update_31/ResourceApplyGradientDescent,2,5.632,2.816,5.632,2.816,0.00021471982970033506,0.9958617632821384,0.0,0.0
136,Device,AssignAddVariableOp,AssignAddVariableOp_4,2,5.536,2.768,5.536,2.768,0.00021105983260317026,0.9960728231147415,0.0,0.0
137,Device,AssignAddVariableOp,SGD/SGD/AssignAddVariableOp,2,5.536,2.768,5.536,2.768,0.00021105983260317026,0.9962838829473447,0.0,0.0
138,Device,Mul,gradient_tape/categorical_crossentropy/softmax_cross_entropy_with_logits/mul,2,5.504,2.752,5.504,2.752,0.000209839833570782,0.9964937227809155,0.0,0.0
139,Device,AssignAddVariableOp,AssignAddVariableOp_2,2,5.472,2.736,5.472,2.736,0.00020861983453839377,0.9967023426154539,0.0,0.0
140,Device,BiasAdd,sequential/dense_2/BiasAdd,2,5.408,2.704,5.408,2.704,0.00020617983647361722,0.9969085224519275,0.0,0.0
141,Device,Equal,Equal,2,5.312,2.656,5.312,2.656,0.00020251983937645242,0.997111042291304,0.0,0.0
142,Device,DivNoNan,gradient_tape/categorical_crossentropy/weighted_loss/value/div_no_nan,2,5.312,2.656,5.312,2.656,0.00020251983937645242,0.9973135621306805,0.0,0.0
143,Device,AssignAddVariableOp,AssignAddVariableOp_1,2,5.28,2.64,5.28,2.64,0.00020129984034406414,0.9975148619710246,0.0,0.0
144,Device,DivNoNan,categorical_crossentropy/weighted_loss/value,2,5.28,2.64,5.28,2.64,0.00020129984034406414,0.9977161618113687,0.0,0.0
145,Device,Sum,categorical_crossentropy/weighted_loss/Sum,2,5.248,2.624,5.248,2.624,0.00020007984131167588,0.9979162416526803,0.0,0.0
146,Device,AssignAddVariableOp,AssignAddVariableOp_3,2,5.216,2.608,5.216,2.608,0.00019885984227928762,0.9981151014949596,0.0,0.0
147,Device,Mul,Mul,2,5.216,2.608,5.216,2.608,0.00019885984227928762,0.9983139613372389,0.0,0.0
148,Device,AssignAddVariableOp,AssignAddVariableOp,2,5.184,2.592,5.184,2.592,0.00019763984324689933,0.9985116011804859,0.0,0.0
149,Device,Sum,Sum_2,2,4.992,2.496,4.992,2.496,0.00019031984905256973,0.9987019210295385,0.0,0.0
150,Device,DivNoNan,div_no_nan,2,4.96,2.48,4.96,2.48,0.00018909985002018147,0.9988910208795586,0.0,0.0
151,Device,DivNoNan,div_no_nan_1,2,4.96,2.48,4.96,2.48,0.00018909985002018147,0.9990801207295787,0.0,0.0
152,Device,Cast,categorical_crossentropy/weighted_loss/num_elements/Cast,2,4.832,2.416,4.832,2.416,0.00018421985389062838,0.9992643405834694,0.0,0.0
153,Device,Cast,Cast_2,2,4.64,2.32,4.64,2.32,0.00017689985969629877,0.9994412404431656,0.0,0.0
154,Device,_Recv,strided_slice/_12,2,4.128,2.064,4.128,2.064,0.00015737987517808652,0.9995986203183437,0.0,0.0
155,Device,_Recv,categorical_crossentropy/weighted_loss/num_elements/_14,2,3.36,1.68,3.36,1.68,0.0001280998984007681,0.9997267202167445,0.0,0.0
156,Device,LogicalAnd,LogicalAnd,1,2.624,2.624,2.624,2.624,0.00010003992065583794,0.9998267601374003,0.0,0.0
157,Device,_Recv,Size/_16,2,2.56,1.28,2.56,1.28,9.759992259106141e-05,0.9999243600599914,0.0,0.0
158,Device,_Send,IteratorGetNext/_3,1,0.992,0.992,0.992,0.992,3.781997000403629e-05,0.9999621800299955,0.0,0.0
159,Device,_Recv,IteratorGetNext/_4,1,0.992,0.992,0.992,0.992,3.781997000403629e-05,0.9999999999999996,0.0,0.0
160,Host,IDLE,IDLE,0,82902.81,0.0,82902.81,0.0,0.0,0.0,0.992513612239919,0.992513612239919
161,Host,GatherV2,GatherV2,2,247.685,123.8425,247.685,123.8425,0.0,0.0,0.002965288318304824,0.9954789005582237
162,Host,_Send,IteratorGetNext/_6,2,78.147,39.0735,78.147,39.0735,0.0,0.0,0.0009355769877488224,0.9964144775459726
163,Host,Dataset,Iterator::Root::ParallelMapV2::Zip[1]::ForeverRepeat,2,41.886,20.943,38.276,19.138,0.0,0.0,0.0004582408126105152,0.996872718358583
164,Host,Dataset,Iterator::Root::ParallelMapV2::Zip[0]::FlatMap[1]::Concatenate,2,57.078,28.539,36.644,18.322,0.0,0.0,0.0004387024855601347,0.9973114208441431
165,Host,LogicalAnd,LogicalAnd,1,36.39,36.39,36.39,36.39,0.0,0.0,0.0004356615939726368,0.9977470824381158
166,Host,FlushSummaryWriter,FlushSummaryWriter,1,35.338,35.338,35.338,35.338,0.0,0.0,0.0004230670351141808,0.99817014947323
167,Host,Dataset,Iterator::Root::ParallelMapV2,2,25.844,12.922,25.844,12.922,0.0,0.0,0.00030940473302085256,0.9984795542062509
168,Host,Dataset,Iterator::Root,2,51.355,25.6775,25.511,12.7555,0.0,0.0,0.000305418052317558,0.9987849722585684
169,Host,GatherV2,GatherV2_1,2,23.878,11.939,23.878,11.939,0.0,0.0,0.0002858677532530536,0.9990708400118214
170,Host,WriteSummary,WriteSummary,1,21.173,21.173,21.173,21.173,0.0,0.0,0.000253483455047613,0.9993243234668691
171,Host,Dataset,Iterator::Root::ParallelMapV2::Zip[0]::FlatMap[1]::Concatenate[0]::TensorSlice,2,20.434,10.217,20.434,10.217,0.0,0.0,0.00024463613660997144,0.999568959603479
172,Host,IteratorGetNext,IteratorGetNext,2,12.261,6.1305,12.261,6.1305,0.0,0.0,0.00014678886517445724,0.9997157484686535
173,Host,Dataset,Iterator::Root::ParallelMapV2::Zip,2,110.886,55.443,8.852,4.426,0.0,0.0,0.00010597626902571534,0.9998217247376793
174,Host,ReadVariableOp,ReadVariableOp,1,5.933,5.933,5.933,5.933,0.0,0.0,7.102995979773712e-05,0.999892754697477
175,Host,Dataset,Iterator::Root::ParallelMapV2::Zip[1]::ForeverRepeat::FromTensor,4,3.61,0.9025,3.61,0.9025,0.0,0.0,4.321897098766746e-05,0.9999359736684647
176,Host,Dataset,Iterator::Root::ParallelMapV2::Zip[0]::FlatMap,2,60.148,30.074,3.07,1.535,0.0,0.0,3.675408336070335e-05,0.9999727277518253
177,Host,Identity,Identity,2,2.278,1.139,2.278,1.139,0.0,0.0,2.7272248174489327e-05,0.9999999999999998
