Rank,Host/device,Type,Operation,#Occurrences,Total time (us),Avg. time (us),Total self-time (us),Avg. self-time (us),Total self-time on Device (%),Cumulative total-self time on Device (%),Total self-time on Host (%),Cumulative total-self time on Host (%)
1,Device,IDLE,IDLE,0,5344.179,0.0,5344.179,0.0,0.6362385986266563,0.6362385986266563,0.0,0.0
2,Device,Conv2DBackpropFilter,gradient_tape/sequential/conv2d_1/Conv2D/Conv2DBackpropFilter,2,322.626,161.313,322.626,161.313,0.038409475827909885,0.6746480744545662,0.0,0.0
3,Device,_FusedConv2D,sequential/activation_1/Relu,2,199.265,99.6325,199.265,99.6325,0.023723023565516924,0.6983710980200831,0.0,0.0
4,Device,Conv2DBackpropFilter,gradient_tape/sequential/conv2d_3/Conv2D/Conv2DBackpropFilter,4,185.121,46.28025,185.121,46.28025,0.02203914307817258,0.7204102410982557,0.0,0.0
5,Device,Conv2DBackpropInput,gradient_tape/sequential/conv2d_1/Conv2D/Conv2DBackpropInput,2,156.993,78.4965,156.993,78.4965,0.01869043052528642,0.7391006716235421,0.0,0.0
6,Device,Conv2DBackpropFilter,gradient_tape/sequential/conv2d_2/Conv2D/Conv2DBackpropFilter,2,148.768,74.384,148.768,74.384,0.01771122259199971,0.7568118942155418,0.0,0.0
7,Device,_FusedConv2D,sequential/activation_3/Relu,2,133.633,66.8165,133.633,66.8165,0.015909360942115893,0.7727212551576578,0.0,0.0
8,Device,Conv2DBackpropInput,gradient_tape/sequential/conv2d_3/Conv2D/Conv2DBackpropInput,2,132.192,66.096,132.192,66.096,0.015737806093256788,0.7884590612509146,0.0,0.0
9,Device,Conv2DBackpropFilter,gradient_tape/sequential/conv2d/Conv2D/Conv2DBackpropFilter,2,130.112,65.056,130.112,65.056,0.015490176609823793,0.8039492378607384,0.0,0.0
10,Device,ReluGrad,gradient_tape/sequential/activation/ReluGrad,2,95.264,47.632,95.264,47.632,0.011341430341231046,0.8152906682019694,0.0,0.0
11,Device,SoftmaxCrossEntropyWithLogits,categorical_crossentropy/softmax_cross_entropy_with_logits,2,93.184,46.592,93.184,46.592,0.011093800857798054,0.8263844690597675,0.0,0.0
12,Device,_FusedConv2D,sequential/activation_2/Relu,2,87.36,43.68,87.36,43.68,0.010400438304185676,0.8367849073639532,0.0,0.0
13,Device,ReluGrad,gradient_tape/sequential/activation_1/ReluGrad,2,86.688,43.344,86.688,43.344,0.010320434932615016,0.8471053422965682,0.0,0.0
14,Device,_FusedConv2D,sequential/activation/Relu,2,81.92,40.96,81.92,40.96,0.009752791962899389,0.8568581342594676,0.0,0.0
15,Device,Conv2DBackpropInput,gradient_tape/sequential/conv2d_2/Conv2D/Conv2DBackpropInput,2,76.898,38.449,76.898,38.449,0.00915490962357223,0.8660130438830398,0.0,0.0
16,Device,MaxPoolGrad,gradient_tape/sequential/max_pooling2d/MaxPool/MaxPoolGrad,2,73.792,36.896,73.792,36.896,0.008785132135330465,0.8747981760183703,0.0,0.0
17,Device,_Send,IteratorGetNext/_1,2,68.865,34.4325,68.865,34.4325,0.008198559796448563,0.8829967358148189,0.0,0.0
18,Device,ResourceApplyGradientDescent,SGD/SGD/update_8/ResourceApplyGradientDescent,2,52.864,26.432,52.864,26.432,0.006293598563558511,0.8892903343783773,0.0,0.0
19,Device,BiasAddGrad,gradient_tape/sequential/conv2d/BiasAdd/BiasAddGrad,2,48.352,24.176,48.352,24.176,0.0057564330687269434,0.8950467674471043,0.0,0.0
20,Device,ReluGrad,gradient_tape/sequential/activation_2/ReluGrad,2,47.264,23.632,47.264,23.632,0.005626903800469686,0.900673671247574,0.0,0.0
21,Device,MaxPool,sequential/max_pooling2d/MaxPool,2,43.712,21.856,43.712,21.856,0.005204028836453346,0.9058777000840273,0.0,0.0
22,Device,BiasAddGrad,gradient_tape/sequential/conv2d_1/BiasAdd/BiasAddGrad,2,42.4,21.2,42.4,21.2,0.005047831777672535,0.9109255318616999,0.0,0.0
23,Device,MatMul,sequential/dense/MatMul,2,41.664,20.832,41.664,20.832,0.004960209037380861,0.9158857408990807,0.0,0.0
24,Device,MaxPoolGrad,gradient_tape/sequential/max_pooling2d_1/MaxPool/MaxPoolGrad,2,36.032,18.016,36.032,18.016,0.004289704589931527,0.9201754454890122,0.0,0.0
25,Device,MatMul,gradient_tape/sequential/dense/MatMul/MatMul,2,26.752,13.376,26.752,13.376,0.0031848961253843314,0.9233603416143965,0.0,0.0
26,Device,MatMul,gradient_tape/sequential/dense/MatMul/MatMul_1,2,26.304,13.152,26.304,13.152,0.0031315605443372253,0.9264919021587338,0.0,0.0
27,Device,BiasAddGrad,gradient_tape/sequential/conv2d_3/BiasAdd/BiasAddGrad,2,24.704,12.352,24.704,12.352,0.002941076326311847,0.9294329784850456,0.0,0.0
28,Device,Mul,gradient_tape/sequential/dropout/dropout/Mul_1,2,20.929,10.4645,20.929,10.4645,0.0024916526244082187,0.9319246311094538,0.0,0.0
29,Device,MatMul,sequential/dense_1/MatMul,2,18.88,9.44,18.88,9.44,0.0022477137726994684,0.9341723448821533,0.0,0.0
30,Device,BiasAddGrad,gradient_tape/sequential/conv2d_2/BiasAdd/BiasAddGrad,2,18.656,9.328,18.656,9.328,0.0022210459821759153,0.9363933908643292,0.0,0.0
31,Device,RandomUniform,sequential/dropout/dropout/random_uniform/RandomUniform,2,18.656,9.328,18.656,9.328,0.0022210459821759153,0.938614436846505,0.0,0.0
32,Device,Softmax,sequential/activation_5/Softmax,2,18.208,9.104,18.208,9.104,0.002167710401128809,0.9407821472476339,0.0,0.0
33,Device,Mul,sequential/dropout/dropout/Mul_1,2,16.928,8.464,16.928,8.464,0.0020153230267085064,0.9427974702743424,0.0,0.0
34,Device,Transpose,gradient_tape/sequential/conv2d/Conv2D/Conv2DBackpropFilter-0-TransposeNHWCToNCHW-LayoutOptimizer,2,14.624,7.312,14.624,7.312,0.0017410257527519612,0.9445384960270943,0.0,0.0
35,Device,ReluGrad,gradient_tape/sequential/activation_3/ReluGrad,2,13.312,6.656,13.312,6.656,0.0015848286939711504,0.9461233247210654,0.0,0.0
36,Device,RandomUniform,sequential/dropout_1/dropout/random_uniform/RandomUniform,2,12.928,6.464,12.928,6.464,0.0015391124816450598,0.9476624372027105,0.0,0.0
37,Device,Mul,gradient_tape/sequential/dropout_1/dropout/Mul_1,2,12.32,6.16,12.32,6.16,0.001466728478795416,0.9491291656815058,0.0,0.0
38,Device,MatMul,gradient_tape/sequential/dense_1/MatMul/MatMul_1,2,11.776,5.888,11.776,5.888,0.001401963844666787,0.9505311295261727,0.0,0.0
39,Device,Transpose,gradient_tape/sequential/dropout/dropout/ArithmeticOptimizer/ReorderCastLikeAndValuePreserving_bool_Mul-1-TransposeNHWCToNCHW-LayoutOptimizer,2,11.232,5.616,11.232,5.616,0.0013371992105381582,0.9518683287367109,0.0,0.0
40,Device,MaxPool,sequential/max_pooling2d_1/MaxPool,2,11.232,5.616,11.232,5.616,0.0013371992105381582,0.9532055279472491,0.0,0.0
41,Device,MatMul,gradient_tape/sequential/dense_1/MatMul/MatMul,2,10.144,5.072,10.144,5.072,0.0012076699422809008,0.95441319788953,0.0,0.0
42,Device,Mul,gradient_tape/sequential/dropout/dropout/Mul,2,9.536,4.768,9.536,4.768,0.001135285939431257,0.9555484838289613,0.0,0.0
43,Device,Mul,sequential/dropout/dropout/Mul,2,9.504,4.752,9.504,4.752,0.0011314762550707492,0.956679960084032,0.0,0.0
44,Device,Transpose,gradient_tape/sequential/max_pooling2d_1/MaxPool/MaxPoolGrad-2-TransposeNHWCToNCHW-LayoutOptimizer,2,9.088,4.544,9.088,4.544,0.0010819503583841508,0.9577619104424161,0.0,0.0
45,Device,GreaterEqual,sequential/dropout/dropout/GreaterEqual,2,9.088,4.544,9.088,4.544,0.0010819503583841508,0.9588438608008002,0.0,0.0
46,Device,Cast,sequential/dropout/dropout/ArithmeticOptimizer/ReorderCastLikeAndValuePreserving_float_Cast,2,8.928,4.464,8.928,4.464,0.001062901936581613,0.9599067627373818,0.0,0.0
47,Device,Transpose,sequential/dropout_1/dropout/Mul_1-0-1-TransposeNCHWToNHWC-LayoutOptimizer,2,8.576,4.288,8.576,4.288,0.0010209954086160297,0.9609277581459978,0.0,0.0
48,Device,ResourceApplyGradientDescent,SGD/SGD/update_6/ResourceApplyGradientDescent,2,8.16,4.08,8.16,4.08,0.0009714695119294312,0.9618992276579272,0.0,0.0
49,Device,RandomUniform,sequential/dropout_2/dropout/random_uniform/RandomUniform,2,8.064,4.032,8.064,4.032,0.0009600404588479086,0.9628592681167751,0.0,0.0
50,Device,ResourceApplyGradientDescent,SGD/SGD/update_2/ResourceApplyGradientDescent,2,7.872,3.936,7.872,3.936,0.000937182352684863,0.96379645046946,0.0,0.0
51,Device,Transpose,sequential/dropout_1/dropout/ArithmeticOptimizer/ReorderCastLikeAndValuePreserving_bool_Mul_1-0-TransposeNHWCToNCHW-LayoutOptimizer,2,7.872,3.936,7.872,3.936,0.000937182352684863,0.964733632822145,0.0,0.0
52,Device,ArgMax,ArgMax,2,7.584,3.792,7.584,3.792,0.0009028951934402948,0.9656365280155853,0.0,0.0
53,Device,ResourceApplyGradientDescent,SGD/SGD/update_4/ResourceApplyGradientDescent,2,7.52,3.76,7.52,3.76,0.0008952758247192797,0.9665318038403046,0.0,0.0
54,Device,ArgMax,ArgMax_1,2,7.008,3.504,7.008,3.504,0.0008343208749511586,0.9673661247152557,0.0,0.0
55,Device,ResourceApplyGradientDescent,SGD/SGD/update_10/ResourceApplyGradientDescent,2,6.976,3.488,6.976,3.488,0.000830511190590651,0.9681966359058464,0.0,0.0
56,Device,BiasAdd,sequential/dense/BiasAdd,2,6.688,3.344,6.688,3.344,0.0007962240313460828,0.9689928599371924,0.0,0.0
57,Device,Mul,sequential/dropout_1/dropout/Mul,2,6.656,3.328,6.656,3.328,0.0007924143469855752,0.969785274284178,0.0,0.0
58,Device,ResourceApplyGradientDescent,SGD/SGD/update/ResourceApplyGradientDescent,2,6.592,3.296,6.592,3.296,0.0007847949782645601,0.9705700692624426,0.0,0.0
59,Device,Mul,sequential/dropout_1/dropout/Mul_1,2,6.528,3.264,6.528,3.264,0.0007771756095435449,0.9713472448719861,0.0,0.0
60,Device,ResourceApplyGradientDescent,SGD/SGD/update_5/ResourceApplyGradientDescent,2,6.464,3.232,6.464,3.232,0.0007695562408225299,0.9721168011128086,0.0,0.0
61,Device,Mul,gradient_tape/sequential/dropout_2/dropout/Mul_1,2,6.368,3.184,6.368,3.184,0.0007581271877410071,0.9728749283005497,0.0,0.0
62,Device,ResourceApplyGradientDescent,SGD/SGD/update_9/ResourceApplyGradientDescent,2,6.304,3.152,6.304,3.152,0.000750507819019992,0.9736254361195696,0.0,0.0
63,Device,BiasAddGrad,gradient_tape/sequential/dense/BiasAdd/BiasAddGrad,2,6.208,3.104,6.208,3.104,0.0007390787659384692,0.9743645148855081,0.0,0.0
64,Device,Mul,sequential/dropout_2/dropout/Mul_1,2,6.208,3.104,6.208,3.104,0.0007390787659384692,0.9751035936514466,0.0,0.0
65,Device,GreaterEqual,sequential/dropout_1/dropout/GreaterEqual,2,6.176,3.088,6.176,3.088,0.0007352690815779617,0.9758388627330246,0.0,0.0
66,Device,Mul,sequential/dropout_2/dropout/Mul,2,6.144,3.072,6.144,3.072,0.0007314593972174541,0.976570322130242,0.0,0.0
67,Device,ResourceApplyGradientDescent,SGD/SGD/update_3/ResourceApplyGradientDescent,2,6.112,3.056,6.112,3.056,0.0007276497128569466,0.977297971843099,0.0,0.0
68,Device,GreaterEqual,sequential/dropout_2/dropout/GreaterEqual,2,6.08,3.04,6.08,3.04,0.0007238400284964389,0.9780218118715954,0.0,0.0
69,Device,ResourceApplyGradientDescent,SGD/SGD/update_1/ResourceApplyGradientDescent,2,6.049,3.0245,6.049,3.0245,0.0007201493967721972,0.9787419612683677,0.0,0.0
70,Device,BiasAddGrad,gradient_tape/sequential/dense_1/BiasAdd/BiasAddGrad,2,6.048,3.024,6.048,3.024,0.0007200303441359314,0.9794619916125036,0.0,0.0
71,Device,ResourceApplyGradientDescent,SGD/SGD/update_7/ResourceApplyGradientDescent,2,6.016,3.008,6.016,3.008,0.0007162206597754238,0.980178212272279,0.0,0.0
72,Device,Cast,sequential/dropout_1/dropout/Cast,2,5.984,2.992,5.984,2.992,0.0007124109754149163,0.9808906232476939,0.0,0.0
73,Device,Cast,sequential/dropout_1/dropout/ArithmeticOptimizer/ReorderCastLikeAndValuePreserving_float_Cast,2,5.952,2.976,5.952,2.976,0.0007086012910544087,0.9815992245387484,0.0,0.0
74,Device,Mul,gradient_tape/sequential/dropout_1/dropout/Mul,2,5.856,2.928,5.856,2.928,0.0006971722379728859,0.9822963967767212,0.0,0.0
75,Device,ResourceApplyGradientDescent,SGD/SGD/update_11/ResourceApplyGradientDescent,2,5.824,2.912,5.824,2.912,0.0006933625536123784,0.9829897593303336,0.0,0.0
76,Device,Mul,gradient_tape/sequential/dropout_2/dropout/Mul,2,5.76,2.88,5.76,2.88,0.0006857431848913632,0.983675502515225,0.0,0.0
77,Device,AssignAddVariableOp,SGD/SGD/AssignAddVariableOp,2,5.696,2.848,5.696,2.848,0.0006781238161703481,0.9843536263313953,0.0,0.0
78,Device,Cast,Cast,2,5.632,2.816,5.632,2.816,0.000670504447449333,0.9850241307788447,0.0,0.0
79,Device,Tile,gradient_tape/categorical_crossentropy/weighted_loss/Tile_1,2,5.568,2.784,5.568,2.784,0.0006628850787283177,0.985687015857573,0.0,0.0
80,Device,AssignAddVariableOp,AssignAddVariableOp_4,2,5.536,2.768,5.536,2.768,0.0006590753943678102,0.9863460912519408,0.0,0.0
81,Device,AssignAddVariableOp,AssignAddVariableOp_2,2,5.408,2.704,5.408,2.704,0.00064383665692578,0.9869899279088666,0.0,0.0
82,Device,BiasAdd,sequential/dense_1/BiasAdd,2,5.408,2.704,5.408,2.704,0.00064383665692578,0.9876337645657924,0.0,0.0
83,Device,DivNoNan,categorical_crossentropy/weighted_loss/value,2,5.376,2.688,5.376,2.688,0.0006400269725652724,0.9882737915383577,0.0,0.0
84,Device,Mul,gradient_tape/categorical_crossentropy/softmax_cross_entropy_with_logits/mul,2,5.376,2.688,5.376,2.688,0.0006400269725652724,0.988913818510923,0.0,0.0
85,Device,ReluGrad,gradient_tape/sequential/activation_4/ReluGrad,2,5.376,2.688,5.376,2.688,0.0006400269725652724,0.9895538454834882,0.0,0.0
86,Device,Equal,Equal,2,5.344,2.672,5.344,2.672,0.0006362172882047649,0.990190062771693,0.0,0.0
87,Device,DivNoNan,gradient_tape/categorical_crossentropy/weighted_loss/value/div_no_nan,2,5.312,2.656,5.312,2.656,0.0006324076038442572,0.9908224703755373,0.0,0.0
88,Device,Sum,categorical_crossentropy/weighted_loss/Sum,2,5.28,2.64,5.28,2.64,0.0006285979194837496,0.991451068295021,0.0,0.0
89,Device,Mul,Mul,2,5.248,2.624,5.248,2.624,0.0006247882351232421,0.9920758565301443,0.0,0.0
90,Device,AssignAddVariableOp,AssignAddVariableOp,2,5.216,2.608,5.216,2.608,0.0006209785507627345,0.992696835080907,0.0,0.0
91,Device,AssignAddVariableOp,AssignAddVariableOp_3,2,5.184,2.592,5.184,2.592,0.000617168866402227,0.9933140039473092,0.0,0.0
92,Device,AssignAddVariableOp,AssignAddVariableOp_1,2,5.152,2.576,5.152,2.576,0.0006133591820417193,0.9939273631293509,0.0,0.0
93,Device,Relu,sequential/activation_4/Relu,2,5.152,2.576,5.152,2.576,0.0006133591820417193,0.9945407223113927,0.0,0.0
94,Device,Sum,Sum_2,2,5.024,2.512,5.024,2.512,0.000598120444599689,0.9951388427559924,0.0,0.0
95,Device,Cast,categorical_crossentropy/weighted_loss/num_elements/Cast,2,4.992,2.496,4.992,2.496,0.0005943107602391814,0.9957331535162316,0.0,0.0
96,Device,DivNoNan,div_no_nan_1,2,4.96,2.48,4.96,2.48,0.0005905010758786739,0.9963236545921103,0.0,0.0
97,Device,Cast,sequential/dropout_2/dropout/Cast,2,4.928,2.464,4.928,2.464,0.0005866913915181663,0.9969103459836284,0.0,0.0
98,Device,DivNoNan,div_no_nan,2,4.896,2.448,4.896,2.448,0.0005828817071576588,0.9974932276907861,0.0,0.0
99,Device,Cast,Cast_1,2,4.832,2.416,4.832,2.416,0.0005752623384366436,0.9980684900292227,0.0,0.0
100,Device,Cast,Cast_2,2,4.672,2.336,4.672,2.336,0.0005562139166341057,0.9986247039458568,0.0,0.0
101,Device,_Recv,strided_slice/_12,2,2.784,1.392,2.784,1.392,0.00033144253936415885,0.9989561464852209,0.0,0.0
102,Device,LogicalAnd,LogicalAnd,1,2.656,2.656,2.656,2.656,0.0003162038019221286,0.999272350287143,0.0,0.0
103,Device,_Recv,categorical_crossentropy/weighted_loss/num_elements/_14,2,2.112,1.056,2.112,1.056,0.00025143916779349985,0.9995237894549365,0.0,0.0
104,Device,_Recv,Size/_16,2,1.696,0.848,1.696,0.848,0.00020191327110690138,0.9997257027260433,0.0,0.0
105,Device,_Send,IteratorGetNext/_3,1,1.344,1.344,1.344,1.344,0.0001600067431413181,0.9998857094691846,0.0,0.0
106,Device,_Recv,IteratorGetNext/_4,1,0.96,0.96,0.96,0.96,0.0001142905308152272,0.9999999999999999,0.0,0.0
107,Host,IDLE,IDLE,0,33602.406,0.0,33602.406,0.0,0.0,0.0,0.9606492220113234,0.9606492220113234
108,Host,_Send,IteratorGetNext/_1,2,443.768,221.884,443.768,221.884,0.0,0.0,0.01268675177466521,0.9733359737859886
109,Host,_Send,IteratorGetNext/_3,2,315.27,157.635,315.27,157.635,0.0,0.0,0.009013160552357765,0.9823491343383464
110,Host,GatherV2,GatherV2,2,283.11,141.555,283.11,141.555,0.0,0.0,0.008093747847806665,0.9904428821861531
111,Host,_Send,IteratorGetNext/_6,2,51.843,25.9215,51.843,25.9215,0.0,0.0,0.0014821241555361552,0.9919250063416892
112,Host,FlushSummaryWriter,FlushSummaryWriter,1,41.36,41.36,41.36,41.36,0.0,0.0,0.0011824287767485558,0.9931074351184378
113,Host,Dataset,Iterator::Root::ParallelMapV2::Zip[1]::ForeverRepeat,2,41.064,20.532,37.931,18.9655,0.0,0.0,0.0010843981124480046,0.9941918332308858
114,Host,LogicalAnd,LogicalAnd,1,33.032,33.032,33.032,33.032,0.0,0.0,0.00094434205400286,0.9951361752848886
115,Host,Dataset,Iterator::Root::ParallelMapV2::Zip[0]::FlatMap[1]::Concatenate,2,46.013,23.0065,26.424,13.212,0.0,0.0,0.0007554279012766885,0.9958916031861653
116,Host,Dataset,Iterator::Root::ParallelMapV2,2,25.362,12.681,25.362,12.681,0.0,0.0,0.0007250666981599823,0.9966166698843253
117,Host,Dataset,Iterator::Root,2,47.756,23.878,22.394,11.197,0.0,0.0,0.0006402154261728036,0.997256885310498
118,Host,WriteSummary,WriteSummary,1,20.247,20.247,20.247,20.247,0.0,0.0,0.0005788354797588977,0.997835720790257
119,Host,Dataset,Iterator::Root::ParallelMapV2::Zip[0]::FlatMap[1]::Concatenate[0]::TensorSlice,2,19.589,9.7945,19.589,9.7945,0.0,0.0,0.0005600241128560797,0.998395744903113
120,Host,GatherV2,GatherV2_1,2,18.077,9.0385,18.077,9.0385,0.0,0.0,0.0005167979931644982,0.9989125428962775
121,Host,IteratorGetNext,IteratorGetNext,2,13.358,6.679,13.358,6.679,0.0,0.0,0.00038188790134930387,0.9992944307976268
122,Host,Dataset,Iterator::Root::ParallelMapV2::Zip,2,99.508,49.754,9.533,4.7665,0.0,0.0,0.0002725361104628622,0.9995669669080897
123,Host,ReadVariableOp,ReadVariableOp,1,7.016,7.016,7.016,7.016,0.0,0.0,0.0002005783437540587,0.9997675452518437
124,Host,Dataset,Iterator::Root::ParallelMapV2::Zip[1]::ForeverRepeat::FromTensor,4,3.133,0.78325,3.133,0.78325,0.0,0.0,8.95684080646331e-05,0.9998571136599084
125,Host,Dataset,Iterator::Root::ParallelMapV2::Zip[0]::FlatMap,2,48.911,24.4555,2.898,1.449,0.0,0.0,8.285006274219814e-05,0.9999399637226506
126,Host,Identity,Identity,2,2.1,1.05,2.1,1.05,0.0,0.0,6.0036277349418936e-05,1.0
