Rank,Host/device,Type,Operation,#Occurrences,Total time (us),Avg. time (us),Total self-time (us),Avg. self-time (us),Total self-time on Device (%),Cumulative total-self time on Device (%),Total self-time on Host (%),Cumulative total-self time on Host (%)
1,Device,IDLE,IDLE,0,4964.495,0.0,4964.495,0.0,0.826082261202998,0.826082261202998,0.0,0.0
2,Device,Conv2DBackpropFilter,gradient_tape/sequential/conv2d/Conv2D/Conv2DBackpropFilter,4,121.44,30.36,121.44,30.36,0.020207378555219025,0.846289639758217,0.0,0.0
3,Device,_FusedConv2D,sequential/conv2d/Relu,2,105.216,52.608,105.216,52.608,0.01750773667709095,0.863797376435308,0.0,0.0
4,Device,SoftmaxCrossEntropyWithLogits,categorical_crossentropy/softmax_cross_entropy_with_logits,2,94.752,47.376,94.752,47.376,0.015766547536759823,0.8795639239720678,0.0,0.0
5,Device,_Send,IteratorGetNext/_1,2,69.249,34.6245,69.249,34.6245,0.011522898201336975,0.8910868221734048,0.0,0.0
6,Device,Conv2DBackpropInput,gradient_tape/sequential/conv2d_1/Conv2D/Conv2DBackpropInput,2,62.977,31.4885,62.977,31.4885,0.01047924966462474,0.9015660718380296,0.0,0.0
7,Device,_FusedConv2D,sequential/conv2d_1/Relu,4,56.192,14.048,56.192,14.048,0.009350238930952466,0.910916310768982,0.0,0.0
8,Device,Conv2DBackpropFilter,gradient_tape/sequential/conv2d_1/Conv2D/Conv2DBackpropFilter,2,37.473,18.7365,37.473,18.7365,0.006235433931157135,0.9171517447001392,0.0,0.0
9,Device,MatMul,sequential/dense/MatMul,2,19.585,9.7925,19.585,9.7925,0.003258905706554386,0.9204106504066936,0.0,0.0
10,Device,Softmax,sequential/dense_2/Softmax,2,17.984,8.992,17.984,8.992,0.002992502436899366,0.923403152843593,0.0,0.0
11,Device,Transpose,gradient_tape/sequential/conv2d/Conv2D/Conv2DBackpropFilter-0-TransposeNHWCToNCHW-LayoutOptimizer,2,17.024,8.512,17.024,8.512,0.0028327603139332073,0.9262359131575262,0.0,0.0
12,Device,MatMul,sequential/dense_1/MatMul,2,14.944,7.472,14.944,7.472,0.0024866523808398646,0.9287225655383661,0.0,0.0
13,Device,MatMul,gradient_tape/sequential/dense_1/MatMul/MatMul_1,2,13.888,6.944,13.888,6.944,0.0023109360455770903,0.9310335015839432,0.0,0.0
14,Device,MatMul,sequential/dense_2/MatMul,2,13.312,6.656,13.312,6.656,0.002215090771797395,0.9332485923557405,0.0,0.0
15,Device,MatMul,gradient_tape/sequential/dense_1/MatMul/MatMul,2,13.216,6.608,13.216,6.608,0.002199116559500779,0.9354477089152413,0.0,0.0
16,Device,MatMul,gradient_tape/sequential/dense/MatMul/MatMul,2,12.321,6.1605,12.321,6.1605,0.0020501903094437878,0.9374978992246851,0.0,0.0
17,Device,MaxPoolGrad,gradient_tape/sequential/max_pooling2d_1/MaxPool/MaxPoolGrad,2,11.808,5.904,11.808,5.904,0.001964828112483747,0.9394627273371688,0.0,0.0
18,Device,MatMul,gradient_tape/sequential/dense_2/MatMul/MatMul_1,2,11.776,5.888,11.776,5.888,0.001959503375051542,0.9414222307122204,0.0,0.0
19,Device,MaxPoolGrad,gradient_tape/sequential/max_pooling2d/MaxPool/MaxPoolGrad,2,11.52,5.76,11.52,5.76,0.0019169054755938995,0.9433391361878143,0.0,0.0
20,Device,MatMul,gradient_tape/sequential/dense/MatMul/MatMul_1,2,10.848,5.424,10.848,5.424,0.001805085989517589,0.9451442221773318,0.0,0.0
21,Device,BiasAddGrad,gradient_tape/sequential/conv2d_1/BiasAdd/BiasAddGrad,2,10.656,5.328,10.656,5.328,0.0017731375649243572,0.9469173597422562,0.0,0.0
22,Device,BiasAddGrad,gradient_tape/sequential/conv2d/BiasAdd/BiasAddGrad,2,10.08,5.04,10.08,5.04,0.0016772922911446621,0.9485946520334009,0.0,0.0
23,Device,MatMul,gradient_tape/sequential/dense_2/MatMul/MatMul,2,9.888,4.944,9.888,4.944,0.0016453438665514305,0.9502399958999523,0.0,0.0
24,Device,MaxPool,sequential/max_pooling2d/MaxPool,2,9.792,4.896,9.792,4.896,0.0016293696542548147,0.9518693655542072,0.0,0.0
25,Device,ReluGrad,gradient_tape/sequential/conv2d/ReluGrad,2,8.96,4.48,8.96,4.48,0.0014909264810174776,0.9533602920352247,0.0,0.0
26,Device,BiasAddGrad,gradient_tape/sequential/dense_2/BiasAdd/BiasAddGrad,2,8.928,4.464,8.928,4.464,0.0014856017435852724,0.9548458937788099,0.0,0.0
27,Device,MaxPool,sequential/max_pooling2d_1/MaxPool,2,7.392,3.696,7.392,3.696,0.001230014346839419,0.9560759081256494,0.0,0.0
28,Device,ArgMax,ArgMax,2,7.008,3.504,7.008,3.504,0.0011661174976529557,0.9572420256233023,0.0,0.0
29,Device,Transpose,sequential/max_pooling2d_1/MaxPool-0-2-TransposeNCHWToNHWC-LayoutOptimizer,2,6.976,3.488,6.976,3.488,0.0011607927602207504,0.958402818383523,0.0,0.0
30,Device,ArgMax,ArgMax_1,2,6.944,3.472,6.944,3.472,0.0011554680227885451,0.9595582864063116,0.0,0.0
31,Device,ResourceApplyGradientDescent,SGD/SGD/update_4/ResourceApplyGradientDescent,2,6.752,3.376,6.752,3.376,0.0011235195981953133,0.9606818060045069,0.0,0.0
32,Device,Transpose,gradient_tape/sequential/max_pooling2d_1/MaxPool/MaxPoolGrad-2-TransposeNHWCToNCHW-LayoutOptimizer,2,6.752,3.376,6.752,3.376,0.0011235195981953133,0.9618053256027023,0.0,0.0
33,Device,ReluGrad,gradient_tape/sequential/conv2d_1/ReluGrad,2,6.624,3.312,6.624,3.312,0.0011022206484664922,0.9629075462511688,0.0,0.0
34,Device,BiasAddGrad,gradient_tape/sequential/dense_1/BiasAdd/BiasAddGrad,2,6.624,3.312,6.624,3.312,0.0011022206484664922,0.9640097668996354,0.0,0.0
35,Device,ResourceApplyGradientDescent,SGD/SGD/update/ResourceApplyGradientDescent,2,6.592,3.296,6.592,3.296,0.001096895911034287,0.9651066628106696,0.0,0.0
36,Device,ResourceApplyGradientDescent,SGD/SGD/update_6/ResourceApplyGradientDescent,2,6.592,3.296,6.592,3.296,0.001096895911034287,0.9662035587217038,0.0,0.0
37,Device,ResourceApplyGradientDescent,SGD/SGD/update_1/ResourceApplyGradientDescent,2,6.24,3.12,6.24,3.12,0.001038323799280029,0.9672418825209839,0.0,0.0
38,Device,BiasAddGrad,gradient_tape/sequential/dense/BiasAdd/BiasAddGrad,2,6.24,3.12,6.24,3.12,0.001038323799280029,0.9682802063202639,0.0,0.0
39,Device,BiasAdd,sequential/dense/BiasAdd,2,6.144,3.072,6.144,3.072,0.0010223495869834131,0.9693025559072473,0.0,0.0
40,Device,ResourceApplyGradientDescent,SGD/SGD/update_2/ResourceApplyGradientDescent,2,6.08,3.04,6.08,3.04,0.0010117001121190026,0.9703142560193664,0.0,0.0
41,Device,ResourceApplyGradientDescent,SGD/SGD/update_9/ResourceApplyGradientDescent,2,6.048,3.024,6.048,3.024,0.0010063753746867973,0.9713206313940532,0.0,0.0
42,Device,Equal,Equal,2,5.92,2.96,5.92,2.96,0.0009850764249579762,0.9723057078190112,0.0,0.0
43,Device,Cast,Cast,2,5.664,2.832,5.664,2.832,0.000942478525500334,0.9732481863445115,0.0,0.0
44,Device,AssignAddVariableOp,SGD/SGD/AssignAddVariableOp,2,5.664,2.832,5.664,2.832,0.000942478525500334,0.9741906648700118,0.0,0.0
45,Device,AssignAddVariableOp,AssignAddVariableOp_4,2,5.632,2.816,5.632,2.816,0.0009371537880681287,0.97512781865808,0.0,0.0
46,Device,BiasAdd,sequential/dense_1/BiasAdd,2,5.632,2.816,5.632,2.816,0.0009371537880681287,0.9760649724461481,0.0,0.0
47,Device,BiasAdd,sequential/dense_2/BiasAdd,2,5.6,2.8,5.6,2.8,0.0009318290506359234,0.976996801496784,0.0,0.0
48,Device,Mul,Mul,2,5.536,2.768,5.536,2.768,0.0009211795757715129,0.9779179810725556,0.0,0.0
49,Device,Tile,gradient_tape/categorical_crossentropy/weighted_loss/Tile_1,2,5.536,2.768,5.536,2.768,0.0009211795757715129,0.9788391606483271,0.0,0.0
50,Device,ResourceApplyGradientDescent,SGD/SGD/update_8/ResourceApplyGradientDescent,2,5.472,2.736,5.472,2.736,0.0009105301009071024,0.9797496907492342,0.0,0.0
51,Device,Cast,categorical_crossentropy/weighted_loss/num_elements/Cast,2,5.44,2.72,5.44,2.72,0.0009052053634748972,0.9806548961127092,0.0,0.0
52,Device,AssignAddVariableOp,AssignAddVariableOp_2,2,5.408,2.704,5.408,2.704,0.0008998806260426919,0.9815547767387519,0.0,0.0
53,Device,AssignAddVariableOp,AssignAddVariableOp_1,2,5.376,2.688,5.376,2.688,0.0008945558886104865,0.9824493326273624,0.0,0.0
54,Device,Mul,gradient_tape/categorical_crossentropy/softmax_cross_entropy_with_logits/mul,2,5.344,2.672,5.344,2.672,0.0008892311511782812,0.9833385637785407,0.0,0.0
55,Device,DivNoNan,gradient_tape/categorical_crossentropy/weighted_loss/value/div_no_nan,2,5.344,2.672,5.344,2.672,0.0008892311511782812,0.9842277949297189,0.0,0.0
56,Device,Relu,sequential/dense/Relu,2,5.344,2.672,5.344,2.672,0.0008892311511782812,0.9851170260808971,0.0,0.0
57,Device,AssignAddVariableOp,AssignAddVariableOp,2,5.312,2.656,5.312,2.656,0.000883906413746076,0.9860009324946432,0.0,0.0
58,Device,ResourceApplyGradientDescent,SGD/SGD/update_5/ResourceApplyGradientDescent,2,5.312,2.656,5.312,2.656,0.000883906413746076,0.9868848389083892,0.0,0.0
59,Device,ReluGrad,gradient_tape/sequential/dense_1/ReluGrad,2,5.312,2.656,5.312,2.656,0.000883906413746076,0.9877687453221352,0.0,0.0
60,Device,ResourceApplyGradientDescent,SGD/SGD/update_7/ResourceApplyGradientDescent,2,5.248,2.624,5.248,2.624,0.0008732569388816654,0.9886420022610168,0.0,0.0
61,Device,ResourceApplyGradientDescent,SGD/SGD/update_3/ResourceApplyGradientDescent,2,5.216,2.608,5.216,2.608,0.0008679322014494602,0.9895099344624663,0.0,0.0
62,Device,AssignAddVariableOp,AssignAddVariableOp_3,2,5.152,2.576,5.152,2.576,0.0008572827265850496,0.9903672171890513,0.0,0.0
63,Device,DivNoNan,categorical_crossentropy/weighted_loss/value,2,5.152,2.576,5.152,2.576,0.0008572827265850496,0.9912244999156363,0.0,0.0
64,Device,ReluGrad,gradient_tape/sequential/dense/ReluGrad,2,5.152,2.576,5.152,2.576,0.0008572827265850496,0.9920817826422214,0.0,0.0
65,Device,Cast,Cast_1,2,5.12,2.56,5.12,2.56,0.0008519579891528444,0.9929337406313742,0.0,0.0
66,Device,Sum,categorical_crossentropy/weighted_loss/Sum,2,5.12,2.56,5.12,2.56,0.0008519579891528444,0.993785698620527,0.0,0.0
67,Device,DivNoNan,div_no_nan,2,5.12,2.56,5.12,2.56,0.0008519579891528444,0.9946376566096798,0.0,0.0
68,Device,Sum,Sum_2,2,5.024,2.512,5.024,2.512,0.0008359837768562284,0.9954736403865361,0.0,0.0
69,Device,DivNoNan,div_no_nan_1,2,4.961,2.4805,4.961,2.4805,0.0008255007000365743,0.9962991410865727,0.0,0.0
70,Device,Cast,Cast_2,2,4.833,2.4165,4.833,2.4165,0.0008042017503077533,0.9971033428368804,0.0,0.0
71,Device,Relu,sequential/dense_1/Relu,2,4.736,2.368,4.736,2.368,0.000788061139966381,0.9978914039768468,0.0,0.0
72,Device,_Recv,strided_slice/_12,2,4.32,2.16,4.32,2.16,0.0007188395533477125,0.9986102435301946,0.0,0.0
73,Device,LogicalAnd,LogicalAnd,1,2.56,2.56,2.56,2.56,0.0004259789945764222,0.999036222524771,0.0,0.0
74,Device,_Send,IteratorGetNext/_3,2,2.336,1.168,2.336,1.168,0.00038870583255098517,0.999424928357322,0.0,0.0
75,Device,_Recv,Size/_16,2,1.728,0.864,1.728,0.864,0.00028753582133908496,0.9997124641786611,0.0,0.0
76,Device,_Recv,categorical_crossentropy/weighted_loss/num_elements/_14,2,1.728,0.864,1.728,0.864,0.00028753582133908496,1.0000000000000002,0.0,0.0
77,Host,IDLE,IDLE,0,32561.986,0.0,32561.986,0.0,0.0,0.0,0.9558654015765122,0.9558654015765122
78,Host,_Send,IteratorGetNext/_3,2,441.441,220.7205,441.441,220.7205,0.0,0.0,0.012958613112152836,0.9688240146886651
79,Host,_Send,IteratorGetNext/_1,2,388.756,194.378,388.756,194.378,0.0,0.0,0.011412031503707377,0.9802360461923725
80,Host,GatherV2,GatherV2,2,259.123,129.5615,259.123,129.5615,0.0,0.0,0.007606621735317697,0.9878426679276902
81,Host,_Send,IteratorGetNext/_6,2,90.995,45.4975,90.995,45.4975,0.0,0.0,0.0026711814266013973,0.9905138493542915
82,Host,Dataset,Iterator::Root::ParallelMapV2::Zip[1]::ForeverRepeat,2,50.669,25.3345,46.422,23.211,0.0,0.0,0.001362729646526623,0.9918765790008182
83,Host,Dataset,Iterator::Root::ParallelMapV2::Zip[0]::FlatMap[1]::Concatenate,2,56.904,28.452,34.409,17.2045,0.0,0.0,0.0010100849684919774,0.9928866639693101
84,Host,LogicalAnd,LogicalAnd,1,33.597,33.597,33.597,33.597,0.0,0.0,0.0009862485014509276,0.993872912470761
85,Host,FlushSummaryWriter,FlushSummaryWriter,1,31.952,31.952,31.952,31.952,0.0,0.0,0.0009379591070143178,0.9948108715777754
86,Host,Dataset,Iterator::Root::ParallelMapV2,2,27.022,13.511,27.022,13.511,0.0,0.0,0.000793237699979372,0.9956041092777548
87,Host,Dataset,Iterator::Root,2,50.854,25.427,23.832,11.916,0.0,0.0,0.000699594436603819,0.9963037037143586
88,Host,_HostSend,categorical_crossentropy/softmax_cross_entropy_with_logits/Shape_2/_9,2,22.918,11.459,22.918,11.459,0.0,0.0,0.0006727637335551494,0.9969764674479138
89,Host,Dataset,Iterator::Root::ParallelMapV2::Zip[0]::FlatMap[1]::Concatenate[0]::TensorSlice,2,22.495,11.2475,22.495,11.2475,0.0,0.0,0.0006603464607000212,0.9976368139086138
90,Host,GatherV2,GatherV2_1,2,21.61,10.805,21.61,10.805,0.0,0.0,0.000634367060045675,0.9982711809686595
91,Host,WriteSummary,WriteSummary,1,20.45,20.45,20.45,20.45,0.0,0.0,0.0006003149642727465,0.9988714959329322
92,Host,IteratorGetNext,IteratorGetNext,2,11.249,5.6245,11.249,5.6245,0.0,0.0,0.00033021726323247564,0.9992017131961647
93,Host,Dataset,Iterator::Root::ParallelMapV2::Zip,2,121.929,60.9645,9.79,4.895,0.0,0.0,0.00028738794622152513,0.9994891011423862
94,Host,ReadVariableOp,ReadVariableOp,1,6.369,6.369,6.369,6.369,0.0,0.0,0.00018696361894636297,0.9996760647613325
95,Host,Dataset,Iterator::Root::ParallelMapV2::Zip[0]::FlatMap,2,61.47,30.735,4.566,2.283,0.0,0.0,0.00013403609422344063,0.999810100855556
96,Host,Dataset,Iterator::Root::ParallelMapV2::Zip[1]::ForeverRepeat::FromTensor,4,4.247,1.06175,4.247,1.06175,0.0,0.0,0.0001246717678858853,0.9999347726234419
97,Host,Identity,Identity,2,2.222,1.111,2.222,1.111,0.0,0.0,6.522737655814391e-05,1.0
