Rank,Host/device,Type,Operation,#Occurrences,Total time (us),Avg. time (us),Total self-time (us),Avg. self-time (us),Total self-time on Device (%),Cumulative total-self time on Device (%),Total self-time on Host (%),Cumulative total-self time on Host (%)
1,Device,IDLE,IDLE,0,4074.855,0.0,4074.855,0.0,0.057876795929396437,0.057876795929396437,0.0,0.0
2,Device,Conv2DBackpropFilter,gradient_tape/sequential/conv2d_1/Conv2D/Conv2DBackpropFilter,4,3501.191,875.29775,3501.191,875.29775,0.04972881661233085,0.10760561254172729,0.0,0.0
3,Device,Conv2DBackpropFilter,gradient_tape/sequential/conv2d_3/Conv2D/Conv2DBackpropFilter,2,2113.572,1056.786,2113.572,1056.786,0.030019908763891302,0.1376255213056186,0.0,0.0
4,Device,Conv2DBackpropInput,gradient_tape/sequential/conv2d_1/Conv2D/Conv2DBackpropInput,2,1844.996,922.498,1844.996,922.498,0.026205216377650914,0.1638307376832695,0.0,0.0
5,Device,_FusedConv2D,sequential/conv2d_1/Relu,2,1778.852,889.426,1778.852,889.426,0.025265746681194474,0.18909648436446397,0.0,0.0
6,Device,Conv2DBackpropFilter,gradient_tape/sequential/conv2d_9/Conv2D/Conv2DBackpropFilter,2,1664.611,832.3055,1664.611,832.3055,0.02364313604995234,0.2127396204144163,0.0,0.0
7,Device,Conv2DBackpropFilter,gradient_tape/sequential/conv2d_11/Conv2D/Conv2DBackpropFilter,2,1656.771,828.3855,1656.771,828.3855,0.023531781393139647,0.23627140180755596,0.0,0.0
8,Device,Conv2DBackpropFilter,gradient_tape/sequential/conv2d_10/Conv2D/Conv2DBackpropFilter,2,1646.564,823.282,1646.564,823.282,0.0233868072882816,0.25965820909583753,0.0,0.0
9,Device,Conv2DBackpropInput,gradient_tape/sequential/conv2d_3/Conv2D/Conv2DBackpropInput,4,1560.644,390.161,1560.644,390.161,0.022166451151375194,0.28182466024721275,0.0,0.0
10,Device,Conv2DBackpropFilter,gradient_tape/sequential/conv2d_2/Conv2D/Conv2DBackpropFilter,4,1327.331,331.83275,1327.331,331.83275,0.01885261326299014,0.3006772735102029,0.0,0.0
11,Device,_FusedConv2D,sequential/conv2d_11/Relu,4,1262.915,315.72875,1262.915,315.72875,0.017937687041912828,0.31861496055211574,0.0,0.0
12,Device,_FusedConv2D,sequential/conv2d_9/Relu,4,1262.563,315.64075,1262.563,315.64075,0.017932687445076343,0.3365476479971921,0.0,0.0
13,Device,_FusedConv2D,sequential/conv2d_10/Relu,4,1261.57,315.3925,1261.57,315.3925,0.017918583468773407,0.3544662314659655,0.0,0.0
14,Device,_FusedConv2D,sequential/conv2d_3/Relu,4,1245.122,311.2805,1245.122,311.2805,0.01768496594386842,0.37215119740983393,0.0,0.0
15,Device,Conv2DBackpropFilter,gradient_tape/sequential/conv2d_6/Conv2D/Conv2DBackpropFilter,2,1216.162,608.081,1216.162,608.081,0.017273635476866448,0.3894248328867004,0.0,0.0
16,Device,Conv2DBackpropFilter,gradient_tape/sequential/conv2d_5/Conv2D/Conv2DBackpropFilter,2,1215.81,607.905,1215.81,607.905,0.01726863588002996,0.40669346876673035,0.0,0.0
17,Device,Conv2DBackpropInput,gradient_tape/sequential/conv2d_10/Conv2D/Conv2DBackpropInput,4,1213.506,303.3765,1213.506,303.3765,0.01723591124619113,0.42392938001292146,0.0,0.0
18,Device,Conv2DBackpropInput,gradient_tape/sequential/conv2d_9/Conv2D/Conv2DBackpropInput,4,1213.027,303.25675,1213.027,303.25675,0.017229107817541476,0.44115848783046296,0.0,0.0
19,Device,Conv2DBackpropInput,gradient_tape/sequential/conv2d_6/Conv2D/Conv2DBackpropInput,2,1211.97,605.985,1211.97,605.985,0.01721409482363191,0.45837258265409486,0.0,0.0
20,Device,Conv2DBackpropInput,gradient_tape/sequential/conv2d_5/Conv2D/Conv2DBackpropInput,2,1210.788,605.394,1210.788,605.394,0.017197306404709383,0.47556988905880426,0.0,0.0
21,Device,Conv2DBackpropInput,gradient_tape/sequential/conv2d_7/Conv2D/Conv2DBackpropInput,2,1209.57,604.785,1209.57,604.785,0.017180006663383124,0.4927498957221874,0.0,0.0
22,Device,Conv2DBackpropFilter,gradient_tape/sequential/conv2d_7/Conv2D/Conv2DBackpropFilter,2,1209.123,604.5615,1209.123,604.5615,0.01717365774353679,0.5099235534657242,0.0,0.0
23,Device,Conv2DBackpropInput,gradient_tape/sequential/conv2d_11/Conv2D/Conv2DBackpropInput,4,1206.21,301.5525,1206.21,301.5525,0.017132283239034832,0.527055836704759,0.0,0.0
24,Device,_FusedConv2D,sequential/conv2d_6/Relu,4,1064.162,266.0405,1064.162,266.0405,0.01511471866111024,0.5421705553658692,0.0,0.0
25,Device,_FusedConv2D,sequential/conv2d_7/Relu,4,1061.794,265.4485,1061.794,265.4485,0.015081085009664777,0.557251640375534,0.0,0.0
26,Device,_FusedConv2D,sequential/conv2d_5/Relu,4,1060.546,265.1365,1060.546,265.1365,0.015063359166335409,0.5723149995418694,0.0,0.0
27,Device,Conv2DBackpropFilter,gradient_tape/sequential/conv2d_12/Conv2D/Conv2DBackpropFilter,4,963.394,240.8485,963.394,240.8485,0.013683470439464706,0.5859984699813341,0.0,0.0
28,Device,Conv2DBackpropFilter,gradient_tape/sequential/conv2d_14/Conv2D/Conv2DBackpropFilter,4,941.922,235.4805,941.922,235.4805,0.013378495032438934,0.599376965013773,0.0,0.0
29,Device,Conv2DBackpropFilter,gradient_tape/sequential/conv2d_13/Conv2D/Conv2DBackpropFilter,4,940.642,235.1605,940.642,235.1605,0.01336031468030625,0.6127372796940793,0.0,0.0
30,Device,Conv2DBackpropFilter,gradient_tape/sequential/conv2d_15/Conv2D/Conv2DBackpropFilter,4,940.034,235.0085,940.034,235.0085,0.013351679013043224,0.6260889587071226,0.0,0.0
31,Device,_Recv,IteratorGetNext/_2,2,883.33,441.665,883.33,441.665,0.01254628941356533,0.6386352481206878,0.0,0.0
32,Device,Conv2DBackpropInput,gradient_tape/sequential/conv2d_2/Conv2D/Conv2DBackpropInput,2,875.97,437.985,875.97,437.985,0.012441752388802399,0.6510770005094902,0.0,0.0
33,Device,ReluGrad,gradient_tape/sequential/conv2d_1/ReluGrad,2,863.266,431.633,863.266,431.633,0.012261312393885511,0.6633383129033757,0.0,0.0
34,Device,ReluGrad,gradient_tape/sequential/conv2d/ReluGrad,2,847.362,423.681,847.362,423.681,0.012035421518636914,0.6753737344220127,0.0,0.0
35,Device,ResourceApplyGradientDescent,SGD/SGD/update_34/ResourceApplyGradientDescent,2,845.602,422.801,845.602,422.801,0.012010423534454473,0.6873841579564671,0.0,0.0
36,Device,MaxPoolGrad,gradient_tape/sequential/max_pooling2d_3/MaxPool/MaxPoolGrad,2,798.082,399.041,798.082,399.041,0.011335477961528586,0.6987196359179957,0.0,0.0
37,Device,Conv2DBackpropFilter,gradient_tape/sequential/conv2d/Conv2D/Conv2DBackpropFilter,2,773.313,386.6565,773.313,386.6565,0.010983673944361049,0.7097033098623567,0.0,0.0
38,Device,_FusedConv2D,sequential/conv2d_2/Relu,4,767.97,191.9925,767.97,191.9925,0.0109077851776072,0.7206110950399639,0.0,0.0
39,Device,Conv2DBackpropFilter,gradient_tape/sequential/conv2d_4/Conv2D/Conv2DBackpropFilter,2,746.593,373.2965,746.593,373.2965,0.010604159093591274,0.7312152541335551,0.0,0.0
40,Device,Conv2DBackpropFilter,gradient_tape/sequential/conv2d_8/Conv2D/Conv2DBackpropFilter,2,744.322,372.161,744.322,372.161,0.010571903171955865,0.741787157305511,0.0,0.0
41,Device,Conv2DBackpropInput,gradient_tape/sequential/conv2d_4/Conv2D/Conv2DBackpropInput,2,735.97,367.985,735.97,367.985,0.010453276374290103,0.7522404336798011,0.0,0.0
42,Device,_FusedConv2D,sequential/conv2d_8/Relu,4,733.409,183.35225,733.409,183.35225,0.01041690146662463,0.7626573351464258,0.0,0.0
43,Device,_FusedConv2D,sequential/conv2d_14/Relu,4,703.329,175.83225,703.329,175.83225,0.00998966319150656,0.7726469983379323,0.0,0.0
44,Device,_FusedConv2D,sequential/conv2d_13/Relu,4,703.01,175.7525,703.01,175.7525,0.009985132306873493,0.7826321306448057,0.0,0.0
45,Device,_FusedConv2D,sequential/conv2d_12/Relu,4,700.577,175.14425,700.577,175.14425,0.00995057543442129,0.792582706079227,0.0,0.0
46,Device,_FusedConv2D,sequential/conv2d_15/Relu,4,698.465,174.61625,698.465,174.61625,0.009920577853402363,0.8025032839326294,0.0,0.0
47,Device,MaxPoolGrad,gradient_tape/sequential/max_pooling2d_4/MaxPool/MaxPoolGrad,2,666.018,333.009,666.018,333.009,0.00945972013023893,0.8119630040628683,0.0,0.0
48,Device,Conv2DBackpropInput,gradient_tape/sequential/conv2d_8/Conv2D/Conv2DBackpropInput,4,639.425,159.85625,639.425,159.85625,0.009082009111282319,0.8210450131741506,0.0,0.0
49,Device,MaxPoolGrad,gradient_tape/sequential/max_pooling2d/MaxPool/MaxPoolGrad,2,626.272,313.136,626.272,313.136,0.00889519178971889,0.8299402049638694,0.0,0.0
50,Device,_FusedConv2D,sequential/conv2d_4/Relu,4,592.097,148.02425,592.097,148.02425,0.008409790591176334,0.8383499955550457,0.0,0.0
51,Device,MatMul,gradient_tape/sequential/dense_1/MatMul/MatMul_1,2,570.081,285.0405,570.081,285.0405,0.008097088534494172,0.84644708408954,0.0,0.0
52,Device,Conv2DBackpropInput,gradient_tape/sequential/conv2d_13/Conv2D/Conv2DBackpropInput,4,505.442,126.3605,505.442,126.3605,0.007178994955193741,0.8536260790447336,0.0,0.0
53,Device,Conv2DBackpropInput,gradient_tape/sequential/conv2d_12/Conv2D/Conv2DBackpropInput,4,501.313,125.32825,501.313,125.32825,0.007120349116165732,0.8607464281608994,0.0,0.0
54,Device,Conv2DBackpropInput,gradient_tape/sequential/conv2d_14/Conv2D/Conv2DBackpropInput,4,480.8,120.2,480.8,120.2,0.00682899476983937,0.8675754229307387,0.0,0.0
55,Device,Conv2DBackpropInput,gradient_tape/sequential/conv2d_15/Conv2D/Conv2DBackpropInput,4,475.584,118.896,475.584,118.896,0.006754909834898683,0.8743303327656374,0.0,0.0
56,Device,MaxPoolGrad,gradient_tape/sequential/max_pooling2d_2/MaxPool/MaxPoolGrad,2,459.2,229.6,459.2,229.6,0.00652220132760033,0.8808525340932377,0.0,0.0
57,Device,ReluGrad,gradient_tape/sequential/conv2d_3/ReluGrad,2,429.984,214.992,429.984,214.992,0.006107234790171821,0.8869597688834095,0.0,0.0
58,Device,ReluGrad,gradient_tape/sequential/conv2d_2/ReluGrad,2,413.76,206.88,413.76,206.88,0.005876798826890054,0.8928365677102996,0.0,0.0
59,Device,_FusedConv2D,sequential/conv2d/Relu,2,400.961,200.4805,400.961,200.4805,0.0056950095089633185,0.8985315772192629,0.0,0.0
60,Device,MatMul,gradient_tape/sequential/dense_1/MatMul/MatMul,2,373.473,186.7365,373.473,186.7365,0.005304586446913933,0.9038361636661768,0.0,0.0
61,Device,MatMul,sequential/dense_1/MatMul,2,372.226,186.113,372.226,186.113,0.00528687480698467,0.9091230384731614,0.0,0.0
62,Device,MaxPoolGrad,gradient_tape/sequential/max_pooling2d_1/MaxPool/MaxPoolGrad,2,344.289,172.1445,344.289,172.1445,0.004890074418288741,0.9140131128914502,0.0,0.0
63,Device,MaxPool,sequential/max_pooling2d/MaxPool,2,343.872,171.936,343.872,171.936,0.004884151600445516,0.9188972644918957,0.0,0.0
64,Device,BiasAddGrad,gradient_tape/sequential/conv2d_1/BiasAdd/BiasAddGrad,2,282.209,141.1045,282.209,141.1045,0.004008327339853575,0.9229055918317493,0.0,0.0
65,Device,BiasAddGrad,gradient_tape/sequential/conv2d/BiasAdd/BiasAddGrad,2,279.393,139.6965,279.393,139.6965,0.00396833056516167,0.9268739223969109,0.0,0.0
66,Device,ReluGrad,gradient_tape/sequential/conv2d_4/ReluGrad,2,215.872,107.936,215.872,107.936,0.003066116387177131,0.929940038784088,0.0,0.0
67,Device,ReluGrad,gradient_tape/sequential/conv2d_6/ReluGrad,2,215.456,107.728,215.456,107.728,0.0030602077727340084,0.933000246556822,0.0,0.0
68,Device,ReluGrad,gradient_tape/sequential/conv2d_5/ReluGrad,2,214.464,107.232,214.464,107.232,0.0030461179998311784,0.9360463645566532,0.0,0.0
69,Device,ReluGrad,gradient_tape/sequential/conv2d_7/ReluGrad,2,210.657,105.3285,210.657,105.3285,0.002992045655636548,0.9390384102122898,0.0,0.0
70,Device,MaxPool,sequential/max_pooling2d_1/MaxPool,2,189.793,94.8965,189.793,94.8965,0.0026957059158738013,0.9417341161281636,0.0,0.0
71,Device,BiasAddGrad,gradient_tape/sequential/conv2d_3/BiasAdd/BiasAddGrad,2,170.977,85.4885,170.977,85.4885,0.0024284547395233484,0.944162570867687,0.0,0.0
72,Device,BiasAddGrad,gradient_tape/sequential/conv2d_2/BiasAdd/BiasAddGrad,2,163.681,81.8405,163.681,81.8405,0.0023248267323670506,0.946487397600054,0.0,0.0
73,Device,ResourceApplyGradientDescent,SGD/SGD/update_20/ResourceApplyGradientDescent,2,124.832,62.416,124.832,62.416,0.0017730388417399922,0.9482604364417939,0.0,0.0
74,Device,ResourceApplyGradientDescent,SGD/SGD/update_18/ResourceApplyGradientDescent,2,124.608,62.304,124.608,62.304,0.0017698572801167726,0.9500302937219107,0.0,0.0
75,Device,ResourceApplyGradientDescent,SGD/SGD/update_24/ResourceApplyGradientDescent,2,124.288,62.144,124.288,62.144,0.0017653121920836014,0.9517956059139944,0.0,0.0
76,Device,ResourceApplyGradientDescent,SGD/SGD/update_26/ResourceApplyGradientDescent,2,123.904,61.952,123.904,61.952,0.0017598580864437963,0.9535554640004381,0.0,0.0
77,Device,ResourceApplyGradientDescent,SGD/SGD/update_22/ResourceApplyGradientDescent,2,123.776,61.888,123.776,61.888,0.0017580400512305278,0.9553135040516686,0.0,0.0
78,Device,ResourceApplyGradientDescent,SGD/SGD/update_30/ResourceApplyGradientDescent,2,123.233,61.6165,123.233,61.6165,0.0017503276049742411,0.9570638316566429,0.0,0.0
79,Device,ResourceApplyGradientDescent,SGD/SGD/update_28/ResourceApplyGradientDescent,2,123.168,61.584,123.168,61.584,0.0017494043839675032,0.9588132360406104,0.0,0.0
80,Device,ResourceApplyGradientDescent,SGD/SGD/update_32/ResourceApplyGradientDescent,2,110.4,55.2,110.4,55.2,0.001568055371443982,0.9603812914120544,0.0,0.0
81,Device,ReluGrad,gradient_tape/sequential/conv2d_8/ReluGrad,2,110.016,55.008,110.016,55.008,0.0015626012658041767,0.9619438926778586,0.0,0.0
82,Device,ReluGrad,gradient_tape/sequential/conv2d_10/ReluGrad,2,109.376,54.688,109.376,54.688,0.0015535110897378348,0.9634974037675964,0.0,0.0
83,Device,ReluGrad,gradient_tape/sequential/conv2d_9/ReluGrad,2,108.992,54.496,108.992,54.496,0.0015480569840980295,0.9650454607516944,0.0,0.0
84,Device,SoftmaxCrossEntropyWithLogits,categorical_crossentropy/softmax_cross_entropy_with_logits,2,105.088,52.544,105.088,52.544,0.0014926069100933438,0.9665380676617877,0.0,0.0
85,Device,MaxPool,sequential/max_pooling2d_2/MaxPool,2,99.329,49.6645,99.329,49.6645,0.0014108095288963701,0.9679488771906841,0.0,0.0
86,Device,ReluGrad,gradient_tape/sequential/conv2d_11/ReluGrad,2,99.2,49.6,99.2,49.6,0.0014089772902829982,0.9693578544809671,0.0,0.0
87,Device,BiasAddGrad,gradient_tape/sequential/conv2d_5/BiasAdd/BiasAddGrad,2,97.472,48.736,97.472,48.736,0.0013844338149038749,0.970742288295871,0.0,0.0
88,Device,BiasAddGrad,gradient_tape/sequential/conv2d_7/BiasAdd/BiasAddGrad,2,97.472,48.736,97.472,48.736,0.0013844338149038749,0.9721267221107748,0.0,0.0
89,Device,BiasAddGrad,gradient_tape/sequential/conv2d_6/BiasAdd/BiasAddGrad,2,96.866,48.433,96.866,48.433,0.0013758265544410574,0.9735025486652158,0.0,0.0
90,Device,BiasAddGrad,gradient_tape/sequential/conv2d_4/BiasAdd/BiasAddGrad,2,96.416,48.208,96.416,48.208,0.0013694350243944108,0.9748719836896103,0.0,0.0
91,Device,MatMul,gradient_tape/sequential/dense/MatMul/MatMul,2,88.192,44.096,88.192,44.096,0.001252626261941917,0.9761246099515521,0.0,0.0
92,Device,MatMul,gradient_tape/sequential/dense/MatMul/MatMul_1,2,88.0,44.0,88.0,44.0,0.0012498992091220145,0.9773745091606741,0.0,0.0
93,Device,BiasAddGrad,gradient_tape/sequential/conv2d_8/BiasAdd/BiasAddGrad,2,76.608,38.304,76.608,38.304,0.0010880940751411283,0.9784626032358152,0.0,0.0
94,Device,BiasAddGrad,gradient_tape/sequential/conv2d_10/BiasAdd/BiasAddGrad,2,72.48,36.24,72.48,36.24,0.001029462439513223,0.9794920656753284,0.0,0.0
95,Device,BiasAddGrad,gradient_tape/sequential/conv2d_11/BiasAdd/BiasAddGrad,2,72.161,36.0805,72.161,36.0805,0.0010249315548801555,0.9805169972302086,0.0,0.0
96,Device,BiasAddGrad,gradient_tape/sequential/conv2d_9/BiasAdd/BiasAddGrad,2,71.968,35.984,71.968,35.984,0.0010221902986601494,0.9815391875288687,0.0,0.0
97,Device,ResourceApplyGradientDescent,SGD/SGD/update_16/ResourceApplyGradientDescent,2,66.241,33.1205,66.241,33.1205,0.0009408474262664928,0.9824800349551353,0.0,0.0
98,Device,MatMul,sequential/dense/MatMul,2,64.832,32.416,64.832,32.416,0.0009208348355204367,0.9834008697906557,0.0,0.0
99,Device,ReluGrad,gradient_tape/sequential/dense/ReluGrad,2,56.832,28.416,56.832,28.416,0.0008072076346911628,0.9842080774253468,0.0,0.0
100,Device,ReluGrad,gradient_tape/sequential/dense_1/ReluGrad,2,50.368,25.184,50.368,25.184,0.0007153968564211094,0.9849234742817679,0.0,0.0
101,Device,MaxPool,sequential/max_pooling2d_3/MaxPool,2,47.872,23.936,47.872,23.936,0.0006799451697623759,0.9856034194515302,0.0,0.0
102,Device,Transpose,gradient_tape/sequential/conv2d/Conv2D/Conv2DBackpropFilter-0-TransposeNHWCToNCHW-LayoutOptimizer,2,45.952,22.976,45.952,22.976,0.0006526746415633501,0.9862560940930936,0.0,0.0
103,Device,BiasAddGrad,gradient_tape/sequential/conv2d_13/BiasAdd/BiasAddGrad,2,42.752,21.376,42.752,21.376,0.0006072237612316405,0.9868633178543252,0.0,0.0
104,Device,BiasAddGrad,gradient_tape/sequential/conv2d_12/BiasAdd/BiasAddGrad,2,42.176,21.088,42.176,21.088,0.0005990426027719328,0.9874623604570971,0.0,0.0
105,Device,BiasAddGrad,gradient_tape/sequential/conv2d_14/BiasAdd/BiasAddGrad,2,39.489,19.7445,39.489,19.7445,0.0005608780666934003,0.9880232385237905,0.0,0.0
106,Device,BiasAddGrad,gradient_tape/sequential/conv2d_15/BiasAdd/BiasAddGrad,2,39.456,19.728,39.456,19.728,0.0005604093544899796,0.9885836478782805,0.0,0.0
107,Device,ResourceApplyGradientDescent,SGD/SGD/update_12/ResourceApplyGradientDescent,2,34.528,17.264,34.528,17.264,0.0004904149987791467,0.9890740628770596,0.0,0.0
108,Device,ResourceApplyGradientDescent,SGD/SGD/update_14/ResourceApplyGradientDescent,2,34.336,17.168,34.336,17.168,0.0004876879459592442,0.9895617508230188,0.0,0.0
109,Device,ResourceApplyGradientDescent,SGD/SGD/update_10/ResourceApplyGradientDescent,2,33.888,16.944,33.888,16.944,0.0004813248227128048,0.9900430756457316,0.0,0.0
110,Device,MatMul,sequential/dense_2/MatMul,2,33.504,16.752,33.504,16.752,0.00047587071707299965,0.9905189463628046,0.0,0.0
111,Device,BiasAddGrad,gradient_tape/sequential/dense/BiasAdd/BiasAddGrad,2,30.624,15.312,30.624,15.312,0.00043496492477446103,0.990953911287579,0.0,0.0
112,Device,ReluGrad,gradient_tape/sequential/conv2d_12/ReluGrad,2,30.4,15.2,30.4,15.2,0.0004317833631512413,0.9913856946507302,0.0,0.0
113,Device,ReluGrad,gradient_tape/sequential/conv2d_13/ReluGrad,2,30.176,15.088,30.176,15.088,0.00042860180152802166,0.9918142964522583,0.0,0.0
114,Device,ReluGrad,gradient_tape/sequential/conv2d_14/ReluGrad,2,30.144,15.072,30.144,15.072,0.0004281472927247046,0.9922424437449829,0.0,0.0
115,Device,BiasAddGrad,gradient_tape/sequential/dense_1/BiasAdd/BiasAddGrad,2,29.568,14.784,29.568,14.784,0.0004199661342649969,0.9926624098792479,0.0,0.0
116,Device,MatMul,gradient_tape/sequential/dense_2/MatMul/MatMul,2,26.912,13.456,26.912,13.456,0.00038224190358967787,0.9930446517828376,0.0,0.0
117,Device,MatMul,gradient_tape/sequential/dense_2/MatMul/MatMul_1,2,24.032,12.016,24.032,12.016,0.00034133611129113925,0.9933859878941288,0.0,0.0
118,Device,ResourceApplyGradientDescent,SGD/SGD/update_8/ResourceApplyGradientDescent,2,21.44,10.72,21.44,10.72,0.00030452089822245444,0.9936905087923512,0.0,0.0
119,Device,Softmax,sequential/dense_2/Softmax,2,19.488,9.744,19.488,9.744,0.00027679586122011154,0.9939673046535713,0.0,0.0
120,Device,Relu,sequential/dense/Relu,2,14.88,7.44,14.88,7.44,0.00021134659354244973,0.9941786512471138,0.0,0.0
121,Device,BiasAdd,sequential/dense_1/BiasAdd,2,14.88,7.44,14.88,7.44,0.00021134659354244973,0.9943899978406563,0.0,0.0
122,Device,BiasAdd,sequential/dense/BiasAdd,2,14.496,7.248,14.496,7.248,0.00020589248790264458,0.9945958903285589,0.0,0.0
123,Device,Relu,sequential/dense_1/Relu,2,14.176,7.088,14.176,7.088,0.0002013473998694736,0.9947972377284283,0.0,0.0
124,Device,ResourceApplyGradientDescent,SGD/SGD/update_6/ResourceApplyGradientDescent,2,13.504,6.752,13.504,6.752,0.00019180271499981457,0.9949890404434282,0.0,0.0
125,Device,BiasAddGrad,gradient_tape/sequential/dense_2/BiasAdd/BiasAddGrad,2,12.672,6.336,12.672,6.336,0.0001799854861135701,0.9951690259295417,0.0,0.0
126,Device,MaxPool,sequential/max_pooling2d_4/MaxPool,2,11.648,5.824,11.648,5.824,0.000165441204407423,0.9953344671339491,0.0,0.0
127,Device,ReluGrad,gradient_tape/sequential/conv2d_15/ReluGrad,2,11.424,5.712,11.424,5.712,0.00016225964278420333,0.9954967267767333,0.0,0.0
128,Device,ResourceApplyGradientDescent,SGD/SGD/update_4/ResourceApplyGradientDescent,2,11.296,5.648,11.296,5.648,0.00016044160757093493,0.9956571683843042,0.0,0.0
129,Device,ResourceApplyGradientDescent,SGD/SGD/update_2/ResourceApplyGradientDescent,2,9.504,4.752,9.504,4.752,0.00013498911458517755,0.9957921574988894,0.0,0.0
130,Device,ResourceApplyGradientDescent,SGD/SGD/update_33/ResourceApplyGradientDescent,2,8.064,4.032,8.064,4.032,0.00011453621843590824,0.9959066937173253,0.0,0.0
131,Device,ArgMax,ArgMax,2,7.84,3.92,7.84,3.92,0.00011135465681268857,0.996018048374138,0.0,0.0
132,Device,ResourceApplyGradientDescent,SGD/SGD/update/ResourceApplyGradientDescent,2,7.712,3.856,7.712,3.856,0.00010953662159942017,0.9961275849957374,0.0,0.0
133,Device,ArgMax,ArgMax_1,2,7.68,3.84,7.68,3.84,0.00010908211279610308,0.9962366671085335,0.0,0.0
134,Device,ResourceApplyGradientDescent,SGD/SGD/update_35/ResourceApplyGradientDescent,2,7.68,3.84,7.68,3.84,0.00010908211279610308,0.9963457492213297,0.0,0.0
135,Device,ResourceApplyGradientDescent,SGD/SGD/update_36/ResourceApplyGradientDescent,2,7.488,3.744,7.488,3.744,0.00010635505997620051,0.9964521042813059,0.0,0.0
136,Device,ResourceApplyGradientDescent,SGD/SGD/update_1/ResourceApplyGradientDescent,2,7.168,3.584,7.168,3.584,0.00010180997194302955,0.9965539142532489,0.0,0.0
137,Device,ResourceApplyGradientDescent,SGD/SGD/update_3/ResourceApplyGradientDescent,2,7.168,3.584,7.168,3.584,0.00010180997194302955,0.9966557242251919,0.0,0.0
138,Device,ResourceApplyGradientDescent,SGD/SGD/update_5/ResourceApplyGradientDescent,2,7.104,3.552,7.104,3.552,0.00010090095433639535,0.9967566251795282,0.0,0.0
139,Device,ResourceApplyGradientDescent,SGD/SGD/update_11/ResourceApplyGradientDescent,2,7.04,3.52,7.04,3.52,9.999193672976115e-05,0.996856617116258,0.0,0.0
140,Device,ResourceApplyGradientDescent,SGD/SGD/update_7/ResourceApplyGradientDescent,2,7.04,3.52,7.04,3.52,9.999193672976115e-05,0.9969566090529877,0.0,0.0
141,Device,ResourceApplyGradientDescent,SGD/SGD/update_17/ResourceApplyGradientDescent,2,6.944,3.472,6.944,3.472,9.862841031980987e-05,0.9970552374633075,0.0,0.0
142,Device,ResourceApplyGradientDescent,SGD/SGD/update_25/ResourceApplyGradientDescent,2,6.944,3.472,6.944,3.472,9.862841031980987e-05,0.9971538658736273,0.0,0.0
143,Device,ResourceApplyGradientDescent,SGD/SGD/update_19/ResourceApplyGradientDescent,2,6.88,3.44,6.88,3.44,9.771939271317568e-05,0.9972515852663405,0.0,0.0
144,Device,ResourceApplyGradientDescent,SGD/SGD/update_21/ResourceApplyGradientDescent,2,6.88,3.44,6.88,3.44,9.771939271317568e-05,0.9973493046590537,0.0,0.0
145,Device,ResourceApplyGradientDescent,SGD/SGD/update_27/ResourceApplyGradientDescent,2,6.88,3.44,6.88,3.44,9.771939271317568e-05,0.9974470240517669,0.0,0.0
146,Device,ResourceApplyGradientDescent,SGD/SGD/update_9/ResourceApplyGradientDescent,2,6.816,3.408,6.816,3.408,9.681037510654148e-05,0.9975438344268734,0.0,0.0
147,Device,ResourceApplyGradientDescent,SGD/SGD/update_23/ResourceApplyGradientDescent,2,6.784,3.392,6.784,3.392,9.635586630322438e-05,0.9976401902931766,0.0,0.0
148,Device,ResourceApplyGradientDescent,SGD/SGD/update_13/ResourceApplyGradientDescent,2,6.752,3.376,6.752,3.376,9.590135749990728e-05,0.9977360916506766,0.0,0.0
149,Device,ResourceApplyGradientDescent,SGD/SGD/update_15/ResourceApplyGradientDescent,2,6.688,3.344,6.688,3.344,9.49923398932731e-05,0.9978310839905699,0.0,0.0
150,Device,ResourceApplyGradientDescent,SGD/SGD/update_37/ResourceApplyGradientDescent,2,6.688,3.344,6.688,3.344,9.49923398932731e-05,0.9979260763304632,0.0,0.0
151,Device,AssignAddVariableOp,SGD/SGD/AssignAddVariableOp,2,6.656,3.328,6.656,3.328,9.4537831089956e-05,0.9980206141615531,0.0,0.0
152,Device,ResourceApplyGradientDescent,SGD/SGD/update_31/ResourceApplyGradientDescent,2,6.432,3.216,6.432,3.216,9.135626946673633e-05,0.9981119704310198,0.0,0.0
153,Device,ResourceApplyGradientDescent,SGD/SGD/update_29/ResourceApplyGradientDescent,2,6.4,3.2,6.4,3.2,9.090176066341925e-05,0.9982028721916832,0.0,0.0
154,Device,DivNoNan,categorical_crossentropy/weighted_loss/value,2,6.048,3.024,6.048,3.024,8.590216382693118e-05,0.9982887743555102,0.0,0.0
155,Device,AssignAddVariableOp,AssignAddVariableOp_4,2,6.016,3.008,6.016,3.008,8.544765502361408e-05,0.9983742220105338,0.0,0.0
156,Device,Cast,Cast,2,6.016,3.008,6.016,3.008,8.544765502361408e-05,0.9984596696655574,0.0,0.0
157,Device,Tile,gradient_tape/categorical_crossentropy/weighted_loss/Tile_1,2,5.984,2.992,5.984,2.992,8.499314622029698e-05,0.9985446628117778,0.0,0.0
158,Device,Mul,gradient_tape/categorical_crossentropy/softmax_cross_entropy_with_logits/mul,2,5.76,2.88,5.76,2.88,8.181158459707731e-05,0.9986264743963749,0.0,0.0
159,Device,BiasAdd,sequential/dense_2/BiasAdd,2,5.76,2.88,5.76,2.88,8.181158459707731e-05,0.9987082859809719,0.0,0.0
160,Device,Equal,Equal,2,5.728,2.864,5.728,2.864,8.135707579376021e-05,0.9987896430567657,0.0,0.0
161,Device,AssignAddVariableOp,AssignAddVariableOp_2,2,5.664,2.832,5.664,2.832,8.044805818712602e-05,0.9988700911149527,0.0,0.0
162,Device,Cast,Cast_1,2,5.664,2.832,5.664,2.832,8.044805818712602e-05,0.9989505391731398,0.0,0.0
163,Device,AssignAddVariableOp,AssignAddVariableOp_3,2,5.632,2.816,5.632,2.816,7.999354938380892e-05,0.9990305327225236,0.0,0.0
164,Device,DivNoNan,gradient_tape/categorical_crossentropy/weighted_loss/value/div_no_nan,2,5.568,2.784,5.568,2.784,7.908453177717473e-05,0.9991096172543008,0.0,0.0
165,Device,AssignAddVariableOp,AssignAddVariableOp,2,5.44,2.72,5.44,2.72,7.726649656390636e-05,0.9991868837508647,0.0,0.0
166,Device,Mul,Mul,2,5.44,2.72,5.44,2.72,7.726649656390636e-05,0.9992641502474287,0.0,0.0
167,Device,Sum,categorical_crossentropy/weighted_loss/Sum,2,5.44,2.72,5.44,2.72,7.726649656390636e-05,0.9993414167439926,0.0,0.0
168,Device,AssignAddVariableOp,AssignAddVariableOp_1,2,5.408,2.704,5.408,2.704,7.681198776058926e-05,0.9994182287317531,0.0,0.0
169,Device,Sum,Sum_2,2,5.312,2.656,5.312,2.656,7.544846135063796e-05,0.9994936771931038,0.0,0.0
170,Device,DivNoNan,div_no_nan,2,5.248,2.624,5.248,2.624,7.453944374400378e-05,0.9995682166368478,0.0,0.0
171,Device,DivNoNan,div_no_nan_1,2,5.184,2.592,5.184,2.592,7.363042613736958e-05,0.9996418470629852,0.0,0.0
172,Device,Cast,categorical_crossentropy/weighted_loss/num_elements/Cast,2,5.024,2.512,5.024,2.512,7.13578821207841e-05,0.999713204945106,0.0,0.0
173,Device,Cast,Cast_2,2,4.928,2.464,4.928,2.464,6.999435571083281e-05,0.9997831993008168,0.0,0.0
174,Device,_Recv,categorical_crossentropy/weighted_loss/num_elements/_14,2,3.552,1.776,3.552,1.776,5.0450477168197675e-05,0.9998336497779851,0.0,0.0
175,Device,LogicalAnd,LogicalAnd,1,3.36,3.36,3.36,3.36,4.77234243482951e-05,0.9998813732023334,0.0,0.0
176,Device,_Recv,IteratorGetNext/_4,2,2.848,1.424,2.848,1.424,4.045128349522156e-05,0.9999218244858286,0.0,0.0
177,Device,_Recv,strided_slice/_12,2,2.848,1.424,2.848,1.424,4.045128349522156e-05,0.9999622757693237,0.0,0.0
178,Device,_Recv,Size/_16,2,2.656,1.328,2.656,1.328,3.772423067531898e-05,0.999999999999999,0.0,0.0
179,Host,IDLE,IDLE,0,210609.974,0.0,210609.974,0.0,0.0,0.0,0.991912953088182,0.991912953088182
180,Host,GatherV2,GatherV2,2,1311.94,655.97,1311.94,655.97,0.0,0.0,0.006178863493304973,0.9980918165814869
181,Host,_Send,IteratorGetNext/_6,2,72.237,36.1185,72.237,36.1185,0.0,0.0,0.0003402156822460412,0.998432032263733
182,Host,Dataset,Iterator::Root::ParallelMapV2::Zip[1]::ForeverRepeat,2,48.357,24.1785,44.691,22.3455,0.0,0.0,0.0002104818729357231,0.9986425141366687
183,Host,Dataset,Iterator::Root::ParallelMapV2::Zip[0]::FlatMap[1]::Concatenate,2,66.731,33.3655,43.414,21.707,0.0,0.0,0.00020446756688441705,0.9988469817035531
184,Host,LogicalAnd,LogicalAnd,1,35.119,35.119,35.119,35.119,0.0,0.0,0.00016540048098341185,0.9990123821845366
185,Host,FlushSummaryWriter,FlushSummaryWriter,1,34.57,34.57,34.57,34.57,0.0,0.0,0.00016281484744999993,0.9991751970319865
186,Host,GatherV2,GatherV2_1,2,31.375,15.6875,31.375,15.6875,0.0,0.0,0.00014776730803424206,0.9993229643400208
187,Host,Dataset,Iterator::Root,2,51.839,25.9195,27.076,13.538,0.0,0.0,0.0001275202432616777,0.9994504845832825
188,Host,Dataset,Iterator::Root::ParallelMapV2,2,24.763,12.3815,24.763,12.3815,0.0,0.0,0.00011662667247336849,0.9995671112557558
189,Host,Dataset,Iterator::Root::ParallelMapV2::Zip[0]::FlatMap[1]::Concatenate[0]::TensorSlice,2,23.317,11.6585,23.317,11.6585,0.0,0.0,0.0001098164245875513,0.9996769276803433
190,Host,WriteSummary,WriteSummary,1,19.72,19.72,19.72,19.72,0.0,0.0,9.287557974295627e-05,0.9997698032600862
191,Host,_HostSend,categorical_crossentropy/softmax_cross_entropy_with_logits/Shape_2/_9,2,13.68,6.84,13.68,6.84,0.0,0.0,6.442890116042809e-05,0.9998342321612467
192,Host,IteratorGetNext,IteratorGetNext,2,10.62,5.31,10.62,5.31,0.0,0.0,5.0017173269279694e-05,0.9998842493345159
193,Host,Dataset,Iterator::Root::ParallelMapV2::Zip,2,127.721,63.8605,9.703,4.8515,0.0,0.0,4.569836461693229e-05,0.9999299476991329
194,Host,ReadVariableOp,ReadVariableOp,1,6.026,6.026,6.026,6.026,0.0,0.0,2.8380742572568688e-05,0.9999583284417055
195,Host,Dataset,Iterator::Root::ParallelMapV2::Zip[1]::ForeverRepeat::FromTensor,4,3.666,0.9165,3.666,0.9165,0.0,0.0,1.7265815179395423e-05,0.9999755942568849
196,Host,Dataset,Iterator::Root::ParallelMapV2::Zip[0]::FlatMap,2,69.661,34.8305,2.93,1.465,0.0,0.0,1.3799464941524438e-05,0.9999893937218264
197,Host,Identity,Identity,2,2.252,1.126,2.252,1.126,0.0,0.0,1.0606278173485675e-05,0.9999999999999999
