Rank,Host/device,Type,Operation,#Occurrences,Total time (us),Avg. time (us),Total self-time (us),Avg. self-time (us),Total self-time on Device (%),Cumulative total-self time on Device (%),Total self-time on Host (%),Cumulative total-self time on Host (%)
1,Device,IDLE,IDLE,0,25524.489,0.0,25524.489,0.0,0.3889163434025295,0.3889163434025295,0.0,0.0
2,Device,DepthwiseConv2dNativeBackpropFilter,gradient_tape/mobilenetv2_1.00_128/expanded_conv_depthwise/depthwise/DepthwiseConv2dNativeBackpropFilter,2,13446.39,6723.195,13446.39,6723.195,0.20488248876458753,0.593798832167117,0.0,0.0
3,Device,DepthwiseConv2dNativeBackpropFilter,gradient_tape/mobilenetv2_1.00_128/block_1_depthwise/depthwise/DepthwiseConv2dNativeBackpropFilter,2,3777.55,1888.775,3777.55,1888.775,0.05755848561827135,0.6513573177853884,0.0,0.0
4,Device,DepthwiseConv2dNativeBackpropFilter,gradient_tape/mobilenetv2_1.00_128/block_3_depthwise/depthwise/DepthwiseConv2dNativeBackpropFilter,2,1403.558,701.779,1403.558,701.779,0.021385996997368584,0.672743314782757,0.0,0.0
5,Device,FusedBatchNormGradV3,gradient_tape/mobilenetv2_1.00_128/block_1_expand_BN/FusedBatchNormGradV3,2,525.954,262.977,525.954,262.977,0.008013955009165276,0.6807572697919222,0.0,0.0
6,Device,_Recv,IteratorGetNext/_2,2,466.21,233.105,466.21,233.105,0.007103636372806259,0.6878609061647285,0.0,0.0
7,Device,DepthwiseConv2dNativeBackpropFilter,gradient_tape/mobilenetv2_1.00_128/block_6_depthwise/depthwise/DepthwiseConv2dNativeBackpropFilter,2,448.386,224.193,448.386,224.193,0.006832052291150142,0.6946929584558786,0.0,0.0
8,Device,DepthwiseConv2dNativeBackpropInput,gradient_tape/mobilenetv2_1.00_128/block_1_depthwise/depthwise/DepthwiseConv2dNativeBackpropInput,2,350.082,175.041,350.082,175.041,0.0053341953811903665,0.700027153837069,0.0,0.0
9,Device,FusedBatchNormV3,mobilenetv2_1.00_128/block_1_expand_BN/FusedBatchNormV3,4,333.474,83.3685,333.474,83.3685,0.005081139477456928,0.705108293314526,0.0,0.0
10,Device,Relu6Grad,gradient_tape/mobilenetv2_1.00_128/block_1_expand_relu/Relu6/Relu6Grad,2,324.385,162.1925,324.385,162.1925,0.0049426504896779525,0.7100509438042039,0.0,0.0
11,Device,Conv2DBackpropFilter,gradient_tape/mobilenetv2_1.00_128/block_1_expand/Conv2D/Conv2DBackpropFilter,2,307.84,153.92,307.84,153.92,0.0046905545162151795,0.714741498320419,0.0,0.0
12,Device,Slice,gradient_tape/mobilenetv2_1.00_128/block_1_pad/Slice_1,2,235.553,117.7765,235.553,117.7765,0.0035891183340632606,0.7183306166544823,0.0,0.0
13,Device,FusedBatchNormGradV3,gradient_tape/mobilenetv2_1.00_128/bn_Conv1/FusedBatchNormGradV3,2,228.961,114.4805,228.961,114.4805,0.0034886761063771562,0.7218192927608594,0.0,0.0
14,Device,Pad,mobilenetv2_1.00_128/block_1_pad/Pad,2,228.929,114.4645,228.929,114.4645,0.003488188522747612,0.725307481283607,0.0,0.0
15,Device,FusedBatchNormGradV3,gradient_tape/mobilenetv2_1.00_128/expanded_conv_depthwise_BN/FusedBatchNormGradV3,2,227.905,113.9525,227.905,113.9525,0.003472585846602198,0.7287800671302092,0.0,0.0
16,Device,Relu6,mobilenetv2_1.00_128/block_1_expand_relu/Relu6,2,215.457,107.7285,215.457,107.7285,0.0032829158147095047,0.7320629829449187,0.0,0.0
17,Device,FusedBatchNormGradV3,gradient_tape/mobilenetv2_1.00_128/block_3_expand_BN/FusedBatchNormGradV3,2,200.449,100.2245,200.449,100.2245,0.0030542390924532766,0.735117222037372,0.0,0.0
18,Device,FusedBatchNormGradV3,gradient_tape/mobilenetv2_1.00_128/block_2_depthwise_BN/FusedBatchNormGradV3,2,199.106,99.553,199.106,99.553,0.003033775817000843,0.7381509978543728,0.0,0.0
19,Device,FusedBatchNormGradV3,gradient_tape/mobilenetv2_1.00_128/block_2_expand_BN/FusedBatchNormGradV3,2,198.945,99.4725,198.945,99.4725,0.003031322661864699,0.7411823205162374,0.0,0.0
20,Device,Conv2DBackpropInput,gradient_tape/mobilenetv2_1.00_128/block_1_expand/Conv2D/Conv2DBackpropInput,2,188.898,94.449,188.898,94.449,0.002878236639176244,0.7440605571554136,0.0,0.0
21,Device,Conv2DBackpropFilter,gradient_tape/mobilenetv2_1.00_128/Conv1/Conv2D/Conv2DBackpropFilter,2,179.072,89.536,179.072,89.536,0.0027285179909293292,0.746789075146343,0.0,0.0
22,Device,Conv2D,mobilenetv2_1.00_128/block_1_expand/Conv2D,2,177.376,88.688,177.376,88.688,0.0027026760585634867,0.7494917512049064,0.0,0.0
23,Device,FusedBatchNormGradV3,gradient_tape/mobilenetv2_1.00_128/expanded_conv_project_BN/FusedBatchNormGradV3,2,175.298,87.649,175.298,87.649,0.0026710135966199603,0.7521627648015263,0.0,0.0
24,Device,Conv2DBackpropFilter,gradient_tape/mobilenetv2_1.00_128/expanded_conv_project/Conv2D/Conv2DBackpropFilter,2,169.344,84.672,169.344,84.672,0.002580292567547893,0.7547430573690742,0.0,0.0
25,Device,DepthwiseConv2dNativeBackpropInput,gradient_tape/mobilenetv2_1.00_128/block_2_depthwise/depthwise/DepthwiseConv2dNativeBackpropInput,2,168.224,84.112,168.224,84.112,0.002563227140513846,0.757306284509588,0.0,0.0
26,Device,DepthwiseConv2dNative,mobilenetv2_1.00_128/block_1_depthwise/depthwise,2,161.088,80.544,161.088,80.544,0.00245449599112549,0.7597607805007135,0.0,0.0
27,Device,Conv2DBackpropInput,gradient_tape/mobilenetv2_1.00_128/Conv_1/Conv2D/Conv2DBackpropInput,4,159.041,39.76025,159.041,39.76025,0.002423305875823085,0.7621840863765366,0.0,0.0
28,Device,Conv2DBackpropFilter,gradient_tape/mobilenetv2_1.00_128/block_2_expand/Conv2D/Conv2DBackpropFilter,2,157.504,78.752,157.504,78.752,0.00239988662461654,0.7645839730011531,0.0,0.0
29,Device,Conv2DBackpropFilter,gradient_tape/mobilenetv2_1.00_128/block_3_expand/Conv2D/Conv2DBackpropFilter,2,155.904,77.952,155.904,77.952,0.00237550744313933,0.7669594804442924,0.0,0.0
30,Device,DepthwiseConv2dNativeBackpropInput,gradient_tape/mobilenetv2_1.00_128/expanded_conv_depthwise/depthwise/DepthwiseConv2dNativeBackpropInput,2,151.296,75.648,151.296,75.648,0.0023052954004849657,0.7692647758447774,0.0,0.0
31,Device,Conv2DBackpropFilter,gradient_tape/mobilenetv2_1.00_128/block_1_project/Conv2D/Conv2DBackpropFilter,2,150.208,75.104,150.208,75.104,0.002288717557080463,0.7715534934018579,0.0,0.0
32,Device,Conv2DBackpropFilter,gradient_tape/mobilenetv2_1.00_128/block_2_project/Conv2D/Conv2DBackpropFilter,2,149.217,74.6085,149.217,74.6085,0.002273617701553016,0.7738271111034108,0.0,0.0
33,Device,DepthwiseConv2dNativeBackpropInput,gradient_tape/mobilenetv2_1.00_128/block_3_depthwise/depthwise/DepthwiseConv2dNativeBackpropInput,2,144.768,72.384,144.768,72.384,0.002205828340057949,0.7760329394434688,0.0,0.0
34,Device,FusedBatchNormV3,mobilenetv2_1.00_128/expanded_conv_depthwise_BN/FusedBatchNormV3,4,143.968,35.992,143.968,35.992,0.0021936387493193443,0.7782265781927882,0.0,0.0
35,Device,DepthwiseConv2dNativeBackpropFilter,gradient_tape/mobilenetv2_1.00_128/block_2_depthwise/depthwise/DepthwiseConv2dNativeBackpropFilter,2,139.584,69.792,139.584,69.792,0.0021268397920717894,0.78035341798486,0.0,0.0
36,Device,FusedBatchNormV3,mobilenetv2_1.00_128/bn_Conv1/FusedBatchNormV3,4,136.898,34.2245,136.898,34.2245,0.0020859132411669232,0.7824393312260269,0.0,0.0
37,Device,DepthwiseConv2dNative,mobilenetv2_1.00_128/expanded_conv_depthwise/depthwise,2,133.824,66.912,133.824,66.912,0.0020390747387538342,0.7844784059647808,0.0,0.0
38,Device,FusedBatchNormGradV3,gradient_tape/mobilenetv2_1.00_128/block_1_depthwise_BN/FusedBatchNormGradV3,2,127.617,63.8085,127.617,63.8085,0.0019444987516106828,0.7864229047163915,0.0,0.0
39,Device,FusedBatchNormV3,mobilenetv2_1.00_128/block_2_depthwise_BN/FusedBatchNormV3,4,126.049,31.51225,126.049,31.51225,0.0019206071537630172,0.7883435118701545,0.0,0.0
40,Device,Conv2D,mobilenetv2_1.00_128/block_16_project/Conv2D,4,123.969,30.99225,123.969,30.99225,0.001888914217842644,0.7902324260879972,0.0,0.0
41,Device,Relu6Grad,gradient_tape/mobilenetv2_1.00_128/block_3_expand_relu/Relu6/Relu6Grad,2,122.305,61.1525,122.305,61.1525,0.001863559869106346,0.7920959859571035,0.0,0.0
42,Device,SoftmaxCrossEntropyWithLogits,categorical_crossentropy/softmax_cross_entropy_with_logits,2,121.729,60.8645,121.729,60.8645,0.0018547833637745505,0.793950769320878,0.0,0.0
43,Device,Relu6Grad,gradient_tape/mobilenetv2_1.00_128/block_2_expand_relu/Relu6/Relu6Grad,2,120.384,60.192,120.384,60.192,0.0018342896143452709,0.7957850589352233,0.0,0.0
44,Device,Relu6Grad,gradient_tape/mobilenetv2_1.00_128/block_2_depthwise_relu/Relu6/Relu6Grad,2,119.648,59.824,119.648,59.824,0.0018230751908657544,0.7976081341260891,0.0,0.0
45,Device,DepthwiseConv2dNativeBackpropFilter,gradient_tape/mobilenetv2_1.00_128/block_14_depthwise/depthwise/DepthwiseConv2dNativeBackpropFilter,2,119.456,59.728,119.456,59.728,0.0018201496890884893,0.7994282838151776,0.0,0.0
46,Device,Conv2DBackpropFilter,gradient_tape/mobilenetv2_1.00_128/Conv_1/Conv2D/Conv2DBackpropFilter,2,117.856,58.928,117.856,58.928,0.0017957705076112793,0.8012240543227889,0.0,0.0
47,Device,FusedBatchNormV3,mobilenetv2_1.00_128/block_2_expand_BN/FusedBatchNormV3,4,115.648,28.912,115.648,28.912,0.0017621272371727296,0.8029861815599616,0.0,0.0
48,Device,FusedBatchNormV3,mobilenetv2_1.00_128/block_3_expand_BN/FusedBatchNormV3,4,114.689,28.67225,114.689,28.67225,0.001747514965274827,0.8047336965252364,0.0,0.0
49,Device,DepthwiseConv2dNativeBackpropFilter,gradient_tape/mobilenetv2_1.00_128/block_15_depthwise/depthwise/DepthwiseConv2dNativeBackpropFilter,2,113.121,56.5605,113.121,56.5605,0.0017236233674271613,0.8064573198926636,0.0,0.0
50,Device,DepthwiseConv2dNativeBackpropFilter,gradient_tape/mobilenetv2_1.00_128/block_13_depthwise/depthwise/DepthwiseConv2dNativeBackpropFilter,2,109.952,54.976,109.952,54.976,0.0016753373511138624,0.8081326572437775,0.0,0.0
51,Device,DepthwiseConv2dNativeBackpropFilter,gradient_tape/mobilenetv2_1.00_128/block_16_depthwise/depthwise/DepthwiseConv2dNativeBackpropFilter,2,105.28,52.64,105.28,52.64,0.0016041501412004098,0.8097368073849779,0.0,0.0
52,Device,Conv2DBackpropInput,gradient_tape/mobilenetv2_1.00_128/block_16_project/Conv2D/Conv2DBackpropInput,2,104.928,52.464,104.928,52.464,0.0015987867212754235,0.8113355941062533,0.0,0.0
53,Device,Conv2D,mobilenetv2_1.00_128/Conv1/Conv2D,2,98.08,49.04,98.08,49.04,0.0014944438245529652,0.8128300379308063,0.0,0.0
54,Device,Conv2DBackpropInput,gradient_tape/mobilenetv2_1.00_128/block_15_expand/Conv2D/Conv2DBackpropInput,4,97.728,24.432,97.728,24.432,0.001489080404627979,0.8143191183354344,0.0,0.0
55,Device,Conv2DBackpropInput,gradient_tape/mobilenetv2_1.00_128/block_16_expand/Conv2D/Conv2DBackpropInput,4,97.728,24.432,97.728,24.432,0.001489080404627979,0.8158081987400624,0.0,0.0
56,Device,Conv2DBackpropInput,gradient_tape/mobilenetv2_1.00_128/block_14_expand/Conv2D/Conv2DBackpropInput,4,97.601,24.40025,97.601,24.40025,0.0014871453070982256,0.8172953440471606,0.0,0.0
57,Device,Relu6Grad,gradient_tape/mobilenetv2_1.00_128/Conv1_relu/Relu6/Relu6Grad,2,96.001,48.0005,96.001,48.0005,0.0014627661256210157,0.8187581101727817,0.0,0.0
58,Device,Conv2D,mobilenetv2_1.00_128/block_14_project/Conv2D,4,95.681,23.92025,95.681,23.92025,0.0014578902893255736,0.8202160004621072,0.0,0.0
59,Device,Conv2D,mobilenetv2_1.00_128/block_15_project/Conv2D,4,95.424,23.856,95.424,23.856,0.001453974383300797,0.8216699748454079,0.0,0.0
60,Device,FusedBatchNormV3,mobilenetv2_1.00_128/expanded_conv_project_BN/FusedBatchNormV3,4,94.816,23.704,94.816,23.704,0.0014447102943394572,0.8231146851397474,0.0,0.0
61,Device,Conv2D,mobilenetv2_1.00_128/block_3_expand/Conv2D,2,94.336,47.168,94.336,47.168,0.0014373965398962942,0.8245520816796437,0.0,0.0
62,Device,Conv2D,mobilenetv2_1.00_128/block_2_expand/Conv2D,2,93.408,46.704,93.408,46.704,0.0014232566146395124,0.8259753382942832,0.0,0.0
63,Device,Slice,gradient_tape/mobilenetv2_1.00_128/block_3_pad/Slice_1,2,92.8,46.4,92.8,46.4,0.0014139925256781726,0.8273893308199614,0.0,0.0
64,Device,Relu6Grad,gradient_tape/mobilenetv2_1.00_128/expanded_conv_depthwise_relu/Relu6/Relu6Grad,2,92.545,46.2725,92.545,46.2725,0.0014101070936302423,0.8287994379135916,0.0,0.0
65,Device,Pad,mobilenetv2_1.00_128/block_3_pad/Pad,2,91.328,45.664,91.328,45.664,0.0013915636787191397,0.8301910015923107,0.0,0.0
66,Device,DepthwiseConv2dNative,mobilenetv2_1.00_128/block_2_depthwise/depthwise,2,88.865,44.4325,88.865,44.4325,0.0013540349762326597,0.8315450365685434,0.0,0.0
67,Device,Conv2D,mobilenetv2_1.00_128/Conv_1/Conv2D,2,88.352,44.176,88.352,44.176,0.0013462184011715293,0.832891254969715,0.0,0.0
68,Device,Conv2DBackpropFilter,gradient_tape/mobilenetv2_1.00_128/block_13_expand/Conv2D/Conv2DBackpropFilter,2,84.353,42.1765,84.353,42.1765,0.0012852856844669277,0.8341765406541819,0.0,0.0
69,Device,Conv2DBackpropFilter,gradient_tape/mobilenetv2_1.00_128/block_11_expand/Conv2D/Conv2DBackpropFilter,2,83.808,41.904,83.808,41.904,0.0012769815257762532,0.8354535221799582,0.0,0.0
70,Device,Conv2DBackpropFilter,gradient_tape/mobilenetv2_1.00_128/block_12_expand/Conv2D/Conv2DBackpropFilter,2,83.649,41.8245,83.649,41.8245,0.0012745588446169554,0.8367280810245751,0.0,0.0
71,Device,Conv2DBackpropInput,gradient_tape/mobilenetv2_1.00_128/expanded_conv_project/Conv2D/Conv2DBackpropInput,2,83.232,41.616,83.232,41.616,0.0012682050204444577,0.8379962860450195,0.0,0.0
72,Device,Conv2DBackpropFilter,gradient_tape/mobilenetv2_1.00_128/block_11_project/Conv2D/Conv2DBackpropFilter,4,81.216,20.304,81.216,20.304,0.001237487251783173,0.8392337732968027,0.0,0.0
73,Device,Conv2DBackpropFilter,gradient_tape/mobilenetv2_1.00_128/block_4_project/Conv2D/Conv2DBackpropFilter,2,80.992,40.496,80.992,40.496,0.0012340741663763638,0.840467847463179,0.0,0.0
74,Device,Relu6,mobilenetv2_1.00_128/block_3_expand_relu/Relu6,2,80.961,40.4805,80.961,40.4805,0.0012336018197352428,0.8417014492829142,0.0,0.0
75,Device,Relu6,mobilenetv2_1.00_128/block_2_depthwise_relu/Relu6,2,80.736,40.368,80.736,40.368,0.0012301734973400103,0.8429316227802542,0.0,0.0
76,Device,Conv2DBackpropInput,gradient_tape/mobilenetv2_1.00_128/block_2_project/Conv2D/Conv2DBackpropInput,2,80.064,40.032,80.064,40.032,0.001219934241119582,0.8441515570213738,0.0,0.0
77,Device,Conv2DBackpropFilter,gradient_tape/mobilenetv2_1.00_128/block_5_project/Conv2D/Conv2DBackpropFilter,2,79.936,39.968,79.936,39.968,0.0012179839066014054,0.8453695409279752,0.0,0.0
78,Device,Relu6,mobilenetv2_1.00_128/block_2_expand_relu/Relu6,2,79.936,39.968,79.936,39.968,0.0012179839066014054,0.8465875248345767,0.0,0.0
79,Device,Conv2DBackpropFilter,gradient_tape/mobilenetv2_1.00_128/block_12_project/Conv2D/Conv2DBackpropFilter,4,79.712,19.928,79.712,19.928,0.001214570821194596,0.8478020956557712,0.0,0.0
80,Device,Conv2DBackpropFilter,gradient_tape/mobilenetv2_1.00_128/block_3_project/Conv2D/Conv2DBackpropFilter,2,78.88,39.44,78.88,39.44,0.0012018936468264467,0.8490039893025977,0.0,0.0
81,Device,FusedBatchNormV3,mobilenetv2_1.00_128/block_1_depthwise_BN/FusedBatchNormV3,4,77.248,19.312,77.248,19.312,0.0011770268817196928,0.8501810161843174,0.0,0.0
82,Device,Conv2DBackpropInput,gradient_tape/mobilenetv2_1.00_128/block_2_expand/Conv2D/Conv2DBackpropInput,2,76.704,38.352,76.704,38.352,0.0011687379600174412,0.8513497541443349,0.0,0.0
83,Device,Conv2DBackpropFilter,gradient_tape/mobilenetv2_1.00_128/block_6_expand/Conv2D/Conv2DBackpropFilter,2,76.416,38.208,76.416,38.208,0.0011643497073515435,0.8525141038516865,0.0,0.0
84,Device,Conv2DBackpropFilter,gradient_tape/mobilenetv2_1.00_128/block_5_expand/Conv2D/Conv2DBackpropFilter,2,76.129,38.0645,76.129,38.0645,0.0011599766916740692,0.8536740805433606,0.0,0.0
85,Device,Conv2DBackpropInput,gradient_tape/mobilenetv2_1.00_128/block_3_expand/Conv2D/Conv2DBackpropInput,2,75.584,37.792,75.584,37.792,0.0011516725329833945,0.854825753076344,0.0,0.0
86,Device,Conv2DBackpropFilter,gradient_tape/mobilenetv2_1.00_128/block_4_expand/Conv2D/Conv2DBackpropFilter,2,75.424,37.712,75.424,37.712,0.0011492346148356735,0.8559749876911796,0.0,0.0
87,Device,Conv2DBackpropFilter,gradient_tape/mobilenetv2_1.00_128/block_16_project/Conv2D/Conv2DBackpropFilter,4,74.882,18.7205,74.882,18.7205,0.0011409761671102687,0.8571159638582899,0.0,0.0
88,Device,DepthwiseConv2dNative,mobilenetv2_1.00_128/block_3_depthwise/depthwise,2,72.384,36.192,72.384,36.192,0.0011029141700289746,0.8582188780283189,0.0,0.0
89,Device,Conv2DBackpropInput,gradient_tape/mobilenetv2_1.00_128/block_12_expand/Conv2D/Conv2DBackpropInput,4,72.352,18.088,72.352,18.088,0.0011024265863994306,0.8593213046147183,0.0,0.0
90,Device,Conv2DBackpropInput,gradient_tape/mobilenetv2_1.00_128/block_13_expand/Conv2D/Conv2DBackpropInput,4,72.16,18.04,72.16,18.04,0.0010995010846221653,0.8604208056993405,0.0,0.0
91,Device,Conv2D,mobilenetv2_1.00_128/block_13_project/Conv2D,4,71.872,17.968,71.872,17.968,0.0010951128319562676,0.8615159185312968,0.0,0.0
92,Device,Conv2DBackpropInput,gradient_tape/mobilenetv2_1.00_128/block_11_expand/Conv2D/Conv2DBackpropInput,4,71.712,17.928,71.712,17.928,0.0010926749138085465,0.8626085934451054,0.0,0.0
93,Device,Relu6Grad,gradient_tape/mobilenetv2_1.00_128/block_1_depthwise_relu/Relu6/Relu6Grad,2,71.329,35.6645,71.329,35.6645,0.0010868391472424394,0.8636954325923478,0.0,0.0
94,Device,Relu6,mobilenetv2_1.00_128/expanded_conv_depthwise_relu/Relu6,2,70.913,35.4565,70.913,35.4565,0.0010805005600583648,0.8647759331524062,0.0,0.0
95,Device,Relu6,mobilenetv2_1.00_128/Conv1_relu/Relu6,2,70.72,35.36,70.72,35.36,0.0010775598212926763,0.8658534929736988,0.0,0.0
96,Device,Conv2D,mobilenetv2_1.00_128/block_11_project/Conv2D,4,70.592,17.648,70.592,17.648,0.0010756094867744996,0.8669291024604734,0.0,0.0
97,Device,Conv2D,mobilenetv2_1.00_128/block_12_project/Conv2D,4,67.744,16.936,67.744,16.936,0.001032214543745066,0.8679613170042184,0.0,0.0
98,Device,Conv2D,mobilenetv2_1.00_128/expanded_conv_project/Conv2D,2,67.009,33.5045,67.009,33.5045,0.0010210153572539728,0.8689823323614724,0.0,0.0
99,Device,Conv2DBackpropInput,gradient_tape/mobilenetv2_1.00_128/block_1_project/Conv2D/Conv2DBackpropInput,2,66.912,33.456,66.912,33.456,0.0010195373693769171,0.8700018697308493,0.0,0.0
100,Device,Conv2DBackpropInput,gradient_tape/mobilenetv2_1.00_128/block_6_expand/Conv2D/Conv2DBackpropInput,2,65.92,32.96,65.92,32.96,0.001004422276861047,0.8710062920077103,0.0,0.0
101,Device,DepthwiseConv2dNativeBackpropInput,gradient_tape/mobilenetv2_1.00_128/block_5_depthwise/depthwise/DepthwiseConv2dNativeBackpropInput,2,65.409,32.7045,65.409,32.7045,0.000996636175776763,0.872002928183487,0.0,0.0
102,Device,DepthwiseConv2dNativeBackpropInput,gradient_tape/mobilenetv2_1.00_128/block_4_depthwise/depthwise/DepthwiseConv2dNativeBackpropInput,2,65.248,32.624,65.248,32.624,0.0009941830206406188,0.8729971112041276,0.0,0.0
103,Device,Conv2DBackpropInput,gradient_tape/mobilenetv2_1.00_128/block_5_expand/Conv2D/Conv2DBackpropInput,2,65.152,32.576,65.152,32.576,0.000992720269751986,0.8739898314738795,0.0,0.0
104,Device,Conv2DBackpropInput,gradient_tape/mobilenetv2_1.00_128/block_4_expand/Conv2D/Conv2DBackpropInput,2,64.672,32.336,64.672,32.336,0.000985406515308823,0.8749752379891884,0.0,0.0
105,Device,Conv2DBackpropInput,gradient_tape/mobilenetv2_1.00_128/block_15_project/Conv2D/Conv2DBackpropInput,2,62.752,31.376,62.752,31.376,0.0009561514975361713,0.8759313894867246,0.0,0.0
106,Device,Conv2DBackpropInput,gradient_tape/mobilenetv2_1.00_128/block_14_project/Conv2D/Conv2DBackpropInput,2,61.888,30.944,61.888,30.944,0.0009429867395384779,0.8768743762262631,0.0,0.0
107,Device,Conv2D,mobilenetv2_1.00_128/block_2_project/Conv2D,2,60.128,30.064,60.128,30.064,0.000916169639913547,0.8777905458661767,0.0,0.0
108,Device,Conv2DBackpropFilter,gradient_tape/mobilenetv2_1.00_128/block_15_project/Conv2D/Conv2DBackpropFilter,2,59.456,29.728,59.456,29.728,0.0009059303836931189,0.8786964762498698,0.0,0.0
109,Device,Conv2DBackpropFilter,gradient_tape/mobilenetv2_1.00_128/block_14_project/Conv2D/Conv2DBackpropFilter,2,59.168,29.584,59.168,29.584,0.0009015421310272212,0.879598018380897,0.0,0.0
110,Device,DepthwiseConv2dNativeBackpropFilter,gradient_tape/mobilenetv2_1.00_128/block_5_depthwise/depthwise/DepthwiseConv2dNativeBackpropFilter,2,59.104,29.552,59.104,29.552,0.0009005669637681327,0.8804985853446652,0.0,0.0
111,Device,DepthwiseConv2dNativeBackpropFilter,gradient_tape/mobilenetv2_1.00_128/block_4_depthwise/depthwise/DepthwiseConv2dNativeBackpropFilter,2,58.656,29.328,58.656,29.328,0.000893740792954514,0.8813923261376198,0.0,0.0
112,Device,Conv2DBackpropFilter,gradient_tape/mobilenetv2_1.00_128/block_16_expand/Conv2D/Conv2DBackpropFilter,4,57.569,14.39225,57.569,14.39225,0.0008771781865384346,0.8822695043241582,0.0,0.0
113,Device,Conv2DBackpropFilter,gradient_tape/mobilenetv2_1.00_128/block_14_expand/Conv2D/Conv2DBackpropFilter,4,57.088,14.272,57.088,14.272,0.0008698491951068483,0.883139353519265,0.0,0.0
114,Device,Conv2DBackpropFilter,gradient_tape/mobilenetv2_1.00_128/block_15_expand/Conv2D/Conv2DBackpropFilter,4,56.928,14.232,56.928,14.232,0.0008674112769591273,0.8840067647962241,0.0,0.0
115,Device,Conv2DBackpropInput,gradient_tape/mobilenetv2_1.00_128/block_10_expand/Conv2D/Conv2DBackpropInput,4,56.736,14.184,56.736,14.184,0.0008644857751818621,0.8848712505714059,0.0,0.0
116,Device,DepthwiseConv2dNativeBackpropInput,gradient_tape/mobilenetv2_1.00_128/block_6_depthwise/depthwise/DepthwiseConv2dNativeBackpropInput,2,56.576,28.288,56.576,28.288,0.0008620478570341411,0.8857332984284401,0.0,0.0
117,Device,Conv2DBackpropInput,gradient_tape/mobilenetv2_1.00_128/block_9_expand/Conv2D/Conv2DBackpropInput,4,56.448,14.112,56.448,14.112,0.0008600975225159644,0.886593395950956,0.0,0.0
118,Device,Conv2DBackpropInput,gradient_tape/mobilenetv2_1.00_128/block_8_expand/Conv2D/Conv2DBackpropInput,4,56.385,14.09625,56.385,14.09625,0.0008591375922452992,0.8874525335432013,0.0,0.0
119,Device,Conv2DBackpropInput,gradient_tape/mobilenetv2_1.00_128/block_7_expand/Conv2D/Conv2DBackpropInput,4,56.384,14.096,56.384,14.096,0.0008591223552568759,0.8883116558984582,0.0,0.0
120,Device,Conv2DBackpropFilter,gradient_tape/mobilenetv2_1.00_128/block_10_project/Conv2D/Conv2DBackpropFilter,2,54.88,27.44,54.88,27.44,0.0008362059246682987,0.8891478618231264,0.0,0.0
121,Device,Conv2DBackpropInput,gradient_tape/mobilenetv2_1.00_128/block_12_project/Conv2D/Conv2DBackpropInput,2,52.161,26.0805,52.161,26.0805,0.0007947765531454652,0.8899426383762719,0.0,0.0
122,Device,Conv2DBackpropInput,gradient_tape/mobilenetv2_1.00_128/block_11_project/Conv2D/Conv2DBackpropInput,2,52.065,26.0325,52.065,26.0325,0.0007933138022568325,0.8907359521785286,0.0,0.0
123,Device,Conv2D,mobilenetv2_1.00_128/block_10_project/Conv2D,2,50.656,25.328,50.656,25.328,0.0007718448855684646,0.8915077970640971,0.0,0.0
124,Device,Conv2DBackpropFilter,gradient_tape/mobilenetv2_1.00_128/block_13_project/Conv2D/Conv2DBackpropFilter,4,49.728,12.432,49.728,12.432,0.0007577049603116829,0.8922655020244088,0.0,0.0
125,Device,Conv2DBackpropInput,gradient_tape/mobilenetv2_1.00_128/block_10_project/Conv2D/Conv2DBackpropInput,2,49.536,24.768,49.536,24.768,0.0007547794585344177,0.8930202814829432,0.0,0.0
126,Device,DepthwiseConv2dNativeBackpropInput,gradient_tape/mobilenetv2_1.00_128/block_13_depthwise/depthwise/DepthwiseConv2dNativeBackpropInput,2,49.312,24.656,49.312,24.656,0.0007513663731276083,0.8937716478560708,0.0,0.0
127,Device,Conv2D,mobilenetv2_1.00_128/block_7_project/Conv2D,2,49.28,24.64,49.28,24.64,0.0007508787894980641,0.8945225266455689,0.0,0.0
128,Device,Conv2D,mobilenetv2_1.00_128/block_9_project/Conv2D,2,48.833,24.4165,48.833,24.4165,0.0007440678556728686,0.8952665945012417,0.0,0.0
129,Device,Conv2D,mobilenetv2_1.00_128/block_8_project/Conv2D,2,48.768,24.384,48.768,24.384,0.0007430774514253569,0.896009671952667,0.0,0.0
130,Device,Conv2D,mobilenetv2_1.00_128/block_13_expand/Conv2D,2,47.552,23.776,47.552,23.776,0.0007245492735026774,0.8967342212261696,0.0,0.0
131,Device,Conv2D,mobilenetv2_1.00_128/block_12_expand/Conv2D,2,47.297,23.6485,47.297,23.6485,0.0007206638414547471,0.8974548850676244,0.0,0.0
132,Device,Conv2D,mobilenetv2_1.00_128/block_11_expand/Conv2D,2,47.136,23.568,47.136,23.568,0.0007182106863186029,0.898173095753943,0.0,0.0
133,Device,Conv2DBackpropFilter,gradient_tape/mobilenetv2_1.00_128/block_10_expand/Conv2D/Conv2DBackpropFilter,2,47.104,23.552,47.104,23.552,0.0007177231026890587,0.898890818856632,0.0,0.0
134,Device,Conv2DBackpropFilter,gradient_tape/mobilenetv2_1.00_128/block_8_expand/Conv2D/Conv2DBackpropFilter,2,47.072,23.536,47.072,23.536,0.0007172355190595145,0.8996080543756916,0.0,0.0
135,Device,Conv2DBackpropFilter,gradient_tape/mobilenetv2_1.00_128/block_7_expand/Conv2D/Conv2DBackpropFilter,2,46.945,23.4725,46.945,23.4725,0.000715300421529761,0.9003233547972214,0.0,0.0
136,Device,Conv2DBackpropFilter,gradient_tape/mobilenetv2_1.00_128/block_9_expand/Conv2D/Conv2DBackpropFilter,2,46.913,23.4565,46.913,23.4565,0.0007148128379002167,0.9010381676351216,0.0,0.0
137,Device,DepthwiseConv2dNativeBackpropInput,gradient_tape/mobilenetv2_1.00_128/block_12_depthwise/depthwise/DepthwiseConv2dNativeBackpropInput,2,46.656,23.328,46.656,23.328,0.0007108969318754399,0.901749064566997,0.0,0.0
138,Device,FusedBatchNormV3,mobilenetv2_1.00_128/Conv_1_bn/FusedBatchNormV3,4,46.656,11.664,46.656,11.664,0.0007108969318754399,0.9024599614988724,0.0,0.0
139,Device,Conv2D,mobilenetv2_1.00_128/block_1_project/Conv2D,2,46.336,23.168,46.336,23.168,0.0007060210955799979,0.9031659825944525,0.0,0.0
140,Device,DepthwiseConv2dNativeBackpropInput,gradient_tape/mobilenetv2_1.00_128/block_11_depthwise/depthwise/DepthwiseConv2dNativeBackpropInput,2,46.209,23.1045,46.209,23.1045,0.0007040859980502445,0.9038700685925027,0.0,0.0
141,Device,Conv2DBackpropFilter,gradient_tape/mobilenetv2_1.00_128/block_9_project/Conv2D/Conv2DBackpropFilter,2,45.728,22.864,45.728,22.864,0.0006967570066186582,0.9045668255991214,0.0,0.0
142,Device,Conv2DBackpropFilter,gradient_tape/mobilenetv2_1.00_128/block_8_project/Conv2D/Conv2DBackpropFilter,2,45.152,22.576,45.152,22.576,0.0006879805012868626,0.9052548061004082,0.0,0.0
143,Device,Conv2DBackpropInput,gradient_tape/mobilenetv2_1.00_128/block_13_project/Conv2D/Conv2DBackpropInput,2,45.12,22.56,45.12,22.56,0.0006874929176573183,0.9059422990180656,0.0,0.0
144,Device,Conv2D,mobilenetv2_1.00_128/block_15_expand/Conv2D,2,44.961,22.4805,44.961,22.4805,0.0006850702364980207,0.9066273692545636,0.0,0.0
145,Device,Conv2D,mobilenetv2_1.00_128/block_14_expand/Conv2D,2,44.832,22.416,44.832,22.416,0.0006831046649914207,0.907310473919555,0.0,0.0
146,Device,Conv2DBackpropFilter,gradient_tape/mobilenetv2_1.00_128/block_7_project/Conv2D/Conv2DBackpropFilter,2,44.608,22.304,44.608,22.304,0.0006796915795846113,0.9079901654991396,0.0,0.0
147,Device,Conv2D,mobilenetv2_1.00_128/block_16_expand/Conv2D,2,44.353,22.1765,44.353,22.1765,0.0006758061475366809,0.9086659716466763,0.0,0.0
148,Device,Relu6,mobilenetv2_1.00_128/block_1_depthwise_relu/Relu6,2,43.169,21.5845,43.169,21.5845,0.0006577655532435456,0.9093237371999199,0.0,0.0
149,Device,Conv2DBackpropInput,gradient_tape/mobilenetv2_1.00_128/block_8_project/Conv2D/Conv2DBackpropInput,2,42.88,21.44,42.88,21.44,0.0006533620635892247,0.9099770992635091,0.0,0.0
150,Device,Conv2DBackpropInput,gradient_tape/mobilenetv2_1.00_128/block_9_project/Conv2D/Conv2DBackpropInput,2,42.432,21.216,42.432,21.216,0.0006465358927756059,0.9106236351562847,0.0,0.0
151,Device,Conv2DBackpropInput,gradient_tape/mobilenetv2_1.00_128/block_7_project/Conv2D/Conv2DBackpropInput,2,42.24,21.12,42.24,21.12,0.0006436103909983407,0.9112672455472831,0.0,0.0
152,Device,Conv2DBackpropInput,gradient_tape/mobilenetv2_1.00_128/block_4_project/Conv2D/Conv2DBackpropInput,2,42.048,21.024,42.048,21.024,0.0006406848892210756,0.9119079304365042,0.0,0.0
153,Device,Conv2DBackpropInput,gradient_tape/mobilenetv2_1.00_128/block_5_project/Conv2D/Conv2DBackpropInput,2,41.76,20.88,41.76,20.88,0.0006362966365551777,0.9125442270730594,0.0,0.0
154,Device,FusedBatchNormGradV3,gradient_tape/mobilenetv2_1.00_128/block_4_expand_BN/FusedBatchNormGradV3,2,41.537,20.7685,41.537,20.7685,0.0006328987881367915,0.9131771258611961,0.0,0.0
155,Device,Conv2DBackpropInput,gradient_tape/mobilenetv2_1.00_128/block_3_project/Conv2D/Conv2DBackpropInput,2,41.536,20.768,41.536,20.768,0.0006328835511483684,0.9138100094123445,0.0,0.0
156,Device,FusedBatchNormGradV3,gradient_tape/mobilenetv2_1.00_128/block_4_depthwise_BN/FusedBatchNormGradV3,2,41.344,20.672,41.344,20.672,0.0006299580493711031,0.9144399674617155,0.0,0.0
157,Device,FusedBatchNormGradV3,gradient_tape/mobilenetv2_1.00_128/block_5_depthwise_BN/FusedBatchNormGradV3,2,40.897,20.4485,40.897,20.4485,0.0006231471155459076,0.9150631145772614,0.0,0.0
158,Device,FusedBatchNormGradV3,gradient_tape/mobilenetv2_1.00_128/block_5_expand_BN/FusedBatchNormGradV3,2,40.736,20.368,40.736,20.368,0.0006206939604097633,0.9156838085376712,0.0,0.0
159,Device,FusedBatchNormV3,mobilenetv2_1.00_128/block_14_depthwise_BN/FusedBatchNormV3,4,40.352,10.088,40.352,10.088,0.000614842956855233,0.9162986514945264,0.0,0.0
160,Device,FusedBatchNormV3,mobilenetv2_1.00_128/block_15_expand_BN/FusedBatchNormV3,4,39.872,9.968,39.872,9.968,0.0006075292024120701,0.9169061806969384,0.0,0.0
161,Device,FusedBatchNormV3,mobilenetv2_1.00_128/block_16_depthwise_BN/FusedBatchNormV3,4,39.84,9.96,39.84,9.96,0.0006070416187825259,0.917513222315721,0.0,0.0
162,Device,FusedBatchNormV3,mobilenetv2_1.00_128/block_14_expand_BN/FusedBatchNormV3,4,39.808,9.952,39.808,9.952,0.0006065540351529817,0.9181197763508739,0.0,0.0
163,Device,FusedBatchNormV3,mobilenetv2_1.00_128/block_15_depthwise_BN/FusedBatchNormV3,4,39.744,9.936,39.744,9.936,0.0006055788678938932,0.9187253552187679,0.0,0.0
164,Device,FusedBatchNormV3,mobilenetv2_1.00_128/block_16_expand_BN/FusedBatchNormV3,4,39.649,9.91225,39.649,9.91225,0.0006041313539936839,0.9193294865727616,0.0,0.0
165,Device,FusedBatchNormGradV3,gradient_tape/mobilenetv2_1.00_128/block_6_expand_BN/FusedBatchNormGradV3,2,39.552,19.776,39.552,19.776,0.0006026533661166281,0.9199321399388782,0.0,0.0
166,Device,Transpose,gradient_tape/mobilenetv2_1.00_128/Conv1/Conv2D/Conv2DBackpropFilter-0-TransposeNHWCToNCHW-LayoutOptimizer,2,39.2,19.6,39.2,19.6,0.0005972899461916419,0.9205294298850699,0.0,0.0
167,Device,Conv2D,mobilenetv2_1.00_128/block_4_project/Conv2D,2,38.464,19.232,38.464,19.232,0.0005860755227121253,0.9211155054077821,0.0,0.0
168,Device,Conv2D,mobilenetv2_1.00_128/block_4_expand/Conv2D,2,38.433,19.2165,38.433,19.2165,0.0005856031760710044,0.9217011085838531,0.0,0.0
169,Device,Conv2DBackpropFilter,gradient_tape/mobilenetv2_1.00_128/block_6_project/Conv2D/Conv2DBackpropFilter,2,37.984,18.992,37.984,18.992,0.0005787617682689625,0.9222798703521221,0.0,0.0
170,Device,Conv2D,mobilenetv2_1.00_128/block_6_expand/Conv2D,2,37.952,18.976,37.952,18.976,0.0005782741846394182,0.9228581445367615,0.0,0.0
171,Device,Conv2D,mobilenetv2_1.00_128/block_5_project/Conv2D,2,37.856,18.928,37.856,18.928,0.0005768114337507856,0.9234349559705123,0.0,0.0
172,Device,Conv2D,mobilenetv2_1.00_128/block_5_expand/Conv2D,2,37.664,18.832,37.664,18.832,0.0005738859319735205,0.9240088419024858,0.0,0.0
173,Device,FusedBatchNormGradV3,gradient_tape/mobilenetv2_1.00_128/Conv_1_bn/FusedBatchNormGradV3,2,37.44,18.72,37.44,18.72,0.000570472846566711,0.9245793147490525,0.0,0.0
174,Device,Pad,mobilenetv2_1.00_128/block_13_pad/Pad,2,36.576,18.288,36.576,18.288,0.0005573080885690177,0.9251366228376215,0.0,0.0
175,Device,DepthwiseConv2dNativeBackpropInput,gradient_tape/mobilenetv2_1.00_128/block_7_depthwise/depthwise/DepthwiseConv2dNativeBackpropInput,2,34.912,17.456,34.912,17.456,0.0005319537398327194,0.9256685765774543,0.0,0.0
176,Device,FusedBatchNormV3,mobilenetv2_1.00_128/block_12_expand_BN/FusedBatchNormV3,4,34.88,8.72,34.88,8.72,0.0005314661562031753,0.9262000427336574,0.0,0.0
177,Device,FusedBatchNormV3,mobilenetv2_1.00_128/block_12_depthwise_BN/FusedBatchNormV3,4,34.752,8.688,34.752,8.688,0.0005295158216849985,0.9267295585553424,0.0,0.0
178,Device,FusedBatchNormV3,mobilenetv2_1.00_128/block_13_expand_BN/FusedBatchNormV3,4,34.721,8.68025,34.721,8.68025,0.0005290434750438775,0.9272586020303863,0.0,0.0
179,Device,DepthwiseConv2dNativeBackpropInput,gradient_tape/mobilenetv2_1.00_128/block_9_depthwise/depthwise/DepthwiseConv2dNativeBackpropInput,2,34.688,17.344,34.688,17.344,0.0005285406544259101,0.9277871426848122,0.0,0.0
180,Device,FusedBatchNormV3,mobilenetv2_1.00_128/block_11_expand_BN/FusedBatchNormV3,4,34.56,8.64,34.56,8.64,0.0005265903199077333,0.92831373300472,0.0,0.0
181,Device,FusedBatchNormV3,mobilenetv2_1.00_128/block_11_depthwise_BN/FusedBatchNormV3,4,34.496,8.624,34.496,8.624,0.0005256151526486449,0.9288393481573686,0.0,0.0
182,Device,DepthwiseConv2dNativeBackpropInput,gradient_tape/mobilenetv2_1.00_128/block_10_depthwise/depthwise/DepthwiseConv2dNativeBackpropInput,2,34.464,17.232,34.464,17.232,0.0005251275690191006,0.9293644757263877,0.0,0.0
183,Device,DepthwiseConv2dNativeBackpropInput,gradient_tape/mobilenetv2_1.00_128/block_8_depthwise/depthwise/DepthwiseConv2dNativeBackpropInput,2,34.368,17.184,34.368,17.184,0.0005236648181304681,0.9298881405445182,0.0,0.0
184,Device,Conv2DBackpropInput,gradient_tape/mobilenetv2_1.00_128/block_6_project/Conv2D/Conv2DBackpropInput,2,34.336,17.168,34.336,17.168,0.0005231772345009239,0.9304113177790191,0.0,0.0
185,Device,FusedBatchNormGradV3,gradient_tape/mobilenetv2_1.00_128/block_1_project_BN/FusedBatchNormGradV3,2,33.505,16.7525,33.505,16.7525,0.0005105152971211981,0.9309218330761403,0.0,0.0
186,Device,Conv2D,mobilenetv2_1.00_128/block_6_project/Conv2D,2,33.248,16.624,33.248,16.624,0.0005065993910964211,0.9314284324672367,0.0,0.0
187,Device,Conv2D,mobilenetv2_1.00_128/block_7_expand/Conv2D,2,33.216,16.608,33.216,16.608,0.000506111807466877,0.9319345442747036,0.0,0.0
188,Device,Conv2D,mobilenetv2_1.00_128/block_10_expand/Conv2D,2,33.184,16.592,33.184,16.592,0.0005056242238373328,0.9324401684985409,0.0,0.0
189,Device,Conv2D,mobilenetv2_1.00_128/block_9_expand/Conv2D,2,33.152,16.576,33.152,16.576,0.0005051366402077886,0.9329453051387487,0.0,0.0
190,Device,FusedBatchNormGradV3,gradient_tape/mobilenetv2_1.00_128/block_12_depthwise_BN/FusedBatchNormGradV3,2,33.056,16.528,33.056,16.528,0.0005036738893191559,0.9334489790280679,0.0,0.0
191,Device,Conv2D,mobilenetv2_1.00_128/block_8_expand/Conv2D,2,33.056,16.528,33.056,16.528,0.0005036738893191559,0.933952652917387,0.0,0.0
192,Device,FusedBatchNormGradV3,gradient_tape/mobilenetv2_1.00_128/block_2_project_BN/FusedBatchNormGradV3,2,32.864,16.432,32.864,16.432,0.0005007483875418908,0.9344534013049289,0.0,0.0
193,Device,FusedBatchNormGradV3,gradient_tape/mobilenetv2_1.00_128/block_11_depthwise_BN/FusedBatchNormGradV3,2,32.8,16.4,32.8,16.4,0.0004997732202828023,0.9349531745252118,0.0,0.0
194,Device,FusedBatchNormGradV3,gradient_tape/mobilenetv2_1.00_128/block_16_depthwise_BN/FusedBatchNormGradV3,2,32.224,16.112,32.224,16.112,0.0004909967149510068,0.9354441712401628,0.0,0.0
195,Device,FusedBatchNormV3,mobilenetv2_1.00_128/block_4_depthwise_BN/FusedBatchNormV3,4,32.16,8.04,32.16,8.04,0.0004900215476919184,0.9359341927878547,0.0,0.0
196,Device,FusedBatchNormGradV3,gradient_tape/mobilenetv2_1.00_128/block_12_expand_BN/FusedBatchNormGradV3,2,31.968,15.984,31.968,15.984,0.0004870960459146533,0.9364212888337694,0.0,0.0
197,Device,FusedBatchNormGradV3,gradient_tape/mobilenetv2_1.00_128/block_11_expand_BN/FusedBatchNormGradV3,2,31.936,15.968,31.936,15.968,0.0004866084622851091,0.9369078972960545,0.0,0.0
198,Device,Pad,mobilenetv2_1.00_128/block_6_pad/Pad,2,31.872,15.936,31.872,15.936,0.00048563329502602067,0.9373935305910805,0.0,0.0
199,Device,Relu6Grad,gradient_tape/mobilenetv2_1.00_128/block_6_expand_relu/Relu6/Relu6Grad,2,31.712,15.856,31.712,15.856,0.0004831953768782997,0.9378767259679589,0.0,0.0
200,Device,FusedBatchNormV3,mobilenetv2_1.00_128/block_5_depthwise_BN/FusedBatchNormV3,4,31.648,7.912,31.648,7.912,0.0004822202096192113,0.9383589461775781,0.0,0.0
201,Device,FusedBatchNormGradV3,gradient_tape/mobilenetv2_1.00_128/block_13_expand_BN/FusedBatchNormGradV3,2,31.52,15.76,31.52,15.76,0.0004802698751010345,0.9388392160526792,0.0,0.0
202,Device,FusedBatchNormV3,mobilenetv2_1.00_128/block_5_expand_BN/FusedBatchNormV3,4,31.456,7.864,31.456,7.864,0.0004792947078419461,0.9393185107605211,0.0,0.0
203,Device,ArgMax,ArgMax,2,31.168,15.584,31.168,15.584,0.0004749064551760483,0.9397934172156971,0.0,0.0
204,Device,FusedBatchNormV3,mobilenetv2_1.00_128/block_13_depthwise_BN/FusedBatchNormV3,4,31.168,7.792,31.168,7.792,0.0004749064551760483,0.9402683236708731,0.0,0.0
205,Device,DepthwiseConv2dNativeBackpropFilter,gradient_tape/mobilenetv2_1.00_128/block_11_depthwise/depthwise/DepthwiseConv2dNativeBackpropFilter,2,31.136,15.568,31.136,15.568,0.0004744188715465041,0.9407427425424196,0.0,0.0
206,Device,FusedBatchNormGradV3,gradient_tape/mobilenetv2_1.00_128/block_15_depthwise_BN/FusedBatchNormGradV3,2,31.136,15.568,31.136,15.568,0.0004744188715465041,0.9412171614139662,0.0,0.0
207,Device,DepthwiseConv2dNativeBackpropFilter,gradient_tape/mobilenetv2_1.00_128/block_12_depthwise/depthwise/DepthwiseConv2dNativeBackpropFilter,2,31.072,15.536,31.072,15.536,0.00047344370428741575,0.9416906051182535,0.0,0.0
208,Device,FusedBatchNormV3,mobilenetv2_1.00_128/block_1_project_BN/FusedBatchNormV3,4,30.912,7.728,30.912,7.728,0.00047100578613969477,0.9421616109043932,0.0,0.0
209,Device,Conv2D,mobilenetv2_1.00_128/block_3_project/Conv2D,2,30.784,15.392,30.784,15.392,0.000469055451621518,0.9426306663560148,0.0,0.0
210,Device,FusedBatchNormV3,mobilenetv2_1.00_128/block_6_expand_BN/FusedBatchNormV3,4,30.688,7.672,30.688,7.672,0.00046759270073288536,0.9430982590567477,0.0,0.0
211,Device,FusedBatchNormGradV3,gradient_tape/mobilenetv2_1.00_128/block_16_expand_BN/FusedBatchNormGradV3,2,30.656,15.328,30.656,15.328,0.0004671051171033412,0.9435653641738511,0.0,0.0
212,Device,FusedBatchNormV3,mobilenetv2_1.00_128/block_2_project_BN/FusedBatchNormV3,4,30.496,7.624,30.496,7.624,0.0004646671989556202,0.9440300313728067,0.0,0.0
213,Device,FusedBatchNormGradV3,gradient_tape/mobilenetv2_1.00_128/block_14_depthwise_BN/FusedBatchNormGradV3,2,30.465,15.2325,30.465,15.2325,0.00046419485231449927,0.9444942262251212,0.0,0.0
214,Device,FusedBatchNormV3,mobilenetv2_1.00_128/block_4_expand_BN/FusedBatchNormV3,4,30.464,7.616,30.464,7.616,0.00046417961532607596,0.9449584058404473,0.0,0.0
215,Device,FusedBatchNormGradV3,gradient_tape/mobilenetv2_1.00_128/block_14_expand_BN/FusedBatchNormGradV3,2,30.432,15.216,30.432,15.216,0.00046369203169653177,0.9454220978721438,0.0,0.0
216,Device,FusedBatchNormV3,mobilenetv2_1.00_128/block_3_depthwise_BN/FusedBatchNormV3,4,30.144,7.536,30.144,7.536,0.000459303779030634,0.9458814016511744,0.0,0.0
217,Device,FusedBatchNormGradV3,gradient_tape/mobilenetv2_1.00_128/block_15_expand_BN/FusedBatchNormGradV3,2,29.984,14.992,29.984,14.992,0.00045686586088291306,0.9463382675120573,0.0,0.0
218,Device,FusedBatchNormV3,mobilenetv2_1.00_128/block_10_depthwise_BN/FusedBatchNormV3,4,29.92,7.48,29.92,7.48,0.0004558906936238247,0.9467941582056811,0.0,0.0
219,Device,FusedBatchNormV3,mobilenetv2_1.00_128/block_9_expand_BN/FusedBatchNormV3,4,29.824,7.456,29.824,7.456,0.0004544279427351921,0.9472485861484163,0.0,0.0
220,Device,FusedBatchNormV3,mobilenetv2_1.00_128/block_8_expand_BN/FusedBatchNormV3,4,29.697,7.42425,29.697,7.42425,0.0004524928452054385,0.9477010789936218,0.0,0.0
221,Device,FusedBatchNormV3,mobilenetv2_1.00_128/block_8_depthwise_BN/FusedBatchNormV3,4,29.632,7.408,29.632,7.408,0.00045150244095792686,0.9481525814345797,0.0,0.0
222,Device,FusedBatchNormV3,mobilenetv2_1.00_128/block_7_depthwise_BN/FusedBatchNormV3,4,29.6,7.4,29.6,7.4,0.00045101485732838267,0.948603596291908,0.0,0.0
223,Device,Relu6Grad,gradient_tape/mobilenetv2_1.00_128/block_4_expand_relu/Relu6/Relu6Grad,2,29.568,14.784,29.568,14.784,0.0004505272736988385,0.9490541235656069,0.0,0.0
224,Device,FusedBatchNormV3,mobilenetv2_1.00_128/block_7_expand_BN/FusedBatchNormV3,4,29.473,7.36825,29.473,7.36825,0.00044907975979862914,0.9495032033254055,0.0,0.0
225,Device,Relu6Grad,gradient_tape/mobilenetv2_1.00_128/block_5_expand_relu/Relu6/Relu6Grad,2,29.344,14.672,29.344,14.672,0.0004471141882920291,0.9499503175136975,0.0,0.0
226,Device,DepthwiseConv2dNative,mobilenetv2_1.00_128/block_4_depthwise/depthwise,2,29.344,14.672,29.344,14.672,0.0004471141882920291,0.9503974317019895,0.0,0.0
227,Device,FusedBatchNormV3,mobilenetv2_1.00_128/block_9_depthwise_BN/FusedBatchNormV3,4,29.344,7.336,29.344,7.336,0.0004471141882920291,0.9508445458902816,0.0,0.0
228,Device,FusedBatchNormV3,mobilenetv2_1.00_128/block_10_expand_BN/FusedBatchNormV3,4,29.12,7.28,29.12,7.28,0.0004437011028852197,0.9512882469931668,0.0,0.0
229,Device,DepthwiseConv2dNative,mobilenetv2_1.00_128/block_5_depthwise/depthwise,2,28.736,14.368,28.736,14.368,0.00043785009933068933,0.9517260970924976,0.0,0.0
230,Device,DepthwiseConv2dNativeBackpropInput,gradient_tape/mobilenetv2_1.00_128/block_14_depthwise/depthwise/DepthwiseConv2dNativeBackpropInput,2,24.896,12.448,24.896,12.448,0.00037934006378538565,0.9521054371562829,0.0,0.0
231,Device,DepthwiseConv2dNativeBackpropInput,gradient_tape/mobilenetv2_1.00_128/block_16_depthwise/depthwise/DepthwiseConv2dNativeBackpropInput,2,24.896,12.448,24.896,12.448,0.00037934006378538565,0.9524847772200683,0.0,0.0
232,Device,FusedBatchNormV3,mobilenetv2_1.00_128/block_16_project_BN/FusedBatchNormV3,4,24.768,6.192,24.768,6.192,0.00037738972926720885,0.9528621669493356,0.0,0.0
233,Device,DepthwiseConv2dNativeBackpropInput,gradient_tape/mobilenetv2_1.00_128/block_15_depthwise/depthwise/DepthwiseConv2dNativeBackpropInput,2,24.704,12.352,24.704,12.352,0.0003764145620081205,0.9532385815113437,0.0,0.0
234,Device,DepthwiseConv2dNativeBackpropFilter,gradient_tape/mobilenetv2_1.00_128/block_8_depthwise/depthwise/DepthwiseConv2dNativeBackpropFilter,2,24.322,12.161,24.322,12.161,0.00037059403243043656,0.9536091755437741,0.0,0.0
235,Device,DepthwiseConv2dNativeBackpropFilter,gradient_tape/mobilenetv2_1.00_128/block_7_depthwise/depthwise/DepthwiseConv2dNativeBackpropFilter,2,24.256,12.128,24.256,12.128,0.00036958839119450166,0.9539787639349686,0.0,0.0
236,Device,DepthwiseConv2dNativeBackpropFilter,gradient_tape/mobilenetv2_1.00_128/block_10_depthwise/depthwise/DepthwiseConv2dNativeBackpropFilter,2,24.16,12.08,24.16,12.08,0.0003681256403058691,0.9543468895752745,0.0,0.0
237,Device,DepthwiseConv2dNativeBackpropFilter,gradient_tape/mobilenetv2_1.00_128/block_9_depthwise/depthwise/DepthwiseConv2dNativeBackpropFilter,2,24.032,12.016,24.032,12.016,0.0003661753057876923,0.9547130648810621,0.0,0.0
238,Device,FusedBatchNormV3,mobilenetv2_1.00_128/block_6_depthwise_BN/FusedBatchNormV3,4,23.904,5.976,23.904,5.976,0.0003642249712695155,0.9550772898523316,0.0,0.0
239,Device,FusedBatchNormGradV3,gradient_tape/mobilenetv2_1.00_128/block_7_depthwise_BN/FusedBatchNormGradV3,2,23.776,11.888,23.776,11.888,0.0003622746367513387,0.955439564489083,0.0,0.0
240,Device,Slice,gradient_tape/mobilenetv2_1.00_128/block_6_pad/Slice_1,2,23.68,11.84,23.68,11.84,0.0003608118858627061,0.9558003763749456,0.0,0.0
241,Device,FusedBatchNormGradV3,gradient_tape/mobilenetv2_1.00_128/block_8_depthwise_BN/FusedBatchNormGradV3,2,23.456,11.728,23.456,11.728,0.00035739880045589675,0.9561577751754016,0.0,0.0
242,Device,FusedBatchNormGradV3,gradient_tape/mobilenetv2_1.00_128/block_10_depthwise_BN/FusedBatchNormGradV3,2,23.104,11.552,23.104,11.552,0.00035203538053091055,0.9565098105559324,0.0,0.0
243,Device,FusedBatchNormGradV3,gradient_tape/mobilenetv2_1.00_128/block_9_depthwise_BN/FusedBatchNormGradV3,2,22.816,11.408,22.816,11.408,0.00034764712786501277,0.9568574576837975,0.0,0.0
244,Device,MatMul,mobilenetv2_1.00_128/predictions/MatMul,2,22.816,11.408,22.816,11.408,0.00034764712786501277,0.9572051048116625,0.0,0.0
245,Device,FusedBatchNormGradV3,gradient_tape/mobilenetv2_1.00_128/block_10_expand_BN/FusedBatchNormGradV3,2,22.592,11.296,22.592,11.296,0.0003442340424582034,0.9575493388541207,0.0,0.0
246,Device,FusedBatchNormGradV3,gradient_tape/mobilenetv2_1.00_128/block_7_expand_BN/FusedBatchNormGradV3,2,22.56,11.28,22.56,11.28,0.0003437464588286592,0.9578930853129494,0.0,0.0
247,Device,FusedBatchNormGradV3,gradient_tape/mobilenetv2_1.00_128/block_9_expand_BN/FusedBatchNormGradV3,2,22.272,11.136,22.272,11.136,0.0003393582061627614,0.9582324435191121,0.0,0.0
248,Device,FusedBatchNormV3,mobilenetv2_1.00_128/block_5_project_BN/FusedBatchNormV3,4,22.176,5.544,22.176,5.544,0.00033789545527412884,0.9585703389743863,0.0,0.0
249,Device,FusedBatchNormGradV3,gradient_tape/mobilenetv2_1.00_128/block_3_depthwise_BN/FusedBatchNormGradV3,2,22.112,11.056,22.112,11.056,0.0003369202880150404,0.9589072592624013,0.0,0.0
250,Device,FusedBatchNormGradV3,gradient_tape/mobilenetv2_1.00_128/block_8_expand_BN/FusedBatchNormGradV3,2,22.016,11.008,22.016,11.008,0.00033545753712640786,0.9592427167995277,0.0,0.0
251,Device,FusedBatchNormV3,mobilenetv2_1.00_128/block_4_project_BN/FusedBatchNormV3,4,21.824,5.456,21.824,5.456,0.0003325320353491427,0.9595752488348768,0.0,0.0
252,Device,FusedBatchNormV3,mobilenetv2_1.00_128/block_3_project_BN/FusedBatchNormV3,4,21.728,5.432,21.728,5.432,0.00033106928446051013,0.9599063181193372,0.0,0.0
253,Device,DepthwiseConv2dNative,mobilenetv2_1.00_128/block_6_depthwise/depthwise,2,21.504,10.752,21.504,10.752,0.0003276561990537007,0.960233974318391,0.0,0.0
254,Device,FusedBatchNormGradV3,gradient_tape/mobilenetv2_1.00_128/block_13_depthwise_BN/FusedBatchNormGradV3,2,21.248,10.624,21.248,10.624,0.00032375553001734713,0.9605577298484084,0.0,0.0
255,Device,FusedBatchNormV3,mobilenetv2_1.00_128/block_15_project_BN/FusedBatchNormV3,4,21.088,5.272,21.088,5.272,0.00032131761186962615,0.960879047460278,0.0,0.0
256,Device,Slice,gradient_tape/mobilenetv2_1.00_128/block_13_pad/Slice_1,2,20.928,10.464,20.928,10.464,0.00031887969372190516,0.9611979271539999,0.0,0.0
257,Device,Relu6Grad,gradient_tape/mobilenetv2_1.00_128/block_5_depthwise_relu/Relu6/Relu6Grad,2,20.832,10.416,20.832,10.416,0.00031741694283327255,0.9615153440968331,0.0,0.0
258,Device,Relu6Grad,gradient_tape/mobilenetv2_1.00_128/block_4_depthwise_relu/Relu6/Relu6Grad,2,20.736,10.368,20.736,10.368,0.00031595419194464,0.9618312982887778,0.0,0.0
259,Device,FusedBatchNormV3,mobilenetv2_1.00_128/block_10_project_BN/FusedBatchNormV3,4,20.704,5.176,20.704,5.176,0.00031546660831509576,0.9621467648970928,0.0,0.0
260,Device,DepthwiseConv2dNative,mobilenetv2_1.00_128/block_14_depthwise/depthwise,2,20.704,10.352,20.704,10.352,0.00031546660831509576,0.9624622315054079,0.0,0.0
261,Device,FusedBatchNormV3,mobilenetv2_1.00_128/block_14_project_BN/FusedBatchNormV3,4,20.704,5.176,20.704,5.176,0.00031546660831509576,0.9627776981137229,0.0,0.0
262,Device,FusedBatchNormV3,mobilenetv2_1.00_128/block_13_project_BN/FusedBatchNormV3,4,20.672,5.168,20.672,5.168,0.00031497902468555157,0.9630926771384085,0.0,0.0
263,Device,FusedBatchNormV3,mobilenetv2_1.00_128/block_12_project_BN/FusedBatchNormV3,4,20.64,5.16,20.64,5.16,0.0003144914410560074,0.9634071685794645,0.0,0.0
264,Device,FusedBatchNormV3,mobilenetv2_1.00_128/block_11_project_BN/FusedBatchNormV3,4,20.576,5.144,20.576,5.144,0.00031351627379691896,0.9637206848532615,0.0,0.0
265,Device,DepthwiseConv2dNative,mobilenetv2_1.00_128/block_15_depthwise/depthwise,2,20.384,10.192,20.384,10.192,0.0003105907720196538,0.9640312756252811,0.0,0.0
266,Device,DepthwiseConv2dNative,mobilenetv2_1.00_128/block_16_depthwise/depthwise,2,20.384,10.192,20.384,10.192,0.0003105907720196538,0.9643418663973008,0.0,0.0
267,Device,FusedBatchNormV3,mobilenetv2_1.00_128/block_9_project_BN/FusedBatchNormV3,4,20.16,5.04,20.16,5.04,0.00030717768661284444,0.9646490440839136,0.0,0.0
268,Device,Relu6Grad,gradient_tape/mobilenetv2_1.00_128/block_13_expand_relu/Relu6/Relu6Grad,2,20.096,10.048,20.096,10.048,0.000306202519353756,0.9649552466032674,0.0,0.0
269,Device,FusedBatchNormV3,mobilenetv2_1.00_128/block_8_project_BN/FusedBatchNormV3,4,19.905,4.97625,19.905,4.97625,0.0003032922545649141,0.9652585388578323,0.0,0.0
270,Device,FusedBatchNormV3,mobilenetv2_1.00_128/block_7_project_BN/FusedBatchNormV3,4,19.776,4.944,19.776,4.944,0.00030132668305831405,0.9655598655408906,0.0,0.0
271,Device,FusedBatchNormV3,mobilenetv2_1.00_128/block_6_project_BN/FusedBatchNormV3,4,19.712,4.928,19.712,4.928,0.0003003515157992256,0.9658602170566898,0.0,0.0
272,Device,Relu6Grad,gradient_tape/mobilenetv2_1.00_128/block_12_depthwise_relu/Relu6/Relu6Grad,2,19.424,9.712,19.424,9.712,0.00029596326313332784,0.9661561803198231,0.0,0.0
273,Device,Relu6Grad,gradient_tape/mobilenetv2_1.00_128/block_11_expand_relu/Relu6/Relu6Grad,2,19.392,9.696,19.392,9.696,0.00029547567950378366,0.9664516559993269,0.0,0.0
274,Device,ArgMax,ArgMax_1,2,19.36,9.68,19.36,9.68,0.00029498809587423947,0.9667466440952012,0.0,0.0
275,Device,Relu6Grad,gradient_tape/mobilenetv2_1.00_128/block_11_depthwise_relu/Relu6/Relu6Grad,2,19.36,9.68,19.36,9.68,0.00029498809587423947,0.9670416321910754,0.0,0.0
276,Device,Softmax,mobilenetv2_1.00_128/predictions/Softmax,2,19.232,9.616,19.232,9.616,0.0002930377613560627,0.9673346699524314,0.0,0.0
277,Device,Relu6Grad,gradient_tape/mobilenetv2_1.00_128/block_12_expand_relu/Relu6/Relu6Grad,2,19.008,9.504,19.008,9.504,0.00028962467594925327,0.9676242946283807,0.0,0.0
278,Device,DepthwiseConv2dNative,mobilenetv2_1.00_128/block_11_depthwise/depthwise,2,18.944,9.472,18.944,9.472,0.0002886495086901649,0.9679129441370709,0.0,0.0
279,Device,DepthwiseConv2dNative,mobilenetv2_1.00_128/block_12_depthwise/depthwise,2,18.656,9.328,18.656,9.328,0.0002842612560242671,0.9681972053930952,0.0,0.0
280,Device,ResourceApplyGradientDescent,SGD/SGD/update_153/ResourceApplyGradientDescent,2,17.184,8.592,17.184,8.592,0.00026183240906523403,0.9684590378021604,0.0,0.0
281,Device,DepthwiseConv2dNative,mobilenetv2_1.00_128/block_13_depthwise/depthwise,2,16.832,8.416,16.832,8.416,0.0002564689891402479,0.9687155067913006,0.0,0.0
282,Device,FusedBatchNormGradV3,gradient_tape/mobilenetv2_1.00_128/block_16_project_BN/FusedBatchNormGradV3,2,15.712,7.856,15.712,7.856,0.00023940356210620095,0.9689549103534068,0.0,0.0
283,Device,FusedBatchNormGradV3,gradient_tape/mobilenetv2_1.00_128/block_3_project_BN/FusedBatchNormGradV3,2,15.104,7.552,15.104,7.552,0.0002301394731448612,0.9691850498265516,0.0,0.0
284,Device,DepthwiseConv2dNative,mobilenetv2_1.00_128/block_8_depthwise/depthwise,2,15.008,7.504,15.008,7.504,0.0002286767222562286,0.9694137265488079,0.0,0.0
285,Device,ResourceApplyGradientDescent,SGD/SGD/update_150/ResourceApplyGradientDescent,2,14.88,7.44,14.88,7.44,0.00022672638773805183,0.9696404529365459,0.0,0.0
286,Device,DepthwiseConv2dNative,mobilenetv2_1.00_128/block_7_depthwise/depthwise,2,14.688,7.344,14.688,7.344,0.00022380088596078666,0.9698642538225066,0.0,0.0
287,Device,DepthwiseConv2dNative,mobilenetv2_1.00_128/block_9_depthwise/depthwise,2,14.656,7.328,14.656,7.328,0.00022331330233124245,0.9700875671248379,0.0,0.0
288,Device,DepthwiseConv2dNative,mobilenetv2_1.00_128/block_10_depthwise/depthwise,2,14.56,7.28,14.56,7.28,0.00022185055144260986,0.9703094176762805,0.0,0.0
289,Device,FusedBatchNormGradV3,gradient_tape/mobilenetv2_1.00_128/block_5_project_BN/FusedBatchNormGradV3,2,14.304,7.152,14.304,7.152,0.00021794988240625627,0.9705273675586868,0.0,0.0
290,Device,Mean,mobilenetv2_1.00_128/global_average_pooling2d/Mean,2,14.176,7.088,14.176,7.088,0.00021599954788807947,0.9707433671065749,0.0,0.0
291,Device,MatMul,gradient_tape/mobilenetv2_1.00_128/predictions/MatMul/MatMul,2,14.144,7.072,14.144,7.072,0.0002155119642585353,0.9709588790708334,0.0,0.0
292,Device,FusedBatchNormGradV3,gradient_tape/mobilenetv2_1.00_128/block_4_project_BN/FusedBatchNormGradV3,2,13.888,6.944,13.888,6.944,0.0002116112952221817,0.9711704903660556,0.0,0.0
293,Device,FusedBatchNormGradV3,gradient_tape/mobilenetv2_1.00_128/block_6_depthwise_BN/FusedBatchNormGradV3,2,13.728,6.864,13.728,6.864,0.0002091733770744607,0.9713796637431301,0.0,0.0
294,Device,Relu6Grad,gradient_tape/mobilenetv2_1.00_128/block_3_depthwise_relu/Relu6/Relu6Grad,2,13.504,6.752,13.504,6.752,0.00020576029166765133,0.9715854240347978,0.0,0.0
295,Device,AddV2,mobilenetv2_1.00_128/block_2_add/add,2,13.152,6.576,13.152,6.576,0.00020039687174266515,0.9717858209065404,0.0,0.0
296,Device,AddN,SGD/gradients/AddN_9,2,12.544,6.272,12.544,6.272,0.0001911327827813254,0.9719769536893218,0.0,0.0
297,Device,FusedBatchNormGradV3,gradient_tape/mobilenetv2_1.00_128/block_12_project_BN/FusedBatchNormGradV3,2,12.448,6.224,12.448,6.224,0.00018967003189269282,0.9721666237212145,0.0,0.0
298,Device,BroadcastTo,gradient_tape/mobilenetv2_1.00_128/global_average_pooling2d/BroadcastTo,2,12.352,6.176,12.352,6.176,0.00018820728100406024,0.9723548310022186,0.0,0.0
299,Device,FusedBatchNormGradV3,gradient_tape/mobilenetv2_1.00_128/block_10_project_BN/FusedBatchNormGradV3,2,12.321,6.1605,12.321,6.1605,0.0001877349343629393,0.9725425659365816,0.0,0.0
300,Device,Transpose,mobilenetv2_1.00_128/out_relu/Relu6-0-0-TransposeNCHWToNHWC-LayoutOptimizer,2,12.192,6.096,12.192,6.096,0.00018576936285633923,0.9727283352994379,0.0,0.0
301,Device,Transpose,gradient_tape/mobilenetv2_1.00_128/out_relu/Relu6/Relu6Grad-0-TransposeNHWCToNCHW-LayoutOptimizer,2,12.096,6.048,12.096,6.048,0.00018430661196770665,0.9729126419114056,0.0,0.0
302,Device,Relu6,mobilenetv2_1.00_128/block_5_depthwise_relu/Relu6,2,12.096,6.048,12.096,6.048,0.00018430661196770665,0.9730969485233733,0.0,0.0
303,Device,Relu6,mobilenetv2_1.00_128/block_5_expand_relu/Relu6,2,12.0,6.0,12.0,6.0,0.00018284386107907406,0.9732797923844523,0.0,0.0
304,Device,Relu6,mobilenetv2_1.00_128/block_4_expand_relu/Relu6,2,11.904,5.952,11.904,5.952,0.00018138111019044145,0.9734611734946427,0.0,0.0
305,Device,Relu6,mobilenetv2_1.00_128/block_4_depthwise_relu/Relu6,2,11.777,5.8885,11.777,5.8885,0.00017944601266068792,0.9736406195073034,0.0,0.0
306,Device,Relu6,mobilenetv2_1.00_128/block_6_expand_relu/Relu6,2,11.616,5.808,11.616,5.808,0.00017699285752454367,0.973817612364828,0.0,0.0
307,Device,FusedBatchNormGradV3,gradient_tape/mobilenetv2_1.00_128/block_14_project_BN/FusedBatchNormGradV3,2,11.456,5.728,11.456,5.728,0.0001745549393768227,0.9739921673042048,0.0,0.0
308,Device,FusedBatchNormGradV3,gradient_tape/mobilenetv2_1.00_128/block_11_project_BN/FusedBatchNormGradV3,2,11.392,5.696,11.392,5.696,0.0001735797721177343,0.9741657470763225,0.0,0.0
309,Device,FusedBatchNormGradV3,gradient_tape/mobilenetv2_1.00_128/block_6_project_BN/FusedBatchNormGradV3,2,11.36,5.68,11.36,5.68,0.0001730921884881901,0.9743388392648107,0.0,0.0
310,Device,FusedBatchNormGradV3,gradient_tape/mobilenetv2_1.00_128/block_8_project_BN/FusedBatchNormGradV3,2,11.36,5.68,11.36,5.68,0.0001730921884881901,0.9745119314532988,0.0,0.0
311,Device,FusedBatchNormGradV3,gradient_tape/mobilenetv2_1.00_128/block_9_project_BN/FusedBatchNormGradV3,2,11.232,5.616,11.232,5.616,0.0001711418539700133,0.9746830733072689,0.0,0.0
312,Device,FusedBatchNormGradV3,gradient_tape/mobilenetv2_1.00_128/block_7_project_BN/FusedBatchNormGradV3,2,11.2,5.6,11.2,5.6,0.0001706542703404691,0.9748537275776094,0.0,0.0
313,Device,DynamicStitch,gradient_tape/mobilenetv2_1.00_128/global_average_pooling2d/DynamicStitch,2,10.88,5.44,10.88,5.44,0.00016577843404502716,0.9750195060116543,0.0,0.0
314,Device,FusedBatchNormGradV3,gradient_tape/mobilenetv2_1.00_128/block_13_project_BN/FusedBatchNormGradV3,2,10.816,5.408,10.816,5.408,0.00016480326678593876,0.9751843092784402,0.0,0.0
315,Device,FusedBatchNormGradV3,gradient_tape/mobilenetv2_1.00_128/block_15_project_BN/FusedBatchNormGradV3,2,10.56,5.28,10.56,5.28,0.00016090259774958517,0.9753452118761898,0.0,0.0
316,Device,Relu6Grad,gradient_tape/mobilenetv2_1.00_128/block_16_depthwise_relu/Relu6/Relu6Grad,2,10.464,5.232,10.464,5.232,0.00015943984686095258,0.9755046517230508,0.0,0.0
317,Device,RealDiv,gradient_tape/mobilenetv2_1.00_128/global_average_pooling2d/truediv,2,10.464,5.232,10.464,5.232,0.00015943984686095258,0.9756640915699117,0.0,0.0
318,Device,Relu6Grad,gradient_tape/mobilenetv2_1.00_128/out_relu/Relu6/Relu6Grad,2,10.24,5.12,10.24,5.12,0.0001560267614541432,0.9758201183313658,0.0,0.0
319,Device,Relu6Grad,gradient_tape/mobilenetv2_1.00_128/block_7_depthwise_relu/Relu6/Relu6Grad,2,10.208,5.104,10.208,5.104,0.000155539177824599,0.9759756575091905,0.0,0.0
320,Device,Relu6Grad,gradient_tape/mobilenetv2_1.00_128/block_10_depthwise_relu/Relu6/Relu6Grad,2,10.176,5.088,10.176,5.088,0.0001550515941950548,0.9761307091033855,0.0,0.0
321,Device,Relu6Grad,gradient_tape/mobilenetv2_1.00_128/block_9_depthwise_relu/Relu6/Relu6Grad,2,10.113,5.0565,10.113,5.0565,0.00015409166392438964,0.97628480076731,0.0,0.0
322,Device,Relu6Grad,gradient_tape/mobilenetv2_1.00_128/block_7_expand_relu/Relu6/Relu6Grad,2,10.112,5.056,10.112,5.056,0.0001540764269359664,0.9764388771942459,0.0,0.0
323,Device,Relu6Grad,gradient_tape/mobilenetv2_1.00_128/block_8_depthwise_relu/Relu6/Relu6Grad,2,10.112,5.056,10.112,5.056,0.0001540764269359664,0.9765929536211819,0.0,0.0
324,Device,Relu6Grad,gradient_tape/mobilenetv2_1.00_128/block_9_expand_relu/Relu6/Relu6Grad,2,10.112,5.056,10.112,5.056,0.0001540764269359664,0.9767470300481179,0.0,0.0
325,Device,Relu6Grad,gradient_tape/mobilenetv2_1.00_128/block_10_expand_relu/Relu6/Relu6Grad,2,10.08,5.04,10.08,5.04,0.00015358884330642222,0.9769006188914243,0.0,0.0
326,Device,Relu6Grad,gradient_tape/mobilenetv2_1.00_128/block_8_expand_relu/Relu6/Relu6Grad,2,10.08,5.04,10.08,5.04,0.00015358884330642222,0.9770542077347307,0.0,0.0
327,Device,MatMul,gradient_tape/mobilenetv2_1.00_128/predictions/MatMul/MatMul_1,2,9.984,4.992,9.984,4.992,0.0001521260924177896,0.9772063338271485,0.0,0.0
328,Device,Relu6,mobilenetv2_1.00_128/block_12_depthwise_relu/Relu6,2,9.728,4.864,9.728,4.864,0.00014822542338143604,0.9773545592505299,0.0,0.0
329,Device,Relu6,mobilenetv2_1.00_128/block_11_depthwise_relu/Relu6,2,9.632,4.816,9.632,4.816,0.00014676267249280343,0.9775013219230227,0.0,0.0
330,Device,Relu6,mobilenetv2_1.00_128/block_12_expand_relu/Relu6,2,9.632,4.816,9.632,4.816,0.00014676267249280343,0.9776480845955156,0.0,0.0
331,Device,Relu6,mobilenetv2_1.00_128/block_3_depthwise_relu/Relu6,2,9.568,4.784,9.568,4.784,0.00014578750523371503,0.9777938721007493,0.0,0.0
332,Device,Relu6,mobilenetv2_1.00_128/block_13_expand_relu/Relu6,2,9.504,4.752,9.504,4.752,0.00014481233797462663,0.9779386844387239,0.0,0.0
333,Device,Relu6,mobilenetv2_1.00_128/block_9_depthwise_relu/Relu6,2,9.28,4.64,9.28,4.64,0.00014139925256781725,0.9780800836912917,0.0,0.0
334,Device,AddN,SGD/gradients/AddN_8,2,9.217,4.6085,9.217,4.6085,0.00014043932229715214,0.9782205230135889,0.0,0.0
335,Device,Relu6,mobilenetv2_1.00_128/block_11_expand_relu/Relu6,2,9.216,4.608,9.216,4.608,0.00014042408530872885,0.9783609470988975,0.0,0.0
336,Device,Relu6,mobilenetv2_1.00_128/block_7_depthwise_relu/Relu6,2,9.184,4.592,9.184,4.592,0.00013993650167918467,0.9785008836005767,0.0,0.0
337,Device,Relu6,mobilenetv2_1.00_128/block_10_depthwise_relu/Relu6,2,9.12,4.56,9.12,4.56,0.00013896133442009627,0.9786398449349969,0.0,0.0
338,Device,AddN,SGD/gradients/AddN_7,2,9.088,4.544,9.088,4.544,0.00013847375079055206,0.9787783186857875,0.0,0.0
339,Device,AddV2,mobilenetv2_1.00_128/block_4_add/add,2,9.088,4.544,9.088,4.544,0.00013847375079055206,0.978916792436578,0.0,0.0
340,Device,Relu6,mobilenetv2_1.00_128/block_8_depthwise_relu/Relu6,2,9.056,4.528,9.056,4.528,0.00013798616716100787,0.979054778603739,0.0,0.0
341,Device,AddV2,mobilenetv2_1.00_128/block_5_add/add,2,9.024,4.512,9.024,4.512,0.00013749858353146369,0.9791922771872705,0.0,0.0
342,Device,Relu6,mobilenetv2_1.00_128/block_10_expand_relu/Relu6,2,8.992,4.496,8.992,4.496,0.0001370109999019195,0.9793292881871725,0.0,0.0
343,Device,Relu6,mobilenetv2_1.00_128/block_7_expand_relu/Relu6,2,8.896,4.448,8.896,4.448,0.00013554824901328692,0.9794648364361858,0.0,0.0
344,Device,Relu6,mobilenetv2_1.00_128/block_9_expand_relu/Relu6,2,8.8,4.4,8.8,4.4,0.0001340854981246543,0.9795989219343104,0.0,0.0
345,Device,Relu6,mobilenetv2_1.00_128/block_8_expand_relu/Relu6,2,8.768,4.384,8.768,4.384,0.00013359791449511012,0.9797325198488055,0.0,0.0
346,Device,AddN,SGD/gradients/AddN_3,2,8.576,4.288,8.576,4.288,0.00013067241271784492,0.9798631922615233,0.0,0.0
347,Device,Relu6,mobilenetv2_1.00_128/out_relu/Relu6,2,8.576,4.288,8.576,4.288,0.00013067241271784492,0.9799938646742411,0.0,0.0
348,Device,Relu6Grad,gradient_tape/mobilenetv2_1.00_128/block_14_depthwise_relu/Relu6/Relu6Grad,2,8.544,4.272,8.544,4.272,0.00013018482908830074,0.9801240495033294,0.0,0.0
349,Device,Relu6Grad,gradient_tape/mobilenetv2_1.00_128/block_15_depthwise_relu/Relu6/Relu6Grad,2,8.544,4.272,8.544,4.272,0.00013018482908830074,0.9802542343324178,0.0,0.0
350,Device,Relu6Grad,gradient_tape/mobilenetv2_1.00_128/block_14_expand_relu/Relu6/Relu6Grad,2,8.48,4.24,8.48,4.24,0.00012920966182921234,0.9803834439942469,0.0,0.0
351,Device,Relu6Grad,gradient_tape/mobilenetv2_1.00_128/block_16_expand_relu/Relu6/Relu6Grad,2,8.416,4.208,8.416,4.208,0.00012823449457012394,0.980511678488817,0.0,0.0
352,Device,Relu6Grad,gradient_tape/mobilenetv2_1.00_128/block_15_expand_relu/Relu6/Relu6Grad,2,8.384,4.192,8.384,4.192,0.00012774691094057976,0.9806394253997576,0.0,0.0
353,Device,ResourceApplyGradientDescent,SGD/SGD/update_108/ResourceApplyGradientDescent,2,8.352,4.176,8.352,4.176,0.00012725932731103554,0.9807666847270686,0.0,0.0
354,Device,Relu6Grad,gradient_tape/mobilenetv2_1.00_128/block_6_depthwise_relu/Relu6/Relu6Grad,2,8.289,4.1445,8.289,4.1445,0.0001262993970403704,0.980892984124109,0.0,0.0
355,Device,AddV2,mobilenetv2_1.00_128/block_12_add/add,2,8.128,4.064,8.128,4.064,0.00012384624190422616,0.9810168303660132,0.0,0.0
356,Device,AddN,SGD/gradients/AddN_2,2,8.064,4.032,8.064,4.032,0.00012287107464513776,0.9811397014406583,0.0,0.0
357,Device,ResourceApplyGradientDescent,SGD/SGD/update_117/ResourceApplyGradientDescent,2,7.872,3.936,7.872,3.936,0.00011994557286787258,0.9812596470135262,0.0,0.0
358,Device,AddV2,mobilenetv2_1.00_128/block_11_add/add,2,7.84,3.92,7.84,3.92,0.00011945798923832838,0.9813791050027645,0.0,0.0
359,Device,ResourceApplyGradientDescent,SGD/SGD/update_99/ResourceApplyGradientDescent,2,7.648,3.824,7.648,3.824,0.00011653248746106319,0.9814956374902255,0.0,0.0
360,Device,AddN,SGD/gradients/AddN_5,2,7.584,3.792,7.584,3.792,0.00011555732020197479,0.9816111948104275,0.0,0.0
361,Device,AddN,SGD/gradients/AddN_6,2,7.584,3.792,7.584,3.792,0.00011555732020197479,0.9817267521306294,0.0,0.0
362,Device,AddV2,mobilenetv2_1.00_128/block_7_add/add,2,7.424,3.712,7.424,3.712,0.00011311940205425382,0.9818398715326837,0.0,0.0
363,Device,Relu6Grad,gradient_tape/mobilenetv2_1.00_128/block_13_depthwise_relu/Relu6/Relu6Grad,2,7.328,3.664,7.328,3.664,0.00011165665116562122,0.9819515281838493,0.0,0.0
364,Device,AddN,SGD/gradients/AddN_4,2,7.264,3.632,7.264,3.632,0.00011068148390653282,0.9820622096677559,0.0,0.0
365,Device,Relu6,mobilenetv2_1.00_128/block_6_depthwise_relu/Relu6,2,7.264,3.632,7.264,3.632,0.00011068148390653282,0.9821728911516625,0.0,0.0
366,Device,Relu6,mobilenetv2_1.00_128/block_16_depthwise_relu/Relu6,2,7.136,3.568,7.136,3.568,0.00010873114938835604,0.9822816223010509,0.0,0.0
367,Device,AddV2,mobilenetv2_1.00_128/block_9_add/add,2,7.136,3.568,7.136,3.568,0.00010873114938835604,0.9823903534504392,0.0,0.0
368,Device,Relu6,mobilenetv2_1.00_128/block_15_depthwise_relu/Relu6,2,7.104,3.552,7.104,3.552,0.00010824356575881184,0.982498597016198,0.0,0.0
369,Device,ResourceApplyGradientDescent,SGD/SGD/update_126/ResourceApplyGradientDescent,2,7.072,3.536,7.072,3.536,0.00010775598212926764,0.9826063529983273,0.0,0.0
370,Device,Relu6,mobilenetv2_1.00_128/block_15_expand_relu/Relu6,2,7.072,3.536,7.072,3.536,0.00010775598212926764,0.9827141089804566,0.0,0.0
371,Device,AddV2,mobilenetv2_1.00_128/block_8_add/add,2,7.072,3.536,7.072,3.536,0.00010775598212926764,0.982821864962586,0.0,0.0
372,Device,ResourceApplyGradientDescent,SGD/SGD/update_135/ResourceApplyGradientDescent,2,7.04,3.52,7.04,3.52,0.00010726839849972344,0.9829291333610857,0.0,0.0
373,Device,ResourceApplyGradientDescent,SGD/SGD/update_141/ResourceApplyGradientDescent,2,7.04,3.52,7.04,3.52,0.00010726839849972344,0.9830364017595854,0.0,0.0
374,Device,ResourceApplyGradientDescent,SGD/SGD/update_144/ResourceApplyGradientDescent,2,7.04,3.52,7.04,3.52,0.00010726839849972344,0.9831436701580851,0.0,0.0
375,Device,Relu6,mobilenetv2_1.00_128/block_14_depthwise_relu/Relu6,2,7.04,3.52,7.04,3.52,0.00010726839849972344,0.9832509385565849,0.0,0.0
376,Device,Relu6,mobilenetv2_1.00_128/block_16_expand_relu/Relu6,2,7.04,3.52,7.04,3.52,0.00010726839849972344,0.9833582069550846,0.0,0.0
377,Device,ResourceApplyGradientDescent,SGD/SGD/update_132/ResourceApplyGradientDescent,2,7.008,3.504,7.008,3.504,0.00010678081487017924,0.9834649877699547,0.0,0.0
378,Device,ResourceApplyGradientDescent,SGD/SGD/update_156/ResourceApplyGradientDescent,2,6.976,3.488,6.976,3.488,0.00010629323124063505,0.9835712810011954,0.0,0.0
379,Device,Relu6,mobilenetv2_1.00_128/block_14_expand_relu/Relu6,2,6.976,3.488,6.976,3.488,0.00010629323124063505,0.9836775742324361,0.0,0.0
380,Device,AddN,SGD/gradients/AddN,2,6.944,3.472,6.944,3.472,0.00010580564761109085,0.9837833798800472,0.0,0.0
381,Device,AddN,SGD/gradients/AddN_1,2,6.944,3.472,6.944,3.472,0.00010580564761109085,0.9838891855276582,0.0,0.0
382,Device,ResourceApplyGradientDescent,SGD/SGD/update_120/ResourceApplyGradientDescent,2,6.848,3.424,6.848,3.424,0.00010434289672245826,0.9839935284243807,0.0,0.0
383,Device,ResourceApplyGradientDescent,SGD/SGD/update_33/ResourceApplyGradientDescent,2,6.848,3.424,6.848,3.424,0.00010434289672245826,0.9840978713211032,0.0,0.0
384,Device,ResourceApplyGradientDescent,SGD/SGD/update_42/ResourceApplyGradientDescent,2,6.848,3.424,6.848,3.424,0.00010434289672245826,0.9842022142178256,0.0,0.0
385,Device,ResourceApplyGradientDescent,SGD/SGD/update_114/ResourceApplyGradientDescent,2,6.816,3.408,6.816,3.408,0.00010385531309291406,0.9843060695309185,0.0,0.0
386,Device,ResourceApplyGradientDescent,SGD/SGD/update_123/ResourceApplyGradientDescent,2,6.816,3.408,6.816,3.408,0.00010385531309291406,0.9844099248440114,0.0,0.0
387,Device,ResourceApplyGradientDescent,SGD/SGD/update_18/ResourceApplyGradientDescent,2,6.816,3.408,6.816,3.408,0.00010385531309291406,0.9845137801571042,0.0,0.0
388,Device,ResourceApplyGradientDescent,SGD/SGD/update_24/ResourceApplyGradientDescent,2,6.816,3.408,6.816,3.408,0.00010385531309291406,0.9846176354701971,0.0,0.0
389,Device,ResourceApplyGradientDescent,SGD/SGD/update_96/ResourceApplyGradientDescent,2,6.816,3.408,6.816,3.408,0.00010385531309291406,0.98472149078329,0.0,0.0
390,Device,ResourceApplyGradientDescent,SGD/SGD/update_105/ResourceApplyGradientDescent,2,6.784,3.392,6.784,3.392,0.00010336772946336986,0.9848248585127534,0.0,0.0
391,Device,ResourceApplyGradientDescent,SGD/SGD/update_36/ResourceApplyGradientDescent,2,6.784,3.392,6.784,3.392,0.00010336772946336986,0.9849282262422168,0.0,0.0
392,Device,Relu6,mobilenetv2_1.00_128/block_13_depthwise_relu/Relu6,2,6.784,3.392,6.784,3.392,0.00010336772946336986,0.9850315939716802,0.0,0.0
393,Device,ResourceApplyGradientDescent,SGD/SGD/update_69/ResourceApplyGradientDescent,2,6.72,3.36,6.72,3.36,0.00010239256220428147,0.9851339865338844,0.0,0.0
394,Device,ResourceApplyGradientDescent,SGD/SGD/update_72/ResourceApplyGradientDescent,2,6.72,3.36,6.72,3.36,0.00010239256220428147,0.9852363790960886,0.0,0.0
395,Device,ResourceApplyGradientDescent,SGD/SGD/update_87/ResourceApplyGradientDescent,2,6.72,3.36,6.72,3.36,0.00010239256220428147,0.9853387716582929,0.0,0.0
396,Device,ResourceApplyGradientDescent,SGD/SGD/update_63/ResourceApplyGradientDescent,2,6.688,3.344,6.688,3.344,0.00010190497857473727,0.9854406766368676,0.0,0.0
397,Device,ResourceApplyGradientDescent,SGD/SGD/update_78/ResourceApplyGradientDescent,2,6.688,3.344,6.688,3.344,0.00010190497857473727,0.9855425816154424,0.0,0.0
398,Device,ResourceApplyGradientDescent,SGD/SGD/update_81/ResourceApplyGradientDescent,2,6.688,3.344,6.688,3.344,0.00010190497857473727,0.9856444865940172,0.0,0.0
399,Device,ResourceApplyGradientDescent,SGD/SGD/update_90/ResourceApplyGradientDescent,2,6.688,3.344,6.688,3.344,0.00010190497857473727,0.9857463915725919,0.0,0.0
400,Device,AddV2,mobilenetv2_1.00_128/block_14_add/add,2,6.688,3.344,6.688,3.344,0.00010190497857473727,0.9858482965511667,0.0,0.0
401,Device,AddV2,mobilenetv2_1.00_128/block_15_add/add,2,6.688,3.344,6.688,3.344,0.00010190497857473727,0.9859502015297414,0.0,0.0
402,Device,ResourceApplyGradientDescent,SGD/SGD/update_111/ResourceApplyGradientDescent,2,6.656,3.328,6.656,3.328,0.00010141739494519307,0.9860516189246866,0.0,0.0
403,Device,ResourceApplyGradientDescent,SGD/SGD/update_102/ResourceApplyGradientDescent,2,6.624,3.312,6.624,3.312,0.00010092981131564887,0.9861525487360022,0.0,0.0
404,Device,ResourceApplyGradientDescent,SGD/SGD/update_27/ResourceApplyGradientDescent,2,6.624,3.312,6.624,3.312,0.00010092981131564887,0.9862534785473178,0.0,0.0
405,Device,ResourceApplyGradientDescent,SGD/SGD/update_54/ResourceApplyGradientDescent,2,6.624,3.312,6.624,3.312,0.00010092981131564887,0.9863544083586334,0.0,0.0
406,Device,ResourceApplyGradientDescent,SGD/SGD/update_129/ResourceApplyGradientDescent,2,6.592,3.296,6.592,3.296,0.00010044222768610467,0.9864548505863195,0.0,0.0
407,Device,ResourceApplyGradientDescent,SGD/SGD/update_138/ResourceApplyGradientDescent,2,6.592,3.296,6.592,3.296,0.00010044222768610467,0.9865552928140057,0.0,0.0
408,Device,ResourceApplyGradientDescent,SGD/SGD/update_147/ResourceApplyGradientDescent,2,6.592,3.296,6.592,3.296,0.00010044222768610467,0.9866557350416918,0.0,0.0
409,Device,ResourceApplyGradientDescent,SGD/SGD/update_59/ResourceApplyGradientDescent,2,6.592,3.296,6.592,3.296,0.00010044222768610467,0.9867561772693779,0.0,0.0
410,Device,ResourceApplyGradientDescent,SGD/SGD/update_45/ResourceApplyGradientDescent,2,6.56,3.28,6.56,3.28,9.995464405656048e-05,0.9868561319134345,0.0,0.0
411,Device,ResourceApplyGradientDescent,SGD/SGD/update_51/ResourceApplyGradientDescent,2,6.56,3.28,6.56,3.28,9.995464405656048e-05,0.986956086557491,0.0,0.0
412,Device,ResourceApplyGradientDescent,SGD/SGD/update_60/ResourceApplyGradientDescent,2,6.56,3.28,6.56,3.28,9.995464405656048e-05,0.9870560412015476,0.0,0.0
413,Device,ResourceApplyGradientDescent,SGD/SGD/update_9/ResourceApplyGradientDescent,2,6.496,3.248,6.496,3.248,9.89794767974721e-05,0.987155020678345,0.0,0.0
414,Device,ResourceApplyGradientDescent,SGD/SGD/update_6/ResourceApplyGradientDescent,2,6.432,3.216,6.432,3.216,9.80043095383837e-05,0.9872530249878835,0.0,0.0
415,Device,ResourceApplyGradientDescent,SGD/SGD/update_93/ResourceApplyGradientDescent,2,6.432,3.216,6.432,3.216,9.80043095383837e-05,0.9873510292974219,0.0,0.0
416,Device,ResourceApplyGradientDescent,SGD/SGD/update_155/ResourceApplyGradientDescent,2,6.4,3.2,6.4,3.2,9.75167259088395e-05,0.9874485460233308,0.0,0.0
417,Device,ResourceApplyGradientDescent,SGD/SGD/update_157/ResourceApplyGradientDescent,2,6.368,3.184,6.368,3.184,9.70291422792953e-05,0.98754557516561,0.0,0.0
418,Device,ResourceApplyGradientDescent,SGD/SGD/update_17/ResourceApplyGradientDescent,2,6.368,3.184,6.368,3.184,9.70291422792953e-05,0.9876426043078893,0.0,0.0
419,Device,ResourceApplyGradientDescent,SGD/SGD/update_66/ResourceApplyGradientDescent,2,6.368,3.184,6.368,3.184,9.70291422792953e-05,0.9877396334501686,0.0,0.0
420,Device,ResourceApplyGradientDescent,SGD/SGD/update_68/ResourceApplyGradientDescent,2,6.368,3.184,6.368,3.184,9.70291422792953e-05,0.9878366625924478,0.0,0.0
421,Device,ResourceApplyGradientDescent,SGD/SGD/update_75/ResourceApplyGradientDescent,2,6.368,3.184,6.368,3.184,9.70291422792953e-05,0.9879336917347271,0.0,0.0
422,Device,ResourceApplyGradientDescent,SGD/SGD/update_15/ResourceApplyGradientDescent,2,6.336,3.168,6.336,3.168,9.65415586497511e-05,0.9880302332933769,0.0,0.0
423,Device,ResourceApplyGradientDescent,SGD/SGD/update_84/ResourceApplyGradientDescent,2,6.336,3.168,6.336,3.168,9.65415586497511e-05,0.9881267748520267,0.0,0.0
424,Device,Mul,gradient_tape/categorical_crossentropy/softmax_cross_entropy_with_logits/mul,2,6.304,3.152,6.304,3.152,9.60539750202069e-05,0.9882228288270469,0.0,0.0
425,Device,ResourceApplyGradientDescent,SGD/SGD/update_110/ResourceApplyGradientDescent,2,6.272,3.136,6.272,3.136,9.55663913906627e-05,0.9883183952184376,0.0,0.0
426,Device,ResourceApplyGradientDescent,SGD/SGD/update_112/ResourceApplyGradientDescent,2,6.272,3.136,6.272,3.136,9.55663913906627e-05,0.9884139616098282,0.0,0.0
427,Device,ResourceApplyGradientDescent,SGD/SGD/update_113/ResourceApplyGradientDescent,2,6.272,3.136,6.272,3.136,9.55663913906627e-05,0.9885095280012188,0.0,0.0
428,Device,ResourceApplyGradientDescent,SGD/SGD/update_14/ResourceApplyGradientDescent,2,6.272,3.136,6.272,3.136,9.55663913906627e-05,0.9886050943926095,0.0,0.0
429,Device,ResourceApplyGradientDescent,SGD/SGD/update_58/ResourceApplyGradientDescent,2,6.272,3.136,6.272,3.136,9.55663913906627e-05,0.9887006607840001,0.0,0.0
430,Device,ResourceApplyGradientDescent,SGD/SGD/update_101/ResourceApplyGradientDescent,2,6.24,3.12,6.24,3.12,9.50788077611185e-05,0.9887957395917613,0.0,0.0
431,Device,ResourceApplyGradientDescent,SGD/SGD/update_103/ResourceApplyGradientDescent,2,6.24,3.12,6.24,3.12,9.50788077611185e-05,0.9888908183995224,0.0,0.0
432,Device,ResourceApplyGradientDescent,SGD/SGD/update_104/ResourceApplyGradientDescent,2,6.24,3.12,6.24,3.12,9.50788077611185e-05,0.9889858972072836,0.0,0.0
433,Device,ResourceApplyGradientDescent,SGD/SGD/update_119/ResourceApplyGradientDescent,2,6.24,3.12,6.24,3.12,9.50788077611185e-05,0.9890809760150447,0.0,0.0
434,Device,ResourceApplyGradientDescent,SGD/SGD/update_137/ResourceApplyGradientDescent,2,6.24,3.12,6.24,3.12,9.50788077611185e-05,0.9891760548228059,0.0,0.0
435,Device,ResourceApplyGradientDescent,SGD/SGD/update_19/ResourceApplyGradientDescent,2,6.24,3.12,6.24,3.12,9.50788077611185e-05,0.9892711336305671,0.0,0.0
436,Device,ResourceApplyGradientDescent,SGD/SGD/update_49/ResourceApplyGradientDescent,2,6.24,3.12,6.24,3.12,9.50788077611185e-05,0.9893662124383282,0.0,0.0
437,Device,ResourceApplyGradientDescent,SGD/SGD/update_95/ResourceApplyGradientDescent,2,6.24,3.12,6.24,3.12,9.50788077611185e-05,0.9894612912460894,0.0,0.0
438,Device,ResourceApplyGradientDescent,SGD/SGD/update_77/ResourceApplyGradientDescent,2,6.208,3.104,6.208,3.104,9.459122413157432e-05,0.989555882470221,0.0,0.0
439,Device,ResourceApplyGradientDescent,SGD/SGD/update_86/ResourceApplyGradientDescent,2,6.208,3.104,6.208,3.104,9.459122413157432e-05,0.9896504736943526,0.0,0.0
440,Device,ResourceApplyGradientDescent,SGD/SGD/update_22/ResourceApplyGradientDescent,2,6.176,3.088,6.176,3.088,9.410364050203012e-05,0.9897445773348545,0.0,0.0
441,Device,ResourceApplyGradientDescent,SGD/SGD/update_30/ResourceApplyGradientDescent,2,6.176,3.088,6.176,3.088,9.410364050203012e-05,0.9898386809753565,0.0,0.0
442,Device,ResourceApplyGradientDescent,SGD/SGD/update_40/ResourceApplyGradientDescent,2,6.176,3.088,6.176,3.088,9.410364050203012e-05,0.9899327846158585,0.0,0.0
443,Device,DivNoNan,gradient_tape/categorical_crossentropy/weighted_loss/value/div_no_nan,2,6.145,3.0725,6.145,3.0725,9.363129386090917e-05,0.9900264159097194,0.0,0.0
444,Device,ResourceApplyGradientDescent,SGD/SGD/update_10/ResourceApplyGradientDescent,2,6.144,3.072,6.144,3.072,9.361605687248592e-05,0.9901200319665919,0.0,0.0
445,Device,ResourceApplyGradientDescent,SGD/SGD/update_11/ResourceApplyGradientDescent,2,6.144,3.072,6.144,3.072,9.361605687248592e-05,0.9902136480234645,0.0,0.0
446,Device,ResourceApplyGradientDescent,SGD/SGD/update_20/ResourceApplyGradientDescent,2,6.144,3.072,6.144,3.072,9.361605687248592e-05,0.990307264080337,0.0,0.0
447,Device,ResourceApplyGradientDescent,SGD/SGD/update_41/ResourceApplyGradientDescent,2,6.144,3.072,6.144,3.072,9.361605687248592e-05,0.9904008801372095,0.0,0.0
448,Device,ResourceApplyGradientDescent,SGD/SGD/update_7/ResourceApplyGradientDescent,2,6.144,3.072,6.144,3.072,9.361605687248592e-05,0.990494496194082,0.0,0.0
449,Device,ResourceApplyGradientDescent,SGD/SGD/update_28/ResourceApplyGradientDescent,2,6.113,3.0565,6.113,3.0565,9.314371023136498e-05,0.9905876399043134,0.0,0.0
450,Device,ResourceApplyGradientDescent,SGD/SGD/update_13/ResourceApplyGradientDescent,2,6.112,3.056,6.112,3.056,9.312847324294172e-05,0.9906807683775564,0.0,0.0
451,Device,ResourceApplyGradientDescent,SGD/SGD/update_146/ResourceApplyGradientDescent,2,6.112,3.056,6.112,3.056,9.312847324294172e-05,0.9907738968507993,0.0,0.0
452,Device,ResourceApplyGradientDescent,SGD/SGD/update_151/ResourceApplyGradientDescent,2,6.112,3.056,6.112,3.056,9.312847324294172e-05,0.9908670253240422,0.0,0.0
453,Device,ResourceApplyGradientDescent,SGD/SGD/update_23/ResourceApplyGradientDescent,2,6.081,3.0405,6.081,3.0405,9.265612660182078e-05,0.9909596814506441,0.0,0.0
454,Device,ResourceApplyGradientDescent,SGD/SGD/update_1/ResourceApplyGradientDescent,2,6.08,3.04,6.08,3.04,9.264088961339752e-05,0.9910523223402574,0.0,0.0
455,Device,ResourceApplyGradientDescent,SGD/SGD/update_154/ResourceApplyGradientDescent,2,6.08,3.04,6.08,3.04,9.264088961339752e-05,0.9911449632298708,0.0,0.0
456,Device,ResourceApplyGradientDescent,SGD/SGD/update_25/ResourceApplyGradientDescent,2,6.08,3.04,6.08,3.04,9.264088961339752e-05,0.9912376041194841,0.0,0.0
457,Device,ResourceApplyGradientDescent,SGD/SGD/update_31/ResourceApplyGradientDescent,2,6.08,3.04,6.08,3.04,9.264088961339752e-05,0.9913302450090975,0.0,0.0
458,Device,ResourceApplyGradientDescent,SGD/SGD/update_32/ResourceApplyGradientDescent,2,6.08,3.04,6.08,3.04,9.264088961339752e-05,0.9914228858987109,0.0,0.0
459,Device,ResourceApplyGradientDescent,SGD/SGD/update_128/ResourceApplyGradientDescent,2,6.048,3.024,6.048,3.024,9.215330598385332e-05,0.9915150392046947,0.0,0.0
460,Device,ResourceApplyGradientDescent,SGD/SGD/update_16/ResourceApplyGradientDescent,2,6.048,3.024,6.048,3.024,9.215330598385332e-05,0.9916071925106786,0.0,0.0
461,Device,ResourceApplyGradientDescent,SGD/SGD/update_50/ResourceApplyGradientDescent,2,6.048,3.024,6.048,3.024,9.215330598385332e-05,0.9916993458166625,0.0,0.0
462,Device,ResourceApplyGradientDescent,SGD/SGD/update_94/ResourceApplyGradientDescent,2,6.048,3.024,6.048,3.024,9.215330598385332e-05,0.9917914991226464,0.0,0.0
463,Device,ResourceApplyGradientDescent,SGD/SGD/update_2/ResourceApplyGradientDescent,2,6.016,3.008,6.016,3.008,9.166572235430912e-05,0.9918831648450007,0.0,0.0
464,Device,ResourceApplyGradientDescent,SGD/SGD/update_26/ResourceApplyGradientDescent,2,6.016,3.008,6.016,3.008,9.166572235430912e-05,0.991974830567355,0.0,0.0
465,Device,ResourceApplyGradientDescent,SGD/SGD/update_3/ResourceApplyGradientDescent,2,6.016,3.008,6.016,3.008,9.166572235430912e-05,0.9920664962897093,0.0,0.0
466,Device,ResourceApplyGradientDescent,SGD/SGD/update_39/ResourceApplyGradientDescent,2,6.016,3.008,6.016,3.008,9.166572235430912e-05,0.9921581620120636,0.0,0.0
467,Device,ResourceApplyGradientDescent,SGD/SGD/update_48/ResourceApplyGradientDescent,2,6.016,3.008,6.016,3.008,9.166572235430912e-05,0.9922498277344179,0.0,0.0
468,Device,ResourceApplyGradientDescent,SGD/SGD/update_76/ResourceApplyGradientDescent,2,6.016,3.008,6.016,3.008,9.166572235430912e-05,0.9923414934567723,0.0,0.0
469,Device,ResourceApplyGradientDescent,SGD/SGD/update_21/ResourceApplyGradientDescent,2,5.984,2.992,5.984,2.992,9.117813872476492e-05,0.992432671595497,0.0,0.0
470,Device,ResourceApplyGradientDescent,SGD/SGD/update_29/ResourceApplyGradientDescent,2,5.984,2.992,5.984,2.992,9.117813872476492e-05,0.9925238497342217,0.0,0.0
471,Device,ResourceApplyGradientDescent,SGD/SGD/update_4/ResourceApplyGradientDescent,2,5.984,2.992,5.984,2.992,9.117813872476492e-05,0.9926150278729464,0.0,0.0
472,Device,ResourceApplyGradientDescent,SGD/SGD/update_67/ResourceApplyGradientDescent,2,5.984,2.992,5.984,2.992,9.117813872476492e-05,0.9927062060116711,0.0,0.0
473,Device,ResourceApplyGradientDescent,SGD/SGD/update/ResourceApplyGradientDescent,2,5.952,2.976,5.952,2.976,9.069055509522073e-05,0.9927968965667664,0.0,0.0
474,Device,ResourceApplyGradientDescent,SGD/SGD/update_109/ResourceApplyGradientDescent,2,5.952,2.976,5.952,2.976,9.069055509522073e-05,0.9928875871218616,0.0,0.0
475,Device,ResourceApplyGradientDescent,SGD/SGD/update_5/ResourceApplyGradientDescent,2,5.952,2.976,5.952,2.976,9.069055509522073e-05,0.9929782776769569,0.0,0.0
476,Device,ResourceApplyGradientDescent,SGD/SGD/update_8/ResourceApplyGradientDescent,2,5.952,2.976,5.952,2.976,9.069055509522073e-05,0.9930689682320522,0.0,0.0
477,Device,ResourceApplyGradientDescent,SGD/SGD/update_100/ResourceApplyGradientDescent,2,5.92,2.96,5.92,2.96,9.020297146567653e-05,0.9931591712035178,0.0,0.0
478,Device,Equal,Equal,2,5.856,2.928,5.856,2.928,8.922780420658814e-05,0.9932483990077244,0.0,0.0
479,Device,ResourceApplyGradientDescent,SGD/SGD/update_106/ResourceApplyGradientDescent,2,5.856,2.928,5.856,2.928,8.922780420658814e-05,0.993337626811931,0.0,0.0
480,Device,ResourceApplyGradientDescent,SGD/SGD/update_43/ResourceApplyGradientDescent,2,5.856,2.928,5.856,2.928,8.922780420658814e-05,0.9934268546161377,0.0,0.0
481,Device,ResourceApplyGradientDescent,SGD/SGD/update_85/ResourceApplyGradientDescent,2,5.856,2.928,5.856,2.928,8.922780420658814e-05,0.9935160824203443,0.0,0.0
482,Device,ResourceApplyGradientDescent,SGD/SGD/update_57/ResourceApplyGradientDescent,2,5.825,2.9125,5.825,2.9125,8.87554575654672e-05,0.9936048378779098,0.0,0.0
483,Device,ResourceApplyGradientDescent,SGD/SGD/update_115/ResourceApplyGradientDescent,2,5.824,2.912,5.824,2.912,8.874022057704394e-05,0.9936935780984868,0.0,0.0
484,Device,ResourceApplyGradientDescent,SGD/SGD/update_116/ResourceApplyGradientDescent,2,5.824,2.912,5.824,2.912,8.874022057704394e-05,0.9937823183190638,0.0,0.0
485,Device,ResourceApplyGradientDescent,SGD/SGD/update_118/ResourceApplyGradientDescent,2,5.824,2.912,5.824,2.912,8.874022057704394e-05,0.9938710585396409,0.0,0.0
486,Device,ResourceApplyGradientDescent,SGD/SGD/update_122/ResourceApplyGradientDescent,2,5.824,2.912,5.824,2.912,8.874022057704394e-05,0.9939597987602179,0.0,0.0
487,Device,ResourceApplyGradientDescent,SGD/SGD/update_131/ResourceApplyGradientDescent,2,5.824,2.912,5.824,2.912,8.874022057704394e-05,0.9940485389807949,0.0,0.0
488,Device,ResourceApplyGradientDescent,SGD/SGD/update_139/ResourceApplyGradientDescent,2,5.824,2.912,5.824,2.912,8.874022057704394e-05,0.994137279201372,0.0,0.0
489,Device,ResourceApplyGradientDescent,SGD/SGD/update_149/ResourceApplyGradientDescent,2,5.824,2.912,5.824,2.912,8.874022057704394e-05,0.994226019421949,0.0,0.0
490,Device,ResourceApplyGradientDescent,SGD/SGD/update_52/ResourceApplyGradientDescent,2,5.824,2.912,5.824,2.912,8.874022057704394e-05,0.994314759642526,0.0,0.0
491,Device,ResourceApplyGradientDescent,SGD/SGD/update_74/ResourceApplyGradientDescent,2,5.824,2.912,5.824,2.912,8.874022057704394e-05,0.9944034998631031,0.0,0.0
492,Device,ResourceApplyGradientDescent,SGD/SGD/update_12/ResourceApplyGradientDescent,2,5.792,2.896,5.792,2.896,8.825263694749974e-05,0.9944917525000505,0.0,0.0
493,Device,ResourceApplyGradientDescent,SGD/SGD/update_140/ResourceApplyGradientDescent,2,5.792,2.896,5.792,2.896,8.825263694749974e-05,0.994580005136998,0.0,0.0
494,Device,ResourceApplyGradientDescent,SGD/SGD/update_143/ResourceApplyGradientDescent,2,5.792,2.896,5.792,2.896,8.825263694749974e-05,0.9946682577739454,0.0,0.0
495,Device,Tile,gradient_tape/categorical_crossentropy/weighted_loss/Tile_1,2,5.792,2.896,5.792,2.896,8.825263694749974e-05,0.9947565104108929,0.0,0.0
496,Device,Cast,Cast,2,5.76,2.88,5.76,2.88,8.776505331795554e-05,0.9948442754642108,0.0,0.0
497,Device,ResourceApplyGradientDescent,SGD/SGD/update_152/ResourceApplyGradientDescent,2,5.76,2.88,5.76,2.88,8.776505331795554e-05,0.9949320405175288,0.0,0.0
498,Device,ResourceApplyGradientDescent,SGD/SGD/update_47/ResourceApplyGradientDescent,2,5.76,2.88,5.76,2.88,8.776505331795554e-05,0.9950198055708468,0.0,0.0
499,Device,ResourceApplyGradientDescent,SGD/SGD/update_56/ResourceApplyGradientDescent,2,5.76,2.88,5.76,2.88,8.776505331795554e-05,0.9951075706241648,0.0,0.0
500,Device,ResourceApplyGradientDescent,SGD/SGD/update_107/ResourceApplyGradientDescent,2,5.728,2.864,5.728,2.864,8.727746968841134e-05,0.9951948480938532,0.0,0.0
501,Host,IDLE,IDLE,0,170189.299,0.0,170189.299,0.0,0.0,0.0,0.9930034134800685,0.9930034134800685
502,Host,GatherV2,GatherV2,2,881.612,440.806,881.612,440.806,0.0,0.0,0.005143941073316191,0.9981473545533847
503,Host,Dataset,Iterator::Root::ParallelMapV2::Zip[1]::ForeverRepeat,2,51.012,25.506,45.456,22.728,0.0,0.0,0.00026522209932335403,0.998412576652708
504,Host,Dataset,Iterator::Root::ParallelMapV2::Zip[0]::FlatMap[1]::Concatenate,2,61.22,30.61,37.269,18.6345,0.0,0.0,0.0002174534147237346,0.9986300300674318
505,Host,LogicalAnd,LogicalAnd,1,36.861,36.861,36.861,36.861,0.0,0.0,0.00021507285733804451,0.9988451029247698
506,Host,FlushSummaryWriter,FlushSummaryWriter,1,36.698,36.698,36.698,36.698,0.0,0.0,0.00021412180132366344,0.9990592247260934
507,Host,Dataset,Iterator::Root::ParallelMapV2,2,31.312,15.656,31.312,15.656,0.0,0.0,0.00018269610995276444,0.9992419208360462
508,Host,Dataset,Iterator::Root::ParallelMapV2::Zip[0]::FlatMap[1]::Concatenate[0]::TensorSlice,2,23.951,11.9755,23.951,11.9755,0.0,0.0,0.00013974688711927252,0.9993816677231655
509,Host,Dataset,Iterator::Root,2,54.041,27.0205,22.729,11.3645,0.0,0.0,0.00013261688436115173,0.9995142846075267
510,Host,GatherV2,GatherV2_1,2,21.803,10.9015,21.803,10.9015,0.0,0.0,0.0001272139526475512,0.9996414985601743
511,Host,WriteSummary,WriteSummary,1,19.848,19.848,19.848,19.848,0.0,0.0,0.00011580711517445287,0.9997573056753487
512,Host,IteratorGetNext,IteratorGetNext,2,12.434,6.217,12.434,6.217,0.0,0.0,7.254865326880023e-05,0.9998298543286175
513,Host,Dataset,Iterator::Root::ParallelMapV2::Zip,2,126.446,63.223,10.575,5.2875,0.0,0.0,6.170194694527606e-05,0.9998915562755628
514,Host,ReadVariableOp,ReadVariableOp,1,6.993,6.993,6.993,6.993,0.0,0.0,4.080205342679107e-05,0.9999323583289896
515,Host,Dataset,Iterator::Root::ParallelMapV2::Zip[1]::ForeverRepeat::FromTensor,4,5.556,1.389,5.556,1.389,0.0,0.0,3.24175902816032e-05,0.9999647759192712
516,Host,Dataset,Iterator::Root::ParallelMapV2::Zip[0]::FlatMap,2,64.859,32.4295,3.639,1.8195,0.0,0.0,2.123247138854464e-05,0.9999860083906598
517,Host,Identity,Identity,2,2.398,1.199,2.398,1.199,0.0,0.0,1.399160934040397e-05,1.0000000000000002
