Rank,Host/device,Type,Operation,#Occurrences,Total time (us),Avg. time (us),Total self-time (us),Avg. self-time (us),Total self-time on Device (%),Cumulative total-self time on Device (%),Total self-time on Host (%),Cumulative total-self time on Host (%)
1,Device,IDLE,IDLE,0,8490.517,0.0,8490.517,0.0,0.5970596357342272,0.5970596357342272,0.0,0.0
2,Device,_Recv,IteratorGetNext/_2,2,487.458,243.729,487.458,243.729,0.034278418606986466,0.6313380543412136,0.0,0.0
3,Device,Conv2DBackpropFilter,gradient_tape/model/conv1/Conv2D/Conv2DBackpropFilter,2,393.952,196.976,393.952,196.976,0.027703005319554778,0.6590410596607684,0.0,0.0
4,Device,FusedBatchNormGradV3,gradient_tape/model/conv1_bn/FusedBatchNormGradV3,2,367.298,183.649,367.298,183.649,0.02582867569618083,0.6848697353569493,0.0,0.0
5,Device,_FusedConv2D,model/conv1/Relu,2,353.377,176.6885,353.377,176.6885,0.024849740351129856,0.7097194757080791,0.0,0.0
6,Device,FusedBatchNormV3,model/conv1_bn/FusedBatchNormV3,4,234.4,58.6,234.4,58.6,0.016483186903236028,0.7262026626113152,0.0,0.0
7,Device,ReluGrad,gradient_tape/model/conv1/ReluGrad,2,211.648,105.824,211.648,105.824,0.014883248898020899,0.7410859115093361,0.0,0.0
8,Device,MaxPoolGrad,gradient_tape/model/conv1_max_pool/MaxPool/MaxPoolGrad,2,173.568,86.784,173.568,86.784,0.012205434233877438,0.7532913457432135,0.0,0.0
9,Device,Conv2DBackpropFilter,gradient_tape/model/ResBlock31_conv2/Conv2D/Conv2DBackpropFilter,2,125.056,62.528,125.056,62.528,0.008794033367624082,0.7620853791108376,0.0,0.0
10,Device,Conv2DBackpropFilter,gradient_tape/model/ResBlock32_conv2/Conv2D/Conv2DBackpropFilter,2,123.744,61.872,123.744,61.872,0.008701772526254432,0.7707871516370921,0.0,0.0
11,Device,Conv2DBackpropFilter,gradient_tape/model/ResBlock32_conv1/Conv2D/Conv2DBackpropFilter,2,122.305,61.1525,122.305,61.1525,0.008600580947953424,0.7793877325850456,0.0,0.0
12,Device,MaxPool,model/conv1_max_pool/MaxPool,2,105.953,52.9765,105.953,52.9765,0.0074506958274682894,0.7868384284125138,0.0,0.0
13,Device,SoftmaxCrossEntropyWithLogits,categorical_crossentropy/softmax_cross_entropy_with_logits,2,99.041,49.5205,99.041,49.5205,0.006964638711959895,0.7938030671244737,0.0,0.0
14,Device,Conv2DBackpropFilter,gradient_tape/model/ResBlock21_conv1/Conv2D/Conv2DBackpropFilter,2,98.337,49.1685,98.337,49.1685,0.006915132894639596,0.8007182000191133,0.0,0.0
15,Device,Conv2DBackpropFilter,gradient_tape/model/ResBlock31_conv1/Conv2D/Conv2DBackpropFilter,2,95.584,47.792,95.584,47.792,0.0067215398334424595,0.8074397398525558,0.0,0.0
16,Device,Conv2DBackpropFilter,gradient_tape/model/ResBlock22_conv1/Conv2D/Conv2DBackpropFilter,2,93.376,46.688,93.376,46.688,0.006566271588210612,0.8140060114407665,0.0,0.0
17,Device,Conv2DBackpropFilter,gradient_tape/model/ResBlock22_conv2/Conv2D/Conv2DBackpropFilter,2,92.928,46.464,92.928,46.464,0.006534767886279512,0.8205407793270459,0.0,0.0
18,Device,Conv2DBackpropFilter,gradient_tape/model/ResBlock21_conv2/Conv2D/Conv2DBackpropFilter,2,92.448,46.224,92.448,46.224,0.006501013919924762,0.8270417932469707,0.0,0.0
19,Device,BiasAddGrad,gradient_tape/model/conv1/BiasAdd/BiasAddGrad,2,82.978,41.489,82.978,41.489,0.0058350762920508495,0.8328768695390215,0.0,0.0
20,Device,Conv2DBackpropFilter,gradient_tape/model/ResBlock21_pooling_conv/Conv2D/Conv2DBackpropFilter,2,81.696,40.848,81.696,40.848,0.005744925073578372,0.8386217946125999,0.0,0.0
21,Device,Conv2DBackpropFilter,gradient_tape/model/ResBlock31_pooling_conv/Conv2D/Conv2DBackpropFilter,2,72.672,36.336,72.672,36.336,0.005110350506109081,0.843732145118709,0.0,0.0
22,Device,Conv2DBackpropInput,gradient_tape/model/ResBlock21_pooling_conv/Conv2D/Conv2DBackpropInput,2,59.776,29.888,59.776,29.888,0.004203493943378144,0.8479356390620871,0.0,0.0
23,Device,Conv2DBackpropInput,gradient_tape/model/ResBlock21_conv1/Conv2D/Conv2DBackpropInput,2,55.232,27.616,55.232,27.616,0.0038839563952198478,0.851819595457307,0.0,0.0
24,Device,Conv2DBackpropInput,gradient_tape/model/ResBlock31_pooling_conv/Conv2D/Conv2DBackpropInput,2,52.448,26.224,52.448,26.224,0.0036881833903623005,0.8555077788476693,0.0,0.0
25,Device,Conv2DBackpropInput,gradient_tape/model/ResBlock31_conv1/Conv2D/Conv2DBackpropInput,2,51.105,25.5525,51.105,25.5525,0.0035937426053322405,0.8591015214530016,0.0,0.0
26,Device,Conv2DBackpropInput,gradient_tape/model/ResBlock22_conv2/Conv2D/Conv2DBackpropInput,4,49.952,12.488,49.952,12.488,0.003512662765317603,0.8626141842183191,0.0,0.0
27,Device,Conv2DBackpropInput,gradient_tape/model/ResBlock21_conv2/Conv2D/Conv2DBackpropInput,4,46.944,11.736,46.944,11.736,0.0033011379094945057,0.8659153221278136,0.0,0.0
28,Device,Conv2DBackpropInput,gradient_tape/model/ResBlock22_conv1/Conv2D/Conv2DBackpropInput,4,46.848,11.712,46.848,11.712,0.0032943871162235557,0.8692097092440372,0.0,0.0
29,Device,Transpose,gradient_tape/model/conv1/Conv2D/Conv2DBackpropFilter-0-TransposeNHWCToNCHW-LayoutOptimizer,2,44.448,22.224,44.448,22.224,0.003125617284449808,0.872335326528487,0.0,0.0
30,Device,Conv2DBackpropInput,gradient_tape/model/ResBlock32_conv2/Conv2D/Conv2DBackpropInput,2,42.048,21.024,42.048,21.024,0.0029568474526760606,0.8752921739811631,0.0,0.0
31,Device,Conv2DBackpropInput,gradient_tape/model/ResBlock31_conv2/Conv2D/Conv2DBackpropInput,2,41.664,20.832,41.664,20.832,0.002929844279592261,0.8782220182607554,0.0,0.0
32,Device,Conv2DBackpropInput,gradient_tape/model/ResBlock32_conv1/Conv2D/Conv2DBackpropInput,2,40.928,20.464,40.928,20.464,0.002878088197848311,0.8811001064586037,0.0,0.0
33,Device,AddN,SGD/gradients/AddN_3,2,40.768,20.384,40.768,20.384,0.0028668368757300616,0.8839669433343338,0.0,0.0
34,Device,Conv2D,model/ResBlock32_conv2/Conv2D,2,35.392,17.696,35.392,17.696,0.0024887924525568666,0.8864557357868906,0.0,0.0
35,Device,Conv2D,model/ResBlock31_conv2/Conv2D,2,35.328,17.664,35.328,17.664,0.0024842919237095668,0.8889400277106002,0.0,0.0
36,Device,Conv2D,model/ResBlock32_conv1/Conv2D,2,35.296,17.648,35.296,17.648,0.0024820416592859166,0.8914220693698861,0.0,0.0
37,Device,Conv2D,model/ResBlock21_conv1/Conv2D,2,32.128,16.064,32.128,16.064,0.0022592654813445696,0.8936813348512307,0.0,0.0
38,Device,Conv2D,model/ResBlock21_pooling_conv/Conv2D,2,30.208,15.104,30.208,15.104,0.0021242496159255713,0.8958055844671563,0.0,0.0
39,Device,Conv2D,model/ResBlock22_conv2/Conv2D,2,30.144,15.072,30.144,15.072,0.0021197490870782714,0.8979253335542345,0.0,0.0
40,Device,Conv2D,model/ResBlock22_conv1/Conv2D,2,29.633,14.8165,29.633,14.8165,0.002083815177063111,0.9000091487312977,0.0,0.0
41,Device,Conv2D,model/ResBlock21_conv2/Conv2D,2,29.632,14.816,29.632,14.816,0.002083744856299872,0.9020928935875976,0.0,0.0
42,Device,Conv2D,model/ResBlock31_pooling_conv/Conv2D,2,29.408,14.704,29.408,14.704,0.002067993005334322,0.9041608865929319,0.0,0.0
43,Device,Conv2D,model/ResBlock31_conv1/Conv2D,2,28.992,14.496,28.992,14.496,0.0020387395678268727,0.9061996261607588,0.0,0.0
44,Device,MatMul,model/dense/MatMul,2,25.409,12.7045,25.409,12.7045,0.0017867802731413149,0.9079864064339,0.0,0.0
45,Device,FusedBatchNormV3,model/ResBlock21_bn1/FusedBatchNormV3,4,23.52,5.88,23.52,5.88,0.0016539443513827277,0.9096403507852828,0.0,0.0
46,Device,FusedBatchNormV3,model/ResBlock32_bn2/FusedBatchNormV3,4,23.456,5.864,23.456,5.864,0.0016494438225354278,0.9112897946078182,0.0,0.0
47,Device,FusedBatchNormV3,model/ResBlock31_bn2/FusedBatchNormV3,4,23.265,5.81625,23.265,5.81625,0.001636012556756767,0.9129258071645749,0.0,0.0
48,Device,FusedBatchNormV3,model/ResBlock31_bn1/FusedBatchNormV3,4,23.264,5.816,23.264,5.816,0.001635942235993528,0.9145617494005684,0.0,0.0
49,Device,FusedBatchNormV3,model/ResBlock32_bn1/FusedBatchNormV3,4,23.072,5.768,23.072,5.768,0.001622440649451628,0.91618419005002,0.0,0.0
50,Device,FusedBatchNormV3,model/ResBlock31_pooling_bn/FusedBatchNormV3,4,23.008,5.752,23.008,5.752,0.0016179401206043282,0.9178021301706244,0.0,0.0
51,Device,FusedBatchNormV3,model/ResBlock21_bn2/FusedBatchNormV3,4,22.752,5.688,22.752,5.688,0.0015999380052151284,0.9194020681758395,0.0,0.0
52,Device,FusedBatchNormV3,model/ResBlock21_pooling_bn/FusedBatchNormV3,4,22.688,5.672,22.688,5.672,0.0015954374763678285,0.9209975056522073,0.0,0.0
53,Device,FusedBatchNormV3,model/ResBlock22_bn1/FusedBatchNormV3,4,22.56,5.64,22.56,5.64,0.0015864364186732286,0.9225839420708805,0.0,0.0
54,Device,FusedBatchNormV3,model/ResBlock22_bn2/FusedBatchNormV3,4,22.4,5.6,22.4,5.6,0.0015751850965549786,0.9241591271674354,0.0,0.0
55,Device,Mean,model/GAP/Mean,2,19.424,9.712,19.424,9.712,0.0013659105051555317,0.925525037672591,0.0,0.0
56,Device,MatMul,gradient_tape/model/dense/MatMul/MatMul_1,2,18.752,9.376,18.752,9.376,0.0013186549522588823,0.9268436926248499,0.0,0.0
57,Device,Softmax,model/dense/Softmax,2,18.56,9.28,18.56,9.28,0.0013051533657169824,0.9281488459905669,0.0,0.0
58,Device,FusedBatchNormGradV3,gradient_tape/model/ResBlock21_pooling_bn/FusedBatchNormGradV3,2,17.408,8.704,17.408,8.704,0.0012241438464655836,0.9293729898370325,0.0,0.0
59,Device,FusedBatchNormGradV3,gradient_tape/model/ResBlock21_bn1/FusedBatchNormGradV3,2,17.184,8.592,17.184,8.592,0.0012083919955000338,0.9305813818325326,0.0,0.0
60,Device,ReluGrad,gradient_tape/model/tf.nn.relu/ReluGrad,2,15.744,7.872,15.744,7.872,0.0011071300964357851,0.9316885119289684,0.0,0.0
61,Device,FusedBatchNormGradV3,gradient_tape/model/ResBlock22_bn1/FusedBatchNormGradV3,2,15.712,7.856,15.712,7.856,0.0011048798320121352,0.9327933917609805,0.0,0.0
62,Device,FusedBatchNormGradV3,gradient_tape/model/ResBlock22_bn2/FusedBatchNormGradV3,2,15.52,7.76,15.52,7.76,0.0010913782454702353,0.9338847700064508,0.0,0.0
63,Device,FusedBatchNormGradV3,gradient_tape/model/ResBlock21_bn2/FusedBatchNormGradV3,2,15.456,7.728,15.456,7.728,0.0010868777166229355,0.9349716477230737,0.0,0.0
64,Device,FusedBatchNormGradV3,gradient_tape/model/ResBlock31_bn1/FusedBatchNormGradV3,2,14.432,7.216,14.432,7.216,0.0010148692550661365,0.9359865169781398,0.0,0.0
65,Device,FusedBatchNormGradV3,gradient_tape/model/ResBlock31_pooling_bn/FusedBatchNormGradV3,2,13.728,6.864,13.728,6.864,0.000965363437745837,0.9369518804158857,0.0,0.0
66,Device,FusedBatchNormGradV3,gradient_tape/model/ResBlock32_bn2/FusedBatchNormGradV3,2,13.728,6.864,13.728,6.864,0.000965363437745837,0.9379172438536316,0.0,0.0
67,Device,BiasAddGrad,gradient_tape/model/ResBlock21_pooling_conv/BiasAdd/BiasAddGrad,2,13.537,6.7685,13.537,6.7685,0.0009519321719671763,0.9388691760255988,0.0,0.0
68,Device,FusedBatchNormGradV3,gradient_tape/model/ResBlock31_bn2/FusedBatchNormGradV3,2,13.344,6.672,13.344,6.672,0.0009383602646620374,0.9398075362902608,0.0,0.0
69,Device,FusedBatchNormGradV3,gradient_tape/model/ResBlock32_bn1/FusedBatchNormGradV3,2,13.216,6.608,13.216,6.608,0.0009293592069674375,0.9407368954972283,0.0,0.0
70,Device,BiasAddGrad,gradient_tape/model/ResBlock21_conv1/BiasAdd/BiasAddGrad,2,13.152,6.576,13.152,6.576,0.0009248586781201375,0.9416617541753484,0.0,0.0
71,Device,BiasAddGrad,gradient_tape/model/ResBlock22_conv1/BiasAdd/BiasAddGrad,2,13.056,6.528,13.056,6.528,0.0009181078848491876,0.9425798620601975,0.0,0.0
72,Device,BiasAddGrad,gradient_tape/model/ResBlock21_conv2/BiasAdd/BiasAddGrad,2,13.024,6.512,13.024,6.512,0.0009158576204255376,0.9434957196806231,0.0,0.0
73,Device,BiasAddGrad,gradient_tape/model/ResBlock22_conv2/BiasAdd/BiasAddGrad,2,12.928,6.464,12.928,6.464,0.0009091068271545878,0.9444048265077777,0.0,0.0
74,Device,BiasAddGrad,gradient_tape/model/ResBlock32_conv2/BiasAdd/BiasAddGrad,2,12.416,6.208,12.416,6.208,0.0008731025963761883,0.9452779291041539,0.0,0.0
75,Device,BiasAddGrad,gradient_tape/model/ResBlock31_conv2/BiasAdd/BiasAddGrad,2,12.192,6.096,12.192,6.096,0.0008573507454106385,0.9461352798495645,0.0,0.0
76,Device,BiasAddGrad,gradient_tape/model/ResBlock32_conv1/BiasAdd/BiasAddGrad,2,12.192,6.096,12.192,6.096,0.0008573507454106385,0.9469926305949751,0.0,0.0
77,Device,BiasAddGrad,gradient_tape/model/ResBlock31_pooling_conv/BiasAdd/BiasAddGrad,2,12.128,6.064,12.128,6.064,0.0008528502165633386,0.9478454808115384,0.0,0.0
78,Device,BiasAddGrad,gradient_tape/model/ResBlock31_conv1/BiasAdd/BiasAddGrad,2,12.096,6.048,12.096,6.048,0.0008505999521396886,0.9486960807636781,0.0,0.0
79,Device,BiasAddGrad,gradient_tape/model/dense/BiasAdd/BiasAddGrad,2,11.936,5.968,11.936,5.968,0.0008393486300214387,0.9495354293936995,0.0,0.0
80,Device,DynamicStitch,gradient_tape/model/GAP/DynamicStitch,2,10.944,5.472,10.944,5.472,0.0007695904328882897,0.9503050198265878,0.0,0.0
81,Device,MatMul,gradient_tape/model/dense/MatMul/MatMul,2,10.08,5.04,10.08,5.04,0.0007088332934497405,0.9510138531200375,0.0,0.0
82,Device,AddN,SGD/gradients/AddN_2,2,10.049,5.0245,10.049,5.0245,0.0007066533497893296,0.9517205064698269,0.0,0.0
83,Device,BiasAdd,model/ResBlock21_conv1/BiasAdd,2,9.696,4.848,9.696,4.848,0.0006818301203659409,0.9524023365901928,0.0,0.0
84,Device,ArgMax,ArgMax,2,9.152,4.576,9.152,4.576,0.0006435756251638913,0.9530459122153567,0.0,0.0
85,Device,BroadcastTo,gradient_tape/model/GAP/BroadcastTo,2,8.736,4.368,8.736,4.368,0.0006143221876564418,0.9536602344030132,0.0,0.0
86,Device,ReluGrad,gradient_tape/model/tf.nn.relu_1/ReluGrad,2,8.544,4.272,8.544,4.272,0.000600820601114542,0.9542610550041277,0.0,0.0
87,Device,BiasAdd,model/ResBlock21_conv2/BiasAdd,2,8.224,4.112,8.224,4.112,0.0005783179568780423,0.9548393729610057,0.0,0.0
88,Device,BiasAdd,model/ResBlock21_pooling_conv/BiasAdd,2,8.224,4.112,8.224,4.112,0.0005783179568780423,0.9554176909178838,0.0,0.0
89,Device,BiasAdd,model/ResBlock22_conv1/BiasAdd,2,8.16,4.08,8.16,4.08,0.0005738174280307423,0.9559915083459145,0.0,0.0
90,Device,ReluGrad,gradient_tape/model/tf.nn.relu_2/ReluGrad,2,8.096,4.048,8.096,4.048,0.0005693168991834424,0.956560825245098,0.0,0.0
91,Device,ReluGrad,gradient_tape/model/tf.nn.relu_3/ReluGrad,2,8.0,4.0,8.0,4.0,0.0005625661059124924,0.9571233913510105,0.0,0.0
92,Device,AddV2,model/ResBlock21_add/add,2,8.0,4.0,8.0,4.0,0.0005625661059124924,0.9576859574569231,0.0,0.0
93,Device,BiasAdd,model/ResBlock22_conv2/BiasAdd,2,8.0,4.0,8.0,4.0,0.0005625661059124924,0.9582485235628356,0.0,0.0
94,Device,Transpose,model/tf.nn.relu_7/Relu-0-0-TransposeNCHWToNHWC-LayoutOptimizer,2,7.68,3.84,7.68,3.84,0.0005400634616759927,0.9587885870245116,0.0,0.0
95,Device,ArgMax,ArgMax_1,2,7.648,3.824,7.648,3.824,0.0005378131972523428,0.959326400221764,0.0,0.0
96,Device,Transpose,gradient_tape/model/tf.nn.relu_7/ReluGrad-0-TransposeNHWCToNCHW-LayoutOptimizer,2,7.648,3.824,7.648,3.824,0.0005378131972523428,0.9598642134190163,0.0,0.0
97,Device,BiasAdd,model/ResBlock32_conv2/BiasAdd,2,7.552,3.776,7.552,3.776,0.0005310624039813928,0.9603952758229977,0.0,0.0
98,Device,Relu,model/tf.nn.relu/Relu,2,7.52,3.76,7.52,3.76,0.0005288121395577429,0.9609240879625554,0.0,0.0
99,Device,BiasAdd,model/ResBlock31_conv1/BiasAdd,2,7.488,3.744,7.488,3.744,0.000526561875134093,0.9614506498376895,0.0,0.0
100,Device,ResourceApplyGradientDescent,SGD/SGD/update/ResourceApplyGradientDescent,2,7.424,3.712,7.424,3.712,0.0005220613462867931,0.9619727111839762,0.0,0.0
101,Device,AddN,SGD/gradients/AddN_1,2,7.392,3.696,7.392,3.696,0.000519811081863143,0.9624925222658394,0.0,0.0
102,Device,ResourceApplyGradientDescent,SGD/SGD/update_4/ResourceApplyGradientDescent,2,7.36,3.68,7.36,3.68,0.0005175608174394931,0.9630100830832788,0.0,0.0
103,Device,BiasAdd,model/ResBlock31_conv2/BiasAdd,2,7.36,3.68,7.36,3.68,0.0005175608174394931,0.9635276439007183,0.0,0.0
104,Device,AddV2,model/ResBlock22_add/add,2,7.296,3.648,7.296,3.648,0.0005130602885921931,0.9640407041893105,0.0,0.0
105,Device,BiasAdd,model/ResBlock31_pooling_conv/BiasAdd,2,7.264,3.632,7.264,3.632,0.0005108100241685431,0.9645515142134791,0.0,0.0
106,Device,BiasAdd,model/ResBlock32_conv1/BiasAdd,2,7.264,3.632,7.264,3.632,0.0005108100241685431,0.9650623242376476,0.0,0.0
107,Device,RealDiv,gradient_tape/model/GAP/truediv,2,7.136,3.568,7.136,3.568,0.0005018089664739433,0.9655641332041215,0.0,0.0
108,Device,Relu,model/tf.nn.relu_2/Relu,2,6.976,3.488,6.976,3.488,0.0004905576443556934,0.9660546908484772,0.0,0.0
109,Device,ResourceApplyGradientDescent,SGD/SGD/update_10/ResourceApplyGradientDescent,2,6.944,3.472,6.944,3.472,0.0004883073799320434,0.9665429982284092,0.0,0.0
110,Device,ReluGrad,gradient_tape/model/tf.nn.relu_4/ReluGrad,2,6.944,3.472,6.944,3.472,0.0004883073799320434,0.9670313056083412,0.0,0.0
111,Device,Relu,model/tf.nn.relu_1/Relu,2,6.944,3.472,6.944,3.472,0.0004883073799320434,0.9675196129882732,0.0,0.0
112,Device,Relu,model/tf.nn.relu_3/Relu,2,6.944,3.472,6.944,3.472,0.0004883073799320434,0.9680079203682052,0.0,0.0
113,Device,ReluGrad,gradient_tape/model/tf.nn.relu_7/ReluGrad,2,6.88,3.44,6.88,3.44,0.0004838068510847435,0.9684917272192899,0.0,0.0
114,Device,ResourceApplyGradientDescent,SGD/SGD/update_16/ResourceApplyGradientDescent,2,6.816,3.408,6.816,3.408,0.0004793063222374435,0.9689710335415274,0.0,0.0
115,Device,ResourceApplyGradientDescent,SGD/SGD/update_24/ResourceApplyGradientDescent,2,6.784,3.392,6.784,3.392,0.0004770560578137936,0.9694480895993411,0.0,0.0
116,Device,ReluGrad,gradient_tape/model/tf.nn.relu_5/ReluGrad,2,6.72,3.36,6.72,3.36,0.00047255552896649364,0.9699206451283077,0.0,0.0
117,Device,ReluGrad,gradient_tape/model/tf.nn.relu_6/ReluGrad,2,6.72,3.36,6.72,3.36,0.00047255552896649364,0.9703932006572742,0.0,0.0
118,Device,ResourceApplyGradientDescent,SGD/SGD/update_8/ResourceApplyGradientDescent,2,6.656,3.328,6.656,3.328,0.0004680550001191937,0.9708612556573933,0.0,0.0
119,Device,ResourceApplyGradientDescent,SGD/SGD/update_20/ResourceApplyGradientDescent,2,6.624,3.312,6.624,3.312,0.0004658047356955437,0.9713270603930889,0.0,0.0
120,Device,ResourceApplyGradientDescent,SGD/SGD/update_28/ResourceApplyGradientDescent,2,6.624,3.312,6.624,3.312,0.0004658047356955437,0.9717928651287845,0.0,0.0
121,Device,ResourceApplyGradientDescent,SGD/SGD/update_36/ResourceApplyGradientDescent,2,6.624,3.312,6.624,3.312,0.0004658047356955437,0.9722586698644801,0.0,0.0
122,Device,AddN,SGD/gradients/AddN,2,6.592,3.296,6.592,3.296,0.00046355447127189377,0.972722224335752,0.0,0.0
123,Device,ResourceApplyGradientDescent,SGD/SGD/update_30/ResourceApplyGradientDescent,2,6.56,3.28,6.56,3.28,0.0004613042068482438,0.9731835285426002,0.0,0.0
124,Device,ResourceApplyGradientDescent,SGD/SGD/update_40/ResourceApplyGradientDescent,2,6.528,3.264,6.528,3.264,0.0004590539424245938,0.9736425824850248,0.0,0.0
125,Device,AddV2,model/ResBlock31_add/add,2,6.432,3.216,6.432,3.216,0.00045230314915364395,0.9740948856341785,0.0,0.0
126,Device,AddV2,model/ResBlock32_add/add,2,6.432,3.216,6.432,3.216,0.00045230314915364395,0.9745471887833321,0.0,0.0
127,Device,ResourceApplyGradientDescent,SGD/SGD/update_45/ResourceApplyGradientDescent,2,6.208,3.104,6.208,3.104,0.00043655129818809415,0.9749837400815202,0.0,0.0
128,Device,ResourceApplyGradientDescent,SGD/SGD/update_1/ResourceApplyGradientDescent,2,6.176,3.088,6.176,3.088,0.00043430103376444415,0.9754180411152846,0.0,0.0
129,Device,ResourceApplyGradientDescent,SGD/SGD/update_13/ResourceApplyGradientDescent,2,6.112,3.056,6.112,3.056,0.0004298005049171442,0.9758478416202018,0.0,0.0
130,Device,ResourceApplyGradientDescent,SGD/SGD/update_15/ResourceApplyGradientDescent,2,6.112,3.056,6.112,3.056,0.0004298005049171442,0.9762776421251189,0.0,0.0
131,Device,ResourceApplyGradientDescent,SGD/SGD/update_3/ResourceApplyGradientDescent,2,6.112,3.056,6.112,3.056,0.0004298005049171442,0.9767074426300361,0.0,0.0
132,Device,ResourceApplyGradientDescent,SGD/SGD/update_5/ResourceApplyGradientDescent,2,6.112,3.056,6.112,3.056,0.0004298005049171442,0.9771372431349532,0.0,0.0
133,Device,ResourceApplyGradientDescent,SGD/SGD/update_2/ResourceApplyGradientDescent,2,6.08,3.04,6.08,3.04,0.00042755024049349427,0.9775647933754467,0.0,0.0
134,Device,ResourceApplyGradientDescent,SGD/SGD/update_6/ResourceApplyGradientDescent,2,6.08,3.04,6.08,3.04,0.00042755024049349427,0.9779923436159401,0.0,0.0
135,Device,ResourceApplyGradientDescent,SGD/SGD/update_35/ResourceApplyGradientDescent,2,6.016,3.008,6.016,3.008,0.00042304971164619433,0.9784153933275863,0.0,0.0
136,Device,Relu,model/tf.nn.relu_6/Relu,2,5.984,2.992,5.984,2.992,0.00042079944722254434,0.9788361927748088,0.0,0.0
137,Device,ResourceApplyGradientDescent,SGD/SGD/update_19/ResourceApplyGradientDescent,2,5.952,2.976,5.952,2.976,0.0004185491827988944,0.9792547419576078,0.0,0.0
138,Device,Relu,model/tf.nn.relu_4/Relu,2,5.952,2.976,5.952,2.976,0.0004185491827988944,0.9796732911404067,0.0,0.0
139,Device,ResourceApplyGradientDescent,SGD/SGD/update_14/ResourceApplyGradientDescent,2,5.92,2.96,5.92,2.96,0.0004162989183752444,0.9800895900587819,0.0,0.0
140,Device,Relu,model/tf.nn.relu_7/Relu,2,5.92,2.96,5.92,2.96,0.0004162989183752444,0.9805058889771572,0.0,0.0
141,Device,ResourceApplyGradientDescent,SGD/SGD/update_23/ResourceApplyGradientDescent,2,5.888,2.944,5.888,2.944,0.0004140486539515944,0.9809199376311087,0.0,0.0
142,Device,Relu,model/tf.nn.relu_5/Relu,2,5.888,2.944,5.888,2.944,0.0004140486539515944,0.9813339862850603,0.0,0.0
143,Device,AssignAddVariableOp,AssignAddVariableOp_2,2,5.856,2.928,5.856,2.928,0.00041179838952794446,0.9817457846745883,0.0,0.0
144,Device,ResourceApplyGradientDescent,SGD/SGD/update_27/ResourceApplyGradientDescent,2,5.792,2.896,5.792,2.896,0.0004072978606806445,0.9821530825352689,0.0,0.0
145,Device,ResourceApplyGradientDescent,SGD/SGD/update_11/ResourceApplyGradientDescent,2,5.76,2.88,5.76,2.88,0.00040504759625699453,0.9825581301315259,0.0,0.0
146,Device,ResourceApplyGradientDescent,SGD/SGD/update_25/ResourceApplyGradientDescent,2,5.76,2.88,5.76,2.88,0.00040504759625699453,0.982963177727783,0.0,0.0
147,Device,ResourceApplyGradientDescent,SGD/SGD/update_33/ResourceApplyGradientDescent,2,5.76,2.88,5.76,2.88,0.00040504759625699453,0.98336822532404,0.0,0.0
148,Device,Mul,gradient_tape/categorical_crossentropy/softmax_cross_entropy_with_logits/mul,2,5.76,2.88,5.76,2.88,0.00040504759625699453,0.983773272920297,0.0,0.0
149,Device,ResourceApplyGradientDescent,SGD/SGD/update_22/ResourceApplyGradientDescent,2,5.728,2.864,5.728,2.864,0.0004027973318333446,0.9841760702521304,0.0,0.0
150,Device,ResourceApplyGradientDescent,SGD/SGD/update_31/ResourceApplyGradientDescent,2,5.728,2.864,5.728,2.864,0.0004027973318333446,0.9845788675839637,0.0,0.0
151,Device,ResourceApplyGradientDescent,SGD/SGD/update_12/ResourceApplyGradientDescent,2,5.696,2.848,5.696,2.848,0.0004005470674096946,0.9849794146513734,0.0,0.0
152,Device,ResourceApplyGradientDescent,SGD/SGD/update_7/ResourceApplyGradientDescent,2,5.696,2.848,5.696,2.848,0.0004005470674096946,0.9853799617187831,0.0,0.0
153,Device,ResourceApplyGradientDescent,SGD/SGD/update_18/ResourceApplyGradientDescent,2,5.664,2.832,5.664,2.832,0.00039829680298604465,0.9857782585217691,0.0,0.0
154,Device,ResourceApplyGradientDescent,SGD/SGD/update_9/ResourceApplyGradientDescent,2,5.664,2.832,5.664,2.832,0.00039829680298604465,0.9861765553247552,0.0,0.0
155,Device,ResourceApplyGradientDescent,SGD/SGD/update_44/ResourceApplyGradientDescent,2,5.632,2.816,5.632,2.816,0.00039604653856239465,0.9865726018633176,0.0,0.0
156,Device,ResourceApplyGradientDescent,SGD/SGD/update_17/ResourceApplyGradientDescent,2,5.601,2.8005,5.601,2.8005,0.0003938665949019838,0.9869664684582197,0.0,0.0
157,Device,AssignAddVariableOp,AssignAddVariableOp_4,2,5.6,2.8,5.6,2.8,0.00039379627413874466,0.9873602647323584,0.0,0.0
158,Device,Equal,Equal,2,5.6,2.8,5.6,2.8,0.00039379627413874466,0.9877540610064971,0.0,0.0
159,Device,ResourceApplyGradientDescent,SGD/SGD/update_21/ResourceApplyGradientDescent,2,5.6,2.8,5.6,2.8,0.00039379627413874466,0.9881478572806358,0.0,0.0
160,Device,ResourceApplyGradientDescent,SGD/SGD/update_29/ResourceApplyGradientDescent,2,5.6,2.8,5.6,2.8,0.00039379627413874466,0.9885416535547745,0.0,0.0
161,Device,ResourceApplyGradientDescent,SGD/SGD/update_38/ResourceApplyGradientDescent,2,5.6,2.8,5.6,2.8,0.00039379627413874466,0.9889354498289132,0.0,0.0
162,Device,AssignAddVariableOp,SGD/SGD/AssignAddVariableOp,2,5.536,2.768,5.536,2.768,0.0003892957452914447,0.9893247455742047,0.0,0.0
163,Device,Tile,gradient_tape/categorical_crossentropy/weighted_loss/Tile_1,2,5.536,2.768,5.536,2.768,0.0003892957452914447,0.9897140413194961,0.0,0.0
164,Device,Cast,Cast,2,5.472,2.736,5.472,2.736,0.00038479521644414484,0.9900988365359403,0.0,0.0
165,Device,DivNoNan,gradient_tape/categorical_crossentropy/weighted_loss/value/div_no_nan,2,5.44,2.72,5.44,2.72,0.0003825449520204949,0.9904813814879608,0.0,0.0
166,Device,BiasAdd,model/dense/BiasAdd,2,5.376,2.688,5.376,2.688,0.00037804442317319496,0.9908594259111341,0.0,0.0
167,Device,AssignAddVariableOp,AssignAddVariableOp_3,2,5.344,2.672,5.344,2.672,0.00037579415874954496,0.9912352200698836,0.0,0.0
168,Device,AssignAddVariableOp,AssignAddVariableOp_1,2,5.312,2.656,5.312,2.656,0.000373543894325895,0.9916087639642095,0.0,0.0
169,Device,ResourceApplyGradientDescent,SGD/SGD/update_26/ResourceApplyGradientDescent,2,5.312,2.656,5.312,2.656,0.000373543894325895,0.9919823078585354,0.0,0.0
170,Device,ResourceApplyGradientDescent,SGD/SGD/update_32/ResourceApplyGradientDescent,2,5.312,2.656,5.312,2.656,0.000373543894325895,0.9923558517528612,0.0,0.0
171,Device,ResourceApplyGradientDescent,SGD/SGD/update_34/ResourceApplyGradientDescent,2,5.312,2.656,5.312,2.656,0.000373543894325895,0.9927293956471871,0.0,0.0
172,Device,Cast,Cast_1,2,5.28,2.64,5.28,2.64,0.000371293629902245,0.9931006892770894,0.0,0.0
173,Device,Mul,Mul,2,5.28,2.64,5.28,2.64,0.000371293629902245,0.9934719829069917,0.0,0.0
174,Device,ResourceApplyGradientDescent,SGD/SGD/update_37/ResourceApplyGradientDescent,2,5.28,2.64,5.28,2.64,0.000371293629902245,0.993843276536894,0.0,0.0
175,Device,ResourceApplyGradientDescent,SGD/SGD/update_39/ResourceApplyGradientDescent,2,5.28,2.64,5.28,2.64,0.000371293629902245,0.9942145701667963,0.0,0.0
176,Device,ResourceApplyGradientDescent,SGD/SGD/update_41/ResourceApplyGradientDescent,2,5.28,2.64,5.28,2.64,0.000371293629902245,0.9945858637966986,0.0,0.0
177,Device,ResourceApplyGradientDescent,SGD/SGD/update_42/ResourceApplyGradientDescent,2,5.28,2.64,5.28,2.64,0.000371293629902245,0.9949571574266008,0.0,0.0
178,Device,ResourceApplyGradientDescent,SGD/SGD/update_43/ResourceApplyGradientDescent,2,5.248,2.624,5.248,2.624,0.00036904336547859503,0.9953262007920795,0.0,0.0
179,Device,AssignAddVariableOp,AssignAddVariableOp,2,5.216,2.608,5.216,2.608,0.0003667931010549451,0.9956929938931344,0.0,0.0
180,Device,DivNoNan,categorical_crossentropy/weighted_loss/value,2,5.216,2.608,5.216,2.608,0.0003667931010549451,0.9960597869941893,0.0,0.0
181,Device,Sum,categorical_crossentropy/weighted_loss/Sum,2,5.12,2.56,5.12,2.56,0.00036004230778399516,0.9964198293019733,0.0,0.0
182,Device,DivNoNan,div_no_nan_1,2,5.12,2.56,5.12,2.56,0.00036004230778399516,0.9967798716097572,0.0,0.0
183,Device,Sum,Sum_2,2,5.056,2.528,5.056,2.528,0.0003555417789366952,0.9971354133886939,0.0,0.0
184,Device,DivNoNan,div_no_nan,2,4.96,2.48,4.96,2.48,0.0003487909856657453,0.9974842043743597,0.0,0.0
185,Device,Cast,gradient_tape/model/GAP/Cast,2,4.768,2.384,4.768,2.384,0.00033528939912384547,0.9978194937734836,0.0,0.0
186,Device,Cast,categorical_crossentropy/weighted_loss/num_elements/Cast,2,4.672,2.336,4.672,2.336,0.00032853860585289554,0.9981480323793365,0.0,0.0
187,Device,Cast,Cast_2,2,4.64,2.32,4.64,2.32,0.0003262883414292456,0.9984743207207657,0.0,0.0
188,Device,_HostRecv,gradient_tape/model/GAP/DynamicStitch/_24,2,3.296,1.648,3.296,1.648,0.00023177723563594689,0.9987060979564016,0.0,0.0
189,Device,_Recv,IteratorGetNext/_4,2,3.2,1.6,3.2,1.6,0.00022502644236499698,0.9989311243987666,0.0,0.0
190,Device,_Recv,gradient_tape/model/GAP/floordiv/_18,2,2.784,1.392,2.784,1.392,0.00019577300485754736,0.9991268974036241,0.0,0.0
191,Device,LogicalAnd,LogicalAnd,1,2.656,2.656,2.656,2.656,0.0001867719471629475,0.9993136693507871,0.0,0.0
192,Device,_Recv,Size/_22,2,2.496,1.248,2.496,1.248,0.00017552062504469764,0.9994891899758318,0.0,0.0
193,Device,_Recv,categorical_crossentropy/weighted_loss/num_elements/_20,2,2.112,1.056,2.112,1.056,0.00014851745196089802,0.9996377074277927,0.0,0.0
194,Device,_Recv,gradient_tape/model/GAP/Shape-0-1-DataFormatVecPermuteNCHWToNHWC-LayoutOptimizer/_14,2,1.728,0.864,1.728,0.864,0.00012151427887709836,0.9997592217066698,0.0,0.0
195,Device,_Recv,strided_slice/_12,2,1.728,0.864,1.728,0.864,0.00012151427887709836,0.9998807359855468,0.0,0.0
196,Device,_Recv,gradient_tape/model/GAP/ones/_16,2,1.696,0.848,1.696,0.848,0.0001192640144534484,1.0000000000000002,0.0,0.0
197,Host,IDLE,IDLE,0,39087.253,0.0,39087.253,0.0,0.0,0.0,0.9676999700410326,0.9676999700410326
198,Host,GatherV2,GatherV2,2,988.056,494.028,988.056,494.028,0.0,0.0,0.02446172826724003,0.9921616983082726
199,Host,Dataset,Iterator::Root::ParallelMapV2::Zip[0]::FlatMap[1]::Concatenate,2,67.165,33.5825,44.16,22.08,0.0,0.0,0.0010932881539926073,0.9932549864622652
200,Host,FlushSummaryWriter,FlushSummaryWriter,1,43.123,43.123,43.123,43.123,0.0,0.0,0.0010676146980213587,0.9943226011602866
201,Host,Dataset,Iterator::Root::ParallelMapV2::Zip[1]::ForeverRepeat,2,41.997,20.9985,38.801,19.4005,0.0,0.0,0.0009606130811382962,0.9952832142414249
202,Host,LogicalAnd,LogicalAnd,1,32.261,32.261,32.261,32.261,0.0,0.0,0.0007986994822453693,0.9960819137236703
203,Host,GatherV2,GatherV2_1,2,30.874,15.437,30.874,15.437,0.0,0.0,0.0007643609254159365,0.9968462746490863
204,Host,Dataset,Iterator::Root,2,47.382,23.691,25.678,12.839,0.0,0.0,0.0006357213138184368,0.9974819959629047
205,Host,Dataset,Iterator::Root::ParallelMapV2::Zip[0]::FlatMap[1]::Concatenate[0]::TensorSlice,2,23.005,11.5025,23.005,11.5025,0.0,0.0,0.0005695447006929332,0.9980515406635976
206,Host,Dataset,Iterator::Root::ParallelMapV2,2,21.704,10.852,21.704,10.852,0.0,0.0,0.0005373352829315116,0.9985888759465291
207,Host,WriteSummary,WriteSummary,1,20.538,20.538,20.538,20.538,0.0,0.0,0.0005084681183582466,0.9990973440648874
208,Host,IteratorGetNext,IteratorGetNext,2,12.227,6.1135,12.227,6.1135,0.0,0.0,0.00030270910912290783,0.9994000531740103
209,Host,Dataset,Iterator::Root::ParallelMapV2::Zip,2,121.995,60.9975,8.746,4.373,0.0,0.0,0.00021652849173051052,0.9996165816657407
210,Host,ReadVariableOp,ReadVariableOp,1,5.778,5.778,5.778,5.778,0.0,0.0,0.00014304843645310882,0.9997596301021938
211,Host,Dataset,Iterator::Root::ParallelMapV2::Zip[0]::FlatMap,2,71.252,35.626,4.087,2.0435,0.0,0.0,0.00010118362059256762,0.9998608137227863
212,Host,Dataset,Iterator::Root::ParallelMapV2::Zip[1]::ForeverRepeat::FromTensor,4,3.196,0.799,3.196,0.799,0.0,0.0,7.91247495507331e-05,0.9999399384723371
213,Host,Identity,Identity,2,2.426,1.213,2.426,1.213,0.0,0.0,6.006152766272794e-05,0.9999999999999998
