Rank,Host/device,Type,Operation,#Occurrences,Total time (us),Avg. time (us),Total self-time (us),Avg. self-time (us),Total self-time on Device (%),Cumulative total-self time on Device (%),Total self-time on Host (%),Cumulative total-self time on Host (%)
1,Device,Conv2DBackpropFilter,gradient_tape/sequential/conv2d_1/Conv2D/Conv2DBackpropFilter,2,7165.067,3582.5335,7165.067,3582.5335,0.0832893322172551,0.0832893322172551,0.0,0.0
2,Device,Conv2DBackpropFilter,gradient_tape/sequential/conv2d_3/Conv2D/Conv2DBackpropFilter,2,4196.262,2098.131,4196.262,2098.131,0.048778868332793435,0.13206820055004853,0.0,0.0
3,Device,Conv2DBackpropInput,gradient_tape/sequential/conv2d_1/Conv2D/Conv2DBackpropInput,2,3945.796,1972.898,3945.796,1972.898,0.04586736089216141,0.17793556144220996,0.0,0.0
4,Device,Conv2DBackpropFilter,gradient_tape/sequential/conv2d_2/Conv2D/Conv2DBackpropFilter,2,3813.733,1906.8665,3813.733,1906.8665,0.04433221277971426,0.22226777422192423,0.0,0.0
5,Device,_FusedConv2D,sequential/conv2d_1/Relu,2,3736.772,1868.386,3736.772,1868.386,0.043437590259537945,0.2657053644814622,0.0,0.0
6,Device,IDLE,IDLE,0,3597.189,0.0,3597.189,0.0,0.04181502694521288,0.3075203914266751,0.0,0.0
7,Device,Conv2DBackpropInput,gradient_tape/sequential/conv2d_3/Conv2D/Conv2DBackpropInput,4,2978.82,744.705,2978.82,744.705,0.03462688186940943,0.3421472732960845,0.0,0.0
8,Device,Conv2DBackpropFilter,gradient_tape/sequential/conv2d_7/Conv2D/Conv2DBackpropFilter,2,2443.844,1221.922,2443.844,1221.922,0.028408127209856596,0.3705554005059411,0.0,0.0
9,Device,_FusedConv2D,sequential/conv2d_3/Relu,4,2407.234,601.8085,2407.234,601.8085,0.02798255931879937,0.3985379598247405,0.0,0.0
10,Device,Conv2DBackpropInput,gradient_tape/sequential/conv2d_5/Conv2D/Conv2DBackpropInput,2,2345.379,1172.6895,2345.379,1172.6895,0.027263534410267697,0.4258014942350082,0.0,0.0
11,Device,Conv2DBackpropFilter,gradient_tape/sequential/conv2d_5/Conv2D/Conv2DBackpropFilter,2,2297.411,1148.7055,2297.411,1148.7055,0.026705937016161363,0.45250743125116955,0.0,0.0
12,Device,MaxPoolGrad,gradient_tape/sequential/max_pooling2d/MaxPool/MaxPoolGrad,2,2271.459,1135.7295,2271.459,1135.7295,0.026404261574786952,0.47891169282595647,0.0,0.0
13,Device,_FusedConv2D,sequential/conv2d_5/Relu,4,2099.619,524.90475,2099.619,524.90475,0.024406731216981073,0.5033184240429376,0.0,0.0
14,Device,_FusedConv2D,sequential/conv2d_7/Relu,2,2074.691,1037.3455,2074.691,1037.3455,0.024116959122245357,0.5274353831651829,0.0,0.0
15,Device,Conv2DBackpropInput,gradient_tape/sequential/conv2d_7/Conv2D/Conv2DBackpropInput,2,2053.699,1026.8495,2053.699,1026.8495,0.023872940516152127,0.551308323681335,0.0,0.0
16,Device,_Send,IteratorGetNext/_1,2,2042.051,1021.0255,2042.051,1021.0255,0.023737539948136977,0.575045863629472,0.0,0.0
17,Device,Conv2DBackpropInput,gradient_tape/sequential/conv2d_2/Conv2D/Conv2DBackpropInput,2,1807.618,903.809,1807.618,903.809,0.021012405902678957,0.5960582695321509,0.0,0.0
18,Device,ReluGrad,gradient_tape/sequential/conv2d_1/ReluGrad,2,1750.883,875.4415,1750.883,875.4415,0.020352897727340755,0.6164111672594916,0.0,0.0
19,Device,ReluGrad,gradient_tape/sequential/conv2d/ReluGrad,2,1727.106,863.553,1727.106,863.553,0.02007650527321162,0.6364876725327032,0.0,0.0
20,Device,ResourceApplyGradientDescent,SGD/SGD/update_20/ResourceApplyGradientDescent,2,1673.314,836.657,1673.314,836.657,0.019451207595097716,0.6559388801278009,0.0,0.0
21,Device,Conv2DBackpropFilter,gradient_tape/sequential/conv2d/Conv2D/Conv2DBackpropFilter,2,1649.314,824.657,1649.314,824.657,0.01917222290825332,0.6751111030360541,0.0,0.0
22,Device,Conv2DBackpropInput,gradient_tape/sequential/conv2d_4/Conv2D/Conv2DBackpropInput,2,1428.45,714.225,1428.45,714.225,0.01660481983011995,0.6917159228661741,0.0,0.0
23,Device,Conv2DBackpropFilter,gradient_tape/sequential/conv2d_4/Conv2D/Conv2DBackpropFilter,2,1421.026,710.513,1421.026,710.513,0.016518520566989416,0.7082344434331636,0.0,0.0
24,Device,_FusedConv2D,sequential/conv2d_2/Relu,4,1412.994,353.2485,1412.994,353.2485,0.016425153691792156,0.7246595971249558,0.0,0.0
25,Device,Conv2DBackpropFilter,gradient_tape/sequential/conv2d_8/Conv2D/Conv2DBackpropFilter,2,1289.825,644.9125,1289.825,644.9125,0.01499339265454476,0.7396529897795006,0.0,0.0
26,Device,Conv2DBackpropFilter,gradient_tape/sequential/conv2d_9/Conv2D/Conv2DBackpropFilter,2,1278.21,639.105,1278.21,639.105,0.014858375690474023,0.7545113654699745,0.0,0.0
27,Device,Conv2DBackpropFilter,gradient_tape/sequential/conv2d_6/Conv2D/Conv2DBackpropFilter,2,1209.889,604.9445,1209.889,604.9445,0.014064187657561686,0.7685755531275362,0.0,0.0
28,Device,_FusedConv2D,sequential/conv2d_6/Relu,2,1186.113,593.0565,1186.113,593.0565,0.013787806827794506,0.7823633599553307,0.0,0.0
29,Device,_FusedConv2D,sequential/conv2d_4/Relu,4,1157.793,289.44825,1157.793,289.44825,0.013458604897318116,0.7958219648526488,0.0,0.0
30,Device,Conv2DBackpropInput,gradient_tape/sequential/conv2d_6/Conv2D/Conv2DBackpropInput,2,1152.642,576.321,1152.642,576.321,0.013398727808904139,0.8092206926615529,0.0,0.0
31,Device,ReluGrad,gradient_tape/sequential/conv2d_3/ReluGrad,2,864.865,432.4325,864.865,432.4325,0.010053503799486638,0.8192741964610396,0.0,0.0
32,Device,ReluGrad,gradient_tape/sequential/conv2d_2/ReluGrad,2,852.226,426.113,852.226,426.113,0.009906583488777208,0.8291807799498168,0.0,0.0
33,Device,ResourceApplyGradientDescent,SGD/SGD/update_22/ResourceApplyGradientDescent,2,834.337,417.1685,834.337,417.1685,0.009698635277820566,0.8388794152276373,0.0,0.0
34,Device,_FusedConv2D,sequential/conv2d/Relu,2,763.618,381.809,763.618,381.809,0.008876572024947694,0.847755987252585,0.0,0.0
35,Device,Conv2DBackpropInput,gradient_tape/sequential/conv2d_8/Conv2D/Conv2DBackpropInput,4,703.265,175.81625,703.265,175.81625,0.0081750069080677,0.8559309941606528,0.0,0.0
36,Device,Conv2DBackpropInput,gradient_tape/sequential/conv2d_9/Conv2D/Conv2DBackpropInput,4,700.577,175.14425,700.577,175.14425,0.008143760623141127,0.8640747547837939,0.0,0.0
37,Device,_FusedConv2D,sequential/conv2d_8/Relu,4,699.073,174.76825,699.073,174.76825,0.008126277582765544,0.8722010323665594,0.0,0.0
38,Device,_FusedConv2D,sequential/conv2d_9/Relu,4,685.729,171.43225,685.729,171.43225,0.00797116209688006,0.8801721944634395,0.0,0.0
39,Device,MaxPoolGrad,gradient_tape/sequential/max_pooling2d_1/MaxPool/MaxPoolGrad,2,681.825,340.9125,681.825,340.9125,0.007925780587820038,0.8880979750512595,0.0,0.0
40,Device,MaxPool,sequential/max_pooling2d/MaxPool,2,677.41,338.705,677.41,338.705,0.00787445902980262,0.8959724340810622,0.0,0.0
41,Device,MatMul,gradient_tape/sequential/dense/MatMul/MatMul_1,2,661.281,330.6405,661.281,330.6405,0.007686969695881234,0.9036594037769434,0.0,0.0
42,Device,MatMul,gradient_tape/sequential/dense/MatMul/MatMul,2,623.745,311.8725,623.745,311.8725,0.0072506376456565975,0.9109100414226,0.0,0.0
43,Device,MatMul,sequential/dense/MatMul,2,576.321,288.1605,576.321,288.1605,0.0066993639044520695,0.917609405327052,0.0,0.0
44,Device,BiasAddGrad,gradient_tape/sequential/conv2d_1/BiasAdd/BiasAddGrad,2,534.88,267.44,534.88,267.44,0.006217638720805459,0.9238270440478575,0.0,0.0
45,Device,BiasAddGrad,gradient_tape/sequential/conv2d/BiasAdd/BiasAddGrad,2,533.345,266.6725,533.345,266.6725,0.006199795325209369,0.930026839373067,0.0,0.0
46,Device,ReluGrad,gradient_tape/sequential/conv2d_4/ReluGrad,2,428.993,214.4965,428.993,214.4965,0.004986769906809931,0.9350136092798769,0.0,0.0
47,Device,ReluGrad,gradient_tape/sequential/conv2d_5/ReluGrad,2,428.865,214.4325,428.865,214.4325,0.004985281988480095,0.939998891268357,0.0,0.0
48,Device,MatMul,gradient_tape/sequential/dense_1/MatMul/MatMul_1,2,347.68,173.84,347.68,173.84,0.004041558163419163,0.9440404494317761,0.0,0.0
49,Device,MaxPool,sequential/max_pooling2d_1/MaxPool,2,339.649,169.8245,339.649,169.8245,0.003948202912583856,0.94798865234436,0.0,0.0
50,Device,MatMul,gradient_tape/sequential/dense_1/MatMul/MatMul,2,325.505,162.7525,325.505,162.7525,0.003783787937136892,0.9517724402814969,0.0,0.0
51,Device,MaxPoolGrad,gradient_tape/sequential/max_pooling2d_2/MaxPool/MaxPoolGrad,2,317.536,158.768,317.536,158.768,0.0036911533967426005,0.9554635936782395,0.0,0.0
52,Device,MatMul,sequential/dense_1/MatMul,2,303.904,151.952,303.904,151.952,0.0035326900946149827,0.9589962837728545,0.0,0.0
53,Device,BiasAddGrad,gradient_tape/sequential/conv2d_3/BiasAdd/BiasAddGrad,2,286.752,143.376,286.752,143.376,0.003333309038416854,0.9623295928112714,0.0,0.0
54,Device,BiasAddGrad,gradient_tape/sequential/conv2d_2/BiasAdd/BiasAddGrad,2,278.016,139.008,278.016,139.008,0.003231758612405494,0.9655613514236769,0.0,0.0
55,Device,ReluGrad,gradient_tape/sequential/conv2d_6/ReluGrad,2,214.785,107.3925,214.785,107.3925,0.0024967385818280745,0.968058090005505,0.0,0.0
56,Device,ReluGrad,gradient_tape/sequential/conv2d_7/ReluGrad,2,212.192,106.096,212.192,106.096,0.002466596611286928,0.9705246866167919,0.0,0.0
57,Device,BiasAddGrad,gradient_tape/sequential/conv2d_5/BiasAdd/BiasAddGrad,2,181.312,90.656,181.312,90.656,0.002107636314213804,0.9726323229310058,0.0,0.0
58,Device,MaxPool,sequential/max_pooling2d_2/MaxPool,2,180.097,90.0485,180.097,90.0485,0.002093512714442306,0.9747258356454481,0.0,0.0
59,Device,BiasAddGrad,gradient_tape/sequential/conv2d_4/BiasAdd/BiasAddGrad,2,179.712,89.856,179.712,89.856,0.0020890373350908437,0.9768148729805389,0.0,0.0
60,Device,MaxPoolGrad,gradient_tape/sequential/max_pooling2d_3/MaxPool/MaxPoolGrad,2,173.504,86.752,173.504,86.752,0.00201687329609376,0.9788317462766327,0.0,0.0
61,Device,SoftmaxCrossEntropyWithLogits,categorical_crossentropy/softmax_cross_entropy_with_logits,2,144.576,72.288,144.576,72.288,0.0016806037535506467,0.9805123500301833,0.0,0.0
62,Device,ResourceApplyGradientDescent,SGD/SGD/update_18/ResourceApplyGradientDescent,2,126.976,63.488,126.976,63.488,0.001476014983198089,0.9819883650133814,0.0,0.0
63,Device,ResourceApplyGradientDescent,SGD/SGD/update_14/ResourceApplyGradientDescent,2,126.464,63.232,126.464,63.232,0.001470063309878742,0.9834584283232601,0.0,0.0
64,Device,ResourceApplyGradientDescent,SGD/SGD/update_16/ResourceApplyGradientDescent,2,126.4,63.2,126.4,63.2,0.0014693193507138236,0.984927747673974,0.0,0.0
65,Device,MaxPoolGrad,gradient_tape/sequential/max_pooling2d_4/MaxPool/MaxPoolGrad,2,115.008,57.504,115.008,57.504,0.00133689461935835,0.9862646422933323,0.0,0.0
66,Device,MaxPool,sequential/max_pooling2d_3/MaxPool,2,96.576,48.288,96.576,48.288,0.001122634379861853,0.9873872766731941,0.0,0.0
67,Device,BiasAddGrad,gradient_tape/sequential/conv2d_6/BiasAdd/BiasAddGrad,2,94.688,47.344,94.688,47.344,0.0011006875844967606,0.9884879642576909,0.0,0.0
68,Device,BiasAddGrad,gradient_tape/sequential/conv2d_7/BiasAdd/BiasAddGrad,2,85.504,42.752,85.504,42.752,0.0009939294443309713,0.9894818937020219,0.0,0.0
69,Device,Transpose,gradient_tape/sequential/conv2d/Conv2D/Conv2DBackpropFilter-0-TransposeNHWCToNCHW-LayoutOptimizer,2,74.752,37.376,74.752,37.376,0.0008689443046246815,0.9903508380066466,0.0,0.0
70,Device,ResourceApplyGradientDescent,SGD/SGD/update_12/ResourceApplyGradientDescent,2,66.4,33.2,66.4,33.2,0.0007718576336028315,0.9911226956402495,0.0,0.0
71,Device,ReluGrad,gradient_tape/sequential/conv2d_8/ReluGrad,2,57.217,28.6085,57.217,28.6085,0.000665111117798994,0.9917878067580485,0.0,0.0
72,Device,ReluGrad,gradient_tape/sequential/conv2d_9/ReluGrad,2,39.552,19.776,39.552,19.776,0.0004597667639195661,0.992247573521968,0.0,0.0
73,Device,ResourceApplyGradientDescent,SGD/SGD/update_10/ResourceApplyGradientDescent,2,34.912,17.456,34.912,17.456,0.0004058297244629827,0.992653403246431,0.0,0.0
74,Device,BiasAddGrad,gradient_tape/sequential/conv2d_9/BiasAdd/BiasAddGrad,2,31.424,15.712,31.424,15.712,0.0003652839499749303,0.993018687196406,0.0,0.0
75,Device,BiasAddGrad,gradient_tape/sequential/conv2d_8/BiasAdd/BiasAddGrad,2,31.328,15.664,31.328,15.664,0.00036416801122755274,0.9933828552076335,0.0,0.0
76,Device,ArgMax,ArgMax,2,28.224,14.112,28.224,14.112,0.00032808599172901075,0.9937109411993625,0.0,0.0
77,Device,MatMul,sequential/dense_2/MatMul,2,27.424,13.712,27.424,13.712,0.00031878650216753086,0.9940297277015301,0.0,0.0
78,Device,ResourceApplyGradientDescent,SGD/SGD/update_8/ResourceApplyGradientDescent,2,23.04,11.52,23.04,11.52,0.000267825299370621,0.9942975530009007,0.0,0.0
79,Device,ArgMax,ArgMax_1,2,22.88,11.44,22.88,11.44,0.00026596540145832503,0.994563518402359,0.0,0.0
80,Device,Softmax,sequential/dense_2/Softmax,2,22.336,11.168,22.336,11.168,0.0002596417485565187,0.9948231601509155,0.0,0.0
81,Device,MatMul,gradient_tape/sequential/dense_2/MatMul/MatMul_1,2,17.568,8.784,17.568,8.784,0.00020421679077009853,0.9950273769416856,0.0,0.0
82,Device,MatMul,gradient_tape/sequential/dense_2/MatMul/MatMul,2,16.864,8.432,16.864,8.432,0.00019603323995599623,0.9952234101816416,0.0,0.0
83,Device,Transpose,gradient_tape/sequential/max_pooling2d_4/MaxPool/MaxPoolGrad-2-TransposeNHWCToNCHW-LayoutOptimizer,2,16.768,8.384,16.768,8.384,0.00019491730120861864,0.9954183274828502,0.0,0.0
84,Device,MaxPool,sequential/max_pooling2d_4/MaxPool,2,15.104,7.552,15.104,7.552,0.00017557436292074043,0.9955939018457709,0.0,0.0
85,Device,ResourceApplyGradientDescent,SGD/SGD/update_6/ResourceApplyGradientDescent,2,13.728,6.864,13.728,6.864,0.00015957924087499502,0.9957534810866459,0.0,0.0
86,Device,Transpose,sequential/max_pooling2d_4/MaxPool-0-2-TransposeNCHWToNHWC-LayoutOptimizer,2,12.576,6.288,12.576,6.288,0.00014618797590646397,0.9958996690625523,0.0,0.0
87,Device,ReluGrad,gradient_tape/sequential/dense/ReluGrad,2,12.544,6.272,12.544,6.272,0.00014581599632400478,0.9960454850588764,0.0,0.0
88,Device,ResourceApplyGradientDescent,SGD/SGD/update_24/ResourceApplyGradientDescent,2,12.384,6.192,12.384,6.192,0.0001439560984117088,0.996189441157288,0.0,0.0
89,Device,ResourceApplyGradientDescent,SGD/SGD/update_4/ResourceApplyGradientDescent,2,11.296,5.648,11.296,5.648,0.00013130879260809614,0.9963207499498962,0.0,0.0
90,Device,ResourceApplyGradientDescent,SGD/SGD/update_2/ResourceApplyGradientDescent,2,9.472,4.736,9.472,4.736,0.00011010595640792197,0.9964308559063041,0.0,0.0
91,Device,BiasAddGrad,gradient_tape/sequential/dense_1/BiasAdd/BiasAddGrad,2,9.12,4.56,9.12,4.56,0.0001060141810008708,0.996536870087305,0.0,0.0
92,Device,BiasAddGrad,gradient_tape/sequential/dense/BiasAdd/BiasAddGrad,2,9.088,4.544,9.088,4.544,0.00010564220141841162,0.9966425122887234,0.0,0.0
93,Device,ResourceApplyGradientDescent,SGD/SGD/update_21/ResourceApplyGradientDescent,2,8.32,4.16,8.32,4.16,9.671469143939093e-05,0.9967392269801627,0.0,0.0
94,Device,ResourceApplyGradientDescent,SGD/SGD/update_23/ResourceApplyGradientDescent,2,8.224,4.112,8.224,4.112,9.559875269201333e-05,0.9968348257328548,0.0,0.0
95,Device,BiasAdd,sequential/dense/BiasAdd,2,8.224,4.112,8.224,4.112,9.559875269201333e-05,0.9969304244855468,0.0,0.0
96,Device,ResourceApplyGradientDescent,SGD/SGD/update/ResourceApplyGradientDescent,2,7.904,3.952,7.904,3.952,9.187895686742137e-05,0.9970223034424143,0.0,0.0
97,Device,BiasAdd,sequential/dense_1/BiasAdd,2,7.872,3.936,7.872,3.936,9.150697728496217e-05,0.9971138104196993,0.0,0.0
98,Device,ReluGrad,gradient_tape/sequential/dense_1/ReluGrad,2,7.776,3.888,7.776,3.888,9.039103853758459e-05,0.9972042014582368,0.0,0.0
99,Device,ResourceApplyGradientDescent,SGD/SGD/update_13/ResourceApplyGradientDescent,2,7.36,3.68,7.36,3.68,8.555530396561505e-05,0.9972897567622024,0.0,0.0
100,Device,ResourceApplyGradientDescent,SGD/SGD/update_1/ResourceApplyGradientDescent,2,7.296,3.648,7.296,3.648,8.481134480069666e-05,0.9973745681070031,0.0,0.0
101,Device,ResourceApplyGradientDescent,SGD/SGD/update_3/ResourceApplyGradientDescent,2,7.296,3.648,7.296,3.648,8.481134480069666e-05,0.9974593794518037,0.0,0.0
102,Device,ResourceApplyGradientDescent,SGD/SGD/update_5/ResourceApplyGradientDescent,2,7.296,3.648,7.296,3.648,8.481134480069666e-05,0.9975441907966044,0.0,0.0
103,Device,ResourceApplyGradientDescent,SGD/SGD/update_9/ResourceApplyGradientDescent,2,7.296,3.648,7.296,3.648,8.481134480069666e-05,0.997629002141405,0.0,0.0
104,Device,ResourceApplyGradientDescent,SGD/SGD/update_17/ResourceApplyGradientDescent,2,7.264,3.632,7.264,3.632,8.443936521823746e-05,0.9977134415066233,0.0,0.0
105,Device,BiasAddGrad,gradient_tape/sequential/dense_2/BiasAdd/BiasAddGrad,2,7.264,3.632,7.264,3.632,8.443936521823746e-05,0.9977978808718416,0.0,0.0
106,Device,Relu,sequential/dense/Relu,2,7.264,3.632,7.264,3.632,8.443936521823746e-05,0.9978823202370599,0.0,0.0
107,Device,ResourceApplyGradientDescent,SGD/SGD/update_11/ResourceApplyGradientDescent,2,7.136,3.568,7.136,3.568,8.295144688840067e-05,0.9979652716839483,0.0,0.0
108,Device,ResourceApplyGradientDescent,SGD/SGD/update_7/ResourceApplyGradientDescent,2,6.944,3.472,6.944,3.472,8.07195693936455e-05,0.9980459912533419,0.0,0.0
109,Device,ResourceApplyGradientDescent,SGD/SGD/update_15/ResourceApplyGradientDescent,2,6.88,3.44,6.88,3.44,7.99756102287271e-05,0.9981259668635707,0.0,0.0
110,Device,ResourceApplyGradientDescent,SGD/SGD/update_19/ResourceApplyGradientDescent,2,6.816,3.408,6.816,3.408,7.923165106380871e-05,0.9982051985146345,0.0,0.0
111,Device,Relu,sequential/dense_1/Relu,2,6.688,3.344,6.688,3.344,7.774373273397193e-05,0.9982829422473685,0.0,0.0
112,Device,AssignAddVariableOp,SGD/SGD/AssignAddVariableOp,2,6.656,3.328,6.656,3.328,7.737175315151273e-05,0.9983603140005199,0.0,0.0
113,Device,AssignAddVariableOp,AssignAddVariableOp_2,2,6.496,3.248,6.496,3.248,7.551185523921676e-05,0.9984358258557592,0.0,0.0
114,Device,Tile,gradient_tape/categorical_crossentropy/weighted_loss/Tile_1,2,6.336,3.168,6.336,3.168,7.365195732692078e-05,0.9985094778130861,0.0,0.0
115,Device,AssignAddVariableOp,AssignAddVariableOp_4,2,6.24,3.12,6.24,3.12,7.253601857954319e-05,0.9985820138316657,0.0,0.0
116,Device,Cast,Cast_1,2,6.24,3.12,6.24,3.12,7.253601857954319e-05,0.9986545498502453,0.0,0.0
117,Device,Mul,gradient_tape/categorical_crossentropy/softmax_cross_entropy_with_logits/mul,2,6.208,3.104,6.208,3.104,7.2164038997084e-05,0.9987267138892424,0.0,0.0
118,Device,DivNoNan,categorical_crossentropy/weighted_loss/value,2,6.176,3.088,6.176,3.088,7.17920594146248e-05,0.998798505948657,0.0,0.0
119,Device,Cast,Cast,2,6.144,3.072,6.144,3.072,7.142007983216561e-05,0.9988699260284892,0.0,0.0
120,Device,BiasAdd,sequential/dense_2/BiasAdd,2,6.08,3.04,6.08,3.04,7.067612066724722e-05,0.9989406021491565,0.0,0.0
121,Device,Equal,Equal,2,6.048,3.024,6.048,3.024,7.030414108478801e-05,0.9990109062902413,0.0,0.0
122,Device,ResourceApplyGradientDescent,SGD/SGD/update_25/ResourceApplyGradientDescent,2,6.016,3.008,6.016,3.008,6.993216150232882e-05,0.9990808384517436,0.0,0.0
123,Device,AssignAddVariableOp,AssignAddVariableOp_3,2,5.952,2.976,5.952,2.976,6.918820233741043e-05,0.9991500266540809,0.0,0.0
124,Device,DivNoNan,gradient_tape/categorical_crossentropy/weighted_loss/value/div_no_nan,2,5.888,2.944,5.888,2.944,6.844424317249204e-05,0.9992184708972535,0.0,0.0
125,Device,Mul,Mul,2,5.824,2.912,5.824,2.912,6.770028400757365e-05,0.9992861711812611,0.0,0.0
126,Device,AssignAddVariableOp,AssignAddVariableOp,2,5.792,2.896,5.792,2.896,6.732830442511445e-05,0.9993534994856862,0.0,0.0
127,Device,AssignAddVariableOp,AssignAddVariableOp_1,2,5.76,2.88,5.76,2.88,6.695632484265524e-05,0.9994204558105289,0.0,0.0
128,Device,Sum,categorical_crossentropy/weighted_loss/Sum,2,5.76,2.88,5.76,2.88,6.695632484265524e-05,0.9994874121353715,0.0,0.0
129,Device,Sum,Sum_2,2,5.728,2.864,5.728,2.864,6.658434526019605e-05,0.9995539964806317,0.0,0.0
130,Device,DivNoNan,div_no_nan_1,2,5.632,2.816,5.632,2.816,6.546840651281846e-05,0.9996194648871445,0.0,0.0
131,Device,DivNoNan,div_no_nan,2,5.6,2.8,5.6,2.8,6.509642693035927e-05,0.9996845613140748,0.0,0.0
132,Device,Cast,Cast_2,2,5.344,2.672,5.344,2.672,6.21205902706857e-05,0.9997466819043455,0.0,0.0
133,Device,Cast,categorical_crossentropy/weighted_loss/num_elements/Cast,2,5.312,2.656,5.312,2.656,6.174861068822652e-05,0.9998084305150337,0.0,0.0
134,Device,_Recv,strided_slice/_12,2,4.288,2.144,4.288,2.144,4.984526404953225e-05,0.9998582757790831,0.0,0.0
135,Device,_Send,IteratorGetNext/_3,2,3.424,1.712,3.424,1.712,3.980181532313395e-05,0.9998980775944063,0.0,0.0
136,Device,LogicalAnd,LogicalAnd,1,3.296,3.296,3.296,3.296,3.831389699329717e-05,0.9999363914913996,0.0,0.0
137,Device,_Recv,Size/_16,2,2.784,1.392,2.784,1.392,3.2362223673950034e-05,0.9999687537150735,0.0,0.0
138,Device,_Recv,categorical_crossentropy/weighted_loss/num_elements/_14,2,2.688,1.344,2.688,1.344,3.1246284926572454e-05,1.0000000000000002,0.0,0.0
139,Host,IDLE,IDLE,0,253481.057,0.0,253481.057,0.0,0.0,0.0,0.9691557786431281,0.9691557786431281
140,Host,_Send,IteratorGetNext/_1,2,2627.669,1313.8345,2627.669,1313.8345,0.0,0.0,0.010046591354206833,0.9792023699973349
141,Host,_Send,IteratorGetNext/_3,2,2547.55,1273.775,2547.55,1273.775,0.0,0.0,0.009740265537405823,0.9889426355347407
142,Host,GatherV2,GatherV2,2,2474.229,1237.1145,2474.229,1237.1145,0.0,0.0,0.009459931094718483,0.9984025666294591
143,Host,_Send,IteratorGetNext/_6,2,101.178,50.589,101.178,50.589,0.0,0.0,0.0003868424904491163,0.9987894091199082
144,Host,Dataset,Iterator::Root::ParallelMapV2::Zip[1]::ForeverRepeat,2,48.633,24.3165,45.208,22.604,0.0,0.0,0.0001728476082569694,0.9989622567281652
145,Host,Dataset,Iterator::Root::ParallelMapV2::Zip[0]::FlatMap[1]::Concatenate,2,63.223,31.6115,41.317,20.6585,0.0,0.0,0.00015797081557142995,0.9991202275437366
146,Host,LogicalAnd,LogicalAnd,1,34.336,34.336,34.336,34.336,0.0,0.0,0.00013127976192513053,0.9992515073056618
147,Host,FlushSummaryWriter,FlushSummaryWriter,1,33.016,33.016,33.016,33.016,0.0,0.0,0.00012623289316519425,0.999377740198827
148,Host,Dataset,Iterator::Root::ParallelMapV2,2,28.782,14.391,28.782,14.391,0.0,0.0,0.0001100446792791562,0.9994877848781061
149,Host,Dataset,Iterator::Root,2,56.766,28.383,27.984,13.992,0.0,0.0,0.00010699361771064927,0.9995947784958167
150,Host,GatherV2,GatherV2_1,2,27.273,13.6365,27.273,13.6365,0.0,0.0,0.00010427519067404722,0.9996990536864907
151,Host,Dataset,Iterator::Root::ParallelMapV2::Zip[0]::FlatMap[1]::Concatenate[0]::TensorSlice,2,21.906,10.953,21.906,10.953,0.0,0.0,8.375508110239718e-05,0.9997828087675931
152,Host,WriteSummary,WriteSummary,1,19.492,19.492,19.492,19.492,0.0,0.0,7.452542868839249e-05,0.9998573341962814
153,Host,IteratorGetNext,IteratorGetNext,2,13.378,6.689,13.378,6.689,0.0,0.0,5.114925020486942e-05,0.9999084834464863
154,Host,Dataset,Iterator::Root::ParallelMapV2::Zip,2,125.146,62.573,10.568,5.284,0.0,0.0,4.040553716288384e-05,0.9999488889836492
155,Host,ReadVariableOp,ReadVariableOp,1,5.168,5.168,5.168,5.168,0.0,0.0,1.97592558722354e-05,0.9999686482395215
156,Host,Dataset,Iterator::Root::ParallelMapV2::Zip[1]::ForeverRepeat::FromTensor,4,3.425,0.85625,3.425,0.85625,0.0,0.0,1.3095095077864983e-05,0.9999817433345993
157,Host,Dataset,Iterator::Root::ParallelMapV2::Zip[0]::FlatMap,2,65.945,32.9725,2.722,1.361,0.0,0.0,1.0407255124656493e-05,0.999992150589724
158,Host,Identity,Identity,2,2.053,1.0265,2.053,1.0265,0.0,0.0,7.849410275870602e-06,0.9999999999999999
