Rank,Host/device,Type,Operation,#Occurrences,Total time (us),Avg. time (us),Total self-time (us),Avg. self-time (us),Total self-time on Device (%),Cumulative total-self time on Device (%),Total self-time on Host (%),Cumulative total-self time on Host (%)
1,Device,_Recv,IteratorGetNext/_2,2,36493.29,18246.645,36493.29,18246.645,0.031194679260050002,0.031194679260050002,0.0,0.0
2,Device,Conv2DBackpropFilter,gradient_tape/model/conv2d/Conv2D/Conv2DBackpropFilter,2,26114.832,13057.416,26114.832,13057.416,0.022323112226113075,0.05351779148616308,0.0,0.0
3,Device,FusedBatchNormGradV3,gradient_tape/model/batch_normalization/FusedBatchNormGradV3,2,23431.026,11715.513,23431.026,11715.513,0.020028979048035744,0.07354677053419882,0.0,0.0
4,Device,Conv2DBackpropFilter,gradient_tape/model/conv2d_4/Conv2D/Conv2DBackpropFilter,2,18679.797,9339.8985,18679.797,9339.8985,0.015967600511158194,0.08951437104535702,0.0,0.0
5,Device,Conv2DBackpropFilter,gradient_tape/model/conv2d_3/Conv2D/Conv2DBackpropFilter,2,18541.782,9270.891,18541.782,9270.891,0.01584962447616448,0.1053639955215215,0.0,0.0
6,Device,Conv2DBackpropFilter,gradient_tape/model/conv2d_2/Conv2D/Conv2DBackpropFilter,2,18490.645,9245.3225,18490.645,9245.3225,0.01580591226733592,0.12116990778885742,0.0,0.0
7,Device,MaxPoolGrad,gradient_tape/model/max_pooling2d/MaxPool/MaxPoolGrad,2,18482.229,9241.1145,18482.229,9241.1145,0.015798718220960475,0.1369686260098179,0.0,0.0
8,Device,Conv2DBackpropFilter,gradient_tape/model/conv2d_1/Conv2D/Conv2DBackpropFilter,2,18328.726,9164.363,18328.726,9164.363,0.015667502952332858,0.15263612896215076,0.0,0.0
9,Device,IDLE,IDLE,0,18025.778,0.0,18025.778,0.0,0.015408541217381758,0.1680446701795325,0.0,0.0
10,Device,Conv2DBackpropFilter,gradient_tape/model/conv2d_5/Conv2D/Conv2DBackpropFilter,2,16732.246,8366.123,16732.246,8366.123,0.014302822444078201,0.18234749262361072,0.0,0.0
11,Device,Conv2DBackpropFilter,gradient_tape/model/conv2d_6/Conv2D/Conv2DBackpropFilter,2,15465.174,7732.587,15465.174,7732.587,0.01321972183464041,0.19556721445825112,0.0,0.0
12,Device,Conv2D,model/conv2d/Conv2D,2,15114.647,7557.3235,15114.647,7557.3235,0.012920089290219572,0.2084873037484707,0.0,0.0
13,Device,ReluGrad,gradient_tape/model/activation/ReluGrad,2,14276.28,7138.14,14276.28,7138.14,0.012203448240119394,0.2206907519885901,0.0,0.0
14,Device,FusedBatchNormV3,model/batch_normalization/FusedBatchNormV3,4,13740.631,3435.15775,13740.631,3435.15775,0.011745572319615472,0.23243632430820557,0.0,0.0
15,Device,Conv2DBackpropInput,gradient_tape/model/conv2d_7/Conv2D/Conv2DBackpropInput,2,10271.002,5135.501,10271.002,5135.501,0.00877971301215462,0.2412160373203602,0.0,0.0
16,Device,Conv2DBackpropFilter,gradient_tape/model/conv2d_7/Conv2D/Conv2DBackpropFilter,4,9937.626,2484.4065,9937.626,2484.4065,0.00849474124356378,0.24971077856392399,0.0,0.0
17,Device,Conv2DBackpropFilter,gradient_tape/model/conv2d_15/Conv2D/Conv2DBackpropFilter,2,9751.099,4875.5495,9751.099,4875.5495,0.00833529686520438,0.2580460754291284,0.0,0.0
18,Device,Conv2DBackpropFilter,gradient_tape/model/conv2d_13/Conv2D/Conv2DBackpropFilter,2,9660.603,4830.3015,9660.603,4830.3015,0.008257940351326964,0.26630401578045537,0.0,0.0
19,Device,Conv2DBackpropFilter,gradient_tape/model/conv2d_14/Conv2D/Conv2DBackpropFilter,2,9645.21,4822.605,9645.21,4822.605,0.008244782324252674,0.27454879810470806,0.0,0.0
20,Device,BiasAdd,model/conv2d/BiasAdd,2,9631.77,4815.885,9631.77,4815.885,0.008233293733082762,0.2827820918377908,0.0,0.0
21,Device,Conv2DBackpropInput,gradient_tape/model/conv2d_4/Conv2D/Conv2DBackpropInput,2,9353.211,4676.6055,9353.211,4676.6055,0.007995179858997956,0.29077727169678874,0.0,0.0
22,Device,Conv2DBackpropFilter,gradient_tape/model/conv2d_12/Conv2D/Conv2DBackpropFilter,2,9285.436,4642.718,9285.436,4642.718,0.007937245389761287,0.29871451708655,0.0,0.0
23,Device,Conv2DBackpropInput,gradient_tape/model/conv2d_2/Conv2D/Conv2DBackpropInput,2,9280.186,4640.093,9280.186,4640.093,0.007932757658835539,0.30664727474538556,0.0,0.0
24,Device,Conv2DBackpropInput,gradient_tape/model/conv2d_3/Conv2D/Conv2DBackpropInput,2,9279.452,4639.726,9279.452,4639.726,0.007932130231311825,0.3145794049766974,0.0,0.0
25,Device,Conv2DBackpropInput,gradient_tape/model/conv2d_1/Conv2D/Conv2DBackpropInput,2,9154.97,4577.485,9154.97,4577.485,0.00782572228443585,0.32240512726113324,0.0,0.0
26,Device,Conv2DBackpropFilter,gradient_tape/model/conv2d_11/Conv2D/Conv2DBackpropFilter,2,9139.483,4569.7415,9139.483,4569.7415,0.007812483905607842,0.3302176111667411,0.0,0.0
27,Device,Conv2DBackpropFilter,gradient_tape/model/conv2d_10/Conv2D/Conv2DBackpropFilter,2,8940.027,4470.0135,8940.027,4470.0135,0.007641987741888633,0.3378595989086297,0.0,0.0
28,Device,Conv2DBackpropFilter,gradient_tape/model/conv2d_8/Conv2D/Conv2DBackpropFilter,2,8862.203,4431.1015,8862.203,4431.1015,0.007575463328257137,0.34543506223688686,0.0,0.0
29,Device,Relu,model/activation/Relu,2,8682.684,4341.342,8682.684,4341.342,0.00742200942957919,0.35285707166646607,0.0,0.0
30,Device,Conv2DBackpropInput,gradient_tape/model/conv2d_5/Conv2D/Conv2DBackpropInput,2,8618.491,4309.2455,8618.491,4309.2455,0.007367136875042716,0.3602242085415088,0.0,0.0
31,Device,Conv2D,model/conv2d_6/Conv2D,2,8396.347,4198.1735,8396.347,4198.1735,0.0071772468752771545,0.3674014554167859,0.0,0.0
32,Device,Conv2D,model/conv2d_4/Conv2D,2,7923.932,3961.966,7923.932,3961.966,0.006773423750460606,0.3741748791672465,0.0,0.0
33,Device,Conv2D,model/conv2d_5/Conv2D,2,7923.802,3961.901,7923.802,3961.901,0.006773312625694825,0.3809481917929413,0.0,0.0
34,Device,Conv2DBackpropInput,gradient_tape/model/conv2d_6/Conv2D/Conv2DBackpropInput,2,7890.524,3945.262,7890.524,3945.262,0.006744866395266823,0.38769305818820815,0.0,0.0
35,Device,Conv2D,model/conv2d_7/Conv2D,4,7821.916,1955.479,7821.916,1955.479,0.006686219872723267,0.3943792780609314,0.0,0.0
36,Device,Conv2DBackpropInput,gradient_tape/model/conv2d_16/Conv2D/Conv2DBackpropInput,2,7750.812,3875.406,7750.812,3875.406,0.006625439754676728,0.40100471781560815,0.0,0.0
37,Device,Conv2D,model/conv2d_3/Conv2D,2,7667.132,3833.566,7667.132,3833.566,0.006553909597749769,0.4075586274133579,0.0,0.0
38,Device,Conv2D,model/conv2d_1/Conv2D,2,7420.124,3710.062,7420.124,3710.062,0.00634276570431987,0.41390139311767776,0.0,0.0
39,Device,Conv2D,model/conv2d_2/Conv2D,2,7401.946,3700.973,7401.946,3700.973,0.006327227042840207,0.420228620160518,0.0,0.0
40,Device,Conv2DBackpropInput,gradient_tape/model/conv2d_15/Conv2D/Conv2DBackpropInput,4,6729.371,1682.34275,6729.371,1682.34275,0.005752305970957454,0.4259809261314754,0.0,0.0
41,Device,Conv2DBackpropInput,gradient_tape/model/conv2d_14/Conv2D/Conv2DBackpropInput,4,6654.044,1663.511,6654.044,1663.511,0.005687916007634832,0.4316688421391103,0.0,0.0
42,Device,Conv2DBackpropInput,gradient_tape/model/conv2d_13/Conv2D/Conv2DBackpropInput,4,6476.125,1619.03125,6476.125,1619.03125,0.005535829798381875,0.43720467193749213,0.0,0.0
43,Device,Conv2DBackpropInput,gradient_tape/model/conv2d_12/Conv2D/Conv2DBackpropInput,4,6353.309,1588.32725,6353.309,1588.32725,0.005430845958119671,0.4426355178956118,0.0,0.0
44,Device,Conv2DBackpropInput,gradient_tape/model/conv2d_11/Conv2D/Conv2DBackpropInput,4,6199.484,1549.871,6199.484,1549.871,0.005299355441995278,0.44793487333760706,0.0,0.0
45,Device,Conv2DBackpropInput,gradient_tape/model/conv2d_29/Conv2D/Conv2DBackpropInput,2,6153.692,3076.846,6153.692,3076.846,0.005260212170652073,0.45319508550825915,0.0,0.0
46,Device,Conv2DBackpropInput,gradient_tape/model/conv2d_10/Conv2D/Conv2DBackpropInput,4,6139.453,1534.86325,6139.453,1534.86325,0.005248040589575557,0.4584431260978347,0.0,0.0
47,Device,Conv2DBackpropFilter,gradient_tape/model/conv2d_16/Conv2D/Conv2DBackpropFilter,4,6087.869,1521.96725,6087.869,1521.96725,0.005203946282513891,0.46364707238034863,0.0,0.0
48,Device,Conv2DBackpropInput,gradient_tape/model/conv2d_8/Conv2D/Conv2DBackpropInput,4,6074.396,1518.599,6074.396,1518.599,0.005192429482749587,0.4688395018630982,0.0,0.0
49,Device,FusedBatchNormGradV3,gradient_tape/model/batch_normalization_3/FusedBatchNormGradV3,2,5884.892,2942.446,5884.892,2942.446,0.005030440347253815,0.473869942210352,0.0,0.0
50,Device,FusedBatchNormGradV3,gradient_tape/model/batch_normalization_2/FusedBatchNormGradV3,2,5868.893,2934.4465,5868.893,2934.4465,0.00501676430780981,0.4788867065181618,0.0,0.0
51,Device,FusedBatchNormGradV3,gradient_tape/model/batch_normalization_1/FusedBatchNormGradV3,2,5860.668,2930.334,5860.668,2930.334,0.005009733529359472,0.48389644004752125,0.0,0.0
52,Device,FusedBatchNormGradV3,gradient_tape/model/batch_normalization_6/FusedBatchNormGradV3,2,5852.508,2926.254,5852.508,2926.254,0.005002758313292025,0.48889919836081325,0.0,0.0
53,Device,FusedBatchNormGradV3,gradient_tape/model/batch_normalization_4/FusedBatchNormGradV3,2,5845.34,2922.67,5845.34,2922.67,0.004996631064668072,0.4938958294254813,0.0,0.0
54,Device,FusedBatchNormGradV3,gradient_tape/model/batch_normalization_5/FusedBatchNormGradV3,2,5836.988,2918.494,5836.988,2918.494,0.004989491725869625,0.4988853211513509,0.0,0.0
55,Device,MaxPool,model/max_pooling2d/MaxPool,2,5460.476,2730.238,5460.476,2730.238,0.004667647050381064,0.503552968201732,0.0,0.0
56,Device,Conv2D,model/conv2d_12/Conv2D,4,5387.006,1346.7515,5387.006,1346.7515,0.004604844461597322,0.5081578126633294,0.0,0.0
57,Device,Conv2D,model/conv2d_10/Conv2D,4,5386.653,1346.66325,5386.653,1346.66325,0.004604542715117933,0.5127623553784473,0.0,0.0
58,Device,Conv2D,model/conv2d_8/Conv2D,4,5386.076,1346.519,5386.076,1346.519,0.004604049492119047,0.5173664048705663,0.0,0.0
59,Device,Conv2D,model/conv2d_11/Conv2D,4,5382.524,1345.631,5382.524,1345.631,0.004601013221595569,0.5219674180921619,0.0,0.0
60,Device,Conv2D,model/conv2d_13/Conv2D,4,5264.829,1316.20725,5264.829,1316.20725,0.004500406842299222,0.5264678249344611,0.0,0.0
61,Device,Conv2D,model/conv2d_14/Conv2D,4,5263.038,1315.7595,5263.038,1315.7595,0.004498875884949125,0.5309667008194102,0.0,0.0
62,Device,Conv2D,model/conv2d_15/Conv2D,4,5259.037,1314.75925,5259.037,1314.75925,0.00449545580658076,0.535462156625991,0.0,0.0
63,Device,Conv2DBackpropInput,gradient_tape/model/conv2d_19/Conv2D/Conv2DBackpropInput,2,5007.326,2503.663,5007.326,2503.663,0.004280291761047281,0.5397424483870382,0.0,0.0
64,Device,Conv2DBackpropInput,gradient_tape/model/conv2d_21/Conv2D/Conv2DBackpropInput,2,5006.173,2503.0865,5006.173,2503.0865,0.004279306169855398,0.5440217545568936,0.0,0.0
65,Device,Conv2DBackpropInput,gradient_tape/model/conv2d_17/Conv2D/Conv2DBackpropInput,2,5005.949,2502.9745,5005.949,2502.9745,0.004279114693335899,0.5483008692502295,0.0,0.0
66,Device,Conv2DBackpropInput,gradient_tape/model/conv2d_20/Conv2D/Conv2DBackpropInput,2,5004.989,2502.4945,5004.989,2502.4945,0.004278294079680905,0.5525791633299104,0.0,0.0
67,Device,Conv2DBackpropInput,gradient_tape/model/conv2d_23/Conv2D/Conv2DBackpropInput,2,5003.453,2501.7265,5003.453,2501.7265,0.004276981097832916,0.5568561444277433,0.0,0.0
68,Device,Conv2DBackpropInput,gradient_tape/model/conv2d_22/Conv2D/Conv2DBackpropInput,2,5003.101,2501.5505,5003.101,2501.5505,0.004276680206159417,0.5611328246339028,0.0,0.0
69,Device,Conv2D,model/conv2d_28/Conv2D,2,4927.037,2463.5185,4927.037,2463.5185,0.004211660250895411,0.5653444848847982,0.0,0.0
70,Device,Conv2D,model/conv2d_26/Conv2D,2,4926.462,2463.231,4926.462,2463.231,0.004211168737508306,0.5695556536223064,0.0,0.0
71,Device,Conv2DBackpropInput,gradient_tape/model/conv2d_28/Conv2D/Conv2DBackpropInput,2,4924.893,2462.4465,4924.893,2462.4465,0.004209827547065925,0.5737654811693723,0.0,0.0
72,Device,Conv2D,model/conv2d_27/Conv2D,2,4920.605,2460.3025,4920.605,2460.3025,0.004206162139406952,0.5779716433087793,0.0,0.0
73,Device,Conv2D,model/conv2d_25/Conv2D,2,4919.069,2459.5345,4919.069,2459.5345,0.0042048491575589625,0.5821764924663382,0.0,0.0
74,Device,Conv2DBackpropFilter,gradient_tape/model/conv2d_22/Conv2D/Conv2DBackpropFilter,2,4919.037,2459.5185,4919.037,2459.5185,0.004204821803770463,0.5863813142701086,0.0,0.0
75,Device,Conv2DBackpropFilter,gradient_tape/model/conv2d_20/Conv2D/Conv2DBackpropFilter,2,4911.293,2455.6465,4911.293,2455.6465,0.004198202186953512,0.5905795164570622,0.0,0.0
76,Device,Conv2DBackpropInput,gradient_tape/model/conv2d_24/Conv2D/Conv2DBackpropInput,2,4909.214,2454.607,4909.214,2454.607,0.004196425045506917,0.5947759415025691,0.0,0.0
77,Device,Conv2DBackpropFilter,gradient_tape/model/conv2d_19/Conv2D/Conv2DBackpropFilter,2,4907.293,2453.6465,4907.293,2453.6465,0.004194782963391038,0.5989707244659601,0.0,0.0
78,Device,Conv2DBackpropFilter,gradient_tape/model/conv2d_23/Conv2D/Conv2DBackpropFilter,2,4906.461,2453.2305,4906.461,2453.2305,0.004194071764890044,0.6031647962308502,0.0,0.0
79,Device,Conv2DBackpropInput,gradient_tape/model/conv2d_25/Conv2D/Conv2DBackpropInput,2,4906.078,2453.039,4906.078,2453.039,0.004193744374233937,0.6073585406050841,0.0,0.0
80,Device,Conv2DBackpropInput,gradient_tape/model/conv2d_27/Conv2D/Conv2DBackpropInput,2,4906.077,2453.0385,4906.077,2453.0385,0.004193743519428046,0.6115522841245121,0.0,0.0
81,Device,Conv2DBackpropFilter,gradient_tape/model/conv2d_21/Conv2D/Conv2DBackpropFilter,2,4906.012,2453.006,4906.012,2453.006,0.004193687957045156,0.6157459720815572,0.0,0.0
82,Device,Conv2DBackpropFilter,gradient_tape/model/conv2d_17/Conv2D/Conv2DBackpropFilter,2,4904.606,2452.303,4904.606,2452.303,0.004192486099962946,0.6199384581815202,0.0,0.0
83,Device,Conv2DBackpropInput,gradient_tape/model/conv2d_26/Conv2D/Conv2DBackpropInput,2,4897.565,2448.7825,4897.565,2448.7825,0.004186467411687101,0.6241249255932073,0.0,0.0
84,Device,Conv2D,model/conv2d_24/Conv2D,2,4895.996,2447.998,4895.996,2447.998,0.004185126221244721,0.628310051814452,0.0,0.0
85,Device,Conv2DBackpropFilter,gradient_tape/model/conv2d_24/Conv2D/Conv2DBackpropFilter,2,4857.98,2428.99,4857.98,2428.99,0.004152629920506967,0.632462681734959,0.0,0.0
86,Device,Conv2D,model/conv2d_17/Conv2D,2,4832.316,2416.158,4832.316,2416.158,0.004130692182130133,0.6365933739170891,0.0,0.0
87,Device,Conv2D,model/conv2d_16/Conv2D,4,4828.22,1207.055,4828.22,1207.055,0.00412719089720216,0.6407205648142913,0.0,0.0
88,Device,Conv2DBackpropFilter,gradient_tape/model/conv2d_28/Conv2D/Conv2DBackpropFilter,2,4823.517,2411.7585,4823.517,2411.7585,0.004123170745098581,0.6448437355593899,0.0,0.0
89,Device,Conv2DBackpropFilter,gradient_tape/model/conv2d_27/Conv2D/Conv2DBackpropFilter,2,4816.253,2408.1265,4816.253,2408.1265,0.004116961435109128,0.648960696994499,0.0,0.0
90,Device,Conv2DBackpropFilter,gradient_tape/model/conv2d_25/Conv2D/Conv2DBackpropFilter,2,4801.789,2400.8945,4801.789,2400.8945,0.004104597522707222,0.6530652945172062,0.0,0.0
91,Device,Conv2DBackpropFilter,gradient_tape/model/conv2d_26/Conv2D/Conv2DBackpropFilter,2,4798.205,2399.1025,4798.205,2399.1025,0.0041015338983952454,0.6571668284156015,0.0,0.0
92,Device,Conv2D,model/conv2d_20/Conv2D,2,4793.054,2396.527,4793.054,2396.527,0.004097130793252669,0.6612639592088542,0.0,0.0
93,Device,Conv2D,model/conv2d_23/Conv2D,2,4792.316,2396.158,4792.316,2396.158,0.004096499946505392,0.6653604591553596,0.0,0.0
94,Device,Conv2D,model/conv2d_19/Conv2D,2,4791.037,2395.5185,4791.037,2395.5185,0.004095406649771292,0.6694558658051308,0.0,0.0
95,Device,Conv2D,model/conv2d_22/Conv2D,2,4789.757,2394.8785,4789.757,2394.8785,0.004094312498231299,0.6735501783033622,0.0,0.0
96,Device,Conv2D,model/conv2d_21/Conv2D,2,4786.013,2393.0065,4786.013,2393.0065,0.004091112104976824,0.677641290408339,0.0,0.0
97,Device,Conv2D,model/conv2d_34/Conv2D,4,4761.054,1190.2635,4761.054,1190.2635,0.004069777004752877,0.6817110674130918,0.0,0.0
98,Device,Conv2D,model/conv2d_32/Conv2D,4,4760.125,1190.03125,4760.125,1190.03125,0.004068982890080492,0.6857800503031724,0.0,0.0
99,Device,Conv2D,model/conv2d_33/Conv2D,4,4759.006,1189.7515,4759.006,1189.7515,0.0040680263622888905,0.6898480766654612,0.0,0.0
100,Device,Conv2D,model/conv2d_30/Conv2D,4,4756.861,1189.21525,4756.861,1189.21525,0.004066192803653513,0.6939142694691147,0.0,0.0
101,Device,Conv2D,model/conv2d_35/Conv2D,4,4756.477,1189.11925,4756.477,1189.11925,0.004065864558191515,0.6979801340273062,0.0,0.0
102,Device,Conv2DBackpropFilter,gradient_tape/model/conv2d_35/Conv2D/Conv2DBackpropFilter,2,4546.974,2273.487,4546.974,2273.487,0.0038867801596892634,0.7018669141869954,0.0,0.0
103,Device,Conv2DBackpropFilter,gradient_tape/model/conv2d_30/Conv2D/Conv2DBackpropFilter,2,4535.614,2267.807,4535.614,2267.807,0.0038770695647718364,0.7057439837517673,0.0,0.0
104,Device,Conv2DBackpropFilter,gradient_tape/model/conv2d_32/Conv2D/Conv2DBackpropFilter,2,4511.261,2255.6305,4511.261,2255.6305,0.0038562524769176045,0.7096002362286848,0.0,0.0
105,Device,Conv2DBackpropFilter,gradient_tape/model/conv2d_33/Conv2D/Conv2DBackpropFilter,2,4508.253,2254.1265,4508.253,2254.1265,0.003853681220798623,0.7134539174494835,0.0,0.0
106,Device,Conv2DBackpropFilter,gradient_tape/model/conv2d_29/Conv2D/Conv2DBackpropFilter,4,4504.893,1126.22325,4504.893,1126.22325,0.003850809073006145,0.7173047265224897,0.0,0.0
107,Device,Conv2DBackpropFilter,gradient_tape/model/conv2d_34/Conv2D/Conv2DBackpropFilter,2,4499.806,2249.903,4499.806,2249.903,0.0038464606754405684,0.7211511871979303,0.0,0.0
108,Device,BiasAddGrad,gradient_tape/model/conv2d/BiasAdd/BiasAddGrad,2,4157.534,2078.767,4157.534,2078.767,0.0035538845536467857,0.7247050717515771,0.0,0.0
109,Device,Conv2DBackpropInput,gradient_tape/model/conv2d_30/Conv2D/Conv2DBackpropInput,2,4102.494,2051.247,4102.494,2051.247,0.0035068360374271423,0.7282119077890042,0.0,0.0
110,Device,Conv2DBackpropInput,gradient_tape/model/conv2d_32/Conv2D/Conv2DBackpropInput,2,4079.421,2039.7105,4079.421,2039.7105,0.0034871131011129015,0.7316990208901172,0.0,0.0
111,Device,Conv2DBackpropInput,gradient_tape/model/conv2d_35/Conv2D/Conv2DBackpropInput,2,4067.741,2033.8705,4067.741,2033.8705,0.0034771289683104773,0.7351761498584276,0.0,0.0
112,Device,Conv2DBackpropInput,gradient_tape/model/conv2d_34/Conv2D/Conv2DBackpropInput,2,4067.165,2033.5825,4067.165,2033.5825,0.003476636600117481,0.738652786458545,0.0,0.0
113,Device,Conv2DBackpropInput,gradient_tape/model/conv2d_33/Conv2D/Conv2DBackpropInput,2,4066.109,2033.0545,4066.109,2033.0545,0.0034757339250969877,0.7421285203836421,0.0,0.0
114,Device,Conv2D,model/conv2d_29/Conv2D,4,3706.59,926.6475,3706.59,926.6475,0.0031684149661077073,0.7452969353497498,0.0,0.0
115,Device,ReluGrad,gradient_tape/model/activation_4/ReluGrad,2,3504.638,1752.319,3504.638,1752.319,0.0029957852068855156,0.7482927205566353,0.0,0.0
116,Device,ReluGrad,gradient_tape/model/activation_6/ReluGrad,2,3501.982,1750.991,3501.982,1750.991,0.0029935148424400327,0.7512862353990754,0.0,0.0
117,Device,ReluGrad,gradient_tape/model/activation_3/ReluGrad,2,3500.094,1750.047,3500.094,1750.047,0.0029919009689185453,0.7542781363679939,0.0,0.0
118,Device,ReluGrad,gradient_tape/model/activation_5/ReluGrad,2,3491.742,1745.871,3491.742,1745.871,0.002984761630120099,0.757262897998114,0.0,0.0
119,Device,ReluGrad,gradient_tape/model/activation_2/ReluGrad,2,3490.205,1745.1025,3490.205,1745.1025,0.0029834477934662183,0.7602463457915802,0.0,0.0
120,Device,ReluGrad,gradient_tape/model/activation_1/ReluGrad,2,3481.534,1740.767,3481.534,1740.767,0.0029760357715886655,0.7632223815631689,0.0,0.0
121,Device,FusedBatchNormV3,model/batch_normalization_5/FusedBatchNormV3,4,3467.998,866.9995,3467.998,866.9995,0.002964465119053253,0.7661868466822221,0.0,0.0
122,Device,FusedBatchNormV3,model/batch_normalization_6/FusedBatchNormV3,4,3467.71,866.9275,3467.71,866.9275,0.002964218934956755,0.7691510656171789,0.0,0.0
123,Device,FusedBatchNormV3,model/batch_normalization_3/FusedBatchNormV3,4,3456.926,864.2315,3456.926,864.2315,0.0029550007082323245,0.7721060663254112,0.0,0.0
124,Device,FusedBatchNormV3,model/batch_normalization_4/FusedBatchNormV3,4,3446.91,861.7275,3446.91,861.7275,0.0029464389724318894,0.7750525052978431,0.0,0.0
125,Device,FusedBatchNormV3,model/batch_normalization_1/FusedBatchNormV3,4,3423.134,855.7835,3423.134,855.7835,0.0029261151075765436,0.7779786204054197,0.0,0.0
126,Device,FusedBatchNormV3,model/batch_normalization_2/FusedBatchNormV3,4,3418.686,854.6715,3418.686,854.6715,0.0029223129309750725,0.7809009333363948,0.0,0.0
127,Device,AddN,SGD/gradients/AddN_14,2,3375.582,1687.791,3375.582,1687.791,0.0028854673778658515,0.7837864007142606,0.0,0.0
128,Device,AddN,SGD/gradients/AddN_12,2,3361.534,1680.767,3361.534,1680.767,0.0028734590647144427,0.7866598597789751,0.0,0.0
129,Device,AddN,SGD/gradients/AddN_15,2,3356.638,1678.319,3356.638,1678.319,0.0028692739350739743,0.7895291337140491,0.0,0.0
130,Device,AddN,SGD/gradients/AddN_13,2,3354.526,1677.263,3354.526,1677.263,0.002867468585032988,0.792396602299082,0.0,0.0
131,Device,AddV2,model/add/add,2,3258.11,1629.055,3258.11,1629.055,0.002785051620283113,0.7951816539193651,0.0,0.0
132,Device,AddV2,model/add_1/add,2,3241.886,1620.943,3241.886,1620.943,0.002771183249513718,0.7979528371688789,0.0,0.0
133,Device,AddV2,model/add_2/add,2,3219.582,1609.791,3219.582,1609.791,0.002752117658929362,0.8007049548278082,0.0,0.0
134,Device,FusedBatchNormGradV3,gradient_tape/model/batch_normalization_10/FusedBatchNormGradV3,2,3027.934,1513.967,3027.934,1513.967,0.0025882958196041038,0.8032932506474123,0.0,0.0
135,Device,Conv2DBackpropInput,gradient_tape/model/conv2d_9/Conv2D/Conv2DBackpropInput,2,2957.278,1478.639,2957.278,1478.639,0.002527898654596561,0.8058211493020089,0.0,0.0
136,Device,FusedBatchNormGradV3,gradient_tape/model/batch_normalization_9/FusedBatchNormGradV3,2,2910.783,1455.3915,2910.783,1455.3915,0.0024881544547122533,0.8083093037567212,0.0,0.0
137,Device,FusedBatchNormGradV3,gradient_tape/model/batch_normalization_11/FusedBatchNormGradV3,2,2906.398,1453.199,2906.398,1453.199,0.002484406130881891,0.810793709887603,0.0,0.0
138,Device,FusedBatchNormGradV3,gradient_tape/model/batch_normalization_14/FusedBatchNormGradV3,2,2887.678,1443.839,2887.678,1443.839,0.002468404164609512,0.8132621140522125,0.0,0.0
139,Device,FusedBatchNormGradV3,gradient_tape/model/batch_normalization_8/FusedBatchNormGradV3,2,2837.374,1418.687,2837.374,1418.687,0.002425404009087838,0.8156875180613004,0.0,0.0
140,Device,FusedBatchNormGradV3,gradient_tape/model/batch_normalization_7/FusedBatchNormGradV3,2,2833.246,1416.623,2833.246,1416.623,0.002421875370371365,0.8181093934316718,0.0,0.0
141,Device,FusedBatchNormGradV3,gradient_tape/model/batch_normalization_12/FusedBatchNormGradV3,2,2829.47,1414.735,2829.47,1414.735,0.0024186476233283892,0.8205280410550002,0.0,0.0
142,Device,FusedBatchNormGradV3,gradient_tape/model/batch_normalization_13/FusedBatchNormGradV3,2,2823.294,1411.647,2823.294,1411.647,0.0024133683421479293,0.8229414093971481,0.0,0.0
143,Device,BiasAdd,model/conv2d_5/BiasAdd,2,2412.544,1206.272,2412.544,1206.272,0.0020622568225763713,0.8250036662197244,0.0,0.0
144,Device,BiasAdd,model/conv2d_6/BiasAdd,2,2412.351,1206.1755,2412.351,1206.1755,0.0020620918450394822,0.8270657580647639,0.0,0.0
145,Device,BiasAdd,model/conv2d_3/BiasAdd,2,2407.23,1203.615,2407.23,1203.615,0.002057714384073625,0.8291234724488376,0.0,0.0
146,Device,BiasAdd,model/conv2d_1/BiasAdd,2,2403.198,1201.599,2403.198,1201.599,0.0020542678067226507,0.8311777402555602,0.0,0.0
147,Device,BiasAdd,model/conv2d_4/BiasAdd,2,2393.47,1196.735,2393.47,1196.735,0.002045952255018714,0.8332236925105789,0.0,0.0
148,Device,BiasAdd,model/conv2d_2/BiasAdd,2,2390.976,1195.488,2390.976,1195.488,0.002043820369127511,0.8352675128797065,0.0,0.0
149,Device,Conv2DBackpropFilter,gradient_tape/model/conv2d_9/Conv2D/Conv2DBackpropFilter,2,2390.814,1195.407,2390.814,1195.407,0.002043681890573231,0.8373111947702797,0.0,0.0
150,Device,Transpose,gradient_tape/model/conv2d/Conv2D/Conv2DBackpropFilter-0-TransposeNHWCToNCHW-LayoutOptimizer,2,2226.174,1113.087,2226.174,1113.087,0.0019029466487417975,0.8392141414190215,0.0,0.0
151,Device,Relu,model/activation_1/Relu,2,2192.8,1096.4,2192.8,1096.4,0.0018744183569482952,0.8410885597759699,0.0,0.0
152,Device,Relu,model/activation_5/Relu,2,2192.542,1096.271,2192.542,1096.271,0.0018741978170285153,0.8429627575929983,0.0,0.0
153,Device,Relu,model/activation_6/Relu,2,2190.048,1095.024,2190.048,1095.024,0.0018720659311373127,0.8448348235241356,0.0,0.0
154,Device,Relu,model/activation_4/Relu,2,2186.88,1093.44,2186.88,1093.44,0.0018693579060758334,0.8467041814302114,0.0,0.0
155,Device,Relu,model/activation_2/Relu,2,2185.662,1092.831,2185.662,1092.831,0.0018683167525010598,0.8485724981827125,0.0,0.0
156,Device,Relu,model/activation_3/Relu,2,2184.062,1092.031,2184.062,1092.031,0.0018669490630760703,0.8504394472457886,0.0,0.0
157,Device,FusedBatchNormV3,model/batch_normalization_8/FusedBatchNormV3,4,1832.672,458.168,1832.672,458.168,0.001566578821171628,0.8520060260669602,0.0,0.0
158,Device,Conv2DBackpropInput,gradient_tape/model/conv2d_18/Conv2D/Conv2DBackpropInput,2,1762.751,881.3755,1762.751,881.3755,0.0015068099384936901,0.8535128360054539,0.0,0.0
159,Device,ReluGrad,gradient_tape/model/activation_12/ReluGrad,2,1748.671,874.3355,1748.671,874.3355,0.0014947742715537816,0.8550076102770077,0.0,0.0
160,Device,ReluGrad,gradient_tape/model/activation_11/ReluGrad,2,1741.342,870.671,1741.342,870.671,0.0014885093991814384,0.8564961196761891,0.0,0.0
161,Device,ReluGrad,gradient_tape/model/activation_8/ReluGrad,2,1740.8,870.4,1740.8,870.4,0.001488046094388723,0.8579841657705778,0.0,0.0
162,Device,ReluGrad,gradient_tape/model/activation_14/ReluGrad,2,1740.383,870.1915,1740.383,870.1915,0.0014876896403323353,0.8594718554109101,0.0,0.0
163,Device,ReluGrad,gradient_tape/model/activation_13/ReluGrad,2,1739.552,869.776,1739.552,869.776,0.001486979296637231,0.8609588347075473,0.0,0.0
164,Device,ReluGrad,gradient_tape/model/activation_9/ReluGrad,2,1732.702,866.351,1732.702,866.351,0.0014811238762864943,0.8624399585838338,0.0,0.0
165,Device,ReluGrad,gradient_tape/model/activation_7/ReluGrad,2,1730.688,865.344,1730.688,865.344,0.0014794022972227886,0.8639193608810566,0.0,0.0
166,Device,FusedBatchNormV3,model/batch_normalization_13/FusedBatchNormV3,4,1729.119,432.27975,1729.119,432.27975,0.001478061106780408,0.865397421987837,0.0,0.0
167,Device,ReluGrad,gradient_tape/model/activation_10/ReluGrad,2,1727.743,863.8715,1727.743,863.8715,0.001476884893874917,0.8668743068817119,0.0,0.0
168,Device,FusedBatchNormV3,model/batch_normalization_9/FusedBatchNormV3,4,1722.495,430.62375,1722.495,430.62375,0.001472398872560951,0.8683467057542728,0.0,0.0
169,Device,FusedBatchNormV3,model/batch_normalization_12/FusedBatchNormV3,4,1718.048,429.512,1718.048,429.512,0.0014685975507653705,0.8698153033050381,0.0,0.0
170,Device,FusedBatchNormV3,model/batch_normalization_7/FusedBatchNormV3,4,1717.535,429.38375,1717.535,429.38375,0.0014681590353434833,0.8712834623403816,0.0,0.0
171,Device,FusedBatchNormV3,model/batch_normalization_11/FusedBatchNormV3,4,1716.959,429.23975,1716.959,429.23975,0.0014676666671504868,0.872751129007532,0.0,0.0
172,Device,FusedBatchNormV3,model/batch_normalization_10/FusedBatchNormV3,4,1713.184,428.296,1713.184,428.296,0.001464439774913402,0.8742155687824454,0.0,0.0
173,Device,FusedBatchNormV3,model/batch_normalization_14/FusedBatchNormV3,4,1710.495,427.62375,1710.495,427.62375,0.0014621412018735287,0.8756777099843189,0.0,0.0
174,Device,AddN,SGD/gradients/AddN_8,2,1688.319,844.1595,1688.319,844.1595,0.0014431850264431723,0.8771208950107621,0.0,0.0
175,Device,AddN,SGD/gradients/AddN_9,2,1681.215,840.6075,1681.215,840.6075,0.0014371124853962184,0.8785580074961583,0.0,0.0
176,Device,AddN,SGD/gradients/AddN_11,2,1678.655,839.3275,1678.655,839.3275,0.001434924182316235,0.8799929316784746,0.0,0.0
177,Device,AddN,SGD/gradients/AddN_10,2,1678.111,839.0555,1678.111,839.0555,0.0014344591679117387,0.8814273908463863,0.0,0.0
178,Device,Conv2D,model/conv2d_9/Conv2D,2,1676.926,838.463,1676.926,838.463,0.0014334462229313556,0.8828608370693177,0.0,0.0
179,Device,AddV2,model/add_6/add,2,1638.879,819.4395,1638.879,819.4395,0.0014009234232109926,0.8842617604925287,0.0,0.0
180,Device,AddV2,model/add_4/add,2,1633.886,816.943,1633.886,816.943,0.0013966553773991344,0.8856584158699278,0.0,0.0
181,Device,AddV2,model/add_3/add,2,1633.15,816.575,1633.15,816.575,0.0013960262402636391,0.8870544421101915,0.0,0.0
182,Device,AddV2,model/add_5/add,2,1627.742,813.871,1627.742,813.871,0.0013914034500071741,0.8884458455601987,0.0,0.0
183,Device,FusedBatchNormGradV3,gradient_tape/model/batch_normalization_20/FusedBatchNormGradV3,2,1502.304,751.152,1502.304,751.152,0.0012841783086997682,0.8897300238688984,0.0,0.0
184,Device,FusedBatchNormGradV3,gradient_tape/model/batch_normalization_17/FusedBatchNormGradV3,2,1500.64,750.32,1500.64,750.32,0.001282755911697779,0.8910127797805962,0.0,0.0
185,Device,FusedBatchNormGradV3,gradient_tape/model/batch_normalization_23/FusedBatchNormGradV3,2,1496.543,748.2715,1496.543,748.2715,0.0012792537719639146,0.8922920335525601,0.0,0.0
186,Device,FusedBatchNormGradV3,gradient_tape/model/batch_normalization_16/FusedBatchNormGradV3,2,1491.519,745.7595,1491.519,745.7595,0.0012749592271694473,0.8935669927797296,0.0,0.0
187,Device,FusedBatchNormGradV3,gradient_tape/model/batch_normalization_15/FusedBatchNormGradV3,2,1488.063,744.0315,1488.063,744.0315,0.0012720050180114698,0.8948389977977411,0.0,0.0
188,Device,FusedBatchNormGradV3,gradient_tape/model/batch_normalization_22/FusedBatchNormGradV3,2,1481.343,740.6715,1481.343,740.6715,0.0012662607224265133,0.8961052585201676,0.0,0.0
189,Device,AvgPoolGrad,gradient_tape/model/average_pooling2d/AvgPoolGrad,2,1478.143,739.0715,1478.143,739.0715,0.001263525343576534,0.8973687838637442,0.0,0.0
190,Device,FusedBatchNormGradV3,gradient_tape/model/batch_normalization_24/FusedBatchNormGradV3,2,1473.311,736.6555,1473.311,736.6555,0.0012593949215130651,0.8986281787852572,0.0,0.0
191,Device,FusedBatchNormGradV3,gradient_tape/model/batch_normalization_21/FusedBatchNormGradV3,2,1471.871,735.9355,1471.871,735.9355,0.0012581640010305747,0.8998863427862879,0.0,0.0
192,Device,FusedBatchNormGradV3,gradient_tape/model/batch_normalization_18/FusedBatchNormGradV3,2,1471.776,735.888,1471.776,735.888,0.0012580827944709658,0.9011444255807588,0.0,0.0
193,Device,FusedBatchNormGradV3,gradient_tape/model/batch_normalization_19/FusedBatchNormGradV3,2,1468.352,734.176,1468.352,734.176,0.001255155939101488,0.9023995815198603,0.0,0.0
194,Device,FusedBatchNormGradV3,gradient_tape/model/batch_normalization_26/FusedBatchNormGradV3,2,1465.472,732.736,1465.472,732.736,0.0012526940981365067,0.9036522756179969,0.0,0.0
195,Device,FusedBatchNormGradV3,gradient_tape/model/batch_normalization_25/FusedBatchNormGradV3,2,1447.52,723.76,1447.52,723.76,0.0012373486227881228,0.904889624240785,0.0,0.0
196,Device,Conv2DBackpropFilter,gradient_tape/model/conv2d_31/Conv2D/Conv2DBackpropFilter,4,1368.254,342.0635,1368.254,342.0635,0.0011695915790623551,0.9060592158198474,0.0,0.0
197,Device,Conv2DBackpropInput,gradient_tape/model/conv2d_31/Conv2D/Conv2DBackpropInput,2,1348.766,674.383,1348.766,674.383,0.0011529331218659816,0.9072121489417133,0.0,0.0
198,Device,Conv2D,model/conv2d_18/Conv2D,2,1245.087,622.5435,1245.087,622.5435,0.0010643077019325436,0.9082764566436459,0.0,0.0
199,Device,Conv2DBackpropFilter,gradient_tape/model/conv2d_18/Conv2D/Conv2DBackpropFilter,2,1216.543,608.2715,1216.543,608.2715,0.0010399081225907286,0.9093163647662366,0.0,0.0
200,Device,BiasAdd,model/conv2d_10/BiasAdd,2,1211.711,605.8555,1211.711,605.8555,0.00103577770052726,0.9103521424667638,0.0,0.0
201,Device,BiasAdd,model/conv2d_8/BiasAdd,2,1211.136,605.568,1211.136,605.568,0.0010352861871401541,0.9113874286539039,0.0,0.0
202,Device,BiasAdd,model/conv2d_14/BiasAdd,2,1210.079,605.0395,1210.079,605.0395,0.0010343826573137704,0.9124218113112177,0.0,0.0
203,Device,BiasAdd,model/conv2d_11/BiasAdd,2,1208.32,604.16,1208.32,604.16,0.0010328790537521724,0.9134546903649698,0.0,0.0
204,Device,BiasAdd,model/conv2d_15/BiasAdd,2,1206.015,603.0075,1206.015,603.0075,0.0010309087261742968,0.9144855990911441,0.0,0.0
205,Device,BiasAdd,model/conv2d_12/BiasAdd,2,1202.111,601.0555,1202.111,601.0555,0.0010275715639773222,0.9155131706551215,0.0,0.0
206,Device,BiasAdd,model/conv2d_9/BiasAdd,2,1202.11,601.055,1202.11,601.055,0.0010275707091714314,0.916540741364293,0.0,0.0
207,Device,BiasAdd,model/conv2d_13/BiasAdd,2,1196.256,598.128,1196.256,598.128,0.0010225666754877507,0.9175633080397807,0.0,0.0
208,Device,BiasAdd,model/conv2d_7/BiasAdd,2,1188.895,594.4475,1188.895,594.4475,0.0010162744493269077,0.9185795824891076,0.0,0.0
209,Device,Relu,model/activation_14/Relu,2,1101.28,550.64,1101.28,550.64,0.0009413806312203658,0.919520963120328,0.0,0.0
210,Device,Relu,model/activation_12/Relu,2,1099.71,549.855,1099.71,549.855,0.0009400385859720949,0.9204610017063002,0.0,0.0
211,Device,Relu,model/activation_7/Relu,2,1098.496,549.248,1098.496,549.248,0.000939000851620884,0.9214000025579211,0.0,0.0
212,Device,Relu,model/activation_11/Relu,2,1097.215,548.6075,1097.215,548.6075,0.0009379058452750015,0.9223379084031961,0.0,0.0
213,Device,Relu,model/activation_10/Relu,2,1087.902,543.951,1087.902,543.951,0.0009299450380156713,0.9232678534412118,0.0,0.0
214,Device,Relu,model/activation_9/Relu,2,1086.4,543.2,1086.4,543.2,0.0009286611195679623,0.9241965145607797,0.0,0.0
215,Device,Relu,model/activation_13/Relu,2,1086.399,543.1995,1086.399,543.1995,0.0009286602647620715,0.9251251748255418,0.0,0.0
216,Device,Relu,model/activation_8/Relu,2,1078.463,539.2315,1078.463,539.2315,0.000921876525214123,0.9260470513507559,0.0,0.0
217,Device,Conv2D,model/conv2d_31/Conv2D,4,1070.464,267.616,1070.464,267.616,0.0009150389328950654,0.926962090283651,0.0,0.0
218,Device,BiasAddGrad,gradient_tape/model/conv2d_4/BiasAdd/BiasAddGrad,2,1064.287,532.1435,1064.287,532.1435,0.0009097587969087149,0.9278718490805596,0.0,0.0
219,Device,BiasAddGrad,gradient_tape/model/conv2d_1/BiasAdd/BiasAddGrad,2,1063.775,531.8875,1063.775,531.8875,0.0009093211362927183,0.9287811702168524,0.0,0.0
220,Device,BiasAddGrad,gradient_tape/model/conv2d_3/BiasAdd/BiasAddGrad,2,1063.774,531.887,1063.774,531.887,0.0009093202814868275,0.9296904904983392,0.0,0.0
221,Device,BiasAddGrad,gradient_tape/model/conv2d_2/BiasAdd/BiasAddGrad,2,1063.68,531.84,1063.68,531.84,0.0009092399297331096,0.9305997304280723,0.0,0.0
222,Device,BiasAddGrad,gradient_tape/model/conv2d_5/BiasAdd/BiasAddGrad,2,1062.751,531.3755,1062.751,531.3755,0.0009084458150607249,0.9315081762431331,0.0,0.0
223,Device,BiasAddGrad,gradient_tape/model/conv2d_6/BiasAdd/BiasAddGrad,2,1061.088,530.544,1061.088,530.544,0.0009070242728646262,0.9324152005159977,0.0,0.0
224,Device,FusedBatchNormV3,model/batch_normalization_22/FusedBatchNormV3,4,928.447,232.11175,928.447,232.11175,0.0007936419647270949,0.9332088424807248,0.0,0.0
225,Device,FusedBatchNormV3,model/batch_normalization_26/FusedBatchNormV3,4,926.72,231.68,926.72,231.68,0.0007921657149539967,0.9340010081956788,0.0,0.0
226,Device,FusedBatchNormV3,model/batch_normalization_23/FusedBatchNormV3,4,924.607,231.15175,924.607,231.15175,0.0007903595101071198,0.9347913677057859,0.0,0.0
227,Device,FusedBatchNormV3,model/batch_normalization_16/FusedBatchNormV3,4,923.135,230.78375,923.135,230.78375,0.0007891012358361293,0.935580468941622,0.0,0.0
228,Device,FusedBatchNormV3,model/batch_normalization_15/FusedBatchNormV3,4,919.936,229.984,919.936,229.984,0.0007863667117920407,0.9363668356534139,0.0,0.0
229,Device,FusedBatchNormV3,model/batch_normalization_24/FusedBatchNormV3,4,919.647,229.91175,919.647,229.91175,0.0007861196728896519,0.9371529553263036,0.0,0.0
230,Device,FusedBatchNormV3,model/batch_normalization_25/FusedBatchNormV3,4,917.92,229.48,917.92,229.48,0.0007846434231165536,0.9379375987494202,0.0,0.0
231,Device,FusedBatchNormV3,model/batch_normalization_18/FusedBatchNormV3,4,915.711,228.92775,915.711,228.92775,0.0007827551569041774,0.9387203539063244,0.0,0.0
232,Device,FusedBatchNormV3,model/batch_normalization_21/FusedBatchNormV3,4,914.368,228.592,914.368,228.592,0.0007816071525930768,0.9395019610589175,0.0,0.0
233,Device,FusedBatchNormV3,model/batch_normalization_20/FusedBatchNormV3,4,913.248,228.312,913.248,228.312,0.000780649769995584,0.9402826108289131,0.0,0.0
234,Device,FusedBatchNormV3,model/batch_normalization_17/FusedBatchNormV3,4,911.359,227.83975,911.359,227.83975,0.0007790350416682056,0.9410616458705813,0.0,0.0
235,Device,FusedBatchNormV3,model/batch_normalization_19/FusedBatchNormV3,4,909.407,227.35175,909.407,227.35175,0.0007773664605697183,0.941839012331151,0.0,0.0
236,Device,ReluGrad,gradient_tape/model/activation_26/ReluGrad,2,867.775,433.8875,867.775,433.8875,0.0007417791817314879,0.9425807915128824,0.0,0.0
237,Device,ReluGrad,gradient_tape/model/activation_25/ReluGrad,2,866.271,433.1355,866.271,433.1355,0.0007404935536719976,0.9433212850665544,0.0,0.0
238,Device,ReluGrad,gradient_tape/model/activation_18/ReluGrad,2,863.871,431.9355,863.871,431.9355,0.0007384420195345132,0.944059727086089,0.0,0.0
239,Device,ReluGrad,gradient_tape/model/activation_23/ReluGrad,2,863.008,431.504,863.008,431.504,0.0007377043220509094,0.9447974314081399,0.0,0.0
240,Device,ReluGrad,gradient_tape/model/activation_17/ReluGrad,2,862.783,431.3915,862.783,431.3915,0.0007375119907255202,0.9455349433988653,0.0,0.0
241,Device,ReluGrad,gradient_tape/model/activation_24/ReluGrad,2,861.919,430.9595,861.919,430.9595,0.0007367734384360258,0.9462717168373014,0.0,0.0
242,Device,ReluGrad,gradient_tape/model/activation_19/ReluGrad,2,861.695,430.8475,861.695,430.8475,0.0007365819619165274,0.9470082987992179,0.0,0.0
243,Device,ReluGrad,gradient_tape/model/activation_15/ReluGrad,2,861.279,430.6395,861.279,430.6395,0.00073622636266603,0.9477445251618839,0.0,0.0
244,Device,ReluGrad,gradient_tape/model/activation_16/ReluGrad,2,860.959,430.4795,860.959,430.4795,0.000735952824781032,0.9484804779866649,0.0,0.0
245,Device,ReluGrad,gradient_tape/model/activation_20/ReluGrad,2,858.527,429.2635,858.527,429.2635,0.0007338739368550479,0.94921435192352,0.0,0.0
246,Device,ReluGrad,gradient_tape/model/activation_22/ReluGrad,2,849.632,424.816,849.632,424.816,0.000726270438457996,0.949940622361978,0.0,0.0
247,Device,ReluGrad,gradient_tape/model/activation_21/ReluGrad,2,843.68,421.84,843.68,421.84,0.0007211826337970346,0.950661804995775,0.0,0.0
248,Device,AddN,SGD/gradients/AddN_5,2,842.975,421.4875,842.975,421.4875,0.0007205799956441486,0.9513823849914191,0.0,0.0
249,Device,AddN,SGD/gradients/AddN_6,2,842.4,421.2,842.4,421.2,0.0007200884822570429,0.9521024734736762,0.0,0.0
250,Device,AddN,SGD/gradients/AddN_2,2,841.439,420.7195,841.439,420.7195,0.0007192670137961584,0.9528217404874724,0.0,0.0
251,Device,AddN,SGD/gradients/AddN_3,2,839.84,419.92,839.84,419.92,0.0007179001791770595,0.9535396406666494,0.0,0.0
252,Device,AddN,SGD/gradients/AddN_4,2,839.775,419.8875,839.775,419.8875,0.0007178446167941693,0.9542574852834436,0.0,0.0
253,Device,AddN,SGD/gradients/AddN_7,2,835.424,417.712,835.424,417.712,0.0007141253563640881,0.9549716106398076,0.0,0.0
254,Device,AddV2,model/add_7/add,2,824.448,412.224,824.448,412.224,0.0007047430069086592,0.9556763536467163,0.0,0.0
255,Device,AddV2,model/add_12/add,2,818.08,409.04,818.08,409.04,0.0006992996029972005,0.9563756532497135,0.0,0.0
256,Device,AddV2,model/add_11/add,2,817.856,408.928,817.856,408.928,0.0006991081264777019,0.9570747613761912,0.0,0.0
257,Device,AddV2,model/add_10/add,2,817.056,408.528,817.056,408.528,0.0006984242817652071,0.9577731856579564,0.0,0.0
258,Device,AddV2,model/add_8/add,2,815.583,407.7915,815.583,407.7915,0.000697165152688326,0.9584703508106448,0.0,0.0
259,Device,AddV2,model/add_9/add,2,814.911,407.4555,814.911,407.4555,0.0006965907231298303,0.9591669415337746,0.0,0.0
260,Device,FusedBatchNormGradV3,gradient_tape/model/batch_normalization_32/FusedBatchNormGradV3,2,721.216,360.608,721.216,360.608,0.000616499685208328,0.959783441218983,0.0,0.0
261,Device,FusedBatchNormGradV3,gradient_tape/model/batch_normalization_27/FusedBatchNormGradV3,2,719.424,359.712,719.424,359.712,0.0006149678730523395,0.9603984090920353,0.0,0.0
262,Device,FusedBatchNormGradV3,gradient_tape/model/batch_normalization_29/FusedBatchNormGradV3,2,717.184,358.592,717.184,358.592,0.000613053107857354,0.9610114621998926,0.0,0.0
263,Device,FusedBatchNormGradV3,gradient_tape/model/batch_normalization_30/FusedBatchNormGradV3,2,714.976,357.488,714.976,357.488,0.0006111656964508683,0.9616226278963436,0.0,0.0
264,Device,FusedBatchNormGradV3,gradient_tape/model/batch_normalization_31/FusedBatchNormGradV3,2,714.304,357.152,714.304,357.152,0.0006105912668923727,0.9622332191632359,0.0,0.0
265,Device,FusedBatchNormGradV3,gradient_tape/model/batch_normalization_28/FusedBatchNormGradV3,2,713.856,356.928,713.856,356.928,0.0006102083138533756,0.9628434274770893,0.0,0.0
266,Device,BiasAdd,model/conv2d_22/BiasAdd,2,601.536,300.768,601.536,300.768,0.0005141965162191032,0.9633576239933084,0.0,0.0
267,Device,BiasAdd,model/conv2d_25/BiasAdd,2,599.648,299.824,599.648,299.824,0.0005125826426976155,0.963870206636006,0.0,0.0
268,Device,BiasAdd,model/conv2d_23/BiasAdd,2,599.2,299.6,599.2,299.6,0.0005121996896586184,0.9643824063256646,0.0,0.0
269,Device,BiasAdd,model/conv2d_26/BiasAdd,2,598.911,299.4555,598.911,299.4555,0.0005119526507562296,0.9648943589764208,0.0,0.0
270,Device,BiasAdd,model/conv2d_19/BiasAdd,2,598.048,299.024,598.048,299.024,0.0005112149532726258,0.9654055739296935,0.0,0.0
271,Device,BiasAdd,model/conv2d_27/BiasAdd,2,597.951,298.9755,597.951,298.9755,0.0005111320371012359,0.9659167059667947,0.0,0.0
272,Device,BiasAdd,model/conv2d_18/BiasAdd,2,597.76,298.88,597.76,298.88,0.0005109687691761277,0.9664276747359708,0.0,0.0
273,Device,BiasAdd,model/conv2d_24/BiasAdd,2,597.472,298.736,597.472,298.736,0.0005107225850796295,0.9669383973210505,0.0,0.0
274,Device,BiasAdd,model/conv2d_28/BiasAdd,2,596.447,298.2235,596.447,298.2235,0.0005098464090417456,0.9674482437300922,0.0,0.0
275,Device,BiasAdd,model/conv2d_21/BiasAdd,2,596.192,298.096,596.192,298.096,0.0005096284335396378,0.9679578721636318,0.0,0.0
276,Device,BiasAdd,model/conv2d_17/BiasAdd,2,596.128,298.064,596.128,298.064,0.0005095737259626383,0.9684674458895944,0.0,0.0
277,Device,BiasAdd,model/conv2d_20/BiasAdd,2,595.904,297.952,595.904,297.952,0.0005093822494431397,0.9689768281390376,0.0,0.0
278,Device,BiasAdd,model/conv2d_16/BiasAdd,2,594.784,297.392,594.784,297.392,0.000508424866845647,0.9694852530058833,0.0,0.0
279,Device,Relu,model/activation_17/Relu,2,554.047,277.0235,554.047,277.0235,0.00047360263927952027,0.9699588556451628,0.0,0.0
280,Device,Relu,model/activation_25/Relu,2,553.696,276.848,553.696,276.848,0.00047330260241191315,0.9704321582475748,0.0,0.0
281,Device,Relu,model/activation_20/Relu,2,552.352,276.176,552.352,276.176,0.0004721537432949218,0.9709043119908697,0.0,0.0
282,Device,Relu,model/activation_26/Relu,2,552.159,276.0795,552.159,276.0795,0.00047198876575803246,0.9713763007566277,0.0,0.0
283,Device,Relu,model/activation_21/Relu,2,552.096,276.048,552.096,276.048,0.0004719349129869235,0.9718482356696146,0.0,0.0
284,Device,Relu,model/activation_18/Relu,2,551.36,275.68,551.36,275.68,0.0004713057758514283,0.9723195414454661,0.0,0.0
285,Device,Relu,model/activation_24/Relu,2,551.232,275.616,551.232,275.616,0.00047119636069742907,0.9727907378061635,0.0,0.0
286,Device,Relu,model/activation_19/Relu,2,550.72,275.36,550.72,275.36,0.00047075870008143244,0.9732614965062449,0.0,0.0
287,Device,Relu,model/activation_23/Relu,2,550.527,275.2635,550.527,275.2635,0.0004705937225445431,0.9737320902287895,0.0,0.0
288,Device,Relu,model/activation_22/Relu,2,549.984,274.992,549.984,274.992,0.0004701295629459372,0.9742022197917354,0.0,0.0
289,Device,Relu,model/activation_15/Relu,2,549.824,274.912,549.824,274.912,0.0004699927940034382,0.9746722125857388,0.0,0.0
290,Device,Relu,model/activation_16/Relu,2,549.216,274.608,549.216,274.608,0.00046947307202194216,0.9751416856577607,0.0,0.0
291,Device,SoftmaxCrossEntropyWithLogits,categorical_crossentropy/softmax_cross_entropy_with_logits,6,546.688,91.11466666666666,546.688,91.11466666666666,0.00046731212273045856,0.9756089977804911,0.0,0.0
292,Device,BiasAddGrad,gradient_tape/model/conv2d_15/BiasAdd/BiasAddGrad,2,541.312,270.656,541.312,270.656,0.0004627166862624934,0.9760717144667537,0.0,0.0
293,Device,BiasAddGrad,gradient_tape/model/conv2d_13/BiasAdd/BiasAddGrad,2,540.895,270.4475,540.895,270.4475,0.00046236023220610546,0.9765340746989598,0.0,0.0
294,Device,BiasAddGrad,gradient_tape/model/conv2d_14/BiasAdd/BiasAddGrad,2,540.192,270.096,540.192,270.096,0.00046175930366500065,0.9769958340026248,0.0,0.0
295,Device,BiasAddGrad,gradient_tape/model/conv2d_12/BiasAdd/BiasAddGrad,2,539.07,269.535,539.07,269.535,0.00046080021145572666,0.9774566342140806,0.0,0.0
296,Device,BiasAddGrad,gradient_tape/model/conv2d_11/BiasAdd/BiasAddGrad,2,538.336,269.168,538.336,269.168,0.00046017278393201263,0.9779168069980126,0.0,0.0
297,Device,BiasAddGrad,gradient_tape/model/conv2d_10/BiasAdd/BiasAddGrad,2,537.823,268.9115,537.823,268.9115,0.0004597342685101253,0.9783765412665227,0.0,0.0
298,Device,BiasAddGrad,gradient_tape/model/conv2d_7/BiasAdd/BiasAddGrad,2,528.672,264.336,528.672,264.336,0.0004519119398050753,0.9788284532063278,0.0,0.0
299,Device,BiasAddGrad,gradient_tape/model/conv2d_9/BiasAdd/BiasAddGrad,2,526.848,263.424,526.848,263.424,0.00045035277386058705,0.9792788059801885,0.0,0.0
300,Device,FusedBatchNormV3,model/batch_normalization_32/FusedBatchNormV3,4,487.136,121.784,487.136,121.784,0.00041640672233234435,0.9796952127025208,0.0,0.0
301,Device,FusedBatchNormV3,model/batch_normalization_27/FusedBatchNormV3,4,486.4,121.6,486.4,121.6,0.0004157775851968491,0.9801109902877176,0.0,0.0
302,Device,FusedBatchNormV3,model/batch_normalization_30/FusedBatchNormV3,4,485.759,121.43975,485.759,121.43975,0.0004152296546209626,0.9805262199423386,0.0,0.0
303,Device,FusedBatchNormV3,model/batch_normalization_29/FusedBatchNormV3,4,485.695,121.42375,485.695,121.42375,0.00041517494704396303,0.9809413948893826,0.0,0.0
304,Device,FusedBatchNormV3,model/batch_normalization_31/FusedBatchNormV3,4,483.839,120.95975,483.839,120.95975,0.00041358842731097507,0.9813549833166936,0.0,0.0
305,Device,FusedBatchNormV3,model/batch_normalization_28/FusedBatchNormV3,4,481.76,120.44,481.76,120.44,0.00041181128586437914,0.981766794602558,0.0,0.0
306,Device,ReluGrad,gradient_tape/model/activation_32/ReluGrad,2,431.103,215.5515,431.103,215.5515,0.00036850938386331667,0.9821353039864213,0.0,0.0
307,Device,ReluGrad,gradient_tape/model/activation_27/ReluGrad,2,430.656,215.328,430.656,215.328,0.00036812728563021023,0.9825034312720515,0.0,0.0
308,Device,ReluGrad,gradient_tape/model/activation_31/ReluGrad,2,429.983,214.9915,429.983,214.9915,0.0003675520012658239,0.9828709832733173,0.0,0.0
309,Device,ReluGrad,gradient_tape/model/activation_28/ReluGrad,2,429.536,214.768,429.536,214.768,0.00036716990303271743,0.9832381531763501,0.0,0.0
310,Device,ReluGrad,gradient_tape/model/activation_30/ReluGrad,2,427.903,213.9515,427.903,213.9515,0.0003657740050133374,0.9836039271813635,0.0,0.0
311,Device,ReluGrad,gradient_tape/model/activation_29/ReluGrad,2,426.368,213.184,426.368,213.184,0.000364461877971238,0.9839683890593347,0.0,0.0
312,Device,AddN,SGD/gradients/AddN,2,420.864,210.432,420.864,210.432,0.0003597570263492736,0.984328146085684,0.0,0.0
313,Device,AddN,SGD/gradients/AddN_1,2,418.528,209.264,418.528,209.264,0.0003577601997887888,0.9846859062854728,0.0,0.0
314,Device,AddV2,model/add_14/add,2,417.152,208.576,417.152,208.576,0.0003565839868832977,0.9850424902723561,0.0,0.0
315,Device,AddV2,model/add_13/add,2,415.936,207.968,415.936,207.968,0.00035554454292030557,0.9853980348152764,0.0,0.0
316,Device,AddV2,model/add_15/add,2,415.488,207.744,415.488,207.744,0.00035516158988130846,0.9857531964051578,0.0,0.0
317,Device,BiasAddGrad,gradient_tape/model/conv2d_19/BiasAdd/BiasAddGrad,2,313.631,156.8155,313.631,156.8155,0.00026809362628057765,0.9860212900314383,0.0,0.0
318,Device,BiasAddGrad,gradient_tape/model/conv2d_21/BiasAdd/BiasAddGrad,2,312.928,156.464,312.928,156.464,0.00026749269773947284,0.9862887827291779,0.0,0.0
319,Device,BiasAddGrad,gradient_tape/model/conv2d_20/BiasAdd/BiasAddGrad,2,312.896,156.448,312.896,156.448,0.00026746534395097305,0.9865562480731288,0.0,0.0
320,Device,BiasAddGrad,gradient_tape/model/conv2d_27/BiasAdd/BiasAddGrad,2,312.64,156.32,312.64,156.32,0.0002672465136429747,0.9868234945867718,0.0,0.0
321,Device,BiasAddGrad,gradient_tape/model/conv2d_22/BiasAdd/BiasAddGrad,2,312.512,156.256,312.512,156.256,0.0002671370984889755,0.9870906316852608,0.0,0.0
322,Device,BiasAddGrad,gradient_tape/model/conv2d_16/BiasAdd/BiasAddGrad,2,312.479,156.2395,312.479,156.2395,0.0002671088898945851,0.9873577405751554,0.0,0.0
323,Device,BiasAddGrad,gradient_tape/model/conv2d_24/BiasAdd/BiasAddGrad,2,312.416,156.208,312.416,156.208,0.00026705503712347615,0.9876247956122788,0.0,0.0
324,Device,BiasAddGrad,gradient_tape/model/conv2d_23/BiasAdd/BiasAddGrad,2,312.256,156.128,312.256,156.128,0.00026691826818097715,0.9878917138804597,0.0,0.0
325,Device,BiasAddGrad,gradient_tape/model/conv2d_28/BiasAdd/BiasAddGrad,2,312.256,156.128,312.256,156.128,0.00026691826818097715,0.9881586321486406,0.0,0.0
326,Device,BiasAddGrad,gradient_tape/model/conv2d_25/BiasAdd/BiasAddGrad,2,312.064,156.032,312.064,156.032,0.00026675414544997846,0.9884253862940906,0.0,0.0
327,Device,BiasAddGrad,gradient_tape/model/conv2d_26/BiasAdd/BiasAddGrad,2,311.872,155.936,311.872,155.936,0.00026659002271897967,0.9886919763168096,0.0,0.0
328,Device,BiasAdd,model/conv2d_31/BiasAdd,2,301.984,150.992,301.984,150.992,0.00025813770207254374,0.9889501140188821,0.0,0.0
329,Device,BiasAddGrad,gradient_tape/model/conv2d_18/BiasAdd/BiasAddGrad,2,300.896,150.448,300.896,150.448,0.0002572076732635508,0.9892073216921456,0.0,0.0
330,Device,BiasAdd,model/conv2d_35/BiasAdd,2,292.896,146.448,292.896,146.448,0.00025036922613860265,0.9894576909182843,0.0,0.0
331,Device,BiasAdd,model/conv2d_30/BiasAdd,2,291.616,145.808,291.616,145.808,0.0002492750745986109,0.9897069659928829,0.0,0.0
332,Device,BiasAdd,model/conv2d_29/BiasAdd,2,291.456,145.728,291.456,145.728,0.00024913830565611195,0.989956104298539,0.0,0.0
333,Device,BiasAdd,model/conv2d_33/BiasAdd,2,290.527,145.2635,290.527,145.2635,0.0002483441909837273,0.9902044484895227,0.0,0.0
334,Device,BiasAdd,model/conv2d_34/BiasAdd,2,289.12,144.56,289.12,144.56,0.0002471414790956271,0.9904515899686184,0.0,0.0
335,Device,BiasAdd,model/conv2d_32/BiasAdd,2,288.96,144.48,288.96,144.48,0.0002470047101531281,0.9906985946787715,0.0,0.0
336,Device,Relu,model/activation_31/Relu,2,280.768,140.384,280.768,140.384,0.00024000214029718116,0.9909385968190687,0.0,0.0
337,Device,Relu,model/activation_32/Relu,2,279.775,139.8875,279.775,139.8875,0.00023915331804779698,0.9911777501371165,0.0,0.0
338,Device,Relu,model/activation_29/Relu,2,279.68,139.84,279.68,139.84,0.00023907211148818823,0.9914168222486047,0.0,0.0
339,Device,Relu,model/activation_30/Relu,2,279.552,139.776,279.552,139.776,0.00023896269633418907,0.9916557849449389,0.0,0.0
340,Device,Relu,model/activation_28/Relu,2,278.464,139.232,278.464,139.232,0.00023803266752519612,0.9918938176124641,0.0,0.0
341,Device,Relu,model/activation_27/Relu,2,278.047,139.0235,278.047,139.0235,0.0002376762134688082,0.9921314938259329,0.0,0.0
342,Device,AvgPool,model/average_pooling2d/AvgPool,2,244.704,122.352,244.704,122.352,0.00020917442065791482,0.9923406682465908,0.0,0.0
343,Device,ArgMax,ArgMax_1,2,234.816,117.408,234.816,117.408,0.00020072210001147886,0.9925413903466023,0.0,0.0
344,Device,ArgMax,ArgMax,2,233.12,116.56,233.12,116.56,0.00019927234922098984,0.9927406626958233,0.0,0.0
345,Device,BiasAddGrad,gradient_tape/model/conv2d_31/BiasAdd/BiasAddGrad,2,161.6,80.8,161.6,80.8,0.00013813663192395315,0.9928787993277473,0.0,0.0
346,Device,BiasAddGrad,gradient_tape/model/conv2d_29/BiasAdd/BiasAddGrad,2,161.536,80.768,161.536,80.768,0.00013808192434695357,0.9930168812520942,0.0,0.0
347,Device,BiasAddGrad,gradient_tape/model/conv2d_33/BiasAdd/BiasAddGrad,2,152.224,76.112,152.224,76.112,0.00013012197189351388,0.9931470032239877,0.0,0.0
348,Device,BiasAddGrad,gradient_tape/model/conv2d_35/BiasAdd/BiasAddGrad,2,152.192,76.096,152.192,76.096,0.0001300946181050141,0.9932770978420927,0.0,0.0
349,Device,BiasAddGrad,gradient_tape/model/conv2d_32/BiasAdd/BiasAddGrad,2,152.096,76.048,152.096,76.048,0.00013001255673951472,0.9934071103988322,0.0,0.0
350,Device,BiasAddGrad,gradient_tape/model/conv2d_34/BiasAdd/BiasAddGrad,2,151.904,75.952,151.904,75.952,0.00012984843400851596,0.9935369588328408,0.0,0.0
351,Device,ResourceApplyGradientDescent,SGD/SGD/update_130/ResourceApplyGradientDescent,2,125.312,62.656,125.312,62.656,0.00010711743576518823,0.993644076268606,0.0,0.0
352,Device,ResourceApplyGradientDescent,SGD/SGD/update_118/ResourceApplyGradientDescent,2,124.896,62.448,124.896,62.448,0.00010676183651469092,0.9937508381051207,0.0,0.0
353,Device,ResourceApplyGradientDescent,SGD/SGD/update_122/ResourceApplyGradientDescent,2,124.544,62.272,124.544,62.272,0.0001064609448411932,0.9938572990499619,0.0,0.0
354,Device,ResourceApplyGradientDescent,SGD/SGD/update_126/ResourceApplyGradientDescent,2,124.544,62.272,124.544,62.272,0.0001064609448411932,0.9939637599948031,0.0,0.0
355,Device,ResourceApplyGradientDescent,SGD/SGD/update_134/ResourceApplyGradientDescent,2,123.776,61.888,123.776,61.888,0.00010580445391719817,0.9940695644487203,0.0,0.0
356,Device,AddN,SGD/gradients/AddN_49,2,122.56,61.28,122.56,61.28,0.00010476500995420606,0.9941743294586745,0.0,0.0
357,Device,AddN,SGD/gradients/AddN_50,2,121.824,60.912,121.824,60.912,0.00010413587281871083,0.9942784653314931,0.0,0.0
358,Device,AddN,SGD/gradients/AddN_48,2,121.696,60.848,121.696,60.848,0.00010402645766471165,0.9943824917891578,0.0,0.0
359,Device,AddN,SGD/gradients/AddN_51,2,121.696,60.848,121.696,60.848,0.00010402645766471165,0.9944865182468225,0.0,0.0
360,Device,Mul,gradient_tape/conv2d_33/kernel/Regularizer/Mul_1,2,121.376,60.688,121.376,60.688,0.00010375291977971373,0.9945902711666023,0.0,0.0
361,Device,Mul,gradient_tape/conv2d_32/kernel/Regularizer/Mul_1,2,121.216,60.608,121.216,60.608,0.00010361615083721475,0.9946938873174395,0.0,0.0
362,Device,Mul,gradient_tape/conv2d_34/kernel/Regularizer/Mul_1,2,121.216,60.608,121.216,60.608,0.00010361615083721475,0.9947975034682767,0.0,0.0
363,Device,Mul,gradient_tape/conv2d_35/kernel/Regularizer/Mul_1,2,121.024,60.512,121.024,60.512,0.000103452028106216,0.9949009554963829,0.0,0.0
364,Device,AddN,SGD/gradients/AddN_47,2,119.616,59.808,119.616,59.808,0.00010224846141222512,0.9950032039577952,0.0,0.0
365,Device,Mul,gradient_tape/conv2d_30/kernel/Regularizer/Mul_1,2,119.616,59.808,119.616,59.808,0.00010224846141222512,0.9951054524192074,0.0,0.0
366,Device,_Recv,IteratorGetNext/_4,2,87.712,43.856,87.712,43.856,7.49767342779318e-05,0.9951804291534854,0.0,0.0
367,Device,Tile,gradient_tape/conv2d_30/kernel/Regularizer/Tile,2,86.208,43.104,86.208,43.104,7.369110621844154e-05,0.9952541202597038,0.0,0.0
368,Device,Square,conv2d_35/kernel/Regularizer/Square,2,82.4,41.2,82.4,41.2,7.043600538696621e-05,0.9953245562650908,0.0,0.0
369,Device,Square,conv2d_34/kernel/Regularizer/Square,2,82.367,41.1835,82.367,41.1835,7.04077967925758e-05,0.9953949640618833,0.0,0.0
370,Device,Square,conv2d_30/kernel/Regularizer/Square,2,81.568,40.784,81.568,40.784,6.97248068859716e-05,0.9954646888687693,0.0,0.0
371,Device,Square,conv2d_32/kernel/Regularizer/Square,2,80.96,40.48,80.96,40.48,6.920508490447554e-05,0.9955338939536738,0.0,0.0
372,Device,Square,conv2d_33/kernel/Regularizer/Square,2,79.68,39.84,79.68,39.84,6.811093336448384e-05,0.9956020048870382,0.0,0.0
373,Device,Mul,gradient_tape/conv2d_30/kernel/Regularizer/Mul,2,72.768,36.384,72.768,36.384,6.22025150485286e-05,0.9956642074020867,0.0,0.0
374,Device,ResourceApplyGradientDescent,SGD/SGD/update_112/ResourceApplyGradientDescent,2,66.24,33.12,66.24,33.12,5.662234219457089e-05,0.9957208297442813,0.0,0.0
375,Device,MatMul,gradient_tape/model/dense/MatMul/MatMul,2,64.928,32.464,64.928,32.464,5.550083686607939e-05,0.9957763305811475,0.0,0.0
376,Device,AddN,SGD/gradients/AddN_45,2,64.064,32.032,64.064,32.032,5.476228457658499e-05,0.995831092865724,0.0,0.0
377,Device,Mul,gradient_tape/conv2d_29/kernel/Regularizer/Mul_1,2,63.296,31.648,63.296,31.648,5.410579365258997e-05,0.9958851986593766,0.0,0.0
378,Device,Sum,conv2d_33/kernel/Regularizer/Sum,2,61.12,30.56,61.12,30.56,5.224573603460406e-05,0.9959374443954112,0.0,0.0
379,Device,Sum,conv2d_32/kernel/Regularizer/Sum,2,58.304,29.152,58.304,29.152,4.983860264662231e-05,0.9959872829980578,0.0,0.0
380,Device,Sum,conv2d_34/kernel/Regularizer/Sum,2,57.92,28.96,57.92,28.96,4.951035718462479e-05,0.9960367933552424,0.0,0.0
381,Device,Sum,conv2d_35/kernel/Regularizer/Sum,2,49.152,24.576,49.152,24.576,4.2015419135681596e-05,0.9960788087743782,0.0,0.0
382,Device,Sum,conv2d_30/kernel/Regularizer/Sum,2,49.12,24.56,49.12,24.56,4.19880653471818e-05,0.9961207968397253,0.0,0.0
383,Device,Tile,gradient_tape/conv2d_29/kernel/Regularizer/Tile,2,46.784,23.392,46.784,23.392,3.999123878669693e-05,0.996160788078512,0.0,0.0
384,Device,Mul,gradient_tape/conv2d_29/kernel/Regularizer/Mul,2,44.96,22.48,44.96,22.48,3.8432072842208747e-05,0.9961992201513542,0.0,0.0
385,Device,Square,conv2d_29/kernel/Regularizer/Square,2,42.816,21.408,42.816,21.408,3.659936901272264e-05,0.9962358195203669,0.0,0.0
386,Device,AddN,ArithmeticOptimizer/AddOpsRewrite_AddN_1,8,41.184,5.148,41.184,5.148,3.5204325799233204e-05,0.9962710238461662,0.0,0.0
387,Device,Softmax,model/dense/Softmax,2,39.872,19.936,39.872,19.936,3.408282047074171e-05,0.996305106666637,0.0,0.0
388,Device,MatMul,model/dense/MatMul,2,39.04,19.52,39.04,19.52,3.33716219697471e-05,0.9963384782886067,0.0,0.0
389,Device,AddN,SGD/gradients/AddN_44,2,37.952,18.976,37.952,18.976,3.2441593160754147e-05,0.9963709198817674,0.0,0.0
390,Device,AddN,SGD/gradients/AddN_42,2,37.696,18.848,37.696,18.848,3.22227628527558e-05,0.9964031426446202,0.0,0.0
391,Device,MatMul,gradient_tape/model/dense/MatMul/MatMul_1,2,37.696,18.848,37.696,18.848,3.22227628527558e-05,0.9964353654074729,0.0,0.0
392,Device,AddN,SGD/gradients/AddN_36,2,37.536,18.768,37.536,18.768,3.208599391025684e-05,0.9964674514013832,0.0,0.0
393,Device,AddN,SGD/gradients/AddN_38,2,37.408,18.704,37.408,18.704,3.1976578756257674e-05,0.9964994279801395,0.0,0.0
394,Device,AddN,SGD/gradients/AddN_37,2,36.96,18.48,36.96,18.48,3.159362571726057e-05,0.9965310216058567,0.0,0.0
395,Device,ResourceApplyGradientDescent,SGD/SGD/update_84/ResourceApplyGradientDescent,2,36.864,18.432,36.864,18.432,3.151156435176119e-05,0.9965625331702085,0.0,0.0
396,Device,AddN,SGD/gradients/AddN_35,2,36.672,18.336,36.672,18.336,3.134744162076244e-05,0.9965938806118293,0.0,0.0
397,Device,ResourceApplyGradientDescent,SGD/SGD/update_80/ResourceApplyGradientDescent,2,36.64,18.32,36.64,18.32,3.132008783226265e-05,0.9966252006996615,0.0,0.0
398,Device,AddN,SGD/gradients/AddN_39,2,36.576,18.288,36.576,18.288,3.126538025526306e-05,0.9966564660799168,0.0,0.0
399,Device,ResourceApplyGradientDescent,SGD/SGD/update_76/ResourceApplyGradientDescent,2,36.544,18.272,36.544,18.272,3.1238026466763265e-05,0.9966877041063835,0.0,0.0
400,Device,ResourceApplyGradientDescent,SGD/SGD/update_72/ResourceApplyGradientDescent,2,36.448,18.224,36.448,18.224,3.115596510126389e-05,0.9967188600714848,0.0,0.0
401,Device,ResourceApplyGradientDescent,SGD/SGD/update_100/ResourceApplyGradientDescent,2,36.32,18.16,36.32,18.16,3.1046549947264716e-05,0.996749906621432,0.0,0.0
402,Device,ResourceApplyGradientDescent,SGD/SGD/update_104/ResourceApplyGradientDescent,2,36.288,18.144,36.288,18.144,3.101919615876492e-05,0.9967809258175908,0.0,0.0
403,Device,AddN,SGD/gradients/AddN_43,2,36.288,18.144,36.288,18.144,3.101919615876492e-05,0.9968119450137496,0.0,0.0
404,Device,ResourceApplyGradientDescent,SGD/SGD/update_88/ResourceApplyGradientDescent,2,36.256,18.128,36.256,18.128,3.099184237026513e-05,0.9968429368561199,0.0,0.0
405,Device,ResourceApplyGradientDescent,SGD/SGD/update_68/ResourceApplyGradientDescent,2,36.128,18.064,36.128,18.064,3.0882427216265965e-05,0.9968738192833362,0.0,0.0
406,Device,ResourceApplyGradientDescent,SGD/SGD/update_108/ResourceApplyGradientDescent,2,36.096,18.048,36.096,18.048,3.085507342776617e-05,0.996904674356764,0.0,0.0
407,Device,AddN,SGD/gradients/AddN_41,2,35.744,17.872,35.744,17.872,3.055418175426845e-05,0.9969352285385182,0.0,0.0
408,Device,AddN,SGD/gradients/AddN_40,2,35.552,17.776,35.552,17.776,3.0390059023269693e-05,0.9969656185975415,0.0,0.0
409,Device,AddN,SGD/gradients/AddN_34,2,35.168,17.584,35.168,17.584,3.006181356127218e-05,0.9969956804111028,0.0,0.0
410,Device,ResourceApplyGradientDescent,SGD/SGD/update_96/ResourceApplyGradientDescent,2,33.76,16.88,33.76,16.88,2.88582468672813e-05,0.99702453865797,0.0,0.0
411,Device,ResourceApplyGradientDescent,SGD/SGD/update_92/ResourceApplyGradientDescent,2,33.728,16.864,33.728,16.864,2.883089307878151e-05,0.9970533695510488,0.0,0.0
412,Device,Mul,gradient_tape/conv2d_21/kernel/Regularizer/Mul_1,2,33.472,16.736,33.472,16.736,2.861206277078317e-05,0.9970819816138197,0.0,0.0
413,Device,Mul,gradient_tape/conv2d_23/kernel/Regularizer/Mul_1,2,32.8,16.4,32.8,16.4,2.8037633212287518e-05,0.9971100192470319,0.0,0.0
414,Device,Mul,gradient_tape/conv2d_17/kernel/Regularizer/Mul_1,2,32.512,16.256,32.512,16.256,2.7791449115789387e-05,0.9971378106961477,0.0,0.0
415,Device,Mul,gradient_tape/conv2d_19/kernel/Regularizer/Mul_1,2,32.384,16.192,32.384,16.192,2.7682033961790215e-05,0.9971654927301095,0.0,0.0
416,Device,Mul,gradient_tape/conv2d_20/kernel/Regularizer/Mul_1,2,32.384,16.192,32.384,16.192,2.7682033961790215e-05,0.9971931747640712,0.0,0.0
417,Device,Mul,gradient_tape/conv2d_26/kernel/Regularizer/Mul_1,2,32.16,16.08,32.16,16.08,2.7490557442291663e-05,0.9972206653215135,0.0,0.0
418,Device,Mul,gradient_tape/conv2d_27/kernel/Regularizer/Mul_1,2,32.0,16.0,32.0,16.0,2.7353788499792705e-05,0.9972480191100134,0.0,0.0
419,Device,Mul,gradient_tape/conv2d_22/kernel/Regularizer/Mul_1,2,31.808,15.904,31.808,15.904,2.7189665768793946e-05,0.9972752087757821,0.0,0.0
420,Device,Mul,gradient_tape/conv2d_24/kernel/Regularizer/Mul_1,2,31.744,15.872,31.744,15.872,2.713495819179436e-05,0.997302343733974,0.0,0.0
421,Device,Mul,gradient_tape/conv2d_25/kernel/Regularizer/Mul_1,2,31.488,15.744,31.488,15.744,2.691612788379602e-05,0.9973292598618577,0.0,0.0
422,Device,Mul,gradient_tape/conv2d_28/kernel/Regularizer/Mul_1,2,31.36,15.68,31.36,15.68,2.680671272979685e-05,0.9973560665745875,0.0,0.0
423,Device,Sum,conv2d_29/kernel/Regularizer/Sum,2,30.432,15.216,30.432,15.216,2.601345286330286e-05,0.9973820800274509,0.0,0.0
424,Device,ResourceApplyGradientDescent,SGD/SGD/update_138/ResourceApplyGradientDescent,2,26.048,13.024,26.048,13.024,2.226598383883126e-05,0.9974043460112897,0.0,0.0
425,Device,Sum,conv2d_26/kernel/Regularizer/Sum,2,24.512,12.256,24.512,12.256,2.0953001990841212e-05,0.9974252990132805,0.0,0.0
426,Device,Square,conv2d_19/kernel/Regularizer/Square,2,24.448,12.224,24.448,12.224,2.0898294413841626e-05,0.9974461973076943,0.0,0.0
427,Device,Tile,gradient_tape/conv2d_17/kernel/Regularizer/Tile,2,24.352,12.176,24.352,12.176,2.0816233048342247e-05,0.9974670135407427,0.0,0.0
428,Device,Square,conv2d_20/kernel/Regularizer/Square,2,22.144,11.072,22.144,11.072,1.8928821641856548e-05,0.9974859423623846,0.0,0.0
429,Device,Square,conv2d_22/kernel/Regularizer/Square,2,22.112,11.056,22.112,11.056,1.8901467853356758e-05,0.997504843830238,0.0,0.0
430,Device,Square,conv2d_28/kernel/Regularizer/Square,2,22.112,11.056,22.112,11.056,1.8901467853356758e-05,0.9975237452980913,0.0,0.0
431,Device,ResourceApplyGradientDescent,SGD/SGD/update_62/ResourceApplyGradientDescent,2,22.016,11.008,22.016,11.008,1.881940648785738e-05,0.9975425647045791,0.0,0.0
432,Device,Mul,gradient_tape/conv2d_17/kernel/Regularizer/Mul,2,21.632,10.816,21.632,10.816,1.849116102585987e-05,0.997561055865605,0.0,0.0
433,Device,Square,conv2d_27/kernel/Regularizer/Square,2,21.504,10.752,21.504,10.752,1.8381745871860696e-05,0.9975794376114768,0.0,0.0
434,Device,Sum,conv2d_21/kernel/Regularizer/Sum,2,21.376,10.688,21.376,10.688,1.8272330717861527e-05,0.9975977099421947,0.0,0.0
435,Device,Square,conv2d_26/kernel/Regularizer/Square,2,21.376,10.688,21.376,10.688,1.8272330717861527e-05,0.9976159822729125,0.0,0.0
436,Device,Square,conv2d_17/kernel/Regularizer/Square,2,21.344,10.672,21.344,10.672,1.8244976929361734e-05,0.9976342272498419,0.0,0.0
437,Device,Square,conv2d_24/kernel/Regularizer/Square,2,21.344,10.672,21.344,10.672,1.8244976929361734e-05,0.9976524722267712,0.0,0.0
438,Device,Sum,conv2d_19/kernel/Regularizer/Sum,2,21.184,10.592,21.184,10.592,1.8108207986862772e-05,0.9976705804347581,0.0,0.0
439,Device,Sum,conv2d_25/kernel/Regularizer/Sum,2,20.96,10.48,20.96,10.48,1.791673146736422e-05,0.9976884971662254,0.0,0.0
440,Device,Sum,conv2d_24/kernel/Regularizer/Sum,2,20.896,10.448,20.896,10.448,1.7862023890364634e-05,0.9977063591901157,0.0,0.0
441,Device,Sum,conv2d_27/kernel/Regularizer/Sum,2,20.896,10.448,20.896,10.448,1.7862023890364634e-05,0.9977242212140061,0.0,0.0
442,Device,Sum,conv2d_17/kernel/Regularizer/Sum,2,20.864,10.432,20.864,10.432,1.7834670101864845e-05,0.9977420558841079,0.0,0.0
443,Device,Square,conv2d_21/kernel/Regularizer/Square,2,20.832,10.416,20.832,10.416,1.780731631336505e-05,0.9977598632004213,0.0,0.0
444,Device,Square,conv2d_23/kernel/Regularizer/Square,2,20.8,10.4,20.8,10.4,1.777996252486526e-05,0.9977776431629461,0.0,0.0
445,Device,Square,conv2d_25/kernel/Regularizer/Square,2,20.768,10.384,20.768,10.384,1.7752608736365466e-05,0.9977953957716825,0.0,0.0
446,Device,Sum,conv2d_28/kernel/Regularizer/Sum,2,20.768,10.384,20.768,10.384,1.7752608736365466e-05,0.9978131483804189,0.0,0.0
447,Device,Sum,conv2d_22/kernel/Regularizer/Sum,2,20.704,10.352,20.704,10.352,1.769790115936588e-05,0.9978308462815783,0.0,0.0
448,Device,Sum,conv2d_20/kernel/Regularizer/Sum,2,20.672,10.336,20.672,10.336,1.7670547370866086e-05,0.9978485168289492,0.0,0.0
449,Device,Sum,conv2d_23/kernel/Regularizer/Sum,2,20.608,10.304,20.608,10.304,1.76158397938665e-05,0.997866132668743,0.0,0.0
450,Device,AddN,SGD/gradients/AddN_32,2,20.544,10.272,20.544,10.272,1.7561132216866917e-05,0.9978836938009599,0.0,0.0
451,Device,Mul,gradient_tape/conv2d_16/kernel/Regularizer/Mul_1,2,19.52,9.76,19.52,9.76,1.668581098487355e-05,0.9979003796119448,0.0,0.0
452,Device,Sum,conv2d_31/kernel/Regularizer/Sum,2,17.248,8.624,17.248,8.624,1.4743692001388267e-05,0.9979151233039462,0.0,0.0
453,Device,Sum,conv2d_10/kernel/Regularizer/Sum,2,16.288,8.144,16.288,8.144,1.3923078346394487e-05,0.9979290463822925,0.0,0.0
454,Device,Sum,conv2d_15/kernel/Regularizer/Sum,2,16.288,8.144,16.288,8.144,1.3923078346394487e-05,0.9979429694606389,0.0,0.0
455,Device,Sum,conv2d_16/kernel/Regularizer/Sum,2,16.288,8.144,16.288,8.144,1.3923078346394487e-05,0.9979568925389852,0.0,0.0
456,Device,Sum,conv2d_8/kernel/Regularizer/Sum,2,16.128,8.064,16.128,8.064,1.3786309403895523e-05,0.9979706788483891,0.0,0.0
457,Device,Sum,conv2d_14/kernel/Regularizer/Sum,2,15.936,7.968,15.936,7.968,1.3622186672896766e-05,0.997984301035062,0.0,0.0
458,Device,Sum,conv2d_12/kernel/Regularizer/Sum,2,15.84,7.92,15.84,7.92,1.3540125307397389e-05,0.9979978411603694,0.0,0.0
459,Device,Sum,conv2d_11/kernel/Regularizer/Sum,2,15.552,7.776,15.552,7.776,1.3293941210899254e-05,0.9980111351015802,0.0,0.0
460,Device,AddN,SGD/gradients/AddN_31,2,15.488,7.744,15.488,7.744,1.3239233633899668e-05,0.9980243743352142,0.0,0.0
461,Device,Tile,gradient_tape/conv2d_16/kernel/Regularizer/Tile,2,15.392,7.696,15.392,7.696,1.315717226840029e-05,0.9980375315074825,0.0,0.0
462,Device,Sum,conv2d_13/kernel/Regularizer/Sum,2,15.36,7.68,15.36,7.68,1.3129818479900498e-05,0.9980506613259624,0.0,0.0
463,Device,AddN,SGD/gradients/AddN_30,2,15.264,7.632,15.264,7.632,1.3047757114401118e-05,0.9980637090830768,0.0,0.0
464,Device,AddN,SGD/gradients/AddN_29,2,15.168,7.584,15.168,7.584,1.296569574890174e-05,0.9980766747788258,0.0,0.0
465,Device,ResourceApplyGradientDescent,SGD/SGD/update_54/ResourceApplyGradientDescent,2,15.072,7.536,15.072,7.536,1.2883634383402363e-05,0.9980895584132092,0.0,0.0
466,Device,ResourceApplyGradientDescent,SGD/SGD/update_58/ResourceApplyGradientDescent,2,14.976,7.488,14.976,7.488,1.2801573017902986e-05,0.9981023599862271,0.0,0.0
467,Device,AddN,SGD/gradients/AddN_26,2,14.752,7.376,14.752,7.376,1.2610096498404437e-05,0.9981149700827255,0.0,0.0
468,Device,ResourceApplyGradientDescent,SGD/SGD/update_50/ResourceApplyGradientDescent,2,14.688,7.344,14.688,7.344,1.2555388921404851e-05,0.998127525471647,0.0,0.0
469,Device,Mul,gradient_tape/conv2d_16/kernel/Regularizer/Mul,2,14.624,7.312,14.624,7.312,1.2500681344405265e-05,0.9981400261529914,0.0,0.0
470,Device,Mul,gradient_tape/categorical_crossentropy/softmax_cross_entropy_with_logits/mul,2,14.56,7.28,14.56,7.28,1.244597376740568e-05,0.9981524721267587,0.0,0.0
471,Device,AddN,SGD/gradients/AddN_27,2,14.528,7.264,14.528,7.264,1.2418619978905888e-05,0.9981648907467376,0.0,0.0
472,Device,AddN,SGD/gradients/AddN_28,2,14.528,7.264,14.528,7.264,1.2418619978905888e-05,0.9981773093667166,0.0,0.0
473,Device,Tile,gradient_tape/conv2d_7/kernel/Regularizer/Tile,2,14.496,7.248,14.496,7.248,1.2391266190406095e-05,0.998189700632907,0.0,0.0
474,Device,Tile,gradient_tape/conv2d_8/kernel/Regularizer/Tile,2,14.496,7.248,14.496,7.248,1.2391266190406095e-05,0.9982020918990975,0.0,0.0
475,Device,Tile,gradient_tape/conv2d_31/kernel/Regularizer/Tile,2,14.4,7.2,14.4,7.2,1.2309204824906717e-05,0.9982144011039223,0.0,0.0
476,Device,ResourceApplyGradientDescent,SGD/SGD/update_38/ResourceApplyGradientDescent,2,14.368,7.184,14.368,7.184,1.2281851036406924e-05,0.9982266829549588,0.0,0.0
477,Device,ResourceApplyGradientDescent,SGD/SGD/update_46/ResourceApplyGradientDescent,2,14.368,7.184,14.368,7.184,1.2281851036406924e-05,0.9982389648059952,0.0,0.0
478,Device,ResourceApplyGradientDescent,SGD/SGD/update_42/ResourceApplyGradientDescent,2,14.336,7.168,14.336,7.168,1.225449724790713e-05,0.9982512193032431,0.0,0.0
479,Device,ResourceApplyGradientDescent,SGD/SGD/update_34/ResourceApplyGradientDescent,2,14.272,7.136,14.272,7.136,1.2199789670907546e-05,0.998263419092914,0.0,0.0
480,Device,Square,conv2d_16/kernel/Regularizer/Square,2,14.144,7.072,14.144,7.072,1.2090374516908376e-05,0.9982755094674309,0.0,0.0
481,Device,ResourceApplyGradientDescent,SGD/SGD/update_116/ResourceApplyGradientDescent,2,14.112,7.056,14.112,7.056,1.2063020728408583e-05,0.9982875724881594,0.0,0.0
482,Device,Sum,conv2d_3/kernel/Regularizer/Sum,2,13.984,6.992,13.984,6.992,1.1953605574409412e-05,0.9982995260937337,0.0,0.0
483,Device,Tile,gradient_tape/conv2d_1/kernel/Regularizer/Tile,2,13.664,6.832,13.664,6.832,1.1680067689411485e-05,0.9983112061614231,0.0,0.0
484,Device,Sum,conv2d_1/kernel/Regularizer/Sum,2,13.632,6.816,13.632,6.816,1.1652713900911691e-05,0.998322858875324,0.0,0.0
485,Device,Tile,gradient_tape/conv2d_18/kernel/Regularizer/Tile,2,13.632,6.816,13.632,6.816,1.1652713900911691e-05,0.9983345115892249,0.0,0.0
486,Device,Sum,conv2d_5/kernel/Regularizer/Sum,2,13.568,6.784,13.568,6.784,1.1598006323912105e-05,0.9983461095955488,0.0,0.0
487,Device,Sum,conv2d_4/kernel/Regularizer/Sum,2,13.504,6.752,13.504,6.752,1.1543298746912521e-05,0.9983576528942957,0.0,0.0
488,Device,Sum,conv2d_6/kernel/Regularizer/Sum,2,13.344,6.672,13.344,6.672,1.1406529804413557e-05,0.9983690594241,0.0,0.0
489,Device,Sum,conv2d_7/kernel/Regularizer/Sum,2,13.28,6.64,13.28,6.64,1.1351822227413971e-05,0.9983804112463275,0.0,0.0
490,Device,Sum,conv2d_18/kernel/Regularizer/Sum,2,13.184,6.592,13.184,6.592,1.1269760861914593e-05,0.9983916810071894,0.0,0.0
491,Device,Sum,conv2d_2/kernel/Regularizer/Sum,2,13.088,6.544,13.088,6.544,1.1187699496415214e-05,0.9984028687066858,0.0,0.0
492,Device,Mul,gradient_tape/conv2d_10/kernel/Regularizer/Mul_1,2,12.608,6.304,12.608,6.304,1.0777392668918325e-05,0.9984136460993548,0.0,0.0
493,Device,AddN,SGD/gradients/AddN_46,2,12.192,6.096,12.192,6.096,1.042179341842102e-05,0.9984240678927732,0.0,0.0
494,Device,AddN,SGD/gradients/AddN_25,2,11.872,5.936,11.872,5.936,1.0148255533423092e-05,0.9984342161483066,0.0,0.0
495,Device,BiasAdd,model/dense/BiasAdd,2,11.776,5.888,11.776,5.888,1.0066194167923715e-05,0.9984442823424745,0.0,0.0
496,Device,BiasAddGrad,gradient_tape/model/dense/BiasAdd/BiasAddGrad,2,11.584,5.792,11.584,5.792,9.902071436924958e-06,0.9984541844139114,0.0,0.0
497,Device,Sum,conv2d/kernel/Regularizer/Sum,2,11.52,5.76,11.52,5.76,9.847363859925374e-06,0.9984640317777713,0.0,0.0
498,Device,Sum,conv2d_9/kernel/Regularizer/Sum,2,11.232,5.616,11.232,5.616,9.601179763427238e-06,0.9984736329575348,0.0,0.0
499,Device,ResourceApplyGradientDescent,SGD/SGD/update_28/ResourceApplyGradientDescent,2,11.072,5.536,11.072,5.536,9.464410820928274e-06,0.9984830973683557,0.0,0.0
500,Device,ResourceApplyGradientDescent,SGD/SGD/update_16/ResourceApplyGradientDescent,2,10.976,5.488,10.976,5.488,9.382349455428898e-06,0.9984924797178112,0.0,0.0
501,Host,IDLE,IDLE,0,4659196.682,0.0,4659196.682,0.0,0.0,0.0,0.9999576455653216,0.9999576455653216
502,Host,LogicalAnd,LogicalAnd,1,36.538,36.538,36.538,36.538,0.0,0.0,7.841792254621483e-06,0.9999654873575763
503,Host,FlushSummaryWriter,FlushSummaryWriter,1,33.84,33.84,33.84,33.84,0.0,0.0,7.262747000284391e-06,0.9999727501045765
504,Host,Dataset,Iterator::Root::ParallelMapV2,2,28.759,14.3795,28.759,14.3795,0.0,0.0,6.172261849325614e-06,0.9999789223664258
505,Host,Dataset,Iterator::Root,2,57.271,28.6355,28.512,14.256,0.0,0.0,6.1192506640694006e-06,0.9999850416170899
506,Host,WriteSummary,WriteSummary,1,21.592,21.592,21.592,21.592,0.0,0.0,4.6340789961625455e-06,0.9999896756960861
507,Host,IteratorGetNext,IteratorGetNext,2,15.717,7.8585,15.717,7.8585,0.0,0.0,3.373185419724284e-06,0.9999930488815059
508,Host,_Send,IteratorGetNext/_3,2,6.737,3.3685,6.737,3.3685,0.0,0.0,1.4458961743769484e-06,0.9999944947776802
509,Host,_Send,IteratorGetNext/_6,2,6.533,3.2665,6.533,3.2665,0.0,0.0,1.4021136569993476e-06,0.9999958968913372
510,Host,ReadVariableOp,ReadVariableOp,1,6.17,6.17,6.17,6.17,0.0,0.0,1.3242065304892047e-06,0.9999972210978677
511,Host,_Send,IteratorGetNext/_1,2,4.944,2.472,4.944,2.472,0.0,0.0,1.061082185857152e-06,0.9999982821800536
512,Host,Dataset,Iterator::Root::ParallelMapV2::Zip,2,3.436,1.718,3.436,1.718,0.0,0.0,7.374349495560627e-07,0.9999990196150031
513,Host,Identity,Identity,2,2.367,1.1835,2.367,1.1835,0.0,0.0,5.08005973690105e-07,0.9999995276209769
514,Host,_HostSend,categorical_crossentropy/softmax_cross_entropy_with_logits/Shape_2/_9,2,2.201,1.1005,2.201,1.1005,0.0,0.0,4.723790232749983e-07,1.0000000000000002
