Rank,Host/device,Type,Operation,#Occurrences,Total time (us),Avg. time (us),Total self-time (us),Avg. self-time (us),Total self-time on Device (%),Cumulative total-self time on Device (%),Total self-time on Host (%),Cumulative total-self time on Host (%)
1,Device,IDLE,IDLE,0,5480.848,0.0,5480.848,0.0,0.26005998864453883,0.26005998864453883,0.0,0.0
2,Device,Conv2DBackpropFilter,gradient_tape/model/conv1/Conv2D/Conv2DBackpropFilter,2,1484.516,742.258,1484.516,742.258,0.0704385916381254,0.3304985802826642,0.0,0.0
3,Device,FusedBatchNormGradV3,gradient_tape/model/conv1_bn/FusedBatchNormGradV3,2,1406.628,703.314,1406.628,703.314,0.06674289484165413,0.39724147512431834,0.0,0.0
4,Device,_Send,IteratorGetNext/_1,1,1243.62,1243.62,1243.62,1243.62,0.059008351094232386,0.4562498262185507,0.0,0.0
5,Device,_Recv,IteratorGetNext/_2,1,1126.499,1126.499,1126.499,1126.499,0.05345109317902711,0.5097009193975778,0.0,0.0
6,Device,MaxPoolGrad,gradient_tape/model/conv1_max_pool/MaxPool/MaxPoolGrad,2,1117.251,558.6255,1117.251,558.6255,0.05301228612307798,0.5627132055206557,0.0,0.0
7,Device,_FusedConv2D,model/conv1/Relu,2,1036.355,518.1775,1036.355,518.1775,0.049173863156159604,0.6118870686768153,0.0,0.0
8,Device,ReluGrad,gradient_tape/model/conv1/ReluGrad,2,855.747,427.8735,855.747,427.8735,0.040604219475270646,0.6524912881520859,0.0,0.0
9,Device,FusedBatchNormV3,model/conv1_bn/FusedBatchNormV3,4,846.883,211.72075,846.883,211.72075,0.04018363278150626,0.6926749209335922,0.0,0.0
10,Device,MaxPool,model/conv1_max_pool/MaxPool,2,354.753,177.3765,354.753,177.3765,0.01683262538052799,0.7095075463141202,0.0,0.0
11,Device,BiasAddGrad,gradient_tape/model/conv1/BiasAdd/BiasAddGrad,2,272.256,136.128,272.256,136.128,0.01291823678898002,0.7224257831031002,0.0,0.0
12,Device,SoftmaxCrossEntropyWithLogits,categorical_crossentropy/softmax_cross_entropy_with_logits,2,207.744,103.872,207.744,103.872,0.009857215941943852,0.7322829990450441,0.0,0.0
13,Device,AddN,SGD/gradients/AddN_3,2,198.592,99.296,198.592,99.296,0.009422963976540905,0.741705963021585,0.0,0.0
14,Device,Conv2DBackpropInput,gradient_tape/model/ResBlock21_conv1/Conv2D/Conv2DBackpropInput,2,196.225,98.1125,196.225,98.1125,0.009310652525261535,0.7510166155468465,0.0,0.0
15,Device,Conv2DBackpropInput,gradient_tape/model/ResBlock21_pooling_conv/Conv2D/Conv2DBackpropInput,2,191.777,95.8885,191.777,95.8885,0.009099599996621641,0.7601162155434682,0.0,0.0
16,Device,Conv2DBackpropFilter,gradient_tape/model/ResBlock21_conv1/Conv2D/Conv2DBackpropFilter,2,168.192,84.096,168.192,84.096,0.007980518636915726,0.7680967341803839,0.0,0.0
17,Device,Conv2DBackpropFilter,gradient_tape/model/ResBlock21_pooling_conv/Conv2D/Conv2DBackpropFilter,2,167.521,83.7605,167.521,83.7605,0.007948680451952288,0.7760454146323362,0.0,0.0
18,Device,Conv2DBackpropFilter,gradient_tape/model/ResBlock21_conv2/Conv2D/Conv2DBackpropFilter,2,153.121,76.5605,153.121,76.5605,0.007265416870024573,0.7833108315023608,0.0,0.0
19,Device,Conv2DBackpropFilter,gradient_tape/model/ResBlock22_conv2/Conv2D/Conv2DBackpropFilter,2,151.872,75.936,151.872,75.936,0.007206153244064315,0.7905169847464251,0.0,0.0
20,Device,Conv2DBackpropFilter,gradient_tape/model/ResBlock22_conv1/Conv2D/Conv2DBackpropFilter,2,151.457,75.7285,151.457,75.7285,0.007186461967224035,0.7977034467136491,0.0,0.0
21,Device,ArgMax,ArgMax,2,145.249,72.6245,145.249,72.6245,0.00689189944523742,0.8045953461588865,0.0,0.0
22,Device,Transpose,gradient_tape/model/conv1/Conv2D/Conv2DBackpropFilter-0-TransposeNHWCToNCHW-LayoutOptimizer,2,134.688,67.344,134.688,67.344,0.006390792036297239,0.8109861381951837,0.0,0.0
23,Device,ArgMax,ArgMax_1,2,113.536,56.768,113.536,56.768,0.005387153752621194,0.816373291947805,0.0,0.0
24,Device,Conv2DBackpropFilter,gradient_tape/model/ResBlock31_conv2/Conv2D/Conv2DBackpropFilter,2,103.936,51.968,103.936,51.968,0.004931644698002716,0.8213049366458076,0.0,0.0
25,Device,Conv2DBackpropFilter,gradient_tape/model/ResBlock32_conv2/Conv2D/Conv2DBackpropFilter,2,102.752,51.376,102.752,51.376,0.004875465247933104,0.8261804018937408,0.0,0.0
26,Device,Conv2DBackpropFilter,gradient_tape/model/ResBlock32_conv1/Conv2D/Conv2DBackpropFilter,2,100.896,50.448,100.896,50.448,0.004787400164040198,0.830967802057781,0.0,0.0
27,Device,FusedBatchNormGradV3,gradient_tape/model/ResBlock21_pooling_bn/FusedBatchNormGradV3,2,92.512,46.256,92.512,46.256,0.004389588923006728,0.8353573909807878,0.0,0.0
28,Device,FusedBatchNormGradV3,gradient_tape/model/ResBlock22_bn2/FusedBatchNormGradV3,2,90.818,45.409,90.818,45.409,0.004309210554410509,0.8396666015351982,0.0,0.0
29,Device,FusedBatchNormGradV3,gradient_tape/model/ResBlock21_bn2/FusedBatchNormGradV3,2,90.401,45.2005,90.401,45.2005,0.004289424379850519,0.8439560259150487,0.0,0.0
30,Device,FusedBatchNormGradV3,gradient_tape/model/ResBlock22_bn1/FusedBatchNormGradV3,2,83.68,41.84,83.68,41.84,0.003970520592757729,0.8479265465078064,0.0,0.0
31,Device,FusedBatchNormGradV3,gradient_tape/model/ResBlock21_bn1/FusedBatchNormGradV3,2,83.168,41.584,83.168,41.584,0.0039462267765114105,0.8518727732843179,0.0,0.0
32,Device,Conv2DBackpropFilter,gradient_tape/model/ResBlock31_pooling_conv/Conv2D/Conv2DBackpropFilter,2,81.568,40.784,81.568,40.784,0.0038703086007416637,0.8557430818850595,0.0,0.0
33,Device,Conv2DBackpropFilter,gradient_tape/model/ResBlock31_conv1/Conv2D/Conv2DBackpropFilter,2,78.272,39.136,78.272,39.136,0.0037139171586559865,0.8594569990437155,0.0,0.0
34,Device,Conv2D,model/ResBlock21_pooling_conv/Conv2D,2,71.36,35.68,71.36,35.68,0.0033859506393306826,0.8628429496830462,0.0,0.0
35,Device,Conv2D,model/ResBlock21_conv1/Conv2D,2,66.848,33.424,66.848,33.424,0.003171861383659998,0.8660148110667062,0.0,0.0
36,Device,Conv2DBackpropInput,gradient_tape/model/ResBlock32_conv2/Conv2D/Conv2DBackpropInput,2,64.352,32.176,64.352,32.176,0.003053429029459194,0.8690682400961653,0.0,0.0
37,Device,Conv2DBackpropInput,gradient_tape/model/ResBlock31_conv2/Conv2D/Conv2DBackpropInput,2,63.104,31.552,63.104,31.552,0.002994212852358792,0.8720624529485241,0.0,0.0
38,Device,Conv2DBackpropInput,gradient_tape/model/ResBlock32_conv1/Conv2D/Conv2DBackpropInput,2,62.272,31.136,62.272,31.136,0.0029547354009585238,0.8750171883494826,0.0,0.0
39,Device,Conv2DBackpropInput,gradient_tape/model/ResBlock31_conv1/Conv2D/Conv2DBackpropInput,2,61.408,30.704,61.408,30.704,0.0029137395860428608,0.8779309279355255,0.0,0.0
40,Device,FusedBatchNormV3,model/ResBlock21_pooling_bn/FusedBatchNormV3,4,61.09,15.2725,61.09,15.2725,0.002898650848608624,0.8808295787841341,0.0,0.0
41,Device,Conv2DBackpropInput,gradient_tape/model/ResBlock31_pooling_conv/Conv2D/Conv2DBackpropInput,2,58.337,29.1685,58.337,29.1685,0.002768024137424804,0.883597602921559,0.0,0.0
42,Device,Conv2D,model/ResBlock31_conv2/Conv2D,2,54.752,27.376,54.752,27.376,0.0025979199748407166,0.8861955228963997,0.0,0.0
43,Device,FusedBatchNormV3,model/ResBlock21_bn1/FusedBatchNormV3,4,54.56,13.64,54.56,13.64,0.002588809793748347,0.888784332690148,0.0,0.0
44,Device,Conv2DBackpropInput,gradient_tape/model/ResBlock22_conv2/Conv2D/Conv2DBackpropInput,2,54.016,27.008,54.016,27.008,0.0025629976139866333,0.8913473303041346,0.0,0.0
45,Device,Conv2D,model/ResBlock32_conv1/Conv2D,2,53.6,26.8,53.6,26.8,0.002543258888286499,0.8938905891924211,0.0,0.0
46,Device,Conv2D,model/ResBlock32_conv2/Conv2D,2,53.504,26.752,53.504,26.752,0.0025387037977403146,0.8964292929901615,0.0,0.0
47,Device,Conv2D,model/ResBlock22_conv2/Conv2D,2,52.928,26.464,52.928,26.464,0.0025113732544632056,0.8989406662446247,0.0,0.0
48,Device,Conv2D,model/ResBlock22_conv1/Conv2D,2,52.64,26.32,52.64,26.32,0.0024977079828246516,0.9014383742274493,0.0,0.0
49,Device,Conv2DBackpropInput,gradient_tape/model/ResBlock22_conv1/Conv2D/Conv2DBackpropInput,2,52.576,26.288,52.576,26.288,0.0024946712557938617,0.9039330454832432,0.0,0.0
50,Device,Conv2DBackpropInput,gradient_tape/model/ResBlock21_conv2/Conv2D/Conv2DBackpropInput,2,52.544,26.272,52.544,26.272,0.0024931528922784666,0.9064261983755216,0.0,0.0
51,Device,Conv2D,model/ResBlock21_conv2/Conv2D,2,51.392,25.696,51.392,25.696,0.0024384918057242496,0.9088646901812458,0.0,0.0
52,Device,FusedBatchNormV3,model/ResBlock22_bn1/FusedBatchNormV3,4,45.152,11.288,45.152,11.288,0.002142410920222239,0.9110071011014681,0.0,0.0
53,Device,ReluGrad,gradient_tape/model/tf.nn.relu/ReluGrad,2,44.48,22.24,44.48,22.24,0.0021105252863989456,0.9131176263878671,0.0,0.0
54,Device,ReluGrad,gradient_tape/model/tf.nn.relu_3/ReluGrad,2,43.36,21.68,43.36,21.68,0.0020573825633601233,0.9151750089512272,0.0,0.0
55,Device,BiasAdd,model/ResBlock21_conv1/BiasAdd,2,43.008,21.504,43.008,21.504,0.0020406805646907794,0.9172156895159179,0.0,0.0
56,Device,ReluGrad,gradient_tape/model/tf.nn.relu_1/ReluGrad,2,42.848,21.424,42.848,21.424,0.0020330887471138046,0.9192487782630318,0.0,0.0
57,Device,FusedBatchNormV3,model/ResBlock22_bn2/FusedBatchNormV3,4,42.4,10.6,42.4,10.6,0.0020118316578982753,0.9212606099209301,0.0,0.0
58,Device,FusedBatchNormV3,model/ResBlock21_bn2/FusedBatchNormV3,4,40.832,10.208,40.832,10.208,0.0019374318456439243,0.9231980417665739,0.0,0.0
59,Device,AddN,SGD/gradients/AddN_1,2,40.384,20.192,40.384,20.192,0.0019161747564283953,0.9251142165230023,0.0,0.0
60,Device,Conv2D,model/ResBlock31_conv1/Conv2D,2,40.224,20.112,40.224,20.112,0.0019085829388514205,0.9270227994618537,0.0,0.0
61,Device,ReluGrad,gradient_tape/model/tf.nn.relu_2/ReluGrad,2,39.872,19.936,39.872,19.936,0.0018918809401820764,0.9289146804020358,0.0,0.0
62,Device,BiasAdd,model/ResBlock21_pooling_conv/BiasAdd,2,39.68,19.84,39.68,19.84,0.0018827707590897069,0.9307974511611256,0.0,0.0
63,Device,Conv2D,model/ResBlock31_pooling_conv/Conv2D,2,39.424,19.712,39.424,19.712,0.0018706238509665475,0.9326680750120921,0.0,0.0
64,Device,AddV2,model/ResBlock21_add/add,2,39.04,19.52,39.04,19.52,0.0018524034887818083,0.9345204785008739,0.0,0.0
65,Device,Relu,model/tf.nn.relu/Relu,2,37.12,18.56,37.12,18.56,0.0017613016778581128,0.9362817801787321,0.0,0.0
66,Device,AddN,SGD/gradients/AddN_2,2,35.776,17.888,35.776,17.888,0.0016975304102115263,0.9379793105889436,0.0,0.0
67,Device,AddV2,model/ResBlock22_add/add,2,35.648,17.824,35.648,17.824,0.0016914569561499466,0.9396707675450935,0.0,0.0
68,Device,BiasAddGrad,gradient_tape/model/ResBlock21_pooling_conv/BiasAdd/BiasAddGrad,2,31.52,15.76,31.52,15.76,0.0014955880626640011,0.9411663556077575,0.0,0.0
69,Device,ReluGrad,gradient_tape/model/tf.nn.relu_4/ReluGrad,2,29.952,14.976,29.952,14.976,0.0014211882504096497,0.9425875438581671,0.0,0.0
70,Device,FusedBatchNormV3,model/ResBlock31_pooling_bn/FusedBatchNormV3,4,26.816,6.704,26.816,6.704,0.0012723886259009471,0.9438599324840681,0.0,0.0
71,Device,Softmax,model/dense/Softmax,2,25.856,12.928,25.856,12.928,0.0012268377204390994,0.9450867702045072,0.0,0.0
72,Device,FusedBatchNormV3,model/ResBlock31_bn1/FusedBatchNormV3,4,25.697,6.42425,25.697,6.42425,0.0012192933517219807,0.9463060635562291,0.0,0.0
73,Device,FusedBatchNormV3,model/ResBlock32_bn2/FusedBatchNormV3,4,25.28,6.32,25.28,6.32,0.0011995071771619906,0.9475055707333911,0.0,0.0
74,Device,FusedBatchNormGradV3,gradient_tape/model/ResBlock31_pooling_bn/FusedBatchNormGradV3,2,24.896,12.448,24.896,12.448,0.0011812868149772516,0.9486868575483683,0.0,0.0
75,Device,BiasAddGrad,gradient_tape/model/ResBlock21_conv1/BiasAdd/BiasAddGrad,2,24.768,12.384,24.768,12.384,0.001175213360915672,0.949862070909284,0.0,0.0
76,Device,FusedBatchNormV3,model/ResBlock32_bn1/FusedBatchNormV3,4,24.768,6.192,24.768,6.192,0.001175213360915672,0.9510372842701996,0.0,0.0
77,Device,FusedBatchNormV3,model/ResBlock31_bn2/FusedBatchNormV3,4,24.608,6.152,24.608,6.152,0.0011676215433386974,0.9522049058135383,0.0,0.0
78,Device,BiasAddGrad,gradient_tape/model/ResBlock22_conv1/BiasAdd/BiasAddGrad,2,24.512,12.256,24.512,12.256,0.0011630664527925126,0.9533679722663309,0.0,0.0
79,Device,BiasAddGrad,gradient_tape/model/ResBlock22_conv2/BiasAdd/BiasAddGrad,2,24.288,12.144,24.288,12.144,0.001152437908184748,0.9545204101745156,0.0,0.0
80,Device,BiasAddGrad,gradient_tape/model/ResBlock21_conv2/BiasAdd/BiasAddGrad,2,23.552,11.776,23.552,11.776,0.0011175155473306646,0.9556379257218462,0.0,0.0
81,Device,FusedBatchNormGradV3,gradient_tape/model/ResBlock31_bn1/FusedBatchNormGradV3,2,22.368,11.184,22.368,11.184,0.0010613360972610525,0.9566992618191072,0.0,0.0
82,Device,FusedBatchNormGradV3,gradient_tape/model/ResBlock32_bn2/FusedBatchNormGradV3,2,22.048,11.024,22.048,11.024,0.001046152462107103,0.9577454142812144,0.0,0.0
83,Device,FusedBatchNormGradV3,gradient_tape/model/ResBlock32_bn1/FusedBatchNormGradV3,2,21.76,10.88,21.76,10.88,0.001032487190468549,0.958777901471683,0.0,0.0
84,Device,FusedBatchNormGradV3,gradient_tape/model/ResBlock31_bn2/FusedBatchNormGradV3,2,20.224,10.112,20.224,10.112,0.0009596057417295926,0.9597375072134126,0.0,0.0
85,Device,MatMul,gradient_tape/model/dense/MatMul/MatMul,2,19.2,9.6,19.2,9.6,0.000911018109236955,0.9606485253226495,0.0,0.0
86,Device,ReluGrad,gradient_tape/model/tf.nn.relu_7/ReluGrad,2,18.144,9.072,18.144,9.072,0.0008609121132289224,0.9615094374358785,0.0,0.0
87,Device,BiasAdd,model/ResBlock21_conv2/BiasAdd,2,17.408,8.704,17.408,8.704,0.0008259897523748393,0.9623354271882533,0.0,0.0
88,Device,BiasAdd,model/ResBlock22_conv2/BiasAdd,2,17.376,8.688,17.376,8.688,0.0008244713888594443,0.9631598985771127,0.0,0.0
89,Device,BiasAdd,model/ResBlock22_conv1/BiasAdd,2,17.184,8.592,17.184,8.592,0.0008153612077670747,0.9639752597848797,0.0,0.0
90,Device,ReluGrad,gradient_tape/model/tf.nn.relu_5/ReluGrad,2,16.864,8.432,16.864,8.432,0.0008001775726131254,0.9647754373574928,0.0,0.0
91,Device,MatMul,model/dense/MatMul,2,16.224,8.112,16.224,8.112,0.000769810302305227,0.9655452476597981,0.0,0.0
92,Device,AddV2,model/ResBlock31_add/add,2,15.968,7.984,15.968,7.984,0.0007576633941820675,0.9663029110539801,0.0,0.0
93,Device,AddV2,model/ResBlock32_add/add,2,15.808,7.904,15.808,7.904,0.0007500715766050929,0.9670529826305853,0.0,0.0
94,Device,BiasAdd,model/ResBlock31_conv1/BiasAdd,2,15.712,7.856,15.712,7.856,0.0007455164860589081,0.9677984991166442,0.0,0.0
95,Device,BiasAddGrad,gradient_tape/model/ResBlock32_conv1/BiasAdd/BiasAddGrad,2,15.264,7.632,15.264,7.632,0.0007242593968433791,0.9685227585134876,0.0,0.0
96,Device,BiasAddGrad,gradient_tape/model/ResBlock31_pooling_conv/BiasAdd/BiasAddGrad,2,15.2,7.6,15.2,7.6,0.0007212226698125893,0.9692439811833001,0.0,0.0
97,Device,Relu,model/tf.nn.relu_2/Relu,2,15.072,7.536,15.072,7.536,0.0007151492157510096,0.9699591303990511,0.0,0.0
98,Device,BiasAddGrad,gradient_tape/model/ResBlock31_conv1/BiasAdd/BiasAddGrad,2,14.944,7.472,14.944,7.472,0.0007090757616894299,0.9706682061607406,0.0,0.0
99,Device,BiasAddGrad,gradient_tape/model/ResBlock32_conv2/BiasAdd/BiasAddGrad,2,14.944,7.472,14.944,7.472,0.0007090757616894299,0.97137728192243,0.0,0.0
100,Device,BiasAddGrad,gradient_tape/model/ResBlock31_conv2/BiasAdd/BiasAddGrad,2,14.88,7.44,14.88,7.44,0.0007060390346586401,0.9720833209570886,0.0,0.0
101,Device,Tile,gradient_tape/model/GAP/Tile,2,14.368,7.184,14.368,7.184,0.0006817452184123213,0.972765066175501,0.0,0.0
102,Device,AddN,SGD/gradients/AddN,2,14.272,7.136,14.272,7.136,0.0006771901278661366,0.9734422563033671,0.0,0.0
103,Device,Relu,model/tf.nn.relu_1/Relu,2,14.24,7.12,14.24,7.12,0.0006756717643507416,0.9741179280677179,0.0,0.0
104,Device,Relu,model/tf.nn.relu_3/Relu,2,13.952,6.976,13.952,6.976,0.0006620064927121873,0.9747799345604301,0.0,0.0
105,Device,ReluGrad,gradient_tape/model/tf.nn.relu_6/ReluGrad,2,12.48,6.24,12.48,6.24,0.0005921617710040207,0.9753720963314342,0.0,0.0
106,Device,Relu,model/tf.nn.relu_4/Relu,2,11.552,5.776,11.552,5.776,0.0005481292290575679,0.9759202255604917,0.0,0.0
107,Device,Transpose,gradient_tape/model/tf.nn.relu_7/ReluGrad-0-TransposeNHWCToNCHW-LayoutOptimizer,2,11.36,5.68,11.36,5.68,0.0005390190479651983,0.9764592446084569,0.0,0.0
108,Device,BiasAdd,model/ResBlock31_pooling_conv/BiasAdd,2,11.009,5.5045,11.009,5.5045,0.0005223644981557102,0.9769816091066126,0.0,0.0
109,Device,BiasAdd,model/ResBlock31_conv2/BiasAdd,2,10.944,5.472,10.944,5.472,0.0005192803222650644,0.9775008894288777,0.0,0.0
110,Device,BiasAdd,model/ResBlock32_conv2/BiasAdd,2,10.912,5.456,10.912,5.456,0.0005177619587496694,0.9780186513876273,0.0,0.0
111,Device,MatMul,gradient_tape/model/dense/MatMul/MatMul_1,2,10.88,5.44,10.88,5.44,0.0005162435952342745,0.9785348949828616,0.0,0.0
112,Device,BiasAdd,model/ResBlock32_conv1/BiasAdd,2,10.88,5.44,10.88,5.44,0.0005162435952342745,0.9790511385780959,0.0,0.0
113,Device,Relu,model/tf.nn.relu_5/Relu,2,9.376,4.688,9.376,4.688,0.00044488051001071295,0.9794960190881066,0.0,0.0
114,Device,Relu,model/tf.nn.relu_7/Relu,2,9.312,4.656,9.312,4.656,0.0004418437829799231,0.9799378628710865,0.0,0.0
115,Device,Relu,model/tf.nn.relu_6/Relu,2,8.992,4.496,8.992,4.496,0.00042666014782597394,0.9803645230189125,0.0,0.0
116,Device,Mul,gradient_tape/model/GAP/truediv,2,8.96,4.48,8.96,4.48,0.000425141784310579,0.9807896648032232,0.0,0.0
117,Device,Mean,model/GAP/Mean,2,8.736,4.368,8.736,4.368,0.00041451323970281454,0.9812041780429259,0.0,0.0
118,Device,ResourceApplyGradientDescent,SGD/SGD/update/ResourceApplyGradientDescent,2,7.456,3.728,7.456,3.728,0.0003537786990870175,0.981557956742013,0.0,0.0
119,Device,ResourceApplyGradientDescent,SGD/SGD/update_8/ResourceApplyGradientDescent,2,7.456,3.728,7.456,3.728,0.0003537786990870175,0.9819117354411,0.0,0.0
120,Device,ResourceApplyGradientDescent,SGD/SGD/update_30/ResourceApplyGradientDescent,2,7.296,3.648,7.296,3.648,0.0003461868815100429,0.98225792232261,0.0,0.0
121,Device,ResourceApplyGradientDescent,SGD/SGD/update_4/ResourceApplyGradientDescent,2,7.264,3.632,7.264,3.632,0.00034466851799464795,0.9826025908406046,0.0,0.0
122,Device,ResourceApplyGradientDescent,SGD/SGD/update_16/ResourceApplyGradientDescent,2,7.232,3.616,7.232,3.616,0.00034315015447925303,0.9829457409950839,0.0,0.0
123,Device,ResourceApplyGradientDescent,SGD/SGD/update_28/ResourceApplyGradientDescent,2,7.04,3.52,7.04,3.52,0.00033403997338688347,0.9832797809684708,0.0,0.0
124,Device,ResourceApplyGradientDescent,SGD/SGD/update_44/ResourceApplyGradientDescent,2,7.008,3.504,7.008,3.504,0.00033252160987148855,0.9836123025783423,0.0,0.0
125,Device,ResourceApplyGradientDescent,SGD/SGD/update_20/ResourceApplyGradientDescent,2,6.976,3.488,6.976,3.488,0.00033100324635609364,0.9839433058246984,0.0,0.0
126,Device,ResourceApplyGradientDescent,SGD/SGD/update_10/ResourceApplyGradientDescent,2,6.944,3.472,6.944,3.472,0.0003294848828406987,0.984272790707539,0.0,0.0
127,Device,ResourceApplyGradientDescent,SGD/SGD/update_24/ResourceApplyGradientDescent,2,6.944,3.472,6.944,3.472,0.0003294848828406987,0.9846022755903797,0.0,0.0
128,Device,ResourceApplyGradientDescent,SGD/SGD/update_40/ResourceApplyGradientDescent,2,6.592,3.296,6.592,3.296,0.0003127828841713545,0.9849150584745511,0.0,0.0
129,Device,ResourceApplyGradientDescent,SGD/SGD/update_36/ResourceApplyGradientDescent,2,6.56,3.28,6.56,3.28,0.0003112645206559596,0.9852263229952071,0.0,0.0
130,Device,ResourceApplyGradientDescent,SGD/SGD/update_26/ResourceApplyGradientDescent,2,6.464,3.232,6.464,3.232,0.00030670943010977484,0.9855330324253169,0.0,0.0
131,Device,_Recv,IteratorGetNext/_4,1,6.4,6.4,6.4,6.4,0.000303672703078985,0.9858367051283958,0.0,0.0
132,Device,ResourceApplyGradientDescent,SGD/SGD/update_14/ResourceApplyGradientDescent,2,6.304,3.152,6.304,3.152,0.0002991176125328002,0.9861358227409286,0.0,0.0
133,Device,ResourceApplyGradientDescent,SGD/SGD/update_18/ResourceApplyGradientDescent,2,6.272,3.136,6.272,3.136,0.0002975992490174053,0.986433421989946,0.0,0.0
134,Device,ResourceApplyGradientDescent,SGD/SGD/update_22/ResourceApplyGradientDescent,2,6.272,3.136,6.272,3.136,0.0002975992490174053,0.9867310212389634,0.0,0.0
135,Device,ResourceApplyGradientDescent,SGD/SGD/update_9/ResourceApplyGradientDescent,2,6.208,3.104,6.208,3.104,0.00029456252198661545,0.98702558376095,0.0,0.0
136,Device,ResourceApplyGradientDescent,SGD/SGD/update_6/ResourceApplyGradientDescent,2,6.176,3.088,6.176,3.088,0.00029304415847122053,0.9873186279194212,0.0,0.0
137,Device,ResourceApplyGradientDescent,SGD/SGD/update_38/ResourceApplyGradientDescent,2,6.144,3.072,6.144,3.072,0.0002915257949558256,0.987610153714377,0.0,0.0
138,Device,ResourceApplyGradientDescent,SGD/SGD/update_12/ResourceApplyGradientDescent,2,6.112,3.056,6.112,3.056,0.00029000743144043064,0.9879001611458175,0.0,0.0
139,Device,ResourceApplyGradientDescent,SGD/SGD/update_15/ResourceApplyGradientDescent,2,6.112,3.056,6.112,3.056,0.00029000743144043064,0.9881901685772579,0.0,0.0
140,Device,ResourceApplyGradientDescent,SGD/SGD/update_2/ResourceApplyGradientDescent,2,6.112,3.056,6.112,3.056,0.00029000743144043064,0.9884801760086984,0.0,0.0
141,Device,ResourceApplyGradientDescent,SGD/SGD/update_1/ResourceApplyGradientDescent,2,6.08,3.04,6.08,3.04,0.0002884890679250357,0.9887686650766234,0.0,0.0
142,Device,ResourceApplyGradientDescent,SGD/SGD/update_3/ResourceApplyGradientDescent,2,6.08,3.04,6.08,3.04,0.0002884890679250357,0.9890571541445484,0.0,0.0
143,Device,ResourceApplyGradientDescent,SGD/SGD/update_5/ResourceApplyGradientDescent,2,6.08,3.04,6.08,3.04,0.0002884890679250357,0.9893456432124734,0.0,0.0
144,Device,ResourceApplyGradientDescent,SGD/SGD/update_7/ResourceApplyGradientDescent,2,6.08,3.04,6.08,3.04,0.0002884890679250357,0.9896341322803984,0.0,0.0
145,Device,ResourceApplyGradientDescent,SGD/SGD/update_13/ResourceApplyGradientDescent,2,6.048,3.024,6.048,3.024,0.0002869707044096408,0.9899211029848081,0.0,0.0
146,Device,BiasAdd,model/dense/BiasAdd,2,6.048,3.024,6.048,3.024,0.0002869707044096408,0.9902080736892177,0.0,0.0
147,Device,ResourceApplyGradientDescent,SGD/SGD/update_19/ResourceApplyGradientDescent,2,6.016,3.008,6.016,3.008,0.0002854523408942459,0.990493526030112,0.0,0.0
148,Device,ResourceApplyGradientDescent,SGD/SGD/update_45/ResourceApplyGradientDescent,2,6.016,3.008,6.016,3.008,0.0002854523408942459,0.9907789783710063,0.0,0.0
149,Device,ResourceApplyGradientDescent,SGD/SGD/update_23/ResourceApplyGradientDescent,2,5.984,2.992,5.984,2.992,0.00028393397737885097,0.9910629123483851,0.0,0.0
150,Device,ResourceApplyGradientDescent,SGD/SGD/update_39/ResourceApplyGradientDescent,2,5.984,2.992,5.984,2.992,0.00028393397737885097,0.9913468463257639,0.0,0.0
151,Device,ResourceApplyGradientDescent,SGD/SGD/update_31/ResourceApplyGradientDescent,2,5.92,2.96,5.92,2.96,0.00028089725034806113,0.9916277435761119,0.0,0.0
152,Device,BiasAddGrad,gradient_tape/model/dense/BiasAdd/BiasAddGrad,2,5.92,2.96,5.92,2.96,0.00028089725034806113,0.99190864082646,0.0,0.0
153,Device,ResourceApplyGradientDescent,SGD/SGD/update_42/ResourceApplyGradientDescent,2,5.888,2.944,5.888,2.944,0.00027937888683266616,0.9921880197132927,0.0,0.0
154,Device,DivNoNan,div_no_nan,2,5.888,2.944,5.888,2.944,0.00027937888683266616,0.9924673986001254,0.0,0.0
155,Device,ResourceApplyGradientDescent,SGD/SGD/update_34/ResourceApplyGradientDescent,2,5.824,2.912,5.824,2.912,0.0002763421598018763,0.9927437407599273,0.0,0.0
156,Device,AssignAddVariableOp,SGD/SGD/AssignAddVariableOp,2,5.792,2.896,5.792,2.896,0.0002748237962864814,0.9930185645562138,0.0,0.0
157,Device,ResourceApplyGradientDescent,SGD/SGD/update_33/ResourceApplyGradientDescent,2,5.792,2.896,5.792,2.896,0.0002748237962864814,0.9932933883525004,0.0,0.0
158,Device,Equal,Equal,2,5.76,2.88,5.76,2.88,0.0002733054327710865,0.9935666937852714,0.0,0.0
159,Device,ResourceApplyGradientDescent,SGD/SGD/update_32/ResourceApplyGradientDescent,2,5.76,2.88,5.76,2.88,0.0002733054327710865,0.9938399992180424,0.0,0.0
160,Device,ResourceApplyGradientDescent,SGD/SGD/update_27/ResourceApplyGradientDescent,2,5.728,2.864,5.728,2.864,0.0002717870692556916,0.9941117862872981,0.0,0.0
161,Device,ResourceApplyGradientDescent,SGD/SGD/update_41/ResourceApplyGradientDescent,2,5.728,2.864,5.728,2.864,0.0002717870692556916,0.9943835733565538,0.0,0.0
162,Device,ResourceApplyGradientDescent,SGD/SGD/update_43/ResourceApplyGradientDescent,2,5.728,2.864,5.728,2.864,0.0002717870692556916,0.9946553604258095,0.0,0.0
163,Device,ResourceApplyGradientDescent,SGD/SGD/update_11/ResourceApplyGradientDescent,2,5.696,2.848,5.696,2.848,0.0002702687057402966,0.9949256291315498,0.0,0.0
164,Device,ResourceApplyGradientDescent,SGD/SGD/update_29/ResourceApplyGradientDescent,2,5.696,2.848,5.696,2.848,0.0002702687057402966,0.9951958978372901,0.0,0.0
165,Device,ResourceApplyGradientDescent,SGD/SGD/update_35/ResourceApplyGradientDescent,2,5.696,2.848,5.696,2.848,0.0002702687057402966,0.9954661665430304,0.0,0.0
166,Device,DivNoNan,div_no_nan_1,2,5.696,2.848,5.696,2.848,0.0002702687057402966,0.9957364352487708,0.0,0.0
167,Device,AssignAddVariableOp,AssignAddVariableOp_4,2,5.664,2.832,5.664,2.832,0.0002687503422249017,0.9960051855909957,0.0,0.0
168,Device,ResourceApplyGradientDescent,SGD/SGD/update_37/ResourceApplyGradientDescent,2,5.664,2.832,5.664,2.832,0.0002687503422249017,0.9962739359332207,0.0,0.0
169,Device,Mul,gradient_tape/categorical_crossentropy/softmax_cross_entropy_with_logits/mul,2,5.664,2.832,5.664,2.832,0.0002687503422249017,0.9965426862754456,0.0,0.0
170,Device,ResourceApplyGradientDescent,SGD/SGD/update_21/ResourceApplyGradientDescent,2,5.632,2.816,5.632,2.816,0.00026723197870950677,0.9968099182541551,0.0,0.0
171,Device,ResourceApplyGradientDescent,SGD/SGD/update_25/ResourceApplyGradientDescent,2,5.632,2.816,5.632,2.816,0.00026723197870950677,0.9970771502328646,0.0,0.0
172,Device,ResourceApplyGradientDescent,SGD/SGD/update_17/ResourceApplyGradientDescent,2,5.6,2.8,5.6,2.8,0.00026571361519411185,0.9973428638480587,0.0,0.0
173,Device,Mul,Mul,2,5.568,2.784,5.568,2.784,0.00026419525167871693,0.9976070590997375,0.0,0.0
174,Device,DivNoNan,categorical_crossentropy/weighted_loss/value,2,5.504,2.752,5.504,2.752,0.00026115852464792704,0.9978682176243854,0.0,0.0
175,Device,_Send,IteratorGetNext/_3,1,5.44,5.44,5.44,5.44,0.00025812179761713726,0.9981263394220025,0.0,0.0
176,Device,AssignAddVariableOp,AssignAddVariableOp_3,2,5.408,2.704,5.408,2.704,0.00025660343410174234,0.9983829428561042,0.0,0.0
177,Device,AssignAddVariableOp,AssignAddVariableOp,2,5.376,2.688,5.376,2.688,0.0002550850705863474,0.9986380279266905,0.0,0.0
178,Device,AssignAddVariableOp,AssignAddVariableOp_1,2,5.312,2.656,5.312,2.656,0.00025204834355555753,0.9988900762702461,0.0,0.0
179,Device,Sum,categorical_crossentropy/weighted_loss/Sum,2,5.248,2.624,5.248,2.624,0.0002490116165247677,0.9991390878867709,0.0,0.0
180,Device,AssignAddVariableOp,AssignAddVariableOp_2,2,5.184,2.592,5.184,2.592,0.00024597488949397786,0.9993850627762648,0.0,0.0
181,Device,Sum,Sum_2,2,5.024,2.512,5.024,2.512,0.00023838307191700322,0.9996234458481819,0.0,0.0
182,Device,Cast,Cast_1,2,4.832,2.416,4.832,2.416,0.00022927289082463366,0.9998527187390065,0.0,0.0
183,Device,LogicalAnd,LogicalAnd,1,3.104,3.104,3.104,3.104,0.00014728126099330772,0.9999999999999998,0.0,0.0
184,Host,IDLE,IDLE,0,74148.437,0.0,74148.437,0.0,0.0,0.0,0.9134434184589384,0.9134434184589384
185,Host,GatherV2,GatherV2,2,3740.018,1870.009,3740.018,1870.009,0.0,0.0,0.046073726773471456,0.9595171452324098
186,Host,_Send,IteratorGetNext/_1,2,1489.605,744.8025,1489.605,744.8025,0.0,0.0,0.018350621245779287,0.9778677664781891
187,Host,_Send,IteratorGetNext/_3,2,1477.171,738.5855,1477.171,738.5855,0.0,0.0,0.01819744532023525,0.9960652117984243
188,Host,GatherV2,GatherV2_1,2,50.408,25.204,50.408,25.204,0.0,0.0,0.0006209821501386222,0.996686193948563
189,Host,Dataset,Iterator::Root::ParallelMapV2::Zip[1]::ForeverRepeat,2,44.177,22.0885,40.508,20.254,0.0,0.0,0.0004990228721198085,0.9971852168206827
190,Host,LogicalAnd,LogicalAnd,1,36.005,36.005,36.005,36.005,0.0,0.0,0.000443549879299736,0.9976287666999825
191,Host,FlushSummaryWriter,FlushSummaryWriter,1,33.352,33.352,33.352,33.352,0.0,0.0,0.0004108672566144922,0.998039633956597
192,Host,Dataset,Iterator::Root::ParallelMapV2::Zip[0]::FlatMap,2,52.658,26.329,31.923,15.9615,0.0,0.0,0.00039326323557521096,0.9984328971921722
193,Host,Dataset,Iterator::Root::ParallelMapV2,2,28.142,14.071,28.142,14.071,0.0,0.0,0.0003466846466672176,0.9987795818388394
194,Host,Dataset,Iterator::Root,2,53.48,26.74,25.338,12.669,0.0,0.0,0.00031214183701421216,0.9990917236758536
195,Host,Dataset,Iterator::Root::ParallelMapV2::Zip[0]::FlatMap[1]::TensorSlice,2,20.735,10.3675,20.735,10.3675,0.0,0.0,0.0002554369322949597,0.9993471606081485
196,Host,WriteSummary,WriteSummary,1,20.386,20.386,20.386,20.386,0.0,0.0,0.0002511375597668217,0.9995982981679153
197,Host,IteratorGetNext,IteratorGetNext,2,11.607,5.8035,11.607,5.8035,0.0,0.0,0.00014298801413781517,0.9997412861820532
198,Host,Dataset,Iterator::Root::ParallelMapV2::Zip,2,105.937,52.9685,9.102,4.551,0.0,0.0,0.00011212862106335777,0.9998534148031165
199,Host,ReadVariableOp,ReadVariableOp,1,5.99,5.99,5.99,5.99,0.0,0.0,7.379152276087816e-05,0.9999272063258774
200,Host,Dataset,Iterator::Root::ParallelMapV2::Zip[1]::ForeverRepeat::FromTensor,4,3.669,0.91725,3.669,0.91725,0.0,0.0,4.519884758091185e-05,0.9999724051734583
201,Host,Identity,Identity,2,2.24,1.12,2.24,1.12,0.0,0.0,2.759482654163057e-05,0.9999999999999999
