Rank,Host/device,Type,Operation,#Occurrences,Total time (us),Avg. time (us),Total self-time (us),Avg. self-time (us),Total self-time on Device (%),Cumulative total-self time on Device (%),Total self-time on Host (%),Cumulative total-self time on Host (%)
1,Device,DepthwiseConv2dNativeBackpropFilter,gradient_tape/mobilenetv2_1.00_224/expanded_conv_depthwise/depthwise/DepthwiseConv2dNativeBackpropFilter,2,339762.316,169881.158,339762.316,169881.158,0.3515968519129056,0.3515968519129056,0.0,0.0
2,Device,DepthwiseConv2dNativeBackpropFilter,gradient_tape/mobilenetv2_1.00_224/block_2_depthwise/depthwise/DepthwiseConv2dNativeBackpropFilter,2,93866.531,46933.2655,93866.531,46933.2655,0.09713607202861532,0.44873292394152087,0.0,0.0
3,Device,DepthwiseConv2dNativeBackpropFilter,gradient_tape/mobilenetv2_1.00_224/block_1_depthwise/depthwise/DepthwiseConv2dNativeBackpropFilter,2,86979.811,43489.9055,86979.811,43489.9055,0.0900094751166563,0.5387423990581772,0.0,0.0
4,Device,DepthwiseConv2dNativeBackpropFilter,gradient_tape/mobilenetv2_1.00_224/block_3_depthwise/depthwise/DepthwiseConv2dNativeBackpropFilter,2,35404.897,17702.4485,35404.897,17702.4485,0.036638113590857065,0.5753805126490343,0.0,0.0
5,Device,_Recv,IteratorGetNext/_2,2,14501.505,7250.7525,14501.505,7250.7525,0.015006618644544615,0.590387131293579,0.0,0.0
6,Device,FusedBatchNormGradV3,gradient_tape/mobilenetv2_1.00_224/block_1_expand_BN/FusedBatchNormGradV3,2,12951.552,6475.776,12951.552,6475.776,0.013402677978526305,0.6037898092721053,0.0,0.0
7,Device,IDLE,IDLE,0,10489.152,0.0,10489.152,0.0,0.010854508133373911,0.6146443174054793,0.0,0.0
8,Device,DepthwiseConv2dNativeBackpropInput,gradient_tape/mobilenetv2_1.00_224/block_1_depthwise/depthwise/DepthwiseConv2dNativeBackpropInput,2,8320.832,4160.416,8320.832,4160.416,0.008610661626453494,0.6232549790319328,0.0,0.0
9,Device,Relu6Grad,gradient_tape/mobilenetv2_1.00_224/block_1_expand_relu/Relu6/Relu6Grad,2,8096.353,4048.1765,8096.353,4048.1765,0.008378363616922157,0.631633342648855,0.0,0.0
10,Device,FusedBatchNormV3,mobilenetv2_1.00_224/block_1_expand_BN/FusedBatchNormV3,4,7917.152,1979.288,7917.152,1979.288,0.008192920722014281,0.6398262633708692,0.0,0.0
11,Device,DepthwiseConv2dNativeBackpropFilter,gradient_tape/mobilenetv2_1.00_224/block_6_depthwise/depthwise/DepthwiseConv2dNativeBackpropFilter,2,7689.984,3844.992,7689.984,3844.992,0.007957840049749995,0.6477841034206192,0.0,0.0
12,Device,Conv2DBackpropFilter,gradient_tape/mobilenetv2_1.00_224/block_1_expand/Conv2D/Conv2DBackpropFilter,2,7208.129,3604.0645,7208.129,3604.0645,0.0074592011686844045,0.6552433045893036,0.0,0.0
13,Device,Slice,gradient_tape/mobilenetv2_1.00_224/block_1_pad/Slice_1,2,6112.8,3056.4,6112.8,3056.4,0.006325719878755504,0.6615690244680591,0.0,0.0
14,Device,FusedBatchNormGradV3,gradient_tape/mobilenetv2_1.00_224/expanded_conv_depthwise_BN/FusedBatchNormGradV3,2,5493.056,2746.528,5493.056,2746.528,0.005684389074453146,0.6672534135425122,0.0,0.0
15,Device,Pad,mobilenetv2_1.00_224/block_1_pad/Pad,2,5444.768,2722.384,5444.768,2722.384,0.00563441911608622,0.6728878326585984,0.0,0.0
16,Device,FusedBatchNormGradV3,gradient_tape/mobilenetv2_1.00_224/bn_Conv1/FusedBatchNormGradV3,2,5326.976,2663.488,5326.976,2663.488,0.005512524207704076,0.6784003568663025,0.0,0.0
17,Device,Relu6,mobilenetv2_1.00_224/block_1_expand_relu/Relu6,2,5235.744,2617.872,5235.744,2617.872,0.005418114432154635,0.6838184712984572,0.0,0.0
18,Device,FusedBatchNormGradV3,gradient_tape/mobilenetv2_1.00_224/block_2_depthwise_BN/FusedBatchNormGradV3,2,4879.424,2439.712,4879.424,2439.712,0.005049383162164097,0.6888678544606213,0.0,0.0
19,Device,FusedBatchNormGradV3,gradient_tape/mobilenetv2_1.00_224/block_3_expand_BN/FusedBatchNormGradV3,2,4861.184,2430.592,4861.184,2430.592,0.005030507829977784,0.6938983622905991,0.0,0.0
20,Device,FusedBatchNormGradV3,gradient_tape/mobilenetv2_1.00_224/block_2_expand_BN/FusedBatchNormGradV3,2,4859.041,2429.5205,4859.041,2429.5205,0.005028290185412254,0.6989266524760114,0.0,0.0
21,Device,DepthwiseConv2dNativeBackpropInput,gradient_tape/mobilenetv2_1.00_224/block_2_depthwise/depthwise/DepthwiseConv2dNativeBackpropInput,2,4431.2,2215.6,4431.2,2215.6,0.004585546709648833,0.7035121991856602,0.0,0.0
22,Device,FusedBatchNormGradV3,gradient_tape/mobilenetv2_1.00_224/expanded_conv_project_BN/FusedBatchNormGradV3,2,4305.024,2152.512,4305.024,2152.512,0.0044549757713845594,0.7079671749570448,0.0,0.0
23,Device,DepthwiseConv2dNativeBackpropInput,gradient_tape/mobilenetv2_1.00_224/expanded_conv_depthwise/depthwise/DepthwiseConv2dNativeBackpropInput,2,4249.408,2124.704,4249.408,2124.704,0.0043974225655252375,0.71236459752257,0.0,0.0
24,Device,Conv2DBackpropFilter,gradient_tape/mobilenetv2_1.00_224/block_2_project/Conv2D/Conv2DBackpropFilter,4,4087.521,1021.88025,4087.521,1021.88025,0.004229896748549041,0.716594494271119,0.0,0.0
25,Device,DepthwiseConv2dNativeBackpropInput,gradient_tape/mobilenetv2_1.00_224/block_3_depthwise/depthwise/DepthwiseConv2dNativeBackpropInput,2,3808.544,1904.272,3808.544,1904.272,0.00394120247512024,0.7205356967462392,0.0,0.0
26,Device,Conv2DBackpropInput,gradient_tape/mobilenetv2_1.00_224/block_1_expand/Conv2D/Conv2DBackpropInput,2,3686.24,1843.12,3686.24,1843.12,0.003814638405618323,0.7243503351518575,0.0,0.0
27,Device,Conv2DBackpropFilter,gradient_tape/mobilenetv2_1.00_224/Conv1/Conv2D/Conv2DBackpropFilter,2,3547.168,1773.584,3547.168,1773.584,0.003670722276352147,0.7280210574282097,0.0,0.0
28,Device,Conv2D,mobilenetv2_1.00_224/block_1_expand/Conv2D,2,3482.816,1741.408,3482.816,1741.408,0.003604128779814116,0.7316251862080237,0.0,0.0
29,Device,DepthwiseConv2dNative,mobilenetv2_1.00_224/block_1_depthwise/depthwise,2,3357.665,1678.8325,3357.665,1678.8325,0.0034746185441535135,0.7350998047521773,0.0,0.0
30,Device,DepthwiseConv2dNativeBackpropFilter,gradient_tape/mobilenetv2_1.00_224/block_13_depthwise/depthwise/DepthwiseConv2dNativeBackpropFilter,2,3290.144,1645.072,3290.144,1645.072,0.003404745665614472,0.7385045504177917,0.0,0.0
31,Device,FusedBatchNormGradV3,gradient_tape/mobilenetv2_1.00_224/block_1_depthwise_BN/FusedBatchNormGradV3,2,3206.912,1603.456,3206.912,1603.456,0.0033186145445327133,0.7418231649623245,0.0,0.0
32,Device,Conv2DBackpropFilter,gradient_tape/mobilenetv2_1.00_224/expanded_conv_project/Conv2D/Conv2DBackpropFilter,2,3164.448,1582.224,3164.448,1582.224,0.003274671446618259,0.7450978364089428,0.0,0.0
33,Device,FusedBatchNormV3,mobilenetv2_1.00_224/expanded_conv_depthwise_BN/FusedBatchNormV3,4,3096.449,774.11225,3096.449,774.11225,0.0032043039184747745,0.7483021403274176,0.0,0.0
34,Device,FusedBatchNormV3,mobilenetv2_1.00_224/bn_Conv1/FusedBatchNormV3,4,3096.192,774.048,3096.192,774.048,0.0032040379667000003,0.7515061782941176,0.0,0.0
35,Device,Relu6Grad,gradient_tape/mobilenetv2_1.00_224/block_2_expand_relu/Relu6/Relu6Grad,2,3001.472,1500.736,3001.472,1500.736,0.00310601869780265,0.7546121969919203,0.0,0.0
36,Device,Relu6Grad,gradient_tape/mobilenetv2_1.00_224/block_3_expand_relu/Relu6/Relu6Grad,2,3000.416,1500.208,3000.416,1500.208,0.003104925915412916,0.7577171229073332,0.0,0.0
37,Device,Relu6Grad,gradient_tape/mobilenetv2_1.00_224/block_2_depthwise_relu/Relu6/Relu6Grad,2,2996.8,1498.4,2996.8,1498.4,0.0031011839635935244,0.7608183068709267,0.0,0.0
38,Device,FusedBatchNormV3,mobilenetv2_1.00_224/block_3_expand_BN/FusedBatchNormV3,4,2932.448,733.112,2932.448,733.112,0.003034590467055493,0.7638528973379821,0.0,0.0
39,Device,DepthwiseConv2dNative,mobilenetv2_1.00_224/block_2_depthwise/depthwise,2,2927.52,1463.76,2927.52,1463.76,0.0030294908159034014,0.7668823881538855,0.0,0.0
40,Device,FusedBatchNormV3,mobilenetv2_1.00_224/block_2_expand_BN/FusedBatchNormV3,4,2927.296,731.824,2927.296,731.824,0.0030292590135783063,0.7699116471674639,0.0,0.0
41,Device,FusedBatchNormV3,mobilenetv2_1.00_224/block_2_depthwise_BN/FusedBatchNormV3,4,2923.392,730.848,2923.392,730.848,0.0030252190301980775,0.7729368661976619,0.0,0.0
42,Device,Conv2DBackpropFilter,gradient_tape/mobilenetv2_1.00_224/block_3_expand/Conv2D/Conv2DBackpropFilter,2,2756.512,1378.256,2756.512,1378.256,0.00285252629800224,0.7757893924956641,0.0,0.0
43,Device,Conv2DBackpropFilter,gradient_tape/mobilenetv2_1.00_224/block_2_expand/Conv2D/Conv2DBackpropFilter,2,2721.632,1360.816,2721.632,1360.816,0.002816431364523148,0.7786058238601873,0.0,0.0
44,Device,Relu6Grad,gradient_tape/mobilenetv2_1.00_224/expanded_conv_depthwise_relu/Relu6/Relu6Grad,2,2639.072,1319.536,2639.072,1319.536,0.002730995650416674,0.781336819510604,0.0,0.0
45,Device,Relu6Grad,gradient_tape/mobilenetv2_1.00_224/Conv1_relu/Relu6/Relu6Grad,2,2634.208,1317.104,2634.208,1317.104,0.002725962228500324,0.7840627817391043,0.0,0.0
46,Device,FusedBatchNormV3,mobilenetv2_1.00_224/expanded_conv_project_BN/FusedBatchNormV3,4,2455.968,613.992,2455.968,613.992,0.0025415138069603774,0.7866042955460646,0.0,0.0
47,Device,Slice,gradient_tape/mobilenetv2_1.00_224/block_3_pad/Slice_1,2,2389.792,1194.896,2389.792,1194.896,0.0024730327772037155,0.7890773283232683,0.0,0.0
48,Device,Conv2DBackpropFilter,gradient_tape/mobilenetv2_1.00_224/block_1_project/Conv2D/Conv2DBackpropFilter,2,2331.552,1165.776,2331.552,1165.776,0.002412764172678994,0.7914900924959473,0.0,0.0
49,Device,DepthwiseConv2dNative,mobilenetv2_1.00_224/expanded_conv_depthwise/depthwise,2,2324.16,1162.08,2324.16,1162.08,0.002405114695950856,0.7938952071918981,0.0,0.0
50,Device,Conv2DBackpropFilter,gradient_tape/mobilenetv2_1.00_224/Conv_1/Conv2D/Conv2DBackpropFilter,2,2302.688,1151.344,2302.688,1151.344,0.0023828947873595985,0.7962781019792577,0.0,0.0
51,Device,Pad,mobilenetv2_1.00_224/block_3_pad/Pad,2,2112.192,1056.096,2112.192,1056.096,0.0021857634671751643,0.7984638654464329,0.0,0.0
52,Device,Conv2D,mobilenetv2_1.00_224/Conv1/Conv2D,2,2019.776,1009.888,2019.776,1009.888,0.0020901284507645066,0.8005539938971974,0.0,0.0
53,Device,Relu6Grad,gradient_tape/mobilenetv2_1.00_224/block_1_depthwise_relu/Relu6/Relu6Grad,2,1996.768,998.384,1996.768,998.384,0.0020663190405154543,0.8026203129377129,0.0,0.0
54,Device,FusedBatchNormV3,mobilenetv2_1.00_224/block_1_depthwise_BN/FusedBatchNormV3,4,1962.144,490.536,1962.144,490.536,0.0020304890239793284,0.8046508019616921,0.0,0.0
55,Device,Relu6,mobilenetv2_1.00_224/block_3_expand_relu/Relu6,2,1961.025,980.5125,1961.025,980.5125,0.0020293310471856617,0.8066801330088778,0.0,0.0
56,Device,Relu6,mobilenetv2_1.00_224/block_2_depthwise_relu/Relu6,2,1961.024,980.512,1961.024,980.512,0.002029330012353853,0.8087094630212316,0.0,0.0
57,Device,Relu6,mobilenetv2_1.00_224/block_2_expand_relu/Relu6,2,1960.32,980.16,1960.32,980.16,0.002028601490760697,0.8107380645119923,0.0,0.0
58,Device,Relu6,mobilenetv2_1.00_224/Conv1_relu/Relu6,2,1753.312,876.656,1753.312,876.656,0.0018143830277549682,0.8125524475397472,0.0,0.0
59,Device,Relu6,mobilenetv2_1.00_224/expanded_conv_depthwise_relu/Relu6,2,1745.376,872.688,1745.376,872.688,0.0018061706025230282,0.8143586181422703,0.0,0.0
60,Device,FusedBatchNormGradV3,gradient_tape/mobilenetv2_1.00_224/block_5_depthwise_BN/FusedBatchNormGradV3,2,1726.208,863.104,1726.208,863.104,0.001786334946418463,0.8161449530886887,0.0,0.0
61,Device,FusedBatchNormGradV3,gradient_tape/mobilenetv2_1.00_224/block_4_expand_BN/FusedBatchNormGradV3,2,1723.296,861.648,1723.296,861.648,0.001783321516192227,0.8179282746048809,0.0,0.0
62,Device,FusedBatchNormGradV3,gradient_tape/mobilenetv2_1.00_224/block_4_depthwise_BN/FusedBatchNormGradV3,2,1721.984,860.992,1721.984,860.992,0.001781963816859527,0.8197102384217405,0.0,0.0
63,Device,FusedBatchNormGradV3,gradient_tape/mobilenetv2_1.00_224/block_5_expand_BN/FusedBatchNormGradV3,2,1721.088,860.544,1721.088,860.544,0.0017810366075591468,0.8214912750292996,0.0,0.0
64,Device,FusedBatchNormGradV3,gradient_tape/mobilenetv2_1.00_224/block_6_expand_BN/FusedBatchNormGradV3,2,1720.544,860.272,1720.544,860.272,0.0017804736590553445,0.823271748688355,0.0,0.0
65,Device,DepthwiseConv2dNativeBackpropInput,gradient_tape/mobilenetv2_1.00_224/block_5_depthwise/depthwise/DepthwiseConv2dNativeBackpropInput,2,1686.176,843.088,1686.176,843.088,0.0017449085594621841,0.8250166572478171,0.0,0.0
66,Device,DepthwiseConv2dNativeBackpropInput,gradient_tape/mobilenetv2_1.00_224/block_4_depthwise/depthwise/DepthwiseConv2dNativeBackpropInput,2,1656.704,828.352,1656.704,828.352,0.0017144099964032454,0.8267310672442204,0.0,0.0
67,Device,DepthwiseConv2dNativeBackpropFilter,gradient_tape/mobilenetv2_1.00_224/block_5_depthwise/depthwise/DepthwiseConv2dNativeBackpropFilter,2,1545.312,772.656,1545.312,772.656,0.0015991380115952468,0.8283302052558157,0.0,0.0
68,Device,DepthwiseConv2dNativeBackpropFilter,gradient_tape/mobilenetv2_1.00_224/block_4_depthwise/depthwise/DepthwiseConv2dNativeBackpropFilter,2,1521.6,760.8,1521.6,760.8,0.0015746000797530386,0.8299048053355688,0.0,0.0
69,Device,Conv2DBackpropInput,gradient_tape/mobilenetv2_1.00_224/block_2_project/Conv2D/Conv2DBackpropInput,2,1518.656,759.328,1518.656,759.328,0.0015715535349089317,0.8314763588704777,0.0,0.0
70,Device,Conv2D,mobilenetv2_1.00_224/block_3_expand/Conv2D,2,1492.832,746.416,1492.832,746.416,0.0015448300382872558,0.8330211889087649,0.0,0.0
71,Device,Conv2D,mobilenetv2_1.00_224/block_2_expand/Conv2D,2,1491.904,745.952,1491.904,745.952,0.0015438697143690045,0.8345650586231339,0.0,0.0
72,Device,DepthwiseConv2dNativeBackpropInput,gradient_tape/mobilenetv2_1.00_224/block_6_depthwise/depthwise/DepthwiseConv2dNativeBackpropInput,2,1471.04,735.52,1471.04,735.52,0.001522278983517291,0.8360873376066512,0.0,0.0
73,Device,Conv2DBackpropInput,gradient_tape/mobilenetv2_1.00_224/block_3_expand/Conv2D/Conv2DBackpropInput,2,1425.44,712.72,1425.44,712.72,0.001475090653051506,0.8375624282597027,0.0,0.0
74,Device,Conv2DBackpropInput,gradient_tape/mobilenetv2_1.00_224/block_2_expand/Conv2D/Conv2DBackpropInput,2,1421.536,710.768,1421.536,710.768,0.0014710506696712774,0.839033478929374,0.0,0.0
75,Device,DepthwiseConv2dNative,mobilenetv2_1.00_224/block_3_depthwise/depthwise,2,1411.232,705.616,1411.232,705.616,0.0014603877627169034,0.8404938666920909,0.0,0.0
76,Device,FusedBatchNormGradV3,gradient_tape/mobilenetv2_1.00_224/block_11_expand_BN/FusedBatchNormGradV3,2,1335.968,667.984,1335.968,667.984,0.001382502181484955,0.8418763688735759,0.0,0.0
77,Device,FusedBatchNormGradV3,gradient_tape/mobilenetv2_1.00_224/block_12_expand_BN/FusedBatchNormGradV3,2,1332.032,666.016,1332.032,666.016,0.0013784290834868555,0.8432547979570627,0.0,0.0
78,Device,FusedBatchNormGradV3,gradient_tape/mobilenetv2_1.00_224/block_12_depthwise_BN/FusedBatchNormGradV3,2,1327.52,663.76,1327.52,663.76,0.001373759922367083,0.8446285578794298,0.0,0.0
79,Device,FusedBatchNormGradV3,gradient_tape/mobilenetv2_1.00_224/block_11_depthwise_BN/FusedBatchNormGradV3,2,1325.472,662.736,1325.472,662.736,0.0013716405868233568,0.8460001984662532,0.0,0.0
80,Device,FusedBatchNormGradV3,gradient_tape/mobilenetv2_1.00_224/block_13_expand_BN/FusedBatchNormGradV3,2,1323.904,661.952,1323.904,661.952,0.0013700179705476911,0.8473702164368009,0.0,0.0
81,Device,Relu6,mobilenetv2_1.00_224/block_1_depthwise_relu/Relu6,2,1309.92,654.96,1309.92,654.96,0.0013555468825381838,0.848725763319339,0.0,0.0
82,Device,FusedBatchNormGradV3,gradient_tape/mobilenetv2_1.00_224/block_3_depthwise_BN/FusedBatchNormGradV3,2,1301.6,650.8,1301.6,650.8,0.0013469370818917949,0.8500727004012308,0.0,0.0
83,Device,Conv2DBackpropInput,gradient_tape/mobilenetv2_1.00_224/expanded_conv_project/Conv2D/Conv2DBackpropInput,2,1291.456,645.728,1291.456,645.728,0.0013364397480267744,0.8514091401492576,0.0,0.0
84,Device,DepthwiseConv2dNativeBackpropInput,gradient_tape/mobilenetv2_1.00_224/block_11_depthwise/depthwise/DepthwiseConv2dNativeBackpropInput,2,1289.664,644.832,1289.664,644.832,0.001334585329426014,0.8527437254786836,0.0,0.0
85,Device,Conv2D,mobilenetv2_1.00_224/expanded_conv_project/Conv2D,2,1289.152,644.576,1289.152,644.576,0.0013340554955400823,0.8540777809742237,0.0,0.0
86,Device,DepthwiseConv2dNativeBackpropInput,gradient_tape/mobilenetv2_1.00_224/block_12_depthwise/depthwise/DepthwiseConv2dNativeBackpropInput,2,1264.736,632.368,1264.736,632.368,0.0013087890421047182,0.8553865700163285,0.0,0.0
87,Device,FusedBatchNormGradV3,gradient_tape/mobilenetv2_1.00_224/block_2_project_BN/FusedBatchNormGradV3,2,1231.68,615.84,1231.68,615.84,0.0012745816418442578,0.8566611516581727,0.0,0.0
88,Device,DepthwiseConv2dNativeBackpropFilter,gradient_tape/mobilenetv2_1.00_224/block_11_depthwise/depthwise/DepthwiseConv2dNativeBackpropFilter,2,1216.064,608.032,1216.064,608.032,0.0012584217083233434,0.857919573366496,0.0,0.0
89,Device,FusedBatchNormGradV3,gradient_tape/mobilenetv2_1.00_224/block_1_project_BN/FusedBatchNormGradV3,2,1190.944,595.472,1190.944,595.472,0.001232426733294823,0.8591520000997909,0.0,0.0
90,Device,DepthwiseConv2dNativeBackpropFilter,gradient_tape/mobilenetv2_1.00_224/block_12_depthwise/depthwise/DepthwiseConv2dNativeBackpropFilter,2,1186.656,593.328,1186.656,593.328,0.0012279893745001458,0.8603799894742911,0.0,0.0
91,Device,Conv2D,mobilenetv2_1.00_224/block_2_project/Conv2D,2,1144.288,572.144,1144.288,572.144,0.001184145620439304,0.8615641350947304,0.0,0.0
92,Device,DepthwiseConv2dNativeBackpropInput,gradient_tape/mobilenetv2_1.00_224/block_13_depthwise/depthwise/DepthwiseConv2dNativeBackpropInput,2,1089.152,544.576,1089.152,544.576,0.0011270891338480426,0.8626912242285785,0.0,0.0
93,Device,FusedBatchNormV3,mobilenetv2_1.00_224/block_5_expand_BN/FusedBatchNormV3,4,1033.824,258.456,1033.824,258.456,0.0010698339595495566,0.863761058188128,0.0,0.0
94,Device,FusedBatchNormV3,mobilenetv2_1.00_224/block_4_expand_BN/FusedBatchNormV3,4,1033.6,258.4,1033.6,258.4,0.0010696021572244615,0.8648306603453525,0.0,0.0
95,Device,FusedBatchNormV3,mobilenetv2_1.00_224/block_6_expand_BN/FusedBatchNormV3,4,1032.224,258.056,1032.224,258.056,0.0010681782286560203,0.8658988385740085,0.0,0.0
96,Device,FusedBatchNormV3,mobilenetv2_1.00_224/block_5_depthwise_BN/FusedBatchNormV3,4,1028.672,257.168,1028.672,257.168,0.0010645025060723697,0.8669633410800809,0.0,0.0
97,Device,FusedBatchNormV3,mobilenetv2_1.00_224/block_4_depthwise_BN/FusedBatchNormV3,4,1028.416,257.104,1028.416,257.104,0.001064237589129404,0.8680275786692103,0.0,0.0
98,Device,Relu6Grad,gradient_tape/mobilenetv2_1.00_224/block_5_depthwise_relu/Relu6/Relu6Grad,2,1000.864,500.432,1000.864,500.432,0.0010357259031427085,0.869063304572353,0.0,0.0
99,Device,Relu6Grad,gradient_tape/mobilenetv2_1.00_224/block_4_depthwise_relu/Relu6/Relu6Grad,2,994.72,497.36,994.72,497.36,0.001029367896511529,0.8700926724688646,0.0,0.0
100,Device,Relu6Grad,gradient_tape/mobilenetv2_1.00_224/block_5_expand_relu/Relu6/Relu6Grad,2,994.56,497.28,994.56,497.28,0.0010292023234221754,0.8711218747922868,0.0,0.0
101,Device,Conv2DBackpropInput,gradient_tape/mobilenetv2_1.00_224/block_1_project/Conv2D/Conv2DBackpropInput,2,993.248,496.624,993.248,496.624,0.0010278446240894756,0.8721497194163762,0.0,0.0
102,Device,Relu6Grad,gradient_tape/mobilenetv2_1.00_224/block_4_expand_relu/Relu6/Relu6Grad,2,992.864,496.432,992.864,496.432,0.0010274472486750269,0.8731771666650512,0.0,0.0
103,Device,Relu6Grad,gradient_tape/mobilenetv2_1.00_224/block_6_expand_relu/Relu6/Relu6Grad,2,991.521,495.7605,991.521,495.7605,0.0010260574695562649,0.8742032241346075,0.0,0.0
104,Device,Conv2DBackpropFilter,gradient_tape/mobilenetv2_1.00_224/block_6_expand/Conv2D/Conv2DBackpropFilter,2,963.616,481.808,963.616,481.808,0.000997180487941183,0.8752004046225487,0.0,0.0
105,Device,Conv2DBackpropFilter,gradient_tape/mobilenetv2_1.00_224/block_5_expand/Conv2D/Conv2DBackpropFilter,2,947.136,473.568,947.136,473.568,0.000980126459737759,0.8761805310822864,0.0,0.0
106,Device,Conv2DBackpropInput,gradient_tape/mobilenetv2_1.00_224/Conv_1/Conv2D/Conv2DBackpropInput,2,939.328,469.664,939.328,469.664,0.0009720464929773016,0.8771525775752638,0.0,0.0
107,Device,Conv2DBackpropFilter,gradient_tape/mobilenetv2_1.00_224/block_4_expand/Conv2D/Conv2DBackpropFilter,2,939.104,469.552,939.104,469.552,0.0009718146906522066,0.878124392265916,0.0,0.0
108,Device,Conv2DBackpropFilter,gradient_tape/mobilenetv2_1.00_224/block_5_project/Conv2D/Conv2DBackpropFilter,2,934.784,467.392,934.784,467.392,0.0009673442172396585,0.8790917364831556,0.0,0.0
109,Device,Conv2DBackpropFilter,gradient_tape/mobilenetv2_1.00_224/block_4_project/Conv2D/Conv2DBackpropFilter,2,933.312,466.656,933.312,466.656,0.0009658209448176052,0.8800575574279732,0.0,0.0
110,Device,FusedBatchNormGradV3,gradient_tape/mobilenetv2_1.00_224/block_10_depthwise_BN/FusedBatchNormGradV3,2,890.048,445.024,890.048,445.024,0.0009210499814563831,0.8809786074094296,0.0,0.0
111,Device,FusedBatchNormGradV3,gradient_tape/mobilenetv2_1.00_224/block_9_depthwise_BN/FusedBatchNormGradV3,2,888.289,444.1445,888.289,444.1445,0.0009192297123053016,0.8818978371217349,0.0,0.0
112,Device,FusedBatchNormGradV3,gradient_tape/mobilenetv2_1.00_224/block_7_depthwise_BN/FusedBatchNormGradV3,2,886.656,443.328,886.656,443.328,0.000917539831962086,0.8828153769536969,0.0,0.0
113,Device,FusedBatchNormGradV3,gradient_tape/mobilenetv2_1.00_224/block_8_expand_BN/FusedBatchNormGradV3,2,885.984,442.992,885.984,442.992,0.0009168444249868008,0.8837322213786838,0.0,0.0
114,Device,FusedBatchNormGradV3,gradient_tape/mobilenetv2_1.00_224/block_10_expand_BN/FusedBatchNormGradV3,2,884.096,442.048,884.096,442.048,0.000914890662532428,0.8846471120412163,0.0,0.0
115,Device,FusedBatchNormGradV3,gradient_tape/mobilenetv2_1.00_224/block_8_depthwise_BN/FusedBatchNormGradV3,2,882.656,441.328,882.656,441.328,0.0009134005047282453,0.8855605125459445,0.0,0.0
116,Device,FusedBatchNormGradV3,gradient_tape/mobilenetv2_1.00_224/block_7_expand_BN/FusedBatchNormGradV3,2,881.344,440.672,881.344,440.672,0.0009120428053955456,0.8864725553513401,0.0,0.0
117,Device,FusedBatchNormGradV3,gradient_tape/mobilenetv2_1.00_224/block_9_expand_BN/FusedBatchNormGradV3,2,880.224,440.112,880.224,440.112,0.0009108837937700701,0.8873834391451101,0.0,0.0
118,Device,DepthwiseConv2dNativeBackpropInput,gradient_tape/mobilenetv2_1.00_224/block_8_depthwise/depthwise/DepthwiseConv2dNativeBackpropInput,2,875.04,437.52,875.04,437.52,0.0009055192256750123,0.8882889583707851,0.0,0.0
119,Device,Conv2DBackpropFilter,gradient_tape/mobilenetv2_1.00_224/block_11_expand/Conv2D/Conv2DBackpropFilter,2,874.912,437.456,874.912,437.456,0.0009053867672035295,0.8891943451379887,0.0,0.0
120,Device,DepthwiseConv2dNativeBackpropInput,gradient_tape/mobilenetv2_1.00_224/block_7_depthwise/depthwise/DepthwiseConv2dNativeBackpropInput,2,873.984,436.992,873.984,436.992,0.0009044264432852786,0.8900987715812739,0.0,0.0
121,Device,Conv2DBackpropFilter,gradient_tape/mobilenetv2_1.00_224/block_14_expand/Conv2D/Conv2DBackpropFilter,2,869.6,434.8,869.6,434.8,0.000899889740636989,0.890998661321911,0.0,0.0
122,Device,Conv2DBackpropFilter,gradient_tape/mobilenetv2_1.00_224/block_15_expand/Conv2D/Conv2DBackpropFilter,2,866.56,433.28,866.56,433.28,0.0008967438519392699,0.8918954051738502,0.0,0.0
123,Device,DepthwiseConv2dNativeBackpropInput,gradient_tape/mobilenetv2_1.00_224/block_9_depthwise/depthwise/DepthwiseConv2dNativeBackpropInput,2,866.048,433.024,866.048,433.024,0.0008962140180533383,0.8927916191919035,0.0,0.0
124,Device,Conv2DBackpropFilter,gradient_tape/mobilenetv2_1.00_224/block_16_expand/Conv2D/Conv2DBackpropFilter,2,865.856,432.928,865.856,432.928,0.000896015330346114,0.8936876345222496,0.0,0.0
125,Device,DepthwiseConv2dNativeBackpropInput,gradient_tape/mobilenetv2_1.00_224/block_10_depthwise/depthwise/DepthwiseConv2dNativeBackpropInput,2,862.784,431.392,862.784,431.392,0.0008928363270305242,0.8945804708492802,0.0,0.0
126,Device,Conv2DBackpropFilter,gradient_tape/mobilenetv2_1.00_224/block_12_expand/Conv2D/Conv2DBackpropFilter,2,856.352,428.176,856.352,428.176,0.0008861802888385082,0.8954666511381186,0.0,0.0
127,Device,Conv2DBackpropFilter,gradient_tape/mobilenetv2_1.00_224/block_11_project/Conv2D/Conv2DBackpropFilter,2,851.488,425.744,851.488,425.744,0.0008811468669221578,0.8963477980050408,0.0,0.0
128,Device,Conv2DBackpropFilter,gradient_tape/mobilenetv2_1.00_224/block_13_expand/Conv2D/Conv2DBackpropFilter,2,848.48,424.24,848.48,424.24,0.0008780340928423096,0.8972258320978831,0.0,0.0
129,Device,Conv2DBackpropFilter,gradient_tape/mobilenetv2_1.00_224/block_12_project/Conv2D/Conv2DBackpropFilter,2,848.225,424.1125,848.225,424.1125,0.0008777702107311522,0.8981036023086142,0.0,0.0
130,Device,Conv2D,mobilenetv2_1.00_224/Conv_1/Conv2D,2,836.512,418.256,836.512,418.256,0.0008656492257586579,0.8989692515343728,0.0,0.0
131,Device,DepthwiseConv2dNativeBackpropFilter,gradient_tape/mobilenetv2_1.00_224/block_7_depthwise/depthwise/DepthwiseConv2dNativeBackpropFilter,2,833.568,416.784,833.568,416.784,0.000862602680914551,0.8998318542152873,0.0,0.0
132,Device,DepthwiseConv2dNativeBackpropFilter,gradient_tape/mobilenetv2_1.00_224/block_8_depthwise/depthwise/DepthwiseConv2dNativeBackpropFilter,2,831.104,415.552,831.104,415.552,0.0008600528553385051,0.9006919070706259,0.0,0.0
133,Device,Conv2D,mobilenetv2_1.00_224/block_1_project/Conv2D,2,827.52,413.76,827.52,413.76,0.0008563440181369838,0.9015482510887628,0.0,0.0
134,Device,DepthwiseConv2dNativeBackpropFilter,gradient_tape/mobilenetv2_1.00_224/block_9_depthwise/depthwise/DepthwiseConv2dNativeBackpropFilter,2,821.312,410.656,821.312,410.656,0.0008499197822700628,0.9023981708710329,0.0,0.0
135,Device,DepthwiseConv2dNativeBackpropFilter,gradient_tape/mobilenetv2_1.00_224/block_10_depthwise/depthwise/DepthwiseConv2dNativeBackpropFilter,2,821.248,410.624,821.248,410.624,0.0008498535530343215,0.9032480244240673,0.0,0.0
136,Device,Pad,mobilenetv2_1.00_224/block_6_pad/Pad,2,818.56,409.28,818.56,409.28,0.0008470719251331804,0.9040950963492005,0.0,0.0
137,Device,FusedBatchNormV3,mobilenetv2_1.00_224/block_11_expand_BN/FusedBatchNormV3,4,812.928,203.232,812.928,203.232,0.0008412437523879325,0.9049363401015884,0.0,0.0
138,Device,FusedBatchNormV3,mobilenetv2_1.00_224/block_11_depthwise_BN/FusedBatchNormV3,4,812.864,203.216,812.864,203.216,0.0008411775231521912,0.9057775176247406,0.0,0.0
139,Device,FusedBatchNormV3,mobilenetv2_1.00_224/block_12_expand_BN/FusedBatchNormV3,4,812.064,203.016,812.064,203.016,0.0008403496577054229,0.906617867282446,0.0,0.0
140,Device,FusedBatchNormV3,mobilenetv2_1.00_224/block_13_expand_BN/FusedBatchNormV3,4,811.104,202.776,811.104,202.776,0.0008393562191693012,0.9074572235016153,0.0,0.0
141,Device,FusedBatchNormV3,mobilenetv2_1.00_224/block_12_depthwise_BN/FusedBatchNormV3,4,808.0,202.0,808.0,202.0,0.0008361441012358407,0.9082933676028512,0.0,0.0
142,Device,Transpose,gradient_tape/mobilenetv2_1.00_224/Conv1/Conv2D/Conv2DBackpropFilter-0-TransposeNHWCToNCHW-LayoutOptimizer,2,785.568,392.784,785.568,392.784,0.0008129307541084615,0.9091062983569597,0.0,0.0
143,Device,Conv2DBackpropFilter,gradient_tape/mobilenetv2_1.00_224/block_10_project/Conv2D/Conv2DBackpropFilter,2,785.248,392.624,785.248,392.624,0.0008125996079297543,0.9099188979648895,0.0,0.0
144,Device,FusedBatchNormV3,mobilenetv2_1.00_224/block_3_depthwise_BN/FusedBatchNormV3,4,770.144,192.536,770.144,192.536,0.0007969695082947714,0.9107158674731842,0.0,0.0
145,Device,Conv2DBackpropFilter,gradient_tape/mobilenetv2_1.00_224/block_3_project/Conv2D/Conv2DBackpropFilter,2,753.121,376.5605,753.121,376.5605,0.0007793535664193535,0.9114952210396036,0.0,0.0
146,Device,Conv2DBackpropFilter,gradient_tape/mobilenetv2_1.00_224/block_7_project/Conv2D/Conv2DBackpropFilter,2,750.592,375.296,750.592,375.296,0.0007767364767757576,0.9122719575163794,0.0,0.0
147,Device,Slice,gradient_tape/mobilenetv2_1.00_224/block_6_pad/Slice_1,2,748.672,374.336,748.672,374.336,0.0007747495997035141,0.9130467071160828,0.0,0.0
148,Device,Relu6Grad,gradient_tape/mobilenetv2_1.00_224/block_12_depthwise_relu/Relu6/Relu6Grad,2,742.336,371.168,742.336,371.168,0.0007681929053651103,0.9138149000214479,0.0,0.0
149,Device,Relu6Grad,gradient_tape/mobilenetv2_1.00_224/block_11_depthwise_relu/Relu6/Relu6Grad,2,741.792,370.896,741.792,370.896,0.0007676299568613079,0.9145825299783092,0.0,0.0
150,Device,Conv2DBackpropFilter,gradient_tape/mobilenetv2_1.00_224/block_8_project/Conv2D/Conv2DBackpropFilter,2,740.64,370.32,740.64,370.32,0.0007664378306179617,0.9153489678089272,0.0,0.0
151,Device,Relu6Grad,gradient_tape/mobilenetv2_1.00_224/block_3_depthwise_relu/Relu6/Relu6Grad,2,740.288,370.144,740.288,370.144,0.0007660735698213837,0.9161150413787486,0.0,0.0
152,Device,Relu6Grad,gradient_tape/mobilenetv2_1.00_224/block_12_expand_relu/Relu6/Relu6Grad,2,740.128,370.064,740.128,370.064,0.0007659079967320302,0.9168809493754806,0.0,0.0
153,Device,Relu6Grad,gradient_tape/mobilenetv2_1.00_224/block_13_expand_relu/Relu6/Relu6Grad,2,739.296,369.648,739.296,369.648,0.0007650470166673912,0.917645996392148,0.0,0.0
154,Device,Conv2DBackpropFilter,gradient_tape/mobilenetv2_1.00_224/block_9_project/Conv2D/Conv2DBackpropFilter,2,737.504,368.752,737.504,368.752,0.0007631925980666305,0.9184091889902146,0.0,0.0
155,Device,Relu6Grad,gradient_tape/mobilenetv2_1.00_224/block_11_expand_relu/Relu6/Relu6Grad,2,737.216,368.608,737.216,368.608,0.000762894566505794,0.9191720835567204,0.0,0.0
156,Device,DepthwiseConv2dNative,mobilenetv2_1.00_224/block_4_depthwise/depthwise,2,728.896,364.448,728.896,364.448,0.0007542847658594051,0.9199263683225798,0.0,0.0
157,Device,DepthwiseConv2dNative,mobilenetv2_1.00_224/block_5_depthwise/depthwise,2,725.76,362.88,725.76,362.88,0.0007510395333080739,0.9206774078558879,0.0,0.0
158,Device,FusedBatchNormGradV3,gradient_tape/mobilenetv2_1.00_224/Conv_1_bn/FusedBatchNormGradV3,2,724.992,362.496,724.992,362.496,0.0007502447824791765,0.9214276526383671,0.0,0.0
159,Device,Conv2D,mobilenetv2_1.00_224/block_16_project/Conv2D,2,694.208,347.104,694.208,347.104,0.0007183885200875377,0.9221460411584547,0.0,0.0
160,Device,Conv2DBackpropInput,gradient_tape/mobilenetv2_1.00_224/block_16_project/Conv2D/Conv2DBackpropInput,4,693.728,173.432,693.728,173.432,0.0007178918008194768,0.9228639329592742,0.0,0.0
161,Device,FusedBatchNormV3,mobilenetv2_1.00_224/block_2_project_BN/FusedBatchNormV3,4,686.912,171.728,686.912,171.728,0.0007108383872130122,0.9235747713464871,0.0,0.0
162,Device,FusedBatchNormV3,mobilenetv2_1.00_224/block_1_project_BN/FusedBatchNormV3,4,683.904,170.976,683.904,170.976,0.0007077256131331639,0.9242824969596203,0.0,0.0
163,Device,Conv2DBackpropInput,gradient_tape/mobilenetv2_1.00_224/block_11_project/Conv2D/Conv2DBackpropInput,2,669.92,334.96,669.92,334.96,0.0006932545251236564,0.924975751484744,0.0,0.0
164,Device,Conv2DBackpropInput,gradient_tape/mobilenetv2_1.00_224/block_12_project/Conv2D/Conv2DBackpropInput,2,668.448,334.224,668.448,334.224,0.000691731252701603,0.9256674827374456,0.0,0.0
165,Device,Relu6,mobilenetv2_1.00_224/block_4_expand_relu/Relu6,2,659.424,329.712,659.424,329.712,0.0006823929304620582,0.9263498756679076,0.0,0.0
166,Device,Relu6,mobilenetv2_1.00_224/block_5_expand_relu/Relu6,2,655.904,327.952,655.904,327.952,0.0006787503224962783,0.9270286259904039,0.0,0.0
167,Device,Relu6,mobilenetv2_1.00_224/block_4_depthwise_relu/Relu6,2,655.712,327.856,655.712,327.856,0.0006785516347890539,0.927707177625193,0.0,0.0
168,Device,Relu6,mobilenetv2_1.00_224/block_6_expand_relu/Relu6,2,655.456,327.728,655.456,327.728,0.0006782867178460882,0.928385464343039,0.0,0.0
169,Device,Relu6,mobilenetv2_1.00_224/block_5_depthwise_relu/Relu6,2,653.952,326.976,653.952,326.976,0.000676730330806164,0.9290621946738452,0.0,0.0
170,Device,Pad,mobilenetv2_1.00_224/block_13_pad/Pad,2,646.144,323.072,646.144,323.072,0.0006686503640457068,0.9297308450378909,0.0,0.0
171,Device,Conv2DBackpropInput,gradient_tape/mobilenetv2_1.00_224/block_11_expand/Conv2D/Conv2DBackpropInput,2,640.352,320.176,640.352,320.176,0.0006626566182111052,0.930393501656102,0.0,0.0
172,Device,Conv2DBackpropInput,gradient_tape/mobilenetv2_1.00_224/block_13_expand/Conv2D/Conv2DBackpropInput,2,633.568,316.784,633.568,316.784,0.0006556363192225113,0.9310491379753245,0.0,0.0
173,Device,Conv2DBackpropInput,gradient_tape/mobilenetv2_1.00_224/block_12_expand/Conv2D/Conv2DBackpropInput,2,630.784,315.392,630.784,315.392,0.0006527553474677581,0.9317018933227923,0.0,0.0
174,Device,Conv2D,mobilenetv2_1.00_224/block_12_project/Conv2D,2,624.896,312.448,624.896,312.448,0.0006466622577795445,0.9323485555805718,0.0,0.0
175,Device,Conv2D,mobilenetv2_1.00_224/block_11_project/Conv2D,2,615.328,307.664,615.328,307.664,0.0006367609870361972,0.9329853165676081,0.0,0.0
176,Device,Slice,gradient_tape/mobilenetv2_1.00_224/block_13_pad/Slice_1,2,556.096,278.048,556.096,278.048,0.0005754658293574828,0.9335607823969656,0.0,0.0
177,Device,DepthwiseConv2dNative,mobilenetv2_1.00_224/block_12_depthwise/depthwise,2,552.384,276.192,552.384,276.192,0.0005716245336844785,0.9341324069306501,0.0,0.0
178,Device,DepthwiseConv2dNative,mobilenetv2_1.00_224/block_11_depthwise/depthwise,2,552.064,276.032,552.064,276.032,0.0005712933875057712,0.9347037003181559,0.0,0.0
179,Device,Conv2DBackpropInput,gradient_tape/mobilenetv2_1.00_224/block_4_project/Conv2D/Conv2DBackpropInput,2,551.808,275.904,551.808,275.904,0.0005710284705628054,0.9352747287887186,0.0,0.0
180,Device,FusedBatchNormV3,mobilenetv2_1.00_224/block_9_depthwise_BN/FusedBatchNormV3,4,551.52,137.88,551.52,137.88,0.0005707304390019689,0.9358454592277207,0.0,0.0
181,Device,FusedBatchNormV3,mobilenetv2_1.00_224/block_8_expand_BN/FusedBatchNormV3,4,550.752,137.688,550.752,137.688,0.0005699356881730714,0.9364153949158938,0.0,0.0
182,Device,FusedBatchNormV3,mobilenetv2_1.00_224/block_9_expand_BN/FusedBatchNormV3,4,550.656,137.664,550.656,137.664,0.0005698363443194592,0.9369852312602133,0.0,0.0
183,Device,FusedBatchNormV3,mobilenetv2_1.00_224/block_8_depthwise_BN/FusedBatchNormV3,4,550.112,137.528,550.112,137.528,0.0005692733958156569,0.937554504656029,0.0,0.0
184,Device,FusedBatchNormV3,mobilenetv2_1.00_224/block_7_depthwise_BN/FusedBatchNormV3,4,549.536,137.384,549.536,137.384,0.0005686773326939838,0.9381231819887229,0.0,0.0
185,Device,FusedBatchNormV3,mobilenetv2_1.00_224/block_7_expand_BN/FusedBatchNormV3,4,549.152,137.288,549.152,137.288,0.0005682799572795351,0.9386914619460024,0.0,0.0
186,Device,FusedBatchNormV3,mobilenetv2_1.00_224/block_10_expand_BN/FusedBatchNormV3,4,549.12,137.28,549.12,137.28,0.0005682468426616644,0.939259708788664,0.0,0.0
187,Device,FusedBatchNormV3,mobilenetv2_1.00_224/block_10_depthwise_BN/FusedBatchNormV3,4,548.768,137.192,548.768,137.192,0.0005678825818650864,0.9398275913705292,0.0,0.0
188,Device,Conv2D,mobilenetv2_1.00_224/block_11_expand/Conv2D,4,548.128,137.032,548.128,137.032,0.000567220289507672,0.9403948116600368,0.0,0.0
189,Device,Conv2DBackpropInput,gradient_tape/mobilenetv2_1.00_224/block_5_project/Conv2D/Conv2DBackpropInput,2,547.104,273.552,547.104,273.552,0.0005661606217358087,0.9409609722817726,0.0,0.0
190,Device,FusedBatchNormGradV3,gradient_tape/mobilenetv2_1.00_224/block_16_depthwise_BN/FusedBatchNormGradV3,2,544.704,272.352,544.704,272.352,0.0005636770253955041,0.9415246493071681,0.0,0.0
191,Device,Conv2D,mobilenetv2_1.00_224/block_12_expand/Conv2D,4,543.584,135.896,543.584,135.896,0.0005625180137700287,0.9420871673209381,0.0,0.0
192,Device,Conv2D,mobilenetv2_1.00_224/block_13_expand/Conv2D,4,542.688,135.672,542.688,135.672,0.0005615908044696484,0.9426487581254077,0.0,0.0
193,Device,FusedBatchNormGradV3,gradient_tape/mobilenetv2_1.00_224/block_14_expand_BN/FusedBatchNormGradV3,2,537.536,268.768,537.536,268.768,0.0005562593509924614,0.9432050174764002,0.0,0.0
194,Device,Conv2DBackpropFilter,gradient_tape/mobilenetv2_1.00_224/block_16_project/Conv2D/Conv2DBackpropFilter,4,535.904,133.976,535.904,133.976,0.0005545705054810545,0.9437595879818812,0.0,0.0
195,Device,Conv2D,mobilenetv2_1.00_224/block_6_expand/Conv2D,2,534.88,267.44,534.88,267.44,0.0005535108377091912,0.9443130988195904,0.0,0.0
196,Device,FusedBatchNormGradV3,gradient_tape/mobilenetv2_1.00_224/block_15_expand_BN/FusedBatchNormGradV3,2,534.752,267.376,534.752,267.376,0.0005533783792377082,0.9448664771988281,0.0,0.0
197,Device,FusedBatchNormGradV3,gradient_tape/mobilenetv2_1.00_224/block_16_expand_BN/FusedBatchNormGradV3,2,534.56,267.28,534.56,267.28,0.0005531796915304838,0.9454196568903586,0.0,0.0
198,Device,FusedBatchNormGradV3,gradient_tape/mobilenetv2_1.00_224/block_14_depthwise_BN/FusedBatchNormGradV3,2,533.632,266.816,533.632,266.816,0.0005522193676122328,0.9459718762579707,0.0,0.0
199,Device,FusedBatchNormGradV3,gradient_tape/mobilenetv2_1.00_224/block_15_depthwise_BN/FusedBatchNormGradV3,2,531.136,265.568,531.136,265.568,0.0005496364274183162,0.9465215126853891,0.0,0.0
200,Device,Conv2D,mobilenetv2_1.00_224/block_4_expand/Conv2D,2,528.192,264.096,528.192,264.096,0.0005465898825742093,0.9470681025679633,0.0,0.0
201,Device,Conv2D,mobilenetv2_1.00_224/block_5_expand/Conv2D,2,525.984,262.992,525.984,262.992,0.0005443049739411293,0.9476124075419043,0.0,0.0
202,Device,DepthwiseConv2dNative,mobilenetv2_1.00_224/block_6_depthwise/depthwise,2,519.616,259.808,519.616,259.808,0.0005377151649848547,0.9481501227068893,0.0,0.0
203,Device,DepthwiseConv2dNativeBackpropInput,gradient_tape/mobilenetv2_1.00_224/block_14_depthwise/depthwise/DepthwiseConv2dNativeBackpropInput,2,510.304,255.152,510.304,255.152,0.0005280788111844733,0.9486782015180737,0.0,0.0
204,Device,DepthwiseConv2dNativeBackpropInput,gradient_tape/mobilenetv2_1.00_224/block_15_depthwise/depthwise/DepthwiseConv2dNativeBackpropInput,2,508.832,254.416,508.832,254.416,0.0005265555387624199,0.9492047570568362,0.0,0.0
205,Device,DepthwiseConv2dNativeBackpropInput,gradient_tape/mobilenetv2_1.00_224/block_16_depthwise/depthwise/DepthwiseConv2dNativeBackpropInput,2,505.888,252.944,505.888,252.944,0.0005235089939183131,0.9497282660507544,0.0,0.0
206,Device,Conv2DBackpropInput,gradient_tape/mobilenetv2_1.00_224/block_15_expand/Conv2D/Conv2DBackpropInput,2,502.976,251.488,502.976,251.488,0.000520495563692077,0.9502487616144465,0.0,0.0
207,Device,Conv2DBackpropInput,gradient_tape/mobilenetv2_1.00_224/block_14_expand/Conv2D/Conv2DBackpropInput,2,502.24,251.12,502.24,251.12,0.0005197339274810503,0.9507684955419275,0.0,0.0
208,Device,Conv2DBackpropInput,gradient_tape/mobilenetv2_1.00_224/block_16_expand/Conv2D/Conv2DBackpropInput,2,502.176,251.088,502.176,251.088,0.0005196676982453088,0.9512881632401728,0.0,0.0
209,Device,Relu6Grad,gradient_tape/mobilenetv2_1.00_224/block_9_expand_relu/Relu6/Relu6Grad,2,497.44,248.72,497.44,248.72,0.0005147667348004414,0.9518029299749733,0.0,0.0
210,Device,Relu6Grad,gradient_tape/mobilenetv2_1.00_224/block_9_depthwise_relu/Relu6/Relu6Grad,2,495.296,247.648,495.296,247.648,0.0005125480554031026,0.9523154780303764,0.0,0.0
211,Device,Relu6Grad,gradient_tape/mobilenetv2_1.00_224/block_7_depthwise_relu/Relu6/Relu6Grad,2,494.88,247.44,494.88,247.44,0.0005121175653707833,0.9528275955957471,0.0,0.0
212,Device,Relu6,mobilenetv2_1.00_224/block_13_expand_relu/Relu6,2,494.432,247.216,494.432,247.216,0.0005116539607205931,0.9533392495564678,0.0,0.0
213,Device,Relu6,mobilenetv2_1.00_224/block_12_depthwise_relu/Relu6,2,494.4,247.2,494.4,247.2,0.0005116208461027223,0.9538508704025704,0.0,0.0
214,Device,Relu6Grad,gradient_tape/mobilenetv2_1.00_224/block_7_expand_relu/Relu6/Relu6Grad,2,493.92,246.96,493.92,246.96,0.0005111241268346614,0.9543619945294051,0.0,0.0
215,Device,Relu6,mobilenetv2_1.00_224/block_12_expand_relu/Relu6,2,493.76,246.88,493.76,246.88,0.0005109585537453078,0.9548729530831503,0.0,0.0
216,Device,Relu6Grad,gradient_tape/mobilenetv2_1.00_224/block_8_expand_relu/Relu6/Relu6Grad,2,493.728,246.864,493.728,246.864,0.0005109254391274371,0.9553838785222778,0.0,0.0
217,Device,Relu6,mobilenetv2_1.00_224/block_11_depthwise_relu/Relu6,2,493.632,246.816,493.632,246.816,0.0005108260952738249,0.9558947046175517,0.0,0.0
218,Device,Relu6,mobilenetv2_1.00_224/block_11_expand_relu/Relu6,2,492.736,246.368,492.736,246.368,0.0005098988859734445,0.9564046035035251,0.0,0.0
219,Device,Relu6Grad,gradient_tape/mobilenetv2_1.00_224/block_8_depthwise_relu/Relu6/Relu6Grad,2,492.704,246.352,492.704,246.352,0.0005098657713555738,0.9569144692748807,0.0,0.0
220,Device,Relu6,mobilenetv2_1.00_224/block_3_depthwise_relu/Relu6,2,491.584,245.792,491.584,245.792,0.0005087067597300984,0.9574231760346108,0.0,0.0
221,Device,Conv2D,mobilenetv2_1.00_224/block_15_project/Conv2D,2,491.296,245.648,491.296,245.648,0.0005084087281692619,0.9579315847627801,0.0,0.0
222,Device,Conv2D,mobilenetv2_1.00_224/block_14_project/Conv2D,2,490.272,245.136,490.272,245.136,0.0005073490603973986,0.9584389338231775,0.0,0.0
223,Device,Conv2DBackpropInput,gradient_tape/mobilenetv2_1.00_224/block_3_project/Conv2D/Conv2DBackpropInput,2,488.96,244.48,488.96,244.48,0.0005059913610646989,0.9589449251842421,0.0,0.0
224,Device,Relu6Grad,gradient_tape/mobilenetv2_1.00_224/block_10_depthwise_relu/Relu6/Relu6Grad,2,486.144,243.072,486.144,243.072,0.000503077274692075,0.9594480024589342,0.0,0.0
225,Device,AddN,SGD/gradients/AddN_9,2,485.248,242.624,485.248,242.624,0.0005021500653916946,0.9599501525243259,0.0,0.0
226,Device,Relu6Grad,gradient_tape/mobilenetv2_1.00_224/block_10_expand_relu/Relu6/Relu6Grad,2,479.552,239.776,479.552,239.776,0.0004962556634107053,0.9604464081877366,0.0,0.0
227,Device,AddV2,mobilenetv2_1.00_224/block_2_add/add,2,474.944,237.472,474.944,237.472,0.0004914871584373208,0.9609378953461739,0.0,0.0
228,Device,Conv2DBackpropInput,gradient_tape/mobilenetv2_1.00_224/block_10_project/Conv2D/Conv2DBackpropInput,2,469.248,234.624,469.248,234.624,0.0004855927564563314,0.9614234881026302,0.0,0.0
229,Device,Conv2D,mobilenetv2_1.00_224/block_5_project/Conv2D,2,468.544,234.272,468.544,234.272,0.0004848642348631754,0.9619083523374934,0.0,0.0
230,Device,Conv2D,mobilenetv2_1.00_224/block_4_project/Conv2D,2,453.792,226.896,453.792,226.896,0.00046959839602477054,0.9623779507335182,0.0,0.0
231,Device,Conv2DBackpropFilter,gradient_tape/mobilenetv2_1.00_224/block_14_project/Conv2D/Conv2DBackpropFilter,4,448.0,112.0,448.0,112.0,0.0004636046501901691,0.9628415553837083,0.0,0.0
232,Device,Conv2DBackpropFilter,gradient_tape/mobilenetv2_1.00_224/block_15_project/Conv2D/Conv2DBackpropFilter,4,447.616,111.904,447.616,111.904,0.0004632072747757204,0.963304762658484,0.0,0.0
233,Device,SoftmaxCrossEntropyWithLogits,categorical_crossentropy/softmax_cross_entropy_with_logits,6,447.296,74.54933333333334,447.296,74.54933333333334,0.0004628761285970131,0.9637676387870809,0.0,0.0
234,Device,Conv2DBackpropInput,gradient_tape/mobilenetv2_1.00_224/block_5_expand/Conv2D/Conv2DBackpropInput,2,446.528,223.264,446.528,223.264,0.0004620813777681157,0.9642297201648491,0.0,0.0
235,Device,Conv2DBackpropInput,gradient_tape/mobilenetv2_1.00_224/block_6_expand/Conv2D/Conv2DBackpropInput,2,445.952,222.976,445.952,222.976,0.0004614853146464426,0.9646912054794955,0.0,0.0
236,Device,Conv2DBackpropInput,gradient_tape/mobilenetv2_1.00_224/block_4_expand/Conv2D/Conv2DBackpropInput,2,443.488,221.744,443.488,221.744,0.0004589354890703967,0.9651501409685659,0.0,0.0
237,Device,FusedBatchNormGradV3,gradient_tape/mobilenetv2_1.00_224/block_6_depthwise_BN/FusedBatchNormGradV3,2,439.808,219.904,439.808,219.904,0.00045512730801526314,0.9656052682765811,0.0,0.0
238,Device,Conv2DBackpropFilter,gradient_tape/mobilenetv2_1.00_224/block_7_expand/Conv2D/Conv2DBackpropFilter,2,433.088,216.544,433.088,216.544,0.0004481732382624106,0.9660534415148435,0.0,0.0
239,Device,Conv2DBackpropFilter,gradient_tape/mobilenetv2_1.00_224/block_8_expand/Conv2D/Conv2DBackpropFilter,2,431.616,215.808,431.616,215.808,0.0004466499658403572,0.9665000914806838,0.0,0.0
240,Device,Conv2DBackpropFilter,gradient_tape/mobilenetv2_1.00_224/block_10_expand/Conv2D/Conv2DBackpropFilter,2,429.728,214.864,429.728,214.864,0.00044469620338598434,0.9669447876840698,0.0,0.0
241,Device,Conv2DBackpropFilter,gradient_tape/mobilenetv2_1.00_224/block_9_expand/Conv2D/Conv2DBackpropFilter,2,426.208,213.104,426.208,213.104,0.00044105359542020447,0.96738584127949,0.0,0.0
242,Device,Conv2D,mobilenetv2_1.00_224/block_10_project/Conv2D,2,423.392,211.696,423.392,211.696,0.0004381395090475805,0.9678239807885376,0.0,0.0
243,Device,DepthwiseConv2dNative,mobilenetv2_1.00_224/block_13_depthwise/depthwise,2,422.432,211.216,422.432,211.216,0.0004371460705114588,0.9682611268590491,0.0,0.0
244,Device,Relu6Grad,gradient_tape/mobilenetv2_1.00_224/out_relu/Relu6/Relu6Grad,2,414.177,207.0885,414.177,207.0885,0.0004286035339326198,0.9686897303929817,0.0,0.0
245,Device,Conv2DBackpropInput,gradient_tape/mobilenetv2_1.00_224/block_15_project/Conv2D/Conv2DBackpropInput,2,396.384,198.192,396.384,198.192,0.00041019077156468747,0.9690999211645464,0.0,0.0
246,Device,Conv2DBackpropInput,gradient_tape/mobilenetv2_1.00_224/block_14_project/Conv2D/Conv2DBackpropInput,2,394.688,197.344,394.688,197.344,0.00040843569681753896,0.9695083568613639,0.0,0.0
247,Device,Conv2DBackpropInput,gradient_tape/mobilenetv2_1.00_224/block_7_project/Conv2D/Conv2DBackpropInput,2,384.928,192.464,384.928,192.464,0.00039833573836696744,0.969906692599731,0.0,0.0
248,Device,Conv2DBackpropInput,gradient_tape/mobilenetv2_1.00_224/block_9_project/Conv2D/Conv2DBackpropInput,2,384.192,192.096,384.192,192.096,0.00039757410215594076,0.9703042667018869,0.0,0.0
249,Device,Conv2D,mobilenetv2_1.00_224/block_14_expand/Conv2D,2,383.232,191.616,383.232,191.616,0.000396580663619819,0.9707008473655067,0.0,0.0
250,Device,Conv2D,mobilenetv2_1.00_224/block_16_expand/Conv2D,2,383.072,191.536,383.072,191.536,0.0003964150905304653,0.9710972624560371,0.0,0.0
251,Device,Conv2DBackpropInput,gradient_tape/mobilenetv2_1.00_224/block_8_project/Conv2D/Conv2DBackpropInput,2,382.112,191.056,382.112,191.056,0.0003954216519943435,0.9714926841080315,0.0,0.0
252,Device,Conv2D,mobilenetv2_1.00_224/block_15_expand/Conv2D,2,381.952,190.976,381.952,190.976,0.0003952560789049899,0.9718879401869365,0.0,0.0
253,Device,FusedBatchNormGradV3,gradient_tape/mobilenetv2_1.00_224/block_4_project_BN/FusedBatchNormGradV3,2,381.024,190.512,381.024,190.512,0.00039429575498673884,0.9722822359419232,0.0,0.0
254,Device,FusedBatchNormGradV3,gradient_tape/mobilenetv2_1.00_224/block_5_project_BN/FusedBatchNormGradV3,2,379.872,189.936,379.872,189.936,0.0003931036287433927,0.9726753395706665,0.0,0.0
255,Device,FusedBatchNormGradV3,gradient_tape/mobilenetv2_1.00_224/block_3_project_BN/FusedBatchNormGradV3,2,379.616,189.808,379.616,189.808,0.0003928387118004268,0.973068178282467,0.0,0.0
256,Device,DepthwiseConv2dNative,mobilenetv2_1.00_224/block_10_depthwise/depthwise,2,378.624,189.312,378.624,189.312,0.0003918121586464344,0.9734599904411134,0.0,0.0
257,Device,Conv2D,mobilenetv2_1.00_224/block_3_project/Conv2D,2,378.624,189.312,378.624,189.312,0.0003918121586464344,0.9738518025997599,0.0,0.0
258,Device,DepthwiseConv2dNative,mobilenetv2_1.00_224/block_9_depthwise/depthwise,2,377.28,188.64,377.28,188.64,0.0003904213446958638,0.9742422239444558,0.0,0.0
259,Device,DepthwiseConv2dNative,mobilenetv2_1.00_224/block_7_depthwise/depthwise,2,376.16,188.08,376.16,188.08,0.00038926233307038846,0.9746314862775262,0.0,0.0
260,Device,DepthwiseConv2dNative,mobilenetv2_1.00_224/block_8_depthwise/depthwise,2,375.84,187.92,375.84,187.92,0.00038893118689168113,0.9750204174644178,0.0,0.0
261,Device,Conv2D,mobilenetv2_1.00_224/block_9_expand/Conv2D,2,365.664,182.832,365.664,182.832,0.00037840073840879015,0.9753988182028266,0.0,0.0
262,Device,Conv2D,mobilenetv2_1.00_224/block_7_expand/Conv2D,2,362.048,181.024,362.048,181.024,0.0003746587865893981,0.975773476989416,0.0,0.0
263,Device,Conv2D,mobilenetv2_1.00_224/block_8_expand/Conv2D,2,361.504,180.752,361.504,180.752,0.0003740958380855958,0.9761475728275015,0.0,0.0
264,Device,Conv2D,mobilenetv2_1.00_224/block_10_expand/Conv2D,2,361.408,180.704,361.408,180.704,0.0003739964942319836,0.9765215693217335,0.0,0.0
265,Device,DepthwiseConv2dNativeBackpropFilter,gradient_tape/mobilenetv2_1.00_224/block_16_depthwise/depthwise/DepthwiseConv2dNativeBackpropFilter,2,345.952,172.976,345.952,172.976,0.00035800213380042273,0.976879571455534,0.0,0.0
266,Device,DepthwiseConv2dNativeBackpropFilter,gradient_tape/mobilenetv2_1.00_224/block_14_depthwise/depthwise/DepthwiseConv2dNativeBackpropFilter,2,345.472,172.736,345.472,172.736,0.0003575054145323618,0.9772370768700663,0.0,0.0
267,Device,DepthwiseConv2dNativeBackpropFilter,gradient_tape/mobilenetv2_1.00_224/block_15_depthwise/depthwise/DepthwiseConv2dNativeBackpropFilter,2,345.28,172.64,345.28,172.64,0.00035730672682513745,0.9775943835968914,0.0,0.0
268,Device,Conv2D,mobilenetv2_1.00_224/block_13_project/Conv2D,2,339.488,169.744,339.488,169.744,0.000351312980990536,0.977945696577882,0.0,0.0
269,Device,Conv2DBackpropFilter,gradient_tape/mobilenetv2_1.00_224/block_13_project/Conv2D/Conv2DBackpropFilter,4,337.76,84.44,337.76,84.44,0.00034952479162551675,0.9782952213695075,0.0,0.0
270,Device,FusedBatchNormV3,mobilenetv2_1.00_224/Conv_1_bn/FusedBatchNormV3,4,337.696,84.424,337.696,84.424,0.00034945856238977535,0.9786446799318973,0.0,0.0
271,Device,Relu6,mobilenetv2_1.00_224/block_7_depthwise_relu/Relu6,2,331.488,165.744,331.488,165.744,0.0003430343265228544,0.9789877142584201,0.0,0.0
272,Device,Relu6,mobilenetv2_1.00_224/block_8_depthwise_relu/Relu6,2,331.232,165.616,331.232,165.616,0.00034276940957988865,0.979330483668,0.0,0.0
273,Device,Relu6,mobilenetv2_1.00_224/block_10_expand_relu/Relu6,2,330.976,165.488,330.976,165.488,0.0003425044926369228,0.979672988160637,0.0,0.0
274,Device,Relu6,mobilenetv2_1.00_224/block_9_depthwise_relu/Relu6,2,330.881,165.4405,330.881,165.4405,0.00034240618361511905,0.9800153943442521,0.0,0.0
275,Device,Relu6,mobilenetv2_1.00_224/block_9_expand_relu/Relu6,2,330.336,165.168,330.336,165.168,0.0003418422002795083,0.9803572365445317,0.0,0.0
276,Device,Relu6,mobilenetv2_1.00_224/block_10_depthwise_relu/Relu6,2,329.472,164.736,329.472,164.736,0.00034094810559699864,0.9806981846501287,0.0,0.0
277,Device,Relu6,mobilenetv2_1.00_224/block_7_expand_relu/Relu6,2,329.312,164.656,329.312,164.656,0.00034078253250764505,0.9810389671826364,0.0,0.0
278,Device,Relu6,mobilenetv2_1.00_224/block_8_expand_relu/Relu6,2,329.216,164.608,329.216,164.608,0.00034068318865403287,0.9813796503712904,0.0,0.0
279,Device,FusedBatchNormGradV3,gradient_tape/mobilenetv2_1.00_224/block_13_depthwise_BN/FusedBatchNormGradV3,2,321.984,160.992,321.984,160.992,0.00033319928501524866,0.9817128496563057,0.0,0.0
280,Device,Relu6Grad,gradient_tape/mobilenetv2_1.00_224/block_16_depthwise_relu/Relu6/Relu6Grad,2,311.136,155.568,311.136,155.568,0.00032197342955707245,0.9820348230858628,0.0,0.0
281,Device,Relu6Grad,gradient_tape/mobilenetv2_1.00_224/block_14_expand_relu/Relu6/Relu6Grad,2,308.768,154.384,308.768,154.384,0.00031952294783463866,0.9823543460336974,0.0,0.0
282,Device,Relu6Grad,gradient_tape/mobilenetv2_1.00_224/block_15_depthwise_relu/Relu6/Relu6Grad,2,308.672,154.336,308.672,154.336,0.00031942360398102654,0.9826737696376785,0.0,0.0
283,Device,Relu6Grad,gradient_tape/mobilenetv2_1.00_224/block_14_depthwise_relu/Relu6/Relu6Grad,2,308.48,154.24,308.48,154.24,0.00031922491627380217,0.9829929945539523,0.0,0.0
284,Device,Relu6Grad,gradient_tape/mobilenetv2_1.00_224/block_15_expand_relu/Relu6/Relu6Grad,2,307.072,153.536,307.072,153.536,0.0003177678730874902,0.9833107624270397,0.0,0.0
285,Device,Relu6Grad,gradient_tape/mobilenetv2_1.00_224/block_16_expand_relu/Relu6/Relu6Grad,2,296.128,148.064,296.128,148.064,0.00030644267377570177,0.9836172051008154,0.0,0.0
286,Device,Transpose,gradient_tape/mobilenetv2_1.00_224/out_relu/Relu6/Relu6Grad-0-TransposeNHWCToNCHW-LayoutOptimizer,2,295.968,147.984,295.968,147.984,0.0003062771006863482,0.9839234822015017,0.0,0.0
287,Device,Conv2DBackpropFilter,gradient_tape/mobilenetv2_1.00_224/block_6_project/Conv2D/Conv2DBackpropFilter,2,285.024,142.512,285.024,142.512,0.00029495190137455974,0.9842184341028762,0.0,0.0
288,Device,Conv2DBackpropInput,gradient_tape/mobilenetv2_1.00_224/block_13_project/Conv2D/Conv2DBackpropInput,2,282.88,141.44,282.88,141.44,0.00029273322197722105,0.9845111673248534,0.0,0.0
289,Device,RealDiv,gradient_tape/mobilenetv2_1.00_224/global_average_pooling2d/truediv,2,277.92,138.96,277.92,138.96,0.0002876004562072585,0.9847987677810607,0.0,0.0
290,Device,Transpose,mobilenetv2_1.00_224/out_relu/Relu6-0-0-TransposeNCHWToNHWC-LayoutOptimizer,2,277.28,138.64,277.28,138.64,0.00028693816384984394,0.9850857059449105,0.0,0.0
291,Device,FusedBatchNormV3,mobilenetv2_1.00_224/block_6_depthwise_BN/FusedBatchNormV3,4,276.192,69.048,276.192,69.048,0.00028581226684223926,0.9853715182117527,0.0,0.0
292,Device,Relu6,mobilenetv2_1.00_224/out_relu/Relu6,2,273.632,136.816,273.632,136.816,0.00028316309741258116,0.9856546813091653,0.0,0.0
293,Device,FusedBatchNormV3,mobilenetv2_1.00_224/block_16_expand_BN/FusedBatchNormV3,4,255.584,63.896,255.584,63.896,0.00026448645293349147,0.9859191677620989,0.0,0.0
294,Device,FusedBatchNormV3,mobilenetv2_1.00_224/block_15_expand_BN/FusedBatchNormV3,4,254.336,63.584,254.336,63.584,0.00026319498283653315,0.9861823627449354,0.0,0.0
295,Device,FusedBatchNormV3,mobilenetv2_1.00_224/block_14_expand_BN/FusedBatchNormV3,4,252.864,63.216,252.864,63.216,0.00026167171041447973,0.9864440344553499,0.0,0.0
296,Device,FusedBatchNormV3,mobilenetv2_1.00_224/block_16_depthwise_BN/FusedBatchNormV3,4,252.224,63.056,252.224,63.056,0.0002610094180570652,0.986705043873407,0.0,0.0
297,Device,FusedBatchNormV3,mobilenetv2_1.00_224/block_14_depthwise_BN/FusedBatchNormV3,4,251.296,62.824,251.296,62.824,0.00026004909413881414,0.9869650929675458,0.0,0.0
298,Device,FusedBatchNormV3,mobilenetv2_1.00_224/block_15_depthwise_BN/FusedBatchNormV3,4,250.176,62.544,250.176,62.544,0.00025889008251333873,0.9872239830500591,0.0,0.0
299,Device,Relu6Grad,gradient_tape/mobilenetv2_1.00_224/block_6_depthwise_relu/Relu6/Relu6Grad,2,249.888,124.944,249.888,124.944,0.0002585920509525022,0.9874825751010116,0.0,0.0
300,Device,Conv2DBackpropInput,gradient_tape/mobilenetv2_1.00_224/block_7_expand/Conv2D/Conv2DBackpropInput,2,245.088,122.544,245.088,122.544,0.0002536248582718932,0.9877361999592834,0.0,0.0
301,Device,Conv2DBackpropInput,gradient_tape/mobilenetv2_1.00_224/block_8_expand/Conv2D/Conv2DBackpropInput,2,244.608,122.304,244.608,122.304,0.00025312813900383235,0.9879893280982872,0.0,0.0
302,Device,Conv2DBackpropInput,gradient_tape/mobilenetv2_1.00_224/block_10_expand/Conv2D/Conv2DBackpropInput,2,242.08,121.04,242.08,121.04,0.000250512084192045,0.9882398401824792,0.0,0.0
303,Device,Conv2DBackpropInput,gradient_tape/mobilenetv2_1.00_224/block_9_expand/Conv2D/Conv2DBackpropInput,2,241.088,120.544,241.088,120.544,0.0002494855310380524,0.9884893257135173,0.0,0.0
304,Device,Conv2D,mobilenetv2_1.00_224/block_8_project/Conv2D,2,231.328,115.664,231.328,115.664,0.0002393855725874809,0.9887287112861048,0.0,0.0
305,Device,Conv2D,mobilenetv2_1.00_224/block_7_project/Conv2D,2,230.688,115.344,230.688,115.344,0.00023872328023006635,0.988967434566335,0.0,0.0
306,Device,Conv2D,mobilenetv2_1.00_224/block_9_project/Conv2D,2,228.608,114.304,228.608,114.304,0.00023657083006846914,0.9892040053964034,0.0,0.0
307,Device,FusedBatchNormGradV3,gradient_tape/mobilenetv2_1.00_224/block_10_project_BN/FusedBatchNormGradV3,2,219.936,109.968,219.936,109.968,0.0002275967686255023,0.9894316021650289,0.0,0.0
308,Device,FusedBatchNormV3,mobilenetv2_1.00_224/block_5_project_BN/FusedBatchNormV3,4,219.296,54.824,219.296,54.824,0.00022693447626808777,0.989658536641297,0.0,0.0
309,Device,FusedBatchNormGradV3,gradient_tape/mobilenetv2_1.00_224/block_11_project_BN/FusedBatchNormGradV3,2,219.136,109.568,219.136,109.568,0.00022676890317873413,0.9898853055444757,0.0,0.0
310,Device,DepthwiseConv2dNative,mobilenetv2_1.00_224/block_15_depthwise/depthwise,2,218.976,109.488,218.976,109.488,0.0002266033300893805,0.9901119088745651,0.0,0.0
311,Device,FusedBatchNormV3,mobilenetv2_1.00_224/block_4_project_BN/FusedBatchNormV3,4,217.536,54.384,217.536,54.384,0.00022511317228519784,0.9903370220468504,0.0,0.0
312,Device,DepthwiseConv2dNative,mobilenetv2_1.00_224/block_16_depthwise/depthwise,2,217.312,108.656,217.312,108.656,0.00022488136996010275,0.9905619034168105,0.0,0.0
313,Device,DepthwiseConv2dNative,mobilenetv2_1.00_224/block_14_depthwise/depthwise,2,217.248,108.624,217.248,108.624,0.0002248151407243613,0.9907867185575349,0.0,0.0
314,Device,FusedBatchNormGradV3,gradient_tape/mobilenetv2_1.00_224/block_12_project_BN/FusedBatchNormGradV3,2,215.808,107.904,215.808,107.904,0.0002233249829201786,0.9910100435404551,0.0,0.0
315,Device,FusedBatchNormV3,mobilenetv2_1.00_224/block_3_project_BN/FusedBatchNormV3,4,215.36,53.84,215.36,53.84,0.00022286137826998845,0.9912329049187251,0.0,0.0
316,Device,Conv2DBackpropInput,gradient_tape/mobilenetv2_1.00_224/block_6_project/Conv2D/Conv2DBackpropInput,2,207.168,103.584,207.168,103.584,0.0002143840360950825,0.9914472889548201,0.0,0.0
317,Device,Relu6,mobilenetv2_1.00_224/block_16_depthwise_relu/Relu6,2,205.344,102.672,205.344,102.672,0.00021249650287645107,0.9916597854576966,0.0,0.0
318,Device,Relu6,mobilenetv2_1.00_224/block_14_expand_relu/Relu6,2,205.248,102.624,205.248,102.624,0.0002123971590228389,0.9918721826167195,0.0,0.0
319,Device,Relu6,mobilenetv2_1.00_224/block_14_depthwise_relu/Relu6,2,205.152,102.576,205.152,102.576,0.0002122978151692267,0.9920844804318887,0.0,0.0
320,Device,Relu6,mobilenetv2_1.00_224/block_16_expand_relu/Relu6,2,204.64,102.32,204.64,102.32,0.0002117679812832951,0.992296248413172,0.0,0.0
321,Device,Relu6,mobilenetv2_1.00_224/block_15_expand_relu/Relu6,2,204.608,102.304,204.608,102.304,0.00021173486666542437,0.9925079832798374,0.0,0.0
322,Device,Relu6,mobilenetv2_1.00_224/block_15_depthwise_relu/Relu6,2,204.288,102.144,204.288,102.144,0.00021140372048671712,0.992719387000324,0.0,0.0
323,Device,ArgMax,ArgMax,2,192.064,96.032,192.064,96.032,0.00019875393646009962,0.9929181409367841,0.0,0.0
324,Device,Relu6Grad,gradient_tape/mobilenetv2_1.00_224/block_13_depthwise_relu/Relu6/Relu6Grad,2,183.2,91.6,183.2,91.6,0.00018958118730990841,0.993107722124094,0.0,0.0
325,Device,FusedBatchNormGradV3,gradient_tape/mobilenetv2_1.00_224/block_16_project_BN/FusedBatchNormGradV3,2,176.448,88.224,176.448,88.224,0.00018259400293918517,0.9932903161270332,0.0,0.0
326,Device,Relu6,mobilenetv2_1.00_224/block_6_depthwise_relu/Relu6,2,166.848,83.424,166.848,83.424,0.00017265961757796728,0.9934629757446112,0.0,0.0
327,Device,AddN,SGD/gradients/AddN_7,2,164.032,82.016,164.032,82.016,0.00016974553120534337,0.9936327212758165,0.0,0.0
328,Device,AddN,SGD/gradients/AddN_8,2,163.904,81.952,163.904,81.952,0.00016961307273386043,0.9938023343485504,0.0,0.0
329,Device,AddV2,mobilenetv2_1.00_224/block_4_add/add,2,161.728,80.864,161.728,80.864,0.00016736127871865106,0.993969695627269,0.0,0.0
330,Device,AddV2,mobilenetv2_1.00_224/block_5_add/add,2,161.376,80.688,161.376,80.688,0.00016699701792207306,0.9941366926451911,0.0,0.0
331,Device,FusedBatchNormGradV3,gradient_tape/mobilenetv2_1.00_224/block_7_project_BN/FusedBatchNormGradV3,2,157.248,78.624,157.248,78.624,0.00016272523221674934,0.9942994178774078,0.0,0.0
332,Device,FusedBatchNormGradV3,gradient_tape/mobilenetv2_1.00_224/block_6_project_BN/FusedBatchNormGradV3,2,156.64,78.32,156.64,78.32,0.00016209605447720554,0.9944615139318851,0.0,0.0
333,Device,FusedBatchNormV3,mobilenetv2_1.00_224/block_13_depthwise_BN/FusedBatchNormV3,4,156.64,39.16,156.64,39.16,0.00016209605447720554,0.9946236099863623,0.0,0.0
334,Device,FusedBatchNormGradV3,gradient_tape/mobilenetv2_1.00_224/block_8_project_BN/FusedBatchNormGradV3,2,155.776,77.888,155.776,77.888,0.00016120195979469595,0.9947848119461571,0.0,0.0
335,Device,ArgMax,ArgMax_1,2,150.336,75.168,150.336,75.168,0.00015557247475667249,0.9949403844209138,0.0,0.0
336,Device,FusedBatchNormGradV3,gradient_tape/mobilenetv2_1.00_224/block_9_project_BN/FusedBatchNormGradV3,2,149.024,74.512,149.024,74.512,0.00015421477542397268,0.9950945991963378,0.0,0.0
337,Device,BroadcastTo,gradient_tape/mobilenetv2_1.00_224/global_average_pooling2d/BroadcastTo,2,146.88,73.44,146.88,73.44,0.00015199609602663402,0.9952465952923645,0.0,0.0
338,Device,Mean,mobilenetv2_1.00_224/global_average_pooling2d/Mean,2,144.224,72.112,144.224,72.112,0.0001492475827433637,0.9953958428751079,0.0,0.0
339,Device,FusedBatchNormV3,mobilenetv2_1.00_224/block_12_project_BN/FusedBatchNormV3,4,142.304,35.576,142.304,35.576,0.00014726070567112014,0.995543103580779,0.0,0.0
340,Device,FusedBatchNormV3,mobilenetv2_1.00_224/block_11_project_BN/FusedBatchNormV3,4,141.888,35.472,141.888,35.472,0.0001468302156388007,0.9956899337964178,0.0,0.0
341,Device,FusedBatchNormV3,mobilenetv2_1.00_224/block_10_project_BN/FusedBatchNormV3,4,140.896,35.224,140.896,35.224,0.00014580366248480818,0.9958357374589026,0.0,0.0
342,Device,Conv2D,mobilenetv2_1.00_224/block_6_project/Conv2D,2,136.832,68.416,136.832,68.416,0.00014159810601522592,0.9959773355649179,0.0,0.0
343,Device,AddV2,mobilenetv2_1.00_224/block_12_add/add,2,123.552,61.776,123.552,61.776,0.0001278555395988745,0.9961051911045167,0.0,0.0
344,Device,AddV2,mobilenetv2_1.00_224/block_11_add/add,2,122.304,61.152,122.304,61.152,0.00012656406950191617,0.9962317551740186,0.0,0.0
345,Device,Relu6,mobilenetv2_1.00_224/block_13_depthwise_relu/Relu6,2,120.736,60.368,120.736,60.368,0.00012494145322625058,0.9963566966272449,0.0,0.0
346,Device,AddN,SGD/gradients/AddN_2,2,119.552,59.776,119.552,59.776,0.0001237162123650337,0.99648041283961,0.0,0.0
347,Device,AddN,SGD/gradients/AddN_3,2,119.104,59.552,119.104,59.552,0.00012325260771484353,0.9966036654473248,0.0,0.0
348,Device,FusedBatchNormV3,mobilenetv2_1.00_224/block_8_project_BN/FusedBatchNormV3,4,100.576,25.144,100.576,25.144,0.00010407924396769296,0.9967077446912925,0.0,0.0
349,Device,FusedBatchNormV3,mobilenetv2_1.00_224/block_9_project_BN/FusedBatchNormV3,4,99.936,24.984,99.936,24.984,0.00010341695161027844,0.9968111616429028,0.0,0.0
350,Device,FusedBatchNormV3,mobilenetv2_1.00_224/block_7_project_BN/FusedBatchNormV3,4,98.304,24.576,98.304,24.576,0.00010172810609887139,0.9969128897490017,0.0,0.0
351,Device,FusedBatchNormV3,mobilenetv2_1.00_224/block_16_project_BN/FusedBatchNormV3,4,98.048,24.512,98.048,24.512,0.00010146318915590558,0.9970143529381577,0.0,0.0
352,Device,FusedBatchNormV3,mobilenetv2_1.00_224/block_6_project_BN/FusedBatchNormV3,4,95.168,23.792,95.168,23.792,9.848287354754021e-05,0.9971128358117052,0.0,0.0
353,Device,FusedBatchNormGradV3,gradient_tape/mobilenetv2_1.00_224/block_13_project_BN/FusedBatchNormGradV3,2,87.328,43.664,87.328,43.664,9.036979216921225e-05,0.9972032056038744,0.0,0.0
354,Device,FusedBatchNormGradV3,gradient_tape/mobilenetv2_1.00_224/block_14_project_BN/FusedBatchNormGradV3,2,86.496,43.248,86.496,43.248,8.950881210457335e-05,0.997292714415979,0.0,0.0
355,Device,FusedBatchNormGradV3,gradient_tape/mobilenetv2_1.00_224/block_15_project_BN/FusedBatchNormGradV3,2,86.432,43.216,86.432,43.216,8.944258286883191e-05,0.9973821569988478,0.0,0.0
356,Device,AddV2,mobilenetv2_1.00_224/block_8_add/add,2,83.552,41.776,83.552,41.776,8.646226726046654e-05,0.9974686192661083,0.0,0.0
357,Device,AddV2,mobilenetv2_1.00_224/block_7_add/add,2,83.072,41.536,83.072,41.536,8.596554799240564e-05,0.9975545848141008,0.0,0.0
358,Device,AddV2,mobilenetv2_1.00_224/block_9_add/add,2,82.944,41.472,82.944,41.472,8.583308952092274e-05,0.9976404179036217,0.0,0.0
359,Device,AddN,SGD/gradients/AddN_4,2,82.88,41.44,82.88,41.44,8.576686028518127e-05,0.9977261847639068,0.0,0.0
360,Device,AddN,SGD/gradients/AddN_6,2,82.72,41.36,82.72,41.36,8.560128719582765e-05,0.9978117860511027,0.0,0.0
361,Device,AddN,SGD/gradients/AddN_5,2,82.112,41.056,82.112,41.056,8.497210945628385e-05,0.9978967581605589,0.0,0.0
362,Device,ResourceApplyGradientDescent,SGD/SGD/update_156/ResourceApplyGradientDescent,2,63.36,31.68,63.36,31.68,6.55669433840382e-05,0.9979623251039429,0.0,0.0
363,Device,MatMul,gradient_tape/mobilenetv2_1.00_224/predictions/MatMul/MatMul_1,2,55.264,27.632,55.264,27.632,5.7188945062744433e-05,0.9980195140490057,0.0,0.0
364,Device,MatMul,mobilenetv2_1.00_224/predictions/MatMul,2,51.936,25.968,51.936,25.968,5.374502480418889e-05,0.9980732590738098,0.0,0.0
365,Device,AddN,SGD/gradients/AddN_1,2,47.744,23.872,47.744,23.872,4.9407009863123735e-05,0.998122666083673,0.0,0.0
366,Device,AddN,SGD/gradients/AddN,2,47.136,23.568,47.136,23.568,4.877783212357994e-05,0.9981714439157965,0.0,0.0
367,Device,FusedBatchNormV3,mobilenetv2_1.00_224/block_15_project_BN/FusedBatchNormV3,4,46.912,11.728,46.912,11.728,4.854602979848485e-05,0.998219989945595,0.0,0.0
368,Device,FusedBatchNormV3,mobilenetv2_1.00_224/block_14_project_BN/FusedBatchNormV3,4,45.952,11.488,45.952,11.488,4.755259126236306e-05,0.9982675425368573,0.0,0.0
369,Device,_Recv,IteratorGetNext/_4,2,45.088,22.544,45.088,22.544,4.665849657985345e-05,0.9983142010334372,0.0,0.0
370,Device,FusedBatchNormV3,mobilenetv2_1.00_224/block_13_project_BN/FusedBatchNormV3,4,43.968,10.992,43.968,10.992,4.5499484954378025e-05,0.9983597005183915,0.0,0.0
371,Device,MatMul,gradient_tape/mobilenetv2_1.00_224/predictions/MatMul/MatMul,2,43.04,21.52,43.04,21.52,4.453916103612696e-05,0.9984042396794276,0.0,0.0
372,Device,AddV2,mobilenetv2_1.00_224/block_15_add/add,2,33.6,16.8,33.6,16.8,3.477034876426268e-05,0.9984390100281919,0.0,0.0
373,Device,AddV2,mobilenetv2_1.00_224/block_14_add/add,2,32.832,16.416,32.832,16.416,3.397559793536525e-05,0.9984729856261273,0.0,0.0
374,Device,Softmax,mobilenetv2_1.00_224/predictions/Softmax,2,32.128,16.064,32.128,16.064,3.324707634220927e-05,0.9985062327024695,0.0,0.0
375,Device,ResourceApplyGradientDescent,SGD/SGD/update_153/ResourceApplyGradientDescent,2,24.384,12.192,24.384,12.192,2.523333881749349e-05,0.9985314660412871,0.0,0.0
376,Device,ResourceApplyGradientDescent,SGD/SGD/update_150/ResourceApplyGradientDescent,2,21.824,10.912,21.824,10.912,2.2584169387835382e-05,0.9985540502106749,0.0,0.0
377,Device,ResourceApplyGradientDescent,SGD/SGD/update_126/ResourceApplyGradientDescent,2,13.824,6.912,13.824,6.912,1.4305514920153789e-05,0.998568355725595,0.0,0.0
378,Device,ResourceApplyGradientDescent,SGD/SGD/update_132/ResourceApplyGradientDescent,2,13.792,6.896,13.792,6.896,1.4272400302283063e-05,0.9985826281258973,0.0,0.0
379,Device,ResourceApplyGradientDescent,SGD/SGD/update_135/ResourceApplyGradientDescent,2,13.696,6.848,13.696,6.848,1.4173056448670883e-05,0.998596801182346,0.0,0.0
380,Device,ResourceApplyGradientDescent,SGD/SGD/update_141/ResourceApplyGradientDescent,2,13.632,6.816,13.632,6.816,1.4106827212929432e-05,0.9986109080095589,0.0,0.0
381,Device,ResourceApplyGradientDescent,SGD/SGD/update_144/ResourceApplyGradientDescent,2,13.504,6.752,13.504,6.752,1.3974368741446525e-05,0.9986248823783003,0.0,0.0
382,Device,DynamicStitch,gradient_tape/mobilenetv2_1.00_224/global_average_pooling2d/DynamicStitch,2,12.16,6.08,12.16,6.08,1.2583554790876018e-05,0.9986374659330911,0.0,0.0
383,Device,ResourceApplyGradientDescent,SGD/SGD/update_123/ResourceApplyGradientDescent,2,11.744,5.872,11.744,5.872,1.2153064758556575e-05,0.9986496189978497,0.0,0.0
384,Device,ResourceApplyGradientDescent,SGD/SGD/update_105/ResourceApplyGradientDescent,2,10.144,5.072,10.144,5.072,1.0497333865020258e-05,0.9986601163317147,0.0,0.0
385,Device,ResourceApplyGradientDescent,SGD/SGD/update_108/ResourceApplyGradientDescent,2,9.76,4.88,9.76,4.88,1.0099958450571541e-05,0.9986702162901653,0.0,0.0
386,Device,ResourceApplyGradientDescent,SGD/SGD/update_114/ResourceApplyGradientDescent,2,9.76,4.88,9.76,4.88,1.0099958450571541e-05,0.9986803162486159,0.0,0.0
387,Device,ResourceApplyGradientDescent,SGD/SGD/update_96/ResourceApplyGradientDescent,2,9.696,4.848,9.696,4.848,1.0033729214830088e-05,0.9986903499778307,0.0,0.0
388,Device,ResourceApplyGradientDescent,SGD/SGD/update_99/ResourceApplyGradientDescent,2,9.504,4.752,9.504,4.752,9.835041507605729e-06,0.9987001850193383,0.0,0.0
389,Device,ResourceApplyGradientDescent,SGD/SGD/update_90/ResourceApplyGradientDescent,2,9.44,4.72,9.44,4.72,9.768812271864277e-06,0.9987099538316102,0.0,0.0
390,Device,ResourceApplyGradientDescent,SGD/SGD/update_117/ResourceApplyGradientDescent,2,9.376,4.688,9.376,4.688,9.702583036122824e-06,0.9987196564146463,0.0,0.0
391,Device,ResourceApplyGradientDescent,SGD/SGD/update_69/ResourceApplyGradientDescent,2,9.248,4.624,9.248,4.624,9.570124564639919e-06,0.9987292265392109,0.0,0.0
392,Device,ResourceApplyGradientDescent,SGD/SGD/update_78/ResourceApplyGradientDescent,2,9.216,4.608,9.216,4.608,9.537009946769193e-06,0.9987387635491577,0.0,0.0
393,Device,ResourceApplyGradientDescent,SGD/SGD/update_72/ResourceApplyGradientDescent,2,9.184,4.592,9.184,4.592,9.503895328898465e-06,0.9987482674444866,0.0,0.0
394,Device,ResourceApplyGradientDescent,SGD/SGD/update_51/ResourceApplyGradientDescent,2,9.12,4.56,9.12,4.56,9.437666093157014e-06,0.9987577051105798,0.0,0.0
395,Device,ResourceApplyGradientDescent,SGD/SGD/update_60/ResourceApplyGradientDescent,2,9.12,4.56,9.12,4.56,9.437666093157014e-06,0.998767142776673,0.0,0.0
396,Device,ResourceApplyGradientDescent,SGD/SGD/update_63/ResourceApplyGradientDescent,2,9.12,4.56,9.12,4.56,9.437666093157014e-06,0.9987765804427662,0.0,0.0
397,Device,BiasAdd,mobilenetv2_1.00_224/predictions/BiasAdd,2,9.12,4.56,9.12,4.56,9.437666093157014e-06,0.9987860181088594,0.0,0.0
398,Device,ResourceApplyGradientDescent,SGD/SGD/update_45/ResourceApplyGradientDescent,2,8.992,4.496,8.992,4.496,9.305207621674109e-06,0.998795323316481,0.0,0.0
399,Device,ResourceApplyGradientDescent,SGD/SGD/update_87/ResourceApplyGradientDescent,2,8.992,4.496,8.992,4.496,9.305207621674109e-06,0.9988046285241027,0.0,0.0
400,Device,ResourceApplyGradientDescent,SGD/SGD/update_54/ResourceApplyGradientDescent,2,8.96,4.48,8.96,4.48,9.272093003803383e-06,0.9988139006171065,0.0,0.0
401,Device,ResourceApplyGradientDescent,SGD/SGD/update_81/ResourceApplyGradientDescent,2,8.96,4.48,8.96,4.48,9.272093003803383e-06,0.9988231727101103,0.0,0.0
402,Device,ResourceApplyGradientDescent,SGD/SGD/update_120/ResourceApplyGradientDescent,2,8.864,4.432,8.864,4.432,9.172749150191203e-06,0.9988323454592606,0.0,0.0
403,Device,ResourceApplyGradientDescent,SGD/SGD/update_93/ResourceApplyGradientDescent,2,8.864,4.432,8.864,4.432,9.172749150191203e-06,0.9988415182084108,0.0,0.0
404,Device,ResourceApplyGradientDescent,SGD/SGD/update_42/ResourceApplyGradientDescent,2,8.832,4.416,8.832,4.416,9.139634532320477e-06,0.9988506578429431,0.0,0.0
405,Device,ResourceApplyGradientDescent,SGD/SGD/update_36/ResourceApplyGradientDescent,2,8.8,4.4,8.8,4.4,9.106519914449752e-06,0.9988597643628576,0.0,0.0
406,Device,ResourceApplyGradientDescent,SGD/SGD/update_147/ResourceApplyGradientDescent,2,8.768,4.384,8.768,4.384,9.073405296579024e-06,0.9988688377681542,0.0,0.0
407,Device,ResourceApplyGradientDescent,SGD/SGD/update_33/ResourceApplyGradientDescent,2,8.768,4.384,8.768,4.384,9.073405296579024e-06,0.9988779111734507,0.0,0.0
408,Device,Mul,gradient_tape/categorical_crossentropy/softmax_cross_entropy_with_logits/mul,2,8.608,4.304,8.608,4.304,8.907832207225393e-06,0.9988868190056579,0.0,0.0
409,Device,ResourceApplyGradientDescent,SGD/SGD/update_102/ResourceApplyGradientDescent,2,8.48,4.24,8.48,4.24,8.775373735742486e-06,0.9988955943793937,0.0,0.0
410,Device,ResourceApplyGradientDescent,SGD/SGD/update_66/ResourceApplyGradientDescent,2,8.48,4.24,8.48,4.24,8.775373735742486e-06,0.9989043697531295,0.0,0.0
411,Device,ResourceApplyGradientDescent,SGD/SGD/update_75/ResourceApplyGradientDescent,2,8.416,4.208,8.416,4.208,8.709144500001034e-06,0.9989130788976295,0.0,0.0
412,Device,ResourceApplyGradientDescent,SGD/SGD/update_111/ResourceApplyGradientDescent,2,8.352,4.176,8.352,4.176,8.642915264259581e-06,0.9989217218128937,0.0,0.0
413,Device,ResourceApplyGradientDescent,SGD/SGD/update_84/ResourceApplyGradientDescent,2,8.224,4.112,8.224,4.112,8.510456792776676e-06,0.9989302322696865,0.0,0.0
414,Device,ResourceApplyGradientDescent,SGD/SGD/update_138/ResourceApplyGradientDescent,2,8.16,4.08,8.16,4.08,8.444227557035222e-06,0.9989386764972435,0.0,0.0
415,Device,ResourceApplyGradientDescent,SGD/SGD/update_129/ResourceApplyGradientDescent,2,8.128,4.064,8.128,4.064,8.411112939164497e-06,0.9989470876101827,0.0,0.0
416,Device,ResourceApplyGradientDescent,SGD/SGD/update_48/ResourceApplyGradientDescent,2,8.0,4.0,8.0,4.0,8.278654467681591e-06,0.9989553662646504,0.0,0.0
417,Device,ResourceApplyGradientDescent,SGD/SGD/update_94/ResourceApplyGradientDescent,2,7.968,3.984,7.968,3.984,8.245539849810864e-06,0.9989636118045002,0.0,0.0
418,Device,ResourceApplyGradientDescent,SGD/SGD/update_68/ResourceApplyGradientDescent,2,7.936,3.968,7.936,3.968,8.212425231940138e-06,0.9989718242297322,0.0,0.0
419,Device,BiasAddGrad,gradient_tape/mobilenetv2_1.00_224/predictions/BiasAdd/BiasAddGrad,2,7.904,3.952,7.904,3.952,8.179310614069412e-06,0.9989800035403462,0.0,0.0
420,Device,ResourceApplyGradientDescent,SGD/SGD/update_112/ResourceApplyGradientDescent,2,7.872,3.936,7.872,3.936,8.146195996198686e-06,0.9989881497363424,0.0,0.0
421,Device,ResourceApplyGradientDescent,SGD/SGD/update_64/ResourceApplyGradientDescent,2,7.872,3.936,7.872,3.936,8.146195996198686e-06,0.9989962959323386,0.0,0.0
422,Device,ResourceApplyGradientDescent,SGD/SGD/update_83/ResourceApplyGradientDescent,2,7.872,3.936,7.872,3.936,8.146195996198686e-06,0.9990044421283348,0.0,0.0
423,Device,ResourceApplyGradientDescent,SGD/SGD/update_76/ResourceApplyGradientDescent,2,7.808,3.904,7.808,3.904,8.079966760457233e-06,0.9990125220950953,0.0,0.0
424,Device,ResourceApplyGradientDescent,SGD/SGD/update_88/ResourceApplyGradientDescent,2,7.808,3.904,7.808,3.904,8.079966760457233e-06,0.9990206020618557,0.0,0.0
425,Device,ResourceApplyGradientDescent,SGD/SGD/update_61/ResourceApplyGradientDescent,2,7.744,3.872,7.744,3.872,8.01373752471578e-06,0.9990286157993804,0.0,0.0
426,Device,ResourceApplyGradientDescent,SGD/SGD/update_74/ResourceApplyGradientDescent,2,7.744,3.872,7.744,3.872,8.01373752471578e-06,0.9990366295369051,0.0,0.0
427,Device,ResourceApplyGradientDescent,SGD/SGD/update_55/ResourceApplyGradientDescent,2,7.712,3.856,7.712,3.856,7.980622906845054e-06,0.9990446101598119,0.0,0.0
428,Device,ResourceApplyGradientDescent,SGD/SGD/update_57/ResourceApplyGradientDescent,2,7.712,3.856,7.712,3.856,7.980622906845054e-06,0.9990525907827188,0.0,0.0
429,Device,ResourceApplyGradientDescent,SGD/SGD/update_58/ResourceApplyGradientDescent,2,7.712,3.856,7.712,3.856,7.980622906845054e-06,0.9990605714056257,0.0,0.0
430,Device,ResourceApplyGradientDescent,SGD/SGD/update_70/ResourceApplyGradientDescent,2,7.712,3.856,7.712,3.856,7.980622906845054e-06,0.9990685520285325,0.0,0.0
431,Device,ResourceApplyGradientDescent,SGD/SGD/update_73/ResourceApplyGradientDescent,2,7.712,3.856,7.712,3.856,7.980622906845054e-06,0.9990765326514394,0.0,0.0
432,Device,ResourceApplyGradientDescent,SGD/SGD/update_82/ResourceApplyGradientDescent,2,7.712,3.856,7.712,3.856,7.980622906845054e-06,0.9990845132743462,0.0,0.0
433,Device,ResourceApplyGradientDescent,SGD/SGD/update_100/ResourceApplyGradientDescent,2,7.68,3.84,7.68,3.84,7.947508288974328e-06,0.9990924607826351,0.0,0.0
434,Device,ResourceApplyGradientDescent,SGD/SGD/update_101/ResourceApplyGradientDescent,2,7.68,3.84,7.68,3.84,7.947508288974328e-06,0.9991004082909241,0.0,0.0
435,Device,ResourceApplyGradientDescent,SGD/SGD/update_133/ResourceApplyGradientDescent,2,7.68,3.84,7.68,3.84,7.947508288974328e-06,0.999108355799213,0.0,0.0
436,Device,ResourceApplyGradientDescent,SGD/SGD/update_34/ResourceApplyGradientDescent,2,7.68,3.84,7.68,3.84,7.947508288974328e-06,0.9991163033075019,0.0,0.0
437,Device,ResourceApplyGradientDescent,SGD/SGD/update_39/ResourceApplyGradientDescent,2,7.68,3.84,7.68,3.84,7.947508288974328e-06,0.9991242508157908,0.0,0.0
438,Device,ResourceApplyGradientDescent,SGD/SGD/update_43/ResourceApplyGradientDescent,2,7.68,3.84,7.68,3.84,7.947508288974328e-06,0.9991321983240797,0.0,0.0
439,Device,ResourceApplyGradientDescent,SGD/SGD/update_49/ResourceApplyGradientDescent,2,7.68,3.84,7.68,3.84,7.947508288974328e-06,0.9991401458323687,0.0,0.0
440,Device,ResourceApplyGradientDescent,SGD/SGD/update_65/ResourceApplyGradientDescent,2,7.68,3.84,7.68,3.84,7.947508288974328e-06,0.9991480933406576,0.0,0.0
441,Device,ResourceApplyGradientDescent,SGD/SGD/update_67/ResourceApplyGradientDescent,2,7.68,3.84,7.68,3.84,7.947508288974328e-06,0.9991560408489465,0.0,0.0
442,Device,ResourceApplyGradientDescent,SGD/SGD/update_103/ResourceApplyGradientDescent,2,7.648,3.824,7.648,3.824,7.9143936711036e-06,0.9991639552426176,0.0,0.0
443,Device,ResourceApplyGradientDescent,SGD/SGD/update_104/ResourceApplyGradientDescent,2,7.648,3.824,7.648,3.824,7.9143936711036e-06,0.9991718696362887,0.0,0.0
444,Device,ResourceApplyGradientDescent,SGD/SGD/update_46/ResourceApplyGradientDescent,2,7.648,3.824,7.648,3.824,7.9143936711036e-06,0.9991797840299598,0.0,0.0
445,Device,ResourceApplyGradientDescent,SGD/SGD/update_47/ResourceApplyGradientDescent,2,7.648,3.824,7.648,3.824,7.9143936711036e-06,0.9991876984236309,0.0,0.0
446,Device,ResourceApplyGradientDescent,SGD/SGD/update_52/ResourceApplyGradientDescent,2,7.648,3.824,7.648,3.824,7.9143936711036e-06,0.999195612817302,0.0,0.0
447,Device,ResourceApplyGradientDescent,SGD/SGD/update_56/ResourceApplyGradientDescent,2,7.648,3.824,7.648,3.824,7.9143936711036e-06,0.999203527210973,0.0,0.0
448,Device,ResourceApplyGradientDescent,SGD/SGD/update_77/ResourceApplyGradientDescent,2,7.648,3.824,7.648,3.824,7.9143936711036e-06,0.9992114416046441,0.0,0.0
449,Device,ResourceApplyGradientDescent,SGD/SGD/update_95/ResourceApplyGradientDescent,2,7.648,3.824,7.648,3.824,7.9143936711036e-06,0.9992193559983152,0.0,0.0
450,Device,ResourceApplyGradientDescent,SGD/SGD/update_37/ResourceApplyGradientDescent,2,7.616,3.808,7.616,3.808,7.881279053232874e-06,0.9992272372773685,0.0,0.0
451,Device,ResourceApplyGradientDescent,SGD/SGD/update_71/ResourceApplyGradientDescent,2,7.616,3.808,7.616,3.808,7.881279053232874e-06,0.9992351185564218,0.0,0.0
452,Device,ResourceApplyGradientDescent,SGD/SGD/update_79/ResourceApplyGradientDescent,2,7.616,3.808,7.616,3.808,7.881279053232874e-06,0.999242999835475,0.0,0.0
453,Device,ResourceApplyGradientDescent,SGD/SGD/update_27/ResourceApplyGradientDescent,2,7.584,3.792,7.584,3.792,7.848164435362148e-06,0.9992508479999104,0.0,0.0
454,Device,ResourceApplyGradientDescent,SGD/SGD/update_50/ResourceApplyGradientDescent,2,7.584,3.792,7.584,3.792,7.848164435362148e-06,0.9992586961643457,0.0,0.0
455,Device,ResourceApplyGradientDescent,SGD/SGD/update_53/ResourceApplyGradientDescent,2,7.584,3.792,7.584,3.792,7.848164435362148e-06,0.999266544328781,0.0,0.0
456,Device,ResourceApplyGradientDescent,SGD/SGD/update_59/ResourceApplyGradientDescent,2,7.584,3.792,7.584,3.792,7.848164435362148e-06,0.9992743924932164,0.0,0.0
457,Device,ResourceApplyGradientDescent,SGD/SGD/update_40/ResourceApplyGradientDescent,2,7.552,3.776,7.552,3.776,7.815049817491421e-06,0.9992822075430339,0.0,0.0
458,Device,ResourceApplyGradientDescent,SGD/SGD/update_44/ResourceApplyGradientDescent,2,7.552,3.776,7.552,3.776,7.815049817491421e-06,0.9992900225928514,0.0,0.0
459,Device,ResourceApplyGradientDescent,SGD/SGD/update_86/ResourceApplyGradientDescent,2,7.552,3.776,7.552,3.776,7.815049817491421e-06,0.9992978376426689,0.0,0.0
460,Device,ResourceApplyGradientDescent,SGD/SGD/update_92/ResourceApplyGradientDescent,2,7.552,3.776,7.552,3.776,7.815049817491421e-06,0.9993056526924864,0.0,0.0
461,Device,ResourceApplyGradientDescent,SGD/SGD/update_97/ResourceApplyGradientDescent,2,7.552,3.776,7.552,3.776,7.815049817491421e-06,0.9993134677423039,0.0,0.0
462,Device,ResourceApplyGradientDescent,SGD/SGD/update_115/ResourceApplyGradientDescent,2,7.52,3.76,7.52,3.76,7.781935199620695e-06,0.9993212496775035,0.0,0.0
463,Device,ResourceApplyGradientDescent,SGD/SGD/update_146/ResourceApplyGradientDescent,2,7.52,3.76,7.52,3.76,7.781935199620695e-06,0.999329031612703,0.0,0.0
464,Device,ResourceApplyGradientDescent,SGD/SGD/update_154/ResourceApplyGradientDescent,2,7.52,3.76,7.52,3.76,7.781935199620695e-06,0.9993368135479026,0.0,0.0
465,Device,ResourceApplyGradientDescent,SGD/SGD/update_155/ResourceApplyGradientDescent,2,7.52,3.76,7.52,3.76,7.781935199620695e-06,0.9993445954831022,0.0,0.0
466,Device,ResourceApplyGradientDescent,SGD/SGD/update_38/ResourceApplyGradientDescent,2,7.52,3.76,7.52,3.76,7.781935199620695e-06,0.9993523774183017,0.0,0.0
467,Device,ResourceApplyGradientDescent,SGD/SGD/update_41/ResourceApplyGradientDescent,2,7.52,3.76,7.52,3.76,7.781935199620695e-06,0.9993601593535013,0.0,0.0
468,Device,ResourceApplyGradientDescent,SGD/SGD/update_62/ResourceApplyGradientDescent,2,7.52,3.76,7.52,3.76,7.781935199620695e-06,0.9993679412887009,0.0,0.0
469,Device,ResourceApplyGradientDescent,SGD/SGD/update_89/ResourceApplyGradientDescent,2,7.52,3.76,7.52,3.76,7.781935199620695e-06,0.9993757232239004,0.0,0.0
470,Device,ResourceApplyGradientDescent,SGD/SGD/update_106/ResourceApplyGradientDescent,2,7.488,3.744,7.488,3.744,7.74882058174997e-06,0.9993834720444822,0.0,0.0
471,Device,ResourceApplyGradientDescent,SGD/SGD/update_142/ResourceApplyGradientDescent,2,7.488,3.744,7.488,3.744,7.74882058174997e-06,0.9993912208650639,0.0,0.0
472,Device,ResourceApplyGradientDescent,SGD/SGD/update_151/ResourceApplyGradientDescent,2,7.488,3.744,7.488,3.744,7.74882058174997e-06,0.9993989696856457,0.0,0.0
473,Device,ResourceApplyGradientDescent,SGD/SGD/update_24/ResourceApplyGradientDescent,2,7.488,3.744,7.488,3.744,7.74882058174997e-06,0.9994067185062274,0.0,0.0
474,Device,ResourceApplyGradientDescent,SGD/SGD/update_35/ResourceApplyGradientDescent,2,7.488,3.744,7.488,3.744,7.74882058174997e-06,0.9994144673268092,0.0,0.0
475,Device,ResourceApplyGradientDescent,SGD/SGD/update_85/ResourceApplyGradientDescent,2,7.488,3.744,7.488,3.744,7.74882058174997e-06,0.9994222161473909,0.0,0.0
476,Device,ResourceApplyGradientDescent,SGD/SGD/update_91/ResourceApplyGradientDescent,2,7.488,3.744,7.488,3.744,7.74882058174997e-06,0.9994299649679727,0.0,0.0
477,Device,ResourceApplyGradientDescent,SGD/SGD/update_109/ResourceApplyGradientDescent,2,7.456,3.728,7.456,3.728,7.715705963879243e-06,0.9994376806739366,0.0,0.0
478,Device,ResourceApplyGradientDescent,SGD/SGD/update_110/ResourceApplyGradientDescent,2,7.456,3.728,7.456,3.728,7.715705963879243e-06,0.9994453963799005,0.0,0.0
479,Device,ResourceApplyGradientDescent,SGD/SGD/update_118/ResourceApplyGradientDescent,2,7.456,3.728,7.456,3.728,7.715705963879243e-06,0.9994531120858644,0.0,0.0
480,Device,ResourceApplyGradientDescent,SGD/SGD/update_80/ResourceApplyGradientDescent,2,7.456,3.728,7.456,3.728,7.715705963879243e-06,0.9994608277918283,0.0,0.0
481,Device,ResourceApplyGradientDescent,SGD/SGD/update_121/ResourceApplyGradientDescent,2,7.424,3.712,7.424,3.712,7.682591346008517e-06,0.9994685103831743,0.0,0.0
482,Device,ResourceApplyGradientDescent,SGD/SGD/update_157/ResourceApplyGradientDescent,2,7.424,3.712,7.424,3.712,7.682591346008517e-06,0.9994761929745203,0.0,0.0
483,Device,ResourceApplyGradientDescent,SGD/SGD/update_98/ResourceApplyGradientDescent,2,7.424,3.712,7.424,3.712,7.682591346008517e-06,0.9994838755658663,0.0,0.0
484,Device,ResourceApplyGradientDescent,SGD/SGD/update_107/ResourceApplyGradientDescent,2,7.392,3.696,7.392,3.696,7.64947672813779e-06,0.9994915250425944,0.0,0.0
485,Device,ResourceApplyGradientDescent,SGD/SGD/update_139/ResourceApplyGradientDescent,2,7.392,3.696,7.392,3.696,7.64947672813779e-06,0.9994991745193226,0.0,0.0
486,Device,ResourceApplyGradientDescent,SGD/SGD/update_148/ResourceApplyGradientDescent,2,7.392,3.696,7.392,3.696,7.64947672813779e-06,0.9995068239960507,0.0,0.0
487,Device,ResourceApplyGradientDescent,SGD/SGD/update_149/ResourceApplyGradientDescent,2,7.392,3.696,7.392,3.696,7.64947672813779e-06,0.9995144734727789,0.0,0.0
488,Device,ResourceApplyGradientDescent,SGD/SGD/update_113/ResourceApplyGradientDescent,2,7.36,3.68,7.36,3.68,7.616362110267064e-06,0.9995220898348891,0.0,0.0
489,Device,ResourceApplyGradientDescent,SGD/SGD/update_116/ResourceApplyGradientDescent,2,7.36,3.68,7.36,3.68,7.616362110267064e-06,0.9995297061969993,0.0,0.0
490,Device,ResourceApplyGradientDescent,SGD/SGD/update_127/ResourceApplyGradientDescent,2,7.36,3.68,7.36,3.68,7.616362110267064e-06,0.9995373225591095,0.0,0.0
491,Device,ResourceApplyGradientDescent,SGD/SGD/update_136/ResourceApplyGradientDescent,2,7.36,3.68,7.36,3.68,7.616362110267064e-06,0.9995449389212198,0.0,0.0
492,Device,ResourceApplyGradientDescent,SGD/SGD/update_119/ResourceApplyGradientDescent,2,7.328,3.664,7.328,3.664,7.583247492396338e-06,0.9995525221687122,0.0,0.0
493,Device,ResourceApplyGradientDescent,SGD/SGD/update_128/ResourceApplyGradientDescent,2,7.328,3.664,7.328,3.664,7.583247492396338e-06,0.9995601054162045,0.0,0.0
494,Device,ResourceApplyGradientDescent,SGD/SGD/update_137/ResourceApplyGradientDescent,2,7.328,3.664,7.328,3.664,7.583247492396338e-06,0.9995676886636969,0.0,0.0
495,Device,ResourceApplyGradientDescent,SGD/SGD/update_140/ResourceApplyGradientDescent,2,7.328,3.664,7.328,3.664,7.583247492396338e-06,0.9995752719111893,0.0,0.0
496,Device,ResourceApplyGradientDescent,SGD/SGD/update_145/ResourceApplyGradientDescent,2,7.328,3.664,7.328,3.664,7.583247492396338e-06,0.9995828551586817,0.0,0.0
497,Device,ResourceApplyGradientDescent,SGD/SGD/update_32/ResourceApplyGradientDescent,2,7.328,3.664,7.328,3.664,7.583247492396338e-06,0.9995904384061741,0.0,0.0
498,Device,ResourceApplyGradientDescent,SGD/SGD/update_130/ResourceApplyGradientDescent,2,7.296,3.648,7.296,3.648,7.5501328745256114e-06,0.9995979885390487,0.0,0.0
499,Device,ResourceApplyGradientDescent,SGD/SGD/update_131/ResourceApplyGradientDescent,2,7.296,3.648,7.296,3.648,7.5501328745256114e-06,0.9996055386719233,0.0,0.0
500,Device,ResourceApplyGradientDescent,SGD/SGD/update_122/ResourceApplyGradientDescent,2,7.264,3.632,7.264,3.632,7.517018256654885e-06,0.9996130556901799,0.0,0.0
501,Host,IDLE,IDLE,0,3872321.223,0.0,3872321.223,0.0,0.0,0.0,0.9952608913929974,0.9952608913929974
502,Host,GatherV2,GatherV2,1,18000.947,18000.947,18000.947,18000.947,0.0,0.0,0.0046265889437907565,0.9998874803367882
503,Host,GatherV2,GatherV2_1,1,68.566,68.566,68.566,68.566,0.0,0.0,1.7622778263830065e-05,0.999905103115052
504,Host,Dataset,Iterator::Root::ParallelMapV2::Zip[0]::FlatMap[1]::Concatenate,2,65.589,32.7945,58.222,29.111,0.0,0.0,1.496417168971085e-05,0.9999200672867417
505,Host,LogicalAnd,LogicalAnd,1,52.108,52.108,52.108,52.108,0.0,0.0,1.3392756319045256e-05,0.9999334600430607
506,Host,Dataset,Iterator::Root::ParallelMapV2::Zip[0]::FlatMap,2,110.013,55.0065,43.612,21.806,0.0,0.0,1.1209121221044787e-05,0.9999446691642817
507,Host,FlushSummaryWriter,FlushSummaryWriter,1,35.409,35.409,35.409,35.409,0.0,0.0,9.100792747775264e-06,0.9999537699570294
508,Host,Dataset,Iterator::Root::ParallelMapV2,2,30.207,15.1035,30.207,15.1035,0.0,0.0,7.763778884804638e-06,0.9999615337359142
509,Host,Dataset,Iterator::Root,2,56.421,28.2105,26.214,13.107,0.0,0.0,6.737501231048061e-06,0.9999682712371453
510,Host,Dataset,Iterator::Root::ParallelMapV2::Zip[1]::ForeverRepeat,2,29.507,14.7535,26.046,13.023,0.0,0.0,6.6943220059463566e-06,0.9999749655591512
511,Host,WriteSummary,WriteSummary,1,21.472,21.472,21.472,21.472,0.0,0.0,5.518716198713053e-06,0.9999804842753499
512,Host,IteratorGetNext,IteratorGetNext,2,15.651,7.8255,15.651,7.8255,0.0,0.0,4.022607452778409e-06,0.9999845068828027
513,Host,Dataset,Iterator::Root::ParallelMapV2::Zip,2,151.783,75.8915,12.263,6.1315,0.0,0.0,3.1518264132273733e-06,0.9999876587092159
514,Host,_HostSend,categorical_crossentropy/softmax_cross_entropy_with_logits/Shape_2/_9,2,8.465,4.2325,8.465,4.2325,0.0,0.0,2.1756675028924177e-06,0.9999898343767188
515,Host,_Send,IteratorGetNext/_3,2,6.95,3.475,6.95,3.475,0.0,0.0,1.786283419385978e-06,0.9999916206601382
516,Host,_Send,IteratorGetNext/_6,2,6.372,3.186,6.372,3.186,0.0,0.0,1.6377263235003526e-06,0.9999932583864618
517,Host,ReadVariableOp,ReadVariableOp,1,6.359,6.359,6.359,6.359,0.0,0.0,1.6343850739389112e-06,0.9999948927715357
518,Host,_Send,IteratorGetNext/_1,2,5.393,2.6965,5.393,2.6965,0.0,0.0,1.386104529604112e-06,0.9999962788760653
519,Host,Dataset,Iterator::Root::ParallelMapV2::Zip[0]::FlatMap[1]::Concatenate[1]::FromTensor,2,4.552,2.276,4.552,2.276,0.0,0.0,1.169951384898557e-06,0.9999974488274502
520,Host,Dataset,Iterator::Root::ParallelMapV2::Zip[1]::ForeverRepeat::FromTensor,4,3.461,0.86525,3.461,0.86525,0.0,0.0,8.895434409345135e-07,0.9999983383708911
521,Host,Identity,Identity,2,2.838,1.419,2.838,1.419,0.0,0.0,7.294204811823605e-07,0.9999990677913723
522,Host,Dataset,Iterator::Root::ParallelMapV2::Zip[0]::FlatMap[1]::Concatenate[0]::TensorSlice,1,2.815,2.815,2.815,2.815,0.0,0.0,7.235090396505795e-07,0.9999997913004119
523,Host,Dataset,Iterator::Root::ParallelMapV2::Zip[0]::FlatMap::Prefetch,1,0.812,0.812,0.812,0.812,0.0,0.0,2.0869958799157038e-07,0.9999999999999999
