Rank,Host/device,Type,Operation,#Occurrences,Total time (us),Avg. time (us),Total self-time (us),Avg. self-time (us),Total self-time on Device (%),Cumulative total-self time on Device (%),Total self-time on Host (%),Cumulative total-self time on Host (%)
1,Device,DepthwiseConv2dNativeBackpropFilter,gradient_tape/xception/block2_sepconv2/separable_conv2d/DepthwiseConv2dNativeBackpropFilter,2,46368.348,23184.174,46368.348,23184.174,0.26333220598675555,0.26333220598675555,0.0,0.0
2,Device,DepthwiseConv2dNativeBackpropFilter,gradient_tape/xception/block2_sepconv1/separable_conv2d/DepthwiseConv2dNativeBackpropFilter,2,26774.526,13387.263,26774.526,13387.263,0.15205620428465,0.41538841027140555,0.0,0.0
3,Device,IDLE,IDLE,0,8375.52,0.0,8375.52,0.0,0.0475657264711305,0.46295413674253605,0.0,0.0
4,Device,FusedBatchNormGradV3,gradient_tape/xception/block2_sepconv1_bn/FusedBatchNormGradV3,2,1601.984,800.992,1601.984,800.992,0.009097886788537011,0.47205202353107306,0.0,0.0
5,Device,FusedBatchNormGradV3,gradient_tape/xception/block2_sepconv2_bn/FusedBatchNormGradV3,2,1594.431,797.2155,1594.431,797.2155,0.009054992265923914,0.481107015796997,0.0,0.0
6,Device,Conv2DBackpropFilter,gradient_tape/xception/block2_sepconv2/separable_conv2d/Conv2DBackpropFilter,2,1448.672,724.336,1448.672,724.336,0.008227206919497005,0.489334222716494,0.0,0.0
7,Device,FusedBatchNormV3,xception/block2_sepconv2_bn/FusedBatchNormV3,4,1169.408,292.352,1169.408,292.352,0.0066412283728236295,0.4959754510893176,0.0,0.0
8,Device,FusedBatchNormV3,xception/block2_sepconv1_bn/FusedBatchNormV3,4,1168.704,292.176,1168.704,292.176,0.006637230260296207,0.5026126813496138,0.0,0.0
9,Device,DepthwiseConv2dNativeBackpropInput,gradient_tape/xception/block2_sepconv2/separable_conv2d/DepthwiseConv2dNativeBackpropInput,2,1154.655,577.3275,1154.655,577.3275,0.006557444062998259,0.5091701254126121,0.0,0.0
10,Device,Conv2DBackpropFilter,gradient_tape/xception/block2_sepconv1/separable_conv2d/Conv2DBackpropFilter,2,1145.248,572.624,1145.248,572.624,0.006504020420178002,0.51567414583279,0.0,0.0
11,Device,_Recv,IteratorGetNext/_2,2,1131.904,565.952,1131.904,565.952,0.006428238014544589,0.5221023838473347,0.0,0.0
12,Device,Conv2D,xception/block4_sepconv2/separable_conv2d,4,1032.928,258.232,1032.928,258.232,0.005866139739666538,0.5279685235870012,0.0,0.0
13,Device,Conv2DBackpropInput,gradient_tape/xception/block4_sepconv2/separable_conv2d/Conv2DBackpropInput,4,1010.592,252.648,1010.592,252.648,0.005739290533114685,0.5337078141201159,0.0,0.0
14,Device,Conv2DBackpropFilter,gradient_tape/xception/block4_sepconv2/separable_conv2d/Conv2DBackpropFilter,4,910.08,227.52,910.08,227.52,0.00516846910363135,0.5388762832237473,0.0,0.0
15,Device,Conv2DBackpropFilter,gradient_tape/xception/block1_conv2/Conv2D/Conv2DBackpropFilter,4,887.2,221.8,887.2,221.8,0.0050385304464901255,0.5439148136702374,0.0,0.0
16,Device,Conv2D,xception/block2_sepconv2/separable_conv2d,2,870.528,435.264,870.528,435.264,0.004943847872545261,0.5488586615427827,0.0,0.0
17,Device,Conv2DBackpropInput,gradient_tape/xception/block2_sepconv2/separable_conv2d/Conv2DBackpropInput,2,842.368,421.184,842.368,421.184,0.00478392337144837,0.5536425849142311,0.0,0.0
18,Device,FusedBatchNormGradV3,gradient_tape/xception/block3_sepconv2_bn/FusedBatchNormGradV3,2,808.352,404.176,808.352,404.176,0.00459074184341883,0.5582333267576499,0.0,0.0
19,Device,FusedBatchNormGradV3,gradient_tape/xception/block3_sepconv1_bn/FusedBatchNormGradV3,2,802.432,401.216,802.432,401.216,0.004557121351710961,0.5627904481093609,0.0,0.0
20,Device,ReluGrad,gradient_tape/xception/block2_sepconv2_act/ReluGrad,2,779.328,389.664,779.328,389.664,0.004425910567856466,0.5672163586772173,0.0,0.0
21,Device,Conv2DBackpropFilter,gradient_tape/xception/block3_sepconv2/separable_conv2d/Conv2DBackpropFilter,2,768.863,384.4315,768.863,384.4315,0.00436647839797085,0.5715828370751882,0.0,0.0
22,Device,DepthwiseConv2dNative,xception/block2_sepconv2/separable_conv2d/depthwise,2,760.288,380.144,760.288,380.144,0.004317779797228454,0.5759006168724167,0.0,0.0
23,Device,Conv2DBackpropInput,gradient_tape/xception/block14_sepconv2/separable_conv2d/Conv2DBackpropInput,2,735.967,367.9835,735.967,367.9835,0.0041796575035076625,0.5800802743759244,0.0,0.0
24,Device,FusedBatchNormGradV3,gradient_tape/xception/block1_conv2_bn/FusedBatchNormGradV3,2,734.784,367.392,734.784,367.392,0.004172939084303201,0.5842532134602275,0.0,0.0
25,Device,Conv2DBackpropInput,gradient_tape/xception/block3_sepconv2/separable_conv2d/Conv2DBackpropInput,2,725.568,362.784,725.568,362.784,0.004120600156671491,0.588373813616899,0.0,0.0
26,Device,Conv2D,xception/block3_sepconv2/separable_conv2d,2,710.688,355.344,710.688,355.344,0.004036094596432793,0.5924099082133318,0.0,0.0
27,Device,Conv2DBackpropInput,gradient_tape/xception/block1_conv2/Conv2D/Conv2DBackpropInput,2,705.6,352.8,705.6,352.8,0.004007199146802787,0.5964171073601346,0.0,0.0
28,Device,MaxPoolGrad,gradient_tape/xception/block2_pool/MaxPool/MaxPoolGrad,2,696.704,348.352,696.704,348.352,0.003956677543047178,0.6003737849031818,0.0,0.0
29,Device,Conv2D,xception/block14_sepconv2/separable_conv2d,2,696.224,348.112,696.224,348.112,0.003953951557233027,0.6043277364604148,0.0,0.0
30,Device,Conv2D,xception/block1_conv2/Conv2D,2,690.304,345.152,690.304,345.152,0.003920331065525157,0.60824806752594,0.0,0.0
31,Device,DepthwiseConv2dNativeBackpropInput,gradient_tape/xception/block3_sepconv2/separable_conv2d/DepthwiseConv2dNativeBackpropInput,2,587.232,293.616,587.232,293.616,0.0033349710450330133,0.611583038570973,0.0,0.0
32,Device,Conv2DBackpropInput,gradient_tape/xception/block4_sepconv1/separable_conv2d/Conv2DBackpropInput,4,580.992,145.248,580.992,145.248,0.003299533229449043,0.614882571800422,0.0,0.0
33,Device,DepthwiseConv2dNativeBackpropInput,gradient_tape/xception/block2_sepconv1/separable_conv2d/DepthwiseConv2dNativeBackpropInput,2,575.168,287.584,575.168,287.584,0.003266457934904004,0.618149029735326,0.0,0.0
34,Device,Conv2D,xception/block2_sepconv1/separable_conv2d,2,571.072,285.536,571.072,285.536,0.003243196189289911,0.621392225924616,0.0,0.0
35,Device,FusedBatchNormV3,xception/block1_conv2_bn/FusedBatchNormV3,4,553.888,138.472,553.888,138.472,0.0031456058971432855,0.6245378318217593,0.0,0.0
36,Device,Conv2DBackpropFilter,gradient_tape/xception/block3_sepconv1/separable_conv2d/Conv2DBackpropFilter,2,520.576,260.288,520.576,260.288,0.0029564224816411673,0.6274942543034004,0.0,0.0
37,Device,Relu,xception/block2_sepconv2_act/Relu,2,501.664,250.832,501.664,250.832,0.0028490186405635957,0.6303432729439641,0.0,0.0
38,Device,DepthwiseConv2dNativeBackpropInput,gradient_tape/xception/block4_sepconv2/separable_conv2d/DepthwiseConv2dNativeBackpropInput,2,498.816,249.408,498.816,249.408,0.0028328444580662964,0.6331761174020304,0.0,0.0
39,Device,FusedBatchNormGradV3,gradient_tape/xception/block1_conv1_bn/FusedBatchNormGradV3,2,492.032,246.016,492.032,246.016,0.002794317191892955,0.6359704345939233,0.0,0.0
40,Device,FusedBatchNormGradV3,gradient_tape/xception/block4_sepconv1_bn/FusedBatchNormGradV3,2,489.152,244.576,489.152,244.576,0.002777961277008045,0.6387483958709314,0.0,0.0
41,Device,FusedBatchNormGradV3,gradient_tape/xception/block4_sepconv2_bn/FusedBatchNormGradV3,2,488.224,244.112,488.224,244.112,0.0027726910377673525,0.6415210869086987,0.0,0.0
42,Device,DepthwiseConv2dNativeBackpropFilter,gradient_tape/xception/block3_sepconv2/separable_conv2d/DepthwiseConv2dNativeBackpropFilter,2,483.52,241.76,483.52,241.76,0.002745976376788667,0.6442670632854873,0.0,0.0
43,Device,Conv2D,xception/block14_sepconv1/separable_conv2d,4,483.136,120.784,483.136,120.784,0.002743795588137346,0.6470108588736246,0.0,0.0
44,Device,Conv2DBackpropInput,gradient_tape/xception/block13_sepconv2/separable_conv2d/Conv2DBackpropInput,4,482.848,120.712,482.848,120.712,0.002742159996648855,0.6497530188702735,0.0,0.0
45,Device,FusedBatchNormV3,xception/block3_sepconv1_bn/FusedBatchNormV3,4,475.52,118.88,475.52,118.88,0.0027005432798861413,0.6524535621501596,0.0,0.0
46,Device,Conv2DBackpropFilter,gradient_tape/xception/block4_sepconv1/separable_conv2d/Conv2DBackpropFilter,4,475.456,118.864,475.456,118.864,0.002700179815110921,0.6551537419652705,0.0,0.0
47,Device,FusedBatchNormV3,xception/block3_sepconv2_bn/FusedBatchNormV3,4,468.736,117.184,468.736,117.184,0.0026620160137127992,0.6578157579789834,0.0,0.0
48,Device,Conv2DBackpropInput,gradient_tape/xception/block2_sepconv1/separable_conv2d/Conv2DBackpropInput,2,467.264,233.632,467.264,233.632,0.0026536563238827343,0.6604694143028661,0.0,0.0
49,Device,Conv2D,xception/block3_sepconv1/separable_conv2d,2,459.488,229.744,459.488,229.744,0.0026094953536934793,0.6630789096565596,0.0,0.0
50,Device,Conv2DBackpropInput,gradient_tape/xception/conv2d/Conv2D/Conv2DBackpropInput,2,457.12,228.56,457.12,228.56,0.0025960471570103316,0.6656749568135699,0.0,0.0
51,Device,Conv2DBackpropInput,gradient_tape/xception/block14_sepconv1/separable_conv2d/Conv2DBackpropInput,2,418.816,209.408,418.816,209.408,0.0023785134890410373,0.668053470302611,0.0,0.0
52,Device,Conv2D,xception/block4_sepconv1/separable_conv2d,4,406.143,101.53575,406.143,101.53575,0.002306541784410323,0.6703600120870213,0.0,0.0
53,Device,ReluGrad,gradient_tape/xception/block3_sepconv2_act/ReluGrad,2,400.448,200.224,400.448,200.224,0.002274199098552838,0.6726342111855742,0.0,0.0
54,Device,Conv2DBackpropInput,gradient_tape/xception/block3_sepconv1/separable_conv2d/Conv2DBackpropInput,2,400.384,200.192,400.384,200.192,0.0022738356337776177,0.6749080468193518,0.0,0.0
55,Device,Conv2DBackpropFilter,gradient_tape/xception/block14_sepconv2/separable_conv2d/Conv2DBackpropFilter,4,394.368,98.592,394.368,98.592,0.002239669944906918,0.6771477167642587,0.0,0.0
56,Device,DepthwiseConv2dNative,xception/block2_sepconv1/separable_conv2d/depthwise,2,390.464,195.232,390.464,195.232,0.0022174985936184856,0.6793652153578772,0.0,0.0
57,Device,ReluGrad,gradient_tape/xception/block1_conv2_act/ReluGrad,2,388.608,194.304,388.608,194.304,0.0022069581151370997,0.6815721734730142,0.0,0.0
58,Device,Conv2D,xception/block13_sepconv2/separable_conv2d,4,380.96,95.24,380.96,95.24,0.0021635240744982847,0.6837356975475125,0.0,0.0
59,Device,Conv2DBackpropInput,gradient_tape/xception/block9_sepconv2/separable_conv2d/Conv2DBackpropInput,4,380.544,95.136,380.544,95.136,0.0021611615534593534,0.6858968591009719,0.0,0.0
60,Device,Conv2DBackpropInput,gradient_tape/xception/block6_sepconv1/separable_conv2d/Conv2DBackpropInput,4,380.095,95.02375,380.095,95.02375,0.0021586116208956994,0.6880554707218676,0.0,0.0
61,Device,Conv2DBackpropInput,gradient_tape/xception/block8_sepconv2/separable_conv2d/Conv2DBackpropInput,4,380.032,95.008,380.032,95.008,0.0021582538352575916,0.6902137245571252,0.0,0.0
62,Device,Conv2DBackpropInput,gradient_tape/xception/block7_sepconv2/separable_conv2d/Conv2DBackpropInput,4,379.264,94.816,379.264,94.816,0.002153892257954949,0.6923676168150801,0.0,0.0
63,Device,Conv2DBackpropInput,gradient_tape/xception/block5_sepconv3/separable_conv2d/Conv2DBackpropInput,4,379.136,94.784,379.136,94.784,0.0021531653284045087,0.6945207821434846,0.0,0.0
64,Device,Conv2DBackpropInput,gradient_tape/xception/block7_sepconv3/separable_conv2d/Conv2DBackpropInput,4,378.688,94.672,378.688,94.672,0.002150621074977967,0.6966714032184625,0.0,0.0
65,Device,Conv2DBackpropInput,gradient_tape/xception/block11_sepconv1/separable_conv2d/Conv2DBackpropInput,4,378.464,94.616,378.464,94.616,0.0021493489482646965,0.6988207521667272,0.0,0.0
66,Device,Conv2DBackpropInput,gradient_tape/xception/block8_sepconv3/separable_conv2d/Conv2DBackpropInput,4,378.464,94.616,378.464,94.616,0.0021493489482646965,0.7009701011149919,0.0,0.0
67,Device,Conv2DBackpropInput,gradient_tape/xception/block5_sepconv2/separable_conv2d/Conv2DBackpropInput,4,378.4,94.6,378.4,94.6,0.0021489854834894763,0.7031190865984814,0.0,0.0
68,Device,Conv2DBackpropInput,gradient_tape/xception/block6_sepconv3/separable_conv2d/Conv2DBackpropInput,4,378.208,94.552,378.208,94.552,0.002147895089163816,0.7052669816876452,0.0,0.0
69,Device,Conv2DBackpropInput,gradient_tape/xception/block5_sepconv1/separable_conv2d/Conv2DBackpropInput,4,378.112,94.528,378.112,94.528,0.0021473498920009854,0.7074143315796462,0.0,0.0
70,Device,Conv2DBackpropInput,gradient_tape/xception/block10_sepconv1/separable_conv2d/Conv2DBackpropInput,4,378.016,94.504,378.016,94.504,0.0021468046948381553,0.7095611362744844,0.0,0.0
71,Device,Conv2DBackpropInput,gradient_tape/xception/block6_sepconv2/separable_conv2d/Conv2DBackpropInput,4,377.696,94.424,377.696,94.424,0.002144987370962054,0.7117061236454464,0.0,0.0
72,Device,Conv2DBackpropInput,gradient_tape/xception/block7_sepconv1/separable_conv2d/Conv2DBackpropInput,4,377.44,94.36,377.44,94.36,0.0021435335118611732,0.7138496571573075,0.0,0.0
73,Device,Conv2DBackpropInput,gradient_tape/xception/block9_sepconv3/separable_conv2d/Conv2DBackpropInput,4,377.44,94.36,377.44,94.36,0.0021435335118611732,0.7159931906691687,0.0,0.0
74,Device,Conv2DBackpropInput,gradient_tape/xception/block10_sepconv3/separable_conv2d/Conv2DBackpropInput,4,377.408,94.352,377.408,94.352,0.0021433517794735633,0.7181365424486422,0.0,0.0
75,Device,Conv2DBackpropInput,gradient_tape/xception/block8_sepconv1/separable_conv2d/Conv2DBackpropInput,4,377.184,94.296,377.184,94.296,0.0021420796527602927,0.7202786221014025,0.0,0.0
76,Device,Conv2DBackpropInput,gradient_tape/xception/block10_sepconv2/separable_conv2d/Conv2DBackpropInput,4,376.128,94.032,376.128,94.032,0.002136082483969159,0.7224147045853716,0.0,0.0
77,Device,AddN,SGD/gradients/AddN_11,2,376.064,188.032,376.064,188.032,0.002135719019193939,0.7245504236045656,0.0,0.0
78,Device,Conv2DBackpropInput,gradient_tape/xception/block9_sepconv1/separable_conv2d/Conv2DBackpropInput,4,375.776,93.944,375.776,93.944,0.002134083427705448,0.726684507032271,0.0,0.0
79,Device,Conv2DBackpropInput,gradient_tape/xception/block11_sepconv2/separable_conv2d/Conv2DBackpropInput,4,373.504,93.376,373.504,93.376,0.002121180428185131,0.7288056874604562,0.0,0.0
80,Device,Conv2DBackpropInput,gradient_tape/xception/block11_sepconv3/separable_conv2d/Conv2DBackpropInput,4,373.056,93.264,373.056,93.264,0.002118636174758589,0.7309243236352148,0.0,0.0
81,Device,Conv2DBackpropInput,gradient_tape/xception/block12_sepconv1/separable_conv2d/Conv2DBackpropInput,4,372.479,93.11975,372.479,93.11975,0.0021153593126444943,0.7330396829478593,0.0,0.0
82,Device,Conv2DBackpropInput,gradient_tape/xception/block13_sepconv1/separable_conv2d/Conv2DBackpropInput,4,369.568,92.392,369.568,92.392,0.0020988273445090876,0.7351385102923683,0.0,0.0
83,Device,Conv2DBackpropInput,gradient_tape/xception/block12_sepconv2/separable_conv2d/Conv2DBackpropInput,4,369.248,92.312,369.248,92.312,0.002097010020632987,0.7372355203130013,0.0,0.0
84,Device,DepthwiseConv2dNativeBackpropFilter,gradient_tape/xception/block4_sepconv2/separable_conv2d/DepthwiseConv2dNativeBackpropFilter,2,367.68,183.84,367.68,183.84,0.002088105133640092,0.7393236254466414,0.0,0.0
85,Device,Conv2DBackpropInput,gradient_tape/xception/block12_sepconv3/separable_conv2d/Conv2DBackpropInput,4,367.328,91.832,367.328,91.832,0.0020861060773763804,0.7414097315240178,0.0,0.0
86,Device,FusedBatchNormGradV3,gradient_tape/xception/batch_normalization/FusedBatchNormGradV3,2,367.2,183.6,367.2,183.6,0.00208537914782594,0.7434951106718437,0.0,0.0
87,Device,Conv2DBackpropInput,gradient_tape/xception/conv2d_3/Conv2D/Conv2DBackpropInput,2,363.776,181.888,363.776,181.888,0.002065933782351659,0.7455610444541954,0.0,0.0
88,Device,Conv2DBackpropFilter,gradient_tape/xception/block13_sepconv2/separable_conv2d/Conv2DBackpropFilter,4,362.912,90.728,362.912,90.728,0.002061027007886186,0.7476220714620816,0.0,0.0
89,Device,Conv2D,xception/block5_sepconv1/separable_conv2d,4,349.024,87.256,349.024,87.256,0.0019821551516634012,0.749604226613745,0.0,0.0
90,Device,Conv2D,xception/block13_sepconv1/separable_conv2d,4,346.272,86.568,346.272,86.568,0.001966526166328932,0.751570752780074,0.0,0.0
91,Device,Conv2D,xception/block12_sepconv3/separable_conv2d,4,333.216,83.304,333.216,83.304,0.00189237935218401,0.753463132132258,0.0,0.0
92,Device,Conv2D,xception/block9_sepconv2/separable_conv2d,4,333.152,83.288,333.152,83.288,0.0018920158874087896,0.7553551480196669,0.0,0.0
93,Device,Conv2D,xception/block8_sepconv3/separable_conv2d,4,333.151,83.28775,333.151,83.28775,0.001892010208271677,0.7572471582279385,0.0,0.0
94,Device,Conv2D,xception/block6_sepconv1/separable_conv2d,4,332.928,83.232,332.928,83.232,0.001890743760695519,0.7591379019886341,0.0,0.0
95,Device,Conv2D,xception/block10_sepconv3/separable_conv2d,4,332.704,83.176,332.704,83.176,0.0018894716339822484,0.7610273736226163,0.0,0.0
96,Device,Conv2D,xception/block10_sepconv2/separable_conv2d,4,332.544,83.136,332.544,83.136,0.0018885629720441976,0.7629159365946605,0.0,0.0
97,Device,Conv2D,xception/block11_sepconv3/separable_conv2d,4,332.192,83.048,332.192,83.048,0.0018865639157804868,0.764802500510441,0.0,0.0
98,Device,Conv2D,xception/block8_sepconv2/separable_conv2d,4,332.128,83.032,332.128,83.032,0.0018862004510052663,0.7666887009614463,0.0,0.0
99,Device,Conv2D,xception/block8_sepconv1/separable_conv2d,4,332.064,83.016,332.064,83.016,0.0018858369862300463,0.7685745379476763,0.0,0.0
100,Device,Conv2D,xception/block6_sepconv2/separable_conv2d,4,331.776,82.944,331.776,82.944,0.0018842013947415555,0.7704587393424178,0.0,0.0
101,Device,Conv2D,xception/block6_sepconv3/separable_conv2d,4,331.744,82.936,331.744,82.936,0.0018840196623539454,0.7723427590047718,0.0,0.0
102,Device,Conv2D,xception/block7_sepconv1/separable_conv2d,4,331.712,82.928,331.712,82.928,0.001883837929966335,0.7742265969347382,0.0,0.0
103,Device,Conv2D,xception/block7_sepconv3/separable_conv2d,4,331.68,82.92,331.68,82.92,0.0018836561975787251,0.7761102531323169,0.0,0.0
104,Device,Conv2D,xception/block12_sepconv1/separable_conv2d,4,331.616,82.904,331.616,82.904,0.0018832927328035047,0.7779935458651204,0.0,0.0
105,Device,Conv2D,xception/block10_sepconv1/separable_conv2d,4,331.584,82.896,331.584,82.896,0.0018831110004158948,0.7798766568655363,0.0,0.0
106,Device,Conv2D,xception/block11_sepconv2/separable_conv2d,4,331.552,82.888,331.552,82.888,0.0018829292680282847,0.7817595861335646,0.0,0.0
107,Device,Conv2D,xception/block9_sepconv3/separable_conv2d,4,331.52,82.88,331.52,82.88,0.0018827475356406743,0.7836423336692052,0.0,0.0
108,Device,Conv2D,xception/block11_sepconv1/separable_conv2d,4,331.488,82.872,331.488,82.872,0.0018825658032530644,0.7855248994724583,0.0,0.0
109,Device,Conv2D,xception/block12_sepconv2/separable_conv2d,4,331.328,82.832,331.328,82.832,0.0018816571413150136,0.7874065566137733,0.0,0.0
110,Device,Conv2D,xception/block9_sepconv1/separable_conv2d,4,331.264,82.816,331.264,82.816,0.0018812936765397936,0.7892878502903131,0.0,0.0
111,Device,Conv2D,xception/block5_sepconv2/separable_conv2d,4,331.04,82.76,331.04,82.76,0.001880021549826523,0.7911678718401396,0.0,0.0
112,Device,Conv2D,xception/block5_sepconv3/separable_conv2d,4,331.04,82.76,331.04,82.76,0.001880021549826523,0.7930478933899661,0.0,0.0
113,Device,Conv2D,xception/block7_sepconv2/separable_conv2d,4,330.752,82.688,330.752,82.688,0.001878385958338032,0.7949262793483041,0.0,0.0
114,Device,MaxPool,xception/block2_pool/MaxPool,2,326.528,163.264,326.528,163.264,0.0018543972831734984,0.7967806766314776,0.0,0.0
115,Device,Conv2DBackpropFilter,gradient_tape/xception/conv2d/Conv2D/Conv2DBackpropFilter,2,321.632,160.816,321.632,160.816,0.0018265922278691525,0.7986072688593467,0.0,0.0
116,Device,Conv2DBackpropFilter,gradient_tape/xception/block9_sepconv2/separable_conv2d/Conv2DBackpropFilter,4,309.728,77.432,309.728,77.432,0.0017589877796781938,0.8003662566390249,0.0,0.0
117,Device,Conv2DBackpropFilter,gradient_tape/xception/block10_sepconv1/separable_conv2d/Conv2DBackpropFilter,4,308.896,77.224,308.896,77.224,0.0017542627376003312,0.8021205193766253,0.0,0.0
118,Device,Conv2DBackpropFilter,gradient_tape/xception/block8_sepconv1/separable_conv2d/Conv2DBackpropFilter,4,308.48,77.12,308.48,77.12,0.0017519002165614,0.8038724195931867,0.0,0.0
119,Device,Conv2DBackpropFilter,gradient_tape/xception/block9_sepconv3/separable_conv2d/Conv2DBackpropFilter,4,308.448,77.112,308.448,77.112,0.0017517184841737896,0.8056241380773604,0.0,0.0
120,Device,Conv2DBackpropFilter,gradient_tape/xception/block5_sepconv3/separable_conv2d/Conv2DBackpropFilter,4,308.224,77.056,308.224,77.056,0.001750446357460519,0.8073745844348209,0.0,0.0
121,Device,Conv2DBackpropFilter,gradient_tape/xception/block7_sepconv2/separable_conv2d/Conv2DBackpropFilter,4,308.096,77.024,308.096,77.024,0.0017497194279100785,0.8091243038627309,0.0,0.0
122,Device,Conv2DBackpropFilter,gradient_tape/xception/block9_sepconv1/separable_conv2d/Conv2DBackpropFilter,4,307.84,76.96,307.84,76.96,0.0017482655688091976,0.8108725694315402,0.0,0.0
123,Device,Conv2DBackpropFilter,gradient_tape/xception/block6_sepconv2/separable_conv2d/Conv2DBackpropFilter,4,307.744,76.936,307.744,76.936,0.0017477203716463677,0.8126202898031866,0.0,0.0
124,Device,Conv2DBackpropFilter,gradient_tape/xception/block7_sepconv3/separable_conv2d/Conv2DBackpropFilter,4,307.584,76.896,307.584,76.896,0.0017468117097083169,0.8143671015128949,0.0,0.0
125,Device,Conv2DBackpropFilter,gradient_tape/xception/block5_sepconv2/separable_conv2d/Conv2DBackpropFilter,4,307.52,76.88,307.52,76.88,0.0017464482449330966,0.816113549757828,0.0,0.0
126,Device,Conv2DBackpropFilter,gradient_tape/xception/block6_sepconv1/separable_conv2d/Conv2DBackpropFilter,4,307.424,76.856,307.424,76.856,0.0017459030477702663,0.8178594528055982,0.0,0.0
127,Device,Conv2DBackpropFilter,gradient_tape/xception/block7_sepconv1/separable_conv2d/Conv2DBackpropFilter,4,307.36,76.84,307.36,76.84,0.0017455395829950463,0.8196049923885933,0.0,0.0
128,Device,Conv2DBackpropFilter,gradient_tape/xception/block8_sepconv2/separable_conv2d/Conv2DBackpropFilter,4,307.36,76.84,307.36,76.84,0.0017455395829950463,0.8213505319715884,0.0,0.0
129,Device,Conv2DBackpropFilter,gradient_tape/xception/block8_sepconv3/separable_conv2d/Conv2DBackpropFilter,4,307.36,76.84,307.36,76.84,0.0017455395829950463,0.8230960715545834,0.0,0.0
130,Device,Conv2DBackpropFilter,gradient_tape/xception/block6_sepconv3/separable_conv2d/Conv2DBackpropFilter,4,307.104,76.776,307.104,76.776,0.0017440857238941654,0.8248401572784776,0.0,0.0
131,Device,Conv2DBackpropFilter,gradient_tape/xception/block10_sepconv2/separable_conv2d/Conv2DBackpropFilter,4,306.848,76.712,306.848,76.712,0.0017426318647932846,0.8265827891432709,0.0,0.0
132,Device,Conv2DBackpropFilter,gradient_tape/xception/block5_sepconv1/separable_conv2d/Conv2DBackpropFilter,4,306.336,76.584,306.336,76.584,0.001739724146591523,0.8283225132898624,0.0,0.0
133,Device,Conv2DBackpropFilter,gradient_tape/xception/block10_sepconv3/separable_conv2d/Conv2DBackpropFilter,4,305.632,76.408,305.632,76.408,0.0017357260340641007,0.8300582393239265,0.0,0.0
134,Device,Conv2DBackpropFilter,gradient_tape/xception/block11_sepconv1/separable_conv2d/Conv2DBackpropFilter,4,305.632,76.408,305.632,76.408,0.0017357260340641007,0.8317939653579907,0.0,0.0
135,Device,MaxPoolGrad,gradient_tape/xception/block3_pool/MaxPool/MaxPoolGrad,2,304.608,152.304,304.608,152.304,0.0017299105976605774,0.8335238759556513,0.0,0.0
136,Device,ReluGrad,gradient_tape/xception/block4_sepconv2_act/ReluGrad,2,304.512,152.256,304.512,152.256,0.001729365400497747,0.835253241356149,0.0,0.0
137,Device,Conv2DBackpropFilter,gradient_tape/xception/block11_sepconv2/separable_conv2d/Conv2DBackpropFilter,4,304.0,76.0,304.0,76.0,0.0017264576822959854,0.8369796990384449,0.0,0.0
138,Device,Conv2DBackpropFilter,gradient_tape/xception/block11_sepconv3/separable_conv2d/Conv2DBackpropFilter,4,302.784,75.696,302.784,75.696,0.0017195518515668014,0.8386992508900117,0.0,0.0
139,Device,Conv2DBackpropFilter,gradient_tape/xception/block14_sepconv1/separable_conv2d/Conv2DBackpropFilter,4,301.312,75.328,301.312,75.328,0.0017111921617367367,0.8404104430517485,0.0,0.0
140,Device,Conv2DBackpropFilter,gradient_tape/xception/block12_sepconv1/separable_conv2d/Conv2DBackpropFilter,4,300.832,75.208,300.832,75.208,0.001708466175922585,0.8421189092276711,0.0,0.0
141,Device,DepthwiseConv2dNativeBackpropInput,gradient_tape/xception/block3_sepconv1/separable_conv2d/DepthwiseConv2dNativeBackpropInput,2,300.224,150.112,300.224,150.112,0.001705013260557993,0.843823922488229,0.0,0.0
142,Device,Conv2DBackpropFilter,gradient_tape/xception/block12_sepconv3/separable_conv2d/Conv2DBackpropFilter,4,297.344,74.336,297.344,74.336,0.0016886573456730838,0.8455125798339022,0.0,0.0
143,Device,Conv2DBackpropFilter,gradient_tape/xception/block13_sepconv1/separable_conv2d/Conv2DBackpropFilter,4,297.312,74.328,297.312,74.328,0.0016884756132854737,0.8472010554471876,0.0,0.0
144,Device,Conv2DBackpropFilter,gradient_tape/xception/block12_sepconv2/separable_conv2d/Conv2DBackpropFilter,4,296.768,74.192,296.768,74.192,0.0016853861626961017,0.8488864416098837,0.0,0.0
145,Device,FusedBatchNormV3,xception/block1_conv1_bn/FusedBatchNormV3,4,296.608,74.152,296.608,74.152,0.0016844775007580513,0.8505709191106418,0.0,0.0
146,Device,DepthwiseConv2dNative,xception/block3_sepconv2/separable_conv2d/depthwise,2,290.88,145.44,290.88,145.44,0.0016519474033758427,0.8522228665140176,0.0,0.0
147,Device,Conv2D,xception/conv2d/Conv2D,2,278.944,139.472,278.944,139.472,0.0015841612227972743,0.8538070277368148,0.0,0.0
148,Device,DepthwiseConv2dNativeBackpropFilter,gradient_tape/xception/block14_sepconv2/separable_conv2d/DepthwiseConv2dNativeBackpropFilter,2,276.576,138.288,276.576,138.288,0.0015707130261141265,0.8553777407629289,0.0,0.0
149,Device,Conv2DBackpropInput,gradient_tape/xception/conv2d_1/Conv2D/Conv2DBackpropInput,2,275.168,137.584,275.168,137.584,0.0015627168010592819,0.8569404575639882,0.0,0.0
150,Device,Relu,xception/block3_sepconv2_act/Relu,2,260.0,130.0,260.0,130.0,0.0014765756493320926,0.8584170332133203,0.0,0.0
151,Device,MaxPoolGrad,gradient_tape/xception/block13_pool/MaxPool/MaxPoolGrad,2,259.52,129.76,259.52,129.76,0.001473849663517941,0.8598908828768382,0.0,0.0
152,Device,Conv2DBackpropFilter,gradient_tape/xception/conv2d_3/Conv2D/Conv2DBackpropFilter,4,258.432,64.608,258.432,64.608,0.0014676707623391978,0.8613585536391775,0.0,0.0
153,Device,Conv2DBackpropInput,gradient_tape/xception/conv2d_2/Conv2D/Conv2DBackpropInput,2,254.592,127.296,254.592,127.296,0.0014458628758259853,0.8628044165150034,0.0,0.0
154,Device,DepthwiseConv2dNativeBackpropFilter,gradient_tape/xception/block3_sepconv1/separable_conv2d/DepthwiseConv2dNativeBackpropFilter,2,252.544,126.272,252.544,126.272,0.0014342320030189385,0.8642386485180223,0.0,0.0
155,Device,Relu,xception/block1_conv2_act/Relu,2,252.16,126.08,252.16,126.08,0.0014320512143676173,0.86567069973239,0.0,0.0
156,Device,MaxPoolGrad,gradient_tape/xception/block4_pool/MaxPool/MaxPoolGrad,2,250.656,125.328,250.656,125.328,0.0014235097921499425,0.8670942095245399,0.0,0.0
157,Device,FusedBatchNormV3,xception/batch_normalization/FusedBatchNormV3,4,237.696,59.424,237.696,59.424,0.0013499081751678504,0.8684441176997078,0.0,0.0
158,Device,Conv2DBackpropFilter,gradient_tape/xception/block1_conv1/Conv2D/Conv2DBackpropFilter,2,230.784,115.392,230.784,115.392,0.001310653979444068,0.8697547716791518,0.0,0.0
159,Device,Conv2DBackpropFilter,gradient_tape/xception/conv2d_2/Conv2D/Conv2DBackpropFilter,4,221.792,55.448,221.792,55.448,0.001259587178525629,0.8710143588576774,0.0,0.0
160,Device,FusedBatchNormV3,xception/block4_sepconv2_bn/FusedBatchNormV3,4,220.192,55.048,220.192,55.048,0.0012505005591451237,0.8722648594168225,0.0,0.0
161,Device,DepthwiseConv2dNative,xception/block4_sepconv2/separable_conv2d/depthwise,2,218.272,109.136,218.272,109.136,0.0012395966158885174,0.8735044560327111,0.0,0.0
162,Device,FusedBatchNormV3,xception/block4_sepconv1_bn/FusedBatchNormV3,4,216.64,54.16,216.64,54.16,0.0012303282641204021,0.8747347842968315,0.0,0.0
163,Device,Conv2D,xception/conv2d_3/Conv2D,2,211.104,105.552,211.104,105.552,0.0011988885610638542,0.8759336728578954,0.0,0.0
164,Device,AddN,SGD/gradients/AddN_10,2,204.544,102.272,204.544,102.272,0.001161633421603783,0.8770953062794992,0.0,0.0
165,Device,DepthwiseConv2dNativeBackpropFilter,gradient_tape/xception/block14_sepconv1/separable_conv2d/DepthwiseConv2dNativeBackpropFilter,2,202.048,101.024,202.048,101.024,0.001147458295370195,0.8782427645748694,0.0,0.0
166,Device,ReluGrad,gradient_tape/xception/block3_sepconv1_act/ReluGrad,2,201.312,100.656,201.312,100.656,0.0011432784504551625,0.8793860430253245,0.0,0.0
167,Device,ReluGrad,gradient_tape/xception/block1_conv1_act/ReluGrad,2,200.256,100.128,200.256,100.128,0.001137281281664029,0.8805233243069885,0.0,0.0
168,Device,Relu,xception/block4_sepconv2_act/Relu,2,196.672,98.336,196.672,98.336,0.0011169272542516974,0.8816402515612403,0.0,0.0
169,Device,AddV2,xception/add/add,2,190.624,95.312,190.624,95.312,0.0010825798329933878,0.8827228313942337,0.0,0.0
170,Device,Conv2D,xception/conv2d_2/Conv2D,2,182.848,91.424,182.848,91.424,0.0010384188628041328,0.8837612502570378,0.0,0.0
171,Device,FusedBatchNormGradV3,gradient_tape/xception/batch_normalization_1/FusedBatchNormGradV3,2,180.96,90.48,180.96,90.48,0.0010276966519351366,0.8847889469089729,0.0,0.0
172,Device,MaxPool,xception/block3_pool/MaxPool,2,175.968,87.984,175.968,87.984,0.0009993463994679604,0.8857882933084409,0.0,0.0
173,Device,Conv2DBackpropFilter,gradient_tape/xception/conv2d_1/Conv2D/Conv2DBackpropFilter,2,175.2,87.6,175.2,87.6,0.0009949848221653178,0.8867832781306062,0.0,0.0
174,Device,Conv2D,xception/conv2d_1/Conv2D,2,173.504,86.752,173.504,86.752,0.0009853530056219823,0.8877686311362282,0.0,0.0
175,Device,DepthwiseConv2dNativeBackpropInput,gradient_tape/xception/block4_sepconv1/separable_conv2d/DepthwiseConv2dNativeBackpropInput,2,167.552,83.776,167.552,83.776,0.000951550781526503,0.8887201819177547,0.0,0.0
176,Device,ResourceApplyGradientDescent,SGD/SGD/update_151/ResourceApplyGradientDescent,2,161.632,80.816,161.632,80.816,0.0009179302898186339,0.8896381122075734,0.0,0.0
177,Device,DepthwiseConv2dNative,xception/block3_sepconv1/separable_conv2d/depthwise,2,147.936,73.968,147.936,73.968,0.0008401488279215095,0.8904782610354949,0.0,0.0
178,Device,DepthwiseConv2dNativeBackpropFilter,gradient_tape/xception/block4_sepconv1/separable_conv2d/DepthwiseConv2dNativeBackpropFilter,2,145.824,72.912,145.824,72.912,0.0008281544903392427,0.8913064155258341,0.0,0.0
179,Device,MaxPool,xception/block4_pool/MaxPool,2,136.992,68.496,136.992,68.496,0.000777996351358854,0.892084411877193,0.0,0.0
180,Device,Conv2D,xception/block1_conv1/Conv2D,2,136.767,68.3835,136.767,68.3835,0.0007767185455084705,0.8928611304227014,0.0,0.0
181,Device,Relu,xception/block1_conv1_act/Relu,2,135.744,67.872,135.744,67.872,0.00077090878824206,0.8936320392109435,0.0,0.0
182,Device,Relu,xception/block3_sepconv1_act/Relu,2,130.336,65.168,130.336,65.168,0.0007401960147359525,0.8943722352256794,0.0,0.0
183,Device,SoftmaxCrossEntropyWithLogits,categorical_crossentropy/softmax_cross_entropy_with_logits,2,129.376,64.688,129.376,64.688,0.0007347440431076494,0.8951069792687871,0.0,0.0
184,Device,DepthwiseConv2dNativeBackpropInput,gradient_tape/xception/block10_sepconv3/separable_conv2d/DepthwiseConv2dNativeBackpropInput,2,125.632,62.816,125.632,62.816,0.0007134813537572673,0.8958204606225444,0.0,0.0
185,Device,DepthwiseConv2dNativeBackpropInput,gradient_tape/xception/block8_sepconv3/separable_conv2d/DepthwiseConv2dNativeBackpropInput,2,125.408,62.704,125.408,62.704,0.0007122092270439964,0.8965326698495883,0.0,0.0
186,Device,DepthwiseConv2dNativeBackpropInput,gradient_tape/xception/block5_sepconv1/separable_conv2d/DepthwiseConv2dNativeBackpropInput,2,125.312,62.656,125.312,62.656,0.0007116640298811661,0.8972443338794696,0.0,0.0
187,Device,DepthwiseConv2dNativeBackpropInput,gradient_tape/xception/block5_sepconv3/separable_conv2d/DepthwiseConv2dNativeBackpropInput,2,125.184,62.592,125.184,62.592,0.0007109371003307257,0.8979552709798003,0.0,0.0
188,Device,DepthwiseConv2dNativeBackpropInput,gradient_tape/xception/block10_sepconv1/separable_conv2d/DepthwiseConv2dNativeBackpropInput,2,125.152,62.576,125.152,62.576,0.0007107553679431156,0.8986660263477434,0.0,0.0
189,Device,DepthwiseConv2dNativeBackpropInput,gradient_tape/xception/block5_sepconv2/separable_conv2d/DepthwiseConv2dNativeBackpropInput,2,125.152,62.576,125.152,62.576,0.0007107553679431156,0.8993767817156865,0.0,0.0
190,Device,DepthwiseConv2dNativeBackpropInput,gradient_tape/xception/block6_sepconv2/separable_conv2d/DepthwiseConv2dNativeBackpropInput,2,125.024,62.512,125.024,62.512,0.0007100284383926753,0.9000868101540791,0.0,0.0
191,Device,DepthwiseConv2dNativeBackpropInput,gradient_tape/xception/block8_sepconv2/separable_conv2d/DepthwiseConv2dNativeBackpropInput,2,125.024,62.512,125.024,62.512,0.0007100284383926753,0.9007968385924717,0.0,0.0
192,Device,DepthwiseConv2dNativeBackpropInput,gradient_tape/xception/block7_sepconv3/separable_conv2d/DepthwiseConv2dNativeBackpropInput,2,124.992,62.496,124.992,62.496,0.0007098467060050652,0.9015066852984768,0.0,0.0
193,Device,DepthwiseConv2dNativeBackpropInput,gradient_tape/xception/block8_sepconv1/separable_conv2d/DepthwiseConv2dNativeBackpropInput,2,124.832,62.416,124.832,62.416,0.0007089380440670146,0.9022156233425438,0.0,0.0
194,Device,DepthwiseConv2dNativeBackpropInput,gradient_tape/xception/block10_sepconv2/separable_conv2d/DepthwiseConv2dNativeBackpropInput,2,124.672,62.336,124.672,62.336,0.0007080293821289641,0.9029236527246728,0.0,0.0
195,Device,DepthwiseConv2dNativeBackpropInput,gradient_tape/xception/block7_sepconv1/separable_conv2d/DepthwiseConv2dNativeBackpropInput,2,124.672,62.336,124.672,62.336,0.0007080293821289641,0.9036316821068018,0.0,0.0
196,Device,DepthwiseConv2dNativeBackpropInput,gradient_tape/xception/block9_sepconv2/separable_conv2d/DepthwiseConv2dNativeBackpropInput,2,124.448,62.224,124.448,62.224,0.0007067572554156933,0.9043384393622175,0.0,0.0
197,Device,DepthwiseConv2dNativeBackpropInput,gradient_tape/xception/block11_sepconv1/separable_conv2d/DepthwiseConv2dNativeBackpropInput,2,124.384,62.192,124.384,62.192,0.0007063937906404732,0.905044833152858,0.0,0.0
198,Device,DepthwiseConv2dNativeBackpropInput,gradient_tape/xception/block9_sepconv3/separable_conv2d/DepthwiseConv2dNativeBackpropInput,2,124.384,62.192,124.384,62.192,0.0007063937906404732,0.9057512269434985,0.0,0.0
199,Device,DepthwiseConv2dNativeBackpropInput,gradient_tape/xception/block9_sepconv1/separable_conv2d/DepthwiseConv2dNativeBackpropInput,2,124.32,62.16,124.32,62.16,0.0007060303258652529,0.9064572572693638,0.0,0.0
200,Device,DepthwiseConv2dNativeBackpropInput,gradient_tape/xception/block6_sepconv1/separable_conv2d/DepthwiseConv2dNativeBackpropInput,2,124.288,62.144,124.288,62.144,0.0007058485934776428,0.9071631058628414,0.0,0.0
201,Device,DepthwiseConv2dNativeBackpropInput,gradient_tape/xception/block7_sepconv2/separable_conv2d/DepthwiseConv2dNativeBackpropInput,2,124.256,62.128,124.256,62.128,0.0007056668610900327,0.9078687727239315,0.0,0.0
202,Device,DepthwiseConv2dNativeBackpropInput,gradient_tape/xception/block6_sepconv3/separable_conv2d/DepthwiseConv2dNativeBackpropInput,2,123.872,61.936,123.872,61.936,0.0007034860724387115,0.9085722587963703,0.0,0.0
203,Device,DepthwiseConv2dNativeBackpropInput,gradient_tape/xception/block11_sepconv2/separable_conv2d/DepthwiseConv2dNativeBackpropInput,2,122.688,61.344,122.688,61.344,0.0006967619740971376,0.9092690207704675,0.0,0.0
204,Device,DepthwiseConv2dNativeBackpropInput,gradient_tape/xception/block11_sepconv3/separable_conv2d/DepthwiseConv2dNativeBackpropInput,2,121.888,60.944,121.888,60.944,0.0006922186644068851,0.9099612394348744,0.0,0.0
205,Device,DepthwiseConv2dNativeBackpropInput,gradient_tape/xception/block12_sepconv1/separable_conv2d/DepthwiseConv2dNativeBackpropInput,2,121.632,60.816,121.632,60.816,0.0006907648053060042,0.9106520042401804,0.0,0.0
206,Device,DepthwiseConv2dNativeBackpropInput,gradient_tape/xception/block13_sepconv2/separable_conv2d/DepthwiseConv2dNativeBackpropInput,2,119.712,59.856,119.712,59.856,0.000679860862049398,0.9113318651022299,0.0,0.0
207,Device,DepthwiseConv2dNativeBackpropInput,gradient_tape/xception/block12_sepconv2/separable_conv2d/DepthwiseConv2dNativeBackpropInput,2,119.488,59.744,119.488,59.744,0.0006785887353361273,0.912010453837566,0.0,0.0
208,Device,DepthwiseConv2dNativeBackpropInput,gradient_tape/xception/block12_sepconv3/separable_conv2d/DepthwiseConv2dNativeBackpropInput,2,118.656,59.328,118.656,59.328,0.0006738636932582646,0.9126843175308242,0.0,0.0
209,Device,DepthwiseConv2dNativeBackpropInput,gradient_tape/xception/block13_sepconv1/separable_conv2d/DepthwiseConv2dNativeBackpropInput,2,118.4,59.2,118.4,59.2,0.0006724098341573838,0.9133567273649816,0.0,0.0
210,Device,FusedBatchNormGradV3,gradient_tape/xception/block13_sepconv2_bn/FusedBatchNormGradV3,2,109.664,54.832,109.664,54.832,0.0006227968923398254,0.9139795242573214,0.0,0.0
211,Device,ReluGrad,gradient_tape/xception/block4_sepconv1_act/ReluGrad,2,108.192,54.096,108.192,54.096,0.0006144372025097606,0.9145939614598312,0.0,0.0
212,Device,AddN,SGD/gradients/AddN_9,2,107.232,53.616,107.232,53.616,0.0006089852308814575,0.9152029466907127,0.0,0.0
213,Device,AddV2,xception/add_1/add,2,101.248,50.624,101.248,50.624,0.0005750012743983682,0.915777947965111,0.0,0.0
214,Device,FusedBatchNormV3,xception/batch_normalization_1/FusedBatchNormV3,4,94.432,23.608,94.432,23.608,0.0005362922758374161,0.9163142402409484,0.0,0.0
215,Device,DepthwiseConv2dNative,xception/block4_sepconv1/separable_conv2d/depthwise,2,86.336,43.168,86.336,43.168,0.0004903139817720598,0.9168045542227204,0.0,0.0
216,Device,FusedBatchNormV3,xception/block13_sepconv2_bn/FusedBatchNormV3,4,84.288,21.072,84.288,21.072,0.00047868310896501316,0.9172832373316855,0.0,0.0
217,Device,FusedBatchNormGradV3,gradient_tape/xception/batch_normalization_2/FusedBatchNormGradV3,2,83.68,41.84,83.68,41.84,0.0004752301936004213,0.9177584675252859,0.0,0.0
218,Device,ResourceApplyGradientDescent,SGD/SGD/update_147/ResourceApplyGradientDescent,2,80.672,40.336,80.672,40.336,0.0004581473491650714,0.9182166148744509,0.0,0.0
219,Device,FusedBatchNormGradV3,gradient_tape/xception/block8_sepconv1_bn/FusedBatchNormGradV3,2,80.288,40.144,80.288,40.144,0.0004559665605137502,0.9186725814349647,0.0,0.0
220,Device,FusedBatchNormGradV3,gradient_tape/xception/block7_sepconv2_bn/FusedBatchNormGradV3,2,80.128,40.064,80.128,40.064,0.0004550578985756997,0.9191276393335404,0.0,0.0
221,Device,FusedBatchNormGradV3,gradient_tape/xception/block6_sepconv2_bn/FusedBatchNormGradV3,2,79.872,39.936,79.872,39.936,0.0004536040394748189,0.9195812433730152,0.0,0.0
222,Device,FusedBatchNormGradV3,gradient_tape/xception/block5_sepconv1_bn/FusedBatchNormGradV3,2,79.776,39.888,79.776,39.888,0.00045305884231198855,0.9200343022153271,0.0,0.0
223,Device,FusedBatchNormGradV3,gradient_tape/xception/block8_sepconv2_bn/FusedBatchNormGradV3,2,79.488,39.744,79.488,39.744,0.0004514232508234976,0.9204857254661506,0.0,0.0
224,Device,FusedBatchNormGradV3,gradient_tape/xception/block9_sepconv3_bn/FusedBatchNormGradV3,2,79.424,39.712,79.424,39.712,0.00045105978604827743,0.9209367852521989,0.0,0.0
225,Device,FusedBatchNormGradV3,gradient_tape/xception/block11_sepconv1_bn/FusedBatchNormGradV3,2,79.232,39.616,79.232,39.616,0.0004499693917226168,0.9213867546439215,0.0,0.0
226,Device,FusedBatchNormGradV3,gradient_tape/xception/block5_sepconv2_bn/FusedBatchNormGradV3,2,79.2,39.6,79.2,39.6,0.0004497876593350067,0.9218365423032565,0.0,0.0
227,Device,FusedBatchNormGradV3,gradient_tape/xception/block9_sepconv1_bn/FusedBatchNormGradV3,2,79.2,39.6,79.2,39.6,0.0004497876593350067,0.9222863299625915,0.0,0.0
228,Device,FusedBatchNormGradV3,gradient_tape/xception/block10_sepconv1_bn/FusedBatchNormGradV3,2,79.008,39.504,79.008,39.504,0.00044869726500934603,0.9227350272276009,0.0,0.0
229,Device,FusedBatchNormGradV3,gradient_tape/xception/block10_sepconv2_bn/FusedBatchNormGradV3,2,78.88,39.44,78.88,39.44,0.0004479703354589056,0.9231829975630599,0.0,0.0
230,Device,FusedBatchNormGradV3,gradient_tape/xception/block6_sepconv1_bn/FusedBatchNormGradV3,2,78.784,39.392,78.784,39.392,0.0004474251382960754,0.923630422701356,0.0,0.0
231,Device,FusedBatchNormGradV3,gradient_tape/xception/block9_sepconv2_bn/FusedBatchNormGradV3,2,78.784,39.392,78.784,39.392,0.0004474251382960754,0.9240778478396521,0.0,0.0
232,Device,FusedBatchNormGradV3,gradient_tape/xception/block13_sepconv1_bn/FusedBatchNormGradV3,2,78.752,39.376,78.752,39.376,0.0004472434059084652,0.9245250912455606,0.0,0.0
233,Device,AddN,SGD/gradients/AddN_5,2,78.624,39.312,78.624,39.312,0.0004465164763580248,0.9249716077219187,0.0,0.0
234,Device,FusedBatchNormGradV3,gradient_tape/xception/block11_sepconv2_bn/FusedBatchNormGradV3,2,78.592,39.296,78.592,39.296,0.00044633474397041473,0.925417942465889,0.0,0.0
235,Device,FusedBatchNormGradV3,gradient_tape/xception/block7_sepconv1_bn/FusedBatchNormGradV3,2,78.432,39.216,78.432,39.216,0.0004454260820323642,0.9258633685479214,0.0,0.0
236,Device,FusedBatchNormGradV3,gradient_tape/xception/block6_sepconv3_bn/FusedBatchNormGradV3,2,78.4,39.2,78.4,39.2,0.00044524434964475414,0.9263086128975662,0.0,0.0
237,Device,FusedBatchNormGradV3,gradient_tape/xception/block10_sepconv3_bn/FusedBatchNormGradV3,2,78.368,39.184,78.368,39.184,0.000445062617257144,0.9267536755148233,0.0,0.0
238,Device,FusedBatchNormGradV3,gradient_tape/xception/block11_sepconv3_bn/FusedBatchNormGradV3,2,78.208,39.104,78.208,39.104,0.00044415395531909345,0.9271978294701424,0.0,0.0
239,Device,FusedBatchNormGradV3,gradient_tape/xception/block8_sepconv3_bn/FusedBatchNormGradV3,2,78.208,39.104,78.208,39.104,0.00044415395531909345,0.9276419834254614,0.0,0.0
240,Device,FusedBatchNormGradV3,gradient_tape/xception/block5_sepconv3_bn/FusedBatchNormGradV3,2,78.048,39.024,78.048,39.024,0.00044324529338104297,0.9280852287188425,0.0,0.0
241,Device,FusedBatchNormGradV3,gradient_tape/xception/block12_sepconv1_bn/FusedBatchNormGradV3,2,77.76,38.88,77.76,38.88,0.00044160970189255203,0.928526838420735,0.0,0.0
242,Device,AddN,SGD/gradients/AddN_6,2,77.408,38.704,77.408,38.704,0.0004396106456288409,0.9289664490663638,0.0,0.0
243,Device,FusedBatchNormGradV3,gradient_tape/xception/block7_sepconv3_bn/FusedBatchNormGradV3,2,77.408,38.704,77.408,38.704,0.0004396106456288409,0.9294060597119926,0.0,0.0
244,Device,FusedBatchNormGradV3,gradient_tape/xception/block12_sepconv3_bn/FusedBatchNormGradV3,2,77.312,38.656,77.312,38.656,0.00043906544846601057,0.9298451251604587,0.0,0.0
245,Device,AddN,SGD/gradients/AddN_4,2,77.28,38.64,77.28,38.64,0.00043888371607840045,0.9302840088765371,0.0,0.0
246,Device,AddN,SGD/gradients/AddN_2,2,77.12,38.56,77.12,38.56,0.00043797505414035,0.9307219839306774,0.0,0.0
247,Device,AddN,SGD/gradients/AddN_3,2,77.088,38.544,77.088,38.544,0.0004377933217527398,0.9311597772524302,0.0,0.0
248,Device,AddN,SGD/gradients/AddN_1,2,77.024,38.512,77.024,38.512,0.00043742985697751963,0.9315972071094076,0.0,0.0
249,Device,AddN,SGD/gradients/AddN_7,2,76.96,38.48,76.96,38.48,0.0004370663922022994,0.9320342735016099,0.0,0.0
250,Device,FusedBatchNormGradV3,gradient_tape/xception/block12_sepconv2_bn/FusedBatchNormGradV3,2,76.928,38.464,76.928,38.464,0.00043688465981468934,0.9324711581614247,0.0,0.0
251,Device,AddN,SGD/gradients/AddN_8,2,76.512,38.256,76.512,38.256,0.000434522138775758,0.9329056803002004,0.0,0.0
252,Device,ReluGrad,gradient_tape/xception/block6_sepconv3_act/ReluGrad,2,76.32,38.16,76.32,38.16,0.00043343174445009734,0.9333391120446505,0.0,0.0
253,Device,FusedBatchNormV3,xception/block14_sepconv2_bn/FusedBatchNormV3,4,76.0,19.0,76.0,19.0,0.00043161442057399634,0.9337707264652245,0.0,0.0
254,Device,DepthwiseConv2dNativeBackpropFilter,gradient_tape/xception/block7_sepconv2/separable_conv2d/DepthwiseConv2dNativeBackpropFilter,2,75.584,37.792,75.584,37.792,0.000429251899535065,0.9341999783647595,0.0,0.0
255,Device,ReluGrad,gradient_tape/xception/block9_sepconv2_act/ReluGrad,2,75.52,37.76,75.52,37.76,0.00042888843475984476,0.9346288667995194,0.0,0.0
256,Device,DepthwiseConv2dNativeBackpropFilter,gradient_tape/xception/block9_sepconv3/separable_conv2d/DepthwiseConv2dNativeBackpropFilter,2,75.392,37.696,75.392,37.696,0.00042816150520940435,0.9350570283047288,0.0,0.0
257,Device,ReluGrad,gradient_tape/xception/block9_sepconv3_act/ReluGrad,2,75.232,37.616,75.232,37.616,0.0004272528432713538,0.9354842811480002,0.0,0.0
258,Device,DepthwiseConv2dNativeBackpropFilter,gradient_tape/xception/block6_sepconv2/separable_conv2d/DepthwiseConv2dNativeBackpropFilter,2,75.104,37.552,75.104,37.552,0.0004265259137209134,0.9359108070617211,0.0,0.0
259,Device,DepthwiseConv2dNativeBackpropFilter,gradient_tape/xception/block9_sepconv2/separable_conv2d/DepthwiseConv2dNativeBackpropFilter,2,74.976,37.488,74.976,37.488,0.000425798984170473,0.9363366060458916,0.0,0.0
260,Device,ReluGrad,gradient_tape/xception/block13_sepconv2_act/ReluGrad,2,74.88,37.44,74.88,37.44,0.00042525378700764265,0.9367618598328993,0.0,0.0
261,Device,DepthwiseConv2dNativeBackpropFilter,gradient_tape/xception/block6_sepconv1/separable_conv2d/DepthwiseConv2dNativeBackpropFilter,2,74.752,37.376,74.752,37.376,0.00042452685745720224,0.9371863866903565,0.0,0.0
262,Device,ReluGrad,gradient_tape/xception/block13_sepconv1_act/ReluGrad,2,74.72,37.36,74.72,37.36,0.0004243451250695922,0.9376107318154261,0.0,0.0
263,Device,DepthwiseConv2dNativeBackpropFilter,gradient_tape/xception/block7_sepconv3/separable_conv2d/DepthwiseConv2dNativeBackpropFilter,2,74.56,37.28,74.56,37.28,0.00042343646313154165,0.9380341682785577,0.0,0.0
264,Device,DepthwiseConv2dNativeBackpropFilter,gradient_tape/xception/block5_sepconv2/separable_conv2d/DepthwiseConv2dNativeBackpropFilter,2,74.528,37.264,74.528,37.264,0.0004232547307439316,0.9384574230093016,0.0,0.0
265,Device,DepthwiseConv2dNativeBackpropFilter,gradient_tape/xception/block8_sepconv3/separable_conv2d/DepthwiseConv2dNativeBackpropFilter,2,74.496,37.248,74.496,37.248,0.0004230729983563214,0.9388804960076579,0.0,0.0
266,Device,DepthwiseConv2dNativeBackpropFilter,gradient_tape/xception/block11_sepconv1/separable_conv2d/DepthwiseConv2dNativeBackpropFilter,2,74.368,37.184,74.368,37.184,0.000422346068805881,0.9393028420764638,0.0,0.0
267,Device,ReluGrad,gradient_tape/xception/block5_sepconv3_act/ReluGrad,2,74.368,37.184,74.368,37.184,0.000422346068805881,0.9397251881452696,0.0,0.0
268,Device,DepthwiseConv2dNativeBackpropFilter,gradient_tape/xception/block7_sepconv1/separable_conv2d/DepthwiseConv2dNativeBackpropFilter,2,74.272,37.136,74.272,37.136,0.00042180087164305077,0.9401469890169126,0.0,0.0
269,Device,DepthwiseConv2dNativeBackpropFilter,gradient_tape/xception/block10_sepconv1/separable_conv2d/DepthwiseConv2dNativeBackpropFilter,2,74.24,37.12,74.24,37.12,0.0004216191392554406,0.940568608156168,0.0,0.0
270,Device,DepthwiseConv2dNativeBackpropFilter,gradient_tape/xception/block5_sepconv1/separable_conv2d/DepthwiseConv2dNativeBackpropFilter,2,74.24,37.12,74.24,37.12,0.0004216191392554406,0.9409902272954235,0.0,0.0
271,Device,DepthwiseConv2dNativeBackpropFilter,gradient_tape/xception/block8_sepconv1/separable_conv2d/DepthwiseConv2dNativeBackpropFilter,2,74.24,37.12,74.24,37.12,0.0004216191392554406,0.9414118464346789,0.0,0.0
272,Device,DepthwiseConv2dNativeBackpropFilter,gradient_tape/xception/block10_sepconv2/separable_conv2d/DepthwiseConv2dNativeBackpropFilter,2,74.176,37.088,74.176,37.088,0.0004212556744802204,0.9418331021091592,0.0,0.0
273,Device,DepthwiseConv2dNativeBackpropFilter,gradient_tape/xception/block10_sepconv3/separable_conv2d/DepthwiseConv2dNativeBackpropFilter,2,74.144,37.072,74.144,37.072,0.00042107394209261036,0.9422541760512517,0.0,0.0
274,Device,ReluGrad,gradient_tape/xception/block12_sepconv2_act/ReluGrad,2,74.144,37.072,74.144,37.072,0.00042107394209261036,0.9426752499933443,0.0,0.0
275,Device,Transpose,gradient_tape/xception/block1_conv1/Conv2D/Conv2DBackpropFilter-0-TransposeNHWCToNCHW-LayoutOptimizer,2,74.144,37.072,74.144,37.072,0.00042107394209261036,0.9430963239354369,0.0,0.0
276,Device,DepthwiseConv2dNativeBackpropFilter,gradient_tape/xception/block9_sepconv1/separable_conv2d/DepthwiseConv2dNativeBackpropFilter,2,74.144,37.072,74.144,37.072,0.00042107394209261036,0.9435173978775294,0.0,0.0
277,Device,DepthwiseConv2dNativeBackpropFilter,gradient_tape/xception/block5_sepconv3/separable_conv2d/DepthwiseConv2dNativeBackpropFilter,2,74.08,37.04,74.08,37.04,0.00042071047731739007,0.9439381083548468,0.0,0.0
278,Device,AddV2,xception/add_8/add,2,74.048,37.024,74.048,37.024,0.00042052874492978,0.9443586370997766,0.0,0.0
279,Device,DepthwiseConv2dNativeBackpropFilter,gradient_tape/xception/block6_sepconv3/separable_conv2d/DepthwiseConv2dNativeBackpropFilter,2,73.984,36.992,73.984,36.992,0.0004201652801545598,0.9447788023799312,0.0,0.0
280,Device,AddV2,xception/add_6/add,2,73.92,36.96,73.92,36.96,0.0004198018153793396,0.9451986041953105,0.0,0.0
281,Device,DepthwiseConv2dNativeBackpropFilter,gradient_tape/xception/block8_sepconv2/separable_conv2d/DepthwiseConv2dNativeBackpropFilter,2,73.888,36.944,73.888,36.944,0.0004196200829917295,0.9456182242783022,0.0,0.0
282,Device,AddV2,xception/add_3/add,2,73.888,36.944,73.888,36.944,0.0004196200829917295,0.9460378443612939,0.0,0.0
283,Device,ReluGrad,gradient_tape/xception/block7_sepconv2_act/ReluGrad,2,73.696,36.848,73.696,36.848,0.00041852968866606884,0.94645637404996,0.0,0.0
284,Device,AddN,SGD/gradients/AddN,2,73.6,36.8,73.6,36.8,0.0004179844915032385,0.9468743585414632,0.0,0.0
285,Device,ReluGrad,gradient_tape/xception/block11_sepconv3_act/ReluGrad,2,73.6,36.8,73.6,36.8,0.0004179844915032385,0.9472923430329664,0.0,0.0
286,Device,DepthwiseConv2dNativeBackpropFilter,gradient_tape/xception/block12_sepconv3/separable_conv2d/DepthwiseConv2dNativeBackpropFilter,2,73.568,36.784,73.568,36.784,0.0004178027591156284,0.947710145792082,0.0,0.0
287,Device,AddV2,xception/add_9/add,2,73.536,36.768,73.536,36.768,0.00041762102672801836,0.9481277668188101,0.0,0.0
288,Device,AddV2,xception/add_10/add,2,73.504,36.752,73.504,36.752,0.00041743929434040825,0.9485452061131505,0.0,0.0
289,Device,ReluGrad,gradient_tape/xception/block12_sepconv3_act/ReluGrad,2,73.44,36.72,73.44,36.72,0.000417075829565188,0.9489622819427157,0.0,0.0
290,Device,AddV2,xception/add_5/add,2,73.408,36.704,73.408,36.704,0.00041689409717757795,0.9493791760398933,0.0,0.0
291,Device,ReluGrad,gradient_tape/xception/block10_sepconv1_act/ReluGrad,2,73.312,36.656,73.312,36.656,0.0004163489000147476,0.949795524939908,0.0,0.0
292,Device,ReluGrad,gradient_tape/xception/block9_sepconv1_act/ReluGrad,2,73.312,36.656,73.312,36.656,0.0004163489000147476,0.9502118738399228,0.0,0.0
293,Device,ReluGrad,gradient_tape/xception/block8_sepconv2_act/ReluGrad,2,73.28,36.64,73.28,36.64,0.0004161671676271375,0.9506280410075499,0.0,0.0
294,Device,ReluGrad,gradient_tape/xception/block5_sepconv2_act/ReluGrad,2,73.248,36.624,73.248,36.624,0.0004159854352395274,0.9510440264427895,0.0,0.0
295,Device,DepthwiseConv2dNativeBackpropFilter,gradient_tape/xception/block11_sepconv3/separable_conv2d/DepthwiseConv2dNativeBackpropFilter,2,73.216,36.608,73.216,36.608,0.00041580370285191725,0.9514598301456414,0.0,0.0
296,Device,DepthwiseConv2dNativeBackpropFilter,gradient_tape/xception/block13_sepconv1/separable_conv2d/DepthwiseConv2dNativeBackpropFilter,2,73.216,36.608,73.216,36.608,0.00041580370285191725,0.9518756338484933,0.0,0.0
297,Device,AddV2,xception/add_4/add,2,73.216,36.608,73.216,36.608,0.00041580370285191725,0.9522914375513452,0.0,0.0
298,Device,AddV2,xception/add_7/add,2,73.184,36.592,73.184,36.592,0.0004156219704643072,0.9527070595218095,0.0,0.0
299,Device,ReluGrad,gradient_tape/xception/block10_sepconv3_act/ReluGrad,2,73.12,36.56,73.12,36.56,0.000415258505689087,0.9531223180274986,0.0,0.0
300,Device,ReluGrad,gradient_tape/xception/block11_sepconv2_act/ReluGrad,2,73.056,36.528,73.056,36.528,0.0004148950409138668,0.9535372130684124,0.0,0.0
301,Device,DepthwiseConv2dNativeBackpropFilter,gradient_tape/xception/block12_sepconv1/separable_conv2d/DepthwiseConv2dNativeBackpropFilter,2,73.056,36.528,73.056,36.528,0.0004148950409138668,0.9539521081093263,0.0,0.0
302,Device,ReluGrad,gradient_tape/xception/block7_sepconv3_act/ReluGrad,2,73.024,36.512,73.024,36.512,0.00041471330852625667,0.9543668214178526,0.0,0.0
303,Device,AddV2,xception/add_2/add,2,73.024,36.512,73.024,36.512,0.00041471330852625667,0.9547815347263788,0.0,0.0
304,Device,DepthwiseConv2dNativeBackpropFilter,gradient_tape/xception/block11_sepconv2/separable_conv2d/DepthwiseConv2dNativeBackpropFilter,2,72.992,36.496,72.992,36.496,0.0004145315761386466,0.9551960663025175,0.0,0.0
305,Device,FusedBatchNormV3,xception/batch_normalization_2/FusedBatchNormV3,4,72.992,18.248,72.992,18.248,0.0004145315761386466,0.9556105978786562,0.0,0.0
306,Device,ReluGrad,gradient_tape/xception/block7_sepconv1_act/ReluGrad,2,72.864,36.432,72.864,36.432,0.0004138046465882062,0.9560244025252445,0.0,0.0
307,Device,DepthwiseConv2dNativeBackpropFilter,gradient_tape/xception/block13_sepconv2/separable_conv2d/DepthwiseConv2dNativeBackpropFilter,2,72.8,36.4,72.8,36.4,0.00041344118181298596,0.9564378437070574,0.0,0.0
308,Device,DepthwiseConv2dNativeBackpropFilter,gradient_tape/xception/block12_sepconv2/separable_conv2d/DepthwiseConv2dNativeBackpropFilter,2,72.672,36.336,72.672,36.336,0.0004127142522625455,0.95685055795932,0.0,0.0
309,Device,ReluGrad,gradient_tape/xception/block10_sepconv2_act/ReluGrad,2,72.512,36.256,72.512,36.256,0.000411805590324495,0.9572623635496444,0.0,0.0
310,Device,ReluGrad,gradient_tape/xception/block6_sepconv1_act/ReluGrad,2,72.48,36.24,72.48,36.24,0.00041162385793688496,0.9576739874075814,0.0,0.0
311,Device,ReluGrad,gradient_tape/xception/block12_sepconv1_act/ReluGrad,2,72.416,36.208,72.416,36.208,0.00041126039316166467,0.958085247800743,0.0,0.0
312,Device,ReluGrad,gradient_tape/xception/block5_sepconv1_act/ReluGrad,2,72.416,36.208,72.416,36.208,0.00041126039316166467,0.9584965081939046,0.0,0.0
313,Device,ReluGrad,gradient_tape/xception/block6_sepconv2_act/ReluGrad,2,72.416,36.208,72.416,36.208,0.00041126039316166467,0.9589077685870663,0.0,0.0
314,Device,ReluGrad,gradient_tape/xception/block8_sepconv3_act/ReluGrad,2,72.288,36.144,72.288,36.144,0.00041053346361122426,0.9593183020506775,0.0,0.0
315,Device,ReluGrad,gradient_tape/xception/block8_sepconv1_act/ReluGrad,2,72.128,36.064,72.128,36.064,0.0004096248016731738,0.9597279268523506,0.0,0.0
316,Device,ReluGrad,gradient_tape/xception/block11_sepconv1_act/ReluGrad,2,72.032,36.016,72.032,36.016,0.00040907960451034344,0.960137006456861,0.0,0.0
317,Device,Relu,xception/block4_sepconv1_act/Relu,2,71.776,35.888,71.776,35.888,0.0004076257454094626,0.9605446322022704,0.0,0.0
318,Device,FusedBatchNormGradV3,gradient_tape/xception/block14_sepconv2_bn/FusedBatchNormGradV3,2,70.528,35.264,70.528,35.264,0.0004005381822926686,0.9609451703845631,0.0,0.0
319,Device,FusedBatchNormV3,xception/block10_sepconv2_bn/FusedBatchNormV3,4,65.344,16.336,65.344,16.336,0.00037109753549983173,0.9613162679200629,0.0,0.0
320,Device,FusedBatchNormV3,xception/block9_sepconv1_bn/FusedBatchNormV3,4,65.184,16.296,65.184,16.296,0.00037018887356178126,0.9616864567936246,0.0,0.0
321,Device,FusedBatchNormV3,xception/block8_sepconv2_bn/FusedBatchNormV3,4,64.736,16.184,64.736,16.184,0.00036764462013523985,0.9620541014137599,0.0,0.0
322,Device,FusedBatchNormV3,xception/block12_sepconv1_bn/FusedBatchNormV3,4,64.64,16.16,64.64,16.16,0.0003670994229724095,0.9624212008367323,0.0,0.0
323,Device,FusedBatchNormV3,xception/block5_sepconv1_bn/FusedBatchNormV3,4,64.64,16.16,64.64,16.16,0.0003670994229724095,0.9627883002597047,0.0,0.0
324,Device,FusedBatchNormV3,xception/block11_sepconv1_bn/FusedBatchNormV3,4,64.352,16.088,64.352,16.088,0.0003654638314839186,0.9631537640911887,0.0,0.0
325,Device,DepthwiseConv2dNativeBackpropInput,gradient_tape/xception/block14_sepconv2/separable_conv2d/DepthwiseConv2dNativeBackpropInput,2,64.32,32.16,64.32,32.16,0.00036528209909630845,0.963519046190285,0.0,0.0
326,Device,FusedBatchNormV3,xception/block6_sepconv3_bn/FusedBatchNormV3,4,64.32,16.08,64.32,16.08,0.00036528209909630845,0.9638843282893812,0.0,0.0
327,Device,FusedBatchNormV3,xception/block13_sepconv1_bn/FusedBatchNormV3,4,64.192,16.048,64.192,16.048,0.00036455516954586804,0.9642488834589271,0.0,0.0
328,Device,FusedBatchNormV3,xception/block8_sepconv3_bn/FusedBatchNormV3,4,64.16,16.04,64.16,16.04,0.0003643734371582579,0.9646132568960853,0.0,0.0
329,Device,FusedBatchNormV3,xception/block5_sepconv3_bn/FusedBatchNormV3,4,64.032,16.008,64.032,16.008,0.0003636465076078175,0.9649769034036931,0.0,0.0
330,Device,FusedBatchNormV3,xception/block6_sepconv2_bn/FusedBatchNormV3,4,64.032,16.008,64.032,16.008,0.0003636465076078175,0.9653405499113009,0.0,0.0
331,Device,FusedBatchNormV3,xception/block11_sepconv3_bn/FusedBatchNormV3,4,64.0,16.0,64.0,16.0,0.00036346477522020745,0.9657040146865211,0.0,0.0
332,Device,FusedBatchNormV3,xception/block9_sepconv3_bn/FusedBatchNormV3,4,63.872,15.968,63.872,15.968,0.00036273784566976704,0.9660667525321909,0.0,0.0
333,Device,FusedBatchNormV3,xception/block10_sepconv3_bn/FusedBatchNormV3,4,63.84,15.96,63.84,15.96,0.0003625561132821569,0.966429308645473,0.0,0.0
334,Device,FusedBatchNormV3,xception/block8_sepconv1_bn/FusedBatchNormV3,4,63.84,15.96,63.84,15.96,0.0003625561132821569,0.9667918647587552,0.0,0.0
335,Device,FusedBatchNormV3,xception/block7_sepconv2_bn/FusedBatchNormV3,4,63.744,15.936,63.744,15.936,0.0003620109161193266,0.9671538756748745,0.0,0.0
336,Device,FusedBatchNormV3,xception/block12_sepconv2_bn/FusedBatchNormV3,4,63.616,15.904,63.616,15.904,0.00036128398656888616,0.9675151596614434,0.0,0.0
337,Device,FusedBatchNormV3,xception/block12_sepconv3_bn/FusedBatchNormV3,4,63.456,15.864,63.456,15.864,0.0003603753246308357,0.9678755349860743,0.0,0.0
338,Device,FusedBatchNormV3,xception/block10_sepconv1_bn/FusedBatchNormV3,4,63.328,15.832,63.328,15.832,0.0003596483950803953,0.9682351833811547,0.0,0.0
339,Device,FusedBatchNormV3,xception/block6_sepconv1_bn/FusedBatchNormV3,4,63.328,15.832,63.328,15.832,0.0003596483950803953,0.9685948317762351,0.0,0.0
340,Device,FusedBatchNormV3,xception/block7_sepconv1_bn/FusedBatchNormV3,4,63.136,15.784,63.136,15.784,0.00035855800075473463,0.9689533897769897,0.0,0.0
341,Device,FusedBatchNormV3,xception/block9_sepconv2_bn/FusedBatchNormV3,4,63.04,15.76,63.04,15.76,0.00035801280359190434,0.9693114025805817,0.0,0.0
342,Device,FusedBatchNormV3,xception/block7_sepconv3_bn/FusedBatchNormV3,4,63.008,15.752,63.008,15.752,0.0003578310712042942,0.9696692336517859,0.0,0.0
343,Device,FusedBatchNormV3,xception/block11_sepconv2_bn/FusedBatchNormV3,4,62.816,15.704,62.816,15.704,0.00035674067687863363,0.9700259743286646,0.0,0.0
344,Device,FusedBatchNormV3,xception/block5_sepconv2_bn/FusedBatchNormV3,4,62.24,15.56,62.24,15.56,0.00035346949390165175,0.9703794438225662,0.0,0.0
345,Device,FusedBatchNormV3,xception/block14_sepconv1_bn/FusedBatchNormV3,4,61.696,15.424,61.696,15.424,0.00035038004331227994,0.9707298238658785,0.0,0.0
346,Device,FusedBatchNormGradV3,gradient_tape/xception/block14_sepconv1_bn/FusedBatchNormGradV3,2,59.072,29.536,59.072,29.536,0.0003354779875282515,0.9710653018534067,0.0,0.0
347,Device,DepthwiseConv2dNative,xception/block5_sepconv1/separable_conv2d/depthwise,2,58.368,29.184,58.368,29.184,0.0003314798750008292,0.9713967817284075,0.0,0.0
348,Device,DepthwiseConv2dNative,xception/block11_sepconv1/separable_conv2d/depthwise,2,58.336,29.168,58.336,29.168,0.0003312981426132191,0.9717280798710207,0.0,0.0
349,Device,DepthwiseConv2dNative,xception/block7_sepconv1/separable_conv2d/depthwise,2,56.928,28.464,56.928,28.464,0.0003233019175583745,0.9720513817885791,0.0,0.0
350,Device,DepthwiseConv2dNative,xception/block12_sepconv1/separable_conv2d/depthwise,2,56.608,28.304,56.608,28.304,0.00032148459368227345,0.9723728663822614,0.0,0.0
351,Device,DepthwiseConv2dNative,xception/block8_sepconv1/separable_conv2d/depthwise,2,56.384,28.192,56.384,28.192,0.00032021246696900275,0.9726930788492304,0.0,0.0
352,Device,DepthwiseConv2dNative,xception/block6_sepconv1/separable_conv2d/depthwise,2,56.352,28.176,56.352,28.176,0.00032003073458139263,0.9730131095838118,0.0,0.0
353,Device,DepthwiseConv2dNative,xception/block9_sepconv1/separable_conv2d/depthwise,2,56.352,28.176,56.352,28.176,0.00032003073458139263,0.9733331403183932,0.0,0.0
354,Device,DepthwiseConv2dNative,xception/block13_sepconv1/separable_conv2d/depthwise,2,56.032,28.016,56.032,28.016,0.0003182134107052916,0.9736513537290985,0.0,0.0
355,Device,DepthwiseConv2dNative,xception/block10_sepconv1/separable_conv2d/depthwise,2,55.936,27.968,55.936,27.968,0.0003176682135424613,0.973969021942641,0.0,0.0
356,Device,DepthwiseConv2dNative,xception/block8_sepconv2/separable_conv2d/depthwise,2,54.464,27.232,54.464,27.232,0.00030930852371239653,0.9742783304663534,0.0,0.0
357,Device,DepthwiseConv2dNative,xception/block13_sepconv2/separable_conv2d/depthwise,2,54.144,27.072,54.144,27.072,0.0003074911998362955,0.9745858216661897,0.0,0.0
358,Device,DepthwiseConv2dNative,xception/block11_sepconv2/separable_conv2d/depthwise,2,53.952,26.976,53.952,26.976,0.00030640080551063483,0.9748922224717003,0.0,0.0
359,Device,DepthwiseConv2dNative,xception/block5_sepconv2/separable_conv2d/depthwise,2,53.92,26.96,53.92,26.96,0.00030621907312302477,0.9751984415448233,0.0,0.0
360,Device,DepthwiseConv2dNative,xception/block6_sepconv3/separable_conv2d/depthwise,2,53.632,26.816,53.632,26.816,0.00030458348163453383,0.9755030250264578,0.0,0.0
361,Device,DepthwiseConv2dNative,xception/block8_sepconv3/separable_conv2d/depthwise,2,53.536,26.768,53.536,26.768,0.00030403828447170354,0.9758070633109295,0.0,0.0
362,Device,DepthwiseConv2dNative,xception/block9_sepconv2/separable_conv2d/depthwise,2,53.536,26.768,53.536,26.768,0.00030403828447170354,0.9761111015954012,0.0,0.0
363,Device,DepthwiseConv2dNative,xception/block7_sepconv2/separable_conv2d/depthwise,2,53.248,26.624,53.248,26.624,0.00030240269298321254,0.9764135042883844,0.0,0.0
364,Device,DepthwiseConv2dNative,xception/block10_sepconv3/separable_conv2d/depthwise,2,53.056,26.528,53.056,26.528,0.00030131229865755195,0.976714816587042,0.0,0.0
365,Device,DepthwiseConv2dNative,xception/block9_sepconv3/separable_conv2d/depthwise,2,52.992,26.496,52.992,26.496,0.0003009488338823317,0.9770157654209243,0.0,0.0
366,Device,DepthwiseConv2dNative,xception/block10_sepconv2/separable_conv2d/depthwise,2,52.8,26.4,52.8,26.4,0.00029985843955667113,0.977315623860481,0.0,0.0
367,Device,DepthwiseConv2dNative,xception/block12_sepconv3/separable_conv2d/depthwise,2,52.8,26.4,52.8,26.4,0.00029985843955667113,0.9776154823000377,0.0,0.0
368,Device,DepthwiseConv2dNative,xception/block6_sepconv2/separable_conv2d/depthwise,2,52.608,26.304,52.608,26.304,0.0002987680452310105,0.9779142503452687,0.0,0.0
369,Device,DepthwiseConv2dNative,xception/block7_sepconv3/separable_conv2d/depthwise,2,52.32,26.16,52.32,26.16,0.00029713245374251955,0.9782113827990112,0.0,0.0
370,Device,DepthwiseConv2dNative,xception/block12_sepconv2/separable_conv2d/depthwise,2,52.032,26.016,52.032,26.016,0.0002954968622540286,0.9785068796612653,0.0,0.0
371,Device,Relu,xception/block8_sepconv1_act/Relu,2,51.872,25.936,51.872,25.936,0.00029458820031597814,0.9788014678615813,0.0,0.0
372,Device,DepthwiseConv2dNative,xception/block5_sepconv3/separable_conv2d/depthwise,2,51.84,25.92,51.84,25.92,0.000294406467928368,0.9790958743295096,0.0,0.0
373,Device,Relu,xception/block5_sepconv1_act/Relu,2,51.776,25.888,51.776,25.888,0.00029404300315314784,0.9793899173326628,0.0,0.0
374,Device,DepthwiseConv2dNative,xception/block11_sepconv3/separable_conv2d/depthwise,2,51.584,25.792,51.584,25.792,0.0002929526088274872,0.9796828699414902,0.0,0.0
375,Device,Relu,xception/block7_sepconv1_act/Relu,2,51.2,25.6,51.2,25.6,0.00029077182017616597,0.9799736417616663,0.0,0.0
376,Device,Relu,xception/block12_sepconv1_act/Relu,2,50.848,25.424,50.848,25.424,0.0002887727639124548,0.9802624145255788,0.0,0.0
377,Device,Relu,xception/block9_sepconv1_act/Relu,2,50.752,25.376,50.752,25.376,0.0002882275667496245,0.9805506420923285,0.0,0.0
378,Device,Relu,xception/block10_sepconv1_act/Relu,2,50.368,25.184,50.368,25.184,0.00028604677809830327,0.9808366888704267,0.0,0.0
379,Device,Relu,xception/block6_sepconv1_act/Relu,2,50.208,25.104,50.208,25.104,0.00028513811616025274,0.981121826986587,0.0,0.0
380,Device,DepthwiseConv2dNative,xception/block14_sepconv2/separable_conv2d/depthwise,2,50.112,25.056,50.112,25.056,0.00028459291899742245,0.9814064199055844,0.0,0.0
381,Device,Relu,xception/block13_sepconv1_act/Relu,2,49.92,24.96,49.92,24.96,0.0002835025246717618,0.9816899224302562,0.0,0.0
382,Device,Relu,xception/block11_sepconv1_act/Relu,2,49.728,24.864,49.728,24.864,0.00028241213034610116,0.9819723345606023,0.0,0.0
383,Device,FusedBatchNormV3,xception/batch_normalization_3/FusedBatchNormV3,4,48.768,12.192,48.768,12.192,0.00027696015871779805,0.9822492947193201,0.0,0.0
384,Device,MaxPool,xception/block13_pool/MaxPool,2,48.544,24.272,48.544,24.272,0.0002756880320045273,0.9825249827513246,0.0,0.0
385,Device,ReluGrad,gradient_tape/xception/block14_sepconv2_act/ReluGrad,2,46.432,23.216,46.432,23.216,0.0002636936944222605,0.9827886764457469,0.0,0.0
386,Device,DepthwiseConv2dNativeBackpropInput,gradient_tape/xception/block14_sepconv1/separable_conv2d/DepthwiseConv2dNativeBackpropInput,2,45.44,22.72,45.44,22.72,0.00025805999040634726,0.9830467364361533,0.0,0.0
387,Device,ResourceApplyGradientDescent,SGD/SGD/update_143/ResourceApplyGradientDescent,2,43.264,21.632,43.264,21.632,0.0002457021880488602,0.9832924386242021,0.0,0.0
388,Device,ResourceApplyGradientDescent,SGD/SGD/update_140/ResourceApplyGradientDescent,2,42.624,21.312,42.624,21.312,0.00024206754029665816,0.9835345061644988,0.0,0.0
389,Device,FusedBatchNormGradV3,gradient_tape/xception/batch_normalization_3/FusedBatchNormGradV3,2,41.92,20.96,41.92,20.96,0.00023806942776923587,0.983772575592268,0.0,0.0
390,Device,Mean,xception/avg_pool/Mean,2,39.872,19.936,39.872,19.936,0.00022643855496218922,0.9839990141472302,0.0,0.0
391,Device,DepthwiseConv2dNative,xception/block14_sepconv1/separable_conv2d/depthwise,2,36.224,18.112,36.224,18.112,0.0002057210627746374,0.9842047352100048,0.0,0.0
392,Device,Relu,xception/block12_sepconv3_act/Relu,2,34.752,17.376,34.752,17.376,0.00019736137294457264,0.9844020965829494,0.0,0.0
393,Device,Relu,xception/block8_sepconv3_act/Relu,2,34.368,17.184,34.368,17.184,0.0001951805842932514,0.9845972771672427,0.0,0.0
394,Device,Relu,xception/block5_sepconv3_act/Relu,2,34.272,17.136,34.272,17.136,0.00019463538713042106,0.984791912554373,0.0,0.0
395,Device,Relu,xception/block12_sepconv2_act/Relu,2,34.24,17.12,34.24,17.12,0.000194453654742811,0.9849863662091158,0.0,0.0
396,Device,Relu,xception/block11_sepconv3_act/Relu,2,34.176,17.088,34.176,17.088,0.0001940901899675908,0.9851804563990835,0.0,0.0
397,Device,Relu,xception/block5_sepconv2_act/Relu,2,34.176,17.088,34.176,17.088,0.0001940901899675908,0.9853745465890511,0.0,0.0
398,Device,Relu,xception/block10_sepconv3_act/Relu,2,34.144,17.072,34.144,17.072,0.00019390845757998065,0.985568455046631,0.0,0.0
399,Device,Relu,xception/block7_sepconv3_act/Relu,2,34.144,17.072,34.144,17.072,0.00019390845757998065,0.985762363504211,0.0,0.0
400,Device,Relu,xception/block11_sepconv2_act/Relu,2,34.08,17.04,34.08,17.04,0.00019354499280476044,0.9859559084970158,0.0,0.0
401,Device,Relu,xception/block6_sepconv3_act/Relu,2,34.048,17.024,34.048,17.024,0.00019336326041715035,0.9861492717574329,0.0,0.0
402,Device,Relu,xception/block7_sepconv2_act/Relu,2,34.048,17.024,34.048,17.024,0.00019336326041715035,0.9863426350178501,0.0,0.0
403,Device,Relu,xception/block6_sepconv2_act/Relu,2,34.016,17.008,34.016,17.008,0.00019318152802954024,0.9865358165458796,0.0,0.0
404,Device,Relu,xception/block9_sepconv3_act/Relu,2,33.984,16.992,33.984,16.992,0.00019299979564193015,0.9867288163415215,0.0,0.0
405,Device,ArgMax,ArgMax,2,33.792,16.896,33.792,16.896,0.00019190940131626953,0.9869207257428378,0.0,0.0
406,Device,Relu,xception/block10_sepconv2_act/Relu,2,33.664,16.832,33.664,16.832,0.00019118247176582912,0.9871119082146037,0.0,0.0
407,Device,Relu,xception/block9_sepconv2_act/Relu,2,33.6,16.8,33.6,16.8,0.00019081900699060891,0.9873027272215943,0.0,0.0
408,Device,Relu,xception/block8_sepconv2_act/Relu,2,33.568,16.784,33.568,16.784,0.00019063727460299877,0.9874933644961973,0.0,0.0
409,Device,ResourceApplyGradientDescent,SGD/SGD/update_48/ResourceApplyGradientDescent,2,33.536,16.768,33.536,16.768,0.0001904555422153887,0.9876838200384127,0.0,0.0
410,Device,ResourceApplyGradientDescent,SGD/SGD/update_112/ResourceApplyGradientDescent,2,33.472,16.736,33.472,16.736,0.0001900920774401685,0.9878739121158528,0.0,0.0
411,Device,ResourceApplyGradientDescent,SGD/SGD/update_56/ResourceApplyGradientDescent,2,33.312,16.656,33.312,16.656,0.00018918341550211795,0.988063095531355,0.0,0.0
412,Device,Relu,xception/block13_sepconv2_act/Relu,2,33.28,16.64,33.28,16.64,0.00018900168311450786,0.9882520972144695,0.0,0.0
413,Device,ResourceApplyGradientDescent,SGD/SGD/update_76/ResourceApplyGradientDescent,2,32.992,16.496,32.992,16.496,0.00018736609162601692,0.9884394633060956,0.0,0.0
414,Device,ResourceApplyGradientDescent,SGD/SGD/update_124/ResourceApplyGradientDescent,2,32.928,16.464,32.928,16.464,0.00018700262685079672,0.9886264659329463,0.0,0.0
415,Device,ResourceApplyGradientDescent,SGD/SGD/update_80/ResourceApplyGradientDescent,2,32.767,16.3835,32.767,16.3835,0.0001860882857756334,0.9888125542187219,0.0,0.0
416,Device,ResourceApplyGradientDescent,SGD/SGD/update_60/ResourceApplyGradientDescent,2,32.704,16.352,32.704,16.352,0.000185730500137526,0.9889982847188594,0.0,0.0
417,Device,ResourceApplyGradientDescent,SGD/SGD/update_44/ResourceApplyGradientDescent,2,32.672,16.336,32.672,16.336,0.00018554876774991587,0.9891838334866093,0.0,0.0
418,Device,ResourceApplyGradientDescent,SGD/SGD/update_68/ResourceApplyGradientDescent,2,32.608,16.304,32.608,16.304,0.00018518530297469566,0.989369018789584,0.0,0.0
419,Device,ResourceApplyGradientDescent,SGD/SGD/update_104/ResourceApplyGradientDescent,2,32.576,16.288,32.576,16.288,0.00018500357058708557,0.9895540223601711,0.0,0.0
420,Device,ResourceApplyGradientDescent,SGD/SGD/update_72/ResourceApplyGradientDescent,2,32.512,16.256,32.512,16.256,0.00018464010581186537,0.989738662465983,0.0,0.0
421,Device,ResourceApplyGradientDescent,SGD/SGD/update_108/ResourceApplyGradientDescent,2,32.448,16.224,32.448,16.224,0.00018427664103664516,0.9899229391070196,0.0,0.0
422,Device,ResourceApplyGradientDescent,SGD/SGD/update_100/ResourceApplyGradientDescent,2,32.384,16.192,32.384,16.192,0.00018391317626142496,0.990106852283281,0.0,0.0
423,Device,ResourceApplyGradientDescent,SGD/SGD/update_88/ResourceApplyGradientDescent,2,32.352,16.176,32.352,16.176,0.00018373144387381484,0.9902905837271548,0.0,0.0
424,Device,ResourceApplyGradientDescent,SGD/SGD/update_64/ResourceApplyGradientDescent,2,32.32,16.16,32.32,16.16,0.00018354971148620475,0.990474133438641,0.0,0.0
425,Device,ResourceApplyGradientDescent,SGD/SGD/update_40/ResourceApplyGradientDescent,2,32.288,16.144,32.288,16.144,0.00018336797909859463,0.9906575014177396,0.0,0.0
426,Device,ResourceApplyGradientDescent,SGD/SGD/update_132/ResourceApplyGradientDescent,2,32.128,16.064,32.128,16.064,0.00018245931716054413,0.9908399607349001,0.0,0.0
427,Device,ResourceApplyGradientDescent,SGD/SGD/update_120/ResourceApplyGradientDescent,2,32.096,16.048,32.096,16.048,0.00018227758477293402,0.9910222383196731,0.0,0.0
428,Device,ResourceApplyGradientDescent,SGD/SGD/update_128/ResourceApplyGradientDescent,2,32.096,16.048,32.096,16.048,0.00018227758477293402,0.991204515904446,0.0,0.0
429,Device,ResourceApplyGradientDescent,SGD/SGD/update_84/ResourceApplyGradientDescent,2,32.032,16.016,32.032,16.016,0.00018191411999771379,0.9913864300244437,0.0,0.0
430,Device,ResourceApplyGradientDescent,SGD/SGD/update_136/ResourceApplyGradientDescent,2,31.872,15.936,31.872,15.936,0.0001810054580596633,0.9915674354825034,0.0,0.0
431,Device,ResourceApplyGradientDescent,SGD/SGD/update_116/ResourceApplyGradientDescent,2,31.84,15.92,31.84,15.92,0.0001808237256720532,0.9917482592081754,0.0,0.0
432,Device,Transpose,gradient_tape/xception/block14_sepconv2_act/ReluGrad-0-TransposeNHWCToNCHW-LayoutOptimizer,2,31.84,15.92,31.84,15.92,0.0001808237256720532,0.9919290829338475,0.0,0.0
433,Device,ResourceApplyGradientDescent,SGD/SGD/update_52/ResourceApplyGradientDescent,2,31.68,15.84,31.68,15.84,0.00017991506373400267,0.9921089979975816,0.0,0.0
434,Device,ResourceApplyGradientDescent,SGD/SGD/update_33/ResourceApplyGradientDescent,2,31.616,15.808,31.616,15.808,0.00017955159895878246,0.9922885495965403,0.0,0.0
435,Device,Transpose,xception/block14_sepconv2_act/Relu-0-0-TransposeNCHWToNHWC-LayoutOptimizer,2,31.584,15.792,31.584,15.792,0.00017936986657117237,0.9924679194631115,0.0,0.0
436,Device,ReluGrad,gradient_tape/xception/block14_sepconv1_act/ReluGrad,2,29.472,14.736,29.472,14.736,0.00016737552898890554,0.9926352949921005,0.0,0.0
437,Device,MatMul,xception/predictions/MatMul,2,25.216,12.608,25.216,12.608,0.00014320512143676172,0.9927785001135372,0.0,0.0
438,Device,ResourceApplyGradientDescent,SGD/SGD/update_92/ResourceApplyGradientDescent,2,23.648,11.824,23.648,11.824,0.00013430023444386665,0.992912800347981,0.0,0.0
439,Device,ResourceApplyGradientDescent,SGD/SGD/update_96/ResourceApplyGradientDescent,2,23.456,11.728,23.456,11.728,0.00013320984011820603,0.9930460101880992,0.0,0.0
440,Device,RealDiv,gradient_tape/xception/avg_pool/truediv,2,22.624,11.312,22.624,11.312,0.0001284847980403433,0.9931744949861396,0.0,0.0
441,Device,ArgMax,ArgMax_1,2,20.736,10.368,20.736,10.368,0.00011776258717134722,0.993292257573311,0.0,0.0
442,Device,Softmax,xception/predictions/Softmax,2,20.352,10.176,20.352,10.176,0.00011558179852002597,0.993407839371831,0.0,0.0
443,Device,AddV2,xception/add_11/add,2,20.16,10.08,20.16,10.08,0.00011449140419436534,0.9935223307760254,0.0,0.0
444,Device,Relu,xception/block14_sepconv2_act/Relu,2,19.52,9.76,19.52,9.76,0.00011085675644216326,0.9936331875324675,0.0,0.0
445,Device,BroadcastTo,gradient_tape/xception/avg_pool/BroadcastTo,2,18.496,9.248,18.496,9.248,0.00010504132003863994,0.9937382288525062,0.0,0.0
446,Device,ResourceApplyGradientDescent,SGD/SGD/update_29/ResourceApplyGradientDescent,2,15.808,7.904,15.808,7.904,8.977579947939123e-05,0.9938280046519856,0.0,0.0
447,Device,ResourceApplyGradientDescent,SGD/SGD/update_36/ResourceApplyGradientDescent,2,15.328,7.664,15.328,7.664,8.704981366523968e-05,0.9939150544656509,0.0,0.0
448,Device,Relu,xception/block14_sepconv1_act/Relu,2,12.096,6.048,12.096,6.048,6.86948425166192e-05,0.9939837493081675,0.0,0.0
449,Device,MatMul,gradient_tape/xception/predictions/MatMul/MatMul_1,2,12.064,6.032,12.064,6.032,6.85131101290091e-05,0.9940522624182965,0.0,0.0
450,Device,MatMul,gradient_tape/xception/predictions/MatMul/MatMul,2,12.0,6.0,12.0,6.0,6.81496453537889e-05,0.9941204120636503,0.0,0.0
451,Device,DynamicStitch,gradient_tape/xception/avg_pool/DynamicStitch,2,10.112,5.056,10.112,5.056,5.742743448479277e-05,0.9941778394981351,0.0,0.0
452,Device,ResourceApplyGradientDescent,SGD/SGD/update_22/ResourceApplyGradientDescent,2,9.472,4.736,9.472,4.736,5.37927867325907e-05,0.9942316322848677,0.0,0.0
453,Device,ResourceApplyGradientDescent,SGD/SGD/update_95/ResourceApplyGradientDescent,2,8.384,4.192,8.384,4.192,4.761388555384718e-05,0.9942792461704215,0.0,0.0
454,Device,ResourceApplyGradientDescent,SGD/SGD/update_11/ResourceApplyGradientDescent,2,8.32,4.16,8.32,4.16,4.7250420778626965e-05,0.9943264965912001,0.0,0.0
455,Device,ResourceApplyGradientDescent,SGD/SGD/update_91/ResourceApplyGradientDescent,2,8.192,4.096,8.192,4.096,4.6523491228186554e-05,0.9943730200824282,0.0,0.0
456,Device,ResourceApplyGradientDescent,SGD/SGD/update_14/ResourceApplyGradientDescent,2,8.128,4.064,8.128,4.064,4.616002645296634e-05,0.9944191801088812,0.0,0.0
457,Device,ResourceApplyGradientDescent,SGD/SGD/update_25/ResourceApplyGradientDescent,2,8.0,4.0,8.0,4.0,4.543309690252593e-05,0.9944646132057837,0.0,0.0
458,Device,ResourceApplyGradientDescent,SGD/SGD/update_154/ResourceApplyGradientDescent,2,7.968,3.984,7.968,3.984,4.525136451491583e-05,0.9945098645702987,0.0,0.0
459,Device,ResourceApplyGradientDescent,SGD/SGD/update_3/ResourceApplyGradientDescent,2,7.968,3.984,7.968,3.984,4.525136451491583e-05,0.9945551159348136,0.0,0.0
460,Device,ResourceApplyGradientDescent,SGD/SGD/update_67/ResourceApplyGradientDescent,2,7.968,3.984,7.968,3.984,4.525136451491583e-05,0.9946003672993285,0.0,0.0
461,Device,ResourceApplyGradientDescent,SGD/SGD/update_55/ResourceApplyGradientDescent,2,7.936,3.968,7.936,3.968,4.506963212730572e-05,0.9946454369314559,0.0,0.0
462,Device,ResourceApplyGradientDescent,SGD/SGD/update_39/ResourceApplyGradientDescent,2,7.904,3.952,7.904,3.952,4.4887899739695616e-05,0.9946903248311956,0.0,0.0
463,Device,ResourceApplyGradientDescent,SGD/SGD/update_119/ResourceApplyGradientDescent,2,7.872,3.936,7.872,3.936,4.470616735208551e-05,0.9947350309985477,0.0,0.0
464,Device,ResourceApplyGradientDescent,SGD/SGD/update_18/ResourceApplyGradientDescent,2,7.872,3.936,7.872,3.936,4.470616735208551e-05,0.9947797371658997,0.0,0.0
465,Device,ResourceApplyGradientDescent,SGD/SGD/update_111/ResourceApplyGradientDescent,2,7.84,3.92,7.84,3.92,4.452443496447541e-05,0.9948242616008642,0.0,0.0
466,Device,ResourceApplyGradientDescent,SGD/SGD/update_43/ResourceApplyGradientDescent,2,7.84,3.92,7.84,3.92,4.452443496447541e-05,0.9948687860358287,0.0,0.0
467,Device,ResourceApplyGradientDescent,SGD/SGD/update_103/ResourceApplyGradientDescent,2,7.808,3.904,7.808,3.904,4.434270257686531e-05,0.9949131287384056,0.0,0.0
468,Device,ResourceApplyGradientDescent,SGD/SGD/update_123/ResourceApplyGradientDescent,2,7.808,3.904,7.808,3.904,4.434270257686531e-05,0.9949574714409826,0.0,0.0
469,Device,ResourceApplyGradientDescent,SGD/SGD/update_47/ResourceApplyGradientDescent,2,7.808,3.904,7.808,3.904,4.434270257686531e-05,0.9950018141435595,0.0,0.0
470,Device,ResourceApplyGradientDescent,SGD/SGD/update_63/ResourceApplyGradientDescent,2,7.776,3.888,7.776,3.888,4.4160970189255205e-05,0.9950459751137487,0.0,0.0
471,Device,ResourceApplyGradientDescent,SGD/SGD/update_83/ResourceApplyGradientDescent,2,7.776,3.888,7.776,3.888,4.4160970189255205e-05,0.9950901360839379,0.0,0.0
472,Device,ResourceApplyGradientDescent,SGD/SGD/update_51/ResourceApplyGradientDescent,2,7.744,3.872,7.744,3.872,4.3979237801645095e-05,0.9951341153217396,0.0,0.0
473,Device,ResourceApplyGradientDescent,SGD/SGD/update_59/ResourceApplyGradientDescent,2,7.744,3.872,7.744,3.872,4.3979237801645095e-05,0.9951780945595412,0.0,0.0
474,Device,ResourceApplyGradientDescent,SGD/SGD/update_71/ResourceApplyGradientDescent,2,7.744,3.872,7.744,3.872,4.3979237801645095e-05,0.9952220737973428,0.0,0.0
475,Device,ResourceApplyGradientDescent,SGD/SGD/update_79/ResourceApplyGradientDescent,2,7.744,3.872,7.744,3.872,4.3979237801645095e-05,0.9952660530351445,0.0,0.0
476,Device,ResourceApplyGradientDescent,SGD/SGD/update_87/ResourceApplyGradientDescent,2,7.744,3.872,7.744,3.872,4.3979237801645095e-05,0.9953100322729461,0.0,0.0
477,Device,ResourceApplyGradientDescent,SGD/SGD/update_107/ResourceApplyGradientDescent,2,7.712,3.856,7.712,3.856,4.379750541403499e-05,0.9953538297783602,0.0,0.0
478,Device,ResourceApplyGradientDescent,SGD/SGD/update_7/ResourceApplyGradientDescent,2,7.712,3.856,7.712,3.856,4.379750541403499e-05,0.9953976272837742,0.0,0.0
479,Device,ResourceApplyGradientDescent,SGD/SGD/update_75/ResourceApplyGradientDescent,2,7.712,3.856,7.712,3.856,4.379750541403499e-05,0.9954414247891883,0.0,0.0
480,Device,ResourceApplyGradientDescent,SGD/SGD/update_99/ResourceApplyGradientDescent,2,7.712,3.856,7.712,3.856,4.379750541403499e-05,0.9954852222946023,0.0,0.0
481,Device,ResourceApplyGradientDescent,SGD/SGD/update_32/ResourceApplyGradientDescent,2,7.68,3.84,7.68,3.84,4.361577302642489e-05,0.9955288380676288,0.0,0.0
482,Device,ResourceApplyGradientDescent,SGD/SGD/update_146/ResourceApplyGradientDescent,2,7.616,3.808,7.616,3.808,4.3252308251204684e-05,0.99557209037588,0.0,0.0
483,Device,ResourceApplyGradientDescent,SGD/SGD/update_115/ResourceApplyGradientDescent,2,7.584,3.792,7.584,3.792,4.307057586359458e-05,0.9956151609517436,0.0,0.0
484,Device,ResourceApplyGradientDescent,SGD/SGD/update_127/ResourceApplyGradientDescent,2,7.424,3.712,7.424,3.712,4.216191392554406e-05,0.9956573228656692,0.0,0.0
485,Device,ResourceApplyGradientDescent,SGD/SGD/update_13/ResourceApplyGradientDescent,2,7.424,3.712,7.424,3.712,4.216191392554406e-05,0.9956994847795948,0.0,0.0
486,Device,ResourceApplyGradientDescent,SGD/SGD/update_150/ResourceApplyGradientDescent,2,7.392,3.696,7.392,3.696,4.198018153793396e-05,0.9957414649611327,0.0,0.0
487,Device,ResourceApplyGradientDescent,SGD/SGD/update_131/ResourceApplyGradientDescent,2,7.36,3.68,7.36,3.68,4.1798449150323856e-05,0.995783263410283,0.0,0.0
488,Device,ResourceApplyGradientDescent,SGD/SGD/update_135/ResourceApplyGradientDescent,2,7.36,3.68,7.36,3.68,4.1798449150323856e-05,0.9958250618594333,0.0,0.0
489,Device,ResourceApplyGradientDescent,SGD/SGD/update_139/ResourceApplyGradientDescent,2,7.296,3.648,7.296,3.648,4.143498437510365e-05,0.9958664968438085,0.0,0.0
490,Device,ResourceApplyGradientDescent,SGD/SGD/update_12/ResourceApplyGradientDescent,2,7.136,3.568,7.136,3.568,4.052632243705313e-05,0.9959070231662455,0.0,0.0
491,Device,ResourceApplyGradientDescent,SGD/SGD/update_10/ResourceApplyGradientDescent,2,7.072,3.536,7.072,3.536,4.0162857661832924e-05,0.9959471860239073,0.0,0.0
492,Device,ResourceApplyGradientDescent,SGD/SGD/update_17/ResourceApplyGradientDescent,2,7.008,3.504,7.008,3.504,3.979939288661271e-05,0.9959869854167939,0.0,0.0
493,Device,ResourceApplyGradientDescent,SGD/SGD/update_21/ResourceApplyGradientDescent,2,6.976,3.488,6.976,3.488,3.961766049900261e-05,0.9960266030772928,0.0,0.0
494,Device,ResourceApplyGradientDescent,SGD/SGD/update_49/ResourceApplyGradientDescent,2,6.976,3.488,6.976,3.488,3.961766049900261e-05,0.9960662207377918,0.0,0.0
495,Device,ResourceApplyGradientDescent,SGD/SGD/update_28/ResourceApplyGradientDescent,2,6.944,3.472,6.944,3.472,3.9435928111392506e-05,0.9961056566659032,0.0,0.0
496,Device,ResourceApplyGradientDescent,SGD/SGD/update_41/ResourceApplyGradientDescent,2,6.944,3.472,6.944,3.472,3.9435928111392506e-05,0.9961450925940146,0.0,0.0
497,Device,ResourceApplyGradientDescent,SGD/SGD/update_54/ResourceApplyGradientDescent,2,6.912,3.456,6.912,3.456,3.9254195723782404e-05,0.9961843467897384,0.0,0.0
498,Device,ResourceApplyGradientDescent,SGD/SGD/update_89/ResourceApplyGradientDescent,2,6.912,3.456,6.912,3.456,3.9254195723782404e-05,0.9962236009854623,0.0,0.0
499,Device,ResourceApplyGradientDescent,SGD/SGD/update_15/ResourceApplyGradientDescent,2,6.88,3.44,6.88,3.44,3.90724633361723e-05,0.9962626734487984,0.0,0.0
500,Device,ResourceApplyGradientDescent,SGD/SGD/update_152/ResourceApplyGradientDescent,2,6.88,3.44,6.88,3.44,3.90724633361723e-05,0.9963017459121345,0.0,0.0
501,Host,IDLE,IDLE,0,421106.924,0.0,421106.924,0.0,0.0,0.0,0.9949928346453748,0.9949928346453748
502,Host,GatherV2,GatherV2,2,1818.593,909.2965,1818.593,909.2965,0.0,0.0,0.004296977563200163,0.9992898122085749
503,Host,Dataset,Iterator::Root::ParallelMapV2::Zip[0]::FlatMap[1]::Concatenate,2,60.999,30.4995,38.096,19.048,0.0,0.0,9.00133549659948e-05,0.9993798255635409
504,Host,LogicalAnd,LogicalAnd,1,36.887,36.887,36.887,36.887,0.0,0.0,8.715672576203934e-05,0.999466982289303
505,Host,Dataset,Iterator::Root::ParallelMapV2::Zip[1]::ForeverRepeat,2,39.589,19.7945,36.176,18.088,0.0,0.0,8.547677260735585e-05,0.9995524590619104
506,Host,FlushSummaryWriter,FlushSummaryWriter,1,34.094,34.094,34.094,34.094,0.0,0.0,8.055741611220671e-05,0.9996330164780226
507,Host,Dataset,Iterator::Root,2,54.057,27.0285,28.595,14.2975,0.0,0.0,6.75643607006673e-05,0.9997005808387233
508,Host,Dataset,Iterator::Root::ParallelMapV2,2,25.462,12.731,25.462,12.731,0.0,0.0,6.0161697924825695e-05,0.999760742536648
509,Host,Dataset,Iterator::Root::ParallelMapV2::Zip[0]::FlatMap[1]::Concatenate[0]::TensorSlice,2,22.903,11.4515,22.903,11.4515,0.0,0.0,5.4115284249952195e-05,0.999814857820898
510,Host,GatherV2,GatherV2_1,2,20.718,10.359,20.718,10.359,0.0,0.0,4.8952559013688585e-05,0.9998638103799117
511,Host,WriteSummary,WriteSummary,1,20.66,20.66,20.66,20.66,0.0,0.0,4.8815516421604704e-05,0.9999126258963332
512,Host,IteratorGetNext,IteratorGetNext,2,12.301,6.1505,12.301,6.1505,0.0,0.0,2.9064843538342663e-05,0.9999416907398716
513,Host,Dataset,Iterator::Root::ParallelMapV2::Zip,2,112.944,56.472,8.703,4.3515,0.0,0.0,2.0563477222518185e-05,0.9999622542170942
514,Host,ReadVariableOp,ReadVariableOp,1,6.64,6.64,6.64,6.64,0.0,0.0,1.5689013990293087e-05,0.9999779432310845
515,Host,Dataset,Iterator::Root::ParallelMapV2::Zip[0]::FlatMap,2,64.652,32.326,3.653,1.8265,0.0,0.0,8.63132049797299e-06,0.9999865745515825
516,Host,Dataset,Iterator::Root::ParallelMapV2::Zip[1]::ForeverRepeat::FromTensor,4,3.413,0.85325,3.413,0.85325,0.0,0.0,8.064247703143119e-06,0.9999946387992856
517,Host,Identity,Identity,2,2.269,1.1345,2.269,1.1345,0.0,0.0,5.361200714454069e-06,1.0
