Rank,Host/device,Type,Operation,#Occurrences,Total time (us),Avg. time (us),Total self-time (us),Avg. self-time (us),Total self-time on Device (%),Cumulative total-self time on Device (%),Total self-time on Host (%),Cumulative total-self time on Host (%)
1,Device,MaxPoolGrad,gradient_tape/sequential/max_pooling2d/MaxPool/MaxPoolGrad,2,8951.26,4475.63,8951.26,4475.63,0.11276837267958821,0.11276837267958821,0.0,0.0
2,Device,Conv2DBackpropFilter,gradient_tape/sequential/conv2d_1/Conv2D/Conv2DBackpropFilter,2,8695.578,4347.789,8695.578,4347.789,0.10954727944093103,0.22231565212051924,0.0,0.0
3,Device,ReluGrad,gradient_tape/sequential/conv2d/ReluGrad,2,6818.42,3409.21,6818.42,3409.21,0.08589875924126412,0.30821441136178335,0.0,0.0
4,Device,Conv2DBackpropFilter,gradient_tape/sequential/conv2d/Conv2D/Conv2DBackpropFilter,2,6218.484,3109.242,6218.484,3109.242,0.07834073875790185,0.3865551501196852,0.0,0.0
5,Device,Conv2DBackpropInput,gradient_tape/sequential/conv2d_1/Conv2D/Conv2DBackpropInput,2,5978.612,2989.306,5978.612,2989.306,0.07531882060432367,0.4618739707240089,0.0,0.0
6,Device,_FusedConv2D,sequential/conv2d_1/Relu,2,5189.072,2594.536,5189.072,2594.536,0.06537216047318659,0.5272461311971954,0.0,0.0
7,Device,_Recv,IteratorGetNext/_2,1,4940.399,4940.399,4940.399,4940.399,0.062239366929109974,0.5894854981263054,0.0,0.0
8,Device,_Send,IteratorGetNext/_1,1,4881.583,4881.583,4881.583,4881.583,0.061498400338091196,0.6509838984643965,0.0,0.0
9,Device,IDLE,IDLE,0,4735.216,0.0,4735.216,0.0,0.05965446234455809,0.7106383608089546,0.0,0.0
10,Device,_FusedConv2D,sequential/conv2d/Relu,2,3413.61,1706.805,3413.61,1706.805,0.04300481101685898,0.7536431718258135,0.0,0.0
11,Device,ReluGrad,gradient_tape/sequential/conv2d_1/ReluGrad,2,3171.946,1585.973,3171.946,1585.973,0.03996031716736293,0.7936034889931765,0.0,0.0
12,Device,MaxPool,sequential/max_pooling2d/MaxPool,2,2720.585,1360.2925,2720.585,1360.2925,0.03427405116000401,0.8278775401531805,0.0,0.0
13,Device,MaxPoolGrad,gradient_tape/sequential/max_pooling2d_1/MaxPool/MaxPoolGrad,2,2562.984,1281.492,2562.984,1281.492,0.03228858673346788,0.8601661268866484,0.0,0.0
14,Device,BiasAddGrad,gradient_tape/sequential/conv2d/BiasAdd/BiasAddGrad,2,2087.27,1043.635,2087.27,1043.635,0.02629552054603755,0.886461647432686,0.0,0.0
15,Device,MaxPool,sequential/max_pooling2d_1/MaxPool,2,1280.612,640.306,1280.612,640.306,0.016133207087488558,0.9025948545201745,0.0,0.0
16,Device,BiasAddGrad,gradient_tape/sequential/conv2d_1/BiasAdd/BiasAddGrad,2,974.18,487.09,974.18,487.09,0.012272763085532231,0.9148676176057068,0.0,0.0
17,Device,Mul,sequential/dropout/dropout/Mul_1,2,726.371,363.1855,726.371,363.1855,0.009150854251987448,0.9240184718576943,0.0,0.0
18,Device,Mul,gradient_tape/sequential/dropout/dropout/Mul_1,2,726.339,363.1695,726.339,363.1695,0.009150451114560344,0.9331689229722546,0.0,0.0
19,Device,Transpose,gradient_tape/sequential/conv2d/Conv2D/Conv2DBackpropFilter-0-TransposeNHWCToNCHW-LayoutOptimizer,2,533.121,266.5605,533.121,266.5605,0.006716282133611888,0.9398852051058665,0.0,0.0
20,Device,Transpose,gradient_tape/sequential/max_pooling2d_1/MaxPool/MaxPoolGrad-2-TransposeNHWCToNCHW-LayoutOptimizer,2,508.672,254.336,508.672,254.336,0.006408272541259163,0.9462934776471257,0.0,0.0
21,Device,Transpose,sequential/max_pooling2d_1/MaxPool-0-2-TransposeNCHWToNHWC-LayoutOptimizer,2,497.345,248.6725,497.345,248.6725,0.006265574490108633,0.9525590521372344,0.0,0.0
22,Device,Mul,sequential/dropout/dropout/Mul,2,487.264,243.632,487.264,243.632,0.006138573602525998,0.9586976257397604,0.0,0.0
23,Device,Mul,gradient_tape/sequential/dropout/dropout/Mul,2,485.377,242.6885,485.377,242.6885,0.006114801092371408,0.9648124268321318,0.0,0.0
24,Device,MatMul,gradient_tape/sequential/dense/MatMul/MatMul,2,484.033,242.0165,484.033,242.0165,0.006097869320433003,0.9709102961525647,0.0,0.0
25,Device,MatMul,sequential/dense/MatMul,2,388.128,194.064,388.128,194.064,0.004889653853355082,0.9757999500059198,0.0,0.0
26,Device,MatMul,gradient_tape/sequential/dense/MatMul/MatMul_1,2,353.313,176.6565,353.313,176.6565,0.004451052930709571,0.9802510029366294,0.0,0.0
27,Device,Cast,sequential/dropout/dropout/Cast,2,303.81,151.905,303.81,151.905,0.003827411929022919,0.9840784148656523,0.0,0.0
28,Device,ResourceApplyGradientDescent,SGD/SGD/update_4/ResourceApplyGradientDescent,2,297.538,148.769,297.538,148.769,0.003748396993310363,0.9878268118589626,0.0,0.0
29,Device,GreaterEqual,sequential/dropout/dropout/GreaterEqual,2,291.776,145.888,291.776,145.888,0.0036758070603422903,0.9915026189193049,0.0,0.0
30,Device,RandomUniform,sequential/dropout/dropout/random_uniform/RandomUniform,2,260.066,130.033,260.066,130.033,0.0032763230661705485,0.9947789419854755,0.0,0.0
31,Device,SoftmaxCrossEntropyWithLogits,categorical_crossentropy/softmax_cross_entropy_with_logits,2,149.792,74.896,149.792,74.896,0.0018870862962779404,0.9966660282817534,0.0,0.0
32,Device,ArgMax,ArgMax,2,35.649,17.8245,35.649,17.8245,0.00044910769183943266,0.9971151359735929,0.0,0.0
33,Device,ArgMax,ArgMax_1,2,23.232,11.616,23.232,11.616,0.00029267777207814244,0.997407813745671,0.0,0.0
34,Device,Softmax,sequential/dense/Softmax,2,20.992,10.496,20.992,10.496,0.0002644581521808009,0.9976722718978518,0.0,0.0
35,Device,ResourceApplyGradientDescent,SGD/SGD/update_2/ResourceApplyGradientDescent,2,8.0,4.0,8.0,4.0,0.00010078435677621984,0.997773056254628,0.0,0.0
36,Device,_Send,IteratorGetNext/_3,1,7.072,7.072,7.072,7.072,8.909337139017834e-05,0.9978621496260182,0.0,0.0
37,Device,BiasAddGrad,gradient_tape/sequential/dense/BiasAdd/BiasAddGrad,2,6.88,3.44,6.88,3.44,8.667454682754907e-05,0.9979488241728457,0.0,0.0
38,Device,BiasAdd,sequential/dense/BiasAdd,2,6.688,3.344,6.688,3.344,8.425572226491979e-05,0.9980330798951106,0.0,0.0
39,Device,ResourceApplyGradientDescent,SGD/SGD/update_5/ResourceApplyGradientDescent,2,6.624,3.312,6.624,3.312,8.344944741071004e-05,0.9981165293425213,0.0,0.0
40,Device,ResourceApplyGradientDescent,SGD/SGD/update/ResourceApplyGradientDescent,2,6.56,3.28,6.56,3.28,8.264317255650027e-05,0.9981991725150777,0.0,0.0
41,Device,ResourceApplyGradientDescent,SGD/SGD/update_1/ResourceApplyGradientDescent,2,6.368,3.184,6.368,3.184,8.0224347993871e-05,0.9982793968630715,0.0,0.0
42,Device,ResourceApplyGradientDescent,SGD/SGD/update_3/ResourceApplyGradientDescent,2,6.368,3.184,6.368,3.184,8.0224347993871e-05,0.9983596212110654,0.0,0.0
43,Device,Cast,Cast,2,6.144,3.072,6.144,3.072,7.740238600413685e-05,0.9984370235970695,0.0,0.0
44,Device,Equal,Equal,2,6.048,3.024,6.048,3.024,7.619297372282221e-05,0.9985132165707924,0.0,0.0
45,Device,AssignAddVariableOp,AssignAddVariableOp_2,2,5.952,2.976,5.952,2.976,7.498356144150757e-05,0.9985882001322339,0.0,0.0
46,Device,AssignAddVariableOp,SGD/SGD/AssignAddVariableOp,2,5.952,2.976,5.952,2.976,7.498356144150757e-05,0.9986631836936755,0.0,0.0
47,Device,Mul,gradient_tape/categorical_crossentropy/softmax_cross_entropy_with_logits/mul,2,5.92,2.96,5.92,2.96,7.458042401440268e-05,0.9987377641176899,0.0,0.0
48,Device,Sum,categorical_crossentropy/weighted_loss/Sum,2,5.824,2.912,5.824,2.912,7.337101173308805e-05,0.998811135129423,0.0,0.0
49,Device,Tile,gradient_tape/categorical_crossentropy/weighted_loss/Tile_1,2,5.76,2.88,5.76,2.88,7.256473687887829e-05,0.9988836998663019,0.0,0.0
50,Device,_Recv,IteratorGetNext/_4,1,5.728,5.728,5.728,5.728,7.21615994517734e-05,0.9989558614657537,0.0,0.0
51,Device,AssignAddVariableOp,AssignAddVariableOp_4,2,5.696,2.848,5.696,2.848,7.175846202466852e-05,0.9990276199277783,0.0,0.0
52,Device,DivNoNan,categorical_crossentropy/weighted_loss/value,2,5.664,2.832,5.664,2.832,7.135532459756366e-05,0.9990989752523759,0.0,0.0
53,Device,Mul,Mul,2,5.633,2.8165,5.633,2.8165,7.09647852150558e-05,0.999169940037591,0.0,0.0
54,Device,AssignAddVariableOp,AssignAddVariableOp,2,5.504,2.752,5.504,2.752,6.933963746203924e-05,0.999239279675053,0.0,0.0
55,Device,AssignAddVariableOp,AssignAddVariableOp_3,2,5.504,2.752,5.504,2.752,6.933963746203924e-05,0.999308619312515,0.0,0.0
56,Device,DivNoNan,gradient_tape/categorical_crossentropy/weighted_loss/value/div_no_nan,2,5.504,2.752,5.504,2.752,6.933963746203924e-05,0.999377958949977,0.0,0.0
57,Device,AssignAddVariableOp,AssignAddVariableOp_1,2,5.376,2.688,5.376,2.688,6.772708775361974e-05,0.9994456860377307,0.0,0.0
58,Device,DivNoNan,div_no_nan,2,5.312,2.656,5.312,2.656,6.692081289940998e-05,0.99951260685063,0.0,0.0
59,Device,Sum,Sum_2,2,5.28,2.64,5.28,2.64,6.65176754723051e-05,0.9995791245261023,0.0,0.0
60,Device,Cast,categorical_crossentropy/weighted_loss/num_elements/Cast,2,5.216,2.608,5.216,2.608,6.571140061809535e-05,0.9996448359267204,0.0,0.0
61,Device,DivNoNan,div_no_nan_1,2,5.216,2.608,5.216,2.608,6.571140061809535e-05,0.9997105473273384,0.0,0.0
62,Device,Cast,Cast_1,2,5.056,2.528,5.056,2.528,6.369571348257095e-05,0.999774243040821,0.0,0.0
63,Device,Cast,Cast_2,2,4.896,2.448,4.896,2.448,6.168002634704655e-05,0.9998359230671681,0.0,0.0
64,Device,_Recv,strided_slice/_12,2,4.384,2.192,4.384,2.192,5.522982751336848e-05,0.9998911528946814,0.0,0.0
65,Device,_Recv,Size/_16,2,3.04,1.52,3.04,1.52,3.829805557496354e-05,0.9999294509502564,0.0,0.0
66,Device,LogicalAnd,LogicalAnd,1,2.976,2.976,2.976,2.976,3.749178072075378e-05,0.9999669427309772,0.0,0.0
67,Device,_Recv,categorical_crossentropy/weighted_loss/num_elements/_14,2,2.624,1.312,2.624,1.312,3.3057269022600114e-05,0.9999999999999998,0.0,0.0
68,Host,IDLE,IDLE,0,297789.494,0.0,297789.494,0.0,0.0,0.0,0.8792629440287257,0.8792629440287257
69,Host,GatherV2,GatherV2,2,35050.036,17525.018,35050.036,17525.018,0.0,0.0,0.10348987611252941,0.9827528201412552
70,Host,_Send,IteratorGetNext/_1,2,5161.442,2580.721,5161.442,2580.721,0.0,0.0,0.015239841498080232,0.9979926616393354
71,Host,_Send,IteratorGetNext/_3,2,159.484,79.742,159.484,79.742,0.0,0.0,0.00047089764478218057,0.9984635592841176
72,Host,GatherV2,GatherV2_1,2,147.669,73.8345,147.669,73.8345,0.0,0.0,0.0004360122915611587,0.9988995715756788
73,Host,_Send,IteratorGetNext/_6,2,83.271,41.6355,83.271,41.6355,0.0,0.0,0.00024586866255334053,0.9991454402382322
74,Host,Dataset,Iterator::Root::ParallelMapV2::Zip[1]::ForeverRepeat,2,53.398,26.699,49.168,24.584,0.0,0.0,0.00014517503573179913,0.9992906152739639
75,Host,FlushSummaryWriter,FlushSummaryWriter,1,36.738,36.738,36.738,36.738,0.0,0.0,0.0001084738135111218,0.999399089087475
76,Host,LogicalAnd,LogicalAnd,1,35.151,35.151,35.151,35.151,0.0,0.0,0.00010378798570225497,0.9995028770731772
77,Host,Dataset,Iterator::Root::ParallelMapV2::Zip[0]::FlatMap[1]::Concatenate[0]::TensorSlice,2,24.248,12.124,24.248,12.124,0.0,0.0,7.159543333925858e-05,0.9995744725065164
78,Host,Dataset,Iterator::Root::ParallelMapV2::Zip[0]::FlatMap[1]::Concatenate,2,48.123,24.0615,23.875,11.9375,0.0,0.0,7.049410140938628e-05,0.9996449666079258
79,Host,Dataset,Iterator::Root::ParallelMapV2,2,22.649,11.3245,22.649,11.3245,0.0,0.0,6.687417394015455e-05,0.9997118407818659
80,Host,Dataset,Iterator::Root,2,44.724,22.362,22.075,11.0375,0.0,0.0,6.517936287380951e-05,0.9997770201447397
81,Host,WriteSummary,WriteSummary,1,21.586,21.586,21.586,21.586,0.0,0.0,6.373552557164449e-05,0.9998407556703113
82,Host,_HostSend,categorical_crossentropy/softmax_cross_entropy_with_logits/Shape_2/_9,2,14.235,7.1175,14.235,7.1175,0.0,0.0,4.2030723918852925e-05,0.9998827863942301
83,Host,IteratorGetNext,IteratorGetNext,2,12.645,6.3225,12.645,6.3225,0.0,0.0,3.733603821242678e-05,0.9999201224324425
84,Host,Dataset,Iterator::Root::ParallelMapV2::Zip,2,116.093,58.0465,10.948,5.474,0.0,0.0,3.23254208263858e-05,0.999952447853269
85,Host,ReadVariableOp,ReadVariableOp,1,5.929,5.929,5.929,5.929,0.0,0.0,1.7506158209685917e-05,0.9999699540114787
86,Host,Dataset,Iterator::Root::ParallelMapV2::Zip[1]::ForeverRepeat::FromTensor,4,4.23,1.0575,4.23,1.0575,0.0,0.0,1.2489635558605402e-05,0.9999824436470373
87,Host,Dataset,Iterator::Root::ParallelMapV2::Zip[0]::FlatMap,2,51.747,25.8735,3.624,1.812,0.0,0.0,1.070034025162789e-05,0.9999931439872889
88,Host,Identity,Identity,2,2.322,1.161,2.322,1.161,0.0,0.0,6.856012710894029e-06,0.9999999999999998
