Rank,Host/device,Type,Operation,#Occurrences,Total time (us),Avg. time (us),Total self-time (us),Avg. self-time (us),Total self-time on Device (%),Cumulative total-self time on Device (%),Total self-time on Host (%),Cumulative total-self time on Host (%)
1,Device,DepthwiseConv2dNativeBackpropFilter,gradient_tape/xception/block2_sepconv2/separable_conv2d/DepthwiseConv2dNativeBackpropFilter,2,160455.23,80227.615,160455.23,80227.615,0.22363999706251575,0.22363999706251575,0.0,0.0
2,Device,DepthwiseConv2dNativeBackpropFilter,gradient_tape/xception/block2_sepconv1/separable_conv2d/DepthwiseConv2dNativeBackpropFilter,2,102292.846,51146.423,102292.846,51146.423,0.14257417336260322,0.36621417042511895,0.0,0.0
3,Device,DepthwiseConv2dNativeBackpropFilter,gradient_tape/xception/block3_sepconv2/separable_conv2d/DepthwiseConv2dNativeBackpropFilter,2,53005.502,26502.751,53005.502,26502.751,0.07387824199670633,0.4400924124218253,0.0,0.0
4,Device,DepthwiseConv2dNativeBackpropFilter,gradient_tape/xception/block3_sepconv1/separable_conv2d/DepthwiseConv2dNativeBackpropFilter,2,40747.154,20373.577,40747.154,20373.577,0.05679274773945279,0.4968851601612781,0.0,0.0
5,Device,IDLE,IDLE,0,10073.8,0.0,10073.8,0.0,0.014040705325768258,0.5109258654870463,0.0,0.0
6,Device,FusedBatchNormGradV3,gradient_tape/xception/block2_sepconv2_bn/FusedBatchNormGradV3,2,8124.445,4062.2225,8124.445,4062.2225,0.011323724729537146,0.5222495902165835,0.0,0.0
7,Device,FusedBatchNormGradV3,gradient_tape/xception/block2_sepconv1_bn/FusedBatchNormGradV3,2,8103.965,4051.9825,8103.965,4051.9825,0.011295180024949827,0.5335447702415332,0.0,0.0
8,Device,FusedBatchNormV3,xception/block2_sepconv1_bn/FusedBatchNormV3,4,5633.044,1408.261,5633.044,1408.261,0.00785124887243016,0.5413960191139634,0.0,0.0
9,Device,FusedBatchNormV3,xception/block2_sepconv2_bn/FusedBatchNormV3,4,5606.42,1401.605,5606.42,1401.605,0.007814140756466645,0.5492101598704301,0.0,0.0
10,Device,Conv2DBackpropFilter,gradient_tape/xception/block2_sepconv2/separable_conv2d/Conv2DBackpropFilter,2,5593.108,2796.554,5593.108,2796.554,0.007795586698484887,0.557005746568915,0.0,0.0
11,Device,_Recv,IteratorGetNext/_2,2,4861.106,2430.553,4861.106,2430.553,0.006775333727424015,0.563781080296339,0.0,0.0
12,Device,Conv2DBackpropFilter,gradient_tape/xception/block4_sepconv2/separable_conv2d/Conv2DBackpropFilter,4,4715.536,1178.884,4715.536,1178.884,0.006572440531780654,0.5703535208281196,0.0,0.0
13,Device,MaxPoolGrad,gradient_tape/xception/block2_pool/MaxPool/MaxPoolGrad,2,4386.832,2193.416,4386.832,2193.416,0.006114298023154185,0.5764678188512738,0.0,0.0
14,Device,FusedBatchNormGradV3,gradient_tape/xception/block3_sepconv2_bn/FusedBatchNormGradV3,2,4314.128,2157.064,4314.128,2157.064,0.006012964321869201,0.582480783173143,0.0,0.0
15,Device,FusedBatchNormGradV3,gradient_tape/xception/block3_sepconv1_bn/FusedBatchNormGradV3,2,4305.936,2152.968,4305.936,2152.968,0.006001546440034275,0.5884823296131773,0.0,0.0
16,Device,Conv2DBackpropInput,gradient_tape/xception/block4_sepconv2/separable_conv2d/Conv2DBackpropInput,4,4194.319,1048.57975,4194.319,1048.57975,0.005845976406248983,0.5943283060194262,0.0,0.0
17,Device,Conv2DBackpropFilter,gradient_tape/xception/block2_sepconv1/separable_conv2d/Conv2DBackpropFilter,2,4016.143,2008.0715,4016.143,2008.0715,0.005597637476339307,0.5999259434957656,0.0,0.0
18,Device,DepthwiseConv2dNativeBackpropInput,gradient_tape/xception/block2_sepconv2/separable_conv2d/DepthwiseConv2dNativeBackpropInput,2,3991.566,1995.783,3991.566,1995.783,0.0055633824370501204,0.6054893259328157,0.0,0.0
19,Device,Conv2DBackpropFilter,gradient_tape/xception/block1_conv2/Conv2D/Conv2DBackpropFilter,2,3706.894,1853.447,3706.894,1853.447,0.005166611043286386,0.6106559369761021,0.0,0.0
20,Device,Conv2D,xception/block4_sepconv2/separable_conv2d,4,3371.02,842.755,3371.02,842.755,0.004698475100485548,0.6153544120765877,0.0,0.0
21,Device,ReluGrad,gradient_tape/xception/block2_sepconv2_act/ReluGrad,2,3367.948,1683.974,3367.948,1683.974,0.00469419339479745,0.6200486054713852,0.0,0.0
22,Device,Conv2D,xception/block2_sepconv2/separable_conv2d,2,3331.084,1665.542,3331.084,1665.542,0.004642812926540276,0.6246914183979254,0.0,0.0
23,Device,FusedBatchNormGradV3,gradient_tape/xception/block1_conv2_bn/FusedBatchNormGradV3,2,3278.86,1639.43,3278.86,1639.43,0.004570023929842613,0.629261442327768,0.0,0.0
24,Device,Conv2DBackpropInput,gradient_tape/xception/block2_sepconv2/separable_conv2d/Conv2DBackpropInput,2,3254.284,1627.142,3254.284,1627.142,0.004535770284337831,0.6337972126121059,0.0,0.0
25,Device,Conv2DBackpropInput,gradient_tape/xception/block1_conv2/Conv2D/Conv2DBackpropInput,2,3033.098,1516.549,3033.098,1516.549,0.004227484687225978,0.6380246972993319,0.0,0.0
26,Device,Conv2DBackpropFilter,gradient_tape/xception/block3_sepconv2/separable_conv2d/Conv2DBackpropFilter,2,2892.81,1446.405,2892.81,1446.405,0.0040319534608028425,0.6420566507601347,0.0,0.0
27,Device,Conv2D,xception/block3_sepconv2/separable_conv2d,2,2734.089,1367.0445,2734.089,1367.0445,0.003810730606466717,0.6458673813666015,0.0,0.0
28,Device,Conv2DBackpropInput,gradient_tape/xception/block3_sepconv2/separable_conv2d/Conv2DBackpropInput,2,2731.018,1365.509,2731.018,1365.509,0.003806450294563023,0.6496738316611645,0.0,0.0
29,Device,FusedBatchNormV3,xception/block1_conv2_bn/FusedBatchNormV3,4,2641.929,660.48225,2641.929,660.48225,0.0036822794358237817,0.6533561110969883,0.0,0.0
30,Device,FusedBatchNormV3,xception/block3_sepconv2_bn/FusedBatchNormV3,4,2617.354,654.3385,2617.354,654.3385,0.0036480271841034025,0.6570041382810917,0.0,0.0
31,Device,DepthwiseConv2dNative,xception/block2_sepconv2/separable_conv2d/depthwise,2,2609.161,1304.5805,2609.161,1304.5805,0.0036366079084840714,0.6606407461895758,0.0,0.0
32,Device,FusedBatchNormV3,xception/block3_sepconv1_bn/FusedBatchNormV3,4,2591.754,647.9385,2591.754,647.9385,0.0036123463033692535,0.6642530924929451,0.0,0.0
33,Device,Conv2D,xception/block2_sepconv1/separable_conv2d,2,2292.744,1146.372,2292.744,1146.372,0.0031955908288255896,0.6674486833217707,0.0,0.0
34,Device,Conv2DBackpropFilter,gradient_tape/xception/block3_sepconv1/separable_conv2d/Conv2DBackpropFilter,2,2217.992,1108.996,2217.992,1108.996,0.0030914026570818755,0.6705400859788525,0.0,0.0
35,Device,Conv2D,xception/block1_conv2/Conv2D,2,2136.072,1068.036,2136.072,1068.036,0.002977223838732599,0.6735173098175851,0.0,0.0
36,Device,Relu,xception/block2_sepconv2_act/Relu,2,2093.064,1046.532,2093.064,1046.532,0.002917279959099229,0.6764345897766842,0.0,0.0
37,Device,DepthwiseConv2dNativeBackpropInput,gradient_tape/xception/block3_sepconv2/separable_conv2d/DepthwiseConv2dNativeBackpropInput,2,2066.44,1033.22,2066.44,1033.22,0.002880171843135715,0.67931476161982,0.0,0.0
38,Device,FusedBatchNormGradV3,gradient_tape/xception/block4_sepconv1_bn/FusedBatchNormGradV3,2,2010.12,1005.06,2010.12,1005.06,0.002801673905520587,0.6821164355253405,0.0,0.0
39,Device,FusedBatchNormGradV3,gradient_tape/xception/block4_sepconv2_bn/FusedBatchNormGradV3,2,2005.0,1002.5,2005.0,1002.5,0.0027945377293737577,0.6849109732547143,0.0,0.0
40,Device,FusedBatchNormGradV3,gradient_tape/xception/batch_normalization/FusedBatchNormGradV3,2,1963.015,981.5075,1963.015,981.5075,0.0027360196911853504,0.6876469929458996,0.0,0.0
41,Device,DepthwiseConv2dNativeBackpropInput,gradient_tape/xception/block2_sepconv1/separable_conv2d/DepthwiseConv2dNativeBackpropInput,2,1946.631,973.3155,1946.631,973.3155,0.002713183927515495,0.6903601768734151,0.0,0.0
42,Device,FusedBatchNormGradV3,gradient_tape/xception/block1_conv1_bn/FusedBatchNormGradV3,2,1939.463,969.7315,1939.463,969.7315,0.0027031932809099333,0.6930633701543251,0.0,0.0
43,Device,Conv2DBackpropInput,gradient_tape/xception/block4_sepconv1/separable_conv2d/Conv2DBackpropInput,2,1778.694,889.347,1778.694,889.347,0.0024791159561150756,0.6955424861104401,0.0,0.0
44,Device,Conv2DBackpropFilter,gradient_tape/xception/block4_sepconv1/separable_conv2d/Conv2DBackpropFilter,2,1729.542,864.771,1729.542,864.771,0.00241060866510551,0.6979530947755457,0.0,0.0
45,Device,ReluGrad,gradient_tape/xception/block3_sepconv2_act/ReluGrad,2,1715.206,857.603,1715.206,857.603,0.0023906273718943866,0.7003437221474401,0.0,0.0
46,Device,Conv2D,xception/block3_sepconv1/separable_conv2d,2,1702.918,851.459,1702.918,851.459,0.002373500549141995,0.7027172226965821,0.0,0.0
47,Device,Conv2DBackpropInput,gradient_tape/xception/conv2d/Conv2D/Conv2DBackpropInput,2,1687.558,843.779,1687.558,843.779,0.002352092020701506,0.7050693147172836,0.0,0.0
48,Device,ReluGrad,gradient_tape/xception/block1_conv2_act/ReluGrad,2,1686.534,843.267,1686.534,843.267,0.00235066478547214,0.7074199795027558,0.0,0.0
49,Device,Conv2DBackpropInput,gradient_tape/xception/block2_sepconv1/separable_conv2d/Conv2DBackpropInput,2,1647.622,823.811,1647.622,823.811,0.002296429846756234,0.7097164093495121,0.0,0.0
50,Device,AddN,SGD/gradients/AddN_11,2,1611.782,805.891,1611.782,805.891,0.0022464766137284256,0.7119628859632405,0.0,0.0
51,Device,Conv2D,xception/block14_sepconv2/separable_conv2d,2,1563.653,781.8265,1563.653,781.8265,0.0021793951641638225,0.7141422811274044,0.0,0.0
52,Device,DepthwiseConv2dNativeBackpropInput,gradient_tape/xception/block4_sepconv2/separable_conv2d/DepthwiseConv2dNativeBackpropInput,2,1550.342,775.171,1550.342,775.171,0.002160842499966469,0.7163031236273709,0.0,0.0
53,Device,Conv2D,xception/block4_sepconv1/separable_conv2d,4,1542.149,385.53725,1542.149,385.53725,0.0021494232243471374,0.7184525468517181,0.0,0.0
54,Device,Conv2DBackpropInput,gradient_tape/xception/block13_sepconv2/separable_conv2d/Conv2DBackpropInput,4,1522.693,380.67325,1522.693,380.67325,0.0021223057549891846,0.7205748526067073,0.0,0.0
55,Device,Conv2DBackpropInput,gradient_tape/xception/block14_sepconv2/separable_conv2d/Conv2DBackpropInput,2,1517.574,758.787,1517.574,758.787,0.0021151709726267586,0.7226900235793341,0.0,0.0
56,Device,DepthwiseConv2dNative,xception/block3_sepconv2/separable_conv2d/depthwise,2,1426.438,713.219,1426.438,713.219,0.001988147037213189,0.7246781706165473,0.0,0.0
57,Device,Conv2D,xception/block13_sepconv2/separable_conv2d,2,1423.365,711.6825,1423.365,711.6825,0.0019838639377406874,0.7266620345542879,0.0,0.0
58,Device,Conv2DBackpropInput,gradient_tape/xception/block3_sepconv1/separable_conv2d/Conv2DBackpropInput,2,1408.004,704.002,1408.004,704.002,0.0019624540155157946,0.7286244885698037,0.0,0.0
59,Device,MaxPoolGrad,gradient_tape/xception/block3_pool/MaxPool/MaxPoolGrad,2,1366.022,683.011,1366.022,683.011,0.001903940158680598,0.7305284287284842,0.0,0.0
60,Device,Conv2DBackpropFilter,gradient_tape/xception/block13_sepconv2/separable_conv2d/Conv2DBackpropFilter,4,1353.732,338.433,1353.732,338.433,0.0018868105483593994,0.7324152392768436,0.0,0.0
61,Device,Conv2DBackpropFilter,gradient_tape/xception/conv2d/Conv2D/Conv2DBackpropFilter,2,1351.685,675.8425,1351.685,675.8425,0.0018839574716850711,0.7342991967485286,0.0,0.0
62,Device,MaxPool,xception/block2_pool/MaxPool,2,1325.061,662.5305,1325.061,662.5305,0.0018468493557215564,0.7361460461042502,0.0,0.0
63,Device,Conv2DBackpropFilter,gradient_tape/xception/block14_sepconv2/separable_conv2d/Conv2DBackpropFilter,4,1314.819,328.70475,1314.819,328.70475,0.0018325742158590895,0.7379786203201093,0.0,0.0
64,Device,DepthwiseConv2dNative,xception/block2_sepconv1/separable_conv2d/depthwise,2,1312.773,656.3865,1312.773,656.3865,0.0018297225329691649,0.7398083428530785,0.0,0.0
65,Device,ReluGrad,gradient_tape/xception/block4_sepconv2_act/ReluGrad,2,1249.284,624.642,1249.284,624.642,0.0017412325549640726,0.7415495754080426,0.0,0.0
66,Device,Conv2DBackpropFilter,gradient_tape/xception/block11_sepconv1/separable_conv2d/Conv2DBackpropFilter,4,1218.563,304.64075,1218.563,304.64075,0.0016984141042986906,0.7432479895123413,0.0,0.0
67,Device,Conv2DBackpropFilter,gradient_tape/xception/block12_sepconv3/separable_conv2d/Conv2DBackpropFilter,4,1215.491,303.87275,1215.491,303.87275,0.0016941323986105926,0.7449421219109519,0.0,0.0
68,Device,Conv2DBackpropFilter,gradient_tape/xception/block12_sepconv1/separable_conv2d/Conv2DBackpropFilter,4,1214.468,303.617,1214.468,303.617,0.0016927065571656305,0.7466348284681175,0.0,0.0
69,Device,Conv2DBackpropFilter,gradient_tape/xception/block12_sepconv2/separable_conv2d/Conv2DBackpropFilter,4,1214.468,303.617,1214.468,303.617,0.0016927065571656305,0.748327535025283,0.0,0.0
70,Device,Conv2DBackpropFilter,gradient_tape/xception/block13_sepconv1/separable_conv2d/Conv2DBackpropFilter,4,1214.468,303.617,1214.468,303.617,0.0016927065571656305,0.7500202415824486,0.0,0.0
71,Device,Conv2DBackpropFilter,gradient_tape/xception/block11_sepconv3/separable_conv2d/Conv2DBackpropFilter,4,1214.467,303.61675,1214.467,303.61675,0.0016927051633812268,0.7517129467458299,0.0,0.0
72,Device,Conv2DBackpropFilter,gradient_tape/xception/block11_sepconv2/separable_conv2d/Conv2DBackpropFilter,4,1212.42,303.105,1212.42,303.105,0.0016898520867068985,0.7534027988325368,0.0,0.0
73,Device,FusedBatchNormV3,xception/batch_normalization/FusedBatchNormV3,4,1211.397,302.84925,1211.397,302.84925,0.001688426245261936,0.7550912250777987,0.0,0.0
74,Device,FusedBatchNormV3,xception/block4_sepconv1_bn/FusedBatchNormV3,4,1210.373,302.59325,1210.373,302.59325,0.0016869990100325703,0.7567782240878312,0.0,0.0
75,Device,FusedBatchNormV3,xception/block4_sepconv2_bn/FusedBatchNormV3,4,1208.324,302.081,1208.324,302.081,0.0016841431457894347,0.7584623672336207,0.0,0.0
76,Device,Conv2DBackpropFilter,gradient_tape/xception/block10_sepconv3/separable_conv2d/Conv2DBackpropFilter,4,1205.254,301.3135,1205.254,301.3135,0.001679864227670144,0.7601422314612909,0.0,0.0
77,Device,Conv2DBackpropFilter,gradient_tape/xception/block10_sepconv2/separable_conv2d/Conv2DBackpropFilter,4,1202.182,300.5455,1202.182,300.5455,0.0016755825219820462,0.761817813983273,0.0,0.0
78,Device,Conv2DBackpropFilter,gradient_tape/xception/block8_sepconv1/separable_conv2d/Conv2DBackpropFilter,4,1202.18,300.545,1202.18,300.545,0.001675579734413239,0.7634933937176862,0.0,0.0
79,Device,Conv2DBackpropFilter,gradient_tape/xception/block7_sepconv3/separable_conv2d/Conv2DBackpropFilter,4,1200.132,300.033,1200.132,300.033,0.001672725263954507,0.7651661189816407,0.0,0.0
80,Device,Conv2DBackpropFilter,gradient_tape/xception/block10_sepconv1/separable_conv2d/Conv2DBackpropFilter,4,1199.109,299.77725,1199.109,299.77725,0.0016712994225095447,0.7668374184041502,0.0,0.0
81,Device,Conv2DBackpropFilter,gradient_tape/xception/block9_sepconv1/separable_conv2d/Conv2DBackpropFilter,4,1198.084,299.521,1198.084,299.521,0.0016698707934957751,0.768507289197646,0.0,0.0
82,Device,Conv2DBackpropFilter,gradient_tape/xception/block8_sepconv2/separable_conv2d/Conv2DBackpropFilter,4,1197.06,299.265,1197.06,299.265,0.0016684435582664092,0.7701757327559124,0.0,0.0
83,Device,Conv2DBackpropFilter,gradient_tape/xception/block8_sepconv3/separable_conv2d/Conv2DBackpropFilter,4,1196.037,299.00925,1196.037,299.00925,0.0016670177168214468,0.7718427504727339,0.0,0.0
84,Device,Conv2DBackpropFilter,gradient_tape/xception/block7_sepconv2/separable_conv2d/Conv2DBackpropFilter,4,1196.036,299.009,1196.036,299.009,0.0016670163230370432,0.7735097667957709,0.0,0.0
85,Device,Conv2DBackpropFilter,gradient_tape/xception/block6_sepconv3/separable_conv2d/Conv2DBackpropFilter,4,1195.012,298.753,1195.012,298.753,0.0016655890878076772,0.7751753558835786,0.0,0.0
86,Device,Conv2DBackpropFilter,gradient_tape/xception/block5_sepconv1/separable_conv2d/Conv2DBackpropFilter,4,1192.964,298.241,1192.964,298.241,0.0016627346173489453,0.7768380905009274,0.0,0.0
87,Device,Conv2DBackpropFilter,gradient_tape/xception/block5_sepconv2/separable_conv2d/Conv2DBackpropFilter,4,1192.964,298.241,1192.964,298.241,0.0016627346173489453,0.7785008251182763,0.0,0.0
88,Device,Conv2DBackpropFilter,gradient_tape/xception/block5_sepconv3/separable_conv2d/Conv2DBackpropFilter,4,1192.964,298.241,1192.964,298.241,0.0016627346173489453,0.7801635597356252,0.0,0.0
89,Device,Conv2DBackpropFilter,gradient_tape/xception/block6_sepconv1/separable_conv2d/Conv2DBackpropFilter,4,1192.964,298.241,1192.964,298.241,0.0016627346173489453,0.7818262943529741,0.0,0.0
90,Device,Conv2DBackpropFilter,gradient_tape/xception/block9_sepconv2/separable_conv2d/Conv2DBackpropFilter,4,1192.964,298.241,1192.964,298.241,0.0016627346173489453,0.783489028970323,0.0,0.0
91,Device,Conv2DBackpropFilter,gradient_tape/xception/block6_sepconv2/separable_conv2d/Conv2DBackpropFilter,4,1191.94,297.985,1191.94,297.985,0.0016613073821195796,0.7851503363524426,0.0,0.0
92,Device,Conv2DBackpropFilter,gradient_tape/xception/block7_sepconv1/separable_conv2d/Conv2DBackpropFilter,4,1190.916,297.729,1190.916,297.729,0.0016598801468902134,0.7868102164993328,0.0,0.0
93,Device,Conv2DBackpropFilter,gradient_tape/xception/block9_sepconv3/separable_conv2d/Conv2DBackpropFilter,4,1189.892,297.473,1189.892,297.473,0.0016584529116608477,0.7884686694109937,0.0,0.0
94,Device,DepthwiseConv2dNativeBackpropFilter,gradient_tape/xception/block4_sepconv2/separable_conv2d/DepthwiseConv2dNativeBackpropFilter,2,1138.692,569.346,1138.692,569.346,0.0015870911501925501,0.7900557605611862,0.0,0.0
95,Device,FusedBatchNormV3,xception/block1_conv1_bn/FusedBatchNormV3,4,1136.644,284.161,1136.644,284.161,0.0015842366797338182,0.79163999724092,0.0,0.0
96,Device,Conv2DBackpropInput,gradient_tape/xception/block12_sepconv3/separable_conv2d/Conv2DBackpropInput,2,1115.14,557.57,1115.14,557.57,0.0015542647399171333,0.7931942619808372,0.0,0.0
97,Device,Conv2DBackpropFilter,gradient_tape/xception/block1_conv1/Conv2D/Conv2DBackpropFilter,2,1104.9,552.45,1104.9,552.45,0.001539992387623474,0.7947342543684607,0.0,0.0
98,Device,Conv2DBackpropInput,gradient_tape/xception/block11_sepconv2/separable_conv2d/Conv2DBackpropInput,2,1088.516,544.258,1088.516,544.258,0.0015171566239536188,0.7962514109924143,0.0,0.0
99,Device,Conv2DBackpropInput,gradient_tape/xception/block7_sepconv3/separable_conv2d/Conv2DBackpropInput,2,1087.492,543.746,1087.492,543.746,0.0015157293887242526,0.7977671403811385,0.0,0.0
100,Device,Conv2DBackpropInput,gradient_tape/xception/block11_sepconv3/separable_conv2d/Conv2DBackpropInput,2,1086.468,543.234,1086.468,543.234,0.0015143021534948869,0.7992814425346334,0.0,0.0
101,Device,Conv2DBackpropInput,gradient_tape/xception/block11_sepconv1/separable_conv2d/Conv2DBackpropInput,2,1085.444,542.722,1085.444,542.722,0.0015128749182655207,0.800794317452899,0.0,0.0
102,Device,Conv2DBackpropInput,gradient_tape/xception/block8_sepconv3/separable_conv2d/Conv2DBackpropInput,2,1085.444,542.722,1085.444,542.722,0.0015128749182655207,0.8023071923711645,0.0,0.0
103,Device,Conv2DBackpropInput,gradient_tape/xception/block10_sepconv1/separable_conv2d/Conv2DBackpropInput,2,1084.42,542.21,1084.42,542.21,0.001511447683036155,0.8038186400542007,0.0,0.0
104,Device,Conv2DBackpropInput,gradient_tape/xception/block12_sepconv1/separable_conv2d/Conv2DBackpropInput,2,1084.42,542.21,1084.42,542.21,0.001511447683036155,0.8053300877372368,0.0,0.0
105,Device,Conv2DBackpropInput,gradient_tape/xception/block12_sepconv2/separable_conv2d/Conv2DBackpropInput,2,1084.42,542.21,1084.42,542.21,0.001511447683036155,0.8068415354202729,0.0,0.0
106,Device,Conv2DBackpropInput,gradient_tape/xception/block13_sepconv1/separable_conv2d/Conv2DBackpropInput,2,1084.42,542.21,1084.42,542.21,0.001511447683036155,0.808352983103309,0.0,0.0
107,Device,Conv2DBackpropInput,gradient_tape/xception/block8_sepconv1/separable_conv2d/Conv2DBackpropInput,2,1082.372,541.186,1082.372,541.186,0.001508593212577423,0.8098615763158865,0.0,0.0
108,Device,Conv2DBackpropInput,gradient_tape/xception/block10_sepconv3/separable_conv2d/Conv2DBackpropInput,2,1081.348,540.674,1081.348,540.674,0.0015071659773480568,0.8113687422932345,0.0,0.0
109,Device,Conv2DBackpropInput,gradient_tape/xception/block9_sepconv3/separable_conv2d/Conv2DBackpropInput,2,1081.348,540.674,1081.348,540.674,0.0015071659773480568,0.8128759082705825,0.0,0.0
110,Device,Conv2DBackpropInput,gradient_tape/xception/block6_sepconv2/separable_conv2d/Conv2DBackpropInput,2,1080.324,540.162,1080.324,540.162,0.001505738742118691,0.8143816470127012,0.0,0.0
111,Device,Conv2DBackpropInput,gradient_tape/xception/block7_sepconv2/separable_conv2d/Conv2DBackpropInput,2,1079.3,539.65,1079.3,539.65,0.001504311506889325,0.8158859585195906,0.0,0.0
112,Device,Conv2DBackpropInput,gradient_tape/xception/block9_sepconv1/separable_conv2d/Conv2DBackpropInput,2,1079.3,539.65,1079.3,539.65,0.001504311506889325,0.8173902700264799,0.0,0.0
113,Device,Conv2DBackpropInput,gradient_tape/xception/block9_sepconv2/separable_conv2d/Conv2DBackpropInput,2,1079.3,539.65,1079.3,539.65,0.001504311506889325,0.8188945815333692,0.0,0.0
114,Device,Conv2DBackpropInput,gradient_tape/xception/block10_sepconv2/separable_conv2d/Conv2DBackpropInput,2,1078.276,539.138,1078.276,539.138,0.0015028842716599592,0.8203974658050293,0.0,0.0
115,Device,Conv2DBackpropInput,gradient_tape/xception/block6_sepconv1/separable_conv2d/Conv2DBackpropInput,2,1077.252,538.626,1077.252,538.626,0.001501457036430593,0.8218989228414598,0.0,0.0
116,Device,Conv2DBackpropInput,gradient_tape/xception/block8_sepconv2/separable_conv2d/Conv2DBackpropInput,2,1077.252,538.626,1077.252,538.626,0.001501457036430593,0.8234003798778904,0.0,0.0
117,Device,Conv2DBackpropInput,gradient_tape/xception/block5_sepconv2/separable_conv2d/Conv2DBackpropInput,2,1076.228,538.114,1076.228,538.114,0.0015000298012012273,0.8249004096790916,0.0,0.0
118,Device,Conv2DBackpropInput,gradient_tape/xception/block5_sepconv1/separable_conv2d/Conv2DBackpropInput,2,1075.204,537.602,1075.204,537.602,0.001498602565971861,0.8263990122450635,0.0,0.0
119,Device,Conv2DBackpropInput,gradient_tape/xception/block6_sepconv3/separable_conv2d/Conv2DBackpropInput,2,1075.204,537.602,1075.204,537.602,0.001498602565971861,0.8278976148110354,0.0,0.0
120,Device,Conv2DBackpropInput,gradient_tape/xception/block5_sepconv3/separable_conv2d/Conv2DBackpropInput,2,1074.18,537.09,1074.18,537.09,0.0014971753307424954,0.8293947901417779,0.0,0.0
121,Device,Conv2DBackpropInput,gradient_tape/xception/block7_sepconv1/separable_conv2d/Conv2DBackpropInput,2,1074.18,537.09,1074.18,537.09,0.0014971753307424954,0.8308919654725203,0.0,0.0
122,Device,Conv2D,xception/block13_sepconv1/separable_conv2d,2,1071.108,535.554,1071.108,535.554,0.0014928936250543973,0.8323848590975748,0.0,0.0
123,Device,Conv2D,xception/block12_sepconv3/separable_conv2d,2,1070.084,535.042,1070.084,535.042,0.0014914663898250315,0.8338763254873998,0.0,0.0
124,Device,Conv2D,xception/block5_sepconv3/separable_conv2d,2,1070.083,535.0415,1070.083,535.0415,0.0014914649960406279,0.8353677904834403,0.0,0.0
125,Device,Conv2D,xception/block6_sepconv1/separable_conv2d,2,1069.06,534.53,1069.06,534.53,0.0014900391545956656,0.836857829638036,0.0,0.0
126,Device,Conv2D,xception/block8_sepconv3/separable_conv2d,2,1069.06,534.53,1069.06,534.53,0.0014900391545956656,0.8383478687926317,0.0,0.0
127,Device,Conv2D,xception/block5_sepconv2/separable_conv2d,2,1069.059,534.5295,1069.059,534.5295,0.001490037760811262,0.8398379065534429,0.0,0.0
128,Device,Conv2D,xception/block10_sepconv3/separable_conv2d,2,1068.036,534.018,1068.036,534.018,0.0014886119193662996,0.8413265184728093,0.0,0.0
129,Device,Conv2D,xception/block6_sepconv2/separable_conv2d,2,1068.036,534.018,1068.036,534.018,0.0014886119193662996,0.8428151303921756,0.0,0.0
130,Device,Conv2D,xception/block8_sepconv1/separable_conv2d,2,1068.036,534.018,1068.036,534.018,0.0014886119193662996,0.8443037423115419,0.0,0.0
131,Device,Conv2D,xception/block9_sepconv1/separable_conv2d,2,1068.036,534.018,1068.036,534.018,0.0014886119193662996,0.8457923542309083,0.0,0.0
132,Device,Conv2D,xception/block10_sepconv2/separable_conv2d,2,1067.012,533.506,1067.012,533.506,0.0014871846841369336,0.8472795389150451,0.0,0.0
133,Device,Conv2D,xception/block12_sepconv1/separable_conv2d,2,1067.012,533.506,1067.012,533.506,0.0014871846841369336,0.848766723599182,0.0,0.0
134,Device,Conv2D,xception/block7_sepconv1/separable_conv2d,2,1067.012,533.506,1067.012,533.506,0.0014871846841369336,0.8502539082833189,0.0,0.0
135,Device,Conv2D,xception/block7_sepconv3/separable_conv2d,2,1067.012,533.506,1067.012,533.506,0.0014871846841369336,0.8517410929674558,0.0,0.0
136,Device,Conv2D,xception/block9_sepconv2/separable_conv2d,2,1067.012,533.506,1067.012,533.506,0.0014871846841369336,0.8532282776515927,0.0,0.0
137,Device,Conv2D,xception/block9_sepconv3/separable_conv2d,2,1067.01,533.505,1067.01,533.505,0.0014871818965681263,0.8547154595481609,0.0,0.0
138,Device,Conv2D,xception/block11_sepconv1/separable_conv2d,2,1065.988,532.994,1065.988,532.994,0.0014857574489075677,0.8562012169970684,0.0,0.0
139,Device,Conv2D,xception/block11_sepconv2/separable_conv2d,2,1065.988,532.994,1065.988,532.994,0.0014857574489075677,0.857686974445976,0.0,0.0
140,Device,Conv2D,xception/block12_sepconv2/separable_conv2d,2,1065.988,532.994,1065.988,532.994,0.0014857574489075677,0.8591727318948835,0.0,0.0
141,Device,Relu,xception/block3_sepconv2_act/Relu,2,1065.987,532.9935,1065.987,532.9935,0.001485756055123164,0.8606584879500067,0.0,0.0
142,Device,Conv2D,xception/block5_sepconv1/separable_conv2d,2,1065.987,532.9935,1065.987,532.9935,0.001485756055123164,0.8621442440051298,0.0,0.0
143,Device,Conv2D,xception/block11_sepconv3/separable_conv2d,2,1064.964,532.482,1064.964,532.482,0.0014843302136782017,0.863628574218808,0.0,0.0
144,Device,Conv2D,xception/block6_sepconv3/separable_conv2d,2,1064.964,532.482,1064.964,532.482,0.0014843302136782017,0.8651129044324862,0.0,0.0
145,Device,Conv2D,xception/block7_sepconv2/separable_conv2d,2,1064.964,532.482,1064.964,532.482,0.0014843302136782017,0.8665972346461644,0.0,0.0
146,Device,Conv2D,xception/block10_sepconv1/separable_conv2d,2,1062.916,531.458,1062.916,531.458,0.0014814757432194698,0.8680787103893839,0.0,0.0
147,Device,Conv2D,xception/block8_sepconv2/separable_conv2d,2,1062.916,531.458,1062.916,531.458,0.0014814757432194698,0.8695601861326033,0.0,0.0
148,Device,DepthwiseConv2dNativeBackpropInput,gradient_tape/xception/block3_sepconv1/separable_conv2d/DepthwiseConv2dNativeBackpropInput,2,1053.7,526.85,1053.7,526.85,0.0014686306261551764,0.8710288167587585,0.0,0.0
149,Device,Relu,xception/block1_conv2_act/Relu,2,1051.652,525.826,1051.652,525.826,0.0014657761556964445,0.872494592914455,0.0,0.0
150,Device,DepthwiseConv2dNative,xception/block4_sepconv2/separable_conv2d/depthwise,2,1045.508,522.754,1045.508,522.754,0.0014572127443202487,0.8739518056587752,0.0,0.0
151,Device,Conv2D,xception/conv2d/Conv2D,2,993.283,496.6415,993.283,496.6415,0.0013844223538381816,0.8753362280126133,0.0,0.0
152,Device,Conv2DBackpropInput,gradient_tape/xception/block14_sepconv1/separable_conv2d/Conv2DBackpropInput,2,974.852,487.426,974.852,487.426,0.0013587335134939982,0.8766949615261074,0.0,0.0
153,Device,MaxPoolGrad,gradient_tape/xception/block4_pool/MaxPool/MaxPoolGrad,2,898.05,449.025,898.05,449.025,0.0012516880837227446,0.8779466496098302,0.0,0.0
154,Device,Conv2DBackpropInput,gradient_tape/xception/conv2d_1/Conv2D/Conv2DBackpropInput,2,873.476,436.738,873.476,436.738,0.0012174372257867693,0.879164086835617,0.0,0.0
155,Device,ReluGrad,gradient_tape/xception/block3_sepconv1_act/ReluGrad,2,854.019,427.0095,854.019,427.0095,0.0011903183626444127,0.8803544051982614,0.0,0.0
156,Device,ReluGrad,gradient_tape/xception/block1_conv1_act/ReluGrad,2,844.803,422.4015,844.803,422.4015,0.001177473245580119,0.8815318784438415,0.0,0.0
157,Device,Conv2DBackpropFilter,gradient_tape/xception/block14_sepconv1/separable_conv2d/Conv2DBackpropFilter,4,829.442,207.3605,829.442,207.3605,0.0011560633233552262,0.8826879417671968,0.0,0.0
158,Device,AddN,SGD/gradients/AddN_10,2,828.419,414.2095,828.419,414.2095,0.0011546374819102639,0.883842579249107,0.0,0.0
159,Device,Conv2DBackpropFilter,gradient_tape/xception/conv2d_1/Conv2D/Conv2DBackpropFilter,2,794.626,397.313,794.626,397.313,0.0011075373255567838,0.8849501165746638,0.0,0.0
160,Device,AddV2,xception/add/add,2,792.578,396.289,792.578,396.289,0.0011046828550980519,0.8860547994297618,0.0,0.0
161,Device,Relu,xception/block4_sepconv2_act/Relu,2,787.458,393.729,787.458,393.729,0.001097546678951222,0.8871523461087131,0.0,0.0
162,Device,Conv2D,xception/block14_sepconv1/separable_conv2d,2,759.812,379.906,759.812,379.906,0.001059014115327149,0.8882113602240402,0.0,0.0
163,Device,FusedBatchNormGradV3,gradient_tape/xception/batch_normalization_1/FusedBatchNormGradV3,2,746.498,373.249,746.498,373.249,0.0010404572697765844,0.8892518174938168,0.0,0.0
164,Device,DepthwiseConv2dNative,xception/block3_sepconv1/separable_conv2d/depthwise,2,723.971,361.9855,723.971,361.9855,0.001009059488514937,0.8902608769823317,0.0,0.0
165,Device,FusedBatchNormGradV3,gradient_tape/xception/block13_sepconv2_bn/FusedBatchNormGradV3,2,698.371,349.1855,698.371,349.1855,0.0009733786077807883,0.8912342555901125,0.0,0.0
166,Device,Conv2D,xception/conv2d_1/Conv2D,2,695.299,347.6495,695.299,347.6495,0.0009690969020926904,0.8922033524922052,0.0,0.0
167,Device,Conv2DBackpropInput,gradient_tape/xception/conv2d_2/Conv2D/Conv2DBackpropInput,2,687.106,343.553,687.106,343.553,0.0009576776264733592,0.8931610301186785,0.0,0.0
168,Device,MaxPool,xception/block3_pool/MaxPool,2,678.914,339.457,678.914,339.457,0.0009462597446384316,0.894107289863317,0.0,0.0
169,Device,Conv2DBackpropInput,gradient_tape/xception/conv2d_3/Conv2D/Conv2DBackpropInput,2,638.978,319.489,638.978,319.489,0.0008905975706931595,0.8949978874340102,0.0,0.0
170,Device,Conv2DBackpropFilter,gradient_tape/xception/conv2d_3/Conv2D/Conv2DBackpropFilter,4,632.834,158.2085,632.834,158.2085,0.0008820341593169638,0.8958799215933272,0.0,0.0
171,Device,Conv2D,xception/conv2d_2/Conv2D,2,550.914,275.457,550.914,275.457,0.0007678553409676879,0.8966477769342949,0.0,0.0
172,Device,Relu,xception/block1_conv1_act/Relu,2,543.746,271.873,543.746,271.873,0.0007578646943621263,0.897405641628657,0.0,0.0
173,Device,Relu,xception/block3_sepconv1_act/Relu,2,535.554,267.777,535.554,267.777,0.0007464468125271986,0.8981520884411842,0.0,0.0
174,Device,DepthwiseConv2dNativeBackpropInput,gradient_tape/xception/block4_sepconv1/separable_conv2d/DepthwiseConv2dNativeBackpropInput,2,507.906,253.953,507.906,253.953,0.0007079114613343181,0.8988599999025185,0.0,0.0
175,Device,FusedBatchNormGradV3,gradient_tape/xception/batch_normalization_2/FusedBatchNormGradV3,2,505.858,252.929,505.858,252.929,0.0007050569908755862,0.8995650568933942,0.0,0.0
176,Device,FusedBatchNormGradV3,gradient_tape/xception/block13_sepconv1_bn/FusedBatchNormGradV3,2,504.834,252.417,504.834,252.417,0.0007036297556462203,0.9002686866490404,0.0,0.0
177,Device,MaxPool,xception/block4_pool/MaxPool,2,504.834,252.417,504.834,252.417,0.0007036297556462203,0.9009723164046866,0.0,0.0
178,Device,FusedBatchNormGradV3,gradient_tape/xception/block12_sepconv2_bn/FusedBatchNormGradV3,2,502.786,251.393,502.786,251.393,0.0007007752851874884,0.9016730916898741,0.0,0.0
179,Device,FusedBatchNormGradV3,gradient_tape/xception/block12_sepconv3_bn/FusedBatchNormGradV3,2,502.786,251.393,502.786,251.393,0.0007007752851874884,0.9023738669750616,0.0,0.0
180,Device,FusedBatchNormGradV3,gradient_tape/xception/block6_sepconv2_bn/FusedBatchNormGradV3,2,502.786,251.393,502.786,251.393,0.0007007752851874884,0.9030746422602491,0.0,0.0
181,Device,FusedBatchNormGradV3,gradient_tape/xception/block7_sepconv2_bn/FusedBatchNormGradV3,2,502.786,251.393,502.786,251.393,0.0007007752851874884,0.9037754175454367,0.0,0.0
182,Device,FusedBatchNormGradV3,gradient_tape/xception/block8_sepconv2_bn/FusedBatchNormGradV3,2,502.786,251.393,502.786,251.393,0.0007007752851874884,0.9044761928306242,0.0,0.0
183,Device,FusedBatchNormGradV3,gradient_tape/xception/block11_sepconv2_bn/FusedBatchNormGradV3,2,501.762,250.881,501.762,250.881,0.0006993480499581224,0.9051755408805823,0.0,0.0
184,Device,FusedBatchNormGradV3,gradient_tape/xception/block5_sepconv2_bn/FusedBatchNormGradV3,2,501.762,250.881,501.762,250.881,0.0006993480499581224,0.9058748889305404,0.0,0.0
185,Device,FusedBatchNormGradV3,gradient_tape/xception/block9_sepconv1_bn/FusedBatchNormGradV3,2,501.762,250.881,501.762,250.881,0.0006993480499581224,0.9065742369804984,0.0,0.0
186,Device,FusedBatchNormGradV3,gradient_tape/xception/block9_sepconv2_bn/FusedBatchNormGradV3,2,501.762,250.881,501.762,250.881,0.0006993480499581224,0.9072735850304565,0.0,0.0
187,Device,FusedBatchNormGradV3,gradient_tape/xception/block8_sepconv1_bn/FusedBatchNormGradV3,2,501.761,250.8805,501.761,250.8805,0.0006993466561737188,0.9079729316866303,0.0,0.0
188,Device,FusedBatchNormGradV3,gradient_tape/xception/block8_sepconv3_bn/FusedBatchNormGradV3,2,501.761,250.8805,501.761,250.8805,0.0006993466561737188,0.9086722783428041,0.0,0.0
189,Device,FusedBatchNormGradV3,gradient_tape/xception/block10_sepconv1_bn/FusedBatchNormGradV3,2,501.76,250.88,501.76,250.88,0.000699345262389315,0.9093716236051934,0.0,0.0
190,Device,FusedBatchNormGradV3,gradient_tape/xception/block11_sepconv3_bn/FusedBatchNormGradV3,2,500.738,250.369,500.738,250.369,0.0006979208147287565,0.9100695444199222,0.0,0.0
191,Device,FusedBatchNormGradV3,gradient_tape/xception/block12_sepconv1_bn/FusedBatchNormGradV3,2,500.738,250.369,500.738,250.369,0.0006979208147287565,0.9107674652346509,0.0,0.0
192,Device,FusedBatchNormGradV3,gradient_tape/xception/block6_sepconv3_bn/FusedBatchNormGradV3,2,500.738,250.369,500.738,250.369,0.0006979208147287565,0.9114653860493797,0.0,0.0
193,Device,FusedBatchNormGradV3,gradient_tape/xception/block7_sepconv3_bn/FusedBatchNormGradV3,2,500.738,250.369,500.738,250.369,0.0006979208147287565,0.9121633068641084,0.0,0.0
194,Device,FusedBatchNormGradV3,gradient_tape/xception/block10_sepconv2_bn/FusedBatchNormGradV3,2,500.737,250.3685,500.737,250.3685,0.0006979194209443528,0.9128612262850527,0.0,0.0
195,Device,FusedBatchNormGradV3,gradient_tape/xception/block10_sepconv3_bn/FusedBatchNormGradV3,2,500.737,250.3685,500.737,250.3685,0.0006979194209443528,0.913559145705997,0.0,0.0
196,Device,FusedBatchNormGradV3,gradient_tape/xception/block11_sepconv1_bn/FusedBatchNormGradV3,2,499.714,249.857,499.714,249.857,0.0006964935794993905,0.9142556392854965,0.0,0.0
197,Device,FusedBatchNormGradV3,gradient_tape/xception/block6_sepconv1_bn/FusedBatchNormGradV3,2,499.714,249.857,499.714,249.857,0.0006964935794993905,0.9149521328649959,0.0,0.0
198,Device,FusedBatchNormGradV3,gradient_tape/xception/block5_sepconv1_bn/FusedBatchNormGradV3,2,498.69,249.345,498.69,249.345,0.0006950663442700245,0.915647199209266,0.0,0.0
199,Device,FusedBatchNormGradV3,gradient_tape/xception/block5_sepconv3_bn/FusedBatchNormGradV3,2,498.69,249.345,498.69,249.345,0.0006950663442700245,0.916342265553536,0.0,0.0
200,Device,FusedBatchNormGradV3,gradient_tape/xception/block7_sepconv1_bn/FusedBatchNormGradV3,2,498.69,249.345,498.69,249.345,0.0006950663442700245,0.9170373318978061,0.0,0.0
201,Device,FusedBatchNormGradV3,gradient_tape/xception/block9_sepconv3_bn/FusedBatchNormGradV3,2,498.69,249.345,498.69,249.345,0.0006950663442700245,0.9177323982420762,0.0,0.0
202,Device,Conv2DBackpropFilter,gradient_tape/xception/conv2d_2/Conv2D/Conv2DBackpropFilter,2,497.666,248.833,497.666,248.833,0.0006936391090406586,0.9184260373511168,0.0,0.0
203,Device,Conv2D,xception/conv2d_3/Conv2D,2,465.922,232.961,465.922,232.961,0.0006493948169303142,0.9190754321680471,0.0,0.0
204,Device,Conv2D,xception/block1_conv1/Conv2D,2,450.562,225.281,450.562,225.281,0.000627986288489825,0.9197034184565369,0.0,0.0
205,Device,FusedBatchNormV3,xception/batch_normalization_1/FusedBatchNormV3,4,447.489,111.87225,447.489,111.87225,0.0006237031890173234,0.9203271216455542,0.0,0.0
206,Device,ReluGrad,gradient_tape/xception/block4_sepconv1_act/ReluGrad,2,433.154,216.577,433.154,216.577,0.0006037232895906038,0.9209308449351448,0.0,0.0
207,Device,AddN,SGD/gradients/AddN_9,2,430.08,215.04,430.08,215.04,0.0005994387963336986,0.9215302837314785,0.0,0.0
208,Device,DepthwiseConv2dNativeBackpropFilter,gradient_tape/xception/block4_sepconv1/separable_conv2d/DepthwiseConv2dNativeBackpropFilter,2,418.818,209.409,418.818,209.409,0.0005837419963794805,0.9221140257278579,0.0,0.0
209,Device,AddV2,xception/add_1/add,2,407.554,203.777,407.554,203.777,0.000568042408856455,0.9226820681367144,0.0,0.0
210,Device,DepthwiseConv2dNativeBackpropInput,gradient_tape/xception/block12_sepconv2/separable_conv2d/DepthwiseConv2dNativeBackpropInput,2,398.337,199.1685,398.337,199.1685,0.0005551958980077579,0.9232372640347222,0.0,0.0
211,Device,DepthwiseConv2dNativeBackpropInput,gradient_tape/xception/block13_sepconv1/separable_conv2d/DepthwiseConv2dNativeBackpropInput,2,397.314,198.657,397.314,198.657,0.0005537700565627957,0.9237910340912849,0.0,0.0
212,Device,DepthwiseConv2dNativeBackpropInput,gradient_tape/xception/block13_sepconv2/separable_conv2d/DepthwiseConv2dNativeBackpropInput,2,397.314,198.657,397.314,198.657,0.0005537700565627957,0.9243448041478477,0.0,0.0
213,Device,DepthwiseConv2dNativeBackpropInput,gradient_tape/xception/block11_sepconv3/separable_conv2d/DepthwiseConv2dNativeBackpropInput,2,397.313,198.6565,397.313,198.6565,0.0005537686627783919,0.924898572810626,0.0,0.0
214,Device,DepthwiseConv2dNativeBackpropInput,gradient_tape/xception/block12_sepconv1/separable_conv2d/DepthwiseConv2dNativeBackpropInput,2,396.29,198.145,396.29,198.145,0.0005523428213334297,0.9254509156319595,0.0,0.0
215,Device,DepthwiseConv2dNativeBackpropInput,gradient_tape/xception/block11_sepconv2/separable_conv2d/DepthwiseConv2dNativeBackpropInput,2,396.288,198.144,396.288,198.144,0.0005523400337646223,0.9260032556657241,0.0,0.0
216,Device,DepthwiseConv2dNativeBackpropInput,gradient_tape/xception/block12_sepconv3/separable_conv2d/DepthwiseConv2dNativeBackpropInput,2,395.265,197.6325,395.265,197.6325,0.00055091419231966,0.9265541698580437,0.0,0.0
217,Device,DepthwiseConv2dNativeBackpropInput,gradient_tape/xception/block11_sepconv1/separable_conv2d/DepthwiseConv2dNativeBackpropInput,2,394.24,197.12,394.24,197.12,0.0005494855633058904,0.9271036554213496,0.0,0.0
218,Device,DepthwiseConv2dNativeBackpropInput,gradient_tape/xception/block7_sepconv3/separable_conv2d/DepthwiseConv2dNativeBackpropInput,2,392.194,196.097,392.194,196.097,0.0005466338804159659,0.9276502893017656,0.0,0.0
219,Device,DepthwiseConv2dNativeBackpropInput,gradient_tape/xception/block10_sepconv1/separable_conv2d/DepthwiseConv2dNativeBackpropInput,2,391.17,195.585,391.17,195.585,0.0005452066451865999,0.9281954959469523,0.0,0.0
220,Device,DepthwiseConv2dNativeBackpropInput,gradient_tape/xception/block8_sepconv3/separable_conv2d/DepthwiseConv2dNativeBackpropInput,2,390.146,195.073,390.146,195.073,0.0005437794099572339,0.9287392753569095,0.0,0.0
221,Device,DepthwiseConv2dNativeBackpropInput,gradient_tape/xception/block10_sepconv2/separable_conv2d/DepthwiseConv2dNativeBackpropInput,2,389.122,194.561,389.122,194.561,0.000542352174727868,0.9292816275316373,0.0,0.0
222,Device,DepthwiseConv2dNativeBackpropInput,gradient_tape/xception/block10_sepconv3/separable_conv2d/DepthwiseConv2dNativeBackpropInput,2,389.122,194.561,389.122,194.561,0.000542352174727868,0.9298239797063652,0.0,0.0
223,Device,DepthwiseConv2dNativeBackpropInput,gradient_tape/xception/block9_sepconv2/separable_conv2d/DepthwiseConv2dNativeBackpropInput,2,389.122,194.561,389.122,194.561,0.000542352174727868,0.9303663318810931,0.0,0.0
224,Device,DepthwiseConv2dNativeBackpropInput,gradient_tape/xception/block8_sepconv1/separable_conv2d/DepthwiseConv2dNativeBackpropInput,2,388.098,194.049,388.098,194.049,0.000540924939498502,0.9309072568205916,0.0,0.0
225,Device,DepthwiseConv2dNativeBackpropInput,gradient_tape/xception/block8_sepconv2/separable_conv2d/DepthwiseConv2dNativeBackpropInput,2,388.098,194.049,388.098,194.049,0.000540924939498502,0.9314481817600901,0.0,0.0
226,Device,DepthwiseConv2dNativeBackpropInput,gradient_tape/xception/block9_sepconv3/separable_conv2d/DepthwiseConv2dNativeBackpropInput,2,387.074,193.537,387.074,193.537,0.0005394977042691361,0.9319876794643592,0.0,0.0
227,Device,DepthwiseConv2dNativeBackpropInput,gradient_tape/xception/block9_sepconv1/separable_conv2d/DepthwiseConv2dNativeBackpropInput,2,387.073,193.5365,387.073,193.5365,0.0005394963104847324,0.932527175774844,0.0,0.0
228,Device,DepthwiseConv2dNativeBackpropInput,gradient_tape/xception/block6_sepconv2/separable_conv2d/DepthwiseConv2dNativeBackpropInput,2,386.05,193.025,386.05,193.025,0.0005380704690397702,0.9330652462438838,0.0,0.0
229,Device,DepthwiseConv2dNativeBackpropInput,gradient_tape/xception/block5_sepconv1/separable_conv2d/DepthwiseConv2dNativeBackpropInput,2,385.026,192.513,385.026,192.513,0.0005366432338104043,0.9336018894776942,0.0,0.0
230,Device,DepthwiseConv2dNativeBackpropInput,gradient_tape/xception/block6_sepconv3/separable_conv2d/DepthwiseConv2dNativeBackpropInput,2,385.026,192.513,385.026,192.513,0.0005366432338104043,0.9341385327115046,0.0,0.0
231,Device,DepthwiseConv2dNativeBackpropInput,gradient_tape/xception/block5_sepconv2/separable_conv2d/DepthwiseConv2dNativeBackpropInput,2,384.002,192.001,384.002,192.001,0.0005352159985810383,0.9346737487100857,0.0,0.0
232,Device,DepthwiseConv2dNativeBackpropInput,gradient_tape/xception/block5_sepconv3/separable_conv2d/DepthwiseConv2dNativeBackpropInput,2,384.002,192.001,384.002,192.001,0.0005352159985810383,0.9352089647086668,0.0,0.0
233,Device,DepthwiseConv2dNativeBackpropInput,gradient_tape/xception/block6_sepconv1/separable_conv2d/DepthwiseConv2dNativeBackpropInput,2,384.002,192.001,384.002,192.001,0.0005352159985810383,0.9357441807072479,0.0,0.0
234,Device,DepthwiseConv2dNativeBackpropInput,gradient_tape/xception/block7_sepconv1/separable_conv2d/DepthwiseConv2dNativeBackpropInput,2,384.002,192.001,384.002,192.001,0.0005352159985810383,0.9362793967058289,0.0,0.0
235,Device,DepthwiseConv2dNativeBackpropInput,gradient_tape/xception/block7_sepconv2/separable_conv2d/DepthwiseConv2dNativeBackpropInput,2,382.978,191.489,382.978,191.489,0.0005337887633516723,0.9368131854691806,0.0,0.0
236,Device,SoftmaxCrossEntropyWithLogits,categorical_crossentropy/softmax_cross_entropy_with_logits,2,355.329,177.6645,355.329,177.6645,0.000495252018374388,0.937308437487555,0.0,0.0
237,Device,MaxPoolGrad,gradient_tape/xception/block13_pool/MaxPool/MaxPoolGrad,2,327.681,163.8405,327.681,163.8405,0.00045671666718150733,0.9377651541547365,0.0,0.0
238,Device,DepthwiseConv2dNativeBackpropFilter,gradient_tape/xception/block12_sepconv1/separable_conv2d/DepthwiseConv2dNativeBackpropFilter,2,322.562,161.281,322.562,161.281,0.00044958188481908134,0.9382147360395555,0.0,0.0
239,Device,DepthwiseConv2dNativeBackpropFilter,gradient_tape/xception/block12_sepconv3/separable_conv2d/DepthwiseConv2dNativeBackpropFilter,2,322.562,161.281,322.562,161.281,0.00044958188481908134,0.9386643179243745,0.0,0.0
240,Device,DepthwiseConv2dNativeBackpropFilter,gradient_tape/xception/block11_sepconv3/separable_conv2d/DepthwiseConv2dNativeBackpropFilter,2,322.561,161.2805,322.561,161.2805,0.0004495804910346776,0.9391138984154093,0.0,0.0
241,Device,DepthwiseConv2dNativeBackpropFilter,gradient_tape/xception/block11_sepconv2/separable_conv2d/DepthwiseConv2dNativeBackpropFilter,2,320.514,160.257,320.514,160.257,0.0004467274143603494,0.9395606258297696,0.0,0.0
242,Device,DepthwiseConv2dNativeBackpropFilter,gradient_tape/xception/block12_sepconv2/separable_conv2d/DepthwiseConv2dNativeBackpropFilter,2,320.514,160.257,320.514,160.257,0.0004467274143603494,0.94000735324413,0.0,0.0
243,Device,DepthwiseConv2dNativeBackpropFilter,gradient_tape/xception/block13_sepconv1/separable_conv2d/DepthwiseConv2dNativeBackpropFilter,2,320.513,160.2565,320.513,160.2565,0.0004467260205759457,0.9404540792647059,0.0,0.0
244,Device,DepthwiseConv2dNativeBackpropFilter,gradient_tape/xception/block13_sepconv2/separable_conv2d/DepthwiseConv2dNativeBackpropFilter,2,320.513,160.2565,320.513,160.2565,0.0004467260205759457,0.9409008052852819,0.0,0.0
245,Device,DepthwiseConv2dNativeBackpropFilter,gradient_tape/xception/block11_sepconv1/separable_conv2d/DepthwiseConv2dNativeBackpropFilter,2,319.49,159.745,319.49,159.745,0.00044530017913098347,0.9413461054644129,0.0,0.0
246,Device,DepthwiseConv2dNativeBackpropFilter,gradient_tape/xception/block9_sepconv1/separable_conv2d/DepthwiseConv2dNativeBackpropFilter,2,317.442,158.721,317.442,158.721,0.0004424457086722516,0.9417885511730851,0.0,0.0
247,Device,DepthwiseConv2dNativeBackpropFilter,gradient_tape/xception/block8_sepconv2/separable_conv2d/DepthwiseConv2dNativeBackpropFilter,2,317.44,158.72,317.44,158.72,0.0004424429211034442,0.9422309940941885,0.0,0.0
248,Device,DepthwiseConv2dNativeBackpropFilter,gradient_tape/xception/block10_sepconv2/separable_conv2d/DepthwiseConv2dNativeBackpropFilter,2,316.416,158.208,316.416,158.208,0.00044101568587407824,0.9426720097800626,0.0,0.0
249,Device,DepthwiseConv2dNativeBackpropFilter,gradient_tape/xception/block10_sepconv3/separable_conv2d/DepthwiseConv2dNativeBackpropFilter,2,316.416,158.208,316.416,158.208,0.00044101568587407824,0.9431130254659367,0.0,0.0
250,Device,DepthwiseConv2dNativeBackpropFilter,gradient_tape/xception/block8_sepconv1/separable_conv2d/DepthwiseConv2dNativeBackpropFilter,2,316.416,158.208,316.416,158.208,0.00044101568587407824,0.9435540411518107,0.0,0.0
251,Device,DepthwiseConv2dNativeBackpropFilter,gradient_tape/xception/block8_sepconv3/separable_conv2d/DepthwiseConv2dNativeBackpropFilter,2,316.416,158.208,316.416,158.208,0.00044101568587407824,0.9439950568376848,0.0,0.0
252,Device,DepthwiseConv2dNativeBackpropFilter,gradient_tape/xception/block5_sepconv1/separable_conv2d/DepthwiseConv2dNativeBackpropFilter,2,315.394,157.697,315.394,157.697,0.0004395912382135197,0.9444346480758983,0.0,0.0
253,Device,DepthwiseConv2dNativeBackpropFilter,gradient_tape/xception/block5_sepconv3/separable_conv2d/DepthwiseConv2dNativeBackpropFilter,2,315.394,157.697,315.394,157.697,0.0004395912382135197,0.9448742393141117,0.0,0.0
254,Device,DepthwiseConv2dNativeBackpropFilter,gradient_tape/xception/block7_sepconv3/separable_conv2d/DepthwiseConv2dNativeBackpropFilter,2,315.394,157.697,315.394,157.697,0.0004395912382135197,0.9453138305523252,0.0,0.0
255,Device,DepthwiseConv2dNativeBackpropFilter,gradient_tape/xception/block10_sepconv1/separable_conv2d/DepthwiseConv2dNativeBackpropFilter,2,315.392,157.696,315.392,157.696,0.0004395884506447123,0.9457534190029699,0.0,0.0
256,Device,DepthwiseConv2dNativeBackpropFilter,gradient_tape/xception/block9_sepconv2/separable_conv2d/DepthwiseConv2dNativeBackpropFilter,2,315.392,157.696,315.392,157.696,0.0004395884506447123,0.9461930074536147,0.0,0.0
257,Device,DepthwiseConv2dNativeBackpropFilter,gradient_tape/xception/block5_sepconv2/separable_conv2d/DepthwiseConv2dNativeBackpropFilter,2,314.37,157.185,314.37,157.185,0.0004381640029841537,0.9466311714565988,0.0,0.0
258,Device,DepthwiseConv2dNativeBackpropFilter,gradient_tape/xception/block9_sepconv3/separable_conv2d/DepthwiseConv2dNativeBackpropFilter,2,314.369,157.1845,314.369,157.1845,0.0004381626091997501,0.9470693340657985,0.0,0.0
259,Device,DepthwiseConv2dNativeBackpropFilter,gradient_tape/xception/block6_sepconv1/separable_conv2d/DepthwiseConv2dNativeBackpropFilter,2,314.368,157.184,314.368,157.184,0.0004381612154153464,0.9475074952812139,0.0,0.0
260,Device,DepthwiseConv2dNativeBackpropFilter,gradient_tape/xception/block7_sepconv2/separable_conv2d/DepthwiseConv2dNativeBackpropFilter,2,313.346,156.673,313.346,156.673,0.00043673676775478776,0.9479442320489687,0.0,0.0
261,Device,DepthwiseConv2dNativeBackpropFilter,gradient_tape/xception/block6_sepconv2/separable_conv2d/DepthwiseConv2dNativeBackpropFilter,2,313.344,156.672,313.344,156.672,0.0004367339801859804,0.9483809660291547,0.0,0.0
262,Device,DepthwiseConv2dNativeBackpropFilter,gradient_tape/xception/block6_sepconv3/separable_conv2d/DepthwiseConv2dNativeBackpropFilter,2,313.344,156.672,313.344,156.672,0.0004367339801859804,0.9488177000093406,0.0,0.0
263,Device,DepthwiseConv2dNativeBackpropFilter,gradient_tape/xception/block7_sepconv1/separable_conv2d/DepthwiseConv2dNativeBackpropFilter,2,312.322,156.161,312.322,156.161,0.0004353095325254218,0.9492530095418661,0.0,0.0
264,Device,ReluGrad,gradient_tape/xception/block13_sepconv2_act/ReluGrad,2,312.32,156.16,312.32,156.16,0.00043530674495661446,0.9496883162868227,0.0,0.0
265,Device,ReluGrad,gradient_tape/xception/block10_sepconv2_act/ReluGrad,2,310.274,155.137,310.274,155.137,0.00043245506206668994,0.9501207713488894,0.0,0.0
266,Device,ReluGrad,gradient_tape/xception/block11_sepconv1_act/ReluGrad,2,310.274,155.137,310.274,155.137,0.00043245506206668994,0.9505532264109561,0.0,0.0
267,Device,ReluGrad,gradient_tape/xception/block11_sepconv3_act/ReluGrad,2,310.274,155.137,310.274,155.137,0.00043245506206668994,0.9509856814730228,0.0,0.0
268,Device,ReluGrad,gradient_tape/xception/block6_sepconv2_act/ReluGrad,2,310.274,155.137,310.274,155.137,0.00043245506206668994,0.9514181365350894,0.0,0.0
269,Device,ReluGrad,gradient_tape/xception/block13_sepconv1_act/ReluGrad,2,310.273,155.1365,310.273,155.1365,0.0004324536682822863,0.9518505902033717,0.0,0.0
270,Device,ReluGrad,gradient_tape/xception/block12_sepconv1_act/ReluGrad,2,310.272,155.136,310.272,155.136,0.00043245227449788254,0.9522830424778695,0.0,0.0
271,Device,ReluGrad,gradient_tape/xception/block5_sepconv1_act/ReluGrad,2,310.272,155.136,310.272,155.136,0.00043245227449788254,0.9527154947523674,0.0,0.0
272,Device,ReluGrad,gradient_tape/xception/block5_sepconv3_act/ReluGrad,2,310.272,155.136,310.272,155.136,0.00043245227449788254,0.9531479470268652,0.0,0.0
273,Device,ReluGrad,gradient_tape/xception/block11_sepconv2_act/ReluGrad,2,309.25,154.625,309.25,154.625,0.000431027826837324,0.9535789748537026,0.0,0.0
274,Device,ReluGrad,gradient_tape/xception/block6_sepconv3_act/ReluGrad,2,309.25,154.625,309.25,154.625,0.000431027826837324,0.9540100026805399,0.0,0.0
275,Device,ReluGrad,gradient_tape/xception/block7_sepconv1_act/ReluGrad,2,309.248,154.624,309.248,154.624,0.0004310250392685166,0.9544410277198084,0.0,0.0
276,Device,AddN,SGD/gradients/AddN_4,2,308.226,154.113,308.226,154.113,0.000429600591607958,0.9548706283114163,0.0,0.0
277,Device,ReluGrad,gradient_tape/xception/block6_sepconv1_act/ReluGrad,2,308.226,154.113,308.226,154.113,0.000429600591607958,0.9553002289030242,0.0,0.0
278,Device,ReluGrad,gradient_tape/xception/block8_sepconv3_act/ReluGrad,2,308.226,154.113,308.226,154.113,0.000429600591607958,0.9557298294946321,0.0,0.0
279,Device,ReluGrad,gradient_tape/xception/block12_sepconv2_act/ReluGrad,2,308.224,154.112,308.224,154.112,0.0004295978040391507,0.9561594272986713,0.0,0.0
280,Device,ReluGrad,gradient_tape/xception/block7_sepconv3_act/ReluGrad,2,308.224,154.112,308.224,154.112,0.0004295978040391507,0.9565890251027105,0.0,0.0
281,Device,AddN,SGD/gradients/AddN_6,2,307.202,153.601,307.202,153.601,0.00042817335637859206,0.9570171984590891,0.0,0.0
282,Device,ReluGrad,gradient_tape/xception/block10_sepconv1_act/ReluGrad,2,307.202,153.601,307.202,153.601,0.00042817335637859206,0.9574453718154676,0.0,0.0
283,Device,ReluGrad,gradient_tape/xception/block9_sepconv3_act/ReluGrad,2,307.201,153.6005,307.201,153.6005,0.0004281719625941884,0.9578735437780618,0.0,0.0
284,Device,ReluGrad,gradient_tape/xception/block7_sepconv2_act/ReluGrad,2,307.2,153.6,307.2,153.6,0.0004281705688097847,0.9583017143468716,0.0,0.0
285,Device,AddN,SGD/gradients/AddN_1,2,306.178,153.089,306.178,153.089,0.0004267461211492261,0.9587284604680208,0.0,0.0
286,Device,AddN,SGD/gradients/AddN_8,2,306.178,153.089,306.178,153.089,0.0004267461211492261,0.9591552065891701,0.0,0.0
287,Device,ReluGrad,gradient_tape/xception/block8_sepconv1_act/ReluGrad,2,306.178,153.089,306.178,153.089,0.0004267461211492261,0.9595819527103193,0.0,0.0
288,Device,ReluGrad,gradient_tape/xception/block8_sepconv2_act/ReluGrad,2,306.178,153.089,306.178,153.089,0.0004267461211492261,0.9600086988314686,0.0,0.0
289,Device,AddN,SGD/gradients/AddN_2,2,306.177,153.0885,306.177,153.0885,0.00042674472736482246,0.9604354435588334,0.0,0.0
290,Device,ReluGrad,gradient_tape/xception/block10_sepconv3_act/ReluGrad,2,306.177,153.0885,306.177,153.0885,0.00042674472736482246,0.9608621882861982,0.0,0.0
291,Device,ReluGrad,gradient_tape/xception/block12_sepconv3_act/ReluGrad,2,306.177,153.0885,306.177,153.0885,0.00042674472736482246,0.961288933013563,0.0,0.0
292,Device,ReluGrad,gradient_tape/xception/block9_sepconv1_act/ReluGrad,2,306.177,153.0885,306.177,153.0885,0.00042674472736482246,0.9617156777409278,0.0,0.0
293,Device,AddN,SGD/gradients/AddN_3,2,306.176,153.088,306.176,153.088,0.00042674333358041876,0.9621424210745082,0.0,0.0
294,Device,ReluGrad,gradient_tape/xception/block5_sepconv2_act/ReluGrad,2,306.176,153.088,306.176,153.088,0.00042674333358041876,0.9625691644080886,0.0,0.0
295,Device,AddN,SGD/gradients/AddN,2,305.153,152.5765,305.153,152.5765,0.00042531749213545655,0.9629944819002241,0.0,0.0
296,Device,ReluGrad,gradient_tape/xception/block9_sepconv2_act/ReluGrad,2,305.153,152.5765,305.153,152.5765,0.00042531749213545655,0.9634197993923596,0.0,0.0
297,Device,AddN,SGD/gradients/AddN_5,2,305.152,152.576,305.152,152.576,0.0004253160983510528,0.9638451154907106,0.0,0.0
298,Device,AddN,SGD/gradients/AddN_7,2,305.152,152.576,305.152,152.576,0.0004253160983510528,0.9642704315890617,0.0,0.0
299,Device,AddV2,xception/add_7/add,2,300.032,150.016,300.032,150.016,0.00041817992220422306,0.964688611511266,0.0,0.0
300,Device,AddV2,xception/add_6/add,2,297.986,148.993,297.986,148.993,0.00041532823931429854,0.9651039397505803,0.0,0.0
301,Device,AddV2,xception/add_3/add,2,297.984,148.992,297.984,148.992,0.00041532545174549114,0.9655192652023258,0.0,0.0
302,Device,AddV2,xception/add_8/add,2,297.984,148.992,297.984,148.992,0.00041532545174549114,0.9659345906540713,0.0,0.0
303,Device,AddV2,xception/add_10/add,2,296.962,148.481,296.962,148.481,0.0004139010040849326,0.9663484916581562,0.0,0.0
304,Device,AddV2,xception/add_5/add,2,296.962,148.481,296.962,148.481,0.0004139010040849326,0.9667623926622411,0.0,0.0
305,Device,AddV2,xception/add_9/add,2,295.938,147.969,295.938,147.969,0.0004124737688555666,0.9671748664310966,0.0,0.0
306,Device,AddV2,xception/add_4/add,2,295.936,147.968,295.936,147.968,0.0004124709812867593,0.9675873374123833,0.0,0.0
307,Device,AddV2,xception/add_2/add,2,291.842,145.921,291.842,145.921,0.00040676482793810284,0.9679941022403215,0.0,0.0
308,Device,FusedBatchNormV3,xception/block13_sepconv2_bn/FusedBatchNormV3,4,291.842,72.9605,291.842,72.9605,0.00040676482793810284,0.9684008670682596,0.0,0.0
309,Device,DepthwiseConv2dNative,xception/block4_sepconv1/separable_conv2d/depthwise,2,290.817,145.4085,290.817,145.4085,0.00040533619892433323,0.9688062032671839,0.0,0.0
310,Device,Relu,xception/block4_sepconv1_act/Relu,2,278.529,139.2645,278.529,139.2645,0.00038820937617194183,0.9691944126433558,0.0,0.0
311,Device,Transpose,gradient_tape/xception/block1_conv1/Conv2D/Conv2DBackpropFilter-0-TransposeNHWCToNCHW-LayoutOptimizer,2,239.617,119.8085,239.617,119.8085,0.00033397443745603576,0.9695283870808119,0.0,0.0
312,Device,ReluGrad,gradient_tape/xception/block14_sepconv2_act/ReluGrad,2,222.209,111.1045,222.209,111.1045,0.0003097114385568146,0.9698380985193688,0.0,0.0
313,Device,FusedBatchNormGradV3,gradient_tape/xception/block14_sepconv2_bn/FusedBatchNormGradV3,2,216.065,108.0325,216.065,108.0325,0.0003011480271806189,0.9701392465465494,0.0,0.0
314,Device,FusedBatchNormV3,xception/batch_normalization_2/FusedBatchNormV3,4,216.065,54.01625,216.065,54.01625,0.0003011480271806189,0.97044039457373,0.0,0.0
315,Device,DepthwiseConv2dNativeBackpropInput,gradient_tape/xception/block14_sepconv2/separable_conv2d/DepthwiseConv2dNativeBackpropInput,2,216.064,108.032,216.064,108.032,0.0003011466333962152,0.9707415412071262,0.0,0.0
316,Device,DepthwiseConv2dNative,xception/block5_sepconv3/separable_conv2d/depthwise,2,214.018,107.009,214.018,107.009,0.0002982949505062907,0.9710398361576325,0.0,0.0
317,Device,FusedBatchNormV3,xception/block5_sepconv3_bn/FusedBatchNormV3,4,212.993,53.24825,212.993,53.24825,0.0002968663214925211,0.971336702479125,0.0,0.0
318,Device,FusedBatchNormV3,xception/block7_sepconv3_bn/FusedBatchNormV3,4,212.992,53.248,212.992,53.248,0.0002968649277081174,0.971633567406833,0.0,0.0
319,Device,DepthwiseConv2dNative,xception/block12_sepconv3/separable_conv2d/depthwise,2,211.97,105.985,211.97,105.985,0.00029544048004755884,0.9719290078868806,0.0,0.0
320,Device,DepthwiseConv2dNative,xception/block8_sepconv2/separable_conv2d/depthwise,2,211.97,105.985,211.97,105.985,0.00029544048004755884,0.9722244483669282,0.0,0.0
321,Device,FusedBatchNormV3,xception/block9_sepconv1_bn/FusedBatchNormV3,4,211.97,52.9925,211.97,52.9925,0.00029544048004755884,0.9725198888469758,0.0,0.0
322,Device,FusedBatchNormV3,xception/block11_sepconv1_bn/FusedBatchNormV3,4,211.968,52.992,211.968,52.992,0.00029543769247875143,0.9728153265394546,0.0,0.0
323,Device,DepthwiseConv2dNative,xception/block11_sepconv3/separable_conv2d/depthwise,2,211.968,105.984,211.968,105.984,0.00029543769247875143,0.9731107642319333,0.0,0.0
324,Device,DepthwiseConv2dNative,xception/block9_sepconv1/separable_conv2d/depthwise,2,211.968,105.984,211.968,105.984,0.00029543769247875143,0.9734062019244121,0.0,0.0
325,Device,FusedBatchNormV3,xception/block10_sepconv3_bn/FusedBatchNormV3,4,210.946,52.7365,210.946,52.7365,0.0002940132448181929,0.9737002151692302,0.0,0.0
326,Device,DepthwiseConv2dNative,xception/block12_sepconv1/separable_conv2d/depthwise,2,210.946,105.473,210.946,105.473,0.0002940132448181929,0.9739942284140484,0.0,0.0
327,Device,DepthwiseConv2dNative,xception/block12_sepconv2/separable_conv2d/depthwise,2,210.946,105.473,210.946,105.473,0.0002940132448181929,0.9742882416588665,0.0,0.0
328,Device,FusedBatchNormV3,xception/block13_sepconv1_bn/FusedBatchNormV3,4,210.946,52.7365,210.946,52.7365,0.0002940132448181929,0.9745822549036847,0.0,0.0
329,Device,FusedBatchNormV3,xception/block5_sepconv2_bn/FusedBatchNormV3,4,210.946,52.7365,210.946,52.7365,0.0002940132448181929,0.9748762681485028,0.0,0.0
330,Device,DepthwiseConv2dNative,xception/block8_sepconv3/separable_conv2d/depthwise,2,210.946,105.473,210.946,105.473,0.0002940132448181929,0.975170281393321,0.0,0.0
331,Device,DepthwiseConv2dNative,xception/block10_sepconv3/separable_conv2d/depthwise,2,210.944,105.472,210.944,105.472,0.0002940104572493855,0.9754642918505704,0.0,0.0
332,Device,DepthwiseConv2dNative,xception/block11_sepconv2/separable_conv2d/depthwise,2,210.944,105.472,210.944,105.472,0.0002940104572493855,0.9757583023078198,0.0,0.0
333,Device,FusedBatchNormV3,xception/block11_sepconv2_bn/FusedBatchNormV3,4,210.944,52.736,210.944,52.736,0.0002940104572493855,0.9760523127650692,0.0,0.0
334,Device,FusedBatchNormV3,xception/block11_sepconv3_bn/FusedBatchNormV3,4,210.944,52.736,210.944,52.736,0.0002940104572493855,0.9763463232223186,0.0,0.0
335,Device,FusedBatchNormV3,xception/block12_sepconv1_bn/FusedBatchNormV3,4,210.944,52.736,210.944,52.736,0.0002940104572493855,0.976640333679568,0.0,0.0
336,Device,DepthwiseConv2dNative,xception/block6_sepconv1/separable_conv2d/depthwise,2,210.944,105.472,210.944,105.472,0.0002940104572493855,0.9769343441368175,0.0,0.0
337,Device,DepthwiseConv2dNative,xception/block6_sepconv3/separable_conv2d/depthwise,2,210.944,105.472,210.944,105.472,0.0002940104572493855,0.9772283545940669,0.0,0.0
338,Device,DepthwiseConv2dNative,xception/block7_sepconv1/separable_conv2d/depthwise,2,210.944,105.472,210.944,105.472,0.0002940104572493855,0.9775223650513163,0.0,0.0
339,Device,DepthwiseConv2dNative,xception/block7_sepconv2/separable_conv2d/depthwise,2,210.944,105.472,210.944,105.472,0.0002940104572493855,0.9778163755085657,0.0,0.0
340,Device,FusedBatchNormV3,xception/block7_sepconv2_bn/FusedBatchNormV3,4,210.944,52.736,210.944,52.736,0.0002940104572493855,0.9781103859658151,0.0,0.0
341,Device,FusedBatchNormV3,xception/block8_sepconv1_bn/FusedBatchNormV3,4,210.944,52.736,210.944,52.736,0.0002940104572493855,0.9784043964230645,0.0,0.0
342,Device,FusedBatchNormV3,xception/block8_sepconv2_bn/FusedBatchNormV3,4,210.944,52.736,210.944,52.736,0.0002940104572493855,0.978698406880314,0.0,0.0
343,Device,FusedBatchNormV3,xception/block5_sepconv1_bn/FusedBatchNormV3,4,209.922,52.4805,209.922,52.4805,0.0002925860095888269,0.9789909928899028,0.0,0.0
344,Device,FusedBatchNormV3,xception/block6_sepconv2_bn/FusedBatchNormV3,4,209.922,52.4805,209.922,52.4805,0.0002925860095888269,0.9792835788994916,0.0,0.0
345,Device,FusedBatchNormV3,xception/block6_sepconv3_bn/FusedBatchNormV3,4,209.922,52.4805,209.922,52.4805,0.0002925860095888269,0.9795761649090804,0.0,0.0
346,Device,DepthwiseConv2dNative,xception/block8_sepconv1/separable_conv2d/depthwise,2,209.922,104.961,209.922,104.961,0.0002925860095888269,0.9798687509186692,0.0,0.0
347,Device,FusedBatchNormV3,xception/block9_sepconv2_bn/FusedBatchNormV3,4,209.922,52.4805,209.922,52.4805,0.0002925860095888269,0.980161336928258,0.0,0.0
348,Device,DepthwiseConv2dNative,xception/block9_sepconv3/separable_conv2d/depthwise,2,209.922,104.961,209.922,104.961,0.0002925860095888269,0.9804539229378468,0.0,0.0
349,Device,FusedBatchNormV3,xception/block9_sepconv3_bn/FusedBatchNormV3,4,209.921,52.48025,209.921,52.48025,0.0002925846158044232,0.9807465075536512,0.0,0.0
350,Device,DepthwiseConv2dNative,xception/block10_sepconv1/separable_conv2d/depthwise,2,209.92,104.96,209.92,104.96,0.0002925832220200195,0.9810390907756712,0.0,0.0
351,Device,DepthwiseConv2dNative,xception/block10_sepconv2/separable_conv2d/depthwise,2,209.92,104.96,209.92,104.96,0.0002925832220200195,0.9813316739976912,0.0,0.0
352,Device,DepthwiseConv2dNative,xception/block11_sepconv1/separable_conv2d/depthwise,2,209.92,104.96,209.92,104.96,0.0002925832220200195,0.9816242572197111,0.0,0.0
353,Device,FusedBatchNormV3,xception/block12_sepconv3_bn/FusedBatchNormV3,4,209.92,52.48,209.92,52.48,0.0002925832220200195,0.9819168404417311,0.0,0.0
354,Device,DepthwiseConv2dNative,xception/block6_sepconv2/separable_conv2d/depthwise,2,209.92,104.96,209.92,104.96,0.0002925832220200195,0.9822094236637511,0.0,0.0
355,Device,FusedBatchNormV3,xception/block8_sepconv3_bn/FusedBatchNormV3,4,209.92,52.48,209.92,52.48,0.0002925832220200195,0.982502006885771,0.0,0.0
356,Device,DepthwiseConv2dNative,xception/block9_sepconv2/separable_conv2d/depthwise,2,209.92,104.96,209.92,104.96,0.0002925832220200195,0.982794590107791,0.0,0.0
357,Device,DepthwiseConv2dNative,xception/block5_sepconv2/separable_conv2d/depthwise,2,208.897,104.4485,208.897,104.4485,0.00029115738057505726,0.9830857474883661,0.0,0.0
358,Device,FusedBatchNormV3,xception/block6_sepconv1_bn/FusedBatchNormV3,4,208.897,52.22425,208.897,52.22425,0.00029115738057505726,0.9833769048689411,0.0,0.0
359,Device,DepthwiseConv2dNative,xception/block13_sepconv2/separable_conv2d/depthwise,2,208.896,104.448,208.896,104.448,0.0002911559867906536,0.9836680608557318,0.0,0.0
360,Device,DepthwiseConv2dNative,xception/block7_sepconv3/separable_conv2d/depthwise,2,208.896,104.448,208.896,104.448,0.0002911559867906536,0.9839592168425224,0.0,0.0
361,Device,FusedBatchNormV3,xception/block10_sepconv2_bn/FusedBatchNormV3,4,207.874,51.9685,207.874,51.9685,0.000289731539130095,0.9842489483816526,0.0,0.0
362,Device,FusedBatchNormV3,xception/block10_sepconv1_bn/FusedBatchNormV3,4,207.872,51.968,207.872,51.968,0.0002897287515612877,0.9845386771332139,0.0,0.0
363,Device,FusedBatchNormV3,xception/block12_sepconv2_bn/FusedBatchNormV3,4,207.872,51.968,207.872,51.968,0.0002897287515612877,0.9848284058847752,0.0,0.0
364,Device,DepthwiseConv2dNative,xception/block5_sepconv1/separable_conv2d/depthwise,2,207.872,103.936,207.872,103.936,0.0002897287515612877,0.9851181346363365,0.0,0.0
365,Device,FusedBatchNormV3,xception/block7_sepconv1_bn/FusedBatchNormV3,4,207.872,51.968,207.872,51.968,0.0002897287515612877,0.9854078633878978,0.0,0.0
366,Device,DepthwiseConv2dNative,xception/block13_sepconv1/separable_conv2d/depthwise,2,204.8,102.4,204.8,102.4,0.00028544704587318983,0.985693310433771,0.0,0.0
367,Device,Relu,xception/block10_sepconv1_act/Relu,2,200.706,100.353,200.706,100.353,0.00027974089252453334,0.9859730513262955,0.0,0.0
368,Device,Relu,xception/block11_sepconv1_act/Relu,2,200.706,100.353,200.706,100.353,0.00027974089252453334,0.9862527922188201,0.0,0.0
369,Device,Relu,xception/block13_sepconv1_act/Relu,2,200.704,100.352,200.704,100.352,0.00027973810495572605,0.9865325303237759,0.0,0.0
370,Device,Relu,xception/block9_sepconv1_act/Relu,2,200.704,100.352,200.704,100.352,0.00027973810495572605,0.9868122684287316,0.0,0.0
371,Device,Relu,xception/block10_sepconv2_act/Relu,2,199.682,99.841,199.682,99.841,0.0002783136572951674,0.9870905820860267,0.0,0.0
372,Device,Relu,xception/block6_sepconv1_act/Relu,2,199.682,99.841,199.682,99.841,0.0002783136572951674,0.9873688957433219,0.0,0.0
373,Device,Relu,xception/block7_sepconv3_act/Relu,2,199.682,99.841,199.682,99.841,0.0002783136572951674,0.987647209400617,0.0,0.0
374,Device,Relu,xception/block12_sepconv3_act/Relu,2,199.68,99.84,199.68,99.84,0.0002783108697263601,0.9879255202703434,0.0,0.0
375,Device,Relu,xception/block11_sepconv3_act/Relu,2,198.658,99.329,198.658,99.329,0.0002768864220658015,0.9882024066924092,0.0,0.0
376,Device,Relu,xception/block7_sepconv1_act/Relu,2,198.658,99.329,198.658,99.329,0.0002768864220658015,0.988479293114475,0.0,0.0
377,Device,Relu,xception/block10_sepconv3_act/Relu,2,198.656,99.328,198.656,99.328,0.00027688363449699413,0.988756176748972,0.0,0.0
378,Device,Relu,xception/block12_sepconv1_act/Relu,2,198.656,99.328,198.656,99.328,0.00027688363449699413,0.9890330603834689,0.0,0.0
379,Device,Relu,xception/block5_sepconv1_act/Relu,2,198.656,99.328,198.656,99.328,0.00027688363449699413,0.9893099440179659,0.0,0.0
380,Device,Relu,xception/block5_sepconv2_act/Relu,2,198.656,99.328,198.656,99.328,0.00027688363449699413,0.9895868276524629,0.0,0.0
381,Device,Relu,xception/block8_sepconv1_act/Relu,2,198.656,99.328,198.656,99.328,0.00027688363449699413,0.9898637112869598,0.0,0.0
382,Device,Relu,xception/block8_sepconv2_act/Relu,2,198.656,99.328,198.656,99.328,0.00027688363449699413,0.9901405949214568,0.0,0.0
383,Device,Relu,xception/block8_sepconv3_act/Relu,2,198.656,99.328,198.656,99.328,0.00027688363449699413,0.9904174785559537,0.0,0.0
384,Device,Relu,xception/block9_sepconv3_act/Relu,2,198.656,99.328,198.656,99.328,0.00027688363449699413,0.9906943621904507,0.0,0.0
385,Device,Relu,xception/block7_sepconv2_act/Relu,2,197.634,98.817,197.634,98.817,0.0002754591868364355,0.9909698213772872,0.0,0.0
386,Device,Relu,xception/block6_sepconv2_act/Relu,2,197.632,98.816,197.632,98.816,0.00027545639926762817,0.9912452777765548,0.0,0.0
387,Device,Relu,xception/block6_sepconv3_act/Relu,2,197.632,98.816,197.632,98.816,0.00027545639926762817,0.9915207341758224,0.0,0.0
388,Device,Relu,xception/block12_sepconv2_act/Relu,2,196.608,98.304,196.608,98.304,0.0002740291640382622,0.9917947633398607,0.0,0.0
389,Device,Relu,xception/block13_sepconv2_act/Relu,2,196.608,98.304,196.608,98.304,0.0002740291640382622,0.992068792503899,0.0,0.0
390,Device,Relu,xception/block9_sepconv2_act/Relu,2,196.608,98.304,196.608,98.304,0.0002740291640382622,0.9923428216679373,0.0,0.0
391,Device,Relu,xception/block11_sepconv2_act/Relu,2,195.586,97.793,195.586,97.793,0.00027260471637770365,0.992615426384315,0.0,0.0
392,Device,Relu,xception/block5_sepconv3_act/Relu,2,195.584,97.792,195.584,97.792,0.00027260192880889625,0.9928880283131238,0.0,0.0
393,Device,MaxPool,xception/block13_pool/MaxPool,2,191.488,95.744,191.488,95.744,0.00026689298789143247,0.9931549213010152,0.0,0.0
394,Device,ArgMax,ArgMax,2,184.32,92.16,184.32,92.16,0.0002569023412858708,0.9934118236423011,0.0,0.0
395,Device,FusedBatchNormGradV3,gradient_tape/xception/block14_sepconv1_bn/FusedBatchNormGradV3,2,166.914,83.457,166.914,83.457,0.00023264212995545704,0.9936444657722565,0.0,0.0
396,Device,ReluGrad,gradient_tape/xception/block14_sepconv1_act/ReluGrad,2,165.888,82.944,165.888,82.944,0.00023121210715728376,0.9938756778794138,0.0,0.0
397,Device,ResourceApplyGradientDescent,SGD/SGD/update_151/ResourceApplyGradientDescent,2,164.865,82.4325,164.865,82.4325,0.0002297862657123215,0.9941054641451261,0.0,0.0
398,Device,FusedBatchNormV3,xception/block14_sepconv2_bn/FusedBatchNormV3,4,149.504,37.376,149.504,37.376,0.00020837634348742855,0.9943138404886136,0.0,0.0
399,Device,DepthwiseConv2dNativeBackpropInput,gradient_tape/xception/block14_sepconv1/separable_conv2d/DepthwiseConv2dNativeBackpropInput,2,148.481,74.2405,148.481,74.2405,0.0002069505020424663,0.994520790990656,0.0,0.0
400,Device,Transpose,gradient_tape/xception/block14_sepconv2_act/ReluGrad-0-TransposeNHWCToNCHW-LayoutOptimizer,2,147.456,73.728,147.456,73.728,0.00020552187302869666,0.9947263128636847,0.0,0.0
401,Device,Transpose,xception/block14_sepconv2_act/Relu-0-0-TransposeNCHWToNHWC-LayoutOptimizer,2,147.456,73.728,147.456,73.728,0.00020552187302869666,0.9949318347367134,0.0,0.0
402,Device,RealDiv,gradient_tape/xception/avg_pool/truediv,2,141.313,70.6565,141.313,70.6565,0.00019695985543690463,0.9951287945921503,0.0,0.0
403,Device,Relu,xception/block14_sepconv2_act/Relu,2,136.194,68.097,136.194,68.097,0.00018982507307447856,0.9953186196652248,0.0,0.0
404,Device,DepthwiseConv2dNativeBackpropFilter,gradient_tape/xception/block14_sepconv2/separable_conv2d/DepthwiseConv2dNativeBackpropFilter,2,129.024,64.512,129.024,64.512,0.00017983163890010958,0.995498451304125,0.0,0.0
405,Device,FusedBatchNormV3,xception/block14_sepconv1_bn/FusedBatchNormV3,4,121.856,30.464,121.856,30.464,0.00016984099229454792,0.9956682922964195,0.0,0.0
406,Device,ArgMax,ArgMax_1,2,119.808,59.904,119.808,59.904,0.00016698652183581606,0.9958352788182553,0.0,0.0
407,Device,DepthwiseConv2dNative,xception/block14_sepconv2/separable_conv2d/depthwise,2,116.736,58.368,116.736,58.368,0.0001627048161477182,0.995997983634403,0.0,0.0
408,Device,FusedBatchNormGradV3,gradient_tape/xception/batch_normalization_3/FusedBatchNormGradV3,2,110.593,55.2965,110.593,55.2965,0.00015414279855592618,0.9961521264329589,0.0,0.0
409,Device,ResourceApplyGradientDescent,SGD/SGD/update_154/ResourceApplyGradientDescent,2,104.448,52.224,104.448,52.224,0.0001455779933953268,0.9962977044263542,0.0,0.0
410,Device,AddV2,xception/add_11/add,2,103.424,51.712,103.424,51.712,0.00014415075816596087,0.9964418551845202,0.0,0.0
411,Device,Relu,xception/block14_sepconv1_act/Relu,2,100.352,50.176,100.352,50.176,0.00013986905247786302,0.9965817242369981,0.0,0.0
412,Device,DepthwiseConv2dNativeBackpropFilter,gradient_tape/xception/block14_sepconv1/separable_conv2d/DepthwiseConv2dNativeBackpropFilter,2,94.208,47.104,94.208,47.104,0.00013130564110166732,0.9967130298780997,0.0,0.0
413,Device,FusedBatchNormV3,xception/batch_normalization_3/FusedBatchNormV3,4,83.968,20.992,83.968,20.992,0.00011703328880800783,0.9968300631669077,0.0,0.0
414,Device,Mean,xception/avg_pool/Mean,2,82.944,41.472,82.944,41.472,0.00011560605357864188,0.9969456692204863,0.0,0.0
415,Device,BroadcastTo,gradient_tape/xception/avg_pool/BroadcastTo,2,78.849,39.4245,78.849,39.4245,0.00010989850644558176,0.9970555677269319,0.0,0.0
416,Device,DepthwiseConv2dNative,xception/block14_sepconv1/separable_conv2d/depthwise,2,77.824,38.912,77.824,38.912,0.00010846987743181212,0.9971640376043638,0.0,0.0
417,Device,ResourceApplyGradientDescent,SGD/SGD/update_147/ResourceApplyGradientDescent,2,72.704,36.352,72.704,36.352,0.00010133370128498237,0.9972653713056487,0.0,0.0
418,Device,MatMul,gradient_tape/xception/predictions/MatMul/MatMul,2,52.224,26.112,52.224,26.112,7.27889966976634e-05,0.9973381603023465,0.0,0.0
419,Device,MatMul,xception/predictions/MatMul,2,51.2,25.6,51.2,25.6,7.136176146829746e-05,0.9974095220638147,0.0,0.0
420,Device,MatMul,gradient_tape/xception/predictions/MatMul/MatMul_1,2,45.056,22.528,45.056,22.528,6.279835009210176e-05,0.9974723204139069,0.0,0.0
421,Device,ResourceApplyGradientDescent,SGD/SGD/update_143/ResourceApplyGradientDescent,2,44.032,22.016,44.032,22.016,6.137111486273581e-05,0.9975336915287696,0.0,0.0
422,Device,ResourceApplyGradientDescent,SGD/SGD/update_140/ResourceApplyGradientDescent,2,40.96,20.48,40.96,20.48,5.708940917463797e-05,0.9975907809379442,0.0,0.0
423,Device,ResourceApplyGradientDescent,SGD/SGD/update_33/ResourceApplyGradientDescent,2,32.768,16.384,32.768,16.384,4.567152733971037e-05,0.9976364524652839,0.0,0.0
424,Device,Softmax,xception/predictions/Softmax,2,27.648,13.824,27.648,13.824,3.853535119288063e-05,0.9976749878164768,0.0,0.0
425,Device,ResourceApplyGradientDescent,SGD/SGD/update_108/ResourceApplyGradientDescent,2,24.576,12.288,24.576,12.288,3.4253645504782776e-05,0.9977092414619816,0.0,0.0
426,Device,ResourceApplyGradientDescent,SGD/SGD/update_124/ResourceApplyGradientDescent,2,24.576,12.288,24.576,12.288,3.4253645504782776e-05,0.9977434951074864,0.0,0.0
427,Device,ResourceApplyGradientDescent,SGD/SGD/update_128/ResourceApplyGradientDescent,2,24.576,12.288,24.576,12.288,3.4253645504782776e-05,0.9977777487529912,0.0,0.0
428,Device,ResourceApplyGradientDescent,SGD/SGD/update_136/ResourceApplyGradientDescent,2,24.576,12.288,24.576,12.288,3.4253645504782776e-05,0.997812002398496,0.0,0.0
429,Device,ResourceApplyGradientDescent,SGD/SGD/update_40/ResourceApplyGradientDescent,2,24.576,12.288,24.576,12.288,3.4253645504782776e-05,0.9978462560440008,0.0,0.0
430,Device,ResourceApplyGradientDescent,SGD/SGD/update_44/ResourceApplyGradientDescent,2,24.576,12.288,24.576,12.288,3.4253645504782776e-05,0.9978805096895056,0.0,0.0
431,Device,ResourceApplyGradientDescent,SGD/SGD/update_48/ResourceApplyGradientDescent,2,24.576,12.288,24.576,12.288,3.4253645504782776e-05,0.9979147633350104,0.0,0.0
432,Device,ResourceApplyGradientDescent,SGD/SGD/update_56/ResourceApplyGradientDescent,2,24.576,12.288,24.576,12.288,3.4253645504782776e-05,0.9979490169805152,0.0,0.0
433,Device,ResourceApplyGradientDescent,SGD/SGD/update_60/ResourceApplyGradientDescent,2,24.576,12.288,24.576,12.288,3.4253645504782776e-05,0.99798327062602,0.0,0.0
434,Device,ResourceApplyGradientDescent,SGD/SGD/update_64/ResourceApplyGradientDescent,2,24.576,12.288,24.576,12.288,3.4253645504782776e-05,0.9980175242715248,0.0,0.0
435,Device,ResourceApplyGradientDescent,SGD/SGD/update_88/ResourceApplyGradientDescent,2,24.576,12.288,24.576,12.288,3.4253645504782776e-05,0.9980517779170296,0.0,0.0
436,Device,ResourceApplyGradientDescent,SGD/SGD/update_92/ResourceApplyGradientDescent,2,23.553,11.7765,23.553,11.7765,3.2827804059820504e-05,0.9980846057210894,0.0,0.0
437,Device,ResourceApplyGradientDescent,SGD/SGD/update_100/ResourceApplyGradientDescent,2,23.552,11.776,23.552,11.776,3.282641027541683e-05,0.9981174321313648,0.0,0.0
438,Device,ResourceApplyGradientDescent,SGD/SGD/update_116/ResourceApplyGradientDescent,2,23.552,11.776,23.552,11.776,3.282641027541683e-05,0.9981502585416403,0.0,0.0
439,Device,ResourceApplyGradientDescent,SGD/SGD/update_120/ResourceApplyGradientDescent,2,23.552,11.776,23.552,11.776,3.282641027541683e-05,0.9981830849519158,0.0,0.0
440,Device,ResourceApplyGradientDescent,SGD/SGD/update_132/ResourceApplyGradientDescent,2,23.552,11.776,23.552,11.776,3.282641027541683e-05,0.9982159113621912,0.0,0.0
441,Device,ResourceApplyGradientDescent,SGD/SGD/update_52/ResourceApplyGradientDescent,2,23.552,11.776,23.552,11.776,3.282641027541683e-05,0.9982487377724667,0.0,0.0
442,Device,ResourceApplyGradientDescent,SGD/SGD/update_72/ResourceApplyGradientDescent,2,23.552,11.776,23.552,11.776,3.282641027541683e-05,0.9982815641827422,0.0,0.0
443,Device,ResourceApplyGradientDescent,SGD/SGD/update_76/ResourceApplyGradientDescent,2,23.552,11.776,23.552,11.776,3.282641027541683e-05,0.9983143905930176,0.0,0.0
444,Device,ResourceApplyGradientDescent,SGD/SGD/update_80/ResourceApplyGradientDescent,2,23.552,11.776,23.552,11.776,3.282641027541683e-05,0.9983472170032931,0.0,0.0
445,Device,ResourceApplyGradientDescent,SGD/SGD/update_84/ResourceApplyGradientDescent,2,23.552,11.776,23.552,11.776,3.282641027541683e-05,0.9983800434135686,0.0,0.0
446,Device,ResourceApplyGradientDescent,SGD/SGD/update_104/ResourceApplyGradientDescent,2,22.528,11.264,22.528,11.264,3.139917504605088e-05,0.9984114425886146,0.0,0.0
447,Device,ResourceApplyGradientDescent,SGD/SGD/update_112/ResourceApplyGradientDescent,2,22.528,11.264,22.528,11.264,3.139917504605088e-05,0.9984428417636606,0.0,0.0
448,Device,ResourceApplyGradientDescent,SGD/SGD/update_68/ResourceApplyGradientDescent,2,22.528,11.264,22.528,11.264,3.139917504605088e-05,0.9984742409387066,0.0,0.0
449,Device,ResourceApplyGradientDescent,SGD/SGD/update_96/ResourceApplyGradientDescent,2,22.528,11.264,22.528,11.264,3.139917504605088e-05,0.9985056401137526,0.0,0.0
450,Device,_Recv,IteratorGetNext/_4,2,22.368,11.184,22.368,11.184,3.117616954146245e-05,0.9985368162832942,0.0,0.0
451,Device,ResourceApplyGradientDescent,SGD/SGD/update_36/ResourceApplyGradientDescent,2,16.384,8.192,16.384,8.192,2.2835763669855184e-05,0.9985596520469641,0.0,0.0
452,Device,ResourceApplyGradientDescent,SGD/SGD/update_29/ResourceApplyGradientDescent,2,13.312,6.656,13.312,6.656,1.8554057981757337e-05,0.9985782061049459,0.0,0.0
453,Device,DynamicStitch,gradient_tape/xception/avg_pool/DynamicStitch,2,11.264,5.632,11.264,5.632,1.569958752302544e-05,0.9985939056924689,0.0,0.0
454,Device,ResourceApplyGradientDescent,SGD/SGD/update_22/ResourceApplyGradientDescent,2,10.24,5.12,10.24,5.12,1.4272352293659492e-05,0.9986081780447625,0.0,0.0
455,Device,ResourceApplyGradientDescent,SGD/SGD/update_101/ResourceApplyGradientDescent,2,8.192,4.096,8.192,4.096,1.1417881834927592e-05,0.9986195959265974,0.0,0.0
456,Device,ResourceApplyGradientDescent,SGD/SGD/update_103/ResourceApplyGradientDescent,2,8.192,4.096,8.192,4.096,1.1417881834927592e-05,0.9986310138084323,0.0,0.0
457,Device,ResourceApplyGradientDescent,SGD/SGD/update_119/ResourceApplyGradientDescent,2,8.192,4.096,8.192,4.096,1.1417881834927592e-05,0.9986424316902672,0.0,0.0
458,Device,ResourceApplyGradientDescent,SGD/SGD/update_130/ResourceApplyGradientDescent,2,8.192,4.096,8.192,4.096,1.1417881834927592e-05,0.9986538495721021,0.0,0.0
459,Device,ResourceApplyGradientDescent,SGD/SGD/update_131/ResourceApplyGradientDescent,2,8.192,4.096,8.192,4.096,1.1417881834927592e-05,0.998665267453937,0.0,0.0
460,Device,ResourceApplyGradientDescent,SGD/SGD/update_135/ResourceApplyGradientDescent,2,8.192,4.096,8.192,4.096,1.1417881834927592e-05,0.9986766853357719,0.0,0.0
461,Device,ResourceApplyGradientDescent,SGD/SGD/update_14/ResourceApplyGradientDescent,2,8.192,4.096,8.192,4.096,1.1417881834927592e-05,0.9986881032176068,0.0,0.0
462,Device,ResourceApplyGradientDescent,SGD/SGD/update_150/ResourceApplyGradientDescent,2,8.192,4.096,8.192,4.096,1.1417881834927592e-05,0.9986995210994417,0.0,0.0
463,Device,ResourceApplyGradientDescent,SGD/SGD/update_18/ResourceApplyGradientDescent,2,8.192,4.096,8.192,4.096,1.1417881834927592e-05,0.9987109389812766,0.0,0.0
464,Device,ResourceApplyGradientDescent,SGD/SGD/update_25/ResourceApplyGradientDescent,2,8.192,4.096,8.192,4.096,1.1417881834927592e-05,0.9987223568631115,0.0,0.0
465,Device,ResourceApplyGradientDescent,SGD/SGD/update_26/ResourceApplyGradientDescent,2,8.192,4.096,8.192,4.096,1.1417881834927592e-05,0.9987337747449464,0.0,0.0
466,Device,ResourceApplyGradientDescent,SGD/SGD/update_51/ResourceApplyGradientDescent,2,8.192,4.096,8.192,4.096,1.1417881834927592e-05,0.9987451926267813,0.0,0.0
467,Device,ResourceApplyGradientDescent,SGD/SGD/update_55/ResourceApplyGradientDescent,2,8.192,4.096,8.192,4.096,1.1417881834927592e-05,0.9987566105086162,0.0,0.0
468,Device,ResourceApplyGradientDescent,SGD/SGD/update_58/ResourceApplyGradientDescent,2,8.192,4.096,8.192,4.096,1.1417881834927592e-05,0.9987680283904511,0.0,0.0
469,Device,ResourceApplyGradientDescent,SGD/SGD/update_69/ResourceApplyGradientDescent,2,8.192,4.096,8.192,4.096,1.1417881834927592e-05,0.998779446272286,0.0,0.0
470,Device,ResourceApplyGradientDescent,SGD/SGD/update_75/ResourceApplyGradientDescent,2,8.192,4.096,8.192,4.096,1.1417881834927592e-05,0.9987908641541209,0.0,0.0
471,Device,ResourceApplyGradientDescent,SGD/SGD/update_91/ResourceApplyGradientDescent,2,8.192,4.096,8.192,4.096,1.1417881834927592e-05,0.9988022820359558,0.0,0.0
472,Device,ResourceApplyGradientDescent,SGD/SGD/update_99/ResourceApplyGradientDescent,2,8.192,4.096,8.192,4.096,1.1417881834927592e-05,0.9988136999177907,0.0,0.0
473,Device,ResourceApplyGradientDescent,SGD/SGD/update_106/ResourceApplyGradientDescent,2,7.168,3.584,7.168,3.584,9.990646605561643e-06,0.9988236905643962,0.0,0.0
474,Device,ResourceApplyGradientDescent,SGD/SGD/update_107/ResourceApplyGradientDescent,2,7.168,3.584,7.168,3.584,9.990646605561643e-06,0.9988336812110018,0.0,0.0
475,Device,ResourceApplyGradientDescent,SGD/SGD/update_11/ResourceApplyGradientDescent,2,7.168,3.584,7.168,3.584,9.990646605561643e-06,0.9988436718576074,0.0,0.0
476,Device,ResourceApplyGradientDescent,SGD/SGD/update_110/ResourceApplyGradientDescent,2,7.168,3.584,7.168,3.584,9.990646605561643e-06,0.9988536625042129,0.0,0.0
477,Device,ResourceApplyGradientDescent,SGD/SGD/update_115/ResourceApplyGradientDescent,2,7.168,3.584,7.168,3.584,9.990646605561643e-06,0.9988636531508185,0.0,0.0
478,Device,ResourceApplyGradientDescent,SGD/SGD/update_12/ResourceApplyGradientDescent,2,7.168,3.584,7.168,3.584,9.990646605561643e-06,0.998873643797424,0.0,0.0
479,Device,ResourceApplyGradientDescent,SGD/SGD/update_121/ResourceApplyGradientDescent,2,7.168,3.584,7.168,3.584,9.990646605561643e-06,0.9988836344440296,0.0,0.0
480,Device,ResourceApplyGradientDescent,SGD/SGD/update_125/ResourceApplyGradientDescent,2,7.168,3.584,7.168,3.584,9.990646605561643e-06,0.9988936250906352,0.0,0.0
481,Device,ResourceApplyGradientDescent,SGD/SGD/update_126/ResourceApplyGradientDescent,2,7.168,3.584,7.168,3.584,9.990646605561643e-06,0.9989036157372407,0.0,0.0
482,Device,ResourceApplyGradientDescent,SGD/SGD/update_127/ResourceApplyGradientDescent,2,7.168,3.584,7.168,3.584,9.990646605561643e-06,0.9989136063838463,0.0,0.0
483,Device,ResourceApplyGradientDescent,SGD/SGD/update_129/ResourceApplyGradientDescent,2,7.168,3.584,7.168,3.584,9.990646605561643e-06,0.9989235970304519,0.0,0.0
484,Device,ResourceApplyGradientDescent,SGD/SGD/update_137/ResourceApplyGradientDescent,2,7.168,3.584,7.168,3.584,9.990646605561643e-06,0.9989335876770574,0.0,0.0
485,Device,ResourceApplyGradientDescent,SGD/SGD/update_138/ResourceApplyGradientDescent,2,7.168,3.584,7.168,3.584,9.990646605561643e-06,0.998943578323663,0.0,0.0
486,Device,ResourceApplyGradientDescent,SGD/SGD/update_139/ResourceApplyGradientDescent,2,7.168,3.584,7.168,3.584,9.990646605561643e-06,0.9989535689702685,0.0,0.0
487,Device,ResourceApplyGradientDescent,SGD/SGD/update_142/ResourceApplyGradientDescent,2,7.168,3.584,7.168,3.584,9.990646605561643e-06,0.9989635596168741,0.0,0.0
488,Device,ResourceApplyGradientDescent,SGD/SGD/update_144/ResourceApplyGradientDescent,2,7.168,3.584,7.168,3.584,9.990646605561643e-06,0.9989735502634797,0.0,0.0
489,Device,ResourceApplyGradientDescent,SGD/SGD/update_146/ResourceApplyGradientDescent,2,7.168,3.584,7.168,3.584,9.990646605561643e-06,0.9989835409100852,0.0,0.0
490,Device,ResourceApplyGradientDescent,SGD/SGD/update_148/ResourceApplyGradientDescent,2,7.168,3.584,7.168,3.584,9.990646605561643e-06,0.9989935315566908,0.0,0.0
491,Device,ResourceApplyGradientDescent,SGD/SGD/update_15/ResourceApplyGradientDescent,2,7.168,3.584,7.168,3.584,9.990646605561643e-06,0.9990035222032964,0.0,0.0
492,Device,ResourceApplyGradientDescent,SGD/SGD/update_152/ResourceApplyGradientDescent,2,7.168,3.584,7.168,3.584,9.990646605561643e-06,0.9990135128499019,0.0,0.0
493,Device,ResourceApplyGradientDescent,SGD/SGD/update_153/ResourceApplyGradientDescent,2,7.168,3.584,7.168,3.584,9.990646605561643e-06,0.9990235034965075,0.0,0.0
494,Device,ResourceApplyGradientDescent,SGD/SGD/update_155/ResourceApplyGradientDescent,2,7.168,3.584,7.168,3.584,9.990646605561643e-06,0.999033494143113,0.0,0.0
495,Device,ResourceApplyGradientDescent,SGD/SGD/update_17/ResourceApplyGradientDescent,2,7.168,3.584,7.168,3.584,9.990646605561643e-06,0.9990434847897186,0.0,0.0
496,Device,ResourceApplyGradientDescent,SGD/SGD/update_19/ResourceApplyGradientDescent,2,7.168,3.584,7.168,3.584,9.990646605561643e-06,0.9990534754363242,0.0,0.0
497,Device,ResourceApplyGradientDescent,SGD/SGD/update_28/ResourceApplyGradientDescent,2,7.168,3.584,7.168,3.584,9.990646605561643e-06,0.9990634660829297,0.0,0.0
498,Device,ResourceApplyGradientDescent,SGD/SGD/update_3/ResourceApplyGradientDescent,2,7.168,3.584,7.168,3.584,9.990646605561643e-06,0.9990734567295353,0.0,0.0
499,Device,ResourceApplyGradientDescent,SGD/SGD/update_30/ResourceApplyGradientDescent,2,7.168,3.584,7.168,3.584,9.990646605561643e-06,0.9990834473761409,0.0,0.0
500,Device,ResourceApplyGradientDescent,SGD/SGD/update_31/ResourceApplyGradientDescent,2,7.168,3.584,7.168,3.584,9.990646605561643e-06,0.9990934380227464,0.0,0.0
501,Host,IDLE,IDLE,0,2671950.763,0.0,2671950.763,0.0,0.0,0.0,0.9976217077899387,0.9976217077899387
502,Host,GatherV2,GatherV2,2,5802.119,2901.0595,5802.119,2901.0595,0.0,0.0,0.002166327293801428,0.9997880350837401
503,Host,GatherV2,GatherV2_1,2,108.161,54.0805,108.161,54.0805,0.0,0.0,4.0383888442283985e-05,0.9998284189721824
504,Host,Dataset,Iterator::Root::ParallelMapV2,2,71.932,35.966,71.932,35.966,0.0,0.0,2.685712838666776e-05,0.9998552761005691
505,Host,Dataset,Iterator::Root::ParallelMapV2::Zip[1]::ForeverRepeat,2,58.271,29.1355,54.311,27.1555,0.0,0.0,2.0278005613750663e-05,0.9998755541061829
506,Host,IteratorGetNext,IteratorGetNext,2,52.471,26.2355,52.471,26.2355,0.0,0.0,1.95910079460719e-05,0.9998951451141289
507,Host,FlushSummaryWriter,FlushSummaryWriter,1,44.091,44.091,44.091,44.091,0.0,0.0,1.6462181611752325e-05,0.9999116072957407
508,Host,_Send,IteratorGetNext/_6,2,40.161,20.0805,40.161,20.0805,0.0,0.0,1.4994844201981926e-05,0.9999266021399427
509,Host,LogicalAnd,LogicalAnd,1,37.941,37.941,37.941,37.941,0.0,0.0,1.4165966581195594e-05,0.9999407681065239
510,Host,Dataset,Iterator::Root,2,105.352,52.676,33.42,16.71,0.0,0.0,1.2477968507513159e-05,0.9999532460750314
511,Host,WriteSummary,WriteSummary,1,25.08,25.08,25.08,25.08,0.0,0.0,9.364076905099641e-06,0.9999626101519365
512,Host,Dataset,Iterator::Root::ParallelMapV2::Zip[0]::FlatMap[1]::Concatenate[0]::TensorSlice,2,24.46,12.23,24.46,12.23,0.0,0.0,9.13258856055571e-06,0.999971742740497
513,Host,_HostSend,categorical_crossentropy/softmax_cross_entropy_with_logits/Shape_2/_9,2,15.72,7.86,15.72,7.86,0.0,0.0,5.869349639081593e-06,0.9999776120901361
514,Host,Dataset,Iterator::Root::ParallelMapV2::Zip[0]::FlatMap[1]::Concatenate,2,39.941,19.9705,15.481,7.7405,0.0,0.0,5.780114615942884e-06,0.9999833922047521
515,Host,Dataset,Iterator::Root::ParallelMapV2::Zip,2,114.052,57.026,11.46,5.73,0.0,0.0,4.2788006910862e-06,0.9999876710054432
516,Host,ReadVariableOp,ReadVariableOp,1,10.51,10.51,10.51,10.51,0.0,0.0,3.924100808317274e-06,0.9999915951062515
517,Host,_Send,IteratorGetNext/_1,2,7.5,3.75,7.5,3.75,0.0,0.0,2.8002622323862562e-06,0.9999943953684839
518,Host,Dataset,Iterator::Root::ParallelMapV2::Zip[0]::FlatMap,2,44.321,22.1605,4.38,2.19,0.0,0.0,1.6353531437135736e-06,0.9999960307216276
519,Host,Dataset,Iterator::Root::ParallelMapV2::Zip[1]::ForeverRepeat::FromTensor,4,3.96,0.99,3.96,0.99,0.0,0.0,1.4785384586999432e-06,0.9999975092600862
520,Host,Identity,Identity,2,3.861,1.9305,3.861,1.9305,0.0,0.0,1.4415749972324448e-06,0.9999989508350835
521,Host,_Send,IteratorGetNext/_3,2,2.81,1.405,2.81,1.405,0.0,0.0,1.0491649164007174e-06,0.9999999999999999
