Rank,Host/device,Type,Operation,#Occurrences,Total time (us),Avg. time (us),Total self-time (us),Avg. self-time (us),Total self-time on Device (%),Cumulative total-self time on Device (%),Total self-time on Host (%),Cumulative total-self time on Host (%)
1,Device,IDLE,IDLE,0,4553.398,0.0,4553.398,0.0,0.1270363942382913,0.1270363942382913,0.0,0.0
2,Device,Conv2DBackpropFilter,gradient_tape/sequential/conv2d_5/Conv2D/Conv2DBackpropFilter,2,1471.495,735.7475,1471.495,735.7475,0.041053608522618586,0.16809000276090988,0.0,0.0
3,Device,Conv2DBackpropFilter,gradient_tape/sequential/conv2d_1/Conv2D/Conv2DBackpropFilter,4,1284.102,321.0255,1284.102,321.0255,0.035825484158024036,0.2039154869189339,0.0,0.0
4,Device,_FusedConv2D,sequential/conv2d_5/Relu,2,1147.91,573.955,1147.91,573.955,0.03202582934987826,0.23594131626881215,0.0,0.0
5,Device,_FusedConv2D,sequential/conv2d_3/Relu,2,1116.166,558.083,1116.166,558.083,0.031140195522415707,0.26708151179122785,0.0,0.0
6,Device,Conv2DBackpropInput,gradient_tape/sequential/conv2d_5/Conv2D/Conv2DBackpropInput,2,1114.118,557.059,1114.118,557.059,0.0310830578561278,0.29816456964735566,0.0,0.0
7,Device,Conv2DBackpropInput,gradient_tape/sequential/conv2d_3/Conv2D/Conv2DBackpropInput,2,1097.733,548.8665,1097.733,548.8665,0.030625928626573432,0.3287904982739291,0.0,0.0
8,Device,Conv2DBackpropFilter,gradient_tape/sequential/conv2d_3/Conv2D/Conv2DBackpropFilter,2,1081.35,540.675,1081.35,540.675,0.030168855195521295,0.3589593534694504,0.0,0.0
9,Device,Conv2DBackpropFilter,gradient_tape/sequential/conv2d_7/Conv2D/Conv2DBackpropFilter,2,1037.318,518.659,1037.318,518.659,0.02894039537033131,0.38789974883978173,0.0,0.0
10,Device,Conv2DBackpropFilter,gradient_tape/sequential/conv2d_6/Conv2D/Conv2DBackpropFilter,2,1035.27,517.635,1035.27,517.635,0.028883257704043402,0.41678300654382516,0.0,0.0
11,Device,_FusedConv2D,sequential/conv2d_6/Relu,4,1006.597,251.64925,1006.597,251.64925,0.028083302476761596,0.44486630902058677,0.0,0.0
12,Device,_FusedConv2D,sequential/conv2d_7/Relu,4,991.236,247.809,991.236,247.809,0.02765474208035118,0.47252105110093795,0.0,0.0
13,Device,ReluGrad,gradient_tape/sequential/conv2d/ReluGrad,2,865.285,432.6425,865.285,432.6425,0.024140803502896054,0.496661854603834,0.0,0.0
14,Device,ResourceApplyGradientDescent,SGD/SGD/update_18/ResourceApplyGradientDescent,2,846.852,423.426,846.852,423.426,0.02362653660705378,0.5202883912108878,0.0,0.0
15,Device,Conv2DBackpropFilter,gradient_tape/sequential/conv2d/Conv2D/Conv2DBackpropFilter,2,800.772,400.386,800.772,400.386,0.022340939115575886,0.5426293303264637,0.0,0.0
16,Device,_FusedConv2D,sequential/conv2d_2/Relu,2,765.956,382.978,765.956,382.978,0.021369598788681474,0.5639989291151452,0.0,0.0
17,Device,Conv2DBackpropInput,gradient_tape/sequential/conv2d_2/Conv2D/Conv2DBackpropInput,2,701.444,350.722,701.444,350.722,0.01956976230061242,0.5835686914157576,0.0,0.0
18,Device,Conv2DBackpropFilter,gradient_tape/sequential/conv2d_2/Conv2D/Conv2DBackpropFilter,2,698.372,349.186,698.372,349.186,0.01948405580118056,0.6030527472169381,0.0,0.0
19,Device,_FusedConv2D,sequential/conv2d_1/Relu,2,684.034,342.017,684.034,342.017,0.019084036338662982,0.6221367835556011,0.0,0.0
20,Device,_FusedConv2D,sequential/conv2d_4/Relu,2,678.916,339.458,678.916,339.458,0.018941247971445453,0.6410780315270466,0.0,0.0
21,Device,MatMul,gradient_tape/sequential/dense_1/MatMul/MatMul_1,2,664.579,332.2895,664.579,332.2895,0.018541256408178986,0.6596192879352255,0.0,0.0
22,Device,MaxPoolGrad,gradient_tape/sequential/max_pooling2d_3/MaxPool/MaxPoolGrad,2,656.387,328.1935,656.387,328.1935,0.01831270574302736,0.6779319936782529,0.0,0.0
23,Device,Conv2DBackpropFilter,gradient_tape/sequential/conv2d_4/Conv2D/Conv2DBackpropFilter,2,641.028,320.514,641.028,320.514,0.017884201145119183,0.6958161948233721,0.0,0.0
24,Device,MatMul,sequential/dense_1/MatMul,2,640.002,320.001,640.002,320.001,0.01785557651347299,0.7136717713368451,0.0,0.0
25,Device,Conv2DBackpropInput,gradient_tape/sequential/conv2d_4/Conv2D/Conv2DBackpropInput,2,637.955,318.9775,637.955,318.9775,0.017798466746436207,0.7314702380832814,0.0,0.0
26,Device,MatMul,gradient_tape/sequential/dense_1/MatMul/MatMul,2,636.931,318.4655,636.931,318.4655,0.017769897913292254,0.7492401359965737,0.0,0.0
27,Device,MaxPoolGrad,gradient_tape/sequential/max_pooling2d/MaxPool/MaxPoolGrad,2,626.691,313.3455,626.691,313.3455,0.01748420958185272,0.7667243455784264,0.0,0.0
28,Device,Conv2DBackpropInput,gradient_tape/sequential/conv2d_1/Conv2D/Conv2DBackpropInput,2,624.644,312.322,624.644,312.322,0.01742709981481593,0.7841514453932423,0.0,0.0
29,Device,Conv2DBackpropInput,gradient_tape/sequential/conv2d_7/Conv2D/Conv2DBackpropInput,4,606.211,151.55275,606.211,151.55275,0.016912832918973657,0.8010642783122159,0.0,0.0
30,Device,Conv2DBackpropInput,gradient_tape/sequential/conv2d_6/Conv2D/Conv2DBackpropInput,4,605.186,151.2965,605.186,151.2965,0.016884236186578586,0.8179485144987946,0.0,0.0
31,Device,MaxPoolGrad,gradient_tape/sequential/max_pooling2d_4/MaxPool/MaxPoolGrad,2,588.803,294.4015,588.803,294.4015,0.01642716275552645,0.834375677254321,0.0,0.0
32,Device,_Send,IteratorGetNext/_1,2,534.306,267.153,534.306,267.153,0.014906737267395574,0.8492824145217166,0.0,0.0
33,Device,ReluGrad,gradient_tape/sequential/conv2d_1/ReluGrad,2,433.154,216.577,433.154,216.577,0.012084672218394444,0.8613670867401111,0.0,0.0
34,Device,_FusedConv2D,sequential/conv2d/Relu,2,418.818,209.409,418.818,209.409,0.011684708554379098,0.8730517952944902,0.0,0.0
35,Device,MaxPoolGrad,gradient_tape/sequential/max_pooling2d_2/MaxPool/MaxPoolGrad,2,378.882,189.441,378.882,189.441,0.010570524061764924,0.8836223193562551,0.0,0.0
36,Device,MaxPool,sequential/max_pooling2d/MaxPool,2,346.114,173.057,346.114,173.057,0.00965632140115842,0.8932786407574136,0.0,0.0
37,Device,MaxPoolGrad,gradient_tape/sequential/max_pooling2d_1/MaxPool/MaxPoolGrad,2,319.49,159.745,319.49,159.745,0.008913531739415639,0.9021921724968293,0.0,0.0
38,Device,BiasAddGrad,gradient_tape/sequential/conv2d/BiasAdd/BiasAddGrad,2,307.202,153.601,307.202,153.601,0.008570705741688198,0.9107628782385174,0.0,0.0
39,Device,ReluGrad,gradient_tape/sequential/conv2d_3/ReluGrad,2,214.017,107.0085,214.017,107.0085,0.005970914026337339,0.9167337922648547,0.0,0.0
40,Device,ReluGrad,gradient_tape/sequential/conv2d_2/ReluGrad,2,201.729,100.8645,201.729,100.8645,0.005628088028609901,0.9223618802934647,0.0,0.0
41,Device,MaxPool,sequential/max_pooling2d_1/MaxPool,2,189.442,94.721,189.442,94.721,0.00528528993013358,0.9276471702235982,0.0,0.0
42,Device,BiasAddGrad,gradient_tape/sequential/conv2d_1/BiasAdd/BiasAddGrad,2,163.841,81.9205,163.841,81.9205,0.004571041202283632,0.9322182114258819,0.0,0.0
43,Device,ResourceApplyGradientDescent,SGD/SGD/update_14/ResourceApplyGradientDescent,2,124.929,62.4645,124.929,62.4645,0.0034854255428134096,0.9357036369686953,0.0,0.0
44,Device,ResourceApplyGradientDescent,SGD/SGD/update_12/ResourceApplyGradientDescent,2,122.882,61.441,122.882,61.441,0.0034283157757766204,0.9391319527444719,0.0,0.0
45,Device,MatMul,gradient_tape/sequential/dense/MatMul/MatMul_1,2,122.881,61.4405,122.881,61.4405,0.003428287876525503,0.9425602406209974,0.0,0.0
46,Device,ResourceApplyGradientDescent,SGD/SGD/update_10/ResourceApplyGradientDescent,2,119.809,59.9045,119.809,59.9045,0.0033425813770936435,0.9459028219980911,0.0,0.0
47,Device,ResourceApplyGradientDescent,SGD/SGD/update_16/ResourceApplyGradientDescent,2,111.617,55.8085,111.617,55.8085,0.0031140307119420178,0.9490168527100331,0.0,0.0
48,Device,ReluGrad,gradient_tape/sequential/conv2d_4/ReluGrad,2,110.592,55.296,110.592,55.296,0.0030854339795469473,0.9521022866895801,0.0,0.0
49,Device,MatMul,gradient_tape/sequential/dense/MatMul/MatMul,2,108.544,54.272,108.544,54.272,0.003028296313259041,0.9551305830028392,0.0,0.0
50,Device,SoftmaxCrossEntropyWithLogits,categorical_crossentropy/softmax_cross_entropy_with_logits,2,97.282,48.641,97.282,48.641,0.0027140949471777896,0.9578446779500169,0.0,0.0
51,Device,MaxPool,sequential/max_pooling2d_2/MaxPool,2,95.232,47.616,95.232,47.616,0.002656901482387649,0.9605015794324046,0.0,0.0
52,Device,BiasAddGrad,gradient_tape/sequential/conv2d_3/BiasAdd/BiasAddGrad,2,94.209,47.1045,94.209,47.1045,0.002628360548494813,0.9631299399808994,0.0,0.0
53,Device,ReluGrad,gradient_tape/sequential/conv2d_5/ReluGrad,2,94.209,47.1045,94.209,47.1045,0.002628360548494813,0.9657583005293942,0.0,0.0
54,Device,MatMul,sequential/dense/MatMul,2,94.209,47.1045,94.209,47.1045,0.002628360548494813,0.968386661077889,0.0,0.0
55,Device,BiasAddGrad,gradient_tape/sequential/conv2d_2/BiasAdd/BiasAddGrad,2,94.208,47.104,94.208,47.104,0.002628332649243696,0.9710149937271326,0.0,0.0
56,Device,ResourceApplyGradientDescent,SGD/SGD/update_8/ResourceApplyGradientDescent,2,63.488,31.744,63.488,31.744,0.0017712676549250994,0.9727862613820577,0.0,0.0
57,Device,BiasAddGrad,gradient_tape/sequential/conv2d_5/BiasAdd/BiasAddGrad,2,62.464,31.232,62.464,31.232,0.0017426988217811462,0.9745289602038388,0.0,0.0
58,Device,BiasAddGrad,gradient_tape/sequential/conv2d_4/BiasAdd/BiasAddGrad,2,61.441,30.7205,61.441,30.7205,0.0017141578878883102,0.9762431180917271,0.0,0.0
59,Device,ReluGrad,gradient_tape/sequential/dense/ReluGrad,2,57.344,28.672,57.344,28.672,0.00159985465606138,0.9778429727477885,0.0,0.0
60,Device,ReluGrad,gradient_tape/sequential/dense_1/ReluGrad,2,49.153,24.5765,49.153,24.5765,0.0013713318901608714,0.9792143046379495,0.0,0.0
61,Device,MaxPool,sequential/max_pooling2d_3/MaxPool,2,45.056,22.528,45.056,22.528,0.0012570286583339415,0.9804713332962834,0.0,0.0
62,Device,Transpose,gradient_tape/sequential/conv2d/Conv2D/Conv2DBackpropFilter-0-TransposeNHWCToNCHW-LayoutOptimizer,2,41.984,20.992,41.984,20.992,0.0011713221589020818,0.9816426554551855,0.0,0.0
63,Device,ResourceApplyGradientDescent,SGD/SGD/update_6/ResourceApplyGradientDescent,2,35.84,17.92,35.84,17.92,0.0009999091600383626,0.9826425646152238,0.0,0.0
64,Device,BiasAddGrad,gradient_tape/sequential/conv2d_6/BiasAdd/BiasAddGrad,2,35.84,17.92,35.84,17.92,0.0009999091600383626,0.9836424737752621,0.0,0.0
65,Device,BiasAddGrad,gradient_tape/sequential/conv2d_7/BiasAdd/BiasAddGrad,2,34.816,17.408,34.816,17.408,0.0009713403268944094,0.9846138141021565,0.0,0.0
66,Device,MatMul,sequential/dense_2/MatMul,2,32.768,16.384,32.768,16.384,0.0009142026606065029,0.985528016762763,0.0,0.0
67,Device,BiasAddGrad,gradient_tape/sequential/dense/BiasAdd/BiasAddGrad,2,30.72,15.36,30.72,15.36,0.0008570649943185965,0.9863850817570816,0.0,0.0
68,Device,BiasAddGrad,gradient_tape/sequential/dense_1/BiasAdd/BiasAddGrad,2,30.72,15.36,30.72,15.36,0.0008570649943185965,0.9872421467514002,0.0,0.0
69,Device,ReluGrad,gradient_tape/sequential/conv2d_6/ReluGrad,2,29.696,14.848,29.696,14.848,0.0008284961611746433,0.9880706429125748,0.0,0.0
70,Device,MatMul,gradient_tape/sequential/dense_2/MatMul/MatMul,2,25.601,12.8005,25.601,12.8005,0.0007142487278499475,0.9887848916404248,0.0,0.0
71,Device,MatMul,gradient_tape/sequential/dense_2/MatMul/MatMul_1,2,24.576,12.288,24.576,12.288,0.0006856519954548772,0.9894705436358797,0.0,0.0
72,Device,ResourceApplyGradientDescent,SGD/SGD/update_4/ResourceApplyGradientDescent,2,21.504,10.752,21.504,10.752,0.0005999454960230175,0.9900704891319028,0.0,0.0
73,Device,Softmax,sequential/dense_2/Softmax,2,19.456,9.728,19.456,9.728,0.0005428078297351111,0.9906132969616379,0.0,0.0
74,Device,BiasAdd,sequential/dense/BiasAdd,2,14.336,7.168,14.336,7.168,0.000399963664015345,0.9910132606256532,0.0,0.0
75,Device,Relu,sequential/dense/Relu,2,13.313,6.6565,13.313,6.6565,0.00037142273012250894,0.9913846833557757,0.0,0.0
76,Device,BiasAdd,sequential/dense_1/BiasAdd,2,13.312,6.656,13.312,6.656,0.0003713948308713918,0.991756078186647,0.0,0.0
77,Device,BiasAddGrad,gradient_tape/sequential/dense_2/BiasAdd/BiasAddGrad,2,12.288,6.144,12.288,6.144,0.0003428259977274386,0.9920989041843744,0.0,0.0
78,Device,Relu,sequential/dense_1/Relu,2,12.288,6.144,12.288,6.144,0.0003428259977274386,0.9924417301821018,0.0,0.0
79,Device,MaxPool,sequential/max_pooling2d_4/MaxPool,2,12.288,6.144,12.288,6.144,0.0003428259977274386,0.9927845561798292,0.0,0.0
80,Device,ResourceApplyGradientDescent,SGD/SGD/update_2/ResourceApplyGradientDescent,2,10.24,5.12,10.24,5.12,0.00028568833143953216,0.9930702445112687,0.0,0.0
81,Device,ReluGrad,gradient_tape/sequential/conv2d_7/ReluGrad,2,10.24,5.12,10.24,5.12,0.00028568833143953216,0.9933559328427082,0.0,0.0
82,Device,ResourceApplyGradientDescent,SGD/SGD/update_19/ResourceApplyGradientDescent,2,8.193,4.0965,8.193,4.0965,0.00022857856440274286,0.9935845114071109,0.0,0.0
83,Device,ArgMax,ArgMax,2,8.192,4.096,8.192,4.096,0.00022855066515162573,0.9938130620722625,0.0,0.0
84,Device,ArgMax,ArgMax_1,2,8.192,4.096,8.192,4.096,0.00022855066515162573,0.9940416127374141,0.0,0.0
85,Device,ResourceApplyGradientDescent,SGD/SGD/update_11/ResourceApplyGradientDescent,2,7.168,3.584,7.168,3.584,0.0001999818320076725,0.9942415945694217,0.0,0.0
86,Device,ResourceApplyGradientDescent,SGD/SGD/update_13/ResourceApplyGradientDescent,2,7.168,3.584,7.168,3.584,0.0001999818320076725,0.9944415764014294,0.0,0.0
87,Device,ResourceApplyGradientDescent,SGD/SGD/update_17/ResourceApplyGradientDescent,2,7.168,3.584,7.168,3.584,0.0001999818320076725,0.994641558233437,0.0,0.0
88,Device,ResourceApplyGradientDescent,SGD/SGD/update_20/ResourceApplyGradientDescent,2,7.168,3.584,7.168,3.584,0.0001999818320076725,0.9948415400654447,0.0,0.0
89,Device,ResourceApplyGradientDescent,SGD/SGD/update_5/ResourceApplyGradientDescent,2,7.168,3.584,7.168,3.584,0.0001999818320076725,0.9950415218974523,0.0,0.0
90,Device,ResourceApplyGradientDescent,SGD/SGD/update_9/ResourceApplyGradientDescent,2,7.168,3.584,7.168,3.584,0.0001999818320076725,0.99524150372946,0.0,0.0
91,Device,AssignAddVariableOp,AssignAddVariableOp_1,2,6.144,3.072,6.144,3.072,0.0001714129988637193,0.9954129167283237,0.0,0.0
92,Device,AssignAddVariableOp,AssignAddVariableOp_2,2,6.144,3.072,6.144,3.072,0.0001714129988637193,0.9955843297271874,0.0,0.0
93,Device,AssignAddVariableOp,AssignAddVariableOp_3,2,6.144,3.072,6.144,3.072,0.0001714129988637193,0.995755742726051,0.0,0.0
94,Device,AssignAddVariableOp,AssignAddVariableOp_4,2,6.144,3.072,6.144,3.072,0.0001714129988637193,0.9959271557249147,0.0,0.0
95,Device,Cast,Cast_1,2,6.144,3.072,6.144,3.072,0.0001714129988637193,0.9960985687237784,0.0,0.0
96,Device,Equal,Equal,2,6.144,3.072,6.144,3.072,0.0001714129988637193,0.9962699817226421,0.0,0.0
97,Device,ResourceApplyGradientDescent,SGD/SGD/update/ResourceApplyGradientDescent,2,6.144,3.072,6.144,3.072,0.0001714129988637193,0.9964413947215058,0.0,0.0
98,Device,ResourceApplyGradientDescent,SGD/SGD/update_1/ResourceApplyGradientDescent,2,6.144,3.072,6.144,3.072,0.0001714129988637193,0.9966128077203695,0.0,0.0
99,Device,ResourceApplyGradientDescent,SGD/SGD/update_15/ResourceApplyGradientDescent,2,6.144,3.072,6.144,3.072,0.0001714129988637193,0.9967842207192332,0.0,0.0
100,Device,ResourceApplyGradientDescent,SGD/SGD/update_21/ResourceApplyGradientDescent,2,6.144,3.072,6.144,3.072,0.0001714129988637193,0.9969556337180969,0.0,0.0
101,Device,ResourceApplyGradientDescent,SGD/SGD/update_3/ResourceApplyGradientDescent,2,6.144,3.072,6.144,3.072,0.0001714129988637193,0.9971270467169606,0.0,0.0
102,Device,ResourceApplyGradientDescent,SGD/SGD/update_7/ResourceApplyGradientDescent,2,6.144,3.072,6.144,3.072,0.0001714129988637193,0.9972984597158243,0.0,0.0
103,Device,Sum,Sum_2,2,6.144,3.072,6.144,3.072,0.0001714129988637193,0.997469872714688,0.0,0.0
104,Device,Tile,gradient_tape/categorical_crossentropy/weighted_loss/Tile_1,2,6.144,3.072,6.144,3.072,0.0001714129988637193,0.9976412857135517,0.0,0.0
105,Device,_Recv,strided_slice/_12,2,5.696,2.848,5.696,2.848,0.00015891413436323976,0.9978001998479149,0.0,0.0
106,Device,Cast,Cast,2,5.12,2.56,5.12,2.56,0.00014284416571976608,0.9979430440136347,0.0,0.0
107,Device,Cast,Cast_2,2,5.12,2.56,5.12,2.56,0.00014284416571976608,0.9980858881793544,0.0,0.0
108,Device,Mul,Mul,2,5.12,2.56,5.12,2.56,0.00014284416571976608,0.9982287323450741,0.0,0.0
109,Device,AssignAddVariableOp,SGD/SGD/AssignAddVariableOp,2,5.12,2.56,5.12,2.56,0.00014284416571976608,0.9983715765107939,0.0,0.0
110,Device,Sum,categorical_crossentropy/weighted_loss/Sum,2,5.12,2.56,5.12,2.56,0.00014284416571976608,0.9985144206765136,0.0,0.0
111,Device,Cast,categorical_crossentropy/weighted_loss/num_elements/Cast,2,5.12,2.56,5.12,2.56,0.00014284416571976608,0.9986572648422334,0.0,0.0
112,Device,DivNoNan,categorical_crossentropy/weighted_loss/value,2,5.12,2.56,5.12,2.56,0.00014284416571976608,0.9988001090079531,0.0,0.0
113,Device,DivNoNan,div_no_nan,2,5.12,2.56,5.12,2.56,0.00014284416571976608,0.9989429531736729,0.0,0.0
114,Device,Mul,gradient_tape/categorical_crossentropy/softmax_cross_entropy_with_logits/mul,2,5.12,2.56,5.12,2.56,0.00014284416571976608,0.9990857973393926,0.0,0.0
115,Device,DivNoNan,gradient_tape/categorical_crossentropy/weighted_loss/value/div_no_nan,2,5.12,2.56,5.12,2.56,0.00014284416571976608,0.9992286415051124,0.0,0.0
116,Device,BiasAdd,sequential/dense_2/BiasAdd,2,5.12,2.56,5.12,2.56,0.00014284416571976608,0.9993714856708321,0.0,0.0
117,Device,AssignAddVariableOp,AssignAddVariableOp,2,4.096,2.048,4.096,2.048,0.00011427533257581286,0.9994857610034079,0.0,0.0
118,Device,_Send,IteratorGetNext/_3,2,4.096,2.048,4.096,2.048,0.00011427533257581286,0.9996000363359837,0.0,0.0
119,Device,DivNoNan,div_no_nan_1,2,4.096,2.048,4.096,2.048,0.00011427533257581286,0.9997143116685595,0.0,0.0
120,Device,_Recv,Size/_16,2,3.68,1.84,3.68,1.84,0.00010266924411108187,0.9998169809126706,0.0,0.0
121,Device,_Recv,categorical_crossentropy/weighted_loss/num_elements/_14,2,3.488,1.744,3.488,1.744,9.731258789659064e-05,0.9999142935005672,0.0,0.0
122,Device,LogicalAnd,LogicalAnd,1,3.072,3.072,3.072,3.072,8.570649943185965e-05,0.999999999999999,0.0,0.0
123,Host,IDLE,IDLE,0,130062.337,0.0,130062.337,0.0,0.0,0.0,0.9821049512287109,0.9821049512287109
124,Host,_Send,IteratorGetNext/_1,2,875.155,437.5775,875.155,437.5775,0.0,0.0,0.006608323965396397,0.9887132751941072
125,Host,GatherV2,GatherV2,2,796.444,398.222,796.444,398.222,0.0,0.0,0.0060139746356887265,0.994727249829796
126,Host,_Send,IteratorGetNext/_3,2,144.143,72.0715,144.143,72.0715,0.0,0.0,0.0010884284970595298,0.9958156783268555
127,Host,_Send,IteratorGetNext/_6,2,144.132,72.066,144.132,72.066,0.0,0.0,0.0010883454357005485,0.996904023762556
128,Host,GatherV2,GatherV2_1,2,71.612,35.806,71.612,35.806,0.0,0.0,0.0005407445490341331,0.9974447683115901
129,Host,Dataset,Iterator::Root::ParallelMapV2::Zip[1]::ForeverRepeat,2,55.21,27.605,51.26,25.63,0.0,0.0,0.000387065932853288,0.9978318342444434
130,Host,Dataset,Iterator::Root::ParallelMapV2,2,44.161,22.0805,44.161,22.0805,0.0,0.0,0.00033346115217975134,0.9981652953966232
131,Host,IteratorGetNext,IteratorGetNext,2,38.84,19.42,38.84,19.42,0.0,0.0,0.0002932821075306615,0.9984585775041539
132,Host,FlushSummaryWriter,FlushSummaryWriter,1,38.811,38.811,38.811,38.811,0.0,0.0,0.00029306312758425597,0.9987516406317382
133,Host,LogicalAnd,LogicalAnd,1,31.56,31.56,31.56,31.56,0.0,0.0,0.00023831058995024912,0.9989899512216884
134,Host,Dataset,Iterator::Root::ParallelMapV2::Zip[0]::FlatMap[1]::Concatenate,2,48.992,24.496,28.291,14.1455,0.0,0.0,0.00021362626426750628,0.9992035774859559
135,Host,Dataset,Iterator::Root,2,68.851,34.4255,24.69,12.345,0.0,0.0,0.00018643499575005232,0.999390012481706
136,Host,Dataset,Iterator::Root::ParallelMapV2::Zip[0]::FlatMap[1]::Concatenate[0]::TensorSlice,2,20.701,10.3505,20.701,10.3505,0.0,0.0,0.00015631392657034562,0.9995463264082763
137,Host,WriteSummary,WriteSummary,1,20.611,20.611,20.611,20.611,0.0,0.0,0.0001556343336332251,0.9997019607419095
138,Host,_HostSend,categorical_crossentropy/softmax_cross_entropy_with_logits/Shape_2/_9,2,11.34,5.67,11.34,5.67,0.0,0.0,8.562871007718077e-05,0.9997875894519868
139,Host,Dataset,Iterator::Root::ParallelMapV2::Zip,2,119.172,59.586,10.62,5.31,0.0,0.0,8.01919665802169e-05,0.999867781418567
140,Host,ReadVariableOp,ReadVariableOp,1,6.27,6.27,6.27,6.27,0.0,0.0,4.73449746193936e-05,0.9999151263931865
141,Host,Dataset,Iterator::Root::ParallelMapV2::Zip[0]::FlatMap,2,53.342,26.671,4.35,2.175,0.0,0.0,3.284699196082331e-05,0.9999479733851473
142,Host,Dataset,Iterator::Root::ParallelMapV2::Zip[1]::ForeverRepeat::FromTensor,4,3.95,0.9875,3.95,0.9875,0.0,0.0,2.9826578906954504e-05,0.9999777999640542
143,Host,Identity,Identity,2,2.94,1.47,2.94,1.47,0.0,0.0,2.2200035945935753e-05,1.0000000000000002
