Rank,Host/device,Type,Operation,#Occurrences,Total time (us),Avg. time (us),Total self-time (us),Avg. self-time (us),Total self-time on Device (%),Cumulative total-self time on Device (%),Total self-time on Host (%),Cumulative total-self time on Host (%)
1,Device,IDLE,IDLE,0,44496.409,0.0,44496.409,0.0,0.08880675045168064,0.08880675045168064,0.0,0.0
2,Device,_Recv,IteratorGetNext/_2,2,4649.043,2324.5215,4649.043,2324.5215,0.009278645419232207,0.09808539587091285,0.0,0.0
3,Device,Conv2DBackpropFilter,gradient_tape/inception_resnet_v2/conv2d_4/Conv2D/Conv2DBackpropFilter,2,3621.903,1810.9515,3621.903,1810.9515,0.00722866053935259,0.10531405641026544,0.0,0.0
4,Device,FusedBatchNormGradV3,gradient_tape/inception_resnet_v2/batch_normalization_2/FusedBatchNormGradV3,2,3299.341,1649.6705,3299.341,1649.6705,0.006584885374502883,0.11189894178476832,0.0,0.0
5,Device,Conv2DBackpropFilter,gradient_tape/inception_resnet_v2/conv2d_2/Conv2D/Conv2DBackpropFilter,2,3239.949,1619.9745,3239.949,1619.9745,0.006466349729911289,0.11836529151467962,0.0,0.0
6,Device,Conv2DBackpropInput,gradient_tape/inception_resnet_v2/conv2d_2/Conv2D/Conv2DBackpropInput,2,3111.948,1555.974,3111.948,1555.974,0.006210882982817931,0.12457617449749754,0.0,0.0
7,Device,Conv2D,inception_resnet_v2/conv2d_4/Conv2D,2,3047.437,1523.7185,3047.437,1523.7185,0.006082130743993707,0.13065830524149125,0.0,0.0
8,Device,Conv2DBackpropInput,gradient_tape/inception_resnet_v2/conv2d_4/Conv2D/Conv2DBackpropInput,2,2956.3,1478.15,2956.3,1478.15,0.005900237845267547,0.1365585430867588,0.0,0.0
9,Device,FusedBatchNormV3,inception_resnet_v2/batch_normalization_2/FusedBatchNormV3,4,2682.89,670.7225,2682.89,670.7225,0.005354561144907434,0.14191310423166623,0.0,0.0
10,Device,Conv2DBackpropInput,gradient_tape/inception_resnet_v2/conv2d_72/Conv2D/Conv2DBackpropInput,2,2438.154,1219.077,2438.154,1219.077,0.004866112540469658,0.14677921677213587,0.0,0.0
11,Device,MaxPoolGrad,gradient_tape/inception_resnet_v2/max_pooling2d/MaxPool/MaxPoolGrad,2,2171.913,1085.9565,2171.913,1085.9565,0.004334743861999314,0.15111396063413518,0.0,0.0
12,Device,Conv2D,inception_resnet_v2/conv2d_2/Conv2D,2,2140.169,1070.0845,2140.169,1070.0845,0.0042713886036831175,0.1553853492378183,0.0,0.0
13,Device,Conv2D,inception_resnet_v2/conv2d_74/Conv2D,2,2110.472,1055.236,2110.472,1055.236,0.004212118785568952,0.15959746802338726,0.0,0.0
14,Device,Conv2DBackpropInput,gradient_tape/inception_resnet_v2/conv2d_74/Conv2D/Conv2DBackpropInput,2,2082.825,1041.4125,2082.825,1041.4125,0.004156940395111923,0.16375440841849917,0.0,0.0
15,Device,Conv2DBackpropInput,gradient_tape/inception_resnet_v2/conv2d_1/Conv2D/Conv2DBackpropInput,2,2062.344,1031.172,2062.344,1031.172,0.004116064039089556,0.16787047245758874,0.0,0.0
16,Device,Conv2DBackpropFilter,gradient_tape/inception_resnet_v2/conv2d_74/Conv2D/Conv2DBackpropFilter,2,2031.625,1015.8125,2031.625,1015.8125,0.004054754494601928,0.17192522695219067,0.0,0.0
17,Device,FusedBatchNormGradV3,gradient_tape/inception_resnet_v2/batch_normalization_4/FusedBatchNormGradV3,2,2003.977,1001.9885,2003.977,1001.9885,0.003999574108326531,0.1759248010605172,0.0,0.0
18,Device,Conv2DBackpropFilter,gradient_tape/inception_resnet_v2/conv2d_1/Conv2D/Conv2DBackpropFilter,2,1980.424,990.212,1980.424,990.212,0.003952566598273564,0.17987736765879075,0.0,0.0
19,Device,FusedBatchNormGradV3,gradient_tape/inception_resnet_v2/batch_normalization/FusedBatchNormGradV3,2,1935.368,967.684,1935.368,967.684,0.003862643005824768,0.1837400106646155,0.0,0.0
20,Device,Conv2DBackpropInput,gradient_tape/inception_resnet_v2/conv2d_75/Conv2D/Conv2DBackpropInput,2,1891.336,945.668,1891.336,945.668,0.0037747631313861723,0.18751477379600168,0.0,0.0
21,Device,FusedBatchNormGradV3,gradient_tape/inception_resnet_v2/batch_normalization_1/FusedBatchNormGradV3,2,1760.264,880.132,1760.264,880.132,0.0035131672260805846,0.19102794102208226,0.0,0.0
22,Device,ReluGrad,gradient_tape/inception_resnet_v2/activation_2/ReluGrad,2,1683.463,841.7315,1683.463,841.7315,0.003359886379497223,0.19438782740157948,0.0,0.0
23,Device,Conv2DBackpropFilter,gradient_tape/inception_resnet_v2/conv2d_72/Conv2D/Conv2DBackpropFilter,4,1674.247,418.56175,1674.247,418.56175,0.003341492917405424,0.1977293203189849,0.0,0.0
24,Device,Conv2D,inception_resnet_v2/conv2d_72/Conv2D,4,1431.558,357.8895,1431.558,357.8895,0.002857129753169678,0.2005864500721546,0.0,0.0
25,Device,Conv2D,inception_resnet_v2/conv_7b/Conv2D,4,1413.126,353.2815,1413.126,353.2815,0.00282034282898608,0.20340679290114067,0.0,0.0
26,Device,Conv2DBackpropFilter,gradient_tape/inception_resnet_v2/conv2d_75/Conv2D/Conv2DBackpropFilter,2,1402.886,701.443,1402.886,701.443,0.0027999056488840807,0.20620669855002474,0.0,0.0
27,Device,FusedBatchNormV3,inception_resnet_v2/batch_normalization_4/FusedBatchNormV3,4,1231.877,307.96925,1231.877,307.96925,0.0024586027453623277,0.20866530129538707,0.0,0.0
28,Device,Conv2D,inception_resnet_v2/conv2d_1/Conv2D,2,1203.205,601.6025,1203.205,601.6025,0.0024013786410767303,0.2110666799364638,0.0,0.0
29,Device,ReluGrad,gradient_tape/inception_resnet_v2/activation_4/ReluGrad,2,1163.268,581.634,1163.268,581.634,0.002321671642860565,0.21338835157932437,0.0,0.0
30,Device,Conv2D,inception_resnet_v2/conv2d_75/Conv2D,4,1157.125,289.28125,1157.125,289.28125,0.002309411330617735,0.2156977629099421,0.0,0.0
31,Device,FusedBatchNormV3,inception_resnet_v2/batch_normalization_1/FusedBatchNormV3,4,1138.693,284.67325,1138.693,284.67325,0.0022726244064341368,0.21797038731637625,0.0,0.0
32,Device,FusedBatchNormV3,inception_resnet_v2/batch_normalization/FusedBatchNormV3,4,1136.645,284.16125,1136.645,284.16125,0.002268536970413737,0.22023892428678998,0.0,0.0
33,Device,Relu,inception_resnet_v2/activation_2/Relu,2,1052.677,526.3385,1052.677,526.3385,0.0021009520935773448,0.22233987638036734,0.0,0.0
34,Device,Conv2DBackpropFilter,gradient_tape/inception_resnet_v2/conv2d/Conv2D/Conv2DBackpropFilter,2,1051.652,525.826,1051.652,525.826,0.002098906379748776,0.2244387827601161,0.0,0.0
35,Device,Conv2DBackpropInput,gradient_tape/inception_resnet_v2/conv_7b/Conv2D/Conv2DBackpropInput,2,1030.146,515.073,1030.146,515.073,0.002055984309897839,0.22649476707001395,0.0,0.0
36,Device,MaxPoolGrad,gradient_tape/inception_resnet_v2/max_pooling2d_1/MaxPool/MaxPoolGrad,2,914.436,457.218,914.436,457.218,0.0018250481663819893,0.22831981523639594,0.0,0.0
37,Device,FusedBatchNormGradV3,gradient_tape/inception_resnet_v2/batch_normalization_3/FusedBatchNormGradV3,2,890.884,445.442,890.884,445.442,0.0017780426521473915,0.23009785788854334,0.0,0.0
38,Device,ReluGrad,gradient_tape/inception_resnet_v2/activation/ReluGrad,2,851.972,425.986,851.972,425.986,0.0017003813677597952,0.23179823925630313,0.0,0.0
39,Device,Conv2DBackpropFilter,gradient_tape/inception_resnet_v2/conv_7b/Conv2D/Conv2DBackpropFilter,4,839.684,209.921,839.684,209.921,0.0016758567516373963,0.23347409600794053,0.0,0.0
40,Device,ReluGrad,gradient_tape/inception_resnet_v2/activation_1/ReluGrad,2,824.323,412.1615,824.323,412.1615,0.0016451989856660285,0.23511929499360656,0.0,0.0
41,Device,Conv2DBackpropFilter,gradient_tape/inception_resnet_v2/conv2d_3/Conv2D/Conv2DBackpropFilter,2,816.131,408.0655,816.131,408.0655,0.0016288492415844292,0.236748144235191,0.0,0.0
42,Device,Conv2DBackpropFilter,gradient_tape/inception_resnet_v2/block17_1_conv/Conv2D/Conv2DBackpropFilter,4,795.651,198.91275,795.651,198.91275,0.0015879748813804311,0.23833611911657143,0.0,0.0
43,Device,Conv2DBackpropFilter,gradient_tape/inception_resnet_v2/block17_13_conv/Conv2D/Conv2DBackpropFilter,4,794.627,198.65675,794.627,198.65675,0.0015859311633702312,0.23992205027994165,0.0,0.0
44,Device,Conv2DBackpropFilter,gradient_tape/inception_resnet_v2/block17_14_conv/Conv2D/Conv2DBackpropFilter,4,793.603,198.40075,793.603,198.40075,0.0015838874453600314,0.24150593772530168,0.0,0.0
45,Device,Conv2DBackpropFilter,gradient_tape/inception_resnet_v2/block17_9_conv/Conv2D/Conv2DBackpropFilter,4,793.603,198.40075,793.603,198.40075,0.0015838874453600314,0.24308982517066172,0.0,0.0
46,Device,Conv2DBackpropFilter,gradient_tape/inception_resnet_v2/block17_10_conv/Conv2D/Conv2DBackpropFilter,4,792.579,198.14475,792.579,198.14475,0.0015818437273498315,0.24467166889801154,0.0,0.0
47,Device,Conv2DBackpropFilter,gradient_tape/inception_resnet_v2/block17_11_conv/Conv2D/Conv2DBackpropFilter,4,792.579,198.14475,792.579,198.14475,0.0015818437273498315,0.24625351262536135,0.0,0.0
48,Device,Conv2DBackpropFilter,gradient_tape/inception_resnet_v2/block17_16_conv/Conv2D/Conv2DBackpropFilter,4,792.579,198.14475,792.579,198.14475,0.0015818437273498315,0.24783535635271117,0.0,0.0
49,Device,Conv2DBackpropFilter,gradient_tape/inception_resnet_v2/block17_17_conv/Conv2D/Conv2DBackpropFilter,4,792.579,198.14475,792.579,198.14475,0.0015818437273498315,0.249417200080061,0.0,0.0
50,Device,Conv2DBackpropFilter,gradient_tape/inception_resnet_v2/block17_6_conv/Conv2D/Conv2DBackpropFilter,4,792.579,198.14475,792.579,198.14475,0.0015818437273498315,0.25099904380741084,0.0,0.0
51,Device,Conv2DBackpropFilter,gradient_tape/inception_resnet_v2/block17_8_conv/Conv2D/Conv2DBackpropFilter,4,792.579,198.14475,792.579,198.14475,0.0015818437273498315,0.25258088753476066,0.0,0.0
52,Device,Conv2DBackpropFilter,gradient_tape/inception_resnet_v2/block17_12_conv/Conv2D/Conv2DBackpropFilter,4,791.555,197.88875,791.555,197.88875,0.0015798000093396316,0.25416068754410026,0.0,0.0
53,Device,Conv2DBackpropFilter,gradient_tape/inception_resnet_v2/block17_15_conv/Conv2D/Conv2DBackpropFilter,4,791.555,197.88875,791.555,197.88875,0.0015798000093396316,0.25574048755343987,0.0,0.0
54,Device,Conv2DBackpropFilter,gradient_tape/inception_resnet_v2/block17_19_conv/Conv2D/Conv2DBackpropFilter,4,791.555,197.88875,791.555,197.88875,0.0015798000093396316,0.25732028756277947,0.0,0.0
55,Device,Conv2DBackpropFilter,gradient_tape/inception_resnet_v2/block17_2_conv/Conv2D/Conv2DBackpropFilter,4,791.555,197.88875,791.555,197.88875,0.0015798000093396316,0.2589000875721191,0.0,0.0
56,Device,Conv2DBackpropFilter,gradient_tape/inception_resnet_v2/block17_4_conv/Conv2D/Conv2DBackpropFilter,4,791.555,197.88875,791.555,197.88875,0.0015798000093396316,0.2604798875814587,0.0,0.0
57,Device,Conv2DBackpropFilter,gradient_tape/inception_resnet_v2/block17_20_conv/Conv2D/Conv2DBackpropFilter,4,790.531,197.63275,790.531,197.63275,0.0015777562913294315,0.2620576438727881,0.0,0.0
58,Device,Conv2DBackpropFilter,gradient_tape/inception_resnet_v2/block17_3_conv/Conv2D/Conv2DBackpropFilter,4,790.531,197.63275,790.531,197.63275,0.0015777562913294315,0.2636354001641176,0.0,0.0
59,Device,Conv2DBackpropFilter,gradient_tape/inception_resnet_v2/block17_7_conv/Conv2D/Conv2DBackpropFilter,4,790.531,197.63275,790.531,197.63275,0.0015777562913294315,0.265213156455447,0.0,0.0
60,Device,Conv2DBackpropFilter,gradient_tape/inception_resnet_v2/block17_18_conv/Conv2D/Conv2DBackpropFilter,4,789.507,197.37675,789.507,197.37675,0.0015757125733192317,0.26678886902876625,0.0,0.0
61,Device,Conv2DBackpropFilter,gradient_tape/inception_resnet_v2/block17_5_conv/Conv2D/Conv2DBackpropFilter,4,789.507,197.37675,789.507,197.37675,0.0015757125733192317,0.2683645816020855,0.0,0.0
62,Device,Conv2DBackpropFilter,gradient_tape/inception_resnet_v2/conv2d_161/Conv2D/Conv2DBackpropFilter,2,736.259,368.1295,736.259,368.1295,0.001469439236788837,0.2698340208388743,0.0,0.0
63,Device,Conv2D,inception_resnet_v2/conv2d_161/Conv2D,2,734.211,367.1055,734.211,367.1055,0.0014653518007684372,0.27129937263964277,0.0,0.0
64,Device,Conv2DBackpropInput,gradient_tape/inception_resnet_v2/conv2d_73/Conv2D/Conv2DBackpropInput,2,733.187,366.5935,733.187,366.5935,0.0014633080827582373,0.272762680722401,0.0,0.0
65,Device,Relu,inception_resnet_v2/activation_4/Relu,2,727.043,363.5215,727.043,363.5215,0.0014510457746970378,0.274213726497098,0.0,0.0
66,Device,Conv2D,inception_resnet_v2/conv2d_73/Conv2D,2,723.971,361.9855,723.971,361.9855,0.0014449146206664382,0.27565864111776445,0.0,0.0
67,Device,Conv2DBackpropFilter,gradient_tape/inception_resnet_v2/conv2d_73/Conv2D/Conv2DBackpropFilter,2,713.731,356.8655,713.731,356.8655,0.001424477440564439,0.2770831185583289,0.0,0.0
68,Device,AddN,SGD/gradients/AddN_32,2,699.395,349.6975,699.395,349.6975,0.0013958653884216406,0.2784789839467505,0.0,0.0
69,Device,AddN,SGD/gradients/AddN_33,2,699.395,349.6975,699.395,349.6975,0.0013958653884216406,0.27987484933517215,0.0,0.0
70,Device,AddN,SGD/gradients/AddN_35,2,699.395,349.6975,699.395,349.6975,0.0013958653884216406,0.2812707147235938,0.0,0.0
71,Device,AddN,SGD/gradients/AddN_37,2,699.395,349.6975,699.395,349.6975,0.0013958653884216406,0.2826665801120154,0.0,0.0
72,Device,AddN,SGD/gradients/AddN_39,2,699.395,349.6975,699.395,349.6975,0.0013958653884216406,0.284062445500437,0.0,0.0
73,Device,AddN,SGD/gradients/AddN_41,2,699.395,349.6975,699.395,349.6975,0.0013958653884216406,0.28545831088885865,0.0,0.0
74,Device,AddN,SGD/gradients/AddN_34,2,699.394,349.697,699.394,349.697,0.0013958633926032713,0.2868541742814619,0.0,0.0
75,Device,AddN,SGD/gradients/AddN_38,2,698.372,349.186,698.372,349.186,0.0013938236662298098,0.28824799794769174,0.0,0.0
76,Device,AddN,SGD/gradients/AddN_40,2,698.371,349.1855,698.371,349.1855,0.0013938216704114405,0.2896418196181032,0.0,0.0
77,Device,AddN,SGD/gradients/AddN_36,2,687.107,343.5535,687.107,343.5535,0.0013713407722992417,0.2910131603904024,0.0,0.0
78,Device,Conv2DBackpropFilter,gradient_tape/inception_resnet_v2/conv2d_10/Conv2D/Conv2DBackpropFilter,2,686.082,343.041,686.082,343.041,0.0013692950584706725,0.2923824554488731,0.0,0.0
79,Device,FusedBatchNormGradV3,gradient_tape/inception_resnet_v2/batch_normalization_74/FusedBatchNormGradV3,2,681.986,340.993,681.986,340.993,0.0013611201864298728,0.29374357563530296,0.0,0.0
80,Device,FusedBatchNormGradV3,gradient_tape/inception_resnet_v2/batch_normalization_73/FusedBatchNormGradV3,2,678.915,339.4575,678.915,339.4575,0.0013549910282176425,0.2950985666635206,0.0,0.0
81,Device,Conv2DBackpropInput,gradient_tape/inception_resnet_v2/block17_12_conv/Conv2D/Conv2DBackpropInput,2,676.866,338.433,676.866,338.433,0.0013509015963788734,0.29644946825989943,0.0,0.0
82,Device,Conv2DBackpropInput,gradient_tape/inception_resnet_v2/block17_17_conv/Conv2D/Conv2DBackpropInput,2,676.866,338.433,676.866,338.433,0.0013509015963788734,0.2978003698562783,0.0,0.0
83,Device,Conv2DBackpropInput,gradient_tape/inception_resnet_v2/block17_20_conv/Conv2D/Conv2DBackpropInput,2,675.843,337.9215,675.843,337.9215,0.0013488598741870426,0.2991492297304653,0.0,0.0
84,Device,Conv2DBackpropInput,gradient_tape/inception_resnet_v2/block17_16_conv/Conv2D/Conv2DBackpropInput,2,675.842,337.921,675.842,337.921,0.0013488578783686735,0.300498087608834,0.0,0.0
85,Device,Conv2DBackpropInput,gradient_tape/inception_resnet_v2/block17_6_conv/Conv2D/Conv2DBackpropInput,2,674.819,337.4095,674.819,337.4095,0.0013468161561768428,0.30184490376501083,0.0,0.0
86,Device,Conv2DBackpropInput,gradient_tape/inception_resnet_v2/block17_19_conv/Conv2D/Conv2DBackpropInput,2,674.818,337.409,674.818,337.409,0.0013468141603584735,0.3031917179253693,0.0,0.0
87,Device,Conv2DBackpropInput,gradient_tape/inception_resnet_v2/block17_18_conv/Conv2D/Conv2DBackpropInput,2,673.795,336.8975,673.795,336.8975,0.0013447724381666429,0.30453649036353597,0.0,0.0
88,Device,Conv2DBackpropInput,gradient_tape/inception_resnet_v2/block17_13_conv/Conv2D/Conv2DBackpropInput,2,673.794,336.897,673.794,336.897,0.0013447704423482736,0.30588126080588424,0.0,0.0
89,Device,Conv2DBackpropInput,gradient_tape/inception_resnet_v2/block17_14_conv/Conv2D/Conv2DBackpropInput,2,673.794,336.897,673.794,336.897,0.0013447704423482736,0.3072260312482325,0.0,0.0
90,Device,Conv2DBackpropInput,gradient_tape/inception_resnet_v2/block17_15_conv/Conv2D/Conv2DBackpropInput,2,673.794,336.897,673.794,336.897,0.0013447704423482736,0.30857080169058076,0.0,0.0
91,Device,Conv2DBackpropInput,gradient_tape/inception_resnet_v2/block17_10_conv/Conv2D/Conv2DBackpropInput,2,672.771,336.3855,672.771,336.3855,0.001342728720156443,0.3099135304107372,0.0,0.0
92,Device,Conv2DBackpropInput,gradient_tape/inception_resnet_v2/block17_11_conv/Conv2D/Conv2DBackpropInput,2,672.771,336.3855,672.771,336.3855,0.001342728720156443,0.31125625913089366,0.0,0.0
93,Device,Conv2DBackpropInput,gradient_tape/inception_resnet_v2/block17_4_conv/Conv2D/Conv2DBackpropInput,2,672.771,336.3855,672.771,336.3855,0.001342728720156443,0.3125989878510501,0.0,0.0
94,Device,Conv2DBackpropInput,gradient_tape/inception_resnet_v2/block17_9_conv/Conv2D/Conv2DBackpropInput,2,672.771,336.3855,672.771,336.3855,0.001342728720156443,0.31394171657120656,0.0,0.0
95,Device,Conv2DBackpropInput,gradient_tape/inception_resnet_v2/block17_1_conv/Conv2D/Conv2DBackpropInput,2,672.77,336.385,672.77,336.385,0.0013427267243380737,0.3152844432955446,0.0,0.0
96,Device,Conv2DBackpropInput,gradient_tape/inception_resnet_v2/block17_3_conv/Conv2D/Conv2DBackpropInput,2,672.77,336.385,672.77,336.385,0.0013427267243380737,0.31662717001988266,0.0,0.0
97,Device,Conv2DBackpropInput,gradient_tape/inception_resnet_v2/block17_5_conv/Conv2D/Conv2DBackpropInput,2,672.77,336.385,672.77,336.385,0.0013427267243380737,0.3179698967442207,0.0,0.0
98,Device,Conv2DBackpropInput,gradient_tape/inception_resnet_v2/block17_8_conv/Conv2D/Conv2DBackpropInput,2,671.747,335.8735,671.747,335.8735,0.0013406850021462431,0.31931058174636695,0.0,0.0
99,Device,Conv2DBackpropInput,gradient_tape/inception_resnet_v2/block17_2_conv/Conv2D/Conv2DBackpropInput,2,670.723,335.3615,670.723,335.3615,0.0013386412841360433,0.320649223030503,0.0,0.0
100,Device,Conv2DBackpropInput,gradient_tape/inception_resnet_v2/block17_7_conv/Conv2D/Conv2DBackpropInput,2,670.722,335.361,670.722,335.361,0.001338639288317674,0.32198786231882065,0.0,0.0
101,Device,MaxPool,inception_resnet_v2/max_pooling2d/MaxPool,2,669.698,334.849,669.698,334.849,0.001336595570307474,0.3233244578891281,0.0,0.0
102,Device,Conv2D,inception_resnet_v2/block17_9_conv/Conv2D,2,656.387,328.1935,656.387,328.1935,0.0013100292319932446,0.32463448712112136,0.0,0.0
103,Device,Conv2D,inception_resnet_v2/block17_12_conv/Conv2D,2,654.339,327.1695,654.339,327.1695,0.001305941795972845,0.3259404289170942,0.0,0.0
104,Device,Conv2D,inception_resnet_v2/block17_3_conv/Conv2D,2,653.315,326.6575,653.315,326.6575,0.0013038980779626452,0.32724432699505684,0.0,0.0
105,Device,Conv2D,inception_resnet_v2/block17_6_conv/Conv2D,2,653.315,326.6575,653.315,326.6575,0.0013038980779626452,0.3285482250730195,0.0,0.0
106,Device,Conv2D,inception_resnet_v2/block17_15_conv/Conv2D,2,652.291,326.1455,652.291,326.1455,0.001301854359952445,0.32985007943297195,0.0,0.0
107,Device,Conv2D,inception_resnet_v2/block17_16_conv/Conv2D,2,652.291,326.1455,652.291,326.1455,0.001301854359952445,0.3311519337929244,0.0,0.0
108,Device,Conv2D,inception_resnet_v2/block17_20_conv/Conv2D,2,652.291,326.1455,652.291,326.1455,0.001301854359952445,0.33245378815287685,0.0,0.0
109,Device,Conv2D,inception_resnet_v2/block17_2_conv/Conv2D,2,652.291,326.1455,652.291,326.1455,0.001301854359952445,0.3337556425128293,0.0,0.0
110,Device,Conv2D,inception_resnet_v2/block17_4_conv/Conv2D,2,652.291,326.1455,652.291,326.1455,0.001301854359952445,0.33505749687278175,0.0,0.0
111,Device,Conv2D,inception_resnet_v2/block17_7_conv/Conv2D,2,652.291,326.1455,652.291,326.1455,0.001301854359952445,0.3363593512327342,0.0,0.0
112,Device,Conv2D,inception_resnet_v2/block17_11_conv/Conv2D,2,651.267,325.6335,651.267,325.6335,0.0012998106419422452,0.33765916187467643,0.0,0.0
113,Device,Conv2D,inception_resnet_v2/block17_17_conv/Conv2D,2,651.267,325.6335,651.267,325.6335,0.0012998106419422452,0.33895897251661866,0.0,0.0
114,Device,Conv2D,inception_resnet_v2/block17_8_conv/Conv2D,2,651.267,325.6335,651.267,325.6335,0.0012998106419422452,0.3402587831585609,0.0,0.0
115,Device,Conv2D,inception_resnet_v2/block17_14_conv/Conv2D,2,651.266,325.633,651.266,325.633,0.0012998086461238757,0.3415585918046848,0.0,0.0
116,Device,Conv2D,inception_resnet_v2/block17_18_conv/Conv2D,2,651.266,325.633,651.266,325.633,0.0012998086461238757,0.3428584004508087,0.0,0.0
117,Device,Conv2D,inception_resnet_v2/block17_1_conv/Conv2D,2,651.266,325.633,651.266,325.633,0.0012998086461238757,0.34415820909693257,0.0,0.0
118,Device,Conv2D,inception_resnet_v2/block17_19_conv/Conv2D,2,650.243,325.1215,650.243,325.1215,0.0012977669239320453,0.3454559760208646,0.0,0.0
119,Device,Conv2D,inception_resnet_v2/block17_5_conv/Conv2D,2,650.243,325.1215,650.243,325.1215,0.0012977669239320453,0.3467537429447966,0.0,0.0
120,Device,Conv2D,inception_resnet_v2/block17_13_conv/Conv2D,2,649.219,324.6095,649.219,324.6095,0.0012957232059218455,0.34804946615071847,0.0,0.0
121,Device,Conv2D,inception_resnet_v2/block17_10_conv/Conv2D,2,649.218,324.609,649.218,324.609,0.001295721210103476,0.34934518736082193,0.0,0.0
122,Device,Conv2DBackpropInput,gradient_tape/inception_resnet_v2/conv2d_161/Conv2D/Conv2DBackpropInput,2,644.098,322.049,644.098,322.049,0.0012855026200524764,0.35063068998087443,0.0,0.0
123,Device,FusedBatchNormV3,inception_resnet_v2/batch_normalization_3/FusedBatchNormV3,4,620.546,155.1365,620.546,155.1365,0.0012384971058178788,0.3518691870866923,0.0,0.0
124,Device,Conv2DBackpropFilter,gradient_tape/inception_resnet_v2/block35_2_conv/Conv2D/Conv2DBackpropFilter,2,599.043,299.5215,599.043,299.5215,0.0011955810234220501,0.35306476811011434,0.0,0.0
125,Device,Conv2DBackpropFilter,gradient_tape/inception_resnet_v2/block35_8_conv/Conv2D/Conv2DBackpropFilter,2,595.97,297.985,595.97,297.985,0.0011894478735730812,0.3542542159836874,0.0,0.0
126,Device,Conv2DBackpropFilter,gradient_tape/inception_resnet_v2/block35_6_conv/Conv2D/Conv2DBackpropFilter,2,592.898,296.449,592.898,296.449,0.0011833167195424816,0.35543753270322986,0.0,0.0
127,Device,Conv2DBackpropFilter,gradient_tape/inception_resnet_v2/block35_5_conv/Conv2D/Conv2DBackpropFilter,2,590.851,295.4255,590.851,295.4255,0.001179231279340451,0.3566167639825703,0.0,0.0
128,Device,Conv2DBackpropFilter,gradient_tape/inception_resnet_v2/block35_9_conv/Conv2D/Conv2DBackpropFilter,2,590.85,295.425,590.85,295.425,0.0011792292835220816,0.3577959932660924,0.0,0.0
129,Device,Conv2DBackpropFilter,gradient_tape/inception_resnet_v2/block35_1_conv/Conv2D/Conv2DBackpropFilter,2,583.682,291.841,583.682,291.841,0.0011649232574506823,0.35896091652354306,0.0,0.0
130,Device,Conv2DBackpropFilter,gradient_tape/inception_resnet_v2/block35_4_conv/Conv2D/Conv2DBackpropFilter,2,583.682,291.841,583.682,291.841,0.0011649232574506823,0.3601258397809937,0.0,0.0
131,Device,Conv2DBackpropFilter,gradient_tape/inception_resnet_v2/block35_7_conv/Conv2D/Conv2DBackpropFilter,2,582.658,291.329,582.658,291.329,0.0011628795394404824,0.3612887193204342,0.0,0.0
132,Device,Conv2DBackpropFilter,gradient_tape/inception_resnet_v2/block35_3_conv/Conv2D/Conv2DBackpropFilter,2,581.635,290.8175,581.635,290.8175,0.0011608378172486518,0.36244955713768284,0.0,0.0
133,Device,Conv2DBackpropFilter,gradient_tape/inception_resnet_v2/block35_10_conv/Conv2D/Conv2DBackpropFilter,2,579.587,289.7935,579.587,289.7935,0.001156750381228252,0.3636063075189111,0.0,0.0
134,Device,AddN,SGD/gradients/AddN_31,2,563.202,281.601,563.202,281.601,0.0011240488972466844,0.3647303564161578,0.0,0.0
135,Device,AddN,SGD/gradients/AddN_10,2,556.034,278.017,556.034,278.017,0.001109742871175285,0.3658400992873331,0.0,0.0
136,Device,Conv2DBackpropFilter,gradient_tape/inception_resnet_v2/conv2d_158/Conv2D/Conv2DBackpropFilter,2,547.843,273.9215,547.843,273.9215,0.0010933951229120551,0.36693349441024514,0.0,0.0
137,Device,Relu,inception_resnet_v2/activation/Relu,2,545.794,272.897,545.794,272.897,0.0010893056910732859,0.36802280010131844,0.0,0.0
138,Device,Conv2DBackpropFilter,gradient_tape/inception_resnet_v2/conv2d_7/Conv2D/Conv2DBackpropFilter,4,543.746,135.9365,543.746,135.9365,0.0010852182550528861,0.3691080183563713,0.0,0.0
139,Device,Conv2DBackpropFilter,gradient_tape/inception_resnet_v2/conv2d_160/Conv2D/Conv2DBackpropFilter,2,540.674,270.337,540.674,270.337,0.0010790871010222865,0.3701871054573936,0.0,0.0
140,Device,Conv2DBackpropFilter,gradient_tape/inception_resnet_v2/conv2d_156/Conv2D/Conv2DBackpropFilter,2,538.626,269.313,538.626,269.313,0.0010749996650018868,0.3712621051223955,0.0,0.0
141,Device,Conv2DBackpropInput,gradient_tape/inception_resnet_v2/conv2d_157/Conv2D/Conv2DBackpropInput,2,538.626,269.313,538.626,269.313,0.0010749996650018868,0.3723371047873974,0.0,0.0
142,Device,Relu,inception_resnet_v2/activation_1/Relu,2,533.506,266.753,533.506,266.753,0.0010647810749508872,0.3734018858623483,0.0,0.0
143,Device,Conv2DBackpropInput,gradient_tape/inception_resnet_v2/conv2d_7/Conv2D/Conv2DBackpropInput,4,529.41,132.3525,529.41,132.3525,0.0010566062029100875,0.3744584920652584,0.0,0.0
144,Device,ReluGrad,gradient_tape/inception_resnet_v2/activation_3/ReluGrad,2,510.978,255.489,510.978,255.489,0.0010198192787264893,0.37547831134398485,0.0,0.0
145,Device,Conv2DBackpropInput,gradient_tape/inception_resnet_v2/conv2d_162/Conv2D/Conv2DBackpropInput,2,494.594,247.297,494.594,247.297,0.0009871197905632909,0.37646543113454817,0.0,0.0
146,Device,Conv2DBackpropFilter,gradient_tape/inception_resnet_v2/conv2d_9/Conv2D/Conv2DBackpropFilter,4,489.473,122.36825,489.473,122.36825,0.0009768992046939222,0.37744233033924207,0.0,0.0
147,Device,Conv2DBackpropFilter,gradient_tape/inception_resnet_v2/conv2d_108/Conv2D/Conv2DBackpropFilter,2,480.258,240.129,480.258,240.129,0.0009585077384204923,0.37840083807766256,0.0,0.0
148,Device,Conv2DBackpropFilter,gradient_tape/inception_resnet_v2/conv2d_128/Conv2D/Conv2DBackpropFilter,2,480.258,240.129,480.258,240.129,0.0009585077384204923,0.37935934581608305,0.0,0.0
149,Device,Conv2DBackpropFilter,gradient_tape/inception_resnet_v2/conv2d_96/Conv2D/Conv2DBackpropFilter,2,480.258,240.129,480.258,240.129,0.0009585077384204923,0.38031785355450354,0.0,0.0
150,Device,Conv2DBackpropFilter,gradient_tape/inception_resnet_v2/conv2d_116/Conv2D/Conv2DBackpropFilter,2,480.257,240.1285,480.257,240.1285,0.000958505742602123,0.3812763592971057,0.0,0.0
151,Device,Conv2DBackpropFilter,gradient_tape/inception_resnet_v2/conv2d_148/Conv2D/Conv2DBackpropFilter,2,479.234,239.617,479.234,239.617,0.0009564640204102923,0.38223282331751596,0.0,0.0
152,Device,Conv2DBackpropFilter,gradient_tape/inception_resnet_v2/conv2d_92/Conv2D/Conv2DBackpropFilter,2,479.234,239.617,479.234,239.617,0.0009564640204102923,0.38318928733792623,0.0,0.0
153,Device,Conv2DBackpropFilter,gradient_tape/inception_resnet_v2/conv2d_112/Conv2D/Conv2DBackpropFilter,2,479.233,239.6165,479.233,239.6165,0.0009564620245919232,0.38414574936251816,0.0,0.0
154,Device,Conv2DBackpropFilter,gradient_tape/inception_resnet_v2/conv2d_100/Conv2D/Conv2DBackpropFilter,2,478.21,239.105,478.21,239.105,0.0009544203024000925,0.3851001696649183,0.0,0.0
155,Device,Conv2DBackpropFilter,gradient_tape/inception_resnet_v2/conv2d_132/Conv2D/Conv2DBackpropFilter,2,478.21,239.105,478.21,239.105,0.0009544203024000925,0.3860545899673184,0.0,0.0
156,Device,Conv2DBackpropFilter,gradient_tape/inception_resnet_v2/conv2d_136/Conv2D/Conv2DBackpropFilter,2,478.21,239.105,478.21,239.105,0.0009544203024000925,0.3870090102697185,0.0,0.0
157,Device,Conv2DBackpropFilter,gradient_tape/inception_resnet_v2/conv2d_140/Conv2D/Conv2DBackpropFilter,2,478.21,239.105,478.21,239.105,0.0009544203024000925,0.38796343057211863,0.0,0.0
158,Device,Conv2DBackpropFilter,gradient_tape/inception_resnet_v2/conv2d_144/Conv2D/Conv2DBackpropFilter,2,478.21,239.105,478.21,239.105,0.0009544203024000925,0.38891785087451874,0.0,0.0
159,Device,Conv2DBackpropFilter,gradient_tape/inception_resnet_v2/conv2d_152/Conv2D/Conv2DBackpropFilter,2,478.21,239.105,478.21,239.105,0.0009544203024000925,0.38987227117691886,0.0,0.0
160,Device,Conv2DBackpropFilter,gradient_tape/inception_resnet_v2/conv2d_76/Conv2D/Conv2DBackpropFilter,2,478.21,239.105,478.21,239.105,0.0009544203024000925,0.390826691479319,0.0,0.0
161,Device,Conv2DBackpropFilter,gradient_tape/inception_resnet_v2/conv2d_84/Conv2D/Conv2DBackpropFilter,2,478.21,239.105,478.21,239.105,0.0009544203024000925,0.3917811117817191,0.0,0.0
162,Device,Conv2D,inception_resnet_v2/conv2d_160/Conv2D,2,478.21,239.105,478.21,239.105,0.0009544203024000925,0.3927355320841192,0.0,0.0
163,Device,Conv2DBackpropFilter,gradient_tape/inception_resnet_v2/conv2d_120/Conv2D/Conv2DBackpropFilter,2,477.186,238.593,477.186,238.593,0.0009523765843898926,0.3936879086685091,0.0,0.0
164,Device,Conv2DBackpropFilter,gradient_tape/inception_resnet_v2/conv2d_104/Conv2D/Conv2DBackpropFilter,2,477.185,238.5925,477.185,238.5925,0.0009523745885715233,0.3946402832570806,0.0,0.0
165,Device,Conv2DBackpropFilter,gradient_tape/inception_resnet_v2/conv2d_80/Conv2D/Conv2DBackpropFilter,2,477.185,238.5925,477.185,238.5925,0.0009523745885715233,0.3955926578456521,0.0,0.0
166,Device,Conv2DBackpropFilter,gradient_tape/inception_resnet_v2/conv2d_124/Conv2D/Conv2DBackpropFilter,2,476.162,238.081,476.162,238.081,0.0009503328663796927,0.3965429907120318,0.0,0.0
167,Device,Conv2D,inception_resnet_v2/conv2d_156/Conv2D,2,476.162,238.081,476.162,238.081,0.0009503328663796927,0.3974933235784115,0.0,0.0
168,Device,Conv2DBackpropFilter,gradient_tape/inception_resnet_v2/conv2d_88/Conv2D/Conv2DBackpropFilter,2,476.161,238.0805,476.161,238.0805,0.0009503308705613234,0.39844365444897284,0.0,0.0
169,Device,Conv2D,inception_resnet_v2/conv2d_158/Conv2D,2,475.138,237.569,475.138,237.569,0.0009482891483694927,0.3993919435973423,0.0,0.0
170,Device,Conv2D,inception_resnet_v2/conv2d_3/Conv2D,2,474.113,237.0565,474.113,237.0565,0.0009462434345409236,0.40033818703188323,0.0,0.0
171,Device,Conv2DBackpropFilter,gradient_tape/inception_resnet_v2/conv2d_117/Conv2D/Conv2DBackpropFilter,2,471.042,235.521,471.042,235.521,0.0009401142763286931,0.4012783013082119,0.0,0.0
172,Device,Conv2DBackpropFilter,gradient_tape/inception_resnet_v2/conv2d_137/Conv2D/Conv2DBackpropFilter,2,470.018,235.009,470.018,235.009,0.0009380705583184933,0.4022163718665304,0.0,0.0
173,Device,Conv2DBackpropFilter,gradient_tape/inception_resnet_v2/conv2d_121/Conv2D/Conv2DBackpropFilter,2,468.994,234.497,468.994,234.497,0.0009360268403082935,0.4031523987068387,0.0,0.0
174,Device,Conv2DBackpropFilter,gradient_tape/inception_resnet_v2/conv2d_93/Conv2D/Conv2DBackpropFilter,2,468.994,234.497,468.994,234.497,0.0009360268403082935,0.404088425547147,0.0,0.0
175,Device,Conv2DBackpropFilter,gradient_tape/inception_resnet_v2/conv2d_109/Conv2D/Conv2DBackpropFilter,2,467.97,233.985,467.97,233.985,0.0009339831222980936,0.4050224086694451,0.0,0.0
176,Device,Conv2DBackpropFilter,gradient_tape/inception_resnet_v2/conv2d_113/Conv2D/Conv2DBackpropFilter,2,467.97,233.985,467.97,233.985,0.0009339831222980936,0.4059563917917432,0.0,0.0
177,Device,Conv2DBackpropFilter,gradient_tape/inception_resnet_v2/conv2d_129/Conv2D/Conv2DBackpropFilter,2,467.97,233.985,467.97,233.985,0.0009339831222980936,0.4068903749140413,0.0,0.0
178,Device,Conv2DBackpropFilter,gradient_tape/inception_resnet_v2/conv2d_145/Conv2D/Conv2DBackpropFilter,2,467.97,233.985,467.97,233.985,0.0009339831222980936,0.4078243580363394,0.0,0.0
179,Device,Conv2DBackpropFilter,gradient_tape/inception_resnet_v2/conv2d_149/Conv2D/Conv2DBackpropFilter,2,467.97,233.985,467.97,233.985,0.0009339831222980936,0.40875834115863746,0.0,0.0
180,Device,Conv2DBackpropFilter,gradient_tape/inception_resnet_v2/conv2d_153/Conv2D/Conv2DBackpropFilter,2,467.97,233.985,467.97,233.985,0.0009339831222980936,0.40969232428093555,0.0,0.0
181,Device,Conv2DBackpropFilter,gradient_tape/inception_resnet_v2/conv2d_101/Conv2D/Conv2DBackpropFilter,2,466.946,233.473,466.946,233.473,0.0009319394042878936,0.4106242636852234,0.0,0.0
182,Device,Conv2DBackpropFilter,gradient_tape/inception_resnet_v2/conv2d_105/Conv2D/Conv2DBackpropFilter,2,466.946,233.473,466.946,233.473,0.0009319394042878936,0.4115562030895113,0.0,0.0
183,Device,Conv2DBackpropFilter,gradient_tape/inception_resnet_v2/conv2d_125/Conv2D/Conv2DBackpropFilter,2,466.946,233.473,466.946,233.473,0.0009319394042878936,0.41248814249379917,0.0,0.0
184,Device,Conv2DBackpropFilter,gradient_tape/inception_resnet_v2/conv2d_133/Conv2D/Conv2DBackpropFilter,2,466.946,233.473,466.946,233.473,0.0009319394042878936,0.41342008189808704,0.0,0.0
185,Device,Conv2DBackpropFilter,gradient_tape/inception_resnet_v2/conv2d_77/Conv2D/Conv2DBackpropFilter,2,466.946,233.473,466.946,233.473,0.0009319394042878936,0.4143520213023749,0.0,0.0
186,Device,Conv2DBackpropFilter,gradient_tape/inception_resnet_v2/conv2d_81/Conv2D/Conv2DBackpropFilter,2,466.946,233.473,466.946,233.473,0.0009319394042878936,0.4152839607066628,0.0,0.0
187,Device,Conv2DBackpropFilter,gradient_tape/inception_resnet_v2/conv2d_85/Conv2D/Conv2DBackpropFilter,2,466.946,233.473,466.946,233.473,0.0009319394042878936,0.41621590011095067,0.0,0.0
188,Device,Conv2DBackpropFilter,gradient_tape/inception_resnet_v2/conv2d_89/Conv2D/Conv2DBackpropFilter,2,466.946,233.473,466.946,233.473,0.0009319394042878936,0.41714783951523854,0.0,0.0
189,Device,Conv2DBackpropFilter,gradient_tape/inception_resnet_v2/conv2d_141/Conv2D/Conv2DBackpropFilter,2,465.922,232.961,465.922,232.961,0.0009298956862776938,0.41807773520151625,0.0,0.0
190,Device,Conv2DBackpropFilter,gradient_tape/inception_resnet_v2/conv2d_97/Conv2D/Conv2DBackpropFilter,2,465.922,232.961,465.922,232.961,0.0009298956862776938,0.41900763088779397,0.0,0.0
191,Device,MaxPool,inception_resnet_v2/max_pooling2d_1/MaxPool,2,465.922,232.961,465.922,232.961,0.0009298956862776938,0.4199375265740717,0.0,0.0
192,Device,Conv2D,inception_resnet_v2/block8_2_conv/Conv2D,2,460.802,230.401,460.802,230.401,0.0009196770962266943,0.4208572036702984,0.0,0.0
193,Device,Conv2D,inception_resnet_v2/block8_1_conv/Conv2D,2,459.778,229.889,459.778,229.889,0.0009176333782164943,0.4217748370485149,0.0,0.0
194,Device,Conv2D,inception_resnet_v2/block8_5_conv/Conv2D,2,459.777,229.8885,459.777,229.8885,0.0009176313823981249,0.422692468430913,0.0,0.0
195,Device,Conv2D,inception_resnet_v2/block8_4_conv/Conv2D,2,458.754,229.377,458.754,229.377,0.0009155896602062944,0.4236080580911193,0.0,0.0
196,Device,Conv2D,inception_resnet_v2/block8_6_conv/Conv2D,2,458.754,229.377,458.754,229.377,0.0009155896602062944,0.42452364775132556,0.0,0.0
197,Device,Conv2D,inception_resnet_v2/block8_8_conv/Conv2D,2,458.754,229.377,458.754,229.377,0.0009155896602062944,0.42543923741153183,0.0,0.0
198,Device,Conv2D,inception_resnet_v2/block8_3_conv/Conv2D,2,457.73,228.865,457.73,228.865,0.0009135459421960946,0.42635278335372795,0.0,0.0
199,Device,Conv2D,inception_resnet_v2/block8_9_conv/Conv2D,2,457.73,228.865,457.73,228.865,0.0009135459421960946,0.42726632929592406,0.0,0.0
200,Device,Conv2D,inception_resnet_v2/block8_10_conv/Conv2D,2,457.729,228.8645,457.729,228.8645,0.0009135439463777252,0.4281798732423018,0.0,0.0
201,Device,Conv2D,inception_resnet_v2/block8_7_conv/Conv2D,2,456.706,228.353,456.706,228.353,0.0009115022241858947,0.4290913754664877,0.0,0.0
202,Device,Conv2D,inception_resnet_v2/block35_8_conv/Conv2D,2,454.658,227.329,454.658,227.329,0.0009074147881654948,0.42999879025465315,0.0,0.0
203,Device,Conv2DBackpropInput,gradient_tape/inception_resnet_v2/block8_5_conv/Conv2D/Conv2DBackpropInput,4,451.586,112.8965,451.586,112.8965,0.0009012836341348951,0.43090007388878804,0.0,0.0
204,Device,Conv2DBackpropInput,gradient_tape/inception_resnet_v2/conv2d_160/Conv2D/Conv2DBackpropInput,2,451.586,225.793,451.586,225.793,0.0009012836341348951,0.4318013575229229,0.0,0.0
205,Device,Conv2D,inception_resnet_v2/conv2d_7/Conv2D,4,451.586,112.8965,451.586,112.8965,0.0009012836341348951,0.4327026411570578,0.0,0.0
206,Device,Conv2DBackpropInput,gradient_tape/inception_resnet_v2/conv2d_156/Conv2D/Conv2DBackpropInput,2,451.585,225.7925,451.585,225.7925,0.0009012816383165257,0.43360392279537435,0.0,0.0
207,Device,Conv2DBackpropInput,gradient_tape/inception_resnet_v2/block8_8_conv/Conv2D/Conv2DBackpropInput,4,450.562,112.6405,450.562,112.6405,0.0008992399161246952,0.434503162711499,0.0,0.0
208,Device,Conv2DBackpropInput,gradient_tape/inception_resnet_v2/conv2d_158/Conv2D/Conv2DBackpropInput,2,450.562,225.281,450.562,225.281,0.0008992399161246952,0.4354024026276237,0.0,0.0
209,Device,Conv2D,inception_resnet_v2/block35_10_conv/Conv2D,2,450.562,225.281,450.562,225.281,0.0008992399161246952,0.43630164254374837,0.0,0.0
210,Device,Conv2D,inception_resnet_v2/block35_6_conv/Conv2D,2,450.562,225.281,450.562,225.281,0.0008992399161246952,0.43720088245987304,0.0,0.0
211,Device,AddN,SGD/gradients/AddN_12,2,449.538,224.769,449.538,224.769,0.0008971961981144954,0.43809807865798756,0.0,0.0
212,Device,AddN,SGD/gradients/AddN_15,2,449.538,224.769,449.538,224.769,0.0008971961981144954,0.43899527485610207,0.0,0.0
213,Device,ReluGrad,gradient_tape/inception_resnet_v2/block35_8_ac/ReluGrad,2,449.538,224.769,449.538,224.769,0.0008971961981144954,0.4398924710542166,0.0,0.0
214,Device,Conv2DBackpropInput,gradient_tape/inception_resnet_v2/block8_1_conv/Conv2D/Conv2DBackpropInput,4,449.538,112.3845,449.538,112.3845,0.0008971961981144954,0.4407896672523311,0.0,0.0
215,Device,Conv2DBackpropInput,gradient_tape/inception_resnet_v2/block8_4_conv/Conv2D/Conv2DBackpropInput,4,449.538,112.3845,449.538,112.3845,0.0008971961981144954,0.4416868634504456,0.0,0.0
216,Device,Conv2DBackpropInput,gradient_tape/inception_resnet_v2/block8_9_conv/Conv2D/Conv2DBackpropInput,4,449.538,112.3845,449.538,112.3845,0.0008971961981144954,0.4425840596485601,0.0,0.0
217,Device,AddN,SGD/gradients/AddN_27,2,449.537,224.7685,449.537,224.7685,0.000897194202296126,0.44348125385085624,0.0,0.0
218,Device,AddN,SGD/gradients/AddN_11,2,448.514,224.257,448.514,224.257,0.0008951524801042954,0.44437640633096054,0.0,0.0
219,Device,AddN,SGD/gradients/AddN_17,2,448.514,224.257,448.514,224.257,0.0008951524801042954,0.44527155881106484,0.0,0.0
220,Device,AddN,SGD/gradients/AddN_18,2,448.514,224.257,448.514,224.257,0.0008951524801042954,0.44616671129116914,0.0,0.0
221,Device,AddN,SGD/gradients/AddN_22,2,448.514,224.257,448.514,224.257,0.0008951524801042954,0.44706186377127344,0.0,0.0
222,Device,AddN,SGD/gradients/AddN_29,2,448.514,224.257,448.514,224.257,0.0008951524801042954,0.44795701625137774,0.0,0.0
223,Device,AddN,SGD/gradients/AddN_30,2,448.514,224.257,448.514,224.257,0.0008951524801042954,0.44885216873148204,0.0,0.0
224,Device,Conv2DBackpropInput,gradient_tape/inception_resnet_v2/block8_10_conv/Conv2D/Conv2DBackpropInput,4,448.514,112.1285,448.514,112.1285,0.0008951524801042954,0.44974732121158634,0.0,0.0
225,Device,Conv2DBackpropInput,gradient_tape/inception_resnet_v2/block8_7_conv/Conv2D/Conv2DBackpropInput,4,448.514,112.1285,448.514,112.1285,0.0008951524801042954,0.45064247369169064,0.0,0.0
226,Device,Conv2D,inception_resnet_v2/block35_5_conv/Conv2D,2,448.514,224.257,448.514,224.257,0.0008951524801042954,0.45153762617179494,0.0,0.0
227,Device,AddN,SGD/gradients/AddN_20,2,448.513,224.2565,448.513,224.2565,0.000895150484285926,0.45243277665608084,0.0,0.0
228,Device,AddN,SGD/gradients/AddN_13,2,447.49,223.745,447.49,223.745,0.0008931087620940955,0.4533258854181749,0.0,0.0
229,Device,AddN,SGD/gradients/AddN_14,2,447.49,223.745,447.49,223.745,0.0008931087620940955,0.454218994180269,0.0,0.0
230,Device,AddN,SGD/gradients/AddN_16,2,447.49,223.745,447.49,223.745,0.0008931087620940955,0.4551121029423631,0.0,0.0
231,Device,AddN,SGD/gradients/AddN_19,2,447.49,223.745,447.49,223.745,0.0008931087620940955,0.4560052117044572,0.0,0.0
232,Device,AddN,SGD/gradients/AddN_24,2,447.49,223.745,447.49,223.745,0.0008931087620940955,0.45689832046655127,0.0,0.0
233,Device,AddN,SGD/gradients/AddN_26,2,447.49,223.745,447.49,223.745,0.0008931087620940955,0.45779142922864535,0.0,0.0
234,Device,AddN,SGD/gradients/AddN_28,2,447.49,223.745,447.49,223.745,0.0008931087620940955,0.45868453799073944,0.0,0.0
235,Device,Conv2DBackpropInput,gradient_tape/inception_resnet_v2/block8_3_conv/Conv2D/Conv2DBackpropInput,4,447.49,111.8725,447.49,111.8725,0.0008931087620940955,0.4595776467528335,0.0,0.0
236,Device,Conv2D,inception_resnet_v2/block35_7_conv/Conv2D,2,447.49,223.745,447.49,223.745,0.0008931087620940955,0.4604707555149276,0.0,0.0
237,Device,AddN,SGD/gradients/AddN_21,2,447.489,223.7445,447.489,223.7445,0.0008931067662757261,0.46136386228120335,0.0,0.0
238,Device,AddN,SGD/gradients/AddN_23,2,447.489,223.7445,447.489,223.7445,0.0008931067662757261,0.4622569690474791,0.0,0.0
239,Device,Conv2D,inception_resnet_v2/block35_4_conv/Conv2D,2,447.489,223.7445,447.489,223.7445,0.0008931067662757261,0.46315007581375484,0.0,0.0
240,Device,AddN,SGD/gradients/AddN_25,2,446.466,223.233,446.466,223.233,0.0008910650440838956,0.4640411408578387,0.0,0.0
241,Device,Conv2DBackpropInput,gradient_tape/inception_resnet_v2/block8_2_conv/Conv2D/Conv2DBackpropInput,4,446.466,111.6165,446.466,111.6165,0.0008910650440838956,0.4649322059019226,0.0,0.0
242,Device,Conv2D,inception_resnet_v2/block35_2_conv/Conv2D,2,446.466,223.233,446.466,223.233,0.0008910650440838956,0.46582327094600645,0.0,0.0
243,Device,Conv2D,inception_resnet_v2/block35_9_conv/Conv2D,2,446.466,223.233,446.466,223.233,0.0008910650440838956,0.4667143359900903,0.0,0.0
244,Device,Conv2D,inception_resnet_v2/conv2d/Conv2D,2,446.466,223.233,446.466,223.233,0.0008910650440838956,0.4676054010341742,0.0,0.0
245,Device,ReluGrad,gradient_tape/inception_resnet_v2/block35_3_ac/ReluGrad,2,446.465,223.2325,446.465,223.2325,0.0008910630482655262,0.4684964640824397,0.0,0.0
246,Device,Conv2D,inception_resnet_v2/block35_1_conv/Conv2D,2,446.465,223.2325,446.465,223.2325,0.0008910630482655262,0.46938752713070525,0.0,0.0
247,Device,Conv2DBackpropInput,gradient_tape/inception_resnet_v2/block8_6_conv/Conv2D/Conv2DBackpropInput,4,445.442,111.3605,445.442,111.3605,0.0008890213260736958,0.47027654845677896,0.0,0.0
248,Device,ReluGrad,gradient_tape/inception_resnet_v2/block35_2_ac/ReluGrad,2,444.418,222.209,444.418,222.209,0.0008869776080634958,0.47116352606484246,0.0,0.0
249,Device,Conv2DBackpropInput,gradient_tape/inception_resnet_v2/conv2d_10/Conv2D/Conv2DBackpropInput,2,444.418,222.209,444.418,222.209,0.0008869776080634958,0.47205050367290596,0.0,0.0
250,Device,Conv2D,inception_resnet_v2/block35_3_conv/Conv2D,2,444.418,222.209,444.418,222.209,0.0008869776080634958,0.47293748128096946,0.0,0.0
251,Device,ReluGrad,gradient_tape/inception_resnet_v2/block35_7_ac/ReluGrad,2,443.394,221.697,443.394,221.697,0.0008849338900532959,0.47382241517102275,0.0,0.0
252,Device,ReluGrad,gradient_tape/inception_resnet_v2/block35_9_ac/ReluGrad,2,442.37,221.185,442.37,221.185,0.000882890172043096,0.4747053053430658,0.0,0.0
253,Device,Conv2D,inception_resnet_v2/conv2d_10/Conv2D,2,442.369,221.1845,442.369,221.1845,0.0008828881762247267,0.47558819351929055,0.0,0.0
254,Device,ReluGrad,gradient_tape/inception_resnet_v2/block35_6_ac/ReluGrad,2,441.346,220.673,441.346,220.673,0.0008808464540328961,0.47646903997332346,0.0,0.0
255,Device,ReluGrad,gradient_tape/inception_resnet_v2/block35_4_ac/ReluGrad,2,441.345,220.6725,441.345,220.6725,0.0008808444582145269,0.477349884431538,0.0,0.0
256,Device,ReluGrad,gradient_tape/inception_resnet_v2/block35_10_ac/ReluGrad,2,438.274,219.137,438.274,219.137,0.0008747153000022964,0.47822459973154025,0.0,0.0
257,Device,ReluGrad,gradient_tape/inception_resnet_v2/block35_1_ac/ReluGrad,2,438.273,219.1365,438.273,219.1365,0.0008747133041839271,0.4790993130357242,0.0,0.0
258,Device,ReluGrad,gradient_tape/inception_resnet_v2/block35_5_ac/ReluGrad,2,435.202,217.601,435.202,217.601,0.0008685841459716967,0.47996789718169586,0.0,0.0
259,Device,Conv2DBackpropFilter,gradient_tape/inception_resnet_v2/conv2d_131/Conv2D/Conv2DBackpropFilter,4,432.13,108.0325,432.13,108.0325,0.000862452991941097,0.48083035017363696,0.0,0.0
260,Device,Conv2DBackpropFilter,gradient_tape/inception_resnet_v2/conv2d_151/Conv2D/Conv2DBackpropFilter,4,431.106,107.7765,431.106,107.7765,0.0008604092739308971,0.48169075944756784,0.0,0.0
261,Device,Conv2DBackpropFilter,gradient_tape/inception_resnet_v2/conv2d_155/Conv2D/Conv2DBackpropFilter,4,431.106,107.7765,431.106,107.7765,0.0008604092739308971,0.4825511687214987,0.0,0.0
262,Device,AddV2,inception_resnet_v2/block35_4/add,2,431.106,215.553,431.106,215.553,0.0008604092739308971,0.4834115779954296,0.0,0.0
263,Device,Conv2DBackpropFilter,gradient_tape/inception_resnet_v2/conv2d_87/Conv2D/Conv2DBackpropFilter,4,430.082,107.5205,430.082,107.5205,0.0008583655559206972,0.4842699435513503,0.0,0.0
264,Device,Conv2DBackpropFilter,gradient_tape/inception_resnet_v2/conv2d_99/Conv2D/Conv2DBackpropFilter,4,430.082,107.5205,430.082,107.5205,0.0008583655559206972,0.48512830910727095,0.0,0.0
265,Device,Conv2DBackpropFilter,gradient_tape/inception_resnet_v2/conv2d_119/Conv2D/Conv2DBackpropFilter,4,429.058,107.2645,429.058,107.2645,0.0008563218379104972,0.48598463094518146,0.0,0.0
266,Device,Conv2DBackpropFilter,gradient_tape/inception_resnet_v2/conv2d_123/Conv2D/Conv2DBackpropFilter,4,429.058,107.2645,429.058,107.2645,0.0008563218379104972,0.486840952783092,0.0,0.0
267,Device,Conv2DBackpropFilter,gradient_tape/inception_resnet_v2/conv2d_79/Conv2D/Conv2DBackpropFilter,4,429.058,107.2645,429.058,107.2645,0.0008563218379104972,0.4876972746210025,0.0,0.0
268,Device,Conv2DBackpropFilter,gradient_tape/inception_resnet_v2/conv2d_127/Conv2D/Conv2DBackpropFilter,4,428.034,107.0085,428.034,107.0085,0.0008542781199002974,0.4885515527409028,0.0,0.0
269,Device,Conv2DBackpropFilter,gradient_tape/inception_resnet_v2/conv2d_135/Conv2D/Conv2DBackpropFilter,4,428.034,107.0085,428.034,107.0085,0.0008542781199002974,0.4894058308608031,0.0,0.0
270,Device,Conv2DBackpropFilter,gradient_tape/inception_resnet_v2/conv2d_147/Conv2D/Conv2DBackpropFilter,4,428.034,107.0085,428.034,107.0085,0.0008542781199002974,0.4902601089807034,0.0,0.0
271,Device,Conv2DBackpropInput,gradient_tape/inception_resnet_v2/conv2d_159/Conv2D/Conv2DBackpropInput,2,428.034,214.017,428.034,214.017,0.0008542781199002974,0.4911143871006037,0.0,0.0
272,Device,Conv2DBackpropFilter,gradient_tape/inception_resnet_v2/conv2d_83/Conv2D/Conv2DBackpropFilter,4,428.034,107.0085,428.034,107.0085,0.0008542781199002974,0.491968665220504,0.0,0.0
273,Device,Conv2DBackpropFilter,gradient_tape/inception_resnet_v2/conv2d_139/Conv2D/Conv2DBackpropFilter,4,427.01,106.7525,427.01,106.7525,0.0008522344018900975,0.49282089962239406,0.0,0.0
274,Device,Conv2DBackpropFilter,gradient_tape/inception_resnet_v2/conv2d_143/Conv2D/Conv2DBackpropFilter,4,427.01,106.7525,427.01,106.7525,0.0008522344018900975,0.49367313402428414,0.0,0.0
275,Device,AddV2,inception_resnet_v2/block35_8/add,2,427.01,213.505,427.01,213.505,0.0008522344018900975,0.4945253684261742,0.0,0.0
276,Device,Conv2DBackpropFilter,gradient_tape/inception_resnet_v2/conv2d_103/Conv2D/Conv2DBackpropFilter,4,425.986,106.4965,425.986,106.4965,0.0008501906838798976,0.4953755591100541,0.0,0.0
277,Device,Conv2DBackpropFilter,gradient_tape/inception_resnet_v2/conv2d_107/Conv2D/Conv2DBackpropFilter,4,425.986,106.4965,425.986,106.4965,0.0008501906838798976,0.49622574979393397,0.0,0.0
278,Device,AddV2,inception_resnet_v2/block35_5/add,2,425.986,212.993,425.986,212.993,0.0008501906838798976,0.49707594047781384,0.0,0.0
279,Device,AddV2,inception_resnet_v2/block35_6/add,2,425.986,212.993,425.986,212.993,0.0008501906838798976,0.4979261311616937,0.0,0.0
280,Device,AddV2,inception_resnet_v2/block35_9/add,2,425.986,212.993,425.986,212.993,0.0008501906838798976,0.4987763218455736,0.0,0.0
281,Device,AddN,SGD/gradients/AddN_42,2,424.962,212.481,424.962,212.481,0.0008481469658696976,0.4996244688114433,0.0,0.0
282,Device,Conv2DBackpropFilter,gradient_tape/inception_resnet_v2/conv2d_111/Conv2D/Conv2DBackpropFilter,4,424.962,106.2405,424.962,106.2405,0.0008481469658696976,0.500472615777313,0.0,0.0
283,Device,Conv2DBackpropFilter,gradient_tape/inception_resnet_v2/conv2d_115/Conv2D/Conv2DBackpropFilter,4,424.962,106.2405,424.962,106.2405,0.0008481469658696976,0.5013207627431826,0.0,0.0
284,Device,Conv2DBackpropFilter,gradient_tape/inception_resnet_v2/conv2d_91/Conv2D/Conv2DBackpropFilter,4,424.962,106.2405,424.962,106.2405,0.0008481469658696976,0.5021689097090523,0.0,0.0
285,Device,Conv2DBackpropFilter,gradient_tape/inception_resnet_v2/conv2d_95/Conv2D/Conv2DBackpropFilter,4,424.962,106.2405,424.962,106.2405,0.0008481469658696976,0.5030170566749219,0.0,0.0
286,Device,AddV2,inception_resnet_v2/block35_7/add,2,424.962,212.481,424.962,212.481,0.0008481469658696976,0.5038652036407916,0.0,0.0
287,Device,AddV2,inception_resnet_v2/block35_1/add,2,423.938,211.969,423.938,211.969,0.0008461032478594978,0.5047113068886511,0.0,0.0
288,Device,AddV2,inception_resnet_v2/block35_10/add,2,423.938,211.969,423.938,211.969,0.0008461032478594978,0.5055574101365106,0.0,0.0
289,Device,AddV2,inception_resnet_v2/block35_3/add,2,423.938,211.969,423.938,211.969,0.0008461032478594978,0.5064035133843701,0.0,0.0
290,Device,AddV2,inception_resnet_v2/block35_2/add,2,423.937,211.9685,423.937,211.9685,0.0008461012520411285,0.5072496146364112,0.0,0.0
291,Device,FusedBatchNormV3,inception_resnet_v2/batch_normalization_74/FusedBatchNormV3,4,422.914,105.7285,422.914,105.7285,0.0008440595298492979,0.5080936741662605,0.0,0.0
292,Device,FusedBatchNormV3,inception_resnet_v2/batch_normalization_73/FusedBatchNormV3,4,411.65,102.9125,411.65,102.9125,0.0008215786317370989,0.5089152527979977,0.0,0.0
293,Device,Conv2DBackpropFilter,gradient_tape/inception_resnet_v2/conv2d_33/Conv2D/Conv2DBackpropFilter,2,404.482,202.241,404.482,202.241,0.0008072726056656997,0.5097225254036634,0.0,0.0
294,Device,Conv2DBackpropFilter,gradient_tape/inception_resnet_v2/conv2d_13/Conv2D/Conv2DBackpropFilter,2,402.433,201.2165,402.433,201.2165,0.0008031831738269305,0.5105257085774902,0.0,0.0
295,Device,Conv2DBackpropFilter,gradient_tape/inception_resnet_v2/conv2d_45/Conv2D/Conv2DBackpropFilter,2,402.433,201.2165,402.433,201.2165,0.0008031831738269305,0.5113288917513171,0.0,0.0
296,Device,Conv2DBackpropFilter,gradient_tape/inception_resnet_v2/conv2d_19/Conv2D/Conv2DBackpropFilter,2,401.41,200.705,401.41,200.705,0.0008011414516351,0.5121300332029523,0.0,0.0
297,Device,Conv2DBackpropFilter,gradient_tape/inception_resnet_v2/conv2d_43/Conv2D/Conv2DBackpropFilter,2,401.41,200.705,401.41,200.705,0.0008011414516351,0.5129311746545874,0.0,0.0
298,Device,Conv2DBackpropFilter,gradient_tape/inception_resnet_v2/conv2d_30/Conv2D/Conv2DBackpropFilter,2,399.362,199.681,399.362,199.681,0.0007970540156147002,0.5137282286702021,0.0,0.0
299,Device,Conv2DBackpropFilter,gradient_tape/inception_resnet_v2/conv2d_42/Conv2D/Conv2DBackpropFilter,2,399.362,199.681,399.362,199.681,0.0007970540156147002,0.5145252826858168,0.0,0.0
300,Device,Conv2DBackpropFilter,gradient_tape/inception_resnet_v2/conv2d_54/Conv2D/Conv2DBackpropFilter,2,399.362,199.681,399.362,199.681,0.0007970540156147002,0.5153223367014315,0.0,0.0
301,Device,Conv2DBackpropFilter,gradient_tape/inception_resnet_v2/conv2d_69/Conv2D/Conv2DBackpropFilter,2,399.362,199.681,399.362,199.681,0.0007970540156147002,0.5161193907170462,0.0,0.0
302,Device,Conv2DBackpropFilter,gradient_tape/inception_resnet_v2/conv2d_25/Conv2D/Conv2DBackpropFilter,2,399.361,199.6805,399.361,199.6805,0.0007970520197963308,0.5169164427368425,0.0,0.0
303,Device,Conv2DBackpropFilter,gradient_tape/inception_resnet_v2/conv2d_55/Conv2D/Conv2DBackpropFilter,2,398.338,199.169,398.338,199.169,0.0007950102976045003,0.517711453034447,0.0,0.0
304,Device,Conv2DBackpropFilter,gradient_tape/inception_resnet_v2/conv2d_61/Conv2D/Conv2DBackpropFilter,2,398.338,199.169,398.338,199.169,0.0007950102976045003,0.5185064633320515,0.0,0.0
305,Device,Conv2DBackpropFilter,gradient_tape/inception_resnet_v2/conv2d_63/Conv2D/Conv2DBackpropFilter,2,398.338,199.169,398.338,199.169,0.0007950102976045003,0.5193014736296561,0.0,0.0
306,Device,Conv2DBackpropFilter,gradient_tape/inception_resnet_v2/conv2d_18/Conv2D/Conv2DBackpropFilter,2,398.337,199.1685,398.337,199.1685,0.0007950083017861309,0.5200964819314422,0.0,0.0
307,Device,Conv2DBackpropFilter,gradient_tape/inception_resnet_v2/conv2d_66/Conv2D/Conv2DBackpropFilter,2,398.337,199.1685,398.337,199.1685,0.0007950083017861309,0.5208914902332283,0.0,0.0
308,Device,Conv2DBackpropFilter,gradient_tape/inception_resnet_v2/conv2d_31/Conv2D/Conv2DBackpropFilter,2,397.313,198.6565,397.313,198.6565,0.000792964583775931,0.5216844548170043,0.0,0.0
309,Device,Conv2DBackpropFilter,gradient_tape/inception_resnet_v2/conv2d_15/Conv2D/Conv2DBackpropFilter,2,396.29,198.145,396.29,198.145,0.0007909228615841005,0.5224753776785884,0.0,0.0
310,Device,Conv2DBackpropFilter,gradient_tape/inception_resnet_v2/conv2d_36/Conv2D/Conv2DBackpropFilter,2,396.29,198.145,396.29,198.145,0.0007909228615841005,0.5232663005401725,0.0,0.0
311,Device,Conv2DBackpropFilter,gradient_tape/inception_resnet_v2/conv2d_67/Conv2D/Conv2DBackpropFilter,2,396.29,198.145,396.29,198.145,0.0007909228615841005,0.5240572234017566,0.0,0.0
312,Device,Conv2DBackpropFilter,gradient_tape/inception_resnet_v2/conv2d_48/Conv2D/Conv2DBackpropFilter,2,396.289,198.1445,396.289,198.1445,0.0007909208657657311,0.5248481442675224,0.0,0.0
313,Device,Conv2DBackpropFilter,gradient_tape/inception_resnet_v2/conv2d_51/Conv2D/Conv2DBackpropFilter,2,396.289,198.1445,396.289,198.1445,0.0007909208657657311,0.5256390651332881,0.0,0.0
314,Device,Conv2DBackpropFilter,gradient_tape/inception_resnet_v2/conv2d_57/Conv2D/Conv2DBackpropFilter,2,396.289,198.1445,396.289,198.1445,0.0007909208657657311,0.5264299859990538,0.0,0.0
315,Device,Conv2DBackpropFilter,gradient_tape/inception_resnet_v2/conv2d_49/Conv2D/Conv2DBackpropFilter,2,395.265,197.6325,395.265,197.6325,0.0007888771477555312,0.5272188631468093,0.0,0.0
316,Device,Conv2DBackpropFilter,gradient_tape/inception_resnet_v2/conv2d_37/Conv2D/Conv2DBackpropFilter,2,394.242,197.121,394.242,197.121,0.0007868354255637007,0.528005698572373,0.0,0.0
317,Device,Conv2DBackpropFilter,gradient_tape/inception_resnet_v2/conv2d_39/Conv2D/Conv2DBackpropFilter,2,393.218,196.609,393.218,196.609,0.0007847917075535008,0.5287904902799265,0.0,0.0
318,Device,Conv2DBackpropFilter,gradient_tape/inception_resnet_v2/conv2d_157/Conv2D/Conv2DBackpropFilter,4,393.217,98.30425,393.217,98.30425,0.0007847897117351314,0.5295752799916617,0.0,0.0
319,Device,Conv2DBackpropFilter,gradient_tape/inception_resnet_v2/conv2d_60/Conv2D/Conv2DBackpropFilter,2,393.217,196.6085,393.217,196.6085,0.0007847897117351314,0.5303600697033968,0.0,0.0
320,Device,Conv2DBackpropFilter,gradient_tape/inception_resnet_v2/conv2d_27/Conv2D/Conv2DBackpropFilter,2,392.194,196.097,392.194,196.097,0.0007827479895433009,0.53114281769294,0.0,0.0
321,Device,Conv2DBackpropFilter,gradient_tape/inception_resnet_v2/conv2d_24/Conv2D/Conv2DBackpropFilter,2,391.17,195.585,391.17,195.585,0.0007807042715331009,0.5319235219644731,0.0,0.0
322,Device,Conv2DBackpropFilter,gradient_tape/inception_resnet_v2/conv2d_12/Conv2D/Conv2DBackpropFilter,2,391.169,195.5845,391.169,195.5845,0.0007807022757147315,0.5327042242401878,0.0,0.0
323,Device,Conv2DBackpropFilter,gradient_tape/inception_resnet_v2/conv2d_21/Conv2D/Conv2DBackpropFilter,2,389.122,194.561,389.122,194.561,0.0007766168355127012,0.5334808410757005,0.0,0.0
324,Device,Conv2DBackpropInput,gradient_tape/inception_resnet_v2/conv2d_119/Conv2D/Conv2DBackpropInput,4,385.025,96.25625,385.025,96.25625,0.0007684399676535322,0.534249281043354,0.0,0.0
325,Device,Conv2DBackpropInput,gradient_tape/inception_resnet_v2/conv2d_123/Conv2D/Conv2DBackpropInput,4,384.001,96.00025,384.001,96.00025,0.0007663962496433323,0.5350156772929974,0.0,0.0
326,Device,Conv2DBackpropInput,gradient_tape/inception_resnet_v2/conv2d_131/Conv2D/Conv2DBackpropInput,4,384.001,96.00025,384.001,96.00025,0.0007663962496433323,0.5357820735426407,0.0,0.0
327,Device,Conv2DBackpropInput,gradient_tape/inception_resnet_v2/conv2d_147/Conv2D/Conv2DBackpropInput,4,382.977,95.74425,382.977,95.74425,0.0007643525316331323,0.5365464260742738,0.0,0.0
328,Device,Conv2DBackpropInput,gradient_tape/inception_resnet_v2/conv2d_95/Conv2D/Conv2DBackpropInput,4,382.977,95.74425,382.977,95.74425,0.0007643525316331323,0.5373107786059069,0.0,0.0
329,Device,Conv2DBackpropInput,gradient_tape/inception_resnet_v2/conv2d_103/Conv2D/Conv2DBackpropInput,4,381.953,95.48825,381.953,95.48825,0.0007623088136229324,0.5380730874195299,0.0,0.0
330,Device,Conv2DBackpropInput,gradient_tape/inception_resnet_v2/conv2d_127/Conv2D/Conv2DBackpropInput,4,381.953,95.48825,381.953,95.48825,0.0007623088136229324,0.5388353962331528,0.0,0.0
331,Device,Conv2DBackpropInput,gradient_tape/inception_resnet_v2/conv2d_143/Conv2D/Conv2DBackpropInput,4,381.953,95.48825,381.953,95.48825,0.0007623088136229324,0.5395977050467757,0.0,0.0
332,Device,Conv2DBackpropInput,gradient_tape/inception_resnet_v2/conv2d_151/Conv2D/Conv2DBackpropInput,4,381.953,95.48825,381.953,95.48825,0.0007623088136229324,0.5403600138603987,0.0,0.0
333,Device,Conv2DBackpropInput,gradient_tape/inception_resnet_v2/conv2d_83/Conv2D/Conv2DBackpropInput,4,381.953,95.48825,381.953,95.48825,0.0007623088136229324,0.5411223226740216,0.0,0.0
334,Device,Conv2DBackpropInput,gradient_tape/inception_resnet_v2/conv2d_139/Conv2D/Conv2DBackpropInput,4,380.929,95.23225,380.929,95.23225,0.0007602650956127326,0.5418825877696344,0.0,0.0
335,Device,Conv2DBackpropInput,gradient_tape/inception_resnet_v2/conv2d_155/Conv2D/Conv2DBackpropInput,4,380.929,95.23225,380.929,95.23225,0.0007602650956127326,0.5426428528652472,0.0,0.0
336,Device,Conv2DBackpropInput,gradient_tape/inception_resnet_v2/conv2d_79/Conv2D/Conv2DBackpropInput,4,380.929,95.23225,380.929,95.23225,0.0007602650956127326,0.5434031179608599,0.0,0.0
337,Device,Conv2DBackpropInput,gradient_tape/inception_resnet_v2/conv2d_87/Conv2D/Conv2DBackpropInput,4,380.929,95.23225,380.929,95.23225,0.0007602650956127326,0.5441633830564727,0.0,0.0
338,Device,Conv2DBackpropInput,gradient_tape/inception_resnet_v2/conv2d_99/Conv2D/Conv2DBackpropInput,4,380.929,95.23225,380.929,95.23225,0.0007602650956127326,0.5449236481520855,0.0,0.0
339,Device,Conv2DBackpropInput,gradient_tape/inception_resnet_v2/conv2d_115/Conv2D/Conv2DBackpropInput,4,379.905,94.97625,379.905,94.97625,0.0007582213776025326,0.545681869529688,0.0,0.0
340,Device,Conv2DBackpropInput,gradient_tape/inception_resnet_v2/conv2d_107/Conv2D/Conv2DBackpropInput,4,378.881,94.72025,378.881,94.72025,0.0007561776595923327,0.5464380471892804,0.0,0.0
341,Device,Conv2DBackpropInput,gradient_tape/inception_resnet_v2/conv2d_111/Conv2D/Conv2DBackpropInput,4,378.881,94.72025,378.881,94.72025,0.0007561776595923327,0.5471942248488727,0.0,0.0
342,Device,Conv2DBackpropInput,gradient_tape/inception_resnet_v2/conv2d_135/Conv2D/Conv2DBackpropInput,4,378.881,94.72025,378.881,94.72025,0.0007561776595923327,0.547950402508465,0.0,0.0
343,Device,Conv2DBackpropInput,gradient_tape/inception_resnet_v2/conv2d_91/Conv2D/Conv2DBackpropInput,4,378.881,94.72025,378.881,94.72025,0.0007561776595923327,0.5487065801680574,0.0,0.0
344,Device,Conv2D,inception_resnet_v2/conv2d_162/Conv2D,4,373.761,93.44025,373.761,93.44025,0.0007459590695413333,0.5494525392375987,0.0,0.0
345,Device,Conv2DBackpropInput,gradient_tape/inception_resnet_v2/conv2d_144/Conv2D/Conv2DBackpropInput,2,368.642,184.321,368.642,184.321,0.0007357424753087032,0.5501882817129075,0.0,0.0
346,Device,Conv2DBackpropInput,gradient_tape/inception_resnet_v2/conv2d_148/Conv2D/Conv2DBackpropInput,2,368.642,184.321,368.642,184.321,0.0007357424753087032,0.5509240241882162,0.0,0.0
347,Device,Conv2DBackpropInput,gradient_tape/inception_resnet_v2/conv2d_108/Conv2D/Conv2DBackpropInput,2,367.618,183.809,367.618,183.809,0.0007336987572985032,0.5516577229455146,0.0,0.0
348,Device,Conv2DBackpropInput,gradient_tape/inception_resnet_v2/conv2d_80/Conv2D/Conv2DBackpropInput,2,367.618,183.809,367.618,183.809,0.0007336987572985032,0.5523914217028131,0.0,0.0
349,Device,Conv2DBackpropInput,gradient_tape/inception_resnet_v2/conv2d_84/Conv2D/Conv2DBackpropInput,2,367.618,183.809,367.618,183.809,0.0007336987572985032,0.5531251204601115,0.0,0.0
350,Device,Conv2DBackpropInput,gradient_tape/inception_resnet_v2/conv2d_92/Conv2D/Conv2DBackpropInput,2,367.618,183.809,367.618,183.809,0.0007336987572985032,0.55385881921741,0.0,0.0
351,Device,Conv2DBackpropInput,gradient_tape/inception_resnet_v2/conv2d_112/Conv2D/Conv2DBackpropInput,2,366.594,183.297,366.594,183.297,0.0007316550392883033,0.5545904742566983,0.0,0.0
352,Device,Conv2DBackpropInput,gradient_tape/inception_resnet_v2/conv2d_128/Conv2D/Conv2DBackpropInput,2,366.594,183.297,366.594,183.297,0.0007316550392883033,0.5553221292959866,0.0,0.0
353,Device,Conv2DBackpropInput,gradient_tape/inception_resnet_v2/conv2d_136/Conv2D/Conv2DBackpropInput,2,366.594,183.297,366.594,183.297,0.0007316550392883033,0.5560537843352749,0.0,0.0
354,Device,Conv2DBackpropInput,gradient_tape/inception_resnet_v2/conv2d_88/Conv2D/Conv2DBackpropInput,2,366.594,183.297,366.594,183.297,0.0007316550392883033,0.5567854393745632,0.0,0.0
355,Device,Conv2DBackpropInput,gradient_tape/inception_resnet_v2/conv2d_96/Conv2D/Conv2DBackpropInput,2,366.594,183.297,366.594,183.297,0.0007316550392883033,0.5575170944138514,0.0,0.0
356,Device,Conv2DBackpropInput,gradient_tape/inception_resnet_v2/conv2d_140/Conv2D/Conv2DBackpropInput,2,365.57,182.785,365.57,182.785,0.0007296113212781034,0.5582467057351296,0.0,0.0
357,Device,Conv2DBackpropInput,gradient_tape/inception_resnet_v2/conv2d_152/Conv2D/Conv2DBackpropInput,2,365.57,182.785,365.57,182.785,0.0007296113212781034,0.5589763170564077,0.0,0.0
358,Device,Conv2DBackpropInput,gradient_tape/inception_resnet_v2/conv2d_104/Conv2D/Conv2DBackpropInput,2,364.546,182.273,364.546,182.273,0.0007275676032679034,0.5597038846596756,0.0,0.0
359,Device,Conv2DBackpropInput,gradient_tape/inception_resnet_v2/conv2d_116/Conv2D/Conv2DBackpropInput,2,364.546,182.273,364.546,182.273,0.0007275676032679034,0.5604314522629434,0.0,0.0
360,Device,Conv2DBackpropInput,gradient_tape/inception_resnet_v2/conv2d_132/Conv2D/Conv2DBackpropInput,2,364.546,182.273,364.546,182.273,0.0007275676032679034,0.5611590198662113,0.0,0.0
361,Device,Conv2DBackpropInput,gradient_tape/inception_resnet_v2/conv2d_120/Conv2D/Conv2DBackpropInput,2,364.545,182.2725,364.545,182.2725,0.0007275656074495343,0.5618865854736609,0.0,0.0
362,Device,Conv2DBackpropInput,gradient_tape/inception_resnet_v2/conv2d_76/Conv2D/Conv2DBackpropInput,2,363.522,181.761,363.522,181.761,0.0007255238852577036,0.5626121093589186,0.0,0.0
363,Device,Conv2DBackpropInput,gradient_tape/inception_resnet_v2/conv2d_100/Conv2D/Conv2DBackpropInput,2,363.521,181.7605,363.521,181.7605,0.0007255218894393343,0.5633376312483579,0.0,0.0
364,Device,Conv2DBackpropInput,gradient_tape/inception_resnet_v2/conv2d_124/Conv2D/Conv2DBackpropInput,2,362.498,181.249,362.498,181.249,0.0007234801672475037,0.5640611114156054,0.0,0.0
365,Device,ReluGrad,gradient_tape/inception_resnet_v2/activation_74/ReluGrad,2,360.45,180.225,360.45,180.225,0.0007193927312271038,0.5647805041468326,0.0,0.0
366,Device,ReluGrad,gradient_tape/inception_resnet_v2/activation_73/ReluGrad,2,357.377,178.6885,357.377,178.6885,0.0007132595813781349,0.5654937637282107,0.0,0.0
367,Device,ReluGrad,gradient_tape/inception_resnet_v2/block17_12_ac/ReluGrad,2,356.354,178.177,356.354,178.177,0.0007112178591863042,0.566204981587397,0.0,0.0
368,Device,ReluGrad,gradient_tape/inception_resnet_v2/block17_17_ac/ReluGrad,2,356.354,178.177,356.354,178.177,0.0007112178591863042,0.5669161994465832,0.0,0.0
369,Device,ReluGrad,gradient_tape/inception_resnet_v2/block17_8_ac/ReluGrad,2,356.354,178.177,356.354,178.177,0.0007112178591863042,0.5676274173057695,0.0,0.0
370,Device,ReluGrad,gradient_tape/inception_resnet_v2/block17_18_ac/ReluGrad,2,355.33,177.665,355.33,177.665,0.0007091741411761044,0.5683365914469456,0.0,0.0
371,Device,ReluGrad,gradient_tape/inception_resnet_v2/block17_2_ac/ReluGrad,2,355.33,177.665,355.33,177.665,0.0007091741411761044,0.5690457655881217,0.0,0.0
372,Device,ReluGrad,gradient_tape/inception_resnet_v2/block17_6_ac/ReluGrad,2,355.33,177.665,355.33,177.665,0.0007091741411761044,0.5697549397292978,0.0,0.0
373,Device,ReluGrad,gradient_tape/inception_resnet_v2/block17_14_ac/ReluGrad,2,354.306,177.153,354.306,177.153,0.0007071304231659045,0.5704620701524638,0.0,0.0
374,Device,ReluGrad,gradient_tape/inception_resnet_v2/block17_15_ac/ReluGrad,2,354.306,177.153,354.306,177.153,0.0007071304231659045,0.5711692005756297,0.0,0.0
375,Device,ReluGrad,gradient_tape/inception_resnet_v2/block17_20_ac/ReluGrad,2,354.306,177.153,354.306,177.153,0.0007071304231659045,0.5718763309987956,0.0,0.0
376,Device,ReluGrad,gradient_tape/inception_resnet_v2/block17_5_ac/ReluGrad,2,354.306,177.153,354.306,177.153,0.0007071304231659045,0.5725834614219616,0.0,0.0
377,Device,ReluGrad,gradient_tape/inception_resnet_v2/block17_9_ac/ReluGrad,2,354.306,177.153,354.306,177.153,0.0007071304231659045,0.5732905918451275,0.0,0.0
378,Device,ReluGrad,gradient_tape/inception_resnet_v2/block17_11_ac/ReluGrad,2,353.282,176.641,353.282,176.641,0.0007050867051557045,0.5739956785502832,0.0,0.0
379,Device,ReluGrad,gradient_tape/inception_resnet_v2/block17_1_ac/ReluGrad,2,353.282,176.641,353.282,176.641,0.0007050867051557045,0.5747007652554389,0.0,0.0
380,Device,ReluGrad,gradient_tape/inception_resnet_v2/block17_3_ac/ReluGrad,2,352.258,176.129,352.258,176.129,0.0007030429871455046,0.5754038082425844,0.0,0.0
381,Device,Conv2DBackpropInput,gradient_tape/inception_resnet_v2/block35_5_conv/Conv2D/Conv2DBackpropInput,2,352.257,176.1285,352.257,176.1285,0.0007030409913271353,0.5761068492339115,0.0,0.0
382,Device,ReluGrad,gradient_tape/inception_resnet_v2/block17_13_ac/ReluGrad,2,351.234,175.617,351.234,175.617,0.0007009992691353048,0.5768078485030468,0.0,0.0
383,Device,ReluGrad,gradient_tape/inception_resnet_v2/block17_4_ac/ReluGrad,2,351.234,175.617,351.234,175.617,0.0007009992691353048,0.577508847772182,0.0,0.0
384,Device,SoftmaxCrossEntropyWithLogits,categorical_crossentropy/softmax_cross_entropy_with_logits,2,351.232,175.616,351.232,175.616,0.0007009952774985662,0.5782098430496806,0.0,0.0
385,Device,ReluGrad,gradient_tape/inception_resnet_v2/block17_16_ac/ReluGrad,2,350.21,175.105,350.21,175.105,0.0006989555511251049,0.5789087986008057,0.0,0.0
386,Device,ReluGrad,gradient_tape/inception_resnet_v2/block17_19_ac/ReluGrad,2,350.21,175.105,350.21,175.105,0.0006989555511251049,0.5796077541519308,0.0,0.0
387,Device,ReluGrad,gradient_tape/inception_resnet_v2/block17_7_ac/ReluGrad,2,350.21,175.105,350.21,175.105,0.0006989555511251049,0.5803067097030559,0.0,0.0
388,Device,ReluGrad,gradient_tape/inception_resnet_v2/block17_10_ac/ReluGrad,2,349.186,174.593,349.186,174.593,0.0006969118331149049,0.5810036215361708,0.0,0.0
389,Device,Conv2DBackpropFilter,gradient_tape/inception_resnet_v2/conv2d_159/Conv2D/Conv2DBackpropFilter,2,348.161,174.0805,348.161,174.0805,0.0006948661192863357,0.5816984876554572,0.0,0.0
390,Device,Conv2D,inception_resnet_v2/conv2d_9/Conv2D,2,348.161,174.0805,348.161,174.0805,0.0006948661192863357,0.5823933537747435,0.0,0.0
391,Device,Conv2DBackpropInput,gradient_tape/inception_resnet_v2/block35_9_conv/Conv2D/Conv2DBackpropInput,2,347.137,173.5685,347.137,173.5685,0.0006928224012761359,0.5830861761760197,0.0,0.0
392,Device,Conv2DBackpropInput,gradient_tape/inception_resnet_v2/block35_7_conv/Conv2D/Conv2DBackpropInput,2,345.09,172.545,345.09,172.545,0.0006887369610741053,0.5837749131370937,0.0,0.0
393,Device,Conv2DBackpropFilter,gradient_tape/inception_resnet_v2/conv2d_5/Conv2D/Conv2DBackpropFilter,2,345.09,172.545,345.09,172.545,0.0006887369610741053,0.5844636500981678,0.0,0.0
394,Device,Conv2DBackpropInput,gradient_tape/inception_resnet_v2/block35_1_conv/Conv2D/Conv2DBackpropInput,2,344.065,172.0325,344.065,172.0325,0.0006866912472455361,0.5851503413454133,0.0,0.0
395,Device,Conv2DBackpropInput,gradient_tape/inception_resnet_v2/block35_4_conv/Conv2D/Conv2DBackpropInput,2,344.065,172.0325,344.065,172.0325,0.0006866912472455361,0.5858370325926588,0.0,0.0
396,Device,Conv2DBackpropInput,gradient_tape/inception_resnet_v2/block35_6_conv/Conv2D/Conv2DBackpropInput,2,344.064,172.032,344.064,172.032,0.0006866892514271668,0.586523721844086,0.0,0.0
397,Device,Conv2DBackpropInput,gradient_tape/inception_resnet_v2/block35_10_conv/Conv2D/Conv2DBackpropInput,2,343.042,171.521,343.042,171.521,0.0006846495250537055,0.5872083713691397,0.0,0.0
398,Device,Conv2DBackpropInput,gradient_tape/inception_resnet_v2/block35_2_conv/Conv2D/Conv2DBackpropInput,2,343.042,171.521,343.042,171.521,0.0006846495250537055,0.5878930208941935,0.0,0.0
399,Device,Conv2DBackpropInput,gradient_tape/inception_resnet_v2/block35_8_conv/Conv2D/Conv2DBackpropInput,2,342.017,171.0085,342.017,171.0085,0.0006826038112251364,0.5885756247054186,0.0,0.0
400,Device,Conv2D,inception_resnet_v2/conv2d_157/Conv2D,4,342.017,85.50425,342.017,85.50425,0.0006826038112251364,0.5892582285166437,0.0,0.0
401,Device,Conv2DBackpropInput,gradient_tape/inception_resnet_v2/block35_3_conv/Conv2D/Conv2DBackpropInput,2,340.993,170.4965,340.993,170.4965,0.0006805600932149364,0.5899387886098586,0.0,0.0
402,Device,AddV2,inception_resnet_v2/block17_12/add,2,340.993,170.4965,340.993,170.4965,0.0006805600932149364,0.5906193487030735,0.0,0.0
403,Device,AddV2,inception_resnet_v2/block17_1/add,2,339.97,169.985,339.97,169.985,0.0006785183710231059,0.5912978670740966,0.0,0.0
404,Device,AddV2,inception_resnet_v2/block17_17/add,2,339.969,169.9845,339.969,169.9845,0.0006785163752047365,0.5919763834493014,0.0,0.0
405,Device,AddV2,inception_resnet_v2/block17_8/add,2,339.969,169.9845,339.969,169.9845,0.0006785163752047365,0.5926548998245061,0.0,0.0
406,Device,AddV2,inception_resnet_v2/block17_13/add,2,338.946,169.473,338.946,169.473,0.000676474653012906,0.593331374477519,0.0,0.0
407,Device,AddV2,inception_resnet_v2/block17_14/add,2,338.946,169.473,338.946,169.473,0.000676474653012906,0.594007849130532,0.0,0.0
408,Device,AddV2,inception_resnet_v2/block17_18/add,2,338.946,169.473,338.946,169.473,0.000676474653012906,0.5946843237835449,0.0,0.0
409,Device,AddV2,inception_resnet_v2/block17_9/add,2,338.946,169.473,338.946,169.473,0.000676474653012906,0.5953607984365578,0.0,0.0
410,Device,AddV2,inception_resnet_v2/block17_10/add,2,338.945,169.4725,338.945,169.4725,0.0006764726571945366,0.5960372710937523,0.0,0.0
411,Device,AddV2,inception_resnet_v2/block17_16/add,2,338.945,169.4725,338.945,169.4725,0.0006764726571945366,0.5967137437509468,0.0,0.0
412,Device,AddV2,inception_resnet_v2/block17_19/add,2,338.945,169.4725,338.945,169.4725,0.0006764726571945366,0.5973902164081413,0.0,0.0
413,Device,AddV2,inception_resnet_v2/block17_2/add,2,338.945,169.4725,338.945,169.4725,0.0006764726571945366,0.5980666890653358,0.0,0.0
414,Device,AddV2,inception_resnet_v2/block17_6/add,2,338.945,169.4725,338.945,169.4725,0.0006764726571945366,0.5987431617225303,0.0,0.0
415,Device,AddV2,inception_resnet_v2/block17_5/add,2,337.922,168.961,337.922,168.961,0.0006744309350027061,0.599417592657533,0.0,0.0
416,Device,AddV2,inception_resnet_v2/block17_11/add,2,337.921,168.9605,337.921,168.9605,0.0006744289391843368,0.6000920215967174,0.0,0.0
417,Device,AddV2,inception_resnet_v2/block17_20/add,2,337.921,168.9605,337.921,168.9605,0.0006744289391843368,0.6007664505359017,0.0,0.0
418,Device,AddV2,inception_resnet_v2/block17_3/add,2,337.921,168.9605,337.921,168.9605,0.0006744289391843368,0.6014408794750861,0.0,0.0
419,Device,AddV2,inception_resnet_v2/block17_4/add,2,337.921,168.9605,337.921,168.9605,0.0006744289391843368,0.6021153084142704,0.0,0.0
420,Device,Conv2DBackpropFilter,gradient_tape/inception_resnet_v2/conv2d_162/Conv2D/Conv2DBackpropFilter,2,336.898,168.449,336.898,168.449,0.0006723872169925062,0.6027876956312629,0.0,0.0
421,Device,Conv2DBackpropFilter,gradient_tape/inception_resnet_v2/block8_2_conv/Conv2D/Conv2DBackpropFilter,4,336.897,84.22425,336.897,84.22425,0.0006723852211741368,0.6034600808524371,0.0,0.0
422,Device,AddV2,inception_resnet_v2/block17_15/add,2,336.897,168.4485,336.897,168.4485,0.0006723852211741368,0.6041324660736113,0.0,0.0
423,Device,AddV2,inception_resnet_v2/block17_7/add,2,336.897,168.4485,336.897,168.4485,0.0006723852211741368,0.6048048512947855,0.0,0.0
424,Device,Conv2DBackpropFilter,gradient_tape/inception_resnet_v2/block8_7_conv/Conv2D/Conv2DBackpropFilter,4,336.896,84.224,336.896,84.224,0.0006723832253557675,0.6054772345201412,0.0,0.0
425,Device,Conv2DBackpropFilter,gradient_tape/inception_resnet_v2/block8_1_conv/Conv2D/Conv2DBackpropFilter,4,335.874,83.9685,335.874,83.9685,0.0006703434989823063,0.6061475780191236,0.0,0.0
426,Device,Conv2DBackpropFilter,gradient_tape/inception_resnet_v2/block8_5_conv/Conv2D/Conv2DBackpropFilter,4,335.873,83.96825,335.873,83.96825,0.0006703415031639369,0.6068179195222875,0.0,0.0
427,Device,Conv2DBackpropFilter,gradient_tape/inception_resnet_v2/block8_8_conv/Conv2D/Conv2DBackpropFilter,4,334.849,83.71225,334.849,83.71225,0.000668297785153737,0.6074862173074412,0.0,0.0
428,Device,Conv2DBackpropFilter,gradient_tape/inception_resnet_v2/block8_10_conv/Conv2D/Conv2DBackpropFilter,4,333.826,83.4565,333.826,83.4565,0.0006662560629619065,0.6081524733704031,0.0,0.0
429,Device,Conv2DBackpropFilter,gradient_tape/inception_resnet_v2/block8_3_conv/Conv2D/Conv2DBackpropFilter,4,333.826,83.4565,333.826,83.4565,0.0006662560629619065,0.608818729433365,0.0,0.0
430,Device,Conv2DBackpropFilter,gradient_tape/inception_resnet_v2/block8_4_conv/Conv2D/Conv2DBackpropFilter,4,333.825,83.45625,333.825,83.45625,0.0006662540671435371,0.6094849835005085,0.0,0.0
431,Device,Conv2DBackpropFilter,gradient_tape/inception_resnet_v2/block8_6_conv/Conv2D/Conv2DBackpropFilter,4,332.802,83.2005,332.802,83.2005,0.0006642123449517066,0.6101491958454602,0.0,0.0
432,Device,Conv2DBackpropFilter,gradient_tape/inception_resnet_v2/block8_9_conv/Conv2D/Conv2DBackpropFilter,4,332.802,83.2005,332.802,83.2005,0.0006642123449517066,0.610813408190412,0.0,0.0
433,Device,Conv2DBackpropInput,gradient_tape/inception_resnet_v2/conv2d_3/Conv2D/Conv2DBackpropInput,2,330.753,165.3765,330.753,165.3765,0.0006601229131129374,0.6114735311035249,0.0,0.0
434,Device,MaxPoolGrad,gradient_tape/inception_resnet_v2/max_pooling2d_2/MaxPool/MaxPoolGrad,2,329.73,164.865,329.73,164.865,0.0006580811909211069,0.612131612294446,0.0,0.0
435,Device,Relu,inception_resnet_v2/activation_3/Relu,2,327.681,163.8405,327.681,163.8405,0.0006539917590823377,0.6127856040535283,0.0,0.0
436,Device,Conv2D,inception_resnet_v2/conv2d_159/Conv2D,4,326.658,81.6645,326.658,81.6645,0.0006519500368905072,0.6134375540904189,0.0,0.0
437,Device,ConcatV2,inception_resnet_v2/mixed_5b/concat,8,322.562,40.32025,322.562,40.32025,0.0006437751648497075,0.6140813292552686,0.0,0.0
438,Device,Conv2D,inception_resnet_v2/conv2d_81/Conv2D,2,319.489,159.7445,319.489,159.7445,0.0006376420150007385,0.6147189712702693,0.0,0.0
439,Device,Conv2DBackpropInput,gradient_tape/inception_resnet_v2/conv2d_113/Conv2D/Conv2DBackpropInput,2,317.441,158.7205,317.441,158.7205,0.0006335545789803386,0.6153525258492496,0.0,0.0
440,Device,Conv2DBackpropFilter,gradient_tape/inception_resnet_v2/conv2d_118/Conv2D/Conv2DBackpropFilter,2,317.441,158.7205,317.441,158.7205,0.0006335545789803386,0.6159860804282299,0.0,0.0
441,Device,Conv2DBackpropFilter,gradient_tape/inception_resnet_v2/conv2d_59/Conv2D/Conv2DBackpropFilter,2,317.441,158.7205,317.441,158.7205,0.0006335545789803386,0.6166196350072102,0.0,0.0
442,Device,Conv2DBackpropFilter,gradient_tape/inception_resnet_v2/conv2d_90/Conv2D/Conv2DBackpropFilter,2,317.441,158.7205,317.441,158.7205,0.0006335545789803386,0.6172531895861905,0.0,0.0
443,Device,Conv2DBackpropFilter,gradient_tape/inception_resnet_v2/conv2d_98/Conv2D/Conv2DBackpropFilter,2,317.441,158.7205,317.441,158.7205,0.0006335545789803386,0.6178867441651708,0.0,0.0
444,Device,Conv2D,inception_resnet_v2/conv2d_117/Conv2D,2,317.441,158.7205,317.441,158.7205,0.0006335545789803386,0.618520298744151,0.0,0.0
445,Device,Conv2D,inception_resnet_v2/conv2d_121/Conv2D,2,317.441,158.7205,317.441,158.7205,0.0006335545789803386,0.6191538533231313,0.0,0.0
446,Device,Conv2D,inception_resnet_v2/conv2d_137/Conv2D,2,317.441,158.7205,317.441,158.7205,0.0006335545789803386,0.6197874079021116,0.0,0.0
447,Device,Conv2D,inception_resnet_v2/conv2d_141/Conv2D,2,317.441,158.7205,317.441,158.7205,0.0006335545789803386,0.6204209624810919,0.0,0.0
448,Device,Conv2D,inception_resnet_v2/conv2d_149/Conv2D,2,317.441,158.7205,317.441,158.7205,0.0006335545789803386,0.6210545170600722,0.0,0.0
449,Device,Conv2DBackpropFilter,gradient_tape/inception_resnet_v2/conv2d_122/Conv2D/Conv2DBackpropFilter,2,316.418,158.209,316.418,158.209,0.0006315128567885082,0.6216860299168607,0.0,0.0
450,Device,Conv2DBackpropFilter,gradient_tape/inception_resnet_v2/conv2d_150/Conv2D/Conv2DBackpropFilter,2,316.418,158.209,316.418,158.209,0.0006315128567885082,0.6223175427736493,0.0,0.0
451,Device,Conv2DBackpropFilter,gradient_tape/inception_resnet_v2/conv2d_86/Conv2D/Conv2DBackpropFilter,2,316.418,158.209,316.418,158.209,0.0006315128567885082,0.6229490556304378,0.0,0.0
452,Device,Conv2DBackpropFilter,gradient_tape/inception_resnet_v2/conv2d_110/Conv2D/Conv2DBackpropFilter,2,316.417,158.2085,316.417,158.2085,0.0006315108609701388,0.6235805664914079,0.0,0.0
453,Device,Conv2DBackpropFilter,gradient_tape/inception_resnet_v2/conv2d_126/Conv2D/Conv2DBackpropFilter,2,316.417,158.2085,316.417,158.2085,0.0006315108609701388,0.624212077352378,0.0,0.0
454,Device,Conv2DBackpropFilter,gradient_tape/inception_resnet_v2/conv2d_130/Conv2D/Conv2DBackpropFilter,2,316.417,158.2085,316.417,158.2085,0.0006315108609701388,0.6248435882133482,0.0,0.0
455,Device,Conv2DBackpropFilter,gradient_tape/inception_resnet_v2/conv2d_134/Conv2D/Conv2DBackpropFilter,2,316.417,158.2085,316.417,158.2085,0.0006315108609701388,0.6254750990743183,0.0,0.0
456,Device,Conv2DBackpropFilter,gradient_tape/inception_resnet_v2/conv2d_138/Conv2D/Conv2DBackpropFilter,2,316.417,158.2085,316.417,158.2085,0.0006315108609701388,0.6261066099352884,0.0,0.0
457,Device,Conv2DBackpropFilter,gradient_tape/inception_resnet_v2/conv2d_82/Conv2D/Conv2DBackpropFilter,2,316.417,158.2085,316.417,158.2085,0.0006315108609701388,0.6267381207962586,0.0,0.0
458,Device,Conv2D,inception_resnet_v2/conv2d_105/Conv2D,2,316.417,158.2085,316.417,158.2085,0.0006315108609701388,0.6273696316572287,0.0,0.0
459,Device,Conv2D,inception_resnet_v2/conv2d_125/Conv2D,2,316.417,158.2085,316.417,158.2085,0.0006315108609701388,0.6280011425181988,0.0,0.0
460,Device,Conv2D,inception_resnet_v2/conv2d_89/Conv2D,2,316.417,158.2085,316.417,158.2085,0.0006315108609701388,0.628632653379169,0.0,0.0
461,Device,Conv2DBackpropFilter,gradient_tape/inception_resnet_v2/conv2d_114/Conv2D/Conv2DBackpropFilter,2,315.394,157.697,315.394,157.697,0.0006294691387783083,0.6292621225179472,0.0,0.0
462,Device,Conv2DBackpropFilter,gradient_tape/inception_resnet_v2/conv2d_47/Conv2D/Conv2DBackpropFilter,2,315.394,157.697,315.394,157.697,0.0006294691387783083,0.6298915916567255,0.0,0.0
463,Device,Conv2DBackpropFilter,gradient_tape/inception_resnet_v2/conv2d_78/Conv2D/Conv2DBackpropFilter,2,315.394,157.697,315.394,157.697,0.0006294691387783083,0.6305210607955037,0.0,0.0
464,Device,Conv2D,inception_resnet_v2/conv2d_129/Conv2D,2,315.394,157.697,315.394,157.697,0.0006294691387783083,0.631150529934282,0.0,0.0
465,Device,Conv2DBackpropFilter,gradient_tape/inception_resnet_v2/conv2d_106/Conv2D/Conv2DBackpropFilter,2,315.393,157.6965,315.393,157.6965,0.0006294671429599389,0.631779997077242,0.0,0.0
466,Device,Conv2DBackpropFilter,gradient_tape/inception_resnet_v2/conv2d_142/Conv2D/Conv2DBackpropFilter,2,315.393,157.6965,315.393,157.6965,0.0006294671429599389,0.632409464220202,0.0,0.0
467,Device,Conv2DBackpropFilter,gradient_tape/inception_resnet_v2/conv2d_146/Conv2D/Conv2DBackpropFilter,2,315.393,157.6965,315.393,157.6965,0.0006294671429599389,0.6330389313631619,0.0,0.0
468,Device,Conv2DBackpropFilter,gradient_tape/inception_resnet_v2/conv2d_154/Conv2D/Conv2DBackpropFilter,2,315.393,157.6965,315.393,157.6965,0.0006294671429599389,0.6336683985061219,0.0,0.0
469,Device,Conv2DBackpropFilter,gradient_tape/inception_resnet_v2/conv2d_65/Conv2D/Conv2DBackpropFilter,2,315.393,157.6965,315.393,157.6965,0.0006294671429599389,0.6342978656490819,0.0,0.0
470,Device,Conv2DBackpropInput,gradient_tape/inception_resnet_v2/conv2d_93/Conv2D/Conv2DBackpropInput,2,315.393,157.6965,315.393,157.6965,0.0006294671429599389,0.6349273327920418,0.0,0.0
471,Device,Conv2DBackpropFilter,gradient_tape/inception_resnet_v2/conv2d_94/Conv2D/Conv2DBackpropFilter,2,315.393,157.6965,315.393,157.6965,0.0006294671429599389,0.6355567999350018,0.0,0.0
472,Device,Conv2D,inception_resnet_v2/conv2d_77/Conv2D,2,315.393,157.6965,315.393,157.6965,0.0006294671429599389,0.6361862670779618,0.0,0.0
473,Device,Conv2D,inception_resnet_v2/conv2d_97/Conv2D,2,315.393,157.6965,315.393,157.6965,0.0006294671429599389,0.6368157342209217,0.0,0.0
474,Device,Conv2D,inception_resnet_v2/conv2d_145/Conv2D,2,314.37,157.185,314.37,157.185,0.0006274254207681083,0.6374431596416898,0.0,0.0
475,Device,Conv2D,inception_resnet_v2/conv2d_76/Conv2D,2,314.37,157.185,314.37,157.185,0.0006274254207681083,0.638070585062458,0.0,0.0
476,Device,Conv2DBackpropFilter,gradient_tape/inception_resnet_v2/conv2d_102/Conv2D/Conv2DBackpropFilter,2,314.369,157.1845,314.369,157.1845,0.000627423424949739,0.6386980084874077,0.0,0.0
477,Device,Conv2DBackpropInput,gradient_tape/inception_resnet_v2/conv2d_117/Conv2D/Conv2DBackpropInput,2,314.369,157.1845,314.369,157.1845,0.000627423424949739,0.6393254319123574,0.0,0.0
478,Device,Conv2DBackpropFilter,gradient_tape/inception_resnet_v2/conv2d_53/Conv2D/Conv2DBackpropFilter,2,314.369,157.1845,314.369,157.1845,0.000627423424949739,0.6399528553373071,0.0,0.0
479,Device,Conv2D,inception_resnet_v2/conv2d_133/Conv2D,2,314.369,157.1845,314.369,157.1845,0.000627423424949739,0.6405802787622568,0.0,0.0
480,Device,Conv2D,inception_resnet_v2/conv2d_153/Conv2D,2,314.368,157.184,314.368,157.184,0.0006274214291313696,0.6412077001913882,0.0,0.0
481,Device,Conv2D,inception_resnet_v2/conv2d_100/Conv2D,2,313.346,156.673,313.346,156.673,0.0006253817027579084,0.6418330818941461,0.0,0.0
482,Device,Conv2D,inception_resnet_v2/conv2d_152/Conv2D,2,313.346,156.673,313.346,156.673,0.0006253817027579084,0.6424584635969041,0.0,0.0
483,Device,Conv2DBackpropFilter,gradient_tape/inception_resnet_v2/conv2d_17/Conv2D/Conv2DBackpropFilter,2,313.345,156.6725,313.345,156.6725,0.0006253797069395392,0.6430838433038436,0.0,0.0
484,Device,Conv2D,inception_resnet_v2/conv2d_104/Conv2D,2,313.345,156.6725,313.345,156.6725,0.0006253797069395392,0.6437092230107831,0.0,0.0
485,Device,Conv2D,inception_resnet_v2/conv2d_120/Conv2D,2,313.345,156.6725,313.345,156.6725,0.0006253797069395392,0.6443346027177227,0.0,0.0
486,Device,Conv2D,inception_resnet_v2/conv2d_124/Conv2D,2,313.345,156.6725,313.345,156.6725,0.0006253797069395392,0.6449599824246622,0.0,0.0
487,Device,Conv2D,inception_resnet_v2/conv2d_128/Conv2D,2,313.345,156.6725,313.345,156.6725,0.0006253797069395392,0.6455853621316018,0.0,0.0
488,Device,Conv2D,inception_resnet_v2/conv2d_136/Conv2D,2,313.345,156.6725,313.345,156.6725,0.0006253797069395392,0.6462107418385413,0.0,0.0
489,Device,Conv2D,inception_resnet_v2/conv2d_140/Conv2D,2,313.345,156.6725,313.345,156.6725,0.0006253797069395392,0.6468361215454809,0.0,0.0
490,Device,Conv2D,inception_resnet_v2/conv2d_88/Conv2D,2,313.345,156.6725,313.345,156.6725,0.0006253797069395392,0.6474615012524204,0.0,0.0
491,Device,Conv2D,inception_resnet_v2/conv2d_96/Conv2D,2,313.345,156.6725,313.345,156.6725,0.0006253797069395392,0.64808688095936,0.0,0.0
492,Device,Conv2D,inception_resnet_v2/conv2d_108/Conv2D,2,312.322,156.161,312.322,156.161,0.0006233379847477086,0.6487102189441076,0.0,0.0
493,Device,Conv2D,inception_resnet_v2/conv2d_113/Conv2D,2,312.322,156.161,312.322,156.161,0.0006233379847477086,0.6493335569288553,0.0,0.0
494,Device,Conv2D,inception_resnet_v2/conv2d_148/Conv2D,2,312.322,156.161,312.322,156.161,0.0006233379847477086,0.649956894913603,0.0,0.0
495,Device,Conv2D,inception_resnet_v2/conv2d_84/Conv2D,2,312.322,156.161,312.322,156.161,0.0006233379847477086,0.6505802328983507,0.0,0.0
496,Device,Conv2D,inception_resnet_v2/conv2d_92/Conv2D,2,312.322,156.161,312.322,156.161,0.0006233379847477086,0.6512035708830983,0.0,0.0
497,Device,Conv2DBackpropFilter,gradient_tape/inception_resnet_v2/conv2d_35/Conv2D/Conv2DBackpropFilter,2,312.321,156.1605,312.321,156.1605,0.0006233359889293393,0.6518269068720277,0.0,0.0
498,Device,Conv2D,inception_resnet_v2/conv2d_112/Conv2D,2,312.321,156.1605,312.321,156.1605,0.0006233359889293393,0.6524502428609571,0.0,0.0
499,Device,Conv2D,inception_resnet_v2/conv2d_80/Conv2D,2,312.321,156.1605,312.321,156.1605,0.0006233359889293393,0.6530735788498865,0.0,0.0
500,Device,Conv2D,inception_resnet_v2/conv2d_85/Conv2D,2,312.321,156.1605,312.321,156.1605,0.0006233359889293393,0.6536969148388159,0.0,0.0
501,Host,IDLE,IDLE,0,1514596.856,0.0,1514596.856,0.0,0.0,0.0,0.9959681722736812,0.9959681722736812
502,Host,GatherV2,GatherV2,2,5611.026,2805.513,5611.026,2805.513,0.0,0.0,0.003689696890404812,0.9996578691640859
503,Host,GatherV2,GatherV2_1,2,96.251,48.1255,96.251,48.1255,0.0,0.0,6.329270536232653e-05,0.9997211618694483
504,Host,Dataset,Iterator::Root::ParallelMapV2::Zip[0]::FlatMap[1]::Concatenate,2,105.111,52.5555,78.681,39.3405,0.0,0.0,5.173902973073748e-05,0.999772900899179
505,Host,Dataset,Iterator::Root::ParallelMapV2::Zip[1]::ForeverRepeat,2,61.022,30.511,56.262,28.131,0.0,0.0,3.699675005033937e-05,0.9998098976492293
506,Host,Dataset,Iterator::Root::ParallelMapV2,2,52.611,26.3055,52.611,26.3055,0.0,0.0,3.459592650276216e-05,0.9998444935757321
507,Host,IteratorGetNext,IteratorGetNext,2,39.521,19.7605,39.521,19.7605,0.0,0.0,2.5988208004327296e-05,0.9998704817837365
508,Host,FlushSummaryWriter,FlushSummaryWriter,1,36.901,36.901,36.901,36.901,0.0,0.0,2.4265349145205883e-05,0.9998947471328817
509,Host,LogicalAnd,LogicalAnd,1,32.3,32.3,32.3,32.3,0.0,0.0,2.1239824866267848e-05,0.999915986957748
510,Host,Dataset,Iterator::Root,2,80.501,40.2505,27.89,13.945,0.0,0.0,1.8339898313319207e-05,0.9999343268560613
511,Host,Dataset,Iterator::Root::ParallelMapV2::Zip[0]::FlatMap[1]::Concatenate[0]::TensorSlice,2,26.43,13.215,26.43,13.215,0.0,0.0,1.737983192617521e-05,0.9999517066879875
512,Host,WriteSummary,WriteSummary,1,21.091,21.091,21.091,21.091,0.0,0.0,1.3869013815927407e-05,0.9999655757018034
513,Host,ReadVariableOp,ReadVariableOp,1,12.71,12.71,12.71,12.71,0.0,0.0,8.357838205890539e-06,0.9999739335400093
514,Host,Dataset,Iterator::Root::ParallelMapV2::Zip,2,183.103,91.5515,11.88,5.94,0.0,0.0,7.812047040596349e-06,0.9999817455870499
515,Host,_Send,IteratorGetNext/_1,2,5.87,2.935,5.87,2.935,0.0,0.0,3.8599929400926405e-06,0.99998560557999
516,Host,Dataset,Iterator::Root::ParallelMapV2::Zip[0]::FlatMap,2,110.201,55.1005,5.09,2.545,0.0,0.0,3.3470807606595466e-06,0.9999889526607506
517,Host,Dataset,Iterator::Root::ParallelMapV2::Zip[1]::ForeverRepeat::FromTensor,4,4.76,1.19,4.76,1.19,0.0,0.0,3.1300794539763145e-06,0.9999920827402046
518,Host,_Send,IteratorGetNext/_3,2,4.56,2.28,4.56,2.28,0.0,0.0,2.9985635105319316e-06,0.9999950813037151
519,Host,Identity,Identity,2,3.01,1.505,3.01,1.505,0.0,0.0,1.9793149488379636e-06,0.9999970606186639
520,Host,_HostSend,categorical_crossentropy/softmax_cross_entropy_with_logits/Shape_2/_9,2,2.54,1.27,2.54,1.27,0.0,0.0,1.6702524817436638e-06,0.9999987308711457
521,Host,_Send,IteratorGetNext/_6,2,1.93,0.965,1.93,0.965,0.0,0.0,1.2691288542382957e-06,0.9999999999999999
