Rank,Host/device,Type,Operation,#Occurrences,Total time (us),Avg. time (us),Total self-time (us),Avg. self-time (us),Total self-time on Device (%),Cumulative total-self time on Device (%),Total self-time on Host (%),Cumulative total-self time on Host (%)
1,Device,IDLE,IDLE,0,7366.043,0.0,7366.043,0.0,0.843884269154205,0.843884269154205,0.0,0.0
2,Device,_Send,IteratorGetNext/_1,2,121.152,60.576,121.152,60.576,0.013879672841520238,0.8577639419957253,0.0,0.0
3,Device,Conv2DBackpropFilter,gradient_tape/sequential/conv2d/Conv2D/Conv2DBackpropFilter,2,94.209,47.1045,94.209,47.1045,0.010792971628423634,0.8685569136241489,0.0,0.0
4,Device,Conv2DBackpropFilter,gradient_tape/sequential/conv2d_1/Conv2D/Conv2DBackpropFilter,2,78.848,39.424,78.848,39.424,0.009033152108163196,0.8775900657323121,0.0,0.0
5,Device,MaxPoolGrad,gradient_tape/sequential/max_pooling2d/MaxPool/MaxPoolGrad,2,57.344,28.672,57.344,28.672,0.006569565169573234,0.8841596309018853,0.0,0.0
6,Device,Conv2DBackpropFilter,gradient_tape/sequential/conv2d_2/Conv2D/Conv2DBackpropFilter,2,55.297,27.6485,55.297,27.6485,0.006335052406213224,0.8904946833080986,0.0,0.0
7,Device,Conv2DBackpropInput,gradient_tape/sequential/conv2d_1/Conv2D/Conv2DBackpropInput,2,52.224,26.112,52.224,26.112,0.005982996850861338,0.8964776801589599,0.0,0.0
8,Device,Conv2DBackpropInput,gradient_tape/sequential/conv2d_2/Conv2D/Conv2DBackpropInput,2,49.152,24.576,49.152,24.576,0.005631055859634201,0.9021087360185941,0.0,0.0
9,Device,_FusedConv2D,sequential/conv2d/Relu,2,47.104,23.552,47.104,23.552,0.0053964285321494426,0.9075051645507435,0.0,0.0
10,Device,_FusedConv2D,sequential/conv2d_1/Relu,2,44.032,22.016,44.032,22.016,0.005044487540922305,0.9125496520916658,0.0,0.0
11,Device,_FusedConv2D,sequential/conv2d_2/Relu,2,38.912,19.456,38.912,19.456,0.004457919222210409,0.9170075713138762,0.0,0.0
12,Device,ReluGrad,gradient_tape/sequential/conv2d/ReluGrad,2,36.864,18.432,36.864,18.432,0.00422329189472565,0.9212308632086019,0.0,0.0
13,Device,MatMul,sequential/dense/MatMul,2,30.72,15.36,30.72,15.36,0.0035194099122713754,0.9247502731208733,0.0,0.0
14,Device,MaxPoolGrad,gradient_tape/sequential/max_pooling2d_1/MaxPool/MaxPoolGrad,2,21.504,10.752,21.504,10.752,0.002463586938589963,0.9272138600594633,0.0,0.0
15,Device,ArgMax,ArgMax,2,20.481,10.2405,20.481,10.2405,0.0023463878389723323,0.9295602478984356,0.0,0.0
16,Device,ArgMax,ArgMax_1,2,18.432,9.216,18.432,9.216,0.002111645947362825,0.9316718938457984,0.0,0.0
17,Device,ResourceApplyGradientDescent,SGD/SGD/update_6/ResourceApplyGradientDescent,2,16.384,8.192,16.384,8.192,0.0018770186198780669,0.9335489124656765,0.0,0.0
18,Device,Transpose,gradient_tape/sequential/conv2d/Conv2D/Conv2DBackpropFilter-0-TransposeNHWCToNCHW-LayoutOptimizer,2,16.384,8.192,16.384,8.192,0.0018770186198780669,0.9354259310855546,0.0,0.0
19,Device,MatMul,gradient_tape/sequential/dense/MatMul/MatMul,2,16.384,8.192,16.384,8.192,0.0018770186198780669,0.9373029497054327,0.0,0.0
20,Device,BiasAddGrad,gradient_tape/sequential/conv2d/BiasAdd/BiasAddGrad,2,14.336,7.168,14.336,7.168,0.0016423912923933086,0.938945340997826,0.0,0.0
21,Device,BiasAddGrad,gradient_tape/sequential/conv2d_1/BiasAdd/BiasAddGrad,2,14.336,7.168,14.336,7.168,0.0016423912923933086,0.9405877322902193,0.0,0.0
22,Device,MatMul,gradient_tape/sequential/dense_1/MatMul/MatMul,2,14.336,7.168,14.336,7.168,0.0016423912923933086,0.9422301235826126,0.0,0.0
23,Device,MatMul,sequential/dense_1/MatMul,2,14.336,7.168,14.336,7.168,0.0016423912923933086,0.9438725148750059,0.0,0.0
24,Device,MaxPool,sequential/max_pooling2d/MaxPool,2,14.336,7.168,14.336,7.168,0.0016423912923933086,0.9455149061673992,0.0,0.0
25,Device,MaxPoolGrad,gradient_tape/sequential/max_pooling2d_2/MaxPool/MaxPoolGrad,2,13.312,6.656,13.312,6.656,0.0015250776286509294,0.9470399837960501,0.0,0.0
26,Device,MatMul,gradient_tape/sequential/dense/MatMul/MatMul_1,2,12.288,6.144,12.288,6.144,0.0014077639649085502,0.9484477477609587,0.0,0.0
27,Device,DynamicStitch,gradient_tape/categorical_crossentropy/DynamicStitch,2,11.264,5.632,11.264,5.632,0.001290450301166171,0.9497381980621249,0.0,0.0
28,Device,ReluGrad,gradient_tape/sequential/conv2d_1/ReluGrad,2,10.24,5.12,10.24,5.12,0.0011731366374237919,0.9509113346995487,0.0,0.0
29,Device,BiasAddGrad,gradient_tape/sequential/conv2d_2/BiasAdd/BiasAddGrad,2,10.24,5.12,10.24,5.12,0.0011731366374237919,0.9520844713369725,0.0,0.0
30,Device,MaxPool,sequential/max_pooling2d_1/MaxPool,2,10.24,5.12,10.24,5.12,0.0011731366374237919,0.9532576079743963,0.0,0.0
31,Device,MatMul,gradient_tape/sequential/dense_1/MatMul/MatMul_1,2,9.216,4.608,9.216,4.608,0.0010558229736814125,0.9543134309480777,0.0,0.0
32,Device,ResourceApplyGradientDescent,SGD/SGD/update_2/ResourceApplyGradientDescent,2,8.192,4.096,8.192,4.096,0.0009385093099390334,0.9552519402580167,0.0,0.0
33,Device,ReluGrad,gradient_tape/sequential/conv2d_2/ReluGrad,2,8.192,4.096,8.192,4.096,0.0009385093099390334,0.9561904495679557,0.0,0.0
34,Device,Transpose,gradient_tape/sequential/max_pooling2d_2/MaxPool/MaxPoolGrad-2-TransposeNHWCToNCHW-LayoutOptimizer,2,8.192,4.096,8.192,4.096,0.0009385093099390334,0.9571289588778947,0.0,0.0
35,Device,MaxPool,sequential/max_pooling2d_2/MaxPool,2,8.192,4.096,8.192,4.096,0.0009385093099390334,0.9580674681878337,0.0,0.0
36,Device,ResourceApplyGradientDescent,SGD/SGD/update_4/ResourceApplyGradientDescent,2,7.168,3.584,7.168,3.584,0.0008211956461966543,0.9588886638340304,0.0,0.0
37,Device,ResourceApplyGradientDescent,SGD/SGD/update_8/ResourceApplyGradientDescent,2,7.168,3.584,7.168,3.584,0.0008211956461966543,0.959709859480227,0.0,0.0
38,Device,RealDiv,gradient_tape/categorical_crossentropy/truediv/RealDiv,2,7.168,3.584,7.168,3.584,0.0008211956461966543,0.9605310551264237,0.0,0.0
39,Device,Transpose,sequential/max_pooling2d_2/MaxPool-0-2-TransposeNCHWToNHWC-LayoutOptimizer,2,7.168,3.584,7.168,3.584,0.0008211956461966543,0.9613522507726203,0.0,0.0
40,Device,Cast,Cast,2,6.145,3.0725,6.145,3.0725,0.0007039965465790235,0.9620562473191994,0.0,0.0
41,Device,ReluGrad,gradient_tape/sequential/dense/ReluGrad,2,6.145,3.0725,6.145,3.0725,0.0007039965465790235,0.9627602438657784,0.0,0.0
42,Device,AssignAddVariableOp,AssignAddVariableOp_2,2,6.144,3.072,6.144,3.072,0.0007038819824542751,0.9634641258482327,0.0,0.0
43,Device,AssignAddVariableOp,AssignAddVariableOp_3,2,6.144,3.072,6.144,3.072,0.0007038819824542751,0.964168007830687,0.0,0.0
44,Device,AssignAddVariableOp,AssignAddVariableOp_4,2,6.144,3.072,6.144,3.072,0.0007038819824542751,0.9648718898131413,0.0,0.0
45,Device,Mul,Mul,2,6.144,3.072,6.144,3.072,0.0007038819824542751,0.9655757717955956,0.0,0.0
46,Device,AssignAddVariableOp,SGD/SGD/AssignAddVariableOp,2,6.144,3.072,6.144,3.072,0.0007038819824542751,0.9662796537780499,0.0,0.0
47,Device,ResourceApplyGradientDescent,SGD/SGD/update/ResourceApplyGradientDescent,2,6.144,3.072,6.144,3.072,0.0007038819824542751,0.9669835357605042,0.0,0.0
48,Device,ResourceApplyGradientDescent,SGD/SGD/update_1/ResourceApplyGradientDescent,2,6.144,3.072,6.144,3.072,0.0007038819824542751,0.9676874177429585,0.0,0.0
49,Device,ResourceApplyGradientDescent,SGD/SGD/update_3/ResourceApplyGradientDescent,2,6.144,3.072,6.144,3.072,0.0007038819824542751,0.9683912997254128,0.0,0.0
50,Device,ResourceApplyGradientDescent,SGD/SGD/update_5/ResourceApplyGradientDescent,2,6.144,3.072,6.144,3.072,0.0007038819824542751,0.9690951817078671,0.0,0.0
51,Device,ResourceApplyGradientDescent,SGD/SGD/update_7/ResourceApplyGradientDescent,2,6.144,3.072,6.144,3.072,0.0007038819824542751,0.9697990636903214,0.0,0.0
52,Device,ResourceApplyGradientDescent,SGD/SGD/update_9/ResourceApplyGradientDescent,2,6.144,3.072,6.144,3.072,0.0007038819824542751,0.9705029456727757,0.0,0.0
53,Device,AddN,SGD/gradients/AddN,2,6.144,3.072,6.144,3.072,0.0007038819824542751,0.97120682765523,0.0,0.0
54,Device,Log,categorical_crossentropy/Log,2,6.144,3.072,6.144,3.072,0.0007038819824542751,0.9719107096376843,0.0,0.0
55,Device,Sum,categorical_crossentropy/Sum,2,6.144,3.072,6.144,3.072,0.0007038819824542751,0.9726145916201386,0.0,0.0
56,Device,Sum,categorical_crossentropy/Sum_1,2,6.144,3.072,6.144,3.072,0.0007038819824542751,0.9733184736025929,0.0,0.0
57,Device,Minimum,categorical_crossentropy/clip_by_value/Minimum,2,6.144,3.072,6.144,3.072,0.0007038819824542751,0.9740223555850472,0.0,0.0
58,Device,Mul,categorical_crossentropy/mul,2,6.144,3.072,6.144,3.072,0.0007038819824542751,0.9747262375675015,0.0,0.0
59,Device,Cast,categorical_crossentropy/weighted_loss/num_elements/Cast,2,6.144,3.072,6.144,3.072,0.0007038819824542751,0.9754301195499558,0.0,0.0
60,Device,BroadcastTo,gradient_tape/categorical_crossentropy/BroadcastTo_1,2,6.144,3.072,6.144,3.072,0.0007038819824542751,0.9761340015324101,0.0,0.0
61,Device,Reciprocal,gradient_tape/categorical_crossentropy/Reciprocal,2,6.144,3.072,6.144,3.072,0.0007038819824542751,0.9768378835148644,0.0,0.0
62,Device,GreaterEqual,gradient_tape/categorical_crossentropy/clip_by_value/GreaterEqual,2,6.144,3.072,6.144,3.072,0.0007038819824542751,0.9775417654973187,0.0,0.0
63,Device,SelectV2,gradient_tape/categorical_crossentropy/clip_by_value/SelectV2,2,6.144,3.072,6.144,3.072,0.0007038819824542751,0.978245647479773,0.0,0.0
64,Device,ZerosLike,gradient_tape/categorical_crossentropy/clip_by_value/zeros_like,2,6.144,3.072,6.144,3.072,0.0007038819824542751,0.9789495294622274,0.0,0.0
65,Device,RealDiv,gradient_tape/categorical_crossentropy/truediv/RealDiv_2,2,6.144,3.072,6.144,3.072,0.0007038819824542751,0.9796534114446817,0.0,0.0
66,Device,Tile,gradient_tape/categorical_crossentropy/weighted_loss/Tile_1,2,6.144,3.072,6.144,3.072,0.0007038819824542751,0.980357293427136,0.0,0.0
67,Device,BiasAddGrad,gradient_tape/sequential/dense/BiasAdd/BiasAddGrad,2,6.144,3.072,6.144,3.072,0.0007038819824542751,0.9810611754095903,0.0,0.0
68,Device,BiasAddGrad,gradient_tape/sequential/dense_1/BiasAdd/BiasAddGrad,2,6.144,3.072,6.144,3.072,0.0007038819824542751,0.9817650573920446,0.0,0.0
69,Device,BiasAdd,sequential/dense_1/BiasAdd,2,6.144,3.072,6.144,3.072,0.0007038819824542751,0.9824689393744989,0.0,0.0
70,Device,AssignAddVariableOp,AssignAddVariableOp,2,5.12,2.56,5.12,2.56,0.0005865683187118959,0.9830555076932107,0.0,0.0
71,Device,AssignAddVariableOp,AssignAddVariableOp_1,2,5.12,2.56,5.12,2.56,0.0005865683187118959,0.9836420760119226,0.0,0.0
72,Device,Cast,Cast_1,2,5.12,2.56,5.12,2.56,0.0005865683187118959,0.9842286443306344,0.0,0.0
73,Device,Cast,Cast_2,2,5.12,2.56,5.12,2.56,0.0005865683187118959,0.9848152126493462,0.0,0.0
74,Device,Equal,Equal,2,5.12,2.56,5.12,2.56,0.0005865683187118959,0.9854017809680581,0.0,0.0
75,Device,Neg,categorical_crossentropy/Neg,2,5.12,2.56,5.12,2.56,0.0005865683187118959,0.9859883492867699,0.0,0.0
76,Device,Maximum,categorical_crossentropy/clip_by_value,2,5.12,2.56,5.12,2.56,0.0005865683187118959,0.9865749176054818,0.0,0.0
77,Device,RealDiv,categorical_crossentropy/truediv,2,5.12,2.56,5.12,2.56,0.0005865683187118959,0.9871614859241936,0.0,0.0
78,Device,Sum,categorical_crossentropy/weighted_loss/Sum,2,5.12,2.56,5.12,2.56,0.0005865683187118959,0.9877480542429055,0.0,0.0
79,Device,DivNoNan,div_no_nan,2,5.12,2.56,5.12,2.56,0.0005865683187118959,0.9883346225616173,0.0,0.0
80,Device,DivNoNan,div_no_nan_1,2,5.12,2.56,5.12,2.56,0.0005865683187118959,0.9889211908803291,0.0,0.0
81,Device,BroadcastTo,gradient_tape/categorical_crossentropy/BroadcastTo,2,5.12,2.56,5.12,2.56,0.0005865683187118959,0.989507759199041,0.0,0.0
82,Device,Neg,gradient_tape/categorical_crossentropy/Neg,2,5.12,2.56,5.12,2.56,0.0005865683187118959,0.9900943275177528,0.0,0.0
83,Device,LessEqual,gradient_tape/categorical_crossentropy/clip_by_value/LessEqual,2,5.12,2.56,5.12,2.56,0.0005865683187118959,0.9906808958364647,0.0,0.0
84,Device,SelectV2,gradient_tape/categorical_crossentropy/clip_by_value/SelectV2_1,2,5.12,2.56,5.12,2.56,0.0005865683187118959,0.9912674641551765,0.0,0.0
85,Device,ZerosLike,gradient_tape/categorical_crossentropy/clip_by_value/zeros_like_1,2,5.12,2.56,5.12,2.56,0.0005865683187118959,0.9918540324738884,0.0,0.0
86,Device,Mul,gradient_tape/categorical_crossentropy/mul/Mul,2,5.12,2.56,5.12,2.56,0.0005865683187118959,0.9924406007926002,0.0,0.0
87,Device,RealDiv,gradient_tape/categorical_crossentropy/truediv/RealDiv_1,2,5.12,2.56,5.12,2.56,0.0005865683187118959,0.9930271691113121,0.0,0.0
88,Device,Sum,gradient_tape/categorical_crossentropy/truediv/Sum_1,2,5.12,2.56,5.12,2.56,0.0005865683187118959,0.9936137374300239,0.0,0.0
89,Device,Mul,gradient_tape/categorical_crossentropy/truediv/mul,2,5.12,2.56,5.12,2.56,0.0005865683187118959,0.9942003057487357,0.0,0.0
90,Device,BiasAdd,sequential/dense/BiasAdd,2,5.12,2.56,5.12,2.56,0.0005865683187118959,0.9947868740674476,0.0,0.0
91,Device,Relu,sequential/dense/Relu,2,5.12,2.56,5.12,2.56,0.0005865683187118959,0.9953734423861594,0.0,0.0
92,Device,Sum,Sum_2,2,4.096,2.048,4.096,2.048,0.0004692546549695167,0.9958426970411289,0.0,0.0
93,Device,DivNoNan,categorical_crossentropy/weighted_loss/value,2,4.096,2.048,4.096,2.048,0.0004692546549695167,0.9963119516960984,0.0,0.0
94,Device,Mul,gradient_tape/categorical_crossentropy/mul,2,4.096,2.048,4.096,2.048,0.0004692546549695167,0.9967812063510679,0.0,0.0
95,Device,Neg,gradient_tape/categorical_crossentropy/truediv/Neg,2,4.096,2.048,4.096,2.048,0.0004692546549695167,0.9972504610060374,0.0,0.0
96,Device,DivNoNan,gradient_tape/categorical_crossentropy/weighted_loss/value/div_no_nan,2,4.096,2.048,4.096,2.048,0.0004692546549695167,0.9977197156610069,0.0,0.0
97,Device,_Recv,strided_slice/_12,2,3.488,1.744,3.488,1.744,0.0003995996671224791,0.9981193153281294,0.0,0.0
98,Device,_HostRecv,gradient_tape/categorical_crossentropy/DynamicStitch/_22,2,3.104,1.552,3.104,1.552,0.0003556070432190869,0.9984749223713485,0.0,0.0
99,Device,_Recv,gradient_tape/categorical_crossentropy/ones/_18,2,3.072,1.536,3.072,1.536,0.00035194099122713756,0.9988268633625756,0.0,0.0
100,Device,_Send,IteratorGetNext/_3,2,2.048,1.024,2.048,1.024,0.00023462732748475836,0.9990614906900604,0.0,0.0
101,Device,LogicalAnd,LogicalAnd,1,2.048,2.048,2.048,2.048,0.00023462732748475836,0.9992961180175453,0.0,0.0
102,Device,_Recv,Size/_14,2,2.048,1.024,2.048,1.024,0.00023462732748475836,0.9995307453450301,0.0,0.0
103,Device,_Recv,categorical_crossentropy/weighted_loss/num_elements/_20,2,2.048,1.024,2.048,1.024,0.00023462732748475836,0.9997653726725149,0.0,0.0
104,Device,_Recv,gradient_tape/categorical_crossentropy/Shape/_16,2,2.048,1.024,2.048,1.024,0.00023462732748475836,0.9999999999999997,0.0,0.0
105,Host,IDLE,IDLE,0,29705.848,0.0,29705.848,0.0,0.0,0.0,0.9599723168756021,0.9599723168756021
106,Host,_Send,IteratorGetNext/_1,2,422.348,211.174,422.348,211.174,0.0,0.0,0.013648571422292904,0.9736208882978951
107,Host,GatherV2,GatherV2,2,179.004,89.502,179.004,89.502,0.0,0.0,0.005784682013117427,0.9794055703110125
108,Host,_Send,IteratorGetNext/_6,2,157.474,78.737,157.474,78.737,0.0,0.0,0.0050889198863358,0.9844944901973482
109,Host,_Send,IteratorGetNext/_3,2,154.583,77.2915,154.583,77.2915,0.0,0.0,0.004995494512042922,0.9894899847093912
110,Host,Dataset,Iterator::Root::ParallelMapV2::Zip[1]::ForeverRepeat,2,52.301,26.1505,47.991,23.9955,0.0,0.0,0.0015508741396366473,0.9910408588490278
111,Host,FlushSummaryWriter,FlushSummaryWriter,1,37.511,37.511,37.511,37.511,0.0,0.0,0.0012122031183328184,0.9922530619673606
112,Host,Dataset,Iterator::Root::ParallelMapV2,2,34.81,17.405,34.81,17.405,0.0,0.0,0.0011249177720979288,0.9933779797394585
113,Host,LogicalAnd,LogicalAnd,1,29.001,29.001,29.001,29.001,0.0,0.0,0.0009371944932091937,0.9943151742326677
114,Host,Dataset,Iterator::Root,2,63.151,31.5755,28.341,14.1705,0.0,0.0,0.0009158659746919677,0.9952310402073596
115,Host,Dataset,Iterator::Root::ParallelMapV2::Zip[0]::FlatMap[1]::Concatenate,2,47.03,23.515,26.89,13.445,0.0,0.0,0.0008689755498912181,0.9961000157572508
116,Host,IteratorGetNext,IteratorGetNext,2,26.69,13.345,26.69,13.345,0.0,0.0,0.0008625123624617558,0.9969625281197125
117,Host,Dataset,Iterator::Root::ParallelMapV2::Zip[0]::FlatMap[1]::Concatenate[0]::TensorSlice,2,20.14,10.07,20.14,10.07,0.0,0.0,0.0006508429741468625,0.9976133710938594
118,Host,GatherV2,GatherV2_1,2,19.38,9.69,19.38,9.69,0.0,0.0,0.0006262828619149054,0.9982396539557743
119,Host,WriteSummary,WriteSummary,1,19.23,19.23,19.23,19.23,0.0,0.0,0.0006214354713428087,0.9988610894271172
120,Host,_HostSend,gradient_tape/categorical_crossentropy/mul/Shape/_9,2,9.591,4.7955,9.591,4.7955,0.0,0.0,0.0003099421531798688,0.9991710315802971
121,Host,Dataset,Iterator::Root::ParallelMapV2::Zip,2,111.632,55.816,8.93,4.465,0.0,0.0,0.00028858131872549564,0.9994596128990225
122,Host,ReadVariableOp,ReadVariableOp,1,6.09,6.09,6.09,6.09,0.0,0.0,0.00019680405722712971,0.9996564169562496
123,Host,Dataset,Iterator::Root::ParallelMapV2::Zip[1]::ForeverRepeat::FromTensor,4,4.31,1.0775,4.31,1.0775,0.0,0.0,0.00013928168910491446,0.9997956986453546
124,Host,Dataset,Iterator::Root::ParallelMapV2::Zip[0]::FlatMap,2,50.401,25.2005,3.371,1.6855,0.0,0.0,0.00010893702412358855,0.9999046356694782
125,Host,Identity,Identity,2,2.951,1.4755,2.951,1.4755,0.0,0.0,9.536433052171754e-05,0.9999999999999999
