Rank,Host/device,Type,Operation,#Occurrences,Total time (us),Avg. time (us),Total self-time (us),Avg. self-time (us),Total self-time on Device (%),Cumulative total-self time on Device (%),Total self-time on Host (%),Cumulative total-self time on Host (%)
1,Device,IDLE,IDLE,0,47611.193,0.0,47611.193,0.0,0.5222457685797988,0.5222457685797988,0.0,0.0
2,Device,Conv2DBackpropInput,gradient_tape/model/conv2d_46/Conv2D/Conv2DBackpropInput,4,811.011,202.75275,811.011,202.75275,0.008895955684657411,0.5311417242644562,0.0,0.0
3,Device,Conv2DBackpropFilter,gradient_tape/model/conv2d_48/Conv2D/Conv2DBackpropFilter,2,573.443,286.7215,573.443,286.7215,0.006290079315418657,0.5374318035798749,0.0,0.0
4,Device,Conv2DBackpropFilter,gradient_tape/model/conv2d_51/Conv2D/Conv2DBackpropFilter,2,570.371,285.1855,570.371,285.1855,0.006256382638230224,0.5436881862181051,0.0,0.0
5,Device,Conv2DBackpropFilter,gradient_tape/model/conv2d_44/Conv2D/Conv2DBackpropFilter,2,568.323,284.1615,568.323,284.1615,0.00623391818677127,0.5499221044048763,0.0,0.0
6,Device,Conv2DBackpropInput,gradient_tape/model/conv2d_51/Conv2D/Conv2DBackpropInput,4,429.058,107.2645,429.058,107.2645,0.004706324518591905,0.5546284289234682,0.0,0.0
7,Device,Conv2DBackpropInput,gradient_tape/model/conv2d_44/Conv2D/Conv2DBackpropInput,4,425.986,106.4965,425.986,106.4965,0.004672627841403473,0.5593010567648716,0.0,0.0
8,Device,Conv2DBackpropInput,gradient_tape/model/conv2d_48/Conv2D/Conv2DBackpropInput,4,425.986,106.4965,425.986,106.4965,0.004672627841403473,0.5639736846062751,0.0,0.0
9,Device,Conv2D,model/conv2d_51/Conv2D,4,424.961,106.24025,424.961,106.24025,0.004661384646703557,0.5686350692529786,0.0,0.0
10,Device,Conv2D,model/conv2d_44/Conv2D,4,420.867,105.21675,420.867,105.21675,0.004616477681726526,0.5732515469347051,0.0,0.0
11,Device,Conv2D,model/conv2d_48/Conv2D,4,420.865,105.21625,420.865,105.21625,0.004616455743785648,0.5778680026784908,0.0,0.0
12,Device,Conv2D,model/conv2d_46/Conv2D,2,381.953,190.9765,381.953,190.9765,0.004189631166065506,0.5820576338445563,0.0,0.0
13,Device,Conv2DBackpropInput,gradient_tape/model/conv2d_45/Conv2D/Conv2DBackpropInput,4,364.545,91.13625,364.545,91.13625,0.003998683328664391,0.5860563171732207,0.0,0.0
14,Device,Conv2DBackpropInput,gradient_tape/model/conv2d_52/Conv2D/Conv2DBackpropInput,4,361.473,90.36825,361.473,90.36825,0.0039649866514759585,0.5900213038246966,0.0,0.0
15,Device,Conv2DBackpropInput,gradient_tape/model/conv2d_49/Conv2D/Conv2DBackpropInput,4,360.45,90.1125,360.45,90.1125,0.00395376539471692,0.5939750692194136,0.0,0.0
16,Device,Conv2D,model/conv2d_50/Conv2D,4,356.354,89.0885,356.354,89.0885,0.00390883649179901,0.5978839057112125,0.0,0.0
17,Device,Conv2D,model/conv2d_47/Conv2D,4,355.331,88.83275,355.331,88.83275,0.0038976152350399724,0.6017815209462525,0.0,0.0
18,Device,Conv2DBackpropInput,gradient_tape/model/conv2d_27/Conv2D/Conv2DBackpropInput,4,337.922,84.4805,337.922,84.4805,0.0037066564286684176,0.6054881773749209,0.0,0.0
19,Device,Conv2DBackpropFilter,gradient_tape/model/conv2d_14/Conv2D/Conv2DBackpropFilter,4,276.482,69.1205,276.482,69.1205,0.0030327228848997744,0.6085209002598206,0.0,0.0
20,Device,Conv2DBackpropInput,gradient_tape/model/conv2d_14/Conv2D/Conv2DBackpropInput,2,259.073,129.5365,259.073,129.5365,0.002841764078528219,0.6113626643383488,0.0,0.0
21,Device,_Recv,IteratorGetNext/_2,2,242.338,121.169,242.338,121.169,0.0026581983582325123,0.6140208626965814,0.0,0.0
22,Device,Conv2DBackpropFilter,gradient_tape/model/conv2d_46/Conv2D/Conv2DBackpropFilter,2,235.521,117.7605,235.521,117.7605,0.0025834228867502394,0.6166042855833317,0.0,0.0
23,Device,Conv2DBackpropInput,gradient_tape/model/conv2d_47/Conv2D/Conv2DBackpropInput,2,206.849,103.4245,206.849,103.4245,0.002268920566324872,0.6188732061496566,0.0,0.0
24,Device,Conv2DBackpropInput,gradient_tape/model/conv2d_50/Conv2D/Conv2DBackpropInput,2,204.8,102.4,204.8,102.4,0.0022464451458954785,0.621119651295552,0.0,0.0
25,Device,Conv2DBackpropInput,gradient_tape/model/conv2d_43/Conv2D/Conv2DBackpropInput,4,195.585,48.89625,195.585,48.89625,0.0021453660833006213,0.6232650173788526,0.0,0.0
26,Device,Conv2D,model/conv2d_43/Conv2D,4,195.585,48.89625,195.585,48.89625,0.0021453660833006213,0.6254103834621533,0.0,0.0
27,Device,FusedBatchNormGradV3,gradient_tape/model/batch_normalization_3/FusedBatchNormGradV3,2,193.537,96.7685,193.537,96.7685,0.002122901631841666,0.627533285093995,0.0,0.0
28,Device,FusedBatchNormGradV3,gradient_tape/model/batch_normalization_6/FusedBatchNormGradV3,2,193.537,96.7685,193.537,96.7685,0.002122901631841666,0.6296561867258367,0.0,0.0
29,Device,FusedBatchNormGradV3,gradient_tape/model/batch_normalization_9/FusedBatchNormGradV3,2,193.537,96.7685,193.537,96.7685,0.002122901631841666,0.6317790883576784,0.0,0.0
30,Device,Conv2DBackpropFilter,gradient_tape/model/conv2d_23/Conv2D/Conv2DBackpropFilter,2,193.537,96.7685,193.537,96.7685,0.002122901631841666,0.6339019899895201,0.0,0.0
31,Device,Conv2DBackpropFilter,gradient_tape/model/conv2d_20/Conv2D/Conv2DBackpropFilter,2,193.536,96.768,193.536,96.768,0.002122890662871227,0.6360248806523913,0.0,0.0
32,Device,Conv2DBackpropInput,gradient_tape/model/conv2d_26/Conv2D/Conv2DBackpropInput,4,193.536,48.384,193.536,48.384,0.002122890662871227,0.6381477713152625,0.0,0.0
33,Device,Conv2DBackpropFilter,gradient_tape/model/conv2d_17/Conv2D/Conv2DBackpropFilter,2,191.49,95.745,191.49,95.745,0.0021004481493531505,0.6402482194646156,0.0,0.0
34,Device,Conv2DBackpropInput,gradient_tape/model/conv2d_25/Conv2D/Conv2DBackpropInput,4,191.489,47.87225,191.489,47.87225,0.0021004371803827115,0.6423486566449983,0.0,0.0
35,Device,Conv2DBackpropFilter,gradient_tape/model/conv2d_13/Conv2D/Conv2DBackpropFilter,2,191.488,95.744,191.488,95.744,0.0021004262114122725,0.6444490828564106,0.0,0.0
36,Device,FusedBatchNormGradV3,gradient_tape/model/batch_normalization/FusedBatchNormGradV3,2,188.417,94.2085,188.417,94.2085,0.0020667405031942793,0.6465158233596049,0.0,0.0
37,Device,Conv2DBackpropInput,gradient_tape/model/conv2d_36/Conv2D/Conv2DBackpropInput,4,187.394,46.8485,187.394,46.8485,0.0020555192464352407,0.6485713426060401,0.0,0.0
38,Device,Conv2DBackpropInput,gradient_tape/model/conv2d_33/Conv2D/Conv2DBackpropInput,4,187.393,46.84825,187.393,46.84825,0.0020555082774648017,0.6506268508835049,0.0,0.0
39,Device,Conv2DBackpropInput,gradient_tape/model/conv2d_38/Conv2D/Conv2DBackpropInput,4,187.392,46.848,187.392,46.848,0.0020554973084943627,0.6526823481919993,0.0,0.0
40,Device,Conv2DBackpropInput,gradient_tape/model/conv2d_39/Conv2D/Conv2DBackpropInput,4,187.392,46.848,187.392,46.848,0.0020554973084943627,0.6547378455004937,0.0,0.0
41,Device,Conv2DBackpropInput,gradient_tape/model/conv2d_41/Conv2D/Conv2DBackpropInput,4,187.392,46.848,187.392,46.848,0.0020554973084943627,0.6567933428089882,0.0,0.0
42,Device,Conv2DBackpropInput,gradient_tape/model/conv2d_32/Conv2D/Conv2DBackpropInput,4,186.369,46.59225,186.369,46.59225,0.0020442760517353246,0.6588376188607235,0.0,0.0
43,Device,Conv2DBackpropInput,gradient_tape/model/conv2d_35/Conv2D/Conv2DBackpropInput,4,186.369,46.59225,186.369,46.59225,0.0020442760517353246,0.6608818949124587,0.0,0.0
44,Device,Conv2DBackpropInput,gradient_tape/model/conv2d_29/Conv2D/Conv2DBackpropInput,4,186.368,46.592,186.368,46.592,0.0020442650827648856,0.6629261599952236,0.0,0.0
45,Device,Conv2DBackpropFilter,gradient_tape/model/conv2d/Conv2D/Conv2DBackpropFilter,2,185.345,92.6725,185.345,92.6725,0.002033043826005847,0.6649592038212295,0.0,0.0
46,Device,Conv2DBackpropInput,gradient_tape/model/conv2d_30/Conv2D/Conv2DBackpropInput,4,185.345,46.33625,185.345,46.33625,0.002033043826005847,0.6669922476472354,0.0,0.0
47,Device,Conv2DBackpropInput,gradient_tape/model/conv2d_42/Conv2D/Conv2DBackpropInput,4,183.297,45.82425,183.297,45.82425,0.0020105793745468924,0.6690028270217823,0.0,0.0
48,Device,Conv2D,model/conv2d_25/Conv2D,4,182.274,45.5685,182.274,45.5685,0.001999358117787854,0.6710021851395701,0.0,0.0
49,Device,Conv2D,model/conv2d_27/Conv2D,2,182.274,91.137,182.274,91.137,0.001999358117787854,0.673001543257358,0.0,0.0
50,Device,Conv2D,model/conv2d_29/Conv2D,4,182.273,45.56825,182.273,45.56825,0.001999347148817415,0.6750008904061754,0.0,0.0
51,Device,Conv2D,model/conv2d_32/Conv2D,4,182.273,45.56825,182.273,45.56825,0.001999347148817415,0.6770002375549928,0.0,0.0
52,Device,Conv2D,model/conv2d_38/Conv2D,4,182.273,45.56825,182.273,45.56825,0.001999347148817415,0.6789995847038103,0.0,0.0
53,Device,Conv2D,model/conv2d_49/Conv2D,2,182.273,91.1365,182.273,91.1365,0.001999347148817415,0.6809989318526277,0.0,0.0
54,Device,Conv2D,model/conv2d_45/Conv2D,2,181.249,90.6245,181.249,90.6245,0.0019881149230879373,0.6829870467757156,0.0,0.0
55,Device,Conv2D,model/conv2d_52/Conv2D,2,181.249,90.6245,181.249,90.6245,0.0019881149230879373,0.6849751616988036,0.0,0.0
56,Device,Conv2D,model/conv2d_41/Conv2D,4,180.224,45.056,180.224,45.056,0.001976871728388021,0.6869520334271916,0.0,0.0
57,Device,Conv2D,model/conv2d_35/Conv2D,4,179.201,44.80025,179.201,44.80025,0.0019656504716289826,0.6889176838988206,0.0,0.0
58,Device,Conv2DBackpropFilter,gradient_tape/model/conv2d_27/Conv2D/Conv2DBackpropFilter,2,169.984,84.992,169.984,84.992,0.0018645494710932474,0.6907822333699138,0.0,0.0
59,Device,Conv2DBackpropFilter,gradient_tape/model/conv2d_8/Conv2D/Conv2DBackpropFilter,2,167.936,83.968,167.936,83.968,0.0018420850196342925,0.6926243183895482,0.0,0.0
60,Device,Conv2DBackpropFilter,gradient_tape/model/conv2d_5/Conv2D/Conv2DBackpropFilter,2,166.913,83.4565,166.913,83.4565,0.0018308637628752541,0.6944551821524234,0.0,0.0
61,Device,Conv2D,model/conv2d/Conv2D,2,158.72,79.36,158.72,79.36,0.0017409949880689958,0.6961961771404924,0.0,0.0
62,Device,Conv2DBackpropFilter,gradient_tape/model/conv2d_6/Conv2D/Conv2DBackpropFilter,2,154.625,77.3125,154.625,77.3125,0.0016960770541215252,0.697892254194614,0.0,0.0
63,Device,Conv2DBackpropFilter,gradient_tape/model/conv2d_2/Conv2D/Conv2DBackpropFilter,2,153.601,76.8005,153.601,76.8005,0.001684844828392048,0.699577099023006,0.0,0.0
64,Device,Conv2DBackpropFilter,gradient_tape/model/conv2d_9/Conv2D/Conv2DBackpropFilter,2,153.601,76.8005,153.601,76.8005,0.001684844828392048,0.7012619438513981,0.0,0.0
65,Device,Conv2DBackpropInput,gradient_tape/model/conv2d_24/Conv2D/Conv2DBackpropInput,4,149.505,37.37625,149.505,37.37625,0.0016399159254741383,0.7029018597768723,0.0,0.0
66,Device,Conv2DBackpropFilter,gradient_tape/model/conv2d_7/Conv2D/Conv2DBackpropFilter,2,145.409,72.7045,145.409,72.7045,0.0015949870225562286,0.7044968467994285,0.0,0.0
67,Device,Conv2DBackpropFilter,gradient_tape/model/conv2d_4/Conv2D/Conv2DBackpropFilter,2,144.385,72.1925,144.385,72.1925,0.0015837547968267512,0.7060806015962552,0.0,0.0
68,Device,Conv2DBackpropFilter,gradient_tape/model/conv2d_10/Conv2D/Conv2DBackpropFilter,2,143.36,71.68,143.36,71.68,0.0015725116021268351,0.707653113198382,0.0,0.0
69,Device,Conv2D,model/conv2d_14/Conv2D,2,143.36,71.68,143.36,71.68,0.0015725116021268351,0.7092256248005088,0.0,0.0
70,Device,Conv2DBackpropFilter,gradient_tape/model/conv2d_3/Conv2D/Conv2DBackpropFilter,2,140.289,70.1445,140.289,70.1445,0.0015388258939088417,0.7107644506944176,0.0,0.0
71,Device,Conv2DBackpropInput,gradient_tape/model/conv2d_11/Conv2D/Conv2DBackpropInput,2,135.169,67.5845,135.169,67.5845,0.001482664765261455,0.7122471154596791,0.0,0.0
72,Device,Conv2DBackpropFilter,gradient_tape/model/conv2d_41/Conv2D/Conv2DBackpropFilter,4,134.145,33.53625,134.145,33.53625,0.0014714325395319776,0.7137185479992111,0.0,0.0
73,Device,Conv2DBackpropFilter,gradient_tape/model/conv2d_29/Conv2D/Conv2DBackpropFilter,4,133.121,33.28025,133.121,33.28025,0.0014602003138025,0.7151787483130135,0.0,0.0
74,Device,Conv2DBackpropFilter,gradient_tape/model/conv2d_35/Conv2D/Conv2DBackpropFilter,4,133.121,33.28025,133.121,33.28025,0.0014602003138025,0.716638948626816,0.0,0.0
75,Device,Conv2DBackpropFilter,gradient_tape/model/conv2d_25/Conv2D/Conv2DBackpropFilter,4,133.12,33.28,133.12,33.28,0.001460189344832061,0.718099137971648,0.0,0.0
76,Device,Conv2DBackpropFilter,gradient_tape/model/conv2d_38/Conv2D/Conv2DBackpropFilter,4,133.12,33.28,133.12,33.28,0.001460189344832061,0.7195593273164801,0.0,0.0
77,Device,Conv2DBackpropFilter,gradient_tape/model/conv2d_32/Conv2D/Conv2DBackpropFilter,4,132.097,33.02425,132.097,33.02425,0.0014489680880730227,0.7210082954045531,0.0,0.0
78,Device,Conv2DBackpropFilter,gradient_tape/model/conv2d_52/Conv2D/Conv2DBackpropFilter,2,132.096,66.048,132.096,66.048,0.0014489571191025838,0.7224572525236557,0.0,0.0
79,Device,Conv2DBackpropFilter,gradient_tape/model/conv2d_11/Conv2D/Conv2DBackpropFilter,2,131.072,65.536,131.072,65.536,0.0014377248933731064,0.7238949774170288,0.0,0.0
80,Device,Conv2DBackpropFilter,gradient_tape/model/conv2d_45/Conv2D/Conv2DBackpropFilter,2,129.025,64.5125,129.025,64.5125,0.0014152714108845905,0.7253102488279134,0.0,0.0
81,Device,Conv2DBackpropFilter,gradient_tape/model/conv2d_50/Conv2D/Conv2DBackpropFilter,2,128.0,64.0,128.0,64.0,0.0014040282161846742,0.7267142770440981,0.0,0.0
82,Device,Conv2DBackpropFilter,gradient_tape/model/conv2d_47/Conv2D/Conv2DBackpropFilter,2,126.977,63.4885,126.977,63.4885,0.0013928069594256356,0.7281070840035238,0.0,0.0
83,Device,Conv2D,model/conv2d_34/Conv2D,2,126.977,63.4885,126.977,63.4885,0.0013928069594256356,0.7294998909629494,0.0,0.0
84,Device,Conv2DBackpropFilter,gradient_tape/model/conv2d_49/Conv2D/Conv2DBackpropFilter,2,126.976,63.488,126.976,63.488,0.0013927959904551966,0.7308926869534046,0.0,0.0
85,Device,Conv2D,model/conv2d_37/Conv2D,2,125.953,62.9765,125.953,62.9765,0.0013815747336961583,0.7322742616871007,0.0,0.0
86,Device,ResourceApplyGradientDescent,SGD/SGD/update_196/ResourceApplyGradientDescent,2,124.929,62.4645,124.929,62.4645,0.001370342507966681,0.7336446041950674,0.0,0.0
87,Device,Conv2D,model/conv2d_28/Conv2D,2,124.929,62.4645,124.929,62.4645,0.001370342507966681,0.735014946703034,0.0,0.0
88,Device,Conv2D,model/conv2d_40/Conv2D,2,124.929,62.4645,124.929,62.4645,0.001370342507966681,0.7363852892110007,0.0,0.0
89,Device,ResourceApplyGradientDescent,SGD/SGD/update_184/ResourceApplyGradientDescent,2,124.928,62.464,124.928,62.464,0.001370331538996242,0.7377556207499969,0.0,0.0
90,Device,Conv2D,model/conv2d_31/Conv2D,2,123.905,61.9525,123.905,61.9525,0.0013591102822372034,0.7391147310322341,0.0,0.0
91,Device,ResourceApplyGradientDescent,SGD/SGD/update_170/ResourceApplyGradientDescent,2,122.881,61.4405,122.881,61.4405,0.001347878056507726,0.7404626090887418,0.0,0.0
92,Device,Conv2DBackpropFilter,gradient_tape/model/conv2d_24/Conv2D/Conv2DBackpropFilter,2,122.88,61.44,122.88,61.44,0.001347867087537287,0.7418104761762792,0.0,0.0
93,Device,Mul,gradient_tape/conv2d_51/kernel/Regularizer/Mul_1,2,121.856,60.928,121.856,60.928,0.0013366348618078098,0.743147111038087,0.0,0.0
94,Device,Conv2D,model/conv2d_12/Conv2D,2,120.833,60.4165,120.833,60.4165,0.0013254136050487714,0.7444725246431357,0.0,0.0
95,Device,Conv2D,model/conv2d_16/Conv2D,2,120.833,60.4165,120.833,60.4165,0.0013254136050487714,0.7457979382481845,0.0,0.0
96,Device,Conv2DBackpropFilter,gradient_tape/model/conv2d_15/Conv2D/Conv2DBackpropFilter,4,120.832,30.208,120.832,30.208,0.0013254026360783322,0.7471233408842628,0.0,0.0
97,Device,Mul,gradient_tape/conv2d_48/kernel/Regularizer/Mul_1,2,119.81,59.905,119.81,59.905,0.0013141923482897328,0.7484375332325526,0.0,0.0
98,Device,Mul,gradient_tape/conv2d_44/kernel/Regularizer/Mul_1,2,119.808,59.904,119.808,59.904,0.001314170410348855,0.7497517036429014,0.0,0.0
99,Device,Conv2DBackpropFilter,gradient_tape/model/conv2d_16/Conv2D/Conv2DBackpropFilter,2,119.808,59.904,119.808,59.904,0.001314170410348855,0.7510658740532503,0.0,0.0
100,Device,Conv2DBackpropFilter,gradient_tape/model/conv2d_21/Conv2D/Conv2DBackpropFilter,4,118.784,29.696,118.784,29.696,0.0013029381846193777,0.7523688122378697,0.0,0.0
101,Device,Conv2D,model/conv2d_22/Conv2D,2,118.784,59.392,118.784,59.392,0.0013029381846193777,0.753671750422489,0.0,0.0
102,Device,Conv2DBackpropFilter,gradient_tape/model/conv2d_18/Conv2D/Conv2DBackpropFilter,4,117.761,29.44025,117.761,29.44025,0.0012917169278603392,0.7549634673503494,0.0,0.0
103,Device,FusedBatchNormV3,model/batch_normalization/FusedBatchNormV3,4,117.761,29.44025,117.761,29.44025,0.0012917169278603392,0.7562551842782097,0.0,0.0
104,Device,Conv2DBackpropFilter,gradient_tape/model/conv2d_19/Conv2D/Conv2DBackpropFilter,2,116.738,58.369,116.738,58.369,0.0012804956711013006,0.757535679949311,0.0,0.0
105,Device,Conv2DBackpropFilter,gradient_tape/model/conv2d_22/Conv2D/Conv2DBackpropFilter,2,116.737,58.3685,116.737,58.3685,0.0012804847021308616,0.7588161646514419,0.0,0.0
106,Device,Conv2DBackpropFilter,gradient_tape/model/conv2d_12/Conv2D/Conv2DBackpropFilter,2,115.713,57.8565,115.713,57.8565,0.0012692524764013843,0.7600854171278433,0.0,0.0
107,Device,Conv2D,model/conv2d_19/Conv2D,2,115.713,57.8565,115.713,57.8565,0.0012692524764013843,0.7613546696042447,0.0,0.0
108,Device,AddV2,model/add_2/add,2,110.593,55.2965,110.593,55.2965,0.0012130913477539974,0.7625677609519987,0.0,0.0
109,Device,AddN,SGD/gradients/AddN_67,2,110.592,55.296,110.592,55.296,0.0012130803787835584,0.7637808413307823,0.0,0.0
110,Device,AddN,SGD/gradients/AddN_60,2,109.568,54.784,109.568,54.784,0.001201848153054081,0.7649826894838364,0.0,0.0
111,Device,AddN,SGD/gradients/AddN_61,2,109.568,54.784,109.568,54.784,0.001201848153054081,0.7661845376368905,0.0,0.0
112,Device,AddN,SGD/gradients/AddN_64,2,109.568,54.784,109.568,54.784,0.001201848153054081,0.7673863857899447,0.0,0.0
113,Device,AddV2,model/add/add,2,109.568,54.784,109.568,54.784,0.001201848153054081,0.7685882339429988,0.0,0.0
114,Device,ResourceApplyGradientDescent,SGD/SGD/update_174/ResourceApplyGradientDescent,2,108.545,54.2725,108.545,54.2725,0.0011906268962950427,0.7697788608392938,0.0,0.0
115,Device,AddV2,model/add_1/add,2,108.544,54.272,108.544,54.272,0.0011906159273246035,0.7709694767666184,0.0,0.0
116,Device,AddN,SGD/gradients/AddN_14,2,106.496,53.248,106.496,53.248,0.0011681514758656488,0.7721376282424841,0.0,0.0
117,Device,Conv2D,model/conv2d_24/Conv2D,2,106.496,53.248,106.496,53.248,0.0011681514758656488,0.7733057797183498,0.0,0.0
118,Device,AddN,SGD/gradients/AddN_13,2,105.472,52.736,105.472,52.736,0.0011569192501361715,0.774462698968486,0.0,0.0
119,Device,Conv2DBackpropInput,gradient_tape/model/conv2d_12/Conv2D/Conv2DBackpropInput,4,105.472,26.368,105.472,26.368,0.0011569192501361715,0.7756196182186221,0.0,0.0
120,Device,AddN,SGD/gradients/AddN_12,2,104.449,52.2245,104.449,52.2245,0.001145697993377133,0.7767653162119993,0.0,0.0
121,Device,Conv2DBackpropInput,gradient_tape/model/conv2d_19/Conv2D/Conv2DBackpropInput,4,104.449,26.11225,104.449,26.11225,0.001145697993377133,0.7779110142053764,0.0,0.0
122,Device,ReluGrad,gradient_tape/model/activation_6/ReluGrad,2,103.425,51.7125,103.425,51.7125,0.0011344657676476556,0.7790454799730241,0.0,0.0
123,Device,ReluGrad,gradient_tape/model/activation_3/ReluGrad,2,103.424,51.712,103.424,51.712,0.0011344547986772168,0.7801799347717013,0.0,0.0
124,Device,Conv2DBackpropFilter,gradient_tape/model/conv2d_33/Conv2D/Conv2DBackpropFilter,2,102.4,51.2,102.4,51.2,0.0011232225729477393,0.7813031573446491,0.0,0.0
125,Device,Conv2DBackpropInput,gradient_tape/model/conv2d_13/Conv2D/Conv2DBackpropInput,4,101.377,25.34425,101.377,25.34425,0.0011120013161887007,0.7824151586608378,0.0,0.0
126,Device,Conv2DBackpropInput,gradient_tape/model/conv2d_22/Conv2D/Conv2DBackpropInput,4,101.377,25.34425,101.377,25.34425,0.0011120013161887007,0.7835271599770265,0.0,0.0
127,Device,ReluGrad,gradient_tape/model/activation_9/ReluGrad,2,101.376,50.688,101.376,50.688,0.001111990347218262,0.7846391503242448,0.0,0.0
128,Device,Conv2DBackpropInput,gradient_tape/model/conv2d_16/Conv2D/Conv2DBackpropInput,4,101.376,25.344,101.376,25.344,0.001111990347218262,0.7857511406714631,0.0,0.0
129,Device,Conv2DBackpropFilter,gradient_tape/model/conv2d_26/Conv2D/Conv2DBackpropFilter,2,101.376,50.688,101.376,50.688,0.001111990347218262,0.7868631310186814,0.0,0.0
130,Device,Conv2DBackpropFilter,gradient_tape/model/conv2d_36/Conv2D/Conv2DBackpropFilter,2,100.353,50.1765,100.353,50.1765,0.0011007690904592234,0.7879639001091406,0.0,0.0
131,Device,Conv2DBackpropFilter,gradient_tape/model/conv2d_39/Conv2D/Conv2DBackpropFilter,2,100.352,50.176,100.352,50.176,0.0011007581214887846,0.7890646582306294,0.0,0.0
132,Device,Conv2DBackpropInput,gradient_tape/model/conv2d_5/Conv2D/Conv2DBackpropInput,2,100.352,50.176,100.352,50.176,0.0011007581214887846,0.7901654163521182,0.0,0.0
133,Device,Conv2DBackpropFilter,gradient_tape/model/conv2d_30/Conv2D/Conv2DBackpropFilter,2,99.329,49.6645,99.329,49.6645,0.001089536864729746,0.791254953216848,0.0,0.0
134,Device,Conv2DBackpropFilter,gradient_tape/model/conv2d_40/Conv2D/Conv2DBackpropFilter,2,99.329,49.6645,99.329,49.6645,0.001089536864729746,0.7923444900815778,0.0,0.0
135,Device,ReluGrad,gradient_tape/model/activation/ReluGrad,2,99.328,49.664,99.328,49.664,0.001089525895759307,0.7934340159773371,0.0,0.0
136,Device,Conv2DBackpropFilter,gradient_tape/model/conv2d_42/Conv2D/Conv2DBackpropFilter,2,98.305,49.1525,98.305,49.1525,0.0010783046390002687,0.7945123206163374,0.0,0.0
137,Device,Conv2DBackpropInput,gradient_tape/model/conv2d_2/Conv2D/Conv2DBackpropInput,4,98.304,24.576,98.304,24.576,0.0010782936700298297,0.7955906142863672,0.0,0.0
138,Device,Conv2DBackpropInput,gradient_tape/model/conv2d_20/Conv2D/Conv2DBackpropInput,4,98.304,24.576,98.304,24.576,0.0010782936700298297,0.7966689079563971,0.0,0.0
139,Device,Conv2DBackpropInput,gradient_tape/model/conv2d_23/Conv2D/Conv2DBackpropInput,4,98.304,24.576,98.304,24.576,0.0010782936700298297,0.797747201626427,0.0,0.0
140,Device,Conv2DBackpropFilter,gradient_tape/model/conv2d_28/Conv2D/Conv2DBackpropFilter,2,98.304,49.152,98.304,49.152,0.0010782936700298297,0.7988254952964569,0.0,0.0
141,Device,SoftmaxCrossEntropyWithLogits,categorical_crossentropy/softmax_cross_entropy_with_logits,2,97.28,48.64,97.28,48.64,0.0010670614443003524,0.7998925567407572,0.0,0.0
142,Device,Conv2DBackpropFilter,gradient_tape/model/conv2d_34/Conv2D/Conv2DBackpropFilter,2,97.28,48.64,97.28,48.64,0.0010670614443003524,0.8009596181850576,0.0,0.0
143,Device,Conv2DBackpropFilter,gradient_tape/model/conv2d_37/Conv2D/Conv2DBackpropFilter,2,97.28,48.64,97.28,48.64,0.0010670614443003524,0.8020266796293579,0.0,0.0
144,Device,Conv2DBackpropInput,gradient_tape/model/conv2d_17/Conv2D/Conv2DBackpropInput,4,96.256,24.064,96.256,24.064,0.001055829218570875,0.8030825088479288,0.0,0.0
145,Device,Conv2DBackpropFilter,gradient_tape/model/conv2d_31/Conv2D/Conv2DBackpropFilter,2,96.256,48.128,96.256,48.128,0.001055829218570875,0.8041383380664996,0.0,0.0
146,Device,Conv2DBackpropInput,gradient_tape/model/conv2d_6/Conv2D/Conv2DBackpropInput,4,95.233,23.80825,95.233,23.80825,0.0010446079618118365,0.8051829460283114,0.0,0.0
147,Device,Conv2DBackpropInput,gradient_tape/model/conv2d_8/Conv2D/Conv2DBackpropInput,2,95.232,47.616,95.232,47.616,0.0010445969928413975,0.8062275430211528,0.0,0.0
148,Device,Conv2DBackpropInput,gradient_tape/model/conv2d_9/Conv2D/Conv2DBackpropInput,4,94.208,23.552,94.208,23.552,0.0010333647671119202,0.8072609077882648,0.0,0.0
149,Device,Conv2D,model/conv2d_2/Conv2D,4,94.208,23.552,94.208,23.552,0.0010333647671119202,0.8082942725553767,0.0,0.0
150,Device,Conv2D,model/conv2d_6/Conv2D,4,94.208,23.552,94.208,23.552,0.0010333647671119202,0.8093276373224886,0.0,0.0
151,Device,Mul,gradient_tape/conv2d_46/kernel/Regularizer/Mul_1,2,93.185,46.5925,93.185,46.5925,0.0010221435103528818,0.8103497808328415,0.0,0.0
152,Device,Conv2D,model/conv2d_3/Conv2D,2,93.185,46.5925,93.185,46.5925,0.0010221435103528818,0.8113719243431944,0.0,0.0
153,Device,Conv2D,model/conv2d_9/Conv2D,4,93.184,23.296,93.184,23.296,0.0010221325413824428,0.8123940568845768,0.0,0.0
154,Device,Conv2D,model/conv2d_4/Conv2D,2,92.161,46.0805,92.161,46.0805,0.0010109112846234042,0.8134049681692002,0.0,0.0
155,Device,Conv2DBackpropInput,gradient_tape/model/conv2d_28/Conv2D/Conv2DBackpropInput,2,92.16,46.08,92.16,46.08,0.0010109003156529653,0.8144158684848531,0.0,0.0
156,Device,Conv2DBackpropInput,gradient_tape/model/conv2d_3/Conv2D/Conv2DBackpropInput,2,92.16,46.08,92.16,46.08,0.0010109003156529653,0.8154267688005061,0.0,0.0
157,Device,Conv2DBackpropInput,gradient_tape/model/conv2d_31/Conv2D/Conv2DBackpropInput,2,91.137,45.5685,91.137,45.5685,0.000999679058893927,0.8164264478594001,0.0,0.0
158,Device,Conv2DBackpropInput,gradient_tape/model/conv2d_34/Conv2D/Conv2DBackpropInput,2,91.136,45.568,91.136,45.568,0.000999668089923488,0.8174261159493236,0.0,0.0
159,Device,Conv2DBackpropInput,gradient_tape/model/conv2d_40/Conv2D/Conv2DBackpropInput,2,91.136,45.568,91.136,45.568,0.000999668089923488,0.818425784039247,0.0,0.0
160,Device,Conv2D,model/conv2d_7/Conv2D,2,90.113,45.0565,90.113,45.0565,0.0009884468331644496,0.8194142308724115,0.0,0.0
161,Device,Conv2D,model/conv2d_10/Conv2D,2,90.112,45.056,90.112,45.056,0.0009884358641940106,0.8204026667366056,0.0,0.0
162,Device,Conv2DBackpropInput,gradient_tape/model/conv2d_37/Conv2D/Conv2DBackpropInput,2,89.089,44.5445,89.089,44.5445,0.000977214607434972,0.8213798813440405,0.0,0.0
163,Device,Conv2D,model/conv2d_30/Conv2D,2,86.017,43.0085,86.017,43.0085,0.0009435179302465399,0.822323399274287,0.0,0.0
164,Device,Conv2DBackpropInput,gradient_tape/model/conv2d_10/Conv2D/Conv2DBackpropInput,2,86.016,43.008,86.016,43.008,0.000943506961276101,0.8232669062355631,0.0,0.0
165,Device,Conv2D,model/conv2d_36/Conv2D,2,86.016,43.008,86.016,43.008,0.000943506961276101,0.8242104131968392,0.0,0.0
166,Device,Conv2D,model/conv2d_39/Conv2D,2,86.016,43.008,86.016,43.008,0.000943506961276101,0.8251539201581153,0.0,0.0
167,Device,Conv2D,model/conv2d_21/Conv2D,2,84.994,42.497,84.994,42.497,0.0009322966734875015,0.8260862168316028,0.0,0.0
168,Device,MaxPoolGrad,gradient_tape/model/max_pooling2d/MaxPool/MaxPoolGrad,2,84.993,42.4965,84.993,42.4965,0.0009322857045170625,0.8270185025361199,0.0,0.0
169,Device,Conv2D,model/conv2d_18/Conv2D,2,84.992,42.496,84.992,42.496,0.0009322747355466237,0.8279507772716664,0.0,0.0
170,Device,Conv2D,model/conv2d_33/Conv2D,2,84.992,42.496,84.992,42.496,0.0009322747355466237,0.828883052007213,0.0,0.0
171,Device,FusedBatchNormV3,model/batch_normalization_6/FusedBatchNormV3,4,83.969,20.99225,83.969,20.99225,0.0009210534787875851,0.8298041054860006,0.0,0.0
172,Device,FusedBatchNormV3,model/batch_normalization_9/FusedBatchNormV3,4,83.969,20.99225,83.969,20.99225,0.0009210534787875851,0.8307251589647882,0.0,0.0
173,Device,Conv2D,model/conv2d_15/Conv2D,2,83.968,41.984,83.968,41.984,0.0009210425098171462,0.8316462014746053,0.0,0.0
174,Device,Conv2D,model/conv2d_42/Conv2D,2,83.968,41.984,83.968,41.984,0.0009210425098171462,0.8325672439844225,0.0,0.0
175,Device,Square,conv2d_51/kernel/Regularizer/Square,2,82.945,41.4725,82.945,41.4725,0.0009098212530581077,0.8334770652374807,0.0,0.0
176,Device,Conv2DBackpropInput,gradient_tape/model/conv2d_7/Conv2D/Conv2DBackpropInput,2,82.945,41.4725,82.945,41.4725,0.0009098212530581077,0.8343868864905388,0.0,0.0
177,Device,Conv2D,model/conv2d_8/Conv2D,2,82.945,41.4725,82.945,41.4725,0.0009098212530581077,0.835296707743597,0.0,0.0
178,Device,Conv2DBackpropFilter,gradient_tape/model/conv2d_43/Conv2D/Conv2DBackpropFilter,2,82.944,41.472,82.944,41.472,0.0009098102840876689,0.8362065180276846,0.0,0.0
179,Device,FusedBatchNormV3,model/batch_normalization_3/FusedBatchNormV3,4,82.944,20.736,82.944,20.736,0.0009098102840876689,0.8371163283117723,0.0,0.0
180,Device,Conv2D,model/conv2d_26/Conv2D,2,82.944,41.472,82.944,41.472,0.0009098102840876689,0.83802613859586,0.0,0.0
181,Device,Conv2D,model/conv2d_5/Conv2D,2,82.944,41.472,82.944,41.472,0.0009098102840876689,0.8389359488799476,0.0,0.0
182,Device,Square,conv2d_44/kernel/Regularizer/Square,2,81.921,40.9605,81.921,40.9605,0.0008985890273286304,0.8398345379072762,0.0,0.0
183,Device,Conv2DBackpropInput,gradient_tape/model/conv2d_4/Conv2D/Conv2DBackpropInput,2,81.921,40.9605,81.921,40.9605,0.0008985890273286304,0.8407331269346049,0.0,0.0
184,Device,Square,conv2d_48/kernel/Regularizer/Square,2,81.92,40.96,81.92,40.96,0.0008985780583581915,0.8416317049929631,0.0,0.0
185,Device,Mul,gradient_tape/conv2d_44/kernel/Regularizer/Mul,2,81.92,40.96,81.92,40.96,0.0008985780583581915,0.8425302830513214,0.0,0.0
186,Device,BiasAddGrad,gradient_tape/model/conv2d_46/BiasAdd/BiasAddGrad,2,77.824,38.912,77.824,38.912,0.0008536491554402818,0.8433839322067617,0.0,0.0
187,Device,BiasAddGrad,gradient_tape/model/conv2d_49/BiasAdd/BiasAddGrad,2,77.824,38.912,77.824,38.912,0.0008536491554402818,0.844237581362202,0.0,0.0
188,Device,BiasAddGrad,gradient_tape/model/conv2d_52/BiasAdd/BiasAddGrad,2,77.824,38.912,77.824,38.912,0.0008536491554402818,0.8450912305176422,0.0,0.0
189,Device,BiasAdd,model/conv2d/BiasAdd,2,76.8,38.4,76.8,38.4,0.0008424169297108045,0.845933647447353,0.0,0.0
190,Device,Conv2DBackpropInput,gradient_tape/model/conv2d_18/Conv2D/Conv2DBackpropInput,2,73.729,36.8645,73.729,36.8645,0.0008087312214928112,0.8467423786688458,0.0,0.0
191,Device,Square,conv2d_46/kernel/Regularizer/Square,2,73.728,36.864,73.728,36.864,0.0008087202525223722,0.8475510989213682,0.0,0.0
192,Device,Conv2DBackpropInput,gradient_tape/model/conv2d_15/Conv2D/Conv2DBackpropInput,2,73.728,36.864,73.728,36.864,0.0008087202525223722,0.8483598191738905,0.0,0.0
193,Device,Conv2DBackpropInput,gradient_tape/model/conv2d_21/Conv2D/Conv2DBackpropInput,2,73.728,36.864,73.728,36.864,0.0008087202525223722,0.8491685394264128,0.0,0.0
194,Device,BiasAdd,model/conv2d_4/BiasAdd,2,73.728,36.864,73.728,36.864,0.0008087202525223722,0.8499772596789351,0.0,0.0
195,Device,Tile,gradient_tape/conv2d_44/kernel/Regularizer/Tile,2,72.704,36.352,72.704,36.352,0.0007974880267928948,0.850774747705728,0.0,0.0
196,Device,Relu,model/activation/Relu,2,72.704,36.352,72.704,36.352,0.0007974880267928948,0.8515722357325209,0.0,0.0
197,Device,Relu,model/activation_9/Relu,2,72.704,36.352,72.704,36.352,0.0007974880267928948,0.8523697237593139,0.0,0.0
198,Device,Conv2D,model/conv2d_13/Conv2D,2,67.585,33.7925,67.585,33.7925,0.0007413378671159468,0.8531110616264298,0.0,0.0
199,Device,Conv2D,model/conv2d_20/Conv2D,2,66.561,33.2805,66.561,33.2805,0.0007301056413864695,0.8538411672678162,0.0,0.0
200,Device,Conv2D,model/conv2d_23/Conv2D,2,66.561,33.2805,66.561,33.2805,0.0007301056413864695,0.8545712729092027,0.0,0.0
201,Device,Conv2D,model/conv2d_17/Conv2D,2,66.56,33.28,66.56,33.28,0.0007300946724160306,0.8553013675816187,0.0,0.0
202,Device,BiasAdd,model/conv2d_3/BiasAdd,2,65.537,32.7685,65.537,32.7685,0.0007188734156569922,0.8560202409972757,0.0,0.0
203,Device,BiasAdd,model/conv2d_10/BiasAdd,2,65.536,32.768,65.536,32.768,0.0007188624466865532,0.8567391034439622,0.0,0.0
204,Device,BiasAdd,model/conv2d_7/BiasAdd,2,65.536,32.768,65.536,32.768,0.0007188624466865532,0.8574579658906487,0.0,0.0
205,Device,FusedBatchNormGradV3,gradient_tape/model/batch_normalization_42/FusedBatchNormGradV3,2,63.488,31.744,63.488,31.744,0.0006963979952275983,0.8581543638858763,0.0,0.0
206,Device,FusedBatchNormGradV3,gradient_tape/model/batch_normalization_45/FusedBatchNormGradV3,2,62.464,31.232,62.464,31.232,0.000685165769498121,0.8588395296553745,0.0,0.0
207,Device,Conv2DBackpropFilter,gradient_tape/model/conv2d_1/Conv2D/Conv2DBackpropFilter,2,62.464,31.232,62.464,31.232,0.000685165769498121,0.8595246954248726,0.0,0.0
208,Device,Tile,gradient_tape/conv2d_46/kernel/Regularizer/Tile,2,61.441,30.7205,61.441,30.7205,0.0006739445127390825,0.8601986399376117,0.0,0.0
209,Device,FusedBatchNormGradV3,gradient_tape/model/batch_normalization_21/FusedBatchNormGradV3,2,61.44,30.72,61.44,30.72,0.0006739335437686435,0.8608725734813804,0.0,0.0
210,Device,FusedBatchNormV3,model/batch_normalization_42/FusedBatchNormV3,4,61.44,15.36,61.44,15.36,0.0006739335437686435,0.861546507025149,0.0,0.0
211,Device,FusedBatchNormV3,model/batch_normalization_45/FusedBatchNormV3,4,61.44,15.36,61.44,15.36,0.0006739335437686435,0.8622204405689177,0.0,0.0
212,Device,FusedBatchNormGradV3,gradient_tape/model/batch_normalization_12/FusedBatchNormGradV3,2,60.418,30.209,60.418,30.209,0.0006627232559800441,0.8628831638248977,0.0,0.0
213,Device,Conv2D,model/conv2d_11/Conv2D,2,60.417,30.2085,60.417,30.2085,0.0006627122870096052,0.8635458761119074,0.0,0.0
214,Device,Mul,gradient_tape/conv2d_46/kernel/Regularizer/Mul,2,60.416,30.208,60.416,30.208,0.0006627013180391661,0.8642085774299465,0.0,0.0
215,Device,Relu,model/activation_3/Relu,2,60.416,30.208,60.416,30.208,0.0006627013180391661,0.8648712787479856,0.0,0.0
216,Device,Relu,model/activation_6/Relu,2,60.416,30.208,60.416,30.208,0.0006627013180391661,0.8655339800660248,0.0,0.0
217,Device,FusedBatchNormV3,model/batch_normalization_48/FusedBatchNormV3,4,60.416,15.104,60.416,15.104,0.0006627013180391661,0.8661966813840639,0.0,0.0
218,Device,FusedBatchNormGradV3,gradient_tape/model/batch_normalization_48/FusedBatchNormGradV3,2,59.392,29.696,59.392,29.696,0.0006514690923096889,0.8668481504763736,0.0,0.0
219,Device,MaxPool,model/max_pooling2d/MaxPool,2,59.392,29.696,59.392,29.696,0.0006514690923096889,0.8674996195686834,0.0,0.0
220,Device,FusedBatchNormGradV3,gradient_tape/model/batch_normalization_18/FusedBatchNormGradV3,2,58.369,29.1845,58.369,29.1845,0.0006402478355506503,0.868139867404234,0.0,0.0
221,Device,FusedBatchNormGradV3,gradient_tape/model/batch_normalization_15/FusedBatchNormGradV3,2,58.368,29.184,58.368,29.184,0.0006402368665802114,0.8687801042708142,0.0,0.0
222,Device,ResourceApplyGradientDescent,SGD/SGD/update_176/ResourceApplyGradientDescent,2,57.344,28.672,57.344,28.672,0.000629004640850734,0.8694091089116649,0.0,0.0
223,Device,ResourceApplyGradientDescent,SGD/SGD/update_180/ResourceApplyGradientDescent,2,57.344,28.672,57.344,28.672,0.000629004640850734,0.8700381135525156,0.0,0.0
224,Device,ResourceApplyGradientDescent,SGD/SGD/update_192/ResourceApplyGradientDescent,2,57.344,28.672,57.344,28.672,0.000629004640850734,0.8706671181933663,0.0,0.0
225,Device,Mul,gradient_tape/conv2d_52/kernel/Regularizer/Mul_1,2,57.344,28.672,57.344,28.672,0.000629004640850734,0.871296122834217,0.0,0.0
226,Device,AddN,SGD/gradients/AddN_62,2,56.32,28.16,56.32,28.16,0.0006177724151212566,0.8719138952493383,0.0,0.0
227,Device,Sum,conv2d_48/kernel/Regularizer/Sum,2,55.296,27.648,55.296,27.648,0.0006065401893917792,0.87252043543873,0.0,0.0
228,Device,Mul,gradient_tape/conv2d_47/kernel/Regularizer/Mul_1,2,55.296,27.648,55.296,27.648,0.0006065401893917792,0.8731269756281218,0.0,0.0
229,Device,Mul,gradient_tape/conv2d_49/kernel/Regularizer/Mul_1,2,55.296,27.648,55.296,27.648,0.0006065401893917792,0.8737335158175136,0.0,0.0
230,Device,Mul,gradient_tape/conv2d_50/kernel/Regularizer/Mul_1,2,55.296,27.648,55.296,27.648,0.0006065401893917792,0.8743400560069053,0.0,0.0
231,Device,BiasAddGrad,gradient_tape/model/conv2d_4/BiasAdd/BiasAddGrad,2,55.296,27.648,55.296,27.648,0.0006065401893917792,0.8749465961962971,0.0,0.0
232,Device,Mul,gradient_tape/conv2d_45/kernel/Regularizer/Mul_1,2,54.272,27.136,54.272,27.136,0.0005953079636623018,0.8755419041599594,0.0,0.0
233,Device,ResourceApplyGradientDescent,SGD/SGD/update_200/ResourceApplyGradientDescent,2,53.248,26.624,53.248,26.624,0.0005840757379328244,0.8761259798978922,0.0,0.0
234,Device,AddN,SGD/gradients/AddN_66,2,52.225,26.1125,52.225,26.1125,0.000572854481173786,0.876698834379066,0.0,0.0
235,Device,ResourceApplyGradientDescent,SGD/SGD/update_188/ResourceApplyGradientDescent,2,52.224,26.112,52.224,26.112,0.000572843512203347,0.8772716778912694,0.0,0.0
236,Device,AddN,SGD/gradients/AddN_63,2,52.224,26.112,52.224,26.112,0.000572843512203347,0.8778445214034727,0.0,0.0
237,Device,BiasAddGrad,gradient_tape/model/conv2d_10/BiasAdd/BiasAddGrad,2,52.224,26.112,52.224,26.112,0.000572843512203347,0.878417364915676,0.0,0.0
238,Device,BiasAddGrad,gradient_tape/model/conv2d_7/BiasAdd/BiasAddGrad,2,52.224,26.112,52.224,26.112,0.000572843512203347,0.8789902084278793,0.0,0.0
239,Device,BiasAddGrad,gradient_tape/model/conv2d_27/BiasAdd/BiasAddGrad,2,50.176,25.088,50.176,25.088,0.0005503790607443923,0.8795405874886237,0.0,0.0
240,Device,AddN,SGD/gradients/AddN_68,2,49.153,24.5765,49.153,24.5765,0.0005391578039853538,0.8800797452926091,0.0,0.0
241,Device,AddN,SGD/gradients/AddN_11,2,49.152,24.576,49.152,24.576,0.0005391468350149149,0.880618892127624,0.0,0.0
242,Device,AddN,SGD/gradients/AddN_65,2,49.152,24.576,49.152,24.576,0.0005391468350149149,0.8811580389626389,0.0,0.0
243,Device,Sum,conv2d_44/kernel/Regularizer/Sum,2,49.152,24.576,49.152,24.576,0.0005391468350149149,0.8816971857976538,0.0,0.0
244,Device,Sum,conv2d_51/kernel/Regularizer/Sum,2,49.152,24.576,49.152,24.576,0.0005391468350149149,0.8822363326326687,0.0,0.0
245,Device,AddN,SGD/gradients/AddN_9,2,48.129,24.0645,48.129,24.0645,0.0005279255782558764,0.8827642582109245,0.0,0.0
246,Device,Conv2DBackpropInput,gradient_tape/model/conv2d_1/Conv2D/Conv2DBackpropInput,2,48.129,24.0645,48.129,24.0645,0.0005279255782558764,0.8832921837891804,0.0,0.0
247,Device,AddN,SGD/gradients/AddN_10,2,48.128,24.064,48.128,24.064,0.0005279146092854375,0.8838200983984659,0.0,0.0
248,Device,ReluGrad,gradient_tape/model/activation_21/ReluGrad,2,46.081,23.0405,46.081,23.0405,0.0005054611267969216,0.8843255595252628,0.0,0.0
249,Device,Sum,conv2d_46/kernel/Regularizer/Sum,2,45.056,22.528,45.056,22.528,0.0004942179320970053,0.8848197774573598,0.0,0.0
250,Device,AddN,SGD/gradients/AddN_8,2,44.033,22.0165,44.033,22.0165,0.00048299667533796683,0.8853027741326979,0.0,0.0
251,Device,BiasAddGrad,gradient_tape/model/conv2d_14/BiasAdd/BiasAddGrad,2,44.032,22.016,44.032,22.016,0.00048298570636752785,0.8857857598390654,0.0,0.0
252,Device,BiasAddGrad,gradient_tape/model/conv2d_39/BiasAdd/BiasAddGrad,2,43.009,21.5045,43.009,21.5045,0.00047176444960848944,0.8862575242886739,0.0,0.0
253,Device,AddN,ArithmeticOptimizer/AddOpsRewrite_AddN_1,12,43.008,3.584,43.008,3.584,0.0004717534806380505,0.886729277769312,0.0,0.0
254,Device,FusedBatchNormGradV3,gradient_tape/model/batch_normalization_39/FusedBatchNormGradV3,2,43.008,21.504,43.008,21.504,0.0004717534806380505,0.8872010312499501,0.0,0.0
255,Device,BiasAddGrad,gradient_tape/model/conv2d/BiasAdd/BiasAddGrad,2,43.008,21.504,43.008,21.504,0.0004717534806380505,0.8876727847305882,0.0,0.0
256,Device,BiasAddGrad,gradient_tape/model/conv2d_36/BiasAdd/BiasAddGrad,2,43.008,21.504,43.008,21.504,0.0004717534806380505,0.8881445382112263,0.0,0.0
257,Device,BiasAddGrad,gradient_tape/model/conv2d_42/BiasAdd/BiasAddGrad,2,43.008,21.504,43.008,21.504,0.0004717534806380505,0.8886162916918644,0.0,0.0
258,Device,Conv2D,model/conv2d_1/Conv2D,2,43.008,21.504,43.008,21.504,0.0004717534806380505,0.8890880451725025,0.0,0.0
259,Device,ReluGrad,gradient_tape/model/activation_12/ReluGrad,2,41.984,20.992,41.984,20.992,0.0004605212549085731,0.8895485664274111,0.0,0.0
260,Device,FusedBatchNormGradV3,gradient_tape/model/batch_normalization_24/FusedBatchNormGradV3,2,41.984,20.992,41.984,20.992,0.0004605212549085731,0.8900090876823197,0.0,0.0
261,Device,FusedBatchNormGradV3,gradient_tape/model/batch_normalization_27/FusedBatchNormGradV3,2,41.984,20.992,41.984,20.992,0.0004605212549085731,0.8904696089372283,0.0,0.0
262,Device,FusedBatchNormGradV3,gradient_tape/model/batch_normalization_36/FusedBatchNormGradV3,2,41.984,20.992,41.984,20.992,0.0004605212549085731,0.8909301301921368,0.0,0.0
263,Device,BiasAddGrad,gradient_tape/model/conv2d_30/BiasAdd/BiasAddGrad,2,41.984,20.992,41.984,20.992,0.0004605212549085731,0.8913906514470454,0.0,0.0
264,Device,BiasAddGrad,gradient_tape/model/conv2d_33/BiasAdd/BiasAddGrad,2,41.984,20.992,41.984,20.992,0.0004605212549085731,0.891851172701954,0.0,0.0
265,Device,BiasAdd,model/conv2d_14/BiasAdd,2,41.984,20.992,41.984,20.992,0.0004605212549085731,0.8923116939568626,0.0,0.0
266,Device,ReluGrad,gradient_tape/model/activation_15/ReluGrad,2,40.96,20.48,40.96,20.48,0.00044928902917909573,0.8927609829860417,0.0,0.0
267,Device,FusedBatchNormGradV3,gradient_tape/model/batch_normalization_30/FusedBatchNormGradV3,2,40.96,20.48,40.96,20.48,0.00044928902917909573,0.8932102720152207,0.0,0.0
268,Device,FusedBatchNormGradV3,gradient_tape/model/batch_normalization_33/FusedBatchNormGradV3,2,40.96,20.48,40.96,20.48,0.00044928902917909573,0.8936595610443998,0.0,0.0
269,Device,FusedBatchNormV3,model/batch_normalization_15/FusedBatchNormV3,4,40.96,10.24,40.96,10.24,0.00044928902917909573,0.8941088500735789,0.0,0.0
270,Device,ReluGrad,gradient_tape/model/activation_18/ReluGrad,2,39.936,19.968,39.936,19.968,0.00043805680344961834,0.8945469068770285,0.0,0.0
271,Device,FusedBatchNormV3,model/batch_normalization_12/FusedBatchNormV3,4,39.936,9.984,39.936,9.984,0.00043805680344961834,0.8949849636804782,0.0,0.0
272,Device,FusedBatchNormV3,model/batch_normalization_18/FusedBatchNormV3,4,39.936,9.984,39.936,9.984,0.00043805680344961834,0.8954230204839279,0.0,0.0
273,Device,Square,conv2d_45/kernel/Regularizer/Square,2,38.913,19.4565,38.913,19.4565,0.0004268355466905798,0.8958498560306184,0.0,0.0
274,Device,Mul,gradient_tape/conv2d_47/kernel/Regularizer/Mul,2,38.913,19.4565,38.913,19.4565,0.0004268355466905798,0.8962766915773089,0.0,0.0
275,Device,Square,conv2d_52/kernel/Regularizer/Square,2,38.912,19.456,38.912,19.456,0.0004268245777201409,0.8967035161550291,0.0,0.0
276,Device,FusedBatchNormV3,model/batch_normalization_24/FusedBatchNormV3,4,38.912,9.728,38.912,9.728,0.0004268245777201409,0.8971303407327492,0.0,0.0
277,Device,FusedBatchNormV3,model/batch_normalization_30/FusedBatchNormV3,4,38.912,9.728,38.912,9.728,0.0004268245777201409,0.8975571653104694,0.0,0.0
278,Device,FusedBatchNormV3,model/batch_normalization_36/FusedBatchNormV3,4,38.912,9.728,38.912,9.728,0.0004268245777201409,0.8979839898881895,0.0,0.0
279,Device,FusedBatchNormV3,model/batch_normalization_39/FusedBatchNormV3,4,37.889,9.47225,37.889,9.47225,0.0004156033209611025,0.8983995932091506,0.0,0.0
280,Device,Square,conv2d_47/kernel/Regularizer/Square,2,37.888,18.944,37.888,18.944,0.0004155923519906635,0.8988151855611413,0.0,0.0
281,Device,Square,conv2d_49/kernel/Regularizer/Square,2,37.888,18.944,37.888,18.944,0.0004155923519906635,0.8992307779131319,0.0,0.0
282,Device,Square,conv2d_50/kernel/Regularizer/Square,2,37.888,18.944,37.888,18.944,0.0004155923519906635,0.8996463702651225,0.0,0.0
283,Device,FusedBatchNormV3,model/batch_normalization_21/FusedBatchNormV3,4,37.888,9.472,37.888,9.472,0.0004155923519906635,0.9000619626171131,0.0,0.0
284,Device,FusedBatchNormV3,model/batch_normalization_27/FusedBatchNormV3,4,37.888,9.472,37.888,9.472,0.0004155923519906635,0.9004775549691038,0.0,0.0
285,Device,FusedBatchNormV3,model/batch_normalization_33/FusedBatchNormV3,4,37.888,9.472,37.888,9.472,0.0004155923519906635,0.9008931473210944,0.0,0.0
286,Device,Mul,gradient_tape/conv2d_45/kernel/Regularizer/Mul,2,36.864,18.432,36.864,18.432,0.0004043601262611861,0.9012975074473556,0.0,0.0
287,Device,AddV2,model/add_3/add,2,36.864,18.432,36.864,18.432,0.0004043601262611861,0.9017018675736168,0.0,0.0
288,Device,AddV2,model/add_5/add,2,36.864,18.432,36.864,18.432,0.0004043601262611861,0.902106227699878,0.0,0.0
289,Device,AddV2,model/add_6/add,2,34.817,17.4085,34.817,17.4085,0.0003819066437726703,0.9024881343436507,0.0,0.0
290,Device,AddN,SGD/gradients/AddN_51,2,34.816,17.408,34.816,17.408,0.0003818956748022314,0.9028700300184529,0.0,0.0
291,Device,Tile,gradient_tape/conv2d_47/kernel/Regularizer/Tile,2,34.816,17.408,34.816,17.408,0.0003818956748022314,0.9032519256932551,0.0,0.0
292,Device,BiasAddGrad,gradient_tape/model/conv2d_23/BiasAdd/BiasAddGrad,2,34.816,17.408,34.816,17.408,0.0003818956748022314,0.9036338213680573,0.0,0.0
293,Device,AddV2,model/add_4/add,2,34.816,17.408,34.816,17.408,0.0003818956748022314,0.9040157170428594,0.0,0.0
294,Device,AddN,SGD/gradients/AddN_45,2,33.792,16.896,33.792,16.896,0.000370663449072754,0.9043863804919322,0.0,0.0
295,Device,AddN,SGD/gradients/AddN_54,2,33.792,16.896,33.792,16.896,0.000370663449072754,0.904757043941005,0.0,0.0
296,Device,AddN,SGD/gradients/AddN_57,2,33.792,16.896,33.792,16.896,0.000370663449072754,0.9051277073900778,0.0,0.0
297,Device,Mul,gradient_tape/conv2d_25/kernel/Regularizer/Mul_1,2,33.792,16.896,33.792,16.896,0.000370663449072754,0.9054983708391505,0.0,0.0
298,Device,BiasAddGrad,gradient_tape/model/conv2d_17/BiasAdd/BiasAddGrad,2,33.792,16.896,33.792,16.896,0.000370663449072754,0.9058690342882233,0.0,0.0
299,Device,BiasAddGrad,gradient_tape/model/conv2d_20/BiasAdd/BiasAddGrad,2,33.792,16.896,33.792,16.896,0.000370663449072754,0.9062396977372961,0.0,0.0
300,Device,AddN,SGD/gradients/AddN_48,2,32.768,16.384,32.768,16.384,0.0003594312233432766,0.9065991289606393,0.0,0.0
301,Device,Tile,gradient_tape/conv2d_45/kernel/Regularizer/Tile,2,32.768,16.384,32.768,16.384,0.0003594312233432766,0.9069585601839826,0.0,0.0
302,Device,Mul,gradient_tape/conv2d_32/kernel/Regularizer/Mul_1,2,31.744,15.872,31.744,15.872,0.00034819899761379916,0.9073067591815964,0.0,0.0
303,Device,Relu,model/activation_21/Relu,2,31.744,15.872,31.744,15.872,0.00034819899761379916,0.9076549581792103,0.0,0.0
304,Device,AddN,SGD/gradients/AddN_41,2,30.721,15.3605,30.721,15.3605,0.00033697774085476075,0.907991935920065,0.0,0.0
305,Device,AddN,SGD/gradients/AddN_42,2,30.721,15.3605,30.721,15.3605,0.00033697774085476075,0.9083289136609197,0.0,0.0
306,Device,Mul,gradient_tape/conv2d_27/kernel/Regularizer/Mul_1,2,30.72,15.36,30.72,15.36,0.00033696677188432177,0.908665880432804,0.0,0.0
307,Device,Mul,gradient_tape/conv2d_35/kernel/Regularizer/Mul_1,2,30.72,15.36,30.72,15.36,0.00033696677188432177,0.9090028472046884,0.0,0.0
308,Device,Mul,gradient_tape/conv2d_38/kernel/Regularizer/Mul_1,2,30.72,15.36,30.72,15.36,0.00033696677188432177,0.9093398139765727,0.0,0.0
309,Device,Mul,gradient_tape/conv2d_41/kernel/Regularizer/Mul_1,2,30.72,15.36,30.72,15.36,0.00033696677188432177,0.909676780748457,0.0,0.0
310,Device,ResourceApplyGradientDescent,SGD/SGD/update_166/ResourceApplyGradientDescent,2,29.696,14.848,29.696,14.848,0.00032573454615484444,0.9100025152946118,0.0,0.0
311,Device,AddN,SGD/gradients/AddN_59,2,29.696,14.848,29.696,14.848,0.00032573454615484444,0.9103282498407667,0.0,0.0
312,Device,Mul,gradient_tape/conv2d_29/kernel/Regularizer/Mul_1,2,29.696,14.848,29.696,14.848,0.00032573454615484444,0.9106539843869215,0.0,0.0
313,Device,FusedBatchNormGradV3,gradient_tape/model/batch_normalization_1/FusedBatchNormGradV3,2,29.696,14.848,29.696,14.848,0.00032573454615484444,0.9109797189330763,0.0,0.0
314,Device,FusedBatchNormGradV3,gradient_tape/model/batch_normalization_4/FusedBatchNormGradV3,2,29.696,14.848,29.696,14.848,0.00032573454615484444,0.9113054534792311,0.0,0.0
315,Device,Mul,gradient_tape/conv2d_43/kernel/Regularizer/Mul_1,2,28.673,14.3365,28.673,14.3365,0.0003145132893958059,0.9116199667686269,0.0,0.0
316,Device,ReluGrad,gradient_tape/model/activation_39/ReluGrad,2,28.673,14.3365,28.673,14.3365,0.0003145132893958059,0.9119344800580227,0.0,0.0
317,Device,Sum,conv2d_47/kernel/Regularizer/Sum,2,28.672,14.336,28.672,14.336,0.000314502320425367,0.9122489823784481,0.0,0.0
318,Device,Sum,conv2d_49/kernel/Regularizer/Sum,2,28.672,14.336,28.672,14.336,0.000314502320425367,0.9125634846988735,0.0,0.0
319,Device,Sum,conv2d_50/kernel/Regularizer/Sum,2,28.672,14.336,28.672,14.336,0.000314502320425367,0.9128779870192989,0.0,0.0
320,Device,Sum,conv2d_52/kernel/Regularizer/Sum,2,28.672,14.336,28.672,14.336,0.000314502320425367,0.9131924893397243,0.0,0.0
321,Device,FusedBatchNormGradV3,gradient_tape/model/batch_normalization_5/FusedBatchNormGradV3,2,28.672,14.336,28.672,14.336,0.000314502320425367,0.9135069916601497,0.0,0.0
322,Device,FusedBatchNormGradV3,gradient_tape/model/batch_normalization_7/FusedBatchNormGradV3,2,28.672,14.336,28.672,14.336,0.000314502320425367,0.9138214939805751,0.0,0.0
323,Device,FusedBatchNormGradV3,gradient_tape/model/batch_normalization_8/FusedBatchNormGradV3,2,28.672,14.336,28.672,14.336,0.000314502320425367,0.9141359963010005,0.0,0.0
324,Device,FusedBatchNormV3,model/batch_normalization_1/FusedBatchNormV3,4,28.672,7.168,28.672,7.168,0.000314502320425367,0.9144504986214259,0.0,0.0
325,Device,Sum,conv2d_45/kernel/Regularizer/Sum,2,27.648,13.824,27.648,13.824,0.0003032700946958896,0.9147537687161218,0.0,0.0
326,Device,FusedBatchNormGradV3,gradient_tape/model/batch_normalization_2/FusedBatchNormGradV3,2,27.648,13.824,27.648,13.824,0.0003032700946958896,0.9150570388108177,0.0,0.0
327,Device,FusedBatchNormV3,model/batch_normalization_43/FusedBatchNormV3,4,27.648,6.912,27.648,6.912,0.0003032700946958896,0.9153603089055136,0.0,0.0
328,Device,Sum,conv2d_29/kernel/Regularizer/Sum,2,26.624,13.312,26.624,13.312,0.0002920378689664122,0.9156523467744799,0.0,0.0
329,Device,FusedBatchNormV3,model/batch_normalization_40/FusedBatchNormV3,4,26.624,6.656,26.624,6.656,0.0002920378689664122,0.9159443846434463,0.0,0.0
330,Device,FusedBatchNormV3,model/batch_normalization_44/FusedBatchNormV3,4,26.624,6.656,26.624,6.656,0.0002920378689664122,0.9162364225124127,0.0,0.0
331,Device,FusedBatchNormV3,model/batch_normalization_47/FusedBatchNormV3,4,26.624,6.656,26.624,6.656,0.0002920378689664122,0.916528460381379,0.0,0.0
332,Device,FusedBatchNormGradV3,gradient_tape/model/batch_normalization_41/FusedBatchNormGradV3,2,25.6,12.8,25.6,12.8,0.0002808056432369348,0.916809266024616,0.0,0.0
333,Device,BiasAddGrad,gradient_tape/model/conv2d_50/BiasAdd/BiasAddGrad,2,24.577,12.2885,24.577,12.2885,0.0002695843864778964,0.9170788504110939,0.0,0.0
334,Device,MatMul,model/dense/MatMul,2,24.577,12.2885,24.577,12.2885,0.0002695843864778964,0.9173484347975719,0.0,0.0
335,Device,ResourceApplyGradientDescent,SGD/SGD/update_100/ResourceApplyGradientDescent,2,24.576,12.288,24.576,12.288,0.00026957341750745743,0.9176180082150793,0.0,0.0
336,Device,FusedBatchNormGradV3,gradient_tape/model/batch_normalization_40/FusedBatchNormGradV3,2,24.576,12.288,24.576,12.288,0.00026957341750745743,0.9178875816325868,0.0,0.0
337,Device,FusedBatchNormGradV3,gradient_tape/model/batch_normalization_43/FusedBatchNormGradV3,2,24.576,12.288,24.576,12.288,0.00026957341750745743,0.9181571550500942,0.0,0.0
338,Device,FusedBatchNormGradV3,gradient_tape/model/batch_normalization_44/FusedBatchNormGradV3,2,24.576,12.288,24.576,12.288,0.00026957341750745743,0.9184267284676016,0.0,0.0
339,Device,FusedBatchNormGradV3,gradient_tape/model/batch_normalization_46/FusedBatchNormGradV3,2,24.576,12.288,24.576,12.288,0.00026957341750745743,0.9186963018851091,0.0,0.0
340,Device,FusedBatchNormGradV3,gradient_tape/model/batch_normalization_47/FusedBatchNormGradV3,2,24.576,12.288,24.576,12.288,0.00026957341750745743,0.9189658753026165,0.0,0.0
341,Device,Transpose,gradient_tape/model/conv2d/Conv2D/Conv2DBackpropFilter-0-TransposeNHWCToNCHW-LayoutOptimizer,2,24.576,12.288,24.576,12.288,0.00026957341750745743,0.919235448720124,0.0,0.0
342,Device,BiasAddGrad,gradient_tape/model/conv2d_44/BiasAdd/BiasAddGrad,2,24.576,12.288,24.576,12.288,0.00026957341750745743,0.9195050221376314,0.0,0.0
343,Device,BiasAddGrad,gradient_tape/model/conv2d_47/BiasAdd/BiasAddGrad,2,24.576,12.288,24.576,12.288,0.00026957341750745743,0.9197745955551389,0.0,0.0
344,Device,BiasAddGrad,gradient_tape/model/conv2d_48/BiasAdd/BiasAddGrad,2,24.576,12.288,24.576,12.288,0.00026957341750745743,0.9200441689726463,0.0,0.0
345,Device,BiasAddGrad,gradient_tape/model/conv2d_51/BiasAdd/BiasAddGrad,2,24.576,12.288,24.576,12.288,0.00026957341750745743,0.9203137423901537,0.0,0.0
346,Device,FusedBatchNormV3,model/batch_normalization_46/FusedBatchNormV3,4,24.576,6.144,24.576,6.144,0.00026957341750745743,0.9205833158076612,0.0,0.0
347,Device,Square,conv2d_38/kernel/Regularizer/Square,2,23.553,11.7765,23.553,11.7765,0.00025835216074841897,0.9208416679684096,0.0,0.0
348,Device,Sum,conv2d_35/kernel/Regularizer/Sum,2,23.552,11.776,23.552,11.776,0.00025834119177798004,0.9211000091601876,0.0,0.0
349,Device,FusedBatchNormV3,model/batch_normalization_41/FusedBatchNormV3,4,23.552,5.888,23.552,5.888,0.00025834119177798004,0.9213583503519657,0.0,0.0
350,Device,ResourceApplyGradientDescent,SGD/SGD/update_110/ResourceApplyGradientDescent,2,22.528,11.264,22.528,11.264,0.00024710896604850265,0.9216054593180142,0.0,0.0
351,Device,ResourceApplyGradientDescent,SGD/SGD/update_96/ResourceApplyGradientDescent,2,22.528,11.264,22.528,11.264,0.00024710896604850265,0.9218525682840627,0.0,0.0
352,Device,Sum,conv2d_25/kernel/Regularizer/Sum,2,22.528,11.264,22.528,11.264,0.00024710896604850265,0.9220996772501112,0.0,0.0
353,Device,Square,conv2d_32/kernel/Regularizer/Square,2,22.528,11.264,22.528,11.264,0.00024710896604850265,0.9223467862161597,0.0,0.0
354,Device,Square,conv2d_41/kernel/Regularizer/Square,2,22.528,11.264,22.528,11.264,0.00024710896604850265,0.9225938951822082,0.0,0.0
355,Device,Sum,conv2d_41/kernel/Regularizer/Sum,2,22.528,11.264,22.528,11.264,0.00024710896604850265,0.9228410041482568,0.0,0.0
356,Device,Mul,gradient_tape/conv2d_25/kernel/Regularizer/Mul,2,22.528,11.264,22.528,11.264,0.00024710896604850265,0.9230881131143053,0.0,0.0
357,Device,BiasAddGrad,gradient_tape/model/conv2d_43/BiasAdd/BiasAddGrad,2,22.528,11.264,22.528,11.264,0.00024710896604850265,0.9233352220803538,0.0,0.0
358,Device,ResourceApplyGradientDescent,SGD/SGD/update_122/ResourceApplyGradientDescent,2,21.504,10.752,21.504,10.752,0.00023587674031902526,0.9235710988206728,0.0,0.0
359,Device,ResourceApplyGradientDescent,SGD/SGD/update_158/ResourceApplyGradientDescent,2,21.504,10.752,21.504,10.752,0.00023587674031902526,0.9238069755609918,0.0,0.0
360,Device,Square,conv2d_25/kernel/Regularizer/Square,2,21.504,10.752,21.504,10.752,0.00023587674031902526,0.9240428523013108,0.0,0.0
361,Device,Sum,conv2d_32/kernel/Regularizer/Sum,2,21.504,10.752,21.504,10.752,0.00023587674031902526,0.9242787290416298,0.0,0.0
362,Device,Square,conv2d_35/kernel/Regularizer/Square,2,21.504,10.752,21.504,10.752,0.00023587674031902526,0.9245146057819488,0.0,0.0
363,Device,AddN,SGD/gradients/AddN_7,2,20.481,10.2405,20.481,10.2405,0.00022465548355998682,0.9247392612655088,0.0,0.0
364,Device,ResourceApplyGradientDescent,SGD/SGD/update_134/ResourceApplyGradientDescent,2,20.48,10.24,20.48,10.24,0.00022464451458954787,0.9249639057800983,0.0,0.0
365,Device,ResourceApplyGradientDescent,SGD/SGD/update_146/ResourceApplyGradientDescent,2,20.48,10.24,20.48,10.24,0.00022464451458954787,0.9251885502946879,0.0,0.0
366,Device,Square,conv2d_27/kernel/Regularizer/Square,2,20.48,10.24,20.48,10.24,0.00022464451458954787,0.9254131948092775,0.0,0.0
367,Device,Sum,conv2d_27/kernel/Regularizer/Sum,2,20.48,10.24,20.48,10.24,0.00022464451458954787,0.9256378393238671,0.0,0.0
368,Device,Sum,conv2d_30/kernel/Regularizer/Sum,2,20.48,10.24,20.48,10.24,0.00022464451458954787,0.9258624838384567,0.0,0.0
369,Device,Sum,conv2d_31/kernel/Regularizer/Sum,2,20.48,10.24,20.48,10.24,0.00022464451458954787,0.9260871283530463,0.0,0.0
370,Device,Sum,conv2d_33/kernel/Regularizer/Sum,2,20.48,10.24,20.48,10.24,0.00022464451458954787,0.9263117728676359,0.0,0.0
371,Device,Sum,conv2d_34/kernel/Regularizer/Sum,2,20.48,10.24,20.48,10.24,0.00022464451458954787,0.9265364173822255,0.0,0.0
372,Device,Sum,conv2d_36/kernel/Regularizer/Sum,2,20.48,10.24,20.48,10.24,0.00022464451458954787,0.9267610618968151,0.0,0.0
373,Device,Sum,conv2d_37/kernel/Regularizer/Sum,2,20.48,10.24,20.48,10.24,0.00022464451458954787,0.9269857064114047,0.0,0.0
374,Device,Sum,conv2d_38/kernel/Regularizer/Sum,2,20.48,10.24,20.48,10.24,0.00022464451458954787,0.9272103509259942,0.0,0.0
375,Device,Sum,conv2d_40/kernel/Regularizer/Sum,2,20.48,10.24,20.48,10.24,0.00022464451458954787,0.9274349954405838,0.0,0.0
376,Device,Sum,conv2d_42/kernel/Regularizer/Sum,2,20.48,10.24,20.48,10.24,0.00022464451458954787,0.9276596399551734,0.0,0.0
377,Device,Tile,gradient_tape/conv2d_25/kernel/Regularizer/Tile,2,20.48,10.24,20.48,10.24,0.00022464451458954787,0.927884284469763,0.0,0.0
378,Device,Tile,gradient_tape/conv2d_27/kernel/Regularizer/Tile,2,20.48,10.24,20.48,10.24,0.00022464451458954787,0.9281089289843526,0.0,0.0
379,Device,Tile,gradient_tape/conv2d_43/kernel/Regularizer/Tile,2,20.48,10.24,20.48,10.24,0.00022464451458954787,0.9283335734989422,0.0,0.0
380,Device,FusedBatchNormGradV3,gradient_tape/model/batch_normalization_31/FusedBatchNormGradV3,2,20.48,10.24,20.48,10.24,0.00022464451458954787,0.9285582180135318,0.0,0.0
381,Device,FusedBatchNormV3,model/batch_normalization_2/FusedBatchNormV3,4,20.48,5.12,20.48,5.12,0.00022464451458954787,0.9287828625281214,0.0,0.0
382,Device,FusedBatchNormV3,model/batch_normalization_23/FusedBatchNormV3,4,20.48,5.12,20.48,5.12,0.00022464451458954787,0.929007507042711,0.0,0.0
383,Device,FusedBatchNormV3,model/batch_normalization_26/FusedBatchNormV3,4,20.48,5.12,20.48,5.12,0.00022464451458954787,0.9292321515573005,0.0,0.0
384,Device,FusedBatchNormV3,model/batch_normalization_29/FusedBatchNormV3,4,20.48,5.12,20.48,5.12,0.00022464451458954787,0.9294567960718901,0.0,0.0
385,Device,FusedBatchNormV3,model/batch_normalization_32/FusedBatchNormV3,4,20.48,5.12,20.48,5.12,0.00022464451458954787,0.9296814405864797,0.0,0.0
386,Device,FusedBatchNormV3,model/batch_normalization_35/FusedBatchNormV3,4,20.48,5.12,20.48,5.12,0.00022464451458954787,0.9299060851010693,0.0,0.0
387,Device,FusedBatchNormV3,model/batch_normalization_38/FusedBatchNormV3,4,20.48,5.12,20.48,5.12,0.00022464451458954787,0.9301307296156589,0.0,0.0
388,Device,FusedBatchNormV3,model/batch_normalization_4/FusedBatchNormV3,4,20.48,5.12,20.48,5.12,0.00022464451458954787,0.9303553741302485,0.0,0.0
389,Device,FusedBatchNormV3,model/batch_normalization_5/FusedBatchNormV3,4,20.48,5.12,20.48,5.12,0.00022464451458954787,0.9305800186448381,0.0,0.0
390,Device,FusedBatchNormV3,model/batch_normalization_7/FusedBatchNormV3,4,20.48,5.12,20.48,5.12,0.00022464451458954787,0.9308046631594277,0.0,0.0
391,Device,FusedBatchNormV3,model/batch_normalization_8/FusedBatchNormV3,4,20.48,5.12,20.48,5.12,0.00022464451458954787,0.9310293076740173,0.0,0.0
392,Device,Softmax,model/dense/Softmax,2,20.48,10.24,20.48,10.24,0.00022464451458954787,0.9312539521886068,0.0,0.0
393,Device,Sum,conv2d_39/kernel/Regularizer/Sum,2,19.457,9.7285,19.457,9.7285,0.0002134232578305094,0.9314673754464373,0.0,0.0
394,Device,FusedBatchNormGradV3,gradient_tape/model/batch_normalization_34/FusedBatchNormGradV3,2,19.457,9.7285,19.457,9.7285,0.0002134232578305094,0.9316807987042678,0.0,0.0
395,Device,BiasAddGrad,gradient_tape/model/conv2d_38/BiasAdd/BiasAddGrad,2,19.457,9.7285,19.457,9.7285,0.0002134232578305094,0.9318942219620983,0.0,0.0
396,Device,AddN,SGD/gradients/AddN_15,2,19.456,9.728,19.456,9.728,0.00021341228886007045,0.9321076342509583,0.0,0.0
397,Device,AddN,SGD/gradients/AddN_3,2,19.456,9.728,19.456,9.728,0.00021341228886007045,0.9323210465398184,0.0,0.0
398,Device,AddN,SGD/gradients/AddN_4,2,19.456,9.728,19.456,9.728,0.00021341228886007045,0.9325344588286785,0.0,0.0
399,Device,AddN,SGD/gradients/AddN_6,2,19.456,9.728,19.456,9.728,0.00021341228886007045,0.9327478711175385,0.0,0.0
400,Device,Sum,conv2d_26/kernel/Regularizer/Sum,2,19.456,9.728,19.456,9.728,0.00021341228886007045,0.9329612834063986,0.0,0.0
401,Device,Sum,conv2d_28/kernel/Regularizer/Sum,2,19.456,9.728,19.456,9.728,0.00021341228886007045,0.9331746956952587,0.0,0.0
402,Device,Mul,gradient_tape/conv2d_43/kernel/Regularizer/Mul,2,19.456,9.728,19.456,9.728,0.00021341228886007045,0.9333881079841188,0.0,0.0
403,Device,ReluGrad,gradient_tape/model/activation_30/ReluGrad,2,19.456,9.728,19.456,9.728,0.00021341228886007045,0.9336015202729788,0.0,0.0
404,Device,ReluGrad,gradient_tape/model/activation_33/ReluGrad,2,19.456,9.728,19.456,9.728,0.00021341228886007045,0.9338149325618389,0.0,0.0
405,Device,ReluGrad,gradient_tape/model/activation_36/ReluGrad,2,19.456,9.728,19.456,9.728,0.00021341228886007045,0.934028344850699,0.0,0.0
406,Device,FusedBatchNormGradV3,gradient_tape/model/batch_normalization_22/FusedBatchNormGradV3,2,19.456,9.728,19.456,9.728,0.00021341228886007045,0.934241757139559,0.0,0.0
407,Device,FusedBatchNormGradV3,gradient_tape/model/batch_normalization_25/FusedBatchNormGradV3,2,19.456,9.728,19.456,9.728,0.00021341228886007045,0.9344551694284191,0.0,0.0
408,Device,FusedBatchNormGradV3,gradient_tape/model/batch_normalization_26/FusedBatchNormGradV3,2,19.456,9.728,19.456,9.728,0.00021341228886007045,0.9346685817172792,0.0,0.0
409,Device,FusedBatchNormGradV3,gradient_tape/model/batch_normalization_28/FusedBatchNormGradV3,2,19.456,9.728,19.456,9.728,0.00021341228886007045,0.9348819940061392,0.0,0.0
410,Device,FusedBatchNormGradV3,gradient_tape/model/batch_normalization_32/FusedBatchNormGradV3,2,19.456,9.728,19.456,9.728,0.00021341228886007045,0.9350954062949993,0.0,0.0
411,Device,FusedBatchNormGradV3,gradient_tape/model/batch_normalization_37/FusedBatchNormGradV3,2,19.456,9.728,19.456,9.728,0.00021341228886007045,0.9353088185838594,0.0,0.0
412,Device,FusedBatchNormGradV3,gradient_tape/model/batch_normalization_38/FusedBatchNormGradV3,2,19.456,9.728,19.456,9.728,0.00021341228886007045,0.9355222308727195,0.0,0.0
413,Device,BiasAddGrad,gradient_tape/model/conv2d_25/BiasAdd/BiasAddGrad,2,19.456,9.728,19.456,9.728,0.00021341228886007045,0.9357356431615795,0.0,0.0
414,Device,FusedBatchNormV3,model/batch_normalization_22/FusedBatchNormV3,4,19.456,4.864,19.456,4.864,0.00021341228886007045,0.9359490554504396,0.0,0.0
415,Device,FusedBatchNormV3,model/batch_normalization_25/FusedBatchNormV3,4,19.456,4.864,19.456,4.864,0.00021341228886007045,0.9361624677392997,0.0,0.0
416,Device,FusedBatchNormV3,model/batch_normalization_28/FusedBatchNormV3,4,19.456,4.864,19.456,4.864,0.00021341228886007045,0.9363758800281597,0.0,0.0
417,Device,FusedBatchNormV3,model/batch_normalization_31/FusedBatchNormV3,4,19.456,4.864,19.456,4.864,0.00021341228886007045,0.9365892923170198,0.0,0.0
418,Device,FusedBatchNormV3,model/batch_normalization_34/FusedBatchNormV3,4,19.456,4.864,19.456,4.864,0.00021341228886007045,0.9368027046058799,0.0,0.0
419,Device,FusedBatchNormV3,model/batch_normalization_37/FusedBatchNormV3,4,19.456,4.864,19.456,4.864,0.00021341228886007045,0.93701611689474,0.0,0.0
420,Device,BiasAdd,model/conv2d_1/BiasAdd,2,19.456,9.728,19.456,9.728,0.00021341228886007045,0.9372295291836,0.0,0.0
421,Device,Mul,gradient_tape/conv2d_27/kernel/Regularizer/Mul,2,18.433,9.2165,18.433,9.2165,0.000202191032101032,0.9374317202157011,0.0,0.0
422,Device,FusedBatchNormGradV3,gradient_tape/model/batch_normalization_35/FusedBatchNormGradV3,2,18.433,9.2165,18.433,9.2165,0.000202191032101032,0.9376339112478022,0.0,0.0
423,Device,AddN,SGD/gradients/AddN_43,2,18.432,9.216,18.432,9.216,0.00020218006313059306,0.9378360913109327,0.0,0.0
424,Device,AddN,SGD/gradients/AddN_46,2,18.432,9.216,18.432,9.216,0.00020218006313059306,0.9380382713740633,0.0,0.0
425,Device,AddN,SGD/gradients/AddN_5,2,18.432,9.216,18.432,9.216,0.00020218006313059306,0.9382404514371938,0.0,0.0
426,Device,AddN,SGD/gradients/AddN_52,2,18.432,9.216,18.432,9.216,0.00020218006313059306,0.9384426315003244,0.0,0.0
427,Device,Sum,conv2d_19/kernel/Regularizer/Sum,2,18.432,9.216,18.432,9.216,0.00020218006313059306,0.9386448115634549,0.0,0.0
428,Device,Square,conv2d_43/kernel/Regularizer/Square,2,18.432,9.216,18.432,9.216,0.00020218006313059306,0.9388469916265855,0.0,0.0
429,Device,Sum,conv2d_43/kernel/Regularizer/Sum,2,18.432,9.216,18.432,9.216,0.00020218006313059306,0.939049171689716,0.0,0.0
430,Device,Mul,gradient_tape/conv2d_26/kernel/Regularizer/Mul_1,2,18.432,9.216,18.432,9.216,0.00020218006313059306,0.9392513517528466,0.0,0.0
431,Device,Mul,gradient_tape/conv2d_28/kernel/Regularizer/Mul_1,2,18.432,9.216,18.432,9.216,0.00020218006313059306,0.9394535318159771,0.0,0.0
432,Device,ReluGrad,gradient_tape/model/activation_24/ReluGrad,2,18.432,9.216,18.432,9.216,0.00020218006313059306,0.9396557118791077,0.0,0.0
433,Device,ReluGrad,gradient_tape/model/activation_27/ReluGrad,2,18.432,9.216,18.432,9.216,0.00020218006313059306,0.9398578919422382,0.0,0.0
434,Device,FusedBatchNormGradV3,gradient_tape/model/batch_normalization_23/FusedBatchNormGradV3,2,18.432,9.216,18.432,9.216,0.00020218006313059306,0.9400600720053688,0.0,0.0
435,Device,FusedBatchNormGradV3,gradient_tape/model/batch_normalization_29/FusedBatchNormGradV3,2,18.432,9.216,18.432,9.216,0.00020218006313059306,0.9402622520684993,0.0,0.0
436,Device,BiasAddGrad,gradient_tape/model/conv2d_29/BiasAdd/BiasAddGrad,2,18.432,9.216,18.432,9.216,0.00020218006313059306,0.9404644321316299,0.0,0.0
437,Device,BiasAddGrad,gradient_tape/model/conv2d_32/BiasAdd/BiasAddGrad,2,18.432,9.216,18.432,9.216,0.00020218006313059306,0.9406666121947604,0.0,0.0
438,Device,BiasAddGrad,gradient_tape/model/conv2d_35/BiasAdd/BiasAddGrad,2,18.432,9.216,18.432,9.216,0.00020218006313059306,0.940868792257891,0.0,0.0
439,Device,BiasAddGrad,gradient_tape/model/conv2d_41/BiasAdd/BiasAddGrad,2,18.432,9.216,18.432,9.216,0.00020218006313059306,0.9410709723210215,0.0,0.0
440,Device,Relu,model/activation_12/Relu,2,18.432,9.216,18.432,9.216,0.00020218006313059306,0.9412731523841521,0.0,0.0
441,Device,Relu,model/activation_15/Relu,2,18.432,9.216,18.432,9.216,0.00020218006313059306,0.9414753324472827,0.0,0.0
442,Device,ResourceApplyGradientDescent,SGD/SGD/update_102/ResourceApplyGradientDescent,2,17.408,8.704,17.408,8.704,0.0001909478374011157,0.9416662802846838,0.0,0.0
443,Device,AddN,SGD/gradients/AddN_49,2,17.408,8.704,17.408,8.704,0.0001909478374011157,0.9418572281220849,0.0,0.0
444,Device,AddN,SGD/gradients/AddN_58,2,17.408,8.704,17.408,8.704,0.0001909478374011157,0.9420481759594861,0.0,0.0
445,Device,Sum,conv2d_12/kernel/Regularizer/Sum,2,17.408,8.704,17.408,8.704,0.0001909478374011157,0.9422391237968872,0.0,0.0
446,Device,Sum,conv2d_24/kernel/Regularizer/Sum,2,17.408,8.704,17.408,8.704,0.0001909478374011157,0.9424300716342884,0.0,0.0
447,Device,Square,conv2d_29/kernel/Regularizer/Square,2,17.408,8.704,17.408,8.704,0.0001909478374011157,0.9426210194716895,0.0,0.0
448,Device,ReluGrad,gradient_tape/model/activation_11/ReluGrad,2,17.408,8.704,17.408,8.704,0.0001909478374011157,0.9428119673090907,0.0,0.0
449,Device,ReluGrad,gradient_tape/model/activation_4/ReluGrad,2,17.408,8.704,17.408,8.704,0.0001909478374011157,0.9430029151464918,0.0,0.0
450,Device,ReluGrad,gradient_tape/model/activation_45/ReluGrad,2,17.408,8.704,17.408,8.704,0.0001909478374011157,0.943193862983893,0.0,0.0
451,Device,ReluGrad,gradient_tape/model/activation_7/ReluGrad,2,17.408,8.704,17.408,8.704,0.0001909478374011157,0.9433848108212941,0.0,0.0
452,Device,FusedBatchNormGradV3,gradient_tape/model/batch_normalization_13/FusedBatchNormGradV3,2,17.408,8.704,17.408,8.704,0.0001909478374011157,0.9435757586586953,0.0,0.0
453,Device,FusedBatchNormGradV3,gradient_tape/model/batch_normalization_14/FusedBatchNormGradV3,2,17.408,8.704,17.408,8.704,0.0001909478374011157,0.9437667064960964,0.0,0.0
454,Device,FusedBatchNormGradV3,gradient_tape/model/batch_normalization_19/FusedBatchNormGradV3,2,17.408,8.704,17.408,8.704,0.0001909478374011157,0.9439576543334975,0.0,0.0
455,Device,BiasAddGrad,gradient_tape/model/conv2d_19/BiasAdd/BiasAddGrad,2,17.408,8.704,17.408,8.704,0.0001909478374011157,0.9441486021708987,0.0,0.0
456,Device,BiasAddGrad,gradient_tape/model/conv2d_21/BiasAdd/BiasAddGrad,2,17.408,8.704,17.408,8.704,0.0001909478374011157,0.9443395500082998,0.0,0.0
457,Device,BiasAddGrad,gradient_tape/model/conv2d_5/BiasAdd/BiasAddGrad,2,17.408,8.704,17.408,8.704,0.0001909478374011157,0.944530497845701,0.0,0.0
458,Device,BiasAddGrad,gradient_tape/model/conv2d_8/BiasAdd/BiasAddGrad,2,17.408,8.704,17.408,8.704,0.0001909478374011157,0.9447214456831021,0.0,0.0
459,Device,Relu,model/activation_18/Relu,2,17.408,8.704,17.408,8.704,0.0001909478374011157,0.9449123935205033,0.0,0.0
460,Device,Sum,conv2d_20/kernel/Regularizer/Sum,2,16.385,8.1925,16.385,8.1925,0.00017972658064207726,0.9450921201011453,0.0,0.0
461,Device,Sum,conv2d_22/kernel/Regularizer/Sum,2,16.385,8.1925,16.385,8.1925,0.00017972658064207726,0.9452718466817873,0.0,0.0
462,Device,ReluGrad,gradient_tape/model/activation_8/ReluGrad,2,16.385,8.1925,16.385,8.1925,0.00017972658064207726,0.9454515732624293,0.0,0.0
463,Device,FusedBatchNormGradV3,gradient_tape/model/batch_normalization_20/FusedBatchNormGradV3,2,16.385,8.1925,16.385,8.1925,0.00017972658064207726,0.9456312998430714,0.0,0.0
464,Device,AddN,SGD/gradients/AddN_55,2,16.384,8.192,16.384,8.192,0.0001797156116716383,0.945811015454743,0.0,0.0
465,Device,Sum,conv2d_14/kernel/Regularizer/Sum,2,16.384,8.192,16.384,8.192,0.0001797156116716383,0.9459907310664146,0.0,0.0
466,Device,Sum,conv2d_16/kernel/Regularizer/Sum,2,16.384,8.192,16.384,8.192,0.0001797156116716383,0.9461704466780863,0.0,0.0
467,Device,ReluGrad,gradient_tape/model/activation_42/ReluGrad,2,16.384,8.192,16.384,8.192,0.0001797156116716383,0.9463501622897579,0.0,0.0
468,Device,ReluGrad,gradient_tape/model/activation_5/ReluGrad,2,16.384,8.192,16.384,8.192,0.0001797156116716383,0.9465298779014295,0.0,0.0
469,Device,FusedBatchNormGradV3,gradient_tape/model/batch_normalization_10/FusedBatchNormGradV3,2,16.384,8.192,16.384,8.192,0.0001797156116716383,0.9467095935131011,0.0,0.0
470,Device,FusedBatchNormGradV3,gradient_tape/model/batch_normalization_11/FusedBatchNormGradV3,2,16.384,8.192,16.384,8.192,0.0001797156116716383,0.9468893091247728,0.0,0.0
471,Device,FusedBatchNormGradV3,gradient_tape/model/batch_normalization_16/FusedBatchNormGradV3,2,16.384,8.192,16.384,8.192,0.0001797156116716383,0.9470690247364444,0.0,0.0
472,Device,BiasAddGrad,gradient_tape/model/conv2d_12/BiasAdd/BiasAddGrad,2,16.384,8.192,16.384,8.192,0.0001797156116716383,0.947248740348116,0.0,0.0
473,Device,BiasAddGrad,gradient_tape/model/conv2d_15/BiasAdd/BiasAddGrad,2,16.384,8.192,16.384,8.192,0.0001797156116716383,0.9474284559597876,0.0,0.0
474,Device,BiasAddGrad,gradient_tape/model/conv2d_16/BiasAdd/BiasAddGrad,2,16.384,8.192,16.384,8.192,0.0001797156116716383,0.9476081715714593,0.0,0.0
475,Device,BiasAddGrad,gradient_tape/model/conv2d_18/BiasAdd/BiasAddGrad,2,16.384,8.192,16.384,8.192,0.0001797156116716383,0.9477878871831309,0.0,0.0
476,Device,BiasAddGrad,gradient_tape/model/conv2d_22/BiasAdd/BiasAddGrad,2,16.384,8.192,16.384,8.192,0.0001797156116716383,0.9479676027948025,0.0,0.0
477,Device,BiasAddGrad,gradient_tape/model/conv2d_24/BiasAdd/BiasAddGrad,2,16.384,8.192,16.384,8.192,0.0001797156116716383,0.9481473184064741,0.0,0.0
478,Device,BiasAddGrad,gradient_tape/model/conv2d_28/BiasAdd/BiasAddGrad,2,16.384,8.192,16.384,8.192,0.0001797156116716383,0.9483270340181458,0.0,0.0
479,Device,BiasAddGrad,gradient_tape/model/conv2d_31/BiasAdd/BiasAddGrad,2,16.384,8.192,16.384,8.192,0.0001797156116716383,0.9485067496298174,0.0,0.0
480,Device,BiasAddGrad,gradient_tape/model/conv2d_34/BiasAdd/BiasAddGrad,2,16.384,8.192,16.384,8.192,0.0001797156116716383,0.948686465241489,0.0,0.0
481,Device,BiasAddGrad,gradient_tape/model/conv2d_40/BiasAdd/BiasAddGrad,2,16.384,8.192,16.384,8.192,0.0001797156116716383,0.9488661808531607,0.0,0.0
482,Device,BiasAddGrad,gradient_tape/model/conv2d_9/BiasAdd/BiasAddGrad,2,16.384,8.192,16.384,8.192,0.0001797156116716383,0.9490458964648323,0.0,0.0
483,Device,MatMul,gradient_tape/model/dense/MatMul/MatMul_1,2,16.384,8.192,16.384,8.192,0.0001797156116716383,0.9492256120765039,0.0,0.0
484,Device,FusedBatchNormV3,model/batch_normalization_10/FusedBatchNormV3,4,16.384,4.096,16.384,4.096,0.0001797156116716383,0.9494053276881755,0.0,0.0
485,Device,FusedBatchNormV3,model/batch_normalization_11/FusedBatchNormV3,4,16.384,4.096,16.384,4.096,0.0001797156116716383,0.9495850432998472,0.0,0.0
486,Device,FusedBatchNormV3,model/batch_normalization_13/FusedBatchNormV3,4,16.384,4.096,16.384,4.096,0.0001797156116716383,0.9497647589115188,0.0,0.0
487,Device,FusedBatchNormV3,model/batch_normalization_16/FusedBatchNormV3,4,16.384,4.096,16.384,4.096,0.0001797156116716383,0.9499444745231904,0.0,0.0
488,Device,FusedBatchNormV3,model/batch_normalization_17/FusedBatchNormV3,4,16.384,4.096,16.384,4.096,0.0001797156116716383,0.950124190134862,0.0,0.0
489,Device,FusedBatchNormV3,model/batch_normalization_19/FusedBatchNormV3,4,16.384,4.096,16.384,4.096,0.0001797156116716383,0.9503039057465337,0.0,0.0
490,Device,FusedBatchNormV3,model/batch_normalization_20/FusedBatchNormV3,4,16.384,4.096,16.384,4.096,0.0001797156116716383,0.9504836213582053,0.0,0.0
491,Device,BiasAdd,model/conv2d_13/BiasAdd,2,16.384,8.192,16.384,8.192,0.0001797156116716383,0.9506633369698769,0.0,0.0
492,Device,BiasAdd,model/conv2d_17/BiasAdd,2,16.384,8.192,16.384,8.192,0.0001797156116716383,0.9508430525815486,0.0,0.0
493,Device,BiasAdd,model/conv2d_23/BiasAdd,2,16.384,8.192,16.384,8.192,0.0001797156116716383,0.9510227681932202,0.0,0.0
494,Device,AddN,SGD/gradients/AddN_2,2,15.36,7.68,15.36,7.68,0.00016848338594216089,0.9511912515791623,0.0,0.0
495,Device,Mul,gradient_tape/conv2d_30/kernel/Regularizer/Mul_1,2,15.36,7.68,15.36,7.68,0.00016848338594216089,0.9513597349651044,0.0,0.0
496,Device,ReluGrad,gradient_tape/model/activation_1/ReluGrad,2,15.36,7.68,15.36,7.68,0.00016848338594216089,0.9515282183510465,0.0,0.0
497,Device,ReluGrad,gradient_tape/model/activation_2/ReluGrad,2,15.36,7.68,15.36,7.68,0.00016848338594216089,0.9516967017369886,0.0,0.0
498,Device,FusedBatchNormGradV3,gradient_tape/model/batch_normalization_17/FusedBatchNormGradV3,2,15.36,7.68,15.36,7.68,0.00016848338594216089,0.9518651851229307,0.0,0.0
499,Device,BiasAddGrad,gradient_tape/model/conv2d_37/BiasAdd/BiasAddGrad,2,15.36,7.68,15.36,7.68,0.00016848338594216089,0.9520336685088728,0.0,0.0
500,Device,AddV2,model/add_10/add,2,15.36,7.68,15.36,7.68,0.00016848338594216089,0.9522021518948149,0.0,0.0
501,Host,IDLE,IDLE,0,328621.356,0.0,328621.356,0.0,0.0,0.0,0.9975734282821478,0.9975734282821478
502,Host,GatherV2,GatherV2,2,377.766,188.883,377.766,188.883,0.0,0.0,0.0011467584708902297,0.998720186753038
503,Host,Dataset,Iterator::Root::ParallelMapV2,2,54.691,27.3455,54.691,27.3455,0.0,0.0,0.00016602173708448497,0.9988862084901224
504,Host,Dataset,Iterator::Root::ParallelMapV2::Zip[1]::ForeverRepeat,2,68.841,34.4205,51.841,25.9205,0.0,0.0,0.00015737018654251678,0.9990435786766649
505,Host,GatherV2,GatherV2_1,2,42.211,21.1055,42.211,21.1055,0.0,0.0,0.00012813705260597165,0.9991717157292709
506,Host,FlushSummaryWriter,FlushSummaryWriter,1,41.841,41.841,41.841,41.841,0.0,0.0,0.00012701386885140034,0.9992987295981223
507,Host,Dataset,Iterator::Root::ParallelMapV2::Zip[0]::FlatMap[1]::Concatenate,2,61.431,30.7155,38.191,19.0955,0.0,0.0,0.00011593381289414284,0.9994146634110164
508,Host,IteratorGetNext,IteratorGetNext,2,36.89,18.445,36.89,18.445,0.0,0.0,0.00011198445596252859,0.9995266478669789
509,Host,LogicalAnd,LogicalAnd,1,32.501,32.501,32.501,32.501,0.0,0.0,9.866106812789757e-05,0.9996253089351068
510,Host,Dataset,Iterator::Root,2,86.482,43.241,31.791,15.8955,0.0,0.0,9.65057695718283e-05,0.9997218147046787
511,Host,Dataset,Iterator::Root::ParallelMapV2::Zip[0]::FlatMap[1]::Concatenate[0]::TensorSlice,2,23.24,11.62,23.24,11.62,0.0,0.0,7.054808231415463e-05,0.9997923627869928
512,Host,WriteSummary,WriteSummary,1,20.94,20.94,20.94,20.94,0.0,0.0,6.356612924519784e-05,0.999855928916238
513,Host,Dataset,Iterator::Root::ParallelMapV2::Zip[1]::ForeverRepeat::FromTensor,4,17.0,4.25,17.0,4.25,0.0,0.0,5.160574007489796e-05,0.9999075346563129
514,Host,Dataset,Iterator::Root::ParallelMapV2::Zip,2,145.532,72.766,11.14,5.57,0.0,0.0,3.381693790790373e-05,0.9999413515942208
515,Host,ReadVariableOp,ReadVariableOp,1,6.57,6.57,6.57,6.57,0.0,0.0,1.9944100723063507e-05,0.9999612956949439
516,Host,_Send,IteratorGetNext/_6,2,5.84,2.92,5.84,2.92,0.0,0.0,1.7728089531612007e-05,0.9999790237844755
517,Host,Dataset,Iterator::Root::ParallelMapV2::Zip[0]::FlatMap,2,65.551,32.7755,4.12,2.06,0.0,0.0,1.2506802888739978e-05,0.9999915305873642
518,Host,Identity,Identity,2,2.79,1.395,2.79,1.395,0.0,0.0,8.469412635821489e-06,1.0
