Rank,Host/device,Type,Operation,#Occurrences,Total time (us),Avg. time (us),Total self-time (us),Avg. self-time (us),Total self-time on Device (%),Cumulative total-self time on Device (%),Total self-time on Host (%),Cumulative total-self time on Host (%)
1,Device,DepthwiseConv2dNativeBackpropFilter,gradient_tape/mobilenetv2_1.00_224/expanded_conv_depthwise/depthwise/DepthwiseConv2dNativeBackpropFilter,2,71266.55,35633.275,71266.55,35633.275,0.2967620259003383,0.2967620259003383,0.0,0.0
2,Device,DepthwiseConv2dNativeBackpropFilter,gradient_tape/mobilenetv2_1.00_224/block_1_depthwise/depthwise/DepthwiseConv2dNativeBackpropFilter,2,32367.727,16183.8635,32367.727,16183.8635,0.13478289938700663,0.4315449252873449,0.0,0.0
3,Device,DepthwiseConv2dNativeBackpropFilter,gradient_tape/mobilenetv2_1.00_224/block_2_depthwise/depthwise/DepthwiseConv2dNativeBackpropFilter,2,21847.116,10923.558,21847.116,10923.558,0.0909738777061566,0.5225188029935015,0.0,0.0
4,Device,IDLE,IDLE,0,11168.712,0.0,11168.712,0.0,0.04650778801299373,0.5690265910064952,0.0,0.0
5,Device,DepthwiseConv2dNativeBackpropFilter,gradient_tape/mobilenetv2_1.00_224/block_3_depthwise/depthwise/DepthwiseConv2dNativeBackpropFilter,2,6455.318,3227.659,6455.318,3227.659,0.02688067890912244,0.5959072699156177,0.0,0.0
6,Device,_Recv,IteratorGetNext/_2,2,3249.643,1624.8215,3249.643,1624.8215,0.013531883332823786,0.6094391532484414,0.0,0.0
7,Device,FusedBatchNormGradV3,gradient_tape/mobilenetv2_1.00_224/block_1_expand_BN/FusedBatchNormGradV3,2,3154.955,1577.4775,3154.955,1577.4775,0.013137591723247466,0.6225767449716889,0.0,0.0
8,Device,Relu6Grad,gradient_tape/mobilenetv2_1.00_224/block_1_expand_relu/Relu6/Relu6Grad,2,2040.839,1020.4195,2040.839,1020.4195,0.008498285888350431,0.6310750308600394,0.0,0.0
9,Device,FusedBatchNormV3,mobilenetv2_1.00_224/block_1_expand_BN/FusedBatchNormV3,4,1977.352,494.338,1977.352,494.338,0.008233918794133934,0.6393089496541733,0.0,0.0
10,Device,Conv2DBackpropFilter,gradient_tape/mobilenetv2_1.00_224/block_1_expand/Conv2D/Conv2DBackpropFilter,2,1902.599,951.2995,1902.599,951.2995,0.007922638793598927,0.6472315884477722,0.0,0.0
11,Device,DepthwiseConv2dNativeBackpropInput,gradient_tape/mobilenetv2_1.00_224/block_1_depthwise/depthwise/DepthwiseConv2dNativeBackpropInput,2,1808.391,904.1955,1808.391,904.1955,0.007530345958657163,0.6547619344064294,0.0,0.0
12,Device,Slice,gradient_tape/mobilenetv2_1.00_224/block_1_pad/Slice_1,2,1497.093,748.5465,1497.093,748.5465,0.006234065654100208,0.6609960000605296,0.0,0.0
13,Device,DepthwiseConv2dNativeBackpropFilter,gradient_tape/mobilenetv2_1.00_224/block_6_depthwise/depthwise/DepthwiseConv2dNativeBackpropFilter,2,1409.029,704.5145,1409.029,704.5145,0.0058673571344807305,0.6668633571950103,0.0,0.0
14,Device,Pad,mobilenetv2_1.00_224/block_1_pad/Pad,2,1377.284,688.642,1377.284,688.642,0.005735167341201749,0.672598524536212,0.0,0.0
15,Device,FusedBatchNormGradV3,gradient_tape/mobilenetv2_1.00_224/expanded_conv_depthwise_BN/FusedBatchNormGradV3,2,1333.253,666.6265,1333.253,666.6265,0.005551817245505832,0.6781503417817178,0.0,0.0
16,Device,FusedBatchNormGradV3,gradient_tape/mobilenetv2_1.00_224/bn_Conv1/FusedBatchNormGradV3,2,1328.132,664.066,1328.132,664.066,0.005530492818623437,0.6836808346003412,0.0,0.0
17,Device,Relu6,mobilenetv2_1.00_224/block_1_expand_relu/Relu6,2,1310.724,655.362,1310.724,655.362,0.005458003925210284,0.6891388385255515,0.0,0.0
18,Device,FusedBatchNormGradV3,gradient_tape/mobilenetv2_1.00_224/block_2_depthwise_BN/FusedBatchNormGradV3,2,1216.516,608.258,1216.516,608.258,0.005065711090268519,0.69420454961582,0.0,0.0
19,Device,FusedBatchNormGradV3,gradient_tape/mobilenetv2_1.00_224/block_3_expand_BN/FusedBatchNormGradV3,2,1212.42,606.21,1212.42,606.21,0.00504865488005366,0.6992532044958737,0.0,0.0
20,Device,FusedBatchNormGradV3,gradient_tape/mobilenetv2_1.00_224/block_2_expand_BN/FusedBatchNormGradV3,2,1208.324,604.162,1208.324,604.162,0.0050315986698388,0.7042848031657125,0.0,0.0
21,Device,FusedBatchNormGradV3,gradient_tape/mobilenetv2_1.00_224/expanded_conv_project_BN/FusedBatchNormGradV3,2,1069.06,534.53,1069.06,534.53,0.004451687522533582,0.7087364906882461,0.0,0.0
22,Device,Conv2DBackpropFilter,gradient_tape/mobilenetv2_1.00_224/Conv1/Conv2D/Conv2DBackpropFilter,2,966.659,483.3295,966.659,483.3295,0.004025278103048276,0.7127617687912944,0.0,0.0
23,Device,Conv2DBackpropInput,gradient_tape/mobilenetv2_1.00_224/block_1_expand/Conv2D/Conv2DBackpropInput,2,948.227,474.1135,948.227,474.1135,0.003948525157081408,0.7167102939483758,0.0,0.0
24,Device,Conv2DBackpropFilter,gradient_tape/mobilenetv2_1.00_224/block_2_project/Conv2D/Conv2DBackpropFilter,2,929.795,464.8975,929.795,464.8975,0.003871772211114541,0.7205820661594904,0.0,0.0
25,Device,Conv2D,mobilenetv2_1.00_224/block_1_expand/Conv2D,2,897.026,448.513,897.026,448.513,0.0037353183652818443,0.7243173845247722,0.0,0.0
26,Device,DepthwiseConv2dNativeBackpropInput,gradient_tape/mobilenetv2_1.00_224/block_2_depthwise/depthwise/DepthwiseConv2dNativeBackpropInput,2,874.5,437.25,874.5,437.25,0.003641517537327762,0.7279589020621,0.0,0.0
27,Device,DepthwiseConv2dNative,mobilenetv2_1.00_224/block_1_depthwise/depthwise,2,852.996,426.498,852.996,426.498,0.00355197243369975,0.7315108744957998,0.0,0.0
28,Device,Conv2DBackpropFilter,gradient_tape/mobilenetv2_1.00_224/expanded_conv_project/Conv2D/Conv2DBackpropFilter,2,841.731,420.8655,841.731,420.8655,0.003505063691495065,0.7350159381872948,0.0,0.0
29,Device,FusedBatchNormGradV3,gradient_tape/mobilenetv2_1.00_224/block_1_depthwise_BN/FusedBatchNormGradV3,2,796.676,398.338,796.676,398.338,0.003317449543245434,0.7383333877305402,0.0,0.0
30,Device,FusedBatchNormV3,mobilenetv2_1.00_224/bn_Conv1/FusedBatchNormV3,4,783.362,195.8405,783.362,195.8405,0.003262008531819497,0.7415953962623597,0.0,0.0
31,Device,FusedBatchNormV3,mobilenetv2_1.00_224/expanded_conv_depthwise_BN/FusedBatchNormV3,4,775.17,193.7925,775.17,193.7925,0.003227896111389778,0.7448232923737494,0.0,0.0
32,Device,DepthwiseConv2dNativeBackpropInput,gradient_tape/mobilenetv2_1.00_224/expanded_conv_depthwise/depthwise/DepthwiseConv2dNativeBackpropInput,2,774.146,387.073,774.146,387.073,0.0032236320588360633,0.7480469244325855,0.0,0.0
33,Device,Relu6Grad,gradient_tape/mobilenetv2_1.00_224/block_2_depthwise_relu/Relu6/Relu6Grad,2,751.618,375.809,751.618,375.809,0.003129822902654337,0.7511767473352398,0.0,0.0
34,Device,Conv2DBackpropFilter,gradient_tape/mobilenetv2_1.00_224/block_2_expand/Conv2D/Conv2DBackpropFilter,2,751.618,375.809,751.618,375.809,0.003129822902654337,0.754306570237894,0.0,0.0
35,Device,Conv2DBackpropFilter,gradient_tape/mobilenetv2_1.00_224/block_3_expand/Conv2D/Conv2DBackpropFilter,2,750.594,375.297,750.594,375.297,0.0031255588501006223,0.7574321290879946,0.0,0.0
36,Device,Relu6Grad,gradient_tape/mobilenetv2_1.00_224/block_3_expand_relu/Relu6/Relu6Grad,2,748.547,374.2735,748.547,374.2735,0.003117034909107015,0.7605491639971016,0.0,0.0
37,Device,Relu6Grad,gradient_tape/mobilenetv2_1.00_224/block_2_expand_relu/Relu6/Relu6Grad,2,747.522,373.761,747.522,373.761,0.003112766692439478,0.763661930689541,0.0,0.0
38,Device,FusedBatchNormV3,mobilenetv2_1.00_224/block_3_expand_BN/FusedBatchNormV3,4,741.378,185.3445,741.378,185.3445,0.003087182377117189,0.7667491130666582,0.0,0.0
39,Device,FusedBatchNormV3,mobilenetv2_1.00_224/block_2_expand_BN/FusedBatchNormV3,4,737.282,184.3205,737.282,184.3205,0.0030701261669023295,0.7698192392335604,0.0,0.0
40,Device,FusedBatchNormV3,mobilenetv2_1.00_224/block_2_depthwise_BN/FusedBatchNormV3,4,736.258,184.0645,736.258,184.0645,0.0030658621143486147,0.772885101347909,0.0,0.0
41,Device,DepthwiseConv2dNativeBackpropInput,gradient_tape/mobilenetv2_1.00_224/block_3_depthwise/depthwise/DepthwiseConv2dNativeBackpropInput,2,706.563,353.2815,706.563,353.2815,0.0029422087544047058,0.7758273101023136,0.0,0.0
42,Device,Conv2DBackpropFilter,gradient_tape/mobilenetv2_1.00_224/block_1_project/Conv2D/Conv2DBackpropFilter,2,660.482,330.241,660.482,330.241,0.002750322225373716,0.7785776323276874,0.0,0.0
43,Device,DepthwiseConv2dNativeBackpropFilter,gradient_tape/mobilenetv2_1.00_224/block_13_depthwise/depthwise/DepthwiseConv2dNativeBackpropFilter,2,655.362,327.681,655.362,327.681,0.002729001962605142,0.7813066342902926,0.0,0.0
44,Device,Relu6Grad,gradient_tape/mobilenetv2_1.00_224/expanded_conv_depthwise_relu/Relu6/Relu6Grad,2,650.242,325.121,650.242,325.121,0.0027076816998365676,0.7840143159901292,0.0,0.0
45,Device,DepthwiseConv2dNative,mobilenetv2_1.00_224/block_2_depthwise/depthwise,2,647.17,323.585,647.17,323.585,0.0026948895421754233,0.7867092055323046,0.0,0.0
46,Device,Relu6Grad,gradient_tape/mobilenetv2_1.00_224/Conv1_relu/Relu6/Relu6Grad,2,646.147,323.0735,646.147,323.0735,0.0026906296537355305,0.7893998351860402,0.0,0.0
47,Device,FusedBatchNormV3,mobilenetv2_1.00_224/expanded_conv_project_BN/FusedBatchNormV3,4,621.57,155.3925,621.57,155.3925,0.0025882882283325523,0.7919881234143727,0.0,0.0
48,Device,Slice,gradient_tape/mobilenetv2_1.00_224/block_3_pad/Slice_1,2,572.418,286.209,572.418,286.209,0.00238361370575424,0.794371737120127,0.0,0.0
49,Device,DepthwiseConv2dNative,mobilenetv2_1.00_224/expanded_conv_depthwise/depthwise,2,530.434,265.217,530.434,265.217,0.0022087875510519313,0.7965805246711789,0.0,0.0
50,Device,Pad,mobilenetv2_1.00_224/block_3_pad/Pad,2,525.314,262.657,525.314,262.657,0.002187467288283357,0.7987679919594622,0.0,0.0
51,Device,Conv2D,mobilenetv2_1.00_224/Conv1/Conv2D,2,513.026,256.513,513.026,256.513,0.002136298657638779,0.800904290617101,0.0,0.0
52,Device,Relu6Grad,gradient_tape/mobilenetv2_1.00_224/block_1_depthwise_relu/Relu6/Relu6Grad,2,501.761,250.8805,501.761,250.8805,0.002089389915434094,0.8029936805325351,0.0,0.0
53,Device,Relu6,mobilenetv2_1.00_224/block_3_expand_relu/Relu6,2,496.642,248.321,496.642,248.321,0.0020680738167793418,0.8050617543493144,0.0,0.0
54,Device,Relu6,mobilenetv2_1.00_224/block_2_depthwise_relu/Relu6,2,495.618,247.809,495.618,247.809,0.002063809764225627,0.80712556411354,0.0,0.0
55,Device,Relu6,mobilenetv2_1.00_224/block_2_expand_relu/Relu6,2,493.57,246.785,493.57,246.785,0.002055281659118197,0.8091808457726581,0.0,0.0
56,Device,FusedBatchNormV3,mobilenetv2_1.00_224/block_1_depthwise_BN/FusedBatchNormV3,4,492.546,123.1365,492.546,123.1365,0.0020510176065644823,0.8112318633792226,0.0,0.0
57,Device,Relu6,mobilenetv2_1.00_224/Conv1_relu/Relu6,2,441.346,220.673,441.346,220.673,0.0018378149788787403,0.8130696783581013,0.0,0.0
58,Device,Relu6,mobilenetv2_1.00_224/expanded_conv_depthwise_relu/Relu6,2,441.346,220.673,441.346,220.673,0.0018378149788787403,0.81490749333698,0.0,0.0
59,Device,FusedBatchNormGradV3,gradient_tape/mobilenetv2_1.00_224/block_4_depthwise_BN/FusedBatchNormGradV3,2,428.034,214.017,428.034,214.017,0.0017823822956804472,0.8166898756326604,0.0,0.0
60,Device,FusedBatchNormGradV3,gradient_tape/mobilenetv2_1.00_224/block_4_expand_BN/FusedBatchNormGradV3,2,428.033,214.0165,428.033,214.0165,0.0017823781315666255,0.818472253764227,0.0,0.0
61,Device,FusedBatchNormGradV3,gradient_tape/mobilenetv2_1.00_224/block_6_expand_BN/FusedBatchNormGradV3,2,427.009,213.5045,427.009,213.5045,0.0017781140790129107,0.82025036784324,0.0,0.0
62,Device,FusedBatchNormGradV3,gradient_tape/mobilenetv2_1.00_224/block_5_expand_BN/FusedBatchNormGradV3,2,425.985,212.9925,425.985,212.9925,0.0017738500264591957,0.8220242178696993,0.0,0.0
63,Device,FusedBatchNormGradV3,gradient_tape/mobilenetv2_1.00_224/block_5_depthwise_BN/FusedBatchNormGradV3,2,424.962,212.481,424.962,212.481,0.0017695901380193027,0.8237938080077185,0.0,0.0
64,Device,Conv2D,mobilenetv2_1.00_224/block_2_expand/Conv2D,2,400.386,200.193,400.386,200.193,0.0016672528767301467,0.8254610608844487,0.0,0.0
65,Device,Conv2D,mobilenetv2_1.00_224/block_3_expand/Conv2D,2,399.362,199.681,399.362,199.681,0.001662988824176432,0.8271240497086252,0.0,0.0
66,Device,Conv2DBackpropInput,gradient_tape/mobilenetv2_1.00_224/block_2_project/Conv2D/Conv2DBackpropInput,2,392.194,196.097,392.194,196.097,0.001633140456300428,0.8287571901649257,0.0,0.0
67,Device,Conv2DBackpropInput,gradient_tape/mobilenetv2_1.00_224/block_2_expand/Conv2D/Conv2DBackpropInput,2,374.786,187.393,374.786,187.393,0.0015606515628872756,0.830317841727813,0.0,0.0
68,Device,Conv2DBackpropInput,gradient_tape/mobilenetv2_1.00_224/block_3_expand/Conv2D/Conv2DBackpropInput,2,374.786,187.393,374.786,187.393,0.0015606515628872756,0.8318784932907003,0.0,0.0
69,Device,Conv2DBackpropFilter,gradient_tape/mobilenetv2_1.00_224/Conv_1/Conv2D/Conv2DBackpropFilter,4,359.425,89.85625,359.425,89.85625,0.0014966866104677312,0.833375179901168,0.0,0.0
70,Device,Conv2DBackpropInput,gradient_tape/mobilenetv2_1.00_224/expanded_conv_project/Conv2D/Conv2DBackpropInput,2,349.185,174.5925,349.185,174.5925,0.0014540460849305826,0.8348292259860987,0.0,0.0
71,Device,DepthwiseConv2dNative,mobilenetv2_1.00_224/block_3_depthwise/depthwise,2,348.162,174.081,348.162,174.081,0.0014497861964906896,0.8362790121825894,0.0,0.0
72,Device,SoftmaxCrossEntropyWithLogits,categorical_crossentropy/softmax_cross_entropy_with_logits,2,348.161,174.0805,348.161,174.0805,0.0014497820323768678,0.8377287942149663,0.0,0.0
73,Device,Conv2D,mobilenetv2_1.00_224/expanded_conv_project/Conv2D,2,337.921,168.9605,337.921,168.9605,0.0014071415068397193,0.839135935721806,0.0,0.0
74,Device,Conv2D,mobilenetv2_1.00_224/block_2_project/Conv2D,2,331.778,165.889,331.778,165.889,0.0013815613556312524,0.8405174970774373,0.0,0.0
75,Device,Relu6,mobilenetv2_1.00_224/block_1_depthwise_relu/Relu6,2,331.776,165.888,331.776,165.888,0.0013815530274036085,0.8418990501048409,0.0,0.0
76,Device,FusedBatchNormGradV3,gradient_tape/mobilenetv2_1.00_224/block_3_depthwise_BN/FusedBatchNormGradV3,2,319.489,159.7445,319.489,159.7445,0.0013303885608728521,0.8432294386657138,0.0,0.0
77,Device,Conv2DBackpropInput,gradient_tape/mobilenetv2_1.00_224/Conv_1/Conv2D/Conv2DBackpropInput,2,310.273,155.1365,310.273,155.1365,0.0012920120878894188,0.8445214507536032,0.0,0.0
78,Device,FusedBatchNormGradV3,gradient_tape/mobilenetv2_1.00_224/block_2_project_BN/FusedBatchNormGradV3,2,308.225,154.1125,308.225,154.1125,0.0012834839827819892,0.8458049347363852,0.0,0.0
79,Device,FusedBatchNormGradV3,gradient_tape/mobilenetv2_1.00_224/block_1_project_BN/FusedBatchNormGradV3,2,305.154,152.577,305.154,152.577,0.0012706959892346665,0.8470756307256199,0.0,0.0
80,Device,DepthwiseConv2dNativeBackpropInput,gradient_tape/mobilenetv2_1.00_224/block_4_depthwise/depthwise/DepthwiseConv2dNativeBackpropInput,2,301.057,150.5285,301.057,150.5285,0.0012536356149059852,0.8483292663405259,0.0,0.0
81,Device,DepthwiseConv2dNativeBackpropInput,gradient_tape/mobilenetv2_1.00_224/block_5_depthwise/depthwise/DepthwiseConv2dNativeBackpropInput,2,301.057,150.5285,301.057,150.5285,0.0012536356149059852,0.8495829019554318,0.0,0.0
82,Device,FusedBatchNormGradV3,gradient_tape/mobilenetv2_1.00_224/block_12_depthwise_BN/FusedBatchNormGradV3,2,294.913,147.4565,294.913,147.4565,0.0012280512995836961,0.8508109532550155,0.0,0.0
83,Device,FusedBatchNormGradV3,gradient_tape/mobilenetv2_1.00_224/block_13_expand_BN/FusedBatchNormGradV3,2,294.913,147.4565,294.913,147.4565,0.0012280512995836961,0.8520390045545992,0.0,0.0
84,Device,FusedBatchNormGradV3,gradient_tape/mobilenetv2_1.00_224/block_11_expand_BN/FusedBatchNormGradV3,2,293.889,146.9445,293.889,146.9445,0.0012237872470299814,0.8532627918016292,0.0,0.0
85,Device,FusedBatchNormGradV3,gradient_tape/mobilenetv2_1.00_224/block_12_expand_BN/FusedBatchNormGradV3,2,293.888,146.944,293.888,146.944,0.0012237830829161592,0.8544865748845454,0.0,0.0
86,Device,FusedBatchNormGradV3,gradient_tape/mobilenetv2_1.00_224/block_11_depthwise_BN/FusedBatchNormGradV3,2,292.866,146.433,292.866,146.433,0.0012195273585900884,0.8557061022431355,0.0,0.0
87,Device,DepthwiseConv2dNativeBackpropFilter,gradient_tape/mobilenetv2_1.00_224/block_5_depthwise/depthwise/DepthwiseConv2dNativeBackpropFilter,2,289.793,144.8965,289.793,144.8965,0.0012067310368151219,0.8569128332799506,0.0,0.0
88,Device,DepthwiseConv2dNativeBackpropFilter,gradient_tape/mobilenetv2_1.00_224/block_4_depthwise/depthwise/DepthwiseConv2dNativeBackpropFilter,2,288.769,144.3845,288.769,144.3845,0.001202466984261407,0.858115300264212,0.0,0.0
89,Device,Conv2DBackpropInput,gradient_tape/mobilenetv2_1.00_224/block_1_project/Conv2D/Conv2DBackpropInput,2,265.216,132.608,265.216,132.608,0.0011043896114121437,0.8592196898756241,0.0,0.0
90,Device,FusedBatchNormV3,mobilenetv2_1.00_224/block_5_depthwise_BN/FusedBatchNormV3,4,261.122,65.2805,261.122,65.2805,0.0010873417294249284,0.8603070316050491,0.0,0.0
91,Device,FusedBatchNormV3,mobilenetv2_1.00_224/block_4_depthwise_BN/FusedBatchNormV3,4,259.072,64.768,259.072,64.768,0.0010788052960898546,0.8613858369011389,0.0,0.0
92,Device,FusedBatchNormV3,mobilenetv2_1.00_224/block_5_expand_BN/FusedBatchNormV3,4,257.026,64.2565,257.026,64.2565,0.001070285519210069,0.862456122420349,0.0,0.0
93,Device,DepthwiseConv2dNativeBackpropInput,gradient_tape/mobilenetv2_1.00_224/block_6_depthwise/depthwise/DepthwiseConv2dNativeBackpropInput,2,257.025,128.5125,257.025,128.5125,0.0010702813550962469,0.8635264037754452,0.0,0.0
94,Device,FusedBatchNormV3,mobilenetv2_1.00_224/block_6_expand_BN/FusedBatchNormV3,4,256.0,64.0,256.0,64.0,0.00106601313842871,0.8645924169138739,0.0,0.0
95,Device,FusedBatchNormV3,mobilenetv2_1.00_224/block_4_expand_BN/FusedBatchNormV3,4,254.976,63.744,254.976,63.744,0.0010617490858749953,0.8656541659997489,0.0,0.0
96,Device,Relu6Grad,gradient_tape/mobilenetv2_1.00_224/block_4_depthwise_relu/Relu6/Relu6Grad,2,252.929,126.4645,252.929,126.4645,0.0010532251448813876,0.8667073911446302,0.0,0.0
97,Device,Conv2DBackpropFilter,gradient_tape/mobilenetv2_1.00_224/block_12_expand/Conv2D/Conv2DBackpropFilter,2,251.905,125.9525,251.905,125.9525,0.0010489610923276728,0.8677563522369579,0.0,0.0
98,Device,Relu6Grad,gradient_tape/mobilenetv2_1.00_224/block_4_expand_relu/Relu6/Relu6Grad,2,250.881,125.4405,250.881,125.4405,0.001044697039773958,0.8688010492767319,0.0,0.0
99,Device,Conv2D,mobilenetv2_1.00_224/block_1_project/Conv2D,2,249.858,124.929,249.858,124.929,0.001040437151334065,0.8698414864280659,0.0,0.0
100,Device,Conv2DBackpropFilter,gradient_tape/mobilenetv2_1.00_224/block_13_expand/Conv2D/Conv2DBackpropFilter,2,249.857,124.9285,249.857,124.9285,0.001040432987220243,0.8708819194152861,0.0,0.0
101,Device,Relu6Grad,gradient_tape/mobilenetv2_1.00_224/block_5_expand_relu/Relu6/Relu6Grad,2,249.857,124.9285,249.857,124.9285,0.001040432987220243,0.8719223524025064,0.0,0.0
102,Device,Relu6Grad,gradient_tape/mobilenetv2_1.00_224/block_5_depthwise_relu/Relu6/Relu6Grad,2,248.833,124.4165,248.833,124.4165,0.0010361689346665283,0.8729585213371729,0.0,0.0
103,Device,Relu6Grad,gradient_tape/mobilenetv2_1.00_224/block_6_expand_relu/Relu6/Relu6Grad,2,248.833,124.4165,248.833,124.4165,0.0010361689346665283,0.8739946902718394,0.0,0.0
104,Device,Conv2DBackpropFilter,gradient_tape/mobilenetv2_1.00_224/block_11_expand/Conv2D/Conv2DBackpropFilter,2,247.809,123.9045,247.809,123.9045,0.0010319048821128135,0.8750265951539522,0.0,0.0
105,Device,Conv2DBackpropFilter,gradient_tape/mobilenetv2_1.00_224/block_5_expand/Conv2D/Conv2DBackpropFilter,2,244.737,122.3685,244.737,122.3685,0.001019112724451669,0.8760457078784039,0.0,0.0
106,Device,Conv2DBackpropFilter,gradient_tape/mobilenetv2_1.00_224/block_6_expand/Conv2D/Conv2DBackpropFilter,2,242.689,121.3445,242.689,121.3445,0.0010105846193442392,0.8770562924977481,0.0,0.0
107,Device,Conv2DBackpropFilter,gradient_tape/mobilenetv2_1.00_224/block_4_expand/Conv2D/Conv2DBackpropFilter,2,240.641,120.3205,240.641,120.3205,0.0010020565142368095,0.8780583490119849,0.0,0.0
108,Device,DepthwiseConv2dNativeBackpropInput,gradient_tape/mobilenetv2_1.00_224/block_12_depthwise/depthwise/DepthwiseConv2dNativeBackpropInput,2,235.521,117.7605,235.521,117.7605,0.0009807362514682352,0.8790390852634531,0.0,0.0
109,Device,DepthwiseConv2dNativeBackpropInput,gradient_tape/mobilenetv2_1.00_224/block_11_depthwise/depthwise/DepthwiseConv2dNativeBackpropInput,2,234.497,117.2485,234.497,117.2485,0.0009764721989145205,0.8800155574623676,0.0,0.0
110,Device,Conv2D,mobilenetv2_1.00_224/block_16_project/Conv2D,4,234.496,58.624,234.496,58.624,0.0009764680348006985,0.8809920254971683,0.0,0.0
111,Device,DepthwiseConv2dNativeBackpropFilter,gradient_tape/mobilenetv2_1.00_224/block_12_depthwise/depthwise/DepthwiseConv2dNativeBackpropFilter,2,231.425,115.7125,231.425,115.7125,0.000963680041253376,0.8819557055384216,0.0,0.0
112,Device,DepthwiseConv2dNativeBackpropFilter,gradient_tape/mobilenetv2_1.00_224/block_11_depthwise/depthwise/DepthwiseConv2dNativeBackpropFilter,2,231.424,115.712,231.424,115.712,0.000963675877139554,0.8829193814155611,0.0,0.0
113,Device,Conv2D,mobilenetv2_1.00_224/Conv_1/Conv2D,2,231.424,115.712,231.424,115.712,0.000963675877139554,0.8838830572927007,0.0,0.0
114,Device,Conv2DBackpropFilter,gradient_tape/mobilenetv2_1.00_224/block_5_project/Conv2D/Conv2DBackpropFilter,2,223.233,111.6165,223.233,111.6165,0.0009295676208236573,0.8848126249135243,0.0,0.0
115,Device,Conv2DBackpropFilter,gradient_tape/mobilenetv2_1.00_224/block_4_project/Conv2D/Conv2DBackpropFilter,2,222.209,111.1045,222.209,111.1045,0.0009253035682699424,0.8857379284817942,0.0,0.0
116,Device,Conv2DBackpropFilter,gradient_tape/mobilenetv2_1.00_224/block_16_project/Conv2D/Conv2DBackpropFilter,4,216.065,54.01625,216.065,54.01625,0.0008997192529476534,0.8866376477347419,0.0,0.0
117,Device,Conv2DBackpropFilter,gradient_tape/mobilenetv2_1.00_224/block_11_project/Conv2D/Conv2DBackpropFilter,2,209.921,104.9605,209.921,104.9605,0.0008741349376253643,0.8875117826723672,0.0,0.0
118,Device,DepthwiseConv2dNativeBackpropInput,gradient_tape/mobilenetv2_1.00_224/block_13_depthwise/depthwise/DepthwiseConv2dNativeBackpropInput,2,207.873,103.9365,207.873,103.9365,0.0008656068325179346,0.8883773895048851,0.0,0.0
119,Device,Conv2DBackpropFilter,gradient_tape/mobilenetv2_1.00_224/block_12_project/Conv2D/Conv2DBackpropFilter,2,206.849,103.4245,206.849,103.4245,0.0008613427799642198,0.8892387322848493,0.0,0.0
120,Device,FusedBatchNormGradV3,gradient_tape/mobilenetv2_1.00_224/block_8_depthwise_BN/FusedBatchNormGradV3,2,194.561,97.2805,194.561,97.2805,0.0008101741493196417,0.8900489064341689,0.0,0.0
121,Device,FusedBatchNormGradV3,gradient_tape/mobilenetv2_1.00_224/block_10_depthwise_BN/FusedBatchNormGradV3,2,193.537,96.7685,193.537,96.7685,0.0008059100967659269,0.8908548165309348,0.0,0.0
122,Device,Conv2DBackpropInput,gradient_tape/mobilenetv2_1.00_224/block_15_expand/Conv2D/Conv2DBackpropInput,4,193.537,48.38425,193.537,48.38425,0.0008059100967659269,0.8916607266277007,0.0,0.0
123,Device,Conv2DBackpropInput,gradient_tape/mobilenetv2_1.00_224/block_14_expand/Conv2D/Conv2DBackpropInput,4,193.536,48.384,193.536,48.384,0.0008059059326521048,0.8924666325603527,0.0,0.0
124,Device,FusedBatchNormGradV3,gradient_tape/mobilenetv2_1.00_224/block_10_expand_BN/FusedBatchNormGradV3,2,192.513,96.2565,192.513,96.2565,0.0008016460442122121,0.8932682786045649,0.0,0.0
125,Device,FusedBatchNormGradV3,gradient_tape/mobilenetv2_1.00_224/block_9_depthwise_BN/FusedBatchNormGradV3,2,192.513,96.2565,192.513,96.2565,0.0008016460442122121,0.8940699246487771,0.0,0.0
126,Device,FusedBatchNormGradV3,gradient_tape/mobilenetv2_1.00_224/block_7_depthwise_BN/FusedBatchNormGradV3,2,192.512,96.256,192.512,96.256,0.0008016418800983901,0.8948715665288755,0.0,0.0
127,Device,Conv2DBackpropFilter,gradient_tape/mobilenetv2_1.00_224/block_15_expand/Conv2D/Conv2DBackpropFilter,2,191.489,95.7445,191.489,95.7445,0.0007973819916584972,0.8956689485205339,0.0,0.0
128,Device,FusedBatchNormGradV3,gradient_tape/mobilenetv2_1.00_224/block_7_expand_BN/FusedBatchNormGradV3,2,191.489,95.7445,191.489,95.7445,0.0007973819916584972,0.8964663305121924,0.0,0.0
129,Device,FusedBatchNormGradV3,gradient_tape/mobilenetv2_1.00_224/block_8_expand_BN/FusedBatchNormGradV3,2,191.489,95.7445,191.489,95.7445,0.0007973819916584972,0.8972637125038508,0.0,0.0
130,Device,Conv2DBackpropInput,gradient_tape/mobilenetv2_1.00_224/block_16_expand/Conv2D/Conv2DBackpropInput,4,191.488,47.872,191.488,47.872,0.0007973778275446752,0.8980610903313955,0.0,0.0
131,Device,FusedBatchNormGradV3,gradient_tape/mobilenetv2_1.00_224/block_9_expand_BN/FusedBatchNormGradV3,2,191.488,95.744,191.488,95.744,0.0007973778275446752,0.8988584681589401,0.0,0.0
132,Device,FusedBatchNormV3,mobilenetv2_1.00_224/block_3_depthwise_BN/FusedBatchNormV3,4,191.488,47.872,191.488,47.872,0.0007973778275446752,0.8996558459864847,0.0,0.0
133,Device,Relu6Grad,gradient_tape/mobilenetv2_1.00_224/block_13_expand_relu/Relu6/Relu6Grad,2,189.441,94.7205,189.441,94.7205,0.0007888538865510675,0.9004446998730358,0.0,0.0
134,Device,Conv2DBackpropFilter,gradient_tape/mobilenetv2_1.00_224/block_10_project/Conv2D/Conv2DBackpropFilter,2,188.417,94.2085,188.417,94.2085,0.0007845898339973527,0.9012292897070331,0.0,0.0
135,Device,Relu6Grad,gradient_tape/mobilenetv2_1.00_224/block_11_expand_relu/Relu6/Relu6Grad,2,188.417,94.2085,188.417,94.2085,0.0007845898339973527,0.9020138795410304,0.0,0.0
136,Device,Conv2DBackpropFilter,gradient_tape/mobilenetv2_1.00_224/block_16_expand/Conv2D/Conv2DBackpropFilter,2,188.416,94.208,188.416,94.208,0.0007845856698835307,0.9027984652109139,0.0,0.0
137,Device,Relu6Grad,gradient_tape/mobilenetv2_1.00_224/block_12_expand_relu/Relu6/Relu6Grad,2,186.369,93.1845,186.369,93.1845,0.000776061728889923,0.9035745269398038,0.0,0.0
138,Device,Slice,gradient_tape/mobilenetv2_1.00_224/block_6_pad/Slice_1,2,186.369,93.1845,186.369,93.1845,0.000776061728889923,0.9043505886686937,0.0,0.0
139,Device,Transpose,gradient_tape/mobilenetv2_1.00_224/Conv1/Conv2D/Conv2DBackpropFilter-0-TransposeNHWCToNCHW-LayoutOptimizer,2,186.368,93.184,186.368,93.184,0.000776057564776101,0.9051266462334697,0.0,0.0
140,Device,Relu6Grad,gradient_tape/mobilenetv2_1.00_224/block_11_depthwise_relu/Relu6/Relu6Grad,2,186.368,93.184,186.368,93.184,0.000776057564776101,0.9059027037982458,0.0,0.0
141,Device,Conv2DBackpropFilter,gradient_tape/mobilenetv2_1.00_224/block_14_expand/Conv2D/Conv2DBackpropFilter,2,186.368,93.184,186.368,93.184,0.000776057564776101,0.9066787613630218,0.0,0.0
142,Device,Relu6Grad,gradient_tape/mobilenetv2_1.00_224/block_3_depthwise_relu/Relu6/Relu6Grad,2,185.345,92.6725,185.345,92.6725,0.0007717976763362081,0.907450559039358,0.0,0.0
143,Device,Conv2DBackpropFilter,gradient_tape/mobilenetv2_1.00_224/block_3_project/Conv2D/Conv2DBackpropFilter,2,185.345,92.6725,185.345,92.6725,0.0007717976763362081,0.9082223567156942,0.0,0.0
144,Device,ArgMax,ArgMax,2,185.344,92.672,185.344,92.672,0.0007717935122223861,0.9089941502279165,0.0,0.0
145,Device,Pad,mobilenetv2_1.00_224/block_6_pad/Pad,2,184.322,92.161,184.322,92.161,0.0007675377878963154,0.9097616880158128,0.0,0.0
146,Device,Relu6Grad,gradient_tape/mobilenetv2_1.00_224/block_12_depthwise_relu/Relu6/Relu6Grad,2,181.249,90.6245,181.249,90.6245,0.0007547414661213487,0.9105164294819341,0.0,0.0
147,Device,Conv2DBackpropInput,gradient_tape/mobilenetv2_1.00_224/block_13_expand/Conv2D/Conv2DBackpropInput,2,180.225,90.1125,180.225,90.1125,0.000750477413567634,0.9112669068955017,0.0,0.0
148,Device,Conv2DBackpropInput,gradient_tape/mobilenetv2_1.00_224/block_12_expand/Conv2D/Conv2DBackpropInput,2,180.224,90.112,180.224,90.112,0.0007504732494538119,0.9120173801449555,0.0,0.0
149,Device,DepthwiseConv2dNative,mobilenetv2_1.00_224/block_4_depthwise/depthwise,2,179.202,89.601,179.202,89.601,0.0007462175251277411,0.9127635976700832,0.0,0.0
150,Device,Conv2DBackpropInput,gradient_tape/mobilenetv2_1.00_224/block_11_expand/Conv2D/Conv2DBackpropInput,2,179.2,89.6,179.2,89.6,0.0007462091969000971,0.9135098068669832,0.0,0.0
151,Device,FusedBatchNormV3,mobilenetv2_1.00_224/block_1_project_BN/FusedBatchNormV3,4,179.2,44.8,179.2,44.8,0.0007462091969000971,0.9142560160638833,0.0,0.0
152,Device,DepthwiseConv2dNative,mobilenetv2_1.00_224/block_5_depthwise/depthwise,2,179.2,89.6,179.2,89.6,0.0007462091969000971,0.9150022252607833,0.0,0.0
153,Device,Conv2DBackpropInput,gradient_tape/mobilenetv2_1.00_224/block_16_project/Conv2D/Conv2DBackpropInput,2,178.176,89.088,178.176,89.088,0.0007419451443463822,0.9157441704051297,0.0,0.0
154,Device,Conv2DBackpropFilter,gradient_tape/mobilenetv2_1.00_224/block_7_project/Conv2D/Conv2DBackpropFilter,2,176.129,88.0645,176.129,88.0645,0.0007334212033527746,0.9164775916084824,0.0,0.0
155,Device,Conv2DBackpropFilter,gradient_tape/mobilenetv2_1.00_224/block_9_project/Conv2D/Conv2DBackpropFilter,2,176.128,88.064,176.128,88.064,0.0007334170392389526,0.9172110086477213,0.0,0.0
156,Device,Conv2DBackpropFilter,gradient_tape/mobilenetv2_1.00_224/block_8_project/Conv2D/Conv2DBackpropFilter,2,174.081,87.0405,174.081,87.0405,0.0007248930982453448,0.9179359017459666,0.0,0.0
157,Device,FusedBatchNormV3,mobilenetv2_1.00_224/block_2_project_BN/FusedBatchNormV3,4,172.032,43.008,172.032,43.008,0.0007163608290240933,0.9186522625749907,0.0,0.0
158,Device,Relu6,mobilenetv2_1.00_224/block_6_expand_relu/Relu6,2,167.936,83.968,167.936,83.968,0.0006993046188092339,0.9193515671937998,0.0,0.0
159,Device,Relu6,mobilenetv2_1.00_224/block_4_depthwise_relu/Relu6,2,166.914,83.457,166.914,83.457,0.000695048894483163,0.920046616088283,0.0,0.0
160,Device,Conv2D,mobilenetv2_1.00_224/block_11_project/Conv2D,2,166.912,83.456,166.912,83.456,0.0006950405662555191,0.9207416566545384,0.0,0.0
161,Device,Relu6,mobilenetv2_1.00_224/block_5_depthwise_relu/Relu6,2,166.912,83.456,166.912,83.456,0.0006950405662555191,0.9214366972207939,0.0,0.0
162,Device,Relu6,mobilenetv2_1.00_224/block_5_expand_relu/Relu6,2,166.912,83.456,166.912,83.456,0.0006950405662555191,0.9221317377870494,0.0,0.0
163,Device,DepthwiseConv2dNativeBackpropFilter,gradient_tape/mobilenetv2_1.00_224/block_7_depthwise/depthwise/DepthwiseConv2dNativeBackpropFilter,2,165.889,82.9445,165.889,82.9445,0.0006907806778156262,0.922822518464865,0.0,0.0
164,Device,DepthwiseConv2dNativeBackpropFilter,gradient_tape/mobilenetv2_1.00_224/block_9_depthwise/depthwise/DepthwiseConv2dNativeBackpropFilter,2,165.889,82.9445,165.889,82.9445,0.0006907806778156262,0.9235132991426805,0.0,0.0
165,Device,Relu6,mobilenetv2_1.00_224/block_4_expand_relu/Relu6,2,165.888,82.944,165.888,82.944,0.0006907765137018042,0.9242040756563823,0.0,0.0
166,Device,Conv2D,mobilenetv2_1.00_224/block_12_project/Conv2D,2,164.866,82.433,164.866,82.433,0.0006865207893757334,0.924890596445758,0.0,0.0
167,Device,DepthwiseConv2dNativeBackpropFilter,gradient_tape/mobilenetv2_1.00_224/block_10_depthwise/depthwise/DepthwiseConv2dNativeBackpropFilter,2,164.864,82.432,164.864,82.432,0.0006865124611480893,0.925577108906906,0.0,0.0
168,Device,Conv2DBackpropFilter,gradient_tape/mobilenetv2_1.00_224/block_15_project/Conv2D/Conv2DBackpropFilter,4,163.84,40.96,163.84,40.96,0.0006822484085943745,0.9262593573155004,0.0,0.0
169,Device,Conv2DBackpropFilter,gradient_tape/mobilenetv2_1.00_224/block_14_project/Conv2D/Conv2DBackpropFilter,4,161.792,40.448,161.792,40.448,0.0006737203034869448,0.9269330776189872,0.0,0.0
170,Device,DepthwiseConv2dNativeBackpropFilter,gradient_tape/mobilenetv2_1.00_224/block_8_depthwise/depthwise/DepthwiseConv2dNativeBackpropFilter,2,160.768,80.384,160.768,80.384,0.00066945625093323,0.9276025338699204,0.0,0.0
171,Device,DepthwiseConv2dNativeBackpropInput,gradient_tape/mobilenetv2_1.00_224/block_10_depthwise/depthwise/DepthwiseConv2dNativeBackpropInput,2,156.673,78.3365,156.673,78.3365,0.0006524042048321926,0.9282549380747526,0.0,0.0
172,Device,DepthwiseConv2dNativeBackpropInput,gradient_tape/mobilenetv2_1.00_224/block_8_depthwise/depthwise/DepthwiseConv2dNativeBackpropInput,2,156.673,78.3365,156.673,78.3365,0.0006524042048321926,0.9289073422795847,0.0,0.0
173,Device,DepthwiseConv2dNativeBackpropInput,gradient_tape/mobilenetv2_1.00_224/block_9_depthwise/depthwise/DepthwiseConv2dNativeBackpropInput,2,156.672,78.336,156.672,78.336,0.0006524000407183707,0.9295597423203031,0.0,0.0
174,Device,Conv2DBackpropInput,gradient_tape/mobilenetv2_1.00_224/block_11_project/Conv2D/Conv2DBackpropInput,2,155.649,77.8245,155.649,77.8245,0.0006481401522784778,0.9302078824725816,0.0,0.0
175,Device,DepthwiseConv2dNativeBackpropInput,gradient_tape/mobilenetv2_1.00_224/block_7_depthwise/depthwise/DepthwiseConv2dNativeBackpropInput,2,155.649,77.8245,155.649,77.8245,0.0006481401522784778,0.93085602262486,0.0,0.0
176,Device,Conv2DBackpropInput,gradient_tape/mobilenetv2_1.00_224/block_12_project/Conv2D/Conv2DBackpropInput,2,154.624,77.312,154.624,77.312,0.0006438719356109409,0.931499894560471,0.0,0.0
177,Device,Conv2D,mobilenetv2_1.00_224/block_12_expand/Conv2D,2,151.552,75.776,151.552,75.776,0.0006310797779497964,0.9321309743384208,0.0,0.0
178,Device,Pad,mobilenetv2_1.00_224/block_13_pad/Pad,2,150.528,75.264,150.528,75.264,0.0006268157253960815,0.932757790063817,0.0,0.0
179,Device,Conv2D,mobilenetv2_1.00_224/block_13_expand/Conv2D,2,148.48,74.24,148.48,74.24,0.0006182876202886518,0.9333760776841057,0.0,0.0
180,Device,Conv2D,mobilenetv2_1.00_224/block_11_expand/Conv2D,2,146.432,73.216,146.432,73.216,0.0006097595151812222,0.933985837199287,0.0,0.0
181,Device,Conv2DBackpropInput,gradient_tape/mobilenetv2_1.00_224/block_5_project/Conv2D/Conv2DBackpropInput,2,142.336,71.168,142.336,71.168,0.0005927033049663629,0.9345785405042534,0.0,0.0
182,Device,Conv2D,mobilenetv2_1.00_224/block_15_project/Conv2D,2,140.288,70.144,140.288,70.144,0.0005841751998589333,0.9351627157041124,0.0,0.0
183,Device,Conv2D,mobilenetv2_1.00_224/block_6_expand/Conv2D,2,139.266,69.633,139.266,69.633,0.0005799194755328622,0.9357426351796452,0.0,0.0
184,Device,Conv2DBackpropInput,gradient_tape/mobilenetv2_1.00_224/block_4_project/Conv2D/Conv2DBackpropInput,2,139.264,69.632,139.264,69.632,0.0005799111473052184,0.9363225463269504,0.0,0.0
185,Device,FusedBatchNormV3,mobilenetv2_1.00_224/block_12_expand_BN/FusedBatchNormV3,4,139.264,34.816,139.264,34.816,0.0005799111473052184,0.9369024574742557,0.0,0.0
186,Device,Conv2D,mobilenetv2_1.00_224/block_14_project/Conv2D,2,139.264,69.632,139.264,69.632,0.0005799111473052184,0.937482368621561,0.0,0.0
187,Device,FusedBatchNormV3,mobilenetv2_1.00_224/block_11_expand_BN/FusedBatchNormV3,4,138.242,34.5605,138.242,34.5605,0.0005756554229791474,0.9380580240445401,0.0,0.0
188,Device,Conv2D,mobilenetv2_1.00_224/block_4_expand/Conv2D,2,138.242,69.121,138.242,69.121,0.0005756554229791474,0.9386336794675192,0.0,0.0
189,Device,DepthwiseConv2dNative,mobilenetv2_1.00_224/block_12_depthwise/depthwise,2,138.24,69.12,138.24,69.12,0.0005756470947515035,0.9392093265622707,0.0,0.0
190,Device,FusedBatchNormV3,mobilenetv2_1.00_224/block_13_expand_BN/FusedBatchNormV3,4,138.24,34.56,138.24,34.56,0.0005756470947515035,0.9397849736570223,0.0,0.0
191,Device,DepthwiseConv2dNative,mobilenetv2_1.00_224/block_11_depthwise/depthwise,2,136.192,68.096,136.192,68.096,0.0005671189896440739,0.9403520926466664,0.0,0.0
192,Device,Conv2D,mobilenetv2_1.00_224/block_5_expand/Conv2D,2,136.192,68.096,136.192,68.096,0.0005671189896440739,0.9409192116363105,0.0,0.0
193,Device,DepthwiseConv2dNative,mobilenetv2_1.00_224/block_6_depthwise/depthwise,2,134.144,67.072,134.144,67.072,0.0005585908845366441,0.9414778025208472,0.0,0.0
194,Device,FusedBatchNormV3,mobilenetv2_1.00_224/block_11_depthwise_BN/FusedBatchNormV3,4,133.12,33.28,133.12,33.28,0.0005543268319829293,0.9420321293528302,0.0,0.0
195,Device,FusedBatchNormV3,mobilenetv2_1.00_224/block_12_depthwise_BN/FusedBatchNormV3,4,132.096,33.024,132.096,33.024,0.0005500627794292145,0.9425821921322595,0.0,0.0
196,Device,Conv2DBackpropInput,gradient_tape/mobilenetv2_1.00_224/block_10_project/Conv2D/Conv2DBackpropInput,2,131.072,65.536,131.072,65.536,0.0005457987268754996,0.943127990859135,0.0,0.0
197,Device,Slice,gradient_tape/mobilenetv2_1.00_224/block_13_pad/Slice_1,2,129.024,64.512,129.024,64.512,0.0005372706217680699,0.9436652614809031,0.0,0.0
198,Device,Relu6Grad,gradient_tape/mobilenetv2_1.00_224/block_8_expand_relu/Relu6/Relu6Grad,2,126.976,63.488,126.976,63.488,0.0005287425166606403,0.9441940039975638,0.0,0.0
199,Device,Relu6Grad,gradient_tape/mobilenetv2_1.00_224/block_9_expand_relu/Relu6/Relu6Grad,2,125.953,62.9765,125.953,62.9765,0.0005244826282207474,0.9447184866257846,0.0,0.0
200,Device,AddN,SGD/gradients/AddN_9,2,125.952,62.976,125.952,62.976,0.0005244784641069254,0.9452429650898916,0.0,0.0
201,Device,Conv2DBackpropInput,gradient_tape/mobilenetv2_1.00_224/block_3_project/Conv2D/Conv2DBackpropInput,2,125.952,62.976,125.952,62.976,0.0005244784641069254,0.9457674435539986,0.0,0.0
202,Device,Relu6Grad,gradient_tape/mobilenetv2_1.00_224/block_7_expand_relu/Relu6/Relu6Grad,2,125.952,62.976,125.952,62.976,0.0005244784641069254,0.9462919220181055,0.0,0.0
203,Device,Relu6,mobilenetv2_1.00_224/block_3_depthwise_relu/Relu6,2,124.928,62.464,124.928,62.464,0.0005202144115532105,0.9468121364296588,0.0,0.0
204,Device,AddV2,mobilenetv2_1.00_224/block_2_add/add,2,123.904,61.952,123.904,61.952,0.0005159503589994958,0.9473280867886583,0.0,0.0
205,Device,Relu6,mobilenetv2_1.00_224/block_11_depthwise_relu/Relu6,2,121.858,60.929,121.858,60.929,0.00050743058211971,0.947835517370778,0.0,0.0
206,Device,Relu6,mobilenetv2_1.00_224/block_12_expand_relu/Relu6,2,121.858,60.929,121.858,60.929,0.00050743058211971,0.9483429479528976,0.0,0.0
207,Device,Relu6,mobilenetv2_1.00_224/block_12_depthwise_relu/Relu6,2,121.856,60.928,121.856,60.928,0.000507422253892066,0.9488503702067898,0.0,0.0
208,Device,Relu6Grad,gradient_tape/mobilenetv2_1.00_224/block_7_depthwise_relu/Relu6/Relu6Grad,2,120.833,60.4165,120.833,60.4165,0.0005031623654521732,0.949353532572242,0.0,0.0
209,Device,ArgMax,ArgMax_1,2,120.832,60.416,120.832,60.416,0.0005031582013383511,0.9498566907735804,0.0,0.0
210,Device,Relu6Grad,gradient_tape/mobilenetv2_1.00_224/block_8_depthwise_relu/Relu6/Relu6Grad,2,120.832,60.416,120.832,60.416,0.0005031582013383511,0.9503598489749188,0.0,0.0
211,Device,Relu6,mobilenetv2_1.00_224/block_13_expand_relu/Relu6,2,119.81,59.905,119.81,59.905,0.0004989024770122803,0.950858751451931,0.0,0.0
212,Device,Relu6Grad,gradient_tape/mobilenetv2_1.00_224/block_9_depthwise_relu/Relu6/Relu6Grad,2,119.808,59.904,119.808,59.904,0.0004988941487846364,0.9513576456007157,0.0,0.0
213,Device,Relu6,mobilenetv2_1.00_224/block_11_expand_relu/Relu6,2,119.808,59.904,119.808,59.904,0.0004988941487846364,0.9518565397495004,0.0,0.0
214,Device,Conv2DBackpropFilter,gradient_tape/mobilenetv2_1.00_224/block_8_expand/Conv2D/Conv2DBackpropFilter,2,117.761,58.8805,117.761,58.8805,0.0004903702077910287,0.9523469099572914,0.0,0.0
215,Device,Conv2DBackpropInput,gradient_tape/mobilenetv2_1.00_224/block_10_expand/Conv2D/Conv2DBackpropInput,2,117.76,58.88,117.76,58.88,0.0004903660436772067,0.9528372760009687,0.0,0.0
216,Device,Conv2DBackpropFilter,gradient_tape/mobilenetv2_1.00_224/block_7_expand/Conv2D/Conv2DBackpropFilter,2,117.76,58.88,117.76,58.88,0.0004903660436772067,0.9533276420446459,0.0,0.0
217,Device,Conv2D,mobilenetv2_1.00_224/block_10_project/Conv2D,2,117.76,58.88,117.76,58.88,0.0004903660436772067,0.9538180080883232,0.0,0.0
218,Device,Conv2D,mobilenetv2_1.00_224/block_4_project/Conv2D,2,116.736,58.368,116.736,58.368,0.00048610199112349183,0.9543041100794467,0.0,0.0
219,Device,Conv2D,mobilenetv2_1.00_224/block_5_project/Conv2D,2,116.736,58.368,116.736,58.368,0.00048610199112349183,0.9547902120705702,0.0,0.0
220,Device,Conv2DBackpropFilter,gradient_tape/mobilenetv2_1.00_224/block_13_project/Conv2D/Conv2DBackpropFilter,2,115.712,57.856,115.712,57.856,0.000481837938569777,0.9552720500091401,0.0,0.0
221,Device,Conv2DBackpropInput,gradient_tape/mobilenetv2_1.00_224/block_6_expand/Conv2D/Conv2DBackpropInput,2,115.712,57.856,115.712,57.856,0.000481837938569777,0.9557538879477099,0.0,0.0
222,Device,Conv2DBackpropInput,gradient_tape/mobilenetv2_1.00_224/block_4_expand/Conv2D/Conv2DBackpropInput,2,114.689,57.3445,114.689,57.3445,0.0004775780501298841,0.9562314659978398,0.0,0.0
223,Device,Conv2DBackpropInput,gradient_tape/mobilenetv2_1.00_224/block_5_expand/Conv2D/Conv2DBackpropInput,2,114.688,57.344,114.688,57.344,0.0004775738860160622,0.9567090398838559,0.0,0.0
224,Device,Conv2DBackpropFilter,gradient_tape/mobilenetv2_1.00_224/block_9_expand/Conv2D/Conv2DBackpropFilter,2,113.665,56.8325,113.665,56.8325,0.00047331399757616935,0.9571823538814321,0.0,0.0
225,Device,Relu6Grad,gradient_tape/mobilenetv2_1.00_224/block_10_depthwise_relu/Relu6/Relu6Grad,2,113.664,56.832,113.664,56.832,0.0004733098334623473,0.9576556637148945,0.0,0.0
226,Device,Relu6Grad,gradient_tape/mobilenetv2_1.00_224/block_10_expand_relu/Relu6/Relu6Grad,2,112.641,56.3205,112.641,56.3205,0.00046904994502245447,0.958124713659917,0.0,0.0
227,Device,FusedBatchNormGradV3,gradient_tape/mobilenetv2_1.00_224/Conv_1_bn/FusedBatchNormGradV3,2,112.64,56.32,112.64,56.32,0.0004690457809086325,0.9585937594408257,0.0,0.0
228,Device,Conv2DBackpropFilter,gradient_tape/mobilenetv2_1.00_224/block_10_expand/Conv2D/Conv2DBackpropFilter,2,112.64,56.32,112.64,56.32,0.0004690457809086325,0.9590628052217344,0.0,0.0
229,Device,DepthwiseConv2dNative,mobilenetv2_1.00_224/block_13_depthwise/depthwise,2,112.64,56.32,112.64,56.32,0.0004690457809086325,0.959531851002643,0.0,0.0
230,Device,Conv2DBackpropInput,gradient_tape/mobilenetv2_1.00_224/block_15_project/Conv2D/Conv2DBackpropInput,2,109.569,54.7845,109.569,54.7845,0.00045625778736130995,0.9599881087900044,0.0,0.0
231,Device,Conv2DBackpropInput,gradient_tape/mobilenetv2_1.00_224/block_9_expand/Conv2D/Conv2DBackpropInput,2,108.544,54.272,108.544,54.272,0.0004519895706937731,0.9604400983606982,0.0,0.0
232,Device,Conv2DBackpropInput,gradient_tape/mobilenetv2_1.00_224/block_14_project/Conv2D/Conv2DBackpropInput,2,107.52,53.76,107.52,53.76,0.00044772551814005826,0.9608878238788383,0.0,0.0
233,Device,Conv2DBackpropInput,gradient_tape/mobilenetv2_1.00_224/block_8_expand/Conv2D/Conv2DBackpropInput,2,107.52,53.76,107.52,53.76,0.00044772551814005826,0.9613355493969784,0.0,0.0
234,Device,Conv2DBackpropInput,gradient_tape/mobilenetv2_1.00_224/block_7_expand/Conv2D/Conv2DBackpropInput,2,106.497,53.2485,106.497,53.2485,0.0004434656297001654,0.9617790150266786,0.0,0.0
235,Device,Conv2DBackpropInput,gradient_tape/mobilenetv2_1.00_224/block_8_project/Conv2D/Conv2DBackpropInput,2,106.497,53.2485,106.497,53.2485,0.0004434656297001654,0.9622224806563788,0.0,0.0
236,Device,Conv2DBackpropInput,gradient_tape/mobilenetv2_1.00_224/block_9_project/Conv2D/Conv2DBackpropInput,2,106.497,53.2485,106.497,53.2485,0.0004434656297001654,0.962665946286079,0.0,0.0
237,Device,Relu6Grad,gradient_tape/mobilenetv2_1.00_224/out_relu/Relu6/Relu6Grad,2,106.497,53.2485,106.497,53.2485,0.0004434656297001654,0.9631094119157793,0.0,0.0
238,Device,Conv2DBackpropInput,gradient_tape/mobilenetv2_1.00_224/block_7_project/Conv2D/Conv2DBackpropInput,2,106.496,53.248,106.496,53.248,0.00044346146558634343,0.9635528733813656,0.0,0.0
239,Device,Conv2D,mobilenetv2_1.00_224/block_15_expand/Conv2D,2,105.474,52.737,105.474,52.737,0.0004392057412602726,0.9639920791226259,0.0,0.0
240,Device,Conv2D,mobilenetv2_1.00_224/block_14_expand/Conv2D,2,104.45,52.225,104.45,52.225,0.0004349416887065577,0.9644270208113324,0.0,0.0
241,Device,Conv2D,mobilenetv2_1.00_224/block_16_expand/Conv2D,2,104.45,52.225,104.45,52.225,0.0004349416887065577,0.9648619625000389,0.0,0.0
242,Device,DepthwiseConv2dNativeBackpropInput,gradient_tape/mobilenetv2_1.00_224/block_14_depthwise/depthwise/DepthwiseConv2dNativeBackpropInput,2,103.425,51.7125,103.425,51.7125,0.0004306734720390209,0.9652926359720779,0.0,0.0
243,Device,DepthwiseConv2dNativeBackpropInput,gradient_tape/mobilenetv2_1.00_224/block_16_depthwise/depthwise/DepthwiseConv2dNativeBackpropInput,2,103.425,51.7125,103.425,51.7125,0.0004306734720390209,0.965723309444117,0.0,0.0
244,Device,DepthwiseConv2dNativeBackpropInput,gradient_tape/mobilenetv2_1.00_224/block_15_depthwise/depthwise/DepthwiseConv2dNativeBackpropInput,2,102.4,51.2,102.4,51.2,0.0004264052553714841,0.9661497146994885,0.0,0.0
245,Device,DepthwiseConv2dNative,mobilenetv2_1.00_224/block_8_depthwise/depthwise,2,97.28,48.64,97.28,48.64,0.00040508499260290986,0.9665547996920915,0.0,0.0
246,Device,Conv2D,mobilenetv2_1.00_224/block_3_project/Conv2D,2,96.256,48.128,96.256,48.128,0.00040082094004919504,0.9669556206321407,0.0,0.0
247,Device,Conv2D,mobilenetv2_1.00_224/block_7_expand/Conv2D,2,96.256,48.128,96.256,48.128,0.00040082094004919504,0.9673564415721899,0.0,0.0
248,Device,DepthwiseConv2dNative,mobilenetv2_1.00_224/block_9_depthwise/depthwise,2,95.232,47.616,95.232,47.616,0.00039655688749548016,0.9677529984596854,0.0,0.0
249,Device,Conv2D,mobilenetv2_1.00_224/block_9_expand/Conv2D,2,95.232,47.616,95.232,47.616,0.00039655688749548016,0.968149555347181,0.0,0.0
250,Device,Conv2D,mobilenetv2_1.00_224/block_8_expand/Conv2D,2,94.21,47.105,94.21,47.105,0.0003923011631694093,0.9685418565103504,0.0,0.0
251,Device,Conv2D,mobilenetv2_1.00_224/block_10_expand/Conv2D,2,94.208,47.104,94.208,47.104,0.00039229283494176533,0.9689341493452922,0.0,0.0
252,Device,Conv2D,mobilenetv2_1.00_224/block_13_project/Conv2D,2,94.208,47.104,94.208,47.104,0.00039229283494176533,0.969326442180234,0.0,0.0
253,Device,DepthwiseConv2dNative,mobilenetv2_1.00_224/block_7_depthwise/depthwise,2,94.208,47.104,94.208,47.104,0.00039229283494176533,0.9697187350151758,0.0,0.0
254,Device,DepthwiseConv2dNative,mobilenetv2_1.00_224/block_10_depthwise/depthwise,2,93.185,46.5925,93.185,46.5925,0.0003880329465018725,0.9701067679616777,0.0,0.0
255,Device,FusedBatchNormGradV3,gradient_tape/mobilenetv2_1.00_224/block_6_depthwise_BN/FusedBatchNormGradV3,2,92.16,46.08,92.16,46.08,0.00038376472983433563,0.9704905326915121,0.0,0.0
256,Device,FusedBatchNormV3,mobilenetv2_1.00_224/block_7_depthwise_BN/FusedBatchNormV3,4,92.16,23.04,92.16,23.04,0.00038376472983433563,0.9708742974213465,0.0,0.0
257,Device,FusedBatchNormV3,mobilenetv2_1.00_224/block_9_depthwise_BN/FusedBatchNormV3,4,92.16,23.04,92.16,23.04,0.00038376472983433563,0.9712580621511808,0.0,0.0
258,Device,Conv2D,mobilenetv2_1.00_224/block_8_project/Conv2D,2,91.138,45.569,91.138,45.569,0.00037950900550826484,0.9716375711566891,0.0,0.0
259,Device,Conv2D,mobilenetv2_1.00_224/block_7_project/Conv2D,2,91.136,45.568,91.136,45.568,0.0003795006772806208,0.9720170718339698,0.0,0.0
260,Device,FusedBatchNormV3,mobilenetv2_1.00_224/block_8_depthwise_BN/FusedBatchNormV3,4,91.136,22.784,91.136,22.784,0.0003795006772806208,0.9723965725112504,0.0,0.0
261,Device,Conv2D,mobilenetv2_1.00_224/block_9_project/Conv2D,2,90.112,45.056,90.112,45.056,0.00037523662472690593,0.9727718091359774,0.0,0.0
262,Device,FusedBatchNormV3,mobilenetv2_1.00_224/block_10_depthwise_BN/FusedBatchNormV3,4,89.088,22.272,89.088,22.272,0.0003709725721731911,0.9731427817081506,0.0,0.0
263,Device,FusedBatchNormV3,mobilenetv2_1.00_224/block_7_expand_BN/FusedBatchNormV3,4,88.066,22.0165,88.066,22.0165,0.00036671684784712026,0.9735094985559978,0.0,0.0
264,Device,FusedBatchNormV3,mobilenetv2_1.00_224/block_10_expand_BN/FusedBatchNormV3,4,88.064,22.016,88.064,22.016,0.0003667085196194763,0.9738762070756173,0.0,0.0
265,Device,FusedBatchNormV3,mobilenetv2_1.00_224/block_8_expand_BN/FusedBatchNormV3,4,88.064,22.016,88.064,22.016,0.0003667085196194763,0.9742429155952368,0.0,0.0
266,Device,FusedBatchNormV3,mobilenetv2_1.00_224/block_9_expand_BN/FusedBatchNormV3,4,88.064,22.016,88.064,22.016,0.0003667085196194763,0.9746096241148563,0.0,0.0
267,Device,FusedBatchNormGradV3,gradient_tape/mobilenetv2_1.00_224/block_15_depthwise_BN/FusedBatchNormGradV3,2,86.017,43.0085,86.017,43.0085,0.00035818457862586857,0.9749678086934822,0.0,0.0
268,Device,FusedBatchNormGradV3,gradient_tape/mobilenetv2_1.00_224/block_16_depthwise_BN/FusedBatchNormGradV3,2,84.992,42.496,84.992,42.496,0.0003539163619583318,0.9753217250554406,0.0,0.0
269,Device,Transpose,gradient_tape/mobilenetv2_1.00_224/out_relu/Relu6/Relu6Grad-0-TransposeNHWCToNCHW-LayoutOptimizer,2,84.992,42.496,84.992,42.496,0.0003539163619583318,0.9756756414173989,0.0,0.0
270,Device,FusedBatchNormGradV3,gradient_tape/mobilenetv2_1.00_224/block_14_expand_BN/FusedBatchNormGradV3,2,82.945,41.4725,82.945,41.4725,0.00034539242096472405,0.9760210338383637,0.0,0.0
271,Device,FusedBatchNormGradV3,gradient_tape/mobilenetv2_1.00_224/block_16_expand_BN/FusedBatchNormGradV3,2,82.945,41.4725,82.945,41.4725,0.00034539242096472405,0.9763664262593285,0.0,0.0
272,Device,Conv2DBackpropInput,gradient_tape/mobilenetv2_1.00_224/block_13_project/Conv2D/Conv2DBackpropInput,2,82.944,41.472,82.944,41.472,0.0003453882568509021,0.9767118145161794,0.0,0.0
273,Device,FusedBatchNormGradV3,gradient_tape/mobilenetv2_1.00_224/block_14_depthwise_BN/FusedBatchNormGradV3,2,82.944,41.472,82.944,41.472,0.0003453882568509021,0.9770572027730303,0.0,0.0
274,Device,FusedBatchNormGradV3,gradient_tape/mobilenetv2_1.00_224/block_15_expand_BN/FusedBatchNormGradV3,2,81.92,40.96,81.92,40.96,0.00034112420429718724,0.9773983269773275,0.0,0.0
275,Device,FusedBatchNormGradV3,gradient_tape/mobilenetv2_1.00_224/block_3_project_BN/FusedBatchNormGradV3,2,80.896,40.448,80.896,40.448,0.0003368601517434724,0.977735187129071,0.0,0.0
276,Device,FusedBatchNormGradV3,gradient_tape/mobilenetv2_1.00_224/block_4_project_BN/FusedBatchNormGradV3,2,80.896,40.448,80.896,40.448,0.0003368601517434724,0.9780720472808145,0.0,0.0
277,Device,FusedBatchNormV3,mobilenetv2_1.00_224/Conv_1_bn/FusedBatchNormV3,4,80.896,20.224,80.896,20.224,0.0003368601517434724,0.978408907432558,0.0,0.0
278,Device,FusedBatchNormGradV3,gradient_tape/mobilenetv2_1.00_224/block_5_project_BN/FusedBatchNormGradV3,2,79.873,39.9365,79.873,39.9365,0.0003326002633035796,0.9787415076958617,0.0,0.0
279,Device,Relu6Grad,gradient_tape/mobilenetv2_1.00_224/block_16_depthwise_relu/Relu6/Relu6Grad,2,79.872,39.936,79.872,39.936,0.0003325960991897576,0.9790741037950514,0.0,0.0
280,Device,DepthwiseConv2dNativeBackpropFilter,gradient_tape/mobilenetv2_1.00_224/block_16_depthwise/depthwise/DepthwiseConv2dNativeBackpropFilter,2,77.824,38.912,77.824,38.912,0.0003240679940823279,0.9793981717891338,0.0,0.0
281,Device,DepthwiseConv2dNativeBackpropFilter,gradient_tape/mobilenetv2_1.00_224/block_15_depthwise/depthwise/DepthwiseConv2dNativeBackpropFilter,2,75.776,37.888,75.776,37.888,0.0003155398889748982,0.9797137116781087,0.0,0.0
282,Device,Conv2DBackpropFilter,gradient_tape/mobilenetv2_1.00_224/block_6_project/Conv2D/Conv2DBackpropFilter,2,75.776,37.888,75.776,37.888,0.0003155398889748982,0.9800292515670836,0.0,0.0
283,Device,Relu6,mobilenetv2_1.00_224/block_10_depthwise_relu/Relu6,2,75.776,37.888,75.776,37.888,0.0003155398889748982,0.9803447914560586,0.0,0.0
284,Device,Relu6,mobilenetv2_1.00_224/block_10_expand_relu/Relu6,2,75.776,37.888,75.776,37.888,0.0003155398889748982,0.9806603313450335,0.0,0.0
285,Device,Relu6,mobilenetv2_1.00_224/block_8_depthwise_relu/Relu6,2,75.776,37.888,75.776,37.888,0.0003155398889748982,0.9809758712340084,0.0,0.0
286,Device,Relu6,mobilenetv2_1.00_224/block_8_expand_relu/Relu6,2,75.776,37.888,75.776,37.888,0.0003155398889748982,0.9812914111229833,0.0,0.0
287,Device,Relu6,mobilenetv2_1.00_224/block_9_depthwise_relu/Relu6,2,74.754,37.377,74.754,37.377,0.00031128416464882734,0.9816026952876322,0.0,0.0
288,Device,Relu6Grad,gradient_tape/mobilenetv2_1.00_224/block_15_expand_relu/Relu6/Relu6Grad,2,74.753,37.3765,74.753,37.3765,0.00031128000053500535,0.9819139752881673,0.0,0.0
289,Device,DepthwiseConv2dNativeBackpropFilter,gradient_tape/mobilenetv2_1.00_224/block_14_depthwise/depthwise/DepthwiseConv2dNativeBackpropFilter,2,74.752,37.376,74.752,37.376,0.00031127583642118336,0.9822252511245885,0.0,0.0
290,Device,Relu6Grad,gradient_tape/mobilenetv2_1.00_224/block_14_expand_relu/Relu6/Relu6Grad,2,74.752,37.376,74.752,37.376,0.00031127583642118336,0.9825365269610097,0.0,0.0
291,Device,Relu6,mobilenetv2_1.00_224/block_7_expand_relu/Relu6,2,74.752,37.376,74.752,37.376,0.00031127583642118336,0.9828478027974309,0.0,0.0
292,Device,Relu6Grad,gradient_tape/mobilenetv2_1.00_224/block_14_depthwise_relu/Relu6/Relu6Grad,2,73.728,36.864,73.728,36.864,0.0003070117838674685,0.9831548145812984,0.0,0.0
293,Device,Relu6Grad,gradient_tape/mobilenetv2_1.00_224/block_15_depthwise_relu/Relu6/Relu6Grad,2,73.728,36.864,73.728,36.864,0.0003070117838674685,0.9834618263651659,0.0,0.0
294,Device,Relu6,mobilenetv2_1.00_224/block_7_depthwise_relu/Relu6,2,73.728,36.864,73.728,36.864,0.0003070117838674685,0.9837688381490334,0.0,0.0
295,Device,Relu6,mobilenetv2_1.00_224/block_9_expand_relu/Relu6,2,73.728,36.864,73.728,36.864,0.0003070117838674685,0.9840758499329009,0.0,0.0
296,Device,Transpose,mobilenetv2_1.00_224/out_relu/Relu6-0-0-TransposeNCHWToNHWC-LayoutOptimizer,2,69.632,34.816,69.632,34.816,0.0002899555736526092,0.9843658055065535,0.0,0.0
297,Device,Relu6Grad,gradient_tape/mobilenetv2_1.00_224/block_16_expand_relu/Relu6/Relu6Grad,2,66.56,33.28,66.56,33.28,0.00027716341599146467,0.984642968922545,0.0,0.0
298,Device,RealDiv,gradient_tape/mobilenetv2_1.00_224/global_average_pooling2d/truediv,2,64.512,32.256,64.512,32.256,0.00026863531088403497,0.984911604233429,0.0,0.0
299,Device,FusedBatchNormV3,mobilenetv2_1.00_224/block_16_depthwise_BN/FusedBatchNormV3,4,61.44,15.36,61.44,15.36,0.00025584315322289044,0.985167447386652,0.0,0.0
300,Device,ResourceApplyGradientDescent,SGD/SGD/update_156/ResourceApplyGradientDescent,2,60.417,30.2085,60.417,30.2085,0.0002515832647829976,0.985419030651435,0.0,0.0
301,Device,FusedBatchNormV3,mobilenetv2_1.00_224/block_14_depthwise_BN/FusedBatchNormV3,4,60.416,15.104,60.416,15.104,0.00025157910066917556,0.9856706097521042,0.0,0.0
302,Device,Conv2DBackpropInput,gradient_tape/mobilenetv2_1.00_224/block_6_project/Conv2D/Conv2DBackpropInput,2,59.392,29.696,59.392,29.696,0.0002473150481154608,0.9859179248002197,0.0,0.0
303,Device,FusedBatchNormV3,mobilenetv2_1.00_224/block_14_expand_BN/FusedBatchNormV3,4,59.392,14.848,59.392,14.848,0.0002473150481154608,0.9861652398483352,0.0,0.0
304,Device,FusedBatchNormV3,mobilenetv2_1.00_224/block_15_depthwise_BN/FusedBatchNormV3,4,59.392,14.848,59.392,14.848,0.0002473150481154608,0.9864125548964506,0.0,0.0
305,Device,FusedBatchNormV3,mobilenetv2_1.00_224/block_15_expand_BN/FusedBatchNormV3,4,59.392,14.848,59.392,14.848,0.0002473150481154608,0.9866598699445661,0.0,0.0
306,Device,FusedBatchNormV3,mobilenetv2_1.00_224/block_16_expand_BN/FusedBatchNormV3,4,59.392,14.848,59.392,14.848,0.0002473150481154608,0.9869071849926816,0.0,0.0
307,Device,Relu6,mobilenetv2_1.00_224/out_relu/Relu6,2,58.368,29.184,58.368,29.184,0.00024305099556174592,0.9871502359882434,0.0,0.0
308,Device,DepthwiseConv2dNative,mobilenetv2_1.00_224/block_16_depthwise/depthwise,2,55.296,27.648,55.296,27.648,0.0002302588379006014,0.987380494826144,0.0,0.0
309,Device,Conv2D,mobilenetv2_1.00_224/block_6_project/Conv2D,2,55.296,27.648,55.296,27.648,0.0002302588379006014,0.9876107536640446,0.0,0.0
310,Device,DepthwiseConv2dNative,mobilenetv2_1.00_224/block_15_depthwise/depthwise,2,54.272,27.136,54.272,27.136,0.00022599478534688654,0.9878367484493915,0.0,0.0
311,Device,DepthwiseConv2dNative,mobilenetv2_1.00_224/block_14_depthwise/depthwise,2,53.248,26.624,53.248,26.624,0.00022173073279317172,0.9880584791821847,0.0,0.0
312,Device,FusedBatchNormGradV3,gradient_tape/mobilenetv2_1.00_224/block_13_depthwise_BN/FusedBatchNormGradV3,2,50.176,25.088,50.176,25.088,0.0002089385751320272,0.9882674177573167,0.0,0.0
313,Device,Relu6Grad,gradient_tape/mobilenetv2_1.00_224/block_6_depthwise_relu/Relu6/Relu6Grad,2,49.153,24.5765,49.153,24.5765,0.00020467868669213433,0.9884720964440089,0.0,0.0
314,Device,Mean,mobilenetv2_1.00_224/global_average_pooling2d/Mean,2,47.104,23.552,47.104,23.552,0.00019614641747088267,0.9886682428614798,0.0,0.0
315,Device,FusedBatchNormV3,mobilenetv2_1.00_224/block_6_depthwise_BN/FusedBatchNormV3,4,41.984,10.496,41.984,10.496,0.00017482615470230847,0.9888430690161821,0.0,0.0
316,Device,MatMul,mobilenetv2_1.00_224/predictions/MatMul,2,40.961,20.4805,40.961,20.4805,0.0001705662662624156,0.9890136352824446,0.0,0.0
317,Device,MatMul,gradient_tape/mobilenetv2_1.00_224/predictions/MatMul/MatMul,2,39.936,19.968,39.936,19.968,0.0001662980495948788,0.9891799333320395,0.0,0.0
318,Device,BroadcastTo,gradient_tape/mobilenetv2_1.00_224/global_average_pooling2d/BroadcastTo,2,38.912,19.456,38.912,19.456,0.00016203399704116394,0.9893419673290806,0.0,0.0
319,Device,FusedBatchNormGradV3,gradient_tape/mobilenetv2_1.00_224/block_16_project_BN/FusedBatchNormGradV3,2,36.864,18.432,36.864,18.432,0.00015350589193373424,0.9894954732210144,0.0,0.0
320,Device,FusedBatchNormV3,mobilenetv2_1.00_224/block_13_depthwise_BN/FusedBatchNormV3,4,36.864,9.216,36.864,9.216,0.00015350589193373424,0.9896489791129481,0.0,0.0
321,Device,Relu6,mobilenetv2_1.00_224/block_14_expand_relu/Relu6,2,36.864,18.432,36.864,18.432,0.00015350589193373424,0.9898024850048819,0.0,0.0
322,Device,Relu6Grad,gradient_tape/mobilenetv2_1.00_224/block_13_depthwise_relu/Relu6/Relu6Grad,2,35.841,17.9205,35.841,17.9205,0.0001492460034938414,0.9899517310083757,0.0,0.0
323,Device,Relu6,mobilenetv2_1.00_224/block_16_depthwise_relu/Relu6,2,35.84,17.92,35.84,17.92,0.00014924183938001945,0.9901009728477558,0.0,0.0
324,Device,Relu6,mobilenetv2_1.00_224/block_16_expand_relu/Relu6,2,35.84,17.92,35.84,17.92,0.00014924183938001945,0.9902502146871358,0.0,0.0
325,Device,Relu6,mobilenetv2_1.00_224/block_15_depthwise_relu/Relu6,2,34.816,17.408,34.816,17.408,0.0001449777868263046,0.9903951924739621,0.0,0.0
326,Device,Relu6,mobilenetv2_1.00_224/block_15_expand_relu/Relu6,2,34.816,17.408,34.816,17.408,0.0001449777868263046,0.9905401702607884,0.0,0.0
327,Device,FusedBatchNormV3,mobilenetv2_1.00_224/block_3_project_BN/FusedBatchNormV3,4,34.816,8.704,34.816,8.704,0.0001449777868263046,0.9906851480476148,0.0,0.0
328,Device,FusedBatchNormGradV3,gradient_tape/mobilenetv2_1.00_224/block_10_project_BN/FusedBatchNormGradV3,2,33.792,16.896,33.792,16.896,0.00014071373427258974,0.9908258617818874,0.0,0.0
329,Device,Relu6,mobilenetv2_1.00_224/block_14_depthwise_relu/Relu6,2,33.792,16.896,33.792,16.896,0.00014071373427258974,0.99096657551616,0.0,0.0
330,Device,FusedBatchNormV3,mobilenetv2_1.00_224/block_4_project_BN/FusedBatchNormV3,4,33.792,8.448,33.792,8.448,0.00014071373427258974,0.9911072892504326,0.0,0.0
331,Device,AddN,SGD/gradients/AddN_8,2,32.768,16.384,32.768,16.384,0.0001364496817188749,0.9912437389321515,0.0,0.0
332,Device,FusedBatchNormGradV3,gradient_tape/mobilenetv2_1.00_224/block_12_project_BN/FusedBatchNormGradV3,2,32.768,16.384,32.768,16.384,0.0001364496817188749,0.9913801886138703,0.0,0.0
333,Device,FusedBatchNormV3,mobilenetv2_1.00_224/block_5_project_BN/FusedBatchNormV3,4,32.768,8.192,32.768,8.192,0.0001364496817188749,0.9915166382955892,0.0,0.0
334,Device,FusedBatchNormGradV3,gradient_tape/mobilenetv2_1.00_224/block_11_project_BN/FusedBatchNormGradV3,2,30.72,15.36,30.72,15.36,0.00012792157661144522,0.9916445598722007,0.0,0.0
335,Device,FusedBatchNormGradV3,gradient_tape/mobilenetv2_1.00_224/block_9_project_BN/FusedBatchNormGradV3,2,27.649,13.8245,27.649,13.8245,0.00011513358306412268,0.9917596934552648,0.0,0.0
336,Device,Softmax,mobilenetv2_1.00_224/predictions/Softmax,2,27.648,13.824,27.648,13.824,0.0001151294189503007,0.9918748228742151,0.0,0.0
337,Device,AddV2,mobilenetv2_1.00_224/block_5_add/add,2,26.624,13.312,26.624,13.312,0.00011086536639658586,0.9919856882406117,0.0,0.0
338,Device,AddV2,mobilenetv2_1.00_224/block_4_add/add,2,25.6,12.8,25.6,12.8,0.00010660131384287102,0.9920922895544546,0.0,0.0
339,Device,ResourceApplyGradientDescent,SGD/SGD/update_153/ResourceApplyGradientDescent,2,24.576,12.288,24.576,12.288,0.00010233726128915618,0.9921946268157438,0.0,0.0
340,Device,MatMul,gradient_tape/mobilenetv2_1.00_224/predictions/MatMul/MatMul_1,2,24.576,12.288,24.576,12.288,0.00010233726128915618,0.9922969640770329,0.0,0.0
341,Device,_Recv,IteratorGetNext/_4,2,24.096,12.048,24.096,12.048,0.00010033848665460235,0.9923973025636875,0.0,0.0
342,Device,AddN,SGD/gradients/AddN_7,2,23.553,11.7765,23.553,11.7765,9.807737284926332e-05,0.9924953799365368,0.0,0.0
343,Device,FusedBatchNormV3,mobilenetv2_1.00_224/block_16_project_BN/FusedBatchNormV3,4,22.529,5.63225,22.529,5.63225,9.381332029554848e-05,0.9925891932568324,0.0,0.0
344,Device,ResourceApplyGradientDescent,SGD/SGD/update_150/ResourceApplyGradientDescent,2,22.528,11.264,22.528,11.264,9.380915618172648e-05,0.9926830024130141,0.0,0.0
345,Device,AddN,SGD/gradients/AddN_3,2,22.528,11.264,22.528,11.264,9.380915618172648e-05,0.9927768115691958,0.0,0.0
346,Device,FusedBatchNormGradV3,gradient_tape/mobilenetv2_1.00_224/block_6_project_BN/FusedBatchNormGradV3,2,22.528,11.264,22.528,11.264,9.380915618172648e-05,0.9928706207253776,0.0,0.0
347,Device,FusedBatchNormGradV3,gradient_tape/mobilenetv2_1.00_224/block_7_project_BN/FusedBatchNormGradV3,2,22.528,11.264,22.528,11.264,9.380915618172648e-05,0.9929644298815593,0.0,0.0
348,Device,FusedBatchNormGradV3,gradient_tape/mobilenetv2_1.00_224/block_8_project_BN/FusedBatchNormGradV3,2,21.504,10.752,21.504,10.752,8.954510362801166e-05,0.9930539749851873,0.0,0.0
349,Device,FusedBatchNormV3,mobilenetv2_1.00_224/block_10_project_BN/FusedBatchNormV3,4,21.504,5.376,21.504,5.376,8.954510362801166e-05,0.9931435200888153,0.0,0.0
350,Device,FusedBatchNormV3,mobilenetv2_1.00_224/block_11_project_BN/FusedBatchNormV3,4,21.504,5.376,21.504,5.376,8.954510362801166e-05,0.9932330651924434,0.0,0.0
351,Device,FusedBatchNormV3,mobilenetv2_1.00_224/block_12_project_BN/FusedBatchNormV3,4,20.48,5.12,20.48,5.12,8.528105107429681e-05,0.9933183462435177,0.0,0.0
352,Device,FusedBatchNormGradV3,gradient_tape/mobilenetv2_1.00_224/block_15_project_BN/FusedBatchNormGradV3,2,19.456,9.728,19.456,9.728,8.101699852058197e-05,0.9933993632420383,0.0,0.0
353,Device,FusedBatchNormV3,mobilenetv2_1.00_224/block_6_project_BN/FusedBatchNormV3,4,19.456,4.864,19.456,4.864,8.101699852058197e-05,0.9934803802405588,0.0,0.0
354,Device,AddN,SGD/gradients/AddN_2,2,18.432,9.216,18.432,9.216,7.675294596686712e-05,0.9935571331865257,0.0,0.0
355,Device,AddV2,mobilenetv2_1.00_224/block_12_add/add,2,18.432,9.216,18.432,9.216,7.675294596686712e-05,0.9936338861324926,0.0,0.0
356,Device,FusedBatchNormV3,mobilenetv2_1.00_224/block_7_project_BN/FusedBatchNormV3,4,18.432,4.608,18.432,4.608,7.675294596686712e-05,0.9937106390784595,0.0,0.0
357,Device,FusedBatchNormV3,mobilenetv2_1.00_224/block_8_project_BN/FusedBatchNormV3,4,18.432,4.608,18.432,4.608,7.675294596686712e-05,0.9937873920244263,0.0,0.0
358,Device,FusedBatchNormV3,mobilenetv2_1.00_224/block_9_project_BN/FusedBatchNormV3,4,18.432,4.608,18.432,4.608,7.675294596686712e-05,0.9938641449703932,0.0,0.0
359,Device,AddV2,mobilenetv2_1.00_224/block_11_add/add,2,17.408,8.704,17.408,8.704,7.24888934131523e-05,0.9939366338638064,0.0,0.0
360,Device,FusedBatchNormGradV3,gradient_tape/mobilenetv2_1.00_224/block_13_project_BN/FusedBatchNormGradV3,2,16.384,8.192,16.384,8.192,6.822484085943745e-05,0.9940048587046658,0.0,0.0
361,Device,FusedBatchNormV3,mobilenetv2_1.00_224/block_13_project_BN/FusedBatchNormV3,4,16.384,4.096,16.384,4.096,6.822484085943745e-05,0.9940730835455253,0.0,0.0
362,Device,FusedBatchNormV3,mobilenetv2_1.00_224/block_14_project_BN/FusedBatchNormV3,4,16.384,4.096,16.384,4.096,6.822484085943745e-05,0.9941413083863847,0.0,0.0
363,Device,FusedBatchNormV3,mobilenetv2_1.00_224/block_15_project_BN/FusedBatchNormV3,4,16.384,4.096,16.384,4.096,6.822484085943745e-05,0.9942095332272441,0.0,0.0
364,Device,FusedBatchNormGradV3,gradient_tape/mobilenetv2_1.00_224/block_14_project_BN/FusedBatchNormGradV3,2,15.36,7.68,15.36,7.68,6.396078830572261e-05,0.9942734940155499,0.0,0.0
365,Device,ResourceApplyGradientDescent,SGD/SGD/update_141/ResourceApplyGradientDescent,2,14.336,7.168,14.336,7.168,5.969673575200777e-05,0.9943331907513019,0.0,0.0
366,Device,AddN,SGD/gradients/AddN,2,14.336,7.168,14.336,7.168,5.969673575200777e-05,0.9943928874870539,0.0,0.0
367,Device,AddN,SGD/gradients/AddN_1,2,14.336,7.168,14.336,7.168,5.969673575200777e-05,0.9944525842228059,0.0,0.0
368,Device,AddV2,mobilenetv2_1.00_224/block_7_add/add,2,14.336,7.168,14.336,7.168,5.969673575200777e-05,0.9945122809585579,0.0,0.0
369,Device,AddV2,mobilenetv2_1.00_224/block_9_add/add,2,14.336,7.168,14.336,7.168,5.969673575200777e-05,0.9945719776943099,0.0,0.0
370,Device,ResourceApplyGradientDescent,SGD/SGD/update_132/ResourceApplyGradientDescent,2,13.312,6.656,13.312,6.656,5.543268319829293e-05,0.9946274103775082,0.0,0.0
371,Device,AddN,SGD/gradients/AddN_4,2,13.312,6.656,13.312,6.656,5.543268319829293e-05,0.9946828430607065,0.0,0.0
372,Device,AddN,SGD/gradients/AddN_6,2,13.312,6.656,13.312,6.656,5.543268319829293e-05,0.9947382757439048,0.0,0.0
373,Device,Relu6,mobilenetv2_1.00_224/block_6_depthwise_relu/Relu6,2,13.312,6.656,13.312,6.656,5.543268319829293e-05,0.9947937084271031,0.0,0.0
374,Device,AddV2,mobilenetv2_1.00_224/block_8_add/add,2,13.312,6.656,13.312,6.656,5.543268319829293e-05,0.9948491411103014,0.0,0.0
375,Device,AddN,SGD/gradients/AddN_5,2,12.288,6.144,12.288,6.144,5.116863064457809e-05,0.994900309740946,0.0,0.0
376,Device,Relu6,mobilenetv2_1.00_224/block_13_depthwise_relu/Relu6,2,12.288,6.144,12.288,6.144,5.116863064457809e-05,0.9949514783715906,0.0,0.0
377,Device,ResourceApplyGradientDescent,SGD/SGD/update_123/ResourceApplyGradientDescent,2,11.264,5.632,11.264,5.632,4.690457809086324e-05,0.9949983829496815,0.0,0.0
378,Device,DynamicStitch,gradient_tape/mobilenetv2_1.00_224/global_average_pooling2d/DynamicStitch,2,11.264,5.632,11.264,5.632,4.690457809086324e-05,0.9950452875277723,0.0,0.0
379,Device,AddV2,mobilenetv2_1.00_224/block_15_add/add,2,11.264,5.632,11.264,5.632,4.690457809086324e-05,0.9950921921058632,0.0,0.0
380,Device,ResourceApplyGradientDescent,SGD/SGD/update_135/ResourceApplyGradientDescent,2,10.24,5.12,10.24,5.12,4.2640525537148404e-05,0.9951348326314003,0.0,0.0
381,Device,AddV2,mobilenetv2_1.00_224/block_14_add/add,2,10.24,5.12,10.24,5.12,4.2640525537148404e-05,0.9951774731569375,0.0,0.0
382,Device,ResourceApplyGradientDescent,SGD/SGD/update_105/ResourceApplyGradientDescent,2,9.216,4.608,9.216,4.608,3.837647298343356e-05,0.9952158496299209,0.0,0.0
383,Device,ResourceApplyGradientDescent,SGD/SGD/update_126/ResourceApplyGradientDescent,2,9.216,4.608,9.216,4.608,3.837647298343356e-05,0.9952542261029044,0.0,0.0
384,Device,ResourceApplyGradientDescent,SGD/SGD/update_144/ResourceApplyGradientDescent,2,9.216,4.608,9.216,4.608,3.837647298343356e-05,0.9952926025758878,0.0,0.0
385,Device,ResourceApplyGradientDescent,SGD/SGD/update_108/ResourceApplyGradientDescent,2,8.192,4.096,8.192,4.096,3.4112420429718724e-05,0.9953267149963175,0.0,0.0
386,Device,ResourceApplyGradientDescent,SGD/SGD/update_114/ResourceApplyGradientDescent,2,8.192,4.096,8.192,4.096,3.4112420429718724e-05,0.9953608274167473,0.0,0.0
387,Device,ResourceApplyGradientDescent,SGD/SGD/update_117/ResourceApplyGradientDescent,2,8.192,4.096,8.192,4.096,3.4112420429718724e-05,0.995394939837177,0.0,0.0
388,Device,ResourceApplyGradientDescent,SGD/SGD/update_147/ResourceApplyGradientDescent,2,8.192,4.096,8.192,4.096,3.4112420429718724e-05,0.9954290522576067,0.0,0.0
389,Device,ResourceApplyGradientDescent,SGD/SGD/update_33/ResourceApplyGradientDescent,2,8.192,4.096,8.192,4.096,3.4112420429718724e-05,0.9954631646780364,0.0,0.0
390,Device,ResourceApplyGradientDescent,SGD/SGD/update_69/ResourceApplyGradientDescent,2,8.192,4.096,8.192,4.096,3.4112420429718724e-05,0.9954972770984661,0.0,0.0
391,Device,ResourceApplyGradientDescent,SGD/SGD/update_87/ResourceApplyGradientDescent,2,8.192,4.096,8.192,4.096,3.4112420429718724e-05,0.9955313895188959,0.0,0.0
392,Device,ResourceApplyGradientDescent,SGD/SGD/update_93/ResourceApplyGradientDescent,2,8.192,4.096,8.192,4.096,3.4112420429718724e-05,0.9955655019393256,0.0,0.0
393,Device,ResourceApplyGradientDescent,SGD/SGD/update_96/ResourceApplyGradientDescent,2,8.192,4.096,8.192,4.096,3.4112420429718724e-05,0.9955996143597553,0.0,0.0
394,Device,ResourceApplyGradientDescent,SGD/SGD/update_99/ResourceApplyGradientDescent,2,8.192,4.096,8.192,4.096,3.4112420429718724e-05,0.995633726780185,0.0,0.0
395,Device,AssignAddVariableOp,AssignAddVariableOp,2,7.168,3.584,7.168,3.584,2.9848367876003887e-05,0.995663575148061,0.0,0.0
396,Device,ResourceApplyGradientDescent,SGD/SGD/update_100/ResourceApplyGradientDescent,2,7.168,3.584,7.168,3.584,2.9848367876003887e-05,0.995693423515937,0.0,0.0
397,Device,ResourceApplyGradientDescent,SGD/SGD/update_120/ResourceApplyGradientDescent,2,7.168,3.584,7.168,3.584,2.9848367876003887e-05,0.995723271883813,0.0,0.0
398,Device,ResourceApplyGradientDescent,SGD/SGD/update_121/ResourceApplyGradientDescent,2,7.168,3.584,7.168,3.584,2.9848367876003887e-05,0.995753120251689,0.0,0.0
399,Device,ResourceApplyGradientDescent,SGD/SGD/update_124/ResourceApplyGradientDescent,2,7.168,3.584,7.168,3.584,2.9848367876003887e-05,0.9957829686195651,0.0,0.0
400,Device,ResourceApplyGradientDescent,SGD/SGD/update_127/ResourceApplyGradientDescent,2,7.168,3.584,7.168,3.584,2.9848367876003887e-05,0.9958128169874411,0.0,0.0
401,Device,ResourceApplyGradientDescent,SGD/SGD/update_129/ResourceApplyGradientDescent,2,7.168,3.584,7.168,3.584,2.9848367876003887e-05,0.9958426653553171,0.0,0.0
402,Device,ResourceApplyGradientDescent,SGD/SGD/update_130/ResourceApplyGradientDescent,2,7.168,3.584,7.168,3.584,2.9848367876003887e-05,0.9958725137231931,0.0,0.0
403,Device,ResourceApplyGradientDescent,SGD/SGD/update_134/ResourceApplyGradientDescent,2,7.168,3.584,7.168,3.584,2.9848367876003887e-05,0.9959023620910691,0.0,0.0
404,Device,ResourceApplyGradientDescent,SGD/SGD/update_137/ResourceApplyGradientDescent,2,7.168,3.584,7.168,3.584,2.9848367876003887e-05,0.9959322104589451,0.0,0.0
405,Device,ResourceApplyGradientDescent,SGD/SGD/update_138/ResourceApplyGradientDescent,2,7.168,3.584,7.168,3.584,2.9848367876003887e-05,0.9959620588268211,0.0,0.0
406,Device,ResourceApplyGradientDescent,SGD/SGD/update_14/ResourceApplyGradientDescent,2,7.168,3.584,7.168,3.584,2.9848367876003887e-05,0.9959919071946971,0.0,0.0
407,Device,ResourceApplyGradientDescent,SGD/SGD/update_142/ResourceApplyGradientDescent,2,7.168,3.584,7.168,3.584,2.9848367876003887e-05,0.9960217555625731,0.0,0.0
408,Device,ResourceApplyGradientDescent,SGD/SGD/update_145/ResourceApplyGradientDescent,2,7.168,3.584,7.168,3.584,2.9848367876003887e-05,0.9960516039304491,0.0,0.0
409,Device,ResourceApplyGradientDescent,SGD/SGD/update_155/ResourceApplyGradientDescent,2,7.168,3.584,7.168,3.584,2.9848367876003887e-05,0.9960814522983251,0.0,0.0
410,Device,ResourceApplyGradientDescent,SGD/SGD/update_25/ResourceApplyGradientDescent,2,7.168,3.584,7.168,3.584,2.9848367876003887e-05,0.9961113006662011,0.0,0.0
411,Device,ResourceApplyGradientDescent,SGD/SGD/update_27/ResourceApplyGradientDescent,2,7.168,3.584,7.168,3.584,2.9848367876003887e-05,0.9961411490340771,0.0,0.0
412,Device,ResourceApplyGradientDescent,SGD/SGD/update_32/ResourceApplyGradientDescent,2,7.168,3.584,7.168,3.584,2.9848367876003887e-05,0.9961709974019531,0.0,0.0
413,Device,ResourceApplyGradientDescent,SGD/SGD/update_38/ResourceApplyGradientDescent,2,7.168,3.584,7.168,3.584,2.9848367876003887e-05,0.9962008457698291,0.0,0.0
414,Device,ResourceApplyGradientDescent,SGD/SGD/update_42/ResourceApplyGradientDescent,2,7.168,3.584,7.168,3.584,2.9848367876003887e-05,0.9962306941377052,0.0,0.0
415,Device,ResourceApplyGradientDescent,SGD/SGD/update_44/ResourceApplyGradientDescent,2,7.168,3.584,7.168,3.584,2.9848367876003887e-05,0.9962605425055812,0.0,0.0
416,Device,ResourceApplyGradientDescent,SGD/SGD/update_45/ResourceApplyGradientDescent,2,7.168,3.584,7.168,3.584,2.9848367876003887e-05,0.9962903908734572,0.0,0.0
417,Device,ResourceApplyGradientDescent,SGD/SGD/update_47/ResourceApplyGradientDescent,2,7.168,3.584,7.168,3.584,2.9848367876003887e-05,0.9963202392413332,0.0,0.0
418,Device,ResourceApplyGradientDescent,SGD/SGD/update_50/ResourceApplyGradientDescent,2,7.168,3.584,7.168,3.584,2.9848367876003887e-05,0.9963500876092092,0.0,0.0
419,Device,ResourceApplyGradientDescent,SGD/SGD/update_54/ResourceApplyGradientDescent,2,7.168,3.584,7.168,3.584,2.9848367876003887e-05,0.9963799359770852,0.0,0.0
420,Device,ResourceApplyGradientDescent,SGD/SGD/update_55/ResourceApplyGradientDescent,2,7.168,3.584,7.168,3.584,2.9848367876003887e-05,0.9964097843449612,0.0,0.0
421,Device,ResourceApplyGradientDescent,SGD/SGD/update_58/ResourceApplyGradientDescent,2,7.168,3.584,7.168,3.584,2.9848367876003887e-05,0.9964396327128372,0.0,0.0
422,Device,ResourceApplyGradientDescent,SGD/SGD/update_60/ResourceApplyGradientDescent,2,7.168,3.584,7.168,3.584,2.9848367876003887e-05,0.9964694810807132,0.0,0.0
423,Device,ResourceApplyGradientDescent,SGD/SGD/update_63/ResourceApplyGradientDescent,2,7.168,3.584,7.168,3.584,2.9848367876003887e-05,0.9964993294485892,0.0,0.0
424,Device,ResourceApplyGradientDescent,SGD/SGD/update_72/ResourceApplyGradientDescent,2,7.168,3.584,7.168,3.584,2.9848367876003887e-05,0.9965291778164652,0.0,0.0
425,Device,ResourceApplyGradientDescent,SGD/SGD/update_73/ResourceApplyGradientDescent,2,7.168,3.584,7.168,3.584,2.9848367876003887e-05,0.9965590261843412,0.0,0.0
426,Device,ResourceApplyGradientDescent,SGD/SGD/update_75/ResourceApplyGradientDescent,2,7.168,3.584,7.168,3.584,2.9848367876003887e-05,0.9965888745522172,0.0,0.0
427,Device,ResourceApplyGradientDescent,SGD/SGD/update_78/ResourceApplyGradientDescent,2,7.168,3.584,7.168,3.584,2.9848367876003887e-05,0.9966187229200932,0.0,0.0
428,Device,ResourceApplyGradientDescent,SGD/SGD/update_81/ResourceApplyGradientDescent,2,7.168,3.584,7.168,3.584,2.9848367876003887e-05,0.9966485712879692,0.0,0.0
429,Device,ResourceApplyGradientDescent,SGD/SGD/update_83/ResourceApplyGradientDescent,2,7.168,3.584,7.168,3.584,2.9848367876003887e-05,0.9966784196558452,0.0,0.0
430,Device,ResourceApplyGradientDescent,SGD/SGD/update_84/ResourceApplyGradientDescent,2,7.168,3.584,7.168,3.584,2.9848367876003887e-05,0.9967082680237213,0.0,0.0
431,Device,ResourceApplyGradientDescent,SGD/SGD/update_85/ResourceApplyGradientDescent,2,7.168,3.584,7.168,3.584,2.9848367876003887e-05,0.9967381163915973,0.0,0.0
432,Device,ResourceApplyGradientDescent,SGD/SGD/update_89/ResourceApplyGradientDescent,2,7.168,3.584,7.168,3.584,2.9848367876003887e-05,0.9967679647594733,0.0,0.0
433,Device,ResourceApplyGradientDescent,SGD/SGD/update_9/ResourceApplyGradientDescent,2,7.168,3.584,7.168,3.584,2.9848367876003887e-05,0.9967978131273493,0.0,0.0
434,Device,ResourceApplyGradientDescent,SGD/SGD/update_91/ResourceApplyGradientDescent,2,7.168,3.584,7.168,3.584,2.9848367876003887e-05,0.9968276614952253,0.0,0.0
435,Device,ResourceApplyGradientDescent,SGD/SGD/update_92/ResourceApplyGradientDescent,2,7.168,3.584,7.168,3.584,2.9848367876003887e-05,0.9968575098631013,0.0,0.0
436,Device,ResourceApplyGradientDescent,SGD/SGD/update_95/ResourceApplyGradientDescent,2,7.168,3.584,7.168,3.584,2.9848367876003887e-05,0.9968873582309773,0.0,0.0
437,Device,ResourceApplyGradientDescent,SGD/SGD/update_101/ResourceApplyGradientDescent,2,6.145,3.0725,6.145,3.0725,2.558847943611103e-05,0.9969129467104134,0.0,0.0
438,Device,ResourceApplyGradientDescent,SGD/SGD/update_133/ResourceApplyGradientDescent,2,6.145,3.0725,6.145,3.0725,2.558847943611103e-05,0.9969385351898495,0.0,0.0
439,Device,ResourceApplyGradientDescent,SGD/SGD/update_17/ResourceApplyGradientDescent,2,6.145,3.0725,6.145,3.0725,2.558847943611103e-05,0.9969641236692857,0.0,0.0
440,Device,AssignAddVariableOp,AssignAddVariableOp_1,2,6.144,3.072,6.144,3.072,2.5584315322289046e-05,0.996989707984608,0.0,0.0
441,Device,AssignAddVariableOp,AssignAddVariableOp_4,2,6.144,3.072,6.144,3.072,2.5584315322289046e-05,0.9970152922999302,0.0,0.0
442,Device,Cast,Cast,2,6.144,3.072,6.144,3.072,2.5584315322289046e-05,0.9970408766152525,0.0,0.0
443,Device,Equal,Equal,2,6.144,3.072,6.144,3.072,2.5584315322289046e-05,0.9970664609305748,0.0,0.0
444,Device,AssignAddVariableOp,SGD/SGD/AssignAddVariableOp,2,6.144,3.072,6.144,3.072,2.5584315322289046e-05,0.9970920452458971,0.0,0.0
445,Device,ResourceApplyGradientDescent,SGD/SGD/update_1/ResourceApplyGradientDescent,2,6.144,3.072,6.144,3.072,2.5584315322289046e-05,0.9971176295612194,0.0,0.0
446,Device,ResourceApplyGradientDescent,SGD/SGD/update_10/ResourceApplyGradientDescent,2,6.144,3.072,6.144,3.072,2.5584315322289046e-05,0.9971432138765417,0.0,0.0
447,Device,ResourceApplyGradientDescent,SGD/SGD/update_102/ResourceApplyGradientDescent,2,6.144,3.072,6.144,3.072,2.5584315322289046e-05,0.997168798191864,0.0,0.0
448,Device,ResourceApplyGradientDescent,SGD/SGD/update_103/ResourceApplyGradientDescent,2,6.144,3.072,6.144,3.072,2.5584315322289046e-05,0.9971943825071863,0.0,0.0
449,Device,ResourceApplyGradientDescent,SGD/SGD/update_104/ResourceApplyGradientDescent,2,6.144,3.072,6.144,3.072,2.5584315322289046e-05,0.9972199668225086,0.0,0.0
450,Device,ResourceApplyGradientDescent,SGD/SGD/update_106/ResourceApplyGradientDescent,2,6.144,3.072,6.144,3.072,2.5584315322289046e-05,0.9972455511378309,0.0,0.0
451,Device,ResourceApplyGradientDescent,SGD/SGD/update_107/ResourceApplyGradientDescent,2,6.144,3.072,6.144,3.072,2.5584315322289046e-05,0.9972711354531532,0.0,0.0
452,Device,ResourceApplyGradientDescent,SGD/SGD/update_109/ResourceApplyGradientDescent,2,6.144,3.072,6.144,3.072,2.5584315322289046e-05,0.9972967197684754,0.0,0.0
453,Device,ResourceApplyGradientDescent,SGD/SGD/update_11/ResourceApplyGradientDescent,2,6.144,3.072,6.144,3.072,2.5584315322289046e-05,0.9973223040837977,0.0,0.0
454,Device,ResourceApplyGradientDescent,SGD/SGD/update_110/ResourceApplyGradientDescent,2,6.144,3.072,6.144,3.072,2.5584315322289046e-05,0.99734788839912,0.0,0.0
455,Device,ResourceApplyGradientDescent,SGD/SGD/update_111/ResourceApplyGradientDescent,2,6.144,3.072,6.144,3.072,2.5584315322289046e-05,0.9973734727144423,0.0,0.0
456,Device,ResourceApplyGradientDescent,SGD/SGD/update_112/ResourceApplyGradientDescent,2,6.144,3.072,6.144,3.072,2.5584315322289046e-05,0.9973990570297646,0.0,0.0
457,Device,ResourceApplyGradientDescent,SGD/SGD/update_113/ResourceApplyGradientDescent,2,6.144,3.072,6.144,3.072,2.5584315322289046e-05,0.9974246413450869,0.0,0.0
458,Device,ResourceApplyGradientDescent,SGD/SGD/update_115/ResourceApplyGradientDescent,2,6.144,3.072,6.144,3.072,2.5584315322289046e-05,0.9974502256604092,0.0,0.0
459,Device,ResourceApplyGradientDescent,SGD/SGD/update_116/ResourceApplyGradientDescent,2,6.144,3.072,6.144,3.072,2.5584315322289046e-05,0.9974758099757315,0.0,0.0
460,Device,ResourceApplyGradientDescent,SGD/SGD/update_118/ResourceApplyGradientDescent,2,6.144,3.072,6.144,3.072,2.5584315322289046e-05,0.9975013942910538,0.0,0.0
461,Device,ResourceApplyGradientDescent,SGD/SGD/update_119/ResourceApplyGradientDescent,2,6.144,3.072,6.144,3.072,2.5584315322289046e-05,0.9975269786063761,0.0,0.0
462,Device,ResourceApplyGradientDescent,SGD/SGD/update_12/ResourceApplyGradientDescent,2,6.144,3.072,6.144,3.072,2.5584315322289046e-05,0.9975525629216984,0.0,0.0
463,Device,ResourceApplyGradientDescent,SGD/SGD/update_122/ResourceApplyGradientDescent,2,6.144,3.072,6.144,3.072,2.5584315322289046e-05,0.9975781472370207,0.0,0.0
464,Device,ResourceApplyGradientDescent,SGD/SGD/update_125/ResourceApplyGradientDescent,2,6.144,3.072,6.144,3.072,2.5584315322289046e-05,0.9976037315523429,0.0,0.0
465,Device,ResourceApplyGradientDescent,SGD/SGD/update_128/ResourceApplyGradientDescent,2,6.144,3.072,6.144,3.072,2.5584315322289046e-05,0.9976293158676652,0.0,0.0
466,Device,ResourceApplyGradientDescent,SGD/SGD/update_13/ResourceApplyGradientDescent,2,6.144,3.072,6.144,3.072,2.5584315322289046e-05,0.9976549001829875,0.0,0.0
467,Device,ResourceApplyGradientDescent,SGD/SGD/update_131/ResourceApplyGradientDescent,2,6.144,3.072,6.144,3.072,2.5584315322289046e-05,0.9976804844983098,0.0,0.0
468,Device,ResourceApplyGradientDescent,SGD/SGD/update_136/ResourceApplyGradientDescent,2,6.144,3.072,6.144,3.072,2.5584315322289046e-05,0.9977060688136321,0.0,0.0
469,Device,ResourceApplyGradientDescent,SGD/SGD/update_139/ResourceApplyGradientDescent,2,6.144,3.072,6.144,3.072,2.5584315322289046e-05,0.9977316531289544,0.0,0.0
470,Device,ResourceApplyGradientDescent,SGD/SGD/update_140/ResourceApplyGradientDescent,2,6.144,3.072,6.144,3.072,2.5584315322289046e-05,0.9977572374442767,0.0,0.0
471,Device,ResourceApplyGradientDescent,SGD/SGD/update_143/ResourceApplyGradientDescent,2,6.144,3.072,6.144,3.072,2.5584315322289046e-05,0.997782821759599,0.0,0.0
472,Device,ResourceApplyGradientDescent,SGD/SGD/update_146/ResourceApplyGradientDescent,2,6.144,3.072,6.144,3.072,2.5584315322289046e-05,0.9978084060749213,0.0,0.0
473,Device,ResourceApplyGradientDescent,SGD/SGD/update_148/ResourceApplyGradientDescent,2,6.144,3.072,6.144,3.072,2.5584315322289046e-05,0.9978339903902436,0.0,0.0
474,Device,ResourceApplyGradientDescent,SGD/SGD/update_149/ResourceApplyGradientDescent,2,6.144,3.072,6.144,3.072,2.5584315322289046e-05,0.9978595747055659,0.0,0.0
475,Device,ResourceApplyGradientDescent,SGD/SGD/update_15/ResourceApplyGradientDescent,2,6.144,3.072,6.144,3.072,2.5584315322289046e-05,0.9978851590208881,0.0,0.0
476,Device,ResourceApplyGradientDescent,SGD/SGD/update_151/ResourceApplyGradientDescent,2,6.144,3.072,6.144,3.072,2.5584315322289046e-05,0.9979107433362104,0.0,0.0
477,Device,ResourceApplyGradientDescent,SGD/SGD/update_152/ResourceApplyGradientDescent,2,6.144,3.072,6.144,3.072,2.5584315322289046e-05,0.9979363276515327,0.0,0.0
478,Device,ResourceApplyGradientDescent,SGD/SGD/update_154/ResourceApplyGradientDescent,2,6.144,3.072,6.144,3.072,2.5584315322289046e-05,0.997961911966855,0.0,0.0
479,Device,ResourceApplyGradientDescent,SGD/SGD/update_157/ResourceApplyGradientDescent,2,6.144,3.072,6.144,3.072,2.5584315322289046e-05,0.9979874962821773,0.0,0.0
480,Device,ResourceApplyGradientDescent,SGD/SGD/update_16/ResourceApplyGradientDescent,2,6.144,3.072,6.144,3.072,2.5584315322289046e-05,0.9980130805974996,0.0,0.0
481,Device,ResourceApplyGradientDescent,SGD/SGD/update_18/ResourceApplyGradientDescent,2,6.144,3.072,6.144,3.072,2.5584315322289046e-05,0.9980386649128219,0.0,0.0
482,Device,ResourceApplyGradientDescent,SGD/SGD/update_19/ResourceApplyGradientDescent,2,6.144,3.072,6.144,3.072,2.5584315322289046e-05,0.9980642492281442,0.0,0.0
483,Device,ResourceApplyGradientDescent,SGD/SGD/update_2/ResourceApplyGradientDescent,2,6.144,3.072,6.144,3.072,2.5584315322289046e-05,0.9980898335434665,0.0,0.0
484,Device,ResourceApplyGradientDescent,SGD/SGD/update_20/ResourceApplyGradientDescent,2,6.144,3.072,6.144,3.072,2.5584315322289046e-05,0.9981154178587888,0.0,0.0
485,Device,ResourceApplyGradientDescent,SGD/SGD/update_21/ResourceApplyGradientDescent,2,6.144,3.072,6.144,3.072,2.5584315322289046e-05,0.9981410021741111,0.0,0.0
486,Device,ResourceApplyGradientDescent,SGD/SGD/update_22/ResourceApplyGradientDescent,2,6.144,3.072,6.144,3.072,2.5584315322289046e-05,0.9981665864894333,0.0,0.0
487,Device,ResourceApplyGradientDescent,SGD/SGD/update_23/ResourceApplyGradientDescent,2,6.144,3.072,6.144,3.072,2.5584315322289046e-05,0.9981921708047556,0.0,0.0
488,Device,ResourceApplyGradientDescent,SGD/SGD/update_24/ResourceApplyGradientDescent,2,6.144,3.072,6.144,3.072,2.5584315322289046e-05,0.9982177551200779,0.0,0.0
489,Device,ResourceApplyGradientDescent,SGD/SGD/update_26/ResourceApplyGradientDescent,2,6.144,3.072,6.144,3.072,2.5584315322289046e-05,0.9982433394354002,0.0,0.0
490,Device,ResourceApplyGradientDescent,SGD/SGD/update_28/ResourceApplyGradientDescent,2,6.144,3.072,6.144,3.072,2.5584315322289046e-05,0.9982689237507225,0.0,0.0
491,Device,ResourceApplyGradientDescent,SGD/SGD/update_29/ResourceApplyGradientDescent,2,6.144,3.072,6.144,3.072,2.5584315322289046e-05,0.9982945080660448,0.0,0.0
492,Device,ResourceApplyGradientDescent,SGD/SGD/update_3/ResourceApplyGradientDescent,2,6.144,3.072,6.144,3.072,2.5584315322289046e-05,0.9983200923813671,0.0,0.0
493,Device,ResourceApplyGradientDescent,SGD/SGD/update_30/ResourceApplyGradientDescent,2,6.144,3.072,6.144,3.072,2.5584315322289046e-05,0.9983456766966894,0.0,0.0
494,Device,ResourceApplyGradientDescent,SGD/SGD/update_31/ResourceApplyGradientDescent,2,6.144,3.072,6.144,3.072,2.5584315322289046e-05,0.9983712610120117,0.0,0.0
495,Device,ResourceApplyGradientDescent,SGD/SGD/update_34/ResourceApplyGradientDescent,2,6.144,3.072,6.144,3.072,2.5584315322289046e-05,0.998396845327334,0.0,0.0
496,Device,ResourceApplyGradientDescent,SGD/SGD/update_35/ResourceApplyGradientDescent,2,6.144,3.072,6.144,3.072,2.5584315322289046e-05,0.9984224296426563,0.0,0.0
497,Device,ResourceApplyGradientDescent,SGD/SGD/update_36/ResourceApplyGradientDescent,2,6.144,3.072,6.144,3.072,2.5584315322289046e-05,0.9984480139579786,0.0,0.0
498,Device,ResourceApplyGradientDescent,SGD/SGD/update_37/ResourceApplyGradientDescent,2,6.144,3.072,6.144,3.072,2.5584315322289046e-05,0.9984735982733008,0.0,0.0
499,Device,ResourceApplyGradientDescent,SGD/SGD/update_39/ResourceApplyGradientDescent,2,6.144,3.072,6.144,3.072,2.5584315322289046e-05,0.9984991825886231,0.0,0.0
500,Device,ResourceApplyGradientDescent,SGD/SGD/update_4/ResourceApplyGradientDescent,2,6.144,3.072,6.144,3.072,2.5584315322289046e-05,0.9985247669039454,0.0,0.0
501,Host,IDLE,IDLE,0,794829.66,0.0,794829.66,0.0,0.0,0.0,0.990305853071541,0.990305853071541
502,Host,GatherV2,GatherV2,2,7295.195,3647.5975,7295.195,3647.5975,0.0,0.0,0.00908933658539899,0.99939518965694
503,Host,GatherV2,GatherV2_1,2,70.231,35.1155,70.231,35.1155,0.0,0.0,8.750323983514578e-05,0.9994826928967752
504,Host,Dataset,Iterator::Root::ParallelMapV2::Zip[1]::ForeverRepeat,2,66.812,33.406,62.751,31.3755,0.0,0.0,7.818364828772527e-05,0.9995608765450629
505,Host,Dataset,Iterator::Root::ParallelMapV2,2,57.011,28.5055,57.011,28.5055,0.0,0.0,7.1031983116309e-05,0.9996319085281792
506,Host,IteratorGetNext,IteratorGetNext,2,48.73,24.365,48.73,24.365,0.0,0.0,6.0714397875107205e-05,0.9996926229260543
507,Host,FlushSummaryWriter,FlushSummaryWriter,1,39.2,39.2,39.2,39.2,0.0,0.0,4.884064019503802e-05,0.9997414635662494
508,Host,Dataset,Iterator::Root,2,95.011,47.5055,38.0,19.0,0.0,0.0,4.73455185564144e-05,0.9997888090848058
509,Host,LogicalAnd,LogicalAnd,1,31.611,31.611,31.611,31.611,0.0,0.0,3.938524176544252e-05,0.9998281943265712
510,Host,Dataset,Iterator::Root::ParallelMapV2::Zip[0]::FlatMap[1]::Concatenate,2,56.321,28.1605,28.84,14.42,0.0,0.0,3.593275671492083e-05,0.9998641270832861
511,Host,Dataset,Iterator::Root::ParallelMapV2::Zip[0]::FlatMap[1]::Concatenate[0]::TensorSlice,2,27.481,13.7405,27.481,13.7405,0.0,0.0,3.423953145917959e-05,0.9998983666147453
512,Host,Dataset,Iterator::Root::ParallelMapV2::Zip,2,153.403,76.7015,25.06,12.53,0.0,0.0,3.122312355325645e-05,0.9999295897382986
513,Host,WriteSummary,WriteSummary,1,21.811,21.811,21.811,21.811,0.0,0.0,2.7175081716683015e-05,0.9999567648200153
514,Host,ReadVariableOp,ReadVariableOp,1,8.54,8.54,8.54,8.54,0.0,0.0,1.064028232820471e-05,0.9999674051023435
515,Host,_Send,IteratorGetNext/_1,2,6.41,3.205,6.41,3.205,0.0,0.0,7.986441419647799e-06,0.9999753915437631
516,Host,Dataset,Iterator::Root::ParallelMapV2::Zip[0]::FlatMap,2,61.531,30.7655,5.21,2.605,0.0,0.0,6.491319781024186e-06,0.9999818828635442
517,Host,Dataset,Iterator::Root::ParallelMapV2::Zip[1]::ForeverRepeat::FromTensor,4,4.061,1.01525,4.061,1.01525,0.0,0.0,5.059740812042077e-06,0.9999869426043562
518,Host,Identity,Identity,2,3.3,1.65,3.3,1.65,0.0,0.0,4.111584506214935e-06,0.9999910541888624
519,Host,_Send,IteratorGetNext/_3,2,3.22,1.61,3.22,1.61,0.0,0.0,4.0119097303066945e-06,0.9999950660985927
520,Host,_HostSend,categorical_crossentropy/softmax_cross_entropy_with_logits/Shape_2/_9,2,2.6,1.3,2.6,1.3,0.0,0.0,3.239430217017828e-06,0.9999983055288097
521,Host,_Send,IteratorGetNext/_6,2,1.36,0.68,1.36,0.68,0.0,0.0,1.6944711904400947e-06,1.0000000000000002
