Rank,Host/device,Type,Operation,#Occurrences,Total time (us),Avg. time (us),Total self-time (us),Avg. self-time (us),Total self-time on Device (%),Cumulative total-self time on Device (%),Total self-time on Host (%),Cumulative total-self time on Host (%)
1,Device,IDLE,IDLE,0,6976.319,0.0,6976.319,0.0,0.6949316734894893,0.6949316734894893,0.0,0.0
2,Device,Conv2DBackpropFilter,gradient_tape/sequential/conv2d_1/Conv2D/Conv2DBackpropFilter,2,320.513,160.2565,320.513,160.2565,0.03192724350264611,0.7268589169921353,0.0,0.0
3,Device,_FusedConv2D,sequential/activation_1/Relu,2,193.538,96.769,193.538,96.769,0.01927888994522882,0.7461378069373642,0.0,0.0
4,Device,Conv2DBackpropFilter,gradient_tape/sequential/conv2d_3/Conv2D/Conv2DBackpropFilter,4,183.298,45.8245,183.298,45.8245,0.018258853399231945,0.7643966603365961,0.0,0.0
5,Device,Conv2DBackpropInput,gradient_tape/sequential/conv2d_1/Conv2D/Conv2DBackpropInput,2,146.432,73.216,146.432,73.216,0.014586522607755305,0.7789831829443514,0.0,0.0
6,Device,Conv2DBackpropFilter,gradient_tape/sequential/conv2d/Conv2D/Conv2DBackpropFilter,2,143.36,71.68,143.36,71.68,0.014280511643956245,0.7932636945883077,0.0,0.0
7,Device,Conv2DBackpropInput,gradient_tape/sequential/conv2d_3/Conv2D/Conv2DBackpropInput,2,126.976,63.488,126.976,63.488,0.012648453170361245,0.8059121477586689,0.0,0.0
8,Device,Conv2DBackpropFilter,gradient_tape/sequential/conv2d_2/Conv2D/Conv2DBackpropFilter,2,125.952,62.976,125.952,62.976,0.012546449515761556,0.8184585972744305,0.0,0.0
9,Device,_FusedConv2D,sequential/activation_3/Relu,2,123.905,61.9525,123.905,61.9525,0.012342541819506128,0.8308011390939366,0.0,0.0
10,Device,_Send,IteratorGetNext/_1,2,121.216,60.608,121.216,60.608,0.012074682613238002,0.8428758217071746,0.0,0.0
11,Device,ReluGrad,gradient_tape/sequential/activation/ReluGrad,2,95.233,47.6165,95.233,47.6165,0.00948643949071488,0.8523622611978895,0.0,0.0
12,Device,SoftmaxCrossEntropyWithLogits,categorical_crossentropy/softmax_cross_entropy_with_logits,2,93.184,46.592,93.184,46.592,0.009282332568571559,0.8616445937664611,0.0,0.0
13,Device,ReluGrad,gradient_tape/sequential/activation_1/ReluGrad,2,86.016,43.008,86.016,43.008,0.008568306986373746,0.8702129007528349,0.0,0.0
14,Device,_FusedConv2D,sequential/activation_2/Relu,2,82.944,41.472,82.944,41.472,0.008262296022574684,0.8784751967754095,0.0,0.0
15,Device,Conv2DBackpropInput,gradient_tape/sequential/conv2d_2/Conv2D/Conv2DBackpropInput,2,74.752,37.376,74.752,37.376,0.007446266785777184,0.8859214635611867,0.0,0.0
16,Device,MaxPoolGrad,gradient_tape/sequential/max_pooling2d/MaxPool/MaxPoolGrad,2,74.752,37.376,74.752,37.376,0.007446266785777184,0.8933677303469639,0.0,0.0
17,Device,_FusedConv2D,sequential/activation/Relu,2,74.752,37.376,74.752,37.376,0.007446266785777184,0.9008139971327411,0.0,0.0
18,Device,ResourceApplyGradientDescent,SGD/SGD/update_8/ResourceApplyGradientDescent,2,53.248,26.624,53.248,26.624,0.005304190039183748,0.9061181871719248,0.0,0.0
19,Device,BiasAddGrad,gradient_tape/sequential/conv2d/BiasAdd/BiasAddGrad,2,49.152,24.576,49.152,24.576,0.004896175420784998,0.9110143625927098,0.0,0.0
20,Device,ReluGrad,gradient_tape/sequential/activation_2/ReluGrad,2,47.104,23.552,47.104,23.552,0.004692168111585623,0.9157065307042954,0.0,0.0
21,Device,MaxPool,sequential/max_pooling2d/MaxPool,2,44.032,22.016,44.032,22.016,0.004386157147786561,0.920092687852082,0.0,0.0
22,Device,BiasAddGrad,gradient_tape/sequential/conv2d_1/BiasAdd/BiasAddGrad,2,43.008,21.504,43.008,21.504,0.004284153493186873,0.9243768413452689,0.0,0.0
23,Device,MatMul,sequential/dense/MatMul,2,40.96,20.48,40.96,20.48,0.004080146183987499,0.9284569875292563,0.0,0.0
24,Device,MaxPoolGrad,gradient_tape/sequential/max_pooling2d_1/MaxPool/MaxPoolGrad,2,34.816,17.408,34.816,17.408,0.0034681242563893737,0.9319251117856457,0.0,0.0
25,Device,MatMul,gradient_tape/sequential/dense/MatMul/MatMul,2,30.721,15.3605,30.721,15.3605,0.0030602092509345686,0.9349853210365803,0.0,0.0
26,Device,MatMul,gradient_tape/sequential/dense/MatMul/MatMul_1,2,26.624,13.312,26.624,13.312,0.002652095019591874,0.9376374160561721,0.0,0.0
27,Device,BiasAddGrad,gradient_tape/sequential/conv2d_3/BiasAdd/BiasAddGrad,2,25.6,12.8,25.6,12.8,0.0025500913649921866,0.9401875074211643,0.0,0.0
28,Device,Mul,gradient_tape/sequential/dropout/dropout/Mul_1,2,22.528,11.264,22.528,11.264,0.0022440804011931237,0.9424315878223575,0.0,0.0
29,Device,MatMul,sequential/dense_1/MatMul,2,20.48,10.24,20.48,10.24,0.0020400730919937493,0.9444716609143512,0.0,0.0
30,Device,RandomUniform,sequential/dropout/dropout/random_uniform/RandomUniform,2,19.456,9.728,19.456,9.728,0.0019380694373940617,0.9464097303517452,0.0,0.0
31,Device,BiasAddGrad,gradient_tape/sequential/conv2d_2/BiasAdd/BiasAddGrad,2,18.432,9.216,18.432,9.216,0.001836065782794374,0.9482457961345396,0.0,0.0
32,Device,Softmax,sequential/activation_5/Softmax,2,16.384,8.192,16.384,8.192,0.0016320584735949994,0.9498778546081347,0.0,0.0
33,Device,Mul,sequential/dropout/dropout/Mul_1,2,16.384,8.192,16.384,8.192,0.0016320584735949994,0.9515099130817297,0.0,0.0
34,Device,Transpose,gradient_tape/sequential/conv2d/Conv2D/Conv2DBackpropFilter-0-TransposeNHWCToNCHW-LayoutOptimizer,2,15.36,7.68,15.36,7.68,0.0015300548189953118,0.953039967900725,0.0,0.0
35,Device,RandomUniform,sequential/dropout_1/dropout/random_uniform/RandomUniform,2,13.312,6.656,13.312,6.656,0.001326047509795937,0.9543660154105209,0.0,0.0
36,Device,ReluGrad,gradient_tape/sequential/activation_3/ReluGrad,2,12.288,6.144,12.288,6.144,0.0012240438551962495,0.9555900592657172,0.0,0.0
37,Device,Transpose,gradient_tape/sequential/dropout/dropout/ArithmeticOptimizer/ReorderCastLikeAndValuePreserving_bool_Mul-1-TransposeNHWCToNCHW-LayoutOptimizer,2,12.288,6.144,12.288,6.144,0.0012240438551962495,0.9568141031209134,0.0,0.0
38,Device,Mul,gradient_tape/sequential/dropout_1/dropout/Mul_1,2,12.288,6.144,12.288,6.144,0.0012240438551962495,0.9580381469761097,0.0,0.0
39,Device,MatMul,gradient_tape/sequential/dense_1/MatMul/MatMul_1,2,11.264,5.632,11.264,5.632,0.0011220402005965619,0.9591601871767063,0.0,0.0
40,Device,MaxPool,sequential/max_pooling2d_1/MaxPool,2,11.264,5.632,11.264,5.632,0.0011220402005965619,0.9602822273773028,0.0,0.0
41,Device,MatMul,gradient_tape/sequential/dense_1/MatMul/MatMul,2,10.24,5.12,10.24,5.12,0.0010200365459968747,0.9613022639232998,0.0,0.0
42,Device,Mul,gradient_tape/sequential/dropout/dropout/Mul,2,9.216,4.608,9.216,4.608,0.000918032891397187,0.9622202968146969,0.0,0.0
43,Device,Mul,sequential/dropout/dropout/Mul,2,9.216,4.608,9.216,4.608,0.000918032891397187,0.963138329706094,0.0,0.0
44,Device,ResourceApplyGradientDescent,SGD/SGD/update_4/ResourceApplyGradientDescent,2,8.192,4.096,8.192,4.096,0.0008160292367974997,0.9639543589428915,0.0,0.0
45,Device,ResourceApplyGradientDescent,SGD/SGD/update_6/ResourceApplyGradientDescent,2,8.192,4.096,8.192,4.096,0.0008160292367974997,0.964770388179689,0.0,0.0
46,Device,Transpose,gradient_tape/sequential/max_pooling2d_1/MaxPool/MaxPoolGrad-2-TransposeNHWCToNCHW-LayoutOptimizer,2,8.192,4.096,8.192,4.096,0.0008160292367974997,0.9655864174164864,0.0,0.0
47,Device,Cast,sequential/dropout/dropout/ArithmeticOptimizer/ReorderCastLikeAndValuePreserving_float_Cast,2,8.192,4.096,8.192,4.096,0.0008160292367974997,0.9664024466532839,0.0,0.0
48,Device,GreaterEqual,sequential/dropout/dropout/GreaterEqual,2,8.192,4.096,8.192,4.096,0.0008160292367974997,0.9672184758900814,0.0,0.0
49,Device,Transpose,sequential/dropout_1/dropout/ArithmeticOptimizer/ReorderCastLikeAndValuePreserving_bool_Mul_1-0-TransposeNHWCToNCHW-LayoutOptimizer,2,8.192,4.096,8.192,4.096,0.0008160292367974997,0.9680345051268788,0.0,0.0
50,Device,Mul,sequential/dropout_1/dropout/Mul_1,2,8.192,4.096,8.192,4.096,0.0008160292367974997,0.9688505343636763,0.0,0.0
51,Device,Transpose,sequential/dropout_1/dropout/Mul_1-0-1-TransposeNCHWToNHWC-LayoutOptimizer,2,8.192,4.096,8.192,4.096,0.0008160292367974997,0.9696665636004738,0.0,0.0
52,Device,RandomUniform,sequential/dropout_2/dropout/random_uniform/RandomUniform,2,8.192,4.096,8.192,4.096,0.0008160292367974997,0.9704825928372712,0.0,0.0
53,Device,ArgMax,ArgMax,2,7.168,3.584,7.168,3.584,0.0007140255821978122,0.971196618419469,0.0,0.0
54,Device,ArgMax,ArgMax_1,2,7.168,3.584,7.168,3.584,0.0007140255821978122,0.9719106440016668,0.0,0.0
55,Device,ResourceApplyGradientDescent,SGD/SGD/update_10/ResourceApplyGradientDescent,2,7.168,3.584,7.168,3.584,0.0007140255821978122,0.9726246695838646,0.0,0.0
56,Device,ResourceApplyGradientDescent,SGD/SGD/update_2/ResourceApplyGradientDescent,2,7.168,3.584,7.168,3.584,0.0007140255821978122,0.9733386951660624,0.0,0.0
57,Device,BiasAdd,sequential/dense/BiasAdd,2,7.168,3.584,7.168,3.584,0.0007140255821978122,0.9740527207482602,0.0,0.0
58,Device,Mul,sequential/dropout_1/dropout/Mul,2,7.168,3.584,7.168,3.584,0.0007140255821978122,0.974766746330458,0.0,0.0
59,Device,AssignAddVariableOp,SGD/SGD/AssignAddVariableOp,2,6.145,3.0725,6.145,3.0725,0.0006121215405420697,0.975378867871,0.0,0.0
60,Device,AssignAddVariableOp,AssignAddVariableOp,2,6.144,3.072,6.144,3.072,0.0006120219275981247,0.9759908897985982,0.0,0.0
61,Device,AssignAddVariableOp,AssignAddVariableOp_1,2,6.144,3.072,6.144,3.072,0.0006120219275981247,0.9766029117261963,0.0,0.0
62,Device,AssignAddVariableOp,AssignAddVariableOp_2,2,6.144,3.072,6.144,3.072,0.0006120219275981247,0.9772149336537944,0.0,0.0
63,Device,AssignAddVariableOp,AssignAddVariableOp_4,2,6.144,3.072,6.144,3.072,0.0006120219275981247,0.9778269555813925,0.0,0.0
64,Device,Mul,Mul,2,6.144,3.072,6.144,3.072,0.0006120219275981247,0.9784389775089907,0.0,0.0
65,Device,ResourceApplyGradientDescent,SGD/SGD/update/ResourceApplyGradientDescent,2,6.144,3.072,6.144,3.072,0.0006120219275981247,0.9790509994365888,0.0,0.0
66,Device,ResourceApplyGradientDescent,SGD/SGD/update_1/ResourceApplyGradientDescent,2,6.144,3.072,6.144,3.072,0.0006120219275981247,0.9796630213641869,0.0,0.0
67,Device,ResourceApplyGradientDescent,SGD/SGD/update_11/ResourceApplyGradientDescent,2,6.144,3.072,6.144,3.072,0.0006120219275981247,0.980275043291785,0.0,0.0
68,Device,ResourceApplyGradientDescent,SGD/SGD/update_3/ResourceApplyGradientDescent,2,6.144,3.072,6.144,3.072,0.0006120219275981247,0.9808870652193832,0.0,0.0
69,Device,ResourceApplyGradientDescent,SGD/SGD/update_5/ResourceApplyGradientDescent,2,6.144,3.072,6.144,3.072,0.0006120219275981247,0.9814990871469813,0.0,0.0
70,Device,ResourceApplyGradientDescent,SGD/SGD/update_7/ResourceApplyGradientDescent,2,6.144,3.072,6.144,3.072,0.0006120219275981247,0.9821111090745794,0.0,0.0
71,Device,ResourceApplyGradientDescent,SGD/SGD/update_9/ResourceApplyGradientDescent,2,6.144,3.072,6.144,3.072,0.0006120219275981247,0.9827231310021776,0.0,0.0
72,Device,Tile,gradient_tape/categorical_crossentropy/weighted_loss/Tile_1,2,6.144,3.072,6.144,3.072,0.0006120219275981247,0.9833351529297757,0.0,0.0
73,Device,ReluGrad,gradient_tape/sequential/activation_4/ReluGrad,2,6.144,3.072,6.144,3.072,0.0006120219275981247,0.9839471748573738,0.0,0.0
74,Device,BiasAddGrad,gradient_tape/sequential/dense/BiasAdd/BiasAddGrad,2,6.144,3.072,6.144,3.072,0.0006120219275981247,0.984559196784972,0.0,0.0
75,Device,BiasAddGrad,gradient_tape/sequential/dense_1/BiasAdd/BiasAddGrad,2,6.144,3.072,6.144,3.072,0.0006120219275981247,0.9851712187125701,0.0,0.0
76,Device,Mul,gradient_tape/sequential/dropout_1/dropout/Mul,2,6.144,3.072,6.144,3.072,0.0006120219275981247,0.9857832406401682,0.0,0.0
77,Device,Mul,gradient_tape/sequential/dropout_2/dropout/Mul,2,6.144,3.072,6.144,3.072,0.0006120219275981247,0.9863952625677663,0.0,0.0
78,Device,Mul,gradient_tape/sequential/dropout_2/dropout/Mul_1,2,6.144,3.072,6.144,3.072,0.0006120219275981247,0.9870072844953645,0.0,0.0
79,Device,Relu,sequential/activation_4/Relu,2,6.144,3.072,6.144,3.072,0.0006120219275981247,0.9876193064229626,0.0,0.0
80,Device,BiasAdd,sequential/dense_1/BiasAdd,2,6.144,3.072,6.144,3.072,0.0006120219275981247,0.9882313283505607,0.0,0.0
81,Device,Cast,sequential/dropout_1/dropout/ArithmeticOptimizer/ReorderCastLikeAndValuePreserving_float_Cast,2,6.144,3.072,6.144,3.072,0.0006120219275981247,0.9888433502781588,0.0,0.0
82,Device,Cast,sequential/dropout_1/dropout/Cast,2,6.144,3.072,6.144,3.072,0.0006120219275981247,0.989455372205757,0.0,0.0
83,Device,GreaterEqual,sequential/dropout_1/dropout/GreaterEqual,2,6.144,3.072,6.144,3.072,0.0006120219275981247,0.9900673941333551,0.0,0.0
84,Device,GreaterEqual,sequential/dropout_2/dropout/GreaterEqual,2,6.144,3.072,6.144,3.072,0.0006120219275981247,0.9906794160609532,0.0,0.0
85,Device,Mul,sequential/dropout_2/dropout/Mul,2,6.144,3.072,6.144,3.072,0.0006120219275981247,0.9912914379885513,0.0,0.0
86,Device,Mul,sequential/dropout_2/dropout/Mul_1,2,6.144,3.072,6.144,3.072,0.0006120219275981247,0.9919034599161495,0.0,0.0
87,Device,AssignAddVariableOp,AssignAddVariableOp_3,2,5.12,2.56,5.12,2.56,0.0005100182729984373,0.9924134781891479,0.0,0.0
88,Device,Cast,Cast,2,5.12,2.56,5.12,2.56,0.0005100182729984373,0.9929234964621464,0.0,0.0
89,Device,Cast,Cast_2,2,5.12,2.56,5.12,2.56,0.0005100182729984373,0.9934335147351449,0.0,0.0
90,Device,Equal,Equal,2,5.12,2.56,5.12,2.56,0.0005100182729984373,0.9939435330081433,0.0,0.0
91,Device,Cast,categorical_crossentropy/weighted_loss/num_elements/Cast,2,5.12,2.56,5.12,2.56,0.0005100182729984373,0.9944535512811418,0.0,0.0
92,Device,DivNoNan,div_no_nan,2,5.12,2.56,5.12,2.56,0.0005100182729984373,0.9949635695541402,0.0,0.0
93,Device,DivNoNan,div_no_nan_1,2,5.12,2.56,5.12,2.56,0.0005100182729984373,0.9954735878271387,0.0,0.0
94,Device,Mul,gradient_tape/categorical_crossentropy/softmax_cross_entropy_with_logits/mul,2,5.12,2.56,5.12,2.56,0.0005100182729984373,0.9959836061001371,0.0,0.0
95,Device,DivNoNan,gradient_tape/categorical_crossentropy/weighted_loss/value/div_no_nan,2,5.12,2.56,5.12,2.56,0.0005100182729984373,0.9964936243731356,0.0,0.0
96,Device,_Recv,categorical_crossentropy/weighted_loss/num_elements/_14,2,4.48,2.24,4.48,2.24,0.00044626598887363266,0.9969398903620093,0.0,0.0
97,Device,Cast,Cast_1,2,4.096,2.048,4.096,2.048,0.00040801461839874985,0.997347904980408,0.0,0.0
98,Device,Sum,Sum_2,2,4.096,2.048,4.096,2.048,0.00040801461839874985,0.9977559195988068,0.0,0.0
99,Device,Sum,categorical_crossentropy/weighted_loss/Sum,2,4.096,2.048,4.096,2.048,0.00040801461839874985,0.9981639342172056,0.0,0.0
100,Device,DivNoNan,categorical_crossentropy/weighted_loss/value,2,4.096,2.048,4.096,2.048,0.00040801461839874985,0.9985719488356044,0.0,0.0
101,Device,Cast,sequential/dropout_2/dropout/Cast,2,4.096,2.048,4.096,2.048,0.00040801461839874985,0.9989799634540032,0.0,0.0
102,Device,LogicalAnd,LogicalAnd,1,3.072,3.072,3.072,3.072,0.0003060109637990624,0.9992859744178022,0.0,0.0
103,Device,_Recv,strided_slice/_12,2,3.072,1.536,3.072,1.536,0.0003060109637990624,0.9995919853816012,0.0,0.0
104,Device,_Send,IteratorGetNext/_3,2,2.048,1.024,2.048,1.024,0.00020400730919937493,0.9997959926908006,0.0,0.0
105,Device,_Recv,Size/_16,2,2.048,1.024,2.048,1.024,0.00020400730919937493,0.9999999999999999,0.0,0.0
106,Host,IDLE,IDLE,0,40282.176,0.0,40282.176,0.0,0.0,0.0,0.9618543397094129,0.9618543397094129
107,Host,_Send,IteratorGetNext/_1,2,528.179,264.0895,528.179,264.0895,0.0,0.0,0.012611812810047252,0.9744661525194602
108,Host,_Send,IteratorGetNext/_3,2,323.376,161.688,323.376,161.688,0.0,0.0,0.007721544361403691,0.9821876968808639
109,Host,GatherV2,GatherV2,2,213.314,106.657,213.314,106.657,0.0,0.0,0.005093493375848755,0.9872811902567127
110,Host,_Send,IteratorGetNext/_6,2,118.812,59.406,118.812,59.406,0.0,0.0,0.0028369827342384574,0.9901181729909512
111,Host,Dataset,Iterator::Root::ParallelMapV2,2,67.471,33.7355,67.471,33.7355,0.0,0.0,0.0016110667446200971,0.9917292397355713
112,Host,Dataset,Iterator::Root::ParallelMapV2::Zip[1]::ForeverRepeat,2,91.481,45.7405,48.681,24.3405,0.0,0.0,0.00116240073801857,0.9928916404735898
113,Host,Dataset,Iterator::Root::ParallelMapV2::Zip[1]::ForeverRepeat::FromTensor,4,42.8,10.7,42.8,10.7,0.0,0.0,0.0010219747249891086,0.9939136151985789
114,Host,FlushSummaryWriter,FlushSummaryWriter,1,34.111,34.111,34.111,34.111,0.0,0.0,0.0008144995290678384,0.9947281147276468
115,Host,IteratorGetNext,IteratorGetNext,2,34.021,17.0105,34.021,17.0105,0.0,0.0,0.0008123505167956651,0.9955404652444424
116,Host,Dataset,Iterator::Root::ParallelMapV2::Zip[0]::FlatMap[1]::Concatenate,2,52.792,26.396,33.912,16.956,0.0,0.0,0.0008097478241549218,0.9963502130685973
117,Host,Dataset,Iterator::Root,2,99.791,49.8955,32.32,16.16,0.0,0.0,0.0007717341848515886,0.9971219472534488
118,Host,LogicalAnd,LogicalAnd,1,29.12,29.12,29.12,29.12,0.0,0.0,0.0006953248596187581,0.9978172721130676
119,Host,WriteSummary,WriteSummary,1,19.14,19.14,19.14,19.14,0.0,0.0,0.00045702327654886777,0.9982742953896164
120,Host,Dataset,Iterator::Root::ParallelMapV2::Zip[0]::FlatMap[1]::Concatenate[0]::TensorSlice,2,18.88,9.44,18.88,9.44,0.0,0.0,0.00045081501887370026,0.9987251104084901
121,Host,GatherV2,GatherV2_1,2,18.8,9.4,18.8,9.4,0.0,0.0,0.00044890478574287953,0.999174015194233
122,Host,_HostSend,categorical_crossentropy/softmax_cross_entropy_with_logits/Shape_2/_9,2,12.811,6.4055,12.811,6.4055,0.0,0.0,0.00030589995798681004,0.9994799151522198
123,Host,Dataset,Iterator::Root::ParallelMapV2::Zip,2,156.563,78.2815,9.11,4.555,0.0,0.0,0.00021752779777221447,0.999697442949992
124,Host,ReadVariableOp,ReadVariableOp,1,6.19,6.19,6.19,6.19,0.0,0.0,0.0001478042884972566,0.9998452472384892
125,Host,Identity,Identity,2,3.301,1.6505,3.301,1.6505,0.0,0.0,7.882099456049178e-05,0.9999240682330497
126,Host,Dataset,Iterator::Root::ParallelMapV2::Zip[0]::FlatMap,2,55.972,27.986,3.18,1.59,0.0,0.0,7.593176695012537e-05,0.9999999999999998
