Rank,Host/device,Type,Operation,#Occurrences,Total time (us),Avg. time (us),Total self-time (us),Avg. self-time (us),Total self-time on Device (%),Cumulative total-self time on Device (%),Total self-time on Host (%),Cumulative total-self time on Host (%)
1,Device,DepthwiseConv2dNativeBackpropFilter,gradient_tape/mobilenetv2_1.00_256/expanded_conv_depthwise/depthwise/DepthwiseConv2dNativeBackpropFilter,2,53073.097,26536.5485,53073.097,26536.5485,0.3265812151072073,0.3265812151072073,0.0,0.0
2,Device,DepthwiseConv2dNativeBackpropFilter,gradient_tape/mobilenetv2_1.00_256/block_2_depthwise/depthwise/DepthwiseConv2dNativeBackpropFilter,2,14574.647,7287.3235,14574.647,7287.3235,0.08968396788713147,0.41626518299433873,0.0,0.0
3,Device,DepthwiseConv2dNativeBackpropFilter,gradient_tape/mobilenetv2_1.00_256/block_1_depthwise/depthwise/DepthwiseConv2dNativeBackpropFilter,2,14409.783,7204.8915,14409.783,7204.8915,0.08866948995969047,0.5049346729540292,0.0,0.0
4,Device,IDLE,IDLE,0,10478.15,0.0,10478.15,0.0,0.06447648907836646,0.5694111620323956,0.0,0.0
5,Device,DepthwiseConv2dNativeBackpropFilter,gradient_tape/mobilenetv2_1.00_256/block_3_depthwise/depthwise/DepthwiseConv2dNativeBackpropFilter,2,4163.599,2081.7995,4163.599,2081.7995,0.02562038579808435,0.59503154783048,0.0,0.0
6,Device,_Recv,IteratorGetNext/_2,2,2402.505,1201.2525,2402.505,1201.2525,0.014783629495017806,0.6098151773254977,0.0,0.0
7,Device,FusedBatchNormGradV3,gradient_tape/mobilenetv2_1.00_256/block_1_expand_BN/FusedBatchNormGradV3,2,2040.84,1020.42,2040.84,1020.42,0.012558151770178267,0.622373329095676,0.0,0.0
8,Device,DepthwiseConv2dNativeBackpropFilter,gradient_tape/mobilenetv2_1.00_256/block_6_depthwise/depthwise/DepthwiseConv2dNativeBackpropFilter,2,1556.487,778.2435,1556.487,778.2435,0.009577722885826161,0.6319510519815021,0.0,0.0
9,Device,Relu6Grad,gradient_tape/mobilenetv2_1.00_256/block_1_expand_relu/Relu6/Relu6Grad,2,1330.181,665.0905,1330.181,665.0905,0.008185166343176092,0.6401362183246783,0.0,0.0
10,Device,FusedBatchNormV3,mobilenetv2_1.00_256/block_1_expand_BN/FusedBatchNormV3,4,1286.15,321.5375,1286.15,321.5375,0.007914224975605524,0.6480504433002838,0.0,0.0
11,Device,Conv2DBackpropFilter,gradient_tape/mobilenetv2_1.00_256/block_1_expand/Conv2D/Conv2DBackpropFilter,2,1250.309,625.1545,1250.309,625.1545,0.0076936801423040605,0.6557441234425879,0.0,0.0
12,Device,DepthwiseConv2dNativeBackpropInput,gradient_tape/mobilenetv2_1.00_256/block_1_depthwise/depthwise/DepthwiseConv2dNativeBackpropInput,2,1186.821,593.4105,1186.821,593.4105,0.007303011623662188,0.6630471350662501,0.0,0.0
13,Device,Slice,gradient_tape/mobilenetv2_1.00_256/block_1_pad/Slice_1,2,972.803,486.4015,972.803,486.4015,0.005986068342684742,0.6690332034089349,0.0,0.0
14,Device,Pad,mobilenetv2_1.00_256/block_1_pad/Pad,2,893.956,446.978,893.956,446.978,0.005500889400375082,0.67453409280931,0.0,0.0
15,Device,FusedBatchNormGradV3,gradient_tape/mobilenetv2_1.00_256/bn_Conv1/FusedBatchNormGradV3,2,862.212,431.106,862.212,431.106,0.005305555141054147,0.6798396479503641,0.0,0.0
16,Device,FusedBatchNormGradV3,gradient_tape/mobilenetv2_1.00_256/expanded_conv_depthwise_BN/FusedBatchNormGradV3,2,862.211,431.1055,862.211,431.1055,0.0053055489876311585,0.6851451969379952,0.0,0.0
17,Device,Relu6,mobilenetv2_1.00_256/block_1_expand_relu/Relu6,2,859.138,429.569,859.138,429.569,0.005286639518790016,0.6904318364567853,0.0,0.0
18,Device,FusedBatchNormGradV3,gradient_tape/mobilenetv2_1.00_256/block_3_expand_BN/FusedBatchNormGradV3,2,793.603,396.8015,793.603,396.8015,0.004883374943292361,0.6953152114000777,0.0,0.0
19,Device,FusedBatchNormGradV3,gradient_tape/mobilenetv2_1.00_256/block_2_expand_BN/FusedBatchNormGradV3,2,793.602,396.801,793.602,396.801,0.004883368789869374,0.7001985801899471,0.0,0.0
20,Device,FusedBatchNormGradV3,gradient_tape/mobilenetv2_1.00_256/block_2_depthwise_BN/FusedBatchNormGradV3,2,792.579,396.2895,792.579,396.2895,0.004877073838152977,0.7050756540281,0.0,0.0
21,Device,FusedBatchNormGradV3,gradient_tape/mobilenetv2_1.00_256/expanded_conv_project_BN/FusedBatchNormGradV3,2,690.179,345.0895,690.179,345.0895,0.004246963324214473,0.7093226173523145,0.0,0.0
22,Device,DepthwiseConv2dNative,mobilenetv2_1.00_256/block_1_depthwise/depthwise,2,670.722,335.361,670.722,335.361,0.00412723617314317,0.7134498535254576,0.0,0.0
23,Device,Conv2DBackpropFilter,gradient_tape/mobilenetv2_1.00_256/Conv1/Conv2D/Conv2DBackpropFilter,2,648.194,324.097,648.194,324.097,0.0039886118600766995,0.7174384653855344,0.0,0.0
24,Device,Conv2DBackpropFilter,gradient_tape/mobilenetv2_1.00_256/block_2_project/Conv2D/Conv2DBackpropFilter,2,638.978,319.489,638.978,319.489,0.003931901913822234,0.7213703672993566,0.0,0.0
25,Device,Conv2DBackpropInput,gradient_tape/mobilenetv2_1.00_256/block_1_expand/Conv2D/Conv2DBackpropInput,2,629.762,314.881,629.762,314.881,0.0038751919675677686,0.7252455592669244,0.0,0.0
26,Device,Conv2DBackpropFilter,gradient_tape/mobilenetv2_1.00_256/block_3_expand/Conv2D/Conv2DBackpropFilter,2,623.619,311.8095,623.619,311.8095,0.003837391490154447,0.7290829507570789,0.0,0.0
27,Device,Conv2DBackpropFilter,gradient_tape/mobilenetv2_1.00_256/block_2_expand/Conv2D/Conv2DBackpropFilter,2,606.21,303.105,606.21,303.105,0.0037302665493619135,0.7328132173064408,0.0,0.0
28,Device,Conv2D,mobilenetv2_1.00_256/block_1_expand/Conv2D,2,592.898,296.449,592.898,296.449,0.003648352182549908,0.7364615694889907,0.0,0.0
29,Device,DepthwiseConv2dNativeBackpropInput,gradient_tape/mobilenetv2_1.00_256/block_2_depthwise/depthwise/DepthwiseConv2dNativeBackpropInput,2,571.395,285.6975,571.395,285.6975,0.00351603512804581,0.7399776046170364,0.0,0.0
30,Device,Conv2DBackpropFilter,gradient_tape/mobilenetv2_1.00_256/expanded_conv_project/Conv2D/Conv2DBackpropFilter,2,546.818,273.409,546.818,273.409,0.0033648024512775813,0.743342407068314,0.0,0.0
31,Device,DepthwiseConv2dNative,mobilenetv2_1.00_256/block_2_depthwise/depthwise,2,524.29,262.145,524.29,262.145,0.0032261781382111106,0.7465685852065251,0.0,0.0
32,Device,FusedBatchNormGradV3,gradient_tape/mobilenetv2_1.00_256/block_1_depthwise_BN/FusedBatchNormGradV3,2,519.17,259.585,519.17,259.585,0.0031946726125141856,0.7497632578190393,0.0,0.0
33,Device,DepthwiseConv2dNativeBackpropInput,gradient_tape/mobilenetv2_1.00_256/expanded_conv_depthwise/depthwise/DepthwiseConv2dNativeBackpropInput,2,514.05,257.025,514.05,257.025,0.0031631670868172606,0.7529264249058566,0.0,0.0
34,Device,Relu6Grad,gradient_tape/mobilenetv2_1.00_256/block_2_depthwise_relu/Relu6/Relu6Grad,2,497.666,248.833,497.666,248.833,0.0030623494045871,0.7559887743104436,0.0,0.0
35,Device,DepthwiseConv2dNativeBackpropFilter,gradient_tape/mobilenetv2_1.00_256/block_13_depthwise/depthwise/DepthwiseConv2dNativeBackpropFilter,2,493.57,246.785,493.57,246.785,0.00303714498402956,0.7590259192944732,0.0,0.0
36,Device,DepthwiseConv2dNative,mobilenetv2_1.00_256/expanded_conv_depthwise/depthwise,2,493.57,246.785,493.57,246.785,0.00303714498402956,0.7620630642785027,0.0,0.0
37,Device,Relu6Grad,gradient_tape/mobilenetv2_1.00_256/block_2_expand_relu/Relu6/Relu6Grad,2,491.522,245.761,491.522,245.761,0.00302454277375079,0.7650876070522534,0.0,0.0
38,Device,Relu6Grad,gradient_tape/mobilenetv2_1.00_256/block_3_expand_relu/Relu6/Relu6Grad,2,491.522,245.761,491.522,245.761,0.00302454277375079,0.7681121498260042,0.0,0.0
39,Device,FusedBatchNormV3,mobilenetv2_1.00_256/bn_Conv1/FusedBatchNormV3,4,491.522,122.8805,491.522,122.8805,0.00302454277375079,0.7711366925997549,0.0,0.0
40,Device,FusedBatchNormV3,mobilenetv2_1.00_256/expanded_conv_depthwise_BN/FusedBatchNormV3,4,485.378,121.3445,485.378,121.3445,0.0029867361429144795,0.7741234287426694,0.0,0.0
41,Device,FusedBatchNormV3,mobilenetv2_1.00_256/block_3_expand_BN/FusedBatchNormV3,4,484.354,121.0885,484.354,121.0885,0.0029804350377750947,0.7771038637804445,0.0,0.0
42,Device,FusedBatchNormV3,mobilenetv2_1.00_256/block_2_expand_BN/FusedBatchNormV3,4,482.306,120.5765,482.306,120.5765,0.0029678328274963246,0.7800716966079408,0.0,0.0
43,Device,FusedBatchNormV3,mobilenetv2_1.00_256/block_2_depthwise_BN/FusedBatchNormV3,4,481.282,120.3205,481.282,120.3205,0.0029615317223569393,0.7830332283302978,0.0,0.0
44,Device,DepthwiseConv2dNativeBackpropInput,gradient_tape/mobilenetv2_1.00_256/block_3_depthwise/depthwise/DepthwiseConv2dNativeBackpropInput,2,465.922,232.961,465.922,232.961,0.002867015145266164,0.785900243475564,0.0,0.0
45,Device,Relu6Grad,gradient_tape/mobilenetv2_1.00_256/expanded_conv_depthwise_relu/Relu6/Relu6Grad,2,424.962,212.481,424.962,212.481,0.002614970939690763,0.7885152144152547,0.0,0.0
46,Device,Relu6Grad,gradient_tape/mobilenetv2_1.00_256/Conv1_relu/Relu6/Relu6Grad,2,421.889,210.9445,421.889,210.9445,0.0025960614708496203,0.7911112758861044,0.0,0.0
47,Device,FusedBatchNormV3,mobilenetv2_1.00_256/expanded_conv_project_BN/FusedBatchNormV3,4,382.978,95.7445,382.978,95.7445,0.002356625628975977,0.7934679015150804,0.0,0.0
48,Device,Conv2D,mobilenetv2_1.00_256/Conv1/Conv2D,2,356.354,178.177,356.354,178.177,0.002192796895351966,0.7956606984104324,0.0,0.0
49,Device,Slice,gradient_tape/mobilenetv2_1.00_256/block_3_pad/Slice_1,2,355.329,177.6645,355.329,177.6645,0.0021864896367895935,0.797847188047222,0.0,0.0
50,Device,Conv2DBackpropFilter,gradient_tape/mobilenetv2_1.00_256/block_1_project/Conv2D/Conv2DBackpropFilter,2,348.161,174.0805,348.161,174.0805,0.002142381900813898,0.7999895699480359,0.0,0.0
51,Device,Pad,mobilenetv2_1.00_256/block_3_pad/Pad,2,344.066,172.033,344.066,172.033,0.0021171836336793455,0.8021067535817152,0.0,0.0
52,Device,Relu6Grad,gradient_tape/mobilenetv2_1.00_256/block_1_depthwise_relu/Relu6/Relu6Grad,2,330.753,165.3765,330.753,165.3765,0.0020352631134443523,0.8041420166951596,0.0,0.0
53,Device,Relu6,mobilenetv2_1.00_256/block_2_depthwise_relu/Relu6,2,325.633,162.8165,325.633,162.8165,0.0020037575877474272,0.806145774282907,0.0,0.0
54,Device,Relu6,mobilenetv2_1.00_256/block_2_expand_relu/Relu6,2,324.61,162.305,324.61,162.305,0.00199746263603103,0.8081432369189381,0.0,0.0
55,Device,Relu6,mobilenetv2_1.00_256/block_3_expand_relu/Relu6,2,324.608,162.304,324.608,162.304,0.0019974503291850547,0.8101406872481232,0.0,0.0
56,Device,FusedBatchNormV3,mobilenetv2_1.00_256/block_1_depthwise_BN/FusedBatchNormV3,4,321.538,80.3845,321.538,80.3845,0.001978559320612875,0.812119246568736,0.0,0.0
57,Device,Relu6,mobilenetv2_1.00_256/Conv1_relu/Relu6,2,289.792,144.896,289.792,144.896,0.0017832127544459635,0.813902459323182,0.0,0.0
58,Device,Relu6,mobilenetv2_1.00_256/expanded_conv_depthwise_relu/Relu6,2,288.77,144.385,288.77,144.385,0.0017769239561525537,0.8156793832793345,0.0,0.0
59,Device,Conv2DBackpropFilter,gradient_tape/mobilenetv2_1.00_256/Conv_1/Conv2D/Conv2DBackpropFilter,2,274.433,137.2165,274.433,137.2165,0.0016887023307781757,0.8173680856101128,0.0,0.0
60,Device,Conv2D,mobilenetv2_1.00_256/block_2_expand/Conv2D,2,272.384,136.192,272.384,136.192,0.001676093967076418,0.8190441795771892,0.0,0.0
61,Device,Conv2D,mobilenetv2_1.00_256/block_3_expand/Conv2D,2,269.314,134.657,269.314,134.657,0.0016572029585042384,0.8207013825356935,0.0,0.0
62,Device,Conv2DBackpropInput,gradient_tape/mobilenetv2_1.00_256/block_2_project/Conv2D/Conv2DBackpropInput,2,267.265,133.6325,267.265,133.6325,0.0016445945948024806,0.822345977130496,0.0,0.0
63,Device,FusedBatchNormGradV3,gradient_tape/mobilenetv2_1.00_256/block_4_expand_BN/FusedBatchNormGradV3,2,266.242,133.121,266.242,133.121,0.0016382996430860835,0.823984276773582,0.0,0.0
64,Device,FusedBatchNormGradV3,gradient_tape/mobilenetv2_1.00_256/block_4_depthwise_BN/FusedBatchNormGradV3,2,266.241,133.1205,266.241,133.1205,0.0016382934896630955,0.825622570263245,0.0,0.0
65,Device,FusedBatchNormGradV3,gradient_tape/mobilenetv2_1.00_256/block_5_expand_BN/FusedBatchNormGradV3,2,266.241,133.1205,266.241,133.1205,0.0016382934896630955,0.8272608637529081,0.0,0.0
66,Device,FusedBatchNormGradV3,gradient_tape/mobilenetv2_1.00_256/block_5_depthwise_BN/FusedBatchNormGradV3,2,266.24,133.12,266.24,133.12,0.001638287336240108,0.8288991510891482,0.0,0.0
67,Device,FusedBatchNormGradV3,gradient_tape/mobilenetv2_1.00_256/block_6_expand_BN/FusedBatchNormGradV3,2,266.24,133.12,266.24,133.12,0.001638287336240108,0.8305374384253884,0.0,0.0
68,Device,Conv2DBackpropInput,gradient_tape/mobilenetv2_1.00_256/Conv_1/Conv2D/Conv2DBackpropInput,4,256.001,64.00025,256.001,64.00025,0.0015752824382692452,0.8321127208636576,0.0,0.0
69,Device,Conv2DBackpropInput,gradient_tape/mobilenetv2_1.00_256/block_3_expand/Conv2D/Conv2DBackpropInput,2,252.928,126.464,252.928,126.464,0.0015563729694281026,0.8336690938330857,0.0,0.0
70,Device,Conv2DBackpropInput,gradient_tape/mobilenetv2_1.00_256/block_2_expand/Conv2D/Conv2DBackpropInput,2,242.689,121.3445,242.689,121.3445,0.0014933680714572398,0.835162461904543,0.0,0.0
71,Device,Conv2D,mobilenetv2_1.00_256/expanded_conv_project/Conv2D,2,242.688,121.344,242.688,121.344,0.001493361918034252,0.8366558238225773,0.0,0.0
72,Device,Conv2DBackpropInput,gradient_tape/mobilenetv2_1.00_256/expanded_conv_project/Conv2D/Conv2DBackpropInput,2,236.545,118.2725,236.545,118.2725,0.0014555614406209297,0.8381113852631983,0.0,0.0
73,Device,DepthwiseConv2dNative,mobilenetv2_1.00_256/block_3_depthwise/depthwise,2,229.376,114.688,229.376,114.688,0.0014114475512222468,0.8395228328144205,0.0,0.0
74,Device,Relu6,mobilenetv2_1.00_256/block_1_depthwise_relu/Relu6,2,217.088,108.544,217.088,108.544,0.0013358342895496264,0.8408586671039702,0.0,0.0
75,Device,FusedBatchNormGradV3,gradient_tape/mobilenetv2_1.00_256/block_2_project_BN/FusedBatchNormGradV3,2,209.922,104.961,209.922,104.961,0.0012917388604199065,0.8421504059643901,0.0,0.0
76,Device,FusedBatchNormGradV3,gradient_tape/mobilenetv2_1.00_256/block_1_project_BN/FusedBatchNormGradV3,2,204.801,102.4005,204.801,102.4005,0.0012602271812999937,0.8434106331456901,0.0,0.0
77,Device,DepthwiseConv2dNativeBackpropInput,gradient_tape/mobilenetv2_1.00_256/block_4_depthwise/depthwise/DepthwiseConv2dNativeBackpropInput,2,204.801,102.4005,204.801,102.4005,0.0012602271812999937,0.8446708603269901,0.0,0.0
78,Device,DepthwiseConv2dNativeBackpropInput,gradient_tape/mobilenetv2_1.00_256/block_5_depthwise/depthwise/DepthwiseConv2dNativeBackpropInput,2,203.776,101.888,203.776,101.888,0.0012539199227376212,0.8459247802497277,0.0,0.0
79,Device,SoftmaxCrossEntropyWithLogits,categorical_crossentropy/softmax_cross_entropy_with_logits,2,200.704,100.352,200.704,100.352,0.001235016607319466,0.8471597968570472,0.0,0.0
80,Device,FusedBatchNormGradV3,gradient_tape/mobilenetv2_1.00_256/block_3_depthwise_BN/FusedBatchNormGradV3,2,199.681,99.8405,199.681,99.8405,0.0012287216556030687,0.8483885185126503,0.0,0.0
81,Device,Conv2DBackpropFilter,gradient_tape/mobilenetv2_1.00_256/block_16_project/Conv2D/Conv2DBackpropFilter,4,198.656,49.664,198.656,49.664,0.001222414397040696,0.849610932909691,0.0,0.0
82,Device,Conv2D,mobilenetv2_1.00_256/block_2_project/Conv2D,2,194.561,97.2805,194.561,97.2805,0.0011972161299061434,0.8508081490395972,0.0,0.0
83,Device,Conv2DBackpropFilter,gradient_tape/mobilenetv2_1.00_256/block_12_expand/Conv2D/Conv2DBackpropFilter,4,193.537,48.38425,193.537,48.38425,0.0011909150247667584,0.851999064064364,0.0,0.0
84,Device,Conv2DBackpropFilter,gradient_tape/mobilenetv2_1.00_256/block_11_project/Conv2D/Conv2DBackpropFilter,2,192.514,96.257,192.514,96.257,0.001184620073050361,0.8531836841374143,0.0,0.0
85,Device,Conv2DBackpropFilter,gradient_tape/mobilenetv2_1.00_256/block_12_project/Conv2D/Conv2DBackpropFilter,2,192.513,96.2565,192.513,96.2565,0.0011846139196273733,0.8543682980570416,0.0,0.0
86,Device,Conv2DBackpropFilter,gradient_tape/mobilenetv2_1.00_256/block_11_expand/Conv2D/Conv2DBackpropFilter,4,192.512,48.128,192.512,48.128,0.0011846077662043858,0.8555529058232461,0.0,0.0
87,Device,Conv2DBackpropFilter,gradient_tape/mobilenetv2_1.00_256/block_13_expand/Conv2D/Conv2DBackpropFilter,4,191.49,47.8725,191.49,47.8725,0.001178318967910976,0.856731224791157,0.0,0.0
88,Device,Conv2DBackpropFilter,gradient_tape/mobilenetv2_1.00_256/block_6_expand/Conv2D/Conv2DBackpropFilter,2,188.417,94.2085,188.417,94.2085,0.0011594094990698333,0.8578906342902268,0.0,0.0
89,Device,Conv2DBackpropInput,gradient_tape/mobilenetv2_1.00_256/block_1_project/Conv2D/Conv2DBackpropInput,2,182.273,91.1365,182.273,91.1365,0.001121602868233523,0.8590122371584603,0.0,0.0
90,Device,Conv2DBackpropFilter,gradient_tape/mobilenetv2_1.00_256/block_5_expand/Conv2D/Conv2DBackpropFilter,2,182.272,91.136,182.272,91.136,0.0011215967148105353,0.8601338338732708,0.0,0.0
91,Device,Conv2DBackpropFilter,gradient_tape/mobilenetv2_1.00_256/block_4_expand/Conv2D/Conv2DBackpropFilter,2,180.224,90.112,180.224,90.112,0.0011089945045317652,0.8612428283778025,0.0,0.0
92,Device,Conv2DBackpropFilter,gradient_tape/mobilenetv2_1.00_256/block_4_project/Conv2D/Conv2DBackpropFilter,2,175.104,87.552,175.104,87.552,0.0010774889788348404,0.8623203173566374,0.0,0.0
93,Device,Conv2DBackpropFilter,gradient_tape/mobilenetv2_1.00_256/block_5_project/Conv2D/Conv2DBackpropFilter,2,175.104,87.552,175.104,87.552,0.0010774889788348404,0.8633978063354723,0.0,0.0
94,Device,DepthwiseConv2dNativeBackpropFilter,gradient_tape/mobilenetv2_1.00_256/block_5_depthwise/depthwise/DepthwiseConv2dNativeBackpropFilter,2,171.01,85.505,171.01,85.505,0.0010522968651232754,0.8644501032005956,0.0,0.0
95,Device,DepthwiseConv2dNativeBackpropInput,gradient_tape/mobilenetv2_1.00_256/block_6_depthwise/depthwise/DepthwiseConv2dNativeBackpropInput,2,171.008,85.504,171.008,85.504,0.0010522845582773002,0.8655023877588729,0.0,0.0
96,Device,ArgMax,ArgMax,2,169.985,84.9925,169.985,84.9925,0.0010459896065609028,0.8665483773654338,0.0,0.0
97,Device,Conv2DBackpropFilter,gradient_tape/mobilenetv2_1.00_256/block_10_project/Conv2D/Conv2DBackpropFilter,2,168.961,84.4805,168.961,84.4805,0.0010396885014215178,0.8675880658668553,0.0,0.0
98,Device,DepthwiseConv2dNativeBackpropFilter,gradient_tape/mobilenetv2_1.00_256/block_4_depthwise/depthwise/DepthwiseConv2dNativeBackpropFilter,2,168.961,84.4805,168.961,84.4805,0.0010396885014215178,0.8686277543682769,0.0,0.0
99,Device,Conv2DBackpropFilter,gradient_tape/mobilenetv2_1.00_256/block_8_project/Conv2D/Conv2DBackpropFilter,2,165.888,82.944,165.888,82.944,0.001020779032580375,0.8696485334008572,0.0,0.0
100,Device,Conv2DBackpropFilter,gradient_tape/mobilenetv2_1.00_256/block_9_project/Conv2D/Conv2DBackpropFilter,2,165.888,82.944,165.888,82.944,0.001020779032580375,0.8706693124334376,0.0,0.0
101,Device,Conv2DBackpropFilter,gradient_tape/mobilenetv2_1.00_256/block_7_project/Conv2D/Conv2DBackpropFilter,2,164.864,82.432,164.864,82.432,0.0010144779274409898,0.8716837903608786,0.0,0.0
102,Device,Relu6Grad,gradient_tape/mobilenetv2_1.00_256/block_6_expand_relu/Relu6/Relu6Grad,2,163.842,81.921,163.842,81.921,0.0010081891291475803,0.8726919794900262,0.0,0.0
103,Device,Relu6Grad,gradient_tape/mobilenetv2_1.00_256/block_4_expand_relu/Relu6/Relu6Grad,2,163.84,81.92,163.84,81.92,0.0010081768223016048,0.8737001563123278,0.0,0.0
104,Device,Relu6Grad,gradient_tape/mobilenetv2_1.00_256/block_5_depthwise_relu/Relu6/Relu6Grad,2,162.817,81.4085,162.817,81.4085,0.0010018818705852075,0.874702038182913,0.0,0.0
105,Device,FusedBatchNormV3,mobilenetv2_1.00_256/block_4_depthwise_BN/FusedBatchNormV3,4,162.816,40.704,162.816,40.704,0.00100187571716222,0.8757039139000753,0.0,0.0
106,Device,Relu6Grad,gradient_tape/mobilenetv2_1.00_256/block_5_expand_relu/Relu6/Relu6Grad,2,161.793,80.8965,161.793,80.8965,0.0009955807654458224,0.8766994946655211,0.0,0.0
107,Device,FusedBatchNormV3,mobilenetv2_1.00_256/block_5_depthwise_BN/FusedBatchNormV3,4,161.792,40.448,161.792,40.448,0.000995574612022835,0.8776950692775439,0.0,0.0
108,Device,Relu6Grad,gradient_tape/mobilenetv2_1.00_256/block_4_depthwise_relu/Relu6/Relu6Grad,2,160.769,80.3845,160.769,80.3845,0.0009892796603064376,0.8786843489378504,0.0,0.0
109,Device,DepthwiseConv2dNativeBackpropInput,gradient_tape/mobilenetv2_1.00_256/block_12_depthwise/depthwise/DepthwiseConv2dNativeBackpropInput,2,159.745,79.8725,159.745,79.8725,0.0009829785551670525,0.8796673274930175,0.0,0.0
110,Device,FusedBatchNormV3,mobilenetv2_1.00_256/block_6_expand_BN/FusedBatchNormV3,4,159.744,39.936,159.744,39.936,0.0009829724017440648,0.8806502998947615,0.0,0.0
111,Device,FusedBatchNormV3,mobilenetv2_1.00_256/block_5_expand_BN/FusedBatchNormV3,4,158.72,39.68,158.72,39.68,0.0009766712966046798,0.8816269711913662,0.0,0.0
112,Device,FusedBatchNormV3,mobilenetv2_1.00_256/block_4_expand_BN/FusedBatchNormV3,4,157.698,39.4245,157.698,39.4245,0.0009703824983112701,0.8825973536896775,0.0,0.0
113,Device,DepthwiseConv2dNativeBackpropInput,gradient_tape/mobilenetv2_1.00_256/block_11_depthwise/depthwise/DepthwiseConv2dNativeBackpropInput,2,157.696,78.848,157.696,78.848,0.0009703701914652947,0.8835677238811428,0.0,0.0
114,Device,Conv2DBackpropFilter,gradient_tape/mobilenetv2_1.00_256/block_3_project/Conv2D/Conv2DBackpropFilter,2,153.601,76.8005,153.601,76.8005,0.0009451719243307422,0.8845128958054735,0.0,0.0
115,Device,Conv2DBackpropFilter,gradient_tape/mobilenetv2_1.00_256/block_16_expand/Conv2D/Conv2DBackpropFilter,4,149.505,37.37625,149.505,37.37625,0.0009199675037732021,0.8854328633092468,0.0,0.0
116,Device,Conv2D,mobilenetv2_1.00_256/block_1_project/Conv2D,2,146.434,73.217,146.434,73.217,0.0009010703417780347,0.8863339336510248,0.0,0.0
117,Device,Conv2DBackpropFilter,gradient_tape/mobilenetv2_1.00_256/block_14_expand/Conv2D/Conv2DBackpropFilter,4,146.432,36.608,146.432,36.608,0.0009010580349320592,0.8872349916859568,0.0,0.0
118,Device,Conv2D,mobilenetv2_1.00_256/block_16_project/Conv2D,2,145.408,72.704,145.408,72.704,0.0008947569297926742,0.8881297486157494,0.0,0.0
119,Device,Conv2DBackpropInput,gradient_tape/mobilenetv2_1.00_256/block_16_expand/Conv2D/Conv2DBackpropInput,4,144.385,36.09625,144.385,36.09625,0.0008884619780762769,0.8890182105938257,0.0,0.0
120,Device,Conv2DBackpropFilter,gradient_tape/mobilenetv2_1.00_256/block_15_expand/Conv2D/Conv2DBackpropFilter,4,144.384,36.096,144.384,36.096,0.0008884558246532892,0.8899066664184789,0.0,0.0
121,Device,Conv2DBackpropInput,gradient_tape/mobilenetv2_1.00_256/block_14_expand/Conv2D/Conv2DBackpropInput,4,142.338,35.5845,142.338,35.5845,0.0008758659212204945,0.8907825323396994,0.0,0.0
122,Device,Conv2DBackpropInput,gradient_tape/mobilenetv2_1.00_256/block_15_expand/Conv2D/Conv2DBackpropInput,4,142.338,35.5845,142.338,35.5845,0.0008758659212204945,0.8916583982609199,0.0,0.0
123,Device,DepthwiseConv2dNativeBackpropInput,gradient_tape/mobilenetv2_1.00_256/block_13_depthwise/depthwise/DepthwiseConv2dNativeBackpropInput,2,139.266,69.633,139.266,69.633,0.0008569626058023395,0.8925153608667222,0.0,0.0
124,Device,Conv2DBackpropInput,gradient_tape/mobilenetv2_1.00_256/block_11_expand/Conv2D/Conv2DBackpropInput,2,139.264,69.632,139.264,69.632,0.0008569502989563642,0.8933723111656786,0.0,0.0
125,Device,Conv2DBackpropInput,gradient_tape/mobilenetv2_1.00_256/block_13_expand/Conv2D/Conv2DBackpropInput,2,138.24,69.12,138.24,69.12,0.0008506491938169792,0.8942229603594956,0.0,0.0
126,Device,DepthwiseConv2dNativeBackpropFilter,gradient_tape/mobilenetv2_1.00_256/block_11_depthwise/depthwise/DepthwiseConv2dNativeBackpropFilter,2,136.193,68.0965,136.193,68.0965,0.0008380531369611968,0.8950610134964567,0.0,0.0
127,Device,DepthwiseConv2dNativeBackpropFilter,gradient_tape/mobilenetv2_1.00_256/block_12_depthwise/depthwise/DepthwiseConv2dNativeBackpropFilter,2,136.193,68.0965,136.193,68.0965,0.0008380531369611968,0.8958990666334179,0.0,0.0
128,Device,Conv2DBackpropInput,gradient_tape/mobilenetv2_1.00_256/block_12_expand/Conv2D/Conv2DBackpropInput,2,136.192,68.096,136.192,68.096,0.000838046983538209,0.8967371136169561,0.0,0.0
129,Device,Conv2D,mobilenetv2_1.00_256/Conv_1/Conv2D,2,136.192,68.096,136.192,68.096,0.000838046983538209,0.8975751606004942,0.0,0.0
130,Device,Conv2DBackpropInput,gradient_tape/mobilenetv2_1.00_256/block_16_project/Conv2D/Conv2DBackpropInput,2,129.024,64.512,129.024,64.512,0.0007939392475625138,0.8983690998480568,0.0,0.0
131,Device,FusedBatchNormGradV3,gradient_tape/mobilenetv2_1.00_256/block_12_depthwise_BN/FusedBatchNormGradV3,2,125.952,62.976,125.952,62.976,0.0007750359321443588,0.8991441357802011,0.0,0.0
132,Device,FusedBatchNormGradV3,gradient_tape/mobilenetv2_1.00_256/block_12_expand_BN/FusedBatchNormGradV3,2,125.952,62.976,125.952,62.976,0.0007750359321443588,0.8999191717123455,0.0,0.0
133,Device,FusedBatchNormGradV3,gradient_tape/mobilenetv2_1.00_256/block_11_expand_BN/FusedBatchNormGradV3,2,124.93,62.465,124.93,62.465,0.0007687471338509492,0.9006879188461965,0.0,0.0
134,Device,FusedBatchNormGradV3,gradient_tape/mobilenetv2_1.00_256/block_11_depthwise_BN/FusedBatchNormGradV3,2,124.929,62.4645,124.929,62.4645,0.0007687409804279614,0.9014566598266245,0.0,0.0
135,Device,Transpose,gradient_tape/mobilenetv2_1.00_256/Conv1/Conv2D/Conv2DBackpropFilter-0-TransposeNHWCToNCHW-LayoutOptimizer,2,124.928,62.464,124.928,62.464,0.0007687348270049737,0.9022253946536295,0.0,0.0
136,Device,Relu6Grad,gradient_tape/mobilenetv2_1.00_256/block_12_expand_relu/Relu6/Relu6Grad,2,124.928,62.464,124.928,62.464,0.0007687348270049737,0.9029941294806345,0.0,0.0
137,Device,FusedBatchNormGradV3,gradient_tape/mobilenetv2_1.00_256/block_13_expand_BN/FusedBatchNormGradV3,2,124.928,62.464,124.928,62.464,0.0007687348270049737,0.9037628643076395,0.0,0.0
138,Device,Relu6Grad,gradient_tape/mobilenetv2_1.00_256/block_13_expand_relu/Relu6/Relu6Grad,2,124.928,62.464,124.928,62.464,0.0007687348270049737,0.9045315991346445,0.0,0.0
139,Device,Relu6Grad,gradient_tape/mobilenetv2_1.00_256/block_11_expand_relu/Relu6/Relu6Grad,2,123.904,61.952,123.904,61.952,0.0007624337218655886,0.9052940328565101,0.0,0.0
140,Device,Conv2DBackpropInput,gradient_tape/mobilenetv2_1.00_256/block_11_project/Conv2D/Conv2DBackpropInput,2,123.904,61.952,123.904,61.952,0.0007624337218655886,0.9060564665783757,0.0,0.0
141,Device,Slice,gradient_tape/mobilenetv2_1.00_256/block_6_pad/Slice_1,2,123.904,61.952,123.904,61.952,0.0007624337218655886,0.9068189003002413,0.0,0.0
142,Device,Conv2DBackpropInput,gradient_tape/mobilenetv2_1.00_256/block_12_project/Conv2D/Conv2DBackpropInput,2,122.881,61.4405,122.881,61.4405,0.0007561387701491913,0.9075750390703905,0.0,0.0
143,Device,Conv2D,mobilenetv2_1.00_256/block_11_project/Conv2D,2,121.856,60.928,121.856,60.928,0.0007498315115868185,0.9083248705819773,0.0,0.0
144,Device,Pad,mobilenetv2_1.00_256/block_6_pad/Pad,2,120.834,60.417,120.834,60.417,0.000743542713293409,0.9090684132952707,0.0,0.0
145,Device,Conv2DBackpropFilter,gradient_tape/mobilenetv2_1.00_256/block_15_project/Conv2D/Conv2DBackpropFilter,4,120.832,30.208,120.832,30.208,0.0007435304064474336,0.9098119437017181,0.0,0.0
146,Device,Relu6Grad,gradient_tape/mobilenetv2_1.00_256/block_11_depthwise_relu/Relu6/Relu6Grad,2,119.808,59.904,119.808,59.904,0.0007372293013080486,0.9105491730030262,0.0,0.0
147,Device,Conv2D,mobilenetv2_1.00_256/block_12_project/Conv2D,2,119.808,59.904,119.808,59.904,0.0007372293013080486,0.9112864023043342,0.0,0.0
148,Device,Relu6Grad,gradient_tape/mobilenetv2_1.00_256/block_12_depthwise_relu/Relu6/Relu6Grad,2,118.784,59.392,118.784,59.392,0.0007309281961686636,0.9120173305005029,0.0,0.0
149,Device,Relu6Grad,gradient_tape/mobilenetv2_1.00_256/block_3_depthwise_relu/Relu6/Relu6Grad,2,118.784,59.392,118.784,59.392,0.0007309281961686636,0.9127482586966716,0.0,0.0
150,Device,Conv2DBackpropFilter,gradient_tape/mobilenetv2_1.00_256/block_14_project/Conv2D/Conv2DBackpropFilter,4,117.76,29.44,117.76,29.44,0.0007246270910292786,0.9134728857877009,0.0,0.0
151,Device,DepthwiseConv2dNative,mobilenetv2_1.00_256/block_5_depthwise/depthwise,2,117.76,58.88,117.76,58.88,0.0007246270910292786,0.9141975128787302,0.0,0.0
152,Device,DepthwiseConv2dNative,mobilenetv2_1.00_256/block_4_depthwise/depthwise,2,116.736,58.368,116.736,58.368,0.0007183259858898935,0.9149158388646201,0.0,0.0
153,Device,FusedBatchNormV3,mobilenetv2_1.00_256/block_3_depthwise_BN/FusedBatchNormV3,4,114.69,28.6725,114.69,28.6725,0.0007057360824570988,0.9156215749470772,0.0,0.0
154,Device,FusedBatchNormV3,mobilenetv2_1.00_256/block_2_project_BN/FusedBatchNormV3,4,111.616,27.904,111.616,27.904,0.0006868204601929684,0.9163083954072702,0.0,0.0
155,Device,Relu6,mobilenetv2_1.00_256/block_4_depthwise_relu/Relu6,2,110.594,55.297,110.594,55.297,0.0006805316618995587,0.9169889270691697,0.0,0.0
156,Device,Relu6,mobilenetv2_1.00_256/block_5_expand_relu/Relu6,2,110.594,55.297,110.594,55.297,0.0006805316618995587,0.9176694587310692,0.0,0.0
157,Device,ArgMax,ArgMax_1,2,110.593,55.2965,110.593,55.2965,0.000680525508476571,0.9183499842395457,0.0,0.0
158,Device,Conv2D,mobilenetv2_1.00_256/block_11_expand/Conv2D,2,110.592,55.296,110.592,55.296,0.0006805193550535833,0.9190305035945993,0.0,0.0
159,Device,Relu6,mobilenetv2_1.00_256/block_5_depthwise_relu/Relu6,2,110.592,55.296,110.592,55.296,0.0006805193550535833,0.9197110229496528,0.0,0.0
160,Device,Relu6,mobilenetv2_1.00_256/block_6_expand_relu/Relu6,2,110.592,55.296,110.592,55.296,0.0006805193550535833,0.9203915423047063,0.0,0.0
161,Device,Conv2DBackpropInput,gradient_tape/mobilenetv2_1.00_256/block_10_expand/Conv2D/Conv2DBackpropInput,2,109.568,54.784,109.568,54.784,0.0006742182499141983,0.9210657605546205,0.0,0.0
162,Device,Relu6,mobilenetv2_1.00_256/block_4_expand_relu/Relu6,2,109.568,54.784,109.568,54.784,0.0006742182499141983,0.9217399788045347,0.0,0.0
163,Device,DepthwiseConv2dNativeBackpropInput,gradient_tape/mobilenetv2_1.00_256/block_7_depthwise/depthwise/DepthwiseConv2dNativeBackpropInput,2,108.546,54.273,108.546,54.273,0.0006679294516207887,0.9224079082561555,0.0,0.0
164,Device,Conv2D,mobilenetv2_1.00_256/block_13_expand/Conv2D,2,108.546,54.273,108.546,54.273,0.0006679294516207887,0.9230758377077762,0.0,0.0
165,Device,DepthwiseConv2dNativeBackpropInput,gradient_tape/mobilenetv2_1.00_256/block_8_depthwise/depthwise/DepthwiseConv2dNativeBackpropInput,2,108.545,54.2725,108.545,54.2725,0.0006679232981978009,0.923743761005974,0.0,0.0
166,Device,Conv2DBackpropFilter,gradient_tape/mobilenetv2_1.00_256/block_8_expand/Conv2D/Conv2DBackpropFilter,2,108.544,54.272,108.544,54.272,0.0006679171447748132,0.9244116781507488,0.0,0.0
167,Device,DepthwiseConv2dNativeBackpropInput,gradient_tape/mobilenetv2_1.00_256/block_9_depthwise/depthwise/DepthwiseConv2dNativeBackpropInput,2,108.544,54.272,108.544,54.272,0.0006679171447748132,0.9250795952955235,0.0,0.0
168,Device,Conv2DBackpropFilter,gradient_tape/mobilenetv2_1.00_256/block_9_expand/Conv2D/Conv2DBackpropFilter,2,108.544,54.272,108.544,54.272,0.0006679171447748132,0.9257475124402983,0.0,0.0
169,Device,Conv2DBackpropFilter,gradient_tape/mobilenetv2_1.00_256/block_10_expand/Conv2D/Conv2DBackpropFilter,2,107.52,53.76,107.52,53.76,0.0006616160396354281,0.9264091284799337,0.0,0.0
170,Device,Conv2DBackpropFilter,gradient_tape/mobilenetv2_1.00_256/block_7_expand/Conv2D/Conv2DBackpropFilter,2,107.52,53.76,107.52,53.76,0.0006616160396354281,0.9270707445195692,0.0,0.0
171,Device,Conv2DBackpropInput,gradient_tape/mobilenetv2_1.00_256/block_9_expand/Conv2D/Conv2DBackpropInput,2,107.52,53.76,107.52,53.76,0.0006616160396354281,0.9277323605592046,0.0,0.0
172,Device,Conv2D,mobilenetv2_1.00_256/block_12_expand/Conv2D,2,107.52,53.76,107.52,53.76,0.0006616160396354281,0.92839397659884,0.0,0.0
173,Device,Conv2DBackpropInput,gradient_tape/mobilenetv2_1.00_256/block_7_expand/Conv2D/Conv2DBackpropInput,2,106.497,53.2485,106.497,53.2485,0.0006553210879190308,0.929049297686759,0.0,0.0
174,Device,DepthwiseConv2dNativeBackpropInput,gradient_tape/mobilenetv2_1.00_256/block_10_depthwise/depthwise/DepthwiseConv2dNativeBackpropInput,2,106.496,53.248,106.496,53.248,0.0006553149344960431,0.929704612621255,0.0,0.0
175,Device,Conv2DBackpropInput,gradient_tape/mobilenetv2_1.00_256/block_8_expand/Conv2D/Conv2DBackpropInput,2,104.449,52.2245,104.449,52.2245,0.0006427188776402607,0.9303473314988953,0.0,0.0
176,Device,Conv2D,mobilenetv2_1.00_256/block_15_project/Conv2D,2,103.424,51.712,103.424,51.712,0.0006364116190778882,0.9309837431179732,0.0,0.0
177,Device,Conv2DBackpropFilter,gradient_tape/mobilenetv2_1.00_256/block_6_project/Conv2D/Conv2DBackpropFilter,2,102.4,51.2,102.4,51.2,0.0006301105139385031,0.9316138536319116,0.0,0.0
178,Device,FusedBatchNormV3,mobilenetv2_1.00_256/block_1_project_BN/FusedBatchNormV3,4,102.4,25.6,102.4,25.6,0.0006301105139385031,0.9322439641458501,0.0,0.0
179,Device,Conv2D,mobilenetv2_1.00_256/block_14_project/Conv2D,2,101.376,50.688,101.376,50.688,0.0006238094087991181,0.9328677735546492,0.0,0.0
180,Device,Conv2D,mobilenetv2_1.00_256/block_4_expand/Conv2D,2,100.352,50.176,100.352,50.176,0.000617508303659733,0.9334852818583089,0.0,0.0
181,Device,Conv2D,mobilenetv2_1.00_256/block_5_expand/Conv2D,2,99.328,49.664,99.328,49.664,0.000611207198520348,0.9340964890568293,0.0,0.0
182,Device,Conv2D,mobilenetv2_1.00_256/block_6_expand/Conv2D,2,99.328,49.664,99.328,49.664,0.000611207198520348,0.9347076962553497,0.0,0.0
183,Device,Conv2DBackpropInput,gradient_tape/mobilenetv2_1.00_256/block_4_project/Conv2D/Conv2DBackpropInput,2,98.304,49.152,98.304,49.152,0.0006049060933809629,0.9353126023487306,0.0,0.0
184,Device,Conv2DBackpropInput,gradient_tape/mobilenetv2_1.00_256/block_5_project/Conv2D/Conv2DBackpropInput,2,96.257,48.1285,96.257,48.1285,0.0005923100365251805,0.9359049123852557,0.0,0.0
185,Device,DepthwiseConv2dNativeBackpropFilter,gradient_tape/mobilenetv2_1.00_256/block_10_depthwise/depthwise/DepthwiseConv2dNativeBackpropFilter,2,96.256,48.128,96.256,48.128,0.0005923038831021929,0.9364972162683579,0.0,0.0
186,Device,DepthwiseConv2dNativeBackpropFilter,gradient_tape/mobilenetv2_1.00_256/block_8_depthwise/depthwise/DepthwiseConv2dNativeBackpropFilter,2,96.256,48.128,96.256,48.128,0.0005923038831021929,0.9370895201514601,0.0,0.0
187,Device,Pad,mobilenetv2_1.00_256/block_13_pad/Pad,2,96.256,48.128,96.256,48.128,0.0005923038831021929,0.9376818240345622,0.0,0.0
188,Device,DepthwiseConv2dNativeBackpropFilter,gradient_tape/mobilenetv2_1.00_256/block_7_depthwise/depthwise/DepthwiseConv2dNativeBackpropFilter,2,95.232,47.616,95.232,47.616,0.0005860027779628079,0.9382678268125251,0.0,0.0
189,Device,DepthwiseConv2dNativeBackpropFilter,gradient_tape/mobilenetv2_1.00_256/block_9_depthwise/depthwise/DepthwiseConv2dNativeBackpropFilter,2,95.232,47.616,95.232,47.616,0.0005860027779628079,0.9388538295904879,0.0,0.0
190,Device,DepthwiseConv2dNative,mobilenetv2_1.00_256/block_6_depthwise/depthwise,2,94.208,47.104,94.208,47.104,0.0005797016728234228,0.9394335312633113,0.0,0.0
191,Device,Conv2DBackpropFilter,gradient_tape/mobilenetv2_1.00_256/block_13_project/Conv2D/Conv2DBackpropFilter,4,92.161,23.04025,92.161,23.04025,0.0005671056159676404,0.9400006368792789,0.0,0.0
192,Device,Conv2DBackpropInput,gradient_tape/mobilenetv2_1.00_256/block_3_project/Conv2D/Conv2DBackpropInput,2,92.16,46.08,92.16,46.08,0.0005670994625446527,0.9405677363418236,0.0,0.0
193,Device,FusedBatchNormV3,mobilenetv2_1.00_256/block_13_expand_BN/FusedBatchNormV3,4,91.136,22.784,91.136,22.784,0.0005607983574052676,0.9411285346992289,0.0,0.0
194,Device,Conv2DBackpropInput,gradient_tape/mobilenetv2_1.00_256/block_4_expand/Conv2D/Conv2DBackpropInput,2,90.112,45.056,90.112,45.056,0.0005544972522658826,0.9416830319514947,0.0,0.0
195,Device,Conv2DBackpropInput,gradient_tape/mobilenetv2_1.00_256/block_6_expand/Conv2D/Conv2DBackpropInput,2,90.112,45.056,90.112,45.056,0.0005544972522658826,0.9422375292037606,0.0,0.0
196,Device,DepthwiseConv2dNative,mobilenetv2_1.00_256/block_11_depthwise/depthwise,2,90.112,45.056,90.112,45.056,0.0005544972522658826,0.9427920264560264,0.0,0.0
197,Device,FusedBatchNormV3,mobilenetv2_1.00_256/block_11_expand_BN/FusedBatchNormV3,4,89.088,22.272,89.088,22.272,0.0005481961471264977,0.943340222603153,0.0,0.0
198,Device,DepthwiseConv2dNative,mobilenetv2_1.00_256/block_12_depthwise/depthwise,2,89.088,44.544,89.088,44.544,0.0005481961471264977,0.9438884187502795,0.0,0.0
199,Device,Conv2D,mobilenetv2_1.00_256/block_10_project/Conv2D,2,88.066,44.033,88.066,44.033,0.000541907348833088,0.9444303260991126,0.0,0.0
200,Device,FusedBatchNormV3,mobilenetv2_1.00_256/block_11_depthwise_BN/FusedBatchNormV3,4,88.066,22.0165,88.066,22.0165,0.000541907348833088,0.9449722334479457,0.0,0.0
201,Device,Conv2DBackpropInput,gradient_tape/mobilenetv2_1.00_256/block_5_expand/Conv2D/Conv2DBackpropInput,2,87.041,43.5205,87.041,43.5205,0.0005356000902707153,0.9455078335382164,0.0,0.0
202,Device,FusedBatchNormV3,mobilenetv2_1.00_256/block_12_depthwise_BN/FusedBatchNormV3,4,87.04,21.76,87.04,21.76,0.0005355939368477277,0.9460434274750642,0.0,0.0
203,Device,FusedBatchNormV3,mobilenetv2_1.00_256/block_12_expand_BN/FusedBatchNormV3,4,87.04,21.76,87.04,21.76,0.0005355939368477277,0.946579021411912,0.0,0.0
204,Device,Conv2DBackpropInput,gradient_tape/mobilenetv2_1.00_256/block_10_project/Conv2D/Conv2DBackpropInput,2,86.016,43.008,86.016,43.008,0.0005292928317083426,0.9471083142436203,0.0,0.0
205,Device,FusedBatchNormGradV3,gradient_tape/mobilenetv2_1.00_256/block_7_expand_BN/FusedBatchNormGradV3,2,86.016,43.008,86.016,43.008,0.0005292928317083426,0.9476376070753286,0.0,0.0
206,Device,FusedBatchNormGradV3,gradient_tape/mobilenetv2_1.00_256/block_8_expand_BN/FusedBatchNormGradV3,2,86.016,43.008,86.016,43.008,0.0005292928317083426,0.948166899907037,0.0,0.0
207,Device,FusedBatchNormGradV3,gradient_tape/mobilenetv2_1.00_256/block_10_depthwise_BN/FusedBatchNormGradV3,2,84.992,42.496,84.992,42.496,0.0005229917265689576,0.948689891633606,0.0,0.0
208,Device,Conv2DBackpropInput,gradient_tape/mobilenetv2_1.00_256/block_15_project/Conv2D/Conv2DBackpropInput,2,84.992,42.496,84.992,42.496,0.0005229917265689576,0.949212883360175,0.0,0.0
209,Device,FusedBatchNormGradV3,gradient_tape/mobilenetv2_1.00_256/block_7_depthwise_BN/FusedBatchNormGradV3,2,84.992,42.496,84.992,42.496,0.0005229917265689576,0.949735875086744,0.0,0.0
210,Device,FusedBatchNormGradV3,gradient_tape/mobilenetv2_1.00_256/block_8_depthwise_BN/FusedBatchNormGradV3,2,84.992,42.496,84.992,42.496,0.0005229917265689576,0.950258866813313,0.0,0.0
211,Device,FusedBatchNormGradV3,gradient_tape/mobilenetv2_1.00_256/block_10_expand_BN/FusedBatchNormGradV3,2,83.97,41.985,83.97,41.985,0.0005167029282755479,0.9507755697415885,0.0,0.0
212,Device,FusedBatchNormGradV3,gradient_tape/mobilenetv2_1.00_256/block_9_expand_BN/FusedBatchNormGradV3,2,83.969,41.9845,83.969,41.9845,0.0005166967748525601,0.951292266516441,0.0,0.0
213,Device,Conv2DBackpropInput,gradient_tape/mobilenetv2_1.00_256/block_14_project/Conv2D/Conv2DBackpropInput,2,83.968,41.984,83.968,41.984,0.0005166906214295725,0.9518089571378706,0.0,0.0
214,Device,FusedBatchNormGradV3,gradient_tape/mobilenetv2_1.00_256/block_9_depthwise_BN/FusedBatchNormGradV3,2,83.968,41.984,83.968,41.984,0.0005166906214295725,0.9523256477593002,0.0,0.0
215,Device,Relu6,mobilenetv2_1.00_256/block_3_depthwise_relu/Relu6,2,82.944,41.472,82.944,41.472,0.0005103895162901875,0.9528360372755904,0.0,0.0
216,Device,AddV2,mobilenetv2_1.00_256/block_2_add/add,2,81.92,40.96,81.92,40.96,0.0005040884111508024,0.9533401256867412,0.0,0.0
217,Device,Conv2D,mobilenetv2_1.00_256/block_4_project/Conv2D,2,81.92,40.96,81.92,40.96,0.0005040884111508024,0.953844214097892,0.0,0.0
218,Device,Conv2D,mobilenetv2_1.00_256/block_5_project/Conv2D,2,80.898,40.449,80.898,40.449,0.0004977996128573927,0.9543420137107493,0.0,0.0
219,Device,Slice,gradient_tape/mobilenetv2_1.00_256/block_13_pad/Slice_1,2,80.896,40.448,80.896,40.448,0.0004977873060114175,0.9548398010167608,0.0,0.0
220,Device,AddN,SGD/gradients/AddN_9,2,79.872,39.936,79.872,39.936,0.0004914862008720324,0.9553312872176328,0.0,0.0
221,Device,Relu6Grad,gradient_tape/mobilenetv2_1.00_256/block_9_expand_relu/Relu6/Relu6Grad,2,77.825,38.9125,77.825,38.9125,0.00047889014401625003,0.9558101773616491,0.0,0.0
222,Device,Relu6Grad,gradient_tape/mobilenetv2_1.00_256/block_7_expand_relu/Relu6/Relu6Grad,2,77.824,38.912,77.824,38.912,0.0004788839905932623,0.9562890613522423,0.0,0.0
223,Device,Conv2D,mobilenetv2_1.00_256/block_15_expand/Conv2D,2,76.802,38.401,76.802,38.401,0.00047259519229985266,0.9567616565445421,0.0,0.0
224,Device,Relu6Grad,gradient_tape/mobilenetv2_1.00_256/block_8_expand_relu/Relu6/Relu6Grad,2,76.801,38.4005,76.801,38.4005,0.000472589038876865,0.957234245583419,0.0,0.0
225,Device,DepthwiseConv2dNative,mobilenetv2_1.00_256/block_13_depthwise/depthwise,2,76.8,38.4,76.8,38.4,0.00047258288545387725,0.9577068284688729,0.0,0.0
226,Device,Conv2D,mobilenetv2_1.00_256/block_16_expand/Conv2D,2,76.8,38.4,76.8,38.4,0.00047258288545387725,0.9581794113543268,0.0,0.0
227,Device,Relu6,mobilenetv2_1.00_256/block_12_expand_relu/Relu6,2,75.778,37.889,75.778,37.889,0.00046629408716046766,0.9586457054414873,0.0,0.0
228,Device,DepthwiseConv2dNativeBackpropInput,gradient_tape/mobilenetv2_1.00_256/block_15_depthwise/depthwise/DepthwiseConv2dNativeBackpropInput,2,75.776,37.888,75.776,37.888,0.00046628178031449225,0.9591119872218018,0.0,0.0
229,Device,Conv2D,mobilenetv2_1.00_256/block_14_expand/Conv2D,2,75.776,37.888,75.776,37.888,0.00046628178031449225,0.9595782690021163,0.0,0.0
230,Device,Relu6,mobilenetv2_1.00_256/block_11_expand_relu/Relu6,2,74.752,37.376,74.752,37.376,0.0004599806751751072,0.9600382496772913,0.0,0.0
231,Device,Relu6,mobilenetv2_1.00_256/block_12_depthwise_relu/Relu6,2,74.752,37.376,74.752,37.376,0.0004599806751751072,0.9604982303524664,0.0,0.0
232,Device,DepthwiseConv2dNativeBackpropInput,gradient_tape/mobilenetv2_1.00_256/block_14_depthwise/depthwise/DepthwiseConv2dNativeBackpropInput,2,73.728,36.864,73.728,36.864,0.00045367957003572215,0.9609519099225021,0.0,0.0
233,Device,DepthwiseConv2dNativeBackpropInput,gradient_tape/mobilenetv2_1.00_256/block_16_depthwise/depthwise/DepthwiseConv2dNativeBackpropInput,2,73.728,36.864,73.728,36.864,0.00045367957003572215,0.9614055894925378,0.0,0.0
234,Device,Relu6,mobilenetv2_1.00_256/block_11_depthwise_relu/Relu6,2,73.728,36.864,73.728,36.864,0.00045367957003572215,0.9618592690625736,0.0,0.0
235,Device,Relu6Grad,gradient_tape/mobilenetv2_1.00_256/block_7_depthwise_relu/Relu6/Relu6Grad,2,72.704,36.352,72.704,36.352,0.0004473784648963371,0.9623066475274699,0.0,0.0
236,Device,Relu6Grad,gradient_tape/mobilenetv2_1.00_256/block_8_depthwise_relu/Relu6/Relu6Grad,2,72.704,36.352,72.704,36.352,0.0004473784648963371,0.9627540259923661,0.0,0.0
237,Device,Relu6,mobilenetv2_1.00_256/block_13_expand_relu/Relu6,2,72.704,36.352,72.704,36.352,0.0004473784648963371,0.9632014044572624,0.0,0.0
238,Device,Conv2D,mobilenetv2_1.00_256/block_13_project/Conv2D,2,71.682,35.841,71.682,35.841,0.0004410896666029275,0.9636424941238654,0.0,0.0
239,Device,Relu6Grad,gradient_tape/mobilenetv2_1.00_256/block_9_depthwise_relu/Relu6/Relu6Grad,2,71.681,35.8405,71.681,35.8405,0.0004410835131799398,0.9640835776370453,0.0,0.0
240,Device,FusedBatchNormGradV3,gradient_tape/mobilenetv2_1.00_256/Conv_1_bn/FusedBatchNormGradV3,2,70.656,35.328,70.656,35.328,0.00043477625461756716,0.9645183538916628,0.0,0.0
241,Device,Conv2D,mobilenetv2_1.00_256/block_9_project/Conv2D,2,68.609,34.3045,68.609,34.3045,0.0004221801977617847,0.9649405340894246,0.0,0.0
242,Device,Relu6Grad,gradient_tape/mobilenetv2_1.00_256/block_10_expand_relu/Relu6/Relu6Grad,2,68.608,34.304,68.608,34.304,0.00042217404433879705,0.9653627081337633,0.0,0.0
243,Device,Conv2DBackpropInput,gradient_tape/mobilenetv2_1.00_256/block_13_project/Conv2D/Conv2DBackpropInput,2,67.584,33.792,67.584,33.792,0.00041587293919941205,0.9657785810729628,0.0,0.0
244,Device,Conv2D,mobilenetv2_1.00_256/block_7_project/Conv2D,2,67.584,33.792,67.584,33.792,0.00041587293919941205,0.9661944540121622,0.0,0.0
245,Device,Conv2D,mobilenetv2_1.00_256/block_8_project/Conv2D,2,67.584,33.792,67.584,33.792,0.00041587293919941205,0.9666103269513616,0.0,0.0
246,Device,Relu6Grad,gradient_tape/mobilenetv2_1.00_256/block_10_depthwise_relu/Relu6/Relu6Grad,2,66.561,33.2805,66.561,33.2805,0.0004095779874830147,0.9670199049388446,0.0,0.0
247,Device,Conv2DBackpropInput,gradient_tape/mobilenetv2_1.00_256/block_9_project/Conv2D/Conv2DBackpropInput,2,65.536,32.768,65.536,32.768,0.00040327072892064195,0.9674231756677653,0.0,0.0
248,Device,Conv2D,mobilenetv2_1.00_256/block_9_expand/Conv2D,2,65.536,32.768,65.536,32.768,0.00040327072892064195,0.9678264463966859,0.0,0.0
249,Device,Conv2DBackpropInput,gradient_tape/mobilenetv2_1.00_256/block_8_project/Conv2D/Conv2DBackpropInput,2,64.514,32.257,64.514,32.257,0.00039698193062723226,0.9682234283273131,0.0,0.0
250,Device,Conv2DBackpropInput,gradient_tape/mobilenetv2_1.00_256/block_7_project/Conv2D/Conv2DBackpropInput,2,64.512,32.256,64.512,32.256,0.0003969696237812569,0.9686203979510943,0.0,0.0
251,Device,Conv2D,mobilenetv2_1.00_256/block_10_expand/Conv2D,2,64.512,32.256,64.512,32.256,0.0003969696237812569,0.9690173675748756,0.0,0.0
252,Device,Conv2D,mobilenetv2_1.00_256/block_7_expand/Conv2D,2,64.512,32.256,64.512,32.256,0.0003969696237812569,0.9694143371986568,0.0,0.0
253,Device,Conv2D,mobilenetv2_1.00_256/block_8_expand/Conv2D,2,63.488,31.744,63.488,31.744,0.0003906685186418719,0.9698050057172987,0.0,0.0
254,Device,Conv2D,mobilenetv2_1.00_256/block_3_project/Conv2D,2,62.464,31.232,62.464,31.232,0.00038436741350248685,0.9701893731308011,0.0,0.0
255,Device,ResourceApplyGradientDescent,SGD/SGD/update_156/ResourceApplyGradientDescent,2,61.44,30.72,61.44,30.72,0.0003780663083631018,0.9705674394391642,0.0,0.0
256,Device,Relu6Grad,gradient_tape/mobilenetv2_1.00_256/out_relu/Relu6/Relu6Grad,2,61.44,30.72,61.44,30.72,0.0003780663083631018,0.9709455057475274,0.0,0.0
257,Device,FusedBatchNormV3,mobilenetv2_1.00_256/block_10_depthwise_BN/FusedBatchNormV3,4,59.392,14.848,59.392,14.848,0.0003654640980843318,0.9713109698456117,0.0,0.0
258,Device,DepthwiseConv2dNative,mobilenetv2_1.00_256/block_8_depthwise/depthwise,2,59.392,29.696,59.392,29.696,0.0003654640980843318,0.9716764339436961,0.0,0.0
259,Device,DepthwiseConv2dNative,mobilenetv2_1.00_256/block_7_depthwise/depthwise,2,58.369,29.1845,58.369,29.1845,0.00035916914636793443,0.972035603090064,0.0,0.0
260,Device,DepthwiseConv2dNative,mobilenetv2_1.00_256/block_10_depthwise/depthwise,2,58.368,29.184,58.368,29.184,0.00035916299294494675,0.9723947660830089,0.0,0.0
261,Device,FusedBatchNormV3,mobilenetv2_1.00_256/block_7_depthwise_BN/FusedBatchNormV3,4,57.344,14.336,57.344,14.336,0.0003528618878055617,0.9727476279708145,0.0,0.0
262,Device,DepthwiseConv2dNative,mobilenetv2_1.00_256/block_9_depthwise/depthwise,2,57.344,28.672,57.344,28.672,0.0003528618878055617,0.9731004898586201,0.0,0.0
263,Device,FusedBatchNormV3,mobilenetv2_1.00_256/block_9_depthwise_BN/FusedBatchNormV3,4,57.344,14.336,57.344,14.336,0.0003528618878055617,0.9734533517464257,0.0,0.0
264,Device,FusedBatchNormV3,mobilenetv2_1.00_256/Conv_1_bn/FusedBatchNormV3,4,55.296,13.824,55.296,13.824,0.00034025967752679165,0.9737936114239525,0.0,0.0
265,Device,FusedBatchNormV3,mobilenetv2_1.00_256/block_8_depthwise_BN/FusedBatchNormV3,4,54.274,13.5685,54.274,13.5685,0.00033397087923338196,0.9741275823031859,0.0,0.0
266,Device,FusedBatchNormGradV3,gradient_tape/mobilenetv2_1.00_256/block_16_expand_BN/FusedBatchNormGradV3,2,54.272,27.136,54.272,27.136,0.0003339585723874066,0.9744615408755732,0.0,0.0
267,Device,Conv2DBackpropInput,gradient_tape/mobilenetv2_1.00_256/block_6_project/Conv2D/Conv2DBackpropInput,2,54.272,27.136,54.272,27.136,0.0003339585723874066,0.9747954994479606,0.0,0.0
268,Device,FusedBatchNormGradV3,gradient_tape/mobilenetv2_1.00_256/block_14_depthwise_BN/FusedBatchNormGradV3,2,52.225,26.1125,52.225,26.1125,0.00032136251553162423,0.9751168619634922,0.0,0.0
269,Device,FusedBatchNormGradV3,gradient_tape/mobilenetv2_1.00_256/block_16_depthwise_BN/FusedBatchNormGradV3,2,52.225,26.1125,52.225,26.1125,0.00032136251553162423,0.9754382244790238,0.0,0.0
270,Device,FusedBatchNormGradV3,gradient_tape/mobilenetv2_1.00_256/block_14_expand_BN/FusedBatchNormGradV3,2,52.224,26.112,52.224,26.112,0.00032135636210863655,0.9757595808411325,0.0,0.0
271,Device,FusedBatchNormGradV3,gradient_tape/mobilenetv2_1.00_256/block_15_depthwise_BN/FusedBatchNormGradV3,2,52.224,26.112,52.224,26.112,0.00032135636210863655,0.9760809372032411,0.0,0.0
272,Device,FusedBatchNormV3,mobilenetv2_1.00_256/block_9_expand_BN/FusedBatchNormV3,4,52.224,13.056,52.224,13.056,0.00032135636210863655,0.9764022935653497,0.0,0.0
273,Device,FusedBatchNormGradV3,gradient_tape/mobilenetv2_1.00_256/block_15_expand_BN/FusedBatchNormGradV3,2,51.2,25.6,51.2,25.6,0.00031505525696925155,0.976717348822319,0.0,0.0
274,Device,FusedBatchNormV3,mobilenetv2_1.00_256/block_8_expand_BN/FusedBatchNormV3,4,51.2,12.8,51.2,12.8,0.00031505525696925155,0.9770324040792883,0.0,0.0
275,Device,FusedBatchNormV3,mobilenetv2_1.00_256/block_7_expand_BN/FusedBatchNormV3,4,50.176,12.544,50.176,12.544,0.0003087541518298665,0.9773411582311181,0.0,0.0
276,Device,DepthwiseConv2dNativeBackpropFilter,gradient_tape/mobilenetv2_1.00_256/block_16_depthwise/depthwise/DepthwiseConv2dNativeBackpropFilter,2,49.152,24.576,49.152,24.576,0.00030245304669048145,0.9776436112778086,0.0,0.0
277,Device,FusedBatchNormV3,mobilenetv2_1.00_256/block_10_expand_BN/FusedBatchNormV3,4,49.152,12.288,49.152,12.288,0.00030245304669048145,0.9779460643244992,0.0,0.0
278,Device,DepthwiseConv2dNativeBackpropFilter,gradient_tape/mobilenetv2_1.00_256/block_15_depthwise/depthwise/DepthwiseConv2dNativeBackpropFilter,2,47.104,23.552,47.104,23.552,0.0002898508364117114,0.9782359151609109,0.0,0.0
279,Device,Relu6Grad,gradient_tape/mobilenetv2_1.00_256/block_16_depthwise_relu/Relu6/Relu6Grad,2,47.104,23.552,47.104,23.552,0.0002898508364117114,0.9785257659973227,0.0,0.0
280,Device,FusedBatchNormV3,mobilenetv2_1.00_256/block_14_depthwise_BN/FusedBatchNormV3,4,47.104,11.776,47.104,11.776,0.0002898508364117114,0.9788156168337344,0.0,0.0
281,Device,DepthwiseConv2dNativeBackpropFilter,gradient_tape/mobilenetv2_1.00_256/block_14_depthwise/depthwise/DepthwiseConv2dNativeBackpropFilter,2,46.081,23.0405,46.081,23.0405,0.0002835558846953141,0.9790991727184297,0.0,0.0
282,Device,Relu6Grad,gradient_tape/mobilenetv2_1.00_256/block_15_expand_relu/Relu6/Relu6Grad,2,45.056,22.528,45.056,22.528,0.0002772486261329413,0.9793764213445627,0.0,0.0
283,Device,Conv2D,mobilenetv2_1.00_256/block_6_project/Conv2D,2,45.056,22.528,45.056,22.528,0.0002772486261329413,0.9796536699706957,0.0,0.0
284,Device,Relu6Grad,gradient_tape/mobilenetv2_1.00_256/block_14_expand_relu/Relu6/Relu6Grad,2,44.032,22.016,44.032,22.016,0.0002709475209935563,0.9799246174916892,0.0,0.0
285,Device,FusedBatchNormV3,mobilenetv2_1.00_256/block_15_depthwise_BN/FusedBatchNormV3,4,44.032,11.008,44.032,11.008,0.0002709475209935563,0.9801955650126828,0.0,0.0
286,Device,FusedBatchNormV3,mobilenetv2_1.00_256/block_16_depthwise_BN/FusedBatchNormV3,4,44.032,11.008,44.032,11.008,0.0002709475209935563,0.9804665125336763,0.0,0.0
287,Device,Relu6Grad,gradient_tape/mobilenetv2_1.00_256/block_14_depthwise_relu/Relu6/Relu6Grad,2,43.008,21.504,43.008,21.504,0.0002646464158541713,0.9807311589495306,0.0,0.0
288,Device,Relu6Grad,gradient_tape/mobilenetv2_1.00_256/block_16_expand_relu/Relu6/Relu6Grad,2,43.008,21.504,43.008,21.504,0.0002646464158541713,0.9809958053653848,0.0,0.0
289,Device,MatMul,mobilenetv2_1.00_256/predictions/MatMul,2,43.008,21.504,43.008,21.504,0.0002646464158541713,0.981260451781239,0.0,0.0
290,Device,Relu6Grad,gradient_tape/mobilenetv2_1.00_256/block_15_depthwise_relu/Relu6/Relu6Grad,2,40.961,20.4805,40.961,20.4805,0.0002520503589983889,0.9815125021402373,0.0,0.0
291,Device,MatMul,gradient_tape/mobilenetv2_1.00_256/predictions/MatMul/MatMul,2,39.937,19.9685,39.937,19.9685,0.0002457492538590038,0.9817582513940963,0.0,0.0
292,Device,FusedBatchNormGradV3,gradient_tape/mobilenetv2_1.00_256/block_6_depthwise_BN/FusedBatchNormGradV3,2,39.936,19.968,39.936,19.968,0.0002457431004360162,0.9820039944945324,0.0,0.0
293,Device,FusedBatchNormV3,mobilenetv2_1.00_256/block_14_expand_BN/FusedBatchNormV3,4,39.936,9.984,39.936,9.984,0.0002457431004360162,0.9822497375949684,0.0,0.0
294,Device,FusedBatchNormGradV3,gradient_tape/mobilenetv2_1.00_256/block_3_project_BN/FusedBatchNormGradV3,2,38.913,19.4565,38.913,19.4565,0.00023944814871961883,0.9824891857436879,0.0,0.0
295,Device,Relu6,mobilenetv2_1.00_256/block_10_expand_relu/Relu6,2,38.912,19.456,38.912,19.456,0.00023944199529663115,0.9827286277389846,0.0,0.0
296,Device,FusedBatchNormV3,mobilenetv2_1.00_256/block_15_expand_BN/FusedBatchNormV3,4,38.912,9.728,38.912,9.728,0.00023944199529663115,0.9829680697342813,0.0,0.0
297,Device,Relu6,mobilenetv2_1.00_256/block_10_depthwise_relu/Relu6,2,37.888,18.944,37.888,18.944,0.00023314089015724613,0.9832012106244385,0.0,0.0
298,Device,FusedBatchNormV3,mobilenetv2_1.00_256/block_16_expand_BN/FusedBatchNormV3,4,37.888,9.472,37.888,9.472,0.00023314089015724613,0.9834343515145958,0.0,0.0
299,Device,Relu6,mobilenetv2_1.00_256/block_7_depthwise_relu/Relu6,2,37.888,18.944,37.888,18.944,0.00023314089015724613,0.983667492404753,0.0,0.0
300,Device,Relu6,mobilenetv2_1.00_256/block_7_expand_relu/Relu6,2,37.888,18.944,37.888,18.944,0.00023314089015724613,0.9839006332949103,0.0,0.0
301,Device,Relu6,mobilenetv2_1.00_256/block_8_expand_relu/Relu6,2,37.888,18.944,37.888,18.944,0.00023314089015724613,0.9841337741850675,0.0,0.0
302,Device,FusedBatchNormGradV3,gradient_tape/mobilenetv2_1.00_256/block_4_project_BN/FusedBatchNormGradV3,2,36.865,18.4325,36.865,18.4325,0.00022684593844084878,0.9843606201235083,0.0,0.0
303,Device,Relu6,mobilenetv2_1.00_256/block_8_depthwise_relu/Relu6,2,35.84,17.92,35.84,17.92,0.00022053867987847608,0.9845811588033868,0.0,0.0
304,Device,FusedBatchNormGradV3,gradient_tape/mobilenetv2_1.00_256/block_5_project_BN/FusedBatchNormGradV3,2,34.816,17.408,34.816,17.408,0.00021423757473909105,0.9847953963781259,0.0,0.0
305,Device,Relu6,mobilenetv2_1.00_256/block_9_depthwise_relu/Relu6,2,34.816,17.408,34.816,17.408,0.00021423757473909105,0.9850096339528649,0.0,0.0
306,Device,Relu6,mobilenetv2_1.00_256/block_9_expand_relu/Relu6,2,34.816,17.408,34.816,17.408,0.00021423757473909105,0.9852238715276039,0.0,0.0
307,Device,FusedBatchNormGradV3,gradient_tape/mobilenetv2_1.00_256/block_13_depthwise_BN/FusedBatchNormGradV3,2,32.768,16.384,32.768,16.384,0.00020163536446032098,0.9854255068920642,0.0,0.0
308,Device,FusedBatchNormV3,mobilenetv2_1.00_256/block_13_depthwise_BN/FusedBatchNormV3,4,30.72,7.68,30.72,7.68,0.0001890331541815509,0.9856145400462457,0.0,0.0
309,Device,DepthwiseConv2dNative,mobilenetv2_1.00_256/block_14_depthwise/depthwise,2,30.72,15.36,30.72,15.36,0.0001890331541815509,0.9858035732004272,0.0,0.0
310,Device,DepthwiseConv2dNative,mobilenetv2_1.00_256/block_15_depthwise/depthwise,2,30.72,15.36,30.72,15.36,0.0001890331541815509,0.9859926063546087,0.0,0.0
311,Device,Transpose,gradient_tape/mobilenetv2_1.00_256/out_relu/Relu6/Relu6Grad-0-TransposeNHWCToNCHW-LayoutOptimizer,2,29.696,14.848,29.696,14.848,0.0001827320490421659,0.9861753384036509,0.0,0.0
312,Device,DepthwiseConv2dNative,mobilenetv2_1.00_256/block_16_depthwise/depthwise,2,28.673,14.3365,28.673,14.3365,0.00017643709732576853,0.9863517755009766,0.0,0.0
313,Device,Tile,gradient_tape/mobilenetv2_1.00_256/global_average_pooling2d/Tile,2,27.648,13.824,27.648,13.824,0.00017012983876339583,0.98652190533974,0.0,0.0
314,Device,FusedBatchNormV3,mobilenetv2_1.00_256/block_6_depthwise_BN/FusedBatchNormV3,4,27.648,6.912,27.648,6.912,0.00017012983876339583,0.9866920351785035,0.0,0.0
315,Device,ResourceApplyGradientDescent,SGD/SGD/update_153/ResourceApplyGradientDescent,2,26.625,13.3125,26.625,13.3125,0.00016383488704699848,0.9868558700655504,0.0,0.0
316,Device,FusedBatchNormV3,mobilenetv2_1.00_256/block_3_project_BN/FusedBatchNormV3,4,26.624,6.656,26.624,6.656,0.00016382873362401077,0.9870196987991744,0.0,0.0
317,Device,Softmax,mobilenetv2_1.00_256/predictions/Softmax,2,26.624,13.312,26.624,13.312,0.00016382873362401077,0.9871835275327984,0.0,0.0
318,Device,Relu6,mobilenetv2_1.00_256/out_relu/Relu6,2,24.578,12.289,24.578,12.289,0.00015123883019121608,0.9873347663629896,0.0,0.0
319,Device,FusedBatchNormV3,mobilenetv2_1.00_256/block_4_project_BN/FusedBatchNormV3,4,24.576,6.144,24.576,6.144,0.00015122652334524072,0.9874859928863348,0.0,0.0
320,Device,FusedBatchNormV3,mobilenetv2_1.00_256/block_5_project_BN/FusedBatchNormV3,4,24.576,6.144,24.576,6.144,0.00015122652334524072,0.98763721940968,0.0,0.0
321,Device,ResourceApplyGradientDescent,SGD/SGD/update_150/ResourceApplyGradientDescent,2,23.552,11.776,23.552,11.776,0.0001449254182058557,0.9877821448278858,0.0,0.0
322,Device,FusedBatchNormGradV3,gradient_tape/mobilenetv2_1.00_256/block_16_project_BN/FusedBatchNormGradV3,2,22.528,11.264,22.528,11.264,0.00013862431306647065,0.9879207691409523,0.0,0.0
323,Device,Relu6Grad,gradient_tape/mobilenetv2_1.00_256/block_6_depthwise_relu/Relu6/Relu6Grad,2,22.528,11.264,22.528,11.264,0.00013862431306647065,0.9880593934540187,0.0,0.0
324,Device,MatMul,gradient_tape/mobilenetv2_1.00_256/predictions/MatMul/MatMul_1,2,21.504,10.752,21.504,10.752,0.00013232320792708565,0.9881917166619458,0.0,0.0
325,Device,FusedBatchNormV3,mobilenetv2_1.00_256/block_16_project_BN/FusedBatchNormV3,4,21.504,5.376,21.504,5.376,0.00013232320792708565,0.9883240398698729,0.0,0.0
326,Device,Relu6Grad,gradient_tape/mobilenetv2_1.00_256/block_13_depthwise_relu/Relu6/Relu6Grad,2,20.48,10.24,20.48,10.24,0.0001260221027877006,0.9884500619726606,0.0,0.0
327,Device,FusedBatchNormGradV3,gradient_tape/mobilenetv2_1.00_256/block_9_project_BN/FusedBatchNormGradV3,2,20.48,10.24,20.48,10.24,0.0001260221027877006,0.9885760840754483,0.0,0.0
328,Device,FusedBatchNormV3,mobilenetv2_1.00_256/block_10_project_BN/FusedBatchNormV3,4,19.456,4.864,19.456,4.864,0.00011972099764831558,0.9886958050730966,0.0,0.0
329,Device,FusedBatchNormGradV3,gradient_tape/mobilenetv2_1.00_256/block_10_project_BN/FusedBatchNormGradV3,2,18.433,9.2165,18.433,9.2165,0.00011342604593191823,0.9888092311190285,0.0,0.0
330,Device,AddN,SGD/gradients/AddN_8,2,18.432,9.216,18.432,9.216,0.00011341989250893054,0.9889226510115374,0.0,0.0
331,Device,FusedBatchNormGradV3,gradient_tape/mobilenetv2_1.00_256/block_12_project_BN/FusedBatchNormGradV3,2,18.432,9.216,18.432,9.216,0.00011341989250893054,0.9890360709040463,0.0,0.0
332,Device,FusedBatchNormV3,mobilenetv2_1.00_256/block_11_project_BN/FusedBatchNormV3,4,18.432,4.608,18.432,4.608,0.00011341989250893054,0.9891494907965552,0.0,0.0
333,Device,FusedBatchNormV3,mobilenetv2_1.00_256/block_12_project_BN/FusedBatchNormV3,4,18.432,4.608,18.432,4.608,0.00011341989250893054,0.9892629106890641,0.0,0.0
334,Device,FusedBatchNormV3,mobilenetv2_1.00_256/block_6_project_BN/FusedBatchNormV3,4,18.432,4.608,18.432,4.608,0.00011341989250893054,0.989376330581573,0.0,0.0
335,Device,FusedBatchNormV3,mobilenetv2_1.00_256/block_7_project_BN/FusedBatchNormV3,4,18.432,4.608,18.432,4.608,0.00011341989250893054,0.9894897504740819,0.0,0.0
336,Device,FusedBatchNormV3,mobilenetv2_1.00_256/block_8_project_BN/FusedBatchNormV3,4,18.432,4.608,18.432,4.608,0.00011341989250893054,0.9896031703665908,0.0,0.0
337,Device,FusedBatchNormGradV3,gradient_tape/mobilenetv2_1.00_256/block_11_project_BN/FusedBatchNormGradV3,2,17.408,8.704,17.408,8.704,0.00010711878736954553,0.9897102891539604,0.0,0.0
338,Device,Mul,gradient_tape/mobilenetv2_1.00_256/global_average_pooling2d/truediv,2,17.408,8.704,17.408,8.704,0.00010711878736954553,0.98981740794133,0.0,0.0
339,Device,FusedBatchNormV3,mobilenetv2_1.00_256/block_9_project_BN/FusedBatchNormV3,4,17.408,4.352,17.408,4.352,0.00010711878736954553,0.9899245267286996,0.0,0.0
340,Device,FusedBatchNormGradV3,gradient_tape/mobilenetv2_1.00_256/block_7_project_BN/FusedBatchNormGradV3,2,16.384,8.192,16.384,8.192,0.00010081768223016049,0.9900253444109297,0.0,0.0
341,Device,Relu6,mobilenetv2_1.00_256/block_14_expand_relu/Relu6,2,16.384,8.192,16.384,8.192,0.00010081768223016049,0.9901261620931598,0.0,0.0
342,Device,Relu6,mobilenetv2_1.00_256/block_15_depthwise_relu/Relu6,2,16.384,8.192,16.384,8.192,0.00010081768223016049,0.99022697977539,0.0,0.0
343,Device,Relu6,mobilenetv2_1.00_256/block_16_depthwise_relu/Relu6,2,16.384,8.192,16.384,8.192,0.00010081768223016049,0.9903277974576201,0.0,0.0
344,Device,AddV2,mobilenetv2_1.00_256/block_4_add/add,2,16.384,8.192,16.384,8.192,0.00010081768223016049,0.9904286151398503,0.0,0.0
345,Device,Mean,mobilenetv2_1.00_256/global_average_pooling2d/Mean,2,16.384,8.192,16.384,8.192,0.00010081768223016049,0.9905294328220804,0.0,0.0
346,Device,FusedBatchNormGradV3,gradient_tape/mobilenetv2_1.00_256/block_6_project_BN/FusedBatchNormGradV3,2,15.36,7.68,15.36,7.68,9.451657709077545e-05,0.9906239493991712,0.0,0.0
347,Device,FusedBatchNormGradV3,gradient_tape/mobilenetv2_1.00_256/block_8_project_BN/FusedBatchNormGradV3,2,15.36,7.68,15.36,7.68,9.451657709077545e-05,0.990718465976262,0.0,0.0
348,Device,Relu6,mobilenetv2_1.00_256/block_14_depthwise_relu/Relu6,2,15.36,7.68,15.36,7.68,9.451657709077545e-05,0.9908129825533528,0.0,0.0
349,Device,FusedBatchNormV3,mobilenetv2_1.00_256/block_14_project_BN/FusedBatchNormV3,4,15.36,3.84,15.36,3.84,9.451657709077545e-05,0.9909074991304436,0.0,0.0
350,Device,Relu6,mobilenetv2_1.00_256/block_15_expand_relu/Relu6,2,15.36,7.68,15.36,7.68,9.451657709077545e-05,0.9910020157075344,0.0,0.0
351,Device,Relu6,mobilenetv2_1.00_256/block_16_expand_relu/Relu6,2,15.36,7.68,15.36,7.68,9.451657709077545e-05,0.9910965322846252,0.0,0.0
352,Device,AddV2,mobilenetv2_1.00_256/block_5_add/add,2,15.36,7.68,15.36,7.68,9.451657709077545e-05,0.991191048861716,0.0,0.0
353,Device,ResourceApplyGradientDescent,SGD/SGD/update_144/ResourceApplyGradientDescent,2,14.336,7.168,14.336,7.168,8.821547195139043e-05,0.9912792643336674,0.0,0.0
354,Device,AddN,SGD/gradients/AddN_7,2,14.336,7.168,14.336,7.168,8.821547195139043e-05,0.9913674798056188,0.0,0.0
355,Device,FusedBatchNormGradV3,gradient_tape/mobilenetv2_1.00_256/block_13_project_BN/FusedBatchNormGradV3,2,14.336,7.168,14.336,7.168,8.821547195139043e-05,0.9914556952775702,0.0,0.0
356,Device,AddV2,mobilenetv2_1.00_256/block_11_add/add,2,14.336,7.168,14.336,7.168,8.821547195139043e-05,0.9915439107495215,0.0,0.0
357,Device,FusedBatchNormV3,mobilenetv2_1.00_256/block_13_project_BN/FusedBatchNormV3,4,14.336,3.584,14.336,3.584,8.821547195139043e-05,0.9916321262214729,0.0,0.0
358,Device,FusedBatchNormV3,mobilenetv2_1.00_256/block_15_project_BN/FusedBatchNormV3,4,14.336,3.584,14.336,3.584,8.821547195139043e-05,0.9917203416934243,0.0,0.0
359,Device,ResourceApplyGradientDescent,SGD/SGD/update_126/ResourceApplyGradientDescent,2,13.312,6.656,13.312,6.656,8.191436681200539e-05,0.9918022560602363,0.0,0.0
360,Device,ResourceApplyGradientDescent,SGD/SGD/update_135/ResourceApplyGradientDescent,2,13.312,6.656,13.312,6.656,8.191436681200539e-05,0.9918841704270484,0.0,0.0
361,Device,AddN,SGD/gradients/AddN_3,2,13.312,6.656,13.312,6.656,8.191436681200539e-05,0.9919660847938604,0.0,0.0
362,Device,FusedBatchNormGradV3,gradient_tape/mobilenetv2_1.00_256/block_15_project_BN/FusedBatchNormGradV3,2,13.312,6.656,13.312,6.656,8.191436681200539e-05,0.9920479991606724,0.0,0.0
363,Device,AddV2,mobilenetv2_1.00_256/block_12_add/add,2,13.312,6.656,13.312,6.656,8.191436681200539e-05,0.9921299135274845,0.0,0.0
364,Device,_Recv,IteratorGetNext/_4,2,12.288,6.144,12.288,6.144,7.561326167262036e-05,0.9922055267891571,0.0,0.0
365,Device,AddN,SGD/gradients/AddN_2,2,12.288,6.144,12.288,6.144,7.561326167262036e-05,0.9922811400508297,0.0,0.0
366,Device,FusedBatchNormGradV3,gradient_tape/mobilenetv2_1.00_256/block_14_project_BN/FusedBatchNormGradV3,2,12.288,6.144,12.288,6.144,7.561326167262036e-05,0.9923567533125023,0.0,0.0
367,Device,AddV2,mobilenetv2_1.00_256/block_8_add/add,2,12.288,6.144,12.288,6.144,7.561326167262036e-05,0.9924323665741749,0.0,0.0
368,Device,AddV2,mobilenetv2_1.00_256/block_9_add/add,2,12.288,6.144,12.288,6.144,7.561326167262036e-05,0.9925079798358475,0.0,0.0
369,Device,ResourceApplyGradientDescent,SGD/SGD/update_141/ResourceApplyGradientDescent,2,11.264,5.632,11.264,5.632,6.931215653323532e-05,0.9925772919923808,0.0,0.0
370,Device,ResourceApplyGradientDescent,SGD/SGD/update_132/ResourceApplyGradientDescent,2,10.24,5.12,10.24,5.12,6.30110513938503e-05,0.9926403030437746,0.0,0.0
371,Device,AddN,SGD/gradients/AddN,2,10.24,5.12,10.24,5.12,6.30110513938503e-05,0.9927033140951684,0.0,0.0
372,Device,AddN,SGD/gradients/AddN_1,2,10.24,5.12,10.24,5.12,6.30110513938503e-05,0.9927663251465623,0.0,0.0
373,Device,AddN,SGD/gradients/AddN_4,2,10.24,5.12,10.24,5.12,6.30110513938503e-05,0.9928293361979561,0.0,0.0
374,Device,AddN,SGD/gradients/AddN_5,2,10.24,5.12,10.24,5.12,6.30110513938503e-05,0.9928923472493499,0.0,0.0
375,Device,AddN,SGD/gradients/AddN_6,2,10.24,5.12,10.24,5.12,6.30110513938503e-05,0.9929553583007438,0.0,0.0
376,Device,AddV2,mobilenetv2_1.00_256/block_14_add/add,2,10.24,5.12,10.24,5.12,6.30110513938503e-05,0.9930183693521376,0.0,0.0
377,Device,AddV2,mobilenetv2_1.00_256/block_15_add/add,2,10.24,5.12,10.24,5.12,6.30110513938503e-05,0.9930813804035314,0.0,0.0
378,Device,Relu6,mobilenetv2_1.00_256/block_6_depthwise_relu/Relu6,2,10.24,5.12,10.24,5.12,6.30110513938503e-05,0.9931443914549253,0.0,0.0
379,Device,AddV2,mobilenetv2_1.00_256/block_7_add/add,2,10.24,5.12,10.24,5.12,6.30110513938503e-05,0.9932074025063191,0.0,0.0
380,Device,Relu6,mobilenetv2_1.00_256/block_13_depthwise_relu/Relu6,2,9.216,4.608,9.216,4.608,5.670994625446527e-05,0.9932641124525736,0.0,0.0
381,Device,ResourceApplyGradientDescent,SGD/SGD/update_105/ResourceApplyGradientDescent,2,8.192,4.096,8.192,4.096,5.0408841115080244e-05,0.9933145212936887,0.0,0.0
382,Device,ResourceApplyGradientDescent,SGD/SGD/update_108/ResourceApplyGradientDescent,2,8.192,4.096,8.192,4.096,5.0408841115080244e-05,0.9933649301348038,0.0,0.0
383,Device,ResourceApplyGradientDescent,SGD/SGD/update_114/ResourceApplyGradientDescent,2,8.192,4.096,8.192,4.096,5.0408841115080244e-05,0.9934153389759188,0.0,0.0
384,Device,ResourceApplyGradientDescent,SGD/SGD/update_117/ResourceApplyGradientDescent,2,8.192,4.096,8.192,4.096,5.0408841115080244e-05,0.9934657478170339,0.0,0.0
385,Device,ResourceApplyGradientDescent,SGD/SGD/update_120/ResourceApplyGradientDescent,2,8.192,4.096,8.192,4.096,5.0408841115080244e-05,0.993516156658149,0.0,0.0
386,Device,ResourceApplyGradientDescent,SGD/SGD/update_147/ResourceApplyGradientDescent,2,8.192,4.096,8.192,4.096,5.0408841115080244e-05,0.993566565499264,0.0,0.0
387,Device,ResourceApplyGradientDescent,SGD/SGD/update_149/ResourceApplyGradientDescent,2,8.192,4.096,8.192,4.096,5.0408841115080244e-05,0.9936169743403791,0.0,0.0
388,Device,ResourceApplyGradientDescent,SGD/SGD/update_36/ResourceApplyGradientDescent,2,8.192,4.096,8.192,4.096,5.0408841115080244e-05,0.9936673831814942,0.0,0.0
389,Device,ResourceApplyGradientDescent,SGD/SGD/update_42/ResourceApplyGradientDescent,2,8.192,4.096,8.192,4.096,5.0408841115080244e-05,0.9937177920226092,0.0,0.0
390,Device,ResourceApplyGradientDescent,SGD/SGD/update_51/ResourceApplyGradientDescent,2,8.192,4.096,8.192,4.096,5.0408841115080244e-05,0.9937682008637243,0.0,0.0
391,Device,ResourceApplyGradientDescent,SGD/SGD/update_54/ResourceApplyGradientDescent,2,8.192,4.096,8.192,4.096,5.0408841115080244e-05,0.9938186097048394,0.0,0.0
392,Device,ResourceApplyGradientDescent,SGD/SGD/update_63/ResourceApplyGradientDescent,2,8.192,4.096,8.192,4.096,5.0408841115080244e-05,0.9938690185459544,0.0,0.0
393,Device,ResourceApplyGradientDescent,SGD/SGD/update_69/ResourceApplyGradientDescent,2,8.192,4.096,8.192,4.096,5.0408841115080244e-05,0.9939194273870695,0.0,0.0
394,Device,ResourceApplyGradientDescent,SGD/SGD/update_78/ResourceApplyGradientDescent,2,8.192,4.096,8.192,4.096,5.0408841115080244e-05,0.9939698362281846,0.0,0.0
395,Device,ResourceApplyGradientDescent,SGD/SGD/update_81/ResourceApplyGradientDescent,2,8.192,4.096,8.192,4.096,5.0408841115080244e-05,0.9940202450692996,0.0,0.0
396,Device,ResourceApplyGradientDescent,SGD/SGD/update_87/ResourceApplyGradientDescent,2,8.192,4.096,8.192,4.096,5.0408841115080244e-05,0.9940706539104147,0.0,0.0
397,Device,ResourceApplyGradientDescent,SGD/SGD/update_9/ResourceApplyGradientDescent,2,8.192,4.096,8.192,4.096,5.0408841115080244e-05,0.9941210627515298,0.0,0.0
398,Device,ResourceApplyGradientDescent,SGD/SGD/update_90/ResourceApplyGradientDescent,2,8.192,4.096,8.192,4.096,5.0408841115080244e-05,0.9941714715926449,0.0,0.0
399,Device,ResourceApplyGradientDescent,SGD/SGD/update_96/ResourceApplyGradientDescent,2,8.192,4.096,8.192,4.096,5.0408841115080244e-05,0.9942218804337599,0.0,0.0
400,Device,ResourceApplyGradientDescent,SGD/SGD/update_99/ResourceApplyGradientDescent,2,8.192,4.096,8.192,4.096,5.0408841115080244e-05,0.994272289274875,0.0,0.0
401,Device,AssignAddVariableOp,AssignAddVariableOp_4,2,7.168,3.584,7.168,3.584,4.410773597569521e-05,0.9943163970108507,0.0,0.0
402,Device,ResourceApplyGradientDescent,SGD/SGD/update_1/ResourceApplyGradientDescent,2,7.168,3.584,7.168,3.584,4.410773597569521e-05,0.9943605047468265,0.0,0.0
403,Device,ResourceApplyGradientDescent,SGD/SGD/update_10/ResourceApplyGradientDescent,2,7.168,3.584,7.168,3.584,4.410773597569521e-05,0.9944046124828022,0.0,0.0
404,Device,ResourceApplyGradientDescent,SGD/SGD/update_100/ResourceApplyGradientDescent,2,7.168,3.584,7.168,3.584,4.410773597569521e-05,0.994448720218778,0.0,0.0
405,Device,ResourceApplyGradientDescent,SGD/SGD/update_101/ResourceApplyGradientDescent,2,7.168,3.584,7.168,3.584,4.410773597569521e-05,0.9944928279547537,0.0,0.0
406,Device,ResourceApplyGradientDescent,SGD/SGD/update_102/ResourceApplyGradientDescent,2,7.168,3.584,7.168,3.584,4.410773597569521e-05,0.9945369356907294,0.0,0.0
407,Device,ResourceApplyGradientDescent,SGD/SGD/update_109/ResourceApplyGradientDescent,2,7.168,3.584,7.168,3.584,4.410773597569521e-05,0.9945810434267052,0.0,0.0
408,Device,ResourceApplyGradientDescent,SGD/SGD/update_121/ResourceApplyGradientDescent,2,7.168,3.584,7.168,3.584,4.410773597569521e-05,0.9946251511626809,0.0,0.0
409,Device,ResourceApplyGradientDescent,SGD/SGD/update_123/ResourceApplyGradientDescent,2,7.168,3.584,7.168,3.584,4.410773597569521e-05,0.9946692588986566,0.0,0.0
410,Device,ResourceApplyGradientDescent,SGD/SGD/update_127/ResourceApplyGradientDescent,2,7.168,3.584,7.168,3.584,4.410773597569521e-05,0.9947133666346324,0.0,0.0
411,Device,ResourceApplyGradientDescent,SGD/SGD/update_128/ResourceApplyGradientDescent,2,7.168,3.584,7.168,3.584,4.410773597569521e-05,0.9947574743706081,0.0,0.0
412,Device,ResourceApplyGradientDescent,SGD/SGD/update_136/ResourceApplyGradientDescent,2,7.168,3.584,7.168,3.584,4.410773597569521e-05,0.9948015821065839,0.0,0.0
413,Device,ResourceApplyGradientDescent,SGD/SGD/update_138/ResourceApplyGradientDescent,2,7.168,3.584,7.168,3.584,4.410773597569521e-05,0.9948456898425596,0.0,0.0
414,Device,ResourceApplyGradientDescent,SGD/SGD/update_139/ResourceApplyGradientDescent,2,7.168,3.584,7.168,3.584,4.410773597569521e-05,0.9948897975785354,0.0,0.0
415,Device,ResourceApplyGradientDescent,SGD/SGD/update_15/ResourceApplyGradientDescent,2,7.168,3.584,7.168,3.584,4.410773597569521e-05,0.9949339053145111,0.0,0.0
416,Device,ResourceApplyGradientDescent,SGD/SGD/update_157/ResourceApplyGradientDescent,2,7.168,3.584,7.168,3.584,4.410773597569521e-05,0.9949780130504868,0.0,0.0
417,Device,ResourceApplyGradientDescent,SGD/SGD/update_18/ResourceApplyGradientDescent,2,7.168,3.584,7.168,3.584,4.410773597569521e-05,0.9950221207864626,0.0,0.0
418,Device,ResourceApplyGradientDescent,SGD/SGD/update_19/ResourceApplyGradientDescent,2,7.168,3.584,7.168,3.584,4.410773597569521e-05,0.9950662285224383,0.0,0.0
419,Device,ResourceApplyGradientDescent,SGD/SGD/update_24/ResourceApplyGradientDescent,2,7.168,3.584,7.168,3.584,4.410773597569521e-05,0.995110336258414,0.0,0.0
420,Device,ResourceApplyGradientDescent,SGD/SGD/update_25/ResourceApplyGradientDescent,2,7.168,3.584,7.168,3.584,4.410773597569521e-05,0.9951544439943898,0.0,0.0
421,Device,ResourceApplyGradientDescent,SGD/SGD/update_27/ResourceApplyGradientDescent,2,7.168,3.584,7.168,3.584,4.410773597569521e-05,0.9951985517303655,0.0,0.0
422,Device,ResourceApplyGradientDescent,SGD/SGD/update_28/ResourceApplyGradientDescent,2,7.168,3.584,7.168,3.584,4.410773597569521e-05,0.9952426594663413,0.0,0.0
423,Device,ResourceApplyGradientDescent,SGD/SGD/update_33/ResourceApplyGradientDescent,2,7.168,3.584,7.168,3.584,4.410773597569521e-05,0.995286767202317,0.0,0.0
424,Device,ResourceApplyGradientDescent,SGD/SGD/update_35/ResourceApplyGradientDescent,2,7.168,3.584,7.168,3.584,4.410773597569521e-05,0.9953308749382928,0.0,0.0
425,Device,ResourceApplyGradientDescent,SGD/SGD/update_37/ResourceApplyGradientDescent,2,7.168,3.584,7.168,3.584,4.410773597569521e-05,0.9953749826742685,0.0,0.0
426,Device,ResourceApplyGradientDescent,SGD/SGD/update_45/ResourceApplyGradientDescent,2,7.168,3.584,7.168,3.584,4.410773597569521e-05,0.9954190904102442,0.0,0.0
427,Device,ResourceApplyGradientDescent,SGD/SGD/update_50/ResourceApplyGradientDescent,2,7.168,3.584,7.168,3.584,4.410773597569521e-05,0.99546319814622,0.0,0.0
428,Device,ResourceApplyGradientDescent,SGD/SGD/update_68/ResourceApplyGradientDescent,2,7.168,3.584,7.168,3.584,4.410773597569521e-05,0.9955073058821957,0.0,0.0
429,Device,ResourceApplyGradientDescent,SGD/SGD/update_72/ResourceApplyGradientDescent,2,7.168,3.584,7.168,3.584,4.410773597569521e-05,0.9955514136181715,0.0,0.0
430,Device,ResourceApplyGradientDescent,SGD/SGD/update_75/ResourceApplyGradientDescent,2,7.168,3.584,7.168,3.584,4.410773597569521e-05,0.9955955213541472,0.0,0.0
431,Device,ResourceApplyGradientDescent,SGD/SGD/update_79/ResourceApplyGradientDescent,2,7.168,3.584,7.168,3.584,4.410773597569521e-05,0.9956396290901229,0.0,0.0
432,Device,ResourceApplyGradientDescent,SGD/SGD/update_8/ResourceApplyGradientDescent,2,7.168,3.584,7.168,3.584,4.410773597569521e-05,0.9956837368260987,0.0,0.0
433,Device,ResourceApplyGradientDescent,SGD/SGD/update_84/ResourceApplyGradientDescent,2,7.168,3.584,7.168,3.584,4.410773597569521e-05,0.9957278445620744,0.0,0.0
434,Device,ResourceApplyGradientDescent,SGD/SGD/update_93/ResourceApplyGradientDescent,2,7.168,3.584,7.168,3.584,4.410773597569521e-05,0.9957719522980502,0.0,0.0
435,Device,AssignAddVariableOp,AssignAddVariableOp_2,2,6.144,3.072,6.144,3.072,3.780663083631018e-05,0.9958097589288865,0.0,0.0
436,Device,Mul,Mul,2,6.144,3.072,6.144,3.072,3.780663083631018e-05,0.9958475655597228,0.0,0.0
437,Device,AssignAddVariableOp,SGD/SGD/AssignAddVariableOp,2,6.144,3.072,6.144,3.072,3.780663083631018e-05,0.9958853721905591,0.0,0.0
438,Device,ResourceApplyGradientDescent,SGD/SGD/update/ResourceApplyGradientDescent,2,6.144,3.072,6.144,3.072,3.780663083631018e-05,0.9959231788213954,0.0,0.0
439,Device,ResourceApplyGradientDescent,SGD/SGD/update_103/ResourceApplyGradientDescent,2,6.144,3.072,6.144,3.072,3.780663083631018e-05,0.9959609854522317,0.0,0.0
440,Device,ResourceApplyGradientDescent,SGD/SGD/update_104/ResourceApplyGradientDescent,2,6.144,3.072,6.144,3.072,3.780663083631018e-05,0.995998792083068,0.0,0.0
441,Device,ResourceApplyGradientDescent,SGD/SGD/update_106/ResourceApplyGradientDescent,2,6.144,3.072,6.144,3.072,3.780663083631018e-05,0.9960365987139043,0.0,0.0
442,Device,ResourceApplyGradientDescent,SGD/SGD/update_107/ResourceApplyGradientDescent,2,6.144,3.072,6.144,3.072,3.780663083631018e-05,0.9960744053447406,0.0,0.0
443,Device,ResourceApplyGradientDescent,SGD/SGD/update_11/ResourceApplyGradientDescent,2,6.144,3.072,6.144,3.072,3.780663083631018e-05,0.9961122119755769,0.0,0.0
444,Device,ResourceApplyGradientDescent,SGD/SGD/update_110/ResourceApplyGradientDescent,2,6.144,3.072,6.144,3.072,3.780663083631018e-05,0.9961500186064132,0.0,0.0
445,Device,ResourceApplyGradientDescent,SGD/SGD/update_111/ResourceApplyGradientDescent,2,6.144,3.072,6.144,3.072,3.780663083631018e-05,0.9961878252372495,0.0,0.0
446,Device,ResourceApplyGradientDescent,SGD/SGD/update_112/ResourceApplyGradientDescent,2,6.144,3.072,6.144,3.072,3.780663083631018e-05,0.9962256318680858,0.0,0.0
447,Device,ResourceApplyGradientDescent,SGD/SGD/update_113/ResourceApplyGradientDescent,2,6.144,3.072,6.144,3.072,3.780663083631018e-05,0.9962634384989221,0.0,0.0
448,Device,ResourceApplyGradientDescent,SGD/SGD/update_115/ResourceApplyGradientDescent,2,6.144,3.072,6.144,3.072,3.780663083631018e-05,0.9963012451297584,0.0,0.0
449,Device,ResourceApplyGradientDescent,SGD/SGD/update_116/ResourceApplyGradientDescent,2,6.144,3.072,6.144,3.072,3.780663083631018e-05,0.9963390517605947,0.0,0.0
450,Device,ResourceApplyGradientDescent,SGD/SGD/update_118/ResourceApplyGradientDescent,2,6.144,3.072,6.144,3.072,3.780663083631018e-05,0.996376858391431,0.0,0.0
451,Device,ResourceApplyGradientDescent,SGD/SGD/update_119/ResourceApplyGradientDescent,2,6.144,3.072,6.144,3.072,3.780663083631018e-05,0.9964146650222673,0.0,0.0
452,Device,ResourceApplyGradientDescent,SGD/SGD/update_12/ResourceApplyGradientDescent,2,6.144,3.072,6.144,3.072,3.780663083631018e-05,0.9964524716531036,0.0,0.0
453,Device,ResourceApplyGradientDescent,SGD/SGD/update_122/ResourceApplyGradientDescent,2,6.144,3.072,6.144,3.072,3.780663083631018e-05,0.9964902782839399,0.0,0.0
454,Device,ResourceApplyGradientDescent,SGD/SGD/update_124/ResourceApplyGradientDescent,2,6.144,3.072,6.144,3.072,3.780663083631018e-05,0.9965280849147762,0.0,0.0
455,Device,ResourceApplyGradientDescent,SGD/SGD/update_125/ResourceApplyGradientDescent,2,6.144,3.072,6.144,3.072,3.780663083631018e-05,0.9965658915456125,0.0,0.0
456,Device,ResourceApplyGradientDescent,SGD/SGD/update_129/ResourceApplyGradientDescent,2,6.144,3.072,6.144,3.072,3.780663083631018e-05,0.9966036981764488,0.0,0.0
457,Device,ResourceApplyGradientDescent,SGD/SGD/update_13/ResourceApplyGradientDescent,2,6.144,3.072,6.144,3.072,3.780663083631018e-05,0.9966415048072851,0.0,0.0
458,Device,ResourceApplyGradientDescent,SGD/SGD/update_130/ResourceApplyGradientDescent,2,6.144,3.072,6.144,3.072,3.780663083631018e-05,0.9966793114381214,0.0,0.0
459,Device,ResourceApplyGradientDescent,SGD/SGD/update_131/ResourceApplyGradientDescent,2,6.144,3.072,6.144,3.072,3.780663083631018e-05,0.9967171180689577,0.0,0.0
460,Device,ResourceApplyGradientDescent,SGD/SGD/update_133/ResourceApplyGradientDescent,2,6.144,3.072,6.144,3.072,3.780663083631018e-05,0.996754924699794,0.0,0.0
461,Device,ResourceApplyGradientDescent,SGD/SGD/update_137/ResourceApplyGradientDescent,2,6.144,3.072,6.144,3.072,3.780663083631018e-05,0.9967927313306303,0.0,0.0
462,Device,ResourceApplyGradientDescent,SGD/SGD/update_14/ResourceApplyGradientDescent,2,6.144,3.072,6.144,3.072,3.780663083631018e-05,0.9968305379614666,0.0,0.0
463,Device,ResourceApplyGradientDescent,SGD/SGD/update_140/ResourceApplyGradientDescent,2,6.144,3.072,6.144,3.072,3.780663083631018e-05,0.9968683445923029,0.0,0.0
464,Device,ResourceApplyGradientDescent,SGD/SGD/update_142/ResourceApplyGradientDescent,2,6.144,3.072,6.144,3.072,3.780663083631018e-05,0.9969061512231392,0.0,0.0
465,Device,ResourceApplyGradientDescent,SGD/SGD/update_143/ResourceApplyGradientDescent,2,6.144,3.072,6.144,3.072,3.780663083631018e-05,0.9969439578539755,0.0,0.0
466,Device,ResourceApplyGradientDescent,SGD/SGD/update_145/ResourceApplyGradientDescent,2,6.144,3.072,6.144,3.072,3.780663083631018e-05,0.9969817644848118,0.0,0.0
467,Device,ResourceApplyGradientDescent,SGD/SGD/update_146/ResourceApplyGradientDescent,2,6.144,3.072,6.144,3.072,3.780663083631018e-05,0.9970195711156481,0.0,0.0
468,Device,ResourceApplyGradientDescent,SGD/SGD/update_148/ResourceApplyGradientDescent,2,6.144,3.072,6.144,3.072,3.780663083631018e-05,0.9970573777464844,0.0,0.0
469,Device,ResourceApplyGradientDescent,SGD/SGD/update_151/ResourceApplyGradientDescent,2,6.144,3.072,6.144,3.072,3.780663083631018e-05,0.9970951843773207,0.0,0.0
470,Device,ResourceApplyGradientDescent,SGD/SGD/update_152/ResourceApplyGradientDescent,2,6.144,3.072,6.144,3.072,3.780663083631018e-05,0.997132991008157,0.0,0.0
471,Device,ResourceApplyGradientDescent,SGD/SGD/update_154/ResourceApplyGradientDescent,2,6.144,3.072,6.144,3.072,3.780663083631018e-05,0.9971707976389933,0.0,0.0
472,Device,ResourceApplyGradientDescent,SGD/SGD/update_155/ResourceApplyGradientDescent,2,6.144,3.072,6.144,3.072,3.780663083631018e-05,0.9972086042698296,0.0,0.0
473,Device,ResourceApplyGradientDescent,SGD/SGD/update_16/ResourceApplyGradientDescent,2,6.144,3.072,6.144,3.072,3.780663083631018e-05,0.9972464109006659,0.0,0.0
474,Device,ResourceApplyGradientDescent,SGD/SGD/update_17/ResourceApplyGradientDescent,2,6.144,3.072,6.144,3.072,3.780663083631018e-05,0.9972842175315022,0.0,0.0
475,Device,ResourceApplyGradientDescent,SGD/SGD/update_2/ResourceApplyGradientDescent,2,6.144,3.072,6.144,3.072,3.780663083631018e-05,0.9973220241623385,0.0,0.0
476,Device,ResourceApplyGradientDescent,SGD/SGD/update_20/ResourceApplyGradientDescent,2,6.144,3.072,6.144,3.072,3.780663083631018e-05,0.9973598307931748,0.0,0.0
477,Device,ResourceApplyGradientDescent,SGD/SGD/update_21/ResourceApplyGradientDescent,2,6.144,3.072,6.144,3.072,3.780663083631018e-05,0.9973976374240111,0.0,0.0
478,Device,ResourceApplyGradientDescent,SGD/SGD/update_22/ResourceApplyGradientDescent,2,6.144,3.072,6.144,3.072,3.780663083631018e-05,0.9974354440548474,0.0,0.0
479,Device,ResourceApplyGradientDescent,SGD/SGD/update_23/ResourceApplyGradientDescent,2,6.144,3.072,6.144,3.072,3.780663083631018e-05,0.9974732506856837,0.0,0.0
480,Device,ResourceApplyGradientDescent,SGD/SGD/update_26/ResourceApplyGradientDescent,2,6.144,3.072,6.144,3.072,3.780663083631018e-05,0.99751105731652,0.0,0.0
481,Device,ResourceApplyGradientDescent,SGD/SGD/update_29/ResourceApplyGradientDescent,2,6.144,3.072,6.144,3.072,3.780663083631018e-05,0.9975488639473563,0.0,0.0
482,Device,ResourceApplyGradientDescent,SGD/SGD/update_3/ResourceApplyGradientDescent,2,6.144,3.072,6.144,3.072,3.780663083631018e-05,0.9975866705781926,0.0,0.0
483,Device,ResourceApplyGradientDescent,SGD/SGD/update_31/ResourceApplyGradientDescent,2,6.144,3.072,6.144,3.072,3.780663083631018e-05,0.9976244772090289,0.0,0.0
484,Device,ResourceApplyGradientDescent,SGD/SGD/update_32/ResourceApplyGradientDescent,2,6.144,3.072,6.144,3.072,3.780663083631018e-05,0.9976622838398652,0.0,0.0
485,Device,ResourceApplyGradientDescent,SGD/SGD/update_34/ResourceApplyGradientDescent,2,6.144,3.072,6.144,3.072,3.780663083631018e-05,0.9977000904707015,0.0,0.0
486,Device,ResourceApplyGradientDescent,SGD/SGD/update_38/ResourceApplyGradientDescent,2,6.144,3.072,6.144,3.072,3.780663083631018e-05,0.9977378971015378,0.0,0.0
487,Device,ResourceApplyGradientDescent,SGD/SGD/update_39/ResourceApplyGradientDescent,2,6.144,3.072,6.144,3.072,3.780663083631018e-05,0.9977757037323741,0.0,0.0
488,Device,ResourceApplyGradientDescent,SGD/SGD/update_4/ResourceApplyGradientDescent,2,6.144,3.072,6.144,3.072,3.780663083631018e-05,0.9978135103632104,0.0,0.0
489,Device,ResourceApplyGradientDescent,SGD/SGD/update_40/ResourceApplyGradientDescent,2,6.144,3.072,6.144,3.072,3.780663083631018e-05,0.9978513169940467,0.0,0.0
490,Device,ResourceApplyGradientDescent,SGD/SGD/update_41/ResourceApplyGradientDescent,2,6.144,3.072,6.144,3.072,3.780663083631018e-05,0.997889123624883,0.0,0.0
491,Device,ResourceApplyGradientDescent,SGD/SGD/update_43/ResourceApplyGradientDescent,2,6.144,3.072,6.144,3.072,3.780663083631018e-05,0.9979269302557193,0.0,0.0
492,Device,ResourceApplyGradientDescent,SGD/SGD/update_44/ResourceApplyGradientDescent,2,6.144,3.072,6.144,3.072,3.780663083631018e-05,0.9979647368865556,0.0,0.0
493,Device,ResourceApplyGradientDescent,SGD/SGD/update_46/ResourceApplyGradientDescent,2,6.144,3.072,6.144,3.072,3.780663083631018e-05,0.9980025435173919,0.0,0.0
494,Device,ResourceApplyGradientDescent,SGD/SGD/update_47/ResourceApplyGradientDescent,2,6.144,3.072,6.144,3.072,3.780663083631018e-05,0.9980403501482282,0.0,0.0
495,Device,ResourceApplyGradientDescent,SGD/SGD/update_48/ResourceApplyGradientDescent,2,6.144,3.072,6.144,3.072,3.780663083631018e-05,0.9980781567790645,0.0,0.0
496,Device,ResourceApplyGradientDescent,SGD/SGD/update_49/ResourceApplyGradientDescent,2,6.144,3.072,6.144,3.072,3.780663083631018e-05,0.9981159634099008,0.0,0.0
497,Device,ResourceApplyGradientDescent,SGD/SGD/update_5/ResourceApplyGradientDescent,2,6.144,3.072,6.144,3.072,3.780663083631018e-05,0.9981537700407371,0.0,0.0
498,Device,ResourceApplyGradientDescent,SGD/SGD/update_52/ResourceApplyGradientDescent,2,6.144,3.072,6.144,3.072,3.780663083631018e-05,0.9981915766715734,0.0,0.0
499,Device,ResourceApplyGradientDescent,SGD/SGD/update_53/ResourceApplyGradientDescent,2,6.144,3.072,6.144,3.072,3.780663083631018e-05,0.9982293833024097,0.0,0.0
500,Device,ResourceApplyGradientDescent,SGD/SGD/update_55/ResourceApplyGradientDescent,2,6.144,3.072,6.144,3.072,3.780663083631018e-05,0.998267189933246,0.0,0.0
501,Host,IDLE,IDLE,0,493494.733,0.0,493494.733,0.0,0.0,0.0,0.9932173939536558,0.9932173939536558
502,Host,GatherV2,GatherV2,2,2996.851,1498.4255,2996.851,1498.4255,0.0,0.0,0.006031522407935016,0.9992489163615909
503,Host,Dataset,Iterator::Root::ParallelMapV2::Zip[1]::ForeverRepeat,2,60.231,30.1155,55.441,27.7205,0.0,0.0,0.00011158166816379099,0.9993604980297547
504,Host,Dataset,Iterator::Root::ParallelMapV2,2,47.031,23.5155,47.031,23.5155,0.0,0.0,9.465553354757767e-05,0.9994551535633023
505,Host,FlushSummaryWriter,FlushSummaryWriter,1,40.121,40.121,40.121,40.121,0.0,0.0,8.07483290055998e-05,0.9995359018923079
506,Host,GatherV2,GatherV2_1,2,38.041,19.0205,38.041,19.0205,0.0,0.0,7.656207930266e-05,0.9996124639716105
507,Host,IteratorGetNext,IteratorGetNext,2,34.491,17.2455,34.491,17.2455,0.0,0.0,6.941727812696948e-05,0.9996818812497374
508,Host,Dataset,Iterator::Root,2,78.321,39.1605,31.29,15.645,0.0,0.0,6.297488134855108e-05,0.999744856131086
509,Host,LogicalAnd,LogicalAnd,1,31.131,31.131,31.131,31.131,0.0,0.0,6.265487476068212e-05,0.9998075110058466
510,Host,WriteSummary,WriteSummary,1,22.071,22.071,22.071,22.071,0.0,0.0,4.442053711230012e-05,0.9998519315429589
511,Host,Dataset,Iterator::Root::ParallelMapV2::Zip[0]::FlatMap[1]::TensorSlice,2,21.29,10.645,21.29,10.645,0.0,0.0,4.28486808536482e-05,0.9998947802238126
512,Host,Dataset,Iterator::Root::ParallelMapV2::Zip[0]::FlatMap,2,37.19,18.595,15.9,7.95,0.0,0.0,3.200065878689556e-05,0.9999267808825996
513,Host,Dataset,Iterator::Root::ParallelMapV2::Zip,2,108.021,54.0105,10.6,5.3,0.0,0.0,2.1333772524597038e-05,0.9999481146551241
514,Host,ReadVariableOp,ReadVariableOp,1,6.97,6.97,6.97,6.97,0.0,0.0,1.4027961744947298e-05,0.9999621426168691
515,Host,Dataset,Iterator::Root::ParallelMapV2::Zip[1]::ForeverRepeat::FromTensor,4,4.79,1.1975,4.79,1.1975,0.0,0.0,9.640450037058474e-06,0.9999717830669062
516,Host,_Send,IteratorGetNext/_1,2,4.2,2.1,4.2,2.1,0.0,0.0,8.453004207859205e-06,0.999980236071114
517,Host,_Send,IteratorGetNext/_6,2,3.59,1.795,3.59,1.795,0.0,0.0,7.225305977670129e-06,0.9999874613770916
518,Host,_Send,IteratorGetNext/_3,2,3.2,1.6,3.2,1.6,0.0,0.0,6.440384158368918e-06,0.99999390176125
519,Host,Identity,Identity,2,3.03,1.515,3.03,1.515,0.0,0.0,6.0982387499555685e-06,1.0
