Rank,Host/device,Type,Operation,#Occurrences,Total time (us),Avg. time (us),Total self-time (us),Avg. self-time (us),Total self-time on Device (%),Cumulative total-self time on Device (%),Total self-time on Host (%),Cumulative total-self time on Host (%)
1,Device,IDLE,IDLE,0,75829.31,0.0,75829.31,0.0,0.6154604037556006,0.6154604037556006,0.0,0.0
2,Device,DepthwiseConv2dNativeBackpropFilter,gradient_tape/efficientnetb0/block2a_dwconv/depthwise/DepthwiseConv2dNativeBackpropFilter,2,3453.964,1726.982,3453.964,1726.982,0.028033725718951016,0.6434941294745516,0.0,0.0
3,Device,DepthwiseConv2dNativeBackpropFilter,gradient_tape/efficientnetb0/block3a_dwconv/depthwise/DepthwiseConv2dNativeBackpropFilter,2,1936.39,968.195,1936.39,968.195,0.015716500271838258,0.6592106297463899,0.0,0.0
4,Device,FusedBatchNormGradV3,gradient_tape/efficientnetb0/block2a_expand_bn/FusedBatchNormGradV3,2,528.385,264.1925,528.385,264.1925,0.004288579777903861,0.6634992095242938,0.0,0.0
5,Device,_Recv,IteratorGetNext/_4,2,487.202,243.601,487.202,243.601,0.003954322406870591,0.6674535319311643,0.0,0.0
6,Device,DepthwiseConv2dNativeBackpropFilter,gradient_tape/efficientnetb0/block5b_dwconv/depthwise/DepthwiseConv2dNativeBackpropFilter,2,473.09,236.545,473.09,236.545,0.0038397838832073916,0.6712933158143717,0.0,0.0
7,Device,DepthwiseConv2dNativeBackpropFilter,gradient_tape/efficientnetb0/block5c_dwconv/depthwise/DepthwiseConv2dNativeBackpropFilter,2,452.609,226.3045,452.609,226.3045,0.003673552059004871,0.6749668678733766,0.0,0.0
8,Device,DepthwiseConv2dNativeBackpropFilter,gradient_tape/efficientnetb0/block5a_dwconv/depthwise/DepthwiseConv2dNativeBackpropFilter,2,353.281,176.6405,353.281,176.6405,0.0028673670761237622,0.6778342349495003,0.0,0.0
9,Device,FusedBatchNormV3,efficientnetb0/block2a_expand_bn/FusedBatchNormV3,4,329.729,82.43225,329.729,82.43225,0.0026762098121416436,0.680510444761642,0.0,0.0
10,Device,DepthwiseConv2dNativeBackpropInput,gradient_tape/efficientnetb0/block2a_dwconv/depthwise/DepthwiseConv2dNativeBackpropInput,2,329.728,164.864,329.728,164.864,0.0026762016957496606,0.6831866464573917,0.0,0.0
11,Device,Conv2DBackpropFilter,gradient_tape/efficientnetb0/block2a_expand_conv/Conv2D/Conv2DBackpropFilter,2,320.514,160.257,320.514,160.257,0.0026014172600188844,0.6857880637174105,0.0,0.0
12,Device,Mul,SGD/gradients/mul_137,2,312.32,156.16,312.32,156.16,0.0025349115441107035,0.6883229752615212,0.0,0.0
13,Device,Mul,SGD/gradients/mul_136,2,311.298,155.649,311.298,155.649,0.0025266165915041423,0.6908495918530253,0.0,0.0
14,Device,Mul,SGD/gradients/mul_135,2,311.297,155.6485,311.297,155.6485,0.0025266084751121597,0.6933762003281375,0.0,0.0
15,Device,Mul,efficientnetb0/block2a_expand_activation/mul,2,311.297,155.6485,311.297,155.6485,0.0025266084751121597,0.6959028088032497,0.0,0.0
16,Device,DepthwiseConv2dNativeBackpropFilter,gradient_tape/efficientnetb0/block4b_dwconv/depthwise/DepthwiseConv2dNativeBackpropFilter,2,264.193,132.0965,264.193,132.0965,0.002144293947147922,0.6980471027503976,0.0,0.0
17,Device,DepthwiseConv2dNativeBackpropFilter,gradient_tape/efficientnetb0/block4c_dwconv/depthwise/DepthwiseConv2dNativeBackpropFilter,2,262.144,131.072,262.144,131.072,0.0021276634599748856,0.7001747662103724,0.0,0.0
18,Device,Slice,gradient_tape/efficientnetb0/block2a_dwconv_pad/Slice_1,2,241.666,120.833,241.666,120.833,0.0019614559849483134,0.7021362221953208,0.0,0.0
19,Device,Pad,efficientnetb0/block2a_dwconv_pad/Pad,2,237.569,118.7845,237.569,118.7845,0.0019282031269942227,0.7040644253223151,0.0,0.0
20,Device,DepthwiseConv2dNativeBackpropFilter,gradient_tape/efficientnetb0/block4a_dwconv/depthwise/DepthwiseConv2dNativeBackpropFilter,2,235.521,117.7605,235.521,117.7605,0.0019115807562131689,0.7059760060785282,0.0,0.0
21,Device,FusedBatchNormGradV3,gradient_tape/efficientnetb0/block1a_bn/FusedBatchNormGradV3,2,229.378,114.689,229.378,114.689,0.0018617217602619905,0.7078377278387902,0.0,0.0
22,Device,FusedBatchNormGradV3,gradient_tape/efficientnetb0/stem_bn/FusedBatchNormGradV3,2,228.353,114.1765,228.353,114.1765,0.0018534024584794808,0.7096911302972697,0.0,0.0
23,Device,Sigmoid,efficientnetb0/block2a_expand_activation/Sigmoid,2,219.137,109.5685,219.137,109.5685,0.0017786017899647387,0.7114697320872344,0.0,0.0
24,Device,Sigmoid,SGD/gradients/Sigmoid_45,2,218.112,109.056,218.112,109.056,0.0017702824881822288,0.7132400145754166,0.0,0.0
25,Device,Sub,SGD/gradients/sub_45,2,210.945,105.4725,210.945,105.4725,0.0017121123068405235,0.7149521268822572,0.0,0.0
26,Device,AddV2,SGD/gradients/add_45,2,209.92,104.96,209.92,104.96,0.0017037930050580136,0.7166559198873151,0.0,0.0
27,Device,FusedBatchNormGradV3,gradient_tape/efficientnetb0/block2b_expand_bn/FusedBatchNormGradV3,2,203.776,101.888,203.776,101.888,0.0016539258927148524,0.71830984578003,0.0,0.0
28,Device,FusedBatchNormGradV3,gradient_tape/efficientnetb0/block3a_expand_bn/FusedBatchNormGradV3,2,203.776,101.888,203.776,101.888,0.0016539258927148524,0.7199637716727448,0.0,0.0
29,Device,FusedBatchNormGradV3,gradient_tape/efficientnetb0/block2b_bn/FusedBatchNormGradV3,2,202.752,101.376,202.752,101.376,0.0016456147073243255,0.7216093863800691,0.0,0.0
30,Device,DepthwiseConv2dNativeBackpropInput,gradient_tape/efficientnetb0/block3a_dwconv/depthwise/DepthwiseConv2dNativeBackpropInput,2,186.368,93.184,186.368,93.184,0.0015126357410758951,0.723122022121145,0.0,0.0
31,Device,Conv2DBackpropInput,gradient_tape/efficientnetb0/top_conv/Conv2D/Conv2DBackpropInput,4,183.296,45.824,183.296,45.824,0.0014877021849043143,0.7246097243060493,0.0,0.0
32,Device,FusedBatchNormGradV3,gradient_tape/efficientnetb0/block1a_project_bn/FusedBatchNormGradV3,2,179.201,89.6005,179.201,89.6005,0.0014544655597341896,0.7260641898657835,0.0,0.0
33,Device,DepthwiseConv2dNative,efficientnetb0/block2a_dwconv/depthwise,2,172.032,86.016,172.032,86.016,0.0013962791456085186,0.7274604690113919,0.0,0.0
34,Device,Conv2D,efficientnetb0/block2a_expand_conv/Conv2D,2,169.984,84.992,169.984,84.992,0.001379656774827465,0.7288401257862194,0.0,0.0
35,Device,Conv2DBackpropInput,gradient_tape/efficientnetb0/block2a_expand_conv/Conv2D/Conv2DBackpropInput,2,169.984,84.992,169.984,84.992,0.001379656774827465,0.7302197825610468,0.0,0.0
36,Device,Conv2D,efficientnetb0/block7a_project_conv/Conv2D,4,159.744,39.936,159.744,39.936,0.0012965449209221959,0.731516327481969,0.0,0.0
37,Device,Conv2DBackpropFilter,gradient_tape/efficientnetb0/block1a_project_conv/Conv2D/Conv2DBackpropFilter,2,157.697,78.8485,157.697,78.8485,0.001279930666533125,0.7327962581485021,0.0,0.0
38,Device,DepthwiseConv2dNativeBackpropInput,gradient_tape/efficientnetb0/block2b_dwconv/depthwise/DepthwiseConv2dNativeBackpropInput,2,154.625,77.3125,154.625,77.3125,0.0012549971103615442,0.7340512552588637,0.0,0.0
39,Device,Conv2DBackpropFilter,gradient_tape/efficientnetb0/stem_conv/Conv2D/Conv2DBackpropFilter,2,152.577,76.2885,152.577,76.2885,0.0012383747395804904,0.7352896299984442,0.0,0.0
40,Device,Conv2DBackpropFilter,gradient_tape/efficientnetb0/block2b_expand_conv/Conv2D/Conv2DBackpropFilter,2,143.36,71.68,143.36,71.68,0.0011635659546737655,0.736453195953118,0.0,0.0
41,Device,Conv2DBackpropFilter,gradient_tape/efficientnetb0/block3a_expand_conv/Conv2D/Conv2DBackpropFilter,2,142.336,71.168,142.336,71.168,0.0011552547692832388,0.7376084507224012,0.0,0.0
42,Device,Conv2DBackpropInput,gradient_tape/efficientnetb0/block7a_expand_conv/Conv2D/Conv2DBackpropInput,4,141.312,35.328,141.312,35.328,0.0011469435838927118,0.7387553943062939,0.0,0.0
43,Device,Conv2DBackpropInput,gradient_tape/efficientnetb0/block6d_expand_conv/Conv2D/Conv2DBackpropInput,4,140.288,35.072,140.288,35.072,0.001138632398502185,0.7398940267047961,0.0,0.0
44,Device,Conv2DBackpropInput,gradient_tape/efficientnetb0/block6c_expand_conv/Conv2D/Conv2DBackpropInput,4,139.266,34.8165,139.266,34.8165,0.0011303374458956237,0.7410243641506917,0.0,0.0
45,Device,Conv2DBackpropInput,gradient_tape/efficientnetb0/block6b_expand_conv/Conv2D/Conv2DBackpropInput,4,139.264,34.816,139.264,34.816,0.001130321213111658,0.7421546853638034,0.0,0.0
46,Device,Conv2D,efficientnetb0/block6d_project_conv/Conv2D,4,138.24,34.56,138.24,34.56,0.001122010027721131,0.7432766953915245,0.0,0.0
47,Device,FusedBatchNormV3,efficientnetb0/block1a_bn/FusedBatchNormV3,4,137.218,34.3045,137.218,34.3045,0.0011137150751145699,0.7443904104666391,0.0,0.0
48,Device,FusedBatchNormV3,efficientnetb0/stem_bn/FusedBatchNormV3,4,137.216,34.304,137.216,34.304,0.0011136988423306041,0.7455041093089697,0.0,0.0
49,Device,DepthwiseConv2dNativeBackpropFilter,gradient_tape/efficientnetb0/block2b_dwconv/depthwise/DepthwiseConv2dNativeBackpropFilter,2,136.192,68.096,136.192,68.096,0.0011053876569400772,0.7466094969659098,0.0,0.0
50,Device,Conv2D,efficientnetb0/block6c_project_conv/Conv2D,4,135.169,33.79225,135.169,33.79225,0.0010970845879415333,0.7477065815538514,0.0,0.0
51,Device,Conv2DBackpropFilter,gradient_tape/efficientnetb0/block2a_project_conv/Conv2D/Conv2DBackpropFilter,2,135.169,67.5845,135.169,67.5845,0.0010970845879415333,0.748803666141793,0.0,0.0
52,Device,Conv2D,efficientnetb0/block6b_project_conv/Conv2D,4,134.144,33.536,134.144,33.536,0.0010887652861590233,0.7498924314279519,0.0,0.0
53,Device,DepthwiseConv2dNativeBackpropInput,gradient_tape/efficientnetb0/block1a_dwconv/depthwise/DepthwiseConv2dNativeBackpropInput,2,134.144,67.072,134.144,67.072,0.0010887652861590233,0.7509811967141109,0.0,0.0
54,Device,Conv2DBackpropFilter,gradient_tape/efficientnetb0/block5b_expand_conv/Conv2D/Conv2DBackpropFilter,2,131.072,65.536,131.072,65.536,0.0010638317299874428,0.7520450284440984,0.0,0.0
55,Device,Conv2DBackpropFilter,gradient_tape/efficientnetb0/block5c_expand_conv/Conv2D/Conv2DBackpropFilter,2,131.072,65.536,131.072,65.536,0.0010638317299874428,0.7531088601740858,0.0,0.0
56,Device,Conv2DBackpropFilter,gradient_tape/efficientnetb0/block6a_expand_conv/Conv2D/Conv2DBackpropFilter,2,131.072,65.536,131.072,65.536,0.0010638317299874428,0.7541726919040733,0.0,0.0
57,Device,FusedBatchNormGradV3,gradient_tape/efficientnetb0/block2a_bn/FusedBatchNormGradV3,2,130.048,65.024,130.048,65.024,0.0010555205445969159,0.7552282124486702,0.0,0.0
58,Device,DepthwiseConv2dNativeBackpropInput,gradient_tape/efficientnetb0/block3b_dwconv/depthwise/DepthwiseConv2dNativeBackpropInput,2,128.001,64.0005,128.001,64.0005,0.001038906290207845,0.7562671187388781,0.0,0.0
59,Device,AddN,SGD/gradients/AddN_21,2,124.929,62.4645,124.929,62.4645,0.0010139727340362642,0.7572810914729143,0.0,0.0
60,Device,SoftmaxCrossEntropyWithLogits,categorical_crossentropy/softmax_cross_entropy_with_logits,2,122.88,61.44,122.88,61.44,0.0009973422468632276,0.7582784337197775,0.0,0.0
61,Device,Mul,gradient_tape/efficientnetb0/block2b_se_excite/mul/Mul_1,2,121.857,60.9285,121.857,60.9285,0.0009890391778646836,0.7592674728976422,0.0,0.0
62,Device,Mul,SGD/gradients/mul_123,2,121.856,60.928,121.856,60.928,0.0009890310614727007,0.7602565039591149,0.0,0.0
63,Device,Mul,SGD/gradients/mul_126,2,121.856,60.928,121.856,60.928,0.0009890310614727007,0.7612455350205877,0.0,0.0
64,Device,Mul,SGD/gradients/mul_127,2,121.856,60.928,121.856,60.928,0.0009890310614727007,0.7622345660820604,0.0,0.0
65,Device,Mul,SGD/gradients/mul_125,2,120.834,60.417,120.834,60.417,0.0009807361088661397,0.7632153021909266,0.0,0.0
66,Device,Mul,SGD/gradients/mul_118,2,120.833,60.4165,120.833,60.4165,0.0009807279924741567,0.7641960301834008,0.0,0.0
67,Device,Mul,SGD/gradients/mul_119,2,120.833,60.4165,120.833,60.4165,0.0009807279924741567,0.7651767581758749,0.0,0.0
68,Device,Mul,SGD/gradients/mul_117,2,120.832,60.416,120.832,60.416,0.0009807198760821737,0.7661574780519571,0.0,0.0
69,Device,Mul,SGD/gradients/mul_124,2,120.832,60.416,120.832,60.416,0.0009807198760821737,0.7671381979280393,0.0,0.0
70,Device,Mul,SGD/gradients/mul_128,2,119.81,59.905,119.81,59.905,0.0009724249234756128,0.7681106228515149,0.0,0.0
71,Device,Mul,efficientnetb0/block2b_activation/mul,2,119.808,59.904,119.808,59.904,0.0009724086906916469,0.7690830315422065,0.0,0.0
72,Device,Mul,efficientnetb0/block2b_expand_activation/mul,2,119.808,59.904,119.808,59.904,0.0009724086906916469,0.7700554402328981,0.0,0.0
73,Device,Conv2DBackpropFilter,gradient_tape/efficientnetb0/block2b_project_conv/Conv2D/Conv2DBackpropFilter,2,119.808,59.904,119.808,59.904,0.0009724086906916469,0.7710278489235897,0.0,0.0
74,Device,Mul,efficientnetb0/block3a_expand_activation/mul,2,118.785,59.3925,118.785,59.3925,0.0009641056216931029,0.7719919545452828,0.0,0.0
75,Device,FusedBatchNormV3,efficientnetb0/block2b_bn/FusedBatchNormV3,4,118.784,29.696,118.784,29.696,0.00096409750530112,0.7729560520505839,0.0,0.0
76,Device,DepthwiseConv2dNativeBackpropFilter,gradient_tape/efficientnetb0/block1a_dwconv/depthwise/DepthwiseConv2dNativeBackpropFilter,2,118.784,59.392,118.784,59.392,0.00096409750530112,0.7739201495558851,0.0,0.0
77,Device,DepthwiseConv2dNative,efficientnetb0/block3a_dwconv/depthwise,2,116.736,58.368,116.736,58.368,0.0009474751345200662,0.7748676246904052,0.0,0.0
78,Device,AddN,SGD/gradients/AddN_24,2,112.64,56.32,112.64,56.32,0.0009142303929579586,0.7757818550833631,0.0,0.0
79,Device,DepthwiseConv2dNativeBackpropInput,gradient_tape/efficientnetb0/block6a_dwconv/depthwise/DepthwiseConv2dNativeBackpropInput,2,112.64,56.32,112.64,56.32,0.0009142303929579586,0.776696085476321,0.0,0.0
80,Device,FusedBatchNormV3,efficientnetb0/block2b_expand_bn/FusedBatchNormV3,4,110.593,27.64825,110.593,27.64825,0.0008976161385688878,0.7775937016148898,0.0,0.0
81,Device,Pad,efficientnetb0/block3a_dwconv_pad/Pad,2,110.593,55.2965,110.593,55.2965,0.0008976161385688878,0.7784913177534587,0.0,0.0
82,Device,Mul,SGD/gradients/mul_141,2,109.569,54.7845,109.569,54.7845,0.0008893049531783608,0.7793806227066371,0.0,0.0
83,Device,Mul,SGD/gradients/mul_144,2,109.569,54.7845,109.569,54.7845,0.0008893049531783608,0.7802699276598155,0.0,0.0
84,Device,Mul,SGD/gradients/mul_142,2,108.544,54.272,108.544,54.272,0.0008809856513958509,0.7811509133112113,0.0,0.0
85,Device,Mul,SGD/gradients/mul_145,2,108.544,54.272,108.544,54.272,0.0008809856513958509,0.7820318989626072,0.0,0.0
86,Device,Mul,gradient_tape/efficientnetb0/block1a_se_excite/mul/Mul_1,2,108.544,54.272,108.544,54.272,0.0008809856513958509,0.782912884614003,0.0,0.0
87,Device,Mul,SGD/gradients/mul_146,2,107.52,53.76,107.52,53.76,0.0008726744660053241,0.7837855590800084,0.0,0.0
88,Device,FusedBatchNormV3,efficientnetb0/block3a_expand_bn/FusedBatchNormV3,4,107.52,26.88,107.52,26.88,0.0008726744660053241,0.7846582335460137,0.0,0.0
89,Device,Mul,efficientnetb0/block1a_activation/mul,2,106.496,53.248,106.496,53.248,0.0008643632806147972,0.7855225968266285,0.0,0.0
90,Device,Conv2DBackpropInput,gradient_tape/efficientnetb0/block6c_se_expand/Conv2D/Conv2DBackpropInput,4,106.496,26.624,106.496,26.624,0.0008643632806147972,0.7863869601072433,0.0,0.0
91,Device,Conv2DBackpropInput,gradient_tape/efficientnetb0/block6d_se_expand/Conv2D/Conv2DBackpropInput,4,105.473,26.36825,105.473,26.36825,0.0008560602116162532,0.7872430203188595,0.0,0.0
92,Device,Mul,SGD/gradients/mul_143,2,105.472,52.736,105.472,52.736,0.0008560520952242703,0.7880990724140838,0.0,0.0
93,Device,Mul,efficientnetb0/stem_activation/mul,2,105.472,52.736,105.472,52.736,0.0008560520952242703,0.7889551245093082,0.0,0.0
94,Device,Conv2DBackpropInput,gradient_tape/efficientnetb0/block6b_se_expand/Conv2D/Conv2DBackpropInput,4,105.472,26.368,105.472,26.368,0.0008560520952242703,0.7898111766045325,0.0,0.0
95,Device,Conv2DBackpropInput,gradient_tape/efficientnetb0/block7a_se_expand/Conv2D/Conv2DBackpropInput,4,104.448,26.112,104.448,26.112,0.0008477409098337433,0.7906589175143662,0.0,0.0
96,Device,Conv2DBackpropInput,gradient_tape/efficientnetb0/block7a_project_conv/Conv2D/Conv2DBackpropInput,2,103.425,51.7125,103.425,51.7125,0.0008394378408351994,0.7914983553552014,0.0,0.0
97,Device,Conv2DBackpropFilter,gradient_tape/efficientnetb0/block5b_project_conv/Conv2D/Conv2DBackpropFilter,4,102.401,25.60025,102.401,25.60025,0.0008311266554446726,0.7923294820106461,0.0,0.0
98,Device,Slice,gradient_tape/efficientnetb0/block3a_dwconv_pad/Slice_1,2,100.353,50.1765,100.353,50.1765,0.0008145042846636187,0.7931439862953097,0.0,0.0
99,Device,Conv2D,efficientnetb0/block6d_se_reduce/Conv2D,4,100.352,25.088,100.352,25.088,0.0008144961682716358,0.7939584824635814,0.0,0.0
100,Device,Conv2DBackpropFilter,gradient_tape/efficientnetb0/block5c_project_conv/Conv2D/Conv2DBackpropFilter,4,100.352,25.088,100.352,25.088,0.0008144961682716358,0.794772978631853,0.0,0.0
101,Device,DepthwiseConv2dNativeBackpropFilter,gradient_tape/efficientnetb0/block3b_dwconv/depthwise/DepthwiseConv2dNativeBackpropFilter,2,99.329,49.6645,99.329,49.6645,0.0008061930992730918,0.7955791717311261,0.0,0.0
102,Device,Conv2D,efficientnetb0/block6b_se_reduce/Conv2D,4,99.328,24.832,99.328,24.832,0.0008061849828811089,0.7963853567140072,0.0,0.0
103,Device,Conv2D,efficientnetb0/block7a_se_reduce/Conv2D,4,99.328,24.832,99.328,24.832,0.0008061849828811089,0.7971915416968883,0.0,0.0
104,Device,Conv2D,efficientnetb0/block6c_se_reduce/Conv2D,4,97.28,24.32,97.28,24.32,0.0007895626121000552,0.7979811043089884,0.0,0.0
105,Device,Conv2DBackpropInput,gradient_tape/efficientnetb0/block5b_expand_conv/Conv2D/Conv2DBackpropInput,4,96.257,24.06425,96.257,24.06425,0.0007812595431015112,0.7987623638520899,0.0,0.0
106,Device,Conv2DBackpropInput,gradient_tape/efficientnetb0/block6a_expand_conv/Conv2D/Conv2DBackpropInput,4,96.257,24.06425,96.257,24.06425,0.0007812595431015112,0.7995436233951914,0.0,0.0
107,Device,Conv2DBackpropInput,gradient_tape/efficientnetb0/block5c_expand_conv/Conv2D/Conv2DBackpropInput,4,96.256,24.064,96.256,24.064,0.0007812514267095282,0.8003248748219008,0.0,0.0
108,Device,DepthwiseConv2dNativeBackpropFilter,gradient_tape/efficientnetb0/block6a_dwconv/depthwise/DepthwiseConv2dNativeBackpropFilter,2,95.232,47.616,95.232,47.616,0.0007729402413190013,0.8010978150632199,0.0,0.0
109,Device,Conv2D,efficientnetb0/block6a_project_conv/Conv2D,4,94.208,23.552,94.208,23.552,0.0007646290559284745,0.8018624441191483,0.0,0.0
110,Device,Conv2DBackpropFilter,gradient_tape/efficientnetb0/block7a_project_conv/Conv2D/Conv2DBackpropFilter,2,94.208,47.104,94.208,47.104,0.0007646290559284745,0.8026270731750768,0.0,0.0
111,Device,Conv2D,efficientnetb0/stem_conv/Conv2D,2,93.185,46.5925,93.185,46.5925,0.0007563259869299305,0.8033833991620067,0.0,0.0
112,Device,Conv2D,efficientnetb0/block3a_expand_conv/Conv2D,2,92.16,46.08,92.16,46.08,0.0007480066851474206,0.8041314058471541,0.0,0.0
113,Device,Conv2D,efficientnetb0/block2b_expand_conv/Conv2D,2,91.136,45.568,91.136,45.568,0.0007396954997568937,0.8048711013469111,0.0,0.0
114,Device,DepthwiseConv2dNative,efficientnetb0/block2b_dwconv/depthwise,2,90.112,45.056,90.112,45.056,0.0007313843143663668,0.8056024856612775,0.0,0.0
115,Device,Conv2D,efficientnetb0/top_conv/Conv2D,2,90.112,45.056,90.112,45.056,0.0007313843143663668,0.8063338699756438,0.0,0.0
116,Device,Conv2D,efficientnetb0/block5c_project_conv/Conv2D,2,88.065,44.0325,88.065,44.0325,0.000714770059977296,0.8070486400356212,0.0,0.0
117,Device,Conv2DBackpropInput,gradient_tape/efficientnetb0/block2b_project_conv/Conv2D/Conv2DBackpropInput,2,87.04,43.52,87.04,43.52,0.0007064507581947862,0.8077550907938159,0.0,0.0
118,Device,DepthwiseConv2dNativeBackpropInput,gradient_tape/efficientnetb0/block5b_dwconv/depthwise/DepthwiseConv2dNativeBackpropInput,2,87.04,43.52,87.04,43.52,0.0007064507581947862,0.8084615415520107,0.0,0.0
119,Device,DepthwiseConv2dNativeBackpropInput,gradient_tape/efficientnetb0/block5c_dwconv/depthwise/DepthwiseConv2dNativeBackpropInput,2,86.017,43.0085,86.017,43.0085,0.0006981476891962422,0.809159689241207,0.0,0.0
120,Device,Sigmoid,SGD/gradients/Sigmoid_41,2,84.992,42.496,84.992,42.496,0.0006898283874137325,0.8098495176286207,0.0,0.0
121,Device,Sigmoid,efficientnetb0/block2b_expand_activation/Sigmoid,2,84.992,42.496,84.992,42.496,0.0006898283874137325,0.8105393460160344,0.0,0.0
122,Device,Sigmoid,SGD/gradients/Sigmoid_42,2,83.969,41.9845,83.969,41.9845,0.0006815253184151884,0.8112208713344495,0.0,0.0
123,Device,Transpose,SGD/gradients/AddN_21-1-TransposeNHWCToNCHW-LayoutOptimizer,2,83.968,41.984,83.968,41.984,0.0006815172020232055,0.8119023885364728,0.0,0.0
124,Device,Transpose,efficientnetb0/block2b_activation/mul-0-3-TransposeNCHWToNHWC-LayoutOptimizer,2,83.968,41.984,83.968,41.984,0.0006815172020232055,0.812583905738496,0.0,0.0
125,Device,Sigmoid,efficientnetb0/block3a_expand_activation/Sigmoid,2,83.968,41.984,83.968,41.984,0.0006815172020232055,0.8132654229405193,0.0,0.0
126,Device,Mul,gradient_tape/efficientnetb0/block2b_se_excite/mul/Mul,2,83.968,41.984,83.968,41.984,0.0006815172020232055,0.8139469401425425,0.0,0.0
127,Device,Conv2DBackpropFilter,gradient_tape/efficientnetb0/block6b_expand_conv/Conv2D/Conv2DBackpropFilter,2,83.968,41.984,83.968,41.984,0.0006815172020232055,0.8146284573445658,0.0,0.0
128,Device,Conv2DBackpropFilter,gradient_tape/efficientnetb0/block6d_expand_conv/Conv2D/Conv2DBackpropFilter,2,83.968,41.984,83.968,41.984,0.0006815172020232055,0.815309974546589,0.0,0.0
129,Device,Conv2DBackpropFilter,gradient_tape/efficientnetb0/block7a_expand_conv/Conv2D/Conv2DBackpropFilter,2,83.968,41.984,83.968,41.984,0.0006815172020232055,0.8159914917486123,0.0,0.0
130,Device,Sigmoid,efficientnetb0/block2b_activation/Sigmoid,2,82.946,41.473,82.946,41.473,0.0006732222494166445,0.816664713998029,0.0,0.0
131,Device,Conv2DBackpropFilter,gradient_tape/efficientnetb0/block3b_project_conv/Conv2D/Conv2DBackpropFilter,2,82.945,41.4725,82.945,41.4725,0.0006732141330246615,0.8173379281310537,0.0,0.0
132,Device,Conv2DBackpropFilter,gradient_tape/efficientnetb0/top_conv/Conv2D/Conv2DBackpropFilter,2,82.945,41.4725,82.945,41.4725,0.0006732141330246615,0.8180111422640783,0.0,0.0
133,Device,Sigmoid,SGD/gradients/Sigmoid_39,2,82.944,41.472,82.944,41.472,0.0006732060166326786,0.818684348280711,0.0,0.0
134,Device,Mul,gradient_tape/efficientnetb0/block2a_se_excite/mul/Mul_1,2,82.944,41.472,82.944,41.472,0.0006732060166326786,0.8193575542973437,0.0,0.0
135,Device,Conv2DBackpropFilter,gradient_tape/efficientnetb0/block6c_expand_conv/Conv2D/Conv2DBackpropFilter,2,82.944,41.472,82.944,41.472,0.0006732060166326786,0.8200307603139764,0.0,0.0
136,Device,Mul,SGD/gradients/mul_134,2,81.921,40.9605,81.921,40.9605,0.0006649029476341347,0.8206956632616105,0.0,0.0
137,Device,AddV2,SGD/gradients/add_41,2,81.92,40.96,81.92,40.96,0.0006648948312421517,0.8213605580928526,0.0,0.0
138,Device,Mul,SGD/gradients/mul_132,2,81.92,40.96,81.92,40.96,0.0006648948312421517,0.8220254529240947,0.0,0.0
139,Device,Conv2D,efficientnetb0/block5b_project_conv/Conv2D,2,81.92,40.96,81.92,40.96,0.0006648948312421517,0.8226903477553368,0.0,0.0
140,Device,Mul,SGD/gradients/mul_133,2,80.897,40.4485,80.897,40.4485,0.0006565917622436077,0.8233469395175804,0.0,0.0
141,Device,AddN,SGD/gradients/AddN_23,2,80.896,40.448,80.896,40.448,0.0006565836458516248,0.8240035231634321,0.0,0.0
142,Device,AddV2,SGD/gradients/add_39,2,80.896,40.448,80.896,40.448,0.0006565836458516248,0.8246601068092837,0.0,0.0
143,Device,Sub,SGD/gradients/sub_41,2,80.896,40.448,80.896,40.448,0.0006565836458516248,0.8253166904551353,0.0,0.0
144,Device,Sub,SGD/gradients/sub_42,2,80.896,40.448,80.896,40.448,0.0006565836458516248,0.825973274100987,0.0,0.0
145,Device,FusedBatchNormV3,efficientnetb0/block1a_project_bn/FusedBatchNormV3,4,80.896,20.224,80.896,20.224,0.0006565836458516248,0.8266298577468386,0.0,0.0
146,Device,Conv2DBackpropFilter,gradient_tape/efficientnetb0/block4c_expand_conv/Conv2D/Conv2DBackpropFilter,2,80.896,40.448,80.896,40.448,0.0006565836458516248,0.8272864413926903,0.0,0.0
147,Device,AddV2,SGD/gradients/add_42,2,79.872,39.936,79.872,39.936,0.0006482724604610979,0.8279347138531513,0.0,0.0
148,Device,Sub,SGD/gradients/sub_39,2,79.872,39.936,79.872,39.936,0.0006482724604610979,0.8285829863136124,0.0,0.0
149,Device,DepthwiseConv2dNative,efficientnetb0/block1a_dwconv/depthwise,2,79.872,39.936,79.872,39.936,0.0006482724604610979,0.8292312587740734,0.0,0.0
150,Device,Conv2DBackpropFilter,gradient_tape/efficientnetb0/block5a_expand_conv/Conv2D/Conv2DBackpropFilter,2,79.872,39.936,79.872,39.936,0.0006482724604610979,0.8298795312345345,0.0,0.0
151,Device,Mul,efficientnetb0/block2b_se_excite/mul,2,77.825,38.9125,77.825,38.9125,0.0006316582060720271,0.8305111894406065,0.0,0.0
152,Device,Sigmoid,efficientnetb0/stem_activation/Sigmoid,2,77.824,38.912,77.824,38.912,0.0006316500896800441,0.8311428395302866,0.0,0.0
153,Device,Conv2DBackpropInput,gradient_tape/efficientnetb0/block1a_project_conv/Conv2D/Conv2DBackpropInput,2,77.824,38.912,77.824,38.912,0.0006316500896800441,0.8317744896199666,0.0,0.0
154,Device,Mul,gradient_tape/efficientnetb0/block1a_se_excite/mul/Mul,2,77.824,38.912,77.824,38.912,0.0006316500896800441,0.8324061397096466,0.0,0.0
155,Device,Conv2DBackpropInput,gradient_tape/efficientnetb0/block2b_expand_conv/Conv2D/Conv2DBackpropInput,2,77.824,38.912,77.824,38.912,0.0006316500896800441,0.8330377897993266,0.0,0.0
156,Device,Conv2DBackpropFilter,gradient_tape/efficientnetb0/block4b_expand_conv/Conv2D/Conv2DBackpropFilter,2,77.824,38.912,77.824,38.912,0.0006316500896800441,0.8336694398890067,0.0,0.0
157,Device,Sigmoid,SGD/gradients/Sigmoid_47,2,76.801,38.4005,76.801,38.4005,0.0006233470206815001,0.8342927869096881,0.0,0.0
158,Device,RealDiv,gradient_tape/efficientnetb0/block2b_se_squeeze/truediv,2,76.8,38.4,76.8,38.4,0.0006233389042895172,0.8349161258139777,0.0,0.0
159,Device,Conv2DBackpropInput,gradient_tape/efficientnetb0/block3a_expand_conv/Conv2D/Conv2DBackpropInput,2,75.777,37.8885,75.777,37.8885,0.0006150358352909732,0.8355311616492687,0.0,0.0
160,Device,Conv2DBackpropInput,gradient_tape/efficientnetb0/block5a_expand_conv/Conv2D/Conv2DBackpropInput,4,75.777,18.94425,75.777,18.94425,0.0006150358352909732,0.8361461974845597,0.0,0.0
161,Device,Transpose,SGD/gradients/AddN_24-1-TransposeNHWCToNCHW-LayoutOptimizer,2,75.776,37.888,75.776,37.888,0.0006150277188989903,0.8367612252034586,0.0,0.0
162,Device,Sigmoid,efficientnetb0/block1a_activation/Sigmoid,2,75.776,37.888,75.776,37.888,0.0006150277188989903,0.8373762529223576,0.0,0.0
163,Device,Mul,efficientnetb0/block2a_activation/mul,2,75.776,37.888,75.776,37.888,0.0006150277188989903,0.8379912806412566,0.0,0.0
164,Device,Conv2DBackpropInput,gradient_tape/efficientnetb0/block6b_project_conv/Conv2D/Conv2DBackpropInput,2,75.776,37.888,75.776,37.888,0.0006150277188989903,0.8386063083601556,0.0,0.0
165,Device,Conv2DBackpropInput,gradient_tape/efficientnetb0/block4a_expand_conv/Conv2D/Conv2DBackpropInput,2,74.752,37.376,74.752,37.376,0.0006067165335084634,0.839213024893664,0.0,0.0
166,Device,Conv2DBackpropInput,gradient_tape/efficientnetb0/block4b_expand_conv/Conv2D/Conv2DBackpropInput,4,74.752,18.688,74.752,18.688,0.0006067165335084634,0.8398197414271724,0.0,0.0
167,Device,Conv2DBackpropInput,gradient_tape/efficientnetb0/block6d_project_conv/Conv2D/Conv2DBackpropInput,2,74.752,37.376,74.752,37.376,0.0006067165335084634,0.8404264579606808,0.0,0.0
168,Device,Conv2DBackpropInput,gradient_tape/efficientnetb0/block6c_project_conv/Conv2D/Conv2DBackpropInput,2,73.729,36.8645,73.729,36.8645,0.0005984134645099195,0.8410248714251908,0.0,0.0
169,Device,Transpose,efficientnetb0/block1a_activation/mul-0-3-TransposeNCHWToNHWC-LayoutOptimizer,2,73.728,36.864,73.728,36.864,0.0005984053481179365,0.8416232767733087,0.0,0.0
170,Device,Conv2DBackpropInput,gradient_tape/efficientnetb0/block3b_expand_conv/Conv2D/Conv2DBackpropInput,2,73.728,36.864,73.728,36.864,0.0005984053481179365,0.8422216821214267,0.0,0.0
171,Device,Conv2DBackpropInput,gradient_tape/efficientnetb0/block4c_expand_conv/Conv2D/Conv2DBackpropInput,4,73.728,18.432,73.728,18.432,0.0005984053481179365,0.8428200874695446,0.0,0.0
172,Device,Conv2DBackpropFilter,gradient_tape/efficientnetb0/block5a_project_conv/Conv2D/Conv2DBackpropFilter,4,73.728,18.432,73.728,18.432,0.0005984053481179365,0.8434184928176626,0.0,0.0
173,Device,DepthwiseConv2dNative,efficientnetb0/block5c_dwconv/depthwise,2,72.704,36.352,72.704,36.352,0.0005900941627274096,0.8440085869803899,0.0,0.0
174,Device,Conv2DBackpropInput,gradient_tape/efficientnetb0/block5c_se_expand/Conv2D/Conv2DBackpropInput,4,72.704,18.176,72.704,18.176,0.0005900941627274096,0.8445986811431173,0.0,0.0
175,Device,Conv2DBackpropInput,gradient_tape/efficientnetb0/block6a_se_expand/Conv2D/Conv2DBackpropInput,4,72.704,18.176,72.704,18.176,0.0005900941627274096,0.8451887753058447,0.0,0.0
176,Device,AddV2,SGD/gradients/add_48,2,71.681,35.8405,71.681,35.8405,0.0005817910937288656,0.8457705663995736,0.0,0.0
177,Device,Mul,efficientnetb0/block1a_se_excite/mul,2,71.681,35.8405,71.681,35.8405,0.0005817910937288656,0.8463523574933025,0.0,0.0
178,Device,AddV2,SGD/gradients/add_47,2,71.68,35.84,71.68,35.84,0.0005817829773368827,0.8469341404706394,0.0,0.0
179,Device,Sub,SGD/gradients/sub_47,2,71.68,35.84,71.68,35.84,0.0005817829773368827,0.8475159234479763,0.0,0.0
180,Device,Sub,SGD/gradients/sub_48,2,71.68,35.84,71.68,35.84,0.0005817829773368827,0.8480977064253132,0.0,0.0
181,Device,DepthwiseConv2dNative,efficientnetb0/block5b_dwconv/depthwise,2,71.68,35.84,71.68,35.84,0.0005817829773368827,0.8486794894026501,0.0,0.0
182,Device,DepthwiseConv2dNative,efficientnetb0/block6a_dwconv/depthwise,2,70.657,35.3285,70.657,35.3285,0.0005734799083383388,0.8492529693109885,0.0,0.0
183,Device,DepthwiseConv2dNativeBackpropInput,gradient_tape/efficientnetb0/block4a_dwconv/depthwise/DepthwiseConv2dNativeBackpropInput,2,70.657,35.3285,70.657,35.3285,0.0005734799083383388,0.8498264492193268,0.0,0.0
184,Device,FusedBatchNormV3,efficientnetb0/block2a_bn/FusedBatchNormV3,4,70.656,17.664,70.656,17.664,0.0005734717919463559,0.8503999210112732,0.0,0.0
185,Device,Conv2DBackpropInput,gradient_tape/efficientnetb0/block2a_project_conv/Conv2D/Conv2DBackpropInput,2,70.656,35.328,70.656,35.328,0.0005734717919463559,0.8509733928032195,0.0,0.0
186,Device,Conv2DBackpropFilter,gradient_tape/efficientnetb0/block4c_project_conv/Conv2D/Conv2DBackpropFilter,4,70.656,17.664,70.656,17.664,0.0005734717919463559,0.8515468645951658,0.0,0.0
187,Device,Conv2DBackpropFilter,gradient_tape/efficientnetb0/block4b_project_conv/Conv2D/Conv2DBackpropFilter,4,69.633,17.40825,69.633,17.40825,0.0005651687229478119,0.8521120333181136,0.0,0.0
188,Device,Conv2DBackpropInput,gradient_tape/efficientnetb0/block5b_se_expand/Conv2D/Conv2DBackpropInput,4,69.633,17.40825,69.633,17.40825,0.0005651687229478119,0.8526772020410613,0.0,0.0
189,Device,Conv2D,efficientnetb0/block4b_project_conv/Conv2D,4,69.632,17.408,69.632,17.408,0.000565160606555829,0.8532423626476172,0.0,0.0
190,Device,Conv2D,efficientnetb0/block4c_project_conv/Conv2D,4,69.632,17.408,69.632,17.408,0.000565160606555829,0.8538075232541731,0.0,0.0
191,Device,Conv2D,efficientnetb0/block5b_se_reduce/Conv2D,4,68.608,17.152,68.608,17.152,0.0005568494211653021,0.8543643726753384,0.0,0.0
192,Device,Conv2D,efficientnetb0/block5c_se_reduce/Conv2D,4,68.608,17.152,68.608,17.152,0.0005568494211653021,0.8549212220965037,0.0,0.0
193,Device,RealDiv,gradient_tape/efficientnetb0/block1a_se_squeeze/truediv,2,68.608,34.304,68.608,34.304,0.0005568494211653021,0.855478071517669,0.0,0.0
194,Device,Conv2DBackpropInput,gradient_tape/efficientnetb0/block5b_project_conv/Conv2D/Conv2DBackpropInput,2,68.608,34.304,68.608,34.304,0.0005568494211653021,0.8560349209388343,0.0,0.0
195,Device,Pad,efficientnetb0/block6a_dwconv_pad/Pad,2,67.584,33.792,67.584,33.792,0.0005485382357747751,0.856583459174609,0.0,0.0
196,Device,Conv2D,efficientnetb0/block6a_se_reduce/Conv2D,4,67.584,16.896,67.584,16.896,0.0005485382357747751,0.8571319974103837,0.0,0.0
197,Device,Conv2DBackpropInput,gradient_tape/efficientnetb0/block5c_project_conv/Conv2D/Conv2DBackpropInput,2,65.536,32.768,65.536,32.768,0.0005319158649937214,0.8576639132753774,0.0,0.0
198,Device,Conv2DBackpropFilter,gradient_tape/efficientnetb0/block4a_expand_conv/Conv2D/Conv2DBackpropFilter,2,64.513,32.2565,64.513,32.2565,0.0005236127959951774,0.8581875260713726,0.0,0.0
199,Device,Conv2D,efficientnetb0/block6d_expand_conv/Conv2D,2,64.512,32.256,64.512,32.256,0.0005236046796031945,0.8587111307509758,0.0,0.0
200,Device,DepthwiseConv2dNativeBackpropInput,gradient_tape/efficientnetb0/block5a_dwconv/depthwise/DepthwiseConv2dNativeBackpropInput,2,64.512,32.256,64.512,32.256,0.0005236046796031945,0.859234735430579,0.0,0.0
201,Device,Conv2D,efficientnetb0/block6c_expand_conv/Conv2D,2,63.489,31.7445,63.489,31.7445,0.0005153016106046505,0.8597500370411837,0.0,0.0
202,Device,Conv2D,efficientnetb0/block7a_expand_conv/Conv2D,2,63.488,31.744,63.488,31.744,0.0005152934942126675,0.8602653305353963,0.0,0.0
203,Device,Conv2DBackpropFilter,gradient_tape/efficientnetb0/block3b_expand_conv/Conv2D/Conv2DBackpropFilter,2,63.488,31.744,63.488,31.744,0.0005152934942126675,0.860780624029609,0.0,0.0
204,Device,Sigmoid,SGD/gradients/Sigmoid_48,2,62.464,31.232,62.464,31.232,0.0005069823088221406,0.8612876063384312,0.0,0.0
205,Device,Conv2D,efficientnetb0/block1a_project_conv/Conv2D,2,62.464,31.232,62.464,31.232,0.0005069823088221406,0.8617945886472533,0.0,0.0
206,Device,Conv2D,efficientnetb0/block6b_expand_conv/Conv2D,2,62.464,31.232,62.464,31.232,0.0005069823088221406,0.8623015709560755,0.0,0.0
207,Device,Conv2DBackpropFilter,gradient_tape/efficientnetb0/block3a_project_conv/Conv2D/Conv2DBackpropFilter,2,60.418,30.209,60.418,30.209,0.0004903761708250527,0.8627919471269005,0.0,0.0
208,Device,Conv2D,efficientnetb0/block2b_project_conv/Conv2D,2,60.417,30.2085,60.417,30.2085,0.0004903680544330698,0.8632823151813336,0.0,0.0
209,Device,Conv2D,efficientnetb0/block5a_project_conv/Conv2D,2,60.416,30.208,60.416,30.208,0.0004903599380410869,0.8637726751193747,0.0,0.0
210,Device,Conv2D,efficientnetb0/block6a_expand_conv/Conv2D,2,60.416,30.208,60.416,30.208,0.0004903599380410869,0.8642630350574159,0.0,0.0
211,Device,Conv2DBackpropFilter,gradient_tape/efficientnetb0/block4a_project_conv/Conv2D/Conv2DBackpropFilter,4,59.392,14.848,59.392,14.848,0.00048204875265056,0.8647450838100664,0.0,0.0
212,Device,Conv2DBackpropInput,gradient_tape/efficientnetb0/block4c_se_expand/Conv2D/Conv2DBackpropInput,4,59.392,14.848,59.392,14.848,0.00048204875265056,0.865227132562717,0.0,0.0
213,Device,Conv2DBackpropInput,gradient_tape/efficientnetb0/block5a_se_expand/Conv2D/Conv2DBackpropInput,4,59.392,14.848,59.392,14.848,0.00048204875265056,0.8657091813153676,0.0,0.0
214,Device,Conv2DBackpropInput,gradient_tape/efficientnetb0/block6a_project_conv/Conv2D/Conv2DBackpropInput,2,59.392,29.696,59.392,29.696,0.00048204875265056,0.8661912300680181,0.0,0.0
215,Device,Conv2DBackpropFilter,gradient_tape/efficientnetb0/block6d_project_conv/Conv2D/Conv2DBackpropFilter,2,58.369,29.1845,58.369,29.1845,0.000473745683652016,0.8666649757516701,0.0,0.0
216,Device,Sigmoid,SGD/gradients/Sigmoid_44,2,58.368,29.184,58.368,29.184,0.0004737375672600331,0.8671387133189301,0.0,0.0
217,Device,Conv2D,efficientnetb0/block4c_se_reduce/Conv2D,4,58.368,14.592,58.368,14.592,0.0004737375672600331,0.8676124508861901,0.0,0.0
218,Device,Conv2D,efficientnetb0/block5b_expand_conv/Conv2D,2,58.368,29.184,58.368,29.184,0.0004737375672600331,0.8680861884534501,0.0,0.0
219,Device,Conv2DBackpropInput,gradient_tape/efficientnetb0/block4b_se_expand/Conv2D/Conv2DBackpropInput,4,58.368,14.592,58.368,14.592,0.0004737375672600331,0.8685599260207101,0.0,0.0
220,Device,Conv2D,efficientnetb0/block4a_project_conv/Conv2D,4,57.344,14.336,57.344,14.336,0.0004654263818695062,0.8690253524025796,0.0,0.0
221,Device,Conv2D,efficientnetb0/block5c_expand_conv/Conv2D,2,57.344,28.672,57.344,28.672,0.0004654263818695062,0.8694907787844491,0.0,0.0
222,Device,Conv2D,efficientnetb0/block4b_se_reduce/Conv2D,4,56.32,14.08,56.32,14.08,0.0004571151964789793,0.8699478939809281,0.0,0.0
223,Device,Conv2D,efficientnetb0/block5a_se_reduce/Conv2D,4,56.32,14.08,56.32,14.08,0.0004571151964789793,0.870405009177407,0.0,0.0
224,Device,Conv2DBackpropFilter,gradient_tape/efficientnetb0/block6b_project_conv/Conv2D/Conv2DBackpropFilter,2,56.32,28.16,56.32,28.16,0.0004571151964789793,0.870862124373886,0.0,0.0
225,Device,Conv2DBackpropFilter,gradient_tape/efficientnetb0/block6c_project_conv/Conv2D/Conv2DBackpropFilter,2,56.32,28.16,56.32,28.16,0.0004571151964789793,0.871319239570365,0.0,0.0
226,Device,DepthwiseConv2dNative,efficientnetb0/block3b_dwconv/depthwise,2,55.296,27.648,55.296,27.648,0.0004488040110884524,0.8717680435814534,0.0,0.0
227,Device,Sigmoid,efficientnetb0/block2a_activation/Sigmoid,2,54.273,27.1365,54.273,27.1365,0.00044050094208990845,0.8722085445235433,0.0,0.0
228,Device,Conv2DBackpropInput,gradient_tape/efficientnetb0/block5a_project_conv/Conv2D/Conv2DBackpropInput,2,54.272,27.136,54.272,27.136,0.00044049282569792546,0.8726490373492413,0.0,0.0
229,Device,Mul,gradient_tape/efficientnetb0/block3b_se_excite/mul/Mul_1,2,53.249,26.6245,53.249,26.6245,0.00043218975669938157,0.8730812271059406,0.0,0.0
230,Device,Conv2DBackpropFilter,gradient_tape/efficientnetb0/block6a_project_conv/Conv2D/Conv2DBackpropFilter,2,53.249,26.6245,53.249,26.6245,0.00043218975669938157,0.87351341686264,0.0,0.0
231,Device,Sub,SGD/gradients/sub_44,2,53.248,26.624,53.248,26.624,0.0004321816403073986,0.8739455985029474,0.0,0.0
232,Device,Mul,efficientnetb0/block2a_se_excite/mul,2,53.248,26.624,53.248,26.624,0.0004321816403073986,0.8743777801432548,0.0,0.0
233,Device,Mean,efficientnetb0/block2b_se_squeeze/Mean,2,53.248,26.624,53.248,26.624,0.0004321816403073986,0.8748099617835623,0.0,0.0
234,Device,Mul,gradient_tape/efficientnetb0/block2a_se_excite/mul/Mul,2,53.248,26.624,53.248,26.624,0.0004321816403073986,0.8752421434238697,0.0,0.0
235,Device,Conv2DBackpropInput,gradient_tape/efficientnetb0/block3b_se_expand/Conv2D/Conv2DBackpropInput,4,53.248,13.312,53.248,13.312,0.0004321816403073986,0.8756743250641772,0.0,0.0
236,Device,Conv2DBackpropInput,gradient_tape/efficientnetb0/block4a_se_expand/Conv2D/Conv2DBackpropInput,4,52.224,13.056,52.224,13.056,0.00042387045491687166,0.8760981955190941,0.0,0.0
237,Device,Transpose,SGD/gradients/AddN_23-1-TransposeNHWCToNCHW-LayoutOptimizer,2,51.2,25.6,51.2,25.6,0.00041555926952634484,0.8765137547886204,0.0,0.0
238,Device,Transpose,efficientnetb0/block2a_activation/mul-0-3-TransposeNCHWToNHWC-LayoutOptimizer,2,51.2,25.6,51.2,25.6,0.00041555926952634484,0.8769293140581467,0.0,0.0
239,Device,Conv2DBackpropInput,gradient_tape/efficientnetb0/block4c_project_conv/Conv2D/Conv2DBackpropInput,2,51.2,25.6,51.2,25.6,0.00041555926952634484,0.877344873327673,0.0,0.0
240,Device,Conv2D,efficientnetb0/block3b_project_conv/Conv2D,2,50.176,25.088,50.176,25.088,0.0004072480841358179,0.8777521214118088,0.0,0.0
241,Device,DepthwiseConv2dNative,efficientnetb0/block5a_dwconv/depthwise,2,50.176,25.088,50.176,25.088,0.0004072480841358179,0.8781593694959446,0.0,0.0
242,Device,Sum,gradient_tape/efficientnetb0/block2b_se_excite/mul/Sum_1,2,49.153,24.5765,49.153,24.5765,0.0003989450151372739,0.8785583145110819,0.0,0.0
243,Device,AddV2,SGD/gradients/add_44,2,49.152,24.576,49.152,24.576,0.00039893689874529104,0.8789572514098272,0.0,0.0
244,Device,FusedBatchNormGradV3,gradient_tape/efficientnetb0/block3b_bn/FusedBatchNormGradV3,2,49.152,24.576,49.152,24.576,0.00039893689874529104,0.8793561883085724,0.0,0.0
245,Device,FusedBatchNormGradV3,gradient_tape/efficientnetb0/block4a_expand_bn/FusedBatchNormGradV3,2,48.128,24.064,48.128,24.064,0.0003906257133547641,0.8797468140219272,0.0,0.0
246,Device,Conv2DBackpropInput,gradient_tape/efficientnetb0/block4b_project_conv/Conv2D/Conv2DBackpropInput,2,48.128,24.064,48.128,24.064,0.0003906257133547641,0.880137439735282,0.0,0.0
247,Device,Mean,efficientnetb0/block1a_se_squeeze/Mean,2,47.104,23.552,47.104,23.552,0.00038231452796423724,0.8805197542632462,0.0,0.0
248,Device,FusedBatchNormGradV3,gradient_tape/efficientnetb0/block3b_expand_bn/FusedBatchNormGradV3,2,47.104,23.552,47.104,23.552,0.00038231452796423724,0.8809020687912105,0.0,0.0
249,Device,Conv2DBackpropInput,gradient_tape/efficientnetb0/block3b_project_conv/Conv2D/Conv2DBackpropInput,2,47.104,23.552,47.104,23.552,0.00038231452796423724,0.8812843833191747,0.0,0.0
250,Device,Conv2D,efficientnetb0/block3b_se_reduce/Conv2D,2,46.081,23.0405,46.081,23.0405,0.0003740114589656933,0.8816583947781403,0.0,0.0
251,Device,Conv2D,efficientnetb0/block3b_expand_conv/Conv2D,2,45.057,22.5285,45.057,22.5285,0.00036570027357516637,0.8820240950517155,0.0,0.0
252,Device,Conv2D,efficientnetb0/block2a_project_conv/Conv2D,2,45.056,22.528,45.056,22.528,0.0003656921571831834,0.8823897872088987,0.0,0.0
253,Device,Pad,efficientnetb0/block4a_dwconv_pad/Pad,2,45.056,22.528,45.056,22.528,0.0003656921571831834,0.8827554793660819,0.0,0.0
254,Device,Conv2D,efficientnetb0/block4c_expand_conv/Conv2D,2,45.056,22.528,45.056,22.528,0.0003656921571831834,0.8831211715232651,0.0,0.0
255,Device,Mul,SGD/gradients/mul_107,2,44.032,22.016,44.032,22.016,0.0003573809717926565,0.8834785524950577,0.0,0.0
256,Device,Conv2D,efficientnetb0/block4b_expand_conv/Conv2D,2,44.032,22.016,44.032,22.016,0.0003573809717926565,0.8838359334668503,0.0,0.0
257,Device,Conv2D,efficientnetb0/block5a_expand_conv/Conv2D,2,44.032,22.016,44.032,22.016,0.0003573809717926565,0.8841933144386429,0.0,0.0
258,Device,Sum,gradient_tape/efficientnetb0/block1a_se_excite/mul/Sum_1,2,43.009,21.5045,43.009,21.5045,0.00034907790279411257,0.8845423923414371,0.0,0.0
259,Device,Conv2D,efficientnetb0/block4a_expand_conv/Conv2D,2,43.008,21.504,43.008,21.504,0.00034906978640212964,0.8848914621278392,0.0,0.0
260,Device,Conv2DBackpropInput,gradient_tape/efficientnetb0/block3a_project_conv/Conv2D/Conv2DBackpropInput,2,43.008,21.504,43.008,21.504,0.00034906978640212964,0.8852405319142413,0.0,0.0
261,Device,Conv2D,efficientnetb0/block4a_se_reduce/Conv2D,2,40.96,20.48,40.96,20.48,0.00033244741562107584,0.8855729793298625,0.0,0.0
262,Device,Mean,efficientnetb0/block2a_se_squeeze/Mean,2,39.937,19.9685,39.937,19.9685,0.00032414434662253184,0.885897123676485,0.0,0.0
263,Device,Mul,SGD/gradients/mul_110,2,39.936,19.968,39.936,19.968,0.00032413623023054897,0.8862212599067155,0.0,0.0
264,Device,Sigmoid,SGD/gradients/Sigmoid_36,2,38.912,19.456,38.912,19.456,0.00031582504484002204,0.8865370849515556,0.0,0.0
265,Device,Conv2DBackpropInput,gradient_tape/efficientnetb0/block4a_project_conv/Conv2D/Conv2DBackpropInput,2,38.912,19.456,38.912,19.456,0.00031582504484002204,0.8868529099963957,0.0,0.0
266,Device,FusedBatchNormGradV3,gradient_tape/efficientnetb0/top_bn/FusedBatchNormGradV3,2,38.912,19.456,38.912,19.456,0.00031582504484002204,0.8871687350412357,0.0,0.0
267,Device,FusedBatchNormV3,efficientnetb0/block6d_expand_bn/FusedBatchNormV3,4,37.889,9.47225,37.889,9.47225,0.0003075219758414781,0.8874762570170772,0.0,0.0
268,Device,DepthwiseConv2dNativeBackpropFilter,gradient_tape/efficientnetb0/block6d_dwconv/depthwise/DepthwiseConv2dNativeBackpropFilter,2,37.889,18.9445,37.889,18.9445,0.0003075219758414781,0.8877837789929187,0.0,0.0
269,Device,Sigmoid,SGD/gradients/Sigmoid_33,2,37.888,18.944,37.888,18.944,0.00030751385944949517,0.8880912928523682,0.0,0.0
270,Device,Sigmoid,SGD/gradients/Sigmoid_35,2,37.888,18.944,37.888,18.944,0.00030751385944949517,0.8883988067118177,0.0,0.0
271,Device,Mul,SGD/gradients/mul_101,2,37.888,18.944,37.888,18.944,0.00030751385944949517,0.8887063205712672,0.0,0.0
272,Device,Mul,SGD/gradients/mul_108,2,37.888,18.944,37.888,18.944,0.00030751385944949517,0.8890138344307167,0.0,0.0
273,Device,Mul,SGD/gradients/mul_99,2,37.888,18.944,37.888,18.944,0.00030751385944949517,0.8893213482901662,0.0,0.0
274,Device,FusedBatchNormV3,efficientnetb0/top_bn/FusedBatchNormV3,4,37.888,9.472,37.888,9.472,0.00030751385944949517,0.8896288621496157,0.0,0.0
275,Device,DepthwiseConv2dNativeBackpropInput,gradient_tape/efficientnetb0/block4b_dwconv/depthwise/DepthwiseConv2dNativeBackpropInput,2,37.888,18.944,37.888,18.944,0.00030751385944949517,0.8899363760090652,0.0,0.0
276,Device,DepthwiseConv2dNativeBackpropInput,gradient_tape/efficientnetb0/block4c_dwconv/depthwise/DepthwiseConv2dNativeBackpropInput,2,37.888,18.944,37.888,18.944,0.00030751385944949517,0.8902438898685147,0.0,0.0
277,Device,FusedBatchNormGradV3,gradient_tape/efficientnetb0/block5b_bn/FusedBatchNormGradV3,2,37.888,18.944,37.888,18.944,0.00030751385944949517,0.8905514037279642,0.0,0.0
278,Device,FusedBatchNormGradV3,gradient_tape/efficientnetb0/block5b_expand_bn/FusedBatchNormGradV3,2,37.888,18.944,37.888,18.944,0.00030751385944949517,0.8908589175874136,0.0,0.0
279,Device,FusedBatchNormGradV3,gradient_tape/efficientnetb0/block5c_bn/FusedBatchNormGradV3,2,37.888,18.944,37.888,18.944,0.00030751385944949517,0.8911664314468631,0.0,0.0
280,Device,FusedBatchNormGradV3,gradient_tape/efficientnetb0/block5c_expand_bn/FusedBatchNormGradV3,2,37.888,18.944,37.888,18.944,0.00030751385944949517,0.8914739453063126,0.0,0.0
281,Device,Slice,gradient_tape/efficientnetb0/block6a_dwconv_pad/Slice_1,2,37.888,18.944,37.888,18.944,0.00030751385944949517,0.8917814591657621,0.0,0.0
282,Device,FusedBatchNormGradV3,gradient_tape/efficientnetb0/block6a_expand_bn/FusedBatchNormGradV3,2,37.888,18.944,37.888,18.944,0.00030751385944949517,0.8920889730252116,0.0,0.0
283,Device,Transpose,gradient_tape/efficientnetb0/stem_conv/Conv2D/Conv2DBackpropFilter-0-TransposeNHWCToNCHW-LayoutOptimizer,2,37.888,18.944,37.888,18.944,0.00030751385944949517,0.8923964868846611,0.0,0.0
284,Device,FusedBatchNormV3,efficientnetb0/block6b_bn/FusedBatchNormV3,4,36.865,9.21625,36.865,9.21625,0.0002992107904509512,0.892695697675112,0.0,0.0
285,Device,AddN,SGD/gradients/AddN_18,2,36.864,18.432,36.864,18.432,0.00029920267405896824,0.892994900349171,0.0,0.0
286,Device,Mul,SGD/gradients/mul_109,2,36.864,18.432,36.864,18.432,0.00029920267405896824,0.8932941030232299,0.0,0.0
287,Device,Mean,efficientnetb0/avg_pool/Mean,2,36.864,18.432,36.864,18.432,0.00029920267405896824,0.8935933056972888,0.0,0.0
288,Device,FusedBatchNormV3,efficientnetb0/block6b_expand_bn/FusedBatchNormV3,4,36.864,9.216,36.864,9.216,0.00029920267405896824,0.8938925083713477,0.0,0.0
289,Device,FusedBatchNormV3,efficientnetb0/block6c_bn/FusedBatchNormV3,4,36.864,9.216,36.864,9.216,0.00029920267405896824,0.8941917110454066,0.0,0.0
290,Device,FusedBatchNormV3,efficientnetb0/block6c_expand_bn/FusedBatchNormV3,4,36.864,9.216,36.864,9.216,0.00029920267405896824,0.8944909137194655,0.0,0.0
291,Device,FusedBatchNormV3,efficientnetb0/block6d_bn/FusedBatchNormV3,4,36.864,9.216,36.864,9.216,0.00029920267405896824,0.8947901163935245,0.0,0.0
292,Device,FusedBatchNormV3,efficientnetb0/block7a_expand_bn/FusedBatchNormV3,4,36.864,9.216,36.864,9.216,0.00029920267405896824,0.8950893190675834,0.0,0.0
293,Device,BroadcastTo,gradient_tape/efficientnetb0/block2b_se_squeeze/BroadcastTo,2,36.864,18.432,36.864,18.432,0.00029920267405896824,0.8953885217416423,0.0,0.0
294,Device,DepthwiseConv2dNativeBackpropFilter,gradient_tape/efficientnetb0/block6b_dwconv/depthwise/DepthwiseConv2dNativeBackpropFilter,2,36.864,18.432,36.864,18.432,0.00029920267405896824,0.8956877244157012,0.0,0.0
295,Device,BiasAddGrad,gradient_tape/efficientnetb0/block6b_se_expand/BiasAdd/BiasAddGrad,2,36.864,18.432,36.864,18.432,0.00029920267405896824,0.8959869270897601,0.0,0.0
296,Device,DepthwiseConv2dNativeBackpropFilter,gradient_tape/efficientnetb0/block6c_dwconv/depthwise/DepthwiseConv2dNativeBackpropFilter,2,36.864,18.432,36.864,18.432,0.00029920267405896824,0.896286129763819,0.0,0.0
297,Device,BiasAddGrad,gradient_tape/efficientnetb0/block6c_se_expand/BiasAdd/BiasAddGrad,2,36.864,18.432,36.864,18.432,0.00029920267405896824,0.896585332437878,0.0,0.0
298,Device,FusedBatchNormV3,efficientnetb0/block7a_bn/FusedBatchNormV3,4,35.841,8.96025,35.841,8.96025,0.0002908996050604243,0.8968762320429384,0.0,0.0
299,Device,Mul,SGD/gradients/mul_100,2,35.84,17.92,35.84,17.92,0.00029089148866844137,0.8971671235316069,0.0,0.0
300,Device,Mul,SGD/gradients/mul_105,2,35.84,17.92,35.84,17.92,0.00029089148866844137,0.8974580150202753,0.0,0.0
301,Device,Mul,efficientnetb0/block3b_expand_activation/mul,2,35.84,17.92,35.84,17.92,0.00029089148866844137,0.8977489065089438,0.0,0.0
302,Device,FusedBatchNormGradV3,gradient_tape/efficientnetb0/block6b_bn/FusedBatchNormGradV3,2,35.84,17.92,35.84,17.92,0.00029089148866844137,0.8980397979976122,0.0,0.0
303,Device,BiasAddGrad,gradient_tape/efficientnetb0/block6d_se_expand/BiasAdd/BiasAddGrad,2,35.84,17.92,35.84,17.92,0.00029089148866844137,0.8983306894862807,0.0,0.0
304,Device,BiasAddGrad,gradient_tape/efficientnetb0/block7a_se_expand/BiasAdd/BiasAddGrad,2,35.84,17.92,35.84,17.92,0.00029089148866844137,0.8986215809749492,0.0,0.0
305,Device,Mul,efficientnetb0/block3b_activation/mul,2,34.817,17.4085,34.817,17.4085,0.0002825884196698974,0.898904169394619,0.0,0.0
306,Device,FusedBatchNormGradV3,gradient_tape/efficientnetb0/block6c_bn/FusedBatchNormGradV3,2,34.817,17.4085,34.817,17.4085,0.0002825884196698974,0.8991867578142889,0.0,0.0
307,Device,Mul,SGD/gradients/mul_106,2,34.816,17.408,34.816,17.408,0.0002825803032779145,0.8994693381175668,0.0,0.0
308,Device,Conv2D,efficientnetb0/block3a_project_conv/Conv2D,2,34.816,17.408,34.816,17.408,0.0002825803032779145,0.8997519184208447,0.0,0.0
309,Device,Mul,efficientnetb0/block3b_se_excite/mul,2,34.816,17.408,34.816,17.408,0.0002825803032779145,0.9000344987241226,0.0,0.0
310,Device,Mul,efficientnetb0/block4a_expand_activation/mul,2,34.816,17.408,34.816,17.408,0.0002825803032779145,0.9003170790274004,0.0,0.0
311,Device,Pad,efficientnetb0/stem_conv_pad/Pad,2,34.816,17.408,34.816,17.408,0.0002825803032779145,0.9005996593306783,0.0,0.0
312,Device,Conv2DBackpropInput,gradient_tape/efficientnetb0/block2a_se_expand/Conv2D/Conv2DBackpropInput,4,34.816,8.704,34.816,8.704,0.0002825803032779145,0.9008822396339562,0.0,0.0
313,Device,RealDiv,gradient_tape/efficientnetb0/block2a_se_squeeze/truediv,2,34.816,17.408,34.816,17.408,0.0002825803032779145,0.9011648199372341,0.0,0.0
314,Device,FusedBatchNormGradV3,gradient_tape/efficientnetb0/block6d_bn/FusedBatchNormGradV3,2,34.816,17.408,34.816,17.408,0.0002825803032779145,0.901447400240512,0.0,0.0
315,Device,FusedBatchNormGradV3,gradient_tape/efficientnetb0/block6d_expand_bn/FusedBatchNormGradV3,2,34.816,17.408,34.816,17.408,0.0002825803032779145,0.9017299805437898,0.0,0.0
316,Device,FusedBatchNormGradV3,gradient_tape/efficientnetb0/block7a_bn/FusedBatchNormGradV3,2,34.816,17.408,34.816,17.408,0.0002825803032779145,0.9020125608470677,0.0,0.0
317,Device,FusedBatchNormGradV3,gradient_tape/efficientnetb0/block2a_project_bn/FusedBatchNormGradV3,2,33.793,16.8965,33.793,16.8965,0.0002742772342793705,0.9022868380813471,0.0,0.0
318,Device,FusedBatchNormGradV3,gradient_tape/efficientnetb0/block2b_project_bn/FusedBatchNormGradV3,2,33.792,16.896,33.792,16.896,0.00027426911788738757,0.9025611071992345,0.0,0.0
319,Device,Conv2DBackpropInput,gradient_tape/efficientnetb0/block2b_se_expand/Conv2D/Conv2DBackpropInput,2,33.792,16.896,33.792,16.896,0.00027426911788738757,0.902835376317122,0.0,0.0
320,Device,Conv2DBackpropInput,gradient_tape/efficientnetb0/block3a_se_expand/Conv2D/Conv2DBackpropInput,2,33.792,16.896,33.792,16.896,0.00027426911788738757,0.9031096454350094,0.0,0.0
321,Device,Slice,gradient_tape/efficientnetb0/block4a_dwconv_pad/Slice_1,2,33.792,16.896,33.792,16.896,0.00027426911788738757,0.9033839145528968,0.0,0.0
322,Device,Mul,gradient_tape/efficientnetb0/block5b_se_excite/mul/Mul_1,2,33.792,16.896,33.792,16.896,0.00027426911788738757,0.9036581836707842,0.0,0.0
323,Device,FusedBatchNormGradV3,gradient_tape/efficientnetb0/block6b_expand_bn/FusedBatchNormGradV3,2,33.792,16.896,33.792,16.896,0.00027426911788738757,0.9039324527886716,0.0,0.0
324,Device,FusedBatchNormGradV3,gradient_tape/efficientnetb0/block6c_expand_bn/FusedBatchNormGradV3,2,33.792,16.896,33.792,16.896,0.00027426911788738757,0.904206721906559,0.0,0.0
325,Device,FusedBatchNormGradV3,gradient_tape/efficientnetb0/block7a_expand_bn/FusedBatchNormGradV3,2,33.792,16.896,33.792,16.896,0.00027426911788738757,0.9044809910244465,0.0,0.0
326,Device,FusedBatchNormV3,efficientnetb0/block5c_bn/FusedBatchNormV3,4,32.768,8.192,32.768,8.192,0.0002659579324968607,0.9047469489569433,0.0,0.0
327,Device,Mean,efficientnetb0/block6b_se_squeeze/Mean,2,32.768,16.384,32.768,16.384,0.0002659579324968607,0.9050129068894401,0.0,0.0
328,Device,Mean,efficientnetb0/block6c_se_squeeze/Mean,2,32.768,16.384,32.768,16.384,0.0002659579324968607,0.905278864821937,0.0,0.0
329,Device,Mean,efficientnetb0/block6d_se_squeeze/Mean,2,32.768,16.384,32.768,16.384,0.0002659579324968607,0.9055448227544338,0.0,0.0
330,Device,Mean,efficientnetb0/block7a_se_squeeze/Mean,2,32.768,16.384,32.768,16.384,0.0002659579324968607,0.9058107806869307,0.0,0.0
331,Device,BroadcastTo,gradient_tape/efficientnetb0/block1a_se_squeeze/BroadcastTo,2,32.768,16.384,32.768,16.384,0.0002659579324968607,0.9060767386194275,0.0,0.0
332,Device,Mul,gradient_tape/efficientnetb0/block5c_se_excite/mul/Mul_1,2,32.768,16.384,32.768,16.384,0.0002659579324968607,0.9063426965519243,0.0,0.0
333,Device,Sum,gradient_tape/efficientnetb0/block6d_se_excite/mul/Sum_1,2,31.745,15.8725,31.745,15.8725,0.00025765486349831675,0.9066003514154226,0.0,0.0
334,Device,FusedBatchNormV3,efficientnetb0/block5b_bn/FusedBatchNormV3,4,31.744,7.936,31.744,7.936,0.00025764674710633377,0.906857998162529,0.0,0.0
335,Device,DepthwiseConv2dNative,efficientnetb0/block6b_dwconv/depthwise,2,31.744,15.872,31.744,15.872,0.00025764674710633377,0.9071156449096354,0.0,0.0
336,Device,DepthwiseConv2dNative,efficientnetb0/block6c_dwconv/depthwise,2,31.744,15.872,31.744,15.872,0.00025764674710633377,0.9073732916567417,0.0,0.0
337,Device,DepthwiseConv2dNative,efficientnetb0/block6d_dwconv/depthwise,2,31.744,15.872,31.744,15.872,0.00025764674710633377,0.9076309384038481,0.0,0.0
338,Device,Mul,gradient_tape/efficientnetb0/block3b_se_excite/mul/Mul,2,31.744,15.872,31.744,15.872,0.00025764674710633377,0.9078885851509545,0.0,0.0
339,Device,Sum,gradient_tape/efficientnetb0/block6b_se_excite/mul/Sum_1,2,31.744,15.872,31.744,15.872,0.00025764674710633377,0.9081462318980609,0.0,0.0
340,Device,Sum,gradient_tape/efficientnetb0/block7a_se_excite/mul/Sum_1,2,31.744,15.872,31.744,15.872,0.00025764674710633377,0.9084038786451673,0.0,0.0
341,Device,Conv2DBackpropInput,gradient_tape/efficientnetb0/block5b_se_reduce/Conv2D/Conv2DBackpropInput,2,30.721,15.3605,30.721,15.3605,0.0002493436781077898,0.9086532223232751,0.0,0.0
342,Device,FusedBatchNormV3,efficientnetb0/block3b_bn/FusedBatchNormV3,4,30.72,7.68,30.72,7.68,0.0002493355617158069,0.9089025578849909,0.0,0.0
343,Device,FusedBatchNormV3,efficientnetb0/block5b_expand_bn/FusedBatchNormV3,4,30.72,7.68,30.72,7.68,0.0002493355617158069,0.9091518934467067,0.0,0.0
344,Device,Conv2DBackpropInput,gradient_tape/efficientnetb0/block5c_se_reduce/Conv2D/Conv2DBackpropInput,2,30.72,15.36,30.72,15.36,0.0002493355617158069,0.9094012290084225,0.0,0.0
345,Device,Conv2DBackpropInput,gradient_tape/efficientnetb0/block6b_se_reduce/Conv2D/Conv2DBackpropInput,2,30.72,15.36,30.72,15.36,0.0002493355617158069,0.9096505645701383,0.0,0.0
346,Device,Sum,gradient_tape/efficientnetb0/block6c_se_excite/mul/Sum_1,2,30.72,15.36,30.72,15.36,0.0002493355617158069,0.9098999001318541,0.0,0.0
347,Device,Conv2DBackpropInput,gradient_tape/efficientnetb0/block6c_se_reduce/Conv2D/Conv2DBackpropInput,2,30.72,15.36,30.72,15.36,0.0002493355617158069,0.9101492356935699,0.0,0.0
348,Device,Conv2DBackpropInput,gradient_tape/efficientnetb0/block6d_se_reduce/Conv2D/Conv2DBackpropInput,2,30.72,15.36,30.72,15.36,0.0002493355617158069,0.9103985712552857,0.0,0.0
349,Device,DepthwiseConv2dNative,efficientnetb0/block4a_dwconv/depthwise,2,29.697,14.8485,29.697,14.8485,0.00024103249271726292,0.9106396037480029,0.0,0.0
350,Device,Conv2DBackpropFilter,gradient_tape/efficientnetb0/block4b_se_reduce/Conv2D/Conv2DBackpropFilter,2,29.697,14.8485,29.697,14.8485,0.00024103249271726292,0.9108806362407201,0.0,0.0
351,Device,Conv2D,efficientnetb0/block2b_se_reduce/Conv2D,2,29.696,14.848,29.696,14.848,0.00024102437632528,0.9111216606170454,0.0,0.0
352,Device,Conv2D,efficientnetb0/block3a_se_reduce/Conv2D,2,29.696,14.848,29.696,14.848,0.00024102437632528,0.9113626849933706,0.0,0.0
353,Device,FusedBatchNormV3,efficientnetb0/block4a_expand_bn/FusedBatchNormV3,4,29.696,7.424,29.696,7.424,0.00024102437632528,0.9116037093696958,0.0,0.0
354,Device,DepthwiseConv2dNative,efficientnetb0/block4b_dwconv/depthwise,2,29.696,14.848,29.696,14.848,0.00024102437632528,0.911844733746021,0.0,0.0
355,Device,FusedBatchNormV3,efficientnetb0/block5c_expand_bn/FusedBatchNormV3,4,29.696,7.424,29.696,7.424,0.00024102437632528,0.9120857581223463,0.0,0.0
356,Device,FusedBatchNormV3,efficientnetb0/block6a_expand_bn/FusedBatchNormV3,4,29.696,7.424,29.696,7.424,0.00024102437632528,0.9123267824986715,0.0,0.0
357,Device,Conv2DBackpropInput,gradient_tape/efficientnetb0/block6a_se_reduce/Conv2D/Conv2DBackpropInput,2,29.696,14.848,29.696,14.848,0.00024102437632528,0.9125678068749967,0.0,0.0
358,Device,Conv2DBackpropInput,gradient_tape/efficientnetb0/block7a_se_reduce/Conv2D/Conv2DBackpropInput,2,29.696,14.848,29.696,14.848,0.00024102437632528,0.912808831251322,0.0,0.0
359,Device,Sigmoid,efficientnetb0/block4a_expand_activation/Sigmoid,2,28.672,14.336,28.672,14.336,0.0002327131909347531,0.9130415444422567,0.0,0.0
360,Device,DepthwiseConv2dNative,efficientnetb0/block4c_dwconv/depthwise,2,28.672,14.336,28.672,14.336,0.0002327131909347531,0.9132742576331915,0.0,0.0
361,Device,Conv2DBackpropFilter,gradient_tape/efficientnetb0/block5a_se_expand/Conv2D/Conv2DBackpropFilter,2,28.672,14.336,28.672,14.336,0.0002327131909347531,0.9135069708241262,0.0,0.0
362,Device,Conv2DBackpropFilter,gradient_tape/efficientnetb0/block5a_se_reduce/Conv2D/Conv2DBackpropFilter,2,28.672,14.336,28.672,14.336,0.0002327131909347531,0.913739684015061,0.0,0.0
363,Device,Sigmoid,SGD/gradients/Sigmoid_20,2,27.649,13.8245,27.649,13.8245,0.00022441012193620915,0.9139640941369972,0.0,0.0
364,Device,Sigmoid,efficientnetb0/block3b_activation/Sigmoid,2,27.648,13.824,27.648,13.824,0.0002244020055442262,0.9141884961425414,0.0,0.0
365,Device,FusedBatchNormV3,efficientnetb0/block3b_expand_bn/FusedBatchNormV3,4,27.648,6.912,27.648,6.912,0.0002244020055442262,0.9144128981480856,0.0,0.0
366,Device,FusedBatchNormV3,efficientnetb0/block6a_bn/FusedBatchNormV3,4,27.648,6.912,27.648,6.912,0.0002244020055442262,0.9146373001536298,0.0,0.0
367,Device,FusedBatchNormGradV3,gradient_tape/efficientnetb0/block4c_bn/FusedBatchNormGradV3,2,27.648,13.824,27.648,13.824,0.0002244020055442262,0.914861702159174,0.0,0.0
368,Device,Conv2DBackpropFilter,gradient_tape/efficientnetb0/block4c_se_expand/Conv2D/Conv2DBackpropFilter,2,27.648,13.824,27.648,13.824,0.0002244020055442262,0.9150861041647181,0.0,0.0
369,Device,Conv2DBackpropFilter,gradient_tape/efficientnetb0/block4c_se_reduce/Conv2D/Conv2DBackpropFilter,2,27.648,13.824,27.648,13.824,0.0002244020055442262,0.9153105061702623,0.0,0.0
370,Device,Conv2DBackpropInput,gradient_tape/efficientnetb0/block4c_se_reduce/Conv2D/Conv2DBackpropInput,2,27.648,13.824,27.648,13.824,0.0002244020055442262,0.9155349081758065,0.0,0.0
371,Device,Conv2DBackpropFilter,gradient_tape/efficientnetb0/block6b_se_expand/Conv2D/Conv2DBackpropFilter,2,26.625,13.3125,26.625,13.3125,0.00021609893654568222,0.9157510071123522,0.0,0.0
372,Device,Conv2DBackpropFilter,gradient_tape/efficientnetb0/block7a_se_expand/Conv2D/Conv2DBackpropFilter,2,26.625,13.3125,26.625,13.3125,0.00021609893654568222,0.915967106048898,0.0,0.0
373,Device,Sigmoid,SGD/gradients/Sigmoid_21,2,26.624,13.312,26.624,13.312,0.0002160908201536993,0.9161831968690517,0.0,0.0
374,Device,Sigmoid,efficientnetb0/block3b_expand_activation/Sigmoid,2,26.624,13.312,26.624,13.312,0.0002160908201536993,0.9163992876892054,0.0,0.0
375,Device,Conv2DBackpropFilter,gradient_tape/efficientnetb0/block4b_se_expand/Conv2D/Conv2DBackpropFilter,2,26.624,13.312,26.624,13.312,0.0002160908201536993,0.9166153785093591,0.0,0.0
376,Device,Conv2DBackpropInput,gradient_tape/efficientnetb0/block5a_se_reduce/Conv2D/Conv2DBackpropInput,2,26.624,13.312,26.624,13.312,0.0002160908201536993,0.9168314693295129,0.0,0.0
377,Device,Conv2DBackpropFilter,gradient_tape/efficientnetb0/block5b_se_expand/Conv2D/Conv2DBackpropFilter,2,26.624,13.312,26.624,13.312,0.0002160908201536993,0.9170475601496666,0.0,0.0
378,Device,Conv2DBackpropFilter,gradient_tape/efficientnetb0/block6c_se_expand/Conv2D/Conv2DBackpropFilter,2,26.624,13.312,26.624,13.312,0.0002160908201536993,0.9172636509698203,0.0,0.0
379,Device,FusedBatchNormGradV3,gradient_tape/efficientnetb0/block5a_expand_bn/FusedBatchNormGradV3,2,25.601,12.8005,25.601,12.8005,0.00020778775115515532,0.9174714387209755,0.0,0.0
380,Device,ArgMax,ArgMax,2,25.6,12.8,25.6,12.8,0.00020777963476317242,0.9176792183557386,0.0,0.0
381,Device,Sigmoid,SGD/gradients/Sigmoid_18,2,25.6,12.8,25.6,12.8,0.00020777963476317242,0.9178869979905018,0.0,0.0
382,Device,Mul,SGD/gradients/mul_53,2,25.6,12.8,25.6,12.8,0.00020777963476317242,0.9180947776252649,0.0,0.0
383,Device,FusedBatchNormV3,efficientnetb0/block5a_bn/FusedBatchNormV3,4,25.6,6.4,25.6,6.4,0.00020777963476317242,0.9183025572600281,0.0,0.0
384,Device,BroadcastTo,gradient_tape/efficientnetb0/block2a_se_squeeze/BroadcastTo,2,25.6,12.8,25.6,12.8,0.00020777963476317242,0.9185103368947912,0.0,0.0
385,Device,FusedBatchNormGradV3,gradient_tape/efficientnetb0/block4b_bn/FusedBatchNormGradV3,2,25.6,12.8,25.6,12.8,0.00020777963476317242,0.9187181165295544,0.0,0.0
386,Device,FusedBatchNormGradV3,gradient_tape/efficientnetb0/block4b_expand_bn/FusedBatchNormGradV3,2,25.6,12.8,25.6,12.8,0.00020777963476317242,0.9189258961643175,0.0,0.0
387,Device,Conv2DBackpropInput,gradient_tape/efficientnetb0/block4b_se_reduce/Conv2D/Conv2DBackpropInput,2,25.6,12.8,25.6,12.8,0.00020777963476317242,0.9191336757990807,0.0,0.0
388,Device,FusedBatchNormGradV3,gradient_tape/efficientnetb0/block5a_bn/FusedBatchNormGradV3,2,25.6,12.8,25.6,12.8,0.00020777963476317242,0.9193414554338438,0.0,0.0
389,Device,Conv2DBackpropFilter,gradient_tape/efficientnetb0/block6a_se_reduce/Conv2D/Conv2DBackpropFilter,2,25.6,12.8,25.6,12.8,0.00020777963476317242,0.919549235068607,0.0,0.0
390,Device,Conv2DBackpropFilter,gradient_tape/efficientnetb0/block6b_se_reduce/Conv2D/Conv2DBackpropFilter,2,25.6,12.8,25.6,12.8,0.00020777963476317242,0.9197570147033701,0.0,0.0
391,Device,Conv2DBackpropFilter,gradient_tape/efficientnetb0/block6d_se_expand/Conv2D/Conv2DBackpropFilter,2,25.6,12.8,25.6,12.8,0.00020777963476317242,0.9199647943381333,0.0,0.0
392,Device,Conv2DBackpropFilter,gradient_tape/efficientnetb0/block6d_se_reduce/Conv2D/Conv2DBackpropFilter,2,25.6,12.8,25.6,12.8,0.00020777963476317242,0.9201725739728964,0.0,0.0
393,Device,DepthwiseConv2dNativeBackpropFilter,gradient_tape/efficientnetb0/block7a_dwconv/depthwise/DepthwiseConv2dNativeBackpropFilter,2,25.6,12.8,25.6,12.8,0.00020777963476317242,0.9203803536076596,0.0,0.0
394,Device,ResourceApplyGradientDescent,SGD/SGD/update_208/ResourceApplyGradientDescent,2,24.577,12.2885,24.577,12.2885,0.00019947656576462845,0.9205798301734242,0.0,0.0
395,Device,Sigmoid,SGD/gradients/Sigmoid_15,2,24.577,12.2885,24.577,12.2885,0.00019947656576462845,0.9207793067391887,0.0,0.0
396,Device,Conv2DBackpropFilter,gradient_tape/efficientnetb0/block6c_se_reduce/Conv2D/Conv2DBackpropFilter,2,24.577,12.2885,24.577,12.2885,0.00019947656576462845,0.9209787833049533,0.0,0.0
397,Device,Sigmoid,SGD/gradients/Sigmoid_17,2,24.576,12.288,24.576,12.288,0.00019946844937264552,0.921178251754326,0.0,0.0
398,Device,Mul,SGD/gradients/mul_52,2,24.576,12.288,24.576,12.288,0.00019946844937264552,0.9213777202036987,0.0,0.0
399,Device,Mul,SGD/gradients/mul_55,2,24.576,12.288,24.576,12.288,0.00019946844937264552,0.9215771886530714,0.0,0.0
400,Device,Mul,SGD/gradients/mul_62,2,24.576,12.288,24.576,12.288,0.00019946844937264552,0.921776657102444,0.0,0.0
401,Device,Conv2D,efficientnetb0/block2a_se_reduce/Conv2D,2,24.576,12.288,24.576,12.288,0.00019946844937264552,0.9219761255518167,0.0,0.0
402,Device,FusedBatchNormV3,efficientnetb0/block3a_bn/FusedBatchNormV3,4,24.576,6.144,24.576,6.144,0.00019946844937264552,0.9221755940011894,0.0,0.0
403,Device,FusedBatchNormV3,efficientnetb0/block4c_expand_bn/FusedBatchNormV3,4,24.576,6.144,24.576,6.144,0.00019946844937264552,0.9223750624505621,0.0,0.0
404,Device,Sum,gradient_tape/efficientnetb0/block2a_se_excite/mul/Sum_1,2,24.576,12.288,24.576,12.288,0.00019946844937264552,0.9225745308999348,0.0,0.0
405,Device,FusedBatchNormGradV3,gradient_tape/efficientnetb0/block4c_expand_bn/FusedBatchNormGradV3,2,24.576,12.288,24.576,12.288,0.00019946844937264552,0.9227739993493075,0.0,0.0
406,Device,BiasAddGrad,gradient_tape/efficientnetb0/block5b_se_expand/BiasAdd/BiasAddGrad,2,24.576,12.288,24.576,12.288,0.00019946844937264552,0.9229734677986802,0.0,0.0
407,Device,BiasAddGrad,gradient_tape/efficientnetb0/block5c_se_expand/BiasAdd/BiasAddGrad,2,24.576,12.288,24.576,12.288,0.00019946844937264552,0.9231729362480529,0.0,0.0
408,Device,Conv2DBackpropFilter,gradient_tape/efficientnetb0/block5c_se_expand/Conv2D/Conv2DBackpropFilter,2,24.576,12.288,24.576,12.288,0.00019946844937264552,0.9233724046974255,0.0,0.0
409,Device,Conv2D,efficientnetb0/block7a_se_expand/Conv2D,2,23.553,11.7765,23.553,11.7765,0.00019116538037410155,0.9235635700777997,0.0,0.0
410,Device,Conv2DBackpropFilter,gradient_tape/efficientnetb0/block6a_se_expand/Conv2D/Conv2DBackpropFilter,2,23.553,11.7765,23.553,11.7765,0.00019116538037410155,0.9237547354581738,0.0,0.0
411,Device,Mul,SGD/gradients/mul_46,2,23.552,11.776,23.552,11.776,0.00019115726398211862,0.9239458927221559,0.0,0.0
412,Device,Mul,SGD/gradients/mul_61,2,23.552,11.776,23.552,11.776,0.00019115726398211862,0.924137049986138,0.0,0.0
413,Device,Mul,SGD/gradients/mul_64,2,23.552,11.776,23.552,11.776,0.00019115726398211862,0.9243282072501201,0.0,0.0
414,Device,FusedBatchNormV3,efficientnetb0/block2a_project_bn/FusedBatchNormV3,4,23.552,5.888,23.552,5.888,0.00019115726398211862,0.9245193645141022,0.0,0.0
415,Device,FusedBatchNormV3,efficientnetb0/block4b_bn/FusedBatchNormV3,4,23.552,5.888,23.552,5.888,0.00019115726398211862,0.9247105217780843,0.0,0.0
416,Device,FusedBatchNormV3,efficientnetb0/block4b_expand_bn/FusedBatchNormV3,4,23.552,5.888,23.552,5.888,0.00019115726398211862,0.9249016790420664,0.0,0.0
417,Device,FusedBatchNormV3,efficientnetb0/block4c_bn/FusedBatchNormV3,4,23.552,5.888,23.552,5.888,0.00019115726398211862,0.9250928363060485,0.0,0.0
418,Device,FusedBatchNormV3,efficientnetb0/block5a_expand_bn/FusedBatchNormV3,4,23.552,5.888,23.552,5.888,0.00019115726398211862,0.9252839935700307,0.0,0.0
419,Device,FusedBatchNormGradV3,gradient_tape/efficientnetb0/block3a_bn/FusedBatchNormGradV3,2,23.552,11.776,23.552,11.776,0.00019115726398211862,0.9254751508340128,0.0,0.0
420,Device,Mul,gradient_tape/efficientnetb0/block3a_se_excite/mul/Mul_1,2,23.552,11.776,23.552,11.776,0.00019115726398211862,0.9256663080979949,0.0,0.0
421,Device,Mul,gradient_tape/efficientnetb0/block5b_se_excite/mul/Mul,2,23.552,11.776,23.552,11.776,0.00019115726398211862,0.925857465361977,0.0,0.0
422,Device,Conv2DBackpropFilter,gradient_tape/efficientnetb0/block5b_se_reduce/Conv2D/Conv2DBackpropFilter,2,23.552,11.776,23.552,11.776,0.00019115726398211862,0.9260486226259591,0.0,0.0
423,Device,Mul,gradient_tape/efficientnetb0/block5c_se_excite/mul/Mul,2,23.552,11.776,23.552,11.776,0.00019115726398211862,0.9262397798899412,0.0,0.0
424,Device,Conv2DBackpropFilter,gradient_tape/efficientnetb0/block5c_se_reduce/Conv2D/Conv2DBackpropFilter,2,23.552,11.776,23.552,11.776,0.00019115726398211862,0.9264309371539233,0.0,0.0
425,Device,FusedBatchNormGradV3,gradient_tape/efficientnetb0/block6a_bn/FusedBatchNormGradV3,2,23.552,11.776,23.552,11.776,0.00019115726398211862,0.9266220944179054,0.0,0.0
426,Device,DepthwiseConv2dNativeBackpropInput,gradient_tape/efficientnetb0/block6b_dwconv/depthwise/DepthwiseConv2dNativeBackpropInput,2,23.552,11.776,23.552,11.776,0.00019115726398211862,0.9268132516818876,0.0,0.0
427,Device,DepthwiseConv2dNativeBackpropInput,gradient_tape/efficientnetb0/block6d_dwconv/depthwise/DepthwiseConv2dNativeBackpropInput,2,23.552,11.776,23.552,11.776,0.00019115726398211862,0.9270044089458697,0.0,0.0
428,Device,DepthwiseConv2dNativeBackpropInput,gradient_tape/efficientnetb0/block7a_dwconv/depthwise/DepthwiseConv2dNativeBackpropInput,2,23.552,11.776,23.552,11.776,0.00019115726398211862,0.9271955662098518,0.0,0.0
429,Device,Conv2DBackpropFilter,gradient_tape/efficientnetb0/block7a_se_reduce/Conv2D/Conv2DBackpropFilter,2,23.552,11.776,23.552,11.776,0.00019115726398211862,0.9273867234738339,0.0,0.0
430,Device,Sub,SGD/gradients/sub_33,2,22.528,11.264,22.528,11.264,0.0001828460785915917,0.9275695695524254,0.0,0.0
431,Device,FusedBatchNormV3,efficientnetb0/block2b_project_bn/FusedBatchNormV3,4,22.528,5.632,22.528,5.632,0.0001828460785915917,0.927752415631017,0.0,0.0
432,Device,Transpose,efficientnetb0/block3b_activation/mul-0-3-TransposeNCHWToNHWC-LayoutOptimizer,2,22.528,11.264,22.528,11.264,0.0001828460785915917,0.9279352617096085,0.0,0.0
433,Device,Mean,efficientnetb0/block3b_se_squeeze/Mean,2,22.528,11.264,22.528,11.264,0.0001828460785915917,0.9281181077882,0.0,0.0
434,Device,Mean,efficientnetb0/block5b_se_squeeze/Mean,2,22.528,11.264,22.528,11.264,0.0001828460785915917,0.9283009538667916,0.0,0.0
435,Device,Mean,efficientnetb0/block5c_se_squeeze/Mean,2,22.528,11.264,22.528,11.264,0.0001828460785915917,0.9284837999453831,0.0,0.0
436,Device,Mean,efficientnetb0/block6a_se_squeeze/Mean,2,22.528,11.264,22.528,11.264,0.0001828460785915917,0.9286666460239746,0.0,0.0
437,Device,Conv2D,efficientnetb0/block6c_se_expand/Conv2D,2,22.528,11.264,22.528,11.264,0.0001828460785915917,0.9288494921025662,0.0,0.0
438,Device,Conv2D,efficientnetb0/block6d_se_expand/Conv2D,2,22.528,11.264,22.528,11.264,0.0001828460785915917,0.9290323381811577,0.0,0.0
439,Device,RealDiv,efficientnetb0/normalization/truediv,2,22.528,11.264,22.528,11.264,0.0001828460785915917,0.9292151842597492,0.0,0.0
440,Device,MatMul,efficientnetb0/predictions/MatMul,2,22.528,11.264,22.528,11.264,0.0001828460785915917,0.9293980303383408,0.0,0.0
441,Device,Conv2DBackpropInput,gradient_tape/efficientnetb0/block1a_se_expand/Conv2D/Conv2DBackpropInput,2,22.528,11.264,22.528,11.264,0.0001828460785915917,0.9295808764169323,0.0,0.0
442,Device,BiasAddGrad,gradient_tape/efficientnetb0/block6a_se_expand/BiasAdd/BiasAddGrad,2,22.528,11.264,22.528,11.264,0.0001828460785915917,0.9297637224955239,0.0,0.0
443,Device,DepthwiseConv2dNativeBackpropInput,gradient_tape/efficientnetb0/block6c_dwconv/depthwise/DepthwiseConv2dNativeBackpropInput,2,22.528,11.264,22.528,11.264,0.0001828460785915917,0.9299465685741154,0.0,0.0
444,Device,Sum,gradient_tape/efficientnetb0/block5b_se_excite/mul/Sum_1,2,21.505,10.7525,21.505,10.7525,0.00017454300959304775,0.9301211115837085,0.0,0.0
445,Device,Mul,SGD/gradients/mul_116,2,21.504,10.752,21.504,10.752,0.00017453489320106482,0.9302956464769095,0.0,0.0
446,Device,Mul,SGD/gradients/mul_45,2,21.504,10.752,21.504,10.752,0.00017453489320106482,0.9304701813701106,0.0,0.0
447,Device,Sub,SGD/gradients/sub_35,2,21.504,10.752,21.504,10.752,0.00017453489320106482,0.9306447162633117,0.0,0.0
448,Device,Conv2D,efficientnetb0/block6b_se_expand/Conv2D,2,21.504,10.752,21.504,10.752,0.00017453489320106482,0.9308192511565128,0.0,0.0
449,Device,Mul,efficientnetb0/rescaling/mul,2,21.504,10.752,21.504,10.752,0.00017453489320106482,0.9309937860497138,0.0,0.0
450,Device,Sum,gradient_tape/efficientnetb0/block5c_se_excite/mul/Sum_1,2,21.504,10.752,21.504,10.752,0.00017453489320106482,0.9311683209429149,0.0,0.0
451,Device,Sigmoid,SGD/gradients/Sigmoid_38,2,20.481,10.2405,20.481,10.2405,0.00016623182420252088,0.9313345527671174,0.0,0.0
452,Device,Mul,SGD/gradients/mul_54,2,20.481,10.2405,20.481,10.2405,0.00016623182420252088,0.9315007845913199,0.0,0.0
453,Device,AddN,SGD/gradients/AddN_10,2,20.48,10.24,20.48,10.24,0.00016622370781053792,0.9316670082991304,0.0,0.0
454,Device,Mul,SGD/gradients/mul_51,2,20.48,10.24,20.48,10.24,0.00016622370781053792,0.9318332320069409,0.0,0.0
455,Device,Mul,SGD/gradients/mul_60,2,20.48,10.24,20.48,10.24,0.00016622370781053792,0.9319994557147514,0.0,0.0
456,Device,Mul,SGD/gradients/mul_63,2,20.48,10.24,20.48,10.24,0.00016622370781053792,0.9321656794225619,0.0,0.0
457,Device,Mul,SGD/gradients/mul_65,2,20.48,10.24,20.48,10.24,0.00016622370781053792,0.9323319031303724,0.0,0.0
458,Device,Mul,SGD/gradients/mul_71,2,20.48,10.24,20.48,10.24,0.00016622370781053792,0.9324981268381829,0.0,0.0
459,Device,Mul,SGD/gradients/mul_89,2,20.48,10.24,20.48,10.24,0.00016622370781053792,0.9326643505459934,0.0,0.0
460,Device,Sub,SGD/gradients/sub_36,2,20.48,10.24,20.48,10.24,0.00016622370781053792,0.9328305742538039,0.0,0.0
461,Device,Conv2D,efficientnetb0/block5b_se_expand/Conv2D,2,20.48,10.24,20.48,10.24,0.00016622370781053792,0.9329967979616144,0.0,0.0
462,Device,Mul,efficientnetb0/block5c_se_excite/mul,2,20.48,10.24,20.48,10.24,0.00016622370781053792,0.9331630216694249,0.0,0.0
463,Device,Conv2D,efficientnetb0/block6a_se_expand/Conv2D,2,20.48,10.24,20.48,10.24,0.00016622370781053792,0.9333292453772354,0.0,0.0
464,Device,Softmax,efficientnetb0/predictions/Softmax,2,20.48,10.24,20.48,10.24,0.00016622370781053792,0.9334954690850459,0.0,0.0
465,Device,Mul,gradient_tape/efficientnetb0/block3a_se_excite/mul/Mul,2,20.48,10.24,20.48,10.24,0.00016622370781053792,0.9336616927928564,0.0,0.0
466,Device,RealDiv,gradient_tape/efficientnetb0/block3b_se_squeeze/truediv,2,20.48,10.24,20.48,10.24,0.00016622370781053792,0.9338279165006669,0.0,0.0
467,Device,Mul,gradient_tape/efficientnetb0/block4b_se_excite/mul/Mul_1,2,20.48,10.24,20.48,10.24,0.00016622370781053792,0.9339941402084774,0.0,0.0
468,Device,Mul,gradient_tape/efficientnetb0/block4c_se_excite/mul/Mul_1,2,20.48,10.24,20.48,10.24,0.00016622370781053792,0.9341603639162879,0.0,0.0
469,Device,Mul,gradient_tape/efficientnetb0/block5a_se_excite/mul/Mul_1,2,20.48,10.24,20.48,10.24,0.00016622370781053792,0.9343265876240984,0.0,0.0
470,Device,Sum,gradient_tape/efficientnetb0/block6a_se_excite/mul/Sum_1,2,20.48,10.24,20.48,10.24,0.00016622370781053792,0.9344928113319089,0.0,0.0
471,Device,ArgMax,ArgMax_1,2,19.457,9.7285,19.457,9.7285,0.00015792063881199398,0.9346507319707209,0.0,0.0
472,Device,Conv2D,efficientnetb0/block5c_se_expand/Conv2D,2,19.457,9.7285,19.457,9.7285,0.00015792063881199398,0.9348086526095329,0.0,0.0
473,Device,AddN,SGD/gradients/AddN_8,2,19.456,9.728,19.456,9.728,0.00015791252242001102,0.934966565131953,0.0,0.0
474,Device,Sigmoid,SGD/gradients/Sigmoid_23,2,19.456,9.728,19.456,9.728,0.00015791252242001102,0.935124477654373,0.0,0.0
475,Device,Mul,SGD/gradients/mul_47,2,19.456,9.728,19.456,9.728,0.00015791252242001102,0.935282390176793,0.0,0.0
476,Device,Mul,SGD/gradients/mul_56,2,19.456,9.728,19.456,9.728,0.00015791252242001102,0.9354403026992131,0.0,0.0
477,Device,Conv2D,efficientnetb0/block3b_se_expand/Conv2D,2,19.456,9.728,19.456,9.728,0.00015791252242001102,0.9355982152216331,0.0,0.0
478,Device,Conv2D,efficientnetb0/block5a_se_expand/Conv2D,2,19.456,9.728,19.456,9.728,0.00015791252242001102,0.9357561277440531,0.0,0.0
479,Device,Mul,efficientnetb0/block5b_se_excite/mul,2,19.456,9.728,19.456,9.728,0.00015791252242001102,0.9359140402664732,0.0,0.0
480,Device,Sub,efficientnetb0/normalization/sub,2,19.456,9.728,19.456,9.728,0.00015791252242001102,0.9360719527888932,0.0,0.0
481,Device,Sigmoid,SGD/gradients/Sigmoid_26,2,18.432,9.216,18.432,9.216,0.00014960133702948412,0.9362215541259227,0.0,0.0
482,Device,Sigmoid,SGD/gradients/Sigmoid_29,2,18.432,9.216,18.432,9.216,0.00014960133702948412,0.9363711554629521,0.0,0.0
483,Device,Sigmoid,SGD/gradients/Sigmoid_30,2,18.432,9.216,18.432,9.216,0.00014960133702948412,0.9365207567999816,0.0,0.0
484,Device,Mul,SGD/gradients/mul_80,2,18.432,9.216,18.432,9.216,0.00014960133702948412,0.936670358137011,0.0,0.0
485,Device,Conv2D,efficientnetb0/block1a_se_reduce/Conv2D,2,18.432,9.216,18.432,9.216,0.00014960133702948412,0.9368199594740405,0.0,0.0
486,Device,Conv2D,efficientnetb0/block4a_se_expand/Conv2D,2,18.432,9.216,18.432,9.216,0.00014960133702948412,0.93696956081107,0.0,0.0
487,Device,Conv2D,efficientnetb0/block4c_se_expand/Conv2D,2,18.432,9.216,18.432,9.216,0.00014960133702948412,0.9371191621480994,0.0,0.0
488,Device,DepthwiseConv2dNative,efficientnetb0/block7a_dwconv/depthwise,2,18.432,9.216,18.432,9.216,0.00014960133702948412,0.9372687634851289,0.0,0.0
489,Device,FusedBatchNormV3,efficientnetb0/block7a_project_bn/FusedBatchNormV3,4,18.432,4.608,18.432,4.608,0.00014960133702948412,0.9374183648221583,0.0,0.0
490,Device,Conv2DBackpropInput,gradient_tape/efficientnetb0/block3b_se_reduce/Conv2D/Conv2DBackpropInput,2,18.432,9.216,18.432,9.216,0.00014960133702948412,0.9375679661591878,0.0,0.0
491,Device,Conv2DBackpropInput,gradient_tape/efficientnetb0/block4a_se_reduce/Conv2D/Conv2DBackpropInput,2,18.432,9.216,18.432,9.216,0.00014960133702948412,0.9377175674962173,0.0,0.0
492,Device,Mul,gradient_tape/efficientnetb0/block4b_se_excite/mul/Mul,2,18.432,9.216,18.432,9.216,0.00014960133702948412,0.9378671688332467,0.0,0.0
493,Device,BiasAddGrad,gradient_tape/efficientnetb0/block4b_se_expand/BiasAdd/BiasAddGrad,2,18.432,9.216,18.432,9.216,0.00014960133702948412,0.9380167701702762,0.0,0.0
494,Device,BiasAddGrad,gradient_tape/efficientnetb0/block4c_se_expand/BiasAdd/BiasAddGrad,2,18.432,9.216,18.432,9.216,0.00014960133702948412,0.9381663715073056,0.0,0.0
495,Device,Mul,gradient_tape/efficientnetb0/block5a_se_excite/mul/Mul,2,18.432,9.216,18.432,9.216,0.00014960133702948412,0.9383159728443351,0.0,0.0
496,Device,BiasAddGrad,gradient_tape/efficientnetb0/block5a_se_expand/BiasAdd/BiasAddGrad,2,18.432,9.216,18.432,9.216,0.00014960133702948412,0.9384655741813646,0.0,0.0
497,Device,Mul,SGD/gradients/mul_114,2,17.409,8.7045,17.409,8.7045,0.00014129826803094015,0.9386068724493954,0.0,0.0
498,Device,Sigmoid,efficientnetb0/block5c_expand_activation/Sigmoid,2,17.409,8.7045,17.409,8.7045,0.00014129826803094015,0.9387481707174263,0.0,0.0
499,Device,Sum,gradient_tape/efficientnetb0/block4b_se_excite/mul/Sum_1,2,17.409,8.7045,17.409,8.7045,0.00014129826803094015,0.9388894689854572,0.0,0.0
500,Device,Transpose,SGD/gradients/AddN_10-1-TransposeNHWCToNCHW-LayoutOptimizer,2,17.408,8.704,17.408,8.704,0.00014129015163895725,0.9390307591370962,0.0,0.0
501,Host,IDLE,IDLE,0,442138.105,0.0,442138.105,0.0,0.0,0.0,0.9976717980757059,0.9976717980757059
502,Host,GatherV2,GatherV2,2,605.781,302.8905,605.781,302.8905,0.0,0.0,0.001366927239872481,0.9990387253155785
503,Host,Dataset,Iterator::Root::ParallelMapV2::Zip[1]::ForeverRepeat,2,65.341,32.6705,60.861,30.4305,0.0,0.0,0.00013733107962428514,0.9991760563952028
504,Host,Dataset,Iterator::Root::ParallelMapV2,2,57.061,28.5305,57.061,28.5305,0.0,0.0,0.00012875648994333539,0.9993048128851462
505,Host,GatherV2,GatherV2_1,2,49.671,24.8355,49.671,24.8355,0.0,0.0,0.00011208116948485676,0.9994168940546311
506,Host,FlushSummaryWriter,FlushSummaryWriter,1,40.311,40.311,40.311,40.311,0.0,0.0,9.096060121809629e-05,0.9995078546558491
507,Host,IteratorGetNext,IteratorGetNext,2,36.23,18.115,36.23,18.115,0.0,0.0,8.175194319494997e-05,0.9995896065990441
508,Host,Dataset,Iterator::Root,2,93.161,46.5805,36.1,18.05,0.0,0.0,8.145860196902276e-05,0.9996710652010131
509,Host,LogicalAnd,LogicalAnd,1,30.771,30.771,30.771,30.771,0.0,0.0,6.943386817697504e-05,0.99974049906919
510,Host,Dataset,Iterator::Root::ParallelMapV2::Zip[0]::FlatMap[1]::Concatenate[0]::TensorSlice,2,21.831,10.9155,21.831,10.9155,0.0,0.0,4.9261017717056387e-05,0.9997897600869071
511,Host,WriteSummary,WriteSummary,1,21.521,21.521,21.521,21.521,0.0,0.0,4.856151171676838e-05,0.9998383215986238
512,Host,Dataset,Iterator::Root::ParallelMapV2::Zip[0]::FlatMap[1]::Concatenate,2,37.721,18.8605,15.89,7.945,0.0,0.0,3.5855323692182035e-05,0.9998741769223161
513,Host,_HostSend,categorical_crossentropy/softmax_cross_entropy_with_logits/Shape_2/_5,2,13.491,6.7455,13.491,6.7455,0.0,0.0,3.0442049838340327e-05,0.9999046189721544
514,Host,Dataset,Iterator::Root::ParallelMapV2::Zip,2,119.132,59.566,11.36,5.68,0.0,0.0,2.5633510204102447e-05,0.9999302524823586
515,Host,_Send,IteratorGetNext/_1,2,7.35,3.675,7.35,3.675,0.0,0.0,1.6585061619731776e-05,0.9999468375439783
516,Host,ReadVariableOp,ReadVariableOp,1,7.0,7.0,7.0,7.0,0.0,0.0,1.5795296780696932e-05,0.999962632840759
517,Host,Dataset,Iterator::Root::ParallelMapV2::Zip[0]::FlatMap,2,42.431,21.2155,4.71,2.355,0.0,0.0,1.0627978262440364e-05,0.9999732608190215
518,Host,_Send,IteratorGetNext/_3,2,4.59,2.295,4.59,2.295,0.0,0.0,1.0357201746199845e-05,0.9999836180207677
519,Host,Dataset,Iterator::Root::ParallelMapV2::Zip[1]::ForeverRepeat::FromTensor,4,4.48,1.12,4.48,1.12,0.0,0.0,1.0108989939646036e-05,0.9999937270107074
520,Host,Identity,Identity,2,2.78,1.39,2.78,1.39,0.0,0.0,6.2729892929053525e-06,1.0000000000000004
