Rank,Host/device,Type,Operation,#Occurrences,Total time (us),Avg. time (us),Total self-time (us),Avg. self-time (us),Total self-time on Device (%),Cumulative total-self time on Device (%),Total self-time on Host (%),Cumulative total-self time on Host (%)
1,Device,IDLE,IDLE,0,34179.559,0.0,34179.559,0.0,0.5955602103633623,0.5955602103633623,0.0,0.0
2,Device,Conv2DBackpropFilter,gradient_tape/model/conv2d_30/Conv2D/Conv2DBackpropFilter,2,577.539,288.7695,577.539,288.7695,0.01006330269893318,0.6056235130622954,0.0,0.0
3,Device,Conv2DBackpropFilter,gradient_tape/model/conv2d_35/Conv2D/Conv2DBackpropFilter,2,575.49,287.745,575.49,287.745,0.010027599989280475,0.6156511130515759,0.0,0.0
4,Device,Conv2DBackpropFilter,gradient_tape/model/conv2d_33/Conv2D/Conv2DBackpropFilter,2,572.419,286.2095,572.419,286.2095,0.009974089485940573,0.6256252025375165,0.0,0.0
5,Device,Conv2DBackpropFilter,gradient_tape/model/conv2d_32/Conv2D/Conv2DBackpropFilter,2,566.275,283.1375,566.275,283.1375,0.009867033630349444,0.635492236167866,0.0,0.0
6,Device,Conv2DBackpropFilter,gradient_tape/model/conv2d_34/Conv2D/Conv2DBackpropFilter,2,560.131,280.0655,560.131,280.0655,0.009759977774758313,0.6452522139426243,0.0,0.0
7,Device,Conv2DBackpropInput,gradient_tape/model/conv2d_34/Conv2D/Conv2DBackpropInput,4,399.362,99.8405,399.362,99.8405,0.006958665462334757,0.652210879404959,0.0,0.0
8,Device,Conv2DBackpropInput,gradient_tape/model/conv2d_35/Conv2D/Conv2DBackpropInput,4,399.361,99.84025,399.361,99.84025,0.0069586480378790935,0.6591695274428381,0.0,0.0
9,Device,Conv2DBackpropInput,gradient_tape/model/conv2d_30/Conv2D/Conv2DBackpropInput,4,397.314,99.3285,397.314,99.3285,0.006922980177137714,0.6660925076199757,0.0,0.0
10,Device,Conv2DBackpropInput,gradient_tape/model/conv2d_33/Conv2D/Conv2DBackpropInput,4,396.29,99.0725,396.29,99.0725,0.006905137534539192,0.6729976451545149,0.0,0.0
11,Device,Conv2DBackpropInput,gradient_tape/model/conv2d_32/Conv2D/Conv2DBackpropInput,4,394.242,98.5605,394.242,98.5605,0.006869452249342149,0.679867097403857,0.0,0.0
12,Device,Conv2D,model/conv2d_30/Conv2D,4,342.017,85.50425,342.017,85.50425,0.005959460052361884,0.6858265574562189,0.0,0.0
13,Device,Conv2D,model/conv2d_32/Conv2D,4,329.729,82.43225,329.729,82.43225,0.0057453483411796236,0.6915719057973986,0.0,0.0
14,Device,Conv2D,model/conv2d_34/Conv2D,4,329.729,82.43225,329.729,82.43225,0.0057453483411796236,0.6973172541385781,0.0,0.0
15,Device,Conv2D,model/conv2d_35/Conv2D,4,329.728,82.432,329.728,82.432,0.005745330916723961,0.7030625850553021,0.0,0.0
16,Device,Conv2D,model/conv2d_33/Conv2D,4,328.707,82.17675,328.707,82.17675,0.005727540547492428,0.7087901256027945,0.0,0.0
17,Device,Conv2DBackpropInput,gradient_tape/model/conv2d_29/Conv2D/Conv2DBackpropInput,2,241.665,120.8325,241.665,120.8325,0.004210881077706764,0.7130010066805013,0.0,0.0
18,Device,Conv2D,model/conv2d_29/Conv2D,4,224.257,56.06425,224.257,56.06425,0.003907556153531898,0.7169085628340331,0.0,0.0
19,Device,Conv2D,model/conv2d_27/Conv2D,4,173.057,43.26425,173.057,43.26425,0.003015424023605816,0.7199239868576389,0.0,0.0
20,Device,Conv2D,model/conv2d_21/Conv2D,4,171.01,42.7525,171.01,42.7525,0.0029797561628644356,0.7229037430205033,0.0,0.0
21,Device,Conv2D,model/conv2d_26/Conv2D,4,169.984,42.496,169.984,42.496,0.002961878671354589,0.7258656216918579,0.0,0.0
22,Device,Conv2D,model/conv2d_17/Conv2D,4,168.962,42.2405,168.962,42.2405,0.0029440708776673923,0.7288096925695252,0.0,0.0
23,Device,Conv2D,model/conv2d_23/Conv2D,4,168.962,42.2405,168.962,42.2405,0.0029440708776673923,0.7317537634471926,0.0,0.0
24,Device,Conv2D,model/conv2d_25/Conv2D,4,168.961,42.24025,168.961,42.24025,0.00294405345321173,0.7346978169004043,0.0,0.0
25,Device,Conv2D,model/conv2d_24/Conv2D,4,168.96,42.24,168.96,42.24,0.002944036028756067,0.7376418529291603,0.0,0.0
26,Device,Conv2D,model/conv2d_28/Conv2D,4,167.938,41.9845,167.938,41.9845,0.0029262282350688705,0.7405680811642291,0.0,0.0
27,Device,Conv2D,model/conv2d_19/Conv2D,4,167.936,41.984,167.936,41.984,0.0029261933861575457,0.7434942745503866,0.0,0.0
28,Device,Conv2D,model/conv2d_22/Conv2D,4,166.912,41.728,166.912,41.728,0.002908350743559024,0.7464026252939456,0.0,0.0
29,Device,Conv2D,model/conv2d_20/Conv2D,4,165.888,41.472,165.888,41.472,0.0028905081009605025,0.7492931333949061,0.0,0.0
30,Device,Conv2DBackpropInput,gradient_tape/model/conv2d_25/Conv2D/Conv2DBackpropInput,2,135.168,67.584,135.168,67.584,0.002355228823004854,0.751648362217911,0.0,0.0
31,Device,Conv2DBackpropInput,gradient_tape/model/conv2d_19/Conv2D/Conv2DBackpropInput,2,133.122,66.561,133.122,66.561,0.002319578386719136,0.7539679406046301,0.0,0.0
32,Device,Conv2DBackpropInput,gradient_tape/model/conv2d_20/Conv2D/Conv2DBackpropInput,2,133.121,66.5605,133.121,66.5605,0.0023195609622634734,0.7562875015668936,0.0,0.0
33,Device,Conv2DBackpropInput,gradient_tape/model/conv2d_24/Conv2D/Conv2DBackpropInput,2,133.121,66.5605,133.121,66.5605,0.0023195609622634734,0.7586070625291571,0.0,0.0
34,Device,Conv2DBackpropInput,gradient_tape/model/conv2d_23/Conv2D/Conv2DBackpropInput,2,132.097,66.0485,132.097,66.0485,0.0023017183196649515,0.7609087808488221,0.0,0.0
35,Device,Conv2DBackpropInput,gradient_tape/model/conv2d_22/Conv2D/Conv2DBackpropInput,2,131.073,65.5365,131.073,65.5365,0.00228387567706643,0.7631926565258885,0.0,0.0
36,Device,Conv2DBackpropInput,gradient_tape/model/conv2d_17/Conv2D/Conv2DBackpropInput,2,131.072,65.536,131.072,65.536,0.002283858252610767,0.7654765147784993,0.0,0.0
37,Device,Conv2DBackpropInput,gradient_tape/model/conv2d_21/Conv2D/Conv2DBackpropInput,2,130.049,65.0245,130.049,65.0245,0.0022660330344679083,0.7677425478129672,0.0,0.0
38,Device,Conv2DBackpropInput,gradient_tape/model/conv2d_26/Conv2D/Conv2DBackpropInput,2,130.049,65.0245,130.049,65.0245,0.0022660330344679083,0.7700085808474352,0.0,0.0
39,Device,Conv2DBackpropInput,gradient_tape/model/conv2d_27/Conv2D/Conv2DBackpropInput,2,130.049,65.0245,130.049,65.0245,0.0022660330344679083,0.7722746138819031,0.0,0.0
40,Device,Conv2DBackpropInput,gradient_tape/model/conv2d_28/Conv2D/Conv2DBackpropInput,2,129.025,64.5125,129.025,64.5125,0.0022481903918693865,0.7745228042737725,0.0,0.0
41,Device,ResourceApplyGradientDescent,SGD/SGD/update_118/ResourceApplyGradientDescent,2,125.953,62.9765,125.953,62.9765,0.002194662464073822,0.7767174667378464,0.0,0.0
42,Device,ResourceApplyGradientDescent,SGD/SGD/update_134/ResourceApplyGradientDescent,2,125.953,62.9765,125.953,62.9765,0.002194662464073822,0.7789121292019202,0.0,0.0
43,Device,AddN,SGD/gradients/AddN_47,2,123.905,61.9525,123.905,61.9525,0.0021589771788767787,0.781071106380797,0.0,0.0
44,Device,ResourceApplyGradientDescent,SGD/SGD/update_122/ResourceApplyGradientDescent,2,123.904,61.952,123.904,61.952,0.0021589597544211156,0.7832300661352182,0.0,0.0
45,Device,ResourceApplyGradientDescent,SGD/SGD/update_130/ResourceApplyGradientDescent,2,123.904,61.952,123.904,61.952,0.0021589597544211156,0.7853890258896393,0.0,0.0
46,Device,ResourceApplyGradientDescent,SGD/SGD/update_126/ResourceApplyGradientDescent,2,122.88,61.44,122.88,61.44,0.0021411171118225943,0.787530143001462,0.0,0.0
47,Device,Mul,gradient_tape/conv2d_33/kernel/Regularizer/Mul_1,2,121.857,60.9285,121.857,60.9285,0.002123291893679735,0.7896534348951417,0.0,0.0
48,Device,Mul,gradient_tape/conv2d_35/kernel/Regularizer/Mul_1,2,120.833,60.4165,120.833,60.4165,0.0021054492510812137,0.791758884146223,0.0,0.0
49,Device,Mul,gradient_tape/conv2d_32/kernel/Regularizer/Mul_1,2,120.832,60.416,120.832,60.416,0.002105431826625551,0.7938643159728486,0.0,0.0
50,Device,Mul,gradient_tape/conv2d_34/kernel/Regularizer/Mul_1,2,120.832,60.416,120.832,60.416,0.002105431826625551,0.7959697477994742,0.0,0.0
51,Device,Conv2DBackpropFilter,gradient_tape/model/conv2d_29/Conv2D/Conv2DBackpropFilter,2,119.808,59.904,119.808,59.904,0.0020875891840270297,0.7980573369835012,0.0,0.0
52,Device,Mul,gradient_tape/conv2d_30/kernel/Regularizer/Mul_1,2,118.785,59.3925,118.785,59.3925,0.0020697639658841705,0.8001271009493854,0.0,0.0
53,Device,AddN,SGD/gradients/AddN_49,2,114.689,57.3445,114.689,57.3445,0.0019983933954900836,0.8021254943448756,0.0,0.0
54,Device,AddN,SGD/gradients/AddN_51,2,114.688,57.344,114.688,57.344,0.0019983759710344214,0.80412387031591,0.0,0.0
55,Device,AddN,SGD/gradients/AddN_48,2,113.665,56.8325,113.665,56.8325,0.0019805507528915622,0.8061044210688016,0.0,0.0
56,Device,AddN,SGD/gradients/AddN_50,2,113.664,56.832,113.664,56.832,0.0019805333284358996,0.8080849543972376,0.0,0.0
57,Device,Conv2D,model/conv2d_16/Conv2D,4,113.664,28.416,113.664,28.416,0.0019805333284358996,0.8100654877256735,0.0,0.0
58,Device,Conv2DBackpropInput,gradient_tape/model/conv2d_31/Conv2D/Conv2DBackpropInput,4,99.328,24.832,99.328,24.832,0.0017307363320565971,0.8117962240577301,0.0,0.0
59,Device,SoftmaxCrossEntropyWithLogits,categorical_crossentropy/softmax_cross_entropy_with_logits,2,94.209,47.1045,94.209,47.1045,0.0016415405435196515,0.8134377646012497,0.0,0.0
60,Device,Conv2DBackpropInput,gradient_tape/model/conv2d_16/Conv2D/Conv2DBackpropInput,2,89.089,44.5445,89.089,44.5445,0.0015523273305270435,0.8149900919317767,0.0,0.0
61,Device,Square,conv2d_35/kernel/Regularizer/Square,2,82.944,41.472,82.944,41.472,0.0014452540504802513,0.816435345982257,0.0,0.0
62,Device,Square,conv2d_30/kernel/Regularizer/Square,2,81.921,40.9605,81.921,40.9605,0.0014274288323373923,0.8178627748145944,0.0,0.0
63,Device,Square,conv2d_33/kernel/Regularizer/Square,2,81.92,40.96,81.92,40.96,0.0014274114078817294,0.8192901862224761,0.0,0.0
64,Device,Square,conv2d_34/kernel/Regularizer/Square,2,81.92,40.96,81.92,40.96,0.0014274114078817294,0.8207175976303578,0.0,0.0
65,Device,Mul,gradient_tape/conv2d_30/kernel/Regularizer/Mul,2,81.92,40.96,81.92,40.96,0.0014274114078817294,0.8221450090382395,0.0,0.0
66,Device,Square,conv2d_32/kernel/Regularizer/Square,2,80.896,40.448,80.896,40.448,0.0014095687652832078,0.8235545778035227,0.0,0.0
67,Device,Conv2D,model/conv2d_7/Conv2D,4,78.848,19.712,78.848,19.712,0.0013738834800861646,0.8249284612836089,0.0,0.0
68,Device,Conv2DBackpropInput,gradient_tape/model/conv2d_8/Conv2D/Conv2DBackpropInput,2,77.824,38.912,77.824,38.912,0.001356040837487643,0.8262845021210965,0.0,0.0
69,Device,Conv2DBackpropInput,gradient_tape/model/conv2d_7/Conv2D/Conv2DBackpropInput,2,76.802,38.401,76.802,38.401,0.0013382330438004469,0.8276227351648969,0.0,0.0
70,Device,Conv2DBackpropInput,gradient_tape/model/conv2d_14/Conv2D/Conv2DBackpropInput,2,76.8,38.4,76.8,38.4,0.0013381981948891214,0.828960933359786,0.0,0.0
71,Device,Conv2DBackpropInput,gradient_tape/model/conv2d_15/Conv2D/Conv2DBackpropInput,2,76.8,38.4,76.8,38.4,0.0013381981948891214,0.8302991315546752,0.0,0.0
72,Device,Conv2D,model/conv2d_10/Conv2D,2,76.8,38.4,76.8,38.4,0.0013381981948891214,0.8316373297495643,0.0,0.0
73,Device,Conv2D,model/conv2d_13/Conv2D,2,75.777,37.8885,75.777,37.8885,0.0013203729767462624,0.8329577027263105,0.0,0.0
74,Device,Conv2DBackpropInput,gradient_tape/model/conv2d_13/Conv2D/Conv2DBackpropInput,2,75.776,37.888,75.776,37.888,0.0013203555522905998,0.8342780582786011,0.0,0.0
75,Device,Conv2D,model/conv2d_12/Conv2D,2,75.776,37.888,75.776,37.888,0.0013203555522905998,0.8355984138308917,0.0,0.0
76,Device,Conv2D,model/conv2d_11/Conv2D,2,74.752,37.376,74.752,37.376,0.0013025129096920782,0.8369009267405838,0.0,0.0
77,Device,Conv2DBackpropInput,gradient_tape/model/conv2d_10/Conv2D/Conv2DBackpropInput,2,73.73,36.865,73.73,36.865,0.0012847051160048818,0.8381856318565887,0.0,0.0
78,Device,Conv2DBackpropInput,gradient_tape/model/conv2d_11/Conv2D/Conv2DBackpropInput,2,73.728,36.864,73.728,36.864,0.0012846702670935564,0.8394703021236822,0.0,0.0
79,Device,Conv2D,model/conv2d_14/Conv2D,2,73.728,36.864,73.728,36.864,0.0012846702670935564,0.8407549723907758,0.0,0.0
80,Device,Conv2D,model/conv2d_8/Conv2D,2,73.728,36.864,73.728,36.864,0.0012846702670935564,0.8420396426578693,0.0,0.0
81,Device,Tile,gradient_tape/conv2d_30/kernel/Regularizer/Tile,2,72.705,36.3525,72.705,36.3525,0.0012668450489506976,0.84330648770682,0.0,0.0
82,Device,Conv2DBackpropInput,gradient_tape/model/conv2d_12/Conv2D/Conv2DBackpropInput,2,72.704,36.352,72.704,36.352,0.0012668276244950348,0.8445733153313151,0.0,0.0
83,Device,Conv2D,model/conv2d_15/Conv2D,2,72.704,36.352,72.704,36.352,0.0012668276244950348,0.8458401429558101,0.0,0.0
84,Device,Conv2DBackpropInput,gradient_tape/model/conv2d_18/Conv2D/Conv2DBackpropInput,4,65.537,16.38425,65.537,16.38425,0.0011419465507610464,0.8469820895065712,0.0,0.0
85,Device,Conv2D,model/conv2d_31/Conv2D,4,62.465,15.61625,62.465,15.61625,0.0010884186229654814,0.8480705081295367,0.0,0.0
86,Device,Mul,gradient_tape/conv2d_29/kernel/Regularizer/Mul_1,2,62.464,31.232,62.464,31.232,0.0010884011985098187,0.8491589093280465,0.0,0.0
87,Device,Conv2DBackpropFilter,gradient_tape/model/conv2d_26/Conv2D/Conv2DBackpropFilter,2,62.464,31.232,62.464,31.232,0.0010884011985098187,0.8502473105265563,0.0,0.0
88,Device,Conv2DBackpropFilter,gradient_tape/model/conv2d_28/Conv2D/Conv2DBackpropFilter,2,62.464,31.232,62.464,31.232,0.0010884011985098187,0.8513357117250662,0.0,0.0
89,Device,Conv2DBackpropFilter,gradient_tape/model/conv2d_20/Conv2D/Conv2DBackpropFilter,2,61.441,30.7205,61.441,30.7205,0.0010705759803669597,0.8524062877054331,0.0,0.0
90,Device,Conv2DBackpropFilter,gradient_tape/model/conv2d_17/Conv2D/Conv2DBackpropFilter,2,61.44,30.72,61.44,30.72,0.0010705585559112971,0.8534768462613445,0.0,0.0
91,Device,Conv2DBackpropFilter,gradient_tape/model/conv2d_19/Conv2D/Conv2DBackpropFilter,2,61.44,30.72,61.44,30.72,0.0010705585559112971,0.8545474048172558,0.0,0.0
92,Device,Conv2DBackpropFilter,gradient_tape/model/conv2d_21/Conv2D/Conv2DBackpropFilter,2,61.44,30.72,61.44,30.72,0.0010705585559112971,0.8556179633731671,0.0,0.0
93,Device,Conv2DBackpropFilter,gradient_tape/model/conv2d_23/Conv2D/Conv2DBackpropFilter,2,61.44,30.72,61.44,30.72,0.0010705585559112971,0.8566885219290784,0.0,0.0
94,Device,Conv2DBackpropFilter,gradient_tape/model/conv2d_24/Conv2D/Conv2DBackpropFilter,2,60.417,30.2085,60.417,30.2085,0.0010527333377684381,0.8577412552668469,0.0,0.0
95,Device,Conv2DBackpropFilter,gradient_tape/model/conv2d_25/Conv2D/Conv2DBackpropFilter,2,60.417,30.2085,60.417,30.2085,0.0010527333377684381,0.8587939886046153,0.0,0.0
96,Device,Conv2DBackpropFilter,gradient_tape/model/conv2d_27/Conv2D/Conv2DBackpropFilter,2,60.417,30.2085,60.417,30.2085,0.0010527333377684381,0.8598467219423838,0.0,0.0
97,Device,Conv2DBackpropFilter,gradient_tape/model/conv2d_22/Conv2D/Conv2DBackpropFilter,2,59.392,29.696,59.392,29.696,0.001034873270714254,0.860881595213098,0.0,0.0
98,Device,ResourceApplyGradientDescent,SGD/SGD/update_112/ResourceApplyGradientDescent,2,58.368,29.184,58.368,29.184,0.0010170306281157323,0.8618986258412138,0.0,0.0
99,Device,AddN,SGD/gradients/AddN_45,2,58.368,29.184,58.368,29.184,0.0010170306281157323,0.8629156564693296,0.0,0.0
100,Device,Sum,conv2d_33/kernel/Regularizer/Sum,2,57.344,28.672,57.344,28.672,0.0009991879855172107,0.8639148444548468,0.0,0.0
101,Device,Conv2DBackpropFilter,gradient_tape/model/conv2d_7/Conv2D/Conv2DBackpropFilter,2,54.274,27.137,54.274,27.137,0.000945694906632971,0.8648605393614798,0.0,0.0
102,Device,Sum,conv2d_30/kernel/Regularizer/Sum,2,50.177,25.0885,50.177,25.0885,0.000874306911783222,0.865734846273263,0.0,0.0
103,Device,Conv2DBackpropInput,gradient_tape/model/conv2d_6/Conv2D/Conv2DBackpropInput,2,50.177,25.0885,50.177,25.0885,0.000874306911783222,0.8666091531850463,0.0,0.0
104,Device,Conv2D,model/conv2d_1/Conv2D,2,50.176,25.088,50.176,25.088,0.0008742894873275594,0.8674834426723739,0.0,0.0
105,Device,Conv2D,model/conv2d_6/Conv2D,2,50.176,25.088,50.176,25.088,0.0008742894873275594,0.8683577321597015,0.0,0.0
106,Device,Sum,conv2d_32/kernel/Regularizer/Sum,2,49.152,24.576,49.152,24.576,0.0008564468447290378,0.8692141790044305,0.0,0.0
107,Device,Sum,conv2d_34/kernel/Regularizer/Sum,2,49.152,24.576,49.152,24.576,0.0008564468447290378,0.8700706258491596,0.0,0.0
108,Device,Sum,conv2d_35/kernel/Regularizer/Sum,2,49.152,24.576,49.152,24.576,0.0008564468447290378,0.8709270726938887,0.0,0.0
109,Device,Conv2DBackpropFilter,gradient_tape/model/conv2d_11/Conv2D/Conv2DBackpropFilter,2,49.152,24.576,49.152,24.576,0.0008564468447290378,0.8717835195386178,0.0,0.0
110,Device,Conv2DBackpropInput,gradient_tape/model/conv2d_4/Conv2D/Conv2DBackpropInput,2,49.152,24.576,49.152,24.576,0.0008564468447290378,0.8726399663833468,0.0,0.0
111,Device,Conv2D,model/conv2d_3/Conv2D,2,49.152,24.576,49.152,24.576,0.0008564468447290378,0.8734964132280759,0.0,0.0
112,Device,Conv2DBackpropFilter,gradient_tape/model/conv2d_10/Conv2D/Conv2DBackpropFilter,2,48.128,24.064,48.128,24.064,0.0008386042021305161,0.8743350174302065,0.0,0.0
113,Device,Conv2DBackpropFilter,gradient_tape/model/conv2d_15/Conv2D/Conv2DBackpropFilter,2,48.128,24.064,48.128,24.064,0.0008386042021305161,0.875173621632337,0.0,0.0
114,Device,Conv2DBackpropInput,gradient_tape/model/conv2d_5/Conv2D/Conv2DBackpropInput,2,48.128,24.064,48.128,24.064,0.0008386042021305161,0.8760122258344676,0.0,0.0
115,Device,Conv2D,model/conv2d/Conv2D,2,48.128,24.064,48.128,24.064,0.0008386042021305161,0.8768508300365981,0.0,0.0
116,Device,Conv2D,model/conv2d_2/Conv2D,2,48.128,24.064,48.128,24.064,0.0008386042021305161,0.8776894342387287,0.0,0.0
117,Device,Conv2D,model/conv2d_4/Conv2D,2,48.128,24.064,48.128,24.064,0.0008386042021305161,0.8785280384408592,0.0,0.0
118,Device,Conv2DBackpropFilter,gradient_tape/model/conv2d/Conv2D/Conv2DBackpropFilter,2,47.104,23.552,47.104,23.552,0.0008207615595319945,0.8793488000003913,0.0,0.0
119,Device,Conv2DBackpropInput,gradient_tape/model/conv2d_1/Conv2D/Conv2DBackpropInput,2,47.104,23.552,47.104,23.552,0.0008207615595319945,0.8801695615599233,0.0,0.0
120,Device,Conv2DBackpropFilter,gradient_tape/model/conv2d_12/Conv2D/Conv2DBackpropFilter,2,47.104,23.552,47.104,23.552,0.0008207615595319945,0.8809903231194554,0.0,0.0
121,Device,Conv2DBackpropFilter,gradient_tape/model/conv2d_13/Conv2D/Conv2DBackpropFilter,2,47.104,23.552,47.104,23.552,0.0008207615595319945,0.8818110846789874,0.0,0.0
122,Device,Conv2DBackpropFilter,gradient_tape/model/conv2d_14/Conv2D/Conv2DBackpropFilter,2,47.104,23.552,47.104,23.552,0.0008207615595319945,0.8826318462385194,0.0,0.0
123,Device,Conv2DBackpropInput,gradient_tape/model/conv2d_2/Conv2D/Conv2DBackpropInput,2,47.104,23.552,47.104,23.552,0.0008207615595319945,0.8834526077980515,0.0,0.0
124,Device,Conv2DBackpropInput,gradient_tape/model/conv2d_3/Conv2D/Conv2DBackpropInput,2,47.104,23.552,47.104,23.552,0.0008207615595319945,0.8842733693575835,0.0,0.0
125,Device,Conv2DBackpropFilter,gradient_tape/model/conv2d_8/Conv2D/Conv2DBackpropFilter,2,47.104,23.552,47.104,23.552,0.0008207615595319945,0.8850941309171155,0.0,0.0
126,Device,Conv2D,model/conv2d_5/Conv2D,2,47.104,23.552,47.104,23.552,0.0008207615595319945,0.8859148924766476,0.0,0.0
127,Device,Mul,gradient_tape/conv2d_29/kernel/Regularizer/Mul,2,44.032,22.016,44.032,22.016,0.0007672336317364295,0.886682126108384,0.0,0.0
128,Device,Conv2DBackpropFilter,gradient_tape/model/conv2d_16/Conv2D/Conv2DBackpropFilter,2,44.032,22.016,44.032,22.016,0.0007672336317364295,0.8874493597401205,0.0,0.0
129,Device,Square,conv2d_29/kernel/Regularizer/Square,2,41.984,20.992,41.984,20.992,0.0007315483465393864,0.88818090808666,0.0,0.0
130,Device,Conv2DBackpropFilter,gradient_tape/model/conv2d_5/Conv2D/Conv2DBackpropFilter,2,40.96,20.48,40.96,20.48,0.0007137057039408647,0.8888946137906009,0.0,0.0
131,Device,Tile,gradient_tape/conv2d_29/kernel/Regularizer/Tile,2,39.936,19.968,39.936,19.968,0.0006958630613423431,0.8895904768519433,0.0,0.0
132,Device,Conv2DBackpropFilter,gradient_tape/model/conv2d_6/Conv2D/Conv2DBackpropFilter,2,39.936,19.968,39.936,19.968,0.0006958630613423431,0.8902863399132857,0.0,0.0
133,Device,Conv2DBackpropInput,gradient_tape/model/conv2d_9/Conv2D/Conv2DBackpropInput,2,39.936,19.968,39.936,19.968,0.0006958630613423431,0.890982202974628,0.0,0.0
134,Device,Conv2DBackpropFilter,gradient_tape/model/conv2d_4/Conv2D/Conv2DBackpropFilter,2,38.913,19.4565,38.913,19.4565,0.0006780378431994841,0.8916602408178276,0.0,0.0
135,Device,Conv2DBackpropFilter,gradient_tape/model/conv2d_2/Conv2D/Conv2DBackpropFilter,2,38.912,19.456,38.912,19.456,0.0006780204187438215,0.8923382612365715,0.0,0.0
136,Device,Conv2DBackpropFilter,gradient_tape/model/conv2d_3/Conv2D/Conv2DBackpropFilter,2,38.912,19.456,38.912,19.456,0.0006780204187438215,0.8930162816553153,0.0,0.0
137,Device,Conv2DBackpropFilter,gradient_tape/model/conv2d_1/Conv2D/Conv2DBackpropFilter,2,36.864,18.432,36.864,18.432,0.0006423351335467782,0.893658616788862,0.0,0.0
138,Device,AddN,SGD/gradients/AddN_34,2,33.792,16.896,33.792,16.896,0.0005888072057512135,0.8942474239946132,0.0,0.0
139,Device,AddN,SGD/gradients/AddN_36,2,33.792,16.896,33.792,16.896,0.0005888072057512135,0.8948362312003644,0.0,0.0
140,Device,_Recv,IteratorGetNext/_2,2,33.728,16.864,33.728,16.864,0.0005876920405888059,0.8954239232409532,0.0,0.0
141,Device,AddN,ArithmeticOptimizer/AddOpsRewrite_AddN_1,8,32.768,4.096,32.768,4.096,0.0005709645631526918,0.8959948878041059,0.0,0.0
142,Device,AddN,SGD/gradients/AddN_35,2,32.768,16.384,32.768,16.384,0.0005709645631526918,0.8965658523672585,0.0,0.0
143,Device,AddN,SGD/gradients/AddN_38,2,32.768,16.384,32.768,16.384,0.0005709645631526918,0.8971368169304111,0.0,0.0
144,Device,AddN,SGD/gradients/AddN_39,2,32.768,16.384,32.768,16.384,0.0005709645631526918,0.8977077814935638,0.0,0.0
145,Device,AddN,SGD/gradients/AddN_42,2,32.768,16.384,32.768,16.384,0.0005709645631526918,0.8982787460567164,0.0,0.0
146,Device,AddN,SGD/gradients/AddN_43,2,32.768,16.384,32.768,16.384,0.0005709645631526918,0.8988497106198691,0.0,0.0
147,Device,AddN,SGD/gradients/AddN_44,2,32.768,16.384,32.768,16.384,0.0005709645631526918,0.8994206751830217,0.0,0.0
148,Device,Mul,gradient_tape/conv2d_17/kernel/Regularizer/Mul_1,2,32.768,16.384,32.768,16.384,0.0005709645631526918,0.8999916397461744,0.0,0.0
149,Device,Mul,gradient_tape/conv2d_23/kernel/Regularizer/Mul_1,2,32.768,16.384,32.768,16.384,0.0005709645631526918,0.900562604309327,0.0,0.0
150,Device,Mul,gradient_tape/conv2d_25/kernel/Regularizer/Mul_1,2,31.745,15.8725,31.745,15.8725,0.0005531393450098328,0.9011157436543368,0.0,0.0
151,Device,AddN,SGD/gradients/AddN_37,2,31.744,15.872,31.744,15.872,0.0005531219205541702,0.9016688655748909,0.0,0.0
152,Device,Mul,gradient_tape/conv2d_19/kernel/Regularizer/Mul_1,2,31.744,15.872,31.744,15.872,0.0005531219205541702,0.902221987495445,0.0,0.0
153,Device,Mul,gradient_tape/conv2d_24/kernel/Regularizer/Mul_1,2,31.744,15.872,31.744,15.872,0.0005531219205541702,0.9027751094159991,0.0,0.0
154,Device,Mul,gradient_tape/conv2d_20/kernel/Regularizer/Mul_1,2,30.721,15.3605,30.721,15.3605,0.0005352967024113112,0.9033104061184104,0.0,0.0
155,Device,Sum,conv2d_29/kernel/Regularizer/Sum,2,30.72,15.36,30.72,15.36,0.0005352792779556486,0.903845685396366,0.0,0.0
156,Device,Mul,gradient_tape/conv2d_22/kernel/Regularizer/Mul_1,2,30.72,15.36,30.72,15.36,0.0005352792779556486,0.9043809646743216,0.0,0.0
157,Device,Mul,gradient_tape/conv2d_27/kernel/Regularizer/Mul_1,2,30.72,15.36,30.72,15.36,0.0005352792779556486,0.9049162439522772,0.0,0.0
158,Device,Mul,gradient_tape/conv2d_28/kernel/Regularizer/Mul_1,2,30.72,15.36,30.72,15.36,0.0005352792779556486,0.9054515232302328,0.0,0.0
159,Device,Mul,gradient_tape/conv2d_21/kernel/Regularizer/Mul_1,2,29.696,14.848,29.696,14.848,0.000517436635357127,0.9059689598655899,0.0,0.0
160,Device,Conv2D,model/conv2d_18/Conv2D,2,28.672,14.336,28.672,14.336,0.0004995939927586054,0.9064685538583485,0.0,0.0
161,Device,Mul,gradient_tape/conv2d_26/kernel/Regularizer/Mul_1,2,26.624,13.312,26.624,13.312,0.0004639087075615621,0.90693246256591,0.0,0.0
162,Device,Conv2DBackpropFilter,gradient_tape/model/conv2d_18/Conv2D/Conv2DBackpropFilter,2,25.6,12.8,25.6,12.8,0.0004460660649630405,0.907378528630873,0.0,0.0
163,Device,AddN,SGD/gradients/AddN_40,2,24.576,12.288,24.576,12.288,0.0004282234223645189,0.9078067520532375,0.0,0.0
164,Device,AddN,SGD/gradients/AddN_41,2,24.576,12.288,24.576,12.288,0.0004282234223645189,0.908234975475602,0.0,0.0
165,Device,Sum,conv2d_26/kernel/Regularizer/Sum,2,24.576,12.288,24.576,12.288,0.0004282234223645189,0.9086631988979664,0.0,0.0
166,Device,FusedBatchNormV3,model/batch_normalization_30/FusedBatchNormV3,4,24.576,6.144,24.576,6.144,0.0004282234223645189,0.9090914223203309,0.0,0.0
167,Device,Sum,conv2d_17/kernel/Regularizer/Sum,2,23.552,11.776,23.552,11.776,0.0004103807797659972,0.9095018031000969,0.0,0.0
168,Device,FusedBatchNormV3,model/batch_normalization_27/FusedBatchNormV3,4,23.552,5.888,23.552,5.888,0.0004103807797659972,0.9099121838798628,0.0,0.0
169,Device,FusedBatchNormV3,model/batch_normalization_31/FusedBatchNormV3,4,23.552,5.888,23.552,5.888,0.0004103807797659972,0.9103225646596288,0.0,0.0
170,Device,FusedBatchNormV3,model/batch_normalization_32/FusedBatchNormV3,4,23.552,5.888,23.552,5.888,0.0004103807797659972,0.9107329454393948,0.0,0.0
171,Device,Square,conv2d_20/kernel/Regularizer/Square,2,22.529,11.2645,22.529,11.2645,0.00039255556162313824,0.9111255010010179,0.0,0.0
172,Device,BiasAddGrad,gradient_tape/model/conv2d_29/BiasAdd/BiasAddGrad,2,22.529,11.2645,22.529,11.2645,0.00039255556162313824,0.911518056562641,0.0,0.0
173,Device,ResourceApplyGradientDescent,SGD/SGD/update_108/ResourceApplyGradientDescent,2,22.528,11.264,22.528,11.264,0.00039253813716747557,0.9119105946998084,0.0,0.0
174,Device,ResourceApplyGradientDescent,SGD/SGD/update_80/ResourceApplyGradientDescent,2,22.528,11.264,22.528,11.264,0.00039253813716747557,0.9123031328369758,0.0,0.0
175,Device,ResourceApplyGradientDescent,SGD/SGD/update_88/ResourceApplyGradientDescent,2,22.528,11.264,22.528,11.264,0.00039253813716747557,0.9126956709741433,0.0,0.0
176,Device,ResourceApplyGradientDescent,SGD/SGD/update_92/ResourceApplyGradientDescent,2,22.528,11.264,22.528,11.264,0.00039253813716747557,0.9130882091113107,0.0,0.0
177,Device,ResourceApplyGradientDescent,SGD/SGD/update_96/ResourceApplyGradientDescent,2,22.528,11.264,22.528,11.264,0.00039253813716747557,0.9134807472484782,0.0,0.0
178,Device,Square,conv2d_17/kernel/Regularizer/Square,2,22.528,11.264,22.528,11.264,0.00039253813716747557,0.9138732853856456,0.0,0.0
179,Device,Sum,conv2d_20/kernel/Regularizer/Sum,2,22.528,11.264,22.528,11.264,0.00039253813716747557,0.914265823522813,0.0,0.0
180,Device,Sum,conv2d_22/kernel/Regularizer/Sum,2,22.528,11.264,22.528,11.264,0.00039253813716747557,0.9146583616599805,0.0,0.0
181,Device,Square,conv2d_25/kernel/Regularizer/Square,2,22.528,11.264,22.528,11.264,0.00039253813716747557,0.9150508997971479,0.0,0.0
182,Device,Sum,conv2d_25/kernel/Regularizer/Sum,2,22.528,11.264,22.528,11.264,0.00039253813716747557,0.9154434379343154,0.0,0.0
183,Device,BiasAddGrad,gradient_tape/model/conv2d_31/BiasAdd/BiasAddGrad,2,22.528,11.264,22.528,11.264,0.00039253813716747557,0.9158359760714828,0.0,0.0
184,Device,Conv2DBackpropFilter,gradient_tape/model/conv2d_31/Conv2D/Conv2DBackpropFilter,2,22.528,11.264,22.528,11.264,0.00039253813716747557,0.9162285142086503,0.0,0.0
185,Device,BiasAddGrad,gradient_tape/model/conv2d_32/BiasAdd/BiasAddGrad,2,22.528,11.264,22.528,11.264,0.00039253813716747557,0.9166210523458177,0.0,0.0
186,Device,BiasAddGrad,gradient_tape/model/conv2d_33/BiasAdd/BiasAddGrad,2,22.528,11.264,22.528,11.264,0.00039253813716747557,0.9170135904829851,0.0,0.0
187,Device,BiasAddGrad,gradient_tape/model/conv2d_34/BiasAdd/BiasAddGrad,2,22.528,11.264,22.528,11.264,0.00039253813716747557,0.9174061286201526,0.0,0.0
188,Device,BiasAddGrad,gradient_tape/model/conv2d_35/BiasAdd/BiasAddGrad,2,22.528,11.264,22.528,11.264,0.00039253813716747557,0.91779866675732,0.0,0.0
189,Device,FusedBatchNormV3,model/batch_normalization_28/FusedBatchNormV3,4,22.528,5.632,22.528,5.632,0.00039253813716747557,0.9181912048944875,0.0,0.0
190,Device,Conv2D,model/conv2d_9/Conv2D,2,22.528,11.264,22.528,11.264,0.00039253813716747557,0.9185837430316549,0.0,0.0
191,Device,Square,conv2d_27/kernel/Regularizer/Square,2,21.505,10.7525,21.505,10.7525,0.0003747129190246166,0.9189584559506795,0.0,0.0
192,Device,ResourceApplyGradientDescent,SGD/SGD/update_100/ResourceApplyGradientDescent,2,21.504,10.752,21.504,10.752,0.000374695494568954,0.9193331514452484,0.0,0.0
193,Device,ResourceApplyGradientDescent,SGD/SGD/update_68/ResourceApplyGradientDescent,2,21.504,10.752,21.504,10.752,0.000374695494568954,0.9197078469398173,0.0,0.0
194,Device,ResourceApplyGradientDescent,SGD/SGD/update_76/ResourceApplyGradientDescent,2,21.504,10.752,21.504,10.752,0.000374695494568954,0.9200825424343863,0.0,0.0
195,Device,ResourceApplyGradientDescent,SGD/SGD/update_84/ResourceApplyGradientDescent,2,21.504,10.752,21.504,10.752,0.000374695494568954,0.9204572379289552,0.0,0.0
196,Device,Square,conv2d_19/kernel/Regularizer/Square,2,21.504,10.752,21.504,10.752,0.000374695494568954,0.9208319334235241,0.0,0.0
197,Device,Sum,conv2d_19/kernel/Regularizer/Sum,2,21.504,10.752,21.504,10.752,0.000374695494568954,0.921206628918093,0.0,0.0
198,Device,Square,conv2d_21/kernel/Regularizer/Square,2,21.504,10.752,21.504,10.752,0.000374695494568954,0.9215813244126619,0.0,0.0
199,Device,Square,conv2d_23/kernel/Regularizer/Square,2,21.504,10.752,21.504,10.752,0.000374695494568954,0.9219560199072309,0.0,0.0
200,Device,Mul,gradient_tape/conv2d_17/kernel/Regularizer/Mul,2,21.504,10.752,21.504,10.752,0.000374695494568954,0.9223307154017998,0.0,0.0
201,Device,Conv2DBackpropFilter,gradient_tape/model/conv2d_9/Conv2D/Conv2DBackpropFilter,2,21.504,10.752,21.504,10.752,0.000374695494568954,0.9227054108963687,0.0,0.0
202,Device,FusedBatchNormV3,model/batch_normalization_29/FusedBatchNormV3,4,21.504,5.376,21.504,5.376,0.000374695494568954,0.9230801063909376,0.0,0.0
203,Device,MatMul,model/dense/MatMul,2,21.504,10.752,21.504,10.752,0.000374695494568954,0.9234548018855065,0.0,0.0
204,Device,ResourceApplyGradientDescent,SGD/SGD/update_104/ResourceApplyGradientDescent,2,20.48,10.24,20.48,10.24,0.00035685285197043236,0.923811654737477,0.0,0.0
205,Device,ResourceApplyGradientDescent,SGD/SGD/update_72/ResourceApplyGradientDescent,2,20.48,10.24,20.48,10.24,0.00035685285197043236,0.9241685075894474,0.0,0.0
206,Device,Sum,conv2d_21/kernel/Regularizer/Sum,2,20.48,10.24,20.48,10.24,0.00035685285197043236,0.9245253604414178,0.0,0.0
207,Device,Square,conv2d_22/kernel/Regularizer/Square,2,20.48,10.24,20.48,10.24,0.00035685285197043236,0.9248822132933882,0.0,0.0
208,Device,Square,conv2d_24/kernel/Regularizer/Square,2,20.48,10.24,20.48,10.24,0.00035685285197043236,0.9252390661453586,0.0,0.0
209,Device,Sum,conv2d_24/kernel/Regularizer/Sum,2,20.48,10.24,20.48,10.24,0.00035685285197043236,0.925595918997329,0.0,0.0
210,Device,Square,conv2d_28/kernel/Regularizer/Square,2,20.48,10.24,20.48,10.24,0.00035685285197043236,0.9259527718492994,0.0,0.0
211,Device,Sum,conv2d_28/kernel/Regularizer/Sum,2,20.48,10.24,20.48,10.24,0.00035685285197043236,0.9263096247012698,0.0,0.0
212,Device,Mul,gradient_tape/conv2d_16/kernel/Regularizer/Mul_1,2,20.48,10.24,20.48,10.24,0.00035685285197043236,0.9266664775532402,0.0,0.0
213,Device,Tile,gradient_tape/conv2d_17/kernel/Regularizer/Tile,2,20.48,10.24,20.48,10.24,0.00035685285197043236,0.9270233304052106,0.0,0.0
214,Device,FusedBatchNormGradV3,gradient_tape/model/batch_normalization_27/FusedBatchNormGradV3,2,20.48,10.24,20.48,10.24,0.00035685285197043236,0.927380183257181,0.0,0.0
215,Device,FusedBatchNormGradV3,gradient_tape/model/batch_normalization_29/FusedBatchNormGradV3,2,20.48,10.24,20.48,10.24,0.00035685285197043236,0.9277370361091514,0.0,0.0
216,Device,FusedBatchNormGradV3,gradient_tape/model/batch_normalization_30/FusedBatchNormGradV3,2,20.48,10.24,20.48,10.24,0.00035685285197043236,0.9280938889611218,0.0,0.0
217,Device,FusedBatchNormGradV3,gradient_tape/model/batch_normalization_31/FusedBatchNormGradV3,2,20.48,10.24,20.48,10.24,0.00035685285197043236,0.9284507418130922,0.0,0.0
218,Device,FusedBatchNormV3,model/batch_normalization/FusedBatchNormV3,4,20.48,5.12,20.48,5.12,0.00035685285197043236,0.9288075946650626,0.0,0.0
219,Device,FusedBatchNormGradV3,gradient_tape/model/batch_normalization_28/FusedBatchNormGradV3,2,19.457,9.7285,19.457,9.7285,0.00033902763382757337,0.9291466222988901,0.0,0.0
220,Device,Sum,conv2d_27/kernel/Regularizer/Sum,2,19.456,9.728,19.456,9.728,0.00033901020937191075,0.929485632508262,0.0,0.0
221,Device,FusedBatchNormV3,model/batch_normalization_18/FusedBatchNormV3,4,18.433,4.60825,18.433,4.60825,0.00032118499122905177,0.929806817499491,0.0,0.0
222,Device,Sum,conv2d_23/kernel/Regularizer/Sum,2,18.432,9.216,18.432,9.216,0.0003211675667733891,0.9301279850662644,0.0,0.0
223,Device,FusedBatchNormGradV3,gradient_tape/model/batch_normalization_32/FusedBatchNormGradV3,2,18.432,9.216,18.432,9.216,0.0003211675667733891,0.9304491526330377,0.0,0.0
224,Device,FusedBatchNormV3,model/batch_normalization_17/FusedBatchNormV3,4,18.432,4.608,18.432,4.608,0.0003211675667733891,0.9307703201998111,0.0,0.0
225,Device,FusedBatchNormV3,model/batch_normalization_19/FusedBatchNormV3,4,18.432,4.608,18.432,4.608,0.0003211675667733891,0.9310914877665845,0.0,0.0
226,Device,FusedBatchNormV3,model/batch_normalization_20/FusedBatchNormV3,4,18.432,4.608,18.432,4.608,0.0003211675667733891,0.9314126553333578,0.0,0.0
227,Device,FusedBatchNormV3,model/batch_normalization_25/FusedBatchNormV3,4,18.432,4.608,18.432,4.608,0.0003211675667733891,0.9317338229001312,0.0,0.0
228,Device,FusedBatchNormV3,model/batch_normalization_26/FusedBatchNormV3,4,18.432,4.608,18.432,4.608,0.0003211675667733891,0.9320549904669045,0.0,0.0
229,Device,Softmax,model/dense/Softmax,2,18.432,9.216,18.432,9.216,0.0003211675667733891,0.9323761580336779,0.0,0.0
230,Device,Sum,conv2d_11/kernel/Regularizer/Sum,2,17.408,8.704,17.408,8.704,0.00030332492417486755,0.9326794829578527,0.0,0.0
231,Device,Sum,conv2d_16/kernel/Regularizer/Sum,2,17.408,8.704,17.408,8.704,0.00030332492417486755,0.9329828078820276,0.0,0.0
232,Device,Sum,conv2d_8/kernel/Regularizer/Sum,2,17.408,8.704,17.408,8.704,0.00030332492417486755,0.9332861328062024,0.0,0.0
233,Device,MaxPoolGrad,gradient_tape/model/max_pooling2d/MaxPool/MaxPoolGrad,2,17.408,8.704,17.408,8.704,0.00030332492417486755,0.9335894577303773,0.0,0.0
234,Device,FusedBatchNormV3,model/batch_normalization_15/FusedBatchNormV3,4,17.408,4.352,17.408,4.352,0.00030332492417486755,0.9338927826545521,0.0,0.0
235,Device,FusedBatchNormV3,model/batch_normalization_16/FusedBatchNormV3,4,17.408,4.352,17.408,4.352,0.00030332492417486755,0.934196107578727,0.0,0.0
236,Device,FusedBatchNormV3,model/batch_normalization_21/FusedBatchNormV3,4,17.408,4.352,17.408,4.352,0.00030332492417486755,0.9344994325029018,0.0,0.0
237,Device,FusedBatchNormV3,model/batch_normalization_23/FusedBatchNormV3,4,17.408,4.352,17.408,4.352,0.00030332492417486755,0.9348027574270766,0.0,0.0
238,Device,FusedBatchNormV3,model/batch_normalization_24/FusedBatchNormV3,4,17.408,4.352,17.408,4.352,0.00030332492417486755,0.9351060823512515,0.0,0.0
239,Device,Square,conv2d_26/kernel/Regularizer/Square,2,16.384,8.192,16.384,8.192,0.0002854822815763459,0.9353915646328278,0.0,0.0
240,Device,FusedBatchNormGradV3,gradient_tape/model/batch_normalization/FusedBatchNormGradV3,2,16.384,8.192,16.384,8.192,0.0002854822815763459,0.9356770469144041,0.0,0.0
241,Device,FusedBatchNormGradV3,gradient_tape/model/batch_normalization_16/FusedBatchNormGradV3,2,16.384,8.192,16.384,8.192,0.0002854822815763459,0.9359625291959804,0.0,0.0
242,Device,FusedBatchNormGradV3,gradient_tape/model/batch_normalization_18/FusedBatchNormGradV3,2,16.384,8.192,16.384,8.192,0.0002854822815763459,0.9362480114775568,0.0,0.0
243,Device,FusedBatchNormGradV3,gradient_tape/model/batch_normalization_22/FusedBatchNormGradV3,2,16.384,8.192,16.384,8.192,0.0002854822815763459,0.9365334937591331,0.0,0.0
244,Device,FusedBatchNormV3,model/batch_normalization_22/FusedBatchNormV3,4,16.384,4.096,16.384,4.096,0.0002854822815763459,0.9368189760407094,0.0,0.0
245,Device,Sum,conv2d_15/kernel/Regularizer/Sum,2,15.361,7.6805,15.361,7.6805,0.0002676570634334869,0.9370866331041429,0.0,0.0
246,Device,FusedBatchNormGradV3,gradient_tape/model/batch_normalization_26/FusedBatchNormGradV3,2,15.361,7.6805,15.361,7.6805,0.0002676570634334869,0.9373542901675763,0.0,0.0
247,Device,Sum,conv2d_10/kernel/Regularizer/Sum,2,15.36,7.68,15.36,7.68,0.0002676396389778243,0.9376219298065541,0.0,0.0
248,Device,Sum,conv2d_12/kernel/Regularizer/Sum,2,15.36,7.68,15.36,7.68,0.0002676396389778243,0.9378895694455319,0.0,0.0
249,Device,Sum,conv2d_14/kernel/Regularizer/Sum,2,15.36,7.68,15.36,7.68,0.0002676396389778243,0.9381572090845097,0.0,0.0
250,Device,Sum,conv2d_31/kernel/Regularizer/Sum,2,15.36,7.68,15.36,7.68,0.0002676396389778243,0.9384248487234875,0.0,0.0
251,Device,Mul,gradient_tape/conv2d_16/kernel/Regularizer/Mul,2,15.36,7.68,15.36,7.68,0.0002676396389778243,0.9386924883624653,0.0,0.0
252,Device,FusedBatchNormGradV3,gradient_tape/model/batch_normalization_19/FusedBatchNormGradV3,2,15.36,7.68,15.36,7.68,0.0002676396389778243,0.9389601280014431,0.0,0.0
253,Device,FusedBatchNormGradV3,gradient_tape/model/batch_normalization_20/FusedBatchNormGradV3,2,15.36,7.68,15.36,7.68,0.0002676396389778243,0.9392277676404209,0.0,0.0
254,Device,FusedBatchNormGradV3,gradient_tape/model/batch_normalization_21/FusedBatchNormGradV3,2,15.36,7.68,15.36,7.68,0.0002676396389778243,0.9394954072793987,0.0,0.0
255,Device,FusedBatchNormGradV3,gradient_tape/model/batch_normalization_23/FusedBatchNormGradV3,2,15.36,7.68,15.36,7.68,0.0002676396389778243,0.9397630469183765,0.0,0.0
256,Device,FusedBatchNormGradV3,gradient_tape/model/batch_normalization_25/FusedBatchNormGradV3,2,15.36,7.68,15.36,7.68,0.0002676396389778243,0.9400306865573543,0.0,0.0
257,Device,AddN,SGD/gradients/AddN_32,2,14.336,7.168,14.336,7.168,0.0002497969963793027,0.9402804835537336,0.0,0.0
258,Device,Sum,conv2d_13/kernel/Regularizer/Sum,2,14.336,7.168,14.336,7.168,0.0002497969963793027,0.9405302805501129,0.0,0.0
259,Device,Square,conv2d_16/kernel/Regularizer/Square,2,14.336,7.168,14.336,7.168,0.0002497969963793027,0.9407800775464922,0.0,0.0
260,Device,Sum,conv2d_4/kernel/Regularizer/Sum,2,14.336,7.168,14.336,7.168,0.0002497969963793027,0.9410298745428715,0.0,0.0
261,Device,Sum,conv2d_7/kernel/Regularizer/Sum,2,14.336,7.168,14.336,7.168,0.0002497969963793027,0.9412796715392507,0.0,0.0
262,Device,Tile,gradient_tape/conv2d_8/kernel/Regularizer/Tile,2,14.336,7.168,14.336,7.168,0.0002497969963793027,0.94152946853563,0.0,0.0
263,Device,FusedBatchNormGradV3,gradient_tape/model/batch_normalization_15/FusedBatchNormGradV3,2,14.336,7.168,14.336,7.168,0.0002497969963793027,0.9417792655320093,0.0,0.0
264,Device,FusedBatchNormGradV3,gradient_tape/model/batch_normalization_17/FusedBatchNormGradV3,2,14.336,7.168,14.336,7.168,0.0002497969963793027,0.9420290625283886,0.0,0.0
265,Device,FusedBatchNormGradV3,gradient_tape/model/batch_normalization_24/FusedBatchNormGradV3,2,14.336,7.168,14.336,7.168,0.0002497969963793027,0.9422788595247679,0.0,0.0
266,Device,FusedBatchNormV3,model/batch_normalization_10/FusedBatchNormV3,4,14.336,3.584,14.336,3.584,0.0002497969963793027,0.9425286565211471,0.0,0.0
267,Device,FusedBatchNormV3,model/batch_normalization_11/FusedBatchNormV3,4,14.336,3.584,14.336,3.584,0.0002497969963793027,0.9427784535175264,0.0,0.0
268,Device,FusedBatchNormV3,model/batch_normalization_3/FusedBatchNormV3,4,14.336,3.584,14.336,3.584,0.0002497969963793027,0.9430282505139057,0.0,0.0
269,Device,FusedBatchNormV3,model/batch_normalization_5/FusedBatchNormV3,4,14.336,3.584,14.336,3.584,0.0002497969963793027,0.943278047510285,0.0,0.0
270,Device,FusedBatchNormV3,model/batch_normalization_9/FusedBatchNormV3,4,14.336,3.584,14.336,3.584,0.0002497969963793027,0.9435278445066643,0.0,0.0
271,Device,Tile,gradient_tape/conv2d_16/kernel/Regularizer/Tile,2,13.313,6.6565,13.313,6.6565,0.00023197177823644366,0.9437598162849007,0.0,0.0
272,Device,BiasAddGrad,gradient_tape/model/conv2d/BiasAdd/BiasAddGrad,2,13.313,6.6565,13.313,6.6565,0.00023197177823644366,0.9439917880631371,0.0,0.0
273,Device,Sum,conv2d_2/kernel/Regularizer/Sum,2,13.312,6.656,13.312,6.656,0.00023195435378078105,0.9442237424169179,0.0,0.0
274,Device,Sum,conv2d_3/kernel/Regularizer/Sum,2,13.312,6.656,13.312,6.656,0.00023195435378078105,0.9444556967706986,0.0,0.0
275,Device,Sum,conv2d_6/kernel/Regularizer/Sum,2,13.312,6.656,13.312,6.656,0.00023195435378078105,0.9446876511244794,0.0,0.0
276,Device,BiasAddGrad,gradient_tape/model/conv2d_19/BiasAdd/BiasAddGrad,2,13.312,6.656,13.312,6.656,0.00023195435378078105,0.9449196054782601,0.0,0.0
277,Device,BiasAddGrad,gradient_tape/model/conv2d_23/BiasAdd/BiasAddGrad,2,13.312,6.656,13.312,6.656,0.00023195435378078105,0.9451515598320409,0.0,0.0
278,Device,BiasAddGrad,gradient_tape/model/conv2d_26/BiasAdd/BiasAddGrad,2,13.312,6.656,13.312,6.656,0.00023195435378078105,0.9453835141858217,0.0,0.0
279,Device,Relu,model/activation/Relu,2,13.312,6.656,13.312,6.656,0.00023195435378078105,0.9456154685396024,0.0,0.0
280,Device,FusedBatchNormV3,model/batch_normalization_1/FusedBatchNormV3,4,13.312,3.328,13.312,3.328,0.00023195435378078105,0.9458474228933832,0.0,0.0
281,Device,FusedBatchNormV3,model/batch_normalization_12/FusedBatchNormV3,4,13.312,3.328,13.312,3.328,0.00023195435378078105,0.946079377247164,0.0,0.0
282,Device,FusedBatchNormV3,model/batch_normalization_13/FusedBatchNormV3,4,13.312,3.328,13.312,3.328,0.00023195435378078105,0.9463113316009447,0.0,0.0
283,Device,FusedBatchNormV3,model/batch_normalization_14/FusedBatchNormV3,4,13.312,3.328,13.312,3.328,0.00023195435378078105,0.9465432859547255,0.0,0.0
284,Device,FusedBatchNormV3,model/batch_normalization_2/FusedBatchNormV3,4,13.312,3.328,13.312,3.328,0.00023195435378078105,0.9467752403085062,0.0,0.0
285,Device,FusedBatchNormV3,model/batch_normalization_4/FusedBatchNormV3,4,13.312,3.328,13.312,3.328,0.00023195435378078105,0.947007194662287,0.0,0.0
286,Device,FusedBatchNormV3,model/batch_normalization_7/FusedBatchNormV3,4,13.312,3.328,13.312,3.328,0.00023195435378078105,0.9472391490160678,0.0,0.0
287,Device,Sum,conv2d/kernel/Regularizer/Sum,2,12.288,6.144,12.288,6.144,0.00021411171118225944,0.94745326072725,0.0,0.0
288,Device,Sum,conv2d_1/kernel/Regularizer/Sum,2,12.288,6.144,12.288,6.144,0.00021411171118225944,0.9476673724384322,0.0,0.0
289,Device,Sum,conv2d_18/kernel/Regularizer/Sum,2,12.288,6.144,12.288,6.144,0.00021411171118225944,0.9478814841496145,0.0,0.0
290,Device,Sum,conv2d_5/kernel/Regularizer/Sum,2,12.288,6.144,12.288,6.144,0.00021411171118225944,0.9480955958607967,0.0,0.0
291,Device,Sum,conv2d_9/kernel/Regularizer/Sum,2,12.288,6.144,12.288,6.144,0.00021411171118225944,0.948309707571979,0.0,0.0
292,Device,Tile,gradient_tape/conv2d_1/kernel/Regularizer/Tile,2,12.288,6.144,12.288,6.144,0.00021411171118225944,0.9485238192831612,0.0,0.0
293,Device,Mul,gradient_tape/conv2d_10/kernel/Regularizer/Mul_1,2,12.288,6.144,12.288,6.144,0.00021411171118225944,0.9487379309943434,0.0,0.0
294,Device,Tile,gradient_tape/conv2d_31/kernel/Regularizer/Tile,2,12.288,6.144,12.288,6.144,0.00021411171118225944,0.9489520427055257,0.0,0.0
295,Device,Tile,gradient_tape/conv2d_7/kernel/Regularizer/Tile,2,12.288,6.144,12.288,6.144,0.00021411171118225944,0.9491661544167079,0.0,0.0
296,Device,BiasAddGrad,gradient_tape/model/conv2d_16/BiasAdd/BiasAddGrad,2,12.288,6.144,12.288,6.144,0.00021411171118225944,0.9493802661278902,0.0,0.0
297,Device,BiasAddGrad,gradient_tape/model/conv2d_18/BiasAdd/BiasAddGrad,2,12.288,6.144,12.288,6.144,0.00021411171118225944,0.9495943778390724,0.0,0.0
298,Device,BiasAddGrad,gradient_tape/model/conv2d_20/BiasAdd/BiasAddGrad,2,12.288,6.144,12.288,6.144,0.00021411171118225944,0.9498084895502547,0.0,0.0
299,Device,BiasAddGrad,gradient_tape/model/conv2d_21/BiasAdd/BiasAddGrad,2,12.288,6.144,12.288,6.144,0.00021411171118225944,0.9500226012614369,0.0,0.0
300,Device,BiasAddGrad,gradient_tape/model/conv2d_22/BiasAdd/BiasAddGrad,2,12.288,6.144,12.288,6.144,0.00021411171118225944,0.9502367129726191,0.0,0.0
301,Device,BiasAddGrad,gradient_tape/model/conv2d_24/BiasAdd/BiasAddGrad,2,12.288,6.144,12.288,6.144,0.00021411171118225944,0.9504508246838014,0.0,0.0
302,Device,BiasAddGrad,gradient_tape/model/conv2d_25/BiasAdd/BiasAddGrad,2,12.288,6.144,12.288,6.144,0.00021411171118225944,0.9506649363949836,0.0,0.0
303,Device,BiasAddGrad,gradient_tape/model/conv2d_27/BiasAdd/BiasAddGrad,2,12.288,6.144,12.288,6.144,0.00021411171118225944,0.9508790481061659,0.0,0.0
304,Device,BiasAddGrad,gradient_tape/model/conv2d_28/BiasAdd/BiasAddGrad,2,12.288,6.144,12.288,6.144,0.00021411171118225944,0.9510931598173481,0.0,0.0
305,Device,FusedBatchNormV3,model/batch_normalization_6/FusedBatchNormV3,4,12.288,3.072,12.288,3.072,0.00021411171118225944,0.9513072715285303,0.0,0.0
306,Device,FusedBatchNormV3,model/batch_normalization_8/FusedBatchNormV3,4,12.288,3.072,12.288,3.072,0.00021411171118225944,0.9515213832397126,0.0,0.0
307,Device,ResourceApplyGradientDescent,SGD/SGD/update_116/ResourceApplyGradientDescent,2,11.264,5.632,11.264,5.632,0.00019626906858373778,0.9517176523082963,0.0,0.0
308,Device,Mul,gradient_tape/conv2d_12/kernel/Regularizer/Mul_1,2,11.264,5.632,11.264,5.632,0.00019626906858373778,0.95191392137688,0.0,0.0
309,Device,Tile,gradient_tape/conv2d_18/kernel/Regularizer/Tile,2,11.264,5.632,11.264,5.632,0.00019626906858373778,0.9521101904454637,0.0,0.0
310,Device,Mul,gradient_tape/conv2d_31/kernel/Regularizer/Mul_1,2,11.264,5.632,11.264,5.632,0.00019626906858373778,0.9523064595140475,0.0,0.0
311,Device,FusedBatchNormGradV3,gradient_tape/model/batch_normalization_1/FusedBatchNormGradV3,2,11.264,5.632,11.264,5.632,0.00019626906858373778,0.9525027285826312,0.0,0.0
312,Device,FusedBatchNormGradV3,gradient_tape/model/batch_normalization_10/FusedBatchNormGradV3,2,11.264,5.632,11.264,5.632,0.00019626906858373778,0.9526989976512149,0.0,0.0
313,Device,FusedBatchNormGradV3,gradient_tape/model/batch_normalization_14/FusedBatchNormGradV3,2,11.264,5.632,11.264,5.632,0.00019626906858373778,0.9528952667197986,0.0,0.0
314,Device,FusedBatchNormGradV3,gradient_tape/model/batch_normalization_3/FusedBatchNormGradV3,2,11.264,5.632,11.264,5.632,0.00019626906858373778,0.9530915357883823,0.0,0.0
315,Device,FusedBatchNormGradV3,gradient_tape/model/batch_normalization_4/FusedBatchNormGradV3,2,11.264,5.632,11.264,5.632,0.00019626906858373778,0.9532878048569661,0.0,0.0
316,Device,FusedBatchNormGradV3,gradient_tape/model/batch_normalization_5/FusedBatchNormGradV3,2,11.264,5.632,11.264,5.632,0.00019626906858373778,0.9534840739255498,0.0,0.0
317,Device,FusedBatchNormGradV3,gradient_tape/model/batch_normalization_7/FusedBatchNormGradV3,2,11.264,5.632,11.264,5.632,0.00019626906858373778,0.9536803429941335,0.0,0.0
318,Device,FusedBatchNormGradV3,gradient_tape/model/batch_normalization_8/FusedBatchNormGradV3,2,11.264,5.632,11.264,5.632,0.00019626906858373778,0.9538766120627172,0.0,0.0
319,Device,BiasAdd,model/conv2d/BiasAdd,2,11.264,5.632,11.264,5.632,0.00019626906858373778,0.954072881131301,0.0,0.0
320,Device,AddN,SGD/gradients/AddN_25,2,10.241,5.1205,10.241,5.1205,0.0001784438504408788,0.9542513249817418,0.0,0.0
321,Device,AddN,SGD/gradients/AddN_46,2,10.24,5.12,10.24,5.12,0.00017842642598521618,0.954429751407727,0.0,0.0
322,Device,Square,conv2d_10/kernel/Regularizer/Square,2,10.24,5.12,10.24,5.12,0.00017842642598521618,0.9546081778337122,0.0,0.0
323,Device,Square,conv2d_11/kernel/Regularizer/Square,2,10.24,5.12,10.24,5.12,0.00017842642598521618,0.9547866042596974,0.0,0.0
324,Device,Square,conv2d_12/kernel/Regularizer/Square,2,10.24,5.12,10.24,5.12,0.00017842642598521618,0.9549650306856826,0.0,0.0
325,Device,Square,conv2d_14/kernel/Regularizer/Square,2,10.24,5.12,10.24,5.12,0.00017842642598521618,0.9551434571116678,0.0,0.0
326,Device,Square,conv2d_15/kernel/Regularizer/Square,2,10.24,5.12,10.24,5.12,0.00017842642598521618,0.955321883537653,0.0,0.0
327,Device,Square,conv2d_8/kernel/Regularizer/Square,2,10.24,5.12,10.24,5.12,0.00017842642598521618,0.9555003099636382,0.0,0.0
328,Device,Mul,gradient_tape/conv2d_11/kernel/Regularizer/Mul_1,2,10.24,5.12,10.24,5.12,0.00017842642598521618,0.9556787363896234,0.0,0.0
329,Device,Mul,gradient_tape/conv2d_13/kernel/Regularizer/Mul_1,2,10.24,5.12,10.24,5.12,0.00017842642598521618,0.9558571628156086,0.0,0.0
330,Device,Mul,gradient_tape/conv2d_14/kernel/Regularizer/Mul_1,2,10.24,5.12,10.24,5.12,0.00017842642598521618,0.9560355892415938,0.0,0.0
331,Device,Mul,gradient_tape/conv2d_15/kernel/Regularizer/Mul,2,10.24,5.12,10.24,5.12,0.00017842642598521618,0.956214015667579,0.0,0.0
332,Device,Mul,gradient_tape/conv2d_15/kernel/Regularizer/Mul_1,2,10.24,5.12,10.24,5.12,0.00017842642598521618,0.9563924420935642,0.0,0.0
333,Device,Mul,gradient_tape/conv2d_7/kernel/Regularizer/Mul_1,2,10.24,5.12,10.24,5.12,0.00017842642598521618,0.9565708685195494,0.0,0.0
334,Device,Mul,gradient_tape/conv2d_8/kernel/Regularizer/Mul_1,2,10.24,5.12,10.24,5.12,0.00017842642598521618,0.9567492949455346,0.0,0.0
335,Device,FusedBatchNormGradV3,gradient_tape/model/batch_normalization_11/FusedBatchNormGradV3,2,10.24,5.12,10.24,5.12,0.00017842642598521618,0.9569277213715198,0.0,0.0
336,Device,FusedBatchNormGradV3,gradient_tape/model/batch_normalization_12/FusedBatchNormGradV3,2,10.24,5.12,10.24,5.12,0.00017842642598521618,0.957106147797505,0.0,0.0
337,Device,FusedBatchNormGradV3,gradient_tape/model/batch_normalization_13/FusedBatchNormGradV3,2,10.24,5.12,10.24,5.12,0.00017842642598521618,0.9572845742234902,0.0,0.0
338,Device,FusedBatchNormGradV3,gradient_tape/model/batch_normalization_2/FusedBatchNormGradV3,2,10.24,5.12,10.24,5.12,0.00017842642598521618,0.9574630006494754,0.0,0.0
339,Device,FusedBatchNormGradV3,gradient_tape/model/batch_normalization_6/FusedBatchNormGradV3,2,10.24,5.12,10.24,5.12,0.00017842642598521618,0.9576414270754606,0.0,0.0
340,Device,FusedBatchNormGradV3,gradient_tape/model/batch_normalization_9/FusedBatchNormGradV3,2,10.24,5.12,10.24,5.12,0.00017842642598521618,0.9578198535014458,0.0,0.0
341,Device,BiasAddGrad,gradient_tape/model/conv2d_10/BiasAdd/BiasAddGrad,2,10.24,5.12,10.24,5.12,0.00017842642598521618,0.957998279927431,0.0,0.0
342,Device,BiasAddGrad,gradient_tape/model/conv2d_11/BiasAdd/BiasAddGrad,2,10.24,5.12,10.24,5.12,0.00017842642598521618,0.9581767063534162,0.0,0.0
343,Device,BiasAddGrad,gradient_tape/model/conv2d_12/BiasAdd/BiasAddGrad,2,10.24,5.12,10.24,5.12,0.00017842642598521618,0.9583551327794014,0.0,0.0
344,Device,BiasAddGrad,gradient_tape/model/conv2d_14/BiasAdd/BiasAddGrad,2,10.24,5.12,10.24,5.12,0.00017842642598521618,0.9585335592053866,0.0,0.0
345,Device,BiasAddGrad,gradient_tape/model/conv2d_7/BiasAdd/BiasAddGrad,2,10.24,5.12,10.24,5.12,0.00017842642598521618,0.9587119856313718,0.0,0.0
346,Device,MatMul,gradient_tape/model/dense/MatMul/MatMul,2,10.24,5.12,10.24,5.12,0.00017842642598521618,0.958890412057357,0.0,0.0
347,Device,MatMul,gradient_tape/model/dense/MatMul/MatMul_1,2,10.24,5.12,10.24,5.12,0.00017842642598521618,0.9590688384833422,0.0,0.0
348,Device,ResourceApplyGradientDescent,SGD/SGD/update_62/ResourceApplyGradientDescent,2,9.216,4.608,9.216,4.608,0.00016058378338669455,0.9592294222667289,0.0,0.0
349,Device,AddN,SGD/gradients/AddN_26,2,9.216,4.608,9.216,4.608,0.00016058378338669455,0.9593900060501156,0.0,0.0
350,Device,AddN,SGD/gradients/AddN_27,2,9.216,4.608,9.216,4.608,0.00016058378338669455,0.9595505898335023,0.0,0.0
351,Device,AddN,SGD/gradients/AddN_28,2,9.216,4.608,9.216,4.608,0.00016058378338669455,0.959711173616889,0.0,0.0
352,Device,AddN,SGD/gradients/AddN_30,2,9.216,4.608,9.216,4.608,0.00016058378338669455,0.9598717574002756,0.0,0.0
353,Device,AddN,SGD/gradients/AddN_31,2,9.216,4.608,9.216,4.608,0.00016058378338669455,0.9600323411836623,0.0,0.0
354,Device,Square,conv2d_13/kernel/Regularizer/Square,2,9.216,4.608,9.216,4.608,0.00016058378338669455,0.960192924967049,0.0,0.0
355,Device,Square,conv2d_31/kernel/Regularizer/Square,2,9.216,4.608,9.216,4.608,0.00016058378338669455,0.9603535087504357,0.0,0.0
356,Device,Mul,gradient_tape/conv2d_31/kernel/Regularizer/Mul,2,9.216,4.608,9.216,4.608,0.00016058378338669455,0.9605140925338224,0.0,0.0
357,Device,Mul,gradient_tape/conv2d_7/kernel/Regularizer/Mul,2,9.216,4.608,9.216,4.608,0.00016058378338669455,0.960674676317209,0.0,0.0
358,Device,Mul,gradient_tape/conv2d_8/kernel/Regularizer/Mul,2,9.216,4.608,9.216,4.608,0.00016058378338669455,0.9608352601005957,0.0,0.0
359,Device,Transpose,gradient_tape/model/conv2d/Conv2D/Conv2DBackpropFilter-0-TransposeNHWCToNCHW-LayoutOptimizer,2,9.216,4.608,9.216,4.608,0.00016058378338669455,0.9609958438839824,0.0,0.0
360,Device,BiasAddGrad,gradient_tape/model/conv2d_13/BiasAdd/BiasAddGrad,2,9.216,4.608,9.216,4.608,0.00016058378338669455,0.9611564276673691,0.0,0.0
361,Device,BiasAddGrad,gradient_tape/model/conv2d_15/BiasAdd/BiasAddGrad,2,9.216,4.608,9.216,4.608,0.00016058378338669455,0.9613170114507558,0.0,0.0
362,Device,BiasAddGrad,gradient_tape/model/conv2d_9/BiasAdd/BiasAddGrad,2,9.216,4.608,9.216,4.608,0.00016058378338669455,0.9614775952341424,0.0,0.0
363,Device,MaxPool,model/max_pooling2d/MaxPool,2,9.216,4.608,9.216,4.608,0.00016058378338669455,0.9616381790175291,0.0,0.0
364,Device,AvgPool,model/average_pooling2d/AvgPool,2,8.194,4.097,8.194,4.097,0.0001427759896994982,0.9617809550072286,0.0,0.0
365,Device,ArgMax,ArgMax_1,2,8.192,4.096,8.192,4.096,0.00014274114078817294,0.9619236961480168,0.0,0.0
366,Device,ResourceApplyGradientDescent,SGD/SGD/update_138/ResourceApplyGradientDescent,2,8.192,4.096,8.192,4.096,0.00014274114078817294,0.9620664372888049,0.0,0.0
367,Device,ResourceApplyGradientDescent,SGD/SGD/update_28/ResourceApplyGradientDescent,2,8.192,4.096,8.192,4.096,0.00014274114078817294,0.9622091784295931,0.0,0.0
368,Device,ResourceApplyGradientDescent,SGD/SGD/update_50/ResourceApplyGradientDescent,2,8.192,4.096,8.192,4.096,0.00014274114078817294,0.9623519195703812,0.0,0.0
369,Device,ResourceApplyGradientDescent,SGD/SGD/update_66/ResourceApplyGradientDescent,2,8.192,4.096,8.192,4.096,0.00014274114078817294,0.9624946607111694,0.0,0.0
370,Device,AddN,SGD/gradients/AddN_29,2,8.192,4.096,8.192,4.096,0.00014274114078817294,0.9626374018519576,0.0,0.0
371,Device,AddN,SGD/gradients/AddN_8,2,8.192,4.096,8.192,4.096,0.00014274114078817294,0.9627801429927457,0.0,0.0
372,Device,Square,conv2d_2/kernel/Regularizer/Square,2,8.192,4.096,8.192,4.096,0.00014274114078817294,0.9629228841335339,0.0,0.0
373,Device,Square,conv2d_3/kernel/Regularizer/Square,2,8.192,4.096,8.192,4.096,0.00014274114078817294,0.963065625274322,0.0,0.0
374,Device,Mul,gradient_tape/conv2d_1/kernel/Regularizer/Mul_1,2,8.192,4.096,8.192,4.096,0.00014274114078817294,0.9632083664151102,0.0,0.0
375,Device,Mul,gradient_tape/conv2d_10/kernel/Regularizer/Mul,2,8.192,4.096,8.192,4.096,0.00014274114078817294,0.9633511075558984,0.0,0.0
376,Device,Mul,gradient_tape/conv2d_11/kernel/Regularizer/Mul,2,8.192,4.096,8.192,4.096,0.00014274114078817294,0.9634938486966865,0.0,0.0
377,Device,Mul,gradient_tape/conv2d_12/kernel/Regularizer/Mul,2,8.192,4.096,8.192,4.096,0.00014274114078817294,0.9636365898374747,0.0,0.0
378,Device,Mul,gradient_tape/conv2d_13/kernel/Regularizer/Mul,2,8.192,4.096,8.192,4.096,0.00014274114078817294,0.9637793309782628,0.0,0.0
379,Device,Mul,gradient_tape/conv2d_14/kernel/Regularizer/Mul,2,8.192,4.096,8.192,4.096,0.00014274114078817294,0.963922072119051,0.0,0.0
380,Device,ReluGrad,gradient_tape/model/activation/ReluGrad,2,8.192,4.096,8.192,4.096,0.00014274114078817294,0.9640648132598392,0.0,0.0
381,Device,ReluGrad,gradient_tape/model/activation_16/ReluGrad,2,8.192,4.096,8.192,4.096,0.00014274114078817294,0.9642075544006273,0.0,0.0
382,Device,ReluGrad,gradient_tape/model/activation_17/ReluGrad,2,8.192,4.096,8.192,4.096,0.00014274114078817294,0.9643502955414155,0.0,0.0
383,Device,ReluGrad,gradient_tape/model/activation_28/ReluGrad,2,8.192,4.096,8.192,4.096,0.00014274114078817294,0.9644930366822037,0.0,0.0
384,Device,AvgPoolGrad,gradient_tape/model/average_pooling2d/AvgPoolGrad,2,8.192,4.096,8.192,4.096,0.00014274114078817294,0.9646357778229918,0.0,0.0
385,Device,BiasAddGrad,gradient_tape/model/conv2d_1/BiasAdd/BiasAddGrad,2,8.192,4.096,8.192,4.096,0.00014274114078817294,0.96477851896378,0.0,0.0
386,Device,BiasAddGrad,gradient_tape/model/conv2d_2/BiasAdd/BiasAddGrad,2,8.192,4.096,8.192,4.096,0.00014274114078817294,0.9649212601045681,0.0,0.0
387,Device,BiasAddGrad,gradient_tape/model/conv2d_3/BiasAdd/BiasAddGrad,2,8.192,4.096,8.192,4.096,0.00014274114078817294,0.9650640012453563,0.0,0.0
388,Device,BiasAddGrad,gradient_tape/model/conv2d_4/BiasAdd/BiasAddGrad,2,8.192,4.096,8.192,4.096,0.00014274114078817294,0.9652067423861445,0.0,0.0
389,Device,BiasAddGrad,gradient_tape/model/conv2d_5/BiasAdd/BiasAddGrad,2,8.192,4.096,8.192,4.096,0.00014274114078817294,0.9653494835269326,0.0,0.0
390,Device,BiasAddGrad,gradient_tape/model/conv2d_6/BiasAdd/BiasAddGrad,2,8.192,4.096,8.192,4.096,0.00014274114078817294,0.9654922246677208,0.0,0.0
391,Device,AddV2,model/add_11/add,2,8.192,4.096,8.192,4.096,0.00014274114078817294,0.9656349658085089,0.0,0.0
392,Device,AddV2,model/add_3/add,2,8.192,4.096,8.192,4.096,0.00014274114078817294,0.9657777069492971,0.0,0.0
393,Device,AddV2,model/add_4/add,2,8.192,4.096,8.192,4.096,0.00014274114078817294,0.9659204480900853,0.0,0.0
394,Device,AddV2,model/add_8/add,2,8.192,4.096,8.192,4.096,0.00014274114078817294,0.9660631892308734,0.0,0.0
395,Device,BiasAdd,model/conv2d_19/BiasAdd,2,8.192,4.096,8.192,4.096,0.00014274114078817294,0.9662059303716616,0.0,0.0
396,Device,ResourceApplyGradientDescent,SGD/SGD/update_16/ResourceApplyGradientDescent,2,7.169,3.5845,7.169,3.5845,0.00012491592264531396,0.9663308462943069,0.0,0.0
397,Device,ReluGrad,gradient_tape/model/activation_30/ReluGrad,2,7.169,3.5845,7.169,3.5845,0.00012491592264531396,0.9664557622169522,0.0,0.0
398,Device,ArgMax,ArgMax,2,7.168,3.584,7.168,3.584,0.00012489849818965134,0.9665806607151418,0.0,0.0
399,Device,ResourceApplyGradientDescent,SGD/SGD/update_110/ResourceApplyGradientDescent,2,7.168,3.584,7.168,3.584,0.00012489849818965134,0.9667055592133315,0.0,0.0
400,Device,ResourceApplyGradientDescent,SGD/SGD/update_111/ResourceApplyGradientDescent,2,7.168,3.584,7.168,3.584,0.00012489849818965134,0.9668304577115211,0.0,0.0
401,Device,ResourceApplyGradientDescent,SGD/SGD/update_119/ResourceApplyGradientDescent,2,7.168,3.584,7.168,3.584,0.00012489849818965134,0.9669553562097107,0.0,0.0
402,Device,ResourceApplyGradientDescent,SGD/SGD/update_12/ResourceApplyGradientDescent,2,7.168,3.584,7.168,3.584,0.00012489849818965134,0.9670802547079004,0.0,0.0
403,Device,ResourceApplyGradientDescent,SGD/SGD/update_127/ResourceApplyGradientDescent,2,7.168,3.584,7.168,3.584,0.00012489849818965134,0.96720515320609,0.0,0.0
404,Device,ResourceApplyGradientDescent,SGD/SGD/update_133/ResourceApplyGradientDescent,2,7.168,3.584,7.168,3.584,0.00012489849818965134,0.9673300517042797,0.0,0.0
405,Device,ResourceApplyGradientDescent,SGD/SGD/update_137/ResourceApplyGradientDescent,2,7.168,3.584,7.168,3.584,0.00012489849818965134,0.9674549502024693,0.0,0.0
406,Device,ResourceApplyGradientDescent,SGD/SGD/update_20/ResourceApplyGradientDescent,2,7.168,3.584,7.168,3.584,0.00012489849818965134,0.9675798487006589,0.0,0.0
407,Device,ResourceApplyGradientDescent,SGD/SGD/update_24/ResourceApplyGradientDescent,2,7.168,3.584,7.168,3.584,0.00012489849818965134,0.9677047471988486,0.0,0.0
408,Device,ResourceApplyGradientDescent,SGD/SGD/update_32/ResourceApplyGradientDescent,2,7.168,3.584,7.168,3.584,0.00012489849818965134,0.9678296456970382,0.0,0.0
409,Device,ResourceApplyGradientDescent,SGD/SGD/update_34/ResourceApplyGradientDescent,2,7.168,3.584,7.168,3.584,0.00012489849818965134,0.9679545441952279,0.0,0.0
410,Device,ResourceApplyGradientDescent,SGD/SGD/update_38/ResourceApplyGradientDescent,2,7.168,3.584,7.168,3.584,0.00012489849818965134,0.9680794426934175,0.0,0.0
411,Device,ResourceApplyGradientDescent,SGD/SGD/update_42/ResourceApplyGradientDescent,2,7.168,3.584,7.168,3.584,0.00012489849818965134,0.9682043411916071,0.0,0.0
412,Device,ResourceApplyGradientDescent,SGD/SGD/update_46/ResourceApplyGradientDescent,2,7.168,3.584,7.168,3.584,0.00012489849818965134,0.9683292396897968,0.0,0.0
413,Device,ResourceApplyGradientDescent,SGD/SGD/update_58/ResourceApplyGradientDescent,2,7.168,3.584,7.168,3.584,0.00012489849818965134,0.9684541381879864,0.0,0.0
414,Device,ResourceApplyGradientDescent,SGD/SGD/update_74/ResourceApplyGradientDescent,2,7.168,3.584,7.168,3.584,0.00012489849818965134,0.9685790366861761,0.0,0.0
415,Device,ResourceApplyGradientDescent,SGD/SGD/update_8/ResourceApplyGradientDescent,2,7.168,3.584,7.168,3.584,0.00012489849818965134,0.9687039351843657,0.0,0.0
416,Device,ResourceApplyGradientDescent,SGD/SGD/update_82/ResourceApplyGradientDescent,2,7.168,3.584,7.168,3.584,0.00012489849818965134,0.9688288336825553,0.0,0.0
417,Device,ResourceApplyGradientDescent,SGD/SGD/update_97/ResourceApplyGradientDescent,2,7.168,3.584,7.168,3.584,0.00012489849818965134,0.968953732180745,0.0,0.0
418,Device,AddN,SGD/gradients/AddN_10,2,7.168,3.584,7.168,3.584,0.00012489849818965134,0.9690786306789346,0.0,0.0
419,Device,AddN,SGD/gradients/AddN_11,2,7.168,3.584,7.168,3.584,0.00012489849818965134,0.9692035291771243,0.0,0.0
420,Device,AddN,SGD/gradients/AddN_19,2,7.168,3.584,7.168,3.584,0.00012489849818965134,0.9693284276753139,0.0,0.0
421,Device,AddN,SGD/gradients/AddN_2,2,7.168,3.584,7.168,3.584,0.00012489849818965134,0.9694533261735035,0.0,0.0
422,Device,AddN,SGD/gradients/AddN_21,2,7.168,3.584,7.168,3.584,0.00012489849818965134,0.9695782246716932,0.0,0.0
423,Device,AddN,SGD/gradients/AddN_23,2,7.168,3.584,7.168,3.584,0.00012489849818965134,0.9697031231698828,0.0,0.0
424,Device,AddN,SGD/gradients/AddN_33,2,7.168,3.584,7.168,3.584,0.00012489849818965134,0.9698280216680725,0.0,0.0
425,Device,AddN,SGD/gradients/AddN_5,2,7.168,3.584,7.168,3.584,0.00012489849818965134,0.9699529201662621,0.0,0.0
426,Device,AddN,SGD/gradients/AddN_6,2,7.168,3.584,7.168,3.584,0.00012489849818965134,0.9700778186644518,0.0,0.0
427,Device,AddN,SGD/gradients/AddN_7,2,7.168,3.584,7.168,3.584,0.00012489849818965134,0.9702027171626414,0.0,0.0
428,Device,Square,conv2d_1/kernel/Regularizer/Square,2,7.168,3.584,7.168,3.584,0.00012489849818965134,0.970327615660831,0.0,0.0
429,Device,Square,conv2d_18/kernel/Regularizer/Square,2,7.168,3.584,7.168,3.584,0.00012489849818965134,0.9704525141590207,0.0,0.0
430,Device,Square,conv2d_5/kernel/Regularizer/Square,2,7.168,3.584,7.168,3.584,0.00012489849818965134,0.9705774126572103,0.0,0.0
431,Device,Square,conv2d_6/kernel/Regularizer/Square,2,7.168,3.584,7.168,3.584,0.00012489849818965134,0.9707023111554,0.0,0.0
432,Device,Square,conv2d_7/kernel/Regularizer/Square,2,7.168,3.584,7.168,3.584,0.00012489849818965134,0.9708272096535896,0.0,0.0
433,Device,Mul,gradient_tape/conv2d_1/kernel/Regularizer/Mul,2,7.168,3.584,7.168,3.584,0.00012489849818965134,0.9709521081517792,0.0,0.0
434,Device,Mul,gradient_tape/conv2d_18/kernel/Regularizer/Mul,2,7.168,3.584,7.168,3.584,0.00012489849818965134,0.9710770066499689,0.0,0.0
435,Device,Mul,gradient_tape/conv2d_18/kernel/Regularizer/Mul_1,2,7.168,3.584,7.168,3.584,0.00012489849818965134,0.9712019051481585,0.0,0.0
436,Device,Mul,gradient_tape/conv2d_2/kernel/Regularizer/Mul_1,2,7.168,3.584,7.168,3.584,0.00012489849818965134,0.9713268036463482,0.0,0.0
437,Device,Mul,gradient_tape/conv2d_3/kernel/Regularizer/Mul_1,2,7.168,3.584,7.168,3.584,0.00012489849818965134,0.9714517021445378,0.0,0.0
438,Device,Mul,gradient_tape/conv2d_5/kernel/Regularizer/Mul_1,2,7.168,3.584,7.168,3.584,0.00012489849818965134,0.9715766006427274,0.0,0.0
439,Device,Mul,gradient_tape/conv2d_6/kernel/Regularizer/Mul_1,2,7.168,3.584,7.168,3.584,0.00012489849818965134,0.9717014991409171,0.0,0.0
440,Device,Mul,gradient_tape/conv2d_9/kernel/Regularizer/Mul_1,2,7.168,3.584,7.168,3.584,0.00012489849818965134,0.9718263976391067,0.0,0.0
441,Device,ReluGrad,gradient_tape/model/activation_18/ReluGrad,2,7.168,3.584,7.168,3.584,0.00012489849818965134,0.9719512961372964,0.0,0.0
442,Device,ReluGrad,gradient_tape/model/activation_20/ReluGrad,2,7.168,3.584,7.168,3.584,0.00012489849818965134,0.972076194635486,0.0,0.0
443,Device,ReluGrad,gradient_tape/model/activation_23/ReluGrad,2,7.168,3.584,7.168,3.584,0.00012489849818965134,0.9722010931336756,0.0,0.0
444,Device,ReluGrad,gradient_tape/model/activation_26/ReluGrad,2,7.168,3.584,7.168,3.584,0.00012489849818965134,0.9723259916318653,0.0,0.0
445,Device,ReluGrad,gradient_tape/model/activation_31/ReluGrad,2,7.168,3.584,7.168,3.584,0.00012489849818965134,0.9724508901300549,0.0,0.0
446,Device,BiasAddGrad,gradient_tape/model/dense/BiasAdd/BiasAddGrad,2,7.168,3.584,7.168,3.584,0.00012489849818965134,0.9725757886282446,0.0,0.0
447,Device,AddV2,model/add/add,2,7.168,3.584,7.168,3.584,0.00012489849818965134,0.9727006871264342,0.0,0.0
448,Device,AddV2,model/add_1/add,2,7.168,3.584,7.168,3.584,0.00012489849818965134,0.9728255856246238,0.0,0.0
449,Device,AddV2,model/add_13/add,2,7.168,3.584,7.168,3.584,0.00012489849818965134,0.9729504841228135,0.0,0.0
450,Device,BiasAdd,model/conv2d_1/BiasAdd,2,7.168,3.584,7.168,3.584,0.00012489849818965134,0.9730753826210031,0.0,0.0
451,Device,BiasAdd,model/conv2d_29/BiasAdd,2,7.168,3.584,7.168,3.584,0.00012489849818965134,0.9732002811191928,0.0,0.0
452,Device,BiasAdd,model/conv2d_34/BiasAdd,2,7.168,3.584,7.168,3.584,0.00012489849818965134,0.9733251796173824,0.0,0.0
453,Device,BiasAdd,model/conv2d_35/BiasAdd,2,7.168,3.584,7.168,3.584,0.00012489849818965134,0.973450078115572,0.0,0.0
454,Device,BiasAdd,model/conv2d_4/BiasAdd,2,7.168,3.584,7.168,3.584,0.00012489849818965134,0.9735749766137617,0.0,0.0
455,Device,BiasAdd,model/conv2d_6/BiasAdd,2,7.168,3.584,7.168,3.584,0.00012489849818965134,0.9736998751119513,0.0,0.0
456,Device,ResourceApplyGradientDescent,SGD/SGD/update_11/ResourceApplyGradientDescent,2,6.145,3.0725,6.145,3.0725,0.00010707328004679232,0.9738069483919981,0.0,0.0
457,Device,ResourceApplyGradientDescent,SGD/SGD/update_7/ResourceApplyGradientDescent,2,6.145,3.0725,6.145,3.0725,0.00010707328004679232,0.9739140216720449,0.0,0.0
458,Device,Mul,conv2d_32/kernel/Regularizer/mul,2,6.145,3.0725,6.145,3.0725,0.00010707328004679232,0.9740210949520917,0.0,0.0
459,Device,AssignAddVariableOp,AssignAddVariableOp,2,6.144,3.072,6.144,3.072,0.00010705585559112972,0.9741281508076828,0.0,0.0
460,Device,AssignAddVariableOp,AssignAddVariableOp_2,2,6.144,3.072,6.144,3.072,0.00010705585559112972,0.9742352066632739,0.0,0.0
461,Device,AssignAddVariableOp,AssignAddVariableOp_3,2,6.144,3.072,6.144,3.072,0.00010705585559112972,0.974342262518865,0.0,0.0
462,Device,AssignAddVariableOp,AssignAddVariableOp_4,2,6.144,3.072,6.144,3.072,0.00010705585559112972,0.9744493183744561,0.0,0.0
463,Device,Equal,Equal,2,6.144,3.072,6.144,3.072,0.00010705585559112972,0.9745563742300473,0.0,0.0
464,Device,ResourceApplyGradientDescent,SGD/SGD/update/ResourceApplyGradientDescent,2,6.144,3.072,6.144,3.072,0.00010705585559112972,0.9746634300856384,0.0,0.0
465,Device,ResourceApplyGradientDescent,SGD/SGD/update_101/ResourceApplyGradientDescent,2,6.144,3.072,6.144,3.072,0.00010705585559112972,0.9747704859412295,0.0,0.0
466,Device,ResourceApplyGradientDescent,SGD/SGD/update_105/ResourceApplyGradientDescent,2,6.144,3.072,6.144,3.072,0.00010705585559112972,0.9748775417968206,0.0,0.0
467,Device,ResourceApplyGradientDescent,SGD/SGD/update_106/ResourceApplyGradientDescent,2,6.144,3.072,6.144,3.072,0.00010705585559112972,0.9749845976524117,0.0,0.0
468,Device,ResourceApplyGradientDescent,SGD/SGD/update_107/ResourceApplyGradientDescent,2,6.144,3.072,6.144,3.072,0.00010705585559112972,0.9750916535080029,0.0,0.0
469,Device,ResourceApplyGradientDescent,SGD/SGD/update_109/ResourceApplyGradientDescent,2,6.144,3.072,6.144,3.072,0.00010705585559112972,0.975198709363594,0.0,0.0
470,Device,ResourceApplyGradientDescent,SGD/SGD/update_113/ResourceApplyGradientDescent,2,6.144,3.072,6.144,3.072,0.00010705585559112972,0.9753057652191851,0.0,0.0
471,Device,ResourceApplyGradientDescent,SGD/SGD/update_114/ResourceApplyGradientDescent,2,6.144,3.072,6.144,3.072,0.00010705585559112972,0.9754128210747762,0.0,0.0
472,Device,ResourceApplyGradientDescent,SGD/SGD/update_115/ResourceApplyGradientDescent,2,6.144,3.072,6.144,3.072,0.00010705585559112972,0.9755198769303673,0.0,0.0
473,Device,ResourceApplyGradientDescent,SGD/SGD/update_117/ResourceApplyGradientDescent,2,6.144,3.072,6.144,3.072,0.00010705585559112972,0.9756269327859585,0.0,0.0
474,Device,ResourceApplyGradientDescent,SGD/SGD/update_120/ResourceApplyGradientDescent,2,6.144,3.072,6.144,3.072,0.00010705585559112972,0.9757339886415496,0.0,0.0
475,Device,ResourceApplyGradientDescent,SGD/SGD/update_121/ResourceApplyGradientDescent,2,6.144,3.072,6.144,3.072,0.00010705585559112972,0.9758410444971407,0.0,0.0
476,Device,ResourceApplyGradientDescent,SGD/SGD/update_123/ResourceApplyGradientDescent,2,6.144,3.072,6.144,3.072,0.00010705585559112972,0.9759481003527318,0.0,0.0
477,Device,ResourceApplyGradientDescent,SGD/SGD/update_124/ResourceApplyGradientDescent,2,6.144,3.072,6.144,3.072,0.00010705585559112972,0.976055156208323,0.0,0.0
478,Device,ResourceApplyGradientDescent,SGD/SGD/update_125/ResourceApplyGradientDescent,2,6.144,3.072,6.144,3.072,0.00010705585559112972,0.9761622120639141,0.0,0.0
479,Device,ResourceApplyGradientDescent,SGD/SGD/update_128/ResourceApplyGradientDescent,2,6.144,3.072,6.144,3.072,0.00010705585559112972,0.9762692679195052,0.0,0.0
480,Device,ResourceApplyGradientDescent,SGD/SGD/update_129/ResourceApplyGradientDescent,2,6.144,3.072,6.144,3.072,0.00010705585559112972,0.9763763237750963,0.0,0.0
481,Device,ResourceApplyGradientDescent,SGD/SGD/update_13/ResourceApplyGradientDescent,2,6.144,3.072,6.144,3.072,0.00010705585559112972,0.9764833796306874,0.0,0.0
482,Device,ResourceApplyGradientDescent,SGD/SGD/update_131/ResourceApplyGradientDescent,2,6.144,3.072,6.144,3.072,0.00010705585559112972,0.9765904354862786,0.0,0.0
483,Device,ResourceApplyGradientDescent,SGD/SGD/update_132/ResourceApplyGradientDescent,2,6.144,3.072,6.144,3.072,0.00010705585559112972,0.9766974913418697,0.0,0.0
484,Device,ResourceApplyGradientDescent,SGD/SGD/update_135/ResourceApplyGradientDescent,2,6.144,3.072,6.144,3.072,0.00010705585559112972,0.9768045471974608,0.0,0.0
485,Device,ResourceApplyGradientDescent,SGD/SGD/update_136/ResourceApplyGradientDescent,2,6.144,3.072,6.144,3.072,0.00010705585559112972,0.9769116030530519,0.0,0.0
486,Device,ResourceApplyGradientDescent,SGD/SGD/update_139/ResourceApplyGradientDescent,2,6.144,3.072,6.144,3.072,0.00010705585559112972,0.977018658908643,0.0,0.0
487,Device,ResourceApplyGradientDescent,SGD/SGD/update_15/ResourceApplyGradientDescent,2,6.144,3.072,6.144,3.072,0.00010705585559112972,0.9771257147642342,0.0,0.0
488,Device,ResourceApplyGradientDescent,SGD/SGD/update_17/ResourceApplyGradientDescent,2,6.144,3.072,6.144,3.072,0.00010705585559112972,0.9772327706198253,0.0,0.0
489,Device,ResourceApplyGradientDescent,SGD/SGD/update_19/ResourceApplyGradientDescent,2,6.144,3.072,6.144,3.072,0.00010705585559112972,0.9773398264754164,0.0,0.0
490,Device,ResourceApplyGradientDescent,SGD/SGD/update_21/ResourceApplyGradientDescent,2,6.144,3.072,6.144,3.072,0.00010705585559112972,0.9774468823310075,0.0,0.0
491,Device,ResourceApplyGradientDescent,SGD/SGD/update_22/ResourceApplyGradientDescent,2,6.144,3.072,6.144,3.072,0.00010705585559112972,0.9775539381865986,0.0,0.0
492,Device,ResourceApplyGradientDescent,SGD/SGD/update_25/ResourceApplyGradientDescent,2,6.144,3.072,6.144,3.072,0.00010705585559112972,0.9776609940421898,0.0,0.0
493,Device,ResourceApplyGradientDescent,SGD/SGD/update_26/ResourceApplyGradientDescent,2,6.144,3.072,6.144,3.072,0.00010705585559112972,0.9777680498977809,0.0,0.0
494,Device,ResourceApplyGradientDescent,SGD/SGD/update_3/ResourceApplyGradientDescent,2,6.144,3.072,6.144,3.072,0.00010705585559112972,0.977875105753372,0.0,0.0
495,Device,ResourceApplyGradientDescent,SGD/SGD/update_31/ResourceApplyGradientDescent,2,6.144,3.072,6.144,3.072,0.00010705585559112972,0.9779821616089631,0.0,0.0
496,Device,ResourceApplyGradientDescent,SGD/SGD/update_33/ResourceApplyGradientDescent,2,6.144,3.072,6.144,3.072,0.00010705585559112972,0.9780892174645542,0.0,0.0
497,Device,ResourceApplyGradientDescent,SGD/SGD/update_36/ResourceApplyGradientDescent,2,6.144,3.072,6.144,3.072,0.00010705585559112972,0.9781962733201454,0.0,0.0
498,Device,ResourceApplyGradientDescent,SGD/SGD/update_37/ResourceApplyGradientDescent,2,6.144,3.072,6.144,3.072,0.00010705585559112972,0.9783033291757365,0.0,0.0
499,Device,ResourceApplyGradientDescent,SGD/SGD/update_39/ResourceApplyGradientDescent,2,6.144,3.072,6.144,3.072,0.00010705585559112972,0.9784103850313276,0.0,0.0
500,Device,ResourceApplyGradientDescent,SGD/SGD/update_4/ResourceApplyGradientDescent,2,6.144,3.072,6.144,3.072,0.00010705585559112972,0.9785174408869187,0.0,0.0
501,Host,IDLE,IDLE,0,119880.003,0.0,119880.003,0.0,0.0,0.0,0.9966706230310289,0.9966706230310289
502,Host,GatherV2,GatherV2,2,65.091,32.5455,65.091,32.5455,0.0,0.0,0.0005411602093779786,0.9972117832404069
503,Host,Dataset,Iterator::Root::ParallelMapV2::Zip[1]::ForeverRepeat,2,53.171,26.5855,49.351,24.6755,0.0,0.0,0.0004102993884409922,0.9976220826288479
504,Host,Dataset,Iterator::Root::ParallelMapV2,2,44.4,22.2,44.4,22.2,0.0,0.0,0.0003691372585516008,0.9979912198873995
505,Host,FlushSummaryWriter,FlushSummaryWriter,1,41.851,41.851,41.851,41.851,0.0,0.0,0.0003479451217937623,0.9983391650091933
506,Host,IteratorGetNext,IteratorGetNext,2,37.371,18.6855,37.371,18.6855,0.0,0.0,0.000310698839849817,0.9986498638490431
507,Host,LogicalAnd,LogicalAnd,1,30.771,30.771,30.771,30.771,0.0,0.0,0.0002558270852002547,0.9989056909342433
508,Host,Dataset,Iterator::Root,2,70.091,35.0455,25.691,12.8455,0.0,0.0,0.000213592461924531,0.9991192833961678
509,Host,Dataset,Iterator::Root::ParallelMapV2::Zip[0]::FlatMap,2,45.451,22.7255,24.74,12.37,0.0,0.0,0.00020568594091366227,0.9993249693370815
510,Host,Dataset,Iterator::Root::ParallelMapV2::Zip[0]::FlatMap[1]::TensorSlice,2,20.711,10.3555,20.711,10.3555,0.0,0.0,0.00017218922887077037,0.9994971585659522
511,Host,WriteSummary,WriteSummary,1,19.421,19.421,19.421,19.421,0.0,0.0,0.00016146429500744685,0.9996586228609596
512,Host,GatherV2,GatherV2_1,2,15.771,7.8855,15.771,7.8855,0.0,0.0,0.000131118551905795,0.9997897414128655
513,Host,Dataset,Iterator::Root::ParallelMapV2::Zip,2,110.622,55.311,12.0,6.0,0.0,0.0,9.97668266355678e-05,0.9998895082395011
514,Host,ReadVariableOp,ReadVariableOp,1,6.53,6.53,6.53,6.53,0.0,0.0,5.4289781494188144e-05,0.9999437980209953
515,Host,Dataset,Iterator::Root::ParallelMapV2::Zip[1]::ForeverRepeat::FromTensor,4,3.82,0.955,3.82,0.955,0.0,0.0,3.1759106478989083e-05,0.9999755571274743
516,Host,Identity,Identity,2,2.94,1.47,2.94,1.47,0.0,0.0,2.444287252571411e-05,1.0
