Rank,Host/device,Type,Operation,#Occurrences,Total time (us),Avg. time (us),Total self-time (us),Avg. self-time (us),Total self-time on Device (%),Cumulative total-self time on Device (%),Total self-time on Host (%),Cumulative total-self time on Host (%)
1,Device,IDLE,IDLE,0,8157.276,0.0,8157.276,0.0,0.38818656480219216,0.38818656480219216,0.0,0.0
2,Device,_Send,IteratorGetNext/_1,2,3346.028,1673.014,3346.028,1673.014,0.15923000705774198,0.5474165718599342,0.0,0.0
3,Device,Conv2DBackpropFilter,gradient_tape/sequential/conv2d/Conv2D/Conv2DBackpropFilter,2,1687.558,843.779,1687.558,843.779,0.0803071200391476,0.6277236918990818,0.0,0.0
4,Device,Conv2DBackpropInput,gradient_tape/sequential/conv2d_1/Conv2D/Conv2DBackpropInput,32,1238.02,38.688125,1238.02,38.688125,0.058914609602079164,0.686638301501161,0.0,0.0
5,Device,_FusedConv2D,sequential/conv2d/Relu,2,1027.076,513.538,1027.076,513.538,0.048876255288012364,0.7355145567891733,0.0,0.0
6,Device,MaxPoolGrad,gradient_tape/sequential/max_pooling2d/MaxPool/MaxPoolGrad,2,658.435,329.2175,658.435,329.2175,0.03133345258828209,0.7668480093774555,0.0,0.0
7,Device,Conv2DBackpropFilter,gradient_tape/sequential/conv2d_1/Conv2D/Conv2DBackpropFilter,2,626.69,313.345,626.69,313.345,0.029822778865872115,0.7966707882433276,0.0,0.0
8,Device,ReluGrad,gradient_tape/sequential/conv2d/ReluGrad,2,482.306,241.153,482.306,241.153,0.02295186644702056,0.8196226546903481,0.0,0.0
9,Device,_FusedConv2D,sequential/conv2d_1/Relu,2,474.114,237.057,474.114,237.057,0.022562027444532527,0.8421846821348806,0.0,0.0
10,Device,MaxPoolGrad,gradient_tape/sequential/max_pooling2d_1/MaxPool/MaxPoolGrad,2,409.602,204.801,409.602,204.801,0.01949204529993928,0.8616767274348199,0.0,0.0
11,Device,SoftmaxCrossEntropyWithLogits,categorical_crossentropy/softmax_cross_entropy_with_logits,2,361.474,180.737,361.474,180.737,0.0172017411603221,0.8788784685951421,0.0,0.0
12,Device,ReluGrad,gradient_tape/sequential/conv2d_1/ReluGrad,2,296.962,148.481,296.962,148.481,0.014131759015728851,0.8930102276108709,0.0,0.0
13,Device,ResourceApplyGradientDescent,SGD/SGD/update_4/ResourceApplyGradientDescent,2,277.504,138.752,277.504,138.752,0.013205796209282063,0.906216023820153,0.0,0.0
14,Device,MaxPool,sequential/max_pooling2d/MaxPool,2,201.728,100.864,201.728,100.864,0.009599785436267771,0.9158158092564208,0.0,0.0
15,Device,Transpose,gradient_tape/sequential/conv2d/Conv2D/Conv2DBackpropFilter-0-TransposeNHWCToNCHW-LayoutOptimizer,2,185.345,92.6725,185.345,92.6725,0.008820155019060567,0.9246359642754813,0.0,0.0
16,Device,ArgMax,ArgMax,2,182.273,91.1365,182.273,91.1365,0.008673965393127555,0.9333099296686089,0.0,0.0
17,Device,BiasAddGrad,gradient_tape/sequential/conv2d/BiasAdd/BiasAddGrad,2,162.816,81.408,162.816,81.408,0.0077480501744496225,0.9410579798430585,0.0,0.0
18,Device,MatMul,sequential/dense/MatMul,2,148.481,74.2405,148.481,74.2405,0.007065879507864426,0.9481238593509229,0.0,0.0
19,Device,MaxPool,sequential/max_pooling2d_1/MaxPool,2,131.073,65.5365,131.073,65.5365,0.0062374716275773595,0.9543613309785003,0.0,0.0
20,Device,MatMul,gradient_tape/sequential/dense/MatMul/MatMul,2,128.001,64.0005,128.001,64.0005,0.006091282001644348,0.9604526129801446,0.0,0.0
21,Device,MatMul,gradient_tape/sequential/dense/MatMul/MatMul_1,2,123.905,61.9525,123.905,61.9525,0.005896362500400332,0.966348975480545,0.0,0.0
22,Device,ArgMax,ArgMax_1,2,120.832,60.416,120.832,60.416,0.005750125286698462,0.9720991007672435,0.0,0.0
23,Device,BiasAddGrad,gradient_tape/sequential/conv2d_1/BiasAdd/BiasAddGrad,2,112.64,56.32,112.64,56.32,0.005360286284210431,0.977459387051454,0.0,0.0
24,Device,Transpose,gradient_tape/sequential/max_pooling2d_1/MaxPool/MaxPoolGrad-2-TransposeNHWCToNCHW-LayoutOptimizer,2,56.32,28.16,56.32,28.16,0.0026801431421052155,0.9801395301935591,0.0,0.0
25,Device,Transpose,sequential/max_pooling2d_1/MaxPool-0-2-TransposeNCHWToNHWC-LayoutOptimizer,2,49.152,24.576,49.152,24.576,0.002339034014928188,0.9824785642084873,0.0,0.0
26,Device,Softmax,sequential/dense_2/Softmax,2,28.672,14.336,28.672,14.336,0.0013644365087081096,0.9838430007171954,0.0,0.0
27,Device,_Send,IteratorGetNext/_3,2,22.88,11.44,22.88,11.44,0.0010888081514802436,0.9849318088686757,0.0,0.0
28,Device,MatMul,gradient_tape/sequential/dense_2/MatMul/MatMul,2,18.432,9.216,18.432,9.216,0.0008771377555980704,0.9858089466242738,0.0,0.0
29,Device,MatMul,sequential/dense_1/MatMul,2,15.36,7.68,15.36,7.68,0.0007309481296650587,0.9865398947539388,0.0,0.0
30,Device,MatMul,sequential/dense_2/MatMul,2,14.336,7.168,14.336,7.168,0.0006822182543540548,0.9872221130082929,0.0,0.0
31,Device,MatMul,gradient_tape/sequential/dense_1/MatMul/MatMul,2,13.312,6.656,13.312,6.656,0.0006334883790430508,0.987855601387336,0.0,0.0
32,Device,MatMul,gradient_tape/sequential/dense_1/MatMul/MatMul_1,2,11.264,5.632,11.264,5.632,0.000536028628421043,0.988391630015757,0.0,0.0
33,Device,MatMul,gradient_tape/sequential/dense_2/MatMul/MatMul_1,2,10.24,5.12,10.24,5.12,0.00048729875311003917,0.9888789287688671,0.0,0.0
34,Device,ResourceApplyGradientDescent,SGD/SGD/update/ResourceApplyGradientDescent,2,7.168,3.584,7.168,3.584,0.0003411091271770274,0.9892200378960441,0.0,0.0
35,Device,ResourceApplyGradientDescent,SGD/SGD/update_2/ResourceApplyGradientDescent,2,7.168,3.584,7.168,3.584,0.0003411091271770274,0.9895611470232211,0.0,0.0
36,Device,ResourceApplyGradientDescent,SGD/SGD/update_6/ResourceApplyGradientDescent,2,7.168,3.584,7.168,3.584,0.0003411091271770274,0.9899022561503981,0.0,0.0
37,Device,ResourceApplyGradientDescent,SGD/SGD/update_8/ResourceApplyGradientDescent,2,7.168,3.584,7.168,3.584,0.0003411091271770274,0.9902433652775751,0.0,0.0
38,Device,AssignAddVariableOp,AssignAddVariableOp_4,2,6.144,3.072,6.144,3.072,0.0002923792518660235,0.990535744529441,0.0,0.0
39,Device,Equal,Equal,2,6.144,3.072,6.144,3.072,0.0002923792518660235,0.990828123781307,0.0,0.0
40,Device,AssignAddVariableOp,SGD/SGD/AssignAddVariableOp,2,6.144,3.072,6.144,3.072,0.0002923792518660235,0.991120503033173,0.0,0.0
41,Device,ResourceApplyGradientDescent,SGD/SGD/update_1/ResourceApplyGradientDescent,2,6.144,3.072,6.144,3.072,0.0002923792518660235,0.991412882285039,0.0,0.0
42,Device,ResourceApplyGradientDescent,SGD/SGD/update_5/ResourceApplyGradientDescent,2,6.144,3.072,6.144,3.072,0.0002923792518660235,0.991705261536905,0.0,0.0
43,Device,Sum,categorical_crossentropy/weighted_loss/Sum,2,6.144,3.072,6.144,3.072,0.0002923792518660235,0.991997640788771,0.0,0.0
44,Device,DivNoNan,div_no_nan,2,6.144,3.072,6.144,3.072,0.0002923792518660235,0.9922900200406369,0.0,0.0
45,Device,Mul,gradient_tape/categorical_crossentropy/softmax_cross_entropy_with_logits/mul,2,6.144,3.072,6.144,3.072,0.0002923792518660235,0.9925823992925029,0.0,0.0
46,Device,Tile,gradient_tape/categorical_crossentropy/weighted_loss/Tile_1,2,6.144,3.072,6.144,3.072,0.0002923792518660235,0.9928747785443689,0.0,0.0
47,Device,DivNoNan,gradient_tape/categorical_crossentropy/weighted_loss/value/div_no_nan,2,6.144,3.072,6.144,3.072,0.0002923792518660235,0.9931671577962349,0.0,0.0
48,Device,BiasAddGrad,gradient_tape/sequential/dense/BiasAdd/BiasAddGrad,2,6.144,3.072,6.144,3.072,0.0002923792518660235,0.9934595370481009,0.0,0.0
49,Device,BiasAddGrad,gradient_tape/sequential/dense_1/BiasAdd/BiasAddGrad,2,6.144,3.072,6.144,3.072,0.0002923792518660235,0.9937519162999668,0.0,0.0
50,Device,BiasAdd,sequential/dense/BiasAdd,2,6.144,3.072,6.144,3.072,0.0002923792518660235,0.9940442955518328,0.0,0.0
51,Device,Relu,sequential/dense/Relu,2,6.144,3.072,6.144,3.072,0.0002923792518660235,0.9943366748036988,0.0,0.0
52,Device,BiasAdd,sequential/dense_1/BiasAdd,2,6.144,3.072,6.144,3.072,0.0002923792518660235,0.9946290540555648,0.0,0.0
53,Device,Relu,sequential/dense_1/Relu,2,6.144,3.072,6.144,3.072,0.0002923792518660235,0.9949214333074308,0.0,0.0
54,Device,BiasAdd,sequential/dense_2/BiasAdd,2,6.144,3.072,6.144,3.072,0.0002923792518660235,0.9952138125592968,0.0,0.0
55,Device,AssignAddVariableOp,AssignAddVariableOp,2,5.12,2.56,5.12,2.56,0.00024364937655501959,0.9954574619358517,0.0,0.0
56,Device,AssignAddVariableOp,AssignAddVariableOp_2,2,5.12,2.56,5.12,2.56,0.00024364937655501959,0.9957011113124067,0.0,0.0
57,Device,AssignAddVariableOp,AssignAddVariableOp_3,2,5.12,2.56,5.12,2.56,0.00024364937655501959,0.9959447606889616,0.0,0.0
58,Device,Cast,Cast,2,5.12,2.56,5.12,2.56,0.00024364937655501959,0.9961884100655166,0.0,0.0
59,Device,Cast,Cast_1,2,5.12,2.56,5.12,2.56,0.00024364937655501959,0.9964320594420716,0.0,0.0
60,Device,Mul,Mul,2,5.12,2.56,5.12,2.56,0.00024364937655501959,0.9966757088186265,0.0,0.0
61,Device,ResourceApplyGradientDescent,SGD/SGD/update_7/ResourceApplyGradientDescent,2,5.12,2.56,5.12,2.56,0.00024364937655501959,0.9969193581951815,0.0,0.0
62,Device,ResourceApplyGradientDescent,SGD/SGD/update_9/ResourceApplyGradientDescent,2,5.12,2.56,5.12,2.56,0.00024364937655501959,0.9971630075717365,0.0,0.0
63,Device,Sum,Sum_2,2,5.12,2.56,5.12,2.56,0.00024364937655501959,0.9974066569482914,0.0,0.0
64,Device,Cast,categorical_crossentropy/weighted_loss/num_elements/Cast,2,5.12,2.56,5.12,2.56,0.00024364937655501959,0.9976503063248464,0.0,0.0
65,Device,DivNoNan,div_no_nan_1,2,5.12,2.56,5.12,2.56,0.00024364937655501959,0.9978939557014014,0.0,0.0
66,Device,ReluGrad,gradient_tape/sequential/dense/ReluGrad,2,5.12,2.56,5.12,2.56,0.00024364937655501959,0.9981376050779563,0.0,0.0
67,Device,ReluGrad,gradient_tape/sequential/dense_1/ReluGrad,2,5.12,2.56,5.12,2.56,0.00024364937655501959,0.9983812544545113,0.0,0.0
68,Device,BiasAddGrad,gradient_tape/sequential/dense_2/BiasAdd/BiasAddGrad,2,5.12,2.56,5.12,2.56,0.00024364937655501959,0.9986249038310663,0.0,0.0
69,Device,_Recv,categorical_crossentropy/weighted_loss/num_elements/_14,2,4.256,2.128,4.256,2.128,0.00020253354426136004,0.9988274373753276,0.0,0.0
70,Device,AssignAddVariableOp,AssignAddVariableOp_1,2,4.096,2.048,4.096,2.048,0.00019491950124401566,0.9990223568765717,0.0,0.0
71,Device,Cast,Cast_2,2,4.096,2.048,4.096,2.048,0.00019491950124401566,0.9992172763778158,0.0,0.0
72,Device,ResourceApplyGradientDescent,SGD/SGD/update_3/ResourceApplyGradientDescent,2,4.096,2.048,4.096,2.048,0.00019491950124401566,0.9994121958790598,0.0,0.0
73,Device,DivNoNan,categorical_crossentropy/weighted_loss/value,2,4.096,2.048,4.096,2.048,0.00019491950124401566,0.9996071153803039,0.0,0.0
74,Device,_Recv,Size/_16,2,3.136,1.568,3.136,1.568,0.0001492352431399495,0.9997563506234438,0.0,0.0
75,Device,LogicalAnd,LogicalAnd,1,3.072,3.072,3.072,3.072,0.00014618962593301174,0.9999025402493769,0.0,0.0
76,Device,_Recv,strided_slice/_12,2,2.048,1.024,2.048,1.024,9.745975062200783e-05,0.9999999999999989,0.0,0.0
77,Host,IDLE,IDLE,0,80140.693,0.0,80140.693,0.0,0.0,0.0,0.7612291561771781,0.7612291561771781
78,Host,_Send,IteratorGetNext/_3,2,7756.246,3878.123,7756.246,3878.123,0.0,0.0,0.07367393987574594,0.834903096052924
79,Host,_Send,IteratorGetNext/_1,2,7718.245,3859.1225,7718.245,3859.1225,0.0,0.0,0.07331298131548132,0.9082160773684054
80,Host,GatherV2,GatherV2,2,7092.093,3546.0465,7092.093,3546.0465,0.0,0.0,0.0673653766622666,0.975581454030672
81,Host,_Send,IteratorGetNext/_6,2,2065.476,1032.738,2065.476,1032.738,0.0,0.0,0.019619253262312238,0.9952007072929843
82,Host,GatherV2,GatherV2_1,2,103.562,51.781,103.562,51.781,0.0,0.0,0.000983700176788101,0.9961844074697723
83,Host,Dataset,Iterator::Root::ParallelMapV2,2,62.711,31.3555,62.711,31.3555,0.0,0.0,0.0005956704369030977,0.9967800779066754
84,Host,Dataset,Iterator::Root::ParallelMapV2::Zip[1]::ForeverRepeat,2,57.801,28.9005,53.701,26.8505,0.0,0.0,0.0005100875146646242,0.9972901654213401
85,Host,Dataset,Iterator::Root::ParallelMapV2::Zip,2,153.823,76.9115,52.081,26.0405,0.0,0.0,0.0004946996862488276,0.9977848651075889
86,Host,Dataset,Iterator::Root,2,100.452,50.226,37.741,18.8705,0.0,0.0,0.0003584889087904803,0.9981433540163794
87,Host,FlushSummaryWriter,FlushSummaryWriter,1,37.071,37.071,37.071,37.071,0.0,0.0,0.00035212480691481133,0.9984954788232943
88,Host,IteratorGetNext,IteratorGetNext,2,35.161,17.5805,35.161,17.5805,0.0,0.0,0.0003339823672393969,0.9988294611905336
89,Host,LogicalAnd,LogicalAnd,1,29.561,29.561,29.561,29.561,0.0,0.0,0.0002807898739502236,0.9991102510644838
90,Host,Dataset,Iterator::Root::ParallelMapV2::Zip[0]::FlatMap[1]::Concatenate[0]::TensorSlice,2,21.91,10.955,21.91,10.955,0.0,0.0,0.00020811562999389053,0.9993183666944777
91,Host,WriteSummary,WriteSummary,1,20.62,20.62,20.62,20.62,0.0,0.0,0.00019586235921834885,0.999514229053696
92,Host,Dataset,Iterator::Root::ParallelMapV2::Zip[0]::FlatMap[1]::Concatenate,2,39.321,19.6605,17.411,8.7055,0.0,0.0,0.00016538116083174937,0.9996796102145278
93,Host,_HostSend,categorical_crossentropy/softmax_cross_entropy_with_logits/Shape_2/_9,2,15.87,7.935,15.87,7.935,0.0,0.0,0.00015074372651771077,0.9998303539410455
94,Host,ReadVariableOp,ReadVariableOp,1,6.28,6.28,6.28,6.28,0.0,0.0,5.965158176000149e-05,0.9998900055228055
95,Host,Dataset,Iterator::Root::ParallelMapV2::Zip[0]::FlatMap,2,43.941,21.9705,4.62,2.31,0.0,0.0,4.3883806963567975e-05,0.999933889329769
96,Host,Dataset,Iterator::Root::ParallelMapV2::Zip[1]::ForeverRepeat::FromTensor,4,4.1,1.025,4.1,1.025,0.0,0.0,3.894450401528759e-05,0.9999728338337843
97,Host,Identity,Identity,2,2.86,1.43,2.86,1.43,0.0,0.0,2.7166166215542077e-05,0.9999999999999999
