Rank,Host/device,Type,Operation,#Occurrences,Total time (us),Avg. time (us),Total self-time (us),Avg. self-time (us),Total self-time on Device (%),Cumulative total-self time on Device (%),Total self-time on Host (%),Cumulative total-self time on Host (%)
1,Device,IDLE,IDLE,0,4531.571,0.0,4531.571,0.0,0.10483943657488137,0.10483943657488137,0.0,0.0
2,Device,Conv2DBackpropFilter,gradient_tape/sequential/conv2d_1/Conv2D/Conv2DBackpropFilter,2,3749.903,1874.9515,3749.903,1874.9515,0.08675528149740065,0.191594718072282,0.0,0.0
3,Device,_FusedConv2D,sequential/activation_1/Relu,2,3276.812,1638.406,3276.812,1638.406,0.07581016028256209,0.2674048783548441,0.0,0.0
4,Device,Conv2DBackpropInput,gradient_tape/sequential/conv2d_1/Conv2D/Conv2DBackpropInput,2,2704.394,1352.197,2704.394,1352.197,0.06256707513497851,0.3299719534898226,0.0,0.0
5,Device,Conv2DBackpropFilter,gradient_tape/sequential/conv2d_3/Conv2D/Conv2DBackpropFilter,4,2608.138,652.0345,2608.138,652.0345,0.06034015983188566,0.3903121133217083,0.0,0.0
6,Device,_Send,IteratorGetNext/_1,2,2382.73,1191.365,2382.73,1191.365,0.055125269075573816,0.4454373823972821,0.0,0.0
7,Device,Conv2DBackpropInput,gradient_tape/sequential/conv2d_3/Conv2D/Conv2DBackpropInput,2,1820.678,910.339,1820.678,910.339,0.042122004864159006,0.4875593872614411,0.0,0.0
8,Device,Conv2DBackpropFilter,gradient_tape/sequential/conv2d_2/Conv2D/Conv2DBackpropFilter,2,1773.574,886.787,1773.574,886.787,0.04103223780094335,0.5285916250623844,0.0,0.0
9,Device,ReluGrad,gradient_tape/sequential/activation/ReluGrad,2,1735.686,867.843,1735.686,867.843,0.040155686032704675,0.5687473110950891,0.0,0.0
10,Device,ReluGrad,gradient_tape/sequential/activation_1/ReluGrad,2,1681.416,840.708,1681.416,840.708,0.03890013112185393,0.6076474422169431,0.0,0.0
11,Device,Conv2DBackpropFilter,gradient_tape/sequential/conv2d/Conv2D/Conv2DBackpropFilter,2,1654.79,827.395,1654.79,827.395,0.03828412955457345,0.6459315717715166,0.0,0.0
12,Device,_FusedConv2D,sequential/activation_3/Relu,2,1639.43,819.715,1639.43,819.715,0.03792877072961182,0.6838603425011285,0.0,0.0
13,Device,MaxPoolGrad,gradient_tape/sequential/max_pooling2d/MaxPool/MaxPoolGrad,2,1295.364,647.682,1295.364,647.682,0.02996868677979108,0.7138290292809195,0.0,0.0
14,Device,Conv2DBackpropInput,gradient_tape/sequential/conv2d_2/Conv2D/Conv2DBackpropInput,2,1094.66,547.33,1094.66,547.33,0.025325331466959176,0.7391543607478787,0.0,0.0
15,Device,_FusedConv2D,sequential/activation_2/Relu,2,1087.492,543.746,1087.492,543.746,0.025159497348643745,0.7643138580965224,0.0,0.0
16,Device,ReluGrad,gradient_tape/sequential/activation_2/ReluGrad,2,809.988,404.994,809.988,404.994,0.018739347911003717,0.7830532060075261,0.0,0.0
17,Device,ReluGrad,gradient_tape/sequential/activation_3/ReluGrad,2,716.804,358.402,716.804,358.402,0.016583504372903186,0.7996367103804294,0.0,0.0
18,Device,_FusedConv2D,sequential/activation/Relu,2,708.612,354.306,708.612,354.306,0.016393979666256987,0.8160306900466864,0.0,0.0
19,Device,MaxPool,sequential/max_pooling2d/MaxPool,2,680.964,340.482,680.964,340.482,0.01575433378132606,0.8317850238280124,0.0,0.0
20,Device,BiasAddGrad,gradient_tape/sequential/conv2d/BiasAdd/BiasAddGrad,2,539.65,269.825,539.65,269.825,0.012484986320998773,0.8442700101490113,0.0,0.0
21,Device,MaxPoolGrad,gradient_tape/sequential/max_pooling2d_1/MaxPool/MaxPoolGrad,2,529.41,264.705,529.41,264.705,0.012248080437691022,0.8565180905867023,0.0,0.0
22,Device,BiasAddGrad,gradient_tape/sequential/conv2d_1/BiasAdd/BiasAddGrad,2,518.146,259.073,518.146,259.073,0.011987483966052497,0.8685055745527548,0.0,0.0
23,Device,Mul,sequential/dropout/dropout/Mul_1,2,391.17,195.585,391.17,195.585,0.009049851013036394,0.8775554255657911,0.0,0.0
24,Device,Mul,gradient_tape/sequential/dropout/dropout/Mul_1,2,377.858,188.929,377.858,188.929,0.00874187336473632,0.8862972989305274,0.0,0.0
25,Device,ResourceApplyGradientDescent,SGD/SGD/update_8/ResourceApplyGradientDescent,2,333.825,166.9125,333.825,166.9125,0.007723154931172826,0.8940204538617003,0.0,0.0
26,Device,MatMul,gradient_tape/sequential/dense/MatMul/MatMul_1,2,328.706,164.353,328.706,164.353,0.007604725124859118,0.9016251789865594,0.0,0.0
27,Device,MaxPool,sequential/max_pooling2d_1/MaxPool,2,296.962,148.481,296.962,148.481,0.006870316886605092,0.9084954958731645,0.0,0.0
28,Device,MatMul,sequential/dense/MatMul,2,290.818,145.409,290.818,145.409,0.006728173356620441,0.9152236692297849,0.0,0.0
29,Device,MatMul,gradient_tape/sequential/dense/MatMul/MatMul,2,283.648,141.824,283.648,141.824,0.0065622929676246835,0.9217859621974096,0.0,0.0
30,Device,BiasAddGrad,gradient_tape/sequential/conv2d_2/BiasAdd/BiasAddGrad,2,276.482,138.241,276.482,138.241,0.006396505119989592,0.9281824673173992,0.0,0.0
31,Device,Mul,gradient_tape/sequential/dropout/dropout/Mul,2,262.146,131.073,262.146,131.073,0.006064836883358741,0.934247304200758,0.0,0.0
32,Device,Mul,sequential/dropout/dropout/Mul,2,260.096,130.048,260.096,130.048,0.006017409436016858,0.9402647136367748,0.0,0.0
33,Device,BiasAddGrad,gradient_tape/sequential/conv2d_3/BiasAdd/BiasAddGrad,2,241.665,120.8325,241.665,120.8325,0.005591001981403073,0.9458557156181778,0.0,0.0
34,Device,Mul,sequential/dropout_1/dropout/Mul_1,2,166.912,83.456,166.912,83.456,0.00386156589791633,0.9497172815160941,0.0,0.0
35,Device,Mul,gradient_tape/sequential/dropout_1/dropout/Mul_1,2,162.817,81.4085,162.817,81.4085,0.0037668266799333965,0.9534841081960276,0.0,0.0
36,Device,Cast,sequential/dropout/dropout/ArithmeticOptimizer/ReorderCastLikeAndValuePreserving_float_Cast,2,162.816,81.408,162.816,81.408,0.0037668035445932294,0.9572509117406208,0.0,0.0
37,Device,GreaterEqual,sequential/dropout/dropout/GreaterEqual,2,160.769,80.3845,160.769,80.3845,0.0037194455032718465,0.9609703572438927,0.0,0.0
38,Device,RandomUniform,sequential/dropout/dropout/random_uniform/RandomUniform,2,143.361,71.6805,143.361,71.6805,0.0033167055016486706,0.9642870627455413,0.0,0.0
39,Device,SoftmaxCrossEntropyWithLogits,categorical_crossentropy/softmax_cross_entropy_with_logits,2,139.264,69.632,139.264,69.632,0.003221920012985404,0.9675089827585267,0.0,0.0
40,Device,Transpose,gradient_tape/sequential/conv2d/Conv2D/Conv2DBackpropFilter-0-TransposeNHWCToNCHW-LayoutOptimizer,2,128.0,64.0,128.0,64.0,0.0029613235413468784,0.9704703062998736,0.0,0.0
41,Device,Transpose,gradient_tape/sequential/max_pooling2d_1/MaxPool/MaxPoolGrad-2-TransposeNHWCToNCHW-LayoutOptimizer,2,114.688,57.344,114.688,57.344,0.0026533458930468033,0.9731236521929204,0.0,0.0
42,Device,Transpose,sequential/dropout_1/dropout/Mul_1-0-1-TransposeNCHWToNHWC-LayoutOptimizer,2,111.616,55.808,111.616,55.808,0.0025822741280544783,0.9757059263209749,0.0,0.0
43,Device,Mul,gradient_tape/sequential/dropout_1/dropout/Mul,2,108.545,54.2725,108.545,54.2725,0.00251122549840232,0.9782171518193772,0.0,0.0
44,Device,Mul,sequential/dropout_1/dropout/Mul,2,105.472,52.736,105.472,52.736,0.002440130598069828,0.980657282417447,0.0,0.0
45,Device,Transpose,gradient_tape/sequential/dropout/dropout/ArithmeticOptimizer/ReorderCastLikeAndValuePreserving_bool_Mul-1-TransposeNHWCToNCHW-LayoutOptimizer,2,75.776,37.888,75.776,37.888,0.0017531035364773521,0.9824103859539244,0.0,0.0
46,Device,Cast,sequential/dropout_1/dropout/ArithmeticOptimizer/ReorderCastLikeAndValuePreserving_float_Cast,2,69.633,34.8165,69.633,34.8165,0.0016109831418328687,0.9840213690957572,0.0,0.0
47,Device,GreaterEqual,sequential/dropout_1/dropout/GreaterEqual,2,68.608,34.304,68.608,34.304,0.001587269418161927,0.9856086385139191,0.0,0.0
48,Device,Cast,sequential/dropout_1/dropout/Cast,2,67.584,33.792,67.584,33.792,0.001563578829831152,0.9871722173437503,0.0,0.0
49,Device,RandomUniform,sequential/dropout_1/dropout/random_uniform/RandomUniform,2,65.536,32.768,65.536,32.768,0.001516197653169602,0.9886884149969198,0.0,0.0
50,Device,Transpose,sequential/dropout_1/dropout/ArithmeticOptimizer/ReorderCastLikeAndValuePreserving_bool_Mul_1-0-TransposeNHWCToNCHW-LayoutOptimizer,2,36.864,18.432,36.864,18.432,0.000852861179907901,0.9895412761768277,0.0,0.0
51,Device,ArgMax,ArgMax,2,33.794,16.897,33.794,16.897,0.0007818356855959094,0.9903231118624236,0.0,0.0
52,Device,MatMul,sequential/dense_1/MatMul,2,23.552,11.776,23.552,11.776,0.0005448835316078257,0.9908679953940315,0.0,0.0
53,Device,ArgMax,ArgMax_1,2,21.504,10.752,21.504,10.752,0.0004975023549462756,0.9913654977489778,0.0,0.0
54,Device,MatMul,gradient_tape/sequential/dense_1/MatMul/MatMul_1,2,20.48,10.24,20.48,10.24,0.0004738117666155006,0.9918393095155933,0.0,0.0
55,Device,Softmax,sequential/activation_5/Softmax,2,20.48,10.24,20.48,10.24,0.0004738117666155006,0.9923131212822088,0.0,0.0
56,Device,_Send,IteratorGetNext/_3,2,18.944,9.472,18.944,9.472,0.00043827588411933803,0.9927513971663282,0.0,0.0
57,Device,MatMul,gradient_tape/sequential/dense_1/MatMul/MatMul,2,14.336,7.168,14.336,7.168,0.0003316682366308504,0.9930830654029591,0.0,0.0
58,Device,RandomUniform,sequential/dropout_2/dropout/random_uniform/RandomUniform,2,10.24,5.12,10.24,5.12,0.0002369058833077503,0.9933199712862668,0.0,0.0
59,Device,ResourceApplyGradientDescent,SGD/SGD/update_10/ResourceApplyGradientDescent,2,8.192,4.096,8.192,4.096,0.00018952470664620024,0.993509495992913,0.0,0.0
60,Device,ResourceApplyGradientDescent,SGD/SGD/update_4/ResourceApplyGradientDescent,2,8.192,4.096,8.192,4.096,0.00018952470664620024,0.9936990206995593,0.0,0.0
61,Device,ResourceApplyGradientDescent,SGD/SGD/update_6/ResourceApplyGradientDescent,2,8.192,4.096,8.192,4.096,0.00018952470664620024,0.9938885454062055,0.0,0.0
62,Device,BiasAddGrad,gradient_tape/sequential/dense/BiasAdd/BiasAddGrad,2,8.192,4.096,8.192,4.096,0.00018952470664620024,0.9940780701128518,0.0,0.0
63,Device,Mul,gradient_tape/sequential/dropout_2/dropout/Mul_1,2,8.192,4.096,8.192,4.096,0.00018952470664620024,0.994267594819498,0.0,0.0
64,Device,BiasAdd,sequential/dense/BiasAdd,2,8.192,4.096,8.192,4.096,0.00018952470664620024,0.9944571195261442,0.0,0.0
65,Device,ResourceApplyGradientDescent,SGD/SGD/update/ResourceApplyGradientDescent,2,7.168,3.584,7.168,3.584,0.0001658341183154252,0.9946229536444596,0.0,0.0
66,Device,ResourceApplyGradientDescent,SGD/SGD/update_2/ResourceApplyGradientDescent,2,7.168,3.584,7.168,3.584,0.0001658341183154252,0.994788787762775,0.0,0.0
67,Device,ResourceApplyGradientDescent,SGD/SGD/update_5/ResourceApplyGradientDescent,2,7.168,3.584,7.168,3.584,0.0001658341183154252,0.9949546218810904,0.0,0.0
68,Device,ResourceApplyGradientDescent,SGD/SGD/update_9/ResourceApplyGradientDescent,2,7.168,3.584,7.168,3.584,0.0001658341183154252,0.9951204559994058,0.0,0.0
69,Device,BiasAddGrad,gradient_tape/sequential/dense_1/BiasAdd/BiasAddGrad,2,7.168,3.584,7.168,3.584,0.0001658341183154252,0.9952862901177212,0.0,0.0
70,Device,Cast,sequential/dropout_2/dropout/Cast,2,7.168,3.584,7.168,3.584,0.0001658341183154252,0.9954521242360366,0.0,0.0
71,Device,Mul,sequential/dropout_2/dropout/Mul_1,2,7.168,3.584,7.168,3.584,0.0001658341183154252,0.995617958354352,0.0,0.0
72,Device,_Recv,categorical_crossentropy/weighted_loss/num_elements/_14,2,6.24,3.12,6.24,3.12,0.00014436452264066034,0.9957623228769926,0.0,0.0
73,Device,Sum,Sum_2,2,6.145,3.0725,6.145,3.0725,0.00014216666532481693,0.9959044895423175,0.0,0.0
74,Device,AssignAddVariableOp,AssignAddVariableOp,2,6.144,3.072,6.144,3.072,0.00014214352998465017,0.9960466330723021,0.0,0.0
75,Device,AssignAddVariableOp,AssignAddVariableOp_1,2,6.144,3.072,6.144,3.072,0.00014214352998465017,0.9961887766022868,0.0,0.0
76,Device,AssignAddVariableOp,AssignAddVariableOp_2,2,6.144,3.072,6.144,3.072,0.00014214352998465017,0.9963309201322714,0.0,0.0
77,Device,AssignAddVariableOp,AssignAddVariableOp_3,2,6.144,3.072,6.144,3.072,0.00014214352998465017,0.9964730636622561,0.0,0.0
78,Device,AssignAddVariableOp,AssignAddVariableOp_4,2,6.144,3.072,6.144,3.072,0.00014214352998465017,0.9966152071922407,0.0,0.0
79,Device,Mul,Mul,2,6.144,3.072,6.144,3.072,0.00014214352998465017,0.9967573507222254,0.0,0.0
80,Device,AssignAddVariableOp,SGD/SGD/AssignAddVariableOp,2,6.144,3.072,6.144,3.072,0.00014214352998465017,0.99689949425221,0.0,0.0
81,Device,ResourceApplyGradientDescent,SGD/SGD/update_1/ResourceApplyGradientDescent,2,6.144,3.072,6.144,3.072,0.00014214352998465017,0.9970416377821947,0.0,0.0
82,Device,ResourceApplyGradientDescent,SGD/SGD/update_11/ResourceApplyGradientDescent,2,6.144,3.072,6.144,3.072,0.00014214352998465017,0.9971837813121793,0.0,0.0
83,Device,ResourceApplyGradientDescent,SGD/SGD/update_3/ResourceApplyGradientDescent,2,6.144,3.072,6.144,3.072,0.00014214352998465017,0.997325924842164,0.0,0.0
84,Device,ResourceApplyGradientDescent,SGD/SGD/update_7/ResourceApplyGradientDescent,2,6.144,3.072,6.144,3.072,0.00014214352998465017,0.9974680683721486,0.0,0.0
85,Device,Tile,gradient_tape/categorical_crossentropy/weighted_loss/Tile_1,2,6.144,3.072,6.144,3.072,0.00014214352998465017,0.9976102119021333,0.0,0.0
86,Device,DivNoNan,gradient_tape/categorical_crossentropy/weighted_loss/value/div_no_nan,2,6.144,3.072,6.144,3.072,0.00014214352998465017,0.9977523554321179,0.0,0.0
87,Device,ReluGrad,gradient_tape/sequential/activation_4/ReluGrad,2,6.144,3.072,6.144,3.072,0.00014214352998465017,0.9978944989621026,0.0,0.0
88,Device,Mul,gradient_tape/sequential/dropout_2/dropout/Mul,2,6.144,3.072,6.144,3.072,0.00014214352998465017,0.9980366424920872,0.0,0.0
89,Device,Relu,sequential/activation_4/Relu,2,6.144,3.072,6.144,3.072,0.00014214352998465017,0.9981787860220719,0.0,0.0
90,Device,BiasAdd,sequential/dense_1/BiasAdd,2,6.144,3.072,6.144,3.072,0.00014214352998465017,0.9983209295520565,0.0,0.0
91,Device,GreaterEqual,sequential/dropout_2/dropout/GreaterEqual,2,6.144,3.072,6.144,3.072,0.00014214352998465017,0.9984630730820412,0.0,0.0
92,Device,Mul,sequential/dropout_2/dropout/Mul,2,6.144,3.072,6.144,3.072,0.00014214352998465017,0.9986052166120258,0.0,0.0
93,Device,Cast,Cast,2,5.12,2.56,5.12,2.56,0.00011845294165387515,0.9987236695536797,0.0,0.0
94,Device,Cast,Cast_1,2,5.12,2.56,5.12,2.56,0.00011845294165387515,0.9988421224953337,0.0,0.0
95,Device,Equal,Equal,2,5.12,2.56,5.12,2.56,0.00011845294165387515,0.9989605754369876,0.0,0.0
96,Device,Sum,categorical_crossentropy/weighted_loss/Sum,2,5.12,2.56,5.12,2.56,0.00011845294165387515,0.9990790283786415,0.0,0.0
97,Device,Cast,categorical_crossentropy/weighted_loss/num_elements/Cast,2,5.12,2.56,5.12,2.56,0.00011845294165387515,0.9991974813202954,0.0,0.0
98,Device,DivNoNan,categorical_crossentropy/weighted_loss/value,2,5.12,2.56,5.12,2.56,0.00011845294165387515,0.9993159342619493,0.0,0.0
99,Device,DivNoNan,div_no_nan,2,5.12,2.56,5.12,2.56,0.00011845294165387515,0.9994343872036032,0.0,0.0
100,Device,DivNoNan,div_no_nan_1,2,5.12,2.56,5.12,2.56,0.00011845294165387515,0.9995528401452571,0.0,0.0
101,Device,Mul,gradient_tape/categorical_crossentropy/softmax_cross_entropy_with_logits/mul,2,5.12,2.56,5.12,2.56,0.00011845294165387515,0.999671293086911,0.0,0.0
102,Device,Cast,Cast_2,2,4.096,2.048,4.096,2.048,9.476235332310012e-05,0.9997660554402341,0.0,0.0
103,Device,_Recv,Size/_16,2,3.52,1.76,3.52,1.76,8.143639738703917e-05,0.9998474918376211,0.0,0.0
104,Device,_Recv,strided_slice/_12,2,3.52,1.76,3.52,1.76,8.143639738703917e-05,0.9999289282350081,0.0,0.0
105,Device,LogicalAnd,LogicalAnd,1,3.072,3.072,3.072,3.072,7.107176499232509e-05,1.0000000000000004,0.0,0.0
106,Host,IDLE,IDLE,0,195675.482,0.0,195675.482,0.0,0.0,0.0,0.9444026657596948,0.9444026657596948
107,Host,_Send,IteratorGetNext/_3,2,3312.248,1656.124,3312.248,1656.124,0.0,0.0,0.015986140976298798,0.9603888067359936
108,Host,GatherV2,GatherV2,2,3050.683,1525.3415,3050.683,1525.3415,0.0,0.0,0.01472373098632655,0.9751125377223201
109,Host,_Send,IteratorGetNext/_1,2,2893.439,1446.7195,2893.439,1446.7195,0.0,0.0,0.013964812948885776,0.9890773506712058
110,Host,_Send,IteratorGetNext/_6,2,1753.971,876.9855,1753.971,876.9855,0.0,0.0,0.008465316508407516,0.9975426671796134
111,Host,GatherV2,GatherV2_1,2,85.601,42.8005,85.601,42.8005,0.0,0.0,0.00041314226884948024,0.9979558094484628
112,Host,Dataset,Iterator::Root::ParallelMapV2::Zip[0]::FlatMap[1]::Concatenate[0]::TensorSlice,2,83.572,41.786,83.572,41.786,0.0,0.0,0.00040334956007860616,0.9983591590085414
113,Host,Dataset,Iterator::Root::ParallelMapV2::Zip[1]::ForeverRepeat,2,60.191,30.0955,55.831,27.9155,0.0,0.0,0.00026946117466075556,0.9986286201832022
114,Host,IteratorGetNext,IteratorGetNext,2,47.331,23.6655,47.331,23.6655,0.0,0.0,0.00022843701273250023,0.9988570571959347
115,Host,FlushSummaryWriter,FlushSummaryWriter,1,39.51,39.51,39.51,39.51,0.0,0.0,0.00019068995738651375,0.9990477471533211
116,Host,Dataset,Iterator::Root::ParallelMapV2,2,34.59,17.295,34.59,17.295,0.0,0.0,0.0001669442071880413,0.9992146913605091
117,Host,Dataset,Iterator::Root,2,69.071,34.5355,34.481,17.2405,0.0,0.0,0.00016641813264096133,0.9993811094931501
118,Host,_HostSend,categorical_crossentropy/softmax_cross_entropy_with_logits/Shape_2/_9,2,31.061,15.5305,31.061,15.5305,0.0,0.0,0.000149911940429828,0.9995310214335799
119,Host,LogicalAnd,LogicalAnd,1,29.45,29.45,29.45,29.45,0.0,0.0,0.00014213665515142574,0.9996731580887313
120,Host,WriteSummary,WriteSummary,1,21.02,21.02,21.02,21.02,0.0,0.0,0.00010145033926257959,0.9997746084279938
121,Host,Dataset,Iterator::Root::ParallelMapV2::Zip,2,177.293,88.6465,15.24,7.62,0.0,0.0,7.355390915136599e-05,0.9998481623371451
122,Host,Dataset,Iterator::Root::ParallelMapV2::Zip[0]::FlatMap[1]::Concatenate,2,97.112,48.556,13.54,6.77,0.0,0.0,6.534907676571492e-05,0.9999135114139108
123,Host,ReadVariableOp,ReadVariableOp,1,6.27,6.27,6.27,6.27,0.0,0.0,3.0261352387077733e-05,0.9999437727662979
124,Host,Dataset,Iterator::Root::ParallelMapV2::Zip[0]::FlatMap,2,101.862,50.931,4.75,2.375,0.0,0.0,2.2925266959907375e-05,0.9999666980332578
125,Host,Dataset,Iterator::Root::ParallelMapV2::Zip[1]::ForeverRepeat::FromTensor,4,4.36,1.09,4.36,1.09,0.0,0.0,2.1042981883199194e-05,0.999987741015141
126,Host,Identity,Identity,2,2.54,1.27,2.54,1.27,0.0,0.0,1.2258984858560996e-05,0.9999999999999996
