Rank,Host/device,Type,Operation,#Occurrences,Total time (us),Avg. time (us),Total self-time (us),Avg. self-time (us),Total self-time on Device (%),Cumulative total-self time on Device (%),Total self-time on Host (%),Cumulative total-self time on Host (%)
1,Device,IDLE,IDLE,0,8270.22,0.0,8270.22,0.0,0.07210651028787797,0.07210651028787797,0.0,0.0
2,Device,Conv2DBackpropFilter,gradient_tape/sequential/conv2d_1/Conv2D/Conv2DBackpropFilter,2,5340.188,2670.094,5340.188,2670.094,0.04656010613516962,0.1186666164230476,0.0,0.0
3,Device,Conv2DBackpropFilter,gradient_tape/sequential/conv2d_3/Conv2D/Conv2DBackpropFilter,2,3920.918,1960.459,3920.918,1960.459,0.03418575492609942,0.15285237134914703,0.0,0.0
4,Device,_FusedConv2D,sequential/conv2d_1/Relu,2,3426.323,1713.1615,3426.323,1713.1615,0.029873473093713698,0.18272584444286072,0.0,0.0
5,Device,Conv2DBackpropInput,gradient_tape/sequential/conv2d_1/Conv2D/Conv2DBackpropInput,2,3375.121,1687.5605,3375.121,1687.5605,0.029427052377002424,0.21215289681986316,0.0,0.0
6,Device,Conv2DBackpropFilter,gradient_tape/sequential/conv2d_2/Conv2D/Conv2DBackpropFilter,2,2732.046,1366.023,2732.046,1366.023,0.023820201035275466,0.23597309785513862,0.0,0.0
7,Device,_FusedConv2D,sequential/conv2d_3/Relu,2,2550.798,1275.399,2550.798,1275.399,0.022239933427320984,0.2582130312824596,0.0,0.0
8,Device,Conv2DBackpropInput,gradient_tape/sequential/conv2d_3/Conv2D/Conv2DBackpropInput,2,2538.508,1269.254,2538.508,1269.254,0.022132779202712928,0.28034581048517254,0.0,0.0
9,Device,MaxPoolGrad,gradient_tape/sequential/max_pooling2d/MaxPool/MaxPoolGrad,2,2233.356,1116.678,2233.356,1116.678,0.01947221565937714,0.29981802614454967,0.0,0.0
10,Device,Conv2DBackpropFilter,gradient_tape/sequential/conv2d_10/Conv2D/Conv2DBackpropFilter,2,2182.156,1091.078,2182.156,1091.078,0.019025812380293952,0.3188438385248436,0.0,0.0
11,Device,Conv2DBackpropFilter,gradient_tape/sequential/conv2d_9/Conv2D/Conv2DBackpropFilter,2,2172.94,1086.47,2172.94,1086.47,0.018945459790058978,0.33778929831490256,0.0,0.0
12,Device,Conv2DBackpropFilter,gradient_tape/sequential/conv2d_11/Conv2D/Conv2DBackpropFilter,2,2168.843,1084.4215,2168.843,1084.4215,0.01890973880891828,0.35669903712382084,0.0,0.0
13,Device,_FusedConv2D,sequential/conv2d_6/Relu,2,2108.428,1054.214,2108.428,1054.214,0.01838299165841416,0.375082028782235,0.0,0.0
14,Device,_FusedConv2D,sequential/conv2d_7/Relu,2,2102.282,1051.141,2102.282,1051.141,0.018329405827296093,0.3934114346095311,0.0,0.0
15,Device,_FusedConv2D,sequential/conv2d_5/Relu,2,2100.234,1050.117,2100.234,1050.117,0.018311549696132762,0.41172298430566384,0.0,0.0
16,Device,Conv2DBackpropInput,gradient_tape/sequential/conv2d_5/Conv2D/Conv2DBackpropInput,2,2083.852,1041.926,2083.852,1041.926,0.018168718084454232,0.4298917023901181,0.0,0.0
17,Device,Conv2DBackpropInput,gradient_tape/sequential/conv2d_6/Conv2D/Conv2DBackpropInput,2,2083.852,1041.926,2083.852,1041.926,0.018168718084454232,0.44806042047457234,0.0,0.0
18,Device,Conv2DBackpropInput,gradient_tape/sequential/conv2d_7/Conv2D/Conv2DBackpropInput,2,2080.78,1040.39,2080.78,1040.39,0.018141933887709245,0.4662023543622816,0.0,0.0
19,Device,Conv2DBackpropFilter,gradient_tape/sequential/conv2d_6/Conv2D/Conv2DBackpropFilter,2,2067.467,1033.7335,2067.467,1033.7335,0.018025860316333568,0.48422821467861515,0.0,0.0
20,Device,Conv2DBackpropFilter,gradient_tape/sequential/conv2d_5/Conv2D/Conv2DBackpropFilter,2,2064.396,1032.198,2064.396,1032.198,0.017999084838402624,0.5022272995170178,0.0,0.0
21,Device,Conv2DBackpropFilter,gradient_tape/sequential/conv2d_7/Conv2D/Conv2DBackpropFilter,2,2059.276,1029.638,2059.276,1029.638,0.017954444510494303,0.5201817440275122,0.0,0.0
22,Device,_FusedConv2D,sequential/conv2d_10/Relu,2,1852.426,926.213,1852.426,926.213,0.01615095782537014,0.5363327018528823,0.0,0.0
23,Device,_FusedConv2D,sequential/conv2d_11/Relu,2,1852.426,926.213,1852.426,926.213,0.01615095782537014,0.5524836596782524,0.0,0.0
24,Device,_FusedConv2D,sequential/conv2d_9/Relu,2,1848.33,924.165,1848.33,924.165,0.016115245563043484,0.5685989052412959,0.0,0.0
25,Device,Conv2DBackpropInput,gradient_tape/sequential/conv2d_11/Conv2D/Conv2DBackpropInput,2,1806.345,903.1725,1806.345,903.1725,0.015749186155381227,0.5843480913966771,0.0,0.0
26,Device,Conv2DBackpropInput,gradient_tape/sequential/conv2d_9/Conv2D/Conv2DBackpropInput,2,1802.25,901.125,1802.25,901.125,0.015713482611868616,0.6000615740085458,0.0,0.0
27,Device,Conv2DBackpropInput,gradient_tape/sequential/conv2d_10/Conv2D/Conv2DBackpropInput,2,1801.226,900.613,1801.226,900.613,0.015704554546286956,0.6157661285548327,0.0,0.0
28,Device,ReluGrad,gradient_tape/sequential/conv2d/ReluGrad,2,1758.218,879.109,1758.218,879.109,0.015329575791857078,0.6310957043466898,0.0,0.0
29,Device,ReluGrad,gradient_tape/sequential/conv2d_1/ReluGrad,2,1753.098,876.549,1753.098,876.549,0.015284935463948757,0.6463806398106385,0.0,0.0
30,Device,ResourceApplyGradientDescent,SGD/SGD/update_32/ResourceApplyGradientDescent,2,1687.561,843.7805,1687.561,843.7805,0.014713530547908233,0.6610941703585468,0.0,0.0
31,Device,Conv2DBackpropFilter,gradient_tape/sequential/conv2d/Conv2D/Conv2DBackpropFilter,2,1555.464,777.732,1555.464,777.732,0.013561801369059568,0.6746559717276064,0.0,0.0
32,Device,_FusedConv2D,sequential/conv2d_2/Relu,2,1483.784,741.892,1483.784,741.892,0.012936836778343107,0.6875928085059495,0.0,0.0
33,Device,Conv2DBackpropInput,gradient_tape/sequential/conv2d_2/Conv2D/Conv2DBackpropInput,2,1410.056,705.028,1410.056,705.028,0.012294016056463318,0.6998868245624128,0.0,0.0
34,Device,Conv2DBackpropFilter,gradient_tape/sequential/conv2d_4/Conv2D/Conv2DBackpropFilter,2,1327.11,663.555,1327.11,663.555,0.011570825306720465,0.7114576498691333,0.0,0.0
35,Device,_FusedConv2D,sequential/conv2d_4/Relu,2,1257.479,628.7395,1257.479,628.7395,0.010963725565981377,0.7224213754351146,0.0,0.0
36,Device,Conv2DBackpropInput,gradient_tape/sequential/conv2d_4/Conv2D/Conv2DBackpropInput,2,1202.182,601.091,1202.182,601.091,0.01048160130575749,0.7329029767408721,0.0,0.0
37,Device,Conv2DBackpropFilter,gradient_tape/sequential/conv2d_15/Conv2D/Conv2DBackpropFilter,2,1167.367,583.6835,1167.367,583.6835,0.010178055794794968,0.743081032535667,0.0,0.0
38,Device,Conv2DBackpropFilter,gradient_tape/sequential/conv2d_12/Conv2D/Conv2DBackpropFilter,2,1167.366,583.683,1167.366,583.683,0.010178047075980924,0.753259079611648,0.0,0.0
39,Device,Conv2DBackpropFilter,gradient_tape/sequential/conv2d_14/Conv2D/Conv2DBackpropFilter,2,1162.247,581.1235,1162.247,581.1235,0.01013341546688665,0.7633924950785346,0.0,0.0
40,Device,Conv2DBackpropFilter,gradient_tape/sequential/conv2d_13/Conv2D/Conv2DBackpropFilter,2,1157.126,578.563,1157.126,578.563,0.010088766420164286,0.7734812614986989,0.0,0.0
41,Device,_FusedConv2D,sequential/conv2d_8/Relu,2,1084.422,542.211,1084.422,542.211,0.009454873763866162,0.782936135262565,0.0,0.0
42,Device,Conv2DBackpropFilter,gradient_tape/sequential/conv2d_8/Conv2D/Conv2DBackpropFilter,2,1061.893,530.9465,1061.893,530.9465,0.009258447602255516,0.7921945828648205,0.0,0.0
43,Device,Conv2DBackpropInput,gradient_tape/sequential/conv2d_8/Conv2D/Conv2DBackpropInput,2,1034.246,517.123,1034.246,517.123,0.009017398550364639,0.8012119814151851,0.0,0.0
44,Device,ReluGrad,gradient_tape/sequential/conv2d_3/ReluGrad,2,875.526,437.763,875.526,437.763,0.007633548385206759,0.8088455298003919,0.0,0.0
45,Device,ReluGrad,gradient_tape/sequential/conv2d_2/ReluGrad,2,857.092,428.546,857.092,428.546,0.0074728257671087235,0.8163183555675007,0.0,0.0
46,Device,ResourceApplyGradientDescent,SGD/SGD/update_34/ResourceApplyGradientDescent,2,834.564,417.282,834.564,417.282,0.007276408324312121,0.8235947638918127,0.0,0.0
47,Device,_FusedConv2D,sequential/conv2d_13/Relu,2,737.283,368.6415,737.283,368.6415,0.006428233375240022,0.8300229972670528,0.0,0.0
48,Device,_FusedConv2D,sequential/conv2d_15/Relu,2,736.26,368.13,736.26,368.13,0.006419314028472403,0.8364423112955252,0.0,0.0
49,Device,_FusedConv2D,sequential/conv2d_12/Relu,2,735.236,367.618,735.236,367.618,0.006410385962890739,0.8428526972584159,0.0,0.0
50,Device,_FusedConv2D,sequential/conv2d_14/Relu,2,734.212,367.106,734.212,367.106,0.006401457897309075,0.849254155155725,0.0,0.0
51,Device,_FusedConv2D,sequential/conv2d/Relu,2,702.468,351.234,702.468,351.234,0.0061246878642775,0.8553788430200024,0.0,0.0
52,Device,Conv2DBackpropInput,gradient_tape/sequential/conv2d_12/Conv2D/Conv2DBackpropInput,2,701.444,350.722,701.444,350.722,0.006115759798695835,0.8614946028186983,0.0,0.0
53,Device,Conv2DBackpropInput,gradient_tape/sequential/conv2d_14/Conv2D/Conv2DBackpropInput,2,701.444,350.722,701.444,350.722,0.006115759798695835,0.8676103626173941,0.0,0.0
54,Device,Conv2DBackpropInput,gradient_tape/sequential/conv2d_13/Conv2D/Conv2DBackpropInput,2,700.42,350.21,700.42,350.21,0.006106831733114172,0.8737171943505083,0.0,0.0
55,Device,Conv2DBackpropInput,gradient_tape/sequential/conv2d_15/Conv2D/Conv2DBackpropInput,2,700.42,350.21,700.42,350.21,0.006106831733114172,0.8798240260836225,0.0,0.0
56,Device,MaxPool,sequential/max_pooling2d/MaxPool,2,678.914,339.457,678.914,339.457,0.005919324918271144,0.8857433510018937,0.0,0.0
57,Device,MaxPoolGrad,gradient_tape/sequential/max_pooling2d_1/MaxPool/MaxPoolGrad,2,655.364,327.682,655.364,327.682,0.005713996847520968,0.8914573478494147,0.0,0.0
58,Device,MatMul,gradient_tape/sequential/dense/MatMul/MatMul,2,637.955,318.9775,637.955,318.9775,0.00556221101381864,0.8970195588632333,0.0,0.0
59,Device,MatMul,gradient_tape/sequential/dense/MatMul/MatMul_1,2,627.716,313.858,627.716,313.858,0.005472939076816047,0.9024924979400493,0.0,0.0
60,Device,MatMul,sequential/dense/MatMul,2,579.588,289.794,579.588,289.794,0.005053319994477851,0.9075458179345272,0.0,0.0
61,Device,BiasAddGrad,gradient_tape/sequential/conv2d_1/BiasAdd/BiasAddGrad,2,533.506,266.753,533.506,266.753,0.0046515396056748945,0.912197357540202,0.0,0.0
62,Device,BiasAddGrad,gradient_tape/sequential/conv2d/BiasAdd/BiasAddGrad,2,532.484,266.242,532.484,266.242,0.00464262897772132,0.9168399865179233,0.0,0.0
63,Device,_Recv,IteratorGetNext/_2,1,521.506,521.506,521.506,521.506,0.004546913837139772,0.9213869003550631,0.0,0.0
64,Device,_Send,IteratorGetNext/_1,1,478.723,478.723,478.723,478.723,0.00417389681586993,0.925560797170933,0.0,0.0
65,Device,ReluGrad,gradient_tape/sequential/conv2d_7/ReluGrad,2,432.13,216.065,432.13,216.065,0.0037676611130901846,0.9293284582840232,0.0,0.0
66,Device,ReluGrad,gradient_tape/sequential/conv2d_5/ReluGrad,2,431.106,215.553,431.106,215.553,0.003758733047508521,0.9330871913315317,0.0,0.0
67,Device,ReluGrad,gradient_tape/sequential/conv2d_6/ReluGrad,2,431.106,215.553,431.106,215.553,0.003758733047508521,0.9368459243790402,0.0,0.0
68,Device,ReluGrad,gradient_tape/sequential/conv2d_4/ReluGrad,2,430.082,215.041,430.082,215.041,0.0037498049819268573,0.9405957293609671,0.0,0.0
69,Device,MaxPool,sequential/max_pooling2d_1/MaxPool,2,335.874,167.937,335.874,167.937,0.002928422948413794,0.9435241523093809,0.0,0.0
70,Device,MatMul,gradient_tape/sequential/dense_1/MatMul/MatMul,2,334.85,167.425,334.85,167.425,0.0029194948828321302,0.9464436471922131,0.0,0.0
71,Device,MaxPoolGrad,gradient_tape/sequential/max_pooling2d_2/MaxPool/MaxPoolGrad,2,319.49,159.745,319.49,159.745,0.002785573899107174,0.9492292210913202,0.0,0.0
72,Device,MatMul,gradient_tape/sequential/dense_1/MatMul/MatMul_1,2,317.442,158.721,317.442,158.721,0.002767717767943847,0.9519969388592641,0.0,0.0
73,Device,MatMul,sequential/dense_1/MatMul,2,305.154,152.577,305.154,152.577,0.002660580980963882,0.954657519840228,0.0,0.0
74,Device,BiasAddGrad,gradient_tape/sequential/conv2d_3/BiasAdd/BiasAddGrad,2,286.722,143.361,286.722,143.361,0.0024998758004939345,0.9571573956407219,0.0,0.0
75,Device,BiasAddGrad,gradient_tape/sequential/conv2d_2/BiasAdd/BiasAddGrad,2,277.506,138.753,277.506,138.753,0.0024195232102589607,0.9595769188509808,0.0,0.0
76,Device,ReluGrad,gradient_tape/sequential/conv2d_10/ReluGrad,2,217.088,108.544,217.088,108.544,0.0018927499033127115,0.9614696687542935,0.0,0.0
77,Device,ReluGrad,gradient_tape/sequential/conv2d_8/ReluGrad,2,216.065,108.0325,216.065,108.0325,0.0018838305565450923,0.9633534993108386,0.0,0.0
78,Device,ReluGrad,gradient_tape/sequential/conv2d_11/ReluGrad,2,212.992,106.496,212.992,106.496,0.0018570376409860565,0.9652105369518247,0.0,0.0
79,Device,ReluGrad,gradient_tape/sequential/conv2d_9/ReluGrad,2,212.992,106.496,212.992,106.496,0.0018570376409860565,0.9670675745928108,0.0,0.0
80,Device,BiasAddGrad,gradient_tape/sequential/conv2d_4/BiasAdd/BiasAddGrad,2,180.226,90.113,180.226,90.113,0.0015713569800009063,0.9686389315728117,0.0,0.0
81,Device,BiasAddGrad,gradient_tape/sequential/conv2d_5/BiasAdd/BiasAddGrad,2,180.224,90.112,180.224,90.112,0.001571339542372817,0.9702102711151844,0.0,0.0
82,Device,BiasAddGrad,gradient_tape/sequential/conv2d_6/BiasAdd/BiasAddGrad,2,180.224,90.112,180.224,90.112,0.001571339542372817,0.9717816106575572,0.0,0.0
83,Device,BiasAddGrad,gradient_tape/sequential/conv2d_7/BiasAdd/BiasAddGrad,2,180.224,90.112,180.224,90.112,0.001571339542372817,0.97335295019993,0.0,0.0
84,Device,MaxPool,sequential/max_pooling2d_2/MaxPool,2,176.13,88.065,176.13,88.065,0.0015356447176742513,0.9748885949176042,0.0,0.0
85,Device,MaxPoolGrad,gradient_tape/sequential/max_pooling2d_3/MaxPool/MaxPoolGrad,2,163.842,81.921,163.842,81.921,0.0014285079306942867,0.9763171028482984,0.0,0.0
86,Device,ResourceApplyGradientDescent,SGD/SGD/update_20/ResourceApplyGradientDescent,2,128.001,64.0005,128.001,64.0005,0.0011160169165220113,0.9774331197648204,0.0,0.0
87,Device,ResourceApplyGradientDescent,SGD/SGD/update_18/ResourceApplyGradientDescent,2,126.977,63.4885,126.977,63.4885,0.0011070888509403477,0.9785402086157607,0.0,0.0
88,Device,ResourceApplyGradientDescent,SGD/SGD/update_22/ResourceApplyGradientDescent,2,125.954,62.977,125.954,62.977,0.0010981695041727283,0.9796383781199335,0.0,0.0
89,Device,SoftmaxCrossEntropyWithLogits,categorical_crossentropy/softmax_cross_entropy_with_logits,2,124.928,62.464,124.928,62.464,0.0010892240009629755,0.9807276021208965,0.0,0.0
90,Device,ResourceApplyGradientDescent,SGD/SGD/update_26/ResourceApplyGradientDescent,2,122.881,61.4405,122.881,61.4405,0.0010713765886136927,0.9817989787095102,0.0,0.0
91,Device,ResourceApplyGradientDescent,SGD/SGD/update_24/ResourceApplyGradientDescent,2,122.88,61.44,122.88,61.44,0.001071367869799648,0.9828703465793098,0.0,0.0
92,Device,ResourceApplyGradientDescent,SGD/SGD/update_28/ResourceApplyGradientDescent,2,121.857,60.9285,121.857,60.9285,0.0010624485230320288,0.9839327951023419,0.0,0.0
93,Device,ResourceApplyGradientDescent,SGD/SGD/update_30/ResourceApplyGradientDescent,2,121.856,60.928,121.856,60.928,0.0010624398042179842,0.9849952349065598,0.0,0.0
94,Device,MaxPool,sequential/max_pooling2d_3/MaxPool,2,97.28,48.64,97.28,48.64,0.0008481662302580547,0.9858434011368179,0.0,0.0
95,Device,BiasAddGrad,gradient_tape/sequential/conv2d_8/BiasAdd/BiasAddGrad,2,95.232,47.616,95.232,47.616,0.0008303100990947272,0.9866737112359126,0.0,0.0
96,Device,MaxPoolGrad,gradient_tape/sequential/max_pooling2d_4/MaxPool/MaxPoolGrad,2,92.161,46.0805,92.161,46.0805,0.0008035346211637806,0.9874772458570764,0.0,0.0
97,Device,BiasAddGrad,gradient_tape/sequential/conv2d_10/BiasAdd/BiasAddGrad,2,84.992,42.496,84.992,42.496,0.0007410294432780899,0.9882182753003546,0.0,0.0
98,Device,BiasAddGrad,gradient_tape/sequential/conv2d_9/BiasAdd/BiasAddGrad,2,84.992,42.496,84.992,42.496,0.0007410294432780899,0.9889593047436327,0.0,0.0
99,Device,BiasAddGrad,gradient_tape/sequential/conv2d_11/BiasAdd/BiasAddGrad,2,83.969,41.9845,83.969,41.9845,0.0007321100965104707,0.9896914148401431,0.0,0.0
100,Device,Transpose,gradient_tape/sequential/conv2d/Conv2D/Conv2DBackpropFilter-0-TransposeNHWCToNCHW-LayoutOptimizer,2,67.585,33.7925,67.585,33.7925,0.000589261047203851,0.9902806758873469,0.0,0.0
101,Device,ResourceApplyGradientDescent,SGD/SGD/update_16/ResourceApplyGradientDescent,2,66.56,33.28,66.56,33.28,0.0005803242628081427,0.9908610001501551,0.0,0.0
102,Device,ReluGrad,gradient_tape/sequential/conv2d_12/ReluGrad,2,56.321,28.1605,56.321,28.1605,0.0004910523258055499,0.9913520524759607,0.0,0.0
103,Device,ReluGrad,gradient_tape/sequential/conv2d_13/ReluGrad,2,55.296,27.648,55.296,27.648,0.00048211554140984163,0.9918341680173706,0.0,0.0
104,Device,ReluGrad,gradient_tape/sequential/conv2d_14/ReluGrad,2,54.272,27.136,54.272,27.136,0.0004731874758281779,0.9923073554931987,0.0,0.0
105,Device,BiasAddGrad,gradient_tape/sequential/conv2d_14/BiasAdd/BiasAddGrad,2,41.984,20.992,41.984,20.992,0.0003660506888482131,0.9926734061820469,0.0,0.0
106,Device,BiasAddGrad,gradient_tape/sequential/conv2d_12/BiasAdd/BiasAddGrad,2,40.96,20.48,40.96,20.48,0.00035712262326654935,0.9930305288053135,0.0,0.0
107,Device,BiasAddGrad,gradient_tape/sequential/conv2d_13/BiasAdd/BiasAddGrad,2,40.96,20.48,40.96,20.48,0.00035712262326654935,0.9933876514285801,0.0,0.0
108,Device,BiasAddGrad,gradient_tape/sequential/conv2d_15/BiasAdd/BiasAddGrad,2,39.936,19.968,39.936,19.968,0.0003481945576848856,0.993735845986265,0.0,0.0
109,Device,ReluGrad,gradient_tape/sequential/conv2d_15/ReluGrad,2,38.912,19.456,38.912,19.456,0.00033926649210322185,0.9940751124783682,0.0,0.0
110,Device,ResourceApplyGradientDescent,SGD/SGD/update_10/ResourceApplyGradientDescent,2,33.792,16.896,33.792,16.896,0.0002946261641949032,0.9943697386425632,0.0,0.0
111,Device,ResourceApplyGradientDescent,SGD/SGD/update_12/ResourceApplyGradientDescent,2,33.792,16.896,33.792,16.896,0.0002946261641949032,0.9946643648067581,0.0,0.0
112,Device,ResourceApplyGradientDescent,SGD/SGD/update_14/ResourceApplyGradientDescent,2,32.768,16.384,32.768,16.384,0.0002856980986132395,0.9949500629053714,0.0,0.0
113,Device,MatMul,sequential/dense_2/MatMul,2,26.624,13.312,26.624,13.312,0.00023212970512325706,0.9951821926104946,0.0,0.0
114,Device,ResourceApplyGradientDescent,SGD/SGD/update_8/ResourceApplyGradientDescent,2,21.504,10.752,21.504,10.752,0.00018748937721493842,0.9953696819877095,0.0,0.0
115,Device,Softmax,sequential/dense_2/Softmax,2,21.504,10.752,21.504,10.752,0.00018748937721493842,0.9955571713649244,0.0,0.0
116,Device,ArgMax,ArgMax_1,2,20.48,10.24,20.48,10.24,0.00017856131163327467,0.9957357326765577,0.0,0.0
117,Device,ArgMax,ArgMax,2,19.456,9.728,19.456,9.728,0.00016963324605161092,0.9959053659226093,0.0,0.0
118,Device,Transpose,gradient_tape/sequential/max_pooling2d_4/MaxPool/MaxPoolGrad-2-TransposeNHWCToNCHW-LayoutOptimizer,2,17.408,8.704,17.408,8.704,0.00015177711488828348,0.9960571430374975,0.0,0.0
119,Device,MatMul,gradient_tape/sequential/dense_2/MatMul/MatMul,2,16.384,8.192,16.384,8.192,0.00014284904930661976,0.9961999920868041,0.0,0.0
120,Device,MatMul,gradient_tape/sequential/dense_2/MatMul/MatMul_1,2,16.384,8.192,16.384,8.192,0.00014284904930661976,0.9963428411361107,0.0,0.0
121,Device,ResourceApplyGradientDescent,SGD/SGD/update_6/ResourceApplyGradientDescent,2,14.336,7.168,14.336,7.168,0.00012499291814329228,0.996467834054254,0.0,0.0
122,Device,MaxPool,sequential/max_pooling2d_4/MaxPool,2,14.336,7.168,14.336,7.168,0.00012499291814329228,0.9965928269723973,0.0,0.0
123,Device,ReluGrad,gradient_tape/sequential/dense/ReluGrad,2,12.288,6.144,12.288,6.144,0.00010713678697996481,0.9966999637593772,0.0,0.0
124,Device,ResourceApplyGradientDescent,SGD/SGD/update_36/ResourceApplyGradientDescent,2,11.264,5.632,11.264,5.632,9.820872139830106e-05,0.9967981724807755,0.0,0.0
125,Device,BiasAddGrad,gradient_tape/sequential/dense/BiasAdd/BiasAddGrad,2,11.264,5.632,11.264,5.632,9.820872139830106e-05,0.9968963812021738,0.0,0.0
126,Device,Transpose,sequential/max_pooling2d_4/MaxPool-0-2-TransposeNCHWToNHWC-LayoutOptimizer,2,11.264,5.632,11.264,5.632,9.820872139830106e-05,0.9969945899235721,0.0,0.0
127,Device,ResourceApplyGradientDescent,SGD/SGD/update_4/ResourceApplyGradientDescent,2,10.24,5.12,10.24,5.12,8.928065581663734e-05,0.9970838705793887,0.0,0.0
128,Device,BiasAddGrad,gradient_tape/sequential/dense_1/BiasAdd/BiasAddGrad,2,9.216,4.608,9.216,4.608,8.03525902349736e-05,0.9971642231696237,0.0,0.0
129,Device,ResourceApplyGradientDescent,SGD/SGD/update/ResourceApplyGradientDescent,2,8.192,4.096,8.192,4.096,7.142452465330988e-05,0.9972356476942771,0.0,0.0
130,Device,ResourceApplyGradientDescent,SGD/SGD/update_17/ResourceApplyGradientDescent,2,8.192,4.096,8.192,4.096,7.142452465330988e-05,0.9973070722189304,0.0,0.0
131,Device,ResourceApplyGradientDescent,SGD/SGD/update_2/ResourceApplyGradientDescent,2,8.192,4.096,8.192,4.096,7.142452465330988e-05,0.9973784967435838,0.0,0.0
132,Device,ResourceApplyGradientDescent,SGD/SGD/update_25/ResourceApplyGradientDescent,2,8.192,4.096,8.192,4.096,7.142452465330988e-05,0.9974499212682372,0.0,0.0
133,Device,ResourceApplyGradientDescent,SGD/SGD/update_33/ResourceApplyGradientDescent,2,8.192,4.096,8.192,4.096,7.142452465330988e-05,0.9975213457928905,0.0,0.0
134,Device,ResourceApplyGradientDescent,SGD/SGD/update_35/ResourceApplyGradientDescent,2,8.192,4.096,8.192,4.096,7.142452465330988e-05,0.9975927703175439,0.0,0.0
135,Device,ResourceApplyGradientDescent,SGD/SGD/update_9/ResourceApplyGradientDescent,2,8.192,4.096,8.192,4.096,7.142452465330988e-05,0.9976641948421973,0.0,0.0
136,Device,BiasAdd,sequential/dense/BiasAdd,2,8.192,4.096,8.192,4.096,7.142452465330988e-05,0.9977356193668506,0.0,0.0
137,Device,ResourceApplyGradientDescent,SGD/SGD/update_13/ResourceApplyGradientDescent,2,7.168,3.584,7.168,3.584,6.249645907164614e-05,0.9977981158259223,0.0,0.0
138,Device,ResourceApplyGradientDescent,SGD/SGD/update_19/ResourceApplyGradientDescent,2,7.168,3.584,7.168,3.584,6.249645907164614e-05,0.9978606122849939,0.0,0.0
139,Device,ResourceApplyGradientDescent,SGD/SGD/update_29/ResourceApplyGradientDescent,2,7.168,3.584,7.168,3.584,6.249645907164614e-05,0.9979231087440655,0.0,0.0
140,Device,ReluGrad,gradient_tape/sequential/dense_1/ReluGrad,2,7.168,3.584,7.168,3.584,6.249645907164614e-05,0.9979856052031372,0.0,0.0
141,Device,BiasAdd,sequential/dense_1/BiasAdd,2,7.168,3.584,7.168,3.584,6.249645907164614e-05,0.9980481016622088,0.0,0.0
142,Device,Relu,sequential/dense_1/Relu,2,7.168,3.584,7.168,3.584,6.249645907164614e-05,0.9981105981212804,0.0,0.0
143,Device,AssignAddVariableOp,AssignAddVariableOp,2,6.144,3.072,6.144,3.072,5.3568393489982405e-05,0.9981641665147705,0.0,0.0
144,Device,AssignAddVariableOp,AssignAddVariableOp_1,2,6.144,3.072,6.144,3.072,5.3568393489982405e-05,0.9982177349082605,0.0,0.0
145,Device,AssignAddVariableOp,AssignAddVariableOp_2,2,6.144,3.072,6.144,3.072,5.3568393489982405e-05,0.9982713033017505,0.0,0.0
146,Device,AssignAddVariableOp,AssignAddVariableOp_4,2,6.144,3.072,6.144,3.072,5.3568393489982405e-05,0.9983248716952405,0.0,0.0
147,Device,Cast,Cast_1,2,6.144,3.072,6.144,3.072,5.3568393489982405e-05,0.9983784400887306,0.0,0.0
148,Device,Cast,Cast_2,2,6.144,3.072,6.144,3.072,5.3568393489982405e-05,0.9984320084822206,0.0,0.0
149,Device,Equal,Equal,2,6.144,3.072,6.144,3.072,5.3568393489982405e-05,0.9984855768757106,0.0,0.0
150,Device,AssignAddVariableOp,SGD/SGD/AssignAddVariableOp,2,6.144,3.072,6.144,3.072,5.3568393489982405e-05,0.9985391452692006,0.0,0.0
151,Device,ResourceApplyGradientDescent,SGD/SGD/update_1/ResourceApplyGradientDescent,2,6.144,3.072,6.144,3.072,5.3568393489982405e-05,0.9985927136626906,0.0,0.0
152,Device,ResourceApplyGradientDescent,SGD/SGD/update_11/ResourceApplyGradientDescent,2,6.144,3.072,6.144,3.072,5.3568393489982405e-05,0.9986462820561807,0.0,0.0
153,Device,ResourceApplyGradientDescent,SGD/SGD/update_15/ResourceApplyGradientDescent,2,6.144,3.072,6.144,3.072,5.3568393489982405e-05,0.9986998504496707,0.0,0.0
154,Device,ResourceApplyGradientDescent,SGD/SGD/update_21/ResourceApplyGradientDescent,2,6.144,3.072,6.144,3.072,5.3568393489982405e-05,0.9987534188431607,0.0,0.0
155,Device,ResourceApplyGradientDescent,SGD/SGD/update_23/ResourceApplyGradientDescent,2,6.144,3.072,6.144,3.072,5.3568393489982405e-05,0.9988069872366507,0.0,0.0
156,Device,ResourceApplyGradientDescent,SGD/SGD/update_27/ResourceApplyGradientDescent,2,6.144,3.072,6.144,3.072,5.3568393489982405e-05,0.9988605556301408,0.0,0.0
157,Device,ResourceApplyGradientDescent,SGD/SGD/update_3/ResourceApplyGradientDescent,2,6.144,3.072,6.144,3.072,5.3568393489982405e-05,0.9989141240236308,0.0,0.0
158,Device,ResourceApplyGradientDescent,SGD/SGD/update_31/ResourceApplyGradientDescent,2,6.144,3.072,6.144,3.072,5.3568393489982405e-05,0.9989676924171208,0.0,0.0
159,Device,ResourceApplyGradientDescent,SGD/SGD/update_37/ResourceApplyGradientDescent,2,6.144,3.072,6.144,3.072,5.3568393489982405e-05,0.9990212608106108,0.0,0.0
160,Device,ResourceApplyGradientDescent,SGD/SGD/update_5/ResourceApplyGradientDescent,2,6.144,3.072,6.144,3.072,5.3568393489982405e-05,0.9990748292041008,0.0,0.0
161,Device,ResourceApplyGradientDescent,SGD/SGD/update_7/ResourceApplyGradientDescent,2,6.144,3.072,6.144,3.072,5.3568393489982405e-05,0.9991283975975909,0.0,0.0
162,Device,DivNoNan,div_no_nan,2,6.144,3.072,6.144,3.072,5.3568393489982405e-05,0.9991819659910809,0.0,0.0
163,Device,Mul,gradient_tape/categorical_crossentropy/softmax_cross_entropy_with_logits/mul,2,6.144,3.072,6.144,3.072,5.3568393489982405e-05,0.9992355343845709,0.0,0.0
164,Device,Tile,gradient_tape/categorical_crossentropy/weighted_loss/Tile_1,2,6.144,3.072,6.144,3.072,5.3568393489982405e-05,0.9992891027780609,0.0,0.0
165,Device,DivNoNan,gradient_tape/categorical_crossentropy/weighted_loss/value/div_no_nan,2,6.144,3.072,6.144,3.072,5.3568393489982405e-05,0.999342671171551,0.0,0.0
166,Device,BiasAddGrad,gradient_tape/sequential/dense_2/BiasAdd/BiasAddGrad,2,6.144,3.072,6.144,3.072,5.3568393489982405e-05,0.999396239565041,0.0,0.0
167,Device,Relu,sequential/dense/Relu,2,6.144,3.072,6.144,3.072,5.3568393489982405e-05,0.999449807958531,0.0,0.0
168,Device,BiasAdd,sequential/dense_2/BiasAdd,2,6.144,3.072,6.144,3.072,5.3568393489982405e-05,0.999503376352021,0.0,0.0
169,Device,_Recv,categorical_crossentropy/weighted_loss/num_elements/_14,2,5.28,2.64,5.28,2.64,4.6035338155453626e-05,0.9995494116901765,0.0,0.0
170,Device,AssignAddVariableOp,AssignAddVariableOp_3,2,5.12,2.56,5.12,2.56,4.464032790831867e-05,0.9995940520180848,0.0,0.0
171,Device,Cast,Cast,2,5.12,2.56,5.12,2.56,4.464032790831867e-05,0.9996386923459931,0.0,0.0
172,Device,Mul,Mul,2,5.12,2.56,5.12,2.56,4.464032790831867e-05,0.9996833326739014,0.0,0.0
173,Device,DivNoNan,categorical_crossentropy/weighted_loss/value,2,5.12,2.56,5.12,2.56,4.464032790831867e-05,0.9997279730018097,0.0,0.0
174,Device,DivNoNan,div_no_nan_1,2,5.12,2.56,5.12,2.56,4.464032790831867e-05,0.999772613329718,0.0,0.0
175,Device,_Send,IteratorGetNext/_3,2,4.096,2.048,4.096,2.048,3.571226232665494e-05,0.9998083255920447,0.0,0.0
176,Device,Sum,Sum_2,2,4.096,2.048,4.096,2.048,3.571226232665494e-05,0.9998440378543714,0.0,0.0
177,Device,Sum,categorical_crossentropy/weighted_loss/Sum,2,4.096,2.048,4.096,2.048,3.571226232665494e-05,0.999879750116698,0.0,0.0
178,Device,Cast,categorical_crossentropy/weighted_loss/num_elements/Cast,2,4.096,2.048,4.096,2.048,3.571226232665494e-05,0.9999154623790247,0.0,0.0
179,Device,_Recv,Size/_16,2,3.552,1.776,3.552,1.776,3.0969227486396075e-05,0.9999464316065111,0.0,0.0
180,Device,LogicalAnd,LogicalAnd,1,3.072,3.072,3.072,3.072,2.6784196744991202e-05,0.999973215803256,0.0,0.0
181,Device,_Recv,strided_slice/_12,2,3.072,1.536,3.072,1.536,2.6784196744991202e-05,1.000000000000001,0.0,0.0
182,Host,IDLE,IDLE,0,426219.966,0.0,426219.966,0.0,0.0,0.0,0.9727013563114463,0.9727013563114463
183,Host,_Send,IteratorGetNext/_3,2,3189.806,1594.903,3189.806,1594.903,0.0,0.0,0.007279641664112913,0.9799809979755592
184,Host,_Send,IteratorGetNext/_1,2,3048.673,1524.3365,3048.673,1524.3365,0.0,0.0,0.006957553842163474,0.9869385518177226
185,Host,_Send,IteratorGetNext/_6,2,3000.752,1500.376,3000.752,1500.376,0.0,0.0,0.006848190542895132,0.9937867423606177
186,Host,GatherV2,GatherV2,2,1307.523,653.7615,1307.523,653.7615,0.0,0.0,0.00298397423153192,0.9967707165921497
187,Host,Dataset,Iterator::Root,2,1104.27,552.135,1058.218,529.109,0.0,0.0,0.002415020801426243,0.9991857373935759
188,Host,Dataset,Iterator::Root::ParallelMapV2::Zip[1]::ForeverRepeat,2,59.611,29.8055,55.401,27.7005,0.0,0.0,0.00012643384200591493,0.9993121712355818
189,Host,Dataset,Iterator::Root::ParallelMapV2,2,46.052,23.026,46.052,23.026,0.0,0.0,0.00010509794574206954,0.9994172691813239
190,Host,FlushSummaryWriter,FlushSummaryWriter,1,36.841,36.841,36.841,36.841,0.0,0.0,8.407698729878363e-05,0.9995013461686226
191,Host,GatherV2,GatherV2_1,2,35.88,17.94,35.88,17.94,0.0,0.0,8.188383334546719e-05,0.9995832300019681
192,Host,Dataset,Iterator::Root::ParallelMapV2::Zip[0]::FlatMap[1]::Concatenate,2,53.2,26.6,31.01,15.505,0.0,0.0,7.076972330108522e-05,0.9996539997252692
193,Host,LogicalAnd,LogicalAnd,1,31.01,31.01,31.01,31.01,0.0,0.0,7.076972330108522e-05,0.9997247694485704
194,Host,IteratorGetNext,IteratorGetNext,2,29.661,14.8305,29.661,14.8305,0.0,0.0,6.769109199721021e-05,0.9997924605405676
195,Host,Dataset,Iterator::Root::ParallelMapV2::Zip[0]::FlatMap[1]::Concatenate[0]::TensorSlice,2,22.19,11.095,22.19,11.095,0.0,0.0,5.0641088682717865e-05,0.9998431016292503
196,Host,WriteSummary,WriteSummary,1,21.08,21.08,21.08,21.08,0.0,0.0,4.8107893169521964e-05,0.9998912095224198
197,Host,_HostSend,categorical_crossentropy/softmax_cross_entropy_with_logits/Shape_2/_9,2,20.02,10.01,20.02,10.01,0.0,0.0,4.568880556232589e-05,0.9999368983279822
198,Host,Dataset,Iterator::Root::ParallelMapV2::Zip,2,125.271,62.6355,9.03,4.515,0.0,0.0,2.0607887823566574e-05,0.9999575062158057
199,Host,ReadVariableOp,ReadVariableOp,1,8.18,8.18,8.18,8.18,0.0,0.0,1.866805342156972e-05,0.9999761742692272
200,Host,Dataset,Iterator::Root::ParallelMapV2::Zip[1]::ForeverRepeat::FromTensor,4,4.21,1.0525,4.21,1.0525,0.0,0.0,9.607885685184416e-06,0.9999857821549124
201,Host,Dataset,Iterator::Root::ParallelMapV2::Zip[0]::FlatMap,2,56.63,28.315,3.43,1.715,0.0,0.0,7.827802351587303e-06,0.9999936099572639
202,Host,Identity,Identity,2,2.8,1.4,2.8,1.4,0.0,0.0,6.390042735989635e-06,0.9999999999999999
