Rank,Host/device,Type,Operation,#Occurrences,Total time (us),Avg. time (us),Total self-time (us),Avg. self-time (us),Total self-time on Device (%),Cumulative total-self time on Device (%),Total self-time on Host (%),Cumulative total-self time on Host (%)
1,Device,Conv2DBackpropFilter,gradient_tape/sequential/conv2d_1/Conv2D/Conv2DBackpropFilter,2,16086.08,8043.04,16086.08,8043.04,0.08405075340262783,0.08405075340262783,0.0,0.0
2,Device,Conv2DBackpropInput,gradient_tape/sequential/conv2d_1/Conv2D/Conv2DBackpropInput,2,12515.38,6257.69,12515.38,6257.69,0.06539362716834556,0.14944438057097337,0.0,0.0
3,Device,Conv2DBackpropFilter,gradient_tape/sequential/conv2d_3/Conv2D/Conv2DBackpropFilter,2,11820.08,5910.04,11820.08,5910.04,0.061760642075591635,0.211205022646565,0.0,0.0
4,Device,IDLE,IDLE,0,11579.983,0.0,11579.983,0.0,0.06050612054270663,0.27171114318927164,0.0,0.0
5,Device,_FusedConv2D,sequential/conv2d_1/Relu,2,9483.302,4741.651,9483.302,4741.651,0.049550833879021317,0.32126197706829296,0.0,0.0
6,Device,MaxPoolGrad,gradient_tape/sequential/max_pooling2d/MaxPool/MaxPoolGrad,2,8581.155,4290.5775,8581.155,4290.5775,0.04483706054021407,0.36609903760850704,0.0,0.0
7,Device,Conv2DBackpropFilter,gradient_tape/sequential/conv2d_5/Conv2D/Conv2DBackpropFilter,2,7793.696,3896.848,7793.696,3896.848,0.0407225390269753,0.40682157663548235,0.0,0.0
8,Device,_Send,IteratorGetNext/_1,2,7784.864,3892.432,7784.864,3892.432,0.040676391285943796,0.44749796792142615,0.0,0.0
9,Device,Conv2DBackpropFilter,gradient_tape/sequential/conv2d_2/Conv2D/Conv2DBackpropFilter,2,7224.348,3612.174,7224.348,3612.174,0.03774766084980104,0.4852456287712272,0.0,0.0
10,Device,ReluGrad,gradient_tape/sequential/conv2d_1/ReluGrad,2,7196.7,3598.35,7196.7,3598.35,0.03760319835613721,0.5228488271273644,0.0,0.0
11,Device,ReluGrad,gradient_tape/sequential/conv2d/ReluGrad,2,7185.437,3592.7185,7185.437,3592.7185,0.03754434849118728,0.5603931756185516,0.0,0.0
12,Device,Conv2DBackpropFilter,gradient_tape/sequential/conv2d/Conv2D/Conv2DBackpropFilter,2,6393.882,3196.941,6393.882,3196.941,0.033408425127035346,0.593801600745587,0.0,0.0
13,Device,_FusedConv2D,sequential/conv2d_3/Relu,2,6131.737,3065.8685,6131.737,3065.8685,0.03203870144353185,0.6258403021891188,0.0,0.0
14,Device,Conv2DBackpropInput,gradient_tape/sequential/conv2d_3/Conv2D/Conv2DBackpropInput,2,6127.641,3063.8205,6127.641,3063.8205,0.032017299592618696,0.6578576017817375,0.0,0.0
15,Device,_FusedConv2D,sequential/conv2d_5/Relu,2,4890.644,2445.322,4890.644,2445.322,0.02555391449153811,0.6834115162732756,0.0,0.0
16,Device,Conv2DBackpropInput,gradient_tape/sequential/conv2d_5/Conv2D/Conv2DBackpropInput,2,4888.596,2444.298,4888.596,2444.298,0.025543213566081528,0.7089547298393571,0.0,0.0
17,Device,Conv2DBackpropFilter,gradient_tape/sequential/conv2d_4/Conv2D/Conv2DBackpropFilter,4,4815.892,1203.973,4815.892,1203.973,0.02516333071237294,0.7341180605517301,0.0,0.0
18,Device,Conv2DBackpropInput,gradient_tape/sequential/conv2d_2/Conv2D/Conv2DBackpropInput,2,4779.028,2389.514,4779.028,2389.514,0.024970714054154502,0.7590887746058846,0.0,0.0
19,Device,_FusedConv2D,sequential/conv2d_2/Relu,2,3765.263,1882.6315,3765.263,1882.6315,0.01967372982784113,0.7787625044337257,0.0,0.0
20,Device,ReluGrad,gradient_tape/sequential/conv2d_3/ReluGrad,2,3564.559,1782.2795,3564.559,1782.2795,0.018625039133096294,0.7973875435668221,0.0,0.0
21,Device,ReluGrad,gradient_tape/sequential/conv2d_2/ReluGrad,2,3555.342,1777.671,3555.342,1777.671,0.018576879743480428,0.8159644233103025,0.0,0.0
22,Device,_FusedConv2D,sequential/conv2d_4/Relu,2,2763.786,1381.893,2763.786,1381.893,0.014440951154267238,0.8304053744645697,0.0,0.0
23,Device,MaxPool,sequential/max_pooling2d/MaxPool,2,2692.107,1346.0535,2692.107,1346.0535,0.014066423988348198,0.844471798452918,0.0,0.0
24,Device,_FusedConv2D,sequential/conv2d/Relu,2,2626.571,1313.2855,2626.571,1313.2855,0.013723994373737638,0.8581957928266556,0.0,0.0
25,Device,MaxPoolGrad,gradient_tape/sequential/max_pooling2d_1/MaxPool/MaxPoolGrad,2,2616.33,1308.165,2616.33,1308.165,0.01367048452139348,0.8718662773480491,0.0,0.0
26,Device,Conv2DBackpropInput,gradient_tape/sequential/conv2d_4/Conv2D/Conv2DBackpropInput,2,2524.17,1262.085,2524.17,1262.085,0.013188942875847383,0.8850552202238965,0.0,0.0
27,Device,BiasAddGrad,gradient_tape/sequential/conv2d/BiasAdd/BiasAddGrad,2,2108.424,1054.212,2108.424,1054.212,0.011016644558039135,0.8960718647819357,0.0,0.0
28,Device,BiasAddGrad,gradient_tape/sequential/conv2d_1/BiasAdd/BiasAddGrad,2,2106.376,1053.188,2106.376,1053.188,0.011005943632582555,0.9070778084145182,0.0,0.0
29,Device,ReluGrad,gradient_tape/sequential/conv2d_5/ReluGrad,2,1768.455,884.2275,1768.455,884.2275,0.009240285707185603,0.9163180941217038,0.0,0.0
30,Device,ReluGrad,gradient_tape/sequential/conv2d_4/ReluGrad,2,1764.358,882.179,1764.358,882.179,0.009218878631211184,0.925536972752915,0.0,0.0
31,Device,ResourceApplyGradientDescent,SGD/SGD/update_12/ResourceApplyGradientDescent,2,1708.038,854.019,1708.038,854.019,0.008924603181155236,0.9344615759340703,0.0,0.0
32,Device,MatMul,sequential/dense/MatMul,2,1692.679,846.3395,1692.679,846.3395,0.008844351465292145,0.9433059273993625,0.0,0.0
33,Device,MaxPool,sequential/max_pooling2d_1/MaxPool,2,1331.206,665.603,1331.206,665.603,0.0069556328971445225,0.950261560296507,0.0,0.0
34,Device,MatMul,gradient_tape/sequential/dense/MatMul/MatMul_1,2,1296.389,648.1945,1296.389,648.1945,0.006773711939321405,0.9570352722358284,0.0,0.0
35,Device,MaxPoolGrad,gradient_tape/sequential/max_pooling2d_2/MaxPool/MaxPoolGrad,2,1262.597,631.2985,1262.597,631.2985,0.006597146669287836,0.9636324189051162,0.0,0.0
36,Device,MatMul,gradient_tape/sequential/dense/MatMul/MatMul,2,1184.773,592.3865,1184.773,592.3865,0.006190511501937797,0.969822930407054,0.0,0.0
37,Device,BiasAddGrad,gradient_tape/sequential/conv2d_3/BiasAdd/BiasAddGrad,2,1058.82,529.41,1058.82,529.41,0.005532399361296872,0.9753553297683509,0.0,0.0
38,Device,BiasAddGrad,gradient_tape/sequential/conv2d_2/BiasAdd/BiasAddGrad,2,1057.797,528.8985,1057.797,528.8985,0.005527054123629841,0.9808823838919808,0.0,0.0
39,Device,MaxPool,sequential/max_pooling2d_2/MaxPool,2,677.891,338.9455,677.891,338.9455,0.0035420220013117412,0.9844244058932925,0.0,0.0
40,Device,BiasAddGrad,gradient_tape/sequential/conv2d_4/BiasAdd/BiasAddGrad,2,540.674,270.337,540.674,270.337,0.0028250547706596255,0.9872494606639521,0.0,0.0
41,Device,BiasAddGrad,gradient_tape/sequential/conv2d_5/BiasAdd/BiasAddGrad,2,539.65,269.825,539.65,269.825,0.002819704307931336,0.9900691649718835,0.0,0.0
42,Device,Transpose,gradient_tape/sequential/conv2d/Conv2D/Conv2DBackpropFilter-0-TransposeNHWCToNCHW-LayoutOptimizer,2,475.138,237.569,475.138,237.569,0.002482625156049067,0.9925517901279325,0.0,0.0
43,Device,Transpose,gradient_tape/sequential/max_pooling2d_2/MaxPool/MaxPoolGrad-2-TransposeNHWCToNCHW-LayoutOptimizer,2,284.674,142.337,284.674,142.337,0.0014874390885871306,0.9940392292165197,0.0,0.0
44,Device,Transpose,sequential/max_pooling2d_2/MaxPool-0-2-TransposeNCHWToNHWC-LayoutOptimizer,2,283.649,141.8245,283.649,141.8245,0.0014820834007975828,0.9955213126173172,0.0,0.0
45,Device,SoftmaxCrossEntropyWithLogits,categorical_crossentropy/softmax_cross_entropy_with_logits,2,141.312,70.656,141.312,70.656,0.0007383638565040174,0.9962596764738213,0.0,0.0
46,Device,MatMul,gradient_tape/sequential/dense_1/MatMul/MatMul_1,2,63.489,31.7445,63.489,31.7445,0.00033173391421523684,0.9965914103880366,0.0,0.0
47,Device,MatMul,gradient_tape/sequential/dense_1/MatMul/MatMul,2,54.272,27.136,54.272,27.136,0.00028357452459936897,0.9968749849126359,0.0,0.0
48,Device,MatMul,sequential/dense_1/MatMul,2,53.249,26.6245,53.249,26.6245,0.0002782292869323371,0.9971532141995683,0.0,0.0
49,Device,ResourceApplyGradientDescent,SGD/SGD/update_14/ResourceApplyGradientDescent,2,44.032,22.016,44.032,22.016,0.00023006989731646913,0.9973832840968847,0.0,0.0
50,Device,ArgMax,ArgMax,2,32.768,16.384,32.768,16.384,0.00017121480730527937,0.99755449890419,0.0,0.0
51,Device,MatMul,sequential/dense_2/MatMul,2,26.624,13.312,26.624,13.312,0.0001391120309355395,0.9976936109351255,0.0,0.0
52,Device,MatMul,gradient_tape/sequential/dense_2/MatMul/MatMul_1,2,22.528,11.264,22.528,11.264,0.00011771018002237957,0.9978113211151479,0.0,0.0
53,Device,ArgMax,ArgMax_1,2,20.48,10.24,20.48,10.24,0.00010700925456579961,0.9979183303697137,0.0,0.0
54,Device,Softmax,sequential/dense_2/Softmax,2,20.48,10.24,20.48,10.24,0.00010700925456579961,0.9980253396242794,0.0,0.0
55,Device,_Send,IteratorGetNext/_3,2,19.264,9.632,19.264,9.632,0.00010065558007595525,0.9981259952043554,0.0,0.0
56,Device,ReluGrad,gradient_tape/sequential/dense/ReluGrad,2,18.433,9.2165,18.433,9.2165,9.631355417047775e-05,0.9982223087585259,0.0,0.0
57,Device,MatMul,gradient_tape/sequential/dense_2/MatMul/MatMul,2,15.36,7.68,15.36,7.68,8.02569409243497e-05,0.9983025656994503,0.0,0.0
58,Device,BiasAddGrad,gradient_tape/sequential/dense/BiasAdd/BiasAddGrad,2,14.336,7.168,14.336,7.168,7.490647819605973e-05,0.9983774721776464,0.0,0.0
59,Device,ResourceApplyGradientDescent,SGD/SGD/update_10/ResourceApplyGradientDescent,2,12.288,6.144,12.288,6.144,6.420555273947977e-05,0.9984416777303858,0.0,0.0
60,Device,BiasAddGrad,gradient_tape/sequential/dense_1/BiasAdd/BiasAddGrad,2,11.264,5.632,11.264,5.632,5.8855090011189784e-05,0.9985005328203971,0.0,0.0
61,Device,ResourceApplyGradientDescent,SGD/SGD/update_8/ResourceApplyGradientDescent,2,10.24,5.12,10.24,5.12,5.3504627282899805e-05,0.99855403744768,0.0,0.0
62,Device,BiasAdd,sequential/dense/BiasAdd,2,9.216,4.608,9.216,4.608,4.815416455460982e-05,0.9986021916122346,0.0,0.0
63,Device,ResourceApplyGradientDescent,SGD/SGD/update_16/ResourceApplyGradientDescent,2,8.192,4.096,8.192,4.096,4.280370182631984e-05,0.9986449953140609,0.0,0.0
64,Device,ResourceApplyGradientDescent,SGD/SGD/update_4/ResourceApplyGradientDescent,2,8.192,4.096,8.192,4.096,4.280370182631984e-05,0.9986877990158872,0.0,0.0
65,Device,ResourceApplyGradientDescent,SGD/SGD/update_6/ResourceApplyGradientDescent,2,8.192,4.096,8.192,4.096,4.280370182631984e-05,0.9987306027177135,0.0,0.0
66,Device,ReluGrad,gradient_tape/sequential/dense_1/ReluGrad,2,8.192,4.096,8.192,4.096,4.280370182631984e-05,0.9987734064195398,0.0,0.0
67,Device,BiasAdd,sequential/dense_1/BiasAdd,2,8.192,4.096,8.192,4.096,4.280370182631984e-05,0.9988162101213661,0.0,0.0
68,Device,AssignAddVariableOp,SGD/SGD/AssignAddVariableOp,2,7.168,3.584,7.168,3.584,3.745323909802986e-05,0.9988536633604641,0.0,0.0
69,Device,ResourceApplyGradientDescent,SGD/SGD/update/ResourceApplyGradientDescent,2,7.168,3.584,7.168,3.584,3.745323909802986e-05,0.9988911165995621,0.0,0.0
70,Device,ResourceApplyGradientDescent,SGD/SGD/update_2/ResourceApplyGradientDescent,2,7.168,3.584,7.168,3.584,3.745323909802986e-05,0.9989285698386601,0.0,0.0
71,Device,ResourceApplyGradientDescent,SGD/SGD/update_7/ResourceApplyGradientDescent,2,7.168,3.584,7.168,3.584,3.745323909802986e-05,0.9989660230777581,0.0,0.0
72,Device,ResourceApplyGradientDescent,SGD/SGD/update_9/ResourceApplyGradientDescent,2,7.168,3.584,7.168,3.584,3.745323909802986e-05,0.999003476316856,0.0,0.0
73,Device,Relu,sequential/dense/Relu,2,7.168,3.584,7.168,3.584,3.745323909802986e-05,0.999040929555954,0.0,0.0
74,Device,Relu,sequential/dense_1/Relu,2,7.168,3.584,7.168,3.584,3.745323909802986e-05,0.999078382795052,0.0,0.0
75,Device,AssignAddVariableOp,AssignAddVariableOp,2,6.144,3.072,6.144,3.072,3.2102776369739885e-05,0.9991104855714218,0.0,0.0
76,Device,AssignAddVariableOp,AssignAddVariableOp_1,2,6.144,3.072,6.144,3.072,3.2102776369739885e-05,0.9991425883477916,0.0,0.0
77,Device,AssignAddVariableOp,AssignAddVariableOp_2,2,6.144,3.072,6.144,3.072,3.2102776369739885e-05,0.9991746911241614,0.0,0.0
78,Device,AssignAddVariableOp,AssignAddVariableOp_3,2,6.144,3.072,6.144,3.072,3.2102776369739885e-05,0.9992067939005311,0.0,0.0
79,Device,Cast,Cast,2,6.144,3.072,6.144,3.072,3.2102776369739885e-05,0.9992388966769009,0.0,0.0
80,Device,Equal,Equal,2,6.144,3.072,6.144,3.072,3.2102776369739885e-05,0.9992709994532707,0.0,0.0
81,Device,ResourceApplyGradientDescent,SGD/SGD/update_1/ResourceApplyGradientDescent,2,6.144,3.072,6.144,3.072,3.2102776369739885e-05,0.9993031022296405,0.0,0.0
82,Device,ResourceApplyGradientDescent,SGD/SGD/update_11/ResourceApplyGradientDescent,2,6.144,3.072,6.144,3.072,3.2102776369739885e-05,0.9993352050060103,0.0,0.0
83,Device,ResourceApplyGradientDescent,SGD/SGD/update_13/ResourceApplyGradientDescent,2,6.144,3.072,6.144,3.072,3.2102776369739885e-05,0.99936730778238,0.0,0.0
84,Device,ResourceApplyGradientDescent,SGD/SGD/update_15/ResourceApplyGradientDescent,2,6.144,3.072,6.144,3.072,3.2102776369739885e-05,0.9993994105587498,0.0,0.0
85,Device,ResourceApplyGradientDescent,SGD/SGD/update_3/ResourceApplyGradientDescent,2,6.144,3.072,6.144,3.072,3.2102776369739885e-05,0.9994315133351196,0.0,0.0
86,Device,ResourceApplyGradientDescent,SGD/SGD/update_5/ResourceApplyGradientDescent,2,6.144,3.072,6.144,3.072,3.2102776369739885e-05,0.9994636161114894,0.0,0.0
87,Device,Sum,categorical_crossentropy/weighted_loss/Sum,2,6.144,3.072,6.144,3.072,3.2102776369739885e-05,0.9994957188878592,0.0,0.0
88,Device,Cast,categorical_crossentropy/weighted_loss/num_elements/Cast,2,6.144,3.072,6.144,3.072,3.2102776369739885e-05,0.9995278216642289,0.0,0.0
89,Device,DivNoNan,categorical_crossentropy/weighted_loss/value,2,6.144,3.072,6.144,3.072,3.2102776369739885e-05,0.9995599244405987,0.0,0.0
90,Device,Tile,gradient_tape/categorical_crossentropy/weighted_loss/Tile_1,2,6.144,3.072,6.144,3.072,3.2102776369739885e-05,0.9995920272169685,0.0,0.0
91,Device,BiasAddGrad,gradient_tape/sequential/dense_2/BiasAdd/BiasAddGrad,2,6.144,3.072,6.144,3.072,3.2102776369739885e-05,0.9996241299933383,0.0,0.0
92,Device,BiasAdd,sequential/dense_2/BiasAdd,2,6.144,3.072,6.144,3.072,3.2102776369739885e-05,0.999656232769708,0.0,0.0
93,Device,_Recv,categorical_crossentropy/weighted_loss/num_elements/_14,2,5.984,2.992,5.984,2.992,3.1266766568444574e-05,0.9996874995362764,0.0,0.0
94,Device,AssignAddVariableOp,AssignAddVariableOp_4,2,5.12,2.56,5.12,2.56,2.6752313641449903e-05,0.9997142518499179,0.0,0.0
95,Device,Cast,Cast_1,2,5.12,2.56,5.12,2.56,2.6752313641449903e-05,0.9997410041635594,0.0,0.0
96,Device,Cast,Cast_2,2,5.12,2.56,5.12,2.56,2.6752313641449903e-05,0.9997677564772008,0.0,0.0
97,Device,ResourceApplyGradientDescent,SGD/SGD/update_17/ResourceApplyGradientDescent,2,5.12,2.56,5.12,2.56,2.6752313641449903e-05,0.9997945087908423,0.0,0.0
98,Device,Sum,Sum_2,2,5.12,2.56,5.12,2.56,2.6752313641449903e-05,0.9998212611044838,0.0,0.0
99,Device,DivNoNan,div_no_nan,2,5.12,2.56,5.12,2.56,2.6752313641449903e-05,0.9998480134181252,0.0,0.0
100,Device,DivNoNan,div_no_nan_1,2,5.12,2.56,5.12,2.56,2.6752313641449903e-05,0.9998747657317667,0.0,0.0
101,Device,Mul,gradient_tape/categorical_crossentropy/softmax_cross_entropy_with_logits/mul,2,5.12,2.56,5.12,2.56,2.6752313641449903e-05,0.9999015180454082,0.0,0.0
102,Device,DivNoNan,gradient_tape/categorical_crossentropy/weighted_loss/value/div_no_nan,2,5.12,2.56,5.12,2.56,2.6752313641449903e-05,0.9999282703590496,0.0,0.0
103,Device,Mul,Mul,2,4.096,2.048,4.096,2.048,2.140185091315992e-05,0.9999496722099628,0.0,0.0
104,Device,_Recv,Size/_16,2,3.488,1.744,3.488,1.744,1.8225013668237744e-05,0.999967897223631,0.0,0.0
105,Device,LogicalAnd,LogicalAnd,1,3.072,3.072,3.072,3.072,1.6051388184869942e-05,0.9999839486118158,0.0,0.0
106,Device,_Recv,strided_slice/_12,2,3.072,1.536,3.072,1.536,1.6051388184869942e-05,1.0000000000000007,0.0,0.0
107,Host,IDLE,IDLE,0,869258.676,0.0,869258.676,0.0,0.0,0.0,0.9373722998676736,0.9373722998676736
108,Host,GatherV2,GatherV2,2,31252.922,15626.461,31252.922,15626.461,0.0,0.0,0.03370184754155392,0.9710741474092275
109,Host,_Send,IteratorGetNext/_3,2,10715.999,5357.9995,10715.999,5357.9995,0.0,0.0,0.011555686362812548,0.98262983377204
110,Host,_Send,IteratorGetNext/_1,2,10599.068,5299.534,10599.068,5299.534,0.0,0.0,0.011429592849544205,0.9940594266215843
111,Host,_Send,IteratorGetNext/_6,2,4111.463,2055.7315,4111.463,2055.7315,0.0,0.0,0.004433630212200315,0.9984930568337846
112,Host,Dataset,Iterator::Root,2,1000.937,500.4685,962.017,481.0085,0.0,0.0,0.001037399007567455,0.9995304558413521
113,Host,GatherV2,GatherV2_1,2,110.152,55.076,110.152,55.076,0.0,0.0,0.00011878332241693263,0.999649239163769
114,Host,Dataset,Iterator::Root::ParallelMapV2::Zip[1]::ForeverRepeat,2,60.001,30.0005,55.531,27.7655,0.0,0.0,5.988231423065116e-05,0.9997091214779996
115,Host,FlushSummaryWriter,FlushSummaryWriter,1,53.331,53.331,53.331,53.331,0.0,0.0,5.750992599151568e-05,0.9997666314039911
116,Host,Dataset,Iterator::Root::ParallelMapV2,2,38.92,19.46,38.92,19.46,0.0,0.0,4.196970466688774e-05,0.999808601108658
117,Host,IteratorGetNext,IteratorGetNext,2,38.23,19.115,38.23,19.115,0.0,0.0,4.122563744643161e-05,0.9998498267461045
118,Host,LogicalAnd,LogicalAnd,1,31.65,31.65,31.65,31.65,0.0,0.0,3.413003989483548e-05,0.9998839567859993
119,Host,Dataset,Iterator::Root::ParallelMapV2::Zip[0]::FlatMap[1]::Concatenate[0]::TensorSlice,2,23.101,11.5505,23.101,11.5505,0.0,0.0,2.4911154869213095e-05,0.9999088679408685
120,Host,WriteSummary,WriteSummary,1,22.24,22.24,22.24,22.24,0.0,0.0,2.3982688381078707e-05,0.9999328506292496
121,Host,_HostSend,categorical_crossentropy/softmax_cross_entropy_with_logits/Shape_2/_9,2,18.48,9.24,18.48,9.24,0.0,0.0,1.9928061208738063e-05,0.9999527786904584
122,Host,Dataset,Iterator::Root::ParallelMapV2::Zip[0]::FlatMap[1]::Concatenate,2,36.941,18.4705,13.84,6.92,0.0,0.0,1.4924478740743225e-05,0.9999677031691991
123,Host,Dataset,Iterator::Root::ParallelMapV2::Zip,2,111.012,55.506,10.47,5.235,0.0,0.0,1.129041130170387e-05,0.9999789935805008
124,Host,ReadVariableOp,ReadVariableOp,1,8.48,8.48,8.48,8.48,0.0,0.0,9.144478303576774e-06,0.9999881380588044
125,Host,Dataset,Iterator::Root::ParallelMapV2::Zip[1]::ForeverRepeat::FromTensor,4,4.47,1.1175,4.47,1.1175,0.0,0.0,4.820261558607096e-06,0.999992958320363
126,Host,Dataset,Iterator::Root::ParallelMapV2::Zip[0]::FlatMap,2,40.541,20.2705,3.6,1.8,0.0,0.0,3.882089845858065e-06,0.9999968404102088
127,Host,Identity,Identity,2,2.93,1.465,2.93,1.465,0.0,0.0,3.159589791212258e-06,1.0
