Rank,Host/device,Type,Operation,#Occurrences,Total time (us),Avg. time (us),Total self-time (us),Avg. self-time (us),Total self-time on Device (%),Cumulative total-self time on Device (%),Total self-time on Host (%),Cumulative total-self time on Host (%)
1,Device,IDLE,IDLE,0,4953.757,0.0,4953.757,0.0,0.21856743330211584,0.21856743330211584,0.0,0.0
2,Device,Conv2DBackpropFilter,gradient_tape/sequential/conv2d_7/Conv2D/Conv2DBackpropFilter,2,996.357,498.1785,996.357,498.1785,0.04396081441673386,0.2625282477188497,0.0,0.0
3,Device,Conv2DBackpropFilter,gradient_tape/sequential/conv2d_1/Conv2D/Conv2DBackpropFilter,2,966.661,483.3305,966.661,483.3305,0.04265058089108057,0.3051788286099303,0.0,0.0
4,Device,ResourceApplyGradientDescent,SGD/SGD/update_22/ResourceApplyGradientDescent,2,839.684,419.842,839.684,419.842,0.03704815893570352,0.3422269875456338,0.0,0.0
5,Device,_FusedConv2D,sequential/conv2d_7/Relu,4,660.484,165.121,660.484,165.121,0.029141577315381983,0.37136856486101577,0.0,0.0
6,Device,Conv2DBackpropFilter,gradient_tape/sequential/conv2d_8/Conv2D/Conv2DBackpropFilter,2,650.243,325.1215,650.243,325.1215,0.028689728529814388,0.40005829339083016,0.0,0.0
7,Device,Conv2DBackpropFilter,gradient_tape/sequential/conv2d_9/Conv2D/Conv2DBackpropFilter,2,621.571,310.7855,621.571,310.7855,0.027424675470562942,0.4274829688613931,0.0,0.0
8,Device,Conv2DBackpropInput,gradient_tape/sequential/conv2d_7/Conv2D/Conv2DBackpropInput,4,582.66,145.665,582.66,145.665,0.02570786186884234,0.4531908307302354,0.0,0.0
9,Device,Conv2DBackpropFilter,gradient_tape/sequential/conv2d_3/Conv2D/Conv2DBackpropFilter,2,540.676,270.338,540.676,270.338,0.02385546274636701,0.47704629347660243,0.0,0.0
10,Device,_FusedConv2D,sequential/conv2d_8/Relu,4,506.883,126.72075,506.883,126.72075,0.022364463233557154,0.4994107567101596,0.0,0.0
11,Device,_FusedConv2D,sequential/conv2d_9/Relu,4,503.811,125.95275,503.811,125.95275,0.022228921834351642,0.5216396785445112,0.0,0.0
12,Device,Conv2DBackpropInput,gradient_tape/sequential/conv2d_9/Conv2D/Conv2DBackpropInput,4,436.226,109.0565,436.226,109.0565,0.01924696693028116,0.5408866454747924,0.0,0.0
13,Device,Conv2DBackpropInput,gradient_tape/sequential/conv2d_8/Conv2D/Conv2DBackpropInput,4,433.155,108.28875,433.155,108.28875,0.019111469652624863,0.5599981151274173,0.0,0.0
14,Device,MatMul,gradient_tape/sequential/dense_1/MatMul/MatMul_1,2,409.602,204.801,409.602,204.801,0.018072274803833385,0.5780703899312506,0.0,0.0
15,Device,Conv2DBackpropFilter,gradient_tape/sequential/conv2d_5/Conv2D/Conv2DBackpropFilter,2,380.93,190.465,380.93,190.465,0.01680722174458194,0.5948776116758325,0.0,0.0
16,Device,_FusedConv2D,sequential/conv2d_6/Relu,2,379.906,189.953,379.906,189.953,0.016762041278180102,0.6116396529540127,0.0,0.0
17,Device,Conv2DBackpropInput,gradient_tape/sequential/conv2d_1/Conv2D/Conv2DBackpropInput,2,377.858,188.929,377.858,188.929,0.016671680345376427,0.6283113332993892,0.0,0.0
18,Device,_FusedConv2D,sequential/conv2d_1/Relu,2,376.833,188.4165,376.833,188.4165,0.01662645575742537,0.6449377890568145,0.0,0.0
19,Device,Conv2DBackpropFilter,gradient_tape/sequential/conv2d_6/Conv2D/Conv2DBackpropFilter,2,361.474,180.737,361.474,180.737,0.015948792882947028,0.6608865819397616,0.0,0.0
20,Device,_FusedConv2D,sequential/conv2d_5/Relu,2,360.45,180.225,360.45,180.225,0.01590361241654519,0.6767901943563067,0.0,0.0
21,Device,Conv2DBackpropInput,gradient_tape/sequential/conv2d_5/Conv2D/Conv2DBackpropInput,2,354.306,177.153,354.306,177.153,0.015632529618134168,0.6924227239744409,0.0,0.0
22,Device,Conv2DBackpropInput,gradient_tape/sequential/conv2d_6/Conv2D/Conv2DBackpropInput,4,353.281,88.32025,353.281,88.32025,0.01558730503018311,0.7080100290046241,0.0,0.0
23,Device,_FusedConv2D,sequential/conv2d_3/Relu,2,349.186,174.593,349.186,174.593,0.01540662728612498,0.723416656290749,0.0,0.0
24,Device,Conv2DBackpropInput,gradient_tape/sequential/conv2d_3/Conv2D/Conv2DBackpropInput,2,347.138,173.569,347.138,173.569,0.015316266353321306,0.7387329226440703,0.0,0.0
25,Device,Conv2DBackpropFilter,gradient_tape/sequential/conv2d_2/Conv2D/Conv2DBackpropFilter,4,339.97,84.9925,339.97,84.9925,0.015000003088508447,0.7537329257325788,0.0,0.0
26,Device,MatMul,gradient_tape/sequential/dense_1/MatMul/MatMul,2,333.826,166.913,333.826,166.913,0.014728920290097421,0.7684618460226762,0.0,0.0
27,Device,MatMul,sequential/dense_1/MatMul,2,319.49,159.745,319.49,159.745,0.014096393760471698,0.7825582397831479,0.0,0.0
28,Device,Conv2DBackpropFilter,gradient_tape/sequential/conv2d_4/Conv2D/Conv2DBackpropFilter,2,235.522,117.761,235.522,117.761,0.010391595515521034,0.7929498352986689,0.0,0.0
29,Device,_FusedConv2D,sequential/conv2d_4/Relu,2,234.497,117.2485,234.497,117.2485,0.010346370927569976,0.8032962062262389,0.0,0.0
30,Device,ReluGrad,gradient_tape/sequential/conv2d_1/ReluGrad,2,218.113,109.0565,218.113,109.0565,0.00962348346514058,0.8129196896913794,0.0,0.0
31,Device,Conv2DBackpropInput,gradient_tape/sequential/conv2d_4/Conv2D/Conv2DBackpropInput,2,217.088,108.544,217.088,108.544,0.00957825887718952,0.822497948568569,0.0,0.0
32,Device,Conv2DBackpropInput,gradient_tape/sequential/conv2d_2/Conv2D/Conv2DBackpropInput,2,207.874,103.937,207.874,103.937,0.009171722922671426,0.8316696714912404,0.0,0.0
33,Device,ReluGrad,gradient_tape/sequential/conv2d/ReluGrad,2,203.776,101.888,203.776,101.888,0.008990912813965635,0.840660584305206,0.0,0.0
34,Device,_FusedConv2D,sequential/conv2d_2/Relu,2,202.753,101.3765,202.753,101.3765,0.008945776469113018,0.849606360774319,0.0,0.0
35,Device,Conv2DBackpropFilter,gradient_tape/sequential/conv2d/Conv2D/Conv2DBackpropFilter,2,185.345,92.6725,185.345,92.6725,0.008177708540281783,0.8577840693146007,0.0,0.0
36,Device,MaxPoolGrad,gradient_tape/sequential/max_pooling2d_3/MaxPool/MaxPoolGrad,2,168.961,84.4805,168.961,84.4805,0.0074548210778523855,0.865238890392453,0.0,0.0
37,Device,MaxPoolGrad,gradient_tape/sequential/max_pooling2d_4/MaxPool/MaxPoolGrad,2,160.768,80.384,160.768,80.384,0.0070933332250884655,0.8723322236175415,0.0,0.0
38,Device,MaxPoolGrad,gradient_tape/sequential/max_pooling2d/MaxPool/MaxPoolGrad,2,155.648,77.824,155.648,77.824,0.006867430893079279,0.8791996545106208,0.0,0.0
39,Device,ResourceApplyGradientDescent,SGD/SGD/update_14/ResourceApplyGradientDescent,2,125.952,62.976,125.952,62.976,0.005557197367425996,0.8847568518780468,0.0,0.0
40,Device,_FusedConv2D,sequential/conv2d/Relu,2,122.88,61.44,122.88,61.44,0.005421655968220483,0.8901785078462673,0.0,0.0
41,Device,_Send,IteratorGetNext/_1,2,122.337,61.1685,122.337,61.1685,0.005397697966993728,0.895576205813261,0.0,0.0
42,Device,ResourceApplyGradientDescent,SGD/SGD/update_18/ResourceApplyGradientDescent,2,115.714,57.857,115.714,57.857,0.005105480946506063,0.9006816867597671,0.0,0.0
43,Device,ResourceApplyGradientDescent,SGD/SGD/update_16/ResourceApplyGradientDescent,2,115.712,57.856,115.712,57.856,0.005105392703407622,0.9057870794631747,0.0,0.0
44,Device,ReluGrad,gradient_tape/sequential/conv2d_3/ReluGrad,2,104.448,52.224,104.448,52.224,0.00460840757298741,0.9103954870361621,0.0,0.0
45,Device,ResourceApplyGradientDescent,SGD/SGD/update_20/ResourceApplyGradientDescent,2,101.376,50.688,101.376,50.688,0.004472866173781899,0.9148683532099441,0.0,0.0
46,Device,ReluGrad,gradient_tape/sequential/conv2d_2/ReluGrad,2,101.376,50.688,101.376,50.688,0.004472866173781899,0.919341219383726,0.0,0.0
47,Device,MaxPoolGrad,gradient_tape/sequential/max_pooling2d_2/MaxPool/MaxPoolGrad,2,100.353,50.1765,100.353,50.1765,0.004427729828929282,0.9237689492126553,0.0,0.0
48,Device,SoftmaxCrossEntropyWithLogits,categorical_crossentropy/softmax_cross_entropy_with_logits,2,96.256,48.128,96.256,48.128,0.004246963841772712,0.928015913054428,0.0,0.0
49,Device,MaxPool,sequential/max_pooling2d/MaxPool,2,91.136,45.568,91.136,45.568,0.004021061509763525,0.9320369745641915,0.0,0.0
50,Device,MaxPoolGrad,gradient_tape/sequential/max_pooling2d_1/MaxPool/MaxPoolGrad,2,87.04,43.52,87.04,43.52,0.0038403396441561762,0.9358773142083477,0.0,0.0
51,Device,BiasAddGrad,gradient_tape/sequential/conv2d_1/BiasAdd/BiasAddGrad,2,86.017,43.0085,86.017,43.0085,0.003795203299303559,0.9396725175076514,0.0,0.0
52,Device,BiasAddGrad,gradient_tape/sequential/conv2d/BiasAdd/BiasAddGrad,2,77.824,38.912,77.824,38.912,0.0034337154465396394,0.9431062329541909,0.0,0.0
53,Device,MatMul,gradient_tape/sequential/dense/MatMul/MatMul,2,67.585,33.7925,67.585,33.7925,0.002981954904070486,0.9460881878582614,0.0,0.0
54,Device,ResourceApplyGradientDescent,SGD/SGD/update_12/ResourceApplyGradientDescent,2,63.489,31.7445,63.489,31.7445,0.002801233038463137,0.9488894208967246,0.0,0.0
55,Device,BiasAddGrad,gradient_tape/sequential/conv2d_3/BiasAdd/BiasAddGrad,2,62.464,31.232,62.464,31.232,0.002756008450512079,0.9516454293472366,0.0,0.0
56,Device,MatMul,gradient_tape/sequential/dense/MatMul/MatMul_1,2,61.44,30.72,61.44,30.72,0.0027108279841102415,0.9543562573313469,0.0,0.0
57,Device,BiasAddGrad,gradient_tape/sequential/conv2d_2/BiasAdd/BiasAddGrad,2,60.416,30.208,60.416,30.208,0.002665647517708404,0.9570219048490552,0.0,0.0
58,Device,ReluGrad,gradient_tape/sequential/conv2d_4/ReluGrad,2,55.296,27.648,55.296,27.648,0.0024397451856992174,0.9594616500347545,0.0,0.0
59,Device,MatMul,sequential/dense/MatMul,2,50.176,25.088,50.176,25.088,0.0022138428536900307,0.9616754928884446,0.0,0.0
60,Device,MaxPool,sequential/max_pooling2d_1/MaxPool,2,49.152,24.576,49.152,24.576,0.0021686623872881933,0.9638441552757328,0.0,0.0
61,Device,BiasAddGrad,gradient_tape/sequential/conv2d_5/BiasAdd/BiasAddGrad,2,36.864,18.432,36.864,18.432,0.0016264967904661449,0.9654706520661989,0.0,0.0
62,Device,ReluGrad,gradient_tape/sequential/conv2d_5/ReluGrad,2,36.864,18.432,36.864,18.432,0.0016264967904661449,0.967097148856665,0.0,0.0
63,Device,ResourceApplyGradientDescent,SGD/SGD/update_10/ResourceApplyGradientDescent,2,33.792,16.896,33.792,16.896,0.001490955391260633,0.9685881042479256,0.0,0.0
64,Device,ReluGrad,gradient_tape/sequential/conv2d_6/ReluGrad,2,30.72,15.36,30.72,15.36,0.0013554139920551208,0.9699435182399807,0.0,0.0
65,Device,BiasAddGrad,gradient_tape/sequential/conv2d_6/BiasAdd/BiasAddGrad,2,28.672,14.336,28.672,14.336,0.0012650530592514461,0.9712085712992321,0.0,0.0
66,Device,BiasAddGrad,gradient_tape/sequential/conv2d_4/BiasAdd/BiasAddGrad,2,27.649,13.8245,27.649,13.8245,0.0012199167143988293,0.9724284880136309,0.0,0.0
67,Device,BiasAddGrad,gradient_tape/sequential/conv2d_7/BiasAdd/BiasAddGrad,2,26.624,13.312,26.624,13.312,0.0011746921264477713,0.9736031801400786,0.0,0.0
68,Device,BiasAddGrad,gradient_tape/sequential/conv2d_9/BiasAdd/BiasAddGrad,2,26.624,13.312,26.624,13.312,0.0011746921264477713,0.9747778722665263,0.0,0.0
69,Device,BiasAddGrad,gradient_tape/sequential/conv2d_8/BiasAdd/BiasAddGrad,2,25.6,12.8,25.6,12.8,0.001129511660045934,0.9759073839265723,0.0,0.0
70,Device,MatMul,sequential/dense_2/MatMul,2,23.552,11.776,23.552,11.776,0.0010391507272422592,0.9769465346538145,0.0,0.0
71,Device,ResourceApplyGradientDescent,SGD/SGD/update_8/ResourceApplyGradientDescent,2,20.48,10.24,20.48,10.24,0.0009036093280367473,0.9778501439818513,0.0,0.0
72,Device,ReluGrad,gradient_tape/sequential/dense/ReluGrad,2,19.456,9.728,19.456,9.728,0.0008584288616349099,0.9787085728434862,0.0,0.0
73,Device,Softmax,sequential/dense_2/Softmax,2,19.456,9.728,19.456,9.728,0.0008584288616349099,0.9795670017051211,0.0,0.0
74,Device,Transpose,gradient_tape/sequential/conv2d/Conv2D/Conv2DBackpropFilter-0-TransposeNHWCToNCHW-LayoutOptimizer,2,15.36,7.68,15.36,7.68,0.0006777069960275604,0.9802447087011487,0.0,0.0
75,Device,BiasAddGrad,gradient_tape/sequential/dense/BiasAdd/BiasAddGrad,2,15.36,7.68,15.36,7.68,0.0006777069960275604,0.9809224156971762,0.0,0.0
76,Device,MaxPool,sequential/max_pooling2d_2/MaxPool,2,15.36,7.68,15.36,7.68,0.0006777069960275604,0.9816001226932037,0.0,0.0
77,Device,BiasAddGrad,gradient_tape/sequential/dense_1/BiasAdd/BiasAddGrad,2,14.336,7.168,14.336,7.168,0.0006325265296257231,0.9822326492228295,0.0,0.0
78,Device,MatMul,gradient_tape/sequential/dense_2/MatMul/MatMul_1,2,13.312,6.656,13.312,6.656,0.0005873460632238856,0.9828199952860533,0.0,0.0
79,Device,ResourceApplyGradientDescent,SGD/SGD/update_6/ResourceApplyGradientDescent,2,12.288,6.144,12.288,6.144,0.0005421655968220483,0.9833621608828754,0.0,0.0
80,Device,ReluGrad,gradient_tape/sequential/conv2d_8/ReluGrad,2,12.288,6.144,12.288,6.144,0.0005421655968220483,0.9839043264796975,0.0,0.0
81,Device,ReluGrad,gradient_tape/sequential/dense_1/ReluGrad,2,11.264,5.632,11.264,5.632,0.0004969851304202109,0.9844013116101177,0.0,0.0
82,Device,MatMul,gradient_tape/sequential/dense_2/MatMul/MatMul,2,11.264,5.632,11.264,5.632,0.0004969851304202109,0.9848982967405379,0.0,0.0
83,Device,ResourceApplyGradientDescent,SGD/SGD/update_4/ResourceApplyGradientDescent,2,10.241,5.1205,10.241,5.1205,0.00045184878556759413,0.9853501455261054,0.0,0.0
84,Device,ReluGrad,gradient_tape/sequential/conv2d_7/ReluGrad,2,10.24,5.12,10.24,5.12,0.00045180466401837364,0.9858019501901238,0.0,0.0
85,Device,MaxPool,sequential/max_pooling2d_3/MaxPool,2,10.24,5.12,10.24,5.12,0.00045180466401837364,0.9862537548541422,0.0,0.0
86,Device,BiasAdd,sequential/dense/BiasAdd,2,9.216,4.608,9.216,4.608,0.0004066241976165362,0.9866603790517587,0.0,0.0
87,Device,MaxPool,sequential/max_pooling2d_4/MaxPool,2,9.216,4.608,9.216,4.608,0.0004066241976165362,0.9870670032493752,0.0,0.0
88,Device,ArgMax,ArgMax_1,2,8.193,4.0965,8.193,4.0965,0.00036148785276391945,0.9874284911021391,0.0,0.0
89,Device,ResourceApplyGradientDescent,SGD/SGD/update_2/ResourceApplyGradientDescent,2,8.192,4.096,8.192,4.096,0.0003614437312146989,0.9877899348333539,0.0,0.0
90,Device,ResourceApplyGradientDescent,SGD/SGD/update_9/ResourceApplyGradientDescent,2,8.192,4.096,8.192,4.096,0.0003614437312146989,0.9881513785645686,0.0,0.0
91,Device,Relu,sequential/dense/Relu,2,8.192,4.096,8.192,4.096,0.0003614437312146989,0.9885128222957833,0.0,0.0
92,Device,BiasAdd,sequential/dense_1/BiasAdd,2,8.192,4.096,8.192,4.096,0.0003614437312146989,0.988874266026998,0.0,0.0
93,Device,ResourceApplyGradientDescent,SGD/SGD/update_3/ResourceApplyGradientDescent,2,7.169,3.5845,7.169,3.5845,0.0003163073863620821,0.9891905734133601,0.0,0.0
94,Device,ArgMax,ArgMax,2,7.168,3.584,7.168,3.584,0.00031626326481286153,0.989506836678173,0.0,0.0
95,Device,ResourceApplyGradientDescent,SGD/SGD/update/ResourceApplyGradientDescent,2,7.168,3.584,7.168,3.584,0.00031626326481286153,0.9898230999429858,0.0,0.0
96,Device,ResourceApplyGradientDescent,SGD/SGD/update_13/ResourceApplyGradientDescent,2,7.168,3.584,7.168,3.584,0.00031626326481286153,0.9901393632077986,0.0,0.0
97,Device,ResourceApplyGradientDescent,SGD/SGD/update_23/ResourceApplyGradientDescent,2,7.168,3.584,7.168,3.584,0.00031626326481286153,0.9904556264726114,0.0,0.0
98,Device,ResourceApplyGradientDescent,SGD/SGD/update_24/ResourceApplyGradientDescent,2,7.168,3.584,7.168,3.584,0.00031626326481286153,0.9907718897374242,0.0,0.0
99,Device,ResourceApplyGradientDescent,SGD/SGD/update_7/ResourceApplyGradientDescent,2,7.168,3.584,7.168,3.584,0.00031626326481286153,0.9910881530022371,0.0,0.0
100,Device,Relu,sequential/dense_1/Relu,2,7.168,3.584,7.168,3.584,0.00031626326481286153,0.9914044162670499,0.0,0.0
101,Device,AssignAddVariableOp,AssignAddVariableOp_3,2,6.144,3.072,6.144,3.072,0.00027108279841102416,0.9916754990654609,0.0,0.0
102,Device,Cast,Cast,2,6.144,3.072,6.144,3.072,0.00027108279841102416,0.991946581863872,0.0,0.0
103,Device,Equal,Equal,2,6.144,3.072,6.144,3.072,0.00027108279841102416,0.992217664662283,0.0,0.0
104,Device,AssignAddVariableOp,SGD/SGD/AssignAddVariableOp,2,6.144,3.072,6.144,3.072,0.00027108279841102416,0.992488747460694,0.0,0.0
105,Device,ResourceApplyGradientDescent,SGD/SGD/update_1/ResourceApplyGradientDescent,2,6.144,3.072,6.144,3.072,0.00027108279841102416,0.9927598302591051,0.0,0.0
106,Device,ResourceApplyGradientDescent,SGD/SGD/update_11/ResourceApplyGradientDescent,2,6.144,3.072,6.144,3.072,0.00027108279841102416,0.9930309130575161,0.0,0.0
107,Device,ResourceApplyGradientDescent,SGD/SGD/update_15/ResourceApplyGradientDescent,2,6.144,3.072,6.144,3.072,0.00027108279841102416,0.9933019958559272,0.0,0.0
108,Device,ResourceApplyGradientDescent,SGD/SGD/update_17/ResourceApplyGradientDescent,2,6.144,3.072,6.144,3.072,0.00027108279841102416,0.9935730786543382,0.0,0.0
109,Device,ResourceApplyGradientDescent,SGD/SGD/update_19/ResourceApplyGradientDescent,2,6.144,3.072,6.144,3.072,0.00027108279841102416,0.9938441614527492,0.0,0.0
110,Device,ResourceApplyGradientDescent,SGD/SGD/update_21/ResourceApplyGradientDescent,2,6.144,3.072,6.144,3.072,0.00027108279841102416,0.9941152442511603,0.0,0.0
111,Device,ResourceApplyGradientDescent,SGD/SGD/update_25/ResourceApplyGradientDescent,2,6.144,3.072,6.144,3.072,0.00027108279841102416,0.9943863270495713,0.0,0.0
112,Device,ResourceApplyGradientDescent,SGD/SGD/update_5/ResourceApplyGradientDescent,2,6.144,3.072,6.144,3.072,0.00027108279841102416,0.9946574098479823,0.0,0.0
113,Device,Sum,Sum_2,2,6.144,3.072,6.144,3.072,0.00027108279841102416,0.9949284926463934,0.0,0.0
114,Device,Sum,categorical_crossentropy/weighted_loss/Sum,2,6.144,3.072,6.144,3.072,0.00027108279841102416,0.9951995754448044,0.0,0.0
115,Device,DivNoNan,div_no_nan,2,6.144,3.072,6.144,3.072,0.00027108279841102416,0.9954706582432155,0.0,0.0
116,Device,DivNoNan,div_no_nan_1,2,6.144,3.072,6.144,3.072,0.00027108279841102416,0.9957417410416265,0.0,0.0
117,Device,Tile,gradient_tape/categorical_crossentropy/weighted_loss/Tile_1,2,6.144,3.072,6.144,3.072,0.00027108279841102416,0.9960128238400375,0.0,0.0
118,Device,ReluGrad,gradient_tape/sequential/conv2d_9/ReluGrad,2,6.144,3.072,6.144,3.072,0.00027108279841102416,0.9962839066384486,0.0,0.0
119,Device,BiasAddGrad,gradient_tape/sequential/dense_2/BiasAdd/BiasAddGrad,2,6.144,3.072,6.144,3.072,0.00027108279841102416,0.9965549894368596,0.0,0.0
120,Device,BiasAdd,sequential/dense_2/BiasAdd,2,6.144,3.072,6.144,3.072,0.00027108279841102416,0.9968260722352706,0.0,0.0
121,Device,AssignAddVariableOp,AssignAddVariableOp,2,5.12,2.56,5.12,2.56,0.00022590233200918682,0.9970519745672798,0.0,0.0
122,Device,AssignAddVariableOp,AssignAddVariableOp_1,2,5.12,2.56,5.12,2.56,0.00022590233200918682,0.9972778768992889,0.0,0.0
123,Device,AssignAddVariableOp,AssignAddVariableOp_4,2,5.12,2.56,5.12,2.56,0.00022590233200918682,0.9975037792312981,0.0,0.0
124,Device,Cast,Cast_1,2,5.12,2.56,5.12,2.56,0.00022590233200918682,0.9977296815633072,0.0,0.0
125,Device,Cast,Cast_2,2,5.12,2.56,5.12,2.56,0.00022590233200918682,0.9979555838953164,0.0,0.0
126,Device,Mul,Mul,2,5.12,2.56,5.12,2.56,0.00022590233200918682,0.9981814862273255,0.0,0.0
127,Device,Mul,gradient_tape/categorical_crossentropy/softmax_cross_entropy_with_logits/mul,2,5.12,2.56,5.12,2.56,0.00022590233200918682,0.9984073885593346,0.0,0.0
128,Device,DivNoNan,gradient_tape/categorical_crossentropy/weighted_loss/value/div_no_nan,2,5.12,2.56,5.12,2.56,0.00022590233200918682,0.9986332908913438,0.0,0.0
129,Device,_Recv,strided_slice/_12,2,5.12,2.56,5.12,2.56,0.00022590233200918682,0.9988591932233529,0.0,0.0
130,Device,_Recv,categorical_crossentropy/weighted_loss/num_elements/_14,2,4.896,2.448,4.896,2.448,0.0002160191049837849,0.9990752123283367,0.0,0.0
131,Device,AssignAddVariableOp,AssignAddVariableOp_2,2,4.096,2.048,4.096,2.048,0.00018072186560734945,0.9992559341939441,0.0,0.0
132,Device,Cast,categorical_crossentropy/weighted_loss/num_elements/Cast,2,4.096,2.048,4.096,2.048,0.00018072186560734945,0.9994366560595515,0.0,0.0
133,Device,DivNoNan,categorical_crossentropy/weighted_loss/value,2,4.096,2.048,4.096,2.048,0.00018072186560734945,0.9996173779251588,0.0,0.0
134,Device,_Recv,Size/_16,2,3.552,1.776,3.552,1.776,0.00015671974283137336,0.9997740976679902,0.0,0.0
135,Device,LogicalAnd,LogicalAnd,1,3.072,3.072,3.072,3.072,0.00013554139920551208,0.9999096390671957,0.0,0.0
136,Device,_Send,IteratorGetNext/_3,2,2.048,1.024,2.048,1.024,9.036093280367472e-05,0.9999999999999993,0.0,0.0
137,Host,IDLE,IDLE,0,107895.638,0.0,107895.638,0.0,0.0,0.0,0.979791443096357,0.979791443096357
138,Host,_Send,IteratorGetNext/_3,2,802.124,401.062,802.124,401.062,0.0,0.0,0.007284022283664723,0.9870754653800218
139,Host,_Send,IteratorGetNext/_1,2,531.868,265.934,531.868,265.934,0.0,0.0,0.004829849703996127,0.9919053150840179
140,Host,GatherV2,GatherV2,2,219.384,109.692,219.384,109.692,0.0,0.0,0.001992208118295303,0.9938975232023132
141,Host,_Send,IteratorGetNext/_6,2,204.333,102.1665,204.333,102.1665,0.0,0.0,0.0018555312212177467,0.9957530544235309
142,Host,Dataset,Iterator::Root::ParallelMapV2::Zip[0]::FlatMap,2,142.234,71.117,62.222,31.111,0.0,0.0,0.0005650328808690258,0.9963180873044
143,Host,Dataset,Iterator::Root::ParallelMapV2::Zip[1]::ForeverRepeat,2,64.351,32.1755,59.301,29.6505,0.0,0.0,0.0005385075193406528,0.9968565948237407
144,Host,Dataset,Iterator::Root::ParallelMapV2::Zip[0]::FlatMap[1]::Concatenate,2,80.012,40.006,55.562,27.781,0.0,0.0,0.0005045539668741732,0.9973611487906149
145,Host,Dataset,Iterator::Root::ParallelMapV2,2,47.611,23.8055,47.611,23.8055,0.0,0.0,0.00043235158771905727,0.9977935003783339
146,Host,WriteSummary,WriteSummary,1,41.79,41.79,41.79,41.79,0.0,0.0,0.0003794915639406735,0.9981729919422746
147,Host,FlushSummaryWriter,FlushSummaryWriter,1,36.81,36.81,36.81,36.81,0.0,0.0,0.0003342685922147928,0.9985072605344893
148,Host,LogicalAnd,LogicalAnd,1,29.581,29.581,29.581,29.581,0.0,0.0,0.00026862263586812784,0.9987758831703575
149,Host,Dataset,Iterator::Root,2,76.221,38.1105,28.61,14.305,0.0,0.0,0.0002598050644733828,0.9990356882348309
150,Host,GatherV2,GatherV2_1,2,27.091,13.5455,27.091,13.5455,0.0,0.0,0.0002460111500051875,0.9992816993848361
151,Host,Dataset,Iterator::Root::ParallelMapV2::Zip[0]::FlatMap[1]::Concatenate[0]::TensorSlice,2,24.45,12.225,24.45,12.225,0.0,0.0,0.00022202844552164313,0.9995037278303578
152,Host,IteratorGetNext,IteratorGetNext,2,19.87,9.935,19.87,9.935,0.0,0.0,0.0001804378410026605,0.9996841656713604
153,Host,Dataset,Iterator::Root::ParallelMapV2::Zip,2,219.075,109.5375,12.49,6.245,0.0,0.0,0.00011342066603539152,0.9997975863373958
154,Host,_HostSend,categorical_crossentropy/softmax_cross_entropy_with_logits/Shape_2/_9,2,8.47,4.235,8.47,4.235,0.0,0.0,7.691537560606615e-05,0.9998745017130019
155,Host,ReadVariableOp,ReadVariableOp,1,6.19,6.19,6.19,6.19,0.0,0.0,5.6210882526747284e-05,0.9999307125955286
156,Host,Dataset,Iterator::Root::ParallelMapV2::Zip[1]::ForeverRepeat::FromTensor,4,5.05,1.2625,5.05,1.2625,0.0,0.0,4.5858635987087843e-05,0.9999765712315156
157,Host,Identity,Identity,2,2.58,1.29,2.58,1.29,0.0,0.0,2.3428768484492404e-05,1.0000000000000002
