Rank,Host/device,Type,Operation,#Occurrences,Total time (us),Avg. time (us),Total self-time (us),Avg. self-time (us),Total self-time on Device (%),Cumulative total-self time on Device (%),Total self-time on Host (%),Cumulative total-self time on Host (%)
1,Device,_Send,IteratorGetNext/_1,2,4937.907,2468.9535,4937.907,2468.9535,0.24404547238935248,0.24404547238935248,0.0,0.0
2,Device,IDLE,IDLE,0,4317.715,0.0,4317.715,0.0,0.21339381175416894,0.4574392841435214,0.0,0.0
3,Device,Conv2DBackpropFilter,gradient_tape/sequential/conv2d/Conv2D/Conv2DBackpropFilter,2,2386.954,1193.477,2386.954,1193.477,0.11797008661800526,0.5754093707615267,0.0,0.0
4,Device,Conv2DBackpropInput,gradient_tape/sequential/conv2d_1/Conv2D/Conv2DBackpropInput,18,1848.327,102.68483333333333,1848.327,102.68483333333333,0.09134960132805148,0.6667589720895781,0.0,0.0
5,Device,_FusedConv2D,sequential/conv2d/Relu,2,1294.341,647.1705,1294.341,647.1705,0.06397003037479379,0.7307290024643719,0.0,0.0
6,Device,MaxPoolGrad,gradient_tape/sequential/max_pooling2d/MaxPool/MaxPoolGrad,2,846.852,423.426,846.852,423.426,0.04185384544177683,0.7725828479061487,0.0,0.0
7,Device,Conv2DBackpropFilter,gradient_tape/sequential/conv2d_1/Conv2D/Conv2DBackpropFilter,2,815.107,407.5535,815.107,407.5535,0.040284916840853405,0.8128677647470022,0.0,0.0
8,Device,ReluGrad,gradient_tape/sequential/conv2d/ReluGrad,2,605.186,302.593,605.186,302.593,0.02991002124046133,0.8427777859874636,0.0,0.0
9,Device,_FusedConv2D,sequential/conv2d_1/Relu,2,564.226,282.113,564.226,282.113,0.027885661010698417,0.870663446998162,0.0,0.0
10,Device,ReluGrad,gradient_tape/sequential/conv2d_1/ReluGrad,2,362.497,181.2485,362.497,181.2485,0.017915637456258918,0.8885790844544209,0.0,0.0
11,Device,MaxPoolGrad,gradient_tape/sequential/max_pooling2d_1/MaxPool/MaxPoolGrad,2,290.818,145.409,290.818,145.409,0.014373056477030998,0.9029521409314519,0.0,0.0
12,Device,MaxPool,sequential/max_pooling2d/MaxPool,2,250.881,125.4405,250.881,125.4405,0.012399255830154991,0.9153513967616069,0.0,0.0
13,Device,Transpose,gradient_tape/sequential/conv2d/Conv2D/Conv2DBackpropFilter-0-TransposeNHWCToNCHW-LayoutOptimizer,2,240.642,120.321,240.642,120.321,0.011893215195571434,0.9272446119571783,0.0,0.0
14,Device,BiasAddGrad,gradient_tape/sequential/conv2d/BiasAdd/BiasAddGrad,2,201.729,100.8645,201.729,100.8645,0.009970023554439501,0.9372146355116179,0.0,0.0
15,Device,MaxPool,sequential/max_pooling2d_1/MaxPool,2,155.649,77.8245,155.649,77.8245,0.0076926182959562266,0.9449072538075741,0.0,0.0
16,Device,BiasAddGrad,gradient_tape/sequential/conv2d_1/BiasAdd/BiasAddGrad,2,133.12,66.56,133.12,66.56,0.006579170746729455,0.9514864245543035,0.0,0.0
17,Device,SoftmaxCrossEntropyWithLogits,categorical_crossentropy/softmax_cross_entropy_with_logits,2,130.048,65.024,130.048,65.024,0.006427343729497236,0.9579137682838008,0.0,0.0
18,Device,MatMul,sequential/dense/MatMul,2,91.136,45.568,91.136,45.568,0.0045042015112224726,0.9624179697950233,0.0,0.0
19,Device,ResourceApplyGradientDescent,SGD/SGD/update_4/ResourceApplyGradientDescent,2,79.872,39.936,79.872,39.936,0.003947502448037673,0.9663654722430609,0.0,0.0
20,Device,MatMul,gradient_tape/sequential/dense/MatMul/MatMul,2,73.729,36.8645,73.729,36.8645,0.0036438978364304086,0.9700093700794913,0.0,0.0
21,Device,MatMul,gradient_tape/sequential/dense/MatMul/MatMul_1,2,70.656,35.328,70.656,35.328,0.0034920213963410187,0.9735013914758323,0.0,0.0
22,Device,Transpose,gradient_tape/sequential/max_pooling2d_1/MaxPool/MaxPoolGrad-2-TransposeNHWCToNCHW-LayoutOptimizer,2,62.464,31.232,62.464,31.232,0.0030871493503884366,0.9765885408262207,0.0,0.0
23,Device,Transpose,sequential/max_pooling2d_1/MaxPool-0-2-TransposeNCHWToNHWC-LayoutOptimizer,2,58.369,29.1845,58.369,29.1845,0.0028847627502693175,0.97947330357649,0.0,0.0
24,Device,ArgMax,ArgMax,2,26.624,13.312,26.624,13.312,0.001315834149345891,0.9807891377258359,0.0,0.0
25,Device,MatMul,sequential/dense_1/MatMul,2,22.528,11.264,22.528,11.264,0.0011133981263696,0.9819025358522054,0.0,0.0
26,Device,ArgMax,ArgMax_1,2,20.48,10.24,20.48,10.24,0.0010121801148814545,0.9829147159670869,0.0,0.0
27,Device,MatMul,sequential/dense_2/MatMul,2,20.48,10.24,20.48,10.24,0.0010121801148814545,0.9839268960819684,0.0,0.0
28,Device,Softmax,sequential/dense_2/Softmax,2,19.456,9.728,19.456,9.728,0.0009615711091373818,0.9848884671911058,0.0,0.0
29,Device,MatMul,gradient_tape/sequential/dense_1/MatMul/MatMul_1,2,14.336,7.168,14.336,7.168,0.0007085260804170182,0.9855969932715228,0.0,0.0
30,Device,MatMul,gradient_tape/sequential/dense_2/MatMul/MatMul,2,14.336,7.168,14.336,7.168,0.0007085260804170182,0.9863055193519399,0.0,0.0
31,Device,MatMul,gradient_tape/sequential/dense_2/MatMul/MatMul_1,2,14.336,7.168,14.336,7.168,0.0007085260804170182,0.9870140454323569,0.0,0.0
32,Device,MatMul,gradient_tape/sequential/dense_1/MatMul/MatMul,2,12.288,6.144,12.288,6.144,0.0006073080689288728,0.9876213535012858,0.0,0.0
33,Device,_Send,IteratorGetNext/_3,2,10.24,5.12,10.24,5.12,0.0005060900574407273,0.9881274435587265,0.0,0.0
34,Device,ResourceApplyGradientDescent,SGD/SGD/update_6/ResourceApplyGradientDescent,2,8.192,4.096,8.192,4.096,0.0004048720459525818,0.9885323156046791,0.0,0.0
35,Device,BiasAddGrad,gradient_tape/sequential/dense/BiasAdd/BiasAddGrad,2,8.192,4.096,8.192,4.096,0.0004048720459525818,0.9889371876506318,0.0,0.0
36,Device,BiasAddGrad,gradient_tape/sequential/dense_1/BiasAdd/BiasAddGrad,2,8.192,4.096,8.192,4.096,0.0004048720459525818,0.9893420596965844,0.0,0.0
37,Device,ResourceApplyGradientDescent,SGD/SGD/update/ResourceApplyGradientDescent,2,7.168,3.584,7.168,3.584,0.0003542630402085091,0.9896963227367929,0.0,0.0
38,Device,ResourceApplyGradientDescent,SGD/SGD/update_8/ResourceApplyGradientDescent,2,7.168,3.584,7.168,3.584,0.0003542630402085091,0.9900505857770013,0.0,0.0
39,Device,BiasAddGrad,gradient_tape/sequential/dense_2/BiasAdd/BiasAddGrad,2,7.168,3.584,7.168,3.584,0.0003542630402085091,0.9904048488172098,0.0,0.0
40,Device,Equal,Equal,2,6.144,3.072,6.144,3.072,0.0003036540344644364,0.9907085028516742,0.0,0.0
41,Device,ResourceApplyGradientDescent,SGD/SGD/update_1/ResourceApplyGradientDescent,2,6.144,3.072,6.144,3.072,0.0003036540344644364,0.9910121568861386,0.0,0.0
42,Device,ResourceApplyGradientDescent,SGD/SGD/update_2/ResourceApplyGradientDescent,2,6.144,3.072,6.144,3.072,0.0003036540344644364,0.9913158109206031,0.0,0.0
43,Device,ResourceApplyGradientDescent,SGD/SGD/update_3/ResourceApplyGradientDescent,2,6.144,3.072,6.144,3.072,0.0003036540344644364,0.9916194649550675,0.0,0.0
44,Device,ResourceApplyGradientDescent,SGD/SGD/update_5/ResourceApplyGradientDescent,2,6.144,3.072,6.144,3.072,0.0003036540344644364,0.9919231189895319,0.0,0.0
45,Device,ResourceApplyGradientDescent,SGD/SGD/update_7/ResourceApplyGradientDescent,2,6.144,3.072,6.144,3.072,0.0003036540344644364,0.9922267730239963,0.0,0.0
46,Device,ResourceApplyGradientDescent,SGD/SGD/update_9/ResourceApplyGradientDescent,2,6.144,3.072,6.144,3.072,0.0003036540344644364,0.9925304270584607,0.0,0.0
47,Device,Sum,Sum_2,2,6.144,3.072,6.144,3.072,0.0003036540344644364,0.9928340810929251,0.0,0.0
48,Device,Sum,categorical_crossentropy/weighted_loss/Sum,2,6.144,3.072,6.144,3.072,0.0003036540344644364,0.9931377351273896,0.0,0.0
49,Device,Cast,categorical_crossentropy/weighted_loss/num_elements/Cast,2,6.144,3.072,6.144,3.072,0.0003036540344644364,0.993441389161854,0.0,0.0
50,Device,Mul,gradient_tape/categorical_crossentropy/softmax_cross_entropy_with_logits/mul,2,6.144,3.072,6.144,3.072,0.0003036540344644364,0.9937450431963184,0.0,0.0
51,Device,Tile,gradient_tape/categorical_crossentropy/weighted_loss/Tile_1,2,6.144,3.072,6.144,3.072,0.0003036540344644364,0.9940486972307828,0.0,0.0
52,Device,ReluGrad,gradient_tape/sequential/dense/ReluGrad,2,6.144,3.072,6.144,3.072,0.0003036540344644364,0.9943523512652472,0.0,0.0
53,Device,ReluGrad,gradient_tape/sequential/dense_1/ReluGrad,2,6.144,3.072,6.144,3.072,0.0003036540344644364,0.9946560052997117,0.0,0.0
54,Device,BiasAdd,sequential/dense/BiasAdd,2,6.144,3.072,6.144,3.072,0.0003036540344644364,0.9949596593341761,0.0,0.0
55,Device,BiasAdd,sequential/dense_2/BiasAdd,2,6.144,3.072,6.144,3.072,0.0003036540344644364,0.9952633133686405,0.0,0.0
56,Device,AssignAddVariableOp,AssignAddVariableOp,2,5.12,2.56,5.12,2.56,0.0002530450287203636,0.9955163583973609,0.0,0.0
57,Device,AssignAddVariableOp,AssignAddVariableOp_2,2,5.12,2.56,5.12,2.56,0.0002530450287203636,0.9957694034260812,0.0,0.0
58,Device,AssignAddVariableOp,AssignAddVariableOp_3,2,5.12,2.56,5.12,2.56,0.0002530450287203636,0.9960224484548016,0.0,0.0
59,Device,AssignAddVariableOp,AssignAddVariableOp_4,2,5.12,2.56,5.12,2.56,0.0002530450287203636,0.996275493483522,0.0,0.0
60,Device,Cast,Cast,2,5.12,2.56,5.12,2.56,0.0002530450287203636,0.9965285385122423,0.0,0.0
61,Device,Cast,Cast_1,2,5.12,2.56,5.12,2.56,0.0002530450287203636,0.9967815835409627,0.0,0.0
62,Device,Cast,Cast_2,2,5.12,2.56,5.12,2.56,0.0002530450287203636,0.9970346285696831,0.0,0.0
63,Device,AssignAddVariableOp,SGD/SGD/AssignAddVariableOp,2,5.12,2.56,5.12,2.56,0.0002530450287203636,0.9972876735984034,0.0,0.0
64,Device,DivNoNan,categorical_crossentropy/weighted_loss/value,2,5.12,2.56,5.12,2.56,0.0002530450287203636,0.9975407186271238,0.0,0.0
65,Device,DivNoNan,div_no_nan,2,5.12,2.56,5.12,2.56,0.0002530450287203636,0.9977937636558442,0.0,0.0
66,Device,DivNoNan,div_no_nan_1,2,5.12,2.56,5.12,2.56,0.0002530450287203636,0.9980468086845645,0.0,0.0
67,Device,DivNoNan,gradient_tape/categorical_crossentropy/weighted_loss/value/div_no_nan,2,5.12,2.56,5.12,2.56,0.0002530450287203636,0.9982998537132849,0.0,0.0
68,Device,Relu,sequential/dense/Relu,2,5.12,2.56,5.12,2.56,0.0002530450287203636,0.9985528987420053,0.0,0.0
69,Device,AssignAddVariableOp,AssignAddVariableOp_1,2,4.096,2.048,4.096,2.048,0.0002024360229762909,0.9987553347649816,0.0,0.0
70,Device,Mul,Mul,2,4.096,2.048,4.096,2.048,0.0002024360229762909,0.9989577707879579,0.0,0.0
71,Device,_Recv,categorical_crossentropy/weighted_loss/num_elements/_14,2,4.096,2.048,4.096,2.048,0.0002024360229762909,0.9991602068109342,0.0,0.0
72,Device,BiasAdd,sequential/dense_1/BiasAdd,2,4.096,2.048,4.096,2.048,0.0002024360229762909,0.9993626428339105,0.0,0.0
73,Device,Relu,sequential/dense_1/Relu,2,4.096,2.048,4.096,2.048,0.0002024360229762909,0.9995650788568868,0.0,0.0
74,Device,_Recv,strided_slice/_12,2,3.616,1.808,3.616,1.808,0.00017871305153375683,0.9997437919084206,0.0,0.0
75,Device,_Recv,Size/_16,2,3.136,1.568,3.136,1.568,0.00015499008009122275,0.9998987819885118,0.0,0.0
76,Device,LogicalAnd,LogicalAnd,1,2.048,2.048,2.048,2.048,0.00010121801148814546,0.9999999999999999,0.0,0.0
77,Host,IDLE,IDLE,0,86639.996,0.0,86639.996,0.0,0.0,0.0,0.8041948976077642,0.8041948976077642
78,Host,GatherV2,GatherV2,2,5928.324,2964.162,5928.324,2964.162,0.0,0.0,0.055026871332792424,0.8592217689405566
79,Host,_Send,IteratorGetNext/_1,2,5517.716,2758.858,5517.716,2758.858,0.0,0.0,0.051215596243202995,0.9104373651837596
80,Host,_Send,IteratorGetNext/_3,2,5420.554,2710.277,5420.554,2710.277,0.0,0.0,0.05031373580635157,0.9607511009901112
81,Host,_Send,IteratorGetNext/_6,2,3819.067,1909.5335,3819.067,1909.5335,0.0,0.0,0.035448688098071834,0.9961997890881831
82,Host,GatherV2,GatherV2_1,2,69.491,34.7455,69.491,34.7455,0.0,0.0,0.0006450174308602362,0.9968448065190433
83,Host,IteratorGetNext,IteratorGetNext,2,57.821,28.9105,57.821,28.9105,0.0,0.0,0.0005366961602188731,0.9973815026792622
84,Host,Dataset,Iterator::Root::ParallelMapV2::Zip[1]::ForeverRepeat,2,56.061,28.0305,51.991,25.9955,0.0,0.0,0.0004825819350398546,0.997864084614302
85,Host,Dataset,Iterator::Root::ParallelMapV2,2,43.3,21.65,43.3,21.65,0.0,0.0,0.00040191182680128685,0.9982659964411033
86,Host,FlushSummaryWriter,FlushSummaryWriter,1,38.62,38.62,38.62,38.62,0.0,0.0,0.0003584719342047505,0.998624468375308
87,Host,LogicalAnd,LogicalAnd,1,29.29,29.29,29.29,29.29,0.0,0.0,0.0002718706098616557,0.9988963389851697
88,Host,Dataset,Iterator::Root,2,68.11,34.055,24.81,12.405,0.0,0.0,0.00023028712293163804,0.9991266261081013
89,Host,WriteSummary,WriteSummary,1,22.251,22.251,22.251,22.251,0.0,0.0,0.00020653441242853197,0.9993331605205299
90,Host,Dataset,Iterator::Root::ParallelMapV2::Zip[0]::FlatMap[1]::Concatenate[0]::TensorSlice,2,21.31,10.655,21.31,10.655,0.0,0.0,0.00019780002376756174,0.9995309605442975
91,Host,Dataset,Iterator::Root::ParallelMapV2::Zip[0]::FlatMap[1]::Concatenate,2,33.69,16.845,12.38,6.19,0.0,0.0,0.0001149115107575042,0.999645872055055
92,Host,_HostSend,categorical_crossentropy/softmax_cross_entropy_with_logits/Shape_2/_9,2,11.422,5.711,11.422,5.711,0.0,0.0,0.00010601932761487989,0.9997518913826698
93,Host,Dataset,Iterator::Root::ParallelMapV2::Zip,2,103.641,51.8205,10.11,5.055,0.0,0.0,9.384130644251756e-05,0.9998457326891124
94,Host,ReadVariableOp,ReadVariableOp,1,6.2,6.2,6.2,6.2,0.0,0.0,5.754857566207803e-05,0.9999032812647745
95,Host,Dataset,Iterator::Root::ParallelMapV2::Zip[1]::ForeverRepeat::FromTensor,4,4.07,1.0175,4.07,1.0175,0.0,0.0,3.777785531365445e-05,0.9999410591200881
96,Host,Dataset,Iterator::Root::ParallelMapV2::Zip[0]::FlatMap,2,37.47,18.735,3.78,1.89,0.0,0.0,3.508606709720241e-05,0.9999761451871854
97,Host,Identity,Identity,2,2.57,1.285,2.57,1.285,0.0,0.0,2.38548128147646e-05,1.0000000000000002
