Rank,Host/device,Type,Operation,#Occurrences,Total time (us),Avg. time (us),Total self-time (us),Avg. self-time (us),Total self-time on Device (%),Cumulative total-self time on Device (%),Total self-time on Host (%),Cumulative total-self time on Host (%)
1,Device,IDLE,IDLE,0,14418.142,0.0,14418.142,0.0,0.39914722086587573,0.39914722086587573,0.0,0.0
2,Device,Conv2DBackpropFilter,gradient_tape/model/conv2d_19/Conv2D/Conv2DBackpropFilter,2,656.386,328.193,656.386,328.193,0.018171179595489396,0.41731840046136515,0.0,0.0
3,Device,Conv2DBackpropFilter,gradient_tape/model/conv2d_16/Conv2D/Conv2DBackpropFilter,2,648.195,324.0975,648.195,324.0975,0.017944422577413674,0.43526282303877883,0.0,0.0
4,Device,Conv2DBackpropFilter,gradient_tape/model/conv2d_18/Conv2D/Conv2DBackpropFilter,2,645.123,322.5615,645.123,322.5615,0.017859378314255495,0.4531222013530343,0.0,0.0
5,Device,_Send,IteratorGetNext/_1,2,551.234,275.617,551.234,275.617,0.015260185337804285,0.4683823866908386,0.0,0.0
6,Device,Conv2DBackpropInput,gradient_tape/model/conv2d_15/Conv2D/Conv2DBackpropInput,2,463.874,231.937,463.874,231.937,0.012841739104243615,0.4812241257950822,0.0,0.0
7,Device,Conv2DBackpropInput,gradient_tape/model/conv2d_19/Conv2D/Conv2DBackpropInput,4,434.178,108.5445,434.178,108.5445,0.012019644560381232,0.49324377035546346,0.0,0.0
8,Device,Conv2DBackpropInput,gradient_tape/model/conv2d_18/Conv2D/Conv2DBackpropInput,4,433.154,108.2885,433.154,108.2885,0.01199129647266184,0.5052350668281254,0.0,0.0
9,Device,Conv2DBackpropInput,gradient_tape/model/conv2d_16/Conv2D/Conv2DBackpropInput,4,432.13,108.0325,432.13,108.0325,0.011962948384942447,0.5171980152130679,0.0,0.0
10,Device,Conv2D,model/conv2d_16/Conv2D,4,430.081,107.52025,430.081,107.52025,0.01190622452582425,0.5291042397388921,0.0,0.0
11,Device,Conv2D,model/conv2d_18/Conv2D,4,428.034,107.0085,428.034,107.0085,0.011849556034064877,0.540953795772957,0.0,0.0
12,Device,Conv2D,model/conv2d_19/Conv2D,4,425.987,106.49675,425.987,106.49675,0.011792887542305506,0.5527466833152624,0.0,0.0
13,Device,FusedBatchNormGradV3,gradient_tape/model/batch_normalization/FusedBatchNormGradV3,2,367.618,183.809,367.618,183.809,0.010177018858620723,0.5629237021738832,0.0,0.0
14,Device,Conv2D,model/conv2d_15/Conv2D,4,333.825,83.45625,333.825,83.45625,0.009241504280201356,0.5721652064540845,0.0,0.0
15,Device,Conv2DBackpropFilter,gradient_tape/model/conv2d/Conv2D/Conv2DBackpropFilter,2,324.609,162.3045,324.609,162.3045,0.008986371490726825,0.5811515779448113,0.0,0.0
16,Device,Conv2D,model/conv2d/Conv2D,2,280.576,140.288,280.576,140.288,0.0077673760351135365,0.5889189539799249,0.0,0.0
17,Device,Conv2DBackpropInput,gradient_tape/model/conv2d_5/Conv2D/Conv2DBackpropInput,2,273.409,136.7045,273.409,136.7045,0.007568967104757201,0.5964879210846821,0.0,0.0
18,Device,Conv2DBackpropFilter,gradient_tape/model/conv2d_1/Conv2D/Conv2DBackpropFilter,2,253.954,126.977,253.954,126.977,0.0070303811217681585,0.6035183022064502,0.0,0.0
19,Device,Conv2DBackpropFilter,gradient_tape/model/conv2d_4/Conv2D/Conv2DBackpropFilter,2,251.905,125.9525,251.905,125.9525,0.00697365726264996,0.6104919594691002,0.0,0.0
20,Device,Conv2DBackpropFilter,gradient_tape/model/conv2d_3/Conv2D/Conv2DBackpropFilter,2,250.882,125.441,250.882,125.441,0.006945336858609982,0.6174372963277102,0.0,0.0
21,Device,Conv2DBackpropFilter,gradient_tape/model/conv2d_2/Conv2D/Conv2DBackpropFilter,2,250.88,125.44,250.88,125.44,0.006945281491251154,0.6243825778189613,0.0,0.0
22,Device,Conv2DBackpropFilter,gradient_tape/model/conv2d_5/Conv2D/Conv2DBackpropFilter,2,232.448,116.224,232.448,116.224,0.00643501591230209,0.6308175937312634,0.0,0.0
23,Device,Conv2DBackpropInput,gradient_tape/model/conv2d_10/Conv2D/Conv2DBackpropInput,2,225.282,112.641,225.282,112.641,0.00623663466562517,0.6370542283968886,0.0,0.0
24,Device,FusedBatchNormV3,model/batch_normalization/FusedBatchNormV3,4,221.184,55.296,221.184,55.296,0.0061231869473887725,0.6431774153442774,0.0,0.0
25,Device,ReluGrad,gradient_tape/model/activation/ReluGrad,2,212.994,106.497,212.994,106.497,0.00589645761299246,0.6490738729572699,0.0,0.0
26,Device,Conv2DBackpropFilter,gradient_tape/model/conv2d_15/Conv2D/Conv2DBackpropFilter,2,208.897,104.4485,208.897,104.4485,0.005783037578435476,0.6548569105357054,0.0,0.0
27,Device,Conv2DBackpropInput,gradient_tape/model/conv2d_14/Conv2D/Conv2DBackpropInput,4,192.513,48.12825,192.513,48.12825,0.005329468174925197,0.6601863787106306,0.0,0.0
28,Device,Conv2DBackpropInput,gradient_tape/model/conv2d_11/Conv2D/Conv2DBackpropInput,4,186.369,46.59225,186.369,46.59225,0.005159379648608842,0.6653457583592394,0.0,0.0
29,Device,Conv2D,model/conv2d_10/Conv2D,4,186.369,46.59225,186.369,46.59225,0.005159379648608842,0.6705051380078482,0.0,0.0
30,Device,Conv2D,model/conv2d_11/Conv2D,4,184.32,46.08,184.32,46.08,0.005102655789490644,0.6756077937973388,0.0,0.0
31,Device,Conv2DBackpropInput,gradient_tape/model/conv2d_13/Conv2D/Conv2DBackpropInput,4,183.296,45.824,183.296,45.824,0.0050743077017712515,0.68068210149911,0.0,0.0
32,Device,Conv2D,model/conv2d_14/Conv2D,4,183.296,45.824,183.296,45.824,0.0050743077017712515,0.6857564092008812,0.0,0.0
33,Device,Conv2DBackpropFilter,gradient_tape/model/conv2d_10/Conv2D/Conv2DBackpropFilter,2,182.272,91.136,182.272,91.136,0.005045959614051859,0.6908023688149331,0.0,0.0
34,Device,Conv2DBackpropFilter,gradient_tape/model/conv2d_8/Conv2D/Conv2DBackpropFilter,2,181.25,90.625,181.25,90.625,0.005017666893691293,0.6958200357086244,0.0,0.0
35,Device,Conv2D,model/conv2d_13/Conv2D,4,181.25,45.3125,181.25,45.3125,0.005017666893691293,0.7008377026023157,0.0,0.0
36,Device,Conv2DBackpropFilter,gradient_tape/model/conv2d_9/Conv2D/Conv2DBackpropFilter,2,179.201,89.6005,179.201,89.6005,0.004960943034573095,0.7057986456368888,0.0,0.0
37,Device,Conv2D,model/conv2d_5/Conv2D,4,176.129,44.03225,176.129,44.03225,0.004875898771414917,0.7106745444083037,0.0,0.0
38,Device,Conv2DBackpropFilter,gradient_tape/model/conv2d_11/Conv2D/Conv2DBackpropFilter,4,175.105,43.77625,175.105,43.77625,0.004847550683695525,0.7155220950919993,0.0,0.0
39,Device,Conv2DBackpropFilter,gradient_tape/model/conv2d_14/Conv2D/Conv2DBackpropFilter,4,175.105,43.77625,175.105,43.77625,0.004847550683695525,0.7203696457756948,0.0,0.0
40,Device,Conv2DBackpropFilter,gradient_tape/model/conv2d_13/Conv2D/Conv2DBackpropFilter,4,175.104,43.776,175.104,43.776,0.004847523000016112,0.725217168775711,0.0,0.0
41,Device,Conv2DBackpropFilter,gradient_tape/model/conv2d_6/Conv2D/Conv2DBackpropFilter,2,172.032,86.016,172.032,86.016,0.004762478736857935,0.7299796475125689,0.0,0.0
42,Device,MaxPoolGrad,gradient_tape/model/max_pooling2d/MaxPool/MaxPoolGrad,2,163.84,81.92,163.84,81.92,0.004535694035102795,0.7345153415476717,0.0,0.0
43,Device,BiasAdd,model/conv2d/BiasAdd,2,149.506,74.753,149.506,74.753,0.004138876174390127,0.7386542177220619,0.0,0.0
44,Device,Conv2DBackpropInput,gradient_tape/model/conv2d_6/Conv2D/Conv2DBackpropInput,2,140.289,70.1445,140.289,70.1445,0.003883715701236181,0.742537933423298,0.0,0.0
45,Device,Relu,model/activation/Relu,2,140.289,70.1445,140.289,70.1445,0.003883715701236181,0.7464216491245341,0.0,0.0
46,Device,Conv2D,model/conv2d_6/Conv2D,2,138.24,69.12,138.24,69.12,0.003826991842117983,0.7502486409666521,0.0,0.0
47,Device,Conv2D,model/conv2d_8/Conv2D,2,137.216,68.608,137.216,68.608,0.0037986437543985905,0.7540472847210508,0.0,0.0
48,Device,Conv2D,model/conv2d_9/Conv2D,2,136.193,68.0965,136.193,68.0965,0.003770323350358612,0.7578176080714094,0.0,0.0
49,Device,Conv2DBackpropInput,gradient_tape/model/conv2d_9/Conv2D/Conv2DBackpropInput,2,134.145,67.0725,134.145,67.0725,0.0037136271749198266,0.7615312352463293,0.0,0.0
50,Device,Conv2DBackpropInput,gradient_tape/model/conv2d_8/Conv2D/Conv2DBackpropInput,2,133.12,66.56,133.12,66.56,0.0036852514035210205,0.7652164866498503,0.0,0.0
51,Device,Conv2D,model/conv2d_1/Conv2D,2,129.024,64.512,129.024,64.512,0.0035718590526434505,0.7687883457024938,0.0,0.0
52,Device,Conv2D,model/conv2d_3/Conv2D,2,128.0,64.0,128.0,64.0,0.0035435109649240583,0.7723318566674179,0.0,0.0
53,Device,Conv2D,model/conv2d_4/Conv2D,2,126.977,63.4885,126.977,63.4885,0.0035151905608840793,0.775847047228302,0.0,0.0
54,Device,Conv2D,model/conv2d_2/Conv2D,2,126.976,63.488,126.976,63.488,0.0035151628772046657,0.7793622101055067,0.0,0.0
55,Device,ResourceApplyGradientDescent,SGD/SGD/update_62/ResourceApplyGradientDescent,2,125.953,62.9765,125.953,62.9765,0.0034868424731646867,0.7828490525786713,0.0,0.0
56,Device,Conv2DBackpropInput,gradient_tape/model/conv2d_4/Conv2D/Conv2DBackpropInput,2,125.953,62.9765,125.953,62.9765,0.0034868424731646867,0.786335895051836,0.0,0.0
57,Device,ResourceApplyGradientDescent,SGD/SGD/update_66/ResourceApplyGradientDescent,2,125.952,62.976,125.952,62.976,0.003486814789485273,0.7898227098413213,0.0,0.0
58,Device,ResourceApplyGradientDescent,SGD/SGD/update_70/ResourceApplyGradientDescent,2,124.929,62.4645,124.929,62.4645,0.0034584943854452945,0.7932812042267666,0.0,0.0
59,Device,SoftmaxCrossEntropyWithLogits,categorical_crossentropy/softmax_cross_entropy_with_logits,2,124.929,62.4645,124.929,62.4645,0.0034584943854452945,0.7967396986122119,0.0,0.0
60,Device,Conv2DBackpropInput,gradient_tape/model/conv2d_1/Conv2D/Conv2DBackpropInput,2,124.928,62.464,124.928,62.464,0.003458466701765881,0.8001981653139778,0.0,0.0
61,Device,Conv2DBackpropInput,gradient_tape/model/conv2d_2/Conv2D/Conv2DBackpropInput,2,123.905,61.9525,123.905,61.9525,0.003430146297725902,0.8036283116117037,0.0,0.0
62,Device,Conv2DBackpropInput,gradient_tape/model/conv2d_3/Conv2D/Conv2DBackpropInput,2,123.904,61.952,123.904,61.952,0.0034301186140464884,0.8070584302257502,0.0,0.0
63,Device,AddN,SGD/gradients/AddN_25,2,122.881,61.4405,122.881,61.4405,0.0034017982100065093,0.8104602284357567,0.0,0.0
64,Device,Mul,gradient_tape/conv2d_19/kernel/Regularizer/Mul_1,2,120.833,60.4165,120.833,60.4165,0.0033451020345677245,0.8138053304703244,0.0,0.0
65,Device,Mul,gradient_tape/conv2d_18/kernel/Regularizer/Mul_1,2,120.832,60.416,120.832,60.416,0.003345074350888311,0.8171504048212127,0.0,0.0
66,Device,Mul,gradient_tape/conv2d_16/kernel/Regularizer/Mul_1,2,119.809,59.9045,119.809,59.9045,0.003316753946848332,0.8204671587680611,0.0,0.0
67,Device,AddN,SGD/gradients/AddN_26,2,114.688,57.344,114.688,57.344,0.0031749858245719562,0.8236421445926331,0.0,0.0
68,Device,AddN,SGD/gradients/AddN_27,2,114.688,57.344,114.688,57.344,0.0031749858245719562,0.8268171304172051,0.0,0.0
69,Device,MaxPool,model/max_pooling2d/MaxPool,2,99.329,49.6645,99.329,49.6645,0.0027497921924604825,0.8295669226096656,0.0,0.0
70,Device,Conv2DBackpropInput,gradient_tape/model/conv2d_17/Conv2D/Conv2DBackpropInput,4,94.208,23.552,94.208,23.552,0.002608024070184107,0.8321749466798497,0.0,0.0
71,Device,FusedBatchNormGradV3,gradient_tape/model/batch_normalization_3/FusedBatchNormGradV3,2,88.064,44.032,88.064,44.032,0.002437935543867752,0.8346128822237174,0.0,0.0
72,Device,FusedBatchNormGradV3,gradient_tape/model/batch_normalization_1/FusedBatchNormGradV3,2,87.041,43.5205,87.041,43.5205,0.002409615139827773,0.8370224973635452,0.0,0.0
73,Device,FusedBatchNormGradV3,gradient_tape/model/batch_normalization_2/FusedBatchNormGradV3,2,87.041,43.5205,87.041,43.5205,0.002409615139827773,0.8394321125033729,0.0,0.0
74,Device,FusedBatchNormGradV3,gradient_tape/model/batch_normalization_4/FusedBatchNormGradV3,2,87.04,43.52,87.04,43.52,0.00240958745614836,0.8418416999595213,0.0,0.0
75,Device,BiasAddGrad,gradient_tape/model/conv2d/BiasAdd/BiasAddGrad,2,83.969,41.9845,83.969,41.9845,0.0023245708766695956,0.8441662708361909,0.0,0.0
76,Device,Square,conv2d_16/kernel/Regularizer/Square,2,82.944,41.472,82.944,41.472,0.00229619510527079,0.8464624659414617,0.0,0.0
77,Device,Mul,gradient_tape/conv2d_16/kernel/Regularizer/Mul,2,81.921,40.9605,81.921,40.9605,0.002267874701230811,0.8487303406426925,0.0,0.0
78,Device,Conv2DBackpropFilter,gradient_tape/model/conv2d_12/Conv2D/Conv2DBackpropFilter,2,81.921,40.9605,81.921,40.9605,0.002267874701230811,0.8509982153439233,0.0,0.0
79,Device,Square,conv2d_18/kernel/Regularizer/Square,2,81.92,40.96,81.92,40.96,0.0022678470175513973,0.8532660623614747,0.0,0.0
80,Device,Square,conv2d_19/kernel/Regularizer/Square,2,81.92,40.96,81.92,40.96,0.0022678470175513973,0.8555339093790262,0.0,0.0
81,Device,Conv2DBackpropInput,gradient_tape/model/conv2d_12/Conv2D/Conv2DBackpropInput,4,80.897,20.22425,80.897,20.22425,0.0022395266135114182,0.8577734359925376,0.0,0.0
82,Device,Tile,gradient_tape/conv2d_16/kernel/Regularizer/Tile,2,73.729,36.8645,73.729,36.8645,0.002041089999475671,0.8598145259920134,0.0,0.0
83,Device,Conv2DBackpropInput,gradient_tape/model/conv2d_7/Conv2D/Conv2DBackpropInput,2,72.704,36.352,72.704,36.352,0.0020127142280768648,0.8618272402200903,0.0,0.0
84,Device,AddN,SGD/gradients/AddN_23,2,66.56,33.28,66.56,33.28,0.0018426257017605102,0.8636698659218508,0.0,0.0
85,Device,ResourceApplyGradientDescent,SGD/SGD/update_56/ResourceApplyGradientDescent,2,64.512,32.256,64.512,32.256,0.0017859295263217253,0.8654557954481725,0.0,0.0
86,Device,Mul,gradient_tape/conv2d_15/kernel/Regularizer/Mul_1,2,62.464,31.232,62.464,31.232,0.0017292333508829405,0.8671850287990555,0.0,0.0
87,Device,Conv2DBackpropFilter,gradient_tape/model/conv2d_17/Conv2D/Conv2DBackpropFilter,2,60.417,30.2085,60.417,30.2085,0.001672564859123569,0.868857593658179,0.0,0.0
88,Device,Sum,conv2d_18/kernel/Regularizer/Sum,2,59.392,29.696,59.392,29.696,0.0016441890877247631,0.8705017827459038,0.0,0.0
89,Device,Conv2DBackpropFilter,gradient_tape/model/conv2d_7/Conv2D/Conv2DBackpropFilter,2,56.32,28.16,56.32,28.16,0.0015591448245665855,0.8720609275704704,0.0,0.0
90,Device,Sum,conv2d_16/kernel/Regularizer/Sum,2,55.296,27.648,55.296,27.648,0.0015307967368471931,0.8735917243073176,0.0,0.0
91,Device,Conv2D,model/conv2d_17/Conv2D,2,53.248,26.624,53.248,26.624,0.0014741005614084081,0.875065824868726,0.0,0.0
92,Device,Conv2D,model/conv2d_7/Conv2D,2,52.224,26.112,52.224,26.112,0.0014457524736890158,0.876511577342415,0.0,0.0
93,Device,AddN,SGD/gradients/AddN_6,2,50.176,25.088,50.176,25.088,0.0013890562982502308,0.8779006336406653,0.0,0.0
94,Device,Sum,conv2d_19/kernel/Regularizer/Sum,2,48.128,24.064,48.128,24.064,0.0013323601228114458,0.8792329937634767,0.0,0.0
95,Device,ReluGrad,gradient_tape/model/activation_4/ReluGrad,2,47.104,23.552,47.104,23.552,0.0013040120350920534,0.8805370057985688,0.0,0.0
96,Device,Mul,gradient_tape/conv2d_15/kernel/Regularizer/Mul,2,45.056,22.528,45.056,22.528,0.0012473158596532684,0.8817843216582221,0.0,0.0
97,Device,ReluGrad,gradient_tape/model/activation_2/ReluGrad,2,45.056,22.528,45.056,22.528,0.0012473158596532684,0.8830316375178754,0.0,0.0
98,Device,AddN,SGD/gradients/AddN_5,2,44.032,22.016,44.032,22.016,0.001218967771933876,0.8842506052898093,0.0,0.0
99,Device,AddN,SGD/gradients/AddN_7,2,44.032,22.016,44.032,22.016,0.001218967771933876,0.8854695730617431,0.0,0.0
100,Device,Square,conv2d_15/kernel/Regularizer/Square,2,43.008,21.504,43.008,21.504,0.0011906196842144836,0.8866601927459576,0.0,0.0
101,Device,ReluGrad,gradient_tape/model/activation_1/ReluGrad,2,43.008,21.504,43.008,21.504,0.0011906196842144836,0.8878508124301722,0.0,0.0
102,Device,ReluGrad,gradient_tape/model/activation_3/ReluGrad,2,43.008,21.504,43.008,21.504,0.0011906196842144836,0.8890414321143867,0.0,0.0
103,Device,FusedBatchNormV3,model/batch_normalization_2/FusedBatchNormV3,4,43.008,10.752,43.008,10.752,0.0011906196842144836,0.8902320517986012,0.0,0.0
104,Device,Tile,gradient_tape/conv2d_15/kernel/Regularizer/Tile,2,40.96,20.48,40.96,20.48,0.0011339235087756987,0.8913659753073769,0.0,0.0
105,Device,AddV2,model/add/add,2,40.96,20.48,40.96,20.48,0.0011339235087756987,0.8924998988161527,0.0,0.0
106,Device,Conv2D,model/conv2d_12/Conv2D,2,37.888,18.944,37.888,18.944,0.0010488792456175213,0.8935487780617701,0.0,0.0
107,Device,Relu,model/activation_4/Relu,2,36.865,18.4325,36.865,18.4325,0.0010205588415775422,0.8945693369033477,0.0,0.0
108,Device,Sum,conv2d_15/kernel/Regularizer/Sum,2,36.864,18.432,36.864,18.432,0.0010205311578981287,0.8955898680612459,0.0,0.0
109,Device,Transpose,gradient_tape/model/conv2d/Conv2D/Conv2DBackpropFilter-0-TransposeNHWCToNCHW-LayoutOptimizer,2,36.864,18.432,36.864,18.432,0.0010205311578981287,0.896610399219144,0.0,0.0
110,Device,FusedBatchNormV3,model/batch_normalization_1/FusedBatchNormV3,4,35.84,8.96,35.84,8.96,0.0009921830701787363,0.8976025822893228,0.0,0.0
111,Device,AddN,SGD/gradients/AddN_20,2,34.816,17.408,34.816,17.408,0.0009638349824593439,0.8985664172717821,0.0,0.0
112,Device,AddN,SGD/gradients/AddN_21,2,34.816,17.408,34.816,17.408,0.0009638349824593439,0.8995302522542414,0.0,0.0
113,Device,Mul,gradient_tape/conv2d_11/kernel/Regularizer/Mul_1,2,34.816,17.408,34.816,17.408,0.0009638349824593439,0.9004940872367008,0.0,0.0
114,Device,AddV2,model/add_1/add,2,34.816,17.408,34.816,17.408,0.0009638349824593439,0.9014579222191601,0.0,0.0
115,Device,FusedBatchNormV3,model/batch_normalization_3/FusedBatchNormV3,4,34.816,8.704,34.816,8.704,0.0009638349824593439,0.9024217572016194,0.0,0.0
116,Device,AddN,SGD/gradients/AddN_22,2,33.792,16.896,33.792,16.896,0.0009354868947399514,0.9033572440963594,0.0,0.0
117,Device,FusedBatchNormV3,model/batch_normalization_4/FusedBatchNormV3,4,33.792,8.448,33.792,8.448,0.0009354868947399514,0.9042927309910994,0.0,0.0
118,Device,ArgMax,ArgMax,2,31.744,15.872,31.744,15.872,0.0008787907193011664,0.9051715217104006,0.0,0.0
119,Device,Mul,gradient_tape/conv2d_13/kernel/Regularizer/Mul_1,2,30.72,15.36,30.72,15.36,0.0008504426315817739,0.9060219643419823,0.0,0.0
120,Device,Mul,gradient_tape/conv2d_14/kernel/Regularizer/Mul_1,2,29.696,14.848,29.696,14.848,0.0008220945438623816,0.9068440588858447,0.0,0.0
121,Device,ReluGrad,gradient_tape/model/activation_5/ReluGrad,2,28.672,14.336,28.672,14.336,0.0007937464561429891,0.9076378053419877,0.0,0.0
122,Device,BiasAddGrad,gradient_tape/model/conv2d_19/BiasAdd/BiasAddGrad,2,26.625,13.3125,26.625,13.3125,0.0007370779643836176,0.9083748833063713,0.0,0.0
123,Device,BiasAddGrad,gradient_tape/model/conv2d_15/BiasAdd/BiasAddGrad,2,26.624,13.312,26.624,13.312,0.0007370502807042041,0.9091119335870755,0.0,0.0
124,Device,ResourceApplyGradientDescent,SGD/SGD/update_48/ResourceApplyGradientDescent,2,25.6,12.8,25.6,12.8,0.0007087021929848117,0.9098206357800603,0.0,0.0
125,Device,BiasAddGrad,gradient_tape/model/conv2d_18/BiasAdd/BiasAddGrad,2,25.6,12.8,25.6,12.8,0.0007087021929848117,0.9105293379730451,0.0,0.0
126,Device,Relu,model/activation_2/Relu,2,25.6,12.8,25.6,12.8,0.0007087021929848117,0.9112380401660299,0.0,0.0
127,Device,Sum,conv2d_14/kernel/Regularizer/Sum,2,24.577,12.2885,24.577,12.2885,0.0006803817889448327,0.9119184219549747,0.0,0.0
128,Device,ResourceApplyGradientDescent,SGD/SGD/update_44/ResourceApplyGradientDescent,2,24.576,12.288,24.576,12.288,0.0006803541052654192,0.9125987760602402,0.0,0.0
129,Device,FusedBatchNormGradV3,gradient_tape/model/batch_normalization_12/FusedBatchNormGradV3,2,24.576,12.288,24.576,12.288,0.0006803541052654192,0.9132791301655057,0.0,0.0
130,Device,FusedBatchNormGradV3,gradient_tape/model/batch_normalization_8/FusedBatchNormGradV3,2,24.576,12.288,24.576,12.288,0.0006803541052654192,0.9139594842707711,0.0,0.0
131,Device,BiasAddGrad,gradient_tape/model/conv2d_4/BiasAdd/BiasAddGrad,2,24.576,12.288,24.576,12.288,0.0006803541052654192,0.9146398383760366,0.0,0.0
132,Device,FusedBatchNormV3,model/batch_normalization_14/FusedBatchNormV3,4,24.576,6.144,24.576,6.144,0.0006803541052654192,0.915320192481302,0.0,0.0
133,Device,FusedBatchNormV3,model/batch_normalization_13/FusedBatchNormV3,4,23.553,5.88825,23.553,5.88825,0.0006520337012254402,0.9159722261825275,0.0,0.0
134,Device,ResourceApplyGradientDescent,SGD/SGD/update_52/ResourceApplyGradientDescent,2,23.552,11.776,23.552,11.776,0.0006520060175460267,0.9166242322000735,0.0,0.0
135,Device,Sum,conv2d_13/kernel/Regularizer/Sum,2,23.552,11.776,23.552,11.776,0.0006520060175460267,0.9172762382176195,0.0,0.0
136,Device,ReluGrad,gradient_tape/model/activation_8/ReluGrad,2,23.552,11.776,23.552,11.776,0.0006520060175460267,0.9179282442351655,0.0,0.0
137,Device,FusedBatchNormGradV3,gradient_tape/model/batch_normalization_11/FusedBatchNormGradV3,2,23.552,11.776,23.552,11.776,0.0006520060175460267,0.9185802502527115,0.0,0.0
138,Device,FusedBatchNormGradV3,gradient_tape/model/batch_normalization_9/FusedBatchNormGradV3,2,23.552,11.776,23.552,11.776,0.0006520060175460267,0.9192322562702575,0.0,0.0
139,Device,FusedBatchNormV3,model/batch_normalization_15/FusedBatchNormV3,4,23.552,5.888,23.552,5.888,0.0006520060175460267,0.9198842622878035,0.0,0.0
140,Device,FusedBatchNormV3,model/batch_normalization_16/FusedBatchNormV3,4,23.552,5.888,23.552,5.888,0.0006520060175460267,0.9205362683053495,0.0,0.0
141,Device,BiasAdd,model/conv2d_1/BiasAdd,2,23.552,11.776,23.552,11.776,0.0006520060175460267,0.9211882743228955,0.0,0.0
142,Device,Sum,conv2d_11/kernel/Regularizer/Sum,2,22.529,11.2645,22.529,11.2645,0.0006236856135060477,0.9218119599364015,0.0,0.0
143,Device,FusedBatchNormGradV3,gradient_tape/model/batch_normalization_5/FusedBatchNormGradV3,2,22.529,11.2645,22.529,11.2645,0.0006236856135060477,0.9224356455499075,0.0,0.0
144,Device,FusedBatchNormGradV3,gradient_tape/model/batch_normalization_10/FusedBatchNormGradV3,2,22.528,11.264,22.528,11.264,0.0006236579298266342,0.9230593034797342,0.0,0.0
145,Device,FusedBatchNormGradV3,gradient_tape/model/batch_normalization_13/FusedBatchNormGradV3,2,22.528,11.264,22.528,11.264,0.0006236579298266342,0.9236829614095609,0.0,0.0
146,Device,FusedBatchNormGradV3,gradient_tape/model/batch_normalization_14/FusedBatchNormGradV3,2,22.528,11.264,22.528,11.264,0.0006236579298266342,0.9243066193393875,0.0,0.0
147,Device,FusedBatchNormGradV3,gradient_tape/model/batch_normalization_15/FusedBatchNormGradV3,2,22.528,11.264,22.528,11.264,0.0006236579298266342,0.9249302772692142,0.0,0.0
148,Device,FusedBatchNormGradV3,gradient_tape/model/batch_normalization_7/FusedBatchNormGradV3,2,22.528,11.264,22.528,11.264,0.0006236579298266342,0.9255539351990408,0.0,0.0
149,Device,BiasAddGrad,gradient_tape/model/conv2d_1/BiasAdd/BiasAddGrad,2,22.528,11.264,22.528,11.264,0.0006236579298266342,0.9261775931288675,0.0,0.0
150,Device,BiasAddGrad,gradient_tape/model/conv2d_14/BiasAdd/BiasAddGrad,2,22.528,11.264,22.528,11.264,0.0006236579298266342,0.9268012510586942,0.0,0.0
151,Device,BiasAdd,model/conv2d_2/BiasAdd,2,22.528,11.264,22.528,11.264,0.0006236579298266342,0.9274249089885208,0.0,0.0
152,Device,BiasAdd,model/conv2d_3/BiasAdd,2,22.528,11.264,22.528,11.264,0.0006236579298266342,0.9280485669183475,0.0,0.0
153,Device,MatMul,model/dense/MatMul,2,22.528,11.264,22.528,11.264,0.0006236579298266342,0.9286722248481741,0.0,0.0
154,Device,BiasAddGrad,gradient_tape/model/conv2d_13/BiasAdd/BiasAddGrad,2,21.505,10.7525,21.505,10.7525,0.0005953375257866552,0.9292675623739608,0.0,0.0
155,Device,FusedBatchNormV3,model/batch_normalization_12/FusedBatchNormV3,4,21.505,5.37625,21.505,5.37625,0.0005953375257866552,0.9298628998997475,0.0,0.0
156,Device,Square,conv2d_13/kernel/Regularizer/Square,2,21.504,10.752,21.504,10.752,0.0005953098421072418,0.9304582097418547,0.0,0.0
157,Device,Mul,gradient_tape/conv2d_11/kernel/Regularizer/Mul,2,21.504,10.752,21.504,10.752,0.0005953098421072418,0.9310535195839619,0.0,0.0
158,Device,FusedBatchNormGradV3,gradient_tape/model/batch_normalization_6/FusedBatchNormGradV3,2,21.504,10.752,21.504,10.752,0.0005953098421072418,0.9316488294260691,0.0,0.0
159,Device,BiasAddGrad,gradient_tape/model/conv2d_17/BiasAdd/BiasAddGrad,2,21.504,10.752,21.504,10.752,0.0005953098421072418,0.9322441392681763,0.0,0.0
160,Device,BiasAddGrad,gradient_tape/model/conv2d_3/BiasAdd/BiasAddGrad,2,21.504,10.752,21.504,10.752,0.0005953098421072418,0.9328394491102835,0.0,0.0
161,Device,BiasAdd,model/conv2d_4/BiasAdd,2,21.504,10.752,21.504,10.752,0.0005953098421072418,0.9334347589523907,0.0,0.0
162,Device,Softmax,model/dense/Softmax,2,21.504,10.752,21.504,10.752,0.0005953098421072418,0.9340300687944979,0.0,0.0
163,Device,Square,conv2d_14/kernel/Regularizer/Square,2,20.481,10.2405,20.481,10.2405,0.0005669894380672629,0.9345970582325651,0.0,0.0
164,Device,FusedBatchNormV3,model/batch_normalization_10/FusedBatchNormV3,4,20.481,5.12025,20.481,5.12025,0.0005669894380672629,0.9351640476706323,0.0,0.0
165,Device,AddN,SGD/gradients/AddN_18,2,20.48,10.24,20.48,10.24,0.0005669617543878493,0.9357310094250202,0.0,0.0
166,Device,AddN,SGD/gradients/AddN_4,2,20.48,10.24,20.48,10.24,0.0005669617543878493,0.936297971179408,0.0,0.0
167,Device,Square,conv2d_11/kernel/Regularizer/Square,2,20.48,10.24,20.48,10.24,0.0005669617543878493,0.9368649329337959,0.0,0.0
168,Device,Tile,gradient_tape/conv2d_11/kernel/Regularizer/Tile,2,20.48,10.24,20.48,10.24,0.0005669617543878493,0.9374318946881838,0.0,0.0
169,Device,BiasAddGrad,gradient_tape/model/conv2d_10/BiasAdd/BiasAddGrad,2,20.48,10.24,20.48,10.24,0.0005669617543878493,0.9379988564425716,0.0,0.0
170,Device,BiasAddGrad,gradient_tape/model/conv2d_8/BiasAdd/BiasAddGrad,2,20.48,10.24,20.48,10.24,0.0005669617543878493,0.9385658181969595,0.0,0.0
171,Device,BiasAddGrad,gradient_tape/model/conv2d_9/BiasAdd/BiasAddGrad,2,20.48,10.24,20.48,10.24,0.0005669617543878493,0.9391327799513474,0.0,0.0
172,Device,FusedBatchNormV3,model/batch_normalization_11/FusedBatchNormV3,4,20.48,5.12,20.48,5.12,0.0005669617543878493,0.9396997417057352,0.0,0.0
173,Device,FusedBatchNormV3,model/batch_normalization_9/FusedBatchNormV3,4,20.48,5.12,20.48,5.12,0.0005669617543878493,0.9402667034601231,0.0,0.0
174,Device,Mul,gradient_tape/conv2d_10/kernel/Regularizer/Mul_1,2,19.456,9.728,19.456,9.728,0.0005386136666684568,0.9408053171267915,0.0,0.0
175,Device,FusedBatchNormGradV3,gradient_tape/model/batch_normalization_16/FusedBatchNormGradV3,2,19.456,9.728,19.456,9.728,0.0005386136666684568,0.9413439307934599,0.0,0.0
176,Device,BiasAddGrad,gradient_tape/model/conv2d_12/BiasAdd/BiasAddGrad,2,19.456,9.728,19.456,9.728,0.0005386136666684568,0.9418825444601283,0.0,0.0
177,Device,BiasAddGrad,gradient_tape/model/conv2d_2/BiasAdd/BiasAddGrad,2,19.456,9.728,19.456,9.728,0.0005386136666684568,0.9424211581267967,0.0,0.0
178,Device,Relu,model/activation_1/Relu,2,19.456,9.728,19.456,9.728,0.0005386136666684568,0.9429597717934651,0.0,0.0
179,Device,FusedBatchNormV3,model/batch_normalization_5/FusedBatchNormV3,4,19.456,4.864,19.456,4.864,0.0005386136666684568,0.9434983854601335,0.0,0.0
180,Device,FusedBatchNormV3,model/batch_normalization_7/FusedBatchNormV3,4,19.456,4.864,19.456,4.864,0.0005386136666684568,0.944036999126802,0.0,0.0
181,Device,FusedBatchNormV3,model/batch_normalization_8/FusedBatchNormV3,4,19.456,4.864,19.456,4.864,0.0005386136666684568,0.9445756127934704,0.0,0.0
182,Device,ArgMax,ArgMax_1,2,18.432,9.216,18.432,9.216,0.0005102655789490643,0.9450858783724194,0.0,0.0
183,Device,AddN,ArithmeticOptimizer/AddOpsRewrite_AddN_1,4,18.432,4.608,18.432,4.608,0.0005102655789490643,0.9455961439513685,0.0,0.0
184,Device,Sum,conv2d_10/kernel/Regularizer/Sum,2,18.432,9.216,18.432,9.216,0.0005102655789490643,0.9461064095303175,0.0,0.0
185,Device,Sum,conv2d_9/kernel/Regularizer/Sum,2,18.432,9.216,18.432,9.216,0.0005102655789490643,0.9466166751092666,0.0,0.0
186,Device,ReluGrad,gradient_tape/model/activation_6/ReluGrad,2,18.432,9.216,18.432,9.216,0.0005102655789490643,0.9471269406882157,0.0,0.0
187,Device,ReluGrad,gradient_tape/model/activation_7/ReluGrad,2,18.432,9.216,18.432,9.216,0.0005102655789490643,0.9476372062671647,0.0,0.0
188,Device,ReluGrad,gradient_tape/model/activation_9/ReluGrad,2,18.432,9.216,18.432,9.216,0.0005102655789490643,0.9481474718461138,0.0,0.0
189,Device,FusedBatchNormV3,model/batch_normalization_6/FusedBatchNormV3,4,18.432,4.608,18.432,4.608,0.0005102655789490643,0.9486577374250629,0.0,0.0
190,Device,Sum,conv2d_17/kernel/Regularizer/Sum,2,17.408,8.704,17.408,8.704,0.00048191749122967196,0.9491396549162926,0.0,0.0
191,Device,BiasAddGrad,gradient_tape/model/conv2d_7/BiasAdd/BiasAddGrad,2,16.385,8.1925,16.385,8.1925,0.00045359708718969294,0.9495932520034823,0.0,0.0
192,Device,AddN,SGD/gradients/AddN_3,2,16.384,8.192,16.384,8.192,0.00045356940351027946,0.9500468214069926,0.0,0.0
193,Device,Sum,conv2d_6/kernel/Regularizer/Sum,2,16.384,8.192,16.384,8.192,0.00045356940351027946,0.9505003908105029,0.0,0.0
194,Device,Sum,conv2d_8/kernel/Regularizer/Sum,2,16.384,8.192,16.384,8.192,0.00045356940351027946,0.9509539602140131,0.0,0.0
195,Device,ReluGrad,gradient_tape/model/activation_12/ReluGrad,2,16.384,8.192,16.384,8.192,0.00045356940351027946,0.9514075296175234,0.0,0.0
196,Device,AddV2,model/add_3/add,2,16.384,8.192,16.384,8.192,0.00045356940351027946,0.9518610990210337,0.0,0.0
197,Device,BiasAdd,model/conv2d_7/BiasAdd,2,16.384,8.192,16.384,8.192,0.00045356940351027946,0.9523146684245439,0.0,0.0
198,Device,ResourceApplyGradientDescent,SGD/SGD/update_38/ResourceApplyGradientDescent,2,15.36,7.68,15.36,7.68,0.00042522131579088697,0.9527398897403349,0.0,0.0
199,Device,Tile,gradient_tape/conv2d_5/kernel/Regularizer/Tile,2,15.36,7.68,15.36,7.68,0.00042522131579088697,0.9531651110561258,0.0,0.0
200,Device,BiasAddGrad,gradient_tape/model/conv2d_5/BiasAdd/BiasAddGrad,2,15.36,7.68,15.36,7.68,0.00042522131579088697,0.9535903323719167,0.0,0.0
201,Device,AddV2,model/add_2/add,2,15.36,7.68,15.36,7.68,0.00042522131579088697,0.9540155536877076,0.0,0.0
202,Device,Square,conv2d_10/kernel/Regularizer/Square,2,14.336,7.168,14.336,7.168,0.00039687322807149453,0.9544124269157791,0.0,0.0
203,Device,Sum,conv2d_12/kernel/Regularizer/Sum,2,14.336,7.168,14.336,7.168,0.00039687322807149453,0.9548093001438506,0.0,0.0
204,Device,Sum,conv2d_2/kernel/Regularizer/Sum,2,14.336,7.168,14.336,7.168,0.00039687322807149453,0.955206173371922,0.0,0.0
205,Device,Mul,gradient_tape/conv2d_10/kernel/Regularizer/Mul,2,14.336,7.168,14.336,7.168,0.00039687322807149453,0.9556030465999935,0.0,0.0
206,Device,MatMul,gradient_tape/model/dense/MatMul/MatMul,2,14.336,7.168,14.336,7.168,0.00039687322807149453,0.955999919828065,0.0,0.0
207,Device,Sum,conv2d_1/kernel/Regularizer/Sum,2,13.312,6.656,13.312,6.656,0.00036852514035210204,0.9563684449684171,0.0,0.0
208,Device,Sum,conv2d_3/kernel/Regularizer/Sum,2,13.312,6.656,13.312,6.656,0.00036852514035210204,0.9567369701087692,0.0,0.0
209,Device,Sum,conv2d_5/kernel/Regularizer/Sum,2,13.312,6.656,13.312,6.656,0.00036852514035210204,0.9571054952491214,0.0,0.0
210,Device,Tile,gradient_tape/conv2d_6/kernel/Regularizer/Tile,2,13.312,6.656,13.312,6.656,0.00036852514035210204,0.9574740203894735,0.0,0.0
211,Device,ReluGrad,gradient_tape/model/activation_11/ReluGrad,2,13.312,6.656,13.312,6.656,0.00036852514035210204,0.9578425455298256,0.0,0.0
212,Device,Tile,gradient_tape/conv2d_10/kernel/Regularizer/Tile,2,12.289,6.1445,12.289,6.1445,0.0003402047363121231,0.9581827502661378,0.0,0.0
213,Device,ResourceApplyGradientDescent,SGD/SGD/update_60/ResourceApplyGradientDescent,2,12.288,6.144,12.288,6.144,0.0003401770526327096,0.9585229273187704,0.0,0.0
214,Device,AddN,SGD/gradients/AddN_2,2,12.288,6.144,12.288,6.144,0.0003401770526327096,0.9588631043714031,0.0,0.0
215,Device,Sum,conv2d/kernel/Regularizer/Sum,2,12.288,6.144,12.288,6.144,0.0003401770526327096,0.9592032814240358,0.0,0.0
216,Device,Tile,gradient_tape/conv2d_1/kernel/Regularizer/Tile,2,12.288,6.144,12.288,6.144,0.0003401770526327096,0.9595434584766684,0.0,0.0
217,Device,Tile,gradient_tape/conv2d_12/kernel/Regularizer/Tile,2,12.288,6.144,12.288,6.144,0.0003401770526327096,0.9598836355293011,0.0,0.0
218,Device,Tile,gradient_tape/conv2d_17/kernel/Regularizer/Tile,2,12.288,6.144,12.288,6.144,0.0003401770526327096,0.9602238125819338,0.0,0.0
219,Device,Mul,gradient_tape/conv2d_6/kernel/Regularizer/Mul_1,2,12.288,6.144,12.288,6.144,0.0003401770526327096,0.9605639896345665,0.0,0.0
220,Device,ReluGrad,gradient_tape/model/activation_10/ReluGrad,2,12.288,6.144,12.288,6.144,0.0003401770526327096,0.9609041666871991,0.0,0.0
221,Device,ReluGrad,gradient_tape/model/activation_13/ReluGrad,2,12.288,6.144,12.288,6.144,0.0003401770526327096,0.9612443437398318,0.0,0.0
222,Device,MatMul,gradient_tape/model/dense/MatMul/MatMul_1,2,12.288,6.144,12.288,6.144,0.0003401770526327096,0.9615845207924645,0.0,0.0
223,Device,Relu,model/activation_3/Relu,2,12.288,6.144,12.288,6.144,0.0003401770526327096,0.9619246978450972,0.0,0.0
224,Device,BiasAdd,model/conv2d_8/BiasAdd,2,12.288,6.144,12.288,6.144,0.0003401770526327096,0.9622648748977298,0.0,0.0
225,Device,AddN,SGD/gradients/AddN_16,2,11.265,5.6325,11.265,5.6325,0.00031185664859273063,0.9625767315463225,0.0,0.0
226,Device,ReluGrad,gradient_tape/model/activation_14/ReluGrad,2,11.265,5.6325,11.265,5.6325,0.00031185664859273063,0.9628885881949152,0.0,0.0
227,Device,AddN,SGD/gradients/AddN_24,2,11.264,5.632,11.264,5.632,0.0003118289649133171,0.9632004171598285,0.0,0.0
228,Device,Square,conv2d_9/kernel/Regularizer/Square,2,11.264,5.632,11.264,5.632,0.0003118289649133171,0.9635122461247418,0.0,0.0
229,Device,Mul,gradient_tape/conv2d_17/kernel/Regularizer/Mul_1,2,11.264,5.632,11.264,5.632,0.0003118289649133171,0.9638240750896552,0.0,0.0
230,Device,Mul,gradient_tape/conv2d_9/kernel/Regularizer/Mul_1,2,11.264,5.632,11.264,5.632,0.0003118289649133171,0.9641359040545685,0.0,0.0
231,Device,ReluGrad,gradient_tape/model/activation_15/ReluGrad,2,11.264,5.632,11.264,5.632,0.0003118289649133171,0.9644477330194818,0.0,0.0
232,Device,ResourceApplyGradientDescent,SGD/SGD/update_20/ResourceApplyGradientDescent,2,10.24,5.12,10.24,5.12,0.00028348087719392466,0.9647312138966757,0.0,0.0
233,Device,ResourceApplyGradientDescent,SGD/SGD/update_26/ResourceApplyGradientDescent,2,10.24,5.12,10.24,5.12,0.00028348087719392466,0.9650146947738696,0.0,0.0
234,Device,ResourceApplyGradientDescent,SGD/SGD/update_4/ResourceApplyGradientDescent,2,10.24,5.12,10.24,5.12,0.00028348087719392466,0.9652981756510635,0.0,0.0
235,Device,AddN,SGD/gradients/AddN_1,2,10.24,5.12,10.24,5.12,0.00028348087719392466,0.9655816565282573,0.0,0.0
236,Device,AddN,SGD/gradients/AddN_13,2,10.24,5.12,10.24,5.12,0.00028348087719392466,0.9658651374054512,0.0,0.0
237,Device,AddN,SGD/gradients/AddN_15,2,10.24,5.12,10.24,5.12,0.00028348087719392466,0.9661486182826451,0.0,0.0
238,Device,AddN,SGD/gradients/AddN_17,2,10.24,5.12,10.24,5.12,0.00028348087719392466,0.966432099159839,0.0,0.0
239,Device,Square,conv2d_17/kernel/Regularizer/Square,2,10.24,5.12,10.24,5.12,0.00028348087719392466,0.9667155800370328,0.0,0.0
240,Device,Sum,conv2d_4/kernel/Regularizer/Sum,2,10.24,5.12,10.24,5.12,0.00028348087719392466,0.9669990609142267,0.0,0.0
241,Device,Square,conv2d_6/kernel/Regularizer/Square,2,10.24,5.12,10.24,5.12,0.00028348087719392466,0.9672825417914206,0.0,0.0
242,Device,Sum,conv2d_7/kernel/Regularizer/Sum,2,10.24,5.12,10.24,5.12,0.00028348087719392466,0.9675660226686145,0.0,0.0
243,Device,Mul,gradient_tape/conv2d_6/kernel/Regularizer/Mul,2,10.24,5.12,10.24,5.12,0.00028348087719392466,0.9678495035458083,0.0,0.0
244,Device,Mul,gradient_tape/conv2d_8/kernel/Regularizer/Mul_1,2,10.24,5.12,10.24,5.12,0.00028348087719392466,0.9681329844230022,0.0,0.0
245,Device,AvgPoolGrad,gradient_tape/model/average_pooling2d/AvgPoolGrad,2,10.24,5.12,10.24,5.12,0.00028348087719392466,0.9684164653001961,0.0,0.0
246,Device,AddV2,model/add_5/add,2,10.24,5.12,10.24,5.12,0.00028348087719392466,0.96869994617739,0.0,0.0
247,Device,AvgPool,model/average_pooling2d/AvgPool,2,10.24,5.12,10.24,5.12,0.00028348087719392466,0.9689834270545838,0.0,0.0
248,Device,BiasAdd,model/conv2d_5/BiasAdd,2,10.24,5.12,10.24,5.12,0.00028348087719392466,0.9692669079317777,0.0,0.0
249,Device,BiasAdd,model/conv2d_6/BiasAdd,2,10.24,5.12,10.24,5.12,0.00028348087719392466,0.9695503888089716,0.0,0.0
250,Device,BiasAdd,model/conv2d_9/BiasAdd,2,10.24,5.12,10.24,5.12,0.00028348087719392466,0.9698338696861655,0.0,0.0
251,Device,ResourceApplyGradientDescent,SGD/SGD/update_30/ResourceApplyGradientDescent,2,9.216,4.608,9.216,4.608,0.00025513278947453217,0.97008900247564,0.0,0.0
252,Device,ResourceApplyGradientDescent,SGD/SGD/update_34/ResourceApplyGradientDescent,2,9.216,4.608,9.216,4.608,0.00025513278947453217,0.9703441352651145,0.0,0.0
253,Device,AddN,SGD/gradients/AddN_12,2,9.216,4.608,9.216,4.608,0.00025513278947453217,0.9705992680545891,0.0,0.0
254,Device,Square,conv2d_8/kernel/Regularizer/Square,2,9.216,4.608,9.216,4.608,0.00025513278947453217,0.9708544008440636,0.0,0.0
255,Device,Mul,gradient_tape/conv2d_17/kernel/Regularizer/Mul,2,9.216,4.608,9.216,4.608,0.00025513278947453217,0.9711095336335381,0.0,0.0
256,Device,Relu,model/activation_6/Relu,2,9.216,4.608,9.216,4.608,0.00025513278947453217,0.9713646664230127,0.0,0.0
257,Device,Relu,model/activation_7/Relu,2,9.216,4.608,9.216,4.608,0.00025513278947453217,0.9716197992124872,0.0,0.0
258,Device,Relu,model/activation_8/Relu,2,9.216,4.608,9.216,4.608,0.00025513278947453217,0.9718749320019617,0.0,0.0
259,Device,AddV2,model/add_4/add,2,9.216,4.608,9.216,4.608,0.00025513278947453217,0.9721300647914363,0.0,0.0
260,Device,AddV2,model/add_7/add,2,9.216,4.608,9.216,4.608,0.00025513278947453217,0.9723851975809108,0.0,0.0
261,Device,AddN,SGD/gradients/AddN_10,2,8.193,4.0965,8.193,4.0965,0.00022681238543455318,0.9726120099663453,0.0,0.0
262,Device,Square,conv2d_5/kernel/Regularizer/Square,2,8.193,4.0965,8.193,4.0965,0.00022681238543455318,0.9728388223517799,0.0,0.0
263,Device,ResourceApplyGradientDescent,SGD/SGD/update_12/ResourceApplyGradientDescent,2,8.192,4.096,8.192,4.096,0.00022678470175513973,0.9730656070535351,0.0,0.0
264,Device,ResourceApplyGradientDescent,SGD/SGD/update_16/ResourceApplyGradientDescent,2,8.192,4.096,8.192,4.096,0.00022678470175513973,0.9732923917552903,0.0,0.0
265,Device,ResourceApplyGradientDescent,SGD/SGD/update_42/ResourceApplyGradientDescent,2,8.192,4.096,8.192,4.096,0.00022678470175513973,0.9735191764570454,0.0,0.0
266,Device,ResourceApplyGradientDescent,SGD/SGD/update_8/ResourceApplyGradientDescent,2,8.192,4.096,8.192,4.096,0.00022678470175513973,0.9737459611588006,0.0,0.0
267,Device,AddN,SGD/gradients/AddN,2,8.192,4.096,8.192,4.096,0.00022678470175513973,0.9739727458605558,0.0,0.0
268,Device,AddN,SGD/gradients/AddN_11,2,8.192,4.096,8.192,4.096,0.00022678470175513973,0.974199530562311,0.0,0.0
269,Device,AddN,SGD/gradients/AddN_14,2,8.192,4.096,8.192,4.096,0.00022678470175513973,0.9744263152640662,0.0,0.0
270,Device,AddN,SGD/gradients/AddN_9,2,8.192,4.096,8.192,4.096,0.00022678470175513973,0.9746530999658214,0.0,0.0
271,Device,Mul,gradient_tape/conv2d_1/kernel/Regularizer/Mul_1,2,8.192,4.096,8.192,4.096,0.00022678470175513973,0.9748798846675766,0.0,0.0
272,Device,Mul,gradient_tape/conv2d_12/kernel/Regularizer/Mul,2,8.192,4.096,8.192,4.096,0.00022678470175513973,0.9751066693693318,0.0,0.0
273,Device,Mul,gradient_tape/conv2d_12/kernel/Regularizer/Mul_1,2,8.192,4.096,8.192,4.096,0.00022678470175513973,0.975333454071087,0.0,0.0
274,Device,Mul,gradient_tape/conv2d_5/kernel/Regularizer/Mul,2,8.192,4.096,8.192,4.096,0.00022678470175513973,0.9755602387728421,0.0,0.0
275,Device,Mul,gradient_tape/conv2d_5/kernel/Regularizer/Mul_1,2,8.192,4.096,8.192,4.096,0.00022678470175513973,0.9757870234745973,0.0,0.0
276,Device,Relu,model/activation_12/Relu,2,8.192,4.096,8.192,4.096,0.00022678470175513973,0.9760138081763525,0.0,0.0
277,Device,Relu,model/activation_5/Relu,2,8.192,4.096,8.192,4.096,0.00022678470175513973,0.9762405928781077,0.0,0.0
278,Device,AddV2,model/add_6/add,2,8.192,4.096,8.192,4.096,0.00022678470175513973,0.9764673775798629,0.0,0.0
279,Device,BiasAdd,model/conv2d_10/BiasAdd,2,8.192,4.096,8.192,4.096,0.00022678470175513973,0.9766941622816181,0.0,0.0
280,Device,BiasAdd,model/conv2d_11/BiasAdd,2,8.192,4.096,8.192,4.096,0.00022678470175513973,0.9769209469833733,0.0,0.0
281,Device,BiasAdd,model/conv2d_12/BiasAdd,2,8.192,4.096,8.192,4.096,0.00022678470175513973,0.9771477316851285,0.0,0.0
282,Device,BiasAdd,model/conv2d_13/BiasAdd,2,8.192,4.096,8.192,4.096,0.00022678470175513973,0.9773745163868837,0.0,0.0
283,Device,BiasAdd,model/conv2d_14/BiasAdd,2,8.192,4.096,8.192,4.096,0.00022678470175513973,0.9776013010886389,0.0,0.0
284,Device,BiasAdd,model/conv2d_15/BiasAdd,2,8.192,4.096,8.192,4.096,0.00022678470175513973,0.977828085790394,0.0,0.0
285,Device,BiasAdd,model/conv2d_16/BiasAdd,2,8.192,4.096,8.192,4.096,0.00022678470175513973,0.9780548704921492,0.0,0.0
286,Device,BiasAdd,model/conv2d_18/BiasAdd,2,8.192,4.096,8.192,4.096,0.00022678470175513973,0.9782816551939044,0.0,0.0
287,Device,ResourceApplyGradientDescent,SGD/SGD/update_24/ResourceApplyGradientDescent,2,7.168,3.584,7.168,3.584,0.00019843661403574727,0.9784800918079402,0.0,0.0
288,Device,ResourceApplyGradientDescent,SGD/SGD/update_28/ResourceApplyGradientDescent,2,7.168,3.584,7.168,3.584,0.00019843661403574727,0.9786785284219759,0.0,0.0
289,Device,ResourceApplyGradientDescent,SGD/SGD/update_32/ResourceApplyGradientDescent,2,7.168,3.584,7.168,3.584,0.00019843661403574727,0.9788769650360116,0.0,0.0
290,Device,ResourceApplyGradientDescent,SGD/SGD/update_54/ResourceApplyGradientDescent,2,7.168,3.584,7.168,3.584,0.00019843661403574727,0.9790754016500474,0.0,0.0
291,Device,ResourceApplyGradientDescent,SGD/SGD/update_71/ResourceApplyGradientDescent,2,7.168,3.584,7.168,3.584,0.00019843661403574727,0.9792738382640831,0.0,0.0
292,Device,ResourceApplyGradientDescent,SGD/SGD/update_74/ResourceApplyGradientDescent,2,7.168,3.584,7.168,3.584,0.00019843661403574727,0.9794722748781188,0.0,0.0
293,Device,AddN,SGD/gradients/AddN_19,2,7.168,3.584,7.168,3.584,0.00019843661403574727,0.9796707114921546,0.0,0.0
294,Device,Square,conv2d_1/kernel/Regularizer/Square,2,7.168,3.584,7.168,3.584,0.00019843661403574727,0.9798691481061903,0.0,0.0
295,Device,Square,conv2d_4/kernel/Regularizer/Square,2,7.168,3.584,7.168,3.584,0.00019843661403574727,0.980067584720226,0.0,0.0
296,Device,Mul,gradient_tape/conv2d_1/kernel/Regularizer/Mul,2,7.168,3.584,7.168,3.584,0.00019843661403574727,0.9802660213342618,0.0,0.0
297,Device,Mul,gradient_tape/conv2d_2/kernel/Regularizer/Mul_1,2,7.168,3.584,7.168,3.584,0.00019843661403574727,0.9804644579482975,0.0,0.0
298,Device,ReluGrad,gradient_tape/model/activation_16/ReluGrad,2,7.168,3.584,7.168,3.584,0.00019843661403574727,0.9806628945623332,0.0,0.0
299,Device,BiasAddGrad,gradient_tape/model/dense/BiasAdd/BiasAddGrad,2,7.168,3.584,7.168,3.584,0.00019843661403574727,0.980861331176369,0.0,0.0
300,Device,Relu,model/activation_11/Relu,2,7.168,3.584,7.168,3.584,0.00019843661403574727,0.9810597677904047,0.0,0.0
301,Device,Relu,model/activation_9/Relu,2,7.168,3.584,7.168,3.584,0.00019843661403574727,0.9812582044044404,0.0,0.0
302,Device,BiasAdd,model/conv2d_17/BiasAdd,2,7.168,3.584,7.168,3.584,0.00019843661403574727,0.9814566410184762,0.0,0.0
303,Device,BiasAdd,model/conv2d_19/BiasAdd,2,7.168,3.584,7.168,3.584,0.00019843661403574727,0.9816550776325119,0.0,0.0
304,Device,ResourceApplyGradientDescent,SGD/SGD/update_18/ResourceApplyGradientDescent,2,6.145,3.0725,6.145,3.0725,0.00017011620999576825,0.9818251938425077,0.0,0.0
305,Device,ResourceApplyGradientDescent,SGD/SGD/update_43/ResourceApplyGradientDescent,2,6.145,3.0725,6.145,3.0725,0.00017011620999576825,0.9819953100525034,0.0,0.0
306,Device,ResourceApplyGradientDescent,SGD/SGD/update_57/ResourceApplyGradientDescent,2,6.145,3.0725,6.145,3.0725,0.00017011620999576825,0.9821654262624991,0.0,0.0
307,Device,Mul,conv2d_12/kernel/Regularizer/mul,2,6.145,3.0725,6.145,3.0725,0.00017011620999576825,0.9823355424724949,0.0,0.0
308,Device,Mul,conv2d_7/kernel/Regularizer/mul,2,6.145,3.0725,6.145,3.0725,0.00017011620999576825,0.9825056586824906,0.0,0.0
309,Device,BiasAdd,model/dense/BiasAdd,2,6.145,3.0725,6.145,3.0725,0.00017011620999576825,0.9826757748924864,0.0,0.0
310,Device,AssignAddVariableOp,AssignAddVariableOp_1,2,6.144,3.072,6.144,3.072,0.0001700885263163548,0.9828458634188028,0.0,0.0
311,Device,AssignAddVariableOp,AssignAddVariableOp_2,2,6.144,3.072,6.144,3.072,0.0001700885263163548,0.9830159519451191,0.0,0.0
312,Device,AssignAddVariableOp,AssignAddVariableOp_4,2,6.144,3.072,6.144,3.072,0.0001700885263163548,0.9831860404714355,0.0,0.0
313,Device,Cast,Cast,2,6.144,3.072,6.144,3.072,0.0001700885263163548,0.9833561289977519,0.0,0.0
314,Device,Cast,Cast_1,2,6.144,3.072,6.144,3.072,0.0001700885263163548,0.9835262175240683,0.0,0.0
315,Device,AssignAddVariableOp,SGD/SGD/AssignAddVariableOp,2,6.144,3.072,6.144,3.072,0.0001700885263163548,0.9836963060503847,0.0,0.0
316,Device,ResourceApplyGradientDescent,SGD/SGD/update/ResourceApplyGradientDescent,2,6.144,3.072,6.144,3.072,0.0001700885263163548,0.9838663945767011,0.0,0.0
317,Device,ResourceApplyGradientDescent,SGD/SGD/update_1/ResourceApplyGradientDescent,2,6.144,3.072,6.144,3.072,0.0001700885263163548,0.9840364831030175,0.0,0.0
318,Device,ResourceApplyGradientDescent,SGD/SGD/update_10/ResourceApplyGradientDescent,2,6.144,3.072,6.144,3.072,0.0001700885263163548,0.9842065716293339,0.0,0.0
319,Device,ResourceApplyGradientDescent,SGD/SGD/update_11/ResourceApplyGradientDescent,2,6.144,3.072,6.144,3.072,0.0001700885263163548,0.9843766601556503,0.0,0.0
320,Device,ResourceApplyGradientDescent,SGD/SGD/update_13/ResourceApplyGradientDescent,2,6.144,3.072,6.144,3.072,0.0001700885263163548,0.9845467486819667,0.0,0.0
321,Device,ResourceApplyGradientDescent,SGD/SGD/update_14/ResourceApplyGradientDescent,2,6.144,3.072,6.144,3.072,0.0001700885263163548,0.9847168372082831,0.0,0.0
322,Device,ResourceApplyGradientDescent,SGD/SGD/update_15/ResourceApplyGradientDescent,2,6.144,3.072,6.144,3.072,0.0001700885263163548,0.9848869257345995,0.0,0.0
323,Device,ResourceApplyGradientDescent,SGD/SGD/update_17/ResourceApplyGradientDescent,2,6.144,3.072,6.144,3.072,0.0001700885263163548,0.9850570142609159,0.0,0.0
324,Device,ResourceApplyGradientDescent,SGD/SGD/update_2/ResourceApplyGradientDescent,2,6.144,3.072,6.144,3.072,0.0001700885263163548,0.9852271027872322,0.0,0.0
325,Device,ResourceApplyGradientDescent,SGD/SGD/update_21/ResourceApplyGradientDescent,2,6.144,3.072,6.144,3.072,0.0001700885263163548,0.9853971913135486,0.0,0.0
326,Device,ResourceApplyGradientDescent,SGD/SGD/update_22/ResourceApplyGradientDescent,2,6.144,3.072,6.144,3.072,0.0001700885263163548,0.985567279839865,0.0,0.0
327,Device,ResourceApplyGradientDescent,SGD/SGD/update_23/ResourceApplyGradientDescent,2,6.144,3.072,6.144,3.072,0.0001700885263163548,0.9857373683661814,0.0,0.0
328,Device,ResourceApplyGradientDescent,SGD/SGD/update_25/ResourceApplyGradientDescent,2,6.144,3.072,6.144,3.072,0.0001700885263163548,0.9859074568924978,0.0,0.0
329,Device,ResourceApplyGradientDescent,SGD/SGD/update_27/ResourceApplyGradientDescent,2,6.144,3.072,6.144,3.072,0.0001700885263163548,0.9860775454188142,0.0,0.0
330,Device,ResourceApplyGradientDescent,SGD/SGD/update_3/ResourceApplyGradientDescent,2,6.144,3.072,6.144,3.072,0.0001700885263163548,0.9862476339451306,0.0,0.0
331,Device,ResourceApplyGradientDescent,SGD/SGD/update_31/ResourceApplyGradientDescent,2,6.144,3.072,6.144,3.072,0.0001700885263163548,0.986417722471447,0.0,0.0
332,Device,ResourceApplyGradientDescent,SGD/SGD/update_33/ResourceApplyGradientDescent,2,6.144,3.072,6.144,3.072,0.0001700885263163548,0.9865878109977634,0.0,0.0
333,Device,ResourceApplyGradientDescent,SGD/SGD/update_35/ResourceApplyGradientDescent,2,6.144,3.072,6.144,3.072,0.0001700885263163548,0.9867578995240798,0.0,0.0
334,Device,ResourceApplyGradientDescent,SGD/SGD/update_36/ResourceApplyGradientDescent,2,6.144,3.072,6.144,3.072,0.0001700885263163548,0.9869279880503962,0.0,0.0
335,Device,ResourceApplyGradientDescent,SGD/SGD/update_37/ResourceApplyGradientDescent,2,6.144,3.072,6.144,3.072,0.0001700885263163548,0.9870980765767126,0.0,0.0
336,Device,ResourceApplyGradientDescent,SGD/SGD/update_40/ResourceApplyGradientDescent,2,6.144,3.072,6.144,3.072,0.0001700885263163548,0.987268165103029,0.0,0.0
337,Device,ResourceApplyGradientDescent,SGD/SGD/update_41/ResourceApplyGradientDescent,2,6.144,3.072,6.144,3.072,0.0001700885263163548,0.9874382536293453,0.0,0.0
338,Device,ResourceApplyGradientDescent,SGD/SGD/update_45/ResourceApplyGradientDescent,2,6.144,3.072,6.144,3.072,0.0001700885263163548,0.9876083421556617,0.0,0.0
339,Device,ResourceApplyGradientDescent,SGD/SGD/update_46/ResourceApplyGradientDescent,2,6.144,3.072,6.144,3.072,0.0001700885263163548,0.9877784306819781,0.0,0.0
340,Device,ResourceApplyGradientDescent,SGD/SGD/update_47/ResourceApplyGradientDescent,2,6.144,3.072,6.144,3.072,0.0001700885263163548,0.9879485192082945,0.0,0.0
341,Device,ResourceApplyGradientDescent,SGD/SGD/update_49/ResourceApplyGradientDescent,2,6.144,3.072,6.144,3.072,0.0001700885263163548,0.9881186077346109,0.0,0.0
342,Device,ResourceApplyGradientDescent,SGD/SGD/update_5/ResourceApplyGradientDescent,2,6.144,3.072,6.144,3.072,0.0001700885263163548,0.9882886962609273,0.0,0.0
343,Device,ResourceApplyGradientDescent,SGD/SGD/update_51/ResourceApplyGradientDescent,2,6.144,3.072,6.144,3.072,0.0001700885263163548,0.9884587847872437,0.0,0.0
344,Device,ResourceApplyGradientDescent,SGD/SGD/update_53/ResourceApplyGradientDescent,2,6.144,3.072,6.144,3.072,0.0001700885263163548,0.9886288733135601,0.0,0.0
345,Device,ResourceApplyGradientDescent,SGD/SGD/update_55/ResourceApplyGradientDescent,2,6.144,3.072,6.144,3.072,0.0001700885263163548,0.9887989618398765,0.0,0.0
346,Device,ResourceApplyGradientDescent,SGD/SGD/update_58/ResourceApplyGradientDescent,2,6.144,3.072,6.144,3.072,0.0001700885263163548,0.9889690503661929,0.0,0.0
347,Device,ResourceApplyGradientDescent,SGD/SGD/update_59/ResourceApplyGradientDescent,2,6.144,3.072,6.144,3.072,0.0001700885263163548,0.9891391388925093,0.0,0.0
348,Device,ResourceApplyGradientDescent,SGD/SGD/update_6/ResourceApplyGradientDescent,2,6.144,3.072,6.144,3.072,0.0001700885263163548,0.9893092274188257,0.0,0.0
349,Device,ResourceApplyGradientDescent,SGD/SGD/update_61/ResourceApplyGradientDescent,2,6.144,3.072,6.144,3.072,0.0001700885263163548,0.989479315945142,0.0,0.0
350,Device,ResourceApplyGradientDescent,SGD/SGD/update_63/ResourceApplyGradientDescent,2,6.144,3.072,6.144,3.072,0.0001700885263163548,0.9896494044714584,0.0,0.0
351,Device,ResourceApplyGradientDescent,SGD/SGD/update_64/ResourceApplyGradientDescent,2,6.144,3.072,6.144,3.072,0.0001700885263163548,0.9898194929977748,0.0,0.0
352,Device,ResourceApplyGradientDescent,SGD/SGD/update_65/ResourceApplyGradientDescent,2,6.144,3.072,6.144,3.072,0.0001700885263163548,0.9899895815240912,0.0,0.0
353,Device,ResourceApplyGradientDescent,SGD/SGD/update_67/ResourceApplyGradientDescent,2,6.144,3.072,6.144,3.072,0.0001700885263163548,0.9901596700504076,0.0,0.0
354,Device,ResourceApplyGradientDescent,SGD/SGD/update_68/ResourceApplyGradientDescent,2,6.144,3.072,6.144,3.072,0.0001700885263163548,0.990329758576724,0.0,0.0
355,Device,ResourceApplyGradientDescent,SGD/SGD/update_69/ResourceApplyGradientDescent,2,6.144,3.072,6.144,3.072,0.0001700885263163548,0.9904998471030404,0.0,0.0
356,Device,ResourceApplyGradientDescent,SGD/SGD/update_7/ResourceApplyGradientDescent,2,6.144,3.072,6.144,3.072,0.0001700885263163548,0.9906699356293568,0.0,0.0
357,Device,ResourceApplyGradientDescent,SGD/SGD/update_72/ResourceApplyGradientDescent,2,6.144,3.072,6.144,3.072,0.0001700885263163548,0.9908400241556732,0.0,0.0
358,Device,ResourceApplyGradientDescent,SGD/SGD/update_73/ResourceApplyGradientDescent,2,6.144,3.072,6.144,3.072,0.0001700885263163548,0.9910101126819896,0.0,0.0
359,Device,ResourceApplyGradientDescent,SGD/SGD/update_9/ResourceApplyGradientDescent,2,6.144,3.072,6.144,3.072,0.0001700885263163548,0.991180201208306,0.0,0.0
360,Device,AddN,SGD/gradients/AddN_8,2,6.144,3.072,6.144,3.072,0.0001700885263163548,0.9913502897346224,0.0,0.0
361,Device,Cast,categorical_crossentropy/weighted_loss/num_elements/Cast,2,6.144,3.072,6.144,3.072,0.0001700885263163548,0.9915203782609388,0.0,0.0
362,Device,DivNoNan,categorical_crossentropy/weighted_loss/value,2,6.144,3.072,6.144,3.072,0.0001700885263163548,0.9916904667872551,0.0,0.0
363,Device,Square,conv2d/kernel/Regularizer/Square,2,6.144,3.072,6.144,3.072,0.0001700885263163548,0.9918605553135715,0.0,0.0
364,Device,Mul,conv2d/kernel/Regularizer/mul,2,6.144,3.072,6.144,3.072,0.0001700885263163548,0.9920306438398879,0.0,0.0
365,Device,Mul,conv2d_1/kernel/Regularizer/mul,2,6.144,3.072,6.144,3.072,0.0001700885263163548,0.9922007323662043,0.0,0.0
366,Device,Mul,conv2d_10/kernel/Regularizer/mul,2,6.144,3.072,6.144,3.072,0.0001700885263163548,0.9923708208925207,0.0,0.0
367,Device,Mul,conv2d_11/kernel/Regularizer/mul,2,6.144,3.072,6.144,3.072,0.0001700885263163548,0.9925409094188371,0.0,0.0
368,Device,Square,conv2d_12/kernel/Regularizer/Square,2,6.144,3.072,6.144,3.072,0.0001700885263163548,0.9927109979451535,0.0,0.0
369,Device,Mul,conv2d_13/kernel/Regularizer/mul,2,6.144,3.072,6.144,3.072,0.0001700885263163548,0.9928810864714699,0.0,0.0
370,Device,Mul,conv2d_15/kernel/Regularizer/mul,2,6.144,3.072,6.144,3.072,0.0001700885263163548,0.9930511749977863,0.0,0.0
371,Device,Mul,conv2d_16/kernel/Regularizer/mul,2,6.144,3.072,6.144,3.072,0.0001700885263163548,0.9932212635241027,0.0,0.0
372,Device,Mul,conv2d_18/kernel/Regularizer/mul,2,6.144,3.072,6.144,3.072,0.0001700885263163548,0.9933913520504191,0.0,0.0
373,Device,Mul,conv2d_19/kernel/Regularizer/mul,2,6.144,3.072,6.144,3.072,0.0001700885263163548,0.9935614405767355,0.0,0.0
374,Device,Square,conv2d_2/kernel/Regularizer/Square,2,6.144,3.072,6.144,3.072,0.0001700885263163548,0.9937315291030518,0.0,0.0
375,Device,Mul,conv2d_2/kernel/Regularizer/mul,2,6.144,3.072,6.144,3.072,0.0001700885263163548,0.9939016176293682,0.0,0.0
376,Device,Square,conv2d_3/kernel/Regularizer/Square,2,6.144,3.072,6.144,3.072,0.0001700885263163548,0.9940717061556846,0.0,0.0
377,Device,Mul,conv2d_3/kernel/Regularizer/mul,2,6.144,3.072,6.144,3.072,0.0001700885263163548,0.994241794682001,0.0,0.0
378,Device,Mul,conv2d_4/kernel/Regularizer/mul,2,6.144,3.072,6.144,3.072,0.0001700885263163548,0.9944118832083174,0.0,0.0
379,Device,Mul,conv2d_5/kernel/Regularizer/mul,2,6.144,3.072,6.144,3.072,0.0001700885263163548,0.9945819717346338,0.0,0.0
380,Device,Mul,conv2d_6/kernel/Regularizer/mul,2,6.144,3.072,6.144,3.072,0.0001700885263163548,0.9947520602609502,0.0,0.0
381,Device,Square,conv2d_7/kernel/Regularizer/Square,2,6.144,3.072,6.144,3.072,0.0001700885263163548,0.9949221487872666,0.0,0.0
382,Device,Mul,conv2d_9/kernel/Regularizer/mul,2,6.144,3.072,6.144,3.072,0.0001700885263163548,0.995092237313583,0.0,0.0
383,Device,Mul,gradient_tape/categorical_crossentropy/softmax_cross_entropy_with_logits/mul,2,6.144,3.072,6.144,3.072,0.0001700885263163548,0.9952623258398994,0.0,0.0
384,Device,Tile,gradient_tape/categorical_crossentropy/weighted_loss/Tile_1,2,6.144,3.072,6.144,3.072,0.0001700885263163548,0.9954324143662158,0.0,0.0
385,Device,DivNoNan,gradient_tape/categorical_crossentropy/weighted_loss/value/div_no_nan,2,6.144,3.072,6.144,3.072,0.0001700885263163548,0.9956025028925322,0.0,0.0
386,Device,Mul,gradient_tape/conv2d/kernel/Regularizer/Mul_1,2,6.144,3.072,6.144,3.072,0.0001700885263163548,0.9957725914188486,0.0,0.0
387,Device,Mul,gradient_tape/conv2d_3/kernel/Regularizer/Mul_1,2,6.144,3.072,6.144,3.072,0.0001700885263163548,0.9959426799451649,0.0,0.0
388,Device,Mul,gradient_tape/conv2d_4/kernel/Regularizer/Mul_1,2,6.144,3.072,6.144,3.072,0.0001700885263163548,0.9961127684714813,0.0,0.0
389,Device,Mul,gradient_tape/conv2d_7/kernel/Regularizer/Mul_1,2,6.144,3.072,6.144,3.072,0.0001700885263163548,0.9962828569977977,0.0,0.0
390,Device,Relu,model/activation_10/Relu,2,6.144,3.072,6.144,3.072,0.0001700885263163548,0.9964529455241141,0.0,0.0
391,Device,Relu,model/activation_13/Relu,2,6.144,3.072,6.144,3.072,0.0001700885263163548,0.9966230340504305,0.0,0.0
392,Device,Relu,model/activation_14/Relu,2,6.144,3.072,6.144,3.072,0.0001700885263163548,0.9967931225767469,0.0,0.0
393,Device,Relu,model/activation_15/Relu,2,6.144,3.072,6.144,3.072,0.0001700885263163548,0.9969632111030633,0.0,0.0
394,Device,Relu,model/activation_16/Relu,2,6.144,3.072,6.144,3.072,0.0001700885263163548,0.9971332996293797,0.0,0.0
395,Device,AssignAddVariableOp,AssignAddVariableOp,2,5.12,2.56,5.12,2.56,0.00014174043859696233,0.9972750400679766,0.0,0.0
396,Device,AssignAddVariableOp,AssignAddVariableOp_3,2,5.12,2.56,5.12,2.56,0.00014174043859696233,0.9974167805065736,0.0,0.0
397,Device,Cast,Cast_2,2,5.12,2.56,5.12,2.56,0.00014174043859696233,0.9975585209451705,0.0,0.0
398,Device,Equal,Equal,2,5.12,2.56,5.12,2.56,0.00014174043859696233,0.9977002613837674,0.0,0.0
399,Device,_Send,IteratorGetNext/_3,2,5.12,2.56,5.12,2.56,0.00014174043859696233,0.9978420018223644,0.0,0.0
400,Device,Mul,Mul,2,5.12,2.56,5.12,2.56,0.00014174043859696233,0.9979837422609613,0.0,0.0
401,Device,ResourceApplyGradientDescent,SGD/SGD/update_19/ResourceApplyGradientDescent,2,5.12,2.56,5.12,2.56,0.00014174043859696233,0.9981254826995583,0.0,0.0
402,Device,ResourceApplyGradientDescent,SGD/SGD/update_29/ResourceApplyGradientDescent,2,5.12,2.56,5.12,2.56,0.00014174043859696233,0.9982672231381552,0.0,0.0
403,Device,ResourceApplyGradientDescent,SGD/SGD/update_39/ResourceApplyGradientDescent,2,5.12,2.56,5.12,2.56,0.00014174043859696233,0.9984089635767521,0.0,0.0
404,Device,ResourceApplyGradientDescent,SGD/SGD/update_50/ResourceApplyGradientDescent,2,5.12,2.56,5.12,2.56,0.00014174043859696233,0.9985507040153491,0.0,0.0
405,Device,ResourceApplyGradientDescent,SGD/SGD/update_75/ResourceApplyGradientDescent,2,5.12,2.56,5.12,2.56,0.00014174043859696233,0.998692444453946,0.0,0.0
406,Device,Sum,Sum_2,2,5.12,2.56,5.12,2.56,0.00014174043859696233,0.9988341848925429,0.0,0.0
407,Device,Mul,conv2d_14/kernel/Regularizer/mul,2,5.12,2.56,5.12,2.56,0.00014174043859696233,0.9989759253311399,0.0,0.0
408,Device,Mul,conv2d_17/kernel/Regularizer/mul,2,5.12,2.56,5.12,2.56,0.00014174043859696233,0.9991176657697368,0.0,0.0
409,Device,Mul,conv2d_8/kernel/Regularizer/mul,2,5.12,2.56,5.12,2.56,0.00014174043859696233,0.9992594062083338,0.0,0.0
410,Device,DivNoNan,div_no_nan_1,2,5.12,2.56,5.12,2.56,0.00014174043859696233,0.9994011466469307,0.0,0.0
411,Device,Sum,categorical_crossentropy/weighted_loss/Sum,2,4.096,2.048,4.096,2.048,0.00011339235087756987,0.9995145389978083,0.0,0.0
412,Device,DivNoNan,div_no_nan,2,4.096,2.048,4.096,2.048,0.00011339235087756987,0.9996279313486859,0.0,0.0
413,Device,_Recv,strided_slice/_12,2,3.84,1.92,3.84,1.92,0.00010630532894772174,0.9997342366776336,0.0,0.0
414,Device,_Recv,categorical_crossentropy/weighted_loss/num_elements/_14,2,3.488,1.744,3.488,1.744,9.656067379418059e-05,0.9998307973514278,0.0,0.0
415,Device,LogicalAnd,LogicalAnd,1,3.072,3.072,3.072,3.072,8.50442631581774e-05,0.9999158416145859,0.0,0.0
416,Device,_Recv,Size/_16,2,3.04,1.52,3.04,1.52,8.415838541694638e-05,1.0000000000000029,0.0,0.0
417,Host,IDLE,IDLE,0,167774.252,0.0,167774.252,0.0,0.0,0.0,0.9751640208202618,0.9751640208202618
418,Host,_Send,IteratorGetNext/_3,2,1213.171,606.5855,1213.171,606.5855,0.0,0.0,0.007051384203474427,0.9822154050237362
419,Host,_Send,IteratorGetNext/_1,2,960.466,480.233,960.466,480.233,0.0,0.0,0.005582572267532169,0.9877979772912683
420,Host,_Send,IteratorGetNext/_6,2,879.094,439.547,879.094,439.547,0.0,0.0,0.005109609069924312,0.9929075863611926
421,Host,GatherV2,GatherV2,2,812.634,406.317,812.634,406.317,0.0,0.0,0.0047233197552581105,0.9976309061164507
422,Host,Dataset,Iterator::Root::ParallelMapV2,2,58.17,29.085,58.17,29.085,0.0,0.0,0.0003381048665984494,0.9979690109830491
423,Host,GatherV2,GatherV2_1,2,54.83,27.415,54.83,27.415,0.0,0.0,0.0003186915907786312,0.9982877025738278
424,Host,Dataset,Iterator::Root::ParallelMapV2::Zip[1]::ForeverRepeat,2,57.752,28.876,53.582,26.791,0.0,0.0,0.0003114377679573339,0.9985991403417851
425,Host,Dataset,Iterator::Root,2,100.341,50.1705,42.171,21.0855,0.0,0.0,0.00024511295047830855,0.9988442532922635
426,Host,IteratorGetNext,IteratorGetNext,2,38.432,19.216,38.432,19.216,0.0,0.0,0.00022338054380456604,0.999067633836068
427,Host,FlushSummaryWriter,FlushSummaryWriter,1,37.29,37.29,37.29,37.29,0.0,0.0,0.0002167428309344366,0.9992843766670024
428,Host,LogicalAnd,LogicalAnd,1,32.47,32.47,32.47,32.47,0.0,0.0,0.00018872726523038767,0.9994731039322328
429,Host,Dataset,Iterator::Root::ParallelMapV2::Zip[0]::FlatMap[1]::Concatenate[0]::TensorSlice,2,21.26,10.63,21.26,10.63,0.0,0.0,0.00012357073171536932,0.9995966746639481
430,Host,WriteSummary,WriteSummary,1,21.23,21.23,21.23,21.23,0.0,0.0,0.00012339636097447276,0.9997200710249226
431,Host,Dataset,Iterator::Root::ParallelMapV2::Zip[0]::FlatMap[1]::Concatenate,2,40.19,20.095,18.93,9.465,0.0,0.0,0.00011002793750573572,0.9998300989624282
432,Host,Dataset,Iterator::Root::ParallelMapV2::Zip,2,114.043,57.0215,11.331,5.6655,0.0,0.0,6.585982883663452e-05,0.9998959587912649
433,Host,ReadVariableOp,ReadVariableOp,1,6.19,6.19,6.19,6.19,0.0,0.0,3.597849620499229e-05,0.9999319372874699
434,Host,Dataset,Iterator::Root::ParallelMapV2::Zip[0]::FlatMap,2,44.96,22.48,4.77,2.385,0.0,0.0,2.772494780255464e-05,0.9999596622352724
435,Host,Dataset,Iterator::Root::ParallelMapV2::Zip[1]::ForeverRepeat::FromTensor,4,4.17,1.0425,4.17,1.0425,0.0,0.0,2.4237532984623238e-05,0.9999838997682571
436,Host,Identity,Identity,2,2.77,1.385,2.77,1.385,0.0,0.0,1.6100231742783304e-05,0.9999999999999999
