Rank,Host/device,Type,Operation,#Occurrences,Total time (us),Avg. time (us),Total self-time (us),Avg. self-time (us),Total self-time on Device (%),Cumulative total-self time on Device (%),Total self-time on Host (%),Cumulative total-self time on Host (%)
1,Device,IDLE,IDLE,0,54888.67,0.0,54888.67,0.0,0.6558621993080049,0.6558621993080049,0.0,0.0
2,Device,Conv2DBackpropFilter,gradient_tape/model/conv2d_44/Conv2D/Conv2DBackpropFilter,4,598.018,149.5045,598.018,149.5045,0.007145689642430297,0.6630078889504353,0.0,0.0
3,Device,Conv2DBackpropFilter,gradient_tape/model/conv2d_48/Conv2D/Conv2DBackpropFilter,4,585.73,146.4325,585.73,146.4325,0.0069988608942551855,0.6700067498446904,0.0,0.0
4,Device,Conv2DBackpropFilter,gradient_tape/model/conv2d_51/Conv2D/Conv2DBackpropFilter,4,584.707,146.17675,584.707,146.17675,0.006986637114194709,0.6769933869588851,0.0,0.0
5,Device,Conv2DBackpropInput,gradient_tape/model/conv2d_46/Conv2D/Conv2DBackpropInput,2,500.738,250.369,500.738,250.369,0.005983295386044002,0.6829766823449291,0.0,0.0
6,Device,Conv2DBackpropInput,gradient_tape/model/conv2d_44/Conv2D/Conv2DBackpropInput,4,400.386,100.0965,400.386,100.0965,0.00478419394261393,0.6877608762875431,0.0,0.0
7,Device,Conv2DBackpropInput,gradient_tape/model/conv2d_51/Conv2D/Conv2DBackpropInput,4,399.362,99.8405,399.362,99.8405,0.004771958213599337,0.6925328345011424,0.0,0.0
8,Device,Conv2DBackpropInput,gradient_tape/model/conv2d_48/Conv2D/Conv2DBackpropInput,4,399.361,99.84025,399.361,99.84025,0.004771946264645221,0.6973047807657876,0.0,0.0
9,Device,Conv2D,model/conv2d_44/Conv2D,4,337.921,84.48025,337.921,84.48025,0.004037802523769666,0.7013425832895572,0.0,0.0
10,Device,Conv2D,model/conv2d_51/Conv2D,4,333.825,83.45625,333.825,83.45625,0.003988859607711295,0.7053314428972686,0.0,0.0
11,Device,Conv2D,model/conv2d_48/Conv2D,4,331.777,82.94425,331.777,82.94425,0.003964388149682111,0.7092958310469507,0.0,0.0
12,Device,Conv2DBackpropInput,gradient_tape/model/conv2d_49/Conv2D/Conv2DBackpropInput,4,327.682,81.9205,327.682,81.9205,0.003915457182577856,0.7132112882295286,0.0,0.0
13,Device,Conv2DBackpropInput,gradient_tape/model/conv2d_52/Conv2D/Conv2DBackpropInput,4,326.657,81.66425,326.657,81.66425,0.003903209504609148,0.7171144977341377,0.0,0.0
14,Device,Conv2DBackpropInput,gradient_tape/model/conv2d_45/Conv2D/Conv2DBackpropInput,4,325.633,81.40825,325.633,81.40825,0.003890973775594555,0.7210054715097323,0.0,0.0
15,Device,Conv2D,model/conv2d_47/Conv2D,2,292.865,146.4325,292.865,146.4325,0.0034994304471275928,0.7245049019568599,0.0,0.0
16,Device,Conv2D,model/conv2d_50/Conv2D,2,292.865,146.4325,292.865,146.4325,0.0034994304471275928,0.7280043324039875,0.0,0.0
17,Device,Conv2D,model/conv2d_46/Conv2D,2,280.576,140.288,280.576,140.288,0.0033525897499983664,0.731356922153986,0.0,0.0
18,Device,Conv2DBackpropInput,gradient_tape/model/conv2d_27/Conv2D/Conv2DBackpropInput,2,179.201,89.6005,179.201,89.6005,0.002141264526507817,0.7334981866804938,0.0,0.0
19,Device,Conv2D,model/conv2d_41/Conv2D,4,169.986,42.4965,169.986,42.4965,0.0020311549143305994,0.7355293415948244,0.0,0.0
20,Device,Conv2D,model/conv2d_29/Conv2D,4,168.96,42.24,168.96,42.24,0.0020188952874077752,0.7375482368822321,0.0,0.0
21,Device,Conv2D,model/conv2d_35/Conv2D,4,168.96,42.24,168.96,42.24,0.0020188952874077752,0.7395671321696399,0.0,0.0
22,Device,Conv2D,model/conv2d_32/Conv2D,4,167.937,41.98425,167.937,41.98425,0.0020066715073472985,0.7415738036769872,0.0,0.0
23,Device,Conv2D,model/conv2d_25/Conv2D,4,166.913,41.72825,166.913,41.72825,0.001994435778332706,0.7435682394553199,0.0,0.0
24,Device,Conv2D,model/conv2d_38/Conv2D,4,166.912,41.728,166.912,41.728,0.00199442382937859,0.7455626632846986,0.0,0.0
25,Device,Conv2DBackpropFilter,gradient_tape/model/conv2d_46/Conv2D/Conv2DBackpropFilter,4,162.816,40.704,162.816,40.704,0.0019454809133202197,0.7475081441980188,0.0,0.0
26,Device,Conv2DBackpropInput,gradient_tape/model/conv2d_47/Conv2D/Conv2DBackpropInput,2,147.457,73.7285,147.457,73.7285,0.0017619569270554468,0.7492701011250743,0.0,0.0
27,Device,Conv2DBackpropInput,gradient_tape/model/conv2d_50/Conv2D/Conv2DBackpropInput,2,146.433,73.2165,146.433,73.2165,0.0017497211980408542,0.7510198223231151,0.0,0.0
28,Device,Conv2DBackpropInput,gradient_tape/model/conv2d_43/Conv2D/Conv2DBackpropInput,2,137.216,68.608,137.216,68.608,0.0016395876879554054,0.7526594100110705,0.0,0.0
29,Device,Conv2DBackpropInput,gradient_tape/model/conv2d_25/Conv2D/Conv2DBackpropInput,2,136.193,68.0965,136.193,68.0965,0.0016273639078949287,0.7542867739189655,0.0,0.0
30,Device,Conv2DBackpropInput,gradient_tape/model/conv2d_26/Conv2D/Conv2DBackpropInput,4,134.145,33.53625,134.145,33.53625,0.0016028924498657435,0.7558896663688313,0.0,0.0
31,Device,Conv2DBackpropInput,gradient_tape/model/conv2d_32/Conv2D/Conv2DBackpropInput,2,133.121,66.5605,133.121,66.5605,0.0015906567208511509,0.7574803230896824,0.0,0.0
32,Device,Conv2DBackpropInput,gradient_tape/model/conv2d_42/Conv2D/Conv2DBackpropInput,4,133.121,33.28025,133.121,33.28025,0.0015906567208511509,0.7590709798105335,0.0,0.0
33,Device,Conv2DBackpropInput,gradient_tape/model/conv2d_35/Conv2D/Conv2DBackpropInput,2,132.097,66.0485,132.097,66.0485,0.0015784209918365583,0.7606494008023701,0.0,0.0
34,Device,Conv2DBackpropInput,gradient_tape/model/conv2d_38/Conv2D/Conv2DBackpropInput,2,132.097,66.0485,132.097,66.0485,0.0015784209918365583,0.7622278217942067,0.0,0.0
35,Device,Conv2DBackpropInput,gradient_tape/model/conv2d_41/Conv2D/Conv2DBackpropInput,2,132.097,66.0485,132.097,66.0485,0.0015784209918365583,0.7638062427860433,0.0,0.0
36,Device,Conv2DBackpropInput,gradient_tape/model/conv2d_29/Conv2D/Conv2DBackpropInput,2,131.073,65.5365,131.073,65.5365,0.0015661852628219657,0.7653724280488652,0.0,0.0
37,Device,Conv2DBackpropInput,gradient_tape/model/conv2d_36/Conv2D/Conv2DBackpropInput,4,131.073,32.76825,131.073,32.76825,0.0015661852628219657,0.7669386133116871,0.0,0.0
38,Device,Conv2DBackpropInput,gradient_tape/model/conv2d_39/Conv2D/Conv2DBackpropInput,4,131.073,32.76825,131.073,32.76825,0.0015661852628219657,0.768504798574509,0.0,0.0
39,Device,Conv2DBackpropInput,gradient_tape/model/conv2d_30/Conv2D/Conv2DBackpropInput,4,130.048,32.512,130.048,32.512,0.0015539375848532572,0.7700587361593623,0.0,0.0
40,Device,Conv2DBackpropInput,gradient_tape/model/conv2d_33/Conv2D/Conv2DBackpropInput,4,128.001,32.00025,128.001,32.00025,0.001529478075778188,0.7715882142351405,0.0,0.0
41,Device,Conv2D,model/conv2d_34/Conv2D,4,125.952,31.488,125.952,31.488,0.0015049946687948868,0.7730932089039353,0.0,0.0
42,Device,Conv2D,model/conv2d_37/Conv2D,4,124.93,31.2325,124.93,31.2325,0.001492782837688526,0.7745859917416238,0.0,0.0
43,Device,ResourceApplyGradientDescent,SGD/SGD/update_196/ResourceApplyGradientDescent,2,124.929,62.4645,124.929,62.4645,0.00149277088873441,0.7760787626303582,0.0,0.0
44,Device,Conv2D,model/conv2d_31/Conv2D,4,124.929,31.23225,124.929,31.23225,0.00149277088873441,0.7775715335190927,0.0,0.0
45,Device,Conv2D,model/conv2d_40/Conv2D,4,124.928,31.232,124.928,31.232,0.0014927589397802942,0.779064292458873,0.0,0.0
46,Device,ResourceApplyGradientDescent,SGD/SGD/update_184/ResourceApplyGradientDescent,2,123.905,61.9525,123.905,61.9525,0.0014805351597198177,0.7805448276185928,0.0,0.0
47,Device,ResourceApplyGradientDescent,SGD/SGD/update_170/ResourceApplyGradientDescent,2,123.904,61.952,123.904,61.952,0.0014805232107657018,0.7820253508293585,0.0,0.0
48,Device,Conv2D,model/conv2d_28/Conv2D,4,123.904,30.976,123.904,30.976,0.0014805232107657018,0.7835058740401243,0.0,0.0
49,Device,Conv2D,model/conv2d_43/Conv2D,2,122.881,61.4405,122.881,61.4405,0.0014682994307052251,0.7849741734708295,0.0,0.0
50,Device,Mul,gradient_tape/conv2d_48/kernel/Regularizer/Mul_1,2,121.856,60.928,121.856,60.928,0.0014560517527365167,0.7864302252235661,0.0,0.0
51,Device,Mul,gradient_tape/conv2d_51/kernel/Regularizer/Mul_1,2,120.833,60.4165,120.833,60.4165,0.00144382797267604,0.7878740531962422,0.0,0.0
52,Device,Conv2D,model/conv2d_45/Conv2D,2,119.808,59.904,119.808,59.904,0.0014315802947073315,0.7893056334909495,0.0,0.0
53,Device,Mul,gradient_tape/conv2d_44/kernel/Regularizer/Mul_1,2,118.784,59.392,118.784,59.392,0.001419344565692739,0.7907249780566422,0.0,0.0
54,Device,Conv2D,model/conv2d_52/Conv2D,2,118.784,59.392,118.784,59.392,0.001419344565692739,0.7921443226223349,0.0,0.0
55,Device,Conv2D,model/conv2d_49/Conv2D,2,117.76,58.88,117.76,58.88,0.0014071088366781465,0.7935514314590131,0.0,0.0
56,Device,AddN,SGD/gradients/AddN_64,2,115.713,57.8565,115.713,57.8565,0.001382649327603077,0.7949340807866162,0.0,0.0
57,Device,AddN,SGD/gradients/AddN_60,2,113.665,56.8325,113.665,56.8325,0.001358177869573892,0.7962922586561901,0.0,0.0
58,Device,AddN,SGD/gradients/AddN_67,2,113.664,56.832,113.664,56.832,0.001358165920619776,0.7976504245768099,0.0,0.0
59,Device,ResourceApplyGradientDescent,SGD/SGD/update_174/ResourceApplyGradientDescent,2,110.593,55.2965,110.593,55.2965,0.0013214706825301142,0.79897189525934,0.0,0.0
60,Device,Mul,gradient_tape/conv2d_46/kernel/Regularizer/Mul_1,2,106.496,53.248,106.496,53.248,0.001272515817517628,0.8002444110768576,0.0,0.0
61,Device,AddN,SGD/gradients/AddN_61,2,98.305,49.1525,98.305,49.1525,0.0011746419343550032,0.8014190530112126,0.0,0.0
62,Device,Conv2DBackpropFilter,gradient_tape/model/conv2d_49/Conv2D/Conv2DBackpropFilter,2,98.305,49.1525,98.305,49.1525,0.0011746419343550032,0.8025936949455676,0.0,0.0
63,Device,SoftmaxCrossEntropyWithLogits,categorical_crossentropy/softmax_cross_entropy_with_logits,2,95.232,47.616,95.232,47.616,0.0011379227983571096,0.8037316177439248,0.0,0.0
64,Device,Conv2DBackpropFilter,gradient_tape/model/conv2d_45/Conv2D/Conv2DBackpropFilter,2,94.209,47.1045,94.209,47.1045,0.0011256990182966328,0.8048573167622214,0.0,0.0
65,Device,Conv2DBackpropFilter,gradient_tape/model/conv2d_52/Conv2D/Conv2DBackpropFilter,2,93.184,46.592,93.184,46.592,0.0011134513403279244,0.8059707681025493,0.0,0.0
66,Device,Conv2DBackpropInput,gradient_tape/model/conv2d_14/Conv2D/Conv2DBackpropInput,4,90.113,22.52825,90.113,22.52825,0.0010767561022382625,0.8070475242047875,0.0,0.0
67,Device,Conv2DBackpropInput,gradient_tape/model/conv2d_24/Conv2D/Conv2DBackpropInput,4,84.992,21.248,84.992,21.248,0.001015565508211184,0.8080630897129987,0.0,0.0
68,Device,Mul,gradient_tape/conv2d_44/kernel/Regularizer/Mul,2,82.946,41.473,82.946,41.473,0.0009911179480902304,0.8090542076610889,0.0,0.0
69,Device,Square,conv2d_51/kernel/Regularizer/Square,2,82.945,41.4725,82.945,41.4725,0.0009911059991361145,0.810045313660225,0.0,0.0
70,Device,Conv2D,model/conv2d_27/Conv2D,2,82.945,41.4725,82.945,41.4725,0.0009911059991361145,0.8110364196593611,0.0,0.0
71,Device,Square,conv2d_44/kernel/Regularizer/Square,2,81.92,40.96,81.92,40.96,0.0009788583211674062,0.8120152779805285,0.0,0.0
72,Device,Conv2DBackpropFilter,gradient_tape/model/conv2d_14/Conv2D/Conv2DBackpropFilter,4,80.897,20.22425,80.897,20.22425,0.0009666345411069294,0.8129819125216354,0.0,0.0
73,Device,Square,conv2d_48/kernel/Regularizer/Square,2,80.896,40.448,80.896,40.448,0.0009666225921528135,0.8139485351137883,0.0,0.0
74,Device,Conv2DBackpropFilter,gradient_tape/model/conv2d_47/Conv2D/Conv2DBackpropFilter,4,79.872,19.968,79.872,19.968,0.0009543868631382209,0.8149029219769265,0.0,0.0
75,Device,Conv2DBackpropInput,gradient_tape/model/conv2d_17/Conv2D/Conv2DBackpropInput,4,78.849,19.71225,78.849,19.71225,0.0009421630830777443,0.8158450850600042,0.0,0.0
76,Device,Conv2DBackpropFilter,gradient_tape/model/conv2d_50/Conv2D/Conv2DBackpropFilter,4,78.848,19.712,78.848,19.712,0.0009421511341236284,0.8167872361941279,0.0,0.0
77,Device,Square,conv2d_46/kernel/Regularizer/Square,2,76.8,38.4,76.8,38.4,0.0009176796760944433,0.8177049158702223,0.0,0.0
78,Device,Conv2DBackpropInput,gradient_tape/model/conv2d_12/Conv2D/Conv2DBackpropInput,2,76.8,38.4,76.8,38.4,0.0009176796760944433,0.8186225955463168,0.0,0.0
79,Device,Conv2DBackpropInput,gradient_tape/model/conv2d_16/Conv2D/Conv2DBackpropInput,2,76.8,38.4,76.8,38.4,0.0009176796760944433,0.8195402752224112,0.0,0.0
80,Device,Conv2DBackpropInput,gradient_tape/model/conv2d_19/Conv2D/Conv2DBackpropInput,2,76.8,38.4,76.8,38.4,0.0009176796760944433,0.8204579548985057,0.0,0.0
81,Device,Conv2DBackpropInput,gradient_tape/model/conv2d_22/Conv2D/Conv2DBackpropInput,2,76.8,38.4,76.8,38.4,0.0009176796760944433,0.8213756345746002,0.0,0.0
82,Device,Conv2D,model/conv2d_22/Conv2D,2,76.8,38.4,76.8,38.4,0.0009176796760944433,0.8222933142506946,0.0,0.0
83,Device,Conv2D,model/conv2d_12/Conv2D,2,75.778,37.889,75.778,37.889,0.0009054678449880824,0.8231987820956828,0.0,0.0
84,Device,Conv2D,model/conv2d_19/Conv2D,2,75.776,37.888,75.776,37.888,0.0009054439470798507,0.8241042260427626,0.0,0.0
85,Device,Conv2DBackpropInput,gradient_tape/model/conv2d_20/Conv2D/Conv2DBackpropInput,4,74.752,18.688,74.752,18.688,0.0008932082180652581,0.8249974342608278,0.0,0.0
86,Device,Tile,gradient_tape/conv2d_44/kernel/Regularizer/Tile,2,73.729,36.8645,73.729,36.8645,0.0008809844380047813,0.8258784186988326,0.0,0.0
87,Device,Conv2DBackpropInput,gradient_tape/model/conv2d_13/Conv2D/Conv2DBackpropInput,4,73.728,18.432,73.728,18.432,0.0008809724890506655,0.8267593911878832,0.0,0.0
88,Device,Conv2D,model/conv2d_16/Conv2D,2,73.728,36.864,73.728,36.864,0.0008809724890506655,0.8276403636769338,0.0,0.0
89,Device,Conv2D,model/conv2d_15/Conv2D,4,72.704,18.176,72.704,18.176,0.0008687367600360729,0.8285091004369699,0.0,0.0
90,Device,Conv2DBackpropInput,gradient_tape/model/conv2d_23/Conv2D/Conv2DBackpropInput,4,71.68,17.92,71.68,17.92,0.0008565010310214805,0.8293656014679914,0.0,0.0
91,Device,Conv2D,model/conv2d_18/Conv2D,4,70.656,17.664,70.656,17.664,0.0008442653020068879,0.8302098667699983,0.0,0.0
92,Device,Conv2D,model/conv2d_21/Conv2D,4,68.608,17.152,68.608,17.152,0.0008197938439777027,0.831029660613976,0.0,0.0
93,Device,Mul,gradient_tape/conv2d_46/kernel/Regularizer/Mul,2,65.536,32.768,65.536,32.768,0.0007830866569339249,0.8318127472709099,0.0,0.0
94,Device,Conv2DBackpropFilter,gradient_tape/model/conv2d_29/Conv2D/Conv2DBackpropFilter,2,63.489,31.7445,63.489,31.7445,0.0007586271478588556,0.8325713744187688,0.0,0.0
95,Device,Conv2DBackpropFilter,gradient_tape/model/conv2d_32/Conv2D/Conv2DBackpropFilter,2,63.488,31.744,63.488,31.744,0.0007586151989047397,0.8333299896176736,0.0,0.0
96,Device,Conv2DBackpropFilter,gradient_tape/model/conv2d_38/Conv2D/Conv2DBackpropFilter,2,63.488,31.744,63.488,31.744,0.0007586151989047397,0.8340886048165783,0.0,0.0
97,Device,Conv2D,model/conv2d_24/Conv2D,2,63.488,31.744,63.488,31.744,0.0007586151989047397,0.8348472200154831,0.0,0.0
98,Device,Conv2DBackpropFilter,gradient_tape/model/conv2d_25/Conv2D/Conv2DBackpropFilter,2,62.464,31.232,62.464,31.232,0.0007463794698901471,0.8355935994853733,0.0,0.0
99,Device,Conv2DBackpropFilter,gradient_tape/model/conv2d_27/Conv2D/Conv2DBackpropFilter,2,61.44,30.72,61.44,30.72,0.0007341437408755546,0.8363277432262488,0.0,0.0
100,Device,Conv2DBackpropFilter,gradient_tape/model/conv2d_35/Conv2D/Conv2DBackpropFilter,2,61.44,30.72,61.44,30.72,0.0007341437408755546,0.8370618869671244,0.0,0.0
101,Device,Conv2DBackpropFilter,gradient_tape/model/conv2d_41/Conv2D/Conv2DBackpropFilter,2,61.44,30.72,61.44,30.72,0.0007341437408755546,0.8377960307079999,0.0,0.0
102,Device,Sum,conv2d_48/kernel/Regularizer/Sum,2,60.416,30.208,60.416,30.208,0.000721908011860962,0.8385179387198609,0.0,0.0
103,Device,Tile,gradient_tape/conv2d_46/kernel/Regularizer/Tile,2,60.416,30.208,60.416,30.208,0.000721908011860962,0.8392398467317219,0.0,0.0
104,Device,Conv2DBackpropInput,gradient_tape/model/conv2d_28/Conv2D/Conv2DBackpropInput,2,58.368,29.184,58.368,29.184,0.0006974365538317769,0.8399372832855537,0.0,0.0
105,Device,Conv2DBackpropInput,gradient_tape/model/conv2d_31/Conv2D/Conv2DBackpropInput,2,58.368,29.184,58.368,29.184,0.0006974365538317769,0.8406347198393855,0.0,0.0
106,Device,Conv2DBackpropInput,gradient_tape/model/conv2d_40/Conv2D/Conv2DBackpropInput,2,58.368,29.184,58.368,29.184,0.0006974365538317769,0.8413321563932173,0.0,0.0
107,Device,Conv2DBackpropInput,gradient_tape/model/conv2d_34/Conv2D/Conv2DBackpropInput,2,57.345,28.6725,57.345,28.6725,0.0006852127737713001,0.8420173691669887,0.0,0.0
108,Device,ResourceApplyGradientDescent,SGD/SGD/update_176/ResourceApplyGradientDescent,2,57.344,28.672,57.344,28.672,0.0006852008248171843,0.8427025699918058,0.0,0.0
109,Device,Conv2DBackpropInput,gradient_tape/model/conv2d_37/Conv2D/Conv2DBackpropInput,2,57.344,28.672,57.344,28.672,0.0006852008248171843,0.843387770816623,0.0,0.0
110,Device,Mul,gradient_tape/conv2d_50/kernel/Regularizer/Mul_1,2,56.321,28.1605,56.321,28.1605,0.0006729770447567075,0.8440607478613796,0.0,0.0
111,Device,Conv2DBackpropInput,gradient_tape/model/conv2d_4/Conv2D/Conv2DBackpropInput,4,56.321,14.08025,56.321,14.08025,0.0006729770447567075,0.8447337249061363,0.0,0.0
112,Device,AddN,SGD/gradients/AddN_62,2,56.32,28.16,56.32,28.16,0.0006729650958025917,0.8454066900019389,0.0,0.0
113,Device,Mul,gradient_tape/conv2d_52/kernel/Regularizer/Mul_1,2,56.32,28.16,56.32,28.16,0.0006729650958025917,0.8460796550977415,0.0,0.0
114,Device,Sum,conv2d_46/kernel/Regularizer/Sum,2,55.296,27.648,55.296,27.648,0.0006607293667879992,0.8467403844645295,0.0,0.0
115,Device,Mul,gradient_tape/conv2d_45/kernel/Regularizer/Mul_1,2,55.296,27.648,55.296,27.648,0.0006607293667879992,0.8474011138313174,0.0,0.0
116,Device,Mul,gradient_tape/conv2d_49/kernel/Regularizer/Mul_1,2,55.296,27.648,55.296,27.648,0.0006607293667879992,0.8480618431981054,0.0,0.0
117,Device,Mul,gradient_tape/conv2d_47/kernel/Regularizer/Mul_1,2,54.272,27.136,54.272,27.136,0.0006484936377734066,0.8487103368358788,0.0,0.0
118,Device,Conv2DBackpropInput,gradient_tape/model/conv2d_10/Conv2D/Conv2DBackpropInput,4,54.272,13.568,54.272,13.568,0.0006484936377734066,0.8493588304736522,0.0,0.0
119,Device,Conv2DBackpropInput,gradient_tape/model/conv2d_11/Conv2D/Conv2DBackpropInput,4,54.272,13.568,54.272,13.568,0.0006484936377734066,0.8500073241114257,0.0,0.0
120,Device,Conv2DBackpropInput,gradient_tape/model/conv2d_3/Conv2D/Conv2DBackpropInput,4,54.272,13.568,54.272,13.568,0.0006484936377734066,0.8506558177491991,0.0,0.0
121,Device,Conv2DBackpropFilter,gradient_tape/model/conv2d_33/Conv2D/Conv2DBackpropFilter,2,54.272,27.136,54.272,27.136,0.0006484936377734066,0.8513043113869725,0.0,0.0
122,Device,Sum,conv2d_51/kernel/Regularizer/Sum,2,53.249,26.6245,53.249,26.6245,0.0006362698577129298,0.8519405812446854,0.0,0.0
123,Device,Conv2DBackpropFilter,gradient_tape/model/conv2d_36/Conv2D/Conv2DBackpropFilter,2,53.249,26.6245,53.249,26.6245,0.0006362698577129298,0.8525768511023983,0.0,0.0
124,Device,Conv2DBackpropFilter,gradient_tape/model/conv2d_30/Conv2D/Conv2DBackpropFilter,2,53.248,26.624,53.248,26.624,0.000636257908758814,0.8532131090111571,0.0,0.0
125,Device,Conv2DBackpropFilter,gradient_tape/model/conv2d_39/Conv2D/Conv2DBackpropFilter,2,53.248,26.624,53.248,26.624,0.000636257908758814,0.8538493669199159,0.0,0.0
126,Device,Conv2DBackpropFilter,gradient_tape/model/conv2d_42/Conv2D/Conv2DBackpropFilter,2,53.248,26.624,53.248,26.624,0.000636257908758814,0.8544856248286746,0.0,0.0
127,Device,FusedBatchNormV3,model/batch_normalization_48/FusedBatchNormV3,4,53.248,13.312,53.248,13.312,0.000636257908758814,0.8551218827374334,0.0,0.0
128,Device,Conv2DBackpropInput,gradient_tape/model/conv2d_7/Conv2D/Conv2DBackpropInput,4,52.226,13.0565,52.226,13.0565,0.000624046077652453,0.8557459288150858,0.0,0.0
129,Device,Conv2DBackpropFilter,gradient_tape/model/conv2d_13/Conv2D/Conv2DBackpropFilter,2,52.225,26.1125,52.225,26.1125,0.0006240341286983372,0.8563699629437842,0.0,0.0
130,Device,FusedBatchNormV3,model/batch_normalization_45/FusedBatchNormV3,4,52.225,13.05625,52.225,13.05625,0.0006240341286983372,0.8569939970724826,0.0,0.0
131,Device,AddN,SGD/gradients/AddN_66,2,52.224,26.112,52.224,26.112,0.0006240221797442214,0.8576180192522268,0.0,0.0
132,Device,Conv2DBackpropFilter,gradient_tape/model/conv2d_17/Conv2D/Conv2DBackpropFilter,2,52.224,26.112,52.224,26.112,0.0006240221797442214,0.858242041431971,0.0,0.0
133,Device,Conv2DBackpropFilter,gradient_tape/model/conv2d_26/Conv2D/Conv2DBackpropFilter,2,52.224,26.112,52.224,26.112,0.0006240221797442214,0.8588660636117152,0.0,0.0
134,Device,Conv2D,model/conv2d_36/Conv2D,2,52.224,26.112,52.224,26.112,0.0006240221797442214,0.8594900857914595,0.0,0.0
135,Device,AddN,SGD/gradients/AddN_65,2,51.201,25.6005,51.201,25.6005,0.0006117983996837446,0.8601018841911432,0.0,0.0
136,Device,Conv2DBackpropFilter,gradient_tape/model/conv2d_20/Conv2D/Conv2DBackpropFilter,2,51.201,25.6005,51.201,25.6005,0.0006117983996837446,0.8607136825908269,0.0,0.0
137,Device,Conv2DBackpropFilter,gradient_tape/model/conv2d_21/Conv2D/Conv2DBackpropFilter,4,51.2,12.8,51.2,12.8,0.0006117864507296289,0.8613254690415566,0.0,0.0
138,Device,FusedBatchNormV3,model/batch_normalization_42/FusedBatchNormV3,4,51.2,12.8,51.2,12.8,0.0006117864507296289,0.8619372554922863,0.0,0.0
139,Device,Conv2D,model/conv2d_2/Conv2D,2,51.2,25.6,51.2,25.6,0.0006117864507296289,0.862549041943016,0.0,0.0
140,Device,Conv2D,model/conv2d_26/Conv2D,2,51.2,25.6,51.2,25.6,0.0006117864507296289,0.8631608283937456,0.0,0.0
141,Device,Conv2D,model/conv2d_33/Conv2D,2,51.2,25.6,51.2,25.6,0.0006117864507296289,0.8637726148444753,0.0,0.0
142,Device,Conv2DBackpropFilter,gradient_tape/model/conv2d_15/Conv2D/Conv2DBackpropFilter,4,50.177,12.54425,50.177,12.54425,0.000599562670669152,0.8643721775151445,0.0,0.0
143,Device,Conv2DBackpropFilter,gradient_tape/model/conv2d_18/Conv2D/Conv2DBackpropFilter,4,50.177,12.54425,50.177,12.54425,0.000599562670669152,0.8649717401858137,0.0,0.0
144,Device,ResourceApplyGradientDescent,SGD/SGD/update_192/ResourceApplyGradientDescent,2,50.176,25.088,50.176,25.088,0.0005995507217150363,0.8655712909075287,0.0,0.0
145,Device,AddN,SGD/gradients/AddN_63,2,50.176,25.088,50.176,25.088,0.0005995507217150363,0.8661708416292437,0.0,0.0
146,Device,AddN,SGD/gradients/AddN_68,2,50.176,25.088,50.176,25.088,0.0005995507217150363,0.8667703923509588,0.0,0.0
147,Device,Conv2DBackpropInput,gradient_tape/model/conv2d_2/Conv2D/Conv2DBackpropInput,2,50.176,25.088,50.176,25.088,0.0005995507217150363,0.8673699430726738,0.0,0.0
148,Device,Conv2DBackpropFilter,gradient_tape/model/conv2d_23/Conv2D/Conv2DBackpropFilter,2,50.176,25.088,50.176,25.088,0.0005995507217150363,0.8679694937943888,0.0,0.0
149,Device,Conv2DBackpropInput,gradient_tape/model/conv2d_6/Conv2D/Conv2DBackpropInput,2,50.176,25.088,50.176,25.088,0.0005995507217150363,0.8685690445161038,0.0,0.0
150,Device,Conv2D,model/conv2d_30/Conv2D,2,50.176,25.088,50.176,25.088,0.0005995507217150363,0.8691685952378189,0.0,0.0
151,Device,ResourceApplyGradientDescent,SGD/SGD/update_180/ResourceApplyGradientDescent,2,49.153,24.5765,49.153,24.5765,0.0005873269416545594,0.8697559221794734,0.0,0.0
152,Device,Sum,conv2d_44/kernel/Regularizer/Sum,2,49.153,24.5765,49.153,24.5765,0.0005873269416545594,0.8703432491211279,0.0,0.0
153,Device,ResourceApplyGradientDescent,SGD/SGD/update_188/ResourceApplyGradientDescent,2,49.152,24.576,49.152,24.576,0.0005873149927004437,0.8709305641138284,0.0,0.0
154,Device,FusedBatchNormGradV3,gradient_tape/model/batch_normalization_42/FusedBatchNormGradV3,2,49.152,24.576,49.152,24.576,0.0005873149927004437,0.8715178791065289,0.0,0.0
155,Device,FusedBatchNormGradV3,gradient_tape/model/batch_normalization_45/FusedBatchNormGradV3,2,49.152,24.576,49.152,24.576,0.0005873149927004437,0.8721051940992294,0.0,0.0
156,Device,Conv2DBackpropFilter,gradient_tape/model/conv2d/Conv2D/Conv2DBackpropFilter,2,49.152,24.576,49.152,24.576,0.0005873149927004437,0.8726925090919299,0.0,0.0
157,Device,Conv2DBackpropFilter,gradient_tape/model/conv2d_24/Conv2D/Conv2DBackpropFilter,2,49.152,24.576,49.152,24.576,0.0005873149927004437,0.8732798240846303,0.0,0.0
158,Device,Conv2D,model/conv2d_39/Conv2D,2,49.152,24.576,49.152,24.576,0.0005873149927004437,0.8738671390773308,0.0,0.0
159,Device,Conv2D,model/conv2d_42/Conv2D,2,49.152,24.576,49.152,24.576,0.0005873149927004437,0.8744544540700313,0.0,0.0
160,Device,ResourceApplyGradientDescent,SGD/SGD/update_200/ResourceApplyGradientDescent,2,48.129,24.0645,48.129,24.0645,0.0005750912126399668,0.8750295452826713,0.0,0.0
161,Device,Conv2DBackpropFilter,gradient_tape/model/conv2d_43/Conv2D/Conv2DBackpropFilter,2,48.129,24.0645,48.129,24.0645,0.0005750912126399668,0.8756046364953113,0.0,0.0
162,Device,Conv2DBackpropFilter,gradient_tape/model/conv2d_12/Conv2D/Conv2DBackpropFilter,2,48.128,24.064,48.128,24.064,0.0005750792636858511,0.8761797157589971,0.0,0.0
163,Device,Conv2DBackpropInput,gradient_tape/model/conv2d_9/Conv2D/Conv2DBackpropInput,2,48.128,24.064,48.128,24.064,0.0005750792636858511,0.8767547950226829,0.0,0.0
164,Device,Conv2D,model/conv2d/Conv2D,2,48.128,24.064,48.128,24.064,0.0005750792636858511,0.8773298742863688,0.0,0.0
165,Device,Conv2D,model/conv2d_6/Conv2D,2,48.128,24.064,48.128,24.064,0.0005750792636858511,0.8779049535500546,0.0,0.0
166,Device,Conv2DBackpropFilter,gradient_tape/model/conv2d_22/Conv2D/Conv2DBackpropFilter,2,47.105,23.5525,47.105,23.5525,0.0005628554836253744,0.8784678090336799,0.0,0.0
167,Device,Conv2DBackpropFilter,gradient_tape/model/conv2d_19/Conv2D/Conv2DBackpropFilter,2,47.104,23.552,47.104,23.552,0.0005628435346712585,0.8790306525683512,0.0,0.0
168,Device,Conv2D,model/conv2d_9/Conv2D,2,47.104,23.552,47.104,23.552,0.0005628435346712585,0.8795934961030225,0.0,0.0
169,Device,Conv2DBackpropFilter,gradient_tape/model/conv2d_16/Conv2D/Conv2DBackpropFilter,2,46.08,23.04,46.08,23.04,0.0005506078056566659,0.8801441039086791,0.0,0.0
170,Device,Conv2D,model/conv2d_14/Conv2D,2,46.08,23.04,46.08,23.04,0.0005506078056566659,0.8806947117143358,0.0,0.0
171,Device,Conv2DBackpropInput,gradient_tape/model/conv2d_15/Conv2D/Conv2DBackpropInput,2,44.032,22.016,44.032,22.016,0.0005261363476274808,0.8812208480619632,0.0,0.0
172,Device,AddN,ArithmeticOptimizer/AddOpsRewrite_AddN_1,12,43.008,3.584,43.008,3.584,0.0005139006186128882,0.8817347486805761,0.0,0.0
173,Device,FusedBatchNormGradV3,gradient_tape/model/batch_normalization_48/FusedBatchNormGradV3,2,43.008,21.504,43.008,21.504,0.0005139006186128882,0.882248649299189,0.0,0.0
174,Device,Conv2DBackpropInput,gradient_tape/model/conv2d_18/Conv2D/Conv2DBackpropInput,2,43.008,21.504,43.008,21.504,0.0005139006186128882,0.8827625499178019,0.0,0.0
175,Device,Conv2DBackpropInput,gradient_tape/model/conv2d_21/Conv2D/Conv2DBackpropInput,2,43.008,21.504,43.008,21.504,0.0005139006186128882,0.8832764505364148,0.0,0.0
176,Device,Conv2DBackpropFilter,gradient_tape/model/conv2d_10/Conv2D/Conv2DBackpropFilter,2,41.984,20.992,41.984,20.992,0.0005016648895982957,0.883778115426013,0.0,0.0
177,Device,Conv2DBackpropFilter,gradient_tape/model/conv2d_8/Conv2D/Conv2DBackpropFilter,2,41.984,20.992,41.984,20.992,0.0005016648895982957,0.8842797803156113,0.0,0.0
178,Device,Square,conv2d_49/kernel/Regularizer/Square,2,40.96,20.48,40.96,20.48,0.0004894291605837031,0.884769209476195,0.0,0.0
179,Device,Conv2DBackpropFilter,gradient_tape/model/conv2d_4/Conv2D/Conv2DBackpropFilter,2,40.96,20.48,40.96,20.48,0.0004894291605837031,0.8852586386367787,0.0,0.0
180,Device,Conv2DBackpropFilter,gradient_tape/model/conv2d_5/Conv2D/Conv2DBackpropFilter,2,40.96,20.48,40.96,20.48,0.0004894291605837031,0.8857480677973624,0.0,0.0
181,Device,Conv2DBackpropFilter,gradient_tape/model/conv2d_7/Conv2D/Conv2DBackpropFilter,2,40.96,20.48,40.96,20.48,0.0004894291605837031,0.8862374969579461,0.0,0.0
182,Device,Mul,gradient_tape/conv2d_45/kernel/Regularizer/Mul,2,39.936,19.968,39.936,19.968,0.00047719343156911047,0.8867146903895152,0.0,0.0
183,Device,Square,conv2d_45/kernel/Regularizer/Square,2,38.912,19.456,38.912,19.456,0.0004649577025545179,0.8871796480920697,0.0,0.0
184,Device,Square,conv2d_47/kernel/Regularizer/Square,2,38.912,19.456,38.912,19.456,0.0004649577025545179,0.8876446057946242,0.0,0.0
185,Device,Conv2DBackpropFilter,gradient_tape/model/conv2d_2/Conv2D/Conv2DBackpropFilter,2,38.912,19.456,38.912,19.456,0.0004649577025545179,0.8881095634971787,0.0,0.0
186,Device,Conv2DBackpropFilter,gradient_tape/model/conv2d_3/Conv2D/Conv2DBackpropFilter,2,38.912,19.456,38.912,19.456,0.0004649577025545179,0.8885745211997332,0.0,0.0
187,Device,Conv2DBackpropInput,gradient_tape/model/conv2d_5/Conv2D/Conv2DBackpropInput,2,38.912,19.456,38.912,19.456,0.0004649577025545179,0.8890394789022877,0.0,0.0
188,Device,Conv2DBackpropInput,gradient_tape/model/conv2d_8/Conv2D/Conv2DBackpropInput,2,38.912,19.456,38.912,19.456,0.0004649577025545179,0.8895044366048422,0.0,0.0
189,Device,Conv2DBackpropFilter,gradient_tape/model/conv2d_9/Conv2D/Conv2DBackpropFilter,2,38.912,19.456,38.912,19.456,0.0004649577025545179,0.8899693943073967,0.0,0.0
190,Device,Square,conv2d_50/kernel/Regularizer/Square,2,37.888,18.944,37.888,18.944,0.00045272197353992533,0.8904221162809367,0.0,0.0
191,Device,Conv2DBackpropFilter,gradient_tape/model/conv2d_6/Conv2D/Conv2DBackpropFilter,2,37.888,18.944,37.888,18.944,0.00045272197353992533,0.8908748382544767,0.0,0.0
192,Device,Conv2D,model/conv2d_8/Conv2D,2,37.888,18.944,37.888,18.944,0.00045272197353992533,0.8913275602280166,0.0,0.0
193,Device,Conv2D,model/conv2d_5/Conv2D,2,36.865,18.4325,36.865,18.4325,0.0004404981934794486,0.8917680584214961,0.0,0.0
194,Device,Square,conv2d_52/kernel/Regularizer/Square,2,36.864,18.432,36.864,18.432,0.00044048624452533273,0.8922085446660214,0.0,0.0
195,Device,Conv2D,model/conv2d_11/Conv2D,2,36.864,18.432,36.864,18.432,0.00044048624452533273,0.8926490309105467,0.0,0.0
196,Device,Tile,gradient_tape/conv2d_45/kernel/Regularizer/Tile,2,34.816,17.408,34.816,17.408,0.00041601478649614765,0.8930650456970428,0.0,0.0
197,Device,Conv2DBackpropFilter,gradient_tape/model/conv2d_11/Conv2D/Conv2DBackpropFilter,2,34.816,17.408,34.816,17.408,0.00041601478649614765,0.8934810604835389,0.0,0.0
198,Device,_Send,IteratorGetNext/_1,2,34.336,17.168,34.336,17.168,0.0004102792885205573,0.8938913397720595,0.0,0.0
199,Device,Conv2D,model/conv2d_17/Conv2D,2,33.794,16.897,33.794,16.897,0.00040380295538978663,0.8942951427274493,0.0,0.0
200,Device,Mul,gradient_tape/conv2d_25/kernel/Regularizer/Mul_1,2,33.793,16.8965,33.793,16.8965,0.0004037910064356708,0.8946989337338849,0.0,0.0
201,Device,Tile,gradient_tape/conv2d_47/kernel/Regularizer/Tile,2,33.792,16.896,33.792,16.896,0.00040377905748155505,0.8951027127913664,0.0,0.0
202,Device,Conv2DBackpropFilter,gradient_tape/model/conv2d_40/Conv2D/Conv2DBackpropFilter,2,33.792,16.896,33.792,16.896,0.00040377905748155505,0.895506491848848,0.0,0.0
203,Device,FusedBatchNormV3,model/batch_normalization_39/FusedBatchNormV3,4,32.769,8.19225,32.769,8.19225,0.00039155527742107827,0.8958980471262691,0.0,0.0
204,Device,AddN,SGD/gradients/AddN_48,2,32.768,16.384,32.768,16.384,0.00039154332846696245,0.896289590454736,0.0,0.0
205,Device,Sum,conv2d_52/kernel/Regularizer/Sum,2,32.768,16.384,32.768,16.384,0.00039154332846696245,0.8966811337832029,0.0,0.0
206,Device,Conv2DBackpropFilter,gradient_tape/model/conv2d_28/Conv2D/Conv2DBackpropFilter,2,32.768,16.384,32.768,16.384,0.00039154332846696245,0.8970726771116698,0.0,0.0
207,Device,Conv2DBackpropFilter,gradient_tape/model/conv2d_34/Conv2D/Conv2DBackpropFilter,2,32.768,16.384,32.768,16.384,0.00039154332846696245,0.8974642204401367,0.0,0.0
208,Device,FusedBatchNormV3,model/batch_normalization_24/FusedBatchNormV3,4,32.768,8.192,32.768,8.192,0.00039154332846696245,0.8978557637686037,0.0,0.0
209,Device,FusedBatchNormV3,model/batch_normalization_27/FusedBatchNormV3,4,32.768,8.192,32.768,8.192,0.00039154332846696245,0.8982473070970706,0.0,0.0
210,Device,FusedBatchNormV3,model/batch_normalization_30/FusedBatchNormV3,4,32.768,8.192,32.768,8.192,0.00039154332846696245,0.8986388504255375,0.0,0.0
211,Device,FusedBatchNormV3,model/batch_normalization_36/FusedBatchNormV3,4,32.768,8.192,32.768,8.192,0.00039154332846696245,0.8990303937540044,0.0,0.0
212,Device,AddN,SGD/gradients/AddN_45,2,31.744,15.872,31.744,15.872,0.00037930759945236986,0.8994097013534568,0.0,0.0
213,Device,AddN,SGD/gradients/AddN_51,2,31.744,15.872,31.744,15.872,0.00037930759945236986,0.8997890089529091,0.0,0.0
214,Device,AddN,SGD/gradients/AddN_54,2,31.744,15.872,31.744,15.872,0.00037930759945236986,0.9001683165523615,0.0,0.0
215,Device,Conv2DBackpropFilter,gradient_tape/model/conv2d_31/Conv2D/Conv2DBackpropFilter,2,31.744,15.872,31.744,15.872,0.00037930759945236986,0.9005476241518139,0.0,0.0
216,Device,Conv2DBackpropFilter,gradient_tape/model/conv2d_37/Conv2D/Conv2DBackpropFilter,2,31.744,15.872,31.744,15.872,0.00037930759945236986,0.9009269317512663,0.0,0.0
217,Device,FusedBatchNormV3,model/batch_normalization_33/FusedBatchNormV3,4,31.744,7.936,31.744,7.936,0.00037930759945236986,0.9013062393507186,0.0,0.0
218,Device,Mul,gradient_tape/conv2d_41/kernel/Regularizer/Mul_1,2,30.721,15.3605,30.721,15.3605,0.00036708381939189313,0.9016733231701105,0.0,0.0
219,Device,Conv2D,model/conv2d_23/Conv2D,2,30.721,15.3605,30.721,15.3605,0.00036708381939189313,0.9020404069895024,0.0,0.0
220,Device,AddN,SGD/gradients/AddN_42,2,30.72,15.36,30.72,15.36,0.0003670718704377773,0.9024074788599402,0.0,0.0
221,Device,AddN,SGD/gradients/AddN_57,2,30.72,15.36,30.72,15.36,0.0003670718704377773,0.902774550730378,0.0,0.0
222,Device,Mul,gradient_tape/conv2d_27/kernel/Regularizer/Mul_1,2,30.72,15.36,30.72,15.36,0.0003670718704377773,0.9031416226008159,0.0,0.0
223,Device,Mul,gradient_tape/conv2d_29/kernel/Regularizer/Mul_1,2,30.72,15.36,30.72,15.36,0.0003670718704377773,0.9035086944712537,0.0,0.0
224,Device,Mul,gradient_tape/conv2d_32/kernel/Regularizer/Mul_1,2,30.72,15.36,30.72,15.36,0.0003670718704377773,0.9038757663416915,0.0,0.0
225,Device,Mul,gradient_tape/conv2d_35/kernel/Regularizer/Mul_1,2,30.72,15.36,30.72,15.36,0.0003670718704377773,0.9042428382121294,0.0,0.0
226,Device,Mul,gradient_tape/conv2d_38/kernel/Regularizer/Mul_1,2,30.72,15.36,30.72,15.36,0.0003670718704377773,0.9046099100825672,0.0,0.0
227,Device,FusedBatchNormGradV3,gradient_tape/model/batch_normalization_24/FusedBatchNormGradV3,2,30.72,15.36,30.72,15.36,0.0003670718704377773,0.904976981953005,0.0,0.0
228,Device,FusedBatchNormGradV3,gradient_tape/model/batch_normalization_27/FusedBatchNormGradV3,2,30.72,15.36,30.72,15.36,0.0003670718704377773,0.9053440538234429,0.0,0.0
229,Device,FusedBatchNormGradV3,gradient_tape/model/batch_normalization_30/FusedBatchNormGradV3,2,30.72,15.36,30.72,15.36,0.0003670718704377773,0.9057111256938807,0.0,0.0
230,Device,Conv2DBackpropInput,gradient_tape/model/conv2d_1/Conv2D/Conv2DBackpropInput,2,30.72,15.36,30.72,15.36,0.0003670718704377773,0.9060781975643185,0.0,0.0
231,Device,Conv2D,model/conv2d_20/Conv2D,2,30.72,15.36,30.72,15.36,0.0003670718704377773,0.9064452694347563,0.0,0.0
232,Device,FusedBatchNormGradV3,gradient_tape/model/batch_normalization_33/FusedBatchNormGradV3,2,29.696,14.848,29.696,14.848,0.00035483614142318477,0.9068001055761795,0.0,0.0
233,Device,FusedBatchNormGradV3,gradient_tape/model/batch_normalization_36/FusedBatchNormGradV3,2,29.696,14.848,29.696,14.848,0.00035483614142318477,0.9071549417176027,0.0,0.0
234,Device,FusedBatchNormGradV3,gradient_tape/model/batch_normalization_39/FusedBatchNormGradV3,2,29.696,14.848,29.696,14.848,0.00035483614142318477,0.9075097778590259,0.0,0.0
235,Device,Conv2D,model/conv2d_13/Conv2D,2,29.696,14.848,29.696,14.848,0.00035483614142318477,0.907864614000449,0.0,0.0
236,Device,Mul,gradient_tape/conv2d_43/kernel/Regularizer/Mul_1,2,28.674,14.337,28.674,14.337,0.00034262431031682376,0.9082072383107659,0.0,0.0
237,Device,Sum,conv2d_47/kernel/Regularizer/Sum,2,28.672,14.336,28.672,14.336,0.0003426004124085922,0.9085498387231745,0.0,0.0
238,Device,Sum,conv2d_45/kernel/Regularizer/Sum,2,27.648,13.824,27.648,13.824,0.0003303646833939996,0.9088802034065685,0.0,0.0
239,Device,Sum,conv2d_49/kernel/Regularizer/Sum,2,27.648,13.824,27.648,13.824,0.0003303646833939996,0.9092105680899625,0.0,0.0
240,Device,Mul,gradient_tape/conv2d_47/kernel/Regularizer/Mul,2,27.648,13.824,27.648,13.824,0.0003303646833939996,0.9095409327733565,0.0,0.0
241,Device,Conv2D,model/conv2d_4/Conv2D,2,27.648,13.824,27.648,13.824,0.0003303646833939996,0.9098712974567504,0.0,0.0
242,Device,Conv2D,model/conv2d_7/Conv2D,2,26.625,13.3125,26.625,13.3125,0.0003181409033335228,0.9101894383600839,0.0,0.0
243,Device,AddN,SGD/gradients/AddN_59,2,26.624,13.312,26.624,13.312,0.000318128954379407,0.9105075673144634,0.0,0.0
244,Device,Sum,conv2d_50/kernel/Regularizer/Sum,2,26.624,13.312,26.624,13.312,0.000318128954379407,0.9108256962688428,0.0,0.0
245,Device,Conv2DBackpropFilter,gradient_tape/model/conv2d_1/Conv2D/Conv2DBackpropFilter,2,26.624,13.312,26.624,13.312,0.000318128954379407,0.9111438252232222,0.0,0.0
246,Device,Conv2D,model/conv2d_10/Conv2D,2,26.624,13.312,26.624,13.312,0.000318128954379407,0.9114619541776017,0.0,0.0
247,Device,AddN,SGD/gradients/AddN_41,2,25.6,12.8,25.6,12.8,0.00030589322536481444,0.9117678474029665,0.0,0.0
248,Device,BiasAddGrad,gradient_tape/model/conv2d_52/BiasAdd/BiasAddGrad,2,24.576,12.288,24.576,12.288,0.00029365749635022184,0.9120615048993167,0.0,0.0
249,Device,FusedBatchNormV3,model/batch_normalization_12/FusedBatchNormV3,4,24.576,6.144,24.576,6.144,0.00029365749635022184,0.9123551623956669,0.0,0.0
250,Device,Conv2D,model/conv2d_3/Conv2D,2,24.576,12.288,24.576,12.288,0.00029365749635022184,0.9126488198920172,0.0,0.0
251,Device,MatMul,model/dense/MatMul,2,24.576,12.288,24.576,12.288,0.00029365749635022184,0.9129424773883674,0.0,0.0
252,Device,Square,conv2d_29/kernel/Regularizer/Square,2,23.552,11.776,23.552,11.776,0.00028142176733562924,0.913223899155703,0.0,0.0
253,Device,Square,conv2d_32/kernel/Regularizer/Square,2,23.552,11.776,23.552,11.776,0.00028142176733562924,0.9135053209230386,0.0,0.0
254,Device,Square,conv2d_38/kernel/Regularizer/Square,2,23.552,11.776,23.552,11.776,0.00028142176733562924,0.9137867426903742,0.0,0.0
255,Device,Square,conv2d_41/kernel/Regularizer/Square,2,23.552,11.776,23.552,11.776,0.00028142176733562924,0.9140681644577098,0.0,0.0
256,Device,BiasAddGrad,gradient_tape/model/conv2d_46/BiasAdd/BiasAddGrad,2,23.552,11.776,23.552,11.776,0.00028142176733562924,0.9143495862250454,0.0,0.0
257,Device,FusedBatchNormV3,model/batch_normalization_15/FusedBatchNormV3,4,23.552,5.888,23.552,5.888,0.00028142176733562924,0.914631007992381,0.0,0.0
258,Device,FusedBatchNormV3,model/batch_normalization_18/FusedBatchNormV3,4,23.552,5.888,23.552,5.888,0.00028142176733562924,0.9149124297597165,0.0,0.0
259,Device,FusedBatchNormV3,model/batch_normalization_21/FusedBatchNormV3,4,23.552,5.888,23.552,5.888,0.00028142176733562924,0.9151938515270521,0.0,0.0
260,Device,FusedBatchNormV3,model/batch_normalization_43/FusedBatchNormV3,4,23.552,5.888,23.552,5.888,0.00028142176733562924,0.9154752732943877,0.0,0.0
261,Device,FusedBatchNormV3,model/batch_normalization_47/FusedBatchNormV3,4,23.552,5.888,23.552,5.888,0.00028142176733562924,0.9157566950617233,0.0,0.0
262,Device,ResourceApplyGradientDescent,SGD/SGD/update_96/ResourceApplyGradientDescent,2,22.528,11.264,22.528,11.264,0.0002691860383210367,0.9160258811000443,0.0,0.0
263,Device,Square,conv2d_35/kernel/Regularizer/Square,2,22.528,11.264,22.528,11.264,0.0002691860383210367,0.9162950671383654,0.0,0.0
264,Device,Sum,conv2d_38/kernel/Regularizer/Sum,2,22.528,11.264,22.528,11.264,0.0002691860383210367,0.9165642531766864,0.0,0.0
265,Device,Mul,gradient_tape/conv2d_43/kernel/Regularizer/Mul,2,22.528,11.264,22.528,11.264,0.0002691860383210367,0.9168334392150075,0.0,0.0
266,Device,BiasAddGrad,gradient_tape/model/conv2d_49/BiasAdd/BiasAddGrad,2,22.528,11.264,22.528,11.264,0.0002691860383210367,0.9171026252533285,0.0,0.0
267,Device,FusedBatchNormV3,model/batch_normalization_40/FusedBatchNormV3,4,22.528,5.632,22.528,5.632,0.0002691860383210367,0.9173718112916496,0.0,0.0
268,Device,FusedBatchNormV3,model/batch_normalization_41/FusedBatchNormV3,4,22.528,5.632,22.528,5.632,0.0002691860383210367,0.9176409973299706,0.0,0.0
269,Device,FusedBatchNormV3,model/batch_normalization_44/FusedBatchNormV3,4,22.528,5.632,22.528,5.632,0.0002691860383210367,0.9179101833682917,0.0,0.0
270,Device,FusedBatchNormV3,model/batch_normalization_46/FusedBatchNormV3,4,22.528,5.632,22.528,5.632,0.0002691860383210367,0.9181793694066127,0.0,0.0
271,Device,FusedBatchNormGradV3,gradient_tape/model/batch_normalization_15/FusedBatchNormGradV3,2,21.505,10.7525,21.505,10.7525,0.0002569622582605599,0.9184363316648733,0.0,0.0
272,Device,ResourceApplyGradientDescent,SGD/SGD/update_122/ResourceApplyGradientDescent,2,21.504,10.752,21.504,10.752,0.0002569503093064441,0.9186932819741797,0.0,0.0
273,Device,ResourceApplyGradientDescent,SGD/SGD/update_134/ResourceApplyGradientDescent,2,21.504,10.752,21.504,10.752,0.0002569503093064441,0.918950232283486,0.0,0.0
274,Device,ResourceApplyGradientDescent,SGD/SGD/update_158/ResourceApplyGradientDescent,2,21.504,10.752,21.504,10.752,0.0002569503093064441,0.9192071825927924,0.0,0.0
275,Device,Sum,conv2d_27/kernel/Regularizer/Sum,2,21.504,10.752,21.504,10.752,0.0002569503093064441,0.9194641329020988,0.0,0.0
276,Device,Sum,conv2d_39/kernel/Regularizer/Sum,2,21.504,10.752,21.504,10.752,0.0002569503093064441,0.9197210832114052,0.0,0.0
277,Device,Tile,gradient_tape/conv2d_25/kernel/Regularizer/Tile,2,21.504,10.752,21.504,10.752,0.0002569503093064441,0.9199780335207116,0.0,0.0
278,Device,FusedBatchNormV3,model/batch_normalization/FusedBatchNormV3,4,21.504,5.376,21.504,5.376,0.0002569503093064441,0.920234983830018,0.0,0.0
279,Device,Conv2D,model/conv2d_1/Conv2D,2,21.504,10.752,21.504,10.752,0.0002569503093064441,0.9204919341393244,0.0,0.0
280,Device,Tile,gradient_tape/conv2d_27/kernel/Regularizer/Tile,2,20.481,10.2405,20.481,10.2405,0.0002447265292459674,0.9207366606685704,0.0,0.0
281,Device,FusedBatchNormGradV3,gradient_tape/model/batch_normalization_21/FusedBatchNormGradV3,2,20.481,10.2405,20.481,10.2405,0.0002447265292459674,0.9209813871978164,0.0,0.0
282,Device,ResourceApplyGradientDescent,SGD/SGD/update_100/ResourceApplyGradientDescent,2,20.48,10.24,20.48,10.24,0.00024471458029185156,0.9212261017781083,0.0,0.0
283,Device,ResourceApplyGradientDescent,SGD/SGD/update_110/ResourceApplyGradientDescent,2,20.48,10.24,20.48,10.24,0.00024471458029185156,0.9214708163584001,0.0,0.0
284,Device,ResourceApplyGradientDescent,SGD/SGD/update_146/ResourceApplyGradientDescent,2,20.48,10.24,20.48,10.24,0.00024471458029185156,0.921715530938692,0.0,0.0
285,Device,Square,conv2d_25/kernel/Regularizer/Square,2,20.48,10.24,20.48,10.24,0.00024471458029185156,0.9219602455189838,0.0,0.0
286,Device,Sum,conv2d_25/kernel/Regularizer/Sum,2,20.48,10.24,20.48,10.24,0.00024471458029185156,0.9222049600992757,0.0,0.0
287,Device,Sum,conv2d_28/kernel/Regularizer/Sum,2,20.48,10.24,20.48,10.24,0.00024471458029185156,0.9224496746795675,0.0,0.0
288,Device,Sum,conv2d_30/kernel/Regularizer/Sum,2,20.48,10.24,20.48,10.24,0.00024471458029185156,0.9226943892598594,0.0,0.0
289,Device,Sum,conv2d_32/kernel/Regularizer/Sum,2,20.48,10.24,20.48,10.24,0.00024471458029185156,0.9229391038401512,0.0,0.0
290,Device,Sum,conv2d_34/kernel/Regularizer/Sum,2,20.48,10.24,20.48,10.24,0.00024471458029185156,0.9231838184204431,0.0,0.0
291,Device,Sum,conv2d_35/kernel/Regularizer/Sum,2,20.48,10.24,20.48,10.24,0.00024471458029185156,0.9234285330007349,0.0,0.0
292,Device,Sum,conv2d_41/kernel/Regularizer/Sum,2,20.48,10.24,20.48,10.24,0.00024471458029185156,0.9236732475810268,0.0,0.0
293,Device,Square,conv2d_43/kernel/Regularizer/Square,2,20.48,10.24,20.48,10.24,0.00024471458029185156,0.9239179621613186,0.0,0.0
294,Device,Sum,conv2d_43/kernel/Regularizer/Sum,2,20.48,10.24,20.48,10.24,0.00024471458029185156,0.9241626767416105,0.0,0.0
295,Device,Mul,gradient_tape/conv2d_25/kernel/Regularizer/Mul,2,20.48,10.24,20.48,10.24,0.00024471458029185156,0.9244073913219023,0.0,0.0
296,Device,Tile,gradient_tape/conv2d_43/kernel/Regularizer/Tile,2,20.48,10.24,20.48,10.24,0.00024471458029185156,0.9246521059021942,0.0,0.0
297,Device,FusedBatchNormGradV3,gradient_tape/model/batch_normalization_12/FusedBatchNormGradV3,2,20.48,10.24,20.48,10.24,0.00024471458029185156,0.924896820482486,0.0,0.0
298,Device,FusedBatchNormGradV3,gradient_tape/model/batch_normalization_18/FusedBatchNormGradV3,2,20.48,10.24,20.48,10.24,0.00024471458029185156,0.9251415350627779,0.0,0.0
299,Device,FusedBatchNormGradV3,gradient_tape/model/batch_normalization_3/FusedBatchNormGradV3,2,20.48,10.24,20.48,10.24,0.00024471458029185156,0.9253862496430697,0.0,0.0
300,Device,FusedBatchNormGradV3,gradient_tape/model/batch_normalization_40/FusedBatchNormGradV3,2,20.48,10.24,20.48,10.24,0.00024471458029185156,0.9256309642233616,0.0,0.0
301,Device,FusedBatchNormGradV3,gradient_tape/model/batch_normalization_41/FusedBatchNormGradV3,2,20.48,10.24,20.48,10.24,0.00024471458029185156,0.9258756788036534,0.0,0.0
302,Device,FusedBatchNormGradV3,gradient_tape/model/batch_normalization_46/FusedBatchNormGradV3,2,20.48,10.24,20.48,10.24,0.00024471458029185156,0.9261203933839453,0.0,0.0
303,Device,FusedBatchNormGradV3,gradient_tape/model/batch_normalization_47/FusedBatchNormGradV3,2,20.48,10.24,20.48,10.24,0.00024471458029185156,0.9263651079642371,0.0,0.0
304,Device,FusedBatchNormGradV3,gradient_tape/model/batch_normalization_9/FusedBatchNormGradV3,2,20.48,10.24,20.48,10.24,0.00024471458029185156,0.926609822544529,0.0,0.0
305,Device,FusedBatchNormV3,model/batch_normalization_6/FusedBatchNormV3,4,20.48,5.12,20.48,5.12,0.00024471458029185156,0.9268545371248208,0.0,0.0
306,Device,ResourceApplyGradientDescent,SGD/SGD/update_166/ResourceApplyGradientDescent,2,19.456,9.728,19.456,9.728,0.00023247885127725896,0.9270870159760981,0.0,0.0
307,Device,Sum,conv2d_26/kernel/Regularizer/Sum,2,19.456,9.728,19.456,9.728,0.00023247885127725896,0.9273194948273754,0.0,0.0
308,Device,Square,conv2d_27/kernel/Regularizer/Square,2,19.456,9.728,19.456,9.728,0.00023247885127725896,0.9275519736786527,0.0,0.0
309,Device,Sum,conv2d_37/kernel/Regularizer/Sum,2,19.456,9.728,19.456,9.728,0.00023247885127725896,0.92778445252993,0.0,0.0
310,Device,Sum,conv2d_42/kernel/Regularizer/Sum,2,19.456,9.728,19.456,9.728,0.00023247885127725896,0.9280169313812073,0.0,0.0
311,Device,Mul,gradient_tape/conv2d_27/kernel/Regularizer/Mul,2,19.456,9.728,19.456,9.728,0.00023247885127725896,0.9282494102324846,0.0,0.0
312,Device,FusedBatchNormGradV3,gradient_tape/model/batch_normalization_43/FusedBatchNormGradV3,2,19.456,9.728,19.456,9.728,0.00023247885127725896,0.928481889083762,0.0,0.0
313,Device,FusedBatchNormGradV3,gradient_tape/model/batch_normalization_44/FusedBatchNormGradV3,2,19.456,9.728,19.456,9.728,0.00023247885127725896,0.9287143679350393,0.0,0.0
314,Device,FusedBatchNormV3,model/batch_normalization_3/FusedBatchNormV3,4,19.456,4.864,19.456,4.864,0.00023247885127725896,0.9289468467863166,0.0,0.0
315,Device,FusedBatchNormV3,model/batch_normalization_9/FusedBatchNormV3,4,19.456,4.864,19.456,4.864,0.00023247885127725896,0.9291793256375939,0.0,0.0
316,Device,Softmax,model/dense/Softmax,2,19.456,9.728,19.456,9.728,0.00023247885127725896,0.9294118044888712,0.0,0.0
317,Device,Sum,conv2d_31/kernel/Regularizer/Sum,2,18.433,9.2165,18.433,9.2165,0.00022025507121678218,0.929632059560088,0.0,0.0
318,Device,FusedBatchNormV3,model/batch_normalization_32/FusedBatchNormV3,4,18.433,4.60825,18.433,4.60825,0.00022025507121678218,0.9298523146313048,0.0,0.0
319,Device,AddN,SGD/gradients/AddN_43,2,18.432,9.216,18.432,9.216,0.00022024312226266637,0.9300725577535675,0.0,0.0
320,Device,Sum,conv2d_29/kernel/Regularizer/Sum,2,18.432,9.216,18.432,9.216,0.00022024312226266637,0.9302928008758301,0.0,0.0
321,Device,Sum,conv2d_33/kernel/Regularizer/Sum,2,18.432,9.216,18.432,9.216,0.00022024312226266637,0.9305130439980928,0.0,0.0
322,Device,Sum,conv2d_36/kernel/Regularizer/Sum,2,18.432,9.216,18.432,9.216,0.00022024312226266637,0.9307332871203554,0.0,0.0
323,Device,Sum,conv2d_40/kernel/Regularizer/Sum,2,18.432,9.216,18.432,9.216,0.00022024312226266637,0.9309535302426181,0.0,0.0
324,Device,FusedBatchNormGradV3,gradient_tape/model/batch_normalization_6/FusedBatchNormGradV3,2,18.432,9.216,18.432,9.216,0.00022024312226266637,0.9311737733648807,0.0,0.0
325,Device,BiasAddGrad,gradient_tape/model/conv2d_42/BiasAdd/BiasAddGrad,2,18.432,9.216,18.432,9.216,0.00022024312226266637,0.9313940164871434,0.0,0.0
326,Device,FusedBatchNormV3,model/batch_normalization_23/FusedBatchNormV3,4,18.432,4.608,18.432,4.608,0.00022024312226266637,0.931614259609406,0.0,0.0
327,Device,FusedBatchNormV3,model/batch_normalization_25/FusedBatchNormV3,4,18.432,4.608,18.432,4.608,0.00022024312226266637,0.9318345027316687,0.0,0.0
328,Device,FusedBatchNormV3,model/batch_normalization_26/FusedBatchNormV3,4,18.432,4.608,18.432,4.608,0.00022024312226266637,0.9320547458539313,0.0,0.0
329,Device,FusedBatchNormV3,model/batch_normalization_29/FusedBatchNormV3,4,18.432,4.608,18.432,4.608,0.00022024312226266637,0.932274988976194,0.0,0.0
330,Device,FusedBatchNormV3,model/batch_normalization_34/FusedBatchNormV3,4,18.432,4.608,18.432,4.608,0.00022024312226266637,0.9324952320984566,0.0,0.0
331,Device,FusedBatchNormV3,model/batch_normalization_38/FusedBatchNormV3,4,18.432,4.608,18.432,4.608,0.00022024312226266637,0.9327154752207193,0.0,0.0
332,Device,Sum,conv2d_14/kernel/Regularizer/Sum,2,17.408,8.704,17.408,8.704,0.00020800739324807382,0.9329234826139674,0.0,0.0
333,Device,Mul,gradient_tape/conv2d_26/kernel/Regularizer/Mul_1,2,17.408,8.704,17.408,8.704,0.00020800739324807382,0.9331314900072155,0.0,0.0
334,Device,Mul,gradient_tape/conv2d_28/kernel/Regularizer/Mul_1,2,17.408,8.704,17.408,8.704,0.00020800739324807382,0.9333394974004636,0.0,0.0
335,Device,BiasAddGrad,gradient_tape/model/conv2d_30/BiasAdd/BiasAddGrad,2,17.408,8.704,17.408,8.704,0.00020800739324807382,0.9335475047937117,0.0,0.0
336,Device,BiasAddGrad,gradient_tape/model/conv2d_36/BiasAdd/BiasAddGrad,2,17.408,8.704,17.408,8.704,0.00020800739324807382,0.9337555121869598,0.0,0.0
337,Device,BiasAddGrad,gradient_tape/model/conv2d_39/BiasAdd/BiasAddGrad,2,17.408,8.704,17.408,8.704,0.00020800739324807382,0.933963519580208,0.0,0.0
338,Device,FusedBatchNormV3,model/batch_normalization_31/FusedBatchNormV3,4,17.408,4.352,17.408,4.352,0.00020800739324807382,0.9341715269734561,0.0,0.0
339,Device,FusedBatchNormV3,model/batch_normalization_35/FusedBatchNormV3,4,17.408,4.352,17.408,4.352,0.00020800739324807382,0.9343795343667042,0.0,0.0
340,Device,FusedBatchNormV3,model/batch_normalization_37/FusedBatchNormV3,4,17.408,4.352,17.408,4.352,0.00020800739324807382,0.9345875417599523,0.0,0.0
341,Device,FusedBatchNormGradV3,gradient_tape/model/batch_normalization_23/FusedBatchNormGradV3,2,16.385,8.1925,16.385,8.1925,0.00019578361318759707,0.9347833253731399,0.0,0.0
342,Device,Sum,conv2d_12/kernel/Regularizer/Sum,2,16.384,8.192,16.384,8.192,0.00019577166423348123,0.9349790970373734,0.0,0.0
343,Device,Sum,conv2d_22/kernel/Regularizer/Sum,2,16.384,8.192,16.384,8.192,0.00019577166423348123,0.9351748687016068,0.0,0.0
344,Device,BiasAddGrad,gradient_tape/model/conv2d_27/BiasAdd/BiasAddGrad,2,16.384,8.192,16.384,8.192,0.00019577166423348123,0.9353706403658403,0.0,0.0
345,Device,MaxPoolGrad,gradient_tape/model/max_pooling2d/MaxPool/MaxPoolGrad,2,16.384,8.192,16.384,8.192,0.00019577166423348123,0.9355664120300737,0.0,0.0
346,Device,FusedBatchNormV3,model/batch_normalization_22/FusedBatchNormV3,4,16.384,4.096,16.384,4.096,0.00019577166423348123,0.9357621836943072,0.0,0.0
347,Device,FusedBatchNormV3,model/batch_normalization_28/FusedBatchNormV3,4,16.384,4.096,16.384,4.096,0.00019577166423348123,0.9359579553585406,0.0,0.0
348,Device,BiasAddGrad,gradient_tape/model/conv2d_33/BiasAdd/BiasAddGrad,2,15.361,7.6805,15.361,7.6805,0.00018354788417300447,0.9361415032427136,0.0,0.0
349,Device,Sum,conv2d_16/kernel/Regularizer/Sum,2,15.36,7.68,15.36,7.68,0.00018353593521888866,0.9363250391779325,0.0,0.0
350,Device,Sum,conv2d_20/kernel/Regularizer/Sum,2,15.36,7.68,15.36,7.68,0.00018353593521888866,0.9365085751131514,0.0,0.0
351,Device,Sum,conv2d_24/kernel/Regularizer/Sum,2,15.36,7.68,15.36,7.68,0.00018353593521888866,0.9366921110483704,0.0,0.0
352,Device,Tile,gradient_tape/conv2d_28/kernel/Regularizer/Tile,2,15.36,7.68,15.36,7.68,0.00018353593521888866,0.9368756469835893,0.0,0.0
353,Device,FusedBatchNormGradV3,gradient_tape/model/batch_normalization/FusedBatchNormGradV3,2,15.36,7.68,15.36,7.68,0.00018353593521888866,0.9370591829188082,0.0,0.0
354,Device,FusedBatchNormGradV3,gradient_tape/model/batch_normalization_29/FusedBatchNormGradV3,2,15.36,7.68,15.36,7.68,0.00018353593521888866,0.9372427188540271,0.0,0.0
355,Device,FusedBatchNormGradV3,gradient_tape/model/batch_normalization_32/FusedBatchNormGradV3,2,15.36,7.68,15.36,7.68,0.00018353593521888866,0.937426254789246,0.0,0.0
356,Device,BiasAddGrad,gradient_tape/model/conv2d_17/BiasAdd/BiasAddGrad,2,15.36,7.68,15.36,7.68,0.00018353593521888866,0.9376097907244649,0.0,0.0
357,Device,BiasAddGrad,gradient_tape/model/conv2d_20/BiasAdd/BiasAddGrad,2,15.36,7.68,15.36,7.68,0.00018353593521888866,0.9377933266596838,0.0,0.0
358,Device,BiasAddGrad,gradient_tape/model/conv2d_50/BiasAdd/BiasAddGrad,2,15.36,7.68,15.36,7.68,0.00018353593521888866,0.9379768625949028,0.0,0.0
359,Device,FusedBatchNormV3,model/batch_normalization_7/FusedBatchNormV3,4,14.337,3.58425,14.337,3.58425,0.00017131215515841188,0.9381481747500612,0.0,0.0
360,Device,ResourceApplyGradientDescent,SGD/SGD/update_102/ResourceApplyGradientDescent,2,14.336,7.168,14.336,7.168,0.0001713002062042961,0.9383194749562654,0.0,0.0
361,Device,Sum,conv2d_18/kernel/Regularizer/Sum,2,14.336,7.168,14.336,7.168,0.0001713002062042961,0.9384907751624697,0.0,0.0
362,Device,Sum,conv2d_19/kernel/Regularizer/Sum,2,14.336,7.168,14.336,7.168,0.0001713002062042961,0.938662075368674,0.0,0.0
363,Device,Sum,conv2d_21/kernel/Regularizer/Sum,2,14.336,7.168,14.336,7.168,0.0001713002062042961,0.9388333755748782,0.0,0.0
364,Device,Sum,conv2d_23/kernel/Regularizer/Sum,2,14.336,7.168,14.336,7.168,0.0001713002062042961,0.9390046757810825,0.0,0.0
365,Device,Square,conv2d_39/kernel/Regularizer/Square,2,14.336,7.168,14.336,7.168,0.0001713002062042961,0.9391759759872867,0.0,0.0
366,Device,Tile,gradient_tape/conv2d_12/kernel/Regularizer/Tile,2,14.336,7.168,14.336,7.168,0.0001713002062042961,0.939347276193491,0.0,0.0
367,Device,Tile,gradient_tape/conv2d_26/kernel/Regularizer/Tile,2,14.336,7.168,14.336,7.168,0.0001713002062042961,0.9395185763996953,0.0,0.0
368,Device,Mul,gradient_tape/conv2d_28/kernel/Regularizer/Mul,2,14.336,7.168,14.336,7.168,0.0001713002062042961,0.9396898766058995,0.0,0.0
369,Device,Mul,gradient_tape/conv2d_30/kernel/Regularizer/Mul_1,2,14.336,7.168,14.336,7.168,0.0001713002062042961,0.9398611768121038,0.0,0.0
370,Device,Mul,gradient_tape/conv2d_33/kernel/Regularizer/Mul_1,2,14.336,7.168,14.336,7.168,0.0001713002062042961,0.940032477018308,0.0,0.0
371,Device,Mul,gradient_tape/conv2d_34/kernel/Regularizer/Mul_1,2,14.336,7.168,14.336,7.168,0.0001713002062042961,0.9402037772245123,0.0,0.0
372,Device,Mul,gradient_tape/conv2d_37/kernel/Regularizer/Mul_1,2,14.336,7.168,14.336,7.168,0.0001713002062042961,0.9403750774307166,0.0,0.0
373,Device,FusedBatchNormGradV3,gradient_tape/model/batch_normalization_22/FusedBatchNormGradV3,2,14.336,7.168,14.336,7.168,0.0001713002062042961,0.9405463776369208,0.0,0.0
374,Device,FusedBatchNormGradV3,gradient_tape/model/batch_normalization_25/FusedBatchNormGradV3,2,14.336,7.168,14.336,7.168,0.0001713002062042961,0.9407176778431251,0.0,0.0
375,Device,FusedBatchNormGradV3,gradient_tape/model/batch_normalization_26/FusedBatchNormGradV3,2,14.336,7.168,14.336,7.168,0.0001713002062042961,0.9408889780493294,0.0,0.0
376,Device,FusedBatchNormGradV3,gradient_tape/model/batch_normalization_28/FusedBatchNormGradV3,2,14.336,7.168,14.336,7.168,0.0001713002062042961,0.9410602782555336,0.0,0.0
377,Device,FusedBatchNormGradV3,gradient_tape/model/batch_normalization_31/FusedBatchNormGradV3,2,14.336,7.168,14.336,7.168,0.0001713002062042961,0.9412315784617379,0.0,0.0
378,Device,FusedBatchNormGradV3,gradient_tape/model/batch_normalization_34/FusedBatchNormGradV3,2,14.336,7.168,14.336,7.168,0.0001713002062042961,0.9414028786679421,0.0,0.0
379,Device,FusedBatchNormGradV3,gradient_tape/model/batch_normalization_35/FusedBatchNormGradV3,2,14.336,7.168,14.336,7.168,0.0001713002062042961,0.9415741788741464,0.0,0.0
380,Device,FusedBatchNormGradV3,gradient_tape/model/batch_normalization_37/FusedBatchNormGradV3,2,14.336,7.168,14.336,7.168,0.0001713002062042961,0.9417454790803507,0.0,0.0
381,Device,FusedBatchNormGradV3,gradient_tape/model/batch_normalization_38/FusedBatchNormGradV3,2,14.336,7.168,14.336,7.168,0.0001713002062042961,0.9419167792865549,0.0,0.0
382,Device,BiasAddGrad,gradient_tape/model/conv2d_14/BiasAdd/BiasAddGrad,2,14.336,7.168,14.336,7.168,0.0001713002062042961,0.9420880794927592,0.0,0.0
383,Device,BiasAddGrad,gradient_tape/model/conv2d_23/BiasAdd/BiasAddGrad,2,14.336,7.168,14.336,7.168,0.0001713002062042961,0.9422593796989635,0.0,0.0
384,Device,BiasAddGrad,gradient_tape/model/conv2d_25/BiasAdd/BiasAddGrad,2,14.336,7.168,14.336,7.168,0.0001713002062042961,0.9424306799051677,0.0,0.0
385,Device,BiasAddGrad,gradient_tape/model/conv2d_4/BiasAdd/BiasAddGrad,2,14.336,7.168,14.336,7.168,0.0001713002062042961,0.942601980111372,0.0,0.0
386,Device,BiasAddGrad,gradient_tape/model/conv2d_41/BiasAdd/BiasAddGrad,2,14.336,7.168,14.336,7.168,0.0001713002062042961,0.9427732803175762,0.0,0.0
387,Device,BiasAddGrad,gradient_tape/model/conv2d_43/BiasAdd/BiasAddGrad,2,14.336,7.168,14.336,7.168,0.0001713002062042961,0.9429445805237805,0.0,0.0
388,Device,BiasAddGrad,gradient_tape/model/conv2d_44/BiasAdd/BiasAddGrad,2,14.336,7.168,14.336,7.168,0.0001713002062042961,0.9431158807299848,0.0,0.0
389,Device,BiasAddGrad,gradient_tape/model/conv2d_47/BiasAdd/BiasAddGrad,2,14.336,7.168,14.336,7.168,0.0001713002062042961,0.943287180936189,0.0,0.0
390,Device,BiasAddGrad,gradient_tape/model/conv2d_48/BiasAdd/BiasAddGrad,2,14.336,7.168,14.336,7.168,0.0001713002062042961,0.9434584811423933,0.0,0.0
391,Device,BiasAddGrad,gradient_tape/model/conv2d_51/BiasAdd/BiasAddGrad,2,14.336,7.168,14.336,7.168,0.0001713002062042961,0.9436297813485975,0.0,0.0
392,Device,BiasAddGrad,gradient_tape/model/conv2d_7/BiasAdd/BiasAddGrad,2,14.336,7.168,14.336,7.168,0.0001713002062042961,0.9438010815548018,0.0,0.0
393,Device,FusedBatchNormV3,model/batch_normalization_1/FusedBatchNormV3,4,14.336,3.584,14.336,3.584,0.0001713002062042961,0.9439723817610061,0.0,0.0
394,Device,FusedBatchNormV3,model/batch_normalization_14/FusedBatchNormV3,4,14.336,3.584,14.336,3.584,0.0001713002062042961,0.9441436819672103,0.0,0.0
395,Device,FusedBatchNormV3,model/batch_normalization_16/FusedBatchNormV3,4,14.336,3.584,14.336,3.584,0.0001713002062042961,0.9443149821734146,0.0,0.0
396,Device,FusedBatchNormV3,model/batch_normalization_19/FusedBatchNormV3,4,14.336,3.584,14.336,3.584,0.0001713002062042961,0.9444862823796188,0.0,0.0
397,Device,FusedBatchNormV3,model/batch_normalization_2/FusedBatchNormV3,4,14.336,3.584,14.336,3.584,0.0001713002062042961,0.9446575825858231,0.0,0.0
398,Device,FusedBatchNormV3,model/batch_normalization_20/FusedBatchNormV3,4,14.336,3.584,14.336,3.584,0.0001713002062042961,0.9448288827920274,0.0,0.0
399,Device,FusedBatchNormV3,model/batch_normalization_5/FusedBatchNormV3,4,14.336,3.584,14.336,3.584,0.0001713002062042961,0.9450001829982316,0.0,0.0
400,Device,FusedBatchNormV3,model/batch_normalization_8/FusedBatchNormV3,4,14.336,3.584,14.336,3.584,0.0001713002062042961,0.9451714832044359,0.0,0.0
401,Device,Sum,conv2d_11/kernel/Regularizer/Sum,2,13.313,6.6565,13.313,6.6565,0.0001590764261438193,0.9453305596305797,0.0,0.0
402,Device,Mul,gradient_tape/conv2d_40/kernel/Regularizer/Mul_1,2,13.313,6.6565,13.313,6.6565,0.0001590764261438193,0.9454896360567234,0.0,0.0
403,Device,MatMul,gradient_tape/model/dense/MatMul/MatMul,2,13.313,6.6565,13.313,6.6565,0.0001590764261438193,0.9456487124828672,0.0,0.0
404,Device,AddN,SGD/gradients/AddN_13,2,13.312,6.656,13.312,6.656,0.0001590644771897035,0.9458077769600569,0.0,0.0
405,Device,AddN,SGD/gradients/AddN_14,2,13.312,6.656,13.312,6.656,0.0001590644771897035,0.9459668414372466,0.0,0.0
406,Device,AddN,SGD/gradients/AddN_46,2,13.312,6.656,13.312,6.656,0.0001590644771897035,0.9461259059144363,0.0,0.0
407,Device,AddN,SGD/gradients/AddN_49,2,13.312,6.656,13.312,6.656,0.0001590644771897035,0.9462849703916261,0.0,0.0
408,Device,AddN,SGD/gradients/AddN_52,2,13.312,6.656,13.312,6.656,0.0001590644771897035,0.9464440348688158,0.0,0.0
409,Device,Sum,conv2d_10/kernel/Regularizer/Sum,2,13.312,6.656,13.312,6.656,0.0001590644771897035,0.9466030993460055,0.0,0.0
410,Device,Sum,conv2d_13/kernel/Regularizer/Sum,2,13.312,6.656,13.312,6.656,0.0001590644771897035,0.9467621638231952,0.0,0.0
411,Device,Sum,conv2d_15/kernel/Regularizer/Sum,2,13.312,6.656,13.312,6.656,0.0001590644771897035,0.9469212283003849,0.0,0.0
412,Device,Sum,conv2d_17/kernel/Regularizer/Sum,2,13.312,6.656,13.312,6.656,0.0001590644771897035,0.9470802927775747,0.0,0.0
413,Device,Square,conv2d_30/kernel/Regularizer/Square,2,13.312,6.656,13.312,6.656,0.0001590644771897035,0.9472393572547644,0.0,0.0
414,Device,Square,conv2d_33/kernel/Regularizer/Square,2,13.312,6.656,13.312,6.656,0.0001590644771897035,0.9473984217319541,0.0,0.0
415,Device,Square,conv2d_34/kernel/Regularizer/Square,2,13.312,6.656,13.312,6.656,0.0001590644771897035,0.9475574862091438,0.0,0.0
416,Device,Square,conv2d_36/kernel/Regularizer/Square,2,13.312,6.656,13.312,6.656,0.0001590644771897035,0.9477165506863335,0.0,0.0
417,Device,Sum,conv2d_6/kernel/Regularizer/Sum,2,13.312,6.656,13.312,6.656,0.0001590644771897035,0.9478756151635233,0.0,0.0
418,Device,Sum,conv2d_9/kernel/Regularizer/Sum,2,13.312,6.656,13.312,6.656,0.0001590644771897035,0.948034679640713,0.0,0.0
419,Device,Tile,gradient_tape/conv2d_14/kernel/Regularizer/Tile,2,13.312,6.656,13.312,6.656,0.0001590644771897035,0.9481937441179027,0.0,0.0
420,Device,Mul,gradient_tape/conv2d_36/kernel/Regularizer/Mul_1,2,13.312,6.656,13.312,6.656,0.0001590644771897035,0.9483528085950924,0.0,0.0
421,Device,Mul,gradient_tape/conv2d_39/kernel/Regularizer/Mul_1,2,13.312,6.656,13.312,6.656,0.0001590644771897035,0.9485118730722821,0.0,0.0
422,Device,Mul,gradient_tape/conv2d_42/kernel/Regularizer/Mul_1,2,13.312,6.656,13.312,6.656,0.0001590644771897035,0.9486709375494718,0.0,0.0
423,Device,BiasAddGrad,gradient_tape/model/conv2d_29/BiasAdd/BiasAddGrad,2,13.312,6.656,13.312,6.656,0.0001590644771897035,0.9488300020266616,0.0,0.0
424,Device,BiasAddGrad,gradient_tape/model/conv2d_34/BiasAdd/BiasAddGrad,2,13.312,6.656,13.312,6.656,0.0001590644771897035,0.9489890665038513,0.0,0.0
425,Device,BiasAddGrad,gradient_tape/model/conv2d_35/BiasAdd/BiasAddGrad,2,13.312,6.656,13.312,6.656,0.0001590644771897035,0.949148130981041,0.0,0.0
426,Device,BiasAddGrad,gradient_tape/model/conv2d_40/BiasAdd/BiasAddGrad,2,13.312,6.656,13.312,6.656,0.0001590644771897035,0.9493071954582307,0.0,0.0
427,Device,Relu,model/activation/Relu,2,13.312,6.656,13.312,6.656,0.0001590644771897035,0.9494662599354204,0.0,0.0
428,Device,FusedBatchNormV3,model/batch_normalization_11/FusedBatchNormV3,4,13.312,3.328,13.312,3.328,0.0001590644771897035,0.9496253244126102,0.0,0.0
429,Device,FusedBatchNormV3,model/batch_normalization_13/FusedBatchNormV3,4,13.312,3.328,13.312,3.328,0.0001590644771897035,0.9497843888897999,0.0,0.0
430,Device,FusedBatchNormV3,model/batch_normalization_17/FusedBatchNormV3,4,13.312,3.328,13.312,3.328,0.0001590644771897035,0.9499434533669896,0.0,0.0
431,Device,FusedBatchNormV3,model/batch_normalization_4/FusedBatchNormV3,4,13.312,3.328,13.312,3.328,0.0001590644771897035,0.9501025178441793,0.0,0.0
432,Device,Square,conv2d_28/kernel/Regularizer/Square,2,12.289,6.1445,12.289,6.1445,0.00014684069712922674,0.9502493585413085,0.0,0.0
433,Device,Square,conv2d_31/kernel/Regularizer/Square,2,12.289,6.1445,12.289,6.1445,0.00014684069712922674,0.9503961992384378,0.0,0.0
434,Device,AddN,SGD/gradients/AddN_12,2,12.288,6.144,12.288,6.144,0.00014682874817511092,0.9505430279866128,0.0,0.0
435,Device,AddN,SGD/gradients/AddN_29,2,12.288,6.144,12.288,6.144,0.00014682874817511092,0.9506898567347879,0.0,0.0
436,Device,AddN,SGD/gradients/AddN_44,2,12.288,6.144,12.288,6.144,0.00014682874817511092,0.950836685482963,0.0,0.0
437,Device,AddN,SGD/gradients/AddN_47,2,12.288,6.144,12.288,6.144,0.00014682874817511092,0.950983514231138,0.0,0.0
438,Device,AddN,SGD/gradients/AddN_50,2,12.288,6.144,12.288,6.144,0.00014682874817511092,0.9511303429793131,0.0,0.0
439,Device,AddN,SGD/gradients/AddN_53,2,12.288,6.144,12.288,6.144,0.00014682874817511092,0.9512771717274882,0.0,0.0
440,Device,AddN,SGD/gradients/AddN_55,2,12.288,6.144,12.288,6.144,0.00014682874817511092,0.9514240004756632,0.0,0.0
441,Device,AddN,SGD/gradients/AddN_56,2,12.288,6.144,12.288,6.144,0.00014682874817511092,0.9515708292238383,0.0,0.0
442,Device,AddN,SGD/gradients/AddN_58,2,12.288,6.144,12.288,6.144,0.00014682874817511092,0.9517176579720134,0.0,0.0
443,Device,Sum,conv2d_2/kernel/Regularizer/Sum,2,12.288,6.144,12.288,6.144,0.00014682874817511092,0.9518644867201884,0.0,0.0
444,Device,Square,conv2d_26/kernel/Regularizer/Square,2,12.288,6.144,12.288,6.144,0.00014682874817511092,0.9520113154683635,0.0,0.0
445,Device,Square,conv2d_37/kernel/Regularizer/Square,2,12.288,6.144,12.288,6.144,0.00014682874817511092,0.9521581442165385,0.0,0.0
446,Device,Square,conv2d_40/kernel/Regularizer/Square,2,12.288,6.144,12.288,6.144,0.00014682874817511092,0.9523049729647136,0.0,0.0
447,Device,Square,conv2d_42/kernel/Regularizer/Square,2,12.288,6.144,12.288,6.144,0.00014682874817511092,0.9524518017128887,0.0,0.0
448,Device,Sum,conv2d_5/kernel/Regularizer/Sum,2,12.288,6.144,12.288,6.144,0.00014682874817511092,0.9525986304610637,0.0,0.0
449,Device,Tile,gradient_tape/conv2d_11/kernel/Regularizer/Tile,2,12.288,6.144,12.288,6.144,0.00014682874817511092,0.9527454592092388,0.0,0.0
450,Device,Mul,gradient_tape/conv2d_12/kernel/Regularizer/Mul_1,2,12.288,6.144,12.288,6.144,0.00014682874817511092,0.9528922879574139,0.0,0.0
451,Device,Tile,gradient_tape/conv2d_13/kernel/Regularizer/Tile,2,12.288,6.144,12.288,6.144,0.00014682874817511092,0.9530391167055889,0.0,0.0
452,Device,Mul,gradient_tape/conv2d_14/kernel/Regularizer/Mul_1,2,12.288,6.144,12.288,6.144,0.00014682874817511092,0.953185945453764,0.0,0.0
453,Device,Tile,gradient_tape/conv2d_15/kernel/Regularizer/Tile,2,12.288,6.144,12.288,6.144,0.00014682874817511092,0.9533327742019391,0.0,0.0
454,Device,Tile,gradient_tape/conv2d_2/kernel/Regularizer/Tile,2,12.288,6.144,12.288,6.144,0.00014682874817511092,0.9534796029501141,0.0,0.0
455,Device,Tile,gradient_tape/conv2d_24/kernel/Regularizer/Tile,2,12.288,6.144,12.288,6.144,0.00014682874817511092,0.9536264316982892,0.0,0.0
456,Device,Mul,gradient_tape/conv2d_31/kernel/Regularizer/Mul_1,2,12.288,6.144,12.288,6.144,0.00014682874817511092,0.9537732604464643,0.0,0.0
457,Device,ReluGrad,gradient_tape/model/activation_9/ReluGrad,2,12.288,6.144,12.288,6.144,0.00014682874817511092,0.9539200891946393,0.0,0.0
458,Device,FusedBatchNormGradV3,gradient_tape/model/batch_normalization_1/FusedBatchNormGradV3,2,12.288,6.144,12.288,6.144,0.00014682874817511092,0.9540669179428144,0.0,0.0
459,Device,FusedBatchNormGradV3,gradient_tape/model/batch_normalization_11/FusedBatchNormGradV3,2,12.288,6.144,12.288,6.144,0.00014682874817511092,0.9542137466909895,0.0,0.0
460,Device,FusedBatchNormGradV3,gradient_tape/model/batch_normalization_7/FusedBatchNormGradV3,2,12.288,6.144,12.288,6.144,0.00014682874817511092,0.9543605754391645,0.0,0.0
461,Device,BiasAddGrad,gradient_tape/model/conv2d/BiasAdd/BiasAddGrad,2,12.288,6.144,12.288,6.144,0.00014682874817511092,0.9545074041873396,0.0,0.0
462,Device,BiasAddGrad,gradient_tape/model/conv2d_10/BiasAdd/BiasAddGrad,2,12.288,6.144,12.288,6.144,0.00014682874817511092,0.9546542329355147,0.0,0.0
463,Device,BiasAddGrad,gradient_tape/model/conv2d_24/BiasAdd/BiasAddGrad,2,12.288,6.144,12.288,6.144,0.00014682874817511092,0.9548010616836897,0.0,0.0
464,Device,BiasAddGrad,gradient_tape/model/conv2d_28/BiasAdd/BiasAddGrad,2,12.288,6.144,12.288,6.144,0.00014682874817511092,0.9549478904318648,0.0,0.0
465,Device,BiasAddGrad,gradient_tape/model/conv2d_31/BiasAdd/BiasAddGrad,2,12.288,6.144,12.288,6.144,0.00014682874817511092,0.9550947191800399,0.0,0.0
466,Device,BiasAddGrad,gradient_tape/model/conv2d_32/BiasAdd/BiasAddGrad,2,12.288,6.144,12.288,6.144,0.00014682874817511092,0.9552415479282149,0.0,0.0
467,Device,BiasAddGrad,gradient_tape/model/conv2d_37/BiasAdd/BiasAddGrad,2,12.288,6.144,12.288,6.144,0.00014682874817511092,0.95538837667639,0.0,0.0
468,Device,BiasAddGrad,gradient_tape/model/conv2d_38/BiasAdd/BiasAddGrad,2,12.288,6.144,12.288,6.144,0.00014682874817511092,0.955535205424565,0.0,0.0
469,Device,FusedBatchNormV3,model/batch_normalization_10/FusedBatchNormV3,4,12.288,3.072,12.288,3.072,0.00014682874817511092,0.9556820341727401,0.0,0.0
470,Device,FusedBatchNormGradV3,gradient_tape/model/batch_normalization_4/FusedBatchNormGradV3,2,11.265,5.6325,11.265,5.6325,0.00013460496811463417,0.9558166391408548,0.0,0.0
471,Device,Sum,conv2d/kernel/Regularizer/Sum,2,11.264,5.632,11.264,5.632,0.00013459301916051835,0.9559512321600153,0.0,0.0
472,Device,Sum,conv2d_3/kernel/Regularizer/Sum,2,11.264,5.632,11.264,5.632,0.00013459301916051835,0.9560858251791758,0.0,0.0
473,Device,Sum,conv2d_4/kernel/Regularizer/Sum,2,11.264,5.632,11.264,5.632,0.00013459301916051835,0.9562204181983364,0.0,0.0
474,Device,Sum,conv2d_7/kernel/Regularizer/Sum,2,11.264,5.632,11.264,5.632,0.00013459301916051835,0.9563550112174969,0.0,0.0
475,Device,Sum,conv2d_8/kernel/Regularizer/Sum,2,11.264,5.632,11.264,5.632,0.00013459301916051835,0.9564896042366574,0.0,0.0
476,Device,Mul,gradient_tape/conv2d_26/kernel/Regularizer/Mul,2,11.264,5.632,11.264,5.632,0.00013459301916051835,0.9566241972558179,0.0,0.0
477,Device,FusedBatchNormGradV3,gradient_tape/model/batch_normalization_10/FusedBatchNormGradV3,2,11.264,5.632,11.264,5.632,0.00013459301916051835,0.9567587902749785,0.0,0.0
478,Device,FusedBatchNormGradV3,gradient_tape/model/batch_normalization_13/FusedBatchNormGradV3,2,11.264,5.632,11.264,5.632,0.00013459301916051835,0.956893383294139,0.0,0.0
479,Device,FusedBatchNormGradV3,gradient_tape/model/batch_normalization_19/FusedBatchNormGradV3,2,11.264,5.632,11.264,5.632,0.00013459301916051835,0.9570279763132995,0.0,0.0
480,Device,FusedBatchNormGradV3,gradient_tape/model/batch_normalization_2/FusedBatchNormGradV3,2,11.264,5.632,11.264,5.632,0.00013459301916051835,0.95716256933246,0.0,0.0
481,Device,BiasAdd,model/conv2d/BiasAdd,2,11.264,5.632,11.264,5.632,0.00013459301916051835,0.9572971623516205,0.0,0.0
482,Device,MaxPool,model/max_pooling2d/MaxPool,2,11.264,5.632,11.264,5.632,0.00013459301916051835,0.9574317553707811,0.0,0.0
483,Device,ResourceApplyGradientDescent,SGD/SGD/update_114/ResourceApplyGradientDescent,2,10.24,5.12,10.24,5.12,0.00012235729014592578,0.957554112660927,0.0,0.0
484,Device,ResourceApplyGradientDescent,SGD/SGD/update_150/ResourceApplyGradientDescent,2,10.24,5.12,10.24,5.12,0.00012235729014592578,0.957676469951073,0.0,0.0
485,Device,ResourceApplyGradientDescent,SGD/SGD/update_50/ResourceApplyGradientDescent,2,10.24,5.12,10.24,5.12,0.00012235729014592578,0.957798827241219,0.0,0.0
486,Device,AddN,SGD/gradients/AddN_30,2,10.24,5.12,10.24,5.12,0.00012235729014592578,0.957921184531365,0.0,0.0
487,Device,AddN,SGD/gradients/AddN_38,2,10.24,5.12,10.24,5.12,0.00012235729014592578,0.958043541821511,0.0,0.0
488,Device,Sum,conv2d_1/kernel/Regularizer/Sum,2,10.24,5.12,10.24,5.12,0.00012235729014592578,0.958165899111657,0.0,0.0
489,Device,Mul,gradient_tape/conv2d_12/kernel/Regularizer/Mul,2,10.24,5.12,10.24,5.12,0.00012235729014592578,0.9582882564018029,0.0,0.0
490,Device,Mul,gradient_tape/conv2d_13/kernel/Regularizer/Mul_1,2,10.24,5.12,10.24,5.12,0.00012235729014592578,0.9584106136919489,0.0,0.0
491,Device,Mul,gradient_tape/conv2d_16/kernel/Regularizer/Mul_1,2,10.24,5.12,10.24,5.12,0.00012235729014592578,0.9585329709820949,0.0,0.0
492,Device,Mul,gradient_tape/conv2d_19/kernel/Regularizer/Mul_1,2,10.24,5.12,10.24,5.12,0.00012235729014592578,0.9586553282722409,0.0,0.0
493,Device,Mul,gradient_tape/conv2d_22/kernel/Regularizer/Mul_1,2,10.24,5.12,10.24,5.12,0.00012235729014592578,0.9587776855623868,0.0,0.0
494,Device,Mul,gradient_tape/conv2d_24/kernel/Regularizer/Mul_1,2,10.24,5.12,10.24,5.12,0.00012235729014592578,0.9589000428525328,0.0,0.0
495,Device,FusedBatchNormGradV3,gradient_tape/model/batch_normalization_14/FusedBatchNormGradV3,2,10.24,5.12,10.24,5.12,0.00012235729014592578,0.9590224001426788,0.0,0.0
496,Device,FusedBatchNormGradV3,gradient_tape/model/batch_normalization_16/FusedBatchNormGradV3,2,10.24,5.12,10.24,5.12,0.00012235729014592578,0.9591447574328248,0.0,0.0
497,Device,FusedBatchNormGradV3,gradient_tape/model/batch_normalization_17/FusedBatchNormGradV3,2,10.24,5.12,10.24,5.12,0.00012235729014592578,0.9592671147229708,0.0,0.0
498,Device,FusedBatchNormGradV3,gradient_tape/model/batch_normalization_20/FusedBatchNormGradV3,2,10.24,5.12,10.24,5.12,0.00012235729014592578,0.9593894720131168,0.0,0.0
499,Device,FusedBatchNormGradV3,gradient_tape/model/batch_normalization_5/FusedBatchNormGradV3,2,10.24,5.12,10.24,5.12,0.00012235729014592578,0.9595118293032627,0.0,0.0
500,Device,FusedBatchNormGradV3,gradient_tape/model/batch_normalization_8/FusedBatchNormGradV3,2,10.24,5.12,10.24,5.12,0.00012235729014592578,0.9596341865934087,0.0,0.0
501,Host,IDLE,IDLE,0,214104.486,0.0,214104.486,0.0,0.0,0.0,0.9949941041212234,0.9949941041212234
502,Host,_Send,IteratorGetNext/_1,2,312.035,156.0175,312.035,156.0175,0.0,0.0,0.0014501003275543976,0.9964442044487778
503,Host,_Send,IteratorGetNext/_3,2,275.824,137.912,275.824,137.912,0.0,0.0,0.0012818192598502225,0.9977260237086281
504,Host,GatherV2,GatherV2,2,77.911,38.9555,77.911,38.9555,0.0,0.0,0.00036207081455635003,0.9980880945231844
505,Host,Dataset,Iterator::Root::ParallelMapV2,2,66.021,33.0105,66.021,33.0105,0.0,0.0,0.00030681517690473467,0.9983949097000892
506,Host,Dataset,Iterator::Root::ParallelMapV2::Zip[1]::ForeverRepeat,2,65.881,32.9405,60.441,30.2205,0.0,0.0,0.0002808835992684005,0.9986757932993575
507,Host,FlushSummaryWriter,FlushSummaryWriter,1,42.42,42.42,42.42,42.42,0.0,0.0,0.00019713575686976638,0.9988729290562273
508,Host,IteratorGetNext,IteratorGetNext,2,41.541,20.7705,41.541,20.7705,0.0,0.0,0.00019305083630662338,0.9990659798925339
509,Host,Dataset,Iterator::Root::ParallelMapV2::Zip[0]::FlatMap,2,64.821,32.4105,39.171,19.5855,0.0,0.0,0.00018203688666538467,0.9992480167791993
510,Host,Dataset,Iterator::Root,2,102.562,51.281,36.541,18.2705,0.0,0.0,0.00016981465562890458,0.9994178314348282
511,Host,LogicalAnd,LogicalAnd,1,31.601,31.601,31.601,31.601,0.0,0.0,0.0001468573091193184,0.9995646887439475
512,Host,Dataset,Iterator::Root::ParallelMapV2::Zip[0]::FlatMap[1]::TensorSlice,2,25.65,12.825,25.65,12.825,0.0,0.0,0.00011920160687669747,0.9996838903508243
513,Host,WriteSummary,WriteSummary,1,20.86,20.86,20.86,20.86,0.0,0.0,9.694134578744286e-05,0.9997808316966117
514,Host,GatherV2,GatherV2_1,2,15.68,7.84,15.68,7.84,0.0,0.0,7.286866260532618e-05,0.9998537003592171
515,Host,Dataset,Iterator::Root::ParallelMapV2::Zip,2,144.813,72.4065,14.111,7.0555,0.0,0.0,6.557714910865802e-05,0.9999192775083258
516,Host,ReadVariableOp,ReadVariableOp,1,9.29,9.29,9.29,9.29,0.0,0.0,4.317282369920154e-05,0.999962450332025
517,Host,Dataset,Iterator::Root::ParallelMapV2::Zip[1]::ForeverRepeat::FromTensor,4,5.44,1.36,5.44,1.36,0.0,0.0,2.5280964577358062e-05,0.9999877312966023
518,Host,Identity,Identity,2,2.64,1.32,2.64,1.32,0.0,0.0,1.226870339783553e-05,1.0000000000000002
