Rank,Host/device,Type,Operation,#Occurrences,Total time (us),Avg. time (us),Total self-time (us),Avg. self-time (us),Total self-time on Device (%),Cumulative total-self time on Device (%),Total self-time on Host (%),Cumulative total-self time on Host (%)
1,Device,IDLE,IDLE,0,32612.789,0.0,32612.789,0.0,0.5618718494214361,0.5618718494214361,0.0,0.0
2,Device,Conv2DBackpropFilter,gradient_tape/model/conv2d_34/Conv2D/Conv2DBackpropFilter,2,559.106,279.553,559.106,279.553,0.009632599108362717,0.5715044485297988,0.0,0.0
3,Device,Conv2DBackpropFilter,gradient_tape/model/conv2d_30/Conv2D/Conv2DBackpropFilter,2,558.082,279.041,558.082,279.041,0.009614957048561959,0.5811194055783607,0.0,0.0
4,Device,Conv2DBackpropFilter,gradient_tape/model/conv2d_33/Conv2D/Conv2DBackpropFilter,2,558.082,279.041,558.082,279.041,0.009614957048561959,0.5907343626269227,0.0,0.0
5,Device,Conv2DBackpropFilter,gradient_tape/model/conv2d_35/Conv2D/Conv2DBackpropFilter,2,555.01,277.505,555.01,277.505,0.00956203086915968,0.6002963934960823,0.0,0.0
6,Device,Conv2DBackpropFilter,gradient_tape/model/conv2d_32/Conv2D/Conv2DBackpropFilter,2,547.842,273.921,547.842,273.921,0.009438536450554364,0.6097349299466367,0.0,0.0
7,Device,Conv2DBackpropInput,gradient_tape/model/conv2d_35/Conv2D/Conv2DBackpropInput,4,425.986,106.4965,425.986,106.4965,0.007339131334263987,0.6170740612809007,0.0,0.0
8,Device,Conv2DBackpropInput,gradient_tape/model/conv2d_30/Conv2D/Conv2DBackpropInput,4,424.962,106.2405,424.962,106.2405,0.007321489274463227,0.6243955505553639,0.0,0.0
9,Device,Conv2DBackpropInput,gradient_tape/model/conv2d_32/Conv2D/Conv2DBackpropInput,4,424.962,106.2405,424.962,106.2405,0.007321489274463227,0.6317170398298271,0.0,0.0
10,Device,Conv2DBackpropInput,gradient_tape/model/conv2d_34/Conv2D/Conv2DBackpropInput,4,422.914,105.7285,422.914,105.7285,0.007286205154861708,0.6390032449846887,0.0,0.0
11,Device,Conv2DBackpropInput,gradient_tape/model/conv2d_33/Conv2D/Conv2DBackpropInput,4,420.864,105.216,420.864,105.216,0.00725088657811214,0.6462541315628009,0.0,0.0
12,Device,Conv2D,model/conv2d_30/Conv2D,4,350.21,87.5525,350.21,87.5525,0.006033618909007786,0.6522877504718086,0.0,0.0
13,Device,Conv2D,model/conv2d_32/Conv2D,4,338.944,84.736,338.944,84.736,0.005839521794051384,0.65812727226586,0.0,0.0
14,Device,Conv2D,model/conv2d_35/Conv2D,4,338.944,84.736,338.944,84.736,0.005839521794051384,0.6639667940599113,0.0,0.0
15,Device,Conv2D,model/conv2d_34/Conv2D,4,336.898,84.2245,336.898,84.2245,0.005804272131597913,0.6697710661915093,0.0,0.0
16,Device,Conv2D,model/conv2d_33/Conv2D,4,335.873,83.96825,335.873,83.96825,0.005786612843223129,0.6755576790347324,0.0,0.0
17,Device,Conv2DBackpropInput,gradient_tape/model/conv2d_29/Conv2D/Conv2DBackpropInput,2,245.76,122.88,245.76,122.88,0.004234094352182272,0.6797917733869147,0.0,0.0
18,Device,Conv2D,model/conv2d_29/Conv2D,4,240.64,60.16,240.64,60.16,0.0041458840531784745,0.6839376574400932,0.0,0.0
19,Device,Conv2D,model/conv2d_22/Conv2D,4,173.056,43.264,173.056,43.264,0.00298150810632835,0.6869191655464215,0.0,0.0
20,Device,Conv2D,model/conv2d_24/Conv2D,4,172.033,43.00825,172.033,43.00825,0.0029638832751016143,0.6898830488215232,0.0,0.0
21,Device,Conv2D,model/conv2d_26/Conv2D,4,171.01,42.7525,171.01,42.7525,0.0029462584438748793,0.692829307265398,0.0,0.0
22,Device,Conv2D,model/conv2d_21/Conv2D,4,171.009,42.75225,171.009,42.75225,0.002946241215300855,0.6957755484806989,0.0,0.0
23,Device,Conv2D,model/conv2d_23/Conv2D,4,171.008,42.752,171.008,42.752,0.0029462239867268313,0.6987217724674257,0.0,0.0
24,Device,Conv2D,model/conv2d_25/Conv2D,4,171.008,42.752,171.008,42.752,0.0029462239867268313,0.7016679964541526,0.0,0.0
25,Device,Conv2D,model/conv2d_28/Conv2D,4,171.008,42.752,171.008,42.752,0.0029462239867268313,0.7046142204408794,0.0,0.0
26,Device,Conv2D,model/conv2d_17/Conv2D,4,169.985,42.49625,169.985,42.49625,0.002928599155500096,0.7075428195963795,0.0,0.0
27,Device,Conv2D,model/conv2d_19/Conv2D,4,169.985,42.49625,169.985,42.49625,0.002928599155500096,0.7104714187518797,0.0,0.0
28,Device,Conv2D,model/conv2d_20/Conv2D,4,168.962,42.2405,168.962,42.2405,0.00291097432427336,0.713382393076153,0.0,0.0
29,Device,Conv2D,model/conv2d_27/Conv2D,4,167.937,41.98425,167.937,41.98425,0.002893315035898577,0.7162757081120517,0.0,0.0
30,Device,Conv2DBackpropInput,gradient_tape/model/conv2d_24/Conv2D/Conv2DBackpropInput,2,134.145,67.0725,134.145,67.0725,0.0023111270624735147,0.7185868351745252,0.0,0.0
31,Device,Conv2DBackpropInput,gradient_tape/model/conv2d_17/Conv2D/Conv2DBackpropInput,2,133.12,66.56,133.12,66.56,0.002293467774098731,0.7208803029486239,0.0,0.0
32,Device,Conv2DBackpropInput,gradient_tape/model/conv2d_22/Conv2D/Conv2DBackpropInput,2,131.074,65.537,131.074,65.537,0.0022582181116452605,0.7231385210602692,0.0,0.0
33,Device,Conv2DBackpropInput,gradient_tape/model/conv2d_21/Conv2D/Conv2DBackpropInput,2,131.073,65.5365,131.073,65.5365,0.002258200883071236,0.7253967219433405,0.0,0.0
34,Device,Conv2DBackpropInput,gradient_tape/model/conv2d_23/Conv2D/Conv2DBackpropInput,2,131.073,65.5365,131.073,65.5365,0.002258200883071236,0.7276549228264118,0.0,0.0
35,Device,Conv2DBackpropInput,gradient_tape/model/conv2d_25/Conv2D/Conv2DBackpropInput,2,131.073,65.5365,131.073,65.5365,0.002258200883071236,0.729913123709483,0.0,0.0
36,Device,Conv2DBackpropInput,gradient_tape/model/conv2d_20/Conv2D/Conv2DBackpropInput,2,130.049,65.0245,130.049,65.0245,0.0022405588232704767,0.7321536825327535,0.0,0.0
37,Device,Conv2DBackpropInput,gradient_tape/model/conv2d_19/Conv2D/Conv2DBackpropInput,2,130.048,65.024,130.048,65.024,0.002240541594696452,0.7343942241274499,0.0,0.0
38,Device,Conv2DBackpropInput,gradient_tape/model/conv2d_28/Conv2D/Conv2DBackpropInput,2,129.025,64.5125,129.025,64.5125,0.0022229167634697173,0.7366171408909197,0.0,0.0
39,Device,Conv2DBackpropFilter,gradient_tape/model/conv2d_29/Conv2D/Conv2DBackpropFilter,2,129.025,64.5125,129.025,64.5125,0.0022229167634697173,0.7388400576543894,0.0,0.0
40,Device,Conv2DBackpropInput,gradient_tape/model/conv2d_26/Conv2D/Conv2DBackpropInput,2,129.024,64.512,129.024,64.512,0.002222899534895693,0.7410629571892852,0.0,0.0
41,Device,Conv2DBackpropInput,gradient_tape/model/conv2d_27/Conv2D/Conv2DBackpropInput,2,128.0,64.0,128.0,64.0,0.0022052574750949334,0.7432682146643801,0.0,0.0
42,Device,ResourceApplyGradientDescent,SGD/SGD/update_118/ResourceApplyGradientDescent,2,125.952,62.976,125.952,62.976,0.0021699733554934146,0.7454381880198735,0.0,0.0
43,Device,ResourceApplyGradientDescent,SGD/SGD/update_122/ResourceApplyGradientDescent,2,124.929,62.4645,124.929,62.4645,0.0021523485242666792,0.7475905365441402,0.0,0.0
44,Device,ResourceApplyGradientDescent,SGD/SGD/update_130/ResourceApplyGradientDescent,2,124.929,62.4645,124.929,62.4645,0.0021523485242666792,0.7497428850684069,0.0,0.0
45,Device,ResourceApplyGradientDescent,SGD/SGD/update_134/ResourceApplyGradientDescent,2,123.906,61.953,123.906,61.953,0.002134723693039944,0.7518776087614468,0.0,0.0
46,Device,_Recv,IteratorGetNext/_2,2,122.944,61.472,122.944,61.472,0.0021181498048286835,0.7539957585662755,0.0,0.0
47,Device,ResourceApplyGradientDescent,SGD/SGD/update_126/ResourceApplyGradientDescent,2,122.881,61.4405,122.881,61.4405,0.0021170644046651604,0.7561128229709407,0.0,0.0
48,Device,AddN,SGD/gradients/AddN_47,2,122.88,61.44,122.88,61.44,0.002117047176091136,0.7582298701470319,0.0,0.0
49,Device,Mul,gradient_tape/conv2d_35/kernel/Regularizer/Mul_1,2,121.856,60.928,121.856,60.928,0.0020994051162903766,0.7603292752633223,0.0,0.0
50,Device,Mul,gradient_tape/conv2d_33/kernel/Regularizer/Mul_1,2,120.833,60.4165,120.833,60.4165,0.002081780285063641,0.762411055548386,0.0,0.0
51,Device,Mul,gradient_tape/conv2d_34/kernel/Regularizer/Mul_1,2,120.833,60.4165,120.833,60.4165,0.002081780285063641,0.7644928358334496,0.0,0.0
52,Device,Mul,gradient_tape/conv2d_32/kernel/Regularizer/Mul_1,2,120.832,60.416,120.832,60.416,0.002081763056489617,0.7665745988899393,0.0,0.0
53,Device,Mul,gradient_tape/conv2d_30/kernel/Regularizer/Mul_1,2,119.808,59.904,119.808,59.904,0.0020641209966888578,0.7686387198866281,0.0,0.0
54,Device,SoftmaxCrossEntropyWithLogits,categorical_crossentropy/softmax_cross_entropy_with_logits,2,118.784,59.392,118.784,59.392,0.0020464789368880984,0.7706851988235163,0.0,0.0
55,Device,Conv2D,model/conv2d_16/Conv2D,4,117.761,29.44025,117.761,29.44025,0.002028854105661363,0.7727140529291776,0.0,0.0
56,Device,Conv2DBackpropFilter,gradient_tape/model/conv2d/Conv2D/Conv2DBackpropFilter,2,114.688,57.344,114.688,57.344,0.0019759106976850603,0.7746899636268627,0.0,0.0
57,Device,AddN,SGD/gradients/AddN_49,2,111.617,55.8085,111.617,55.8085,0.0019230017468568061,0.7766129653737195,0.0,0.0
58,Device,AddN,SGD/gradients/AddN_48,2,110.593,55.2965,110.593,55.2965,0.0019053596870560467,0.7785183250607756,0.0,0.0
59,Device,AddN,SGD/gradients/AddN_50,2,110.592,55.296,110.592,55.296,0.0019053424584820225,0.7804236675192576,0.0,0.0
60,Device,AddN,SGD/gradients/AddN_51,2,110.592,55.296,110.592,55.296,0.0019053424584820225,0.7823290099777397,0.0,0.0
61,Device,Conv2DBackpropFilter,gradient_tape/model/conv2d_22/Conv2D/Conv2DBackpropFilter,2,103.424,51.712,103.424,51.712,0.0017818480398767063,0.7841108580176164,0.0,0.0
62,Device,Conv2DBackpropFilter,gradient_tape/model/conv2d_28/Conv2D/Conv2DBackpropFilter,2,103.424,51.712,103.424,51.712,0.0017818480398767063,0.7858927060574931,0.0,0.0
63,Device,Conv2DBackpropFilter,gradient_tape/model/conv2d_23/Conv2D/Conv2DBackpropFilter,2,102.401,51.2005,102.401,51.2005,0.0017642232086499709,0.7876569292661431,0.0,0.0
64,Device,Conv2DBackpropInput,gradient_tape/model/conv2d_31/Conv2D/Conv2DBackpropInput,4,102.401,25.60025,102.401,25.60025,0.0017642232086499709,0.789421152474793,0.0,0.0
65,Device,Conv2DBackpropFilter,gradient_tape/model/conv2d_20/Conv2D/Conv2DBackpropFilter,2,102.4,51.2,102.4,51.2,0.0017642059800759469,0.791185358454869,0.0,0.0
66,Device,Conv2DBackpropFilter,gradient_tape/model/conv2d_24/Conv2D/Conv2DBackpropFilter,2,102.4,51.2,102.4,51.2,0.0017642059800759469,0.792949564434945,0.0,0.0
67,Device,Conv2DBackpropFilter,gradient_tape/model/conv2d_25/Conv2D/Conv2DBackpropFilter,2,102.4,51.2,102.4,51.2,0.0017642059800759469,0.794713770415021,0.0,0.0
68,Device,Conv2DBackpropFilter,gradient_tape/model/conv2d_26/Conv2D/Conv2DBackpropFilter,2,102.4,51.2,102.4,51.2,0.0017642059800759469,0.796477976395097,0.0,0.0
69,Device,Conv2DBackpropFilter,gradient_tape/model/conv2d_21/Conv2D/Conv2DBackpropFilter,2,101.377,50.6885,101.377,50.6885,0.0017465811488492115,0.7982245575439462,0.0,0.0
70,Device,Conv2DBackpropFilter,gradient_tape/model/conv2d_19/Conv2D/Conv2DBackpropFilter,2,100.354,50.177,100.354,50.177,0.001728956317622476,0.7999535138615687,0.0,0.0
71,Device,Conv2DBackpropFilter,gradient_tape/model/conv2d_17/Conv2D/Conv2DBackpropFilter,2,100.352,50.176,100.352,50.176,0.0017289218604744278,0.8016824357220431,0.0,0.0
72,Device,Conv2DBackpropFilter,gradient_tape/model/conv2d_27/Conv2D/Conv2DBackpropFilter,2,100.352,50.176,100.352,50.176,0.0017289218604744278,0.8034113575825176,0.0,0.0
73,Device,Conv2DBackpropInput,gradient_tape/model/conv2d_16/Conv2D/Conv2DBackpropInput,2,97.28,48.64,97.28,48.64,0.0016759956810721494,0.8050873532635897,0.0,0.0
74,Device,Conv2D,model/conv2d/Conv2D,2,91.137,45.5685,91.137,45.5685,0.0015701605508416168,0.8066575138144313,0.0,0.0
75,Device,Conv2D,model/conv2d_7/Conv2D,4,91.136,22.784,91.136,22.784,0.0015701433222675926,0.8082276571366989,0.0,0.0
76,Device,Conv2DBackpropFilter,gradient_tape/model/conv2d_8/Conv2D/Conv2DBackpropFilter,2,87.041,43.5205,87.041,43.5205,0.0014995923116385788,0.8097272494483374,0.0,0.0
77,Device,Conv2DBackpropFilter,gradient_tape/model/conv2d_1/Conv2D/Conv2DBackpropFilter,2,86.017,43.0085,86.017,43.0085,0.0014819502518378194,0.8112091997001752,0.0,0.0
78,Device,Conv2DBackpropFilter,gradient_tape/model/conv2d_6/Conv2D/Conv2DBackpropFilter,2,86.017,43.0085,86.017,43.0085,0.0014819502518378194,0.8126911499520131,0.0,0.0
79,Device,FusedBatchNormGradV3,gradient_tape/model/batch_normalization/FusedBatchNormGradV3,2,84.993,42.4965,84.993,42.4965,0.00146430819203706,0.8141554581440501,0.0,0.0
80,Device,Conv2DBackpropFilter,gradient_tape/model/conv2d_10/Conv2D/Conv2DBackpropFilter,2,84.993,42.4965,84.993,42.4965,0.00146430819203706,0.8156197663360871,0.0,0.0
81,Device,Conv2DBackpropFilter,gradient_tape/model/conv2d_12/Conv2D/Conv2DBackpropFilter,2,84.992,42.496,84.992,42.496,0.001464290963463036,0.8170840572995501,0.0,0.0
82,Device,Conv2DBackpropFilter,gradient_tape/model/conv2d_4/Conv2D/Conv2DBackpropFilter,2,84.992,42.496,84.992,42.496,0.001464290963463036,0.8185483482630131,0.0,0.0
83,Device,Conv2DBackpropFilter,gradient_tape/model/conv2d_5/Conv2D/Conv2DBackpropFilter,2,84.992,42.496,84.992,42.496,0.001464290963463036,0.8200126392264762,0.0,0.0
84,Device,Square,conv2d_35/kernel/Regularizer/Square,2,83.969,41.9845,83.969,41.9845,0.0014466661322363003,0.8214593053587125,0.0,0.0
85,Device,Conv2DBackpropFilter,gradient_tape/model/conv2d_3/Conv2D/Conv2DBackpropFilter,2,83.969,41.9845,83.969,41.9845,0.0014466661322363003,0.8229059714909488,0.0,0.0
86,Device,Square,conv2d_30/kernel/Regularizer/Square,2,83.968,41.984,83.968,41.984,0.0014466489036622763,0.8243526203946111,0.0,0.0
87,Device,Conv2DBackpropFilter,gradient_tape/model/conv2d_11/Conv2D/Conv2DBackpropFilter,2,83.968,41.984,83.968,41.984,0.0014466489036622763,0.8257992692982734,0.0,0.0
88,Device,Conv2DBackpropFilter,gradient_tape/model/conv2d_13/Conv2D/Conv2DBackpropFilter,2,83.968,41.984,83.968,41.984,0.0014466489036622763,0.8272459182019357,0.0,0.0
89,Device,Conv2DBackpropFilter,gradient_tape/model/conv2d_2/Conv2D/Conv2DBackpropFilter,2,83.968,41.984,83.968,41.984,0.0014466489036622763,0.828692567105598,0.0,0.0
90,Device,Conv2DBackpropInput,gradient_tape/model/conv2d_7/Conv2D/Conv2DBackpropInput,2,82.945,41.4725,82.945,41.4725,0.001429024072435541,0.8301215911780335,0.0,0.0
91,Device,Square,conv2d_33/kernel/Regularizer/Square,2,82.944,41.472,82.944,41.472,0.001429006843861517,0.831550598021895,0.0,0.0
92,Device,Mul,gradient_tape/conv2d_30/kernel/Regularizer/Mul,2,82.944,41.472,82.944,41.472,0.001429006843861517,0.8329796048657565,0.0,0.0
93,Device,Square,conv2d_32/kernel/Regularizer/Square,2,81.921,40.9605,81.921,40.9605,0.0014113820126347818,0.8343909868783913,0.0,0.0
94,Device,Square,conv2d_34/kernel/Regularizer/Square,2,81.92,40.96,81.92,40.96,0.0014113647840607575,0.8358023516624521,0.0,0.0
95,Device,Conv2DBackpropFilter,gradient_tape/model/conv2d_15/Conv2D/Conv2DBackpropFilter,2,80.897,40.4485,80.897,40.4485,0.0013937399528340221,0.8371960916152861,0.0,0.0
96,Device,Conv2DBackpropFilter,gradient_tape/model/conv2d_14/Conv2D/Conv2DBackpropFilter,2,80.896,40.448,80.896,40.448,0.001393722724259998,0.838589814339546,0.0,0.0
97,Device,Conv2DBackpropFilter,gradient_tape/model/conv2d_7/Conv2D/Conv2DBackpropFilter,2,78.848,39.424,78.848,39.424,0.001358438604658479,0.8399482529442045,0.0,0.0
98,Device,Conv2DBackpropInput,gradient_tape/model/conv2d_10/Conv2D/Conv2DBackpropInput,2,77.824,38.912,77.824,38.912,0.0013407965448577195,0.8412890494890622,0.0,0.0
99,Device,Conv2DBackpropInput,gradient_tape/model/conv2d_15/Conv2D/Conv2DBackpropInput,2,76.801,38.4005,76.801,38.4005,0.0013231717136309843,0.8426122212026932,0.0,0.0
100,Device,Conv2DBackpropFilter,gradient_tape/model/conv2d_16/Conv2D/Conv2DBackpropFilter,2,76.801,38.4005,76.801,38.4005,0.0013231717136309843,0.8439353929163241,0.0,0.0
101,Device,Conv2DBackpropInput,gradient_tape/model/conv2d_11/Conv2D/Conv2DBackpropInput,2,76.8,38.4,76.8,38.4,0.00132315448505696,0.8452585474013811,0.0,0.0
102,Device,Conv2DBackpropInput,gradient_tape/model/conv2d_8/Conv2D/Conv2DBackpropInput,2,76.8,38.4,76.8,38.4,0.00132315448505696,0.846581701886438,0.0,0.0
103,Device,Conv2D,model/conv2d_10/Conv2D,2,76.8,38.4,76.8,38.4,0.00132315448505696,0.8479048563714949,0.0,0.0
104,Device,Conv2D,model/conv2d_13/Conv2D,2,76.8,38.4,76.8,38.4,0.00132315448505696,0.8492280108565519,0.0,0.0
105,Device,Conv2D,model/conv2d_15/Conv2D,2,75.777,37.8885,75.777,37.8885,0.0013055296538302247,0.8505335405103821,0.0,0.0
106,Device,Conv2DBackpropInput,gradient_tape/model/conv2d_12/Conv2D/Conv2DBackpropInput,2,75.776,37.888,75.776,37.888,0.0013055124252562005,0.8518390529356383,0.0,0.0
107,Device,Conv2DBackpropInput,gradient_tape/model/conv2d_13/Conv2D/Conv2DBackpropInput,2,75.776,37.888,75.776,37.888,0.0013055124252562005,0.8531445653608946,0.0,0.0
108,Device,Conv2DBackpropInput,gradient_tape/model/conv2d_14/Conv2D/Conv2DBackpropInput,2,75.776,37.888,75.776,37.888,0.0013055124252562005,0.8544500777861508,0.0,0.0
109,Device,Conv2D,model/conv2d_14/Conv2D,2,75.776,37.888,75.776,37.888,0.0013055124252562005,0.855755590211407,0.0,0.0
110,Device,Conv2D,model/conv2d_8/Conv2D,2,75.776,37.888,75.776,37.888,0.0013055124252562005,0.8570611026366632,0.0,0.0
111,Device,Conv2D,model/conv2d_11/Conv2D,2,74.753,37.3765,74.753,37.3765,0.0012878875940294653,0.8583489902306927,0.0,0.0
112,Device,Conv2D,model/conv2d_12/Conv2D,2,74.753,37.3765,74.753,37.3765,0.0012878875940294653,0.8596368778247221,0.0,0.0
113,Device,Tile,gradient_tape/conv2d_30/kernel/Regularizer/Tile,2,72.705,36.3525,72.705,36.3525,0.0012526034744279463,0.86088948129915,0.0,0.0
114,Device,Mul,gradient_tape/conv2d_29/kernel/Regularizer/Mul_1,2,63.488,31.744,63.488,31.744,0.001093807707647087,0.8619832890067971,0.0,0.0
115,Device,ResourceApplyGradientDescent,SGD/SGD/update_112/ResourceApplyGradientDescent,2,59.393,29.6965,59.393,29.6965,0.0010232566970180734,0.8630065457038152,0.0,0.0
116,Device,AddN,SGD/gradients/AddN_45,2,59.393,29.6965,59.393,29.6965,0.0010232566970180734,0.8640298024008333,0.0,0.0
117,Device,Sum,conv2d_30/kernel/Regularizer/Sum,2,57.345,28.6725,57.345,28.6725,0.0009879725774165544,0.8650177749782498,0.0,0.0
118,Device,Conv2DBackpropInput,gradient_tape/model/conv2d_18/Conv2D/Conv2DBackpropInput,4,57.344,14.336,57.344,14.336,0.0009879553488425302,0.8660057303270924,0.0,0.0
119,Device,Sum,conv2d_33/kernel/Regularizer/Sum,2,56.321,28.1605,56.321,28.1605,0.0009703305176157949,0.8669760608447081,0.0,0.0
120,Device,Sum,conv2d_34/kernel/Regularizer/Sum,2,55.297,27.6485,55.297,27.6485,0.0009526884578150354,0.8679287493025232,0.0,0.0
121,Device,Sum,conv2d_32/kernel/Regularizer/Sum,2,55.296,27.648,55.296,27.648,0.0009526712292410113,0.8688814205317642,0.0,0.0
122,Device,Sum,conv2d_35/kernel/Regularizer/Sum,2,54.272,27.136,54.272,27.136,0.0009350291694402517,0.8698164497012044,0.0,0.0
123,Device,Conv2D,model/conv2d_1/Conv2D,2,54.272,27.136,54.272,27.136,0.0009350291694402517,0.8707514788706446,0.0,0.0
124,Device,Conv2D,model/conv2d_6/Conv2D,2,53.25,26.625,53.25,26.625,0.0009174215667875407,0.8716689004374322,0.0,0.0
125,Device,Conv2D,model/conv2d_5/Conv2D,2,52.224,26.112,52.224,26.112,0.0008997450498387328,0.8725686454872709,0.0,0.0
126,Device,Conv2DBackpropInput,gradient_tape/model/conv2d_2/Conv2D/Conv2DBackpropInput,2,51.2,25.6,51.2,25.6,0.0008821029900379734,0.8734507484773089,0.0,0.0
127,Device,Conv2DBackpropInput,gradient_tape/model/conv2d_6/Conv2D/Conv2DBackpropInput,2,51.2,25.6,51.2,25.6,0.0008821029900379734,0.8743328514673468,0.0,0.0
128,Device,Conv2D,model/conv2d_2/Conv2D,2,51.2,25.6,51.2,25.6,0.0008821029900379734,0.8752149544573848,0.0,0.0
129,Device,Conv2DBackpropInput,gradient_tape/model/conv2d_3/Conv2D/Conv2DBackpropInput,2,50.176,25.088,50.176,25.088,0.0008644609302372139,0.876079415387622,0.0,0.0
130,Device,Conv2D,model/conv2d_3/Conv2D,2,50.176,25.088,50.176,25.088,0.0008644609302372139,0.8769438763178592,0.0,0.0
131,Device,Conv2D,model/conv2d_4/Conv2D,2,50.176,25.088,50.176,25.088,0.0008644609302372139,0.8778083372480964,0.0,0.0
132,Device,Conv2DBackpropInput,gradient_tape/model/conv2d_1/Conv2D/Conv2DBackpropInput,2,49.152,24.576,49.152,24.576,0.0008468188704364544,0.8786551561185328,0.0,0.0
133,Device,Conv2DBackpropInput,gradient_tape/model/conv2d_4/Conv2D/Conv2DBackpropInput,2,49.152,24.576,49.152,24.576,0.0008468188704364544,0.8795019749889693,0.0,0.0
134,Device,Conv2DBackpropInput,gradient_tape/model/conv2d_5/Conv2D/Conv2DBackpropInput,2,49.152,24.576,49.152,24.576,0.0008468188704364544,0.8803487938594058,0.0,0.0
135,Device,MaxPoolGrad,gradient_tape/model/max_pooling2d/MaxPool/MaxPoolGrad,2,47.104,23.552,47.104,23.552,0.0008115347508349355,0.8811603286102407,0.0,0.0
136,Device,Conv2D,model/conv2d_31/Conv2D,2,44.033,22.0165,44.033,22.0165,0.0007586258000066813,0.8819189544102474,0.0,0.0
137,Device,Square,conv2d_29/kernel/Regularizer/Square,2,43.008,21.504,43.008,21.504,0.0007409665116318977,0.8826599209218793,0.0,0.0
138,Device,Tile,gradient_tape/conv2d_29/kernel/Regularizer/Tile,2,41.984,20.992,41.984,20.992,0.0007233244518311382,0.8833832453737104,0.0,0.0
139,Device,Conv2DBackpropInput,gradient_tape/model/conv2d_9/Conv2D/Conv2DBackpropInput,2,41.984,20.992,41.984,20.992,0.0007233244518311382,0.8841065698255415,0.0,0.0
140,Device,ReluGrad,gradient_tape/model/activation/ReluGrad,2,39.936,19.968,39.936,19.968,0.0006880403322296193,0.884794610157771,0.0,0.0
141,Device,FusedBatchNormV3,model/batch_normalization/FusedBatchNormV3,4,35.84,8.96,35.84,8.96,0.0006174720930265814,0.8854120822507976,0.0,0.0
142,Device,Sum,conv2d_29/kernel/Regularizer/Sum,2,34.816,17.408,34.816,17.408,0.0005998300332258219,0.8860119122840234,0.0,0.0
143,Device,Mul,gradient_tape/conv2d_17/kernel/Regularizer/Mul_1,2,34.816,17.408,34.816,17.408,0.0005998300332258219,0.8866117423172493,0.0,0.0
144,Device,Conv2DBackpropFilter,gradient_tape/model/conv2d_9/Conv2D/Conv2DBackpropFilter,2,33.792,16.896,33.792,16.896,0.0005821879734250624,0.8871939302906743,0.0,0.0
145,Device,AddN,SGD/gradients/AddN_43,2,32.769,16.3845,32.769,16.3845,0.0005645631421983271,0.8877584934328726,0.0,0.0
146,Device,AddN,SGD/gradients/AddN_34,2,32.768,16.384,32.768,16.384,0.000564545913624303,0.8883230393464969,0.0,0.0
147,Device,AddN,SGD/gradients/AddN_35,2,32.768,16.384,32.768,16.384,0.000564545913624303,0.8888875852601212,0.0,0.0
148,Device,AddN,SGD/gradients/AddN_36,2,32.768,16.384,32.768,16.384,0.000564545913624303,0.8894521311737456,0.0,0.0
149,Device,AddN,SGD/gradients/AddN_37,2,32.768,16.384,32.768,16.384,0.000564545913624303,0.8900166770873699,0.0,0.0
150,Device,AddN,SGD/gradients/AddN_38,2,32.768,16.384,32.768,16.384,0.000564545913624303,0.8905812230009942,0.0,0.0
151,Device,AddN,SGD/gradients/AddN_39,2,32.768,16.384,32.768,16.384,0.000564545913624303,0.8911457689146185,0.0,0.0
152,Device,AddN,SGD/gradients/AddN_42,2,32.768,16.384,32.768,16.384,0.000564545913624303,0.8917103148282428,0.0,0.0
153,Device,AddN,SGD/gradients/AddN_44,2,32.768,16.384,32.768,16.384,0.000564545913624303,0.8922748607418671,0.0,0.0
154,Device,Mul,gradient_tape/conv2d_20/kernel/Regularizer/Mul_1,2,32.768,16.384,32.768,16.384,0.000564545913624303,0.8928394066554914,0.0,0.0
155,Device,AddN,ArithmeticOptimizer/AddOpsRewrite_AddN_1,8,31.746,3.96825,31.746,3.96825,0.0005469383109715919,0.8933863449664631,0.0,0.0
156,Device,Mul,gradient_tape/conv2d_23/kernel/Regularizer/Mul_1,2,31.744,15.872,31.744,15.872,0.0005469038538235435,0.8939332488202866,0.0,0.0
157,Device,Mul,gradient_tape/conv2d_26/kernel/Regularizer/Mul_1,2,31.744,15.872,31.744,15.872,0.0005469038538235435,0.8944801526741101,0.0,0.0
158,Device,Mul,gradient_tape/conv2d_29/kernel/Regularizer/Mul,2,31.744,15.872,31.744,15.872,0.0005469038538235435,0.8950270565279336,0.0,0.0
159,Device,Conv2DBackpropFilter,gradient_tape/model/conv2d_18/Conv2D/Conv2DBackpropFilter,2,31.744,15.872,31.744,15.872,0.0005469038538235435,0.8955739603817571,0.0,0.0
160,Device,Conv2DBackpropFilter,gradient_tape/model/conv2d_31/Conv2D/Conv2DBackpropFilter,2,31.744,15.872,31.744,15.872,0.0005469038538235435,0.8961208642355806,0.0,0.0
161,Device,MatMul,model/dense/MatMul,2,31.744,15.872,31.744,15.872,0.0005469038538235435,0.8966677680894041,0.0,0.0
162,Device,Mul,gradient_tape/conv2d_27/kernel/Regularizer/Mul_1,2,30.721,15.3605,30.721,15.3605,0.0005292790225968082,0.8971970471120009,0.0,0.0
163,Device,Mul,gradient_tape/conv2d_19/kernel/Regularizer/Mul_1,2,30.72,15.36,30.72,15.36,0.000529261794022784,0.8977263089060237,0.0,0.0
164,Device,Mul,gradient_tape/conv2d_21/kernel/Regularizer/Mul_1,2,30.72,15.36,30.72,15.36,0.000529261794022784,0.8982555707000465,0.0,0.0
165,Device,Mul,gradient_tape/conv2d_22/kernel/Regularizer/Mul_1,2,30.72,15.36,30.72,15.36,0.000529261794022784,0.8987848324940693,0.0,0.0
166,Device,Mul,gradient_tape/conv2d_24/kernel/Regularizer/Mul_1,2,30.72,15.36,30.72,15.36,0.000529261794022784,0.8993140942880921,0.0,0.0
167,Device,Mul,gradient_tape/conv2d_25/kernel/Regularizer/Mul_1,2,30.72,15.36,30.72,15.36,0.000529261794022784,0.8998433560821149,0.0,0.0
168,Device,AddN,SGD/gradients/AddN_41,2,29.696,14.848,29.696,14.848,0.0005116197342220246,0.9003549758163368,0.0,0.0
169,Device,Mul,gradient_tape/conv2d_28/kernel/Regularizer/Mul_1,2,29.696,14.848,29.696,14.848,0.0005116197342220246,0.9008665955505588,0.0,0.0
170,Device,Conv2D,model/conv2d_18/Conv2D,2,29.696,14.848,29.696,14.848,0.0005116197342220246,0.9013782152847808,0.0,0.0
171,Device,Conv2D,model/conv2d_9/Conv2D,2,29.696,14.848,29.696,14.848,0.0005116197342220246,0.9018898350190028,0.0,0.0
172,Device,AddN,SGD/gradients/AddN_40,2,27.648,13.824,27.648,13.824,0.0004763356146205056,0.9023661706336232,0.0,0.0
173,Device,Relu,model/activation/Relu,2,27.648,13.824,27.648,13.824,0.0004763356146205056,0.9028425062482437,0.0,0.0
174,Device,MaxPool,model/max_pooling2d/MaxPool,2,25.6,12.8,25.6,12.8,0.0004410514950189867,0.9032835577432626,0.0,0.0
175,Device,Sum,conv2d_21/kernel/Regularizer/Sum,2,23.552,11.776,23.552,11.776,0.00040576737541746775,0.90368932511868,0.0,0.0
176,Device,Sum,conv2d_22/kernel/Regularizer/Sum,2,23.552,11.776,23.552,11.776,0.00040576737541746775,0.9040950924940975,0.0,0.0
177,Device,Sum,conv2d_25/kernel/Regularizer/Sum,2,23.552,11.776,23.552,11.776,0.00040576737541746775,0.9045008598695149,0.0,0.0
178,Device,FusedBatchNormV3,model/batch_normalization_27/FusedBatchNormV3,4,23.552,5.888,23.552,5.888,0.00040576737541746775,0.9049066272449323,0.0,0.0
179,Device,FusedBatchNormV3,model/batch_normalization_31/FusedBatchNormV3,4,23.552,5.888,23.552,5.888,0.00040576737541746775,0.9053123946203497,0.0,0.0
180,Device,FusedBatchNormV3,model/batch_normalization_6/FusedBatchNormV3,4,23.552,5.888,23.552,5.888,0.00040576737541746775,0.9057181619957672,0.0,0.0
181,Device,FusedBatchNormV3,model/batch_normalization_30/FusedBatchNormV3,4,22.529,5.63225,22.529,5.63225,0.0003881425441907325,0.9061063045399579,0.0,0.0
182,Device,ResourceApplyGradientDescent,SGD/SGD/update_104/ResourceApplyGradientDescent,2,22.528,11.264,22.528,11.264,0.00038812531561670824,0.9064944298555746,0.0,0.0
183,Device,ResourceApplyGradientDescent,SGD/SGD/update_72/ResourceApplyGradientDescent,2,22.528,11.264,22.528,11.264,0.00038812531561670824,0.9068825551711913,0.0,0.0
184,Device,ResourceApplyGradientDescent,SGD/SGD/update_80/ResourceApplyGradientDescent,2,22.528,11.264,22.528,11.264,0.00038812531561670824,0.907270680486808,0.0,0.0
185,Device,ResourceApplyGradientDescent,SGD/SGD/update_84/ResourceApplyGradientDescent,2,22.528,11.264,22.528,11.264,0.00038812531561670824,0.9076588058024248,0.0,0.0
186,Device,ResourceApplyGradientDescent,SGD/SGD/update_96/ResourceApplyGradientDescent,2,22.528,11.264,22.528,11.264,0.00038812531561670824,0.9080469311180415,0.0,0.0
187,Device,Square,conv2d_17/kernel/Regularizer/Square,2,22.528,11.264,22.528,11.264,0.00038812531561670824,0.9084350564336582,0.0,0.0
188,Device,Square,conv2d_19/kernel/Regularizer/Square,2,22.528,11.264,22.528,11.264,0.00038812531561670824,0.9088231817492749,0.0,0.0
189,Device,Sum,conv2d_19/kernel/Regularizer/Sum,2,22.528,11.264,22.528,11.264,0.00038812531561670824,0.9092113070648916,0.0,0.0
190,Device,Sum,conv2d_20/kernel/Regularizer/Sum,2,22.528,11.264,22.528,11.264,0.00038812531561670824,0.9095994323805083,0.0,0.0
191,Device,Square,conv2d_23/kernel/Regularizer/Square,2,22.528,11.264,22.528,11.264,0.00038812531561670824,0.909987557696125,0.0,0.0
192,Device,Sum,conv2d_23/kernel/Regularizer/Sum,2,22.528,11.264,22.528,11.264,0.00038812531561670824,0.9103756830117418,0.0,0.0
193,Device,Square,conv2d_25/kernel/Regularizer/Square,2,22.528,11.264,22.528,11.264,0.00038812531561670824,0.9107638083273585,0.0,0.0
194,Device,Square,conv2d_26/kernel/Regularizer/Square,2,22.528,11.264,22.528,11.264,0.00038812531561670824,0.9111519336429752,0.0,0.0
195,Device,Sum,conv2d_27/kernel/Regularizer/Sum,2,22.528,11.264,22.528,11.264,0.00038812531561670824,0.9115400589585919,0.0,0.0
196,Device,BiasAddGrad,gradient_tape/model/conv2d_29/BiasAdd/BiasAddGrad,2,22.528,11.264,22.528,11.264,0.00038812531561670824,0.9119281842742086,0.0,0.0
197,Device,BiasAddGrad,gradient_tape/model/conv2d_32/BiasAdd/BiasAddGrad,2,22.528,11.264,22.528,11.264,0.00038812531561670824,0.9123163095898253,0.0,0.0
198,Device,BiasAddGrad,gradient_tape/model/conv2d_33/BiasAdd/BiasAddGrad,2,22.528,11.264,22.528,11.264,0.00038812531561670824,0.9127044349054421,0.0,0.0
199,Device,BiasAddGrad,gradient_tape/model/conv2d_34/BiasAdd/BiasAddGrad,2,22.528,11.264,22.528,11.264,0.00038812531561670824,0.9130925602210588,0.0,0.0
200,Device,BiasAddGrad,gradient_tape/model/conv2d_35/BiasAdd/BiasAddGrad,2,22.528,11.264,22.528,11.264,0.00038812531561670824,0.9134806855366755,0.0,0.0
201,Device,FusedBatchNormV3,model/batch_normalization_1/FusedBatchNormV3,4,22.528,5.632,22.528,5.632,0.00038812531561670824,0.9138688108522922,0.0,0.0
202,Device,FusedBatchNormV3,model/batch_normalization_2/FusedBatchNormV3,4,22.528,5.632,22.528,5.632,0.00038812531561670824,0.9142569361679089,0.0,0.0
203,Device,FusedBatchNormV3,model/batch_normalization_28/FusedBatchNormV3,4,22.528,5.632,22.528,5.632,0.00038812531561670824,0.9146450614835256,0.0,0.0
204,Device,FusedBatchNormV3,model/batch_normalization_29/FusedBatchNormV3,4,22.528,5.632,22.528,5.632,0.00038812531561670824,0.9150331867991424,0.0,0.0
205,Device,Sum,conv2d_26/kernel/Regularizer/Sum,2,21.505,10.7525,21.505,10.7525,0.00037050048438997296,0.9154036872835324,0.0,0.0
206,Device,ResourceApplyGradientDescent,SGD/SGD/update_100/ResourceApplyGradientDescent,2,21.504,10.752,21.504,10.752,0.00037048325581594884,0.9157741705393483,0.0,0.0
207,Device,ResourceApplyGradientDescent,SGD/SGD/update_68/ResourceApplyGradientDescent,2,21.504,10.752,21.504,10.752,0.00037048325581594884,0.9161446537951642,0.0,0.0
208,Device,ResourceApplyGradientDescent,SGD/SGD/update_76/ResourceApplyGradientDescent,2,21.504,10.752,21.504,10.752,0.00037048325581594884,0.9165151370509801,0.0,0.0
209,Device,ResourceApplyGradientDescent,SGD/SGD/update_88/ResourceApplyGradientDescent,2,21.504,10.752,21.504,10.752,0.00037048325581594884,0.916885620306796,0.0,0.0
210,Device,Square,conv2d_24/kernel/Regularizer/Square,2,21.504,10.752,21.504,10.752,0.00037048325581594884,0.9172561035626119,0.0,0.0
211,Device,FusedBatchNormGradV3,gradient_tape/model/batch_normalization_27/FusedBatchNormGradV3,2,21.504,10.752,21.504,10.752,0.00037048325581594884,0.9176265868184278,0.0,0.0
212,Device,FusedBatchNormV3,model/batch_normalization_32/FusedBatchNormV3,4,21.504,5.376,21.504,5.376,0.00037048325581594884,0.9179970700742437,0.0,0.0
213,Device,Tile,gradient_tape/conv2d_17/kernel/Regularizer/Tile,2,20.481,10.2405,20.481,10.2405,0.00035285842458921356,0.9183499284988329,0.0,0.0
214,Device,ArgMax,ArgMax,2,20.48,10.24,20.48,10.24,0.0003528411960151894,0.9187027696948481,0.0,0.0
215,Device,ArgMax,ArgMax_1,2,20.48,10.24,20.48,10.24,0.0003528411960151894,0.9190556108908633,0.0,0.0
216,Device,ResourceApplyGradientDescent,SGD/SGD/update_108/ResourceApplyGradientDescent,2,20.48,10.24,20.48,10.24,0.0003528411960151894,0.9194084520868785,0.0,0.0
217,Device,ResourceApplyGradientDescent,SGD/SGD/update_92/ResourceApplyGradientDescent,2,20.48,10.24,20.48,10.24,0.0003528411960151894,0.9197612932828937,0.0,0.0
218,Device,Sum,conv2d_17/kernel/Regularizer/Sum,2,20.48,10.24,20.48,10.24,0.0003528411960151894,0.9201141344789089,0.0,0.0
219,Device,Square,conv2d_20/kernel/Regularizer/Square,2,20.48,10.24,20.48,10.24,0.0003528411960151894,0.9204669756749241,0.0,0.0
220,Device,Square,conv2d_22/kernel/Regularizer/Square,2,20.48,10.24,20.48,10.24,0.0003528411960151894,0.9208198168709393,0.0,0.0
221,Device,Sum,conv2d_24/kernel/Regularizer/Sum,2,20.48,10.24,20.48,10.24,0.0003528411960151894,0.9211726580669545,0.0,0.0
222,Device,Square,conv2d_27/kernel/Regularizer/Square,2,20.48,10.24,20.48,10.24,0.0003528411960151894,0.9215254992629697,0.0,0.0
223,Device,Sum,conv2d_28/kernel/Regularizer/Sum,2,20.48,10.24,20.48,10.24,0.0003528411960151894,0.9218783404589849,0.0,0.0
224,Device,FusedBatchNormGradV3,gradient_tape/model/batch_normalization_29/FusedBatchNormGradV3,2,20.48,10.24,20.48,10.24,0.0003528411960151894,0.9222311816550001,0.0,0.0
225,Device,FusedBatchNormGradV3,gradient_tape/model/batch_normalization_30/FusedBatchNormGradV3,2,20.48,10.24,20.48,10.24,0.0003528411960151894,0.9225840228510153,0.0,0.0
226,Device,FusedBatchNormGradV3,gradient_tape/model/batch_normalization_31/FusedBatchNormGradV3,2,20.48,10.24,20.48,10.24,0.0003528411960151894,0.9229368640470305,0.0,0.0
227,Device,FusedBatchNormV3,model/batch_normalization_4/FusedBatchNormV3,4,20.48,5.12,20.48,5.12,0.0003528411960151894,0.9232897052430457,0.0,0.0
228,Device,Square,conv2d_28/kernel/Regularizer/Square,2,19.457,9.7285,19.457,9.7285,0.00033521636478845405,0.9236249216078342,0.0,0.0
229,Device,Square,conv2d_21/kernel/Regularizer/Square,2,19.456,9.728,19.456,9.728,0.00033519913621442987,0.9239601207440485,0.0,0.0
230,Device,Mul,gradient_tape/conv2d_16/kernel/Regularizer/Mul_1,2,19.456,9.728,19.456,9.728,0.00033519913621442987,0.9242953198802629,0.0,0.0
231,Device,Mul,gradient_tape/conv2d_17/kernel/Regularizer/Mul,2,19.456,9.728,19.456,9.728,0.00033519913621442987,0.9246305190164773,0.0,0.0
232,Device,FusedBatchNormGradV3,gradient_tape/model/batch_normalization_28/FusedBatchNormGradV3,2,19.456,9.728,19.456,9.728,0.00033519913621442987,0.9249657181526917,0.0,0.0
233,Device,Softmax,model/dense/Softmax,2,19.456,9.728,19.456,9.728,0.00033519913621442987,0.9253009172889061,0.0,0.0
234,Device,BiasAddGrad,gradient_tape/model/conv2d/BiasAdd/BiasAddGrad,2,18.432,9.216,18.432,9.216,0.0003175570764136704,0.9256184743653197,0.0,0.0
235,Device,BiasAddGrad,gradient_tape/model/conv2d_31/BiasAdd/BiasAddGrad,2,18.432,9.216,18.432,9.216,0.0003175570764136704,0.9259360314417334,0.0,0.0
236,Device,FusedBatchNormV3,model/batch_normalization_15/FusedBatchNormV3,4,18.432,4.608,18.432,4.608,0.0003175570764136704,0.9262535885181471,0.0,0.0
237,Device,FusedBatchNormV3,model/batch_normalization_17/FusedBatchNormV3,4,18.432,4.608,18.432,4.608,0.0003175570764136704,0.9265711455945608,0.0,0.0
238,Device,FusedBatchNormV3,model/batch_normalization_19/FusedBatchNormV3,4,18.432,4.608,18.432,4.608,0.0003175570764136704,0.9268887026709745,0.0,0.0
239,Device,FusedBatchNormV3,model/batch_normalization_20/FusedBatchNormV3,4,18.432,4.608,18.432,4.608,0.0003175570764136704,0.9272062597473881,0.0,0.0
240,Device,FusedBatchNormV3,model/batch_normalization_21/FusedBatchNormV3,4,18.432,4.608,18.432,4.608,0.0003175570764136704,0.9275238168238018,0.0,0.0
241,Device,FusedBatchNormV3,model/batch_normalization_22/FusedBatchNormV3,4,18.432,4.608,18.432,4.608,0.0003175570764136704,0.9278413739002155,0.0,0.0
242,Device,FusedBatchNormV3,model/batch_normalization_23/FusedBatchNormV3,4,18.432,4.608,18.432,4.608,0.0003175570764136704,0.9281589309766292,0.0,0.0
243,Device,FusedBatchNormV3,model/batch_normalization_25/FusedBatchNormV3,4,18.432,4.608,18.432,4.608,0.0003175570764136704,0.9284764880530428,0.0,0.0
244,Device,FusedBatchNormV3,model/batch_normalization_26/FusedBatchNormV3,4,18.432,4.608,18.432,4.608,0.0003175570764136704,0.9287940451294565,0.0,0.0
245,Device,Sum,conv2d_15/kernel/Regularizer/Sum,2,17.408,8.704,17.408,8.704,0.00029991501661291096,0.9290939601460694,0.0,0.0
246,Device,Sum,conv2d_16/kernel/Regularizer/Sum,2,17.408,8.704,17.408,8.704,0.00029991501661291096,0.9293938751626822,0.0,0.0
247,Device,FusedBatchNormV3,model/batch_normalization_18/FusedBatchNormV3,4,17.408,4.352,17.408,4.352,0.00029991501661291096,0.9296937901792951,0.0,0.0
248,Device,FusedBatchNormV3,model/batch_normalization_24/FusedBatchNormV3,4,17.408,4.352,17.408,4.352,0.00029991501661291096,0.929993705195908,0.0,0.0
249,Device,FusedBatchNormV3,model/batch_normalization_3/FusedBatchNormV3,4,17.408,4.352,17.408,4.352,0.00029991501661291096,0.9302936202125208,0.0,0.0
250,Device,FusedBatchNormGradV3,gradient_tape/model/batch_normalization_15/FusedBatchNormGradV3,2,16.385,8.1925,16.385,8.1925,0.0002822901853861757,0.930575910397907,0.0,0.0
251,Device,FusedBatchNormGradV3,gradient_tape/model/batch_normalization_25/FusedBatchNormGradV3,2,16.385,8.1925,16.385,8.1925,0.0002822901853861757,0.9308582005832932,0.0,0.0
252,Device,Sum,conv2d_10/kernel/Regularizer/Sum,2,16.384,8.192,16.384,8.192,0.0002822729568121515,0.9311404735401053,0.0,0.0
253,Device,Sum,conv2d_12/kernel/Regularizer/Sum,2,16.384,8.192,16.384,8.192,0.0002822729568121515,0.9314227464969175,0.0,0.0
254,Device,Sum,conv2d_13/kernel/Regularizer/Sum,2,16.384,8.192,16.384,8.192,0.0002822729568121515,0.9317050194537296,0.0,0.0
255,Device,Sum,conv2d_14/kernel/Regularizer/Sum,2,16.384,8.192,16.384,8.192,0.0002822729568121515,0.9319872924105418,0.0,0.0
256,Device,Square,conv2d_16/kernel/Regularizer/Square,2,16.384,8.192,16.384,8.192,0.0002822729568121515,0.932269565367354,0.0,0.0
257,Device,Sum,conv2d_31/kernel/Regularizer/Sum,2,16.384,8.192,16.384,8.192,0.0002822729568121515,0.9325518383241661,0.0,0.0
258,Device,FusedBatchNormGradV3,gradient_tape/model/batch_normalization_1/FusedBatchNormGradV3,2,16.384,8.192,16.384,8.192,0.0002822729568121515,0.9328341112809783,0.0,0.0
259,Device,FusedBatchNormGradV3,gradient_tape/model/batch_normalization_16/FusedBatchNormGradV3,2,16.384,8.192,16.384,8.192,0.0002822729568121515,0.9331163842377904,0.0,0.0
260,Device,FusedBatchNormGradV3,gradient_tape/model/batch_normalization_2/FusedBatchNormGradV3,2,16.384,8.192,16.384,8.192,0.0002822729568121515,0.9333986571946026,0.0,0.0
261,Device,FusedBatchNormGradV3,gradient_tape/model/batch_normalization_20/FusedBatchNormGradV3,2,16.384,8.192,16.384,8.192,0.0002822729568121515,0.9336809301514147,0.0,0.0
262,Device,FusedBatchNormGradV3,gradient_tape/model/batch_normalization_24/FusedBatchNormGradV3,2,16.384,8.192,16.384,8.192,0.0002822729568121515,0.9339632031082269,0.0,0.0
263,Device,FusedBatchNormGradV3,gradient_tape/model/batch_normalization_26/FusedBatchNormGradV3,2,16.384,8.192,16.384,8.192,0.0002822729568121515,0.934245476065039,0.0,0.0
264,Device,FusedBatchNormGradV3,gradient_tape/model/batch_normalization_3/FusedBatchNormGradV3,2,16.384,8.192,16.384,8.192,0.0002822729568121515,0.9345277490218512,0.0,0.0
265,Device,FusedBatchNormGradV3,gradient_tape/model/batch_normalization_32/FusedBatchNormGradV3,2,16.384,8.192,16.384,8.192,0.0002822729568121515,0.9348100219786634,0.0,0.0
266,Device,FusedBatchNormGradV3,gradient_tape/model/batch_normalization_4/FusedBatchNormGradV3,2,16.384,8.192,16.384,8.192,0.0002822729568121515,0.9350922949354755,0.0,0.0
267,Device,FusedBatchNormGradV3,gradient_tape/model/batch_normalization_5/FusedBatchNormGradV3,2,16.384,8.192,16.384,8.192,0.0002822729568121515,0.9353745678922877,0.0,0.0
268,Device,FusedBatchNormGradV3,gradient_tape/model/batch_normalization_6/FusedBatchNormGradV3,2,16.384,8.192,16.384,8.192,0.0002822729568121515,0.9356568408490998,0.0,0.0
269,Device,BiasAddGrad,gradient_tape/model/conv2d_18/BiasAdd/BiasAddGrad,2,16.384,8.192,16.384,8.192,0.0002822729568121515,0.935939113805912,0.0,0.0
270,Device,FusedBatchNormV3,model/batch_normalization_16/FusedBatchNormV3,4,16.384,4.096,16.384,4.096,0.0002822729568121515,0.9362213867627242,0.0,0.0
271,Device,FusedBatchNormV3,model/batch_normalization_10/FusedBatchNormV3,4,15.361,3.84025,15.361,3.84025,0.00026464812558541623,0.9364860348883096,0.0,0.0
272,Device,AddN,SGD/gradients/AddN_32,2,15.36,7.68,15.36,7.68,0.000264630897011392,0.936750665785321,0.0,0.0
273,Device,Sum,conv2d_11/kernel/Regularizer/Sum,2,15.36,7.68,15.36,7.68,0.000264630897011392,0.9370152966823323,0.0,0.0
274,Device,Sum,conv2d_8/kernel/Regularizer/Sum,2,15.36,7.68,15.36,7.68,0.000264630897011392,0.9372799275793436,0.0,0.0
275,Device,FusedBatchNormGradV3,gradient_tape/model/batch_normalization_17/FusedBatchNormGradV3,2,15.36,7.68,15.36,7.68,0.000264630897011392,0.937544558476355,0.0,0.0
276,Device,FusedBatchNormGradV3,gradient_tape/model/batch_normalization_19/FusedBatchNormGradV3,2,15.36,7.68,15.36,7.68,0.000264630897011392,0.9378091893733663,0.0,0.0
277,Device,FusedBatchNormGradV3,gradient_tape/model/batch_normalization_21/FusedBatchNormGradV3,2,15.36,7.68,15.36,7.68,0.000264630897011392,0.9380738202703777,0.0,0.0
278,Device,FusedBatchNormGradV3,gradient_tape/model/batch_normalization_22/FusedBatchNormGradV3,2,15.36,7.68,15.36,7.68,0.000264630897011392,0.938338451167389,0.0,0.0
279,Device,FusedBatchNormGradV3,gradient_tape/model/batch_normalization_23/FusedBatchNormGradV3,2,15.36,7.68,15.36,7.68,0.000264630897011392,0.9386030820644004,0.0,0.0
280,Device,BiasAddGrad,gradient_tape/model/conv2d_16/BiasAdd/BiasAddGrad,2,15.36,7.68,15.36,7.68,0.000264630897011392,0.9388677129614117,0.0,0.0
281,Device,BiasAddGrad,gradient_tape/model/conv2d_21/BiasAdd/BiasAddGrad,2,15.36,7.68,15.36,7.68,0.000264630897011392,0.939132343858423,0.0,0.0
282,Device,BiasAddGrad,gradient_tape/model/conv2d_22/BiasAdd/BiasAddGrad,2,15.36,7.68,15.36,7.68,0.000264630897011392,0.9393969747554344,0.0,0.0
283,Device,BiasAddGrad,gradient_tape/model/conv2d_23/BiasAdd/BiasAddGrad,2,15.36,7.68,15.36,7.68,0.000264630897011392,0.9396616056524457,0.0,0.0
284,Device,BiasAddGrad,gradient_tape/model/conv2d_24/BiasAdd/BiasAddGrad,2,15.36,7.68,15.36,7.68,0.000264630897011392,0.9399262365494571,0.0,0.0
285,Device,BiasAddGrad,gradient_tape/model/conv2d_25/BiasAdd/BiasAddGrad,2,15.36,7.68,15.36,7.68,0.000264630897011392,0.9401908674464684,0.0,0.0
286,Device,BiasAddGrad,gradient_tape/model/conv2d_26/BiasAdd/BiasAddGrad,2,15.36,7.68,15.36,7.68,0.000264630897011392,0.9404554983434797,0.0,0.0
287,Device,BiasAddGrad,gradient_tape/model/conv2d_28/BiasAdd/BiasAddGrad,2,15.36,7.68,15.36,7.68,0.000264630897011392,0.9407201292404911,0.0,0.0
288,Device,AddV2,model/add/add,2,15.36,7.68,15.36,7.68,0.000264630897011392,0.9409847601375024,0.0,0.0
289,Device,FusedBatchNormV3,model/batch_normalization_11/FusedBatchNormV3,4,15.36,3.84,15.36,3.84,0.000264630897011392,0.9412493910345138,0.0,0.0
290,Device,FusedBatchNormV3,model/batch_normalization_14/FusedBatchNormV3,4,15.36,3.84,15.36,3.84,0.000264630897011392,0.9415140219315251,0.0,0.0
291,Device,FusedBatchNormV3,model/batch_normalization_5/FusedBatchNormV3,4,15.36,3.84,15.36,3.84,0.000264630897011392,0.9417786528285365,0.0,0.0
292,Device,FusedBatchNormV3,model/batch_normalization_7/FusedBatchNormV3,4,15.36,3.84,15.36,3.84,0.000264630897011392,0.9420432837255478,0.0,0.0
293,Device,BiasAdd,model/conv2d/BiasAdd,2,15.36,7.68,15.36,7.68,0.000264630897011392,0.9423079146225591,0.0,0.0
294,Device,FusedBatchNormGradV3,gradient_tape/model/batch_normalization_13/FusedBatchNormGradV3,2,14.337,7.1685,14.337,7.1685,0.0002470060657846567,0.9425549206883438,0.0,0.0
295,Device,FusedBatchNormV3,model/batch_normalization_9/FusedBatchNormV3,4,14.337,3.58425,14.337,3.58425,0.0002470060657846567,0.9428019267541284,0.0,0.0
296,Device,Sum,conv2d_2/kernel/Regularizer/Sum,2,14.336,7.168,14.336,7.168,0.00024698883721063254,0.9430489155913391,0.0,0.0
297,Device,Tile,gradient_tape/conv2d_1/kernel/Regularizer/Tile,2,14.336,7.168,14.336,7.168,0.00024698883721063254,0.9432959044285497,0.0,0.0
298,Device,Mul,gradient_tape/conv2d_16/kernel/Regularizer/Mul,2,14.336,7.168,14.336,7.168,0.00024698883721063254,0.9435428932657604,0.0,0.0
299,Device,FusedBatchNormGradV3,gradient_tape/model/batch_normalization_11/FusedBatchNormGradV3,2,14.336,7.168,14.336,7.168,0.00024698883721063254,0.943789882102971,0.0,0.0
300,Device,FusedBatchNormGradV3,gradient_tape/model/batch_normalization_12/FusedBatchNormGradV3,2,14.336,7.168,14.336,7.168,0.00024698883721063254,0.9440368709401816,0.0,0.0
301,Device,FusedBatchNormGradV3,gradient_tape/model/batch_normalization_18/FusedBatchNormGradV3,2,14.336,7.168,14.336,7.168,0.00024698883721063254,0.9442838597773923,0.0,0.0
302,Device,FusedBatchNormGradV3,gradient_tape/model/batch_normalization_7/FusedBatchNormGradV3,2,14.336,7.168,14.336,7.168,0.00024698883721063254,0.9445308486146029,0.0,0.0
303,Device,FusedBatchNormGradV3,gradient_tape/model/batch_normalization_9/FusedBatchNormGradV3,2,14.336,7.168,14.336,7.168,0.00024698883721063254,0.9447778374518135,0.0,0.0
304,Device,Transpose,gradient_tape/model/conv2d/Conv2D/Conv2DBackpropFilter-0-TransposeNHWCToNCHW-LayoutOptimizer,2,14.336,7.168,14.336,7.168,0.00024698883721063254,0.9450248262890242,0.0,0.0
305,Device,BiasAddGrad,gradient_tape/model/conv2d_19/BiasAdd/BiasAddGrad,2,14.336,7.168,14.336,7.168,0.00024698883721063254,0.9452718151262348,0.0,0.0
306,Device,BiasAddGrad,gradient_tape/model/conv2d_20/BiasAdd/BiasAddGrad,2,14.336,7.168,14.336,7.168,0.00024698883721063254,0.9455188039634455,0.0,0.0
307,Device,BiasAddGrad,gradient_tape/model/conv2d_27/BiasAdd/BiasAddGrad,2,14.336,7.168,14.336,7.168,0.00024698883721063254,0.9457657928006561,0.0,0.0
308,Device,BiasAddGrad,gradient_tape/model/conv2d_6/BiasAdd/BiasAddGrad,2,14.336,7.168,14.336,7.168,0.00024698883721063254,0.9460127816378667,0.0,0.0
309,Device,FusedBatchNormV3,model/batch_normalization_12/FusedBatchNormV3,4,14.336,3.584,14.336,3.584,0.00024698883721063254,0.9462597704750774,0.0,0.0
310,Device,FusedBatchNormV3,model/batch_normalization_13/FusedBatchNormV3,4,14.336,3.584,14.336,3.584,0.00024698883721063254,0.946506759312288,0.0,0.0
311,Device,FusedBatchNormV3,model/batch_normalization_8/FusedBatchNormV3,4,14.336,3.584,14.336,3.584,0.00024698883721063254,0.9467537481494986,0.0,0.0
312,Device,BiasAdd,model/conv2d_2/BiasAdd,2,14.336,7.168,14.336,7.168,0.00024698883721063254,0.9470007369867093,0.0,0.0
313,Device,Sum,conv2d_1/kernel/Regularizer/Sum,2,13.312,6.656,13.312,6.656,0.00022934677740987306,0.9472300837641191,0.0,0.0
314,Device,Sum,conv2d_18/kernel/Regularizer/Sum,2,13.312,6.656,13.312,6.656,0.00022934677740987306,0.9474594305415289,0.0,0.0
315,Device,Sum,conv2d_5/kernel/Regularizer/Sum,2,13.312,6.656,13.312,6.656,0.00022934677740987306,0.9476887773189387,0.0,0.0
316,Device,Sum,conv2d_6/kernel/Regularizer/Sum,2,13.312,6.656,13.312,6.656,0.00022934677740987306,0.9479181240963486,0.0,0.0
317,Device,Tile,gradient_tape/conv2d_16/kernel/Regularizer/Tile,2,13.312,6.656,13.312,6.656,0.00022934677740987306,0.9481474708737584,0.0,0.0
318,Device,FusedBatchNormGradV3,gradient_tape/model/batch_normalization_14/FusedBatchNormGradV3,2,13.312,6.656,13.312,6.656,0.00022934677740987306,0.9483768176511682,0.0,0.0
319,Device,FusedBatchNormGradV3,gradient_tape/model/batch_normalization_8/FusedBatchNormGradV3,2,13.312,6.656,13.312,6.656,0.00022934677740987306,0.948606164428578,0.0,0.0
320,Device,BiasAddGrad,gradient_tape/model/conv2d_1/BiasAdd/BiasAddGrad,2,13.312,6.656,13.312,6.656,0.00022934677740987306,0.9488355112059879,0.0,0.0
321,Device,BiasAddGrad,gradient_tape/model/conv2d_12/BiasAdd/BiasAddGrad,2,13.312,6.656,13.312,6.656,0.00022934677740987306,0.9490648579833977,0.0,0.0
322,Device,BiasAddGrad,gradient_tape/model/conv2d_13/BiasAdd/BiasAddGrad,2,13.312,6.656,13.312,6.656,0.00022934677740987306,0.9492942047608075,0.0,0.0
323,Device,BiasAddGrad,gradient_tape/model/conv2d_4/BiasAdd/BiasAddGrad,2,13.312,6.656,13.312,6.656,0.00022934677740987306,0.9495235515382173,0.0,0.0
324,Device,BiasAddGrad,gradient_tape/model/conv2d_5/BiasAdd/BiasAddGrad,2,13.312,6.656,13.312,6.656,0.00022934677740987306,0.9497528983156271,0.0,0.0
325,Device,MatMul,gradient_tape/model/dense/MatMul/MatMul,2,13.312,6.656,13.312,6.656,0.00022934677740987306,0.949982245093037,0.0,0.0
326,Device,Relu,model/activation_6/Relu,2,13.312,6.656,13.312,6.656,0.00022934677740987306,0.9502115918704468,0.0,0.0
327,Device,BiasAdd,model/conv2d_1/BiasAdd,2,13.312,6.656,13.312,6.656,0.00022934677740987306,0.9504409386478566,0.0,0.0
328,Device,BiasAdd,model/conv2d_6/BiasAdd,2,13.312,6.656,13.312,6.656,0.00022934677740987306,0.9506702854252664,0.0,0.0
329,Device,AddN,SGD/gradients/AddN_13,2,12.289,6.1445,12.289,6.1445,0.00021172194618313778,0.9508820073714496,0.0,0.0
330,Device,FusedBatchNormGradV3,gradient_tape/model/batch_normalization_10/FusedBatchNormGradV3,2,12.289,6.1445,12.289,6.1445,0.00021172194618313778,0.9510937293176327,0.0,0.0
331,Device,ResourceApplyGradientDescent,SGD/SGD/update_116/ResourceApplyGradientDescent,2,12.288,6.144,12.288,6.144,0.0002117047176091136,0.9513054340352418,0.0,0.0
332,Device,AddN,SGD/gradients/AddN_14,2,12.288,6.144,12.288,6.144,0.0002117047176091136,0.9515171387528509,0.0,0.0
333,Device,AddN,SGD/gradients/AddN_15,2,12.288,6.144,12.288,6.144,0.0002117047176091136,0.95172884347046,0.0,0.0
334,Device,Sum,conv2d_3/kernel/Regularizer/Sum,2,12.288,6.144,12.288,6.144,0.0002117047176091136,0.9519405481880692,0.0,0.0
335,Device,Mul,gradient_tape/conv2d_10/kernel/Regularizer/Mul_1,2,12.288,6.144,12.288,6.144,0.0002117047176091136,0.9521522529056783,0.0,0.0
336,Device,Tile,gradient_tape/conv2d_18/kernel/Regularizer/Tile,2,12.288,6.144,12.288,6.144,0.0002117047176091136,0.9523639576232874,0.0,0.0
337,Device,Mul,gradient_tape/conv2d_31/kernel/Regularizer/Mul_1,2,12.288,6.144,12.288,6.144,0.0002117047176091136,0.9525756623408965,0.0,0.0
338,Device,Tile,gradient_tape/conv2d_31/kernel/Regularizer/Tile,2,12.288,6.144,12.288,6.144,0.0002117047176091136,0.9527873670585056,0.0,0.0
339,Device,Tile,gradient_tape/conv2d_7/kernel/Regularizer/Tile,2,12.288,6.144,12.288,6.144,0.0002117047176091136,0.9529990717761148,0.0,0.0
340,Device,Tile,gradient_tape/conv2d_8/kernel/Regularizer/Tile,2,12.288,6.144,12.288,6.144,0.0002117047176091136,0.9532107764937239,0.0,0.0
341,Device,BiasAddGrad,gradient_tape/model/conv2d_10/BiasAdd/BiasAddGrad,2,12.288,6.144,12.288,6.144,0.0002117047176091136,0.953422481211333,0.0,0.0
342,Device,BiasAddGrad,gradient_tape/model/conv2d_11/BiasAdd/BiasAddGrad,2,12.288,6.144,12.288,6.144,0.0002117047176091136,0.9536341859289421,0.0,0.0
343,Device,BiasAddGrad,gradient_tape/model/conv2d_14/BiasAdd/BiasAddGrad,2,12.288,6.144,12.288,6.144,0.0002117047176091136,0.9538458906465512,0.0,0.0
344,Device,BiasAddGrad,gradient_tape/model/conv2d_15/BiasAdd/BiasAddGrad,2,12.288,6.144,12.288,6.144,0.0002117047176091136,0.9540575953641603,0.0,0.0
345,Device,BiasAddGrad,gradient_tape/model/conv2d_2/BiasAdd/BiasAddGrad,2,12.288,6.144,12.288,6.144,0.0002117047176091136,0.9542693000817695,0.0,0.0
346,Device,BiasAddGrad,gradient_tape/model/conv2d_3/BiasAdd/BiasAddGrad,2,12.288,6.144,12.288,6.144,0.0002117047176091136,0.9544810047993786,0.0,0.0
347,Device,BiasAddGrad,gradient_tape/model/conv2d_9/BiasAdd/BiasAddGrad,2,12.288,6.144,12.288,6.144,0.0002117047176091136,0.9546927095169877,0.0,0.0
348,Device,AddN,SGD/gradients/AddN_30,2,11.265,5.6325,11.265,5.6325,0.00019407988638237833,0.9548867894033701,0.0,0.0
349,Device,AddN,SGD/gradients/AddN_12,2,11.264,5.632,11.264,5.632,0.00019406265780835412,0.9550808520611784,0.0,0.0
350,Device,AddN,SGD/gradients/AddN_31,2,11.264,5.632,11.264,5.632,0.00019406265780835412,0.9552749147189867,0.0,0.0
351,Device,AddN,SGD/gradients/AddN_46,2,11.264,5.632,11.264,5.632,0.00019406265780835412,0.955468977376795,0.0,0.0
352,Device,Sum,conv2d_7/kernel/Regularizer/Sum,2,11.264,5.632,11.264,5.632,0.00019406265780835412,0.9556630400346033,0.0,0.0
353,Device,Mul,gradient_tape/conv2d_8/kernel/Regularizer/Mul,2,11.264,5.632,11.264,5.632,0.00019406265780835412,0.9558571026924116,0.0,0.0
354,Device,Mul,gradient_tape/conv2d_8/kernel/Regularizer/Mul_1,2,11.264,5.632,11.264,5.632,0.00019406265780835412,0.95605116535022,0.0,0.0
355,Device,BiasAddGrad,gradient_tape/model/conv2d_7/BiasAdd/BiasAddGrad,2,11.264,5.632,11.264,5.632,0.00019406265780835412,0.9562452280080282,0.0,0.0
356,Device,AddV2,model/add_2/add,2,11.264,5.632,11.264,5.632,0.00019406265780835412,0.9564392906658366,0.0,0.0
357,Device,Mul,gradient_tape/conv2d_14/kernel/Regularizer/Mul_1,2,10.241,5.1205,10.241,5.1205,0.00017643782658161884,0.9566157284924182,0.0,0.0
358,Device,ResourceApplyGradientDescent,SGD/SGD/update_62/ResourceApplyGradientDescent,2,10.24,5.12,10.24,5.12,0.0001764205980075947,0.9567921490904258,0.0,0.0
359,Device,AddN,SGD/gradients/AddN_11,2,10.24,5.12,10.24,5.12,0.0001764205980075947,0.9569685696884334,0.0,0.0
360,Device,AddN,SGD/gradients/AddN_26,2,10.24,5.12,10.24,5.12,0.0001764205980075947,0.957144990286441,0.0,0.0
361,Device,AddN,SGD/gradients/AddN_27,2,10.24,5.12,10.24,5.12,0.0001764205980075947,0.9573214108844486,0.0,0.0
362,Device,AddN,SGD/gradients/AddN_28,2,10.24,5.12,10.24,5.12,0.0001764205980075947,0.9574978314824562,0.0,0.0
363,Device,AddN,SGD/gradients/AddN_29,2,10.24,5.12,10.24,5.12,0.0001764205980075947,0.9576742520804638,0.0,0.0
364,Device,Sum,conv2d/kernel/Regularizer/Sum,2,10.24,5.12,10.24,5.12,0.0001764205980075947,0.9578506726784713,0.0,0.0
365,Device,Square,conv2d_10/kernel/Regularizer/Square,2,10.24,5.12,10.24,5.12,0.0001764205980075947,0.958027093276479,0.0,0.0
366,Device,Square,conv2d_14/kernel/Regularizer/Square,2,10.24,5.12,10.24,5.12,0.0001764205980075947,0.9582035138744865,0.0,0.0
367,Device,Square,conv2d_15/kernel/Regularizer/Square,2,10.24,5.12,10.24,5.12,0.0001764205980075947,0.9583799344724941,0.0,0.0
368,Device,Sum,conv2d_4/kernel/Regularizer/Sum,2,10.24,5.12,10.24,5.12,0.0001764205980075947,0.9585563550705017,0.0,0.0
369,Device,Sum,conv2d_9/kernel/Regularizer/Sum,2,10.24,5.12,10.24,5.12,0.0001764205980075947,0.9587327756685093,0.0,0.0
370,Device,Mul,gradient_tape/conv2d_10/kernel/Regularizer/Mul,2,10.24,5.12,10.24,5.12,0.0001764205980075947,0.9589091962665169,0.0,0.0
371,Device,Mul,gradient_tape/conv2d_11/kernel/Regularizer/Mul,2,10.24,5.12,10.24,5.12,0.0001764205980075947,0.9590856168645245,0.0,0.0
372,Device,Mul,gradient_tape/conv2d_11/kernel/Regularizer/Mul_1,2,10.24,5.12,10.24,5.12,0.0001764205980075947,0.9592620374625321,0.0,0.0
373,Device,Mul,gradient_tape/conv2d_13/kernel/Regularizer/Mul,2,10.24,5.12,10.24,5.12,0.0001764205980075947,0.9594384580605397,0.0,0.0
374,Device,Mul,gradient_tape/conv2d_13/kernel/Regularizer/Mul_1,2,10.24,5.12,10.24,5.12,0.0001764205980075947,0.9596148786585473,0.0,0.0
375,Device,Mul,gradient_tape/conv2d_14/kernel/Regularizer/Mul,2,10.24,5.12,10.24,5.12,0.0001764205980075947,0.9597912992565549,0.0,0.0
376,Device,Mul,gradient_tape/conv2d_15/kernel/Regularizer/Mul,2,10.24,5.12,10.24,5.12,0.0001764205980075947,0.9599677198545625,0.0,0.0
377,Device,Mul,gradient_tape/conv2d_15/kernel/Regularizer/Mul_1,2,10.24,5.12,10.24,5.12,0.0001764205980075947,0.9601441404525701,0.0,0.0
378,Device,Mul,gradient_tape/conv2d_31/kernel/Regularizer/Mul,2,10.24,5.12,10.24,5.12,0.0001764205980075947,0.9603205610505777,0.0,0.0
379,Device,Mul,gradient_tape/conv2d_7/kernel/Regularizer/Mul_1,2,10.24,5.12,10.24,5.12,0.0001764205980075947,0.9604969816485853,0.0,0.0
380,Device,ReluGrad,gradient_tape/model/activation_10/ReluGrad,2,10.24,5.12,10.24,5.12,0.0001764205980075947,0.9606734022465929,0.0,0.0
381,Device,ReluGrad,gradient_tape/model/activation_12/ReluGrad,2,10.24,5.12,10.24,5.12,0.0001764205980075947,0.9608498228446005,0.0,0.0
382,Device,ReluGrad,gradient_tape/model/activation_13/ReluGrad,2,10.24,5.12,10.24,5.12,0.0001764205980075947,0.9610262434426081,0.0,0.0
383,Device,ReluGrad,gradient_tape/model/activation_14/ReluGrad,2,10.24,5.12,10.24,5.12,0.0001764205980075947,0.9612026640406157,0.0,0.0
384,Device,MatMul,gradient_tape/model/dense/MatMul/MatMul_1,2,10.24,5.12,10.24,5.12,0.0001764205980075947,0.9613790846386233,0.0,0.0
385,Device,AddV2,model/add_1/add,2,10.24,5.12,10.24,5.12,0.0001764205980075947,0.9615555052366309,0.0,0.0
386,Device,BiasAdd,model/conv2d_4/BiasAdd,2,10.24,5.12,10.24,5.12,0.0001764205980075947,0.9617319258346385,0.0,0.0
387,Device,BiasAdd,model/conv2d_5/BiasAdd,2,10.24,5.12,10.24,5.12,0.0001764205980075947,0.9619083464326461,0.0,0.0
388,Device,AddN,SGD/gradients/AddN_8,2,9.217,4.6085,9.217,4.6085,0.0001587957667808594,0.962067142199427,0.0,0.0
389,Device,AddN,SGD/gradients/AddN_9,2,9.217,4.6085,9.217,4.6085,0.0001587957667808594,0.9622259379662079,0.0,0.0
390,Device,ReluGrad,gradient_tape/model/activation_11/ReluGrad,2,9.217,4.6085,9.217,4.6085,0.0001587957667808594,0.9623847337329888,0.0,0.0
391,Device,Relu,model/activation_2/Relu,2,9.217,4.6085,9.217,4.6085,0.0001587957667808594,0.9625435294997697,0.0,0.0
392,Device,AddN,SGD/gradients/AddN_10,2,9.216,4.608,9.216,4.608,0.0001587785382068352,0.9627023080379765,0.0,0.0
393,Device,AddN,SGD/gradients/AddN_25,2,9.216,4.608,9.216,4.608,0.0001587785382068352,0.9628610865761833,0.0,0.0
394,Device,AddN,SGD/gradients/AddN_4,2,9.216,4.608,9.216,4.608,0.0001587785382068352,0.9630198651143901,0.0,0.0
395,Device,Square,conv2d_11/kernel/Regularizer/Square,2,9.216,4.608,9.216,4.608,0.0001587785382068352,0.9631786436525969,0.0,0.0
396,Device,Square,conv2d_12/kernel/Regularizer/Square,2,9.216,4.608,9.216,4.608,0.0001587785382068352,0.9633374221908036,0.0,0.0
397,Device,Square,conv2d_31/kernel/Regularizer/Square,2,9.216,4.608,9.216,4.608,0.0001587785382068352,0.9634962007290104,0.0,0.0
398,Device,Square,conv2d_8/kernel/Regularizer/Square,2,9.216,4.608,9.216,4.608,0.0001587785382068352,0.9636549792672172,0.0,0.0
399,Device,Mul,gradient_tape/conv2d_12/kernel/Regularizer/Mul,2,9.216,4.608,9.216,4.608,0.0001587785382068352,0.963813757805424,0.0,0.0
400,Device,Mul,gradient_tape/conv2d_12/kernel/Regularizer/Mul_1,2,9.216,4.608,9.216,4.608,0.0001587785382068352,0.9639725363436308,0.0,0.0
401,Device,ReluGrad,gradient_tape/model/activation_6/ReluGrad,2,9.216,4.608,9.216,4.608,0.0001587785382068352,0.9641313148818376,0.0,0.0
402,Device,ReluGrad,gradient_tape/model/activation_7/ReluGrad,2,9.216,4.608,9.216,4.608,0.0001587785382068352,0.9642900934200443,0.0,0.0
403,Device,ReluGrad,gradient_tape/model/activation_8/ReluGrad,2,9.216,4.608,9.216,4.608,0.0001587785382068352,0.9644488719582511,0.0,0.0
404,Device,ReluGrad,gradient_tape/model/activation_9/ReluGrad,2,9.216,4.608,9.216,4.608,0.0001587785382068352,0.9646076504964579,0.0,0.0
405,Device,AvgPool,model/average_pooling2d/AvgPool,2,9.216,4.608,9.216,4.608,0.0001587785382068352,0.9647664290346647,0.0,0.0
406,Device,Mul,gradient_tape/conv2d_18/kernel/Regularizer/Mul,2,8.193,4.0965,8.193,4.0965,0.0001411537069800999,0.9649075827416448,0.0,0.0
407,Device,ReluGrad,gradient_tape/model/activation_23/ReluGrad,2,8.193,4.0965,8.193,4.0965,0.0001411537069800999,0.9650487364486249,0.0,0.0
408,Device,ReluGrad,gradient_tape/model/activation_30/ReluGrad,2,8.193,4.0965,8.193,4.0965,0.0001411537069800999,0.965189890155605,0.0,0.0
409,Device,ResourceApplyGradientDescent,SGD/SGD/update_138/ResourceApplyGradientDescent,2,8.192,4.096,8.192,4.096,0.00014113647840607575,0.965331026634011,0.0,0.0
410,Device,ResourceApplyGradientDescent,SGD/SGD/update_20/ResourceApplyGradientDescent,2,8.192,4.096,8.192,4.096,0.00014113647840607575,0.9654721631124171,0.0,0.0
411,Device,ResourceApplyGradientDescent,SGD/SGD/update_28/ResourceApplyGradientDescent,2,8.192,4.096,8.192,4.096,0.00014113647840607575,0.9656132995908232,0.0,0.0
412,Device,ResourceApplyGradientDescent,SGD/SGD/update_34/ResourceApplyGradientDescent,2,8.192,4.096,8.192,4.096,0.00014113647840607575,0.9657544360692293,0.0,0.0
413,Device,ResourceApplyGradientDescent,SGD/SGD/update_4/ResourceApplyGradientDescent,2,8.192,4.096,8.192,4.096,0.00014113647840607575,0.9658955725476354,0.0,0.0
414,Device,ResourceApplyGradientDescent,SGD/SGD/update_42/ResourceApplyGradientDescent,2,8.192,4.096,8.192,4.096,0.00014113647840607575,0.9660367090260414,0.0,0.0
415,Device,ResourceApplyGradientDescent,SGD/SGD/update_46/ResourceApplyGradientDescent,2,8.192,4.096,8.192,4.096,0.00014113647840607575,0.9661778455044475,0.0,0.0
416,Device,ResourceApplyGradientDescent,SGD/SGD/update_50/ResourceApplyGradientDescent,2,8.192,4.096,8.192,4.096,0.00014113647840607575,0.9663189819828536,0.0,0.0
417,Device,ResourceApplyGradientDescent,SGD/SGD/update_54/ResourceApplyGradientDescent,2,8.192,4.096,8.192,4.096,0.00014113647840607575,0.9664601184612597,0.0,0.0
418,Device,ResourceApplyGradientDescent,SGD/SGD/update_66/ResourceApplyGradientDescent,2,8.192,4.096,8.192,4.096,0.00014113647840607575,0.9666012549396658,0.0,0.0
419,Device,AddN,SGD/gradients/AddN_1,2,8.192,4.096,8.192,4.096,0.00014113647840607575,0.9667423914180718,0.0,0.0
420,Device,AddN,SGD/gradients/AddN_20,2,8.192,4.096,8.192,4.096,0.00014113647840607575,0.9668835278964779,0.0,0.0
421,Device,AddN,SGD/gradients/AddN_22,2,8.192,4.096,8.192,4.096,0.00014113647840607575,0.967024664374884,0.0,0.0
422,Device,AddN,SGD/gradients/AddN_23,2,8.192,4.096,8.192,4.096,0.00014113647840607575,0.9671658008532901,0.0,0.0
423,Device,AddN,SGD/gradients/AddN_33,2,8.192,4.096,8.192,4.096,0.00014113647840607575,0.9673069373316961,0.0,0.0
424,Device,AddN,SGD/gradients/AddN_5,2,8.192,4.096,8.192,4.096,0.00014113647840607575,0.9674480738101022,0.0,0.0
425,Device,AddN,SGD/gradients/AddN_6,2,8.192,4.096,8.192,4.096,0.00014113647840607575,0.9675892102885083,0.0,0.0
426,Device,Square,conv2d_13/kernel/Regularizer/Square,2,8.192,4.096,8.192,4.096,0.00014113647840607575,0.9677303467669144,0.0,0.0
427,Device,Square,conv2d_7/kernel/Regularizer/Square,2,8.192,4.096,8.192,4.096,0.00014113647840607575,0.9678714832453205,0.0,0.0
428,Device,Mul,gradient_tape/conv2d/kernel/Regularizer/Mul_1,2,8.192,4.096,8.192,4.096,0.00014113647840607575,0.9680126197237265,0.0,0.0
429,Device,Mul,gradient_tape/conv2d_18/kernel/Regularizer/Mul_1,2,8.192,4.096,8.192,4.096,0.00014113647840607575,0.9681537562021326,0.0,0.0
430,Device,ReluGrad,gradient_tape/model/activation_1/ReluGrad,2,8.192,4.096,8.192,4.096,0.00014113647840607575,0.9682948926805387,0.0,0.0
431,Device,ReluGrad,gradient_tape/model/activation_15/ReluGrad,2,8.192,4.096,8.192,4.096,0.00014113647840607575,0.9684360291589448,0.0,0.0
432,Device,ReluGrad,gradient_tape/model/activation_16/ReluGrad,2,8.192,4.096,8.192,4.096,0.00014113647840607575,0.9685771656373509,0.0,0.0
433,Device,ReluGrad,gradient_tape/model/activation_18/ReluGrad,2,8.192,4.096,8.192,4.096,0.00014113647840607575,0.9687183021157569,0.0,0.0
434,Device,ReluGrad,gradient_tape/model/activation_19/ReluGrad,2,8.192,4.096,8.192,4.096,0.00014113647840607575,0.968859438594163,0.0,0.0
435,Device,ReluGrad,gradient_tape/model/activation_2/ReluGrad,2,8.192,4.096,8.192,4.096,0.00014113647840607575,0.9690005750725691,0.0,0.0
436,Device,ReluGrad,gradient_tape/model/activation_24/ReluGrad,2,8.192,4.096,8.192,4.096,0.00014113647840607575,0.9691417115509752,0.0,0.0
437,Device,ReluGrad,gradient_tape/model/activation_26/ReluGrad,2,8.192,4.096,8.192,4.096,0.00014113647840607575,0.9692828480293812,0.0,0.0
438,Device,ReluGrad,gradient_tape/model/activation_27/ReluGrad,2,8.192,4.096,8.192,4.096,0.00014113647840607575,0.9694239845077873,0.0,0.0
439,Device,ReluGrad,gradient_tape/model/activation_28/ReluGrad,2,8.192,4.096,8.192,4.096,0.00014113647840607575,0.9695651209861934,0.0,0.0
440,Device,ReluGrad,gradient_tape/model/activation_29/ReluGrad,2,8.192,4.096,8.192,4.096,0.00014113647840607575,0.9697062574645995,0.0,0.0
441,Device,ReluGrad,gradient_tape/model/activation_3/ReluGrad,2,8.192,4.096,8.192,4.096,0.00014113647840607575,0.9698473939430056,0.0,0.0
442,Device,ReluGrad,gradient_tape/model/activation_31/ReluGrad,2,8.192,4.096,8.192,4.096,0.00014113647840607575,0.9699885304214116,0.0,0.0
443,Device,ReluGrad,gradient_tape/model/activation_4/ReluGrad,2,8.192,4.096,8.192,4.096,0.00014113647840607575,0.9701296668998177,0.0,0.0
444,Device,ReluGrad,gradient_tape/model/activation_5/ReluGrad,2,8.192,4.096,8.192,4.096,0.00014113647840607575,0.9702708033782238,0.0,0.0
445,Device,AvgPoolGrad,gradient_tape/model/average_pooling2d/AvgPoolGrad,2,8.192,4.096,8.192,4.096,0.00014113647840607575,0.9704119398566299,0.0,0.0
446,Device,Relu,model/activation_1/Relu,2,8.192,4.096,8.192,4.096,0.00014113647840607575,0.970553076335036,0.0,0.0
447,Device,Relu,model/activation_3/Relu,2,8.192,4.096,8.192,4.096,0.00014113647840607575,0.970694212813442,0.0,0.0
448,Device,Relu,model/activation_5/Relu,2,8.192,4.096,8.192,4.096,0.00014113647840607575,0.9708353492918481,0.0,0.0
449,Device,AddV2,model/add_3/add,2,8.192,4.096,8.192,4.096,0.00014113647840607575,0.9709764857702542,0.0,0.0
450,Device,AddV2,model/add_5/add,2,8.192,4.096,8.192,4.096,0.00014113647840607575,0.9711176222486603,0.0,0.0
451,Device,BiasAdd,model/conv2d_11/BiasAdd,2,8.192,4.096,8.192,4.096,0.00014113647840607575,0.9712587587270664,0.0,0.0
452,Device,BiasAdd,model/conv2d_13/BiasAdd,2,8.192,4.096,8.192,4.096,0.00014113647840607575,0.9713998952054724,0.0,0.0
453,Device,BiasAdd,model/conv2d_3/BiasAdd,2,8.192,4.096,8.192,4.096,0.00014113647840607575,0.9715410316838785,0.0,0.0
454,Device,Square,conv2d_2/kernel/Regularizer/Square,2,7.169,3.5845,7.169,3.5845,0.00012351164717934045,0.9716645433310579,0.0,0.0
455,Device,ResourceApplyGradientDescent,SGD/SGD/update/ResourceApplyGradientDescent,2,7.168,3.584,7.168,3.584,0.00012349441860531627,0.9717880377496632,0.0,0.0
456,Device,ResourceApplyGradientDescent,SGD/SGD/update_103/ResourceApplyGradientDescent,2,7.168,3.584,7.168,3.584,0.00012349441860531627,0.9719115321682684,0.0,0.0
457,Device,ResourceApplyGradientDescent,SGD/SGD/update_110/ResourceApplyGradientDescent,2,7.168,3.584,7.168,3.584,0.00012349441860531627,0.9720350265868737,0.0,0.0
458,Device,ResourceApplyGradientDescent,SGD/SGD/update_113/ResourceApplyGradientDescent,2,7.168,3.584,7.168,3.584,0.00012349441860531627,0.972158521005479,0.0,0.0
459,Device,ResourceApplyGradientDescent,SGD/SGD/update_136/ResourceApplyGradientDescent,2,7.168,3.584,7.168,3.584,0.00012349441860531627,0.9722820154240842,0.0,0.0
460,Device,ResourceApplyGradientDescent,SGD/SGD/update_24/ResourceApplyGradientDescent,2,7.168,3.584,7.168,3.584,0.00012349441860531627,0.9724055098426895,0.0,0.0
461,Device,ResourceApplyGradientDescent,SGD/SGD/update_32/ResourceApplyGradientDescent,2,7.168,3.584,7.168,3.584,0.00012349441860531627,0.9725290042612947,0.0,0.0
462,Device,ResourceApplyGradientDescent,SGD/SGD/update_58/ResourceApplyGradientDescent,2,7.168,3.584,7.168,3.584,0.00012349441860531627,0.9726524986799,0.0,0.0
463,Device,ResourceApplyGradientDescent,SGD/SGD/update_77/ResourceApplyGradientDescent,2,7.168,3.584,7.168,3.584,0.00012349441860531627,0.9727759930985053,0.0,0.0
464,Device,ResourceApplyGradientDescent,SGD/SGD/update_8/ResourceApplyGradientDescent,2,7.168,3.584,7.168,3.584,0.00012349441860531627,0.9728994875171105,0.0,0.0
465,Device,ResourceApplyGradientDescent,SGD/SGD/update_90/ResourceApplyGradientDescent,2,7.168,3.584,7.168,3.584,0.00012349441860531627,0.9730229819357158,0.0,0.0
466,Device,ResourceApplyGradientDescent,SGD/SGD/update_93/ResourceApplyGradientDescent,2,7.168,3.584,7.168,3.584,0.00012349441860531627,0.973146476354321,0.0,0.0
467,Device,AddN,SGD/gradients/AddN_17,2,7.168,3.584,7.168,3.584,0.00012349441860531627,0.9732699707729263,0.0,0.0
468,Device,AddN,SGD/gradients/AddN_19,2,7.168,3.584,7.168,3.584,0.00012349441860531627,0.9733934651915316,0.0,0.0
469,Device,AddN,SGD/gradients/AddN_21,2,7.168,3.584,7.168,3.584,0.00012349441860531627,0.9735169596101368,0.0,0.0
470,Device,AddN,SGD/gradients/AddN_24,2,7.168,3.584,7.168,3.584,0.00012349441860531627,0.9736404540287421,0.0,0.0
471,Device,AddN,SGD/gradients/AddN_3,2,7.168,3.584,7.168,3.584,0.00012349441860531627,0.9737639484473474,0.0,0.0
472,Device,Square,conv2d_18/kernel/Regularizer/Square,2,7.168,3.584,7.168,3.584,0.00012349441860531627,0.9738874428659526,0.0,0.0
473,Device,Mul,gradient_tape/conv2d_1/kernel/Regularizer/Mul,2,7.168,3.584,7.168,3.584,0.00012349441860531627,0.9740109372845579,0.0,0.0
474,Device,Mul,gradient_tape/conv2d_1/kernel/Regularizer/Mul_1,2,7.168,3.584,7.168,3.584,0.00012349441860531627,0.9741344317031632,0.0,0.0
475,Device,Mul,gradient_tape/conv2d_2/kernel/Regularizer/Mul_1,2,7.168,3.584,7.168,3.584,0.00012349441860531627,0.9742579261217684,0.0,0.0
476,Device,Mul,gradient_tape/conv2d_4/kernel/Regularizer/Mul_1,2,7.168,3.584,7.168,3.584,0.00012349441860531627,0.9743814205403737,0.0,0.0
477,Device,ReluGrad,gradient_tape/model/activation_17/ReluGrad,2,7.168,3.584,7.168,3.584,0.00012349441860531627,0.974504914958979,0.0,0.0
478,Device,ReluGrad,gradient_tape/model/activation_20/ReluGrad,2,7.168,3.584,7.168,3.584,0.00012349441860531627,0.9746284093775842,0.0,0.0
479,Device,ReluGrad,gradient_tape/model/activation_25/ReluGrad,2,7.168,3.584,7.168,3.584,0.00012349441860531627,0.9747519037961895,0.0,0.0
480,Device,Relu,model/activation_4/Relu,2,7.168,3.584,7.168,3.584,0.00012349441860531627,0.9748753982147947,0.0,0.0
481,Device,Relu,model/activation_7/Relu,2,7.168,3.584,7.168,3.584,0.00012349441860531627,0.9749988926334,0.0,0.0
482,Device,AddV2,model/add_10/add,2,7.168,3.584,7.168,3.584,0.00012349441860531627,0.9751223870520053,0.0,0.0
483,Device,AddV2,model/add_11/add,2,7.168,3.584,7.168,3.584,0.00012349441860531627,0.9752458814706105,0.0,0.0
484,Device,AddV2,model/add_14/add,2,7.168,3.584,7.168,3.584,0.00012349441860531627,0.9753693758892158,0.0,0.0
485,Device,AddV2,model/add_15/add,2,7.168,3.584,7.168,3.584,0.00012349441860531627,0.9754928703078211,0.0,0.0
486,Device,AddV2,model/add_4/add,2,7.168,3.584,7.168,3.584,0.00012349441860531627,0.9756163647264263,0.0,0.0
487,Device,AddV2,model/add_7/add,2,7.168,3.584,7.168,3.584,0.00012349441860531627,0.9757398591450316,0.0,0.0
488,Device,AddV2,model/add_9/add,2,7.168,3.584,7.168,3.584,0.00012349441860531627,0.9758633535636368,0.0,0.0
489,Device,BiasAdd,model/conv2d_10/BiasAdd,2,7.168,3.584,7.168,3.584,0.00012349441860531627,0.9759868479822421,0.0,0.0
490,Device,BiasAdd,model/conv2d_12/BiasAdd,2,7.168,3.584,7.168,3.584,0.00012349441860531627,0.9761103424008474,0.0,0.0
491,Device,BiasAdd,model/conv2d_15/BiasAdd,2,7.168,3.584,7.168,3.584,0.00012349441860531627,0.9762338368194526,0.0,0.0
492,Device,BiasAdd,model/conv2d_21/BiasAdd,2,7.168,3.584,7.168,3.584,0.00012349441860531627,0.9763573312380579,0.0,0.0
493,Device,BiasAdd,model/conv2d_27/BiasAdd,2,7.168,3.584,7.168,3.584,0.00012349441860531627,0.9764808256566632,0.0,0.0
494,Device,BiasAdd,model/conv2d_28/BiasAdd,2,7.168,3.584,7.168,3.584,0.00012349441860531627,0.9766043200752684,0.0,0.0
495,Device,BiasAdd,model/conv2d_30/BiasAdd,2,7.168,3.584,7.168,3.584,0.00012349441860531627,0.9767278144938737,0.0,0.0
496,Device,BiasAdd,model/conv2d_32/BiasAdd,2,7.168,3.584,7.168,3.584,0.00012349441860531627,0.976851308912479,0.0,0.0
497,Device,BiasAdd,model/conv2d_35/BiasAdd,2,7.168,3.584,7.168,3.584,0.00012349441860531627,0.9769748033310842,0.0,0.0
498,Device,BiasAdd,model/conv2d_8/BiasAdd,2,7.168,3.584,7.168,3.584,0.00012349441860531627,0.9770982977496895,0.0,0.0
499,Device,BiasAdd,model/conv2d_9/BiasAdd,2,7.168,3.584,7.168,3.584,0.00012349441860531627,0.9772217921682947,0.0,0.0
500,Device,ResourceApplyGradientDescent,SGD/SGD/update_78/ResourceApplyGradientDescent,2,6.145,3.0725,6.145,3.0725,0.00010586958737858098,0.9773276617556733,0.0,0.0
501,Host,IDLE,IDLE,0,151730.012,0.0,151730.012,0.0,0.0,0.0,0.9965379618473306,0.9965379618473306
502,Host,GatherV2,GatherV2,2,162.463,81.2315,162.463,81.2315,0.0,0.0,0.0010670304757874987,0.9976049923231181
503,Host,Dataset,Iterator::Root::ParallelMapV2::Zip[1]::ForeverRepeat,2,57.701,28.8505,53.411,26.7055,0.0,0.0,0.0003507947332148618,0.9979557870563329
504,Host,Dataset,Iterator::Root::ParallelMapV2::Zip[0]::FlatMap[1]::Concatenate,2,68.391,34.1955,45.761,22.8805,0.0,0.0,0.0003005507814241503,0.998256337837757
505,Host,Dataset,Iterator::Root::ParallelMapV2,2,45.121,22.5605,45.121,22.5605,0.0,0.0,0.0002963473658495025,0.9985526852036065
506,Host,FlushSummaryWriter,FlushSummaryWriter,1,37.301,37.301,37.301,37.301,0.0,0.0,0.0002449868817967752,0.9987976720854033
507,Host,LogicalAnd,LogicalAnd,1,31.22,31.22,31.22,31.22,0.0,0.0,0.00020504786600078606,0.9990027199514041
508,Host,Dataset,Iterator::Root,2,74.662,37.331,29.541,14.7705,0.0,0.0,0.0001940204679541711,0.9991967404193582
509,Host,IteratorGetNext,IteratorGetNext,2,29.341,14.6705,29.341,14.6705,0.0,0.0,0.00019270690058709368,0.9993894473199454
510,Host,Dataset,Iterator::Root::ParallelMapV2::Zip[0]::FlatMap[1]::Concatenate[0]::TensorSlice,2,22.63,11.315,22.63,11.315,0.0,0.0,0.00014863014758481066,0.9995380774675302
511,Host,GatherV2,GatherV2_1,2,21.86,10.93,21.86,10.93,0.0,0.0,0.00014357291322156257,0.9996816503807517
512,Host,WriteSummary,WriteSummary,1,20.73,20.73,20.73,20.73,0.0,0.0,0.00013615125759757512,0.9998178016383493
513,Host,Dataset,Iterator::Root::ParallelMapV2::Zip,2,140.052,70.026,10.36,5.18,0.0,0.0,6.804278961461062e-05,0.9998858444279639
514,Host,ReadVariableOp,ReadVariableOp,1,6.461,6.461,6.461,6.461,0.0,0.0,4.243479379343622e-05,0.9999282792217573
515,Host,Dataset,Iterator::Root::ParallelMapV2::Zip[1]::ForeverRepeat::FromTensor,4,4.29,1.0725,4.29,1.0725,0.0,0.0,2.817602002381077e-05,0.9999564552417811
516,Host,Dataset,Iterator::Root::ParallelMapV2::Zip[0]::FlatMap,2,71.991,35.9955,3.6,1.8,0.0,0.0,2.3644212607393655e-05,0.9999800994543885
517,Host,Identity,Identity,2,3.03,1.515,3.03,1.515,0.0,0.0,1.990054561122299e-05,0.9999999999999997
