Rank,Host/device,Type,Operation,#Occurrences,Total time (us),Avg. time (us),Total self-time (us),Avg. self-time (us),Total self-time on Device (%),Cumulative total-self time on Device (%),Total self-time on Host (%),Cumulative total-self time on Host (%)
1,Device,Conv2DBackpropFilter,gradient_tape/sequential/conv2d_1/Conv2D/Conv2DBackpropFilter,2,19293.272,9646.636,19293.272,9646.636,0.07303063801588915,0.07303063801588915,0.0,0.0
2,Device,Conv2DBackpropFilter,gradient_tape/sequential/conv2d_3/Conv2D/Conv2DBackpropFilter,2,15640.648,7820.324,15640.648,7820.324,0.05920439531573184,0.13223503333162098,0.0,0.0
3,Device,Conv2DBackpropInput,gradient_tape/sequential/conv2d_1/Conv2D/Conv2DBackpropInput,2,13247.55,6623.775,13247.55,6623.775,0.050145824339562106,0.1823808576711831,0.0,0.0
4,Device,_FusedConv2D,sequential/conv2d_1/Relu,2,13234.236,6617.118,13234.236,6617.118,0.05009542698267296,0.23247628465385606,0.0,0.0
5,Device,_FusedConv2D,sequential/conv2d_3/Relu,2,9991.214,4995.607,9991.214,4995.607,0.03781964681642822,0.2702959314702843,0.0,0.0
6,Device,Conv2DBackpropInput,gradient_tape/sequential/conv2d_3/Conv2D/Conv2DBackpropInput,2,9973.806,4986.903,9973.806,4986.903,0.03775375248048663,0.3080496839507709,0.0,0.0
7,Device,MaxPoolGrad,gradient_tape/sequential/max_pooling2d/MaxPool/MaxPoolGrad,2,9416.747,4708.3735,9416.747,4708.3735,0.03564512237448422,0.3436948063252552,0.0,0.0
8,Device,Conv2DBackpropFilter,gradient_tape/sequential/conv2d_2/Conv2D/Conv2DBackpropFilter,2,9312.3,4656.15,9312.3,4656.15,0.03524976014412508,0.37894456646938024,0.0,0.0
9,Device,_FusedConv2D,sequential/conv2d_5/Relu,2,7996.452,3998.226,7996.452,3998.226,0.03026889329209855,0.40921345976147877,0.0,0.0
10,Device,Conv2DBackpropInput,gradient_tape/sequential/conv2d_5/Conv2D/Conv2DBackpropInput,2,7991.333,3995.6665,7991.333,3995.6665,0.03024951639034734,0.4394629761518261,0.0,0.0
11,Device,Conv2DBackpropFilter,gradient_tape/sequential/conv2d_5/Conv2D/Conv2DBackpropFilter,2,7918.628,3959.314,7918.628,3959.314,0.02997430684906553,0.46943728300089166,0.0,0.0
12,Device,ReluGrad,gradient_tape/sequential/conv2d_1/ReluGrad,2,7223.33,3611.665,7223.33,3611.665,0.02734240197822912,0.4967796849791208,0.0,0.0
13,Device,ReluGrad,gradient_tape/sequential/conv2d/ReluGrad,2,7155.746,3577.873,7155.746,3577.873,0.027086576909279392,0.5238662618884001,0.0,0.0
14,Device,IDLE,IDLE,0,7015.843,0.0,7015.843,0.0,0.02655700342115685,0.550423265309557,0.0,0.0
15,Device,Conv2DBackpropFilter,gradient_tape/sequential/conv2d_7/Conv2D/Conv2DBackpropFilter,2,6551.584,3275.792,6551.584,3275.792,0.024799648267784285,0.5752229135773412,0.0,0.0
16,Device,_FusedConv2D,sequential/conv2d_7/Relu,2,6025.244,3012.622,6025.244,3012.622,0.02280729849874132,0.5980302120760825,0.0,0.0
17,Device,Conv2DBackpropInput,gradient_tape/sequential/conv2d_7/Conv2D/Conv2DBackpropInput,2,5978.14,2989.07,5978.14,2989.07,0.022628996177958178,0.6206592082540408,0.0,0.0
18,Device,Conv2DBackpropFilter,gradient_tape/sequential/conv2d/Conv2D/Conv2DBackpropFilter,2,5922.844,2961.422,5922.844,2961.422,0.022419684757908398,0.6430788930119491,0.0,0.0
19,Device,_FusedConv2D,sequential/conv2d_2/Relu,2,5866.522,2933.261,5866.522,2933.261,0.022206489629869416,0.6652853826418185,0.0,0.0
20,Device,Conv2DBackpropInput,gradient_tape/sequential/conv2d_2/Conv2D/Conv2DBackpropInput,2,5593.114,2796.557,5593.114,2796.557,0.021171560941845517,0.6864569435836639,0.0,0.0
21,Device,Conv2DBackpropFilter,gradient_tape/sequential/conv2d_4/Conv2D/Conv2DBackpropFilter,2,5058.582,2529.291,5058.582,2529.291,0.019148202073535923,0.7056051456571999,0.0,0.0
22,Device,_FusedConv2D,sequential/conv2d_4/Relu,2,4889.623,2444.8115,4889.623,2444.8115,0.018508643186452036,0.724113788843652,0.0,0.0
23,Device,Conv2DBackpropInput,gradient_tape/sequential/conv2d_4/Conv2D/Conv2DBackpropInput,2,4752.407,2376.2035,4752.407,2376.2035,0.017989240773735926,0.7421030296173878,0.0,0.0
24,Device,_Send,IteratorGetNext/_1,2,4298.004,2149.002,4298.004,2149.002,0.016269193442918526,0.7583722230603064,0.0,0.0
25,Device,_FusedConv2D,sequential/conv2d_6/Relu,2,3661.841,1830.9205,3661.841,1830.9205,0.013861131722122692,0.772233354782429,0.0,0.0
26,Device,Conv2DBackpropFilter,gradient_tape/sequential/conv2d_6/Conv2D/Conv2DBackpropFilter,2,3640.337,1820.1685,3640.337,1820.1685,0.013779732836547778,0.7860130876189768,0.0,0.0
27,Device,ReluGrad,gradient_tape/sequential/conv2d_2/ReluGrad,2,3571.728,1785.864,3571.728,1785.864,0.013520027844899283,0.7995331154638761,0.0,0.0
28,Device,ReluGrad,gradient_tape/sequential/conv2d_3/ReluGrad,2,3564.561,1782.2805,3564.561,1782.2805,0.013492898668331418,0.8130260141322074,0.0,0.0
29,Device,Conv2DBackpropInput,gradient_tape/sequential/conv2d_6/Conv2D/Conv2DBackpropInput,2,3544.08,1772.04,3544.08,1772.04,0.013415372134874395,0.8264413862670819,0.0,0.0
30,Device,MaxPool,sequential/max_pooling2d/MaxPool,2,2694.157,1347.0785,2694.157,1347.0785,0.010198166730089839,0.8366395529971717,0.0,0.0
31,Device,_FusedConv2D,sequential/conv2d/Relu,2,2649.102,1324.551,2649.102,1324.551,0.01002762046941379,0.8466671734665855,0.0,0.0
32,Device,MaxPoolGrad,gradient_tape/sequential/max_pooling2d_1/MaxPool/MaxPoolGrad,2,2584.588,1292.294,2584.588,1292.294,0.009783416242108177,0.8564505897086937,0.0,0.0
33,Device,Conv2DBackpropFilter,gradient_tape/sequential/conv2d_8/Conv2D/Conv2DBackpropFilter,2,2204.682,1102.341,2204.682,1102.341,0.008345361693037163,0.8647959514017308,0.0,0.0
34,Device,Conv2DBackpropFilter,gradient_tape/sequential/conv2d_9/Conv2D/Conv2DBackpropFilter,2,2199.562,1099.781,2199.562,1099.781,0.008325981005995516,0.8731219324077263,0.0,0.0
35,Device,BiasAddGrad,gradient_tape/sequential/conv2d/BiasAdd/BiasAddGrad,2,2093.066,1046.533,2093.066,1046.533,0.00792286271552928,0.8810447951232556,0.0,0.0
36,Device,BiasAddGrad,gradient_tape/sequential/conv2d_1/BiasAdd/BiasAddGrad,2,2093.065,1046.5325,2093.065,1046.5325,0.007922858930238842,0.8889676540534944,0.0,0.0
37,Device,_FusedConv2D,sequential/conv2d_9/Relu,2,1862.665,931.3325,1862.665,931.3325,0.00705072801336477,0.8960183820668592,0.0,0.0
38,Device,_FusedConv2D,sequential/conv2d_8/Relu,2,1849.353,924.6765,1849.353,924.6765,0.007000338227056491,0.9030187202939157,0.0,0.0
39,Device,Conv2DBackpropInput,gradient_tape/sequential/conv2d_9/Conv2D/Conv2DBackpropInput,2,1828.872,914.436,1828.872,914.436,0.006922811693599469,0.9099415319875152,0.0,0.0
40,Device,Conv2DBackpropInput,gradient_tape/sequential/conv2d_8/Conv2D/Conv2DBackpropInput,2,1825.801,912.9005,1825.801,912.9005,0.0069111870666649184,0.9168527190541801,0.0,0.0
41,Device,ReluGrad,gradient_tape/sequential/conv2d_4/ReluGrad,2,1784.841,892.4205,1784.841,892.4205,0.00675614157033175,0.9236088606245119,0.0,0.0
42,Device,ReluGrad,gradient_tape/sequential/conv2d_5/ReluGrad,2,1764.36,882.18,1764.36,882.18,0.006678615036874728,0.9302874756613866,0.0,0.0
43,Device,ResourceApplyGradientDescent,SGD/SGD/update_20/ResourceApplyGradientDescent,2,1702.92,851.46,1702.92,851.46,0.006446046792374976,0.9367335224537615,0.0,0.0
44,Device,MaxPool,sequential/max_pooling2d_1/MaxPool,2,1323.014,661.507,1323.014,661.507,0.005007992243303964,0.9417415146970655,0.0,0.0
45,Device,MaxPoolGrad,gradient_tape/sequential/max_pooling2d_2/MaxPool/MaxPoolGrad,2,1266.694,633.347,1266.694,633.347,0.004794804685845857,0.9465363193829113,0.0,0.0
46,Device,BiasAddGrad,gradient_tape/sequential/conv2d_3/BiasAdd/BiasAddGrad,2,1071.11,535.555,1071.11,535.555,0.004054462440854978,0.9505907818237662,0.0,0.0
47,Device,BiasAddGrad,gradient_tape/sequential/conv2d_2/BiasAdd/BiasAddGrad,2,1057.796,528.898,1057.796,528.898,0.004004065083965823,0.954594846907732,0.0,0.0
48,Device,ReluGrad,gradient_tape/sequential/conv2d_7/ReluGrad,2,884.74,442.37,884.74,442.37,0.0033489978619581874,0.9579438447696902,0.0,0.0
49,Device,ReluGrad,gradient_tape/sequential/conv2d_6/ReluGrad,2,875.524,437.762,875.524,437.762,0.003314112625283224,0.9612579573949734,0.0,0.0
50,Device,ResourceApplyGradientDescent,SGD/SGD/update_22/ResourceApplyGradientDescent,2,847.876,423.938,847.876,423.938,0.0032094569152583356,0.9644674143102318,0.0,0.0
51,Device,MatMul,gradient_tape/sequential/dense/MatMul/MatMul_1,2,828.419,414.2095,828.419,414.2095,0.003135806519209643,0.9676032208294414,0.0,0.0
52,Device,MatMul,gradient_tape/sequential/dense/MatMul/MatMul,2,684.035,342.0175,684.035,342.0175,0.0025892711446352246,0.9701924919740766,0.0,0.0
53,Device,MaxPool,sequential/max_pooling2d_2/MaxPool,2,681.988,340.994,681.988,340.994,0.002581522655109004,0.9727740146291857,0.0,0.0
54,Device,MatMul,sequential/dense/MatMul,2,674.82,337.41,674.82,337.41,0.0025543896932506997,0.9753284043224364,0.0,0.0
55,Device,MaxPoolGrad,gradient_tape/sequential/max_pooling2d_3/MaxPool/MaxPoolGrad,2,650.242,325.121,650.242,325.121,0.0024613548248699226,0.9777897591473064,0.0,0.0
56,Device,BiasAddGrad,gradient_tape/sequential/conv2d_5/BiasAdd/BiasAddGrad,2,546.819,273.4095,546.819,273.4095,0.0020698687319191107,0.9798596278792254,0.0,0.0
57,Device,BiasAddGrad,gradient_tape/sequential/conv2d_4/BiasAdd/BiasAddGrad,2,544.77,272.385,544.77,272.385,0.0020621126718120145,0.9819217405510374,0.0,0.0
58,Device,MatMul,gradient_tape/sequential/dense_1/MatMul/MatMul_1,2,427.01,213.505,427.01,213.505,0.0016163568698541555,0.9835380974208916,0.0,0.0
59,Device,MatMul,gradient_tape/sequential/dense_1/MatMul/MatMul,2,408.577,204.2885,408.577,204.2885,0.001546582611213792,0.9850846800321054,0.0,0.0
60,Device,MaxPoolGrad,gradient_tape/sequential/max_pooling2d_4/MaxPool/MaxPoolGrad,2,388.098,194.049,388.098,194.049,0.0014690636483376456,0.986553743680443,0.0,0.0
61,Device,MaxPool,sequential/max_pooling2d_3/MaxPool,2,367.617,183.8085,367.617,183.8085,0.0013915371148806237,0.9879452807953236,0.0,0.0
62,Device,MatMul,sequential/dense_1/MatMul,2,346.114,173.057,346.114,173.057,0.001310142014596148,0.9892554228099197,0.0,0.0
63,Device,BiasAddGrad,gradient_tape/sequential/conv2d_6/BiasAdd/BiasAddGrad,2,312.322,156.161,312.322,156.161,0.0011822294801212842,0.990437652290041,0.0,0.0
64,Device,BiasAddGrad,gradient_tape/sequential/conv2d_7/BiasAdd/BiasAddGrad,2,302.08,151.04,302.08,151.04,0.0011434605354571164,0.9915811128254981,0.0,0.0
65,Device,Transpose,gradient_tape/sequential/conv2d/Conv2D/Conv2DBackpropFilter-0-TransposeNHWCToNCHW-LayoutOptimizer,2,244.736,122.368,244.736,122.368,0.0009263968405906807,0.9925075096660888,0.0,0.0
66,Device,ReluGrad,gradient_tape/sequential/conv2d_8/ReluGrad,2,220.161,110.0805,220.161,110.0805,0.0008333733280812176,0.99334088299417,0.0,0.0
67,Device,ReluGrad,gradient_tape/sequential/conv2d_9/ReluGrad,2,215.041,107.5205,215.041,107.5205,0.0008139926410395715,0.9941548756352095,0.0,0.0
68,Device,SoftmaxCrossEntropyWithLogits,categorical_crossentropy/softmax_cross_entropy_with_logits,2,134.144,67.072,134.144,67.072,0.0005077740004911264,0.9946626496357007,0.0,0.0
69,Device,ResourceApplyGradientDescent,SGD/SGD/update_14/ResourceApplyGradientDescent,2,128.001,64.0005,128.001,64.0005,0.0004845209613315889,0.9951471705970323,0.0,0.0
70,Device,ResourceApplyGradientDescent,SGD/SGD/update_18/ResourceApplyGradientDescent,2,123.904,61.952,123.904,61.952,0.0004690126264078342,0.9956161832234401,0.0,0.0
71,Device,ResourceApplyGradientDescent,SGD/SGD/update_16/ResourceApplyGradientDescent,2,121.856,60.928,121.856,60.928,0.0004612603515911758,0.9960774435750314,0.0,0.0
72,Device,MaxPool,sequential/max_pooling2d_4/MaxPool,2,96.256,48.128,96.256,48.128,0.0003643569163829456,0.9964418004914143,0.0,0.0
73,Device,BiasAddGrad,gradient_tape/sequential/conv2d_9/BiasAdd/BiasAddGrad,2,81.921,40.9605,81.921,40.9605,0.0003100947779567745,0.996751895269371,0.0,0.0
74,Device,BiasAddGrad,gradient_tape/sequential/conv2d_8/BiasAdd/BiasAddGrad,2,80.896,40.448,80.896,40.448,0.00030621485525800745,0.9970581101246291,0.0,0.0
75,Device,ResourceApplyGradientDescent,SGD/SGD/update_12/ResourceApplyGradientDescent,2,68.609,34.3045,68.609,34.3045,0.00025970499164849474,0.9973178151162776,0.0,0.0
76,Device,Transpose,gradient_tape/sequential/max_pooling2d_4/MaxPool/MaxPoolGrad-2-TransposeNHWCToNCHW-LayoutOptimizer,2,41.984,20.992,41.984,20.992,0.00015892163374149753,0.9974767367500191,0.0,0.0
77,Device,MatMul,sequential/dense_2/MatMul,2,34.816,17.408,34.816,17.408,0.00013178867188319308,0.9976085254219024,0.0,0.0
78,Device,ResourceApplyGradientDescent,SGD/SGD/update_10/ResourceApplyGradientDescent,2,33.792,16.896,33.792,16.896,0.00012791253447486388,0.9977364379563772,0.0,0.0
79,Device,Transpose,sequential/max_pooling2d_4/MaxPool-0-2-TransposeNCHWToNHWC-LayoutOptimizer,2,32.768,16.384,32.768,16.384,0.00012403639706653466,0.9978604743534437,0.0,0.0
80,Device,ReluGrad,gradient_tape/sequential/dense/ReluGrad,2,31.745,15.8725,31.745,15.8725,0.00012016404494864327,0.9979806383983924,0.0,0.0
81,Device,MatMul,gradient_tape/sequential/dense_2/MatMul/MatMul_1,2,26.624,13.312,26.624,13.312,0.00010077957261655941,0.9980814179710089,0.0,0.0
82,Device,MatMul,gradient_tape/sequential/dense_2/MatMul/MatMul,2,24.576,12.288,24.576,12.288,9.302729779990099e-05,0.9981744452688088,0.0,0.0
83,Device,ArgMax,ArgMax,2,22.529,11.2645,22.529,11.2645,8.52788082736804e-05,0.9982597240770825,0.0,0.0
84,Device,ReluGrad,gradient_tape/sequential/dense_1/ReluGrad,2,22.528,11.264,22.528,11.264,8.527502298324257e-05,0.9983449991000658,0.0,0.0
85,Device,Softmax,sequential/dense_2/Softmax,2,22.528,11.264,22.528,11.264,8.527502298324257e-05,0.9984302741230491,0.0,0.0
86,Device,ResourceApplyGradientDescent,SGD/SGD/update_8/ResourceApplyGradientDescent,2,21.504,10.752,21.504,10.752,8.139888557491338e-05,0.998511673008624,0.0,0.0
87,Device,ArgMax,ArgMax_1,2,20.48,10.24,20.48,10.24,7.752274816658417e-05,0.9985891957567906,0.0,0.0
88,Device,BiasAddGrad,gradient_tape/sequential/dense_1/BiasAdd/BiasAddGrad,2,18.433,9.2165,18.433,9.2165,6.977425864036357e-05,0.998658970015431,0.0,0.0
89,Device,BiasAddGrad,gradient_tape/sequential/dense/BiasAdd/BiasAddGrad,2,18.432,9.216,18.432,9.216,6.977047334992575e-05,0.9987287404887809,0.0,0.0
90,Device,ResourceApplyGradientDescent,SGD/SGD/update_6/ResourceApplyGradientDescent,2,13.312,6.656,13.312,6.656,5.0389786308279706e-05,0.9987791302750891,0.0,0.0
91,Device,ResourceApplyGradientDescent,SGD/SGD/update_24/ResourceApplyGradientDescent,2,12.288,6.144,12.288,6.144,4.6513648899950496e-05,0.9988256439239891,0.0,0.0
92,Device,ResourceApplyGradientDescent,SGD/SGD/update_4/ResourceApplyGradientDescent,2,10.24,5.12,10.24,5.12,3.8761374083292084e-05,0.9988644052980724,0.0,0.0
93,Device,BiasAdd,sequential/dense/BiasAdd,2,10.24,5.12,10.24,5.12,3.8761374083292084e-05,0.9989031666721557,0.0,0.0
94,Device,Relu,sequential/dense/Relu,2,10.24,5.12,10.24,5.12,3.8761374083292084e-05,0.998941928046239,0.0,0.0
95,Device,BiasAdd,sequential/dense_1/BiasAdd,2,10.24,5.12,10.24,5.12,3.8761374083292084e-05,0.9989806894203224,0.0,0.0
96,Device,Relu,sequential/dense_1/Relu,2,10.24,5.12,10.24,5.12,3.8761374083292084e-05,0.9990194507944057,0.0,0.0
97,Device,_Send,IteratorGetNext/_3,2,9.216,4.608,9.216,4.608,3.4885236674962874e-05,0.9990543360310806,0.0,0.0
98,Device,ResourceApplyGradientDescent,SGD/SGD/update_17/ResourceApplyGradientDescent,2,8.192,4.096,8.192,4.096,3.1009099266633664e-05,0.9990853451303473,0.0,0.0
99,Device,ResourceApplyGradientDescent,SGD/SGD/update_2/ResourceApplyGradientDescent,2,8.192,4.096,8.192,4.096,3.1009099266633664e-05,0.999116354229614,0.0,0.0
100,Device,ResourceApplyGradientDescent,SGD/SGD/update_21/ResourceApplyGradientDescent,2,8.192,4.096,8.192,4.096,3.1009099266633664e-05,0.9991473633288807,0.0,0.0
101,Device,ResourceApplyGradientDescent,SGD/SGD/update_23/ResourceApplyGradientDescent,2,8.192,4.096,8.192,4.096,3.1009099266633664e-05,0.9991783724281473,0.0,0.0
102,Device,ResourceApplyGradientDescent,SGD/SGD/update_9/ResourceApplyGradientDescent,2,8.192,4.096,8.192,4.096,3.1009099266633664e-05,0.999209381527414,0.0,0.0
103,Device,Equal,Equal,2,7.169,3.5845,7.169,3.5845,2.7136747148742278e-05,0.9992365182745627,0.0,0.0
104,Device,ResourceApplyGradientDescent,SGD/SGD/update_19/ResourceApplyGradientDescent,2,7.169,3.5845,7.169,3.5845,2.7136747148742278e-05,0.9992636550217114,0.0,0.0
105,Device,ResourceApplyGradientDescent,SGD/SGD/update/ResourceApplyGradientDescent,2,7.168,3.584,7.168,3.584,2.7132961858304458e-05,0.9992907879835697,0.0,0.0
106,Device,ResourceApplyGradientDescent,SGD/SGD/update_1/ResourceApplyGradientDescent,2,7.168,3.584,7.168,3.584,2.7132961858304458e-05,0.999317920945428,0.0,0.0
107,Device,ResourceApplyGradientDescent,SGD/SGD/update_3/ResourceApplyGradientDescent,2,7.168,3.584,7.168,3.584,2.7132961858304458e-05,0.9993450539072863,0.0,0.0
108,Device,BiasAddGrad,gradient_tape/sequential/dense_2/BiasAdd/BiasAddGrad,2,7.168,3.584,7.168,3.584,2.7132961858304458e-05,0.9993721868691446,0.0,0.0
109,Device,AssignAddVariableOp,AssignAddVariableOp_1,2,6.144,3.072,6.144,3.072,2.3256824449975248e-05,0.9993954436935946,0.0,0.0
110,Device,AssignAddVariableOp,AssignAddVariableOp_3,2,6.144,3.072,6.144,3.072,2.3256824449975248e-05,0.9994187005180445,0.0,0.0
111,Device,AssignAddVariableOp,AssignAddVariableOp_4,2,6.144,3.072,6.144,3.072,2.3256824449975248e-05,0.9994419573424944,0.0,0.0
112,Device,Cast,Cast,2,6.144,3.072,6.144,3.072,2.3256824449975248e-05,0.9994652141669443,0.0,0.0
113,Device,Cast,Cast_2,2,6.144,3.072,6.144,3.072,2.3256824449975248e-05,0.9994884709913943,0.0,0.0
114,Device,Mul,Mul,2,6.144,3.072,6.144,3.072,2.3256824449975248e-05,0.9995117278158442,0.0,0.0
115,Device,AssignAddVariableOp,SGD/SGD/AssignAddVariableOp,2,6.144,3.072,6.144,3.072,2.3256824449975248e-05,0.9995349846402941,0.0,0.0
116,Device,ResourceApplyGradientDescent,SGD/SGD/update_11/ResourceApplyGradientDescent,2,6.144,3.072,6.144,3.072,2.3256824449975248e-05,0.999558241464744,0.0,0.0
117,Device,ResourceApplyGradientDescent,SGD/SGD/update_13/ResourceApplyGradientDescent,2,6.144,3.072,6.144,3.072,2.3256824449975248e-05,0.999581498289194,0.0,0.0
118,Device,ResourceApplyGradientDescent,SGD/SGD/update_15/ResourceApplyGradientDescent,2,6.144,3.072,6.144,3.072,2.3256824449975248e-05,0.9996047551136439,0.0,0.0
119,Device,ResourceApplyGradientDescent,SGD/SGD/update_5/ResourceApplyGradientDescent,2,6.144,3.072,6.144,3.072,2.3256824449975248e-05,0.9996280119380938,0.0,0.0
120,Device,ResourceApplyGradientDescent,SGD/SGD/update_7/ResourceApplyGradientDescent,2,6.144,3.072,6.144,3.072,2.3256824449975248e-05,0.9996512687625437,0.0,0.0
121,Device,DivNoNan,categorical_crossentropy/weighted_loss/value,2,6.144,3.072,6.144,3.072,2.3256824449975248e-05,0.9996745255869937,0.0,0.0
122,Device,DivNoNan,div_no_nan_1,2,6.144,3.072,6.144,3.072,2.3256824449975248e-05,0.9996977824114436,0.0,0.0
123,Device,Mul,gradient_tape/categorical_crossentropy/softmax_cross_entropy_with_logits/mul,2,6.144,3.072,6.144,3.072,2.3256824449975248e-05,0.9997210392358935,0.0,0.0
124,Device,Tile,gradient_tape/categorical_crossentropy/weighted_loss/Tile_1,2,6.144,3.072,6.144,3.072,2.3256824449975248e-05,0.9997442960603434,0.0,0.0
125,Device,DivNoNan,gradient_tape/categorical_crossentropy/weighted_loss/value/div_no_nan,2,6.144,3.072,6.144,3.072,2.3256824449975248e-05,0.9997675528847934,0.0,0.0
126,Device,BiasAdd,sequential/dense_2/BiasAdd,2,6.144,3.072,6.144,3.072,2.3256824449975248e-05,0.9997908097092433,0.0,0.0
127,Device,_Recv,categorical_crossentropy/weighted_loss/num_elements/_14,2,5.632,2.816,5.632,2.816,2.1318755745810643e-05,0.9998121284649891,0.0,0.0
128,Device,AssignAddVariableOp,AssignAddVariableOp,2,5.12,2.56,5.12,2.56,1.9380687041646042e-05,0.9998315091520308,0.0,0.0
129,Device,AssignAddVariableOp,AssignAddVariableOp_2,2,5.12,2.56,5.12,2.56,1.9380687041646042e-05,0.9998508898390724,0.0,0.0
130,Device,Cast,Cast_1,2,5.12,2.56,5.12,2.56,1.9380687041646042e-05,0.9998702705261141,0.0,0.0
131,Device,ResourceApplyGradientDescent,SGD/SGD/update_25/ResourceApplyGradientDescent,2,5.12,2.56,5.12,2.56,1.9380687041646042e-05,0.9998896512131558,0.0,0.0
132,Device,Sum,Sum_2,2,5.12,2.56,5.12,2.56,1.9380687041646042e-05,0.9999090319001974,0.0,0.0
133,Device,Sum,categorical_crossentropy/weighted_loss/Sum,2,5.12,2.56,5.12,2.56,1.9380687041646042e-05,0.9999284125872391,0.0,0.0
134,Device,Cast,categorical_crossentropy/weighted_loss/num_elements/Cast,2,5.12,2.56,5.12,2.56,1.9380687041646042e-05,0.9999477932742807,0.0,0.0
135,Device,DivNoNan,div_no_nan,2,5.12,2.56,5.12,2.56,1.9380687041646042e-05,0.9999671739613224,0.0,0.0
136,Device,_Recv,Size/_16,2,3.552,1.776,3.552,1.776,1.344535163514194e-05,0.9999806193129576,0.0,0.0
137,Device,LogicalAnd,LogicalAnd,1,3.072,3.072,3.072,3.072,1.1628412224987624e-05,0.9999922477251826,0.0,0.0
138,Device,_Recv,strided_slice/_12,2,2.048,1.024,2.048,1.024,7.752274816658416e-06,0.9999999999999992,0.0,0.0
139,Host,IDLE,IDLE,0,1070313.559,0.0,1070313.559,0.0,0.0,0.0,0.9791337835464498,0.9791337835464498
140,Host,GatherV2,GatherV2,2,9567.968,4783.984,9567.968,4783.984,0.0,0.0,0.008752874921480238,0.98788665846793
141,Host,_Send,IteratorGetNext/_1,2,7144.425,3572.2125,7144.425,3572.2125,0.0,0.0,0.006535793013824507,0.9944224514817545
142,Host,_Send,IteratorGetNext/_3,2,4677.882,2338.941,4677.882,2338.941,0.0,0.0,0.004279374266661825,0.9987018257484163
143,Host,Dataset,Iterator::Root,2,931.297,465.6485,888.356,444.178,0.0,0.0,0.0008126771487683171,0.9995145028971846
144,Host,_Send,IteratorGetNext/_6,2,139.162,69.581,139.162,69.581,0.0,0.0,0.0001273068199875912,0.9996418097171722
145,Host,GatherV2,GatherV2_1,2,79.981,39.9905,79.981,39.9905,0.0,0.0,7.316743629315136e-05,0.9997149771534654
146,Host,Dataset,Iterator::Root::ParallelMapV2::Zip[1]::ForeverRepeat,2,54.961,27.4805,50.461,25.2305,0.0,0.0,4.616223856651843e-05,0.9997611393920319
147,Host,Dataset,Iterator::Root::ParallelMapV2,2,42.941,21.4705,42.941,21.4705,0.0,0.0,3.928286570390734e-05,0.9998004222577358
148,Host,IteratorGetNext,IteratorGetNext,2,42.361,21.1805,42.361,21.1805,0.0,0.0,3.875227577567403e-05,0.9998391745335115
149,Host,FlushSummaryWriter,FlushSummaryWriter,1,35.831,35.831,35.831,35.831,0.0,0.0,3.277856503194392e-05,0.9998719530985434
150,Host,LogicalAnd,LogicalAnd,1,32.71,32.71,32.71,32.71,0.0,0.0,2.9923442331916095e-05,0.9999018765408753
151,Host,WriteSummary,WriteSummary,1,24.1,24.1,24.1,24.1,0.0,0.0,2.2046926328314824e-05,0.9999239234672036
152,Host,Dataset,Iterator::Root::ParallelMapV2::Zip[0]::FlatMap[1]::Concatenate[0]::TensorSlice,2,21.651,10.8255,21.651,10.8255,0.0,0.0,1.9806556096860756e-05,0.9999437300233005
153,Host,_HostSend,categorical_crossentropy/softmax_cross_entropy_with_logits/Shape_2/_9,2,20.6,10.3,20.6,10.3,0.0,0.0,1.884509055449317e-05,0.999962575113855
154,Host,Dataset,Iterator::Root::ParallelMapV2::Zip,2,100.622,50.311,10.11,5.055,0.0,0.0,9.248731335239123e-06,0.9999718238451902
155,Host,Dataset,Iterator::Root::ParallelMapV2::Zip[0]::FlatMap[1]::Concatenate,2,31.691,15.8455,10.04,5.02,0.0,0.0,9.184694619762688e-06,0.99998100853981
156,Host,ReadVariableOp,ReadVariableOp,1,9.11,9.11,9.11,9.11,0.0,0.0,8.333921114147221e-06,0.9999893424609241
157,Host,Dataset,Iterator::Root::ParallelMapV2::Zip[1]::ForeverRepeat::FromTensor,4,4.5,1.125,4.5,1.125,0.0,0.0,4.116645994913556e-06,0.999993459106919
158,Host,Dataset,Iterator::Root::ParallelMapV2::Zip[0]::FlatMap,2,35.551,17.7755,3.86,1.93,0.0,0.0,3.5311674534147393e-06,0.9999969902743724
159,Host,Identity,Identity,2,3.29,1.645,3.29,1.645,0.0,0.0,3.0097256273923555e-06,0.9999999999999998
