Rank,Host/device,Type,Operation,#Occurrences,Total time (us),Avg. time (us),Total self-time (us),Avg. self-time (us),Total self-time on Device (%),Cumulative total-self time on Device (%),Total self-time on Host (%),Cumulative total-self time on Host (%)
1,Device,IDLE,IDLE,0,3888.69,0.0,3888.69,0.0,0.08127238434314535,0.08127238434314535,0.0,0.0
2,Device,Conv2DBackpropFilter,gradient_tape/sequential/conv2d_1/Conv2D/Conv2DBackpropFilter,2,3888.144,1944.072,3888.144,1944.072,0.08126097311678085,0.1625333574599262,0.0,0.0
3,Device,_FusedConv2D,sequential/activation_1/Relu,2,3404.813,1702.4065,3404.813,1702.4065,0.07115950892268033,0.23369286638260653,0.0,0.0
4,Device,Conv2DBackpropFilter,gradient_tape/sequential/conv2d_3/Conv2D/Conv2DBackpropFilter,2,3149.836,1574.918,3149.836,1574.918,0.06583057070886997,0.2995234370914765,0.0,0.0
5,Device,Conv2DBackpropInput,gradient_tape/sequential/conv2d_1/Conv2D/Conv2DBackpropInput,2,2664.458,1332.229,2664.458,1332.229,0.055686324865743576,0.3552097619572201,0.0,0.0
6,Device,MaxPoolGrad,gradient_tape/sequential/max_pooling2d/MaxPool/MaxPoolGrad,2,2336.777,1168.3885,2336.777,1168.3885,0.048837896172804256,0.40404765813002436,0.0,0.0
7,Device,_Send,IteratorGetNext/_1,2,2142.792,1071.396,2142.792,1071.396,0.044783671362699805,0.44883132949272414,0.0,0.0
8,Device,Conv2DBackpropInput,gradient_tape/sequential/conv2d_3/Conv2D/Conv2DBackpropInput,2,2119.688,1059.844,2119.688,1059.844,0.044300805110089284,0.4931321346028134,0.0,0.0
9,Device,_FusedConv2D,sequential/activation_3/Relu,2,1995.784,997.892,1995.784,997.892,0.04171125091326385,0.5348433855160772,0.0,0.0
10,Device,Conv2DBackpropFilter,gradient_tape/sequential/conv2d_2/Conv2D/Conv2DBackpropFilter,2,1916.935,958.4675,1916.935,958.4675,0.04006333188832932,0.5749067174044066,0.0,0.0
11,Device,ReluGrad,gradient_tape/sequential/activation/ReluGrad,2,1773.576,886.788,1773.576,886.788,0.03706717437846122,0.6119738917828678,0.0,0.0
12,Device,ReluGrad,gradient_tape/sequential/activation_1/ReluGrad,2,1692.679,846.3395,1692.679,846.3395,0.03537645280481883,0.6473503445876866,0.0,0.0
13,Device,Conv2DBackpropFilter,gradient_tape/sequential/conv2d/Conv2D/Conv2DBackpropFilter,2,1683.462,841.731,1683.462,841.731,0.03518382043595148,0.6825341650236381,0.0,0.0
14,Device,ResourceApplyGradientDescent,SGD/SGD/update_8/ResourceApplyGradientDescent,2,1501.19,750.595,1501.19,750.595,0.03137439360095209,0.7139085586245901,0.0,0.0
15,Device,Conv2DBackpropInput,gradient_tape/sequential/conv2d_2/Conv2D/Conv2DBackpropInput,2,1460.23,730.115,1460.23,730.115,0.030518342626794922,0.744426901251385,0.0,0.0
16,Device,_FusedConv2D,sequential/activation_2/Relu,2,1086.468,543.234,1086.468,543.234,0.0227068356882468,0.7671337369396318,0.0,0.0
17,Device,ReluGrad,gradient_tape/sequential/activation_2/ReluGrad,2,846.851,423.4255,846.851,423.4255,0.017698916589745387,0.7848326535293773,0.0,0.0
18,Device,ReluGrad,gradient_tape/sequential/activation_3/ReluGrad,2,800.771,400.3855,800.771,400.3855,0.01673585924381857,0.8015685127731959,0.0,0.0
19,Device,_FusedConv2D,sequential/activation/Relu,2,717.826,358.913,717.826,358.913,0.015002335121468325,0.8165708478946642,0.0,0.0
20,Device,MaxPool,sequential/max_pooling2d/MaxPool,2,688.132,344.066,688.132,344.066,0.01438173996456835,0.8309525878592325,0.0,0.0
21,Device,MaxPoolGrad,gradient_tape/sequential/max_pooling2d_1/MaxPool/MaxPoolGrad,2,626.69,313.345,626.69,313.345,0.013097621703968628,0.8440502095632012,0.0,0.0
22,Device,MatMul,gradient_tape/sequential/dense/MatMul/MatMul_1,2,607.234,303.617,607.234,303.617,0.012690997491243973,0.8567412070544452,0.0,0.0
23,Device,MatMul,gradient_tape/sequential/dense/MatMul/MatMul,2,593.924,296.962,593.924,296.962,0.012412822724006865,0.8691540297784521,0.0,0.0
24,Device,MatMul,sequential/dense/MatMul,2,556.034,278.017,556.034,278.017,0.011620933773547514,0.8807749635519997,0.0,0.0
25,Device,BiasAddGrad,gradient_tape/sequential/conv2d/BiasAdd/BiasAddGrad,2,540.675,270.3375,540.675,270.3375,0.011299935557920563,0.8920748991099202,0.0,0.0
26,Device,BiasAddGrad,gradient_tape/sequential/conv2d_1/BiasAdd/BiasAddGrad,2,537.602,268.801,537.602,268.801,0.011235710835176788,0.903310609945097,0.0,0.0
27,Device,Mul,sequential/dropout/dropout/Mul_1,2,402.434,201.217,402.434,201.217,0.008410742620458139,0.9117213525655552,0.0,0.0
28,Device,Mul,gradient_tape/sequential/dropout/dropout/Mul_1,2,387.074,193.537,387.074,193.537,0.0080897235051492,0.9198110760707044,0.0,0.0
29,Device,MaxPool,sequential/max_pooling2d_1/MaxPool,2,328.706,164.353,328.706,164.353,0.006869850866975238,0.9266809269376797,0.0,0.0
30,Device,BiasAddGrad,gradient_tape/sequential/conv2d_2/BiasAdd/BiasAddGrad,2,275.458,137.729,275.458,137.729,0.005756984600570921,0.9324379115382506,0.0,0.0
31,Device,Mul,gradient_tape/sequential/dropout/dropout/Mul,2,271.362,135.681,271.362,135.681,0.005671379503155204,0.9381092910414058,0.0,0.0
32,Device,Mul,sequential/dropout/dropout/Mul,2,269.312,134.656,269.312,134.656,0.005628535155083373,0.9437378261964892,0.0,0.0
33,Device,BiasAddGrad,gradient_tape/sequential/conv2d_3/BiasAdd/BiasAddGrad,2,262.146,131.073,262.146,131.073,0.005478768033969842,0.949216594230459,0.0,0.0
34,Device,Mul,sequential/dropout_1/dropout/Mul_1,2,186.368,93.184,186.368,93.184,0.0038950319324151097,0.9531116261628741,0.0,0.0
35,Device,Mul,gradient_tape/sequential/dropout_1/dropout/Mul_1,2,185.344,92.672,185.344,92.672,0.0038736306580611805,0.9569852568209354,0.0,0.0
36,Device,Cast,sequential/dropout/dropout/ArithmeticOptimizer/ReorderCastLikeAndValuePreserving_float_Cast,2,168.96,84.48,168.96,84.48,0.003531210268398314,0.9605164670893337,0.0,0.0
37,Device,GreaterEqual,sequential/dropout/dropout/GreaterEqual,2,165.888,82.944,165.888,82.944,0.0034670064453365262,0.9639834735346702,0.0,0.0
38,Device,RandomUniform,sequential/dropout/dropout/random_uniform/RandomUniform,2,147.458,73.729,147.458,73.729,0.0030818253063297735,0.9670652988409999,0.0,0.0
39,Device,Transpose,gradient_tape/sequential/max_pooling2d_1/MaxPool/MaxPoolGrad-2-TransposeNHWCToNCHW-LayoutOptimizer,2,131.074,65.537,131.074,65.537,0.0027394049166669073,0.9698047037576668,0.0,0.0
40,Device,Transpose,sequential/dropout_1/dropout/Mul_1-0-1-TransposeNCHWToNHWC-LayoutOptimizer,2,128.002,64.001,128.002,64.001,0.0026752010936051196,0.9724799048512719,0.0,0.0
41,Device,SoftmaxCrossEntropyWithLogits,categorical_crossentropy/softmax_cross_entropy_with_logits,2,125.952,62.976,125.952,62.976,0.0026323567455332885,0.9751122615968052,0.0,0.0
42,Device,Transpose,gradient_tape/sequential/conv2d/Conv2D/Conv2DBackpropFilter-0-TransposeNHWCToNCHW-LayoutOptimizer,2,125.952,62.976,125.952,62.976,0.0026323567455332885,0.9777446183423385,0.0,0.0
43,Device,Mul,gradient_tape/sequential/dropout_1/dropout/Mul,2,125.952,62.976,125.952,62.976,0.0026323567455332885,0.9803769750878718,0.0,0.0
44,Device,Mul,sequential/dropout_1/dropout/Mul,2,120.832,60.416,120.832,60.416,0.0025253503737636424,0.9829023254616355,0.0,0.0
45,Device,Cast,sequential/dropout_1/dropout/ArithmeticOptimizer/ReorderCastLikeAndValuePreserving_float_Cast,2,78.848,39.424,78.848,39.424,0.0016478981252525465,0.984550223586888,0.0,0.0
46,Device,GreaterEqual,sequential/dropout_1/dropout/GreaterEqual,2,78.848,39.424,78.848,39.424,0.0016478981252525465,0.9861981217121406,0.0,0.0
47,Device,Cast,sequential/dropout_1/dropout/Cast,2,77.825,38.9125,77.825,38.9125,0.0016265177505806036,0.9878246394627213,0.0,0.0
48,Device,Transpose,gradient_tape/sequential/dropout/dropout/ArithmeticOptimizer/ReorderCastLikeAndValuePreserving_bool_Mul-1-TransposeNHWCToNCHW-LayoutOptimizer,2,76.8,38.4,76.8,38.4,0.001605095576544688,0.9894297350392659,0.0,0.0
49,Device,RandomUniform,sequential/dropout_1/dropout/random_uniform/RandomUniform,2,73.728,36.864,73.728,36.864,0.0015408917534829004,0.9909706267927488,0.0,0.0
50,Device,Transpose,sequential/dropout_1/dropout/ArithmeticOptimizer/ReorderCastLikeAndValuePreserving_bool_Mul_1-0-TransposeNHWCToNCHW-LayoutOptimizer,2,40.961,20.4805,40.961,20.4805,0.0008560718738391532,0.991826698666588,0.0,0.0
51,Device,MatMul,sequential/dense_1/MatMul,2,21.504,10.752,21.504,10.752,0.0004494267614325127,0.9922761254280206,0.0,0.0
52,Device,ArgMax,ArgMax,2,20.481,10.2405,20.481,10.2405,0.00042804638676056977,0.9927041718147811,0.0,0.0
53,Device,Softmax,sequential/activation_5/Softmax,2,20.48,10.24,20.48,10.24,0.00042802548707858353,0.9931321973018596,0.0,0.0
54,Device,ArgMax,ArgMax_1,2,18.432,9.216,18.432,9.216,0.0003852229383707251,0.9935174202402304,0.0,0.0
55,Device,MatMul,gradient_tape/sequential/dense_1/MatMul/MatMul,2,14.336,7.168,14.336,7.168,0.00029961784095500844,0.9938170380811854,0.0,0.0
56,Device,MatMul,gradient_tape/sequential/dense_1/MatMul/MatMul_1,2,12.288,6.144,12.288,6.144,0.0002568152922471501,0.9940738533734326,0.0,0.0
57,Device,ResourceApplyGradientDescent,SGD/SGD/update_10/ResourceApplyGradientDescent,2,8.192,4.096,8.192,4.096,0.0001712101948314334,0.994245063568264,0.0,0.0
58,Device,ResourceApplyGradientDescent,SGD/SGD/update_2/ResourceApplyGradientDescent,2,8.192,4.096,8.192,4.096,0.0001712101948314334,0.9944162737630955,0.0,0.0
59,Device,ResourceApplyGradientDescent,SGD/SGD/update_6/ResourceApplyGradientDescent,2,8.192,4.096,8.192,4.096,0.0001712101948314334,0.994587483957927,0.0,0.0
60,Device,RandomUniform,sequential/dropout_2/dropout/random_uniform/RandomUniform,2,8.192,4.096,8.192,4.096,0.0001712101948314334,0.9947586941527584,0.0,0.0
61,Device,ResourceApplyGradientDescent,SGD/SGD/update_4/ResourceApplyGradientDescent,2,7.168,3.584,7.168,3.584,0.00014980892047750422,0.994908503073236,0.0,0.0
62,Device,ResourceApplyGradientDescent,SGD/SGD/update_9/ResourceApplyGradientDescent,2,7.168,3.584,7.168,3.584,0.00014980892047750422,0.9950583119937135,0.0,0.0
63,Device,Sum,Sum_2,2,7.168,3.584,7.168,3.584,0.00014980892047750422,0.9952081209141911,0.0,0.0
64,Device,Mul,gradient_tape/sequential/dropout_2/dropout/Mul_1,2,7.168,3.584,7.168,3.584,0.00014980892047750422,0.9953579298346686,0.0,0.0
65,Device,BiasAdd,sequential/dense/BiasAdd,2,7.168,3.584,7.168,3.584,0.00014980892047750422,0.9955077387551462,0.0,0.0
66,Device,AssignAddVariableOp,AssignAddVariableOp_1,2,6.144,3.072,6.144,3.072,0.00012840764612357506,0.9956361464012697,0.0,0.0
67,Device,AssignAddVariableOp,AssignAddVariableOp_3,2,6.144,3.072,6.144,3.072,0.00012840764612357506,0.9957645540473933,0.0,0.0
68,Device,AssignAddVariableOp,AssignAddVariableOp_4,2,6.144,3.072,6.144,3.072,0.00012840764612357506,0.9958929616935168,0.0,0.0
69,Device,Cast,Cast,2,6.144,3.072,6.144,3.072,0.00012840764612357506,0.9960213693396404,0.0,0.0
70,Device,_Send,IteratorGetNext/_3,2,6.144,3.072,6.144,3.072,0.00012840764612357506,0.9961497769857639,0.0,0.0
71,Device,AssignAddVariableOp,SGD/SGD/AssignAddVariableOp,2,6.144,3.072,6.144,3.072,0.00012840764612357506,0.9962781846318874,0.0,0.0
72,Device,ResourceApplyGradientDescent,SGD/SGD/update/ResourceApplyGradientDescent,2,6.144,3.072,6.144,3.072,0.00012840764612357506,0.996406592278011,0.0,0.0
73,Device,ResourceApplyGradientDescent,SGD/SGD/update_1/ResourceApplyGradientDescent,2,6.144,3.072,6.144,3.072,0.00012840764612357506,0.9965349999241345,0.0,0.0
74,Device,ResourceApplyGradientDescent,SGD/SGD/update_3/ResourceApplyGradientDescent,2,6.144,3.072,6.144,3.072,0.00012840764612357506,0.9966634075702581,0.0,0.0
75,Device,ResourceApplyGradientDescent,SGD/SGD/update_5/ResourceApplyGradientDescent,2,6.144,3.072,6.144,3.072,0.00012840764612357506,0.9967918152163816,0.0,0.0
76,Device,ResourceApplyGradientDescent,SGD/SGD/update_7/ResourceApplyGradientDescent,2,6.144,3.072,6.144,3.072,0.00012840764612357506,0.9969202228625051,0.0,0.0
77,Device,Mul,gradient_tape/categorical_crossentropy/softmax_cross_entropy_with_logits/mul,2,6.144,3.072,6.144,3.072,0.00012840764612357506,0.9970486305086287,0.0,0.0
78,Device,Tile,gradient_tape/categorical_crossentropy/weighted_loss/Tile_1,2,6.144,3.072,6.144,3.072,0.00012840764612357506,0.9971770381547522,0.0,0.0
79,Device,ReluGrad,gradient_tape/sequential/activation_4/ReluGrad,2,6.144,3.072,6.144,3.072,0.00012840764612357506,0.9973054458008758,0.0,0.0
80,Device,BiasAddGrad,gradient_tape/sequential/dense/BiasAdd/BiasAddGrad,2,6.144,3.072,6.144,3.072,0.00012840764612357506,0.9974338534469993,0.0,0.0
81,Device,BiasAddGrad,gradient_tape/sequential/dense_1/BiasAdd/BiasAddGrad,2,6.144,3.072,6.144,3.072,0.00012840764612357506,0.9975622610931228,0.0,0.0
82,Device,Relu,sequential/activation_4/Relu,2,6.144,3.072,6.144,3.072,0.00012840764612357506,0.9976906687392464,0.0,0.0
83,Device,BiasAdd,sequential/dense_1/BiasAdd,2,6.144,3.072,6.144,3.072,0.00012840764612357506,0.9978190763853699,0.0,0.0
84,Device,GreaterEqual,sequential/dropout_2/dropout/GreaterEqual,2,6.144,3.072,6.144,3.072,0.00012840764612357506,0.9979474840314935,0.0,0.0
85,Device,Mul,sequential/dropout_2/dropout/Mul,2,6.144,3.072,6.144,3.072,0.00012840764612357506,0.998075891677617,0.0,0.0
86,Device,Mul,sequential/dropout_2/dropout/Mul_1,2,6.144,3.072,6.144,3.072,0.00012840764612357506,0.9982042993237406,0.0,0.0
87,Device,_Recv,categorical_crossentropy/weighted_loss/num_elements/_14,2,5.632,2.816,5.632,2.816,0.00011770700894661045,0.9983220063326872,0.0,0.0
88,Device,AssignAddVariableOp,AssignAddVariableOp,2,5.12,2.56,5.12,2.56,0.00010700637176964588,0.9984290127044568,0.0,0.0
89,Device,AssignAddVariableOp,AssignAddVariableOp_2,2,5.12,2.56,5.12,2.56,0.00010700637176964588,0.9985360190762265,0.0,0.0
90,Device,Mul,Mul,2,5.12,2.56,5.12,2.56,0.00010700637176964588,0.9986430254479961,0.0,0.0
91,Device,ResourceApplyGradientDescent,SGD/SGD/update_11/ResourceApplyGradientDescent,2,5.12,2.56,5.12,2.56,0.00010700637176964588,0.9987500318197657,0.0,0.0
92,Device,DivNoNan,categorical_crossentropy/weighted_loss/value,2,5.12,2.56,5.12,2.56,0.00010700637176964588,0.9988570381915354,0.0,0.0
93,Device,DivNoNan,div_no_nan,2,5.12,2.56,5.12,2.56,0.00010700637176964588,0.998964044563305,0.0,0.0
94,Device,DivNoNan,div_no_nan_1,2,5.12,2.56,5.12,2.56,0.00010700637176964588,0.9990710509350746,0.0,0.0
95,Device,DivNoNan,gradient_tape/categorical_crossentropy/weighted_loss/value/div_no_nan,2,5.12,2.56,5.12,2.56,0.00010700637176964588,0.9991780573068443,0.0,0.0
96,Device,Mul,gradient_tape/sequential/dropout_2/dropout/Mul,2,5.12,2.56,5.12,2.56,0.00010700637176964588,0.9992850636786139,0.0,0.0
97,Device,Cast,sequential/dropout_2/dropout/Cast,2,5.12,2.56,5.12,2.56,0.00010700637176964588,0.9993920700503836,0.0,0.0
98,Device,Cast,Cast_1,2,4.096,2.048,4.096,2.048,8.56050974157167e-05,0.9994776751477993,0.0,0.0
99,Device,Cast,Cast_2,2,4.096,2.048,4.096,2.048,8.56050974157167e-05,0.999563280245215,0.0,0.0
100,Device,Equal,Equal,2,4.096,2.048,4.096,2.048,8.56050974157167e-05,0.9996488853426307,0.0,0.0
101,Device,Sum,categorical_crossentropy/weighted_loss/Sum,2,4.096,2.048,4.096,2.048,8.56050974157167e-05,0.9997344904400465,0.0,0.0
102,Device,Cast,categorical_crossentropy/weighted_loss/num_elements/Cast,2,4.096,2.048,4.096,2.048,8.56050974157167e-05,0.9998200955374622,0.0,0.0
103,Device,_Recv,Size/_16,2,3.52,1.76,3.52,1.76,7.356688059163153e-05,0.9998936624180539,0.0,0.0
104,Device,LogicalAnd,LogicalAnd,1,3.072,3.072,3.072,3.072,6.420382306178753e-05,0.9999578662411157,0.0,0.0
105,Device,_Recv,strided_slice/_12,2,2.016,1.008,2.016,1.008,4.2133758884298065e-05,1.0,0.0,0.0
106,Host,IDLE,IDLE,0,164407.933,0.0,164407.933,0.0,0.0,0.0,0.9167159475290642,0.9167159475290642
107,Host,GatherV2,GatherV2,2,7457.959,3728.9795,7457.959,3728.9795,0.0,0.0,0.04158455024988309,0.9583004977789472
108,Host,_Send,IteratorGetNext/_6,2,3313.286,1656.643,3313.286,1656.643,0.0,0.0,0.018474425531064754,0.9767749233100119
109,Host,_Send,IteratorGetNext/_1,2,2459.902,1229.951,2459.902,1229.951,0.0,0.0,0.013716074106707736,0.9904909974167196
110,Host,_Send,IteratorGetNext/_3,2,1283.172,641.586,1283.172,641.586,0.0,0.0,0.007154790005314187,0.9976457874220338
111,Host,Dataset,Iterator::Root::ParallelMapV2,2,89.631,44.8155,89.631,44.8155,0.0,0.0,0.0004997700876938679,0.9981455575097277
112,Host,Dataset,Iterator::Root::ParallelMapV2::Zip[1]::ForeverRepeat,2,52.35,26.175,48.44,24.22,0.0,0.0,0.00027009475569714675,0.9984156522654248
113,Host,GatherV2,GatherV2_1,2,46.59,23.295,46.59,23.295,0.0,0.0,0.0002597794109812153,0.998675431676406
114,Host,FlushSummaryWriter,FlushSummaryWriter,1,39.071,39.071,39.071,39.071,0.0,0.0,0.0002178545045384645,0.9988932861809445
115,Host,IteratorGetNext,IteratorGetNext,2,34.69,17.345,34.69,17.345,0.0,0.0,0.000193426653078737,0.9990867128340233
116,Host,Dataset,Iterator::Root,2,120.211,60.1055,30.58,15.29,0.0,0.0,0.00017050986022334324,0.9992572226942467
117,Host,LogicalAnd,LogicalAnd,1,29.49,29.49,29.49,29.49,0.0,0.0,0.0001644321706339566,0.9994216548648807
118,Host,WriteSummary,WriteSummary,1,21.47,21.47,21.47,21.47,0.0,0.0,0.00011971375732489142,0.9995413686222056
119,Host,Dataset,Iterator::Root::ParallelMapV2::Zip[0]::FlatMap[1]::Concatenate[0]::TensorSlice,2,21.43,10.715,21.43,10.715,0.0,0.0,0.00011949072284454696,0.9996608593450501
120,Host,Dataset,Iterator::Root::ParallelMapV2::Zip,2,112.753,56.3765,18.362,9.181,0.0,0.0,0.00010238397820212652,0.9997632433232523
121,Host,Dataset,Iterator::Root::ParallelMapV2::Zip[0]::FlatMap[1]::Concatenate,2,38.55,19.275,17.12,8.56,0.0,0.0,9.54587575874309e-05,0.9998587020808397
122,Host,_HostSend,categorical_crossentropy/softmax_cross_entropy_with_logits/Shape_2/_9,2,9.88,4.94,9.88,4.94,0.0,0.0,5.508951664508279e-05,0.9999137915974848
123,Host,ReadVariableOp,ReadVariableOp,1,5.58,5.58,5.58,5.58,0.0,0.0,3.111331000805283e-05,0.9999449049074929
124,Host,Dataset,Iterator::Root::ParallelMapV2::Zip[1]::ForeverRepeat::FromTensor,4,3.91,0.9775,3.91,0.9775,0.0,0.0,2.1801620453671425e-05,0.9999667065279465
125,Host,Dataset,Iterator::Root::ParallelMapV2::Zip[0]::FlatMap,2,42.041,21.0205,3.491,1.7455,0.0,0.0,1.946533427206316e-05,0.9999861718622186
126,Host,Identity,Identity,2,2.48,1.24,2.48,1.24,0.0,0.0,1.3828137781356811e-05,1.0
