Rank,Host/device,Type,Operation,#Occurrences,Total time (us),Avg. time (us),Total self-time (us),Avg. self-time (us),Total self-time on Device (%),Cumulative total-self time on Device (%),Total self-time on Host (%),Cumulative total-self time on Host (%)
1,Device,IDLE,IDLE,0,6057.793,0.0,6057.793,0.0,0.24966794635821632,0.24966794635821632,0.0,0.0
2,Device,ResourceApplyGradientDescent,SGD/SGD/update_34/ResourceApplyGradientDescent,2,835.589,417.7945,835.589,417.7945,0.03443824997478713,0.28410619633300344,0.0,0.0
3,Device,Conv2DBackpropFilter,gradient_tape/sequential/conv2d_11/Conv2D/Conv2DBackpropFilter,2,652.291,326.1455,652.291,326.1455,0.026883743699718247,0.3109899400327217,0.0,0.0
4,Device,Conv2DBackpropFilter,gradient_tape/sequential/conv2d_9/Conv2D/Conv2DBackpropFilter,2,648.195,324.0975,648.195,324.0975,0.026714929759016865,0.3377048697917385,0.0,0.0
5,Device,Conv2DBackpropFilter,gradient_tape/sequential/conv2d_10/Conv2D/Conv2DBackpropFilter,2,642.051,321.0255,642.051,321.0255,0.02646170884796479,0.3641665786397033,0.0,0.0
6,Device,Conv2DBackpropFilter,gradient_tape/sequential/conv2d_14/Conv2D/Conv2DBackpropFilter,2,572.419,286.2095,572.419,286.2095,0.023591871856041273,0.3877584504957446,0.0,0.0
7,Device,Conv2DBackpropFilter,gradient_tape/sequential/conv2d_15/Conv2D/Conv2DBackpropFilter,2,565.251,282.6255,565.251,282.6255,0.02329644745981385,0.41105489795555844,0.0,0.0
8,Device,Conv2DBackpropFilter,gradient_tape/sequential/conv2d_12/Conv2D/Conv2DBackpropFilter,2,561.155,280.5775,561.155,280.5775,0.02312763351911247,0.4341825314746709,0.0,0.0
9,Device,Conv2DBackpropFilter,gradient_tape/sequential/conv2d_13/Conv2D/Conv2DBackpropFilter,2,561.155,280.5775,561.155,280.5775,0.02312763351911247,0.45731016499378335,0.0,0.0
10,Device,Conv2DBackpropInput,gradient_tape/sequential/conv2d_11/Conv2D/Conv2DBackpropInput,4,430.083,107.52075,430.083,107.52075,0.017725587416668208,0.47503575241045154,0.0,0.0
11,Device,Conv2DBackpropInput,gradient_tape/sequential/conv2d_9/Conv2D/Conv2DBackpropInput,4,430.082,107.5205,430.082,107.5205,0.017725546202327216,0.49276129861277873,0.0,0.0
12,Device,Conv2DBackpropInput,gradient_tape/sequential/conv2d_10/Conv2D/Conv2DBackpropInput,4,429.059,107.26475,429.059,107.26475,0.017683383931492862,0.5104446825442716,0.0,0.0
13,Device,Conv2DBackpropInput,gradient_tape/sequential/conv2d_14/Conv2D/Conv2DBackpropInput,4,427.01,106.7525,427.01,106.7525,0.01759893574680118,0.5280436182910727,0.0,0.0
14,Device,Conv2DBackpropInput,gradient_tape/sequential/conv2d_15/Conv2D/Conv2DBackpropInput,4,425.987,106.49675,425.987,106.49675,0.017556773475966826,0.5456003917670396,0.0,0.0
15,Device,Conv2DBackpropInput,gradient_tape/sequential/conv2d_12/Conv2D/Conv2DBackpropInput,4,424.962,106.2405,424.962,106.2405,0.017514528776450485,0.56311492054349,0.0,0.0
16,Device,Conv2DBackpropInput,gradient_tape/sequential/conv2d_13/Conv2D/Conv2DBackpropInput,4,421.89,105.4725,421.89,105.4725,0.01738791832092445,0.5805028388644144,0.0,0.0
17,Device,_FusedConv2D,sequential/conv2d_11/Relu,4,356.355,89.08875,356.355,89.08875,0.014686936484043312,0.5951897753484577,0.0,0.0
18,Device,_FusedConv2D,sequential/conv2d_10/Relu,4,355.33,88.8325,355.33,88.8325,0.014644691784526973,0.6098344671329847,0.0,0.0
19,Device,_FusedConv2D,sequential/conv2d_9/Relu,4,355.328,88.832,355.328,88.832,0.01464460935584499,0.6244790764888297,0.0,0.0
20,Device,_FusedConv2D,sequential/conv2d_12/Relu,4,347.138,86.7845,347.138,86.7845,0.014307063903124206,0.6387861403919539,0.0,0.0
21,Device,_FusedConv2D,sequential/conv2d_13/Relu,4,345.09,86.2725,345.09,86.2725,0.014222656932773515,0.6530087973247274,0.0,0.0
22,Device,_FusedConv2D,sequential/conv2d_15/Relu,4,345.09,86.2725,345.09,86.2725,0.014222656932773515,0.6672314542575009,0.0,0.0
23,Device,_FusedConv2D,sequential/conv2d_14/Relu,4,342.018,85.5045,342.018,85.5045,0.014096046477247477,0.6813275007347483,0.0,0.0
24,Device,MatMul,gradient_tape/sequential/dense_1/MatMul/MatMul,2,321.538,160.769,321.538,160.769,0.013251976773740563,0.6945794775084889,0.0,0.0
25,Device,MatMul,sequential/dense_1/MatMul,2,297.985,148.9925,297.985,148.9925,0.012281255400366618,0.7068607329088555,0.0,0.0
26,Device,MatMul,gradient_tape/sequential/dense_1/MatMul/MatMul_1,2,287.746,143.873,287.746,143.873,0.01185926176295415,0.7187199946718097,0.0,0.0
27,Device,_FusedConv2D,sequential/conv2d_8/Relu,4,275.459,68.86475,275.459,68.86475,0.011352861155190993,0.7300728558270007,0.0,0.0
28,Device,Conv2DBackpropInput,gradient_tape/sequential/conv2d_8/Conv2D/Conv2DBackpropInput,2,239.617,119.8085,239.617,119.8085,0.009875656745371907,0.7399485125723726,0.0,0.0
29,Device,Conv2DBackpropFilter,gradient_tape/sequential/conv2d_1/Conv2D/Conv2DBackpropFilter,4,228.352,57.088,228.352,57.088,0.009411377194102111,0.7493598897664747,0.0,0.0
30,Device,_FusedConv2D,sequential/conv2d_7/Relu,2,205.824,102.912,205.824,102.912,0.008482900520244505,0.7578427902867192,0.0,0.0
31,Device,Conv2DBackpropFilter,gradient_tape/sequential/conv2d_5/Conv2D/Conv2DBackpropFilter,2,204.801,102.4005,204.801,102.4005,0.00844073824941015,0.7662835285361294,0.0,0.0
32,Device,Conv2DBackpropFilter,gradient_tape/sequential/conv2d_6/Conv2D/Conv2DBackpropFilter,2,204.801,102.4005,204.801,102.4005,0.00844073824941015,0.7747242667855395,0.0,0.0
33,Device,Conv2DBackpropFilter,gradient_tape/sequential/conv2d_7/Conv2D/Conv2DBackpropFilter,2,203.777,101.8885,203.777,101.8885,0.008398534764234803,0.7831228015497743,0.0,0.0
34,Device,_FusedConv2D,sequential/conv2d_5/Relu,2,199.682,99.841,199.682,99.841,0.008229762037874412,0.7913525635876487,0.0,0.0
35,Device,_FusedConv2D,sequential/conv2d_6/Relu,2,195.585,97.7925,195.585,97.7925,0.008060906882832038,0.7994134704704807,0.0,0.0
36,Device,Conv2DBackpropInput,gradient_tape/sequential/conv2d_6/Conv2D/Conv2DBackpropInput,2,191.489,95.7445,191.489,95.7445,0.007892092942130655,0.8073055634126114,0.0,0.0
37,Device,Conv2DBackpropInput,gradient_tape/sequential/conv2d_5/Conv2D/Conv2DBackpropInput,2,188.417,94.2085,188.417,94.2085,0.0077654824866046175,0.815071045899216,0.0,0.0
38,Device,Conv2DBackpropInput,gradient_tape/sequential/conv2d_7/Conv2D/Conv2DBackpropInput,2,187.393,93.6965,187.393,93.6965,0.007723279001429272,0.8227943249006452,0.0,0.0
39,Device,Conv2DBackpropFilter,gradient_tape/sequential/conv2d_3/Conv2D/Conv2DBackpropFilter,2,177.153,88.5765,177.153,88.5765,0.0073012441496758135,0.830095569050321,0.0,0.0
40,Device,Conv2DBackpropFilter,gradient_tape/sequential/conv2d_8/Conv2D/Conv2DBackpropFilter,2,175.105,87.5525,175.105,87.5525,0.007216837179325122,0.8373124062296461,0.0,0.0
41,Device,Conv2DBackpropFilter,gradient_tape/sequential/conv2d_2/Conv2D/Conv2DBackpropFilter,2,152.576,76.288,152.576,76.288,0.006288319291126523,0.8436007255207726,0.0,0.0
42,Device,Conv2DBackpropInput,gradient_tape/sequential/conv2d_1/Conv2D/Conv2DBackpropInput,2,132.097,66.0485,132.097,66.0485,0.0054442908019605996,0.8490450163227332,0.0,0.0
43,Device,Conv2DBackpropFilter,gradient_tape/sequential/conv2d_4/Conv2D/Conv2DBackpropFilter,2,129.024,64.512,129.024,64.512,0.00531763913209357,0.8543626554548268,0.0,0.0
44,Device,Conv2DBackpropInput,gradient_tape/sequential/conv2d_4/Conv2D/Conv2DBackpropInput,2,126.977,63.4885,126.977,63.4885,0.00523327337608387,0.8595959288309107,0.0,0.0
45,Device,_FusedConv2D,sequential/conv2d_1/Relu,2,126.977,63.4885,126.977,63.4885,0.00523327337608387,0.8648292022069947,0.0,0.0
46,Device,_FusedConv2D,sequential/conv2d_3/Relu,2,119.809,59.9045,119.809,59.9045,0.004937848979856449,0.8697670511868512,0.0,0.0
47,Device,Conv2DBackpropInput,gradient_tape/sequential/conv2d_3/Conv2D/Conv2DBackpropInput,2,118.784,59.392,118.784,59.392,0.004895604280340113,0.8746626554671912,0.0,0.0
48,Device,ResourceApplyGradientDescent,SGD/SGD/update_22/ResourceApplyGradientDescent,2,116.736,58.368,116.736,58.368,0.004811197309989421,0.8794738527771807,0.0,0.0
49,Device,_FusedConv2D,sequential/conv2d_4/Relu,2,115.713,57.8565,115.713,57.8565,0.004769035039155066,0.8842428878163358,0.0,0.0
50,Device,ResourceApplyGradientDescent,SGD/SGD/update_20/ResourceApplyGradientDescent,2,115.712,57.856,115.712,57.856,0.004768993824814075,0.8890118816411499,0.0,0.0
51,Device,ResourceApplyGradientDescent,SGD/SGD/update_18/ResourceApplyGradientDescent,2,114.689,57.3445,114.689,57.3445,0.0047268315539797205,0.8937387131951295,0.0,0.0
52,Device,ResourceApplyGradientDescent,SGD/SGD/update_24/ResourceApplyGradientDescent,2,112.641,56.3205,112.641,56.3205,0.004642424583629029,0.8983811377787586,0.0,0.0
53,Device,ResourceApplyGradientDescent,SGD/SGD/update_28/ResourceApplyGradientDescent,2,112.641,56.3205,112.641,56.3205,0.004642424583629029,0.9030235623623877,0.0,0.0
54,Device,ResourceApplyGradientDescent,SGD/SGD/update_26/ResourceApplyGradientDescent,2,111.617,55.8085,111.617,55.8085,0.004600221098453683,0.9076237834608414,0.0,0.0
55,Device,ResourceApplyGradientDescent,SGD/SGD/update_30/ResourceApplyGradientDescent,2,111.616,55.808,111.616,55.808,0.004600179884112691,0.912223963344954,0.0,0.0
56,Device,Conv2DBackpropFilter,gradient_tape/sequential/conv2d/Conv2D/Conv2DBackpropFilter,4,103.425,25.85625,103.425,25.85625,0.004262593217050917,0.916486556562005,0.0,0.0
57,Device,ResourceApplyGradientDescent,SGD/SGD/update_32/ResourceApplyGradientDescent,2,98.304,49.152,98.304,49.152,0.0040515345768331965,0.9205380911388381,0.0,0.0
58,Device,SoftmaxCrossEntropyWithLogits,categorical_crossentropy/softmax_cross_entropy_with_logits,2,95.233,47.6165,95.233,47.6165,0.003924965335648151,0.9244630564744862,0.0,0.0
59,Device,_FusedConv2D,sequential/conv2d_2/Relu,2,76.801,38.4005,76.801,38.4005,0.003165302602491926,0.9276283590769782,0.0,0.0
60,Device,Conv2DBackpropInput,gradient_tape/sequential/conv2d_2/Conv2D/Conv2DBackpropInput,2,72.705,36.3525,72.705,36.3525,0.0029964886617905428,0.9306248477387687,0.0,0.0
61,Device,MatMul,gradient_tape/sequential/dense/MatMul/MatMul,2,64.513,32.2565,64.513,32.2565,0.002658860780387777,0.9332837085191565,0.0,0.0
62,Device,ResourceApplyGradientDescent,SGD/SGD/update_16/ResourceApplyGradientDescent,2,56.321,28.1605,56.321,28.1605,0.00232123289898501,0.9356049414181415,0.0,0.0
63,Device,ReluGrad,gradient_tape/sequential/conv2d/ReluGrad,2,53.248,26.624,53.248,26.624,0.0021945812291179812,0.9377995226472595,0.0,0.0
64,Device,_FusedConv2D,sequential/conv2d/Relu,2,51.2,25.6,51.2,25.6,0.00211017425876729,0.9399096969060268,0.0,0.0
65,Device,MatMul,sequential/dense/MatMul,2,51.2,25.6,51.2,25.6,0.00211017425876729,0.942019871164794,0.0,0.0
66,Device,MaxPoolGrad,gradient_tape/sequential/max_pooling2d_3/MaxPool/MaxPoolGrad,2,49.152,24.576,49.152,24.576,0.0020257672884165983,0.9440456384532107,0.0,0.0
67,Device,MaxPoolGrad,gradient_tape/sequential/max_pooling2d_4/MaxPool/MaxPoolGrad,2,46.081,23.0405,46.081,23.0405,0.0018991980472315524,0.9459448365004423,0.0,0.0
68,Device,MaxPoolGrad,gradient_tape/sequential/max_pooling2d/MaxPool/MaxPoolGrad,2,45.056,22.528,45.056,22.528,0.0018569533477152149,0.9478017898481574,0.0,0.0
69,Device,MatMul,gradient_tape/sequential/dense/MatMul/MatMul_1,2,43.008,21.504,43.008,21.504,0.0017725463773645234,0.949574336225522,0.0,0.0
70,Device,ReluGrad,gradient_tape/sequential/conv2d_1/ReluGrad,2,40.96,20.48,40.96,20.48,0.0016881394070138317,0.9512624756325359,0.0,0.0
71,Device,ResourceApplyGradientDescent,SGD/SGD/update_10/ResourceApplyGradientDescent,2,34.816,17.408,34.816,17.408,0.001434918495961757,0.9526973941284976,0.0,0.0
72,Device,ResourceApplyGradientDescent,SGD/SGD/update_12/ResourceApplyGradientDescent,2,33.793,16.8965,33.793,16.8965,0.0013927562251274026,0.954090150353625,0.0,0.0
73,Device,ResourceApplyGradientDescent,SGD/SGD/update_14/ResourceApplyGradientDescent,2,33.793,16.8965,33.793,16.8965,0.0013927562251274026,0.9554829065787523,0.0,0.0
74,Device,BiasAddGrad,gradient_tape/sequential/conv2d/BiasAdd/BiasAddGrad,2,30.72,15.36,30.72,15.36,0.0012661045552603738,0.9567490111340127,0.0,0.0
75,Device,BiasAddGrad,gradient_tape/sequential/conv2d_1/BiasAdd/BiasAddGrad,2,30.72,15.36,30.72,15.36,0.0012661045552603738,0.958015115689273,0.0,0.0
76,Device,ReluGrad,gradient_tape/sequential/conv2d_2/ReluGrad,2,30.72,15.36,30.72,15.36,0.0012661045552603738,0.9592812202445333,0.0,0.0
77,Device,MaxPoolGrad,gradient_tape/sequential/max_pooling2d_2/MaxPool/MaxPoolGrad,2,30.72,15.36,30.72,15.36,0.0012661045552603738,0.9605473247997937,0.0,0.0
78,Device,MaxPoolGrad,gradient_tape/sequential/max_pooling2d_1/MaxPool/MaxPoolGrad,2,24.576,12.288,24.576,12.288,0.0010128836442082991,0.9615602084440019,0.0,0.0
79,Device,BiasAddGrad,gradient_tape/sequential/conv2d_2/BiasAdd/BiasAddGrad,2,23.553,11.7765,23.553,11.7765,0.0009707213733739448,0.9625309298173759,0.0,0.0
80,Device,BiasAddGrad,gradient_tape/sequential/conv2d_3/BiasAdd/BiasAddGrad,2,22.529,11.2645,22.529,11.2645,0.000928517888198599,0.9634594477055745,0.0,0.0
81,Device,BiasAddGrad,gradient_tape/sequential/conv2d_12/BiasAdd/BiasAddGrad,2,22.528,11.264,22.528,11.264,0.0009284766738576074,0.9643879243794321,0.0,0.0
82,Device,BiasAddGrad,gradient_tape/sequential/conv2d_13/BiasAdd/BiasAddGrad,2,22.528,11.264,22.528,11.264,0.0009284766738576074,0.9653164010532898,0.0,0.0
83,Device,BiasAddGrad,gradient_tape/sequential/conv2d_14/BiasAdd/BiasAddGrad,2,22.528,11.264,22.528,11.264,0.0009284766738576074,0.9662448777271474,0.0,0.0
84,Device,BiasAddGrad,gradient_tape/sequential/conv2d_15/BiasAdd/BiasAddGrad,2,22.528,11.264,22.528,11.264,0.0009284766738576074,0.967173354401005,0.0,0.0
85,Device,MatMul,sequential/dense_2/MatMul,2,22.528,11.264,22.528,11.264,0.0009284766738576074,0.9681018310748627,0.0,0.0
86,Device,Softmax,sequential/dense_2/Softmax,2,20.48,10.24,20.48,10.24,0.0008440697035069158,0.9689459007783696,0.0,0.0
87,Device,MaxPool,sequential/max_pooling2d/MaxPool,2,19.457,9.7285,19.457,9.7285,0.0008019074326725617,0.9697478082110422,0.0,0.0
88,Device,ReluGrad,gradient_tape/sequential/conv2d_3/ReluGrad,2,18.432,9.216,18.432,9.216,0.0007596627331562242,0.9705074709441984,0.0,0.0
89,Device,_Send,IteratorGetNext/_1,1,17.536,17.536,17.536,17.536,0.0007227346836277968,0.9712302056278262,0.0,0.0
90,Device,BiasAddGrad,gradient_tape/sequential/conv2d_5/BiasAdd/BiasAddGrad,2,17.408,8.704,17.408,8.704,0.0007174592479808785,0.9719476648758071,0.0,0.0
91,Device,BiasAddGrad,gradient_tape/sequential/conv2d_6/BiasAdd/BiasAddGrad,2,17.408,8.704,17.408,8.704,0.0007174592479808785,0.9726651241237879,0.0,0.0
92,Device,_Recv,IteratorGetNext/_2,1,17.088,17.088,17.088,17.088,0.0007042706588635829,0.9733693947826515,0.0,0.0
93,Device,BiasAddGrad,gradient_tape/sequential/conv2d_9/BiasAdd/BiasAddGrad,2,16.385,8.1925,16.385,8.1925,0.0006752969771465243,0.974044691759798,0.0,0.0
94,Device,BiasAddGrad,gradient_tape/sequential/conv2d_11/BiasAdd/BiasAddGrad,2,16.384,8.192,16.384,8.192,0.0006752557628055328,0.9747199475226036,0.0,0.0
95,Device,BiasAddGrad,gradient_tape/sequential/conv2d_8/BiasAdd/BiasAddGrad,2,16.384,8.192,16.384,8.192,0.0006752557628055328,0.9753952032854092,0.0,0.0
96,Device,ResourceApplyGradientDescent,SGD/SGD/update_8/ResourceApplyGradientDescent,2,15.361,7.6805,15.361,7.6805,0.0006330934919711785,0.9760282967773803,0.0,0.0
97,Device,BiasAddGrad,gradient_tape/sequential/conv2d_10/BiasAdd/BiasAddGrad,2,15.36,7.68,15.36,7.68,0.0006330522776301869,0.9766613490550106,0.0,0.0
98,Device,BiasAddGrad,gradient_tape/sequential/conv2d_7/BiasAdd/BiasAddGrad,2,15.36,7.68,15.36,7.68,0.0006330522776301869,0.9772944013326408,0.0,0.0
99,Device,BiasAddGrad,gradient_tape/sequential/conv2d_4/BiasAdd/BiasAddGrad,2,14.336,7.168,14.336,7.168,0.0005908487924548412,0.9778852501250956,0.0,0.0
100,Device,ReluGrad,gradient_tape/sequential/conv2d_4/ReluGrad,2,13.313,6.6565,13.313,6.6565,0.0005486865216204869,0.9784339366467161,0.0,0.0
101,Device,ReluGrad,gradient_tape/sequential/conv2d_5/ReluGrad,2,13.312,6.656,13.312,6.656,0.0005486453072794953,0.9789825819539956,0.0,0.0
102,Device,ReluGrad,gradient_tape/sequential/conv2d_6/ReluGrad,2,13.312,6.656,13.312,6.656,0.0005486453072794953,0.9795312272612751,0.0,0.0
103,Device,ResourceApplyGradientDescent,SGD/SGD/update_6/ResourceApplyGradientDescent,2,12.288,6.144,12.288,6.144,0.0005064418221041496,0.9800376690833792,0.0,0.0
104,Device,ReluGrad,gradient_tape/sequential/conv2d_10/ReluGrad,2,12.288,6.144,12.288,6.144,0.0005064418221041496,0.9805441109054833,0.0,0.0
105,Device,ReluGrad,gradient_tape/sequential/conv2d_8/ReluGrad,2,12.288,6.144,12.288,6.144,0.0005064418221041496,0.9810505527275875,0.0,0.0
106,Device,ReluGrad,gradient_tape/sequential/conv2d_9/ReluGrad,2,12.288,6.144,12.288,6.144,0.0005064418221041496,0.9815569945496916,0.0,0.0
107,Device,MatMul,gradient_tape/sequential/dense_2/MatMul/MatMul,2,12.288,6.144,12.288,6.144,0.0005064418221041496,0.9820634363717957,0.0,0.0
108,Device,ResourceApplyGradientDescent,SGD/SGD/update_4/ResourceApplyGradientDescent,2,11.264,5.632,11.264,5.632,0.0004642383369288037,0.9825276747087245,0.0,0.0
109,Device,Transpose,gradient_tape/sequential/conv2d/Conv2D/Conv2DBackpropFilter-0-TransposeNHWCToNCHW-LayoutOptimizer,2,10.24,5.12,10.24,5.12,0.0004220348517534579,0.9829497095604779,0.0,0.0
110,Device,MatMul,gradient_tape/sequential/dense_2/MatMul/MatMul_1,2,10.24,5.12,10.24,5.12,0.0004220348517534579,0.9833717444122313,0.0,0.0
111,Device,MaxPool,sequential/max_pooling2d_1/MaxPool,2,10.24,5.12,10.24,5.12,0.0004220348517534579,0.9837937792639847,0.0,0.0
112,Device,BiasAddGrad,gradient_tape/sequential/dense/BiasAdd/BiasAddGrad,2,9.216,4.608,9.216,4.608,0.0003798313665781121,0.9841736106305629,0.0,0.0
113,Device,BiasAddGrad,gradient_tape/sequential/dense_1/BiasAdd/BiasAddGrad,2,9.216,4.608,9.216,4.608,0.0003798313665781121,0.984553441997141,0.0,0.0
114,Device,ReluGrad,gradient_tape/sequential/conv2d_14/ReluGrad,2,8.193,4.0965,8.193,4.0965,0.0003376690957437579,0.9848911110928847,0.0,0.0
115,Device,ResourceApplyGradientDescent,SGD/SGD/update_11/ResourceApplyGradientDescent,2,8.192,4.096,8.192,4.096,0.0003376278814027664,0.9852287389742875,0.0,0.0
116,Device,ResourceApplyGradientDescent,SGD/SGD/update_2/ResourceApplyGradientDescent,2,8.192,4.096,8.192,4.096,0.0003376278814027664,0.9855663668556903,0.0,0.0
117,Device,ResourceApplyGradientDescent,SGD/SGD/update_21/ResourceApplyGradientDescent,2,8.192,4.096,8.192,4.096,0.0003376278814027664,0.9859039947370931,0.0,0.0
118,Device,ResourceApplyGradientDescent,SGD/SGD/update_35/ResourceApplyGradientDescent,2,8.192,4.096,8.192,4.096,0.0003376278814027664,0.9862416226184959,0.0,0.0
119,Device,ReluGrad,gradient_tape/sequential/conv2d_7/ReluGrad,2,8.192,4.096,8.192,4.096,0.0003376278814027664,0.9865792504998987,0.0,0.0
120,Device,ReluGrad,gradient_tape/sequential/dense/ReluGrad,2,8.192,4.096,8.192,4.096,0.0003376278814027664,0.9869168783813015,0.0,0.0
121,Device,BiasAddGrad,gradient_tape/sequential/dense_2/BiasAdd/BiasAddGrad,2,8.192,4.096,8.192,4.096,0.0003376278814027664,0.9872545062627043,0.0,0.0
122,Device,BiasAdd,sequential/dense/BiasAdd,2,8.192,4.096,8.192,4.096,0.0003376278814027664,0.9875921341441071,0.0,0.0
123,Device,MaxPool,sequential/max_pooling2d_2/MaxPool,2,8.192,4.096,8.192,4.096,0.0003376278814027664,0.9879297620255099,0.0,0.0
124,Device,MaxPool,sequential/max_pooling2d_4/MaxPool,2,8.192,4.096,8.192,4.096,0.0003376278814027664,0.9882673899069127,0.0,0.0
125,Device,ResourceApplyGradientDescent,SGD/SGD/update_23/ResourceApplyGradientDescent,2,7.169,3.5845,7.169,3.5845,0.0002954656105684121,0.988562855517481,0.0,0.0
126,Device,ArgMax,ArgMax,2,7.168,3.584,7.168,3.584,0.0002954243962274206,0.9888582799137084,0.0,0.0
127,Device,ArgMax,ArgMax_1,2,7.168,3.584,7.168,3.584,0.0002954243962274206,0.9891537043099359,0.0,0.0
128,Device,ResourceApplyGradientDescent,SGD/SGD/update_19/ResourceApplyGradientDescent,2,7.168,3.584,7.168,3.584,0.0002954243962274206,0.9894491287061633,0.0,0.0
129,Device,ResourceApplyGradientDescent,SGD/SGD/update_27/ResourceApplyGradientDescent,2,7.168,3.584,7.168,3.584,0.0002954243962274206,0.9897445531023907,0.0,0.0
130,Device,ResourceApplyGradientDescent,SGD/SGD/update_33/ResourceApplyGradientDescent,2,7.168,3.584,7.168,3.584,0.0002954243962274206,0.9900399774986182,0.0,0.0
131,Device,ResourceApplyGradientDescent,SGD/SGD/update_7/ResourceApplyGradientDescent,2,7.168,3.584,7.168,3.584,0.0002954243962274206,0.9903354018948456,0.0,0.0
132,Device,DivNoNan,div_no_nan_1,2,7.168,3.584,7.168,3.584,0.0002954243962274206,0.990630826291073,0.0,0.0
133,Device,ReluGrad,gradient_tape/sequential/conv2d_12/ReluGrad,2,7.168,3.584,7.168,3.584,0.0002954243962274206,0.9909262506873004,0.0,0.0
134,Device,ReluGrad,gradient_tape/sequential/conv2d_13/ReluGrad,2,7.168,3.584,7.168,3.584,0.0002954243962274206,0.9912216750835279,0.0,0.0
135,Device,BiasAdd,sequential/dense_1/BiasAdd,2,7.168,3.584,7.168,3.584,0.0002954243962274206,0.9915170994797553,0.0,0.0
136,Device,MaxPool,sequential/max_pooling2d_3/MaxPool,2,7.168,3.584,7.168,3.584,0.0002954243962274206,0.9918125238759827,0.0,0.0
137,Device,AssignAddVariableOp,AssignAddVariableOp,2,6.144,3.072,6.144,3.072,0.0002532209110520748,0.9920657447870348,0.0,0.0
138,Device,AssignAddVariableOp,AssignAddVariableOp_1,2,6.144,3.072,6.144,3.072,0.0002532209110520748,0.9923189656980869,0.0,0.0
139,Device,AssignAddVariableOp,AssignAddVariableOp_2,2,6.144,3.072,6.144,3.072,0.0002532209110520748,0.9925721866091389,0.0,0.0
140,Device,Cast,Cast_1,2,6.144,3.072,6.144,3.072,0.0002532209110520748,0.992825407520191,0.0,0.0
141,Device,Mul,Mul,2,6.144,3.072,6.144,3.072,0.0002532209110520748,0.9930786284312431,0.0,0.0
142,Device,AssignAddVariableOp,SGD/SGD/AssignAddVariableOp,2,6.144,3.072,6.144,3.072,0.0002532209110520748,0.9933318493422951,0.0,0.0
143,Device,ResourceApplyGradientDescent,SGD/SGD/update/ResourceApplyGradientDescent,2,6.144,3.072,6.144,3.072,0.0002532209110520748,0.9935850702533472,0.0,0.0
144,Device,ResourceApplyGradientDescent,SGD/SGD/update_1/ResourceApplyGradientDescent,2,6.144,3.072,6.144,3.072,0.0002532209110520748,0.9938382911643993,0.0,0.0
145,Device,ResourceApplyGradientDescent,SGD/SGD/update_13/ResourceApplyGradientDescent,2,6.144,3.072,6.144,3.072,0.0002532209110520748,0.9940915120754513,0.0,0.0
146,Device,ResourceApplyGradientDescent,SGD/SGD/update_15/ResourceApplyGradientDescent,2,6.144,3.072,6.144,3.072,0.0002532209110520748,0.9943447329865034,0.0,0.0
147,Device,ResourceApplyGradientDescent,SGD/SGD/update_17/ResourceApplyGradientDescent,2,6.144,3.072,6.144,3.072,0.0002532209110520748,0.9945979538975555,0.0,0.0
148,Device,ResourceApplyGradientDescent,SGD/SGD/update_25/ResourceApplyGradientDescent,2,6.144,3.072,6.144,3.072,0.0002532209110520748,0.9948511748086075,0.0,0.0
149,Device,ResourceApplyGradientDescent,SGD/SGD/update_29/ResourceApplyGradientDescent,2,6.144,3.072,6.144,3.072,0.0002532209110520748,0.9951043957196596,0.0,0.0
150,Device,ResourceApplyGradientDescent,SGD/SGD/update_3/ResourceApplyGradientDescent,2,6.144,3.072,6.144,3.072,0.0002532209110520748,0.9953576166307117,0.0,0.0
151,Device,ResourceApplyGradientDescent,SGD/SGD/update_31/ResourceApplyGradientDescent,2,6.144,3.072,6.144,3.072,0.0002532209110520748,0.9956108375417637,0.0,0.0
152,Device,ResourceApplyGradientDescent,SGD/SGD/update_36/ResourceApplyGradientDescent,2,6.144,3.072,6.144,3.072,0.0002532209110520748,0.9958640584528158,0.0,0.0
153,Device,ResourceApplyGradientDescent,SGD/SGD/update_5/ResourceApplyGradientDescent,2,6.144,3.072,6.144,3.072,0.0002532209110520748,0.9961172793638678,0.0,0.0
154,Device,ResourceApplyGradientDescent,SGD/SGD/update_9/ResourceApplyGradientDescent,2,6.144,3.072,6.144,3.072,0.0002532209110520748,0.9963705002749199,0.0,0.0
155,Device,Sum,Sum_2,2,6.144,3.072,6.144,3.072,0.0002532209110520748,0.996623721185972,0.0,0.0
156,Device,Sum,categorical_crossentropy/weighted_loss/Sum,2,6.144,3.072,6.144,3.072,0.0002532209110520748,0.996876942097024,0.0,0.0
157,Device,DivNoNan,div_no_nan,2,6.144,3.072,6.144,3.072,0.0002532209110520748,0.9971301630080761,0.0,0.0
158,Device,Mul,gradient_tape/categorical_crossentropy/softmax_cross_entropy_with_logits/mul,2,6.144,3.072,6.144,3.072,0.0002532209110520748,0.9973833839191282,0.0,0.0
159,Device,ReluGrad,gradient_tape/sequential/conv2d_11/ReluGrad,2,6.144,3.072,6.144,3.072,0.0002532209110520748,0.9976366048301802,0.0,0.0
160,Device,ReluGrad,gradient_tape/sequential/dense_1/ReluGrad,2,6.144,3.072,6.144,3.072,0.0002532209110520748,0.9978898257412323,0.0,0.0
161,Device,BiasAdd,sequential/dense_2/BiasAdd,2,6.144,3.072,6.144,3.072,0.0002532209110520748,0.9981430466522844,0.0,0.0
162,Device,AssignAddVariableOp,AssignAddVariableOp_3,2,5.12,2.56,5.12,2.56,0.00021101742587672896,0.9983540640781611,0.0,0.0
163,Device,Equal,Equal,2,5.12,2.56,5.12,2.56,0.00021101742587672896,0.9985650815040378,0.0,0.0
164,Device,ResourceApplyGradientDescent,SGD/SGD/update_37/ResourceApplyGradientDescent,2,5.12,2.56,5.12,2.56,0.00021101742587672896,0.9987760989299145,0.0,0.0
165,Device,DivNoNan,categorical_crossentropy/weighted_loss/value,2,5.12,2.56,5.12,2.56,0.00021101742587672896,0.9989871163557912,0.0,0.0
166,Device,Relu,sequential/dense/Relu,2,5.12,2.56,5.12,2.56,0.00021101742587672896,0.9991981337816679,0.0,0.0
167,Device,Relu,sequential/dense_1/Relu,2,5.12,2.56,5.12,2.56,0.00021101742587672896,0.9994091512075446,0.0,0.0
168,Device,AssignAddVariableOp,AssignAddVariableOp_4,2,4.096,2.048,4.096,2.048,0.0001688139407013832,0.9995779651482459,0.0,0.0
169,Device,LogicalAnd,LogicalAnd,1,4.096,4.096,4.096,4.096,0.0001688139407013832,0.9997467790889473,0.0,0.0
170,Device,ReluGrad,gradient_tape/sequential/conv2d_15/ReluGrad,2,4.096,2.048,4.096,2.048,0.0001688139407013832,0.9999155930296486,0.0,0.0
171,Device,_Send,IteratorGetNext/_3,2,2.048,1.024,2.048,1.024,8.44069703506916e-05,0.9999999999999993,0.0,0.0
172,Host,IDLE,IDLE,0,90193.169,0.0,90193.169,0.0,0.0,0.0,0.9890138230522896,0.9890138230522896
173,Host,_Send,IteratorGetNext/_3,2,237.695,118.8475,237.695,118.8475,0.0,0.0,0.0026064461785394633,0.991620269230829
174,Host,_Send,IteratorGetNext/_1,2,227.984,113.992,227.984,113.992,0.0,0.0,0.0024999601403821745,0.9941202293712113
175,Host,_Send,IteratorGetNext/_6,2,139.952,69.976,139.952,69.976,0.0,0.0,0.0015346446310564167,0.9956548740022677
176,Host,GatherV2,GatherV2,2,63.861,31.9305,63.861,31.9305,0.0,0.0,0.00070026824042453,0.9963551422426923
177,Host,Dataset,Iterator::Root::ParallelMapV2::Zip[1]::ForeverRepeat,2,49.5,24.75,45.71,22.855,0.0,0.0,0.0005012333234651081,0.9968563755661574
178,Host,FlushSummaryWriter,FlushSummaryWriter,1,41.46,41.46,41.46,41.46,0.0,0.0,0.00045462991885502913,0.9973110054850124
179,Host,Dataset,Iterator::Root::ParallelMapV2,2,41.36,20.68,41.36,20.68,0.0,0.0,0.00045353336815832137,0.9977645388531707
180,Host,Dataset,Iterator::Root::ParallelMapV2::Zip[0]::FlatMap,2,57.542,28.771,38.251,19.1255,0.0,0.0,0.0004194416069976777,0.9981839804601684
181,Host,IteratorGetNext,IteratorGetNext,2,34.58,17.29,34.58,17.29,0.0,0.0,0.00037918723092153657,0.99856316769109
182,Host,LogicalAnd,LogicalAnd,1,29.78,29.78,29.78,29.78,0.0,0.0,0.00032655279747956505,0.9988897204885696
183,Host,Dataset,Iterator::Root,2,63.96,31.98,22.6,11.3,0.0,0.0,0.0002478204574559493,0.9991375409460256
184,Host,WriteSummary,WriteSummary,1,20.431,20.431,20.431,20.431,0.0,0.0,0.00022403627284435843,0.99936157721887
185,Host,Dataset,Iterator::Root::ParallelMapV2::Zip[0]::FlatMap[1]::TensorSlice,2,19.291,9.6455,19.291,9.6455,0.0,0.0,0.00021153559490189017,0.9995731128137718
186,Host,GatherV2,GatherV2_1,2,15.76,7.88,15.76,7.88,0.0,0.0,0.00017281638980113986,0.999745929203573
187,Host,Dataset,Iterator::Root::ParallelMapV2::Zip,2,117.152,58.576,10.11,5.055,0.0,0.0,0.00011086127543715253,0.9998567904790101
188,Host,ReadVariableOp,ReadVariableOp,1,6.46,6.46,6.46,6.46,0.0,0.0,7.083717500732002e-05,0.9999276276540174
189,Host,Dataset,Iterator::Root::ParallelMapV2::Zip[1]::ForeverRepeat::FromTensor,4,3.79,0.9475,3.79,0.9475,0.0,0.0,4.1559271405223355e-05,0.9999691869254227
190,Host,Identity,Identity,2,2.81,1.405,2.81,1.405,0.0,0.0,3.08130745774875e-05,1.0000000000000002
