Rank,Host/device,Type,Operation,#Occurrences,Total time (us),Avg. time (us),Total self-time (us),Avg. self-time (us),Total self-time on Device (%),Cumulative total-self time on Device (%),Total self-time on Host (%),Cumulative total-self time on Host (%)
1,Device,IDLE,IDLE,0,7138.046,0.0,7138.046,0.0,0.8623024874330915,0.8623024874330915,0.0,0.0
2,Device,Conv2DBackpropFilter,gradient_tape/sequential/conv2d/Conv2D/Conv2DBackpropFilter,4,122.881,30.72025,122.881,30.72025,0.01484448152313192,0.8771469689562233,0.0,0.0
3,Device,_Send,IteratorGetNext/_1,2,121.889,60.9445,121.889,60.9445,0.01472464423607414,0.8918716131922975,0.0,0.0
4,Device,SoftmaxCrossEntropyWithLogits,categorical_crossentropy/softmax_cross_entropy_with_logits,2,95.232,47.616,95.232,47.616,0.011504379557546723,0.9033759927498441,0.0,0.0
5,Device,_FusedConv2D,sequential/conv2d/Relu,2,95.232,47.616,95.232,47.616,0.011504379557546723,0.9148803723073908,0.0,0.0
6,Device,Conv2DBackpropFilter,gradient_tape/sequential/conv2d_1/Conv2D/Conv2DBackpropFilter,4,66.56,16.64,66.56,16.64,0.008040695389683194,0.922921067697074,0.0,0.0
7,Device,_FusedConv2D,sequential/conv2d_1/Relu,4,61.44,15.36,61.44,15.36,0.007422180359707564,0.9303432480567816,0.0,0.0
8,Device,Conv2DBackpropInput,gradient_tape/sequential/conv2d_1/Conv2D/Conv2DBackpropInput,2,57.344,28.672,57.344,28.672,0.00692736833572706,0.9372706163925086,0.0,0.0
9,Device,MatMul,sequential/dense/MatMul,2,21.504,10.752,21.504,10.752,0.0025977631258976472,0.9398683795184063,0.0,0.0
10,Device,Softmax,sequential/dense_2/Softmax,2,20.48,10.24,20.48,10.24,0.0024740601199025212,0.9423424396383088,0.0,0.0
11,Device,Transpose,gradient_tape/sequential/conv2d/Conv2D/Conv2DBackpropFilter-0-TransposeNHWCToNCHW-LayoutOptimizer,2,17.408,8.704,17.408,8.704,0.002102951101917143,0.9444453907402259,0.0,0.0
12,Device,MatMul,gradient_tape/sequential/dense/MatMul/MatMul,2,14.336,7.168,14.336,7.168,0.001731842083931765,0.9461772328241577,0.0,0.0
13,Device,MatMul,gradient_tape/sequential/dense_1/MatMul/MatMul_1,2,14.336,7.168,14.336,7.168,0.001731842083931765,0.9479090749080894,0.0,0.0
14,Device,MatMul,sequential/dense_1/MatMul,2,14.336,7.168,14.336,7.168,0.001731842083931765,0.9496409169920211,0.0,0.0
15,Device,MatMul,gradient_tape/sequential/dense_1/MatMul/MatMul,2,13.312,6.656,13.312,6.656,0.0016081390779366387,0.9512490560699578,0.0,0.0
16,Device,BiasAddGrad,gradient_tape/sequential/conv2d/BiasAdd/BiasAddGrad,2,12.288,6.144,12.288,6.144,0.0014844360719415126,0.9527334921418993,0.0,0.0
17,Device,MatMul,gradient_tape/sequential/dense/MatMul/MatMul_1,2,12.288,6.144,12.288,6.144,0.0014844360719415126,0.9542179282138408,0.0,0.0
18,Device,MatMul,gradient_tape/sequential/dense_2/MatMul/MatMul_1,2,12.288,6.144,12.288,6.144,0.0014844360719415126,0.9557023642857823,0.0,0.0
19,Device,MaxPoolGrad,gradient_tape/sequential/max_pooling2d/MaxPool/MaxPoolGrad,2,12.288,6.144,12.288,6.144,0.0014844360719415126,0.9571868003577237,0.0,0.0
20,Device,MaxPoolGrad,gradient_tape/sequential/max_pooling2d_1/MaxPool/MaxPoolGrad,2,12.288,6.144,12.288,6.144,0.0014844360719415126,0.9586712364296652,0.0,0.0
21,Device,MatMul,sequential/dense_2/MatMul,2,12.288,6.144,12.288,6.144,0.0014844360719415126,0.9601556725016067,0.0,0.0
22,Device,MatMul,gradient_tape/sequential/dense_2/MatMul/MatMul,2,10.24,5.12,10.24,5.12,0.0012370300599512606,0.961392702561558,0.0,0.0
23,Device,MaxPool,sequential/max_pooling2d/MaxPool,2,9.216,4.608,9.216,4.608,0.0011133270539561344,0.9625060296155141,0.0,0.0
24,Device,ArgMax,ArgMax_1,2,8.192,4.096,8.192,4.096,0.0009896240479610086,0.9634956536634751,0.0,0.0
25,Device,ReluGrad,gradient_tape/sequential/conv2d/ReluGrad,2,8.192,4.096,8.192,4.096,0.0009896240479610086,0.9644852777114361,0.0,0.0
26,Device,BiasAddGrad,gradient_tape/sequential/conv2d_1/BiasAdd/BiasAddGrad,2,8.192,4.096,8.192,4.096,0.0009896240479610086,0.9654749017593971,0.0,0.0
27,Device,BiasAddGrad,gradient_tape/sequential/dense_1/BiasAdd/BiasAddGrad,2,8.192,4.096,8.192,4.096,0.0009896240479610086,0.9664645258073581,0.0,0.0
28,Device,ResourceApplyGradientDescent,SGD/SGD/update_6/ResourceApplyGradientDescent,2,7.169,3.5845,7.169,3.5845,0.0008660418456826745,0.9673305676530407,0.0,0.0
29,Device,ArgMax,ArgMax,2,7.168,3.584,7.168,3.584,0.0008659210419658824,0.9681964886950066,0.0,0.0
30,Device,ResourceApplyGradientDescent,SGD/SGD/update/ResourceApplyGradientDescent,2,7.168,3.584,7.168,3.584,0.0008659210419658824,0.9690624097369726,0.0,0.0
31,Device,ResourceApplyGradientDescent,SGD/SGD/update_4/ResourceApplyGradientDescent,2,7.168,3.584,7.168,3.584,0.0008659210419658824,0.9699283307789385,0.0,0.0
32,Device,ResourceApplyGradientDescent,SGD/SGD/update_9/ResourceApplyGradientDescent,2,7.168,3.584,7.168,3.584,0.0008659210419658824,0.9707942518209044,0.0,0.0
33,Device,Transpose,gradient_tape/sequential/max_pooling2d_1/MaxPool/MaxPoolGrad-2-TransposeNHWCToNCHW-LayoutOptimizer,2,7.168,3.584,7.168,3.584,0.0008659210419658824,0.9716601728628703,0.0,0.0
34,Device,Transpose,sequential/max_pooling2d_1/MaxPool-0-2-TransposeNCHWToNHWC-LayoutOptimizer,2,7.168,3.584,7.168,3.584,0.0008659210419658824,0.9725260939048362,0.0,0.0
35,Device,ReluGrad,gradient_tape/sequential/conv2d_1/ReluGrad,2,6.145,3.0725,6.145,3.0725,0.0007423388396875484,0.9732684327445238,0.0,0.0
36,Device,BiasAdd,sequential/dense_2/BiasAdd,2,6.145,3.0725,6.145,3.0725,0.0007423388396875484,0.9740107715842113,0.0,0.0
37,Device,AssignAddVariableOp,AssignAddVariableOp,2,6.144,3.072,6.144,3.072,0.0007422180359707563,0.9747529896201821,0.0,0.0
38,Device,AssignAddVariableOp,AssignAddVariableOp_1,2,6.144,3.072,6.144,3.072,0.0007422180359707563,0.9754952076561528,0.0,0.0
39,Device,AssignAddVariableOp,AssignAddVariableOp_4,2,6.144,3.072,6.144,3.072,0.0007422180359707563,0.9762374256921236,0.0,0.0
40,Device,Cast,Cast,2,6.144,3.072,6.144,3.072,0.0007422180359707563,0.9769796437280943,0.0,0.0
41,Device,Cast,Cast_1,2,6.144,3.072,6.144,3.072,0.0007422180359707563,0.9777218617640651,0.0,0.0
42,Device,Equal,Equal,2,6.144,3.072,6.144,3.072,0.0007422180359707563,0.9784640798000358,0.0,0.0
43,Device,Mul,Mul,2,6.144,3.072,6.144,3.072,0.0007422180359707563,0.9792062978360065,0.0,0.0
44,Device,ResourceApplyGradientDescent,SGD/SGD/update_1/ResourceApplyGradientDescent,2,6.144,3.072,6.144,3.072,0.0007422180359707563,0.9799485158719773,0.0,0.0
45,Device,ResourceApplyGradientDescent,SGD/SGD/update_2/ResourceApplyGradientDescent,2,6.144,3.072,6.144,3.072,0.0007422180359707563,0.980690733907948,0.0,0.0
46,Device,ResourceApplyGradientDescent,SGD/SGD/update_3/ResourceApplyGradientDescent,2,6.144,3.072,6.144,3.072,0.0007422180359707563,0.9814329519439188,0.0,0.0
47,Device,ResourceApplyGradientDescent,SGD/SGD/update_7/ResourceApplyGradientDescent,2,6.144,3.072,6.144,3.072,0.0007422180359707563,0.9821751699798895,0.0,0.0
48,Device,ResourceApplyGradientDescent,SGD/SGD/update_8/ResourceApplyGradientDescent,2,6.144,3.072,6.144,3.072,0.0007422180359707563,0.9829173880158603,0.0,0.0
49,Device,Sum,categorical_crossentropy/weighted_loss/Sum,2,6.144,3.072,6.144,3.072,0.0007422180359707563,0.983659606051831,0.0,0.0
50,Device,DivNoNan,div_no_nan,2,6.144,3.072,6.144,3.072,0.0007422180359707563,0.9844018240878017,0.0,0.0
51,Device,Mul,gradient_tape/categorical_crossentropy/softmax_cross_entropy_with_logits/mul,2,6.144,3.072,6.144,3.072,0.0007422180359707563,0.9851440421237725,0.0,0.0
52,Device,Tile,gradient_tape/categorical_crossentropy/weighted_loss/Tile_1,2,6.144,3.072,6.144,3.072,0.0007422180359707563,0.9858862601597432,0.0,0.0
53,Device,DivNoNan,gradient_tape/categorical_crossentropy/weighted_loss/value/div_no_nan,2,6.144,3.072,6.144,3.072,0.0007422180359707563,0.986628478195714,0.0,0.0
54,Device,BiasAddGrad,gradient_tape/sequential/dense/BiasAdd/BiasAddGrad,2,6.144,3.072,6.144,3.072,0.0007422180359707563,0.9873706962316847,0.0,0.0
55,Device,ReluGrad,gradient_tape/sequential/dense/ReluGrad,2,6.144,3.072,6.144,3.072,0.0007422180359707563,0.9881129142676555,0.0,0.0
56,Device,ReluGrad,gradient_tape/sequential/dense_1/ReluGrad,2,6.144,3.072,6.144,3.072,0.0007422180359707563,0.9888551323036262,0.0,0.0
57,Device,BiasAddGrad,gradient_tape/sequential/dense_2/BiasAdd/BiasAddGrad,2,6.144,3.072,6.144,3.072,0.0007422180359707563,0.989597350339597,0.0,0.0
58,Device,Relu,sequential/dense/Relu,2,6.144,3.072,6.144,3.072,0.0007422180359707563,0.9903395683755677,0.0,0.0
59,Device,MaxPool,sequential/max_pooling2d_1/MaxPool,2,6.144,3.072,6.144,3.072,0.0007422180359707563,0.9910817864115384,0.0,0.0
60,Device,_Recv,strided_slice/_12,2,5.504,2.752,5.504,2.752,0.0006649036572238025,0.9917466900687623,0.0,0.0
61,Device,AssignAddVariableOp,AssignAddVariableOp_2,2,5.12,2.56,5.12,2.56,0.0006185150299756303,0.9923652050987379,0.0,0.0
62,Device,Cast,Cast_2,2,5.12,2.56,5.12,2.56,0.0006185150299756303,0.9929837201287136,0.0,0.0
63,Device,AssignAddVariableOp,SGD/SGD/AssignAddVariableOp,2,5.12,2.56,5.12,2.56,0.0006185150299756303,0.9936022351586893,0.0,0.0
64,Device,Sum,Sum_2,2,5.12,2.56,5.12,2.56,0.0006185150299756303,0.994220750188665,0.0,0.0
65,Device,Cast,categorical_crossentropy/weighted_loss/num_elements/Cast,2,5.12,2.56,5.12,2.56,0.0006185150299756303,0.9948392652186406,0.0,0.0
66,Device,DivNoNan,categorical_crossentropy/weighted_loss/value,2,5.12,2.56,5.12,2.56,0.0006185150299756303,0.9954577802486163,0.0,0.0
67,Device,DivNoNan,div_no_nan_1,2,5.12,2.56,5.12,2.56,0.0006185150299756303,0.996076295278592,0.0,0.0
68,Device,BiasAdd,sequential/dense/BiasAdd,2,5.12,2.56,5.12,2.56,0.0006185150299756303,0.9966948103085677,0.0,0.0
69,Device,_Recv,categorical_crossentropy/weighted_loss/num_elements/_14,2,4.832,2.416,4.832,2.416,0.0005837235595395011,0.9972785338681072,0.0,0.0
70,Device,AssignAddVariableOp,AssignAddVariableOp_3,2,4.096,2.048,4.096,2.048,0.0004948120239805043,0.9977733458920877,0.0,0.0
71,Device,ResourceApplyGradientDescent,SGD/SGD/update_5/ResourceApplyGradientDescent,2,4.096,2.048,4.096,2.048,0.0004948120239805043,0.9982681579160682,0.0,0.0
72,Device,BiasAdd,sequential/dense_1/BiasAdd,2,4.096,2.048,4.096,2.048,0.0004948120239805043,0.9987629699400487,0.0,0.0
73,Device,Relu,sequential/dense_1/Relu,2,4.096,2.048,4.096,2.048,0.0004948120239805043,0.9992577819640291,0.0,0.0
74,Device,_Send,IteratorGetNext/_3,2,2.048,1.024,2.048,1.024,0.00024740601199025214,0.9995051879760194,0.0,0.0
75,Device,LogicalAnd,LogicalAnd,1,2.048,2.048,2.048,2.048,0.00024740601199025214,0.9997525939880096,0.0,0.0
76,Device,_Recv,Size/_16,2,2.048,1.024,2.048,1.024,0.00024740601199025214,0.9999999999999999,0.0,0.0
77,Host,IDLE,IDLE,0,34598.548,0.0,34598.548,0.0,0.0,0.0,0.9489978381690004,0.9489978381690004
78,Host,_Send,IteratorGetNext/_3,2,575.419,287.7095,575.419,287.7095,0.0,0.0,0.01578307237174716,0.9647809105407475
79,Host,_Send,IteratorGetNext/_1,2,389.556,194.778,389.556,194.778,0.0,0.0,0.010685066952687236,0.9754659774934348
80,Host,GatherV2,GatherV2,2,243.654,121.827,243.654,121.827,0.0,0.0,0.006683145178844777,0.9821491226722796
81,Host,_Send,IteratorGetNext/_6,2,236.773,118.3865,236.773,118.3865,0.0,0.0,0.006494407370413022,0.9886435300426927
82,Host,Dataset,Iterator::Root::ParallelMapV2,2,64.941,32.4705,64.941,32.4705,0.0,0.0,0.001781255924628197,0.9904247859673209
83,Host,Dataset,Iterator::Root::ParallelMapV2::Zip[1]::ForeverRepeat,2,51.17,25.585,47.41,23.705,0.0,0.0,0.0013004010314997122,0.9917251869988206
84,Host,Dataset,Iterator::Root::ParallelMapV2::Zip[0]::FlatMap[1]::Concatenate,2,62.791,31.3955,43.831,21.9155,0.0,0.0,0.001202233233741065,0.9929274202325616
85,Host,FlushSummaryWriter,FlushSummaryWriter,1,39.93,39.93,39.93,39.93,0.0,0.0,0.001095233351355906,0.9940226535839175
86,Host,Dataset,Iterator::Root,2,101.362,50.681,36.421,18.2105,0.0,0.0,0.0009989855719943264,0.9950216391559118
87,Host,IteratorGetNext,IteratorGetNext,2,36.34,18.17,36.34,18.17,0.0,0.0,0.0009967638364205768,0.9960184029923324
88,Host,LogicalAnd,LogicalAnd,1,31.111,31.111,31.111,31.111,0.0,0.0,0.0008533384621596192,0.996871741454492
89,Host,GatherV2,GatherV2_1,2,25.82,12.91,25.82,12.91,0.0,0.0,0.0007082125001755446,0.9975799539546675
90,Host,WriteSummary,WriteSummary,1,21.58,21.58,21.58,21.58,0.0,0.0,0.0005919142429817294,0.9981718681976492
91,Host,Dataset,Iterator::Root::ParallelMapV2::Zip[0]::FlatMap[1]::Concatenate[0]::TensorSlice,2,18.96,9.48,18.96,9.48,0.0,0.0,0.0005200506972629096,0.9986919188949122
92,Host,_HostSend,categorical_crossentropy/softmax_cross_entropy_with_logits/Shape_2/_9,2,17.13,8.565,17.13,8.565,0.0,0.0,0.000469855930596711,0.9991617748255088
93,Host,ReadVariableOp,ReadVariableOp,1,10.81,10.81,10.81,10.81,0.0,0.0,0.0002965056981757412,0.9994582805236846
94,Host,Dataset,Iterator::Root::ParallelMapV2::Zip,2,127.021,63.5105,9.62,4.81,0.0,0.0,0.00026386538542559016,0.9997221459091101
95,Host,Dataset,Iterator::Root::ParallelMapV2::Zip[1]::ForeverRepeat::FromTensor,4,3.76,0.94,3.76,0.94,0.0,0.0,0.00010313241675677953,0.9998252783258669
96,Host,Dataset,Iterator::Root::ParallelMapV2::Zip[0]::FlatMap,2,66.231,33.1155,3.44,1.72,0.0,0.0,9.435518979875575e-05,0.9999196335156656
97,Host,Identity,Identity,2,2.93,1.465,2.93,1.465,0.0,0.0,8.036648433440534e-05,1.0
