Rank,Host/device,Type,Operation,#Occurrences,Total time (us),Avg. time (us),Total self-time (us),Avg. self-time (us),Total self-time on Device (%),Cumulative total-self time on Device (%),Total self-time on Host (%),Cumulative total-self time on Host (%)
1,Device,_Send,IteratorGetNext/_1,2,6239.481,3119.7405,6239.481,3119.7405,0.2141352482277633,0.2141352482277633,0.0,0.0
2,Device,IDLE,IDLE,0,5566.329,0.0,5566.329,0.0,0.19103307504781206,0.4051683232755754,0.0,0.0
3,Device,Conv2DBackpropFilter,gradient_tape/sequential/conv2d/Conv2D/Conv2DBackpropFilter,2,3728.4,1864.2,3728.4,1864.2,0.1279564533480257,0.5331247766236011,0.0,0.0
4,Device,Conv2DBackpropInput,gradient_tape/sequential/conv2d_1/Conv2D/Conv2DBackpropInput,32,2123.785,66.36828125,2123.785,66.36828125,0.07288702828927603,0.6060118049128772,0.0,0.0
5,Device,_FusedConv2D,sequential/conv2d/Relu,2,2013.192,1006.596,2013.192,1006.596,0.06909154281424164,0.6751033477271189,0.0,0.0
6,Device,MaxPoolGrad,gradient_tape/sequential/max_pooling2d/MaxPool/MaxPoolGrad,2,1318.917,659.4585,1318.917,659.4585,0.0452644409345612,0.72036778866168,0.0,0.0
7,Device,Conv2DBackpropFilter,gradient_tape/sequential/conv2d_1/Conv2D/Conv2DBackpropFilter,2,1272.837,636.4185,1272.837,636.4185,0.04368300295304715,0.7640507916147272,0.0,0.0
8,Device,ReluGrad,gradient_tape/sequential/conv2d/ReluGrad,2,962.564,481.282,962.564,481.282,0.0330346195581185,0.7970854111728457,0.0,0.0
9,Device,_FusedConv2D,sequential/conv2d_1/Relu,2,901.124,450.562,901.124,450.562,0.030926035582766416,0.8280114467556121,0.0,0.0
10,Device,MaxPoolGrad,gradient_tape/sequential/max_pooling2d_1/MaxPool/MaxPoolGrad,2,802.819,401.4095,802.819,401.4095,0.027552266902802446,0.8555637136584145,0.0,0.0
11,Device,ReluGrad,gradient_tape/sequential/conv2d_1/ReluGrad,2,596.994,298.497,596.994,298.497,0.020488476265972336,0.8760521899243869,0.0,0.0
12,Device,MaxPool,sequential/max_pooling2d/MaxPool,2,387.074,193.537,387.074,193.537,0.013284147683519392,0.8893363376079063,0.0,0.0
13,Device,SoftmaxCrossEntropyWithLogits,categorical_crossentropy/softmax_cross_entropy_with_logits,6,375.808,62.63466666666667,375.808,62.63466666666667,0.012897505315903562,0.9022338429238099,0.0,0.0
14,Device,Transpose,gradient_tape/sequential/conv2d/Conv2D/Conv2DBackpropFilter-0-TransposeNHWCToNCHW-LayoutOptimizer,2,364.546,182.273,364.546,182.273,0.012511000225890294,0.9147448431497002,0.0,0.0
15,Device,BiasAddGrad,gradient_tape/sequential/conv2d/BiasAdd/BiasAddGrad,2,313.345,156.6725,313.345,156.6725,0.010753812593696255,0.9254986557433964,0.0,0.0
16,Device,ResourceApplyGradientDescent,SGD/SGD/update_4/ResourceApplyGradientDescent,2,281.601,140.8005,281.601,140.8005,0.009664377539764344,0.9351630332831607,0.0,0.0
17,Device,MaxPool,sequential/max_pooling2d_1/MaxPool,2,251.904,125.952,251.904,125.952,0.008645194298943532,0.9438082275821043,0.0,0.0
18,Device,BiasAddGrad,gradient_tape/sequential/conv2d_1/BiasAdd/BiasAddGrad,2,222.209,111.1045,222.209,111.1045,0.007626079696924,0.9514343072790282,0.0,0.0
19,Device,MatMul,gradient_tape/sequential/dense/MatMul/MatMul,2,188.416,94.208,188.416,94.208,0.006466324191079715,0.957900631470108,0.0,0.0
20,Device,ArgMax,ArgMax,2,184.321,92.1605,184.321,92.1605,0.006325786245456883,0.9642264177155648,0.0,0.0
21,Device,MatMul,sequential/dense/MatMul,2,174.082,87.041,174.082,87.041,0.005974389902298843,0.9702008076178636,0.0,0.0
22,Device,MatMul,gradient_tape/sequential/dense/MatMul/MatMul_1,2,153.601,76.8005,153.601,76.8005,0.0052714942577808425,0.9754723018756445,0.0,0.0
23,Device,ArgMax,ArgMax_1,2,120.832,60.416,120.832,60.416,0.004146881818192426,0.9796191836938369,0.0,0.0
24,Device,Transpose,gradient_tape/sequential/max_pooling2d_1/MaxPool/MaxPoolGrad-2-TransposeNHWCToNCHW-LayoutOptimizer,2,104.449,52.2245,104.449,52.2245,0.003584627077499178,0.9832038107713361,0.0,0.0
25,Device,Transpose,sequential/max_pooling2d_1/MaxPool-0-2-TransposeNCHWToNHWC-LayoutOptimizer,2,93.184,46.592,93.184,46.592,0.0031980190292839896,0.9864018298006201,0.0,0.0
26,Device,_Send,IteratorGetNext/_3,2,42.24,21.12,42.24,21.12,0.0014496514830545557,0.9878514812836746,0.0,0.0
27,Device,Softmax,sequential/dense_2/Softmax,2,26.624,13.312,26.624,13.312,0.0009137197226525683,0.9887652010063271,0.0,0.0
28,Device,MatMul,gradient_tape/sequential/dense_2/MatMul/MatMul,2,20.48,10.24,20.48,10.24,0.0007028613251173604,0.9894680623314445,0.0,0.0
29,Device,MatMul,sequential/dense_2/MatMul,2,15.36,7.68,15.36,7.68,0.0005271459938380203,0.9899952083252825,0.0,0.0
30,Device,MatMul,sequential/dense_1/MatMul,2,14.336,7.168,14.336,7.168,0.0004920029275821522,0.9904872112528647,0.0,0.0
31,Device,MatMul,gradient_tape/sequential/dense_1/MatMul/MatMul,2,13.312,6.656,13.312,6.656,0.00045685986132628417,0.9909440711141909,0.0,0.0
32,Device,MatMul,gradient_tape/sequential/dense_1/MatMul/MatMul_1,2,13.312,6.656,13.312,6.656,0.00045685986132628417,0.9914009309755172,0.0,0.0
33,Device,MatMul,gradient_tape/sequential/dense_2/MatMul/MatMul_1,2,12.288,6.144,12.288,6.144,0.00042171679507041623,0.9918226477705876,0.0,0.0
34,Device,ResourceApplyGradientDescent,SGD/SGD/update/ResourceApplyGradientDescent,2,8.192,4.096,8.192,4.096,0.00028114453004694415,0.9921037923006345,0.0,0.0
35,Device,BiasAddGrad,gradient_tape/sequential/dense/BiasAdd/BiasAddGrad,2,8.192,4.096,8.192,4.096,0.00028114453004694415,0.9923849368306814,0.0,0.0
36,Device,Cast,Cast,2,7.168,3.584,7.168,3.584,0.0002460014637910761,0.9926309382944725,0.0,0.0
37,Device,ResourceApplyGradientDescent,SGD/SGD/update_2/ResourceApplyGradientDescent,2,7.168,3.584,7.168,3.584,0.0002460014637910761,0.9928769397582635,0.0,0.0
38,Device,ResourceApplyGradientDescent,SGD/SGD/update_3/ResourceApplyGradientDescent,2,7.168,3.584,7.168,3.584,0.0002460014637910761,0.9931229412220546,0.0,0.0
39,Device,ResourceApplyGradientDescent,SGD/SGD/update_6/ResourceApplyGradientDescent,2,7.168,3.584,7.168,3.584,0.0002460014637910761,0.9933689426858456,0.0,0.0
40,Device,BiasAddGrad,gradient_tape/sequential/dense_1/BiasAdd/BiasAddGrad,2,7.168,3.584,7.168,3.584,0.0002460014637910761,0.9936149441496367,0.0,0.0
41,Device,BiasAdd,sequential/dense/BiasAdd,2,7.168,3.584,7.168,3.584,0.0002460014637910761,0.9938609456134277,0.0,0.0
42,Device,BiasAdd,sequential/dense_2/BiasAdd,2,7.168,3.584,7.168,3.584,0.0002460014637910761,0.9941069470772188,0.0,0.0
43,Device,AssignAddVariableOp,AssignAddVariableOp_3,2,6.144,3.072,6.144,3.072,0.00021085839753520811,0.994317805474754,0.0,0.0
44,Device,AssignAddVariableOp,SGD/SGD/AssignAddVariableOp,2,6.144,3.072,6.144,3.072,0.00021085839753520811,0.9945286638722892,0.0,0.0
45,Device,ResourceApplyGradientDescent,SGD/SGD/update_1/ResourceApplyGradientDescent,2,6.144,3.072,6.144,3.072,0.00021085839753520811,0.9947395222698244,0.0,0.0
46,Device,ResourceApplyGradientDescent,SGD/SGD/update_5/ResourceApplyGradientDescent,2,6.144,3.072,6.144,3.072,0.00021085839753520811,0.9949503806673596,0.0,0.0
47,Device,ResourceApplyGradientDescent,SGD/SGD/update_8/ResourceApplyGradientDescent,2,6.144,3.072,6.144,3.072,0.00021085839753520811,0.9951612390648948,0.0,0.0
48,Device,Mul,gradient_tape/categorical_crossentropy/softmax_cross_entropy_with_logits/mul,2,6.144,3.072,6.144,3.072,0.00021085839753520811,0.99537209746243,0.0,0.0
49,Device,ReluGrad,gradient_tape/sequential/dense/ReluGrad,2,6.144,3.072,6.144,3.072,0.00021085839753520811,0.9955829558599653,0.0,0.0
50,Device,BiasAddGrad,gradient_tape/sequential/dense_2/BiasAdd/BiasAddGrad,2,6.144,3.072,6.144,3.072,0.00021085839753520811,0.9957938142575005,0.0,0.0
51,Device,Relu,sequential/dense/Relu,2,6.144,3.072,6.144,3.072,0.00021085839753520811,0.9960046726550357,0.0,0.0
52,Device,BiasAdd,sequential/dense_1/BiasAdd,2,6.144,3.072,6.144,3.072,0.00021085839753520811,0.9962155310525709,0.0,0.0
53,Device,AssignAddVariableOp,AssignAddVariableOp,2,5.12,2.56,5.12,2.56,0.0001757153312793401,0.9963912463838502,0.0,0.0
54,Device,AssignAddVariableOp,AssignAddVariableOp_1,2,5.12,2.56,5.12,2.56,0.0001757153312793401,0.9965669617151296,0.0,0.0
55,Device,AssignAddVariableOp,AssignAddVariableOp_2,2,5.12,2.56,5.12,2.56,0.0001757153312793401,0.996742677046409,0.0,0.0
56,Device,AssignAddVariableOp,AssignAddVariableOp_4,2,5.12,2.56,5.12,2.56,0.0001757153312793401,0.9969183923776883,0.0,0.0
57,Device,Cast,Cast_1,2,5.12,2.56,5.12,2.56,0.0001757153312793401,0.9970941077089677,0.0,0.0
58,Device,Cast,Cast_2,2,5.12,2.56,5.12,2.56,0.0001757153312793401,0.997269823040247,0.0,0.0
59,Device,Equal,Equal,2,5.12,2.56,5.12,2.56,0.0001757153312793401,0.9974455383715264,0.0,0.0
60,Device,ResourceApplyGradientDescent,SGD/SGD/update_7/ResourceApplyGradientDescent,2,5.12,2.56,5.12,2.56,0.0001757153312793401,0.9976212537028057,0.0,0.0
61,Device,ResourceApplyGradientDescent,SGD/SGD/update_9/ResourceApplyGradientDescent,2,5.12,2.56,5.12,2.56,0.0001757153312793401,0.9977969690340851,0.0,0.0
62,Device,Sum,categorical_crossentropy/weighted_loss/Sum,2,5.12,2.56,5.12,2.56,0.0001757153312793401,0.9979726843653645,0.0,0.0
63,Device,Cast,categorical_crossentropy/weighted_loss/num_elements/Cast,2,5.12,2.56,5.12,2.56,0.0001757153312793401,0.9981483996966438,0.0,0.0
64,Device,DivNoNan,categorical_crossentropy/weighted_loss/value,2,5.12,2.56,5.12,2.56,0.0001757153312793401,0.9983241150279232,0.0,0.0
65,Device,DivNoNan,div_no_nan,2,5.12,2.56,5.12,2.56,0.0001757153312793401,0.9984998303592025,0.0,0.0
66,Device,Tile,gradient_tape/categorical_crossentropy/weighted_loss/Tile_1,2,5.12,2.56,5.12,2.56,0.0001757153312793401,0.9986755456904819,0.0,0.0
67,Device,Relu,sequential/dense_1/Relu,2,5.12,2.56,5.12,2.56,0.0001757153312793401,0.9988512610217612,0.0,0.0
68,Device,_Recv,categorical_crossentropy/weighted_loss/num_elements/_14,2,4.736,2.368,4.736,2.368,0.00016253668143338958,0.9990137977031947,0.0,0.0
69,Device,Mul,Mul,2,4.096,2.048,4.096,2.048,0.00014057226502347208,0.9991543699682182,0.0,0.0
70,Device,Sum,Sum_2,2,4.096,2.048,4.096,2.048,0.00014057226502347208,0.9992949422332417,0.0,0.0
71,Device,DivNoNan,div_no_nan_1,2,4.096,2.048,4.096,2.048,0.00014057226502347208,0.9994355144982652,0.0,0.0
72,Device,DivNoNan,gradient_tape/categorical_crossentropy/weighted_loss/value/div_no_nan,2,4.096,2.048,4.096,2.048,0.00014057226502347208,0.9995760867632887,0.0,0.0
73,Device,ReluGrad,gradient_tape/sequential/dense_1/ReluGrad,2,4.096,2.048,4.096,2.048,0.00014057226502347208,0.9997166590283122,0.0,0.0
74,Device,_Recv,Size/_16,2,3.136,1.568,3.136,1.568,0.00010762564040859581,0.9998242846687208,0.0,0.0
75,Device,LogicalAnd,LogicalAnd,1,3.072,3.072,3.072,3.072,0.00010542919876760406,0.9999297138674884,0.0,0.0
76,Device,_Recv,strided_slice/_12,2,2.048,1.024,2.048,1.024,7.028613251173604e-05,1.0000000000000002,0.0,0.0
77,Host,IDLE,IDLE,0,101759.87,0.0,101759.87,0.0,0.0,0.0,0.7213975075556667,0.7213975075556667
78,Host,GatherV2,GatherV2,2,21960.535,10980.2675,21960.535,10980.2675,0.0,0.0,0.15568293486999327,0.87708044242566
79,Host,_Send,IteratorGetNext/_3,2,6968.753,3484.3765,6968.753,3484.3765,0.0,0.0,0.04940298218709473,0.9264834246127547
80,Host,_Send,IteratorGetNext/_1,2,6598.866,3299.433,6598.866,3299.433,0.0,0.0,0.04678077404279145,0.9732641986555461
81,Host,_Send,IteratorGetNext/_6,2,3241.646,1620.823,3241.646,1620.823,0.0,0.0,0.022980722604871613,0.9962449212604177
82,Host,GatherV2,GatherV2_1,2,138.652,69.326,138.652,69.326,0.0,0.0,0.0009829337165781391,0.9972278549769958
83,Host,Dataset,Iterator::Root::ParallelMapV2::Zip[1]::ForeverRepeat,2,65.831,32.9155,60.071,30.0355,0.0,0.0,0.0004258561815809754,0.9976537111585768
84,Host,Dataset,Iterator::Root::ParallelMapV2::Zip,2,158.173,79.0865,52.88,26.44,0.0,0.0,0.00037487764282269283,0.9980285888013996
85,Host,FlushSummaryWriter,FlushSummaryWriter,1,43.591,43.591,43.591,43.591,0.0,0.0,0.0003090259328344176,0.998337614734234
86,Host,Dataset,Iterator::Root::ParallelMapV2,2,42.49,21.245,42.49,21.245,0.0,0.0,0.00030122070808502686,0.998638835442319
87,Host,LogicalAnd,LogicalAnd,1,35.311,35.311,35.311,35.311,0.0,0.0,0.00025032723989621986,0.9988891626822153
88,Host,IteratorGetNext,IteratorGetNext,2,32.511,16.2555,32.511,16.2555,0.0,0.0,0.00023047744035190182,0.9991196401225672
89,Host,Dataset,Iterator::Root,2,67.441,33.7205,24.951,12.4755,0.0,0.0,0.00017688298158224298,0.9992965231041494
90,Host,WriteSummary,WriteSummary,1,24.41,24.41,24.41,24.41,0.0,0.0,0.00017304771674171582,0.9994695708208912
91,Host,Dataset,Iterator::Root::ParallelMapV2::Zip[0]::FlatMap[1]::Concatenate[0]::TensorSlice,2,22.591,11.2955,22.591,11.2955,0.0,0.0,0.00016015243625203202,0.9996297232571432
92,Host,ReadVariableOp,ReadVariableOp,1,13.43,13.43,13.43,13.43,0.0,0.0,9.520814567149706e-05,0.9997249314028147
93,Host,_HostSend,categorical_crossentropy/softmax_cross_entropy_with_logits/Shape_2/_9,2,13.26,6.63,13.26,6.63,0.0,0.0,9.400297927059204e-05,0.9998189343820854
94,Host,Dataset,Iterator::Root::ParallelMapV2::Zip[0]::FlatMap[1]::Concatenate,2,35.612,17.806,13.021,6.5105,0.0,0.0,9.230865709520203e-05,0.9999112430391806
95,Host,Dataset,Iterator::Root::ParallelMapV2::Zip[1]::ForeverRepeat::FromTensor,4,5.76,1.44,5.76,1.44,0.0,0.0,4.083387334831147e-05,0.9999520769125289
96,Host,Dataset,Iterator::Root::ParallelMapV2::Zip[0]::FlatMap,2,39.462,19.731,3.85,1.925,0.0,0.0,2.7293474373437356e-05,0.9999793703869023
97,Host,Identity,Identity,2,2.91,1.455,2.91,1.455,0.0,0.0,2.062961309784486e-05,1.0000000000000002
