Rank,Host/device,Type,Operation,#Occurrences,Total time (us),Avg. time (us),Total self-time (us),Avg. self-time (us),Total self-time on Device (%),Cumulative total-self time on Device (%),Total self-time on Host (%),Cumulative total-self time on Host (%)
1,Device,IDLE,IDLE,0,27516.864,0.0,27516.864,0.0,0.2799811833644263,0.2799811833644263,0.0,0.0
2,Device,DepthwiseConv2dNativeBackpropFilter,gradient_tape/mobilenetv2_1.00_128/expanded_conv_depthwise/depthwise/DepthwiseConv2dNativeBackpropFilter,2,26301.534,13150.767,26301.534,13150.767,0.2676153290440252,0.5475965124084514,0.0,0.0
3,Device,DepthwiseConv2dNativeBackpropFilter,gradient_tape/mobilenetv2_1.00_128/block_1_depthwise/depthwise/DepthwiseConv2dNativeBackpropFilter,2,7064.602,3532.301,7064.602,3532.301,0.07188157880050185,0.6194780912089533,0.0,0.0
4,Device,DepthwiseConv2dNativeBackpropFilter,gradient_tape/mobilenetv2_1.00_128/block_3_depthwise/depthwise/DepthwiseConv2dNativeBackpropFilter,2,1876.999,938.4995,1876.999,938.4995,0.0190982664737466,0.6385763576826998,0.0,0.0
5,Device,FusedBatchNormGradV3,gradient_tape/mobilenetv2_1.00_128/block_1_expand_BN/FusedBatchNormGradV3,2,1041.412,520.706,1041.412,520.706,0.010596257049128633,0.6491726147318284,0.0,0.0
6,Device,_Recv,IteratorGetNext/_2,2,1035.364,517.682,1035.364,517.682,0.010534719288249048,0.6597073340200774,0.0,0.0
7,Device,Relu6Grad,gradient_tape/mobilenetv2_1.00_128/block_1_expand_relu/Relu6/Relu6Grad,2,658.434,329.217,658.434,329.217,0.0066994963702031105,0.6664068303902805,0.0,0.0
8,Device,FusedBatchNormV3,mobilenetv2_1.00_128/block_1_expand_BN/FusedBatchNormV3,4,645.122,161.2805,645.122,161.2805,0.006564048176944342,0.6729708785672248,0.0,0.0
9,Device,Conv2DBackpropFilter,gradient_tape/mobilenetv2_1.00_128/block_1_expand/Conv2D/Conv2DBackpropFilter,2,635.906,317.953,635.906,317.953,0.006470276350842118,0.6794411549180669,0.0,0.0
10,Device,DepthwiseConv2dNativeBackpropInput,gradient_tape/mobilenetv2_1.00_128/block_1_depthwise/depthwise/DepthwiseConv2dNativeBackpropInput,2,617.474,308.737,617.474,308.737,0.00628273269863767,0.6857238876167046,0.0,0.0
11,Device,DepthwiseConv2dNativeBackpropFilter,gradient_tape/mobilenetv2_1.00_128/block_6_depthwise/depthwise/DepthwiseConv2dNativeBackpropFilter,2,482.306,241.153,482.306,241.153,0.004907412582471715,0.6906313001991763,0.0,0.0
12,Device,Slice,gradient_tape/mobilenetv2_1.00_128/block_1_pad/Slice_1,2,476.162,238.081,476.162,238.081,0.004844898031736899,0.6954761982309132,0.0,0.0
13,Device,Pad,mobilenetv2_1.00_128/block_1_pad/Pad,2,457.73,228.865,457.73,228.865,0.004657354379532451,0.7001335526104456,0.0,0.0
14,Device,Conv2DBackpropFilter,gradient_tape/mobilenetv2_1.00_128/expanded_conv_project/Conv2D/Conv2DBackpropFilter,4,451.585,112.89625,451.585,112.89625,0.004594829653903309,0.704728382264349,0.0,0.0
15,Device,FusedBatchNormGradV3,gradient_tape/mobilenetv2_1.00_128/bn_Conv1/FusedBatchNormGradV3,2,446.465,223.2325,446.465,223.2325,0.004542734194957629,0.7092711164593066,0.0,0.0
16,Device,FusedBatchNormGradV3,gradient_tape/mobilenetv2_1.00_128/expanded_conv_depthwise_BN/FusedBatchNormGradV3,2,444.417,222.2085,444.417,222.2085,0.004521896011379357,0.7137930124706859,0.0,0.0
17,Device,Relu6,mobilenetv2_1.00_128/block_1_expand_relu/Relu6,2,432.13,216.065,432.13,216.065,0.0043968770848040505,0.71818988955549,0.0,0.0
18,Device,FusedBatchNormGradV3,gradient_tape/mobilenetv2_1.00_128/block_2_expand_BN/FusedBatchNormGradV3,2,398.338,199.169,398.338,199.169,0.004053047055762562,0.7222429366112526,0.0,0.0
19,Device,FusedBatchNormGradV3,gradient_tape/mobilenetv2_1.00_128/block_3_expand_BN/FusedBatchNormGradV3,2,398.337,199.1685,398.337,199.1685,0.004053036880868236,0.7262959734921208,0.0,0.0
20,Device,FusedBatchNormGradV3,gradient_tape/mobilenetv2_1.00_128/block_2_depthwise_BN/FusedBatchNormGradV3,2,396.288,198.144,396.288,198.144,0.00403218852239564,0.7303281620145164,0.0,0.0
21,Device,FusedBatchNormGradV3,gradient_tape/mobilenetv2_1.00_128/expanded_conv_project_BN/FusedBatchNormGradV3,2,347.137,173.5685,347.137,173.5685,0.0035320822914114355,0.7338602443059279,0.0,0.0
22,Device,Conv2DBackpropInput,gradient_tape/mobilenetv2_1.00_128/block_1_expand/Conv2D/Conv2DBackpropInput,2,331.776,165.888,331.776,165.888,0.00337578573968007,0.737236030045608,0.0,0.0
23,Device,Conv2D,mobilenetv2_1.00_128/block_1_expand/Conv2D,2,310.272,155.136,310.272,155.136,0.0031569848121082134,0.7403930148577162,0.0,0.0
24,Device,DepthwiseConv2dNative,mobilenetv2_1.00_128/block_1_depthwise/depthwise,2,304.128,152.064,304.128,152.064,0.0030944702613733975,0.7434874851190897,0.0,0.0
25,Device,Conv2DBackpropFilter,gradient_tape/mobilenetv2_1.00_128/Conv1/Conv2D/Conv2DBackpropFilter,2,301.058,150.529,301.058,150.529,0.00306323333579464,0.7465507184548843,0.0,0.0
26,Device,DepthwiseConv2dNativeBackpropInput,gradient_tape/mobilenetv2_1.00_128/block_2_depthwise/depthwise/DepthwiseConv2dNativeBackpropInput,2,287.744,143.872,287.744,143.872,0.0029277647927472214,0.7494784832476316,0.0,0.0
27,Device,FusedBatchNormGradV3,gradient_tape/mobilenetv2_1.00_128/block_1_depthwise_BN/FusedBatchNormGradV3,2,266.24,133.12,266.24,133.12,0.002708963865175365,0.7521874471128069,0.0,0.0
28,Device,DepthwiseConv2dNativeBackpropInput,gradient_tape/mobilenetv2_1.00_128/expanded_conv_depthwise/depthwise/DepthwiseConv2dNativeBackpropInput,2,261.121,130.5605,261.121,130.5605,0.0026568785811240097,0.7548443256939309,0.0,0.0
29,Device,FusedBatchNormV3,mobilenetv2_1.00_128/bn_Conv1/FusedBatchNormV3,4,261.12,65.28,261.12,65.28,0.0026568684062296846,0.7575011941001606,0.0,0.0
30,Device,FusedBatchNormV3,mobilenetv2_1.00_128/expanded_conv_depthwise_BN/FusedBatchNormV3,4,257.026,64.2565,257.026,64.2565,0.0026152123888617913,0.7601164064890223,0.0,0.0
31,Device,Conv2DBackpropFilter,gradient_tape/mobilenetv2_1.00_128/block_1_project/Conv2D/Conv2DBackpropFilter,2,252.929,126.4645,252.929,126.4645,0.002573525846810922,0.7626899323358333,0.0,0.0
32,Device,DepthwiseConv2dNativeBackpropInput,gradient_tape/mobilenetv2_1.00_128/block_3_depthwise/depthwise/DepthwiseConv2dNativeBackpropInput,2,250.881,125.4405,250.881,125.4405,0.00255268766323265,0.765242619999066,0.0,0.0
33,Device,FusedBatchNormV3,mobilenetv2_1.00_128/block_2_expand_BN/FusedBatchNormV3,4,245.761,61.44025,245.761,61.44025,0.0025005922042869696,0.767743212203353,0.0,0.0
34,Device,FusedBatchNormV3,mobilenetv2_1.00_128/block_2_depthwise_BN/FusedBatchNormV3,4,245.76,61.44,245.76,61.44,0.0025005820293926445,0.7702437942327456,0.0,0.0
35,Device,Relu6Grad,gradient_tape/mobilenetv2_1.00_128/block_3_expand_relu/Relu6/Relu6Grad,2,244.738,122.369,244.738,122.369,0.002490183287392159,0.7727339775201377,0.0,0.0
36,Device,Relu6Grad,gradient_tape/mobilenetv2_1.00_128/block_2_expand_relu/Relu6/Relu6Grad,2,244.737,122.3685,244.737,122.3685,0.0024901731124978336,0.7752241506326356,0.0,0.0
37,Device,Relu6Grad,gradient_tape/mobilenetv2_1.00_128/block_2_depthwise_relu/Relu6/Relu6Grad,2,243.714,121.857,243.714,121.857,0.002479764195603023,0.7777039148282386,0.0,0.0
38,Device,FusedBatchNormV3,mobilenetv2_1.00_128/block_3_expand_BN/FusedBatchNormV3,4,243.712,60.928,243.712,60.928,0.002479743845814372,0.780183658674053,0.0,0.0
39,Device,DepthwiseConv2dNative,mobilenetv2_1.00_128/expanded_conv_depthwise/depthwise,2,239.616,119.808,239.616,119.808,0.0024380674786578286,0.7826217261527109,0.0,0.0
40,Device,DepthwiseConv2dNativeBackpropFilter,gradient_tape/mobilenetv2_1.00_128/block_2_depthwise/depthwise/DepthwiseConv2dNativeBackpropFilter,2,238.594,119.297,238.594,119.297,0.0024276687366573428,0.7850493948893682,0.0,0.0
41,Device,Conv2DBackpropFilter,gradient_tape/mobilenetv2_1.00_128/block_3_expand/Conv2D/Conv2DBackpropFilter,2,235.52,117.76,235.52,117.76,0.0023963911115012842,0.7874457860008695,0.0,0.0
42,Device,Conv2DBackpropFilter,gradient_tape/mobilenetv2_1.00_128/block_2_expand/Conv2D/Conv2DBackpropFilter,2,230.4,115.2,230.4,115.2,0.0023442956525556043,0.789790081653425,0.0,0.0
43,Device,Conv2DBackpropInput,gradient_tape/mobilenetv2_1.00_128/Conv_1/Conv2D/Conv2DBackpropInput,2,227.329,113.6645,227.329,113.6645,0.0023130485520825215,0.7921031302055075,0.0,0.0
44,Device,Conv2DBackpropFilter,gradient_tape/mobilenetv2_1.00_128/block_2_project/Conv2D/Conv2DBackpropFilter,2,226.305,113.1525,226.305,113.1525,0.0023026294602933855,0.7944057596658008,0.0,0.0
45,Device,DepthwiseConv2dNativeBackpropFilter,gradient_tape/mobilenetv2_1.00_128/block_14_depthwise/depthwise/DepthwiseConv2dNativeBackpropFilter,2,216.066,108.033,216.066,108.033,0.0021984487172963508,0.7966042083830972,0.0,0.0
46,Device,DepthwiseConv2dNativeBackpropFilter,gradient_tape/mobilenetv2_1.00_128/block_13_depthwise/depthwise/DepthwiseConv2dNativeBackpropFilter,2,216.065,108.0325,216.065,108.0325,0.0021984385424020252,0.7988026469254992,0.0,0.0
47,Device,DepthwiseConv2dNativeBackpropFilter,gradient_tape/mobilenetv2_1.00_128/block_15_depthwise/depthwise/DepthwiseConv2dNativeBackpropFilter,2,215.04,107.52,215.04,107.52,0.0021880092757185637,0.8009906562012178,0.0,0.0
48,Device,FusedBatchNormV3,mobilenetv2_1.00_128/expanded_conv_project_BN/FusedBatchNormV3,4,209.922,52.4805,209.922,52.4805,0.0021359341665615345,0.8031265903677793,0.0,0.0
49,Device,Relu6Grad,gradient_tape/mobilenetv2_1.00_128/expanded_conv_depthwise_relu/Relu6/Relu6Grad,2,207.874,103.937,207.874,103.937,0.0021150959829832625,0.8052416863507627,0.0,0.0
50,Device,Relu6Grad,gradient_tape/mobilenetv2_1.00_128/Conv1_relu/Relu6/Relu6Grad,2,202.753,101.3765,202.753,101.3765,0.0020629903491432566,0.8073046766999059,0.0,0.0
51,Device,DepthwiseConv2dNativeBackpropFilter,gradient_tape/mobilenetv2_1.00_128/block_16_depthwise/depthwise/DepthwiseConv2dNativeBackpropFilter,2,199.681,99.8405,199.681,99.8405,0.002031733073775849,0.8093364097736817,0.0,0.0
52,Device,Conv2DBackpropFilter,gradient_tape/mobilenetv2_1.00_128/Conv_1/Conv2D/Conv2DBackpropFilter,2,191.489,95.7445,191.489,95.7445,0.0019483803394627608,0.8112847901131445,0.0,0.0
53,Device,Conv2D,mobilenetv2_1.00_128/Conv1/Conv2D,2,190.468,95.234,190.468,95.234,0.0019379917723566006,0.8132227818855011,0.0,0.0
54,Device,Slice,gradient_tape/mobilenetv2_1.00_128/block_3_pad/Slice_1,2,183.296,91.648,183.296,91.648,0.0018650174302553473,0.8150877993157565,0.0,0.0
55,Device,Pad,mobilenetv2_1.00_128/block_3_pad/Pad,2,178.176,89.088,178.176,89.088,0.0018129219713096671,0.8169007212870661,0.0,0.0
56,Device,DepthwiseConv2dNative,mobilenetv2_1.00_128/block_2_depthwise/depthwise,2,175.106,87.553,175.106,87.553,0.0017816850457309098,0.8186824063327971,0.0,0.0
57,Device,Relu6Grad,gradient_tape/mobilenetv2_1.00_128/block_1_depthwise_relu/Relu6/Relu6Grad,2,163.842,81.921,163.842,81.921,0.0016670750360504138,0.8203494813688476,0.0,0.0
58,Device,Relu6,mobilenetv2_1.00_128/block_2_depthwise_relu/Relu6,2,163.84,81.92,163.84,81.92,0.001667054686261763,0.8220165360551093,0.0,0.0
59,Device,Relu6,mobilenetv2_1.00_128/block_2_expand_relu/Relu6,2,163.84,81.92,163.84,81.92,0.001667054686261763,0.823683590741371,0.0,0.0
60,Device,Relu6,mobilenetv2_1.00_128/block_3_expand_relu/Relu6,2,162.818,81.409,162.818,81.409,0.0016566559442612776,0.8253402466856322,0.0,0.0
61,Device,FusedBatchNormV3,mobilenetv2_1.00_128/block_1_depthwise_BN/FusedBatchNormV3,4,160.77,40.1925,160.77,40.1925,0.0016358177606830056,0.8269760644463152,0.0,0.0
62,Device,Conv2D,mobilenetv2_1.00_128/block_2_expand/Conv2D,2,154.625,77.3125,154.625,77.3125,0.001573293035053864,0.828549357481369,0.0,0.0
63,Device,Conv2DBackpropInput,gradient_tape/mobilenetv2_1.00_128/block_2_project/Conv2D/Conv2DBackpropInput,2,152.576,76.288,152.576,76.288,0.0015524446765812668,0.8301018021579503,0.0,0.0
64,Device,Conv2D,mobilenetv2_1.00_128/block_3_expand/Conv2D,2,151.552,75.776,151.552,75.776,0.0015420255847921306,0.8316438277427424,0.0,0.0
65,Device,Conv2DBackpropInput,gradient_tape/mobilenetv2_1.00_128/block_15_expand/Conv2D/Conv2DBackpropInput,4,148.48,37.12,148.48,37.12,0.0015107683094247226,0.8331545960521671,0.0,0.0
66,Device,Relu6,mobilenetv2_1.00_128/Conv1_relu/Relu6,2,147.458,73.729,147.458,73.729,0.0015003695674242372,0.8346549656195914,0.0,0.0
67,Device,Conv2DBackpropInput,gradient_tape/mobilenetv2_1.00_128/block_16_expand/Conv2D/Conv2DBackpropInput,4,147.457,36.86425,147.457,36.86425,0.001500359392529912,0.8361553250121213,0.0,0.0
68,Device,Conv2DBackpropInput,gradient_tape/mobilenetv2_1.00_128/block_14_expand/Conv2D/Conv2DBackpropInput,4,146.433,36.60825,146.433,36.60825,0.001489940300740776,0.8376452653128621,0.0,0.0
69,Device,Relu6,mobilenetv2_1.00_128/expanded_conv_depthwise_relu/Relu6,2,146.432,73.216,146.432,73.216,0.0014899301258464504,0.8391351954387085,0.0,0.0
70,Device,Conv2DBackpropFilter,gradient_tape/mobilenetv2_1.00_128/block_11_project/Conv2D/Conv2DBackpropFilter,4,136.192,34.048,136.192,34.048,0.0013857392079550906,0.8405209346466636,0.0,0.0
71,Device,Conv2DBackpropFilter,gradient_tape/mobilenetv2_1.00_128/block_12_project/Conv2D/Conv2DBackpropFilter,4,135.168,33.792,135.168,33.792,0.0013753201161659544,0.8418962547628295,0.0,0.0
72,Device,Conv2DBackpropInput,gradient_tape/mobilenetv2_1.00_128/block_3_expand/Conv2D/Conv2DBackpropInput,2,133.12,66.56,133.12,66.56,0.0013544819325876825,0.8432507366954172,0.0,0.0
73,Device,Conv2DBackpropInput,gradient_tape/mobilenetv2_1.00_128/expanded_conv_project/Conv2D/Conv2DBackpropInput,2,132.097,66.0485,132.097,66.0485,0.0013440730156928718,0.84459480971111,0.0,0.0
74,Device,Conv2DBackpropInput,gradient_tape/mobilenetv2_1.00_128/block_2_expand/Conv2D/Conv2DBackpropInput,2,132.096,66.048,132.096,66.048,0.0013440628407985465,0.8459388725519086,0.0,0.0
75,Device,DepthwiseConv2dNative,mobilenetv2_1.00_128/block_3_depthwise/depthwise,2,132.096,66.048,132.096,66.048,0.0013440628407985465,0.8472829353927072,0.0,0.0
76,Device,Conv2D,mobilenetv2_1.00_128/expanded_conv_project/Conv2D,2,132.096,66.048,132.096,66.048,0.0013440628407985465,0.8486269982335057,0.0,0.0
77,Device,FusedBatchNormGradV3,gradient_tape/mobilenetv2_1.00_128/block_6_expand_BN/FusedBatchNormGradV3,2,129.024,64.512,129.024,64.512,0.0013128055654311383,0.8499398037989369,0.0,0.0
78,Device,FusedBatchNormGradV3,gradient_tape/mobilenetv2_1.00_128/block_4_depthwise_BN/FusedBatchNormGradV3,2,126.977,63.4885,126.977,63.4885,0.0012919775567471917,0.851231781355684,0.0,0.0
79,Device,FusedBatchNormGradV3,gradient_tape/mobilenetv2_1.00_128/block_5_expand_BN/FusedBatchNormGradV3,2,126.977,63.4885,126.977,63.4885,0.0012919775567471917,0.8525237589124312,0.0,0.0
80,Device,FusedBatchNormGradV3,gradient_tape/mobilenetv2_1.00_128/block_5_depthwise_BN/FusedBatchNormGradV3,2,126.976,63.488,126.976,63.488,0.0012919673818528664,0.853815726294284,0.0,0.0
81,Device,FusedBatchNormGradV3,gradient_tape/mobilenetv2_1.00_128/block_4_expand_BN/FusedBatchNormGradV3,2,124.928,62.464,124.928,62.464,0.0012711291982745942,0.8550868554925586,0.0,0.0
82,Device,SoftmaxCrossEntropyWithLogits,categorical_crossentropy/softmax_cross_entropy_with_logits,2,123.904,61.952,123.904,61.952,0.0012607101064854582,0.856347565599044,0.0,0.0
83,Device,Conv2DBackpropFilter,gradient_tape/mobilenetv2_1.00_128/block_13_expand/Conv2D/Conv2DBackpropFilter,2,122.88,61.44,122.88,61.44,0.0012502910146963222,0.8575978566137403,0.0,0.0
84,Device,Conv2DBackpropFilter,gradient_tape/mobilenetv2_1.00_128/block_11_expand/Conv2D/Conv2DBackpropFilter,2,120.833,60.4165,120.833,60.4165,0.0012294630060123756,0.8588273196197527,0.0,0.0
85,Device,Conv2DBackpropFilter,gradient_tape/mobilenetv2_1.00_128/block_12_expand/Conv2D/Conv2DBackpropFilter,2,120.833,60.4165,120.833,60.4165,0.0012294630060123756,0.860056782625765,0.0,0.0
86,Device,Conv2D,mobilenetv2_1.00_128/block_2_project/Conv2D,2,113.666,56.833,113.666,56.833,0.0011565395383827486,0.8612133221641478,0.0,0.0
87,Device,Conv2D,mobilenetv2_1.00_128/block_14_project/Conv2D,4,112.64,28.16,112.64,28.16,0.001146100096804962,0.8623594222609527,0.0,0.0
88,Device,Relu6,mobilenetv2_1.00_128/block_1_depthwise_relu/Relu6,2,111.616,55.808,111.616,55.808,0.001135681005015826,0.8634951032659686,0.0,0.0
89,Device,Conv2D,mobilenetv2_1.00_128/block_15_project/Conv2D,4,110.593,27.64825,110.593,27.64825,0.0011252720881210153,0.8646203753540895,0.0,0.0
90,Device,Conv2DBackpropFilter,gradient_tape/mobilenetv2_1.00_128/block_4_project/Conv2D/Conv2DBackpropFilter,2,108.545,54.2725,108.545,54.2725,0.0011044339045427434,0.8657248092586323,0.0,0.0
91,Device,Conv2DBackpropFilter,gradient_tape/mobilenetv2_1.00_128/block_16_project/Conv2D/Conv2DBackpropFilter,4,107.521,26.88025,107.521,26.88025,0.0010940148127536072,0.8668188240713859,0.0,0.0
92,Device,Conv2DBackpropFilter,gradient_tape/mobilenetv2_1.00_128/block_5_project/Conv2D/Conv2DBackpropFilter,2,107.521,53.7605,107.521,53.7605,0.0010940148127536072,0.8679128388841395,0.0,0.0
93,Device,Conv2DBackpropInput,gradient_tape/mobilenetv2_1.00_128/block_13_expand/Conv2D/Conv2DBackpropInput,4,107.52,26.88,107.52,26.88,0.0010940046378592819,0.8690068435219988,0.0,0.0
94,Device,Conv2DBackpropInput,gradient_tape/mobilenetv2_1.00_128/block_16_project/Conv2D/Conv2DBackpropInput,2,107.52,53.76,107.52,53.76,0.0010940046378592819,0.870100848159858,0.0,0.0
95,Device,Conv2DBackpropInput,gradient_tape/mobilenetv2_1.00_128/block_1_project/Conv2D/Conv2DBackpropInput,2,107.52,53.76,107.52,53.76,0.0010940046378592819,0.8711948527977172,0.0,0.0
96,Device,Conv2D,mobilenetv2_1.00_128/block_16_project/Conv2D,2,107.52,53.76,107.52,53.76,0.0010940046378592819,0.8722888574355765,0.0,0.0
97,Device,DepthwiseConv2dNativeBackpropInput,gradient_tape/mobilenetv2_1.00_128/block_4_depthwise/depthwise/DepthwiseConv2dNativeBackpropInput,2,106.497,53.2485,106.497,53.2485,0.0010835957209644712,0.873372453156541,0.0,0.0
98,Device,DepthwiseConv2dNativeBackpropInput,gradient_tape/mobilenetv2_1.00_128/block_5_depthwise/depthwise/DepthwiseConv2dNativeBackpropInput,2,106.496,53.248,106.496,53.248,0.0010835855460701459,0.8744560387026111,0.0,0.0
99,Device,Conv2DBackpropInput,gradient_tape/mobilenetv2_1.00_128/block_11_expand/Conv2D/Conv2DBackpropInput,4,105.473,26.36825,105.473,26.36825,0.0010731766291753352,0.8755292153317865,0.0,0.0
100,Device,Conv2DBackpropInput,gradient_tape/mobilenetv2_1.00_128/block_12_expand/Conv2D/Conv2DBackpropInput,4,105.472,26.368,105.472,26.368,0.00107316645428101,0.8766023817860675,0.0,0.0
101,Device,Conv2DBackpropFilter,gradient_tape/mobilenetv2_1.00_128/block_3_project/Conv2D/Conv2DBackpropFilter,2,105.472,52.736,105.472,52.736,0.00107316645428101,0.8776755482403485,0.0,0.0
102,Device,DepthwiseConv2dNativeBackpropFilter,gradient_tape/mobilenetv2_1.00_128/block_5_depthwise/depthwise/DepthwiseConv2dNativeBackpropFilter,2,98.305,49.1525,98.305,49.1525,0.0010002429866513831,0.8786757912269999,0.0,0.0
103,Device,Conv2DBackpropFilter,gradient_tape/mobilenetv2_1.00_128/block_15_expand/Conv2D/Conv2DBackpropFilter,2,97.281,48.6405,97.281,48.6405,0.0009898238948622472,0.8796656151218621,0.0,0.0
104,Device,DepthwiseConv2dNativeBackpropFilter,gradient_tape/mobilenetv2_1.00_128/block_4_depthwise/depthwise/DepthwiseConv2dNativeBackpropFilter,2,97.28,48.64,97.28,48.64,0.0009898137199679218,0.88065542884183,0.0,0.0
105,Device,Conv2D,mobilenetv2_1.00_128/Conv_1/Conv2D,2,97.28,48.64,97.28,48.64,0.0009898137199679218,0.8816452425617979,0.0,0.0
106,Device,FusedBatchNormGradV3,gradient_tape/mobilenetv2_1.00_128/block_1_project_BN/FusedBatchNormGradV3,2,96.257,48.1285,96.257,48.1285,0.0009794048030731112,0.882624647364871,0.0,0.0
107,Device,Conv2DBackpropFilter,gradient_tape/mobilenetv2_1.00_128/block_16_expand/Conv2D/Conv2DBackpropFilter,2,96.256,48.128,96.256,48.128,0.0009793946281787856,0.8836040419930498,0.0,0.0
108,Device,DepthwiseConv2dNativeBackpropInput,gradient_tape/mobilenetv2_1.00_128/block_6_depthwise/depthwise/DepthwiseConv2dNativeBackpropInput,2,96.256,48.128,96.256,48.128,0.0009793946281787856,0.8845834366212285,0.0,0.0
109,Device,FusedBatchNormGradV3,gradient_tape/mobilenetv2_1.00_128/block_2_project_BN/FusedBatchNormGradV3,2,95.233,47.6165,95.233,47.6165,0.0009689857112839751,0.8855524223325125,0.0,0.0
110,Device,Conv2DBackpropFilter,gradient_tape/mobilenetv2_1.00_128/block_14_expand/Conv2D/Conv2DBackpropFilter,2,95.232,47.616,95.232,47.616,0.0009689755363896497,0.8865213978689022,0.0,0.0
111,Device,Conv2DBackpropFilter,gradient_tape/mobilenetv2_1.00_128/block_10_project/Conv2D/Conv2DBackpropFilter,2,94.208,47.104,94.208,47.104,0.0009585564446005137,0.8874799543135027,0.0,0.0
112,Device,Conv2DBackpropFilter,gradient_tape/mobilenetv2_1.00_128/block_4_expand/Conv2D/Conv2DBackpropFilter,2,93.185,46.5925,93.185,46.5925,0.000948147527705703,0.8884281018412084,0.0,0.0
113,Device,Conv2DBackpropFilter,gradient_tape/mobilenetv2_1.00_128/block_6_expand/Conv2D/Conv2DBackpropFilter,2,93.185,46.5925,93.185,46.5925,0.000948147527705703,0.889376249368914,0.0,0.0
114,Device,Conv2DBackpropFilter,gradient_tape/mobilenetv2_1.00_128/block_5_expand/Conv2D/Conv2DBackpropFilter,2,92.16,46.08,92.16,46.08,0.0009377182610222416,0.8903139676299363,0.0,0.0
115,Device,Conv2DBackpropFilter,gradient_tape/mobilenetv2_1.00_128/block_14_project/Conv2D/Conv2DBackpropFilter,4,90.112,22.528,90.112,22.528,0.0009168800774439695,0.8912308477073803,0.0,0.0
116,Device,Conv2D,mobilenetv2_1.00_128/block_1_project/Conv2D,2,89.088,44.544,89.088,44.544,0.0009064609856548336,0.8921373086930351,0.0,0.0
117,Device,Conv2DBackpropFilter,gradient_tape/mobilenetv2_1.00_128/block_15_project/Conv2D/Conv2DBackpropFilter,4,87.041,21.76025,87.041,21.76025,0.0008856329769708869,0.893022941670006,0.0,0.0
118,Device,DepthwiseConv2dNativeBackpropInput,gradient_tape/mobilenetv2_1.00_128/block_11_depthwise/depthwise/DepthwiseConv2dNativeBackpropInput,2,87.04,43.52,87.04,43.52,0.0008856228020765616,0.8939085644720826,0.0,0.0
119,Device,FusedBatchNormGradV3,gradient_tape/mobilenetv2_1.00_128/block_3_depthwise_BN/FusedBatchNormGradV3,2,87.04,43.52,87.04,43.52,0.0008856228020765616,0.8947941872741592,0.0,0.0
120,Device,DepthwiseConv2dNativeBackpropInput,gradient_tape/mobilenetv2_1.00_128/block_12_depthwise/depthwise/DepthwiseConv2dNativeBackpropInput,2,86.017,43.0085,86.017,43.0085,0.0008752138851817508,0.8956694011593409,0.0,0.0
121,Device,Conv2DBackpropFilter,gradient_tape/mobilenetv2_1.00_128/block_9_project/Conv2D/Conv2DBackpropFilter,2,86.016,43.008,86.016,43.008,0.0008752037102874256,0.8965446048696283,0.0,0.0
122,Device,Conv2DBackpropFilter,gradient_tape/mobilenetv2_1.00_128/block_8_project/Conv2D/Conv2DBackpropFilter,2,84.992,42.496,84.992,42.496,0.0008647846184982895,0.8974093894881265,0.0,0.0
123,Device,DepthwiseConv2dNativeBackpropInput,gradient_tape/mobilenetv2_1.00_128/block_13_depthwise/depthwise/DepthwiseConv2dNativeBackpropInput,2,83.968,41.984,83.968,41.984,0.0008543655267091536,0.8982637550148357,0.0,0.0
124,Device,Conv2DBackpropFilter,gradient_tape/mobilenetv2_1.00_128/block_7_project/Conv2D/Conv2DBackpropFilter,2,83.968,41.984,83.968,41.984,0.0008543655267091536,0.8991181205415448,0.0,0.0
125,Device,Conv2D,mobilenetv2_1.00_128/block_11_project/Conv2D,2,83.968,41.984,83.968,41.984,0.0008543655267091536,0.899972486068254,0.0,0.0
126,Device,Relu6Grad,gradient_tape/mobilenetv2_1.00_128/block_6_expand_relu/Relu6/Relu6Grad,2,82.944,41.472,82.944,41.472,0.0008439464349200175,0.900816432503174,0.0,0.0
127,Device,Conv2D,mobilenetv2_1.00_128/block_12_project/Conv2D,2,80.896,40.448,80.896,40.448,0.0008231082513417455,0.9016395407545158,0.0,0.0
128,Device,Relu6Grad,gradient_tape/mobilenetv2_1.00_128/block_4_expand_relu/Relu6/Relu6Grad,2,76.8,38.4,76.8,38.4,0.0007814318841852014,0.902420972638701,0.0,0.0
129,Device,Relu6Grad,gradient_tape/mobilenetv2_1.00_128/block_5_expand_relu/Relu6/Relu6Grad,2,76.8,38.4,76.8,38.4,0.0007814318841852014,0.9032024045228862,0.0,0.0
130,Device,Conv2DBackpropInput,gradient_tape/mobilenetv2_1.00_128/block_10_expand/Conv2D/Conv2DBackpropInput,4,74.752,18.688,74.752,18.688,0.0007605937006069293,0.9039629982234931,0.0,0.0
131,Device,Conv2DBackpropInput,gradient_tape/mobilenetv2_1.00_128/block_9_expand/Conv2D/Conv2DBackpropInput,4,73.729,18.43225,73.729,18.43225,0.0007501847837121186,0.9047131830072053,0.0,0.0
132,Device,Conv2DBackpropFilter,gradient_tape/mobilenetv2_1.00_128/block_13_project/Conv2D/Conv2DBackpropFilter,4,73.728,18.432,73.728,18.432,0.0007501746088177933,0.905463357616023,0.0,0.0
133,Device,Conv2DBackpropInput,gradient_tape/mobilenetv2_1.00_128/block_8_expand/Conv2D/Conv2DBackpropInput,4,72.704,18.176,72.704,18.176,0.0007397555170286572,0.9062031131330517,0.0,0.0
134,Device,Conv2DBackpropInput,gradient_tape/mobilenetv2_1.00_128/block_15_project/Conv2D/Conv2DBackpropInput,2,71.681,35.8405,71.681,35.8405,0.0007293466001338466,0.9069324597331855,0.0,0.0
135,Device,Relu6Grad,gradient_tape/mobilenetv2_1.00_128/block_5_depthwise_relu/Relu6/Relu6Grad,2,71.681,35.8405,71.681,35.8405,0.0007293466001338466,0.9076618063333193,0.0,0.0
136,Device,Conv2DBackpropInput,gradient_tape/mobilenetv2_1.00_128/block_7_expand/Conv2D/Conv2DBackpropInput,4,71.68,17.92,71.68,17.92,0.0007293364252395214,0.9083911427585588,0.0,0.0
137,Device,Relu6Grad,gradient_tape/mobilenetv2_1.00_128/block_4_depthwise_relu/Relu6/Relu6Grad,2,70.656,35.328,70.656,35.328,0.0007189173334503854,0.9091100600920092,0.0,0.0
138,Device,Conv2DBackpropInput,gradient_tape/mobilenetv2_1.00_128/block_13_project/Conv2D/Conv2DBackpropInput,4,68.609,17.15225,68.609,17.15225,0.0006980893247664385,0.9098081494167757,0.0,0.0
139,Device,Conv2DBackpropFilter,gradient_tape/mobilenetv2_1.00_128/block_10_expand/Conv2D/Conv2DBackpropFilter,2,68.608,34.304,68.608,34.304,0.0006980791498721133,0.9105062285666478,0.0,0.0
140,Device,Conv2DBackpropInput,gradient_tape/mobilenetv2_1.00_128/block_14_project/Conv2D/Conv2DBackpropInput,2,68.608,34.304,68.608,34.304,0.0006980791498721133,0.9112043077165198,0.0,0.0
141,Device,Conv2DBackpropFilter,gradient_tape/mobilenetv2_1.00_128/block_9_expand/Conv2D/Conv2DBackpropFilter,2,67.585,33.7925,67.585,33.7925,0.0006876702329773025,0.9118919779494972,0.0,0.0
142,Device,Conv2DBackpropInput,gradient_tape/mobilenetv2_1.00_128/block_6_expand/Conv2D/Conv2DBackpropInput,2,67.584,33.792,67.584,33.792,0.0006876600580829772,0.9125796380075801,0.0,0.0
143,Device,Conv2DBackpropFilter,gradient_tape/mobilenetv2_1.00_128/block_7_expand/Conv2D/Conv2DBackpropFilter,2,66.561,33.2805,66.561,33.2805,0.0006772511411881667,0.9132568891487683,0.0,0.0
144,Device,Conv2DBackpropFilter,gradient_tape/mobilenetv2_1.00_128/block_8_expand/Conv2D/Conv2DBackpropFilter,2,66.561,33.2805,66.561,33.2805,0.0006772511411881667,0.9139341402899566,0.0,0.0
145,Device,Transpose,gradient_tape/mobilenetv2_1.00_128/Conv1/Conv2D/Conv2DBackpropFilter-0-TransposeNHWCToNCHW-LayoutOptimizer,2,66.56,33.28,66.56,33.28,0.0006772409662938412,0.9146113812562504,0.0,0.0
146,Device,Conv2DBackpropInput,gradient_tape/mobilenetv2_1.00_128/block_5_expand/Conv2D/Conv2DBackpropInput,2,65.537,32.7685,65.537,32.7685,0.0006668320493990306,0.9152782133056494,0.0,0.0
147,Device,Conv2D,mobilenetv2_1.00_128/block_13_expand/Conv2D,2,65.537,32.7685,65.537,32.7685,0.0006668320493990306,0.9159450453550484,0.0,0.0
148,Device,Conv2DBackpropInput,gradient_tape/mobilenetv2_1.00_128/block_4_expand/Conv2D/Conv2DBackpropInput,2,65.536,32.768,65.536,32.768,0.0006668218745047051,0.9166118672295531,0.0,0.0
149,Device,Conv2D,mobilenetv2_1.00_128/block_12_expand/Conv2D,2,65.536,32.768,65.536,32.768,0.0006668218745047051,0.9172786891040579,0.0,0.0
150,Device,Conv2D,mobilenetv2_1.00_128/block_13_project/Conv2D,2,65.536,32.768,65.536,32.768,0.0006668218745047051,0.9179455109785626,0.0,0.0
151,Device,Conv2DBackpropInput,gradient_tape/mobilenetv2_1.00_128/block_10_project/Conv2D/Conv2DBackpropInput,2,64.512,32.256,64.512,32.256,0.0006564027827155692,0.9186019137612782,0.0,0.0
152,Device,Conv2D,mobilenetv2_1.00_128/block_11_expand/Conv2D,2,64.512,32.256,64.512,32.256,0.0006564027827155692,0.9192583165439938,0.0,0.0
153,Device,Relu6Grad,gradient_tape/mobilenetv2_1.00_128/block_13_expand_relu/Relu6/Relu6Grad,2,63.489,31.7445,63.489,31.7445,0.0006459938658207585,0.9199043104098146,0.0,0.0
154,Device,Conv2D,mobilenetv2_1.00_128/block_10_project/Conv2D,2,63.489,31.7445,63.489,31.7445,0.0006459938658207585,0.9205503042756353,0.0,0.0
155,Device,Conv2DBackpropInput,gradient_tape/mobilenetv2_1.00_128/block_11_project/Conv2D/Conv2DBackpropInput,2,63.488,31.744,63.488,31.744,0.0006459836909264332,0.9211962879665617,0.0,0.0
156,Device,FusedBatchNormGradV3,gradient_tape/mobilenetv2_1.00_128/block_11_depthwise_BN/FusedBatchNormGradV3,2,61.44,30.72,61.44,30.72,0.0006251455073481611,0.9218214334739099,0.0,0.0
157,Device,FusedBatchNormGradV3,gradient_tape/mobilenetv2_1.00_128/block_11_expand_BN/FusedBatchNormGradV3,2,61.44,30.72,61.44,30.72,0.0006251455073481611,0.922446578981258,0.0,0.0
158,Device,FusedBatchNormGradV3,gradient_tape/mobilenetv2_1.00_128/block_12_depthwise_BN/FusedBatchNormGradV3,2,61.44,30.72,61.44,30.72,0.0006251455073481611,0.9230717244886062,0.0,0.0
159,Device,FusedBatchNormGradV3,gradient_tape/mobilenetv2_1.00_128/block_12_expand_BN/FusedBatchNormGradV3,2,61.44,30.72,61.44,30.72,0.0006251455073481611,0.9236968699959544,0.0,0.0
160,Device,Conv2DBackpropInput,gradient_tape/mobilenetv2_1.00_128/block_12_project/Conv2D/Conv2DBackpropInput,2,61.44,30.72,61.44,30.72,0.0006251455073481611,0.9243220155033025,0.0,0.0
161,Device,FusedBatchNormGradV3,gradient_tape/mobilenetv2_1.00_128/block_13_expand_BN/FusedBatchNormGradV3,2,61.44,30.72,61.44,30.72,0.0006251455073481611,0.9249471610106507,0.0,0.0
162,Device,Conv2D,mobilenetv2_1.00_128/block_14_expand/Conv2D,2,61.44,30.72,61.44,30.72,0.0006251455073481611,0.9255723065179988,0.0,0.0
163,Device,DepthwiseConv2dNative,mobilenetv2_1.00_128/block_4_depthwise/depthwise,2,61.44,30.72,61.44,30.72,0.0006251455073481611,0.926197452025347,0.0,0.0
164,Device,Slice,gradient_tape/mobilenetv2_1.00_128/block_6_pad/Slice_1,2,60.417,30.2085,60.417,30.2085,0.0006147365904533504,0.9268121886158003,0.0,0.0
165,Device,DepthwiseConv2dNativeBackpropInput,gradient_tape/mobilenetv2_1.00_128/block_7_depthwise/depthwise/DepthwiseConv2dNativeBackpropInput,2,60.416,30.208,60.416,30.208,0.000614726415559025,0.9274269150313593,0.0,0.0
166,Device,Conv2D,mobilenetv2_1.00_128/block_15_expand/Conv2D,2,60.416,30.208,60.416,30.208,0.000614726415559025,0.9280416414469184,0.0,0.0
167,Device,DepthwiseConv2dNativeBackpropInput,gradient_tape/mobilenetv2_1.00_128/block_10_depthwise/depthwise/DepthwiseConv2dNativeBackpropInput,2,59.392,29.696,59.392,29.696,0.0006043073237698892,0.9286459487706883,0.0,0.0
168,Device,Conv2DBackpropFilter,gradient_tape/mobilenetv2_1.00_128/block_6_project/Conv2D/Conv2DBackpropFilter,2,59.392,29.696,59.392,29.696,0.0006043073237698892,0.9292502560944582,0.0,0.0
169,Device,DepthwiseConv2dNativeBackpropInput,gradient_tape/mobilenetv2_1.00_128/block_8_depthwise/depthwise/DepthwiseConv2dNativeBackpropInput,2,59.392,29.696,59.392,29.696,0.0006043073237698892,0.9298545634182281,0.0,0.0
170,Device,Conv2D,mobilenetv2_1.00_128/block_16_expand/Conv2D,2,59.392,29.696,59.392,29.696,0.0006043073237698892,0.9304588707419981,0.0,0.0
171,Device,DepthwiseConv2dNative,mobilenetv2_1.00_128/block_5_depthwise/depthwise,2,59.392,29.696,59.392,29.696,0.0006043073237698892,0.931063178065768,0.0,0.0
172,Device,Pad,mobilenetv2_1.00_128/block_6_pad/Pad,2,59.392,29.696,59.392,29.696,0.0006043073237698892,0.9316674853895379,0.0,0.0
173,Device,DepthwiseConv2dNativeBackpropInput,gradient_tape/mobilenetv2_1.00_128/block_9_depthwise/depthwise/DepthwiseConv2dNativeBackpropInput,2,58.368,29.184,58.368,29.184,0.0005938882319807531,0.9322613736215186,0.0,0.0
174,Device,Relu6Grad,gradient_tape/mobilenetv2_1.00_128/block_12_expand_relu/Relu6/Relu6Grad,2,56.32,28.16,56.32,28.16,0.000573050048402481,0.9328344236699211,0.0,0.0
175,Device,Conv2DBackpropInput,gradient_tape/mobilenetv2_1.00_128/block_5_project/Conv2D/Conv2DBackpropInput,2,56.32,28.16,56.32,28.16,0.000573050048402481,0.9334074737183236,0.0,0.0
176,Device,Conv2D,mobilenetv2_1.00_128/block_7_expand/Conv2D,2,56.32,28.16,56.32,28.16,0.000573050048402481,0.933980523766726,0.0,0.0
177,Device,Relu6Grad,gradient_tape/mobilenetv2_1.00_128/block_11_expand_relu/Relu6/Relu6Grad,2,55.297,27.6485,55.297,27.6485,0.0005626411315076703,0.9345431648982337,0.0,0.0
178,Device,Conv2D,mobilenetv2_1.00_128/block_4_expand/Conv2D,2,55.296,27.648,55.296,27.648,0.000562630956613345,0.9351057958548471,0.0,0.0
179,Device,Conv2D,mobilenetv2_1.00_128/block_5_expand/Conv2D,2,55.296,27.648,55.296,27.648,0.000562630956613345,0.9356684268114605,0.0,0.0
180,Device,Conv2D,mobilenetv2_1.00_128/block_6_expand/Conv2D,2,55.296,27.648,55.296,27.648,0.000562630956613345,0.9362310577680738,0.0,0.0
181,Device,Conv2D,mobilenetv2_1.00_128/block_9_expand/Conv2D,2,55.296,27.648,55.296,27.648,0.000562630956613345,0.9367936887246872,0.0,0.0
182,Device,Conv2DBackpropInput,gradient_tape/mobilenetv2_1.00_128/block_4_project/Conv2D/Conv2DBackpropInput,2,54.272,27.136,54.272,27.136,0.0005522118648242089,0.9373459005895114,0.0,0.0
183,Device,Pad,mobilenetv2_1.00_128/block_13_pad/Pad,2,54.272,27.136,54.272,27.136,0.0005522118648242089,0.9378981124543356,0.0,0.0
184,Device,Conv2D,mobilenetv2_1.00_128/block_7_project/Conv2D,2,54.272,27.136,54.272,27.136,0.0005522118648242089,0.9384503243191599,0.0,0.0
185,Device,Conv2D,mobilenetv2_1.00_128/block_8_expand/Conv2D,2,54.272,27.136,54.272,27.136,0.0005522118648242089,0.9390025361839841,0.0,0.0
186,Device,Conv2D,mobilenetv2_1.00_128/block_9_project/Conv2D,2,54.272,27.136,54.272,27.136,0.0005522118648242089,0.9395547480488083,0.0,0.0
187,Device,Conv2DBackpropInput,gradient_tape/mobilenetv2_1.00_128/block_9_project/Conv2D/Conv2DBackpropInput,2,53.248,26.624,53.248,26.624,0.0005417927730350729,0.9400965408218435,0.0,0.0
188,Device,FusedBatchNormV3,mobilenetv2_1.00_128/block_5_depthwise_BN/FusedBatchNormV3,4,53.248,13.312,53.248,13.312,0.0005417927730350729,0.9406383335948786,0.0,0.0
189,Device,Conv2D,mobilenetv2_1.00_128/block_10_expand/Conv2D,2,52.225,26.1125,52.225,26.1125,0.0005313838561402623,0.9411697174510189,0.0,0.0
190,Device,DepthwiseConv2dNativeBackpropFilter,gradient_tape/mobilenetv2_1.00_128/block_11_depthwise/depthwise/DepthwiseConv2dNativeBackpropFilter,2,52.224,26.112,52.224,26.112,0.0005313736812459369,0.9417010911322647,0.0,0.0
191,Device,DepthwiseConv2dNativeBackpropFilter,gradient_tape/mobilenetv2_1.00_128/block_12_depthwise/depthwise/DepthwiseConv2dNativeBackpropFilter,2,52.224,26.112,52.224,26.112,0.0005313736812459369,0.9422324648135106,0.0,0.0
192,Device,Conv2DBackpropInput,gradient_tape/mobilenetv2_1.00_128/block_8_project/Conv2D/Conv2DBackpropInput,2,52.224,26.112,52.224,26.112,0.0005313736812459369,0.9427638384947565,0.0,0.0
193,Device,DepthwiseConv2dNative,mobilenetv2_1.00_128/block_6_depthwise/depthwise,2,51.201,25.6005,51.201,25.6005,0.0005209647643511263,0.9432848032591077,0.0,0.0
194,Device,Conv2DBackpropInput,gradient_tape/mobilenetv2_1.00_128/block_7_project/Conv2D/Conv2DBackpropInput,2,51.2,25.6,51.2,25.6,0.000520954589456801,0.9438057578485645,0.0,0.0
195,Device,FusedBatchNormV3,mobilenetv2_1.00_128/block_4_depthwise_BN/FusedBatchNormV3,4,51.2,12.8,51.2,12.8,0.000520954589456801,0.9443267124380212,0.0,0.0
196,Device,Conv2D,mobilenetv2_1.00_128/block_8_project/Conv2D,2,51.2,25.6,51.2,25.6,0.000520954589456801,0.944847667027478,0.0,0.0
197,Device,Relu6Grad,gradient_tape/mobilenetv2_1.00_128/block_11_depthwise_relu/Relu6/Relu6Grad,2,49.152,24.576,49.152,24.576,0.0005001164058785289,0.9453477834333566,0.0,0.0
198,Device,Relu6Grad,gradient_tape/mobilenetv2_1.00_128/block_12_depthwise_relu/Relu6/Relu6Grad,2,49.152,24.576,49.152,24.576,0.0005001164058785289,0.9458478998392351,0.0,0.0
199,Device,Relu6Grad,gradient_tape/mobilenetv2_1.00_128/block_3_depthwise_relu/Relu6/Relu6Grad,2,49.152,24.576,49.152,24.576,0.0005001164058785289,0.9463480162451137,0.0,0.0
200,Device,Conv2DBackpropInput,gradient_tape/mobilenetv2_1.00_128/block_3_project/Conv2D/Conv2DBackpropInput,2,48.128,24.064,48.128,24.064,0.0004896973140893928,0.9468377135592031,0.0,0.0
201,Device,Conv2D,mobilenetv2_1.00_128/block_4_project/Conv2D,2,47.104,23.552,47.104,23.552,0.00047927822230025684,0.9473169917815033,0.0,0.0
202,Device,Conv2D,mobilenetv2_1.00_128/block_5_project/Conv2D,2,47.104,23.552,47.104,23.552,0.00047927822230025684,0.9477962700038035,0.0,0.0
203,Device,Conv2DBackpropInput,gradient_tape/mobilenetv2_1.00_128/block_6_project/Conv2D/Conv2DBackpropInput,2,46.08,23.04,46.08,23.04,0.0004688591305111208,0.9482651291343146,0.0,0.0
204,Device,FusedBatchNormV3,mobilenetv2_1.00_128/block_12_depthwise_BN/FusedBatchNormV3,4,45.056,11.264,45.056,11.264,0.0004584400387219848,0.9487235691730366,0.0,0.0
205,Device,FusedBatchNormV3,mobilenetv2_1.00_128/block_5_expand_BN/FusedBatchNormV3,4,43.009,10.75225,43.009,10.75225,0.0004376120300380381,0.9491611812030746,0.0,0.0
206,Device,DepthwiseConv2dNativeBackpropFilter,gradient_tape/mobilenetv2_1.00_128/block_10_depthwise/depthwise/DepthwiseConv2dNativeBackpropFilter,2,43.008,21.504,43.008,21.504,0.0004376018551437128,0.9495987830582183,0.0,0.0
207,Device,FusedBatchNormGradV3,gradient_tape/mobilenetv2_1.00_128/block_9_expand_BN/FusedBatchNormGradV3,2,43.008,21.504,43.008,21.504,0.0004376018551437128,0.9500363849133621,0.0,0.0
208,Device,FusedBatchNormV3,mobilenetv2_1.00_128/block_11_depthwise_BN/FusedBatchNormV3,4,43.008,10.752,43.008,10.752,0.0004376018551437128,0.9504739867685058,0.0,0.0
209,Device,FusedBatchNormGradV3,gradient_tape/mobilenetv2_1.00_128/Conv_1_bn/FusedBatchNormGradV3,2,41.984,20.992,41.984,20.992,0.0004271827633545768,0.9509011695318604,0.0,0.0
210,Device,FusedBatchNormGradV3,gradient_tape/mobilenetv2_1.00_128/block_10_depthwise_BN/FusedBatchNormGradV3,2,40.96,20.48,40.96,20.48,0.00041676367156544074,0.9513179332034258,0.0,0.0
211,Device,FusedBatchNormGradV3,gradient_tape/mobilenetv2_1.00_128/block_8_depthwise_BN/FusedBatchNormGradV3,2,40.96,20.48,40.96,20.48,0.00041676367156544074,0.9517346968749912,0.0,0.0
212,Device,FusedBatchNormGradV3,gradient_tape/mobilenetv2_1.00_128/block_8_expand_BN/FusedBatchNormGradV3,2,40.96,20.48,40.96,20.48,0.00041676367156544074,0.9521514605465566,0.0,0.0
213,Device,FusedBatchNormGradV3,gradient_tape/mobilenetv2_1.00_128/block_9_depthwise_BN/FusedBatchNormGradV3,2,40.96,20.48,40.96,20.48,0.00041676367156544074,0.952568224218122,0.0,0.0
214,Device,FusedBatchNormV3,mobilenetv2_1.00_128/Conv_1_bn/FusedBatchNormV3,4,40.96,10.24,40.96,10.24,0.00041676367156544074,0.9529849878896874,0.0,0.0
215,Device,FusedBatchNormV3,mobilenetv2_1.00_128/block_12_expand_BN/FusedBatchNormV3,4,40.96,10.24,40.96,10.24,0.00041676367156544074,0.9534017515612528,0.0,0.0
216,Device,FusedBatchNormV3,mobilenetv2_1.00_128/block_4_expand_BN/FusedBatchNormV3,4,40.96,10.24,40.96,10.24,0.00041676367156544074,0.9538185152328182,0.0,0.0
217,Device,FusedBatchNormV3,mobilenetv2_1.00_128/block_6_expand_BN/FusedBatchNormV3,4,40.96,10.24,40.96,10.24,0.00041676367156544074,0.9542352789043836,0.0,0.0
218,Device,FusedBatchNormGradV3,gradient_tape/mobilenetv2_1.00_128/block_7_depthwise_BN/FusedBatchNormGradV3,2,39.936,19.968,39.936,19.968,0.0004063445797763047,0.9546416234841599,0.0,0.0
219,Device,FusedBatchNormGradV3,gradient_tape/mobilenetv2_1.00_128/block_7_expand_BN/FusedBatchNormGradV3,2,39.936,19.968,39.936,19.968,0.0004063445797763047,0.9550479680639362,0.0,0.0
220,Device,FusedBatchNormGradV3,gradient_tape/mobilenetv2_1.00_128/block_10_expand_BN/FusedBatchNormGradV3,2,38.912,19.456,38.912,19.456,0.0003959254879871687,0.9554438935519234,0.0,0.0
221,Device,Slice,gradient_tape/mobilenetv2_1.00_128/block_13_pad/Slice_1,2,38.912,19.456,38.912,19.456,0.0003959254879871687,0.9558398190399106,0.0,0.0
222,Device,DepthwiseConv2dNativeBackpropInput,gradient_tape/mobilenetv2_1.00_128/block_15_depthwise/depthwise/DepthwiseConv2dNativeBackpropInput,2,38.912,19.456,38.912,19.456,0.0003959254879871687,0.9562357445278977,0.0,0.0
223,Device,DepthwiseConv2dNativeBackpropInput,gradient_tape/mobilenetv2_1.00_128/block_16_depthwise/depthwise/DepthwiseConv2dNativeBackpropInput,2,38.912,19.456,38.912,19.456,0.0003959254879871687,0.9566316700158849,0.0,0.0
224,Device,FusedBatchNormV3,mobilenetv2_1.00_128/block_11_expand_BN/FusedBatchNormV3,4,38.912,9.728,38.912,9.728,0.0003959254879871687,0.9570275955038721,0.0,0.0
225,Device,FusedBatchNormV3,mobilenetv2_1.00_128/block_1_project_BN/FusedBatchNormV3,4,38.912,9.728,38.912,9.728,0.0003959254879871687,0.9574235209918592,0.0,0.0
226,Device,FusedBatchNormV3,mobilenetv2_1.00_128/block_3_depthwise_BN/FusedBatchNormV3,4,38.912,9.728,38.912,9.728,0.0003959254879871687,0.9578194464798464,0.0,0.0
227,Device,DepthwiseConv2dNativeBackpropFilter,gradient_tape/mobilenetv2_1.00_128/block_9_depthwise/depthwise/DepthwiseConv2dNativeBackpropFilter,2,37.888,18.944,37.888,18.944,0.00038550639619803264,0.9582049528760445,0.0,0.0
228,Device,FusedBatchNormV3,mobilenetv2_1.00_128/block_13_expand_BN/FusedBatchNormV3,4,37.888,9.472,37.888,9.472,0.00038550639619803264,0.9585904592722425,0.0,0.0
229,Device,Conv2D,mobilenetv2_1.00_128/block_3_project/Conv2D,2,36.865,18.4325,36.865,18.4325,0.000375097479303222,0.9589655567515457,0.0,0.0
230,Device,DepthwiseConv2dNativeBackpropInput,gradient_tape/mobilenetv2_1.00_128/block_14_depthwise/depthwise/DepthwiseConv2dNativeBackpropInput,2,36.864,18.432,36.864,18.432,0.00037508730440889666,0.9593406440559546,0.0,0.0
231,Device,DepthwiseConv2dNativeBackpropFilter,gradient_tape/mobilenetv2_1.00_128/block_7_depthwise/depthwise/DepthwiseConv2dNativeBackpropFilter,2,36.864,18.432,36.864,18.432,0.00037508730440889666,0.9597157313603636,0.0,0.0
232,Device,DepthwiseConv2dNativeBackpropFilter,gradient_tape/mobilenetv2_1.00_128/block_8_depthwise/depthwise/DepthwiseConv2dNativeBackpropFilter,2,36.864,18.432,36.864,18.432,0.00037508730440889666,0.9600908186647725,0.0,0.0
233,Device,DepthwiseConv2dNative,mobilenetv2_1.00_128/block_11_depthwise/depthwise,2,36.864,18.432,36.864,18.432,0.00037508730440889666,0.9604659059691815,0.0,0.0
234,Device,FusedBatchNormV3,mobilenetv2_1.00_128/block_2_project_BN/FusedBatchNormV3,4,36.864,9.216,36.864,9.216,0.00037508730440889666,0.9608409932735904,0.0,0.0
235,Device,DepthwiseConv2dNative,mobilenetv2_1.00_128/block_12_depthwise/depthwise,2,35.84,17.92,35.84,17.92,0.0003646682126197607,0.9612056614862101,0.0,0.0
236,Device,DepthwiseConv2dNative,mobilenetv2_1.00_128/block_13_depthwise/depthwise,2,35.84,17.92,35.84,17.92,0.0003646682126197607,0.9615703296988298,0.0,0.0
237,Device,FusedBatchNormGradV3,gradient_tape/mobilenetv2_1.00_128/block_16_depthwise_BN/FusedBatchNormGradV3,2,34.816,17.408,34.816,17.408,0.00035424912083062464,0.9619245788196604,0.0,0.0
238,Device,Conv2D,mobilenetv2_1.00_128/block_6_project/Conv2D,2,34.816,17.408,34.816,17.408,0.00035424912083062464,0.962278827940491,0.0,0.0
239,Device,FusedBatchNormV3,mobilenetv2_1.00_128/block_14_expand_BN/FusedBatchNormV3,4,32.769,8.19225,32.769,8.19225,0.0003334211121466779,0.9626122490526376,0.0,0.0
240,Device,ArgMax,ArgMax,2,32.768,16.384,32.768,16.384,0.0003334109372523526,0.96294565998989,0.0,0.0
241,Device,FusedBatchNormGradV3,gradient_tape/mobilenetv2_1.00_128/block_14_depthwise_BN/FusedBatchNormGradV3,2,32.768,16.384,32.768,16.384,0.0003334109372523526,0.9632790709271424,0.0,0.0
242,Device,FusedBatchNormV3,mobilenetv2_1.00_128/block_14_depthwise_BN/FusedBatchNormV3,4,32.768,8.192,32.768,8.192,0.0003334109372523526,0.9636124818643947,0.0,0.0
243,Device,FusedBatchNormV3,mobilenetv2_1.00_128/block_15_expand_BN/FusedBatchNormV3,4,32.768,8.192,32.768,8.192,0.0003334109372523526,0.9639458928016471,0.0,0.0
244,Device,FusedBatchNormV3,mobilenetv2_1.00_128/block_16_depthwise_BN/FusedBatchNormV3,4,32.768,8.192,32.768,8.192,0.0003334109372523526,0.9642793037388995,0.0,0.0
245,Device,FusedBatchNormV3,mobilenetv2_1.00_128/block_16_expand_BN/FusedBatchNormV3,4,32.768,8.192,32.768,8.192,0.0003334109372523526,0.9646127146761518,0.0,0.0
246,Device,Relu6Grad,gradient_tape/mobilenetv2_1.00_128/block_10_expand_relu/Relu6/Relu6Grad,2,31.745,15.8725,31.745,15.8725,0.0003230020203575419,0.9649357166965093,0.0,0.0
247,Device,FusedBatchNormGradV3,gradient_tape/mobilenetv2_1.00_128/block_15_depthwise_BN/FusedBatchNormGradV3,2,31.744,15.872,31.744,15.872,0.0003229918454632166,0.9652587085419726,0.0,0.0
248,Device,FusedBatchNormV3,mobilenetv2_1.00_128/block_10_depthwise_BN/FusedBatchNormV3,4,31.744,7.936,31.744,7.936,0.0003229918454632166,0.9655817003874358,0.0,0.0
249,Device,FusedBatchNormV3,mobilenetv2_1.00_128/block_15_depthwise_BN/FusedBatchNormV3,4,31.744,7.936,31.744,7.936,0.0003229918454632166,0.9659046922328991,0.0,0.0
250,Device,FusedBatchNormGradV3,gradient_tape/mobilenetv2_1.00_128/block_14_expand_BN/FusedBatchNormGradV3,2,30.72,15.36,30.72,15.36,0.00031257275367408056,0.9662172649865732,0.0,0.0
251,Device,FusedBatchNormGradV3,gradient_tape/mobilenetv2_1.00_128/block_15_expand_BN/FusedBatchNormGradV3,2,30.72,15.36,30.72,15.36,0.00031257275367408056,0.9665298377402474,0.0,0.0
252,Device,FusedBatchNormGradV3,gradient_tape/mobilenetv2_1.00_128/block_16_expand_BN/FusedBatchNormGradV3,2,29.696,14.848,29.696,14.848,0.0003021536618849446,0.9668319914021323,0.0,0.0
253,Device,DepthwiseConv2dNative,mobilenetv2_1.00_128/block_14_depthwise/depthwise,2,29.696,14.848,29.696,14.848,0.0003021536618849446,0.9671341450640172,0.0,0.0
254,Device,FusedBatchNormV3,mobilenetv2_1.00_128/block_7_depthwise_BN/FusedBatchNormV3,4,29.696,7.424,29.696,7.424,0.0003021536618849446,0.9674362987259021,0.0,0.0
255,Device,FusedBatchNormV3,mobilenetv2_1.00_128/block_8_depthwise_BN/FusedBatchNormV3,4,28.674,7.1685,28.674,7.1685,0.00029175491988445916,0.9677280536457865,0.0,0.0
256,Device,DepthwiseConv2dNative,mobilenetv2_1.00_128/block_15_depthwise/depthwise,2,28.673,14.3365,28.673,14.3365,0.00029174474499013385,0.9680197983907767,0.0,0.0
257,Device,Relu6,mobilenetv2_1.00_128/block_5_expand_relu/Relu6,2,28.673,14.3365,28.673,14.3365,0.00029174474499013385,0.9683115431357668,0.0,0.0
258,Device,Relu6Grad,gradient_tape/mobilenetv2_1.00_128/block_16_depthwise_relu/Relu6/Relu6Grad,2,28.672,14.336,28.672,14.336,0.00029173457009580854,0.9686032777058626,0.0,0.0
259,Device,Relu6Grad,gradient_tape/mobilenetv2_1.00_128/block_7_expand_relu/Relu6/Relu6Grad,2,28.672,14.336,28.672,14.336,0.00029173457009580854,0.9688950122759584,0.0,0.0
260,Device,Relu6Grad,gradient_tape/mobilenetv2_1.00_128/block_8_expand_relu/Relu6/Relu6Grad,2,28.672,14.336,28.672,14.336,0.00029173457009580854,0.9691867468460542,0.0,0.0
261,Device,Relu6Grad,gradient_tape/mobilenetv2_1.00_128/block_9_expand_relu/Relu6/Relu6Grad,2,28.672,14.336,28.672,14.336,0.00029173457009580854,0.96947848141615,0.0,0.0
262,Device,DepthwiseConv2dNative,mobilenetv2_1.00_128/block_16_depthwise/depthwise,2,28.672,14.336,28.672,14.336,0.00029173457009580854,0.9697702159862458,0.0,0.0
263,Device,Relu6,mobilenetv2_1.00_128/block_4_expand_relu/Relu6,2,28.672,14.336,28.672,14.336,0.00029173457009580854,0.9700619505563416,0.0,0.0
264,Device,Relu6,mobilenetv2_1.00_128/block_5_depthwise_relu/Relu6,2,28.672,14.336,28.672,14.336,0.00029173457009580854,0.9703536851264374,0.0,0.0
265,Device,Relu6,mobilenetv2_1.00_128/block_6_expand_relu/Relu6,2,28.672,14.336,28.672,14.336,0.00029173457009580854,0.9706454196965332,0.0,0.0
266,Device,FusedBatchNormV3,mobilenetv2_1.00_128/block_9_depthwise_BN/FusedBatchNormV3,4,27.648,6.912,27.648,6.912,0.0002813154783066725,0.9709267351748399,0.0,0.0
267,Device,AddV2,mobilenetv2_1.00_128/block_2_add/add,2,26.624,13.312,26.624,13.312,0.00027089638651753647,0.9711976315613574,0.0,0.0
268,Device,Relu6,mobilenetv2_1.00_128/block_4_depthwise_relu/Relu6,2,26.624,13.312,26.624,13.312,0.00027089638651753647,0.971468527947875,0.0,0.0
269,Device,FusedBatchNormV3,mobilenetv2_1.00_128/block_8_expand_BN/FusedBatchNormV3,4,26.624,6.656,26.624,6.656,0.00027089638651753647,0.9717394243343925,0.0,0.0
270,Device,FusedBatchNormV3,mobilenetv2_1.00_128/block_10_expand_BN/FusedBatchNormV3,4,25.601,6.40025,25.601,6.40025,0.0002604874696227258,0.9719999118040152,0.0,0.0
271,Device,FusedBatchNormV3,mobilenetv2_1.00_128/block_13_depthwise_BN/FusedBatchNormV3,4,25.6,6.4,25.6,6.4,0.0002604772947284005,0.9722603890987437,0.0,0.0
272,Device,FusedBatchNormV3,mobilenetv2_1.00_128/block_7_expand_BN/FusedBatchNormV3,4,25.6,6.4,25.6,6.4,0.0002604772947284005,0.9725208663934721,0.0,0.0
273,Device,FusedBatchNormV3,mobilenetv2_1.00_128/block_9_expand_BN/FusedBatchNormV3,4,25.6,6.4,25.6,6.4,0.0002604772947284005,0.9727813436882006,0.0,0.0
274,Device,FusedBatchNormGradV3,gradient_tape/mobilenetv2_1.00_128/block_13_depthwise_BN/FusedBatchNormGradV3,2,24.576,12.288,24.576,12.288,0.00025005820293926446,0.9730314018911398,0.0,0.0
275,Device,DepthwiseConv2dNative,mobilenetv2_1.00_128/block_9_depthwise/depthwise,2,24.576,12.288,24.576,12.288,0.00025005820293926446,0.973281460094079,0.0,0.0
276,Device,Relu6Grad,gradient_tape/mobilenetv2_1.00_128/block_10_depthwise_relu/Relu6/Relu6Grad,2,23.552,11.776,23.552,11.776,0.00023963911115012842,0.9735210992052291,0.0,0.0
277,Device,DepthwiseConv2dNative,mobilenetv2_1.00_128/block_8_depthwise/depthwise,2,23.552,11.776,23.552,11.776,0.00023963911115012842,0.9737607383163792,0.0,0.0
278,Device,Relu6Grad,gradient_tape/mobilenetv2_1.00_128/block_8_depthwise_relu/Relu6/Relu6Grad,2,22.528,11.264,22.528,11.264,0.0002292200193609924,0.9739899583357402,0.0,0.0
279,Device,DepthwiseConv2dNative,mobilenetv2_1.00_128/block_10_depthwise/depthwise,2,22.528,11.264,22.528,11.264,0.0002292200193609924,0.9742191783551012,0.0,0.0
280,Device,DepthwiseConv2dNative,mobilenetv2_1.00_128/block_7_depthwise/depthwise,2,22.528,11.264,22.528,11.264,0.0002292200193609924,0.9744483983744622,0.0,0.0
281,Device,MatMul,mobilenetv2_1.00_128/predictions/MatMul,2,22.528,11.264,22.528,11.264,0.0002292200193609924,0.9746776183938232,0.0,0.0
282,Device,FusedBatchNormGradV3,gradient_tape/mobilenetv2_1.00_128/block_3_project_BN/FusedBatchNormGradV3,2,21.504,10.752,21.504,10.752,0.0002188009275718564,0.974896419321395,0.0,0.0
283,Device,FusedBatchNormGradV3,gradient_tape/mobilenetv2_1.00_128/block_4_project_BN/FusedBatchNormGradV3,2,21.504,10.752,21.504,10.752,0.0002188009275718564,0.9751152202489669,0.0,0.0
284,Device,Relu6Grad,gradient_tape/mobilenetv2_1.00_128/block_7_depthwise_relu/Relu6/Relu6Grad,2,21.504,10.752,21.504,10.752,0.0002188009275718564,0.9753340211765388,0.0,0.0
285,Device,Relu6Grad,gradient_tape/mobilenetv2_1.00_128/out_relu/Relu6/Relu6Grad,2,21.504,10.752,21.504,10.752,0.0002188009275718564,0.9755528221041107,0.0,0.0
286,Device,Mean,mobilenetv2_1.00_128/global_average_pooling2d/Mean,2,20.481,10.2405,20.481,10.2405,0.0002083920106770457,0.9757612141147877,0.0,0.0
287,Device,ArgMax,ArgMax_1,2,20.48,10.24,20.48,10.24,0.00020838183578272037,0.9759695959505704,0.0,0.0
288,Device,AddN,SGD/gradients/AddN_9,2,20.48,10.24,20.48,10.24,0.00020838183578272037,0.9761779777863532,0.0,0.0
289,Device,Relu6Grad,gradient_tape/mobilenetv2_1.00_128/block_9_depthwise_relu/Relu6/Relu6Grad,2,20.48,10.24,20.48,10.24,0.00020838183578272037,0.9763863596221359,0.0,0.0
290,Device,FusedBatchNormV3,mobilenetv2_1.00_128/block_16_project_BN/FusedBatchNormV3,4,20.48,5.12,20.48,5.12,0.00020838183578272037,0.9765947414579187,0.0,0.0
291,Device,FusedBatchNormV3,mobilenetv2_1.00_128/block_4_project_BN/FusedBatchNormV3,4,20.48,5.12,20.48,5.12,0.00020838183578272037,0.9768031232937014,0.0,0.0
292,Device,Softmax,mobilenetv2_1.00_128/predictions/Softmax,2,20.48,10.24,20.48,10.24,0.00020838183578272037,0.9770115051294842,0.0,0.0
293,Device,Relu6,mobilenetv2_1.00_128/block_11_expand_relu/Relu6,2,19.457,9.7285,19.457,9.7285,0.0001979729188879097,0.9772094780483721,0.0,0.0
294,Device,FusedBatchNormGradV3,gradient_tape/mobilenetv2_1.00_128/block_5_project_BN/FusedBatchNormGradV3,2,19.456,9.728,19.456,9.728,0.00019796274399358434,0.9774074407923656,0.0,0.0
295,Device,Relu6,mobilenetv2_1.00_128/block_13_expand_relu/Relu6,2,19.456,9.728,19.456,9.728,0.00019796274399358434,0.9776054035363592,0.0,0.0
296,Device,FusedBatchNormV3,mobilenetv2_1.00_128/block_6_depthwise_BN/FusedBatchNormV3,4,18.433,4.60825,18.433,4.60825,0.00018755382709877366,0.977792957363458,0.0,0.0
297,Device,ResourceApplyGradientDescent,SGD/SGD/update_150/ResourceApplyGradientDescent,2,18.432,9.216,18.432,9.216,0.00018754365220444833,0.9779805010156624,0.0,0.0
298,Device,ResourceApplyGradientDescent,SGD/SGD/update_153/ResourceApplyGradientDescent,2,18.432,9.216,18.432,9.216,0.00018754365220444833,0.9781680446678668,0.0,0.0
299,Device,Relu6Grad,gradient_tape/mobilenetv2_1.00_128/block_15_depthwise_relu/Relu6/Relu6Grad,2,18.432,9.216,18.432,9.216,0.00018754365220444833,0.9783555883200712,0.0,0.0
300,Device,FusedBatchNormGradV3,gradient_tape/mobilenetv2_1.00_128/block_16_project_BN/FusedBatchNormGradV3,2,18.432,9.216,18.432,9.216,0.00018754365220444833,0.9785431319722756,0.0,0.0
301,Device,FusedBatchNormGradV3,gradient_tape/mobilenetv2_1.00_128/block_6_depthwise_BN/FusedBatchNormGradV3,2,18.432,9.216,18.432,9.216,0.00018754365220444833,0.97873067562448,0.0,0.0
302,Device,Relu6,mobilenetv2_1.00_128/block_11_depthwise_relu/Relu6,2,18.432,9.216,18.432,9.216,0.00018754365220444833,0.9789182192766844,0.0,0.0
303,Device,Relu6,mobilenetv2_1.00_128/block_12_depthwise_relu/Relu6,2,18.432,9.216,18.432,9.216,0.00018754365220444833,0.9791057629288888,0.0,0.0
304,Device,Relu6,mobilenetv2_1.00_128/block_12_expand_relu/Relu6,2,18.432,9.216,18.432,9.216,0.00018754365220444833,0.9792933065810933,0.0,0.0
305,Device,FusedBatchNormV3,mobilenetv2_1.00_128/block_3_project_BN/FusedBatchNormV3,4,18.432,4.608,18.432,4.608,0.00018754365220444833,0.9794808502332977,0.0,0.0
306,Device,FusedBatchNormV3,mobilenetv2_1.00_128/block_5_project_BN/FusedBatchNormV3,4,18.432,4.608,18.432,4.608,0.00018754365220444833,0.9796683938855021,0.0,0.0
307,Device,Relu6Grad,gradient_tape/mobilenetv2_1.00_128/block_14_depthwise_relu/Relu6/Relu6Grad,2,17.408,8.704,17.408,8.704,0.00017712456041531232,0.9798455184459174,0.0,0.0
308,Device,Transpose,gradient_tape/mobilenetv2_1.00_128/out_relu/Relu6/Relu6Grad-0-TransposeNHWCToNCHW-LayoutOptimizer,2,17.408,8.704,17.408,8.704,0.00017712456041531232,0.9800226430063327,0.0,0.0
309,Device,Transpose,mobilenetv2_1.00_128/out_relu/Relu6-0-0-TransposeNCHWToNHWC-LayoutOptimizer,2,17.408,8.704,17.408,8.704,0.00017712456041531232,0.980199767566748,0.0,0.0
310,Device,FusedBatchNormV3,mobilenetv2_1.00_128/block_10_project_BN/FusedBatchNormV3,4,16.384,4.096,16.384,4.096,0.0001667054686261763,0.9803664730353742,0.0,0.0
311,Device,FusedBatchNormV3,mobilenetv2_1.00_128/block_8_project_BN/FusedBatchNormV3,4,16.384,4.096,16.384,4.096,0.0001667054686261763,0.9805331785040003,0.0,0.0
312,Device,FusedBatchNormGradV3,gradient_tape/mobilenetv2_1.00_128/block_10_project_BN/FusedBatchNormGradV3,2,15.36,7.68,15.36,7.68,0.00015628637683704028,0.9806894648808374,0.0,0.0
313,Device,FusedBatchNormV3,mobilenetv2_1.00_128/block_11_project_BN/FusedBatchNormV3,4,15.36,3.84,15.36,3.84,0.00015628637683704028,0.9808457512576745,0.0,0.0
314,Device,FusedBatchNormV3,mobilenetv2_1.00_128/block_7_project_BN/FusedBatchNormV3,4,15.36,3.84,15.36,3.84,0.00015628637683704028,0.9810020376345115,0.0,0.0
315,Device,FusedBatchNormGradV3,gradient_tape/mobilenetv2_1.00_128/block_12_project_BN/FusedBatchNormGradV3,2,14.336,7.168,14.336,7.168,0.00014586728504790427,0.9811479049195595,0.0,0.0
316,Device,FusedBatchNormGradV3,gradient_tape/mobilenetv2_1.00_128/block_9_project_BN/FusedBatchNormGradV3,2,14.336,7.168,14.336,7.168,0.00014586728504790427,0.9812937722046075,0.0,0.0
317,Device,RealDiv,gradient_tape/mobilenetv2_1.00_128/global_average_pooling2d/truediv,2,14.336,7.168,14.336,7.168,0.00014586728504790427,0.9814396394896554,0.0,0.0
318,Device,MatMul,gradient_tape/mobilenetv2_1.00_128/predictions/MatMul/MatMul,2,14.336,7.168,14.336,7.168,0.00014586728504790427,0.9815855067747034,0.0,0.0
319,Device,FusedBatchNormV3,mobilenetv2_1.00_128/block_12_project_BN/FusedBatchNormV3,4,14.336,3.584,14.336,3.584,0.00014586728504790427,0.9817313740597513,0.0,0.0
320,Device,FusedBatchNormV3,mobilenetv2_1.00_128/block_13_project_BN/FusedBatchNormV3,4,14.336,3.584,14.336,3.584,0.00014586728504790427,0.9818772413447993,0.0,0.0
321,Device,FusedBatchNormV3,mobilenetv2_1.00_128/block_14_project_BN/FusedBatchNormV3,4,14.336,3.584,14.336,3.584,0.00014586728504790427,0.9820231086298472,0.0,0.0
322,Device,FusedBatchNormV3,mobilenetv2_1.00_128/block_6_project_BN/FusedBatchNormV3,4,14.336,3.584,14.336,3.584,0.00014586728504790427,0.9821689759148952,0.0,0.0
323,Device,FusedBatchNormGradV3,gradient_tape/mobilenetv2_1.00_128/block_11_project_BN/FusedBatchNormGradV3,2,13.312,6.656,13.312,6.656,0.00013544819325876824,0.9823044241081539,0.0,0.0
324,Device,FusedBatchNormGradV3,gradient_tape/mobilenetv2_1.00_128/block_7_project_BN/FusedBatchNormGradV3,2,13.312,6.656,13.312,6.656,0.00013544819325876824,0.9824398723014126,0.0,0.0
325,Device,FusedBatchNormGradV3,gradient_tape/mobilenetv2_1.00_128/block_8_project_BN/FusedBatchNormGradV3,2,13.312,6.656,13.312,6.656,0.00013544819325876824,0.9825753204946713,0.0,0.0
326,Device,Relu6,mobilenetv2_1.00_128/block_3_depthwise_relu/Relu6,2,13.312,6.656,13.312,6.656,0.00013544819325876824,0.9827107686879301,0.0,0.0
327,Device,FusedBatchNormV3,mobilenetv2_1.00_128/block_9_project_BN/FusedBatchNormV3,4,13.312,3.328,13.312,3.328,0.00013544819325876824,0.9828462168811888,0.0,0.0
328,Device,AddN,SGD/gradients/AddN_3,2,12.288,6.144,12.288,6.144,0.00012502910146963223,0.9829712459826584,0.0,0.0
329,Device,Relu6Grad,gradient_tape/mobilenetv2_1.00_128/block_13_depthwise_relu/Relu6/Relu6Grad,2,12.288,6.144,12.288,6.144,0.00012502910146963223,0.983096275084128,0.0,0.0
330,Device,FusedBatchNormGradV3,gradient_tape/mobilenetv2_1.00_128/block_13_project_BN/FusedBatchNormGradV3,2,12.288,6.144,12.288,6.144,0.00012502910146963223,0.9832213041855976,0.0,0.0
331,Device,FusedBatchNormGradV3,gradient_tape/mobilenetv2_1.00_128/block_14_project_BN/FusedBatchNormGradV3,2,12.288,6.144,12.288,6.144,0.00012502910146963223,0.9833463332870672,0.0,0.0
332,Device,Relu6Grad,gradient_tape/mobilenetv2_1.00_128/block_16_expand_relu/Relu6/Relu6Grad,2,12.288,6.144,12.288,6.144,0.00012502910146963223,0.9834713623885368,0.0,0.0
333,Device,FusedBatchNormGradV3,gradient_tape/mobilenetv2_1.00_128/block_6_project_BN/FusedBatchNormGradV3,2,12.288,6.144,12.288,6.144,0.00012502910146963223,0.9835963914900064,0.0,0.0
334,Device,BroadcastTo,gradient_tape/mobilenetv2_1.00_128/global_average_pooling2d/BroadcastTo,2,12.288,6.144,12.288,6.144,0.00012502910146963223,0.983721420591476,0.0,0.0
335,Device,FusedBatchNormV3,mobilenetv2_1.00_128/block_15_project_BN/FusedBatchNormV3,4,12.288,3.072,12.288,3.072,0.00012502910146963223,0.9838464496929457,0.0,0.0
336,Device,AddV2,mobilenetv2_1.00_128/block_4_add/add,2,12.288,6.144,12.288,6.144,0.00012502910146963223,0.9839714787944153,0.0,0.0
337,Device,Relu6Grad,gradient_tape/mobilenetv2_1.00_128/block_14_expand_relu/Relu6/Relu6Grad,2,11.264,5.632,11.264,5.632,0.0001146100096804962,0.9840860888040958,0.0,0.0
338,Device,Relu6Grad,gradient_tape/mobilenetv2_1.00_128/block_15_expand_relu/Relu6/Relu6Grad,2,11.264,5.632,11.264,5.632,0.0001146100096804962,0.9842006988137763,0.0,0.0
339,Device,FusedBatchNormGradV3,gradient_tape/mobilenetv2_1.00_128/block_15_project_BN/FusedBatchNormGradV3,2,11.264,5.632,11.264,5.632,0.0001146100096804962,0.9843153088234567,0.0,0.0
340,Device,DynamicStitch,gradient_tape/mobilenetv2_1.00_128/global_average_pooling2d/DynamicStitch,2,11.264,5.632,11.264,5.632,0.0001146100096804962,0.9844299188331372,0.0,0.0
341,Device,MatMul,gradient_tape/mobilenetv2_1.00_128/predictions/MatMul/MatMul_1,2,11.264,5.632,11.264,5.632,0.0001146100096804962,0.9845445288428177,0.0,0.0
342,Device,Relu6,mobilenetv2_1.00_128/block_7_depthwise_relu/Relu6,2,11.264,5.632,11.264,5.632,0.0001146100096804962,0.9846591388524982,0.0,0.0
343,Device,Relu6,mobilenetv2_1.00_128/block_7_expand_relu/Relu6,2,11.264,5.632,11.264,5.632,0.0001146100096804962,0.9847737488621787,0.0,0.0
344,Device,Relu6,mobilenetv2_1.00_128/block_8_depthwise_relu/Relu6,2,11.264,5.632,11.264,5.632,0.0001146100096804962,0.9848883588718592,0.0,0.0
345,Device,Relu6,mobilenetv2_1.00_128/block_8_expand_relu/Relu6,2,11.264,5.632,11.264,5.632,0.0001146100096804962,0.9850029688815397,0.0,0.0
346,Device,Relu6,mobilenetv2_1.00_128/block_9_expand_relu/Relu6,2,11.264,5.632,11.264,5.632,0.0001146100096804962,0.9851175788912202,0.0,0.0
347,Device,Relu6,mobilenetv2_1.00_128/block_9_depthwise_relu/Relu6,2,10.241,5.1205,10.241,5.1205,0.00010420109278568551,0.9852217799840058,0.0,0.0
348,Device,ResourceApplyGradientDescent,SGD/SGD/update_126/ResourceApplyGradientDescent,2,10.24,5.12,10.24,5.12,0.00010419091789136019,0.9853259709018972,0.0,0.0
349,Device,ResourceApplyGradientDescent,SGD/SGD/update_135/ResourceApplyGradientDescent,2,10.24,5.12,10.24,5.12,0.00010419091789136019,0.9854301618197886,0.0,0.0
350,Device,AddN,SGD/gradients/AddN_2,2,10.24,5.12,10.24,5.12,0.00010419091789136019,0.98553435273768,0.0,0.0
351,Device,AddN,SGD/gradients/AddN_4,2,10.24,5.12,10.24,5.12,0.00010419091789136019,0.9856385436555714,0.0,0.0
352,Device,AddN,SGD/gradients/AddN_5,2,10.24,5.12,10.24,5.12,0.00010419091789136019,0.9857427345734627,0.0,0.0
353,Device,AddN,SGD/gradients/AddN_6,2,10.24,5.12,10.24,5.12,0.00010419091789136019,0.9858469254913541,0.0,0.0
354,Device,AddN,SGD/gradients/AddN_7,2,10.24,5.12,10.24,5.12,0.00010419091789136019,0.9859511164092455,0.0,0.0
355,Device,AddN,SGD/gradients/AddN_8,2,10.24,5.12,10.24,5.12,0.00010419091789136019,0.9860553073271369,0.0,0.0
356,Device,Relu6,mobilenetv2_1.00_128/block_10_depthwise_relu/Relu6,2,10.24,5.12,10.24,5.12,0.00010419091789136019,0.9861594982450282,0.0,0.0
357,Device,Relu6,mobilenetv2_1.00_128/block_10_expand_relu/Relu6,2,10.24,5.12,10.24,5.12,0.00010419091789136019,0.9862636891629196,0.0,0.0
358,Device,AddV2,mobilenetv2_1.00_128/block_11_add/add,2,10.24,5.12,10.24,5.12,0.00010419091789136019,0.986367880080811,0.0,0.0
359,Device,AddV2,mobilenetv2_1.00_128/block_12_add/add,2,10.24,5.12,10.24,5.12,0.00010419091789136019,0.9864720709987024,0.0,0.0
360,Device,Relu6,mobilenetv2_1.00_128/block_15_depthwise_relu/Relu6,2,10.24,5.12,10.24,5.12,0.00010419091789136019,0.9865762619165938,0.0,0.0
361,Device,Relu6,mobilenetv2_1.00_128/block_15_expand_relu/Relu6,2,10.24,5.12,10.24,5.12,0.00010419091789136019,0.9866804528344851,0.0,0.0
362,Device,Relu6,mobilenetv2_1.00_128/block_16_depthwise_relu/Relu6,2,10.24,5.12,10.24,5.12,0.00010419091789136019,0.9867846437523765,0.0,0.0
363,Device,AddV2,mobilenetv2_1.00_128/block_5_add/add,2,10.24,5.12,10.24,5.12,0.00010419091789136019,0.9868888346702679,0.0,0.0
364,Device,Relu6,mobilenetv2_1.00_128/block_6_depthwise_relu/Relu6,2,10.24,5.12,10.24,5.12,0.00010419091789136019,0.9869930255881593,0.0,0.0
365,Device,AddV2,mobilenetv2_1.00_128/block_8_add/add,2,10.24,5.12,10.24,5.12,0.00010419091789136019,0.9870972165060506,0.0,0.0
366,Device,Relu6,mobilenetv2_1.00_128/out_relu/Relu6,2,10.24,5.12,10.24,5.12,0.00010419091789136019,0.987201407423942,0.0,0.0
367,Device,ResourceApplyGradientDescent,SGD/SGD/update_108/ResourceApplyGradientDescent,2,9.216,4.608,9.216,4.608,9.377182610222416e-05,0.9872951792500443,0.0,0.0
368,Device,ResourceApplyGradientDescent,SGD/SGD/update_117/ResourceApplyGradientDescent,2,9.216,4.608,9.216,4.608,9.377182610222416e-05,0.9873889510761465,0.0,0.0
369,Device,ResourceApplyGradientDescent,SGD/SGD/update_123/ResourceApplyGradientDescent,2,9.216,4.608,9.216,4.608,9.377182610222416e-05,0.9874827229022488,0.0,0.0
370,Device,Relu6Grad,gradient_tape/mobilenetv2_1.00_128/block_6_depthwise_relu/Relu6/Relu6Grad,2,9.216,4.608,9.216,4.608,9.377182610222416e-05,0.9875764947283511,0.0,0.0
371,Device,Relu6,mobilenetv2_1.00_128/block_14_depthwise_relu/Relu6,2,9.216,4.608,9.216,4.608,9.377182610222416e-05,0.9876702665544533,0.0,0.0
372,Device,Relu6,mobilenetv2_1.00_128/block_14_expand_relu/Relu6,2,9.216,4.608,9.216,4.608,9.377182610222416e-05,0.9877640383805556,0.0,0.0
373,Device,Relu6,mobilenetv2_1.00_128/block_16_expand_relu/Relu6,2,9.216,4.608,9.216,4.608,9.377182610222416e-05,0.9878578102066579,0.0,0.0
374,Device,AddV2,mobilenetv2_1.00_128/block_9_add/add,2,9.216,4.608,9.216,4.608,9.377182610222416e-05,0.9879515820327601,0.0,0.0
375,Device,ResourceApplyGradientDescent,SGD/SGD/update_69/ResourceApplyGradientDescent,2,8.193,4.0965,8.193,4.0965,8.336290920741348e-05,0.9880349449419675,0.0,0.0
376,Device,ResourceApplyGradientDescent,SGD/SGD/update_96/ResourceApplyGradientDescent,2,8.193,4.0965,8.193,4.0965,8.336290920741348e-05,0.9881183078511749,0.0,0.0
377,Device,ResourceApplyGradientDescent,SGD/SGD/update_105/ResourceApplyGradientDescent,2,8.192,4.096,8.192,4.096,8.335273431308814e-05,0.988201660585488,0.0,0.0
378,Device,ResourceApplyGradientDescent,SGD/SGD/update_114/ResourceApplyGradientDescent,2,8.192,4.096,8.192,4.096,8.335273431308814e-05,0.988285013319801,0.0,0.0
379,Device,ResourceApplyGradientDescent,SGD/SGD/update_144/ResourceApplyGradientDescent,2,8.192,4.096,8.192,4.096,8.335273431308814e-05,0.988368366054114,0.0,0.0
380,Device,ResourceApplyGradientDescent,SGD/SGD/update_146/ResourceApplyGradientDescent,2,8.192,4.096,8.192,4.096,8.335273431308814e-05,0.9884517187884271,0.0,0.0
381,Device,ResourceApplyGradientDescent,SGD/SGD/update_147/ResourceApplyGradientDescent,2,8.192,4.096,8.192,4.096,8.335273431308814e-05,0.9885350715227401,0.0,0.0
382,Device,ResourceApplyGradientDescent,SGD/SGD/update_156/ResourceApplyGradientDescent,2,8.192,4.096,8.192,4.096,8.335273431308814e-05,0.9886184242570532,0.0,0.0
383,Device,ResourceApplyGradientDescent,SGD/SGD/update_27/ResourceApplyGradientDescent,2,8.192,4.096,8.192,4.096,8.335273431308814e-05,0.9887017769913662,0.0,0.0
384,Device,ResourceApplyGradientDescent,SGD/SGD/update_45/ResourceApplyGradientDescent,2,8.192,4.096,8.192,4.096,8.335273431308814e-05,0.9887851297256792,0.0,0.0
385,Device,ResourceApplyGradientDescent,SGD/SGD/update_68/ResourceApplyGradientDescent,2,8.192,4.096,8.192,4.096,8.335273431308814e-05,0.9888684824599923,0.0,0.0
386,Device,ResourceApplyGradientDescent,SGD/SGD/update_72/ResourceApplyGradientDescent,2,8.192,4.096,8.192,4.096,8.335273431308814e-05,0.9889518351943053,0.0,0.0
387,Device,ResourceApplyGradientDescent,SGD/SGD/update_81/ResourceApplyGradientDescent,2,8.192,4.096,8.192,4.096,8.335273431308814e-05,0.9890351879286183,0.0,0.0
388,Device,ResourceApplyGradientDescent,SGD/SGD/update_87/ResourceApplyGradientDescent,2,8.192,4.096,8.192,4.096,8.335273431308814e-05,0.9891185406629314,0.0,0.0
389,Device,ResourceApplyGradientDescent,SGD/SGD/update_92/ResourceApplyGradientDescent,2,8.192,4.096,8.192,4.096,8.335273431308814e-05,0.9892018933972444,0.0,0.0
390,Device,ResourceApplyGradientDescent,SGD/SGD/update_99/ResourceApplyGradientDescent,2,8.192,4.096,8.192,4.096,8.335273431308814e-05,0.9892852461315574,0.0,0.0
391,Device,AddN,SGD/gradients/AddN_1,2,8.192,4.096,8.192,4.096,8.335273431308814e-05,0.9893685988658705,0.0,0.0
392,Device,AddV2,mobilenetv2_1.00_128/block_15_add/add,2,8.192,4.096,8.192,4.096,8.335273431308814e-05,0.9894519516001835,0.0,0.0
393,Device,AddV2,mobilenetv2_1.00_128/block_7_add/add,2,8.192,4.096,8.192,4.096,8.335273431308814e-05,0.9895353043344965,0.0,0.0
394,Device,ResourceApplyGradientDescent,SGD/SGD/update_86/ResourceApplyGradientDescent,2,7.169,3.5845,7.169,3.5845,7.294381741827746e-05,0.9896082481519148,0.0,0.0
395,Device,Cast,Cast,2,7.168,3.584,7.168,3.584,7.293364252395214e-05,0.9896811817944388,0.0,0.0
396,Device,Equal,Equal,2,7.168,3.584,7.168,3.584,7.293364252395214e-05,0.9897541154369627,0.0,0.0
397,Device,ResourceApplyGradientDescent,SGD/SGD/update_100/ResourceApplyGradientDescent,2,7.168,3.584,7.168,3.584,7.293364252395214e-05,0.9898270490794866,0.0,0.0
398,Device,ResourceApplyGradientDescent,SGD/SGD/update_101/ResourceApplyGradientDescent,2,7.168,3.584,7.168,3.584,7.293364252395214e-05,0.9898999827220105,0.0,0.0
399,Device,ResourceApplyGradientDescent,SGD/SGD/update_107/ResourceApplyGradientDescent,2,7.168,3.584,7.168,3.584,7.293364252395214e-05,0.9899729163645344,0.0,0.0
400,Device,ResourceApplyGradientDescent,SGD/SGD/update_119/ResourceApplyGradientDescent,2,7.168,3.584,7.168,3.584,7.293364252395214e-05,0.9900458500070584,0.0,0.0
401,Device,ResourceApplyGradientDescent,SGD/SGD/update_120/ResourceApplyGradientDescent,2,7.168,3.584,7.168,3.584,7.293364252395214e-05,0.9901187836495823,0.0,0.0
402,Device,ResourceApplyGradientDescent,SGD/SGD/update_129/ResourceApplyGradientDescent,2,7.168,3.584,7.168,3.584,7.293364252395214e-05,0.9901917172921062,0.0,0.0
403,Device,ResourceApplyGradientDescent,SGD/SGD/update_132/ResourceApplyGradientDescent,2,7.168,3.584,7.168,3.584,7.293364252395214e-05,0.9902646509346301,0.0,0.0
404,Device,ResourceApplyGradientDescent,SGD/SGD/update_133/ResourceApplyGradientDescent,2,7.168,3.584,7.168,3.584,7.293364252395214e-05,0.990337584577154,0.0,0.0
405,Device,ResourceApplyGradientDescent,SGD/SGD/update_137/ResourceApplyGradientDescent,2,7.168,3.584,7.168,3.584,7.293364252395214e-05,0.990410518219678,0.0,0.0
406,Device,ResourceApplyGradientDescent,SGD/SGD/update_140/ResourceApplyGradientDescent,2,7.168,3.584,7.168,3.584,7.293364252395214e-05,0.9904834518622019,0.0,0.0
407,Device,ResourceApplyGradientDescent,SGD/SGD/update_141/ResourceApplyGradientDescent,2,7.168,3.584,7.168,3.584,7.293364252395214e-05,0.9905563855047258,0.0,0.0
408,Device,ResourceApplyGradientDescent,SGD/SGD/update_142/ResourceApplyGradientDescent,2,7.168,3.584,7.168,3.584,7.293364252395214e-05,0.9906293191472497,0.0,0.0
409,Device,ResourceApplyGradientDescent,SGD/SGD/update_15/ResourceApplyGradientDescent,2,7.168,3.584,7.168,3.584,7.293364252395214e-05,0.9907022527897736,0.0,0.0
410,Device,ResourceApplyGradientDescent,SGD/SGD/update_18/ResourceApplyGradientDescent,2,7.168,3.584,7.168,3.584,7.293364252395214e-05,0.9907751864322976,0.0,0.0
411,Device,ResourceApplyGradientDescent,SGD/SGD/update_25/ResourceApplyGradientDescent,2,7.168,3.584,7.168,3.584,7.293364252395214e-05,0.9908481200748215,0.0,0.0
412,Device,ResourceApplyGradientDescent,SGD/SGD/update_28/ResourceApplyGradientDescent,2,7.168,3.584,7.168,3.584,7.293364252395214e-05,0.9909210537173454,0.0,0.0
413,Device,ResourceApplyGradientDescent,SGD/SGD/update_3/ResourceApplyGradientDescent,2,7.168,3.584,7.168,3.584,7.293364252395214e-05,0.9909939873598693,0.0,0.0
414,Device,ResourceApplyGradientDescent,SGD/SGD/update_32/ResourceApplyGradientDescent,2,7.168,3.584,7.168,3.584,7.293364252395214e-05,0.9910669210023932,0.0,0.0
415,Device,ResourceApplyGradientDescent,SGD/SGD/update_4/ResourceApplyGradientDescent,2,7.168,3.584,7.168,3.584,7.293364252395214e-05,0.9911398546449172,0.0,0.0
416,Device,ResourceApplyGradientDescent,SGD/SGD/update_42/ResourceApplyGradientDescent,2,7.168,3.584,7.168,3.584,7.293364252395214e-05,0.9912127882874411,0.0,0.0
417,Device,ResourceApplyGradientDescent,SGD/SGD/update_51/ResourceApplyGradientDescent,2,7.168,3.584,7.168,3.584,7.293364252395214e-05,0.991285721929965,0.0,0.0
418,Device,ResourceApplyGradientDescent,SGD/SGD/update_54/ResourceApplyGradientDescent,2,7.168,3.584,7.168,3.584,7.293364252395214e-05,0.9913586555724889,0.0,0.0
419,Device,ResourceApplyGradientDescent,SGD/SGD/update_55/ResourceApplyGradientDescent,2,7.168,3.584,7.168,3.584,7.293364252395214e-05,0.9914315892150128,0.0,0.0
420,Device,ResourceApplyGradientDescent,SGD/SGD/update_60/ResourceApplyGradientDescent,2,7.168,3.584,7.168,3.584,7.293364252395214e-05,0.9915045228575368,0.0,0.0
421,Device,ResourceApplyGradientDescent,SGD/SGD/update_77/ResourceApplyGradientDescent,2,7.168,3.584,7.168,3.584,7.293364252395214e-05,0.9915774565000607,0.0,0.0
422,Device,ResourceApplyGradientDescent,SGD/SGD/update_78/ResourceApplyGradientDescent,2,7.168,3.584,7.168,3.584,7.293364252395214e-05,0.9916503901425846,0.0,0.0
423,Device,ResourceApplyGradientDescent,SGD/SGD/update_9/ResourceApplyGradientDescent,2,7.168,3.584,7.168,3.584,7.293364252395214e-05,0.9917233237851085,0.0,0.0
424,Device,ResourceApplyGradientDescent,SGD/SGD/update_90/ResourceApplyGradientDescent,2,7.168,3.584,7.168,3.584,7.293364252395214e-05,0.9917962574276324,0.0,0.0
425,Device,ResourceApplyGradientDescent,SGD/SGD/update_93/ResourceApplyGradientDescent,2,7.168,3.584,7.168,3.584,7.293364252395214e-05,0.9918691910701564,0.0,0.0
426,Device,AddN,SGD/gradients/AddN,2,7.168,3.584,7.168,3.584,7.293364252395214e-05,0.9919421247126803,0.0,0.0
427,Device,Relu6,mobilenetv2_1.00_128/block_13_depthwise_relu/Relu6,2,7.168,3.584,7.168,3.584,7.293364252395214e-05,0.9920150583552042,0.0,0.0
428,Device,AddV2,mobilenetv2_1.00_128/block_14_add/add,2,7.168,3.584,7.168,3.584,7.293364252395214e-05,0.9920879919977281,0.0,0.0
429,Device,ResourceApplyGradientDescent,SGD/SGD/update_138/ResourceApplyGradientDescent,2,6.145,3.0725,6.145,3.0725,6.252472562914144e-05,0.9921505167233573,0.0,0.0
430,Device,AssignAddVariableOp,AssignAddVariableOp,2,6.144,3.072,6.144,3.072,6.251455073481611e-05,0.9922130312740921,0.0,0.0
431,Device,AssignAddVariableOp,AssignAddVariableOp_3,2,6.144,3.072,6.144,3.072,6.251455073481611e-05,0.9922755458248269,0.0,0.0
432,Device,AssignAddVariableOp,SGD/SGD/AssignAddVariableOp,2,6.144,3.072,6.144,3.072,6.251455073481611e-05,0.9923380603755617,0.0,0.0
433,Device,ResourceApplyGradientDescent,SGD/SGD/update_1/ResourceApplyGradientDescent,2,6.144,3.072,6.144,3.072,6.251455073481611e-05,0.9924005749262965,0.0,0.0
434,Device,ResourceApplyGradientDescent,SGD/SGD/update_10/ResourceApplyGradientDescent,2,6.144,3.072,6.144,3.072,6.251455073481611e-05,0.9924630894770313,0.0,0.0
435,Device,ResourceApplyGradientDescent,SGD/SGD/update_102/ResourceApplyGradientDescent,2,6.144,3.072,6.144,3.072,6.251455073481611e-05,0.9925256040277661,0.0,0.0
436,Device,ResourceApplyGradientDescent,SGD/SGD/update_103/ResourceApplyGradientDescent,2,6.144,3.072,6.144,3.072,6.251455073481611e-05,0.9925881185785009,0.0,0.0
437,Device,ResourceApplyGradientDescent,SGD/SGD/update_104/ResourceApplyGradientDescent,2,6.144,3.072,6.144,3.072,6.251455073481611e-05,0.9926506331292357,0.0,0.0
438,Device,ResourceApplyGradientDescent,SGD/SGD/update_106/ResourceApplyGradientDescent,2,6.144,3.072,6.144,3.072,6.251455073481611e-05,0.9927131476799705,0.0,0.0
439,Device,ResourceApplyGradientDescent,SGD/SGD/update_109/ResourceApplyGradientDescent,2,6.144,3.072,6.144,3.072,6.251455073481611e-05,0.9927756622307053,0.0,0.0
440,Device,ResourceApplyGradientDescent,SGD/SGD/update_11/ResourceApplyGradientDescent,2,6.144,3.072,6.144,3.072,6.251455073481611e-05,0.9928381767814402,0.0,0.0
441,Device,ResourceApplyGradientDescent,SGD/SGD/update_110/ResourceApplyGradientDescent,2,6.144,3.072,6.144,3.072,6.251455073481611e-05,0.992900691332175,0.0,0.0
442,Device,ResourceApplyGradientDescent,SGD/SGD/update_111/ResourceApplyGradientDescent,2,6.144,3.072,6.144,3.072,6.251455073481611e-05,0.9929632058829098,0.0,0.0
443,Device,ResourceApplyGradientDescent,SGD/SGD/update_112/ResourceApplyGradientDescent,2,6.144,3.072,6.144,3.072,6.251455073481611e-05,0.9930257204336446,0.0,0.0
444,Device,ResourceApplyGradientDescent,SGD/SGD/update_113/ResourceApplyGradientDescent,2,6.144,3.072,6.144,3.072,6.251455073481611e-05,0.9930882349843794,0.0,0.0
445,Device,ResourceApplyGradientDescent,SGD/SGD/update_115/ResourceApplyGradientDescent,2,6.144,3.072,6.144,3.072,6.251455073481611e-05,0.9931507495351142,0.0,0.0
446,Device,ResourceApplyGradientDescent,SGD/SGD/update_116/ResourceApplyGradientDescent,2,6.144,3.072,6.144,3.072,6.251455073481611e-05,0.993213264085849,0.0,0.0
447,Device,ResourceApplyGradientDescent,SGD/SGD/update_118/ResourceApplyGradientDescent,2,6.144,3.072,6.144,3.072,6.251455073481611e-05,0.9932757786365838,0.0,0.0
448,Device,ResourceApplyGradientDescent,SGD/SGD/update_12/ResourceApplyGradientDescent,2,6.144,3.072,6.144,3.072,6.251455073481611e-05,0.9933382931873186,0.0,0.0
449,Device,ResourceApplyGradientDescent,SGD/SGD/update_121/ResourceApplyGradientDescent,2,6.144,3.072,6.144,3.072,6.251455073481611e-05,0.9934008077380534,0.0,0.0
450,Device,ResourceApplyGradientDescent,SGD/SGD/update_122/ResourceApplyGradientDescent,2,6.144,3.072,6.144,3.072,6.251455073481611e-05,0.9934633222887882,0.0,0.0
451,Device,ResourceApplyGradientDescent,SGD/SGD/update_127/ResourceApplyGradientDescent,2,6.144,3.072,6.144,3.072,6.251455073481611e-05,0.993525836839523,0.0,0.0
452,Device,ResourceApplyGradientDescent,SGD/SGD/update_128/ResourceApplyGradientDescent,2,6.144,3.072,6.144,3.072,6.251455073481611e-05,0.9935883513902578,0.0,0.0
453,Device,ResourceApplyGradientDescent,SGD/SGD/update_13/ResourceApplyGradientDescent,2,6.144,3.072,6.144,3.072,6.251455073481611e-05,0.9936508659409926,0.0,0.0
454,Device,ResourceApplyGradientDescent,SGD/SGD/update_130/ResourceApplyGradientDescent,2,6.144,3.072,6.144,3.072,6.251455073481611e-05,0.9937133804917274,0.0,0.0
455,Device,ResourceApplyGradientDescent,SGD/SGD/update_131/ResourceApplyGradientDescent,2,6.144,3.072,6.144,3.072,6.251455073481611e-05,0.9937758950424622,0.0,0.0
456,Device,ResourceApplyGradientDescent,SGD/SGD/update_134/ResourceApplyGradientDescent,2,6.144,3.072,6.144,3.072,6.251455073481611e-05,0.993838409593197,0.0,0.0
457,Device,ResourceApplyGradientDescent,SGD/SGD/update_136/ResourceApplyGradientDescent,2,6.144,3.072,6.144,3.072,6.251455073481611e-05,0.9939009241439318,0.0,0.0
458,Device,ResourceApplyGradientDescent,SGD/SGD/update_139/ResourceApplyGradientDescent,2,6.144,3.072,6.144,3.072,6.251455073481611e-05,0.9939634386946666,0.0,0.0
459,Device,ResourceApplyGradientDescent,SGD/SGD/update_14/ResourceApplyGradientDescent,2,6.144,3.072,6.144,3.072,6.251455073481611e-05,0.9940259532454014,0.0,0.0
460,Device,ResourceApplyGradientDescent,SGD/SGD/update_145/ResourceApplyGradientDescent,2,6.144,3.072,6.144,3.072,6.251455073481611e-05,0.9940884677961362,0.0,0.0
461,Device,ResourceApplyGradientDescent,SGD/SGD/update_148/ResourceApplyGradientDescent,2,6.144,3.072,6.144,3.072,6.251455073481611e-05,0.994150982346871,0.0,0.0
462,Device,ResourceApplyGradientDescent,SGD/SGD/update_149/ResourceApplyGradientDescent,2,6.144,3.072,6.144,3.072,6.251455073481611e-05,0.9942134968976059,0.0,0.0
463,Device,ResourceApplyGradientDescent,SGD/SGD/update_151/ResourceApplyGradientDescent,2,6.144,3.072,6.144,3.072,6.251455073481611e-05,0.9942760114483407,0.0,0.0
464,Device,ResourceApplyGradientDescent,SGD/SGD/update_154/ResourceApplyGradientDescent,2,6.144,3.072,6.144,3.072,6.251455073481611e-05,0.9943385259990755,0.0,0.0
465,Device,ResourceApplyGradientDescent,SGD/SGD/update_155/ResourceApplyGradientDescent,2,6.144,3.072,6.144,3.072,6.251455073481611e-05,0.9944010405498103,0.0,0.0
466,Device,ResourceApplyGradientDescent,SGD/SGD/update_16/ResourceApplyGradientDescent,2,6.144,3.072,6.144,3.072,6.251455073481611e-05,0.9944635551005451,0.0,0.0
467,Device,ResourceApplyGradientDescent,SGD/SGD/update_17/ResourceApplyGradientDescent,2,6.144,3.072,6.144,3.072,6.251455073481611e-05,0.9945260696512799,0.0,0.0
468,Device,ResourceApplyGradientDescent,SGD/SGD/update_19/ResourceApplyGradientDescent,2,6.144,3.072,6.144,3.072,6.251455073481611e-05,0.9945885842020147,0.0,0.0
469,Device,ResourceApplyGradientDescent,SGD/SGD/update_2/ResourceApplyGradientDescent,2,6.144,3.072,6.144,3.072,6.251455073481611e-05,0.9946510987527495,0.0,0.0
470,Device,ResourceApplyGradientDescent,SGD/SGD/update_20/ResourceApplyGradientDescent,2,6.144,3.072,6.144,3.072,6.251455073481611e-05,0.9947136133034843,0.0,0.0
471,Device,ResourceApplyGradientDescent,SGD/SGD/update_21/ResourceApplyGradientDescent,2,6.144,3.072,6.144,3.072,6.251455073481611e-05,0.9947761278542191,0.0,0.0
472,Device,ResourceApplyGradientDescent,SGD/SGD/update_22/ResourceApplyGradientDescent,2,6.144,3.072,6.144,3.072,6.251455073481611e-05,0.9948386424049539,0.0,0.0
473,Device,ResourceApplyGradientDescent,SGD/SGD/update_23/ResourceApplyGradientDescent,2,6.144,3.072,6.144,3.072,6.251455073481611e-05,0.9949011569556887,0.0,0.0
474,Device,ResourceApplyGradientDescent,SGD/SGD/update_24/ResourceApplyGradientDescent,2,6.144,3.072,6.144,3.072,6.251455073481611e-05,0.9949636715064235,0.0,0.0
475,Device,ResourceApplyGradientDescent,SGD/SGD/update_26/ResourceApplyGradientDescent,2,6.144,3.072,6.144,3.072,6.251455073481611e-05,0.9950261860571583,0.0,0.0
476,Device,ResourceApplyGradientDescent,SGD/SGD/update_29/ResourceApplyGradientDescent,2,6.144,3.072,6.144,3.072,6.251455073481611e-05,0.9950887006078931,0.0,0.0
477,Device,ResourceApplyGradientDescent,SGD/SGD/update_30/ResourceApplyGradientDescent,2,6.144,3.072,6.144,3.072,6.251455073481611e-05,0.9951512151586279,0.0,0.0
478,Device,ResourceApplyGradientDescent,SGD/SGD/update_31/ResourceApplyGradientDescent,2,6.144,3.072,6.144,3.072,6.251455073481611e-05,0.9952137297093627,0.0,0.0
479,Device,ResourceApplyGradientDescent,SGD/SGD/update_33/ResourceApplyGradientDescent,2,6.144,3.072,6.144,3.072,6.251455073481611e-05,0.9952762442600975,0.0,0.0
480,Device,ResourceApplyGradientDescent,SGD/SGD/update_34/ResourceApplyGradientDescent,2,6.144,3.072,6.144,3.072,6.251455073481611e-05,0.9953387588108323,0.0,0.0
481,Device,ResourceApplyGradientDescent,SGD/SGD/update_35/ResourceApplyGradientDescent,2,6.144,3.072,6.144,3.072,6.251455073481611e-05,0.9954012733615671,0.0,0.0
482,Device,ResourceApplyGradientDescent,SGD/SGD/update_36/ResourceApplyGradientDescent,2,6.144,3.072,6.144,3.072,6.251455073481611e-05,0.995463787912302,0.0,0.0
483,Device,ResourceApplyGradientDescent,SGD/SGD/update_37/ResourceApplyGradientDescent,2,6.144,3.072,6.144,3.072,6.251455073481611e-05,0.9955263024630367,0.0,0.0
484,Device,ResourceApplyGradientDescent,SGD/SGD/update_38/ResourceApplyGradientDescent,2,6.144,3.072,6.144,3.072,6.251455073481611e-05,0.9955888170137716,0.0,0.0
485,Device,ResourceApplyGradientDescent,SGD/SGD/update_39/ResourceApplyGradientDescent,2,6.144,3.072,6.144,3.072,6.251455073481611e-05,0.9956513315645064,0.0,0.0
486,Device,ResourceApplyGradientDescent,SGD/SGD/update_40/ResourceApplyGradientDescent,2,6.144,3.072,6.144,3.072,6.251455073481611e-05,0.9957138461152412,0.0,0.0
487,Device,ResourceApplyGradientDescent,SGD/SGD/update_41/ResourceApplyGradientDescent,2,6.144,3.072,6.144,3.072,6.251455073481611e-05,0.995776360665976,0.0,0.0
488,Device,ResourceApplyGradientDescent,SGD/SGD/update_43/ResourceApplyGradientDescent,2,6.144,3.072,6.144,3.072,6.251455073481611e-05,0.9958388752167108,0.0,0.0
489,Device,ResourceApplyGradientDescent,SGD/SGD/update_44/ResourceApplyGradientDescent,2,6.144,3.072,6.144,3.072,6.251455073481611e-05,0.9959013897674456,0.0,0.0
490,Device,ResourceApplyGradientDescent,SGD/SGD/update_46/ResourceApplyGradientDescent,2,6.144,3.072,6.144,3.072,6.251455073481611e-05,0.9959639043181804,0.0,0.0
491,Device,ResourceApplyGradientDescent,SGD/SGD/update_47/ResourceApplyGradientDescent,2,6.144,3.072,6.144,3.072,6.251455073481611e-05,0.9960264188689152,0.0,0.0
492,Device,ResourceApplyGradientDescent,SGD/SGD/update_48/ResourceApplyGradientDescent,2,6.144,3.072,6.144,3.072,6.251455073481611e-05,0.99608893341965,0.0,0.0
493,Device,ResourceApplyGradientDescent,SGD/SGD/update_49/ResourceApplyGradientDescent,2,6.144,3.072,6.144,3.072,6.251455073481611e-05,0.9961514479703848,0.0,0.0
494,Device,ResourceApplyGradientDescent,SGD/SGD/update_5/ResourceApplyGradientDescent,2,6.144,3.072,6.144,3.072,6.251455073481611e-05,0.9962139625211196,0.0,0.0
495,Device,ResourceApplyGradientDescent,SGD/SGD/update_50/ResourceApplyGradientDescent,2,6.144,3.072,6.144,3.072,6.251455073481611e-05,0.9962764770718544,0.0,0.0
496,Device,ResourceApplyGradientDescent,SGD/SGD/update_52/ResourceApplyGradientDescent,2,6.144,3.072,6.144,3.072,6.251455073481611e-05,0.9963389916225892,0.0,0.0
497,Device,ResourceApplyGradientDescent,SGD/SGD/update_53/ResourceApplyGradientDescent,2,6.144,3.072,6.144,3.072,6.251455073481611e-05,0.996401506173324,0.0,0.0
498,Device,ResourceApplyGradientDescent,SGD/SGD/update_56/ResourceApplyGradientDescent,2,6.144,3.072,6.144,3.072,6.251455073481611e-05,0.9964640207240588,0.0,0.0
499,Device,ResourceApplyGradientDescent,SGD/SGD/update_57/ResourceApplyGradientDescent,2,6.144,3.072,6.144,3.072,6.251455073481611e-05,0.9965265352747936,0.0,0.0
500,Device,ResourceApplyGradientDescent,SGD/SGD/update_58/ResourceApplyGradientDescent,2,6.144,3.072,6.144,3.072,6.251455073481611e-05,0.9965890498255284,0.0,0.0
501,Host,IDLE,IDLE,0,250298.923,0.0,250298.923,0.0,0.0,0.0,0.9932566314748865,0.9932566314748865
502,Host,GatherV2,GatherV2,2,1286.023,643.0115,1286.023,643.0115,0.0,0.0,0.005103301515121693,0.9983599329900082
503,Host,Dataset,Iterator::Root::ParallelMapV2,2,66.45,33.225,66.45,33.225,0.0,0.0,0.0002636923178511088,0.9986236253078593
504,Host,Dataset,Iterator::Root::ParallelMapV2::Zip[1]::ForeverRepeat,2,69.66,34.83,64.17,32.085,0.0,0.0,0.00025464463561332813,0.9988782699434726
505,Host,Dataset,Iterator::Root,2,109.151,54.5755,42.701,21.3505,0.0,0.0,0.00016944959615590967,0.9990477195396286
506,Host,FlushSummaryWriter,FlushSummaryWriter,1,41.021,41.021,41.021,41.021,0.0,0.0,0.00016278288292807125,0.9992105024225566
507,Host,IteratorGetNext,IteratorGetNext,2,37.141,18.5705,37.141,18.5705,0.0,0.0,0.0001473859499971111,0.9993578883725537
508,Host,LogicalAnd,LogicalAnd,1,31.08,31.08,31.08,31.08,0.0,0.0,0.0001233341947150107,0.9994812225672687
509,Host,Dataset,Iterator::Root::ParallelMapV2::Zip[0]::FlatMap[1]::Concatenate[0]::TensorSlice,2,27.93,13.965,27.93,13.965,0.0,0.0,0.00011083410741281369,0.9995920566746815
510,Host,GatherV2,GatherV2_1,2,26.51,13.255,26.51,13.255,0.0,0.0,0.00010519914742261693,0.9996972558221041
511,Host,WriteSummary,WriteSummary,1,21.56,21.56,21.56,21.56,0.0,0.0,8.555615309059301e-05,0.9997828119751947
512,Host,Dataset,Iterator::Root::ParallelMapV2::Zip[0]::FlatMap[1]::Concatenate,2,46.051,23.0255,18.121,9.0605,0.0,0.0,7.190923238194044e-05,0.9998547212075767
513,Host,Dataset,Iterator::Root::ParallelMapV2::Zip,2,133.171,66.5855,12.68,6.34,0.0,0.0,5.03178117434471e-05,0.9999050390193202
514,Host,ReadVariableOp,ReadVariableOp,1,6.29,6.29,6.29,6.29,0.0,0.0,2.496049178756169e-05,0.9999299995111077
515,Host,Dataset,Iterator::Root::ParallelMapV2::Zip[1]::ForeverRepeat::FromTensor,4,5.49,1.3725,5.49,1.3725,0.0,0.0,2.178586644097197e-05,0.9999517853775487
516,Host,Dataset,Iterator::Root::ParallelMapV2::Zip[0]::FlatMap,2,50.831,25.4155,4.78,2.39,0.0,0.0,1.896838644587359e-05,0.9999707537639946
517,Host,_Send,IteratorGetNext/_1,2,4.51,2.255,4.51,2.255,0.0,0.0,1.7896950391399557e-05,0.999988650714386
518,Host,Identity,Identity,2,2.86,1.43,2.86,1.43,0.0,0.0,1.1349285614058257e-05,1.0
