Rank,Host/device,Type,Operation,#Occurrences,Total time (us),Avg. time (us),Total self-time (us),Avg. self-time (us),Total self-time on Device (%),Cumulative total-self time on Device (%),Total self-time on Host (%),Cumulative total-self time on Host (%)
1,Device,IDLE,IDLE,0,5469.042,0.0,5469.042,0.0,0.5615950779634619,0.5615950779634619,0.0,0.0
2,Device,_Send,IteratorGetNext/_1,2,1139.014,569.507,1139.014,569.507,0.11696100635750731,0.6785560843209691,0.0,0.0
3,Device,Conv2DBackpropFilter,gradient_tape/sequential/conv2d/Conv2D/Conv2DBackpropFilter,2,612.355,306.1775,612.355,306.1775,0.06288040098545881,0.7414364853064279,0.0,0.0
4,Device,Conv2DBackpropInput,gradient_tape/sequential/conv2d_1/Conv2D/Conv2DBackpropInput,2,521.218,260.609,521.218,260.609,0.05352188982018416,0.794958375126612,0.0,0.0
5,Device,_FusedConv2D,sequential/conv2d/Relu,2,333.826,166.913,333.826,166.913,0.034279319576670034,0.8292376947032821,0.0,0.0
6,Device,Conv2DBackpropFilter,gradient_tape/sequential/conv2d_1/Conv2D/Conv2DBackpropFilter,2,212.993,106.4965,212.993,106.4965,0.02187143935641226,0.8511091340596943,0.0,0.0
7,Device,_FusedConv2D,sequential/conv2d_1/Relu,2,168.961,84.4805,168.961,84.4805,0.01734996110247178,0.8684590951621661,0.0,0.0
8,Device,ReluGrad,gradient_tape/sequential/conv2d/ReluGrad,2,139.264,69.632,139.264,69.632,0.014300489361300125,0.8827595845234663,0.0,0.0
9,Device,SoftmaxCrossEntropyWithLogits,categorical_crossentropy/softmax_cross_entropy_with_logits,2,130.049,65.0245,130.049,65.0245,0.013354236133873218,0.8961138206573395,0.0,0.0
10,Device,MaxPoolGrad,gradient_tape/sequential/max_pooling2d/MaxPool/MaxPoolGrad,2,118.785,59.3925,118.785,59.3925,0.012197578906121,0.9083113995634605,0.0,0.0
11,Device,BiasAddGrad,gradient_tape/sequential/conv2d/BiasAdd/BiasAddGrad,2,77.825,38.9125,77.825,38.9125,0.007991552623385672,0.9163029521868462,0.0,0.0
12,Device,Transpose,gradient_tape/sequential/conv2d/Conv2D/Conv2DBackpropFilter-0-TransposeNHWCToNCHW-LayoutOptimizer,2,67.585,33.7925,67.585,33.7925,0.006940046052701838,0.923242998239548,0.0,0.0
13,Device,MaxPool,sequential/max_pooling2d/MaxPool,2,67.584,33.792,67.584,33.792,0.006939943366513295,0.9301829416060613,0.0,0.0
14,Device,ReluGrad,gradient_tape/sequential/conv2d_1/ReluGrad,2,59.393,29.6965,59.393,29.6965,0.006098840796154773,0.936281782402216,0.0,0.0
15,Device,MaxPoolGrad,gradient_tape/sequential/max_pooling2d_1/MaxPool/MaxPoolGrad,2,58.368,29.184,58.368,29.184,0.005993587452897846,0.9422753698551138,0.0,0.0
16,Device,MatMul,sequential/dense/MatMul,2,30.72,15.36,30.72,15.36,0.003154519712051498,0.9454298895671653,0.0,0.0
17,Device,MatMul,sequential/dense_1/MatMul,2,23.552,11.776,23.552,11.776,0.002418465112572815,0.9478483546797382,0.0,0.0
18,Device,BiasAddGrad,gradient_tape/sequential/conv2d_1/BiasAdd/BiasAddGrad,2,22.528,11.264,22.528,11.264,0.0023133144555044314,0.9501616691352426,0.0,0.0
19,Device,MatMul,gradient_tape/sequential/dense/MatMul/MatMul_1,2,22.528,11.264,22.528,11.264,0.0023133144555044314,0.952474983590747,0.0,0.0
20,Device,MatMul,gradient_tape/sequential/dense/MatMul/MatMul,2,21.504,10.752,21.504,10.752,0.0022081637984360486,0.954683147389183,0.0,0.0
21,Device,ArgMax,ArgMax,2,20.48,10.24,20.48,10.24,0.0021030131413676653,0.9567861605305507,0.0,0.0
22,Device,ArgMax,ArgMax_1,2,19.456,9.728,19.456,9.728,0.0019978624842992817,0.9587840230148499,0.0,0.0
23,Device,MatMul,sequential/dense_2/MatMul,2,19.456,9.728,19.456,9.728,0.0019978624842992817,0.9607818854991491,0.0,0.0
24,Device,Softmax,sequential/dense_2/Softmax,2,19.456,9.728,19.456,9.728,0.0019978624842992817,0.9627797479834483,0.0,0.0
25,Device,MaxPool,sequential/max_pooling2d_1/MaxPool,2,18.432,9.216,18.432,9.216,0.0018927118272308984,0.9646724598106793,0.0,0.0
26,Device,MatMul,gradient_tape/sequential/dense_1/MatMul/MatMul_1,2,14.336,7.168,14.336,7.168,0.0014721091989573656,0.9661445690096366,0.0,0.0
27,Device,MatMul,gradient_tape/sequential/dense_2/MatMul/MatMul,2,14.336,7.168,14.336,7.168,0.0014721091989573656,0.967616678208594,0.0,0.0
28,Device,MatMul,gradient_tape/sequential/dense_2/MatMul/MatMul_1,2,14.336,7.168,14.336,7.168,0.0014721091989573656,0.9690887874075513,0.0,0.0
29,Device,Transpose,sequential/max_pooling2d_1/MaxPool-0-2-TransposeNCHWToNHWC-LayoutOptimizer,2,13.312,6.656,13.312,6.656,0.0013669585418889822,0.9704557459494403,0.0,0.0
30,Device,Transpose,gradient_tape/sequential/max_pooling2d_1/MaxPool/MaxPoolGrad-2-TransposeNHWCToNCHW-LayoutOptimizer,2,12.289,6.1445,12.289,6.1445,0.0012619105710091423,0.9717176565204494,0.0,0.0
31,Device,MatMul,gradient_tape/sequential/dense_1/MatMul/MatMul,2,12.288,6.144,12.288,6.144,0.0012618078848205992,0.97297946440527,0.0,0.0
32,Device,_Send,IteratorGetNext/_3,2,10.24,5.12,10.24,5.12,0.0010515065706838327,0.9740309709759538,0.0,0.0
33,Device,ResourceApplyGradientDescent,SGD/SGD/update_4/ResourceApplyGradientDescent,2,10.24,5.12,10.24,5.12,0.0010515065706838327,0.9750824775466377,0.0,0.0
34,Device,ResourceApplyGradientDescent,SGD/SGD/update_1/ResourceApplyGradientDescent,2,8.192,4.096,8.192,4.096,0.0008412052565470661,0.9759236828031848,0.0,0.0
35,Device,BiasAddGrad,gradient_tape/sequential/dense_1/BiasAdd/BiasAddGrad,2,8.192,4.096,8.192,4.096,0.0008412052565470661,0.9767648880597318,0.0,0.0
36,Device,ResourceApplyGradientDescent,SGD/SGD/update_2/ResourceApplyGradientDescent,2,7.168,3.584,7.168,3.584,0.0007360545994786828,0.9775009426592105,0.0,0.0
37,Device,ResourceApplyGradientDescent,SGD/SGD/update_6/ResourceApplyGradientDescent,2,7.168,3.584,7.168,3.584,0.0007360545994786828,0.9782369972586892,0.0,0.0
38,Device,ResourceApplyGradientDescent,SGD/SGD/update_8/ResourceApplyGradientDescent,2,7.168,3.584,7.168,3.584,0.0007360545994786828,0.9789730518581679,0.0,0.0
39,Device,BiasAddGrad,gradient_tape/sequential/dense/BiasAdd/BiasAddGrad,2,7.168,3.584,7.168,3.584,0.0007360545994786828,0.9797091064576465,0.0,0.0
40,Device,BiasAddGrad,gradient_tape/sequential/dense_2/BiasAdd/BiasAddGrad,2,7.168,3.584,7.168,3.584,0.0007360545994786828,0.9804451610571252,0.0,0.0
41,Device,AssignAddVariableOp,AssignAddVariableOp_3,2,6.144,3.072,6.144,3.072,0.0006309039424102996,0.9810760649995355,0.0,0.0
42,Device,AssignAddVariableOp,AssignAddVariableOp_4,2,6.144,3.072,6.144,3.072,0.0006309039424102996,0.9817069689419458,0.0,0.0
43,Device,Cast,Cast,2,6.144,3.072,6.144,3.072,0.0006309039424102996,0.982337872884356,0.0,0.0
44,Device,Cast,Cast_1,2,6.144,3.072,6.144,3.072,0.0006309039424102996,0.9829687768267663,0.0,0.0
45,Device,Mul,Mul,2,6.144,3.072,6.144,3.072,0.0006309039424102996,0.9835996807691766,0.0,0.0
46,Device,AssignAddVariableOp,SGD/SGD/AssignAddVariableOp,2,6.144,3.072,6.144,3.072,0.0006309039424102996,0.9842305847115869,0.0,0.0
47,Device,ResourceApplyGradientDescent,SGD/SGD/update/ResourceApplyGradientDescent,2,6.144,3.072,6.144,3.072,0.0006309039424102996,0.9848614886539971,0.0,0.0
48,Device,ResourceApplyGradientDescent,SGD/SGD/update_3/ResourceApplyGradientDescent,2,6.144,3.072,6.144,3.072,0.0006309039424102996,0.9854923925964074,0.0,0.0
49,Device,ResourceApplyGradientDescent,SGD/SGD/update_5/ResourceApplyGradientDescent,2,6.144,3.072,6.144,3.072,0.0006309039424102996,0.9861232965388177,0.0,0.0
50,Device,ResourceApplyGradientDescent,SGD/SGD/update_9/ResourceApplyGradientDescent,2,6.144,3.072,6.144,3.072,0.0006309039424102996,0.986754200481228,0.0,0.0
51,Device,DivNoNan,categorical_crossentropy/weighted_loss/value,2,6.144,3.072,6.144,3.072,0.0006309039424102996,0.9873851044236382,0.0,0.0
52,Device,Tile,gradient_tape/categorical_crossentropy/weighted_loss/Tile_1,2,6.144,3.072,6.144,3.072,0.0006309039424102996,0.9880160083660485,0.0,0.0
53,Device,DivNoNan,gradient_tape/categorical_crossentropy/weighted_loss/value/div_no_nan,2,6.144,3.072,6.144,3.072,0.0006309039424102996,0.9886469123084588,0.0,0.0
54,Device,ReluGrad,gradient_tape/sequential/dense/ReluGrad,2,6.144,3.072,6.144,3.072,0.0006309039424102996,0.9892778162508691,0.0,0.0
55,Device,BiasAdd,sequential/dense/BiasAdd,2,6.144,3.072,6.144,3.072,0.0006309039424102996,0.9899087201932794,0.0,0.0
56,Device,BiasAdd,sequential/dense_1/BiasAdd,2,6.144,3.072,6.144,3.072,0.0006309039424102996,0.9905396241356896,0.0,0.0
57,Device,Relu,sequential/dense_1/Relu,2,6.144,3.072,6.144,3.072,0.0006309039424102996,0.9911705280780999,0.0,0.0
58,Device,BiasAdd,sequential/dense_2/BiasAdd,2,6.144,3.072,6.144,3.072,0.0006309039424102996,0.9918014320205102,0.0,0.0
59,Device,AssignAddVariableOp,AssignAddVariableOp_2,2,5.121,2.5605,5.121,2.5605,0.0005258559715304597,0.9923272879920406,0.0,0.0
60,Device,AssignAddVariableOp,AssignAddVariableOp,2,5.12,2.56,5.12,2.56,0.0005257532853419163,0.9928530412773825,0.0,0.0
61,Device,AssignAddVariableOp,AssignAddVariableOp_1,2,5.12,2.56,5.12,2.56,0.0005257532853419163,0.9933787945627244,0.0,0.0
62,Device,Equal,Equal,2,5.12,2.56,5.12,2.56,0.0005257532853419163,0.9939045478480663,0.0,0.0
63,Device,ResourceApplyGradientDescent,SGD/SGD/update_7/ResourceApplyGradientDescent,2,5.12,2.56,5.12,2.56,0.0005257532853419163,0.9944303011334081,0.0,0.0
64,Device,Sum,Sum_2,2,5.12,2.56,5.12,2.56,0.0005257532853419163,0.99495605441875,0.0,0.0
65,Device,Sum,categorical_crossentropy/weighted_loss/Sum,2,5.12,2.56,5.12,2.56,0.0005257532853419163,0.9954818077040919,0.0,0.0
66,Device,DivNoNan,div_no_nan,2,5.12,2.56,5.12,2.56,0.0005257532853419163,0.9960075609894338,0.0,0.0
67,Device,Mul,gradient_tape/categorical_crossentropy/softmax_cross_entropy_with_logits/mul,2,5.12,2.56,5.12,2.56,0.0005257532853419163,0.9965333142747757,0.0,0.0
68,Device,ReluGrad,gradient_tape/sequential/dense_1/ReluGrad,2,5.12,2.56,5.12,2.56,0.0005257532853419163,0.9970590675601175,0.0,0.0
69,Device,Relu,sequential/dense/Relu,2,5.12,2.56,5.12,2.56,0.0005257532853419163,0.9975848208454594,0.0,0.0
70,Device,Cast,Cast_2,2,4.096,2.048,4.096,2.048,0.00042060262827353303,0.9980054234737329,0.0,0.0
71,Device,Cast,categorical_crossentropy/weighted_loss/num_elements/Cast,2,4.096,2.048,4.096,2.048,0.00042060262827353303,0.9984260261020064,0.0,0.0
72,Device,DivNoNan,div_no_nan_1,2,4.096,2.048,4.096,2.048,0.00042060262827353303,0.9988466287302799,0.0,0.0
73,Device,_Recv,strided_slice/_12,2,3.648,1.824,3.648,1.824,0.00037459921580611536,0.9992212279460859,0.0,0.0
74,Device,_Recv,categorical_crossentropy/weighted_loss/num_elements/_14,2,3.488,1.744,3.488,1.744,0.00035816942563918046,0.9995793973717251,0.0,0.0
75,Device,LogicalAnd,LogicalAnd,1,2.048,2.048,2.048,2.048,0.00021030131413676652,0.9997896986858619,0.0,0.0
76,Device,_Recv,Size/_16,2,2.048,1.024,2.048,1.024,0.00021030131413676652,0.9999999999999987,0.0,0.0
77,Host,IDLE,IDLE,0,42238.251,0.0,42238.251,0.0,0.0,0.0,0.9055210062452879,0.9055210062452879
78,Host,_Send,IteratorGetNext/_1,2,1518.437,759.2185,1518.437,759.2185,0.0,0.0,0.03255287725242402,0.9380738834977119
79,Host,GatherV2,GatherV2,2,1496.436,748.218,1496.436,748.218,0.0,0.0,0.032081210760873446,0.9701550942585854
80,Host,_Send,IteratorGetNext/_3,2,836.854,418.427,836.854,418.427,0.0,0.0,0.017940820422711022,0.9880959146812964
81,Host,_Send,IteratorGetNext/_6,2,119.551,59.7755,119.551,59.7755,0.0,0.0,0.00256298353399222,0.9906588982152886
82,Host,GatherV2,GatherV2_1,2,95.732,47.866,95.732,47.866,0.0,0.0,0.0020523420103231525,0.9927112402256117
83,Host,IteratorGetNext,IteratorGetNext,2,53.741,26.8705,53.741,26.8705,0.0,0.0,0.001152121672761214,0.993863361898373
84,Host,Dataset,Iterator::Root::ParallelMapV2::Zip[1]::ForeverRepeat,2,55.26,27.63,51.12,25.56,0.0,0.0,0.0010959315962031457,0.9949592934945761
85,Host,Dataset,Iterator::Root::ParallelMapV2,2,43.98,21.99,43.98,21.99,0.0,0.0,0.0009428613380480115,0.9959021548326241
86,Host,FlushSummaryWriter,FlushSummaryWriter,1,37.481,37.481,37.481,37.481,0.0,0.0,0.0008035331016684294,0.9967056879342926
87,Host,LogicalAnd,LogicalAnd,1,29.621,29.621,29.621,29.621,0.0,0.0,0.0006350271872287437,0.9973407151215213
88,Host,Dataset,Iterator::Root,2,71.191,35.5955,27.211,13.6055,0.0,0.0,0.0005833606154985094,0.9979240757370198
89,Host,WriteSummary,WriteSummary,1,21.99,21.99,21.99,21.99,0.0,0.0,0.00047143066902400574,0.9983955064060438
90,Host,Dataset,Iterator::Root::ParallelMapV2::Zip[0]::FlatMap[1]::Concatenate[0]::TensorSlice,2,20.411,10.2055,20.411,10.2055,0.0,0.0,0.00043757941725552446,0.9988330858232993
91,Host,Dataset,Iterator::Root::ParallelMapV2::Zip[0]::FlatMap[1]::Concatenate,2,37.672,18.836,17.261,8.6305,0.0,0.0,0.00037004842101061227,0.99920313424431
92,Host,_HostSend,categorical_crossentropy/softmax_cross_entropy_with_logits/Shape_2/_9,2,10.87,5.435,10.87,5.435,0.0,0.0,0.0002330355330737127,0.9994361697773837
93,Host,Dataset,Iterator::Root::ParallelMapV2::Zip,2,106.672,53.336,9.73,4.865,0.0,0.0,0.00020859574395650643,0.9996447655213402
94,Host,ReadVariableOp,ReadVariableOp,1,5.71,5.71,5.71,5.71,0.0,0.0,0.00012241332970109472,0.9997671788510413
95,Host,Dataset,Iterator::Root::ParallelMapV2::Zip[1]::ForeverRepeat::FromTensor,4,4.14,1.035,4.14,1.035,0.0,0.0,8.875502363617025e-05,0.9998559338746774
96,Host,Dataset,Iterator::Root::ParallelMapV2::Zip[0]::FlatMap,2,41.682,20.841,4.01,2.005,0.0,0.0,8.596803014034848e-05,0.9999419019048178
97,Host,Identity,Identity,2,2.71,1.355,2.71,1.355,0.0,0.0,5.809809518213077e-05,0.9999999999999999
