Rank,Host/device,Type,Operation,#Occurrences,Total time (us),Avg. time (us),Total self-time (us),Avg. self-time (us),Total self-time on Device (%),Cumulative total-self time on Device (%),Total self-time on Host (%),Cumulative total-self time on Host (%)
1,Device,IDLE,IDLE,0,8841.828,0.0,8841.828,0.0,0.09496361690695442,0.09496361690695442,0.0,0.0
2,Device,_Recv,IteratorGetNext/_2,2,2080.105,1040.0525,2080.105,1040.0525,0.02234088859749821,0.11730450550445262,0.0,0.0
3,Device,FusedBatchNormGradV3,gradient_tape/model/batch_normalization/FusedBatchNormGradV3,2,1416.198,708.099,1416.198,708.099,0.015210348395874138,0.13251485390032675,0.0,0.0
4,Device,Conv2DBackpropFilter,gradient_tape/model/conv2d/Conv2D/Conv2DBackpropFilter,2,1205.254,602.627,1205.254,602.627,0.01294475295511001,0.14545960685543677,0.0,0.0
5,Device,MaxPoolGrad,gradient_tape/model/max_pooling2d/MaxPool/MaxPoolGrad,2,1146.886,573.443,1146.886,573.443,0.0123178648962578,0.15777747175169457,0.0,0.0
6,Device,Conv2DBackpropFilter,gradient_tape/model/conv2d_35/Conv2D/Conv2DBackpropFilter,2,999.427,499.7135,999.427,499.7135,0.01073411547413801,0.1685115872258326,0.0,0.0
7,Device,Conv2DBackpropFilter,gradient_tape/model/conv2d_1/Conv2D/Conv2DBackpropFilter,2,986.118,493.059,986.118,493.059,0.010591173225384172,0.17910276045121676,0.0,0.0
8,Device,Conv2DBackpropFilter,gradient_tape/model/conv2d_34/Conv2D/Conv2DBackpropFilter,2,986.118,493.059,986.118,493.059,0.010591173225384172,0.18969393367660092,0.0,0.0
9,Device,Conv2DBackpropFilter,gradient_tape/model/conv2d_32/Conv2D/Conv2DBackpropFilter,2,986.116,493.058,986.116,493.058,0.010591151744844873,0.2002850854214458,0.0,0.0
10,Device,Conv2DBackpropFilter,gradient_tape/model/conv2d_30/Conv2D/Conv2DBackpropFilter,2,985.092,492.546,985.092,492.546,0.010580153708724659,0.21086523913017047,0.0,0.0
11,Device,Conv2DBackpropFilter,gradient_tape/model/conv2d_2/Conv2D/Conv2DBackpropFilter,2,980.998,490.499,980.998,490.499,0.0105361830447831,0.22140142217495357,0.0,0.0
12,Device,Conv2DBackpropFilter,gradient_tape/model/conv2d_3/Conv2D/Conv2DBackpropFilter,2,980.996,490.498,980.996,490.498,0.010536161564243803,0.23193758373919737,0.0,0.0
13,Device,Conv2DBackpropFilter,gradient_tape/model/conv2d_6/Conv2D/Conv2DBackpropFilter,2,980.996,490.498,980.996,490.498,0.010536161564243803,0.24247374530344118,0.0,0.0
14,Device,Conv2DBackpropFilter,gradient_tape/model/conv2d_4/Conv2D/Conv2DBackpropFilter,2,979.972,489.986,979.972,489.986,0.010525163528123589,0.2529989088315648,0.0,0.0
15,Device,Conv2DBackpropFilter,gradient_tape/model/conv2d_5/Conv2D/Conv2DBackpropFilter,2,978.948,489.474,978.948,489.474,0.010514165492003374,0.2635130743235682,0.0,0.0
16,Device,Conv2DBackpropFilter,gradient_tape/model/conv2d_33/Conv2D/Conv2DBackpropFilter,2,964.612,482.306,964.612,482.306,0.010360192986320375,0.27387326730988854,0.0,0.0
17,Device,Conv2D,model/conv2d/Conv2D,2,905.221,452.6105,905.221,452.6105,0.0097223176316176,0.28359558494150616,0.0,0.0
18,Device,ReluGrad,gradient_tape/model/activation/ReluGrad,2,865.284,432.642,865.284,432.642,0.009293383482659597,0.2928889684241658,0.0,0.0
19,Device,FusedBatchNormV3,model/batch_normalization/FusedBatchNormV3,4,842.755,210.68875,842.755,210.68875,0.009051415947745237,0.301940384371911,0.0,0.0
20,Device,Conv2DBackpropInput,gradient_tape/model/conv2d_7/Conv2D/Conv2DBackpropInput,2,783.364,391.682,783.364,391.682,0.008413540593042461,0.31035392496495345,0.0,0.0
21,Device,Conv2DBackpropFilter,gradient_tape/model/conv2d_7/Conv2D/Conv2DBackpropFilter,2,658.436,329.218,658.436,329.218,0.007071780186376329,0.3174257051513298,0.0,0.0
22,Device,Conv2DBackpropInput,gradient_tape/model/conv2d_16/Conv2D/Conv2DBackpropInput,2,598.02,299.01,598.02,299.01,0.00642289605528369,0.32384860120661346,0.0,0.0
23,Device,Conv2D,model/conv2d_30/Conv2D,4,594.947,148.73675,594.947,148.73675,0.006389891206653399,0.33023849241326686,0.0,0.0
24,Device,Conv2D,model/conv2d_35/Conv2D,4,593.923,148.48075,593.923,148.48075,0.006378893170533185,0.33661738558380006,0.0,0.0
25,Device,Conv2D,model/conv2d_34/Conv2D,4,593.922,148.4805,593.922,148.4805,0.006378882430263536,0.3429962680140636,0.0,0.0
26,Device,Conv2D,model/conv2d_33/Conv2D,4,589.828,147.457,589.828,147.457,0.006334911766321977,0.3493311797803855,0.0,0.0
27,Device,Conv2DBackpropInput,gradient_tape/model/conv2d_34/Conv2D/Conv2DBackpropInput,4,589.826,147.4565,589.826,147.4565,0.00633489028578268,0.3556660700661682,0.0,0.0
28,Device,Conv2D,model/conv2d_32/Conv2D,4,587.778,146.9445,587.778,146.9445,0.006312894213542251,0.36197896427971044,0.0,0.0
29,Device,Conv2DBackpropInput,gradient_tape/model/conv2d_35/Conv2D/Conv2DBackpropInput,4,586.756,146.689,586.756,146.689,0.006301917657961334,0.3682808819376718,0.0,0.0
30,Device,Conv2DBackpropInput,gradient_tape/model/conv2d_30/Conv2D/Conv2DBackpropInput,4,585.73,146.4325,585.73,146.4325,0.006290898141301822,0.3745717800789736,0.0,0.0
31,Device,Conv2DBackpropInput,gradient_tape/model/conv2d_32/Conv2D/Conv2DBackpropInput,4,583.682,145.9205,583.682,145.9205,0.006268902069061394,0.380840682148035,0.0,0.0
32,Device,Conv2DBackpropInput,gradient_tape/model/conv2d_33/Conv2D/Conv2DBackpropInput,4,582.66,145.665,582.66,145.665,0.006257925513480477,0.3870986076615155,0.0,0.0
33,Device,BiasAdd,model/conv2d/BiasAdd,2,577.538,288.769,577.538,288.769,0.006202913852340109,0.3933015215138556,0.0,0.0
34,Device,Conv2D,model/conv2d_7/Conv2D,4,574.465,143.61625,574.465,143.61625,0.0061699090037098175,0.39947143051756545,0.0,0.0
35,Device,Relu,model/activation/Relu,2,552.962,276.481,552.962,276.481,0.005938960985454968,0.40541039150302044,0.0,0.0
36,Device,Conv2DBackpropFilter,gradient_tape/model/conv2d_10/Conv2D/Conv2DBackpropFilter,2,546.818,273.409,546.818,273.409,0.005872972768733682,0.4112833642717541,0.0,0.0
37,Device,Conv2DBackpropFilter,gradient_tape/model/conv2d_13/Conv2D/Conv2DBackpropFilter,2,542.724,271.362,542.724,271.362,0.0058290021047921236,0.41711236637654625,0.0,0.0
38,Device,Conv2DBackpropFilter,gradient_tape/model/conv2d_11/Conv2D/Conv2DBackpropFilter,2,542.722,271.361,542.722,271.361,0.005828980624252826,0.42294134700079905,0.0,0.0
39,Device,Conv2DBackpropFilter,gradient_tape/model/conv2d_15/Conv2D/Conv2DBackpropFilter,2,542.722,271.361,542.722,271.361,0.005828980624252826,0.42877032762505185,0.0,0.0
40,Device,Conv2DBackpropFilter,gradient_tape/model/conv2d_12/Conv2D/Conv2DBackpropFilter,2,541.7,270.85,541.7,270.85,0.005818004068671909,0.43458833169372374,0.0,0.0
41,Device,Conv2DBackpropFilter,gradient_tape/model/conv2d_14/Conv2D/Conv2DBackpropFilter,2,539.65,269.825,539.65,269.825,0.005795986515892183,0.44038431820961593,0.0,0.0
42,Device,Conv2DBackpropFilter,gradient_tape/model/conv2d_8/Conv2D/Conv2DBackpropFilter,2,533.506,266.753,533.506,266.753,0.005729998299170898,0.44611431650878686,0.0,0.0
43,Device,Conv2DBackpropInput,gradient_tape/model/conv2d_29/Conv2D/Conv2DBackpropInput,2,520.195,260.0975,520.195,260.0975,0.0055870345698777624,0.4517013510786646,0.0,0.0
44,Device,Conv2DBackpropFilter,gradient_tape/model/conv2d_16/Conv2D/Conv2DBackpropFilter,2,455.682,227.841,455.682,227.841,0.004894147554034618,0.4565954986326992,0.0,0.0
45,Device,Conv2D,model/conv2d_29/Conv2D,4,427.01,106.7525,427.01,106.7525,0.00458620254266862,0.46118170117536783,0.0,0.0
46,Device,Conv2D,model/conv2d_6/Conv2D,2,413.698,206.849,413.698,206.849,0.004443228073105836,0.46562492924847365,0.0,0.0
47,Device,Conv2D,model/conv2d_16/Conv2D,4,411.65,102.9125,411.65,102.9125,0.004421232000865407,0.47004616124933907,0.0,0.0
48,Device,Conv2D,model/conv2d_3/Conv2D,2,411.65,205.825,411.65,205.825,0.004421232000865407,0.4744673932502045,0.0,0.0
49,Device,Conv2D,model/conv2d_1/Conv2D,2,410.626,205.313,410.626,205.313,0.004410233964745193,0.4788776272149497,0.0,0.0
50,Device,Conv2D,model/conv2d_5/Conv2D,2,410.626,205.313,410.626,205.313,0.004410233964745193,0.4832878611796949,0.0,0.0
51,Device,Conv2DBackpropInput,gradient_tape/model/conv2d_1/Conv2D/Conv2DBackpropInput,2,409.602,204.801,409.602,204.801,0.004399235928624979,0.48768709710831987,0.0,0.0
52,Device,Conv2DBackpropInput,gradient_tape/model/conv2d_5/Conv2D/Conv2DBackpropInput,2,407.554,203.777,407.554,203.777,0.004377239856384551,0.4920643369647044,0.0,0.0
53,Device,Conv2DBackpropInput,gradient_tape/model/conv2d_6/Conv2D/Conv2DBackpropInput,2,407.554,203.777,407.554,203.777,0.004377239856384551,0.49644157682108897,0.0,0.0
54,Device,Conv2D,model/conv2d_4/Conv2D,2,407.554,203.777,407.554,203.777,0.004377239856384551,0.5008188166774735,0.0,0.0
55,Device,Conv2D,model/conv2d_2/Conv2D,2,406.53,203.265,406.53,203.265,0.004366241820264336,0.5051850584977379,0.0,0.0
56,Device,Conv2DBackpropInput,gradient_tape/model/conv2d_2/Conv2D/Conv2DBackpropInput,2,404.481,202.2405,404.481,202.2405,0.004344235007754259,0.5095292935054921,0.0,0.0
57,Device,Conv2DBackpropInput,gradient_tape/model/conv2d_3/Conv2D/Conv2DBackpropInput,2,404.48,202.24,404.48,202.24,0.0043442242674846115,0.5138735177729767,0.0,0.0
58,Device,Conv2DBackpropInput,gradient_tape/model/conv2d_4/Conv2D/Conv2DBackpropInput,2,403.458,201.729,403.458,201.729,0.004333247711903694,0.5182067654848804,0.0,0.0
59,Device,Conv2DBackpropFilter,gradient_tape/model/conv2d_21/Conv2D/Conv2DBackpropFilter,2,389.122,194.561,389.122,194.561,0.0041792752062206956,0.5223860406911012,0.0,0.0
60,Device,Conv2DBackpropFilter,gradient_tape/model/conv2d_27/Conv2D/Conv2DBackpropFilter,2,388.098,194.049,388.098,194.049,0.004168277170100481,0.5265543178612017,0.0,0.0
61,Device,Conv2DBackpropFilter,gradient_tape/model/conv2d_24/Conv2D/Conv2DBackpropFilter,2,386.05,193.025,386.05,193.025,0.0041462810978600525,0.5307005989590617,0.0,0.0
62,Device,Conv2DBackpropFilter,gradient_tape/model/conv2d_25/Conv2D/Conv2DBackpropFilter,2,386.05,193.025,386.05,193.025,0.0041462810978600525,0.5348468800569218,0.0,0.0
63,Device,Conv2DBackpropFilter,gradient_tape/model/conv2d_28/Conv2D/Conv2DBackpropFilter,2,386.048,193.024,386.048,193.024,0.0041462596173207555,0.5389931396742426,0.0,0.0
64,Device,Conv2DBackpropFilter,gradient_tape/model/conv2d_23/Conv2D/Conv2DBackpropFilter,2,385.026,192.513,385.026,192.513,0.004135283061739838,0.5431284227359824,0.0,0.0
65,Device,Conv2DBackpropFilter,gradient_tape/model/conv2d_26/Conv2D/Conv2DBackpropFilter,2,385.026,192.513,385.026,192.513,0.004135283061739838,0.5472637057977222,0.0,0.0
66,Device,Conv2DBackpropFilter,gradient_tape/model/conv2d_20/Conv2D/Conv2DBackpropFilter,2,384.002,192.001,384.002,192.001,0.004124285025619625,0.5513879908233419,0.0,0.0
67,Device,Conv2DBackpropFilter,gradient_tape/model/conv2d_19/Conv2D/Conv2DBackpropFilter,2,384.0,192.0,384.0,192.0,0.004124263545080327,0.5555122543684222,0.0,0.0
68,Device,Conv2DBackpropFilter,gradient_tape/model/conv2d_22/Conv2D/Conv2DBackpropFilter,2,381.954,190.977,381.954,190.977,0.004102288953379196,0.5596145433218014,0.0,0.0
69,Device,Conv2DBackpropFilter,gradient_tape/model/conv2d_17/Conv2D/Conv2DBackpropFilter,2,378.882,189.441,378.882,189.441,0.004069294845018553,0.5636838381668199,0.0,0.0
70,Device,Conv2DBackpropFilter,gradient_tape/model/conv2d_29/Conv2D/Conv2DBackpropFilter,4,378.881,94.72025,378.881,94.72025,0.004069284104748904,0.5677531222715688,0.0,0.0
71,Device,FusedBatchNormGradV3,gradient_tape/model/batch_normalization_3/FusedBatchNormGradV3,2,368.642,184.321,368.642,184.321,0.003959314483816411,0.5717124367553852,0.0,0.0
72,Device,FusedBatchNormGradV3,gradient_tape/model/batch_normalization_1/FusedBatchNormGradV3,2,366.594,183.297,366.594,183.297,0.003937318411575983,0.5756497551669612,0.0,0.0
73,Device,FusedBatchNormGradV3,gradient_tape/model/batch_normalization_5/FusedBatchNormGradV3,2,366.594,183.297,366.594,183.297,0.003937318411575983,0.5795870735785371,0.0,0.0
74,Device,FusedBatchNormGradV3,gradient_tape/model/batch_normalization_4/FusedBatchNormGradV3,2,365.57,182.785,365.57,182.785,0.0039263203754557685,0.5835133939539929,0.0,0.0
75,Device,FusedBatchNormGradV3,gradient_tape/model/batch_normalization_6/FusedBatchNormGradV3,2,365.57,182.785,365.57,182.785,0.0039263203754557685,0.5874397143294487,0.0,0.0
76,Device,FusedBatchNormGradV3,gradient_tape/model/batch_normalization_2/FusedBatchNormGradV3,2,364.546,182.273,364.546,182.273,0.003915322339335554,0.5913550366687843,0.0,0.0
77,Device,Conv2D,model/conv2d_22/Conv2D,2,359.426,179.713,359.426,179.713,0.003860332158734483,0.5952153688275188,0.0,0.0
78,Device,Conv2D,model/conv2d_24/Conv2D,2,359.426,179.713,359.426,179.713,0.003860332158734483,0.5990757009862533,0.0,0.0
79,Device,Conv2D,model/conv2d_26/Conv2D,2,359.426,179.713,359.426,179.713,0.003860332158734483,0.6029360331449878,0.0,0.0
80,Device,Conv2D,model/conv2d_19/Conv2D,2,358.402,179.201,358.402,179.201,0.003849334122614269,0.606785367267602,0.0,0.0
81,Device,Conv2D,model/conv2d_23/Conv2D,2,358.402,179.201,358.402,179.201,0.003849334122614269,0.6106347013902163,0.0,0.0
82,Device,Conv2D,model/conv2d_20/Conv2D,2,358.401,179.2005,358.401,179.2005,0.0038493233823446204,0.6144840247725609,0.0,0.0
83,Device,Conv2D,model/conv2d_27/Conv2D,2,358.401,179.2005,358.401,179.2005,0.0038493233823446204,0.6183333481549056,0.0,0.0
84,Device,Conv2D,model/conv2d_25/Conv2D,2,357.378,178.689,357.378,178.689,0.0038383360864940545,0.6221716842413997,0.0,0.0
85,Device,Conv2D,model/conv2d_17/Conv2D,2,357.377,178.6885,357.377,178.6885,0.0038383253462244064,0.6260100095876241,0.0,0.0
86,Device,Conv2D,model/conv2d_28/Conv2D,2,357.377,178.6885,357.377,178.6885,0.0038383253462244064,0.6298483349338485,0.0,0.0
87,Device,Conv2D,model/conv2d_21/Conv2D,2,356.354,178.177,356.354,178.177,0.0038273380503738405,0.6336756729842223,0.0,0.0
88,Device,Conv2DBackpropInput,gradient_tape/model/conv2d_11/Conv2D/Conv2DBackpropInput,2,355.33,177.665,355.33,177.665,0.003816340014253626,0.6374920129984759,0.0,0.0
89,Device,Conv2DBackpropInput,gradient_tape/model/conv2d_12/Conv2D/Conv2DBackpropInput,2,355.33,177.665,355.33,177.665,0.003816340014253626,0.6413083530127295,0.0,0.0
90,Device,Conv2DBackpropInput,gradient_tape/model/conv2d_8/Conv2D/Conv2DBackpropInput,2,355.33,177.665,355.33,177.665,0.003816340014253626,0.645124693026983,0.0,0.0
91,Device,Conv2D,model/conv2d_15/Conv2D,2,355.33,177.665,355.33,177.665,0.003816340014253626,0.6489410330412366,0.0,0.0
92,Device,Conv2DBackpropInput,gradient_tape/model/conv2d_15/Conv2D/Conv2DBackpropInput,2,354.306,177.153,354.306,177.153,0.0038053419781334122,0.65274637501937,0.0,0.0
93,Device,Conv2D,model/conv2d_8/Conv2D,2,354.306,177.153,354.306,177.153,0.0038053419781334122,0.6565517169975035,0.0,0.0
94,Device,Conv2DBackpropInput,gradient_tape/model/conv2d_10/Conv2D/Conv2DBackpropInput,2,353.282,176.641,353.282,176.641,0.003794343942013198,0.6603460609395166,0.0,0.0
95,Device,Conv2DBackpropInput,gradient_tape/model/conv2d_13/Conv2D/Conv2DBackpropInput,2,353.282,176.641,353.282,176.641,0.003794343942013198,0.6641404048815298,0.0,0.0
96,Device,Conv2DBackpropInput,gradient_tape/model/conv2d_14/Conv2D/Conv2DBackpropInput,2,353.282,176.641,353.282,176.641,0.003794343942013198,0.667934748823543,0.0,0.0
97,Device,Conv2DBackpropInput,gradient_tape/model/conv2d_22/Conv2D/Conv2DBackpropInput,2,353.282,176.641,353.282,176.641,0.003794343942013198,0.6717290927655561,0.0,0.0
98,Device,Conv2DBackpropInput,gradient_tape/model/conv2d_25/Conv2D/Conv2DBackpropInput,2,353.282,176.641,353.282,176.641,0.003794343942013198,0.6755234367075693,0.0,0.0
99,Device,Conv2DBackpropInput,gradient_tape/model/conv2d_27/Conv2D/Conv2DBackpropInput,2,353.282,176.641,353.282,176.641,0.003794343942013198,0.6793177806495825,0.0,0.0
100,Device,Conv2D,model/conv2d_14/Conv2D,2,353.282,176.641,353.282,176.641,0.003794343942013198,0.6831121245915956,0.0,0.0
101,Device,MaxPool,model/max_pooling2d/MaxPool,2,353.282,176.641,353.282,176.641,0.003794343942013198,0.6869064685336088,0.0,0.0
102,Device,Conv2D,model/conv2d_12/Conv2D,2,352.257,176.1285,352.257,176.1285,0.003783335165623335,0.6906898036992322,0.0,0.0
103,Device,Conv2DBackpropInput,gradient_tape/model/conv2d_17/Conv2D/Conv2DBackpropInput,2,351.234,175.617,351.234,175.617,0.0037723478697727695,0.6944621515690049,0.0,0.0
104,Device,Conv2DBackpropInput,gradient_tape/model/conv2d_24/Conv2D/Conv2DBackpropInput,2,351.234,175.617,351.234,175.617,0.0037723478697727695,0.6982344994387777,0.0,0.0
105,Device,Conv2D,model/conv2d_13/Conv2D,2,351.234,175.617,351.234,175.617,0.0037723478697727695,0.7020068473085505,0.0,0.0
106,Device,Conv2D,model/conv2d_10/Conv2D,2,351.233,175.6165,351.233,175.6165,0.003772337129503121,0.7057791844380535,0.0,0.0
107,Device,Conv2DBackpropInput,gradient_tape/model/conv2d_19/Conv2D/Conv2DBackpropInput,2,351.232,175.616,351.232,175.616,0.0037723263892334726,0.7095515108272871,0.0,0.0
108,Device,Conv2DBackpropInput,gradient_tape/model/conv2d_23/Conv2D/Conv2DBackpropInput,2,350.21,175.105,350.21,175.105,0.003761349833652555,0.7133128606609396,0.0,0.0
109,Device,Conv2D,model/conv2d_11/Conv2D,2,350.21,175.105,350.21,175.105,0.003761349833652555,0.7170742104945921,0.0,0.0
110,Device,Conv2DBackpropInput,gradient_tape/model/conv2d_26/Conv2D/Conv2DBackpropInput,2,350.209,175.1045,350.209,175.1045,0.0037613390933829067,0.720835549587975,0.0,0.0
111,Device,Conv2DBackpropInput,gradient_tape/model/conv2d_28/Conv2D/Conv2DBackpropInput,2,350.208,175.104,350.208,175.104,0.0037613283531132582,0.7245968779410883,0.0,0.0
112,Device,Conv2DBackpropInput,gradient_tape/model/conv2d_21/Conv2D/Conv2DBackpropInput,2,349.185,174.5925,349.185,174.5925,0.0037503410572626923,0.728347218998351,0.0,0.0
113,Device,Conv2DBackpropInput,gradient_tape/model/conv2d_20/Conv2D/Conv2DBackpropInput,2,348.162,174.081,348.162,174.081,0.003739353761412127,0.7320865727597631,0.0,0.0
114,Device,BiasAddGrad,gradient_tape/model/conv2d/BiasAdd/BiasAddGrad,2,274.434,137.217,274.434,137.217,0.0029474951607567045,0.7350340679205197,0.0,0.0
115,Device,Conv2DBackpropFilter,gradient_tape/model/conv2d_9/Conv2D/Conv2DBackpropFilter,2,230.402,115.201,230.402,115.201,0.002474579607587493,0.7375086475281072,0.0,0.0
116,Device,FusedBatchNormV3,model/batch_normalization_1/FusedBatchNormV3,4,222.21,55.5525,222.21,55.5525,0.00238659531862578,0.7398952428467329,0.0,0.0
117,Device,FusedBatchNormV3,model/batch_normalization_5/FusedBatchNormV3,4,221.185,55.29625,221.185,55.29625,0.002375586542235917,0.7422708293889688,0.0,0.0
118,Device,FusedBatchNormV3,model/batch_normalization_3/FusedBatchNormV3,4,220.162,55.0405,220.162,55.0405,0.0023645992463853516,0.7446354286353541,0.0,0.0
119,Device,FusedBatchNormV3,model/batch_normalization_2/FusedBatchNormV3,4,219.137,54.78425,219.137,54.78425,0.0023535904699954883,0.7469890191053496,0.0,0.0
120,Device,ReluGrad,gradient_tape/model/activation_6/ReluGrad,2,218.112,109.056,218.112,109.056,0.0023425816936056255,0.7493316007989552,0.0,0.0
121,Device,FusedBatchNormV3,model/batch_normalization_4/FusedBatchNormV3,4,218.112,54.528,218.112,54.528,0.0023425816936056255,0.7516741824925608,0.0,0.0
122,Device,FusedBatchNormV3,model/batch_normalization_6/FusedBatchNormV3,4,217.088,54.272,217.088,54.272,0.0023315836574854115,0.7540057661500462,0.0,0.0
123,Device,ReluGrad,gradient_tape/model/activation_3/ReluGrad,2,214.016,107.008,214.016,107.008,0.002298589549124769,0.756304355699171,0.0,0.0
124,Device,AddN,SGD/gradients/AddN_12,2,212.994,106.497,212.994,106.497,0.002287612993543852,0.7585919686927148,0.0,0.0
125,Device,ReluGrad,gradient_tape/model/activation_5/ReluGrad,2,212.994,106.497,212.994,106.497,0.002287612993543852,0.7608795816862587,0.0,0.0
126,Device,AddN,SGD/gradients/AddN_13,2,212.992,106.496,212.992,106.496,0.0022875915130045545,0.7631671731992632,0.0,0.0
127,Device,AddN,SGD/gradients/AddN_14,2,212.992,106.496,212.992,106.496,0.0022875915130045545,0.7654547647122677,0.0,0.0
128,Device,AddV2,model/add/add,2,211.969,105.9845,211.969,105.9845,0.002276604217153989,0.7677313689294217,0.0,0.0
129,Device,AddV2,model/add_1/add,2,209.922,104.961,209.922,104.961,0.002254618885183209,0.7699859878146049,0.0,0.0
130,Device,AddV2,model/add_2/add,2,209.922,104.961,209.922,104.961,0.002254618885183209,0.7722406066997881,0.0,0.0
131,Device,ReluGrad,gradient_tape/model/activation_2/ReluGrad,2,209.92,104.96,209.92,104.96,0.002254597404643912,0.7744952041044321,0.0,0.0
132,Device,ReluGrad,gradient_tape/model/activation_4/ReluGrad,2,208.898,104.449,208.898,104.449,0.0022436208490629952,0.7767388249534951,0.0,0.0
133,Device,Conv2DBackpropInput,gradient_tape/model/conv2d_9/Conv2D/Conv2DBackpropInput,2,207.872,103.936,207.872,103.936,0.002232601332403484,0.7789714262858985,0.0,0.0
134,Device,ReluGrad,gradient_tape/model/activation_1/ReluGrad,2,204.8,102.4,204.8,102.4,0.0021996072240428413,0.7811710335099414,0.0,0.0
135,Device,SoftmaxCrossEntropyWithLogits,categorical_crossentropy/softmax_cross_entropy_with_logits,2,203.777,101.8885,203.777,101.8885,0.0021886199281922754,0.7833596534381337,0.0,0.0
136,Device,AddN,SGD/gradients/AddN_15,2,201.728,100.864,201.728,100.864,0.0021666131156821986,0.785526266553816,0.0,0.0
137,Device,FusedBatchNormGradV3,gradient_tape/model/batch_normalization_9/FusedBatchNormGradV3,2,179.202,89.601,179.202,89.601,0.001924677801576783,0.7874509443553928,0.0,0.0
138,Device,FusedBatchNormGradV3,gradient_tape/model/batch_normalization_12/FusedBatchNormGradV3,2,179.2,89.6,179.2,89.6,0.0019246563210374857,0.7893756006764302,0.0,0.0
139,Device,FusedBatchNormGradV3,gradient_tape/model/batch_normalization_14/FusedBatchNormGradV3,2,178.178,89.089,178.178,89.089,0.001913679765456569,0.7912892804418867,0.0,0.0
140,Device,FusedBatchNormGradV3,gradient_tape/model/batch_normalization_11/FusedBatchNormGradV3,2,178.176,89.088,178.176,89.088,0.0019136582849172716,0.793202938726804,0.0,0.0
141,Device,FusedBatchNormGradV3,gradient_tape/model/batch_normalization_13/FusedBatchNormGradV3,2,178.176,89.088,178.176,89.088,0.0019136582849172716,0.7951165970117213,0.0,0.0
142,Device,FusedBatchNormGradV3,gradient_tape/model/batch_normalization_10/FusedBatchNormGradV3,2,177.152,88.576,177.152,88.576,0.0019026602487970572,0.7970192572605184,0.0,0.0
143,Device,FusedBatchNormGradV3,gradient_tape/model/batch_normalization_7/FusedBatchNormGradV3,2,176.128,88.064,176.128,88.064,0.001891662212676843,0.7989109194731953,0.0,0.0
144,Device,FusedBatchNormGradV3,gradient_tape/model/batch_normalization_8/FusedBatchNormGradV3,2,175.106,87.553,175.106,87.553,0.0018806856570959263,0.8007916051302912,0.0,0.0
145,Device,Conv2DBackpropInput,gradient_tape/model/conv2d_18/Conv2D/Conv2DBackpropInput,2,147.458,73.729,147.458,73.729,0.0015837386818501429,0.8023753438121414,0.0,0.0
146,Device,BiasAdd,model/conv2d_3/BiasAdd,2,144.384,72.192,144.384,72.192,0.0015507230929502028,0.8039260669050916,0.0,0.0
147,Device,BiasAdd,model/conv2d_4/BiasAdd,2,144.384,72.192,144.384,72.192,0.0015507230929502028,0.8054767899980418,0.0,0.0
148,Device,BiasAdd,model/conv2d_5/BiasAdd,2,144.384,72.192,144.384,72.192,0.0015507230929502028,0.8070275130909921,0.0,0.0
149,Device,Relu,model/activation_4/Relu,2,143.362,71.681,143.362,71.681,0.0015397465373692858,0.8085672596283614,0.0,0.0
150,Device,Relu,model/activation_5/Relu,2,143.361,71.6805,143.361,71.6805,0.0015397357970996371,0.810106995425461,0.0,0.0
151,Device,Relu,model/activation_6/Relu,2,143.361,71.6805,143.361,71.6805,0.0015397357970996371,0.8116467312225607,0.0,0.0
152,Device,BiasAdd,model/conv2d_2/BiasAdd,2,143.361,71.6805,143.361,71.6805,0.0015397357970996371,0.8131864670196604,0.0,0.0
153,Device,BiasAdd,model/conv2d_6/BiasAdd,2,143.36,71.68,143.36,71.68,0.0015397250568299889,0.8147261920764903,0.0,0.0
154,Device,Relu,model/activation_1/Relu,2,142.336,71.168,142.336,71.168,0.0015287270207097745,0.8162549190972,0.0,0.0
155,Device,Relu,model/activation_3/Relu,2,142.336,71.168,142.336,71.168,0.0015287270207097745,0.8177836461179098,0.0,0.0
156,Device,BiasAdd,model/conv2d_1/BiasAdd,2,142.336,71.168,142.336,71.168,0.0015287270207097745,0.8193123731386195,0.0,0.0
157,Device,Relu,model/activation_2/Relu,2,140.289,70.1445,140.289,70.1445,0.0015067416887389947,0.8208191148273585,0.0,0.0
158,Device,Conv2DBackpropInput,gradient_tape/model/conv2d_31/Conv2D/Conv2DBackpropInput,2,138.242,69.121,138.242,69.121,0.0014847563567682149,0.8223038711841267,0.0,0.0
159,Device,Conv2DBackpropFilter,gradient_tape/model/conv2d_18/Conv2D/Conv2DBackpropFilter,2,125.952,62.976,125.952,62.976,0.0013527584427863472,0.8236566296269131,0.0,0.0
160,Device,AddN,SGD/gradients/AddN_48,2,124.93,62.465,124.93,62.465,0.0013417818872054304,0.8249984115141186,0.0,0.0
161,Device,ResourceApplyGradientDescent,SGD/SGD/update_118/ResourceApplyGradientDescent,2,124.928,62.464,124.928,62.464,0.001341760406666133,0.8263401719207847,0.0,0.0
162,Device,ResourceApplyGradientDescent,SGD/SGD/update_122/ResourceApplyGradientDescent,2,124.928,62.464,124.928,62.464,0.001341760406666133,0.8276819323274508,0.0,0.0
163,Device,ResourceApplyGradientDescent,SGD/SGD/update_130/ResourceApplyGradientDescent,2,124.928,62.464,124.928,62.464,0.001341760406666133,0.8290236927341169,0.0,0.0
164,Device,ResourceApplyGradientDescent,SGD/SGD/update_134/ResourceApplyGradientDescent,2,124.928,62.464,124.928,62.464,0.001341760406666133,0.830365453140783,0.0,0.0
165,Device,AddN,SGD/gradients/AddN_49,2,124.928,62.464,124.928,62.464,0.001341760406666133,0.8317072135474491,0.0,0.0
166,Device,AddN,SGD/gradients/AddN_51,2,124.928,62.464,124.928,62.464,0.001341760406666133,0.8330489739541153,0.0,0.0
167,Device,ResourceApplyGradientDescent,SGD/SGD/update_126/ResourceApplyGradientDescent,2,123.906,61.953,123.906,61.953,0.001330783851085216,0.8343797578052005,0.0,0.0
168,Device,AddN,SGD/gradients/AddN_50,2,123.906,61.953,123.906,61.953,0.001330783851085216,0.8357105416562857,0.0,0.0
169,Device,Transpose,gradient_tape/model/conv2d/Conv2D/Conv2DBackpropFilter-0-TransposeNHWCToNCHW-LayoutOptimizer,2,123.904,61.952,123.904,61.952,0.0013307623705459187,0.8370413040268316,0.0,0.0
170,Device,Mul,gradient_tape/conv2d_34/kernel/Regularizer/Mul_1,2,122.881,61.4405,122.881,61.4405,0.0013197750746953532,0.838361079101527,0.0,0.0
171,Device,Mul,gradient_tape/conv2d_32/kernel/Regularizer/Mul_1,2,120.832,60.416,120.832,60.416,0.001297768262185276,0.8396588473637123,0.0,0.0
172,Device,Mul,gradient_tape/conv2d_35/kernel/Regularizer/Mul_1,2,120.832,60.416,120.832,60.416,0.001297768262185276,0.8409566156258976,0.0,0.0
173,Device,Mul,gradient_tape/conv2d_30/kernel/Regularizer/Mul_1,2,119.809,59.9045,119.809,59.9045,0.0012867809663347106,0.8422433965922324,0.0,0.0
174,Device,Mul,gradient_tape/conv2d_33/kernel/Regularizer/Mul_1,2,119.808,59.904,119.808,59.904,0.001286770226065062,0.8435301668182974,0.0,0.0
175,Device,AddN,SGD/gradients/AddN_47,2,118.784,59.392,118.784,59.392,0.001275772189944848,0.8448059390082423,0.0,0.0
176,Device,ArgMax,ArgMax,2,111.618,55.809,111.618,55.809,0.0011988074176426456,0.846004746425885,0.0,0.0
177,Device,ReluGrad,gradient_tape/model/activation_7/ReluGrad,2,111.617,55.8085,111.617,55.8085,0.0011987966773729971,0.847203543103258,0.0,0.0
178,Device,ArgMax,ArgMax_1,2,111.616,55.808,111.616,55.808,0.0011987859371033484,0.8484023290403613,0.0,0.0
179,Device,AddV2,model/add_5/add,2,109.569,54.7845,109.569,54.7845,0.0011768006051325686,0.8495791296454939,0.0,0.0
180,Device,ReluGrad,gradient_tape/model/activation_14/ReluGrad,2,109.568,54.784,109.568,54.784,0.00117678986486292,0.8507559195103568,0.0,0.0
181,Device,AddV2,model/add_3/add,2,109.568,54.784,109.568,54.784,0.00117678986486292,0.8519327093752197,0.0,0.0
182,Device,AddN,SGD/gradients/AddN_10,2,108.546,54.273,108.546,54.273,0.0011658133092820031,0.8530985226845017,0.0,0.0
183,Device,AddN,SGD/gradients/AddN_11,2,108.544,54.272,108.544,54.272,0.0011657918287427058,0.8542643145132444,0.0,0.0
184,Device,AddN,SGD/gradients/AddN_8,2,108.544,54.272,108.544,54.272,0.0011657918287427058,0.855430106341987,0.0,0.0
185,Device,AddV2,model/add_4/add,2,108.544,54.272,108.544,54.272,0.0011657918287427058,0.8565958981707297,0.0,0.0
186,Device,AddN,SGD/gradients/AddN_9,2,107.52,53.76,107.52,53.76,0.0011547937926224914,0.8577506919633522,0.0,0.0
187,Device,AddV2,model/add_6/add,2,106.497,53.2485,106.497,53.2485,0.001143806496771926,0.8588944984601241,0.0,0.0
188,Device,ReluGrad,gradient_tape/model/activation_13/ReluGrad,2,105.473,52.7365,105.473,52.7365,0.0011328084606517118,0.8600273069207758,0.0,0.0
189,Device,ReluGrad,gradient_tape/model/activation_11/ReluGrad,2,105.472,52.736,105.472,52.736,0.001132797720382063,0.8611601046411579,0.0,0.0
190,Device,ReluGrad,gradient_tape/model/activation_12/ReluGrad,2,104.45,52.225,104.45,52.225,0.0011218211648011463,0.8622819258059591,0.0,0.0
191,Device,ReluGrad,gradient_tape/model/activation_10/ReluGrad,2,104.448,52.224,104.448,52.224,0.0011217996842618487,0.8634037254902209,0.0,0.0
192,Device,ReluGrad,gradient_tape/model/activation_8/ReluGrad,2,104.448,52.224,104.448,52.224,0.0011217996842618487,0.8645255251744828,0.0,0.0
193,Device,ReluGrad,gradient_tape/model/activation_9/ReluGrad,2,103.424,51.712,103.424,51.712,0.0011108016481416348,0.8656363268226244,0.0,0.0
194,Device,Conv2DBackpropFilter,gradient_tape/model/conv2d_31/Conv2D/Conv2DBackpropFilter,2,101.378,50.689,101.378,50.689,0.0010888270564405036,0.8667251538790649,0.0,0.0
195,Device,FusedBatchNormV3,model/batch_normalization_12/FusedBatchNormV3,4,101.377,25.34425,101.377,25.34425,0.001088816316170855,0.8678139701952358,0.0,0.0
196,Device,FusedBatchNormV3,model/batch_normalization_7/FusedBatchNormV3,4,101.377,25.34425,101.377,25.34425,0.001088816316170855,0.8689027865114066,0.0,0.0
197,Device,FusedBatchNormV3,model/batch_normalization_11/FusedBatchNormV3,4,101.376,25.344,101.376,25.344,0.0010888055759012063,0.8699915920873078,0.0,0.0
198,Device,FusedBatchNormV3,model/batch_normalization_14/FusedBatchNormV3,4,100.353,25.08825,100.353,25.08825,0.0010778182800506406,0.8710694103673584,0.0,0.0
199,Device,FusedBatchNormV3,model/batch_normalization_8/FusedBatchNormV3,4,100.353,25.08825,100.353,25.08825,0.0010778182800506406,0.872147228647409,0.0,0.0
200,Device,FusedBatchNormV3,model/batch_normalization_10/FusedBatchNormV3,4,99.329,24.83225,99.329,24.83225,0.0010668202439304264,0.8732140488913395,0.0,0.0
201,Device,FusedBatchNormV3,model/batch_normalization_13/FusedBatchNormV3,4,99.328,24.832,99.328,24.832,0.001066809503660778,0.8742808583950002,0.0,0.0
202,Device,FusedBatchNormV3,model/batch_normalization_9/FusedBatchNormV3,4,99.328,24.832,99.328,24.832,0.001066809503660778,0.875347667898661,0.0,0.0
203,Device,Conv2D,model/conv2d_9/Conv2D,2,91.137,45.5685,91.137,45.5685,0.0009788359549687128,0.8763265038536298,0.0,0.0
204,Device,Conv2D,model/conv2d_31/Conv2D,2,89.089,44.5445,89.089,44.5445,0.0009568398827282845,0.8772833437363581,0.0,0.0
205,Device,BiasAddGrad,gradient_tape/model/conv2d_3/BiasAdd/BiasAddGrad,2,84.994,42.497,84.994,42.497,0.0009128584785170763,0.8781962022148752,0.0,0.0
206,Device,BiasAddGrad,gradient_tape/model/conv2d_4/BiasAdd/BiasAddGrad,2,84.994,42.497,84.994,42.497,0.0009128584785170763,0.8791090606933922,0.0,0.0
207,Device,BiasAddGrad,gradient_tape/model/conv2d_1/BiasAdd/BiasAddGrad,2,84.992,42.496,84.992,42.496,0.0009128369979777791,0.88002189769137,0.0,0.0
208,Device,BiasAddGrad,gradient_tape/model/conv2d_2/BiasAdd/BiasAddGrad,2,84.992,42.496,84.992,42.496,0.0009128369979777791,0.8809347346893477,0.0,0.0
209,Device,BiasAddGrad,gradient_tape/model/conv2d_5/BiasAdd/BiasAddGrad,2,84.992,42.496,84.992,42.496,0.0009128369979777791,0.8818475716873254,0.0,0.0
210,Device,BiasAddGrad,gradient_tape/model/conv2d_6/BiasAdd/BiasAddGrad,2,83.968,41.984,83.968,41.984,0.0009018389618575648,0.882749410649183,0.0,0.0
211,Device,Square,conv2d_33/kernel/Regularizer/Square,2,82.945,41.4725,82.945,41.4725,0.0008908516660069991,0.88364026231519,0.0,0.0
212,Device,Square,conv2d_34/kernel/Regularizer/Square,2,81.921,40.9605,81.921,40.9605,0.0008798536298867851,0.8845201159450767,0.0,0.0
213,Device,Square,conv2d_32/kernel/Regularizer/Square,2,81.92,40.96,81.92,40.96,0.0008798428896171364,0.8853999588346939,0.0,0.0
214,Device,Square,conv2d_35/kernel/Regularizer/Square,2,81.92,40.96,81.92,40.96,0.0008798428896171364,0.8862798017243111,0.0,0.0
215,Device,Mul,gradient_tape/conv2d_30/kernel/Regularizer/Mul,2,80.896,40.448,80.896,40.448,0.0008688448534969222,0.887148646577808,0.0,0.0
216,Device,Square,conv2d_30/kernel/Regularizer/Square,2,79.873,39.9365,79.873,39.9365,0.0008578575576463567,0.8880065041354543,0.0,0.0
217,Device,BiasAdd,model/conv2d_7/BiasAdd,2,76.801,38.4005,76.801,38.4005,0.000824863449285714,0.88883136758474,0.0,0.0
218,Device,BiasAdd,model/conv2d_9/BiasAdd,2,76.8,38.4,76.8,38.4,0.0008248527090160653,0.8896562202937561,0.0,0.0
219,Device,Relu,model/activation_14/Relu,2,73.728,36.864,73.728,36.864,0.0007918586006554227,0.8904480788944116,0.0,0.0
220,Device,Relu,model/activation_9/Relu,2,73.728,36.864,73.728,36.864,0.0007918586006554227,0.891239937495067,0.0,0.0
221,Device,Tile,gradient_tape/conv2d_30/kernel/Regularizer/Tile,2,72.705,36.3525,72.705,36.3525,0.0007808713048048572,0.8920208087998719,0.0,0.0
222,Device,Relu,model/activation_10/Relu,2,72.705,36.3525,72.705,36.3525,0.0007808713048048572,0.8928016801046768,0.0,0.0
223,Device,Relu,model/activation_11/Relu,2,72.704,36.352,72.704,36.352,0.0007808605645352085,0.8935825406692119,0.0,0.0
224,Device,Relu,model/activation_12/Relu,2,72.704,36.352,72.704,36.352,0.0007808605645352085,0.8943634012337471,0.0,0.0
225,Device,Relu,model/activation_8/Relu,2,72.704,36.352,72.704,36.352,0.0007808605645352085,0.8951442617982823,0.0,0.0
226,Device,Relu,model/activation_13/Relu,2,71.68,35.84,71.68,35.84,0.0007698625284149944,0.8959141243266974,0.0,0.0
227,Device,Relu,model/activation_7/Relu,2,71.68,35.84,71.68,35.84,0.0007698625284149944,0.8966839868551124,0.0,0.0
228,Device,BiasAdd,model/conv2d_13/BiasAdd,2,69.632,34.816,69.632,34.816,0.000747866456174566,0.8974318533112869,0.0,0.0
229,Device,BiasAdd,model/conv2d_12/BiasAdd,2,68.609,34.3045,68.609,34.3045,0.0007368791603240003,0.898168732471611,0.0,0.0
230,Device,BiasAdd,model/conv2d_8/BiasAdd,2,68.608,34.304,68.608,34.304,0.0007368684200543518,0.8989056008916654,0.0,0.0
231,Device,BiasAdd,model/conv2d_10/BiasAdd,2,67.584,33.792,67.584,33.792,0.0007258703839341375,0.8996314712755995,0.0,0.0
232,Device,BiasAdd,model/conv2d_11/BiasAdd,2,67.584,33.792,67.584,33.792,0.0007258703839341375,0.9003573416595336,0.0,0.0
233,Device,BiasAdd,model/conv2d_14/BiasAdd,2,67.584,33.792,67.584,33.792,0.0007258703839341375,0.9010832120434678,0.0,0.0
234,Device,BiasAdd,model/conv2d_15/BiasAdd,2,66.56,33.28,66.56,33.28,0.0007148723478139234,0.9017980843912817,0.0,0.0
235,Device,ResourceApplyGradientDescent,SGD/SGD/update_112/ResourceApplyGradientDescent,2,65.536,32.768,65.536,32.768,0.0007038743116937091,0.9025019587029754,0.0,0.0
236,Device,Conv2D,model/conv2d_18/Conv2D,2,65.536,32.768,65.536,32.768,0.0007038743116937091,0.9032058330146692,0.0,0.0
237,Device,AvgPoolGrad,gradient_tape/model/average_pooling2d/AvgPoolGrad,2,64.514,32.257,64.514,32.257,0.0006928977561127921,0.903898730770782,0.0,0.0
238,Device,AddN,SGD/gradients/AddN_45,2,64.512,32.256,64.512,32.256,0.0006928762755734949,0.9045916070463554,0.0,0.0
239,Device,Mul,gradient_tape/conv2d_29/kernel/Regularizer/Mul_1,2,61.441,30.7205,61.441,30.7205,0.000659892907482501,0.9052514999538379,0.0,0.0
240,Device,FusedBatchNormGradV3,gradient_tape/model/batch_normalization_24/FusedBatchNormGradV3,2,60.416,30.208,60.416,30.208,0.000648884131092638,0.9059003840849306,0.0,0.0
241,Device,FusedBatchNormGradV3,gradient_tape/model/batch_normalization_15/FusedBatchNormGradV3,2,59.392,29.696,59.392,29.696,0.000637886094972424,0.906538270179903,0.0,0.0
242,Device,FusedBatchNormGradV3,gradient_tape/model/batch_normalization_22/FusedBatchNormGradV3,2,59.392,29.696,59.392,29.696,0.000637886094972424,0.9071761562748754,0.0,0.0
243,Device,FusedBatchNormGradV3,gradient_tape/model/batch_normalization_25/FusedBatchNormGradV3,2,59.392,29.696,59.392,29.696,0.000637886094972424,0.9078140423698478,0.0,0.0
244,Device,FusedBatchNormGradV3,gradient_tape/model/batch_normalization_26/FusedBatchNormGradV3,2,59.392,29.696,59.392,29.696,0.000637886094972424,0.9084519284648201,0.0,0.0
245,Device,FusedBatchNormGradV3,gradient_tape/model/batch_normalization_17/FusedBatchNormGradV3,2,58.37,29.185,58.37,29.185,0.000626909539391507,0.9090788380042116,0.0,0.0
246,Device,FusedBatchNormGradV3,gradient_tape/model/batch_normalization_19/FusedBatchNormGradV3,2,58.37,29.185,58.37,29.185,0.000626909539391507,0.9097057475436031,0.0,0.0
247,Device,FusedBatchNormGradV3,gradient_tape/model/batch_normalization_16/FusedBatchNormGradV3,2,58.368,29.184,58.368,29.184,0.0006268880588522097,0.9103326356024554,0.0,0.0
248,Device,FusedBatchNormGradV3,gradient_tape/model/batch_normalization_20/FusedBatchNormGradV3,2,58.368,29.184,58.368,29.184,0.0006268880588522097,0.9109595236613076,0.0,0.0
249,Device,Sum,conv2d_32/kernel/Regularizer/Sum,2,57.345,28.6725,57.345,28.6725,0.0006159007630016441,0.9115754244243093,0.0,0.0
250,Device,FusedBatchNormGradV3,gradient_tape/model/batch_normalization_21/FusedBatchNormGradV3,2,57.345,28.6725,57.345,28.6725,0.0006159007630016441,0.9121913251873109,0.0,0.0
251,Device,FusedBatchNormGradV3,gradient_tape/model/batch_normalization_18/FusedBatchNormGradV3,2,57.344,28.672,57.344,28.672,0.0006158900227319954,0.9128072152100429,0.0,0.0
252,Device,FusedBatchNormGradV3,gradient_tape/model/batch_normalization_23/FusedBatchNormGradV3,2,57.344,28.672,57.344,28.672,0.0006158900227319954,0.9134231052327749,0.0,0.0
253,Device,BiasAddGrad,gradient_tape/model/conv2d_10/BiasAdd/BiasAddGrad,2,56.32,28.16,56.32,28.16,0.0006048919866117813,0.9140279972193867,0.0,0.0
254,Device,ReluGrad,gradient_tape/model/activation_15/ReluGrad,2,55.296,27.648,55.296,27.648,0.000593893950491567,0.9146218911698782,0.0,0.0
255,Device,ReluGrad,gradient_tape/model/activation_21/ReluGrad,2,55.296,27.648,55.296,27.648,0.000593893950491567,0.9152157851203698,0.0,0.0
256,Device,ReluGrad,gradient_tape/model/activation_26/ReluGrad,2,55.296,27.648,55.296,27.648,0.000593893950491567,0.9158096790708614,0.0,0.0
257,Device,BiasAddGrad,gradient_tape/model/conv2d_11/BiasAdd/BiasAddGrad,2,55.296,27.648,55.296,27.648,0.000593893950491567,0.916403573021353,0.0,0.0
258,Device,BiasAddGrad,gradient_tape/model/conv2d_12/BiasAdd/BiasAddGrad,2,55.296,27.648,55.296,27.648,0.000593893950491567,0.9169974669718446,0.0,0.0
259,Device,BiasAddGrad,gradient_tape/model/conv2d_13/BiasAdd/BiasAddGrad,2,55.296,27.648,55.296,27.648,0.000593893950491567,0.9175913609223362,0.0,0.0
260,Device,BiasAddGrad,gradient_tape/model/conv2d_14/BiasAdd/BiasAddGrad,2,55.296,27.648,55.296,27.648,0.000593893950491567,0.9181852548728278,0.0,0.0
261,Device,BiasAddGrad,gradient_tape/model/conv2d_15/BiasAdd/BiasAddGrad,2,55.296,27.648,55.296,27.648,0.000593893950491567,0.9187791488233193,0.0,0.0
262,Device,BiasAddGrad,gradient_tape/model/conv2d_9/BiasAdd/BiasAddGrad,2,55.296,27.648,55.296,27.648,0.000593893950491567,0.9193730427738109,0.0,0.0
263,Device,AddN,SGD/gradients/AddN_4,2,54.272,27.136,54.272,27.136,0.0005828959143713529,0.9199559386881823,0.0,0.0
264,Device,Sum,conv2d_30/kernel/Regularizer/Sum,2,54.272,27.136,54.272,27.136,0.0005828959143713529,0.9205388346025536,0.0,0.0
265,Device,ReluGrad,gradient_tape/model/activation_16/ReluGrad,2,54.272,27.136,54.272,27.136,0.0005828959143713529,0.9211217305169249,0.0,0.0
266,Device,ReluGrad,gradient_tape/model/activation_24/ReluGrad,2,54.272,27.136,54.272,27.136,0.0005828959143713529,0.9217046264312962,0.0,0.0
267,Device,ReluGrad,gradient_tape/model/activation_25/ReluGrad,2,54.272,27.136,54.272,27.136,0.0005828959143713529,0.9222875223456676,0.0,0.0
268,Device,ReluGrad,gradient_tape/model/activation_23/ReluGrad,2,53.25,26.625,53.25,26.625,0.000571919358790436,0.922859441704458,0.0,0.0
269,Device,ReluGrad,gradient_tape/model/activation_17/ReluGrad,2,53.248,26.624,53.248,26.624,0.0005718978782511386,0.9234313395827092,0.0,0.0
270,Device,ReluGrad,gradient_tape/model/activation_18/ReluGrad,2,53.248,26.624,53.248,26.624,0.0005718978782511386,0.9240032374609604,0.0,0.0
271,Device,ReluGrad,gradient_tape/model/activation_19/ReluGrad,2,53.248,26.624,53.248,26.624,0.0005718978782511386,0.9245751353392115,0.0,0.0
272,Device,ReluGrad,gradient_tape/model/activation_20/ReluGrad,2,53.248,26.624,53.248,26.624,0.0005718978782511386,0.9251470332174627,0.0,0.0
273,Device,ReluGrad,gradient_tape/model/activation_22/ReluGrad,2,53.248,26.624,53.248,26.624,0.0005718978782511386,0.9257189310957139,0.0,0.0
274,Device,AddN,SGD/gradients/AddN_7,2,50.176,25.088,50.176,25.088,0.0005389037698904961,0.9262578348656044,0.0,0.0
275,Device,AddN,SGD/gradients/AddN_3,2,49.152,24.576,49.152,24.576,0.0005279057337702818,0.9267857405993747,0.0,0.0
276,Device,AddN,SGD/gradients/AddN_5,2,49.152,24.576,49.152,24.576,0.0005279057337702818,0.927313646333145,0.0,0.0
277,Device,AddN,SGD/gradients/AddN_6,2,49.152,24.576,49.152,24.576,0.0005279057337702818,0.9278415520669152,0.0,0.0
278,Device,Sum,conv2d_34/kernel/Regularizer/Sum,2,49.152,24.576,49.152,24.576,0.0005279057337702818,0.9283694578006855,0.0,0.0
279,Device,Sum,conv2d_35/kernel/Regularizer/Sum,2,49.152,24.576,49.152,24.576,0.0005279057337702818,0.9288973635344557,0.0,0.0
280,Device,BiasAddGrad,gradient_tape/model/conv2d_7/BiasAdd/BiasAddGrad,2,49.152,24.576,49.152,24.576,0.0005279057337702818,0.929425269268226,0.0,0.0
281,Device,Sum,conv2d_33/kernel/Regularizer/Sum,2,48.129,24.0645,48.129,24.0645,0.0005169184379197162,0.9299421877061457,0.0,0.0
282,Device,Mul,gradient_tape/conv2d_29/kernel/Regularizer/Mul,2,44.032,22.016,44.032,22.016,0.00047291555316921076,0.9304151032593149,0.0,0.0
283,Device,BiasAdd,model/conv2d_18/BiasAdd,2,43.008,21.504,43.008,21.504,0.0004619175170489966,0.9308770207763639,0.0,0.0
284,Device,FusedBatchNormV3,model/batch_normalization_25/FusedBatchNormV3,4,41.985,10.49625,41.985,10.49625,0.00045093022119843104,0.9313279509975624,0.0,0.0
285,Device,AddN,SGD/gradients/AddN_2,2,40.962,20.481,40.962,20.481,0.0004399429253478655,0.9317678939229103,0.0,0.0
286,Device,Tile,gradient_tape/conv2d_29/kernel/Regularizer/Tile,2,40.96,20.48,40.96,20.48,0.0004399214448085682,0.9322078153677188,0.0,0.0
287,Device,FusedBatchNormV3,model/batch_normalization_15/FusedBatchNormV3,4,39.937,9.98425,39.937,9.98425,0.0004289341489580026,0.9326367495166767,0.0,0.0
288,Device,Square,conv2d_29/kernel/Regularizer/Square,2,39.936,19.968,39.936,19.968,0.000428923408688354,0.9330656729253651,0.0,0.0
289,Device,FusedBatchNormV3,model/batch_normalization_19/FusedBatchNormV3,4,39.936,9.984,39.936,9.984,0.000428923408688354,0.9334945963340535,0.0,0.0
290,Device,FusedBatchNormV3,model/batch_normalization_21/FusedBatchNormV3,4,39.936,9.984,39.936,9.984,0.000428923408688354,0.9339235197427419,0.0,0.0
291,Device,FusedBatchNormV3,model/batch_normalization_23/FusedBatchNormV3,4,39.936,9.984,39.936,9.984,0.000428923408688354,0.9343524431514303,0.0,0.0
292,Device,FusedBatchNormV3,model/batch_normalization_16/FusedBatchNormV3,4,38.912,9.728,38.912,9.728,0.0004179253725681398,0.9347703685239984,0.0,0.0
293,Device,FusedBatchNormV3,model/batch_normalization_17/FusedBatchNormV3,4,38.912,9.728,38.912,9.728,0.0004179253725681398,0.9351882938965665,0.0,0.0
294,Device,FusedBatchNormV3,model/batch_normalization_18/FusedBatchNormV3,4,38.912,9.728,38.912,9.728,0.0004179253725681398,0.9356062192691347,0.0,0.0
295,Device,FusedBatchNormV3,model/batch_normalization_26/FusedBatchNormV3,4,38.912,9.728,38.912,9.728,0.0004179253725681398,0.9360241446417028,0.0,0.0
296,Device,FusedBatchNormGradV3,gradient_tape/model/batch_normalization_31/FusedBatchNormGradV3,2,37.888,18.944,37.888,18.944,0.0004069273364479256,0.9364310719781507,0.0,0.0
297,Device,FusedBatchNormV3,model/batch_normalization_20/FusedBatchNormV3,4,37.888,9.472,37.888,9.472,0.0004069273364479256,0.9368379993145985,0.0,0.0
298,Device,FusedBatchNormV3,model/batch_normalization_24/FusedBatchNormV3,4,36.865,9.21625,36.865,9.21625,0.00039594004059736006,0.9372339393551959,0.0,0.0
299,Device,ResourceApplyGradientDescent,SGD/SGD/update_104/ResourceApplyGradientDescent,2,36.864,18.432,36.864,18.432,0.00039592930032771137,0.9376298686555237,0.0,0.0
300,Device,ResourceApplyGradientDescent,SGD/SGD/update_108/ResourceApplyGradientDescent,2,36.864,18.432,36.864,18.432,0.00039592930032771137,0.9380257979558514,0.0,0.0
301,Device,ResourceApplyGradientDescent,SGD/SGD/update_88/ResourceApplyGradientDescent,2,36.864,18.432,36.864,18.432,0.00039592930032771137,0.9384217272561791,0.0,0.0
302,Device,FusedBatchNormGradV3,gradient_tape/model/batch_normalization_28/FusedBatchNormGradV3,2,36.864,18.432,36.864,18.432,0.00039592930032771137,0.9388176565565068,0.0,0.0
303,Device,AddV2,model/add_11/add,2,36.864,18.432,36.864,18.432,0.00039592930032771137,0.9392135858568346,0.0,0.0
304,Device,FusedBatchNormGradV3,gradient_tape/model/batch_normalization_27/FusedBatchNormGradV3,2,35.841,17.9205,35.841,17.9205,0.00038494200447714586,0.9395985278613117,0.0,0.0
305,Device,AddV2,model/add_7/add,2,35.841,17.9205,35.841,17.9205,0.00038494200447714586,0.9399834698657888,0.0,0.0
306,Device,AddV2,model/add_8/add,2,35.841,17.9205,35.841,17.9205,0.00038494200447714586,0.940368411870266,0.0,0.0
307,Device,ResourceApplyGradientDescent,SGD/SGD/update_68/ResourceApplyGradientDescent,2,35.84,17.92,35.84,17.92,0.0003849312642074972,0.9407533431344735,0.0,0.0
308,Device,ResourceApplyGradientDescent,SGD/SGD/update_72/ResourceApplyGradientDescent,2,35.84,17.92,35.84,17.92,0.0003849312642074972,0.9411382743986809,0.0,0.0
309,Device,ResourceApplyGradientDescent,SGD/SGD/update_76/ResourceApplyGradientDescent,2,35.84,17.92,35.84,17.92,0.0003849312642074972,0.9415232056628884,0.0,0.0
310,Device,ResourceApplyGradientDescent,SGD/SGD/update_80/ResourceApplyGradientDescent,2,35.84,17.92,35.84,17.92,0.0003849312642074972,0.9419081369270959,0.0,0.0
311,Device,ResourceApplyGradientDescent,SGD/SGD/update_96/ResourceApplyGradientDescent,2,35.84,17.92,35.84,17.92,0.0003849312642074972,0.9422930681913033,0.0,0.0
312,Device,AddN,SGD/gradients/AddN_38,2,35.84,17.92,35.84,17.92,0.0003849312642074972,0.9426779994555108,0.0,0.0
313,Device,AddN,SGD/gradients/AddN_42,2,35.84,17.92,35.84,17.92,0.0003849312642074972,0.9430629307197183,0.0,0.0
314,Device,Sum,conv2d_29/kernel/Regularizer/Sum,2,35.84,17.92,35.84,17.92,0.0003849312642074972,0.9434478619839257,0.0,0.0
315,Device,FusedBatchNormGradV3,gradient_tape/model/batch_normalization_29/FusedBatchNormGradV3,2,35.84,17.92,35.84,17.92,0.0003849312642074972,0.9438327932481332,0.0,0.0
316,Device,FusedBatchNormGradV3,gradient_tape/model/batch_normalization_30/FusedBatchNormGradV3,2,35.84,17.92,35.84,17.92,0.0003849312642074972,0.9442177245123407,0.0,0.0
317,Device,AddV2,model/add_10/add,2,35.84,17.92,35.84,17.92,0.0003849312642074972,0.9446026557765481,0.0,0.0
318,Device,FusedBatchNormV3,model/batch_normalization_22/FusedBatchNormV3,4,35.84,8.96,35.84,8.96,0.0003849312642074972,0.9449875870407556,0.0,0.0
319,Device,AddN,SGD/gradients/AddN_35,2,34.818,17.409,34.818,17.409,0.00037395470862658023,0.9453615417493821,0.0,0.0
320,Device,BiasAddGrad,gradient_tape/model/conv2d_19/BiasAdd/BiasAddGrad,2,34.818,17.409,34.818,17.409,0.00037395470862658023,0.9457354964580087,0.0,0.0
321,Device,AddN,SGD/gradients/AddN_44,2,34.817,17.4085,34.817,17.4085,0.0003739439683569316,0.9461094404263656,0.0,0.0
322,Device,BiasAddGrad,gradient_tape/model/conv2d_28/BiasAdd/BiasAddGrad,2,34.817,17.4085,34.817,17.4085,0.0003739439683569316,0.9464833843947225,0.0,0.0
323,Device,ResourceApplyGradientDescent,SGD/SGD/update_100/ResourceApplyGradientDescent,2,34.816,17.408,34.816,17.408,0.000373933228087283,0.9468573176228098,0.0,0.0
324,Device,ResourceApplyGradientDescent,SGD/SGD/update_84/ResourceApplyGradientDescent,2,34.816,17.408,34.816,17.408,0.000373933228087283,0.9472312508508971,0.0,0.0
325,Device,ResourceApplyGradientDescent,SGD/SGD/update_92/ResourceApplyGradientDescent,2,34.816,17.408,34.816,17.408,0.000373933228087283,0.9476051840789844,0.0,0.0
326,Device,AddN,SGD/gradients/AddN_34,2,34.816,17.408,34.816,17.408,0.000373933228087283,0.9479791173070717,0.0,0.0
327,Device,AddN,SGD/gradients/AddN_36,2,34.816,17.408,34.816,17.408,0.000373933228087283,0.9483530505351591,0.0,0.0
328,Device,AddN,SGD/gradients/AddN_37,2,34.816,17.408,34.816,17.408,0.000373933228087283,0.9487269837632464,0.0,0.0
329,Device,AddN,SGD/gradients/AddN_39,2,34.816,17.408,34.816,17.408,0.000373933228087283,0.9491009169913337,0.0,0.0
330,Device,AddN,SGD/gradients/AddN_41,2,34.816,17.408,34.816,17.408,0.000373933228087283,0.949474850219421,0.0,0.0
331,Device,AddN,SGD/gradients/AddN_43,2,34.816,17.408,34.816,17.408,0.000373933228087283,0.9498487834475083,0.0,0.0
332,Device,BiasAddGrad,gradient_tape/model/conv2d_21/BiasAdd/BiasAddGrad,2,34.816,17.408,34.816,17.408,0.000373933228087283,0.9502227166755957,0.0,0.0
333,Device,BiasAddGrad,gradient_tape/model/conv2d_22/BiasAdd/BiasAddGrad,2,34.816,17.408,34.816,17.408,0.000373933228087283,0.950596649903683,0.0,0.0
334,Device,Relu,model/activation_26/Relu,2,34.816,17.408,34.816,17.408,0.000373933228087283,0.9509705831317703,0.0,0.0
335,Device,AddV2,model/add_12/add,2,34.816,17.408,34.816,17.408,0.000373933228087283,0.9513445163598576,0.0,0.0
336,Device,AddV2,model/add_9/add,2,34.816,17.408,34.816,17.408,0.000373933228087283,0.9517184495879449,0.0,0.0
337,Device,BiasAddGrad,gradient_tape/model/conv2d_26/BiasAdd/BiasAddGrad,2,33.793,16.8965,33.793,16.8965,0.0003629459322367174,0.9520813955201817,0.0,0.0
338,Device,AddN,SGD/gradients/AddN_40,2,33.792,16.896,33.792,16.896,0.00036293519196706875,0.9524443307121487,0.0,0.0
339,Device,BiasAddGrad,gradient_tape/model/conv2d_18/BiasAdd/BiasAddGrad,2,33.792,16.896,33.792,16.896,0.00036293519196706875,0.9528072659041158,0.0,0.0
340,Device,BiasAddGrad,gradient_tape/model/conv2d_23/BiasAdd/BiasAddGrad,2,33.792,16.896,33.792,16.896,0.00036293519196706875,0.9531702010960829,0.0,0.0
341,Device,BiasAddGrad,gradient_tape/model/conv2d_24/BiasAdd/BiasAddGrad,2,33.792,16.896,33.792,16.896,0.00036293519196706875,0.9535331362880499,0.0,0.0
342,Device,BiasAddGrad,gradient_tape/model/conv2d_25/BiasAdd/BiasAddGrad,2,33.792,16.896,33.792,16.896,0.00036293519196706875,0.953896071480017,0.0,0.0
343,Device,BiasAddGrad,gradient_tape/model/conv2d_27/BiasAdd/BiasAddGrad,2,33.792,16.896,33.792,16.896,0.00036293519196706875,0.954259006671984,0.0,0.0
344,Device,Mul,gradient_tape/conv2d_17/kernel/Regularizer/Mul_1,2,32.768,16.384,32.768,16.384,0.00035193715584685455,0.9546109438278308,0.0,0.0
345,Device,BiasAddGrad,gradient_tape/model/conv2d_20/BiasAdd/BiasAddGrad,2,32.768,16.384,32.768,16.384,0.00035193715584685455,0.9549628809836777,0.0,0.0
346,Device,Mul,gradient_tape/conv2d_19/kernel/Regularizer/Mul_1,2,31.745,15.8725,31.745,15.8725,0.00034094985999628903,0.955303830843674,0.0,0.0
347,Device,AddN,ArithmeticOptimizer/AddOpsRewrite_AddN_1,8,31.744,3.968,31.744,3.968,0.00034093911972664034,0.9556447699634006,0.0,0.0
348,Device,Mul,gradient_tape/conv2d_20/kernel/Regularizer/Mul_1,2,31.744,15.872,31.744,15.872,0.00034093911972664034,0.9559857090831273,0.0,0.0
349,Device,Mul,gradient_tape/conv2d_23/kernel/Regularizer/Mul_1,2,31.744,15.872,31.744,15.872,0.00034093911972664034,0.956326648202854,0.0,0.0
350,Device,Mul,gradient_tape/conv2d_25/kernel/Regularizer/Mul_1,2,31.744,15.872,31.744,15.872,0.00034093911972664034,0.9566675873225806,0.0,0.0
351,Device,Mul,gradient_tape/conv2d_28/kernel/Regularizer/Mul_1,2,31.744,15.872,31.744,15.872,0.00034093911972664034,0.9570085264423073,0.0,0.0
352,Device,Mul,gradient_tape/conv2d_26/kernel/Regularizer/Mul_1,2,30.721,15.3605,30.721,15.3605,0.00032995182387607477,0.9573384782661833,0.0,0.0
353,Device,Mul,gradient_tape/conv2d_21/kernel/Regularizer/Mul_1,2,30.72,15.36,30.72,15.36,0.00032994108360642614,0.9576684193497897,0.0,0.0
354,Device,Mul,gradient_tape/conv2d_22/kernel/Regularizer/Mul_1,2,30.72,15.36,30.72,15.36,0.00032994108360642614,0.9579983604333961,0.0,0.0
355,Device,Mul,gradient_tape/conv2d_24/kernel/Regularizer/Mul_1,2,30.72,15.36,30.72,15.36,0.00032994108360642614,0.9583283015170025,0.0,0.0
356,Device,ReluGrad,gradient_tape/model/activation_28/ReluGrad,2,30.72,15.36,30.72,15.36,0.00032994108360642614,0.958658242600609,0.0,0.0
357,Device,Mul,gradient_tape/conv2d_27/kernel/Regularizer/Mul_1,2,29.696,14.848,29.696,14.848,0.000318943047486212,0.9589771856480952,0.0,0.0
358,Device,ReluGrad,gradient_tape/model/activation_30/ReluGrad,2,29.696,14.848,29.696,14.848,0.000318943047486212,0.9592961286955815,0.0,0.0
359,Device,ReluGrad,gradient_tape/model/activation_31/ReluGrad,2,29.696,14.848,29.696,14.848,0.000318943047486212,0.9596150717430677,0.0,0.0
360,Device,BiasAddGrad,gradient_tape/model/conv2d_16/BiasAdd/BiasAddGrad,2,29.696,14.848,29.696,14.848,0.000318943047486212,0.959934014790554,0.0,0.0
361,Device,ReluGrad,gradient_tape/model/activation_27/ReluGrad,2,28.672,14.336,28.672,14.336,0.0003079450113659977,0.96024195980192,0.0,0.0
362,Device,ReluGrad,gradient_tape/model/activation_29/ReluGrad,2,28.672,14.336,28.672,14.336,0.0003079450113659977,0.960549904813286,0.0,0.0
363,Device,FusedBatchNormGradV3,gradient_tape/model/batch_normalization_32/FusedBatchNormGradV3,2,28.672,14.336,28.672,14.336,0.0003079450113659977,0.9608578498246519,0.0,0.0
364,Device,FusedBatchNormV3,model/batch_normalization_27/FusedBatchNormV3,4,27.648,6.912,27.648,6.912,0.0002969469752457835,0.9611547967998977,0.0,0.0
365,Device,FusedBatchNormV3,model/batch_normalization_29/FusedBatchNormV3,4,27.648,6.912,27.648,6.912,0.0002969469752457835,0.9614517437751434,0.0,0.0
366,Device,FusedBatchNormV3,model/batch_normalization_31/FusedBatchNormV3,4,27.648,6.912,27.648,6.912,0.0002969469752457835,0.9617486907503892,0.0,0.0
367,Device,FusedBatchNormV3,model/batch_normalization_32/FusedBatchNormV3,4,27.648,6.912,27.648,6.912,0.0002969469752457835,0.9620456377256349,0.0,0.0
368,Device,FusedBatchNormV3,model/batch_normalization_28/FusedBatchNormV3,4,26.624,6.656,26.624,6.656,0.0002859489391255693,0.9623315866647605,0.0,0.0
369,Device,FusedBatchNormV3,model/batch_normalization_30/FusedBatchNormV3,4,26.624,6.656,26.624,6.656,0.0002859489391255693,0.9626175356038861,0.0,0.0
370,Device,MatMul,model/dense/MatMul,2,26.624,13.312,26.624,13.312,0.0002859489391255693,0.9629034845430117,0.0,0.0
371,Device,BiasAddGrad,gradient_tape/model/conv2d_29/BiasAdd/BiasAddGrad,2,24.577,12.2885,24.577,12.2885,0.0002639636071547896,0.9631674481501664,0.0,0.0
372,Device,Square,conv2d_21/kernel/Regularizer/Square,2,24.576,12.288,24.576,12.288,0.0002639528668851409,0.9634314010170516,0.0,0.0
373,Device,Softmax,model/dense/Softmax,2,24.576,12.288,24.576,12.288,0.0002639528668851409,0.9636953538839368,0.0,0.0
374,Device,Sum,conv2d_21/kernel/Regularizer/Sum,2,23.552,11.776,23.552,11.776,0.0002529548307649267,0.9639483087147017,0.0,0.0
375,Device,Square,conv2d_17/kernel/Regularizer/Square,2,22.528,11.264,22.528,11.264,0.00024195679464471248,0.9641902655093464,0.0,0.0
376,Device,Square,conv2d_23/kernel/Regularizer/Square,2,22.528,11.264,22.528,11.264,0.00024195679464471248,0.9644322223039911,0.0,0.0
377,Device,Square,conv2d_25/kernel/Regularizer/Square,2,22.528,11.264,22.528,11.264,0.00024195679464471248,0.9646741790986357,0.0,0.0
378,Device,Square,conv2d_27/kernel/Regularizer/Square,2,22.528,11.264,22.528,11.264,0.00024195679464471248,0.9649161358932804,0.0,0.0
379,Device,BiasAddGrad,gradient_tape/model/conv2d_34/BiasAdd/BiasAddGrad,2,22.528,11.264,22.528,11.264,0.00024195679464471248,0.9651580926879251,0.0,0.0
380,Device,BiasAddGrad,gradient_tape/model/conv2d_35/BiasAdd/BiasAddGrad,2,22.528,11.264,22.528,11.264,0.00024195679464471248,0.9654000494825697,0.0,0.0
381,Device,Square,conv2d_19/kernel/Regularizer/Square,2,21.504,10.752,21.504,10.752,0.0002309587585244983,0.9656310082410943,0.0,0.0
382,Device,Square,conv2d_20/kernel/Regularizer/Square,2,21.504,10.752,21.504,10.752,0.0002309587585244983,0.9658619669996188,0.0,0.0
383,Device,Sum,conv2d_23/kernel/Regularizer/Sum,2,21.504,10.752,21.504,10.752,0.0002309587585244983,0.9660929257581433,0.0,0.0
384,Device,Square,conv2d_26/kernel/Regularizer/Square,2,21.504,10.752,21.504,10.752,0.0002309587585244983,0.9663238845166678,0.0,0.0
385,Device,Square,conv2d_28/kernel/Regularizer/Square,2,21.504,10.752,21.504,10.752,0.0002309587585244983,0.9665548432751924,0.0,0.0
386,Device,Mul,gradient_tape/conv2d_17/kernel/Regularizer/Mul,2,21.504,10.752,21.504,10.752,0.0002309587585244983,0.9667858020337169,0.0,0.0
387,Device,Tile,gradient_tape/conv2d_17/kernel/Regularizer/Tile,2,21.504,10.752,21.504,10.752,0.0002309587585244983,0.9670167607922414,0.0,0.0
388,Device,BiasAddGrad,gradient_tape/model/conv2d_31/BiasAdd/BiasAddGrad,2,21.504,10.752,21.504,10.752,0.0002309587585244983,0.9672477195507659,0.0,0.0
389,Device,BiasAddGrad,gradient_tape/model/conv2d_32/BiasAdd/BiasAddGrad,2,21.504,10.752,21.504,10.752,0.0002309587585244983,0.9674786783092905,0.0,0.0
390,Device,BiasAddGrad,gradient_tape/model/conv2d_33/BiasAdd/BiasAddGrad,2,21.504,10.752,21.504,10.752,0.0002309587585244983,0.967709637067815,0.0,0.0
391,Device,MatMul,gradient_tape/model/dense/MatMul/MatMul,2,21.504,10.752,21.504,10.752,0.0002309587585244983,0.9679405958263395,0.0,0.0
392,Device,ResourceApplyGradientDescent,SGD/SGD/update_62/ResourceApplyGradientDescent,2,20.48,10.24,20.48,10.24,0.0002199607224042841,0.9681605565487438,0.0,0.0
393,Device,AddN,SGD/gradients/AddN_32,2,20.48,10.24,20.48,10.24,0.0002199607224042841,0.968380517271148,0.0,0.0
394,Device,Sum,conv2d_19/kernel/Regularizer/Sum,2,20.48,10.24,20.48,10.24,0.0002199607224042841,0.9686004779935523,0.0,0.0
395,Device,Sum,conv2d_20/kernel/Regularizer/Sum,2,20.48,10.24,20.48,10.24,0.0002199607224042841,0.9688204387159566,0.0,0.0
396,Device,Square,conv2d_22/kernel/Regularizer/Square,2,20.48,10.24,20.48,10.24,0.0002199607224042841,0.9690403994383608,0.0,0.0
397,Device,Square,conv2d_24/kernel/Regularizer/Square,2,20.48,10.24,20.48,10.24,0.0002199607224042841,0.9692603601607651,0.0,0.0
398,Device,Sum,conv2d_25/kernel/Regularizer/Sum,2,20.48,10.24,20.48,10.24,0.0002199607224042841,0.9694803208831694,0.0,0.0
399,Device,Sum,conv2d_26/kernel/Regularizer/Sum,2,20.48,10.24,20.48,10.24,0.0002199607224042841,0.9697002816055736,0.0,0.0
400,Device,Sum,conv2d_27/kernel/Regularizer/Sum,2,20.48,10.24,20.48,10.24,0.0002199607224042841,0.9699202423279779,0.0,0.0
401,Device,AddN,SGD/gradients/AddN_1,2,19.456,9.728,19.456,9.728,0.0002089626862840699,0.970129205014262,0.0,0.0
402,Device,Sum,conv2d_17/kernel/Regularizer/Sum,2,19.456,9.728,19.456,9.728,0.0002089626862840699,0.9703381677005462,0.0,0.0
403,Device,Sum,conv2d_22/kernel/Regularizer/Sum,2,19.456,9.728,19.456,9.728,0.0002089626862840699,0.9705471303868303,0.0,0.0
404,Device,Sum,conv2d_24/kernel/Regularizer/Sum,2,19.456,9.728,19.456,9.728,0.0002089626862840699,0.9707560930731144,0.0,0.0
405,Device,Sum,conv2d_28/kernel/Regularizer/Sum,2,19.456,9.728,19.456,9.728,0.0002089626862840699,0.9709650557593985,0.0,0.0
406,Device,Mul,gradient_tape/conv2d_16/kernel/Regularizer/Mul_1,2,19.456,9.728,19.456,9.728,0.0002089626862840699,0.9711740184456826,0.0,0.0
407,Device,ResourceApplyGradientDescent,SGD/SGD/update_138/ResourceApplyGradientDescent,2,18.432,9.216,18.432,9.216,0.00019796465016385569,0.9713719830958465,0.0,0.0
408,Device,Sum,conv2d_16/kernel/Regularizer/Sum,2,18.432,9.216,18.432,9.216,0.00019796465016385569,0.9715699477460104,0.0,0.0
409,Device,BiasAdd,model/conv2d_21/BiasAdd,2,18.432,9.216,18.432,9.216,0.00019796465016385569,0.9717679123961742,0.0,0.0
410,Device,BiasAdd,model/conv2d_25/BiasAdd,2,18.432,9.216,18.432,9.216,0.00019796465016385569,0.9719658770463381,0.0,0.0
411,Device,BiasAdd,model/conv2d_28/BiasAdd,2,17.409,8.7045,17.409,8.7045,0.00018697735431329012,0.9721528544006514,0.0,0.0
412,Device,Sum,conv2d_31/kernel/Regularizer/Sum,2,17.408,8.704,17.408,8.704,0.0001869666140436415,0.972339821014695,0.0,0.0
413,Device,BiasAdd,model/conv2d_19/BiasAdd,2,17.408,8.704,17.408,8.704,0.0001869666140436415,0.9725267876287386,0.0,0.0
414,Device,BiasAdd,model/conv2d_20/BiasAdd,2,17.408,8.704,17.408,8.704,0.0001869666140436415,0.9727137542427822,0.0,0.0
415,Device,BiasAdd,model/conv2d_22/BiasAdd,2,17.408,8.704,17.408,8.704,0.0001869666140436415,0.9729007208568258,0.0,0.0
416,Device,BiasAdd,model/conv2d_23/BiasAdd,2,17.408,8.704,17.408,8.704,0.0001869666140436415,0.9730876874708694,0.0,0.0
417,Device,BiasAdd,model/conv2d_24/BiasAdd,2,17.408,8.704,17.408,8.704,0.0001869666140436415,0.973274654084913,0.0,0.0
418,Device,AddN,SGD/gradients/AddN,2,16.384,8.192,16.384,8.192,0.00017596857792342727,0.9734506226628364,0.0,0.0
419,Device,Sum,conv2d_10/kernel/Regularizer/Sum,2,16.384,8.192,16.384,8.192,0.00017596857792342727,0.9736265912407599,0.0,0.0
420,Device,Sum,conv2d_13/kernel/Regularizer/Sum,2,16.384,8.192,16.384,8.192,0.00017596857792342727,0.9738025598186834,0.0,0.0
421,Device,Sum,conv2d_15/kernel/Regularizer/Sum,2,16.384,8.192,16.384,8.192,0.00017596857792342727,0.9739785283966068,0.0,0.0
422,Device,Sum,conv2d_8/kernel/Regularizer/Sum,2,16.384,8.192,16.384,8.192,0.00017596857792342727,0.9741544969745303,0.0,0.0
423,Device,BiasAdd,model/conv2d_16/BiasAdd,2,16.384,8.192,16.384,8.192,0.00017596857792342727,0.9743304655524537,0.0,0.0
424,Device,BiasAdd,model/conv2d_17/BiasAdd,2,16.384,8.192,16.384,8.192,0.00017596857792342727,0.9745064341303772,0.0,0.0
425,Device,BiasAdd,model/conv2d_26/BiasAdd,2,16.384,8.192,16.384,8.192,0.00017596857792342727,0.9746824027083006,0.0,0.0
426,Device,BiasAdd,model/conv2d_27/BiasAdd,2,16.384,8.192,16.384,8.192,0.00017596857792342727,0.9748583712862241,0.0,0.0
427,Device,BiasAdd,model/conv2d_31/BiasAdd,2,16.384,8.192,16.384,8.192,0.00017596857792342727,0.9750343398641476,0.0,0.0
428,Device,Sum,conv2d_11/kernel/Regularizer/Sum,2,15.36,7.68,15.36,7.68,0.00016497054180321307,0.9751993104059508,0.0,0.0
429,Device,Sum,conv2d_12/kernel/Regularizer/Sum,2,15.36,7.68,15.36,7.68,0.00016497054180321307,0.975364280947754,0.0,0.0
430,Device,Mul,gradient_tape/conv2d_16/kernel/Regularizer/Mul,2,15.36,7.68,15.36,7.68,0.00016497054180321307,0.9755292514895572,0.0,0.0
431,Device,MatMul,gradient_tape/model/dense/MatMul/MatMul_1,2,15.36,7.68,15.36,7.68,0.00016497054180321307,0.9756942220313604,0.0,0.0
432,Device,Sum,conv2d_14/kernel/Regularizer/Sum,2,14.336,7.168,14.336,7.168,0.00015397250568299886,0.9758481945370434,0.0,0.0
433,Device,Square,conv2d_16/kernel/Regularizer/Square,2,14.336,7.168,14.336,7.168,0.00015397250568299886,0.9760021670427265,0.0,0.0
434,Device,Sum,conv2d_18/kernel/Regularizer/Sum,2,14.336,7.168,14.336,7.168,0.00015397250568299886,0.9761561395484095,0.0,0.0
435,Device,Sum,conv2d_4/kernel/Regularizer/Sum,2,14.336,7.168,14.336,7.168,0.00015397250568299886,0.9763101120540926,0.0,0.0
436,Device,Sum,conv2d_5/kernel/Regularizer/Sum,2,14.336,7.168,14.336,7.168,0.00015397250568299886,0.9764640845597756,0.0,0.0
437,Device,Sum,conv2d_7/kernel/Regularizer/Sum,2,14.336,7.168,14.336,7.168,0.00015397250568299886,0.9766180570654587,0.0,0.0
438,Device,ReluGrad,gradient_tape/model/activation_32/ReluGrad,2,14.336,7.168,14.336,7.168,0.00015397250568299886,0.9767720295711417,0.0,0.0
439,Device,Relu,model/activation_23/Relu,2,14.336,7.168,14.336,7.168,0.00015397250568299886,0.9769260020768248,0.0,0.0
440,Device,AddV2,model/add_13/add,2,14.336,7.168,14.336,7.168,0.00015397250568299886,0.9770799745825078,0.0,0.0
441,Device,AddV2,model/add_14/add,2,14.336,7.168,14.336,7.168,0.00015397250568299886,0.9772339470881909,0.0,0.0
442,Device,AddV2,model/add_15/add,2,14.336,7.168,14.336,7.168,0.00015397250568299886,0.9773879195938739,0.0,0.0
443,Device,ResourceApplyGradientDescent,SGD/SGD/update_58/ResourceApplyGradientDescent,2,13.313,6.6565,13.313,6.6565,0.00014298520983243332,0.9775309048037064,0.0,0.0
444,Device,Relu,model/activation_17/Relu,2,13.313,6.6565,13.313,6.6565,0.00014298520983243332,0.9776738900135389,0.0,0.0
445,Device,ResourceApplyGradientDescent,SGD/SGD/update_38/ResourceApplyGradientDescent,2,13.312,6.656,13.312,6.656,0.00014297446956278465,0.9778168644831017,0.0,0.0
446,Device,ResourceApplyGradientDescent,SGD/SGD/update_42/ResourceApplyGradientDescent,2,13.312,6.656,13.312,6.656,0.00014297446956278465,0.9779598389526645,0.0,0.0
447,Device,ResourceApplyGradientDescent,SGD/SGD/update_46/ResourceApplyGradientDescent,2,13.312,6.656,13.312,6.656,0.00014297446956278465,0.9781028134222273,0.0,0.0
448,Device,ResourceApplyGradientDescent,SGD/SGD/update_50/ResourceApplyGradientDescent,2,13.312,6.656,13.312,6.656,0.00014297446956278465,0.9782457878917901,0.0,0.0
449,Device,Sum,conv2d_1/kernel/Regularizer/Sum,2,13.312,6.656,13.312,6.656,0.00014297446956278465,0.9783887623613529,0.0,0.0
450,Device,Sum,conv2d_2/kernel/Regularizer/Sum,2,13.312,6.656,13.312,6.656,0.00014297446956278465,0.9785317368309157,0.0,0.0
451,Device,Tile,gradient_tape/conv2d_16/kernel/Regularizer/Tile,2,13.312,6.656,13.312,6.656,0.00014297446956278465,0.9786747113004785,0.0,0.0
452,Device,Tile,gradient_tape/conv2d_8/kernel/Regularizer/Tile,2,13.312,6.656,13.312,6.656,0.00014297446956278465,0.9788176857700412,0.0,0.0
453,Device,Relu,model/activation_16/Relu,2,13.312,6.656,13.312,6.656,0.00014297446956278465,0.978960660239604,0.0,0.0
454,Device,Relu,model/activation_18/Relu,2,13.312,6.656,13.312,6.656,0.00014297446956278465,0.9791036347091668,0.0,0.0
455,Device,Relu,model/activation_21/Relu,2,13.312,6.656,13.312,6.656,0.00014297446956278465,0.9792466091787296,0.0,0.0
456,Device,Relu,model/activation_25/Relu,2,13.312,6.656,13.312,6.656,0.00014297446956278465,0.9793895836482924,0.0,0.0
457,Device,_Recv,IteratorGetNext/_4,2,12.288,6.144,12.288,6.144,0.00013197643344257045,0.979521560081735,0.0,0.0
458,Device,ResourceApplyGradientDescent,SGD/SGD/update_116/ResourceApplyGradientDescent,2,12.288,6.144,12.288,6.144,0.00013197643344257045,0.9796535365151775,0.0,0.0
459,Device,ResourceApplyGradientDescent,SGD/SGD/update_34/ResourceApplyGradientDescent,2,12.288,6.144,12.288,6.144,0.00013197643344257045,0.97978551294862,0.0,0.0
460,Device,ResourceApplyGradientDescent,SGD/SGD/update_54/ResourceApplyGradientDescent,2,12.288,6.144,12.288,6.144,0.00013197643344257045,0.9799174893820626,0.0,0.0
461,Device,AddN,SGD/gradients/AddN_26,2,12.288,6.144,12.288,6.144,0.00013197643344257045,0.9800494658155051,0.0,0.0
462,Device,AddN,SGD/gradients/AddN_27,2,12.288,6.144,12.288,6.144,0.00013197643344257045,0.9801814422489477,0.0,0.0
463,Device,AddN,SGD/gradients/AddN_29,2,12.288,6.144,12.288,6.144,0.00013197643344257045,0.9803134186823902,0.0,0.0
464,Device,AddN,SGD/gradients/AddN_31,2,12.288,6.144,12.288,6.144,0.00013197643344257045,0.9804453951158327,0.0,0.0
465,Device,Sum,conv2d_3/kernel/Regularizer/Sum,2,12.288,6.144,12.288,6.144,0.00013197643344257045,0.9805773715492753,0.0,0.0
466,Device,Mul,gradient_tape/conv2d_10/kernel/Regularizer/Mul_1,2,12.288,6.144,12.288,6.144,0.00013197643344257045,0.9807093479827178,0.0,0.0
467,Device,Tile,gradient_tape/conv2d_7/kernel/Regularizer/Tile,2,12.288,6.144,12.288,6.144,0.00013197643344257045,0.9808413244161603,0.0,0.0
468,Device,Relu,model/activation_15/Relu,2,12.288,6.144,12.288,6.144,0.00013197643344257045,0.9809733008496029,0.0,0.0
469,Device,Relu,model/activation_19/Relu,2,12.288,6.144,12.288,6.144,0.00013197643344257045,0.9811052772830454,0.0,0.0
470,Device,Relu,model/activation_20/Relu,2,12.288,6.144,12.288,6.144,0.00013197643344257045,0.981237253716488,0.0,0.0
471,Device,Relu,model/activation_22/Relu,2,12.288,6.144,12.288,6.144,0.00013197643344257045,0.9813692301499305,0.0,0.0
472,Device,Relu,model/activation_24/Relu,2,12.288,6.144,12.288,6.144,0.00013197643344257045,0.981501206583373,0.0,0.0
473,Device,BiasAdd,model/conv2d_30/BiasAdd,2,12.288,6.144,12.288,6.144,0.00013197643344257045,0.9816331830168156,0.0,0.0
474,Device,BiasAdd,model/conv2d_35/BiasAdd,2,12.288,6.144,12.288,6.144,0.00013197643344257045,0.9817651594502581,0.0,0.0
475,Device,AddN,SGD/gradients/AddN_25,2,11.265,5.6325,11.265,5.6325,0.0001209891375920049,0.9818861485878501,0.0,0.0
476,Device,AddN,SGD/gradients/AddN_28,2,11.264,5.632,11.264,5.632,0.00012097839732235624,0.9820071269851725,0.0,0.0
477,Device,AddN,SGD/gradients/AddN_30,2,11.264,5.632,11.264,5.632,0.00012097839732235624,0.9821281053824948,0.0,0.0
478,Device,Sum,conv2d_6/kernel/Regularizer/Sum,2,11.264,5.632,11.264,5.632,0.00012097839732235624,0.9822490837798172,0.0,0.0
479,Device,Tile,gradient_tape/conv2d_1/kernel/Regularizer/Tile,2,11.264,5.632,11.264,5.632,0.00012097839732235624,0.9823700621771396,0.0,0.0
480,Device,Tile,gradient_tape/conv2d_18/kernel/Regularizer/Tile,2,11.264,5.632,11.264,5.632,0.00012097839732235624,0.982491040574462,0.0,0.0
481,Device,Mul,gradient_tape/conv2d_31/kernel/Regularizer/Mul_1,2,11.264,5.632,11.264,5.632,0.00012097839732235624,0.9826120189717844,0.0,0.0
482,Device,Tile,gradient_tape/conv2d_31/kernel/Regularizer/Tile,2,11.264,5.632,11.264,5.632,0.00012097839732235624,0.9827329973691068,0.0,0.0
483,Device,AvgPool,model/average_pooling2d/AvgPool,2,11.264,5.632,11.264,5.632,0.00012097839732235624,0.9828539757664292,0.0,0.0
484,Device,BiasAdd,model/conv2d_33/BiasAdd,2,11.264,5.632,11.264,5.632,0.00012097839732235624,0.9829749541637516,0.0,0.0
485,Device,BiasAdd,model/conv2d_34/BiasAdd,2,11.264,5.632,11.264,5.632,0.00012097839732235624,0.983095932561074,0.0,0.0
486,Device,ResourceApplyGradientDescent,SGD/SGD/update_28/ResourceApplyGradientDescent,2,10.24,5.12,10.24,5.12,0.00010998036120214205,0.9832059129222761,0.0,0.0
487,Device,AddN,SGD/gradients/AddN_23,2,10.24,5.12,10.24,5.12,0.00010998036120214205,0.9833158932834782,0.0,0.0
488,Device,AddN,SGD/gradients/AddN_46,2,10.24,5.12,10.24,5.12,0.00010998036120214205,0.9834258736446804,0.0,0.0
489,Device,Square,conv2d_10/kernel/Regularizer/Square,2,10.24,5.12,10.24,5.12,0.00010998036120214205,0.9835358540058825,0.0,0.0
490,Device,Square,conv2d_14/kernel/Regularizer/Square,2,10.24,5.12,10.24,5.12,0.00010998036120214205,0.9836458343670846,0.0,0.0
491,Device,Square,conv2d_15/kernel/Regularizer/Square,2,10.24,5.12,10.24,5.12,0.00010998036120214205,0.9837558147282868,0.0,0.0
492,Device,Mul,gradient_tape/conv2d_11/kernel/Regularizer/Mul_1,2,10.24,5.12,10.24,5.12,0.00010998036120214205,0.9838657950894889,0.0,0.0
493,Device,Mul,gradient_tape/conv2d_12/kernel/Regularizer/Mul_1,2,10.24,5.12,10.24,5.12,0.00010998036120214205,0.983975775450691,0.0,0.0
494,Device,Mul,gradient_tape/conv2d_14/kernel/Regularizer/Mul_1,2,10.24,5.12,10.24,5.12,0.00010998036120214205,0.9840857558118932,0.0,0.0
495,Device,Mul,gradient_tape/conv2d_15/kernel/Regularizer/Mul_1,2,10.24,5.12,10.24,5.12,0.00010998036120214205,0.9841957361730953,0.0,0.0
496,Device,Mul,gradient_tape/conv2d_31/kernel/Regularizer/Mul,2,10.24,5.12,10.24,5.12,0.00010998036120214205,0.9843057165342974,0.0,0.0
497,Device,Mul,gradient_tape/conv2d_7/kernel/Regularizer/Mul_1,2,10.24,5.12,10.24,5.12,0.00010998036120214205,0.9844156968954996,0.0,0.0
498,Device,Mul,gradient_tape/conv2d_8/kernel/Regularizer/Mul,2,10.24,5.12,10.24,5.12,0.00010998036120214205,0.9845256772567017,0.0,0.0
499,Device,Mul,gradient_tape/conv2d_8/kernel/Regularizer/Mul_1,2,10.24,5.12,10.24,5.12,0.00010998036120214205,0.9846356576179038,0.0,0.0
500,Device,Relu,model/activation_29/Relu,2,10.24,5.12,10.24,5.12,0.00010998036120214205,0.984745637979106,0.0,0.0
501,Host,IDLE,IDLE,0,284720.93,0.0,284720.93,0.0,0.0,0.0,0.982702738407584,0.982702738407584
502,Host,GatherV2,GatherV2,2,4598.73,2299.365,4598.73,2299.365,0.0,0.0,0.015872330018720817,0.9985750684263048
503,Host,Dataset,Iterator::Root::ParallelMapV2::Zip[1]::ForeverRepeat,2,98.091,49.0455,93.011,46.5055,0.0,0.0,0.00032102369292636053,0.9988960921192312
504,Host,GatherV2,GatherV2_1,2,44.912,22.456,44.912,22.456,0.0,0.0,0.0001550119458634861,0.9990511040650948
505,Host,Dataset,Iterator::Root::ParallelMapV2,2,44.721,22.3605,44.721,22.3605,0.0,0.0,0.0001543527171125971,0.9992054567822074
506,Host,FlushSummaryWriter,FlushSummaryWriter,1,36.671,36.671,36.671,36.671,0.0,0.0,0.0001265684687112553,0.9993320252509187
507,Host,IteratorGetNext,IteratorGetNext,2,34.78,17.39,34.78,17.39,0.0,0.0,0.00012004175893151155,0.9994520670098502
508,Host,LogicalAnd,LogicalAnd,1,32.701,32.701,32.701,32.701,0.0,0.0,0.000112866174779165,0.9995649331846294
509,Host,Dataset,Iterator::Root,2,77.211,38.6055,32.49,16.245,0.0,0.0,0.00011213791683970127,0.9996770711014691
510,Host,Dataset,Iterator::Root::ParallelMapV2::Zip[0]::FlatMap,2,43.861,21.9305,21.931,10.9655,0.0,0.0,7.569395673165554e-05,0.9997527650582008
511,Host,Dataset,Iterator::Root::ParallelMapV2::Zip[0]::FlatMap[1]::TensorSlice,2,21.93,10.965,21.93,10.965,0.0,0.0,7.56905052722268e-05,0.999828455563473
512,Host,WriteSummary,WriteSummary,1,20.451,20.451,20.451,20.451,0.0,0.0,7.058579677712314e-05,0.9998990413602501
513,Host,Dataset,Iterator::Root::ParallelMapV2::Zip,2,153.673,76.8365,11.721,5.8605,0.0,0.0,4.045455596423941e-05,0.9999394959162143
514,Host,ReadVariableOp,ReadVariableOp,1,7.15,7.15,7.15,7.15,0.0,0.0,2.46779349154775e-05,0.9999641738511298
515,Host,Dataset,Iterator::Root::ParallelMapV2::Zip[1]::ForeverRepeat::FromTensor,4,5.08,1.27,5.08,1.27,0.0,0.0,1.753341389798961e-05,0.9999817072650278
516,Host,Identity,Identity,2,2.68,1.34,2.68,1.34,0.0,0.0,9.249911269018141e-06,0.9999909571762968
517,Host,_Send,IteratorGetNext/_1,2,2.62,1.31,2.62,1.31,0.0,0.0,9.042823703293854e-06,1.0000000000000002
