Rank,Host/device,Type,Operation,#Occurrences,Total time (us),Avg. time (us),Total self-time (us),Avg. self-time (us),Total self-time on Device (%),Cumulative total-self time on Device (%),Total self-time on Host (%),Cumulative total-self time on Host (%)
1,Device,_Send,IteratorGetNext/_1,2,16308.732,8154.366,16308.732,8154.366,0.16475663754675648,0.16475663754675648,0.0,0.0
2,Device,IDLE,IDLE,0,11778.827,0.0,11778.827,0.0,0.11899391876480336,0.2837505563115599,0.0,0.0
3,Device,MaxPoolGrad,gradient_tape/sequential/max_pooling2d/MaxPool/MaxPoolGrad,2,8942.626,4471.313,8942.626,4471.313,0.09034160292769547,0.3740921592392553,0.0,0.0
4,Device,ReluGrad,gradient_tape/sequential/conv2d/ReluGrad,2,7150.618,3575.309,7150.618,3575.309,0.07223809785220046,0.4463302570914558,0.0,0.0
5,Device,Conv2DBackpropFilter,gradient_tape/sequential/conv2d/Conv2D/Conv2DBackpropFilter,2,6855.706,3427.853,6855.706,3427.853,0.0692587914602511,0.515589048551707,0.0,0.0
6,Device,Conv2DBackpropInput,gradient_tape/sequential/conv2d_1/Conv2D/Conv2DBackpropInput,2,5449.748,2724.874,5449.748,2724.874,0.055055301415043244,0.5706443499667502,0.0,0.0
7,Device,Conv2DBackpropFilter,gradient_tape/sequential/conv2d_1/Conv2D/Conv2DBackpropFilter,2,4975.634,2487.817,4975.634,2487.817,0.05026563239271564,0.6209099823594658,0.0,0.0
8,Device,MaxPoolGrad,gradient_tape/sequential/max_pooling2d_1/MaxPool/MaxPoolGrad,2,4298.768,2149.384,4298.768,2149.384,0.043427690225922855,0.6643376725853887,0.0,0.0
9,Device,_FusedConv2D,sequential/conv2d/Relu,2,3798.03,1899.015,3798.03,1899.015,0.03836905604321094,0.7027067286285996,0.0,0.0
10,Device,Conv2DBackpropFilter,gradient_tape/sequential/conv2d_2/Conv2D/Conv2DBackpropFilter,2,3762.19,1881.095,3762.19,1881.095,0.0380069875580782,0.7407137161866778,0.0,0.0
11,Device,ReluGrad,gradient_tape/sequential/conv2d_1/ReluGrad,2,3526.67,1763.335,3526.67,1763.335,0.035627680370063086,0.776341396556741,0.0,0.0
12,Device,MaxPool,sequential/max_pooling2d/MaxPool,2,2709.514,1354.757,2709.514,1354.757,0.027372478499607597,0.8037138750563485,0.0,0.0
13,Device,_FusedConv2D,sequential/conv2d_1/Relu,2,2549.77,1274.885,2549.77,1274.885,0.02575868753730169,0.8294725625936502,0.0,0.0
14,Device,Conv2DBackpropInput,gradient_tape/sequential/conv2d_2/Conv2D/Conv2DBackpropInput,2,2404.36,1202.18,2404.36,1202.18,0.024289703764334314,0.8537622663579845,0.0,0.0
15,Device,BiasAddGrad,gradient_tape/sequential/conv2d/BiasAdd/BiasAddGrad,2,2121.736,1060.868,2121.736,1060.868,0.021434535138716175,0.8751968014967006,0.0,0.0
16,Device,_FusedConv2D,sequential/conv2d_2/Relu,2,1921.031,960.5155,1921.031,960.5155,0.019406941519615577,0.8946037430163162,0.0,0.0
17,Device,ReluGrad,gradient_tape/sequential/conv2d_2/ReluGrad,2,1761.287,880.6435,1761.287,880.6435,0.017793150557309675,0.9123968935736259,0.0,0.0
18,Device,MaxPool,sequential/max_pooling2d_1/MaxPool,2,1352.709,676.3545,1352.709,676.3545,0.013665549622081928,0.9260624431957077,0.0,0.0
19,Device,MaxPoolGrad,gradient_tape/sequential/max_pooling2d_2/MaxPool/MaxPoolGrad,2,1298.437,649.2185,1298.437,649.2185,0.013117274487452356,0.9391797176831601,0.0,0.0
20,Device,BiasAddGrad,gradient_tape/sequential/conv2d_1/BiasAdd/BiasAddGrad,2,1058.82,529.41,1058.82,529.41,0.010696577941636217,0.9498762956247964,0.0,0.0
21,Device,Transpose,gradient_tape/sequential/conv2d/Conv2D/Conv2DBackpropFilter-0-TransposeNHWCToNCHW-LayoutOptimizer,2,929.795,464.8975,929.795,464.8975,0.009393121292801086,0.9592694169175975,0.0,0.0
22,Device,MaxPool,sequential/max_pooling2d_2/MaxPool,2,664.578,332.289,664.578,332.289,0.006713804400461564,0.965983221318059,0.0,0.0
23,Device,BiasAddGrad,gradient_tape/sequential/conv2d_2/BiasAdd/BiasAddGrad,2,540.674,270.337,540.674,270.337,0.005462081923288397,0.9714453032413474,0.0,0.0
24,Device,ResourceApplyGradientDescent,SGD/SGD/update_6/ResourceApplyGradientDescent,2,427.01,213.505,427.01,213.505,0.0043138075847245815,0.9757591108260719,0.0,0.0
25,Device,MatMul,sequential/dense/MatMul,2,364.546,182.273,364.546,182.273,0.0036827739392075298,0.9794418847652795,0.0,0.0
26,Device,MatMul,gradient_tape/sequential/dense/MatMul/MatMul_1,2,307.202,153.601,307.202,153.601,0.003103464362995154,0.9825453491282746,0.0,0.0
27,Device,MatMul,gradient_tape/sequential/dense/MatMul/MatMul,2,307.2,153.6,307.2,153.6,0.003103444158280582,0.9856487932865552,0.0,0.0
28,Device,Transpose,gradient_tape/sequential/max_pooling2d_2/MaxPool/MaxPoolGrad-2-TransposeNHWCToNCHW-LayoutOptimizer,2,286.72,143.36,286.72,143.36,0.002896547881061877,0.988545341167617,0.0,0.0
29,Device,Transpose,sequential/max_pooling2d_2/MaxPool-0-2-TransposeNCHWToNHWC-LayoutOptimizer,2,282.625,141.3125,282.625,141.3125,0.0028551787279754216,0.9914005198955925,0.0,0.0
30,Device,ArgMax,ArgMax,2,185.345,92.6725,185.345,92.6725,0.0018724214111865707,0.9932729413067791,0.0,0.0
31,Device,ArgMax,ArgMax_1,2,123.904,61.952,123.904,61.952,0.0012517224771731682,0.9945246637839523,0.0,0.0
32,Device,_Send,IteratorGetNext/_3,2,79.936,39.968,79.936,39.968,0.0008075420320192599,0.9953322058159716,0.0,0.0
33,Device,MatMul,gradient_tape/sequential/dense_1/MatMul/MatMul,2,26.624,13.312,26.624,13.312,0.0002689651603843171,0.9956011709763559,0.0,0.0
34,Device,MatMul,gradient_tape/sequential/dense_1/MatMul/MatMul_1,2,15.36,7.68,15.36,7.68,0.0001551722079140291,0.99575634318427,0.0,0.0
35,Device,MatMul,sequential/dense_1/MatMul,2,14.336,7.168,14.336,7.168,0.00014482739405309383,0.9959011705783231,0.0,0.0
36,Device,Mul,categorical_crossentropy/mul,2,10.24,5.12,10.24,5.12,0.00010344813860935274,0.9960046187169325,0.0,0.0
37,Device,DynamicStitch,gradient_tape/categorical_crossentropy/DynamicStitch,2,10.24,5.12,10.24,5.12,0.00010344813860935274,0.9961080668555419,0.0,0.0
38,Device,ResourceApplyGradientDescent,SGD/SGD/update_8/ResourceApplyGradientDescent,2,8.193,4.0965,8.193,4.0965,8.276861324476826e-05,0.9961908354687866,0.0,0.0
39,Device,ResourceApplyGradientDescent,SGD/SGD/update_4/ResourceApplyGradientDescent,2,8.192,4.096,8.192,4.096,8.275851088748219e-05,0.9962735939796741,0.0,0.0
40,Device,Sum,categorical_crossentropy/Sum,2,8.192,4.096,8.192,4.096,8.275851088748219e-05,0.9963563524905615,0.0,0.0
41,Device,RealDiv,categorical_crossentropy/truediv,2,8.192,4.096,8.192,4.096,8.275851088748219e-05,0.996439111001449,0.0,0.0
42,Device,RealDiv,gradient_tape/categorical_crossentropy/truediv/RealDiv,2,8.192,4.096,8.192,4.096,8.275851088748219e-05,0.9965218695123365,0.0,0.0
43,Device,RealDiv,gradient_tape/categorical_crossentropy/truediv/RealDiv_1,2,8.192,4.096,8.192,4.096,8.275851088748219e-05,0.9966046280232239,0.0,0.0
44,Device,BiasAddGrad,gradient_tape/sequential/dense_1/BiasAdd/BiasAddGrad,2,8.192,4.096,8.192,4.096,8.275851088748219e-05,0.9966873865341114,0.0,0.0
45,Device,BiasAdd,sequential/dense_1/BiasAdd,2,8.192,4.096,8.192,4.096,8.275851088748219e-05,0.9967701450449988,0.0,0.0
46,Device,ResourceApplyGradientDescent,SGD/SGD/update_2/ResourceApplyGradientDescent,2,7.168,3.584,7.168,3.584,7.241369702654691e-05,0.9968425587420254,0.0,0.0
47,Device,ResourceApplyGradientDescent,SGD/SGD/update_9/ResourceApplyGradientDescent,2,7.168,3.584,7.168,3.584,7.241369702654691e-05,0.996914972439052,0.0,0.0
48,Device,Sum,categorical_crossentropy/Sum_1,2,7.168,3.584,7.168,3.584,7.241369702654691e-05,0.9969873861360786,0.0,0.0
49,Device,LessEqual,gradient_tape/categorical_crossentropy/clip_by_value/LessEqual,2,7.168,3.584,7.168,3.584,7.241369702654691e-05,0.9970597998331052,0.0,0.0
50,Device,SelectV2,gradient_tape/categorical_crossentropy/clip_by_value/SelectV2,2,7.168,3.584,7.168,3.584,7.241369702654691e-05,0.9971322135301318,0.0,0.0
51,Device,RealDiv,gradient_tape/categorical_crossentropy/truediv/RealDiv_2,2,7.168,3.584,7.168,3.584,7.241369702654691e-05,0.9972046272271584,0.0,0.0
52,Device,Sum,gradient_tape/categorical_crossentropy/truediv/Sum_1,2,7.168,3.584,7.168,3.584,7.241369702654691e-05,0.997277040924185,0.0,0.0
53,Device,Mul,gradient_tape/categorical_crossentropy/truediv/mul,2,7.168,3.584,7.168,3.584,7.241369702654691e-05,0.9973494546212116,0.0,0.0
54,Device,BiasAddGrad,gradient_tape/sequential/dense/BiasAdd/BiasAddGrad,2,7.168,3.584,7.168,3.584,7.241369702654691e-05,0.9974218683182382,0.0,0.0
55,Device,Minimum,categorical_crossentropy/clip_by_value/Minimum,2,6.145,3.0725,6.145,3.0725,6.20789855228977e-05,0.9974839473037611,0.0,0.0
56,Device,Cast,Cast,2,6.144,3.072,6.144,3.072,6.206888316561165e-05,0.9975460161869267,0.0,0.0
57,Device,AssignAddVariableOp,SGD/SGD/AssignAddVariableOp,2,6.144,3.072,6.144,3.072,6.206888316561165e-05,0.9976080850700924,0.0,0.0
58,Device,ResourceApplyGradientDescent,SGD/SGD/update/ResourceApplyGradientDescent,2,6.144,3.072,6.144,3.072,6.206888316561165e-05,0.997670153953258,0.0,0.0
59,Device,ResourceApplyGradientDescent,SGD/SGD/update_1/ResourceApplyGradientDescent,2,6.144,3.072,6.144,3.072,6.206888316561165e-05,0.9977322228364236,0.0,0.0
60,Device,ResourceApplyGradientDescent,SGD/SGD/update_3/ResourceApplyGradientDescent,2,6.144,3.072,6.144,3.072,6.206888316561165e-05,0.9977942917195892,0.0,0.0
61,Device,ResourceApplyGradientDescent,SGD/SGD/update_5/ResourceApplyGradientDescent,2,6.144,3.072,6.144,3.072,6.206888316561165e-05,0.9978563606027548,0.0,0.0
62,Device,ResourceApplyGradientDescent,SGD/SGD/update_7/ResourceApplyGradientDescent,2,6.144,3.072,6.144,3.072,6.206888316561165e-05,0.9979184294859205,0.0,0.0
63,Device,AddN,SGD/gradients/AddN,2,6.144,3.072,6.144,3.072,6.206888316561165e-05,0.9979804983690861,0.0,0.0
64,Device,Log,categorical_crossentropy/Log,2,6.144,3.072,6.144,3.072,6.206888316561165e-05,0.9980425672522517,0.0,0.0
65,Device,Maximum,categorical_crossentropy/clip_by_value,2,6.144,3.072,6.144,3.072,6.206888316561165e-05,0.9981046361354173,0.0,0.0
66,Device,BroadcastTo,gradient_tape/categorical_crossentropy/BroadcastTo,2,6.144,3.072,6.144,3.072,6.206888316561165e-05,0.998166705018583,0.0,0.0
67,Device,BroadcastTo,gradient_tape/categorical_crossentropy/BroadcastTo_1,2,6.144,3.072,6.144,3.072,6.206888316561165e-05,0.9982287739017486,0.0,0.0
68,Device,Reciprocal,gradient_tape/categorical_crossentropy/Reciprocal,2,6.144,3.072,6.144,3.072,6.206888316561165e-05,0.9982908427849142,0.0,0.0
69,Device,GreaterEqual,gradient_tape/categorical_crossentropy/clip_by_value/GreaterEqual,2,6.144,3.072,6.144,3.072,6.206888316561165e-05,0.9983529116680798,0.0,0.0
70,Device,ZerosLike,gradient_tape/categorical_crossentropy/clip_by_value/zeros_like_1,2,6.144,3.072,6.144,3.072,6.206888316561165e-05,0.9984149805512454,0.0,0.0
71,Device,Mul,gradient_tape/categorical_crossentropy/mul,2,6.144,3.072,6.144,3.072,6.206888316561165e-05,0.9984770494344111,0.0,0.0
72,Device,Mul,gradient_tape/categorical_crossentropy/mul/Mul,2,6.144,3.072,6.144,3.072,6.206888316561165e-05,0.9985391183175767,0.0,0.0
73,Device,Neg,gradient_tape/categorical_crossentropy/truediv/Neg,2,6.144,3.072,6.144,3.072,6.206888316561165e-05,0.9986011872007423,0.0,0.0
74,Device,Tile,gradient_tape/categorical_crossentropy/weighted_loss/Tile_1,2,6.144,3.072,6.144,3.072,6.206888316561165e-05,0.9986632560839079,0.0,0.0
75,Device,DivNoNan,gradient_tape/categorical_crossentropy/weighted_loss/value/div_no_nan,2,6.144,3.072,6.144,3.072,6.206888316561165e-05,0.9987253249670736,0.0,0.0
76,Device,BiasAdd,sequential/dense/BiasAdd,2,6.144,3.072,6.144,3.072,6.206888316561165e-05,0.9987873938502392,0.0,0.0
77,Device,AssignAddVariableOp,AssignAddVariableOp_1,2,5.12,2.56,5.12,2.56,5.172406930467637e-05,0.9988391179195438,0.0,0.0
78,Device,AssignAddVariableOp,AssignAddVariableOp_2,2,5.12,2.56,5.12,2.56,5.172406930467637e-05,0.9988908419888485,0.0,0.0
79,Device,AssignAddVariableOp,AssignAddVariableOp_3,2,5.12,2.56,5.12,2.56,5.172406930467637e-05,0.9989425660581531,0.0,0.0
80,Device,AssignAddVariableOp,AssignAddVariableOp_4,2,5.12,2.56,5.12,2.56,5.172406930467637e-05,0.9989942901274578,0.0,0.0
81,Device,Equal,Equal,2,5.12,2.56,5.12,2.56,5.172406930467637e-05,0.9990460141967624,0.0,0.0
82,Device,Mul,Mul,2,5.12,2.56,5.12,2.56,5.172406930467637e-05,0.9990977382660671,0.0,0.0
83,Device,Sum,Sum_2,2,5.12,2.56,5.12,2.56,5.172406930467637e-05,0.9991494623353717,0.0,0.0
84,Device,DivNoNan,categorical_crossentropy/weighted_loss/value,2,5.12,2.56,5.12,2.56,5.172406930467637e-05,0.9992011864046764,0.0,0.0
85,Device,SelectV2,gradient_tape/categorical_crossentropy/clip_by_value/SelectV2_1,2,5.12,2.56,5.12,2.56,5.172406930467637e-05,0.999252910473981,0.0,0.0
86,Device,ZerosLike,gradient_tape/categorical_crossentropy/clip_by_value/zeros_like,2,5.12,2.56,5.12,2.56,5.172406930467637e-05,0.9993046345432857,0.0,0.0
87,Device,ReluGrad,gradient_tape/sequential/dense/ReluGrad,2,5.12,2.56,5.12,2.56,5.172406930467637e-05,0.9993563586125903,0.0,0.0
88,Device,_Recv,Size/_14,2,4.48,2.24,4.48,2.24,4.5258560641591826e-05,0.999401617173232,0.0,0.0
89,Device,_Recv,gradient_tape/categorical_crossentropy/ones/_18,2,4.352,2.176,4.352,2.176,4.396545890897492e-05,0.9994455826321409,0.0,0.0
90,Device,AssignAddVariableOp,AssignAddVariableOp,2,4.096,2.048,4.096,2.048,4.1379255443741095e-05,0.9994869618875847,0.0,0.0
91,Device,Cast,Cast_1,2,4.096,2.048,4.096,2.048,4.1379255443741095e-05,0.9995283411430285,0.0,0.0
92,Device,Cast,Cast_2,2,4.096,2.048,4.096,2.048,4.1379255443741095e-05,0.9995697203984723,0.0,0.0
93,Device,Neg,categorical_crossentropy/Neg,2,4.096,2.048,4.096,2.048,4.1379255443741095e-05,0.999611099653916,0.0,0.0
94,Device,Sum,categorical_crossentropy/weighted_loss/Sum,2,4.096,2.048,4.096,2.048,4.1379255443741095e-05,0.9996524789093598,0.0,0.0
95,Device,Cast,categorical_crossentropy/weighted_loss/num_elements/Cast,2,4.096,2.048,4.096,2.048,4.1379255443741095e-05,0.9996938581648036,0.0,0.0
96,Device,DivNoNan,div_no_nan,2,4.096,2.048,4.096,2.048,4.1379255443741095e-05,0.9997352374202474,0.0,0.0
97,Device,DivNoNan,div_no_nan_1,2,4.096,2.048,4.096,2.048,4.1379255443741095e-05,0.9997766166756912,0.0,0.0
98,Device,Neg,gradient_tape/categorical_crossentropy/Neg,2,4.096,2.048,4.096,2.048,4.1379255443741095e-05,0.999817995931135,0.0,0.0
99,Device,Relu,sequential/dense/Relu,2,4.096,2.048,4.096,2.048,4.1379255443741095e-05,0.9998593751865787,0.0,0.0
100,Device,_Recv,gradient_tape/categorical_crossentropy/Shape/_16,2,3.36,1.68,3.36,1.68,3.394392048119387e-05,0.9998933191070599,0.0,0.0
101,Device,_Recv,categorical_crossentropy/weighted_loss/num_elements/_20,2,3.264,1.632,3.264,1.632,3.297409418173119e-05,0.9999262932012416,0.0,0.0
102,Device,LogicalAnd,LogicalAnd,1,3.072,3.072,3.072,3.072,3.1034441582805825e-05,0.9999573276428244,0.0,0.0
103,Device,_HostRecv,gradient_tape/categorical_crossentropy/DynamicStitch/_22,2,2.176,1.088,2.176,1.088,2.198272945448746e-05,0.9999793103722789,0.0,0.0
104,Device,_Recv,strided_slice/_12,2,2.048,1.024,2.048,1.024,2.0689627721870548e-05,1.0000000000000009,0.0,0.0
105,Host,IDLE,IDLE,0,359611.566,0.0,359611.566,0.0,0.0,0.0,0.7947950229777112,0.7947950229777112
106,Host,GatherV2,GatherV2,2,62489.794,31244.897,62489.794,31244.897,0.0,0.0,0.13811173486589817,0.9329067578436094
107,Host,_Send,IteratorGetNext/_1,2,16749.458,8374.729,16749.458,8374.729,0.0,0.0,0.037018792259796804,0.9699255501034062
108,Host,_Send,IteratorGetNext/_6,2,8514.146,4257.073,8514.146,4257.073,0.0,0.0,0.018817528426506695,0.9887430785299129
109,Host,GatherV2,GatherV2_1,2,4367.345,2183.6725,4367.345,2183.6725,0.0,0.0,0.009652481726982586,0.9983955602568956
110,Host,_Send,IteratorGetNext/_3,2,260.625,130.3125,260.625,130.3125,0.0,0.0,0.000576019996152087,0.9989715802530477
111,Host,Dataset,Iterator::Root::ParallelMapV2::Zip[1]::ForeverRepeat,2,96.031,48.0155,90.651,45.3255,0.0,0.0,0.00020035218674794374,0.9991719324397956
112,Host,Dataset,Iterator::Root::ParallelMapV2,2,65.461,32.7305,65.461,32.7305,0.0,0.0,0.00014467854184407392,0.9993166109816397
113,Host,FlushSummaryWriter,FlushSummaryWriter,1,44.801,44.801,44.801,44.801,0.0,0.0,9.901687039850226e-05,0.9994156278520382
114,Host,IteratorGetNext,IteratorGetNext,2,42.95,21.475,42.95,21.475,0.0,0.0,9.492588521719766e-05,0.9995105537372554
115,Host,Dataset,Iterator::Root,2,106.333,53.1665,40.872,20.436,0.0,0.0,9.033319628864498e-05,0.999600886933544
116,Host,LogicalAnd,LogicalAnd,1,39.28,39.28,39.28,39.28,0.0,0.0,8.681463961190974e-05,0.9996877015731559
117,Host,WriteSummary,WriteSummary,1,29.64,29.64,29.64,29.64,0.0,0.0,6.550880646886468e-05,0.9997532103796247
118,Host,Dataset,Iterator::Root::ParallelMapV2::Zip[0]::FlatMap[1]::Concatenate[0]::TensorSlice,2,26.64,13.32,26.64,13.32,0.0,0.0,5.887836046999174e-05,0.9998120887400948
119,Host,Dataset,Iterator::Root::ParallelMapV2::Zip[0]::FlatMap[1]::Concatenate,2,50.861,25.4305,24.221,12.1105,0.0,0.0,5.353201084623386e-05,0.999865620750941
120,Host,Dataset,Iterator::Root::ParallelMapV2::Zip,2,171.273,85.6365,19.471,9.7355,0.0,0.0,4.3033804681351696e-05,0.9999086545556224
121,Host,ReadVariableOp,ReadVariableOp,1,15.08,15.08,15.08,15.08,0.0,0.0,3.3329041887667995e-05,0.9999419835975101
122,Host,_HostSend,gradient_tape/categorical_crossentropy/mul/Shape/_9,2,12.09,6.045,12.09,6.045,0.0,0.0,2.6720697375457964e-05,0.9999687042948855
123,Host,Dataset,Iterator::Root::ParallelMapV2::Zip[1]::ForeverRepeat::FromTensor,4,5.38,1.345,5.38,1.345,0.0,0.0,1.1890599824645478e-05,0.9999805948947101
124,Host,Dataset,Iterator::Root::ParallelMapV2::Zip[0]::FlatMap,2,55.771,27.8855,4.91,2.455,0.0,0.0,1.0851829951488718e-05,0.9999914467246617
125,Host,Identity,Identity,2,3.87,1.935,3.87,1.935,0.0,0.0,8.553275338546097e-06,1.0000000000000002
