Rank,Host/device,Type,Operation,#Occurrences,Total time (us),Avg. time (us),Total self-time (us),Avg. self-time (us),Total self-time on Device (%),Cumulative total-self time on Device (%),Total self-time on Host (%),Cumulative total-self time on Host (%)
1,Device,IDLE,IDLE,0,7850.686,0.0,7850.686,0.0,0.7980720670313824,0.7980720670313824,0.0,0.0
2,Device,Conv2DBackpropFilter,gradient_tape/sequential/conv2d_1/Conv2D/Conv2DBackpropFilter,2,171.008,85.504,171.008,85.504,0.01738404873649292,0.8154561157678754,0.0,0.0
3,Device,Conv2DBackpropFilter,gradient_tape/sequential/conv2d_3/Conv2D/Conv2DBackpropFilter,2,99.328,49.664,99.328,49.664,0.010097321721196487,0.8255534374890718,0.0,0.0
4,Device,SoftmaxCrossEntropyWithLogits,categorical_crossentropy/softmax_cross_entropy_with_logits,2,94.208,47.104,94.208,47.104,0.009576841220103884,0.8351302787091758,0.0,0.0
5,Device,_FusedConv2D,sequential/activation_1/Relu,2,92.16,46.08,92.16,46.08,0.009368649019666843,0.8444989277288426,0.0,0.0
6,Device,Conv2DBackpropFilter,gradient_tape/sequential/conv2d/Conv2D/Conv2DBackpropFilter,2,90.113,45.0565,90.113,45.0565,0.009160558475577672,0.8536594862044202,0.0,0.0
7,Device,Conv2DBackpropInput,gradient_tape/sequential/conv2d_1/Conv2D/Conv2DBackpropInput,2,88.065,44.0325,88.065,44.0325,0.00895236627514063,0.8626118524795608,0.0,0.0
8,Device,Conv2DBackpropFilter,gradient_tape/sequential/conv2d_2/Conv2D/Conv2DBackpropFilter,2,77.825,38.9125,77.825,38.9125,0.007911405272955427,0.8705232577525163,0.0,0.0
9,Device,_FusedConv2D,sequential/activation_3/Relu,2,74.753,37.3765,74.753,37.3765,0.007599116972299865,0.8781223747248161,0.0,0.0
10,Device,Conv2DBackpropInput,gradient_tape/sequential/conv2d_3/Conv2D/Conv2DBackpropInput,2,73.728,36.864,73.728,36.864,0.0074949192157334745,0.8856172939405496,0.0,0.0
11,Device,_Send,IteratorGetNext/_1,2,63.552,31.776,63.552,31.776,0.006460464219811927,0.8920777581603615,0.0,0.0
12,Device,ResourceApplyGradientDescent,SGD/SGD/update_8/ResourceApplyGradientDescent,2,54.272,27.136,54.272,27.136,0.005517093311581585,0.8975948514719431,0.0,0.0
13,Device,_FusedConv2D,sequential/activation_2/Relu,2,52.225,26.1125,52.225,26.1125,0.005309002767492414,0.9029038542394355,0.0,0.0
14,Device,_FusedConv2D,sequential/activation/Relu,2,51.2,25.6,51.2,25.6,0.005204805010926025,0.9081086592503615,0.0,0.0
15,Device,Conv2DBackpropInput,gradient_tape/sequential/conv2d_2/Conv2D/Conv2DBackpropInput,2,49.152,24.576,49.152,24.576,0.004996612810488983,0.9131052720608506,0.0,0.0
16,Device,ReluGrad,gradient_tape/sequential/activation/ReluGrad,2,43.008,21.504,43.008,21.504,0.004372036209177861,0.9174773082700284,0.0,0.0
17,Device,MatMul,sequential/dense/MatMul,2,41.984,20.992,41.984,20.992,0.00426794010895934,0.9217452483789877,0.0,0.0
18,Device,MaxPoolGrad,gradient_tape/sequential/max_pooling2d/MaxPool/MaxPoolGrad,2,40.961,20.4805,40.961,20.4805,0.004163945665088689,0.9259091940440765,0.0,0.0
19,Device,MatMul,gradient_tape/sequential/dense/MatMul/MatMul,2,30.721,15.3605,30.721,15.3605,0.003122984662903484,0.92903217870698,0.0,0.0
20,Device,ReluGrad,gradient_tape/sequential/activation_1/ReluGrad,2,30.72,15.36,30.72,15.36,0.0031228830065556145,0.9321550617135356,0.0,0.0
21,Device,MatMul,gradient_tape/sequential/dense/MatMul/MatMul_1,2,25.6,12.8,25.6,12.8,0.0026024025054630123,0.9347574642189986,0.0,0.0
22,Device,MaxPoolGrad,gradient_tape/sequential/max_pooling2d_1/MaxPool/MaxPoolGrad,2,21.504,10.752,21.504,10.752,0.0021860181045889305,0.9369434823235876,0.0,0.0
23,Device,BiasAddGrad,gradient_tape/sequential/conv2d/BiasAdd/BiasAddGrad,2,20.48,10.24,20.48,10.24,0.00208192200437041,0.939025404327958,0.0,0.0
24,Device,Softmax,sequential/activation_5/Softmax,2,20.48,10.24,20.48,10.24,0.00208192200437041,0.9411073263323284,0.0,0.0
25,Device,MatMul,sequential/dense_1/MatMul,2,19.456,9.728,19.456,9.728,0.001977825904151889,0.9430851522364803,0.0,0.0
26,Device,BiasAddGrad,gradient_tape/sequential/conv2d_1/BiasAdd/BiasAddGrad,2,18.432,9.216,18.432,9.216,0.0018737298039333686,0.9449588820404137,0.0,0.0
27,Device,MaxPool,sequential/max_pooling2d/MaxPool,2,18.432,9.216,18.432,9.216,0.0018737298039333686,0.9468326118443471,0.0,0.0
28,Device,BiasAddGrad,gradient_tape/sequential/conv2d_2/BiasAdd/BiasAddGrad,2,15.36,7.68,15.36,7.68,0.0015614415032778072,0.9483940533476249,0.0,0.0
29,Device,RandomUniform,sequential/dropout/dropout/random_uniform/RandomUniform,2,14.336,7.168,14.336,7.168,0.0014573454030592868,0.9498513987506843,0.0,0.0
30,Device,BiasAddGrad,gradient_tape/sequential/conv2d_3/BiasAdd/BiasAddGrad,2,12.288,6.144,12.288,6.144,0.0012491532026222458,0.9511005519533065,0.0,0.0
31,Device,MatMul,gradient_tape/sequential/dense_1/MatMul/MatMul_1,2,11.264,5.632,11.264,5.632,0.0011450571024037251,0.9522456090557102,0.0,0.0
32,Device,ReluGrad,gradient_tape/sequential/activation_2/ReluGrad,2,10.24,5.12,10.24,5.12,0.001040961002185205,0.9532865700578954,0.0,0.0
33,Device,RandomUniform,sequential/dropout_1/dropout/random_uniform/RandomUniform,2,10.24,5.12,10.24,5.12,0.001040961002185205,0.9543275310600806,0.0,0.0
34,Device,Transpose,gradient_tape/sequential/conv2d/Conv2D/Conv2DBackpropFilter-0-TransposeNHWCToNCHW-LayoutOptimizer,2,9.216,4.608,9.216,4.608,0.0009368649019666843,0.9552643959620473,0.0,0.0
35,Device,MatMul,gradient_tape/sequential/dense_1/MatMul/MatMul,2,9.216,4.608,9.216,4.608,0.0009368649019666843,0.9562012608640139,0.0,0.0
36,Device,Transpose,gradient_tape/sequential/dropout/dropout/ArithmeticOptimizer/ReorderCastLikeAndValuePreserving_bool_Mul-1-TransposeNHWCToNCHW-LayoutOptimizer,2,9.216,4.608,9.216,4.608,0.0009368649019666843,0.9571381257659806,0.0,0.0
37,Device,Mul,gradient_tape/sequential/dropout/dropout/Mul_1,2,9.216,4.608,9.216,4.608,0.0009368649019666843,0.9580749906679472,0.0,0.0
38,Device,Mul,gradient_tape/sequential/dropout_1/dropout/Mul_1,2,9.216,4.608,9.216,4.608,0.0009368649019666843,0.9590118555699139,0.0,0.0
39,Device,MaxPool,sequential/max_pooling2d_1/MaxPool,2,9.216,4.608,9.216,4.608,0.0009368649019666843,0.9599487204718805,0.0,0.0
40,Device,Mul,sequential/dropout/dropout/Mul,2,8.193,4.0965,8.193,4.0965,0.0008328704580960334,0.9607815909299765,0.0,0.0
41,Device,ArgMax,ArgMax,2,8.192,4.096,8.192,4.096,0.0008327688017481639,0.9616143597317247,0.0,0.0
42,Device,ReluGrad,gradient_tape/sequential/activation_3/ReluGrad,2,8.192,4.096,8.192,4.096,0.0008327688017481639,0.9624471285334729,0.0,0.0
43,Device,Transpose,gradient_tape/sequential/max_pooling2d_1/MaxPool/MaxPoolGrad-2-TransposeNHWCToNCHW-LayoutOptimizer,2,8.192,4.096,8.192,4.096,0.0008327688017481639,0.9632798973352211,0.0,0.0
44,Device,Mul,sequential/dropout/dropout/Mul_1,2,8.192,4.096,8.192,4.096,0.0008327688017481639,0.9641126661369693,0.0,0.0
45,Device,RandomUniform,sequential/dropout_2/dropout/random_uniform/RandomUniform,2,8.192,4.096,8.192,4.096,0.0008327688017481639,0.9649454349387175,0.0,0.0
46,Device,ArgMax,ArgMax_1,2,7.168,3.584,7.168,3.584,0.0007286727015296434,0.9656741076402472,0.0,0.0
47,Device,Equal,Equal,2,7.168,3.584,7.168,3.584,0.0007286727015296434,0.9664027803417768,0.0,0.0
48,Device,ResourceApplyGradientDescent,SGD/SGD/update_2/ResourceApplyGradientDescent,2,7.168,3.584,7.168,3.584,0.0007286727015296434,0.9671314530433065,0.0,0.0
49,Device,ResourceApplyGradientDescent,SGD/SGD/update_4/ResourceApplyGradientDescent,2,7.168,3.584,7.168,3.584,0.0007286727015296434,0.9678601257448362,0.0,0.0
50,Device,ResourceApplyGradientDescent,SGD/SGD/update_6/ResourceApplyGradientDescent,2,7.168,3.584,7.168,3.584,0.0007286727015296434,0.9685887984463658,0.0,0.0
51,Device,Mul,gradient_tape/sequential/dropout/dropout/Mul,2,7.168,3.584,7.168,3.584,0.0007286727015296434,0.9693174711478955,0.0,0.0
52,Device,Transpose,sequential/dropout_1/dropout/ArithmeticOptimizer/ReorderCastLikeAndValuePreserving_bool_Mul_1-0-TransposeNHWCToNCHW-LayoutOptimizer,2,7.168,3.584,7.168,3.584,0.0007286727015296434,0.9700461438494251,0.0,0.0
53,Device,Mul,sequential/dropout_1/dropout/Mul_1,2,7.168,3.584,7.168,3.584,0.0007286727015296434,0.9707748165509548,0.0,0.0
54,Device,Transpose,sequential/dropout_1/dropout/Mul_1-0-1-TransposeNCHWToNHWC-LayoutOptimizer,2,7.168,3.584,7.168,3.584,0.0007286727015296434,0.9715034892524844,0.0,0.0
55,Device,GreaterEqual,sequential/dropout_2/dropout/GreaterEqual,2,7.168,3.584,7.168,3.584,0.0007286727015296434,0.9722321619540141,0.0,0.0
56,Device,AssignAddVariableOp,AssignAddVariableOp_1,2,6.145,3.0725,6.145,3.0725,0.0006246782576589925,0.9728568402116731,0.0,0.0
57,Device,Mul,sequential/dropout_2/dropout/Mul_1,2,6.145,3.0725,6.145,3.0725,0.0006246782576589925,0.9734815184693321,0.0,0.0
58,Device,AssignAddVariableOp,AssignAddVariableOp,2,6.144,3.072,6.144,3.072,0.0006245766013111229,0.9741060950706432,0.0,0.0
59,Device,AssignAddVariableOp,AssignAddVariableOp_2,2,6.144,3.072,6.144,3.072,0.0006245766013111229,0.9747306716719543,0.0,0.0
60,Device,AssignAddVariableOp,AssignAddVariableOp_4,2,6.144,3.072,6.144,3.072,0.0006245766013111229,0.9753552482732654,0.0,0.0
61,Device,Cast,Cast,2,6.144,3.072,6.144,3.072,0.0006245766013111229,0.9759798248745765,0.0,0.0
62,Device,Cast,Cast_1,2,6.144,3.072,6.144,3.072,0.0006245766013111229,0.9766044014758876,0.0,0.0
63,Device,Mul,Mul,2,6.144,3.072,6.144,3.072,0.0006245766013111229,0.9772289780771987,0.0,0.0
64,Device,AssignAddVariableOp,SGD/SGD/AssignAddVariableOp,2,6.144,3.072,6.144,3.072,0.0006245766013111229,0.9778535546785098,0.0,0.0
65,Device,ResourceApplyGradientDescent,SGD/SGD/update/ResourceApplyGradientDescent,2,6.144,3.072,6.144,3.072,0.0006245766013111229,0.9784781312798209,0.0,0.0
66,Device,ResourceApplyGradientDescent,SGD/SGD/update_1/ResourceApplyGradientDescent,2,6.144,3.072,6.144,3.072,0.0006245766013111229,0.979102707881132,0.0,0.0
67,Device,ResourceApplyGradientDescent,SGD/SGD/update_10/ResourceApplyGradientDescent,2,6.144,3.072,6.144,3.072,0.0006245766013111229,0.9797272844824431,0.0,0.0
68,Device,ResourceApplyGradientDescent,SGD/SGD/update_3/ResourceApplyGradientDescent,2,6.144,3.072,6.144,3.072,0.0006245766013111229,0.9803518610837542,0.0,0.0
69,Device,ResourceApplyGradientDescent,SGD/SGD/update_5/ResourceApplyGradientDescent,2,6.144,3.072,6.144,3.072,0.0006245766013111229,0.9809764376850653,0.0,0.0
70,Device,ResourceApplyGradientDescent,SGD/SGD/update_7/ResourceApplyGradientDescent,2,6.144,3.072,6.144,3.072,0.0006245766013111229,0.9816010142863764,0.0,0.0
71,Device,ResourceApplyGradientDescent,SGD/SGD/update_9/ResourceApplyGradientDescent,2,6.144,3.072,6.144,3.072,0.0006245766013111229,0.9822255908876875,0.0,0.0
72,Device,Sum,Sum_2,2,6.144,3.072,6.144,3.072,0.0006245766013111229,0.9828501674889986,0.0,0.0
73,Device,Sum,categorical_crossentropy/weighted_loss/Sum,2,6.144,3.072,6.144,3.072,0.0006245766013111229,0.9834747440903097,0.0,0.0
74,Device,DivNoNan,div_no_nan_1,2,6.144,3.072,6.144,3.072,0.0006245766013111229,0.9840993206916208,0.0,0.0
75,Device,ReluGrad,gradient_tape/sequential/activation_4/ReluGrad,2,6.144,3.072,6.144,3.072,0.0006245766013111229,0.9847238972929319,0.0,0.0
76,Device,BiasAddGrad,gradient_tape/sequential/dense/BiasAdd/BiasAddGrad,2,6.144,3.072,6.144,3.072,0.0006245766013111229,0.985348473894243,0.0,0.0
77,Device,BiasAddGrad,gradient_tape/sequential/dense_1/BiasAdd/BiasAddGrad,2,6.144,3.072,6.144,3.072,0.0006245766013111229,0.9859730504955541,0.0,0.0
78,Device,Mul,gradient_tape/sequential/dropout_1/dropout/Mul,2,6.144,3.072,6.144,3.072,0.0006245766013111229,0.9865976270968652,0.0,0.0
79,Device,Mul,gradient_tape/sequential/dropout_2/dropout/Mul,2,6.144,3.072,6.144,3.072,0.0006245766013111229,0.9872222036981763,0.0,0.0
80,Device,Mul,gradient_tape/sequential/dropout_2/dropout/Mul_1,2,6.144,3.072,6.144,3.072,0.0006245766013111229,0.9878467802994874,0.0,0.0
81,Device,BiasAdd,sequential/dense/BiasAdd,2,6.144,3.072,6.144,3.072,0.0006245766013111229,0.9884713569007985,0.0,0.0
82,Device,Cast,sequential/dropout/dropout/ArithmeticOptimizer/ReorderCastLikeAndValuePreserving_float_Cast,2,6.144,3.072,6.144,3.072,0.0006245766013111229,0.9890959335021096,0.0,0.0
83,Device,GreaterEqual,sequential/dropout/dropout/GreaterEqual,2,6.144,3.072,6.144,3.072,0.0006245766013111229,0.9897205101034207,0.0,0.0
84,Device,GreaterEqual,sequential/dropout_1/dropout/GreaterEqual,2,6.144,3.072,6.144,3.072,0.0006245766013111229,0.9903450867047318,0.0,0.0
85,Device,Mul,sequential/dropout_1/dropout/Mul,2,6.144,3.072,6.144,3.072,0.0006245766013111229,0.9909696633060429,0.0,0.0
86,Device,Mul,sequential/dropout_2/dropout/Mul,2,6.144,3.072,6.144,3.072,0.0006245766013111229,0.991594239907354,0.0,0.0
87,Device,AssignAddVariableOp,AssignAddVariableOp_3,2,5.12,2.56,5.12,2.56,0.0005204805010926024,0.9921147204084466,0.0,0.0
88,Device,Cast,Cast_2,2,5.12,2.56,5.12,2.56,0.0005204805010926024,0.9926352009095393,0.0,0.0
89,Device,ResourceApplyGradientDescent,SGD/SGD/update_11/ResourceApplyGradientDescent,2,5.12,2.56,5.12,2.56,0.0005204805010926024,0.9931556814106319,0.0,0.0
90,Device,Cast,categorical_crossentropy/weighted_loss/num_elements/Cast,2,5.12,2.56,5.12,2.56,0.0005204805010926024,0.9936761619117246,0.0,0.0
91,Device,Mul,gradient_tape/categorical_crossentropy/softmax_cross_entropy_with_logits/mul,2,5.12,2.56,5.12,2.56,0.0005204805010926024,0.9941966424128172,0.0,0.0
92,Device,Tile,gradient_tape/categorical_crossentropy/weighted_loss/Tile_1,2,5.12,2.56,5.12,2.56,0.0005204805010926024,0.9947171229139099,0.0,0.0
93,Device,DivNoNan,gradient_tape/categorical_crossentropy/weighted_loss/value/div_no_nan,2,5.12,2.56,5.12,2.56,0.0005204805010926024,0.9952376034150026,0.0,0.0
94,Device,Relu,sequential/activation_4/Relu,2,5.12,2.56,5.12,2.56,0.0005204805010926024,0.9957580839160952,0.0,0.0
95,Device,BiasAdd,sequential/dense_1/BiasAdd,2,5.12,2.56,5.12,2.56,0.0005204805010926024,0.9962785644171879,0.0,0.0
96,Device,Cast,sequential/dropout_1/dropout/ArithmeticOptimizer/ReorderCastLikeAndValuePreserving_float_Cast,2,5.12,2.56,5.12,2.56,0.0005204805010926024,0.9967990449182805,0.0,0.0
97,Device,Cast,sequential/dropout_2/dropout/Cast,2,5.12,2.56,5.12,2.56,0.0005204805010926024,0.9973195254193732,0.0,0.0
98,Device,_Recv,strided_slice/_12,2,4.896,2.448,4.896,2.448,0.000497709479169801,0.997817234898543,0.0,0.0
99,Device,DivNoNan,categorical_crossentropy/weighted_loss/value,2,4.096,2.048,4.096,2.048,0.0004163844008740819,0.9982336192994171,0.0,0.0
100,Device,DivNoNan,div_no_nan,2,4.096,2.048,4.096,2.048,0.0004163844008740819,0.9986500037002912,0.0,0.0
101,Device,Cast,sequential/dropout_1/dropout/Cast,2,4.096,2.048,4.096,2.048,0.0004163844008740819,0.9990663881011653,0.0,0.0
102,Device,LogicalAnd,LogicalAnd,1,3.072,3.072,3.072,3.072,0.00031228830065556146,0.9993786764018209,0.0,0.0
103,Device,_Send,IteratorGetNext/_3,2,2.048,1.024,2.048,1.024,0.00020819220043704096,0.9995868686022579,0.0,0.0
104,Device,_Recv,categorical_crossentropy/weighted_loss/num_elements/_14,2,2.048,1.024,2.048,1.024,0.00020819220043704096,0.9997950608026949,0.0,0.0
105,Device,_Recv,Size/_16,2,2.016,1.008,2.016,1.008,0.0002049391973052122,1.0,0.0,0.0
106,Host,IDLE,IDLE,0,44683.88,0.0,44683.88,0.0,0.0,0.0,0.9700071313646604,0.9700071313646604
107,Host,_Send,IteratorGetNext/_1,2,435.178,217.589,435.178,217.589,0.0,0.0,0.009446936197416388,0.9794540675620769
108,Host,_Send,IteratorGetNext/_3,2,282.236,141.118,282.236,141.118,0.0,0.0,0.006126838867346262,0.9855809064294231
109,Host,_Send,IteratorGetNext/_6,2,154.752,77.376,154.752,77.376,0.0,0.0,0.0033593891934394224,0.9889402956228626
110,Host,GatherV2,GatherV2,2,115.962,57.981,115.962,57.981,0.0,0.0,0.0025173276574753304,0.9914576232803379
111,Host,Dataset,Iterator::Root::ParallelMapV2::Zip[1]::ForeverRepeat,2,92.981,46.4905,88.361,44.1805,0.0,0.0,0.0019181593034112696,0.9933757825837491
112,Host,Dataset,Iterator::Root::ParallelMapV2,2,45.262,22.631,45.262,22.631,0.0,0.0,0.0009825570827740847,0.9943583396665232
113,Host,LogicalAnd,LogicalAnd,1,45.141,45.141,45.141,45.141,0.0,0.0,0.0009799303891455293,0.9953382700556688
114,Host,FlushSummaryWriter,FlushSummaryWriter,1,41.651,41.651,41.651,41.651,0.0,0.0,0.000904168729941748,0.9962424387856105
115,Host,IteratorGetNext,IteratorGetNext,2,31.89,15.945,31.89,15.945,0.0,0.0,0.0006922748745010287,0.9969347136601115
116,Host,Dataset,Iterator::Root,2,72.702,36.351,27.44,13.72,0.0,0.0,0.0005956733319632557,0.9975303869920749
117,Host,WriteSummary,WriteSummary,1,20.451,20.451,20.451,20.451,0.0,0.0,0.0004439546396494367,0.9979743416317243
118,Host,GatherV2,GatherV2_1,2,19.771,9.8855,19.771,9.8855,0.0,0.0,0.0004291930556211928,0.9984035346873454
119,Host,Dataset,Iterator::Root::ParallelMapV2::Zip[0]::FlatMap[1]::Concatenate[0]::TensorSlice,2,19.02,9.51,19.02,9.51,0.0,0.0,0.00041289018855470566,0.9988164248759002
120,Host,Dataset,Iterator::Root::ParallelMapV2::Zip[0]::FlatMap[1]::Concatenate,2,37.551,18.7755,18.531,9.2655,0.0,0.0,0.00040227487298145377,0.9992186997488817
121,Host,Dataset,Iterator::Root::ParallelMapV2::Zip,2,143.992,71.996,9.79,4.895,0.0,0.0,0.00021252339358310033,0.9994312231424648
122,Host,_HostSend,categorical_crossentropy/softmax_cross_entropy_with_logits/Shape_2/_9,2,9.441,4.7205,9.441,4.7205,0.0,0.0,0.00020494722766272223,0.9996361703701275
123,Host,ReadVariableOp,ReadVariableOp,1,5.72,5.72,5.72,5.72,0.0,0.0,0.00012417097153169908,0.9997603413416593
124,Host,Dataset,Iterator::Root::ParallelMapV2::Zip[1]::ForeverRepeat::FromTensor,4,4.62,1.155,4.62,1.155,0.0,0.0,0.00010029193854483387,0.9998606332802041
125,Host,Dataset,Iterator::Root::ParallelMapV2::Zip[0]::FlatMap,2,41.221,20.6105,3.67,1.835,0.0,0.0,7.966913732890483e-05,0.9999403024175331
126,Host,Identity,Identity,2,2.75,1.375,2.75,1.375,0.0,0.0,5.969758246716302e-05,1.0000000000000002
