Rank,Host/device,Type,Operation,#Occurrences,Total time (us),Avg. time (us),Total self-time (us),Avg. self-time (us),Total self-time on Device (%),Cumulative total-self time on Device (%),Total self-time on Host (%),Cumulative total-self time on Host (%)
1,Device,IDLE,IDLE,0,83792.483,0.0,83792.483,0.0,0.7296769228446165,0.7296769228446165,0.0,0.0
2,Device,DepthwiseConv2dNativeBackpropFilter,gradient_tape/efficientnetb0/block2a_dwconv/depthwise/DepthwiseConv2dNativeBackpropFilter,2,2163.719,1081.8595,2163.719,1081.8595,0.018841974426517843,0.7485188972711343,0.0,0.0
3,Device,DepthwiseConv2dNativeBackpropFilter,gradient_tape/efficientnetb0/block3a_dwconv/depthwise/DepthwiseConv2dNativeBackpropFilter,2,973.827,486.9135,973.827,486.9135,0.008480224756473734,0.756999122027608,0.0,0.0
4,Device,FusedBatchNormGradV3,gradient_tape/efficientnetb0/block2a_expand_bn/FusedBatchNormGradV3,2,265.217,132.6085,265.217,132.6085,0.00230954755745907,0.759308669585067,0.0,0.0
5,Device,DepthwiseConv2dNativeBackpropFilter,gradient_tape/efficientnetb0/block5c_dwconv/depthwise/DepthwiseConv2dNativeBackpropFilter,2,250.881,125.4405,250.881,125.4405,0.0021847076196582008,0.7614933772047252,0.0,0.0
6,Device,DepthwiseConv2dNativeBackpropFilter,gradient_tape/efficientnetb0/block5b_dwconv/depthwise/DepthwiseConv2dNativeBackpropFilter,2,241.665,120.8325,241.665,120.8325,0.0021044533739290705,0.7635978305786543,0.0,0.0
7,Device,_Recv,IteratorGetNext/_4,2,241.569,120.7845,241.569,120.7845,0.002103617392202725,0.765701447970857,0.0,0.0
8,Device,DepthwiseConv2dNativeBackpropFilter,gradient_tape/efficientnetb0/block5a_dwconv/depthwise/DepthwiseConv2dNativeBackpropFilter,2,198.657,99.3285,198.657,99.3285,0.0017299335605264617,0.7674313815313835,0.0,0.0
9,Device,Conv2DBackpropFilter,gradient_tape/efficientnetb0/block2a_expand_conv/Conv2D/Conv2DBackpropFilter,2,173.057,86.5285,173.057,86.5285,0.0015070051001677656,0.7689383866315512,0.0,0.0
10,Device,Conv2DBackpropInput,gradient_tape/efficientnetb0/top_conv/Conv2D/Conv2DBackpropInput,4,172.033,43.00825,172.033,43.00825,0.001498087961753418,0.7704364745933047,0.0,0.0
11,Device,DepthwiseConv2dNativeBackpropInput,gradient_tape/efficientnetb0/block2a_dwconv/depthwise/DepthwiseConv2dNativeBackpropInput,2,171.008,85.504,171.008,85.504,0.0014891621151960875,0.7719256367085008,0.0,0.0
12,Device,DepthwiseConv2dNativeBackpropFilter,gradient_tape/efficientnetb0/block4b_dwconv/depthwise/DepthwiseConv2dNativeBackpropFilter,2,171.008,85.504,171.008,85.504,0.0014891621151960875,0.7734147988236969,0.0,0.0
13,Device,Mul,SGD/gradients/mul_136,2,159.746,79.873,159.746,79.873,0.001391091008924227,0.7748058898326211,0.0,0.0
14,Device,Mul,SGD/gradients/mul_135,2,158.72,79.36,158.72,79.36,0.0013821564542239135,0.776188046286845,0.0,0.0
15,Device,Mul,efficientnetb0/block2a_expand_activation/mul,2,158.72,79.36,158.72,79.36,0.0013821564542239135,0.7775702027410689,0.0,0.0
16,Device,Mul,SGD/gradients/mul_137,2,157.696,78.848,157.696,78.848,0.0013732393158095656,0.7789434420568785,0.0,0.0
17,Device,FusedBatchNormV3,efficientnetb0/block2a_expand_bn/FusedBatchNormV3,4,156.674,39.1685,156.674,39.1685,0.0013643395936811834,0.7803077816505597,0.0,0.0
18,Device,Conv2D,efficientnetb0/block7a_project_conv/Conv2D,4,155.649,38.91225,155.649,38.91225,0.0013554137471238528,0.7816631953976836,0.0,0.0
19,Device,DepthwiseConv2dNativeBackpropFilter,gradient_tape/efficientnetb0/block4c_dwconv/depthwise/DepthwiseConv2dNativeBackpropFilter,2,150.528,75.264,150.528,75.264,0.0013108193469091307,0.7829740147445927,0.0,0.0
20,Device,DepthwiseConv2dNativeBackpropFilter,gradient_tape/efficientnetb0/block4a_dwconv/depthwise/DepthwiseConv2dNativeBackpropFilter,2,147.456,73.728,147.456,73.728,0.0012840679316660872,0.7842580826762588,0.0,0.0
21,Device,Conv2DBackpropInput,gradient_tape/efficientnetb0/block6b_expand_conv/Conv2D/Conv2DBackpropInput,4,134.144,33.536,134.144,33.536,0.0011681451322795655,0.7854262278085384,0.0,0.0
22,Device,Conv2DBackpropInput,gradient_tape/efficientnetb0/block6d_expand_conv/Conv2D/Conv2DBackpropInput,4,134.144,33.536,134.144,33.536,0.0011681451322795655,0.786594372940818,0.0,0.0
23,Device,Conv2DBackpropInput,gradient_tape/efficientnetb0/block7a_expand_conv/Conv2D/Conv2DBackpropInput,4,134.144,33.536,134.144,33.536,0.0011681451322795655,0.7877625180730976,0.0,0.0
24,Device,Conv2DBackpropInput,gradient_tape/efficientnetb0/block6c_expand_conv/Conv2D/Conv2DBackpropInput,4,133.12,33.28,133.12,33.28,0.0011592279938652179,0.7889217460669629,0.0,0.0
25,Device,Conv2D,efficientnetb0/block6b_project_conv/Conv2D,4,132.096,33.024,132.096,33.024,0.00115031085545087,0.7900720569224138,0.0,0.0
26,Device,Conv2D,efficientnetb0/block6c_project_conv/Conv2D,4,130.048,32.512,130.048,32.512,0.0011324765786221744,0.7912045335010359,0.0,0.0
27,Device,Conv2D,efficientnetb0/block6d_project_conv/Conv2D,4,128.0,32.0,128.0,32.0,0.0011146423017934786,0.7923191758028294,0.0,0.0
28,Device,Slice,gradient_tape/efficientnetb0/block2a_dwconv_pad/Slice_1,2,122.882,61.441,122.882,61.441,0.001070074026007705,0.7933892498288371,0.0,0.0
29,Device,SoftmaxCrossEntropyWithLogits,categorical_crossentropy/softmax_cross_entropy_with_logits,2,122.88,61.44,122.88,61.44,0.0010700566097217395,0.7944593064385588,0.0,0.0
30,Device,Pad,efficientnetb0/block2a_dwconv_pad/Pad,2,120.832,60.416,120.832,60.416,0.0010522223328930437,0.7955115287714518,0.0,0.0
31,Device,FusedBatchNormGradV3,gradient_tape/efficientnetb0/block1a_bn/FusedBatchNormGradV3,2,116.736,58.368,116.736,58.368,0.0010165537792356525,0.7965280825506875,0.0,0.0
32,Device,Conv2DBackpropFilter,gradient_tape/efficientnetb0/block1a_project_conv/Conv2D/Conv2DBackpropFilter,2,115.712,57.856,115.712,57.856,0.0010076366408213048,0.7975357191915088,0.0,0.0
33,Device,Sigmoid,efficientnetb0/block2a_expand_activation/Sigmoid,2,113.664,56.832,113.664,56.832,0.000989802363992609,0.7985255215555014,0.0,0.0
34,Device,FusedBatchNormGradV3,gradient_tape/efficientnetb0/stem_bn/FusedBatchNormGradV3,2,113.664,56.832,113.664,56.832,0.000989802363992609,0.799515323919494,0.0,0.0
35,Device,Sigmoid,SGD/gradients/Sigmoid_45,2,111.616,55.808,111.616,55.808,0.0009719680871639134,0.8004872920066579,0.0,0.0
36,Device,Conv2DBackpropInput,gradient_tape/efficientnetb0/block5c_expand_conv/Conv2D/Conv2DBackpropInput,4,110.593,27.64825,110.593,27.64825,0.0009630596568925483,0.8014503516635505,0.0,0.0
37,Device,Sub,SGD/gradients/sub_45,2,110.592,55.296,110.592,55.296,0.0009630509487495655,0.8024134026123001,0.0,0.0
38,Device,Conv2DBackpropInput,gradient_tape/efficientnetb0/block5b_expand_conv/Conv2D/Conv2DBackpropInput,4,109.568,27.392,109.568,27.392,0.0009541338103352177,0.8033675364226354,0.0,0.0
39,Device,Conv2DBackpropInput,gradient_tape/efficientnetb0/block6a_expand_conv/Conv2D/Conv2DBackpropInput,4,107.52,26.88,107.52,26.88,0.000936299533506522,0.8043038359561419,0.0,0.0
40,Device,AddV2,SGD/gradients/add_45,2,106.496,53.248,106.496,53.248,0.0009273823950921742,0.805231218351234,0.0,0.0
41,Device,Conv2DBackpropFilter,gradient_tape/efficientnetb0/block2b_project_conv/Conv2D/Conv2DBackpropFilter,2,104.448,52.224,104.448,52.224,0.0009095481182634785,0.8061407664694975,0.0,0.0
42,Device,Conv2DBackpropInput,gradient_tape/efficientnetb0/block7a_se_expand/Conv2D/Conv2DBackpropInput,4,101.376,25.344,101.376,25.344,0.0008827967030204351,0.8070235631725179,0.0,0.0
43,Device,Conv2DBackpropInput,gradient_tape/efficientnetb0/block6b_se_expand/Conv2D/Conv2DBackpropInput,4,100.352,25.088,100.352,25.088,0.0008738795646060873,0.8078974427371239,0.0,0.0
44,Device,Conv2DBackpropInput,gradient_tape/efficientnetb0/block6c_se_expand/Conv2D/Conv2DBackpropInput,4,99.328,24.832,99.328,24.832,0.0008649624261917394,0.8087624051633157,0.0,0.0
45,Device,Conv2DBackpropFilter,gradient_tape/efficientnetb0/stem_conv/Conv2D/Conv2DBackpropFilter,2,99.328,49.664,99.328,49.664,0.0008649624261917394,0.8096273675895074,0.0,0.0
46,Device,DepthwiseConv2dNativeBackpropInput,gradient_tape/efficientnetb0/block3a_dwconv/depthwise/DepthwiseConv2dNativeBackpropInput,2,98.304,49.152,98.304,49.152,0.0008560452877773916,0.8104834128772848,0.0,0.0
47,Device,Conv2DBackpropInput,gradient_tape/efficientnetb0/block6d_se_expand/Conv2D/Conv2DBackpropInput,4,98.304,24.576,98.304,24.576,0.0008560452877773916,0.8113394581650621,0.0,0.0
48,Device,Conv2DBackpropInput,gradient_tape/efficientnetb0/block2a_expand_conv/Conv2D/Conv2DBackpropInput,2,96.256,48.128,96.256,48.128,0.0008382110109486959,0.8121776691760109,0.0,0.0
49,Device,Conv2D,efficientnetb0/block6c_se_reduce/Conv2D,4,93.185,23.29625,93.185,23.29625,0.0008114683038486352,0.8129891374798595,0.0,0.0
50,Device,Conv2D,efficientnetb0/block7a_se_reduce/Conv2D,4,93.185,23.29625,93.185,23.29625,0.0008114683038486352,0.813800605783708,0.0,0.0
51,Device,Conv2D,efficientnetb0/block2a_expand_conv/Conv2D,2,93.184,46.592,93.184,46.592,0.0008114595957056524,0.8146120653794137,0.0,0.0
52,Device,Conv2D,efficientnetb0/block6b_se_reduce/Conv2D,4,93.184,23.296,93.184,23.296,0.0008114595957056524,0.8154235249751193,0.0,0.0
53,Device,Conv2D,efficientnetb0/block6d_se_reduce/Conv2D,4,93.184,23.296,93.184,23.296,0.0008114595957056524,0.8162349845708249,0.0,0.0
54,Device,DepthwiseConv2dNative,efficientnetb0/block2a_dwconv/depthwise,2,92.161,46.0805,92.161,46.0805,0.0008025511654342873,0.8170375357362591,0.0,0.0
55,Device,Conv2D,efficientnetb0/block6a_project_conv/Conv2D,4,92.16,23.04,92.16,23.04,0.0008025424572913046,0.8178400781935504,0.0,0.0
56,Device,Conv2DBackpropFilter,gradient_tape/efficientnetb0/block5c_expand_conv/Conv2D/Conv2DBackpropFilter,2,92.16,46.08,92.16,46.08,0.0008025424572913046,0.8186426206508417,0.0,0.0
57,Device,Conv2DBackpropFilter,gradient_tape/efficientnetb0/block6a_expand_conv/Conv2D/Conv2DBackpropFilter,2,91.136,45.568,91.136,45.568,0.0007936253188769567,0.8194362459697186,0.0,0.0
58,Device,Conv2DBackpropFilter,gradient_tape/efficientnetb0/block5b_expand_conv/Conv2D/Conv2DBackpropFilter,2,90.112,45.056,90.112,45.056,0.0007847081804626089,0.8202209541501813,0.0,0.0
59,Device,DepthwiseConv2dNativeBackpropInput,gradient_tape/efficientnetb0/block2b_dwconv/depthwise/DepthwiseConv2dNativeBackpropInput,2,86.016,43.008,86.016,43.008,0.0007490396268052177,0.8209699937769864,0.0,0.0
60,Device,Conv2DBackpropInput,gradient_tape/efficientnetb0/block4c_expand_conv/Conv2D/Conv2DBackpropInput,4,86.016,21.504,86.016,21.504,0.0007490396268052177,0.8217190334037916,0.0,0.0
61,Device,Conv2DBackpropInput,gradient_tape/efficientnetb0/block5a_expand_conv/Conv2D/Conv2DBackpropInput,4,86.016,21.504,86.016,21.504,0.0007490396268052177,0.8224680730305968,0.0,0.0
62,Device,FusedBatchNormGradV3,gradient_tape/efficientnetb0/block2b_bn/FusedBatchNormGradV3,2,84.992,42.496,84.992,42.496,0.0007401224883908698,0.8232081955189876,0.0,0.0
63,Device,Conv2DBackpropInput,gradient_tape/efficientnetb0/block4b_expand_conv/Conv2D/Conv2DBackpropInput,4,84.992,21.248,84.992,21.248,0.0007401224883908698,0.8239483180073784,0.0,0.0
64,Device,FusedBatchNormGradV3,gradient_tape/efficientnetb0/block3a_expand_bn/FusedBatchNormGradV3,2,83.968,41.984,83.968,41.984,0.000731205349976522,0.824679523357355,0.0,0.0
65,Device,Conv2D,efficientnetb0/block5c_project_conv/Conv2D,4,82.944,20.736,82.944,20.736,0.0007222882115621741,0.8254018115689171,0.0,0.0
66,Device,FusedBatchNormGradV3,gradient_tape/efficientnetb0/block2b_expand_bn/FusedBatchNormGradV3,2,82.944,41.472,82.944,41.472,0.0007222882115621741,0.8261240997804793,0.0,0.0
67,Device,Conv2D,efficientnetb0/block5b_project_conv/Conv2D,4,81.92,20.48,81.92,20.48,0.0007133710731478263,0.8268374708536271,0.0,0.0
68,Device,Conv2DBackpropFilter,gradient_tape/efficientnetb0/block2a_project_conv/Conv2D/Conv2DBackpropFilter,2,81.92,40.96,81.92,40.96,0.0007133710731478263,0.827550841926775,0.0,0.0
69,Device,DepthwiseConv2dNativeBackpropFilter,gradient_tape/efficientnetb0/block2b_dwconv/depthwise/DepthwiseConv2dNativeBackpropFilter,2,80.896,40.448,80.896,40.448,0.0007044539347334785,0.8282552958615085,0.0,0.0
70,Device,Conv2DBackpropFilter,gradient_tape/efficientnetb0/block3a_expand_conv/Conv2D/Conv2DBackpropFilter,2,77.824,38.912,77.824,38.912,0.000677702519490435,0.8289329983809989,0.0,0.0
71,Device,Conv2DBackpropInput,gradient_tape/efficientnetb0/block7a_project_conv/Conv2D/Conv2DBackpropInput,2,77.824,38.912,77.824,38.912,0.000677702519490435,0.8296107009004893,0.0,0.0
72,Device,Conv2DBackpropFilter,gradient_tape/efficientnetb0/top_conv/Conv2D/Conv2DBackpropFilter,2,76.8,38.4,76.8,38.4,0.0006687853810760871,0.8302794862815653,0.0,0.0
73,Device,Conv2DBackpropFilter,gradient_tape/efficientnetb0/block7a_project_conv/Conv2D/Conv2DBackpropFilter,4,75.776,18.944,75.776,18.944,0.0006598682426617393,0.8309393545242271,0.0,0.0
74,Device,Conv2DBackpropFilter,gradient_tape/efficientnetb0/block2b_expand_conv/Conv2D/Conv2DBackpropFilter,2,74.753,37.3765,74.753,37.3765,0.0006509598123903743,0.8315903143366175,0.0,0.0
75,Device,DepthwiseConv2dNativeBackpropInput,gradient_tape/efficientnetb0/block1a_dwconv/depthwise/DepthwiseConv2dNativeBackpropInput,2,74.752,37.376,74.752,37.376,0.0006509511042473914,0.8322412654408649,0.0,0.0
76,Device,Conv2DBackpropFilter,gradient_tape/efficientnetb0/block5b_project_conv/Conv2D/Conv2DBackpropFilter,4,74.752,18.688,74.752,18.688,0.0006509511042473914,0.8328922165451123,0.0,0.0
77,Device,Conv2DBackpropFilter,gradient_tape/efficientnetb0/block5c_project_conv/Conv2D/Conv2DBackpropFilter,4,72.704,18.176,72.704,18.176,0.0006331168274186958,0.833525333372531,0.0,0.0
78,Device,DepthwiseConv2dNativeBackpropFilter,gradient_tape/efficientnetb0/block1a_dwconv/depthwise/DepthwiseConv2dNativeBackpropFilter,2,71.68,35.84,71.68,35.84,0.0006241996890043481,0.8341495330615354,0.0,0.0
79,Device,Conv2D,efficientnetb0/block5a_project_conv/Conv2D,4,70.656,17.664,70.656,17.664,0.0006152825505900002,0.8347648156121253,0.0,0.0
80,Device,Conv2D,efficientnetb0/top_conv/Conv2D,2,70.656,35.328,70.656,35.328,0.0006152825505900002,0.8353800981627153,0.0,0.0
81,Device,Conv2DBackpropInput,gradient_tape/efficientnetb0/block5c_se_expand/Conv2D/Conv2DBackpropInput,4,69.632,17.408,69.632,17.408,0.0006063654121756524,0.8359864635748909,0.0,0.0
82,Device,Conv2DBackpropInput,gradient_tape/efficientnetb0/block6a_se_expand/Conv2D/Conv2DBackpropInput,4,68.608,17.152,68.608,17.152,0.0005974482737613045,0.8365839118486522,0.0,0.0
83,Device,Conv2D,efficientnetb0/block5c_se_reduce/Conv2D,4,67.584,16.896,67.584,16.896,0.0005885311353469567,0.8371724429839992,0.0,0.0
84,Device,Conv2D,efficientnetb0/block4b_project_conv/Conv2D,4,66.561,16.64025,66.561,16.64025,0.0005796227050755917,0.8377520656890748,0.0,0.0
85,Device,Conv2DBackpropFilter,gradient_tape/efficientnetb0/block7a_expand_conv/Conv2D/Conv2DBackpropFilter,4,66.561,16.64025,66.561,16.64025,0.0005796227050755917,0.8383316883941504,0.0,0.0
86,Device,Conv2D,efficientnetb0/block5b_se_reduce/Conv2D,4,66.56,16.64,66.56,16.64,0.0005796139969326089,0.838911302391083,0.0,0.0
87,Device,Conv2D,efficientnetb0/block4c_project_conv/Conv2D,4,65.536,16.384,65.536,16.384,0.000570696858518261,0.8394819992496013,0.0,0.0
88,Device,DepthwiseConv2dNativeBackpropInput,gradient_tape/efficientnetb0/block3b_dwconv/depthwise/DepthwiseConv2dNativeBackpropInput,2,65.536,32.768,65.536,32.768,0.000570696858518261,0.8400526961081196,0.0,0.0
89,Device,Conv2DBackpropInput,gradient_tape/efficientnetb0/block5b_se_expand/Conv2D/Conv2DBackpropInput,4,65.536,16.384,65.536,16.384,0.000570696858518261,0.8406233929666379,0.0,0.0
90,Device,Conv2D,efficientnetb0/block6a_se_reduce/Conv2D,4,64.513,16.12825,64.513,16.12825,0.000561788428246896,0.8411851813948849,0.0,0.0
91,Device,Conv2DBackpropFilter,gradient_tape/efficientnetb0/block6b_expand_conv/Conv2D/Conv2DBackpropFilter,4,64.513,16.12825,64.513,16.12825,0.000561788428246896,0.8417469698231318,0.0,0.0
92,Device,Conv2DBackpropFilter,gradient_tape/efficientnetb0/block6d_expand_conv/Conv2D/Conv2DBackpropFilter,4,64.513,16.12825,64.513,16.12825,0.000561788428246896,0.8423087582513787,0.0,0.0
93,Device,Mul,gradient_tape/efficientnetb0/block2b_se_excite/mul/Mul_1,2,64.512,32.256,64.512,32.256,0.0005617797201039132,0.8428705379714827,0.0,0.0
94,Device,Conv2DBackpropFilter,gradient_tape/efficientnetb0/block6c_expand_conv/Conv2D/Conv2DBackpropFilter,4,62.464,15.616,62.464,15.616,0.0005439454432752175,0.8434144834147579,0.0,0.0
95,Device,DepthwiseConv2dNativeBackpropInput,gradient_tape/efficientnetb0/block6a_dwconv/depthwise/DepthwiseConv2dNativeBackpropInput,2,61.441,30.7205,61.441,30.7205,0.0005350370130038525,0.8439495204277617,0.0,0.0
96,Device,FusedBatchNormGradV3,gradient_tape/efficientnetb0/block1a_project_bn/FusedBatchNormGradV3,2,61.44,30.72,61.44,30.72,0.0005350283048608697,0.8444845487326226,0.0,0.0
97,Device,DepthwiseConv2dNative,efficientnetb0/block3a_dwconv/depthwise,2,59.392,29.696,59.392,29.696,0.0005171940280321741,0.8450017427606548,0.0,0.0
98,Device,Conv2DBackpropInput,gradient_tape/efficientnetb0/block1a_project_conv/Conv2D/Conv2DBackpropInput,2,58.368,29.184,58.368,29.184,0.0005082768896178262,0.8455100196502726,0.0,0.0
99,Device,Conv2DBackpropFilter,gradient_tape/efficientnetb0/block3a_project_conv/Conv2D/Conv2DBackpropFilter,2,58.368,29.184,58.368,29.184,0.0005082768896178262,0.8460182965398905,0.0,0.0
100,Device,Conv2DBackpropFilter,gradient_tape/efficientnetb0/block3b_project_conv/Conv2D/Conv2DBackpropFilter,2,57.345,28.6725,57.345,28.6725,0.0004993684593464612,0.846517664999237,0.0,0.0
101,Device,Conv2DBackpropInput,gradient_tape/efficientnetb0/block6c_project_conv/Conv2D/Conv2DBackpropInput,2,57.345,28.6725,57.345,28.6725,0.0004993684593464612,0.8470170334585835,0.0,0.0
102,Device,Mul,SGD/gradients/mul_125,2,57.344,28.672,57.344,28.672,0.0004993597512034784,0.847516393209787,0.0,0.0
103,Device,Conv2DBackpropInput,gradient_tape/efficientnetb0/block4a_expand_conv/Conv2D/Conv2DBackpropInput,4,57.344,14.336,57.344,14.336,0.0004993597512034784,0.8480157529609905,0.0,0.0
104,Device,Conv2DBackpropInput,gradient_tape/efficientnetb0/block4b_se_expand/Conv2D/Conv2DBackpropInput,4,57.344,14.336,57.344,14.336,0.0004993597512034784,0.848515112712194,0.0,0.0
105,Device,Conv2DBackpropInput,gradient_tape/efficientnetb0/block4c_se_expand/Conv2D/Conv2DBackpropInput,4,57.344,14.336,57.344,14.336,0.0004993597512034784,0.8490144724633976,0.0,0.0
106,Device,Conv2DBackpropInput,gradient_tape/efficientnetb0/block6b_project_conv/Conv2D/Conv2DBackpropInput,2,57.344,28.672,57.344,28.672,0.0004993597512034784,0.8495138322146011,0.0,0.0
107,Device,Conv2DBackpropInput,gradient_tape/efficientnetb0/block6d_project_conv/Conv2D/Conv2DBackpropInput,2,57.344,28.672,57.344,28.672,0.0004993597512034784,0.8500131919658046,0.0,0.0
108,Device,Conv2DBackpropInput,gradient_tape/efficientnetb0/block5a_se_expand/Conv2D/Conv2DBackpropInput,4,56.321,14.08025,56.321,14.08025,0.0004904513209321133,0.8505036432867367,0.0,0.0
109,Device,Mul,SGD/gradients/mul_126,2,56.32,28.16,56.32,28.16,0.0004904426127891306,0.8509940858995257,0.0,0.0
110,Device,FusedBatchNormV3,efficientnetb0/block1a_bn/FusedBatchNormV3,4,56.32,14.08,56.32,14.08,0.0004904426127891306,0.8514845285123148,0.0,0.0
111,Device,FusedBatchNormV3,efficientnetb0/stem_bn/FusedBatchNormV3,4,56.32,14.08,56.32,14.08,0.0004904426127891306,0.8519749711251039,0.0,0.0
112,Device,Mul,gradient_tape/efficientnetb0/block1a_se_excite/mul/Mul_1,2,56.32,28.16,56.32,28.16,0.0004904426127891306,0.852465413737893,0.0,0.0
113,Device,Mul,SGD/gradients/mul_123,2,55.296,27.648,55.296,27.648,0.00048152547437478274,0.8529469392122677,0.0,0.0
114,Device,Conv2DBackpropFilter,gradient_tape/efficientnetb0/block4b_project_conv/Conv2D/Conv2DBackpropFilter,4,55.296,13.824,55.296,13.824,0.00048152547437478274,0.8534284646866425,0.0,0.0
115,Device,Conv2DBackpropInput,gradient_tape/efficientnetb0/block5c_project_conv/Conv2D/Conv2DBackpropInput,2,55.296,27.648,55.296,27.648,0.00048152547437478274,0.8539099901610172,0.0,0.0
116,Device,Conv2DBackpropInput,gradient_tape/efficientnetb0/block3b_expand_conv/Conv2D/Conv2DBackpropInput,4,54.273,13.56825,54.273,13.56825,0.00047261704410341774,0.8543826072051206,0.0,0.0
117,Device,Mul,SGD/gradients/mul_117,2,54.272,27.136,54.272,27.136,0.00047260833596043494,0.854855215541081,0.0,0.0
118,Device,DepthwiseConv2dNativeBackpropFilter,gradient_tape/efficientnetb0/block3b_dwconv/depthwise/DepthwiseConv2dNativeBackpropFilter,2,54.272,27.136,54.272,27.136,0.00047260833596043494,0.8553278238770414,0.0,0.0
119,Device,Conv2DBackpropFilter,gradient_tape/efficientnetb0/block4c_project_conv/Conv2D/Conv2DBackpropFilter,4,54.272,13.568,54.272,13.568,0.00047260833596043494,0.8558004322130018,0.0,0.0
120,Device,Conv2DBackpropFilter,gradient_tape/efficientnetb0/block5a_project_conv/Conv2D/Conv2DBackpropFilter,4,54.272,13.568,54.272,13.568,0.00047260833596043494,0.8562730405489622,0.0,0.0
121,Device,Conv2DBackpropInput,gradient_tape/efficientnetb0/block5b_project_conv/Conv2D/Conv2DBackpropInput,2,54.272,27.136,54.272,27.136,0.00047260833596043494,0.8567456488849227,0.0,0.0
122,Device,DepthwiseConv2dNativeBackpropFilter,gradient_tape/efficientnetb0/block6a_dwconv/depthwise/DepthwiseConv2dNativeBackpropFilter,2,54.272,27.136,54.272,27.136,0.00047260833596043494,0.8572182572208831,0.0,0.0
123,Device,Pad,efficientnetb0/block3a_dwconv_pad/Pad,2,53.248,26.624,53.248,26.624,0.0004636911975460871,0.8576819484184292,0.0,0.0
124,Device,Conv2D,efficientnetb0/block4a_project_conv/Conv2D,4,53.248,13.312,53.248,13.312,0.0004636911975460871,0.8581456396159752,0.0,0.0
125,Device,Conv2D,efficientnetb0/block4b_se_reduce/Conv2D,4,53.248,13.312,53.248,13.312,0.0004636911975460871,0.8586093308135213,0.0,0.0
126,Device,Conv2D,efficientnetb0/block5a_se_reduce/Conv2D,4,53.248,13.312,53.248,13.312,0.0004636911975460871,0.8590730220110674,0.0,0.0
127,Device,Conv2DBackpropInput,gradient_tape/efficientnetb0/block1a_se_expand/Conv2D/Conv2DBackpropInput,4,53.248,13.312,53.248,13.312,0.0004636911975460871,0.8595367132086135,0.0,0.0
128,Device,Mul,SGD/gradients/mul_119,2,52.224,26.112,52.224,26.112,0.00045477405913173924,0.8599914872677452,0.0,0.0
129,Device,Mul,SGD/gradients/mul_124,2,52.224,26.112,52.224,26.112,0.00045477405913173924,0.860446261326877,0.0,0.0
130,Device,Mul,SGD/gradients/mul_128,2,52.224,26.112,52.224,26.112,0.00045477405913173924,0.8609010353860087,0.0,0.0
131,Device,Mul,efficientnetb0/block2b_expand_activation/mul,2,52.224,26.112,52.224,26.112,0.00045477405913173924,0.8613558094451405,0.0,0.0
132,Device,Conv2D,efficientnetb0/block4c_se_reduce/Conv2D,4,52.224,13.056,52.224,13.056,0.00045477405913173924,0.8618105835042722,0.0,0.0
133,Device,Mul,efficientnetb0/block3a_expand_activation/mul,2,51.201,25.6005,51.201,25.6005,0.0004458656288603742,0.8622564491331326,0.0,0.0
134,Device,Mul,SGD/gradients/mul_118,2,51.2,25.6,51.2,25.6,0.00044585692071739144,0.86270230605385,0.0,0.0
135,Device,Mul,SGD/gradients/mul_127,2,51.2,25.6,51.2,25.6,0.00044585692071739144,0.8631481629745674,0.0,0.0
136,Device,Mul,efficientnetb0/block2b_activation/mul,2,51.2,25.6,51.2,25.6,0.00044585692071739144,0.8635940198952848,0.0,0.0
137,Device,Conv2D,efficientnetb0/stem_conv/Conv2D,2,51.2,25.6,51.2,25.6,0.00044585692071739144,0.8640398768160023,0.0,0.0
138,Device,Conv2DBackpropInput,gradient_tape/efficientnetb0/block3b_se_expand/Conv2D/Conv2DBackpropInput,4,51.2,12.8,51.2,12.8,0.00044585692071739144,0.8644857337367197,0.0,0.0
139,Device,Conv2DBackpropFilter,gradient_tape/efficientnetb0/block4a_project_conv/Conv2D/Conv2DBackpropFilter,4,51.2,12.8,51.2,12.8,0.00044585692071739144,0.8649315906574371,0.0,0.0
140,Device,Conv2DBackpropInput,gradient_tape/efficientnetb0/block4a_se_expand/Conv2D/Conv2DBackpropInput,4,51.2,12.8,51.2,12.8,0.00044585692071739144,0.8653774475781545,0.0,0.0
141,Device,Conv2DBackpropInput,gradient_tape/efficientnetb0/block6a_project_conv/Conv2D/Conv2DBackpropInput,2,50.177,25.0885,50.177,25.0885,0.0004369484904460264,0.8658143960686006,0.0,0.0
142,Device,Conv2DBackpropFilter,gradient_tape/efficientnetb0/block4c_expand_conv/Conv2D/Conv2DBackpropFilter,2,49.153,24.5765,49.153,24.5765,0.00042803135203167854,0.8662424274206323,0.0,0.0
143,Device,DepthwiseConv2dNative,efficientnetb0/block2b_dwconv/depthwise,2,49.152,24.576,49.152,24.576,0.0004280226438886958,0.866670450064521,0.0,0.0
144,Device,Conv2DBackpropFilter,gradient_tape/efficientnetb0/block4b_expand_conv/Conv2D/Conv2DBackpropFilter,2,49.152,24.576,49.152,24.576,0.0004280226438886958,0.8670984727084098,0.0,0.0
145,Device,Conv2DBackpropFilter,gradient_tape/efficientnetb0/block5a_expand_conv/Conv2D/Conv2DBackpropFilter,2,49.152,24.576,49.152,24.576,0.0004280226438886958,0.8675264953522985,0.0,0.0
146,Device,AddN,SGD/gradients/AddN_21,2,48.128,24.064,48.128,24.064,0.00041910550547434795,0.8679456008577728,0.0,0.0
147,Device,Mul,SGD/gradients/mul_143,2,48.128,24.064,48.128,24.064,0.00041910550547434795,0.8683647063632471,0.0,0.0
148,Device,Conv2D,efficientnetb0/block6c_expand_conv/Conv2D,2,48.128,24.064,48.128,24.064,0.00041910550547434795,0.8687838118687214,0.0,0.0
149,Device,FusedBatchNormGradV3,gradient_tape/efficientnetb0/block2a_bn/FusedBatchNormGradV3,2,48.128,24.064,48.128,24.064,0.00041910550547434795,0.8692029173741957,0.0,0.0
150,Device,Conv2D,efficientnetb0/block7a_expand_conv/Conv2D,2,47.105,23.5525,47.105,23.5525,0.00041019707520298284,0.8696131144493987,0.0,0.0
151,Device,Conv2D,efficientnetb0/block6b_expand_conv/Conv2D,2,47.104,23.552,47.104,23.552,0.0004101883670600001,0.8700233028164587,0.0,0.0
152,Device,Conv2D,efficientnetb0/block6d_expand_conv/Conv2D,2,47.104,23.552,47.104,23.552,0.0004101883670600001,0.8704334911835186,0.0,0.0
153,Device,Conv2DBackpropInput,gradient_tape/efficientnetb0/block2b_expand_conv/Conv2D/Conv2DBackpropInput,2,47.104,23.552,47.104,23.552,0.0004101883670600001,0.8708436795505786,0.0,0.0
154,Device,Slice,gradient_tape/efficientnetb0/block3a_dwconv_pad/Slice_1,2,47.104,23.552,47.104,23.552,0.0004101883670600001,0.8712538679176386,0.0,0.0
155,Device,Conv2DBackpropInput,gradient_tape/efficientnetb0/block3a_expand_conv/Conv2D/Conv2DBackpropInput,2,47.104,23.552,47.104,23.552,0.0004101883670600001,0.8716640562846986,0.0,0.0
156,Device,Conv2DBackpropFilter,gradient_tape/efficientnetb0/block3b_expand_conv/Conv2D/Conv2DBackpropFilter,2,47.104,23.552,47.104,23.552,0.0004101883670600001,0.8720742446517585,0.0,0.0
157,Device,DepthwiseConv2dNativeBackpropInput,gradient_tape/efficientnetb0/block5b_dwconv/depthwise/DepthwiseConv2dNativeBackpropInput,2,47.104,23.552,47.104,23.552,0.0004101883670600001,0.8724844330188185,0.0,0.0
158,Device,DepthwiseConv2dNativeBackpropInput,gradient_tape/efficientnetb0/block5c_dwconv/depthwise/DepthwiseConv2dNativeBackpropInput,2,47.104,23.552,47.104,23.552,0.0004101883670600001,0.8728946213858785,0.0,0.0
159,Device,Conv2D,efficientnetb0/block2b_expand_conv/Conv2D,2,46.08,23.04,46.08,23.04,0.0004012712286456523,0.8732958926145241,0.0,0.0
160,Device,Conv2DBackpropInput,gradient_tape/efficientnetb0/block2b_project_conv/Conv2D/Conv2DBackpropInput,2,46.08,23.04,46.08,23.04,0.0004012712286456523,0.8736971638431698,0.0,0.0
161,Device,Conv2DBackpropInput,gradient_tape/efficientnetb0/block2b_se_expand/Conv2D/Conv2DBackpropInput,4,46.08,11.52,46.08,11.52,0.0004012712286456523,0.8740984350718154,0.0,0.0
162,Device,Conv2DBackpropFilter,gradient_tape/efficientnetb0/block4a_expand_conv/Conv2D/Conv2DBackpropFilter,2,46.08,23.04,46.08,23.04,0.0004012712286456523,0.874499706300461,0.0,0.0
163,Device,Sigmoid,SGD/gradients/Sigmoid_41,2,45.057,22.5285,45.057,22.5285,0.00039236279837428725,0.8748920690988353,0.0,0.0
164,Device,Sigmoid,SGD/gradients/Sigmoid_42,2,45.057,22.5285,45.057,22.5285,0.00039236279837428725,0.8752844318972096,0.0,0.0
165,Device,Sigmoid,SGD/gradients/Sigmoid_39,2,45.056,22.528,45.056,22.528,0.00039235409023130445,0.8756767859874409,0.0,0.0
166,Device,Conv2D,efficientnetb0/block3a_expand_conv/Conv2D,2,45.056,22.528,45.056,22.528,0.00039235409023130445,0.8760691400776722,0.0,0.0
167,Device,Conv2DBackpropInput,gradient_tape/efficientnetb0/block5a_project_conv/Conv2D/Conv2DBackpropInput,2,45.056,22.528,45.056,22.528,0.00039235409023130445,0.8764614941679035,0.0,0.0
168,Device,Mul,SGD/gradients/mul_146,2,44.033,22.0165,44.033,22.0165,0.0003834456599599394,0.8768449398278635,0.0,0.0
169,Device,Conv2D,efficientnetb0/block1a_project_conv/Conv2D,2,44.033,22.0165,44.033,22.0165,0.0003834456599599394,0.8772283854878234,0.0,0.0
170,Device,Conv2D,efficientnetb0/block3b_se_reduce/Conv2D,2,44.032,22.016,44.032,22.016,0.0003834369518169566,0.8776118224396404,0.0,0.0
171,Device,DepthwiseConv2dNative,efficientnetb0/block1a_dwconv/depthwise,2,43.009,21.5045,43.009,21.5045,0.00037452852154559155,0.877986350961186,0.0,0.0
172,Device,Mul,SGD/gradients/mul_144,2,43.008,21.504,43.008,21.504,0.00037451981340260886,0.8783608707745887,0.0,0.0
173,Device,Conv2DBackpropInput,gradient_tape/efficientnetb0/block3a_se_expand/Conv2D/Conv2DBackpropInput,4,43.008,10.752,43.008,10.752,0.00037451981340260886,0.8787353905879913,0.0,0.0
174,Device,Conv2DBackpropInput,gradient_tape/efficientnetb0/block4b_project_conv/Conv2D/Conv2DBackpropInput,2,43.008,21.504,43.008,21.504,0.00037451981340260886,0.879109910401394,0.0,0.0
175,Device,Conv2DBackpropInput,gradient_tape/efficientnetb0/block4c_project_conv/Conv2D/Conv2DBackpropInput,2,43.008,21.504,43.008,21.504,0.00037451981340260886,0.8794844302147966,0.0,0.0
176,Device,Conv2D,efficientnetb0/block5c_expand_conv/Conv2D,2,41.985,20.9925,41.985,20.9925,0.00036561138313124375,0.8798500415979279,0.0,0.0
177,Device,Conv2D,efficientnetb0/block4a_se_reduce/Conv2D,2,41.984,20.992,41.984,20.992,0.000365602674988261,0.8802156442729162,0.0,0.0
178,Device,Conv2D,efficientnetb0/block5b_expand_conv/Conv2D,2,41.984,20.992,41.984,20.992,0.000365602674988261,0.8805812469479045,0.0,0.0
179,Device,Conv2D,efficientnetb0/block6a_expand_conv/Conv2D,2,41.984,20.992,41.984,20.992,0.000365602674988261,0.8809468496228928,0.0,0.0
180,Device,Conv2DBackpropInput,gradient_tape/efficientnetb0/block3b_project_conv/Conv2D/Conv2DBackpropInput,2,41.984,20.992,41.984,20.992,0.000365602674988261,0.8813124522978811,0.0,0.0
181,Device,Mul,SGD/gradients/mul_141,2,40.961,20.4805,40.961,20.4805,0.0003566942447168959,0.881669146542598,0.0,0.0
182,Device,Mul,efficientnetb0/stem_activation/mul,2,40.961,20.4805,40.961,20.4805,0.0003566942447168959,0.8820258407873148,0.0,0.0
183,Device,Mul,efficientnetb0/block2b_se_excite/mul,2,40.96,20.48,40.96,20.48,0.00035668553657391315,0.8823825263238887,0.0,0.0
184,Device,DepthwiseConv2dNative,efficientnetb0/block5b_dwconv/depthwise,2,40.96,20.48,40.96,20.48,0.00035668553657391315,0.8827392118604626,0.0,0.0
185,Device,DepthwiseConv2dNative,efficientnetb0/block5c_dwconv/depthwise,2,40.96,20.48,40.96,20.48,0.00035668553657391315,0.8830958973970364,0.0,0.0
186,Device,Conv2DBackpropInput,gradient_tape/efficientnetb0/block2a_project_conv/Conv2D/Conv2DBackpropInput,2,40.96,20.48,40.96,20.48,0.00035668553657391315,0.8834525829336103,0.0,0.0
187,Device,Conv2DBackpropInput,gradient_tape/efficientnetb0/block6b_se_reduce/Conv2D/Conv2DBackpropInput,4,40.96,10.24,40.96,10.24,0.00035668553657391315,0.8838092684701842,0.0,0.0
188,Device,Conv2DBackpropInput,gradient_tape/efficientnetb0/block6d_se_reduce/Conv2D/Conv2DBackpropInput,4,40.96,10.24,40.96,10.24,0.00035668553657391315,0.884165954006758,0.0,0.0
189,Device,Mul,gradient_tape/efficientnetb0/block2a_se_excite/mul/Mul_1,2,39.937,19.9685,39.937,19.9685,0.00034777710630254805,0.8845137311130605,0.0,0.0
190,Device,Conv2DBackpropFilter,gradient_tape/efficientnetb0/block6b_project_conv/Conv2D/Conv2DBackpropFilter,2,39.937,19.9685,39.937,19.9685,0.00034777710630254805,0.884861508219363,0.0,0.0
191,Device,Conv2DBackpropInput,gradient_tape/efficientnetb0/block6c_se_reduce/Conv2D/Conv2DBackpropInput,4,39.937,9.98425,39.937,9.98425,0.00034777710630254805,0.8852092853256656,0.0,0.0
192,Device,AddN,SGD/gradients/AddN_24,2,39.936,19.968,39.936,19.968,0.0003477683981595653,0.8855570537238251,0.0,0.0
193,Device,Mul,SGD/gradients/mul_142,2,39.936,19.968,39.936,19.968,0.0003477683981595653,0.8859048221219846,0.0,0.0
194,Device,Conv2D,efficientnetb0/block2b_project_conv/Conv2D,2,39.936,19.968,39.936,19.968,0.0003477683981595653,0.8862525905201442,0.0,0.0
195,Device,Conv2DBackpropInput,gradient_tape/efficientnetb0/block3a_project_conv/Conv2D/Conv2DBackpropInput,2,39.936,19.968,39.936,19.968,0.0003477683981595653,0.8866003589183037,0.0,0.0
196,Device,Conv2DBackpropFilter,gradient_tape/efficientnetb0/block6d_project_conv/Conv2D/Conv2DBackpropFilter,2,39.936,19.968,39.936,19.968,0.0003477683981595653,0.8869481273164632,0.0,0.0
197,Device,Mul,SGD/gradients/mul_145,2,38.913,19.4565,38.913,19.4565,0.00033885996788820025,0.8872869872843514,0.0,0.0
198,Device,Conv2DBackpropInput,gradient_tape/efficientnetb0/block7a_se_reduce/Conv2D/Conv2DBackpropInput,4,38.913,9.72825,38.913,9.72825,0.00033885996788820025,0.8876258472522396,0.0,0.0
199,Device,Sigmoid,SGD/gradients/Sigmoid_47,2,38.912,19.456,38.912,19.456,0.0003388512597452175,0.8879646985119848,0.0,0.0
200,Device,Mul,efficientnetb0/block1a_activation/mul,2,38.912,19.456,38.912,19.456,0.0003388512597452175,0.88830354977173,0.0,0.0
201,Device,FusedBatchNormV3,efficientnetb0/block2b_bn/FusedBatchNormV3,4,38.912,9.728,38.912,9.728,0.0003388512597452175,0.8886424010314752,0.0,0.0
202,Device,Conv2D,efficientnetb0/block3b_project_conv/Conv2D,2,38.912,19.456,38.912,19.456,0.0003388512597452175,0.8889812522912204,0.0,0.0
203,Device,FusedBatchNormV3,efficientnetb0/top_bn/FusedBatchNormV3,4,38.912,9.728,38.912,9.728,0.0003388512597452175,0.8893201035509656,0.0,0.0
204,Device,Mul,gradient_tape/efficientnetb0/block2b_se_excite/mul/Mul,2,38.912,19.456,38.912,19.456,0.0003388512597452175,0.8896589548107108,0.0,0.0
205,Device,DepthwiseConv2dNativeBackpropInput,gradient_tape/efficientnetb0/block4a_dwconv/depthwise/DepthwiseConv2dNativeBackpropInput,2,38.912,19.456,38.912,19.456,0.0003388512597452175,0.889997806070456,0.0,0.0
206,Device,Conv2DBackpropFilter,gradient_tape/efficientnetb0/block6c_project_conv/Conv2D/Conv2DBackpropFilter,2,38.912,19.456,38.912,19.456,0.0003388512597452175,0.8903366573302012,0.0,0.0
207,Device,Conv2DBackpropInput,gradient_tape/efficientnetb0/block2a_se_expand/Conv2D/Conv2DBackpropInput,4,37.888,9.472,37.888,9.472,0.00032993412133086966,0.890666591451532,0.0,0.0
208,Device,FusedBatchNormV3,efficientnetb0/block1a_project_bn/FusedBatchNormV3,4,36.864,9.216,36.864,9.216,0.0003210169829165218,0.8909876084344486,0.0,0.0
209,Device,Mul,efficientnetb0/block1a_se_excite/mul,2,36.864,18.432,36.864,18.432,0.0003210169829165218,0.8913086254173651,0.0,0.0
210,Device,DepthwiseConv2dNativeBackpropInput,gradient_tape/efficientnetb0/block5a_dwconv/depthwise/DepthwiseConv2dNativeBackpropInput,2,36.864,18.432,36.864,18.432,0.0003210169829165218,0.8916296424002816,0.0,0.0
211,Device,Sub,SGD/gradients/sub_41,2,35.84,17.92,35.84,17.92,0.00031209984450217406,0.8919417422447838,0.0,0.0
212,Device,Pad,efficientnetb0/block6a_dwconv_pad/Pad,2,35.84,17.92,35.84,17.92,0.00031209984450217406,0.892253842089286,0.0,0.0
213,Device,FusedBatchNormV3,efficientnetb0/block6d_bn/FusedBatchNormV3,4,35.84,8.96,35.84,8.96,0.00031209984450217406,0.8925659419337882,0.0,0.0
214,Device,Conv2DBackpropFilter,gradient_tape/efficientnetb0/block6a_project_conv/Conv2D/Conv2DBackpropFilter,2,35.84,17.92,35.84,17.92,0.00031209984450217406,0.8928780417782904,0.0,0.0
215,Device,Sub,SGD/gradients/sub_39,2,34.816,17.408,34.816,17.408,0.0003031827060878262,0.8931812244843783,0.0,0.0
216,Device,Sub,SGD/gradients/sub_42,2,34.816,17.408,34.816,17.408,0.0003031827060878262,0.8934844071904662,0.0,0.0
217,Device,FusedBatchNormV3,efficientnetb0/block6b_bn/FusedBatchNormV3,4,34.816,8.704,34.816,8.704,0.0003031827060878262,0.893787589896554,0.0,0.0
218,Device,FusedBatchNormV3,efficientnetb0/block6b_expand_bn/FusedBatchNormV3,4,34.816,8.704,34.816,8.704,0.0003031827060878262,0.8940907726026419,0.0,0.0
219,Device,FusedBatchNormV3,efficientnetb0/block6c_bn/FusedBatchNormV3,4,34.816,8.704,34.816,8.704,0.0003031827060878262,0.8943939553087298,0.0,0.0
220,Device,FusedBatchNormV3,efficientnetb0/block6c_expand_bn/FusedBatchNormV3,4,34.816,8.704,34.816,8.704,0.0003031827060878262,0.8946971380148177,0.0,0.0
221,Device,FusedBatchNormV3,efficientnetb0/block6d_expand_bn/FusedBatchNormV3,4,34.816,8.704,34.816,8.704,0.0003031827060878262,0.8950003207209055,0.0,0.0
222,Device,FusedBatchNormV3,efficientnetb0/block7a_bn/FusedBatchNormV3,4,34.816,8.704,34.816,8.704,0.0003031827060878262,0.8953035034269934,0.0,0.0
223,Device,FusedBatchNormV3,efficientnetb0/block7a_expand_bn/FusedBatchNormV3,4,34.816,8.704,34.816,8.704,0.0003031827060878262,0.8956066861330813,0.0,0.0
224,Device,Sigmoid,efficientnetb0/stem_activation/Sigmoid,2,34.816,17.408,34.816,17.408,0.0003031827060878262,0.8959098688391691,0.0,0.0
225,Device,Mul,gradient_tape/efficientnetb0/block1a_se_excite/mul/Mul,2,33.793,16.8965,33.793,16.8965,0.0002942742758164611,0.8962041431149855,0.0,0.0
226,Device,Sigmoid,efficientnetb0/block2b_activation/Sigmoid,2,33.792,16.896,33.792,16.896,0.00029426556767347836,0.896498408682659,0.0,0.0
227,Device,FusedBatchNormV3,efficientnetb0/block2b_expand_bn/FusedBatchNormV3,4,33.792,8.448,33.792,8.448,0.00029426556767347836,0.8967926742503324,0.0,0.0
228,Device,FusedBatchNormV3,efficientnetb0/block3a_expand_bn/FusedBatchNormV3,4,33.792,8.448,33.792,8.448,0.00029426556767347836,0.8970869398180058,0.0,0.0
229,Device,Conv2DBackpropInput,gradient_tape/efficientnetb0/block4a_project_conv/Conv2D/Conv2DBackpropInput,2,33.792,16.896,33.792,16.896,0.00029426556767347836,0.8973812053856792,0.0,0.0
230,Device,FusedBatchNormGradV3,gradient_tape/efficientnetb0/top_bn/FusedBatchNormGradV3,2,33.792,16.896,33.792,16.896,0.00029426556767347836,0.8976754709533526,0.0,0.0
231,Device,Sigmoid,efficientnetb0/block1a_activation/Sigmoid,2,32.768,16.384,32.768,16.384,0.0002853484292591305,0.8979608193826117,0.0,0.0
232,Device,Sigmoid,efficientnetb0/block2b_expand_activation/Sigmoid,2,32.768,16.384,32.768,16.384,0.0002853484292591305,0.8982461678118708,0.0,0.0
233,Device,Sigmoid,efficientnetb0/block3a_expand_activation/Sigmoid,2,32.768,16.384,32.768,16.384,0.0002853484292591305,0.8985315162411299,0.0,0.0
234,Device,Conv2D,efficientnetb0/block3b_expand_conv/Conv2D,2,32.768,16.384,32.768,16.384,0.0002853484292591305,0.898816864670389,0.0,0.0
235,Device,FusedBatchNormGradV3,gradient_tape/efficientnetb0/block6c_bn/FusedBatchNormGradV3,2,32.768,16.384,32.768,16.384,0.0002853484292591305,0.8991022130996481,0.0,0.0
236,Device,Conv2D,efficientnetb0/block4a_expand_conv/Conv2D,2,31.745,15.8725,31.745,15.8725,0.00027643999898776546,0.8993786530986358,0.0,0.0
237,Device,FusedBatchNormGradV3,gradient_tape/efficientnetb0/block6d_expand_bn/FusedBatchNormGradV3,2,31.745,15.8725,31.745,15.8725,0.00027643999898776546,0.8996550930976236,0.0,0.0
238,Device,FusedBatchNormGradV3,gradient_tape/efficientnetb0/block6b_bn/FusedBatchNormGradV3,2,31.744,15.872,31.744,15.872,0.0002764312908447827,0.8999315243884684,0.0,0.0
239,Device,FusedBatchNormGradV3,gradient_tape/efficientnetb0/block6b_expand_bn/FusedBatchNormGradV3,2,31.744,15.872,31.744,15.872,0.0002764312908447827,0.9002079556793131,0.0,0.0
240,Device,FusedBatchNormGradV3,gradient_tape/efficientnetb0/block6c_expand_bn/FusedBatchNormGradV3,2,31.744,15.872,31.744,15.872,0.0002764312908447827,0.9004843869701579,0.0,0.0
241,Device,FusedBatchNormGradV3,gradient_tape/efficientnetb0/block6d_bn/FusedBatchNormGradV3,2,31.744,15.872,31.744,15.872,0.0002764312908447827,0.9007608182610026,0.0,0.0
242,Device,FusedBatchNormGradV3,gradient_tape/efficientnetb0/block7a_bn/FusedBatchNormGradV3,2,31.744,15.872,31.744,15.872,0.0002764312908447827,0.9010372495518474,0.0,0.0
243,Device,FusedBatchNormGradV3,gradient_tape/efficientnetb0/block7a_expand_bn/FusedBatchNormGradV3,2,31.744,15.872,31.744,15.872,0.0002764312908447827,0.9013136808426921,0.0,0.0
244,Device,Conv2D,efficientnetb0/block2a_project_conv/Conv2D,2,30.72,15.36,30.72,15.36,0.00026751415243043487,0.9015811949951226,0.0,0.0
245,Device,Conv2DBackpropInput,gradient_tape/efficientnetb0/block6a_se_reduce/Conv2D/Conv2DBackpropInput,2,30.72,15.36,30.72,15.36,0.00026751415243043487,0.901848709147553,0.0,0.0
246,Device,FusedBatchNormV3,efficientnetb0/block2a_bn/FusedBatchNormV3,4,29.697,7.42425,29.697,7.42425,0.0002586057221590698,0.9021073148697121,0.0,0.0
247,Device,Conv2D,efficientnetb0/block2b_se_reduce/Conv2D,2,29.696,14.848,29.696,14.848,0.00025859701401608707,0.9023659118837282,0.0,0.0
248,Device,Conv2D,efficientnetb0/block3a_project_conv/Conv2D,2,29.696,14.848,29.696,14.848,0.00025859701401608707,0.9026245088977443,0.0,0.0
249,Device,Conv2D,efficientnetb0/block3a_se_reduce/Conv2D,2,29.696,14.848,29.696,14.848,0.00025859701401608707,0.9028831059117604,0.0,0.0
250,Device,Conv2DBackpropInput,gradient_tape/efficientnetb0/block5b_se_reduce/Conv2D/Conv2DBackpropInput,2,29.696,14.848,29.696,14.848,0.00025859701401608707,0.9031417029257764,0.0,0.0
251,Device,Conv2D,efficientnetb0/block5a_expand_conv/Conv2D,2,28.673,14.3365,28.673,14.3365,0.00024968858374472197,0.9033913915095212,0.0,0.0
252,Device,Sigmoid,SGD/gradients/Sigmoid_44,2,28.672,14.336,28.672,14.336,0.0002496798756017392,0.903641071385123,0.0,0.0
253,Device,Mean,efficientnetb0/block1a_se_squeeze/Mean,2,28.672,14.336,28.672,14.336,0.0002496798756017392,0.9038907512607247,0.0,0.0
254,Device,DepthwiseConv2dNative,efficientnetb0/block3b_dwconv/depthwise,2,28.672,14.336,28.672,14.336,0.0002496798756017392,0.9041404311363265,0.0,0.0
255,Device,Conv2D,efficientnetb0/block4b_expand_conv/Conv2D,2,28.672,14.336,28.672,14.336,0.0002496798756017392,0.9043901110119282,0.0,0.0
256,Device,DepthwiseConv2dNative,efficientnetb0/block6a_dwconv/depthwise,2,28.672,14.336,28.672,14.336,0.0002496798756017392,0.90463979088753,0.0,0.0
257,Device,Conv2DBackpropInput,gradient_tape/efficientnetb0/block5c_se_reduce/Conv2D/Conv2DBackpropInput,2,28.672,14.336,28.672,14.336,0.0002496798756017392,0.9048894707631318,0.0,0.0
258,Device,Mul,SGD/gradients/mul_134,2,27.649,13.8245,27.649,13.8245,0.00024077144533037414,0.9051302422084622,0.0,0.0
259,Device,Mul,SGD/gradients/mul_133,2,27.648,13.824,27.648,13.824,0.00024076273718739137,0.9053710049456496,0.0,0.0
260,Device,Sub,SGD/gradients/sub_48,2,27.648,13.824,27.648,13.824,0.00024076273718739137,0.905611767682837,0.0,0.0
261,Device,DepthwiseConv2dNative,efficientnetb0/block5a_dwconv/depthwise,2,27.648,13.824,27.648,13.824,0.00024076273718739137,0.9058525304200244,0.0,0.0
262,Device,Transpose,efficientnetb0/block2b_activation/mul-0-3-TransposeNCHWToNHWC-LayoutOptimizer,2,26.625,13.3125,26.625,13.3125,0.00023185430691602632,0.9060843847269405,0.0,0.0
263,Device,FusedBatchNormV3,efficientnetb0/block5b_bn/FusedBatchNormV3,4,26.625,6.65625,26.625,6.65625,0.00023185430691602632,0.9063162390338566,0.0,0.0
264,Device,Sub,SGD/gradients/sub_47,2,26.624,13.312,26.624,13.312,0.00023184559877304354,0.9065480846326297,0.0,0.0
265,Device,Conv2D,efficientnetb0/block2a_se_reduce/Conv2D,2,26.624,13.312,26.624,13.312,0.00023184559877304354,0.9067799302314028,0.0,0.0
266,Device,Conv2D,efficientnetb0/block4c_expand_conv/Conv2D,2,26.624,13.312,26.624,13.312,0.00023184559877304354,0.9070117758301759,0.0,0.0
267,Device,FusedBatchNormV3,efficientnetb0/block5c_bn/FusedBatchNormV3,4,26.624,6.656,26.624,6.656,0.00023184559877304354,0.907243621428949,0.0,0.0
268,Device,FusedBatchNormV3,efficientnetb0/block5c_expand_bn/FusedBatchNormV3,4,26.624,6.656,26.624,6.656,0.00023184559877304354,0.9074754670277221,0.0,0.0
269,Device,FusedBatchNormV3,efficientnetb0/block6a_expand_bn/FusedBatchNormV3,4,26.624,6.656,26.624,6.656,0.00023184559877304354,0.9077073126264952,0.0,0.0
270,Device,Conv2DBackpropInput,gradient_tape/efficientnetb0/block4c_se_reduce/Conv2D/Conv2DBackpropInput,2,26.624,13.312,26.624,13.312,0.00023184559877304354,0.9079391582252683,0.0,0.0
271,Device,Transpose,SGD/gradients/AddN_21-1-TransposeNHWCToNCHW-LayoutOptimizer,2,25.6,12.8,25.6,12.8,0.00022292846035869572,0.9081620866856269,0.0,0.0
272,Device,AddN,SGD/gradients/AddN_23,2,25.6,12.8,25.6,12.8,0.00022292846035869572,0.9083850151459856,0.0,0.0
273,Device,Mul,SGD/gradients/mul_132,2,25.6,12.8,25.6,12.8,0.00022292846035869572,0.9086079436063442,0.0,0.0
274,Device,FusedBatchNormV3,efficientnetb0/block5b_expand_bn/FusedBatchNormV3,4,25.6,6.4,25.6,6.4,0.00022292846035869572,0.9088308720667029,0.0,0.0
275,Device,FusedBatchNormV3,efficientnetb0/block6a_bn/FusedBatchNormV3,4,25.6,6.4,25.6,6.4,0.00022292846035869572,0.9090538005270615,0.0,0.0
276,Device,Pad,efficientnetb0/stem_conv_pad/Pad,2,25.6,12.8,25.6,12.8,0.00022292846035869572,0.9092767289874202,0.0,0.0
277,Device,Conv2DBackpropInput,gradient_tape/efficientnetb0/block5a_se_reduce/Conv2D/Conv2DBackpropInput,2,25.6,12.8,25.6,12.8,0.00022292846035869572,0.9094996574477788,0.0,0.0
278,Device,FusedBatchNormGradV3,gradient_tape/efficientnetb0/block5b_expand_bn/FusedBatchNormGradV3,2,25.6,12.8,25.6,12.8,0.00022292846035869572,0.9097225859081375,0.0,0.0
279,Device,FusedBatchNormGradV3,gradient_tape/efficientnetb0/block5c_bn/FusedBatchNormGradV3,2,25.6,12.8,25.6,12.8,0.00022292846035869572,0.9099455143684961,0.0,0.0
280,Device,FusedBatchNormGradV3,gradient_tape/efficientnetb0/block6a_expand_bn/FusedBatchNormGradV3,2,25.6,12.8,25.6,12.8,0.00022292846035869572,0.9101684428288548,0.0,0.0
281,Device,DepthwiseConv2dNativeBackpropFilter,gradient_tape/efficientnetb0/block6c_dwconv/depthwise/DepthwiseConv2dNativeBackpropFilter,2,25.6,12.8,25.6,12.8,0.00022292846035869572,0.9103913712892134,0.0,0.0
282,Device,DepthwiseConv2dNativeBackpropFilter,gradient_tape/efficientnetb0/block6d_dwconv/depthwise/DepthwiseConv2dNativeBackpropFilter,2,24.577,12.2885,24.577,12.2885,0.00021402003008733067,0.9106053913193007,0.0,0.0
283,Device,Sigmoid,SGD/gradients/Sigmoid_48,2,24.576,12.288,24.576,12.288,0.0002140113219443479,0.9108194026412451,0.0,0.0
284,Device,Mul,gradient_tape/efficientnetb0/block2a_se_excite/mul/Mul,2,24.576,12.288,24.576,12.288,0.0002140113219443479,0.9110334139631894,0.0,0.0
285,Device,Conv2DBackpropInput,gradient_tape/efficientnetb0/block4b_se_reduce/Conv2D/Conv2DBackpropInput,2,24.576,12.288,24.576,12.288,0.0002140113219443479,0.9112474252851337,0.0,0.0
286,Device,FusedBatchNormGradV3,gradient_tape/efficientnetb0/block5c_expand_bn/FusedBatchNormGradV3,2,24.576,12.288,24.576,12.288,0.0002140113219443479,0.911461436607078,0.0,0.0
287,Device,DepthwiseConv2dNativeBackpropFilter,gradient_tape/efficientnetb0/block6b_dwconv/depthwise/DepthwiseConv2dNativeBackpropFilter,2,24.576,12.288,24.576,12.288,0.0002140113219443479,0.9116754479290223,0.0,0.0
288,Device,BiasAddGrad,gradient_tape/efficientnetb0/block6b_se_expand/BiasAdd/BiasAddGrad,2,24.576,12.288,24.576,12.288,0.0002140113219443479,0.9118894592509666,0.0,0.0
289,Device,BiasAddGrad,gradient_tape/efficientnetb0/block6c_se_expand/BiasAdd/BiasAddGrad,2,24.576,12.288,24.576,12.288,0.0002140113219443479,0.912103470572911,0.0,0.0
290,Device,BiasAddGrad,gradient_tape/efficientnetb0/block6d_se_expand/BiasAdd/BiasAddGrad,2,24.576,12.288,24.576,12.288,0.0002140113219443479,0.9123174818948553,0.0,0.0
291,Device,BiasAddGrad,gradient_tape/efficientnetb0/block7a_se_expand/BiasAdd/BiasAddGrad,2,24.576,12.288,24.576,12.288,0.0002140113219443479,0.9125314932167996,0.0,0.0
292,Device,ResourceApplyGradientDescent,SGD/SGD/update_208/ResourceApplyGradientDescent,2,23.552,11.776,23.552,11.776,0.00020509418353000005,0.9127365874003296,0.0,0.0
293,Device,Mean,efficientnetb0/block2b_se_squeeze/Mean,2,23.552,11.776,23.552,11.776,0.00020509418353000005,0.9129416815838596,0.0,0.0
294,Device,MatMul,efficientnetb0/predictions/MatMul,2,23.552,11.776,23.552,11.776,0.00020509418353000005,0.9131467757673896,0.0,0.0
295,Device,FusedBatchNormGradV3,gradient_tape/efficientnetb0/block5b_bn/FusedBatchNormGradV3,2,23.552,11.776,23.552,11.776,0.00020509418353000005,0.9133518699509195,0.0,0.0
296,Device,FusedBatchNormV3,efficientnetb0/block4b_bn/FusedBatchNormV3,4,22.529,5.63225,22.529,5.63225,0.000196185753258635,0.9135480557041782,0.0,0.0
297,Device,FusedBatchNormGradV3,gradient_tape/efficientnetb0/block6a_bn/FusedBatchNormGradV3,2,22.529,11.2645,22.529,11.2645,0.000196185753258635,0.9137442414574368,0.0,0.0
298,Device,ArgMax,ArgMax,2,22.528,11.264,22.528,11.264,0.00019617704511565222,0.9139404185025525,0.0,0.0
299,Device,Mul,efficientnetb0/block2a_se_excite/mul,2,22.528,11.264,22.528,11.264,0.00019617704511565222,0.9141365955476681,0.0,0.0
300,Device,Pad,efficientnetb0/block4a_dwconv_pad/Pad,2,22.528,11.264,22.528,11.264,0.00019617704511565222,0.9143327725927838,0.0,0.0
301,Device,DepthwiseConv2dNative,efficientnetb0/block6c_dwconv/depthwise,2,22.528,11.264,22.528,11.264,0.00019617704511565222,0.9145289496378994,0.0,0.0
302,Device,DepthwiseConv2dNative,efficientnetb0/block6d_dwconv/depthwise,2,22.528,11.264,22.528,11.264,0.00019617704511565222,0.9147251266830151,0.0,0.0
303,Device,Conv2D,efficientnetb0/block6d_se_expand/Conv2D,2,22.528,11.264,22.528,11.264,0.00019617704511565222,0.9149213037281307,0.0,0.0
304,Device,Softmax,efficientnetb0/predictions/Softmax,2,22.528,11.264,22.528,11.264,0.00019617704511565222,0.9151174807732464,0.0,0.0
305,Device,RealDiv,gradient_tape/efficientnetb0/block2b_se_squeeze/truediv,2,22.528,11.264,22.528,11.264,0.00019617704511565222,0.915313657818362,0.0,0.0
306,Device,FusedBatchNormGradV3,gradient_tape/efficientnetb0/block4a_expand_bn/FusedBatchNormGradV3,2,22.528,11.264,22.528,11.264,0.00019617704511565222,0.9155098348634777,0.0,0.0
307,Device,DepthwiseConv2dNativeBackpropInput,gradient_tape/efficientnetb0/block4c_dwconv/depthwise/DepthwiseConv2dNativeBackpropInput,2,22.528,11.264,22.528,11.264,0.00019617704511565222,0.9157060119085934,0.0,0.0
308,Device,Conv2DBackpropFilter,gradient_tape/efficientnetb0/block5a_se_expand/Conv2D/Conv2DBackpropFilter,2,22.528,11.264,22.528,11.264,0.00019617704511565222,0.915902188953709,0.0,0.0
309,Device,Conv2DBackpropFilter,gradient_tape/efficientnetb0/block7a_se_expand/Conv2D/Conv2DBackpropFilter,2,22.528,11.264,22.528,11.264,0.00019617704511565222,0.9160983659988247,0.0,0.0
310,Device,Conv2D,efficientnetb0/block6c_se_expand/Conv2D,2,21.505,10.7525,21.505,10.7525,0.00018726861484428715,0.916285634613669,0.0,0.0
311,Device,Conv2DBackpropFilter,gradient_tape/efficientnetb0/block6a_se_reduce/Conv2D/Conv2DBackpropFilter,2,21.505,10.7525,21.505,10.7525,0.00018726861484428715,0.9164729032285133,0.0,0.0
312,Device,Transpose,efficientnetb0/block1a_activation/mul-0-3-TransposeNCHWToNHWC-LayoutOptimizer,2,21.504,10.752,21.504,10.752,0.00018725990670130443,0.9166601631352146,0.0,0.0
313,Device,FusedBatchNormV3,efficientnetb0/block5a_bn/FusedBatchNormV3,4,21.504,5.376,21.504,5.376,0.00018725990670130443,0.9168474230419159,0.0,0.0
314,Device,BroadcastTo,gradient_tape/efficientnetb0/block2b_se_squeeze/BroadcastTo,2,21.504,10.752,21.504,10.752,0.00018725990670130443,0.9170346829486172,0.0,0.0
315,Device,FusedBatchNormGradV3,gradient_tape/efficientnetb0/block3b_bn/FusedBatchNormGradV3,2,21.504,10.752,21.504,10.752,0.00018725990670130443,0.9172219428553186,0.0,0.0
316,Device,Mul,gradient_tape/efficientnetb0/block3b_se_excite/mul/Mul_1,2,21.504,10.752,21.504,10.752,0.00018725990670130443,0.9174092027620199,0.0,0.0
317,Device,Conv2DBackpropFilter,gradient_tape/efficientnetb0/block4b_se_expand/Conv2D/Conv2DBackpropFilter,2,21.504,10.752,21.504,10.752,0.00018725990670130443,0.9175964626687212,0.0,0.0
318,Device,Mean,efficientnetb0/avg_pool/Mean,2,20.481,10.2405,20.481,10.2405,0.00017835147642993935,0.9177748141451512,0.0,0.0
319,Device,Conv2DBackpropFilter,gradient_tape/efficientnetb0/block6b_se_reduce/Conv2D/Conv2DBackpropFilter,2,20.481,10.2405,20.481,10.2405,0.00017835147642993935,0.9179531656215811,0.0,0.0
320,Device,Transpose,gradient_tape/efficientnetb0/stem_conv/Conv2D/Conv2DBackpropFilter-0-TransposeNHWCToNCHW-LayoutOptimizer,2,20.481,10.2405,20.481,10.2405,0.00017835147642993935,0.9181315170980111,0.0,0.0
321,Device,ArgMax,ArgMax_1,2,20.48,10.24,20.48,10.24,0.00017834276828695658,0.9183098598662981,0.0,0.0
322,Device,Sigmoid,SGD/gradients/Sigmoid_35,2,20.48,10.24,20.48,10.24,0.00017834276828695658,0.9184882026345851,0.0,0.0
323,Device,Conv2D,efficientnetb0/block3b_se_expand/Conv2D,2,20.48,10.24,20.48,10.24,0.00017834276828695658,0.9186665454028721,0.0,0.0
324,Device,Conv2D,efficientnetb0/block4a_se_expand/Conv2D,2,20.48,10.24,20.48,10.24,0.00017834276828695658,0.9188448881711591,0.0,0.0
325,Device,FusedBatchNormV3,efficientnetb0/block4c_bn/FusedBatchNormV3,4,20.48,5.12,20.48,5.12,0.00017834276828695658,0.919023230939446,0.0,0.0
326,Device,FusedBatchNormV3,efficientnetb0/block4c_expand_bn/FusedBatchNormV3,4,20.48,5.12,20.48,5.12,0.00017834276828695658,0.919201573707733,0.0,0.0
327,Device,FusedBatchNormV3,efficientnetb0/block5a_expand_bn/FusedBatchNormV3,4,20.48,5.12,20.48,5.12,0.00017834276828695658,0.91937991647602,0.0,0.0
328,Device,DepthwiseConv2dNative,efficientnetb0/block6b_dwconv/depthwise,2,20.48,10.24,20.48,10.24,0.00017834276828695658,0.919558259244307,0.0,0.0
329,Device,Conv2D,efficientnetb0/block6b_se_expand/Conv2D,2,20.48,10.24,20.48,10.24,0.00017834276828695658,0.919736602012594,0.0,0.0
330,Device,Mean,efficientnetb0/block6d_se_squeeze/Mean,2,20.48,10.24,20.48,10.24,0.00017834276828695658,0.919914944780881,0.0,0.0
331,Device,Conv2D,efficientnetb0/block7a_se_expand/Conv2D,2,20.48,10.24,20.48,10.24,0.00017834276828695658,0.920093287549168,0.0,0.0
332,Device,RealDiv,gradient_tape/efficientnetb0/block1a_se_squeeze/truediv,2,20.48,10.24,20.48,10.24,0.00017834276828695658,0.920271630317455,0.0,0.0
333,Device,FusedBatchNormGradV3,gradient_tape/efficientnetb0/block2a_project_bn/FusedBatchNormGradV3,2,20.48,10.24,20.48,10.24,0.00017834276828695658,0.920449973085742,0.0,0.0
334,Device,FusedBatchNormGradV3,gradient_tape/efficientnetb0/block2b_project_bn/FusedBatchNormGradV3,2,20.48,10.24,20.48,10.24,0.00017834276828695658,0.9206283158540289,0.0,0.0
335,Device,FusedBatchNormGradV3,gradient_tape/efficientnetb0/block3b_expand_bn/FusedBatchNormGradV3,2,20.48,10.24,20.48,10.24,0.00017834276828695658,0.9208066586223159,0.0,0.0
336,Device,DepthwiseConv2dNativeBackpropInput,gradient_tape/efficientnetb0/block4b_dwconv/depthwise/DepthwiseConv2dNativeBackpropInput,2,20.48,10.24,20.48,10.24,0.00017834276828695658,0.9209850013906029,0.0,0.0
337,Device,Conv2DBackpropFilter,gradient_tape/efficientnetb0/block4c_se_expand/Conv2D/Conv2DBackpropFilter,2,20.48,10.24,20.48,10.24,0.00017834276828695658,0.9211633441588899,0.0,0.0
338,Device,Conv2DBackpropFilter,gradient_tape/efficientnetb0/block6b_se_expand/Conv2D/Conv2DBackpropFilter,2,20.48,10.24,20.48,10.24,0.00017834276828695658,0.9213416869271769,0.0,0.0
339,Device,Conv2DBackpropFilter,gradient_tape/efficientnetb0/block6c_se_expand/Conv2D/Conv2DBackpropFilter,2,20.48,10.24,20.48,10.24,0.00017834276828695658,0.9215200296954639,0.0,0.0
340,Device,Conv2DBackpropFilter,gradient_tape/efficientnetb0/block6d_se_expand/Conv2D/Conv2DBackpropFilter,2,20.48,10.24,20.48,10.24,0.00017834276828695658,0.9216983724637509,0.0,0.0
341,Device,DepthwiseConv2dNativeBackpropFilter,gradient_tape/efficientnetb0/block7a_dwconv/depthwise/DepthwiseConv2dNativeBackpropFilter,2,20.48,10.24,20.48,10.24,0.00017834276828695658,0.9218767152320378,0.0,0.0
342,Device,Conv2DBackpropFilter,gradient_tape/efficientnetb0/block7a_se_reduce/Conv2D/Conv2DBackpropFilter,2,20.48,10.24,20.48,10.24,0.00017834276828695658,0.9220550580003248,0.0,0.0
343,Device,Mean,efficientnetb0/block6c_se_squeeze/Mean,2,19.457,9.7285,19.457,9.7285,0.00016943433801559153,0.9222244923383405,0.0,0.0
344,Device,Conv2DBackpropFilter,gradient_tape/efficientnetb0/block4a_se_reduce/Conv2D/Conv2DBackpropFilter,2,19.457,9.7285,19.457,9.7285,0.00016943433801559153,0.9223939266763561,0.0,0.0
345,Device,Conv2DBackpropFilter,gradient_tape/efficientnetb0/block5c_se_expand/Conv2D/Conv2DBackpropFilter,2,19.457,9.7285,19.457,9.7285,0.00016943433801559153,0.9225633610143718,0.0,0.0
346,Device,FusedBatchNormV3,efficientnetb0/block3b_bn/FusedBatchNormV3,4,19.456,4.864,19.456,4.864,0.00016942562987260875,0.9227327866442444,0.0,0.0
347,Device,FusedBatchNormV3,efficientnetb0/block4b_expand_bn/FusedBatchNormV3,4,19.456,4.864,19.456,4.864,0.00016942562987260875,0.9229022122741171,0.0,0.0
348,Device,Conv2D,efficientnetb0/block5b_se_expand/Conv2D,2,19.456,9.728,19.456,9.728,0.00016942562987260875,0.9230716379039897,0.0,0.0
349,Device,Mean,efficientnetb0/block7a_se_squeeze/Mean,2,19.456,9.728,19.456,9.728,0.00016942562987260875,0.9232410635338624,0.0,0.0
350,Device,Conv2DBackpropFilter,gradient_tape/efficientnetb0/block2b_se_reduce/Conv2D/Conv2DBackpropFilter,2,19.456,9.728,19.456,9.728,0.00016942562987260875,0.923410489163735,0.0,0.0
351,Device,Conv2DBackpropFilter,gradient_tape/efficientnetb0/block3a_se_reduce/Conv2D/Conv2DBackpropFilter,2,19.456,9.728,19.456,9.728,0.00016942562987260875,0.9235799147936077,0.0,0.0
352,Device,Conv2DBackpropInput,gradient_tape/efficientnetb0/block4a_se_reduce/Conv2D/Conv2DBackpropInput,2,19.456,9.728,19.456,9.728,0.00016942562987260875,0.9237493404234803,0.0,0.0
353,Device,FusedBatchNormGradV3,gradient_tape/efficientnetb0/block4b_bn/FusedBatchNormGradV3,2,19.456,9.728,19.456,9.728,0.00016942562987260875,0.923918766053353,0.0,0.0
354,Device,FusedBatchNormGradV3,gradient_tape/efficientnetb0/block4b_expand_bn/FusedBatchNormGradV3,2,19.456,9.728,19.456,9.728,0.00016942562987260875,0.9240881916832256,0.0,0.0
355,Device,Conv2DBackpropFilter,gradient_tape/efficientnetb0/block4b_se_reduce/Conv2D/Conv2DBackpropFilter,2,19.456,9.728,19.456,9.728,0.00016942562987260875,0.9242576173130983,0.0,0.0
356,Device,FusedBatchNormGradV3,gradient_tape/efficientnetb0/block4c_bn/FusedBatchNormGradV3,2,19.456,9.728,19.456,9.728,0.00016942562987260875,0.924427042942971,0.0,0.0
357,Device,Conv2DBackpropFilter,gradient_tape/efficientnetb0/block5b_se_reduce/Conv2D/Conv2DBackpropFilter,2,19.456,9.728,19.456,9.728,0.00016942562987260875,0.9245964685728436,0.0,0.0
358,Device,Conv2DBackpropFilter,gradient_tape/efficientnetb0/block6c_se_reduce/Conv2D/Conv2DBackpropFilter,2,19.456,9.728,19.456,9.728,0.00016942562987260875,0.9247658942027163,0.0,0.0
359,Device,Sum,gradient_tape/efficientnetb0/block6d_se_excite/mul/Sum_1,2,19.456,9.728,19.456,9.728,0.00016942562987260875,0.9249353198325889,0.0,0.0
360,Device,Conv2DBackpropFilter,gradient_tape/efficientnetb0/block6d_se_reduce/Conv2D/Conv2DBackpropFilter,2,19.456,9.728,19.456,9.728,0.00016942562987260875,0.9251047454624616,0.0,0.0
361,Device,Sigmoid,SGD/gradients/Sigmoid_33,2,18.432,9.216,18.432,9.216,0.0001605084914582609,0.9252652539539198,0.0,0.0
362,Device,Mul,SGD/gradients/mul_107,2,18.432,9.216,18.432,9.216,0.0001605084914582609,0.925425762445378,0.0,0.0
363,Device,Conv2D,efficientnetb0/block1a_se_expand/Conv2D,2,18.432,9.216,18.432,9.216,0.0001605084914582609,0.9255862709368362,0.0,0.0
364,Device,Conv2D,efficientnetb0/block1a_se_reduce/Conv2D,2,18.432,9.216,18.432,9.216,0.0001605084914582609,0.9257467794282944,0.0,0.0
365,Device,FusedBatchNormV3,efficientnetb0/block2a_project_bn/FusedBatchNormV3,4,18.432,4.608,18.432,4.608,0.0001605084914582609,0.9259072879197526,0.0,0.0
366,Device,FusedBatchNormV3,efficientnetb0/block2b_project_bn/FusedBatchNormV3,4,18.432,4.608,18.432,4.608,0.0001605084914582609,0.9260677964112108,0.0,0.0
367,Device,FusedBatchNormV3,efficientnetb0/block3b_expand_bn/FusedBatchNormV3,4,18.432,4.608,18.432,4.608,0.0001605084914582609,0.926228304902669,0.0,0.0
368,Device,FusedBatchNormV3,efficientnetb0/block4a_expand_bn/FusedBatchNormV3,4,18.432,4.608,18.432,4.608,0.0001605084914582609,0.9263888133941273,0.0,0.0
369,Device,DepthwiseConv2dNative,efficientnetb0/block4b_dwconv/depthwise,2,18.432,9.216,18.432,9.216,0.0001605084914582609,0.9265493218855855,0.0,0.0
370,Device,Conv2D,efficientnetb0/block4b_se_expand/Conv2D,2,18.432,9.216,18.432,9.216,0.0001605084914582609,0.9267098303770437,0.0,0.0
371,Device,Conv2D,efficientnetb0/block4c_se_expand/Conv2D,2,18.432,9.216,18.432,9.216,0.0001605084914582609,0.9268703388685019,0.0,0.0
372,Device,Conv2D,efficientnetb0/block5a_se_expand/Conv2D,2,18.432,9.216,18.432,9.216,0.0001605084914582609,0.9270308473599601,0.0,0.0
373,Device,Conv2D,efficientnetb0/block5c_se_expand/Conv2D,2,18.432,9.216,18.432,9.216,0.0001605084914582609,0.9271913558514183,0.0,0.0
374,Device,Conv2D,efficientnetb0/block6a_se_expand/Conv2D,2,18.432,9.216,18.432,9.216,0.0001605084914582609,0.9273518643428765,0.0,0.0
375,Device,Mean,efficientnetb0/block6b_se_squeeze/Mean,2,18.432,9.216,18.432,9.216,0.0001605084914582609,0.9275123728343347,0.0,0.0
376,Device,FusedBatchNormV3,efficientnetb0/block7a_project_bn/FusedBatchNormV3,4,18.432,4.608,18.432,4.608,0.0001605084914582609,0.927672881325793,0.0,0.0
377,Device,Conv2DBackpropFilter,gradient_tape/efficientnetb0/block1a_se_expand/Conv2D/Conv2DBackpropFilter,2,18.432,9.216,18.432,9.216,0.0001605084914582609,0.9278333898172512,0.0,0.0
378,Device,Conv2DBackpropFilter,gradient_tape/efficientnetb0/block3b_se_reduce/Conv2D/Conv2DBackpropFilter,2,18.432,9.216,18.432,9.216,0.0001605084914582609,0.9279938983087094,0.0,0.0
379,Device,FusedBatchNormGradV3,gradient_tape/efficientnetb0/block4c_expand_bn/FusedBatchNormGradV3,2,18.432,9.216,18.432,9.216,0.0001605084914582609,0.9281544068001676,0.0,0.0
380,Device,Conv2DBackpropFilter,gradient_tape/efficientnetb0/block4c_se_reduce/Conv2D/Conv2DBackpropFilter,2,18.432,9.216,18.432,9.216,0.0001605084914582609,0.9283149152916258,0.0,0.0
381,Device,FusedBatchNormGradV3,gradient_tape/efficientnetb0/block5a_bn/FusedBatchNormGradV3,2,18.432,9.216,18.432,9.216,0.0001605084914582609,0.928475423783084,0.0,0.0
382,Device,FusedBatchNormGradV3,gradient_tape/efficientnetb0/block5a_expand_bn/FusedBatchNormGradV3,2,18.432,9.216,18.432,9.216,0.0001605084914582609,0.9286359322745422,0.0,0.0
383,Device,Conv2DBackpropFilter,gradient_tape/efficientnetb0/block5a_se_reduce/Conv2D/Conv2DBackpropFilter,2,18.432,9.216,18.432,9.216,0.0001605084914582609,0.9287964407660004,0.0,0.0
384,Device,BiasAddGrad,gradient_tape/efficientnetb0/block5b_se_expand/BiasAdd/BiasAddGrad,2,18.432,9.216,18.432,9.216,0.0001605084914582609,0.9289569492574586,0.0,0.0
385,Device,Conv2DBackpropFilter,gradient_tape/efficientnetb0/block5b_se_expand/Conv2D/Conv2DBackpropFilter,2,18.432,9.216,18.432,9.216,0.0001605084914582609,0.9291174577489169,0.0,0.0
386,Device,BiasAddGrad,gradient_tape/efficientnetb0/block5c_se_expand/BiasAdd/BiasAddGrad,2,18.432,9.216,18.432,9.216,0.0001605084914582609,0.9292779662403751,0.0,0.0
387,Device,Conv2DBackpropFilter,gradient_tape/efficientnetb0/block5c_se_reduce/Conv2D/Conv2DBackpropFilter,2,18.432,9.216,18.432,9.216,0.0001605084914582609,0.9294384747318333,0.0,0.0
388,Device,BiasAddGrad,gradient_tape/efficientnetb0/block6a_se_expand/BiasAdd/BiasAddGrad,2,18.432,9.216,18.432,9.216,0.0001605084914582609,0.9295989832232915,0.0,0.0
389,Device,Conv2DBackpropFilter,gradient_tape/efficientnetb0/block6a_se_expand/Conv2D/Conv2DBackpropFilter,2,18.432,9.216,18.432,9.216,0.0001605084914582609,0.9297594917147497,0.0,0.0
390,Device,Sum,gradient_tape/efficientnetb0/block6b_se_excite/mul/Sum_1,2,18.432,9.216,18.432,9.216,0.0001605084914582609,0.9299200002062079,0.0,0.0
391,Device,Sum,gradient_tape/efficientnetb0/block6c_se_excite/mul/Sum_1,2,18.432,9.216,18.432,9.216,0.0001605084914582609,0.9300805086976661,0.0,0.0
392,Device,Sum,gradient_tape/efficientnetb0/block7a_se_excite/mul/Sum_1,2,18.432,9.216,18.432,9.216,0.0001605084914582609,0.9302410171891243,0.0,0.0
393,Device,Transpose,SGD/gradients/AddN_24-1-TransposeNHWCToNCHW-LayoutOptimizer,2,17.408,8.704,17.408,8.704,0.0001515913530439131,0.9303926085421682,0.0,0.0
394,Device,Sigmoid,SGD/gradients/Sigmoid_36,2,17.408,8.704,17.408,8.704,0.0001515913530439131,0.9305441998952121,0.0,0.0
395,Device,DepthwiseConv2dNative,efficientnetb0/block4c_dwconv/depthwise,2,17.408,8.704,17.408,8.704,0.0001515913530439131,0.930695791248256,0.0,0.0
396,Device,BroadcastTo,gradient_tape/efficientnetb0/block1a_se_squeeze/BroadcastTo,2,17.408,8.704,17.408,8.704,0.0001515913530439131,0.9308473826012998,0.0,0.0
397,Device,RealDiv,gradient_tape/efficientnetb0/block2a_se_squeeze/truediv,2,17.408,8.704,17.408,8.704,0.0001515913530439131,0.9309989739543437,0.0,0.0
398,Device,Conv2DBackpropInput,gradient_tape/efficientnetb0/block3b_se_reduce/Conv2D/Conv2DBackpropInput,2,17.408,8.704,17.408,8.704,0.0001515913530439131,0.9311505653073876,0.0,0.0
399,Device,Mul,gradient_tape/efficientnetb0/block5c_se_excite/mul/Mul_1,2,17.408,8.704,17.408,8.704,0.0001515913530439131,0.9313021566604315,0.0,0.0
400,Device,FusedBatchNormGradV3,gradient_tape/efficientnetb0/block3a_bn/FusedBatchNormGradV3,2,16.385,8.1925,16.385,8.1925,0.00014268292277254803,0.931444839583204,0.0,0.0
401,Device,AddN,SGD/gradients/AddN_18,2,16.384,8.192,16.384,8.192,0.00014267421462956526,0.9315875137978336,0.0,0.0
402,Device,AddV2,SGD/gradients/add_41,2,16.384,8.192,16.384,8.192,0.00014267421462956526,0.9317301880124631,0.0,0.0
403,Device,Conv2D,efficientnetb0/block2a_se_expand/Conv2D,2,16.384,8.192,16.384,8.192,0.00014267421462956526,0.9318728622270926,0.0,0.0
404,Device,Conv2D,efficientnetb0/block2b_se_expand/Conv2D,2,16.384,8.192,16.384,8.192,0.00014267421462956526,0.9320155364417222,0.0,0.0
405,Device,Conv2D,efficientnetb0/block3a_se_expand/Conv2D,2,16.384,8.192,16.384,8.192,0.00014267421462956526,0.9321582106563517,0.0,0.0
406,Device,FusedBatchNormV3,efficientnetb0/block4a_bn/FusedBatchNormV3,4,16.384,4.096,16.384,4.096,0.00014267421462956526,0.9323008848709813,0.0,0.0
407,Device,Conv2DBackpropInput,gradient_tape/efficientnetb0/block3a_se_reduce/Conv2D/Conv2DBackpropInput,2,16.384,8.192,16.384,8.192,0.00014267421462956526,0.9324435590856108,0.0,0.0
408,Device,Mul,gradient_tape/efficientnetb0/block3b_se_excite/mul/Mul,2,16.384,8.192,16.384,8.192,0.00014267421462956526,0.9325862333002404,0.0,0.0
409,Device,Conv2DBackpropFilter,gradient_tape/efficientnetb0/block3b_se_expand/Conv2D/Conv2DBackpropFilter,2,16.384,8.192,16.384,8.192,0.00014267421462956526,0.9327289075148699,0.0,0.0
410,Device,Conv2DBackpropFilter,gradient_tape/efficientnetb0/block4a_se_expand/Conv2D/Conv2DBackpropFilter,2,16.384,8.192,16.384,8.192,0.00014267421462956526,0.9328715817294995,0.0,0.0
411,Device,BiasAddGrad,gradient_tape/efficientnetb0/block4b_se_expand/BiasAdd/BiasAddGrad,2,16.384,8.192,16.384,8.192,0.00014267421462956526,0.933014255944129,0.0,0.0
412,Device,BiasAddGrad,gradient_tape/efficientnetb0/block4c_se_expand/BiasAdd/BiasAddGrad,2,16.384,8.192,16.384,8.192,0.00014267421462956526,0.9331569301587586,0.0,0.0
413,Device,BiasAddGrad,gradient_tape/efficientnetb0/block5a_se_expand/BiasAdd/BiasAddGrad,2,16.384,8.192,16.384,8.192,0.00014267421462956526,0.9332996043733881,0.0,0.0
414,Device,DepthwiseConv2dNativeBackpropInput,gradient_tape/efficientnetb0/block6b_dwconv/depthwise/DepthwiseConv2dNativeBackpropInput,2,16.384,8.192,16.384,8.192,0.00014267421462956526,0.9334422785880176,0.0,0.0
415,Device,FusedBatchNormGradV3,gradient_tape/efficientnetb0/block7a_project_bn/FusedBatchNormGradV3,2,16.384,8.192,16.384,8.192,0.00014267421462956526,0.9335849528026472,0.0,0.0
416,Device,Sigmoid,SGD/gradients/Sigmoid_17,2,15.36,7.68,15.36,7.68,0.00013375707621521743,0.9337187098788624,0.0,0.0
417,Device,Sigmoid,SGD/gradients/Sigmoid_18,2,15.36,7.68,15.36,7.68,0.00013375707621521743,0.9338524669550776,0.0,0.0
418,Device,AddV2,SGD/gradients/add_39,2,15.36,7.68,15.36,7.68,0.00013375707621521743,0.9339862240312928,0.0,0.0
419,Device,AddV2,SGD/gradients/add_42,2,15.36,7.68,15.36,7.68,0.00013375707621521743,0.934119981107508,0.0,0.0
420,Device,Mul,SGD/gradients/mul_101,2,15.36,7.68,15.36,7.68,0.00013375707621521743,0.9342537381837233,0.0,0.0
421,Device,Mul,SGD/gradients/mul_110,2,15.36,7.68,15.36,7.68,0.00013375707621521743,0.9343874952599385,0.0,0.0
422,Device,FusedBatchNormV3,efficientnetb0/block3b_project_bn/FusedBatchNormV3,4,15.36,3.84,15.36,3.84,0.00013375707621521743,0.9345212523361537,0.0,0.0
423,Device,FusedBatchNormV3,efficientnetb0/block6d_project_bn/FusedBatchNormV3,4,15.36,3.84,15.36,3.84,0.00013375707621521743,0.9346550094123689,0.0,0.0
424,Device,Conv2DBackpropInput,gradient_tape/efficientnetb0/block1a_se_reduce/Conv2D/Conv2DBackpropInput,2,15.36,7.68,15.36,7.68,0.00013375707621521743,0.9347887664885841,0.0,0.0
425,Device,Conv2DBackpropInput,gradient_tape/efficientnetb0/block2b_se_reduce/Conv2D/Conv2DBackpropInput,2,15.36,7.68,15.36,7.68,0.00013375707621521743,0.9349225235647993,0.0,0.0
426,Device,Conv2DBackpropFilter,gradient_tape/efficientnetb0/block3a_se_expand/Conv2D/Conv2DBackpropFilter,2,15.36,7.68,15.36,7.68,0.00013375707621521743,0.9350562806410145,0.0,0.0
427,Device,Mul,gradient_tape/efficientnetb0/block5b_se_excite/mul/Mul_1,2,15.36,7.68,15.36,7.68,0.00013375707621521743,0.9351900377172297,0.0,0.0
428,Device,DepthwiseConv2dNativeBackpropInput,gradient_tape/efficientnetb0/block6c_dwconv/depthwise/DepthwiseConv2dNativeBackpropInput,2,15.36,7.68,15.36,7.68,0.00013375707621521743,0.935323794793445,0.0,0.0
429,Device,BroadcastTo,gradient_tape/efficientnetb0/block2a_se_squeeze/BroadcastTo,2,14.337,7.1685,14.337,7.1685,0.00012484864594385236,0.9354486434393888,0.0,0.0
430,Device,Sum,gradient_tape/efficientnetb0/block5b_se_excite/mul/Sum_1,2,14.337,7.1685,14.337,7.1685,0.00012484864594385236,0.9355734920853327,0.0,0.0
431,Device,DepthwiseConv2dNativeBackpropInput,gradient_tape/efficientnetb0/block7a_dwconv/depthwise/DepthwiseConv2dNativeBackpropInput,2,14.337,7.1685,14.337,7.1685,0.00012484864594385236,0.9356983407312766,0.0,0.0
432,Device,Transpose,SGD/gradients/AddN_23-1-TransposeNHWCToNCHW-LayoutOptimizer,2,14.336,7.168,14.336,7.168,0.0001248399378008696,0.9358231806690774,0.0,0.0
433,Device,Sigmoid,SGD/gradients/Sigmoid_15,2,14.336,7.168,14.336,7.168,0.0001248399378008696,0.9359480206068783,0.0,0.0
434,Device,Sigmoid,SGD/gradients/Sigmoid_38,2,14.336,7.168,14.336,7.168,0.0001248399378008696,0.9360728605446792,0.0,0.0
435,Device,Sub,SGD/gradients/sub_44,2,14.336,7.168,14.336,7.168,0.0001248399378008696,0.9361977004824801,0.0,0.0
436,Device,Sigmoid,efficientnetb0/block2a_activation/Sigmoid,2,14.336,7.168,14.336,7.168,0.0001248399378008696,0.936322540420281,0.0,0.0
437,Device,Mul,efficientnetb0/block2a_activation/mul,2,14.336,7.168,14.336,7.168,0.0001248399378008696,0.9364473803580818,0.0,0.0
438,Device,FusedBatchNormV3,efficientnetb0/block3a_bn/FusedBatchNormV3,4,14.336,3.584,14.336,3.584,0.0001248399378008696,0.9365722202958827,0.0,0.0
439,Device,DepthwiseConv2dNative,efficientnetb0/block4a_dwconv/depthwise,2,14.336,7.168,14.336,7.168,0.0001248399378008696,0.9366970602336836,0.0,0.0
440,Device,FusedBatchNormV3,efficientnetb0/block4a_project_bn/FusedBatchNormV3,4,14.336,3.584,14.336,3.584,0.0001248399378008696,0.9368219001714845,0.0,0.0
441,Device,FusedBatchNormV3,efficientnetb0/block5a_project_bn/FusedBatchNormV3,4,14.336,3.584,14.336,3.584,0.0001248399378008696,0.9369467401092854,0.0,0.0
442,Device,FusedBatchNormV3,efficientnetb0/block5b_project_bn/FusedBatchNormV3,4,14.336,3.584,14.336,3.584,0.0001248399378008696,0.9370715800470862,0.0,0.0
443,Device,Mean,efficientnetb0/block5c_se_squeeze/Mean,2,14.336,7.168,14.336,7.168,0.0001248399378008696,0.9371964199848871,0.0,0.0
444,Device,FusedBatchNormV3,efficientnetb0/block6a_project_bn/FusedBatchNormV3,4,14.336,3.584,14.336,3.584,0.0001248399378008696,0.937321259922688,0.0,0.0
445,Device,FusedBatchNormV3,efficientnetb0/block6b_project_bn/FusedBatchNormV3,4,14.336,3.584,14.336,3.584,0.0001248399378008696,0.9374460998604889,0.0,0.0
446,Device,FusedBatchNormV3,efficientnetb0/block6c_project_bn/FusedBatchNormV3,4,14.336,3.584,14.336,3.584,0.0001248399378008696,0.9375709397982898,0.0,0.0
447,Device,DepthwiseConv2dNative,efficientnetb0/block7a_dwconv/depthwise,2,14.336,7.168,14.336,7.168,0.0001248399378008696,0.9376957797360906,0.0,0.0
448,Device,Conv2DBackpropInput,gradient_tape/efficientnetb0/block2a_se_reduce/Conv2D/Conv2DBackpropInput,2,14.336,7.168,14.336,7.168,0.0001248399378008696,0.9378206196738915,0.0,0.0
449,Device,Mul,gradient_tape/efficientnetb0/block4b_se_excite/mul/Mul_1,2,14.336,7.168,14.336,7.168,0.0001248399378008696,0.9379454596116924,0.0,0.0
450,Device,Mul,gradient_tape/efficientnetb0/block4c_se_excite/mul/Mul_1,2,14.336,7.168,14.336,7.168,0.0001248399378008696,0.9380702995494933,0.0,0.0
451,Device,Mul,gradient_tape/efficientnetb0/block5b_se_excite/mul/Mul,2,14.336,7.168,14.336,7.168,0.0001248399378008696,0.9381951394872942,0.0,0.0
452,Device,Mul,gradient_tape/efficientnetb0/block5c_se_excite/mul/Mul,2,14.336,7.168,14.336,7.168,0.0001248399378008696,0.938319979425095,0.0,0.0
453,Device,DepthwiseConv2dNativeBackpropInput,gradient_tape/efficientnetb0/block6d_dwconv/depthwise/DepthwiseConv2dNativeBackpropInput,2,14.336,7.168,14.336,7.168,0.0001248399378008696,0.9384448193628959,0.0,0.0
454,Device,FusedBatchNormV3,efficientnetb0/block4c_project_bn/FusedBatchNormV3,4,13.313,3.32825,13.313,3.32825,0.00011593150752950455,0.9385607508704255,0.0,0.0
455,Device,Conv2DBackpropFilter,gradient_tape/efficientnetb0/block2b_se_expand/Conv2D/Conv2DBackpropFilter,2,13.313,6.6565,13.313,6.6565,0.00011593150752950455,0.938676682377955,0.0,0.0
456,Device,Sigmoid,SGD/gradients/Sigmoid_20,2,13.312,6.656,13.312,6.656,0.00011592279938652177,0.9387926051773415,0.0,0.0
457,Device,Sigmoid,SGD/gradients/Sigmoid_21,2,13.312,6.656,13.312,6.656,0.00011592279938652177,0.9389085279767281,0.0,0.0
458,Device,AddV2,SGD/gradients/add_48,2,13.312,6.656,13.312,6.656,0.00011592279938652177,0.9390244507761146,0.0,0.0
459,Device,Transpose,efficientnetb0/block2a_activation/mul-0-3-TransposeNCHWToNHWC-LayoutOptimizer,2,13.312,6.656,13.312,6.656,0.00011592279938652177,0.9391403735755012,0.0,0.0
460,Device,FusedBatchNormV3,efficientnetb0/block3a_project_bn/FusedBatchNormV3,4,13.312,3.328,13.312,3.328,0.00011592279938652177,0.9392562963748877,0.0,0.0
461,Device,Mul,efficientnetb0/block3b_se_excite/mul,2,13.312,6.656,13.312,6.656,0.00011592279938652177,0.9393722191742743,0.0,0.0
462,Device,FusedBatchNormV3,efficientnetb0/block4b_project_bn/FusedBatchNormV3,4,13.312,3.328,13.312,3.328,0.00011592279938652177,0.9394881419736608,0.0,0.0
463,Device,Mean,efficientnetb0/block5b_se_squeeze/Mean,2,13.312,6.656,13.312,6.656,0.00011592279938652177,0.9396040647730474,0.0,0.0
464,Device,FusedBatchNormV3,efficientnetb0/block5c_project_bn/FusedBatchNormV3,4,13.312,3.328,13.312,3.328,0.00011592279938652177,0.9397199875724339,0.0,0.0
465,Device,Mean,efficientnetb0/block6a_se_squeeze/Mean,2,13.312,6.656,13.312,6.656,0.00011592279938652177,0.9398359103718205,0.0,0.0
466,Device,Conv2DBackpropFilter,gradient_tape/efficientnetb0/block2a_se_expand/Conv2D/Conv2DBackpropFilter,2,13.312,6.656,13.312,6.656,0.00011592279938652177,0.939951833171207,0.0,0.0
467,Device,Conv2DBackpropFilter,gradient_tape/efficientnetb0/block2a_se_reduce/Conv2D/Conv2DBackpropFilter,2,13.312,6.656,13.312,6.656,0.00011592279938652177,0.9400677559705936,0.0,0.0
468,Device,Mul,gradient_tape/efficientnetb0/block3a_se_excite/mul/Mul_1,2,13.312,6.656,13.312,6.656,0.00011592279938652177,0.9401836787699801,0.0,0.0
469,Device,BroadcastTo,gradient_tape/efficientnetb0/block3b_se_squeeze/BroadcastTo,2,13.312,6.656,13.312,6.656,0.00011592279938652177,0.9402996015693666,0.0,0.0
470,Device,FusedBatchNormGradV3,gradient_tape/efficientnetb0/block4a_bn/FusedBatchNormGradV3,2,13.312,6.656,13.312,6.656,0.00011592279938652177,0.9404155243687532,0.0,0.0
471,Device,Slice,gradient_tape/efficientnetb0/block4a_dwconv_pad/Slice_1,2,13.312,6.656,13.312,6.656,0.00011592279938652177,0.9405314471681397,0.0,0.0
472,Device,Mul,gradient_tape/efficientnetb0/block5a_se_excite/mul/Mul_1,2,13.312,6.656,13.312,6.656,0.00011592279938652177,0.9406473699675263,0.0,0.0
473,Device,Sum,gradient_tape/efficientnetb0/block5c_se_excite/mul/Sum_1,2,13.312,6.656,13.312,6.656,0.00011592279938652177,0.9407632927669128,0.0,0.0
474,Device,Slice,gradient_tape/efficientnetb0/block6a_dwconv_pad/Slice_1,2,13.312,6.656,13.312,6.656,0.00011592279938652177,0.9408792155662994,0.0,0.0
475,Device,Sum,gradient_tape/efficientnetb0/block6a_se_excite/mul/Sum_1,2,13.312,6.656,13.312,6.656,0.00011592279938652177,0.9409951383656859,0.0,0.0
476,Device,MatMul,gradient_tape/efficientnetb0/predictions/MatMul/MatMul,2,13.312,6.656,13.312,6.656,0.00011592279938652177,0.9411110611650725,0.0,0.0
477,Device,AddV2,SGD/gradients/add_47,2,12.289,6.1445,12.289,6.1445,0.00010701436911515671,0.9412180755341877,0.0,0.0
478,Device,FusedBatchNormGradV3,gradient_tape/efficientnetb0/block3a_project_bn/FusedBatchNormGradV3,2,12.289,6.1445,12.289,6.1445,0.00010701436911515671,0.9413250899033029,0.0,0.0
479,Device,Transpose,SGD/gradients/AddN_10-1-TransposeNHWCToNCHW-LayoutOptimizer,2,12.288,6.144,12.288,6.144,0.00010700566097217395,0.9414320955642751,0.0,0.0
480,Device,Transpose,SGD/gradients/AddN_8-1-TransposeNHWCToNCHW-LayoutOptimizer,2,12.288,6.144,12.288,6.144,0.00010700566097217395,0.9415391012252473,0.0,0.0
481,Device,Sigmoid,SGD/gradients/Sigmoid_23,2,12.288,6.144,12.288,6.144,0.00010700566097217395,0.9416461068862195,0.0,0.0
482,Device,Mul,SGD/gradients/mul_99,2,12.288,6.144,12.288,6.144,0.00010700566097217395,0.9417531125471917,0.0,0.0
483,Device,Transpose,efficientnetb0/block3b_activation/mul-0-3-TransposeNCHWToNHWC-LayoutOptimizer,2,12.288,6.144,12.288,6.144,0.00010700566097217395,0.941860118208164,0.0,0.0
484,Device,Mean,efficientnetb0/block4b_se_squeeze/Mean,2,12.288,6.144,12.288,6.144,0.00010700566097217395,0.9419671238691362,0.0,0.0
485,Device,Mean,efficientnetb0/block4c_se_squeeze/Mean,2,12.288,6.144,12.288,6.144,0.00010700566097217395,0.9420741295301084,0.0,0.0
486,Device,Sub,efficientnetb0/normalization/sub,2,12.288,6.144,12.288,6.144,0.00010700566097217395,0.9421811351910806,0.0,0.0
487,Device,RealDiv,efficientnetb0/normalization/truediv,2,12.288,6.144,12.288,6.144,0.00010700566097217395,0.9422881408520528,0.0,0.0
488,Device,Sum,gradient_tape/efficientnetb0/block1a_se_excite/mul/Sum_1,2,12.288,6.144,12.288,6.144,0.00010700566097217395,0.942395146513025,0.0,0.0
489,Device,Conv2DBackpropFilter,gradient_tape/efficientnetb0/block1a_se_reduce/Conv2D/Conv2DBackpropFilter,2,12.288,6.144,12.288,6.144,0.00010700566097217395,0.9425021521739972,0.0,0.0
490,Device,Sum,gradient_tape/efficientnetb0/block2b_se_excite/mul/Sum_1,2,12.288,6.144,12.288,6.144,0.00010700566097217395,0.9426091578349695,0.0,0.0
491,Device,Mul,gradient_tape/efficientnetb0/block3a_se_excite/mul/Mul,2,12.288,6.144,12.288,6.144,0.00010700566097217395,0.9427161634959417,0.0,0.0
492,Device,FusedBatchNormGradV3,gradient_tape/efficientnetb0/block3b_project_bn/FusedBatchNormGradV3,2,12.288,6.144,12.288,6.144,0.00010700566097217395,0.9428231691569139,0.0,0.0
493,Device,RealDiv,gradient_tape/efficientnetb0/block3b_se_squeeze/truediv,2,12.288,6.144,12.288,6.144,0.00010700566097217395,0.9429301748178861,0.0,0.0
494,Device,Mul,gradient_tape/efficientnetb0/block4c_se_excite/mul/Mul,2,12.288,6.144,12.288,6.144,0.00010700566097217395,0.9430371804788583,0.0,0.0
495,Device,BroadcastTo,gradient_tape/efficientnetb0/block5b_se_squeeze/BroadcastTo,2,12.288,6.144,12.288,6.144,0.00010700566097217395,0.9431441861398305,0.0,0.0
496,Device,BroadcastTo,gradient_tape/efficientnetb0/block5c_se_squeeze/BroadcastTo,2,12.288,6.144,12.288,6.144,0.00010700566097217395,0.9432511918008027,0.0,0.0
497,Device,FusedBatchNormGradV3,gradient_tape/efficientnetb0/block6d_project_bn/FusedBatchNormGradV3,2,12.288,6.144,12.288,6.144,0.00010700566097217395,0.943358197461775,0.0,0.0
498,Device,MatMul,gradient_tape/efficientnetb0/predictions/MatMul/MatMul_1,2,12.288,6.144,12.288,6.144,0.00010700566097217395,0.9434652031227472,0.0,0.0
499,Device,FusedBatchNormGradV3,gradient_tape/efficientnetb0/block5a_project_bn/FusedBatchNormGradV3,2,11.265,5.6325,11.265,5.6325,9.809723070080889e-05,0.9435633003534479,0.0,0.0
500,Device,ResourceApplyGradientDescent,SGD/SGD/update_205/ResourceApplyGradientDescent,2,11.264,5.632,11.264,5.632,9.808852255782611e-05,0.9436613888760057,0.0,0.0
501,Host,IDLE,IDLE,0,294654.294,0.0,294654.294,0.0,0.0,0.0,0.9974980749904907,0.9974980749904907
502,Host,GatherV2,GatherV2,2,335.015,167.5075,335.015,167.5075,0.0,0.0,0.0011341318433083457,0.998632206833799
503,Host,Dataset,Iterator::Root::ParallelMapV2,2,59.501,29.7505,59.501,29.7505,0.0,0.0,0.00020142972347115764,0.9988336365572702
504,Host,FlushSummaryWriter,FlushSummaryWriter,1,52.371,52.371,52.371,52.371,0.0,0.0,0.00017729241605868805,0.9990109289733289
505,Host,Dataset,Iterator::Root::ParallelMapV2::Zip[1]::ForeverRepeat,2,56.471,28.2355,52.241,26.1205,0.0,0.0,0.00017685232489969492,0.9991877812982286
506,Host,IteratorGetNext,IteratorGetNext,2,47.79,23.895,47.79,23.895,0.0,0.0,0.0001617842806790915,0.9993495655789078
507,Host,Dataset,Iterator::Root,2,96.292,48.146,36.791,18.3955,0.0,0.0,0.0001245491833116647,0.9994741147622194
508,Host,LogicalAnd,LogicalAnd,1,31.371,31.371,31.371,31.371,0.0,0.0,0.00010620076729825863,0.9995803155295176
509,Host,Dataset,Iterator::Root::ParallelMapV2::Zip[0]::FlatMap[1]::Concatenate[0]::TensorSlice,2,28.57,14.285,28.57,14.285,0.0,0.0,9.671849548026041e-05,0.9996770340249979
510,Host,GatherV2,GatherV2_1,2,25.55,12.775,25.55,12.775,0.0,0.0,8.649483932518913e-05,0.9997635288643231
511,Host,WriteSummary,WriteSummary,1,22.241,22.241,22.241,22.241,0.0,0.0,7.529282667051004e-05,0.9998388216909936
512,Host,Dataset,Iterator::Root::ParallelMapV2::Zip[0]::FlatMap[1]::Concatenate,2,44.83,22.415,16.26,8.13,0.0,0.0,5.504524804021821e-05,0.9998938669390338
513,Host,Dataset,Iterator::Root::ParallelMapV2::Zip,2,115.162,57.581,9.58,4.79,0.0,0.0,3.243133310118637e-05,0.999926298272135
514,Host,ReadVariableOp,ReadVariableOp,1,6.47,6.47,6.47,6.47,0.0,0.0,2.190299845142754e-05,0.9999482012705864
515,Host,Dataset,Iterator::Root::ParallelMapV2::Zip[0]::FlatMap,2,49.111,24.5555,4.281,2.1405,0.0,0.0,1.4492540397304682e-05,0.9999626938109837
516,Host,Dataset,Iterator::Root::ParallelMapV2::Zip[1]::ForeverRepeat::FromTensor,4,4.23,1.0575,4.23,1.0575,0.0,0.0,1.431988925031507e-05,0.999977013700234
517,Host,_Send,IteratorGetNext/_1,2,4.15,2.075,4.15,2.075,0.0,0.0,1.404906392170391e-05,0.9999910627641556
518,Host,Identity,Identity,2,2.64,1.32,2.64,1.32,0.0,0.0,8.93723584416827e-06,0.9999999999999998
