Rank,Host/device,Type,Operation,#Occurrences,Total time (us),Avg. time (us),Total self-time (us),Avg. self-time (us),Total self-time on Device (%),Cumulative total-self time on Device (%),Total self-time on Host (%),Cumulative total-self time on Host (%)
1,Device,DepthwiseConv2dNativeBackpropFilter,gradient_tape/efficientnetb0/block1a_dwconv/depthwise/DepthwiseConv2dNativeBackpropFilter,2,53260.358,26630.179,53260.358,26630.179,0.2291435618175719,0.2291435618175719,0.0,0.0
2,Device,IDLE,IDLE,0,21653.532,0.0,21653.532,0.0,0.09316061015607088,0.3223041719736428,0.0,0.0
3,Device,DepthwiseConv2dNativeBackpropFilter,gradient_tape/efficientnetb0/block2b_dwconv/depthwise/DepthwiseConv2dNativeBackpropFilter,2,14651.41,7325.705,14651.41,7325.705,0.06303518036903903,0.38533935234268185,0.0,0.0
4,Device,DepthwiseConv2dNativeBackpropFilter,gradient_tape/efficientnetb0/block2a_dwconv/depthwise/DepthwiseConv2dNativeBackpropFilter,2,14461.972,7230.986,14461.972,7230.986,0.06222015584247469,0.44755950818515655,0.0,0.0
5,Device,DepthwiseConv2dNativeBackpropFilter,gradient_tape/efficientnetb0/block3a_dwconv/depthwise/DepthwiseConv2dNativeBackpropFilter,2,8221.706,4110.853,8221.706,4110.853,0.03537248091830141,0.48293198910345797,0.0,0.0
6,Device,FusedBatchNormGradV3,gradient_tape/efficientnetb0/block2a_expand_bn/FusedBatchNormGradV3,2,2044.93,1022.465,2044.93,1022.465,0.008797960837356882,0.49172994994081487,0.0,0.0
7,Device,DepthwiseConv2dNativeBackpropFilter,gradient_tape/efficientnetb0/block4a_dwconv/depthwise/DepthwiseConv2dNativeBackpropFilter,2,1345.537,672.7685,1345.537,672.7685,0.005788942326248168,0.49751889226706303,0.0,0.0
8,Device,FusedBatchNormV3,efficientnetb0/block2a_expand_bn/FusedBatchNormV3,4,1273.857,318.46425,1273.857,318.46425,0.005480551411731906,0.5029994436787949,0.0,0.0
9,Device,Conv2DBackpropFilter,gradient_tape/efficientnetb0/block2a_expand_conv/Conv2D/Conv2DBackpropFilter,2,1242.114,621.057,1242.114,621.057,0.005343982594774739,0.5083434262735697,0.0,0.0
10,Device,Mul,SGD/gradients/mul_136,2,1239.042,619.521,1239.042,619.521,0.005330765841295469,0.5136741921148651,0.0,0.0
11,Device,Mul,SGD/gradients/mul_135,2,1235.97,617.985,1235.97,617.985,0.005317549087816202,0.5189917412026813,0.0,0.0
12,Device,Mul,SGD/gradients/mul_137,2,1231.874,615.937,1231.874,615.937,0.005299926749843844,0.5242916679525251,0.0,0.0
13,Device,Mul,efficientnetb0/block2a_expand_activation/mul,2,1226.754,613.377,1226.754,613.377,0.005277898827378396,0.5295695667799035,0.0,0.0
14,Device,_Send,IteratorGetNext/_3,1,1218.53,1218.53,1218.53,1218.53,0.005242516476918271,0.5348120832568218,0.0,0.0
15,Device,DepthwiseConv2dNativeBackpropInput,gradient_tape/efficientnetb0/block2a_dwconv/depthwise/DepthwiseConv2dNativeBackpropInput,2,1187.84,593.92,1187.84,593.92,0.005110478011983783,0.5399225612688057,0.0,0.0
16,Device,_Recv,IteratorGetNext/_4,1,1176.961,1176.961,1176.961,1176.961,0.005063672979073315,0.544986234247879,0.0,0.0
17,Device,DepthwiseConv2dNativeBackpropFilter,gradient_tape/efficientnetb0/block6a_dwconv/depthwise/DepthwiseConv2dNativeBackpropFilter,2,1018.881,509.4405,1018.881,509.4405,0.004383560872952628,0.5493697951208316,0.0,0.0
18,Device,Slice,gradient_tape/efficientnetb0/block2a_dwconv_pad/Slice_1,2,963.586,481.793,963.586,481.793,0.004145663612654403,0.5535154587334861,0.0,0.0
19,Device,Pad,efficientnetb0/block2a_dwconv_pad/Pad,2,893.953,446.9765,893.953,446.9765,0.0038460795647957124,0.5573615382982817,0.0,0.0
20,Device,FusedBatchNormGradV3,gradient_tape/efficientnetb0/stem_bn/FusedBatchNormGradV3,2,868.354,434.177,868.354,434.177,0.0037359442547970825,0.5610974825530788,0.0,0.0
21,Device,FusedBatchNormGradV3,gradient_tape/efficientnetb0/block1a_bn/FusedBatchNormGradV3,2,867.33,433.665,867.33,433.665,0.0037315386703039933,0.5648290212233827,0.0,0.0
22,Device,Sigmoid,SGD/gradients/Sigmoid_45,2,860.162,430.081,860.162,430.081,0.0037006995788523666,0.5685297208022351,0.0,0.0
23,Device,Sigmoid,efficientnetb0/block2a_expand_activation/Sigmoid,2,860.161,430.0805,860.161,430.0805,0.00370069527652376,0.5722304160787588,0.0,0.0
24,Device,Sub,SGD/gradients/sub_45,2,833.536,416.768,833.536,416.768,0.003586145777374827,0.5758165618561336,0.0,0.0
25,Device,AddV2,SGD/gradients/add_45,2,827.392,413.696,827.392,413.696,0.003559712270416291,0.5793762741265499,0.0,0.0
26,Device,FusedBatchNormGradV3,gradient_tape/efficientnetb0/block2b_expand_bn/FusedBatchNormGradV3,2,799.746,399.873,799.746,399.873,0.003440770093760088,0.58281704422031,0.0,0.0
27,Device,FusedBatchNormGradV3,gradient_tape/efficientnetb0/block3a_expand_bn/FusedBatchNormGradV3,2,796.674,398.337,796.674,398.337,0.0034275533402808194,0.5862445975605908,0.0,0.0
28,Device,FusedBatchNormGradV3,gradient_tape/efficientnetb0/block2b_bn/FusedBatchNormGradV3,2,794.626,397.313,794.626,397.313,0.0034187421712946406,0.5896633397318854,0.0,0.0
29,Device,FusedBatchNormGradV3,gradient_tape/efficientnetb0/block1a_project_bn/FusedBatchNormGradV3,2,696.32,348.16,696.32,348.16,0.002995797455300839,0.5926591371871863,0.0,0.0
30,Device,DepthwiseConv2dNative,efficientnetb0/block2a_dwconv/depthwise,2,679.937,339.9685,679.937,339.9685,0.002925312405740014,0.5955844495929263,0.0,0.0
31,Device,Conv2DBackpropFilter,gradient_tape/efficientnetb0/block2b_project_conv/Conv2D/Conv2DBackpropFilter,2,647.169,323.5845,647.169,323.5845,0.0027843337019611506,0.5983687832948875,0.0,0.0
32,Device,Conv2DBackpropInput,gradient_tape/efficientnetb0/block2a_expand_conv/Conv2D/Conv2DBackpropInput,2,622.594,311.297,622.594,311.297,0.0026786039764556103,0.6010473872713431,0.0,0.0
33,Device,Conv2DBackpropFilter,gradient_tape/efficientnetb0/block2b_expand_conv/Conv2D/Conv2DBackpropFilter,2,603.136,301.568,603.136,301.568,0.002594889266429697,0.6036422765377728,0.0,0.0
34,Device,Conv2D,efficientnetb0/block2a_expand_conv/Conv2D,2,594.946,297.473,594.946,297.473,0.0025596531951421943,0.606201929732915,0.0,0.0
35,Device,Conv2DBackpropFilter,gradient_tape/efficientnetb0/block3a_expand_conv/Conv2D/Conv2DBackpropFilter,2,591.872,295.936,591.872,295.936,0.0025464278370057125,0.6087483575699207,0.0,0.0
36,Device,DepthwiseConv2dNativeBackpropInput,gradient_tape/efficientnetb0/block2b_dwconv/depthwise/DepthwiseConv2dNativeBackpropInput,2,571.393,285.6965,571.393,285.6965,0.0024583204494725303,0.6112066780193933,0.0,0.0
37,Device,DepthwiseConv2dNativeBackpropInput,gradient_tape/efficientnetb0/block3a_dwconv/depthwise/DepthwiseConv2dNativeBackpropInput,2,568.321,284.1605,568.321,284.1605,0.002445103695993262,0.6136517817153866,0.0,0.0
38,Device,Conv2DBackpropFilter,gradient_tape/efficientnetb0/block1a_project_conv/Conv2D/Conv2DBackpropFilter,2,545.792,272.896,545.792,272.896,0.002348176534816687,0.6159999582502033,0.0,0.0
39,Device,DepthwiseConv2dNative,efficientnetb0/block2b_dwconv/depthwise,2,531.456,265.728,531.456,265.728,0.0022864983519134342,0.6182864566021167,0.0,0.0
40,Device,FusedBatchNormGradV3,gradient_tape/efficientnetb0/block2a_bn/FusedBatchNormGradV3,2,522.24,261.12,522.24,261.12,0.002246848091475629,0.6205333046935924,0.0,0.0
41,Device,DepthwiseConv2dNativeBackpropInput,gradient_tape/efficientnetb0/block1a_dwconv/depthwise/DepthwiseConv2dNativeBackpropInput,2,517.12,258.56,517.12,258.56,0.0022248201690101815,0.6227581248626025,0.0,0.0
42,Device,FusedBatchNormV3,efficientnetb0/stem_bn/FusedBatchNormV3,4,498.688,124.672,498.688,124.672,0.002145519648134571,0.6249036445107371,0.0,0.0
43,Device,FusedBatchNormV3,efficientnetb0/block1a_bn/FusedBatchNormV3,4,497.664,124.416,497.664,124.416,0.002141114063641482,0.6270447585743786,0.0,0.0
44,Device,DepthwiseConv2dNative,efficientnetb0/block1a_dwconv/depthwise,2,496.642,248.321,496.642,248.321,0.0021367170838056055,0.6291814756581842,0.0,0.0
45,Device,Conv2DBackpropFilter,gradient_tape/efficientnetb0/stem_conv/Conv2D/Conv2DBackpropFilter,2,489.472,244.736,489.472,244.736,0.002105869387696766,0.6312873450458809,0.0,0.0
46,Device,AddN,SGD/gradients/AddN_21,2,488.45,244.225,488.45,244.225,0.0021014724078608897,0.6333888174537418,0.0,0.0
47,Device,FusedBatchNormV3,efficientnetb0/block2b_bn/FusedBatchNormV3,4,484.353,121.08825,484.353,121.08825,0.0020838457675599253,0.6354726632213017,0.0,0.0
48,Device,FusedBatchNormV3,efficientnetb0/block3a_expand_bn/FusedBatchNormV3,4,483.328,120.832,483.328,120.832,0.002079435880738229,0.6375520991020399,0.0,0.0
49,Device,FusedBatchNormV3,efficientnetb0/block2b_expand_bn/FusedBatchNormV3,4,482.304,120.576,482.304,120.576,0.0020750302962451394,0.639627129398285,0.0,0.0
50,Device,Mul,SGD/gradients/mul_123,2,467.968,233.984,467.968,233.984,0.002013352113341887,0.6416404815116269,0.0,0.0
51,Device,Mul,SGD/gradients/mul_119,2,466.944,233.472,466.944,233.472,0.002008946528848798,0.6436494280404756,0.0,0.0
52,Device,Mul,gradient_tape/efficientnetb0/block2b_se_excite/mul/Mul_1,2,465.922,232.961,465.922,232.961,0.0020045495490129215,0.6456539775894886,0.0,0.0
53,Device,Mul,SGD/gradients/mul_117,2,465.921,232.9605,465.921,232.9605,0.002004545246684315,0.647658522836173,0.0,0.0
54,Device,Mul,SGD/gradients/mul_124,2,465.921,232.9605,465.921,232.9605,0.002004545246684315,0.6496630680828573,0.0,0.0
55,Device,Mul,SGD/gradients/mul_118,2,465.92,232.96,465.92,232.96,0.002004540944355708,0.6516676090272131,0.0,0.0
56,Device,Mul,SGD/gradients/mul_125,2,465.92,232.96,465.92,232.96,0.002004540944355708,0.6536721499715689,0.0,0.0
57,Device,Mul,efficientnetb0/block2b_activation/mul,2,465.92,232.96,465.92,232.96,0.002004540944355708,0.6556766909159246,0.0,0.0
58,Device,Mul,efficientnetb0/block3a_expand_activation/mul,2,464.897,232.4485,464.897,232.4485,0.002000139662191225,0.6576768305781159,0.0,0.0
59,Device,Mul,SGD/gradients/mul_126,2,464.896,232.448,464.896,232.448,0.002000135359862619,0.6596769659379785,0.0,0.0
60,Device,Mul,SGD/gradients/mul_128,2,464.896,232.448,464.896,232.448,0.002000135359862619,0.6616771012978412,0.0,0.0
61,Device,Mul,SGD/gradients/mul_127,2,463.873,231.9365,463.873,231.9365,0.0019957340776981356,0.6636728353755393,0.0,0.0
62,Device,Mul,efficientnetb0/block2b_expand_activation/mul,2,463.872,231.936,463.872,231.936,0.0019957297753695293,0.6656685651509089,0.0,0.0
63,Device,DepthwiseConv2dNativeBackpropInput,gradient_tape/efficientnetb0/block3b_dwconv/depthwise/DepthwiseConv2dNativeBackpropInput,2,451.584,225.792,451.584,225.792,0.0019428627614524556,0.6676114279123614,0.0,0.0
64,Device,AddN,SGD/gradients/AddN_24,2,430.08,215.04,430.08,215.04,0.0018503454870975767,0.669461773399459,0.0,0.0
65,Device,DepthwiseConv2dNativeBackpropFilter,gradient_tape/efficientnetb0/block3b_dwconv/depthwise/DepthwiseConv2dNativeBackpropFilter,2,429.056,214.528,429.056,214.528,0.0018459399026044872,0.6713077133020635,0.0,0.0
66,Device,Mul,SGD/gradients/mul_144,2,418.816,209.408,418.816,209.408,0.0018018840576735926,0.6731095973597371,0.0,0.0
67,Device,Mul,SGD/gradients/mul_143,2,417.792,208.896,417.792,208.896,0.0017974784731805032,0.6749070758329175,0.0,0.0
68,Device,Mul,efficientnetb0/stem_activation/mul,2,415.744,207.872,415.744,207.872,0.0017886673041943243,0.6766957431371119,0.0,0.0
69,Device,Mul,SGD/gradients/mul_141,2,414.722,207.361,414.722,207.361,0.0017842703243584478,0.6784800134614704,0.0,0.0
70,Device,Mul,efficientnetb0/block1a_activation/mul,2,414.721,207.3605,414.721,207.3605,0.0017842660220298413,0.6802642794835002,0.0,0.0
71,Device,Mul,SGD/gradients/mul_142,2,414.72,207.36,414.72,207.36,0.001784261719701235,0.6820485412032015,0.0,0.0
72,Device,Mul,SGD/gradients/mul_146,2,414.72,207.36,414.72,207.36,0.001784261719701235,0.6838328029229027,0.0,0.0
73,Device,Mul,SGD/gradients/mul_145,2,413.696,206.848,413.696,206.848,0.0017798561352081455,0.6856126590581109,0.0,0.0
74,Device,Mul,gradient_tape/efficientnetb0/block1a_se_excite/mul/Mul_1,2,413.696,206.848,413.696,206.848,0.0017798561352081455,0.687392515193319,0.0,0.0
75,Device,FusedBatchNormV3,efficientnetb0/block1a_project_bn/FusedBatchNormV3,4,384.0,96.0,384.0,96.0,0.0016520941849085507,0.6890446093782275,0.0,0.0
76,Device,DepthwiseConv2dNative,efficientnetb0/block3a_dwconv/depthwise,2,364.544,182.272,364.544,182.272,0.0015683880795398508,0.6906129974577674,0.0,0.0
77,Device,Slice,gradient_tape/efficientnetb0/block3a_dwconv_pad/Slice_1,2,360.449,180.2245,360.449,180.2245,0.0015507700438960996,0.6921637675016635,0.0,0.0
78,Device,Pad,efficientnetb0/block3a_dwconv_pad/Pad,2,355.328,177.664,355.328,177.664,0.0015287378191020456,0.6936925053207655,0.0,0.0
79,Device,Conv2DBackpropFilter,gradient_tape/efficientnetb0/block2a_project_conv/Conv2D/Conv2DBackpropFilter,2,354.305,177.1525,354.305,177.1525,0.0015243365369375626,0.695216841857703,0.0,0.0
80,Device,FusedBatchNormGradV3,gradient_tape/efficientnetb0/block3b_bn/FusedBatchNormGradV3,2,332.801,166.4005,332.801,166.4005,0.0014318192625826839,0.6966486611202858,0.0,0.0
81,Device,FusedBatchNormGradV3,gradient_tape/efficientnetb0/block4a_expand_bn/FusedBatchNormGradV3,2,332.801,166.4005,332.801,166.4005,0.0014318192625826839,0.6980804803828685,0.0,0.0
82,Device,FusedBatchNormGradV3,gradient_tape/efficientnetb0/block3b_expand_bn/FusedBatchNormGradV3,2,332.8,166.4,332.8,166.4,0.0014318149602540774,0.6995122953431226,0.0,0.0
83,Device,Sigmoid,efficientnetb0/block2b_expand_activation/Sigmoid,2,326.658,163.329,326.658,163.329,0.0014053900579527536,0.7009176854010754,0.0,0.0
84,Device,Sigmoid,SGD/gradients/Sigmoid_42,2,326.657,163.3285,326.657,163.3285,0.001405385755624147,0.7023230711566995,0.0,0.0
85,Device,Sigmoid,efficientnetb0/block2b_activation/Sigmoid,2,325.633,162.8165,325.633,162.8165,0.0014009801711310575,0.7037240513278306,0.0,0.0
86,Device,Sigmoid,SGD/gradients/Sigmoid_41,2,325.632,162.816,325.632,162.816,0.001400975868802451,0.7051250271966331,0.0,0.0
87,Device,Sigmoid,efficientnetb0/block3a_expand_activation/Sigmoid,2,324.609,162.3045,324.609,162.3045,0.001396574586637968,0.7065216017832711,0.0,0.0
88,Device,Sigmoid,SGD/gradients/Sigmoid_39,2,323.584,161.792,323.584,161.792,0.001392164699816272,0.7079137664830873,0.0,0.0
89,Device,AddN,SGD/gradients/AddN_23,2,322.561,161.2805,322.561,161.2805,0.001387763417651789,0.7093015299007391,0.0,0.0
90,Device,Mul,gradient_tape/efficientnetb0/block2b_se_excite/mul/Mul,2,319.488,159.744,319.488,159.744,0.0013745423618439143,0.710676072262583,0.0,0.0
91,Device,Mul,SGD/gradients/mul_133,2,317.441,158.7205,317.441,158.7205,0.0013657354951863417,0.7120418077577694,0.0,0.0
92,Device,AddV2,SGD/gradients/add_39,2,316.417,158.2085,316.417,158.2085,0.0013613299106932522,0.7134031376684626,0.0,0.0
93,Device,FusedBatchNormV3,efficientnetb0/block2a_bn/FusedBatchNormV3,4,316.416,79.104,316.416,79.104,0.0013613256083646458,0.7147644632768273,0.0,0.0
94,Device,Mul,gradient_tape/efficientnetb0/block2b_se_squeeze/truediv,2,316.416,158.208,316.416,158.208,0.0013613256083646458,0.716125788885192,0.0,0.0
95,Device,AddV2,SGD/gradients/add_41,2,315.393,157.6965,315.393,157.6965,0.0013569243262001628,0.7174827132113921,0.0,0.0
96,Device,Sub,SGD/gradients/sub_41,2,315.392,157.696,315.392,157.696,0.0013569200238715564,0.7188396332352637,0.0,0.0
97,Device,AddV2,SGD/gradients/add_42,2,313.345,156.6725,313.345,156.6725,0.001348113157213984,0.7201877463924776,0.0,0.0
98,Device,DepthwiseConv2dNativeBackpropFilter,gradient_tape/efficientnetb0/block5c_dwconv/depthwise/DepthwiseConv2dNativeBackpropFilter,2,313.345,156.6725,313.345,156.6725,0.001348113157213984,0.7215358595496916,0.0,0.0
99,Device,Mul,SGD/gradients/mul_132,2,313.344,156.672,313.344,156.672,0.0013481088548853773,0.7228839684045769,0.0,0.0
100,Device,Mul,SGD/gradients/mul_134,2,313.344,156.672,313.344,156.672,0.0013481088548853773,0.7242320772594623,0.0,0.0
101,Device,Sub,SGD/gradients/sub_39,2,313.344,156.672,313.344,156.672,0.0013481088548853773,0.7255801861143476,0.0,0.0
102,Device,Mul,efficientnetb0/block2a_activation/mul,2,312.321,156.1605,312.321,156.1605,0.0013437075727208946,0.7269238936870684,0.0,0.0
103,Device,Mul,efficientnetb0/block2b_se_excite/mul,2,312.321,156.1605,312.321,156.1605,0.0013437075727208946,0.7282676012597893,0.0,0.0
104,Device,DepthwiseConv2dNativeBackpropInput,gradient_tape/efficientnetb0/block5b_dwconv/depthwise/DepthwiseConv2dNativeBackpropInput,2,312.321,156.1605,312.321,156.1605,0.0013437075727208946,0.7296113088325101,0.0,0.0
105,Device,Sub,SGD/gradients/sub_42,2,312.32,156.16,312.32,156.16,0.001343703270392288,0.7309550121029024,0.0,0.0
106,Device,Mul,gradient_tape/efficientnetb0/block2a_se_excite/mul/Mul_1,2,312.32,156.16,312.32,156.16,0.001343703270392288,0.7322987153732946,0.0,0.0
107,Device,DepthwiseConv2dNativeBackpropFilter,gradient_tape/efficientnetb0/block5b_dwconv/depthwise/DepthwiseConv2dNativeBackpropFilter,2,312.32,156.16,312.32,156.16,0.001343703270392288,0.7336424186436868,0.0,0.0
108,Device,DepthwiseConv2dNativeBackpropInput,gradient_tape/efficientnetb0/block5c_dwconv/depthwise/DepthwiseConv2dNativeBackpropInput,2,311.296,155.648,311.296,155.648,0.0013392976858991985,0.7349817163295861,0.0,0.0
109,Device,Sigmoid,efficientnetb0/stem_activation/Sigmoid,2,290.816,145.408,290.816,145.408,0.001251185996037409,0.7362329023256236,0.0,0.0
110,Device,Sigmoid,SGD/gradients/Sigmoid_47,2,289.792,144.896,289.792,144.896,0.0012467804115443195,0.7374796827371679,0.0,0.0
111,Device,Sigmoid,efficientnetb0/block1a_activation/Sigmoid,2,289.792,144.896,289.792,144.896,0.0012467804115443195,0.7387264631487123,0.0,0.0
112,Device,Mul,gradient_tape/efficientnetb0/block1a_se_excite/mul/Mul,2,285.696,142.848,285.696,142.848,0.0012291580735719618,0.7399556212222842,0.0,0.0
113,Device,Conv2DBackpropFilter,gradient_tape/efficientnetb0/top_conv/Conv2D/Conv2DBackpropFilter,2,281.601,140.8005,281.601,140.8005,0.0012115400379282104,0.7411671612602124,0.0,0.0
114,Device,Mul,gradient_tape/efficientnetb0/block1a_se_squeeze/truediv,2,280.578,140.289,280.578,140.289,0.0012071387557637274,0.7423743000159762,0.0,0.0
115,Device,AddV2,SGD/gradients/add_47,2,280.576,140.288,280.576,140.288,0.0012071301511065145,0.7435814301670827,0.0,0.0
116,Device,Sub,SGD/gradients/sub_47,2,280.576,140.288,280.576,140.288,0.0012071301511065145,0.7447885603181892,0.0,0.0
117,Device,Sub,SGD/gradients/sub_48,2,280.576,140.288,280.576,140.288,0.0012071301511065145,0.7459956904692957,0.0,0.0
118,Device,AddV2,SGD/gradients/add_48,2,279.554,139.777,279.554,139.777,0.001202733171270638,0.7471984236405663,0.0,0.0
119,Device,Sigmoid,SGD/gradients/Sigmoid_48,2,277.504,138.752,277.504,138.752,0.001193913397627246,0.7483923370381935,0.0,0.0
120,Device,Mul,efficientnetb0/block1a_se_excite/mul,2,277.504,138.752,277.504,138.752,0.001193913397627246,0.7495862504358207,0.0,0.0
121,Device,Conv2D,efficientnetb0/block2b_expand_conv/Conv2D,2,272.384,136.192,272.384,136.192,0.0011718854751617987,0.7507581359109825,0.0,0.0
122,Device,Conv2D,efficientnetb0/block3a_expand_conv/Conv2D,2,271.36,135.68,271.36,135.68,0.0011674798906687093,0.7519256158016512,0.0,0.0
123,Device,Conv2DBackpropInput,gradient_tape/efficientnetb0/block2b_project_conv/Conv2D/Conv2DBackpropInput,2,268.288,134.144,268.288,134.144,0.0011542631371894408,0.7530798789388407,0.0,0.0
124,Device,Tile,gradient_tape/efficientnetb0/block2b_se_squeeze/Tile,2,256.0,128.0,256.0,128.0,0.001101396123272367,0.754181275062113,0.0,0.0
125,Device,Conv2DBackpropInput,gradient_tape/efficientnetb0/top_conv/Conv2D/Conv2DBackpropInput,4,256.0,64.0,256.0,64.0,0.001101396123272367,0.7552826711853853,0.0,0.0
126,Device,Conv2DBackpropFilter,gradient_tape/efficientnetb0/block5c_project_conv/Conv2D/Conv2DBackpropFilter,4,253.953,63.48825,253.953,63.48825,0.0010925892566147947,0.7563752604420001,0.0,0.0
127,Device,Conv2DBackpropFilter,gradient_tape/efficientnetb0/block5b_project_conv/Conv2D/Conv2DBackpropFilter,4,252.928,63.232,252.928,63.232,0.0010881793697930988,0.7574634398117932,0.0,0.0
128,Device,Conv2DBackpropInput,gradient_tape/efficientnetb0/block2b_expand_conv/Conv2D/Conv2DBackpropInput,2,242.688,121.344,242.688,121.344,0.001044123524862204,0.7585075633366554,0.0,0.0
129,Device,Conv2D,efficientnetb0/block1a_project_conv/Conv2D,2,241.664,120.832,241.664,120.832,0.0010397179403691145,0.7595472812770245,0.0,0.0
130,Device,Conv2DBackpropFilter,gradient_tape/efficientnetb0/block3b_project_conv/Conv2D/Conv2DBackpropFilter,2,236.544,118.272,236.544,118.272,0.0010176900179036674,0.7605649712949282,0.0,0.0
131,Device,Conv2DBackpropInput,gradient_tape/efficientnetb0/block1a_project_conv/Conv2D/Conv2DBackpropInput,2,235.522,117.761,235.522,117.761,0.0010132930380677909,0.7615782643329959,0.0,0.0
132,Device,Conv2D,efficientnetb0/stem_conv/Conv2D,2,234.497,117.2485,234.497,117.2485,0.001008883151246095,0.7625871474842421,0.0,0.0
133,Device,Conv2DBackpropInput,gradient_tape/efficientnetb0/block3a_expand_conv/Conv2D/Conv2DBackpropInput,2,232.448,116.224,232.448,116.224,0.0010000676799313095,0.7635872151641734,0.0,0.0
134,Device,Tile,gradient_tape/efficientnetb0/block1a_se_squeeze/Tile,2,229.376,114.688,229.376,114.688,0.000986850926452041,0.7645740660906254,0.0,0.0
135,Device,DepthwiseConv2dNativeBackpropInput,gradient_tape/efficientnetb0/block5a_dwconv/depthwise/DepthwiseConv2dNativeBackpropInput,2,226.304,113.152,226.304,113.152,0.0009736341729727725,0.7655477002635982,0.0,0.0
136,Device,DepthwiseConv2dNativeBackpropFilter,gradient_tape/efficientnetb0/block5a_dwconv/depthwise/DepthwiseConv2dNativeBackpropFilter,2,225.28,112.64,225.28,112.64,0.0009692285884796831,0.7665169288520779,0.0,0.0
137,Device,Sigmoid,SGD/gradients/Sigmoid_44,2,219.136,109.568,219.136,109.568,0.0009427950815211462,0.7674597239335991,0.0,0.0
138,Device,Conv2DBackpropFilter,gradient_tape/efficientnetb0/block3b_expand_conv/Conv2D/Conv2DBackpropFilter,2,219.136,109.568,219.136,109.568,0.0009427950815211462,0.7684025190151202,0.0,0.0
139,Device,Sigmoid,efficientnetb0/block2a_activation/Sigmoid,2,218.112,109.056,218.112,109.056,0.0009383894970280568,0.7693409085121483,0.0,0.0
140,Device,DepthwiseConv2dNativeBackpropInput,gradient_tape/efficientnetb0/block6a_dwconv/depthwise/DepthwiseConv2dNativeBackpropInput,2,218.112,109.056,218.112,109.056,0.0009383894970280568,0.7702792980091764,0.0,0.0
141,Device,Mul,gradient_tape/efficientnetb0/block2a_se_excite/mul/Mul,2,216.064,108.032,216.064,108.032,0.0009295783280418779,0.7712088763372182,0.0,0.0
142,Device,Sub,SGD/gradients/sub_44,2,211.968,105.984,211.968,105.984,0.00091195599006952,0.7721208323272878,0.0,0.0
143,Device,Mul,gradient_tape/efficientnetb0/block2a_se_squeeze/truediv,2,211.968,105.984,211.968,105.984,0.00091195599006952,0.7730327883173573,0.0,0.0
144,Device,Conv2DBackpropFilter,gradient_tape/efficientnetb0/block7a_project_conv/Conv2D/Conv2DBackpropFilter,4,211.968,52.992,211.968,52.992,0.00091195599006952,0.7739447443074269,0.0,0.0
145,Device,AddV2,SGD/gradients/add_44,2,210.945,105.4725,210.945,105.4725,0.000907554707905037,0.7748522990153319,0.0,0.0
146,Device,Conv2DBackpropFilter,gradient_tape/efficientnetb0/block4a_expand_conv/Conv2D/Conv2DBackpropFilter,2,210.945,105.4725,210.945,105.4725,0.000907554707905037,0.775759853723237,0.0,0.0
147,Device,DepthwiseConv2dNativeBackpropInput,gradient_tape/efficientnetb0/block4a_dwconv/depthwise/DepthwiseConv2dNativeBackpropInput,2,209.921,104.9605,209.921,104.9605,0.0009031491234119476,0.7766630028466489,0.0,0.0
148,Device,FusedBatchNormGradV3,gradient_tape/efficientnetb0/block2b_project_bn/FusedBatchNormGradV3,2,208.897,104.4485,208.897,104.4485,0.0008987435389188581,0.7775617463855677,0.0,0.0
149,Device,Mul,efficientnetb0/block2a_se_excite/mul,2,207.873,103.9365,207.873,103.9365,0.0008943379544257686,0.7784560843399935,0.0,0.0
150,Device,FusedBatchNormV3,efficientnetb0/block3b_bn/FusedBatchNormV3,4,207.873,51.96825,207.873,51.96825,0.0008943379544257686,0.7793504222944192,0.0,0.0
151,Device,DepthwiseConv2dNative,efficientnetb0/block3b_dwconv/depthwise,2,207.872,103.936,207.872,103.936,0.0008943336520971622,0.7802447559465163,0.0,0.0
152,Device,FusedBatchNormV3,efficientnetb0/block3b_expand_bn/FusedBatchNormV3,4,206.848,51.712,206.848,51.712,0.0008899280676040727,0.7811346840141203,0.0,0.0
153,Device,FusedBatchNormGradV3,gradient_tape/efficientnetb0/block2a_project_bn/FusedBatchNormGradV3,2,203.777,101.8885,203.777,101.8885,0.0008767156164534107,0.7820113996305738,0.0,0.0
154,Device,AddN,SGD/gradients/AddN_18,2,203.776,101.888,203.776,101.888,0.0008767113141248043,0.7828881109446986,0.0,0.0
155,Device,FusedBatchNormV3,efficientnetb0/block4a_expand_bn/FusedBatchNormV3,4,202.752,50.688,202.752,50.688,0.0008723057296317148,0.7837604166743303,0.0,0.0
156,Device,FusedBatchNormGradV3,gradient_tape/efficientnetb0/block3a_bn/FusedBatchNormGradV3,2,200.704,100.352,200.704,100.352,0.0008634945606455359,0.7846239112349758,0.0,0.0
157,Device,Mul,SGD/gradients/mul_108,2,199.681,99.8405,199.681,99.8405,0.000859093278481053,0.7854830045134569,0.0,0.0
158,Device,Mul,SGD/gradients/mul_105,2,199.68,99.84,199.68,99.84,0.0008590889761524463,0.7863420934896094,0.0,0.0
159,Device,Mul,SGD/gradients/mul_107,2,198.657,99.3285,198.657,99.3285,0.0008546876939879635,0.7871967811835974,0.0,0.0
160,Device,Mul,SGD/gradients/mul_100,2,198.656,99.328,198.656,99.328,0.0008546833916593569,0.7880514645752568,0.0,0.0
161,Device,Mul,SGD/gradients/mul_99,2,198.656,99.328,198.656,99.328,0.0008546833916593569,0.7889061479669162,0.0,0.0
162,Device,Mul,gradient_tape/efficientnetb0/block3b_se_excite/mul/Mul_1,2,198.656,99.328,198.656,99.328,0.0008546833916593569,0.7897608313585756,0.0,0.0
163,Device,Mul,SGD/gradients/mul_109,2,197.632,98.816,197.632,98.816,0.0008502778071662675,0.7906111091657418,0.0,0.0
164,Device,SoftmaxCrossEntropyWithLogits,categorical_crossentropy/softmax_cross_entropy_with_logits,2,197.632,98.816,197.632,98.816,0.0008502778071662675,0.7914613869729081,0.0,0.0
165,Device,Mul,efficientnetb0/block3b_expand_activation/mul,2,197.632,98.816,197.632,98.816,0.0008502778071662675,0.7923116647800744,0.0,0.0
166,Device,Mul,efficientnetb0/block3b_activation/mul,2,196.609,98.3045,196.609,98.3045,0.0008458765250017845,0.7931575413050762,0.0,0.0
167,Device,Mul,efficientnetb0/block4a_expand_activation/mul,2,196.609,98.3045,196.609,98.3045,0.0008458765250017845,0.794003417830078,0.0,0.0
168,Device,Mul,SGD/gradients/mul_106,2,196.608,98.304,196.608,98.304,0.000845872222673178,0.7948492900527512,0.0,0.0
169,Device,Mul,SGD/gradients/mul_110,2,196.608,98.304,196.608,98.304,0.000845872222673178,0.7956951622754244,0.0,0.0
170,Device,Mul,SGD/gradients/mul_101,2,195.584,97.792,195.584,97.792,0.0008414666381800886,0.7965366289136044,0.0,0.0
171,Device,Conv2D,efficientnetb0/block2b_project_conv/Conv2D,2,193.537,96.7685,193.537,96.7685,0.0008326597715225161,0.7973692886851269,0.0,0.0
172,Device,Conv2DBackpropFilter,gradient_tape/efficientnetb0/block5c_expand_conv/Conv2D/Conv2DBackpropFilter,2,192.513,96.2565,192.513,96.2565,0.0008282541870294266,0.7981975428721564,0.0,0.0
173,Device,Conv2DBackpropFilter,gradient_tape/efficientnetb0/block6a_expand_conv/Conv2D/Conv2DBackpropFilter,2,191.488,95.744,191.488,95.744,0.0008238443002077306,0.7990213871723642,0.0,0.0
174,Device,Conv2DBackpropFilter,gradient_tape/efficientnetb0/block5b_expand_conv/Conv2D/Conv2DBackpropFilter,2,190.464,95.232,190.464,95.232,0.0008194387157146411,0.7998408258880788,0.0,0.0
175,Device,Conv2DBackpropInput,gradient_tape/efficientnetb0/block2a_project_conv/Conv2D/Conv2DBackpropInput,2,187.392,93.696,187.392,93.696,0.0008062219622353727,0.8006470478503142,0.0,0.0
176,Device,Conv2D,efficientnetb0/block7a_project_conv/Conv2D,2,179.201,89.6005,179.201,89.6005,0.0007709815886192635,0.8014180294389334,0.0,0.0
177,Device,Conv2DBackpropFilter,gradient_tape/efficientnetb0/block5a_project_conv/Conv2D/Conv2DBackpropFilter,2,178.176,89.088,178.176,89.088,0.0007665717017975675,0.802184601140731,0.0,0.0
178,Device,Tile,gradient_tape/efficientnetb0/block2a_se_squeeze/Tile,2,177.153,88.5765,177.153,88.5765,0.0007621704196330845,0.8029467715603641,0.0,0.0
179,Device,ArgMax,ArgMax,2,173.056,86.528,173.056,86.528,0.0007445437793321203,0.8036913153396962,0.0,0.0
180,Device,Conv2DBackpropInput,gradient_tape/efficientnetb0/block6c_expand_conv/Conv2D/Conv2DBackpropInput,4,172.032,43.008,172.032,43.008,0.0007401381948390308,0.8044314535345352,0.0,0.0
181,Device,Conv2DBackpropFilter,gradient_tape/efficientnetb0/block6c_project_conv/Conv2D/Conv2DBackpropFilter,4,171.009,42.75225,171.009,42.75225,0.0007357369126745478,0.8051671904472097,0.0,0.0
182,Device,Conv2DBackpropInput,gradient_tape/efficientnetb0/block6b_expand_conv/Conv2D/Conv2DBackpropInput,4,171.008,42.752,171.008,42.752,0.0007357326103459413,0.8059029230575557,0.0,0.0
183,Device,Conv2DBackpropFilter,gradient_tape/efficientnetb0/block6d_project_conv/Conv2D/Conv2DBackpropFilter,4,171.008,42.752,171.008,42.752,0.0007357326103459413,0.8066386556679017,0.0,0.0
184,Device,Conv2DBackpropInput,gradient_tape/efficientnetb0/block6d_expand_conv/Conv2D/Conv2DBackpropInput,4,169.984,42.496,169.984,42.496,0.0007313270258528518,0.8073699826937546,0.0,0.0
185,Device,Conv2DBackpropInput,gradient_tape/efficientnetb0/block7a_expand_conv/Conv2D/Conv2DBackpropInput,4,168.961,42.24025,168.961,42.24025,0.0007269257436883689,0.808096908437443,0.0,0.0
186,Device,Conv2DBackpropFilter,gradient_tape/efficientnetb0/block4b_project_conv/Conv2D/Conv2DBackpropFilter,2,168.96,84.48,168.96,84.48,0.0007269214413597624,0.8088238298788027,0.0,0.0
187,Device,Conv2DBackpropFilter,gradient_tape/efficientnetb0/block4c_project_conv/Conv2D/Conv2DBackpropFilter,2,168.96,84.48,168.96,84.48,0.0007269214413597624,0.8095507513201625,0.0,0.0
188,Device,Conv2DBackpropFilter,gradient_tape/efficientnetb0/block6b_project_conv/Conv2D/Conv2DBackpropFilter,4,167.936,41.984,167.936,41.984,0.0007225158568666728,0.8102732671770292,0.0,0.0
189,Device,Mean,efficientnetb0/block2b_se_squeeze/Mean,2,166.912,83.456,166.912,83.456,0.0007181102723735834,0.8109913774494028,0.0,0.0
190,Device,Sum,gradient_tape/efficientnetb0/block2b_se_excite/mul/Sum,2,165.888,82.944,165.888,82.944,0.0007137046878804939,0.8117050821372832,0.0,0.0
191,Device,Conv2D,efficientnetb0/block5b_project_conv/Conv2D,2,162.816,81.408,162.816,81.408,0.0007004879344012255,0.8124055700716845,0.0,0.0
192,Device,Conv2DBackpropFilter,gradient_tape/efficientnetb0/block3a_project_conv/Conv2D/Conv2DBackpropFilter,2,161.793,80.8965,161.793,80.8965,0.0006960866522367426,0.8131016567239212,0.0,0.0
193,Device,Conv2D,efficientnetb0/block5c_project_conv/Conv2D,2,161.792,80.896,161.792,80.896,0.000696082349908136,0.8137977390738294,0.0,0.0
194,Device,Conv2DBackpropInput,gradient_tape/efficientnetb0/block5c_expand_conv/Conv2D/Conv2DBackpropInput,2,159.744,79.872,159.744,79.872,0.0006872711809219571,0.8144850102547513,0.0,0.0
195,Device,Conv2DBackpropInput,gradient_tape/efficientnetb0/block6a_expand_conv/Conv2D/Conv2DBackpropInput,2,159.744,79.872,159.744,79.872,0.0006872711809219571,0.8151722814356732,0.0,0.0
196,Device,Conv2DBackpropInput,gradient_tape/efficientnetb0/block5b_expand_conv/Conv2D/Conv2DBackpropInput,2,158.72,79.36,158.72,79.36,0.0006828655964288676,0.815855147032102,0.0,0.0
197,Device,Conv2DBackpropFilter,gradient_tape/efficientnetb0/block7a_expand_conv/Conv2D/Conv2DBackpropFilter,4,158.72,39.68,158.72,39.68,0.0006828655964288676,0.8165380126285309,0.0,0.0
198,Device,Conv2DBackpropFilter,gradient_tape/efficientnetb0/block6c_expand_conv/Conv2D/Conv2DBackpropFilter,4,157.696,39.424,157.696,39.424,0.0006784600119357782,0.8172164726404667,0.0,0.0
199,Device,Conv2DBackpropFilter,gradient_tape/efficientnetb0/block6d_expand_conv/Conv2D/Conv2DBackpropFilter,4,157.696,39.424,157.696,39.424,0.0006784600119357782,0.8178949326524025,0.0,0.0
200,Device,DepthwiseConv2dNative,efficientnetb0/block5c_dwconv/depthwise,2,156.673,78.3365,156.673,78.3365,0.0006740587297712952,0.8185689913821739,0.0,0.0
201,Device,DepthwiseConv2dNative,efficientnetb0/block5b_dwconv/depthwise,2,155.649,77.8245,155.649,77.8245,0.0006696531452782058,0.8192386445274521,0.0,0.0
202,Device,DepthwiseConv2dNativeBackpropInput,gradient_tape/efficientnetb0/block6b_dwconv/depthwise/DepthwiseConv2dNativeBackpropInput,2,155.648,77.824,155.648,77.824,0.0006696488429495992,0.8199082933704017,0.0,0.0
203,Device,Conv2DBackpropFilter,gradient_tape/efficientnetb0/block6b_expand_conv/Conv2D/Conv2DBackpropFilter,4,155.648,38.912,155.648,38.912,0.0006696488429495992,0.8205779422133513,0.0,0.0
204,Device,DepthwiseConv2dNativeBackpropInput,gradient_tape/efficientnetb0/block6c_dwconv/depthwise/DepthwiseConv2dNativeBackpropInput,2,154.624,77.312,154.624,77.312,0.0006652432584565097,0.8212431854718079,0.0,0.0
205,Device,DepthwiseConv2dNativeBackpropInput,gradient_tape/efficientnetb0/block6d_dwconv/depthwise/DepthwiseConv2dNativeBackpropInput,2,154.624,77.312,154.624,77.312,0.0006652432584565097,0.8219084287302644,0.0,0.0
206,Device,Slice,gradient_tape/efficientnetb0/block4a_dwconv_pad/Slice_1,2,152.576,76.288,152.576,76.288,0.0006564320894703308,0.8225648608197347,0.0,0.0
207,Device,Mean,efficientnetb0/block1a_se_squeeze/Mean,2,151.553,75.7765,151.553,75.7765,0.0006520308073058479,0.8232168916270405,0.0,0.0
208,Device,Conv2D,efficientnetb0/block6d_project_conv/Conv2D,2,151.553,75.7765,151.553,75.7765,0.0006520308073058479,0.8238689224343463,0.0,0.0
209,Device,Conv2D,efficientnetb0/block6c_project_conv/Conv2D,2,151.552,75.776,151.552,75.776,0.0006520265049772413,0.8245209489393235,0.0,0.0
210,Device,Sum,gradient_tape/efficientnetb0/block1a_se_excite/mul/Sum,2,151.552,75.776,151.552,75.776,0.0006520265049772413,0.8251729754443007,0.0,0.0
211,Device,Conv2D,efficientnetb0/block6b_project_conv/Conv2D,2,150.528,75.264,150.528,75.264,0.0006476209204841518,0.8258205963647849,0.0,0.0
212,Device,FusedBatchNormGradV3,gradient_tape/efficientnetb0/block5b_expand_bn/FusedBatchNormGradV3,2,150.528,75.264,150.528,75.264,0.0006476209204841518,0.8264682172852691,0.0,0.0
213,Device,FusedBatchNormGradV3,gradient_tape/efficientnetb0/block5c_bn/FusedBatchNormGradV3,2,150.528,75.264,150.528,75.264,0.0006476209204841518,0.8271158382057533,0.0,0.0
214,Device,FusedBatchNormGradV3,gradient_tape/efficientnetb0/block5c_expand_bn/FusedBatchNormGradV3,2,149.504,74.752,149.504,74.752,0.0006432153359910624,0.8277590535417444,0.0,0.0
215,Device,Pad,efficientnetb0/block4a_dwconv_pad/Pad,2,148.48,74.24,148.48,74.24,0.0006388097514979728,0.8283978632932424,0.0,0.0
216,Device,FusedBatchNormGradV3,gradient_tape/efficientnetb0/block5b_bn/FusedBatchNormGradV3,2,148.48,74.24,148.48,74.24,0.0006388097514979728,0.8290366730447404,0.0,0.0
217,Device,FusedBatchNormGradV3,gradient_tape/efficientnetb0/block6a_expand_bn/FusedBatchNormGradV3,2,148.48,74.24,148.48,74.24,0.0006388097514979728,0.8296754827962384,0.0,0.0
218,Device,AddN,SGD/gradients/AddN_8,2,144.384,72.192,144.384,72.192,0.000621187413525615,0.8302966702097639,0.0,0.0
219,Device,AddN,SGD/gradients/AddN_10,2,143.36,71.68,143.36,71.68,0.0006167818290325256,0.8309134520387965,0.0,0.0
220,Device,Conv2D,efficientnetb0/block2a_project_conv/Conv2D,2,142.336,71.168,142.336,71.168,0.0006123762445394362,0.831525828283336,0.0,0.0
221,Device,Mul,gradient_tape/efficientnetb0/block5b_se_excite/mul/Mul_1,2,142.336,71.168,142.336,71.168,0.0006123762445394362,0.8321382045278755,0.0,0.0
222,Device,Mul,SGD/gradients/mul_47,2,141.313,70.6565,141.313,70.6565,0.0006079749623749531,0.8327461794902504,0.0,0.0
223,Device,Mul,SGD/gradients/mul_52,2,141.312,70.656,141.312,70.656,0.0006079706600463467,0.8333541501502968,0.0,0.0
224,Device,Mul,SGD/gradients/mul_53,2,141.312,70.656,141.312,70.656,0.0006079706600463467,0.8339621208103432,0.0,0.0
225,Device,Mul,SGD/gradients/mul_60,2,141.312,70.656,141.312,70.656,0.0006079706600463467,0.8345700914703895,0.0,0.0
226,Device,Mul,SGD/gradients/mul_63,2,141.312,70.656,141.312,70.656,0.0006079706600463467,0.8351780621304359,0.0,0.0
227,Device,Conv2D,efficientnetb0/block5b_expand_conv/Conv2D,2,141.312,70.656,141.312,70.656,0.0006079706600463467,0.8357860327904822,0.0,0.0
228,Device,Conv2D,efficientnetb0/block5c_expand_conv/Conv2D,2,141.312,70.656,141.312,70.656,0.0006079706600463467,0.8363940034505286,0.0,0.0
229,Device,Conv2D,efficientnetb0/block6a_expand_conv/Conv2D,2,141.312,70.656,141.312,70.656,0.0006079706600463467,0.837001974110575,0.0,0.0
230,Device,Mul,gradient_tape/efficientnetb0/block5c_se_excite/mul/Mul_1,2,141.312,70.656,141.312,70.656,0.0006079706600463467,0.8376099447706213,0.0,0.0
231,Device,Mul,SGD/gradients/mul_54,2,140.289,70.1445,140.289,70.1445,0.0006035693778818637,0.8382135141485032,0.0,0.0
232,Device,Mul,SGD/gradients/mul_61,2,140.289,70.1445,140.289,70.1445,0.0006035693778818637,0.8388170835263851,0.0,0.0
233,Device,Mul,SGD/gradients/mul_64,2,140.289,70.1445,140.289,70.1445,0.0006035693778818637,0.8394206529042669,0.0,0.0
234,Device,Mul,SGD/gradients/mul_45,2,140.288,70.144,140.288,70.144,0.0006035650755532573,0.8400242179798202,0.0,0.0
235,Device,Mul,SGD/gradients/mul_46,2,140.288,70.144,140.288,70.144,0.0006035650755532573,0.8406277830553734,0.0,0.0
236,Device,Mul,SGD/gradients/mul_55,2,140.288,70.144,140.288,70.144,0.0006035650755532573,0.8412313481309267,0.0,0.0
237,Device,Mul,SGD/gradients/mul_56,2,140.288,70.144,140.288,70.144,0.0006035650755532573,0.84183491320648,0.0,0.0
238,Device,Mul,SGD/gradients/mul_62,2,140.288,70.144,140.288,70.144,0.0006035650755532573,0.8424384782820332,0.0,0.0
239,Device,Mul,SGD/gradients/mul_65,2,140.288,70.144,140.288,70.144,0.0006035650755532573,0.8430420433575865,0.0,0.0
240,Device,Mul,efficientnetb0/block6a_expand_activation/mul,2,140.288,70.144,140.288,70.144,0.0006035650755532573,0.8436456084331397,0.0,0.0
241,Device,Conv2DBackpropInput,gradient_tape/efficientnetb0/block5b_project_conv/Conv2D/Conv2DBackpropInput,2,140.288,70.144,140.288,70.144,0.0006035650755532573,0.844249173508693,0.0,0.0
242,Device,Mul,SGD/gradients/mul_51,2,139.265,69.6325,139.265,69.6325,0.0005991637933887742,0.8448483373020818,0.0,0.0
243,Device,Mul,efficientnetb0/block5b_activation/mul,2,139.264,69.632,139.264,69.632,0.0005991594910601677,0.8454474967931419,0.0,0.0
244,Device,Mul,efficientnetb0/block5b_expand_activation/mul,2,139.264,69.632,139.264,69.632,0.0005991594910601677,0.8460466562842021,0.0,0.0
245,Device,Mul,efficientnetb0/block5c_activation/mul,2,139.264,69.632,139.264,69.632,0.0005991594910601677,0.8466458157752622,0.0,0.0
246,Device,Mul,efficientnetb0/block5c_expand_activation/mul,2,139.264,69.632,139.264,69.632,0.0005991594910601677,0.8472449752663224,0.0,0.0
247,Device,Sigmoid,SGD/gradients/Sigmoid_35,2,138.24,69.12,138.24,69.12,0.0005947539065670783,0.8478397291728894,0.0,0.0
248,Device,Sigmoid,efficientnetb0/block3b_expand_activation/Sigmoid,2,138.24,69.12,138.24,69.12,0.0005947539065670783,0.8484344830794565,0.0,0.0
249,Device,Conv2D,efficientnetb0/top_conv/Conv2D,2,138.24,69.12,138.24,69.12,0.0005947539065670783,0.8490292369860235,0.0,0.0
250,Device,Conv2DBackpropFilter,gradient_tape/efficientnetb0/block5a_expand_conv/Conv2D/Conv2DBackpropFilter,2,138.24,69.12,138.24,69.12,0.0005947539065670783,0.8496239908925906,0.0,0.0
251,Device,Conv2DBackpropInput,gradient_tape/efficientnetb0/block5c_project_conv/Conv2D/Conv2DBackpropInput,2,138.24,69.12,138.24,69.12,0.0005947539065670783,0.8502187447991576,0.0,0.0
252,Device,Conv2DBackpropInput,gradient_tape/efficientnetb0/block7a_project_conv/Conv2D/Conv2DBackpropInput,2,138.24,69.12,138.24,69.12,0.0005947539065670783,0.8508134987057246,0.0,0.0
253,Device,Sigmoid,SGD/gradients/Sigmoid_33,2,137.216,68.608,137.216,68.608,0.0005903483220739888,0.8514038470277986,0.0,0.0
254,Device,Sigmoid,efficientnetb0/block3b_activation/Sigmoid,2,137.216,68.608,137.216,68.608,0.0005903483220739888,0.8519941953498725,0.0,0.0
255,Device,Sigmoid,efficientnetb0/block4a_expand_activation/Sigmoid,2,137.216,68.608,137.216,68.608,0.0005903483220739888,0.8525845436719465,0.0,0.0
256,Device,DepthwiseConv2dNative,efficientnetb0/block6a_dwconv/depthwise,2,137.216,68.608,137.216,68.608,0.0005903483220739888,0.8531748919940204,0.0,0.0
257,Device,Conv2DBackpropFilter,gradient_tape/efficientnetb0/block4b_expand_conv/Conv2D/Conv2DBackpropFilter,2,137.216,68.608,137.216,68.608,0.0005903483220739888,0.8537652403160944,0.0,0.0
258,Device,Conv2DBackpropFilter,gradient_tape/efficientnetb0/block4c_expand_conv/Conv2D/Conv2DBackpropFilter,2,136.193,68.0965,136.193,68.0965,0.0005859470399095059,0.8543511873560039,0.0,0.0
259,Device,Mul,gradient_tape/efficientnetb0/block3b_se_excite/mul/Mul,2,136.192,68.096,136.192,68.096,0.0005859427375808993,0.8549371300935849,0.0,0.0
260,Device,Sub,SGD/gradients/sub_36,2,135.169,67.5845,135.169,67.5845,0.0005815414554164165,0.8555186715490013,0.0,0.0
261,Device,Sigmoid,SGD/gradients/Sigmoid_36,2,135.168,67.584,135.168,67.584,0.0005815371530878099,0.8561002087020891,0.0,0.0
262,Device,AddV2,SGD/gradients/add_33,2,135.168,67.584,135.168,67.584,0.0005815371530878099,0.856681745855177,0.0,0.0
263,Device,Sub,SGD/gradients/sub_35,2,135.168,67.584,135.168,67.584,0.0005815371530878099,0.8572632830082648,0.0,0.0
264,Device,Conv2DBackpropInput,gradient_tape/efficientnetb0/block3b_project_conv/Conv2D/Conv2DBackpropInput,2,135.168,67.584,135.168,67.584,0.0005815371530878099,0.8578448201613527,0.0,0.0
265,Device,AddV2,SGD/gradients/add_36,2,134.144,67.072,134.144,67.072,0.0005771315685947204,0.8584219517299474,0.0,0.0
266,Device,Sub,SGD/gradients/sub_33,2,134.144,67.072,134.144,67.072,0.0005771315685947204,0.8589990832985421,0.0,0.0
267,Device,Mul,gradient_tape/efficientnetb0/block3b_se_squeeze/truediv,2,134.144,67.072,134.144,67.072,0.0005771315685947204,0.8595762148671369,0.0,0.0
268,Device,AddV2,SGD/gradients/add_35,2,133.12,66.56,133.12,66.56,0.000572725984101631,0.8601489408512385,0.0,0.0
269,Device,DepthwiseConv2dNativeBackpropInput,gradient_tape/efficientnetb0/block4c_dwconv/depthwise/DepthwiseConv2dNativeBackpropInput,2,132.096,66.048,132.096,66.048,0.0005683203996085414,0.860717261250847,0.0,0.0
270,Device,Mul,efficientnetb0/block3b_se_excite/mul,2,131.072,65.536,131.072,65.536,0.000563914815115452,0.8612811760659624,0.0,0.0
271,Device,DepthwiseConv2dNativeBackpropInput,gradient_tape/efficientnetb0/block4b_dwconv/depthwise/DepthwiseConv2dNativeBackpropInput,2,131.072,65.536,131.072,65.536,0.000563914815115452,0.8618450908810779,0.0,0.0
272,Device,Conv2DBackpropInput,gradient_tape/efficientnetb0/block4c_expand_conv/Conv2D/Conv2DBackpropInput,2,131.072,65.536,131.072,65.536,0.000563914815115452,0.8624090056961933,0.0,0.0
273,Device,Pad,efficientnetb0/block6a_dwconv_pad/Pad,2,130.049,65.0245,130.049,65.0245,0.000559513532950969,0.8629685192291442,0.0,0.0
274,Device,Transpose,gradient_tape/efficientnetb0/stem_conv/Conv2D/Conv2DBackpropFilter-0-TransposeNHWCToNCHW-LayoutOptimizer,2,128.0,64.0,128.0,64.0,0.0005506980616361835,0.8635192172907804,0.0,0.0
275,Device,Conv2D,efficientnetb0/block5a_project_conv/Conv2D,2,124.928,62.464,124.928,62.464,0.0005374813081569152,0.8640566985989373,0.0,0.0
276,Device,Conv2DBackpropInput,gradient_tape/efficientnetb0/block4b_expand_conv/Conv2D/Conv2DBackpropInput,2,123.904,61.952,123.904,61.952,0.0005330757236638256,0.8645897743226011,0.0,0.0
277,Device,Conv2DBackpropInput,gradient_tape/efficientnetb0/block5a_expand_conv/Conv2D/Conv2DBackpropInput,2,122.881,61.4405,122.881,61.4405,0.0005286744414993428,0.8651184487641004,0.0,0.0
278,Device,AddN,SGD/gradients/AddN_20,2,122.88,61.44,122.88,61.44,0.0005286701391707362,0.8656471189032711,0.0,0.0
279,Device,Conv2D,efficientnetb0/block3b_expand_conv/Conv2D,2,122.88,61.44,122.88,61.44,0.0005286701391707362,0.8661757890424417,0.0,0.0
280,Device,Mul,SGD/gradients/mul_114,2,121.856,60.928,121.856,60.928,0.0005242645546776468,0.8667000535971194,0.0,0.0
281,Device,Mul,SGD/gradients/mul_115,2,121.856,60.928,121.856,60.928,0.0005242645546776468,0.8672243181517971,0.0,0.0
282,Device,Mul,gradient_tape/efficientnetb0/block3a_se_excite/mul/Mul_1,2,121.856,60.928,121.856,60.928,0.0005242645546776468,0.8677485827064748,0.0,0.0
283,Device,Conv2D,efficientnetb0/block4a_expand_conv/Conv2D,2,120.832,60.416,120.832,60.416,0.0005198589701845573,0.8682684416766594,0.0,0.0
284,Device,Pad,efficientnetb0/stem_conv_pad/Pad,2,120.832,60.416,120.832,60.416,0.0005198589701845573,0.868788300646844,0.0,0.0
285,Device,Conv2DBackpropInput,gradient_tape/efficientnetb0/block5a_project_conv/Conv2D/Conv2DBackpropInput,2,120.832,60.416,120.832,60.416,0.0005198589701845573,0.8693081596170286,0.0,0.0
286,Device,Mul,efficientnetb0/block3a_activation/mul,2,119.809,59.9045,119.809,59.9045,0.0005154576880200744,0.8698236173050486,0.0,0.0
287,Device,Mul,SGD/gradients/mul_116,2,118.785,59.3925,118.785,59.3925,0.0005110521035269848,0.8703346694085756,0.0,0.0
288,Device,Mean,efficientnetb0/block2a_se_squeeze/Mean,2,118.784,59.392,118.784,59.392,0.0005110478011983784,0.870845717209774,0.0,0.0
289,Device,Sum,gradient_tape/efficientnetb0/block2a_se_excite/mul/Sum,2,118.784,59.392,118.784,59.392,0.0005110478011983784,0.8713567650109724,0.0,0.0
290,Device,Slice,gradient_tape/efficientnetb0/block6a_dwconv_pad/Slice_1,2,115.713,57.8565,115.713,57.8565,0.0004978353500477165,0.8718546003610201,0.0,0.0
291,Device,FusedBatchNormV3,efficientnetb0/block3a_bn/FusedBatchNormV3,4,115.712,28.928,115.712,28.928,0.0004978310477191099,0.8723524314087392,0.0,0.0
292,Device,Tile,gradient_tape/efficientnetb0/block3b_se_squeeze/Tile,2,114.688,57.344,114.688,57.344,0.0004934254632260205,0.8728458568719653,0.0,0.0
293,Device,DepthwiseConv2dNative,efficientnetb0/block5a_dwconv/depthwise,2,113.665,56.8325,113.665,56.8325,0.0004890241810615375,0.8733348810530268,0.0,0.0
294,Device,DepthwiseConv2dNativeBackpropFilter,gradient_tape/efficientnetb0/block4c_dwconv/depthwise/DepthwiseConv2dNativeBackpropFilter,2,113.664,56.832,113.664,56.832,0.000489019878732931,0.8738239009317598,0.0,0.0
295,Device,DepthwiseConv2dNative,efficientnetb0/block4a_dwconv/depthwise,2,112.641,56.3205,112.641,56.3205,0.0004846185965684481,0.8743085195283282,0.0,0.0
296,Device,RealDiv,efficientnetb0/normalization/truediv,2,112.64,56.32,112.64,56.32,0.00048461429423984155,0.8747931338225681,0.0,0.0
297,Device,DepthwiseConv2dNativeBackpropFilter,gradient_tape/efficientnetb0/block4b_dwconv/depthwise/DepthwiseConv2dNativeBackpropFilter,2,112.64,56.32,112.64,56.32,0.00048461429423984155,0.8752777481168079,0.0,0.0
298,Device,ArgMax,ArgMax_1,2,110.592,55.296,110.592,55.296,0.0004758031252536626,0.8757535512420616,0.0,0.0
299,Device,Sub,efficientnetb0/normalization/sub,2,110.592,55.296,110.592,55.296,0.0004758031252536626,0.8762293543673152,0.0,0.0
300,Device,DepthwiseConv2dNativeBackpropFilter,gradient_tape/efficientnetb0/block6b_dwconv/depthwise/DepthwiseConv2dNativeBackpropFilter,2,109.568,54.784,109.568,54.784,0.0004713975407605731,0.8767007519080757,0.0,0.0
301,Device,DepthwiseConv2dNativeBackpropFilter,gradient_tape/efficientnetb0/block6c_dwconv/depthwise/DepthwiseConv2dNativeBackpropFilter,2,109.568,54.784,109.568,54.784,0.0004713975407605731,0.8771721494488363,0.0,0.0
302,Device,DepthwiseConv2dNativeBackpropFilter,gradient_tape/efficientnetb0/block6d_dwconv/depthwise/DepthwiseConv2dNativeBackpropFilter,2,109.568,54.784,109.568,54.784,0.0004713975407605731,0.8776435469895968,0.0,0.0
303,Device,FusedBatchNormV3,efficientnetb0/block2b_project_bn/FusedBatchNormV3,4,108.544,27.136,108.544,27.136,0.00046699195626748364,0.8781105389458643,0.0,0.0
304,Device,Conv2D,efficientnetb0/block3b_project_conv/Conv2D,2,108.544,54.272,108.544,54.272,0.00046699195626748364,0.8785775309021319,0.0,0.0
305,Device,FusedBatchNormV3,efficientnetb0/block2a_project_bn/FusedBatchNormV3,4,105.472,26.368,105.472,26.368,0.0004537752027882152,0.8790313061049201,0.0,0.0
306,Device,FusedBatchNormV3,efficientnetb0/block5b_expand_bn/FusedBatchNormV3,4,105.472,26.368,105.472,26.368,0.0004537752027882152,0.8794850813077083,0.0,0.0
307,Device,FusedBatchNormV3,efficientnetb0/block5c_expand_bn/FusedBatchNormV3,4,105.472,26.368,105.472,26.368,0.0004537752027882152,0.8799388565104965,0.0,0.0
308,Device,Conv2DBackpropFilter,gradient_tape/efficientnetb0/block4a_project_conv/Conv2D/Conv2DBackpropFilter,2,105.472,52.736,105.472,52.736,0.0004537752027882152,0.8803926317132847,0.0,0.0
309,Device,Conv2DBackpropInput,gradient_tape/efficientnetb0/block4c_project_conv/Conv2D/Conv2DBackpropInput,2,105.472,52.736,105.472,52.736,0.0004537752027882152,0.880846406916073,0.0,0.0
310,Device,FusedBatchNormV3,efficientnetb0/block6a_expand_bn/FusedBatchNormV3,4,104.448,26.112,104.448,26.112,0.0004493696182951258,0.8812957765343681,0.0,0.0
311,Device,FusedBatchNormGradV3,gradient_tape/efficientnetb0/block4b_bn/FusedBatchNormGradV3,2,104.448,52.224,104.448,52.224,0.0004493696182951258,0.8817451461526632,0.0,0.0
312,Device,FusedBatchNormGradV3,gradient_tape/efficientnetb0/block4c_bn/FusedBatchNormGradV3,2,104.448,52.224,104.448,52.224,0.0004493696182951258,0.8821945157709583,0.0,0.0
313,Device,AddN,SGD/gradients/AddN_13,2,103.424,51.712,103.424,51.712,0.00044496403380203637,0.8826394798047603,0.0,0.0
314,Device,Conv2DBackpropInput,gradient_tape/efficientnetb0/block3b_expand_conv/Conv2D/Conv2DBackpropInput,2,103.424,51.712,103.424,51.712,0.00044496403380203637,0.8830844438385623,0.0,0.0
315,Device,Conv2DBackpropInput,gradient_tape/efficientnetb0/block4b_project_conv/Conv2D/Conv2DBackpropInput,2,103.424,51.712,103.424,51.712,0.00044496403380203637,0.8835294078723643,0.0,0.0
316,Device,Conv2DBackpropInput,gradient_tape/efficientnetb0/block6c_project_conv/Conv2D/Conv2DBackpropInput,2,103.424,51.712,103.424,51.712,0.00044496403380203637,0.8839743719061663,0.0,0.0
317,Device,Conv2DBackpropInput,gradient_tape/efficientnetb0/block6d_project_conv/Conv2D/Conv2DBackpropInput,2,103.424,51.712,103.424,51.712,0.00044496403380203637,0.8844193359399684,0.0,0.0
318,Device,AddN,SGD/gradients/AddN_12,2,102.4,51.2,102.4,51.2,0.0004405584493089469,0.8848598943892773,0.0,0.0
319,Device,Mul,SGD/gradients/mul_74,2,102.4,51.2,102.4,51.2,0.0004405584493089469,0.8853004528385862,0.0,0.0
320,Device,Mul,SGD/gradients/mul_83,2,102.4,51.2,102.4,51.2,0.0004405584493089469,0.8857410112878951,0.0,0.0
321,Device,Mul,SGD/gradients/mul_87,2,102.4,51.2,102.4,51.2,0.0004405584493089469,0.886181569737204,0.0,0.0
322,Device,Mul,SGD/gradients/mul_90,2,102.4,51.2,102.4,51.2,0.0004405584493089469,0.8866221281865129,0.0,0.0
323,Device,Mul,SGD/gradients/mul_91,2,102.4,51.2,102.4,51.2,0.0004405584493089469,0.8870626866358218,0.0,0.0
324,Device,FusedBatchNormV3,efficientnetb0/block5c_bn/FusedBatchNormV3,4,102.4,25.6,102.4,25.6,0.0004405584493089469,0.8875032450851307,0.0,0.0
325,Device,Conv2DBackpropInput,gradient_tape/efficientnetb0/block4a_expand_conv/Conv2D/Conv2DBackpropInput,2,102.4,51.2,102.4,51.2,0.0004405584493089469,0.8879438035344396,0.0,0.0
326,Device,FusedBatchNormGradV3,gradient_tape/efficientnetb0/block4b_expand_bn/FusedBatchNormGradV3,2,102.4,51.2,102.4,51.2,0.0004405584493089469,0.8883843619837485,0.0,0.0
327,Device,Mul,gradient_tape/efficientnetb0/block4b_se_excite/mul/Mul_1,2,102.4,51.2,102.4,51.2,0.0004405584493089469,0.8888249204330574,0.0,0.0
328,Device,FusedBatchNormGradV3,gradient_tape/efficientnetb0/block4c_expand_bn/FusedBatchNormGradV3,2,102.4,51.2,102.4,51.2,0.0004405584493089469,0.8892654788823663,0.0,0.0
329,Device,Mul,gradient_tape/efficientnetb0/block4c_se_excite/mul/Mul_1,2,102.4,51.2,102.4,51.2,0.0004405584493089469,0.8897060373316752,0.0,0.0
330,Device,FusedBatchNormGradV3,gradient_tape/efficientnetb0/block5a_bn/FusedBatchNormGradV3,2,102.4,51.2,102.4,51.2,0.0004405584493089469,0.8901465957809841,0.0,0.0
331,Device,FusedBatchNormGradV3,gradient_tape/efficientnetb0/block5a_expand_bn/FusedBatchNormGradV3,2,102.4,51.2,102.4,51.2,0.0004405584493089469,0.890587154230293,0.0,0.0
332,Device,Mul,gradient_tape/efficientnetb0/block5a_se_excite/mul/Mul_1,2,102.4,51.2,102.4,51.2,0.0004405584493089469,0.8910277126796019,0.0,0.0
333,Device,Mul,SGD/gradients/mul_70,2,101.377,50.6885,101.377,50.6885,0.0004361571671444639,0.8914638698467464,0.0,0.0
334,Device,Mul,SGD/gradients/mul_81,2,101.377,50.6885,101.377,50.6885,0.0004361571671444639,0.8919000270138909,0.0,0.0
335,Device,Mul,SGD/gradients/mul_88,2,101.377,50.6885,101.377,50.6885,0.0004361571671444639,0.8923361841810354,0.0,0.0
336,Device,AddN,SGD/gradients/AddN_15,2,101.376,50.688,101.376,50.688,0.0004361528648158574,0.8927723370458513,0.0,0.0
337,Device,Mul,SGD/gradients/mul_69,2,101.376,50.688,101.376,50.688,0.0004361528648158574,0.8932084899106673,0.0,0.0
338,Device,Mul,SGD/gradients/mul_73,2,101.376,50.688,101.376,50.688,0.0004361528648158574,0.8936446427754832,0.0,0.0
339,Device,Mul,SGD/gradients/mul_78,2,101.376,50.688,101.376,50.688,0.0004361528648158574,0.8940807956402991,0.0,0.0
340,Device,Mul,SGD/gradients/mul_80,2,101.376,50.688,101.376,50.688,0.0004361528648158574,0.894516948505115,0.0,0.0
341,Device,Mul,SGD/gradients/mul_82,2,101.376,50.688,101.376,50.688,0.0004361528648158574,0.8949531013699309,0.0,0.0
342,Device,Mul,SGD/gradients/mul_92,2,101.376,50.688,101.376,50.688,0.0004361528648158574,0.8953892542347468,0.0,0.0
343,Device,Mul,efficientnetb0/block5a_expand_activation/mul,2,101.376,50.688,101.376,50.688,0.0004361528648158574,0.8958254070995627,0.0,0.0
344,Device,Mul,SGD/gradients/mul_71,2,100.352,50.176,100.352,50.176,0.00043174728032276794,0.8962571543798855,0.0,0.0
345,Device,Mul,SGD/gradients/mul_72,2,100.352,50.176,100.352,50.176,0.00043174728032276794,0.8966889016602083,0.0,0.0
346,Device,Mul,SGD/gradients/mul_79,2,100.352,50.176,100.352,50.176,0.00043174728032276794,0.8971206489405311,0.0,0.0
347,Device,Mul,SGD/gradients/mul_89,2,100.352,50.176,100.352,50.176,0.00043174728032276794,0.8975523962208539,0.0,0.0
348,Device,Mul,efficientnetb0/block4c_activation/mul,2,100.352,50.176,100.352,50.176,0.00043174728032276794,0.8979841435011767,0.0,0.0
349,Device,Mul,efficientnetb0/block5a_activation/mul,2,100.352,50.176,100.352,50.176,0.00043174728032276794,0.8984158907814995,0.0,0.0
350,Device,FusedBatchNormV3,efficientnetb0/block5b_bn/FusedBatchNormV3,4,100.352,25.088,100.352,25.088,0.00043174728032276794,0.8988476380618223,0.0,0.0
351,Device,Conv2DBackpropInput,gradient_tape/efficientnetb0/block6c_se_expand/Conv2D/Conv2DBackpropInput,4,100.352,25.088,100.352,25.088,0.00043174728032276794,0.8992793853421451,0.0,0.0
352,Device,Mul,efficientnetb0/block4b_activation/mul,2,99.328,49.664,99.328,49.664,0.00042734169582967846,0.8997067270379748,0.0,0.0
353,Device,Mul,efficientnetb0/block4b_expand_activation/mul,2,99.328,49.664,99.328,49.664,0.00042734169582967846,0.9001340687338045,0.0,0.0
354,Device,Mul,efficientnetb0/block4c_expand_activation/mul,2,99.328,49.664,99.328,49.664,0.00042734169582967846,0.9005614104296342,0.0,0.0
355,Device,Conv2D,efficientnetb0/block5a_expand_conv/Conv2D,2,99.328,49.664,99.328,49.664,0.00042734169582967846,0.9009887521254639,0.0,0.0
356,Device,Mul,efficientnetb0/rescaling/mul,2,99.328,49.664,99.328,49.664,0.00042734169582967846,0.9014160938212936,0.0,0.0
357,Device,Conv2DBackpropInput,gradient_tape/efficientnetb0/block6b_project_conv/Conv2D/Conv2DBackpropInput,2,99.328,49.664,99.328,49.664,0.00042734169582967846,0.9018434355171233,0.0,0.0
358,Device,Conv2DBackpropInput,gradient_tape/efficientnetb0/block7a_se_expand/Conv2D/Conv2DBackpropInput,4,99.328,24.832,99.328,24.832,0.00042734169582967846,0.902270777212953,0.0,0.0
359,Device,Conv2DBackpropInput,gradient_tape/efficientnetb0/block6b_se_expand/Conv2D/Conv2DBackpropInput,4,98.305,24.57625,98.305,24.57625,0.00042294041366519554,0.9026937176266182,0.0,0.0
360,Device,Sigmoid,SGD/gradients/Sigmoid_17,2,98.304,49.152,98.304,49.152,0.000422936111336589,0.9031166537379548,0.0,0.0
361,Device,Sigmoid,SGD/gradients/Sigmoid_20,2,98.304,49.152,98.304,49.152,0.000422936111336589,0.9035395898492914,0.0,0.0
362,Device,Conv2DBackpropInput,gradient_tape/efficientnetb0/block6d_se_expand/Conv2D/Conv2DBackpropInput,4,98.304,24.576,98.304,24.576,0.000422936111336589,0.903962525960628,0.0,0.0
363,Device,Conv2D,efficientnetb0/block4c_expand_conv/Conv2D,2,97.281,48.6405,97.281,48.6405,0.00041853482917210606,0.9043810607898001,0.0,0.0
364,Device,Sigmoid,efficientnetb0/block5c_activation/Sigmoid,2,97.281,48.6405,97.281,48.6405,0.00041853482917210606,0.9047995956189722,0.0,0.0
365,Device,Sigmoid,SGD/gradients/Sigmoid_15,2,97.28,48.64,97.28,48.64,0.0004185305268434995,0.9052181261458156,0.0,0.0
366,Device,Sigmoid,SGD/gradients/Sigmoid_21,2,97.28,48.64,97.28,48.64,0.0004185305268434995,0.9056366566726591,0.0,0.0
367,Device,Conv2D,efficientnetb0/block4b_expand_conv/Conv2D,2,97.28,48.64,97.28,48.64,0.0004185305268434995,0.9060551871995026,0.0,0.0
368,Device,Mul,gradient_tape/efficientnetb0/block5b_se_excite/mul/Mul,2,97.28,48.64,97.28,48.64,0.0004185305268434995,0.9064737177263461,0.0,0.0
369,Device,Sigmoid,efficientnetb0/block5b_activation/Sigmoid,2,96.257,48.1285,96.257,48.1285,0.0004141292446790166,0.9068878469710251,0.0,0.0
370,Device,Sigmoid,SGD/gradients/Sigmoid_18,2,96.256,48.128,96.256,48.128,0.00041412494235041003,0.9073019719133755,0.0,0.0
371,Device,Conv2D,efficientnetb0/block4b_project_conv/Conv2D,2,96.256,48.128,96.256,48.128,0.00041412494235041003,0.9077160968557259,0.0,0.0
372,Device,Conv2D,efficientnetb0/block4c_project_conv/Conv2D,2,96.256,48.128,96.256,48.128,0.00041412494235041003,0.9081302217980762,0.0,0.0
373,Device,Sigmoid,efficientnetb0/block5c_expand_activation/Sigmoid,2,96.256,48.128,96.256,48.128,0.00041412494235041003,0.9085443467404266,0.0,0.0
374,Device,Sigmoid,efficientnetb0/block6a_expand_activation/Sigmoid,2,96.256,48.128,96.256,48.128,0.00041412494235041003,0.908958471682777,0.0,0.0
375,Device,Mul,gradient_tape/efficientnetb0/block5c_se_excite/mul/Mul,2,96.256,48.128,96.256,48.128,0.00041412494235041003,0.9093725966251274,0.0,0.0
376,Device,Conv2DBackpropFilter,gradient_tape/efficientnetb0/block6a_project_conv/Conv2D/Conv2DBackpropFilter,4,96.256,24.064,96.256,24.064,0.00041412494235041003,0.9097867215674778,0.0,0.0
377,Device,Sub,SGD/gradients/sub_15,2,95.232,47.616,95.232,47.616,0.00040971935785732056,0.910196440925335,0.0,0.0
378,Device,Sub,SGD/gradients/sub_18,2,95.232,47.616,95.232,47.616,0.00040971935785732056,0.9106061602831923,0.0,0.0
379,Device,Sub,SGD/gradients/sub_20,2,95.232,47.616,95.232,47.616,0.00040971935785732056,0.9110158796410496,0.0,0.0
380,Device,Sigmoid,efficientnetb0/block5b_expand_activation/Sigmoid,2,95.232,47.616,95.232,47.616,0.00040971935785732056,0.9114255989989068,0.0,0.0
381,Device,Conv2D,efficientnetb0/block6a_project_conv/Conv2D,2,95.232,47.616,95.232,47.616,0.00040971935785732056,0.9118353183567641,0.0,0.0
382,Device,Conv2DBackpropInput,gradient_tape/efficientnetb0/block3a_project_conv/Conv2D/Conv2DBackpropInput,2,95.232,47.616,95.232,47.616,0.00040971935785732056,0.9122450377146214,0.0,0.0
383,Device,AddV2,SGD/gradients/add_15,2,94.208,47.104,94.208,47.104,0.0004053137733642311,0.9126503514879857,0.0,0.0
384,Device,AddV2,SGD/gradients/add_20,2,94.208,47.104,94.208,47.104,0.0004053137733642311,0.91305566526135,0.0,0.0
385,Device,Sub,SGD/gradients/sub_17,2,94.208,47.104,94.208,47.104,0.0004053137733642311,0.9134609790347142,0.0,0.0
386,Device,Sub,SGD/gradients/sub_21,2,94.208,47.104,94.208,47.104,0.0004053137733642311,0.9138662928080785,0.0,0.0
387,Device,Conv2D,efficientnetb0/block6b_expand_conv/Conv2D,2,94.208,47.104,94.208,47.104,0.0004053137733642311,0.9142716065814428,0.0,0.0
388,Device,Conv2D,efficientnetb0/block7a_se_reduce/Conv2D,4,94.208,23.552,94.208,23.552,0.0004053137733642311,0.9146769203548071,0.0,0.0
389,Device,AddV2,SGD/gradients/add_17,2,93.184,46.592,93.184,46.592,0.0004009081888711416,0.9150778285436783,0.0,0.0
390,Device,AddV2,SGD/gradients/add_18,2,93.184,46.592,93.184,46.592,0.0004009081888711416,0.9154787367325494,0.0,0.0
391,Device,AddV2,SGD/gradients/add_21,2,93.184,46.592,93.184,46.592,0.0004009081888711416,0.9158796449214206,0.0,0.0
392,Device,Mul,efficientnetb0/block5b_se_excite/mul,2,93.184,46.592,93.184,46.592,0.0004009081888711416,0.9162805531102918,0.0,0.0
393,Device,Conv2D,efficientnetb0/block6b_se_reduce/Conv2D,4,93.184,23.296,93.184,23.296,0.0004009081888711416,0.916681461299163,0.0,0.0
394,Device,Conv2D,efficientnetb0/block6c_expand_conv/Conv2D,2,93.184,46.592,93.184,46.592,0.0004009081888711416,0.9170823694880341,0.0,0.0
395,Device,Mul,efficientnetb0/block5c_se_excite/mul,2,92.16,46.08,92.16,46.08,0.0003965026043780522,0.9174788720924122,0.0,0.0
396,Device,Conv2D,efficientnetb0/block6c_se_reduce/Conv2D,4,92.16,23.04,92.16,23.04,0.0003965026043780522,0.9178753746967903,0.0,0.0
397,Device,Conv2D,efficientnetb0/block6d_se_reduce/Conv2D,4,92.16,23.04,92.16,23.04,0.0003965026043780522,0.9182718773011683,0.0,0.0
398,Device,Mul,gradient_tape/efficientnetb0/block5b_se_squeeze/truediv,2,92.16,46.08,92.16,46.08,0.0003965026043780522,0.9186683799055464,0.0,0.0
399,Device,Mul,gradient_tape/efficientnetb0/block5c_se_squeeze/truediv,2,92.16,46.08,92.16,46.08,0.0003965026043780522,0.9190648825099245,0.0,0.0
400,Device,Conv2D,efficientnetb0/block6d_expand_conv/Conv2D,2,90.112,45.056,90.112,45.056,0.00038769143539187323,0.9194525739453163,0.0,0.0
401,Device,Conv2D,efficientnetb0/block7a_expand_conv/Conv2D,2,90.112,45.056,90.112,45.056,0.00038769143539187323,0.9198402653807082,0.0,0.0
402,Device,Conv2DBackpropInput,gradient_tape/efficientnetb0/block6a_project_conv/Conv2D/Conv2DBackpropInput,2,88.064,44.032,88.064,44.032,0.0003788802664056943,0.9202191456471138,0.0,0.0
403,Device,DepthwiseConv2dNativeBackpropInput,gradient_tape/efficientnetb0/block7a_dwconv/depthwise/DepthwiseConv2dNativeBackpropInput,2,86.016,43.008,86.016,43.008,0.0003700690974195154,0.9205892147445334,0.0,0.0
404,Device,Sigmoid,SGD/gradients/Sigmoid_38,2,84.992,42.496,84.992,42.496,0.0003656635129264259,0.9209548782574598,0.0,0.0
405,Device,Sigmoid,efficientnetb0/block3a_activation/Sigmoid,2,84.992,42.496,84.992,42.496,0.0003656635129264259,0.9213205417703862,0.0,0.0
406,Device,AddV2,efficientnetb0/block2b_add/add,2,82.944,41.472,82.944,41.472,0.00035685234394024695,0.9216773941143265,0.0,0.0
407,Device,Mul,gradient_tape/efficientnetb0/block3a_se_excite/mul/Mul,2,82.944,41.472,82.944,41.472,0.00035685234394024695,0.9220342464582667,0.0,0.0
408,Device,Sub,SGD/gradients/sub_38,2,81.92,40.96,81.92,40.96,0.00035244675944715747,0.9223866932177138,0.0,0.0
409,Device,Tile,gradient_tape/efficientnetb0/block5c_se_squeeze/Tile,2,81.92,40.96,81.92,40.96,0.00035244675944715747,0.922739139977161,0.0,0.0
410,Device,AddV2,SGD/gradients/add_38,2,80.897,40.4485,80.897,40.4485,0.0003480454772826746,0.9230871854544436,0.0,0.0
411,Device,Tile,gradient_tape/efficientnetb0/block5b_se_squeeze/Tile,2,80.897,40.4485,80.897,40.4485,0.0003480454772826746,0.9234352309317262,0.0,0.0
412,Device,Mul,efficientnetb0/block3a_se_excite/mul,2,78.849,39.4245,78.849,39.4245,0.00033923430829649564,0.9237744652400227,0.0,0.0
413,Device,AddN,SGD/gradients/AddN_22,2,78.848,39.424,78.848,39.424,0.0003392300059678891,0.9241136952459906,0.0,0.0
414,Device,Sum,gradient_tape/efficientnetb0/block3b_se_excite/mul/Sum,2,78.848,39.424,78.848,39.424,0.0003392300059678891,0.9244529252519585,0.0,0.0
415,Device,Mean,efficientnetb0/block3b_se_squeeze/Mean,2,77.824,38.912,77.824,38.912,0.0003348244214747996,0.9247877496734334,0.0,0.0
416,Device,Conv2D,efficientnetb0/block3a_project_conv/Conv2D,2,76.8,38.4,76.8,38.4,0.00033041883698171014,0.9251181685104151,0.0,0.0
417,Device,Mul,gradient_tape/efficientnetb0/block3a_se_squeeze/truediv,2,76.8,38.4,76.8,38.4,0.00033041883698171014,0.9254485873473968,0.0,0.0
418,Device,DepthwiseConv2dNative,efficientnetb0/block4b_dwconv/depthwise,2,75.776,37.888,75.776,37.888,0.00032601325248862067,0.9257746005998854,0.0,0.0
419,Device,DepthwiseConv2dNative,efficientnetb0/block4c_dwconv/depthwise,2,73.728,36.864,73.728,36.864,0.0003172020835024417,0.9260918026833878,0.0,0.0
420,Device,Tile,gradient_tape/efficientnetb0/block3a_se_squeeze/Tile,2,73.728,36.864,73.728,36.864,0.0003172020835024417,0.9264090047668901,0.0,0.0
421,Device,FusedBatchNormV3,efficientnetb0/block4b_bn/FusedBatchNormV3,4,72.704,18.176,72.704,18.176,0.00031279649900935224,0.9267218012658995,0.0,0.0
422,Device,Sigmoid,SGD/gradients/Sigmoid_24,2,71.68,35.84,71.68,35.84,0.0003083909145162628,0.9270301921804158,0.0,0.0
423,Device,Sigmoid,SGD/gradients/Sigmoid_30,2,71.68,35.84,71.68,35.84,0.0003083909145162628,0.9273385830949321,0.0,0.0
424,Device,Sigmoid,SGD/gradients/Sigmoid_23,2,70.656,35.328,70.656,35.328,0.00030398533002317334,0.9276425684249553,0.0,0.0
425,Device,FusedBatchNormV3,efficientnetb0/block4c_bn/FusedBatchNormV3,4,70.656,17.664,70.656,17.664,0.00030398533002317334,0.9279465537549785,0.0,0.0
426,Device,FusedBatchNormV3,efficientnetb0/block5a_bn/FusedBatchNormV3,4,70.656,17.664,70.656,17.664,0.00030398533002317334,0.9282505390850017,0.0,0.0
427,Device,Sigmoid,SGD/gradients/Sigmoid_26,2,69.632,34.816,69.632,34.816,0.00029957974553008386,0.9285501188305317,0.0,0.0
428,Device,Sigmoid,SGD/gradients/Sigmoid_29,2,69.632,34.816,69.632,34.816,0.00029957974553008386,0.9288496985760618,0.0,0.0
429,Device,Sub,SGD/gradients/sub_29,2,69.632,34.816,69.632,34.816,0.00029957974553008386,0.9291492783215919,0.0,0.0
430,Device,Mul,gradient_tape/efficientnetb0/block4b_se_excite/mul/Mul,2,69.632,34.816,69.632,34.816,0.00029957974553008386,0.929448858067122,0.0,0.0
431,Device,Mul,gradient_tape/efficientnetb0/block4c_se_excite/mul/Mul,2,69.632,34.816,69.632,34.816,0.00029957974553008386,0.929748437812652,0.0,0.0
432,Device,Mul,gradient_tape/efficientnetb0/block5a_se_excite/mul/Mul,2,69.632,34.816,69.632,34.816,0.00029957974553008386,0.9300480175581821,0.0,0.0
433,Device,AddV2,SGD/gradients/add_26,2,68.609,34.3045,68.609,34.3045,0.0002951784633656009,0.9303431960215477,0.0,0.0
434,Device,Sigmoid,efficientnetb0/block5a_expand_activation/Sigmoid,2,68.609,34.3045,68.609,34.3045,0.0002951784633656009,0.9306383744849133,0.0,0.0
435,Device,Sigmoid,efficientnetb0/block4c_expand_activation/Sigmoid,2,68.608,34.304,68.608,34.304,0.0002951741610369944,0.9309335486459502,0.0,0.0
436,Device,Conv2DBackpropInput,gradient_tape/efficientnetb0/block5b_se_expand/Conv2D/Conv2DBackpropInput,4,68.608,17.152,68.608,17.152,0.0002951741610369944,0.9312287228069872,0.0,0.0
437,Device,Conv2DBackpropInput,gradient_tape/efficientnetb0/block5c_se_expand/Conv2D/Conv2DBackpropInput,4,68.608,17.152,68.608,17.152,0.0002951741610369944,0.9315238969680242,0.0,0.0
438,Device,FusedBatchNormGradV3,gradient_tape/efficientnetb0/top_bn/FusedBatchNormGradV3,2,68.608,34.304,68.608,34.304,0.0002951741610369944,0.9318190711290611,0.0,0.0
439,Device,AddV2,SGD/gradients/add_30,2,67.585,33.7925,67.585,33.7925,0.00029077287887251146,0.9321098440079336,0.0,0.0
440,Device,Sub,SGD/gradients/sub_24,2,67.585,33.7925,67.585,33.7925,0.00029077287887251146,0.9324006168868061,0.0,0.0
441,Device,AddV2,SGD/gradients/add_24,2,67.584,33.792,67.584,33.792,0.00029076857654390496,0.93269138546335,0.0,0.0
442,Device,AddV2,SGD/gradients/add_29,2,67.584,33.792,67.584,33.792,0.00029076857654390496,0.9329821540398938,0.0,0.0
443,Device,Mul,SGD/gradients/mul,2,67.584,33.792,67.584,33.792,0.00029076857654390496,0.9332729226164377,0.0,0.0
444,Device,Sub,SGD/gradients/sub_26,2,67.584,33.792,67.584,33.792,0.00029076857654390496,0.9335636911929815,0.0,0.0
445,Device,Sub,SGD/gradients/sub_27,2,67.584,33.792,67.584,33.792,0.00029076857654390496,0.9338544597695254,0.0,0.0
446,Device,Sub,SGD/gradients/sub_30,2,67.584,33.792,67.584,33.792,0.00029076857654390496,0.9341452283460693,0.0,0.0
447,Device,Sigmoid,efficientnetb0/block4b_expand_activation/Sigmoid,2,67.584,33.792,67.584,33.792,0.00029076857654390496,0.9344359969226131,0.0,0.0
448,Device,Sigmoid,efficientnetb0/block4c_activation/Sigmoid,2,67.584,33.792,67.584,33.792,0.00029076857654390496,0.934726765499157,0.0,0.0
449,Device,FusedBatchNormV3,efficientnetb0/block4c_expand_bn/FusedBatchNormV3,4,67.584,16.896,67.584,16.896,0.00029076857654390496,0.9350175340757009,0.0,0.0
450,Device,Mul,efficientnetb0/block4c_se_excite/mul,2,67.584,33.792,67.584,33.792,0.00029076857654390496,0.9353083026522447,0.0,0.0
451,Device,Conv2DBackpropInput,gradient_tape/efficientnetb0/block6a_se_expand/Conv2D/Conv2DBackpropInput,4,67.584,16.896,67.584,16.896,0.00029076857654390496,0.9355990712287886,0.0,0.0
452,Device,AddV2,SGD/gradients/add_23,2,66.56,33.28,66.56,33.28,0.0002863629920508155,0.9358854342208395,0.0,0.0
453,Device,AddV2,SGD/gradients/add_27,2,66.56,33.28,66.56,33.28,0.0002863629920508155,0.9361717972128903,0.0,0.0
454,Device,Mul,SGD/gradients/mul_2,2,66.56,33.28,66.56,33.28,0.0002863629920508155,0.9364581602049412,0.0,0.0
455,Device,Sub,SGD/gradients/sub_23,2,66.56,33.28,66.56,33.28,0.0002863629920508155,0.9367445231969921,0.0,0.0
456,Device,Sigmoid,efficientnetb0/block4b_activation/Sigmoid,2,66.56,33.28,66.56,33.28,0.0002863629920508155,0.937030886189043,0.0,0.0
457,Device,Mul,efficientnetb0/block4b_se_excite/mul,2,66.56,33.28,66.56,33.28,0.0002863629920508155,0.9373172491810938,0.0,0.0
458,Device,Sigmoid,efficientnetb0/block5a_activation/Sigmoid,2,66.56,33.28,66.56,33.28,0.0002863629920508155,0.9376036121731447,0.0,0.0
459,Device,FusedBatchNormV3,efficientnetb0/block5a_expand_bn/FusedBatchNormV3,4,66.56,16.64,66.56,16.64,0.0002863629920508155,0.9378899751651956,0.0,0.0
460,Device,Mul,efficientnetb0/block5a_se_excite/mul,2,66.56,33.28,66.56,33.28,0.0002863629920508155,0.9381763381572464,0.0,0.0
461,Device,Conv2D,efficientnetb0/block5b_se_reduce/Conv2D,4,65.536,16.384,65.536,16.384,0.000281957407557726,0.9384582955648042,0.0,0.0
462,Device,Mul,gradient_tape/efficientnetb0/block6c_se_excite/mul/Mul_1,2,64.513,32.2565,64.513,32.2565,0.0002775561253932431,0.9387358516901975,0.0,0.0
463,Device,Conv2D,efficientnetb0/block5c_se_reduce/Conv2D,4,64.512,16.128,64.512,16.128,0.00027755182306463653,0.9390134035132621,0.0,0.0
464,Device,FusedBatchNormGradV3,gradient_tape/efficientnetb0/block6b_bn/FusedBatchNormGradV3,2,64.512,32.256,64.512,32.256,0.00027755182306463653,0.9392909553363268,0.0,0.0
465,Device,Mul,gradient_tape/efficientnetb0/block6b_se_excite/mul/Mul_1,2,64.512,32.256,64.512,32.256,0.00027755182306463653,0.9395685071593914,0.0,0.0
466,Device,FusedBatchNormGradV3,gradient_tape/efficientnetb0/block6c_bn/FusedBatchNormGradV3,2,64.512,32.256,64.512,32.256,0.00027755182306463653,0.9398460589824561,0.0,0.0
467,Device,Mul,gradient_tape/efficientnetb0/block6d_se_excite/mul/Mul_1,2,64.512,32.256,64.512,32.256,0.00027755182306463653,0.9401236108055208,0.0,0.0
468,Device,FusedBatchNormGradV3,gradient_tape/efficientnetb0/block6c_expand_bn/FusedBatchNormGradV3,2,63.489,31.7445,63.489,31.7445,0.00027315054090015355,0.9403967613464209,0.0,0.0
469,Device,FusedBatchNormGradV3,gradient_tape/efficientnetb0/block6d_bn/FusedBatchNormGradV3,2,63.489,31.7445,63.489,31.7445,0.00027315054090015355,0.9406699118873211,0.0,0.0
470,Device,FusedBatchNormV3,efficientnetb0/block4b_expand_bn/FusedBatchNormV3,4,63.488,15.872,63.488,15.872,0.00027314623857154706,0.9409430581258926,0.0,0.0
471,Device,Conv2D,efficientnetb0/block6a_se_reduce/Conv2D,4,63.488,15.872,63.488,15.872,0.00027314623857154706,0.9412162043644642,0.0,0.0
472,Device,FusedBatchNormGradV3,gradient_tape/efficientnetb0/block6b_expand_bn/FusedBatchNormGradV3,2,63.488,31.744,63.488,31.744,0.00027314623857154706,0.9414893506030357,0.0,0.0
473,Device,FusedBatchNormGradV3,gradient_tape/efficientnetb0/block7a_bn/FusedBatchNormGradV3,2,63.488,31.744,63.488,31.744,0.00027314623857154706,0.9417624968416073,0.0,0.0
474,Device,FusedBatchNormGradV3,gradient_tape/efficientnetb0/block7a_expand_bn/FusedBatchNormGradV3,2,63.488,31.744,63.488,31.744,0.00027314623857154706,0.9420356430801788,0.0,0.0
475,Device,Mul,gradient_tape/efficientnetb0/block7a_se_excite/mul/Mul_1,2,63.488,31.744,63.488,31.744,0.00027314623857154706,0.9423087893187504,0.0,0.0
476,Device,Mul,SGD/gradients/mul_1,2,62.464,31.232,62.464,31.232,0.0002687406540784576,0.9425775299728288,0.0,0.0
477,Device,Mul,gradient_tape/efficientnetb0/block4b_se_squeeze/truediv,2,62.464,31.232,62.464,31.232,0.0002687406540784576,0.9428462706269073,0.0,0.0
478,Device,Mul,gradient_tape/efficientnetb0/block4c_se_squeeze/truediv,2,62.464,31.232,62.464,31.232,0.0002687406540784576,0.9431150112809857,0.0,0.0
479,Device,FusedBatchNormGradV3,gradient_tape/efficientnetb0/block6d_expand_bn/FusedBatchNormGradV3,2,62.464,31.232,62.464,31.232,0.0002687406540784576,0.9433837519350642,0.0,0.0
480,Device,Conv2D,efficientnetb0/block4a_project_conv/Conv2D,2,61.44,30.72,61.44,30.72,0.0002643350695853681,0.9436480870046495,0.0,0.0
481,Device,DepthwiseConv2dNative,efficientnetb0/block6c_dwconv/depthwise,2,61.44,30.72,61.44,30.72,0.0002643350695853681,0.9439124220742349,0.0,0.0
482,Device,Tile,gradient_tape/efficientnetb0/block4c_se_squeeze/Tile,2,61.44,30.72,61.44,30.72,0.0002643350695853681,0.9441767571438202,0.0,0.0
483,Device,Tile,gradient_tape/efficientnetb0/block5a_se_squeeze/Tile,2,61.44,30.72,61.44,30.72,0.0002643350695853681,0.9444410922134056,0.0,0.0
484,Device,Mul,gradient_tape/efficientnetb0/block5a_se_squeeze/truediv,2,61.44,30.72,61.44,30.72,0.0002643350695853681,0.9447054272829909,0.0,0.0
485,Device,Mul,SGD/gradients/mul_26,2,60.416,30.208,60.416,30.208,0.0002599294850922786,0.9449653567680831,0.0,0.0
486,Device,DepthwiseConv2dNative,efficientnetb0/block6b_dwconv/depthwise,2,60.416,30.208,60.416,30.208,0.0002599294850922786,0.9452252862531754,0.0,0.0
487,Device,DepthwiseConv2dNative,efficientnetb0/block6d_dwconv/depthwise,2,60.416,30.208,60.416,30.208,0.0002599294850922786,0.9454852157382676,0.0,0.0
488,Device,Tile,gradient_tape/efficientnetb0/block4b_se_squeeze/Tile,2,60.416,30.208,60.416,30.208,0.0002599294850922786,0.9457451452233598,0.0,0.0
489,Device,ResourceApplyGradientDescent,SGD/SGD/update_211/ResourceApplyGradientDescent,2,59.392,29.696,59.392,29.696,0.0002555239005991892,0.9460006691239591,0.0,0.0
490,Device,Sigmoid,SGD/gradients/Sigmoid_27,2,59.392,29.696,59.392,29.696,0.0002555239005991892,0.9462561930245583,0.0,0.0
491,Device,Mul,SGD/gradients/mul_17,2,59.392,29.696,59.392,29.696,0.0002555239005991892,0.9465117169251576,0.0,0.0
492,Device,Conv2DBackpropInput,gradient_tape/efficientnetb0/block4c_se_expand/Conv2D/Conv2DBackpropInput,4,58.369,14.59225,58.369,14.59225,0.0002511226184347062,0.9467628395435923,0.0,0.0
493,Device,Mul,SGD/gradients/mul_35,2,58.368,29.184,58.368,29.184,0.00025111831610609973,0.9470139578596984,0.0,0.0
494,Device,Mean,efficientnetb0/block5c_se_squeeze/Mean,2,58.368,29.184,58.368,29.184,0.00025111831610609973,0.9472650761758046,0.0,0.0
495,Device,Mul,gradient_tape/efficientnetb0/block2b_drop/dropout/Mul_1,2,58.368,29.184,58.368,29.184,0.00025111831610609973,0.9475161944919107,0.0,0.0
496,Device,Mul,SGD/gradients/mul_24,2,57.344,28.672,57.344,28.672,0.00024671273161301025,0.9477629072235237,0.0,0.0
497,Device,Mul,SGD/gradients/mul_6,2,57.344,28.672,57.344,28.672,0.00024671273161301025,0.9480096199551368,0.0,0.0
498,Device,Mul,SGD/gradients/mul_8,2,57.344,28.672,57.344,28.672,0.00024671273161301025,0.9482563326867498,0.0,0.0
499,Device,Mul,efficientnetb0/block2b_drop/dropout/Mul_1,2,57.344,28.672,57.344,28.672,0.00024671273161301025,0.9485030454183628,0.0,0.0
500,Device,Mean,efficientnetb0/block5b_se_squeeze/Mean,2,57.344,28.672,57.344,28.672,0.00024671273161301025,0.9487497581499759,0.0,0.0
501,Host,IDLE,IDLE,0,933430.999,0.0,933430.999,0.0,0.0,0.0,0.9926795758227699,0.9926795758227699
502,Host,GatherV2,GatherV2,2,3116.668,1558.334,3116.668,1558.334,0.0,0.0,0.0033144953098138974,0.9959940711325838
503,Host,_Send,IteratorGetNext/_1,2,1705.48,852.74,1705.48,852.74,0.0,0.0,0.0018137335965785915,0.9978078047291623
504,Host,_Send,IteratorGetNext/_3,2,1636.519,818.2595,1636.519,818.2595,0.0,0.0,0.0017403953677200554,0.9995482000968824
505,Host,Dataset,Iterator::Root::ParallelMapV2,2,68.301,34.1505,68.301,34.1505,0.0,0.0,7.263633603437998e-05,0.9996208364329168
506,Host,Dataset,Iterator::Root::ParallelMapV2::Zip[1]::ForeverRepeat,2,64.902,32.451,60.292,30.146,0.0,0.0,6.411897296064243e-05,0.9996849554058774
507,Host,GatherV2,GatherV2_1,2,56.16,28.08,56.16,28.08,0.0,0.0,5.972469849183438e-05,0.9997446801043692
508,Host,FlushSummaryWriter,FlushSummaryWriter,1,49.91,49.91,49.91,49.91,0.0,0.0,5.3077986141870616e-05,0.9997977580905111
509,Host,Dataset,Iterator::Root,2,108.212,54.106,39.911,19.9555,0.0,0.0,4.2444309855904595e-05,0.999840202400367
510,Host,LogicalAnd,LogicalAnd,1,34.65,34.65,34.65,34.65,0.0,0.0,3.68493732681991e-05,0.9998770517736352
511,Host,IteratorGetNext,IteratorGetNext,2,32.3,16.15,32.3,16.15,0.0,0.0,3.435020942461272e-05,0.9999114019830598
512,Host,Dataset,Iterator::Root::ParallelMapV2::Zip[0]::FlatMap[1]::TensorSlice,2,22.33,11.165,22.33,11.165,0.0,0.0,2.3747373883950528e-05,0.9999351493569438
513,Host,WriteSummary,WriteSummary,1,20.66,20.66,20.66,20.66,0.0,0.0,2.1971372344040214e-05,0.9999571207292879
514,Host,Dataset,Iterator::Root::ParallelMapV2::Zip,2,114.182,57.091,14.92,7.46,0.0,0.0,1.5867031721833492e-05,0.9999729877610097
515,Host,Dataset,Iterator::Root::ParallelMapV2::Zip[0]::FlatMap,2,34.36,17.18,12.03,6.015,0.0,0.0,1.2793591931210249e-05,0.9999857813529409
516,Host,ReadVariableOp,ReadVariableOp,1,5.93,5.93,5.93,5.93,0.0,0.0,6.306400677645617e-06,0.9999920877536186
517,Host,Dataset,Iterator::Root::ParallelMapV2::Zip[1]::ForeverRepeat::FromTensor,4,4.61,1.1525,4.61,1.1525,0.0,0.0,4.9026150293332715e-06,0.9999969903686479
518,Host,Identity,Identity,2,2.83,1.415,2.83,1.415,0.0,0.0,3.0096313520635916e-06,0.9999999999999999
