Rank,Host/device,Type,Operation,#Occurrences,Total time (us),Avg. time (us),Total self-time (us),Avg. self-time (us),Total self-time on Device (%),Cumulative total-self time on Device (%),Total self-time on Host (%),Cumulative total-self time on Host (%)
1,Device,IDLE,IDLE,0,6952.298,0.0,6952.298,0.0,0.08371137396517123,0.08371137396517123,0.0,0.0
2,Device,_Recv,IteratorGetNext/_2,2,3537.639,1768.8195,3537.639,1768.8195,0.04259607705003071,0.12630745101520194,0.0,0.0
3,Device,FusedBatchNormGradV3,gradient_tape/model/batch_normalization/FusedBatchNormGradV3,2,2174.98,1087.49,2174.98,1087.49,0.026188544298125328,0.15249599531332728,0.0,0.0
4,Device,Conv2DBackpropFilter,gradient_tape/model/conv2d/Conv2D/Conv2DBackpropFilter,2,1822.724,911.362,1822.724,911.362,0.021947092946719596,0.17444308826004687,0.0,0.0
5,Device,MaxPoolGrad,gradient_tape/model/max_pooling2d/MaxPool/MaxPoolGrad,2,1752.067,876.0335,1752.067,876.0335,0.021096324675529684,0.19553941293557656,0.0,0.0
6,Device,Conv2D,model/conv2d/Conv2D,2,1370.114,685.057,1370.114,685.057,0.016497297070539357,0.2120367100061159,0.0,0.0
7,Device,ReluGrad,gradient_tape/model/activation/ReluGrad,2,1358.851,679.4255,1358.851,679.4255,0.016361681306518636,0.22839839131263454,0.0,0.0
8,Device,FusedBatchNormV3,model/batch_normalization/FusedBatchNormV3,4,1307.652,326.913,1307.652,326.913,0.015745203325332732,0.24414359463796725,0.0,0.0
9,Device,Conv2DBackpropFilter,gradient_tape/model/conv2d_1/Conv2D/Conv2DBackpropFilter,2,1253.378,626.689,1253.378,626.689,0.015091699820364199,0.25923529445833143,0.0,0.0
10,Device,Conv2DBackpropFilter,gradient_tape/model/conv2d_3/Conv2D/Conv2DBackpropFilter,2,1253.378,626.689,1253.378,626.689,0.015091699820364199,0.2743269942786956,0.0,0.0
11,Device,Conv2DBackpropFilter,gradient_tape/model/conv2d_4/Conv2D/Conv2DBackpropFilter,2,1250.306,625.153,1250.306,625.153,0.015054710419043802,0.28938170469773944,0.0,0.0
12,Device,Conv2DBackpropFilter,gradient_tape/model/conv2d_2/Conv2D/Conv2DBackpropFilter,2,1247.235,623.6175,1247.235,623.6175,0.015017733058544144,0.3043994377562836,0.0,0.0
13,Device,Conv2DBackpropInput,gradient_tape/model/conv2d_5/Conv2D/Conv2DBackpropInput,2,1174.531,587.2655,1174.531,587.2655,0.014142317227294705,0.3185417549835783,0.0,0.0
14,Device,Conv2DBackpropFilter,gradient_tape/model/conv2d_18/Conv2D/Conv2DBackpropFilter,2,1152.003,576.0015,1152.003,576.0015,0.013871061617611782,0.33241281660119004,0.0,0.0
15,Device,Conv2DBackpropFilter,gradient_tape/model/conv2d_16/Conv2D/Conv2DBackpropFilter,2,1150.978,575.489,1150.978,575.489,0.013858719776350907,0.34627153637754093,0.0,0.0
16,Device,Conv2DBackpropFilter,gradient_tape/model/conv2d_19/Conv2D/Conv2DBackpropFilter,2,1149.954,574.977,1149.954,574.977,0.013846389975910773,0.3601179263534517,0.0,0.0
17,Device,BiasAdd,model/conv2d/BiasAdd,2,914.434,457.217,914.434,457.217,0.011010535874680198,0.3711284622281319,0.0,0.0
18,Device,Conv2DBackpropFilter,gradient_tape/model/conv2d_5/Conv2D/Conv2DBackpropFilter,2,874.497,437.2485,874.497,437.2485,0.010529661616694271,0.38165812384482617,0.0,0.0
19,Device,Conv2DBackpropInput,gradient_tape/model/conv2d_10/Conv2D/Conv2DBackpropInput,2,867.33,433.665,867.33,433.665,0.010443365054434084,0.3921014888992603,0.0,0.0
20,Device,Relu,model/activation/Relu,2,840.706,420.353,840.706,420.353,0.010122790242990627,0.4022242791422509,0.0,0.0
21,Device,Conv2DBackpropInput,gradient_tape/model/conv2d_15/Conv2D/Conv2DBackpropInput,2,826.37,413.185,826.37,413.185,0.009950173036828765,0.41217445217907966,0.0,0.0
22,Device,Conv2DBackpropFilter,gradient_tape/model/conv2d_9/Conv2D/Conv2DBackpropFilter,2,802.817,401.4085,802.817,401.4085,0.009666575585884966,0.4218410277649646,0.0,0.0
23,Device,Conv2DBackpropFilter,gradient_tape/model/conv2d_8/Conv2D/Conv2DBackpropFilter,2,797.697,398.8485,797.697,398.8485,0.0096049265836843,0.4314459543486489,0.0,0.0
24,Device,Conv2DBackpropFilter,gradient_tape/model/conv2d_6/Conv2D/Conv2DBackpropFilter,2,784.386,392.193,784.386,392.193,0.009444651218783314,0.4408906055674322,0.0,0.0
25,Device,Conv2DBackpropInput,gradient_tape/model/conv2d_4/Conv2D/Conv2DBackpropInput,2,734.209,367.1045,734.209,367.1045,0.008840478956396058,0.44973108452382826,0.0,0.0
26,Device,Conv2D,model/conv2d_16/Conv2D,2,732.161,366.0805,732.161,366.0805,0.008815819355515791,0.45854690387934405,0.0,0.0
27,Device,Conv2D,model/conv2d_19/Conv2D,2,731.138,365.569,731.138,365.569,0.008803501595896402,0.4673504054752404,0.0,0.0
28,Device,Conv2DBackpropInput,gradient_tape/model/conv2d_3/Conv2D/Conv2DBackpropInput,2,731.137,365.5685,731.137,365.5685,0.008803489555075658,0.4761538950303161,0.0,0.0
29,Device,Conv2DBackpropInput,gradient_tape/model/conv2d_2/Conv2D/Conv2DBackpropInput,2,730.113,365.0565,730.113,365.0565,0.008791159754635527,0.4849450547849516,0.0,0.0
30,Device,Conv2D,model/conv2d_18/Conv2D,2,727.04,363.52,727.04,363.52,0.008754158312494386,0.49369921309744597,0.0,0.0
31,Device,Conv2D,model/conv2d_1/Conv2D,2,721.922,360.961,721.922,360.961,0.008692533391935205,0.5023917464893811,0.0,0.0
32,Device,Conv2D,model/conv2d_3/Conv2D,2,720.897,360.4485,720.897,360.4485,0.008680191550674331,0.5110719380400555,0.0,0.0
33,Device,Conv2D,model/conv2d_4/Conv2D,2,718.848,359.424,718.848,359.424,0.008655519908973322,0.5197274579490287,0.0,0.0
34,Device,Conv2DBackpropInput,gradient_tape/model/conv2d_1/Conv2D/Conv2DBackpropInput,2,717.825,358.9125,717.825,358.9125,0.008643202149353933,0.5283706600983826,0.0,0.0
35,Device,Conv2D,model/conv2d_5/Conv2D,2,712.706,356.353,712.706,356.353,0.008581565187974009,0.5369522252863567,0.0,0.0
36,Device,Conv2DBackpropFilter,gradient_tape/model/conv2d_10/Conv2D/Conv2DBackpropFilter,2,705.537,352.7685,705.537,352.7685,0.008495244544072337,0.545447469830429,0.0,0.0
37,Device,Conv2D,model/conv2d_2/Conv2D,2,702.464,351.232,702.464,351.232,0.008458243101931195,0.5539057129323602,0.0,0.0
38,Device,Conv2DBackpropInput,gradient_tape/model/conv2d_18/Conv2D/Conv2DBackpropInput,2,697.345,348.6725,697.345,348.6725,0.008396606140551273,0.5623023190729115,0.0,0.0
39,Device,Conv2DBackpropInput,gradient_tape/model/conv2d_19/Conv2D/Conv2DBackpropInput,2,696.321,348.1605,696.321,348.1605,0.00838427634011114,0.5706865954130227,0.0,0.0
40,Device,Conv2DBackpropInput,gradient_tape/model/conv2d_16/Conv2D/Conv2DBackpropInput,2,695.297,347.6485,695.297,347.6485,0.008371946539671007,0.5790585419526937,0.0,0.0
41,Device,Conv2D,model/conv2d_9/Conv2D,2,663.554,331.777,663.554,331.777,0.007989734766847627,0.5870482767195413,0.0,0.0
42,Device,Conv2DBackpropInput,gradient_tape/model/conv2d_9/Conv2D/Conv2DBackpropInput,2,663.553,331.7765,663.553,331.7765,0.007989722726026886,0.5950379994455682,0.0,0.0
43,Device,Conv2DBackpropInput,gradient_tape/model/conv2d_6/Conv2D/Conv2DBackpropInput,2,662.53,331.265,662.53,331.265,0.007977404966407494,0.6030154044119758,0.0,0.0
44,Device,Conv2D,model/conv2d_6/Conv2D,2,661.506,330.753,661.506,330.753,0.007965075165967362,0.6109804795779431,0.0,0.0
45,Device,Conv2D,model/conv2d_8/Conv2D,2,661.506,330.753,661.506,330.753,0.007965075165967362,0.6189455547439104,0.0,0.0
46,Device,Conv2DBackpropInput,gradient_tape/model/conv2d_8/Conv2D/Conv2DBackpropInput,2,661.505,330.7525,661.505,330.7525,0.00796506312514662,0.6269106178690571,0.0,0.0
47,Device,Conv2DBackpropFilter,gradient_tape/model/conv2d_15/Conv2D/Conv2DBackpropFilter,2,635.906,317.953,635.906,317.953,0.007656830154964038,0.6345674480240211,0.0,0.0
48,Device,Conv2D,model/conv2d_10/Conv2D,2,631.808,315.904,631.808,315.904,0.007607486871562022,0.6421749348955831,0.0,0.0
49,Device,Conv2D,model/conv2d_15/Conv2D,4,622.594,155.6485,622.594,155.6485,0.0074965427492423116,0.6496714776448254,0.0,0.0
50,Device,Conv2DBackpropFilter,gradient_tape/model/conv2d_13/Conv2D/Conv2DBackpropFilter,2,603.136,301.568,603.136,301.568,0.0072622524592383,0.6569337301040636,0.0,0.0
51,Device,Conv2DBackpropFilter,gradient_tape/model/conv2d_14/Conv2D/Conv2DBackpropFilter,2,601.09,300.545,601.09,300.545,0.00723761693999952,0.6641713470440631,0.0,0.0
52,Device,Conv2D,model/conv2d_13/Conv2D,2,596.994,298.497,596.994,298.497,0.007188297738238988,0.6713596447823021,0.0,0.0
53,Device,Conv2D,model/conv2d_11/Conv2D,2,596.993,298.4965,596.993,298.4965,0.0071882856974182455,0.6785479304797204,0.0,0.0
54,Device,Conv2D,model/conv2d_14/Conv2D,2,595.97,297.985,595.97,297.985,0.007175967937798854,0.6857238984175192,0.0,0.0
55,Device,Conv2DBackpropFilter,gradient_tape/model/conv2d_11/Conv2D/Conv2DBackpropFilter,2,595.969,297.9845,595.969,297.9845,0.007175955896978113,0.6928998543144973,0.0,0.0
56,Device,Conv2DBackpropInput,gradient_tape/model/conv2d_11/Conv2D/Conv2DBackpropInput,2,590.85,295.425,590.85,295.425,0.00711431893559819,0.7000141732500955,0.0,0.0
57,Device,Conv2DBackpropInput,gradient_tape/model/conv2d_14/Conv2D/Conv2DBackpropInput,2,582.657,291.3285,582.657,291.3285,0.007015668491256385,0.7070298417413519,0.0,0.0
58,Device,Conv2DBackpropInput,gradient_tape/model/conv2d_13/Conv2D/Conv2DBackpropInput,2,579.585,289.7925,579.585,289.7925,0.0069786790899359855,0.7140085208312879,0.0,0.0
59,Device,FusedBatchNormGradV3,gradient_tape/model/batch_normalization_2/FusedBatchNormGradV3,2,558.081,279.0405,558.081,279.0405,0.006719753280693194,0.720728274111981,0.0,0.0
60,Device,FusedBatchNormGradV3,gradient_tape/model/batch_normalization_4/FusedBatchNormGradV3,2,557.058,278.529,557.058,278.529,0.0067074355210738025,0.7274357096330548,0.0,0.0
61,Device,FusedBatchNormGradV3,gradient_tape/model/batch_normalization_3/FusedBatchNormGradV3,2,557.057,278.5285,557.057,278.5285,0.006707423480253061,0.7341431331133079,0.0,0.0
62,Device,FusedBatchNormGradV3,gradient_tape/model/batch_normalization_1/FusedBatchNormGradV3,2,557.056,278.528,557.056,278.528,0.006707411439432319,0.7408505445527402,0.0,0.0
63,Device,MaxPool,model/max_pooling2d/MaxPool,2,539.648,269.824,539.648,269.824,0.006497804831950059,0.7473483493846903,0.0,0.0
64,Device,BiasAddGrad,gradient_tape/model/conv2d/BiasAdd/BiasAddGrad,2,411.648,205.824,411.648,205.824,0.004956579776933441,0.7523049291616237,0.0,0.0
65,Device,Conv2DBackpropInput,gradient_tape/model/conv2d_7/Conv2D/Conv2DBackpropInput,2,400.384,200.192,400.384,200.192,0.0048209519720919785,0.7571258811337157,0.0,0.0
66,Device,SoftmaxCrossEntropyWithLogits,categorical_crossentropy/softmax_cross_entropy_with_logits,2,353.281,176.6405,353.281,176.6405,0.004253793192666606,0.7613796743263823,0.0,0.0
67,Device,ReluGrad,gradient_tape/model/activation_4/ReluGrad,2,338.944,169.472,338.944,169.472,0.004081163945684003,0.7654608382720663,0.0,0.0
68,Device,FusedBatchNormV3,model/batch_normalization_3/FusedBatchNormV3,4,334.849,83.71225,334.849,83.71225,0.004031856784744213,0.7694926950568105,0.0,0.0
69,Device,FusedBatchNormV3,model/batch_normalization_4/FusedBatchNormV3,4,334.848,83.712,334.848,83.712,0.004031844743923471,0.773524539800734,0.0,0.0
70,Device,FusedBatchNormV3,model/batch_normalization_1/FusedBatchNormV3,4,332.8,83.2,332.8,83.2,0.004007185143043205,0.7775317249437772,0.0,0.0
71,Device,FusedBatchNormV3,model/batch_normalization_2/FusedBatchNormV3,4,330.752,82.688,330.752,82.688,0.003982525542162939,0.7815142504859401,0.0,0.0
72,Device,ReluGrad,gradient_tape/model/activation_2/ReluGrad,2,328.705,164.3525,328.705,164.3525,0.003957877982103415,0.7854721284680436,0.0,0.0
73,Device,ReluGrad,gradient_tape/model/activation_3/ReluGrad,2,327.681,163.8405,327.681,163.8405,0.003945548181663282,0.7894176766497069,0.0,0.0
74,Device,AddN,SGD/gradients/AddN_5,2,324.608,162.304,324.608,162.304,0.003908546739522141,0.793326223389229,0.0,0.0
75,Device,AddN,SGD/gradients/AddN_6,2,320.513,160.2565,320.513,160.2565,0.0038592395785823517,0.7971854629678113,0.0,0.0
76,Device,ReluGrad,gradient_tape/model/activation_1/ReluGrad,2,319.489,159.7445,319.489,159.7445,0.0038469097781422185,0.8010323727459535,0.0,0.0
77,Device,AddV2,model/add/add,2,318.465,159.2325,318.465,159.2325,0.003834579977702086,0.8048669527236556,0.0,0.0
78,Device,AddV2,model/add_1/add,2,318.464,159.232,318.464,159.232,0.0038345679368813434,0.8087015206605369,0.0,0.0
79,Device,AddN,SGD/gradients/AddN_7,2,312.321,156.1605,312.321,156.1605,0.0037606011750612885,0.8124621218355982,0.0,0.0
80,Device,FusedBatchNormGradV3,gradient_tape/model/batch_normalization_8/FusedBatchNormGradV3,2,285.697,142.8485,285.697,142.8485,0.003440026363617832,0.815902148199216,0.0,0.0
81,Device,FusedBatchNormGradV3,gradient_tape/model/batch_normalization_7/FusedBatchNormGradV3,2,284.673,142.3365,284.673,142.3365,0.003427696563177699,0.8193298447623937,0.0,0.0
82,Device,FusedBatchNormGradV3,gradient_tape/model/batch_normalization_6/FusedBatchNormGradV3,2,283.649,141.8245,283.649,141.8245,0.0034153667627375662,0.8227452115251312,0.0,0.0
83,Device,FusedBatchNormGradV3,gradient_tape/model/batch_normalization_5/FusedBatchNormGradV3,2,282.625,141.3125,282.625,141.3125,0.003403036962297433,0.8261482484874286,0.0,0.0
84,Device,Conv2DBackpropFilter,gradient_tape/model/conv2d_7/Conv2D/Conv2DBackpropFilter,2,277.504,138.752,277.504,138.752,0.003341375919276026,0.8294896244067047,0.0,0.0
85,Device,Conv2DBackpropInput,gradient_tape/model/conv2d_12/Conv2D/Conv2DBackpropInput,2,232.448,116.224,232.448,116.224,0.002798864699910177,0.8322884891066149,0.0,0.0
86,Device,BiasAdd,model/conv2d_4/BiasAdd,2,224.258,112.129,224.258,112.129,0.002700250378030598,0.8349887394846455,0.0,0.0
87,Device,BiasAdd,model/conv2d_1/BiasAdd,2,224.256,112.128,224.256,112.128,0.0027002262963891134,0.8376889657810346,0.0,0.0
88,Device,BiasAdd,model/conv2d_2/BiasAdd,2,220.161,110.0805,220.161,110.0805,0.002650919135449324,0.8403398849164839,0.0,0.0
89,Device,BiasAdd,model/conv2d_3/BiasAdd,2,220.161,110.0805,220.161,110.0805,0.002650919135449324,0.8429908040519333,0.0,0.0
90,Device,Relu,model/activation_3/Relu,2,217.088,108.544,217.088,108.544,0.002613917693308183,0.8456047217452415,0.0,0.0
91,Device,Relu,model/activation_2/Relu,2,216.064,108.032,216.064,108.032,0.0026015878928680497,0.8482063096381095,0.0,0.0
92,Device,Relu,model/activation_4/Relu,2,215.04,107.52,215.04,107.52,0.002589258092427917,0.8507955677305374,0.0,0.0
93,Device,Relu,model/activation_1/Relu,2,212.993,106.4965,212.993,106.4965,0.0025646105323683934,0.8533601782629058,0.0,0.0
94,Device,Conv2DBackpropInput,gradient_tape/model/conv2d_17/Conv2D/Conv2DBackpropInput,2,203.777,101.8885,203.777,101.8885,0.0024536423284071966,0.855813820591313,0.0,0.0
95,Device,Conv2D,model/conv2d_7/Conv2D,2,202.753,101.3765,202.753,101.3765,0.002441312527967064,0.85825513311928,0.0,0.0
96,Device,Transpose,gradient_tape/model/conv2d/Conv2D/Conv2DBackpropFilter-0-TransposeNHWCToNCHW-LayoutOptimizer,2,187.393,93.6965,187.393,93.6965,0.00225636552136507,0.8605114986406451,0.0,0.0
97,Device,FusedBatchNormV3,model/batch_normalization_8/FusedBatchNormV3,4,177.153,44.28825,177.153,44.28825,0.0021330675169637403,0.8626445661576089,0.0,0.0
98,Device,FusedBatchNormV3,model/batch_normalization_5/FusedBatchNormV3,4,175.104,43.776,175.104,43.776,0.0021083958752627324,0.8647529620328716,0.0,0.0
99,Device,FusedBatchNormV3,model/batch_normalization_6/FusedBatchNormV3,4,172.032,43.008,172.032,43.008,0.0020714064739423338,0.8668243685068139,0.0,0.0
100,Device,Conv2DBackpropFilter,gradient_tape/model/conv2d_17/Conv2D/Conv2DBackpropFilter,2,171.009,85.5045,171.009,85.5045,0.0020590887143229425,0.8688834572211368,0.0,0.0
101,Device,FusedBatchNormV3,model/batch_normalization_7/FusedBatchNormV3,4,169.984,42.496,169.984,42.496,0.002046746873062068,0.8709302040941989,0.0,0.0
102,Device,ReluGrad,gradient_tape/model/activation_5/ReluGrad,2,165.888,82.944,165.888,82.944,0.001997427671301536,0.8729276317655004,0.0,0.0
103,Device,ReluGrad,gradient_tape/model/activation_8/ReluGrad,2,164.864,82.432,164.864,82.432,0.001985097870861403,0.8749127296363618,0.0,0.0
104,Device,AddN,SGD/gradients/AddN_3,2,163.841,81.9205,163.841,81.9205,0.0019727801112420125,0.8768855097476038,0.0,0.0
105,Device,ReluGrad,gradient_tape/model/activation_6/ReluGrad,2,163.841,81.9205,163.841,81.9205,0.0019727801112420125,0.8788582898588458,0.0,0.0
106,Device,AddV2,model/add_2/add,2,163.84,81.92,163.84,81.92,0.00197276807042127,0.8808310579292671,0.0,0.0
107,Device,ReluGrad,gradient_tape/model/activation_7/ReluGrad,2,162.817,81.4085,162.817,81.4085,0.0019604503108018793,0.8827915082400689,0.0,0.0
108,Device,AddN,SGD/gradients/AddN_4,2,162.816,81.408,162.816,81.408,0.001960438269981137,0.8847519465100501,0.0,0.0
109,Device,AddV2,model/add_3/add,2,162.816,81.408,162.816,81.408,0.001960438269981137,0.8867123847800312,0.0,0.0
110,Device,FusedBatchNormGradV3,gradient_tape/model/batch_normalization_9/FusedBatchNormGradV3,2,144.385,72.1925,144.385,72.1925,0.0017385139028794864,0.8884508986829107,0.0,0.0
111,Device,FusedBatchNormGradV3,gradient_tape/model/batch_normalization_10/FusedBatchNormGradV3,2,144.384,72.192,144.384,72.192,0.001738501862058744,0.8901894005449694,0.0,0.0
112,Device,FusedBatchNormGradV3,gradient_tape/model/batch_normalization_12/FusedBatchNormGradV3,2,144.384,72.192,144.384,72.192,0.001738501862058744,0.8919279024070281,0.0,0.0
113,Device,FusedBatchNormGradV3,gradient_tape/model/batch_normalization_11/FusedBatchNormGradV3,2,143.361,71.6805,143.361,71.6805,0.0017261841024393534,0.8936540865094674,0.0,0.0
114,Device,Conv2DBackpropFilter,gradient_tape/model/conv2d_12/Conv2D/Conv2DBackpropFilter,2,140.288,70.144,140.288,70.144,0.0016891826602982126,0.8953432691697656,0.0,0.0
115,Device,BiasAddGrad,gradient_tape/model/conv2d_2/BiasAdd/BiasAddGrad,2,137.216,68.608,137.216,68.608,0.0016521932589778137,0.8969954624287434,0.0,0.0
116,Device,BiasAddGrad,gradient_tape/model/conv2d_3/BiasAdd/BiasAddGrad,2,128.001,64.0005,128.001,64.0005,0.0015412370958373595,0.8985366995245807,0.0,0.0
117,Device,BiasAddGrad,gradient_tape/model/conv2d_4/BiasAdd/BiasAddGrad,2,128.001,64.0005,128.001,64.0005,0.0015412370958373595,0.900077936620418,0.0,0.0
118,Device,BiasAddGrad,gradient_tape/model/conv2d_1/BiasAdd/BiasAddGrad,2,126.977,63.4885,126.977,63.4885,0.0015289072953972266,0.9016068439158152,0.0,0.0
119,Device,ArgMax,ArgMax,2,126.976,63.488,126.976,63.488,0.0015288952545764842,0.9031357391703917,0.0,0.0
120,Device,ResourceApplyGradientDescent,SGD/SGD/update_62/ResourceApplyGradientDescent,2,126.976,63.488,126.976,63.488,0.0015288952545764842,0.9046646344249681,0.0,0.0
121,Device,ResourceApplyGradientDescent,SGD/SGD/update_66/ResourceApplyGradientDescent,2,124.929,62.4645,124.929,62.4645,0.0015042476945169607,0.9061688821194851,0.0,0.0
122,Device,ResourceApplyGradientDescent,SGD/SGD/update_70/ResourceApplyGradientDescent,2,124.928,62.464,124.928,62.464,0.0015042356536962183,0.9076731177731813,0.0,0.0
123,Device,Mul,gradient_tape/conv2d_19/kernel/Regularizer/Mul_1,2,121.857,60.9285,121.857,60.9285,0.0014672582931965618,0.9091403760663779,0.0,0.0
124,Device,Mul,gradient_tape/conv2d_18/kernel/Regularizer/Mul_1,2,121.856,60.928,121.856,60.928,0.0014672462523758194,0.9106076223187537,0.0,0.0
125,Device,ArgMax,ArgMax_1,2,120.832,60.416,120.832,60.416,0.0014549164519356865,0.9120625387706894,0.0,0.0
126,Device,AddN,SGD/gradients/AddN_26,2,120.832,60.416,120.832,60.416,0.0014549164519356865,0.9135174552226252,0.0,0.0
127,Device,AddN,SGD/gradients/AddN_25,2,119.808,59.904,119.808,59.904,0.0014425866514955537,0.9149600418741207,0.0,0.0
128,Device,AddN,SGD/gradients/AddN_27,2,118.784,59.392,118.784,59.392,0.0014302568510554208,0.9163902987251762,0.0,0.0
129,Device,Conv2D,model/conv2d_12/Conv2D,2,118.784,59.392,118.784,59.392,0.0014302568510554208,0.9178205555762317,0.0,0.0
130,Device,Mul,gradient_tape/conv2d_16/kernel/Regularizer/Mul_1,2,117.76,58.88,117.76,58.88,0.0014179270506152878,0.9192384826268469,0.0,0.0
131,Device,Conv2D,model/conv2d_17/Conv2D,2,117.76,58.88,117.76,58.88,0.0014179270506152878,0.9206564096774622,0.0,0.0
132,Device,BiasAdd,model/conv2d_7/BiasAdd,2,116.736,58.368,116.736,58.368,0.0014055972501751549,0.9220620069276374,0.0,0.0
133,Device,BiasAdd,model/conv2d_5/BiasAdd,2,114.688,57.344,114.688,57.344,0.001380937649294889,0.9234429445769323,0.0,0.0
134,Device,BiasAdd,model/conv2d_6/BiasAdd,2,112.64,56.32,112.64,56.32,0.001356278048414623,0.924799222625347,0.0,0.0
135,Device,BiasAdd,model/conv2d_8/BiasAdd,2,111.616,55.808,111.616,55.808,0.00134394824797449,0.9261431708733214,0.0,0.0
136,Device,Relu,model/activation_8/Relu,2,110.592,55.296,110.592,55.296,0.0013316184475343574,0.9274747893208558,0.0,0.0
137,Device,BiasAdd,model/conv2d_9/BiasAdd,2,110.592,55.296,110.592,55.296,0.0013316184475343574,0.9288064077683902,0.0,0.0
138,Device,Relu,model/activation_6/Relu,2,109.568,54.784,109.568,54.784,0.0013192886470942244,0.9301256964154844,0.0,0.0
139,Device,Relu,model/activation_7/Relu,2,109.568,54.784,109.568,54.784,0.0013192886470942244,0.9314449850625786,0.0,0.0
140,Device,Relu,model/activation_5/Relu,2,108.544,54.272,108.544,54.272,0.0013069588466540914,0.9327519439092327,0.0,0.0
141,Device,AvgPoolGrad,gradient_tape/model/average_pooling2d/AvgPoolGrad,2,92.16,46.08,92.16,46.08,0.0011096820396119644,0.9338616259488446,0.0,0.0
142,Device,ReluGrad,gradient_tape/model/activation_12/ReluGrad,2,84.992,42.496,84.992,42.496,0.001023373436531034,0.9348849993853756,0.0,0.0
143,Device,ReluGrad,gradient_tape/model/activation_10/ReluGrad,2,83.968,41.984,83.968,41.984,0.001011043636090901,0.9358960430214666,0.0,0.0
144,Device,AddV2,model/add_5/add,2,83.968,41.984,83.968,41.984,0.001011043636090901,0.9369070866575575,0.0,0.0
145,Device,Square,conv2d_18/kernel/Regularizer/Square,2,82.944,41.472,82.944,41.472,0.000998713835650768,0.9379058004932083,0.0,0.0
146,Device,ReluGrad,gradient_tape/model/activation_11/ReluGrad,2,82.944,41.472,82.944,41.472,0.000998713835650768,0.938904514328859,0.0,0.0
147,Device,BiasAddGrad,gradient_tape/model/conv2d_9/BiasAdd/BiasAddGrad,2,82.944,41.472,82.944,41.472,0.000998713835650768,0.9399032281645098,0.0,0.0
148,Device,Square,conv2d_19/kernel/Regularizer/Square,2,81.92,40.96,81.92,40.96,0.000986384035210635,0.9408896121997204,0.0,0.0
149,Device,AddV2,model/add_4/add,2,81.92,40.96,81.92,40.96,0.000986384035210635,0.9418759962349311,0.0,0.0
150,Device,ReluGrad,gradient_tape/model/activation_9/ReluGrad,2,80.896,40.448,80.896,40.448,0.0009740542347705021,0.9428500504697016,0.0,0.0
151,Device,BiasAddGrad,gradient_tape/model/conv2d_8/BiasAdd/BiasAddGrad,2,80.896,40.448,80.896,40.448,0.0009740542347705021,0.9438241047044721,0.0,0.0
152,Device,AddN,SGD/gradients/AddN_2,2,79.873,39.9365,79.873,39.9365,0.0009617364751511115,0.9447858411796232,0.0,0.0
153,Device,AddN,SGD/gradients/AddN_1,2,78.848,39.424,78.848,39.424,0.0009493946338902362,0.9457352358135134,0.0,0.0
154,Device,Square,conv2d_16/kernel/Regularizer/Square,2,77.825,38.9125,77.825,38.9125,0.0009370768742708456,0.9466723126877842,0.0,0.0
155,Device,Tile,gradient_tape/conv2d_16/kernel/Regularizer/Tile,2,73.728,36.864,73.728,36.864,0.0008877456316895714,0.9475600583194738,0.0,0.0
156,Device,BiasAddGrad,gradient_tape/model/conv2d_5/BiasAdd/BiasAddGrad,2,71.68,35.84,71.68,35.84,0.0008630860308093057,0.9484231443502831,0.0,0.0
157,Device,Mul,gradient_tape/conv2d_16/kernel/Regularizer/Mul,2,69.632,34.816,69.632,34.816,0.0008384264299290398,0.9492615707802121,0.0,0.0
158,Device,BiasAddGrad,gradient_tape/model/conv2d_7/BiasAdd/BiasAddGrad,2,67.584,33.792,67.584,33.792,0.0008137668290487739,0.9500753376092609,0.0,0.0
159,Device,ResourceApplyGradientDescent,SGD/SGD/update_56/ResourceApplyGradientDescent,2,66.56,33.28,66.56,33.28,0.000801437028608641,0.9508767746378696,0.0,0.0
160,Device,AddN,SGD/gradients/AddN_23,2,64.512,32.256,64.512,32.256,0.000776777427728375,0.951653552065598,0.0,0.0
161,Device,Mul,gradient_tape/conv2d_15/kernel/Regularizer/Mul_1,2,62.464,31.232,62.464,31.232,0.0007521178268481091,0.9524056698924461,0.0,0.0
162,Device,FusedBatchNormV3,model/batch_normalization_10/FusedBatchNormV3,4,62.464,15.616,62.464,15.616,0.0007521178268481091,0.9531577877192943,0.0,0.0
163,Device,FusedBatchNormV3,model/batch_normalization_12/FusedBatchNormV3,4,62.464,15.616,62.464,15.616,0.0007521178268481091,0.9539099055461424,0.0,0.0
164,Device,BiasAdd,model/conv2d_12/BiasAdd,2,59.393,29.6965,59.393,29.6965,0.0007151404663484527,0.9546250460124909,0.0,0.0
165,Device,Sum,conv2d_18/kernel/Regularizer/Sum,2,59.392,29.696,59.392,29.696,0.0007151284255277104,0.9553401744380186,0.0,0.0
166,Device,Sum,conv2d_19/kernel/Regularizer/Sum,2,58.368,29.184,58.368,29.184,0.0007027986250875774,0.9560429730631061,0.0,0.0
167,Device,Relu,model/activation_12/Relu,2,58.368,29.184,58.368,29.184,0.0007027986250875774,0.9567457716881937,0.0,0.0
168,Device,Sum,conv2d_16/kernel/Regularizer/Sum,2,55.297,27.6485,55.297,27.6485,0.0006658212645879209,0.9574115929527817,0.0,0.0
169,Device,FusedBatchNormGradV3,gradient_tape/model/batch_normalization_14/FusedBatchNormGradV3,2,55.296,27.648,55.296,27.648,0.0006658092237671787,0.9580774021765488,0.0,0.0
170,Device,FusedBatchNormGradV3,gradient_tape/model/batch_normalization_13/FusedBatchNormGradV3,2,53.248,26.624,53.248,26.624,0.0006411496228869128,0.9587185517994357,0.0,0.0
171,Device,FusedBatchNormV3,model/batch_normalization_11/FusedBatchNormV3,4,53.248,13.312,53.248,13.312,0.0006411496228869128,0.9593597014223225,0.0,0.0
172,Device,FusedBatchNormV3,model/batch_normalization_9/FusedBatchNormV3,4,51.201,12.80025,51.201,12.80025,0.0006165020628273892,0.9599762034851499,0.0,0.0
173,Device,FusedBatchNormGradV3,gradient_tape/model/batch_normalization_15/FusedBatchNormGradV3,2,51.2,25.6,51.2,25.6,0.000616490022006647,0.9605926935071566,0.0,0.0
174,Device,BiasAddGrad,gradient_tape/model/conv2d_13/BiasAdd/BiasAddGrad,2,46.081,23.0405,46.081,23.0405,0.0005548530606267246,0.9611475465677833,0.0,0.0
175,Device,BiasAddGrad,gradient_tape/model/conv2d_10/BiasAdd/BiasAddGrad,2,45.056,22.528,45.056,22.528,0.0005425112193658492,0.9616900577871492,0.0,0.0
176,Device,BiasAddGrad,gradient_tape/model/conv2d_14/BiasAdd/BiasAddGrad,2,45.056,22.528,45.056,22.528,0.0005425112193658492,0.9622325690065151,0.0,0.0
177,Device,BiasAdd,model/conv2d_10/BiasAdd,2,45.056,22.528,45.056,22.528,0.0005425112193658492,0.962775080225881,0.0,0.0
178,Device,BiasAdd,model/conv2d_11/BiasAdd,2,45.056,22.528,45.056,22.528,0.0005425112193658492,0.9633175914452469,0.0,0.0
179,Device,BiasAdd,model/conv2d_13/BiasAdd,2,45.056,22.528,45.056,22.528,0.0005425112193658492,0.9638601026646128,0.0,0.0
180,Device,BiasAdd,model/conv2d_14/BiasAdd,2,45.056,22.528,45.056,22.528,0.0005425112193658492,0.9644026138839786,0.0,0.0
181,Device,ReluGrad,gradient_tape/model/activation_14/ReluGrad,2,44.032,22.016,44.032,22.016,0.0005301814189257163,0.9649327953029043,0.0,0.0
182,Device,Square,conv2d_15/kernel/Regularizer/Square,2,43.008,21.504,43.008,21.504,0.0005178516184855834,0.9654506469213899,0.0,0.0
183,Device,ReluGrad,gradient_tape/model/activation_13/ReluGrad,2,43.008,21.504,43.008,21.504,0.0005178516184855834,0.9659684985398755,0.0,0.0
184,Device,ReluGrad,gradient_tape/model/activation_15/ReluGrad,2,43.008,21.504,43.008,21.504,0.0005178516184855834,0.9664863501583612,0.0,0.0
185,Device,FusedBatchNormGradV3,gradient_tape/model/batch_normalization_16/FusedBatchNormGradV3,2,43.008,21.504,43.008,21.504,0.0005178516184855834,0.9670042017768468,0.0,0.0
186,Device,Tile,gradient_tape/conv2d_15/kernel/Regularizer/Tile,2,40.96,20.48,40.96,20.48,0.0004931920176053175,0.9674973937944521,0.0,0.0
187,Device,Mul,gradient_tape/conv2d_15/kernel/Regularizer/Mul,2,39.936,19.968,39.936,19.968,0.0004808622171651846,0.9679782560116172,0.0,0.0
188,Device,BiasAddGrad,gradient_tape/model/conv2d_12/BiasAdd/BiasAddGrad,2,36.864,18.432,36.864,18.432,0.0004438728158447857,0.968422128827462,0.0,0.0
189,Device,ResourceApplyGradientDescent,SGD/SGD/update_44/ResourceApplyGradientDescent,2,35.84,17.92,35.84,17.92,0.00043154301540465287,0.9688536718428666,0.0,0.0
190,Device,FusedBatchNormV3,model/batch_normalization_16/FusedBatchNormV3,4,35.84,8.96,35.84,8.96,0.00043154301540465287,0.9692852148582712,0.0,0.0
191,Device,ResourceApplyGradientDescent,SGD/SGD/update_48/ResourceApplyGradientDescent,2,34.816,17.408,34.816,17.408,0.0004192132149645199,0.9697044280732358,0.0,0.0
192,Device,ResourceApplyGradientDescent,SGD/SGD/update_52/ResourceApplyGradientDescent,2,34.816,17.408,34.816,17.408,0.0004192132149645199,0.9701236412882003,0.0,0.0
193,Device,AddN,SGD/gradients/AddN_21,2,34.816,17.408,34.816,17.408,0.0004192132149645199,0.9705428545031648,0.0,0.0
194,Device,AddN,SGD/gradients/AddN_22,2,34.816,17.408,34.816,17.408,0.0004192132149645199,0.9709620677181293,0.0,0.0
195,Device,Mul,gradient_tape/conv2d_11/kernel/Regularizer/Mul_1,2,33.792,16.896,33.792,16.896,0.00040688341452438696,0.9713689511326538,0.0,0.0
196,Device,Relu,model/activation_10/Relu,2,33.792,16.896,33.792,16.896,0.00040688341452438696,0.9717758345471782,0.0,0.0
197,Device,Relu,model/activation_11/Relu,2,33.792,16.896,33.792,16.896,0.00040688341452438696,0.9721827179617026,0.0,0.0
198,Device,Mul,gradient_tape/conv2d_14/kernel/Regularizer/Mul_1,2,32.768,16.384,32.768,16.384,0.000394553614084254,0.9725772715757869,0.0,0.0
199,Device,Relu,model/activation_9/Relu,2,32.768,16.384,32.768,16.384,0.000394553614084254,0.9729718251898711,0.0,0.0
200,Device,AddN,SGD/gradients/AddN_20,2,31.744,15.872,31.744,15.872,0.00038222381364412105,0.9733540490035153,0.0,0.0
201,Device,FusedBatchNormV3,model/batch_normalization_14/FusedBatchNormV3,4,31.744,7.936,31.744,7.936,0.00038222381364412105,0.9737362728171595,0.0,0.0
202,Device,Sum,conv2d_15/kernel/Regularizer/Sum,2,30.72,15.36,30.72,15.36,0.0003698940132039881,0.9741061668303634,0.0,0.0
203,Device,FusedBatchNormV3,model/batch_normalization_13/FusedBatchNormV3,4,30.72,7.68,30.72,7.68,0.0003698940132039881,0.9744760608435674,0.0,0.0
204,Device,FusedBatchNormV3,model/batch_normalization_15/FusedBatchNormV3,4,30.72,7.68,30.72,7.68,0.0003698940132039881,0.9748459548567714,0.0,0.0
205,Device,BiasAdd,model/conv2d_17/BiasAdd,2,30.72,15.36,30.72,15.36,0.0003698940132039881,0.9752158488699754,0.0,0.0
206,Device,BiasAddGrad,gradient_tape/model/conv2d_15/BiasAdd/BiasAddGrad,2,29.696,14.848,29.696,14.848,0.0003575642127638552,0.9755734130827393,0.0,0.0
207,Device,Mul,gradient_tape/conv2d_13/kernel/Regularizer/Mul_1,2,28.672,14.336,28.672,14.336,0.00034523441232372224,0.975918647495063,0.0,0.0
208,Device,MatMul,model/dense/MatMul,2,27.648,13.824,27.648,13.824,0.00033290461188358934,0.9762515521069466,0.0,0.0
209,Device,ReluGrad,gradient_tape/model/activation_16/ReluGrad,2,26.624,13.312,26.624,13.312,0.0003205748114434564,0.97657212691839,0.0,0.0
210,Device,BiasAddGrad,gradient_tape/model/conv2d_18/BiasAdd/BiasAddGrad,2,26.624,13.312,26.624,13.312,0.0003205748114434564,0.9768927017298334,0.0,0.0
211,Device,Softmax,model/dense/Softmax,2,26.624,13.312,26.624,13.312,0.0003205748114434564,0.9772132765412769,0.0,0.0
212,Device,BiasAddGrad,gradient_tape/model/conv2d_19/BiasAdd/BiasAddGrad,2,25.6,12.8,25.6,12.8,0.0003082450110033235,0.9775215215522802,0.0,0.0
213,Device,MatMul,gradient_tape/model/dense/MatMul/MatMul,2,25.6,12.8,25.6,12.8,0.0003082450110033235,0.9778297665632836,0.0,0.0
214,Device,AddN,SGD/gradients/AddN,2,24.576,12.288,24.576,12.288,0.00029591521056319053,0.9781256817738467,0.0,0.0
215,Device,Sum,conv2d_11/kernel/Regularizer/Sum,2,24.576,12.288,24.576,12.288,0.00029591521056319053,0.9784215969844099,0.0,0.0
216,Device,Sum,conv2d_13/kernel/Regularizer/Sum,2,23.552,11.776,23.552,11.776,0.0002835854101230576,0.978705182394533,0.0,0.0
217,Device,AddV2,model/add_6/add,2,22.528,11.264,22.528,11.264,0.0002712556096829246,0.9789764380042159,0.0,0.0
218,Device,AddV2,model/add_7/add,2,22.528,11.264,22.528,11.264,0.0002712556096829246,0.9792476936138987,0.0,0.0
219,Device,_Recv,IteratorGetNext/_4,2,22.368,11.184,22.368,11.184,0.0002693290783641538,0.9795170226922629,0.0,0.0
220,Device,Square,conv2d_11/kernel/Regularizer/Square,2,21.504,10.752,21.504,10.752,0.0002589258092427917,0.9797759485015057,0.0,0.0
221,Device,Sum,conv2d_14/kernel/Regularizer/Sum,2,21.504,10.752,21.504,10.752,0.0002589258092427917,0.9800348743107485,0.0,0.0
222,Device,AddN,SGD/gradients/AddN_18,2,20.48,10.24,20.48,10.24,0.00024659600880265877,0.9802814703195512,0.0,0.0
223,Device,Square,conv2d_13/kernel/Regularizer/Square,2,20.48,10.24,20.48,10.24,0.00024659600880265877,0.9805280663283538,0.0,0.0
224,Device,Square,conv2d_14/kernel/Regularizer/Square,2,20.48,10.24,20.48,10.24,0.00024659600880265877,0.9807746623371564,0.0,0.0
225,Device,Tile,gradient_tape/conv2d_11/kernel/Regularizer/Tile,2,20.48,10.24,20.48,10.24,0.00024659600880265877,0.981021258345959,0.0,0.0
226,Device,BiasAddGrad,gradient_tape/model/conv2d_17/BiasAdd/BiasAddGrad,2,20.48,10.24,20.48,10.24,0.00024659600880265877,0.9812678543547616,0.0,0.0
227,Device,AddN,ArithmeticOptimizer/AddOpsRewrite_AddN_1,4,19.456,4.864,19.456,4.864,0.0002342662083625258,0.9815021205631241,0.0,0.0
228,Device,ResourceApplyGradientDescent,SGD/SGD/update_38/ResourceApplyGradientDescent,2,19.456,9.728,19.456,9.728,0.0002342662083625258,0.9817363867714867,0.0,0.0
229,Device,Mul,gradient_tape/conv2d_10/kernel/Regularizer/Mul_1,2,18.432,9.216,18.432,9.216,0.00022193640792239286,0.981958323179409,0.0,0.0
230,Device,Sum,conv2d_17/kernel/Regularizer/Sum,2,17.409,8.7045,17.409,8.7045,0.00020961864830300225,0.982167941827712,0.0,0.0
231,Device,Sum,conv2d_10/kernel/Regularizer/Sum,2,17.408,8.704,17.408,8.704,0.00020960660748225996,0.9823775484351943,0.0,0.0
232,Device,Mul,gradient_tape/conv2d_11/kernel/Regularizer/Mul,2,17.408,8.704,17.408,8.704,0.00020960660748225996,0.9825871550426766,0.0,0.0
233,Device,Sum,conv2d_6/kernel/Regularizer/Sum,2,16.384,8.192,16.384,8.192,0.000197276807042127,0.9827844318497188,0.0,0.0
234,Device,Sum,conv2d_9/kernel/Regularizer/Sum,2,15.361,7.6805,15.361,7.6805,0.0001849590474227364,0.9829693908971415,0.0,0.0
235,Device,BiasAdd,model/conv2d_16/BiasAdd,2,15.36,7.68,15.36,7.68,0.00018494700660199405,0.9831543379037435,0.0,0.0
236,Device,BiasAdd,model/conv2d_18/BiasAdd,2,15.36,7.68,15.36,7.68,0.00018494700660199405,0.9833392849103455,0.0,0.0
237,Device,BiasAdd,model/conv2d_19/BiasAdd,2,15.36,7.68,15.36,7.68,0.00018494700660199405,0.9835242319169475,0.0,0.0
238,Device,ResourceApplyGradientDescent,SGD/SGD/update_30/ResourceApplyGradientDescent,2,14.336,7.168,14.336,7.168,0.00017261720616186112,0.9836968491231094,0.0,0.0
239,Device,AddN,SGD/gradients/AddN_17,2,14.336,7.168,14.336,7.168,0.00017261720616186112,0.9838694663292713,0.0,0.0
240,Device,Square,conv2d_10/kernel/Regularizer/Square,2,14.336,7.168,14.336,7.168,0.00017261720616186112,0.9840420835354332,0.0,0.0
241,Device,Sum,conv2d_2/kernel/Regularizer/Sum,2,14.336,7.168,14.336,7.168,0.00017261720616186112,0.9842147007415951,0.0,0.0
242,Device,Sum,conv2d_8/kernel/Regularizer/Sum,2,14.336,7.168,14.336,7.168,0.00017261720616186112,0.984387317947757,0.0,0.0
243,Device,MatMul,gradient_tape/model/dense/MatMul/MatMul_1,2,13.313,6.6565,13.313,6.6565,0.0001602994465424705,0.9845476173942995,0.0,0.0
244,Device,ResourceApplyGradientDescent,SGD/SGD/update_26/ResourceApplyGradientDescent,2,13.312,6.656,13.312,6.656,0.0001602874057217282,0.9847079048000212,0.0,0.0
245,Device,ResourceApplyGradientDescent,SGD/SGD/update_34/ResourceApplyGradientDescent,2,13.312,6.656,13.312,6.656,0.0001602874057217282,0.984868192205743,0.0,0.0
246,Device,ResourceApplyGradientDescent,SGD/SGD/update_60/ResourceApplyGradientDescent,2,13.312,6.656,13.312,6.656,0.0001602874057217282,0.9850284796114647,0.0,0.0
247,Device,ResourceApplyGradientDescent,SGD/SGD/update_74/ResourceApplyGradientDescent,2,13.312,6.656,13.312,6.656,0.0001602874057217282,0.9851887670171864,0.0,0.0
248,Device,AddN,SGD/gradients/AddN_16,2,13.312,6.656,13.312,6.656,0.0001602874057217282,0.9853490544229081,0.0,0.0
249,Device,Sum,conv2d_12/kernel/Regularizer/Sum,2,13.312,6.656,13.312,6.656,0.0001602874057217282,0.9855093418286298,0.0,0.0
250,Device,Sum,conv2d_3/kernel/Regularizer/Sum,2,13.312,6.656,13.312,6.656,0.0001602874057217282,0.9856696292343515,0.0,0.0
251,Device,Sum,conv2d_4/kernel/Regularizer/Sum,2,13.312,6.656,13.312,6.656,0.0001602874057217282,0.9858299166400732,0.0,0.0
252,Device,Mul,gradient_tape/conv2d_10/kernel/Regularizer/Mul,2,13.312,6.656,13.312,6.656,0.0001602874057217282,0.985990204045795,0.0,0.0
253,Device,Tile,gradient_tape/conv2d_6/kernel/Regularizer/Tile,2,13.312,6.656,13.312,6.656,0.0001602874057217282,0.9861504914515167,0.0,0.0
254,Device,BiasAdd,model/conv2d_15/BiasAdd,2,13.312,6.656,13.312,6.656,0.0001602874057217282,0.9863107788572384,0.0,0.0
255,Device,Tile,gradient_tape/conv2d_5/kernel/Regularizer/Tile,2,12.289,6.1445,12.289,6.1445,0.00014796964610233756,0.9864587485033407,0.0,0.0
256,Device,Relu,model/activation_14/Relu,2,12.289,6.1445,12.289,6.1445,0.00014796964610233756,0.986606718149443,0.0,0.0
257,Device,Sum,conv2d/kernel/Regularizer/Sum,2,12.288,6.144,12.288,6.144,0.00014795760528159526,0.9867546757547246,0.0,0.0
258,Device,Tile,gradient_tape/conv2d_10/kernel/Regularizer/Tile,2,12.288,6.144,12.288,6.144,0.00014795760528159526,0.9869026333600063,0.0,0.0
259,Device,Tile,gradient_tape/conv2d_17/kernel/Regularizer/Tile,2,12.288,6.144,12.288,6.144,0.00014795760528159526,0.9870505909652879,0.0,0.0
260,Device,Mul,gradient_tape/conv2d_6/kernel/Regularizer/Mul_1,2,12.288,6.144,12.288,6.144,0.00014795760528159526,0.9871985485705695,0.0,0.0
261,Device,AvgPool,model/average_pooling2d/AvgPool,2,12.288,6.144,12.288,6.144,0.00014795760528159526,0.9873465061758512,0.0,0.0
262,Device,AddN,SGD/gradients/AddN_24,2,11.264,5.632,11.264,5.632,0.0001356278048414623,0.9874821339806926,0.0,0.0
263,Device,Sum,conv2d_1/kernel/Regularizer/Sum,2,11.264,5.632,11.264,5.632,0.0001356278048414623,0.9876177617855341,0.0,0.0
264,Device,Sum,conv2d_5/kernel/Regularizer/Sum,2,11.264,5.632,11.264,5.632,0.0001356278048414623,0.9877533895903755,0.0,0.0
265,Device,Sum,conv2d_7/kernel/Regularizer/Sum,2,11.264,5.632,11.264,5.632,0.0001356278048414623,0.987889017395217,0.0,0.0
266,Device,Tile,gradient_tape/conv2d_1/kernel/Regularizer/Tile,2,11.264,5.632,11.264,5.632,0.0001356278048414623,0.9880246452000584,0.0,0.0
267,Device,Tile,gradient_tape/conv2d_12/kernel/Regularizer/Tile,2,11.264,5.632,11.264,5.632,0.0001356278048414623,0.9881602730048998,0.0,0.0
268,Device,Mul,gradient_tape/conv2d_17/kernel/Regularizer/Mul_1,2,11.264,5.632,11.264,5.632,0.0001356278048414623,0.9882959008097413,0.0,0.0
269,Device,Relu,model/activation_13/Relu,2,11.264,5.632,11.264,5.632,0.0001356278048414623,0.9884315286145827,0.0,0.0
270,Device,Relu,model/activation_15/Relu,2,11.264,5.632,11.264,5.632,0.0001356278048414623,0.9885671564194242,0.0,0.0
271,Device,ResourceApplyGradientDescent,SGD/SGD/update_20/ResourceApplyGradientDescent,2,10.24,5.12,10.24,5.12,0.00012329800440132938,0.9886904544238255,0.0,0.0
272,Device,AddN,SGD/gradients/AddN_13,2,10.24,5.12,10.24,5.12,0.00012329800440132938,0.9888137524282269,0.0,0.0
273,Device,AddN,SGD/gradients/AddN_15,2,10.24,5.12,10.24,5.12,0.00012329800440132938,0.9889370504326283,0.0,0.0
274,Device,Square,conv2d_6/kernel/Regularizer/Square,2,10.24,5.12,10.24,5.12,0.00012329800440132938,0.9890603484370296,0.0,0.0
275,Device,Mul,gradient_tape/conv2d_17/kernel/Regularizer/Mul,2,10.24,5.12,10.24,5.12,0.00012329800440132938,0.989183646441431,0.0,0.0
276,Device,Mul,gradient_tape/conv2d_6/kernel/Regularizer/Mul,2,10.24,5.12,10.24,5.12,0.00012329800440132938,0.9893069444458323,0.0,0.0
277,Device,Relu,model/activation_16/Relu,2,10.24,5.12,10.24,5.12,0.00012329800440132938,0.9894302424502337,0.0,0.0
278,Device,Square,conv2d_17/kernel/Regularizer/Square,2,9.216,4.608,9.216,4.608,0.00011096820396119643,0.9895412106541949,0.0,0.0
279,Device,Square,conv2d_8/kernel/Regularizer/Square,2,9.216,4.608,9.216,4.608,0.00011096820396119643,0.989652178858156,0.0,0.0
280,Device,Mul,gradient_tape/conv2d_5/kernel/Regularizer/Mul_1,2,9.216,4.608,9.216,4.608,0.00011096820396119643,0.9897631470621172,0.0,0.0
281,Device,Mul,gradient_tape/conv2d_9/kernel/Regularizer/Mul_1,2,9.216,4.608,9.216,4.608,0.00011096820396119643,0.9898741152660784,0.0,0.0
282,Device,ResourceApplyGradientDescent,SGD/SGD/update_8/ResourceApplyGradientDescent,2,8.193,4.0965,8.193,4.0965,9.865044434180581e-05,0.9899727657104201,0.0,0.0
283,Device,ResourceApplyGradientDescent,SGD/SGD/update_12/ResourceApplyGradientDescent,2,8.192,4.096,8.192,4.096,9.86384035210635e-05,0.9900714041139412,0.0,0.0
284,Device,ResourceApplyGradientDescent,SGD/SGD/update_16/ResourceApplyGradientDescent,2,8.192,4.096,8.192,4.096,9.86384035210635e-05,0.9901700425174623,0.0,0.0
285,Device,ResourceApplyGradientDescent,SGD/SGD/update_4/ResourceApplyGradientDescent,2,8.192,4.096,8.192,4.096,9.86384035210635e-05,0.9902686809209834,0.0,0.0
286,Device,ResourceApplyGradientDescent,SGD/SGD/update_42/ResourceApplyGradientDescent,2,8.192,4.096,8.192,4.096,9.86384035210635e-05,0.9903673193245045,0.0,0.0
287,Device,AddN,SGD/gradients/AddN_11,2,8.192,4.096,8.192,4.096,9.86384035210635e-05,0.9904659577280256,0.0,0.0
288,Device,AddN,SGD/gradients/AddN_9,2,8.192,4.096,8.192,4.096,9.86384035210635e-05,0.9905645961315467,0.0,0.0
289,Device,Square,conv2d_5/kernel/Regularizer/Square,2,8.192,4.096,8.192,4.096,9.86384035210635e-05,0.9906632345350678,0.0,0.0
290,Device,Square,conv2d_9/kernel/Regularizer/Square,2,8.192,4.096,8.192,4.096,9.86384035210635e-05,0.9907618729385889,0.0,0.0
291,Device,Mul,gradient_tape/conv2d_12/kernel/Regularizer/Mul_1,2,8.192,4.096,8.192,4.096,9.86384035210635e-05,0.99086051134211,0.0,0.0
292,Device,ResourceApplyGradientDescent,SGD/SGD/update_24/ResourceApplyGradientDescent,2,7.169,3.5845,7.169,3.5845,8.632064390167288e-05,0.9909468319860116,0.0,0.0
293,Device,ResourceApplyGradientDescent,SGD/SGD/update/ResourceApplyGradientDescent,2,7.168,3.584,7.168,3.584,8.630860308093056e-05,0.9910331405890925,0.0,0.0
294,Device,ResourceApplyGradientDescent,SGD/SGD/update_22/ResourceApplyGradientDescent,2,7.168,3.584,7.168,3.584,8.630860308093056e-05,0.9911194491921734,0.0,0.0
295,Device,ResourceApplyGradientDescent,SGD/SGD/update_36/ResourceApplyGradientDescent,2,7.168,3.584,7.168,3.584,8.630860308093056e-05,0.9912057577952543,0.0,0.0
296,Device,ResourceApplyGradientDescent,SGD/SGD/update_43/ResourceApplyGradientDescent,2,7.168,3.584,7.168,3.584,8.630860308093056e-05,0.9912920663983352,0.0,0.0
297,Device,ResourceApplyGradientDescent,SGD/SGD/update_49/ResourceApplyGradientDescent,2,7.168,3.584,7.168,3.584,8.630860308093056e-05,0.9913783750014161,0.0,0.0
298,Device,ResourceApplyGradientDescent,SGD/SGD/update_51/ResourceApplyGradientDescent,2,7.168,3.584,7.168,3.584,8.630860308093056e-05,0.991464683604497,0.0,0.0
299,Device,ResourceApplyGradientDescent,SGD/SGD/update_59/ResourceApplyGradientDescent,2,7.168,3.584,7.168,3.584,8.630860308093056e-05,0.9915509922075779,0.0,0.0
300,Device,ResourceApplyGradientDescent,SGD/SGD/update_65/ResourceApplyGradientDescent,2,7.168,3.584,7.168,3.584,8.630860308093056e-05,0.9916373008106588,0.0,0.0
301,Device,ResourceApplyGradientDescent,SGD/SGD/update_68/ResourceApplyGradientDescent,2,7.168,3.584,7.168,3.584,8.630860308093056e-05,0.9917236094137397,0.0,0.0
302,Device,ResourceApplyGradientDescent,SGD/SGD/update_71/ResourceApplyGradientDescent,2,7.168,3.584,7.168,3.584,8.630860308093056e-05,0.9918099180168206,0.0,0.0
303,Device,ResourceApplyGradientDescent,SGD/SGD/update_9/ResourceApplyGradientDescent,2,7.168,3.584,7.168,3.584,8.630860308093056e-05,0.9918962266199015,0.0,0.0
304,Device,AddN,SGD/gradients/AddN_10,2,7.168,3.584,7.168,3.584,8.630860308093056e-05,0.9919825352229824,0.0,0.0
305,Device,AddN,SGD/gradients/AddN_12,2,7.168,3.584,7.168,3.584,8.630860308093056e-05,0.9920688438260633,0.0,0.0
306,Device,AddN,SGD/gradients/AddN_14,2,7.168,3.584,7.168,3.584,8.630860308093056e-05,0.9921551524291442,0.0,0.0
307,Device,AddN,SGD/gradients/AddN_19,2,7.168,3.584,7.168,3.584,8.630860308093056e-05,0.9922414610322251,0.0,0.0
308,Device,Square,conv2d_12/kernel/Regularizer/Square,2,7.168,3.584,7.168,3.584,8.630860308093056e-05,0.992327769635306,0.0,0.0
309,Device,Square,conv2d_3/kernel/Regularizer/Square,2,7.168,3.584,7.168,3.584,8.630860308093056e-05,0.9924140782383869,0.0,0.0
310,Device,Square,conv2d_4/kernel/Regularizer/Square,2,7.168,3.584,7.168,3.584,8.630860308093056e-05,0.9925003868414678,0.0,0.0
311,Device,Mul,gradient_tape/conv2d/kernel/Regularizer/Mul_1,2,7.168,3.584,7.168,3.584,8.630860308093056e-05,0.9925866954445487,0.0,0.0
312,Device,Mul,gradient_tape/conv2d_1/kernel/Regularizer/Mul,2,7.168,3.584,7.168,3.584,8.630860308093056e-05,0.9926730040476296,0.0,0.0
313,Device,Mul,gradient_tape/conv2d_1/kernel/Regularizer/Mul_1,2,7.168,3.584,7.168,3.584,8.630860308093056e-05,0.9927593126507105,0.0,0.0
314,Device,Mul,gradient_tape/conv2d_2/kernel/Regularizer/Mul_1,2,7.168,3.584,7.168,3.584,8.630860308093056e-05,0.9928456212537914,0.0,0.0
315,Device,Mul,gradient_tape/conv2d_5/kernel/Regularizer/Mul,2,7.168,3.584,7.168,3.584,8.630860308093056e-05,0.9929319298568723,0.0,0.0
316,Device,Mul,conv2d_8/kernel/Regularizer/mul,2,6.145,3.0725,6.145,3.0725,7.399084346153994e-05,0.9930059207003338,0.0,0.0
317,Device,AssignAddVariableOp,AssignAddVariableOp_3,2,6.144,3.072,6.144,3.072,7.397880264079763e-05,0.9930798995029746,0.0,0.0
318,Device,AssignAddVariableOp,AssignAddVariableOp_4,2,6.144,3.072,6.144,3.072,7.397880264079763e-05,0.9931538783056154,0.0,0.0
319,Device,Cast,Cast_1,2,6.144,3.072,6.144,3.072,7.397880264079763e-05,0.9932278571082562,0.0,0.0
320,Device,Equal,Equal,2,6.144,3.072,6.144,3.072,7.397880264079763e-05,0.993301835910897,0.0,0.0
321,Device,Mul,Mul,2,6.144,3.072,6.144,3.072,7.397880264079763e-05,0.9933758147135379,0.0,0.0
322,Device,AssignAddVariableOp,SGD/SGD/AssignAddVariableOp,2,6.144,3.072,6.144,3.072,7.397880264079763e-05,0.9934497935161787,0.0,0.0
323,Device,ResourceApplyGradientDescent,SGD/SGD/update_1/ResourceApplyGradientDescent,2,6.144,3.072,6.144,3.072,7.397880264079763e-05,0.9935237723188195,0.0,0.0
324,Device,ResourceApplyGradientDescent,SGD/SGD/update_10/ResourceApplyGradientDescent,2,6.144,3.072,6.144,3.072,7.397880264079763e-05,0.9935977511214603,0.0,0.0
325,Device,ResourceApplyGradientDescent,SGD/SGD/update_11/ResourceApplyGradientDescent,2,6.144,3.072,6.144,3.072,7.397880264079763e-05,0.9936717299241011,0.0,0.0
326,Device,ResourceApplyGradientDescent,SGD/SGD/update_13/ResourceApplyGradientDescent,2,6.144,3.072,6.144,3.072,7.397880264079763e-05,0.993745708726742,0.0,0.0
327,Device,ResourceApplyGradientDescent,SGD/SGD/update_14/ResourceApplyGradientDescent,2,6.144,3.072,6.144,3.072,7.397880264079763e-05,0.9938196875293828,0.0,0.0
328,Device,ResourceApplyGradientDescent,SGD/SGD/update_15/ResourceApplyGradientDescent,2,6.144,3.072,6.144,3.072,7.397880264079763e-05,0.9938936663320236,0.0,0.0
329,Device,ResourceApplyGradientDescent,SGD/SGD/update_17/ResourceApplyGradientDescent,2,6.144,3.072,6.144,3.072,7.397880264079763e-05,0.9939676451346644,0.0,0.0
330,Device,ResourceApplyGradientDescent,SGD/SGD/update_18/ResourceApplyGradientDescent,2,6.144,3.072,6.144,3.072,7.397880264079763e-05,0.9940416239373052,0.0,0.0
331,Device,ResourceApplyGradientDescent,SGD/SGD/update_19/ResourceApplyGradientDescent,2,6.144,3.072,6.144,3.072,7.397880264079763e-05,0.994115602739946,0.0,0.0
332,Device,ResourceApplyGradientDescent,SGD/SGD/update_2/ResourceApplyGradientDescent,2,6.144,3.072,6.144,3.072,7.397880264079763e-05,0.9941895815425869,0.0,0.0
333,Device,ResourceApplyGradientDescent,SGD/SGD/update_21/ResourceApplyGradientDescent,2,6.144,3.072,6.144,3.072,7.397880264079763e-05,0.9942635603452277,0.0,0.0
334,Device,ResourceApplyGradientDescent,SGD/SGD/update_23/ResourceApplyGradientDescent,2,6.144,3.072,6.144,3.072,7.397880264079763e-05,0.9943375391478685,0.0,0.0
335,Device,ResourceApplyGradientDescent,SGD/SGD/update_25/ResourceApplyGradientDescent,2,6.144,3.072,6.144,3.072,7.397880264079763e-05,0.9944115179505093,0.0,0.0
336,Device,ResourceApplyGradientDescent,SGD/SGD/update_27/ResourceApplyGradientDescent,2,6.144,3.072,6.144,3.072,7.397880264079763e-05,0.9944854967531501,0.0,0.0
337,Device,ResourceApplyGradientDescent,SGD/SGD/update_28/ResourceApplyGradientDescent,2,6.144,3.072,6.144,3.072,7.397880264079763e-05,0.9945594755557909,0.0,0.0
338,Device,ResourceApplyGradientDescent,SGD/SGD/update_29/ResourceApplyGradientDescent,2,6.144,3.072,6.144,3.072,7.397880264079763e-05,0.9946334543584318,0.0,0.0
339,Device,ResourceApplyGradientDescent,SGD/SGD/update_3/ResourceApplyGradientDescent,2,6.144,3.072,6.144,3.072,7.397880264079763e-05,0.9947074331610726,0.0,0.0
340,Device,ResourceApplyGradientDescent,SGD/SGD/update_31/ResourceApplyGradientDescent,2,6.144,3.072,6.144,3.072,7.397880264079763e-05,0.9947814119637134,0.0,0.0
341,Device,ResourceApplyGradientDescent,SGD/SGD/update_32/ResourceApplyGradientDescent,2,6.144,3.072,6.144,3.072,7.397880264079763e-05,0.9948553907663542,0.0,0.0
342,Device,ResourceApplyGradientDescent,SGD/SGD/update_33/ResourceApplyGradientDescent,2,6.144,3.072,6.144,3.072,7.397880264079763e-05,0.994929369568995,0.0,0.0
343,Device,ResourceApplyGradientDescent,SGD/SGD/update_35/ResourceApplyGradientDescent,2,6.144,3.072,6.144,3.072,7.397880264079763e-05,0.9950033483716358,0.0,0.0
344,Device,ResourceApplyGradientDescent,SGD/SGD/update_37/ResourceApplyGradientDescent,2,6.144,3.072,6.144,3.072,7.397880264079763e-05,0.9950773271742767,0.0,0.0
345,Device,ResourceApplyGradientDescent,SGD/SGD/update_39/ResourceApplyGradientDescent,2,6.144,3.072,6.144,3.072,7.397880264079763e-05,0.9951513059769175,0.0,0.0
346,Device,ResourceApplyGradientDescent,SGD/SGD/update_40/ResourceApplyGradientDescent,2,6.144,3.072,6.144,3.072,7.397880264079763e-05,0.9952252847795583,0.0,0.0
347,Device,ResourceApplyGradientDescent,SGD/SGD/update_41/ResourceApplyGradientDescent,2,6.144,3.072,6.144,3.072,7.397880264079763e-05,0.9952992635821991,0.0,0.0
348,Device,ResourceApplyGradientDescent,SGD/SGD/update_45/ResourceApplyGradientDescent,2,6.144,3.072,6.144,3.072,7.397880264079763e-05,0.9953732423848399,0.0,0.0
349,Device,ResourceApplyGradientDescent,SGD/SGD/update_46/ResourceApplyGradientDescent,2,6.144,3.072,6.144,3.072,7.397880264079763e-05,0.9954472211874807,0.0,0.0
350,Device,ResourceApplyGradientDescent,SGD/SGD/update_47/ResourceApplyGradientDescent,2,6.144,3.072,6.144,3.072,7.397880264079763e-05,0.9955211999901216,0.0,0.0
351,Device,ResourceApplyGradientDescent,SGD/SGD/update_5/ResourceApplyGradientDescent,2,6.144,3.072,6.144,3.072,7.397880264079763e-05,0.9955951787927624,0.0,0.0
352,Device,ResourceApplyGradientDescent,SGD/SGD/update_50/ResourceApplyGradientDescent,2,6.144,3.072,6.144,3.072,7.397880264079763e-05,0.9956691575954032,0.0,0.0
353,Device,ResourceApplyGradientDescent,SGD/SGD/update_53/ResourceApplyGradientDescent,2,6.144,3.072,6.144,3.072,7.397880264079763e-05,0.995743136398044,0.0,0.0
354,Device,ResourceApplyGradientDescent,SGD/SGD/update_54/ResourceApplyGradientDescent,2,6.144,3.072,6.144,3.072,7.397880264079763e-05,0.9958171152006848,0.0,0.0
355,Device,ResourceApplyGradientDescent,SGD/SGD/update_55/ResourceApplyGradientDescent,2,6.144,3.072,6.144,3.072,7.397880264079763e-05,0.9958910940033256,0.0,0.0
356,Device,ResourceApplyGradientDescent,SGD/SGD/update_57/ResourceApplyGradientDescent,2,6.144,3.072,6.144,3.072,7.397880264079763e-05,0.9959650728059665,0.0,0.0
357,Device,ResourceApplyGradientDescent,SGD/SGD/update_58/ResourceApplyGradientDescent,2,6.144,3.072,6.144,3.072,7.397880264079763e-05,0.9960390516086073,0.0,0.0
358,Device,ResourceApplyGradientDescent,SGD/SGD/update_6/ResourceApplyGradientDescent,2,6.144,3.072,6.144,3.072,7.397880264079763e-05,0.9961130304112481,0.0,0.0
359,Device,ResourceApplyGradientDescent,SGD/SGD/update_61/ResourceApplyGradientDescent,2,6.144,3.072,6.144,3.072,7.397880264079763e-05,0.9961870092138889,0.0,0.0
360,Device,ResourceApplyGradientDescent,SGD/SGD/update_63/ResourceApplyGradientDescent,2,6.144,3.072,6.144,3.072,7.397880264079763e-05,0.9962609880165297,0.0,0.0
361,Device,ResourceApplyGradientDescent,SGD/SGD/update_64/ResourceApplyGradientDescent,2,6.144,3.072,6.144,3.072,7.397880264079763e-05,0.9963349668191706,0.0,0.0
362,Device,ResourceApplyGradientDescent,SGD/SGD/update_67/ResourceApplyGradientDescent,2,6.144,3.072,6.144,3.072,7.397880264079763e-05,0.9964089456218114,0.0,0.0
363,Device,ResourceApplyGradientDescent,SGD/SGD/update_69/ResourceApplyGradientDescent,2,6.144,3.072,6.144,3.072,7.397880264079763e-05,0.9964829244244522,0.0,0.0
364,Device,ResourceApplyGradientDescent,SGD/SGD/update_7/ResourceApplyGradientDescent,2,6.144,3.072,6.144,3.072,7.397880264079763e-05,0.996556903227093,0.0,0.0
365,Device,ResourceApplyGradientDescent,SGD/SGD/update_72/ResourceApplyGradientDescent,2,6.144,3.072,6.144,3.072,7.397880264079763e-05,0.9966308820297338,0.0,0.0
366,Device,ResourceApplyGradientDescent,SGD/SGD/update_73/ResourceApplyGradientDescent,2,6.144,3.072,6.144,3.072,7.397880264079763e-05,0.9967048608323746,0.0,0.0
367,Device,ResourceApplyGradientDescent,SGD/SGD/update_75/ResourceApplyGradientDescent,2,6.144,3.072,6.144,3.072,7.397880264079763e-05,0.9967788396350155,0.0,0.0
368,Device,AddN,SGD/gradients/AddN_8,2,6.144,3.072,6.144,3.072,7.397880264079763e-05,0.9968528184376563,0.0,0.0
369,Device,Sum,Sum_2,2,6.144,3.072,6.144,3.072,7.397880264079763e-05,0.9969267972402971,0.0,0.0
370,Device,Sum,categorical_crossentropy/weighted_loss/Sum,2,6.144,3.072,6.144,3.072,7.397880264079763e-05,0.9970007760429379,0.0,0.0
371,Device,DivNoNan,categorical_crossentropy/weighted_loss/value,2,6.144,3.072,6.144,3.072,7.397880264079763e-05,0.9970747548455787,0.0,0.0
372,Device,Mul,conv2d/kernel/Regularizer/mul,2,6.144,3.072,6.144,3.072,7.397880264079763e-05,0.9971487336482195,0.0,0.0
373,Device,Square,conv2d_1/kernel/Regularizer/Square,2,6.144,3.072,6.144,3.072,7.397880264079763e-05,0.9972227124508604,0.0,0.0
374,Device,Mul,conv2d_1/kernel/Regularizer/mul,2,6.144,3.072,6.144,3.072,7.397880264079763e-05,0.9972966912535012,0.0,0.0
375,Device,Mul,conv2d_10/kernel/Regularizer/mul,2,6.144,3.072,6.144,3.072,7.397880264079763e-05,0.997370670056142,0.0,0.0
376,Device,Mul,conv2d_13/kernel/Regularizer/mul,2,6.144,3.072,6.144,3.072,7.397880264079763e-05,0.9974446488587828,0.0,0.0
377,Device,Mul,conv2d_14/kernel/Regularizer/mul,2,6.144,3.072,6.144,3.072,7.397880264079763e-05,0.9975186276614236,0.0,0.0
378,Device,Mul,conv2d_17/kernel/Regularizer/mul,2,6.144,3.072,6.144,3.072,7.397880264079763e-05,0.9975926064640644,0.0,0.0
379,Device,Mul,conv2d_18/kernel/Regularizer/mul,2,6.144,3.072,6.144,3.072,7.397880264079763e-05,0.9976665852667053,0.0,0.0
380,Device,Square,conv2d_2/kernel/Regularizer/Square,2,6.144,3.072,6.144,3.072,7.397880264079763e-05,0.9977405640693461,0.0,0.0
381,Device,Mul,conv2d_5/kernel/Regularizer/mul,2,6.144,3.072,6.144,3.072,7.397880264079763e-05,0.9978145428719869,0.0,0.0
382,Device,Mul,conv2d_6/kernel/Regularizer/mul,2,6.144,3.072,6.144,3.072,7.397880264079763e-05,0.9978885216746277,0.0,0.0
383,Device,DivNoNan,div_no_nan,2,6.144,3.072,6.144,3.072,7.397880264079763e-05,0.9979625004772685,0.0,0.0
384,Device,Mul,gradient_tape/categorical_crossentropy/softmax_cross_entropy_with_logits/mul,2,6.144,3.072,6.144,3.072,7.397880264079763e-05,0.9980364792799093,0.0,0.0
385,Device,Mul,gradient_tape/conv2d_12/kernel/Regularizer/Mul,2,6.144,3.072,6.144,3.072,7.397880264079763e-05,0.9981104580825502,0.0,0.0
386,Device,Mul,gradient_tape/conv2d_3/kernel/Regularizer/Mul_1,2,6.144,3.072,6.144,3.072,7.397880264079763e-05,0.998184436885191,0.0,0.0
387,Device,Mul,gradient_tape/conv2d_4/kernel/Regularizer/Mul_1,2,6.144,3.072,6.144,3.072,7.397880264079763e-05,0.9982584156878318,0.0,0.0
388,Device,Mul,gradient_tape/conv2d_7/kernel/Regularizer/Mul_1,2,6.144,3.072,6.144,3.072,7.397880264079763e-05,0.9983323944904726,0.0,0.0
389,Device,Mul,gradient_tape/conv2d_8/kernel/Regularizer/Mul_1,2,6.144,3.072,6.144,3.072,7.397880264079763e-05,0.9984063732931134,0.0,0.0
390,Device,BiasAddGrad,gradient_tape/model/dense/BiasAdd/BiasAddGrad,2,6.144,3.072,6.144,3.072,7.397880264079763e-05,0.9984803520957543,0.0,0.0
391,Device,BiasAdd,model/dense/BiasAdd,2,6.144,3.072,6.144,3.072,7.397880264079763e-05,0.9985543308983951,0.0,0.0
392,Device,AssignAddVariableOp,AssignAddVariableOp,2,5.12,2.56,5.12,2.56,6.164900220066469e-05,0.9986159799005957,0.0,0.0
393,Device,AssignAddVariableOp,AssignAddVariableOp_1,2,5.12,2.56,5.12,2.56,6.164900220066469e-05,0.9986776289027963,0.0,0.0
394,Device,AssignAddVariableOp,AssignAddVariableOp_2,2,5.12,2.56,5.12,2.56,6.164900220066469e-05,0.998739277904997,0.0,0.0
395,Device,Cast,Cast,2,5.12,2.56,5.12,2.56,6.164900220066469e-05,0.9988009269071976,0.0,0.0
396,Device,Cast,Cast_2,2,5.12,2.56,5.12,2.56,6.164900220066469e-05,0.9988625759093982,0.0,0.0
397,Device,Square,conv2d/kernel/Regularizer/Square,2,5.12,2.56,5.12,2.56,6.164900220066469e-05,0.9989242249115988,0.0,0.0
398,Device,Mul,conv2d_11/kernel/Regularizer/mul,2,5.12,2.56,5.12,2.56,6.164900220066469e-05,0.9989858739137994,0.0,0.0
399,Device,Mul,conv2d_12/kernel/Regularizer/mul,2,5.12,2.56,5.12,2.56,6.164900220066469e-05,0.9990475229160001,0.0,0.0
400,Device,Mul,conv2d_16/kernel/Regularizer/mul,2,5.12,2.56,5.12,2.56,6.164900220066469e-05,0.9991091719182007,0.0,0.0
401,Device,Mul,conv2d_19/kernel/Regularizer/mul,2,5.12,2.56,5.12,2.56,6.164900220066469e-05,0.9991708209204013,0.0,0.0
402,Device,Mul,conv2d_2/kernel/Regularizer/mul,2,5.12,2.56,5.12,2.56,6.164900220066469e-05,0.999232469922602,0.0,0.0
403,Device,Mul,conv2d_3/kernel/Regularizer/mul,2,5.12,2.56,5.12,2.56,6.164900220066469e-05,0.9992941189248026,0.0,0.0
404,Device,Mul,conv2d_4/kernel/Regularizer/mul,2,5.12,2.56,5.12,2.56,6.164900220066469e-05,0.9993557679270032,0.0,0.0
405,Device,Square,conv2d_7/kernel/Regularizer/Square,2,5.12,2.56,5.12,2.56,6.164900220066469e-05,0.9994174169292038,0.0,0.0
406,Device,Mul,conv2d_7/kernel/Regularizer/mul,2,5.12,2.56,5.12,2.56,6.164900220066469e-05,0.9994790659314045,0.0,0.0
407,Device,Mul,conv2d_9/kernel/Regularizer/mul,2,5.12,2.56,5.12,2.56,6.164900220066469e-05,0.9995407149336051,0.0,0.0
408,Device,Tile,gradient_tape/categorical_crossentropy/weighted_loss/Tile_1,2,5.12,2.56,5.12,2.56,6.164900220066469e-05,0.9996023639358057,0.0,0.0
409,Device,DivNoNan,gradient_tape/categorical_crossentropy/weighted_loss/value/div_no_nan,2,5.12,2.56,5.12,2.56,6.164900220066469e-05,0.9996640129380063,0.0,0.0
410,Device,_Recv,strided_slice/_12,2,4.704,2.352,4.704,2.352,5.664002077186068e-05,0.9997206529587782,0.0,0.0
411,Device,_Recv,categorical_crossentropy/weighted_loss/num_elements/_14,2,4.288,2.144,4.288,2.144,5.163103934305668e-05,0.9997722839981212,0.0,0.0
412,Device,Cast,categorical_crossentropy/weighted_loss/num_elements/Cast,2,4.096,2.048,4.096,2.048,4.931920176053175e-05,0.9998216031998818,0.0,0.0
413,Device,Mul,conv2d_15/kernel/Regularizer/mul,2,4.096,2.048,4.096,2.048,4.931920176053175e-05,0.9998709224016423,0.0,0.0
414,Device,DivNoNan,div_no_nan_1,2,4.096,2.048,4.096,2.048,4.931920176053175e-05,0.9999202416034029,0.0,0.0
415,Device,_Recv,Size/_16,2,3.552,1.776,3.552,1.776,4.2768995276711125e-05,0.9999630105986795,0.0,0.0
416,Device,LogicalAnd,LogicalAnd,1,3.072,3.072,3.072,3.072,3.6989401320398816e-05,0.9999999999999999,0.0,0.0
417,Host,IDLE,IDLE,0,331134.547,0.0,331134.547,0.0,0.0,0.0,0.9764725512109591,0.9764725512109591
418,Host,GatherV2,GatherV2,2,7574.88,3787.44,7574.88,3787.44,0.0,0.0,0.022337332258832145,0.9988098834697913
419,Host,GatherV2,GatherV2_1,2,66.871,33.4355,66.871,33.4355,0.0,0.0,0.0001971938493389155,0.9990070773191302
420,Host,Dataset,Iterator::Root::ParallelMapV2::Zip[1]::ForeverRepeat,2,55.21,27.605,51.0,25.5,0.0,0.0,0.00015039234221538023,0.9991574696613456
421,Host,FlushSummaryWriter,FlushSummaryWriter,1,46.911,46.911,46.911,46.911,0.0,0.0,0.00013833441501305297,0.9992958040763587
422,Host,Dataset,Iterator::Root::ParallelMapV2,2,39.59,19.795,39.59,19.795,0.0,0.0,0.00011674574173150791,0.9994125498180901
423,Host,IteratorGetNext,IteratorGetNext,2,37.18,18.59,37.18,18.59,0.0,0.0,0.00010963896634446739,0.9995221887844346
424,Host,LogicalAnd,LogicalAnd,1,31.08,31.08,31.08,31.08,0.0,0.0,9.165086266772583e-05,0.9996138396471023
425,Host,Dataset,Iterator::Root,2,65.541,32.7705,25.951,12.9755,0.0,0.0,7.652611123198691e-05,0.9996903657583343
426,Host,Dataset,Iterator::Root::ParallelMapV2::Zip[0]::FlatMap[1]::Concatenate[0]::TensorSlice,2,22.91,11.455,22.91,11.455,0.0,0.0,6.755859921871296e-05,0.999757924357553
427,Host,Dataset,Iterator::Root::ParallelMapV2::Zip[0]::FlatMap[1]::Concatenate,2,45.09,22.545,22.18,11.09,0.0,0.0,6.540592451641438e-05,0.9998233302820694
428,Host,WriteSummary,WriteSummary,1,20.49,20.49,20.49,20.49,0.0,0.0,6.0422335137120406e-05,0.9998837526172065
429,Host,Dataset,Iterator::Root::ParallelMapV2::Zip,2,115.611,57.8055,11.12,5.56,0.0,0.0,3.279142834186329e-05,0.9999165440455484
430,Host,ReadVariableOp,ReadVariableOp,1,6.08,6.08,6.08,6.08,0.0,0.0,1.7929126287637486e-05,0.999934473171836
431,Host,Dataset,Iterator::Root::ParallelMapV2::Zip[1]::ForeverRepeat::FromTensor,4,4.21,1.0525,4.21,1.0525,0.0,0.0,1.2414740406406878e-05,0.9999468879122424
432,Host,Dataset,Iterator::Root::ParallelMapV2::Zip[0]::FlatMap,2,49.281,24.6405,4.191,2.0955,0.0,0.0,1.235871188675801e-05,0.9999592466241292
433,Host,_Send,IteratorGetNext/_3,2,3.56,1.78,3.56,1.78,0.0,0.0,1.0497975260524582e-05,0.9999697445993897
434,Host,_HostSend,categorical_crossentropy/softmax_cross_entropy_with_logits/Shape_2/_9,2,2.95,1.475,2.95,1.475,0.0,0.0,8.699164892850426e-06,0.9999784437642826
435,Host,_Send,IteratorGetNext/_1,2,2.85,1.425,2.85,1.425,0.0,0.0,8.404277947330072e-06,0.9999868480422299
436,Host,Identity,Identity,2,2.68,1.34,2.68,1.34,0.0,0.0,7.90297013994547e-06,0.9999947510123699
437,Host,_Send,IteratorGetNext/_6,2,1.78,0.89,1.78,0.89,0.0,0.0,5.248987630262291e-06,1.0000000000000002
