Rank,Host/device,Type,Operation,#Occurrences,Total time (us),Avg. time (us),Total self-time (us),Avg. self-time (us),Total self-time on Device (%),Cumulative total-self time on Device (%),Total self-time on Host (%),Cumulative total-self time on Host (%)
1,Device,IDLE,IDLE,0,17454.717,0.0,17454.717,0.0,0.08404701019304768,0.08404701019304768,0.0,0.0
2,Device,_Recv,IteratorGetNext/_2,2,4527.113,2263.5565,4527.113,2263.5565,0.021798709910683667,0.10584572010373135,0.0,0.0
3,Device,Conv2DBackpropFilter,gradient_tape/inception_v3/conv2d_4/Conv2D/Conv2DBackpropFilter,2,3613.704,1806.852,3613.704,1806.852,0.017400512246784475,0.12324623235051582,0.0,0.0
4,Device,FusedBatchNormGradV3,gradient_tape/inception_v3/batch_normalization_2/FusedBatchNormGradV3,2,3289.095,1644.5475,3289.095,1644.5475,0.015837472529110733,0.13908370487962657,0.0,0.0
5,Device,Conv2DBackpropFilter,gradient_tape/inception_v3/conv2d_2/Conv2D/Conv2DBackpropFilter,2,3237.895,1618.9475,3237.895,1618.9475,0.015590937055525913,0.15467464193515248,0.0,0.0
6,Device,Conv2DBackpropInput,gradient_tape/inception_v3/conv2d_2/Conv2D/Conv2DBackpropInput,2,3168.262,1584.131,3168.262,1584.131,0.015255643996304588,0.16993028593145706,0.0,0.0
7,Device,Conv2D,inception_v3/conv2d_4/Conv2D,2,3098.63,1549.315,3098.63,1549.315,0.01492035575222923,0.18485064168368628,0.0,0.0
8,Device,Conv2DBackpropInput,gradient_tape/inception_v3/conv2d_4/Conv2D/Conv2DBackpropInput,2,2935.814,1467.907,2935.814,1467.907,0.014136372946229495,0.19898701462991578,0.0,0.0
9,Device,FusedBatchNormV3,inception_v3/batch_normalization_2/FusedBatchNormV3,4,2653.19,663.2975,2653.19,663.2975,0.01277549713204128,0.21176251176195707,0.0,0.0
10,Device,MaxPoolGrad,gradient_tape/inception_v3/max_pooling2d/MaxPool/MaxPoolGrad,2,2172.932,1086.466,2172.932,1086.466,0.010462984759523713,0.22222549652148077,0.0,0.0
11,Device,Conv2DBackpropInput,gradient_tape/inception_v3/conv2d_26/Conv2D/Conv2DBackpropInput,2,2167.814,1083.907,2167.814,1083.907,0.010438340842457167,0.23266383736393795,0.0,0.0
12,Device,Conv2D,inception_v3/conv2d_2/Conv2D,2,2129.924,1064.962,2129.924,1064.962,0.010255894961712463,0.24291973232565042,0.0,0.0
13,Device,Conv2DBackpropInput,gradient_tape/inception_v3/conv2d_1/Conv2D/Conv2DBackpropInput,2,2061.316,1030.658,2061.316,1030.658,0.009925537427108801,0.2528452697527592,0.0,0.0
14,Device,FusedBatchNormGradV3,gradient_tape/inception_v3/batch_normalization_4/FusedBatchNormGradV3,2,2016.26,1008.13,2016.26,1008.13,0.009708586210354158,0.26255385596311337,0.0,0.0
15,Device,Conv2DBackpropFilter,gradient_tape/inception_v3/conv2d_1/Conv2D/Conv2DBackpropFilter,2,1971.204,985.602,1971.204,985.602,0.009491634993599516,0.2720454909567129,0.0,0.0
16,Device,FusedBatchNormGradV3,gradient_tape/inception_v3/batch_normalization/FusedBatchNormGradV3,2,1935.364,967.682,1935.364,967.682,0.00931906016209014,0.28136455111880304,0.0,0.0
17,Device,FusedBatchNormGradV3,gradient_tape/inception_v3/batch_normalization_1/FusedBatchNormGradV3,2,1761.284,880.642,1761.284,880.642,0.008480839551901745,0.2898453906707048,0.0,0.0
18,Device,ReluGrad,gradient_tape/inception_v3/activation_2/ReluGrad,2,1670.147,835.0735,1670.147,835.0735,0.008042001593774793,0.2978873922644796,0.0,0.0
19,Device,Conv2DBackpropFilter,gradient_tape/inception_v3/conv2d_26/Conv2D/Conv2DBackpropFilter,4,1397.762,349.4405,1397.762,349.4405,0.006730428059157573,0.30461782032363716,0.0,0.0
20,Device,Conv2D,inception_v3/conv2d_26/Conv2D,4,1284.1,321.025,1284.1,321.025,0.006183128938091206,0.31080094926172835,0.0,0.0
21,Device,FusedBatchNormV3,inception_v3/batch_normalization_4/FusedBatchNormV3,4,1232.898,308.2245,1232.898,308.2245,0.005936583834214446,0.3167375330959428,0.0,0.0
22,Device,Conv2D,inception_v3/conv2d_1/Conv2D,2,1206.274,603.137,1206.274,603.137,0.0058083853879503395,0.3225459184838932,0.0,0.0
23,Device,ReluGrad,gradient_tape/inception_v3/activation_4/ReluGrad,2,1154.05,577.025,1154.05,577.025,0.005556919204893821,0.328102837688787,0.0,0.0
24,Device,FusedBatchNormV3,inception_v3/batch_normalization_1/FusedBatchNormV3,4,1139.714,284.9285,1139.714,284.9285,0.005487889272290071,0.33359072696107706,0.0,0.0
25,Device,FusedBatchNormV3,inception_v3/batch_normalization/FusedBatchNormV3,4,1136.642,284.1605,1136.642,284.1605,0.005473097143874982,0.33906382410495206,0.0,0.0
26,Device,Conv2DBackpropFilter,gradient_tape/inception_v3/conv2d/Conv2D/Conv2DBackpropFilter,2,1057.794,528.897,1057.794,528.897,0.005093432514554357,0.3441572566195064,0.0,0.0
27,Device,Relu,inception_v3/activation_2/Relu,2,1054.722,527.361,1054.722,527.361,0.005078640386139267,0.34923589700564567,0.0,0.0
28,Device,MaxPoolGrad,gradient_tape/inception_v3/max_pooling2d_1/MaxPool/MaxPoolGrad,2,919.554,459.777,919.554,459.777,0.004427786735875338,0.353663683741521,0.0,0.0
29,Device,FusedBatchNormGradV3,gradient_tape/inception_v3/batch_normalization_3/FusedBatchNormGradV3,2,893.954,446.977,893.954,446.977,0.004304518999082926,0.3579682027406039,0.0,0.0
30,Device,ReluGrad,gradient_tape/inception_v3/activation/ReluGrad,2,850.946,425.473,850.946,425.473,0.004097429201271676,0.3620656319418756,0.0,0.0
31,Device,Conv2DBackpropFilter,gradient_tape/inception_v3/conv2d_3/Conv2D/Conv2DBackpropFilter,2,822.274,411.137,822.274,411.137,0.0039593693360641755,0.36602500127793974,0.0,0.0
32,Device,ReluGrad,gradient_tape/inception_v3/activation_1/ReluGrad,2,821.249,410.6245,821.249,410.6245,0.003954433811446511,0.36997943508938624,0.0,0.0
33,Device,Relu,inception_v3/activation_4/Relu,2,728.066,364.033,728.066,364.033,0.0035057440646681036,0.3734851791540543,0.0,0.0
34,Device,Conv2DBackpropFilter,gradient_tape/inception_v3/conv2d_17/Conv2D/Conv2DBackpropFilter,2,697.345,348.6725,697.345,348.6725,0.003357817965371242,0.3768429971194256,0.0,0.0
35,Device,Conv2DBackpropFilter,gradient_tape/inception_v3/conv2d_24/Conv2D/Conv2DBackpropFilter,2,694.273,347.1365,694.273,347.1365,0.0033430258369561527,0.38018602295638176,0.0,0.0
36,Device,Conv2DBackpropFilter,gradient_tape/inception_v3/conv2d_10/Conv2D/Conv2DBackpropFilter,2,691.202,345.601,691.202,345.601,0.003328238523687032,0.3835142614800688,0.0,0.0
37,Device,MaxPool,inception_v3/max_pooling2d/MaxPool,2,668.672,334.336,668.672,334.336,0.0032197532850177734,0.38673401476508656,0.0,0.0
38,Device,Conv2DBackpropFilter,gradient_tape/inception_v3/conv2d_81/Conv2D/Conv2DBackpropFilter,4,661.504,165.376,661.504,165.376,0.0031852383187158982,0.3899192530838025,0.0,0.0
39,Device,Conv2DBackpropFilter,gradient_tape/inception_v3/conv2d_90/Conv2D/Conv2DBackpropFilter,4,658.433,164.60825,658.433,164.60825,0.0031704510054467775,0.39308970408924926,0.0,0.0
40,Device,AddN,SGD/gradients/AddN_12,2,628.736,314.368,628.736,314.368,0.0030274556156216124,0.3961171597048709,0.0,0.0
41,Device,FusedBatchNormV3,inception_v3/batch_normalization_3/FusedBatchNormV3,4,618.498,154.6245,618.498,154.6245,0.002978158151196585,0.39909531785606744,0.0,0.0
42,Device,AddN,SGD/gradients/AddN_13,2,561.154,280.577,561.154,280.577,0.0027020384207815844,0.40179735627684904,0.0,0.0
43,Device,Conv2D,inception_v3/conv2d_89/Conv2D,2,559.105,279.5525,559.105,279.5525,0.0026921721866922234,0.40448952846354125,0.0,0.0
44,Device,Relu,inception_v3/activation/Relu,2,549.89,274.945,549.89,274.945,0.0026478006165929235,0.40713732908013417,0.0,0.0
45,Device,Conv2DBackpropFilter,gradient_tape/inception_v3/conv2d_7/Conv2D/Conv2DBackpropFilter,4,546.818,136.7045,546.818,136.7045,0.002633008488177834,0.409770337568312,0.0,0.0
46,Device,Conv2DBackpropFilter,gradient_tape/inception_v3/conv2d_21/Conv2D/Conv2DBackpropFilter,4,543.746,135.9365,543.746,135.9365,0.002618216359762745,0.4123885539280747,0.0,0.0
47,Device,Conv2DBackpropFilter,gradient_tape/inception_v3/conv2d_14/Conv2D/Conv2DBackpropFilter,4,543.745,135.93625,543.745,135.93625,0.0026182115446167767,0.4150067654726915,0.0,0.0
48,Device,Conv2DBackpropFilter,gradient_tape/inception_v3/conv2d_19/Conv2D/Conv2DBackpropFilter,2,537.601,268.8005,537.601,268.8005,0.002588627287786598,0.4175953927604781,0.0,0.0
49,Device,Relu,inception_v3/activation_1/Relu,2,531.458,265.729,531.458,265.729,0.0025590478461023874,0.42015444060658047,0.0,0.0
50,Device,Conv2DBackpropInput,gradient_tape/inception_v3/conv2d_14/Conv2D/Conv2DBackpropInput,4,530.433,132.60825,530.433,132.60825,0.002554112321484723,0.4227085529280652,0.0,0.0
51,Device,Conv2DBackpropInput,gradient_tape/inception_v3/conv2d_7/Conv2D/Conv2DBackpropInput,4,527.36,131.84,527.36,131.84,0.0025393153779236653,0.4252478683059889,0.0,0.0
52,Device,Conv2DBackpropInput,gradient_tape/inception_v3/conv2d_21/Conv2D/Conv2DBackpropInput,4,526.337,131.58425,526.337,131.58425,0.002534389483597937,0.4277822577895868,0.0,0.0
53,Device,ReluGrad,gradient_tape/inception_v3/activation_3/ReluGrad,2,509.953,254.9765,509.953,254.9765,0.002455498132050794,0.4302377559216376,0.0,0.0
54,Device,AddN,SGD/gradients/AddN_11,2,508.928,254.464,508.928,254.464,0.0024505626074331293,0.43268831852907075,0.0,0.0
55,Device,Conv2DBackpropFilter,gradient_tape/inception_v3/conv2d_63/Conv2D/Conv2DBackpropFilter,4,503.81,125.9525,503.81,125.9525,0.0024259186903665838,0.4351142372194373,0.0,0.0
56,Device,Conv2DBackpropFilter,gradient_tape/inception_v3/conv2d_74/Conv2D/Conv2DBackpropFilter,4,503.809,125.95225,503.809,125.95225,0.0024259138752206156,0.43754015109465794,0.0,0.0
57,Device,Conv2DBackpropFilter,gradient_tape/inception_v3/conv2d_66/Conv2D/Conv2DBackpropFilter,4,500.736,125.184,500.736,125.184,0.0024111169316595577,0.4399512680263175,0.0,0.0
58,Device,Conv2DBackpropFilter,gradient_tape/inception_v3/conv2d_20/Conv2D/Conv2DBackpropFilter,2,499.712,249.856,499.712,249.856,0.0024061862221878613,0.44235745424850537,0.0,0.0
59,Device,Conv2DBackpropFilter,gradient_tape/inception_v3/conv2d_65/Conv2D/Conv2DBackpropFilter,4,499.712,124.928,499.712,124.928,0.0024061862221878613,0.4447636404706932,0.0,0.0
60,Device,Conv2DBackpropFilter,gradient_tape/inception_v3/conv2d_67/Conv2D/Conv2DBackpropFilter,4,499.712,124.928,499.712,124.928,0.0024061862221878613,0.4471698266928811,0.0,0.0
61,Device,Conv2DBackpropFilter,gradient_tape/inception_v3/conv2d_62/Conv2D/Conv2DBackpropFilter,4,497.664,124.416,497.664,124.416,0.0023963248032444684,0.44956615149612555,0.0,0.0
62,Device,Conv2DBackpropFilter,gradient_tape/inception_v3/conv2d_68/Conv2D/Conv2DBackpropFilter,4,496.642,124.1605,496.642,124.1605,0.002391403724064709,0.45195755522019027,0.0,0.0
63,Device,Conv2DBackpropFilter,gradient_tape/inception_v3/conv2d_73/Conv2D/Conv2DBackpropFilter,4,494.592,123.648,494.592,123.648,0.002381532674829379,0.45433908789501964,0.0,0.0
64,Device,Conv2DBackpropFilter,gradient_tape/inception_v3/conv2d_28/Conv2D/Conv2DBackpropFilter,4,491.52,122.88,491.52,122.88,0.0023667405464142897,0.4567058284414339,0.0,0.0
65,Device,Conv2DBackpropFilter,gradient_tape/inception_v3/conv2d_23/Conv2D/Conv2DBackpropFilter,4,490.496,122.624,490.496,122.624,0.0023618098369425932,0.45906763827837654,0.0,0.0
66,Device,Conv2DBackpropFilter,gradient_tape/inception_v3/conv2d_16/Conv2D/Conv2DBackpropFilter,4,489.474,122.3685,489.474,122.3685,0.002356888757762834,0.4614245270361394,0.0,0.0
67,Device,Conv2DBackpropFilter,gradient_tape/inception_v3/conv2d_9/Conv2D/Conv2DBackpropFilter,4,489.473,122.36825,489.473,122.36825,0.0023568839426168654,0.46378141097875625,0.0,0.0
68,Device,Conv2D,inception_v3/conv2d_81/Conv2D,4,488.45,122.1125,488.45,122.1125,0.0023519580482911375,0.4661333690270474,0.0,0.0
69,Device,Conv2D,inception_v3/conv2d_90/Conv2D,4,488.449,122.11225,488.449,122.11225,0.002351953233145169,0.46848532226019257,0.0,0.0
70,Device,Conv2DBackpropInput,gradient_tape/inception_v3/conv2d_90/Conv2D/Conv2DBackpropInput,4,480.257,120.06425,480.257,120.06425,0.0023125075573715973,0.4707978298175642,0.0,0.0
71,Device,MaxPool,inception_v3/max_pooling2d_1/MaxPool,2,478.21,239.105,478.21,239.105,0.002302650953574173,0.47310048077113837,0.0,0.0
72,Device,Conv2DBackpropFilter,gradient_tape/inception_v3/conv2d_22/Conv2D/Conv2DBackpropFilter,2,477.184,238.592,477.184,238.592,0.00229771061381054,0.47539819138494893,0.0,0.0
73,Device,Conv2DBackpropFilter,gradient_tape/inception_v3/conv2d_27/Conv2D/Conv2DBackpropFilter,2,476.16,238.08,476.16,238.08,0.0022927799043388434,0.4776909712892878,0.0,0.0
74,Device,Conv2DBackpropInput,gradient_tape/inception_v3/conv2d_81/Conv2D/Conv2DBackpropInput,4,475.138,118.7845,475.138,118.7845,0.0022878588251590837,0.47997883011444686,0.0,0.0
75,Device,Conv2D,inception_v3/conv2d_3/Conv2D,2,474.114,237.057,474.114,237.057,0.0022829281156873872,0.48226175823013423,0.0,0.0
76,Device,Conv2DBackpropFilter,gradient_tape/inception_v3/conv2d_25/Conv2D/Conv2DBackpropFilter,2,465.92,232.96,465.92,232.96,0.002243472809621879,0.4845052310397561,0.0,0.0
77,Device,Conv2D,inception_v3/conv2d_7/Conv2D,4,457.73,114.4325,457.73,114.4325,0.0022040367641402445,0.4867092678038964,0.0,0.0
78,Device,Conv2D,inception_v3/conv2d_21/Conv2D,4,453.633,113.40825,453.633,113.40825,0.00218430911110749,0.4888935769150039,0.0,0.0
79,Device,Conv2D,inception_v3/conv2d_14/Conv2D,4,452.61,113.1525,452.61,113.1525,0.0021793832167817623,0.49107296013178564,0.0,0.0
80,Device,Conv2D,inception_v3/conv2d/Conv2D,2,450.56,225.28,450.56,225.28,0.002169512167546432,0.49324247229933205,0.0,0.0
81,Device,Conv2DBackpropInput,gradient_tape/inception_v3/conv2d_24/Conv2D/Conv2DBackpropInput,2,445.442,222.721,445.442,222.721,0.002144868250479887,0.4953873405498119,0.0,0.0
82,Device,Conv2D,inception_v3/conv2d_10/Conv2D,2,445.442,222.721,445.442,222.721,0.002144868250479887,0.4975322088002918,0.0,0.0
83,Device,Conv2DBackpropInput,gradient_tape/inception_v3/conv2d_17/Conv2D/Conv2DBackpropInput,2,444.418,222.209,444.418,222.209,0.0021399375410081907,0.49967214634129997,0.0,0.0
84,Device,Conv2D,inception_v3/conv2d_17/Conv2D,2,444.418,222.209,444.418,222.209,0.0021399375410081907,0.5018120838823081,0.0,0.0
85,Device,Conv2DBackpropInput,gradient_tape/inception_v3/conv2d_10/Conv2D/Conv2DBackpropInput,2,444.417,222.2085,444.417,222.2085,0.002139932725862222,0.5039520166081704,0.0,0.0
86,Device,Conv2D,inception_v3/conv2d_24/Conv2D,2,442.37,221.185,442.37,221.185,0.002130076122064798,0.5060820927302352,0.0,0.0
87,Device,AvgPoolGrad,gradient_tape/inception_v3/average_pooling2d_2/AvgPoolGrad,2,437.248,218.624,437.248,218.624,0.0021054129444143784,0.5081875056746495,0.0,0.0
88,Device,Conv2D,inception_v3/conv2d_85/Conv2D,4,432.129,108.03225,432.129,108.03225,0.002080764212201865,0.5102682698868514,0.0,0.0
89,Device,Conv2DBackpropFilter,gradient_tape/inception_v3/conv2d_53/Conv2D/Conv2DBackpropFilter,4,429.058,107.2645,429.058,107.2645,0.002065976898932744,0.5123342467857841,0.0,0.0
90,Device,Conv2DBackpropFilter,gradient_tape/inception_v3/conv2d_43/Conv2D/Conv2DBackpropFilter,4,429.056,107.264,429.056,107.264,0.0020659672686408072,0.5144002140544249,0.0,0.0
91,Device,Conv2D,inception_v3/conv2d_86/Conv2D,2,424.961,212.4805,424.961,212.4805,0.00204624924589999,0.516446463300325,0.0,0.0
92,Device,AddN,SGD/gradients/AddN_14,2,423.936,211.968,423.936,211.968,0.002041313721282325,0.5184877770216073,0.0,0.0
93,Device,Conv2DBackpropFilter,gradient_tape/inception_v3/conv2d_12/Conv2D/Conv2DBackpropFilter,2,420.865,210.4325,420.865,210.4325,0.0020265264080132042,0.5205143034296205,0.0,0.0
94,Device,Conv2DBackpropFilter,gradient_tape/inception_v3/conv2d_58/Conv2D/Conv2DBackpropFilter,2,413.698,206.849,413.698,206.849,0.0019920162568572972,0.5225063196864778,0.0,0.0
95,Device,Conv2DBackpropFilter,gradient_tape/inception_v3/conv2d_48/Conv2D/Conv2DBackpropFilter,2,412.672,206.336,412.672,206.336,0.001987075917093664,0.5244933956035714,0.0,0.0
96,Device,Conv2DBackpropFilter,gradient_tape/inception_v3/conv2d_45/Conv2D/Conv2DBackpropFilter,2,410.626,205.313,410.626,205.313,0.001977224128442208,0.5264706197320137,0.0,0.0
97,Device,Conv2DBackpropFilter,gradient_tape/inception_v3/conv2d_57/Conv2D/Conv2DBackpropFilter,2,406.528,203.264,406.528,203.264,0.001957491660263486,0.5284281113922772,0.0,0.0
98,Device,Conv2DBackpropFilter,gradient_tape/inception_v3/conv2d_55/Conv2D/Conv2DBackpropFilter,2,405.506,202.753,405.506,202.753,0.0019525705810837259,0.530380681973361,0.0,0.0
99,Device,Conv2DBackpropFilter,gradient_tape/inception_v3/conv2d_47/Conv2D/Conv2DBackpropFilter,2,404.48,202.24,404.48,202.24,0.0019476302413200927,0.532328312214681,0.0,0.0
100,Device,Conv2DBackpropInput,gradient_tape/inception_v3/conv2d_74/Conv2D/Conv2DBackpropInput,4,396.288,99.072,396.288,99.072,0.0019081845655465211,0.5342364967802276,0.0,0.0
101,Device,AddN,SGD/gradients/AddN_8,2,395.264,197.632,395.264,197.632,0.0019032538560748247,0.5361397506363024,0.0,0.0
102,Device,AddN,SGD/gradients/AddN_9,2,395.264,197.632,395.264,197.632,0.0019032538560748247,0.5380430044923772,0.0,0.0
103,Device,Conv2DBackpropInput,gradient_tape/inception_v3/conv2d_62/Conv2D/Conv2DBackpropInput,4,394.242,98.5605,394.242,98.5605,0.0018983327768950652,0.5399413372692723,0.0,0.0
104,Device,Conv2DBackpropInput,gradient_tape/inception_v3/conv2d_65/Conv2D/Conv2DBackpropInput,4,394.242,98.5605,394.242,98.5605,0.0018983327768950652,0.5418396700461674,0.0,0.0
105,Device,AddN,SGD/gradients/AddN_7,2,394.24,197.12,394.24,197.12,0.0018983231466031282,0.5437379931927705,0.0,0.0
106,Device,Conv2DBackpropFilter,gradient_tape/inception_v3/conv2d_18/Conv2D/Conv2DBackpropFilter,2,394.24,197.12,394.24,197.12,0.0018983231466031282,0.5456363163393736,0.0,0.0
107,Device,Conv2DBackpropInput,gradient_tape/inception_v3/conv2d_67/Conv2D/Conv2DBackpropInput,4,393.218,98.3045,393.218,98.3045,0.0018934020674233687,0.547529718406797,0.0,0.0
108,Device,AddN,SGD/gradients/AddN_10,2,393.217,196.6085,393.217,196.6085,0.0018933972522774001,0.5494231156590744,0.0,0.0
109,Device,Conv2DBackpropInput,gradient_tape/inception_v3/conv2d_66/Conv2D/Conv2DBackpropInput,4,392.194,98.0485,392.194,98.0485,0.0018884713579516723,0.5513115870170261,0.0,0.0
110,Device,Conv2DBackpropInput,gradient_tape/inception_v3/conv2d_73/Conv2D/Conv2DBackpropInput,4,392.194,98.0485,392.194,98.0485,0.0018884713579516723,0.5532000583749778,0.0,0.0
111,Device,Conv2DBackpropFilter,gradient_tape/inception_v3/conv2d_15/Conv2D/Conv2DBackpropFilter,2,392.193,196.0965,392.193,196.0965,0.0018884665428057037,0.5550885249177835,0.0,0.0
112,Device,Conv2DBackpropInput,gradient_tape/inception_v3/conv2d_63/Conv2D/Conv2DBackpropInput,4,392.192,98.048,392.192,98.048,0.0018884617276597353,0.5569769866454433,0.0,0.0
113,Device,Conv2DBackpropInput,gradient_tape/inception_v3/conv2d_68/Conv2D/Conv2DBackpropInput,4,391.168,97.792,391.168,97.792,0.0018835310181880389,0.5588605176636313,0.0,0.0
114,Device,AvgPoolGrad,gradient_tape/inception_v3/average_pooling2d_1/AvgPoolGrad,2,390.144,195.072,390.144,195.072,0.0018786003087163424,0.5607391179723477,0.0,0.0
115,Device,Conv2DBackpropInput,gradient_tape/inception_v3/conv2d_71/Conv2D/Conv2DBackpropInput,2,382.978,191.489,382.978,191.489,0.0018440949727064045,0.5625832129450541,0.0,0.0
116,Device,Conv2DBackpropInput,gradient_tape/inception_v3/conv2d_43/Conv2D/Conv2DBackpropInput,4,378.882,94.7205,378.882,94.7205,0.0018243721348196187,0.5644075850798738,0.0,0.0
117,Device,Conv2DBackpropInput,gradient_tape/inception_v3/conv2d_48/Conv2D/Conv2DBackpropInput,4,376.834,94.2085,376.834,94.2085,0.0018145107158762258,0.56622209579575,0.0,0.0
118,Device,Conv2DBackpropFilter,gradient_tape/inception_v3/conv2d_56/Conv2D/Conv2DBackpropFilter,2,376.834,188.417,376.834,188.417,0.0018145107158762258,0.5680366065116262,0.0,0.0
119,Device,Conv2DBackpropInput,gradient_tape/inception_v3/conv2d_53/Conv2D/Conv2DBackpropInput,4,376.832,94.208,376.832,94.208,0.0018145010855842888,0.5698511075972106,0.0,0.0
120,Device,Conv2DBackpropInput,gradient_tape/inception_v3/conv2d_58/Conv2D/Conv2DBackpropInput,4,375.808,93.952,375.808,93.952,0.0018095703761125924,0.5716606779733232,0.0,0.0
121,Device,Conv2DBackpropFilter,gradient_tape/inception_v3/conv2d_46/Conv2D/Conv2DBackpropFilter,2,374.786,187.393,374.786,187.393,0.0018046492969328329,0.573465327270256,0.0,0.0
122,Device,Conv2DBackpropFilter,gradient_tape/inception_v3/conv2d_42/Conv2D/Conv2DBackpropFilter,2,372.736,186.368,372.736,186.368,0.001794778247697503,0.5752601055179535,0.0,0.0
123,Device,Conv2DBackpropFilter,gradient_tape/inception_v3/conv2d_52/Conv2D/Conv2DBackpropFilter,2,372.736,186.368,372.736,186.368,0.001794778247697503,0.577054883765651,0.0,0.0
124,Device,Conv2DBackpropFilter,gradient_tape/inception_v3/conv2d_13/Conv2D/Conv2DBackpropFilter,2,371.712,185.856,371.712,185.856,0.0017898475382258066,0.5788447313038767,0.0,0.0
125,Device,Conv2DBackpropFilter,gradient_tape/inception_v3/conv2d_33/Conv2D/Conv2DBackpropFilter,4,367.616,91.904,367.616,91.904,0.0017701247003390208,0.5806148560042157,0.0,0.0
126,Device,AvgPool,inception_v3/average_pooling2d_2/AvgPool,2,367.616,183.808,367.616,183.808,0.0017701247003390208,0.5823849807045547,0.0,0.0
127,Device,Conv2DBackpropFilter,gradient_tape/inception_v3/conv2d_38/Conv2D/Conv2DBackpropFilter,4,363.522,90.8805,363.522,90.8805,0.001750411492744172,0.5841353921972988,0.0,0.0
128,Device,Conv2DBackpropInput,gradient_tape/inception_v3/conv2d_29/Conv2D/Conv2DBackpropInput,2,362.496,181.248,362.496,181.248,0.0017454711529805386,0.5858808633502793,0.0,0.0
129,Device,Conv2DBackpropFilter,gradient_tape/inception_v3/conv2d_59/Conv2D/Conv2DBackpropFilter,2,354.304,177.152,354.304,177.152,0.001706025477206967,0.5875868888274863,0.0,0.0
130,Device,Conv2DBackpropFilter,gradient_tape/inception_v3/conv2d_39/Conv2D/Conv2DBackpropFilter,2,353.282,176.641,353.282,176.641,0.0017011043980272077,0.5892879932255135,0.0,0.0
131,Device,Conv2D,inception_v3/conv2d_62/Conv2D,4,353.28,88.32,353.28,88.32,0.0017010947677352708,0.5909890879932488,0.0,0.0
132,Device,Conv2D,inception_v3/conv2d_73/Conv2D,4,353.28,88.32,353.28,88.32,0.0017010947677352708,0.5926901827609841,0.0,0.0
133,Device,Conv2D,inception_v3/conv2d_66/Conv2D,4,352.257,88.06425,352.257,88.06425,0.0016961688734095429,0.5943863516343936,0.0,0.0
134,Device,Conv2DBackpropFilter,gradient_tape/inception_v3/conv2d_40/Conv2D/Conv2DBackpropFilter,2,352.256,176.128,352.256,176.128,0.0016961640582635743,0.5960825156926571,0.0,0.0
135,Device,Conv2DBackpropFilter,gradient_tape/inception_v3/conv2d_64/Conv2D/Conv2DBackpropFilter,2,352.256,176.128,352.256,176.128,0.0016961640582635743,0.5977786797509207,0.0,0.0
136,Device,Conv2DBackpropFilter,gradient_tape/inception_v3/conv2d_70/Conv2D/Conv2DBackpropFilter,2,352.256,176.128,352.256,176.128,0.0016961640582635743,0.5994748438091843,0.0,0.0
137,Device,Conv2D,inception_v3/conv2d_16/Conv2D,2,352.256,176.128,352.256,176.128,0.0016961640582635743,0.6011710078674478,0.0,0.0
138,Device,Conv2DBackpropFilter,gradient_tape/inception_v3/conv2d_60/Conv2D/Conv2DBackpropFilter,2,351.234,175.617,351.234,175.617,0.0016912429790838148,0.6028622508465317,0.0,0.0
139,Device,Conv2D,inception_v3/conv2d_28/Conv2D,2,351.233,175.6165,351.233,175.6165,0.0016912381639378464,0.6045534890104695,0.0,0.0
140,Device,Conv2DBackpropFilter,gradient_tape/inception_v3/conv2d_30/Conv2D/Conv2DBackpropFilter,2,351.232,175.616,351.232,175.616,0.001691233348791878,0.6062447223592613,0.0,0.0
141,Device,Conv2DBackpropFilter,gradient_tape/inception_v3/conv2d_50/Conv2D/Conv2DBackpropFilter,2,351.232,175.616,351.232,175.616,0.001691233348791878,0.6079359557080531,0.0,0.0
142,Device,Conv2DBackpropFilter,gradient_tape/inception_v3/conv2d_61/Conv2D/Conv2DBackpropFilter,2,351.232,175.616,351.232,175.616,0.001691233348791878,0.609627189056845,0.0,0.0
143,Device,Conv2DBackpropFilter,gradient_tape/inception_v3/conv2d_69/Conv2D/Conv2DBackpropFilter,2,351.232,175.616,351.232,175.616,0.001691233348791878,0.6113184224056368,0.0,0.0
144,Device,Conv2DBackpropFilter,gradient_tape/inception_v3/conv2d_72/Conv2D/Conv2DBackpropFilter,2,351.232,175.616,351.232,175.616,0.001691233348791878,0.6130096557544287,0.0,0.0
145,Device,Conv2D,inception_v3/conv2d_63/Conv2D,4,351.232,87.808,351.232,87.808,0.001691233348791878,0.6147008891032205,0.0,0.0
146,Device,Conv2D,inception_v3/conv2d_80/Conv2D,2,351.232,175.616,351.232,175.616,0.001691233348791878,0.6163921224520124,0.0,0.0
147,Device,Conv2DBackpropFilter,gradient_tape/inception_v3/conv2d_49/Conv2D/Conv2DBackpropFilter,2,350.21,175.105,350.21,175.105,0.0016863122696121184,0.6180784347216245,0.0,0.0
148,Device,Conv2D,inception_v3/conv2d_23/Conv2D,2,350.209,175.1045,350.209,175.1045,0.00168630745446615,0.6197647421760907,0.0,0.0
149,Device,Conv2D,inception_v3/conv2d_74/Conv2D,4,350.209,87.55225,350.209,87.55225,0.00168630745446615,0.6214510496305569,0.0,0.0
150,Device,Conv2D,inception_v3/conv2d_65/Conv2D,4,349.185,87.29625,349.185,87.29625,0.0016813767449944535,0.6231324263755513,0.0,0.0
151,Device,Conv2D,inception_v3/conv2d_68/Conv2D,4,349.185,87.29625,349.185,87.29625,0.0016813767449944535,0.6248138031205458,0.0,0.0
152,Device,SoftmaxCrossEntropyWithLogits,categorical_crossentropy/softmax_cross_entropy_with_logits,2,349.184,174.592,349.184,174.592,0.0016813719298484852,0.6264951750503943,0.0,0.0
153,Device,Conv2D,inception_v3/conv2d_67/Conv2D,4,349.184,87.296,349.184,87.296,0.0016813719298484852,0.6281765469802428,0.0,0.0
154,Device,Conv2D,inception_v3/conv2d_9/Conv2D,2,348.16,174.08,348.16,174.08,0.0016764412203767887,0.6298529882006196,0.0,0.0
155,Device,Conv2DBackpropInput,gradient_tape/inception_v3/conv2d_89/Conv2D/Conv2DBackpropInput,2,343.041,171.5205,343.041,171.5205,0.0016517924881642749,0.6315047806887839,0.0,0.0
156,Device,Conv2DBackpropFilter,gradient_tape/inception_v3/conv2d_87/Conv2D/Conv2DBackpropFilter,2,335.872,167.936,335.872,167.936,0.0016172727067164314,0.6331220533955003,0.0,0.0
157,Device,Conv2DBackpropFilter,gradient_tape/inception_v3/conv2d_51/Conv2D/Conv2DBackpropFilter,2,334.848,167.424,334.848,167.424,0.001612341997244735,0.634734395392745,0.0,0.0
158,Device,Conv2DBackpropFilter,gradient_tape/inception_v3/conv2d_54/Conv2D/Conv2DBackpropFilter,2,333.826,166.913,333.826,166.913,0.0016074209180649754,0.63634181631081,0.0,0.0
159,Device,Conv2DBackpropFilter,gradient_tape/inception_v3/conv2d_82/Conv2D/Conv2DBackpropFilter,2,333.826,166.913,333.826,166.913,0.0016074209180649754,0.637949237228875,0.0,0.0
160,Device,Conv2DBackpropFilter,gradient_tape/inception_v3/conv2d_78/Conv2D/Conv2DBackpropFilter,2,333.824,166.912,333.824,166.912,0.0016074112877730385,0.6395566485166481,0.0,0.0
161,Device,Conv2DBackpropFilter,gradient_tape/inception_v3/conv2d_44/Conv2D/Conv2DBackpropFilter,2,332.802,166.401,332.802,166.401,0.001602490208593279,0.6411591387252413,0.0,0.0
162,Device,Conv2DBackpropFilter,gradient_tape/inception_v3/conv2d_91/Conv2D/Conv2DBackpropFilter,2,332.802,166.401,332.802,166.401,0.001602490208593279,0.6427616289338346,0.0,0.0
163,Device,Conv2DBackpropFilter,gradient_tape/inception_v3/conv2d_41/Conv2D/Conv2DBackpropFilter,2,332.8,166.4,332.8,166.4,0.001602480578301342,0.644364109512136,0.0,0.0
164,Device,Conv2DBackpropInput,gradient_tape/inception_v3/conv2d_3/Conv2D/Conv2DBackpropInput,2,331.777,165.8885,331.777,165.8885,0.001597554683975614,0.6459616641961116,0.0,0.0
165,Device,Conv2DBackpropInput,gradient_tape/inception_v3/conv2d_45/Conv2D/Conv2DBackpropInput,4,330.752,82.688,330.752,82.688,0.0015926191593579491,0.6475542833554695,0.0,0.0
166,Device,Conv2DBackpropInput,gradient_tape/inception_v3/conv2d_47/Conv2D/Conv2DBackpropInput,4,329.728,82.432,329.728,82.432,0.0015876884498862527,0.6491419718053557,0.0,0.0
167,Device,Relu,inception_v3/activation_3/Relu,2,329.728,164.864,329.728,164.864,0.0015876884498862527,0.6507296602552419,0.0,0.0
168,Device,Conv2DBackpropInput,gradient_tape/inception_v3/conv2d_52/Conv2D/Conv2DBackpropInput,4,328.706,82.1765,328.706,82.1765,0.0015827673707064932,0.6523124276259484,0.0,0.0
169,Device,Conv2DBackpropInput,gradient_tape/inception_v3/conv2d_55/Conv2D/Conv2DBackpropInput,4,328.704,82.176,328.704,82.176,0.0015827577404145562,0.653895185366363,0.0,0.0
170,Device,Conv2DBackpropInput,gradient_tape/inception_v3/conv2d_57/Conv2D/Conv2DBackpropInput,4,328.704,82.176,328.704,82.176,0.0015827577404145562,0.6554779431067776,0.0,0.0
171,Device,Conv2DBackpropInput,gradient_tape/inception_v3/conv2d_46/Conv2D/Conv2DBackpropInput,4,327.68,81.92,327.68,81.92,0.00157782703094286,0.6570557701377205,0.0,0.0
172,Device,Conv2DBackpropInput,gradient_tape/inception_v3/conv2d_56/Conv2D/Conv2DBackpropInput,4,327.68,81.92,327.68,81.92,0.00157782703094286,0.6586335971686634,0.0,0.0
173,Device,Conv2DBackpropInput,gradient_tape/inception_v3/conv2d_42/Conv2D/Conv2DBackpropInput,4,326.658,81.6645,326.658,81.6645,0.0015729059517631005,0.6602065031204265,0.0,0.0
174,Device,Conv2DBackpropFilter,gradient_tape/inception_v3/conv2d_89/Conv2D/Conv2DBackpropFilter,4,324.609,81.15225,324.609,81.15225,0.0015630397176737388,0.6617695428381002,0.0,0.0
175,Device,AvgPool,inception_v3/average_pooling2d_1/AvgPool,2,323.584,161.792,323.584,161.792,0.0015581041930560742,0.6633276470311562,0.0,0.0
176,Device,Conv2DBackpropInput,gradient_tape/inception_v3/conv2d_38/Conv2D/Conv2DBackpropInput,4,318.464,79.616,318.464,79.616,0.001533450645697592,0.6648610976768538,0.0,0.0
177,Device,AddN,SGD/gradients/AddN_6,2,317.441,158.7205,317.441,158.7205,0.0015285247513718639,0.6663896224282256,0.0,0.0
178,Device,Conv2D,inception_v3/conv2d_43/Conv2D,4,313.344,78.336,313.344,78.336,0.0015087970983391097,0.6678984195265647,0.0,0.0
179,Device,Conv2DBackpropInput,gradient_tape/inception_v3/conv2d_33/Conv2D/Conv2DBackpropInput,4,312.32,78.08,312.32,78.08,0.0015038663888674133,0.6694022859154322,0.0,0.0
180,Device,Conv2D,inception_v3/conv2d_53/Conv2D,4,312.32,78.08,312.32,78.08,0.0015038663888674133,0.6709061523042996,0.0,0.0
181,Device,Conv2DBackpropInput,gradient_tape/inception_v3/conv2d_9/Conv2D/Conv2DBackpropInput,2,311.297,155.6485,311.297,155.6485,0.0014989404945416854,0.6724050927988413,0.0,0.0
182,Device,Conv2DBackpropInput,gradient_tape/inception_v3/conv2d_23/Conv2D/Conv2DBackpropInput,2,310.273,155.1365,310.273,155.1365,0.001494009785069989,0.6738991025839113,0.0,0.0
183,Device,Conv2DBackpropInput,gradient_tape/inception_v3/conv2d_28/Conv2D/Conv2DBackpropInput,2,310.273,155.1365,310.273,155.1365,0.001494009785069989,0.6753931123689813,0.0,0.0
184,Device,Conv2DBackpropFilter,gradient_tape/inception_v3/conv2d_85/Conv2D/Conv2DBackpropFilter,4,310.272,77.568,310.272,77.568,0.0014940049699240204,0.6768871173389053,0.0,0.0
185,Device,Conv2DBackpropInput,gradient_tape/inception_v3/conv2d_27/Conv2D/Conv2DBackpropInput,2,309.25,154.625,309.25,154.625,0.0014890838907442609,0.6783762012296496,0.0,0.0
186,Device,Conv2DBackpropInput,gradient_tape/inception_v3/conv2d_16/Conv2D/Conv2DBackpropInput,2,309.248,154.624,309.248,154.624,0.001489074260452324,0.6798652754901019,0.0,0.0
187,Device,Conv2DBackpropFilter,gradient_tape/inception_v3/conv2d_86/Conv2D/Conv2DBackpropFilter,4,309.248,77.312,309.248,77.312,0.001489074260452324,0.6813543497505542,0.0,0.0
188,Device,Conv2DBackpropInput,gradient_tape/inception_v3/conv2d_22/Conv2D/Conv2DBackpropInput,2,307.202,153.601,307.202,153.601,0.001479222471800868,0.6828335722223551,0.0,0.0
189,Device,Conv2DBackpropInput,gradient_tape/inception_v3/conv2d_86/Conv2D/Conv2DBackpropInput,2,306.178,153.089,306.178,153.089,0.0014742917623291715,0.6843078639846842,0.0,0.0
190,Device,Conv2DBackpropInput,gradient_tape/inception_v3/conv2d_19/Conv2D/Conv2DBackpropInput,2,306.176,153.088,306.176,153.088,0.0014742821320372346,0.6857821461167215,0.0,0.0
191,Device,Conv2DBackpropInput,gradient_tape/inception_v3/conv2d_25/Conv2D/Conv2DBackpropInput,2,305.153,152.5765,305.153,152.5765,0.0014693562377115067,0.687251502354433,0.0,0.0
192,Device,MaxPoolGrad,gradient_tape/inception_v3/max_pooling2d_2/MaxPool/MaxPoolGrad,2,301.058,150.529,301.058,150.529,0.0014496382149706893,0.6887011405694037,0.0,0.0
193,Device,Conv2D,inception_v3/conv2d_45/Conv2D,4,300.034,75.0085,300.034,75.0085,0.0014447075054989929,0.6901458480749026,0.0,0.0
194,Device,Conv2D,inception_v3/conv2d_42/Conv2D,4,300.032,75.008,300.032,75.008,0.001444697875207056,0.6915905459501097,0.0,0.0
195,Device,Conv2D,inception_v3/conv2d_57/Conv2D,4,300.032,75.008,300.032,75.008,0.001444697875207056,0.6930352438253168,0.0,0.0
196,Device,AvgPoolGrad,gradient_tape/inception_v3/average_pooling2d_4/AvgPoolGrad,2,299.01,149.505,299.01,149.505,0.0014397767960272964,0.694475020621344,0.0,0.0
197,Device,Conv2D,inception_v3/conv2d_56/Conv2D,4,299.01,74.7525,299.01,74.7525,0.0014397767960272964,0.6959147974173713,0.0,0.0
198,Device,Conv2D,inception_v3/conv2d_55/Conv2D,4,297.986,74.4965,297.986,74.4965,0.0014348460865556,0.6973496435039269,0.0,0.0
199,Device,Conv2DBackpropFilter,gradient_tape/inception_v3/conv2d_93/Conv2D/Conv2DBackpropFilter,2,297.984,148.992,297.984,148.992,0.001434836456263663,0.6987844799601906,0.0,0.0
200,Device,Conv2D,inception_v3/conv2d_46/Conv2D,4,296.962,74.2405,296.962,74.2405,0.0014299153770839035,0.7002143953372745,0.0,0.0
201,Device,AvgPoolGrad,gradient_tape/inception_v3/average_pooling2d_3/AvgPoolGrad,2,296.96,148.48,296.96,148.48,0.0014299057467919666,0.7016443010840664,0.0,0.0
202,Device,AvgPoolGrad,gradient_tape/inception_v3/average_pooling2d_5/AvgPoolGrad,2,296.96,148.48,296.96,148.48,0.0014299057467919666,0.7030742068308583,0.0,0.0
203,Device,AvgPoolGrad,gradient_tape/inception_v3/average_pooling2d_6/AvgPoolGrad,2,296.96,148.48,296.96,148.48,0.0014299057467919666,0.7045041125776502,0.0,0.0
204,Device,Conv2D,inception_v3/conv2d_58/Conv2D,4,296.96,74.24,296.96,74.24,0.0014299057467919666,0.7059340183244421,0.0,0.0
205,Device,Conv2D,inception_v3/conv2d_48/Conv2D,4,295.937,73.98425,295.937,73.98425,0.001424979852466239,0.7073589981769084,0.0,0.0
206,Device,Conv2D,inception_v3/conv2d_52/Conv2D,4,295.936,73.984,295.936,73.984,0.0014249750373202701,0.7087839732142287,0.0,0.0
207,Device,AvgPoolGrad,gradient_tape/inception_v3/average_pooling2d/AvgPoolGrad,2,294.913,147.4565,294.913,147.4565,0.0014200491429945425,0.7102040223572232,0.0,0.0
208,Device,ConcatV2,inception_v3/mixed1/concat,8,292.864,36.608,292.864,36.608,0.0014101829089051808,0.7116142052661284,0.0,0.0
209,Device,ConcatV2,inception_v3/mixed2/concat,8,291.84,36.48,291.84,36.48,0.0014052521994334845,0.7130194574655618,0.0,0.0
210,Device,Conv2D,inception_v3/conv2d_76/Conv2D,4,289.793,72.44825,289.793,72.44825,0.0013953955956360602,0.7144148530611979,0.0,0.0
211,Device,Conv2DBackpropFilter,gradient_tape/inception_v3/conv2d_5/Conv2D/Conv2DBackpropFilter,2,286.72,143.36,286.72,143.36,0.0013805986520750025,0.7157954517132729,0.0,0.0
212,Device,Conv2DBackpropFilter,gradient_tape/inception_v3/conv2d_31/Conv2D/Conv2DBackpropFilter,2,284.672,142.336,284.672,142.336,0.0013707372331316096,0.7171661889464045,0.0,0.0
213,Device,Conv2DBackpropFilter,gradient_tape/inception_v3/conv2d_34/Conv2D/Conv2DBackpropFilter,2,282.624,141.312,282.624,141.312,0.0013608758141882167,0.7185270647605927,0.0,0.0
214,Device,Conv2D,inception_v3/conv2d_93/Conv2D,4,281.601,70.40025,281.601,70.40025,0.0013559499198624887,0.7198830146804552,0.0,0.0
215,Device,Conv2D,inception_v3/conv2d_47/Conv2D,4,281.6,70.4,281.6,70.4,0.0013559451047165203,0.7212389597851717,0.0,0.0
216,Device,Conv2DBackpropInput,gradient_tape/inception_v3/conv2d_30/Conv2D/Conv2DBackpropInput,2,279.554,139.777,279.554,139.777,0.0013460933160650641,0.7225850531012368,0.0,0.0
217,Device,Conv2DBackpropInput,gradient_tape/inception_v3/conv2d_60/Conv2D/Conv2DBackpropInput,2,278.528,139.264,278.528,139.264,0.001341152976301431,0.7239262060775382,0.0,0.0
218,Device,Conv2DBackpropFilter,gradient_tape/inception_v3/conv2d_8/Conv2D/Conv2DBackpropFilter,2,277.504,138.752,277.504,138.752,0.0013362222668297345,0.7252624283443679,0.0,0.0
219,Device,Conv2DBackpropInput,gradient_tape/inception_v3/conv2d_61/Conv2D/Conv2DBackpropInput,2,276.482,138.241,276.482,138.241,0.001331301187649975,0.726593729532018,0.0,0.0
220,Device,Conv2DBackpropInput,gradient_tape/inception_v3/conv2d_20/Conv2D/Conv2DBackpropInput,2,275.458,137.729,275.458,137.729,0.0013263704781782786,0.7279201000101962,0.0,0.0
221,Device,Conv2DBackpropInput,gradient_tape/inception_v3/conv2d_59/Conv2D/Conv2DBackpropInput,2,275.458,137.729,275.458,137.729,0.0013263704781782786,0.7292464704883745,0.0,0.0
222,Device,Conv2DBackpropInput,gradient_tape/inception_v3/conv2d_85/Conv2D/Conv2DBackpropInput,2,275.458,137.729,275.458,137.729,0.0013263704781782786,0.7305728409665528,0.0,0.0
223,Device,Conv2DBackpropInput,gradient_tape/inception_v3/conv2d_70/Conv2D/Conv2DBackpropInput,2,275.456,137.728,275.456,137.728,0.0013263608478863416,0.7318992018144391,0.0,0.0
224,Device,Conv2DBackpropInput,gradient_tape/inception_v3/conv2d_64/Conv2D/Conv2DBackpropInput,2,274.434,137.217,274.434,137.217,0.001321439768706582,0.7332206415831457,0.0,0.0
225,Device,Conv2DBackpropInput,gradient_tape/inception_v3/conv2d_49/Conv2D/Conv2DBackpropInput,2,274.432,137.216,274.432,137.216,0.0013214301384146452,0.7345420717215604,0.0,0.0
226,Device,Conv2D,inception_v3/conv2d_77/Conv2D,2,273.409,136.7045,273.409,136.7045,0.001316504244088917,0.7358585759656493,0.0,0.0
227,Device,Conv2DBackpropInput,gradient_tape/inception_v3/conv2d_39/Conv2D/Conv2DBackpropInput,2,273.408,136.704,273.408,136.704,0.0013164994289429487,0.7371750753945923,0.0,0.0
228,Device,Conv2DBackpropInput,gradient_tape/inception_v3/conv2d_72/Conv2D/Conv2DBackpropInput,2,273.408,136.704,273.408,136.704,0.0013164994289429487,0.7384915748235352,0.0,0.0
229,Device,Conv2DBackpropInput,gradient_tape/inception_v3/conv2d_50/Conv2D/Conv2DBackpropInput,2,271.36,135.68,271.36,135.68,0.0013066380099995558,0.7397982128335348,0.0,0.0
230,Device,Conv2DBackpropInput,gradient_tape/inception_v3/conv2d_69/Conv2D/Conv2DBackpropInput,2,271.36,135.68,271.36,135.68,0.0013066380099995558,0.7411048508435343,0.0,0.0
231,Device,Conv2DBackpropInput,gradient_tape/inception_v3/conv2d_40/Conv2D/Conv2DBackpropInput,2,269.312,134.656,269.312,134.656,0.001296776591056163,0.7424016274345905,0.0,0.0
232,Device,Conv2DBackpropFilter,gradient_tape/inception_v3/conv2d_6/Conv2D/Conv2DBackpropFilter,2,266.241,133.1205,266.241,133.1205,0.001281989277787042,0.7436836167123775,0.0,0.0
233,Device,Conv2DBackpropFilter,gradient_tape/inception_v3/conv2d_88/Conv2D/Conv2DBackpropFilter,2,266.24,133.12,266.24,133.12,0.0012819844626410736,0.7449656011750185,0.0,0.0
234,Device,Conv2DBackpropFilter,gradient_tape/inception_v3/conv2d_92/Conv2D/Conv2DBackpropFilter,2,266.24,133.12,266.24,133.12,0.0012819844626410736,0.7462475856376596,0.0,0.0
235,Device,Conv2DBackpropFilter,gradient_tape/inception_v3/conv2d_83/Conv2D/Conv2DBackpropFilter,2,265.216,132.608,265.216,132.608,0.0012770537531693773,0.7475246393908289,0.0,0.0
236,Device,Conv2DBackpropFilter,gradient_tape/inception_v3/conv2d_79/Conv2D/Conv2DBackpropFilter,2,264.192,132.096,264.192,132.096,0.001272123043697681,0.7487967624345266,0.0,0.0
237,Device,Conv2D,inception_v3/conv2d_33/Conv2D,4,264.192,66.048,264.192,66.048,0.001272123043697681,0.7500688854782244,0.0,0.0
238,Device,Conv2D,inception_v3/conv2d_71/Conv2D,4,263.168,65.792,263.168,65.792,0.0012671923342259844,0.7513360778124504,0.0,0.0
239,Device,ConcatV2,inception_v3/mixed0/concat,8,263.168,32.896,263.168,32.896,0.0012671923342259844,0.7526032701466764,0.0,0.0
240,Device,Conv2DBackpropFilter,gradient_tape/inception_v3/conv2d_80/Conv2D/Conv2DBackpropFilter,4,262.144,65.536,262.144,65.536,0.001262261624754288,0.7538655317714307,0.0,0.0
241,Device,Conv2DBackpropInput,gradient_tape/inception_v3/conv2d_75/Conv2D/Conv2DBackpropInput,2,259.072,129.536,259.072,129.536,0.0012474694963391987,0.7551130012677699,0.0,0.0
242,Device,AvgPool,inception_v3/average_pooling2d_6/AvgPool,2,259.072,129.536,259.072,129.536,0.0012474694963391987,0.7563604707641092,0.0,0.0
243,Device,AvgPool,inception_v3/average_pooling2d_5/AvgPool,2,258.048,129.024,258.048,129.024,0.0012425387868675022,0.7576030095509767,0.0,0.0
244,Device,AvgPool,inception_v3/average_pooling2d_4/AvgPool,2,257.026,128.513,257.026,128.513,0.0012376177076877427,0.7588406272586644,0.0,0.0
245,Device,Conv2DBackpropInput,gradient_tape/inception_v3/conv2d_15/Conv2D/Conv2DBackpropInput,2,253.952,126.976,253.952,126.976,0.0012228159489807164,0.7600634432076452,0.0,0.0
246,Device,Conv2DBackpropFilter,gradient_tape/inception_v3/conv2d_77/Conv2D/Conv2DBackpropFilter,4,253.952,63.488,253.952,63.488,0.0012228159489807164,0.761286259156626,0.0,0.0
247,Device,Conv2DBackpropInput,gradient_tape/inception_v3/conv2d_12/Conv2D/Conv2DBackpropInput,2,251.904,125.952,251.904,125.952,0.0012129545300373235,0.7624992136866633,0.0,0.0
248,Device,Conv2DBackpropInput,gradient_tape/inception_v3/conv2d_18/Conv2D/Conv2DBackpropInput,2,249.857,124.9285,249.857,124.9285,0.001203097926239899,0.7637023116129031,0.0,0.0
249,Device,Conv2DBackpropInput,gradient_tape/inception_v3/conv2d_41/Conv2D/Conv2DBackpropInput,2,249.856,124.928,249.856,124.928,0.0012030931110939306,0.764905404723997,0.0,0.0
250,Device,Conv2D,inception_v3/conv2d_38/Conv2D,4,249.856,62.464,249.856,62.464,0.0012030931110939306,0.7661084978350909,0.0,0.0
251,Device,Conv2DBackpropInput,gradient_tape/inception_v3/conv2d_51/Conv2D/Conv2DBackpropInput,2,248.832,124.416,248.832,124.416,0.0011981624016222342,0.7673066602367131,0.0,0.0
252,Device,Conv2DBackpropFilter,gradient_tape/inception_v3/conv2d_76/Conv2D/Conv2DBackpropFilter,4,247.808,61.952,247.808,61.952,0.0011932316921505377,0.7684998919288637,0.0,0.0
253,Device,Conv2DBackpropInput,gradient_tape/inception_v3/conv2d_54/Conv2D/Conv2DBackpropInput,2,246.784,123.392,246.784,123.392,0.0011883009826788413,0.7696881929115426,0.0,0.0
254,Device,Conv2DBackpropFilter,gradient_tape/inception_v3/conv2d_11/Conv2D/Conv2DBackpropFilter,2,245.76,122.88,245.76,122.88,0.0011833702732071448,0.7708715631847497,0.0,0.0
255,Device,Conv2DBackpropInput,gradient_tape/inception_v3/conv2d_44/Conv2D/Conv2DBackpropInput,2,244.736,122.368,244.736,122.368,0.0011784395637354484,0.7720500027484851,0.0,0.0
256,Device,Transpose,gradient_tape/inception_v3/conv2d/Conv2D/Conv2DBackpropFilter-0-TransposeNHWCToNCHW-LayoutOptimizer,2,239.616,119.808,239.616,119.808,0.0011537860163769664,0.7732037887648621,0.0,0.0
257,Device,AvgPool,inception_v3/average_pooling2d_3/AvgPool,2,239.616,119.808,239.616,119.808,0.0011537860163769664,0.774357574781239,0.0,0.0
258,Device,Conv2DBackpropFilter,gradient_tape/inception_v3/conv2d_71/Conv2D/Conv2DBackpropFilter,4,238.592,59.648,238.592,59.648,0.00114885530690527,0.7755064300881442,0.0,0.0
259,Device,Conv2DBackpropFilter,gradient_tape/inception_v3/conv2d_37/Conv2D/Conv2DBackpropFilter,4,236.546,59.1365,236.546,59.1365,0.0011390035182538138,0.776645433606398,0.0,0.0
260,Device,Conv2DBackpropInput,gradient_tape/inception_v3/conv2d_80/Conv2D/Conv2DBackpropInput,2,236.546,118.273,236.546,118.273,0.0011390035182538138,0.7777844371246518,0.0,0.0
261,Device,Conv2DBackpropFilter,gradient_tape/inception_v3/conv2d_32/Conv2D/Conv2DBackpropFilter,4,236.544,59.136,236.544,59.136,0.001138993887961877,0.7789234310126137,0.0,0.0
262,Device,Conv2DBackpropFilter,gradient_tape/inception_v3/conv2d_36/Conv2D/Conv2DBackpropFilter,4,235.52,58.88,235.52,58.88,0.0011340631784901806,0.7800574941911039,0.0,0.0
263,Device,Conv2DBackpropInput,gradient_tape/inception_v3/conv2d_31/Conv2D/Conv2DBackpropInput,2,233.474,116.737,233.474,116.737,0.0011242113898387244,0.7811817055809427,0.0,0.0
264,Device,Conv2D,inception_v3/conv2d_29/Conv2D,2,233.472,116.736,233.472,116.736,0.0011242017595467877,0.7823059073404894,0.0,0.0
265,Device,Conv2D,inception_v3/conv2d_59/Conv2D,2,232.448,116.224,232.448,116.224,0.0011192710500750912,0.7834251783905646,0.0,0.0
266,Device,FusedBatchNormGradV3,gradient_tape/inception_v3/batch_normalization_28/FusedBatchNormGradV3,2,231.426,115.713,231.426,115.713,0.0011143499708953315,0.7845395283614599,0.0,0.0
267,Device,Conv2D,inception_v3/conv2d_49/Conv2D,2,231.426,115.713,231.426,115.713,0.0011143499708953315,0.7856538783323552,0.0,0.0
268,Device,Conv2DBackpropFilter,gradient_tape/inception_v3/conv2d_35/Conv2D/Conv2DBackpropFilter,4,231.425,57.85625,231.425,57.85625,0.0011143451557493634,0.7867682234881046,0.0,0.0
269,Device,Conv2DBackpropInput,gradient_tape/inception_v3/conv2d_34/Conv2D/Conv2DBackpropInput,2,231.424,115.712,231.424,115.712,0.0011143403406033948,0.787882563828708,0.0,0.0
270,Device,Conv2D,inception_v3/conv2d_39/Conv2D,2,231.424,115.712,231.424,115.712,0.0011143403406033948,0.7889969041693115,0.0,0.0
271,Device,Conv2D,inception_v3/conv2d_40/Conv2D,2,231.424,115.712,231.424,115.712,0.0011143403406033948,0.7901112445099149,0.0,0.0
272,Device,Conv2D,inception_v3/conv2d_61/Conv2D,2,231.424,115.712,231.424,115.712,0.0011143403406033948,0.7912255848505183,0.0,0.0
273,Device,Conv2D,inception_v3/conv2d_69/Conv2D,2,231.424,115.712,231.424,115.712,0.0011143403406033948,0.7923399251911217,0.0,0.0
274,Device,Conv2D,inception_v3/conv2d_50/Conv2D,2,230.401,115.2005,230.401,115.2005,0.001109414446277667,0.7934493396373994,0.0,0.0
275,Device,Conv2DBackpropInput,gradient_tape/inception_v3/conv2d_36/Conv2D/Conv2DBackpropInput,4,230.4,57.6,230.4,57.6,0.0011094096311316983,0.7945587492685311,0.0,0.0
276,Device,Conv2D,inception_v3/conv2d_44/Conv2D,2,230.4,115.2,230.4,115.2,0.0011094096311316983,0.7956681588996628,0.0,0.0
277,Device,Conv2D,inception_v3/conv2d_64/Conv2D,2,230.4,115.2,230.4,115.2,0.0011094096311316983,0.7967775685307945,0.0,0.0
278,Device,Conv2D,inception_v3/conv2d_70/Conv2D,2,230.4,115.2,230.4,115.2,0.0011094096311316983,0.7978869781619262,0.0,0.0
279,Device,Conv2D,inception_v3/conv2d_72/Conv2D,2,230.4,115.2,230.4,115.2,0.0011094096311316983,0.7989963877930579,0.0,0.0
280,Device,Conv2D,inception_v3/conv2d_30/Conv2D,2,229.378,114.689,229.378,114.689,0.0011044885519519388,0.8001008763450098,0.0,0.0
281,Device,Conv2D,inception_v3/conv2d_60/Conv2D,2,229.378,114.689,229.378,114.689,0.0011044885519519388,0.8012053648969617,0.0,0.0
282,Device,Conv2DBackpropInput,gradient_tape/inception_v3/conv2d_32/Conv2D/Conv2DBackpropInput,4,229.376,57.344,229.376,57.344,0.0011044789216600019,0.8023098438186217,0.0,0.0
283,Device,Conv2D,inception_v3/conv2d_31/Conv2D,2,229.376,114.688,229.376,114.688,0.0011044789216600019,0.8034143227402817,0.0,0.0
284,Device,Conv2D,inception_v3/conv2d_34/Conv2D,2,229.376,114.688,229.376,114.688,0.0011044789216600019,0.8045188016619417,0.0,0.0
285,Device,Conv2D,inception_v3/conv2d_41/Conv2D,2,229.376,114.688,229.376,114.688,0.0011044789216600019,0.8056232805836017,0.0,0.0
286,Device,FusedBatchNormGradV3,gradient_tape/inception_v3/batch_normalization_24/FusedBatchNormGradV3,2,228.354,114.177,228.354,114.177,0.0010995578424802424,0.806722838426082,0.0,0.0
287,Device,FusedBatchNormGradV3,gradient_tape/inception_v3/batch_normalization_16/FusedBatchNormGradV3,2,228.353,114.1765,228.353,114.1765,0.001099553027334274,0.8078223914534162,0.0,0.0
288,Device,FusedBatchNormGradV3,gradient_tape/inception_v3/batch_normalization_9/FusedBatchNormGradV3,2,228.353,114.1765,228.353,114.1765,0.001099553027334274,0.8089219444807504,0.0,0.0
289,Device,FusedBatchNormGradV3,gradient_tape/inception_v3/batch_normalization_10/FusedBatchNormGradV3,2,228.352,114.176,228.352,114.176,0.0010995482121883054,0.8100214926929387,0.0,0.0
290,Device,FusedBatchNormGradV3,gradient_tape/inception_v3/batch_normalization_17/FusedBatchNormGradV3,2,228.352,114.176,228.352,114.176,0.0010995482121883054,0.8111210409051269,0.0,0.0
291,Device,FusedBatchNormGradV3,gradient_tape/inception_v3/batch_normalization_23/FusedBatchNormGradV3,2,228.352,114.176,228.352,114.176,0.0010995482121883054,0.8122205891173152,0.0,0.0
292,Device,Conv2DBackpropInput,gradient_tape/inception_v3/conv2d_13/Conv2D/Conv2DBackpropInput,2,228.352,114.176,228.352,114.176,0.0010995482121883054,0.8133201373295035,0.0,0.0
293,Device,Conv2D,inception_v3/conv2d_54/Conv2D,2,228.352,114.176,228.352,114.176,0.0010995482121883054,0.8144196855416918,0.0,0.0
294,Device,Conv2D,inception_v3/conv2d_51/Conv2D,2,227.329,113.6645,227.329,113.6645,0.0010946223178625776,0.8155143078595544,0.0,0.0
295,Device,Conv2DBackpropInput,gradient_tape/inception_v3/conv2d_37/Conv2D/Conv2DBackpropInput,4,224.256,56.064,224.256,56.064,0.0010798253743015197,0.8165941332338559,0.0,0.0
296,Device,Conv2D,inception_v3/conv2d_32/Conv2D,4,224.256,56.064,224.256,56.064,0.0010798253743015197,0.8176739586081574,0.0,0.0
297,Device,Conv2D,inception_v3/conv2d_35/Conv2D,4,223.234,55.8085,223.234,55.8085,0.0010749042951217602,0.8187488629032792,0.0,0.0
298,Device,Conv2DBackpropInput,gradient_tape/inception_v3/conv2d_35/Conv2D/Conv2DBackpropInput,4,223.232,55.808,223.232,55.808,0.0010748946648298232,0.819823757568109,0.0,0.0
299,Device,AvgPool,inception_v3/average_pooling2d/AvgPool,2,222.208,111.104,222.208,111.104,0.0010699639553581268,0.8208937215234671,0.0,0.0
300,Device,Conv2D,inception_v3/conv2d_36/Conv2D,4,221.184,55.296,221.184,55.296,0.0010650332458864303,0.8219587547693535,0.0,0.0
301,Device,Conv2DBackpropFilter,gradient_tape/inception_v3/conv2d_29/Conv2D/Conv2DBackpropFilter,2,217.088,108.544,217.088,108.544,0.0010453104079996445,0.8230040651773531,0.0,0.0
302,Device,MaxPoolGrad,gradient_tape/inception_v3/max_pooling2d_3/MaxPool/MaxPoolGrad,2,211.968,105.984,211.968,105.984,0.0010206568606411625,0.8240247220379943,0.0,0.0
303,Device,Conv2DBackpropInput,gradient_tape/inception_v3/conv2d_77/Conv2D/Conv2DBackpropInput,2,210.946,105.473,210.946,105.473,0.001015735781461403,0.8250404578194557,0.0,0.0
304,Device,Conv2D,inception_v3/conv2d_37/Conv2D,4,210.944,52.736,210.944,52.736,0.001015726151169466,0.8260561839706252,0.0,0.0
305,Device,Conv2DBackpropInput,gradient_tape/inception_v3/conv2d_93/Conv2D/Conv2DBackpropInput,2,198.657,99.3285,198.657,99.3285,0.0009565624526550773,0.8270127464232803,0.0,0.0
306,Device,AddN,SGD/gradients/AddN_2,2,196.608,98.304,196.608,98.304,0.0009466962185657159,0.827959442641846,0.0,0.0
307,Device,FusedBatchNormGradV3,gradient_tape/inception_v3/batch_normalization_26/FusedBatchNormGradV3,2,196.608,98.304,196.608,98.304,0.0009466962185657159,0.8289061388604116,0.0,0.0
308,Device,Conv2DBackpropInput,gradient_tape/inception_v3/conv2d_8/Conv2D/Conv2DBackpropInput,2,193.538,96.769,193.538,96.769,0.0009319137204425636,0.8298380525808542,0.0,0.0
309,Device,Conv2DBackpropInput,gradient_tape/inception_v3/conv2d_5/Conv2D/Conv2DBackpropInput,2,193.536,96.768,193.536,96.768,0.0009319040901506267,0.8307699566710048,0.0,0.0
310,Device,Conv2DBackpropFilter,gradient_tape/inception_v3/conv2d_75/Conv2D/Conv2DBackpropFilter,2,192.512,96.256,192.512,96.256,0.0009269733806789302,0.8316969300516838,0.0,0.0
311,Device,ConcatV2,inception_v3/mixed4/concat,8,189.44,23.68,189.44,23.68,0.0009121812522638409,0.8326091113039477,0.0,0.0
312,Device,Conv2D,inception_v3/conv2d_78/Conv2D,4,187.392,46.848,187.392,46.848,0.000902319833320448,0.8335114311372681,0.0,0.0
313,Device,ConcatV2,inception_v3/mixed7/concat,8,187.392,23.424,187.392,23.424,0.000902319833320448,0.8344137509705886,0.0,0.0
314,Device,ConcatV2,inception_v3/mixed5/concat,8,186.369,23.296125,186.369,23.296125,0.00089739393899472,0.8353111449095832,0.0,0.0
315,Device,Conv2D,inception_v3/conv2d_88/Conv2D,4,186.368,46.592,186.368,46.592,0.0008973891238487515,0.836208534033432,0.0,0.0
316,Device,ConcatV2,inception_v3/mixed6/concat,8,186.368,23.296,186.368,23.296,0.0008973891238487515,0.8371059231572807,0.0,0.0
317,Device,Conv2DBackpropInput,gradient_tape/inception_v3/conv2d_78/Conv2D/Conv2DBackpropInput,4,185.345,46.33625,185.345,46.33625,0.0008924632295230235,0.8379983863868038,0.0,0.0
318,Device,Conv2D,inception_v3/conv2d_91/Conv2D,4,185.344,46.336,185.344,46.336,0.0008924584143770551,0.8388908448011808,0.0,0.0
319,Device,Conv2D,inception_v3/conv2d_92/Conv2D,4,185.344,46.336,185.344,46.336,0.0008924584143770551,0.8397833032155578,0.0,0.0
320,Device,Conv2DBackpropInput,gradient_tape/inception_v3/conv2d_87/Conv2D/Conv2DBackpropInput,4,184.322,46.0805,184.322,46.0805,0.0008875373351972956,0.8406708405507551,0.0,0.0
321,Device,Conv2D,inception_v3/conv2d_75/Conv2D,4,184.32,46.08,184.32,46.08,0.0008875277049053586,0.8415583682556605,0.0,0.0
322,Device,Conv2D,inception_v3/conv2d_79/Conv2D,4,184.32,46.08,184.32,46.08,0.0008875277049053586,0.842445895960566,0.0,0.0
323,Device,Conv2D,inception_v3/conv2d_82/Conv2D,4,184.32,46.08,184.32,46.08,0.0008875277049053586,0.8433334236654714,0.0,0.0
324,Device,Conv2D,inception_v3/conv2d_87/Conv2D,4,184.32,46.08,184.32,46.08,0.0008875277049053586,0.8442209513703768,0.0,0.0
325,Device,Conv2DBackpropInput,gradient_tape/inception_v3/conv2d_88/Conv2D/Conv2DBackpropInput,4,183.296,45.824,183.296,45.824,0.0008825969954336622,0.8451035483658105,0.0,0.0
326,Device,Conv2D,inception_v3/conv2d_83/Conv2D,4,183.296,45.824,183.296,45.824,0.0008825969954336622,0.8459861453612442,0.0,0.0
327,Device,Conv2DBackpropInput,gradient_tape/inception_v3/conv2d_76/Conv2D/Conv2DBackpropInput,2,182.273,91.1365,182.273,91.1365,0.0008776711011079342,0.8468638164623521,0.0,0.0
328,Device,Conv2D,inception_v3/conv2d_22/Conv2D,2,182.273,91.1365,182.273,91.1365,0.0008776711011079342,0.84774148756346,0.0,0.0
329,Device,Conv2DBackpropInput,gradient_tape/inception_v3/conv2d_79/Conv2D/Conv2DBackpropInput,4,182.272,45.568,182.272,45.568,0.0008776662859619657,0.848619153849422,0.0,0.0
330,Device,Conv2DBackpropInput,gradient_tape/inception_v3/conv2d_82/Conv2D/Conv2DBackpropInput,4,182.272,45.568,182.272,45.568,0.0008776662859619657,0.849496820135384,0.0,0.0
331,Device,Conv2DBackpropInput,gradient_tape/inception_v3/conv2d_91/Conv2D/Conv2DBackpropInput,4,182.272,45.568,182.272,45.568,0.0008776662859619657,0.8503744864213459,0.0,0.0
332,Device,Conv2D,inception_v3/conv2d_25/Conv2D,2,182.272,91.136,182.272,91.136,0.0008776662859619657,0.8512521527073079,0.0,0.0
333,Device,ConcatV2,inception_v3/mixed3/concat,6,181.25,30.208333333333332,181.25,30.208333333333332,0.0008727452067822062,0.8521248979140901,0.0,0.0
334,Device,Conv2DBackpropInput,gradient_tape/inception_v3/conv2d_83/Conv2D/Conv2DBackpropInput,4,181.248,45.312,181.248,45.312,0.0008727355764902693,0.8529976334905803,0.0,0.0
335,Device,Conv2D,inception_v3/conv2d_27/Conv2D,2,181.248,90.624,181.248,90.624,0.0008727355764902693,0.8538703690670706,0.0,0.0
336,Device,Conv2DBackpropInput,gradient_tape/inception_v3/conv2d_92/Conv2D/Conv2DBackpropInput,4,180.224,45.056,180.224,45.056,0.0008678048670185728,0.8547381739340891,0.0,0.0
337,Device,Conv2D,inception_v3/conv2d_19/Conv2D,2,180.224,90.112,180.224,90.112,0.0008678048670185728,0.8556059788011077,0.0,0.0
338,Device,Conv2DBackpropInput,gradient_tape/inception_v3/conv2d_6/Conv2D/Conv2DBackpropInput,2,178.176,89.088,178.176,89.088,0.0008579434480751799,0.8564639222491829,0.0,0.0
339,Device,MaxPool,inception_v3/max_pooling2d_2/MaxPool,2,174.08,87.04,174.08,87.04,0.0008382206101883944,0.8573021428593712,0.0,0.0
340,Device,Conv2D,inception_v3/conv2d_20/Conv2D,2,173.057,86.5285,173.057,86.5285,0.0008332947158626663,0.8581354375752339,0.0,0.0
341,Device,Conv2D,inception_v3/conv2d_84/Conv2D,2,173.057,86.5285,173.057,86.5285,0.0008332947158626663,0.8589687322910966,0.0,0.0
342,Device,FusedBatchNormGradV3,gradient_tape/inception_v3/batch_normalization_18/FusedBatchNormGradV3,2,165.888,82.944,165.888,82.944,0.0007987749344148228,0.8597675072255114,0.0,0.0
343,Device,FusedBatchNormGradV3,gradient_tape/inception_v3/batch_normalization_25/FusedBatchNormGradV3,2,165.888,82.944,165.888,82.944,0.0007987749344148228,0.8605662821599263,0.0,0.0
344,Device,Conv2D,inception_v3/conv2d_12/Conv2D,2,164.865,82.4325,164.865,82.4325,0.0007938490400890948,0.8613601312000153,0.0,0.0
345,Device,Conv2D,inception_v3/conv2d_15/Conv2D,2,164.864,82.432,164.864,82.432,0.0007938442249431263,0.8621539754249584,0.0,0.0
346,Device,Conv2D,inception_v3/conv2d_18/Conv2D,2,163.841,81.9205,163.841,81.9205,0.0007889183306173985,0.8629428937555759,0.0,0.0
347,Device,FusedBatchNormGradV3,gradient_tape/inception_v3/batch_normalization_14/FusedBatchNormGradV3,2,162.817,81.4085,162.817,81.4085,0.000783987621145702,0.8637268813767216,0.0,0.0
348,Device,FusedBatchNormGradV3,gradient_tape/inception_v3/batch_normalization_5/FusedBatchNormGradV3,2,162.817,81.4085,162.817,81.4085,0.000783987621145702,0.8645108689978673,0.0,0.0
349,Device,FusedBatchNormGradV3,gradient_tape/inception_v3/batch_normalization_19/FusedBatchNormGradV3,2,162.816,81.408,162.816,81.408,0.0007839828059997336,0.8652948518038671,0.0,0.0
350,Device,FusedBatchNormGradV3,gradient_tape/inception_v3/batch_normalization_15/FusedBatchNormGradV3,2,161.793,80.8965,161.793,80.8965,0.0007790569116740056,0.8660739087155411,0.0,0.0
351,Device,FusedBatchNormGradV3,gradient_tape/inception_v3/batch_normalization_21/FusedBatchNormGradV3,2,161.792,80.896,161.792,80.896,0.0007790520965280371,0.8668529608120692,0.0,0.0
352,Device,FusedBatchNormGradV3,gradient_tape/inception_v3/batch_normalization_22/FusedBatchNormGradV3,2,161.792,80.896,161.792,80.896,0.0007790520965280371,0.8676320129085973,0.0,0.0
353,Device,FusedBatchNormGradV3,gradient_tape/inception_v3/batch_normalization_27/FusedBatchNormGradV3,2,161.792,80.896,161.792,80.896,0.0007790520965280371,0.8684110650051253,0.0,0.0
354,Device,FusedBatchNormGradV3,gradient_tape/inception_v3/batch_normalization_7/FusedBatchNormGradV3,2,161.792,80.896,161.792,80.896,0.0007790520965280371,0.8691901171016534,0.0,0.0
355,Device,FusedBatchNormGradV3,gradient_tape/inception_v3/batch_normalization_8/FusedBatchNormGradV3,2,161.792,80.896,161.792,80.896,0.0007790520965280371,0.8699691691981815,0.0,0.0
356,Device,FusedBatchNormGradV3,gradient_tape/inception_v3/batch_normalization_12/FusedBatchNormGradV3,2,160.769,80.3845,160.769,80.3845,0.0007741262022023091,0.8707432954003838,0.0,0.0
357,Device,Conv2DBackpropFilter,gradient_tape/inception_v3/conv2d_84/Conv2D/Conv2DBackpropFilter,4,159.744,39.936,159.744,39.936,0.0007691906775846442,0.8715124860779684,0.0,0.0
358,Device,Conv2DBackpropInput,gradient_tape/inception_v3/conv2d_11/Conv2D/Conv2DBackpropInput,2,158.721,79.3605,158.721,79.3605,0.0007642647832589162,0.8722767508612272,0.0,0.0
359,Device,Conv2D,inception_v3/conv2d_13/Conv2D,2,155.648,77.824,155.648,77.824,0.0007494678396978584,0.8730262187009251,0.0,0.0
360,Device,ArgMax,ArgMax,2,152.576,76.288,152.576,76.288,0.0007346757112827691,0.8737608944122078,0.0,0.0
361,Device,FusedBatchNormV3,inception_v3/batch_normalization_9/FusedBatchNormV3,4,147.456,36.864,147.456,36.864,0.0007100221639242868,0.8744709165761321,0.0,0.0
362,Device,FusedBatchNormV3,inception_v3/batch_normalization_23/FusedBatchNormV3,4,145.408,36.352,145.408,36.352,0.000700160744980894,0.875171077321113,0.0,0.0
363,Device,AvgPoolGrad,gradient_tape/inception_v3/average_pooling2d_8/AvgPoolGrad,2,143.36,71.68,143.36,71.68,0.0006902993260375013,0.8758613766471505,0.0,0.0
364,Device,FusedBatchNormV3,inception_v3/batch_normalization_16/FusedBatchNormV3,4,143.36,35.84,143.36,35.84,0.0006902993260375013,0.876551675973188,0.0,0.0
365,Device,FusedBatchNormV3,inception_v3/batch_normalization_28/FusedBatchNormV3,4,142.336,35.584,142.336,35.584,0.0006853686165658048,0.8772370445897537,0.0,0.0
366,Device,Conv2D,inception_v3/conv2d_11/Conv2D,2,141.313,70.6565,141.313,70.6565,0.0006804427222400767,0.8779174873119938,0.0,0.0
367,Device,FusedBatchNormV3,inception_v3/batch_normalization_17/FusedBatchNormV3,4,141.312,35.328,141.312,35.328,0.0006804379070941084,0.878597925219088,0.0,0.0
368,Device,FusedBatchNormV3,inception_v3/batch_normalization_10/FusedBatchNormV3,4,140.288,35.072,140.288,35.072,0.0006755071976224119,0.8792734324167104,0.0,0.0
369,Device,FusedBatchNormV3,inception_v3/batch_normalization_24/FusedBatchNormV3,4,140.288,35.072,140.288,35.072,0.0006755071976224119,0.8799489396143328,0.0,0.0
370,Device,Conv2D,inception_v3/conv2d_5/Conv2D,2,139.264,69.632,139.264,69.632,0.0006705764881507155,0.8806195161024836,0.0,0.0
371,Device,ReluGrad,gradient_tape/inception_v3/activation_9/ReluGrad,2,136.192,68.096,136.192,68.096,0.0006557843597356261,0.8812753004622192,0.0,0.0
372,Device,ReluGrad,gradient_tape/inception_v3/activation_10/ReluGrad,2,135.169,67.5845,135.169,67.5845,0.0006508584654098982,0.8819261589276292,0.0,0.0
373,Device,ReluGrad,gradient_tape/inception_v3/activation_16/ReluGrad,2,135.168,67.584,135.168,67.584,0.0006508536502639297,0.8825770125778931,0.0,0.0
374,Device,ReluGrad,gradient_tape/inception_v3/activation_23/ReluGrad,2,134.145,67.0725,134.145,67.0725,0.0006459277559382017,0.8832229403338313,0.0,0.0
375,Device,ReluGrad,gradient_tape/inception_v3/activation_17/ReluGrad,2,134.144,67.072,134.144,67.072,0.0006459229407922332,0.8838688632746236,0.0,0.0
376,Device,ReluGrad,gradient_tape/inception_v3/activation_24/ReluGrad,2,134.144,67.072,134.144,67.072,0.0006459229407922332,0.8845147862154158,0.0,0.0
377,Device,ReluGrad,gradient_tape/inception_v3/activation_28/ReluGrad,2,134.144,67.072,134.144,67.072,0.0006459229407922332,0.885160709156208,0.0,0.0
378,Device,FusedBatchNormGradV3,gradient_tape/inception_v3/batch_normalization_6/FusedBatchNormGradV3,2,134.144,67.072,134.144,67.072,0.0006459229407922332,0.8858066320970003,0.0,0.0
379,Device,FusedBatchNormGradV3,gradient_tape/inception_v3/batch_normalization_13/FusedBatchNormGradV3,2,133.121,66.5605,133.121,66.5605,0.0006409970464665054,0.8864476291434668,0.0,0.0
380,Device,FusedBatchNormGradV3,gradient_tape/inception_v3/batch_normalization_20/FusedBatchNormGradV3,2,133.121,66.5605,133.121,66.5605,0.0006409970464665054,0.8870886261899332,0.0,0.0
381,Device,Conv2D,inception_v3/conv2d_8/Conv2D,2,132.096,66.048,132.096,66.048,0.0006360615218488404,0.887724687711782,0.0,0.0
382,Device,ReluGrad,gradient_tape/inception_v3/activation_26/ReluGrad,2,128.0,64.0,128.0,64.0,0.0006163386839620547,0.8883410263957441,0.0,0.0
383,Device,Conv2DBackpropInput,gradient_tape/inception_v3/conv2d_84/Conv2D/Conv2DBackpropInput,2,128.0,64.0,128.0,64.0,0.0006163386839620547,0.8889573650797061,0.0,0.0
384,Device,AvgPool,inception_v3/average_pooling2d_8/AvgPool,2,128.0,64.0,128.0,64.0,0.0006163386839620547,0.8895737037636682,0.0,0.0
385,Device,AddN,SGD/gradients/AddN_5,2,125.952,62.976,125.952,62.976,0.0006064772650186618,0.8901801810286868,0.0,0.0
386,Device,Conv2D,inception_v3/conv2d_6/Conv2D,2,125.952,62.976,125.952,62.976,0.0006064772650186618,0.8907866582937054,0.0,0.0
387,Device,ArgMax,ArgMax_1,2,118.784,59.392,118.784,59.392,0.0005719622987167867,0.8913586205924222,0.0,0.0
388,Device,MaxPool,inception_v3/max_pooling2d_3/MaxPool,2,111.617,55.8085,111.617,55.8085,0.0005374521475608801,0.8918960727399831,0.0,0.0
389,Device,ConcatV2,inception_v3/mixed10/concat,8,108.545,13.568125,108.545,13.568125,0.0005226600191457908,0.8924187327591289,0.0,0.0
390,Device,ConcatV2,inception_v3/mixed9/concat,8,103.425,12.928125,103.425,12.928125,0.0004980064717873086,0.8929167392309162,0.0,0.0
391,Device,ResourceApplyGradientDescent,SGD/SGD/update_188/ResourceApplyGradientDescent,2,103.424,51.712,103.424,51.712,0.0004980016566413401,0.8934147408875576,0.0,0.0
392,Device,FusedBatchNormGradV3,gradient_tape/inception_v3/batch_normalization_11/FusedBatchNormGradV3,2,103.424,51.712,103.424,51.712,0.0004980016566413401,0.893912742544199,0.0,0.0
393,Device,FusedBatchNormGradV3,gradient_tape/inception_v3/batch_normalization_39/FusedBatchNormGradV3,2,100.352,50.176,100.352,50.176,0.00048320952822625084,0.8943959520724252,0.0,0.0
394,Device,FusedBatchNormGradV3,gradient_tape/inception_v3/batch_normalization_40/FusedBatchNormGradV3,2,100.352,50.176,100.352,50.176,0.00048320952822625084,0.8948791616006514,0.0,0.0
395,Device,FusedBatchNormGradV3,gradient_tape/inception_v3/batch_normalization_48/FusedBatchNormGradV3,2,100.352,50.176,100.352,50.176,0.00048320952822625084,0.8953623711288776,0.0,0.0
396,Device,FusedBatchNormGradV3,gradient_tape/inception_v3/batch_normalization_49/FusedBatchNormGradV3,2,100.352,50.176,100.352,50.176,0.00048320952822625084,0.8958455806571038,0.0,0.0
397,Device,FusedBatchNormGradV3,gradient_tape/inception_v3/batch_normalization_59/FusedBatchNormGradV3,2,100.352,50.176,100.352,50.176,0.00048320952822625084,0.8963287901853301,0.0,0.0
398,Device,FusedBatchNormGradV3,gradient_tape/inception_v3/batch_normalization_61/FusedBatchNormGradV3,2,100.352,50.176,100.352,50.176,0.00048320952822625084,0.8968119997135563,0.0,0.0
399,Device,FusedBatchNormGradV3,gradient_tape/inception_v3/batch_normalization_62/FusedBatchNormGradV3,2,100.352,50.176,100.352,50.176,0.00048320952822625084,0.8972952092417825,0.0,0.0
400,Device,FusedBatchNormGradV3,gradient_tape/inception_v3/batch_normalization_63/FusedBatchNormGradV3,2,100.352,50.176,100.352,50.176,0.00048320952822625084,0.8977784187700087,0.0,0.0
401,Device,FusedBatchNormGradV3,gradient_tape/inception_v3/batch_normalization_68/FusedBatchNormGradV3,2,100.352,50.176,100.352,50.176,0.00048320952822625084,0.898261628298235,0.0,0.0
402,Device,FusedBatchNormGradV3,gradient_tape/inception_v3/batch_normalization_70/FusedBatchNormGradV3,2,100.352,50.176,100.352,50.176,0.00048320952822625084,0.8987448378264612,0.0,0.0
403,Device,Slice,gradient_tape/inception_v3/mixed0/Slice_2,2,100.352,50.176,100.352,50.176,0.00048320952822625084,0.8992280473546874,0.0,0.0
404,Device,FusedBatchNormV3,inception_v3/batch_normalization_15/FusedBatchNormV3,4,100.352,25.088,100.352,25.088,0.00048320952822625084,0.8997112568829136,0.0,0.0
405,Device,FusedBatchNormV3,inception_v3/batch_normalization_21/FusedBatchNormV3,4,100.352,25.088,100.352,25.088,0.00048320952822625084,0.9001944664111399,0.0,0.0
406,Device,FusedBatchNormV3,inception_v3/batch_normalization_22/FusedBatchNormV3,4,100.352,25.088,100.352,25.088,0.00048320952822625084,0.9006776759393661,0.0,0.0
407,Device,FusedBatchNormGradV3,gradient_tape/inception_v3/batch_normalization_60/FusedBatchNormGradV3,2,99.33,49.665,99.33,49.665,0.0004782884490464913,0.9011559643884126,0.0,0.0
408,Device,Slice,gradient_tape/inception_v3/mixed2/Slice_2,2,99.329,49.6645,99.329,49.6645,0.0004782836339005228,0.9016342480223132,0.0,0.0
409,Device,FusedBatchNormGradV3,gradient_tape/inception_v3/batch_normalization_30/FusedBatchNormGradV3,2,99.328,49.664,99.328,49.664,0.0004782788187545544,0.9021125268410677,0.0,0.0
410,Device,FusedBatchNormGradV3,gradient_tape/inception_v3/batch_normalization_38/FusedBatchNormGradV3,2,99.328,49.664,99.328,49.664,0.0004782788187545544,0.9025908056598222,0.0,0.0
411,Device,FusedBatchNormGradV3,gradient_tape/inception_v3/batch_normalization_53/FusedBatchNormGradV3,2,99.328,49.664,99.328,49.664,0.0004782788187545544,0.9030690844785767,0.0,0.0
412,Device,FusedBatchNormGradV3,gradient_tape/inception_v3/batch_normalization_58/FusedBatchNormGradV3,2,99.328,49.664,99.328,49.664,0.0004782788187545544,0.9035473632973312,0.0,0.0
413,Device,FusedBatchNormGradV3,gradient_tape/inception_v3/batch_normalization_69/FusedBatchNormGradV3,2,99.328,49.664,99.328,49.664,0.0004782788187545544,0.9040256421160857,0.0,0.0
414,Device,FusedBatchNormV3,inception_v3/batch_normalization_12/FusedBatchNormV3,4,99.328,24.832,99.328,24.832,0.0004782788187545544,0.9045039209348402,0.0,0.0
415,Device,FusedBatchNormV3,inception_v3/batch_normalization_14/FusedBatchNormV3,4,99.328,24.832,99.328,24.832,0.0004782788187545544,0.9049821997535947,0.0,0.0
416,Device,FusedBatchNormV3,inception_v3/batch_normalization_25/FusedBatchNormV3,4,99.328,24.832,99.328,24.832,0.0004782788187545544,0.9054604785723492,0.0,0.0
417,Device,FusedBatchNormV3,inception_v3/batch_normalization_27/FusedBatchNormV3,4,99.328,24.832,99.328,24.832,0.0004782788187545544,0.9059387573911037,0.0,0.0
418,Device,FusedBatchNormV3,inception_v3/batch_normalization_5/FusedBatchNormV3,4,99.328,24.832,99.328,24.832,0.0004782788187545544,0.9064170362098583,0.0,0.0
419,Device,FusedBatchNormV3,inception_v3/batch_normalization_8/FusedBatchNormV3,4,99.328,24.832,99.328,24.832,0.0004782788187545544,0.9068953150286128,0.0,0.0
420,Device,Slice,gradient_tape/inception_v3/mixed1/Slice_2,2,98.305,49.1525,98.305,49.1525,0.0004733529244288264,0.9073686679530416,0.0,0.0
421,Device,FusedBatchNormGradV3,gradient_tape/inception_v3/batch_normalization_33/FusedBatchNormGradV3,2,98.304,49.152,98.304,49.152,0.00047334810928285795,0.9078420160623245,0.0,0.0
422,Device,FusedBatchNormGradV3,gradient_tape/inception_v3/batch_normalization_43/FusedBatchNormGradV3,2,98.304,49.152,98.304,49.152,0.00047334810928285795,0.9083153641716074,0.0,0.0
423,Device,FusedBatchNormGradV3,gradient_tape/inception_v3/batch_normalization_50/FusedBatchNormGradV3,2,98.304,49.152,98.304,49.152,0.00047334810928285795,0.9087887122808903,0.0,0.0
424,Device,FusedBatchNormGradV3,gradient_tape/inception_v3/batch_normalization_66/FusedBatchNormGradV3,2,98.304,49.152,98.304,49.152,0.00047334810928285795,0.9092620603901732,0.0,0.0
425,Device,FusedBatchNormGradV3,gradient_tape/inception_v3/batch_normalization_67/FusedBatchNormGradV3,2,98.304,49.152,98.304,49.152,0.00047334810928285795,0.9097354084994561,0.0,0.0
426,Device,FusedBatchNormGradV3,gradient_tape/inception_v3/batch_normalization_74/FusedBatchNormGradV3,2,98.304,49.152,98.304,49.152,0.00047334810928285795,0.910208756608739,0.0,0.0
427,Device,FusedBatchNormV3,inception_v3/batch_normalization_18/FusedBatchNormV3,4,98.304,24.576,98.304,24.576,0.00047334810928285795,0.9106821047180219,0.0,0.0
428,Device,FusedBatchNormV3,inception_v3/batch_normalization_7/FusedBatchNormV3,4,98.304,24.576,98.304,24.576,0.00047334810928285795,0.9111554528273048,0.0,0.0
429,Device,FusedBatchNormV3,inception_v3/batch_normalization_19/FusedBatchNormV3,4,96.256,24.064,96.256,24.064,0.0004634866903394651,0.9116189395176443,0.0,0.0
430,Device,AvgPoolGrad,gradient_tape/inception_v3/average_pooling2d_7/AvgPoolGrad,2,93.184,46.592,93.184,46.592,0.00044869456192437576,0.9120676340795687,0.0,0.0
431,Device,FusedBatchNormGradV3,gradient_tape/inception_v3/batch_normalization_65/FusedBatchNormGradV3,2,93.184,46.592,93.184,46.592,0.00044869456192437576,0.9125163286414931,0.0,0.0
432,Device,FusedBatchNormV3,inception_v3/batch_normalization_26/FusedBatchNormV3,4,93.184,23.296,93.184,23.296,0.00044869456192437576,0.9129650232034175,0.0,0.0
433,Device,ReluGrad,gradient_tape/inception_v3/activation_18/ReluGrad,2,92.16,46.08,92.16,46.08,0.0004437638524526793,0.9134087870558703,0.0,0.0
434,Device,FusedBatchNormGradV3,gradient_tape/inception_v3/batch_normalization_64/FusedBatchNormGradV3,2,92.16,46.08,92.16,46.08,0.0004437638524526793,0.913852550908323,0.0,0.0
435,Device,FusedBatchNormGradV3,gradient_tape/inception_v3/batch_normalization_72/FusedBatchNormGradV3,2,92.16,46.08,92.16,46.08,0.0004437638524526793,0.9142963147607757,0.0,0.0
436,Device,FusedBatchNormGradV3,gradient_tape/inception_v3/batch_normalization_73/FusedBatchNormGradV3,2,92.16,46.08,92.16,46.08,0.0004437638524526793,0.9147400786132284,0.0,0.0
437,Device,ReluGrad,gradient_tape/inception_v3/activation_25/ReluGrad,2,91.137,45.5685,91.137,45.5685,0.00043883795812695134,0.9151789165713553,0.0,0.0
438,Device,ReluGrad,gradient_tape/inception_v3/activation_14/ReluGrad,2,91.136,45.568,91.136,45.568,0.00043883314298098287,0.9156177497143363,0.0,0.0
439,Device,ReluGrad,gradient_tape/inception_v3/activation_19/ReluGrad,2,91.136,45.568,91.136,45.568,0.00043883314298098287,0.9160565828573173,0.0,0.0
440,Device,ReluGrad,gradient_tape/inception_v3/activation_5/ReluGrad,2,91.136,45.568,91.136,45.568,0.00043883314298098287,0.9164954160002983,0.0,0.0
441,Device,ReluGrad,gradient_tape/inception_v3/activation_12/ReluGrad,2,90.112,45.056,90.112,45.056,0.0004339024335092864,0.9169293184338075,0.0,0.0
442,Device,ReluGrad,gradient_tape/inception_v3/activation_7/ReluGrad,2,90.112,45.056,90.112,45.056,0.0004339024335092864,0.9173632208673168,0.0,0.0
443,Device,Relu,inception_v3/activation_10/Relu,2,90.112,45.056,90.112,45.056,0.0004339024335092864,0.9177971233008261,0.0,0.0
444,Device,ReluGrad,gradient_tape/inception_v3/activation_21/ReluGrad,2,89.088,44.544,89.088,44.544,0.00042897172403758997,0.9182260950248636,0.0,0.0
445,Device,Relu,inception_v3/activation_16/Relu,2,89.088,44.544,89.088,44.544,0.00042897172403758997,0.9186550667489012,0.0,0.0
446,Device,Relu,inception_v3/activation_17/Relu,2,89.088,44.544,89.088,44.544,0.00042897172403758997,0.9190840384729387,0.0,0.0
447,Device,Relu,inception_v3/activation_23/Relu,2,89.088,44.544,89.088,44.544,0.00042897172403758997,0.9195130101969763,0.0,0.0
448,Device,Relu,inception_v3/activation_24/Relu,2,89.088,44.544,89.088,44.544,0.00042897172403758997,0.9199419819210138,0.0,0.0
449,Device,Slice,gradient_tape/inception_v3/mixed3/Slice,2,88.064,44.032,88.064,44.032,0.0004240410145658936,0.9203660229355798,0.0,0.0
450,Device,Relu,inception_v3/activation_28/Relu,2,88.064,44.032,88.064,44.032,0.0004240410145658936,0.9207900639501457,0.0,0.0
451,Device,Relu,inception_v3/activation_9/Relu,2,88.064,44.032,88.064,44.032,0.0004240410145658936,0.9212141049647117,0.0,0.0
452,Device,ResourceApplyGradientDescent,SGD/SGD/update_155/ResourceApplyGradientDescent,2,83.968,41.984,83.968,41.984,0.00040431817667910784,0.9216184231413908,0.0,0.0
453,Device,ResourceApplyGradientDescent,SGD/SGD/update_173/ResourceApplyGradientDescent,2,83.968,41.984,83.968,41.984,0.00040431817667910784,0.9220227413180698,0.0,0.0
454,Device,ReluGrad,gradient_tape/inception_v3/activation_15/ReluGrad,2,83.968,41.984,83.968,41.984,0.00040431817667910784,0.9224270594947489,0.0,0.0
455,Device,ReluGrad,gradient_tape/inception_v3/activation_22/ReluGrad,2,83.968,41.984,83.968,41.984,0.00040431817667910784,0.922831377671428,0.0,0.0
456,Device,Relu,inception_v3/activation_26/Relu,2,82.944,41.472,82.944,41.472,0.0003993874672074114,0.9232307651386353,0.0,0.0
457,Device,ReluGrad,gradient_tape/inception_v3/activation_27/ReluGrad,2,81.92,40.96,81.92,40.96,0.000394456757735715,0.9236252218963711,0.0,0.0
458,Device,ReluGrad,gradient_tape/inception_v3/activation_8/ReluGrad,2,81.92,40.96,81.92,40.96,0.000394456757735715,0.9240196786541068,0.0,0.0
459,Device,FusedBatchNormV3,inception_v3/batch_normalization_13/FusedBatchNormV3,4,80.897,20.22425,80.897,20.22425,0.000389530863409987,0.9244092095175168,0.0,0.0
460,Device,Transpose,inception_v3/mixed10/concat-0-0-TransposeNCHWToNHWC-LayoutOptimizer,2,80.896,40.448,80.896,40.448,0.00038952604826401855,0.9247987355657808,0.0,0.0
461,Device,FusedBatchNormGradV3,gradient_tape/inception_v3/batch_normalization_41/FusedBatchNormGradV3,2,79.872,39.936,79.872,39.936,0.0003845953387923221,0.9251833309045732,0.0,0.0
462,Device,FusedBatchNormGradV3,gradient_tape/inception_v3/batch_normalization_42/FusedBatchNormGradV3,2,79.872,39.936,79.872,39.936,0.0003845953387923221,0.9255679262433655,0.0,0.0
463,Device,FusedBatchNormGradV3,gradient_tape/inception_v3/batch_normalization_56/FusedBatchNormGradV3,2,79.872,39.936,79.872,39.936,0.0003845953387923221,0.9259525215821578,0.0,0.0
464,Device,FusedBatchNormV3,inception_v3/batch_normalization_6/FusedBatchNormV3,4,78.849,19.71225,78.849,19.71225,0.00037966944446659413,0.9263321910266243,0.0,0.0
465,Device,FusedBatchNormGradV3,gradient_tape/inception_v3/batch_normalization_51/FusedBatchNormGradV3,2,78.848,39.424,78.848,39.424,0.00037966462932062566,0.9267118556559449,0.0,0.0
466,Device,FusedBatchNormGradV3,gradient_tape/inception_v3/batch_normalization_52/FusedBatchNormGradV3,2,78.848,39.424,78.848,39.424,0.00037966462932062566,0.9270915202852655,0.0,0.0
467,Device,FusedBatchNormV3,inception_v3/batch_normalization_20/FusedBatchNormV3,4,78.848,19.712,78.848,19.712,0.00037966462932062566,0.9274711849145861,0.0,0.0
468,Device,FusedBatchNormGradV3,gradient_tape/inception_v3/batch_normalization_46/FusedBatchNormGradV3,2,77.824,38.912,77.824,38.912,0.0003747339198489292,0.927845918834435,0.0,0.0
469,Device,FusedBatchNormGradV3,gradient_tape/inception_v3/batch_normalization_47/FusedBatchNormGradV3,2,77.824,38.912,77.824,38.912,0.0003747339198489292,0.9282206527542839,0.0,0.0
470,Device,FusedBatchNormGradV3,gradient_tape/inception_v3/batch_normalization_57/FusedBatchNormGradV3,2,77.824,38.912,77.824,38.912,0.0003747339198489292,0.9285953866741328,0.0,0.0
471,Device,RealDiv,gradient_tape/inception_v3/avg_pool/truediv,2,75.776,37.888,75.776,37.888,0.0003648725009055363,0.9289602591750383,0.0,0.0
472,Device,AvgPool,inception_v3/average_pooling2d_7/AvgPool,2,74.752,37.376,74.752,37.376,0.00035994179143383987,0.9293202009664722,0.0,0.0
473,Device,ReluGrad,gradient_tape/inception_v3/activation_13/ReluGrad,2,69.632,34.816,69.632,34.816,0.00033528824407535774,0.9296554892105475,0.0,0.0
474,Device,ReluGrad,gradient_tape/inception_v3/activation_20/ReluGrad,2,69.632,34.816,69.632,34.816,0.00033528824407535774,0.9299907774546229,0.0,0.0
475,Device,FusedBatchNormGradV3,gradient_tape/inception_v3/batch_normalization_55/FusedBatchNormGradV3,2,69.632,34.816,69.632,34.816,0.00033528824407535774,0.9303260656986982,0.0,0.0
476,Device,Slice,gradient_tape/inception_v3/mixed3/Slice_2,2,69.632,34.816,69.632,34.816,0.00033528824407535774,0.9306613539427736,0.0,0.0
477,Device,ReluGrad,gradient_tape/inception_v3/activation_6/ReluGrad,2,68.608,34.304,68.608,34.304,0.0003303575346036613,0.9309917114773772,0.0,0.0
478,Device,FusedBatchNormGradV3,gradient_tape/inception_v3/batch_normalization_45/FusedBatchNormGradV3,2,68.608,34.304,68.608,34.304,0.0003303575346036613,0.9313220690119809,0.0,0.0
479,Device,Slice,gradient_tape/inception_v3/mixed2/Slice,2,68.608,34.304,68.608,34.304,0.0003303575346036613,0.9316524265465845,0.0,0.0
480,Device,Slice,gradient_tape/inception_v3/mixed2/Slice_1,2,68.608,34.304,68.608,34.304,0.0003303575346036613,0.9319827840811882,0.0,0.0
481,Device,Slice,gradient_tape/inception_v3/mixed1/Slice,2,67.585,33.7925,67.585,33.7925,0.00032543164027793326,0.9323082157214662,0.0,0.0
482,Device,FusedBatchNormGradV3,gradient_tape/inception_v3/batch_normalization_44/FusedBatchNormGradV3,2,67.584,33.792,67.584,33.792,0.00032542682513196484,0.9326336425465981,0.0,0.0
483,Device,FusedBatchNormGradV3,gradient_tape/inception_v3/batch_normalization_54/FusedBatchNormGradV3,2,67.584,33.792,67.584,33.792,0.00032542682513196484,0.93295906937173,0.0,0.0
484,Device,Slice,gradient_tape/inception_v3/mixed0/Slice_1,2,67.584,33.792,67.584,33.792,0.00032542682513196484,0.9332844961968619,0.0,0.0
485,Device,ReluGrad,gradient_tape/inception_v3/activation_69/ReluGrad,2,66.56,33.28,66.56,33.28,0.0003204961156602684,0.9336049923125223,0.0,0.0
486,Device,Slice,gradient_tape/inception_v3/mixed0/Slice,2,66.56,33.28,66.56,33.28,0.0003204961156602684,0.9339254884281826,0.0,0.0
487,Device,Slice,gradient_tape/inception_v3/mixed1/Slice_1,2,66.56,33.28,66.56,33.28,0.0003204961156602684,0.9342459845438429,0.0,0.0
488,Device,ReluGrad,gradient_tape/inception_v3/activation_49/ReluGrad,2,65.538,32.769,65.538,32.769,0.00031557503648050884,0.9345615595803234,0.0,0.0
489,Device,ReluGrad,gradient_tape/inception_v3/activation_67/ReluGrad,2,65.538,32.769,65.538,32.769,0.00031557503648050884,0.9348771346168039,0.0,0.0
490,Device,ReluGrad,gradient_tape/inception_v3/activation_30/ReluGrad,2,65.536,32.768,65.536,32.768,0.000315565406188572,0.9351927000229925,0.0,0.0
491,Device,ReluGrad,gradient_tape/inception_v3/activation_38/ReluGrad,2,65.536,32.768,65.536,32.768,0.000315565406188572,0.9355082654291811,0.0,0.0
492,Device,ReluGrad,gradient_tape/inception_v3/activation_62/ReluGrad,2,65.536,32.768,65.536,32.768,0.000315565406188572,0.9358238308353697,0.0,0.0
493,Device,Slice,gradient_tape/inception_v3/mixed2/Slice_3,2,65.536,32.768,65.536,32.768,0.000315565406188572,0.9361393962415583,0.0,0.0
494,Device,ReluGrad,gradient_tape/inception_v3/activation_53/ReluGrad,2,64.514,32.257,64.514,32.257,0.00031064432700881245,0.9364500405685671,0.0,0.0
495,Device,ReluGrad,gradient_tape/inception_v3/activation_73/ReluGrad,2,64.513,32.2565,64.513,32.2565,0.000310639511862844,0.9367606800804299,0.0,0.0
496,Device,ReluGrad,gradient_tape/inception_v3/activation_43/ReluGrad,2,64.512,32.256,64.512,32.256,0.00031063469671687555,0.9370713147771468,0.0,0.0
497,Device,ReluGrad,gradient_tape/inception_v3/activation_48/ReluGrad,2,64.512,32.256,64.512,32.256,0.00031063469671687555,0.9373819494738637,0.0,0.0
498,Device,ReluGrad,gradient_tape/inception_v3/activation_50/ReluGrad,2,64.512,32.256,64.512,32.256,0.00031063469671687555,0.9376925841705805,0.0,0.0
499,Device,ReluGrad,gradient_tape/inception_v3/activation_59/ReluGrad,2,64.512,32.256,64.512,32.256,0.00031063469671687555,0.9380032188672974,0.0,0.0
500,Device,ReluGrad,gradient_tape/inception_v3/activation_61/ReluGrad,2,64.512,32.256,64.512,32.256,0.00031063469671687555,0.9383138535640143,0.0,0.0
501,Host,IDLE,IDLE,0,731275.081,0.0,731275.081,0.0,0.0,0.0,0.9861034864046796,0.9861034864046796
502,Host,GatherV2,GatherV2,2,9847.029,4923.5145,9847.029,4923.5145,0.0,0.0,0.013278436363987064,0.9993819227686667
503,Host,Dataset,Iterator::Root::ParallelMapV2,2,72.51,36.255,72.51,36.255,0.0,0.0,9.777765666707207e-05,0.9994797004253337
504,Host,GatherV2,GatherV2_1,2,71.42,35.71,71.42,35.71,0.0,0.0,9.630782290942335e-05,0.9995760082482431
505,Host,Dataset,Iterator::Root::ParallelMapV2::Zip[1]::ForeverRepeat,2,56.411,28.2055,51.791,25.8955,0.0,0.0,6.983867902971079e-05,0.9996458469272729
506,Host,FlushSummaryWriter,FlushSummaryWriter,1,49.52,49.52,49.52,49.52,0.0,0.0,6.677630062271975e-05,0.9997126232278956
507,Host,IteratorGetNext,IteratorGetNext,2,46.841,23.4205,46.841,23.4205,0.0,0.0,6.31637459101134e-05,0.9997757869738056
508,Host,LogicalAnd,LogicalAnd,1,33.44,33.44,33.44,33.44,0.0,0.0,4.509288151905792e-05,0.9998208798553248
509,Host,Dataset,Iterator::Root,2,105.62,52.81,33.11,16.555,0.0,0.0,4.464788597775143e-05,0.9998655277413026
510,Host,Dataset,Iterator::Root::ParallelMapV2::Zip[0]::FlatMap[1]::Concatenate[0]::TensorSlice,2,23.161,11.5805,23.161,11.5805,0.0,0.0,3.1231944643029326e-05,0.9998967596859456
511,Host,WriteSummary,WriteSummary,1,20.281,20.281,20.281,20.281,0.0,0.0,2.7348347191627203e-05,0.9999241080331372
512,Host,Dataset,Iterator::Root::ParallelMapV2::Zip[0]::FlatMap[1]::Concatenate,2,39.281,19.6405,16.12,8.06,0.0,0.0,2.173735795715352e-05,0.9999458453910944
513,Host,Dataset,Iterator::Root::ParallelMapV2::Zip,2,107.942,53.971,8.53,4.265,0.0,0.0,1.1502460507104188e-05,0.9999573478516015
514,Host,ReadVariableOp,ReadVariableOp,1,7.35,7.35,7.35,7.35,0.0,0.0,9.911264329099154e-06,0.9999672591159307
515,Host,_Send,IteratorGetNext/_3,2,6.09,3.045,6.09,3.045,0.0,0.0,8.212190444110728e-06,0.9999754713063748
516,Host,Dataset,Iterator::Root::ParallelMapV2::Zip[1]::ForeverRepeat::FromTensor,4,4.62,1.155,4.62,1.155,0.0,0.0,6.229937578290897e-06,0.999981701243953
517,Host,_HostSend,categorical_crossentropy/softmax_cross_entropy_with_logits/Shape_2/_9,2,3.81,1.905,3.81,1.905,0.0,0.0,5.1376757950840514e-06,0.9999868389197482
518,Host,Dataset,Iterator::Root::ParallelMapV2::Zip[0]::FlatMap,2,43.001,21.5005,3.72,1.86,0.0,0.0,5.016313374727735e-06,0.9999918552331228
519,Host,Identity,Identity,2,2.65,1.325,2.65,1.325,0.0,0.0,3.573449043824865e-06,0.9999954286821666
520,Host,_Send,IteratorGetNext/_6,2,1.82,0.91,1.82,0.91,0.0,0.0,2.4542178338721716e-06,0.9999978829000005
521,Host,_Send,IteratorGetNext/_1,2,1.57,0.785,1.57,0.785,0.0,0.0,2.117099999549071e-06,1.0
