Rank,Host/device,Type,Operation,#Occurrences,Total time (us),Avg. time (us),Total self-time (us),Avg. self-time (us),Total self-time on Device (%),Cumulative total-self time on Device (%),Total self-time on Host (%),Cumulative total-self time on Host (%)
1,Device,IDLE,IDLE,0,7057.902,0.0,7057.902,0.0,0.8314229462961408,0.8314229462961408,0.0,0.0
2,Device,_Send,IteratorGetNext/_1,2,242.049,121.0245,242.049,121.0245,0.028513443899906035,0.8599363901960468,0.0,0.0
3,Device,Conv2DBackpropFilter,gradient_tape/sequential/conv2d/Conv2D/Conv2DBackpropFilter,4,175.104,43.776,175.104,43.776,0.020627303069416302,0.8805636932654631,0.0,0.0
4,Device,_FusedConv2D,sequential/conv2d/Relu,2,119.808,59.904,119.808,59.904,0.014113417889600627,0.8946771111550638,0.0,0.0
5,Device,SoftmaxCrossEntropyWithLogits,categorical_crossentropy/softmax_cross_entropy_with_logits,2,94.208,47.104,94.208,47.104,0.011097730306352629,0.9057748414614164,0.0,0.0
6,Device,Conv2DBackpropFilter,gradient_tape/sequential/conv2d_1/Conv2D/Conv2DBackpropFilter,4,84.992,21.248,84.992,21.248,0.01001208277638335,0.9157869242377997,0.0,0.0
7,Device,Conv2DBackpropInput,gradient_tape/sequential/conv2d_1/Conv2D/Conv2DBackpropInput,2,71.68,35.84,71.68,35.84,0.008443925233094392,0.9242308494708941,0.0,0.0
8,Device,_FusedConv2D,sequential/conv2d_1/Relu,2,47.104,23.552,47.104,23.552,0.0055488651531763146,0.9297797146240704,0.0,0.0
9,Device,Transpose,gradient_tape/sequential/conv2d/Conv2D/Conv2DBackpropFilter-0-TransposeNHWCToNCHW-LayoutOptimizer,2,28.672,14.336,28.672,14.336,0.003377570093237757,0.9331572847173082,0.0,0.0
10,Device,BiasAddGrad,gradient_tape/sequential/conv2d/BiasAdd/BiasAddGrad,2,27.648,13.824,27.648,13.824,0.0032569425899078366,0.936414227307216,0.0,0.0
11,Device,MaxPoolGrad,gradient_tape/sequential/max_pooling2d/MaxPool/MaxPoolGrad,2,26.624,13.312,26.624,13.312,0.003136315086577917,0.939550542393794,0.0,0.0
12,Device,MatMul,sequential/dense/MatMul,2,23.552,11.776,23.552,11.776,0.0027744325765881573,0.9423249749703821,0.0,0.0
13,Device,MatMul,sequential/dense_1/MatMul,2,23.552,11.776,23.552,11.776,0.0027744325765881573,0.9450994075469703,0.0,0.0
14,Device,Softmax,sequential/dense_2/Softmax,2,20.48,10.24,20.48,10.24,0.0024125500665983977,0.9475119576135687,0.0,0.0
15,Device,MaxPoolGrad,gradient_tape/sequential/max_pooling2d_1/MaxPool/MaxPoolGrad,2,17.408,8.704,17.408,8.704,0.002050667556608638,0.9495626251701773,0.0,0.0
16,Device,MatMul,gradient_tape/sequential/dense/MatMul/MatMul_1,2,15.36,7.68,15.36,7.68,0.0018094125499487981,0.9513720377201261,0.0,0.0
17,Device,MatMul,gradient_tape/sequential/dense_1/MatMul/MatMul,2,14.336,7.168,14.336,7.168,0.0016887850466188784,0.953060822766745,0.0,0.0
18,Device,MatMul,gradient_tape/sequential/dense_1/MatMul/MatMul_1,2,14.336,7.168,14.336,7.168,0.0016887850466188784,0.9547496078133638,0.0,0.0
19,Device,MatMul,gradient_tape/sequential/dense_2/MatMul/MatMul_1,2,14.336,7.168,14.336,7.168,0.0016887850466188784,0.9564383928599827,0.0,0.0
20,Device,MatMul,sequential/dense_2/MatMul,2,14.336,7.168,14.336,7.168,0.0016887850466188784,0.9581271779066015,0.0,0.0
21,Device,MatMul,gradient_tape/sequential/dense/MatMul/MatMul,2,12.288,6.144,12.288,6.144,0.0014475300399590387,0.9595747079465605,0.0,0.0
22,Device,BiasAddGrad,gradient_tape/sequential/dense_2/BiasAdd/BiasAddGrad,2,12.288,6.144,12.288,6.144,0.0014475300399590387,0.9610222379865195,0.0,0.0
23,Device,MaxPool,sequential/max_pooling2d/MaxPool,2,12.288,6.144,12.288,6.144,0.0014475300399590387,0.9624697680264785,0.0,0.0
24,Device,ArgMax,ArgMax,2,11.264,5.632,11.264,5.632,0.0013269025366291186,0.9637966705631077,0.0,0.0
25,Device,ReluGrad,gradient_tape/sequential/conv2d/ReluGrad,2,11.264,5.632,11.264,5.632,0.0013269025366291186,0.9651235730997368,0.0,0.0
26,Device,BiasAddGrad,gradient_tape/sequential/conv2d_1/BiasAdd/BiasAddGrad,2,10.24,5.12,10.24,5.12,0.0012062750332991988,0.966329848133036,0.0,0.0
27,Device,MatMul,gradient_tape/sequential/dense_2/MatMul/MatMul,2,10.24,5.12,10.24,5.12,0.0012062750332991988,0.9675361231663352,0.0,0.0
28,Device,MaxPool,sequential/max_pooling2d_1/MaxPool,2,8.192,4.096,8.192,4.096,0.000965020026639359,0.9685011431929745,0.0,0.0
29,Device,Transpose,sequential/max_pooling2d_1/MaxPool-0-2-TransposeNCHWToNHWC-LayoutOptimizer,2,8.192,4.096,8.192,4.096,0.000965020026639359,0.9694661632196139,0.0,0.0
30,Device,ArgMax,ArgMax_1,2,7.168,3.584,7.168,3.584,0.0008443925233094392,0.9703105557429234,0.0,0.0
31,Device,ResourceApplyGradientDescent,SGD/SGD/update/ResourceApplyGradientDescent,2,7.168,3.584,7.168,3.584,0.0008443925233094392,0.9711549482662328,0.0,0.0
32,Device,ResourceApplyGradientDescent,SGD/SGD/update_2/ResourceApplyGradientDescent,2,7.168,3.584,7.168,3.584,0.0008443925233094392,0.9719993407895423,0.0,0.0
33,Device,ResourceApplyGradientDescent,SGD/SGD/update_4/ResourceApplyGradientDescent,2,7.168,3.584,7.168,3.584,0.0008443925233094392,0.9728437333128518,0.0,0.0
34,Device,BiasAddGrad,gradient_tape/sequential/dense_1/BiasAdd/BiasAddGrad,2,7.168,3.584,7.168,3.584,0.0008443925233094392,0.9736881258361613,0.0,0.0
35,Device,Transpose,gradient_tape/sequential/max_pooling2d_1/MaxPool/MaxPoolGrad-2-TransposeNHWCToNCHW-LayoutOptimizer,2,7.168,3.584,7.168,3.584,0.0008443925233094392,0.9745325183594707,0.0,0.0
36,Device,AssignAddVariableOp,AssignAddVariableOp_1,2,6.144,3.072,6.144,3.072,0.0007237650199795194,0.9752562833794503,0.0,0.0
37,Device,AssignAddVariableOp,AssignAddVariableOp_2,2,6.144,3.072,6.144,3.072,0.0007237650199795194,0.9759800483994298,0.0,0.0
38,Device,AssignAddVariableOp,AssignAddVariableOp_3,2,6.144,3.072,6.144,3.072,0.0007237650199795194,0.9767038134194093,0.0,0.0
39,Device,AssignAddVariableOp,AssignAddVariableOp_4,2,6.144,3.072,6.144,3.072,0.0007237650199795194,0.9774275784393888,0.0,0.0
40,Device,Cast,Cast,2,6.144,3.072,6.144,3.072,0.0007237650199795194,0.9781513434593683,0.0,0.0
41,Device,Cast,Cast_1,2,6.144,3.072,6.144,3.072,0.0007237650199795194,0.9788751084793478,0.0,0.0
42,Device,Cast,Cast_2,2,6.144,3.072,6.144,3.072,0.0007237650199795194,0.9795988734993273,0.0,0.0
43,Device,Equal,Equal,2,6.144,3.072,6.144,3.072,0.0007237650199795194,0.9803226385193068,0.0,0.0
44,Device,AssignAddVariableOp,SGD/SGD/AssignAddVariableOp,2,6.144,3.072,6.144,3.072,0.0007237650199795194,0.9810464035392863,0.0,0.0
45,Device,ResourceApplyGradientDescent,SGD/SGD/update_1/ResourceApplyGradientDescent,2,6.144,3.072,6.144,3.072,0.0007237650199795194,0.9817701685592658,0.0,0.0
46,Device,ResourceApplyGradientDescent,SGD/SGD/update_3/ResourceApplyGradientDescent,2,6.144,3.072,6.144,3.072,0.0007237650199795194,0.9824939335792453,0.0,0.0
47,Device,ResourceApplyGradientDescent,SGD/SGD/update_5/ResourceApplyGradientDescent,2,6.144,3.072,6.144,3.072,0.0007237650199795194,0.9832176985992248,0.0,0.0
48,Device,ResourceApplyGradientDescent,SGD/SGD/update_6/ResourceApplyGradientDescent,2,6.144,3.072,6.144,3.072,0.0007237650199795194,0.9839414636192043,0.0,0.0
49,Device,ResourceApplyGradientDescent,SGD/SGD/update_8/ResourceApplyGradientDescent,2,6.144,3.072,6.144,3.072,0.0007237650199795194,0.9846652286391838,0.0,0.0
50,Device,ResourceApplyGradientDescent,SGD/SGD/update_9/ResourceApplyGradientDescent,2,6.144,3.072,6.144,3.072,0.0007237650199795194,0.9853889936591633,0.0,0.0
51,Device,DivNoNan,div_no_nan_1,2,6.144,3.072,6.144,3.072,0.0007237650199795194,0.9861127586791428,0.0,0.0
52,Device,Mul,gradient_tape/categorical_crossentropy/softmax_cross_entropy_with_logits/mul,2,6.144,3.072,6.144,3.072,0.0007237650199795194,0.9868365236991223,0.0,0.0
53,Device,DivNoNan,gradient_tape/categorical_crossentropy/weighted_loss/value/div_no_nan,2,6.144,3.072,6.144,3.072,0.0007237650199795194,0.9875602887191018,0.0,0.0
54,Device,ReluGrad,gradient_tape/sequential/conv2d_1/ReluGrad,2,6.144,3.072,6.144,3.072,0.0007237650199795194,0.9882840537390813,0.0,0.0
55,Device,BiasAddGrad,gradient_tape/sequential/dense/BiasAdd/BiasAddGrad,2,6.144,3.072,6.144,3.072,0.0007237650199795194,0.9890078187590609,0.0,0.0
56,Device,ReluGrad,gradient_tape/sequential/dense_1/ReluGrad,2,6.144,3.072,6.144,3.072,0.0007237650199795194,0.9897315837790404,0.0,0.0
57,Device,BiasAdd,sequential/dense/BiasAdd,2,6.144,3.072,6.144,3.072,0.0007237650199795194,0.9904553487990199,0.0,0.0
58,Device,BiasAdd,sequential/dense_1/BiasAdd,2,6.144,3.072,6.144,3.072,0.0007237650199795194,0.9911791138189994,0.0,0.0
59,Device,AssignAddVariableOp,AssignAddVariableOp,2,5.12,2.56,5.12,2.56,0.0006031375166495994,0.991782251335649,0.0,0.0
60,Device,Mul,Mul,2,5.12,2.56,5.12,2.56,0.0006031375166495994,0.9923853888522987,0.0,0.0
61,Device,Sum,categorical_crossentropy/weighted_loss/Sum,2,5.12,2.56,5.12,2.56,0.0006031375166495994,0.9929885263689483,0.0,0.0
62,Device,Cast,categorical_crossentropy/weighted_loss/num_elements/Cast,2,5.12,2.56,5.12,2.56,0.0006031375166495994,0.9935916638855979,0.0,0.0
63,Device,DivNoNan,categorical_crossentropy/weighted_loss/value,2,5.12,2.56,5.12,2.56,0.0006031375166495994,0.9941948014022476,0.0,0.0
64,Device,DivNoNan,div_no_nan,2,5.12,2.56,5.12,2.56,0.0006031375166495994,0.9947979389188972,0.0,0.0
65,Device,Relu,sequential/dense/Relu,2,5.12,2.56,5.12,2.56,0.0006031375166495994,0.9954010764355469,0.0,0.0
66,Device,BiasAdd,sequential/dense_2/BiasAdd,2,5.12,2.56,5.12,2.56,0.0006031375166495994,0.9960042139521965,0.0,0.0
67,Device,ResourceApplyGradientDescent,SGD/SGD/update_7/ResourceApplyGradientDescent,2,4.096,2.048,4.096,2.048,0.0004825100133196795,0.9964867239655162,0.0,0.0
68,Device,Sum,Sum_2,2,4.096,2.048,4.096,2.048,0.0004825100133196795,0.9969692339788359,0.0,0.0
69,Device,Tile,gradient_tape/categorical_crossentropy/weighted_loss/Tile_1,2,4.096,2.048,4.096,2.048,0.0004825100133196795,0.9974517439921555,0.0,0.0
70,Device,ReluGrad,gradient_tape/sequential/dense/ReluGrad,2,4.096,2.048,4.096,2.048,0.0004825100133196795,0.9979342540054752,0.0,0.0
71,Device,Relu,sequential/dense_1/Relu,2,4.096,2.048,4.096,2.048,0.0004825100133196795,0.9984167640187949,0.0,0.0
72,Device,_Recv,categorical_crossentropy/weighted_loss/num_elements/_14,2,3.136,1.568,3.136,1.568,0.00036942172894787964,0.9987861857477427,0.0,0.0
73,Device,_Recv,strided_slice/_12,2,3.136,1.568,3.136,1.568,0.00036942172894787964,0.9991556074766905,0.0,0.0
74,Device,_Send,IteratorGetNext/_3,2,3.072,1.536,3.072,1.536,0.0003618825099897597,0.9995174899866803,0.0,0.0
75,Device,LogicalAnd,LogicalAnd,1,2.048,2.048,2.048,2.048,0.00024125500665983976,0.9997587449933402,0.0,0.0
76,Device,_Recv,Size/_16,2,2.048,1.024,2.048,1.024,0.00024125500665983976,1.0,0.0,0.0
77,Host,IDLE,IDLE,0,40448.454,0.0,40448.454,0.0,0.0,0.0,0.9559277085893895,0.9559277085893895
78,Host,_Send,IteratorGetNext/_1,2,801.579,400.7895,801.579,400.7895,0.0,0.0,0.01894390269460915,0.9748716112839986
79,Host,GatherV2,GatherV2,2,451.115,225.5575,451.115,225.5575,0.0,0.0,0.01066130557821326,0.9855329168622118
80,Host,_Send,IteratorGetNext/_3,2,164.532,82.266,164.532,82.266,0.0,0.0,0.0038884229728441398,0.9894213398350559
81,Host,_Send,IteratorGetNext/_6,2,81.292,40.646,81.292,40.646,0.0,0.0,0.0019211927181851907,0.991342532553241
82,Host,Dataset,Iterator::Root::ParallelMapV2::Zip[1]::ForeverRepeat,2,49.76,24.88,45.83,22.915,0.0,0.0,0.0010831110352116727,0.9924256435884526
83,Host,Dataset,Iterator::Root::ParallelMapV2,2,44.92,22.46,44.92,22.46,0.0,0.0,0.001061604793840461,0.9934872483822931
84,Host,FlushSummaryWriter,FlushSummaryWriter,1,37.541,37.541,37.541,37.541,0.0,0.0,0.0008872151728754397,0.9943744635551686
85,Host,GatherV2,GatherV2_1,2,35.611,17.8055,35.611,17.8055,0.0,0.0,0.0008416030345826504,0.9952160665897513
86,Host,IteratorGetNext,IteratorGetNext,2,31.19,15.595,31.19,15.595,0.0,0.0,0.0007371205146902045,0.9959531871044415
87,Host,LogicalAnd,LogicalAnd,1,29.981,29.981,29.981,29.981,0.0,0.0,0.0007085479368684521,0.99666173504131
88,Host,Dataset,Iterator::Root,2,72.62,36.31,27.7,13.85,0.0,0.0,0.0006546405340467669,0.9973163755753567
89,Host,Dataset,Iterator::Root::ParallelMapV2::Zip[0]::FlatMap[1]::Concatenate,2,45.081,22.5405,24.62,12.31,0.0,0.0,0.0005818501786365128,0.9978982257539932
90,Host,_HostSend,categorical_crossentropy/softmax_cross_entropy_with_logits/Shape_2/_9,2,22.59,11.295,22.59,11.295,0.0,0.0,0.0005338747171161179,0.9984321004711093
91,Host,WriteSummary,WriteSummary,1,21.221,21.221,21.221,21.221,0.0,0.0,0.0005015208221301965,0.9989336212932395
92,Host,Dataset,Iterator::Root::ParallelMapV2::Zip[0]::FlatMap[1]::Concatenate[0]::TensorSlice,2,20.461,10.2305,20.461,10.2305,0.0,0.0,0.00048355956560039345,0.9994171808588399
93,Host,Dataset,Iterator::Root::ParallelMapV2::Zip,2,106.951,53.4755,9.06,4.53,0.0,0.0,0.00021411708442107253,0.999631297943261
94,Host,ReadVariableOp,ReadVariableOp,1,6.081,6.081,6.081,6.081,0.0,0.0,0.00014371368547070002,0.9997750116287317
95,Host,Dataset,Iterator::Root::ParallelMapV2::Zip[1]::ForeverRepeat::FromTensor,4,3.93,0.9825,3.93,0.9825,0.0,0.0,9.287860284490232e-05,0.9998678902315766
96,Host,Dataset,Iterator::Root::ParallelMapV2::Zip[0]::FlatMap,2,48.131,24.0655,3.05,1.525,0.0,0.0,7.208135844197253e-05,0.9999399715900186
97,Host,Identity,Identity,2,2.54,1.27,2.54,1.27,0.0,0.0,6.002840998118369e-05,0.9999999999999998
