Rank,Host/device,Type,Operation,#Occurrences,Total time (us),Avg. time (us),Total self-time (us),Avg. self-time (us),Total self-time on Device (%),Cumulative total-self time on Device (%),Total self-time on Host (%),Cumulative total-self time on Host (%)
1,Device,IDLE,IDLE,0,6786.155,0.0,6786.155,0.0,0.1903644731566135,0.1903644731566135,0.0,0.0
2,Device,_Send,IteratorGetNext/_1,2,4789.577,2394.7885,4789.577,2394.7885,0.13435668684962745,0.32472116000624096,0.0,0.0
3,Device,FusedBatchNormGradV3,gradient_tape/model/conv1_bn/FusedBatchNormGradV3,2,2827.269,1413.6345,2827.269,1413.6345,0.07931023881078837,0.4040313988170293,0.0,0.0
4,Device,Conv2DBackpropFilter,gradient_tape/model/conv1/Conv2D/Conv2DBackpropFilter,2,2348.036,1174.018,2348.036,1174.018,0.06586684744052593,0.4698982462575553,0.0,0.0
5,Device,MaxPoolGrad,gradient_tape/model/conv1_max_pool/MaxPool/MaxPoolGrad,2,2157.571,1078.7855,2157.571,1078.7855,0.06052394422364178,0.5304221904811971,0.0,0.0
6,Device,ReluGrad,gradient_tape/model/conv1/ReluGrad,2,1737.731,868.8655,1737.731,868.8655,0.048746638752418,0.5791688292336151,0.0,0.0
7,Device,_FusedConv2D,model/conv1/Relu,2,1729.54,864.77,1729.54,864.77,0.048516865721942595,0.6276856949555577,0.0,0.0
8,Device,FusedBatchNormV3,model/conv1_bn/FusedBatchNormV3,4,1682.435,420.60875,1682.435,420.60875,0.04719548144645194,0.6748811764020096,0.0,0.0
9,Device,MaxPool,model/conv1_max_pool/MaxPool,2,695.297,347.6485,695.297,347.6485,0.019504394917648347,0.694385571319658,0.0,0.0
10,Device,BiasAddGrad,gradient_tape/model/conv1/BiasAdd/BiasAddGrad,2,532.481,266.2405,532.481,266.2405,0.014937098405637173,0.7093226697252951,0.0,0.0
11,Device,AddN,SGD/gradients/AddN_3,2,408.577,204.2885,408.577,204.2885,0.011461357034861373,0.7207840267601565,0.0,0.0
12,Device,Conv2DBackpropInput,gradient_tape/model/ResBlock21_conv1/Conv2D/Conv2DBackpropInput,2,389.12,194.56,389.12,194.56,0.01091555141235375,0.7316995781725103,0.0,0.0
13,Device,Conv2DBackpropInput,gradient_tape/model/ResBlock21_pooling_conv/Conv2D/Conv2DBackpropInput,2,375.808,187.904,375.808,187.904,0.010542124653510067,0.7422417028260204,0.0,0.0
14,Device,SoftmaxCrossEntropyWithLogits,categorical_crossentropy/softmax_cross_entropy_with_logits,2,358.402,179.201,358.402,179.201,0.01005385345726359,0.752295556283284,0.0,0.0
15,Device,Conv2DBackpropFilter,gradient_tape/model/ResBlock21_conv1/Conv2D/Conv2DBackpropFilter,2,261.121,130.5605,261.121,130.5605,0.007324937552285215,0.7596204938355693,0.0,0.0
16,Device,Conv2DBackpropFilter,gradient_tape/model/ResBlock21_pooling_conv/Conv2D/Conv2DBackpropFilter,2,252.929,126.4645,252.929,126.4645,0.007095136469919874,0.7667156303054892,0.0,0.0
17,Device,Transpose,gradient_tape/model/conv1/Conv2D/Conv2DBackpropFilter-0-TransposeNHWCToNCHW-LayoutOptimizer,2,240.641,120.3205,240.641,120.3205,0.00675043484637186,0.773466065151861,0.0,0.0
18,Device,Conv2DBackpropFilter,gradient_tape/model/ResBlock21_conv2/Conv2D/Conv2DBackpropFilter,2,231.424,115.712,231.424,115.712,0.006491880576820914,0.7799579457286819,0.0,0.0
19,Device,Conv2DBackpropFilter,gradient_tape/model/ResBlock22_conv1/Conv2D/Conv2DBackpropFilter,2,227.329,113.6645,227.329,113.6645,0.00637700808752818,0.7863349538162101,0.0,0.0
20,Device,Conv2DBackpropFilter,gradient_tape/model/ResBlock22_conv2/Conv2D/Conv2DBackpropFilter,2,227.328,113.664,227.328,113.664,0.006376980035638243,0.7927119338518483,0.0,0.0
21,Device,FusedBatchNormGradV3,gradient_tape/model/ResBlock21_pooling_bn/FusedBatchNormGradV3,2,187.392,93.696,187.392,93.696,0.0052566997591072,0.7979686336109556,0.0,0.0
22,Device,FusedBatchNormGradV3,gradient_tape/model/ResBlock22_bn1/FusedBatchNormGradV3,2,186.368,93.184,186.368,93.184,0.005227974623811533,0.8031966082347671,0.0,0.0
23,Device,FusedBatchNormGradV3,gradient_tape/model/ResBlock22_bn2/FusedBatchNormGradV3,2,186.368,93.184,186.368,93.184,0.005227974623811533,0.8084245828585787,0.0,0.0
24,Device,FusedBatchNormGradV3,gradient_tape/model/ResBlock21_bn2/FusedBatchNormGradV3,2,185.345,92.6725,185.345,92.6725,0.005199277540405802,0.8136238603989845,0.0,0.0
25,Device,FusedBatchNormGradV3,gradient_tape/model/ResBlock21_bn1/FusedBatchNormGradV3,2,183.297,91.6485,183.297,91.6485,0.005141827269814466,0.818765687668799,0.0,0.0
26,Device,Conv2DBackpropFilter,gradient_tape/model/ResBlock31_conv2/Conv2D/Conv2DBackpropFilter,2,136.192,68.096,136.192,68.096,0.0038204429943238124,0.8225861306631228,0.0,0.0
27,Device,Conv2DBackpropFilter,gradient_tape/model/ResBlock32_conv1/Conv2D/Conv2DBackpropFilter,2,134.145,67.0725,134.145,67.0725,0.003763020775622414,0.8263491514387452,0.0,0.0
28,Device,Conv2DBackpropFilter,gradient_tape/model/ResBlock32_conv2/Conv2D/Conv2DBackpropFilter,2,134.144,67.072,134.144,67.072,0.003762992723732477,0.8301121441624777,0.0,0.0
29,Device,ArgMax,ArgMax,2,129.024,64.512,129.024,64.512,0.0036193670472541377,0.8337315112097319,0.0,0.0
30,Device,Conv2D,model/ResBlock21_pooling_conv/Conv2D,2,124.929,62.4645,124.929,62.4645,0.003504494557961404,0.8372360057676933,0.0,0.0
31,Device,ArgMax,ArgMax_1,2,120.832,60.416,120.832,60.416,0.0033895659648887954,0.8406255717325821,0.0,0.0
32,Device,Conv2D,model/ResBlock21_conv1/Conv2D,2,117.76,58.88,117.76,58.88,0.0033033905590017926,0.8439289622915839,0.0,0.0
33,Device,Conv2DBackpropInput,gradient_tape/model/ResBlock31_conv1/Conv2D/Conv2DBackpropInput,2,114.688,57.344,114.688,57.344,0.0032172151531147893,0.8471461774446987,0.0,0.0
34,Device,FusedBatchNormV3,model/ResBlock21_bn1/FusedBatchNormV3,4,114.688,28.672,114.688,28.672,0.0032172151531147893,0.8503633925978135,0.0,0.0
35,Device,Conv2DBackpropInput,gradient_tape/model/ResBlock31_pooling_conv/Conv2D/Conv2DBackpropInput,2,113.664,56.832,113.664,56.832,0.0031884900178191216,0.8535518826156325,0.0,0.0
36,Device,FusedBatchNormV3,model/ResBlock21_pooling_bn/FusedBatchNormV3,4,112.64,28.16,112.64,28.16,0.003159764882523454,0.856711647498156,0.0,0.0
37,Device,Conv2DBackpropFilter,gradient_tape/model/ResBlock31_conv1/Conv2D/Conv2DBackpropFilter,2,109.569,54.7845,109.569,54.7845,0.0030736175285263874,0.8597852650266824,0.0,0.0
38,Device,FusedBatchNormV3,model/ResBlock21_bn2/FusedBatchNormV3,4,108.545,27.13625,108.545,27.13625,0.0030448923932307197,0.8628301574199131,0.0,0.0
39,Device,AddV2,model/ResBlock21_add/add,2,108.544,54.272,108.544,54.272,0.0030448643413407825,0.8658750217612539,0.0,0.0
40,Device,FusedBatchNormV3,model/ResBlock22_bn2/FusedBatchNormV3,4,108.544,27.136,108.544,27.136,0.0030448643413407825,0.8689198861025946,0.0,0.0
41,Device,ReluGrad,gradient_tape/model/tf.nn.relu_2/ReluGrad,2,107.52,53.76,107.52,53.76,0.0030161392060451147,0.8719360253086398,0.0,0.0
42,Device,AddV2,model/ResBlock22_add/add,2,107.52,53.76,107.52,53.76,0.0030161392060451147,0.8749521645146849,0.0,0.0
43,Device,AddN,SGD/gradients/AddN_2,2,106.496,53.248,106.496,53.248,0.002987414070749447,0.8779395785854344,0.0,0.0
44,Device,Conv2DBackpropFilter,gradient_tape/model/ResBlock31_pooling_conv/Conv2D/Conv2DBackpropFilter,2,106.496,53.248,106.496,53.248,0.002987414070749447,0.8809269926561838,0.0,0.0
45,Device,ReluGrad,gradient_tape/model/tf.nn.relu_1/ReluGrad,2,105.472,52.736,105.472,52.736,0.0029586889354537792,0.8838856815916376,0.0,0.0
46,Device,ReluGrad,gradient_tape/model/tf.nn.relu_3/ReluGrad,2,104.449,52.2245,104.449,52.2245,0.0029299918520480487,0.8868156734436856,0.0,0.0
47,Device,FusedBatchNormV3,model/ResBlock22_bn1/FusedBatchNormV3,4,103.424,25.856,103.424,25.856,0.002901238664862444,0.8897169121085481,0.0,0.0
48,Device,AddN,SGD/gradients/AddN_1,2,100.352,50.176,100.352,50.176,0.0028150632589754405,0.8925319753675235,0.0,0.0
49,Device,Conv2DBackpropInput,gradient_tape/model/ResBlock22_conv2/Conv2D/Conv2DBackpropInput,2,96.257,48.1285,96.257,48.1285,0.0027001907696827068,0.8952321661372062,0.0,0.0
50,Device,Conv2DBackpropInput,gradient_tape/model/ResBlock22_conv1/Conv2D/Conv2DBackpropInput,2,96.256,48.128,96.256,48.128,0.0027001627177927695,0.897932328854999,0.0,0.0
51,Device,Conv2DBackpropInput,gradient_tape/model/ResBlock21_conv2/Conv2D/Conv2DBackpropInput,2,95.232,47.616,95.232,47.616,0.002671437582497102,0.9006037664374961,0.0,0.0
52,Device,ReluGrad,gradient_tape/model/tf.nn.relu/ReluGrad,2,94.208,47.104,94.208,47.104,0.002642712447201434,0.9032464788846974,0.0,0.0
53,Device,Conv2D,model/ResBlock21_conv2/Conv2D,2,84.992,42.496,84.992,42.496,0.0023841862295404244,0.9056306651142378,0.0,0.0
54,Device,Conv2D,model/ResBlock22_conv1/Conv2D,2,81.92,40.96,81.92,40.96,0.0022980108236534207,0.9079286759378913,0.0,0.0
55,Device,Conv2D,model/ResBlock22_conv2/Conv2D,2,81.92,40.96,81.92,40.96,0.0022980108236534207,0.9102266867615447,0.0,0.0
56,Device,FusedBatchNormGradV3,gradient_tape/model/ResBlock31_pooling_bn/FusedBatchNormGradV3,2,78.848,39.424,78.848,39.424,0.0022118354177664175,0.9124385221793111,0.0,0.0
57,Device,BiasAdd,model/ResBlock21_conv1/BiasAdd,2,77.824,38.912,77.824,38.912,0.0021831102824707497,0.9146216324617819,0.0,0.0
58,Device,BiasAdd,model/ResBlock21_pooling_conv/BiasAdd,2,77.824,38.912,77.824,38.912,0.0021831102824707497,0.9168047427442526,0.0,0.0
59,Device,FusedBatchNormGradV3,gradient_tape/model/ResBlock32_bn2/FusedBatchNormGradV3,2,73.728,36.864,73.728,36.864,0.0020682097412880788,0.9188729524855407,0.0,0.0
60,Device,Relu,model/tf.nn.relu/Relu,2,73.728,36.864,73.728,36.864,0.0020682097412880788,0.9209411622268288,0.0,0.0
61,Device,Relu,model/tf.nn.relu_1/Relu,2,72.704,36.352,72.704,36.352,0.0020394846059924106,0.9229806468328212,0.0,0.0
62,Device,Relu,model/tf.nn.relu_2/Relu,2,72.704,36.352,72.704,36.352,0.0020394846059924106,0.9250201314388137,0.0,0.0
63,Device,Relu,model/tf.nn.relu_3/Relu,2,72.704,36.352,72.704,36.352,0.0020394846059924106,0.9270596160448061,0.0,0.0
64,Device,FusedBatchNormGradV3,gradient_tape/model/ResBlock32_bn1/FusedBatchNormGradV3,2,70.656,35.328,70.656,35.328,0.0019820343354010755,0.9290416503802073,0.0,0.0
65,Device,FusedBatchNormGradV3,gradient_tape/model/ResBlock31_bn1/FusedBatchNormGradV3,2,69.632,34.816,69.632,34.816,0.001953309200105408,0.9309949595803126,0.0,0.0
66,Device,Conv2DBackpropInput,gradient_tape/model/ResBlock32_conv2/Conv2D/Conv2DBackpropInput,2,69.632,34.816,69.632,34.816,0.001953309200105408,0.932948268780418,0.0,0.0
67,Device,FusedBatchNormGradV3,gradient_tape/model/ResBlock31_bn2/FusedBatchNormGradV3,2,68.608,34.304,68.608,34.304,0.00192458406480974,0.9348728528452278,0.0,0.0
68,Device,Conv2DBackpropInput,gradient_tape/model/ResBlock31_conv2/Conv2D/Conv2DBackpropInput,2,68.608,34.304,68.608,34.304,0.00192458406480974,0.9367974369100376,0.0,0.0
69,Device,Conv2DBackpropInput,gradient_tape/model/ResBlock32_conv1/Conv2D/Conv2DBackpropInput,2,68.608,34.304,68.608,34.304,0.00192458406480974,0.9387220209748474,0.0,0.0
70,Device,Conv2D,model/ResBlock32_conv2/Conv2D,2,67.584,33.792,67.584,33.792,0.0018958589295140723,0.9406178799043614,0.0,0.0
71,Device,Conv2D,model/ResBlock31_conv2/Conv2D,2,65.536,32.768,65.536,32.768,0.0018384086589227366,0.9424562885632841,0.0,0.0
72,Device,BiasAdd,model/ResBlock22_conv1/BiasAdd,2,64.513,32.2565,64.513,32.2565,0.0018097115755170063,0.9442660001388011,0.0,0.0
73,Device,BiasAdd,model/ResBlock21_conv2/BiasAdd,2,64.512,32.256,64.512,32.256,0.0018096835236270689,0.9460756836624282,0.0,0.0
74,Device,BiasAdd,model/ResBlock22_conv2/BiasAdd,2,63.488,31.744,63.488,31.744,0.0017809583883314011,0.9478566420507596,0.0,0.0
75,Device,Conv2D,model/ResBlock32_conv1/Conv2D,2,63.488,31.744,63.488,31.744,0.0017809583883314011,0.949637600439091,0.0,0.0
76,Device,ReluGrad,gradient_tape/model/tf.nn.relu_4/ReluGrad,2,59.392,29.696,59.392,29.696,0.0016660578471487302,0.9513036582862396,0.0,0.0
77,Device,BiasAddGrad,gradient_tape/model/ResBlock21_pooling_conv/BiasAdd/BiasAddGrad,2,56.32,28.16,56.32,28.16,0.001579882441261727,0.9528835407275014,0.0,0.0
78,Device,Conv2D,model/ResBlock31_pooling_conv/Conv2D,2,54.273,27.1365,54.273,27.1365,0.0015224602225603285,0.9544060009500617,0.0,0.0
79,Device,Conv2D,model/ResBlock31_conv1/Conv2D,2,52.224,26.112,52.224,26.112,0.0014649819000790557,0.9558709828501407,0.0,0.0
80,Device,FusedBatchNormV3,model/ResBlock31_pooling_bn/FusedBatchNormV3,4,46.08,11.52,46.08,11.52,0.001292631088305049,0.9571636139384457,0.0,0.0
81,Device,BiasAdd,model/ResBlock31_conv1/BiasAdd,2,44.032,22.016,44.032,22.016,0.0012351808177137136,0.9583987947561594,0.0,0.0
82,Device,BiasAddGrad,gradient_tape/model/ResBlock21_conv2/BiasAdd/BiasAddGrad,2,43.009,21.5045,43.009,21.5045,0.001206483734307983,0.9596052784904674,0.0,0.0
83,Device,BiasAddGrad,gradient_tape/model/ResBlock21_conv1/BiasAdd/BiasAddGrad,2,43.008,21.504,43.008,21.504,0.001206455682418046,0.9608117341728855,0.0,0.0
84,Device,BiasAddGrad,gradient_tape/model/ResBlock22_conv2/BiasAdd/BiasAddGrad,2,43.008,21.504,43.008,21.504,0.001206455682418046,0.9620181898553035,0.0,0.0
85,Device,FusedBatchNormV3,model/ResBlock31_bn1/FusedBatchNormV3,4,43.008,10.752,43.008,10.752,0.001206455682418046,0.9632246455377216,0.0,0.0
86,Device,BiasAddGrad,gradient_tape/model/ResBlock22_conv1/BiasAdd/BiasAddGrad,2,41.984,20.992,41.984,20.992,0.0011777305471223783,0.9644023760848439,0.0,0.0
87,Device,ReluGrad,gradient_tape/model/tf.nn.relu_7/ReluGrad,2,41.984,20.992,41.984,20.992,0.0011777305471223783,0.9655801066319663,0.0,0.0
88,Device,Relu,model/tf.nn.relu_4/Relu,2,41.984,20.992,41.984,20.992,0.0011777305471223783,0.9667578371790886,0.0,0.0
89,Device,ReluGrad,gradient_tape/model/tf.nn.relu_5/ReluGrad,2,40.96,20.48,40.96,20.48,0.0011490054118267104,0.9679068425909153,0.0,0.0
90,Device,ReluGrad,gradient_tape/model/tf.nn.relu_6/ReluGrad,2,39.936,19.968,39.936,19.968,0.0011202802765310426,0.9690271228674463,0.0,0.0
91,Device,AddV2,model/ResBlock31_add/add,2,38.912,19.456,38.912,19.456,0.0010915551412353749,0.9701186780086817,0.0,0.0
92,Device,BiasAdd,model/ResBlock31_pooling_conv/BiasAdd,2,38.912,19.456,38.912,19.456,0.0010915551412353749,0.9712102331499171,0.0,0.0
93,Device,AddV2,model/ResBlock32_add/add,2,38.912,19.456,38.912,19.456,0.0010915551412353749,0.9723017882911524,0.0,0.0
94,Device,AddN,SGD/gradients/AddN,2,35.84,17.92,35.84,17.92,0.0010053797353483716,0.9733071680265009,0.0,0.0
95,Device,FusedBatchNormV3,model/ResBlock32_bn1/FusedBatchNormV3,4,32.768,8.192,32.768,8.192,0.0009192043294613683,0.9742263723559622,0.0,0.0
96,Device,FusedBatchNormV3,model/ResBlock31_bn2/FusedBatchNormV3,4,31.744,7.936,31.744,7.936,0.0008904791941657006,0.975116851550128,0.0,0.0
97,Device,FusedBatchNormV3,model/ResBlock32_bn2/FusedBatchNormV3,4,30.72,7.68,30.72,7.68,0.0008617540588700328,0.975978605608998,0.0,0.0
98,Device,Softmax,model/dense/Softmax,2,27.648,13.824,27.648,13.824,0.0007755786529830295,0.976754184261981,0.0,0.0
99,Device,BiasAddGrad,gradient_tape/model/ResBlock31_conv1/BiasAdd/BiasAddGrad,2,24.576,12.288,24.576,12.288,0.0006894032470960263,0.977443587509077,0.0,0.0
100,Device,BiasAddGrad,gradient_tape/model/ResBlock32_conv2/BiasAdd/BiasAddGrad,2,24.576,12.288,24.576,12.288,0.0006894032470960263,0.978132990756173,0.0,0.0
101,Device,BiasAddGrad,gradient_tape/model/ResBlock31_conv2/BiasAdd/BiasAddGrad,2,23.552,11.776,23.552,11.776,0.0006606781118003585,0.9787936688679734,0.0,0.0
102,Device,BiasAddGrad,gradient_tape/model/ResBlock32_conv1/BiasAdd/BiasAddGrad,2,23.552,11.776,23.552,11.776,0.0006606781118003585,0.9794543469797737,0.0,0.0
103,Device,BiasAddGrad,gradient_tape/model/ResBlock31_pooling_conv/BiasAdd/BiasAddGrad,2,22.528,11.264,22.528,11.264,0.0006319529765046907,0.9800862999562784,0.0,0.0
104,Device,Transpose,model/tf.nn.relu_7/Relu-0-0-TransposeNCHWToNHWC-LayoutOptimizer,2,22.528,11.264,22.528,11.264,0.0006319529765046907,0.980718252932783,0.0,0.0
105,Device,_Send,IteratorGetNext/_3,2,22.304,11.152,22.304,11.152,0.0006256693531587633,0.9813439222859418,0.0,0.0
106,Device,Mean,model/GAP/Mean,2,21.504,10.752,21.504,10.752,0.000603227841209023,0.9819471501271508,0.0,0.0
107,Device,RealDiv,gradient_tape/model/GAP/truediv,2,20.48,10.24,20.48,10.24,0.0005745027059133552,0.9825216528330641,0.0,0.0
108,Device,MatMul,gradient_tape/model/dense/MatMul/MatMul,2,19.456,9.728,19.456,9.728,0.0005457775706176874,0.9830674304036818,0.0,0.0
109,Device,Transpose,gradient_tape/model/tf.nn.relu_7/ReluGrad-0-TransposeNHWCToNCHW-LayoutOptimizer,2,18.432,9.216,18.432,9.216,0.0005170524353220197,0.9835844828390039,0.0,0.0
110,Device,BroadcastTo,gradient_tape/model/GAP/BroadcastTo,2,16.384,8.192,16.384,8.192,0.00045960216473068415,0.9840440850037346,0.0,0.0
111,Device,BiasAdd,model/ResBlock32_conv2/BiasAdd,2,16.384,8.192,16.384,8.192,0.00045960216473068415,0.9845036871684654,0.0,0.0
112,Device,MatMul,model/dense/MatMul,2,16.384,8.192,16.384,8.192,0.00045960216473068415,0.9849632893331961,0.0,0.0
113,Device,BiasAdd,model/ResBlock31_conv2/BiasAdd,2,15.36,7.68,15.36,7.68,0.0004308770294350164,0.9853941663626311,0.0,0.0
114,Device,BiasAdd,model/ResBlock32_conv1/BiasAdd,2,15.36,7.68,15.36,7.68,0.0004308770294350164,0.9858250433920661,0.0,0.0
115,Device,Relu,model/tf.nn.relu_5/Relu,2,14.336,7.168,14.336,7.168,0.00040215189413934867,0.9862271952862055,0.0,0.0
116,Device,Relu,model/tf.nn.relu_6/Relu,2,14.336,7.168,14.336,7.168,0.00040215189413934867,0.9866293471803449,0.0,0.0
117,Device,Relu,model/tf.nn.relu_7/Relu,2,13.312,6.656,13.312,6.656,0.00037342675884368087,0.9870027739391886,0.0,0.0
118,Device,DynamicStitch,gradient_tape/model/GAP/DynamicStitch,2,11.264,5.632,11.264,5.632,0.00031597648825234533,0.9873187504274409,0.0,0.0
119,Device,MatMul,gradient_tape/model/dense/MatMul/MatMul_1,2,10.24,5.12,10.24,5.12,0.0002872513529566776,0.9876060017803976,0.0,0.0
120,Device,ResourceApplyGradientDescent,SGD/SGD/update_4/ResourceApplyGradientDescent,2,8.192,4.096,8.192,4.096,0.00022980108236534208,0.987835802862763,0.0,0.0
121,Device,ResourceApplyGradientDescent,SGD/SGD/update_12/ResourceApplyGradientDescent,2,7.168,3.584,7.168,3.584,0.00020107594706967433,0.9880368788098326,0.0,0.0
122,Device,ResourceApplyGradientDescent,SGD/SGD/update_17/ResourceApplyGradientDescent,2,7.168,3.584,7.168,3.584,0.00020107594706967433,0.9882379547569022,0.0,0.0
123,Device,ResourceApplyGradientDescent,SGD/SGD/update_20/ResourceApplyGradientDescent,2,7.168,3.584,7.168,3.584,0.00020107594706967433,0.9884390307039719,0.0,0.0
124,Device,ResourceApplyGradientDescent,SGD/SGD/update_24/ResourceApplyGradientDescent,2,7.168,3.584,7.168,3.584,0.00020107594706967433,0.9886401066510415,0.0,0.0
125,Device,ResourceApplyGradientDescent,SGD/SGD/update_26/ResourceApplyGradientDescent,2,7.168,3.584,7.168,3.584,0.00020107594706967433,0.9888411825981112,0.0,0.0
126,Device,ResourceApplyGradientDescent,SGD/SGD/update_28/ResourceApplyGradientDescent,2,7.168,3.584,7.168,3.584,0.00020107594706967433,0.9890422585451808,0.0,0.0
127,Device,ResourceApplyGradientDescent,SGD/SGD/update_30/ResourceApplyGradientDescent,2,7.168,3.584,7.168,3.584,0.00020107594706967433,0.9892433344922504,0.0,0.0
128,Device,ResourceApplyGradientDescent,SGD/SGD/update_36/ResourceApplyGradientDescent,2,7.168,3.584,7.168,3.584,0.00020107594706967433,0.9894444104393201,0.0,0.0
129,Device,ResourceApplyGradientDescent,SGD/SGD/update_40/ResourceApplyGradientDescent,2,7.168,3.584,7.168,3.584,0.00020107594706967433,0.9896454863863897,0.0,0.0
130,Device,ResourceApplyGradientDescent,SGD/SGD/update_44/ResourceApplyGradientDescent,2,7.168,3.584,7.168,3.584,0.00020107594706967433,0.9898465623334594,0.0,0.0
131,Device,AssignAddVariableOp,AssignAddVariableOp_4,2,6.144,3.072,6.144,3.072,0.00017235081177400656,0.9900189131452334,0.0,0.0
132,Device,Equal,Equal,2,6.144,3.072,6.144,3.072,0.00017235081177400656,0.9901912639570074,0.0,0.0
133,Device,AssignAddVariableOp,SGD/SGD/AssignAddVariableOp,2,6.144,3.072,6.144,3.072,0.00017235081177400656,0.9903636147687814,0.0,0.0
134,Device,ResourceApplyGradientDescent,SGD/SGD/update/ResourceApplyGradientDescent,2,6.144,3.072,6.144,3.072,0.00017235081177400656,0.9905359655805555,0.0,0.0
135,Device,ResourceApplyGradientDescent,SGD/SGD/update_1/ResourceApplyGradientDescent,2,6.144,3.072,6.144,3.072,0.00017235081177400656,0.9907083163923295,0.0,0.0
136,Device,ResourceApplyGradientDescent,SGD/SGD/update_10/ResourceApplyGradientDescent,2,6.144,3.072,6.144,3.072,0.00017235081177400656,0.9908806672041035,0.0,0.0
137,Device,ResourceApplyGradientDescent,SGD/SGD/update_13/ResourceApplyGradientDescent,2,6.144,3.072,6.144,3.072,0.00017235081177400656,0.9910530180158775,0.0,0.0
138,Device,ResourceApplyGradientDescent,SGD/SGD/update_14/ResourceApplyGradientDescent,2,6.144,3.072,6.144,3.072,0.00017235081177400656,0.9912253688276516,0.0,0.0
139,Device,ResourceApplyGradientDescent,SGD/SGD/update_15/ResourceApplyGradientDescent,2,6.144,3.072,6.144,3.072,0.00017235081177400656,0.9913977196394256,0.0,0.0
140,Device,ResourceApplyGradientDescent,SGD/SGD/update_16/ResourceApplyGradientDescent,2,6.144,3.072,6.144,3.072,0.00017235081177400656,0.9915700704511996,0.0,0.0
141,Device,ResourceApplyGradientDescent,SGD/SGD/update_18/ResourceApplyGradientDescent,2,6.144,3.072,6.144,3.072,0.00017235081177400656,0.9917424212629736,0.0,0.0
142,Device,ResourceApplyGradientDescent,SGD/SGD/update_19/ResourceApplyGradientDescent,2,6.144,3.072,6.144,3.072,0.00017235081177400656,0.9919147720747477,0.0,0.0
143,Device,ResourceApplyGradientDescent,SGD/SGD/update_2/ResourceApplyGradientDescent,2,6.144,3.072,6.144,3.072,0.00017235081177400656,0.9920871228865217,0.0,0.0
144,Device,ResourceApplyGradientDescent,SGD/SGD/update_22/ResourceApplyGradientDescent,2,6.144,3.072,6.144,3.072,0.00017235081177400656,0.9922594736982957,0.0,0.0
145,Device,ResourceApplyGradientDescent,SGD/SGD/update_23/ResourceApplyGradientDescent,2,6.144,3.072,6.144,3.072,0.00017235081177400656,0.9924318245100697,0.0,0.0
146,Device,ResourceApplyGradientDescent,SGD/SGD/update_25/ResourceApplyGradientDescent,2,6.144,3.072,6.144,3.072,0.00017235081177400656,0.9926041753218438,0.0,0.0
147,Device,ResourceApplyGradientDescent,SGD/SGD/update_27/ResourceApplyGradientDescent,2,6.144,3.072,6.144,3.072,0.00017235081177400656,0.9927765261336178,0.0,0.0
148,Device,ResourceApplyGradientDescent,SGD/SGD/update_29/ResourceApplyGradientDescent,2,6.144,3.072,6.144,3.072,0.00017235081177400656,0.9929488769453918,0.0,0.0
149,Device,ResourceApplyGradientDescent,SGD/SGD/update_3/ResourceApplyGradientDescent,2,6.144,3.072,6.144,3.072,0.00017235081177400656,0.9931212277571658,0.0,0.0
150,Device,ResourceApplyGradientDescent,SGD/SGD/update_31/ResourceApplyGradientDescent,2,6.144,3.072,6.144,3.072,0.00017235081177400656,0.9932935785689399,0.0,0.0
151,Device,ResourceApplyGradientDescent,SGD/SGD/update_32/ResourceApplyGradientDescent,2,6.144,3.072,6.144,3.072,0.00017235081177400656,0.9934659293807139,0.0,0.0
152,Device,ResourceApplyGradientDescent,SGD/SGD/update_33/ResourceApplyGradientDescent,2,6.144,3.072,6.144,3.072,0.00017235081177400656,0.9936382801924879,0.0,0.0
153,Device,ResourceApplyGradientDescent,SGD/SGD/update_34/ResourceApplyGradientDescent,2,6.144,3.072,6.144,3.072,0.00017235081177400656,0.9938106310042619,0.0,0.0
154,Device,ResourceApplyGradientDescent,SGD/SGD/update_35/ResourceApplyGradientDescent,2,6.144,3.072,6.144,3.072,0.00017235081177400656,0.993982981816036,0.0,0.0
155,Device,ResourceApplyGradientDescent,SGD/SGD/update_37/ResourceApplyGradientDescent,2,6.144,3.072,6.144,3.072,0.00017235081177400656,0.99415533262781,0.0,0.0
156,Device,ResourceApplyGradientDescent,SGD/SGD/update_38/ResourceApplyGradientDescent,2,6.144,3.072,6.144,3.072,0.00017235081177400656,0.994327683439584,0.0,0.0
157,Device,ResourceApplyGradientDescent,SGD/SGD/update_39/ResourceApplyGradientDescent,2,6.144,3.072,6.144,3.072,0.00017235081177400656,0.994500034251358,0.0,0.0
158,Device,ResourceApplyGradientDescent,SGD/SGD/update_42/ResourceApplyGradientDescent,2,6.144,3.072,6.144,3.072,0.00017235081177400656,0.994672385063132,0.0,0.0
159,Device,ResourceApplyGradientDescent,SGD/SGD/update_43/ResourceApplyGradientDescent,2,6.144,3.072,6.144,3.072,0.00017235081177400656,0.9948447358749061,0.0,0.0
160,Device,ResourceApplyGradientDescent,SGD/SGD/update_45/ResourceApplyGradientDescent,2,6.144,3.072,6.144,3.072,0.00017235081177400656,0.9950170866866801,0.0,0.0
161,Device,ResourceApplyGradientDescent,SGD/SGD/update_5/ResourceApplyGradientDescent,2,6.144,3.072,6.144,3.072,0.00017235081177400656,0.9951894374984541,0.0,0.0
162,Device,ResourceApplyGradientDescent,SGD/SGD/update_6/ResourceApplyGradientDescent,2,6.144,3.072,6.144,3.072,0.00017235081177400656,0.9953617883102281,0.0,0.0
163,Device,ResourceApplyGradientDescent,SGD/SGD/update_7/ResourceApplyGradientDescent,2,6.144,3.072,6.144,3.072,0.00017235081177400656,0.9955341391220022,0.0,0.0
164,Device,ResourceApplyGradientDescent,SGD/SGD/update_8/ResourceApplyGradientDescent,2,6.144,3.072,6.144,3.072,0.00017235081177400656,0.9957064899337762,0.0,0.0
165,Device,ResourceApplyGradientDescent,SGD/SGD/update_9/ResourceApplyGradientDescent,2,6.144,3.072,6.144,3.072,0.00017235081177400656,0.9958788407455502,0.0,0.0
166,Device,DivNoNan,categorical_crossentropy/weighted_loss/value,2,6.144,3.072,6.144,3.072,0.00017235081177400656,0.9960511915573242,0.0,0.0
167,Device,DivNoNan,div_no_nan,2,6.144,3.072,6.144,3.072,0.00017235081177400656,0.9962235423690983,0.0,0.0
168,Device,Mul,gradient_tape/categorical_crossentropy/softmax_cross_entropy_with_logits/mul,2,6.144,3.072,6.144,3.072,0.00017235081177400656,0.9963958931808723,0.0,0.0
169,Device,BiasAddGrad,gradient_tape/model/dense/BiasAdd/BiasAddGrad,2,6.144,3.072,6.144,3.072,0.00017235081177400656,0.9965682439926463,0.0,0.0
170,Device,BiasAdd,model/dense/BiasAdd,2,6.144,3.072,6.144,3.072,0.00017235081177400656,0.9967405948044203,0.0,0.0
171,Device,AssignAddVariableOp,AssignAddVariableOp,2,5.12,2.56,5.12,2.56,0.0001436256764783388,0.9968842204808986,0.0,0.0
172,Device,AssignAddVariableOp,AssignAddVariableOp_1,2,5.12,2.56,5.12,2.56,0.0001436256764783388,0.9970278461573769,0.0,0.0
173,Device,AssignAddVariableOp,AssignAddVariableOp_2,2,5.12,2.56,5.12,2.56,0.0001436256764783388,0.9971714718338552,0.0,0.0
174,Device,AssignAddVariableOp,AssignAddVariableOp_3,2,5.12,2.56,5.12,2.56,0.0001436256764783388,0.9973150975103335,0.0,0.0
175,Device,Cast,Cast,2,5.12,2.56,5.12,2.56,0.0001436256764783388,0.9974587231868118,0.0,0.0
176,Device,Cast,Cast_1,2,5.12,2.56,5.12,2.56,0.0001436256764783388,0.9976023488632901,0.0,0.0
177,Device,Mul,Mul,2,5.12,2.56,5.12,2.56,0.0001436256764783388,0.9977459745397684,0.0,0.0
178,Device,ResourceApplyGradientDescent,SGD/SGD/update_11/ResourceApplyGradientDescent,2,5.12,2.56,5.12,2.56,0.0001436256764783388,0.9978896002162467,0.0,0.0
179,Device,ResourceApplyGradientDescent,SGD/SGD/update_21/ResourceApplyGradientDescent,2,5.12,2.56,5.12,2.56,0.0001436256764783388,0.998033225892725,0.0,0.0
180,Device,ResourceApplyGradientDescent,SGD/SGD/update_41/ResourceApplyGradientDescent,2,5.12,2.56,5.12,2.56,0.0001436256764783388,0.9981768515692033,0.0,0.0
181,Device,Sum,Sum_2,2,5.12,2.56,5.12,2.56,0.0001436256764783388,0.9983204772456816,0.0,0.0
182,Device,Cast,categorical_crossentropy/weighted_loss/num_elements/Cast,2,5.12,2.56,5.12,2.56,0.0001436256764783388,0.9984641029221599,0.0,0.0
183,Device,DivNoNan,div_no_nan_1,2,5.12,2.56,5.12,2.56,0.0001436256764783388,0.9986077285986382,0.0,0.0
184,Device,Tile,gradient_tape/categorical_crossentropy/weighted_loss/Tile_1,2,5.12,2.56,5.12,2.56,0.0001436256764783388,0.9987513542751165,0.0,0.0
185,Device,DivNoNan,gradient_tape/categorical_crossentropy/weighted_loss/value/div_no_nan,2,5.12,2.56,5.12,2.56,0.0001436256764783388,0.9988949799515948,0.0,0.0
186,Device,Cast,gradient_tape/model/GAP/Cast,2,5.12,2.56,5.12,2.56,0.0001436256764783388,0.9990386056280731,0.0,0.0
187,Device,_Recv,gradient_tape/model/GAP/Shape-0-1-DataFormatVecPermuteNCHWToNHWC-LayoutOptimizer/_14,2,4.544,2.272,4.544,2.272,0.00012746778787452566,0.9991660734159477,0.0,0.0
188,Device,Cast,Cast_2,2,4.096,2.048,4.096,2.048,0.00011490054118267104,0.9992809739571303,0.0,0.0
189,Device,Sum,categorical_crossentropy/weighted_loss/Sum,2,4.096,2.048,4.096,2.048,0.00011490054118267104,0.999395874498313,0.0,0.0
190,Device,_Recv,categorical_crossentropy/weighted_loss/num_elements/_20,2,3.808,1.904,3.808,1.904,0.00010682159688076447,0.9995026960951938,0.0,0.0
191,Device,_Recv,strided_slice/_12,2,3.648,1.824,3.648,1.824,0.0001023332944908164,0.9996050293896847,0.0,0.0
192,Device,_Recv,Size/_22,2,3.392,1.696,3.392,1.696,9.515201066689945e-05,0.9997001814003516,0.0,0.0
193,Device,_Recv,gradient_tape/model/GAP/floordiv/_18,2,3.36,1.68,3.36,1.68,9.425435018890983e-05,0.9997944357505405,0.0,0.0
194,Device,LogicalAnd,LogicalAnd,1,3.072,3.072,3.072,3.072,8.617540588700328e-05,0.9998806111564275,0.0,0.0
195,Device,_HostRecv,gradient_tape/model/GAP/DynamicStitch/_24,2,2.208,1.104,2.208,1.104,6.193857298128361e-05,0.9999425497294088,0.0,0.0
196,Device,_Recv,gradient_tape/model/GAP/ones/_16,2,2.048,1.024,2.048,1.024,5.745027059133552e-05,1.0,0.0,0.0
197,Host,IDLE,IDLE,0,119930.939,0.0,119930.939,0.0,0.0,0.0,0.846753800596047,0.846753800596047
198,Host,GatherV2,GatherV2,2,10451.055,5225.5275,10451.055,5225.5275,0.0,0.0,0.07378805348541731,0.9205418540814643
199,Host,_Send,IteratorGetNext/_3,2,5472.266,2736.133,5472.266,2736.133,0.0,0.0,0.03863608566737335,0.9591779397488376
200,Host,_Send,IteratorGetNext/_1,2,5257.223,2628.6115,5257.223,2628.6115,0.0,0.0,0.037117807906356444,0.996295747655194
201,Host,GatherV2,GatherV2_1,2,88.621,44.3105,88.621,44.3105,0.0,0.0,0.0006256948306109925,0.996921442485805
202,Host,Dataset,Iterator::Root::ParallelMapV2,2,81.56,40.78,81.56,40.78,0.0,0.0,0.0005758417348555371,0.9974972842206606
203,Host,_Send,IteratorGetNext/_6,2,71.5,35.75,71.5,35.75,0.0,0.0,0.0005048146645680591,0.9980020988852287
204,Host,Dataset,Iterator::Root::ParallelMapV2::Zip[1]::ForeverRepeat,2,57.71,28.855,54.12,27.06,0.0,0.0,0.0003821058691807463,0.9983842047544095
205,Host,Dataset,Iterator::Root,2,119.551,59.7755,37.991,18.9955,0.0,0.0,0.0002682295653371348,0.9986524343197466
206,Host,FlushSummaryWriter,FlushSummaryWriter,1,37.88,37.88,37.88,37.88,0.0,0.0,0.00026744586704668645,0.9989198801867932
207,Host,LogicalAnd,LogicalAnd,1,33.841,33.841,33.841,33.841,0.0,0.0,0.00023892913375731035,0.9991588093205506
208,Host,IteratorGetNext,IteratorGetNext,2,31.811,15.9055,31.811,15.9055,0.0,0.0,0.00022459663349055288,0.9993834059540411
209,Host,WriteSummary,WriteSummary,1,20.74,20.74,20.74,20.74,0.0,0.0,0.0001464315544495321,0.9995298375084906
210,Host,Dataset,Iterator::Root::ParallelMapV2::Zip[0]::FlatMap[1]::Concatenate[0]::TensorSlice,2,19.5,9.75,19.5,9.75,0.0,0.0,0.00013767672670037976,0.999667514235191
211,Host,_HostSend,categorical_crossentropy/softmax_cross_entropy_with_logits/Shape_2/_9,2,11.3,5.65,11.3,5.65,0.0,0.0,7.978189803663033e-05,0.9997472961332275
212,Host,Dataset,Iterator::Root::ParallelMapV2::Zip[0]::FlatMap[1]::Concatenate,2,30.212,15.106,10.712,5.356,0.0,0.0,7.563041520074196e-05,0.9998229265484283
213,Host,Dataset,Iterator::Root::ParallelMapV2::Zip,2,101.142,50.571,9.07,4.535,0.0,0.0,6.403732877807409e-05,0.9998869638772063
214,Host,ReadVariableOp,ReadVariableOp,1,5.67,5.67,5.67,5.67,0.0,0.0,4.003215591749504e-05,0.9999269960331238
215,Host,Dataset,Iterator::Root::ParallelMapV2::Zip[0]::FlatMap,2,34.362,17.181,4.15,2.075,0.0,0.0,2.9300431579824416e-05,0.9999562964647036
216,Host,Dataset,Iterator::Root::ParallelMapV2::Zip[1]::ForeverRepeat::FromTensor,4,3.59,0.8975,3.59,0.8975,0.0,0.0,2.5346638402787866e-05,0.9999816431031064
217,Host,Identity,Identity,2,2.6,1.3,2.6,1.3,0.0,0.0,1.835689689338397e-05,0.9999999999999998
