Rank,Host/device,Type,Operation,#Occurrences,Total time (us),Avg. time (us),Total self-time (us),Avg. self-time (us),Total self-time on Device (%),Cumulative total-self time on Device (%),Total self-time on Host (%),Cumulative total-self time on Host (%)
1,Device,IDLE,IDLE,0,15762.837,0.0,15762.837,0.0,0.8186807713410257,0.8186807713410257,0.0,0.0
2,Device,_Send,IteratorGetNext/_1,2,241.952,120.976,241.952,120.976,0.012566357819185966,0.8312471291602116,0.0,0.0
3,Device,Conv2DBackpropFilter,gradient_tape/model/conv1/Conv2D/Conv2DBackpropFilter,2,184.321,92.1605,184.321,92.1605,0.009573153516359345,0.8408202826765709,0.0,0.0
4,Device,FusedBatchNormGradV3,gradient_tape/model/conv1_bn/FusedBatchNormGradV3,2,184.321,92.1605,184.321,92.1605,0.009573153516359345,0.8503934361929303,0.0,0.0
5,Device,_FusedConv2D,model/conv1/Relu,2,152.577,76.2885,152.577,76.2885,0.007924452688871913,0.8583178888818022,0.0,0.0
6,Device,SoftmaxCrossEntropyWithLogits,categorical_crossentropy/softmax_cross_entropy_with_logits,2,124.929,62.4645,124.929,62.4645,0.00648848745202802,0.8648063763338302,0.0,0.0
7,Device,ReluGrad,gradient_tape/model/conv1/ReluGrad,2,106.496,53.248,106.496,53.248,0.005531125356732032,0.8703375016905622,0.0,0.0
8,Device,FusedBatchNormV3,model/conv1_bn/FusedBatchNormV3,4,103.424,25.856,103.424,25.856,0.005371573663749378,0.8757090753543116,0.0,0.0
9,Device,MaxPoolGrad,gradient_tape/model/conv1_max_pool/MaxPool/MaxPoolGrad,2,82.944,41.472,82.944,41.472,0.0043078957105316795,0.8800169710648433,0.0,0.0
10,Device,MaxPool,model/conv1_max_pool/MaxPool,2,50.176,25.088,50.176,25.088,0.0026060109853833615,0.8826229820502267,0.0,0.0
11,Device,Conv2DBackpropInput,gradient_tape/model/ResBlock22_conv2/Conv2D/Conv2DBackpropInput,4,46.08,11.52,46.08,11.52,0.0023932753947398214,0.8850162574449665,0.0,0.0
12,Device,Conv2DBackpropInput,gradient_tape/model/ResBlock21_conv2/Conv2D/Conv2DBackpropInput,4,45.056,11.264,45.056,11.264,0.0023400914970789365,0.8873563489420454,0.0,0.0
13,Device,Conv2D,model/ResBlock21_conv1/Conv2D,2,45.056,22.528,45.056,22.528,0.0023400914970789365,0.8896964404391243,0.0,0.0
14,Device,Conv2DBackpropInput,gradient_tape/model/ResBlock22_conv1/Conv2D/Conv2DBackpropInput,4,43.008,10.752,43.008,10.752,0.002233723701757167,0.8919301641408814,0.0,0.0
15,Device,Conv2DBackpropInput,gradient_tape/model/ResBlock21_pooling_conv/Conv2D/Conv2DBackpropInput,2,40.96,20.48,40.96,20.48,0.002127355906435397,0.8940575200473169,0.0,0.0
16,Device,Conv2DBackpropInput,gradient_tape/model/ResBlock31_pooling_conv/Conv2D/Conv2DBackpropInput,2,40.96,20.48,40.96,20.48,0.002127355906435397,0.8961848759537523,0.0,0.0
17,Device,BiasAddGrad,gradient_tape/model/conv1/BiasAdd/BiasAddGrad,2,40.96,20.48,40.96,20.48,0.002127355906435397,0.8983122318601877,0.0,0.0
18,Device,Conv2DBackpropInput,gradient_tape/model/ResBlock21_conv1/Conv2D/Conv2DBackpropInput,2,39.936,19.968,39.936,19.968,0.002074172008774512,0.9003864038689622,0.0,0.0
19,Device,Conv2DBackpropInput,gradient_tape/model/ResBlock31_conv1/Conv2D/Conv2DBackpropInput,2,38.912,19.456,38.912,19.456,0.002020988111113627,0.9024073919800758,0.0,0.0
20,Device,Conv2DBackpropInput,gradient_tape/model/ResBlock31_conv2/Conv2D/Conv2DBackpropInput,2,36.864,18.432,36.864,18.432,0.0019146203157918572,0.9043220122958676,0.0,0.0
21,Device,Conv2D,model/ResBlock21_pooling_conv/Conv2D,2,36.864,18.432,36.864,18.432,0.0019146203157918572,0.9062366326116594,0.0,0.0
22,Device,Conv2DBackpropInput,gradient_tape/model/ResBlock32_conv1/Conv2D/Conv2DBackpropInput,2,35.84,17.92,35.84,17.92,0.0018614364181309725,0.9080980690297904,0.0,0.0
23,Device,Conv2DBackpropInput,gradient_tape/model/ResBlock32_conv2/Conv2D/Conv2DBackpropInput,2,35.84,17.92,35.84,17.92,0.0018614364181309725,0.9099595054479214,0.0,0.0
24,Device,Conv2DBackpropFilter,gradient_tape/model/ResBlock21_conv1/Conv2D/Conv2DBackpropFilter,2,34.816,17.408,34.816,17.408,0.0018082525204700876,0.9117677579683915,0.0,0.0
25,Device,Conv2DBackpropFilter,gradient_tape/model/ResBlock22_conv1/Conv2D/Conv2DBackpropFilter,2,34.816,17.408,34.816,17.408,0.0018082525204700876,0.9135760104888616,0.0,0.0
26,Device,Conv2DBackpropFilter,gradient_tape/model/ResBlock21_conv2/Conv2D/Conv2DBackpropFilter,2,33.792,16.896,33.792,16.896,0.0017550686228092027,0.9153310791116708,0.0,0.0
27,Device,Conv2DBackpropFilter,gradient_tape/model/ResBlock22_conv2/Conv2D/Conv2DBackpropFilter,2,33.792,16.896,33.792,16.896,0.0017550686228092027,0.9170861477344799,0.0,0.0
28,Device,Conv2DBackpropFilter,gradient_tape/model/ResBlock32_conv1/Conv2D/Conv2DBackpropFilter,2,33.792,16.896,33.792,16.896,0.0017550686228092027,0.9188412163572891,0.0,0.0
29,Device,Conv2DBackpropFilter,gradient_tape/model/ResBlock21_pooling_conv/Conv2D/Conv2DBackpropFilter,2,32.768,16.384,32.768,16.384,0.0017018847251483176,0.9205431010824374,0.0,0.0
30,Device,Conv2DBackpropFilter,gradient_tape/model/ResBlock31_conv2/Conv2D/Conv2DBackpropFilter,2,31.744,15.872,31.744,15.872,0.0016487008274874326,0.9221918019099249,0.0,0.0
31,Device,Conv2DBackpropFilter,gradient_tape/model/ResBlock32_conv2/Conv2D/Conv2DBackpropFilter,2,31.744,15.872,31.744,15.872,0.0016487008274874326,0.9238405027374124,0.0,0.0
32,Device,Conv2DBackpropFilter,gradient_tape/model/ResBlock31_conv1/Conv2D/Conv2DBackpropFilter,2,27.648,13.824,27.648,13.824,0.001435965236843893,0.9252764679742562,0.0,0.0
33,Device,Conv2DBackpropFilter,gradient_tape/model/ResBlock31_pooling_conv/Conv2D/Conv2DBackpropFilter,2,26.624,13.312,26.624,13.312,0.001382781339183008,0.9266592493134392,0.0,0.0
34,Device,Conv2D,model/ResBlock31_conv2/Conv2D,2,26.624,13.312,26.624,13.312,0.001382781339183008,0.9280420306526223,0.0,0.0
35,Device,Conv2D,model/ResBlock32_conv1/Conv2D,2,26.624,13.312,26.624,13.312,0.001382781339183008,0.9294248119918053,0.0,0.0
36,Device,Conv2D,model/ResBlock32_conv2/Conv2D,2,26.624,13.312,26.624,13.312,0.001382781339183008,0.9308075933309883,0.0,0.0
37,Device,Conv2D,model/ResBlock21_conv2/Conv2D,2,24.576,12.288,24.576,12.288,0.0012764135438612383,0.9320840068748495,0.0,0.0
38,Device,Transpose,gradient_tape/model/conv1/Conv2D/Conv2DBackpropFilter-0-TransposeNHWCToNCHW-LayoutOptimizer,2,23.553,11.7765,23.553,11.7765,0.0012232815836004127,0.9333072884584499,0.0,0.0
39,Device,Conv2D,model/ResBlock22_conv2/Conv2D,2,23.552,11.776,23.552,11.776,0.0012232296462003534,0.9345305181046503,0.0,0.0
40,Device,Conv2D,model/ResBlock22_conv1/Conv2D,2,22.528,11.264,22.528,11.264,0.0011700457485394682,0.9357005638531898,0.0,0.0
41,Device,Softmax,model/dense/Softmax,2,22.528,11.264,22.528,11.264,0.0011700457485394682,0.9368706096017293,0.0,0.0
42,Device,Conv2D,model/ResBlock31_conv1/Conv2D,2,21.504,10.752,21.504,10.752,0.0011168618508785835,0.9379874714526079,0.0,0.0
43,Device,Conv2D,model/ResBlock31_pooling_conv/Conv2D,2,21.504,10.752,21.504,10.752,0.0011168618508785835,0.9391043333034864,0.0,0.0
44,Device,ArgMax,ArgMax,2,20.48,10.24,20.48,10.24,0.0010636779532176984,0.9401680112567041,0.0,0.0
45,Device,ArgMax,ArgMax_1,2,19.456,9.728,19.456,9.728,0.0010104940555568135,0.941178505312261,0.0,0.0
46,Device,AddN,SGD/gradients/AddN_3,2,16.384,8.192,16.384,8.192,0.0008509423625741588,0.9420294476748352,0.0,0.0
47,Device,FusedBatchNormV3,model/ResBlock22_bn2/FusedBatchNormV3,4,16.384,4.096,16.384,4.096,0.0008509423625741588,0.9428803900374094,0.0,0.0
48,Device,FusedBatchNormV3,model/ResBlock22_bn1/FusedBatchNormV3,4,15.36,3.84,15.36,3.84,0.0007977584649132739,0.9436781485023227,0.0,0.0
49,Device,MatMul,model/dense/MatMul,2,15.36,7.68,15.36,7.68,0.0007977584649132739,0.9444759069672359,0.0,0.0
50,Device,FusedBatchNormGradV3,gradient_tape/model/ResBlock21_pooling_bn/FusedBatchNormGradV3,2,14.336,7.168,14.336,7.168,0.000744574567252389,0.9452204815344883,0.0,0.0
51,Device,MatMul,gradient_tape/model/dense/MatMul/MatMul,2,14.336,7.168,14.336,7.168,0.000744574567252389,0.9459650561017408,0.0,0.0
52,Device,FusedBatchNormV3,model/ResBlock21_bn1/FusedBatchNormV3,4,14.336,3.584,14.336,3.584,0.000744574567252389,0.9467096306689932,0.0,0.0
53,Device,FusedBatchNormV3,model/ResBlock21_bn2/FusedBatchNormV3,4,14.336,3.584,14.336,3.584,0.000744574567252389,0.9474542052362456,0.0,0.0
54,Device,FusedBatchNormV3,model/ResBlock21_pooling_bn/FusedBatchNormV3,4,14.336,3.584,14.336,3.584,0.000744574567252389,0.948198779803498,0.0,0.0
55,Device,FusedBatchNormV3,model/ResBlock31_bn1/FusedBatchNormV3,4,14.336,3.584,14.336,3.584,0.000744574567252389,0.9489433543707504,0.0,0.0
56,Device,FusedBatchNormV3,model/ResBlock32_bn1/FusedBatchNormV3,4,14.336,3.584,14.336,3.584,0.000744574567252389,0.9496879289380028,0.0,0.0
57,Device,FusedBatchNormGradV3,gradient_tape/model/ResBlock21_bn1/FusedBatchNormGradV3,2,13.312,6.656,13.312,6.656,0.000691390669591504,0.9503793196075943,0.0,0.0
58,Device,FusedBatchNormV3,model/ResBlock31_pooling_bn/FusedBatchNormV3,4,13.312,3.328,13.312,3.328,0.000691390669591504,0.9510707102771857,0.0,0.0
59,Device,FusedBatchNormGradV3,gradient_tape/model/ResBlock21_bn2/FusedBatchNormGradV3,2,12.289,6.1445,12.289,6.1445,0.0006382587093306786,0.9517089689865164,0.0,0.0
60,Device,BiasAddGrad,gradient_tape/model/ResBlock21_conv1/BiasAdd/BiasAddGrad,2,12.288,6.144,12.288,6.144,0.0006382067719306191,0.952347175758447,0.0,0.0
61,Device,BiasAddGrad,gradient_tape/model/ResBlock21_conv2/BiasAdd/BiasAddGrad,2,12.288,6.144,12.288,6.144,0.0006382067719306191,0.9529853825303776,0.0,0.0
62,Device,BiasAddGrad,gradient_tape/model/ResBlock21_pooling_conv/BiasAdd/BiasAddGrad,2,12.288,6.144,12.288,6.144,0.0006382067719306191,0.9536235893023082,0.0,0.0
63,Device,FusedBatchNormGradV3,gradient_tape/model/ResBlock22_bn1/FusedBatchNormGradV3,2,12.288,6.144,12.288,6.144,0.0006382067719306191,0.9542617960742388,0.0,0.0
64,Device,BiasAddGrad,gradient_tape/model/ResBlock22_conv1/BiasAdd/BiasAddGrad,2,12.288,6.144,12.288,6.144,0.0006382067719306191,0.9549000028461694,0.0,0.0
65,Device,BiasAddGrad,gradient_tape/model/ResBlock22_conv2/BiasAdd/BiasAddGrad,2,12.288,6.144,12.288,6.144,0.0006382067719306191,0.9555382096181,0.0,0.0
66,Device,MatMul,gradient_tape/model/dense/MatMul/MatMul_1,2,12.288,6.144,12.288,6.144,0.0006382067719306191,0.9561764163900306,0.0,0.0
67,Device,FusedBatchNormV3,model/ResBlock31_bn2/FusedBatchNormV3,4,12.288,3.072,12.288,3.072,0.0006382067719306191,0.9568146231619612,0.0,0.0
68,Device,FusedBatchNormV3,model/ResBlock32_bn2/FusedBatchNormV3,4,12.288,3.072,12.288,3.072,0.0006382067719306191,0.9574528299338918,0.0,0.0
69,Device,DynamicStitch,gradient_tape/model/GAP/DynamicStitch,2,11.264,5.632,11.264,5.632,0.0005850228742697341,0.9580378528081616,0.0,0.0
70,Device,FusedBatchNormGradV3,gradient_tape/model/ResBlock22_bn2/FusedBatchNormGradV3,2,11.264,5.632,11.264,5.632,0.0005850228742697341,0.9586228756824313,0.0,0.0
71,Device,BiasAddGrad,gradient_tape/model/ResBlock31_conv1/BiasAdd/BiasAddGrad,2,11.264,5.632,11.264,5.632,0.0005850228742697341,0.9592078985567011,0.0,0.0
72,Device,BroadcastTo,gradient_tape/model/GAP/BroadcastTo,2,10.24,5.12,10.24,5.12,0.0005318389766088492,0.9597397375333099,0.0,0.0
73,Device,FusedBatchNormGradV3,gradient_tape/model/ResBlock31_bn2/FusedBatchNormGradV3,2,10.24,5.12,10.24,5.12,0.0005318389766088492,0.9602715765099187,0.0,0.0
74,Device,BiasAddGrad,gradient_tape/model/ResBlock31_conv2/BiasAdd/BiasAddGrad,2,10.24,5.12,10.24,5.12,0.0005318389766088492,0.9608034154865275,0.0,0.0
75,Device,FusedBatchNormGradV3,gradient_tape/model/ResBlock31_pooling_bn/FusedBatchNormGradV3,2,10.24,5.12,10.24,5.12,0.0005318389766088492,0.9613352544631363,0.0,0.0
76,Device,BiasAddGrad,gradient_tape/model/ResBlock31_pooling_conv/BiasAdd/BiasAddGrad,2,10.24,5.12,10.24,5.12,0.0005318389766088492,0.9618670934397451,0.0,0.0
77,Device,FusedBatchNormGradV3,gradient_tape/model/ResBlock32_bn1/FusedBatchNormGradV3,2,10.24,5.12,10.24,5.12,0.0005318389766088492,0.9623989324163539,0.0,0.0
78,Device,FusedBatchNormGradV3,gradient_tape/model/ResBlock32_bn2/FusedBatchNormGradV3,2,10.24,5.12,10.24,5.12,0.0005318389766088492,0.9629307713929627,0.0,0.0
79,Device,BiasAddGrad,gradient_tape/model/ResBlock32_conv1/BiasAdd/BiasAddGrad,2,10.24,5.12,10.24,5.12,0.0005318389766088492,0.9634626103695715,0.0,0.0
80,Device,BiasAddGrad,gradient_tape/model/ResBlock32_conv2/BiasAdd/BiasAddGrad,2,10.24,5.12,10.24,5.12,0.0005318389766088492,0.9639944493461803,0.0,0.0
81,Device,ReluGrad,gradient_tape/model/tf.nn.relu/ReluGrad,2,10.24,5.12,10.24,5.12,0.0005318389766088492,0.9645262883227891,0.0,0.0
82,Device,FusedBatchNormGradV3,gradient_tape/model/ResBlock31_bn1/FusedBatchNormGradV3,2,9.216,4.608,9.216,4.608,0.0004786550789479643,0.965004943401737,0.0,0.0
83,Device,ResourceApplyGradientDescent,SGD/SGD/update/ResourceApplyGradientDescent,2,8.192,4.096,8.192,4.096,0.0004254711812870794,0.9654304145830241,0.0,0.0
84,Device,ResourceApplyGradientDescent,SGD/SGD/update_10/ResourceApplyGradientDescent,2,8.192,4.096,8.192,4.096,0.0004254711812870794,0.9658558857643113,0.0,0.0
85,Device,Transpose,gradient_tape/model/tf.nn.relu_7/ReluGrad-0-TransposeNHWCToNCHW-LayoutOptimizer,2,8.192,4.096,8.192,4.096,0.0004254711812870794,0.9662813569455984,0.0,0.0
86,Device,Mean,model/GAP/Mean,2,8.192,4.096,8.192,4.096,0.0004254711812870794,0.9667068281268855,0.0,0.0
87,Device,BiasAdd,model/ResBlock21_conv2/BiasAdd,2,8.192,4.096,8.192,4.096,0.0004254711812870794,0.9671322993081726,0.0,0.0
88,Device,BiasAdd,model/ResBlock21_pooling_conv/BiasAdd,2,8.192,4.096,8.192,4.096,0.0004254711812870794,0.9675577704894597,0.0,0.0
89,Device,BiasAdd,model/ResBlock22_conv2/BiasAdd,2,8.192,4.096,8.192,4.096,0.0004254711812870794,0.9679832416707468,0.0,0.0
90,Device,Equal,Equal,2,7.169,3.5845,7.169,3.5845,0.0003723392210262539,0.9683555808917731,0.0,0.0
91,Device,AssignAddVariableOp,AssignAddVariableOp_2,2,7.168,3.584,7.168,3.584,0.0003722872836261945,0.9687278681753992,0.0,0.0
92,Device,ResourceApplyGradientDescent,SGD/SGD/update_16/ResourceApplyGradientDescent,2,7.168,3.584,7.168,3.584,0.0003722872836261945,0.9691001554590254,0.0,0.0
93,Device,ResourceApplyGradientDescent,SGD/SGD/update_36/ResourceApplyGradientDescent,2,7.168,3.584,7.168,3.584,0.0003722872836261945,0.9694724427426515,0.0,0.0
94,Device,ResourceApplyGradientDescent,SGD/SGD/update_4/ResourceApplyGradientDescent,2,7.168,3.584,7.168,3.584,0.0003722872836261945,0.9698447300262777,0.0,0.0
95,Device,ResourceApplyGradientDescent,SGD/SGD/update_40/ResourceApplyGradientDescent,2,7.168,3.584,7.168,3.584,0.0003722872836261945,0.9702170173099038,0.0,0.0
96,Device,ResourceApplyGradientDescent,SGD/SGD/update_44/ResourceApplyGradientDescent,2,7.168,3.584,7.168,3.584,0.0003722872836261945,0.97058930459353,0.0,0.0
97,Device,AddN,SGD/gradients/AddN_1,2,7.168,3.584,7.168,3.584,0.0003722872836261945,0.9709615918771561,0.0,0.0
98,Device,Mul,gradient_tape/categorical_crossentropy/softmax_cross_entropy_with_logits/mul,2,7.168,3.584,7.168,3.584,0.0003722872836261945,0.9713338791607823,0.0,0.0
99,Device,BiasAddGrad,gradient_tape/model/dense/BiasAdd/BiasAddGrad,2,7.168,3.584,7.168,3.584,0.0003722872836261945,0.9717061664444084,0.0,0.0
100,Device,ReluGrad,gradient_tape/model/tf.nn.relu_1/ReluGrad,2,7.168,3.584,7.168,3.584,0.0003722872836261945,0.9720784537280346,0.0,0.0
101,Device,ReluGrad,gradient_tape/model/tf.nn.relu_2/ReluGrad,2,7.168,3.584,7.168,3.584,0.0003722872836261945,0.9724507410116607,0.0,0.0
102,Device,AddV2,model/ResBlock21_add/add,2,7.168,3.584,7.168,3.584,0.0003722872836261945,0.9728230282952869,0.0,0.0
103,Device,BiasAdd,model/ResBlock21_conv1/BiasAdd,2,7.168,3.584,7.168,3.584,0.0003722872836261945,0.973195315578913,0.0,0.0
104,Device,BiasAdd,model/ResBlock22_conv1/BiasAdd,2,7.168,3.584,7.168,3.584,0.0003722872836261945,0.9735676028625392,0.0,0.0
105,Device,AddV2,model/ResBlock31_add/add,2,7.168,3.584,7.168,3.584,0.0003722872836261945,0.9739398901461653,0.0,0.0
106,Device,BiasAdd,model/ResBlock31_conv1/BiasAdd,2,7.168,3.584,7.168,3.584,0.0003722872836261945,0.9743121774297915,0.0,0.0
107,Device,Relu,model/tf.nn.relu/Relu,2,7.168,3.584,7.168,3.584,0.0003722872836261945,0.9746844647134176,0.0,0.0
108,Device,Transpose,model/tf.nn.relu_7/Relu-0-0-TransposeNCHWToNHWC-LayoutOptimizer,2,7.168,3.584,7.168,3.584,0.0003722872836261945,0.9750567519970438,0.0,0.0
109,Device,AssignAddVariableOp,AssignAddVariableOp,2,6.144,3.072,6.144,3.072,0.00031910338596530957,0.9753758553830091,0.0,0.0
110,Device,AssignAddVariableOp,AssignAddVariableOp_3,2,6.144,3.072,6.144,3.072,0.00031910338596530957,0.9756949587689744,0.0,0.0
111,Device,Cast,Cast,2,6.144,3.072,6.144,3.072,0.00031910338596530957,0.9760140621549397,0.0,0.0
112,Device,Cast,Cast_1,2,6.144,3.072,6.144,3.072,0.00031910338596530957,0.976333165540905,0.0,0.0
113,Device,Cast,Cast_2,2,6.144,3.072,6.144,3.072,0.00031910338596530957,0.9766522689268703,0.0,0.0
114,Device,AssignAddVariableOp,SGD/SGD/AssignAddVariableOp,2,6.144,3.072,6.144,3.072,0.00031910338596530957,0.9769713723128356,0.0,0.0
115,Device,ResourceApplyGradientDescent,SGD/SGD/update_1/ResourceApplyGradientDescent,2,6.144,3.072,6.144,3.072,0.00031910338596530957,0.9772904756988009,0.0,0.0
116,Device,ResourceApplyGradientDescent,SGD/SGD/update_11/ResourceApplyGradientDescent,2,6.144,3.072,6.144,3.072,0.00031910338596530957,0.9776095790847662,0.0,0.0
117,Device,ResourceApplyGradientDescent,SGD/SGD/update_12/ResourceApplyGradientDescent,2,6.144,3.072,6.144,3.072,0.00031910338596530957,0.9779286824707315,0.0,0.0
118,Device,ResourceApplyGradientDescent,SGD/SGD/update_13/ResourceApplyGradientDescent,2,6.144,3.072,6.144,3.072,0.00031910338596530957,0.9782477858566968,0.0,0.0
119,Device,ResourceApplyGradientDescent,SGD/SGD/update_15/ResourceApplyGradientDescent,2,6.144,3.072,6.144,3.072,0.00031910338596530957,0.9785668892426621,0.0,0.0
120,Device,ResourceApplyGradientDescent,SGD/SGD/update_17/ResourceApplyGradientDescent,2,6.144,3.072,6.144,3.072,0.00031910338596530957,0.9788859926286274,0.0,0.0
121,Device,ResourceApplyGradientDescent,SGD/SGD/update_19/ResourceApplyGradientDescent,2,6.144,3.072,6.144,3.072,0.00031910338596530957,0.9792050960145927,0.0,0.0
122,Device,ResourceApplyGradientDescent,SGD/SGD/update_2/ResourceApplyGradientDescent,2,6.144,3.072,6.144,3.072,0.00031910338596530957,0.979524199400558,0.0,0.0
123,Device,ResourceApplyGradientDescent,SGD/SGD/update_20/ResourceApplyGradientDescent,2,6.144,3.072,6.144,3.072,0.00031910338596530957,0.9798433027865233,0.0,0.0
124,Device,ResourceApplyGradientDescent,SGD/SGD/update_24/ResourceApplyGradientDescent,2,6.144,3.072,6.144,3.072,0.00031910338596530957,0.9801624061724886,0.0,0.0
125,Device,ResourceApplyGradientDescent,SGD/SGD/update_25/ResourceApplyGradientDescent,2,6.144,3.072,6.144,3.072,0.00031910338596530957,0.9804815095584539,0.0,0.0
126,Device,ResourceApplyGradientDescent,SGD/SGD/update_27/ResourceApplyGradientDescent,2,6.144,3.072,6.144,3.072,0.00031910338596530957,0.9808006129444192,0.0,0.0
127,Device,ResourceApplyGradientDescent,SGD/SGD/update_28/ResourceApplyGradientDescent,2,6.144,3.072,6.144,3.072,0.00031910338596530957,0.9811197163303845,0.0,0.0
128,Device,ResourceApplyGradientDescent,SGD/SGD/update_3/ResourceApplyGradientDescent,2,6.144,3.072,6.144,3.072,0.00031910338596530957,0.9814388197163498,0.0,0.0
129,Device,ResourceApplyGradientDescent,SGD/SGD/update_30/ResourceApplyGradientDescent,2,6.144,3.072,6.144,3.072,0.00031910338596530957,0.9817579231023151,0.0,0.0
130,Device,ResourceApplyGradientDescent,SGD/SGD/update_31/ResourceApplyGradientDescent,2,6.144,3.072,6.144,3.072,0.00031910338596530957,0.9820770264882804,0.0,0.0
131,Device,ResourceApplyGradientDescent,SGD/SGD/update_33/ResourceApplyGradientDescent,2,6.144,3.072,6.144,3.072,0.00031910338596530957,0.9823961298742457,0.0,0.0
132,Device,ResourceApplyGradientDescent,SGD/SGD/update_37/ResourceApplyGradientDescent,2,6.144,3.072,6.144,3.072,0.00031910338596530957,0.982715233260211,0.0,0.0
133,Device,ResourceApplyGradientDescent,SGD/SGD/update_42/ResourceApplyGradientDescent,2,6.144,3.072,6.144,3.072,0.00031910338596530957,0.9830343366461763,0.0,0.0
134,Device,ResourceApplyGradientDescent,SGD/SGD/update_45/ResourceApplyGradientDescent,2,6.144,3.072,6.144,3.072,0.00031910338596530957,0.9833534400321416,0.0,0.0
135,Device,ResourceApplyGradientDescent,SGD/SGD/update_5/ResourceApplyGradientDescent,2,6.144,3.072,6.144,3.072,0.00031910338596530957,0.983672543418107,0.0,0.0
136,Device,ResourceApplyGradientDescent,SGD/SGD/update_6/ResourceApplyGradientDescent,2,6.144,3.072,6.144,3.072,0.00031910338596530957,0.9839916468040723,0.0,0.0
137,Device,ResourceApplyGradientDescent,SGD/SGD/update_7/ResourceApplyGradientDescent,2,6.144,3.072,6.144,3.072,0.00031910338596530957,0.9843107501900376,0.0,0.0
138,Device,ResourceApplyGradientDescent,SGD/SGD/update_8/ResourceApplyGradientDescent,2,6.144,3.072,6.144,3.072,0.00031910338596530957,0.9846298535760029,0.0,0.0
139,Device,AddN,SGD/gradients/AddN,2,6.144,3.072,6.144,3.072,0.00031910338596530957,0.9849489569619682,0.0,0.0
140,Device,AddN,SGD/gradients/AddN_2,2,6.144,3.072,6.144,3.072,0.00031910338596530957,0.9852680603479335,0.0,0.0
141,Device,DivNoNan,categorical_crossentropy/weighted_loss/value,2,6.144,3.072,6.144,3.072,0.00031910338596530957,0.9855871637338988,0.0,0.0
142,Device,DivNoNan,gradient_tape/categorical_crossentropy/weighted_loss/value/div_no_nan,2,6.144,3.072,6.144,3.072,0.00031910338596530957,0.9859062671198641,0.0,0.0
143,Device,RealDiv,gradient_tape/model/GAP/truediv,2,6.144,3.072,6.144,3.072,0.00031910338596530957,0.9862253705058294,0.0,0.0
144,Device,ReluGrad,gradient_tape/model/tf.nn.relu_3/ReluGrad,2,6.144,3.072,6.144,3.072,0.00031910338596530957,0.9865444738917947,0.0,0.0
145,Device,ReluGrad,gradient_tape/model/tf.nn.relu_5/ReluGrad,2,6.144,3.072,6.144,3.072,0.00031910338596530957,0.98686357727776,0.0,0.0
146,Device,ReluGrad,gradient_tape/model/tf.nn.relu_6/ReluGrad,2,6.144,3.072,6.144,3.072,0.00031910338596530957,0.9871826806637253,0.0,0.0
147,Device,ReluGrad,gradient_tape/model/tf.nn.relu_7/ReluGrad,2,6.144,3.072,6.144,3.072,0.00031910338596530957,0.9875017840496906,0.0,0.0
148,Device,AddV2,model/ResBlock22_add/add,2,6.144,3.072,6.144,3.072,0.00031910338596530957,0.9878208874356559,0.0,0.0
149,Device,BiasAdd,model/ResBlock31_conv2/BiasAdd,2,6.144,3.072,6.144,3.072,0.00031910338596530957,0.9881399908216212,0.0,0.0
150,Device,BiasAdd,model/ResBlock31_pooling_conv/BiasAdd,2,6.144,3.072,6.144,3.072,0.00031910338596530957,0.9884590942075865,0.0,0.0
151,Device,AddV2,model/ResBlock32_add/add,2,6.144,3.072,6.144,3.072,0.00031910338596530957,0.9887781975935518,0.0,0.0
152,Device,BiasAdd,model/ResBlock32_conv1/BiasAdd,2,6.144,3.072,6.144,3.072,0.00031910338596530957,0.9890973009795171,0.0,0.0
153,Device,BiasAdd,model/ResBlock32_conv2/BiasAdd,2,6.144,3.072,6.144,3.072,0.00031910338596530957,0.9894164043654824,0.0,0.0
154,Device,BiasAdd,model/dense/BiasAdd,2,6.144,3.072,6.144,3.072,0.00031910338596530957,0.9897355077514477,0.0,0.0
155,Device,Relu,model/tf.nn.relu_1/Relu,2,6.144,3.072,6.144,3.072,0.00031910338596530957,0.990054611137413,0.0,0.0
156,Device,Relu,model/tf.nn.relu_2/Relu,2,6.144,3.072,6.144,3.072,0.00031910338596530957,0.9903737145233783,0.0,0.0
157,Device,Relu,model/tf.nn.relu_3/Relu,2,6.144,3.072,6.144,3.072,0.00031910338596530957,0.9906928179093436,0.0,0.0
158,Device,Relu,model/tf.nn.relu_4/Relu,2,6.144,3.072,6.144,3.072,0.00031910338596530957,0.9910119212953089,0.0,0.0
159,Device,Relu,model/tf.nn.relu_7/Relu,2,6.144,3.072,6.144,3.072,0.00031910338596530957,0.9913310246812742,0.0,0.0
160,Device,AssignAddVariableOp,AssignAddVariableOp_1,2,5.12,2.56,5.12,2.56,0.0002659194883044246,0.9915969441695787,0.0,0.0
161,Device,AssignAddVariableOp,AssignAddVariableOp_4,2,5.12,2.56,5.12,2.56,0.0002659194883044246,0.9918628636578831,0.0,0.0
162,Device,ResourceApplyGradientDescent,SGD/SGD/update_14/ResourceApplyGradientDescent,2,5.12,2.56,5.12,2.56,0.0002659194883044246,0.9921287831461876,0.0,0.0
163,Device,ResourceApplyGradientDescent,SGD/SGD/update_18/ResourceApplyGradientDescent,2,5.12,2.56,5.12,2.56,0.0002659194883044246,0.992394702634492,0.0,0.0
164,Device,ResourceApplyGradientDescent,SGD/SGD/update_21/ResourceApplyGradientDescent,2,5.12,2.56,5.12,2.56,0.0002659194883044246,0.9926606221227965,0.0,0.0
165,Device,ResourceApplyGradientDescent,SGD/SGD/update_23/ResourceApplyGradientDescent,2,5.12,2.56,5.12,2.56,0.0002659194883044246,0.9929265416111009,0.0,0.0
166,Device,ResourceApplyGradientDescent,SGD/SGD/update_26/ResourceApplyGradientDescent,2,5.12,2.56,5.12,2.56,0.0002659194883044246,0.9931924610994054,0.0,0.0
167,Device,ResourceApplyGradientDescent,SGD/SGD/update_29/ResourceApplyGradientDescent,2,5.12,2.56,5.12,2.56,0.0002659194883044246,0.9934583805877099,0.0,0.0
168,Device,ResourceApplyGradientDescent,SGD/SGD/update_32/ResourceApplyGradientDescent,2,5.12,2.56,5.12,2.56,0.0002659194883044246,0.9937243000760143,0.0,0.0
169,Device,ResourceApplyGradientDescent,SGD/SGD/update_34/ResourceApplyGradientDescent,2,5.12,2.56,5.12,2.56,0.0002659194883044246,0.9939902195643188,0.0,0.0
170,Device,ResourceApplyGradientDescent,SGD/SGD/update_35/ResourceApplyGradientDescent,2,5.12,2.56,5.12,2.56,0.0002659194883044246,0.9942561390526232,0.0,0.0
171,Device,ResourceApplyGradientDescent,SGD/SGD/update_38/ResourceApplyGradientDescent,2,5.12,2.56,5.12,2.56,0.0002659194883044246,0.9945220585409277,0.0,0.0
172,Device,ResourceApplyGradientDescent,SGD/SGD/update_39/ResourceApplyGradientDescent,2,5.12,2.56,5.12,2.56,0.0002659194883044246,0.9947879780292321,0.0,0.0
173,Device,ResourceApplyGradientDescent,SGD/SGD/update_41/ResourceApplyGradientDescent,2,5.12,2.56,5.12,2.56,0.0002659194883044246,0.9950538975175366,0.0,0.0
174,Device,ResourceApplyGradientDescent,SGD/SGD/update_43/ResourceApplyGradientDescent,2,5.12,2.56,5.12,2.56,0.0002659194883044246,0.995319817005841,0.0,0.0
175,Device,ResourceApplyGradientDescent,SGD/SGD/update_9/ResourceApplyGradientDescent,2,5.12,2.56,5.12,2.56,0.0002659194883044246,0.9955857364941455,0.0,0.0
176,Device,Sum,categorical_crossentropy/weighted_loss/Sum,2,5.12,2.56,5.12,2.56,0.0002659194883044246,0.99585165598245,0.0,0.0
177,Device,Cast,categorical_crossentropy/weighted_loss/num_elements/Cast,2,5.12,2.56,5.12,2.56,0.0002659194883044246,0.9961175754707544,0.0,0.0
178,Device,DivNoNan,div_no_nan_1,2,5.12,2.56,5.12,2.56,0.0002659194883044246,0.9963834949590589,0.0,0.0
179,Device,Tile,gradient_tape/categorical_crossentropy/weighted_loss/Tile_1,2,5.12,2.56,5.12,2.56,0.0002659194883044246,0.9966494144473633,0.0,0.0
180,Device,Cast,gradient_tape/model/GAP/Cast,2,5.12,2.56,5.12,2.56,0.0002659194883044246,0.9969153339356678,0.0,0.0
181,Device,ReluGrad,gradient_tape/model/tf.nn.relu_4/ReluGrad,2,5.12,2.56,5.12,2.56,0.0002659194883044246,0.9971812534239722,0.0,0.0
182,Device,Relu,model/tf.nn.relu_5/Relu,2,5.12,2.56,5.12,2.56,0.0002659194883044246,0.9974471729122767,0.0,0.0
183,Device,_Recv,gradient_tape/model/GAP/ones/_16,2,4.512,2.256,4.512,2.256,0.0002343415490682742,0.997681514461345,0.0,0.0
184,Device,_Send,IteratorGetNext/_3,2,4.096,2.048,4.096,2.048,0.0002127355906435397,0.9978942500519885,0.0,0.0
185,Device,Mul,Mul,2,4.096,2.048,4.096,2.048,0.0002127355906435397,0.998106985642632,0.0,0.0
186,Device,ResourceApplyGradientDescent,SGD/SGD/update_22/ResourceApplyGradientDescent,2,4.096,2.048,4.096,2.048,0.0002127355906435397,0.9983197212332755,0.0,0.0
187,Device,Sum,Sum_2,2,4.096,2.048,4.096,2.048,0.0002127355906435397,0.998532456823919,0.0,0.0
188,Device,DivNoNan,div_no_nan,2,4.096,2.048,4.096,2.048,0.0002127355906435397,0.9987451924145625,0.0,0.0
189,Device,Relu,model/tf.nn.relu_6/Relu,2,4.096,2.048,4.096,2.048,0.0002127355906435397,0.998957928005206,0.0,0.0
190,Device,_HostRecv,gradient_tape/model/GAP/DynamicStitch/_24,2,3.552,1.776,3.552,1.776,0.00018448164501119459,0.9991424096502172,0.0,0.0
191,Device,_Recv,gradient_tape/model/GAP/floordiv/_18,2,3.52,1.76,3.52,1.76,0.00018281964820929193,0.9993252292984265,0.0,0.0
192,Device,_Recv,categorical_crossentropy/weighted_loss/num_elements/_20,2,3.104,1.552,3.104,1.552,0.00016121368978455744,0.9994864429882111,0.0,0.0
193,Device,LogicalAnd,LogicalAnd,1,3.072,3.072,3.072,3.072,0.00015955169298265478,0.9996459946811938,0.0,0.0
194,Device,_Recv,Size/_22,2,2.752,1.376,2.752,1.376,0.00014293172496362822,0.9997889264061574,0.0,0.0
195,Device,_Recv,strided_slice/_12,2,2.048,1.024,2.048,1.024,0.00010636779532176985,0.9998952942014792,0.0,0.0
196,Device,_Recv,gradient_tape/model/GAP/Shape-0-1-DataFormatVecPermuteNCHWToNHWC-LayoutOptimizer/_14,2,2.016,1.008,2.016,1.008,0.0001047057985198672,0.999999999999999,0.0,0.0
197,Host,IDLE,IDLE,0,72698.206,0.0,72698.206,0.0,0.0,0.0,0.9733352838007788,0.9733352838007788
198,Host,_Send,IteratorGetNext/_3,2,402.124,201.062,402.124,201.062,0.0,0.0,0.005383922096552209,0.9787192058973311
199,Host,_Send,IteratorGetNext/_1,2,394.705,197.3525,394.705,197.3525,0.0,0.0,0.005284591248270781,0.9840037971456018
200,Host,GatherV2,GatherV2,2,387.565,193.7825,387.565,193.7825,0.0,0.0,0.005188995850409965,0.9891927929960118
201,Host,_Send,IteratorGetNext/_6,2,350.534,175.267,350.534,175.267,0.0,0.0,0.004693198486518666,0.9938859914825304
202,Host,Dataset,Iterator::Root::ParallelMapV2,2,71.071,35.5355,71.071,35.5355,0.0,0.0,0.0009515490926282988,0.9948375405751587
203,Host,Dataset,Iterator::Root::ParallelMapV2::Zip[1]::ForeverRepeat,2,64.921,32.4605,60.001,30.0005,0.0,0.0,0.000803336059810479,0.9956408766349693
204,Host,Dataset,Iterator::Root::ParallelMapV2::Zip[0]::FlatMap[1]::Concatenate,2,71.091,35.5455,47.251,23.6255,0.0,0.0,0.000632629992201879,0.9962735066271712
205,Host,IteratorGetNext,IteratorGetNext,2,40.31,20.155,40.31,20.155,0.0,0.0,0.0005396989478668757,0.996813205575038
206,Host,LogicalAnd,LogicalAnd,1,40.18,40.18,40.18,40.18,0.0,0.0,0.0005379584154128272,0.9973511639904509
207,Host,GatherV2,GatherV2_1,2,38.781,19.3905,38.781,19.3905,0.0,0.0,0.0005192276084650287,0.9978703915989159
208,Host,FlushSummaryWriter,FlushSummaryWriter,1,38.48,38.48,38.48,38.48,0.0,0.0,0.0005151976063983472,0.9983855892053143
209,Host,Dataset,Iterator::Root,2,108.241,54.1205,37.17,18.585,0.0,0.0,0.0004976583947460127,0.9988832476000603
210,Host,Dataset,Iterator::Root::ParallelMapV2::Zip[0]::FlatMap[1]::Concatenate[0]::TensorSlice,2,23.84,11.92,23.84,11.92,0.0,0.0,0.0003191868746501195,0.9992024344747105
211,Host,WriteSummary,WriteSummary,1,20.32,20.32,20.32,20.32,0.0,0.0,0.0002720586112789609,0.9994744930859895
212,Host,Dataset,Iterator::Root::ParallelMapV2::Zip,2,152.752,76.376,12.06,6.03,0.0,0.0,0.0001614678568909581,0.9996359609428804
213,Host,_HostSend,categorical_crossentropy/softmax_cross_entropy_with_logits/Shape_2/_9,2,9.01,4.505,9.01,4.505,0.0,0.0,0.00012063228777674398,0.9997565932306571
214,Host,ReadVariableOp,ReadVariableOp,1,5.89,5.89,5.89,5.89,0.0,0.0,7.88595088795807e-05,0.9998354527395367
215,Host,Dataset,Iterator::Root::ParallelMapV2::Zip[1]::ForeverRepeat::FromTensor,4,4.92,1.23,4.92,1.23,0.0,0.0,6.587245903014211e-05,0.9999013251985668
216,Host,Dataset,Iterator::Root::ParallelMapV2::Zip[0]::FlatMap,2,75.771,37.8855,4.68,2.34,0.0,0.0,6.265916834574493e-05,0.9999639843669125
217,Host,Identity,Identity,2,2.69,1.345,2.69,1.345,0.0,0.0,3.6015633087618347e-05,1.0
