Rank,Host/device,Type,Operation,#Occurrences,Total time (us),Avg. time (us),Total self-time (us),Avg. self-time (us),Total self-time on Device (%),Cumulative total-self time on Device (%),Total self-time on Host (%),Cumulative total-self time on Host (%)
1,Device,DepthwiseConv2dNativeBackpropFilter,gradient_tape/xception/block2_sepconv2/separable_conv2d/DepthwiseConv2dNativeBackpropFilter,2,51122.276,25561.138,51122.276,25561.138,0.18019616171910877,0.18019616171910877,0.0,0.0
2,Device,DepthwiseConv2dNativeBackpropFilter,gradient_tape/xception/block2_sepconv1/separable_conv2d/DepthwiseConv2dNativeBackpropFilter,2,48715.872,24357.936,48715.872,24357.936,0.17171405180002947,0.3519102135191382,0.0,0.0
3,Device,IDLE,IDLE,0,9794.385,0.0,9794.385,0.0,0.03452331784678783,0.38643353136592606,0.0,0.0
4,Device,FusedBatchNormGradV3,gradient_tape/xception/block2_sepconv2_bn/FusedBatchNormGradV3,2,3482.631,1741.3155,3482.631,1741.3155,0.012275602496336068,0.39870913386226214,0.0,0.0
5,Device,FusedBatchNormGradV3,gradient_tape/xception/block2_sepconv1_bn/FusedBatchNormGradV3,2,3478.534,1739.267,3478.534,1739.267,0.012261161361622834,0.41097029522388495,0.0,0.0
6,Device,FusedBatchNormV3,xception/block2_sepconv2_bn/FusedBatchNormV3,4,2504.708,626.177,2504.708,626.177,0.008828612556826413,0.4197989077807114,0.0,0.0
7,Device,FusedBatchNormV3,xception/block2_sepconv1_bn/FusedBatchNormV3,4,2500.614,625.1535,2500.614,625.1535,0.008814181996534495,0.4286130897772459,0.0,0.0
8,Device,_Recv,IteratorGetNext/_2,2,2348.421,1174.2105,2348.421,1174.2105,0.008277731028652776,0.43689082080589864,0.0,0.0
9,Device,Conv2DBackpropFilter,gradient_tape/xception/block2_sepconv2/separable_conv2d/Conv2DBackpropFilter,2,2299.909,1149.9545,2299.909,1149.9545,0.00810673558632706,0.4449975563922257,0.0,0.0
10,Device,Conv2DBackpropFilter,gradient_tape/xception/block4_sepconv2/separable_conv2d/Conv2DBackpropFilter,4,2274.309,568.57725,2274.309,568.57725,0.008016500524413753,0.4530140569166395,0.0,0.0
11,Device,Conv2D,xception/block4_sepconv2/separable_conv2d,4,2237.444,559.361,2237.444,559.361,0.007886558510451483,0.460900615427091,0.0,0.0
12,Device,Conv2DBackpropInput,gradient_tape/xception/block4_sepconv2/separable_conv2d/Conv2DBackpropInput,4,2167.813,541.95325,2167.813,541.95325,0.007641122666854394,0.4685417380939454,0.0,0.0
13,Device,Conv2DBackpropFilter,gradient_tape/xception/block2_sepconv1/separable_conv2d/Conv2DBackpropFilter,2,1908.74,954.37,1908.74,954.37,0.0067279403154846176,0.47526967840943,0.0,0.0
14,Device,DepthwiseConv2dNativeBackpropInput,gradient_tape/xception/block2_sepconv2/separable_conv2d/DepthwiseConv2dNativeBackpropInput,2,1879.043,939.5215,1879.043,939.5215,0.006623264118858075,0.48189294252828807,0.0,0.0
15,Device,Conv2DBackpropFilter,gradient_tape/xception/block1_conv2/Conv2D/Conv2DBackpropFilter,2,1796.1,898.05,1796.1,898.05,0.0063309060430660645,0.48822384857135415,0.0,0.0
16,Device,FusedBatchNormGradV3,gradient_tape/xception/block3_sepconv1_bn/FusedBatchNormGradV3,2,1790.979,895.4895,1790.979,895.4895,0.0063128555058762975,0.49453670407723044,0.0,0.0
17,Device,FusedBatchNormGradV3,gradient_tape/xception/block3_sepconv2_bn/FusedBatchNormGradV3,2,1775.619,887.8095,1775.619,887.8095,0.006258714468728313,0.5007954185459588,0.0,0.0
18,Device,ReluGrad,gradient_tape/xception/block2_sepconv2_act/ReluGrad,2,1608.708,804.354,1608.708,804.354,0.005670385389860656,0.5064658039358194,0.0,0.0
19,Device,Conv2D,xception/block2_sepconv2/separable_conv2d,2,1591.3,795.65,1591.3,795.65,0.005609025547759607,0.5120748294835791,0.0,0.0
20,Device,Conv2DBackpropInput,gradient_tape/xception/block2_sepconv2/separable_conv2d/Conv2DBackpropInput,2,1564.675,782.3375,1564.675,782.3375,0.005515177558562661,0.5175900070421418,0.0,0.0
21,Device,FusedBatchNormGradV3,gradient_tape/xception/block1_conv2_bn/FusedBatchNormGradV3,2,1513.476,756.738,1513.476,756.738,0.005334710959543153,0.5229247180016849,0.0,0.0
22,Device,Conv2DBackpropInput,gradient_tape/xception/block1_conv2/Conv2D/Conv2DBackpropInput,2,1441.794,720.897,1441.794,720.897,0.005082045736571681,0.5280067637382566,0.0,0.0
23,Device,Conv2D,xception/block3_sepconv2/separable_conv2d,2,1410.051,705.0255,1410.051,705.0255,0.004970157784606285,0.5329769215228629,0.0,0.0
24,Device,Conv2DBackpropFilter,gradient_tape/xception/block3_sepconv2/separable_conv2d/Conv2DBackpropFilter,2,1403.906,701.953,1403.906,701.953,0.004948497844939985,0.5379254193678029,0.0,0.0
25,Device,Conv2DBackpropInput,gradient_tape/xception/block3_sepconv2/separable_conv2d/Conv2DBackpropInput,2,1388.547,694.2735,1388.547,694.2735,0.004894360332599107,0.5428197797004021,0.0,0.0
26,Device,DepthwiseConv2dNative,xception/block2_sepconv2/separable_conv2d/depthwise,2,1356.802,678.401,1356.802,678.401,0.0047824653310195,0.5476022450314215,0.0,0.0
27,Device,MaxPoolGrad,gradient_tape/xception/block2_pool/MaxPool/MaxPoolGrad,2,1288.196,644.098,1288.196,644.098,0.004540642414706047,0.5521428874461276,0.0,0.0
28,Device,FusedBatchNormV3,xception/block1_conv2_bn/FusedBatchNormV3,4,1183.746,295.9365,1183.746,295.9365,0.004172476312485542,0.5563153637586131,0.0,0.0
29,Device,Conv2DBackpropFilter,gradient_tape/xception/block14_sepconv2/separable_conv2d/Conv2DBackpropFilter,2,1165.314,582.657,1165.314,582.657,0.004107507067907961,0.5604228708265211,0.0,0.0
30,Device,Conv2D,xception/block2_sepconv1/separable_conv2d,2,1088.514,544.257,1088.514,544.257,0.0038368018821680386,0.5642596727086892,0.0,0.0
31,Device,Conv2D,xception/block1_conv2/Conv2D,2,1052.674,526.337,1052.674,526.337,0.0037104727954894085,0.5679701455041786,0.0,0.0
32,Device,FusedBatchNormGradV3,gradient_tape/xception/block4_sepconv2_bn/FusedBatchNormGradV3,2,1026.05,513.025,1026.05,513.025,0.003616628331099569,0.5715867738352781,0.0,0.0
33,Device,FusedBatchNormGradV3,gradient_tape/xception/block4_sepconv1_bn/FusedBatchNormGradV3,2,1018.882,509.441,1018.882,509.441,0.003591362513763843,0.5751781363490419,0.0,0.0
34,Device,Conv2DBackpropFilter,gradient_tape/xception/block3_sepconv1/separable_conv2d/Conv2DBackpropFilter,2,1012.738,506.369,1012.738,506.369,0.0035697060989046494,0.5787478424479465,0.0,0.0
35,Device,Relu,xception/block2_sepconv2_act/Relu,2,998.402,499.201,998.402,499.201,0.0035191744642331974,0.5822670169121797,0.0,0.0
36,Device,DepthwiseConv2dNativeBackpropInput,gradient_tape/xception/block3_sepconv2/separable_conv2d/DepthwiseConv2dNativeBackpropInput,2,982.017,491.0085,982.017,491.0085,0.003461420499801575,0.5857284374119813,0.0,0.0
37,Device,Conv2D,xception/block14_sepconv2/separable_conv2d,2,970.754,485.377,970.754,485.377,0.0034217205973668253,0.5891501580093481,0.0,0.0
38,Device,Conv2DBackpropInput,gradient_tape/xception/block14_sepconv2/separable_conv2d/Conv2DBackpropInput,2,968.706,484.353,968.706,484.353,0.003414501792413761,0.5925646598017619,0.0,0.0
39,Device,FusedBatchNormGradV3,gradient_tape/xception/block1_conv1_bn/FusedBatchNormGradV3,2,962.562,481.281,962.562,481.281,0.0033928453775545673,0.5959575051793164,0.0,0.0
40,Device,FusedBatchNormV3,xception/block3_sepconv1_bn/FusedBatchNormV3,4,935.938,233.9845,935.938,233.9845,0.0032990009131647273,0.5992565060924812,0.0,0.0
41,Device,FusedBatchNormV3,xception/block3_sepconv2_bn/FusedBatchNormV3,4,928.77,232.1925,928.77,232.1925,0.0032737350958290013,0.6025302411883101,0.0,0.0
42,Device,Conv2DBackpropFilter,gradient_tape/xception/block4_sepconv1/separable_conv2d/Conv2DBackpropFilter,2,922.626,461.313,922.626,461.313,0.0032520786809698077,0.6057823198692799,0.0,0.0
43,Device,DepthwiseConv2dNativeBackpropInput,gradient_tape/xception/block2_sepconv1/separable_conv2d/DepthwiseConv2dNativeBackpropInput,2,910.338,455.169,910.338,455.169,0.00320876585125142,0.6089910857205313,0.0,0.0
44,Device,Conv2DBackpropInput,gradient_tape/xception/conv2d/Conv2D/Conv2DBackpropInput,2,886.786,443.393,886.786,443.393,0.003125749594291177,0.6121168353148224,0.0,0.0
45,Device,Conv2DBackpropInput,gradient_tape/xception/block4_sepconv1/separable_conv2d/Conv2DBackpropInput,2,857.089,428.5445,857.089,428.5445,0.003021073397664635,0.6151379087124871,0.0,0.0
46,Device,Conv2D,xception/block3_sepconv1/separable_conv2d,2,849.922,424.961,849.922,424.961,0.002995811105136015,0.6181337198176231,0.0,0.0
47,Device,Conv2D,xception/block4_sepconv1/separable_conv2d,4,827.393,206.84825,827.393,206.84825,0.0029164007258451986,0.6210501205434683,0.0,0.0
48,Device,ReluGrad,gradient_tape/xception/block3_sepconv2_act/ReluGrad,2,825.346,412.673,825.346,412.673,0.00290918544569924,0.6239593059891676,0.0,0.0
49,Device,ReluGrad,gradient_tape/xception/block1_conv2_act/ReluGrad,2,799.745,399.8725,799.745,399.8725,0.0028189468589788266,0.6267782528481465,0.0,0.0
50,Device,DepthwiseConv2dNativeBackpropFilter,gradient_tape/xception/block3_sepconv2/separable_conv2d/DepthwiseConv2dNativeBackpropFilter,2,796.674,398.337,796.674,398.337,0.0028081221763563355,0.6295863750245028,0.0,0.0
51,Device,Conv2DBackpropInput,gradient_tape/xception/block2_sepconv1/separable_conv2d/Conv2DBackpropInput,2,794.626,397.313,794.626,397.313,0.002800903371403271,0.632387278395906,0.0,0.0
52,Device,FusedBatchNormGradV3,gradient_tape/xception/batch_normalization/FusedBatchNormGradV3,2,793.6,396.8,793.6,396.8,0.0027972869193125267,0.6351845653152186,0.0,0.0
53,Device,AddN,SGD/gradients/AddN_11,2,765.953,382.9765,765.953,382.9765,0.0026998365772532605,0.6378844018924719,0.0,0.0
54,Device,DepthwiseConv2dNativeBackpropInput,gradient_tape/xception/block4_sepconv2/separable_conv2d/DepthwiseConv2dNativeBackpropInput,2,743.426,371.713,743.426,371.713,0.0026204332475766564,0.6405048351400485,0.0,0.0
55,Device,Conv2DBackpropFilter,gradient_tape/xception/block9_sepconv3/separable_conv2d/Conv2DBackpropFilter,4,742.402,185.6005,742.402,185.6005,0.0026168238451001243,0.6431216589851486,0.0,0.0
56,Device,Conv2DBackpropFilter,gradient_tape/xception/block7_sepconv1/separable_conv2d/Conv2DBackpropFilter,4,742.401,185.60025,742.401,185.60025,0.002616820320293018,0.6457384793054416,0.0,0.0
57,Device,Conv2DBackpropFilter,gradient_tape/xception/block12_sepconv1/separable_conv2d/Conv2DBackpropFilter,4,741.377,185.34425,741.377,185.34425,0.0026132109178164855,0.6483516902232581,0.0,0.0
58,Device,Conv2DBackpropFilter,gradient_tape/xception/block8_sepconv2/separable_conv2d/Conv2DBackpropFilter,4,741.377,185.34425,741.377,185.34425,0.0026132109178164855,0.6509649011410746,0.0,0.0
59,Device,Conv2DBackpropFilter,gradient_tape/xception/block5_sepconv1/separable_conv2d/Conv2DBackpropFilter,4,740.354,185.0885,740.354,185.0885,0.00260960504014706,0.6535745061812217,0.0,0.0
60,Device,Conv2DBackpropFilter,gradient_tape/xception/block5_sepconv2/separable_conv2d/Conv2DBackpropFilter,4,740.354,185.0885,740.354,185.0885,0.00260960504014706,0.6561841112213688,0.0,0.0
61,Device,Conv2DBackpropFilter,gradient_tape/xception/block11_sepconv1/separable_conv2d/Conv2DBackpropFilter,4,740.353,185.08825,740.353,185.08825,0.0026096015153399535,0.6587937127367087,0.0,0.0
62,Device,Conv2DBackpropFilter,gradient_tape/xception/block11_sepconv2/separable_conv2d/Conv2DBackpropFilter,4,740.353,185.08825,740.353,185.08825,0.0026096015153399535,0.6614033142520487,0.0,0.0
63,Device,Conv2DBackpropFilter,gradient_tape/xception/block5_sepconv3/separable_conv2d/Conv2DBackpropFilter,4,739.33,184.8325,739.33,184.8325,0.0026059956376705273,0.6640093098897192,0.0,0.0
64,Device,Conv2DBackpropFilter,gradient_tape/xception/block9_sepconv2/separable_conv2d/Conv2DBackpropFilter,4,739.33,184.8325,739.33,184.8325,0.0026059956376705273,0.6666153055273897,0.0,0.0
65,Device,Conv2DBackpropFilter,gradient_tape/xception/block10_sepconv1/separable_conv2d/Conv2DBackpropFilter,4,739.329,184.83225,739.329,184.83225,0.002605992112863421,0.6692212976402531,0.0,0.0
66,Device,Conv2DBackpropFilter,gradient_tape/xception/block11_sepconv3/separable_conv2d/Conv2DBackpropFilter,4,739.329,184.83225,739.329,184.83225,0.002605992112863421,0.6718272897531165,0.0,0.0
67,Device,Conv2DBackpropFilter,gradient_tape/xception/block13_sepconv1/separable_conv2d/Conv2DBackpropFilter,4,739.329,184.83225,739.329,184.83225,0.002605992112863421,0.6744332818659798,0.0,0.0
68,Device,Conv2DBackpropFilter,gradient_tape/xception/block7_sepconv2/separable_conv2d/Conv2DBackpropFilter,4,739.329,184.83225,739.329,184.83225,0.002605992112863421,0.6770392739788432,0.0,0.0
69,Device,Conv2DBackpropFilter,gradient_tape/xception/block7_sepconv3/separable_conv2d/Conv2DBackpropFilter,4,739.329,184.83225,739.329,184.83225,0.002605992112863421,0.6796452660917066,0.0,0.0
70,Device,Conv2DBackpropFilter,gradient_tape/xception/block8_sepconv1/separable_conv2d/Conv2DBackpropFilter,4,739.329,184.83225,739.329,184.83225,0.002605992112863421,0.68225125820457,0.0,0.0
71,Device,Conv2DBackpropFilter,gradient_tape/xception/block9_sepconv1/separable_conv2d/Conv2DBackpropFilter,4,739.328,184.832,739.328,184.832,0.002605988588056315,0.6848572467926263,0.0,0.0
72,Device,Conv2DBackpropFilter,gradient_tape/xception/block6_sepconv3/separable_conv2d/Conv2DBackpropFilter,4,738.306,184.5765,738.306,184.5765,0.0026023862351939953,0.6874596330278203,0.0,0.0
73,Device,Conv2DBackpropFilter,gradient_tape/xception/block10_sepconv2/separable_conv2d/Conv2DBackpropFilter,4,738.305,184.57625,738.305,184.57625,0.002602382710386889,0.6900620157382072,0.0,0.0
74,Device,Conv2DBackpropFilter,gradient_tape/xception/block12_sepconv3/separable_conv2d/Conv2DBackpropFilter,4,738.305,184.57625,738.305,184.57625,0.002602382710386889,0.6926643984485942,0.0,0.0
75,Device,Conv2DBackpropFilter,gradient_tape/xception/block6_sepconv1/separable_conv2d/Conv2DBackpropFilter,4,738.305,184.57625,738.305,184.57625,0.002602382710386889,0.6952667811589811,0.0,0.0
76,Device,Conv2DBackpropFilter,gradient_tape/xception/block6_sepconv2/separable_conv2d/Conv2DBackpropFilter,4,738.305,184.57625,738.305,184.57625,0.002602382710386889,0.697869163869368,0.0,0.0
77,Device,Conv2DBackpropFilter,gradient_tape/xception/block10_sepconv3/separable_conv2d/Conv2DBackpropFilter,4,737.281,184.32025,737.281,184.32025,0.0025987733079103565,0.7004679371772784,0.0,0.0
78,Device,Conv2DBackpropFilter,gradient_tape/xception/block12_sepconv2/separable_conv2d/Conv2DBackpropFilter,4,737.281,184.32025,737.281,184.32025,0.0025987733079103565,0.7030667104851888,0.0,0.0
79,Device,Conv2DBackpropFilter,gradient_tape/xception/block8_sepconv3/separable_conv2d/Conv2DBackpropFilter,4,736.257,184.06425,736.257,184.06425,0.002595163905433824,0.7056618743906226,0.0,0.0
80,Device,Conv2DBackpropInput,gradient_tape/xception/block3_sepconv1/separable_conv2d/Conv2DBackpropInput,2,728.066,364.033,728.066,364.033,0.0025662922104286723,0.7082281666010513,0.0,0.0
81,Device,Conv2DBackpropInput,gradient_tape/xception/block13_sepconv2/separable_conv2d/Conv2DBackpropInput,2,722.945,361.4725,722.945,361.4725,0.002548241673238905,0.7107764082742901,0.0,0.0
82,Device,Conv2D,xception/block13_sepconv2/separable_conv2d,2,715.778,357.889,715.778,357.889,0.0025229793807102848,0.7132993876550004,0.0,0.0
83,Device,Conv2DBackpropFilter,gradient_tape/xception/block13_sepconv2/separable_conv2d/Conv2DBackpropFilter,4,711.682,177.9205,711.682,177.9205,0.0025085417708041553,0.7158079294258046,0.0,0.0
84,Device,DepthwiseConv2dNative,xception/block2_sepconv1/separable_conv2d/depthwise,2,678.912,339.456,678.912,339.456,0.00239303384194091,0.7182009632677455,0.0,0.0
85,Device,MaxPool,xception/block2_pool/MaxPool,2,640.002,320.001,640.002,320.001,0.0022558835974468947,0.7204568468651924,0.0,0.0
86,Device,ReluGrad,gradient_tape/xception/block4_sepconv2_act/ReluGrad,2,621.57,310.785,621.57,310.785,0.0021909143528693136,0.7226477612180617,0.0,0.0
87,Device,FusedBatchNormV3,xception/block4_sepconv2_bn/FusedBatchNormV3,4,618.498,154.6245,618.498,154.6245,0.002180086145439717,0.7248278473635015,0.0,0.0
88,Device,FusedBatchNormV3,xception/block4_sepconv1_bn/FusedBatchNormV3,4,618.497,154.62425,618.497,154.62425,0.0021800826206326107,0.7270079299841341,0.0,0.0
89,Device,MaxPoolGrad,gradient_tape/xception/block3_pool/MaxPool/MaxPoolGrad,2,611.329,305.6645,611.329,305.6645,0.0021548168032968847,0.729162746787431,0.0,0.0
90,Device,FusedBatchNormV3,xception/block1_conv1_bn/FusedBatchNormV3,4,610.306,152.5765,610.306,152.5765,0.0021512109256274585,0.7313139577130584,0.0,0.0
91,Device,DepthwiseConv2dNativeBackpropFilter,gradient_tape/xception/block4_sepconv2/separable_conv2d/DepthwiseConv2dNativeBackpropFilter,2,596.992,298.496,596.992,298.496,0.0021042816438183263,0.7334182393568768,0.0,0.0
92,Device,Conv2DBackpropFilter,gradient_tape/xception/conv2d/Conv2D/Conv2DBackpropFilter,2,584.704,292.352,584.704,292.352,0.0020609688140999388,0.7354792081709767,0.0,0.0
93,Device,Conv2D,xception/conv2d/Conv2D,2,557.058,278.529,557.058,278.529,0.001963521996847779,0.7374427301678245,0.0,0.0
94,Device,DepthwiseConv2dNative,xception/block3_sepconv2/separable_conv2d/depthwise,2,544.768,272.384,544.768,272.384,0.0019202021175151799,0.7393629322853397,0.0,0.0
95,Device,Conv2D,xception/block7_sepconv3/separable_conv2d,2,527.361,263.6805,527.361,263.6805,0.0018588458002212367,0.7412217780855609,0.0,0.0
96,Device,Conv2D,xception/block6_sepconv3/separable_conv2d,2,525.312,262.656,525.312,262.656,0.001851623470461066,0.743073401556022,0.0,0.0
97,Device,Conv2DBackpropInput,gradient_tape/xception/block12_sepconv3/separable_conv2d/Conv2DBackpropInput,2,524.29,262.145,524.29,262.145,0.0018480211175987457,0.7449214226736207,0.0,0.0
98,Device,Conv2D,xception/block11_sepconv3/separable_conv2d,2,524.29,262.145,524.29,262.145,0.0018480211175987457,0.7467694437912195,0.0,0.0
99,Device,Conv2DBackpropInput,gradient_tape/xception/block6_sepconv1/separable_conv2d/Conv2DBackpropInput,2,524.289,262.1445,524.289,262.1445,0.0018480175927916398,0.7486174613840111,0.0,0.0
100,Device,Conv2DBackpropInput,gradient_tape/xception/block5_sepconv1/separable_conv2d/Conv2DBackpropInput,2,524.288,262.144,524.288,262.144,0.0018480140679845338,0.7504654754519956,0.0,0.0
101,Device,Conv2DBackpropInput,gradient_tape/xception/block13_sepconv1/separable_conv2d/Conv2DBackpropInput,2,523.266,261.633,523.266,261.633,0.0018444117151222134,0.7523098871671178,0.0,0.0
102,Device,Conv2DBackpropInput,gradient_tape/xception/block9_sepconv1/separable_conv2d/Conv2DBackpropInput,2,523.266,261.633,523.266,261.633,0.0018444117151222134,0.75415429888224,0.0,0.0
103,Device,Conv2D,xception/block12_sepconv2/separable_conv2d,2,523.266,261.633,523.266,261.633,0.0018444117151222134,0.7559987105973621,0.0,0.0
104,Device,Conv2D,xception/block12_sepconv3/separable_conv2d,2,523.266,261.633,523.266,261.633,0.0018444117151222134,0.7578431223124843,0.0,0.0
105,Device,Conv2D,xception/block5_sepconv1/separable_conv2d,2,523.266,261.633,523.266,261.633,0.0018444117151222134,0.7596875340276065,0.0,0.0
106,Device,Conv2D,xception/block6_sepconv1/separable_conv2d,2,523.266,261.633,523.266,261.633,0.0018444117151222134,0.7615319457427286,0.0,0.0
107,Device,Conv2D,xception/block9_sepconv1/separable_conv2d,2,523.266,261.633,523.266,261.633,0.0018444117151222134,0.7633763574578508,0.0,0.0
108,Device,Conv2D,xception/block12_sepconv1/separable_conv2d,2,523.265,261.6325,523.265,261.6325,0.0018444081903151075,0.7652207656481659,0.0,0.0
109,Device,Conv2D,xception/block9_sepconv3/separable_conv2d,2,523.265,261.6325,523.265,261.6325,0.0018444081903151075,0.7670651738384809,0.0,0.0
110,Device,Conv2DBackpropInput,gradient_tape/xception/block9_sepconv2/separable_conv2d/Conv2DBackpropInput,2,523.264,261.632,523.264,261.632,0.0018444046655080016,0.7689095785039889,0.0,0.0
111,Device,Conv2DBackpropInput,gradient_tape/xception/block9_sepconv3/separable_conv2d/Conv2DBackpropInput,2,523.264,261.632,523.264,261.632,0.0018444046655080016,0.7707539831694968,0.0,0.0
112,Device,Conv2D,xception/block11_sepconv1/separable_conv2d,2,523.264,261.632,523.264,261.632,0.0018444046655080016,0.7725983878350048,0.0,0.0
113,Device,Conv2D,xception/block7_sepconv1/separable_conv2d,2,523.264,261.632,523.264,261.632,0.0018444046655080016,0.7744427925005127,0.0,0.0
114,Device,Conv2DBackpropInput,gradient_tape/xception/block11_sepconv1/separable_conv2d/Conv2DBackpropInput,2,522.242,261.121,522.242,261.121,0.0018408023126456812,0.7762835948131585,0.0,0.0
115,Device,Conv2DBackpropInput,gradient_tape/xception/block11_sepconv2/separable_conv2d/Conv2DBackpropInput,2,522.242,261.121,522.242,261.121,0.0018408023126456812,0.7781243971258042,0.0,0.0
116,Device,Conv2DBackpropInput,gradient_tape/xception/block11_sepconv3/separable_conv2d/Conv2DBackpropInput,2,522.242,261.121,522.242,261.121,0.0018408023126456812,0.7799651994384499,0.0,0.0
117,Device,Conv2DBackpropInput,gradient_tape/xception/block12_sepconv1/separable_conv2d/Conv2DBackpropInput,2,522.242,261.121,522.242,261.121,0.0018408023126456812,0.7818060017510956,0.0,0.0
118,Device,Conv2D,xception/block5_sepconv2/separable_conv2d,2,522.242,261.121,522.242,261.121,0.0018408023126456812,0.7836468040637413,0.0,0.0
119,Device,Conv2D,xception/block5_sepconv3/separable_conv2d,2,522.242,261.121,522.242,261.121,0.0018408023126456812,0.785487606376387,0.0,0.0
120,Device,Conv2D,xception/block9_sepconv2/separable_conv2d,2,522.242,261.121,522.242,261.121,0.0018408023126456812,0.7873284086890328,0.0,0.0
121,Device,Conv2DBackpropInput,gradient_tape/xception/block6_sepconv2/separable_conv2d/Conv2DBackpropInput,2,522.241,261.1205,522.241,261.1205,0.0018407987878385752,0.7891692074768714,0.0,0.0
122,Device,Conv2DBackpropInput,gradient_tape/xception/block7_sepconv1/separable_conv2d/Conv2DBackpropInput,2,522.241,261.1205,522.241,261.1205,0.0018407987878385752,0.79101000626471,0.0,0.0
123,Device,Conv2DBackpropInput,gradient_tape/xception/block7_sepconv3/separable_conv2d/Conv2DBackpropInput,2,522.241,261.1205,522.241,261.1205,0.0018407987878385752,0.7928508050525486,0.0,0.0
124,Device,Conv2DBackpropInput,gradient_tape/xception/block8_sepconv2/separable_conv2d/Conv2DBackpropInput,2,522.241,261.1205,522.241,261.1205,0.0018407987878385752,0.7946916038403872,0.0,0.0
125,Device,Conv2D,xception/block11_sepconv2/separable_conv2d,2,522.241,261.1205,522.241,261.1205,0.0018407987878385752,0.7965324026282258,0.0,0.0
126,Device,Conv2D,xception/block6_sepconv2/separable_conv2d,2,522.241,261.1205,522.241,261.1205,0.0018407987878385752,0.7983732014160644,0.0,0.0
127,Device,Conv2D,xception/block8_sepconv1/separable_conv2d,2,522.241,261.1205,522.241,261.1205,0.0018407987878385752,0.800214000203903,0.0,0.0
128,Device,Conv2D,xception/block10_sepconv3/separable_conv2d,2,522.24,261.12,522.24,261.12,0.0018407952630314693,0.8020547954669345,0.0,0.0
129,Device,Conv2D,xception/block7_sepconv2/separable_conv2d,2,522.24,261.12,522.24,261.12,0.0018407952630314693,0.803895590729966,0.0,0.0
130,Device,Conv2DBackpropInput,gradient_tape/xception/block10_sepconv1/separable_conv2d/Conv2DBackpropInput,2,521.218,260.609,521.218,260.609,0.0018371929101691487,0.8057327836401351,0.0,0.0
131,Device,Conv2D,xception/block8_sepconv2/separable_conv2d,2,521.218,260.609,521.218,260.609,0.0018371929101691487,0.8075699765503043,0.0,0.0
132,Device,Conv2D,xception/block8_sepconv3/separable_conv2d,2,521.218,260.609,521.218,260.609,0.0018371929101691487,0.8094071694604734,0.0,0.0
133,Device,Conv2DBackpropInput,gradient_tape/xception/block7_sepconv2/separable_conv2d/Conv2DBackpropInput,2,521.217,260.6085,521.217,260.6085,0.0018371893853620428,0.8112443588458355,0.0,0.0
134,Device,Conv2DBackpropInput,gradient_tape/xception/block8_sepconv1/separable_conv2d/Conv2DBackpropInput,2,521.217,260.6085,521.217,260.6085,0.0018371893853620428,0.8130815482311975,0.0,0.0
135,Device,Conv2D,xception/block13_sepconv1/separable_conv2d,2,521.217,260.6085,521.217,260.6085,0.0018371893853620428,0.8149187376165595,0.0,0.0
136,Device,Conv2DBackpropInput,gradient_tape/xception/block12_sepconv2/separable_conv2d/Conv2DBackpropInput,2,520.194,260.097,520.194,260.097,0.0018335835076926164,0.8167523211242521,0.0,0.0
137,Device,Conv2DBackpropInput,gradient_tape/xception/block10_sepconv3/separable_conv2d/Conv2DBackpropInput,2,520.193,260.0965,520.193,260.0965,0.0018335799828855105,0.8185859011071376,0.0,0.0
138,Device,Conv2DBackpropInput,gradient_tape/xception/block8_sepconv3/separable_conv2d/Conv2DBackpropInput,2,520.193,260.0965,520.193,260.0965,0.0018335799828855105,0.820419481090023,0.0,0.0
139,Device,Conv2D,xception/block10_sepconv1/separable_conv2d,2,520.193,260.0965,520.193,260.0965,0.0018335799828855105,0.8222530610729085,0.0,0.0
140,Device,Conv2DBackpropInput,gradient_tape/xception/block5_sepconv2/separable_conv2d/Conv2DBackpropInput,2,520.192,260.096,520.192,260.096,0.0018335764580784046,0.8240866375309869,0.0,0.0
141,Device,Conv2DBackpropInput,gradient_tape/xception/block5_sepconv3/separable_conv2d/Conv2DBackpropInput,2,520.192,260.096,520.192,260.096,0.0018335764580784046,0.8259202139890652,0.0,0.0
142,Device,Conv2DBackpropInput,gradient_tape/xception/block6_sepconv3/separable_conv2d/Conv2DBackpropInput,2,520.192,260.096,520.192,260.096,0.0018335764580784046,0.8277537904471436,0.0,0.0
143,Device,Conv2D,xception/block10_sepconv2/separable_conv2d,2,520.192,260.096,520.192,260.096,0.0018335764580784046,0.829587366905222,0.0,0.0
144,Device,Conv2DBackpropInput,gradient_tape/xception/block10_sepconv2/separable_conv2d/Conv2DBackpropInput,2,519.17,259.585,519.17,259.585,0.0018299741052160842,0.8314173410104381,0.0,0.0
145,Device,DepthwiseConv2dNativeBackpropFilter,gradient_tape/xception/block14_sepconv2/separable_conv2d/DepthwiseConv2dNativeBackpropFilter,2,519.169,259.5845,519.169,259.5845,0.0018299705804089782,0.8332473115908471,0.0,0.0
146,Device,Conv2DBackpropInput,gradient_tape/xception/conv2d_3/Conv2D/Conv2DBackpropInput,2,519.168,259.584,519.168,259.584,0.0018299670556018723,0.835077278646449,0.0,0.0
147,Device,Relu,xception/block3_sepconv2_act/Relu,2,518.145,259.0725,518.145,259.0725,0.001826361177932446,0.8369036398243814,0.0,0.0
148,Device,Relu,xception/block1_conv2_act/Relu,2,502.786,251.393,502.786,251.393,0.0017722236655915676,0.838675863489973,0.0,0.0
149,Device,Conv2DBackpropFilter,gradient_tape/xception/block14_sepconv1/separable_conv2d/Conv2DBackpropFilter,4,502.785,125.69625,502.785,125.69625,0.0017722201407844617,0.8404480836307575,0.0,0.0
150,Device,Conv2DBackpropInput,gradient_tape/xception/block14_sepconv1/separable_conv2d/Conv2DBackpropInput,2,496.641,248.3205,496.641,248.3205,0.001750563725925268,0.8421986473566828,0.0,0.0
151,Device,Conv2DBackpropInput,gradient_tape/xception/conv2d_1/Conv2D/Conv2DBackpropInput,2,494.593,247.2965,494.593,247.2965,0.0017433449209722034,0.843941992277655,0.0,0.0
152,Device,Conv2D,xception/block14_sepconv1/separable_conv2d,2,490.498,245.249,490.498,245.249,0.00172891083587318,0.8456709031135282,0.0,0.0
153,Device,DepthwiseConv2dNativeBackpropInput,gradient_tape/xception/block3_sepconv1/separable_conv2d/DepthwiseConv2dNativeBackpropInput,2,485.378,242.689,485.378,242.689,0.0017108638234905186,0.8473817669370187,0.0,0.0
154,Device,MaxPoolGrad,gradient_tape/xception/block4_pool/MaxPool/MaxPoolGrad,2,462.848,231.424,462.848,231.424,0.0016314499193925962,0.8490132168564113,0.0,0.0
155,Device,Conv2DBackpropFilter,gradient_tape/xception/block1_conv1/Conv2D/Conv2DBackpropFilter,2,457.73,228.865,457.73,228.865,0.0016134099566241468,0.8506266268130355,0.0,0.0
156,Device,FusedBatchNormV3,xception/batch_normalization/FusedBatchNormV3,4,449.536,112.384,449.536,112.384,0.0015845276871976764,0.8522111545002331,0.0,0.0
157,Device,MaxPoolGrad,gradient_tape/xception/block13_pool/MaxPool/MaxPoolGrad,2,448.513,224.2565,448.513,224.2565,0.00158092180952825,0.8537920763097614,0.0,0.0
158,Device,Conv2DBackpropFilter,gradient_tape/xception/conv2d_3/Conv2D/Conv2DBackpropFilter,4,422.914,105.7285,422.914,105.7285,0.0014906902724220487,0.8552827665821835,0.0,0.0
159,Device,DepthwiseConv2dNativeBackpropFilter,gradient_tape/xception/block3_sepconv1/separable_conv2d/DepthwiseConv2dNativeBackpropFilter,2,411.648,205.824,411.648,205.824,0.0014509797955659816,0.8567337463777495,0.0,0.0
160,Device,ReluGrad,gradient_tape/xception/block3_sepconv1_act/ReluGrad,2,409.6,204.8,409.6,204.8,0.001443760990612917,0.8581775073683624,0.0,0.0
161,Device,ReluGrad,gradient_tape/xception/block1_conv1_act/ReluGrad,2,407.552,203.776,407.552,203.776,0.0014365421856598526,0.8596140495540222,0.0,0.0
162,Device,AddN,SGD/gradients/AddN_10,2,404.482,202.241,404.482,202.241,0.0014257210278444676,0.8610397705818666,0.0,0.0
163,Device,Conv2DBackpropFilter,gradient_tape/xception/conv2d_2/Conv2D/Conv2DBackpropFilter,2,403.457,201.7285,403.457,201.7285,0.0014221081005608292,0.8624618786824275,0.0,0.0
164,Device,DepthwiseConv2dNative,xception/block4_sepconv2/separable_conv2d/depthwise,2,402.433,201.2165,402.433,201.2165,0.001418498698084297,0.8638803773805118,0.0,0.0
165,Device,Conv2DBackpropInput,gradient_tape/xception/conv2d_2/Conv2D/Conv2DBackpropInput,2,398.336,199.168,398.336,199.168,0.0014040575633710618,0.8652844349438829,0.0,0.0
166,Device,Relu,xception/block4_sepconv2_act/Relu,2,396.289,198.1445,396.289,198.1445,0.0013968422832251032,0.866681277227108,0.0,0.0
167,Device,DepthwiseConv2dNativeBackpropFilter,gradient_tape/xception/block14_sepconv1/separable_conv2d/DepthwiseConv2dNativeBackpropFilter,2,387.073,193.5365,387.073,193.5365,0.0013643576609363125,0.8680456348880443,0.0,0.0
168,Device,AddV2,xception/add/add,2,384.0,192.0,384.0,192.0,0.0013535259286996098,0.869399160816744,0.0,0.0
169,Device,FusedBatchNormGradV3,gradient_tape/xception/batch_normalization_1/FusedBatchNormGradV3,2,375.809,187.9045,375.809,187.9045,0.0013246542336944574,0.8707238150504384,0.0,0.0
170,Device,Conv2D,xception/conv2d_1/Conv2D,2,350.209,175.1045,350.209,175.1045,0.0012344191717811501,0.8719582342222195,0.0,0.0
171,Device,MaxPool,xception/block3_pool/MaxPool,2,342.017,171.0085,342.017,171.0085,0.0012055439519688916,0.8731637781741884,0.0,0.0
172,Device,Conv2DBackpropFilter,gradient_tape/xception/conv2d_1/Conv2D/Conv2DBackpropFilter,2,332.801,166.4005,332.801,166.4005,0.001173059329680101,0.8743368375038686,0.0,0.0
173,Device,Conv2D,xception/conv2d_2/Conv2D,2,329.729,164.8645,329.729,164.8645,0.001162231122250504,0.8754990686261191,0.0,0.0
174,Device,DepthwiseConv2dNative,xception/block3_sepconv1/separable_conv2d/depthwise,2,279.552,139.776,279.552,139.776,0.000985366876093316,0.8764844355022124,0.0,0.0
175,Device,Relu,xception/block1_conv1_act/Relu,2,271.36,135.68,271.36,135.68,0.0009564916562810576,0.8774409271584935,0.0,0.0
176,Device,DepthwiseConv2dNativeBackpropInput,gradient_tape/xception/block4_sepconv1/separable_conv2d/DepthwiseConv2dNativeBackpropInput,2,266.24,133.12,266.24,133.12,0.0009384446438983961,0.8783793718023919,0.0,0.0
177,Device,MaxPool,xception/block4_pool/MaxPool,2,266.24,133.12,266.24,133.12,0.0009384446438983961,0.8793178164462903,0.0,0.0
178,Device,Relu,xception/block3_sepconv1_act/Relu,2,261.121,130.5605,261.121,130.5605,0.0009204011563228406,0.8802382176026131,0.0,0.0
179,Device,Conv2D,xception/conv2d_3/Conv2D,2,243.712,121.856,243.712,121.856,0.0008590377894146856,0.8810972553920278,0.0,0.0
180,Device,Conv2D,xception/block1_conv1/Conv2D,2,240.64,120.32,240.64,120.32,0.0008482095819850888,0.8819454649740128,0.0,0.0
181,Device,FusedBatchNormV3,xception/batch_normalization_1/FusedBatchNormV3,4,232.448,58.112,232.448,58.112,0.0008193343621728305,0.8827647993361857,0.0,0.0
182,Device,DepthwiseConv2dNativeBackpropFilter,gradient_tape/xception/block4_sepconv1/separable_conv2d/DepthwiseConv2dNativeBackpropFilter,2,223.233,111.6165,223.233,111.6165,0.0007868532646911457,0.8835516526008769,0.0,0.0
183,Device,FusedBatchNormGradV3,gradient_tape/xception/block13_sepconv2_bn/FusedBatchNormGradV3,2,218.112,109.056,218.112,109.056,0.0007688027275013783,0.8843204553283782,0.0,0.0
184,Device,ReluGrad,gradient_tape/xception/block4_sepconv1_act/ReluGrad,2,218.112,109.056,218.112,109.056,0.0007688027275013783,0.8850892580558796,0.0,0.0
185,Device,AddN,SGD/gradients/AddN_9,2,217.089,108.5445,217.089,108.5445,0.000765196849831952,0.8858544549057116,0.0,0.0
186,Device,AddV2,xception/add_1/add,2,204.8,102.4,204.8,102.4,0.0007218804953064585,0.886576335401018,0.0,0.0
187,Device,DepthwiseConv2dNativeBackpropInput,gradient_tape/xception/block6_sepconv3/separable_conv2d/DepthwiseConv2dNativeBackpropInput,2,199.681,99.8405,199.681,99.8405,0.0007038370077309031,0.8872801724087489,0.0,0.0
188,Device,DepthwiseConv2dNativeBackpropInput,gradient_tape/xception/block7_sepconv3/separable_conv2d/DepthwiseConv2dNativeBackpropInput,2,199.681,99.8405,199.681,99.8405,0.0007038370077309031,0.8879840094164798,0.0,0.0
189,Device,DepthwiseConv2dNativeBackpropInput,gradient_tape/xception/block8_sepconv2/separable_conv2d/DepthwiseConv2dNativeBackpropInput,2,199.68,99.84,199.68,99.84,0.000703833482923797,0.8886878428994036,0.0,0.0
190,Device,DepthwiseConv2dNativeBackpropInput,gradient_tape/xception/block7_sepconv1/separable_conv2d/DepthwiseConv2dNativeBackpropInput,2,198.657,99.3285,198.657,99.3285,0.0007002276052543708,0.889388070504658,0.0,0.0
191,Device,DepthwiseConv2dNativeBackpropInput,gradient_tape/xception/block10_sepconv2/separable_conv2d/DepthwiseConv2dNativeBackpropInput,2,198.656,99.328,198.656,99.328,0.0007002240804472648,0.8900882945851052,0.0,0.0
192,Device,DepthwiseConv2dNativeBackpropInput,gradient_tape/xception/block12_sepconv1/separable_conv2d/DepthwiseConv2dNativeBackpropInput,2,198.656,99.328,198.656,99.328,0.0007002240804472648,0.8907885186655524,0.0,0.0
193,Device,DepthwiseConv2dNativeBackpropInput,gradient_tape/xception/block13_sepconv1/separable_conv2d/DepthwiseConv2dNativeBackpropInput,2,198.656,99.328,198.656,99.328,0.0007002240804472648,0.8914887427459997,0.0,0.0
194,Device,DepthwiseConv2dNativeBackpropInput,gradient_tape/xception/block8_sepconv1/separable_conv2d/DepthwiseConv2dNativeBackpropInput,2,198.656,99.328,198.656,99.328,0.0007002240804472648,0.8921889668264469,0.0,0.0
195,Device,DepthwiseConv2dNativeBackpropInput,gradient_tape/xception/block9_sepconv1/separable_conv2d/DepthwiseConv2dNativeBackpropInput,2,198.656,99.328,198.656,99.328,0.0007002240804472648,0.8928891909068941,0.0,0.0
196,Device,DepthwiseConv2dNativeBackpropInput,gradient_tape/xception/block5_sepconv1/separable_conv2d/DepthwiseConv2dNativeBackpropInput,2,197.633,98.8165,197.633,98.8165,0.0006966182027778384,0.893585809109672,0.0,0.0
197,Device,DepthwiseConv2dNativeBackpropInput,gradient_tape/xception/block5_sepconv2/separable_conv2d/DepthwiseConv2dNativeBackpropInput,2,197.633,98.8165,197.633,98.8165,0.0006966182027778384,0.8942824273124499,0.0,0.0
198,Device,DepthwiseConv2dNativeBackpropInput,gradient_tape/xception/block8_sepconv3/separable_conv2d/DepthwiseConv2dNativeBackpropInput,2,197.633,98.8165,197.633,98.8165,0.0006966182027778384,0.8949790455152278,0.0,0.0
199,Device,DepthwiseConv2dNativeBackpropInput,gradient_tape/xception/block10_sepconv1/separable_conv2d/DepthwiseConv2dNativeBackpropInput,2,197.632,98.816,197.632,98.816,0.0006966146779707325,0.8956756601931986,0.0,0.0
200,Device,DepthwiseConv2dNativeBackpropInput,gradient_tape/xception/block10_sepconv3/separable_conv2d/DepthwiseConv2dNativeBackpropInput,2,197.632,98.816,197.632,98.816,0.0006966146779707325,0.8963722748711693,0.0,0.0
201,Device,DepthwiseConv2dNativeBackpropInput,gradient_tape/xception/block11_sepconv1/separable_conv2d/DepthwiseConv2dNativeBackpropInput,2,197.632,98.816,197.632,98.816,0.0006966146779707325,0.8970688895491401,0.0,0.0
202,Device,DepthwiseConv2dNativeBackpropInput,gradient_tape/xception/block11_sepconv2/separable_conv2d/DepthwiseConv2dNativeBackpropInput,2,197.632,98.816,197.632,98.816,0.0006966146779707325,0.8977655042271109,0.0,0.0
203,Device,DepthwiseConv2dNativeBackpropInput,gradient_tape/xception/block12_sepconv3/separable_conv2d/DepthwiseConv2dNativeBackpropInput,2,197.632,98.816,197.632,98.816,0.0006966146779707325,0.8984621189050817,0.0,0.0
204,Device,DepthwiseConv2dNativeBackpropInput,gradient_tape/xception/block13_sepconv2/separable_conv2d/DepthwiseConv2dNativeBackpropInput,2,197.632,98.816,197.632,98.816,0.0006966146779707325,0.8991587335830524,0.0,0.0
205,Device,DepthwiseConv2dNativeBackpropInput,gradient_tape/xception/block9_sepconv2/separable_conv2d/DepthwiseConv2dNativeBackpropInput,2,197.632,98.816,197.632,98.816,0.0006966146779707325,0.8998553482610232,0.0,0.0
206,Device,DepthwiseConv2dNativeBackpropInput,gradient_tape/xception/block9_sepconv3/separable_conv2d/DepthwiseConv2dNativeBackpropInput,2,197.632,98.816,197.632,98.816,0.0006966146779707325,0.900551962938994,0.0,0.0
207,Device,DepthwiseConv2dNativeBackpropInput,gradient_tape/xception/block6_sepconv1/separable_conv2d/DepthwiseConv2dNativeBackpropInput,2,196.609,98.3045,196.609,98.3045,0.0006930088003013062,0.9012449717392953,0.0,0.0
208,Device,DepthwiseConv2dNativeBackpropInput,gradient_tape/xception/block6_sepconv2/separable_conv2d/DepthwiseConv2dNativeBackpropInput,2,196.609,98.3045,196.609,98.3045,0.0006930088003013062,0.9019379805395966,0.0,0.0
209,Device,DepthwiseConv2dNativeBackpropInput,gradient_tape/xception/block7_sepconv2/separable_conv2d/DepthwiseConv2dNativeBackpropInput,2,196.609,98.3045,196.609,98.3045,0.0006930088003013062,0.9026309893398979,0.0,0.0
210,Device,DepthwiseConv2dNativeBackpropInput,gradient_tape/xception/block11_sepconv3/separable_conv2d/DepthwiseConv2dNativeBackpropInput,2,196.608,98.304,196.608,98.304,0.0006930052754942002,0.9033239946153921,0.0,0.0
211,Device,DepthwiseConv2dNativeBackpropInput,gradient_tape/xception/block12_sepconv2/separable_conv2d/DepthwiseConv2dNativeBackpropInput,2,196.608,98.304,196.608,98.304,0.0006930052754942002,0.9040169998908864,0.0,0.0
212,Device,DepthwiseConv2dNativeBackpropInput,gradient_tape/xception/block5_sepconv3/separable_conv2d/DepthwiseConv2dNativeBackpropInput,2,196.608,98.304,196.608,98.304,0.0006930052754942002,0.9047100051663806,0.0,0.0
213,Device,ResourceApplyGradientDescent,SGD/SGD/update_151/ResourceApplyGradientDescent,2,160.768,80.384,160.768,80.384,0.00056667618881557,0.9052766813551961,0.0,0.0
214,Device,FusedBatchNormGradV3,gradient_tape/xception/block12_sepconv1_bn/FusedBatchNormGradV3,2,159.745,79.8725,159.745,79.8725,0.0005630703111461436,0.9058397516663422,0.0,0.0
215,Device,ReluGrad,gradient_tape/xception/block5_sepconv2_act/ReluGrad,2,159.745,79.8725,159.745,79.8725,0.0005630703111461436,0.9064028219774883,0.0,0.0
216,Device,FusedBatchNormGradV3,gradient_tape/xception/block6_sepconv2_bn/FusedBatchNormGradV3,2,159.744,79.872,159.744,79.872,0.0005630667863390376,0.9069658887638273,0.0,0.0
217,Device,FusedBatchNormGradV3,gradient_tape/xception/batch_normalization_2/FusedBatchNormGradV3,2,158.721,79.3605,158.721,79.3605,0.0005594609086696114,0.907525349672497,0.0,0.0
218,Device,ReluGrad,gradient_tape/xception/block10_sepconv3_act/ReluGrad,2,158.721,79.3605,158.721,79.3605,0.0005594609086696114,0.9080848105811666,0.0,0.0
219,Device,FusedBatchNormGradV3,gradient_tape/xception/block5_sepconv2_bn/FusedBatchNormGradV3,2,158.72,79.36,158.72,79.36,0.0005594573838625053,0.9086442679650292,0.0,0.0
220,Device,AddN,SGD/gradients/AddN_6,2,157.697,78.8485,157.697,78.8485,0.0005558515061930791,0.9092001194712223,0.0,0.0
221,Device,FusedBatchNormGradV3,gradient_tape/xception/block10_sepconv3_bn/FusedBatchNormGradV3,2,157.697,78.8485,157.697,78.8485,0.0005558515061930791,0.9097559709774153,0.0,0.0
222,Device,FusedBatchNormGradV3,gradient_tape/xception/block11_sepconv1_bn/FusedBatchNormGradV3,2,157.697,78.8485,157.697,78.8485,0.0005558515061930791,0.9103118224836084,0.0,0.0
223,Device,FusedBatchNormGradV3,gradient_tape/xception/block12_sepconv3_bn/FusedBatchNormGradV3,2,157.697,78.8485,157.697,78.8485,0.0005558515061930791,0.9108676739898015,0.0,0.0
224,Device,FusedBatchNormGradV3,gradient_tape/xception/block13_sepconv1_bn/FusedBatchNormGradV3,2,157.697,78.8485,157.697,78.8485,0.0005558515061930791,0.9114235254959946,0.0,0.0
225,Device,FusedBatchNormGradV3,gradient_tape/xception/block7_sepconv1_bn/FusedBatchNormGradV3,2,157.697,78.8485,157.697,78.8485,0.0005558515061930791,0.9119793770021877,0.0,0.0
226,Device,FusedBatchNormGradV3,gradient_tape/xception/block8_sepconv1_bn/FusedBatchNormGradV3,2,157.697,78.8485,157.697,78.8485,0.0005558515061930791,0.9125352285083808,0.0,0.0
227,Device,FusedBatchNormGradV3,gradient_tape/xception/block8_sepconv3_bn/FusedBatchNormGradV3,2,157.697,78.8485,157.697,78.8485,0.0005558515061930791,0.9130910800145738,0.0,0.0
228,Device,FusedBatchNormGradV3,gradient_tape/xception/block9_sepconv3_bn/FusedBatchNormGradV3,2,157.697,78.8485,157.697,78.8485,0.0005558515061930791,0.9136469315207669,0.0,0.0
229,Device,AddN,SGD/gradients/AddN_4,2,157.696,78.848,157.696,78.848,0.0005558479813859731,0.9142027795021529,0.0,0.0
230,Device,FusedBatchNormGradV3,gradient_tape/xception/block10_sepconv1_bn/FusedBatchNormGradV3,2,157.696,78.848,157.696,78.848,0.0005558479813859731,0.9147586274835389,0.0,0.0
231,Device,FusedBatchNormGradV3,gradient_tape/xception/block10_sepconv2_bn/FusedBatchNormGradV3,2,157.696,78.848,157.696,78.848,0.0005558479813859731,0.9153144754649248,0.0,0.0
232,Device,FusedBatchNormGradV3,gradient_tape/xception/block11_sepconv2_bn/FusedBatchNormGradV3,2,157.696,78.848,157.696,78.848,0.0005558479813859731,0.9158703234463108,0.0,0.0
233,Device,FusedBatchNormGradV3,gradient_tape/xception/block6_sepconv1_bn/FusedBatchNormGradV3,2,157.696,78.848,157.696,78.848,0.0005558479813859731,0.9164261714276968,0.0,0.0
234,Device,ReluGrad,gradient_tape/xception/block7_sepconv1_act/ReluGrad,2,157.696,78.848,157.696,78.848,0.0005558479813859731,0.9169820194090827,0.0,0.0
235,Device,AddN,SGD/gradients/AddN_1,2,156.673,78.3365,156.673,78.3365,0.0005522421037165467,0.9175342615127993,0.0,0.0
236,Device,ReluGrad,gradient_tape/xception/block10_sepconv1_act/ReluGrad,2,156.673,78.3365,156.673,78.3365,0.0005522421037165467,0.9180865036165158,0.0,0.0
237,Device,ReluGrad,gradient_tape/xception/block5_sepconv3_act/ReluGrad,2,156.673,78.3365,156.673,78.3365,0.0005522421037165467,0.9186387457202323,0.0,0.0
238,Device,ReluGrad,gradient_tape/xception/block6_sepconv3_act/ReluGrad,2,156.673,78.3365,156.673,78.3365,0.0005522421037165467,0.9191909878239488,0.0,0.0
239,Device,ReluGrad,gradient_tape/xception/block7_sepconv3_act/ReluGrad,2,156.673,78.3365,156.673,78.3365,0.0005522421037165467,0.9197432299276653,0.0,0.0
240,Device,ReluGrad,gradient_tape/xception/block8_sepconv1_act/ReluGrad,2,156.673,78.3365,156.673,78.3365,0.0005522421037165467,0.9202954720313818,0.0,0.0
241,Device,FusedBatchNormGradV3,gradient_tape/xception/block9_sepconv2_bn/FusedBatchNormGradV3,2,156.673,78.3365,156.673,78.3365,0.0005522421037165467,0.9208477141350984,0.0,0.0
242,Device,AddN,SGD/gradients/AddN,2,156.672,78.336,156.672,78.336,0.0005522385789094407,0.9213999527140078,0.0,0.0
243,Device,AddN,SGD/gradients/AddN_3,2,156.672,78.336,156.672,78.336,0.0005522385789094407,0.9219521912929172,0.0,0.0
244,Device,AddN,SGD/gradients/AddN_7,2,156.672,78.336,156.672,78.336,0.0005522385789094407,0.9225044298718266,0.0,0.0
245,Device,ReluGrad,gradient_tape/xception/block11_sepconv1_act/ReluGrad,2,156.672,78.336,156.672,78.336,0.0005522385789094407,0.923056668450736,0.0,0.0
246,Device,ReluGrad,gradient_tape/xception/block11_sepconv2_act/ReluGrad,2,156.672,78.336,156.672,78.336,0.0005522385789094407,0.9236089070296454,0.0,0.0
247,Device,ReluGrad,gradient_tape/xception/block12_sepconv1_act/ReluGrad,2,156.672,78.336,156.672,78.336,0.0005522385789094407,0.9241611456085548,0.0,0.0
248,Device,FusedBatchNormGradV3,gradient_tape/xception/block5_sepconv3_bn/FusedBatchNormGradV3,2,156.672,78.336,156.672,78.336,0.0005522385789094407,0.9247133841874642,0.0,0.0
249,Device,FusedBatchNormGradV3,gradient_tape/xception/block6_sepconv3_bn/FusedBatchNormGradV3,2,156.672,78.336,156.672,78.336,0.0005522385789094407,0.9252656227663736,0.0,0.0
250,Device,ReluGrad,gradient_tape/xception/block7_sepconv2_act/ReluGrad,2,156.672,78.336,156.672,78.336,0.0005522385789094407,0.925817861345283,0.0,0.0
251,Device,ReluGrad,gradient_tape/xception/block8_sepconv3_act/ReluGrad,2,156.672,78.336,156.672,78.336,0.0005522385789094407,0.9263700999241924,0.0,0.0
252,Device,AddN,SGD/gradients/AddN_2,2,155.649,77.8245,155.649,77.8245,0.0005486327012400145,0.9269187326254325,0.0,0.0
253,Device,AddN,SGD/gradients/AddN_5,2,155.649,77.8245,155.649,77.8245,0.0005486327012400145,0.9274673653266725,0.0,0.0
254,Device,ReluGrad,gradient_tape/xception/block10_sepconv2_act/ReluGrad,2,155.649,77.8245,155.649,77.8245,0.0005486327012400145,0.9280159980279126,0.0,0.0
255,Device,ReluGrad,gradient_tape/xception/block11_sepconv3_act/ReluGrad,2,155.649,77.8245,155.649,77.8245,0.0005486327012400145,0.9285646307291526,0.0,0.0
256,Device,ReluGrad,gradient_tape/xception/block6_sepconv1_act/ReluGrad,2,155.649,77.8245,155.649,77.8245,0.0005486327012400145,0.9291132634303927,0.0,0.0
257,Device,ReluGrad,gradient_tape/xception/block6_sepconv2_act/ReluGrad,2,155.649,77.8245,155.649,77.8245,0.0005486327012400145,0.9296618961316327,0.0,0.0
258,Device,FusedBatchNormGradV3,gradient_tape/xception/block8_sepconv2_bn/FusedBatchNormGradV3,2,155.649,77.8245,155.649,77.8245,0.0005486327012400145,0.9302105288328728,0.0,0.0
259,Device,FusedBatchNormGradV3,gradient_tape/xception/block9_sepconv1_bn/FusedBatchNormGradV3,2,155.649,77.8245,155.649,77.8245,0.0005486327012400145,0.9307591615341129,0.0,0.0
260,Device,FusedBatchNormGradV3,gradient_tape/xception/block11_sepconv3_bn/FusedBatchNormGradV3,2,155.648,77.824,155.648,77.824,0.0005486291764329085,0.9313077907105458,0.0,0.0
261,Device,ReluGrad,gradient_tape/xception/block12_sepconv2_act/ReluGrad,2,155.648,77.824,155.648,77.824,0.0005486291764329085,0.9318564198869788,0.0,0.0
262,Device,ReluGrad,gradient_tape/xception/block12_sepconv3_act/ReluGrad,2,155.648,77.824,155.648,77.824,0.0005486291764329085,0.9324050490634117,0.0,0.0
263,Device,ReluGrad,gradient_tape/xception/block13_sepconv2_act/ReluGrad,2,155.648,77.824,155.648,77.824,0.0005486291764329085,0.9329536782398447,0.0,0.0
264,Device,FusedBatchNormGradV3,gradient_tape/xception/block5_sepconv1_bn/FusedBatchNormGradV3,2,155.648,77.824,155.648,77.824,0.0005486291764329085,0.9335023074162776,0.0,0.0
265,Device,FusedBatchNormGradV3,gradient_tape/xception/block7_sepconv2_bn/FusedBatchNormGradV3,2,155.648,77.824,155.648,77.824,0.0005486291764329085,0.9340509365927105,0.0,0.0
266,Device,FusedBatchNormGradV3,gradient_tape/xception/block7_sepconv3_bn/FusedBatchNormGradV3,2,155.648,77.824,155.648,77.824,0.0005486291764329085,0.9345995657691435,0.0,0.0
267,Device,ReluGrad,gradient_tape/xception/block8_sepconv2_act/ReluGrad,2,155.648,77.824,155.648,77.824,0.0005486291764329085,0.9351481949455764,0.0,0.0
268,Device,FusedBatchNormGradV3,gradient_tape/xception/block12_sepconv2_bn/FusedBatchNormGradV3,2,154.625,77.3125,154.625,77.3125,0.0005450232987634822,0.9356932182443399,0.0,0.0
269,Device,ReluGrad,gradient_tape/xception/block5_sepconv1_act/ReluGrad,2,154.625,77.3125,154.625,77.3125,0.0005450232987634822,0.9362382415431034,0.0,0.0
270,Device,ReluGrad,gradient_tape/xception/block9_sepconv1_act/ReluGrad,2,154.625,77.3125,154.625,77.3125,0.0005450232987634822,0.9367832648418669,0.0,0.0
271,Device,AddN,SGD/gradients/AddN_8,2,154.624,77.312,154.624,77.312,0.0005450197739563762,0.9373282846158233,0.0,0.0
272,Device,ReluGrad,gradient_tape/xception/block13_sepconv1_act/ReluGrad,2,154.624,77.312,154.624,77.312,0.0005450197739563762,0.9378733043897797,0.0,0.0
273,Device,FusedBatchNormV3,xception/block13_sepconv2_bn/FusedBatchNormV3,4,154.624,38.656,154.624,38.656,0.0005450197739563762,0.938418324163736,0.0,0.0
274,Device,AddV2,xception/add_4/add,2,152.577,76.2885,152.577,76.2885,0.0005378044938104176,0.9389561286575465,0.0,0.0
275,Device,AddV2,xception/add_5/add,2,152.576,76.288,152.576,76.288,0.0005378009690033116,0.9394939296265499,0.0,0.0
276,Device,AddV2,xception/add_6/add,2,152.576,76.288,152.576,76.288,0.0005378009690033116,0.9400317305955532,0.0,0.0
277,Device,ReluGrad,gradient_tape/xception/block9_sepconv2_act/ReluGrad,2,151.553,75.7765,151.553,75.7765,0.0005341950913338853,0.9405659256868871,0.0,0.0
278,Device,ReluGrad,gradient_tape/xception/block9_sepconv3_act/ReluGrad,2,151.553,75.7765,151.553,75.7765,0.0005341950913338853,0.941100120778221,0.0,0.0
279,Device,AddV2,xception/add_8/add,2,151.553,75.7765,151.553,75.7765,0.0005341950913338853,0.9416343158695549,0.0,0.0
280,Device,AddV2,xception/add_10/add,2,151.552,75.776,151.552,75.776,0.0005341915665267793,0.9421685074360817,0.0,0.0
281,Device,AddV2,xception/add_3/add,2,151.552,75.776,151.552,75.776,0.0005341915665267793,0.9427026990026085,0.0,0.0
282,Device,AddV2,xception/add_9/add,2,151.552,75.776,151.552,75.776,0.0005341915665267793,0.9432368905691353,0.0,0.0
283,Device,AddV2,xception/add_7/add,2,150.528,75.264,150.528,75.264,0.000530582164050247,0.9437674727331855,0.0,0.0
284,Device,DepthwiseConv2dNative,xception/block4_sepconv1/separable_conv2d/depthwise,2,145.409,72.7045,145.409,72.7045,0.0005125386764746915,0.9442800114096602,0.0,0.0
285,Device,AddV2,xception/add_2/add,2,145.408,72.704,145.408,72.704,0.0005125351516675856,0.9447925465613278,0.0,0.0
286,Device,Relu,xception/block4_sepconv1_act/Relu,2,141.312,70.656,141.312,70.656,0.0004980975417614564,0.9452906441030893,0.0,0.0
287,Device,DepthwiseConv2dNativeBackpropFilter,gradient_tape/xception/block10_sepconv3/separable_conv2d/DepthwiseConv2dNativeBackpropFilter,2,125.952,62.976,125.952,62.976,0.000443956504613472,0.9457346006077028,0.0,0.0
288,Device,DepthwiseConv2dNativeBackpropFilter,gradient_tape/xception/block12_sepconv3/separable_conv2d/DepthwiseConv2dNativeBackpropFilter,2,124.928,62.464,124.928,62.464,0.0004403471021369397,0.9461749477098397,0.0,0.0
289,Device,DepthwiseConv2dNativeBackpropFilter,gradient_tape/xception/block7_sepconv1/separable_conv2d/DepthwiseConv2dNativeBackpropFilter,2,124.928,62.464,124.928,62.464,0.0004403471021369397,0.9466152948119766,0.0,0.0
290,Device,DepthwiseConv2dNativeBackpropFilter,gradient_tape/xception/block8_sepconv2/separable_conv2d/DepthwiseConv2dNativeBackpropFilter,2,124.928,62.464,124.928,62.464,0.0004403471021369397,0.9470556419141135,0.0,0.0
291,Device,SoftmaxCrossEntropyWithLogits,categorical_crossentropy/softmax_cross_entropy_with_logits,2,123.904,61.952,123.904,61.952,0.0004367376996604074,0.947492379613774,0.0,0.0
292,Device,Transpose,gradient_tape/xception/block1_conv1/Conv2D/Conv2DBackpropFilter-0-TransposeNHWCToNCHW-LayoutOptimizer,2,123.904,61.952,123.904,61.952,0.0004367376996604074,0.9479291173134344,0.0,0.0
293,Device,DepthwiseConv2dNativeBackpropFilter,gradient_tape/xception/block9_sepconv1/separable_conv2d/DepthwiseConv2dNativeBackpropFilter,2,123.904,61.952,123.904,61.952,0.0004367376996604074,0.9483658550130949,0.0,0.0
294,Device,DepthwiseConv2dNativeBackpropFilter,gradient_tape/xception/block9_sepconv3/separable_conv2d/DepthwiseConv2dNativeBackpropFilter,2,123.904,61.952,123.904,61.952,0.0004367376996604074,0.9488025927127554,0.0,0.0
295,Device,DepthwiseConv2dNativeBackpropFilter,gradient_tape/xception/block5_sepconv3/separable_conv2d/DepthwiseConv2dNativeBackpropFilter,2,122.881,61.4405,122.881,61.4405,0.0004331318219909811,0.9492357245347464,0.0,0.0
296,Device,DepthwiseConv2dNativeBackpropFilter,gradient_tape/xception/block10_sepconv2/separable_conv2d/DepthwiseConv2dNativeBackpropFilter,2,122.88,61.44,122.88,61.44,0.0004331282971838751,0.9496688528319303,0.0,0.0
297,Device,DepthwiseConv2dNativeBackpropFilter,gradient_tape/xception/block11_sepconv1/separable_conv2d/DepthwiseConv2dNativeBackpropFilter,2,122.88,61.44,122.88,61.44,0.0004331282971838751,0.9501019811291141,0.0,0.0
298,Device,DepthwiseConv2dNativeBackpropFilter,gradient_tape/xception/block11_sepconv3/separable_conv2d/DepthwiseConv2dNativeBackpropFilter,2,122.88,61.44,122.88,61.44,0.0004331282971838751,0.950535109426298,0.0,0.0
299,Device,DepthwiseConv2dNativeBackpropFilter,gradient_tape/xception/block12_sepconv1/separable_conv2d/DepthwiseConv2dNativeBackpropFilter,2,122.88,61.44,122.88,61.44,0.0004331282971838751,0.9509682377234819,0.0,0.0
300,Device,DepthwiseConv2dNativeBackpropFilter,gradient_tape/xception/block13_sepconv2/separable_conv2d/DepthwiseConv2dNativeBackpropFilter,2,122.88,61.44,122.88,61.44,0.0004331282971838751,0.9514013660206658,0.0,0.0
301,Device,DepthwiseConv2dNativeBackpropFilter,gradient_tape/xception/block6_sepconv1/separable_conv2d/DepthwiseConv2dNativeBackpropFilter,2,122.88,61.44,122.88,61.44,0.0004331282971838751,0.9518344943178497,0.0,0.0
302,Device,DepthwiseConv2dNativeBackpropFilter,gradient_tape/xception/block6_sepconv2/separable_conv2d/DepthwiseConv2dNativeBackpropFilter,2,122.88,61.44,122.88,61.44,0.0004331282971838751,0.9522676226150336,0.0,0.0
303,Device,DepthwiseConv2dNativeBackpropFilter,gradient_tape/xception/block6_sepconv3/separable_conv2d/DepthwiseConv2dNativeBackpropFilter,2,122.88,61.44,122.88,61.44,0.0004331282971838751,0.9527007509122175,0.0,0.0
304,Device,DepthwiseConv2dNativeBackpropFilter,gradient_tape/xception/block7_sepconv2/separable_conv2d/DepthwiseConv2dNativeBackpropFilter,2,122.88,61.44,122.88,61.44,0.0004331282971838751,0.9531338792094014,0.0,0.0
305,Device,DepthwiseConv2dNativeBackpropFilter,gradient_tape/xception/block7_sepconv3/separable_conv2d/DepthwiseConv2dNativeBackpropFilter,2,122.88,61.44,122.88,61.44,0.0004331282971838751,0.9535670075065853,0.0,0.0
306,Device,DepthwiseConv2dNativeBackpropFilter,gradient_tape/xception/block8_sepconv3/separable_conv2d/DepthwiseConv2dNativeBackpropFilter,2,122.88,61.44,122.88,61.44,0.0004331282971838751,0.9540001358037692,0.0,0.0
307,Device,DepthwiseConv2dNativeBackpropFilter,gradient_tape/xception/block9_sepconv2/separable_conv2d/DepthwiseConv2dNativeBackpropFilter,2,122.88,61.44,122.88,61.44,0.0004331282971838751,0.9544332641009531,0.0,0.0
308,Device,DepthwiseConv2dNativeBackpropFilter,gradient_tape/xception/block10_sepconv1/separable_conv2d/DepthwiseConv2dNativeBackpropFilter,2,121.856,60.928,121.856,60.928,0.0004295188947073428,0.9548627829956604,0.0,0.0
309,Device,DepthwiseConv2dNativeBackpropFilter,gradient_tape/xception/block11_sepconv2/separable_conv2d/DepthwiseConv2dNativeBackpropFilter,2,121.856,60.928,121.856,60.928,0.0004295188947073428,0.9552923018903677,0.0,0.0
310,Device,DepthwiseConv2dNativeBackpropFilter,gradient_tape/xception/block12_sepconv2/separable_conv2d/DepthwiseConv2dNativeBackpropFilter,2,121.856,60.928,121.856,60.928,0.0004295188947073428,0.9557218207850751,0.0,0.0
311,Device,DepthwiseConv2dNativeBackpropFilter,gradient_tape/xception/block5_sepconv2/separable_conv2d/DepthwiseConv2dNativeBackpropFilter,2,121.856,60.928,121.856,60.928,0.0004295188947073428,0.9561513396797824,0.0,0.0
312,Device,DepthwiseConv2dNativeBackpropFilter,gradient_tape/xception/block8_sepconv1/separable_conv2d/DepthwiseConv2dNativeBackpropFilter,2,121.856,60.928,121.856,60.928,0.0004295188947073428,0.9565808585744897,0.0,0.0
313,Device,DepthwiseConv2dNativeBackpropFilter,gradient_tape/xception/block13_sepconv1/separable_conv2d/DepthwiseConv2dNativeBackpropFilter,2,120.832,60.416,120.832,60.416,0.0004259094922308105,0.9570067680667205,0.0,0.0
314,Device,DepthwiseConv2dNativeBackpropFilter,gradient_tape/xception/block5_sepconv1/separable_conv2d/DepthwiseConv2dNativeBackpropFilter,2,120.832,60.416,120.832,60.416,0.0004259094922308105,0.9574326775589512,0.0,0.0
315,Device,FusedBatchNormV3,xception/block12_sepconv3_bn/FusedBatchNormV3,4,117.76,29.44,117.76,29.44,0.0004150812848012137,0.9578477588437524,0.0,0.0
316,Device,FusedBatchNormV3,xception/block5_sepconv2_bn/FusedBatchNormV3,4,117.76,29.44,117.76,29.44,0.0004150812848012137,0.9582628401285536,0.0,0.0
317,Device,FusedBatchNormV3,xception/block12_sepconv2_bn/FusedBatchNormV3,4,116.736,29.184,116.736,29.184,0.00041147188232468137,0.9586743120108783,0.0,0.0
318,Device,FusedBatchNormV3,xception/block5_sepconv3_bn/FusedBatchNormV3,4,116.736,29.184,116.736,29.184,0.00041147188232468137,0.959085783893203,0.0,0.0
319,Device,FusedBatchNormV3,xception/block6_sepconv1_bn/FusedBatchNormV3,4,116.736,29.184,116.736,29.184,0.00041147188232468137,0.9594972557755277,0.0,0.0
320,Device,FusedBatchNormV3,xception/batch_normalization_2/FusedBatchNormV3,4,115.712,28.928,115.712,28.928,0.00040786247984814905,0.9599051182553758,0.0,0.0
321,Device,FusedBatchNormV3,xception/block10_sepconv3_bn/FusedBatchNormV3,4,115.712,28.928,115.712,28.928,0.00040786247984814905,0.960312980735224,0.0,0.0
322,Device,FusedBatchNormV3,xception/block11_sepconv1_bn/FusedBatchNormV3,4,115.712,28.928,115.712,28.928,0.00040786247984814905,0.9607208432150721,0.0,0.0
323,Device,FusedBatchNormV3,xception/block8_sepconv1_bn/FusedBatchNormV3,4,115.712,28.928,115.712,28.928,0.00040786247984814905,0.9611287056949203,0.0,0.0
324,Device,FusedBatchNormV3,xception/block6_sepconv2_bn/FusedBatchNormV3,4,114.689,28.67225,114.689,28.67225,0.0004042566021787227,0.961532962297099,0.0,0.0
325,Device,FusedBatchNormV3,xception/block6_sepconv3_bn/FusedBatchNormV3,4,114.689,28.67225,114.689,28.67225,0.0004042566021787227,0.9619372188992776,0.0,0.0
326,Device,FusedBatchNormV3,xception/block9_sepconv3_bn/FusedBatchNormV3,4,114.689,28.67225,114.689,28.67225,0.0004042566021787227,0.9623414755014563,0.0,0.0
327,Device,FusedBatchNormV3,xception/block11_sepconv2_bn/FusedBatchNormV3,4,114.688,28.672,114.688,28.672,0.0004042530773716168,0.9627457285788279,0.0,0.0
328,Device,FusedBatchNormV3,xception/block13_sepconv1_bn/FusedBatchNormV3,4,114.688,28.672,114.688,28.672,0.0004042530773716168,0.9631499816561995,0.0,0.0
329,Device,FusedBatchNormV3,xception/block8_sepconv3_bn/FusedBatchNormV3,4,114.688,28.672,114.688,28.672,0.0004042530773716168,0.963554234733571,0.0,0.0
330,Device,FusedBatchNormV3,xception/block9_sepconv1_bn/FusedBatchNormV3,4,114.688,28.672,114.688,28.672,0.0004042530773716168,0.9639584878109426,0.0,0.0
331,Device,FusedBatchNormV3,xception/block10_sepconv2_bn/FusedBatchNormV3,4,113.665,28.41625,113.665,28.41625,0.0004006471997021905,0.9643591350106449,0.0,0.0
332,Device,FusedBatchNormV3,xception/block5_sepconv1_bn/FusedBatchNormV3,4,113.664,28.416,113.664,28.416,0.0004006436748950845,0.96475977868554,0.0,0.0
333,Device,FusedBatchNormV3,xception/block7_sepconv2_bn/FusedBatchNormV3,4,113.664,28.416,113.664,28.416,0.0004006436748950845,0.9651604223604351,0.0,0.0
334,Device,FusedBatchNormV3,xception/block7_sepconv3_bn/FusedBatchNormV3,4,113.664,28.416,113.664,28.416,0.0004006436748950845,0.9655610660353302,0.0,0.0
335,Device,FusedBatchNormV3,xception/block10_sepconv1_bn/FusedBatchNormV3,4,112.641,28.16025,112.641,28.16025,0.0003970377972256582,0.9659581038325559,0.0,0.0
336,Device,FusedBatchNormV3,xception/block7_sepconv1_bn/FusedBatchNormV3,4,112.641,28.16025,112.641,28.16025,0.0003970377972256582,0.9663551416297815,0.0,0.0
337,Device,FusedBatchNormV3,xception/block11_sepconv3_bn/FusedBatchNormV3,4,112.64,28.16,112.64,28.16,0.0003970342724185522,0.9667521759022001,0.0,0.0
338,Device,FusedBatchNormV3,xception/block12_sepconv1_bn/FusedBatchNormV3,4,112.64,28.16,112.64,28.16,0.0003970342724185522,0.9671492101746186,0.0,0.0
339,Device,FusedBatchNormV3,xception/block8_sepconv2_bn/FusedBatchNormV3,4,112.64,28.16,112.64,28.16,0.0003970342724185522,0.9675462444470372,0.0,0.0
340,Device,FusedBatchNormV3,xception/block9_sepconv2_bn/FusedBatchNormV3,4,112.64,28.16,112.64,28.16,0.0003970342724185522,0.9679432787194557,0.0,0.0
341,Device,ReluGrad,gradient_tape/xception/block14_sepconv2_act/ReluGrad,2,111.616,55.808,111.616,55.808,0.0003934248699420199,0.9683367035893977,0.0,0.0
342,Device,FusedBatchNormGradV3,gradient_tape/xception/block14_sepconv2_bn/FusedBatchNormGradV3,2,111.616,55.808,111.616,55.808,0.0003934248699420199,0.9687301284593397,0.0,0.0
343,Device,DepthwiseConv2dNative,xception/block8_sepconv1/separable_conv2d/depthwise,2,111.616,55.808,111.616,55.808,0.0003934248699420199,0.9691235533292817,0.0,0.0
344,Device,DepthwiseConv2dNative,xception/block10_sepconv3/separable_conv2d/depthwise,2,109.569,54.7845,109.569,54.7845,0.0003862095897960613,0.9695097629190778,0.0,0.0
345,Device,DepthwiseConv2dNative,xception/block11_sepconv1/separable_conv2d/depthwise,2,109.569,54.7845,109.569,54.7845,0.0003862095897960613,0.9698959725088738,0.0,0.0
346,Device,DepthwiseConv2dNative,xception/block7_sepconv2/separable_conv2d/depthwise,2,109.569,54.7845,109.569,54.7845,0.0003862095897960613,0.9702821820986699,0.0,0.0
347,Device,DepthwiseConv2dNative,xception/block11_sepconv3/separable_conv2d/depthwise,2,109.568,54.784,109.568,54.784,0.0003862060649889553,0.9706683881636589,0.0,0.0
348,Device,DepthwiseConv2dNative,xception/block12_sepconv3/separable_conv2d/depthwise,2,109.568,54.784,109.568,54.784,0.0003862060649889553,0.9710545942286478,0.0,0.0
349,Device,DepthwiseConv2dNative,xception/block7_sepconv1/separable_conv2d/depthwise,2,109.568,54.784,109.568,54.784,0.0003862060649889553,0.9714408002936368,0.0,0.0
350,Device,DepthwiseConv2dNative,xception/block10_sepconv2/separable_conv2d/depthwise,2,108.544,54.272,108.544,54.272,0.000382596662512423,0.9718233969561492,0.0,0.0
351,Device,DepthwiseConv2dNative,xception/block12_sepconv1/separable_conv2d/depthwise,2,108.544,54.272,108.544,54.272,0.000382596662512423,0.9722059936186616,0.0,0.0
352,Device,DepthwiseConv2dNative,xception/block12_sepconv2/separable_conv2d/depthwise,2,108.544,54.272,108.544,54.272,0.000382596662512423,0.972588590281174,0.0,0.0
353,Device,DepthwiseConv2dNative,xception/block13_sepconv1/separable_conv2d/depthwise,2,108.544,54.272,108.544,54.272,0.000382596662512423,0.9729711869436863,0.0,0.0
354,Device,DepthwiseConv2dNative,xception/block5_sepconv1/separable_conv2d/depthwise,2,108.544,54.272,108.544,54.272,0.000382596662512423,0.9733537836061987,0.0,0.0
355,Device,DepthwiseConv2dNative,xception/block5_sepconv2/separable_conv2d/depthwise,2,108.544,54.272,108.544,54.272,0.000382596662512423,0.9737363802687111,0.0,0.0
356,Device,DepthwiseConv2dNative,xception/block5_sepconv3/separable_conv2d/depthwise,2,108.544,54.272,108.544,54.272,0.000382596662512423,0.9741189769312235,0.0,0.0
357,Device,DepthwiseConv2dNative,xception/block6_sepconv1/separable_conv2d/depthwise,2,108.544,54.272,108.544,54.272,0.000382596662512423,0.9745015735937359,0.0,0.0
358,Device,DepthwiseConv2dNative,xception/block6_sepconv2/separable_conv2d/depthwise,2,108.544,54.272,108.544,54.272,0.000382596662512423,0.9748841702562483,0.0,0.0
359,Device,DepthwiseConv2dNative,xception/block6_sepconv3/separable_conv2d/depthwise,2,108.544,54.272,108.544,54.272,0.000382596662512423,0.9752667669187607,0.0,0.0
360,Device,DepthwiseConv2dNative,xception/block7_sepconv3/separable_conv2d/depthwise,2,108.544,54.272,108.544,54.272,0.000382596662512423,0.9756493635812731,0.0,0.0
361,Device,DepthwiseConv2dNative,xception/block8_sepconv3/separable_conv2d/depthwise,2,108.544,54.272,108.544,54.272,0.000382596662512423,0.9760319602437855,0.0,0.0
362,Device,DepthwiseConv2dNative,xception/block9_sepconv1/separable_conv2d/depthwise,2,108.544,54.272,108.544,54.272,0.000382596662512423,0.9764145569062979,0.0,0.0
363,Device,DepthwiseConv2dNative,xception/block9_sepconv3/separable_conv2d/depthwise,2,108.544,54.272,108.544,54.272,0.000382596662512423,0.9767971535688103,0.0,0.0
364,Device,DepthwiseConv2dNative,xception/block10_sepconv1/separable_conv2d/depthwise,2,107.52,53.76,107.52,53.76,0.0003789872600358907,0.9771761408288462,0.0,0.0
365,Device,DepthwiseConv2dNative,xception/block11_sepconv2/separable_conv2d/depthwise,2,107.52,53.76,107.52,53.76,0.0003789872600358907,0.9775551280888821,0.0,0.0
366,Device,DepthwiseConv2dNative,xception/block13_sepconv2/separable_conv2d/depthwise,2,107.52,53.76,107.52,53.76,0.0003789872600358907,0.977934115348918,0.0,0.0
367,Device,DepthwiseConv2dNative,xception/block8_sepconv2/separable_conv2d/depthwise,2,107.52,53.76,107.52,53.76,0.0003789872600358907,0.978313102608954,0.0,0.0
368,Device,DepthwiseConv2dNative,xception/block9_sepconv2/separable_conv2d/depthwise,2,107.52,53.76,107.52,53.76,0.0003789872600358907,0.9786920898689899,0.0,0.0
369,Device,FusedBatchNormGradV3,gradient_tape/xception/block14_sepconv1_bn/FusedBatchNormGradV3,2,106.496,53.248,106.496,53.248,0.0003753778575593584,0.9790674677265493,0.0,0.0
370,Device,DepthwiseConv2dNativeBackpropInput,gradient_tape/xception/block14_sepconv2/separable_conv2d/DepthwiseConv2dNativeBackpropInput,2,104.449,52.2245,104.449,52.2245,0.0003681625774133998,0.9794356303039626,0.0,0.0
371,Device,Relu,xception/block12_sepconv1_act/Relu,2,103.424,51.712,103.424,51.712,0.0003645496501297616,0.9798001799540924,0.0,0.0
372,Device,Relu,xception/block7_sepconv1_act/Relu,2,103.424,51.712,103.424,51.712,0.0003645496501297616,0.9801647296042222,0.0,0.0
373,Device,Relu,xception/block13_sepconv1_act/Relu,2,102.4,51.2,102.4,51.2,0.0003609402476532293,0.9805256698518754,0.0,0.0
374,Device,Relu,xception/block9_sepconv1_act/Relu,2,102.4,51.2,102.4,51.2,0.0003609402476532293,0.9808866100995286,0.0,0.0
375,Device,Relu,xception/block10_sepconv1_act/Relu,2,101.376,50.688,101.376,50.688,0.00035733084517669696,0.9812439409447054,0.0,0.0
376,Device,Relu,xception/block11_sepconv1_act/Relu,2,101.376,50.688,101.376,50.688,0.00035733084517669696,0.9816012717898821,0.0,0.0
377,Device,MaxPool,xception/block13_pool/MaxPool,2,101.376,50.688,101.376,50.688,0.00035733084517669696,0.9819586026350589,0.0,0.0
378,Device,Relu,xception/block6_sepconv1_act/Relu,2,101.376,50.688,101.376,50.688,0.00035733084517669696,0.9823159334802356,0.0,0.0
379,Device,Relu,xception/block8_sepconv1_act/Relu,2,100.353,50.1765,100.353,50.1765,0.0003537249675072706,0.9826696584477429,0.0,0.0
380,Device,Relu,xception/block5_sepconv1_act/Relu,2,100.352,50.176,100.352,50.176,0.0003537214427001647,0.9830233798904431,0.0,0.0
381,Device,Relu,xception/block6_sepconv3_act/Relu,2,97.28,48.64,97.28,48.64,0.0003428932352705678,0.9833662731257137,0.0,0.0
382,Device,FusedBatchNormV3,xception/block14_sepconv2_bn/FusedBatchNormV3,4,96.256,24.064,96.256,24.064,0.0003392838327940355,0.9837055569585077,0.0,0.0
383,Device,Relu,xception/block5_sepconv2_act/Relu,2,96.256,48.128,96.256,48.128,0.0003392838327940355,0.9840448407913017,0.0,0.0
384,Device,Relu,xception/block10_sepconv3_act/Relu,2,95.232,47.616,95.232,47.616,0.0003356744303175032,0.9843805152216192,0.0,0.0
385,Device,Relu,xception/block11_sepconv3_act/Relu,2,95.232,47.616,95.232,47.616,0.0003356744303175032,0.9847161896519366,0.0,0.0
386,Device,Relu,xception/block12_sepconv3_act/Relu,2,95.232,47.616,95.232,47.616,0.0003356744303175032,0.9850518640822541,0.0,0.0
387,Device,Relu,xception/block13_sepconv2_act/Relu,2,95.232,47.616,95.232,47.616,0.0003356744303175032,0.9853875385125715,0.0,0.0
388,Device,Relu,xception/block9_sepconv2_act/Relu,2,95.232,47.616,95.232,47.616,0.0003356744303175032,0.985723212942889,0.0,0.0
389,Device,Relu,xception/block7_sepconv3_act/Relu,2,94.209,47.1045,94.209,47.1045,0.0003320685526480769,0.9860552814955371,0.0,0.0
390,Device,Relu,xception/block10_sepconv2_act/Relu,2,94.208,47.104,94.208,47.104,0.0003320650278409709,0.9863873465233781,0.0,0.0
391,Device,Relu,xception/block12_sepconv2_act/Relu,2,94.208,47.104,94.208,47.104,0.0003320650278409709,0.9867194115512191,0.0,0.0
392,Device,Relu,xception/block5_sepconv3_act/Relu,2,94.208,47.104,94.208,47.104,0.0003320650278409709,0.9870514765790601,0.0,0.0
393,Device,Relu,xception/block6_sepconv2_act/Relu,2,94.208,47.104,94.208,47.104,0.0003320650278409709,0.9873835416069011,0.0,0.0
394,Device,Relu,xception/block7_sepconv2_act/Relu,2,94.208,47.104,94.208,47.104,0.0003320650278409709,0.9877156066347421,0.0,0.0
395,Device,Relu,xception/block9_sepconv3_act/Relu,2,94.208,47.104,94.208,47.104,0.0003320650278409709,0.9880476716625831,0.0,0.0
396,Device,Relu,xception/block11_sepconv2_act/Relu,2,93.185,46.5925,93.185,46.5925,0.0003284591501715446,0.9883761308127547,0.0,0.0
397,Device,Relu,xception/block8_sepconv2_act/Relu,2,93.184,46.592,93.184,46.592,0.00032845562536443863,0.9887045864381191,0.0,0.0
398,Device,Relu,xception/block8_sepconv3_act/Relu,2,93.184,46.592,93.184,46.592,0.00032845562536443863,0.9890330420634835,0.0,0.0
399,Device,ResourceApplyGradientDescent,SGD/SGD/update_147/ResourceApplyGradientDescent,2,84.992,42.496,84.992,42.496,0.0002995804055521803,0.9893326224690357,0.0,0.0
400,Device,DepthwiseConv2dNative,xception/block14_sepconv2/separable_conv2d/depthwise,2,83.968,41.984,83.968,41.984,0.000295971003075648,0.9896285934721114,0.0,0.0
401,Device,ReluGrad,gradient_tape/xception/block14_sepconv1_act/ReluGrad,2,81.92,40.96,81.92,40.96,0.0002887521981225834,0.989917345670234,0.0,0.0
402,Device,FusedBatchNormV3,xception/block14_sepconv1_bn/FusedBatchNormV3,4,81.92,20.48,81.92,20.48,0.0002887521981225834,0.9902060978683567,0.0,0.0
403,Device,Transpose,xception/block14_sepconv2_act/Relu-0-0-TransposeNCHWToNHWC-LayoutOptimizer,2,76.8,38.4,76.8,38.4,0.0002707051857399219,0.9904768030540966,0.0,0.0
404,Device,DepthwiseConv2dNativeBackpropInput,gradient_tape/xception/block14_sepconv1/separable_conv2d/DepthwiseConv2dNativeBackpropInput,2,73.728,36.864,73.728,36.864,0.00025987697831032503,0.9907366800324069,0.0,0.0
405,Device,Transpose,gradient_tape/xception/block14_sepconv2_act/ReluGrad-0-TransposeNHWCToNCHW-LayoutOptimizer,2,72.704,36.352,72.704,36.352,0.0002562675758337928,0.9909929476082406,0.0,0.0
406,Device,RealDiv,gradient_tape/xception/avg_pool/truediv,2,69.632,34.816,69.632,34.816,0.0002454393684041959,0.9912383869766448,0.0,0.0
407,Device,Mean,xception/avg_pool/Mean,2,69.632,34.816,69.632,34.816,0.0002454393684041959,0.991483826345049,0.0,0.0
408,Device,FusedBatchNormGradV3,gradient_tape/xception/batch_normalization_3/FusedBatchNormGradV3,2,67.584,33.792,67.584,33.792,0.00023822056345113133,0.9917220469085001,0.0,0.0
409,Device,DepthwiseConv2dNative,xception/block14_sepconv1/separable_conv2d/depthwise,2,63.488,31.744,63.488,31.744,0.00022378295354500213,0.991945829862045,0.0,0.0
410,Device,Relu,xception/block14_sepconv2_act/Relu,2,61.44,30.72,61.44,30.72,0.00021656414859193754,0.992162394010637,0.0,0.0
411,Device,FusedBatchNormV3,xception/batch_normalization_3/FusedBatchNormV3,4,55.297,13.82425,55.297,13.82425,0.00019491125853984977,0.9923573052691769,0.0,0.0
412,Device,AddV2,xception/add_11/add,2,49.152,24.576,49.152,24.576,0.00017325131887355004,0.9925305565880504,0.0,0.0
413,Device,ResourceApplyGradientDescent,SGD/SGD/update_143/ResourceApplyGradientDescent,2,44.032,22.016,44.032,22.016,0.00015520430649088856,0.9926857608945413,0.0,0.0
414,Device,BroadcastTo,gradient_tape/xception/avg_pool/BroadcastTo,2,43.009,21.5045,43.009,21.5045,0.00015159842882146227,0.9928373593233628,0.0,0.0
415,Device,ResourceApplyGradientDescent,SGD/SGD/update_140/ResourceApplyGradientDescent,2,40.96,20.48,40.96,20.48,0.0001443760990612917,0.9929817354224241,0.0,0.0
416,Device,Relu,xception/block14_sepconv1_act/Relu,2,38.912,19.456,38.912,19.456,0.0001371572941082271,0.9931188927165323,0.0,0.0
417,Device,ResourceApplyGradientDescent,SGD/SGD/update_108/ResourceApplyGradientDescent,2,32.768,16.384,32.768,16.384,0.00011550087924903336,0.9932343935957814,0.0,0.0
418,Device,ResourceApplyGradientDescent,SGD/SGD/update_128/ResourceApplyGradientDescent,2,32.768,16.384,32.768,16.384,0.00011550087924903336,0.9933498944750304,0.0,0.0
419,Device,ResourceApplyGradientDescent,SGD/SGD/update_56/ResourceApplyGradientDescent,2,32.768,16.384,32.768,16.384,0.00011550087924903336,0.9934653953542795,0.0,0.0
420,Device,ResourceApplyGradientDescent,SGD/SGD/update_68/ResourceApplyGradientDescent,2,32.768,16.384,32.768,16.384,0.00011550087924903336,0.9935808962335285,0.0,0.0
421,Device,ResourceApplyGradientDescent,SGD/SGD/update_84/ResourceApplyGradientDescent,2,32.768,16.384,32.768,16.384,0.00011550087924903336,0.9936963971127776,0.0,0.0
422,Device,ResourceApplyGradientDescent,SGD/SGD/update_100/ResourceApplyGradientDescent,2,31.744,15.872,31.744,15.872,0.00011189147677250107,0.9938082885895501,0.0,0.0
423,Device,ResourceApplyGradientDescent,SGD/SGD/update_112/ResourceApplyGradientDescent,2,31.744,15.872,31.744,15.872,0.00011189147677250107,0.9939201800663225,0.0,0.0
424,Device,ResourceApplyGradientDescent,SGD/SGD/update_116/ResourceApplyGradientDescent,2,31.744,15.872,31.744,15.872,0.00011189147677250107,0.994032071543095,0.0,0.0
425,Device,ResourceApplyGradientDescent,SGD/SGD/update_124/ResourceApplyGradientDescent,2,31.744,15.872,31.744,15.872,0.00011189147677250107,0.9941439630198675,0.0,0.0
426,Device,ResourceApplyGradientDescent,SGD/SGD/update_132/ResourceApplyGradientDescent,2,31.744,15.872,31.744,15.872,0.00011189147677250107,0.99425585449664,0.0,0.0
427,Device,ResourceApplyGradientDescent,SGD/SGD/update_136/ResourceApplyGradientDescent,2,31.744,15.872,31.744,15.872,0.00011189147677250107,0.9943677459734125,0.0,0.0
428,Device,ResourceApplyGradientDescent,SGD/SGD/update_33/ResourceApplyGradientDescent,2,31.744,15.872,31.744,15.872,0.00011189147677250107,0.994479637450185,0.0,0.0
429,Device,ResourceApplyGradientDescent,SGD/SGD/update_44/ResourceApplyGradientDescent,2,31.744,15.872,31.744,15.872,0.00011189147677250107,0.9945915289269575,0.0,0.0
430,Device,ResourceApplyGradientDescent,SGD/SGD/update_48/ResourceApplyGradientDescent,2,31.744,15.872,31.744,15.872,0.00011189147677250107,0.9947034204037299,0.0,0.0
431,Device,ResourceApplyGradientDescent,SGD/SGD/update_52/ResourceApplyGradientDescent,2,31.744,15.872,31.744,15.872,0.00011189147677250107,0.9948153118805024,0.0,0.0
432,Device,ResourceApplyGradientDescent,SGD/SGD/update_64/ResourceApplyGradientDescent,2,31.744,15.872,31.744,15.872,0.00011189147677250107,0.9949272033572749,0.0,0.0
433,Device,ResourceApplyGradientDescent,SGD/SGD/update_72/ResourceApplyGradientDescent,2,31.744,15.872,31.744,15.872,0.00011189147677250107,0.9950390948340474,0.0,0.0
434,Device,ResourceApplyGradientDescent,SGD/SGD/update_76/ResourceApplyGradientDescent,2,31.744,15.872,31.744,15.872,0.00011189147677250107,0.9951509863108199,0.0,0.0
435,Device,ResourceApplyGradientDescent,SGD/SGD/update_104/ResourceApplyGradientDescent,2,30.72,15.36,30.72,15.36,0.00010828207429596877,0.9952592683851158,0.0,0.0
436,Device,ResourceApplyGradientDescent,SGD/SGD/update_120/ResourceApplyGradientDescent,2,30.72,15.36,30.72,15.36,0.00010828207429596877,0.9953675504594117,0.0,0.0
437,Device,ResourceApplyGradientDescent,SGD/SGD/update_40/ResourceApplyGradientDescent,2,30.72,15.36,30.72,15.36,0.00010828207429596877,0.9954758325337076,0.0,0.0
438,Device,ResourceApplyGradientDescent,SGD/SGD/update_60/ResourceApplyGradientDescent,2,30.72,15.36,30.72,15.36,0.00010828207429596877,0.9955841146080036,0.0,0.0
439,Device,ResourceApplyGradientDescent,SGD/SGD/update_80/ResourceApplyGradientDescent,2,30.72,15.36,30.72,15.36,0.00010828207429596877,0.9956923966822995,0.0,0.0
440,Device,ResourceApplyGradientDescent,SGD/SGD/update_88/ResourceApplyGradientDescent,2,30.72,15.36,30.72,15.36,0.00010828207429596877,0.9958006787565954,0.0,0.0
441,Device,MatMul,xception/predictions/MatMul,2,24.576,12.288,24.576,12.288,8.662565943677502e-05,0.9958873044160321,0.0,0.0
442,Device,ResourceApplyGradientDescent,SGD/SGD/update_92/ResourceApplyGradientDescent,2,22.528,11.264,22.528,11.264,7.940685448371044e-05,0.9959667112705158,0.0,0.0
443,Device,ResourceApplyGradientDescent,SGD/SGD/update_96/ResourceApplyGradientDescent,2,22.528,11.264,22.528,11.264,7.940685448371044e-05,0.9960461181249995,0.0,0.0
444,Device,Softmax,xception/predictions/Softmax,2,21.505,10.7525,21.505,10.7525,7.580097681428414e-05,0.9961219191018138,0.0,0.0
445,Device,ArgMax,ArgMax,2,20.48,10.24,20.48,10.24,7.218804953064585e-05,0.9961941071513445,0.0,0.0
446,Device,ArgMax,ArgMax_1,2,18.432,9.216,18.432,9.216,6.496924457758126e-05,0.996259076395922,0.0,0.0
447,Device,ResourceApplyGradientDescent,SGD/SGD/update_36/ResourceApplyGradientDescent,2,16.384,8.192,16.384,8.192,5.775043962451668e-05,0.9963168268355466,0.0,0.0
448,Device,MatMul,gradient_tape/xception/predictions/MatMul/MatMul,2,14.336,7.168,14.336,7.168,5.05316346714521e-05,0.9963673584702181,0.0,0.0
449,Device,MatMul,gradient_tape/xception/predictions/MatMul/MatMul_1,2,14.336,7.168,14.336,7.168,5.05316346714521e-05,0.9964178901048896,0.0,0.0
450,Device,ResourceApplyGradientDescent,SGD/SGD/update_29/ResourceApplyGradientDescent,2,12.288,6.144,12.288,6.144,4.331282971838751e-05,0.9964612029346079,0.0,0.0
451,Device,DynamicStitch,gradient_tape/xception/avg_pool/DynamicStitch,2,11.264,5.632,11.264,5.632,3.970342724185522e-05,0.9965009063618498,0.0,0.0
452,Device,ResourceApplyGradientDescent,SGD/SGD/update_95/ResourceApplyGradientDescent,2,9.216,4.608,9.216,4.608,3.248462228879063e-05,0.9965333909841386,0.0,0.0
453,Device,ResourceApplyGradientDescent,SGD/SGD/update_107/ResourceApplyGradientDescent,2,8.192,4.096,8.192,4.096,2.887521981225834e-05,0.9965622662039508,0.0,0.0
454,Device,ResourceApplyGradientDescent,SGD/SGD/update_11/ResourceApplyGradientDescent,2,8.192,4.096,8.192,4.096,2.887521981225834e-05,0.996591141423763,0.0,0.0
455,Device,ResourceApplyGradientDescent,SGD/SGD/update_127/ResourceApplyGradientDescent,2,8.192,4.096,8.192,4.096,2.887521981225834e-05,0.9966200166435752,0.0,0.0
456,Device,ResourceApplyGradientDescent,SGD/SGD/update_14/ResourceApplyGradientDescent,2,8.192,4.096,8.192,4.096,2.887521981225834e-05,0.9966488918633875,0.0,0.0
457,Device,ResourceApplyGradientDescent,SGD/SGD/update_146/ResourceApplyGradientDescent,2,8.192,4.096,8.192,4.096,2.887521981225834e-05,0.9966777670831997,0.0,0.0
458,Device,ResourceApplyGradientDescent,SGD/SGD/update_21/ResourceApplyGradientDescent,2,8.192,4.096,8.192,4.096,2.887521981225834e-05,0.9967066423030119,0.0,0.0
459,Device,ResourceApplyGradientDescent,SGD/SGD/update_22/ResourceApplyGradientDescent,2,8.192,4.096,8.192,4.096,2.887521981225834e-05,0.9967355175228241,0.0,0.0
460,Device,ResourceApplyGradientDescent,SGD/SGD/update_3/ResourceApplyGradientDescent,2,8.192,4.096,8.192,4.096,2.887521981225834e-05,0.9967643927426363,0.0,0.0
461,Device,ResourceApplyGradientDescent,SGD/SGD/update_32/ResourceApplyGradientDescent,2,8.192,4.096,8.192,4.096,2.887521981225834e-05,0.9967932679624485,0.0,0.0
462,Device,ResourceApplyGradientDescent,SGD/SGD/update_47/ResourceApplyGradientDescent,2,8.192,4.096,8.192,4.096,2.887521981225834e-05,0.9968221431822607,0.0,0.0
463,Device,ResourceApplyGradientDescent,SGD/SGD/update_55/ResourceApplyGradientDescent,2,8.192,4.096,8.192,4.096,2.887521981225834e-05,0.9968510184020729,0.0,0.0
464,Device,ResourceApplyGradientDescent,SGD/SGD/update_90/ResourceApplyGradientDescent,2,8.192,4.096,8.192,4.096,2.887521981225834e-05,0.9968798936218851,0.0,0.0
465,Device,ResourceApplyGradientDescent,SGD/SGD/update_93/ResourceApplyGradientDescent,2,8.192,4.096,8.192,4.096,2.887521981225834e-05,0.9969087688416973,0.0,0.0
466,Device,ResourceApplyGradientDescent,SGD/SGD/update_99/ResourceApplyGradientDescent,2,8.192,4.096,8.192,4.096,2.887521981225834e-05,0.9969376440615095,0.0,0.0
467,Device,ResourceApplyGradientDescent,SGD/SGD/update_141/ResourceApplyGradientDescent,2,7.169,3.5845,7.169,3.5845,2.5269342142832036e-05,0.9969629134036524,0.0,0.0
468,Device,ResourceApplyGradientDescent,SGD/SGD/update_103/ResourceApplyGradientDescent,2,7.168,3.584,7.168,3.584,2.526581733572605e-05,0.9969881792209881,0.0,0.0
469,Device,ResourceApplyGradientDescent,SGD/SGD/update_106/ResourceApplyGradientDescent,2,7.168,3.584,7.168,3.584,2.526581733572605e-05,0.9970134450383239,0.0,0.0
470,Device,ResourceApplyGradientDescent,SGD/SGD/update_109/ResourceApplyGradientDescent,2,7.168,3.584,7.168,3.584,2.526581733572605e-05,0.9970387108556596,0.0,0.0
471,Device,ResourceApplyGradientDescent,SGD/SGD/update_111/ResourceApplyGradientDescent,2,7.168,3.584,7.168,3.584,2.526581733572605e-05,0.9970639766729954,0.0,0.0
472,Device,ResourceApplyGradientDescent,SGD/SGD/update_123/ResourceApplyGradientDescent,2,7.168,3.584,7.168,3.584,2.526581733572605e-05,0.9970892424903312,0.0,0.0
473,Device,ResourceApplyGradientDescent,SGD/SGD/update_126/ResourceApplyGradientDescent,2,7.168,3.584,7.168,3.584,2.526581733572605e-05,0.9971145083076669,0.0,0.0
474,Device,ResourceApplyGradientDescent,SGD/SGD/update_129/ResourceApplyGradientDescent,2,7.168,3.584,7.168,3.584,2.526581733572605e-05,0.9971397741250027,0.0,0.0
475,Device,ResourceApplyGradientDescent,SGD/SGD/update_130/ResourceApplyGradientDescent,2,7.168,3.584,7.168,3.584,2.526581733572605e-05,0.9971650399423384,0.0,0.0
476,Device,ResourceApplyGradientDescent,SGD/SGD/update_131/ResourceApplyGradientDescent,2,7.168,3.584,7.168,3.584,2.526581733572605e-05,0.9971903057596742,0.0,0.0
477,Device,ResourceApplyGradientDescent,SGD/SGD/update_133/ResourceApplyGradientDescent,2,7.168,3.584,7.168,3.584,2.526581733572605e-05,0.9972155715770099,0.0,0.0
478,Device,ResourceApplyGradientDescent,SGD/SGD/update_134/ResourceApplyGradientDescent,2,7.168,3.584,7.168,3.584,2.526581733572605e-05,0.9972408373943457,0.0,0.0
479,Device,ResourceApplyGradientDescent,SGD/SGD/update_135/ResourceApplyGradientDescent,2,7.168,3.584,7.168,3.584,2.526581733572605e-05,0.9972661032116814,0.0,0.0
480,Device,ResourceApplyGradientDescent,SGD/SGD/update_137/ResourceApplyGradientDescent,2,7.168,3.584,7.168,3.584,2.526581733572605e-05,0.9972913690290172,0.0,0.0
481,Device,ResourceApplyGradientDescent,SGD/SGD/update_139/ResourceApplyGradientDescent,2,7.168,3.584,7.168,3.584,2.526581733572605e-05,0.9973166348463529,0.0,0.0
482,Device,ResourceApplyGradientDescent,SGD/SGD/update_150/ResourceApplyGradientDescent,2,7.168,3.584,7.168,3.584,2.526581733572605e-05,0.9973419006636887,0.0,0.0
483,Device,ResourceApplyGradientDescent,SGD/SGD/update_18/ResourceApplyGradientDescent,2,7.168,3.584,7.168,3.584,2.526581733572605e-05,0.9973671664810244,0.0,0.0
484,Device,ResourceApplyGradientDescent,SGD/SGD/update_24/ResourceApplyGradientDescent,2,7.168,3.584,7.168,3.584,2.526581733572605e-05,0.9973924322983602,0.0,0.0
485,Device,ResourceApplyGradientDescent,SGD/SGD/update_25/ResourceApplyGradientDescent,2,7.168,3.584,7.168,3.584,2.526581733572605e-05,0.9974176981156959,0.0,0.0
486,Device,ResourceApplyGradientDescent,SGD/SGD/update_30/ResourceApplyGradientDescent,2,7.168,3.584,7.168,3.584,2.526581733572605e-05,0.9974429639330317,0.0,0.0
487,Device,ResourceApplyGradientDescent,SGD/SGD/update_39/ResourceApplyGradientDescent,2,7.168,3.584,7.168,3.584,2.526581733572605e-05,0.9974682297503674,0.0,0.0
488,Device,ResourceApplyGradientDescent,SGD/SGD/update_41/ResourceApplyGradientDescent,2,7.168,3.584,7.168,3.584,2.526581733572605e-05,0.9974934955677032,0.0,0.0
489,Device,ResourceApplyGradientDescent,SGD/SGD/update_45/ResourceApplyGradientDescent,2,7.168,3.584,7.168,3.584,2.526581733572605e-05,0.9975187613850389,0.0,0.0
490,Device,ResourceApplyGradientDescent,SGD/SGD/update_46/ResourceApplyGradientDescent,2,7.168,3.584,7.168,3.584,2.526581733572605e-05,0.9975440272023747,0.0,0.0
491,Device,ResourceApplyGradientDescent,SGD/SGD/update_50/ResourceApplyGradientDescent,2,7.168,3.584,7.168,3.584,2.526581733572605e-05,0.9975692930197104,0.0,0.0
492,Device,ResourceApplyGradientDescent,SGD/SGD/update_51/ResourceApplyGradientDescent,2,7.168,3.584,7.168,3.584,2.526581733572605e-05,0.9975945588370462,0.0,0.0
493,Device,ResourceApplyGradientDescent,SGD/SGD/update_53/ResourceApplyGradientDescent,2,7.168,3.584,7.168,3.584,2.526581733572605e-05,0.9976198246543819,0.0,0.0
494,Device,ResourceApplyGradientDescent,SGD/SGD/update_54/ResourceApplyGradientDescent,2,7.168,3.584,7.168,3.584,2.526581733572605e-05,0.9976450904717177,0.0,0.0
495,Device,ResourceApplyGradientDescent,SGD/SGD/update_59/ResourceApplyGradientDescent,2,7.168,3.584,7.168,3.584,2.526581733572605e-05,0.9976703562890534,0.0,0.0
496,Device,ResourceApplyGradientDescent,SGD/SGD/update_65/ResourceApplyGradientDescent,2,7.168,3.584,7.168,3.584,2.526581733572605e-05,0.9976956221063892,0.0,0.0
497,Device,ResourceApplyGradientDescent,SGD/SGD/update_66/ResourceApplyGradientDescent,2,7.168,3.584,7.168,3.584,2.526581733572605e-05,0.9977208879237249,0.0,0.0
498,Device,ResourceApplyGradientDescent,SGD/SGD/update_67/ResourceApplyGradientDescent,2,7.168,3.584,7.168,3.584,2.526581733572605e-05,0.9977461537410607,0.0,0.0
499,Device,ResourceApplyGradientDescent,SGD/SGD/update_71/ResourceApplyGradientDescent,2,7.168,3.584,7.168,3.584,2.526581733572605e-05,0.9977714195583964,0.0,0.0
500,Device,ResourceApplyGradientDescent,SGD/SGD/update_74/ResourceApplyGradientDescent,2,7.168,3.584,7.168,3.584,2.526581733572605e-05,0.9977966853757322,0.0,0.0
501,Host,IDLE,IDLE,0,714161.258,0.0,714161.258,0.0,0.0,0.0,0.9955655103876803,0.9955655103876803
502,Host,GatherV2,GatherV2,2,2794.633,1397.3165,2794.633,1397.3165,0.0,0.0,0.003895815122739763,0.99946132551042
503,Host,GatherV2,GatherV2_1,2,54.371,27.1855,54.371,27.1855,0.0,0.0,7.579505575096397e-05,0.999537120566171
504,Host,Dataset,Iterator::Root::ParallelMapV2,2,54.291,27.1455,54.291,27.1455,0.0,0.0,7.568353298220714e-05,0.9996128040991532
505,Host,Dataset,Iterator::Root::ParallelMapV2::Zip[1]::ForeverRepeat,2,57.681,28.8405,53.941,26.9705,0.0,0.0,7.519562086889605e-05,0.9996879997200221
506,Host,FlushSummaryWriter,FlushSummaryWriter,1,39.59,39.59,39.59,39.59,0.0,0.0,5.518983018853182e-05,0.9997431895502106
507,Host,IteratorGetNext,IteratorGetNext,2,35.17,17.585,35.17,17.585,0.0,0.0,4.9028197214717456e-05,0.9997922177474253
508,Host,LogicalAnd,LogicalAnd,1,30.701,30.701,30.701,30.701,0.0,0.0,4.279825654503954e-05,0.9998350160039704
509,Host,Dataset,Iterator::Root,2,82.601,41.3005,28.31,14.155,0.0,0.0,3.946511979382005e-05,0.9998744811237642
510,Host,WriteSummary,WriteSummary,1,21.91,21.91,21.91,21.91,0.0,0.0,3.054329829327437e-05,0.9999050244220575
511,Host,Dataset,Iterator::Root::ParallelMapV2::Zip[0]::FlatMap[1]::Concatenate[0]::TensorSlice,2,21.81,10.905,21.81,10.905,0.0,0.0,3.0403894832328336e-05,0.9999354283168899
512,Host,Dataset,Iterator::Root::ParallelMapV2::Zip,2,113.301,56.6505,15.21,7.605,0.0,0.0,2.12032664098906e-05,0.9999566315832997
513,Host,Dataset,Iterator::Root::ParallelMapV2::Zip[0]::FlatMap[1]::Concatenate,2,36.55,18.275,14.74,7.37,0.0,0.0,2.054807014344428e-05,0.9999771796534431
514,Host,ReadVariableOp,ReadVariableOp,1,6.15,6.15,6.15,6.15,0.0,0.0,8.573312848180619e-06,0.9999857529662913
515,Host,Dataset,Iterator::Root::ParallelMapV2::Zip[0]::FlatMap,2,40.41,20.205,3.86,1.93,0.0,0.0,5.380973592516615e-06,0.9999911339398838
516,Host,Dataset,Iterator::Root::ParallelMapV2::Zip[1]::ForeverRepeat::FromTensor,4,3.74,0.935,3.74,0.935,0.0,0.0,5.213689439381384e-06,0.9999963476293232
517,Host,Identity,Identity,2,2.62,1.31,2.62,1.31,0.0,0.0,3.6523706767858893e-06,1.0
