Rank,Host/device,Type,Operation,#Occurrences,Total time (us),Avg. time (us),Total self-time (us),Avg. self-time (us),Total self-time on Device (%),Cumulative total-self time on Device (%),Total self-time on Host (%),Cumulative total-self time on Host (%)
1,Device,DepthwiseConv2dNativeBackpropFilter,gradient_tape/mobilenetv2_1.00_224/expanded_conv_depthwise/depthwise/DepthwiseConv2dNativeBackpropFilter,2,283755.682,141877.841,283755.682,141877.841,0.31296474520149914,0.31296474520149914,0.0,0.0
2,Device,DepthwiseConv2dNativeBackpropFilter,gradient_tape/mobilenetv2_1.00_224/block_2_depthwise/depthwise/DepthwiseConv2dNativeBackpropFilter,2,128037.961,64018.9805,128037.961,64018.9805,0.14121785177321838,0.4541825969747175,0.0,0.0
3,Device,DepthwiseConv2dNativeBackpropFilter,gradient_tape/mobilenetv2_1.00_224/block_1_depthwise/depthwise/DepthwiseConv2dNativeBackpropFilter,2,83641.391,41820.6955,83641.391,41820.6955,0.09225121568707113,0.5464338126617887,0.0,0.0
4,Device,DepthwiseConv2dNativeBackpropFilter,gradient_tape/mobilenetv2_1.00_224/block_3_depthwise/depthwise/DepthwiseConv2dNativeBackpropFilter,2,23026.701,11513.3505,23026.701,11513.3505,0.02539700900613545,0.5718308216679242,0.0,0.0
5,Device,FusedBatchNormGradV3,gradient_tape/mobilenetv2_1.00_224/block_1_expand_BN/FusedBatchNormGradV3,2,12957.703,6478.8515,12957.703,6478.8515,0.014291534848601557,0.5861223565165258,0.0,0.0
6,Device,IDLE,IDLE,0,12549.446,0.0,12549.446,0.0,0.013841252947350577,0.5999636094638764,0.0,0.0
7,Device,_Recv,IteratorGetNext/_2,2,12110.92,6055.46,12110.92,6055.46,0.013357586234892525,0.6133211956987689,0.0,0.0
8,Device,Relu6Grad,gradient_tape/mobilenetv2_1.00_224/block_1_expand_relu/Relu6/Relu6Grad,2,8245.254,4122.627,8245.254,4122.627,0.009093998749359466,0.6224151944481283,0.0,0.0
9,Device,FusedBatchNormV3,mobilenetv2_1.00_224/block_1_expand_BN/FusedBatchNormV3,4,7960.58,1990.145,7960.58,1990.145,0.008780021156919601,0.6311952156050479,0.0,0.0
10,Device,Conv2DBackpropFilter,gradient_tape/mobilenetv2_1.00_224/block_1_expand/Conv2D/Conv2DBackpropFilter,2,7386.116,3693.058,7386.116,3693.058,0.008146423344462637,0.6393416389495105,0.0,0.0
11,Device,DepthwiseConv2dNativeBackpropInput,gradient_tape/mobilenetv2_1.00_224/block_1_depthwise/depthwise/DepthwiseConv2dNativeBackpropInput,2,7189.508,3594.754,7189.508,3594.754,0.007929577034316937,0.6472712159838274,0.0,0.0
12,Device,Slice,gradient_tape/mobilenetv2_1.00_224/block_1_pad/Slice_1,2,6264.835,3132.4175,6264.835,3132.4175,0.0069097206289755785,0.654180936612803,0.0,0.0
13,Device,Pad,mobilenetv2_1.00_224/block_1_pad/Pad,2,5617.668,2808.834,5617.668,2808.834,0.006195935961016687,0.6603768725738196,0.0,0.0
14,Device,FusedBatchNormGradV3,gradient_tape/mobilenetv2_1.00_224/expanded_conv_depthwise_BN/FusedBatchNormGradV3,2,5331.97,2665.985,5331.97,2665.985,0.005880828960711482,0.6662577015345311,0.0,0.0
15,Device,FusedBatchNormGradV3,gradient_tape/mobilenetv2_1.00_224/bn_Conv1/FusedBatchNormGradV3,2,5324.804,2662.402,5324.804,2662.402,0.005872925311528823,0.67213062684606,0.0,0.0
16,Device,DepthwiseConv2dNativeBackpropFilter,gradient_tape/mobilenetv2_1.00_224/block_6_depthwise/depthwise/DepthwiseConv2dNativeBackpropFilter,2,5320.708,2660.354,5320.708,2660.354,0.005868407680067454,0.6779990345261274,0.0,0.0
17,Device,Relu6,mobilenetv2_1.00_224/block_1_expand_relu/Relu6,2,5282.818,2641.409,5282.818,2641.409,0.005826617383175057,0.6838256519093024,0.0,0.0
18,Device,FusedBatchNormGradV3,gradient_tape/mobilenetv2_1.00_224/block_2_depthwise_BN/FusedBatchNormGradV3,2,4897.794,2448.897,4897.794,2448.897,0.005401960025806396,0.6892276119351088,0.0,0.0
19,Device,FusedBatchNormGradV3,gradient_tape/mobilenetv2_1.00_224/block_2_expand_BN/FusedBatchNormGradV3,2,4888.579,2444.2895,4888.579,2444.2895,0.005391796457955685,0.6946194083930646,0.0,0.0
20,Device,FusedBatchNormGradV3,gradient_tape/mobilenetv2_1.00_224/block_3_expand_BN/FusedBatchNormGradV3,2,4884.482,2442.241,4884.482,2442.241,0.005387277723556948,0.7000066861166215,0.0,0.0
21,Device,FusedBatchNormGradV3,gradient_tape/mobilenetv2_1.00_224/expanded_conv_project_BN/FusedBatchNormGradV3,2,4248.579,2124.2895,4248.579,2124.2895,0.00468591654211682,0.7046926026587383,0.0,0.0
22,Device,Conv2DBackpropInput,gradient_tape/mobilenetv2_1.00_224/block_1_expand/Conv2D/Conv2DBackpropInput,2,3687.426,1843.713,3687.426,1843.713,0.004066999928971937,0.7087596025877103,0.0,0.0
23,Device,Conv2DBackpropFilter,gradient_tape/mobilenetv2_1.00_224/Conv1/Conv2D/Conv2DBackpropFilter,2,3591.17,1795.585,3591.17,1795.585,0.0039608355896297714,0.7127204381773401,0.0,0.0
24,Device,Conv2D,mobilenetv2_1.00_224/block_1_expand/Conv2D,2,3504.13,1752.065,3504.13,1752.065,0.003864835921075686,0.7165852740984158,0.0,0.0
25,Device,DepthwiseConv2dNativeBackpropInput,gradient_tape/mobilenetv2_1.00_224/block_2_depthwise/depthwise/DepthwiseConv2dNativeBackpropInput,2,3496.962,1748.481,3496.962,1748.481,0.0038569300660182904,0.720442204164434,0.0,0.0
26,Device,DepthwiseConv2dNative,mobilenetv2_1.00_224/block_1_depthwise/depthwise,2,3383.298,1691.649,3383.298,1691.649,0.003731565792965308,0.7241737699573993,0.0,0.0
27,Device,FusedBatchNormGradV3,gradient_tape/mobilenetv2_1.00_224/block_1_depthwise_BN/FusedBatchNormGradV3,2,3211.266,1605.633,3211.266,1605.633,0.0035418252715878214,0.7277155952289872,0.0,0.0
28,Device,Conv2DBackpropFilter,gradient_tape/mobilenetv2_1.00_224/expanded_conv_project/Conv2D/Conv2DBackpropFilter,2,3195.906,1597.953,3195.906,1597.953,0.0035248841536076885,0.731240479382595,0.0,0.0
29,Device,DepthwiseConv2dNativeBackpropInput,gradient_tape/mobilenetv2_1.00_224/expanded_conv_depthwise/depthwise/DepthwiseConv2dNativeBackpropInput,2,3187.714,1593.857,3187.714,1593.857,0.0035158488906849514,0.7347563282732799,0.0,0.0
30,Device,DepthwiseConv2dNativeBackpropFilter,gradient_tape/mobilenetv2_1.00_224/block_13_depthwise/depthwise/DepthwiseConv2dNativeBackpropFilter,2,3153.922,1576.961,3153.922,1576.961,0.003478578431128659,0.7382349067044085,0.0,0.0
31,Device,FusedBatchNormV3,mobilenetv2_1.00_224/bn_Conv1/FusedBatchNormV3,4,3103.746,775.9365,3103.746,775.9365,0.0034232374457268924,0.7416581441501354,0.0,0.0
32,Device,FusedBatchNormV3,mobilenetv2_1.00_224/expanded_conv_depthwise_BN/FusedBatchNormV3,4,3099.65,774.9125,3099.65,774.9125,0.0034187198142655237,0.745076863964401,0.0,0.0
33,Device,Conv2DBackpropFilter,gradient_tape/mobilenetv2_1.00_224/block_2_project/Conv2D/Conv2DBackpropFilter,2,3087.362,1543.681,3087.362,1543.681,0.0034051669198814174,0.7484820308842824,0.0,0.0
34,Device,Relu6Grad,gradient_tape/mobilenetv2_1.00_224/block_2_expand_relu/Relu6/Relu6Grad,2,3074.05,1537.025,3074.05,1537.025,0.003390484617631969,0.7518725155019144,0.0,0.0
35,Device,Relu6Grad,gradient_tape/mobilenetv2_1.00_224/block_3_expand_relu/Relu6/Relu6Grad,2,3069.954,1534.977,3069.954,1534.977,0.0033859669861706003,0.7552584824880849,0.0,0.0
36,Device,Relu6Grad,gradient_tape/mobilenetv2_1.00_224/block_2_depthwise_relu/Relu6/Relu6Grad,2,3062.786,1531.393,3062.786,1531.393,0.003378061131113205,0.7586365436191981,0.0,0.0
37,Device,FusedBatchNormV3,mobilenetv2_1.00_224/block_2_depthwise_BN/FusedBatchNormV3,4,2938.882,734.7205,2938.882,734.7205,0.003241402779406801,0.7618779463986048,0.0,0.0
38,Device,FusedBatchNormV3,mobilenetv2_1.00_224/block_2_expand_BN/FusedBatchNormV3,4,2938.882,734.7205,2938.882,734.7205,0.003241402779406801,0.7651193491780116,0.0,0.0
39,Device,FusedBatchNormV3,mobilenetv2_1.00_224/block_3_expand_BN/FusedBatchNormV3,4,2934.786,733.6965,2934.786,733.6965,0.003236885147945432,0.768356234325957,0.0,0.0
40,Device,DepthwiseConv2dNativeBackpropInput,gradient_tape/mobilenetv2_1.00_224/block_3_depthwise/depthwise/DepthwiseConv2dNativeBackpropInput,2,2786.305,1393.1525,2786.305,1393.1525,0.003073119904533447,0.7714293542304904,0.0,0.0
41,Device,Conv2DBackpropFilter,gradient_tape/mobilenetv2_1.00_224/block_3_expand/Conv2D/Conv2DBackpropFilter,2,2732.034,1366.017,2732.034,1366.017,0.00301326239060768,0.7744426166210981,0.0,0.0
42,Device,Conv2DBackpropFilter,gradient_tape/mobilenetv2_1.00_224/block_2_expand/Conv2D/Conv2DBackpropFilter,2,2725.889,1362.9445,2725.889,1362.9445,0.0030064848404782584,0.7774491014615764,0.0,0.0
43,Device,Relu6Grad,gradient_tape/mobilenetv2_1.00_224/expanded_conv_depthwise_relu/Relu6/Relu6Grad,2,2692.098,1346.049,2692.098,1346.049,0.002969215483859335,0.7804183169454357,0.0,0.0
44,Device,Relu6Grad,gradient_tape/mobilenetv2_1.00_224/Conv1_relu/Relu6/Relu6Grad,2,2675.713,1337.8565,2675.713,1337.8565,0.0029511438550764916,0.7833694608005122,0.0,0.0
45,Device,DepthwiseConv2dNative,mobilenetv2_1.00_224/block_2_depthwise/depthwise,2,2569.218,1284.609,2569.218,1284.609,0.002833686540018273,0.7862031473405304,0.0,0.0
46,Device,FusedBatchNormV3,mobilenetv2_1.00_224/expanded_conv_project_BN/FusedBatchNormV3,4,2437.122,609.2805,2437.122,609.2805,0.0026879929253891314,0.7888911402659196,0.0,0.0
47,Device,Slice,gradient_tape/mobilenetv2_1.00_224/block_3_pad/Slice_1,2,2418.69,1209.345,2418.69,1209.345,0.002667663583812972,0.7915588038497325,0.0,0.0
48,Device,Conv2DBackpropFilter,gradient_tape/mobilenetv2_1.00_224/block_1_project/Conv2D/Conv2DBackpropFilter,2,2164.738,1082.369,2164.738,1082.369,0.0023875704332081108,0.7939463742829407,0.0,0.0
49,Device,Pad,mobilenetv2_1.00_224/block_3_pad/Pad,2,2114.56,1057.28,2114.56,1057.28,0.0023322272419316068,0.7962786015248723,0.0,0.0
50,Device,DepthwiseConv2dNative,mobilenetv2_1.00_224/expanded_conv_depthwise/depthwise,2,2096.128,1048.064,2096.128,1048.064,0.002311897900355448,0.7985904994252278,0.0,0.0
51,Device,Relu6Grad,gradient_tape/mobilenetv2_1.00_224/block_1_depthwise_relu/Relu6/Relu6Grad,2,2037.762,1018.881,2037.762,1018.881,0.00224752385790568,0.8008380232831335,0.0,0.0
52,Device,Relu6,mobilenetv2_1.00_224/block_3_expand_relu/Relu6,2,1983.49,991.745,1983.49,991.745,0.0021876652410425445,0.803025688524176,0.0,0.0
53,Device,Relu6,mobilenetv2_1.00_224/block_2_depthwise_relu/Relu6,2,1979.392,989.696,1979.392,989.696,0.002183145403706439,0.8052088339278825,0.0,0.0
54,Device,Relu6,mobilenetv2_1.00_224/block_2_expand_relu/Relu6,2,1976.32,988.16,1976.32,988.16,0.0021797571801104123,0.8073885911079929,0.0,0.0
55,Device,Conv2D,mobilenetv2_1.00_224/Conv1/Conv2D,2,1969.152,984.576,1969.152,984.576,0.002171851325053017,0.8095604424330459,0.0,0.0
56,Device,FusedBatchNormV3,mobilenetv2_1.00_224/block_1_depthwise_BN/FusedBatchNormV3,4,1963.009,490.75225,1963.009,490.75225,0.0021650759807983326,0.8117255184138442,0.0,0.0
57,Device,Relu6,mobilenetv2_1.00_224/expanded_conv_depthwise_relu/Relu6,2,1761.282,880.641,1761.282,880.641,0.001942583734263291,0.8136681021481075,0.0,0.0
58,Device,Relu6,mobilenetv2_1.00_224/Conv1_relu/Relu6,2,1759.234,879.617,1759.234,879.617,0.0019403249185326065,0.81560842706664,0.0,0.0
59,Device,FusedBatchNormGradV3,gradient_tape/mobilenetv2_1.00_224/block_5_depthwise_BN/FusedBatchNormGradV3,2,1740.802,870.401,1740.802,870.401,0.001919995576956447,0.8175284226435965,0.0,0.0
60,Device,FusedBatchNormGradV3,gradient_tape/mobilenetv2_1.00_224/block_4_depthwise_BN/FusedBatchNormGradV3,2,1732.61,866.305,1732.61,866.305,0.0019109603140337098,0.8194393829576302,0.0,0.0
61,Device,FusedBatchNormGradV3,gradient_tape/mobilenetv2_1.00_224/block_4_expand_BN/FusedBatchNormGradV3,2,1731.584,865.792,1731.584,865.792,0.0019098287002936307,0.8213492116579239,0.0,0.0
62,Device,FusedBatchNormGradV3,gradient_tape/mobilenetv2_1.00_224/block_6_expand_BN/FusedBatchNormGradV3,2,1731.584,865.792,1731.584,865.792,0.0019098287002936307,0.8232590403582175,0.0,0.0
63,Device,FusedBatchNormGradV3,gradient_tape/mobilenetv2_1.00_224/block_5_expand_BN/FusedBatchNormGradV3,2,1730.56,865.28,1730.56,865.28,0.0019086992924282884,0.8251677396506458,0.0,0.0
64,Device,Conv2D,mobilenetv2_1.00_224/block_2_expand/Conv2D,2,1483.778,741.889,1483.778,741.889,0.0016365142027555595,0.8268042538534014,0.0,0.0
65,Device,Conv2D,mobilenetv2_1.00_224/block_3_expand/Conv2D,2,1483.776,741.888,1483.776,741.888,0.0016365119968808225,0.8284407658502823,0.0,0.0
66,Device,Conv2DBackpropInput,gradient_tape/mobilenetv2_1.00_224/block_2_project/Conv2D/Conv2DBackpropInput,2,1477.632,738.816,1477.632,738.816,0.0016297355496887695,0.8300705013999711,0.0,0.0
67,Device,Conv2DBackpropFilter,gradient_tape/mobilenetv2_1.00_224/Conv_1/Conv2D/Conv2DBackpropFilter,2,1451.009,725.5045,1451.009,725.5045,0.0016003720481272412,0.8316708734480983,0.0,0.0
68,Device,Conv2DBackpropInput,gradient_tape/mobilenetv2_1.00_224/block_2_expand/Conv2D/Conv2DBackpropInput,2,1420.29,710.145,1420.29,710.145,0.001566490915104344,0.8332373643632026,0.0,0.0
69,Device,Conv2DBackpropInput,gradient_tape/mobilenetv2_1.00_224/block_3_expand/Conv2D/Conv2DBackpropInput,2,1418.24,709.12,1418.24,709.12,0.0015642298934989227,0.8348015942567015,0.0,0.0
70,Device,DepthwiseConv2dNative,mobilenetv2_1.00_224/block_3_depthwise/depthwise,2,1361.922,680.961,1361.922,680.961,0.0015021146667798398,0.8363037089234814,0.0,0.0
71,Device,FusedBatchNormGradV3,gradient_tape/mobilenetv2_1.00_224/block_12_expand_BN/FusedBatchNormGradV3,2,1345.536,672.768,1345.536,672.768,0.001484041935059628,0.837787750858541,0.0,0.0
72,Device,FusedBatchNormGradV3,gradient_tape/mobilenetv2_1.00_224/block_11_depthwise_BN/FusedBatchNormGradV3,2,1340.418,670.209,1340.418,670.209,0.0014783971016076537,0.8392661479601486,0.0,0.0
73,Device,FusedBatchNormGradV3,gradient_tape/mobilenetv2_1.00_224/block_12_depthwise_BN/FusedBatchNormGradV3,2,1337.344,668.672,1337.344,668.672,0.0014750066721368905,0.8407411546322855,0.0,0.0
74,Device,FusedBatchNormGradV3,gradient_tape/mobilenetv2_1.00_224/block_11_expand_BN/FusedBatchNormGradV3,2,1335.298,667.649,1335.298,667.649,0.001472750062280943,0.8422139046945665,0.0,0.0
75,Device,FusedBatchNormGradV3,gradient_tape/mobilenetv2_1.00_224/block_13_expand_BN/FusedBatchNormGradV3,2,1334.274,667.137,1334.274,667.137,0.0014716206544156008,0.8436855253489821,0.0,0.0
76,Device,Relu6,mobilenetv2_1.00_224/block_1_depthwise_relu/Relu6,2,1317.889,658.9445,1317.889,658.9445,0.0014535490256327574,0.8451390743746149,0.0,0.0
77,Device,Conv2D,mobilenetv2_1.00_224/expanded_conv_project/Conv2D,2,1306.624,653.312,1306.624,653.312,0.001441124436176625,0.8465801988107915,0.0,0.0
78,Device,Conv2DBackpropInput,gradient_tape/mobilenetv2_1.00_224/expanded_conv_project/Conv2D/Conv2DBackpropInput,2,1301.504,650.752,1301.504,650.752,0.001435477396849914,0.8480156762076414,0.0,0.0
79,Device,FusedBatchNormGradV3,gradient_tape/mobilenetv2_1.00_224/block_3_depthwise_BN/FusedBatchNormGradV3,2,1295.36,647.68,1295.36,647.68,0.0014287009496578608,0.8494443771572993,0.0,0.0
80,Device,FusedBatchNormGradV3,gradient_tape/mobilenetv2_1.00_224/block_1_project_BN/FusedBatchNormGradV3,2,1184.768,592.384,1184.768,592.384,0.0013067249002009051,0.8507511020575002,0.0,0.0
81,Device,FusedBatchNormGradV3,gradient_tape/mobilenetv2_1.00_224/block_2_project_BN/FusedBatchNormGradV3,2,1181.698,590.849,1181.698,590.849,0.0013033388824796157,0.8520544409399797,0.0,0.0
82,Device,DepthwiseConv2dNativeBackpropInput,gradient_tape/mobilenetv2_1.00_224/block_5_depthwise/depthwise/DepthwiseConv2dNativeBackpropInput,2,1179.648,589.824,1179.648,589.824,0.0013010778608741943,0.8533555188008539,0.0,0.0
83,Device,DepthwiseConv2dNativeBackpropInput,gradient_tape/mobilenetv2_1.00_224/block_4_depthwise/depthwise/DepthwiseConv2dNativeBackpropInput,2,1150.978,575.489,1150.978,575.489,0.0012694566465193502,0.8546249754473733,0.0,0.0
84,Device,Conv2D,mobilenetv2_1.00_224/block_2_project/Conv2D,2,1110.018,555.009,1110.018,555.009,0.0012242803319056628,0.855849255779279,0.0,0.0
85,Device,DepthwiseConv2dNativeBackpropFilter,gradient_tape/mobilenetv2_1.00_224/block_5_depthwise/depthwise/DepthwiseConv2dNativeBackpropFilter,2,1096.704,548.352,1096.704,548.352,0.0012095958237814774,0.8570588516030604,0.0,0.0
86,Device,DepthwiseConv2dNativeBackpropFilter,gradient_tape/mobilenetv2_1.00_224/block_4_depthwise/depthwise/DepthwiseConv2dNativeBackpropFilter,2,1094.656,547.328,1094.656,547.328,0.001207337008050793,0.8582661886111111,0.0,0.0
87,Device,FusedBatchNormV3,mobilenetv2_1.00_224/block_6_expand_BN/FusedBatchNormV3,4,1025.025,256.25625,1025.025,256.25625,0.0011305383761448934,0.859396726987256,0.0,0.0
88,Device,FusedBatchNormV3,mobilenetv2_1.00_224/block_5_expand_BN/FusedBatchNormV3,4,1025.024,256.256,1025.024,256.256,0.0011305372732075246,0.8605272642604636,0.0,0.0
89,Device,FusedBatchNormV3,mobilenetv2_1.00_224/block_4_expand_BN/FusedBatchNormV3,4,1024.002,256.0005,1024.002,256.0005,0.0011294100712169195,0.8616566743316805,0.0,0.0
90,Device,Relu6Grad,gradient_tape/mobilenetv2_1.00_224/block_5_depthwise_relu/Relu6/Relu6Grad,2,1021.952,510.976,1021.952,510.976,0.001127149049611498,0.862783823381292,0.0,0.0
91,Device,FusedBatchNormV3,mobilenetv2_1.00_224/block_5_depthwise_BN/FusedBatchNormV3,4,1021.952,255.488,1021.952,255.488,0.001127149049611498,0.8639109724309035,0.0,0.0
92,Device,FusedBatchNormV3,mobilenetv2_1.00_224/block_4_depthwise_BN/FusedBatchNormV3,4,1020.928,255.232,1020.928,255.232,0.001126019641746156,0.8650369920726497,0.0,0.0
93,Device,Relu6Grad,gradient_tape/mobilenetv2_1.00_224/block_6_expand_relu/Relu6/Relu6Grad,2,1018.882,509.441,1018.882,509.441,0.0011237630318902086,0.8661607551045399,0.0,0.0
94,Device,Relu6Grad,gradient_tape/mobilenetv2_1.00_224/block_4_depthwise_relu/Relu6/Relu6Grad,2,1017.856,508.928,1017.856,508.928,0.0011226314181501293,0.8672833865226901,0.0,0.0
95,Device,Relu6Grad,gradient_tape/mobilenetv2_1.00_224/block_4_expand_relu/Relu6/Relu6Grad,2,1017.856,508.928,1017.856,508.928,0.0011226314181501293,0.8684060179408403,0.0,0.0
96,Device,Relu6Grad,gradient_tape/mobilenetv2_1.00_224/block_5_expand_relu/Relu6/Relu6Grad,2,1016.834,508.417,1016.834,508.417,0.0011215042161595243,0.8695275221569998,0.0,0.0
97,Device,DepthwiseConv2dNativeBackpropInput,gradient_tape/mobilenetv2_1.00_224/block_6_depthwise/depthwise/DepthwiseConv2dNativeBackpropInput,2,995.328,497.664,995.328,497.664,0.0010977844451126014,0.8706253066021123,0.0,0.0
98,Device,Conv2DBackpropInput,gradient_tape/mobilenetv2_1.00_224/block_1_project/Conv2D/Conv2DBackpropInput,2,993.28,496.64,993.28,496.64,0.001095525629381917,0.8717208322314942,0.0,0.0
99,Device,Conv2DBackpropFilter,gradient_tape/mobilenetv2_1.00_224/block_4_project/Conv2D/Conv2DBackpropFilter,2,950.272,475.136,950.272,475.136,0.0010480904990375454,0.8727689227305317,0.0,0.0
100,Device,Conv2DBackpropFilter,gradient_tape/mobilenetv2_1.00_224/block_5_project/Conv2D/Conv2DBackpropFilter,2,939.008,469.504,939.008,469.504,0.0010356670125187815,0.8738045897430505,0.0,0.0
101,Device,Conv2DBackpropFilter,gradient_tape/mobilenetv2_1.00_224/block_4_expand/Conv2D/Conv2DBackpropFilter,2,932.866,466.433,932.866,466.433,0.0010288927712014653,0.874833482514252,0.0,0.0
102,Device,Conv2DBackpropFilter,gradient_tape/mobilenetv2_1.00_224/block_6_expand/Conv2D/Conv2DBackpropFilter,2,932.864,466.432,932.864,466.432,0.0010288905653267283,0.8758623730795787,0.0,0.0
103,Device,Conv2DBackpropFilter,gradient_tape/mobilenetv2_1.00_224/block_5_expand/Conv2D/Conv2DBackpropFilter,2,928.768,464.384,928.768,464.384,0.0010243729338653596,0.8768867460134441,0.0,0.0
104,Device,DepthwiseConv2dNativeBackpropInput,gradient_tape/mobilenetv2_1.00_224/block_12_depthwise/depthwise/DepthwiseConv2dNativeBackpropInput,2,919.554,459.777,919.554,459.777,0.001014210468952017,0.8779009564823961,0.0,0.0
105,Device,DepthwiseConv2dNativeBackpropInput,gradient_tape/mobilenetv2_1.00_224/block_11_depthwise/depthwise/DepthwiseConv2dNativeBackpropInput,2,913.408,456.704,913.408,456.704,0.0010074318158852268,0.8789083882982813,0.0,0.0
106,Device,FusedBatchNormGradV3,gradient_tape/mobilenetv2_1.00_224/block_8_expand_BN/FusedBatchNormGradV3,2,894.976,447.488,894.976,447.488,0.0009871024743090676,0.8798954907725904,0.0,0.0
107,Device,FusedBatchNormGradV3,gradient_tape/mobilenetv2_1.00_224/block_8_depthwise_BN/FusedBatchNormGradV3,2,892.928,446.464,892.928,446.464,0.0009848436585783832,0.8808803344311689,0.0,0.0
108,Device,FusedBatchNormGradV3,gradient_tape/mobilenetv2_1.00_224/block_7_expand_BN/FusedBatchNormGradV3,2,891.906,445.953,891.906,445.953,0.000983716456587778,0.8818640508877567,0.0,0.0
109,Device,FusedBatchNormGradV3,gradient_tape/mobilenetv2_1.00_224/block_10_depthwise_BN/FusedBatchNormGradV3,2,891.904,445.952,891.904,445.952,0.000983714250713041,0.8828477651384697,0.0,0.0
110,Device,FusedBatchNormGradV3,gradient_tape/mobilenetv2_1.00_224/block_9_depthwise_BN/FusedBatchNormGradV3,2,890.882,445.441,890.882,445.441,0.0009825870487224359,0.8838303521871922,0.0,0.0
111,Device,FusedBatchNormGradV3,gradient_tape/mobilenetv2_1.00_224/block_7_depthwise_BN/FusedBatchNormGradV3,2,889.856,444.928,889.856,444.928,0.0009814554349823566,0.8848118076221746,0.0,0.0
112,Device,FusedBatchNormGradV3,gradient_tape/mobilenetv2_1.00_224/block_9_expand_BN/FusedBatchNormGradV3,2,888.832,444.416,888.832,444.416,0.0009803260271170145,0.8857921336492917,0.0,0.0
113,Device,FusedBatchNormGradV3,gradient_tape/mobilenetv2_1.00_224/block_10_expand_BN/FusedBatchNormGradV3,2,887.81,443.905,887.81,443.905,0.0009791988251264092,0.8867713324744181,0.0,0.0
114,Device,DepthwiseConv2dNativeBackpropFilter,gradient_tape/mobilenetv2_1.00_224/block_12_depthwise/depthwise/DepthwiseConv2dNativeBackpropFilter,2,874.496,437.248,874.496,437.248,0.0009645143170022238,0.8877358467914203,0.0,0.0
115,Device,DepthwiseConv2dNativeBackpropFilter,gradient_tape/mobilenetv2_1.00_224/block_11_depthwise/depthwise/DepthwiseConv2dNativeBackpropFilter,2,869.376,434.688,869.376,434.688,0.000958867277675513,0.8886947140690957,0.0,0.0
116,Device,FusedBatchNormV3,mobilenetv2_1.00_224/block_12_expand_BN/FusedBatchNormV3,4,812.033,203.00825,812.033,203.00825,0.0008956215401537193,0.8895903356092495,0.0,0.0
117,Device,FusedBatchNormV3,mobilenetv2_1.00_224/block_11_expand_BN/FusedBatchNormV3,4,807.936,201.984,807.936,201.984,0.0008911028057549821,0.8904814384150045,0.0,0.0
118,Device,FusedBatchNormV3,mobilenetv2_1.00_224/block_12_depthwise_BN/FusedBatchNormV3,4,807.936,201.984,807.936,201.984,0.0008911028057549821,0.8913725412207595,0.0,0.0
119,Device,FusedBatchNormV3,mobilenetv2_1.00_224/block_13_expand_BN/FusedBatchNormV3,4,807.936,201.984,807.936,201.984,0.0008911028057549821,0.8922636440265145,0.0,0.0
120,Device,FusedBatchNormV3,mobilenetv2_1.00_224/block_11_depthwise_BN/FusedBatchNormV3,4,806.913,201.72825,806.913,201.72825,0.0008899745008270083,0.8931536185273415,0.0,0.0
121,Device,Conv2D,mobilenetv2_1.00_224/block_1_project/Conv2D,2,805.888,402.944,805.888,402.944,0.0008888439900242977,0.8940424625173659,0.0,0.0
122,Device,DepthwiseConv2dNativeBackpropInput,gradient_tape/mobilenetv2_1.00_224/block_13_depthwise/depthwise/DepthwiseConv2dNativeBackpropInput,2,802.816,401.408,802.816,401.408,0.0008854557664282712,0.8949279182837941,0.0,0.0
123,Device,Conv2DBackpropFilter,gradient_tape/mobilenetv2_1.00_224/block_3_project/Conv2D/Conv2DBackpropFilter,2,784.384,392.192,784.384,392.192,0.0008651264248521118,0.8957930447086463,0.0,0.0
124,Device,FusedBatchNormV3,mobilenetv2_1.00_224/block_3_depthwise_BN/FusedBatchNormV3,4,768.0,192.0,768.0,192.0,0.0008470558990066369,0.896640100607653,0.0,0.0
125,Device,Relu6Grad,gradient_tape/mobilenetv2_1.00_224/block_13_expand_relu/Relu6/Relu6Grad,2,764.928,382.464,764.928,382.464,0.0008436676754106103,0.8974837682830636,0.0,0.0
126,Device,Relu6Grad,gradient_tape/mobilenetv2_1.00_224/block_12_depthwise_relu/Relu6/Relu6Grad,2,762.881,381.4405,762.881,381.4405,0.0008414099626172945,0.8983251782456809,0.0,0.0
127,Device,Conv2DBackpropInput,gradient_tape/mobilenetv2_1.00_224/Conv_1/Conv2D/Conv2DBackpropInput,2,762.88,381.44,762.88,381.44,0.000841408859679926,0.8991665871053608,0.0,0.0
128,Device,Relu6Grad,gradient_tape/mobilenetv2_1.00_224/block_12_expand_relu/Relu6/Relu6Grad,2,761.856,380.928,761.856,380.928,0.0008402794518145838,0.9000068665571753,0.0,0.0
129,Device,Relu6Grad,gradient_tape/mobilenetv2_1.00_224/block_11_expand_relu/Relu6/Relu6Grad,2,759.808,379.904,759.808,379.904,0.0008380206360838994,0.9008448871932592,0.0,0.0
130,Device,Relu6Grad,gradient_tape/mobilenetv2_1.00_224/block_11_depthwise_relu/Relu6/Relu6Grad,2,756.736,378.368,756.736,378.368,0.0008346324124878729,0.901679519605747,0.0,0.0
131,Device,Relu6Grad,gradient_tape/mobilenetv2_1.00_224/block_3_depthwise_relu/Relu6/Relu6Grad,2,750.594,375.297,750.594,375.297,0.0008278581711705569,0.9025073777769176,0.0,0.0
132,Device,Slice,gradient_tape/mobilenetv2_1.00_224/block_6_pad/Slice_1,2,747.52,373.76,747.52,373.76,0.0008244677416997932,0.9033318455186173,0.0,0.0
133,Device,FusedBatchNormGradV3,gradient_tape/mobilenetv2_1.00_224/Conv_1_bn/FusedBatchNormGradV3,2,734.208,367.104,734.208,367.104,0.0008097854394503449,0.9041416309580677,0.0,0.0
134,Device,Pad,mobilenetv2_1.00_224/block_6_pad/Pad,2,727.04,363.52,727.04,363.52,0.0008018795843929495,0.9049435105424606,0.0,0.0
135,Device,Transpose,gradient_tape/mobilenetv2_1.00_224/Conv1/Conv2D/Conv2DBackpropFilter-0-TransposeNHWCToNCHW-LayoutOptimizer,2,719.872,359.936,719.872,359.936,0.0007939737293355543,0.9057374842717961,0.0,0.0
136,Device,Conv2D,mobilenetv2_1.00_224/Conv_1/Conv2D,2,694.272,347.136,694.272,347.136,0.0007657385327019998,0.9065032228044981,0.0,0.0
137,Device,DepthwiseConv2dNative,mobilenetv2_1.00_224/block_5_depthwise/depthwise,2,681.985,340.9925,681.985,340.9925,0.0007521867412552621,0.9072554095457533,0.0,0.0
138,Device,DepthwiseConv2dNative,mobilenetv2_1.00_224/block_4_depthwise/depthwise,2,678.912,339.456,678.912,339.456,0.000748797414721867,0.9080042069604752,0.0,0.0
139,Device,FusedBatchNormV3,mobilenetv2_1.00_224/block_2_project_BN/FusedBatchNormV3,4,675.84,168.96,675.84,168.96,0.0007454091911258405,0.9087496161516011,0.0,0.0
140,Device,FusedBatchNormV3,mobilenetv2_1.00_224/block_1_project_BN/FusedBatchNormV3,4,673.792,168.448,673.792,168.448,0.0007431503753951562,0.9094927665269963,0.0,0.0
141,Device,Relu6,mobilenetv2_1.00_224/block_4_expand_relu/Relu6,2,661.504,330.752,661.504,330.752,0.0007295974810110499,0.9102223640080074,0.0,0.0
142,Device,Relu6,mobilenetv2_1.00_224/block_4_depthwise_relu/Relu6,2,660.482,330.241,660.482,330.241,0.0007284702790204447,0.9109508342870278,0.0,0.0
143,Device,Relu6,mobilenetv2_1.00_224/block_5_expand_relu/Relu6,2,659.457,329.7285,659.457,329.7285,0.000727339768217734,0.9116781740552455,0.0,0.0
144,Device,Relu6,mobilenetv2_1.00_224/block_5_depthwise_relu/Relu6,2,657.408,328.704,657.408,328.704,0.0007250798495496813,0.9124032539047953,0.0,0.0
145,Device,Relu6,mobilenetv2_1.00_224/block_6_expand_relu/Relu6,2,655.36,327.68,655.36,327.68,0.0007228210338189969,0.9131260749386143,0.0,0.0
146,Device,Conv2DBackpropFilter,gradient_tape/mobilenetv2_1.00_224/block_16_project/Conv2D/Conv2DBackpropFilter,4,649.216,162.304,649.216,162.304,0.0007160445866269437,0.9138421195252413,0.0,0.0
147,Device,Conv2DBackpropFilter,gradient_tape/mobilenetv2_1.00_224/block_14_expand/Conv2D/Conv2DBackpropFilter,2,648.193,324.0965,648.193,324.0965,0.00071491628169897,0.9145570358069403,0.0,0.0
148,Device,Conv2DBackpropFilter,gradient_tape/mobilenetv2_1.00_224/block_15_expand/Conv2D/Conv2DBackpropFilter,2,647.168,323.584,647.168,323.584,0.0007137857708962594,0.9152708215778366,0.0,0.0
149,Device,Conv2DBackpropFilter,gradient_tape/mobilenetv2_1.00_224/block_16_expand/Conv2D/Conv2DBackpropFilter,2,646.144,323.072,646.144,323.072,0.0007126563630309172,0.9159834779408675,0.0,0.0
150,Device,Conv2DBackpropFilter,gradient_tape/mobilenetv2_1.00_224/block_13_expand/Conv2D/Conv2DBackpropFilter,2,634.88,317.44,634.88,317.44,0.0007002328765121532,0.9166837108173796,0.0,0.0
151,Device,Conv2DBackpropFilter,gradient_tape/mobilenetv2_1.00_224/block_11_project/Conv2D/Conv2DBackpropFilter,2,629.76,314.88,629.76,314.88,0.0006945858371854422,0.917378296654565,0.0,0.0
152,Device,Conv2DBackpropFilter,gradient_tape/mobilenetv2_1.00_224/block_12_project/Conv2D/Conv2DBackpropFilter,2,627.712,313.856,627.712,313.856,0.0006923270214547579,0.9180706236760198,0.0,0.0
153,Device,Conv2DBackpropFilter,gradient_tape/mobilenetv2_1.00_224/block_11_expand/Conv2D/Conv2DBackpropFilter,2,625.664,312.832,625.664,312.832,0.0006900682057240735,0.9187606918817438,0.0,0.0
154,Device,Conv2DBackpropFilter,gradient_tape/mobilenetv2_1.00_224/block_12_expand/Conv2D/Conv2DBackpropFilter,2,625.664,312.832,625.664,312.832,0.0006900682057240735,0.9194507600874678,0.0,0.0
155,Device,DepthwiseConv2dNativeBackpropInput,gradient_tape/mobilenetv2_1.00_224/block_10_depthwise/depthwise/DepthwiseConv2dNativeBackpropInput,2,618.496,309.248,618.496,309.248,0.0006821623506666782,0.9201329224381345,0.0,0.0
156,Device,DepthwiseConv2dNativeBackpropInput,gradient_tape/mobilenetv2_1.00_224/block_9_depthwise/depthwise/DepthwiseConv2dNativeBackpropInput,2,614.4,307.2,614.4,307.2,0.0006776447192053095,0.9208105671573398,0.0,0.0
157,Device,DepthwiseConv2dNativeBackpropInput,gradient_tape/mobilenetv2_1.00_224/block_8_depthwise/depthwise/DepthwiseConv2dNativeBackpropInput,2,612.354,306.177,612.354,306.177,0.0006753881093493622,0.9214859552666892,0.0,0.0
158,Device,DepthwiseConv2dNativeBackpropInput,gradient_tape/mobilenetv2_1.00_224/block_7_depthwise/depthwise/DepthwiseConv2dNativeBackpropInput,2,612.352,306.176,612.352,306.176,0.0006753859034746251,0.9221613411701638,0.0,0.0
159,Device,Conv2DBackpropInput,gradient_tape/mobilenetv2_1.00_224/block_12_project/Conv2D/Conv2DBackpropInput,2,608.257,304.1285,608.257,304.1285,0.0006708693749506248,0.9228322105451144,0.0,0.0
160,Device,Conv2DBackpropInput,gradient_tape/mobilenetv2_1.00_224/block_11_project/Conv2D/Conv2DBackpropInput,2,605.184,302.592,605.184,302.592,0.0006674800484172299,0.9234996905935317,0.0,0.0
161,Device,Pad,mobilenetv2_1.00_224/block_13_pad/Pad,2,591.872,295.936,591.872,295.936,0.0006527977461677814,0.9241524883396994,0.0,0.0
162,Device,DepthwiseConv2dNativeBackpropFilter,gradient_tape/mobilenetv2_1.00_224/block_10_depthwise/depthwise/DepthwiseConv2dNativeBackpropFilter,2,588.8,294.4,588.8,294.4,0.000649409522571755,0.9248018978622712,0.0,0.0
163,Device,DepthwiseConv2dNativeBackpropFilter,gradient_tape/mobilenetv2_1.00_224/block_8_depthwise/depthwise/DepthwiseConv2dNativeBackpropFilter,2,587.776,293.888,587.776,293.888,0.0006482801147064128,0.9254501779769776,0.0,0.0
164,Device,DepthwiseConv2dNativeBackpropFilter,gradient_tape/mobilenetv2_1.00_224/block_9_depthwise/depthwise/DepthwiseConv2dNativeBackpropFilter,2,586.752,293.376,586.752,293.376,0.0006471507068410706,0.9260973286838187,0.0,0.0
165,Device,DepthwiseConv2dNativeBackpropFilter,gradient_tape/mobilenetv2_1.00_224/block_7_depthwise/depthwise/DepthwiseConv2dNativeBackpropFilter,2,585.728,292.864,585.728,292.864,0.0006460212989757284,0.9267433499827944,0.0,0.0
166,Device,Conv2D,mobilenetv2_1.00_224/block_12_project/Conv2D,2,583.68,291.84,583.68,291.84,0.000643762483245044,0.9273871124660394,0.0,0.0
167,Device,Conv2D,mobilenetv2_1.00_224/block_11_project/Conv2D,2,579.584,289.792,579.584,289.792,0.0006392448517836752,0.9280263573178231,0.0,0.0
168,Device,Conv2D,mobilenetv2_1.00_224/block_16_project/Conv2D,2,561.152,280.576,561.152,280.576,0.000618915510207516,0.9286452728280307,0.0,0.0
169,Device,Conv2DBackpropFilter,gradient_tape/mobilenetv2_1.00_224/block_10_project/Conv2D/Conv2DBackpropFilter,2,556.033,278.0165,556.033,278.0165,0.0006132695738181736,0.9292585424018488,0.0,0.0
170,Device,Slice,gradient_tape/mobilenetv2_1.00_224/block_13_pad/Slice_1,2,556.032,278.016,556.032,278.016,0.0006132684708808052,0.9298718108727296,0.0,0.0
171,Device,FusedBatchNormGradV3,gradient_tape/mobilenetv2_1.00_224/block_15_expand_BN/FusedBatchNormGradV3,2,555.008,277.504,555.008,277.504,0.000612139063015463,0.9304839499357451,0.0,0.0
172,Device,FusedBatchNormGradV3,gradient_tape/mobilenetv2_1.00_224/block_16_depthwise_BN/FusedBatchNormGradV3,2,552.96,276.48,552.96,276.48,0.0006098802472847786,0.9310938301830299,0.0,0.0
173,Device,FusedBatchNormGradV3,gradient_tape/mobilenetv2_1.00_224/block_14_depthwise_BN/FusedBatchNormGradV3,2,548.865,274.4325,548.865,274.4325,0.0006053637187607784,0.9316991939017907,0.0,0.0
174,Device,FusedBatchNormGradV3,gradient_tape/mobilenetv2_1.00_224/block_16_expand_BN/FusedBatchNormGradV3,2,547.841,273.9205,547.841,273.9205,0.0006042343108954362,0.9323034282126861,0.0,0.0
175,Device,FusedBatchNormGradV3,gradient_tape/mobilenetv2_1.00_224/block_15_depthwise_BN/FusedBatchNormGradV3,2,546.817,273.4085,546.817,273.4085,0.000603104903030094,0.9329065331157161,0.0,0.0
176,Device,FusedBatchNormGradV3,gradient_tape/mobilenetv2_1.00_224/block_14_expand_BN/FusedBatchNormGradV3,2,544.768,272.384,544.768,272.384,0.0006008449843620411,0.9335073781000782,0.0,0.0
177,Device,FusedBatchNormV3,mobilenetv2_1.00_224/block_8_expand_BN/FusedBatchNormV3,4,543.745,135.93625,543.745,135.93625,0.0005997166794340674,0.9341070947795123,0.0,0.0
178,Device,FusedBatchNormV3,mobilenetv2_1.00_224/block_9_expand_BN/FusedBatchNormV3,4,543.745,135.93625,543.745,135.93625,0.0005997166794340674,0.9347068114589463,0.0,0.0
179,Device,FusedBatchNormV3,mobilenetv2_1.00_224/block_10_depthwise_BN/FusedBatchNormV3,4,542.721,135.68025,542.721,135.68025,0.0005985872715687252,0.935305398730515,0.0,0.0
180,Device,FusedBatchNormV3,mobilenetv2_1.00_224/block_10_expand_BN/FusedBatchNormV3,4,542.72,135.68,542.72,135.68,0.0005985861686313567,0.9359039848991464,0.0,0.0
181,Device,FusedBatchNormV3,mobilenetv2_1.00_224/block_8_depthwise_BN/FusedBatchNormV3,4,542.72,135.68,542.72,135.68,0.0005985861686313567,0.9365025710677778,0.0,0.0
182,Device,FusedBatchNormV3,mobilenetv2_1.00_224/block_7_depthwise_BN/FusedBatchNormV3,4,541.696,135.424,541.696,135.424,0.0005974567607660146,0.9371000278285438,0.0,0.0
183,Device,FusedBatchNormV3,mobilenetv2_1.00_224/block_9_depthwise_BN/FusedBatchNormV3,4,541.696,135.424,541.696,135.424,0.0005974567607660146,0.9376974845893099,0.0,0.0
184,Device,FusedBatchNormV3,mobilenetv2_1.00_224/block_7_expand_BN/FusedBatchNormV3,4,540.672,135.168,540.672,135.168,0.0005963273529006725,0.9382938119422106,0.0,0.0
185,Device,Conv2DBackpropFilter,gradient_tape/mobilenetv2_1.00_224/block_9_project/Conv2D/Conv2DBackpropFilter,2,527.36,263.68,527.36,263.68,0.000581645050651224,0.9388754569928618,0.0,0.0
186,Device,Conv2D,mobilenetv2_1.00_224/block_4_expand/Conv2D,2,527.36,263.68,527.36,263.68,0.000581645050651224,0.939457102043513,0.0,0.0
187,Device,Conv2DBackpropFilter,gradient_tape/mobilenetv2_1.00_224/block_8_project/Conv2D/Conv2DBackpropFilter,2,526.336,263.168,526.336,263.168,0.0005805156427858818,0.9400376176862988,0.0,0.0
188,Device,Conv2DBackpropFilter,gradient_tape/mobilenetv2_1.00_224/block_7_project/Conv2D/Conv2DBackpropFilter,2,524.288,262.144,524.288,262.144,0.0005782568270551975,0.9406158745133539,0.0,0.0
189,Device,Conv2DBackpropInput,gradient_tape/mobilenetv2_1.00_224/block_16_project/Conv2D/Conv2DBackpropInput,2,520.193,260.0965,520.193,260.0965,0.0005737402985311973,0.9411896148118851,0.0,0.0
190,Device,Conv2D,mobilenetv2_1.00_224/block_6_expand/Conv2D,2,520.193,260.0965,520.193,260.0965,0.0005737402985311973,0.9417633551104163,0.0,0.0
191,Device,Conv2DBackpropInput,gradient_tape/mobilenetv2_1.00_224/block_12_expand/Conv2D/Conv2DBackpropInput,2,519.17,259.585,519.17,259.585,0.0005726119936032235,0.9423359671040196,0.0,0.0
192,Device,Conv2DBackpropInput,gradient_tape/mobilenetv2_1.00_224/block_5_project/Conv2D/Conv2DBackpropInput,2,519.168,259.584,519.168,259.584,0.0005726097877284866,0.942908576891748,0.0,0.0
193,Device,Conv2DBackpropInput,gradient_tape/mobilenetv2_1.00_224/block_13_expand/Conv2D/Conv2DBackpropInput,2,518.144,259.072,518.144,259.072,0.0005714803798631444,0.9434800572716111,0.0,0.0
194,Device,Conv2DBackpropInput,gradient_tape/mobilenetv2_1.00_224/block_4_project/Conv2D/Conv2DBackpropInput,2,518.144,259.072,518.144,259.072,0.0005714803798631444,0.9440515376514742,0.0,0.0
195,Device,Conv2D,mobilenetv2_1.00_224/block_5_expand/Conv2D,2,517.12,258.56,517.12,258.56,0.0005703509719978022,0.944621888623472,0.0,0.0
196,Device,Conv2DBackpropInput,gradient_tape/mobilenetv2_1.00_224/block_11_expand/Conv2D/Conv2DBackpropInput,2,516.096,258.048,516.096,258.048,0.00056922156413246,0.9451911101876044,0.0,0.0
197,Device,Conv2D,mobilenetv2_1.00_224/block_12_expand/Conv2D,4,516.096,129.024,516.096,129.024,0.00056922156413246,0.9457603317517368,0.0,0.0
198,Device,Conv2D,mobilenetv2_1.00_224/block_11_expand/Conv2D,4,513.024,128.256,513.024,128.256,0.0005658333405364334,0.9463261650922732,0.0,0.0
199,Device,DepthwiseConv2dNative,mobilenetv2_1.00_224/block_12_depthwise/depthwise,2,513.024,256.512,513.024,256.512,0.0005658333405364334,0.9468919984328096,0.0,0.0
200,Device,Conv2D,mobilenetv2_1.00_224/block_13_expand/Conv2D,4,512.001,128.00025,512.001,128.00025,0.0005647050356084597,0.947456703468418,0.0,0.0
201,Device,Relu6Grad,gradient_tape/mobilenetv2_1.00_224/block_9_expand_relu/Relu6/Relu6Grad,2,509.952,254.976,509.952,254.976,0.0005624451169404069,0.9480191485853584,0.0,0.0
202,Device,Relu6Grad,gradient_tape/mobilenetv2_1.00_224/block_7_expand_relu/Relu6/Relu6Grad,2,508.928,254.464,508.928,254.464,0.0005613157090750647,0.9485804642944334,0.0,0.0
203,Device,DepthwiseConv2dNative,mobilenetv2_1.00_224/block_11_depthwise/depthwise,2,506.881,253.4405,506.881,253.4405,0.0005590579962817488,0.9491395222907152,0.0,0.0
204,Device,Relu6Grad,gradient_tape/mobilenetv2_1.00_224/block_7_depthwise_relu/Relu6/Relu6Grad,2,502.786,251.393,502.786,251.393,0.0005545414677577486,0.949694063758473,0.0,0.0
205,Device,Relu6Grad,gradient_tape/mobilenetv2_1.00_224/block_9_depthwise_relu/Relu6/Relu6Grad,2,502.784,251.392,502.784,251.392,0.0005545392618830116,0.950248603020356,0.0,0.0
206,Device,Relu6Grad,gradient_tape/mobilenetv2_1.00_224/block_8_depthwise_relu/Relu6/Relu6Grad,2,501.76,250.88,501.76,250.88,0.0005534098540176694,0.9508020128743736,0.0,0.0
207,Device,DepthwiseConv2dNative,mobilenetv2_1.00_224/block_6_depthwise/depthwise,2,500.736,250.368,500.736,250.368,0.0005522804461523273,0.9513542933205259,0.0,0.0
208,Device,Relu6Grad,gradient_tape/mobilenetv2_1.00_224/block_8_expand_relu/Relu6/Relu6Grad,2,499.712,249.856,499.712,249.856,0.0005511510382869851,0.9519054443588129,0.0,0.0
209,Device,Relu6,mobilenetv2_1.00_224/block_12_expand_relu/Relu6,2,495.617,247.8085,495.617,247.8085,0.0005466345097629849,0.9524520788685759,0.0,0.0
210,Device,Relu6,mobilenetv2_1.00_224/block_11_expand_relu/Relu6,2,495.616,247.808,495.616,247.808,0.0005466334068256163,0.9529987122754014,0.0,0.0
211,Device,Relu6,mobilenetv2_1.00_224/block_11_depthwise_relu/Relu6,2,494.592,247.296,494.592,247.296,0.0005455039989602741,0.9535442162743617,0.0,0.0
212,Device,Relu6,mobilenetv2_1.00_224/block_12_depthwise_relu/Relu6,2,492.544,246.272,492.544,246.272,0.0005432451832295897,0.9540874614575913,0.0,0.0
213,Device,Relu6,mobilenetv2_1.00_224/block_13_expand_relu/Relu6,2,492.544,246.272,492.544,246.272,0.0005432451832295897,0.9546307066408208,0.0,0.0
214,Device,Relu6,mobilenetv2_1.00_224/block_3_depthwise_relu/Relu6,2,492.544,246.272,492.544,246.272,0.0005432451832295897,0.9551739518240504,0.0,0.0
215,Device,Relu6Grad,gradient_tape/mobilenetv2_1.00_224/block_10_depthwise_relu/Relu6/Relu6Grad,2,490.497,245.2485,490.497,245.2485,0.000540987470436274,0.9557149392944867,0.0,0.0
216,Device,AddN,SGD/gradients/AddN_9,2,488.448,244.224,488.448,244.224,0.0005387275517682211,0.9562536668462549,0.0,0.0
217,Device,Conv2DBackpropFilter,gradient_tape/mobilenetv2_1.00_224/block_15_project/Conv2D/Conv2DBackpropFilter,4,487.424,121.856,487.424,121.856,0.0005375981439028789,0.9567912649901578,0.0,0.0
218,Device,Relu6Grad,gradient_tape/mobilenetv2_1.00_224/block_10_expand_relu/Relu6/Relu6Grad,2,486.4,243.2,486.4,243.2,0.0005364687360375367,0.9573277337261953,0.0,0.0
219,Device,Conv2DBackpropFilter,gradient_tape/mobilenetv2_1.00_224/block_14_project/Conv2D/Conv2DBackpropFilter,4,485.377,121.34425,485.377,121.34425,0.000535340431109563,0.9578630741573049,0.0,0.0
220,Device,AddV2,mobilenetv2_1.00_224/block_2_add/add,2,476.16,238.08,476.16,238.08,0.0005251746573841149,0.958388248814689,0.0,0.0
221,Device,Conv2DBackpropInput,gradient_tape/mobilenetv2_1.00_224/block_4_expand/Conv2D/Conv2DBackpropInput,2,442.368,221.184,442.368,221.184,0.00048790419782782286,0.9588761530125168,0.0,0.0
222,Device,Conv2DBackpropInput,gradient_tape/mobilenetv2_1.00_224/block_5_expand/Conv2D/Conv2DBackpropInput,2,441.346,220.673,441.346,220.673,0.00048677699583721766,0.959362930008354,0.0,0.0
223,Device,FusedBatchNormGradV3,gradient_tape/mobilenetv2_1.00_224/block_6_depthwise_BN/FusedBatchNormGradV3,2,438.272,219.136,438.272,219.136,0.0004833865663664541,0.9598463165747205,0.0,0.0
224,Device,Conv2DBackpropInput,gradient_tape/mobilenetv2_1.00_224/block_3_project/Conv2D/Conv2DBackpropInput,2,437.248,218.624,437.248,218.624,0.0004822571585011119,0.9603285737332217,0.0,0.0
225,Device,Conv2DBackpropInput,gradient_tape/mobilenetv2_1.00_224/block_6_expand/Conv2D/Conv2DBackpropInput,2,434.176,217.088,434.176,217.088,0.0004788689349050854,0.9608074426681268,0.0,0.0
226,Device,Conv2D,mobilenetv2_1.00_224/block_5_project/Conv2D,2,427.008,213.504,427.008,213.504,0.0004709630798476901,0.9612784057479745,0.0,0.0
227,Device,Conv2D,mobilenetv2_1.00_224/block_4_project/Conv2D,2,420.864,210.432,420.864,210.432,0.000464186632655637,0.9617425923806302,0.0,0.0
228,Device,Relu6Grad,gradient_tape/mobilenetv2_1.00_224/out_relu/Relu6/Relu6Grad,2,415.745,207.8725,415.745,207.8725,0.00045854069626629463,0.9622011330768965,0.0,0.0
229,Device,Conv2DBackpropFilter,gradient_tape/mobilenetv2_1.00_224/block_10_expand/Conv2D/Conv2DBackpropFilter,2,406.528,203.264,406.528,203.264,0.0004483749225408465,0.9626495079994373,0.0,0.0
230,Device,Conv2D,mobilenetv2_1.00_224/block_10_project/Conv2D,2,406.528,203.264,406.528,203.264,0.0004483749225408465,0.9630978829219781,0.0,0.0
231,Device,Conv2DBackpropFilter,gradient_tape/mobilenetv2_1.00_224/block_7_expand/Conv2D/Conv2DBackpropFilter,2,404.48,202.24,404.48,202.24,0.0004461161068101621,0.9635439990287882,0.0,0.0
232,Device,DepthwiseConv2dNative,mobilenetv2_1.00_224/block_13_depthwise/depthwise,2,403.456,201.728,403.456,201.728,0.00044498669894481996,0.963988985727733,0.0,0.0
233,Device,Conv2DBackpropInput,gradient_tape/mobilenetv2_1.00_224/block_10_project/Conv2D/Conv2DBackpropInput,2,402.432,201.216,402.432,201.216,0.00044385729107947777,0.9644328430188124,0.0,0.0
234,Device,Conv2DBackpropFilter,gradient_tape/mobilenetv2_1.00_224/block_9_expand/Conv2D/Conv2DBackpropFilter,2,401.408,200.704,401.408,200.704,0.0004427278832141356,0.9648755709020265,0.0,0.0
235,Device,Conv2DBackpropFilter,gradient_tape/mobilenetv2_1.00_224/block_8_expand/Conv2D/Conv2DBackpropFilter,2,398.336,199.168,398.336,199.168,0.000439339659618109,0.9653149105616445,0.0,0.0
236,Device,DepthwiseConv2dNativeBackpropInput,gradient_tape/mobilenetv2_1.00_224/block_15_depthwise/depthwise/DepthwiseConv2dNativeBackpropInput,2,377.857,188.9285,377.857,188.9285,0.00041675260524863387,0.9657316631668932,0.0,0.0
237,Device,DepthwiseConv2dNativeBackpropInput,gradient_tape/mobilenetv2_1.00_224/block_14_depthwise/depthwise/DepthwiseConv2dNativeBackpropInput,2,377.856,188.928,377.856,188.928,0.00041675150231126537,0.9661484146692044,0.0,0.0
238,Device,DepthwiseConv2dNativeBackpropInput,gradient_tape/mobilenetv2_1.00_224/block_16_depthwise/depthwise/DepthwiseConv2dNativeBackpropInput,2,377.856,188.928,377.856,188.928,0.00041675150231126537,0.9665651661715157,0.0,0.0
239,Device,SoftmaxCrossEntropyWithLogits,categorical_crossentropy/softmax_cross_entropy_with_logits,6,376.832,62.80533333333333,376.832,62.80533333333333,0.0004156220944459232,0.9669807882659616,0.0,0.0
240,Device,Conv2DBackpropFilter,gradient_tape/mobilenetv2_1.00_224/block_13_project/Conv2D/Conv2DBackpropFilter,4,361.472,90.368,361.472,90.368,0.00039868097646579044,0.9673794692424273,0.0,0.0
241,Device,FusedBatchNormGradV3,gradient_tape/mobilenetv2_1.00_224/block_3_project_BN/FusedBatchNormGradV3,2,355.328,177.664,355.328,177.664,0.0003919045292737373,0.9677713737717011,0.0,0.0
242,Device,FusedBatchNormGradV3,gradient_tape/mobilenetv2_1.00_224/block_4_project_BN/FusedBatchNormGradV3,2,354.304,177.152,354.304,177.152,0.0003907751214083951,0.9681621488931095,0.0,0.0
243,Device,FusedBatchNormV3,mobilenetv2_1.00_224/Conv_1_bn/FusedBatchNormV3,4,351.232,87.808,351.232,87.808,0.00038738689781236865,0.9685495357909218,0.0,0.0
244,Device,FusedBatchNormGradV3,gradient_tape/mobilenetv2_1.00_224/block_5_project_BN/FusedBatchNormGradV3,2,348.162,174.081,348.162,174.081,0.000384000880091079,0.9689335366710129,0.0,0.0
245,Device,DepthwiseConv2dNative,mobilenetv2_1.00_224/block_7_depthwise/depthwise,2,347.136,173.568,347.136,173.568,0.0003828692663509999,0.9693164059373639,0.0,0.0
246,Device,DepthwiseConv2dNative,mobilenetv2_1.00_224/block_8_depthwise/depthwise,2,347.136,173.568,347.136,173.568,0.0003828692663509999,0.9696992752037149,0.0,0.0
247,Device,DepthwiseConv2dNative,mobilenetv2_1.00_224/block_10_depthwise/depthwise,2,346.113,173.0565,346.113,173.0565,0.0003817409614230262,0.970081016165138,0.0,0.0
248,Device,DepthwiseConv2dNative,mobilenetv2_1.00_224/block_9_depthwise/depthwise,2,346.113,173.0565,346.113,173.0565,0.0003817409614230262,0.970462757126561,0.0,0.0
249,Device,Conv2DBackpropInput,gradient_tape/mobilenetv2_1.00_224/block_14_project/Conv2D/Conv2DBackpropInput,2,346.112,173.056,346.112,173.056,0.0003817398584856577,0.9708444969850467,0.0,0.0
250,Device,Conv2D,mobilenetv2_1.00_224/block_3_project/Conv2D,2,342.016,171.008,342.016,171.008,0.000377222227024289,0.971221719212071,0.0,0.0
251,Device,Conv2DBackpropInput,gradient_tape/mobilenetv2_1.00_224/block_15_project/Conv2D/Conv2DBackpropInput,2,340.992,170.496,340.992,170.496,0.0003760928191589468,0.97159781203123,0.0,0.0
252,Device,Conv2DBackpropInput,gradient_tape/mobilenetv2_1.00_224/block_7_project/Conv2D/Conv2DBackpropInput,2,336.896,168.448,336.896,168.448,0.0003715751876975781,0.9719693872189276,0.0,0.0
253,Device,FusedBatchNormGradV3,gradient_tape/mobilenetv2_1.00_224/block_13_depthwise_BN/FusedBatchNormGradV3,2,335.872,167.936,335.872,167.936,0.0003704457798322359,0.9723398329987598,0.0,0.0
254,Device,Conv2DBackpropInput,gradient_tape/mobilenetv2_1.00_224/block_9_project/Conv2D/Conv2DBackpropInput,2,334.848,167.424,334.848,167.424,0.0003693163719668937,0.9727091493707267,0.0,0.0
255,Device,Conv2DBackpropInput,gradient_tape/mobilenetv2_1.00_224/block_8_project/Conv2D/Conv2DBackpropInput,2,333.824,166.912,333.824,166.912,0.0003681869641015515,0.9730773363348283,0.0,0.0
256,Device,Conv2D,mobilenetv2_1.00_224/block_10_expand/Conv2D,2,331.776,165.888,331.776,165.888,0.00036592814837086714,0.9734432644831992,0.0,0.0
257,Device,Relu6,mobilenetv2_1.00_224/block_9_depthwise_relu/Relu6,2,331.776,165.888,331.776,165.888,0.00036592814837086714,0.9738091926315701,0.0,0.0
258,Device,Conv2D,mobilenetv2_1.00_224/block_7_expand/Conv2D,2,330.753,165.3765,330.753,165.3765,0.00036479984344289345,0.9741739924750129,0.0,0.0
259,Device,Relu6,mobilenetv2_1.00_224/block_10_expand_relu/Relu6,2,330.752,165.376,330.752,165.376,0.00036479874050552495,0.9745387912155185,0.0,0.0
260,Device,Relu6,mobilenetv2_1.00_224/block_7_depthwise_relu/Relu6,2,330.752,165.376,330.752,165.376,0.00036479874050552495,0.974903589956024,0.0,0.0
261,Device,Relu6,mobilenetv2_1.00_224/block_8_depthwise_relu/Relu6,2,330.752,165.376,330.752,165.376,0.00036479874050552495,0.9752683886965295,0.0,0.0
262,Device,Conv2D,mobilenetv2_1.00_224/block_14_expand/Conv2D,2,329.729,164.8645,329.729,164.8645,0.00036367043557755126,0.975632059132107,0.0,0.0
263,Device,Relu6,mobilenetv2_1.00_224/block_10_depthwise_relu/Relu6,2,329.728,164.864,329.728,164.864,0.00036366933264018276,0.9759957284647472,0.0,0.0
264,Device,Relu6,mobilenetv2_1.00_224/block_7_expand_relu/Relu6,2,329.728,164.864,329.728,164.864,0.00036366933264018276,0.9763593977973875,0.0,0.0
265,Device,Relu6,mobilenetv2_1.00_224/block_8_expand_relu/Relu6,2,329.728,164.864,329.728,164.864,0.00036366933264018276,0.9767230671300277,0.0,0.0
266,Device,Conv2D,mobilenetv2_1.00_224/block_9_expand/Conv2D,2,329.728,164.864,329.728,164.864,0.00036366933264018276,0.9770867364626679,0.0,0.0
267,Device,Relu6,mobilenetv2_1.00_224/block_9_expand_relu/Relu6,2,329.728,164.864,329.728,164.864,0.00036366933264018276,0.9774504057953081,0.0,0.0
268,Device,Conv2D,mobilenetv2_1.00_224/block_8_expand/Conv2D,2,328.705,164.3525,328.705,164.3525,0.00036254102771220907,0.9778129468230202,0.0,0.0
269,Device,Conv2D,mobilenetv2_1.00_224/block_16_expand/Conv2D,2,327.681,163.8405,327.681,163.8405,0.0003614116198468669,0.978174358442867,0.0,0.0
270,Device,Conv2D,mobilenetv2_1.00_224/block_15_expand/Conv2D,2,325.632,162.816,325.632,162.816,0.00035915170117881406,0.9785335101440459,0.0,0.0
271,Device,Relu6Grad,gradient_tape/mobilenetv2_1.00_224/block_16_depthwise_relu/Relu6/Relu6Grad,2,316.416,158.208,316.416,158.208,0.0003489870303907344,0.9788824971744366,0.0,0.0
272,Device,Relu6Grad,gradient_tape/mobilenetv2_1.00_224/block_15_expand_relu/Relu6/Relu6Grad,2,315.392,157.696,315.392,157.696,0.0003478576225253922,0.9792303547969621,0.0,0.0
273,Device,Relu6Grad,gradient_tape/mobilenetv2_1.00_224/block_14_expand_relu/Relu6/Relu6Grad,2,314.368,157.184,314.368,157.184,0.00034672821466005,0.9795770830116222,0.0,0.0
274,Device,Relu6Grad,gradient_tape/mobilenetv2_1.00_224/block_14_depthwise_relu/Relu6/Relu6Grad,2,312.32,156.16,312.32,156.16,0.00034446939892936564,0.9799215524105516,0.0,0.0
275,Device,Relu6Grad,gradient_tape/mobilenetv2_1.00_224/block_15_depthwise_relu/Relu6/Relu6Grad,2,312.32,156.16,312.32,156.16,0.00034446939892936564,0.980266021809481,0.0,0.0
276,Device,Transpose,gradient_tape/mobilenetv2_1.00_224/out_relu/Relu6/Relu6Grad-0-TransposeNHWCToNCHW-LayoutOptimizer,2,306.176,153.088,306.176,153.088,0.00033769295173731255,0.9806037147612183,0.0,0.0
277,Device,Relu6Grad,gradient_tape/mobilenetv2_1.00_224/block_16_expand_relu/Relu6/Relu6Grad,2,303.104,151.552,303.104,151.552,0.00033430472814128604,0.9809380194893597,0.0,0.0
278,Device,Conv2D,mobilenetv2_1.00_224/block_15_project/Conv2D,2,288.769,144.3845,288.769,144.3845,0.000318494120963864,0.9812565136103235,0.0,0.0
279,Device,Conv2D,mobilenetv2_1.00_224/block_14_project/Conv2D,2,288.768,144.384,288.768,144.384,0.00031849301802649543,0.98157500662835,0.0,0.0
280,Device,Conv2DBackpropInput,gradient_tape/mobilenetv2_1.00_224/block_15_expand/Conv2D/Conv2DBackpropInput,2,285.696,142.848,285.696,142.848,0.00031510479443046897,0.9818901114227804,0.0,0.0
281,Device,Conv2DBackpropInput,gradient_tape/mobilenetv2_1.00_224/block_16_expand/Conv2D/Conv2DBackpropInput,2,283.648,141.824,283.648,141.824,0.0003128459786997846,0.9822029574014801,0.0,0.0
282,Device,Conv2DBackpropInput,gradient_tape/mobilenetv2_1.00_224/block_14_expand/Conv2D/Conv2DBackpropInput,2,280.576,140.288,280.576,140.288,0.000309457755103758,0.9825124151565838,0.0,0.0
283,Device,Transpose,mobilenetv2_1.00_224/out_relu/Relu6-0-0-TransposeNCHWToNHWC-LayoutOptimizer,2,277.505,138.7525,277.505,138.7525,0.00030607063444509995,0.9828184857910289,0.0,0.0
284,Device,Conv2DBackpropFilter,gradient_tape/mobilenetv2_1.00_224/block_6_project/Conv2D/Conv2DBackpropFilter,2,275.456,137.728,275.456,137.728,0.0003038107157770471,0.9831222965068059,0.0,0.0
285,Device,Relu6,mobilenetv2_1.00_224/out_relu/Relu6,2,274.433,137.2165,274.433,137.2165,0.00030268241084907343,0.983424978917655,0.0,0.0
286,Device,Conv2D,mobilenetv2_1.00_224/block_13_project/Conv2D,2,267.264,133.632,267.264,133.632,0.00029477545285430966,0.9837197543705093,0.0,0.0
287,Device,FusedBatchNormV3,mobilenetv2_1.00_224/block_6_depthwise_BN/FusedBatchNormV3,4,267.264,66.816,267.264,66.816,0.00029477545285430966,0.9840145298233636,0.0,0.0
288,Device,RealDiv,gradient_tape/mobilenetv2_1.00_224/global_average_pooling2d/truediv,2,265.216,132.608,265.216,132.608,0.0002925166371236253,0.9843070464604872,0.0,0.0
289,Device,DepthwiseConv2dNativeBackpropFilter,gradient_tape/mobilenetv2_1.00_224/block_16_depthwise/depthwise/DepthwiseConv2dNativeBackpropFilter,2,261.121,130.5605,261.121,130.5605,0.000288000108599625,0.9845950465690868,0.0,0.0
290,Device,DepthwiseConv2dNativeBackpropFilter,gradient_tape/mobilenetv2_1.00_224/block_15_depthwise/depthwise/DepthwiseConv2dNativeBackpropFilter,2,261.12,130.56,261.12,130.56,0.00028799900566225657,0.984883045574749,0.0,0.0
291,Device,DepthwiseConv2dNativeBackpropFilter,gradient_tape/mobilenetv2_1.00_224/block_14_depthwise/depthwise/DepthwiseConv2dNativeBackpropFilter,2,260.096,130.048,260.096,130.048,0.0002868695977969144,0.9851699151725459,0.0,0.0
292,Device,FusedBatchNormV3,mobilenetv2_1.00_224/block_15_expand_BN/FusedBatchNormV3,4,254.976,63.744,254.976,63.744,0.00028122255847020343,0.9854511377310161,0.0,0.0
293,Device,FusedBatchNormV3,mobilenetv2_1.00_224/block_16_depthwise_BN/FusedBatchNormV3,4,254.976,63.744,254.976,63.744,0.00028122255847020343,0.9857323602894863,0.0,0.0
294,Device,FusedBatchNormV3,mobilenetv2_1.00_224/block_14_depthwise_BN/FusedBatchNormV3,4,252.928,63.232,252.928,63.232,0.0002789637427395191,0.9860113240322258,0.0,0.0
295,Device,Relu6Grad,gradient_tape/mobilenetv2_1.00_224/block_6_depthwise_relu/Relu6/Relu6Grad,2,251.904,125.952,251.904,125.952,0.0002778343348741769,0.9862891583671,0.0,0.0
296,Device,FusedBatchNormV3,mobilenetv2_1.00_224/block_14_expand_BN/FusedBatchNormV3,4,249.857,62.46425,249.857,62.46425,0.00027557662208086103,0.9865647349891808,0.0,0.0
297,Device,FusedBatchNormV3,mobilenetv2_1.00_224/block_16_expand_BN/FusedBatchNormV3,4,248.832,62.208,248.832,62.208,0.00027444611127815034,0.986839181100459,0.0,0.0
298,Device,FusedBatchNormV3,mobilenetv2_1.00_224/block_15_depthwise_BN/FusedBatchNormV3,4,245.76,61.44,245.76,61.44,0.0002710578876821238,0.9871102389881411,0.0,0.0
299,Device,DepthwiseConv2dNative,mobilenetv2_1.00_224/block_15_depthwise/depthwise,2,219.136,109.568,219.136,109.568,0.00024169328318322705,0.9873519322713243,0.0,0.0
300,Device,DepthwiseConv2dNative,mobilenetv2_1.00_224/block_14_depthwise/depthwise,2,218.112,109.056,218.112,109.056,0.00024056387531788489,0.9875924961466422,0.0,0.0
301,Device,DepthwiseConv2dNative,mobilenetv2_1.00_224/block_16_depthwise/depthwise,2,218.112,109.056,218.112,109.056,0.00024056387531788489,0.9878330600219601,0.0,0.0
302,Device,FusedBatchNormGradV3,gradient_tape/mobilenetv2_1.00_224/block_10_project_BN/FusedBatchNormGradV3,2,217.088,108.544,217.088,108.544,0.0002394344674525427,0.9880724944894127,0.0,0.0
303,Device,FusedBatchNormGradV3,gradient_tape/mobilenetv2_1.00_224/block_11_project_BN/FusedBatchNormGradV3,2,216.064,108.032,216.064,108.032,0.0002383050595872005,0.9883107995489999,0.0,0.0
304,Device,Conv2DBackpropInput,gradient_tape/mobilenetv2_1.00_224/block_13_project/Conv2D/Conv2DBackpropInput,2,214.016,107.008,214.016,107.008,0.00023604624385651615,0.9885468457928565,0.0,0.0
305,Device,Conv2D,mobilenetv2_1.00_224/block_7_project/Conv2D,2,214.016,107.008,214.016,107.008,0.00023604624385651615,0.988782892036713,0.0,0.0
306,Device,FusedBatchNormGradV3,gradient_tape/mobilenetv2_1.00_224/block_12_project_BN/FusedBatchNormGradV3,2,212.992,106.496,212.992,106.496,0.00023491683599117396,0.9890178088727042,0.0,0.0
307,Device,Conv2D,mobilenetv2_1.00_224/block_8_project/Conv2D,2,212.992,106.496,212.992,106.496,0.00023491683599117396,0.9892527257086954,0.0,0.0
308,Device,Conv2D,mobilenetv2_1.00_224/block_9_project/Conv2D,2,210.944,105.472,210.944,105.472,0.00023265802026048958,0.9894853837289559,0.0,0.0
309,Device,FusedBatchNormV3,mobilenetv2_1.00_224/block_3_project_BN/FusedBatchNormV3,4,207.872,51.968,207.872,51.968,0.00022926979666446307,0.9897146535256204,0.0,0.0
310,Device,Conv2DBackpropInput,gradient_tape/mobilenetv2_1.00_224/block_10_expand/Conv2D/Conv2DBackpropInput,2,206.848,103.424,206.848,103.424,0.00022814038879912088,0.9899427939144195,0.0,0.0
311,Device,Relu6,mobilenetv2_1.00_224/block_14_depthwise_relu/Relu6,2,205.824,102.912,205.824,102.912,0.00022701098093377871,0.9901698048953533,0.0,0.0
312,Device,Relu6,mobilenetv2_1.00_224/block_15_expand_relu/Relu6,2,205.824,102.912,205.824,102.912,0.00022701098093377871,0.9903968158762871,0.0,0.0
313,Device,Relu6,mobilenetv2_1.00_224/block_16_expand_relu/Relu6,2,205.824,102.912,205.824,102.912,0.00022701098093377871,0.990623826857221,0.0,0.0
314,Device,FusedBatchNormV3,mobilenetv2_1.00_224/block_4_project_BN/FusedBatchNormV3,4,205.824,51.456,205.824,51.456,0.00022701098093377871,0.9908508378381548,0.0,0.0
315,Device,Relu6,mobilenetv2_1.00_224/block_14_expand_relu/Relu6,2,204.8,102.4,204.8,102.4,0.00022588157306843652,0.9910767194112232,0.0,0.0
316,Device,Relu6,mobilenetv2_1.00_224/block_16_depthwise_relu/Relu6,2,204.8,102.4,204.8,102.4,0.00022588157306843652,0.9913026009842917,0.0,0.0
317,Device,FusedBatchNormV3,mobilenetv2_1.00_224/block_5_project_BN/FusedBatchNormV3,4,204.8,51.2,204.8,51.2,0.00022588157306843652,0.9915284825573601,0.0,0.0
318,Device,Relu6,mobilenetv2_1.00_224/block_15_depthwise_relu/Relu6,2,203.776,101.888,203.776,101.888,0.00022475216520309433,0.9917532347225633,0.0,0.0
319,Device,Conv2DBackpropInput,gradient_tape/mobilenetv2_1.00_224/block_8_expand/Conv2D/Conv2DBackpropInput,2,198.656,99.328,198.656,99.328,0.0002191051258763834,0.9919723398484397,0.0,0.0
320,Device,Conv2DBackpropInput,gradient_tape/mobilenetv2_1.00_224/block_7_expand/Conv2D/Conv2DBackpropInput,2,197.632,98.816,197.632,98.816,0.00021797571801104125,0.9921903155664508,0.0,0.0
321,Device,Conv2DBackpropInput,gradient_tape/mobilenetv2_1.00_224/block_9_expand/Conv2D/Conv2DBackpropInput,2,197.632,98.816,197.632,98.816,0.00021797571801104125,0.9924082912844618,0.0,0.0
322,Device,ArgMax,ArgMax,2,192.512,96.256,192.512,96.256,0.00021232867868433032,0.9926206199631462,0.0,0.0
323,Device,Conv2DBackpropInput,gradient_tape/mobilenetv2_1.00_224/block_6_project/Conv2D/Conv2DBackpropInput,2,184.32,92.16,184.32,92.16,0.00020329341576159286,0.9928239133789079,0.0,0.0
324,Device,Relu6Grad,gradient_tape/mobilenetv2_1.00_224/block_13_depthwise_relu/Relu6/Relu6Grad,2,183.296,91.648,183.296,91.648,0.00020216400789625067,0.9930260773868042,0.0,0.0
325,Device,FusedBatchNormGradV3,gradient_tape/mobilenetv2_1.00_224/block_16_project_BN/FusedBatchNormGradV3,2,177.152,88.576,177.152,88.576,0.00019538756070419755,0.9932214649475084,0.0,0.0
326,Device,Relu6,mobilenetv2_1.00_224/block_6_depthwise_relu/Relu6,2,165.889,82.9445,165.889,82.9445,0.00018296517712280207,0.9934044301246312,0.0,0.0
327,Device,AddV2,mobilenetv2_1.00_224/block_5_add/add,2,163.84,81.92,163.84,81.92,0.00018070525845474922,0.9935851353830859,0.0,0.0
328,Device,AddN,SGD/gradients/AddN_7,2,162.816,81.408,162.816,81.408,0.00017957585058940703,0.9937647112336753,0.0,0.0
329,Device,AddV2,mobilenetv2_1.00_224/block_4_add/add,2,161.792,80.896,161.792,80.896,0.00017844644272406484,0.9939431576763993,0.0,0.0
330,Device,AddN,SGD/gradients/AddN_8,2,159.744,79.872,159.744,79.872,0.00017618762699338049,0.9941193453033926,0.0,0.0
331,Device,FusedBatchNormGradV3,gradient_tape/mobilenetv2_1.00_224/block_7_project_BN/FusedBatchNormGradV3,2,153.6,76.8,153.6,76.8,0.00016941117980132737,0.9942887564831939,0.0,0.0
332,Device,FusedBatchNormGradV3,gradient_tape/mobilenetv2_1.00_224/block_8_project_BN/FusedBatchNormGradV3,2,152.577,76.2885,152.577,76.2885,0.0001682828748733537,0.9944570393580673,0.0,0.0
333,Device,FusedBatchNormGradV3,gradient_tape/mobilenetv2_1.00_224/block_6_project_BN/FusedBatchNormGradV3,2,151.552,75.776,151.552,75.776,0.00016715236407064302,0.9946241917221379,0.0,0.0
334,Device,FusedBatchNormV3,mobilenetv2_1.00_224/block_13_depthwise_BN/FusedBatchNormV3,4,148.48,37.12,148.48,37.12,0.00016376414047461645,0.9947879558626125,0.0,0.0
335,Device,BroadcastTo,gradient_tape/mobilenetv2_1.00_224/global_average_pooling2d/BroadcastTo,2,146.432,73.216,146.432,73.216,0.0001615053247439321,0.9949494611873564,0.0,0.0
336,Device,FusedBatchNormGradV3,gradient_tape/mobilenetv2_1.00_224/block_9_project_BN/FusedBatchNormGradV3,2,145.408,72.704,145.408,72.704,0.0001603759168785899,0.995109837104235,0.0,0.0
337,Device,Mean,mobilenetv2_1.00_224/global_average_pooling2d/Mean,2,142.336,71.168,142.336,71.168,0.0001569876932825634,0.9952668247975175,0.0,0.0
338,Device,FusedBatchNormV3,mobilenetv2_1.00_224/block_10_project_BN/FusedBatchNormV3,4,130.048,32.512,130.048,32.512,0.0001434347988984572,0.9954102595964159,0.0,0.0
339,Device,FusedBatchNormV3,mobilenetv2_1.00_224/block_12_project_BN/FusedBatchNormV3,4,130.048,32.512,130.048,32.512,0.0001434347988984572,0.9955536943953144,0.0,0.0
340,Device,FusedBatchNormV3,mobilenetv2_1.00_224/block_11_project_BN/FusedBatchNormV3,4,128.0,32.0,128.0,32.0,0.0001411759831677728,0.9956948703784821,0.0,0.0
341,Device,Conv2D,mobilenetv2_1.00_224/block_6_project/Conv2D,2,125.952,62.976,125.952,62.976,0.00013891716743708846,0.9958337875459192,0.0,0.0
342,Device,AddV2,mobilenetv2_1.00_224/block_12_add/add,2,123.905,61.9525,123.905,61.9525,0.00013665945464377257,0.995970447000563,0.0,0.0
343,Device,AddV2,mobilenetv2_1.00_224/block_11_add/add,2,123.904,61.952,123.904,61.952,0.00013665835170640408,0.9961071053522694,0.0,0.0
344,Device,ArgMax,ArgMax_1,2,122.88,61.44,122.88,61.44,0.0001355289438410619,0.9962426342961105,0.0,0.0
345,Device,AddN,SGD/gradients/AddN_3,2,120.832,60.416,120.832,60.416,0.00013327012811037753,0.9963759044242209,0.0,0.0
346,Device,AddN,SGD/gradients/AddN_2,2,119.808,59.904,119.808,59.904,0.00013214072024503537,0.9965080451444659,0.0,0.0
347,Device,Relu6,mobilenetv2_1.00_224/block_13_depthwise_relu/Relu6,2,119.808,59.904,119.808,59.904,0.00013214072024503537,0.9966401858647109,0.0,0.0
348,Device,FusedBatchNormV3,mobilenetv2_1.00_224/block_16_project_BN/FusedBatchNormV3,4,90.112,22.528,90.112,22.528,9.938789215011206e-05,0.9967395737568611,0.0,0.0
349,Device,FusedBatchNormGradV3,gradient_tape/mobilenetv2_1.00_224/block_13_project_BN/FusedBatchNormGradV3,2,84.992,42.496,84.992,42.496,9.374085282340115e-05,0.9968333146096845,0.0,0.0
350,Device,FusedBatchNormGradV3,gradient_tape/mobilenetv2_1.00_224/block_14_project_BN/FusedBatchNormGradV3,2,83.968,41.984,83.968,41.984,9.261144495805898e-05,0.9969259260546426,0.0,0.0
351,Device,AddV2,mobilenetv2_1.00_224/block_7_add/add,2,83.968,41.984,83.968,41.984,9.261144495805898e-05,0.9970185374996007,0.0,0.0
352,Device,FusedBatchNormGradV3,gradient_tape/mobilenetv2_1.00_224/block_15_project_BN/FusedBatchNormGradV3,2,82.944,41.472,82.944,41.472,9.148203709271679e-05,0.9971100195366934,0.0,0.0
353,Device,FusedBatchNormV3,mobilenetv2_1.00_224/block_7_project_BN/FusedBatchNormV3,4,82.944,20.736,82.944,20.736,9.148203709271679e-05,0.9972015015737862,0.0,0.0
354,Device,AddV2,mobilenetv2_1.00_224/block_8_add/add,2,82.944,41.472,82.944,41.472,9.148203709271679e-05,0.9972929836108789,0.0,0.0
355,Device,AddV2,mobilenetv2_1.00_224/block_9_add/add,2,82.944,41.472,82.944,41.472,9.148203709271679e-05,0.9973844656479717,0.0,0.0
356,Device,FusedBatchNormV3,mobilenetv2_1.00_224/block_9_project_BN/FusedBatchNormV3,4,82.944,20.736,82.944,20.736,9.148203709271679e-05,0.9974759476850644,0.0,0.0
357,Device,FusedBatchNormV3,mobilenetv2_1.00_224/block_8_project_BN/FusedBatchNormV3,4,81.92,20.48,81.92,20.48,9.035262922737461e-05,0.9975663003142918,0.0,0.0
358,Device,AddN,SGD/gradients/AddN_4,2,80.897,40.4485,80.897,40.4485,8.922432429940093e-05,0.9976555246385912,0.0,0.0
359,Device,AddN,SGD/gradients/AddN_5,2,80.896,40.448,80.896,40.448,8.922322136203242e-05,0.9977447478599533,0.0,0.0
360,Device,FusedBatchNormV3,mobilenetv2_1.00_224/block_6_project_BN/FusedBatchNormV3,4,80.896,20.224,80.896,20.224,8.922322136203242e-05,0.9978339710813153,0.0,0.0
361,Device,AddN,SGD/gradients/AddN_6,2,79.872,39.936,79.872,39.936,8.809381349669024e-05,0.997922064894812,0.0,0.0
362,Device,_Recv,IteratorGetNext/_4,2,79.584,39.792,79.584,39.792,8.777616753456276e-05,0.9980098410623466,0.0,0.0
363,Device,MatMul,mobilenetv2_1.00_224/predictions/MatMul,2,63.488,31.744,63.488,31.744,7.002328765121531e-05,0.9980798643499978,0.0,0.0
364,Device,ResourceApplyGradientDescent,SGD/SGD/update_156/ResourceApplyGradientDescent,2,61.441,30.7205,61.441,30.7205,6.776557485789945e-05,0.9981476299248557,0.0,0.0
365,Device,MatMul,gradient_tape/mobilenetv2_1.00_224/predictions/MatMul/MatMul,2,53.248,26.624,53.248,26.624,5.872920899779349e-05,0.9982063591338535,0.0,0.0
366,Device,AddN,SGD/gradients/AddN,2,48.128,24.064,48.128,24.064,5.308216967108258e-05,0.9982594413035245,0.0,0.0
367,Device,AddN,SGD/gradients/AddN_1,2,47.104,23.552,47.104,23.552,5.19527618057404e-05,0.9983113940653302,0.0,0.0
368,Device,MatMul,gradient_tape/mobilenetv2_1.00_224/predictions/MatMul/MatMul_1,2,41.984,20.992,41.984,20.992,4.630572247902949e-05,0.9983576997878092,0.0,0.0
369,Device,AddV2,mobilenetv2_1.00_224/block_14_add/add,2,34.816,17.408,34.816,17.408,3.839986742163421e-05,0.9983960996552308,0.0,0.0
370,Device,FusedBatchNormV3,mobilenetv2_1.00_224/block_14_project_BN/FusedBatchNormV3,4,32.768,8.192,32.768,8.192,3.6141051690949845e-05,0.9984322407069217,0.0,0.0
371,Device,AddV2,mobilenetv2_1.00_224/block_15_add/add,2,32.768,16.384,32.768,16.384,3.6141051690949845e-05,0.9984683817586126,0.0,0.0
372,Device,FusedBatchNormV3,mobilenetv2_1.00_224/block_15_project_BN/FusedBatchNormV3,4,31.744,7.936,31.744,7.936,3.5011643825607655e-05,0.9985033934024382,0.0,0.0
373,Device,FusedBatchNormV3,mobilenetv2_1.00_224/block_13_project_BN/FusedBatchNormV3,4,30.72,7.68,30.72,7.68,3.388223596026547e-05,0.9985372756383984,0.0,0.0
374,Device,Softmax,mobilenetv2_1.00_224/predictions/Softmax,2,27.648,13.824,27.648,13.824,3.049401236423893e-05,0.9985677696507627,0.0,0.0
375,Device,ResourceApplyGradientDescent,SGD/SGD/update_153/ResourceApplyGradientDescent,2,22.528,11.264,22.528,11.264,2.4846973037528016e-05,0.9985926166238002,0.0,0.0
376,Device,ResourceApplyGradientDescent,SGD/SGD/update_150/ResourceApplyGradientDescent,2,21.504,10.752,21.504,10.752,2.3717565172185836e-05,0.9986163341889723,0.0,0.0
377,Device,ResourceApplyGradientDescent,SGD/SGD/update_126/ResourceApplyGradientDescent,2,13.312,6.656,13.312,6.656,1.4682302249448373e-05,0.9986310164912218,0.0,0.0
378,Device,ResourceApplyGradientDescent,SGD/SGD/update_132/ResourceApplyGradientDescent,2,13.312,6.656,13.312,6.656,1.4682302249448373e-05,0.9986456987934712,0.0,0.0
379,Device,ResourceApplyGradientDescent,SGD/SGD/update_135/ResourceApplyGradientDescent,2,13.312,6.656,13.312,6.656,1.4682302249448373e-05,0.9986603810957206,0.0,0.0
380,Device,ResourceApplyGradientDescent,SGD/SGD/update_144/ResourceApplyGradientDescent,2,13.312,6.656,13.312,6.656,1.4682302249448373e-05,0.9986750633979701,0.0,0.0
381,Device,ResourceApplyGradientDescent,SGD/SGD/update_141/ResourceApplyGradientDescent,2,12.288,6.144,12.288,6.144,1.3552894384106191e-05,0.9986886162923542,0.0,0.0
382,Device,DynamicStitch,gradient_tape/mobilenetv2_1.00_224/global_average_pooling2d/DynamicStitch,2,11.264,5.632,11.264,5.632,1.2423486518764008e-05,0.9987010397788729,0.0,0.0
383,Device,ResourceApplyGradientDescent,SGD/SGD/update_105/ResourceApplyGradientDescent,2,10.24,5.12,10.24,5.12,1.1294078653421826e-05,0.9987123338575263,0.0,0.0
384,Device,ResourceApplyGradientDescent,SGD/SGD/update_123/ResourceApplyGradientDescent,2,10.24,5.12,10.24,5.12,1.1294078653421826e-05,0.9987236279361797,0.0,0.0
385,Device,ResourceApplyGradientDescent,SGD/SGD/update_117/ResourceApplyGradientDescent,2,9.216,4.608,9.216,4.608,1.0164670788079643e-05,0.9987337926069678,0.0,0.0
386,Device,ResourceApplyGradientDescent,SGD/SGD/update_99/ResourceApplyGradientDescent,2,9.216,4.608,9.216,4.608,1.0164670788079643e-05,0.9987439572777559,0.0,0.0
387,Device,BiasAdd,mobilenetv2_1.00_224/predictions/BiasAdd,2,9.216,4.608,9.216,4.608,1.0164670788079643e-05,0.998754121948544,0.0,0.0
388,Device,ResourceApplyGradientDescent,SGD/SGD/update_100/ResourceApplyGradientDescent,2,8.192,4.096,8.192,4.096,9.035262922737461e-06,0.9987631572114667,0.0,0.0
389,Device,ResourceApplyGradientDescent,SGD/SGD/update_106/ResourceApplyGradientDescent,2,8.192,4.096,8.192,4.096,9.035262922737461e-06,0.9987721924743894,0.0,0.0
390,Device,ResourceApplyGradientDescent,SGD/SGD/update_108/ResourceApplyGradientDescent,2,8.192,4.096,8.192,4.096,9.035262922737461e-06,0.9987812277373121,0.0,0.0
391,Device,ResourceApplyGradientDescent,SGD/SGD/update_114/ResourceApplyGradientDescent,2,8.192,4.096,8.192,4.096,9.035262922737461e-06,0.9987902630002349,0.0,0.0
392,Device,ResourceApplyGradientDescent,SGD/SGD/update_120/ResourceApplyGradientDescent,2,8.192,4.096,8.192,4.096,9.035262922737461e-06,0.9987992982631576,0.0,0.0
393,Device,ResourceApplyGradientDescent,SGD/SGD/update_127/ResourceApplyGradientDescent,2,8.192,4.096,8.192,4.096,9.035262922737461e-06,0.9988083335260803,0.0,0.0
394,Device,ResourceApplyGradientDescent,SGD/SGD/update_129/ResourceApplyGradientDescent,2,8.192,4.096,8.192,4.096,9.035262922737461e-06,0.9988173687890031,0.0,0.0
395,Device,ResourceApplyGradientDescent,SGD/SGD/update_130/ResourceApplyGradientDescent,2,8.192,4.096,8.192,4.096,9.035262922737461e-06,0.9988264040519258,0.0,0.0
396,Device,ResourceApplyGradientDescent,SGD/SGD/update_138/ResourceApplyGradientDescent,2,8.192,4.096,8.192,4.096,9.035262922737461e-06,0.9988354393148485,0.0,0.0
397,Device,ResourceApplyGradientDescent,SGD/SGD/update_139/ResourceApplyGradientDescent,2,8.192,4.096,8.192,4.096,9.035262922737461e-06,0.9988444745777713,0.0,0.0
398,Device,ResourceApplyGradientDescent,SGD/SGD/update_147/ResourceApplyGradientDescent,2,8.192,4.096,8.192,4.096,9.035262922737461e-06,0.998853509840694,0.0,0.0
399,Device,ResourceApplyGradientDescent,SGD/SGD/update_157/ResourceApplyGradientDescent,2,8.192,4.096,8.192,4.096,9.035262922737461e-06,0.9988625451036167,0.0,0.0
400,Device,ResourceApplyGradientDescent,SGD/SGD/update_31/ResourceApplyGradientDescent,2,8.192,4.096,8.192,4.096,9.035262922737461e-06,0.9988715803665394,0.0,0.0
401,Device,ResourceApplyGradientDescent,SGD/SGD/update_42/ResourceApplyGradientDescent,2,8.192,4.096,8.192,4.096,9.035262922737461e-06,0.9988806156294622,0.0,0.0
402,Device,ResourceApplyGradientDescent,SGD/SGD/update_60/ResourceApplyGradientDescent,2,8.192,4.096,8.192,4.096,9.035262922737461e-06,0.9988896508923849,0.0,0.0
403,Device,ResourceApplyGradientDescent,SGD/SGD/update_63/ResourceApplyGradientDescent,2,8.192,4.096,8.192,4.096,9.035262922737461e-06,0.9988986861553076,0.0,0.0
404,Device,ResourceApplyGradientDescent,SGD/SGD/update_69/ResourceApplyGradientDescent,2,8.192,4.096,8.192,4.096,9.035262922737461e-06,0.9989077214182304,0.0,0.0
405,Device,ResourceApplyGradientDescent,SGD/SGD/update_72/ResourceApplyGradientDescent,2,8.192,4.096,8.192,4.096,9.035262922737461e-06,0.9989167566811531,0.0,0.0
406,Device,ResourceApplyGradientDescent,SGD/SGD/update_78/ResourceApplyGradientDescent,2,8.192,4.096,8.192,4.096,9.035262922737461e-06,0.9989257919440758,0.0,0.0
407,Device,ResourceApplyGradientDescent,SGD/SGD/update_81/ResourceApplyGradientDescent,2,8.192,4.096,8.192,4.096,9.035262922737461e-06,0.9989348272069986,0.0,0.0
408,Device,ResourceApplyGradientDescent,SGD/SGD/update_87/ResourceApplyGradientDescent,2,8.192,4.096,8.192,4.096,9.035262922737461e-06,0.9989438624699213,0.0,0.0
409,Device,ResourceApplyGradientDescent,SGD/SGD/update_90/ResourceApplyGradientDescent,2,8.192,4.096,8.192,4.096,9.035262922737461e-06,0.998952897732844,0.0,0.0
410,Device,ResourceApplyGradientDescent,SGD/SGD/update_96/ResourceApplyGradientDescent,2,8.192,4.096,8.192,4.096,9.035262922737461e-06,0.9989619329957667,0.0,0.0
411,Device,Mul,gradient_tape/categorical_crossentropy/softmax_cross_entropy_with_logits/mul,2,8.192,4.096,8.192,4.096,9.035262922737461e-06,0.9989709682586895,0.0,0.0
412,Device,AssignAddVariableOp,AssignAddVariableOp_2,2,7.168,3.584,7.168,3.584,7.905855057395278e-06,0.9989788741137469,0.0,0.0
413,Device,ResourceApplyGradientDescent,SGD/SGD/update_10/ResourceApplyGradientDescent,2,7.168,3.584,7.168,3.584,7.905855057395278e-06,0.9989867799688043,0.0,0.0
414,Device,ResourceApplyGradientDescent,SGD/SGD/update_102/ResourceApplyGradientDescent,2,7.168,3.584,7.168,3.584,7.905855057395278e-06,0.9989946858238616,0.0,0.0
415,Device,ResourceApplyGradientDescent,SGD/SGD/update_109/ResourceApplyGradientDescent,2,7.168,3.584,7.168,3.584,7.905855057395278e-06,0.999002591678919,0.0,0.0
416,Device,ResourceApplyGradientDescent,SGD/SGD/update_118/ResourceApplyGradientDescent,2,7.168,3.584,7.168,3.584,7.905855057395278e-06,0.9990104975339764,0.0,0.0
417,Device,ResourceApplyGradientDescent,SGD/SGD/update_125/ResourceApplyGradientDescent,2,7.168,3.584,7.168,3.584,7.905855057395278e-06,0.9990184033890338,0.0,0.0
418,Device,ResourceApplyGradientDescent,SGD/SGD/update_13/ResourceApplyGradientDescent,2,7.168,3.584,7.168,3.584,7.905855057395278e-06,0.9990263092440912,0.0,0.0
419,Device,ResourceApplyGradientDescent,SGD/SGD/update_143/ResourceApplyGradientDescent,2,7.168,3.584,7.168,3.584,7.905855057395278e-06,0.9990342150991486,0.0,0.0
420,Device,ResourceApplyGradientDescent,SGD/SGD/update_145/ResourceApplyGradientDescent,2,7.168,3.584,7.168,3.584,7.905855057395278e-06,0.999042120954206,0.0,0.0
421,Device,ResourceApplyGradientDescent,SGD/SGD/update_149/ResourceApplyGradientDescent,2,7.168,3.584,7.168,3.584,7.905855057395278e-06,0.9990500268092634,0.0,0.0
422,Device,ResourceApplyGradientDescent,SGD/SGD/update_154/ResourceApplyGradientDescent,2,7.168,3.584,7.168,3.584,7.905855057395278e-06,0.9990579326643207,0.0,0.0
423,Device,ResourceApplyGradientDescent,SGD/SGD/update_18/ResourceApplyGradientDescent,2,7.168,3.584,7.168,3.584,7.905855057395278e-06,0.9990658385193781,0.0,0.0
424,Device,ResourceApplyGradientDescent,SGD/SGD/update_20/ResourceApplyGradientDescent,2,7.168,3.584,7.168,3.584,7.905855057395278e-06,0.9990737443744355,0.0,0.0
425,Device,ResourceApplyGradientDescent,SGD/SGD/update_22/ResourceApplyGradientDescent,2,7.168,3.584,7.168,3.584,7.905855057395278e-06,0.9990816502294929,0.0,0.0
426,Device,ResourceApplyGradientDescent,SGD/SGD/update_25/ResourceApplyGradientDescent,2,7.168,3.584,7.168,3.584,7.905855057395278e-06,0.9990895560845503,0.0,0.0
427,Device,ResourceApplyGradientDescent,SGD/SGD/update_27/ResourceApplyGradientDescent,2,7.168,3.584,7.168,3.584,7.905855057395278e-06,0.9990974619396077,0.0,0.0
428,Device,ResourceApplyGradientDescent,SGD/SGD/update_36/ResourceApplyGradientDescent,2,7.168,3.584,7.168,3.584,7.905855057395278e-06,0.9991053677946651,0.0,0.0
429,Device,ResourceApplyGradientDescent,SGD/SGD/update_45/ResourceApplyGradientDescent,2,7.168,3.584,7.168,3.584,7.905855057395278e-06,0.9991132736497225,0.0,0.0
430,Device,ResourceApplyGradientDescent,SGD/SGD/update_56/ResourceApplyGradientDescent,2,7.168,3.584,7.168,3.584,7.905855057395278e-06,0.9991211795047799,0.0,0.0
431,Device,ResourceApplyGradientDescent,SGD/SGD/update_61/ResourceApplyGradientDescent,2,7.168,3.584,7.168,3.584,7.905855057395278e-06,0.9991290853598372,0.0,0.0
432,Device,ResourceApplyGradientDescent,SGD/SGD/update_65/ResourceApplyGradientDescent,2,7.168,3.584,7.168,3.584,7.905855057395278e-06,0.9991369912148946,0.0,0.0
433,Device,ResourceApplyGradientDescent,SGD/SGD/update_73/ResourceApplyGradientDescent,2,7.168,3.584,7.168,3.584,7.905855057395278e-06,0.999144897069952,0.0,0.0
434,Device,ResourceApplyGradientDescent,SGD/SGD/update_74/ResourceApplyGradientDescent,2,7.168,3.584,7.168,3.584,7.905855057395278e-06,0.9991528029250094,0.0,0.0
435,Device,ResourceApplyGradientDescent,SGD/SGD/update_83/ResourceApplyGradientDescent,2,7.168,3.584,7.168,3.584,7.905855057395278e-06,0.9991607087800668,0.0,0.0
436,Device,ResourceApplyGradientDescent,SGD/SGD/update_84/ResourceApplyGradientDescent,2,7.168,3.584,7.168,3.584,7.905855057395278e-06,0.9991686146351242,0.0,0.0
437,Device,ResourceApplyGradientDescent,SGD/SGD/update_85/ResourceApplyGradientDescent,2,7.168,3.584,7.168,3.584,7.905855057395278e-06,0.9991765204901816,0.0,0.0
438,Device,ResourceApplyGradientDescent,SGD/SGD/update_88/ResourceApplyGradientDescent,2,7.168,3.584,7.168,3.584,7.905855057395278e-06,0.999184426345239,0.0,0.0
439,Device,ResourceApplyGradientDescent,SGD/SGD/update_9/ResourceApplyGradientDescent,2,7.168,3.584,7.168,3.584,7.905855057395278e-06,0.9991923322002964,0.0,0.0
440,Device,ResourceApplyGradientDescent,SGD/SGD/update_91/ResourceApplyGradientDescent,2,7.168,3.584,7.168,3.584,7.905855057395278e-06,0.9992002380553537,0.0,0.0
441,Device,ResourceApplyGradientDescent,SGD/SGD/update_93/ResourceApplyGradientDescent,2,7.168,3.584,7.168,3.584,7.905855057395278e-06,0.9992081439104111,0.0,0.0
442,Device,ResourceApplyGradientDescent,SGD/SGD/update_97/ResourceApplyGradientDescent,2,7.168,3.584,7.168,3.584,7.905855057395278e-06,0.9992160497654685,0.0,0.0
443,Device,BiasAddGrad,gradient_tape/mobilenetv2_1.00_224/predictions/BiasAdd/BiasAddGrad,2,7.168,3.584,7.168,3.584,7.905855057395278e-06,0.9992239556205259,0.0,0.0
444,Device,AssignAddVariableOp,AssignAddVariableOp,2,6.144,3.072,6.144,3.072,6.7764471920530955e-06,0.999230732067718,0.0,0.0
445,Device,AssignAddVariableOp,AssignAddVariableOp_4,2,6.144,3.072,6.144,3.072,6.7764471920530955e-06,0.99923750851491,0.0,0.0
446,Device,Cast,Cast_1,2,6.144,3.072,6.144,3.072,6.7764471920530955e-06,0.999244284962102,0.0,0.0
447,Device,Equal,Equal,2,6.144,3.072,6.144,3.072,6.7764471920530955e-06,0.9992510614092941,0.0,0.0
448,Device,Mul,Mul,2,6.144,3.072,6.144,3.072,6.7764471920530955e-06,0.9992578378564861,0.0,0.0
449,Device,AssignAddVariableOp,SGD/SGD/AssignAddVariableOp,2,6.144,3.072,6.144,3.072,6.7764471920530955e-06,0.9992646143036782,0.0,0.0
450,Device,ResourceApplyGradientDescent,SGD/SGD/update/ResourceApplyGradientDescent,2,6.144,3.072,6.144,3.072,6.7764471920530955e-06,0.9992713907508702,0.0,0.0
451,Device,ResourceApplyGradientDescent,SGD/SGD/update_1/ResourceApplyGradientDescent,2,6.144,3.072,6.144,3.072,6.7764471920530955e-06,0.9992781671980623,0.0,0.0
452,Device,ResourceApplyGradientDescent,SGD/SGD/update_101/ResourceApplyGradientDescent,2,6.144,3.072,6.144,3.072,6.7764471920530955e-06,0.9992849436452543,0.0,0.0
453,Device,ResourceApplyGradientDescent,SGD/SGD/update_103/ResourceApplyGradientDescent,2,6.144,3.072,6.144,3.072,6.7764471920530955e-06,0.9992917200924464,0.0,0.0
454,Device,ResourceApplyGradientDescent,SGD/SGD/update_104/ResourceApplyGradientDescent,2,6.144,3.072,6.144,3.072,6.7764471920530955e-06,0.9992984965396384,0.0,0.0
455,Device,ResourceApplyGradientDescent,SGD/SGD/update_107/ResourceApplyGradientDescent,2,6.144,3.072,6.144,3.072,6.7764471920530955e-06,0.9993052729868305,0.0,0.0
456,Device,ResourceApplyGradientDescent,SGD/SGD/update_11/ResourceApplyGradientDescent,2,6.144,3.072,6.144,3.072,6.7764471920530955e-06,0.9993120494340225,0.0,0.0
457,Device,ResourceApplyGradientDescent,SGD/SGD/update_110/ResourceApplyGradientDescent,2,6.144,3.072,6.144,3.072,6.7764471920530955e-06,0.9993188258812146,0.0,0.0
458,Device,ResourceApplyGradientDescent,SGD/SGD/update_111/ResourceApplyGradientDescent,2,6.144,3.072,6.144,3.072,6.7764471920530955e-06,0.9993256023284066,0.0,0.0
459,Device,ResourceApplyGradientDescent,SGD/SGD/update_112/ResourceApplyGradientDescent,2,6.144,3.072,6.144,3.072,6.7764471920530955e-06,0.9993323787755987,0.0,0.0
460,Device,ResourceApplyGradientDescent,SGD/SGD/update_113/ResourceApplyGradientDescent,2,6.144,3.072,6.144,3.072,6.7764471920530955e-06,0.9993391552227907,0.0,0.0
461,Device,ResourceApplyGradientDescent,SGD/SGD/update_115/ResourceApplyGradientDescent,2,6.144,3.072,6.144,3.072,6.7764471920530955e-06,0.9993459316699828,0.0,0.0
462,Device,ResourceApplyGradientDescent,SGD/SGD/update_116/ResourceApplyGradientDescent,2,6.144,3.072,6.144,3.072,6.7764471920530955e-06,0.9993527081171748,0.0,0.0
463,Device,ResourceApplyGradientDescent,SGD/SGD/update_119/ResourceApplyGradientDescent,2,6.144,3.072,6.144,3.072,6.7764471920530955e-06,0.9993594845643669,0.0,0.0
464,Device,ResourceApplyGradientDescent,SGD/SGD/update_12/ResourceApplyGradientDescent,2,6.144,3.072,6.144,3.072,6.7764471920530955e-06,0.9993662610115589,0.0,0.0
465,Device,ResourceApplyGradientDescent,SGD/SGD/update_121/ResourceApplyGradientDescent,2,6.144,3.072,6.144,3.072,6.7764471920530955e-06,0.999373037458751,0.0,0.0
466,Device,ResourceApplyGradientDescent,SGD/SGD/update_122/ResourceApplyGradientDescent,2,6.144,3.072,6.144,3.072,6.7764471920530955e-06,0.999379813905943,0.0,0.0
467,Device,ResourceApplyGradientDescent,SGD/SGD/update_124/ResourceApplyGradientDescent,2,6.144,3.072,6.144,3.072,6.7764471920530955e-06,0.999386590353135,0.0,0.0
468,Device,ResourceApplyGradientDescent,SGD/SGD/update_128/ResourceApplyGradientDescent,2,6.144,3.072,6.144,3.072,6.7764471920530955e-06,0.9993933668003271,0.0,0.0
469,Device,ResourceApplyGradientDescent,SGD/SGD/update_131/ResourceApplyGradientDescent,2,6.144,3.072,6.144,3.072,6.7764471920530955e-06,0.9994001432475191,0.0,0.0
470,Device,ResourceApplyGradientDescent,SGD/SGD/update_133/ResourceApplyGradientDescent,2,6.144,3.072,6.144,3.072,6.7764471920530955e-06,0.9994069196947112,0.0,0.0
471,Device,ResourceApplyGradientDescent,SGD/SGD/update_134/ResourceApplyGradientDescent,2,6.144,3.072,6.144,3.072,6.7764471920530955e-06,0.9994136961419032,0.0,0.0
472,Device,ResourceApplyGradientDescent,SGD/SGD/update_136/ResourceApplyGradientDescent,2,6.144,3.072,6.144,3.072,6.7764471920530955e-06,0.9994204725890953,0.0,0.0
473,Device,ResourceApplyGradientDescent,SGD/SGD/update_137/ResourceApplyGradientDescent,2,6.144,3.072,6.144,3.072,6.7764471920530955e-06,0.9994272490362873,0.0,0.0
474,Device,ResourceApplyGradientDescent,SGD/SGD/update_14/ResourceApplyGradientDescent,2,6.144,3.072,6.144,3.072,6.7764471920530955e-06,0.9994340254834794,0.0,0.0
475,Device,ResourceApplyGradientDescent,SGD/SGD/update_140/ResourceApplyGradientDescent,2,6.144,3.072,6.144,3.072,6.7764471920530955e-06,0.9994408019306714,0.0,0.0
476,Device,ResourceApplyGradientDescent,SGD/SGD/update_142/ResourceApplyGradientDescent,2,6.144,3.072,6.144,3.072,6.7764471920530955e-06,0.9994475783778635,0.0,0.0
477,Device,ResourceApplyGradientDescent,SGD/SGD/update_146/ResourceApplyGradientDescent,2,6.144,3.072,6.144,3.072,6.7764471920530955e-06,0.9994543548250555,0.0,0.0
478,Device,ResourceApplyGradientDescent,SGD/SGD/update_148/ResourceApplyGradientDescent,2,6.144,3.072,6.144,3.072,6.7764471920530955e-06,0.9994611312722476,0.0,0.0
479,Device,ResourceApplyGradientDescent,SGD/SGD/update_15/ResourceApplyGradientDescent,2,6.144,3.072,6.144,3.072,6.7764471920530955e-06,0.9994679077194396,0.0,0.0
480,Device,ResourceApplyGradientDescent,SGD/SGD/update_151/ResourceApplyGradientDescent,2,6.144,3.072,6.144,3.072,6.7764471920530955e-06,0.9994746841666317,0.0,0.0
481,Device,ResourceApplyGradientDescent,SGD/SGD/update_152/ResourceApplyGradientDescent,2,6.144,3.072,6.144,3.072,6.7764471920530955e-06,0.9994814606138237,0.0,0.0
482,Device,ResourceApplyGradientDescent,SGD/SGD/update_155/ResourceApplyGradientDescent,2,6.144,3.072,6.144,3.072,6.7764471920530955e-06,0.9994882370610157,0.0,0.0
483,Device,ResourceApplyGradientDescent,SGD/SGD/update_16/ResourceApplyGradientDescent,2,6.144,3.072,6.144,3.072,6.7764471920530955e-06,0.9994950135082078,0.0,0.0
484,Device,ResourceApplyGradientDescent,SGD/SGD/update_17/ResourceApplyGradientDescent,2,6.144,3.072,6.144,3.072,6.7764471920530955e-06,0.9995017899553998,0.0,0.0
485,Device,ResourceApplyGradientDescent,SGD/SGD/update_19/ResourceApplyGradientDescent,2,6.144,3.072,6.144,3.072,6.7764471920530955e-06,0.9995085664025919,0.0,0.0
486,Device,ResourceApplyGradientDescent,SGD/SGD/update_2/ResourceApplyGradientDescent,2,6.144,3.072,6.144,3.072,6.7764471920530955e-06,0.9995153428497839,0.0,0.0
487,Device,ResourceApplyGradientDescent,SGD/SGD/update_21/ResourceApplyGradientDescent,2,6.144,3.072,6.144,3.072,6.7764471920530955e-06,0.999522119296976,0.0,0.0
488,Device,ResourceApplyGradientDescent,SGD/SGD/update_23/ResourceApplyGradientDescent,2,6.144,3.072,6.144,3.072,6.7764471920530955e-06,0.999528895744168,0.0,0.0
489,Device,ResourceApplyGradientDescent,SGD/SGD/update_24/ResourceApplyGradientDescent,2,6.144,3.072,6.144,3.072,6.7764471920530955e-06,0.9995356721913601,0.0,0.0
490,Device,ResourceApplyGradientDescent,SGD/SGD/update_26/ResourceApplyGradientDescent,2,6.144,3.072,6.144,3.072,6.7764471920530955e-06,0.9995424486385521,0.0,0.0
491,Device,ResourceApplyGradientDescent,SGD/SGD/update_28/ResourceApplyGradientDescent,2,6.144,3.072,6.144,3.072,6.7764471920530955e-06,0.9995492250857442,0.0,0.0
492,Device,ResourceApplyGradientDescent,SGD/SGD/update_29/ResourceApplyGradientDescent,2,6.144,3.072,6.144,3.072,6.7764471920530955e-06,0.9995560015329362,0.0,0.0
493,Device,ResourceApplyGradientDescent,SGD/SGD/update_3/ResourceApplyGradientDescent,2,6.144,3.072,6.144,3.072,6.7764471920530955e-06,0.9995627779801283,0.0,0.0
494,Device,ResourceApplyGradientDescent,SGD/SGD/update_30/ResourceApplyGradientDescent,2,6.144,3.072,6.144,3.072,6.7764471920530955e-06,0.9995695544273203,0.0,0.0
495,Device,ResourceApplyGradientDescent,SGD/SGD/update_32/ResourceApplyGradientDescent,2,6.144,3.072,6.144,3.072,6.7764471920530955e-06,0.9995763308745124,0.0,0.0
496,Device,ResourceApplyGradientDescent,SGD/SGD/update_33/ResourceApplyGradientDescent,2,6.144,3.072,6.144,3.072,6.7764471920530955e-06,0.9995831073217044,0.0,0.0
497,Device,ResourceApplyGradientDescent,SGD/SGD/update_34/ResourceApplyGradientDescent,2,6.144,3.072,6.144,3.072,6.7764471920530955e-06,0.9995898837688965,0.0,0.0
498,Device,ResourceApplyGradientDescent,SGD/SGD/update_35/ResourceApplyGradientDescent,2,6.144,3.072,6.144,3.072,6.7764471920530955e-06,0.9995966602160885,0.0,0.0
499,Device,ResourceApplyGradientDescent,SGD/SGD/update_37/ResourceApplyGradientDescent,2,6.144,3.072,6.144,3.072,6.7764471920530955e-06,0.9996034366632806,0.0,0.0
500,Device,ResourceApplyGradientDescent,SGD/SGD/update_38/ResourceApplyGradientDescent,2,6.144,3.072,6.144,3.072,6.7764471920530955e-06,0.9996102131104726,0.0,0.0
501,Host,IDLE,IDLE,0,3149892.307,0.0,3149892.307,0.0,0.0,0.0,0.9855405239286892,0.9855405239286892
502,Host,GatherV2,GatherV2,2,45395.093,22697.5465,45395.093,22697.5465,0.0,0.0,0.014203248676022615,0.9997437726047118
503,Host,GatherV2,GatherV2_1,2,428.415,214.2075,428.415,214.2075,0.0,0.0,0.00013404278699326002,0.9998778153917051
504,Host,Dataset,Iterator::Root::ParallelMapV2::Zip[0]::FlatMap[1]::Concatenate[0]::TensorSlice,2,65.491,32.7455,65.491,32.7455,0.0,0.0,2.0490870214571364e-05,0.9998983062619197
505,Host,Dataset,Iterator::Root::ParallelMapV2::Zip[1]::ForeverRepeat,2,62.942,31.471,59.322,29.661,0.0,0.0,1.8560709148872405e-05,0.9999168669710685
506,Host,Dataset,Iterator::Root::ParallelMapV2,2,47.54,23.77,47.54,23.77,0.0,0.0,1.4874348689143892e-05,0.9999317413197577
507,Host,IteratorGetNext,IteratorGetNext,2,39.84,19.92,39.84,19.92,0.0,0.0,1.2465167264945157e-05,0.9999442064870226
508,Host,FlushSummaryWriter,FlushSummaryWriter,1,38.76,38.76,38.76,38.76,0.0,0.0,1.2127256104148448e-05,0.9999563337431268
509,Host,LogicalAnd,LogicalAnd,1,30.2,30.2,30.2,30.2,0.0,0.0,9.448997274130113e-06,0.9999657827404009
510,Host,Dataset,Iterator::Root,2,77.2,38.6,29.66,14.83,0.0,0.0,9.28004169373176e-06,0.9999750627820947
511,Host,WriteSummary,WriteSummary,1,21.74,21.74,21.74,21.74,0.0,0.0,6.802026514555915e-06,0.9999818648086093
512,Host,Dataset,Iterator::Root::ParallelMapV2::Zip[0]::FlatMap[1]::Concatenate,2,81.051,40.5255,15.56,7.78,0.0,0.0,4.868423761108098e-06,0.9999867332323704
513,Host,Dataset,Iterator::Root::ParallelMapV2::Zip,2,158.733,79.3665,10.28,5.14,0.0,0.0,3.216413641657535e-06,0.9999899496460121
514,Host,ReadVariableOp,ReadVariableOp,1,7.3,7.3,7.3,7.3,0.0,0.0,2.2840291424221795e-06,0.9999922336751544
515,Host,_Send,IteratorGetNext/_1,2,7.07,3.535,7.07,3.535,0.0,0.0,2.212066580400659e-06,0.9999944457417348
516,Host,Dataset,Iterator::Root::ParallelMapV2::Zip[0]::FlatMap,2,85.511,42.7555,4.46,2.23,0.0,0.0,1.3954479418086193e-06,0.9999958411896765
517,Host,Dataset,Iterator::Root::ParallelMapV2::Zip[1]::ForeverRepeat::FromTensor,4,3.62,0.905,3.62,0.905,0.0,0.0,1.132628150077848e-06,0.9999969738178266
518,Host,Identity,Identity,2,3.431,1.7155,3.431,1.7155,0.0,0.0,1.0734936969384244e-06,0.9999980473115235
519,Host,_Send,IteratorGetNext/_3,2,2.84,1.42,2.84,1.42,0.0,0.0,8.885812006135602e-07,0.9999989358927242
520,Host,_HostSend,categorical_crossentropy/softmax_cross_entropy_with_logits/Shape_2/_9,2,1.761,0.8805,1.761,0.8805,0.0,0.0,5.509829205212956e-07,0.9999994868756447
521,Host,_Send,IteratorGetNext/_6,2,1.64,0.82,1.64,0.82,0.0,0.0,5.131243552838869e-07,1.0
