Rank,Host/device,Type,Operation,#Occurrences,Total time (us),Avg. time (us),Total self-time (us),Avg. self-time (us),Total self-time on Device (%),Cumulative total-self time on Device (%),Total self-time on Host (%),Cumulative total-self time on Host (%)
1,Device,IDLE,IDLE,0,3668.265,0.0,3668.265,0.0,0.39955353009668976,0.39955353009668976,0.0,0.0
2,Device,MaxPoolGrad,gradient_tape/sequential/max_pooling2d/MaxPool/MaxPoolGrad,2,581.634,290.817,581.634,290.817,0.06335254348425157,0.4629060735809413,0.0,0.0
3,Device,_Send,IteratorGetNext/_1,2,555.328,277.664,555.328,277.664,0.060487250174546967,0.5233933237554883,0.0,0.0
4,Device,Conv2DBackpropFilter,gradient_tape/sequential/conv2d_1/Conv2D/Conv2DBackpropFilter,2,516.096,258.048,516.096,258.048,0.05621403542786064,0.5796073591833489,0.0,0.0
5,Device,Conv2DBackpropFilter,gradient_tape/sequential/conv2d/Conv2D/Conv2DBackpropFilter,2,431.105,215.5525,431.105,215.5525,0.04695667422946092,0.6265640334128099,0.0,0.0
6,Device,ReluGrad,gradient_tape/sequential/conv2d/ReluGrad,2,421.888,210.944,421.888,210.944,0.045952743246584486,0.6725167766593944,0.0,0.0
7,Device,Conv2DBackpropInput,gradient_tape/sequential/conv2d_1/Conv2D/Conv2DBackpropInput,2,336.896,168.448,336.896,168.448,0.03669527312652014,0.7092120497859145,0.0,0.0
8,Device,ResourceApplyGradientDescent,SGD/SGD/update_4/ResourceApplyGradientDescent,2,288.768,144.384,288.768,144.384,0.031453091251302974,0.7406651410372175,0.0,0.0
9,Device,_FusedConv2D,sequential/conv2d_1/Relu,2,266.24,133.12,266.24,133.12,0.028999303990563028,0.7696644450277805,0.0,0.0
10,Device,_FusedConv2D,sequential/conv2d/Relu,2,212.992,106.496,212.992,106.496,0.02319944319245042,0.7928638882202309,0.0,0.0
11,Device,ReluGrad,gradient_tape/sequential/conv2d_1/ReluGrad,2,193.536,96.768,193.536,96.768,0.02108026328544774,0.8139441515056787,0.0,0.0
12,Device,MaxPool,sequential/max_pooling2d/MaxPool,2,182.272,91.136,182.272,91.136,0.019853369655077766,0.8337975211607564,0.0,0.0
13,Device,MatMul,gradient_tape/sequential/dense/MatMul/MatMul,2,172.032,86.016,172.032,86.016,0.01873801180928688,0.8525355329700434,0.0,0.0
14,Device,MaxPoolGrad,gradient_tape/sequential/max_pooling2d_1/MaxPool/MaxPoolGrad,2,166.913,83.4565,166.913,83.4565,0.018180441808056065,0.8707159747780995,0.0,0.0
15,Device,MatMul,sequential/dense/MatMul,2,142.337,71.1685,142.337,71.1685,0.015503582978157938,0.8862195577562574,0.0,0.0
16,Device,BiasAddGrad,gradient_tape/sequential/conv2d/BiasAdd/BiasAddGrad,2,142.336,71.168,142.336,71.168,0.015503474056493311,0.9017230318127507,0.0,0.0
17,Device,SoftmaxCrossEntropyWithLogits,categorical_crossentropy/softmax_cross_entropy_with_logits,2,120.832,60.416,120.832,60.416,0.01316122258033245,0.9148842543930832,0.0,0.0
18,Device,MatMul,gradient_tape/sequential/dense/MatMul/MatMul_1,2,116.736,58.368,116.736,58.368,0.012715079442016096,0.9275993338350993,0.0,0.0
19,Device,MaxPool,sequential/max_pooling2d_1/MaxPool,2,91.136,45.568,91.136,45.568,0.009926684827538883,0.9375260186626382,0.0,0.0
20,Device,BiasAddGrad,gradient_tape/sequential/conv2d_1/BiasAdd/BiasAddGrad,2,84.992,42.496,84.992,42.496,0.009257470120064351,0.9467834887827026,0.0,0.0
21,Device,Transpose,gradient_tape/sequential/conv2d/Conv2D/Conv2DBackpropFilter-0-TransposeNHWCToNCHW-LayoutOptimizer,2,37.888,18.944,37.888,18.944,0.004126824029426277,0.9509103128121289,0.0,0.0
22,Device,Mul,sequential/dropout/dropout/Mul_1,2,32.768,16.384,32.768,16.384,0.003569145106530834,0.9544794579186597,0.0,0.0
23,Device,Mul,gradient_tape/sequential/dropout/dropout/Mul,2,30.72,15.36,30.72,15.36,0.003346073537372657,0.9578255314560324,0.0,0.0
24,Device,Mul,gradient_tape/sequential/dropout/dropout/Mul_1,2,30.72,15.36,30.72,15.36,0.003346073537372657,0.9611716049934051,0.0,0.0
25,Device,RandomUniform,sequential/dropout/dropout/random_uniform/RandomUniform,2,28.672,14.336,28.672,14.336,0.0031230019682144798,0.9642946069616196,0.0,0.0
26,Device,ArgMax,ArgMax,2,24.576,12.288,24.576,12.288,0.0026768588298981258,0.9669714657915177,0.0,0.0
27,Device,Transpose,gradient_tape/sequential/max_pooling2d_1/MaxPool/MaxPoolGrad-2-TransposeNHWCToNCHW-LayoutOptimizer,2,24.576,12.288,24.576,12.288,0.0026768588298981258,0.9696483246214158,0.0,0.0
28,Device,Transpose,sequential/max_pooling2d_1/MaxPool-0-2-TransposeNCHWToNHWC-LayoutOptimizer,2,21.504,10.752,21.504,10.752,0.00234225147616086,0.9719905760975767,0.0,0.0
29,Device,Softmax,sequential/dense/Softmax,2,20.48,10.24,20.48,10.24,0.0022307156915817713,0.9742212917891584,0.0,0.0
30,Device,ArgMax,ArgMax_1,2,18.432,9.216,18.432,9.216,0.002007644122423594,0.976228935911582,0.0,0.0
31,Device,Mul,sequential/dropout/dropout/Mul,2,17.408,8.704,17.408,8.704,0.0018961083378445057,0.9781250442494265,0.0,0.0
32,Device,Cast,sequential/dropout/dropout/Cast,2,13.312,6.656,13.312,6.656,0.0014499651995281513,0.9795750094489546,0.0,0.0
33,Device,GreaterEqual,sequential/dropout/dropout/GreaterEqual,2,11.264,5.632,11.264,5.632,0.0012268936303699743,0.9808019030793246,0.0,0.0
34,Device,ResourceApplyGradientDescent,SGD/SGD/update_2/ResourceApplyGradientDescent,2,7.168,3.584,7.168,3.584,0.0007807504920536199,0.9815826535713782,0.0,0.0
35,Device,AssignAddVariableOp,AssignAddVariableOp_1,2,6.144,3.072,6.144,3.072,0.0006692147074745314,0.9822518682788527,0.0,0.0
36,Device,AssignAddVariableOp,AssignAddVariableOp_2,2,6.144,3.072,6.144,3.072,0.0006692147074745314,0.9829210829863272,0.0,0.0
37,Device,AssignAddVariableOp,AssignAddVariableOp_3,2,6.144,3.072,6.144,3.072,0.0006692147074745314,0.9835902976938017,0.0,0.0
38,Device,AssignAddVariableOp,AssignAddVariableOp_4,2,6.144,3.072,6.144,3.072,0.0006692147074745314,0.9842595124012762,0.0,0.0
39,Device,Cast,Cast,2,6.144,3.072,6.144,3.072,0.0006692147074745314,0.9849287271087507,0.0,0.0
40,Device,AssignAddVariableOp,SGD/SGD/AssignAddVariableOp,2,6.144,3.072,6.144,3.072,0.0006692147074745314,0.9855979418162252,0.0,0.0
41,Device,ResourceApplyGradientDescent,SGD/SGD/update/ResourceApplyGradientDescent,2,6.144,3.072,6.144,3.072,0.0006692147074745314,0.9862671565236997,0.0,0.0
42,Device,ResourceApplyGradientDescent,SGD/SGD/update_1/ResourceApplyGradientDescent,2,6.144,3.072,6.144,3.072,0.0006692147074745314,0.9869363712311742,0.0,0.0
43,Device,ResourceApplyGradientDescent,SGD/SGD/update_3/ResourceApplyGradientDescent,2,6.144,3.072,6.144,3.072,0.0006692147074745314,0.9876055859386487,0.0,0.0
44,Device,ResourceApplyGradientDescent,SGD/SGD/update_5/ResourceApplyGradientDescent,2,6.144,3.072,6.144,3.072,0.0006692147074745314,0.9882748006461232,0.0,0.0
45,Device,Sum,Sum_2,2,6.144,3.072,6.144,3.072,0.0006692147074745314,0.9889440153535977,0.0,0.0
46,Device,Sum,categorical_crossentropy/weighted_loss/Sum,2,6.144,3.072,6.144,3.072,0.0006692147074745314,0.9896132300610722,0.0,0.0
47,Device,DivNoNan,categorical_crossentropy/weighted_loss/value,2,6.144,3.072,6.144,3.072,0.0006692147074745314,0.9902824447685467,0.0,0.0
48,Device,Mul,gradient_tape/categorical_crossentropy/softmax_cross_entropy_with_logits/mul,2,6.144,3.072,6.144,3.072,0.0006692147074745314,0.9909516594760212,0.0,0.0
49,Device,Tile,gradient_tape/categorical_crossentropy/weighted_loss/Tile_1,2,6.144,3.072,6.144,3.072,0.0006692147074745314,0.9916208741834956,0.0,0.0
50,Device,DivNoNan,gradient_tape/categorical_crossentropy/weighted_loss/value/div_no_nan,2,6.144,3.072,6.144,3.072,0.0006692147074745314,0.9922900888909701,0.0,0.0
51,Device,BiasAddGrad,gradient_tape/sequential/dense/BiasAdd/BiasAddGrad,2,6.144,3.072,6.144,3.072,0.0006692147074745314,0.9929593035984446,0.0,0.0
52,Device,BiasAdd,sequential/dense/BiasAdd,2,6.144,3.072,6.144,3.072,0.0006692147074745314,0.9936285183059191,0.0,0.0
53,Device,AssignAddVariableOp,AssignAddVariableOp,2,5.12,2.56,5.12,2.56,0.0005576789228954428,0.9941861972288146,0.0,0.0
54,Device,Cast,Cast_2,2,5.12,2.56,5.12,2.56,0.0005576789228954428,0.9947438761517101,0.0,0.0
55,Device,Equal,Equal,2,5.12,2.56,5.12,2.56,0.0005576789228954428,0.9953015550746056,0.0,0.0
56,Device,_Send,IteratorGetNext/_3,2,5.12,2.56,5.12,2.56,0.0005576789228954428,0.9958592339975011,0.0,0.0
57,Device,Mul,Mul,2,5.12,2.56,5.12,2.56,0.0005576789228954428,0.9964169129203966,0.0,0.0
58,Device,DivNoNan,div_no_nan,2,5.12,2.56,5.12,2.56,0.0005576789228954428,0.9969745918432921,0.0,0.0
59,Device,DivNoNan,div_no_nan_1,2,5.12,2.56,5.12,2.56,0.0005576789228954428,0.9975322707661876,0.0,0.0
60,Device,_Recv,categorical_crossentropy/weighted_loss/num_elements/_14,2,4.608,2.304,4.608,2.304,0.0005019110306058985,0.9980341817967935,0.0,0.0
61,Device,Cast,Cast_1,2,4.096,2.048,4.096,2.048,0.0004461431383163543,0.9984803249351099,0.0,0.0
62,Device,Cast,categorical_crossentropy/weighted_loss/num_elements/Cast,2,4.096,2.048,4.096,2.048,0.0004461431383163543,0.9989264680734262,0.0,0.0
63,Device,_Recv,Size/_16,2,3.616,1.808,3.616,1.808,0.0003938607392949065,0.9993203288127211,0.0,0.0
64,Device,_Recv,strided_slice/_12,2,3.168,1.584,3.168,1.584,0.0003450638335415553,0.9996653926462628,0.0,0.0
65,Device,LogicalAnd,LogicalAnd,1,3.072,3.072,3.072,3.072,0.0003346073537372657,1.0,0.0,0.0
66,Host,IDLE,IDLE,0,41179.658,0.0,41179.658,0.0,0.0,0.0,0.9094605107442787,0.9094605107442787
67,Host,_Send,IteratorGetNext/_6,2,1596.259,798.1295,1596.259,798.1295,0.0,0.0,0.035253680965979646,0.9447141917102584
68,Host,_Send,IteratorGetNext/_1,2,841.79,420.895,841.79,420.895,0.0,0.0,0.018591090857030097,0.9633052825672885
69,Host,GatherV2,GatherV2,2,735.468,367.734,735.468,367.734,0.0,0.0,0.01624294944159257,0.9795482320088811
70,Host,_Send,IteratorGetNext/_3,2,500.036,250.018,500.036,250.018,0.0,0.0,0.011043389334377816,0.9905916213432588
71,Host,Dataset,Iterator::Root::ParallelMapV2::Zip[0]::FlatMap[1]::Concatenate[0]::TensorSlice,2,63.171,31.5855,63.171,31.5855,0.0,0.0,0.0013951434449559251,0.9919867647882148
72,Host,Dataset,Iterator::Root::ParallelMapV2::Zip[0]::FlatMap[1]::Concatenate,2,113.011,56.5055,49.84,24.92,0.0,0.0,0.001100725796593426,0.9930874905848082
73,Host,Dataset,Iterator::Root::ParallelMapV2::Zip[1]::ForeverRepeat,2,52.261,26.1305,48.361,24.1805,0.0,0.0,0.0010680618027498932,0.994155552387558
74,Host,Dataset,Iterator::Root::ParallelMapV2,2,43.58,21.79,43.58,21.79,0.0,0.0,0.0009624725163631922,0.9951180249039212
75,Host,IteratorGetNext,IteratorGetNext,2,36.83,18.415,36.83,18.415,0.0,0.0,0.0008133974937507199,0.995931422397672
76,Host,FlushSummaryWriter,FlushSummaryWriter,1,36.04,36.04,36.04,36.04,0.0,0.0,0.0007959501948079269,0.9967273725924799
77,Host,GatherV2,GatherV2_1,2,31.14,15.57,31.14,15.57,0.0,0.0,0.0006877327709855394,0.9974151053634654
78,Host,LogicalAnd,LogicalAnd,1,30.21,30.21,30.21,30.21,0.0,0.0,0.000667193545647821,0.9980822989091133
79,Host,Dataset,Iterator::Root,2,73.402,36.701,29.822,14.911,0.0,0.0,0.0006586244924961707,0.9987409234016095
80,Host,WriteSummary,WriteSummary,1,20.69,20.69,20.69,20.69,0.0,0.0,0.00045694255079289697,0.9991978659524023
81,Host,Dataset,Iterator::Root::ParallelMapV2::Zip,2,179.352,89.676,10.09,5.045,0.0,0.0,0.00022283955231997728,0.9994207055047223
82,Host,_HostSend,categorical_crossentropy/softmax_cross_entropy_with_logits/Shape_2/_9,2,9.88,4.94,9.88,4.94,0.0,0.0,0.00021820166272758929,0.9996389071674499
83,Host,ReadVariableOp,ReadVariableOp,1,5.72,5.72,5.72,5.72,0.0,0.0,0.00012632727842123588,0.9997652344458711
84,Host,Dataset,Iterator::Root::ParallelMapV2::Zip[0]::FlatMap,2,117.001,58.5005,3.99,1.995,0.0,0.0,8.811990225537259e-05,0.9998533543481264
85,Host,Dataset,Iterator::Root::ParallelMapV2::Zip[1]::ForeverRepeat::FromTensor,4,3.9,0.975,3.9,0.975,0.0,0.0,8.613223528720628e-05,0.9999394865834136
86,Host,Identity,Identity,2,2.74,1.37,2.74,1.37,0.0,0.0,6.051341658639622e-05,1.0
