Rank,Host/device,Type,Operation,#Occurrences,Total time (us),Avg. time (us),Total self-time (us),Avg. self-time (us),Total self-time on Device (%),Cumulative total-self time on Device (%),Total self-time on Host (%),Cumulative total-self time on Host (%)
1,Device,DepthwiseConv2dNativeBackpropFilter,gradient_tape/efficientnetb0/block1a_dwconv/depthwise/DepthwiseConv2dNativeBackpropFilter,2,161906.684,80953.342,161906.684,80953.342,0.23776353560711025,0.23776353560711025,0.0,0.0
2,Device,DepthwiseConv2dNativeBackpropFilter,gradient_tape/efficientnetb0/block2b_dwconv/depthwise/DepthwiseConv2dNativeBackpropFilter,2,86624.254,43312.127,86624.254,43312.127,0.12720962712304307,0.36497316273015334,0.0,0.0
3,Device,DepthwiseConv2dNativeBackpropFilter,gradient_tape/efficientnetb0/block2a_dwconv/depthwise/DepthwiseConv2dNativeBackpropFilter,2,42215.422,21107.711,42215.422,21107.711,0.06199427808592624,0.42696744081607957,0.0,0.0
4,Device,DepthwiseConv2dNativeBackpropFilter,gradient_tape/efficientnetb0/block3a_dwconv/depthwise/DepthwiseConv2dNativeBackpropFilter,2,18538.496,9269.248,18538.496,9269.248,0.02722419016251528,0.45419163097859483,0.0,0.0
5,Device,IDLE,IDLE,0,13607.647,0.0,13607.647,0.0,0.019983129677422627,0.47417476065601744,0.0,0.0
6,Device,FusedBatchNormGradV3,gradient_tape/efficientnetb0/block2a_expand_bn/FusedBatchNormGradV3,2,6424.574,3212.287,6424.574,3212.287,0.009434628585250468,0.4836093892412679,0.0,0.0
7,Device,_Recv,IteratorGetNext/_4,2,6309.535,3154.7675,6309.535,3154.7675,0.009265691277061843,0.49287508051832973,0.0,0.0
8,Device,DepthwiseConv2dNativeBackpropFilter,gradient_tape/efficientnetb0/block4a_dwconv/depthwise/DepthwiseConv2dNativeBackpropFilter,2,5104.639,2552.3195,5104.639,2552.3195,0.007496274932281014,0.5003713554506107,0.0,0.0
9,Device,FusedBatchNormV3,efficientnetb0/block2a_expand_bn/FusedBatchNormV3,4,3971.072,992.768,3971.072,992.768,0.005831606796853418,0.5062029622474642,0.0,0.0
10,Device,Mul,SGD/gradients/mul_135,2,3776.512,1888.256,3776.512,1888.256,0.005545891146672358,0.5117488533941366,0.0,0.0
11,Device,Mul,SGD/gradients/mul_136,2,3771.392,1885.696,3771.392,1885.696,0.005538372313772856,0.5172872257079094,0.0,0.0
12,Device,Mul,SGD/gradients/mul_137,2,3767.296,1883.648,3767.296,1883.648,0.005532357247453255,0.5228195829553627,0.0,0.0
13,Device,Mul,efficientnetb0/block2a_expand_activation/mul,2,3760.128,1880.064,3760.128,1880.064,0.005521830881393953,0.5283414138367566,0.0,0.0
14,Device,DepthwiseConv2dNativeBackpropInput,gradient_tape/efficientnetb0/block2a_dwconv/depthwise/DepthwiseConv2dNativeBackpropInput,2,3604.48,1802.24,3604.48,1802.24,0.005293258361249106,0.5336346721980056,0.0,0.0
15,Device,Conv2DBackpropFilter,gradient_tape/efficientnetb0/block2a_expand_conv/Conv2D/Conv2DBackpropFilter,2,3444.736,1722.368,3444.736,1722.368,0.005058670774784656,0.5386933429727903,0.0,0.0
16,Device,Slice,gradient_tape/efficientnetb0/block2a_dwconv_pad/Slice_1,2,3075.072,1537.536,3075.072,1537.536,0.004515811039440643,0.5432091540122309,0.0,0.0
17,Device,Pad,efficientnetb0/block2a_dwconv_pad/Pad,2,2792.448,1396.224,2792.448,1396.224,0.004100771463388156,0.5473099254756191,0.0,0.0
18,Device,FusedBatchNormGradV3,gradient_tape/efficientnetb0/block1a_bn/FusedBatchNormGradV3,2,2667.52,1333.76,2667.52,1333.76,0.003917311940640318,0.5512272374162593,0.0,0.0
19,Device,FusedBatchNormGradV3,gradient_tape/efficientnetb0/stem_bn/FusedBatchNormGradV3,2,2666.496,1333.248,2666.496,1333.248,0.003915808174060418,0.5551430455903198,0.0,0.0
20,Device,Sigmoid,SGD/gradients/Sigmoid_45,2,2644.992,1322.496,2644.992,1322.496,0.003884229075882511,0.5590272746662023,0.0,0.0
21,Device,Sigmoid,efficientnetb0/block2a_expand_activation/Sigmoid,2,2640.896,1320.448,2640.896,1320.448,0.00387821400956291,0.5629054886757652,0.0,0.0
22,Device,DepthwiseConv2dNativeBackpropFilter,gradient_tape/efficientnetb0/block6a_dwconv/depthwise/DepthwiseConv2dNativeBackpropFilter,2,2570.24,1285.12,2570.24,1285.12,0.0037744541155497876,0.566679942791315,0.0,0.0
23,Device,Sub,SGD/gradients/sub_45,2,2526.208,1263.104,2526.208,1263.104,0.0037097921526140745,0.570389734943929,0.0,0.0
24,Device,AddV2,SGD/gradients/add_45,2,2525.184,1262.592,2525.184,1262.592,0.0037082883860341744,0.5740980233299632,0.0,0.0
25,Device,FusedBatchNormGradV3,gradient_tape/efficientnetb0/block2b_expand_bn/FusedBatchNormGradV3,2,2445.312,1222.656,2445.312,1222.656,0.0035909945928019496,0.5776890179227652,0.0,0.0
26,Device,FusedBatchNormGradV3,gradient_tape/efficientnetb0/block2b_bn/FusedBatchNormGradV3,2,2441.216,1220.608,2441.216,1220.608,0.0035849795264823485,0.5812739974492476,0.0,0.0
27,Device,FusedBatchNormGradV3,gradient_tape/efficientnetb0/block3a_expand_bn/FusedBatchNormGradV3,2,2435.072,1217.536,2435.072,1217.536,0.003575956927002947,0.5848499543762505,0.0,0.0
28,Device,FusedBatchNormGradV3,gradient_tape/efficientnetb0/block1a_project_bn/FusedBatchNormGradV3,2,2137.088,1068.544,2137.088,1068.544,0.0031383608522519554,0.5879883152285025,0.0,0.0
29,Device,Conv2DBackpropInput,gradient_tape/efficientnetb0/block2a_expand_conv/Conv2D/Conv2DBackpropInput,2,1854.464,927.232,1854.464,927.232,0.0027233212761994686,0.5907116365047019,0.0,0.0
30,Device,DepthwiseConv2dNativeBackpropInput,gradient_tape/efficientnetb0/block2b_dwconv/depthwise/DepthwiseConv2dNativeBackpropInput,2,1793.024,896.512,1793.024,896.512,0.0026330952814054495,0.5933447317861074,0.0,0.0
31,Device,Conv2D,efficientnetb0/block2a_expand_conv/Conv2D,2,1764.352,882.176,1764.352,882.176,0.002590989817168241,0.5959357216032756,0.0,0.0
32,Device,DepthwiseConv2dNativeBackpropInput,gradient_tape/efficientnetb0/block3a_dwconv/depthwise/DepthwiseConv2dNativeBackpropInput,2,1735.68,867.84,1735.68,867.84,0.0025488843529310324,0.5984846059562066,0.0,0.0
33,Device,DepthwiseConv2dNative,efficientnetb0/block2a_dwconv/depthwise,2,1695.744,847.872,1695.744,847.872,0.0024902374563149196,0.6009748434125215,0.0,0.0
34,Device,Conv2DBackpropFilter,gradient_tape/efficientnetb0/block1a_project_conv/Conv2D/Conv2DBackpropFilter,2,1626.112,813.056,1626.112,813.056,0.0023879813288816987,0.6033628247414032,0.0,0.0
35,Device,FusedBatchNormGradV3,gradient_tape/efficientnetb0/block2a_bn/FusedBatchNormGradV3,2,1591.296,795.648,1591.296,795.648,0.002336853265165088,0.6056996780065683,0.0,0.0
36,Device,FusedBatchNormV3,efficientnetb0/stem_bn/FusedBatchNormV3,4,1561.6,390.4,1561.6,390.4,0.0022932440343479787,0.6079929220409163,0.0,0.0
37,Device,FusedBatchNormV3,efficientnetb0/block1a_bn/FusedBatchNormV3,4,1554.432,388.608,1554.432,388.608,0.0022827176682886766,0.610275639709205,0.0,0.0
38,Device,DepthwiseConv2dNativeBackpropInput,gradient_tape/efficientnetb0/block1a_dwconv/depthwise/DepthwiseConv2dNativeBackpropInput,2,1539.072,769.536,1539.072,769.536,0.002260161169590172,0.6125358008787951,0.0,0.0
39,Device,DepthwiseConv2dNativeBackpropFilter,gradient_tape/efficientnetb0/block3b_dwconv/depthwise/DepthwiseConv2dNativeBackpropFilter,2,1488.896,744.448,1488.896,744.448,0.0021864766071750565,0.6147222774859702,0.0,0.0
40,Device,AddN,SGD/gradients/AddN_21,2,1473.536,736.768,1473.536,736.768,0.0021639201084765517,0.6168861975944467,0.0,0.0
41,Device,FusedBatchNormV3,efficientnetb0/block2b_expand_bn/FusedBatchNormV3,4,1471.488,367.872,1471.488,367.872,0.0021609125753167513,0.6190471101697634,0.0,0.0
42,Device,Conv2DBackpropFilter,gradient_tape/efficientnetb0/block2b_project_conv/Conv2D/Conv2DBackpropFilter,2,1470.463,735.2315,1470.463,735.2315,0.0021594073402148002,0.6212065175099782,0.0,0.0
43,Device,FusedBatchNormV3,efficientnetb0/block3a_expand_bn/FusedBatchNormV3,4,1469.44,367.36,1469.44,367.36,0.0021579050421569506,0.6233644225521352,0.0,0.0
44,Device,Conv2DBackpropFilter,gradient_tape/efficientnetb0/block2b_expand_conv/Conv2D/Conv2DBackpropFilter,2,1468.416,734.208,1468.416,734.208,0.00215640127557705,0.6255208238277122,0.0,0.0
45,Device,FusedBatchNormV3,efficientnetb0/block2b_bn/FusedBatchNormV3,4,1467.392,366.848,1467.392,366.848,0.00215489750899715,0.6276757213367093,0.0,0.0
46,Device,Conv2DBackpropFilter,gradient_tape/efficientnetb0/block3a_expand_conv/Conv2D/Conv2DBackpropFilter,2,1462.272,731.136,1462.272,731.136,0.002147378676097648,0.629823100012807,0.0,0.0
47,Device,Conv2DBackpropFilter,gradient_tape/efficientnetb0/stem_conv/Conv2D/Conv2DBackpropFilter,2,1457.152,728.576,1457.152,728.576,0.0021398598431981468,0.6319629598560051,0.0,0.0
48,Device,Mul,SGD/gradients/mul_126,2,1420.288,710.144,1420.288,710.144,0.0020857242463217353,0.6340486841023268,0.0,0.0
49,Device,Mul,gradient_tape/efficientnetb0/block2b_se_excite/mul/Mul_1,2,1420.288,710.144,1420.288,710.144,0.0020857242463217353,0.6361344083486485,0.0,0.0
50,Device,Mul,SGD/gradients/mul_119,2,1419.264,709.632,1419.264,709.632,0.002084220479741835,0.6382186288283904,0.0,0.0
51,Device,Mul,SGD/gradients/mul_123,2,1419.264,709.632,1419.264,709.632,0.002084220479741835,0.6403028493081323,0.0,0.0
52,Device,Mul,SGD/gradients/mul_125,2,1419.264,709.632,1419.264,709.632,0.002084220479741835,0.6423870697878742,0.0,0.0
53,Device,Mul,SGD/gradients/mul_117,2,1418.24,709.12,1418.24,709.12,0.002082716713161935,0.6444697865010361,0.0,0.0
54,Device,Mul,efficientnetb0/block3a_expand_activation/mul,2,1418.24,709.12,1418.24,709.12,0.002082716713161935,0.6465525032141981,0.0,0.0
55,Device,Mul,SGD/gradients/mul_118,2,1417.216,708.608,1417.216,708.608,0.0020812129465820344,0.6486337161607801,0.0,0.0
56,Device,Mul,SGD/gradients/mul_127,2,1417.216,708.608,1417.216,708.608,0.0020812129465820344,0.6507149291073622,0.0,0.0
57,Device,Mul,SGD/gradients/mul_124,2,1416.192,708.096,1416.192,708.096,0.002079709180002134,0.6527946382873643,0.0,0.0
58,Device,Mul,efficientnetb0/block2b_activation/mul,2,1415.168,707.584,1415.168,707.584,0.0020782054134222336,0.6548728437007865,0.0,0.0
59,Device,Mul,SGD/gradients/mul_128,2,1413.12,706.56,1413.12,706.56,0.0020751978802624332,0.6569480415810489,0.0,0.0
60,Device,Mul,efficientnetb0/block2b_expand_activation/mul,2,1411.072,705.536,1411.072,705.536,0.0020721903471026325,0.6590202319281515,0.0,0.0
61,Device,DepthwiseConv2dNativeBackpropInput,gradient_tape/efficientnetb0/block3b_dwconv/depthwise/DepthwiseConv2dNativeBackpropInput,2,1338.368,669.184,1338.368,669.184,0.00196542291992971,0.6609856548480812,0.0,0.0
62,Device,AddN,SGD/gradients/AddN_24,2,1315.84,657.92,1315.84,657.92,0.0019323400551719033,0.6629179949032532,0.0,0.0
63,Device,DepthwiseConv2dNative,efficientnetb0/block2b_dwconv/depthwise,2,1283.072,641.536,1283.072,641.536,0.0018842195246150932,0.6648022144278682,0.0,0.0
64,Device,Mul,SGD/gradients/mul_141,2,1265.664,632.832,1265.664,632.832,0.0018586554927567881,0.666660869920625,0.0,0.0
65,Device,Mul,SGD/gradients/mul_144,2,1264.64,632.32,1264.64,632.32,0.001857151726176888,0.6685180216468019,0.0,0.0
66,Device,Mul,efficientnetb0/block1a_activation/mul,2,1264.64,632.32,1264.64,632.32,0.001857151726176888,0.6703751733729787,0.0,0.0
67,Device,Mul,SGD/gradients/mul_142,2,1262.592,631.296,1262.592,631.296,0.0018541441930170872,0.6722293175659958,0.0,0.0
68,Device,Mul,SGD/gradients/mul_145,2,1262.592,631.296,1262.592,631.296,0.0018541441930170872,0.6740834617590129,0.0,0.0
69,Device,Mul,gradient_tape/efficientnetb0/block1a_se_excite/mul/Mul_1,2,1262.592,631.296,1262.592,631.296,0.0018541441930170872,0.67593760595203,0.0,0.0
70,Device,Mul,SGD/gradients/mul_146,2,1261.568,630.784,1261.568,630.784,0.0018526404264371868,0.6777902463784672,0.0,0.0
71,Device,Mul,SGD/gradients/mul_143,2,1256.448,628.224,1256.448,628.224,0.0018451215935376853,0.6796353679720049,0.0,0.0
72,Device,Mul,efficientnetb0/stem_activation/mul,2,1256.448,628.224,1256.448,628.224,0.0018451215935376853,0.6814804895655425,0.0,0.0
73,Device,FusedBatchNormV3,efficientnetb0/block1a_project_bn/FusedBatchNormV3,4,1227.776,306.944,1227.776,306.944,0.0018030161293004765,0.683283505694843,0.0,0.0
74,Device,Slice,gradient_tape/efficientnetb0/block3a_dwconv_pad/Slice_1,2,1140.736,570.368,1140.736,570.368,0.0016751959700089499,0.684958701664852,0.0,0.0
75,Device,DepthwiseConv2dNativeBackpropFilter,gradient_tape/efficientnetb0/block5b_dwconv/depthwise/DepthwiseConv2dNativeBackpropFilter,2,1131.52,565.76,1131.52,565.76,0.001661662070789847,0.6866203637356418,0.0,0.0
76,Device,DepthwiseConv2dNativeBackpropFilter,gradient_tape/efficientnetb0/block5c_dwconv/depthwise/DepthwiseConv2dNativeBackpropFilter,2,1131.52,565.76,1131.52,565.76,0.001661662070789847,0.6882820258064317,0.0,0.0
77,Device,DepthwiseConv2dNative,efficientnetb0/block3a_dwconv/depthwise,2,1104.896,552.448,1104.896,552.448,0.0016225641397124386,0.6899045899461441,0.0,0.0
78,Device,Pad,efficientnetb0/block3a_dwconv_pad/Pad,2,1101.823,550.9115,1101.823,550.9115,0.0016180513714506874,0.6915226413175948,0.0,0.0
79,Device,Conv2DBackpropFilter,gradient_tape/efficientnetb0/block2a_project_conv/Conv2D/Conv2DBackpropFilter,2,1082.368,541.184,1082.368,541.184,0.0015894812749546318,0.6931121225925494,0.0,0.0
80,Device,FusedBatchNormGradV3,gradient_tape/efficientnetb0/block3b_bn/FusedBatchNormGradV3,2,1078.272,539.136,1078.272,539.136,0.0015834662086350304,0.6946955888011844,0.0,0.0
81,Device,FusedBatchNormGradV3,gradient_tape/efficientnetb0/block3b_expand_bn/FusedBatchNormGradV3,2,1078.272,539.136,1078.272,539.136,0.0015834662086350304,0.6962790550098195,0.0,0.0
82,Device,FusedBatchNormGradV3,gradient_tape/efficientnetb0/block4a_expand_bn/FusedBatchNormGradV3,2,1075.2,537.6,1075.2,537.6,0.0015789549088953297,0.6978580099187148,0.0,0.0
83,Device,DepthwiseConv2dNative,efficientnetb0/block1a_dwconv/depthwise,2,1049.6,524.8,1049.6,524.8,0.0015413607443978217,0.6993993706631126,0.0,0.0
84,Device,Transpose,efficientnetb0/block2b_activation/mul-0-3-TransposeNCHWToNHWC-LayoutOptimizer,2,996.352,498.176,996.352,498.176,0.0014631648822430055,0.7008625355453556,0.0,0.0
85,Device,Sigmoid,SGD/gradients/Sigmoid_41,2,993.28,496.64,993.28,496.64,0.0014586535825033046,0.7023211891278589,0.0,0.0
86,Device,Transpose,SGD/gradients/AddN_21-1-TransposeNHWCToNCHW-LayoutOptimizer,2,992.256,496.128,992.256,496.128,0.0014571498159234042,0.7037783389437823,0.0,0.0
87,Device,Sigmoid,SGD/gradients/Sigmoid_42,2,989.184,494.592,989.184,494.592,0.0014526385161837032,0.705230977459966,0.0,0.0
88,Device,Sigmoid,efficientnetb0/block2b_activation/Sigmoid,2,989.184,494.592,989.184,494.592,0.0014526385161837032,0.7066836159761497,0.0,0.0
89,Device,Sigmoid,SGD/gradients/Sigmoid_39,2,988.16,494.08,988.16,494.08,0.0014511347496038028,0.7081347507257535,0.0,0.0
90,Device,FusedBatchNormV3,efficientnetb0/block2a_bn/FusedBatchNormV3,4,988.16,247.04,988.16,247.04,0.0014511347496038028,0.7095858854753573,0.0,0.0
91,Device,Sigmoid,efficientnetb0/block2b_expand_activation/Sigmoid,2,988.16,494.08,988.16,494.08,0.0014511347496038028,0.7110370202249611,0.0,0.0
92,Device,Sigmoid,efficientnetb0/block3a_expand_activation/Sigmoid,2,986.112,493.056,986.112,493.056,0.0014481272164440023,0.7124851474414051,0.0,0.0
93,Device,AddN,SGD/gradients/AddN_23,2,983.04,491.52,983.04,491.52,0.0014436159167043013,0.7139287633581094,0.0,0.0
94,Device,Mul,gradient_tape/efficientnetb0/block2b_se_excite/mul/Mul,2,970.751,485.3755,970.751,485.3755,0.001425569249223447,0.7153543326073328,0.0,0.0
95,Device,Mul,efficientnetb0/block2b_se_excite/mul,2,960.512,480.256,960.512,480.256,0.0014105330519464945,0.7167648656592793,0.0,0.0
96,Device,AddV2,SGD/gradients/add_39,2,954.368,477.184,954.368,477.184,0.0014015104524670928,0.7181663761117464,0.0,0.0
97,Device,AddV2,SGD/gradients/add_41,2,953.344,476.672,953.344,476.672,0.0014000066858871924,0.7195663827976336,0.0,0.0
98,Device,Sub,SGD/gradients/sub_41,2,953.344,476.672,953.344,476.672,0.0014000066858871924,0.7209663894835209,0.0,0.0
99,Device,AddV2,SGD/gradients/add_42,2,952.32,476.16,952.32,476.16,0.001398502919307292,0.7223648924028282,0.0,0.0
100,Device,Sub,SGD/gradients/sub_39,2,952.32,476.16,952.32,476.16,0.001398502919307292,0.7237633953221355,0.0,0.0
101,Device,DepthwiseConv2dNativeBackpropInput,gradient_tape/efficientnetb0/block5b_dwconv/depthwise/DepthwiseConv2dNativeBackpropInput,2,950.272,475.136,950.272,475.136,0.0013954953861474914,0.725158890708283,0.0,0.0
102,Device,Mul,SGD/gradients/mul_133,2,949.248,474.624,949.248,474.624,0.001393991619567591,0.7265528823278505,0.0,0.0
103,Device,Mul,SGD/gradients/mul_134,2,948.224,474.112,948.224,474.112,0.0013924878529876909,0.7279453701808383,0.0,0.0
104,Device,DepthwiseConv2dNativeBackpropInput,gradient_tape/efficientnetb0/block5c_dwconv/depthwise/DepthwiseConv2dNativeBackpropInput,2,948.224,474.112,948.224,474.112,0.0013924878529876909,0.729337858033826,0.0,0.0
105,Device,Sub,SGD/gradients/sub_42,2,947.2,473.6,947.2,473.6,0.0013909840864077905,0.7307288421202338,0.0,0.0
106,Device,Mul,gradient_tape/efficientnetb0/block2a_se_excite/mul/Mul_1,2,945.152,472.576,945.152,472.576,0.00138797655324799,0.7321168186734818,0.0,0.0
107,Device,Mul,SGD/gradients/mul_132,2,944.128,472.064,944.128,472.064,0.0013864727866680895,0.7335032914601498,0.0,0.0
108,Device,Mul,efficientnetb0/block2a_activation/mul,2,944.128,472.064,944.128,472.064,0.0013864727866680895,0.7348897642468178,0.0,0.0
109,Device,RealDiv,gradient_tape/efficientnetb0/block2b_se_squeeze/truediv,2,939.008,469.504,939.008,469.504,0.001378953953768588,0.7362687182005865,0.0,0.0
110,Device,Sigmoid,efficientnetb0/stem_activation/Sigmoid,2,884.736,442.368,884.736,442.368,0.0012992543250338712,0.7375679725256203,0.0,0.0
111,Device,Sigmoid,SGD/gradients/Sigmoid_47,2,881.664,440.832,881.664,440.832,0.0012947430252941703,0.7388627155509145,0.0,0.0
112,Device,Sigmoid,efficientnetb0/block1a_activation/Sigmoid,2,878.592,439.296,878.592,439.296,0.0012902317255544693,0.740152947276469,0.0,0.0
113,Device,Transpose,efficientnetb0/block1a_activation/mul-0-3-TransposeNCHWToNHWC-LayoutOptimizer,2,871.424,435.712,871.424,435.712,0.0012797053594951673,0.7414326526359641,0.0,0.0
114,Device,Sigmoid,SGD/gradients/Sigmoid_48,2,866.304,433.152,866.304,433.152,0.0012721865265956655,0.7427048391625598,0.0,0.0
115,Device,Transpose,SGD/gradients/AddN_24-1-TransposeNHWCToNCHW-LayoutOptimizer,2,864.256,432.128,864.256,432.128,0.001269178993435865,0.7439740181559956,0.0,0.0
116,Device,Mul,gradient_tape/efficientnetb0/block1a_se_excite/mul/Mul,2,859.136,429.568,859.136,429.568,0.0012616601605363635,0.745235678316532,0.0,0.0
117,Device,Sub,SGD/gradients/sub_48,2,847.872,423.936,847.872,423.936,0.0012451187281574598,0.7464807970446895,0.0,0.0
118,Device,Mul,efficientnetb0/block1a_se_excite/mul,2,847.872,423.936,847.872,423.936,0.0012451187281574598,0.747725915772847,0.0,0.0
119,Device,AddV2,SGD/gradients/add_48,2,846.848,423.424,846.848,423.424,0.0012436149615775596,0.7489695307344245,0.0,0.0
120,Device,Sub,SGD/gradients/sub_47,2,846.848,423.424,846.848,423.424,0.0012436149615775596,0.7502131456960021,0.0,0.0
121,Device,AddV2,SGD/gradients/add_47,2,843.776,421.888,843.776,421.888,0.0012391036618378587,0.7514522493578399,0.0,0.0
122,Device,RealDiv,gradient_tape/efficientnetb0/block1a_se_squeeze/truediv,2,834.56,417.28,834.56,417.28,0.0012255697626187558,0.7526778191204587,0.0,0.0
123,Device,DepthwiseConv2dNativeBackpropFilter,gradient_tape/efficientnetb0/block5a_dwconv/depthwise/DepthwiseConv2dNativeBackpropFilter,2,803.84,401.92,803.84,401.92,0.0011804567652217465,0.7538582758856804,0.0,0.0
124,Device,Conv2D,efficientnetb0/block2b_expand_conv/Conv2D,2,761.856,380.928,761.856,380.928,0.0011188023354458336,0.7549770782211263,0.0,0.0
125,Device,FusedBatchNormGradV3,gradient_tape/efficientnetb0/block5c_expand_bn/FusedBatchNormGradV3,2,761.856,380.928,761.856,380.928,0.0011188023354458336,0.7560958805565721,0.0,0.0
126,Device,FusedBatchNormGradV3,gradient_tape/efficientnetb0/block5b_bn/FusedBatchNormGradV3,2,760.832,380.416,760.832,380.416,0.0011172985688659332,0.757213179125438,0.0,0.0
127,Device,FusedBatchNormGradV3,gradient_tape/efficientnetb0/block5c_bn/FusedBatchNormGradV3,2,760.832,380.416,760.832,380.416,0.0011172985688659332,0.7583304776943038,0.0,0.0
128,Device,FusedBatchNormGradV3,gradient_tape/efficientnetb0/block6a_expand_bn/FusedBatchNormGradV3,2,759.808,379.904,759.808,379.904,0.001115794802286033,0.7594462724965899,0.0,0.0
129,Device,Conv2D,efficientnetb0/block3a_expand_conv/Conv2D,2,757.76,378.88,757.76,378.88,0.0011127872691262324,0.7605590597657161,0.0,0.0
130,Device,FusedBatchNormGradV3,gradient_tape/efficientnetb0/block5b_expand_bn/FusedBatchNormGradV3,2,757.76,378.88,757.76,378.88,0.0011127872691262324,0.7616718470348424,0.0,0.0
131,Device,Conv2DBackpropInput,gradient_tape/efficientnetb0/block2b_project_conv/Conv2D/Conv2DBackpropInput,2,754.688,377.344,754.688,377.344,0.0011082759693865315,0.7627801230042289,0.0,0.0
132,Device,Conv2DBackpropInput,gradient_tape/efficientnetb0/block2b_expand_conv/Conv2D/Conv2DBackpropInput,2,724.992,362.496,724.992,362.496,0.0010646667385694223,0.7638447897427983,0.0,0.0
133,Device,Conv2DBackpropInput,gradient_tape/efficientnetb0/block3a_expand_conv/Conv2D/Conv2DBackpropInput,2,721.92,360.96,721.92,360.96,0.0010601554388297214,0.7649049451816281,0.0,0.0
134,Device,Conv2DBackpropFilter,gradient_tape/efficientnetb0/block3b_project_conv/Conv2D/Conv2DBackpropFilter,2,708.608,354.304,708.608,354.304,0.0010406064732910172,0.7659455516549192,0.0,0.0
135,Device,DepthwiseConv2dNativeBackpropInput,gradient_tape/efficientnetb0/block5a_dwconv/depthwise/DepthwiseConv2dNativeBackpropInput,2,679.936,339.968,679.936,339.968,0.0009985010090538084,0.766944052663973,0.0,0.0
136,Device,DepthwiseConv2dNative,efficientnetb0/block3b_dwconv/depthwise,2,678.911,339.4555,678.911,339.4555,0.0009969957739518573,0.7679410484379249,0.0,0.0
137,Device,DepthwiseConv2dNativeBackpropInput,gradient_tape/efficientnetb0/block6a_dwconv/depthwise/DepthwiseConv2dNativeBackpropInput,2,668.672,334.336,668.672,334.336,0.000981959576674905,0.7689230080145998,0.0,0.0
138,Device,Conv2DBackpropInput,gradient_tape/efficientnetb0/block1a_project_conv/Conv2D/Conv2DBackpropInput,2,666.624,333.312,666.624,333.312,0.0009789520435151044,0.7699019600581148,0.0,0.0
139,Device,Transpose,efficientnetb0/block2a_activation/mul-0-3-TransposeNCHWToNHWC-LayoutOptimizer,2,660.48,330.24,660.48,330.24,0.0009699294440357025,0.7708718895021506,0.0,0.0
140,Device,Sigmoid,SGD/gradients/Sigmoid_44,2,659.456,329.728,659.456,329.728,0.0009684256774558023,0.7718403151796064,0.0,0.0
141,Device,Conv2D,efficientnetb0/block1a_project_conv/Conv2D,2,659.456,329.728,659.456,329.728,0.0009684256774558023,0.7728087408570622,0.0,0.0
142,Device,Sigmoid,efficientnetb0/block2a_activation/Sigmoid,2,658.432,329.216,658.432,329.216,0.0009669219108759019,0.7737756627679381,0.0,0.0
143,Device,Transpose,SGD/gradients/AddN_23-1-TransposeNHWCToNCHW-LayoutOptimizer,2,656.384,328.192,656.384,328.192,0.0009639143777161013,0.7747395771456542,0.0,0.0
144,Device,Conv2DBackpropFilter,gradient_tape/efficientnetb0/block3b_expand_conv/Conv2D/Conv2DBackpropFilter,2,650.24,325.12,650.24,325.12,0.0009548917782366994,0.7756944689238909,0.0,0.0
145,Device,Mul,gradient_tape/efficientnetb0/block2a_se_excite/mul/Mul,2,649.216,324.608,649.216,324.608,0.0009533880116567991,0.7766478569355477,0.0,0.0
146,Device,FusedBatchNormV3,efficientnetb0/block3b_expand_bn/FusedBatchNormV3,4,645.12,161.28,645.12,161.28,0.0009473729453371978,0.7775952298808849,0.0,0.0
147,Device,FusedBatchNormV3,efficientnetb0/block4a_expand_bn/FusedBatchNormV3,4,644.096,161.024,644.096,161.024,0.0009458691787572975,0.7785410990596422,0.0,0.0
148,Device,FusedBatchNormGradV3,gradient_tape/efficientnetb0/block3a_bn/FusedBatchNormGradV3,2,643.072,321.536,643.072,321.536,0.0009443654121773972,0.7794854644718195,0.0,0.0
149,Device,Conv2DBackpropFilter,gradient_tape/efficientnetb0/block4a_expand_conv/Conv2D/Conv2DBackpropFilter,2,643.072,321.536,643.072,321.536,0.0009443654121773972,0.7804298298839969,0.0,0.0
150,Device,FusedBatchNormV3,efficientnetb0/block3b_bn/FusedBatchNormV3,4,642.048,160.512,642.048,160.512,0.0009428616455974968,0.7813726915295944,0.0,0.0
151,Device,Conv2D,efficientnetb0/stem_conv/Conv2D,2,636.928,318.464,636.928,318.464,0.0009353428126979953,0.7823080343422925,0.0,0.0
152,Device,Sub,SGD/gradients/sub_44,2,635.904,317.952,635.904,317.952,0.000933839046118095,0.7832418733884106,0.0,0.0
153,Device,Mul,efficientnetb0/block2a_se_excite/mul,2,635.904,317.952,635.904,317.952,0.000933839046118095,0.7841757124345287,0.0,0.0
154,Device,AddV2,SGD/gradients/add_44,2,633.856,316.928,633.856,316.928,0.0009308315129582943,0.7851065439474869,0.0,0.0
155,Device,RealDiv,gradient_tape/efficientnetb0/block2a_se_squeeze/truediv,2,629.76,314.88,629.76,314.88,0.0009248164466386931,0.7860313603941256,0.0,0.0
156,Device,DepthwiseConv2dNativeBackpropInput,gradient_tape/efficientnetb0/block4a_dwconv/depthwise/DepthwiseConv2dNativeBackpropInput,2,626.688,313.344,626.688,313.344,0.0009203051468989922,0.7869516655410246,0.0,0.0
157,Device,AddN,SGD/gradients/AddN_18,2,614.4,307.2,614.4,307.2,0.0009022599479401883,0.7878539254889648,0.0,0.0
158,Device,Mul,SGD/gradients/mul_99,2,598.016,299.008,598.016,299.008,0.0008781996826617833,0.7887321251716266,0.0,0.0
159,Device,FusedBatchNormGradV3,gradient_tape/efficientnetb0/block2a_project_bn/FusedBatchNormGradV3,2,598.016,299.008,598.016,299.008,0.0008781996826617833,0.7896103248542884,0.0,0.0
160,Device,FusedBatchNormGradV3,gradient_tape/efficientnetb0/block2b_project_bn/FusedBatchNormGradV3,2,596.992,298.496,596.992,298.496,0.000876695916081883,0.7904870207703703,0.0,0.0
161,Device,Mul,SGD/gradients/mul_106,2,594.944,297.472,594.944,297.472,0.0008736883829220823,0.7913607091532924,0.0,0.0
162,Device,Mul,SGD/gradients/mul_101,2,593.92,296.96,593.92,296.96,0.0008721846163421821,0.7922328937696346,0.0,0.0
163,Device,Mul,SGD/gradients/mul_108,2,593.92,296.96,593.92,296.96,0.0008721846163421821,0.7931050783859768,0.0,0.0
164,Device,Mul,efficientnetb0/block3b_activation/mul,2,592.896,296.448,592.896,296.448,0.0008706808497622817,0.793975759235739,0.0,0.0
165,Device,Mul,efficientnetb0/block3b_expand_activation/mul,2,592.896,296.448,592.896,296.448,0.0008706808497622817,0.7948464400855013,0.0,0.0
166,Device,Mul,SGD/gradients/mul_100,2,591.872,295.936,591.872,295.936,0.0008691770831823814,0.7957156171686837,0.0,0.0
167,Device,Mul,SGD/gradients/mul_105,2,591.872,295.936,591.872,295.936,0.0008691770831823814,0.796584794251866,0.0,0.0
168,Device,Mul,SGD/gradients/mul_107,2,591.872,295.936,591.872,295.936,0.0008691770831823814,0.7974539713350484,0.0,0.0
169,Device,Mul,SGD/gradients/mul_110,2,591.872,295.936,591.872,295.936,0.0008691770831823814,0.7983231484182307,0.0,0.0
170,Device,Mul,SGD/gradients/mul_109,2,590.848,295.424,590.848,295.424,0.0008676733166024811,0.7991908217348332,0.0,0.0
171,Device,Mul,efficientnetb0/block4a_expand_activation/mul,2,590.848,295.424,590.848,295.424,0.0008676733166024811,0.8000584950514358,0.0,0.0
172,Device,Mul,gradient_tape/efficientnetb0/block3b_se_excite/mul/Mul_1,2,589.824,294.912,589.824,294.912,0.0008661695500225808,0.8009246646014584,0.0,0.0
173,Device,Conv2D,efficientnetb0/block2b_project_conv/Conv2D,2,584.704,292.352,584.704,292.352,0.0008586507171230792,0.8017833153185815,0.0,0.0
174,Device,FusedBatchNormGradV3,gradient_tape/efficientnetb0/block4c_bn/FusedBatchNormGradV3,2,551.936,275.968,551.936,275.968,0.0008105301865662693,0.8025938455051478,0.0,0.0
175,Device,FusedBatchNormGradV3,gradient_tape/efficientnetb0/block4c_expand_bn/FusedBatchNormGradV3,2,548.864,274.432,548.864,274.432,0.0008060188868265684,0.8033998643919743,0.0,0.0
176,Device,FusedBatchNormGradV3,gradient_tape/efficientnetb0/block5a_bn/FusedBatchNormGradV3,2,547.84,273.92,547.84,273.92,0.000804515120246668,0.804204379512221,0.0,0.0
177,Device,FusedBatchNormGradV3,gradient_tape/efficientnetb0/block5a_expand_bn/FusedBatchNormGradV3,2,547.84,273.92,547.84,273.92,0.000804515120246668,0.8050088946324677,0.0,0.0
178,Device,FusedBatchNormGradV3,gradient_tape/efficientnetb0/block4b_expand_bn/FusedBatchNormGradV3,2,546.816,273.408,546.816,273.408,0.0008030113536667677,0.8058119059861345,0.0,0.0
179,Device,FusedBatchNormGradV3,gradient_tape/efficientnetb0/block4b_bn/FusedBatchNormGradV3,2,545.792,272.896,545.792,272.896,0.0008015075870868674,0.8066134135732214,0.0,0.0
180,Device,Conv2DBackpropFilter,gradient_tape/efficientnetb0/block7a_project_conv/Conv2D/Conv2DBackpropFilter,4,526.336,131.584,526.336,131.584,0.0007729360220687614,0.8073863495952901,0.0,0.0
181,Device,Conv2DBackpropInput,gradient_tape/efficientnetb0/block2a_project_conv/Conv2D/Conv2DBackpropInput,2,510.976,255.488,510.976,255.488,0.0007503795233702567,0.8081367291186603,0.0,0.0
182,Device,DepthwiseConv2dNative,efficientnetb0/block5c_dwconv/depthwise,2,486.4,243.2,486.4,243.2,0.0007142891254526491,0.808851018244113,0.0,0.0
183,Device,DepthwiseConv2dNative,efficientnetb0/block5b_dwconv/depthwise,2,484.352,242.176,484.352,242.176,0.0007112815922928485,0.8095622998364058,0.0,0.0
184,Device,BroadcastTo,gradient_tape/efficientnetb0/block2b_se_squeeze/BroadcastTo,2,484.352,242.176,484.352,242.176,0.0007112815922928485,0.8102735814286987,0.0,0.0
185,Device,Mean,efficientnetb0/block2b_se_squeeze/Mean,2,466.944,233.472,466.944,233.472,0.0006857175604345432,0.8109592989891332,0.0,0.0
186,Device,Sum,gradient_tape/efficientnetb0/block2b_se_excite/mul/Sum_1,2,466.944,233.472,466.944,233.472,0.0006857175604345432,0.8116450165495678,0.0,0.0
187,Device,Slice,gradient_tape/efficientnetb0/block4a_dwconv_pad/Slice_1,2,460.8,230.4,460.8,230.4,0.0006766949609551413,0.8123217115105229,0.0,0.0
188,Device,FusedBatchNormV3,efficientnetb0/block6a_expand_bn/FusedBatchNormV3,4,458.752,114.688,458.752,114.688,0.0006736874277953407,0.8129953989383183,0.0,0.0
189,Device,Pad,efficientnetb0/block4a_dwconv_pad/Pad,2,456.704,228.352,456.704,228.352,0.00067067989463554,0.8136660788329538,0.0,0.0
190,Device,FusedBatchNormV3,efficientnetb0/block5b_bn/FusedBatchNormV3,4,456.704,114.176,456.704,114.176,0.00067067989463554,0.8143367587275894,0.0,0.0
191,Device,FusedBatchNormV3,efficientnetb0/block5c_bn/FusedBatchNormV3,4,456.704,114.176,456.704,114.176,0.00067067989463554,0.8150074386222249,0.0,0.0
192,Device,FusedBatchNormV3,efficientnetb0/block5c_expand_bn/FusedBatchNormV3,4,456.704,114.176,456.704,114.176,0.00067067989463554,0.8156781185168605,0.0,0.0
193,Device,FusedBatchNormV3,efficientnetb0/block5b_expand_bn/FusedBatchNormV3,4,455.68,113.92,455.68,113.92,0.0006691761280556397,0.8163472946449161,0.0,0.0
194,Device,Conv2DBackpropFilter,gradient_tape/efficientnetb0/top_conv/Conv2D/Conv2DBackpropFilter,4,453.632,113.408,453.632,113.408,0.000666168594895839,0.8170134632398119,0.0,0.0
195,Device,Conv2DBackpropFilter,gradient_tape/efficientnetb0/block5c_expand_conv/Conv2D/Conv2DBackpropFilter,2,445.44,222.72,445.44,222.72,0.0006541384622566366,0.8176676017020685,0.0,0.0
196,Device,Conv2DBackpropFilter,gradient_tape/efficientnetb0/block6a_expand_conv/Conv2D/Conv2DBackpropFilter,2,443.392,221.696,443.392,221.696,0.0006511309290968359,0.8183187326311654,0.0,0.0
197,Device,Conv2DBackpropFilter,gradient_tape/efficientnetb0/block5b_expand_conv/Conv2D/Conv2DBackpropFilter,2,438.272,219.136,438.272,219.136,0.0006436120961973344,0.8189623447273627,0.0,0.0
198,Device,AddN,SGD/gradients/AddN_10,2,432.128,216.064,432.128,216.064,0.0006345894967179325,0.8195969342240806,0.0,0.0
199,Device,Conv2D,efficientnetb0/block2a_project_conv/Conv2D,2,432.128,216.064,432.128,216.064,0.0006345894967179325,0.8202315237207985,0.0,0.0
200,Device,DepthwiseConv2dNativeBackpropInput,gradient_tape/efficientnetb0/block6d_dwconv/depthwise/DepthwiseConv2dNativeBackpropInput,2,430.08,215.04,430.08,215.04,0.0006315819635581318,0.8208631056843567,0.0,0.0
201,Device,DepthwiseConv2dNativeBackpropInput,gradient_tape/efficientnetb0/block6b_dwconv/depthwise/DepthwiseConv2dNativeBackpropInput,2,429.056,214.528,429.056,214.528,0.0006300781969782315,0.821493183881335,0.0,0.0
202,Device,DepthwiseConv2dNativeBackpropInput,gradient_tape/efficientnetb0/block6c_dwconv/depthwise/DepthwiseConv2dNativeBackpropInput,2,429.056,214.528,429.056,214.528,0.0006300781969782315,0.8221232620783132,0.0,0.0
203,Device,AddN,SGD/gradients/AddN_8,2,428.032,214.016,428.032,214.016,0.0006285744303983312,0.8227518365087115,0.0,0.0
204,Device,BroadcastTo,gradient_tape/efficientnetb0/block1a_se_squeeze/BroadcastTo,2,424.96,212.48,424.96,212.48,0.0006240631306586303,0.8233758996393702,0.0,0.0
205,Device,Conv2DBackpropFilter,gradient_tape/efficientnetb0/block3a_project_conv/Conv2D/Conv2DBackpropFilter,2,422.912,211.456,422.912,211.456,0.0006210555974988296,0.823996955236869,0.0,0.0
206,Device,Mul,efficientnetb0/block6a_expand_activation/mul,2,421.888,210.944,421.888,210.944,0.0006195518309189293,0.8246165070677879,0.0,0.0
207,Device,Mul,SGD/gradients/mul_60,2,419.84,209.92,419.84,209.92,0.0006165442977591287,0.825233051365547,0.0,0.0
208,Device,Mean,efficientnetb0/block1a_se_squeeze/Mean,2,419.84,209.92,419.84,209.92,0.0006165442977591287,0.8258495956633062,0.0,0.0
209,Device,Sum,gradient_tape/efficientnetb0/block1a_se_excite/mul/Sum_1,2,419.84,209.92,419.84,209.92,0.0006165442977591287,0.8264661399610653,0.0,0.0
210,Device,Mul,gradient_tape/efficientnetb0/block5b_se_excite/mul/Mul_1,2,419.84,209.92,419.84,209.92,0.0006165442977591287,0.8270826842588245,0.0,0.0
211,Device,Mul,SGD/gradients/mul_46,2,417.792,208.896,417.792,208.896,0.0006135367645993281,0.8276962210234238,0.0,0.0
212,Device,Mul,SGD/gradients/mul_52,2,417.792,208.896,417.792,208.896,0.0006135367645993281,0.8283097577880231,0.0,0.0
213,Device,Mul,SGD/gradients/mul_54,2,417.792,208.896,417.792,208.896,0.0006135367645993281,0.8289232945526224,0.0,0.0
214,Device,Mul,SGD/gradients/mul_55,2,417.792,208.896,417.792,208.896,0.0006135367645993281,0.8295368313172217,0.0,0.0
215,Device,Mul,SGD/gradients/mul_64,2,417.792,208.896,417.792,208.896,0.0006135367645993281,0.830150368081821,0.0,0.0
216,Device,Mul,gradient_tape/efficientnetb0/block5c_se_excite/mul/Mul_1,2,417.792,208.896,417.792,208.896,0.0006135367645993281,0.8307639048464203,0.0,0.0
217,Device,Mul,SGD/gradients/mul_45,2,416.768,208.384,416.768,208.384,0.0006120329980194277,0.8313759378444396,0.0,0.0
218,Device,Mul,SGD/gradients/mul_51,2,416.768,208.384,416.768,208.384,0.0006120329980194277,0.831987970842459,0.0,0.0
219,Device,Mul,SGD/gradients/mul_53,2,416.768,208.384,416.768,208.384,0.0006120329980194277,0.8326000038404784,0.0,0.0
220,Device,Mul,SGD/gradients/mul_56,2,416.768,208.384,416.768,208.384,0.0006120329980194277,0.8332120368384978,0.0,0.0
221,Device,Mul,SGD/gradients/mul_61,2,416.768,208.384,416.768,208.384,0.0006120329980194277,0.8338240698365171,0.0,0.0
222,Device,Mul,SGD/gradients/mul_62,2,416.768,208.384,416.768,208.384,0.0006120329980194277,0.8344361028345365,0.0,0.0
223,Device,Transpose,SGD/gradients/AddN_18-1-TransposeNHWCToNCHW-LayoutOptimizer,2,415.744,207.872,415.744,207.872,0.0006105292314395275,0.8350466320659761,0.0,0.0
224,Device,Sigmoid,SGD/gradients/Sigmoid_33,2,415.744,207.872,415.744,207.872,0.0006105292314395275,0.8356571612974156,0.0,0.0
225,Device,Mul,SGD/gradients/mul_47,2,415.744,207.872,415.744,207.872,0.0006105292314395275,0.8362676905288552,0.0,0.0
226,Device,Mul,SGD/gradients/mul_63,2,415.744,207.872,415.744,207.872,0.0006105292314395275,0.8368782197602948,0.0,0.0
227,Device,Mul,SGD/gradients/mul_65,2,415.744,207.872,415.744,207.872,0.0006105292314395275,0.8374887489917343,0.0,0.0
228,Device,Transpose,efficientnetb0/block3b_activation/mul-0-3-TransposeNCHWToNHWC-LayoutOptimizer,2,415.744,207.872,415.744,207.872,0.0006105292314395275,0.8380992782231739,0.0,0.0
229,Device,Mul,efficientnetb0/block5b_expand_activation/mul,2,415.744,207.872,415.744,207.872,0.0006105292314395275,0.8387098074546134,0.0,0.0
230,Device,Mul,efficientnetb0/block5c_expand_activation/mul,2,415.744,207.872,415.744,207.872,0.0006105292314395275,0.839320336686053,0.0,0.0
231,Device,Mul,efficientnetb0/block5b_activation/mul,2,414.72,207.36,414.72,207.36,0.0006090254648596272,0.8399293621509126,0.0,0.0
232,Device,Mul,efficientnetb0/block5c_activation/mul,2,414.72,207.36,414.72,207.36,0.0006090254648596272,0.8405383876157723,0.0,0.0
233,Device,Sigmoid,SGD/gradients/Sigmoid_35,2,413.696,206.848,413.696,206.848,0.0006075216982797269,0.841145909314052,0.0,0.0
234,Device,Sigmoid,efficientnetb0/block3b_activation/Sigmoid,2,413.696,206.848,413.696,206.848,0.0006075216982797269,0.8417534310123317,0.0,0.0
235,Device,Sigmoid,efficientnetb0/block3b_expand_activation/Sigmoid,2,413.696,206.848,413.696,206.848,0.0006075216982797269,0.8423609527106114,0.0,0.0
236,Device,Sigmoid,efficientnetb0/block4a_expand_activation/Sigmoid,2,413.696,206.848,413.696,206.848,0.0006075216982797269,0.8429684744088911,0.0,0.0
237,Device,Conv2DBackpropFilter,gradient_tape/efficientnetb0/block6d_project_conv/Conv2D/Conv2DBackpropFilter,2,412.672,206.336,412.672,206.336,0.0006060179316998266,0.8435744923405909,0.0,0.0
238,Device,Sigmoid,SGD/gradients/Sigmoid_36,2,411.648,205.824,411.648,205.824,0.0006045141651199262,0.8441790065057109,0.0,0.0
239,Device,Mul,gradient_tape/efficientnetb0/block3b_se_excite/mul/Mul,2,409.6,204.8,409.6,204.8,0.0006015066319601256,0.844780513137671,0.0,0.0
240,Device,Conv2DBackpropFilter,gradient_tape/efficientnetb0/block5b_project_conv/Conv2D/Conv2DBackpropFilter,2,409.6,204.8,409.6,204.8,0.0006015066319601256,0.8453820197696311,0.0,0.0
241,Device,Conv2DBackpropFilter,gradient_tape/efficientnetb0/block5c_project_conv/Conv2D/Conv2DBackpropFilter,2,409.6,204.8,409.6,204.8,0.0006015066319601256,0.8459835264015912,0.0,0.0
242,Device,Conv2DBackpropFilter,gradient_tape/efficientnetb0/block6b_project_conv/Conv2D/Conv2DBackpropFilter,2,407.552,203.776,407.552,203.776,0.000598499098800325,0.8465820255003915,0.0,0.0
243,Device,Conv2DBackpropFilter,gradient_tape/efficientnetb0/block6c_project_conv/Conv2D/Conv2DBackpropFilter,2,405.504,202.752,405.504,202.752,0.0005954915656405244,0.8471775170660321,0.0,0.0
244,Device,Pad,efficientnetb0/block6a_dwconv_pad/Pad,2,403.456,201.728,403.456,201.728,0.0005924840324807237,0.8477700010985127,0.0,0.0
245,Device,AddV2,SGD/gradients/add_36,2,401.408,200.704,401.408,200.704,0.0005894764993209231,0.8483594775978337,0.0,0.0
246,Device,AddV2,SGD/gradients/add_33,2,400.384,200.192,400.384,200.192,0.0005879727327410228,0.8489474503305747,0.0,0.0
247,Device,AddV2,SGD/gradients/add_35,2,400.384,200.192,400.384,200.192,0.0005879727327410228,0.8495354230633158,0.0,0.0
248,Device,Sub,SGD/gradients/sub_33,2,399.36,199.68,399.36,199.68,0.0005864689661611225,0.8501218920294769,0.0,0.0
249,Device,Sub,SGD/gradients/sub_35,2,399.36,199.68,399.36,199.68,0.0005864689661611225,0.850708360995638,0.0,0.0
250,Device,Sub,SGD/gradients/sub_36,2,399.36,199.68,399.36,199.68,0.0005864689661611225,0.8512948299617991,0.0,0.0
251,Device,Mul,efficientnetb0/block3b_se_excite/mul,2,399.36,199.68,399.36,199.68,0.0005864689661611225,0.8518812989279602,0.0,0.0
252,Device,RealDiv,gradient_tape/efficientnetb0/block3b_se_squeeze/truediv,2,395.264,197.632,395.264,197.632,0.0005804538998415212,0.8524617528278017,0.0,0.0
253,Device,FusedBatchNormV3,efficientnetb0/block3a_bn/FusedBatchNormV3,4,389.12,97.28,389.12,97.28,0.0005714313003621194,0.8530331841281638,0.0,0.0
254,Device,DepthwiseConv2dNativeBackpropFilter,gradient_tape/efficientnetb0/block6b_dwconv/depthwise/DepthwiseConv2dNativeBackpropFilter,2,389.12,194.56,389.12,194.56,0.0005714313003621194,0.8536046154285258,0.0,0.0
255,Device,DepthwiseConv2dNativeBackpropFilter,gradient_tape/efficientnetb0/block6c_dwconv/depthwise/DepthwiseConv2dNativeBackpropFilter,2,389.12,194.56,389.12,194.56,0.0005714313003621194,0.8541760467288879,0.0,0.0
256,Device,DepthwiseConv2dNativeBackpropInput,gradient_tape/efficientnetb0/block4b_dwconv/depthwise/DepthwiseConv2dNativeBackpropInput,2,386.048,193.024,386.048,193.024,0.0005669200006224184,0.8547429667295103,0.0,0.0
257,Device,DepthwiseConv2dNativeBackpropFilter,gradient_tape/efficientnetb0/block6d_dwconv/depthwise/DepthwiseConv2dNativeBackpropFilter,2,386.048,193.024,386.048,193.024,0.0005669200006224184,0.8553098867301328,0.0,0.0
258,Device,DepthwiseConv2dNativeBackpropInput,gradient_tape/efficientnetb0/block4c_dwconv/depthwise/DepthwiseConv2dNativeBackpropInput,2,384.0,192.0,384.0,192.0,0.0005639124674626177,0.8558737991975953,0.0,0.0
259,Device,DepthwiseConv2dNativeBackpropFilter,gradient_tape/efficientnetb0/block4c_dwconv/depthwise/DepthwiseConv2dNativeBackpropFilter,2,375.808,187.904,375.808,187.904,0.0005518823348234153,0.8564256815324187,0.0,0.0
260,Device,Conv2D,efficientnetb0/top_conv/Conv2D,2,373.76,186.88,373.76,186.88,0.0005488748016636146,0.8569745563340824,0.0,0.0
261,Device,DepthwiseConv2dNativeBackpropFilter,gradient_tape/efficientnetb0/block4b_dwconv/depthwise/DepthwiseConv2dNativeBackpropFilter,2,372.736,186.368,372.736,186.368,0.0005473710350837143,0.8575219273691661,0.0,0.0
262,Device,Transpose,gradient_tape/efficientnetb0/stem_conv/Conv2D/Conv2DBackpropFilter-0-TransposeNHWCToNCHW-LayoutOptimizer,2,371.712,185.856,371.712,185.856,0.0005458672685038139,0.8580677946376699,0.0,0.0
263,Device,Conv2DBackpropInput,gradient_tape/efficientnetb0/top_conv/Conv2D/Conv2DBackpropInput,2,369.664,184.832,369.664,184.832,0.0005428597353440134,0.8586106543730139,0.0,0.0
264,Device,AddN,SGD/gradients/AddN_20,2,368.64,184.32,368.64,184.32,0.000541355968764113,0.859152010341778,0.0,0.0
265,Device,DepthwiseConv2dNative,efficientnetb0/block6a_dwconv/depthwise,2,368.64,184.32,368.64,184.32,0.000541355968764113,0.8596933663105422,0.0,0.0
266,Device,Conv2DBackpropInput,gradient_tape/efficientnetb0/block3b_project_conv/Conv2D/Conv2DBackpropInput,2,365.568,182.784,365.568,182.784,0.000536844669024412,0.8602302109795665,0.0,0.0
267,Device,Conv2D,efficientnetb0/block3b_expand_conv/Conv2D,2,360.448,180.224,360.448,180.224,0.0005293258361249105,0.8607595368156914,0.0,0.0
268,Device,Mul,SGD/gradients/mul_114,2,359.424,179.712,359.424,179.712,0.0005278220695450102,0.8612873588852364,0.0,0.0
269,Device,Mul,SGD/gradients/mul_115,2,359.424,179.712,359.424,179.712,0.0005278220695450102,0.8618151809547815,0.0,0.0
270,Device,Mul,SGD/gradients/mul_116,2,359.424,179.712,359.424,179.712,0.0005278220695450102,0.8623430030243265,0.0,0.0
271,Device,Conv2D,efficientnetb0/block5c_expand_conv/Conv2D,2,359.424,179.712,359.424,179.712,0.0005278220695450102,0.8628708250938716,0.0,0.0
272,Device,Mul,gradient_tape/efficientnetb0/block3a_se_excite/mul/Mul_1,2,359.424,179.712,359.424,179.712,0.0005278220695450102,0.8633986471634166,0.0,0.0
273,Device,SoftmaxCrossEntropyWithLogits,categorical_crossentropy/softmax_cross_entropy_with_logits,6,358.4,59.73333333333333,358.4,59.73333333333333,0.0005263183029651098,0.8639249654663818,0.0,0.0
274,Device,Conv2D,efficientnetb0/block6a_expand_conv/Conv2D,2,358.4,179.2,358.4,179.2,0.0005263183029651098,0.8644512837693469,0.0,0.0
275,Device,Mul,efficientnetb0/block3a_activation/mul,2,357.376,178.688,357.376,178.688,0.0005248145363852095,0.8649760983057321,0.0,0.0
276,Device,Pad,efficientnetb0/stem_conv_pad/Pad,2,355.328,177.664,355.328,177.664,0.0005218070032254089,0.8654979053089575,0.0,0.0
277,Device,Conv2DBackpropInput,gradient_tape/efficientnetb0/block5b_project_conv/Conv2D/Conv2DBackpropInput,2,355.328,177.664,355.328,177.664,0.0005218070032254089,0.866019712312183,0.0,0.0
278,Device,Conv2D,efficientnetb0/block4a_expand_conv/Conv2D,2,354.304,177.152,354.304,177.152,0.0005203032366455086,0.8665400155488285,0.0,0.0
279,Device,Conv2D,efficientnetb0/block5b_expand_conv/Conv2D,2,353.28,176.64,353.28,176.64,0.0005187994700656083,0.8670588150188941,0.0,0.0
280,Device,Conv2DBackpropFilter,gradient_tape/efficientnetb0/block5a_project_conv/Conv2D/Conv2DBackpropFilter,2,353.28,176.64,353.28,176.64,0.0005187994700656083,0.8675776144889598,0.0,0.0
281,Device,Conv2DBackpropInput,gradient_tape/efficientnetb0/block5c_project_conv/Conv2D/Conv2DBackpropInput,2,353.28,176.64,353.28,176.64,0.0005187994700656083,0.8680964139590254,0.0,0.0
282,Device,Slice,gradient_tape/efficientnetb0/block6a_dwconv_pad/Slice_1,2,353.28,176.64,353.28,176.64,0.0005187994700656083,0.868615213429091,0.0,0.0
283,Device,Conv2DBackpropFilter,gradient_tape/efficientnetb0/block6d_expand_conv/Conv2D/Conv2DBackpropFilter,4,351.232,87.808,351.232,87.808,0.0005157919369058077,0.8691310053659967,0.0,0.0
284,Device,Conv2DBackpropFilter,gradient_tape/efficientnetb0/block6c_expand_conv/Conv2D/Conv2DBackpropFilter,4,350.208,87.552,350.208,87.552,0.0005142881703259075,0.8696452935363227,0.0,0.0
285,Device,Conv2DBackpropFilter,gradient_tape/efficientnetb0/block7a_expand_conv/Conv2D/Conv2DBackpropFilter,4,350.208,87.552,350.208,87.552,0.0005142881703259075,0.8701595817066486,0.0,0.0
286,Device,DepthwiseConv2dNative,efficientnetb0/block5a_dwconv/depthwise,2,349.184,174.592,349.184,174.592,0.0005127844037460071,0.8706723661103947,0.0,0.0
287,Device,Conv2DBackpropFilter,gradient_tape/efficientnetb0/block6b_expand_conv/Conv2D/Conv2DBackpropFilter,4,349.184,87.296,349.184,87.296,0.0005127844037460071,0.8711851505141407,0.0,0.0
288,Device,FusedBatchNormV3,efficientnetb0/block2a_project_bn/FusedBatchNormV3,4,346.112,86.528,346.112,86.528,0.0005082731040063061,0.871693423618147,0.0,0.0
289,Device,FusedBatchNormV3,efficientnetb0/block2b_project_bn/FusedBatchNormV3,4,344.064,86.016,344.064,86.016,0.0005052655708465056,0.8721986891889935,0.0,0.0
290,Device,Conv2D,efficientnetb0/block3b_project_conv/Conv2D,2,342.016,171.008,342.016,171.008,0.0005022580376867049,0.8727009472266801,0.0,0.0
291,Device,FusedBatchNormV3,efficientnetb0/block5a_expand_bn/FusedBatchNormV3,4,337.92,84.48,337.92,84.48,0.0004962429713671037,0.8731971901980472,0.0,0.0
292,Device,Conv2D,efficientnetb0/block7a_project_conv/Conv2D,2,336.896,168.448,336.896,168.448,0.0004947392047872034,0.8736919294028344,0.0,0.0
293,Device,Conv2DBackpropFilter,gradient_tape/efficientnetb0/block4b_project_conv/Conv2D/Conv2DBackpropFilter,2,334.848,167.424,334.848,167.424,0.0004917316716274027,0.8741836610744618,0.0,0.0
294,Device,FusedBatchNormV3,efficientnetb0/block4b_expand_bn/FusedBatchNormV3,4,333.824,83.456,333.824,83.456,0.0004902279050475024,0.8746738889795093,0.0,0.0
295,Device,FusedBatchNormV3,efficientnetb0/block4c_bn/FusedBatchNormV3,4,333.824,83.456,333.824,83.456,0.0004902279050475024,0.8751641168845568,0.0,0.0
296,Device,FusedBatchNormV3,efficientnetb0/block4c_expand_bn/FusedBatchNormV3,4,333.824,83.456,333.824,83.456,0.0004902279050475024,0.8756543447896042,0.0,0.0
297,Device,FusedBatchNormV3,efficientnetb0/block5a_bn/FusedBatchNormV3,4,333.824,83.456,333.824,83.456,0.0004902279050475024,0.8761445726946517,0.0,0.0
298,Device,Conv2DBackpropInput,gradient_tape/efficientnetb0/block7a_project_conv/Conv2D/Conv2DBackpropInput,2,332.8,166.4,332.8,166.4,0.000488724138467602,0.8766332968331193,0.0,0.0
299,Device,RealDiv,efficientnetb0/normalization/truediv,2,331.776,165.888,331.776,165.888,0.00048722037188770175,0.877120517205007,0.0,0.0
300,Device,FusedBatchNormV3,efficientnetb0/block4b_bn/FusedBatchNormV3,4,330.752,82.688,330.752,82.688,0.0004857166053078014,0.8776062338103149,0.0,0.0
301,Device,BroadcastTo,gradient_tape/efficientnetb0/block2a_se_squeeze/BroadcastTo,2,326.656,163.328,326.656,163.328,0.0004797015389882002,0.8780859353493031,0.0,0.0
302,Device,Sub,efficientnetb0/normalization/sub,2,323.584,161.792,323.584,161.792,0.0004751902392484992,0.8785611255885516,0.0,0.0
303,Device,Conv2DBackpropFilter,gradient_tape/efficientnetb0/block4c_project_conv/Conv2D/Conv2DBackpropFilter,2,321.536,160.768,321.536,160.768,0.0004721827060886986,0.8790333082946403,0.0,0.0
304,Device,Mean,efficientnetb0/block2a_se_squeeze/Mean,2,319.488,159.744,319.488,159.744,0.00046917517292889793,0.8795024834675692,0.0,0.0
305,Device,Sum,gradient_tape/efficientnetb0/block2a_se_excite/mul/Sum_1,2,319.488,159.744,319.488,159.744,0.00046917517292889793,0.8799716586404981,0.0,0.0
306,Device,DepthwiseConv2dNative,efficientnetb0/block4a_dwconv/depthwise,2,316.416,158.208,316.416,158.208,0.00046466387318919703,0.8804363225136873,0.0,0.0
307,Device,Conv2DBackpropFilter,gradient_tape/efficientnetb0/block4c_expand_conv/Conv2D/Conv2DBackpropFilter,2,313.344,156.672,313.344,156.672,0.0004601525734494961,0.8808964750871368,0.0,0.0
308,Device,AddN,SGD/gradients/AddN_12,2,311.296,155.648,311.296,155.648,0.00045714504028969546,0.8813536201274265,0.0,0.0
309,Device,AddN,SGD/gradients/AddN_15,2,311.296,155.648,311.296,155.648,0.00045714504028969546,0.8818107651677162,0.0,0.0
310,Device,AddN,SGD/gradients/AddN_13,2,310.272,155.136,310.272,155.136,0.00045564127370979513,0.882266406441426,0.0,0.0
311,Device,Mul,efficientnetb0/rescaling/mul,2,309.248,154.624,309.248,154.624,0.0004541375071298948,0.8827205439485558,0.0,0.0
312,Device,Conv2DBackpropFilter,gradient_tape/efficientnetb0/block5a_expand_conv/Conv2D/Conv2DBackpropFilter,2,309.248,154.624,309.248,154.624,0.0004541375071298948,0.8831746814556857,0.0,0.0
313,Device,Conv2DBackpropFilter,gradient_tape/efficientnetb0/block4b_expand_conv/Conv2D/Conv2DBackpropFilter,2,308.224,154.112,308.224,154.112,0.0004526337405499945,0.8836273151962357,0.0,0.0
314,Device,Mul,SGD/gradients/mul_79,2,302.08,151.04,302.08,151.04,0.0004436111410705926,0.8840709263373063,0.0,0.0
315,Device,Mul,SGD/gradients/mul_91,2,302.08,151.04,302.08,151.04,0.0004436111410705926,0.8845145374783769,0.0,0.0
316,Device,Mul,SGD/gradients/mul_92,2,302.08,151.04,302.08,151.04,0.0004436111410705926,0.8849581486194475,0.0,0.0
317,Device,Conv2DBackpropInput,gradient_tape/efficientnetb0/block5b_expand_conv/Conv2D/Conv2DBackpropInput,2,302.08,151.04,302.08,151.04,0.0004436111410705926,0.8854017597605182,0.0,0.0
318,Device,Mul,SGD/gradients/mul_69,2,301.056,150.528,301.056,150.528,0.00044210737449069227,0.8858438671350088,0.0,0.0
319,Device,Mul,SGD/gradients/mul_71,2,301.056,150.528,301.056,150.528,0.00044210737449069227,0.8862859745094995,0.0,0.0
320,Device,Mul,SGD/gradients/mul_72,2,301.056,150.528,301.056,150.528,0.00044210737449069227,0.8867280818839902,0.0,0.0
321,Device,Mul,SGD/gradients/mul_73,2,301.056,150.528,301.056,150.528,0.00044210737449069227,0.8871701892584809,0.0,0.0
322,Device,Mul,SGD/gradients/mul_74,2,301.056,150.528,301.056,150.528,0.00044210737449069227,0.8876122966329716,0.0,0.0
323,Device,Mul,SGD/gradients/mul_81,2,301.056,150.528,301.056,150.528,0.00044210737449069227,0.8880544040074623,0.0,0.0
324,Device,Mul,efficientnetb0/block4b_activation/mul,2,301.056,150.528,301.056,150.528,0.00044210737449069227,0.888496511381953,0.0,0.0
325,Device,Mul,efficientnetb0/block4c_activation/mul,2,301.056,150.528,301.056,150.528,0.00044210737449069227,0.8889386187564436,0.0,0.0
326,Device,Mul,efficientnetb0/block5a_expand_activation/mul,2,301.056,150.528,301.056,150.528,0.00044210737449069227,0.8893807261309343,0.0,0.0
327,Device,Mul,gradient_tape/efficientnetb0/block4b_se_excite/mul/Mul_1,2,301.056,150.528,301.056,150.528,0.00044210737449069227,0.889822833505425,0.0,0.0
328,Device,Conv2DBackpropInput,gradient_tape/efficientnetb0/block5c_expand_conv/Conv2D/Conv2DBackpropInput,2,301.056,150.528,301.056,150.528,0.00044210737449069227,0.8902649408799157,0.0,0.0
329,Device,Mul,SGD/gradients/mul_83,2,300.032,150.016,300.032,150.016,0.000440603607910792,0.8907055444878265,0.0,0.0
330,Device,Mul,SGD/gradients/mul_87,2,300.032,150.016,300.032,150.016,0.000440603607910792,0.8911461480957372,0.0,0.0
331,Device,Mul,SGD/gradients/mul_88,2,300.032,150.016,300.032,150.016,0.000440603607910792,0.891586751703648,0.0,0.0
332,Device,Conv2D,efficientnetb0/block5b_project_conv/Conv2D,2,300.032,150.016,300.032,150.016,0.000440603607910792,0.8920273553115587,0.0,0.0
333,Device,Mul,gradient_tape/efficientnetb0/block5a_se_excite/mul/Mul_1,2,300.032,150.016,300.032,150.016,0.000440603607910792,0.8924679589194695,0.0,0.0
334,Device,Mul,SGD/gradients/mul_70,2,299.008,149.504,299.008,149.504,0.00043909984133089165,0.8929070587608003,0.0,0.0
335,Device,Mul,SGD/gradients/mul_78,2,299.008,149.504,299.008,149.504,0.00043909984133089165,0.8933461586021312,0.0,0.0
336,Device,Mul,SGD/gradients/mul_80,2,299.008,149.504,299.008,149.504,0.00043909984133089165,0.893785258443462,0.0,0.0
337,Device,Mul,SGD/gradients/mul_82,2,299.008,149.504,299.008,149.504,0.00043909984133089165,0.8942243582847929,0.0,0.0
338,Device,Mul,SGD/gradients/mul_90,2,299.008,149.504,299.008,149.504,0.00043909984133089165,0.8946634581261237,0.0,0.0
339,Device,Mul,efficientnetb0/block4c_expand_activation/mul,2,299.008,149.504,299.008,149.504,0.00043909984133089165,0.8951025579674545,0.0,0.0
340,Device,Mul,efficientnetb0/block5a_activation/mul,2,299.008,149.504,299.008,149.504,0.00043909984133089165,0.8955416578087854,0.0,0.0
341,Device,Conv2D,efficientnetb0/block5c_project_conv/Conv2D,2,299.008,149.504,299.008,149.504,0.00043909984133089165,0.8959807576501162,0.0,0.0
342,Device,Mul,gradient_tape/efficientnetb0/block4c_se_excite/mul/Mul_1,2,299.008,149.504,299.008,149.504,0.00043909984133089165,0.896419857491447,0.0,0.0
343,Device,Mul,efficientnetb0/block4b_expand_activation/mul,2,297.984,148.992,297.984,148.992,0.0004375960747509913,0.8968574535661981,0.0,0.0
344,Device,Conv2DBackpropInput,gradient_tape/efficientnetb0/block6a_expand_conv/Conv2D/Conv2DBackpropInput,2,296.96,148.48,296.96,148.48,0.00043609230817109103,0.8972935458743692,0.0,0.0
345,Device,Mul,SGD/gradients/mul_89,2,295.936,147.968,295.936,147.968,0.0004345885415911907,0.8977281344159603,0.0,0.0
346,Device,Transpose,SGD/gradients/AddN_10-1-TransposeNHWCToNCHW-LayoutOptimizer,2,293.888,146.944,293.888,146.944,0.0004315810084313901,0.8981597154243918,0.0,0.0
347,Device,Sigmoid,efficientnetb0/block6a_expand_activation/Sigmoid,2,293.888,146.944,293.888,146.944,0.0004315810084313901,0.8985912964328232,0.0,0.0
348,Device,Transpose,SGD/gradients/AddN_8-1-TransposeNHWCToNCHW-LayoutOptimizer,2,292.864,146.432,292.864,146.432,0.00043007724185148974,0.8990213736746747,0.0,0.0
349,Device,Sigmoid,SGD/gradients/Sigmoid_18,2,292.864,146.432,292.864,146.432,0.00043007724185148974,0.8994514509165262,0.0,0.0
350,Device,Sigmoid,SGD/gradients/Sigmoid_17,2,291.84,145.92,291.84,145.92,0.00042857347527158946,0.8998800243917978,0.0,0.0
351,Device,Sigmoid,efficientnetb0/block5b_activation/Sigmoid,2,291.84,145.92,291.84,145.92,0.00042857347527158946,0.9003085978670694,0.0,0.0
352,Device,Transpose,efficientnetb0/block5b_activation/mul-0-3-TransposeNCHWToNHWC-LayoutOptimizer,2,291.84,145.92,291.84,145.92,0.00042857347527158946,0.900737171342341,0.0,0.0
353,Device,Sigmoid,efficientnetb0/block5b_expand_activation/Sigmoid,2,291.84,145.92,291.84,145.92,0.00042857347527158946,0.9011657448176126,0.0,0.0
354,Device,Sigmoid,efficientnetb0/block5c_activation/Sigmoid,2,291.84,145.92,291.84,145.92,0.00042857347527158946,0.9015943182928842,0.0,0.0
355,Device,Sigmoid,efficientnetb0/block5c_expand_activation/Sigmoid,2,291.84,145.92,291.84,145.92,0.00042857347527158946,0.9020228917681558,0.0,0.0
356,Device,Sigmoid,SGD/gradients/Sigmoid_15,2,290.816,145.408,290.816,145.408,0.00042706970869168913,0.9024499614768474,0.0,0.0
357,Device,Sigmoid,SGD/gradients/Sigmoid_20,2,290.816,145.408,290.816,145.408,0.00042706970869168913,0.9028770311855391,0.0,0.0
358,Device,Sigmoid,SGD/gradients/Sigmoid_21,2,290.816,145.408,290.816,145.408,0.00042706970869168913,0.9033041008942307,0.0,0.0
359,Device,Transpose,efficientnetb0/block5c_activation/mul-0-3-TransposeNCHWToNHWC-LayoutOptimizer,2,289.792,144.896,289.792,144.896,0.0004255659421117888,0.9037296668363425,0.0,0.0
360,Device,Mul,gradient_tape/efficientnetb0/block5b_se_excite/mul/Mul,2,286.72,143.36,286.72,143.36,0.00042105464237208795,0.9041507214787146,0.0,0.0
361,Device,Mul,gradient_tape/efficientnetb0/block5c_se_excite/mul/Mul,2,286.72,143.36,286.72,143.36,0.00042105464237208795,0.9045717761210866,0.0,0.0
362,Device,AddV2,SGD/gradients/add_15,2,283.648,141.824,283.648,141.824,0.000416543342632387,0.904988319463719,0.0,0.0
363,Device,AddV2,SGD/gradients/add_18,2,283.648,141.824,283.648,141.824,0.000416543342632387,0.9054048628063515,0.0,0.0
364,Device,Mul,efficientnetb0/block5b_se_excite/mul,2,282.624,141.312,282.624,141.312,0.0004150395760524867,0.905819902382404,0.0,0.0
365,Device,Mul,efficientnetb0/block5c_se_excite/mul,2,282.624,141.312,282.624,141.312,0.0004150395760524867,0.9062349419584564,0.0,0.0
366,Device,AddV2,SGD/gradients/add_17,2,281.6,140.8,281.6,140.8,0.0004135358094725864,0.906648477767929,0.0,0.0
367,Device,AddV2,SGD/gradients/add_20,2,281.6,140.8,281.6,140.8,0.0004135358094725864,0.9070620135774016,0.0,0.0
368,Device,AddV2,SGD/gradients/add_21,2,281.6,140.8,281.6,140.8,0.0004135358094725864,0.9074755493868741,0.0,0.0
369,Device,Sub,SGD/gradients/sub_15,2,281.6,140.8,281.6,140.8,0.0004135358094725864,0.9078890851963467,0.0,0.0
370,Device,Sub,SGD/gradients/sub_17,2,281.6,140.8,281.6,140.8,0.0004135358094725864,0.9083026210058193,0.0,0.0
371,Device,Sub,SGD/gradients/sub_18,2,281.6,140.8,281.6,140.8,0.0004135358094725864,0.9087161568152918,0.0,0.0
372,Device,Sub,SGD/gradients/sub_20,2,281.6,140.8,281.6,140.8,0.0004135358094725864,0.9091296926247644,0.0,0.0
373,Device,Sub,SGD/gradients/sub_21,2,280.576,140.288,280.576,140.288,0.00041203204289268604,0.909541724667657,0.0,0.0
374,Device,RealDiv,gradient_tape/efficientnetb0/block5c_se_squeeze/truediv,2,278.528,139.264,278.528,139.264,0.0004090245097328854,0.9099507491773899,0.0,0.0
375,Device,RealDiv,gradient_tape/efficientnetb0/block5b_se_squeeze/truediv,2,277.504,138.752,277.504,138.752,0.00040752074315298514,0.9103582699205429,0.0,0.0
376,Device,FusedBatchNormGradV3,gradient_tape/efficientnetb0/block4a_bn/FusedBatchNormGradV3,2,274.432,137.216,274.432,137.216,0.0004030094434132842,0.9107612793639562,0.0,0.0
377,Device,Conv2DBackpropInput,gradient_tape/efficientnetb0/block6b_expand_conv/Conv2D/Conv2DBackpropInput,2,270.336,135.168,270.336,135.168,0.0003969943770936829,0.91115827374105,0.0,0.0
378,Device,Conv2DBackpropInput,gradient_tape/efficientnetb0/block6c_expand_conv/Conv2D/Conv2DBackpropInput,2,269.312,134.656,269.312,134.656,0.0003954906105137826,0.9115537643515638,0.0,0.0
379,Device,Conv2DBackpropInput,gradient_tape/efficientnetb0/block5a_project_conv/Conv2D/Conv2DBackpropInput,2,268.288,134.144,268.288,134.144,0.0003939868439338823,0.9119477511954976,0.0,0.0
380,Device,Conv2DBackpropInput,gradient_tape/efficientnetb0/block6d_expand_conv/Conv2D/Conv2DBackpropInput,2,268.288,134.144,268.288,134.144,0.0003939868439338823,0.9123417380394315,0.0,0.0
381,Device,Conv2DBackpropInput,gradient_tape/efficientnetb0/block7a_expand_conv/Conv2D/Conv2DBackpropInput,2,267.264,133.632,267.264,133.632,0.00039248307735398195,0.9127342211167855,0.0,0.0
382,Device,Conv2DBackpropInput,gradient_tape/efficientnetb0/block3b_expand_conv/Conv2D/Conv2DBackpropInput,2,261.12,130.56,261.12,130.56,0.0003834604778745801,0.9131176815946601,0.0,0.0
383,Device,Conv2D,efficientnetb0/block6c_project_conv/Conv2D,2,260.096,130.048,260.096,130.048,0.00038195671129467976,0.9134996383059548,0.0,0.0
384,Device,Conv2DBackpropInput,gradient_tape/efficientnetb0/block4a_expand_conv/Conv2D/Conv2DBackpropInput,2,260.096,130.048,260.096,130.048,0.00038195671129467976,0.9138815950172495,0.0,0.0
385,Device,Conv2D,efficientnetb0/block6b_project_conv/Conv2D,2,259.072,129.536,259.072,129.536,0.0003804529447147794,0.9142620479619643,0.0,0.0
386,Device,Conv2D,efficientnetb0/block6d_project_conv/Conv2D,2,258.048,129.024,258.048,129.024,0.00037894917813487914,0.9146409971400992,0.0,0.0
387,Device,Transpose,SGD/gradients/AddN_20-1-TransposeNHWCToNCHW-LayoutOptimizer,2,252.928,126.464,252.928,126.464,0.00037143034523537757,0.9150124274853345,0.0,0.0
388,Device,Transpose,efficientnetb0/block3a_activation/mul-0-3-TransposeNCHWToNHWC-LayoutOptimizer,2,251.904,125.952,251.904,125.952,0.00036992657865547724,0.9153823540639899,0.0,0.0
389,Device,Conv2DBackpropInput,gradient_tape/efficientnetb0/block3a_project_conv/Conv2D/Conv2DBackpropInput,2,249.856,124.928,249.856,124.928,0.0003669190454956766,0.9157492731094856,0.0,0.0
390,Device,Sigmoid,SGD/gradients/Sigmoid_38,2,248.832,124.416,248.832,124.416,0.0003654152789157763,0.9161146883884014,0.0,0.0
391,Device,Sigmoid,efficientnetb0/block3a_activation/Sigmoid,2,248.832,124.416,248.832,124.416,0.0003654152789157763,0.9164801036673171,0.0,0.0
392,Device,Conv2DBackpropInput,gradient_tape/efficientnetb0/block4c_project_conv/Conv2D/Conv2DBackpropInput,2,248.832,124.416,248.832,124.416,0.0003654152789157763,0.9168455189462329,0.0,0.0
393,Device,Mul,gradient_tape/efficientnetb0/block3a_se_excite/mul/Mul,2,247.808,123.904,247.808,123.904,0.00036391151233587595,0.9172094304585687,0.0,0.0
394,Device,AddV2,SGD/gradients/add_38,2,243.712,121.856,243.712,121.856,0.0003578964460162747,0.917567326904585,0.0,0.0
395,Device,Conv2DBackpropInput,gradient_tape/efficientnetb0/block4b_project_conv/Conv2D/Conv2DBackpropInput,2,243.712,121.856,243.712,121.856,0.0003578964460162747,0.9179252233506012,0.0,0.0
396,Device,AddN,SGD/gradients/AddN_22,2,242.688,121.344,242.688,121.344,0.0003563926794363744,0.9182816160300376,0.0,0.0
397,Device,Sub,SGD/gradients/sub_38,2,241.664,120.832,241.664,120.832,0.0003548889128564741,0.9186365049428941,0.0,0.0
398,Device,Mul,efficientnetb0/block3a_se_excite/mul,2,240.64,120.32,240.64,120.32,0.00035338514627657376,0.9189898900891706,0.0,0.0
399,Device,Conv2DBackpropInput,gradient_tape/efficientnetb0/block6d_project_conv/Conv2D/Conv2DBackpropInput,2,240.64,120.32,240.64,120.32,0.00035338514627657376,0.9193432752354472,0.0,0.0
400,Device,AddV2,efficientnetb0/block2b_add/add,2,239.616,119.808,239.616,119.808,0.0003518813796966735,0.9196951566151439,0.0,0.0
401,Device,RealDiv,gradient_tape/efficientnetb0/block3a_se_squeeze/truediv,2,239.616,119.808,239.616,119.808,0.0003518813796966735,0.9200470379948406,0.0,0.0
402,Device,Conv2DBackpropInput,gradient_tape/efficientnetb0/block6c_project_conv/Conv2D/Conv2DBackpropInput,2,238.592,119.296,238.592,119.296,0.0003503776131167732,0.9203974156079573,0.0,0.0
403,Device,FusedBatchNormGradV3,gradient_tape/efficientnetb0/top_bn/FusedBatchNormGradV3,2,238.592,119.296,238.592,119.296,0.0003503776131167732,0.920747793221074,0.0,0.0
404,Device,Conv2DBackpropInput,gradient_tape/efficientnetb0/block6b_project_conv/Conv2D/Conv2DBackpropInput,2,236.544,118.272,236.544,118.272,0.0003473700799569725,0.921095163301031,0.0,0.0
405,Device,Conv2D,efficientnetb0/block4b_expand_conv/Conv2D,2,233.472,116.736,233.472,116.736,0.0003428587802172716,0.9214380220812483,0.0,0.0
406,Device,DepthwiseConv2dNativeBackpropInput,gradient_tape/efficientnetb0/block7a_dwconv/depthwise/DepthwiseConv2dNativeBackpropInput,2,231.424,115.712,231.424,115.712,0.00033985124705747095,0.9217778733283057,0.0,0.0
407,Device,Conv2D,efficientnetb0/block4c_expand_conv/Conv2D,2,227.328,113.664,227.328,113.664,0.0003338361807378697,0.9221117095090436,0.0,0.0
408,Device,Conv2D,efficientnetb0/block5a_project_conv/Conv2D,2,227.328,113.664,227.328,113.664,0.0003338361807378697,0.9224455456897815,0.0,0.0
409,Device,Conv2D,efficientnetb0/block7a_expand_conv/Conv2D,2,227.328,113.664,227.328,113.664,0.0003338361807378697,0.9227793818705194,0.0,0.0
410,Device,Conv2D,efficientnetb0/block5a_expand_conv/Conv2D,2,226.304,113.152,226.304,113.152,0.0003323324141579694,0.9231117142846774,0.0,0.0
411,Device,Mean,efficientnetb0/block3b_se_squeeze/Mean,2,225.28,112.64,225.28,112.64,0.0003308286475780691,0.9234425429322555,0.0,0.0
412,Device,Sum,gradient_tape/efficientnetb0/block3b_se_excite/mul/Sum_1,2,225.28,112.64,225.28,112.64,0.0003308286475780691,0.9237733715798335,0.0,0.0
413,Device,Conv2DBackpropInput,gradient_tape/efficientnetb0/block5a_expand_conv/Conv2D/Conv2DBackpropInput,2,225.28,112.64,225.28,112.64,0.0003308286475780691,0.9241042002274116,0.0,0.0
414,Device,Conv2D,efficientnetb0/block4c_project_conv/Conv2D,2,224.256,112.128,224.256,112.128,0.00032932488099816877,0.9244335251084097,0.0,0.0
415,Device,Conv2DBackpropInput,gradient_tape/efficientnetb0/block4b_expand_conv/Conv2D/Conv2DBackpropInput,2,224.256,112.128,224.256,112.128,0.00032932488099816877,0.9247628499894078,0.0,0.0
416,Device,Conv2DBackpropInput,gradient_tape/efficientnetb0/block4c_expand_conv/Conv2D/Conv2DBackpropInput,2,224.256,112.128,224.256,112.128,0.00032932488099816877,0.925092174870406,0.0,0.0
417,Device,Conv2DBackpropFilter,gradient_tape/efficientnetb0/block6a_project_conv/Conv2D/Conv2DBackpropFilter,4,224.256,56.064,224.256,56.064,0.00032932488099816877,0.9254214997514041,0.0,0.0
418,Device,Conv2D,efficientnetb0/block6b_expand_conv/Conv2D,2,223.232,111.616,223.232,111.616,0.00032782111441826843,0.9257493208658224,0.0,0.0
419,Device,Conv2D,efficientnetb0/block6d_expand_conv/Conv2D,2,223.232,111.616,223.232,111.616,0.00032782111441826843,0.9260771419802407,0.0,0.0
420,Device,Conv2D,efficientnetb0/block4b_project_conv/Conv2D,2,222.208,111.104,222.208,111.104,0.00032631734783836815,0.9264034593280791,0.0,0.0
421,Device,Conv2D,efficientnetb0/block6c_expand_conv/Conv2D,2,221.184,110.592,221.184,110.592,0.0003248135812584678,0.9267282729093376,0.0,0.0
422,Device,DepthwiseConv2dNative,efficientnetb0/block4c_dwconv/depthwise,2,220.16,110.08,220.16,110.08,0.0003233098146785675,0.9270515827240161,0.0,0.0
423,Device,DepthwiseConv2dNative,efficientnetb0/block4b_dwconv/depthwise,2,219.136,109.568,219.136,109.568,0.0003218060480986672,0.9273733887721147,0.0,0.0
424,Device,Conv2D,efficientnetb0/block3a_project_conv/Conv2D,2,212.992,106.496,212.992,106.496,0.0003127834486192653,0.927686172220734,0.0,0.0
425,Device,FusedBatchNormGradV3,gradient_tape/efficientnetb0/block6d_bn/FusedBatchNormGradV3,2,212.992,106.496,212.992,106.496,0.0003127834486192653,0.9279989556693533,0.0,0.0
426,Device,FusedBatchNormGradV3,gradient_tape/efficientnetb0/block6b_bn/FusedBatchNormGradV3,2,211.968,105.984,211.968,105.984,0.00031127968203936495,0.9283102353513927,0.0,0.0
427,Device,FusedBatchNormGradV3,gradient_tape/efficientnetb0/block6d_expand_bn/FusedBatchNormGradV3,2,211.968,105.984,211.968,105.984,0.00031127968203936495,0.928621515033432,0.0,0.0
428,Device,Transpose,SGD/gradients/AddN_12-1-TransposeNHWCToNCHW-LayoutOptimizer,2,210.944,105.472,210.944,105.472,0.00030977591545946467,0.9289312909488915,0.0,0.0
429,Device,Transpose,SGD/gradients/AddN_13-1-TransposeNHWCToNCHW-LayoutOptimizer,2,210.944,105.472,210.944,105.472,0.00030977591545946467,0.9292410668643509,0.0,0.0
430,Device,Transpose,SGD/gradients/AddN_15-1-TransposeNHWCToNCHW-LayoutOptimizer,2,210.944,105.472,210.944,105.472,0.00030977591545946467,0.9295508427798104,0.0,0.0
431,Device,Transpose,efficientnetb0/block5a_activation/mul-0-3-TransposeNCHWToNHWC-LayoutOptimizer,2,210.944,105.472,210.944,105.472,0.00030977591545946467,0.9298606186952698,0.0,0.0
432,Device,FusedBatchNormGradV3,gradient_tape/efficientnetb0/block6b_expand_bn/FusedBatchNormGradV3,2,210.944,105.472,210.944,105.472,0.00030977591545946467,0.9301703946107293,0.0,0.0
433,Device,FusedBatchNormGradV3,gradient_tape/efficientnetb0/block7a_bn/FusedBatchNormGradV3,2,210.944,105.472,210.944,105.472,0.00030977591545946467,0.9304801705261887,0.0,0.0
434,Device,Sigmoid,SGD/gradients/Sigmoid_23,2,209.92,104.96,209.92,104.96,0.00030827214887956434,0.9307884426750682,0.0,0.0
435,Device,Sigmoid,SGD/gradients/Sigmoid_26,2,209.92,104.96,209.92,104.96,0.00030827214887956434,0.9310967148239477,0.0,0.0
436,Device,Sigmoid,efficientnetb0/block4c_activation/Sigmoid,2,209.92,104.96,209.92,104.96,0.00030827214887956434,0.9314049869728273,0.0,0.0
437,Device,Transpose,efficientnetb0/block4c_activation/mul-0-3-TransposeNCHWToNHWC-LayoutOptimizer,2,209.92,104.96,209.92,104.96,0.00030827214887956434,0.9317132591217068,0.0,0.0
438,Device,FusedBatchNormGradV3,gradient_tape/efficientnetb0/block3b_project_bn/FusedBatchNormGradV3,2,209.92,104.96,209.92,104.96,0.00030827214887956434,0.9320215312705863,0.0,0.0
439,Device,FusedBatchNormGradV3,gradient_tape/efficientnetb0/block6c_expand_bn/FusedBatchNormGradV3,2,209.92,104.96,209.92,104.96,0.00030827214887956434,0.9323298034194658,0.0,0.0
440,Device,FusedBatchNormGradV3,gradient_tape/efficientnetb0/block7a_expand_bn/FusedBatchNormGradV3,2,209.92,104.96,209.92,104.96,0.00030827214887956434,0.9326380755683453,0.0,0.0
441,Device,Sigmoid,SGD/gradients/Sigmoid_29,2,208.896,104.448,208.896,104.448,0.00030676838229966405,0.932944843950645,0.0,0.0
442,Device,Sigmoid,SGD/gradients/Sigmoid_30,2,208.896,104.448,208.896,104.448,0.00030676838229966405,0.9332516123329447,0.0,0.0
443,Device,Sigmoid,efficientnetb0/block4b_activation/Sigmoid,2,208.896,104.448,208.896,104.448,0.00030676838229966405,0.9335583807152444,0.0,0.0
444,Device,Transpose,efficientnetb0/block4b_activation/mul-0-3-TransposeNCHWToNHWC-LayoutOptimizer,2,208.896,104.448,208.896,104.448,0.00030676838229966405,0.9338651490975441,0.0,0.0
445,Device,Sigmoid,efficientnetb0/block4c_expand_activation/Sigmoid,2,208.896,104.448,208.896,104.448,0.00030676838229966405,0.9341719174798438,0.0,0.0
446,Device,Sigmoid,efficientnetb0/block5a_activation/Sigmoid,2,208.896,104.448,208.896,104.448,0.00030676838229966405,0.9344786858621436,0.0,0.0
447,Device,Sigmoid,efficientnetb0/block5a_expand_activation/Sigmoid,2,208.896,104.448,208.896,104.448,0.00030676838229966405,0.9347854542444433,0.0,0.0
448,Device,FusedBatchNormGradV3,gradient_tape/efficientnetb0/block6c_bn/FusedBatchNormGradV3,2,208.896,104.448,208.896,104.448,0.00030676838229966405,0.935092222626743,0.0,0.0
449,Device,Sigmoid,efficientnetb0/block4b_expand_activation/Sigmoid,2,207.872,103.936,207.872,103.936,0.00030526461571976377,0.9353974872424627,0.0,0.0
450,Device,Mul,gradient_tape/efficientnetb0/block4b_se_excite/mul/Mul,2,207.872,103.936,207.872,103.936,0.00030526461571976377,0.9357027518581825,0.0,0.0
451,Device,Mul,gradient_tape/efficientnetb0/block4c_se_excite/mul/Mul,2,207.872,103.936,207.872,103.936,0.00030526461571976377,0.9360080164739023,0.0,0.0
452,Device,Sigmoid,SGD/gradients/Sigmoid_24,2,206.848,103.424,206.848,103.424,0.00030376084913986344,0.9363117773230422,0.0,0.0
453,Device,Mul,gradient_tape/efficientnetb0/block5a_se_excite/mul/Mul,2,206.848,103.424,206.848,103.424,0.00030376084913986344,0.936615538172182,0.0,0.0
454,Device,DepthwiseConv2dNative,efficientnetb0/block6c_dwconv/depthwise,2,205.824,102.912,205.824,102.912,0.0003022570825599631,0.936917795254742,0.0,0.0
455,Device,DepthwiseConv2dNative,efficientnetb0/block6d_dwconv/depthwise,2,205.824,102.912,205.824,102.912,0.0003022570825599631,0.9372200523373019,0.0,0.0
456,Device,FusedBatchNormGradV3,gradient_tape/efficientnetb0/block3a_project_bn/FusedBatchNormGradV3,2,205.824,102.912,205.824,102.912,0.0003022570825599631,0.9375223094198618,0.0,0.0
457,Device,AddV2,SGD/gradients/add_27,2,204.8,102.4,204.8,102.4,0.0003007533159800628,0.9378230627358419,0.0,0.0
458,Device,DepthwiseConv2dNative,efficientnetb0/block6b_dwconv/depthwise,2,204.8,102.4,204.8,102.4,0.0003007533159800628,0.938123816051822,0.0,0.0
459,Device,AddV2,SGD/gradients/add_24,2,203.776,101.888,203.776,101.888,0.0002992495494001625,0.9384230656012222,0.0,0.0
460,Device,Sub,SGD/gradients/sub_27,2,203.776,101.888,203.776,101.888,0.0002992495494001625,0.9387223151506224,0.0,0.0
461,Device,AddV2,SGD/gradients/add_23,2,202.752,101.376,202.752,101.376,0.0002977457828202622,0.9390200609334427,0.0,0.0
462,Device,AddV2,SGD/gradients/add_29,2,202.752,101.376,202.752,101.376,0.0002977457828202622,0.939317806716263,0.0,0.0
463,Device,AddV2,SGD/gradients/add_30,2,202.752,101.376,202.752,101.376,0.0002977457828202622,0.9396155524990832,0.0,0.0
464,Device,Sub,SGD/gradients/sub_23,2,202.752,101.376,202.752,101.376,0.0002977457828202622,0.9399132982819035,0.0,0.0
465,Device,Sub,SGD/gradients/sub_24,2,202.752,101.376,202.752,101.376,0.0002977457828202622,0.9402110440647238,0.0,0.0
466,Device,Sub,SGD/gradients/sub_26,2,202.752,101.376,202.752,101.376,0.0002977457828202622,0.940508789847544,0.0,0.0
467,Device,Sub,SGD/gradients/sub_29,2,202.752,101.376,202.752,101.376,0.0002977457828202622,0.9408065356303643,0.0,0.0
468,Device,Sub,SGD/gradients/sub_30,2,202.752,101.376,202.752,101.376,0.0002977457828202622,0.9411042814131846,0.0,0.0
469,Device,Mul,efficientnetb0/block4c_se_excite/mul,2,202.752,101.376,202.752,101.376,0.0002977457828202622,0.9414020271960049,0.0,0.0
470,Device,Mul,efficientnetb0/block5a_se_excite/mul,2,202.752,101.376,202.752,101.376,0.0002977457828202622,0.9416997729788251,0.0,0.0
471,Device,AddV2,SGD/gradients/add_26,2,201.728,100.864,201.728,100.864,0.00029624201624036187,0.9419960149950655,0.0,0.0
472,Device,Mul,SGD/gradients/mul,2,201.728,100.864,201.728,100.864,0.00029624201624036187,0.9422922570113058,0.0,0.0
473,Device,Mul,SGD/gradients/mul_1,2,201.728,100.864,201.728,100.864,0.00029624201624036187,0.9425884990275462,0.0,0.0
474,Device,Mul,SGD/gradients/mul_2,2,201.728,100.864,201.728,100.864,0.00029624201624036187,0.9428847410437865,0.0,0.0
475,Device,Mul,efficientnetb0/block4b_se_excite/mul,2,201.728,100.864,201.728,100.864,0.00029624201624036187,0.9431809830600268,0.0,0.0
476,Device,Mul,efficientnetb0/top_activation/mul,2,201.728,100.864,201.728,100.864,0.00029624201624036187,0.9434772250762672,0.0,0.0
477,Device,BroadcastTo,gradient_tape/efficientnetb0/block3b_se_squeeze/BroadcastTo,2,201.728,100.864,201.728,100.864,0.00029624201624036187,0.9437734670925075,0.0,0.0
478,Device,RealDiv,gradient_tape/efficientnetb0/block4b_se_squeeze/truediv,2,201.728,100.864,201.728,100.864,0.00029624201624036187,0.9440697091087479,0.0,0.0
479,Device,RealDiv,gradient_tape/efficientnetb0/block4c_se_squeeze/truediv,2,201.728,100.864,201.728,100.864,0.00029624201624036187,0.9443659511249882,0.0,0.0
480,Device,RealDiv,gradient_tape/efficientnetb0/block5a_se_squeeze/truediv,2,200.704,100.352,200.704,100.352,0.00029473824966046153,0.9446606893746486,0.0,0.0
481,Device,Sigmoid,SGD/gradients/Sigmoid_27,2,196.608,98.304,196.608,98.304,0.0002887231833408603,0.9449494125579895,0.0,0.0
482,Device,AddN,SGD/gradients/AddN_1,2,189.44,94.72,189.44,94.72,0.0002781968172815581,0.9452276093752711,0.0,0.0
483,Device,AddN,SGD/gradients/AddN_3,2,188.416,94.208,188.416,94.208,0.00027669305070165777,0.9455043024259727,0.0,0.0
484,Device,AddN,SGD/gradients/AddN_5,2,187.392,93.696,187.392,93.696,0.00027518928412175744,0.9457794917100945,0.0,0.0
485,Device,Conv2DBackpropInput,gradient_tape/efficientnetb0/block6a_project_conv/Conv2D/Conv2DBackpropInput,2,187.392,93.696,187.392,93.696,0.00027518928412175744,0.9460546809942162,0.0,0.0
486,Device,AddN,SGD/gradients/AddN,2,186.368,93.184,186.368,93.184,0.00027368551754185715,0.946328366511758,0.0,0.0
487,Device,ArgMax,ArgMax,2,184.32,92.16,184.32,92.16,0.0002706779843820565,0.9465990444961401,0.0,0.0
488,Device,Mul,SGD/gradients/mul_6,2,184.32,92.16,184.32,92.16,0.0002706779843820565,0.9468697224805221,0.0,0.0
489,Device,Mul,SGD/gradients/mul_16,2,183.296,91.648,183.296,91.648,0.0002691742178021562,0.9471388966983243,0.0,0.0
490,Device,Mul,SGD/gradients/mul_19,2,183.296,91.648,183.296,91.648,0.0002691742178021562,0.9474080709161264,0.0,0.0
491,Device,Mul,SGD/gradients/mul_28,2,183.296,91.648,183.296,91.648,0.0002691742178021562,0.9476772451339286,0.0,0.0
492,Device,Mul,SGD/gradients/mul_34,2,183.296,91.648,183.296,91.648,0.0002691742178021562,0.9479464193517307,0.0,0.0
493,Device,Mul,SGD/gradients/mul_36,2,183.296,91.648,183.296,91.648,0.0002691742178021562,0.9482155935695329,0.0,0.0
494,Device,Mul,SGD/gradients/mul_7,2,183.296,91.648,183.296,91.648,0.0002691742178021562,0.948484767787335,0.0,0.0
495,Device,Mul,SGD/gradients/mul_8,2,183.296,91.648,183.296,91.648,0.0002691742178021562,0.9487539420051372,0.0,0.0
496,Device,Mul,gradient_tape/efficientnetb0/block7a_se_excite/mul/Mul_1,2,183.296,91.648,183.296,91.648,0.0002691742178021562,0.9490231162229393,0.0,0.0
497,Device,Mul,SGD/gradients/mul_37,2,183.295,91.6475,183.295,91.6475,0.0002691727492801055,0.9492922889722194,0.0,0.0
498,Device,Mul,SGD/gradients/mul_10,2,182.272,91.136,182.272,91.136,0.00026767045122225587,0.9495599594234416,0.0,0.0
499,Device,Mul,SGD/gradients/mul_15,2,182.272,91.136,182.272,91.136,0.00026767045122225587,0.9498276298746638,0.0,0.0
500,Device,Mul,SGD/gradients/mul_17,2,182.272,91.136,182.272,91.136,0.00026767045122225587,0.9500953003258861,0.0,0.0
501,Host,IDLE,IDLE,0,3081477.957,0.0,3081477.957,0.0,0.0,0.0,0.9919488630958728,0.9919488630958728
502,Host,GatherV2,GatherV2,2,24550.261,12275.1305,24550.261,12275.1305,0.0,0.0,0.007902897190076166,0.999851760285949
503,Host,GatherV2,GatherV2_1,2,121.791,60.8955,121.791,60.8955,0.0,0.0,3.920535719260037e-05,0.9998909656431416
504,Host,Dataset,Iterator::Root::ParallelMapV2,2,53.341,26.6705,53.341,26.6705,0.0,0.0,1.7170833296470973e-05,0.9999081364764381
505,Host,Dataset,Iterator::Root::ParallelMapV2::Zip[1]::ForeverRepeat,2,56.702,28.351,51.432,25.716,0.0,0.0,1.6556313119440866e-05,0.9999246927895575
506,Host,FlushSummaryWriter,FlushSummaryWriter,1,38.49,38.49,38.49,38.49,0.0,0.0,1.2390194664163923e-05,0.9999370829842217
507,Host,IteratorGetNext,IteratorGetNext,2,37.081,18.5405,37.081,18.5405,0.0,0.0,1.193662791223337e-05,0.9999490196121339
508,Host,LogicalAnd,LogicalAnd,1,30.36,30.36,30.36,30.36,0.0,0.0,9.77309197204512e-06,0.9999587927041059
509,Host,Dataset,Iterator::Root,2,82.031,41.0155,28.69,14.345,0.0,0.0,9.235507532212599e-06,0.9999680282116381
510,Host,Dataset,Iterator::Root::ParallelMapV2::Zip[0]::FlatMap[1]::Concatenate[0]::TensorSlice,2,21.97,10.985,21.97,10.985,0.0,0.0,7.072293498874548e-06,0.9999751005051369
511,Host,WriteSummary,WriteSummary,1,21.66,21.66,21.66,21.66,0.0,0.0,6.972502375312823e-06,0.9999820730075123
512,Host,Dataset,Iterator::Root::ParallelMapV2::Zip[0]::FlatMap[1]::Concatenate,2,35.8,17.9,13.83,6.915,0.0,0.0,4.4519717382537555e-06,0.9999865249792506
513,Host,Dataset,Iterator::Root::ParallelMapV2::Zip,2,107.122,53.561,10.41,5.205,0.0,0.0,3.3510503105727835e-06,0.9999898760295611
514,Host,ReadVariableOp,ReadVariableOp,1,6.43,6.43,6.43,6.43,0.0,0.0,2.069861046780307e-06,0.9999919458906079
515,Host,Dataset,Iterator::Root::ParallelMapV2::Zip[1]::ForeverRepeat::FromTensor,4,5.27,1.3175,5.27,1.3175,0.0,0.0,1.696449100549334e-06,0.9999936423397084
516,Host,_Send,IteratorGetNext/_1,2,4.92,2.46,4.92,2.46,0.0,0.0,1.5837817029796439e-06,0.9999952261214115
517,Host,Dataset,Iterator::Root::ParallelMapV2::Zip[0]::FlatMap,2,40.01,20.005,4.21,2.105,0.0,0.0,1.3552278393382726e-06,0.9999965813492507
518,Host,_Send,IteratorGetNext/_3,2,4.19,2.095,4.19,2.095,0.0,0.0,1.3487897023342905e-06,0.9999979301389531
519,Host,_HostSend,categorical_crossentropy/softmax_cross_entropy_with_logits/Shape_2/_5,2,3.35,1.675,3.35,1.675,0.0,0.0,1.078387948167034e-06,0.9999990085269013
520,Host,Identity,Identity,2,3.08,1.54,3.08,1.54,0.0,0.0,9.91473098613273e-07,0.9999999999999999
