Rank,Host/device,Type,Operation,#Occurrences,Total time (us),Avg. time (us),Total self-time (us),Avg. self-time (us),Total self-time on Device (%),Cumulative total-self time on Device (%),Total self-time on Host (%),Cumulative total-self time on Host (%)
1,Device,IDLE,IDLE,0,4525.063,0.0,4525.063,0.0,0.10521063224083205,0.10521063224083205,0.0,0.0
2,Device,Conv2DBackpropFilter,gradient_tape/sequential/conv2d_1/Conv2D/Conv2DBackpropFilter,2,3687.429,1843.7145,3687.429,1843.7145,0.08573510168436971,0.19094573392520175,0.0,0.0
3,Device,_FusedConv2D,sequential/activation_1/Relu,2,3233.797,1616.8985,3233.797,1616.8985,0.07518786520950227,0.266133599134704,0.0,0.0
4,Device,Conv2DBackpropInput,gradient_tape/sequential/conv2d_1/Conv2D/Conv2DBackpropInput,2,2702.339,1351.1695,2702.339,1351.1695,0.0628311240570701,0.3289647231917741,0.0,0.0
5,Device,Conv2DBackpropFilter,gradient_tape/sequential/conv2d_3/Conv2D/Conv2DBackpropFilter,4,2601.987,650.49675,2601.987,650.49675,0.06049787535608363,0.38946259854785775,0.0,0.0
6,Device,_Send,IteratorGetNext/_1,2,2312.802,1156.401,2312.802,1156.401,0.05377413765683723,0.443236736204695,0.0,0.0
7,Device,Conv2DBackpropInput,gradient_tape/sequential/conv2d_3/Conv2D/Conv2DBackpropInput,2,1833.986,916.993,1833.986,916.993,0.04264135694482808,0.48587809314952307,0.0,0.0
8,Device,ReluGrad,gradient_tape/sequential/activation/ReluGrad,2,1752.066,876.033,1752.066,876.033,0.04073666412769626,0.5266147572772193,0.0,0.0
9,Device,Conv2DBackpropFilter,gradient_tape/sequential/conv2d_2/Conv2D/Conv2DBackpropFilter,2,1743.874,871.937,1743.874,871.937,0.04054619484598308,0.5671609521232024,0.0,0.0
10,Device,Conv2DBackpropFilter,gradient_tape/sequential/conv2d/Conv2D/Conv2DBackpropFilter,2,1669.123,834.5615,1669.123,834.5615,0.03880818590099504,0.6059691380241974,0.0,0.0
11,Device,ReluGrad,gradient_tape/sequential/activation_1/ReluGrad,2,1669.122,834.561,1669.122,834.561,0.038808162650350295,0.6447773006745476,0.0,0.0
12,Device,_FusedConv2D,sequential/activation_3/Relu,2,1630.21,815.105,1630.21,815.105,0.037903433562212686,0.6826807342367603,0.0,0.0
13,Device,MaxPoolGrad,gradient_tape/sequential/max_pooling2d/MaxPool/MaxPoolGrad,2,1295.362,647.681,1295.362,647.681,0.030118001672186374,0.7127987359089467,0.0,0.0
14,Device,Conv2DBackpropInput,gradient_tape/sequential/conv2d_2/Conv2D/Conv2DBackpropInput,2,1097.73,548.865,1097.73,548.865,0.02552293025085586,0.7383216661598025,0.0,0.0
15,Device,_FusedConv2D,sequential/activation_2/Relu,2,1089.538,544.769,1089.538,544.769,0.025332460969142677,0.7636541271289452,0.0,0.0
16,Device,ReluGrad,gradient_tape/sequential/activation_2/ReluGrad,2,806.912,403.456,806.912,403.456,0.01876122424874842,0.7824153513776936,0.0,0.0
17,Device,ReluGrad,gradient_tape/sequential/activation_3/ReluGrad,2,713.73,356.865,713.73,356.865,0.016594682670550455,0.799010034048244,0.0,0.0
18,Device,_FusedConv2D,sequential/activation/Relu,2,703.489,351.7445,703.489,351.7445,0.016356572817764238,0.8153666068660083,0.0,0.0
19,Device,MaxPool,sequential/max_pooling2d/MaxPool,2,680.96,340.48,680.96,340.48,0.01583275904240825,0.8311993659084165,0.0,0.0
20,Device,BiasAddGrad,gradient_tape/sequential/conv2d/BiasAdd/BiasAddGrad,2,538.625,269.3125,538.625,269.3125,0.01252337852328645,0.8437227444317029,0.0,0.0
21,Device,MaxPoolGrad,gradient_tape/sequential/max_pooling2d_1/MaxPool/MaxPoolGrad,2,528.384,264.192,528.384,264.192,0.012285268670500234,0.8560080131022032,0.0,0.0
22,Device,BiasAddGrad,gradient_tape/sequential/conv2d_1/BiasAdd/BiasAddGrad,2,515.072,257.536,515.072,257.536,0.011975756087716312,0.8679837691899195,0.0,0.0
23,Device,Mul,sequential/dropout/dropout/Mul_1,2,390.144,195.072,390.144,195.072,0.009071099541590289,0.8770548687315097,0.0,0.0
24,Device,Mul,gradient_tape/sequential/dropout/dropout/Mul_1,2,375.808,187.904,375.808,187.904,0.00873777829859222,0.885792647030102,0.0,0.0
25,Device,ResourceApplyGradientDescent,SGD/SGD/update_8/ResourceApplyGradientDescent,2,331.777,165.8885,331.777,165.8885,0.007714029160028607,0.8935066761901306,0.0,0.0
26,Device,MatMul,gradient_tape/sequential/dense/MatMul/MatMul_1,2,331.777,165.8885,331.777,165.8885,0.007714029160028607,0.9012207053501592,0.0,0.0
27,Device,MaxPool,sequential/max_pooling2d_1/MaxPool,2,300.032,150.016,300.032,150.016,0.006975937442745287,0.9081966427929045,0.0,0.0
28,Device,MatMul,sequential/dense/MatMul,2,292.865,146.4325,292.865,146.4325,0.006809300071890994,0.9150059428647954,0.0,0.0
29,Device,MatMul,gradient_tape/sequential/dense/MatMul/MatMul,2,282.624,141.312,282.624,141.312,0.006571190219104777,0.9215771330839002,0.0,0.0
30,Device,BiasAddGrad,gradient_tape/sequential/conv2d_2/BiasAdd/BiasAddGrad,2,277.505,138.7525,277.505,138.7525,0.006452170168678778,0.928029303252579,0.0,0.0
31,Device,Mul,gradient_tape/sequential/dropout/dropout/Mul,2,263.168,131.584,263.168,131.584,0.0061188256750359694,0.934148128927615,0.0,0.0
32,Device,Mul,sequential/dropout/dropout/Mul,2,259.072,129.536,259.072,129.536,0.006023591034179378,0.9401717199617944,0.0,0.0
33,Device,BiasAddGrad,gradient_tape/sequential/conv2d_3/BiasAdd/BiasAddGrad,2,241.665,120.8325,241.665,120.8325,0.005618867061183606,0.945790587022978,0.0,0.0
34,Device,Cast,sequential/dropout/dropout/ArithmeticOptimizer/ReorderCastLikeAndValuePreserving_float_Cast,2,162.817,81.4085,162.817,81.4085,0.003785600224694231,0.9495761872476722,0.0,0.0
35,Device,Mul,sequential/dropout_1/dropout/Mul_1,2,162.816,81.408,162.816,81.408,0.0037855769740494905,0.9533617642217217,0.0,0.0
36,Device,Mul,gradient_tape/sequential/dropout_1/dropout/Mul_1,2,161.792,80.896,161.792,80.896,0.003761768313835343,0.957123532535557,0.0,0.0
37,Device,GreaterEqual,sequential/dropout/dropout/GreaterEqual,2,159.745,79.8725,159.745,79.8725,0.0037141742440517877,0.9608377067796088,0.0,0.0
38,Device,RandomUniform,sequential/dropout/dropout/random_uniform/RandomUniform,2,144.384,72.192,144.384,72.192,0.003357021090194831,0.9641947278698036,0.0,0.0
39,Device,SoftmaxCrossEntropyWithLogits,categorical_crossentropy/softmax_cross_entropy_with_logits,2,140.288,70.144,140.288,70.144,0.0032617864493382407,0.9674565143191419,0.0,0.0
40,Device,Transpose,gradient_tape/sequential/conv2d/Conv2D/Conv2DBackpropFilter-0-TransposeNHWCToNCHW-LayoutOptimizer,2,129.024,64.512,129.024,64.512,0.0029998911869826153,0.9704564055061246,0.0,0.0
41,Device,Transpose,gradient_tape/sequential/max_pooling2d_1/MaxPool/MaxPoolGrad-2-TransposeNHWCToNCHW-LayoutOptimizer,2,115.712,57.856,115.712,57.856,0.0026903786041986948,0.9731467841103233,0.0,0.0
42,Device,Transpose,sequential/dropout_1/dropout/Mul_1-0-1-TransposeNCHWToNHWC-LayoutOptimizer,2,111.616,55.808,111.616,55.808,0.0025951439633421034,0.9757419280736654,0.0,0.0
43,Device,Mul,gradient_tape/sequential/dropout_1/dropout/Mul,2,109.568,54.784,109.568,54.784,0.002547526642913808,0.9782894547165792,0.0,0.0
44,Device,Mul,sequential/dropout_1/dropout/Mul,2,104.448,52.224,104.448,52.224,0.0024284833418430694,0.9807179380584223,0.0,0.0
45,Device,Transpose,gradient_tape/sequential/dropout/dropout/ArithmeticOptimizer/ReorderCastLikeAndValuePreserving_bool_Mul-1-TransposeNHWCToNCHW-LayoutOptimizer,2,76.8,38.4,76.8,38.4,0.0017856495160610804,0.9825035875744834,0.0,0.0
46,Device,GreaterEqual,sequential/dropout_1/dropout/GreaterEqual,2,69.632,34.816,69.632,34.816,0.0016189888945620464,0.9841225764690454,0.0,0.0
47,Device,Cast,sequential/dropout_1/dropout/ArithmeticOptimizer/ReorderCastLikeAndValuePreserving_float_Cast,2,67.585,33.7925,67.585,33.7925,0.001571394824778491,0.985693971293824,0.0,0.0
48,Device,Cast,sequential/dropout_1/dropout/Cast,2,67.584,33.792,67.584,33.792,0.001571371574133751,0.9872653428679578,0.0,0.0
49,Device,RandomUniform,sequential/dropout_1/dropout/random_uniform/RandomUniform,2,66.56,33.28,66.56,33.28,0.0015475629139196031,0.9888129057818773,0.0,0.0
50,Device,Transpose,sequential/dropout_1/dropout/ArithmeticOptimizer/ReorderCastLikeAndValuePreserving_bool_Mul_1-0-TransposeNHWCToNCHW-LayoutOptimizer,2,37.888,18.944,37.888,18.944,0.0008809204279234663,0.9896938262098007,0.0,0.0
51,Device,ArgMax,ArgMax,2,33.792,16.896,33.792,16.896,0.0007856857870668755,0.9904795119968676,0.0,0.0
52,Device,MatMul,sequential/dense_1/MatMul,2,22.528,11.264,22.528,11.264,0.0005237905247112503,0.9910033025215789,0.0,0.0
53,Device,MatMul,gradient_tape/sequential/dense_1/MatMul/MatMul_1,2,21.504,10.752,21.504,10.752,0.0004999818644971025,0.9915032843860759,0.0,0.0
54,Device,ArgMax,ArgMax_1,2,20.48,10.24,20.48,10.24,0.0004761732042829548,0.9919794575903589,0.0,0.0
55,Device,_Send,IteratorGetNext/_3,2,20.48,10.24,20.48,10.24,0.0004761732042829548,0.9924556307946418,0.0,0.0
56,Device,Softmax,sequential/activation_5/Softmax,2,20.48,10.24,20.48,10.24,0.0004761732042829548,0.9929318039989248,0.0,0.0
57,Device,MatMul,gradient_tape/sequential/dense_1/MatMul/MatMul,2,14.336,7.168,14.336,7.168,0.00033332124299806837,0.9932651252419229,0.0,0.0
58,Device,RandomUniform,sequential/dropout_2/dropout/random_uniform/RandomUniform,2,10.24,5.12,10.24,5.12,0.0002380866021414774,0.9935032118440644,0.0,0.0
59,Device,BiasAdd,sequential/dense/BiasAdd,2,9.216,4.608,9.216,4.608,0.00021427794192732964,0.9937174897859917,0.0,0.0
60,Device,ResourceApplyGradientDescent,SGD/SGD/update_10/ResourceApplyGradientDescent,2,8.192,4.096,8.192,4.096,0.0001904692817131819,0.9939079590677049,0.0,0.0
61,Device,ResourceApplyGradientDescent,SGD/SGD/update_2/ResourceApplyGradientDescent,2,8.192,4.096,8.192,4.096,0.0001904692817131819,0.9940984283494181,0.0,0.0
62,Device,ResourceApplyGradientDescent,SGD/SGD/update_4/ResourceApplyGradientDescent,2,8.192,4.096,8.192,4.096,0.0001904692817131819,0.9942888976311313,0.0,0.0
63,Device,ResourceApplyGradientDescent,SGD/SGD/update_6/ResourceApplyGradientDescent,2,8.192,4.096,8.192,4.096,0.0001904692817131819,0.9944793669128444,0.0,0.0
64,Device,Mul,sequential/dropout_2/dropout/Mul,2,8.192,4.096,8.192,4.096,0.0001904692817131819,0.9946698361945576,0.0,0.0
65,Device,ResourceApplyGradientDescent,SGD/SGD/update/ResourceApplyGradientDescent,2,7.168,3.584,7.168,3.584,0.00016666062149903418,0.9948364968160567,0.0,0.0
66,Device,ResourceApplyGradientDescent,SGD/SGD/update_9/ResourceApplyGradientDescent,2,7.168,3.584,7.168,3.584,0.00016666062149903418,0.9950031574375557,0.0,0.0
67,Device,ReluGrad,gradient_tape/sequential/activation_4/ReluGrad,2,7.168,3.584,7.168,3.584,0.00016666062149903418,0.9951698180590548,0.0,0.0
68,Device,BiasAddGrad,gradient_tape/sequential/dense/BiasAdd/BiasAddGrad,2,7.168,3.584,7.168,3.584,0.00016666062149903418,0.9953364786805539,0.0,0.0
69,Device,GreaterEqual,sequential/dropout_2/dropout/GreaterEqual,2,7.168,3.584,7.168,3.584,0.00016666062149903418,0.9955031393020529,0.0,0.0
70,Device,AssignAddVariableOp,AssignAddVariableOp_2,2,6.144,3.072,6.144,3.072,0.00014285196128488645,0.9956459912633379,0.0,0.0
71,Device,AssignAddVariableOp,AssignAddVariableOp_3,2,6.144,3.072,6.144,3.072,0.00014285196128488645,0.9957888432246228,0.0,0.0
72,Device,AssignAddVariableOp,AssignAddVariableOp_4,2,6.144,3.072,6.144,3.072,0.00014285196128488645,0.9959316951859077,0.0,0.0
73,Device,Cast,Cast,2,6.144,3.072,6.144,3.072,0.00014285196128488645,0.9960745471471927,0.0,0.0
74,Device,AssignAddVariableOp,SGD/SGD/AssignAddVariableOp,2,6.144,3.072,6.144,3.072,0.00014285196128488645,0.9962173991084776,0.0,0.0
75,Device,ResourceApplyGradientDescent,SGD/SGD/update_1/ResourceApplyGradientDescent,2,6.144,3.072,6.144,3.072,0.00014285196128488645,0.9963602510697626,0.0,0.0
76,Device,ResourceApplyGradientDescent,SGD/SGD/update_11/ResourceApplyGradientDescent,2,6.144,3.072,6.144,3.072,0.00014285196128488645,0.9965031030310475,0.0,0.0
77,Device,ResourceApplyGradientDescent,SGD/SGD/update_3/ResourceApplyGradientDescent,2,6.144,3.072,6.144,3.072,0.00014285196128488645,0.9966459549923324,0.0,0.0
78,Device,ResourceApplyGradientDescent,SGD/SGD/update_5/ResourceApplyGradientDescent,2,6.144,3.072,6.144,3.072,0.00014285196128488645,0.9967888069536174,0.0,0.0
79,Device,ResourceApplyGradientDescent,SGD/SGD/update_7/ResourceApplyGradientDescent,2,6.144,3.072,6.144,3.072,0.00014285196128488645,0.9969316589149023,0.0,0.0
80,Device,Cast,categorical_crossentropy/weighted_loss/num_elements/Cast,2,6.144,3.072,6.144,3.072,0.00014285196128488645,0.9970745108761873,0.0,0.0
81,Device,DivNoNan,categorical_crossentropy/weighted_loss/value,2,6.144,3.072,6.144,3.072,0.00014285196128488645,0.9972173628374722,0.0,0.0
82,Device,Tile,gradient_tape/categorical_crossentropy/weighted_loss/Tile_1,2,6.144,3.072,6.144,3.072,0.00014285196128488645,0.9973602147987571,0.0,0.0
83,Device,BiasAddGrad,gradient_tape/sequential/dense_1/BiasAdd/BiasAddGrad,2,6.144,3.072,6.144,3.072,0.00014285196128488645,0.9975030667600421,0.0,0.0
84,Device,Mul,gradient_tape/sequential/dropout_2/dropout/Mul,2,6.144,3.072,6.144,3.072,0.00014285196128488645,0.997645918721327,0.0,0.0
85,Device,Mul,gradient_tape/sequential/dropout_2/dropout/Mul_1,2,6.144,3.072,6.144,3.072,0.00014285196128488645,0.997788770682612,0.0,0.0
86,Device,Relu,sequential/activation_4/Relu,2,6.144,3.072,6.144,3.072,0.00014285196128488645,0.9979316226438969,0.0,0.0
87,Device,BiasAdd,sequential/dense_1/BiasAdd,2,6.144,3.072,6.144,3.072,0.00014285196128488645,0.9980744746051818,0.0,0.0
88,Device,Cast,sequential/dropout_2/dropout/Cast,2,6.144,3.072,6.144,3.072,0.00014285196128488645,0.9982173265664668,0.0,0.0
89,Device,Mul,sequential/dropout_2/dropout/Mul_1,2,6.144,3.072,6.144,3.072,0.00014285196128488645,0.9983601785277517,0.0,0.0
90,Device,AssignAddVariableOp,AssignAddVariableOp,2,5.12,2.56,5.12,2.56,0.0001190433010707387,0.9984792218288224,0.0,0.0
91,Device,AssignAddVariableOp,AssignAddVariableOp_1,2,5.12,2.56,5.12,2.56,0.0001190433010707387,0.9985982651298931,0.0,0.0
92,Device,Cast,Cast_2,2,5.12,2.56,5.12,2.56,0.0001190433010707387,0.9987173084309638,0.0,0.0
93,Device,Equal,Equal,2,5.12,2.56,5.12,2.56,0.0001190433010707387,0.9988363517320346,0.0,0.0
94,Device,Mul,Mul,2,5.12,2.56,5.12,2.56,0.0001190433010707387,0.9989553950331053,0.0,0.0
95,Device,Sum,categorical_crossentropy/weighted_loss/Sum,2,5.12,2.56,5.12,2.56,0.0001190433010707387,0.999074438334176,0.0,0.0
96,Device,DivNoNan,div_no_nan,2,5.12,2.56,5.12,2.56,0.0001190433010707387,0.9991934816352467,0.0,0.0
97,Device,Mul,gradient_tape/categorical_crossentropy/softmax_cross_entropy_with_logits/mul,2,5.12,2.56,5.12,2.56,0.0001190433010707387,0.9993125249363174,0.0,0.0
98,Device,_Recv,categorical_crossentropy/weighted_loss/num_elements/_14,2,4.544,2.272,4.544,2.272,0.00010565092970028058,0.9994181758660177,0.0,0.0
99,Device,Cast,Cast_1,2,4.096,2.048,4.096,2.048,9.523464085659096e-05,0.9995134105068743,0.0,0.0
100,Device,Sum,Sum_2,2,4.096,2.048,4.096,2.048,9.523464085659096e-05,0.9996086451477308,0.0,0.0
101,Device,DivNoNan,div_no_nan_1,2,4.096,2.048,4.096,2.048,9.523464085659096e-05,0.9997038797885874,0.0,0.0
102,Device,DivNoNan,gradient_tape/categorical_crossentropy/weighted_loss/value/div_no_nan,2,4.096,2.048,4.096,2.048,9.523464085659096e-05,0.999799114429444,0.0,0.0
103,Device,_Recv,Size/_16,2,3.52,1.76,3.52,1.76,8.184226948613285e-05,0.9998809566989302,0.0,0.0
104,Device,LogicalAnd,LogicalAnd,1,3.072,3.072,3.072,3.072,7.142598064244323e-05,0.9999523826795726,0.0,0.0
105,Device,_Recv,strided_slice/_12,2,2.048,1.024,2.048,1.024,4.761732042829548e-05,1.0000000000000009,0.0,0.0
106,Host,IDLE,IDLE,0,197063.252,0.0,197063.252,0.0,0.0,0.0,0.9528006560939128,0.9528006560939128
107,Host,_Send,IteratorGetNext/_1,2,3068.354,1534.177,3068.354,1534.177,0.0,0.0,0.014835488984665602,0.9676361450785784
108,Host,GatherV2,GatherV2,2,2879.642,1439.821,2879.642,1439.821,0.0,0.0,0.013923066624900653,0.981559211703479
109,Host,_Send,IteratorGetNext/_6,2,1711.789,855.8945,1711.789,855.8945,0.0,0.0,0.00827649836152274,0.9898357100650018
110,Host,_Send,IteratorGetNext/_3,2,1631.478,815.739,1631.478,815.739,0.0,0.0,0.00788819474471468,0.9977239048097165
111,Host,GatherV2,GatherV2_1,2,133.851,66.9255,133.851,66.9255,0.0,0.0,0.0006471694713473333,0.9983710742810639
112,Host,Dataset,Iterator::Root::ParallelMapV2,2,58.961,29.4805,58.961,29.4805,0.0,0.0,0.00028507638493631063,0.9986561506660002
113,Host,Dataset,Iterator::Root::ParallelMapV2::Zip[1]::ForeverRepeat,2,54.121,27.0605,49.671,24.8355,0.0,0.0,0.00024015924282443457,0.9988963099088246
114,Host,FlushSummaryWriter,FlushSummaryWriter,1,38.09,38.09,38.09,38.09,0.0,0.0,0.00018416511765784288,0.9990804750264825
115,Host,IteratorGetNext,IteratorGetNext,2,34.37,17.185,34.37,17.185,0.0,0.0,0.00016617892081648882,0.999246653947299
116,Host,Dataset,Iterator::Root,2,91.111,45.5555,32.15,16.075,0.0,0.0,0.0001554452227014872,0.9994020991700004
117,Host,LogicalAnd,LogicalAnd,1,29.33,29.33,29.33,29.33,0.0,0.0,0.00014181052509594462,0.9995439096950964
118,Host,Dataset,Iterator::Root::ParallelMapV2::Zip[0]::FlatMap[1]::Concatenate[0]::TensorSlice,2,22.42,11.21,22.42,11.21,0.0,0.0,0.00010840068096321442,0.9996523103760596
119,Host,WriteSummary,WriteSummary,1,21.31,21.31,21.31,21.31,0.0,0.0,0.0001030338319057136,0.9997553442079653
120,Host,_HostSend,categorical_crossentropy/softmax_cross_entropy_with_logits/Shape_2/_9,2,12.98,6.49,12.98,6.49,0.0,0.0,6.275828897870308e-05,0.999818102496944
121,Host,Dataset,Iterator::Root::ParallelMapV2::Zip[0]::FlatMap[1]::Concatenate,2,33.4,16.7,10.98,5.49,0.0,0.0,5.308829067689984e-05,0.9998711907876209
122,Host,Dataset,Iterator::Root::ParallelMapV2::Zip,2,101.131,50.5655,9.7,4.85,0.0,0.0,4.689949176374575e-05,0.9999180902793846
123,Host,ReadVariableOp,ReadVariableOp,1,5.781,5.781,5.781,5.781,0.0,0.0,2.7951130091362288e-05,0.999946041409476
124,Host,Dataset,Iterator::Root::ParallelMapV2::Zip[1]::ForeverRepeat::FromTensor,4,4.45,1.1125,4.45,1.1125,0.0,0.0,2.1515746221512228e-05,0.9999675571556975
125,Host,Dataset,Iterator::Root::ParallelMapV2::Zip[0]::FlatMap,2,37.31,18.655,3.91,1.955,0.0,0.0,1.890484668002535e-05,0.9999864620023775
126,Host,Identity,Identity,2,2.8,1.4,2.8,1.4,0.0,0.0,1.3537997622524547e-05,1.0
