Rank,Host/device,Type,Operation,#Occurrences,Total time (us),Avg. time (us),Total self-time (us),Avg. self-time (us),Total self-time on Device (%),Cumulative total-self time on Device (%),Total self-time on Host (%),Cumulative total-self time on Host (%)
1,Device,DepthwiseConv2dNativeBackpropFilter,gradient_tape/mobilenetv2_1.00_256/expanded_conv_depthwise/depthwise/DepthwiseConv2dNativeBackpropFilter,2,40118.34,20059.17,40118.34,20059.17,0.2512103256374696,0.2512103256374696,0.0,0.0
2,Device,DepthwiseConv2dNativeBackpropFilter,gradient_tape/mobilenetv2_1.00_256/block_2_depthwise/depthwise/DepthwiseConv2dNativeBackpropFilter,2,22229.029,11114.5145,22229.029,11114.5145,0.13919224010003292,0.39040256573750254,0.0,0.0
3,Device,DepthwiseConv2dNativeBackpropFilter,gradient_tape/mobilenetv2_1.00_256/block_1_depthwise/depthwise/DepthwiseConv2dNativeBackpropFilter,2,14467.096,7233.548,14467.096,7233.548,0.09058908960810776,0.4809916553456103,0.0,0.0
4,Device,IDLE,IDLE,0,11724.438,0.0,11724.438,0.0,0.07341529803816217,0.5544069533837724,0.0,0.0
5,Device,DepthwiseConv2dNativeBackpropFilter,gradient_tape/mobilenetv2_1.00_256/block_3_depthwise/depthwise/DepthwiseConv2dNativeBackpropFilter,2,6227.979,3113.9895,6227.979,3113.9895,0.038997940409631164,0.5934048937934036,0.0,0.0
6,Device,_Recv,IteratorGetNext/_2,2,2271.587,1135.7935,2271.587,1135.7935,0.014224070836027678,0.6076289646294313,0.0,0.0
7,Device,FusedBatchNormGradV3,gradient_tape/mobilenetv2_1.00_256/block_1_expand_BN/FusedBatchNormGradV3,2,2035.716,1017.858,2035.716,1017.858,0.012747109657712832,0.6203760742871441,0.0,0.0
8,Device,Relu6Grad,gradient_tape/mobilenetv2_1.00_256/block_1_expand_relu/Relu6/Relu6Grad,2,1327.106,663.553,1327.106,663.553,0.008309983175162275,0.6286860574623064,0.0,0.0
9,Device,FusedBatchNormV3,mobilenetv2_1.00_256/block_1_expand_BN/FusedBatchNormV3,4,1291.266,322.8165,1291.266,322.8165,0.008085562671451331,0.6367716201337578,0.0,0.0
10,Device,Conv2DBackpropFilter,gradient_tape/mobilenetv2_1.00_256/block_1_expand/Conv2D/Conv2DBackpropFilter,2,1246.21,623.105,1246.21,623.105,0.007803434038214717,0.6445750541719725,0.0,0.0
11,Device,DepthwiseConv2dNativeBackpropInput,gradient_tape/mobilenetv2_1.00_256/block_1_depthwise/depthwise/DepthwiseConv2dNativeBackpropInput,2,1186.818,593.409,1186.818,593.409,0.007431537203493723,0.6520065913754662,0.0,0.0
12,Device,Slice,gradient_tape/mobilenetv2_1.00_256/block_1_pad/Slice_1,2,961.538,480.769,961.538,480.769,0.006020894037310647,0.6580274854127769,0.0,0.0
13,Device,DepthwiseConv2dNativeBackpropFilter,gradient_tape/mobilenetv2_1.00_256/block_6_depthwise/depthwise/DepthwiseConv2dNativeBackpropFilter,2,954.37,477.185,954.37,477.185,0.005976009936568458,0.6640034953493453,0.0,0.0
14,Device,Pad,mobilenetv2_1.00_256/block_1_pad/Pad,2,898.049,449.0245,898.049,449.0245,0.005623342883289885,0.6696268382326352,0.0,0.0
15,Device,FusedBatchNormGradV3,gradient_tape/mobilenetv2_1.00_256/bn_Conv1/FusedBatchNormGradV3,2,863.234,431.617,863.234,431.617,0.005405340655703487,0.6750321788883388,0.0,0.0
16,Device,FusedBatchNormGradV3,gradient_tape/mobilenetv2_1.00_256/expanded_conv_depthwise_BN/FusedBatchNormGradV3,2,860.162,430.081,860.162,430.081,0.005386104612528263,0.6804182835008671,0.0,0.0
17,Device,Relu6,mobilenetv2_1.00_256/block_1_expand_relu/Relu6,2,859.137,429.5685,859.137,429.5685,0.005379686336403717,0.6857979698372708,0.0,0.0
18,Device,FusedBatchNormGradV3,gradient_tape/mobilenetv2_1.00_256/block_2_expand_BN/FusedBatchNormGradV3,2,796.674,398.337,796.674,398.337,0.004988559720240305,0.6907865295575111,0.0,0.0
19,Device,FusedBatchNormGradV3,gradient_tape/mobilenetv2_1.00_256/block_2_depthwise_BN/FusedBatchNormGradV3,2,795.649,397.8245,795.649,397.8245,0.00498214144411576,0.6957686710016269,0.0,0.0
20,Device,FusedBatchNormGradV3,gradient_tape/mobilenetv2_1.00_256/block_3_expand_BN/FusedBatchNormGradV3,2,793.601,396.8005,793.601,396.8005,0.004969317415332277,0.7007379884169591,0.0,0.0
21,Device,FusedBatchNormGradV3,gradient_tape/mobilenetv2_1.00_256/expanded_conv_project_BN/FusedBatchNormGradV3,2,695.298,347.649,695.298,347.649,0.004353770295457921,0.705091758712417,0.0,0.0
22,Device,DepthwiseConv2dNative,mobilenetv2_1.00_256/block_1_depthwise/depthwise,2,684.034,342.017,684.034,342.017,0.004283238137148767,0.7093749968495658,0.0,0.0
23,Device,Conv2DBackpropFilter,gradient_tape/mobilenetv2_1.00_256/block_2_project/Conv2D/Conv2DBackpropFilter,2,634.881,317.4405,634.881,317.4405,0.003975455184612382,0.7133504520341782,0.0,0.0
24,Device,Conv2DBackpropInput,gradient_tape/mobilenetv2_1.00_256/block_1_expand/Conv2D/Conv2DBackpropInput,2,627.712,313.856,627.712,313.856,0.0039305648221373895,0.7172810168563156,0.0,0.0
25,Device,Conv2DBackpropFilter,gradient_tape/mobilenetv2_1.00_256/block_3_expand/Conv2D/Conv2DBackpropFilter,2,614.401,307.2005,614.401,307.2005,0.003847214896777557,0.7211282317530932,0.0,0.0
26,Device,Conv2DBackpropFilter,gradient_tape/mobilenetv2_1.00_256/Conv1/Conv2D/Conv2DBackpropFilter,2,614.4,307.2,614.4,307.2,0.003847208635044753,0.7249754403881379,0.0,0.0
27,Device,Conv2DBackpropFilter,gradient_tape/mobilenetv2_1.00_256/block_2_expand/Conv2D/Conv2DBackpropFilter,2,605.184,302.592,605.184,302.592,0.0037895005055190814,0.728764940893657,0.0,0.0
28,Device,Conv2D,mobilenetv2_1.00_256/block_1_expand/Conv2D,2,594.946,297.473,594.946,297.473,0.0037253928850672783,0.7324903337787242,0.0,0.0
29,Device,DepthwiseConv2dNativeBackpropInput,gradient_tape/mobilenetv2_1.00_256/block_2_depthwise/depthwise/DepthwiseConv2dNativeBackpropInput,2,570.37,285.185,570.37,285.185,0.0035715045396654877,0.7360618383183897,0.0,0.0
30,Device,Conv2DBackpropFilter,gradient_tape/mobilenetv2_1.00_256/expanded_conv_project/Conv2D/Conv2DBackpropFilter,2,546.818,273.409,546.818,273.409,0.003424028208655439,0.7394858665270451,0.0,0.0
31,Device,DepthwiseConv2dNative,mobilenetv2_1.00_256/block_2_depthwise/depthwise,2,525.313,262.6565,525.313,262.6565,0.003289369644696068,0.7427752361717411,0.0,0.0
32,Device,FusedBatchNormGradV3,gradient_tape/mobilenetv2_1.00_256/block_1_depthwise_BN/FusedBatchNormGradV3,2,520.193,260.0965,520.193,260.0965,0.0032573095727373618,0.7460325457444785,0.0,0.0
33,Device,DepthwiseConv2dNativeBackpropInput,gradient_tape/mobilenetv2_1.00_256/expanded_conv_depthwise/depthwise/DepthwiseConv2dNativeBackpropInput,2,514.048,257.024,514.048,257.024,0.00321883122465411,0.7492513769691327,0.0,0.0
34,Device,DepthwiseConv2dNativeBackpropFilter,gradient_tape/mobilenetv2_1.00_256/block_13_depthwise/depthwise/DepthwiseConv2dNativeBackpropFilter,2,502.786,251.393,502.786,251.393,0.003148311589810565,0.7523996885589432,0.0,0.0
35,Device,Relu6Grad,gradient_tape/mobilenetv2_1.00_256/block_2_depthwise_relu/Relu6/Relu6Grad,2,498.689,249.3445,498.689,249.3445,0.0031226572705107957,0.755522345829454,0.0,0.0
36,Device,Relu6Grad,gradient_tape/mobilenetv2_1.00_256/block_2_expand_relu/Relu6/Relu6Grad,2,496.64,248.32,496.64,248.32,0.0031098269799945087,0.7586321728094485,0.0,0.0
37,Device,DepthwiseConv2dNative,mobilenetv2_1.00_256/expanded_conv_depthwise/depthwise,2,494.593,247.2965,494.593,247.2965,0.0030970092129438305,0.7617291820223924,0.0,0.0
38,Device,Relu6Grad,gradient_tape/mobilenetv2_1.00_256/block_3_expand_relu/Relu6/Relu6Grad,2,489.473,244.7365,489.473,244.7365,0.0030649491409851246,0.7647941311633775,0.0,0.0
39,Device,FusedBatchNormV3,mobilenetv2_1.00_256/bn_Conv1/FusedBatchNormV3,4,487.424,121.856,487.424,121.856,0.003052118850468837,0.7678462500138463,0.0,0.0
40,Device,FusedBatchNormV3,mobilenetv2_1.00_256/block_3_expand_BN/FusedBatchNormV3,4,484.353,121.08825,484.353,121.08825,0.0030328890690264182,0.7708791390828728,0.0,0.0
41,Device,FusedBatchNormV3,mobilenetv2_1.00_256/block_2_expand_BN/FusedBatchNormV3,4,484.352,121.088,484.352,121.088,0.0030328828072936137,0.7739120218901664,0.0,0.0
42,Device,FusedBatchNormV3,mobilenetv2_1.00_256/expanded_conv_depthwise_BN/FusedBatchNormV3,4,483.329,120.83225,483.329,120.83225,0.0030264770546346766,0.776938498944801,0.0,0.0
43,Device,FusedBatchNormV3,mobilenetv2_1.00_256/block_2_depthwise_BN/FusedBatchNormV3,4,483.328,120.832,483.328,120.832,0.003026470792901872,0.7799649697377029,0.0,0.0
44,Device,DepthwiseConv2dNativeBackpropInput,gradient_tape/mobilenetv2_1.00_256/block_3_depthwise/depthwise/DepthwiseConv2dNativeBackpropInput,2,465.92,232.96,465.92,232.96,0.002917466548242271,0.7828824362859452,0.0,0.0
45,Device,Relu6Grad,gradient_tape/mobilenetv2_1.00_256/expanded_conv_depthwise_relu/Relu6/Relu6Grad,2,423.936,211.968,423.936,211.968,0.0026545739581808796,0.7855370102441261,0.0,0.0
46,Device,Relu6Grad,gradient_tape/mobilenetv2_1.00_256/Conv1_relu/Relu6/Relu6Grad,2,416.768,208.384,416.768,208.384,0.0026096898574386905,0.7881467001015648,0.0,0.0
47,Device,FusedBatchNormV3,mobilenetv2_1.00_256/expanded_conv_project_BN/FusedBatchNormV3,4,379.904,94.976,379.904,94.976,0.0023788573393360058,0.7905255574409008,0.0,0.0
48,Device,Conv2D,mobilenetv2_1.00_256/Conv1/Conv2D,2,359.424,179.712,359.424,179.712,0.0022506170515011804,0.792776174492402,0.0,0.0
49,Device,Slice,gradient_tape/mobilenetv2_1.00_256/block_3_pad/Slice_1,2,356.353,178.1765,356.353,178.1765,0.0022313872700587614,0.7950075617624608,0.0,0.0
50,Device,Conv2DBackpropFilter,gradient_tape/mobilenetv2_1.00_256/block_1_project/Conv2D/Conv2DBackpropFilter,2,350.208,175.104,350.208,175.104,0.0021929089219755093,0.7972004706844363,0.0,0.0
51,Device,Pad,mobilenetv2_1.00_256/block_3_pad/Pad,2,343.04,171.52,343.04,171.52,0.0021480248212333206,0.7993484955056697,0.0,0.0
52,Device,Relu6Grad,gradient_tape/mobilenetv2_1.00_256/block_1_depthwise_relu/Relu6/Relu6Grad,2,330.753,165.3765,330.753,165.3765,0.0020710869102652297,0.8014195824159349,0.0,0.0
53,Device,Relu6,mobilenetv2_1.00_256/block_2_depthwise_relu/Relu6,2,325.633,162.8165,325.633,162.8165,0.0020390268383065234,0.8034586092542414,0.0,0.0
54,Device,Relu6,mobilenetv2_1.00_256/block_2_expand_relu/Relu6,2,325.633,162.8165,325.633,162.8165,0.0020390268383065234,0.8054976360925479,0.0,0.0
55,Device,Relu6,mobilenetv2_1.00_256/block_3_expand_relu/Relu6,2,323.585,161.7925,323.585,161.7925,0.002026202809523041,0.8075238389020709,0.0,0.0
56,Device,FusedBatchNormV3,mobilenetv2_1.00_256/block_1_depthwise_BN/FusedBatchNormV3,4,312.32,78.08,312.32,78.08,0.0019556643894810826,0.809479503291552,0.0,0.0
57,Device,Relu6,mobilenetv2_1.00_256/Conv1_relu/Relu6,2,289.793,144.8965,289.793,144.8965,0.0018146063345955796,0.8112941096261477,0.0,0.0
58,Device,Relu6,mobilenetv2_1.00_256/expanded_conv_depthwise_relu/Relu6,2,289.793,144.8965,289.793,144.8965,0.0018146063345955796,0.8131087159607433,0.0,0.0
59,Device,Conv2DBackpropFilter,gradient_tape/mobilenetv2_1.00_256/Conv_1/Conv2D/Conv2DBackpropFilter,2,281.6,140.8,281.6,140.8,0.0017633039577288454,0.8148720199184721,0.0,0.0
60,Device,Conv2D,mobilenetv2_1.00_256/block_2_expand/Conv2D,2,273.409,136.7045,273.409,136.7045,0.0017120141043277194,0.8165840340227999,0.0,0.0
61,Device,Conv2D,mobilenetv2_1.00_256/block_3_expand/Conv2D,2,270.336,135.168,270.336,135.168,0.0016927717994196915,0.8182768058222196,0.0,0.0
62,Device,FusedBatchNormGradV3,gradient_tape/mobilenetv2_1.00_256/block_6_expand_BN/FusedBatchNormGradV3,2,267.265,133.6325,267.265,133.6325,0.0016735420179772719,0.8199503478401969,0.0,0.0
63,Device,FusedBatchNormGradV3,gradient_tape/mobilenetv2_1.00_256/block_4_depthwise_BN/FusedBatchNormGradV3,2,267.264,133.632,267.264,133.632,0.0016735357562444675,0.8216238835964415,0.0,0.0
64,Device,FusedBatchNormGradV3,gradient_tape/mobilenetv2_1.00_256/block_5_expand_BN/FusedBatchNormGradV3,2,267.264,133.632,267.264,133.632,0.0016735357562444675,0.823297419352686,0.0,0.0
65,Device,FusedBatchNormGradV3,gradient_tape/mobilenetv2_1.00_256/block_4_expand_BN/FusedBatchNormGradV3,2,266.241,133.1205,266.241,133.1205,0.0016671300035855307,0.8249645493562715,0.0,0.0
66,Device,FusedBatchNormGradV3,gradient_tape/mobilenetv2_1.00_256/block_5_depthwise_BN/FusedBatchNormGradV3,2,266.241,133.1205,266.241,133.1205,0.0016671300035855307,0.826631679359857,0.0,0.0
67,Device,Conv2DBackpropInput,gradient_tape/mobilenetv2_1.00_256/block_2_project/Conv2D/Conv2DBackpropInput,2,265.217,132.6085,265.217,132.6085,0.0016607179891937893,0.8282923973490508,0.0,0.0
68,Device,Conv2DBackpropInput,gradient_tape/mobilenetv2_1.00_256/Conv_1/Conv2D/Conv2DBackpropInput,4,251.904,62.976,251.904,62.976,0.0015773555403683487,0.8298697528894191,0.0,0.0
69,Device,Conv2DBackpropInput,gradient_tape/mobilenetv2_1.00_256/block_3_expand/Conv2D/Conv2DBackpropInput,2,241.665,120.8325,241.665,120.8325,0.0015132416581837406,0.8313829945476029,0.0,0.0
70,Device,Conv2D,mobilenetv2_1.00_256/expanded_conv_project/Conv2D,2,240.64,120.32,240.64,120.32,0.0015068233820591948,0.8328898179296621,0.0,0.0
71,Device,Conv2DBackpropInput,gradient_tape/mobilenetv2_1.00_256/expanded_conv_project/Conv2D/Conv2DBackpropInput,2,238.592,119.296,238.592,119.296,0.0014939993532757125,0.8343838172829379,0.0,0.0
72,Device,DepthwiseConv2dNative,mobilenetv2_1.00_256/block_3_depthwise/depthwise,2,230.401,115.2005,230.401,115.2005,0.001442709499874587,0.8358265267828124,0.0,0.0
73,Device,Conv2DBackpropInput,gradient_tape/mobilenetv2_1.00_256/block_2_expand/Conv2D/Conv2DBackpropInput,2,229.376,114.688,229.376,114.688,0.0014362912237500412,0.8372628180065624,0.0,0.0
74,Device,Relu6,mobilenetv2_1.00_256/block_1_depthwise_relu/Relu6,2,217.088,108.544,217.088,108.544,0.001359347051049146,0.8386221650576116,0.0,0.0
75,Device,FusedBatchNormGradV3,gradient_tape/mobilenetv2_1.00_256/block_2_project_BN/FusedBatchNormGradV3,2,209.92,104.96,209.92,104.96,0.0013144629503069572,0.8399366280079185,0.0,0.0
76,Device,DepthwiseConv2dNativeBackpropInput,gradient_tape/mobilenetv2_1.00_256/block_5_depthwise/depthwise/DepthwiseConv2dNativeBackpropInput,2,204.801,102.4005,204.801,102.4005,0.0012824091400810555,0.8412190371479995,0.0,0.0
77,Device,FusedBatchNormGradV3,gradient_tape/mobilenetv2_1.00_256/block_1_project_BN/FusedBatchNormGradV3,2,203.777,101.8885,203.777,101.8885,0.001275997125689314,0.8424950342736888,0.0,0.0
78,Device,DepthwiseConv2dNativeBackpropInput,gradient_tape/mobilenetv2_1.00_256/block_4_depthwise/depthwise/DepthwiseConv2dNativeBackpropInput,2,202.753,101.3765,202.753,101.3765,0.0012695851112975729,0.8437646193849864,0.0,0.0
79,Device,Conv2DBackpropFilter,gradient_tape/mobilenetv2_1.00_256/block_16_project/Conv2D/Conv2DBackpropFilter,4,199.681,49.92025,199.681,49.92025,0.0012503490681223493,0.8450149684531088,0.0,0.0
80,Device,FusedBatchNormGradV3,gradient_tape/mobilenetv2_1.00_256/block_3_depthwise_BN/FusedBatchNormGradV3,2,198.656,99.328,198.656,99.328,0.0012439307919978036,0.8462588992451066,0.0,0.0
81,Device,SoftmaxCrossEntropyWithLogits,categorical_crossentropy/softmax_cross_entropy_with_logits,2,197.633,98.8165,197.633,98.8165,0.0012375250393388668,0.8474964242844454,0.0,0.0
82,Device,Conv2D,mobilenetv2_1.00_256/block_2_project/Conv2D,2,195.585,97.7925,195.585,97.7925,0.0012247010105553842,0.8487211252950008,0.0,0.0
83,Device,Conv2DBackpropFilter,gradient_tape/mobilenetv2_1.00_256/block_11_project/Conv2D/Conv2DBackpropFilter,2,192.512,96.256,192.512,96.256,0.0012054587056473558,0.8499265840006481,0.0,0.0
84,Device,Conv2DBackpropFilter,gradient_tape/mobilenetv2_1.00_256/block_6_expand/Conv2D/Conv2DBackpropFilter,2,190.464,95.232,190.464,95.232,0.0011926346768638735,0.8511192186775121,0.0,0.0
85,Device,Conv2DBackpropFilter,gradient_tape/mobilenetv2_1.00_256/block_12_expand/Conv2D/Conv2DBackpropFilter,2,188.417,94.2085,188.417,94.2085,0.0011798169098131955,0.8522990355873252,0.0,0.0
86,Device,Conv2DBackpropFilter,gradient_tape/mobilenetv2_1.00_256/block_12_project/Conv2D/Conv2DBackpropFilter,2,188.417,94.2085,188.417,94.2085,0.0011798169098131955,0.8534788524971384,0.0,0.0
87,Device,Conv2DBackpropFilter,gradient_tape/mobilenetv2_1.00_256/block_13_expand/Conv2D/Conv2DBackpropFilter,2,188.416,94.208,188.416,94.208,0.0011798106480803909,0.8546586631452188,0.0,0.0
88,Device,Conv2DBackpropFilter,gradient_tape/mobilenetv2_1.00_256/block_11_expand/Conv2D/Conv2DBackpropFilter,2,187.392,93.696,187.392,93.696,0.0011733986336886497,0.8558320617789075,0.0,0.0
89,Device,Conv2DBackpropInput,gradient_tape/mobilenetv2_1.00_256/block_1_project/Conv2D/Conv2DBackpropInput,2,185.344,92.672,185.344,92.672,0.0011605746049051671,0.8569926363838126,0.0,0.0
90,Device,Conv2DBackpropFilter,gradient_tape/mobilenetv2_1.00_256/block_5_expand/Conv2D/Conv2DBackpropFilter,2,182.272,91.136,182.272,91.136,0.0011413385617299434,0.8581339749455426,0.0,0.0
91,Device,Conv2DBackpropFilter,gradient_tape/mobilenetv2_1.00_256/block_4_expand/Conv2D/Conv2DBackpropFilter,2,181.248,90.624,181.248,90.624,0.001134926547338202,0.8592689014928807,0.0,0.0
92,Device,Conv2DBackpropFilter,gradient_tape/mobilenetv2_1.00_256/block_4_project/Conv2D/Conv2DBackpropFilter,2,176.128,88.064,176.128,88.064,0.0011028664753794958,0.8603717679682602,0.0,0.0
93,Device,Conv2DBackpropFilter,gradient_tape/mobilenetv2_1.00_256/block_5_project/Conv2D/Conv2DBackpropFilter,2,176.128,88.064,176.128,88.064,0.0011028664753794958,0.8614746344436397,0.0,0.0
94,Device,DepthwiseConv2dNativeBackpropFilter,gradient_tape/mobilenetv2_1.00_256/block_5_depthwise/depthwise/DepthwiseConv2dNativeBackpropFilter,2,171.008,85.504,171.008,85.504,0.0010708064034207897,0.8625454408470605,0.0,0.0
95,Device,DepthwiseConv2dNativeBackpropInput,gradient_tape/mobilenetv2_1.00_256/block_6_depthwise/depthwise/DepthwiseConv2dNativeBackpropInput,2,171.008,85.504,171.008,85.504,0.0010708064034207897,0.8636162472504814,0.0,0.0
96,Device,Conv2DBackpropFilter,gradient_tape/mobilenetv2_1.00_256/block_10_project/Conv2D/Conv2DBackpropFilter,2,169.984,84.992,169.984,84.992,0.0010643943890290483,0.8646806416395104,0.0,0.0
97,Device,DepthwiseConv2dNativeBackpropFilter,gradient_tape/mobilenetv2_1.00_256/block_4_depthwise/depthwise/DepthwiseConv2dNativeBackpropFilter,2,169.984,84.992,169.984,84.992,0.0010643943890290483,0.8657450360285395,0.0,0.0
98,Device,Conv2DBackpropFilter,gradient_tape/mobilenetv2_1.00_256/block_7_project/Conv2D/Conv2DBackpropFilter,2,165.888,82.944,165.888,82.944,0.0010387463314620834,0.8667837823600015,0.0,0.0
99,Device,Conv2DBackpropFilter,gradient_tape/mobilenetv2_1.00_256/block_9_project/Conv2D/Conv2DBackpropFilter,2,164.864,82.432,164.864,82.432,0.001032334317070342,0.8678161166770719,0.0,0.0
100,Device,FusedBatchNormV3,mobilenetv2_1.00_256/block_4_depthwise_BN/FusedBatchNormV3,4,164.864,41.216,164.864,41.216,0.001032334317070342,0.8688484509941423,0.0,0.0
101,Device,Relu6Grad,gradient_tape/mobilenetv2_1.00_256/block_4_expand_relu/Relu6/Relu6Grad,2,163.84,81.92,163.84,81.92,0.0010259223026786008,0.8698743732968209,0.0,0.0
102,Device,Relu6Grad,gradient_tape/mobilenetv2_1.00_256/block_5_expand_relu/Relu6/Relu6Grad,2,163.84,81.92,163.84,81.92,0.0010259223026786008,0.8709002955994996,0.0,0.0
103,Device,Relu6Grad,gradient_tape/mobilenetv2_1.00_256/block_6_expand_relu/Relu6/Relu6Grad,2,163.84,81.92,163.84,81.92,0.0010259223026786008,0.8719262179021782,0.0,0.0
104,Device,Conv2DBackpropFilter,gradient_tape/mobilenetv2_1.00_256/block_8_project/Conv2D/Conv2DBackpropFilter,2,163.84,81.92,163.84,81.92,0.0010259223026786008,0.8729521402048568,0.0,0.0
105,Device,Relu6Grad,gradient_tape/mobilenetv2_1.00_256/block_4_depthwise_relu/Relu6/Relu6Grad,2,162.816,81.408,162.816,81.408,0.0010195102882868596,0.8739716504931436,0.0,0.0
106,Device,FusedBatchNormV3,mobilenetv2_1.00_256/block_5_depthwise_BN/FusedBatchNormV3,4,162.816,40.704,162.816,40.704,0.0010195102882868596,0.8749911607814305,0.0,0.0
107,Device,Relu6Grad,gradient_tape/mobilenetv2_1.00_256/block_5_depthwise_relu/Relu6/Relu6Grad,2,161.792,80.896,161.792,80.896,0.0010130982738951182,0.8760042590553255,0.0,0.0
108,Device,DepthwiseConv2dNativeBackpropInput,gradient_tape/mobilenetv2_1.00_256/block_11_depthwise/depthwise/DepthwiseConv2dNativeBackpropInput,2,159.745,79.8725,159.745,79.8725,0.0010002805068444402,0.87700453956217,0.0,0.0
109,Device,FusedBatchNormV3,mobilenetv2_1.00_256/block_6_expand_BN/FusedBatchNormV3,4,158.721,39.68025,158.721,39.68025,0.000993868492452699,0.8779984080546227,0.0,0.0
110,Device,FusedBatchNormV3,mobilenetv2_1.00_256/block_4_expand_BN/FusedBatchNormV3,4,158.72,39.68,158.72,39.68,0.0009938622307198944,0.8789922702853425,0.0,0.0
111,Device,FusedBatchNormV3,mobilenetv2_1.00_256/block_5_expand_BN/FusedBatchNormV3,4,157.697,39.42425,157.697,39.42425,0.0009874564780609576,0.8799797267634035,0.0,0.0
112,Device,DepthwiseConv2dNativeBackpropInput,gradient_tape/mobilenetv2_1.00_256/block_12_depthwise/depthwise/DepthwiseConv2dNativeBackpropInput,2,157.696,78.848,157.696,78.848,0.0009874502163281533,0.8809671769797317,0.0,0.0
113,Device,Conv2DBackpropFilter,gradient_tape/mobilenetv2_1.00_256/block_3_project/Conv2D/Conv2DBackpropFilter,2,152.576,76.288,152.576,76.288,0.0009553901443694469,0.8819225671241011,0.0,0.0
114,Device,Conv2D,mobilenetv2_1.00_256/block_16_project/Conv2D,2,148.48,74.24,148.48,74.24,0.0009297420868024819,0.8828523092109036,0.0,0.0
115,Device,Conv2D,mobilenetv2_1.00_256/block_1_project/Conv2D,2,145.409,72.7045,145.409,72.7045,0.0009105123053600626,0.8837628215162637,0.0,0.0
116,Device,Conv2DBackpropInput,gradient_tape/mobilenetv2_1.00_256/block_14_expand/Conv2D/Conv2DBackpropInput,4,144.384,36.096,144.384,36.096,0.0009040940292355168,0.8846669155454993,0.0,0.0
117,Device,Conv2DBackpropFilter,gradient_tape/mobilenetv2_1.00_256/block_15_expand/Conv2D/Conv2DBackpropFilter,4,144.384,36.096,144.384,36.096,0.0009040940292355168,0.8855710095747348,0.0,0.0
118,Device,Conv2DBackpropFilter,gradient_tape/mobilenetv2_1.00_256/block_16_expand/Conv2D/Conv2DBackpropFilter,4,144.384,36.096,144.384,36.096,0.0009040940292355168,0.8864751036039703,0.0,0.0
119,Device,Conv2DBackpropFilter,gradient_tape/mobilenetv2_1.00_256/block_14_expand/Conv2D/Conv2DBackpropFilter,4,143.36,35.84,143.36,35.84,0.0008976820148437757,0.887372785618814,0.0,0.0
120,Device,ArgMax,ArgMax,2,142.336,71.168,142.336,71.168,0.0008912700004520346,0.8882640556192661,0.0,0.0
121,Device,Conv2DBackpropInput,gradient_tape/mobilenetv2_1.00_256/block_15_expand/Conv2D/Conv2DBackpropInput,4,141.312,35.328,141.312,35.328,0.0008848579860602933,0.8891489136053264,0.0,0.0
122,Device,Conv2DBackpropInput,gradient_tape/mobilenetv2_1.00_256/block_16_expand/Conv2D/Conv2DBackpropInput,4,141.312,35.328,141.312,35.328,0.0008848579860602933,0.8900337715913867,0.0,0.0
123,Device,Conv2D,mobilenetv2_1.00_256/Conv_1/Conv2D,2,138.241,69.1205,138.241,69.1205,0.000865628204617874,0.8908993997960046,0.0,0.0
124,Device,DepthwiseConv2dNativeBackpropInput,gradient_tape/mobilenetv2_1.00_256/block_13_depthwise/depthwise/DepthwiseConv2dNativeBackpropInput,2,138.24,69.12,138.24,69.12,0.0008656219428850695,0.8917650217388897,0.0,0.0
125,Device,DepthwiseConv2dNativeBackpropFilter,gradient_tape/mobilenetv2_1.00_256/block_12_depthwise/depthwise/DepthwiseConv2dNativeBackpropFilter,2,137.216,68.608,137.216,68.608,0.0008592099284933282,0.892624231667383,0.0,0.0
126,Device,Conv2DBackpropInput,gradient_tape/mobilenetv2_1.00_256/block_11_expand/Conv2D/Conv2DBackpropInput,2,136.192,68.096,136.192,68.096,0.0008527979141015869,0.8934770295814846,0.0,0.0
127,Device,Conv2DBackpropInput,gradient_tape/mobilenetv2_1.00_256/block_12_expand/Conv2D/Conv2DBackpropInput,2,136.192,68.096,136.192,68.096,0.0008527979141015869,0.8943298274955861,0.0,0.0
128,Device,DepthwiseConv2dNativeBackpropFilter,gradient_tape/mobilenetv2_1.00_256/block_11_depthwise/depthwise/DepthwiseConv2dNativeBackpropFilter,2,135.169,67.5845,135.169,67.5845,0.0008463921614426501,0.8951762196570288,0.0,0.0
129,Device,Conv2DBackpropInput,gradient_tape/mobilenetv2_1.00_256/block_13_expand/Conv2D/Conv2DBackpropInput,2,135.168,67.584,135.168,67.584,0.0008463858997098458,0.8960226055567386,0.0,0.0
130,Device,Conv2DBackpropInput,gradient_tape/mobilenetv2_1.00_256/block_16_project/Conv2D/Conv2DBackpropInput,2,129.025,64.5125,129.025,64.5125,0.0008079200750922026,0.8968305256318309,0.0,0.0
131,Device,FusedBatchNormGradV3,gradient_tape/mobilenetv2_1.00_256/block_11_depthwise_BN/FusedBatchNormGradV3,2,128.0,64.0,128.0,64.0,0.0008015017989676568,0.8976320274307985,0.0,0.0
132,Device,FusedBatchNormGradV3,gradient_tape/mobilenetv2_1.00_256/block_12_expand_BN/FusedBatchNormGradV3,2,126.977,63.4885,126.977,63.4885,0.0007950960463087201,0.8984271234771072,0.0,0.0
133,Device,Transpose,gradient_tape/mobilenetv2_1.00_256/Conv1/Conv2D/Conv2DBackpropFilter-0-TransposeNHWCToNCHW-LayoutOptimizer,2,125.952,62.976,125.952,62.976,0.0007886777701841744,0.8992158012472914,0.0,0.0
134,Device,FusedBatchNormGradV3,gradient_tape/mobilenetv2_1.00_256/block_11_expand_BN/FusedBatchNormGradV3,2,125.952,62.976,125.952,62.976,0.0007886777701841744,0.9000044790174756,0.0,0.0
135,Device,Relu6Grad,gradient_tape/mobilenetv2_1.00_256/block_13_expand_relu/Relu6/Relu6Grad,2,125.952,62.976,125.952,62.976,0.0007886777701841744,0.9007931567876598,0.0,0.0
136,Device,FusedBatchNormGradV3,gradient_tape/mobilenetv2_1.00_256/block_12_depthwise_BN/FusedBatchNormGradV3,2,124.928,62.464,124.928,62.464,0.0007822657557924331,0.9015754225434522,0.0,0.0
137,Device,FusedBatchNormGradV3,gradient_tape/mobilenetv2_1.00_256/block_13_expand_BN/FusedBatchNormGradV3,2,124.928,62.464,124.928,62.464,0.0007822657557924331,0.9023576882992447,0.0,0.0
138,Device,Relu6Grad,gradient_tape/mobilenetv2_1.00_256/block_11_expand_relu/Relu6/Relu6Grad,2,122.88,61.44,122.88,61.44,0.0007694417270089506,0.9031271300262537,0.0,0.0
139,Device,Slice,gradient_tape/mobilenetv2_1.00_256/block_6_pad/Slice_1,2,122.88,61.44,122.88,61.44,0.0007694417270089506,0.9038965717532627,0.0,0.0
140,Device,Relu6Grad,gradient_tape/mobilenetv2_1.00_256/block_12_expand_relu/Relu6/Relu6Grad,2,121.856,60.928,121.856,60.928,0.0007630297126172093,0.9046596014658799,0.0,0.0
141,Device,Conv2DBackpropInput,gradient_tape/mobilenetv2_1.00_256/block_12_project/Conv2D/Conv2DBackpropInput,2,121.856,60.928,121.856,60.928,0.0007630297126172093,0.9054226311784971,0.0,0.0
142,Device,Pad,mobilenetv2_1.00_256/block_6_pad/Pad,2,120.833,60.4165,120.833,60.4165,0.0007566239599582725,0.9061792551384553,0.0,0.0
143,Device,Conv2D,mobilenetv2_1.00_256/block_11_project/Conv2D,2,120.832,60.416,120.832,60.416,0.000756617698225468,0.9069358728366808,0.0,0.0
144,Device,Relu6Grad,gradient_tape/mobilenetv2_1.00_256/block_11_depthwise_relu/Relu6/Relu6Grad,2,119.808,59.904,119.808,59.904,0.0007502056838337268,0.9076860785205145,0.0,0.0
145,Device,Conv2DBackpropInput,gradient_tape/mobilenetv2_1.00_256/block_11_project/Conv2D/Conv2DBackpropInput,2,119.808,59.904,119.808,59.904,0.0007502056838337268,0.9084362842043483,0.0,0.0
146,Device,Relu6Grad,gradient_tape/mobilenetv2_1.00_256/block_12_depthwise_relu/Relu6/Relu6Grad,2,119.808,59.904,119.808,59.904,0.0007502056838337268,0.9091864898881821,0.0,0.0
147,Device,Conv2DBackpropFilter,gradient_tape/mobilenetv2_1.00_256/block_15_project/Conv2D/Conv2DBackpropFilter,4,118.785,29.69625,118.785,29.69625,0.00074379993117479,0.9099302898193569,0.0,0.0
148,Device,Relu6Grad,gradient_tape/mobilenetv2_1.00_256/block_3_depthwise_relu/Relu6/Relu6Grad,2,118.785,59.3925,118.785,59.3925,0.00074379993117479,0.9106740897505317,0.0,0.0
149,Device,Conv2D,mobilenetv2_1.00_256/block_12_project/Conv2D,2,118.784,59.392,118.784,59.392,0.0007437936694419856,0.9114178834199737,0.0,0.0
150,Device,Conv2DBackpropFilter,gradient_tape/mobilenetv2_1.00_256/block_14_project/Conv2D/Conv2DBackpropFilter,4,117.76,29.44,117.76,29.44,0.0007373816550502444,0.9121552650750239,0.0,0.0
151,Device,DepthwiseConv2dNative,mobilenetv2_1.00_256/block_4_depthwise/depthwise,2,116.736,58.368,116.736,58.368,0.0007309696406585031,0.9128862347156824,0.0,0.0
152,Device,DepthwiseConv2dNative,mobilenetv2_1.00_256/block_5_depthwise/depthwise,2,116.736,58.368,116.736,58.368,0.0007309696406585031,0.913617204356341,0.0,0.0
153,Device,FusedBatchNormV3,mobilenetv2_1.00_256/block_3_depthwise_BN/FusedBatchNormV3,4,115.712,28.928,115.712,28.928,0.0007245576262667619,0.9143417619826077,0.0,0.0
154,Device,FusedBatchNormV3,mobilenetv2_1.00_256/block_2_project_BN/FusedBatchNormV3,4,112.64,28.16,112.64,28.16,0.000705321583091538,0.9150470835656993,0.0,0.0
155,Device,ArgMax,ArgMax_1,2,110.592,55.296,110.592,55.296,0.0006924975543080555,0.9157395811200073,0.0,0.0
156,Device,Relu6,mobilenetv2_1.00_256/block_4_depthwise_relu/Relu6,2,110.592,55.296,110.592,55.296,0.0006924975543080555,0.9164320786743153,0.0,0.0
157,Device,Relu6,mobilenetv2_1.00_256/block_4_expand_relu/Relu6,2,110.592,55.296,110.592,55.296,0.0006924975543080555,0.9171245762286233,0.0,0.0
158,Device,Relu6,mobilenetv2_1.00_256/block_6_expand_relu/Relu6,2,110.592,55.296,110.592,55.296,0.0006924975543080555,0.9178170737829313,0.0,0.0
159,Device,Conv2DBackpropInput,gradient_tape/mobilenetv2_1.00_256/block_10_expand/Conv2D/Conv2DBackpropInput,2,109.568,54.784,109.568,54.784,0.0006860855399163143,0.9185031593228477,0.0,0.0
160,Device,Relu6,mobilenetv2_1.00_256/block_5_depthwise_relu/Relu6,2,109.568,54.784,109.568,54.784,0.0006860855399163143,0.919189244862764,0.0,0.0
161,Device,Relu6,mobilenetv2_1.00_256/block_5_expand_relu/Relu6,2,109.568,54.784,109.568,54.784,0.0006860855399163143,0.9198753304026803,0.0,0.0
162,Device,DepthwiseConv2dNativeBackpropInput,gradient_tape/mobilenetv2_1.00_256/block_7_depthwise/depthwise/DepthwiseConv2dNativeBackpropInput,2,108.544,54.272,108.544,54.272,0.000679673525524573,0.9205550039282049,0.0,0.0
163,Device,DepthwiseConv2dNativeBackpropInput,gradient_tape/mobilenetv2_1.00_256/block_8_depthwise/depthwise/DepthwiseConv2dNativeBackpropInput,2,108.544,54.272,108.544,54.272,0.000679673525524573,0.9212346774537294,0.0,0.0
164,Device,Conv2DBackpropFilter,gradient_tape/mobilenetv2_1.00_256/block_10_expand/Conv2D/Conv2DBackpropFilter,2,107.52,53.76,107.52,53.76,0.0006732615111328318,0.9219079389648622,0.0,0.0
165,Device,Conv2DBackpropInput,gradient_tape/mobilenetv2_1.00_256/block_7_expand/Conv2D/Conv2DBackpropInput,2,107.52,53.76,107.52,53.76,0.0006732615111328318,0.922581200475995,0.0,0.0
166,Device,Conv2D,mobilenetv2_1.00_256/block_11_expand/Conv2D,2,107.52,53.76,107.52,53.76,0.0006732615111328318,0.9232544619871278,0.0,0.0
167,Device,Conv2D,mobilenetv2_1.00_256/block_12_expand/Conv2D,2,107.52,53.76,107.52,53.76,0.0006732615111328318,0.9239277234982606,0.0,0.0
168,Device,Conv2D,mobilenetv2_1.00_256/block_13_expand/Conv2D,2,107.52,53.76,107.52,53.76,0.0006732615111328318,0.9246009850093934,0.0,0.0
169,Device,Conv2DBackpropInput,gradient_tape/mobilenetv2_1.00_256/block_9_expand/Conv2D/Conv2DBackpropInput,2,106.497,53.2485,106.497,53.2485,0.000666855758473895,0.9252678407678673,0.0,0.0
170,Device,DepthwiseConv2dNativeBackpropInput,gradient_tape/mobilenetv2_1.00_256/block_10_depthwise/depthwise/DepthwiseConv2dNativeBackpropInput,2,106.496,53.248,106.496,53.248,0.0006668494967410905,0.9259346902646084,0.0,0.0
171,Device,Conv2DBackpropFilter,gradient_tape/mobilenetv2_1.00_256/block_7_expand/Conv2D/Conv2DBackpropFilter,2,106.496,53.248,106.496,53.248,0.0006668494967410905,0.9266015397613495,0.0,0.0
172,Device,Conv2DBackpropFilter,gradient_tape/mobilenetv2_1.00_256/block_8_expand/Conv2D/Conv2DBackpropFilter,2,106.496,53.248,106.496,53.248,0.0006668494967410905,0.9272683892580906,0.0,0.0
173,Device,Conv2DBackpropInput,gradient_tape/mobilenetv2_1.00_256/block_8_expand/Conv2D/Conv2DBackpropInput,2,106.496,53.248,106.496,53.248,0.0006668494967410905,0.9279352387548317,0.0,0.0
174,Device,DepthwiseConv2dNativeBackpropInput,gradient_tape/mobilenetv2_1.00_256/block_9_depthwise/depthwise/DepthwiseConv2dNativeBackpropInput,2,106.496,53.248,106.496,53.248,0.0006668494967410905,0.9286020882515729,0.0,0.0
175,Device,Conv2DBackpropFilter,gradient_tape/mobilenetv2_1.00_256/block_9_expand/Conv2D/Conv2DBackpropFilter,2,106.496,53.248,106.496,53.248,0.0006668494967410905,0.929268937748314,0.0,0.0
176,Device,FusedBatchNormV3,mobilenetv2_1.00_256/block_1_project_BN/FusedBatchNormV3,4,104.448,26.112,104.448,26.112,0.000654025467957608,0.9299229632162715,0.0,0.0
177,Device,Conv2DBackpropFilter,gradient_tape/mobilenetv2_1.00_256/block_6_project/Conv2D/Conv2DBackpropFilter,2,101.376,50.688,101.376,50.688,0.0006347894247823843,0.9305577526410539,0.0,0.0
178,Device,Conv2D,mobilenetv2_1.00_256/block_14_project/Conv2D,2,101.376,50.688,101.376,50.688,0.0006347894247823843,0.9311925420658362,0.0,0.0
179,Device,Conv2D,mobilenetv2_1.00_256/block_15_project/Conv2D,2,101.376,50.688,101.376,50.688,0.0006347894247823843,0.9318273314906186,0.0,0.0
180,Device,Conv2D,mobilenetv2_1.00_256/block_6_expand/Conv2D,2,100.352,50.176,100.352,50.176,0.000628377410390643,0.9324557089010093,0.0,0.0
181,Device,Conv2D,mobilenetv2_1.00_256/block_4_expand/Conv2D,2,99.328,49.664,99.328,49.664,0.0006219653959989018,0.9330776742970082,0.0,0.0
182,Device,Conv2D,mobilenetv2_1.00_256/block_5_expand/Conv2D,2,99.328,49.664,99.328,49.664,0.0006219653959989018,0.9336996396930071,0.0,0.0
183,Device,Conv2DBackpropInput,gradient_tape/mobilenetv2_1.00_256/block_4_project/Conv2D/Conv2DBackpropInput,2,98.305,49.1525,98.305,49.1525,0.000615559643339965,0.934315199336347,0.0,0.0
184,Device,DepthwiseConv2dNativeBackpropFilter,gradient_tape/mobilenetv2_1.00_256/block_10_depthwise/depthwise/DepthwiseConv2dNativeBackpropFilter,2,97.28,48.64,97.28,48.64,0.0006091413672154192,0.9349243407035625,0.0,0.0
185,Device,DepthwiseConv2dNativeBackpropFilter,gradient_tape/mobilenetv2_1.00_256/block_9_depthwise/depthwise/DepthwiseConv2dNativeBackpropFilter,2,97.28,48.64,97.28,48.64,0.0006091413672154192,0.9355334820707779,0.0,0.0
186,Device,Conv2DBackpropInput,gradient_tape/mobilenetv2_1.00_256/block_5_project/Conv2D/Conv2DBackpropInput,2,96.256,48.128,96.256,48.128,0.0006027293528236779,0.9361362114236016,0.0,0.0
187,Device,Pad,mobilenetv2_1.00_256/block_13_pad/Pad,2,96.256,48.128,96.256,48.128,0.0006027293528236779,0.9367389407764253,0.0,0.0
188,Device,DepthwiseConv2dNativeBackpropFilter,gradient_tape/mobilenetv2_1.00_256/block_8_depthwise/depthwise/DepthwiseConv2dNativeBackpropFilter,2,95.232,47.616,95.232,47.616,0.0005963173384319367,0.9373352581148572,0.0,0.0
189,Device,DepthwiseConv2dNativeBackpropFilter,gradient_tape/mobilenetv2_1.00_256/block_7_depthwise/depthwise/DepthwiseConv2dNativeBackpropFilter,2,94.209,47.1045,94.209,47.1045,0.0005899115857729999,0.9379251697006302,0.0,0.0
190,Device,Conv2DBackpropFilter,gradient_tape/mobilenetv2_1.00_256/block_13_project/Conv2D/Conv2DBackpropFilter,4,93.184,23.296,93.184,23.296,0.0005834933096484542,0.9385086630102787,0.0,0.0
191,Device,DepthwiseConv2dNative,mobilenetv2_1.00_256/block_6_depthwise/depthwise,2,93.184,46.592,93.184,46.592,0.0005834933096484542,0.9390921563199272,0.0,0.0
192,Device,Conv2DBackpropInput,gradient_tape/mobilenetv2_1.00_256/block_3_project/Conv2D/Conv2DBackpropInput,2,91.136,45.568,91.136,45.568,0.0005706692808649717,0.9396628256007922,0.0,0.0
193,Device,FusedBatchNormV3,mobilenetv2_1.00_256/block_11_depthwise_BN/FusedBatchNormV3,4,91.136,22.784,91.136,22.784,0.0005706692808649717,0.9402334948816572,0.0,0.0
194,Device,Conv2D,mobilenetv2_1.00_256/block_10_project/Conv2D,2,90.113,45.0565,90.113,45.0565,0.0005642635282060349,0.9407977584098632,0.0,0.0
195,Device,FusedBatchNormV3,mobilenetv2_1.00_256/block_13_expand_BN/FusedBatchNormV3,4,90.112,22.528,90.112,22.528,0.0005642572664732304,0.9413620156763365,0.0,0.0
196,Device,Conv2DBackpropInput,gradient_tape/mobilenetv2_1.00_256/block_10_project/Conv2D/Conv2DBackpropInput,2,89.088,44.544,89.088,44.544,0.0005578452520814891,0.941919860928418,0.0,0.0
197,Device,DepthwiseConv2dNative,mobilenetv2_1.00_256/block_11_depthwise/depthwise,2,89.088,44.544,89.088,44.544,0.0005578452520814891,0.9424777061804994,0.0,0.0
198,Device,Conv2DBackpropInput,gradient_tape/mobilenetv2_1.00_256/block_6_expand/Conv2D/Conv2DBackpropInput,2,88.065,44.0325,88.065,44.0325,0.0005514394994225524,0.943029145679922,0.0,0.0
199,Device,DepthwiseConv2dNative,mobilenetv2_1.00_256/block_12_depthwise/depthwise,2,88.065,44.0325,88.065,44.0325,0.0005514394994225524,0.9435805851793446,0.0,0.0
200,Device,Conv2DBackpropInput,gradient_tape/mobilenetv2_1.00_256/block_4_expand/Conv2D/Conv2DBackpropInput,2,88.064,44.032,88.064,44.032,0.0005514332376897479,0.9441320184170344,0.0,0.0
201,Device,Conv2DBackpropInput,gradient_tape/mobilenetv2_1.00_256/block_5_expand/Conv2D/Conv2DBackpropInput,2,88.064,44.032,88.064,44.032,0.0005514332376897479,0.9446834516547242,0.0,0.0
202,Device,FusedBatchNormV3,mobilenetv2_1.00_256/block_12_expand_BN/FusedBatchNormV3,4,88.064,22.016,88.064,22.016,0.0005514332376897479,0.945234884892414,0.0,0.0
203,Device,FusedBatchNormV3,mobilenetv2_1.00_256/block_11_expand_BN/FusedBatchNormV3,4,87.04,21.76,87.04,21.76,0.0005450212232980067,0.945779906115712,0.0,0.0
204,Device,FusedBatchNormV3,mobilenetv2_1.00_256/block_12_depthwise_BN/FusedBatchNormV3,4,87.04,21.76,87.04,21.76,0.0005450212232980067,0.9463249273390101,0.0,0.0
205,Device,FusedBatchNormGradV3,gradient_tape/mobilenetv2_1.00_256/block_10_expand_BN/FusedBatchNormGradV3,2,86.016,43.008,86.016,43.008,0.0005386092089062654,0.9468635365479163,0.0,0.0
206,Device,FusedBatchNormGradV3,gradient_tape/mobilenetv2_1.00_256/block_7_depthwise_BN/FusedBatchNormGradV3,2,86.016,43.008,86.016,43.008,0.0005386092089062654,0.9474021457568226,0.0,0.0
207,Device,FusedBatchNormGradV3,gradient_tape/mobilenetv2_1.00_256/block_7_expand_BN/FusedBatchNormGradV3,2,86.016,43.008,86.016,43.008,0.0005386092089062654,0.9479407549657288,0.0,0.0
208,Device,FusedBatchNormGradV3,gradient_tape/mobilenetv2_1.00_256/block_8_expand_BN/FusedBatchNormGradV3,2,86.016,43.008,86.016,43.008,0.0005386092089062654,0.9484793641746351,0.0,0.0
209,Device,FusedBatchNormGradV3,gradient_tape/mobilenetv2_1.00_256/block_10_depthwise_BN/FusedBatchNormGradV3,2,84.993,42.4965,84.993,42.4965,0.0005322034562473285,0.9490115676308825,0.0,0.0
210,Device,FusedBatchNormGradV3,gradient_tape/mobilenetv2_1.00_256/block_9_depthwise_BN/FusedBatchNormGradV3,2,84.992,42.496,84.992,42.496,0.0005321971945145242,0.9495437648253969,0.0,0.0
211,Device,FusedBatchNormGradV3,gradient_tape/mobilenetv2_1.00_256/block_8_depthwise_BN/FusedBatchNormGradV3,2,83.968,41.984,83.968,41.984,0.000525785180122783,0.9500695500055197,0.0,0.0
212,Device,FusedBatchNormGradV3,gradient_tape/mobilenetv2_1.00_256/block_9_expand_BN/FusedBatchNormGradV3,2,83.968,41.984,83.968,41.984,0.000525785180122783,0.9505953351856425,0.0,0.0
213,Device,Conv2D,mobilenetv2_1.00_256/block_4_project/Conv2D,2,82.945,41.4725,82.945,41.4725,0.000519379427463846,0.9511147146131064,0.0,0.0
214,Device,Conv2DBackpropInput,gradient_tape/mobilenetv2_1.00_256/block_14_project/Conv2D/Conv2DBackpropInput,2,82.944,41.472,82.944,41.472,0.0005193731657310417,0.9516340877788374,0.0,0.0
215,Device,AddV2,mobilenetv2_1.00_256/block_2_add/add,2,81.92,40.96,81.92,40.96,0.0005129611513393004,0.9521470489301767,0.0,0.0
216,Device,AddN,SGD/gradients/AddN_9,2,80.896,40.448,80.896,40.448,0.0005065491369475591,0.9526535980671242,0.0,0.0
217,Device,Slice,gradient_tape/mobilenetv2_1.00_256/block_13_pad/Slice_1,2,80.896,40.448,80.896,40.448,0.0005065491369475591,0.9531601472040718,0.0,0.0
218,Device,Conv2DBackpropInput,gradient_tape/mobilenetv2_1.00_256/block_15_project/Conv2D/Conv2DBackpropInput,2,80.896,40.448,80.896,40.448,0.0005065491369475591,0.9536666963410194,0.0,0.0
219,Device,Relu6,mobilenetv2_1.00_256/block_3_depthwise_relu/Relu6,2,80.896,40.448,80.896,40.448,0.0005065491369475591,0.954173245477967,0.0,0.0
220,Device,Conv2D,mobilenetv2_1.00_256/block_5_project/Conv2D,2,80.896,40.448,80.896,40.448,0.0005065491369475591,0.9546797946149146,0.0,0.0
221,Device,Relu6Grad,gradient_tape/mobilenetv2_1.00_256/block_7_expand_relu/Relu6/Relu6Grad,2,79.872,39.936,79.872,39.936,0.0005001371225558179,0.9551799317374704,0.0,0.0
222,Device,Relu6Grad,gradient_tape/mobilenetv2_1.00_256/block_8_expand_relu/Relu6/Relu6Grad,2,78.848,39.424,78.848,39.424,0.0004937251081640766,0.9556736568456344,0.0,0.0
223,Device,Conv2D,mobilenetv2_1.00_256/block_14_expand/Conv2D,2,78.848,39.424,78.848,39.424,0.0004937251081640766,0.9561673819537985,0.0,0.0
224,Device,Relu6Grad,gradient_tape/mobilenetv2_1.00_256/block_9_expand_relu/Relu6/Relu6Grad,2,77.824,38.912,77.824,38.912,0.00048731309377233534,0.9566546950475708,0.0,0.0
225,Device,DepthwiseConv2dNative,mobilenetv2_1.00_256/block_13_depthwise/depthwise,2,75.776,37.888,75.776,37.888,0.00047448906498885287,0.9571291841125597,0.0,0.0
226,Device,Conv2D,mobilenetv2_1.00_256/block_15_expand/Conv2D,2,75.776,37.888,75.776,37.888,0.00047448906498885287,0.9576036731775485,0.0,0.0
227,Device,Relu6,mobilenetv2_1.00_256/block_11_expand_relu/Relu6,2,74.753,37.3765,74.753,37.3765,0.00046808331232991605,0.9580717564898784,0.0,0.0
228,Device,DepthwiseConv2dNativeBackpropInput,gradient_tape/mobilenetv2_1.00_256/block_15_depthwise/depthwise/DepthwiseConv2dNativeBackpropInput,2,74.752,37.376,74.752,37.376,0.0004680770505971116,0.9585398335404756,0.0,0.0
229,Device,DepthwiseConv2dNativeBackpropInput,gradient_tape/mobilenetv2_1.00_256/block_16_depthwise/depthwise/DepthwiseConv2dNativeBackpropInput,2,74.752,37.376,74.752,37.376,0.0004680770505971116,0.9590079105910727,0.0,0.0
230,Device,Relu6,mobilenetv2_1.00_256/block_12_depthwise_relu/Relu6,2,74.752,37.376,74.752,37.376,0.0004680770505971116,0.9594759876416699,0.0,0.0
231,Device,Relu6,mobilenetv2_1.00_256/block_12_expand_relu/Relu6,2,74.752,37.376,74.752,37.376,0.0004680770505971116,0.959944064692267,0.0,0.0
232,Device,Conv2D,mobilenetv2_1.00_256/block_16_expand/Conv2D,2,74.752,37.376,74.752,37.376,0.0004680770505971116,0.9604121417428642,0.0,0.0
233,Device,DepthwiseConv2dNativeBackpropInput,gradient_tape/mobilenetv2_1.00_256/block_14_depthwise/depthwise/DepthwiseConv2dNativeBackpropInput,2,73.728,36.864,73.728,36.864,0.00046166503620537035,0.9608738067790695,0.0,0.0
234,Device,Relu6,mobilenetv2_1.00_256/block_11_depthwise_relu/Relu6,2,73.728,36.864,73.728,36.864,0.00046166503620537035,0.9613354718152749,0.0,0.0
235,Device,Relu6,mobilenetv2_1.00_256/block_13_expand_relu/Relu6,2,73.728,36.864,73.728,36.864,0.00046166503620537035,0.9617971368514803,0.0,0.0
236,Device,Relu6Grad,gradient_tape/mobilenetv2_1.00_256/block_7_depthwise_relu/Relu6/Relu6Grad,2,71.68,35.84,71.68,35.84,0.0004488410074218879,0.9622459778589022,0.0,0.0
237,Device,Relu6Grad,gradient_tape/mobilenetv2_1.00_256/block_8_depthwise_relu/Relu6/Relu6Grad,2,71.68,35.84,71.68,35.84,0.0004488410074218879,0.9626948188663241,0.0,0.0
238,Device,Relu6Grad,gradient_tape/mobilenetv2_1.00_256/block_9_depthwise_relu/Relu6/Relu6Grad,2,71.68,35.84,71.68,35.84,0.0004488410074218879,0.9631436598737461,0.0,0.0
239,Device,Conv2D,mobilenetv2_1.00_256/block_13_project/Conv2D,2,71.68,35.84,71.68,35.84,0.0004488410074218879,0.963592500881168,0.0,0.0
240,Device,FusedBatchNormGradV3,gradient_tape/mobilenetv2_1.00_256/Conv_1_bn/FusedBatchNormGradV3,2,70.656,35.328,70.656,35.328,0.00044242899303014664,0.9640349298741981,0.0,0.0
241,Device,Relu6Grad,gradient_tape/mobilenetv2_1.00_256/block_10_expand_relu/Relu6/Relu6Grad,2,69.632,34.816,69.632,34.816,0.00043601697863840535,0.9644709468528365,0.0,0.0
242,Device,Conv2D,mobilenetv2_1.00_256/block_7_project/Conv2D,2,69.632,34.816,69.632,34.816,0.00043601697863840535,0.9649069638314749,0.0,0.0
243,Device,Conv2D,mobilenetv2_1.00_256/block_9_project/Conv2D,2,68.608,34.304,68.608,34.304,0.0004296049642466641,0.9653365687957216,0.0,0.0
244,Device,Relu6Grad,gradient_tape/mobilenetv2_1.00_256/block_10_depthwise_relu/Relu6/Relu6Grad,2,67.585,33.7925,67.585,33.7925,0.00042319921158772724,0.9657597680073093,0.0,0.0
245,Device,Conv2DBackpropInput,gradient_tape/mobilenetv2_1.00_256/block_13_project/Conv2D/Conv2DBackpropInput,2,67.584,33.792,67.584,33.792,0.0004231929498549229,0.9661829609571643,0.0,0.0
246,Device,Conv2D,mobilenetv2_1.00_256/block_8_project/Conv2D,2,66.56,33.28,66.56,33.28,0.0004167809354631816,0.9665997418926274,0.0,0.0
247,Device,Conv2D,mobilenetv2_1.00_256/block_9_expand/Conv2D,2,65.536,32.768,65.536,32.768,0.00041036892107144035,0.9670101108136989,0.0,0.0
248,Device,Conv2DBackpropInput,gradient_tape/mobilenetv2_1.00_256/block_7_project/Conv2D/Conv2DBackpropInput,2,64.512,32.256,64.512,32.256,0.00040395690667969906,0.9674140677203786,0.0,0.0
249,Device,Conv2D,mobilenetv2_1.00_256/block_10_expand/Conv2D,2,64.512,32.256,64.512,32.256,0.00040395690667969906,0.9678180246270583,0.0,0.0
250,Device,Conv2D,mobilenetv2_1.00_256/block_8_expand/Conv2D,2,64.512,32.256,64.512,32.256,0.00040395690667969906,0.9682219815337381,0.0,0.0
251,Device,Conv2DBackpropInput,gradient_tape/mobilenetv2_1.00_256/block_9_project/Conv2D/Conv2DBackpropInput,2,63.488,31.744,63.488,31.744,0.0003975448922879578,0.968619526426026,0.0,0.0
252,Device,Conv2D,mobilenetv2_1.00_256/block_7_expand/Conv2D,2,63.488,31.744,63.488,31.744,0.0003975448922879578,0.9690170713183139,0.0,0.0
253,Device,Conv2DBackpropInput,gradient_tape/mobilenetv2_1.00_256/block_8_project/Conv2D/Conv2DBackpropInput,2,62.464,31.232,62.464,31.232,0.00039113287789621653,0.9694082041962102,0.0,0.0
254,Device,Relu6Grad,gradient_tape/mobilenetv2_1.00_256/out_relu/Relu6/Relu6Grad,2,62.464,31.232,62.464,31.232,0.00039113287789621653,0.9697993370741065,0.0,0.0
255,Device,Conv2D,mobilenetv2_1.00_256/block_3_project/Conv2D,2,61.44,30.72,61.44,30.72,0.0003847208635044753,0.970184057937611,0.0,0.0
256,Device,ResourceApplyGradientDescent,SGD/SGD/update_156/ResourceApplyGradientDescent,2,59.392,29.696,59.392,29.696,0.0003718968347209928,0.9705559547723319,0.0,0.0
257,Device,DepthwiseConv2dNative,mobilenetv2_1.00_256/block_8_depthwise/depthwise,2,59.392,29.696,59.392,29.696,0.0003718968347209928,0.9709278516070529,0.0,0.0
258,Device,DepthwiseConv2dNative,mobilenetv2_1.00_256/block_9_depthwise/depthwise,2,59.392,29.696,59.392,29.696,0.0003718968347209928,0.9712997484417738,0.0,0.0
259,Device,DepthwiseConv2dNative,mobilenetv2_1.00_256/block_10_depthwise/depthwise,2,58.368,29.184,58.368,29.184,0.00036548482032925153,0.9716652332621031,0.0,0.0
260,Device,FusedBatchNormV3,mobilenetv2_1.00_256/block_7_depthwise_BN/FusedBatchNormV3,4,58.368,14.592,58.368,14.592,0.00036548482032925153,0.9720307180824324,0.0,0.0
261,Device,FusedBatchNormV3,mobilenetv2_1.00_256/block_10_depthwise_BN/FusedBatchNormV3,4,57.344,14.336,57.344,14.336,0.0003590728059375103,0.9723897908883699,0.0,0.0
262,Device,DepthwiseConv2dNative,mobilenetv2_1.00_256/block_7_depthwise/depthwise,2,57.344,28.672,57.344,28.672,0.0003590728059375103,0.9727488636943074,0.0,0.0
263,Device,FusedBatchNormV3,mobilenetv2_1.00_256/block_9_depthwise_BN/FusedBatchNormV3,4,57.344,14.336,57.344,14.336,0.0003590728059375103,0.9731079365002449,0.0,0.0
264,Device,FusedBatchNormV3,mobilenetv2_1.00_256/Conv_1_bn/FusedBatchNormV3,4,56.32,14.08,56.32,14.08,0.000352660791545769,0.9734605972917906,0.0,0.0
265,Device,FusedBatchNormV3,mobilenetv2_1.00_256/block_8_depthwise_BN/FusedBatchNormV3,4,56.32,14.08,56.32,14.08,0.000352660791545769,0.9738132580833363,0.0,0.0
266,Device,FusedBatchNormGradV3,gradient_tape/mobilenetv2_1.00_256/block_16_expand_BN/FusedBatchNormGradV3,2,52.224,26.112,52.224,26.112,0.000327012733978804,0.9741402708173151,0.0,0.0
267,Device,FusedBatchNormV3,mobilenetv2_1.00_256/block_10_expand_BN/FusedBatchNormV3,4,52.224,13.056,52.224,13.056,0.000327012733978804,0.974467283551294,0.0,0.0
268,Device,FusedBatchNormGradV3,gradient_tape/mobilenetv2_1.00_256/block_14_depthwise_BN/FusedBatchNormGradV3,2,51.201,25.6005,51.201,25.6005,0.0003206069813198672,0.9747878905326138,0.0,0.0
269,Device,FusedBatchNormGradV3,gradient_tape/mobilenetv2_1.00_256/block_14_expand_BN/FusedBatchNormGradV3,2,51.2,25.6,51.2,25.6,0.0003206007195870628,0.9751084912522009,0.0,0.0
270,Device,FusedBatchNormGradV3,gradient_tape/mobilenetv2_1.00_256/block_15_depthwise_BN/FusedBatchNormGradV3,2,51.2,25.6,51.2,25.6,0.0003206007195870628,0.975429091971788,0.0,0.0
271,Device,FusedBatchNormGradV3,gradient_tape/mobilenetv2_1.00_256/block_15_expand_BN/FusedBatchNormGradV3,2,51.2,25.6,51.2,25.6,0.0003206007195870628,0.975749692691375,0.0,0.0
272,Device,DepthwiseConv2dNativeBackpropFilter,gradient_tape/mobilenetv2_1.00_256/block_16_depthwise/depthwise/DepthwiseConv2dNativeBackpropFilter,2,51.2,25.6,51.2,25.6,0.0003206007195870628,0.9760702934109621,0.0,0.0
273,Device,FusedBatchNormGradV3,gradient_tape/mobilenetv2_1.00_256/block_16_depthwise_BN/FusedBatchNormGradV3,2,51.2,25.6,51.2,25.6,0.0003206007195870628,0.9763908941305491,0.0,0.0
274,Device,Conv2DBackpropInput,gradient_tape/mobilenetv2_1.00_256/block_6_project/Conv2D/Conv2DBackpropInput,2,51.2,25.6,51.2,25.6,0.0003206007195870628,0.9767114948501362,0.0,0.0
275,Device,FusedBatchNormV3,mobilenetv2_1.00_256/block_7_expand_BN/FusedBatchNormV3,4,51.2,12.8,51.2,12.8,0.0003206007195870628,0.9770320955697233,0.0,0.0
276,Device,FusedBatchNormV3,mobilenetv2_1.00_256/block_8_expand_BN/FusedBatchNormV3,4,50.176,12.544,50.176,12.544,0.0003141887051953215,0.9773462842749185,0.0,0.0
277,Device,FusedBatchNormV3,mobilenetv2_1.00_256/block_9_expand_BN/FusedBatchNormV3,4,49.152,12.288,49.152,12.288,0.00030777669080358025,0.9776540609657222,0.0,0.0
278,Device,DepthwiseConv2dNativeBackpropFilter,gradient_tape/mobilenetv2_1.00_256/block_14_depthwise/depthwise/DepthwiseConv2dNativeBackpropFilter,2,47.104,23.552,47.104,23.552,0.0002949526620200977,0.9779490136277422,0.0,0.0
279,Device,DepthwiseConv2dNativeBackpropFilter,gradient_tape/mobilenetv2_1.00_256/block_15_depthwise/depthwise/DepthwiseConv2dNativeBackpropFilter,2,47.104,23.552,47.104,23.552,0.0002949526620200977,0.9782439662897623,0.0,0.0
280,Device,FusedBatchNormV3,mobilenetv2_1.00_256/block_15_depthwise_BN/FusedBatchNormV3,4,47.104,11.776,47.104,11.776,0.0002949526620200977,0.9785389189517824,0.0,0.0
281,Device,Relu6Grad,gradient_tape/mobilenetv2_1.00_256/block_16_depthwise_relu/Relu6/Relu6Grad,2,46.08,23.04,46.08,23.04,0.0002885406476283565,0.9788274595994108,0.0,0.0
282,Device,Conv2D,mobilenetv2_1.00_256/block_6_project/Conv2D,2,45.056,22.528,45.056,22.528,0.0002821286332366152,0.9791095882326474,0.0,0.0
283,Device,FusedBatchNormV3,mobilenetv2_1.00_256/block_14_depthwise_BN/FusedBatchNormV3,4,44.033,11.00825,44.033,11.00825,0.00027572288057767843,0.979385311113225,0.0,0.0
284,Device,Relu6Grad,gradient_tape/mobilenetv2_1.00_256/block_15_expand_relu/Relu6/Relu6Grad,2,44.032,22.016,44.032,22.016,0.00027571661884487396,0.9796610277320699,0.0,0.0
285,Device,FusedBatchNormV3,mobilenetv2_1.00_256/block_16_depthwise_BN/FusedBatchNormV3,4,44.032,11.008,44.032,11.008,0.00027571661884487396,0.9799367443509147,0.0,0.0
286,Device,Relu6Grad,gradient_tape/mobilenetv2_1.00_256/block_14_expand_relu/Relu6/Relu6Grad,2,43.008,21.504,43.008,21.504,0.0002693046044531327,0.9802060489553679,0.0,0.0
287,Device,Relu6Grad,gradient_tape/mobilenetv2_1.00_256/block_16_expand_relu/Relu6/Relu6Grad,2,43.008,21.504,43.008,21.504,0.0002693046044531327,0.9804753535598211,0.0,0.0
288,Device,MatMul,mobilenetv2_1.00_256/predictions/MatMul,2,43.008,21.504,43.008,21.504,0.0002693046044531327,0.9807446581642743,0.0,0.0
289,Device,Relu6Grad,gradient_tape/mobilenetv2_1.00_256/block_14_depthwise_relu/Relu6/Relu6Grad,2,40.96,20.48,40.96,20.48,0.0002564805756696502,0.9810011387399439,0.0,0.0
290,Device,Relu6Grad,gradient_tape/mobilenetv2_1.00_256/block_15_depthwise_relu/Relu6/Relu6Grad,2,40.96,20.48,40.96,20.48,0.0002564805756696502,0.9812576193156135,0.0,0.0
291,Device,FusedBatchNormGradV3,gradient_tape/mobilenetv2_1.00_256/block_6_depthwise_BN/FusedBatchNormGradV3,2,40.96,20.48,40.96,20.48,0.0002564805756696502,0.9815140998912831,0.0,0.0
292,Device,FusedBatchNormV3,mobilenetv2_1.00_256/block_16_expand_BN/FusedBatchNormV3,4,39.936,9.984,39.936,9.984,0.00025006856127790896,0.9817641684525611,0.0,0.0
293,Device,Relu6,mobilenetv2_1.00_256/block_8_expand_relu/Relu6,2,38.913,19.4565,38.913,19.4565,0.00024366280861897211,0.9820078312611801,0.0,0.0
294,Device,FusedBatchNormGradV3,gradient_tape/mobilenetv2_1.00_256/block_3_project_BN/FusedBatchNormGradV3,2,38.912,19.456,38.912,19.456,0.00024365654688616767,0.9822514878080663,0.0,0.0
295,Device,Relu6,mobilenetv2_1.00_256/block_10_expand_relu/Relu6,2,38.912,19.456,38.912,19.456,0.00024365654688616767,0.9824951443549524,0.0,0.0
296,Device,FusedBatchNormV3,mobilenetv2_1.00_256/block_14_expand_BN/FusedBatchNormV3,4,38.912,9.728,38.912,9.728,0.00024365654688616767,0.9827388009018386,0.0,0.0
297,Device,FusedBatchNormV3,mobilenetv2_1.00_256/block_15_expand_BN/FusedBatchNormV3,4,38.912,9.728,38.912,9.728,0.00024365654688616767,0.9829824574487248,0.0,0.0
298,Device,MatMul,gradient_tape/mobilenetv2_1.00_256/predictions/MatMul/MatMul,2,37.888,18.944,37.888,18.944,0.00023724453249442644,0.9832197019812192,0.0,0.0
299,Device,Relu6,mobilenetv2_1.00_256/block_10_depthwise_relu/Relu6,2,37.888,18.944,37.888,18.944,0.00023724453249442644,0.9834569465137136,0.0,0.0
300,Device,Relu6,mobilenetv2_1.00_256/block_7_depthwise_relu/Relu6,2,37.888,18.944,37.888,18.944,0.00023724453249442644,0.983694191046208,0.0,0.0
301,Device,Relu6,mobilenetv2_1.00_256/block_7_expand_relu/Relu6,2,36.864,18.432,36.864,18.432,0.00023083251810268517,0.9839250235643107,0.0,0.0
302,Device,Relu6,mobilenetv2_1.00_256/block_8_depthwise_relu/Relu6,2,36.864,18.432,36.864,18.432,0.00023083251810268517,0.9841558560824133,0.0,0.0
303,Device,Relu6,mobilenetv2_1.00_256/block_9_depthwise_relu/Relu6,2,36.864,18.432,36.864,18.432,0.00023083251810268517,0.9843866886005159,0.0,0.0
304,Device,Relu6,mobilenetv2_1.00_256/block_9_expand_relu/Relu6,2,36.864,18.432,36.864,18.432,0.00023083251810268517,0.9846175211186186,0.0,0.0
305,Device,FusedBatchNormGradV3,gradient_tape/mobilenetv2_1.00_256/block_4_project_BN/FusedBatchNormGradV3,2,35.84,17.92,35.84,17.92,0.00022442050371094394,0.9848419416223295,0.0,0.0
306,Device,FusedBatchNormGradV3,gradient_tape/mobilenetv2_1.00_256/block_5_project_BN/FusedBatchNormGradV3,2,34.816,17.408,34.816,17.408,0.00021800848931920267,0.9850599501116487,0.0,0.0
307,Device,FusedBatchNormGradV3,gradient_tape/mobilenetv2_1.00_256/block_13_depthwise_BN/FusedBatchNormGradV3,2,31.744,15.872,31.744,15.872,0.0001987724461439789,0.9852587225577927,0.0,0.0
308,Device,FusedBatchNormV3,mobilenetv2_1.00_256/block_13_depthwise_BN/FusedBatchNormV3,4,31.744,7.936,31.744,7.936,0.0001987724461439789,0.9854574950039366,0.0,0.0
309,Device,DepthwiseConv2dNative,mobilenetv2_1.00_256/block_15_depthwise/depthwise,2,30.72,15.36,30.72,15.36,0.00019236043175223765,0.9856498554356888,0.0,0.0
310,Device,Transpose,gradient_tape/mobilenetv2_1.00_256/out_relu/Relu6/Relu6Grad-0-TransposeNHWCToNCHW-LayoutOptimizer,2,28.673,14.3365,28.673,14.3365,0.00017954266470155956,0.9858293981003904,0.0,0.0
311,Device,DepthwiseConv2dNative,mobilenetv2_1.00_256/block_14_depthwise/depthwise,2,28.672,14.336,28.672,14.336,0.00017953640296875515,0.9860089345033591,0.0,0.0
312,Device,DepthwiseConv2dNative,mobilenetv2_1.00_256/block_16_depthwise/depthwise,2,28.672,14.336,28.672,14.336,0.00017953640296875515,0.9861884709063279,0.0,0.0
313,Device,FusedBatchNormV3,mobilenetv2_1.00_256/block_6_depthwise_BN/FusedBatchNormV3,4,28.672,7.168,28.672,7.168,0.00017953640296875515,0.9863680073092966,0.0,0.0
314,Device,ResourceApplyGradientDescent,SGD/SGD/update_153/ResourceApplyGradientDescent,2,27.648,13.824,27.648,13.824,0.00017312438857701389,0.9865411316978736,0.0,0.0
315,Device,Tile,gradient_tape/mobilenetv2_1.00_256/global_average_pooling2d/Tile,2,27.648,13.824,27.648,13.824,0.00017312438857701389,0.9867142560864506,0.0,0.0
316,Device,FusedBatchNormV3,mobilenetv2_1.00_256/block_4_project_BN/FusedBatchNormV3,4,25.6,6.4,25.6,6.4,0.0001603003597935314,0.9868745564462441,0.0,0.0
317,Device,FusedBatchNormV3,mobilenetv2_1.00_256/block_5_project_BN/FusedBatchNormV3,4,24.576,6.144,24.576,6.144,0.00015388834540179012,0.9870284447916459,0.0,0.0
318,Device,Softmax,mobilenetv2_1.00_256/predictions/Softmax,2,24.576,12.288,24.576,12.288,0.00015388834540179012,0.9871823331370476,0.0,0.0
319,Device,FusedBatchNormV3,mobilenetv2_1.00_256/block_3_project_BN/FusedBatchNormV3,4,23.553,5.88825,23.553,5.88825,0.0001474825927428533,0.9873298157297905,0.0,0.0
320,Device,ResourceApplyGradientDescent,SGD/SGD/update_150/ResourceApplyGradientDescent,2,22.528,11.264,22.528,11.264,0.0001410643166183076,0.9874708800464088,0.0,0.0
321,Device,FusedBatchNormGradV3,gradient_tape/mobilenetv2_1.00_256/block_16_project_BN/FusedBatchNormGradV3,2,22.528,11.264,22.528,11.264,0.0001410643166183076,0.9876119443630271,0.0,0.0
322,Device,Relu6Grad,gradient_tape/mobilenetv2_1.00_256/block_6_depthwise_relu/Relu6/Relu6Grad,2,22.528,11.264,22.528,11.264,0.0001410643166183076,0.9877530086796454,0.0,0.0
323,Device,Relu6,mobilenetv2_1.00_256/out_relu/Relu6,2,22.528,11.264,22.528,11.264,0.0001410643166183076,0.9878940729962638,0.0,0.0
324,Device,MatMul,gradient_tape/mobilenetv2_1.00_256/predictions/MatMul/MatMul_1,2,21.504,10.752,21.504,10.752,0.00013465230222656636,0.9880287252984903,0.0,0.0
325,Device,FusedBatchNormV3,mobilenetv2_1.00_256/block_16_project_BN/FusedBatchNormV3,4,21.504,5.376,21.504,5.376,0.00013465230222656636,0.9881633776007168,0.0,0.0
326,Device,FusedBatchNormV3,mobilenetv2_1.00_256/block_10_project_BN/FusedBatchNormV3,4,20.48,5.12,20.48,5.12,0.0001282402878348251,0.9882916178885517,0.0,0.0
327,Device,Relu6Grad,gradient_tape/mobilenetv2_1.00_256/block_13_depthwise_relu/Relu6/Relu6Grad,2,19.456,9.728,19.456,9.728,0.00012182827344308384,0.9884134461619948,0.0,0.0
328,Device,FusedBatchNormGradV3,gradient_tape/mobilenetv2_1.00_256/block_9_project_BN/FusedBatchNormGradV3,2,19.456,9.728,19.456,9.728,0.00012182827344308384,0.9885352744354379,0.0,0.0
329,Device,FusedBatchNormV3,mobilenetv2_1.00_256/block_11_project_BN/FusedBatchNormV3,4,19.456,4.864,19.456,4.864,0.00012182827344308384,0.988657102708881,0.0,0.0
330,Device,FusedBatchNormGradV3,gradient_tape/mobilenetv2_1.00_256/block_10_project_BN/FusedBatchNormGradV3,2,18.432,9.216,18.432,9.216,0.00011541625905134259,0.9887725189679323,0.0,0.0
331,Device,FusedBatchNormGradV3,gradient_tape/mobilenetv2_1.00_256/block_11_project_BN/FusedBatchNormGradV3,2,18.432,9.216,18.432,9.216,0.00011541625905134259,0.9888879352269836,0.0,0.0
332,Device,FusedBatchNormV3,mobilenetv2_1.00_256/block_12_project_BN/FusedBatchNormV3,4,18.432,4.608,18.432,4.608,0.00011541625905134259,0.9890033514860349,0.0,0.0
333,Device,FusedBatchNormGradV3,gradient_tape/mobilenetv2_1.00_256/block_12_project_BN/FusedBatchNormGradV3,2,17.409,8.7045,17.409,8.7045,0.00010901050639240577,0.9891123619924274,0.0,0.0
334,Device,AddN,SGD/gradients/AddN_8,2,17.408,8.704,17.408,8.704,0.00010900424465960134,0.989221366237087,0.0,0.0
335,Device,Mul,gradient_tape/mobilenetv2_1.00_256/global_average_pooling2d/truediv,2,17.408,8.704,17.408,8.704,0.00010900424465960134,0.9893303704817467,0.0,0.0
336,Device,FusedBatchNormV3,mobilenetv2_1.00_256/block_15_project_BN/FusedBatchNormV3,4,17.408,4.352,17.408,4.352,0.00010900424465960134,0.9894393747264063,0.0,0.0
337,Device,FusedBatchNormV3,mobilenetv2_1.00_256/block_6_project_BN/FusedBatchNormV3,4,17.408,4.352,17.408,4.352,0.00010900424465960134,0.989548378971066,0.0,0.0
338,Device,FusedBatchNormV3,mobilenetv2_1.00_256/block_7_project_BN/FusedBatchNormV3,4,17.408,4.352,17.408,4.352,0.00010900424465960134,0.9896573832157256,0.0,0.0
339,Device,FusedBatchNormV3,mobilenetv2_1.00_256/block_8_project_BN/FusedBatchNormV3,4,17.408,4.352,17.408,4.352,0.00010900424465960134,0.9897663874603853,0.0,0.0
340,Device,FusedBatchNormV3,mobilenetv2_1.00_256/block_9_project_BN/FusedBatchNormV3,4,17.408,4.352,17.408,4.352,0.00010900424465960134,0.9898753917050449,0.0,0.0
341,Device,FusedBatchNormGradV3,gradient_tape/mobilenetv2_1.00_256/block_15_project_BN/FusedBatchNormGradV3,2,16.384,8.192,16.384,8.192,0.00010259223026786009,0.9899779839353128,0.0,0.0
342,Device,Relu6,mobilenetv2_1.00_256/block_16_depthwise_relu/Relu6,2,16.384,8.192,16.384,8.192,0.00010259223026786009,0.9900805761655807,0.0,0.0
343,Device,AddV2,mobilenetv2_1.00_256/block_4_add/add,2,16.384,8.192,16.384,8.192,0.00010259223026786009,0.9901831683958485,0.0,0.0
344,Device,AddV2,mobilenetv2_1.00_256/block_5_add/add,2,16.384,8.192,16.384,8.192,0.00010259223026786009,0.9902857606261164,0.0,0.0
345,Device,Mean,mobilenetv2_1.00_256/global_average_pooling2d/Mean,2,16.384,8.192,16.384,8.192,0.00010259223026786009,0.9903883528563843,0.0,0.0
346,Device,FusedBatchNormGradV3,gradient_tape/mobilenetv2_1.00_256/block_6_project_BN/FusedBatchNormGradV3,2,15.36,7.68,15.36,7.68,9.618021587611882e-05,0.9904845330722604,0.0,0.0
347,Device,FusedBatchNormGradV3,gradient_tape/mobilenetv2_1.00_256/block_7_project_BN/FusedBatchNormGradV3,2,15.36,7.68,15.36,7.68,9.618021587611882e-05,0.9905807132881365,0.0,0.0
348,Device,FusedBatchNormV3,mobilenetv2_1.00_256/block_13_project_BN/FusedBatchNormV3,4,15.36,3.84,15.36,3.84,9.618021587611882e-05,0.9906768935040126,0.0,0.0
349,Device,Relu6,mobilenetv2_1.00_256/block_14_depthwise_relu/Relu6,2,15.36,7.68,15.36,7.68,9.618021587611882e-05,0.9907730737198887,0.0,0.0
350,Device,Relu6,mobilenetv2_1.00_256/block_14_expand_relu/Relu6,2,15.36,7.68,15.36,7.68,9.618021587611882e-05,0.9908692539357647,0.0,0.0
351,Device,Relu6,mobilenetv2_1.00_256/block_15_depthwise_relu/Relu6,2,15.36,7.68,15.36,7.68,9.618021587611882e-05,0.9909654341516408,0.0,0.0
352,Device,Relu6,mobilenetv2_1.00_256/block_15_expand_relu/Relu6,2,15.36,7.68,15.36,7.68,9.618021587611882e-05,0.9910616143675169,0.0,0.0
353,Device,Relu6,mobilenetv2_1.00_256/block_16_expand_relu/Relu6,2,15.36,7.68,15.36,7.68,9.618021587611882e-05,0.991157794583393,0.0,0.0
354,Device,FusedBatchNormGradV3,gradient_tape/mobilenetv2_1.00_256/block_8_project_BN/FusedBatchNormGradV3,2,14.336,7.168,14.336,7.168,8.976820148437757e-05,0.9912475627848775,0.0,0.0
355,Device,AddV2,mobilenetv2_1.00_256/block_11_add/add,2,14.336,7.168,14.336,7.168,8.976820148437757e-05,0.9913373309863619,0.0,0.0
356,Device,AddV2,mobilenetv2_1.00_256/block_12_add/add,2,14.336,7.168,14.336,7.168,8.976820148437757e-05,0.9914270991878463,0.0,0.0
357,Device,_Recv,IteratorGetNext/_4,2,13.312,6.656,13.312,6.656,8.335618709263631e-05,0.991510455374939,0.0,0.0
358,Device,ResourceApplyGradientDescent,SGD/SGD/update_126/ResourceApplyGradientDescent,2,13.312,6.656,13.312,6.656,8.335618709263631e-05,0.9915938115620316,0.0,0.0
359,Device,ResourceApplyGradientDescent,SGD/SGD/update_135/ResourceApplyGradientDescent,2,13.312,6.656,13.312,6.656,8.335618709263631e-05,0.9916771677491243,0.0,0.0
360,Device,ResourceApplyGradientDescent,SGD/SGD/update_144/ResourceApplyGradientDescent,2,13.312,6.656,13.312,6.656,8.335618709263631e-05,0.9917605239362169,0.0,0.0
361,Device,AddN,SGD/gradients/AddN_3,2,13.312,6.656,13.312,6.656,8.335618709263631e-05,0.9918438801233096,0.0,0.0
362,Device,AddN,SGD/gradients/AddN_7,2,13.312,6.656,13.312,6.656,8.335618709263631e-05,0.9919272363104022,0.0,0.0
363,Device,FusedBatchNormGradV3,gradient_tape/mobilenetv2_1.00_256/block_13_project_BN/FusedBatchNormGradV3,2,13.312,6.656,13.312,6.656,8.335618709263631e-05,0.9920105924974949,0.0,0.0
364,Device,FusedBatchNormV3,mobilenetv2_1.00_256/block_14_project_BN/FusedBatchNormV3,4,13.312,3.328,13.312,3.328,8.335618709263631e-05,0.9920939486845876,0.0,0.0
365,Device,AddV2,mobilenetv2_1.00_256/block_8_add/add,2,12.289,6.1445,12.289,6.1445,7.695043443369949e-05,0.9921708991190212,0.0,0.0
366,Device,AddN,SGD/gradients/AddN_2,2,12.288,6.144,12.288,6.144,7.694417270089506e-05,0.9922478432917221,0.0,0.0
367,Device,FusedBatchNormGradV3,gradient_tape/mobilenetv2_1.00_256/block_14_project_BN/FusedBatchNormGradV3,2,12.288,6.144,12.288,6.144,7.694417270089506e-05,0.992324787464423,0.0,0.0
368,Device,AddV2,mobilenetv2_1.00_256/block_9_add/add,2,12.288,6.144,12.288,6.144,7.694417270089506e-05,0.9924017316371239,0.0,0.0
369,Device,ResourceApplyGradientDescent,SGD/SGD/update_141/ResourceApplyGradientDescent,2,11.264,5.632,11.264,5.632,7.05321583091538e-05,0.992472263795433,0.0,0.0
370,Device,AddN,SGD/gradients/AddN_5,2,11.264,5.632,11.264,5.632,7.05321583091538e-05,0.9925427959537421,0.0,0.0
371,Device,Relu6,mobilenetv2_1.00_256/block_6_depthwise_relu/Relu6,2,11.264,5.632,11.264,5.632,7.05321583091538e-05,0.9926133281120512,0.0,0.0
372,Device,AddV2,mobilenetv2_1.00_256/block_7_add/add,2,11.264,5.632,11.264,5.632,7.05321583091538e-05,0.9926838602703603,0.0,0.0
373,Device,ResourceApplyGradientDescent,SGD/SGD/update_132/ResourceApplyGradientDescent,2,10.241,5.1205,10.241,5.1205,6.412640565021698e-05,0.9927479866760105,0.0,0.0
374,Device,AddN,SGD/gradients/AddN,2,10.24,5.12,10.24,5.12,6.412014391741255e-05,0.9928121068199279,0.0,0.0
375,Device,AddN,SGD/gradients/AddN_1,2,10.24,5.12,10.24,5.12,6.412014391741255e-05,0.9928762269638454,0.0,0.0
376,Device,AddN,SGD/gradients/AddN_4,2,10.24,5.12,10.24,5.12,6.412014391741255e-05,0.9929403471077628,0.0,0.0
377,Device,AddN,SGD/gradients/AddN_6,2,10.24,5.12,10.24,5.12,6.412014391741255e-05,0.9930044672516802,0.0,0.0
378,Device,AddV2,mobilenetv2_1.00_256/block_14_add/add,2,10.24,5.12,10.24,5.12,6.412014391741255e-05,0.9930685873955977,0.0,0.0
379,Device,AddV2,mobilenetv2_1.00_256/block_15_add/add,2,10.24,5.12,10.24,5.12,6.412014391741255e-05,0.9931327075395151,0.0,0.0
380,Device,ResourceApplyGradientDescent,SGD/SGD/update_114/ResourceApplyGradientDescent,2,9.216,4.608,9.216,4.608,5.770812952567129e-05,0.9931904156690408,0.0,0.0
381,Device,Relu6,mobilenetv2_1.00_256/block_13_depthwise_relu/Relu6,2,9.216,4.608,9.216,4.608,5.770812952567129e-05,0.9932481237985664,0.0,0.0
382,Device,ResourceApplyGradientDescent,SGD/SGD/update_105/ResourceApplyGradientDescent,2,8.192,4.096,8.192,4.096,5.1296115133930044e-05,0.9932994199137003,0.0,0.0
383,Device,ResourceApplyGradientDescent,SGD/SGD/update_108/ResourceApplyGradientDescent,2,8.192,4.096,8.192,4.096,5.1296115133930044e-05,0.9933507160288342,0.0,0.0
384,Device,ResourceApplyGradientDescent,SGD/SGD/update_117/ResourceApplyGradientDescent,2,8.192,4.096,8.192,4.096,5.1296115133930044e-05,0.9934020121439681,0.0,0.0
385,Device,ResourceApplyGradientDescent,SGD/SGD/update_120/ResourceApplyGradientDescent,2,8.192,4.096,8.192,4.096,5.1296115133930044e-05,0.9934533082591019,0.0,0.0
386,Device,ResourceApplyGradientDescent,SGD/SGD/update_123/ResourceApplyGradientDescent,2,8.192,4.096,8.192,4.096,5.1296115133930044e-05,0.9935046043742358,0.0,0.0
387,Device,ResourceApplyGradientDescent,SGD/SGD/update_129/ResourceApplyGradientDescent,2,8.192,4.096,8.192,4.096,5.1296115133930044e-05,0.9935559004893697,0.0,0.0
388,Device,ResourceApplyGradientDescent,SGD/SGD/update_147/ResourceApplyGradientDescent,2,8.192,4.096,8.192,4.096,5.1296115133930044e-05,0.9936071966045036,0.0,0.0
389,Device,ResourceApplyGradientDescent,SGD/SGD/update_33/ResourceApplyGradientDescent,2,8.192,4.096,8.192,4.096,5.1296115133930044e-05,0.9936584927196375,0.0,0.0
390,Device,ResourceApplyGradientDescent,SGD/SGD/update_51/ResourceApplyGradientDescent,2,8.192,4.096,8.192,4.096,5.1296115133930044e-05,0.9937097888347713,0.0,0.0
391,Device,ResourceApplyGradientDescent,SGD/SGD/update_63/ResourceApplyGradientDescent,2,8.192,4.096,8.192,4.096,5.1296115133930044e-05,0.9937610849499052,0.0,0.0
392,Device,ResourceApplyGradientDescent,SGD/SGD/update_69/ResourceApplyGradientDescent,2,8.192,4.096,8.192,4.096,5.1296115133930044e-05,0.9938123810650391,0.0,0.0
393,Device,ResourceApplyGradientDescent,SGD/SGD/update_72/ResourceApplyGradientDescent,2,8.192,4.096,8.192,4.096,5.1296115133930044e-05,0.993863677180173,0.0,0.0
394,Device,ResourceApplyGradientDescent,SGD/SGD/update_78/ResourceApplyGradientDescent,2,8.192,4.096,8.192,4.096,5.1296115133930044e-05,0.9939149732953069,0.0,0.0
395,Device,ResourceApplyGradientDescent,SGD/SGD/update_81/ResourceApplyGradientDescent,2,8.192,4.096,8.192,4.096,5.1296115133930044e-05,0.9939662694104408,0.0,0.0
396,Device,ResourceApplyGradientDescent,SGD/SGD/update_82/ResourceApplyGradientDescent,2,8.192,4.096,8.192,4.096,5.1296115133930044e-05,0.9940175655255746,0.0,0.0
397,Device,ResourceApplyGradientDescent,SGD/SGD/update_96/ResourceApplyGradientDescent,2,8.192,4.096,8.192,4.096,5.1296115133930044e-05,0.9940688616407085,0.0,0.0
398,Device,ResourceApplyGradientDescent,SGD/SGD/update_99/ResourceApplyGradientDescent,2,8.192,4.096,8.192,4.096,5.1296115133930044e-05,0.9941201577558424,0.0,0.0
399,Device,ResourceApplyGradientDescent,SGD/SGD/update_77/ResourceApplyGradientDescent,2,7.169,3.5845,7.169,3.5845,4.4890362474993216e-05,0.9941650481183174,0.0,0.0
400,Device,ResourceApplyGradientDescent,SGD/SGD/update_102/ResourceApplyGradientDescent,2,7.168,3.584,7.168,3.584,4.488410074218879e-05,0.9942099322190596,0.0,0.0
401,Device,ResourceApplyGradientDescent,SGD/SGD/update_103/ResourceApplyGradientDescent,2,7.168,3.584,7.168,3.584,4.488410074218879e-05,0.9942548163198018,0.0,0.0
402,Device,ResourceApplyGradientDescent,SGD/SGD/update_133/ResourceApplyGradientDescent,2,7.168,3.584,7.168,3.584,4.488410074218879e-05,0.994299700420544,0.0,0.0
403,Device,ResourceApplyGradientDescent,SGD/SGD/update_136/ResourceApplyGradientDescent,2,7.168,3.584,7.168,3.584,4.488410074218879e-05,0.9943445845212863,0.0,0.0
404,Device,ResourceApplyGradientDescent,SGD/SGD/update_139/ResourceApplyGradientDescent,2,7.168,3.584,7.168,3.584,4.488410074218879e-05,0.9943894686220285,0.0,0.0
405,Device,ResourceApplyGradientDescent,SGD/SGD/update_155/ResourceApplyGradientDescent,2,7.168,3.584,7.168,3.584,4.488410074218879e-05,0.9944343527227707,0.0,0.0
406,Device,ResourceApplyGradientDescent,SGD/SGD/update_18/ResourceApplyGradientDescent,2,7.168,3.584,7.168,3.584,4.488410074218879e-05,0.9944792368235129,0.0,0.0
407,Device,ResourceApplyGradientDescent,SGD/SGD/update_21/ResourceApplyGradientDescent,2,7.168,3.584,7.168,3.584,4.488410074218879e-05,0.9945241209242551,0.0,0.0
408,Device,ResourceApplyGradientDescent,SGD/SGD/update_22/ResourceApplyGradientDescent,2,7.168,3.584,7.168,3.584,4.488410074218879e-05,0.9945690050249973,0.0,0.0
409,Device,ResourceApplyGradientDescent,SGD/SGD/update_36/ResourceApplyGradientDescent,2,7.168,3.584,7.168,3.584,4.488410074218879e-05,0.9946138891257396,0.0,0.0
410,Device,ResourceApplyGradientDescent,SGD/SGD/update_40/ResourceApplyGradientDescent,2,7.168,3.584,7.168,3.584,4.488410074218879e-05,0.9946587732264818,0.0,0.0
411,Device,ResourceApplyGradientDescent,SGD/SGD/update_45/ResourceApplyGradientDescent,2,7.168,3.584,7.168,3.584,4.488410074218879e-05,0.994703657327224,0.0,0.0
412,Device,ResourceApplyGradientDescent,SGD/SGD/update_46/ResourceApplyGradientDescent,2,7.168,3.584,7.168,3.584,4.488410074218879e-05,0.9947485414279662,0.0,0.0
413,Device,ResourceApplyGradientDescent,SGD/SGD/update_52/ResourceApplyGradientDescent,2,7.168,3.584,7.168,3.584,4.488410074218879e-05,0.9947934255287084,0.0,0.0
414,Device,ResourceApplyGradientDescent,SGD/SGD/update_61/ResourceApplyGradientDescent,2,7.168,3.584,7.168,3.584,4.488410074218879e-05,0.9948383096294506,0.0,0.0
415,Device,ResourceApplyGradientDescent,SGD/SGD/update_64/ResourceApplyGradientDescent,2,7.168,3.584,7.168,3.584,4.488410074218879e-05,0.9948831937301928,0.0,0.0
416,Device,ResourceApplyGradientDescent,SGD/SGD/update_67/ResourceApplyGradientDescent,2,7.168,3.584,7.168,3.584,4.488410074218879e-05,0.9949280778309351,0.0,0.0
417,Device,ResourceApplyGradientDescent,SGD/SGD/update_7/ResourceApplyGradientDescent,2,7.168,3.584,7.168,3.584,4.488410074218879e-05,0.9949729619316773,0.0,0.0
418,Device,ResourceApplyGradientDescent,SGD/SGD/update_71/ResourceApplyGradientDescent,2,7.168,3.584,7.168,3.584,4.488410074218879e-05,0.9950178460324195,0.0,0.0
419,Device,ResourceApplyGradientDescent,SGD/SGD/update_84/ResourceApplyGradientDescent,2,7.168,3.584,7.168,3.584,4.488410074218879e-05,0.9950627301331617,0.0,0.0
420,Device,ResourceApplyGradientDescent,SGD/SGD/update_90/ResourceApplyGradientDescent,2,7.168,3.584,7.168,3.584,4.488410074218879e-05,0.9951076142339039,0.0,0.0
421,Device,ResourceApplyGradientDescent,SGD/SGD/update_92/ResourceApplyGradientDescent,2,7.168,3.584,7.168,3.584,4.488410074218879e-05,0.9951524983346461,0.0,0.0
422,Device,ResourceApplyGradientDescent,SGD/SGD/update_93/ResourceApplyGradientDescent,2,7.168,3.584,7.168,3.584,4.488410074218879e-05,0.9951973824353884,0.0,0.0
423,Device,ResourceApplyGradientDescent,SGD/SGD/update_94/ResourceApplyGradientDescent,2,7.168,3.584,7.168,3.584,4.488410074218879e-05,0.9952422665361306,0.0,0.0
424,Device,ResourceApplyGradientDescent,SGD/SGD/update_95/ResourceApplyGradientDescent,2,7.168,3.584,7.168,3.584,4.488410074218879e-05,0.9952871506368728,0.0,0.0
425,Device,ResourceApplyGradientDescent,SGD/SGD/update_125/ResourceApplyGradientDescent,2,6.145,3.0725,6.145,3.0725,3.847834808325196e-05,0.995325628984956,0.0,0.0
426,Device,ResourceApplyGradientDescent,SGD/SGD/update_20/ResourceApplyGradientDescent,2,6.145,3.0725,6.145,3.0725,3.847834808325196e-05,0.9953641073330393,0.0,0.0
427,Device,ResourceApplyGradientDescent,SGD/SGD/update_47/ResourceApplyGradientDescent,2,6.145,3.0725,6.145,3.0725,3.847834808325196e-05,0.9954025856811225,0.0,0.0
428,Device,AssignAddVariableOp,AssignAddVariableOp,2,6.144,3.072,6.144,3.072,3.847208635044753e-05,0.9954410577674729,0.0,0.0
429,Device,AssignAddVariableOp,AssignAddVariableOp_1,2,6.144,3.072,6.144,3.072,3.847208635044753e-05,0.9954795298538234,0.0,0.0
430,Device,AssignAddVariableOp,AssignAddVariableOp_2,2,6.144,3.072,6.144,3.072,3.847208635044753e-05,0.9955180019401738,0.0,0.0
431,Device,AssignAddVariableOp,AssignAddVariableOp_4,2,6.144,3.072,6.144,3.072,3.847208635044753e-05,0.9955564740265243,0.0,0.0
432,Device,Mul,Mul,2,6.144,3.072,6.144,3.072,3.847208635044753e-05,0.9955949461128747,0.0,0.0
433,Device,AssignAddVariableOp,SGD/SGD/AssignAddVariableOp,2,6.144,3.072,6.144,3.072,3.847208635044753e-05,0.9956334181992251,0.0,0.0
434,Device,ResourceApplyGradientDescent,SGD/SGD/update/ResourceApplyGradientDescent,2,6.144,3.072,6.144,3.072,3.847208635044753e-05,0.9956718902855756,0.0,0.0
435,Device,ResourceApplyGradientDescent,SGD/SGD/update_1/ResourceApplyGradientDescent,2,6.144,3.072,6.144,3.072,3.847208635044753e-05,0.995710362371926,0.0,0.0
436,Device,ResourceApplyGradientDescent,SGD/SGD/update_10/ResourceApplyGradientDescent,2,6.144,3.072,6.144,3.072,3.847208635044753e-05,0.9957488344582764,0.0,0.0
437,Device,ResourceApplyGradientDescent,SGD/SGD/update_100/ResourceApplyGradientDescent,2,6.144,3.072,6.144,3.072,3.847208635044753e-05,0.9957873065446269,0.0,0.0
438,Device,ResourceApplyGradientDescent,SGD/SGD/update_101/ResourceApplyGradientDescent,2,6.144,3.072,6.144,3.072,3.847208635044753e-05,0.9958257786309773,0.0,0.0
439,Device,ResourceApplyGradientDescent,SGD/SGD/update_104/ResourceApplyGradientDescent,2,6.144,3.072,6.144,3.072,3.847208635044753e-05,0.9958642507173278,0.0,0.0
440,Device,ResourceApplyGradientDescent,SGD/SGD/update_106/ResourceApplyGradientDescent,2,6.144,3.072,6.144,3.072,3.847208635044753e-05,0.9959027228036782,0.0,0.0
441,Device,ResourceApplyGradientDescent,SGD/SGD/update_107/ResourceApplyGradientDescent,2,6.144,3.072,6.144,3.072,3.847208635044753e-05,0.9959411948900286,0.0,0.0
442,Device,ResourceApplyGradientDescent,SGD/SGD/update_109/ResourceApplyGradientDescent,2,6.144,3.072,6.144,3.072,3.847208635044753e-05,0.9959796669763791,0.0,0.0
443,Device,ResourceApplyGradientDescent,SGD/SGD/update_11/ResourceApplyGradientDescent,2,6.144,3.072,6.144,3.072,3.847208635044753e-05,0.9960181390627295,0.0,0.0
444,Device,ResourceApplyGradientDescent,SGD/SGD/update_110/ResourceApplyGradientDescent,2,6.144,3.072,6.144,3.072,3.847208635044753e-05,0.99605661114908,0.0,0.0
445,Device,ResourceApplyGradientDescent,SGD/SGD/update_111/ResourceApplyGradientDescent,2,6.144,3.072,6.144,3.072,3.847208635044753e-05,0.9960950832354304,0.0,0.0
446,Device,ResourceApplyGradientDescent,SGD/SGD/update_112/ResourceApplyGradientDescent,2,6.144,3.072,6.144,3.072,3.847208635044753e-05,0.9961335553217808,0.0,0.0
447,Device,ResourceApplyGradientDescent,SGD/SGD/update_113/ResourceApplyGradientDescent,2,6.144,3.072,6.144,3.072,3.847208635044753e-05,0.9961720274081313,0.0,0.0
448,Device,ResourceApplyGradientDescent,SGD/SGD/update_115/ResourceApplyGradientDescent,2,6.144,3.072,6.144,3.072,3.847208635044753e-05,0.9962104994944817,0.0,0.0
449,Device,ResourceApplyGradientDescent,SGD/SGD/update_116/ResourceApplyGradientDescent,2,6.144,3.072,6.144,3.072,3.847208635044753e-05,0.9962489715808321,0.0,0.0
450,Device,ResourceApplyGradientDescent,SGD/SGD/update_118/ResourceApplyGradientDescent,2,6.144,3.072,6.144,3.072,3.847208635044753e-05,0.9962874436671826,0.0,0.0
451,Device,ResourceApplyGradientDescent,SGD/SGD/update_119/ResourceApplyGradientDescent,2,6.144,3.072,6.144,3.072,3.847208635044753e-05,0.996325915753533,0.0,0.0
452,Device,ResourceApplyGradientDescent,SGD/SGD/update_12/ResourceApplyGradientDescent,2,6.144,3.072,6.144,3.072,3.847208635044753e-05,0.9963643878398835,0.0,0.0
453,Device,ResourceApplyGradientDescent,SGD/SGD/update_121/ResourceApplyGradientDescent,2,6.144,3.072,6.144,3.072,3.847208635044753e-05,0.9964028599262339,0.0,0.0
454,Device,ResourceApplyGradientDescent,SGD/SGD/update_122/ResourceApplyGradientDescent,2,6.144,3.072,6.144,3.072,3.847208635044753e-05,0.9964413320125843,0.0,0.0
455,Device,ResourceApplyGradientDescent,SGD/SGD/update_124/ResourceApplyGradientDescent,2,6.144,3.072,6.144,3.072,3.847208635044753e-05,0.9964798040989348,0.0,0.0
456,Device,ResourceApplyGradientDescent,SGD/SGD/update_127/ResourceApplyGradientDescent,2,6.144,3.072,6.144,3.072,3.847208635044753e-05,0.9965182761852852,0.0,0.0
457,Device,ResourceApplyGradientDescent,SGD/SGD/update_128/ResourceApplyGradientDescent,2,6.144,3.072,6.144,3.072,3.847208635044753e-05,0.9965567482716357,0.0,0.0
458,Device,ResourceApplyGradientDescent,SGD/SGD/update_13/ResourceApplyGradientDescent,2,6.144,3.072,6.144,3.072,3.847208635044753e-05,0.9965952203579861,0.0,0.0
459,Device,ResourceApplyGradientDescent,SGD/SGD/update_130/ResourceApplyGradientDescent,2,6.144,3.072,6.144,3.072,3.847208635044753e-05,0.9966336924443365,0.0,0.0
460,Device,ResourceApplyGradientDescent,SGD/SGD/update_131/ResourceApplyGradientDescent,2,6.144,3.072,6.144,3.072,3.847208635044753e-05,0.996672164530687,0.0,0.0
461,Device,ResourceApplyGradientDescent,SGD/SGD/update_134/ResourceApplyGradientDescent,2,6.144,3.072,6.144,3.072,3.847208635044753e-05,0.9967106366170374,0.0,0.0
462,Device,ResourceApplyGradientDescent,SGD/SGD/update_137/ResourceApplyGradientDescent,2,6.144,3.072,6.144,3.072,3.847208635044753e-05,0.9967491087033878,0.0,0.0
463,Device,ResourceApplyGradientDescent,SGD/SGD/update_138/ResourceApplyGradientDescent,2,6.144,3.072,6.144,3.072,3.847208635044753e-05,0.9967875807897383,0.0,0.0
464,Device,ResourceApplyGradientDescent,SGD/SGD/update_14/ResourceApplyGradientDescent,2,6.144,3.072,6.144,3.072,3.847208635044753e-05,0.9968260528760887,0.0,0.0
465,Device,ResourceApplyGradientDescent,SGD/SGD/update_140/ResourceApplyGradientDescent,2,6.144,3.072,6.144,3.072,3.847208635044753e-05,0.9968645249624392,0.0,0.0
466,Device,ResourceApplyGradientDescent,SGD/SGD/update_142/ResourceApplyGradientDescent,2,6.144,3.072,6.144,3.072,3.847208635044753e-05,0.9969029970487896,0.0,0.0
467,Device,ResourceApplyGradientDescent,SGD/SGD/update_143/ResourceApplyGradientDescent,2,6.144,3.072,6.144,3.072,3.847208635044753e-05,0.99694146913514,0.0,0.0
468,Device,ResourceApplyGradientDescent,SGD/SGD/update_145/ResourceApplyGradientDescent,2,6.144,3.072,6.144,3.072,3.847208635044753e-05,0.9969799412214905,0.0,0.0
469,Device,ResourceApplyGradientDescent,SGD/SGD/update_146/ResourceApplyGradientDescent,2,6.144,3.072,6.144,3.072,3.847208635044753e-05,0.9970184133078409,0.0,0.0
470,Device,ResourceApplyGradientDescent,SGD/SGD/update_148/ResourceApplyGradientDescent,2,6.144,3.072,6.144,3.072,3.847208635044753e-05,0.9970568853941914,0.0,0.0
471,Device,ResourceApplyGradientDescent,SGD/SGD/update_149/ResourceApplyGradientDescent,2,6.144,3.072,6.144,3.072,3.847208635044753e-05,0.9970953574805418,0.0,0.0
472,Device,ResourceApplyGradientDescent,SGD/SGD/update_15/ResourceApplyGradientDescent,2,6.144,3.072,6.144,3.072,3.847208635044753e-05,0.9971338295668922,0.0,0.0
473,Device,ResourceApplyGradientDescent,SGD/SGD/update_151/ResourceApplyGradientDescent,2,6.144,3.072,6.144,3.072,3.847208635044753e-05,0.9971723016532427,0.0,0.0
474,Device,ResourceApplyGradientDescent,SGD/SGD/update_152/ResourceApplyGradientDescent,2,6.144,3.072,6.144,3.072,3.847208635044753e-05,0.9972107737395931,0.0,0.0
475,Device,ResourceApplyGradientDescent,SGD/SGD/update_154/ResourceApplyGradientDescent,2,6.144,3.072,6.144,3.072,3.847208635044753e-05,0.9972492458259435,0.0,0.0
476,Device,ResourceApplyGradientDescent,SGD/SGD/update_157/ResourceApplyGradientDescent,2,6.144,3.072,6.144,3.072,3.847208635044753e-05,0.997287717912294,0.0,0.0
477,Device,ResourceApplyGradientDescent,SGD/SGD/update_16/ResourceApplyGradientDescent,2,6.144,3.072,6.144,3.072,3.847208635044753e-05,0.9973261899986444,0.0,0.0
478,Device,ResourceApplyGradientDescent,SGD/SGD/update_17/ResourceApplyGradientDescent,2,6.144,3.072,6.144,3.072,3.847208635044753e-05,0.9973646620849949,0.0,0.0
479,Device,ResourceApplyGradientDescent,SGD/SGD/update_19/ResourceApplyGradientDescent,2,6.144,3.072,6.144,3.072,3.847208635044753e-05,0.9974031341713453,0.0,0.0
480,Device,ResourceApplyGradientDescent,SGD/SGD/update_2/ResourceApplyGradientDescent,2,6.144,3.072,6.144,3.072,3.847208635044753e-05,0.9974416062576957,0.0,0.0
481,Device,ResourceApplyGradientDescent,SGD/SGD/update_23/ResourceApplyGradientDescent,2,6.144,3.072,6.144,3.072,3.847208635044753e-05,0.9974800783440462,0.0,0.0
482,Device,ResourceApplyGradientDescent,SGD/SGD/update_24/ResourceApplyGradientDescent,2,6.144,3.072,6.144,3.072,3.847208635044753e-05,0.9975185504303966,0.0,0.0
483,Device,ResourceApplyGradientDescent,SGD/SGD/update_25/ResourceApplyGradientDescent,2,6.144,3.072,6.144,3.072,3.847208635044753e-05,0.997557022516747,0.0,0.0
484,Device,ResourceApplyGradientDescent,SGD/SGD/update_26/ResourceApplyGradientDescent,2,6.144,3.072,6.144,3.072,3.847208635044753e-05,0.9975954946030975,0.0,0.0
485,Device,ResourceApplyGradientDescent,SGD/SGD/update_27/ResourceApplyGradientDescent,2,6.144,3.072,6.144,3.072,3.847208635044753e-05,0.9976339666894479,0.0,0.0
486,Device,ResourceApplyGradientDescent,SGD/SGD/update_28/ResourceApplyGradientDescent,2,6.144,3.072,6.144,3.072,3.847208635044753e-05,0.9976724387757984,0.0,0.0
487,Device,ResourceApplyGradientDescent,SGD/SGD/update_29/ResourceApplyGradientDescent,2,6.144,3.072,6.144,3.072,3.847208635044753e-05,0.9977109108621488,0.0,0.0
488,Device,ResourceApplyGradientDescent,SGD/SGD/update_3/ResourceApplyGradientDescent,2,6.144,3.072,6.144,3.072,3.847208635044753e-05,0.9977493829484992,0.0,0.0
489,Device,ResourceApplyGradientDescent,SGD/SGD/update_30/ResourceApplyGradientDescent,2,6.144,3.072,6.144,3.072,3.847208635044753e-05,0.9977878550348497,0.0,0.0
490,Device,ResourceApplyGradientDescent,SGD/SGD/update_31/ResourceApplyGradientDescent,2,6.144,3.072,6.144,3.072,3.847208635044753e-05,0.9978263271212001,0.0,0.0
491,Device,ResourceApplyGradientDescent,SGD/SGD/update_32/ResourceApplyGradientDescent,2,6.144,3.072,6.144,3.072,3.847208635044753e-05,0.9978647992075506,0.0,0.0
492,Device,ResourceApplyGradientDescent,SGD/SGD/update_34/ResourceApplyGradientDescent,2,6.144,3.072,6.144,3.072,3.847208635044753e-05,0.997903271293901,0.0,0.0
493,Device,ResourceApplyGradientDescent,SGD/SGD/update_35/ResourceApplyGradientDescent,2,6.144,3.072,6.144,3.072,3.847208635044753e-05,0.9979417433802514,0.0,0.0
494,Device,ResourceApplyGradientDescent,SGD/SGD/update_37/ResourceApplyGradientDescent,2,6.144,3.072,6.144,3.072,3.847208635044753e-05,0.9979802154666019,0.0,0.0
495,Device,ResourceApplyGradientDescent,SGD/SGD/update_38/ResourceApplyGradientDescent,2,6.144,3.072,6.144,3.072,3.847208635044753e-05,0.9980186875529523,0.0,0.0
496,Device,ResourceApplyGradientDescent,SGD/SGD/update_39/ResourceApplyGradientDescent,2,6.144,3.072,6.144,3.072,3.847208635044753e-05,0.9980571596393027,0.0,0.0
497,Device,ResourceApplyGradientDescent,SGD/SGD/update_4/ResourceApplyGradientDescent,2,6.144,3.072,6.144,3.072,3.847208635044753e-05,0.9980956317256532,0.0,0.0
498,Device,ResourceApplyGradientDescent,SGD/SGD/update_41/ResourceApplyGradientDescent,2,6.144,3.072,6.144,3.072,3.847208635044753e-05,0.9981341038120036,0.0,0.0
499,Device,ResourceApplyGradientDescent,SGD/SGD/update_42/ResourceApplyGradientDescent,2,6.144,3.072,6.144,3.072,3.847208635044753e-05,0.9981725758983541,0.0,0.0
500,Device,ResourceApplyGradientDescent,SGD/SGD/update_43/ResourceApplyGradientDescent,2,6.144,3.072,6.144,3.072,3.847208635044753e-05,0.9982110479847045,0.0,0.0
501,Host,IDLE,IDLE,0,676165.246,0.0,676165.246,0.0,0.0,0.0,0.9922466466770689,0.9922466466770689
502,Host,GatherV2,GatherV2,2,4855.609,2427.8045,4855.609,2427.8045,0.0,0.0,0.007125420562986161,0.999372067240055
503,Host,Dataset,Iterator::Root::ParallelMapV2::Zip[1]::ForeverRepeat,2,61.642,30.821,57.502,28.751,0.0,0.0,8.438198652585705e-05,0.9994564492265808
504,Host,LogicalAnd,LogicalAnd,1,56.82,56.82,56.82,56.82,0.0,0.0,8.338117760076514e-05,0.9995398304041816
505,Host,Dataset,Iterator::Root::ParallelMapV2,2,46.77,23.385,46.77,23.385,0.0,0.0,6.863318684244607e-05,0.9996084635910241
506,Host,GatherV2,GatherV2_1,2,42.81,21.405,42.81,21.405,0.0,0.0,6.282203824513826e-05,0.9996712856292692
507,Host,FlushSummaryWriter,FlushSummaryWriter,1,36.411,36.411,36.411,36.411,0.0,0.0,5.343175039812495e-05,0.9997247173796673
508,Host,Dataset,Iterator::Root,2,80.661,40.3305,33.891,16.9455,0.0,0.0,4.97337467452927e-05,0.9997744511264126
509,Host,IteratorGetNext,IteratorGetNext,2,33.23,16.615,33.23,16.615,0.0,0.0,4.876375451730773e-05,0.99982321488093
510,Host,WriteSummary,WriteSummary,1,21.33,21.33,21.33,21.33,0.0,0.0,3.130095949004436e-05,0.99985451584042
511,Host,_Send,IteratorGetNext/_1,2,21.03,10.515,21.03,10.515,0.0,0.0,3.086072095994528e-05,0.9998853765613799
512,Host,Dataset,Iterator::Root::ParallelMapV2::Zip[0]::FlatMap[1]::TensorSlice,2,20.14,10.07,20.14,10.07,0.0,0.0,2.955467998731802e-05,0.9999149312413672
513,Host,_Send,IteratorGetNext/_3,2,16.09,8.045,16.09,8.045,0.0,0.0,2.3611459830980484e-05,0.9999385427011982
514,Host,Dataset,Iterator::Root::ParallelMapV2::Zip[0]::FlatMap,2,34.92,17.46,14.78,7.39,0.0,0.0,2.1689084916214514e-05,0.9999602317861144
515,Host,Dataset,Iterator::Root::ParallelMapV2::Zip,2,107.652,53.826,11.09,5.545,0.0,0.0,1.6274150995995872e-05,0.9999765059371104
516,Host,ReadVariableOp,ReadVariableOp,1,6.26,6.26,6.26,6.26,0.0,0.0,9.186310661400735e-06,0.9999856922477718
517,Host,Dataset,Iterator::Root::ParallelMapV2::Zip[1]::ForeverRepeat::FromTensor,4,4.14,1.035,4.14,1.035,0.0,0.0,6.075291715367259e-06,0.9999917675394872
518,Host,Identity,Identity,2,2.81,1.405,2.81,1.405,0.0,0.0,4.123567565261353e-06,0.9999958911070524
519,Host,_Send,IteratorGetNext/_6,2,2.8,1.4,2.8,1.4,0.0,0.0,4.108892947591383e-06,1.0
