Rank,Host/device,Type,Operation,#Occurrences,Total time (us),Avg. time (us),Total self-time (us),Avg. self-time (us),Total self-time on Device (%),Cumulative total-self time on Device (%),Total self-time on Host (%),Cumulative total-self time on Host (%)
1,Device,IDLE,IDLE,0,5927.626,0.0,5927.626,0.0,0.10189744568001748,0.10189744568001748,0.0,0.0
2,Device,_Recv,IteratorGetNext/_2,2,2596.132,1298.066,2596.132,1298.066,0.0446281900120141,0.14652563569203159,0.0,0.0
3,Device,FusedBatchNormGradV3,gradient_tape/model/batch_normalization/FusedBatchNormGradV3,2,1410.05,705.025,1410.05,705.025,0.024239129337969133,0.1707647650300007,0.0,0.0
4,Device,Conv2DBackpropFilter,gradient_tape/model/conv2d/Conv2D/Conv2DBackpropFilter,2,1182.722,591.361,1182.722,591.361,0.02033130139276021,0.19109606642276092,0.0,0.0
5,Device,MaxPoolGrad,gradient_tape/model/max_pooling2d/MaxPool/MaxPoolGrad,2,1144.833,572.4165,1144.833,572.4165,0.019679979544963103,0.21077604596772404,0.0,0.0
6,Device,Conv2DBackpropFilter,gradient_tape/model/conv2d_16/Conv2D/Conv2DBackpropFilter,2,983.042,491.521,983.042,491.521,0.016898749819265882,0.2276747957869899,0.0,0.0
7,Device,Conv2DBackpropFilter,gradient_tape/model/conv2d_19/Conv2D/Conv2DBackpropFilter,2,982.018,491.009,982.018,491.009,0.016881146990683858,0.24455594277767376,0.0,0.0
8,Device,Conv2DBackpropFilter,gradient_tape/model/conv2d_1/Conv2D/Conv2DBackpropFilter,2,982.017,491.0085,982.017,491.0085,0.01688112980042157,0.26143707257809534,0.0,0.0
9,Device,Conv2DBackpropFilter,gradient_tape/model/conv2d_3/Conv2D/Conv2DBackpropFilter,2,980.994,490.497,980.994,490.497,0.016863544162101837,0.2783006167401972,0.0,0.0
10,Device,Conv2DBackpropFilter,gradient_tape/model/conv2d_2/Conv2D/Conv2DBackpropFilter,2,978.946,489.473,978.946,489.473,0.01682833850493779,0.295128955245135,0.0,0.0
11,Device,Conv2DBackpropFilter,gradient_tape/model/conv2d_4/Conv2D/Conv2DBackpropFilter,2,977.921,488.9605,977.921,488.9605,0.016810718486093484,0.3119396737312285,0.0,0.0
12,Device,Conv2DBackpropFilter,gradient_tape/model/conv2d_18/Conv2D/Conv2DBackpropFilter,2,972.801,486.4005,972.801,486.4005,0.016722704343183372,0.32866237807441184,0.0,0.0
13,Device,Conv2D,model/conv2d/Conv2D,2,900.096,450.048,900.096,450.048,0.015472886323597508,0.34413526439800934,0.0,0.0
14,Device,ReluGrad,gradient_tape/model/activation/ReluGrad,2,861.186,430.593,861.186,430.593,0.01480401321800524,0.3589392776160146,0.0,0.0
15,Device,FusedBatchNormV3,model/batch_normalization/FusedBatchNormV3,4,835.585,208.89625,835.585,208.89625,0.014363925313192399,0.373303202929207,0.0,0.0
16,Device,Conv2DBackpropInput,gradient_tape/model/conv2d_5/Conv2D/Conv2DBackpropInput,2,787.458,393.729,787.458,393.729,0.013536609560099642,0.38683981248930666,0.0,0.0
17,Device,Conv2DBackpropFilter,gradient_tape/model/conv2d_5/Conv2D/Conv2DBackpropFilter,2,664.577,332.2885,664.577,332.2885,0.01142425293999469,0.3982640654293014,0.0,0.0
18,Device,Conv2DBackpropInput,gradient_tape/model/conv2d_10/Conv2D/Conv2DBackpropInput,2,596.993,298.4965,596.993,298.4965,0.010262466253581227,0.4085265316828826,0.0,0.0
19,Device,Conv2D,model/conv2d_19/Conv2D,4,594.945,148.73625,594.945,148.73625,0.010227260596417183,0.4187537922792998,0.0,0.0
20,Device,Conv2D,model/conv2d_16/Conv2D,4,591.873,147.96825,591.873,147.96825,0.010174452110671117,0.42892824438997096,0.0,0.0
21,Device,Conv2D,model/conv2d_18/Conv2D,4,591.873,147.96825,591.873,147.96825,0.010174452110671117,0.4391026965006421,0.0,0.0
22,Device,BiasAdd,model/conv2d/BiasAdd,2,587.777,293.8885,587.777,293.8885,0.010104040796343028,0.4492067372969851,0.0,0.0
23,Device,Conv2DBackpropInput,gradient_tape/model/conv2d_18/Conv2D/Conv2DBackpropInput,4,586.754,146.6885,586.754,146.6885,0.010086455158023292,0.45929319245500844,0.0,0.0
24,Device,Conv2DBackpropInput,gradient_tape/model/conv2d_16/Conv2D/Conv2DBackpropInput,4,586.752,146.688,586.752,146.688,0.010086420777498717,0.46937961323250715,0.0,0.0
25,Device,Conv2DBackpropInput,gradient_tape/model/conv2d_19/Conv2D/Conv2DBackpropInput,4,585.728,146.432,585.728,146.432,0.010068817948916694,0.47944843118142383,0.0,0.0
26,Device,Conv2D,model/conv2d_5/Conv2D,4,577.537,144.38425,577.537,144.38425,0.009928012510522805,0.48937644369194666,0.0,0.0
27,Device,Relu,model/activation/Relu,2,553.985,276.9925,553.985,276.9925,0.009523147453136295,0.498899591145083,0.0,0.0
28,Device,Conv2DBackpropFilter,gradient_tape/model/conv2d_8/Conv2D/Conv2DBackpropFilter,2,539.65,269.825,539.65,269.825,0.009276725043250271,0.5081763161883333,0.0,0.0
29,Device,Conv2DBackpropFilter,gradient_tape/model/conv2d_9/Conv2D/Conv2DBackpropFilter,2,537.602,268.801,537.602,268.801,0.009241519386086226,0.5174178355744194,0.0,0.0
30,Device,Conv2DBackpropFilter,gradient_tape/model/conv2d_6/Conv2D/Conv2DBackpropFilter,2,530.433,265.2165,530.433,265.2165,0.009118282395749784,0.5265361179701692,0.0,0.0
31,Device,Conv2DBackpropInput,gradient_tape/model/conv2d_15/Conv2D/Conv2DBackpropInput,2,510.976,255.488,510.976,255.488,0.008783811462429075,0.5353199294325983,0.0,0.0
32,Device,Conv2DBackpropFilter,gradient_tape/model/conv2d_10/Conv2D/Conv2DBackpropFilter,2,457.729,228.8645,457.729,228.8645,0.007868481566426208,0.5431884109990245,0.0,0.0
33,Device,Conv2D,model/conv2d_15/Conv2D,4,422.913,105.72825,422.913,105.72825,0.0072699853946374534,0.5504583963936619,0.0,0.0
34,Device,Conv2D,model/conv2d_1/Conv2D,2,413.697,206.8485,413.697,206.8485,0.007111559937399254,0.5575699563310611,0.0,0.0
35,Device,Conv2D,model/conv2d_10/Conv2D,4,413.696,103.424,413.696,103.424,0.007111542747136967,0.5646814990781981,0.0,0.0
36,Device,Conv2D,model/conv2d_2/Conv2D,2,413.696,206.848,413.696,206.848,0.007111542747136967,0.5717930418253351,0.0,0.0
37,Device,Conv2D,model/conv2d_3/Conv2D,2,413.696,206.848,413.696,206.848,0.007111542747136967,0.5789045845724721,0.0,0.0
38,Device,Conv2D,model/conv2d_4/Conv2D,2,410.625,205.3125,410.625,205.3125,0.007058751451653187,0.5859633360241252,0.0,0.0
39,Device,Conv2DBackpropInput,gradient_tape/model/conv2d_4/Conv2D/Conv2DBackpropInput,2,409.601,204.8005,409.601,204.8005,0.007041148623071165,0.5930044846471964,0.0,0.0
40,Device,Conv2DBackpropInput,gradient_tape/model/conv2d_2/Conv2D/Conv2DBackpropInput,2,409.6,204.8,409.6,204.8,0.007041131432808878,0.6000456160800052,0.0,0.0
41,Device,Conv2DBackpropInput,gradient_tape/model/conv2d_3/Conv2D/Conv2DBackpropInput,2,406.528,203.264,406.528,203.264,0.006988322947062812,0.607033939027068,0.0,0.0
42,Device,Conv2DBackpropInput,gradient_tape/model/conv2d_1/Conv2D/Conv2DBackpropInput,2,404.481,202.2405,404.481,202.2405,0.006953134480161054,0.6139870735072291,0.0,0.0
43,Device,Conv2DBackpropFilter,gradient_tape/model/conv2d_14/Conv2D/Conv2DBackpropFilter,2,388.097,194.0485,388.097,194.0485,0.006671489222848699,0.6206585627300778,0.0,0.0
44,Device,Conv2DBackpropFilter,gradient_tape/model/conv2d_13/Conv2D/Conv2DBackpropFilter,2,386.049,193.0245,386.049,193.0245,0.006636283565684654,0.6272948462957625,0.0,0.0
45,Device,Conv2DBackpropFilter,gradient_tape/model/conv2d_15/Conv2D/Conv2DBackpropFilter,4,380.929,95.23225,380.929,95.23225,0.006548269422774543,0.633843115718537,0.0,0.0
46,Device,Conv2DBackpropFilter,gradient_tape/model/conv2d_11/Conv2D/Conv2DBackpropFilter,2,371.713,185.8565,371.713,185.8565,0.006389843965536344,0.6402329596840733,0.0,0.0
47,Device,FusedBatchNormGradV3,gradient_tape/model/batch_normalization_1/FusedBatchNormGradV3,2,364.544,182.272,364.544,182.272,0.006266606975199901,0.6464995666592732,0.0,0.0
48,Device,FusedBatchNormGradV3,gradient_tape/model/batch_normalization_3/FusedBatchNormGradV3,2,364.544,182.272,364.544,182.272,0.006266606975199901,0.6527661736344731,0.0,0.0
49,Device,FusedBatchNormGradV3,gradient_tape/model/batch_normalization_4/FusedBatchNormGradV3,2,364.544,182.272,364.544,182.272,0.006266606975199901,0.659032780609673,0.0,0.0
50,Device,FusedBatchNormGradV3,gradient_tape/model/batch_normalization_2/FusedBatchNormGradV3,2,362.497,181.2485,362.497,181.2485,0.006231418508298144,0.6652641991179711,0.0,0.0
51,Device,Conv2D,model/conv2d_13/Conv2D,2,360.449,180.2245,360.449,180.2245,0.006196212851134099,0.6714604119691052,0.0,0.0
52,Device,Conv2D,model/conv2d_11/Conv2D,2,358.4,179.2,358.4,179.2,0.0061609900037077675,0.677621401972813,0.0,0.0
53,Device,Conv2D,model/conv2d_14/Conv2D,2,356.352,178.176,356.352,178.176,0.006125784346543723,0.6837471863193567,0.0,0.0
54,Device,MaxPool,model/max_pooling2d/MaxPool,2,356.352,178.176,356.352,178.176,0.006125784346543723,0.6898729706659005,0.0,0.0
55,Device,Conv2DBackpropInput,gradient_tape/model/conv2d_6/Conv2D/Conv2DBackpropInput,2,355.328,177.664,355.328,177.664,0.006108181517961701,0.6959811521838621,0.0,0.0
56,Device,Conv2DBackpropInput,gradient_tape/model/conv2d_9/Conv2D/Conv2DBackpropInput,2,355.328,177.664,355.328,177.664,0.006108181517961701,0.7020893337018238,0.0,0.0
57,Device,Conv2DBackpropInput,gradient_tape/model/conv2d_8/Conv2D/Conv2DBackpropInput,2,354.304,177.152,354.304,177.152,0.0060905786893796785,0.7081799123912035,0.0,0.0
58,Device,Conv2D,model/conv2d_6/Conv2D,2,354.304,177.152,354.304,177.152,0.0060905786893796785,0.7142704910805832,0.0,0.0
59,Device,Conv2D,model/conv2d_9/Conv2D,2,353.28,176.64,353.28,176.64,0.006072975860797657,0.7203434669413808,0.0,0.0
60,Device,Conv2DBackpropInput,gradient_tape/model/conv2d_13/Conv2D/Conv2DBackpropInput,2,352.256,176.128,352.256,176.128,0.006055373032215634,0.7263988399735964,0.0,0.0
61,Device,Conv2D,model/conv2d_8/Conv2D,2,351.233,175.6165,351.233,175.6165,0.0060377873938959,0.7324366273674924,0.0,0.0
62,Device,Conv2DBackpropInput,gradient_tape/model/conv2d_11/Conv2D/Conv2DBackpropInput,2,349.185,174.5925,349.185,174.5925,0.006002581736731855,0.7384392091042242,0.0,0.0
63,Device,Conv2DBackpropInput,gradient_tape/model/conv2d_14/Conv2D/Conv2DBackpropInput,2,347.136,173.568,347.136,173.568,0.005967358889305524,0.7444065679935298,0.0,0.0
64,Device,BiasAddGrad,gradient_tape/model/conv2d/BiasAdd/BiasAddGrad,2,274.432,137.216,274.432,137.216,0.004717558059981948,0.7491241260535118,0.0,0.0
65,Device,Conv2DBackpropFilter,gradient_tape/model/conv2d_7/Conv2D/Conv2DBackpropFilter,2,230.401,115.2005,230.401,115.2005,0.003960653621217281,0.7530847796747291,0.0,0.0
66,Device,ReluGrad,gradient_tape/model/activation_4/ReluGrad,2,222.208,111.104,222.208,111.104,0.003819813802298816,0.7569045934770279,0.0,0.0
67,Device,FusedBatchNormV3,model/batch_normalization_1/FusedBatchNormV3,4,220.16,55.04,220.16,55.04,0.003784608145134772,0.7606892016221627,0.0,0.0
68,Device,FusedBatchNormV3,model/batch_normalization_3/FusedBatchNormV3,4,218.112,54.528,218.112,54.528,0.0037494024879707274,0.7644386041101334,0.0,0.0
69,Device,FusedBatchNormV3,model/batch_normalization_4/FusedBatchNormV3,4,218.112,54.528,218.112,54.528,0.0037494024879707274,0.7681880065981042,0.0,0.0
70,Device,FusedBatchNormV3,model/batch_normalization_2/FusedBatchNormV3,4,217.089,54.27225,217.089,54.27225,0.003731816849650992,0.7719198234477551,0.0,0.0
71,Device,AddN,SGD/gradients/AddN_6,2,211.969,105.9845,211.969,105.9845,0.0036438027067408813,0.775563626154496,0.0,0.0
72,Device,AddN,SGD/gradients/AddN_5,2,210.945,105.4725,210.945,105.4725,0.003626199878158859,0.7791898260326549,0.0,0.0
73,Device,AddV2,model/add/add,2,210.945,105.4725,210.945,105.4725,0.003626199878158859,0.7828160259108137,0.0,0.0
74,Device,ReluGrad,gradient_tape/model/activation_2/ReluGrad,2,210.944,105.472,210.944,105.472,0.0036261826878965717,0.7864422085987103,0.0,0.0
75,Device,AddV2,model/add_1/add,2,209.92,104.96,209.92,104.96,0.0036085798593145494,0.7900507884580248,0.0,0.0
76,Device,ReluGrad,gradient_tape/model/activation_3/ReluGrad,2,208.897,104.4485,208.897,104.4485,0.0035909942209948146,0.7936417826790196,0.0,0.0
77,Device,Conv2DBackpropInput,gradient_tape/model/conv2d_7/Conv2D/Conv2DBackpropInput,2,206.849,103.4245,206.849,103.4245,0.00355578856383077,0.7971975712428504,0.0,0.0
78,Device,SoftmaxCrossEntropyWithLogits,categorical_crossentropy/softmax_cross_entropy_with_logits,2,204.8,102.4,204.8,102.4,0.003520565716404439,0.8007181369592549,0.0,0.0
79,Device,ReluGrad,gradient_tape/model/activation_1/ReluGrad,2,201.728,100.864,201.728,100.864,0.0034677572306583723,0.8041858941899133,0.0,0.0
80,Device,AddN,SGD/gradients/AddN_7,2,199.681,99.8405,199.681,99.8405,0.0034325687637566152,0.8076184629536699,0.0,0.0
81,Device,FusedBatchNormGradV3,gradient_tape/model/batch_normalization_7/FusedBatchNormGradV3,2,178.176,89.088,178.176,89.088,0.0030628921732718615,0.8106813551269417,0.0,0.0
82,Device,FusedBatchNormGradV3,gradient_tape/model/batch_normalization_8/FusedBatchNormGradV3,2,177.152,88.576,177.152,88.576,0.0030452893446898392,0.8137266444716316,0.0,0.0
83,Device,FusedBatchNormGradV3,gradient_tape/model/batch_normalization_6/FusedBatchNormGradV3,2,176.128,88.064,176.128,88.064,0.003027686516107817,0.8167543309877394,0.0,0.0
84,Device,FusedBatchNormGradV3,gradient_tape/model/batch_normalization_5/FusedBatchNormGradV3,2,175.104,87.552,175.104,87.552,0.0030100836875257956,0.8197644146752652,0.0,0.0
85,Device,Conv2DBackpropInput,gradient_tape/model/conv2d_17/Conv2D/Conv2DBackpropInput,2,145.408,72.704,145.408,72.704,0.0024996016586471513,0.8222640163339123,0.0,0.0
86,Device,Conv2DBackpropInput,gradient_tape/model/conv2d_12/Conv2D/Conv2DBackpropInput,2,144.384,72.192,144.384,72.192,0.002481998830065129,0.8247460151639775,0.0,0.0
87,Device,BiasAdd,model/conv2d_1/BiasAdd,2,143.361,71.6805,143.361,71.6805,0.0024644131917453942,0.8272104283557229,0.0,0.0
88,Device,Relu,model/activation_1/Relu,2,143.36,71.68,143.36,71.68,0.0024643960014831072,0.829674824357206,0.0,0.0
89,Device,Relu,model/activation_4/Relu,2,142.336,71.168,142.336,71.168,0.002446793172901085,0.832121617530107,0.0,0.0
90,Device,BiasAdd,model/conv2d_2/BiasAdd,2,142.336,71.168,142.336,71.168,0.002446793172901085,0.8345684107030081,0.0,0.0
91,Device,BiasAdd,model/conv2d_4/BiasAdd,2,142.336,71.168,142.336,71.168,0.002446793172901085,0.8370152038759092,0.0,0.0
92,Device,Relu,model/activation_3/Relu,2,141.313,70.6565,141.313,70.6565,0.0024292075345813497,0.8394444114104905,0.0,0.0
93,Device,Relu,model/activation_2/Relu,2,141.312,70.656,141.312,70.656,0.002429190344319063,0.8418736017548096,0.0,0.0
94,Device,BiasAdd,model/conv2d_3/BiasAdd,2,141.312,70.656,141.312,70.656,0.002429190344319063,0.8443027920991287,0.0,0.0
95,Device,Transpose,gradient_tape/model/conv2d/Conv2D/Conv2DBackpropFilter-0-TransposeNHWCToNCHW-LayoutOptimizer,2,128.0,64.0,128.0,64.0,0.0022003535727527744,0.8465031456718815,0.0,0.0
96,Device,ResourceApplyGradientDescent,SGD/SGD/update_62/ResourceApplyGradientDescent,2,125.952,62.976,125.952,62.976,0.00216514791558873,0.8486682935874702,0.0,0.0
97,Device,ResourceApplyGradientDescent,SGD/SGD/update_70/ResourceApplyGradientDescent,2,124.928,62.464,124.928,62.464,0.0021475450870067077,0.8508158386744769,0.0,0.0
98,Device,ResourceApplyGradientDescent,SGD/SGD/update_66/ResourceApplyGradientDescent,2,123.904,61.952,123.904,61.952,0.0021299422584246854,0.8529457809329015,0.0,0.0
99,Device,AddN,SGD/gradients/AddN_26,2,123.904,61.952,123.904,61.952,0.0021299422584246854,0.8550757231913262,0.0,0.0
100,Device,AddN,SGD/gradients/AddN_27,2,123.904,61.952,123.904,61.952,0.0021299422584246854,0.8572056654497509,0.0,0.0
101,Device,Conv2DBackpropFilter,gradient_tape/model/conv2d_12/Conv2D/Conv2DBackpropFilter,2,122.88,61.44,122.88,61.44,0.002112339429842663,0.8593180048795935,0.0,0.0
102,Device,Mul,gradient_tape/conv2d_18/kernel/Regularizer/Mul_1,2,120.832,60.416,120.832,60.416,0.0020771337726786187,0.8613951386522721,0.0,0.0
103,Device,Mul,gradient_tape/conv2d_19/kernel/Regularizer/Mul_1,2,120.832,60.416,120.832,60.416,0.0020771337726786187,0.8634722724249507,0.0,0.0
104,Device,AddN,SGD/gradients/AddN_25,2,118.784,59.392,118.784,59.392,0.0020419281155145746,0.8655142005404654,0.0,0.0
105,Device,ArgMax,ArgMax,2,111.616,55.808,111.616,55.808,0.001918708315440419,0.8674329088559057,0.0,0.0
106,Device,FusedBatchNormV3,model/batch_normalization_8/FusedBatchNormV3,4,111.616,27.904,111.616,27.904,0.001918708315440419,0.8693516171713461,0.0,0.0
107,Device,ArgMax,ArgMax_1,2,110.592,55.296,110.592,55.296,0.0019011054868583969,0.8712527226582045,0.0,0.0
108,Device,Mul,gradient_tape/conv2d_16/kernel/Regularizer/Mul_1,2,110.592,55.296,110.592,55.296,0.0019011054868583969,0.8731538281450629,0.0,0.0
109,Device,ReluGrad,gradient_tape/model/activation_5/ReluGrad,2,110.592,55.296,110.592,55.296,0.0019011054868583969,0.8750549336319213,0.0,0.0
110,Device,AddV2,model/add_2/add,2,108.545,54.2725,108.545,54.2725,0.0018659170199566398,0.876920850651878,0.0,0.0
111,Device,AddV2,model/add_3/add,2,108.545,54.2725,108.545,54.2725,0.0018659170199566398,0.8787867676718346,0.0,0.0
112,Device,ReluGrad,gradient_tape/model/activation_8/ReluGrad,2,108.544,54.272,108.544,54.272,0.0018658998296943526,0.8806526675015289,0.0,0.0
113,Device,AddN,SGD/gradients/AddN_3,2,107.52,53.76,107.52,53.76,0.0018482970011123303,0.8825009645026413,0.0,0.0
114,Device,AddN,SGD/gradients/AddN_4,2,107.52,53.76,107.52,53.76,0.0018482970011123303,0.8843492615037536,0.0,0.0
115,Device,ReluGrad,gradient_tape/model/activation_7/ReluGrad,2,103.424,51.712,103.424,51.712,0.0017778856867842418,0.8861271471905379,0.0,0.0
116,Device,ReluGrad,gradient_tape/model/activation_6/ReluGrad,2,101.376,50.688,101.376,50.688,0.0017426800296201973,0.8878698272201581,0.0,0.0
117,Device,Conv2DBackpropFilter,gradient_tape/model/conv2d_17/Conv2D/Conv2DBackpropFilter,2,100.352,50.176,100.352,50.176,0.001725077201038175,0.8895949044211963,0.0,0.0
118,Device,FusedBatchNormV3,model/batch_normalization_5/FusedBatchNormV3,4,100.352,25.088,100.352,25.088,0.001725077201038175,0.8913199816222345,0.0,0.0
119,Device,FusedBatchNormV3,model/batch_normalization_7/FusedBatchNormV3,4,100.352,25.088,100.352,25.088,0.001725077201038175,0.8930450588232727,0.0,0.0
120,Device,FusedBatchNormV3,model/batch_normalization_6/FusedBatchNormV3,4,99.328,24.832,99.328,24.832,0.0017074743724561528,0.8947525331957288,0.0,0.0
121,Device,BiasAddGrad,gradient_tape/model/conv2d_2/BiasAdd/BiasAddGrad,2,94.208,47.104,94.208,47.104,0.0016194602295460418,0.8963719934252748,0.0,0.0
122,Device,Conv2D,model/conv2d_7/Conv2D,2,93.184,46.592,93.184,46.592,0.0016018574009640197,0.8979738508262388,0.0,0.0
123,Device,Conv2D,model/conv2d_17/Conv2D,2,90.112,45.056,90.112,45.056,0.001549048915217953,0.8995228997414567,0.0,0.0
124,Device,Square,conv2d_16/kernel/Regularizer/Square,2,86.017,43.0085,86.017,43.0085,0.0014786547911521514,0.9010015545326089,0.0,0.0
125,Device,BiasAddGrad,gradient_tape/model/conv2d_3/BiasAdd/BiasAddGrad,2,86.016,43.008,86.016,43.008,0.0014786376008898644,0.9024801921334987,0.0,0.0
126,Device,BiasAddGrad,gradient_tape/model/conv2d_4/BiasAdd/BiasAddGrad,2,86.016,43.008,86.016,43.008,0.0014786376008898644,0.9039588297343886,0.0,0.0
127,Device,BiasAddGrad,gradient_tape/model/conv2d_1/BiasAdd/BiasAddGrad,2,84.992,42.496,84.992,42.496,0.0014610347723078422,0.9054198645066964,0.0,0.0
128,Device,Square,conv2d_19/kernel/Regularizer/Square,2,81.921,40.9605,81.921,40.9605,0.0014082434768240629,0.9068281079835205,0.0,0.0
129,Device,Square,conv2d_18/kernel/Regularizer/Square,2,81.92,40.96,81.92,40.96,0.0014082262865617757,0.9082363342700823,0.0,0.0
130,Device,BiasAdd,model/conv2d_7/BiasAdd,2,79.873,39.9365,79.873,39.9365,0.0013730378196600184,0.9096093720897424,0.0,0.0
131,Device,BiasAdd,model/conv2d_5/BiasAdd,2,76.8,38.4,76.8,38.4,0.0013202121436516644,0.910929584233394,0.0,0.0
132,Device,Tile,gradient_tape/conv2d_16/kernel/Regularizer/Tile,2,73.728,36.864,73.728,36.864,0.001267403657905598,0.9121969878912995,0.0,0.0
133,Device,Relu,model/activation_8/Relu,2,72.705,36.3525,72.705,36.3525,0.0012498180195858629,0.9134468059108855,0.0,0.0
134,Device,Mul,gradient_tape/conv2d_16/kernel/Regularizer/Mul,2,72.704,36.352,72.704,36.352,0.0012498008293235757,0.914696606740209,0.0,0.0
135,Device,Relu,model/activation_5/Relu,2,72.704,36.352,72.704,36.352,0.0012498008293235757,0.9159464075695326,0.0,0.0
136,Device,Relu,model/activation_6/Relu,2,72.704,36.352,72.704,36.352,0.0012498008293235757,0.9171962083988562,0.0,0.0
137,Device,Relu,model/activation_7/Relu,2,72.704,36.352,72.704,36.352,0.0012498008293235757,0.9184460092281798,0.0,0.0
138,Device,BiasAdd,model/conv2d_6/BiasAdd,2,69.632,34.816,69.632,34.816,0.0011969923435775093,0.9196430015717573,0.0,0.0
139,Device,Conv2D,model/conv2d_12/Conv2D,2,67.584,33.792,67.584,33.792,0.0011617866864134649,0.9208047882581707,0.0,0.0
140,Device,BiasAdd,model/conv2d_8/BiasAdd,2,67.584,33.792,67.584,33.792,0.0011617866864134649,0.9219665749445841,0.0,0.0
141,Device,BiasAdd,model/conv2d_9/BiasAdd,2,67.584,33.792,67.584,33.792,0.0011617866864134649,0.9231283616309975,0.0,0.0
142,Device,ResourceApplyGradientDescent,SGD/SGD/update_56/ResourceApplyGradientDescent,2,66.56,33.28,66.56,33.28,0.0011441838578314426,0.924272545488829,0.0,0.0
143,Device,AddN,SGD/gradients/AddN_23,2,64.513,32.2565,64.513,32.2565,0.0011089953909296855,0.9253815408797587,0.0,0.0
144,Device,AvgPoolGrad,gradient_tape/model/average_pooling2d/AvgPoolGrad,2,64.512,32.256,64.512,32.256,0.0011089782006673983,0.926490519080426,0.0,0.0
145,Device,Mul,gradient_tape/conv2d_15/kernel/Regularizer/Mul_1,2,62.464,31.232,62.464,31.232,0.0010737725435033538,0.9275642916239294,0.0,0.0
146,Device,Sum,conv2d_16/kernel/Regularizer/Sum,2,59.392,29.696,59.392,29.696,0.0010209640577572873,0.9285852556816867,0.0,0.0
147,Device,Sum,conv2d_18/kernel/Regularizer/Sum,2,58.368,29.184,58.368,29.184,0.001003361229175265,0.9295886169108619,0.0,0.0
148,Device,FusedBatchNormGradV3,gradient_tape/model/batch_normalization_9/FusedBatchNormGradV3,2,58.368,29.184,58.368,29.184,0.001003361229175265,0.9305919781400371,0.0,0.0
149,Device,FusedBatchNormGradV3,gradient_tape/model/batch_normalization_10/FusedBatchNormGradV3,2,57.344,28.672,57.344,28.672,0.0009857584005932428,0.9315777365406304,0.0,0.0
150,Device,FusedBatchNormGradV3,gradient_tape/model/batch_normalization_11/FusedBatchNormGradV3,2,57.344,28.672,57.344,28.672,0.0009857584005932428,0.9325634949412236,0.0,0.0
151,Device,FusedBatchNormGradV3,gradient_tape/model/batch_normalization_12/FusedBatchNormGradV3,2,57.344,28.672,57.344,28.672,0.0009857584005932428,0.9335492533418168,0.0,0.0
152,Device,ReluGrad,gradient_tape/model/activation_12/ReluGrad,2,56.32,28.16,56.32,28.16,0.0009681555720112207,0.9345174089138281,0.0,0.0
153,Device,ReluGrad,gradient_tape/model/activation_9/ReluGrad,2,56.32,28.16,56.32,28.16,0.0009681555720112207,0.9354855644858393,0.0,0.0
154,Device,BiasAddGrad,gradient_tape/model/conv2d_9/BiasAdd/BiasAddGrad,2,56.32,28.16,56.32,28.16,0.0009681555720112207,0.9364537200578505,0.0,0.0
155,Device,BiasAddGrad,gradient_tape/model/conv2d_7/BiasAdd/BiasAddGrad,2,55.296,27.648,55.296,27.648,0.0009505527434291984,0.9374042728012797,0.0,0.0
156,Device,BiasAddGrad,gradient_tape/model/conv2d_8/BiasAdd/BiasAddGrad,2,55.296,27.648,55.296,27.648,0.0009505527434291984,0.9383548255447088,0.0,0.0
157,Device,ReluGrad,gradient_tape/model/activation_10/ReluGrad,2,54.272,27.136,54.272,27.136,0.0009329499148471763,0.939287775459556,0.0,0.0
158,Device,ReluGrad,gradient_tape/model/activation_11/ReluGrad,2,53.248,26.624,53.248,26.624,0.000915347086265154,0.9402031225458212,0.0,0.0
159,Device,AddN,SGD/gradients/AddN_2,2,51.2,25.6,51.2,25.6,0.0008801414291011098,0.9410832639749223,0.0,0.0
160,Device,Sum,conv2d_19/kernel/Regularizer/Sum,2,51.2,25.6,51.2,25.6,0.0008801414291011098,0.9419634054040233,0.0,0.0
161,Device,BiasAddGrad,gradient_tape/model/conv2d_5/BiasAdd/BiasAddGrad,2,48.128,24.064,48.128,24.064,0.0008273329433550431,0.9427907383473784,0.0,0.0
162,Device,Square,conv2d_15/kernel/Regularizer/Square,2,45.056,22.528,45.056,22.528,0.0007745244576089765,0.9435652628049873,0.0,0.0
163,Device,Mul,gradient_tape/conv2d_15/kernel/Regularizer/Mul,2,43.008,21.504,43.008,21.504,0.0007393188004449322,0.9443045816054323,0.0,0.0
164,Device,BiasAdd,model/conv2d_12/BiasAdd,2,41.984,20.992,41.984,20.992,0.00072171597186291,0.9450262975772952,0.0,0.0
165,Device,AddN,SGD/gradients/AddN_1,2,40.96,20.48,40.96,20.48,0.0007041131432808878,0.9457304107205761,0.0,0.0
166,Device,Tile,gradient_tape/conv2d_15/kernel/Regularizer/Tile,2,39.936,19.968,39.936,19.968,0.0006865103146988656,0.946416921035275,0.0,0.0
167,Device,FusedBatchNormV3,model/batch_normalization_9/FusedBatchNormV3,4,39.936,9.984,39.936,9.984,0.0006865103146988656,0.9471034313499739,0.0,0.0
168,Device,AddV2,model/add_4/add,2,38.912,19.456,38.912,19.456,0.0006689074861168433,0.9477723388360907,0.0,0.0
169,Device,FusedBatchNormV3,model/batch_normalization_11/FusedBatchNormV3,4,38.912,9.728,38.912,9.728,0.0006689074861168433,0.9484412463222075,0.0,0.0
170,Device,ResourceApplyGradientDescent,SGD/SGD/update_48/ResourceApplyGradientDescent,2,36.864,18.432,36.864,18.432,0.000633701828952799,0.9490749481511603,0.0,0.0
171,Device,AddN,SGD/gradients/AddN_22,2,36.864,18.432,36.864,18.432,0.000633701828952799,0.9497086499801132,0.0,0.0
172,Device,FusedBatchNormV3,model/batch_normalization_12/FusedBatchNormV3,4,36.864,9.216,36.864,9.216,0.000633701828952799,0.950342351809066,0.0,0.0
173,Device,FusedBatchNormV3,model/batch_normalization_10/FusedBatchNormV3,4,35.841,8.96025,35.841,8.96025,0.0006161161906330639,0.9509584679996991,0.0,0.0
174,Device,ResourceApplyGradientDescent,SGD/SGD/update_44/ResourceApplyGradientDescent,2,35.84,17.92,35.84,17.92,0.0006160990003707768,0.9515745670000698,0.0,0.0
175,Device,ResourceApplyGradientDescent,SGD/SGD/update_52/ResourceApplyGradientDescent,2,35.84,17.92,35.84,17.92,0.0006160990003707768,0.9521906660004406,0.0,0.0
176,Device,FusedBatchNormGradV3,gradient_tape/model/batch_normalization_13/FusedBatchNormGradV3,2,35.84,17.92,35.84,17.92,0.0006160990003707768,0.9528067650008113,0.0,0.0
177,Device,AddN,SGD/gradients/AddN_20,2,34.816,17.408,34.816,17.408,0.0005984961717887547,0.9534052611726,0.0,0.0
178,Device,AddN,SGD/gradients/AddN_21,2,34.816,17.408,34.816,17.408,0.0005984961717887547,0.9540037573443888,0.0,0.0
179,Device,FusedBatchNormGradV3,gradient_tape/model/batch_normalization_14/FusedBatchNormGradV3,2,34.816,17.408,34.816,17.408,0.0005984961717887547,0.9546022535161776,0.0,0.0
180,Device,FusedBatchNormGradV3,gradient_tape/model/batch_normalization_15/FusedBatchNormGradV3,2,34.816,17.408,34.816,17.408,0.0005984961717887547,0.9552007496879663,0.0,0.0
181,Device,BiasAddGrad,gradient_tape/model/conv2d_12/BiasAdd/BiasAddGrad,2,34.816,17.408,34.816,17.408,0.0005984961717887547,0.9557992458597551,0.0,0.0
182,Device,Relu,model/activation_12/Relu,2,34.816,17.408,34.816,17.408,0.0005984961717887547,0.9563977420315438,0.0,0.0
183,Device,AddV2,model/add_5/add,2,34.816,17.408,34.816,17.408,0.0005984961717887547,0.9569962382033326,0.0,0.0
184,Device,BiasAddGrad,gradient_tape/model/conv2d_14/BiasAdd/BiasAddGrad,2,33.792,16.896,33.792,16.896,0.0005808933432067324,0.9575771315465393,0.0,0.0
185,Device,Sum,conv2d_15/kernel/Regularizer/Sum,2,32.768,16.384,32.768,16.384,0.0005632905146247102,0.958140422061164,0.0,0.0
186,Device,Mul,gradient_tape/conv2d_11/kernel/Regularizer/Mul_1,2,32.768,16.384,32.768,16.384,0.0005632905146247102,0.9587037125757887,0.0,0.0
187,Device,BiasAddGrad,gradient_tape/model/conv2d_13/BiasAdd/BiasAddGrad,2,32.768,16.384,32.768,16.384,0.0005632905146247102,0.9592670030904134,0.0,0.0
188,Device,ReluGrad,gradient_tape/model/activation_15/ReluGrad,2,30.721,15.3605,30.721,15.3605,0.000528102047722953,0.9597951051381363,0.0,0.0
189,Device,Mul,gradient_tape/conv2d_13/kernel/Regularizer/Mul_1,2,30.72,15.36,30.72,15.36,0.0005280848574606658,0.960323189995597,0.0,0.0
190,Device,Mul,gradient_tape/conv2d_14/kernel/Regularizer/Mul_1,2,30.72,15.36,30.72,15.36,0.0005280848574606658,0.9608512748530577,0.0,0.0
191,Device,ReluGrad,gradient_tape/model/activation_13/ReluGrad,2,30.72,15.36,30.72,15.36,0.0005280848574606658,0.9613793597105184,0.0,0.0
192,Device,ReluGrad,gradient_tape/model/activation_14/ReluGrad,2,30.72,15.36,30.72,15.36,0.0005280848574606658,0.961907444567979,0.0,0.0
193,Device,BiasAddGrad,gradient_tape/model/conv2d_10/BiasAdd/BiasAddGrad,2,30.72,15.36,30.72,15.36,0.0005280848574606658,0.9624355294254398,0.0,0.0
194,Device,FusedBatchNormGradV3,gradient_tape/model/batch_normalization_16/FusedBatchNormGradV3,2,29.696,14.848,29.696,14.848,0.0005104820288786437,0.9629460114543184,0.0,0.0
195,Device,FusedBatchNormV3,model/batch_normalization_16/FusedBatchNormV3,4,28.672,7.168,28.672,7.168,0.0004928792002966214,0.963438890654615,0.0,0.0
196,Device,Softmax,model/dense/Softmax,2,28.672,14.336,28.672,14.336,0.0004928792002966214,0.9639317698549116,0.0,0.0
197,Device,FusedBatchNormV3,model/batch_normalization_13/FusedBatchNormV3,4,27.648,6.912,27.648,6.912,0.0004752763717145992,0.9644070462266262,0.0,0.0
198,Device,FusedBatchNormV3,model/batch_normalization_14/FusedBatchNormV3,4,27.648,6.912,27.648,6.912,0.0004752763717145992,0.9648823225983408,0.0,0.0
199,Device,FusedBatchNormV3,model/batch_normalization_15/FusedBatchNormV3,4,26.624,6.656,26.624,6.656,0.000457673543132577,0.9653399961414734,0.0,0.0
200,Device,MatMul,model/dense/MatMul,2,26.624,13.312,26.624,13.312,0.000457673543132577,0.9657976696846059,0.0,0.0
201,Device,MatMul,gradient_tape/model/dense/MatMul/MatMul,2,23.552,11.776,23.552,11.776,0.00040486505738651044,0.9662025347419924,0.0,0.0
202,Device,Square,conv2d_14/kernel/Regularizer/Square,2,22.528,11.264,22.528,11.264,0.00038726222880448825,0.9665897969707968,0.0,0.0
203,Device,BiasAddGrad,gradient_tape/model/conv2d_15/BiasAdd/BiasAddGrad,2,22.528,11.264,22.528,11.264,0.00038726222880448825,0.9669770591996013,0.0,0.0
204,Device,Square,conv2d_11/kernel/Regularizer/Square,2,21.504,10.752,21.504,10.752,0.0003696594002224661,0.9673467185998238,0.0,0.0
205,Device,Sum,conv2d_14/kernel/Regularizer/Sum,2,21.504,10.752,21.504,10.752,0.0003696594002224661,0.9677163780000463,0.0,0.0
206,Device,Mul,gradient_tape/conv2d_11/kernel/Regularizer/Mul,2,21.504,10.752,21.504,10.752,0.0003696594002224661,0.9680860374002688,0.0,0.0
207,Device,BiasAddGrad,gradient_tape/model/conv2d_17/BiasAdd/BiasAddGrad,2,21.504,10.752,21.504,10.752,0.0003696594002224661,0.9684556968004913,0.0,0.0
208,Device,BiasAddGrad,gradient_tape/model/conv2d_19/BiasAdd/BiasAddGrad,2,21.504,10.752,21.504,10.752,0.0003696594002224661,0.9688253562007137,0.0,0.0
209,Device,ResourceApplyGradientDescent,SGD/SGD/update_38/ResourceApplyGradientDescent,2,20.48,10.24,20.48,10.24,0.0003520565716404439,0.9691774127723541,0.0,0.0
210,Device,Sum,conv2d_11/kernel/Regularizer/Sum,2,20.48,10.24,20.48,10.24,0.0003520565716404439,0.9695294693439945,0.0,0.0
211,Device,Square,conv2d_13/kernel/Regularizer/Square,2,20.48,10.24,20.48,10.24,0.0003520565716404439,0.9698815259156349,0.0,0.0
212,Device,Sum,conv2d_13/kernel/Regularizer/Sum,2,20.48,10.24,20.48,10.24,0.0003520565716404439,0.9702335824872753,0.0,0.0
213,Device,Tile,gradient_tape/conv2d_11/kernel/Regularizer/Tile,2,20.48,10.24,20.48,10.24,0.0003520565716404439,0.9705856390589157,0.0,0.0
214,Device,BiasAddGrad,gradient_tape/model/conv2d_18/BiasAdd/BiasAddGrad,2,20.48,10.24,20.48,10.24,0.0003520565716404439,0.9709376956305561,0.0,0.0
215,Device,AddN,ArithmeticOptimizer/AddOpsRewrite_AddN_1,4,19.456,4.864,19.456,4.864,0.00033445374305842167,0.9712721493736145,0.0,0.0
216,Device,AddN,SGD/gradients/AddN_18,2,19.456,9.728,19.456,9.728,0.00033445374305842167,0.9716066031166729,0.0,0.0
217,Device,Mul,gradient_tape/conv2d_10/kernel/Regularizer/Mul_1,2,19.456,9.728,19.456,9.728,0.00033445374305842167,0.9719410568597313,0.0,0.0
218,Device,Sum,conv2d_8/kernel/Regularizer/Sum,2,18.433,9.2165,18.433,9.2165,0.0003168681047386866,0.9722579249644699,0.0,0.0
219,Device,BiasAdd,model/conv2d_13/BiasAdd,2,18.432,9.216,18.432,9.216,0.0003168509144763995,0.9725747758789464,0.0,0.0
220,Device,BiasAdd,model/conv2d_11/BiasAdd,2,17.408,8.704,17.408,8.704,0.00029924808589437734,0.9728740239648408,0.0,0.0
221,Device,BiasAdd,model/conv2d_14/BiasAdd,2,17.408,8.704,17.408,8.704,0.00029924808589437734,0.9731732720507352,0.0,0.0
222,Device,ResourceApplyGradientDescent,SGD/SGD/update_74/ResourceApplyGradientDescent,2,16.384,8.192,16.384,8.192,0.0002816452573123551,0.9734549173080476,0.0,0.0
223,Device,AddN,SGD/gradients/AddN,2,16.384,8.192,16.384,8.192,0.0002816452573123551,0.9737365625653599,0.0,0.0
224,Device,Sum,conv2d_6/kernel/Regularizer/Sum,2,16.384,8.192,16.384,8.192,0.0002816452573123551,0.9740182078226722,0.0,0.0
225,Device,Tile,gradient_tape/conv2d_10/kernel/Regularizer/Tile,2,16.384,8.192,16.384,8.192,0.0002816452573123551,0.9742998530799846,0.0,0.0
226,Device,BiasAdd,model/conv2d_10/BiasAdd,2,16.384,8.192,16.384,8.192,0.0002816452573123551,0.9745814983372969,0.0,0.0
227,Device,BiasAdd,model/conv2d_17/BiasAdd,2,16.384,8.192,16.384,8.192,0.0002816452573123551,0.9748631435946092,0.0,0.0
228,Device,Sum,conv2d_17/kernel/Regularizer/Sum,2,15.36,7.68,15.36,7.68,0.0002640424287303329,0.9751271860233396,0.0,0.0
229,Device,Sum,conv2d_9/kernel/Regularizer/Sum,2,15.36,7.68,15.36,7.68,0.0002640424287303329,0.9753912284520699,0.0,0.0
230,Device,ResourceApplyGradientDescent,SGD/SGD/update_34/ResourceApplyGradientDescent,2,14.336,7.168,14.336,7.168,0.0002464396001483107,0.9756376680522183,0.0,0.0
231,Device,Sum,conv2d_10/kernel/Regularizer/Sum,2,14.336,7.168,14.336,7.168,0.0002464396001483107,0.9758841076523667,0.0,0.0
232,Device,Sum,conv2d_12/kernel/Regularizer/Sum,2,14.336,7.168,14.336,7.168,0.0002464396001483107,0.976130547252515,0.0,0.0
233,Device,Tile,gradient_tape/conv2d_5/kernel/Regularizer/Tile,2,14.336,7.168,14.336,7.168,0.0002464396001483107,0.9763769868526634,0.0,0.0
234,Device,MatMul,gradient_tape/model/dense/MatMul/MatMul_1,2,14.336,7.168,14.336,7.168,0.0002464396001483107,0.9766234264528117,0.0,0.0
235,Device,AddV2,model/add_6/add,2,14.336,7.168,14.336,7.168,0.0002464396001483107,0.9768698660529601,0.0,0.0
236,Device,AddV2,model/add_7/add,2,14.336,7.168,14.336,7.168,0.0002464396001483107,0.9771163056531085,0.0,0.0
237,Device,ResourceApplyGradientDescent,SGD/SGD/update_26/ResourceApplyGradientDescent,2,13.312,6.656,13.312,6.656,0.0002288367715662885,0.9773451424246747,0.0,0.0
238,Device,Sum,conv2d_1/kernel/Regularizer/Sum,2,13.312,6.656,13.312,6.656,0.0002288367715662885,0.977573979196241,0.0,0.0
239,Device,Square,conv2d_10/kernel/Regularizer/Square,2,13.312,6.656,13.312,6.656,0.0002288367715662885,0.9778028159678073,0.0,0.0
240,Device,Sum,conv2d_3/kernel/Regularizer/Sum,2,13.312,6.656,13.312,6.656,0.0002288367715662885,0.9780316527393735,0.0,0.0
241,Device,Sum,conv2d_4/kernel/Regularizer/Sum,2,13.312,6.656,13.312,6.656,0.0002288367715662885,0.9782604895109398,0.0,0.0
242,Device,Sum,conv2d_5/kernel/Regularizer/Sum,2,13.312,6.656,13.312,6.656,0.0002288367715662885,0.9784893262825061,0.0,0.0
243,Device,Mul,gradient_tape/conv2d_10/kernel/Regularizer/Mul,2,13.312,6.656,13.312,6.656,0.0002288367715662885,0.9787181630540723,0.0,0.0
244,Device,Tile,gradient_tape/conv2d_17/kernel/Regularizer/Tile,2,13.312,6.656,13.312,6.656,0.0002288367715662885,0.9789469998256386,0.0,0.0
245,Device,Tile,gradient_tape/conv2d_6/kernel/Regularizer/Tile,2,13.312,6.656,13.312,6.656,0.0002288367715662885,0.9791758365972049,0.0,0.0
246,Device,ReluGrad,gradient_tape/model/activation_16/ReluGrad,2,13.312,6.656,13.312,6.656,0.0002288367715662885,0.9794046733687711,0.0,0.0
247,Device,Relu,model/activation_10/Relu,2,13.312,6.656,13.312,6.656,0.0002288367715662885,0.9796335101403374,0.0,0.0
248,Device,Relu,model/activation_11/Relu,2,13.312,6.656,13.312,6.656,0.0002288367715662885,0.9798623469119037,0.0,0.0
249,Device,Relu,model/activation_9/Relu,2,13.312,6.656,13.312,6.656,0.0002288367715662885,0.9800911836834699,0.0,0.0
250,Device,_Recv,IteratorGetNext/_4,2,12.288,6.144,12.288,6.144,0.00021123394298426634,0.9803024176264542,0.0,0.0
251,Device,ResourceApplyGradientDescent,SGD/SGD/update_30/ResourceApplyGradientDescent,2,12.288,6.144,12.288,6.144,0.00021123394298426634,0.9805136515694385,0.0,0.0
252,Device,ResourceApplyGradientDescent,SGD/SGD/update_60/ResourceApplyGradientDescent,2,12.288,6.144,12.288,6.144,0.00021123394298426634,0.9807248855124228,0.0,0.0
253,Device,AddN,SGD/gradients/AddN_15,2,12.288,6.144,12.288,6.144,0.00021123394298426634,0.980936119455407,0.0,0.0
254,Device,Tile,gradient_tape/conv2d_1/kernel/Regularizer/Tile,2,12.288,6.144,12.288,6.144,0.00021123394298426634,0.9811473533983913,0.0,0.0
255,Device,Tile,gradient_tape/conv2d_12/kernel/Regularizer/Tile,2,12.288,6.144,12.288,6.144,0.00021123394298426634,0.9813585873413756,0.0,0.0
256,Device,BiasAdd,model/conv2d_15/BiasAdd,2,12.288,6.144,12.288,6.144,0.00021123394298426634,0.9815698212843599,0.0,0.0
257,Device,BiasAdd,model/conv2d_19/BiasAdd,2,12.288,6.144,12.288,6.144,0.00021123394298426634,0.9817810552273442,0.0,0.0
258,Device,AddN,SGD/gradients/AddN_16,2,11.264,5.632,11.264,5.632,0.00019363111440224412,0.9819746863417464,0.0,0.0
259,Device,AddN,SGD/gradients/AddN_17,2,11.264,5.632,11.264,5.632,0.00019363111440224412,0.9821683174561487,0.0,0.0
260,Device,AddN,SGD/gradients/AddN_24,2,11.264,5.632,11.264,5.632,0.00019363111440224412,0.982361948570551,0.0,0.0
261,Device,Sum,conv2d_2/kernel/Regularizer/Sum,2,11.264,5.632,11.264,5.632,0.00019363111440224412,0.9825555796849533,0.0,0.0
262,Device,Sum,conv2d_7/kernel/Regularizer/Sum,2,11.264,5.632,11.264,5.632,0.00019363111440224412,0.9827492107993556,0.0,0.0
263,Device,Mul,gradient_tape/conv2d_17/kernel/Regularizer/Mul_1,2,11.264,5.632,11.264,5.632,0.00019363111440224412,0.9829428419137579,0.0,0.0
264,Device,AvgPool,model/average_pooling2d/AvgPool,2,11.264,5.632,11.264,5.632,0.00019363111440224412,0.9831364730281602,0.0,0.0
265,Device,BiasAdd,model/conv2d_18/BiasAdd,2,11.264,5.632,11.264,5.632,0.00019363111440224412,0.9833301041425625,0.0,0.0
266,Device,ResourceApplyGradientDescent,SGD/SGD/update_20/ResourceApplyGradientDescent,2,10.24,5.12,10.24,5.12,0.00017602828582022196,0.9835061324283827,0.0,0.0
267,Device,AddN,SGD/gradients/AddN_13,2,10.24,5.12,10.24,5.12,0.00017602828582022196,0.9836821607142029,0.0,0.0
268,Device,Sum,conv2d/kernel/Regularizer/Sum,2,10.24,5.12,10.24,5.12,0.00017602828582022196,0.9838581890000231,0.0,0.0
269,Device,Square,conv2d_17/kernel/Regularizer/Square,2,10.24,5.12,10.24,5.12,0.00017602828582022196,0.9840342172858433,0.0,0.0
270,Device,Square,conv2d_8/kernel/Regularizer/Square,2,10.24,5.12,10.24,5.12,0.00017602828582022196,0.9842102455716635,0.0,0.0
271,Device,Square,conv2d_9/kernel/Regularizer/Square,2,10.24,5.12,10.24,5.12,0.00017602828582022196,0.9843862738574837,0.0,0.0
272,Device,Mul,gradient_tape/conv2d_17/kernel/Regularizer/Mul,2,10.24,5.12,10.24,5.12,0.00017602828582022196,0.9845623021433039,0.0,0.0
273,Device,Mul,gradient_tape/conv2d_6/kernel/Regularizer/Mul_1,2,10.24,5.12,10.24,5.12,0.00017602828582022196,0.9847383304291241,0.0,0.0
274,Device,Mul,gradient_tape/conv2d_8/kernel/Regularizer/Mul_1,2,10.24,5.12,10.24,5.12,0.00017602828582022196,0.9849143587149443,0.0,0.0
275,Device,Mul,gradient_tape/conv2d_9/kernel/Regularizer/Mul_1,2,10.24,5.12,10.24,5.12,0.00017602828582022196,0.9850903870007645,0.0,0.0
276,Device,BiasAdd,model/conv2d_16/BiasAdd,2,10.24,5.12,10.24,5.12,0.00017602828582022196,0.9852664152865847,0.0,0.0
277,Device,Relu,model/activation_13/Relu,2,9.216,4.608,9.216,4.608,0.00015842545723819974,0.9854248407438229,0.0,0.0
278,Device,ResourceApplyGradientDescent,SGD/SGD/update_12/ResourceApplyGradientDescent,2,8.192,4.096,8.192,4.096,0.00014082262865617754,0.9855656633724791,0.0,0.0
279,Device,ResourceApplyGradientDescent,SGD/SGD/update_16/ResourceApplyGradientDescent,2,8.192,4.096,8.192,4.096,0.00014082262865617754,0.9857064860011353,0.0,0.0
280,Device,ResourceApplyGradientDescent,SGD/SGD/update_2/ResourceApplyGradientDescent,2,8.192,4.096,8.192,4.096,0.00014082262865617754,0.9858473086297915,0.0,0.0
281,Device,ResourceApplyGradientDescent,SGD/SGD/update_24/ResourceApplyGradientDescent,2,8.192,4.096,8.192,4.096,0.00014082262865617754,0.9859881312584478,0.0,0.0
282,Device,ResourceApplyGradientDescent,SGD/SGD/update_4/ResourceApplyGradientDescent,2,8.192,4.096,8.192,4.096,0.00014082262865617754,0.986128953887104,0.0,0.0
283,Device,ResourceApplyGradientDescent,SGD/SGD/update_42/ResourceApplyGradientDescent,2,8.192,4.096,8.192,4.096,0.00014082262865617754,0.9862697765157602,0.0,0.0
284,Device,ResourceApplyGradientDescent,SGD/SGD/update_8/ResourceApplyGradientDescent,2,8.192,4.096,8.192,4.096,0.00014082262865617754,0.9864105991444164,0.0,0.0
285,Device,AddN,SGD/gradients/AddN_10,2,8.192,4.096,8.192,4.096,0.00014082262865617754,0.9865514217730726,0.0,0.0
286,Device,AddN,SGD/gradients/AddN_11,2,8.192,4.096,8.192,4.096,0.00014082262865617754,0.9866922444017289,0.0,0.0
287,Device,AddN,SGD/gradients/AddN_12,2,8.192,4.096,8.192,4.096,0.00014082262865617754,0.9868330670303851,0.0,0.0
288,Device,AddN,SGD/gradients/AddN_9,2,8.192,4.096,8.192,4.096,0.00014082262865617754,0.9869738896590413,0.0,0.0
289,Device,Square,conv2d_6/kernel/Regularizer/Square,2,8.192,4.096,8.192,4.096,0.00014082262865617754,0.9871147122876975,0.0,0.0
290,Device,Mul,gradient_tape/conv2d_5/kernel/Regularizer/Mul,2,8.192,4.096,8.192,4.096,0.00014082262865617754,0.9872555349163538,0.0,0.0
291,Device,Mul,gradient_tape/conv2d_6/kernel/Regularizer/Mul,2,8.192,4.096,8.192,4.096,0.00014082262865617754,0.98739635754501,0.0,0.0
292,Device,Mul,gradient_tape/conv2d_7/kernel/Regularizer/Mul_1,2,8.192,4.096,8.192,4.096,0.00014082262865617754,0.9875371801736662,0.0,0.0
293,Device,Relu,model/activation_14/Relu,2,8.192,4.096,8.192,4.096,0.00014082262865617754,0.9876780028023224,0.0,0.0
294,Device,Relu,model/activation_15/Relu,2,8.192,4.096,8.192,4.096,0.00014082262865617754,0.9878188254309787,0.0,0.0
295,Device,Relu,model/activation_16/Relu,2,8.192,4.096,8.192,4.096,0.00014082262865617754,0.9879596480596349,0.0,0.0
296,Device,ResourceApplyGradientDescent,SGD/SGD/update_10/ResourceApplyGradientDescent,2,7.168,3.584,7.168,3.584,0.00012321980007415535,0.988082867859709,0.0,0.0
297,Device,ResourceApplyGradientDescent,SGD/SGD/update_11/ResourceApplyGradientDescent,2,7.168,3.584,7.168,3.584,0.00012321980007415535,0.9882060876597831,0.0,0.0
298,Device,ResourceApplyGradientDescent,SGD/SGD/update_23/ResourceApplyGradientDescent,2,7.168,3.584,7.168,3.584,0.00012321980007415535,0.9883293074598573,0.0,0.0
299,Device,ResourceApplyGradientDescent,SGD/SGD/update_29/ResourceApplyGradientDescent,2,7.168,3.584,7.168,3.584,0.00012321980007415535,0.9884525272599314,0.0,0.0
300,Device,ResourceApplyGradientDescent,SGD/SGD/update_32/ResourceApplyGradientDescent,2,7.168,3.584,7.168,3.584,0.00012321980007415535,0.9885757470600055,0.0,0.0
301,Device,ResourceApplyGradientDescent,SGD/SGD/update_36/ResourceApplyGradientDescent,2,7.168,3.584,7.168,3.584,0.00012321980007415535,0.9886989668600796,0.0,0.0
302,Device,ResourceApplyGradientDescent,SGD/SGD/update_40/ResourceApplyGradientDescent,2,7.168,3.584,7.168,3.584,0.00012321980007415535,0.9888221866601538,0.0,0.0
303,Device,ResourceApplyGradientDescent,SGD/SGD/update_43/ResourceApplyGradientDescent,2,7.168,3.584,7.168,3.584,0.00012321980007415535,0.9889454064602279,0.0,0.0
304,Device,ResourceApplyGradientDescent,SGD/SGD/update_45/ResourceApplyGradientDescent,2,7.168,3.584,7.168,3.584,0.00012321980007415535,0.989068626260302,0.0,0.0
305,Device,ResourceApplyGradientDescent,SGD/SGD/update_46/ResourceApplyGradientDescent,2,7.168,3.584,7.168,3.584,0.00012321980007415535,0.9891918460603761,0.0,0.0
306,Device,ResourceApplyGradientDescent,SGD/SGD/update_57/ResourceApplyGradientDescent,2,7.168,3.584,7.168,3.584,0.00012321980007415535,0.9893150658604503,0.0,0.0
307,Device,ResourceApplyGradientDescent,SGD/SGD/update_63/ResourceApplyGradientDescent,2,7.168,3.584,7.168,3.584,0.00012321980007415535,0.9894382856605244,0.0,0.0
308,Device,ResourceApplyGradientDescent,SGD/SGD/update_68/ResourceApplyGradientDescent,2,7.168,3.584,7.168,3.584,0.00012321980007415535,0.9895615054605985,0.0,0.0
309,Device,ResourceApplyGradientDescent,SGD/SGD/update_71/ResourceApplyGradientDescent,2,7.168,3.584,7.168,3.584,0.00012321980007415535,0.9896847252606726,0.0,0.0
310,Device,AddN,SGD/gradients/AddN_14,2,7.168,3.584,7.168,3.584,0.00012321980007415535,0.9898079450607468,0.0,0.0
311,Device,AddN,SGD/gradients/AddN_8,2,7.168,3.584,7.168,3.584,0.00012321980007415535,0.9899311648608209,0.0,0.0
312,Device,Square,conv2d_1/kernel/Regularizer/Square,2,7.168,3.584,7.168,3.584,0.00012321980007415535,0.990054384660895,0.0,0.0
313,Device,Square,conv2d_12/kernel/Regularizer/Square,2,7.168,3.584,7.168,3.584,0.00012321980007415535,0.9901776044609691,0.0,0.0
314,Device,Square,conv2d_2/kernel/Regularizer/Square,2,7.168,3.584,7.168,3.584,0.00012321980007415535,0.9903008242610433,0.0,0.0
315,Device,Square,conv2d_4/kernel/Regularizer/Square,2,7.168,3.584,7.168,3.584,0.00012321980007415535,0.9904240440611174,0.0,0.0
316,Device,Square,conv2d_5/kernel/Regularizer/Square,2,7.168,3.584,7.168,3.584,0.00012321980007415535,0.9905472638611915,0.0,0.0
317,Device,Mul,gradient_tape/categorical_crossentropy/softmax_cross_entropy_with_logits/mul,2,7.168,3.584,7.168,3.584,0.00012321980007415535,0.9906704836612656,0.0,0.0
318,Device,Mul,gradient_tape/conv2d_1/kernel/Regularizer/Mul,2,7.168,3.584,7.168,3.584,0.00012321980007415535,0.9907937034613398,0.0,0.0
319,Device,Mul,gradient_tape/conv2d_12/kernel/Regularizer/Mul,2,7.168,3.584,7.168,3.584,0.00012321980007415535,0.9909169232614139,0.0,0.0
320,Device,Mul,gradient_tape/conv2d_3/kernel/Regularizer/Mul_1,2,7.168,3.584,7.168,3.584,0.00012321980007415535,0.991040143061488,0.0,0.0
321,Device,Mul,gradient_tape/conv2d_5/kernel/Regularizer/Mul_1,2,7.168,3.584,7.168,3.584,0.00012321980007415535,0.9911633628615621,0.0,0.0
322,Device,AssignAddVariableOp,AssignAddVariableOp_1,2,6.144,3.072,6.144,3.072,0.00010561697149213317,0.9912689798330543,0.0,0.0
323,Device,AssignAddVariableOp,AssignAddVariableOp_2,2,6.144,3.072,6.144,3.072,0.00010561697149213317,0.9913745968045464,0.0,0.0
324,Device,AssignAddVariableOp,AssignAddVariableOp_4,2,6.144,3.072,6.144,3.072,0.00010561697149213317,0.9914802137760386,0.0,0.0
325,Device,Cast,Cast_1,2,6.144,3.072,6.144,3.072,0.00010561697149213317,0.9915858307475307,0.0,0.0
326,Device,Equal,Equal,2,6.144,3.072,6.144,3.072,0.00010561697149213317,0.9916914477190228,0.0,0.0
327,Device,Mul,Mul,2,6.144,3.072,6.144,3.072,0.00010561697149213317,0.991797064690515,0.0,0.0
328,Device,AssignAddVariableOp,SGD/SGD/AssignAddVariableOp,2,6.144,3.072,6.144,3.072,0.00010561697149213317,0.9919026816620071,0.0,0.0
329,Device,ResourceApplyGradientDescent,SGD/SGD/update/ResourceApplyGradientDescent,2,6.144,3.072,6.144,3.072,0.00010561697149213317,0.9920082986334993,0.0,0.0
330,Device,ResourceApplyGradientDescent,SGD/SGD/update_1/ResourceApplyGradientDescent,2,6.144,3.072,6.144,3.072,0.00010561697149213317,0.9921139156049914,0.0,0.0
331,Device,ResourceApplyGradientDescent,SGD/SGD/update_13/ResourceApplyGradientDescent,2,6.144,3.072,6.144,3.072,0.00010561697149213317,0.9922195325764835,0.0,0.0
332,Device,ResourceApplyGradientDescent,SGD/SGD/update_14/ResourceApplyGradientDescent,2,6.144,3.072,6.144,3.072,0.00010561697149213317,0.9923251495479757,0.0,0.0
333,Device,ResourceApplyGradientDescent,SGD/SGD/update_15/ResourceApplyGradientDescent,2,6.144,3.072,6.144,3.072,0.00010561697149213317,0.9924307665194678,0.0,0.0
334,Device,ResourceApplyGradientDescent,SGD/SGD/update_17/ResourceApplyGradientDescent,2,6.144,3.072,6.144,3.072,0.00010561697149213317,0.99253638349096,0.0,0.0
335,Device,ResourceApplyGradientDescent,SGD/SGD/update_18/ResourceApplyGradientDescent,2,6.144,3.072,6.144,3.072,0.00010561697149213317,0.9926420004624521,0.0,0.0
336,Device,ResourceApplyGradientDescent,SGD/SGD/update_19/ResourceApplyGradientDescent,2,6.144,3.072,6.144,3.072,0.00010561697149213317,0.9927476174339442,0.0,0.0
337,Device,ResourceApplyGradientDescent,SGD/SGD/update_21/ResourceApplyGradientDescent,2,6.144,3.072,6.144,3.072,0.00010561697149213317,0.9928532344054364,0.0,0.0
338,Device,ResourceApplyGradientDescent,SGD/SGD/update_22/ResourceApplyGradientDescent,2,6.144,3.072,6.144,3.072,0.00010561697149213317,0.9929588513769285,0.0,0.0
339,Device,ResourceApplyGradientDescent,SGD/SGD/update_25/ResourceApplyGradientDescent,2,6.144,3.072,6.144,3.072,0.00010561697149213317,0.9930644683484207,0.0,0.0
340,Device,ResourceApplyGradientDescent,SGD/SGD/update_27/ResourceApplyGradientDescent,2,6.144,3.072,6.144,3.072,0.00010561697149213317,0.9931700853199128,0.0,0.0
341,Device,ResourceApplyGradientDescent,SGD/SGD/update_28/ResourceApplyGradientDescent,2,6.144,3.072,6.144,3.072,0.00010561697149213317,0.9932757022914049,0.0,0.0
342,Device,ResourceApplyGradientDescent,SGD/SGD/update_3/ResourceApplyGradientDescent,2,6.144,3.072,6.144,3.072,0.00010561697149213317,0.9933813192628971,0.0,0.0
343,Device,ResourceApplyGradientDescent,SGD/SGD/update_33/ResourceApplyGradientDescent,2,6.144,3.072,6.144,3.072,0.00010561697149213317,0.9934869362343892,0.0,0.0
344,Device,ResourceApplyGradientDescent,SGD/SGD/update_35/ResourceApplyGradientDescent,2,6.144,3.072,6.144,3.072,0.00010561697149213317,0.9935925532058814,0.0,0.0
345,Device,ResourceApplyGradientDescent,SGD/SGD/update_37/ResourceApplyGradientDescent,2,6.144,3.072,6.144,3.072,0.00010561697149213317,0.9936981701773735,0.0,0.0
346,Device,ResourceApplyGradientDescent,SGD/SGD/update_41/ResourceApplyGradientDescent,2,6.144,3.072,6.144,3.072,0.00010561697149213317,0.9938037871488656,0.0,0.0
347,Device,ResourceApplyGradientDescent,SGD/SGD/update_47/ResourceApplyGradientDescent,2,6.144,3.072,6.144,3.072,0.00010561697149213317,0.9939094041203578,0.0,0.0
348,Device,ResourceApplyGradientDescent,SGD/SGD/update_49/ResourceApplyGradientDescent,2,6.144,3.072,6.144,3.072,0.00010561697149213317,0.9940150210918499,0.0,0.0
349,Device,ResourceApplyGradientDescent,SGD/SGD/update_5/ResourceApplyGradientDescent,2,6.144,3.072,6.144,3.072,0.00010561697149213317,0.994120638063342,0.0,0.0
350,Device,ResourceApplyGradientDescent,SGD/SGD/update_50/ResourceApplyGradientDescent,2,6.144,3.072,6.144,3.072,0.00010561697149213317,0.9942262550348342,0.0,0.0
351,Device,ResourceApplyGradientDescent,SGD/SGD/update_51/ResourceApplyGradientDescent,2,6.144,3.072,6.144,3.072,0.00010561697149213317,0.9943318720063263,0.0,0.0
352,Device,ResourceApplyGradientDescent,SGD/SGD/update_53/ResourceApplyGradientDescent,2,6.144,3.072,6.144,3.072,0.00010561697149213317,0.9944374889778185,0.0,0.0
353,Device,ResourceApplyGradientDescent,SGD/SGD/update_54/ResourceApplyGradientDescent,2,6.144,3.072,6.144,3.072,0.00010561697149213317,0.9945431059493106,0.0,0.0
354,Device,ResourceApplyGradientDescent,SGD/SGD/update_55/ResourceApplyGradientDescent,2,6.144,3.072,6.144,3.072,0.00010561697149213317,0.9946487229208028,0.0,0.0
355,Device,ResourceApplyGradientDescent,SGD/SGD/update_58/ResourceApplyGradientDescent,2,6.144,3.072,6.144,3.072,0.00010561697149213317,0.9947543398922949,0.0,0.0
356,Device,ResourceApplyGradientDescent,SGD/SGD/update_59/ResourceApplyGradientDescent,2,6.144,3.072,6.144,3.072,0.00010561697149213317,0.994859956863787,0.0,0.0
357,Device,ResourceApplyGradientDescent,SGD/SGD/update_6/ResourceApplyGradientDescent,2,6.144,3.072,6.144,3.072,0.00010561697149213317,0.9949655738352792,0.0,0.0
358,Device,ResourceApplyGradientDescent,SGD/SGD/update_61/ResourceApplyGradientDescent,2,6.144,3.072,6.144,3.072,0.00010561697149213317,0.9950711908067713,0.0,0.0
359,Device,ResourceApplyGradientDescent,SGD/SGD/update_64/ResourceApplyGradientDescent,2,6.144,3.072,6.144,3.072,0.00010561697149213317,0.9951768077782635,0.0,0.0
360,Device,ResourceApplyGradientDescent,SGD/SGD/update_65/ResourceApplyGradientDescent,2,6.144,3.072,6.144,3.072,0.00010561697149213317,0.9952824247497556,0.0,0.0
361,Device,ResourceApplyGradientDescent,SGD/SGD/update_67/ResourceApplyGradientDescent,2,6.144,3.072,6.144,3.072,0.00010561697149213317,0.9953880417212477,0.0,0.0
362,Device,ResourceApplyGradientDescent,SGD/SGD/update_69/ResourceApplyGradientDescent,2,6.144,3.072,6.144,3.072,0.00010561697149213317,0.9954936586927399,0.0,0.0
363,Device,ResourceApplyGradientDescent,SGD/SGD/update_7/ResourceApplyGradientDescent,2,6.144,3.072,6.144,3.072,0.00010561697149213317,0.995599275664232,0.0,0.0
364,Device,ResourceApplyGradientDescent,SGD/SGD/update_72/ResourceApplyGradientDescent,2,6.144,3.072,6.144,3.072,0.00010561697149213317,0.9957048926357241,0.0,0.0
365,Device,ResourceApplyGradientDescent,SGD/SGD/update_73/ResourceApplyGradientDescent,2,6.144,3.072,6.144,3.072,0.00010561697149213317,0.9958105096072163,0.0,0.0
366,Device,ResourceApplyGradientDescent,SGD/SGD/update_75/ResourceApplyGradientDescent,2,6.144,3.072,6.144,3.072,0.00010561697149213317,0.9959161265787084,0.0,0.0
367,Device,ResourceApplyGradientDescent,SGD/SGD/update_9/ResourceApplyGradientDescent,2,6.144,3.072,6.144,3.072,0.00010561697149213317,0.9960217435502006,0.0,0.0
368,Device,AddN,SGD/gradients/AddN_19,2,6.144,3.072,6.144,3.072,0.00010561697149213317,0.9961273605216927,0.0,0.0
369,Device,Sum,Sum_2,2,6.144,3.072,6.144,3.072,0.00010561697149213317,0.9962329774931848,0.0,0.0
370,Device,Sum,categorical_crossentropy/weighted_loss/Sum,2,6.144,3.072,6.144,3.072,0.00010561697149213317,0.996338594464677,0.0,0.0
371,Device,DivNoNan,categorical_crossentropy/weighted_loss/value,2,6.144,3.072,6.144,3.072,0.00010561697149213317,0.9964442114361691,0.0,0.0
372,Device,Square,conv2d/kernel/Regularizer/Square,2,6.144,3.072,6.144,3.072,0.00010561697149213317,0.9965498284076613,0.0,0.0
373,Device,Mul,conv2d_1/kernel/Regularizer/mul,2,6.144,3.072,6.144,3.072,0.00010561697149213317,0.9966554453791534,0.0,0.0
374,Device,Mul,conv2d_10/kernel/Regularizer/mul,2,6.144,3.072,6.144,3.072,0.00010561697149213317,0.9967610623506455,0.0,0.0
375,Device,Mul,conv2d_16/kernel/Regularizer/mul,2,6.144,3.072,6.144,3.072,0.00010561697149213317,0.9968666793221377,0.0,0.0
376,Device,Mul,conv2d_17/kernel/Regularizer/mul,2,6.144,3.072,6.144,3.072,0.00010561697149213317,0.9969722962936298,0.0,0.0
377,Device,Mul,conv2d_18/kernel/Regularizer/mul,2,6.144,3.072,6.144,3.072,0.00010561697149213317,0.997077913265122,0.0,0.0
378,Device,Mul,conv2d_2/kernel/Regularizer/mul,2,6.144,3.072,6.144,3.072,0.00010561697149213317,0.9971835302366141,0.0,0.0
379,Device,Square,conv2d_3/kernel/Regularizer/Square,2,6.144,3.072,6.144,3.072,0.00010561697149213317,0.9972891472081062,0.0,0.0
380,Device,Mul,conv2d_4/kernel/Regularizer/mul,2,6.144,3.072,6.144,3.072,0.00010561697149213317,0.9973947641795984,0.0,0.0
381,Device,Mul,conv2d_6/kernel/Regularizer/mul,2,6.144,3.072,6.144,3.072,0.00010561697149213317,0.9975003811510905,0.0,0.0
382,Device,Square,conv2d_7/kernel/Regularizer/Square,2,6.144,3.072,6.144,3.072,0.00010561697149213317,0.9976059981225827,0.0,0.0
383,Device,Mul,conv2d_8/kernel/Regularizer/mul,2,6.144,3.072,6.144,3.072,0.00010561697149213317,0.9977116150940748,0.0,0.0
384,Device,DivNoNan,div_no_nan,2,6.144,3.072,6.144,3.072,0.00010561697149213317,0.9978172320655669,0.0,0.0
385,Device,DivNoNan,div_no_nan_1,2,6.144,3.072,6.144,3.072,0.00010561697149213317,0.9979228490370591,0.0,0.0
386,Device,Mul,gradient_tape/conv2d/kernel/Regularizer/Mul_1,2,6.144,3.072,6.144,3.072,0.00010561697149213317,0.9980284660085512,0.0,0.0
387,Device,Mul,gradient_tape/conv2d_1/kernel/Regularizer/Mul_1,2,6.144,3.072,6.144,3.072,0.00010561697149213317,0.9981340829800434,0.0,0.0
388,Device,Mul,gradient_tape/conv2d_12/kernel/Regularizer/Mul_1,2,6.144,3.072,6.144,3.072,0.00010561697149213317,0.9982396999515355,0.0,0.0
389,Device,Mul,gradient_tape/conv2d_2/kernel/Regularizer/Mul_1,2,6.144,3.072,6.144,3.072,0.00010561697149213317,0.9983453169230276,0.0,0.0
390,Device,Mul,gradient_tape/conv2d_4/kernel/Regularizer/Mul_1,2,6.144,3.072,6.144,3.072,0.00010561697149213317,0.9984509338945198,0.0,0.0
391,Device,BiasAddGrad,gradient_tape/model/dense/BiasAdd/BiasAddGrad,2,6.144,3.072,6.144,3.072,0.00010561697149213317,0.9985565508660119,0.0,0.0
392,Device,BiasAdd,model/dense/BiasAdd,2,6.144,3.072,6.144,3.072,0.00010561697149213317,0.9986621678375041,0.0,0.0
393,Device,Mul,conv2d_7/kernel/Regularizer/mul,2,5.121,2.5605,5.121,2.5605,8.803133317239812e-05,0.9987501991706764,0.0,0.0
394,Device,AssignAddVariableOp,AssignAddVariableOp,2,5.12,2.56,5.12,2.56,8.801414291011098e-05,0.9988382133135866,0.0,0.0
395,Device,AssignAddVariableOp,AssignAddVariableOp_3,2,5.12,2.56,5.12,2.56,8.801414291011098e-05,0.9989262274564967,0.0,0.0
396,Device,ResourceApplyGradientDescent,SGD/SGD/update_31/ResourceApplyGradientDescent,2,5.12,2.56,5.12,2.56,8.801414291011098e-05,0.9990142415994069,0.0,0.0
397,Device,ResourceApplyGradientDescent,SGD/SGD/update_39/ResourceApplyGradientDescent,2,5.12,2.56,5.12,2.56,8.801414291011098e-05,0.999102255742317,0.0,0.0
398,Device,Mul,conv2d_11/kernel/Regularizer/mul,2,5.12,2.56,5.12,2.56,8.801414291011098e-05,0.9991902698852272,0.0,0.0
399,Device,Mul,conv2d_12/kernel/Regularizer/mul,2,5.12,2.56,5.12,2.56,8.801414291011098e-05,0.9992782840281373,0.0,0.0
400,Device,Mul,conv2d_13/kernel/Regularizer/mul,2,5.12,2.56,5.12,2.56,8.801414291011098e-05,0.9993662981710475,0.0,0.0
401,Device,Mul,conv2d_15/kernel/Regularizer/mul,2,5.12,2.56,5.12,2.56,8.801414291011098e-05,0.9994543123139576,0.0,0.0
402,Device,Mul,conv2d_19/kernel/Regularizer/mul,2,5.12,2.56,5.12,2.56,8.801414291011098e-05,0.9995423264568678,0.0,0.0
403,Device,Mul,conv2d_3/kernel/Regularizer/mul,2,5.12,2.56,5.12,2.56,8.801414291011098e-05,0.999630340599778,0.0,0.0
404,Device,Mul,conv2d_5/kernel/Regularizer/mul,2,5.12,2.56,5.12,2.56,8.801414291011098e-05,0.9997183547426881,0.0,0.0
405,Device,Mul,conv2d_9/kernel/Regularizer/mul,2,5.12,2.56,5.12,2.56,8.801414291011098e-05,0.9998063688855983,0.0,0.0
406,Device,Mul,conv2d/kernel/Regularizer/mul,2,4.096,2.048,4.096,2.048,7.041131432808877e-05,0.9998767801999263,0.0,0.0
407,Device,Mul,conv2d_14/kernel/Regularizer/mul,2,4.096,2.048,4.096,2.048,7.041131432808877e-05,0.9999471915142544,0.0,0.0
408,Device,LogicalAnd,LogicalAnd,1,3.072,3.072,3.072,3.072,5.2808485746066586e-05,1.0000000000000004,0.0,0.0
409,Host,IDLE,IDLE,0,237764.026,0.0,237764.026,0.0,0.0,0.0,0.9857487178684361,0.9857487178684361
410,Host,GatherV2,GatherV2,2,3069.185,1534.5925,3069.185,1534.5925,0.0,0.0,0.012724570783685484,0.9984732886521216
411,Host,Dataset,Iterator::Root::ParallelMapV2::Zip[1]::ForeverRepeat,2,61.351,30.6755,57.491,28.7455,0.0,0.0,0.00023835262420638124,0.9987116412763279
412,Host,Dataset,Iterator::Root::ParallelMapV2,2,43.581,21.7905,43.581,21.7905,0.0,0.0,0.00018068298891197408,0.9988923242652399
413,Host,GatherV2,GatherV2_1,2,41.842,20.921,41.842,20.921,0.0,0.0,0.0001734732480221844,0.9990657975132621
414,Host,FlushSummaryWriter,FlushSummaryWriter,1,37.41,37.41,37.41,37.41,0.0,0.0,0.0001550985662375106,0.9992208960794996
415,Host,Dataset,Iterator::Root,2,80.091,40.0455,36.51,18.255,0.0,0.0,0.00015136724547798748,0.9993722633249776
416,Host,IteratorGetNext,IteratorGetNext,2,33.841,16.9205,33.841,16.9205,0.0,0.0,0.00014030180647002396,0.9995125651314477
417,Host,LogicalAnd,LogicalAnd,1,31.09,31.09,31.09,31.09,0.0,0.0,0.00012889640268174833,0.9996414615341295
418,Host,WriteSummary,WriteSummary,1,20.24,20.24,20.24,20.24,0.0,0.0,8.39132579697197e-05,0.9997253747920992
419,Host,Dataset,Iterator::Root::ParallelMapV2::Zip[0]::FlatMap[1]::TensorSlice,2,19.76,9.88,19.76,9.88,0.0,0.0,8.19232202313074e-05,0.9998072980123305
420,Host,Dataset,Iterator::Root::ParallelMapV2::Zip[0]::FlatMap,2,31.69,15.845,11.93,5.965,0.0,0.0,4.9460729623456336e-05,0.9998567587419539
421,Host,Dataset,Iterator::Root::ParallelMapV2::Zip,2,102.531,51.2655,9.49,4.745,0.0,0.0,3.934470445319368e-05,0.9998961034464071
422,Host,_Send,IteratorGetNext/_3,2,6.38,3.19,6.38,3.19,0.0,0.0,2.6450918273063822e-05,0.9999225543646801
423,Host,ReadVariableOp,ReadVariableOp,1,5.95,5.95,5.95,5.95,0.0,0.0,2.4668176132402783e-05,0.9999472225408126
424,Host,Dataset,Iterator::Root::ParallelMapV2::Zip[1]::ForeverRepeat::FromTensor,4,3.86,0.965,3.86,0.965,0.0,0.0,1.6003220146399116e-05,0.999963225760959
425,Host,_Send,IteratorGetNext/_1,2,3.82,1.91,3.82,1.91,0.0,0.0,1.5837383668198087e-05,0.9999790631446271
426,Host,Identity,Identity,2,2.76,1.38,2.76,1.38,0.0,0.0,1.144271699587087e-05,0.999990505861623
427,Host,_Send,IteratorGetNext/_6,2,2.29,1.145,2.29,1.145,0.0,0.0,9.494138377008802e-06,1.0
