Rank,Host/device,Type,Operation,#Occurrences,Total time (us),Avg. time (us),Total self-time (us),Avg. self-time (us),Total self-time on Device (%),Cumulative total-self time on Device (%),Total self-time on Host (%),Cumulative total-self time on Host (%)
1,Device,IDLE,IDLE,0,8091.593,0.0,8091.593,0.0,0.16121042604966376,0.16121042604966376,0.0,0.0
2,Device,_Send,IteratorGetNext/_1,2,7989.228,3994.614,7989.228,3994.614,0.15917098767670385,0.32038141372636764,0.0,0.0
3,Device,MaxPoolGrad,gradient_tape/sequential/max_pooling2d/MaxPool/MaxPoolGrad,2,4603.91,2301.955,4603.91,2301.955,0.09172461993507428,0.41210603366144194,0.0,0.0
4,Device,ReluGrad,gradient_tape/sequential/conv2d/ReluGrad,2,3556.356,1778.178,3556.356,1778.178,0.07085399203151692,0.48296002569295887,0.0,0.0
5,Device,Conv2DBackpropFilter,gradient_tape/sequential/conv2d/Conv2D/Conv2DBackpropFilter,2,3493.894,1746.947,3493.894,1746.947,0.06960954911009042,0.5525695748030492,0.0,0.0
6,Device,Conv2DBackpropInput,gradient_tape/sequential/conv2d_1/Conv2D/Conv2DBackpropInput,2,2411.524,1205.762,2411.524,1205.762,0.04804527507364611,0.6006148498766953,0.0,0.0
7,Device,Conv2DBackpropFilter,gradient_tape/sequential/conv2d_1/Conv2D/Conv2DBackpropFilter,2,2287.618,1143.809,2287.618,1143.809,0.045576671048442464,0.6461915209251378,0.0,0.0
8,Device,Conv2DBackpropFilter,gradient_tape/sequential/conv2d_2/Conv2D/Conv2DBackpropFilter,2,1982.468,991.234,1982.468,991.234,0.039497106553656965,0.6856886274787948,0.0,0.0
9,Device,_FusedConv2D,sequential/conv2d/Relu,2,1840.13,920.065,1840.13,920.065,0.03666127810516023,0.7223499055839551,0.0,0.0
10,Device,ReluGrad,gradient_tape/sequential/conv2d_1/ReluGrad,2,1775.618,887.809,1775.618,887.809,0.03537599262363442,0.7577258982075895,0.0,0.0
11,Device,MaxPool,sequential/max_pooling2d/MaxPool,2,1350.658,675.329,1350.658,675.329,0.026909429531043732,0.7846353277386332,0.0,0.0
12,Device,_FusedConv2D,sequential/conv2d_1/Relu,2,1306.626,653.313,1306.626,653.313,0.02603217118651024,0.8106674989251434,0.0,0.0
13,Device,MaxPoolGrad,gradient_tape/sequential/max_pooling2d_1/MaxPool/MaxPoolGrad,2,1297.41,648.705,1297.41,648.705,0.025848558974863697,0.8365160579000072,0.0,0.0
14,Device,BiasAddGrad,gradient_tape/sequential/conv2d/BiasAdd/BiasAddGrad,2,1058.816,529.408,1058.816,529.408,0.02109500298250305,0.8576110608825102,0.0,0.0
15,Device,ReluGrad,gradient_tape/sequential/conv2d_2/ReluGrad,2,884.738,442.369,884.738,442.369,0.01762681216446841,0.8752378730469785,0.0,0.0
16,Device,_FusedConv2D,sequential/conv2d_2/Relu,2,859.138,429.569,859.138,429.569,0.017116778243228006,0.8923546512902065,0.0,0.0
17,Device,Conv2DBackpropInput,gradient_tape/sequential/conv2d_2/Conv2D/Conv2DBackpropInput,2,857.088,428.544,857.088,428.544,0.017075935683128676,0.9094305869733352,0.0,0.0
18,Device,MaxPool,sequential/max_pooling2d_1/MaxPool,2,667.648,333.824,667.648,333.824,0.013301684665949698,0.922732271639285,0.0,0.0
19,Device,MaxPoolGrad,gradient_tape/sequential/max_pooling2d_2/MaxPool/MaxPoolGrad,2,636.928,318.464,636.928,318.464,0.012689643960461214,0.9354219155997462,0.0,0.0
20,Device,BiasAddGrad,gradient_tape/sequential/conv2d_1/BiasAdd/BiasAddGrad,2,540.674,270.337,540.674,270.337,0.010771956262997397,0.9461938718627436,0.0,0.0
21,Device,Transpose,gradient_tape/sequential/conv2d/Conv2D/Conv2DBackpropFilter-0-TransposeNHWCToNCHW-LayoutOptimizer,2,474.114,237.057,474.114,237.057,0.009445868067772352,0.955639739930516,0.0,0.0
22,Device,MatMul,sequential/dense/MatMul,2,398.338,199.169,398.338,199.169,0.00793616766090076,0.9635759075914168,0.0,0.0
23,Device,MaxPool,sequential/max_pooling2d_2/MaxPool,2,344.064,172.032,344.064,172.032,0.006854855901471011,0.9704307634928878,0.0,0.0
24,Device,BiasAddGrad,gradient_tape/sequential/conv2d_2/BiasAdd/BiasAddGrad,2,307.2,153.6,307.2,153.6,0.00612040705488483,0.9765511705477726,0.0,0.0
25,Device,MatMul,gradient_tape/sequential/dense/MatMul/MatMul,2,160.768,80.384,160.768,80.384,0.003203013025389728,0.9797541835731624,0.0,0.0
26,Device,Transpose,gradient_tape/sequential/max_pooling2d_2/MaxPool/MaxPoolGrad-2-TransposeNHWCToNCHW-LayoutOptimizer,2,145.408,72.704,145.408,72.704,0.002896992672645486,0.9826511762458079,0.0,0.0
27,Device,Transpose,sequential/max_pooling2d_2/MaxPool-0-2-TransposeNCHWToNHWC-LayoutOptimizer,2,140.288,70.144,140.288,70.144,0.002794985888397406,0.9854461621342053,0.0,0.0
28,Device,MatMul,gradient_tape/sequential/dense/MatMul/MatMul_1,2,117.761,58.8805,117.761,58.8805,0.0023461759609059,0.9877923380951112,0.0,0.0
29,Device,ResourceApplyGradientDescent,SGD/SGD/update_6/ResourceApplyGradientDescent,2,106.496,53.248,106.496,53.248,0.0021217411123600743,0.9899140792074713,0.0,0.0
30,Device,ArgMax,ArgMax,2,27.648,13.824,27.648,13.824,0.0005508366349396347,0.9904649158424109,0.0,0.0
31,Device,ArgMax,ArgMax_1,2,20.48,10.24,20.48,10.24,0.00040802713699232204,0.9908729429794032,0.0,0.0
32,Device,MatMul,gradient_tape/sequential/dense_1/MatMul/MatMul_1,2,19.456,9.728,19.456,9.728,0.0003876257801427059,0.9912605687595459,0.0,0.0
33,Device,_Send,IteratorGetNext/_3,2,18.848,9.424,18.848,9.424,0.00037551247451324634,0.9916360812340592,0.0,0.0
34,Device,MatMul,sequential/dense_1/MatMul,2,16.384,8.192,16.384,8.192,0.0003264217095938576,0.9919625029436531,0.0,0.0
35,Device,MatMul,gradient_tape/sequential/dense_1/MatMul/MatMul,2,14.336,7.168,14.336,7.168,0.0002856189958946254,0.9922481219395477,0.0,0.0
36,Device,DynamicStitch,gradient_tape/categorical_crossentropy/DynamicStitch,2,11.264,5.632,11.264,5.632,0.0002244149253457771,0.9924725368648935,0.0,0.0
37,Device,ResourceApplyGradientDescent,SGD/SGD/update_2/ResourceApplyGradientDescent,2,8.192,4.096,8.192,4.096,0.0001632108547969288,0.9926357477196904,0.0,0.0
38,Device,ResourceApplyGradientDescent,SGD/SGD/update_4/ResourceApplyGradientDescent,2,8.192,4.096,8.192,4.096,0.0001632108547969288,0.9927989585744874,0.0,0.0
39,Device,ResourceApplyGradientDescent,SGD/SGD/update_1/ResourceApplyGradientDescent,2,7.168,3.584,7.168,3.584,0.0001428094979473127,0.9929417680724347,0.0,0.0
40,Device,ResourceApplyGradientDescent,SGD/SGD/update_8/ResourceApplyGradientDescent,2,7.168,3.584,7.168,3.584,0.0001428094979473127,0.993084577570382,0.0,0.0
41,Device,Sum,categorical_crossentropy/Sum,2,7.168,3.584,7.168,3.584,0.0001428094979473127,0.9932273870683294,0.0,0.0
42,Device,Maximum,categorical_crossentropy/clip_by_value,2,7.168,3.584,7.168,3.584,0.0001428094979473127,0.9933701965662767,0.0,0.0
43,Device,Mul,categorical_crossentropy/mul,2,7.168,3.584,7.168,3.584,0.0001428094979473127,0.993513006064224,0.0,0.0
44,Device,BroadcastTo,gradient_tape/categorical_crossentropy/BroadcastTo,2,7.168,3.584,7.168,3.584,0.0001428094979473127,0.9936558155621713,0.0,0.0
45,Device,BiasAddGrad,gradient_tape/sequential/dense/BiasAdd/BiasAddGrad,2,7.168,3.584,7.168,3.584,0.0001428094979473127,0.9937986250601186,0.0,0.0
46,Device,BiasAddGrad,gradient_tape/sequential/dense_1/BiasAdd/BiasAddGrad,2,7.168,3.584,7.168,3.584,0.0001428094979473127,0.9939414345580659,0.0,0.0
47,Device,AssignAddVariableOp,AssignAddVariableOp,2,6.144,3.072,6.144,3.072,0.0001224081410976966,0.9940638426991636,0.0,0.0
48,Device,AssignAddVariableOp,AssignAddVariableOp_1,2,6.144,3.072,6.144,3.072,0.0001224081410976966,0.9941862508402612,0.0,0.0
49,Device,Mul,Mul,2,6.144,3.072,6.144,3.072,0.0001224081410976966,0.9943086589813589,0.0,0.0
50,Device,AssignAddVariableOp,SGD/SGD/AssignAddVariableOp,2,6.144,3.072,6.144,3.072,0.0001224081410976966,0.9944310671224565,0.0,0.0
51,Device,ResourceApplyGradientDescent,SGD/SGD/update/ResourceApplyGradientDescent,2,6.144,3.072,6.144,3.072,0.0001224081410976966,0.9945534752635542,0.0,0.0
52,Device,ResourceApplyGradientDescent,SGD/SGD/update_3/ResourceApplyGradientDescent,2,6.144,3.072,6.144,3.072,0.0001224081410976966,0.9946758834046519,0.0,0.0
53,Device,ResourceApplyGradientDescent,SGD/SGD/update_7/ResourceApplyGradientDescent,2,6.144,3.072,6.144,3.072,0.0001224081410976966,0.9947982915457495,0.0,0.0
54,Device,ResourceApplyGradientDescent,SGD/SGD/update_9/ResourceApplyGradientDescent,2,6.144,3.072,6.144,3.072,0.0001224081410976966,0.9949206996868472,0.0,0.0
55,Device,AddN,SGD/gradients/AddN,2,6.144,3.072,6.144,3.072,0.0001224081410976966,0.9950431078279448,0.0,0.0
56,Device,Sum,categorical_crossentropy/Sum_1,2,6.144,3.072,6.144,3.072,0.0001224081410976966,0.9951655159690425,0.0,0.0
57,Device,Minimum,categorical_crossentropy/clip_by_value/Minimum,2,6.144,3.072,6.144,3.072,0.0001224081410976966,0.9952879241101401,0.0,0.0
58,Device,DivNoNan,div_no_nan_1,2,6.144,3.072,6.144,3.072,0.0001224081410976966,0.9954103322512378,0.0,0.0
59,Device,BroadcastTo,gradient_tape/categorical_crossentropy/BroadcastTo_1,2,6.144,3.072,6.144,3.072,0.0001224081410976966,0.9955327403923354,0.0,0.0
60,Device,Neg,gradient_tape/categorical_crossentropy/Neg,2,6.144,3.072,6.144,3.072,0.0001224081410976966,0.9956551485334331,0.0,0.0
61,Device,GreaterEqual,gradient_tape/categorical_crossentropy/clip_by_value/GreaterEqual,2,6.144,3.072,6.144,3.072,0.0001224081410976966,0.9957775566745307,0.0,0.0
62,Device,LessEqual,gradient_tape/categorical_crossentropy/clip_by_value/LessEqual,2,6.144,3.072,6.144,3.072,0.0001224081410976966,0.9958999648156284,0.0,0.0
63,Device,SelectV2,gradient_tape/categorical_crossentropy/clip_by_value/SelectV2,2,6.144,3.072,6.144,3.072,0.0001224081410976966,0.996022372956726,0.0,0.0
64,Device,SelectV2,gradient_tape/categorical_crossentropy/clip_by_value/SelectV2_1,2,6.144,3.072,6.144,3.072,0.0001224081410976966,0.9961447810978237,0.0,0.0
65,Device,Mul,gradient_tape/categorical_crossentropy/mul,2,6.144,3.072,6.144,3.072,0.0001224081410976966,0.9962671892389213,0.0,0.0
66,Device,Mul,gradient_tape/categorical_crossentropy/mul/Mul,2,6.144,3.072,6.144,3.072,0.0001224081410976966,0.996389597380019,0.0,0.0
67,Device,RealDiv,gradient_tape/categorical_crossentropy/truediv/RealDiv,2,6.144,3.072,6.144,3.072,0.0001224081410976966,0.9965120055211166,0.0,0.0
68,Device,RealDiv,gradient_tape/categorical_crossentropy/truediv/RealDiv_1,2,6.144,3.072,6.144,3.072,0.0001224081410976966,0.9966344136622143,0.0,0.0
69,Device,Mul,gradient_tape/categorical_crossentropy/truediv/mul,2,6.144,3.072,6.144,3.072,0.0001224081410976966,0.9967568218033119,0.0,0.0
70,Device,Tile,gradient_tape/categorical_crossentropy/weighted_loss/Tile_1,2,6.144,3.072,6.144,3.072,0.0001224081410976966,0.9968792299444096,0.0,0.0
71,Device,ReluGrad,gradient_tape/sequential/dense/ReluGrad,2,6.144,3.072,6.144,3.072,0.0001224081410976966,0.9970016380855072,0.0,0.0
72,Device,BiasAdd,sequential/dense/BiasAdd,2,6.144,3.072,6.144,3.072,0.0001224081410976966,0.9971240462266049,0.0,0.0
73,Device,BiasAdd,sequential/dense_1/BiasAdd,2,6.144,3.072,6.144,3.072,0.0001224081410976966,0.9972464543677025,0.0,0.0
74,Device,_Recv,Size/_14,2,5.76,2.88,5.76,2.88,0.00011475763227909056,0.9973612119999816,0.0,0.0
75,Device,AssignAddVariableOp,AssignAddVariableOp_2,2,5.12,2.56,5.12,2.56,0.00010200678424808051,0.9974632187842297,0.0,0.0
76,Device,AssignAddVariableOp,AssignAddVariableOp_3,2,5.12,2.56,5.12,2.56,0.00010200678424808051,0.9975652255684778,0.0,0.0
77,Device,Cast,Cast,2,5.12,2.56,5.12,2.56,0.00010200678424808051,0.9976672323527259,0.0,0.0
78,Device,Cast,Cast_1,2,5.12,2.56,5.12,2.56,0.00010200678424808051,0.997769239136974,0.0,0.0
79,Device,Equal,Equal,2,5.12,2.56,5.12,2.56,0.00010200678424808051,0.9978712459212221,0.0,0.0
80,Device,ResourceApplyGradientDescent,SGD/SGD/update_5/ResourceApplyGradientDescent,2,5.12,2.56,5.12,2.56,0.00010200678424808051,0.9979732527054702,0.0,0.0
81,Device,Sum,Sum_2,2,5.12,2.56,5.12,2.56,0.00010200678424808051,0.9980752594897183,0.0,0.0
82,Device,Log,categorical_crossentropy/Log,2,5.12,2.56,5.12,2.56,0.00010200678424808051,0.9981772662739664,0.0,0.0
83,Device,Neg,categorical_crossentropy/Neg,2,5.12,2.56,5.12,2.56,0.00010200678424808051,0.9982792730582145,0.0,0.0
84,Device,RealDiv,categorical_crossentropy/truediv,2,5.12,2.56,5.12,2.56,0.00010200678424808051,0.9983812798424626,0.0,0.0
85,Device,Cast,categorical_crossentropy/weighted_loss/num_elements/Cast,2,5.12,2.56,5.12,2.56,0.00010200678424808051,0.9984832866267107,0.0,0.0
86,Device,Reciprocal,gradient_tape/categorical_crossentropy/Reciprocal,2,5.12,2.56,5.12,2.56,0.00010200678424808051,0.9985852934109588,0.0,0.0
87,Device,ZerosLike,gradient_tape/categorical_crossentropy/clip_by_value/zeros_like,2,5.12,2.56,5.12,2.56,0.00010200678424808051,0.9986873001952069,0.0,0.0
88,Device,ZerosLike,gradient_tape/categorical_crossentropy/clip_by_value/zeros_like_1,2,5.12,2.56,5.12,2.56,0.00010200678424808051,0.998789306979455,0.0,0.0
89,Device,Neg,gradient_tape/categorical_crossentropy/truediv/Neg,2,5.12,2.56,5.12,2.56,0.00010200678424808051,0.9988913137637031,0.0,0.0
90,Device,RealDiv,gradient_tape/categorical_crossentropy/truediv/RealDiv_2,2,5.12,2.56,5.12,2.56,0.00010200678424808051,0.9989933205479512,0.0,0.0
91,Device,Sum,gradient_tape/categorical_crossentropy/truediv/Sum_1,2,5.12,2.56,5.12,2.56,0.00010200678424808051,0.9990953273321993,0.0,0.0
92,Device,Relu,sequential/dense/Relu,2,5.12,2.56,5.12,2.56,0.00010200678424808051,0.9991973341164474,0.0,0.0
93,Device,AssignAddVariableOp,AssignAddVariableOp_4,2,4.096,2.048,4.096,2.048,8.16054273984644e-05,0.9992789395438458,0.0,0.0
94,Device,Cast,Cast_2,2,4.096,2.048,4.096,2.048,8.16054273984644e-05,0.9993605449712443,0.0,0.0
95,Device,Sum,categorical_crossentropy/weighted_loss/Sum,2,4.096,2.048,4.096,2.048,8.16054273984644e-05,0.9994421503986427,0.0,0.0
96,Device,DivNoNan,categorical_crossentropy/weighted_loss/value,2,4.096,2.048,4.096,2.048,8.16054273984644e-05,0.9995237558260411,0.0,0.0
97,Device,DivNoNan,div_no_nan,2,4.096,2.048,4.096,2.048,8.16054273984644e-05,0.9996053612534396,0.0,0.0
98,Device,DivNoNan,gradient_tape/categorical_crossentropy/weighted_loss/value/div_no_nan,2,4.096,2.048,4.096,2.048,8.16054273984644e-05,0.999686966680838,0.0,0.0
99,Device,_Recv,gradient_tape/categorical_crossentropy/Shape/_16,2,3.328,1.664,3.328,1.664,6.630440976125232e-05,0.9997532710905993,0.0,0.0
100,Device,_Recv,categorical_crossentropy/weighted_loss/num_elements/_20,2,3.136,1.568,3.136,1.568,6.24791553519493e-05,0.9998157502459513,0.0,0.0
101,Device,LogicalAnd,LogicalAnd,1,3.072,3.072,3.072,3.072,6.12040705488483e-05,0.9998769543165001,0.0,0.0
102,Device,_HostRecv,gradient_tape/categorical_crossentropy/DynamicStitch/_22,2,2.208,1.104,2.208,1.104,4.399042570698472e-05,0.9999209447422072,0.0,0.0
103,Device,_Recv,gradient_tape/categorical_crossentropy/ones/_18,2,2.048,1.024,2.048,1.024,4.08027136992322e-05,0.9999617474559064,0.0,0.0
104,Device,_Recv,strided_slice/_12,2,1.92,0.96,1.92,0.96,3.8252544093030185e-05,0.9999999999999994,0.0,0.0
105,Host,IDLE,IDLE,0,203620.582,0.0,203620.582,0.0,0.0,0.0,0.7961161264007344,0.7961161264007344
106,Host,GatherV2,GatherV2,2,30316.845,15158.4225,30316.845,15158.4225,0.0,0.0,0.11853285639902293,0.9146489827997573
107,Host,_Send,IteratorGetNext/_1,2,8545.614,4272.807,8545.614,4272.807,0.0,0.0,0.033411657351003377,0.9480606401507606
108,Host,_Send,IteratorGetNext/_6,2,8290.882,4145.441,8290.882,4145.441,0.0,0.0,0.03241570570840217,0.9804763458591628
109,Host,_Send,IteratorGetNext/_3,2,4436.529,2218.2645,4436.529,2218.2645,0.0,0.0,0.017345949252539336,0.9978222951117021
110,Host,GatherV2,GatherV2_1,2,123.801,61.9005,123.801,61.9005,0.0,0.0,0.0004840373777368799,0.9983063324894389
111,Host,Dataset,Iterator::Root::ParallelMapV2::Zip[1]::ForeverRepeat,2,81.81,40.905,76.15,38.075,0.0,0.0,0.00029773141020398387,0.9986040638996428
112,Host,Dataset,Iterator::Root::ParallelMapV2,2,62.03,31.015,62.03,31.015,0.0,0.0,0.00024252500820686956,0.9988465889078497
113,Host,IteratorGetNext,IteratorGetNext,2,49.082,24.541,49.082,24.541,0.0,0.0,0.0001919008939675894,0.9990384898018173
114,Host,FlushSummaryWriter,FlushSummaryWriter,1,41.68,41.68,41.68,41.68,0.0,0.0,0.00016296054073935713,0.9992014503425567
115,Host,Dataset,Iterator::Root,2,102.201,51.1005,40.171,20.0855,0.0,0.0,0.00015706064976105363,0.9993585109923178
116,Host,LogicalAnd,LogicalAnd,1,37.62,37.62,37.62,37.62,0.0,0.0,0.0001470867452642662,0.9995055977375821
117,Host,Dataset,Iterator::Root::ParallelMapV2::Zip[0]::FlatMap[1]::Concatenate[0]::TensorSlice,2,26.411,13.2055,26.411,13.2055,0.0,0.0,0.00010326177642675531,0.9996088595140088
118,Host,WriteSummary,WriteSummary,1,25.0,25.0,25.0,25.0,0.0,0.0,9.774504602888504e-05,0.9997066045600377
119,Host,Dataset,Iterator::Root::ParallelMapV2::Zip[0]::FlatMap[1]::Concatenate,2,51.171,25.5855,24.76,12.38,0.0,0.0,9.680669358700775e-05,0.9998034112536247
120,Host,ReadVariableOp,ReadVariableOp,1,13.21,13.21,13.21,13.21,0.0,0.0,5.164848232166286e-05,0.9998550597359463
121,Host,Dataset,Iterator::Root::ParallelMapV2::Zip,2,150.812,75.406,12.991,6.4955,0.0,0.0,5.079223571844982e-05,0.9999058519716648
122,Host,_HostSend,gradient_tape/categorical_crossentropy/mul/Shape/_9,2,10.46,5.23,10.46,5.23,0.0,0.0,4.0896527258485505e-05,0.9999467484989233
123,Host,Dataset,Iterator::Root::ParallelMapV2::Zip[1]::ForeverRepeat::FromTensor,4,5.66,1.415,5.66,1.415,0.0,0.0,2.2129478420939574e-05,0.9999688779773442
124,Host,Dataset,Iterator::Root::ParallelMapV2::Zip[0]::FlatMap,2,56.011,28.0055,4.84,2.42,0.0,0.0,1.8923440911192144e-05,0.9999878014182554
125,Host,Identity,Identity,2,3.12,1.56,3.12,1.56,0.0,0.0,1.2198581744404853e-05,0.9999999999999998
