Rank,Host/device,Type,Operation,#Occurrences,Total time (us),Avg. time (us),Total self-time (us),Avg. self-time (us),Total self-time on Device (%),Cumulative total-self time on Device (%),Total self-time on Host (%),Cumulative total-self time on Host (%)
1,Device,IDLE,IDLE,0,4490.377,0.0,4490.377,0.0,0.531184539072263,0.531184539072263,0.0,0.0
2,Device,_Send,IteratorGetNext/_1,2,541.568,270.784,541.568,270.784,0.06406423078870378,0.5952487698609669,0.0,0.0
3,Device,ReluGrad,gradient_tape/sequential/conv2d/ReluGrad,2,381.952,190.976,381.952,190.976,0.04518261987083245,0.6404313897317994,0.0,0.0
4,Device,_FusedConv2D,sequential/conv2d/Relu,2,377.856,188.928,377.856,188.928,0.044698087754255156,0.6851294774860546,0.0,0.0
5,Device,Conv2DBackpropFilter,gradient_tape/sequential/conv2d/Conv2D/Conv2DBackpropFilter,2,347.137,173.5685,347.137,173.5685,0.04106421517389924,0.7261936926599538,0.0,0.0
6,Device,Conv2DBackpropFilter,gradient_tape/sequential/conv2d_1/Conv2D/Conv2DBackpropFilter,2,325.632,162.816,325.632,162.816,0.038520303267894684,0.7647139959278485,0.0,0.0
7,Device,MaxPoolGrad,gradient_tape/sequential/max_pooling2d/MaxPool/MaxPoolGrad,2,274.432,137.216,274.432,137.216,0.03246365181067854,0.7971776477385271,0.0,0.0
8,Device,_FusedConv2D,sequential/conv2d_1/Relu,2,230.4,115.2,230.4,115.2,0.027254931557472654,0.8244325792959997,0.0,0.0
9,Device,Conv2DBackpropInput,gradient_tape/sequential/conv2d_1/Conv2D/Conv2DBackpropInput,2,205.824,102.912,205.824,102.912,0.024347738858008908,0.8487803181540086,0.0,0.0
10,Device,MaxPool,sequential/max_pooling2d/MaxPool,2,169.984,84.992,169.984,84.992,0.020108082837957605,0.8688884009919662,0.0,0.0
11,Device,BiasAddGrad,gradient_tape/sequential/conv2d/BiasAdd/BiasAddGrad,2,139.264,69.632,139.264,69.632,0.016474091963627917,0.8853624929555941,0.0,0.0
12,Device,ReluGrad,gradient_tape/sequential/conv2d_1/ReluGrad,2,138.24,69.12,138.24,69.12,0.016352958934483595,0.9017154518900777,0.0,0.0
13,Device,MaxPoolGrad,gradient_tape/sequential/max_pooling2d_1/MaxPool/MaxPoolGrad,2,126.976,63.488,126.976,63.488,0.015020495613896042,0.9167359475039738,0.0,0.0
14,Device,SoftmaxCrossEntropyWithLogits,categorical_crossentropy/softmax_cross_entropy_with_logits,2,100.353,50.1765,100.353,50.1765,0.011871155150117418,0.9286071026540912,0.0,0.0
15,Device,MaxPool,sequential/max_pooling2d_1/MaxPool,2,68.608,34.304,68.608,34.304,0.008115912952669635,0.9367230156067609,0.0,0.0
16,Device,BiasAddGrad,gradient_tape/sequential/conv2d_1/BiasAdd/BiasAddGrad,2,63.488,31.744,63.488,31.744,0.007510247806948021,0.9442332634137088,0.0,0.0
17,Device,Transpose,gradient_tape/sequential/conv2d/Conv2D/Conv2DBackpropFilter-0-TransposeNHWCToNCHW-LayoutOptimizer,2,40.96,20.48,40.96,20.48,0.004845321165772917,0.9490785845794818,0.0,0.0
18,Device,MatMul,sequential/dense/MatMul,2,36.865,18.4325,36.865,18.4325,0.004360907343169399,0.9534394919226512,0.0,0.0
19,Device,MatMul,gradient_tape/sequential/dense/MatMul/MatMul_1,2,24.576,12.288,24.576,12.288,0.00290719269946375,0.9563466846221149,0.0,0.0
20,Device,RandomUniform,sequential/dropout/dropout/random_uniform/RandomUniform,2,22.528,11.264,22.528,11.264,0.002664926641175104,0.95901161126329,0.0,0.0
21,Device,Softmax,sequential/dense/Softmax,2,19.456,9.728,19.456,9.728,0.0023015275537421353,0.9613131388170322,0.0,0.0
22,Device,Mul,gradient_tape/sequential/dropout/dropout/Mul_1,2,18.432,9.216,18.432,9.216,0.0021803945245978122,0.96349353334163,0.0,0.0
23,Device,Mul,sequential/dropout/dropout/Mul_1,2,17.408,8.704,17.408,8.704,0.0020592614954534896,0.9655527948370835,0.0,0.0
24,Device,Transpose,sequential/max_pooling2d_1/MaxPool-0-2-TransposeNCHWToNHWC-LayoutOptimizer,2,16.384,8.192,16.384,8.192,0.0019381284663091665,0.9674909233033926,0.0,0.0
25,Device,Transpose,gradient_tape/sequential/max_pooling2d_1/MaxPool/MaxPoolGrad-2-TransposeNHWCToNCHW-LayoutOptimizer,2,15.36,7.68,15.36,7.68,0.0018169954371648437,0.9693079187405574,0.0,0.0
26,Device,MatMul,gradient_tape/sequential/dense/MatMul/MatMul,2,14.336,7.168,14.336,7.168,0.0016958624080205208,0.971003781148578,0.0,0.0
27,Device,Mul,gradient_tape/sequential/dropout/dropout/Mul,2,14.336,7.168,14.336,7.168,0.0016958624080205208,0.9726996435565985,0.0,0.0
28,Device,BiasAddGrad,gradient_tape/sequential/dense/BiasAdd/BiasAddGrad,2,12.288,6.144,12.288,6.144,0.001453596349731875,0.9741532399063304,0.0,0.0
29,Device,ArgMax,ArgMax,2,9.216,4.608,9.216,4.608,0.0010901972622989061,0.9752434371686293,0.0,0.0
30,Device,Cast,sequential/dropout/dropout/Cast,2,9.216,4.608,9.216,4.608,0.0010901972622989061,0.9763336344309281,0.0,0.0
31,Device,GreaterEqual,sequential/dropout/dropout/GreaterEqual,2,9.216,4.608,9.216,4.608,0.0010901972622989061,0.977423831693227,0.0,0.0
32,Device,Mul,sequential/dropout/dropout/Mul,2,9.216,4.608,9.216,4.608,0.0010901972622989061,0.9785140289555259,0.0,0.0
33,Device,ResourceApplyGradientDescent,SGD/SGD/update_2/ResourceApplyGradientDescent,2,8.192,4.096,8.192,4.096,0.0009690642331545833,0.9794830931886804,0.0,0.0
34,Device,ResourceApplyGradientDescent,SGD/SGD/update_4/ResourceApplyGradientDescent,2,7.168,3.584,7.168,3.584,0.0008479312040102604,0.9803310243926907,0.0,0.0
35,Device,ResourceApplyGradientDescent,SGD/SGD/update_5/ResourceApplyGradientDescent,2,7.168,3.584,7.168,3.584,0.0008479312040102604,0.981178955596701,0.0,0.0
36,Device,Mul,gradient_tape/categorical_crossentropy/softmax_cross_entropy_with_logits/mul,2,7.168,3.584,7.168,3.584,0.0008479312040102604,0.9820268868007113,0.0,0.0
37,Device,ArgMax,ArgMax_1,2,6.144,3.072,6.144,3.072,0.0007267981748659374,0.9827536849755772,0.0,0.0
38,Device,AssignAddVariableOp,AssignAddVariableOp,2,6.144,3.072,6.144,3.072,0.0007267981748659374,0.9834804831504432,0.0,0.0
39,Device,AssignAddVariableOp,AssignAddVariableOp_2,2,6.144,3.072,6.144,3.072,0.0007267981748659374,0.9842072813253092,0.0,0.0
40,Device,AssignAddVariableOp,AssignAddVariableOp_3,2,6.144,3.072,6.144,3.072,0.0007267981748659374,0.9849340795001752,0.0,0.0
41,Device,AssignAddVariableOp,AssignAddVariableOp_4,2,6.144,3.072,6.144,3.072,0.0007267981748659374,0.9856608776750412,0.0,0.0
42,Device,Cast,Cast,2,6.144,3.072,6.144,3.072,0.0007267981748659374,0.9863876758499072,0.0,0.0
43,Device,Cast,Cast_1,2,6.144,3.072,6.144,3.072,0.0007267981748659374,0.9871144740247731,0.0,0.0
44,Device,Equal,Equal,2,6.144,3.072,6.144,3.072,0.0007267981748659374,0.9878412721996391,0.0,0.0
45,Device,AssignAddVariableOp,SGD/SGD/AssignAddVariableOp,2,6.144,3.072,6.144,3.072,0.0007267981748659374,0.9885680703745051,0.0,0.0
46,Device,ResourceApplyGradientDescent,SGD/SGD/update/ResourceApplyGradientDescent,2,6.144,3.072,6.144,3.072,0.0007267981748659374,0.9892948685493711,0.0,0.0
47,Device,ResourceApplyGradientDescent,SGD/SGD/update_1/ResourceApplyGradientDescent,2,6.144,3.072,6.144,3.072,0.0007267981748659374,0.9900216667242371,0.0,0.0
48,Device,ResourceApplyGradientDescent,SGD/SGD/update_3/ResourceApplyGradientDescent,2,6.144,3.072,6.144,3.072,0.0007267981748659374,0.9907484648991031,0.0,0.0
49,Device,Sum,Sum_2,2,6.144,3.072,6.144,3.072,0.0007267981748659374,0.991475263073969,0.0,0.0
50,Device,Sum,categorical_crossentropy/weighted_loss/Sum,2,6.144,3.072,6.144,3.072,0.0007267981748659374,0.992202061248835,0.0,0.0
51,Device,DivNoNan,div_no_nan_1,2,6.144,3.072,6.144,3.072,0.0007267981748659374,0.992928859423701,0.0,0.0
52,Device,Tile,gradient_tape/categorical_crossentropy/weighted_loss/Tile_1,2,6.144,3.072,6.144,3.072,0.0007267981748659374,0.993655657598567,0.0,0.0
53,Device,AssignAddVariableOp,AssignAddVariableOp_1,2,5.12,2.56,5.12,2.56,0.0006056651457216146,0.9942613227442886,0.0,0.0
54,Device,Cast,Cast_2,2,5.12,2.56,5.12,2.56,0.0006056651457216146,0.9948669878900102,0.0,0.0
55,Device,Mul,Mul,2,5.12,2.56,5.12,2.56,0.0006056651457216146,0.9954726530357317,0.0,0.0
56,Device,DivNoNan,categorical_crossentropy/weighted_loss/value,2,5.12,2.56,5.12,2.56,0.0006056651457216146,0.9960783181814533,0.0,0.0
57,Device,DivNoNan,div_no_nan,2,5.12,2.56,5.12,2.56,0.0006056651457216146,0.9966839833271749,0.0,0.0
58,Device,DivNoNan,gradient_tape/categorical_crossentropy/weighted_loss/value/div_no_nan,2,5.12,2.56,5.12,2.56,0.0006056651457216146,0.9972896484728965,0.0,0.0
59,Device,BiasAdd,sequential/dense/BiasAdd,2,5.12,2.56,5.12,2.56,0.0006056651457216146,0.997895313618618,0.0,0.0
60,Device,Cast,categorical_crossentropy/weighted_loss/num_elements/Cast,2,4.096,2.048,4.096,2.048,0.00048453211657729163,0.9983798457351953,0.0,0.0
61,Device,_Recv,strided_slice/_12,2,3.456,1.728,3.456,1.728,0.0004088239733620898,0.9987886697085574,0.0,0.0
62,Device,_Send,IteratorGetNext/_3,2,3.072,1.536,3.072,1.536,0.0003633990874329687,0.9991520687959904,0.0,0.0
63,Device,LogicalAnd,LogicalAnd,1,3.072,3.072,3.072,3.072,0.0003633990874329687,0.9995154678834234,0.0,0.0
64,Device,_Recv,Size/_16,2,2.048,1.024,2.048,1.024,0.00024226605828864582,0.9997577339417121,0.0,0.0
65,Device,_Recv,categorical_crossentropy/weighted_loss/num_elements/_14,2,2.048,1.024,2.048,1.024,0.00024226605828864582,1.0000000000000007,0.0,0.0
66,Host,IDLE,IDLE,0,43254.827,0.0,43254.827,0.0,0.0,0.0,0.9306777930461232,0.9306777930461232
67,Host,_Send,IteratorGetNext/_1,2,924.23,462.115,924.23,462.115,0.0,0.0,0.019885880867516092,0.9505636739136393
68,Host,GatherV2,GatherV2,2,884.58,442.29,884.58,442.29,0.0,0.0,0.019032765110186194,0.9695964390238254
69,Host,_Send,IteratorGetNext/_3,2,612.447,306.2235,612.447,306.2235,0.0,0.0,0.013177507849418032,0.9827739468732435
70,Host,_Send,IteratorGetNext/_6,2,368.905,184.4525,368.905,184.4525,0.0,0.0,0.007937419128821855,0.9907113660020653
71,Host,GatherV2,GatherV2_1,2,64.352,32.176,64.352,32.176,0.0,0.0,0.0013846079499544438,0.9920959739520198
72,Host,IteratorGetNext,IteratorGetNext,2,55.0,27.5,55.0,27.5,0.0,0.0,0.001183388818490403,0.9932793627705102
73,Host,Dataset,Iterator::Root::ParallelMapV2::Zip[1]::ForeverRepeat,2,55.19,27.595,50.56,25.28,0.0,0.0,0.0010878570665977232,0.994367219837108
74,Host,Dataset,Iterator::Root::ParallelMapV2,2,46.48,23.24,46.48,23.24,0.0,0.0,0.0010000711324260714,0.995367290969534
75,Host,FlushSummaryWriter,FlushSummaryWriter,1,37.0,37.0,37.0,37.0,0.0,0.0,0.0007960979324389983,0.996163388901973
76,Host,Dataset,Iterator::Root::ParallelMapV2::Zip[0]::FlatMap[1]::Concatenate,2,57.481,28.7405,36.6,18.3,0.0,0.0,0.0007874914683045226,0.9969508803702775
77,Host,LogicalAnd,LogicalAnd,1,29.101,29.101,29.101,29.101,0.0,0.0,0.0006261417819434402,0.9975770221522209
78,Host,Dataset,Iterator::Root,2,72.681,36.3405,26.201,13.1005,0.0,0.0,0.0005637449169684917,0.9981407670691894
79,Host,WriteSummary,WriteSummary,1,21.15,21.15,21.15,21.15,0.0,0.0,0.00045506679111040034,0.9985958338602998
80,Host,Dataset,Iterator::Root::ParallelMapV2::Zip[0]::FlatMap[1]::Concatenate[0]::TensorSlice,2,20.881,10.4405,20.881,10.4405,0.0,0.0,0.0004492789439799655,0.9990451128042798
81,Host,_HostSend,categorical_crossentropy/softmax_cross_entropy_with_logits/Shape_2/_9,2,14.41,7.205,14.41,7.205,0.0,0.0,0.00031004787044448557,0.9993551606747243
82,Host,Dataset,Iterator::Root::ParallelMapV2::Zip,2,128.261,64.1305,10.85,5.425,0.0,0.0,0.0002334503396476522,0.9995886110143719
83,Host,ReadVariableOp,ReadVariableOp,1,6.16,6.16,6.16,6.16,0.0,0.0,0.00013253954767092512,0.9997211505620428
84,Host,Dataset,Iterator::Root::ParallelMapV2::Zip[0]::FlatMap,2,62.221,31.1105,4.74,2.37,0.0,0.0,0.00010198659999353654,0.9998231371620363
85,Host,Dataset,Iterator::Root::ParallelMapV2::Zip[1]::ForeverRepeat::FromTensor,4,4.63,1.1575,4.63,1.1575,0.0,0.0,9.961982235655573e-05,0.9999227569843928
86,Host,Identity,Identity,2,3.59,1.795,3.59,1.795,0.0,0.0,7.724301560691902e-05,0.9999999999999998
