Rank,Host/device,Type,Operation,#Occurrences,Total time (us),Avg. time (us),Total self-time (us),Avg. self-time (us),Total self-time on Device (%),Cumulative total-self time on Device (%),Total self-time on Host (%),Cumulative total-self time on Host (%)
1,Device,IDLE,IDLE,0,33568.846,0.0,33568.846,0.0,0.5694021531536829,0.5694021531536829,0.0,0.0
2,Device,Conv2DBackpropFilter,gradient_tape/model/conv2d_30/Conv2D/Conv2DBackpropFilter,2,563.201,281.6005,563.201,281.6005,0.009553139302384939,0.5789552924560679,0.0,0.0
3,Device,Conv2DBackpropFilter,gradient_tape/model/conv2d_33/Conv2D/Conv2DBackpropFilter,2,561.153,280.5765,561.153,280.5765,0.00951840067569343,0.5884736931317613,0.0,0.0
4,Device,Conv2DBackpropFilter,gradient_tape/model/conv2d_34/Conv2D/Conv2DBackpropFilter,2,560.129,280.0645,560.129,280.0645,0.009501031362347674,0.597974724494109,0.0,0.0
5,Device,Conv2DBackpropFilter,gradient_tape/model/conv2d_32/Conv2D/Conv2DBackpropFilter,2,553.985,276.9925,553.985,276.9925,0.00939681548227315,0.6073715399763822,0.0,0.0
6,Device,Conv2DBackpropFilter,gradient_tape/model/conv2d_35/Conv2D/Conv2DBackpropFilter,2,548.864,274.432,548.864,274.432,0.009309951953324314,0.6166814919297064,0.0,0.0
7,Device,Conv2DBackpropInput,gradient_tape/model/conv2d_34/Conv2D/Conv2DBackpropInput,4,425.985,106.49625,425.985,106.49625,0.00722565131405386,0.6239071432437603,0.0,0.0
8,Device,Conv2DBackpropInput,gradient_tape/model/conv2d_30/Conv2D/Conv2DBackpropInput,4,424.96,106.24,424.96,106.24,0.00720826503848804,0.6311154082822483,0.0,0.0
9,Device,Conv2DBackpropInput,gradient_tape/model/conv2d_35/Conv2D/Conv2DBackpropInput,4,423.937,105.98425,423.937,105.98425,0.007190912687362351,0.6383063209696107,0.0,0.0
10,Device,Conv2DBackpropInput,gradient_tape/model/conv2d_32/Conv2D/Conv2DBackpropInput,4,423.936,105.984,423.936,105.984,0.007190895725142286,0.645497216694753,0.0,0.0
11,Device,Conv2DBackpropInput,gradient_tape/model/conv2d_33/Conv2D/Conv2DBackpropInput,4,420.865,105.21625,420.865,105.21625,0.0071388047473250876,0.6526360214420781,0.0,0.0
12,Device,Conv2D,model/conv2d_30/Conv2D,4,348.16,87.04,348.16,87.04,0.005905566537556467,0.6585415879796346,0.0,0.0
13,Device,Conv2D,model/conv2d_34/Conv2D,4,340.993,85.24825,340.993,85.24825,0.005783998306356251,0.6643255862859908,0.0,0.0
14,Device,Conv2D,model/conv2d_32/Conv2D,4,339.969,84.99225,339.969,84.99225,0.005766628993010497,0.6700922152790013,0.0,0.0
15,Device,Conv2D,model/conv2d_35/Conv2D,4,335.872,83.968,335.872,83.968,0.005697134777407416,0.6757893500564087,0.0,0.0
16,Device,Conv2D,model/conv2d_33/Conv2D,4,333.824,83.456,333.824,83.456,0.005662396150715907,0.6814517462071247,0.0,0.0
17,Device,Conv2DBackpropInput,gradient_tape/model/conv2d_29/Conv2D/Conv2DBackpropInput,2,245.76,122.88,245.76,122.88,0.004168635202981035,0.6856203814101057,0.0,0.0
18,Device,Conv2D,model/conv2d_29/Conv2D,4,239.616,59.904,239.616,59.904,0.00406441932290651,0.6896848007330122,0.0,0.0
19,Device,Conv2D,model/conv2d_17/Conv2D,4,173.056,43.264,173.056,43.264,0.0029354139554324797,0.6926202146884447,0.0,0.0
20,Device,Conv2D,model/conv2d_22/Conv2D,4,173.056,43.264,173.056,43.264,0.0029354139554324797,0.6955556286438772,0.0,0.0
21,Device,Conv2D,model/conv2d_19/Conv2D,4,172.032,43.008,172.032,43.008,0.002918044642086725,0.6984736732859639,0.0,0.0
22,Device,Conv2D,model/conv2d_24/Conv2D,4,172.032,43.008,172.032,43.008,0.002918044642086725,0.7013917179280506,0.0,0.0
23,Device,Conv2D,model/conv2d_25/Conv2D,4,171.008,42.752,171.008,42.752,0.0029006753287409708,0.7042923932567915,0.0,0.0
24,Device,Conv2D,model/conv2d_26/Conv2D,4,171.008,42.752,171.008,42.752,0.0029006753287409708,0.7071930685855324,0.0,0.0
25,Device,Conv2D,model/conv2d_27/Conv2D,4,169.984,42.496,169.984,42.496,0.0028833060153952163,0.7100763746009277,0.0,0.0
26,Device,Conv2D,model/conv2d_23/Conv2D,4,168.96,42.24,168.96,42.24,0.0028659367020494623,0.7129423113029771,0.0,0.0
27,Device,Conv2D,model/conv2d_28/Conv2D,4,167.936,41.984,167.936,41.984,0.002848567388703708,0.7157908786916809,0.0,0.0
28,Device,Conv2D,model/conv2d_21/Conv2D,4,166.912,41.728,166.912,41.728,0.0028311980753579534,0.7186220767670388,0.0,0.0
29,Device,Conv2D,model/conv2d_20/Conv2D,4,165.889,41.47225,165.889,41.47225,0.0028138457242322633,0.7214359224912711,0.0,0.0
30,Device,Conv2DBackpropInput,gradient_tape/model/conv2d_19/Conv2D/Conv2DBackpropInput,2,134.145,67.0725,134.145,67.0725,0.00227539701051388,0.723711319501785,0.0,0.0
31,Device,Conv2DBackpropInput,gradient_tape/model/conv2d_24/Conv2D/Conv2DBackpropInput,2,134.144,67.072,134.144,67.072,0.0022753800482938156,0.7259866995500789,0.0,0.0
32,Device,Conv2DBackpropInput,gradient_tape/model/conv2d_25/Conv2D/Conv2DBackpropInput,2,134.144,67.072,134.144,67.072,0.0022753800482938156,0.7282620795983727,0.0,0.0
33,Device,Conv2DBackpropInput,gradient_tape/model/conv2d_20/Conv2D/Conv2DBackpropInput,2,131.072,65.536,131.072,65.536,0.0022232721082565523,0.7304853517066293,0.0,0.0
34,Device,Conv2DBackpropFilter,gradient_tape/model/conv2d_29/Conv2D/Conv2DBackpropFilter,2,130.049,65.0245,130.049,65.0245,0.0022059197571308625,0.7326912714637602,0.0,0.0
35,Device,Conv2DBackpropInput,gradient_tape/model/conv2d_17/Conv2D/Conv2DBackpropInput,2,130.048,65.024,130.048,65.024,0.0022059027949107982,0.7348971742586711,0.0,0.0
36,Device,Conv2DBackpropInput,gradient_tape/model/conv2d_21/Conv2D/Conv2DBackpropInput,2,130.048,65.024,130.048,65.024,0.0022059027949107982,0.7371030770535819,0.0,0.0
37,Device,Conv2DBackpropInput,gradient_tape/model/conv2d_26/Conv2D/Conv2DBackpropInput,2,129.024,64.512,129.024,64.512,0.002188533481565044,0.7392916105351469,0.0,0.0
38,Device,Conv2DBackpropInput,gradient_tape/model/conv2d_27/Conv2D/Conv2DBackpropInput,2,129.024,64.512,129.024,64.512,0.002188533481565044,0.7414801440167119,0.0,0.0
39,Device,Conv2DBackpropInput,gradient_tape/model/conv2d_28/Conv2D/Conv2DBackpropInput,2,129.024,64.512,129.024,64.512,0.002188533481565044,0.7436686774982769,0.0,0.0
40,Device,Conv2DBackpropInput,gradient_tape/model/conv2d_22/Conv2D/Conv2DBackpropInput,2,128.001,64.0005,128.001,64.0005,0.0021711811304393537,0.7458398586287163,0.0,0.0
41,Device,Conv2DBackpropInput,gradient_tape/model/conv2d_23/Conv2D/Conv2DBackpropInput,2,128.0,64.0,128.0,64.0,0.0021711641682192894,0.7480110227969355,0.0,0.0
42,Device,ResourceApplyGradientDescent,SGD/SGD/update_118/ResourceApplyGradientDescent,2,124.928,62.464,124.928,62.464,0.0021190562281820265,0.7501300790251175,0.0,0.0
43,Device,ResourceApplyGradientDescent,SGD/SGD/update_122/ResourceApplyGradientDescent,2,123.904,61.952,123.904,61.952,0.002101686914836272,0.7522317659399538,0.0,0.0
44,Device,ResourceApplyGradientDescent,SGD/SGD/update_126/ResourceApplyGradientDescent,2,123.904,61.952,123.904,61.952,0.002101686914836272,0.75433345285479,0.0,0.0
45,Device,ResourceApplyGradientDescent,SGD/SGD/update_130/ResourceApplyGradientDescent,2,122.88,61.44,122.88,61.44,0.0020843176014905176,0.7564177704562806,0.0,0.0
46,Device,Mul,gradient_tape/conv2d_34/kernel/Regularizer/Mul_1,2,122.88,61.44,122.88,61.44,0.0020843176014905176,0.7585020880577711,0.0,0.0
47,Device,_Recv,IteratorGetNext/_2,2,122.528,61.264,122.528,61.264,0.002078346900027915,0.760580434957799,0.0,0.0
48,Device,ResourceApplyGradientDescent,SGD/SGD/update_134/ResourceApplyGradientDescent,2,121.856,60.928,121.856,60.928,0.0020669482881447636,0.7626473832459438,0.0,0.0
49,Device,AddN,SGD/gradients/AddN_47,2,121.856,60.928,121.856,60.928,0.0020669482881447636,0.7647143315340886,0.0,0.0
50,Device,Mul,gradient_tape/conv2d_33/kernel/Regularizer/Mul_1,2,121.856,60.928,121.856,60.928,0.0020669482881447636,0.7667812798222334,0.0,0.0
51,Device,Mul,gradient_tape/conv2d_35/kernel/Regularizer/Mul_1,2,120.833,60.4165,120.833,60.4165,0.0020495959370190734,0.7688308757592525,0.0,0.0
52,Device,Mul,gradient_tape/conv2d_32/kernel/Regularizer/Mul_1,2,120.832,60.416,120.832,60.416,0.002049578974799009,0.7708804547340514,0.0,0.0
53,Device,SoftmaxCrossEntropyWithLogits,categorical_crossentropy/softmax_cross_entropy_with_logits,2,119.808,59.904,119.808,59.904,0.002032209661453255,0.7729126643955047,0.0,0.0
54,Device,Mul,gradient_tape/conv2d_30/kernel/Regularizer/Mul_1,2,119.808,59.904,119.808,59.904,0.002032209661453255,0.7749448740569579,0.0,0.0
55,Device,Conv2D,model/conv2d_16/Conv2D,4,118.784,29.696,118.784,29.696,0.0020148403481075007,0.7769597144050654,0.0,0.0
56,Device,Conv2DBackpropFilter,gradient_tape/model/conv2d/Conv2D/Conv2DBackpropFilter,2,116.737,58.3685,116.737,58.3685,0.001980118683636056,0.7789398330887014,0.0,0.0
57,Device,AddN,SGD/gradients/AddN_48,2,110.593,55.2965,110.593,55.2965,0.0018759028035615303,0.7808157358922629,0.0,0.0
58,Device,AddN,SGD/gradients/AddN_49,2,110.592,55.296,110.592,55.296,0.001875885841341466,0.7826916217336044,0.0,0.0
59,Device,AddN,SGD/gradients/AddN_50,2,110.592,55.296,110.592,55.296,0.001875885841341466,0.7845675075749459,0.0,0.0
60,Device,AddN,SGD/gradients/AddN_51,2,109.568,54.784,109.568,54.784,0.0018585165279957118,0.7864260241029416,0.0,0.0
61,Device,Conv2DBackpropFilter,gradient_tape/model/conv2d_23/Conv2D/Conv2DBackpropFilter,2,103.424,51.712,103.424,51.712,0.001754300647921186,0.7881803247508627,0.0,0.0
62,Device,Conv2DBackpropFilter,gradient_tape/model/conv2d_28/Conv2D/Conv2DBackpropFilter,2,103.424,51.712,103.424,51.712,0.001754300647921186,0.7899346253987839,0.0,0.0
63,Device,Conv2DBackpropFilter,gradient_tape/model/conv2d_17/Conv2D/Conv2DBackpropFilter,2,102.401,51.2005,102.401,51.2005,0.0017369482967954956,0.7916715736955794,0.0,0.0
64,Device,Conv2DBackpropFilter,gradient_tape/model/conv2d_26/Conv2D/Conv2DBackpropFilter,2,102.401,51.2005,102.401,51.2005,0.0017369482967954956,0.7934085219923749,0.0,0.0
65,Device,Conv2DBackpropInput,gradient_tape/model/conv2d_31/Conv2D/Conv2DBackpropInput,4,102.401,25.60025,102.401,25.60025,0.0017369482967954956,0.7951454702891704,0.0,0.0
66,Device,Conv2DBackpropFilter,gradient_tape/model/conv2d_22/Conv2D/Conv2DBackpropFilter,2,102.4,51.2,102.4,51.2,0.0017369313345754315,0.7968824016237458,0.0,0.0
67,Device,Conv2DBackpropFilter,gradient_tape/model/conv2d_27/Conv2D/Conv2DBackpropFilter,2,101.377,50.6885,101.377,50.6885,0.0017195789834497414,0.7986019806071956,0.0,0.0
68,Device,Conv2DBackpropFilter,gradient_tape/model/conv2d_19/Conv2D/Conv2DBackpropFilter,2,101.376,50.688,101.376,50.688,0.0017195620212296773,0.8003215426284253,0.0,0.0
69,Device,Conv2DBackpropFilter,gradient_tape/model/conv2d_20/Conv2D/Conv2DBackpropFilter,2,101.376,50.688,101.376,50.688,0.0017195620212296773,0.802041104649655,0.0,0.0
70,Device,Conv2DBackpropFilter,gradient_tape/model/conv2d_25/Conv2D/Conv2DBackpropFilter,2,101.376,50.688,101.376,50.688,0.0017195620212296773,0.8037606666708846,0.0,0.0
71,Device,Conv2DBackpropFilter,gradient_tape/model/conv2d_24/Conv2D/Conv2DBackpropFilter,2,100.353,50.1765,100.353,50.1765,0.001702209670103987,0.8054628763409887,0.0,0.0
72,Device,Conv2DBackpropFilter,gradient_tape/model/conv2d_21/Conv2D/Conv2DBackpropFilter,2,100.352,50.176,100.352,50.176,0.0017021927078839229,0.8071650690488726,0.0,0.0
73,Device,Conv2DBackpropInput,gradient_tape/model/conv2d_16/Conv2D/Conv2DBackpropInput,2,98.304,49.152,98.304,49.152,0.0016674540811924142,0.808832523130065,0.0,0.0
74,Device,Conv2D,model/conv2d/Conv2D,2,92.16,46.08,92.16,46.08,0.0015632382011178884,0.810395761331183,0.0,0.0
75,Device,Conv2D,model/conv2d_7/Conv2D,4,92.16,23.04,92.16,23.04,0.0015632382011178884,0.8119589995323009,0.0,0.0
76,Device,FusedBatchNormGradV3,gradient_tape/model/batch_normalization/FusedBatchNormGradV3,2,88.064,44.032,88.064,44.032,0.001493760947734871,0.8134527604800358,0.0,0.0
77,Device,Conv2DBackpropFilter,gradient_tape/model/conv2d_5/Conv2D/Conv2DBackpropFilter,2,87.04,43.52,87.04,43.52,0.0014763916343891168,0.8149291521144248,0.0,0.0
78,Device,Conv2DBackpropInput,gradient_tape/model/conv2d_7/Conv2D/Conv2DBackpropInput,2,87.04,43.52,87.04,43.52,0.0014763916343891168,0.8164055437488139,0.0,0.0
79,Device,Conv2DBackpropFilter,gradient_tape/model/conv2d_3/Conv2D/Conv2DBackpropFilter,2,86.016,43.008,86.016,43.008,0.0014590223210433626,0.8178645660698572,0.0,0.0
80,Device,Conv2DBackpropFilter,gradient_tape/model/conv2d_4/Conv2D/Conv2DBackpropFilter,2,86.016,43.008,86.016,43.008,0.0014590223210433626,0.8193235883909006,0.0,0.0
81,Device,Conv2DBackpropFilter,gradient_tape/model/conv2d_13/Conv2D/Conv2DBackpropFilter,2,84.992,42.496,84.992,42.496,0.0014416530076976082,0.8207652413985982,0.0,0.0
82,Device,Conv2DBackpropFilter,gradient_tape/model/conv2d_6/Conv2D/Conv2DBackpropFilter,2,84.992,42.496,84.992,42.496,0.0014416530076976082,0.8222068944062958,0.0,0.0
83,Device,Conv2DBackpropFilter,gradient_tape/model/conv2d_8/Conv2D/Conv2DBackpropFilter,2,84.992,42.496,84.992,42.496,0.0014416530076976082,0.8236485474139934,0.0,0.0
84,Device,Conv2DBackpropFilter,gradient_tape/model/conv2d_1/Conv2D/Conv2DBackpropFilter,2,83.969,41.9845,83.969,41.9845,0.001424300656571918,0.8250728480705654,0.0,0.0
85,Device,Conv2DBackpropFilter,gradient_tape/model/conv2d_15/Conv2D/Conv2DBackpropFilter,2,83.968,41.984,83.968,41.984,0.001424283694351854,0.8264971317649172,0.0,0.0
86,Device,Square,conv2d_30/kernel/Regularizer/Square,2,82.944,41.472,82.944,41.472,0.0014069143810060995,0.8279040461459234,0.0,0.0
87,Device,Square,conv2d_32/kernel/Regularizer/Square,2,82.944,41.472,82.944,41.472,0.0014069143810060995,0.8293109605269295,0.0,0.0
88,Device,Square,conv2d_33/kernel/Regularizer/Square,2,82.944,41.472,82.944,41.472,0.0014069143810060995,0.8307178749079357,0.0,0.0
89,Device,Conv2DBackpropFilter,gradient_tape/model/conv2d_14/Conv2D/Conv2DBackpropFilter,2,82.944,41.472,82.944,41.472,0.0014069143810060995,0.8321247892889418,0.0,0.0
90,Device,Conv2DBackpropFilter,gradient_tape/model/conv2d_2/Conv2D/Conv2DBackpropFilter,2,82.944,41.472,82.944,41.472,0.0014069143810060995,0.833531703669948,0.0,0.0
91,Device,Square,conv2d_34/kernel/Regularizer/Square,2,81.92,40.96,81.92,40.96,0.0013895450676603453,0.8349212487376083,0.0,0.0
92,Device,Conv2DBackpropFilter,gradient_tape/model/conv2d_10/Conv2D/Conv2DBackpropFilter,2,81.92,40.96,81.92,40.96,0.0013895450676603453,0.8363107938052686,0.0,0.0
93,Device,Conv2DBackpropFilter,gradient_tape/model/conv2d_12/Conv2D/Conv2DBackpropFilter,2,81.92,40.96,81.92,40.96,0.0013895450676603453,0.8377003388729289,0.0,0.0
94,Device,Square,conv2d_35/kernel/Regularizer/Square,2,80.896,40.448,80.896,40.448,0.0013721757543145908,0.8390725146272435,0.0,0.0
95,Device,Conv2DBackpropFilter,gradient_tape/model/conv2d_11/Conv2D/Conv2DBackpropFilter,2,80.896,40.448,80.896,40.448,0.0013721757543145908,0.8404446903815581,0.0,0.0
96,Device,Conv2D,model/conv2d_8/Conv2D,2,80.896,40.448,80.896,40.448,0.0013721757543145908,0.8418168661358727,0.0,0.0
97,Device,Conv2DBackpropFilter,gradient_tape/model/conv2d_7/Conv2D/Conv2DBackpropFilter,2,79.872,39.936,79.872,39.936,0.0013548064409688366,0.8431716725768416,0.0,0.0
98,Device,Conv2DBackpropInput,gradient_tape/model/conv2d_8/Conv2D/Conv2DBackpropInput,2,78.848,39.424,78.848,39.424,0.0013374371276230822,0.8445091097044647,0.0,0.0
99,Device,Conv2D,model/conv2d_10/Conv2D,2,78.848,39.424,78.848,39.424,0.0013374371276230822,0.8458465468320878,0.0,0.0
100,Device,Conv2DBackpropInput,gradient_tape/model/conv2d_15/Conv2D/Conv2DBackpropInput,2,77.824,38.912,77.824,38.912,0.001320067814277328,0.8471666146463651,0.0,0.0
101,Device,Conv2DBackpropInput,gradient_tape/model/conv2d_11/Conv2D/Conv2DBackpropInput,2,76.801,38.4005,76.801,38.4005,0.0013027154631516378,0.8484693301095168,0.0,0.0
102,Device,Conv2DBackpropInput,gradient_tape/model/conv2d_12/Conv2D/Conv2DBackpropInput,2,76.801,38.4005,76.801,38.4005,0.0013027154631516378,0.8497720455726684,0.0,0.0
103,Device,Conv2DBackpropInput,gradient_tape/model/conv2d_14/Conv2D/Conv2DBackpropInput,2,76.8,38.4,76.8,38.4,0.0013026985009315735,0.8510747440736,0.0,0.0
104,Device,Conv2DBackpropFilter,gradient_tape/model/conv2d_16/Conv2D/Conv2DBackpropFilter,2,76.8,38.4,76.8,38.4,0.0013026985009315735,0.8523774425745315,0.0,0.0
105,Device,Conv2D,model/conv2d_14/Conv2D,2,76.8,38.4,76.8,38.4,0.0013026985009315735,0.8536801410754631,0.0,0.0
106,Device,Conv2DBackpropInput,gradient_tape/model/conv2d_13/Conv2D/Conv2DBackpropInput,2,75.777,37.8885,75.777,37.8885,0.0012853461498058836,0.854965487225269,0.0,0.0
107,Device,Tile,gradient_tape/conv2d_30/kernel/Regularizer/Tile,2,75.776,37.888,75.776,37.888,0.0012853291875858193,0.8562508164128548,0.0,0.0
108,Device,Conv2DBackpropInput,gradient_tape/model/conv2d_10/Conv2D/Conv2DBackpropInput,2,75.776,37.888,75.776,37.888,0.0012853291875858193,0.8575361456004407,0.0,0.0
109,Device,Conv2D,model/conv2d_11/Conv2D,2,75.776,37.888,75.776,37.888,0.0012853291875858193,0.8588214747880265,0.0,0.0
110,Device,Conv2D,model/conv2d_12/Conv2D,2,75.776,37.888,75.776,37.888,0.0012853291875858193,0.8601068039756123,0.0,0.0
111,Device,Conv2D,model/conv2d_13/Conv2D,2,75.776,37.888,75.776,37.888,0.0012853291875858193,0.8613921331631982,0.0,0.0
112,Device,Conv2D,model/conv2d_15/Conv2D,2,74.752,37.376,74.752,37.376,0.001267959874240065,0.8626600930374383,0.0,0.0
113,Device,Mul,gradient_tape/conv2d_30/kernel/Regularizer/Mul,2,71.68,35.84,71.68,35.84,0.0012158519342028021,0.8638759449716411,0.0,0.0
114,Device,Mul,gradient_tape/conv2d_29/kernel/Regularizer/Mul_1,2,62.464,31.232,62.464,31.232,0.0010595281140910132,0.8649354730857322,0.0,0.0
115,Device,ResourceApplyGradientDescent,SGD/SGD/update_112/ResourceApplyGradientDescent,2,59.392,29.696,59.392,29.696,0.0010074201740537503,0.8659428932597859,0.0,0.0
116,Device,Sum,conv2d_32/kernel/Regularizer/Sum,2,59.392,29.696,59.392,29.696,0.0010074201740537503,0.8669503134338397,0.0,0.0
117,Device,AddN,SGD/gradients/AddN_45,2,58.368,29.184,58.368,29.184,0.000990050860707996,0.8679403642945477,0.0,0.0
118,Device,Sum,conv2d_34/kernel/Regularizer/Sum,2,55.296,27.648,55.296,27.648,0.000937942920670733,0.8688783072152184,0.0,0.0
119,Device,Conv2DBackpropInput,gradient_tape/model/conv2d_18/Conv2D/Conv2DBackpropInput,4,55.296,13.824,55.296,13.824,0.000937942920670733,0.8698162501358891,0.0,0.0
120,Device,Sum,conv2d_35/kernel/Regularizer/Sum,2,54.272,27.136,54.272,27.136,0.0009205736073249787,0.8707368237432142,0.0,0.0
121,Device,Conv2D,model/conv2d_1/Conv2D,2,54.272,27.136,54.272,27.136,0.0009205736073249787,0.8716573973505392,0.0,0.0
122,Device,Conv2D,model/conv2d_4/Conv2D,2,54.272,27.136,54.272,27.136,0.0009205736073249787,0.8725779709578642,0.0,0.0
123,Device,Conv2D,model/conv2d_6/Conv2D,2,52.224,26.112,52.224,26.112,0.00088583498063347,0.8734638059384976,0.0,0.0
124,Device,Sum,conv2d_30/kernel/Regularizer/Sum,2,51.2,25.6,51.2,25.6,0.0008684656672877158,0.8743322716057853,0.0,0.0
125,Device,Conv2DBackpropInput,gradient_tape/model/conv2d_2/Conv2D/Conv2DBackpropInput,2,51.2,25.6,51.2,25.6,0.0008684656672877158,0.875200737273073,0.0,0.0
126,Device,Conv2DBackpropInput,gradient_tape/model/conv2d_5/Conv2D/Conv2DBackpropInput,2,51.2,25.6,51.2,25.6,0.0008684656672877158,0.8760692029403607,0.0,0.0
127,Device,Conv2D,model/conv2d_2/Conv2D,2,51.2,25.6,51.2,25.6,0.0008684656672877158,0.8769376686076484,0.0,0.0
128,Device,Conv2D,model/conv2d_3/Conv2D,2,51.2,25.6,51.2,25.6,0.0008684656672877158,0.8778061342749361,0.0,0.0
129,Device,Conv2DBackpropInput,gradient_tape/model/conv2d_4/Conv2D/Conv2DBackpropInput,2,50.177,25.0885,50.177,25.0885,0.0008511133161620256,0.8786572475910982,0.0,0.0
130,Device,Conv2DBackpropInput,gradient_tape/model/conv2d_1/Conv2D/Conv2DBackpropInput,2,50.176,25.088,50.176,25.088,0.0008510963539419614,0.8795083439450402,0.0,0.0
131,Device,Conv2DBackpropInput,gradient_tape/model/conv2d_3/Conv2D/Conv2DBackpropInput,2,50.176,25.088,50.176,25.088,0.0008510963539419614,0.8803594402989822,0.0,0.0
132,Device,Conv2D,model/conv2d_5/Conv2D,2,50.176,25.088,50.176,25.088,0.0008510963539419614,0.8812105366529241,0.0,0.0
133,Device,Sum,conv2d_33/kernel/Regularizer/Sum,2,49.152,24.576,49.152,24.576,0.0008337270405962071,0.8820442636935204,0.0,0.0
134,Device,Conv2DBackpropInput,gradient_tape/model/conv2d_6/Conv2D/Conv2DBackpropInput,2,49.152,24.576,49.152,24.576,0.0008337270405962071,0.8828779907341167,0.0,0.0
135,Device,Conv2D,model/conv2d_31/Conv2D,2,45.056,22.528,45.056,22.528,0.0007642497872131899,0.8836422405213299,0.0,0.0
136,Device,Mul,gradient_tape/conv2d_29/kernel/Regularizer/Mul,2,43.008,21.504,43.008,21.504,0.0007295111605216813,0.8843717516818516,0.0,0.0
137,Device,MaxPoolGrad,gradient_tape/model/max_pooling2d/MaxPool/MaxPoolGrad,2,43.008,21.504,43.008,21.504,0.0007295111605216813,0.8851012628423732,0.0,0.0
138,Device,Square,conv2d_29/kernel/Regularizer/Square,2,41.984,20.992,41.984,20.992,0.000712141847175927,0.8858134046895492,0.0,0.0
139,Device,Conv2DBackpropInput,gradient_tape/model/conv2d_9/Conv2D/Conv2DBackpropInput,2,41.984,20.992,41.984,20.992,0.000712141847175927,0.8865255465367251,0.0,0.0
140,Device,Tile,gradient_tape/conv2d_29/kernel/Regularizer/Tile,2,40.96,20.48,40.96,20.48,0.0006947725338301726,0.8872203190705553,0.0,0.0
141,Device,ReluGrad,gradient_tape/model/activation/ReluGrad,2,40.96,20.48,40.96,20.48,0.0006947725338301726,0.8879150916043855,0.0,0.0
142,Device,FusedBatchNormV3,model/batch_normalization/FusedBatchNormV3,4,34.816,8.704,34.816,8.704,0.0005905566537556467,0.8885056482581412,0.0,0.0
143,Device,AddN,SGD/gradients/AddN_35,2,33.792,16.896,33.792,16.896,0.0005731873404098924,0.889078835598551,0.0,0.0
144,Device,Sum,conv2d_29/kernel/Regularizer/Sum,2,33.792,16.896,33.792,16.896,0.0005731873404098924,0.889652022938961,0.0,0.0
145,Device,Mul,gradient_tape/conv2d_17/kernel/Regularizer/Mul_1,2,33.792,16.896,33.792,16.896,0.0005731873404098924,0.8902252102793708,0.0,0.0
146,Device,Conv2DBackpropFilter,gradient_tape/model/conv2d_18/Conv2D/Conv2DBackpropFilter,2,33.792,16.896,33.792,16.896,0.0005731873404098924,0.8907983976197807,0.0,0.0
147,Device,AddN,SGD/gradients/AddN_39,2,32.769,16.3845,32.769,16.3845,0.0005558349892842023,0.891354232609065,0.0,0.0
148,Device,Mul,gradient_tape/conv2d_27/kernel/Regularizer/Mul_1,2,32.769,16.3845,32.769,16.3845,0.0005558349892842023,0.8919100675983492,0.0,0.0
149,Device,AddN,SGD/gradients/AddN_34,2,32.768,16.384,32.768,16.384,0.0005558180270641381,0.8924658856254134,0.0,0.0
150,Device,AddN,SGD/gradients/AddN_38,2,32.768,16.384,32.768,16.384,0.0005558180270641381,0.8930217036524776,0.0,0.0
151,Device,AddN,SGD/gradients/AddN_42,2,32.768,16.384,32.768,16.384,0.0005558180270641381,0.8935775216795417,0.0,0.0
152,Device,AddN,SGD/gradients/AddN_43,2,32.768,16.384,32.768,16.384,0.0005558180270641381,0.8941333397066059,0.0,0.0
153,Device,AddN,SGD/gradients/AddN_44,2,32.768,16.384,32.768,16.384,0.0005558180270641381,0.8946891577336701,0.0,0.0
154,Device,Conv2DBackpropFilter,gradient_tape/model/conv2d_9/Conv2D/Conv2DBackpropFilter,2,32.768,16.384,32.768,16.384,0.0005558180270641381,0.8952449757607343,0.0,0.0
155,Device,AddN,SGD/gradients/AddN_36,2,31.745,15.8725,31.745,15.8725,0.000538465675938448,0.8957834414366727,0.0,0.0
156,Device,AddN,SGD/gradients/AddN_37,2,31.745,15.8725,31.745,15.8725,0.000538465675938448,0.8963219071126111,0.0,0.0
157,Device,Mul,gradient_tape/conv2d_19/kernel/Regularizer/Mul_1,2,31.744,15.872,31.744,15.872,0.0005384487137183837,0.8968603558263294,0.0,0.0
158,Device,Mul,gradient_tape/conv2d_25/kernel/Regularizer/Mul_1,2,31.744,15.872,31.744,15.872,0.0005384487137183837,0.8973988045400477,0.0,0.0
159,Device,Conv2DBackpropFilter,gradient_tape/model/conv2d_31/Conv2D/Conv2DBackpropFilter,2,31.744,15.872,31.744,15.872,0.0005384487137183837,0.897937253253766,0.0,0.0
160,Device,MatMul,model/dense/MatMul,2,31.744,15.872,31.744,15.872,0.0005384487137183837,0.8984757019674844,0.0,0.0
161,Device,AddN,ArithmeticOptimizer/AddOpsRewrite_AddN_1,8,30.72,3.84,30.72,3.84,0.0005210794003726294,0.898996781367857,0.0,0.0
162,Device,Mul,gradient_tape/conv2d_20/kernel/Regularizer/Mul_1,2,30.72,15.36,30.72,15.36,0.0005210794003726294,0.8995178607682296,0.0,0.0
163,Device,Mul,gradient_tape/conv2d_21/kernel/Regularizer/Mul_1,2,30.72,15.36,30.72,15.36,0.0005210794003726294,0.9000389401686022,0.0,0.0
164,Device,Mul,gradient_tape/conv2d_22/kernel/Regularizer/Mul_1,2,30.72,15.36,30.72,15.36,0.0005210794003726294,0.9005600195689748,0.0,0.0
165,Device,Mul,gradient_tape/conv2d_23/kernel/Regularizer/Mul_1,2,30.72,15.36,30.72,15.36,0.0005210794003726294,0.9010810989693474,0.0,0.0
166,Device,Mul,gradient_tape/conv2d_24/kernel/Regularizer/Mul_1,2,29.696,14.848,29.696,14.848,0.0005037100870268752,0.9015848090563743,0.0,0.0
167,Device,Mul,gradient_tape/conv2d_26/kernel/Regularizer/Mul_1,2,29.696,14.848,29.696,14.848,0.0005037100870268752,0.9020885191434012,0.0,0.0
168,Device,Mul,gradient_tape/conv2d_28/kernel/Regularizer/Mul_1,2,29.696,14.848,29.696,14.848,0.0005037100870268752,0.902592229230428,0.0,0.0
169,Device,Conv2D,model/conv2d_18/Conv2D,2,28.672,14.336,28.672,14.336,0.00048634077368112083,0.9030785700041092,0.0,0.0
170,Device,AddN,SGD/gradients/AddN_40,2,27.648,13.824,27.648,13.824,0.0004689714603353665,0.9035475414644446,0.0,0.0
171,Device,Conv2D,model/conv2d_9/Conv2D,2,27.648,13.824,27.648,13.824,0.0004689714603353665,0.90401651292478,0.0,0.0
172,Device,AddN,SGD/gradients/AddN_41,2,26.624,13.312,26.624,13.312,0.00045160214698961216,0.9044681150717696,0.0,0.0
173,Device,FusedBatchNormV3,model/batch_normalization_31/FusedBatchNormV3,4,25.6,6.4,25.6,6.4,0.0004342328336438579,0.9049023479054135,0.0,0.0
174,Device,MaxPool,model/max_pooling2d/MaxPool,2,25.6,12.8,25.6,12.8,0.0004342328336438579,0.9053365807390573,0.0,0.0
175,Device,FusedBatchNormV3,model/batch_normalization_28/FusedBatchNormV3,4,24.576,6.144,24.576,6.144,0.00041686352029810355,0.9057534442593554,0.0,0.0
176,Device,Sum,conv2d_20/kernel/Regularizer/Sum,2,23.552,11.776,23.552,11.776,0.00039949420695234927,0.9061529384663078,0.0,0.0
177,Device,Sum,conv2d_21/kernel/Regularizer/Sum,2,23.552,11.776,23.552,11.776,0.00039949420695234927,0.9065524326732602,0.0,0.0
178,Device,Sum,conv2d_23/kernel/Regularizer/Sum,2,23.552,11.776,23.552,11.776,0.00039949420695234927,0.9069519268802126,0.0,0.0
179,Device,Sum,conv2d_28/kernel/Regularizer/Sum,2,23.552,11.776,23.552,11.776,0.00039949420695234927,0.907351421087165,0.0,0.0
180,Device,BiasAddGrad,gradient_tape/model/conv2d_29/BiasAdd/BiasAddGrad,2,23.552,11.776,23.552,11.776,0.00039949420695234927,0.9077509152941174,0.0,0.0
181,Device,BiasAddGrad,gradient_tape/model/conv2d_33/BiasAdd/BiasAddGrad,2,23.552,11.776,23.552,11.776,0.00039949420695234927,0.9081504095010698,0.0,0.0
182,Device,FusedBatchNormV3,model/batch_normalization_29/FusedBatchNormV3,4,23.552,5.888,23.552,5.888,0.00039949420695234927,0.9085499037080222,0.0,0.0
183,Device,FusedBatchNormV3,model/batch_normalization_32/FusedBatchNormV3,4,23.552,5.888,23.552,5.888,0.00039949420695234927,0.9089493979149746,0.0,0.0
184,Device,FusedBatchNormV3,model/batch_normalization_27/FusedBatchNormV3,4,22.529,5.63225,22.529,5.63225,0.0003821418558266591,0.9093315397708013,0.0,0.0
185,Device,ResourceApplyGradientDescent,SGD/SGD/update_100/ResourceApplyGradientDescent,2,22.528,11.264,22.528,11.264,0.00038212489360659493,0.9097136646644078,0.0,0.0
186,Device,ResourceApplyGradientDescent,SGD/SGD/update_72/ResourceApplyGradientDescent,2,22.528,11.264,22.528,11.264,0.00038212489360659493,0.9100957895580144,0.0,0.0
187,Device,Square,conv2d_19/kernel/Regularizer/Square,2,22.528,11.264,22.528,11.264,0.00038212489360659493,0.910477914451621,0.0,0.0
188,Device,Square,conv2d_24/kernel/Regularizer/Square,2,22.528,11.264,22.528,11.264,0.00038212489360659493,0.9108600393452275,0.0,0.0
189,Device,Square,conv2d_25/kernel/Regularizer/Square,2,22.528,11.264,22.528,11.264,0.00038212489360659493,0.9112421642388341,0.0,0.0
190,Device,Sum,conv2d_25/kernel/Regularizer/Sum,2,22.528,11.264,22.528,11.264,0.00038212489360659493,0.9116242891324406,0.0,0.0
191,Device,Sum,conv2d_26/kernel/Regularizer/Sum,2,22.528,11.264,22.528,11.264,0.00038212489360659493,0.9120064140260472,0.0,0.0
192,Device,Square,conv2d_28/kernel/Regularizer/Square,2,22.528,11.264,22.528,11.264,0.00038212489360659493,0.9123885389196538,0.0,0.0
193,Device,BiasAddGrad,gradient_tape/model/conv2d_32/BiasAdd/BiasAddGrad,2,22.528,11.264,22.528,11.264,0.00038212489360659493,0.9127706638132603,0.0,0.0
194,Device,BiasAddGrad,gradient_tape/model/conv2d_34/BiasAdd/BiasAddGrad,2,22.528,11.264,22.528,11.264,0.00038212489360659493,0.9131527887068669,0.0,0.0
195,Device,BiasAddGrad,gradient_tape/model/conv2d_35/BiasAdd/BiasAddGrad,2,22.528,11.264,22.528,11.264,0.00038212489360659493,0.9135349136004735,0.0,0.0
196,Device,FusedBatchNormV3,model/batch_normalization_30/FusedBatchNormV3,4,22.528,5.632,22.528,5.632,0.00038212489360659493,0.91391703849408,0.0,0.0
197,Device,ArgMax,ArgMax,2,21.504,10.752,21.504,10.752,0.00036475558026084065,0.9142817940743408,0.0,0.0
198,Device,ResourceApplyGradientDescent,SGD/SGD/update_108/ResourceApplyGradientDescent,2,21.504,10.752,21.504,10.752,0.00036475558026084065,0.9146465496546017,0.0,0.0
199,Device,ResourceApplyGradientDescent,SGD/SGD/update_76/ResourceApplyGradientDescent,2,21.504,10.752,21.504,10.752,0.00036475558026084065,0.9150113052348625,0.0,0.0
200,Device,ResourceApplyGradientDescent,SGD/SGD/update_88/ResourceApplyGradientDescent,2,21.504,10.752,21.504,10.752,0.00036475558026084065,0.9153760608151233,0.0,0.0
201,Device,ResourceApplyGradientDescent,SGD/SGD/update_92/ResourceApplyGradientDescent,2,21.504,10.752,21.504,10.752,0.00036475558026084065,0.9157408163953842,0.0,0.0
202,Device,Square,conv2d_17/kernel/Regularizer/Square,2,21.504,10.752,21.504,10.752,0.00036475558026084065,0.916105571975645,0.0,0.0
203,Device,Sum,conv2d_17/kernel/Regularizer/Sum,2,21.504,10.752,21.504,10.752,0.00036475558026084065,0.9164703275559059,0.0,0.0
204,Device,Square,conv2d_22/kernel/Regularizer/Square,2,21.504,10.752,21.504,10.752,0.00036475558026084065,0.9168350831361667,0.0,0.0
205,Device,Sum,conv2d_22/kernel/Regularizer/Sum,2,21.504,10.752,21.504,10.752,0.00036475558026084065,0.9171998387164275,0.0,0.0
206,Device,Square,conv2d_23/kernel/Regularizer/Square,2,21.504,10.752,21.504,10.752,0.00036475558026084065,0.9175645942966884,0.0,0.0
207,Device,Sum,conv2d_24/kernel/Regularizer/Sum,2,21.504,10.752,21.504,10.752,0.00036475558026084065,0.9179293498769492,0.0,0.0
208,Device,Square,conv2d_26/kernel/Regularizer/Square,2,21.504,10.752,21.504,10.752,0.00036475558026084065,0.91829410545721,0.0,0.0
209,Device,Square,conv2d_27/kernel/Regularizer/Square,2,21.504,10.752,21.504,10.752,0.00036475558026084065,0.9186588610374709,0.0,0.0
210,Device,Sum,conv2d_27/kernel/Regularizer/Sum,2,21.504,10.752,21.504,10.752,0.00036475558026084065,0.9190236166177317,0.0,0.0
211,Device,Tile,gradient_tape/conv2d_17/kernel/Regularizer/Tile,2,21.504,10.752,21.504,10.752,0.00036475558026084065,0.9193883721979925,0.0,0.0
212,Device,ResourceApplyGradientDescent,SGD/SGD/update_104/ResourceApplyGradientDescent,2,20.48,10.24,20.48,10.24,0.0003473862669150863,0.9197357584649076,0.0,0.0
213,Device,ResourceApplyGradientDescent,SGD/SGD/update_68/ResourceApplyGradientDescent,2,20.48,10.24,20.48,10.24,0.0003473862669150863,0.9200831447318227,0.0,0.0
214,Device,ResourceApplyGradientDescent,SGD/SGD/update_80/ResourceApplyGradientDescent,2,20.48,10.24,20.48,10.24,0.0003473862669150863,0.9204305309987378,0.0,0.0
215,Device,ResourceApplyGradientDescent,SGD/SGD/update_84/ResourceApplyGradientDescent,2,20.48,10.24,20.48,10.24,0.0003473862669150863,0.920777917265653,0.0,0.0
216,Device,ResourceApplyGradientDescent,SGD/SGD/update_96/ResourceApplyGradientDescent,2,20.48,10.24,20.48,10.24,0.0003473862669150863,0.921125303532568,0.0,0.0
217,Device,Sum,conv2d_19/kernel/Regularizer/Sum,2,20.48,10.24,20.48,10.24,0.0003473862669150863,0.9214726897994832,0.0,0.0
218,Device,Square,conv2d_21/kernel/Regularizer/Square,2,20.48,10.24,20.48,10.24,0.0003473862669150863,0.9218200760663983,0.0,0.0
219,Device,Mul,gradient_tape/conv2d_16/kernel/Regularizer/Mul_1,2,20.48,10.24,20.48,10.24,0.0003473862669150863,0.9221674623333134,0.0,0.0
220,Device,FusedBatchNormGradV3,gradient_tape/model/batch_normalization_27/FusedBatchNormGradV3,2,20.48,10.24,20.48,10.24,0.0003473862669150863,0.9225148486002285,0.0,0.0
221,Device,FusedBatchNormGradV3,gradient_tape/model/batch_normalization_28/FusedBatchNormGradV3,2,20.48,10.24,20.48,10.24,0.0003473862669150863,0.9228622348671436,0.0,0.0
222,Device,FusedBatchNormGradV3,gradient_tape/model/batch_normalization_29/FusedBatchNormGradV3,2,20.48,10.24,20.48,10.24,0.0003473862669150863,0.9232096211340587,0.0,0.0
223,Device,FusedBatchNormV3,model/batch_normalization_1/FusedBatchNormV3,4,20.48,5.12,20.48,5.12,0.0003473862669150863,0.9235570074009738,0.0,0.0
224,Device,Softmax,model/dense/Softmax,2,20.48,10.24,20.48,10.24,0.0003473862669150863,0.9239043936678889,0.0,0.0
225,Device,Square,conv2d_20/kernel/Regularizer/Square,2,19.456,9.728,19.456,9.728,0.000330016953569332,0.9242344106214583,0.0,0.0
226,Device,FusedBatchNormGradV3,gradient_tape/model/batch_normalization_31/FusedBatchNormGradV3,2,19.456,9.728,19.456,9.728,0.000330016953569332,0.9245644275750277,0.0,0.0
227,Device,BiasAddGrad,gradient_tape/model/conv2d_31/BiasAdd/BiasAddGrad,2,19.456,9.728,19.456,9.728,0.000330016953569332,0.924894444528597,0.0,0.0
228,Device,FusedBatchNormV3,model/batch_normalization_2/FusedBatchNormV3,4,19.456,4.864,19.456,4.864,0.000330016953569332,0.9252244614821664,0.0,0.0
229,Device,ArgMax,ArgMax_1,2,18.432,9.216,18.432,9.216,0.00031264764022357765,0.92553710912239,0.0,0.0
230,Device,Sum,conv2d_16/kernel/Regularizer/Sum,2,18.432,9.216,18.432,9.216,0.00031264764022357765,0.9258497567626135,0.0,0.0
231,Device,FusedBatchNormGradV3,gradient_tape/model/batch_normalization_30/FusedBatchNormGradV3,2,18.432,9.216,18.432,9.216,0.00031264764022357765,0.926162404402837,0.0,0.0
232,Device,BiasAddGrad,gradient_tape/model/conv2d/BiasAdd/BiasAddGrad,2,18.432,9.216,18.432,9.216,0.00031264764022357765,0.9264750520430606,0.0,0.0
233,Device,FusedBatchNormV3,model/batch_normalization_15/FusedBatchNormV3,4,18.432,4.608,18.432,4.608,0.00031264764022357765,0.9267876996832841,0.0,0.0
234,Device,FusedBatchNormV3,model/batch_normalization_16/FusedBatchNormV3,4,18.432,4.608,18.432,4.608,0.00031264764022357765,0.9271003473235077,0.0,0.0
235,Device,FusedBatchNormV3,model/batch_normalization_17/FusedBatchNormV3,4,18.432,4.608,18.432,4.608,0.00031264764022357765,0.9274129949637312,0.0,0.0
236,Device,FusedBatchNormV3,model/batch_normalization_18/FusedBatchNormV3,4,18.432,4.608,18.432,4.608,0.00031264764022357765,0.9277256426039547,0.0,0.0
237,Device,FusedBatchNormV3,model/batch_normalization_19/FusedBatchNormV3,4,18.432,4.608,18.432,4.608,0.00031264764022357765,0.9280382902441783,0.0,0.0
238,Device,FusedBatchNormV3,model/batch_normalization_20/FusedBatchNormV3,4,18.432,4.608,18.432,4.608,0.00031264764022357765,0.9283509378844018,0.0,0.0
239,Device,FusedBatchNormV3,model/batch_normalization_21/FusedBatchNormV3,4,18.432,4.608,18.432,4.608,0.00031264764022357765,0.9286635855246254,0.0,0.0
240,Device,FusedBatchNormV3,model/batch_normalization_22/FusedBatchNormV3,4,18.432,4.608,18.432,4.608,0.00031264764022357765,0.9289762331648489,0.0,0.0
241,Device,FusedBatchNormV3,model/batch_normalization_23/FusedBatchNormV3,4,18.432,4.608,18.432,4.608,0.00031264764022357765,0.9292888808050724,0.0,0.0
242,Device,FusedBatchNormV3,model/batch_normalization_24/FusedBatchNormV3,4,18.432,4.608,18.432,4.608,0.00031264764022357765,0.929601528445296,0.0,0.0
243,Device,FusedBatchNormV3,model/batch_normalization_25/FusedBatchNormV3,4,18.432,4.608,18.432,4.608,0.00031264764022357765,0.9299141760855195,0.0,0.0
244,Device,FusedBatchNormV3,model/batch_normalization_3/FusedBatchNormV3,4,18.432,4.608,18.432,4.608,0.00031264764022357765,0.9302268237257431,0.0,0.0
245,Device,Sum,conv2d_8/kernel/Regularizer/Sum,2,17.408,8.704,17.408,8.704,0.00029527832687782337,0.9305221020526209,0.0,0.0
246,Device,Mul,gradient_tape/conv2d_17/kernel/Regularizer/Mul,2,17.408,8.704,17.408,8.704,0.00029527832687782337,0.9308173803794987,0.0,0.0
247,Device,FusedBatchNormGradV3,gradient_tape/model/batch_normalization_15/FusedBatchNormGradV3,2,17.408,8.704,17.408,8.704,0.00029527832687782337,0.9311126587063765,0.0,0.0
248,Device,FusedBatchNormGradV3,gradient_tape/model/batch_normalization_17/FusedBatchNormGradV3,2,17.408,8.704,17.408,8.704,0.00029527832687782337,0.9314079370332543,0.0,0.0
249,Device,FusedBatchNormGradV3,gradient_tape/model/batch_normalization_32/FusedBatchNormGradV3,2,17.408,8.704,17.408,8.704,0.00029527832687782337,0.9317032153601321,0.0,0.0
250,Device,FusedBatchNormV3,model/batch_normalization_5/FusedBatchNormV3,4,17.408,4.352,17.408,4.352,0.00029527832687782337,0.9319984936870099,0.0,0.0
251,Device,FusedBatchNormV3,model/batch_normalization_6/FusedBatchNormV3,4,17.408,4.352,17.408,4.352,0.00029527832687782337,0.9322937720138877,0.0,0.0
252,Device,Sum,conv2d_11/kernel/Regularizer/Sum,2,16.384,8.192,16.384,8.192,0.00027790901353206903,0.9325716810274198,0.0,0.0
253,Device,Sum,conv2d_14/kernel/Regularizer/Sum,2,16.384,8.192,16.384,8.192,0.00027790901353206903,0.9328495900409519,0.0,0.0
254,Device,Sum,conv2d_15/kernel/Regularizer/Sum,2,16.384,8.192,16.384,8.192,0.00027790901353206903,0.933127499054484,0.0,0.0
255,Device,Sum,conv2d_31/kernel/Regularizer/Sum,2,16.384,8.192,16.384,8.192,0.00027790901353206903,0.9334054080680161,0.0,0.0
256,Device,FusedBatchNormGradV3,gradient_tape/model/batch_normalization_1/FusedBatchNormGradV3,2,16.384,8.192,16.384,8.192,0.00027790901353206903,0.9336833170815482,0.0,0.0
257,Device,FusedBatchNormGradV3,gradient_tape/model/batch_normalization_16/FusedBatchNormGradV3,2,16.384,8.192,16.384,8.192,0.00027790901353206903,0.9339612260950803,0.0,0.0
258,Device,FusedBatchNormGradV3,gradient_tape/model/batch_normalization_19/FusedBatchNormGradV3,2,16.384,8.192,16.384,8.192,0.00027790901353206903,0.9342391351086123,0.0,0.0
259,Device,FusedBatchNormGradV3,gradient_tape/model/batch_normalization_2/FusedBatchNormGradV3,2,16.384,8.192,16.384,8.192,0.00027790901353206903,0.9345170441221444,0.0,0.0
260,Device,FusedBatchNormGradV3,gradient_tape/model/batch_normalization_20/FusedBatchNormGradV3,2,16.384,8.192,16.384,8.192,0.00027790901353206903,0.9347949531356765,0.0,0.0
261,Device,FusedBatchNormGradV3,gradient_tape/model/batch_normalization_21/FusedBatchNormGradV3,2,16.384,8.192,16.384,8.192,0.00027790901353206903,0.9350728621492086,0.0,0.0
262,Device,FusedBatchNormGradV3,gradient_tape/model/batch_normalization_23/FusedBatchNormGradV3,2,16.384,8.192,16.384,8.192,0.00027790901353206903,0.9353507711627407,0.0,0.0
263,Device,FusedBatchNormGradV3,gradient_tape/model/batch_normalization_24/FusedBatchNormGradV3,2,16.384,8.192,16.384,8.192,0.00027790901353206903,0.9356286801762728,0.0,0.0
264,Device,FusedBatchNormGradV3,gradient_tape/model/batch_normalization_25/FusedBatchNormGradV3,2,16.384,8.192,16.384,8.192,0.00027790901353206903,0.9359065891898048,0.0,0.0
265,Device,FusedBatchNormGradV3,gradient_tape/model/batch_normalization_4/FusedBatchNormGradV3,2,16.384,8.192,16.384,8.192,0.00027790901353206903,0.9361844982033369,0.0,0.0
266,Device,FusedBatchNormGradV3,gradient_tape/model/batch_normalization_5/FusedBatchNormGradV3,2,16.384,8.192,16.384,8.192,0.00027790901353206903,0.936462407216869,0.0,0.0
267,Device,FusedBatchNormGradV3,gradient_tape/model/batch_normalization_6/FusedBatchNormGradV3,2,16.384,8.192,16.384,8.192,0.00027790901353206903,0.9367403162304011,0.0,0.0
268,Device,FusedBatchNormV3,model/batch_normalization_10/FusedBatchNormV3,4,16.384,4.096,16.384,4.096,0.00027790901353206903,0.9370182252439332,0.0,0.0
269,Device,FusedBatchNormV3,model/batch_normalization_26/FusedBatchNormV3,4,16.384,4.096,16.384,4.096,0.00027790901353206903,0.9372961342574653,0.0,0.0
270,Device,FusedBatchNormV3,model/batch_normalization_8/FusedBatchNormV3,4,16.384,4.096,16.384,4.096,0.00027790901353206903,0.9375740432709974,0.0,0.0
271,Device,FusedBatchNormV3,model/batch_normalization_7/FusedBatchNormV3,4,15.361,3.84025,15.361,3.84025,0.00026055666240637894,0.9378345999334038,0.0,0.0
272,Device,Sum,conv2d_10/kernel/Regularizer/Sum,2,15.36,7.68,15.36,7.68,0.0002605397001863147,0.9380951396335901,0.0,0.0
273,Device,Sum,conv2d_12/kernel/Regularizer/Sum,2,15.36,7.68,15.36,7.68,0.0002605397001863147,0.9383556793337765,0.0,0.0
274,Device,FusedBatchNormGradV3,gradient_tape/model/batch_normalization_18/FusedBatchNormGradV3,2,15.36,7.68,15.36,7.68,0.0002605397001863147,0.9386162190339629,0.0,0.0
275,Device,FusedBatchNormGradV3,gradient_tape/model/batch_normalization_22/FusedBatchNormGradV3,2,15.36,7.68,15.36,7.68,0.0002605397001863147,0.9388767587341492,0.0,0.0
276,Device,FusedBatchNormGradV3,gradient_tape/model/batch_normalization_3/FusedBatchNormGradV3,2,15.36,7.68,15.36,7.68,0.0002605397001863147,0.9391372984343356,0.0,0.0
277,Device,BiasAddGrad,gradient_tape/model/conv2d_18/BiasAdd/BiasAddGrad,2,15.36,7.68,15.36,7.68,0.0002605397001863147,0.9393978381345219,0.0,0.0
278,Device,BiasAddGrad,gradient_tape/model/conv2d_19/BiasAdd/BiasAddGrad,2,15.36,7.68,15.36,7.68,0.0002605397001863147,0.9396583778347083,0.0,0.0
279,Device,BiasAddGrad,gradient_tape/model/conv2d_20/BiasAdd/BiasAddGrad,2,15.36,7.68,15.36,7.68,0.0002605397001863147,0.9399189175348946,0.0,0.0
280,Device,BiasAddGrad,gradient_tape/model/conv2d_22/BiasAdd/BiasAddGrad,2,15.36,7.68,15.36,7.68,0.0002605397001863147,0.940179457235081,0.0,0.0
281,Device,BiasAddGrad,gradient_tape/model/conv2d_24/BiasAdd/BiasAddGrad,2,15.36,7.68,15.36,7.68,0.0002605397001863147,0.9404399969352674,0.0,0.0
282,Device,BiasAddGrad,gradient_tape/model/conv2d_26/BiasAdd/BiasAddGrad,2,15.36,7.68,15.36,7.68,0.0002605397001863147,0.9407005366354537,0.0,0.0
283,Device,AddV2,model/add/add,2,15.36,7.68,15.36,7.68,0.0002605397001863147,0.9409610763356401,0.0,0.0
284,Device,FusedBatchNormV3,model/batch_normalization_12/FusedBatchNormV3,4,15.36,3.84,15.36,3.84,0.0002605397001863147,0.9412216160358264,0.0,0.0
285,Device,FusedBatchNormV3,model/batch_normalization_14/FusedBatchNormV3,4,15.36,3.84,15.36,3.84,0.0002605397001863147,0.9414821557360128,0.0,0.0
286,Device,FusedBatchNormV3,model/batch_normalization_4/FusedBatchNormV3,4,15.36,3.84,15.36,3.84,0.0002605397001863147,0.9417426954361992,0.0,0.0
287,Device,FusedBatchNormV3,model/batch_normalization_11/FusedBatchNormV3,4,14.337,3.58425,14.337,3.58425,0.00024318734906062463,0.9419858827852597,0.0,0.0
288,Device,AddN,SGD/gradients/AddN_32,2,14.336,7.168,14.336,7.168,0.00024317038684056042,0.9422290531721003,0.0,0.0
289,Device,Sum,conv2d/kernel/Regularizer/Sum,2,14.336,7.168,14.336,7.168,0.00024317038684056042,0.9424722235589408,0.0,0.0
290,Device,Sum,conv2d_1/kernel/Regularizer/Sum,2,14.336,7.168,14.336,7.168,0.00024317038684056042,0.9427153939457813,0.0,0.0
291,Device,Sum,conv2d_13/kernel/Regularizer/Sum,2,14.336,7.168,14.336,7.168,0.00024317038684056042,0.9429585643326218,0.0,0.0
292,Device,Square,conv2d_16/kernel/Regularizer/Square,2,14.336,7.168,14.336,7.168,0.00024317038684056042,0.9432017347194623,0.0,0.0
293,Device,Sum,conv2d_18/kernel/Regularizer/Sum,2,14.336,7.168,14.336,7.168,0.00024317038684056042,0.9434449051063029,0.0,0.0
294,Device,Sum,conv2d_3/kernel/Regularizer/Sum,2,14.336,7.168,14.336,7.168,0.00024317038684056042,0.9436880754931434,0.0,0.0
295,Device,Sum,conv2d_7/kernel/Regularizer/Sum,2,14.336,7.168,14.336,7.168,0.00024317038684056042,0.9439312458799839,0.0,0.0
296,Device,Mul,gradient_tape/conv2d_16/kernel/Regularizer/Mul,2,14.336,7.168,14.336,7.168,0.00024317038684056042,0.9441744162668244,0.0,0.0
297,Device,FusedBatchNormGradV3,gradient_tape/model/batch_normalization_12/FusedBatchNormGradV3,2,14.336,7.168,14.336,7.168,0.00024317038684056042,0.9444175866536649,0.0,0.0
298,Device,FusedBatchNormGradV3,gradient_tape/model/batch_normalization_14/FusedBatchNormGradV3,2,14.336,7.168,14.336,7.168,0.00024317038684056042,0.9446607570405054,0.0,0.0
299,Device,FusedBatchNormGradV3,gradient_tape/model/batch_normalization_26/FusedBatchNormGradV3,2,14.336,7.168,14.336,7.168,0.00024317038684056042,0.944903927427346,0.0,0.0
300,Device,FusedBatchNormGradV3,gradient_tape/model/batch_normalization_7/FusedBatchNormGradV3,2,14.336,7.168,14.336,7.168,0.00024317038684056042,0.9451470978141865,0.0,0.0
301,Device,FusedBatchNormGradV3,gradient_tape/model/batch_normalization_9/FusedBatchNormGradV3,2,14.336,7.168,14.336,7.168,0.00024317038684056042,0.945390268201027,0.0,0.0
302,Device,Transpose,gradient_tape/model/conv2d/Conv2D/Conv2DBackpropFilter-0-TransposeNHWCToNCHW-LayoutOptimizer,2,14.336,7.168,14.336,7.168,0.00024317038684056042,0.9456334385878675,0.0,0.0
303,Device,BiasAddGrad,gradient_tape/model/conv2d_16/BiasAdd/BiasAddGrad,2,14.336,7.168,14.336,7.168,0.00024317038684056042,0.945876608974708,0.0,0.0
304,Device,BiasAddGrad,gradient_tape/model/conv2d_21/BiasAdd/BiasAddGrad,2,14.336,7.168,14.336,7.168,0.00024317038684056042,0.9461197793615486,0.0,0.0
305,Device,BiasAddGrad,gradient_tape/model/conv2d_23/BiasAdd/BiasAddGrad,2,14.336,7.168,14.336,7.168,0.00024317038684056042,0.9463629497483891,0.0,0.0
306,Device,BiasAddGrad,gradient_tape/model/conv2d_25/BiasAdd/BiasAddGrad,2,14.336,7.168,14.336,7.168,0.00024317038684056042,0.9466061201352296,0.0,0.0
307,Device,BiasAddGrad,gradient_tape/model/conv2d_27/BiasAdd/BiasAddGrad,2,14.336,7.168,14.336,7.168,0.00024317038684056042,0.9468492905220701,0.0,0.0
308,Device,BiasAddGrad,gradient_tape/model/conv2d_28/BiasAdd/BiasAddGrad,2,14.336,7.168,14.336,7.168,0.00024317038684056042,0.9470924609089106,0.0,0.0
309,Device,MatMul,gradient_tape/model/dense/MatMul/MatMul,2,14.336,7.168,14.336,7.168,0.00024317038684056042,0.9473356312957512,0.0,0.0
310,Device,FusedBatchNormV3,model/batch_normalization_13/FusedBatchNormV3,4,14.336,3.584,14.336,3.584,0.00024317038684056042,0.9475788016825917,0.0,0.0
311,Device,FusedBatchNormV3,model/batch_normalization_9/FusedBatchNormV3,4,14.336,3.584,14.336,3.584,0.00024317038684056042,0.9478219720694322,0.0,0.0
312,Device,BiasAdd,model/conv2d/BiasAdd,2,14.336,7.168,14.336,7.168,0.00024317038684056042,0.9480651424562727,0.0,0.0
313,Device,AddN,SGD/gradients/AddN_13,2,13.312,6.656,13.312,6.656,0.00022580107349480608,0.9482909435297675,0.0,0.0
314,Device,Sum,conv2d_2/kernel/Regularizer/Sum,2,13.312,6.656,13.312,6.656,0.00022580107349480608,0.9485167446032623,0.0,0.0
315,Device,Sum,conv2d_4/kernel/Regularizer/Sum,2,13.312,6.656,13.312,6.656,0.00022580107349480608,0.9487425456767571,0.0,0.0
316,Device,Sum,conv2d_5/kernel/Regularizer/Sum,2,13.312,6.656,13.312,6.656,0.00022580107349480608,0.9489683467502519,0.0,0.0
317,Device,Sum,conv2d_6/kernel/Regularizer/Sum,2,13.312,6.656,13.312,6.656,0.00022580107349480608,0.9491941478237467,0.0,0.0
318,Device,Tile,gradient_tape/conv2d_1/kernel/Regularizer/Tile,2,13.312,6.656,13.312,6.656,0.00022580107349480608,0.9494199488972415,0.0,0.0
319,Device,Tile,gradient_tape/conv2d_18/kernel/Regularizer/Tile,2,13.312,6.656,13.312,6.656,0.00022580107349480608,0.9496457499707363,0.0,0.0
320,Device,Tile,gradient_tape/conv2d_31/kernel/Regularizer/Tile,2,13.312,6.656,13.312,6.656,0.00022580107349480608,0.949871551044231,0.0,0.0
321,Device,FusedBatchNormGradV3,gradient_tape/model/batch_normalization_10/FusedBatchNormGradV3,2,13.312,6.656,13.312,6.656,0.00022580107349480608,0.9500973521177258,0.0,0.0
322,Device,FusedBatchNormGradV3,gradient_tape/model/batch_normalization_11/FusedBatchNormGradV3,2,13.312,6.656,13.312,6.656,0.00022580107349480608,0.9503231531912206,0.0,0.0
323,Device,FusedBatchNormGradV3,gradient_tape/model/batch_normalization_13/FusedBatchNormGradV3,2,13.312,6.656,13.312,6.656,0.00022580107349480608,0.9505489542647154,0.0,0.0
324,Device,FusedBatchNormGradV3,gradient_tape/model/batch_normalization_8/FusedBatchNormGradV3,2,13.312,6.656,13.312,6.656,0.00022580107349480608,0.9507747553382102,0.0,0.0
325,Device,BiasAddGrad,gradient_tape/model/conv2d_10/BiasAdd/BiasAddGrad,2,13.312,6.656,13.312,6.656,0.00022580107349480608,0.951000556411705,0.0,0.0
326,Device,BiasAddGrad,gradient_tape/model/conv2d_12/BiasAdd/BiasAddGrad,2,13.312,6.656,13.312,6.656,0.00022580107349480608,0.9512263574851998,0.0,0.0
327,Device,BiasAddGrad,gradient_tape/model/conv2d_3/BiasAdd/BiasAddGrad,2,13.312,6.656,13.312,6.656,0.00022580107349480608,0.9514521585586946,0.0,0.0
328,Device,BiasAddGrad,gradient_tape/model/conv2d_5/BiasAdd/BiasAddGrad,2,13.312,6.656,13.312,6.656,0.00022580107349480608,0.9516779596321894,0.0,0.0
329,Device,BiasAddGrad,gradient_tape/model/conv2d_6/BiasAdd/BiasAddGrad,2,13.312,6.656,13.312,6.656,0.00022580107349480608,0.9519037607056842,0.0,0.0
330,Device,Relu,model/activation/Relu,2,13.312,6.656,13.312,6.656,0.00022580107349480608,0.952129561779179,0.0,0.0
331,Device,ResourceApplyGradientDescent,SGD/SGD/update_116/ResourceApplyGradientDescent,2,12.288,6.144,12.288,6.144,0.00020843176014905177,0.952337993539328,0.0,0.0
332,Device,ResourceApplyGradientDescent,SGD/SGD/update_62/ResourceApplyGradientDescent,2,12.288,6.144,12.288,6.144,0.00020843176014905177,0.9525464252994771,0.0,0.0
333,Device,AddN,SGD/gradients/AddN_14,2,12.288,6.144,12.288,6.144,0.00020843176014905177,0.9527548570596261,0.0,0.0
334,Device,Mul,gradient_tape/conv2d_10/kernel/Regularizer/Mul_1,2,12.288,6.144,12.288,6.144,0.00020843176014905177,0.9529632888197752,0.0,0.0
335,Device,Tile,gradient_tape/conv2d_16/kernel/Regularizer/Tile,2,12.288,6.144,12.288,6.144,0.00020843176014905177,0.9531717205799243,0.0,0.0
336,Device,Tile,gradient_tape/conv2d_7/kernel/Regularizer/Tile,2,12.288,6.144,12.288,6.144,0.00020843176014905177,0.9533801523400733,0.0,0.0
337,Device,Tile,gradient_tape/conv2d_8/kernel/Regularizer/Tile,2,12.288,6.144,12.288,6.144,0.00020843176014905177,0.9535885841002224,0.0,0.0
338,Device,BiasAddGrad,gradient_tape/model/conv2d_1/BiasAdd/BiasAddGrad,2,12.288,6.144,12.288,6.144,0.00020843176014905177,0.9537970158603715,0.0,0.0
339,Device,BiasAddGrad,gradient_tape/model/conv2d_11/BiasAdd/BiasAddGrad,2,12.288,6.144,12.288,6.144,0.00020843176014905177,0.9540054476205205,0.0,0.0
340,Device,BiasAddGrad,gradient_tape/model/conv2d_13/BiasAdd/BiasAddGrad,2,12.288,6.144,12.288,6.144,0.00020843176014905177,0.9542138793806696,0.0,0.0
341,Device,BiasAddGrad,gradient_tape/model/conv2d_14/BiasAdd/BiasAddGrad,2,12.288,6.144,12.288,6.144,0.00020843176014905177,0.9544223111408187,0.0,0.0
342,Device,BiasAddGrad,gradient_tape/model/conv2d_15/BiasAdd/BiasAddGrad,2,12.288,6.144,12.288,6.144,0.00020843176014905177,0.9546307429009677,0.0,0.0
343,Device,BiasAddGrad,gradient_tape/model/conv2d_2/BiasAdd/BiasAddGrad,2,12.288,6.144,12.288,6.144,0.00020843176014905177,0.9548391746611168,0.0,0.0
344,Device,BiasAddGrad,gradient_tape/model/conv2d_4/BiasAdd/BiasAddGrad,2,12.288,6.144,12.288,6.144,0.00020843176014905177,0.9550476064212658,0.0,0.0
345,Device,BiasAddGrad,gradient_tape/model/conv2d_7/BiasAdd/BiasAddGrad,2,12.288,6.144,12.288,6.144,0.00020843176014905177,0.9552560381814149,0.0,0.0
346,Device,BiasAddGrad,gradient_tape/model/conv2d_9/BiasAdd/BiasAddGrad,2,12.288,6.144,12.288,6.144,0.00020843176014905177,0.955464469941564,0.0,0.0
347,Device,Relu,model/activation_6/Relu,2,12.288,6.144,12.288,6.144,0.00020843176014905177,0.955672901701713,0.0,0.0
348,Device,AddN,SGD/gradients/AddN_12,2,11.264,5.632,11.264,5.632,0.00019106244680329747,0.9558639641485164,0.0,0.0
349,Device,AddN,SGD/gradients/AddN_15,2,11.264,5.632,11.264,5.632,0.00019106244680329747,0.9560550265953197,0.0,0.0
350,Device,AddN,SGD/gradients/AddN_26,2,11.264,5.632,11.264,5.632,0.00019106244680329747,0.956246089042123,0.0,0.0
351,Device,Sum,conv2d_9/kernel/Regularizer/Sum,2,11.264,5.632,11.264,5.632,0.00019106244680329747,0.9564371514889264,0.0,0.0
352,Device,Mul,gradient_tape/conv2d_15/kernel/Regularizer/Mul_1,2,11.264,5.632,11.264,5.632,0.00019106244680329747,0.9566282139357297,0.0,0.0
353,Device,Mul,gradient_tape/conv2d_31/kernel/Regularizer/Mul_1,2,11.264,5.632,11.264,5.632,0.00019106244680329747,0.9568192763825331,0.0,0.0
354,Device,AddV2,model/add_1/add,2,11.264,5.632,11.264,5.632,0.00019106244680329747,0.9570103388293364,0.0,0.0
355,Device,AddV2,model/add_2/add,2,11.264,5.632,11.264,5.632,0.00019106244680329747,0.9572014012761397,0.0,0.0
356,Device,BiasAdd,model/conv2d_2/BiasAdd,2,11.264,5.632,11.264,5.632,0.00019106244680329747,0.9573924637229431,0.0,0.0
357,Device,BiasAdd,model/conv2d_4/BiasAdd,2,11.264,5.632,11.264,5.632,0.00019106244680329747,0.9575835261697464,0.0,0.0
358,Device,BiasAdd,model/conv2d_6/BiasAdd,2,11.264,5.632,11.264,5.632,0.00019106244680329747,0.9577745886165497,0.0,0.0
359,Device,ResourceApplyGradientDescent,SGD/SGD/update_4/ResourceApplyGradientDescent,2,10.24,5.12,10.24,5.12,0.00017369313345754316,0.9579482817500072,0.0,0.0
360,Device,AddN,SGD/gradients/AddN_25,2,10.24,5.12,10.24,5.12,0.00017369313345754316,0.9581219748834647,0.0,0.0
361,Device,AddN,SGD/gradients/AddN_27,2,10.24,5.12,10.24,5.12,0.00017369313345754316,0.9582956680169222,0.0,0.0
362,Device,AddN,SGD/gradients/AddN_28,2,10.24,5.12,10.24,5.12,0.00017369313345754316,0.9584693611503797,0.0,0.0
363,Device,AddN,SGD/gradients/AddN_29,2,10.24,5.12,10.24,5.12,0.00017369313345754316,0.9586430542838372,0.0,0.0
364,Device,AddN,SGD/gradients/AddN_30,2,10.24,5.12,10.24,5.12,0.00017369313345754316,0.9588167474172947,0.0,0.0
365,Device,AddN,SGD/gradients/AddN_31,2,10.24,5.12,10.24,5.12,0.00017369313345754316,0.9589904405507522,0.0,0.0
366,Device,AddN,SGD/gradients/AddN_46,2,10.24,5.12,10.24,5.12,0.00017369313345754316,0.9591641336842097,0.0,0.0
367,Device,Square,conv2d_10/kernel/Regularizer/Square,2,10.24,5.12,10.24,5.12,0.00017369313345754316,0.9593378268176672,0.0,0.0
368,Device,Square,conv2d_11/kernel/Regularizer/Square,2,10.24,5.12,10.24,5.12,0.00017369313345754316,0.9595115199511247,0.0,0.0
369,Device,Square,conv2d_14/kernel/Regularizer/Square,2,10.24,5.12,10.24,5.12,0.00017369313345754316,0.9596852130845822,0.0,0.0
370,Device,Square,conv2d_15/kernel/Regularizer/Square,2,10.24,5.12,10.24,5.12,0.00017369313345754316,0.9598589062180397,0.0,0.0
371,Device,Mul,gradient_tape/conv2d_11/kernel/Regularizer/Mul_1,2,10.24,5.12,10.24,5.12,0.00017369313345754316,0.9600325993514972,0.0,0.0
372,Device,Mul,gradient_tape/conv2d_12/kernel/Regularizer/Mul,2,10.24,5.12,10.24,5.12,0.00017369313345754316,0.9602062924849547,0.0,0.0
373,Device,Mul,gradient_tape/conv2d_12/kernel/Regularizer/Mul_1,2,10.24,5.12,10.24,5.12,0.00017369313345754316,0.9603799856184122,0.0,0.0
374,Device,Mul,gradient_tape/conv2d_13/kernel/Regularizer/Mul,2,10.24,5.12,10.24,5.12,0.00017369313345754316,0.9605536787518697,0.0,0.0
375,Device,Mul,gradient_tape/conv2d_13/kernel/Regularizer/Mul_1,2,10.24,5.12,10.24,5.12,0.00017369313345754316,0.9607273718853272,0.0,0.0
376,Device,Mul,gradient_tape/conv2d_14/kernel/Regularizer/Mul,2,10.24,5.12,10.24,5.12,0.00017369313345754316,0.9609010650187847,0.0,0.0
377,Device,Mul,gradient_tape/conv2d_14/kernel/Regularizer/Mul_1,2,10.24,5.12,10.24,5.12,0.00017369313345754316,0.9610747581522422,0.0,0.0
378,Device,Mul,gradient_tape/conv2d_15/kernel/Regularizer/Mul,2,10.24,5.12,10.24,5.12,0.00017369313345754316,0.9612484512856997,0.0,0.0
379,Device,Mul,gradient_tape/conv2d_8/kernel/Regularizer/Mul,2,10.24,5.12,10.24,5.12,0.00017369313345754316,0.9614221444191572,0.0,0.0
380,Device,Mul,gradient_tape/conv2d_8/kernel/Regularizer/Mul_1,2,10.24,5.12,10.24,5.12,0.00017369313345754316,0.9615958375526147,0.0,0.0
381,Device,ReluGrad,gradient_tape/model/activation_10/ReluGrad,2,10.24,5.12,10.24,5.12,0.00017369313345754316,0.9617695306860722,0.0,0.0
382,Device,ReluGrad,gradient_tape/model/activation_12/ReluGrad,2,10.24,5.12,10.24,5.12,0.00017369313345754316,0.9619432238195297,0.0,0.0
383,Device,ReluGrad,gradient_tape/model/activation_7/ReluGrad,2,10.24,5.12,10.24,5.12,0.00017369313345754316,0.9621169169529872,0.0,0.0
384,Device,MatMul,gradient_tape/model/dense/MatMul/MatMul_1,2,10.24,5.12,10.24,5.12,0.00017369313345754316,0.9622906100864447,0.0,0.0
385,Device,Relu,model/activation_3/Relu,2,10.24,5.12,10.24,5.12,0.00017369313345754316,0.9624643032199022,0.0,0.0
386,Device,AddV2,model/add_3/add,2,10.24,5.12,10.24,5.12,0.00017369313345754316,0.9626379963533597,0.0,0.0
387,Device,AvgPool,model/average_pooling2d/AvgPool,2,10.24,5.12,10.24,5.12,0.00017369313345754316,0.9628116894868172,0.0,0.0
388,Device,BiasAdd,model/conv2d_1/BiasAdd,2,10.24,5.12,10.24,5.12,0.00017369313345754316,0.9629853826202747,0.0,0.0
389,Device,Square,conv2d_13/kernel/Regularizer/Square,2,9.217,4.6085,9.217,4.6085,0.00015634078233185306,0.9631417234026065,0.0,0.0
390,Device,AddN,SGD/gradients/AddN_10,2,9.216,4.608,9.216,4.608,0.00015632382011178882,0.9632980472227183,0.0,0.0
391,Device,AddN,SGD/gradients/AddN_11,2,9.216,4.608,9.216,4.608,0.00015632382011178882,0.96345437104283,0.0,0.0
392,Device,AddN,SGD/gradients/AddN_8,2,9.216,4.608,9.216,4.608,0.00015632382011178882,0.9636106948629418,0.0,0.0
393,Device,AddN,SGD/gradients/AddN_9,2,9.216,4.608,9.216,4.608,0.00015632382011178882,0.9637670186830536,0.0,0.0
394,Device,Square,conv2d_12/kernel/Regularizer/Square,2,9.216,4.608,9.216,4.608,0.00015632382011178882,0.9639233425031654,0.0,0.0
395,Device,Square,conv2d_31/kernel/Regularizer/Square,2,9.216,4.608,9.216,4.608,0.00015632382011178882,0.9640796663232771,0.0,0.0
396,Device,Mul,gradient_tape/conv2d_10/kernel/Regularizer/Mul,2,9.216,4.608,9.216,4.608,0.00015632382011178882,0.9642359901433889,0.0,0.0
397,Device,Mul,gradient_tape/conv2d_11/kernel/Regularizer/Mul,2,9.216,4.608,9.216,4.608,0.00015632382011178882,0.9643923139635007,0.0,0.0
398,Device,Mul,gradient_tape/conv2d_31/kernel/Regularizer/Mul,2,9.216,4.608,9.216,4.608,0.00015632382011178882,0.9645486377836124,0.0,0.0
399,Device,ReluGrad,gradient_tape/model/activation_11/ReluGrad,2,9.216,4.608,9.216,4.608,0.00015632382011178882,0.9647049616037242,0.0,0.0
400,Device,ReluGrad,gradient_tape/model/activation_6/ReluGrad,2,9.216,4.608,9.216,4.608,0.00015632382011178882,0.964861285423836,0.0,0.0
401,Device,ReluGrad,gradient_tape/model/activation_8/ReluGrad,2,9.216,4.608,9.216,4.608,0.00015632382011178882,0.9650176092439477,0.0,0.0
402,Device,ReluGrad,gradient_tape/model/activation_9/ReluGrad,2,9.216,4.608,9.216,4.608,0.00015632382011178882,0.9651739330640595,0.0,0.0
403,Device,BiasAdd,model/conv2d_3/BiasAdd,2,9.216,4.608,9.216,4.608,0.00015632382011178882,0.9653302568841713,0.0,0.0
404,Device,BiasAdd,model/conv2d_5/BiasAdd,2,9.216,4.608,9.216,4.608,0.00015632382011178882,0.9654865807042831,0.0,0.0
405,Device,ReluGrad,gradient_tape/model/activation_15/ReluGrad,2,8.193,4.0965,8.193,4.0965,0.00013897146898609873,0.9656255521732692,0.0,0.0
406,Device,ResourceApplyGradientDescent,SGD/SGD/update_12/ResourceApplyGradientDescent,2,8.192,4.096,8.192,4.096,0.00013895450676603452,0.9657645066800352,0.0,0.0
407,Device,ResourceApplyGradientDescent,SGD/SGD/update_20/ResourceApplyGradientDescent,2,8.192,4.096,8.192,4.096,0.00013895450676603452,0.9659034611868013,0.0,0.0
408,Device,ResourceApplyGradientDescent,SGD/SGD/update_34/ResourceApplyGradientDescent,2,8.192,4.096,8.192,4.096,0.00013895450676603452,0.9660424156935673,0.0,0.0
409,Device,ResourceApplyGradientDescent,SGD/SGD/update_38/ResourceApplyGradientDescent,2,8.192,4.096,8.192,4.096,0.00013895450676603452,0.9661813702003333,0.0,0.0
410,Device,ResourceApplyGradientDescent,SGD/SGD/update_46/ResourceApplyGradientDescent,2,8.192,4.096,8.192,4.096,0.00013895450676603452,0.9663203247070994,0.0,0.0
411,Device,ResourceApplyGradientDescent,SGD/SGD/update_50/ResourceApplyGradientDescent,2,8.192,4.096,8.192,4.096,0.00013895450676603452,0.9664592792138654,0.0,0.0
412,Device,ResourceApplyGradientDescent,SGD/SGD/update_54/ResourceApplyGradientDescent,2,8.192,4.096,8.192,4.096,0.00013895450676603452,0.9665982337206315,0.0,0.0
413,Device,ResourceApplyGradientDescent,SGD/SGD/update_66/ResourceApplyGradientDescent,2,8.192,4.096,8.192,4.096,0.00013895450676603452,0.9667371882273975,0.0,0.0
414,Device,AddN,SGD/gradients/AddN_2,2,8.192,4.096,8.192,4.096,0.00013895450676603452,0.9668761427341636,0.0,0.0
415,Device,AddN,SGD/gradients/AddN_23,2,8.192,4.096,8.192,4.096,0.00013895450676603452,0.9670150972409296,0.0,0.0
416,Device,AddN,SGD/gradients/AddN_33,2,8.192,4.096,8.192,4.096,0.00013895450676603452,0.9671540517476956,0.0,0.0
417,Device,AddN,SGD/gradients/AddN_4,2,8.192,4.096,8.192,4.096,0.00013895450676603452,0.9672930062544617,0.0,0.0
418,Device,AddN,SGD/gradients/AddN_7,2,8.192,4.096,8.192,4.096,0.00013895450676603452,0.9674319607612277,0.0,0.0
419,Device,Square,conv2d_7/kernel/Regularizer/Square,2,8.192,4.096,8.192,4.096,0.00013895450676603452,0.9675709152679938,0.0,0.0
420,Device,Square,conv2d_8/kernel/Regularizer/Square,2,8.192,4.096,8.192,4.096,0.00013895450676603452,0.9677098697747598,0.0,0.0
421,Device,Mul,gradient_tape/conv2d_1/kernel/Regularizer/Mul_1,2,8.192,4.096,8.192,4.096,0.00013895450676603452,0.9678488242815259,0.0,0.0
422,Device,Mul,gradient_tape/conv2d_18/kernel/Regularizer/Mul_1,2,8.192,4.096,8.192,4.096,0.00013895450676603452,0.9679877787882919,0.0,0.0
423,Device,Mul,gradient_tape/conv2d_7/kernel/Regularizer/Mul_1,2,8.192,4.096,8.192,4.096,0.00013895450676603452,0.9681267332950579,0.0,0.0
424,Device,ReluGrad,gradient_tape/model/activation_1/ReluGrad,2,8.192,4.096,8.192,4.096,0.00013895450676603452,0.968265687801824,0.0,0.0
425,Device,ReluGrad,gradient_tape/model/activation_13/ReluGrad,2,8.192,4.096,8.192,4.096,0.00013895450676603452,0.96840464230859,0.0,0.0
426,Device,ReluGrad,gradient_tape/model/activation_14/ReluGrad,2,8.192,4.096,8.192,4.096,0.00013895450676603452,0.9685435968153561,0.0,0.0
427,Device,ReluGrad,gradient_tape/model/activation_17/ReluGrad,2,8.192,4.096,8.192,4.096,0.00013895450676603452,0.9686825513221221,0.0,0.0
428,Device,ReluGrad,gradient_tape/model/activation_18/ReluGrad,2,8.192,4.096,8.192,4.096,0.00013895450676603452,0.9688215058288882,0.0,0.0
429,Device,ReluGrad,gradient_tape/model/activation_2/ReluGrad,2,8.192,4.096,8.192,4.096,0.00013895450676603452,0.9689604603356542,0.0,0.0
430,Device,ReluGrad,gradient_tape/model/activation_20/ReluGrad,2,8.192,4.096,8.192,4.096,0.00013895450676603452,0.9690994148424202,0.0,0.0
431,Device,ReluGrad,gradient_tape/model/activation_23/ReluGrad,2,8.192,4.096,8.192,4.096,0.00013895450676603452,0.9692383693491863,0.0,0.0
432,Device,ReluGrad,gradient_tape/model/activation_25/ReluGrad,2,8.192,4.096,8.192,4.096,0.00013895450676603452,0.9693773238559523,0.0,0.0
433,Device,ReluGrad,gradient_tape/model/activation_26/ReluGrad,2,8.192,4.096,8.192,4.096,0.00013895450676603452,0.9695162783627184,0.0,0.0
434,Device,ReluGrad,gradient_tape/model/activation_27/ReluGrad,2,8.192,4.096,8.192,4.096,0.00013895450676603452,0.9696552328694844,0.0,0.0
435,Device,ReluGrad,gradient_tape/model/activation_29/ReluGrad,2,8.192,4.096,8.192,4.096,0.00013895450676603452,0.9697941873762504,0.0,0.0
436,Device,ReluGrad,gradient_tape/model/activation_3/ReluGrad,2,8.192,4.096,8.192,4.096,0.00013895450676603452,0.9699331418830165,0.0,0.0
437,Device,ReluGrad,gradient_tape/model/activation_31/ReluGrad,2,8.192,4.096,8.192,4.096,0.00013895450676603452,0.9700720963897825,0.0,0.0
438,Device,ReluGrad,gradient_tape/model/activation_4/ReluGrad,2,8.192,4.096,8.192,4.096,0.00013895450676603452,0.9702110508965486,0.0,0.0
439,Device,ReluGrad,gradient_tape/model/activation_5/ReluGrad,2,8.192,4.096,8.192,4.096,0.00013895450676603452,0.9703500054033146,0.0,0.0
440,Device,AvgPoolGrad,gradient_tape/model/average_pooling2d/AvgPoolGrad,2,8.192,4.096,8.192,4.096,0.00013895450676603452,0.9704889599100807,0.0,0.0
441,Device,Relu,model/activation_1/Relu,2,8.192,4.096,8.192,4.096,0.00013895450676603452,0.9706279144168467,0.0,0.0
442,Device,Relu,model/activation_2/Relu,2,8.192,4.096,8.192,4.096,0.00013895450676603452,0.9707668689236127,0.0,0.0
443,Device,BiasAdd,model/conv2d_10/BiasAdd,2,8.192,4.096,8.192,4.096,0.00013895450676603452,0.9709058234303788,0.0,0.0
444,Device,BiasAdd,model/conv2d_14/BiasAdd,2,8.192,4.096,8.192,4.096,0.00013895450676603452,0.9710447779371448,0.0,0.0
445,Device,BiasAdd,model/conv2d_23/BiasAdd,2,8.192,4.096,8.192,4.096,0.00013895450676603452,0.9711837324439109,0.0,0.0
446,Device,BiasAdd,model/conv2d_7/BiasAdd,2,8.192,4.096,8.192,4.096,0.00013895450676603452,0.9713226869506769,0.0,0.0
447,Device,BiasAdd,model/conv2d_9/BiasAdd,2,8.192,4.096,8.192,4.096,0.00013895450676603452,0.971461641457443,0.0,0.0
448,Device,BiasAdd,model/conv2d_22/BiasAdd,2,7.169,3.5845,7.169,3.5845,0.00012160215564034441,0.9715832436130833,0.0,0.0
449,Device,ResourceApplyGradientDescent,SGD/SGD/update_115/ResourceApplyGradientDescent,2,7.168,3.584,7.168,3.584,0.00012158519342028021,0.9717048288065037,0.0,0.0
450,Device,ResourceApplyGradientDescent,SGD/SGD/update_127/ResourceApplyGradientDescent,2,7.168,3.584,7.168,3.584,0.00012158519342028021,0.971826413999924,0.0,0.0
451,Device,ResourceApplyGradientDescent,SGD/SGD/update_132/ResourceApplyGradientDescent,2,7.168,3.584,7.168,3.584,0.00012158519342028021,0.9719479991933443,0.0,0.0
452,Device,ResourceApplyGradientDescent,SGD/SGD/update_138/ResourceApplyGradientDescent,2,7.168,3.584,7.168,3.584,0.00012158519342028021,0.9720695843867646,0.0,0.0
453,Device,ResourceApplyGradientDescent,SGD/SGD/update_24/ResourceApplyGradientDescent,2,7.168,3.584,7.168,3.584,0.00012158519342028021,0.9721911695801849,0.0,0.0
454,Device,ResourceApplyGradientDescent,SGD/SGD/update_42/ResourceApplyGradientDescent,2,7.168,3.584,7.168,3.584,0.00012158519342028021,0.9723127547736052,0.0,0.0
455,Device,ResourceApplyGradientDescent,SGD/SGD/update_58/ResourceApplyGradientDescent,2,7.168,3.584,7.168,3.584,0.00012158519342028021,0.9724343399670256,0.0,0.0
456,Device,ResourceApplyGradientDescent,SGD/SGD/update_97/ResourceApplyGradientDescent,2,7.168,3.584,7.168,3.584,0.00012158519342028021,0.9725559251604459,0.0,0.0
457,Device,AddN,SGD/gradients/AddN,2,7.168,3.584,7.168,3.584,0.00012158519342028021,0.9726775103538662,0.0,0.0
458,Device,AddN,SGD/gradients/AddN_1,2,7.168,3.584,7.168,3.584,0.00012158519342028021,0.9727990955472865,0.0,0.0
459,Device,AddN,SGD/gradients/AddN_16,2,7.168,3.584,7.168,3.584,0.00012158519342028021,0.9729206807407068,0.0,0.0
460,Device,AddN,SGD/gradients/AddN_17,2,7.168,3.584,7.168,3.584,0.00012158519342028021,0.9730422659341271,0.0,0.0
461,Device,AddN,SGD/gradients/AddN_20,2,7.168,3.584,7.168,3.584,0.00012158519342028021,0.9731638511275474,0.0,0.0
462,Device,AddN,SGD/gradients/AddN_21,2,7.168,3.584,7.168,3.584,0.00012158519342028021,0.9732854363209678,0.0,0.0
463,Device,AddN,SGD/gradients/AddN_24,2,7.168,3.584,7.168,3.584,0.00012158519342028021,0.9734070215143881,0.0,0.0
464,Device,AddN,SGD/gradients/AddN_3,2,7.168,3.584,7.168,3.584,0.00012158519342028021,0.9735286067078084,0.0,0.0
465,Device,AddN,SGD/gradients/AddN_5,2,7.168,3.584,7.168,3.584,0.00012158519342028021,0.9736501919012287,0.0,0.0
466,Device,AddN,SGD/gradients/AddN_6,2,7.168,3.584,7.168,3.584,0.00012158519342028021,0.973771777094649,0.0,0.0
467,Device,Square,conv2d_4/kernel/Regularizer/Square,2,7.168,3.584,7.168,3.584,0.00012158519342028021,0.9738933622880693,0.0,0.0
468,Device,Square,conv2d_5/kernel/Regularizer/Square,2,7.168,3.584,7.168,3.584,0.00012158519342028021,0.9740149474814896,0.0,0.0
469,Device,Mul,gradient_tape/conv2d/kernel/Regularizer/Mul_1,2,7.168,3.584,7.168,3.584,0.00012158519342028021,0.97413653267491,0.0,0.0
470,Device,Mul,gradient_tape/conv2d_1/kernel/Regularizer/Mul,2,7.168,3.584,7.168,3.584,0.00012158519342028021,0.9742581178683303,0.0,0.0
471,Device,Mul,gradient_tape/conv2d_18/kernel/Regularizer/Mul,2,7.168,3.584,7.168,3.584,0.00012158519342028021,0.9743797030617506,0.0,0.0
472,Device,Mul,gradient_tape/conv2d_3/kernel/Regularizer/Mul_1,2,7.168,3.584,7.168,3.584,0.00012158519342028021,0.9745012882551709,0.0,0.0
473,Device,Mul,gradient_tape/conv2d_5/kernel/Regularizer/Mul_1,2,7.168,3.584,7.168,3.584,0.00012158519342028021,0.9746228734485912,0.0,0.0
474,Device,Mul,gradient_tape/conv2d_7/kernel/Regularizer/Mul,2,7.168,3.584,7.168,3.584,0.00012158519342028021,0.9747444586420115,0.0,0.0
475,Device,ReluGrad,gradient_tape/model/activation_16/ReluGrad,2,7.168,3.584,7.168,3.584,0.00012158519342028021,0.9748660438354319,0.0,0.0
476,Device,ReluGrad,gradient_tape/model/activation_24/ReluGrad,2,7.168,3.584,7.168,3.584,0.00012158519342028021,0.9749876290288522,0.0,0.0
477,Device,ReluGrad,gradient_tape/model/activation_28/ReluGrad,2,7.168,3.584,7.168,3.584,0.00012158519342028021,0.9751092142222725,0.0,0.0
478,Device,ReluGrad,gradient_tape/model/activation_30/ReluGrad,2,7.168,3.584,7.168,3.584,0.00012158519342028021,0.9752307994156928,0.0,0.0
479,Device,Relu,model/activation_4/Relu,2,7.168,3.584,7.168,3.584,0.00012158519342028021,0.9753523846091131,0.0,0.0
480,Device,Relu,model/activation_7/Relu,2,7.168,3.584,7.168,3.584,0.00012158519342028021,0.9754739698025334,0.0,0.0
481,Device,AddV2,model/add_10/add,2,7.168,3.584,7.168,3.584,0.00012158519342028021,0.9755955549959537,0.0,0.0
482,Device,AddV2,model/add_13/add,2,7.168,3.584,7.168,3.584,0.00012158519342028021,0.975717140189374,0.0,0.0
483,Device,AddV2,model/add_14/add,2,7.168,3.584,7.168,3.584,0.00012158519342028021,0.9758387253827944,0.0,0.0
484,Device,AddV2,model/add_4/add,2,7.168,3.584,7.168,3.584,0.00012158519342028021,0.9759603105762147,0.0,0.0
485,Device,AddV2,model/add_7/add,2,7.168,3.584,7.168,3.584,0.00012158519342028021,0.976081895769635,0.0,0.0
486,Device,BiasAdd,model/conv2d_11/BiasAdd,2,7.168,3.584,7.168,3.584,0.00012158519342028021,0.9762034809630553,0.0,0.0
487,Device,BiasAdd,model/conv2d_12/BiasAdd,2,7.168,3.584,7.168,3.584,0.00012158519342028021,0.9763250661564756,0.0,0.0
488,Device,BiasAdd,model/conv2d_18/BiasAdd,2,7.168,3.584,7.168,3.584,0.00012158519342028021,0.9764466513498959,0.0,0.0
489,Device,BiasAdd,model/conv2d_25/BiasAdd,2,7.168,3.584,7.168,3.584,0.00012158519342028021,0.9765682365433163,0.0,0.0
490,Device,BiasAdd,model/conv2d_27/BiasAdd,2,7.168,3.584,7.168,3.584,0.00012158519342028021,0.9766898217367366,0.0,0.0
491,Device,BiasAdd,model/conv2d_30/BiasAdd,2,7.168,3.584,7.168,3.584,0.00012158519342028021,0.9768114069301569,0.0,0.0
492,Device,BiasAdd,model/conv2d_35/BiasAdd,2,7.168,3.584,7.168,3.584,0.00012158519342028021,0.9769329921235772,0.0,0.0
493,Device,AssignAddVariableOp,AssignAddVariableOp_2,2,6.144,3.072,6.144,3.072,0.00010421588007452589,0.9770372080036517,0.0,0.0
494,Device,AssignAddVariableOp,AssignAddVariableOp_3,2,6.144,3.072,6.144,3.072,0.00010421588007452589,0.9771414238837262,0.0,0.0
495,Device,Cast,Cast_1,2,6.144,3.072,6.144,3.072,0.00010421588007452589,0.9772456397638006,0.0,0.0
496,Device,Equal,Equal,2,6.144,3.072,6.144,3.072,0.00010421588007452589,0.9773498556438751,0.0,0.0
497,Device,Mul,Mul,2,6.144,3.072,6.144,3.072,0.00010421588007452589,0.9774540715239496,0.0,0.0
498,Device,ResourceApplyGradientDescent,SGD/SGD/update/ResourceApplyGradientDescent,2,6.144,3.072,6.144,3.072,0.00010421588007452589,0.9775582874040241,0.0,0.0
499,Device,ResourceApplyGradientDescent,SGD/SGD/update_101/ResourceApplyGradientDescent,2,6.144,3.072,6.144,3.072,0.00010421588007452589,0.9776625032840985,0.0,0.0
500,Device,ResourceApplyGradientDescent,SGD/SGD/update_102/ResourceApplyGradientDescent,2,6.144,3.072,6.144,3.072,0.00010421588007452589,0.977766719164173,0.0,0.0
501,Host,IDLE,IDLE,0,153750.107,0.0,153750.107,0.0,0.0,0.0,0.9965025862189315,0.9965025862189315
502,Host,GatherV2,GatherV2,2,174.352,87.176,174.352,87.176,0.0,0.0,0.001130029905686135,0.9976326161246176
503,Host,Dataset,Iterator::Root::ParallelMapV2::Zip[1]::ForeverRepeat,2,51.421,25.7105,47.641,23.8205,0.0,0.0,0.00030877623851056,0.9979413923631282
504,Host,Dataset,Iterator::Root::ParallelMapV2::Zip[0]::FlatMap[1]::Concatenate,2,66.64,33.32,44.91,22.455,0.0,0.0,0.0002910757723706314,0.9982324681354988
505,Host,Dataset,Iterator::Root::ParallelMapV2,2,42.642,21.321,42.642,21.321,0.0,0.0,0.00027637615420682396,0.9985088442897057
506,Host,IteratorGetNext,IteratorGetNext,2,42.42,21.21,42.42,21.21,0.0,0.0,0.0002749373026934354,0.9987837815923991
507,Host,FlushSummaryWriter,FlushSummaryWriter,1,37.7,37.7,37.7,37.7,0.0,0.0,0.0002443455047511201,0.9990281270971503
508,Host,LogicalAnd,LogicalAnd,1,30.6,30.6,30.6,30.6,0.0,0.0,0.0001983281815751797,0.9992264552787254
509,Host,Dataset,Iterator::Root,2,70.422,35.211,27.78,13.89,0.0,0.0,0.000180050878567271,0.9994065061572928
510,Host,GatherV2,GatherV2_1,2,22.65,11.325,22.65,11.325,0.0,0.0,0.0001468017422443732,0.9995533078995371
511,Host,Dataset,Iterator::Root::ParallelMapV2::Zip[0]::FlatMap[1]::Concatenate[0]::TensorSlice,2,21.73,10.865,21.73,10.865,0.0,0.0,0.00014083893417087107,0.9996941468337079
512,Host,WriteSummary,WriteSummary,1,21.28,21.28,21.28,21.28,0.0,0.0,0.00013792234326535374,0.9998320691769733
513,Host,Dataset,Iterator::Root::ParallelMapV2::Zip,2,131.101,65.5505,9.64,4.82,0.0,0.0,6.247985850930498e-05,0.9998945490354826
514,Host,ReadVariableOp,ReadVariableOp,1,5.98,5.98,5.98,5.98,0.0,0.0,3.875825247776388e-05,0.9999333072879604
515,Host,Dataset,Iterator::Root::ParallelMapV2::Zip[1]::ForeverRepeat::FromTensor,4,3.78,0.945,3.78,0.945,0.0,0.0,2.4499363606345727e-05,0.9999578066515667
516,Host,Dataset,Iterator::Root::ParallelMapV2::Zip[0]::FlatMap,2,70.04,35.02,3.4,1.7,0.0,0.0,2.203646461946441e-05,0.9999798431161863
517,Host,Identity,Identity,2,3.11,1.555,3.11,1.555,0.0,0.0,2.0156883813686565e-05,1.0
