Rank,Host/device,Type,Operation,#Occurrences,Total time (us),Avg. time (us),Total self-time (us),Avg. self-time (us),Total self-time on Device (%),Cumulative total-self time on Device (%),Total self-time on Host (%),Cumulative total-self time on Host (%)
1,Device,Conv2DBackpropFilter,gradient_tape/sequential/conv2d_1/Conv2D/Conv2DBackpropFilter,2,38636.561,19318.2805,38636.561,19318.2805,0.06292787013906222,0.06292787013906222,0.0,0.0
2,Device,Conv2DBackpropFilter,gradient_tape/sequential/conv2d_3/Conv2D/Conv2DBackpropFilter,2,31098.894,15549.447,31098.894,15549.447,0.05065117371860454,0.11357904385766676,0.0,0.0
3,Device,_FusedConv2D,sequential/conv2d_1/Relu,2,26275.852,13137.926,26275.852,13137.926,0.042795822393437606,0.15637486625110436,0.0,0.0
4,Device,Conv2DBackpropInput,gradient_tape/sequential/conv2d_1/Conv2D/Conv2DBackpropInput,2,26233.868,13116.934,26233.868,13116.934,0.042727442505799094,0.19910230875690346,0.0,0.0
5,Device,Conv2DBackpropFilter,gradient_tape/sequential/conv2d_2/Conv2D/Conv2DBackpropFilter,2,21033.992,10516.996,21033.992,10516.996,0.03425833673659706,0.23336064549350052,0.0,0.0
6,Device,_FusedConv2D,sequential/conv2d_3/Relu,2,19605.512,9802.756,19605.512,9802.756,0.03193175275475024,0.2652923982482508,0.0,0.0
7,Device,Conv2DBackpropInput,gradient_tape/sequential/conv2d_3/Conv2D/Conv2DBackpropInput,2,19537.928,9768.964,19537.928,9768.964,0.03182167781367362,0.2971140760619244,0.0,0.0
8,Device,MaxPoolGrad,gradient_tape/sequential/max_pooling2d/MaxPool/MaxPoolGrad,2,17635.335,8817.6675,17635.335,8817.6675,0.02872289981343988,0.3258369758753643,0.0,0.0
9,Device,_FusedConv2D,sequential/conv2d_6/Relu,2,15805.446,7902.723,15805.446,7902.723,0.025742535764970393,0.3515795116403347,0.0,0.0
10,Device,_FusedConv2D,sequential/conv2d_5/Relu,2,15774.726,7887.363,15774.726,7887.363,0.025692501700844656,0.3772720133411793,0.0,0.0
11,Device,Conv2DBackpropInput,gradient_tape/sequential/conv2d_6/Conv2D/Conv2DBackpropInput,2,15657.992,7828.996,15657.992,7828.996,0.0255023755145929,0.4027743888557722,0.0,0.0
12,Device,Conv2DBackpropInput,gradient_tape/sequential/conv2d_5/Conv2D/Conv2DBackpropInput,2,15646.726,7823.363,15646.726,7823.363,0.02548402643365408,0.4282584152894263,0.0,0.0
13,Device,Conv2DBackpropFilter,gradient_tape/sequential/conv2d_6/Conv2D/Conv2DBackpropFilter,2,15589.382,7794.691,15589.382,7794.691,0.0253906295139527,0.45364904480337903,0.0,0.0
14,Device,Conv2DBackpropFilter,gradient_tape/sequential/conv2d_5/Conv2D/Conv2DBackpropFilter,2,15586.312,7793.156,15586.312,7793.156,0.02538562936496618,0.4790346741683452,0.0,0.0
15,Device,ReluGrad,gradient_tape/sequential/conv2d/ReluGrad,2,14577.671,7288.8355,14577.671,7288.8355,0.02374284263079142,0.5027775167991366,0.0,0.0
16,Device,ReluGrad,gradient_tape/sequential/conv2d_1/ReluGrad,2,14497.798,7248.899,14497.798,7248.899,0.023612752435351478,0.5263902692344881,0.0,0.0
17,Device,Conv2DBackpropFilter,gradient_tape/sequential/conv2d_9/Conv2D/Conv2DBackpropFilter,2,12327.942,6163.971,12327.942,6163.971,0.02007867970593684,0.5464689489404249,0.0,0.0
18,Device,Conv2DBackpropFilter,gradient_tape/sequential/conv2d_8/Conv2D/Conv2DBackpropFilter,2,12200.964,6100.482,12200.964,6100.482,0.01987186898345774,0.5663408179238826,0.0,0.0
19,Device,_FusedConv2D,sequential/conv2d_8/Relu,2,11842.566,5921.283,11842.566,5921.283,0.019288141492750183,0.5856289594166327,0.0,0.0
20,Device,Conv2DBackpropFilter,gradient_tape/sequential/conv2d/Conv2D/Conv2DBackpropFilter,2,11785.221,5892.6105,11785.221,5892.6105,0.019194742944335777,0.6048237023609685,0.0,0.0
21,Device,_FusedConv2D,sequential/conv2d_9/Relu,2,11715.588,5857.794,11715.588,5857.794,0.01908133077027108,0.6239050331312396,0.0,0.0
22,Device,Conv2DBackpropInput,gradient_tape/sequential/conv2d_9/Conv2D/Conv2DBackpropInput,2,11611.14,5805.57,11611.14,5805.57,0.018911214952243568,0.6428162480834831,0.0,0.0
23,Device,_FusedConv2D,sequential/conv2d_2/Relu,2,11553.798,5776.899,11553.798,5776.899,0.018817821289968242,0.6616340693734514,0.0,0.0
24,Device,Conv2DBackpropInput,gradient_tape/sequential/conv2d_8/Conv2D/Conv2DBackpropInput,2,11527.174,5763.587,11527.174,5763.587,0.018774458434392603,0.680408527807844,0.0,0.0
25,Device,IDLE,IDLE,0,10948.261,0.0,10948.261,0.0,0.017831575290993405,0.6982401030988374,0.0,0.0
26,Device,Conv2DBackpropInput,gradient_tape/sequential/conv2d_2/Conv2D/Conv2DBackpropInput,2,10891.27,5445.635,10891.27,5445.635,0.017738753306989825,0.7159788564058273,0.0,0.0
27,Device,Conv2DBackpropFilter,gradient_tape/sequential/conv2d_4/Conv2D/Conv2DBackpropFilter,2,9952.262,4976.131,9952.262,4976.131,0.016209378746879763,0.732188235152707,0.0,0.0
28,Device,_FusedConv2D,sequential/conv2d_4/Relu,2,9559.045,4779.5225,9559.045,4779.5225,0.015568941097357292,0.7477571762500643,0.0,0.0
29,Device,Conv2DBackpropInput,gradient_tape/sequential/conv2d_4/Conv2D/Conv2DBackpropInput,2,9184.26,4592.13,9184.26,4592.13,0.014958523886310263,0.7627157001363746,0.0,0.0
30,Device,_Send,IteratorGetNext/_1,2,8396.42,4198.21,8396.42,4198.21,0.013675358616752271,0.7763910587531269,0.0,0.0
31,Device,ReluGrad,gradient_tape/sequential/conv2d_2/ReluGrad,2,7238.658,3619.329,7238.658,3619.329,0.011789696567587467,0.7881807553207143,0.0,0.0
32,Device,ReluGrad,gradient_tape/sequential/conv2d_3/ReluGrad,2,7237.634,3618.817,7237.634,3618.817,0.011788028765449942,0.7999687840861642,0.0,0.0
33,Device,_FusedConv2D,sequential/conv2d_7/Relu,2,7225.346,3612.673,7225.346,3612.673,0.011768015139799646,0.8117367992259639,0.0,0.0
34,Device,Conv2DBackpropFilter,gradient_tape/sequential/conv2d_7/Conv2D/Conv2DBackpropFilter,2,6971.396,3485.698,6971.396,3485.698,0.011354403467119595,0.8230912026930834,0.0,0.0
35,Device,Conv2DBackpropInput,gradient_tape/sequential/conv2d_7/Conv2D/Conv2DBackpropInput,2,6744.066,3372.033,6744.066,3372.033,0.010984148135163083,0.8340753508282466,0.0,0.0
36,Device,MaxPool,sequential/max_pooling2d/MaxPool,2,5385.218,2692.609,5385.218,2692.609,0.008770974698667935,0.8428463255269145,0.0,0.0
37,Device,_FusedConv2D,sequential/conv2d/Relu,2,5222.402,2611.201,5222.402,2611.201,0.008505794158801525,0.851352119685716,0.0,0.0
38,Device,MaxPoolGrad,gradient_tape/sequential/max_pooling2d_1/MaxPool/MaxPoolGrad,2,5212.162,2606.081,5212.162,2606.081,0.008489116137426278,0.8598412358231423,0.0,0.0
39,Device,BiasAddGrad,gradient_tape/sequential/conv2d_1/BiasAdd/BiasAddGrad,2,4166.657,2083.3285,4166.657,2083.3285,0.006786288526300634,0.8666275243494429,0.0,0.0
40,Device,BiasAddGrad,gradient_tape/sequential/conv2d/BiasAdd/BiasAddGrad,2,4163.586,2081.793,4163.586,2081.793,0.006781286748601085,0.873408811098044,0.0,0.0
41,Device,Conv2DBackpropFilter,gradient_tape/sequential/conv2d_12/Conv2D/Conv2DBackpropFilter,2,3653.634,1826.817,3653.634,1826.817,0.005950721284113832,0.8793595323821578,0.0,0.0
42,Device,Conv2DBackpropFilter,gradient_tape/sequential/conv2d_11/Conv2D/Conv2DBackpropFilter,2,3648.514,1824.257,3648.514,1824.257,0.00594238227342621,0.885301914655584,0.0,0.0
43,Device,Conv2DBackpropFilter,gradient_tape/sequential/conv2d_10/Conv2D/Conv2DBackpropFilter,2,3643.392,1821.696,3643.392,1821.696,0.005934040005312537,0.8912359546608966,0.0,0.0
44,Device,ReluGrad,gradient_tape/sequential/conv2d_6/ReluGrad,2,3574.786,1787.393,3574.786,1787.393,0.005822300519524438,0.897058255180421,0.0,0.0
45,Device,ReluGrad,gradient_tape/sequential/conv2d_4/ReluGrad,2,3556.354,1778.177,3556.354,1778.177,0.005792280081048995,0.9028505352614701,0.0,0.0
46,Device,ReluGrad,gradient_tape/sequential/conv2d_5/ReluGrad,2,3540.992,1770.496,3540.992,1770.496,0.0057672597915600764,0.9086177950530302,0.0,0.0
47,Device,_FusedConv2D,sequential/conv2d_11/Relu,2,3249.154,1624.577,3249.154,1624.577,0.005291939439791614,0.9139097344928218,0.0,0.0
48,Device,_FusedConv2D,sequential/conv2d_12/Relu,2,3248.13,1624.065,3248.13,1624.065,0.00529027163765409,0.9192000061304758,0.0,0.0
49,Device,_FusedConv2D,sequential/conv2d_10/Relu,2,3247.105,1623.5525,3247.105,1623.5525,0.00528860220680354,0.9244886083372793,0.0,0.0
50,Device,Conv2DBackpropInput,gradient_tape/sequential/conv2d_10/Conv2D/Conv2DBackpropInput,2,3189.762,1594.881,3189.762,1594.881,0.0051952069158151875,0.9296838152530945,0.0,0.0
51,Device,Conv2DBackpropInput,gradient_tape/sequential/conv2d_12/Conv2D/Conv2DBackpropInput,2,3185.666,1592.833,3185.666,1592.833,0.00518853570726509,0.9348723509603596,0.0,0.0
52,Device,Conv2DBackpropInput,gradient_tape/sequential/conv2d_11/Conv2D/Conv2DBackpropInput,2,3185.665,1592.8325,3185.665,1592.8325,0.005188534078552064,0.9400608850389116,0.0,0.0
53,Device,MaxPool,sequential/max_pooling2d_1/MaxPool,2,2653.185,1326.5925,2653.185,1326.5925,0.0043212769670392705,0.9443821620059509,0.0,0.0
54,Device,MaxPoolGrad,gradient_tape/sequential/max_pooling2d_2/MaxPool/MaxPoolGrad,2,2536.45,1268.225,2536.45,1268.225,0.004131149152074491,0.9485133111580254,0.0,0.0
55,Device,BiasAddGrad,gradient_tape/sequential/conv2d_3/BiasAdd/BiasAddGrad,2,2103.298,1051.649,2103.298,1051.649,0.0034256688479015833,0.951938980005927,0.0,0.0
56,Device,BiasAddGrad,gradient_tape/sequential/conv2d_2/BiasAdd/BiasAddGrad,2,2093.057,1046.5285,2093.057,1046.5285,0.0034089891978133125,0.9553479692037403,0.0,0.0
57,Device,ReluGrad,gradient_tape/sequential/conv2d_8/ReluGrad,2,1780.738,890.369,1780.738,890.369,0.0029003111745813342,0.9582482803783217,0.0,0.0
58,Device,ReluGrad,gradient_tape/sequential/conv2d_9/ReluGrad,2,1765.378,882.689,1765.378,882.689,0.002875294142518465,0.9611235745208401,0.0,0.0
59,Device,ReluGrad,gradient_tape/sequential/conv2d_7/ReluGrad,2,1765.376,882.688,1765.376,882.688,0.002875290885092415,0.9639988654059325,0.0,0.0
60,Device,ResourceApplyGradientDescent,SGD/SGD/update_26/ResourceApplyGradientDescent,2,1689.6,844.8,1689.6,844.8,0.0027518735269155942,0.9667507389328481,0.0,0.0
61,Device,MatMul,gradient_tape/sequential/dense/MatMul/MatMul,2,1461.25,730.625,1461.25,730.625,0.002379956907673658,0.9691306958405218,0.0,0.0
62,Device,MatMul,gradient_tape/sequential/dense/MatMul/MatMul_1,2,1384.448,692.224,1384.448,692.224,0.002254868489933263,0.9713855643304551,0.0,0.0
63,Device,MaxPool,sequential/max_pooling2d_2/MaxPool,2,1351.682,675.841,1351.682,675.841,0.0022015020789585256,0.9735870664094136,0.0,0.0
64,Device,MatMul,sequential/dense/MatMul,2,1343.488,671.744,1343.488,671.744,0.002188156404432279,0.9757752228138459,0.0,0.0
65,Device,MaxPoolGrad,gradient_tape/sequential/max_pooling2d_3/MaxPool/MaxPoolGrad,2,1297.408,648.704,1297.408,648.704,0.0021131053082436716,0.9778883281220896,0.0,0.0
66,Device,BiasAddGrad,gradient_tape/sequential/conv2d_6/BiasAdd/BiasAddGrad,2,1057.792,528.896,1057.792,528.896,0.0017228396080629146,0.9796111677301526,0.0,0.0
67,Device,BiasAddGrad,gradient_tape/sequential/conv2d_5/BiasAdd/BiasAddGrad,2,1056.768,528.384,1056.768,528.384,0.00172117180592539,0.9813323395360779,0.0,0.0
68,Device,BiasAddGrad,gradient_tape/sequential/conv2d_4/BiasAdd/BiasAddGrad,2,1055.744,527.872,1055.744,527.872,0.0017195040037878654,0.9830518435398657,0.0,0.0
69,Device,ResourceApplyGradientDescent,SGD/SGD/update_28/ResourceApplyGradientDescent,2,847.872,423.936,847.872,423.936,0.001380940169870371,0.9844327837097361,0.0,0.0
70,Device,MaxPoolGrad,gradient_tape/sequential/max_pooling2d_4/MaxPool/MaxPoolGrad,2,779.264,389.632,779.264,389.632,0.0012691974266562226,0.9857019811363923,0.0,0.0
71,Device,MaxPool,sequential/max_pooling2d_3/MaxPool,2,723.969,361.9845,723.969,361.9845,0.0011791377399429192,0.9868811188763352,0.0,0.0
72,Device,MatMul,gradient_tape/sequential/dense_1/MatMul/MatMul_1,2,691.2,345.6,691.2,345.6,0.001125766442829107,0.9880068853191644,0.0,0.0
73,Device,MatMul,sequential/dense_1/MatMul,2,677.888,338.944,677.888,338.944,0.001104085015041287,0.9891109703342057,0.0,0.0
74,Device,MatMul,gradient_tape/sequential/dense_1/MatMul/MatMul,2,673.792,336.896,673.792,336.896,0.0010974138064911887,0.9902083841406969,0.0,0.0
75,Device,BiasAddGrad,gradient_tape/sequential/conv2d_7/BiasAdd/BiasAddGrad,2,580.608,290.304,580.608,290.304,0.0009456438119764496,0.9911540279526734,0.0,0.0
76,Device,BiasAddGrad,gradient_tape/sequential/conv2d_9/BiasAdd/BiasAddGrad,2,568.32,284.16,568.32,284.16,0.0009256301863261546,0.9920796581389996,0.0,0.0
77,Device,BiasAddGrad,gradient_tape/sequential/conv2d_8/BiasAdd/BiasAddGrad,2,567.296,283.648,567.296,283.648,0.00092396238418863,0.9930036205231882,0.0,0.0
78,Device,Transpose,gradient_tape/sequential/conv2d/Conv2D/Conv2DBackpropFilter-0-TransposeNHWCToNCHW-LayoutOptimizer,2,483.328,241.664,483.328,241.664,0.0007872026089116124,0.9937908231320999,0.0,0.0
79,Device,ReluGrad,gradient_tape/sequential/conv2d_10/ReluGrad,2,439.296,219.648,439.296,219.648,0.0007154871169980546,0.994506310249098,0.0,0.0
80,Device,ReluGrad,gradient_tape/sequential/conv2d_11/ReluGrad,2,434.176,217.088,434.176,217.088,0.0007071481063104316,0.9952134583554084,0.0,0.0
81,Device,ReluGrad,gradient_tape/sequential/conv2d_12/ReluGrad,2,433.152,216.576,433.152,216.576,0.0007054803041729069,0.9959189386595814,0.0,0.0
82,Device,MaxPool,sequential/max_pooling2d_4/MaxPool,2,188.416,94.208,188.416,94.208,0.0003068755933045269,0.9962258142528859,0.0,0.0
83,Device,SoftmaxCrossEntropyWithLogits,categorical_crossentropy/softmax_cross_entropy_with_logits,2,152.576,76.288,152.576,76.288,0.0002485025184911658,0.9964743167713771,0.0,0.0
84,Device,BiasAddGrad,gradient_tape/sequential/conv2d_11/BiasAdd/BiasAddGrad,2,149.504,74.752,149.504,74.752,0.00024349911207859198,0.9967178158834556,0.0,0.0
85,Device,BiasAddGrad,gradient_tape/sequential/conv2d_10/BiasAdd/BiasAddGrad,2,148.48,74.24,148.48,74.24,0.00024183130994106738,0.9969596471933967,0.0,0.0
86,Device,BiasAddGrad,gradient_tape/sequential/conv2d_12/BiasAdd/BiasAddGrad,2,148.48,74.24,148.48,74.24,0.00024183130994106738,0.9972014785033377,0.0,0.0
87,Device,ResourceApplyGradientDescent,SGD/SGD/update_18/ResourceApplyGradientDescent,2,128.0,64.0,128.0,64.0,0.00020847526719057534,0.9974099537705283,0.0,0.0
88,Device,ResourceApplyGradientDescent,SGD/SGD/update_16/ResourceApplyGradientDescent,2,125.952,62.976,125.952,62.976,0.00020513966291552615,0.9976150934334439,0.0,0.0
89,Device,ResourceApplyGradientDescent,SGD/SGD/update_22/ResourceApplyGradientDescent,2,123.905,61.9525,123.905,61.9525,0.00020180568735350186,0.9978168991207974,0.0,0.0
90,Device,ResourceApplyGradientDescent,SGD/SGD/update_20/ResourceApplyGradientDescent,2,122.88,61.44,122.88,61.44,0.00020013625650295232,0.9980170353773004,0.0,0.0
91,Device,ResourceApplyGradientDescent,SGD/SGD/update_24/ResourceApplyGradientDescent,2,120.832,60.416,120.832,60.416,0.0001968006522279031,0.9982138360295283,0.0,0.0
92,Device,Transpose,gradient_tape/sequential/max_pooling2d_4/MaxPool/MaxPoolGrad-2-TransposeNHWCToNCHW-LayoutOptimizer,2,72.704,36.352,72.704,36.352,0.00011841395176424678,0.9983322499812926,0.0,0.0
93,Device,Transpose,sequential/max_pooling2d_4/MaxPool-0-2-TransposeNCHWToNHWC-LayoutOptimizer,2,71.68,35.84,71.68,35.84,0.00011674614962672221,0.9984489961309193,0.0,0.0
94,Device,ResourceApplyGradientDescent,SGD/SGD/update_14/ResourceApplyGradientDescent,2,68.608,34.304,68.608,34.304,0.00011174274321414839,0.9985607388741334,0.0,0.0
95,Device,MatMul,sequential/dense_2/MatMul,2,61.44,30.72,61.44,30.72,0.00010006812825147616,0.9986608070023849,0.0,0.0
96,Device,ReluGrad,gradient_tape/sequential/dense/ReluGrad,2,58.368,29.184,58.368,29.184,9.506472183890235e-05,0.9987558717242239,0.0,0.0
97,Device,ReluGrad,gradient_tape/sequential/dense_1/ReluGrad,2,53.248,26.624,53.248,26.624,8.672571115127934e-05,0.9988425974353752,0.0,0.0
98,Device,MatMul,gradient_tape/sequential/dense_2/MatMul/MatMul,2,39.936,19.968,39.936,19.968,6.504428336345951e-05,0.9989076417187387,0.0,0.0
99,Device,MatMul,gradient_tape/sequential/dense_2/MatMul/MatMul_1,2,38.912,19.456,38.912,19.456,6.33764812259349e-05,0.9989710181999646,0.0,0.0
100,Device,ArgMax,ArgMax,2,34.816,17.408,34.816,17.408,5.67052726758365e-05,0.9990277234726405,0.0,0.0
101,Device,ResourceApplyGradientDescent,SGD/SGD/update_10/ResourceApplyGradientDescent,2,34.816,17.408,34.816,17.408,5.67052726758365e-05,0.9990844287453163,0.0,0.0
102,Device,ResourceApplyGradientDescent,SGD/SGD/update_12/ResourceApplyGradientDescent,2,34.816,17.408,34.816,17.408,5.67052726758365e-05,0.9991411340179922,0.0,0.0
103,Device,BiasAddGrad,gradient_tape/sequential/dense/BiasAdd/BiasAddGrad,2,30.72,15.36,30.72,15.36,5.003406412573808e-05,0.9991911680821179,0.0,0.0
104,Device,BiasAddGrad,gradient_tape/sequential/dense_1/BiasAdd/BiasAddGrad,2,30.72,15.36,30.72,15.36,5.003406412573808e-05,0.9992412021462437,0.0,0.0
105,Device,ResourceApplyGradientDescent,SGD/SGD/update_30/ResourceApplyGradientDescent,2,25.6,12.8,25.6,12.8,4.169505343811507e-05,0.9992828971996818,0.0,0.0
106,Device,ArgMax,ArgMax_1,2,22.528,11.264,22.528,11.264,3.669164702554126e-05,0.9993195888467074,0.0,0.0
107,Device,Softmax,sequential/dense_2/Softmax,2,22.528,11.264,22.528,11.264,3.669164702554126e-05,0.9993562804937329,0.0,0.0
108,Device,ResourceApplyGradientDescent,SGD/SGD/update_8/ResourceApplyGradientDescent,2,21.504,10.752,21.504,10.752,3.502384488801666e-05,0.999391304338621,0.0,0.0
109,Device,_Send,IteratorGetNext/_3,2,18.656,9.328,18.656,9.328,3.0385270193026354e-05,0.9994216896088141,0.0,0.0
110,Device,Relu,sequential/dense/Relu,2,15.36,7.68,15.36,7.68,2.501703206286904e-05,0.999446706640877,0.0,0.0
111,Device,BiasAdd,sequential/dense_1/BiasAdd,2,15.36,7.68,15.36,7.68,2.501703206286904e-05,0.9994717236729399,0.0,0.0
112,Device,BiasAdd,sequential/dense/BiasAdd,2,14.336,7.168,14.336,7.168,2.334922992534444e-05,0.9994950729028652,0.0,0.0
113,Device,ResourceApplyGradientDescent,SGD/SGD/update_6/ResourceApplyGradientDescent,2,13.312,6.656,13.312,6.656,2.1681427787819834e-05,0.999516754330653,0.0,0.0
114,Device,Relu,sequential/dense_1/Relu,2,13.312,6.656,13.312,6.656,2.1681427787819834e-05,0.9995384357584408,0.0,0.0
115,Device,ResourceApplyGradientDescent,SGD/SGD/update_4/ResourceApplyGradientDescent,2,10.24,5.12,10.24,5.12,1.6678021375246027e-05,0.9995551137798161,0.0,0.0
116,Device,ResourceApplyGradientDescent,SGD/SGD/update_15/ResourceApplyGradientDescent,2,8.192,4.096,8.192,4.096,1.3342417100196823e-05,0.9995684561969163,0.0,0.0
117,Device,ResourceApplyGradientDescent,SGD/SGD/update_2/ResourceApplyGradientDescent,2,8.192,4.096,8.192,4.096,1.3342417100196823e-05,0.9995817986140164,0.0,0.0
118,Device,ResourceApplyGradientDescent,SGD/SGD/update_27/ResourceApplyGradientDescent,2,8.192,4.096,8.192,4.096,1.3342417100196823e-05,0.9995951410311166,0.0,0.0
119,Device,ResourceApplyGradientDescent,SGD/SGD/update_29/ResourceApplyGradientDescent,2,8.192,4.096,8.192,4.096,1.3342417100196823e-05,0.9996084834482167,0.0,0.0
120,Device,Cast,Cast,2,7.168,3.584,7.168,3.584,1.167461496267222e-05,0.9996201580631794,0.0,0.0
121,Device,Cast,Cast_1,2,7.168,3.584,7.168,3.584,1.167461496267222e-05,0.999631832678142,0.0,0.0
122,Device,ResourceApplyGradientDescent,SGD/SGD/update/ResourceApplyGradientDescent,2,7.168,3.584,7.168,3.584,1.167461496267222e-05,0.9996435072931047,0.0,0.0
123,Device,ResourceApplyGradientDescent,SGD/SGD/update_1/ResourceApplyGradientDescent,2,7.168,3.584,7.168,3.584,1.167461496267222e-05,0.9996551819080673,0.0,0.0
124,Device,ResourceApplyGradientDescent,SGD/SGD/update_21/ResourceApplyGradientDescent,2,7.168,3.584,7.168,3.584,1.167461496267222e-05,0.99966685652303,0.0,0.0
125,Device,ResourceApplyGradientDescent,SGD/SGD/update_23/ResourceApplyGradientDescent,2,7.168,3.584,7.168,3.584,1.167461496267222e-05,0.9996785311379927,0.0,0.0
126,Device,ResourceApplyGradientDescent,SGD/SGD/update_9/ResourceApplyGradientDescent,2,7.168,3.584,7.168,3.584,1.167461496267222e-05,0.9996902057529553,0.0,0.0
127,Device,Sum,Sum_2,2,7.168,3.584,7.168,3.584,1.167461496267222e-05,0.999701880367918,0.0,0.0
128,Device,BiasAdd,sequential/dense_2/BiasAdd,2,7.168,3.584,7.168,3.584,1.167461496267222e-05,0.9997135549828806,0.0,0.0
129,Device,AssignAddVariableOp,AssignAddVariableOp_1,2,6.144,3.072,6.144,3.072,1.0006812825147617e-05,0.9997235617957058,0.0,0.0
130,Device,AssignAddVariableOp,AssignAddVariableOp_2,2,6.144,3.072,6.144,3.072,1.0006812825147617e-05,0.9997335686085309,0.0,0.0
131,Device,AssignAddVariableOp,AssignAddVariableOp_3,2,6.144,3.072,6.144,3.072,1.0006812825147617e-05,0.9997435754213561,0.0,0.0
132,Device,AssignAddVariableOp,AssignAddVariableOp_4,2,6.144,3.072,6.144,3.072,1.0006812825147617e-05,0.9997535822341812,0.0,0.0
133,Device,Equal,Equal,2,6.144,3.072,6.144,3.072,1.0006812825147617e-05,0.9997635890470064,0.0,0.0
134,Device,Mul,Mul,2,6.144,3.072,6.144,3.072,1.0006812825147617e-05,0.9997735958598315,0.0,0.0
135,Device,AssignAddVariableOp,SGD/SGD/AssignAddVariableOp,2,6.144,3.072,6.144,3.072,1.0006812825147617e-05,0.9997836026726566,0.0,0.0
136,Device,ResourceApplyGradientDescent,SGD/SGD/update_11/ResourceApplyGradientDescent,2,6.144,3.072,6.144,3.072,1.0006812825147617e-05,0.9997936094854818,0.0,0.0
137,Device,ResourceApplyGradientDescent,SGD/SGD/update_13/ResourceApplyGradientDescent,2,6.144,3.072,6.144,3.072,1.0006812825147617e-05,0.9998036162983069,0.0,0.0
138,Device,ResourceApplyGradientDescent,SGD/SGD/update_17/ResourceApplyGradientDescent,2,6.144,3.072,6.144,3.072,1.0006812825147617e-05,0.9998136231111321,0.0,0.0
139,Device,ResourceApplyGradientDescent,SGD/SGD/update_19/ResourceApplyGradientDescent,2,6.144,3.072,6.144,3.072,1.0006812825147617e-05,0.9998236299239572,0.0,0.0
140,Device,ResourceApplyGradientDescent,SGD/SGD/update_25/ResourceApplyGradientDescent,2,6.144,3.072,6.144,3.072,1.0006812825147617e-05,0.9998336367367824,0.0,0.0
141,Device,ResourceApplyGradientDescent,SGD/SGD/update_3/ResourceApplyGradientDescent,2,6.144,3.072,6.144,3.072,1.0006812825147617e-05,0.9998436435496075,0.0,0.0
142,Device,ResourceApplyGradientDescent,SGD/SGD/update_31/ResourceApplyGradientDescent,2,6.144,3.072,6.144,3.072,1.0006812825147617e-05,0.9998536503624327,0.0,0.0
143,Device,ResourceApplyGradientDescent,SGD/SGD/update_5/ResourceApplyGradientDescent,2,6.144,3.072,6.144,3.072,1.0006812825147617e-05,0.9998636571752578,0.0,0.0
144,Device,ResourceApplyGradientDescent,SGD/SGD/update_7/ResourceApplyGradientDescent,2,6.144,3.072,6.144,3.072,1.0006812825147617e-05,0.999873663988083,0.0,0.0
145,Device,Sum,categorical_crossentropy/weighted_loss/Sum,2,6.144,3.072,6.144,3.072,1.0006812825147617e-05,0.9998836708009081,0.0,0.0
146,Device,DivNoNan,categorical_crossentropy/weighted_loss/value,2,6.144,3.072,6.144,3.072,1.0006812825147617e-05,0.9998936776137333,0.0,0.0
147,Device,DivNoNan,div_no_nan_1,2,6.144,3.072,6.144,3.072,1.0006812825147617e-05,0.9999036844265584,0.0,0.0
148,Device,Mul,gradient_tape/categorical_crossentropy/softmax_cross_entropy_with_logits/mul,2,6.144,3.072,6.144,3.072,1.0006812825147617e-05,0.9999136912393836,0.0,0.0
149,Device,Tile,gradient_tape/categorical_crossentropy/weighted_loss/Tile_1,2,6.144,3.072,6.144,3.072,1.0006812825147617e-05,0.9999236980522087,0.0,0.0
150,Device,DivNoNan,gradient_tape/categorical_crossentropy/weighted_loss/value/div_no_nan,2,6.144,3.072,6.144,3.072,1.0006812825147617e-05,0.9999337048650339,0.0,0.0
151,Device,BiasAddGrad,gradient_tape/sequential/dense_2/BiasAdd/BiasAddGrad,2,6.144,3.072,6.144,3.072,1.0006812825147617e-05,0.999943711677859,0.0,0.0
152,Device,_Recv,categorical_crossentropy/weighted_loss/num_elements/_14,2,5.344,2.672,5.344,2.672,8.703842405206521e-06,0.9999524155202643,0.0,0.0
153,Device,AssignAddVariableOp,AssignAddVariableOp,2,5.12,2.56,5.12,2.56,8.339010687623014e-06,0.9999607545309519,0.0,0.0
154,Device,Cast,Cast_2,2,5.12,2.56,5.12,2.56,8.339010687623014e-06,0.9999690935416395,0.0,0.0
155,Device,Cast,categorical_crossentropy/weighted_loss/num_elements/Cast,2,5.12,2.56,5.12,2.56,8.339010687623014e-06,0.9999774325523272,0.0,0.0
156,Device,DivNoNan,div_no_nan,2,5.12,2.56,5.12,2.56,8.339010687623014e-06,0.9999857715630148,0.0,0.0
157,Device,_Recv,Size/_16,2,3.616,1.808,3.616,1.808,5.8894262981337535e-06,0.9999916609893129,0.0,0.0
158,Device,LogicalAnd,LogicalAnd,1,3.072,3.072,3.072,3.072,5.003406412573808e-06,0.9999966643957255,0.0,0.0
159,Device,_Recv,strided_slice/_12,2,2.048,1.024,2.048,1.024,3.3356042750492057e-06,1.0000000000000007,0.0,0.0
160,Host,IDLE,IDLE,0,2448878.042,0.0,2448878.042,0.0,0.0,0.0,0.9773473493492795,0.9773473493492795
161,Host,GatherV2,GatherV2,2,31598.812,15799.406,31598.812,15799.406,0.0,0.0,0.01261108745356875,0.9899584368028482
162,Host,_Send,IteratorGetNext/_3,2,13220.779,6610.3895,13220.779,6610.3895,0.0,0.0,0.005276413561791665,0.9952348503646399
163,Host,_Send,IteratorGetNext/_1,2,10752.903,5376.4515,10752.903,5376.4515,0.0,0.0,0.004291484126452025,0.9995263344910919
164,Host,Dataset,Iterator::Root,2,715.438,357.719,667.797,333.8985,0.0,0.0,0.0002665178161834328,0.9997928523072753
165,Host,_Send,IteratorGetNext/_6,2,100.951,50.4755,100.951,50.4755,0.0,0.0,4.0289549161696924e-05,0.999833141856437
166,Host,GatherV2,GatherV2_1,2,90.031,45.0155,90.031,45.0155,0.0,0.0,3.5931376614166636e-05,0.9998690732330512
167,Host,Dataset,Iterator::Root::ParallelMapV2::Zip[1]::ForeverRepeat,2,53.221,26.6105,49.401,24.7005,0.0,0.0,1.9715941576972888e-05,0.9998887891746282
168,Host,Dataset,Iterator::Root::ParallelMapV2,2,47.641,23.8205,47.641,23.8205,0.0,0.0,1.9013525488726245e-05,0.9999078027001169
169,Host,IteratorGetNext,IteratorGetNext,2,40.891,20.4455,40.891,20.4455,0.0,0.0,1.6319600150280323e-05,0.9999241223002672
170,Host,FlushSummaryWriter,FlushSummaryWriter,1,36.651,36.651,36.651,36.651,0.0,0.0,1.4627415937686148e-05,0.9999387497162049
171,Host,WriteSummary,WriteSummary,1,34.63,34.63,34.63,34.63,0.0,0.0,1.382083473635293e-05,0.9999525705509412
172,Host,LogicalAnd,LogicalAnd,1,31.451,31.451,31.451,31.451,0.0,0.0,1.2552095676957437e-05,0.9999651226466182
173,Host,Dataset,Iterator::Root::ParallelMapV2::Zip[0]::FlatMap[1]::Concatenate[0]::TensorSlice,2,21.25,10.625,21.25,10.625,0.0,0.0,8.480876065477903e-06,0.9999736035226837
174,Host,_HostSend,categorical_crossentropy/softmax_cross_entropy_with_logits/Shape_2/_9,2,20.96,10.48,20.96,10.48,0.0,0.0,8.365137050937263e-06,0.9999819686597347
175,Host,Dataset,Iterator::Root::ParallelMapV2::Zip[0]::FlatMap[1]::Concatenate,2,37.16,18.58,15.91,7.955,0.0,0.0,6.349681797729573e-06,0.9999883183415323
176,Host,Dataset,Iterator::Root::ParallelMapV2::Zip,2,105.561,52.7805,10.38,5.19,0.0,0.0,4.142658520454618e-06,0.9999924610000528
177,Host,ReadVariableOp,ReadVariableOp,1,7.27,7.27,7.27,7.27,0.0,0.0,2.901457364518793e-06,0.9999953624574173
178,Host,Dataset,Iterator::Root::ParallelMapV2::Zip[0]::FlatMap,2,41.96,20.98,4.8,2.4,0.0,0.0,1.9156802406726556e-06,0.9999972781376579
179,Host,Dataset,Iterator::Root::ParallelMapV2::Zip[1]::ForeverRepeat::FromTensor,4,3.82,0.955,3.82,0.955,0.0,0.0,1.5245621915353216e-06,0.9999988026998494
180,Host,Identity,Identity,2,3.0,1.5,3.0,1.5,0.0,0.0,1.1973001504204098e-06,0.9999999999999999
