Rank,Host/device,Type,Operation,#Occurrences,Total time (us),Avg. time (us),Total self-time (us),Avg. self-time (us),Total self-time on Device (%),Cumulative total-self time on Device (%),Total self-time on Host (%),Cumulative total-self time on Host (%)
1,Device,IDLE,IDLE,0,15008.977,0.0,15008.977,0.0,0.8486005335070227,0.8486005335070227,0.0,0.0
2,Device,_Send,IteratorGetNext/_1,2,121.793,60.8965,121.793,60.8965,0.006886119205687424,0.8554866527127101,0.0,0.0
3,Device,Conv2DBackpropFilter,gradient_tape/model/conv1/Conv2D/Conv2DBackpropFilter,2,110.592,55.296,110.592,55.296,0.006252819909152279,0.8617394726218623,0.0,0.0
4,Device,_FusedConv2D,model/conv1/Relu,2,93.184,46.592,93.184,46.592,0.005268579738267198,0.8670080523601296,0.0,0.0
5,Device,SoftmaxCrossEntropyWithLogits,categorical_crossentropy/softmax_cross_entropy_with_logits,2,91.136,45.568,91.136,45.568,0.0051527867769866,0.8721608391371162,0.0,0.0
6,Device,FusedBatchNormGradV3,gradient_tape/model/conv1_bn/FusedBatchNormGradV3,2,87.04,43.52,87.04,43.52,0.004921200854425406,0.8770820399915416,0.0,0.0
7,Device,ReluGrad,gradient_tape/model/conv1/ReluGrad,2,46.08,23.04,46.08,23.04,0.00260534162881345,0.879687381620355,0.0,0.0
8,Device,MaxPoolGrad,gradient_tape/model/conv1_max_pool/MaxPool/MaxPoolGrad,2,46.08,23.04,46.08,23.04,0.00260534162881345,0.8822927232491684,0.0,0.0
9,Device,Conv2DBackpropInput,gradient_tape/model/ResBlock31_pooling_conv/Conv2D/Conv2DBackpropInput,2,43.008,21.504,43.008,21.504,0.0024316521868925534,0.884724375436061,0.0,0.0
10,Device,Conv2DBackpropInput,gradient_tape/model/ResBlock31_conv1/Conv2D/Conv2DBackpropInput,2,41.984,20.992,41.984,20.992,0.0023737557062522546,0.8870981311423132,0.0,0.0
11,Device,Conv2DBackpropFilter,gradient_tape/model/ResBlock32_conv2/Conv2D/Conv2DBackpropFilter,2,39.936,19.968,39.936,19.968,0.0022579627449716565,0.8893560938872849,0.0,0.0
12,Device,Conv2DBackpropFilter,gradient_tape/model/ResBlock31_conv2/Conv2D/Conv2DBackpropFilter,2,37.888,18.944,37.888,18.944,0.002142169783691059,0.891498263670976,0.0,0.0
13,Device,Conv2DBackpropFilter,gradient_tape/model/ResBlock32_conv1/Conv2D/Conv2DBackpropFilter,2,36.864,18.432,36.864,18.432,0.0020842733030507596,0.8935825369740267,0.0,0.0
14,Device,FusedBatchNormV3,model/conv1_bn/FusedBatchNormV3,4,36.864,9.216,36.864,9.216,0.0020842733030507596,0.8956668102770774,0.0,0.0
15,Device,Conv2DBackpropInput,gradient_tape/model/ResBlock21_pooling_conv/Conv2D/Conv2DBackpropInput,2,35.84,17.92,35.84,17.92,0.0020263768224104612,0.8976931870994879,0.0,0.0
16,Device,Conv2DBackpropInput,gradient_tape/model/ResBlock32_conv1/Conv2D/Conv2DBackpropInput,2,35.84,17.92,35.84,17.92,0.0020263768224104612,0.8997195639218983,0.0,0.0
17,Device,Conv2DBackpropInput,gradient_tape/model/ResBlock31_conv2/Conv2D/Conv2DBackpropInput,2,34.816,17.408,34.816,17.408,0.0019684803417701624,0.9016880442636686,0.0,0.0
18,Device,Conv2DBackpropInput,gradient_tape/model/ResBlock32_conv2/Conv2D/Conv2DBackpropInput,2,34.816,17.408,34.816,17.408,0.0019684803417701624,0.9036565246054387,0.0,0.0
19,Device,Conv2DBackpropFilter,gradient_tape/model/ResBlock21_conv1/Conv2D/Conv2DBackpropFilter,2,30.72,15.36,30.72,15.36,0.0017368944192089665,0.9053934190246476,0.0,0.0
20,Device,Conv2DBackpropInput,gradient_tape/model/ResBlock21_conv1/Conv2D/Conv2DBackpropInput,2,30.72,15.36,30.72,15.36,0.0017368944192089665,0.9071303134438566,0.0,0.0
21,Device,Conv2DBackpropFilter,gradient_tape/model/ResBlock21_pooling_conv/Conv2D/Conv2DBackpropFilter,2,30.72,15.36,30.72,15.36,0.0017368944192089665,0.9088672078630656,0.0,0.0
22,Device,Conv2DBackpropFilter,gradient_tape/model/ResBlock31_pooling_conv/Conv2D/Conv2DBackpropFilter,2,30.72,15.36,30.72,15.36,0.0017368944192089665,0.9106041022822746,0.0,0.0
23,Device,Conv2DBackpropFilter,gradient_tape/model/ResBlock21_conv2/Conv2D/Conv2DBackpropFilter,2,29.696,14.848,29.696,14.848,0.0016789979385686677,0.9122831002208432,0.0,0.0
24,Device,Conv2DBackpropInput,gradient_tape/model/ResBlock22_conv1/Conv2D/Conv2DBackpropInput,2,29.696,14.848,29.696,14.848,0.0016789979385686677,0.9139620981594119,0.0,0.0
25,Device,Conv2DBackpropInput,gradient_tape/model/ResBlock22_conv2/Conv2D/Conv2DBackpropInput,2,29.696,14.848,29.696,14.848,0.0016789979385686677,0.9156410960979805,0.0,0.0
26,Device,Conv2DBackpropInput,gradient_tape/model/ResBlock21_conv2/Conv2D/Conv2DBackpropInput,2,28.672,14.336,28.672,14.336,0.0016211014579283688,0.9172621975559089,0.0,0.0
27,Device,Conv2DBackpropFilter,gradient_tape/model/ResBlock22_conv1/Conv2D/Conv2DBackpropFilter,2,28.672,14.336,28.672,14.336,0.0016211014579283688,0.9188832990138373,0.0,0.0
28,Device,Conv2DBackpropFilter,gradient_tape/model/ResBlock22_conv2/Conv2D/Conv2DBackpropFilter,2,28.672,14.336,28.672,14.336,0.0016211014579283688,0.9205044004717656,0.0,0.0
29,Device,Conv2DBackpropFilter,gradient_tape/model/ResBlock31_conv1/Conv2D/Conv2DBackpropFilter,2,28.672,14.336,28.672,14.336,0.0016211014579283688,0.922125501929694,0.0,0.0
30,Device,Conv2D,model/ResBlock32_conv2/Conv2D,2,28.672,14.336,28.672,14.336,0.0016211014579283688,0.9237466033876224,0.0,0.0
31,Device,Conv2D,model/ResBlock31_conv2/Conv2D,2,26.624,13.312,26.624,13.312,0.001505308496647771,0.9252519118842701,0.0,0.0
32,Device,Conv2D,model/ResBlock32_conv1/Conv2D,2,26.624,13.312,26.624,13.312,0.001505308496647771,0.9267572203809179,0.0,0.0
33,Device,Conv2D,model/ResBlock21_conv1/Conv2D,2,22.528,11.264,22.528,11.264,0.0012737225740865755,0.9280309429550044,0.0,0.0
34,Device,Conv2D,model/ResBlock31_conv1/Conv2D,2,22.528,11.264,22.528,11.264,0.0012737225740865755,0.929304665529091,0.0,0.0
35,Device,Conv2D,model/ResBlock31_pooling_conv/Conv2D,2,22.528,11.264,22.528,11.264,0.0012737225740865755,0.9305783881031775,0.0,0.0
36,Device,Conv2D,model/ResBlock22_conv2/Conv2D,2,21.504,10.752,21.504,10.752,0.0012158260934462767,0.9317942141966238,0.0,0.0
37,Device,Conv2D,model/ResBlock21_conv2/Conv2D,2,20.48,10.24,20.48,10.24,0.0011579296128059777,0.9329521438094298,0.0,0.0
38,Device,Conv2D,model/ResBlock21_pooling_conv/Conv2D,2,20.48,10.24,20.48,10.24,0.0011579296128059777,0.9341100734222358,0.0,0.0
39,Device,Conv2D,model/ResBlock22_conv1/Conv2D,2,20.48,10.24,20.48,10.24,0.0011579296128059777,0.9352680030350419,0.0,0.0
40,Device,BiasAddGrad,gradient_tape/model/conv1/BiasAdd/BiasAddGrad,2,18.432,9.216,18.432,9.216,0.0010421366515253798,0.9363101396865673,0.0,0.0
41,Device,Softmax,model/dense/Softmax,2,18.432,9.216,18.432,9.216,0.0010421366515253798,0.9373522763380927,0.0,0.0
42,Device,MaxPool,model/conv1_max_pool/MaxPool,2,17.408,8.704,17.408,8.704,0.0009842401708850812,0.9383365165089778,0.0,0.0
43,Device,Transpose,gradient_tape/model/conv1/Conv2D/Conv2DBackpropFilter-0-TransposeNHWCToNCHW-LayoutOptimizer,2,16.384,8.192,16.384,8.192,0.0009263436902447822,0.9392628601992226,0.0,0.0
44,Device,FusedBatchNormV3,model/ResBlock21_bn1/FusedBatchNormV3,4,16.384,4.096,16.384,4.096,0.0009263436902447822,0.9401892038894674,0.0,0.0
45,Device,MatMul,model/dense/MatMul,2,16.384,8.192,16.384,8.192,0.0009263436902447822,0.9411155475797122,0.0,0.0
46,Device,FusedBatchNormV3,model/ResBlock21_pooling_bn/FusedBatchNormV3,4,14.337,3.58425,14.337,3.58425,0.0008106072684960597,0.9419261548482082,0.0,0.0
47,Device,FusedBatchNormV3,model/ResBlock21_bn2/FusedBatchNormV3,4,14.336,3.584,14.336,3.584,0.0008105507289641844,0.9427367055771724,0.0,0.0
48,Device,FusedBatchNormV3,model/ResBlock31_bn2/FusedBatchNormV3,4,14.336,3.584,14.336,3.584,0.0008105507289641844,0.9435472563061366,0.0,0.0
49,Device,FusedBatchNormV3,model/ResBlock31_pooling_bn/FusedBatchNormV3,4,14.336,3.584,14.336,3.584,0.0008105507289641844,0.9443578070351007,0.0,0.0
50,Device,FusedBatchNormV3,model/ResBlock32_bn1/FusedBatchNormV3,4,14.336,3.584,14.336,3.584,0.0008105507289641844,0.9451683577640649,0.0,0.0
51,Device,FusedBatchNormV3,model/ResBlock32_bn2/FusedBatchNormV3,4,14.336,3.584,14.336,3.584,0.0008105507289641844,0.9459789084930291,0.0,0.0
52,Device,FusedBatchNormV3,model/ResBlock22_bn1/FusedBatchNormV3,4,13.312,3.328,13.312,3.328,0.0007526542483238855,0.9467315627413531,0.0,0.0
53,Device,FusedBatchNormV3,model/ResBlock22_bn2/FusedBatchNormV3,4,13.312,3.328,13.312,3.328,0.0007526542483238855,0.947484216989677,0.0,0.0
54,Device,FusedBatchNormV3,model/ResBlock31_bn1/FusedBatchNormV3,4,13.312,3.328,13.312,3.328,0.0007526542483238855,0.9482368712380009,0.0,0.0
55,Device,MatMul,gradient_tape/model/dense/MatMul/MatMul_1,2,12.288,6.144,12.288,6.144,0.0006947577676835867,0.9489316290056845,0.0,0.0
56,Device,DynamicStitch,gradient_tape/model/GAP/DynamicStitch,2,11.264,5.632,11.264,5.632,0.0006368612870432878,0.9495684902927278,0.0,0.0
57,Device,FusedBatchNormGradV3,gradient_tape/model/ResBlock21_bn1/FusedBatchNormGradV3,2,11.264,5.632,11.264,5.632,0.0006368612870432878,0.9502053515797712,0.0,0.0
58,Device,BroadcastTo,gradient_tape/model/GAP/BroadcastTo,2,10.24,5.12,10.24,5.12,0.0005789648064029888,0.9507843163861741,0.0,0.0
59,Device,FusedBatchNormGradV3,gradient_tape/model/ResBlock21_bn2/FusedBatchNormGradV3,2,10.24,5.12,10.24,5.12,0.0005789648064029888,0.9513632811925771,0.0,0.0
60,Device,FusedBatchNormGradV3,gradient_tape/model/ResBlock21_pooling_bn/FusedBatchNormGradV3,2,10.24,5.12,10.24,5.12,0.0005789648064029888,0.95194224599898,0.0,0.0
61,Device,FusedBatchNormGradV3,gradient_tape/model/ResBlock22_bn1/FusedBatchNormGradV3,2,10.24,5.12,10.24,5.12,0.0005789648064029888,0.952521210805383,0.0,0.0
62,Device,FusedBatchNormGradV3,gradient_tape/model/ResBlock22_bn2/FusedBatchNormGradV3,2,10.24,5.12,10.24,5.12,0.0005789648064029888,0.953100175611786,0.0,0.0
63,Device,FusedBatchNormGradV3,gradient_tape/model/ResBlock31_bn1/FusedBatchNormGradV3,2,10.24,5.12,10.24,5.12,0.0005789648064029888,0.9536791404181889,0.0,0.0
64,Device,BiasAddGrad,gradient_tape/model/ResBlock31_conv2/BiasAdd/BiasAddGrad,2,10.24,5.12,10.24,5.12,0.0005789648064029888,0.9542581052245919,0.0,0.0
65,Device,FusedBatchNormGradV3,gradient_tape/model/ResBlock31_pooling_bn/FusedBatchNormGradV3,2,10.24,5.12,10.24,5.12,0.0005789648064029888,0.9548370700309948,0.0,0.0
66,Device,BiasAddGrad,gradient_tape/model/ResBlock31_pooling_conv/BiasAdd/BiasAddGrad,2,10.24,5.12,10.24,5.12,0.0005789648064029888,0.9554160348373978,0.0,0.0
67,Device,FusedBatchNormGradV3,gradient_tape/model/ResBlock32_bn1/FusedBatchNormGradV3,2,10.24,5.12,10.24,5.12,0.0005789648064029888,0.9559949996438007,0.0,0.0
68,Device,FusedBatchNormGradV3,gradient_tape/model/ResBlock32_bn2/FusedBatchNormGradV3,2,10.24,5.12,10.24,5.12,0.0005789648064029888,0.9565739644502037,0.0,0.0
69,Device,MatMul,gradient_tape/model/dense/MatMul/MatMul,2,10.24,5.12,10.24,5.12,0.0005789648064029888,0.9571529292566067,0.0,0.0
70,Device,FusedBatchNormGradV3,gradient_tape/model/ResBlock31_bn2/FusedBatchNormGradV3,2,9.216,4.608,9.216,4.608,0.0005210683257626899,0.9576739975823694,0.0,0.0
71,Device,BiasAddGrad,gradient_tape/model/ResBlock32_conv1/BiasAdd/BiasAddGrad,2,9.216,4.608,9.216,4.608,0.0005210683257626899,0.9581950659081321,0.0,0.0
72,Device,BiasAddGrad,gradient_tape/model/ResBlock32_conv2/BiasAdd/BiasAddGrad,2,9.216,4.608,9.216,4.608,0.0005210683257626899,0.9587161342338948,0.0,0.0
73,Device,ArgMax,ArgMax,2,8.192,4.096,8.192,4.096,0.0004631718451223911,0.9591793060790171,0.0,0.0
74,Device,ResourceApplyGradientDescent,SGD/SGD/update/ResourceApplyGradientDescent,2,8.192,4.096,8.192,4.096,0.0004631718451223911,0.9596424779241395,0.0,0.0
75,Device,ResourceApplyGradientDescent,SGD/SGD/update_24/ResourceApplyGradientDescent,2,8.192,4.096,8.192,4.096,0.0004631718451223911,0.9601056497692618,0.0,0.0
76,Device,ResourceApplyGradientDescent,SGD/SGD/update_28/ResourceApplyGradientDescent,2,8.192,4.096,8.192,4.096,0.0004631718451223911,0.9605688216143842,0.0,0.0
77,Device,ResourceApplyGradientDescent,SGD/SGD/update_36/ResourceApplyGradientDescent,2,8.192,4.096,8.192,4.096,0.0004631718451223911,0.9610319934595065,0.0,0.0
78,Device,BiasAddGrad,gradient_tape/model/ResBlock21_conv1/BiasAdd/BiasAddGrad,2,8.192,4.096,8.192,4.096,0.0004631718451223911,0.9614951653046289,0.0,0.0
79,Device,BiasAddGrad,gradient_tape/model/ResBlock21_conv2/BiasAdd/BiasAddGrad,2,8.192,4.096,8.192,4.096,0.0004631718451223911,0.9619583371497512,0.0,0.0
80,Device,BiasAddGrad,gradient_tape/model/ResBlock21_pooling_conv/BiasAdd/BiasAddGrad,2,8.192,4.096,8.192,4.096,0.0004631718451223911,0.9624215089948736,0.0,0.0
81,Device,BiasAddGrad,gradient_tape/model/ResBlock22_conv1/BiasAdd/BiasAddGrad,2,8.192,4.096,8.192,4.096,0.0004631718451223911,0.9628846808399959,0.0,0.0
82,Device,BiasAddGrad,gradient_tape/model/ResBlock22_conv2/BiasAdd/BiasAddGrad,2,8.192,4.096,8.192,4.096,0.0004631718451223911,0.9633478526851182,0.0,0.0
83,Device,BiasAddGrad,gradient_tape/model/ResBlock31_conv1/BiasAdd/BiasAddGrad,2,8.192,4.096,8.192,4.096,0.0004631718451223911,0.9638110245302406,0.0,0.0
84,Device,Mean,model/GAP/Mean,2,8.192,4.096,8.192,4.096,0.0004631718451223911,0.9642741963753629,0.0,0.0
85,Device,ResourceApplyGradientDescent,SGD/SGD/update_30/ResourceApplyGradientDescent,2,7.168,3.584,7.168,3.584,0.0004052753644820922,0.964679471739845,0.0,0.0
86,Device,AddN,SGD/gradients/AddN,2,7.168,3.584,7.168,3.584,0.0004052753644820922,0.9650847471043271,0.0,0.0
87,Device,AddN,SGD/gradients/AddN_3,2,7.168,3.584,7.168,3.584,0.0004052753644820922,0.9654900224688092,0.0,0.0
88,Device,Transpose,gradient_tape/model/tf.nn.relu_7/ReluGrad-0-TransposeNHWCToNCHW-LayoutOptimizer,2,7.168,3.584,7.168,3.584,0.0004052753644820922,0.9658952978332913,0.0,0.0
89,Device,AddV2,model/ResBlock21_add/add,2,7.168,3.584,7.168,3.584,0.0004052753644820922,0.9663005731977734,0.0,0.0
90,Device,BiasAdd,model/ResBlock21_conv1/BiasAdd,2,7.168,3.584,7.168,3.584,0.0004052753644820922,0.9667058485622555,0.0,0.0
91,Device,BiasAdd,model/ResBlock21_pooling_conv/BiasAdd,2,7.168,3.584,7.168,3.584,0.0004052753644820922,0.9671111239267376,0.0,0.0
92,Device,AddV2,model/ResBlock22_add/add,2,7.168,3.584,7.168,3.584,0.0004052753644820922,0.9675163992912197,0.0,0.0
93,Device,BiasAdd,model/ResBlock22_conv1/BiasAdd,2,7.168,3.584,7.168,3.584,0.0004052753644820922,0.9679216746557018,0.0,0.0
94,Device,BiasAdd,model/ResBlock22_conv2/BiasAdd,2,7.168,3.584,7.168,3.584,0.0004052753644820922,0.9683269500201839,0.0,0.0
95,Device,AddV2,model/ResBlock31_add/add,2,7.168,3.584,7.168,3.584,0.0004052753644820922,0.968732225384666,0.0,0.0
96,Device,AddV2,model/ResBlock32_add/add,2,7.168,3.584,7.168,3.584,0.0004052753644820922,0.9691375007491481,0.0,0.0
97,Device,Transpose,model/tf.nn.relu_7/Relu-0-0-TransposeNCHWToNHWC-LayoutOptimizer,2,7.168,3.584,7.168,3.584,0.0004052753644820922,0.9695427761136302,0.0,0.0
98,Device,ArgMax,ArgMax_1,2,6.144,3.072,6.144,3.072,0.00034737888384179334,0.969890154997472,0.0,0.0
99,Device,AssignAddVariableOp,AssignAddVariableOp,2,6.144,3.072,6.144,3.072,0.00034737888384179334,0.9702375338813138,0.0,0.0
100,Device,AssignAddVariableOp,AssignAddVariableOp_1,2,6.144,3.072,6.144,3.072,0.00034737888384179334,0.9705849127651557,0.0,0.0
101,Device,AssignAddVariableOp,AssignAddVariableOp_4,2,6.144,3.072,6.144,3.072,0.00034737888384179334,0.9709322916489975,0.0,0.0
102,Device,Cast,Cast,2,6.144,3.072,6.144,3.072,0.00034737888384179334,0.9712796705328394,0.0,0.0
103,Device,Cast,Cast_1,2,6.144,3.072,6.144,3.072,0.00034737888384179334,0.9716270494166812,0.0,0.0
104,Device,Mul,Mul,2,6.144,3.072,6.144,3.072,0.00034737888384179334,0.971974428300523,0.0,0.0
105,Device,AssignAddVariableOp,SGD/SGD/AssignAddVariableOp,2,6.144,3.072,6.144,3.072,0.00034737888384179334,0.9723218071843649,0.0,0.0
106,Device,ResourceApplyGradientDescent,SGD/SGD/update_1/ResourceApplyGradientDescent,2,6.144,3.072,6.144,3.072,0.00034737888384179334,0.9726691860682067,0.0,0.0
107,Device,ResourceApplyGradientDescent,SGD/SGD/update_10/ResourceApplyGradientDescent,2,6.144,3.072,6.144,3.072,0.00034737888384179334,0.9730165649520486,0.0,0.0
108,Device,ResourceApplyGradientDescent,SGD/SGD/update_11/ResourceApplyGradientDescent,2,6.144,3.072,6.144,3.072,0.00034737888384179334,0.9733639438358904,0.0,0.0
109,Device,ResourceApplyGradientDescent,SGD/SGD/update_12/ResourceApplyGradientDescent,2,6.144,3.072,6.144,3.072,0.00034737888384179334,0.9737113227197323,0.0,0.0
110,Device,ResourceApplyGradientDescent,SGD/SGD/update_13/ResourceApplyGradientDescent,2,6.144,3.072,6.144,3.072,0.00034737888384179334,0.9740587016035741,0.0,0.0
111,Device,ResourceApplyGradientDescent,SGD/SGD/update_16/ResourceApplyGradientDescent,2,6.144,3.072,6.144,3.072,0.00034737888384179334,0.974406080487416,0.0,0.0
112,Device,ResourceApplyGradientDescent,SGD/SGD/update_17/ResourceApplyGradientDescent,2,6.144,3.072,6.144,3.072,0.00034737888384179334,0.9747534593712578,0.0,0.0
113,Device,ResourceApplyGradientDescent,SGD/SGD/update_19/ResourceApplyGradientDescent,2,6.144,3.072,6.144,3.072,0.00034737888384179334,0.9751008382550996,0.0,0.0
114,Device,ResourceApplyGradientDescent,SGD/SGD/update_2/ResourceApplyGradientDescent,2,6.144,3.072,6.144,3.072,0.00034737888384179334,0.9754482171389415,0.0,0.0
115,Device,ResourceApplyGradientDescent,SGD/SGD/update_20/ResourceApplyGradientDescent,2,6.144,3.072,6.144,3.072,0.00034737888384179334,0.9757955960227833,0.0,0.0
116,Device,ResourceApplyGradientDescent,SGD/SGD/update_23/ResourceApplyGradientDescent,2,6.144,3.072,6.144,3.072,0.00034737888384179334,0.9761429749066252,0.0,0.0
117,Device,ResourceApplyGradientDescent,SGD/SGD/update_3/ResourceApplyGradientDescent,2,6.144,3.072,6.144,3.072,0.00034737888384179334,0.976490353790467,0.0,0.0
118,Device,ResourceApplyGradientDescent,SGD/SGD/update_32/ResourceApplyGradientDescent,2,6.144,3.072,6.144,3.072,0.00034737888384179334,0.9768377326743088,0.0,0.0
119,Device,ResourceApplyGradientDescent,SGD/SGD/update_33/ResourceApplyGradientDescent,2,6.144,3.072,6.144,3.072,0.00034737888384179334,0.9771851115581507,0.0,0.0
120,Device,ResourceApplyGradientDescent,SGD/SGD/update_34/ResourceApplyGradientDescent,2,6.144,3.072,6.144,3.072,0.00034737888384179334,0.9775324904419925,0.0,0.0
121,Device,ResourceApplyGradientDescent,SGD/SGD/update_35/ResourceApplyGradientDescent,2,6.144,3.072,6.144,3.072,0.00034737888384179334,0.9778798693258344,0.0,0.0
122,Device,ResourceApplyGradientDescent,SGD/SGD/update_37/ResourceApplyGradientDescent,2,6.144,3.072,6.144,3.072,0.00034737888384179334,0.9782272482096762,0.0,0.0
123,Device,ResourceApplyGradientDescent,SGD/SGD/update_38/ResourceApplyGradientDescent,2,6.144,3.072,6.144,3.072,0.00034737888384179334,0.9785746270935181,0.0,0.0
124,Device,ResourceApplyGradientDescent,SGD/SGD/update_4/ResourceApplyGradientDescent,2,6.144,3.072,6.144,3.072,0.00034737888384179334,0.9789220059773599,0.0,0.0
125,Device,ResourceApplyGradientDescent,SGD/SGD/update_40/ResourceApplyGradientDescent,2,6.144,3.072,6.144,3.072,0.00034737888384179334,0.9792693848612017,0.0,0.0
126,Device,ResourceApplyGradientDescent,SGD/SGD/update_41/ResourceApplyGradientDescent,2,6.144,3.072,6.144,3.072,0.00034737888384179334,0.9796167637450436,0.0,0.0
127,Device,ResourceApplyGradientDescent,SGD/SGD/update_42/ResourceApplyGradientDescent,2,6.144,3.072,6.144,3.072,0.00034737888384179334,0.9799641426288854,0.0,0.0
128,Device,ResourceApplyGradientDescent,SGD/SGD/update_44/ResourceApplyGradientDescent,2,6.144,3.072,6.144,3.072,0.00034737888384179334,0.9803115215127273,0.0,0.0
129,Device,ResourceApplyGradientDescent,SGD/SGD/update_45/ResourceApplyGradientDescent,2,6.144,3.072,6.144,3.072,0.00034737888384179334,0.9806589003965691,0.0,0.0
130,Device,ResourceApplyGradientDescent,SGD/SGD/update_6/ResourceApplyGradientDescent,2,6.144,3.072,6.144,3.072,0.00034737888384179334,0.981006279280411,0.0,0.0
131,Device,ResourceApplyGradientDescent,SGD/SGD/update_8/ResourceApplyGradientDescent,2,6.144,3.072,6.144,3.072,0.00034737888384179334,0.9813536581642528,0.0,0.0
132,Device,AddN,SGD/gradients/AddN_1,2,6.144,3.072,6.144,3.072,0.00034737888384179334,0.9817010370480946,0.0,0.0
133,Device,AddN,SGD/gradients/AddN_2,2,6.144,3.072,6.144,3.072,0.00034737888384179334,0.9820484159319365,0.0,0.0
134,Device,DivNoNan,categorical_crossentropy/weighted_loss/value,2,6.144,3.072,6.144,3.072,0.00034737888384179334,0.9823957948157783,0.0,0.0
135,Device,DivNoNan,div_no_nan_1,2,6.144,3.072,6.144,3.072,0.00034737888384179334,0.9827431736996202,0.0,0.0
136,Device,Mul,gradient_tape/categorical_crossentropy/softmax_cross_entropy_with_logits/mul,2,6.144,3.072,6.144,3.072,0.00034737888384179334,0.983090552583462,0.0,0.0
137,Device,DivNoNan,gradient_tape/categorical_crossentropy/weighted_loss/value/div_no_nan,2,6.144,3.072,6.144,3.072,0.00034737888384179334,0.9834379314673038,0.0,0.0
138,Device,RealDiv,gradient_tape/model/GAP/truediv,2,6.144,3.072,6.144,3.072,0.00034737888384179334,0.9837853103511457,0.0,0.0
139,Device,BiasAddGrad,gradient_tape/model/dense/BiasAdd/BiasAddGrad,2,6.144,3.072,6.144,3.072,0.00034737888384179334,0.9841326892349875,0.0,0.0
140,Device,ReluGrad,gradient_tape/model/tf.nn.relu/ReluGrad,2,6.144,3.072,6.144,3.072,0.00034737888384179334,0.9844800681188294,0.0,0.0
141,Device,ReluGrad,gradient_tape/model/tf.nn.relu_1/ReluGrad,2,6.144,3.072,6.144,3.072,0.00034737888384179334,0.9848274470026712,0.0,0.0
142,Device,ReluGrad,gradient_tape/model/tf.nn.relu_5/ReluGrad,2,6.144,3.072,6.144,3.072,0.00034737888384179334,0.9851748258865131,0.0,0.0
143,Device,ReluGrad,gradient_tape/model/tf.nn.relu_7/ReluGrad,2,6.144,3.072,6.144,3.072,0.00034737888384179334,0.9855222047703549,0.0,0.0
144,Device,BiasAdd,model/ResBlock21_conv2/BiasAdd,2,6.144,3.072,6.144,3.072,0.00034737888384179334,0.9858695836541967,0.0,0.0
145,Device,BiasAdd,model/ResBlock31_conv1/BiasAdd,2,6.144,3.072,6.144,3.072,0.00034737888384179334,0.9862169625380386,0.0,0.0
146,Device,BiasAdd,model/ResBlock31_conv2/BiasAdd,2,6.144,3.072,6.144,3.072,0.00034737888384179334,0.9865643414218804,0.0,0.0
147,Device,BiasAdd,model/ResBlock31_pooling_conv/BiasAdd,2,6.144,3.072,6.144,3.072,0.00034737888384179334,0.9869117203057223,0.0,0.0
148,Device,BiasAdd,model/ResBlock32_conv1/BiasAdd,2,6.144,3.072,6.144,3.072,0.00034737888384179334,0.9872590991895641,0.0,0.0
149,Device,BiasAdd,model/ResBlock32_conv2/BiasAdd,2,6.144,3.072,6.144,3.072,0.00034737888384179334,0.987606478073406,0.0,0.0
150,Device,BiasAdd,model/dense/BiasAdd,2,6.144,3.072,6.144,3.072,0.00034737888384179334,0.9879538569572478,0.0,0.0
151,Device,Relu,model/tf.nn.relu_1/Relu,2,6.144,3.072,6.144,3.072,0.00034737888384179334,0.9883012358410896,0.0,0.0
152,Device,Relu,model/tf.nn.relu_3/Relu,2,6.144,3.072,6.144,3.072,0.00034737888384179334,0.9886486147249315,0.0,0.0
153,Device,Relu,model/tf.nn.relu_6/Relu,2,6.144,3.072,6.144,3.072,0.00034737888384179334,0.9889959936087733,0.0,0.0
154,Device,AssignAddVariableOp,AssignAddVariableOp_2,2,5.12,2.56,5.12,2.56,0.0002894824032014944,0.9892854760119748,0.0,0.0
155,Device,Cast,Cast_2,2,5.12,2.56,5.12,2.56,0.0002894824032014944,0.9895749584151763,0.0,0.0
156,Device,Equal,Equal,2,5.12,2.56,5.12,2.56,0.0002894824032014944,0.9898644408183778,0.0,0.0
157,Device,ResourceApplyGradientDescent,SGD/SGD/update_14/ResourceApplyGradientDescent,2,5.12,2.56,5.12,2.56,0.0002894824032014944,0.9901539232215792,0.0,0.0
158,Device,ResourceApplyGradientDescent,SGD/SGD/update_15/ResourceApplyGradientDescent,2,5.12,2.56,5.12,2.56,0.0002894824032014944,0.9904434056247807,0.0,0.0
159,Device,ResourceApplyGradientDescent,SGD/SGD/update_18/ResourceApplyGradientDescent,2,5.12,2.56,5.12,2.56,0.0002894824032014944,0.9907328880279822,0.0,0.0
160,Device,ResourceApplyGradientDescent,SGD/SGD/update_21/ResourceApplyGradientDescent,2,5.12,2.56,5.12,2.56,0.0002894824032014944,0.9910223704311837,0.0,0.0
161,Device,ResourceApplyGradientDescent,SGD/SGD/update_22/ResourceApplyGradientDescent,2,5.12,2.56,5.12,2.56,0.0002894824032014944,0.9913118528343852,0.0,0.0
162,Device,ResourceApplyGradientDescent,SGD/SGD/update_25/ResourceApplyGradientDescent,2,5.12,2.56,5.12,2.56,0.0002894824032014944,0.9916013352375866,0.0,0.0
163,Device,ResourceApplyGradientDescent,SGD/SGD/update_26/ResourceApplyGradientDescent,2,5.12,2.56,5.12,2.56,0.0002894824032014944,0.9918908176407881,0.0,0.0
164,Device,ResourceApplyGradientDescent,SGD/SGD/update_27/ResourceApplyGradientDescent,2,5.12,2.56,5.12,2.56,0.0002894824032014944,0.9921803000439896,0.0,0.0
165,Device,ResourceApplyGradientDescent,SGD/SGD/update_29/ResourceApplyGradientDescent,2,5.12,2.56,5.12,2.56,0.0002894824032014944,0.9924697824471911,0.0,0.0
166,Device,ResourceApplyGradientDescent,SGD/SGD/update_31/ResourceApplyGradientDescent,2,5.12,2.56,5.12,2.56,0.0002894824032014944,0.9927592648503926,0.0,0.0
167,Device,ResourceApplyGradientDescent,SGD/SGD/update_39/ResourceApplyGradientDescent,2,5.12,2.56,5.12,2.56,0.0002894824032014944,0.993048747253594,0.0,0.0
168,Device,ResourceApplyGradientDescent,SGD/SGD/update_43/ResourceApplyGradientDescent,2,5.12,2.56,5.12,2.56,0.0002894824032014944,0.9933382296567955,0.0,0.0
169,Device,ResourceApplyGradientDescent,SGD/SGD/update_5/ResourceApplyGradientDescent,2,5.12,2.56,5.12,2.56,0.0002894824032014944,0.993627712059997,0.0,0.0
170,Device,ResourceApplyGradientDescent,SGD/SGD/update_9/ResourceApplyGradientDescent,2,5.12,2.56,5.12,2.56,0.0002894824032014944,0.9939171944631985,0.0,0.0
171,Device,Sum,Sum_2,2,5.12,2.56,5.12,2.56,0.0002894824032014944,0.9942066768664,0.0,0.0
172,Device,Sum,categorical_crossentropy/weighted_loss/Sum,2,5.12,2.56,5.12,2.56,0.0002894824032014944,0.9944961592696014,0.0,0.0
173,Device,Cast,categorical_crossentropy/weighted_loss/num_elements/Cast,2,5.12,2.56,5.12,2.56,0.0002894824032014944,0.9947856416728029,0.0,0.0
174,Device,Tile,gradient_tape/categorical_crossentropy/weighted_loss/Tile_1,2,5.12,2.56,5.12,2.56,0.0002894824032014944,0.9950751240760044,0.0,0.0
175,Device,Cast,gradient_tape/model/GAP/Cast,2,5.12,2.56,5.12,2.56,0.0002894824032014944,0.9953646064792059,0.0,0.0
176,Device,ReluGrad,gradient_tape/model/tf.nn.relu_2/ReluGrad,2,5.12,2.56,5.12,2.56,0.0002894824032014944,0.9956540888824074,0.0,0.0
177,Device,ReluGrad,gradient_tape/model/tf.nn.relu_3/ReluGrad,2,5.12,2.56,5.12,2.56,0.0002894824032014944,0.9959435712856088,0.0,0.0
178,Device,ReluGrad,gradient_tape/model/tf.nn.relu_4/ReluGrad,2,5.12,2.56,5.12,2.56,0.0002894824032014944,0.9962330536888103,0.0,0.0
179,Device,ReluGrad,gradient_tape/model/tf.nn.relu_6/ReluGrad,2,5.12,2.56,5.12,2.56,0.0002894824032014944,0.9965225360920118,0.0,0.0
180,Device,Relu,model/tf.nn.relu/Relu,2,5.12,2.56,5.12,2.56,0.0002894824032014944,0.9968120184952133,0.0,0.0
181,Device,Relu,model/tf.nn.relu_2/Relu,2,5.12,2.56,5.12,2.56,0.0002894824032014944,0.9971015008984148,0.0,0.0
182,Device,Relu,model/tf.nn.relu_5/Relu,2,5.12,2.56,5.12,2.56,0.0002894824032014944,0.9973909833016162,0.0,0.0
183,Device,Relu,model/tf.nn.relu_7/Relu,2,5.12,2.56,5.12,2.56,0.0002894824032014944,0.9976804657048177,0.0,0.0
184,Device,DivNoNan,div_no_nan,2,4.097,2.0485,4.097,2.0485,0.00023164246209307087,0.9979121081669108,0.0,0.0
185,Device,AssignAddVariableOp,AssignAddVariableOp_3,2,4.096,2.048,4.096,2.048,0.00023158592256119554,0.998143694089472,0.0,0.0
186,Device,ResourceApplyGradientDescent,SGD/SGD/update_7/ResourceApplyGradientDescent,2,4.096,2.048,4.096,2.048,0.00023158592256119554,0.9983752800120332,0.0,0.0
187,Device,Relu,model/tf.nn.relu_4/Relu,2,4.096,2.048,4.096,2.048,0.00023158592256119554,0.9986068659345945,0.0,0.0
188,Device,_Recv,gradient_tape/model/GAP/floordiv/_18,2,3.744,1.872,3.744,1.872,0.0002116840073410928,0.9988185499419355,0.0,0.0
189,Device,_Recv,strided_slice/_12,2,3.488,1.744,3.488,1.744,0.00019720988718101808,0.9990157598291165,0.0,0.0
190,Device,_HostRecv,gradient_tape/model/GAP/DynamicStitch/_24,2,3.104,1.552,3.104,1.552,0.000175498706940906,0.9991912585360574,0.0,0.0
191,Device,LogicalAnd,LogicalAnd,1,3.072,3.072,3.072,3.072,0.00017368944192089667,0.9993649479779783,0.0,0.0
192,Device,_Send,IteratorGetNext/_3,2,3.04,1.52,3.04,1.52,0.00017188017690088732,0.9995368281548791,0.0,0.0
193,Device,_Recv,Size/_22,2,2.048,1.024,2.048,1.024,0.00011579296128059777,0.9996526211161597,0.0,0.0
194,Device,_Recv,categorical_crossentropy/weighted_loss/num_elements/_20,2,2.048,1.024,2.048,1.024,0.00011579296128059777,0.9997684140774403,0.0,0.0
195,Device,_Recv,gradient_tape/model/GAP/Shape-0-1-DataFormatVecPermuteNCHWToNHWC-LayoutOptimizer/_14,2,2.048,1.024,2.048,1.024,0.00011579296128059777,0.9998842070387209,0.0,0.0
196,Device,_Recv,gradient_tape/model/GAP/ones/_16,2,2.048,1.024,2.048,1.024,0.00011579296128059777,1.0000000000000016,0.0,0.0
197,Host,IDLE,IDLE,0,85700.101,0.0,85700.101,0.0,0.0,0.0,0.9826955430819238,0.9826955430819238
198,Host,_Send,IteratorGetNext/_1,2,371.954,185.977,371.954,185.977,0.0,0.0,0.004265077097534505,0.9869606201794583
199,Host,_Send,IteratorGetNext/_6,2,283.864,141.932,283.864,141.932,0.0,0.0,0.0032549773499264277,0.9902155975293847
200,Host,_Send,IteratorGetNext/_3,2,256.294,128.147,256.294,128.147,0.0,0.0,0.0029388410116183944,0.993154438541003
201,Host,GatherV2,GatherV2,2,212.803,106.4015,212.803,106.4015,0.0,0.0,0.0024401436779457543,0.9955945822189488
202,Host,Dataset,Iterator::Root::ParallelMapV2,2,61.1,30.55,61.1,30.55,0.0,0.0,0.0007006140830838174,0.9962951963020327
203,Host,Dataset,Iterator::Root::ParallelMapV2::Zip[1]::ForeverRepeat,2,51.31,25.655,47.21,23.605,0.0,0.0,0.0005413419126413587,0.996836538214674
204,Host,Dataset,Iterator::Root,2,100.531,50.2655,39.431,19.7155,0.0,0.0,0.00045214261718621934,0.9972886808318602
205,Host,Dataset,Iterator::Root::ParallelMapV2::Zip[0]::FlatMap[1]::Concatenate,2,55.311,27.6555,35.2,17.6,0.0,0.0,0.00040362709860147913,0.9976923079304617
206,Host,FlushSummaryWriter,FlushSummaryWriter,1,34.45,34.45,34.45,34.45,0.0,0.0,0.0003950270893983226,0.99808733501986
207,Host,IteratorGetNext,IteratorGetNext,2,32.59,16.295,32.59,16.295,0.0,0.0,0.00037369906657449447,0.9984610340864345
208,Host,GatherV2,GatherV2_1,2,29.391,14.6955,29.391,14.6955,0.0,0.0,0.00033701716065329747,0.9987980512470878
209,Host,LogicalAnd,LogicalAnd,1,28.92,28.92,28.92,28.92,0.0,0.0,0.00033161635487371523,0.9991296676019614
210,Host,Dataset,Iterator::Root::ParallelMapV2::Zip[0]::FlatMap[1]::Concatenate[0]::TensorSlice,2,20.111,10.0555,20.111,10.0555,0.0,0.0,0.00023060638011290757,0.9993602739820743
211,Host,WriteSummary,WriteSummary,1,19.83,19.83,19.83,19.83,0.0,0.0,0.00022738424333145824,0.9995876582254057
212,Host,Dataset,Iterator::Root::ParallelMapV2::Zip,2,120.381,60.1905,9.6,4.8,0.0,0.0,0.00011008011780040339,0.9996977383432062
213,Host,_HostSend,categorical_crossentropy/softmax_cross_entropy_with_logits/Shape_2/_9,2,8.92,4.46,8.92,4.46,0.0,0.0,0.00010228277612287481,0.9998000211193291
214,Host,ReadVariableOp,ReadVariableOp,1,6.17,6.17,6.17,6.17,0.0,0.0,7.074940904463426e-05,0.9998707705283737
215,Host,Dataset,Iterator::Root::ParallelMapV2::Zip[0]::FlatMap,2,59.471,29.7355,4.16,2.08,0.0,0.0,4.770138438017481e-05,0.9999184719127538
216,Host,Dataset,Iterator::Root::ParallelMapV2::Zip[1]::ForeverRepeat::FromTensor,4,4.1,1.025,4.1,1.025,0.0,0.0,4.701338364392228e-05,0.9999654852963977
217,Host,Identity,Identity,2,3.01,1.505,3.01,1.505,0.0,0.0,3.451470360200148e-05,0.9999999999999998
