Rank,Host/device,Type,Operation,#Occurrences,Total time (us),Avg. time (us),Total self-time (us),Avg. self-time (us),Total self-time on Device (%),Cumulative total-self time on Device (%),Total self-time on Host (%),Cumulative total-self time on Host (%)
1,Device,IDLE,IDLE,0,4388.585,0.0,4388.585,0.0,0.18858826935357953,0.18858826935357953,0.0,0.0
2,Device,_Send,IteratorGetNext/_1,2,3610.02,1805.01,3610.02,1805.01,0.15513142029419716,0.34371968964777666,0.0,0.0
3,Device,MaxPoolGrad,gradient_tape/sequential/max_pooling2d/MaxPool/MaxPoolGrad,2,1824.77,912.385,1824.77,912.385,0.07841484584856652,0.42213453549634317,0.0,0.0
4,Device,Conv2DBackpropFilter,gradient_tape/sequential/conv2d/Conv2D/Conv2DBackpropFilter,2,1509.378,754.689,1509.378,754.689,0.06486167747015659,0.48699621296649975,0.0,0.0
5,Device,ReluGrad,gradient_tape/sequential/conv2d/ReluGrad,2,1348.61,674.305,1348.61,674.305,0.05795308190064243,0.5449492948671422,0.0,0.0
6,Device,Conv2DBackpropFilter,gradient_tape/sequential/conv2d_1/Conv2D/Conv2DBackpropFilter,2,991.234,495.617,991.234,495.617,0.04259575799134028,0.5875450528584825,0.0,0.0
7,Device,Conv2DBackpropInput,gradient_tape/sequential/conv2d_1/Conv2D/Conv2DBackpropInput,2,982.018,491.009,982.018,491.009,0.042199723850412714,0.6297447767088952,0.0,0.0
8,Device,MaxPoolGrad,gradient_tape/sequential/max_pooling2d_1/MaxPool/MaxPoolGrad,2,832.514,416.257,832.514,416.257,0.03577517000869891,0.6655199467175941,0.0,0.0
9,Device,_FusedConv2D,sequential/conv2d/Relu,2,741.378,370.689,741.378,370.689,0.03185883239285968,0.6973787791104538,0.0,0.0
10,Device,Conv2DBackpropFilter,gradient_tape/sequential/conv2d_2/Conv2D/Conv2DBackpropFilter,2,690.176,345.088,690.176,345.088,0.02965855677613083,0.7270373358865846,0.0,0.0
11,Device,ReluGrad,gradient_tape/sequential/conv2d_1/ReluGrad,2,672.768,336.384,672.768,336.384,0.0289104922877121,0.7559478281742967,0.0,0.0
12,Device,_FusedConv2D,sequential/conv2d_1/Relu,2,536.576,268.288,536.576,268.288,0.023057987760671445,0.7790058159349682,0.0,0.0
13,Device,MaxPool,sequential/max_pooling2d/MaxPool,2,527.36,263.68,527.36,263.68,0.022661953619743883,0.8016677695547121,0.0,0.0
14,Device,Conv2DBackpropInput,gradient_tape/sequential/conv2d_2/Conv2D/Conv2DBackpropInput,2,509.954,254.977,509.954,254.977,0.02191397507623421,0.8235817446309462,0.0,0.0
15,Device,_FusedConv2D,sequential/conv2d_2/Relu,2,443.393,221.6965,443.393,221.6965,0.019053685530413946,0.8426354301613602,0.0,0.0
16,Device,BiasAddGrad,gradient_tape/sequential/conv2d/BiasAdd/BiasAddGrad,2,425.985,212.9925,425.985,212.9925,0.018305621041995217,0.8609410512033554,0.0,0.0
17,Device,ReluGrad,gradient_tape/sequential/conv2d_2/ReluGrad,2,334.848,167.424,334.848,167.424,0.014389240453701456,0.8753302916570569,0.0,0.0
18,Device,ResourceApplyGradientDescent,SGD/SGD/update_6/ResourceApplyGradientDescent,2,326.656,163.328,326.656,163.328,0.014037210106210288,0.8893675017632672,0.0,0.0
19,Device,MaxPool,sequential/max_pooling2d_1/MaxPool,2,279.553,139.7765,279.553,139.7765,0.012013078580590605,0.9013805803438578,0.0,0.0
20,Device,MaxPoolGrad,gradient_tape/sequential/max_pooling2d_2/MaxPool/MaxPoolGrad,2,263.168,131.584,263.168,131.584,0.011308974913153743,0.9126895552570116,0.0,0.0
21,Device,BiasAddGrad,gradient_tape/sequential/conv2d_1/BiasAdd/BiasAddGrad,2,212.992,106.496,212.992,106.496,0.009152789034770344,0.9218423442917819,0.0,0.0
22,Device,Transpose,gradient_tape/sequential/conv2d/Conv2D/Conv2DBackpropFilter-0-TransposeNHWCToNCHW-LayoutOptimizer,2,185.344,92.672,185.344,92.672,0.007964686611987655,0.9298070309037696,0.0,0.0
23,Device,ArgMax,ArgMax,2,183.296,91.648,183.296,91.648,0.007876679025114864,0.9376837099288845,0.0,0.0
24,Device,MatMul,sequential/dense/MatMul,2,182.272,91.136,182.272,91.136,0.007832675231678467,0.945516385160563,0.0,0.0
25,Device,MatMul,gradient_tape/sequential/dense/MatMul/MatMul,2,144.384,72.192,144.384,72.192,0.00620453487453182,0.9517209200350949,0.0,0.0
26,Device,MatMul,gradient_tape/sequential/dense/MatMul/MatMul_1,2,144.384,72.192,144.384,72.192,0.00620453487453182,0.9579254549096268,0.0,0.0
27,Device,MaxPool,sequential/max_pooling2d_2/MaxPool,2,143.36,71.68,143.36,71.68,0.006160531081095425,0.9640859859907221,0.0,0.0
28,Device,BiasAddGrad,gradient_tape/sequential/conv2d_2/BiasAdd/BiasAddGrad,2,125.952,62.976,125.952,62.976,0.005412466592676694,0.9694984525833988,0.0,0.0
29,Device,ArgMax,ArgMax_1,2,120.832,60.416,120.832,60.416,0.005192447625494714,0.9746909002088936,0.0,0.0
30,Device,Transpose,gradient_tape/sequential/max_pooling2d_2/MaxPool/MaxPoolGrad-2-TransposeNHWCToNCHW-LayoutOptimizer,2,59.392,29.696,59.392,29.696,0.0025522200193109617,0.9772431202282046,0.0,0.0
31,Device,Transpose,sequential/max_pooling2d_2/MaxPool-0-2-TransposeNCHWToNHWC-LayoutOptimizer,2,52.224,26.112,52.224,26.112,0.00224419346525619,0.9794873136934608,0.0,0.0
32,Device,_Send,IteratorGetNext/_3,2,23.616,11.808,23.616,11.808,0.00101483748612688,0.9805021511795876,0.0,0.0
33,Device,MatMul,gradient_tape/sequential/dense_1/MatMul/MatMul,2,21.504,10.752,21.504,10.752,0.0009240796621643137,0.981426230841752,0.0,0.0
34,Device,MatMul,sequential/dense_1/MatMul,2,15.36,7.68,15.36,7.68,0.0006600569015459383,0.9820862877432979,0.0,0.0
35,Device,DynamicStitch,gradient_tape/categorical_crossentropy/DynamicStitch,2,11.264,5.632,11.264,5.632,0.00048404172780035476,0.9825703294710982,0.0,0.0
36,Device,MatMul,gradient_tape/sequential/dense_1/MatMul/MatMul_1,2,10.24,5.12,10.24,5.12,0.0004400379343639589,0.9830103674054622,0.0,0.0
37,Device,ResourceApplyGradientDescent,SGD/SGD/update_4/ResourceApplyGradientDescent,2,8.192,4.096,8.192,4.096,0.0003520303474911671,0.9833623977529534,0.0,0.0
38,Device,Sum,categorical_crossentropy/Sum,2,8.192,4.096,8.192,4.096,0.0003520303474911671,0.9837144281004446,0.0,0.0
39,Device,Sum,categorical_crossentropy/Sum_1,2,8.192,4.096,8.192,4.096,0.0003520303474911671,0.9840664584479358,0.0,0.0
40,Device,Mul,categorical_crossentropy/mul,2,8.192,4.096,8.192,4.096,0.0003520303474911671,0.984418488795427,0.0,0.0
41,Device,Equal,Equal,2,7.168,3.584,7.168,3.584,0.00030802655405477123,0.9847265153494819,0.0,0.0
42,Device,ResourceApplyGradientDescent,SGD/SGD/update_2/ResourceApplyGradientDescent,2,7.168,3.584,7.168,3.584,0.00030802655405477123,0.9850345419035367,0.0,0.0
43,Device,GreaterEqual,gradient_tape/categorical_crossentropy/clip_by_value/GreaterEqual,2,7.168,3.584,7.168,3.584,0.00030802655405477123,0.9853425684575915,0.0,0.0
44,Device,Sum,gradient_tape/categorical_crossentropy/truediv/Sum_1,2,7.168,3.584,7.168,3.584,0.00030802655405477123,0.9856505950116463,0.0,0.0
45,Device,BiasAddGrad,gradient_tape/sequential/dense/BiasAdd/BiasAddGrad,2,7.168,3.584,7.168,3.584,0.00030802655405477123,0.9859586215657011,0.0,0.0
46,Device,ResourceApplyGradientDescent,SGD/SGD/update/ResourceApplyGradientDescent,2,6.145,3.0725,6.145,3.0725,0.000264065733072903,0.986222687298774,0.0,0.0
47,Device,AssignAddVariableOp,AssignAddVariableOp_1,2,6.144,3.072,6.144,3.072,0.00026402276061837535,0.9864867100593924,0.0,0.0
48,Device,AssignAddVariableOp,AssignAddVariableOp_2,2,6.144,3.072,6.144,3.072,0.00026402276061837535,0.9867507328200107,0.0,0.0
49,Device,Cast,Cast,2,6.144,3.072,6.144,3.072,0.00026402276061837535,0.987014755580629,0.0,0.0
50,Device,Mul,Mul,2,6.144,3.072,6.144,3.072,0.00026402276061837535,0.9872787783412473,0.0,0.0
51,Device,AssignAddVariableOp,SGD/SGD/AssignAddVariableOp,2,6.144,3.072,6.144,3.072,0.00026402276061837535,0.9875428011018657,0.0,0.0
52,Device,ResourceApplyGradientDescent,SGD/SGD/update_1/ResourceApplyGradientDescent,2,6.144,3.072,6.144,3.072,0.00026402276061837535,0.987806823862484,0.0,0.0
53,Device,ResourceApplyGradientDescent,SGD/SGD/update_3/ResourceApplyGradientDescent,2,6.144,3.072,6.144,3.072,0.00026402276061837535,0.9880708466231023,0.0,0.0
54,Device,ResourceApplyGradientDescent,SGD/SGD/update_5/ResourceApplyGradientDescent,2,6.144,3.072,6.144,3.072,0.00026402276061837535,0.9883348693837206,0.0,0.0
55,Device,ResourceApplyGradientDescent,SGD/SGD/update_7/ResourceApplyGradientDescent,2,6.144,3.072,6.144,3.072,0.00026402276061837535,0.9885988921443389,0.0,0.0
56,Device,ResourceApplyGradientDescent,SGD/SGD/update_8/ResourceApplyGradientDescent,2,6.144,3.072,6.144,3.072,0.00026402276061837535,0.9888629149049573,0.0,0.0
57,Device,AddN,SGD/gradients/AddN,2,6.144,3.072,6.144,3.072,0.00026402276061837535,0.9891269376655756,0.0,0.0
58,Device,Sum,Sum_2,2,6.144,3.072,6.144,3.072,0.00026402276061837535,0.9893909604261939,0.0,0.0
59,Device,Log,categorical_crossentropy/Log,2,6.144,3.072,6.144,3.072,0.00026402276061837535,0.9896549831868122,0.0,0.0
60,Device,Neg,categorical_crossentropy/Neg,2,6.144,3.072,6.144,3.072,0.00026402276061837535,0.9899190059474305,0.0,0.0
61,Device,Maximum,categorical_crossentropy/clip_by_value,2,6.144,3.072,6.144,3.072,0.00026402276061837535,0.9901830287080489,0.0,0.0
62,Device,Minimum,categorical_crossentropy/clip_by_value/Minimum,2,6.144,3.072,6.144,3.072,0.00026402276061837535,0.9904470514686672,0.0,0.0
63,Device,RealDiv,categorical_crossentropy/truediv,2,6.144,3.072,6.144,3.072,0.00026402276061837535,0.9907110742292855,0.0,0.0
64,Device,DivNoNan,categorical_crossentropy/weighted_loss/value,2,6.144,3.072,6.144,3.072,0.00026402276061837535,0.9909750969899038,0.0,0.0
65,Device,DivNoNan,div_no_nan,2,6.144,3.072,6.144,3.072,0.00026402276061837535,0.9912391197505221,0.0,0.0
66,Device,BroadcastTo,gradient_tape/categorical_crossentropy/BroadcastTo,2,6.144,3.072,6.144,3.072,0.00026402276061837535,0.9915031425111405,0.0,0.0
67,Device,BroadcastTo,gradient_tape/categorical_crossentropy/BroadcastTo_1,2,6.144,3.072,6.144,3.072,0.00026402276061837535,0.9917671652717588,0.0,0.0
68,Device,Reciprocal,gradient_tape/categorical_crossentropy/Reciprocal,2,6.144,3.072,6.144,3.072,0.00026402276061837535,0.9920311880323771,0.0,0.0
69,Device,LessEqual,gradient_tape/categorical_crossentropy/clip_by_value/LessEqual,2,6.144,3.072,6.144,3.072,0.00026402276061837535,0.9922952107929954,0.0,0.0
70,Device,SelectV2,gradient_tape/categorical_crossentropy/clip_by_value/SelectV2,2,6.144,3.072,6.144,3.072,0.00026402276061837535,0.9925592335536138,0.0,0.0
71,Device,SelectV2,gradient_tape/categorical_crossentropy/clip_by_value/SelectV2_1,2,6.144,3.072,6.144,3.072,0.00026402276061837535,0.9928232563142321,0.0,0.0
72,Device,ZerosLike,gradient_tape/categorical_crossentropy/clip_by_value/zeros_like,2,6.144,3.072,6.144,3.072,0.00026402276061837535,0.9930872790748504,0.0,0.0
73,Device,ZerosLike,gradient_tape/categorical_crossentropy/clip_by_value/zeros_like_1,2,6.144,3.072,6.144,3.072,0.00026402276061837535,0.9933513018354687,0.0,0.0
74,Device,Mul,gradient_tape/categorical_crossentropy/mul,2,6.144,3.072,6.144,3.072,0.00026402276061837535,0.993615324596087,0.0,0.0
75,Device,Mul,gradient_tape/categorical_crossentropy/mul/Mul,2,6.144,3.072,6.144,3.072,0.00026402276061837535,0.9938793473567054,0.0,0.0
76,Device,Neg,gradient_tape/categorical_crossentropy/truediv/Neg,2,6.144,3.072,6.144,3.072,0.00026402276061837535,0.9941433701173237,0.0,0.0
77,Device,RealDiv,gradient_tape/categorical_crossentropy/truediv/RealDiv,2,6.144,3.072,6.144,3.072,0.00026402276061837535,0.994407392877942,0.0,0.0
78,Device,RealDiv,gradient_tape/categorical_crossentropy/truediv/RealDiv_1,2,6.144,3.072,6.144,3.072,0.00026402276061837535,0.9946714156385603,0.0,0.0
79,Device,RealDiv,gradient_tape/categorical_crossentropy/truediv/RealDiv_2,2,6.144,3.072,6.144,3.072,0.00026402276061837535,0.9949354383991786,0.0,0.0
80,Device,Mul,gradient_tape/categorical_crossentropy/truediv/mul,2,6.144,3.072,6.144,3.072,0.00026402276061837535,0.995199461159797,0.0,0.0
81,Device,BiasAddGrad,gradient_tape/sequential/dense_1/BiasAdd/BiasAddGrad,2,6.144,3.072,6.144,3.072,0.00026402276061837535,0.9954634839204153,0.0,0.0
82,Device,BiasAdd,sequential/dense/BiasAdd,2,6.144,3.072,6.144,3.072,0.00026402276061837535,0.9957275066810336,0.0,0.0
83,Device,BiasAdd,sequential/dense_1/BiasAdd,2,6.144,3.072,6.144,3.072,0.00026402276061837535,0.9959915294416519,0.0,0.0
84,Device,_Recv,Size/_14,2,5.376,2.688,5.376,2.688,0.00023101991554107842,0.996222549357193,0.0,0.0
85,Device,AssignAddVariableOp,AssignAddVariableOp_3,2,5.12,2.56,5.12,2.56,0.00022001896718197944,0.9964425683243749,0.0,0.0
86,Device,AssignAddVariableOp,AssignAddVariableOp_4,2,5.12,2.56,5.12,2.56,0.00022001896718197944,0.9966625872915569,0.0,0.0
87,Device,Cast,Cast_1,2,5.12,2.56,5.12,2.56,0.00022001896718197944,0.9968826062587388,0.0,0.0
88,Device,Cast,Cast_2,2,5.12,2.56,5.12,2.56,0.00022001896718197944,0.9971026252259207,0.0,0.0
89,Device,ResourceApplyGradientDescent,SGD/SGD/update_9/ResourceApplyGradientDescent,2,5.12,2.56,5.12,2.56,0.00022001896718197944,0.9973226441931027,0.0,0.0
90,Device,Cast,categorical_crossentropy/weighted_loss/num_elements/Cast,2,5.12,2.56,5.12,2.56,0.00022001896718197944,0.9975426631602846,0.0,0.0
91,Device,DivNoNan,div_no_nan_1,2,5.12,2.56,5.12,2.56,0.00022001896718197944,0.9977626821274665,0.0,0.0
92,Device,Neg,gradient_tape/categorical_crossentropy/Neg,2,5.12,2.56,5.12,2.56,0.00022001896718197944,0.9979827010946485,0.0,0.0
93,Device,Tile,gradient_tape/categorical_crossentropy/weighted_loss/Tile_1,2,5.12,2.56,5.12,2.56,0.00022001896718197944,0.9982027200618304,0.0,0.0
94,Device,DivNoNan,gradient_tape/categorical_crossentropy/weighted_loss/value/div_no_nan,2,5.12,2.56,5.12,2.56,0.00022001896718197944,0.9984227390290124,0.0,0.0
95,Device,ReluGrad,gradient_tape/sequential/dense/ReluGrad,2,5.12,2.56,5.12,2.56,0.00022001896718197944,0.9986427579961943,0.0,0.0
96,Device,Relu,sequential/dense/Relu,2,5.12,2.56,5.12,2.56,0.00022001896718197944,0.9988627769633762,0.0,0.0
97,Device,AssignAddVariableOp,AssignAddVariableOp,2,4.096,2.048,4.096,2.048,0.00017601517374558355,0.9990387921371218,0.0,0.0
98,Device,Sum,categorical_crossentropy/weighted_loss/Sum,2,4.096,2.048,4.096,2.048,0.00017601517374558355,0.9992148073108673,0.0,0.0
99,Device,_Recv,strided_slice/_12,2,3.52,1.76,3.52,1.76,0.00015126303993761087,0.9993660703508049,0.0,0.0
100,Device,_Recv,categorical_crossentropy/weighted_loss/num_elements/_20,2,3.2,1.6,3.2,1.6,0.00013751185448873716,0.9995035822052937,0.0,0.0
101,Device,_Recv,gradient_tape/categorical_crossentropy/Shape/_16,2,3.2,1.6,3.2,1.6,0.00013751185448873716,0.9996410940597824,0.0,0.0
102,Device,LogicalAnd,LogicalAnd,1,3.072,3.072,3.072,3.072,0.00013201138030918767,0.9997731054400916,0.0,0.0
103,Device,_Recv,gradient_tape/categorical_crossentropy/ones/_18,2,3.072,1.536,3.072,1.536,0.00013201138030918767,0.9999051168204007,0.0,0.0
104,Device,_HostRecv,gradient_tape/categorical_crossentropy/DynamicStitch/_22,2,2.208,1.104,2.208,1.104,9.488317959722864e-05,0.999999999999998,0.0,0.0
105,Host,IDLE,IDLE,0,93434.89,0.0,93434.89,0.0,0.0,0.0,0.8823587850788671,0.8823587850788671
106,Host,_Send,IteratorGetNext/_1,2,5027.275,2513.6375,5027.275,2513.6375,0.0,0.0,0.04747541588861892,0.929834200967486
107,Host,GatherV2,GatherV2,2,4304.838,2152.419,4304.838,2152.419,0.0,0.0,0.04065303258388103,0.970487233551367
108,Host,_Send,IteratorGetNext/_3,2,2596.819,1298.4095,2596.819,1298.4095,0.0,0.0,0.024523238138448266,0.9950104716898153
109,Host,GatherV2,GatherV2_1,2,75.13,37.565,75.13,37.565,0.0,0.0,0.0007094953022685133,0.9957199669920838
110,Host,_Send,IteratorGetNext/_6,2,66.08,33.04,66.08,33.04,0.0,0.0,0.0006240310072394963,0.9963439979993233
111,Host,Dataset,Iterator::Root::ParallelMapV2::Zip[1]::ForeverRepeat,2,67.041,33.5205,61.501,30.7505,0.0,0.0,0.0005807889070253671,0.9969247869063487
112,Host,Dataset,Iterator::Root::ParallelMapV2,2,53.431,26.7155,53.431,26.7155,0.0,0.0,0.0005045793091376138,0.9974293662154863
113,Host,IteratorGetNext,IteratorGetNext,2,49.35,24.675,49.35,24.675,0.0,0.0,0.0004660401060422086,0.9978954063215285
114,Host,FlushSummaryWriter,FlushSummaryWriter,1,39.2,39.2,39.2,39.2,0.0,0.0,0.0003701878856505487,0.9982655942071791
115,Host,Dataset,Iterator::Root::ParallelMapV2::Zip[0]::FlatMap[1]::Concatenate[0]::TensorSlice,2,34.35,17.175,34.35,17.175,0.0,0.0,0.00032438657836980476,0.9985899807855488
116,Host,Dataset,Iterator::Root,2,84.341,42.1705,30.91,15.455,0.0,0.0,0.0002919007026902668,0.9988818814882391
117,Host,LogicalAnd,LogicalAnd,1,28.88,28.88,28.88,28.88,0.0,0.0,0.0002727302586119348,0.999154611746851
118,Host,WriteSummary,WriteSummary,1,20.62,20.62,20.62,20.62,0.0,0.0,0.00019472638270699778,0.9993493381295581
119,Host,Dataset,Iterator::Root::ParallelMapV2::Zip[0]::FlatMap[1]::Concatenate,2,54.03,27.015,19.68,9.84,0.0,0.0,0.00018584942830619382,0.9995351875578643
120,Host,Dataset,Iterator::Root::ParallelMapV2::Zip,2,138.841,69.4205,12.46,6.23,0.0,0.0,0.00011766686365321011,0.9996528544215175
121,Host,ReadVariableOp,ReadVariableOp,1,11.69,11.69,11.69,11.69,0.0,0.0,0.00011039531589936003,0.9997632497374169
122,Host,_HostSend,gradient_tape/categorical_crossentropy/mul/Shape/_9,2,11.2,5.6,11.2,5.6,0.0,0.0,0.00010576796732872818,0.9998690177047457
123,Host,Dataset,Iterator::Root::ParallelMapV2::Zip[1]::ForeverRepeat::FromTensor,4,5.54,1.385,5.54,1.385,0.0,0.0,5.231736955367448e-05,0.9999213350742994
124,Host,Dataset,Iterator::Root::ParallelMapV2::Zip[0]::FlatMap,2,59.34,29.67,5.31,2.655,0.0,0.0,5.0145348796030946e-05,0.9999714804230954
125,Host,Identity,Identity,2,3.02,1.51,3.02,1.51,0.0,0.0,2.8519576904710634e-05,1.0
