Rank,Host/device,Type,Operation,#Occurrences,Total time (us),Avg. time (us),Total self-time (us),Avg. self-time (us),Total self-time on Device (%),Cumulative total-self time on Device (%),Total self-time on Host (%),Cumulative total-self time on Host (%)
1,Device,IDLE,IDLE,0,6869.39,0.0,6869.39,0.0,0.8847547723685739,0.8847547723685739,0.0,0.0
2,Device,Conv2DBackpropFilter,gradient_tape/sequential/conv2d/Conv2D/Conv2DBackpropFilter,4,79.872,19.968,79.872,19.968,0.01028725013117944,0.8950420224997534,0.0,0.0
3,Device,Conv2DBackpropInput,gradient_tape/sequential/conv2d_2/Conv2D/Conv2DBackpropInput,2,47.104,23.552,47.104,23.552,0.0060668398209519775,0.9011088623207054,0.0,0.0
4,Device,Conv2DBackpropInput,gradient_tape/sequential/conv2d_1/Conv2D/Conv2DBackpropInput,2,37.888,18.944,37.888,18.944,0.004879849421200504,0.9059887117419059,0.0,0.0
5,Device,Conv2DBackpropFilter,gradient_tape/sequential/conv2d_1/Conv2D/Conv2DBackpropFilter,2,36.864,18.432,36.864,18.432,0.004747961599005895,0.9107366733409118,0.0,0.0
6,Device,_FusedConv2D,sequential/conv2d_2/Relu,2,36.864,18.432,36.864,18.432,0.004747961599005895,0.9154846349399177,0.0,0.0
7,Device,_FusedConv2D,sequential/conv2d/Relu,2,35.84,17.92,35.84,17.92,0.004616073776811288,0.920100708716729,0.0,0.0
8,Device,_Send,IteratorGetNext/_1,2,33.6,16.8,33.6,16.8,0.004327569165760582,0.9244282778824896,0.0,0.0
9,Device,_FusedConv2D,sequential/conv2d_1/Relu,2,32.768,16.384,32.768,16.384,0.004220410310227463,0.9286486881927171,0.0,0.0
10,Device,Conv2DBackpropFilter,gradient_tape/sequential/conv2d_2/Conv2D/Conv2DBackpropFilter,2,29.696,14.848,29.696,14.848,0.0038247468436436384,0.9324734350363607,0.0,0.0
11,Device,MatMul,sequential/dense/MatMul,2,19.456,9.728,19.456,9.728,0.002505868621697556,0.9349793036580583,0.0,0.0
12,Device,MatMul,sequential/dense_1/MatMul,2,19.456,9.728,19.456,9.728,0.002505868621697556,0.9374851722797558,0.0,0.0
13,Device,MatMul,gradient_tape/sequential/dense/MatMul/MatMul,2,15.36,7.68,15.36,7.68,0.001978317332919123,0.9394634896126749,0.0,0.0
14,Device,MaxPoolGrad,gradient_tape/sequential/max_pooling2d_2/MaxPool/MaxPoolGrad,2,11.264,5.632,11.264,5.632,0.0014507660441406903,0.9409142556568156,0.0,0.0
15,Device,MatMul,gradient_tape/sequential/dense/MatMul/MatMul_1,2,10.24,5.12,10.24,5.12,0.001318878221946082,0.9422331338787617,0.0,0.0
16,Device,MatMul,gradient_tape/sequential/dense_1/MatMul/MatMul_1,2,10.24,5.12,10.24,5.12,0.001318878221946082,0.9435520121007078,0.0,0.0
17,Device,MaxPoolGrad,gradient_tape/sequential/max_pooling2d/MaxPool/MaxPoolGrad,2,10.24,5.12,10.24,5.12,0.001318878221946082,0.9448708903226539,0.0,0.0
18,Device,MaxPoolGrad,gradient_tape/sequential/max_pooling2d_1/MaxPool/MaxPoolGrad,2,10.24,5.12,10.24,5.12,0.001318878221946082,0.9461897685446,0.0,0.0
19,Device,Transpose,gradient_tape/sequential/conv2d/Conv2D/Conv2DBackpropFilter-0-TransposeNHWCToNCHW-LayoutOptimizer,2,9.216,4.608,9.216,4.608,0.0011869903997514739,0.9473767589443515,0.0,0.0
20,Device,BiasAddGrad,gradient_tape/sequential/conv2d_1/BiasAdd/BiasAddGrad,2,9.216,4.608,9.216,4.608,0.0011869903997514739,0.9485637493441029,0.0,0.0
21,Device,BiasAddGrad,gradient_tape/sequential/conv2d/BiasAdd/BiasAddGrad,2,8.192,4.096,8.192,4.096,0.0010551025775568657,0.9496188519216597,0.0,0.0
22,Device,ReluGrad,gradient_tape/sequential/conv2d/ReluGrad,2,8.192,4.096,8.192,4.096,0.0010551025775568657,0.9506739544992167,0.0,0.0
23,Device,ReluGrad,gradient_tape/sequential/conv2d_1/ReluGrad,2,8.192,4.096,8.192,4.096,0.0010551025775568657,0.9517290570767736,0.0,0.0
24,Device,BiasAddGrad,gradient_tape/sequential/conv2d_2/BiasAdd/BiasAddGrad,2,8.192,4.096,8.192,4.096,0.0010551025775568657,0.9527841596543305,0.0,0.0
25,Device,MatMul,gradient_tape/sequential/dense_1/MatMul/MatMul,2,8.192,4.096,8.192,4.096,0.0010551025775568657,0.9538392622318874,0.0,0.0
26,Device,MaxPool,sequential/max_pooling2d/MaxPool,2,8.192,4.096,8.192,4.096,0.0010551025775568657,0.9548943648094443,0.0,0.0
27,Device,ArgMax,ArgMax,2,7.168,3.584,7.168,3.584,0.0009232147553622574,0.9558175795648066,0.0,0.0
28,Device,ArgMax,ArgMax_1,2,7.168,3.584,7.168,3.584,0.0009232147553622574,0.9567407943201689,0.0,0.0
29,Device,ResourceApplyGradientDescent,SGD/SGD/update_2/ResourceApplyGradientDescent,2,7.168,3.584,7.168,3.584,0.0009232147553622574,0.9576640090755312,0.0,0.0
30,Device,ResourceApplyGradientDescent,SGD/SGD/update_4/ResourceApplyGradientDescent,2,7.168,3.584,7.168,3.584,0.0009232147553622574,0.9585872238308935,0.0,0.0
31,Device,ResourceApplyGradientDescent,SGD/SGD/update_6/ResourceApplyGradientDescent,2,7.168,3.584,7.168,3.584,0.0009232147553622574,0.9595104385862557,0.0,0.0
32,Device,Transpose,gradient_tape/sequential/max_pooling2d_2/MaxPool/MaxPoolGrad-2-TransposeNHWCToNCHW-LayoutOptimizer,2,7.168,3.584,7.168,3.584,0.0009232147553622574,0.960433653341618,0.0,0.0
33,Device,MaxPool,sequential/max_pooling2d_1/MaxPool,2,7.168,3.584,7.168,3.584,0.0009232147553622574,0.9613568680969803,0.0,0.0
34,Device,AssignAddVariableOp,AssignAddVariableOp,2,6.144,3.072,6.144,3.072,0.0007913269331676492,0.9621481950301479,0.0,0.0
35,Device,AssignAddVariableOp,AssignAddVariableOp_2,2,6.144,3.072,6.144,3.072,0.0007913269331676492,0.9629395219633156,0.0,0.0
36,Device,AssignAddVariableOp,AssignAddVariableOp_4,2,6.144,3.072,6.144,3.072,0.0007913269331676492,0.9637308488964832,0.0,0.0
37,Device,Equal,Equal,2,6.144,3.072,6.144,3.072,0.0007913269331676492,0.9645221758296508,0.0,0.0
38,Device,ResourceApplyGradientDescent,SGD/SGD/update/ResourceApplyGradientDescent,2,6.144,3.072,6.144,3.072,0.0007913269331676492,0.9653135027628185,0.0,0.0
39,Device,ResourceApplyGradientDescent,SGD/SGD/update_1/ResourceApplyGradientDescent,2,6.144,3.072,6.144,3.072,0.0007913269331676492,0.9661048296959861,0.0,0.0
40,Device,ResourceApplyGradientDescent,SGD/SGD/update_3/ResourceApplyGradientDescent,2,6.144,3.072,6.144,3.072,0.0007913269331676492,0.9668961566291537,0.0,0.0
41,Device,ResourceApplyGradientDescent,SGD/SGD/update_5/ResourceApplyGradientDescent,2,6.144,3.072,6.144,3.072,0.0007913269331676492,0.9676874835623214,0.0,0.0
42,Device,ResourceApplyGradientDescent,SGD/SGD/update_7/ResourceApplyGradientDescent,2,6.144,3.072,6.144,3.072,0.0007913269331676492,0.968478810495489,0.0,0.0
43,Device,ResourceApplyGradientDescent,SGD/SGD/update_8/ResourceApplyGradientDescent,2,6.144,3.072,6.144,3.072,0.0007913269331676492,0.9692701374286566,0.0,0.0
44,Device,ResourceApplyGradientDescent,SGD/SGD/update_9/ResourceApplyGradientDescent,2,6.144,3.072,6.144,3.072,0.0007913269331676492,0.9700614643618243,0.0,0.0
45,Device,AddN,SGD/gradients/AddN,2,6.144,3.072,6.144,3.072,0.0007913269331676492,0.9708527912949919,0.0,0.0
46,Device,Sum,Sum_2,2,6.144,3.072,6.144,3.072,0.0007913269331676492,0.9716441182281595,0.0,0.0
47,Device,Log,categorical_crossentropy/Log,2,6.144,3.072,6.144,3.072,0.0007913269331676492,0.9724354451613272,0.0,0.0
48,Device,Sum,categorical_crossentropy/Sum,2,6.144,3.072,6.144,3.072,0.0007913269331676492,0.9732267720944948,0.0,0.0
49,Device,Minimum,categorical_crossentropy/clip_by_value/Minimum,2,6.144,3.072,6.144,3.072,0.0007913269331676492,0.9740180990276625,0.0,0.0
50,Device,DivNoNan,div_no_nan_1,2,6.144,3.072,6.144,3.072,0.0007913269331676492,0.9748094259608301,0.0,0.0
51,Device,Tile,gradient_tape/categorical_crossentropy/Tile_1,2,6.144,3.072,6.144,3.072,0.0007913269331676492,0.9756007528939977,0.0,0.0
52,Device,SelectV2,gradient_tape/categorical_crossentropy/clip_by_value/SelectV2,2,6.144,3.072,6.144,3.072,0.0007913269331676492,0.9763920798271654,0.0,0.0
53,Device,Neg,gradient_tape/categorical_crossentropy/truediv/Neg,2,6.144,3.072,6.144,3.072,0.0007913269331676492,0.977183406760333,0.0,0.0
54,Device,RealDiv,gradient_tape/categorical_crossentropy/truediv/RealDiv_1,2,6.144,3.072,6.144,3.072,0.0007913269331676492,0.9779747336935006,0.0,0.0
55,Device,Sum,gradient_tape/categorical_crossentropy/truediv/Sum_1,2,6.144,3.072,6.144,3.072,0.0007913269331676492,0.9787660606266683,0.0,0.0
56,Device,Mul,gradient_tape/categorical_crossentropy/truediv/mul,2,6.144,3.072,6.144,3.072,0.0007913269331676492,0.9795573875598359,0.0,0.0
57,Device,BiasAddGrad,gradient_tape/sequential/dense/BiasAdd/BiasAddGrad,2,6.144,3.072,6.144,3.072,0.0007913269331676492,0.9803487144930035,0.0,0.0
58,Device,ReluGrad,gradient_tape/sequential/dense/ReluGrad,2,6.144,3.072,6.144,3.072,0.0007913269331676492,0.9811400414261712,0.0,0.0
59,Device,BiasAddGrad,gradient_tape/sequential/dense_1/BiasAdd/BiasAddGrad,2,6.144,3.072,6.144,3.072,0.0007913269331676492,0.9819313683593388,0.0,0.0
60,Device,BiasAdd,sequential/dense/BiasAdd,2,6.144,3.072,6.144,3.072,0.0007913269331676492,0.9827226952925064,0.0,0.0
61,Device,MaxPool,sequential/max_pooling2d_2/MaxPool,2,6.144,3.072,6.144,3.072,0.0007913269331676492,0.9835140222256741,0.0,0.0
62,Device,Transpose,sequential/max_pooling2d_2/MaxPool-0-1-TransposeNCHWToNHWC-LayoutOptimizer,2,6.144,3.072,6.144,3.072,0.0007913269331676492,0.9843053491588417,0.0,0.0
63,Device,AssignAddVariableOp,AssignAddVariableOp_1,2,5.12,2.56,5.12,2.56,0.000659439110973041,0.9849647882698147,0.0,0.0
64,Device,Mul,Mul,2,5.12,2.56,5.12,2.56,0.000659439110973041,0.9856242273807877,0.0,0.0
65,Device,AssignAddVariableOp,SGD/SGD/AssignAddVariableOp,2,5.12,2.56,5.12,2.56,0.000659439110973041,0.9862836664917607,0.0,0.0
66,Device,Neg,categorical_crossentropy/Neg,2,5.12,2.56,5.12,2.56,0.000659439110973041,0.9869431056027337,0.0,0.0
67,Device,Sum,categorical_crossentropy/Sum_1,2,5.12,2.56,5.12,2.56,0.000659439110973041,0.9876025447137067,0.0,0.0
68,Device,Maximum,categorical_crossentropy/clip_by_value,2,5.12,2.56,5.12,2.56,0.000659439110973041,0.9882619838246797,0.0,0.0
69,Device,Mul,categorical_crossentropy/mul,2,5.12,2.56,5.12,2.56,0.000659439110973041,0.9889214229356527,0.0,0.0
70,Device,RealDiv,categorical_crossentropy/truediv,2,5.12,2.56,5.12,2.56,0.000659439110973041,0.9895808620466257,0.0,0.0
71,Device,DivNoNan,categorical_crossentropy/weighted_loss/value,2,5.12,2.56,5.12,2.56,0.000659439110973041,0.9902403011575986,0.0,0.0
72,Device,DivNoNan,div_no_nan,2,5.12,2.56,5.12,2.56,0.000659439110973041,0.9908997402685716,0.0,0.0
73,Device,Reciprocal,gradient_tape/categorical_crossentropy/Reciprocal,2,5.12,2.56,5.12,2.56,0.000659439110973041,0.9915591793795446,0.0,0.0
74,Device,LessEqual,gradient_tape/categorical_crossentropy/clip_by_value/LessEqual,2,5.12,2.56,5.12,2.56,0.000659439110973041,0.9922186184905176,0.0,0.0
75,Device,SelectV2,gradient_tape/categorical_crossentropy/clip_by_value/SelectV2_1,2,5.12,2.56,5.12,2.56,0.000659439110973041,0.9928780576014906,0.0,0.0
76,Device,Mul,gradient_tape/categorical_crossentropy/mul/Mul_1,2,5.12,2.56,5.12,2.56,0.000659439110973041,0.9935374967124636,0.0,0.0
77,Device,RealDiv,gradient_tape/categorical_crossentropy/truediv/RealDiv,2,5.12,2.56,5.12,2.56,0.000659439110973041,0.9941969358234366,0.0,0.0
78,Device,RealDiv,gradient_tape/categorical_crossentropy/truediv/RealDiv_2,2,5.12,2.56,5.12,2.56,0.000659439110973041,0.9948563749344096,0.0,0.0
79,Device,ReluGrad,gradient_tape/sequential/conv2d_2/ReluGrad,2,5.12,2.56,5.12,2.56,0.000659439110973041,0.9955158140453826,0.0,0.0
80,Device,BiasAdd,sequential/dense_1/BiasAdd,2,5.12,2.56,5.12,2.56,0.000659439110973041,0.9961752531563556,0.0,0.0
81,Device,AssignAddVariableOp,AssignAddVariableOp_3,2,4.096,2.048,4.096,2.048,0.0005275512887784328,0.996702804445134,0.0,0.0
82,Device,Cast,Cast_1,2,4.096,2.048,4.096,2.048,0.0005275512887784328,0.9972303557339125,0.0,0.0
83,Device,Sum,categorical_crossentropy/weighted_loss/Sum,2,4.096,2.048,4.096,2.048,0.0005275512887784328,0.997757907022691,0.0,0.0
84,Device,GreaterEqual,gradient_tape/categorical_crossentropy/clip_by_value/GreaterEqual,2,4.096,2.048,4.096,2.048,0.0005275512887784328,0.9982854583114694,0.0,0.0
85,Device,Mul,gradient_tape/categorical_crossentropy/mul,2,4.096,2.048,4.096,2.048,0.0005275512887784328,0.9988130096002479,0.0,0.0
86,Device,Relu,sequential/dense/Relu,2,4.096,2.048,4.096,2.048,0.0005275512887784328,0.9993405608890263,0.0,0.0
87,Device,LogicalAnd,LogicalAnd,1,3.072,3.072,3.072,3.072,0.0003956634665838246,0.9997362243556102,0.0,0.0
88,Device,_Send,IteratorGetNext/_3,2,2.048,1.024,2.048,1.024,0.0002637756443892164,0.9999999999999993,0.0,0.0
89,Host,IDLE,IDLE,0,27723.776,0.0,27723.776,0.0,0.0,0.0,0.947535845180333,0.947535845180333
90,Host,_Send,IteratorGetNext/_3,2,458.295,229.1475,458.295,229.1475,0.0,0.0,0.015663484662656366,0.9631993298429893
91,Host,_Send,IteratorGetNext/_1,2,351.624,175.812,351.624,175.812,0.0,0.0,0.012017711585380338,0.9752170414283696
92,Host,_Send,IteratorGetNext/_6,2,314.644,157.322,314.644,157.322,0.0,0.0,0.01075381897728941,0.9859708604056591
93,Host,GatherV2,GatherV2,2,62.661,31.3305,62.661,31.3305,0.0,0.0,0.002141610998258132,0.9881124714039172
94,Host,Dataset,Iterator::Root::ParallelMapV2,2,58.101,29.0505,58.101,29.0505,0.0,0.0,0.001985760530629829,0.990098231934547
95,Host,Dataset,Iterator::Root::ParallelMapV2::Zip[1]::ForeverRepeat,2,47.632,23.816,43.412,21.706,0.0,0.0,0.0014837237940087458,0.9915819557285558
96,Host,FlushSummaryWriter,FlushSummaryWriter,1,37.881,37.881,37.881,37.881,0.0,0.0,0.0012946867465411706,0.992876642475097
97,Host,IteratorGetNext,IteratorGetNext,2,37.851,18.9255,37.851,18.9255,0.0,0.0,0.0012936614145173002,0.9941703038896142
98,Host,Dataset,Iterator::Root,2,91.541,45.7705,33.44,16.72,0.0,0.0,0.0011429034292742204,0.9953132073188885
99,Host,LogicalAnd,LogicalAnd,1,29.99,29.99,29.99,29.99,0.0,0.0,0.001024990246529123,0.9963381975654176
100,Host,Dataset,Iterator::Root::ParallelMapV2::Zip[0]::FlatMap,2,43.31,21.655,24.93,12.465,0.0,0.0,0.0008520509118363133,0.9971902484772539
101,Host,GatherV2,GatherV2_1,2,20.81,10.405,20.81,10.405,0.0,0.0,0.0007112386472247765,0.9979014871244787
102,Host,WriteSummary,WriteSummary,1,19.35,19.35,19.35,19.35,0.0,0.0,0.0006613391553964165,0.9985628262798751
103,Host,Dataset,Iterator::Root::ParallelMapV2::Zip[0]::FlatMap[1]::TensorSlice,2,18.38,9.19,18.38,9.19,0.0,0.0,0.0006281867532912731,0.9991910130331664
104,Host,Dataset,Iterator::Root::ParallelMapV2::Zip,2,101.662,50.831,10.72,5.36,0.0,0.0,0.00036638530986302765,0.9995573983430294
105,Host,ReadVariableOp,ReadVariableOp,1,6.09,6.09,6.09,6.09,0.0,0.0,0.00020814240084569385,0.999765540743875
106,Host,Dataset,Iterator::Root::ParallelMapV2::Zip[1]::ForeverRepeat::FromTensor,4,4.22,1.055,4.22,1.055,0.0,0.0,0.0001442300380244381,0.9999097707818995
107,Host,Identity,Identity,2,2.64,1.32,2.64,1.32,0.0,0.0,9.022921810059636e-05,1.0
