Rank,Host/device,Type,Operation,#Occurrences,Total time (us),Avg. time (us),Total self-time (us),Avg. self-time (us),Total self-time on Device (%),Cumulative total-self time on Device (%),Total self-time on Host (%),Cumulative total-self time on Host (%)
1,Device,IDLE,IDLE,0,4897.059,0.0,4897.059,0.0,0.2545670239815155,0.2545670239815155,0.0,0.0
2,Device,Conv2DBackpropFilter,gradient_tape/sequential/conv2d_5/Conv2D/Conv2DBackpropFilter,2,994.305,497.1525,994.305,497.1525,0.051687607762116144,0.30625463174363166,0.0,0.0
3,Device,ResourceApplyGradientDescent,SGD/SGD/update_18/ResourceApplyGradientDescent,2,837.632,418.816,837.632,418.816,0.04354317263314261,0.34979780437677427,0.0,0.0
4,Device,_FusedConv2D,sequential/conv2d_5/Relu,4,664.576,166.144,664.576,166.144,0.03454708928962049,0.38434489366639474,0.0,0.0
5,Device,Conv2DBackpropFilter,gradient_tape/sequential/conv2d_7/Conv2D/Conv2DBackpropFilter,2,645.12,322.56,645.12,322.56,0.0335356953042541,0.41788058897064884,0.0,0.0
6,Device,Conv2DBackpropFilter,gradient_tape/sequential/conv2d_6/Conv2D/Conv2DBackpropFilter,2,637.953,318.9765,637.953,318.9765,0.03316312845119483,0.4510437174218437,0.0,0.0
7,Device,Conv2DBackpropInput,gradient_tape/sequential/conv2d_5/Conv2D/Conv2DBackpropInput,4,586.753,146.68825,586.753,146.68825,0.03050156533180959,0.48154528275365327,0.0,0.0
8,Device,_FusedConv2D,sequential/conv2d_6/Relu,4,508.929,127.23225,508.929,127.23225,0.026455989390344017,0.5080012721439973,0.0,0.0
9,Device,_FusedConv2D,sequential/conv2d_7/Relu,4,503.808,125.952,503.808,125.952,0.026189781094750817,0.534191053238748,0.0,0.0
10,Device,Conv2DBackpropInput,gradient_tape/sequential/conv2d_7/Conv2D/Conv2DBackpropInput,4,437.249,109.31225,437.249,109.31225,0.022729801023204675,0.5569208542619527,0.0,0.0
11,Device,Conv2DBackpropInput,gradient_tape/sequential/conv2d_6/Conv2D/Conv2DBackpropInput,4,433.152,108.288,433.152,108.288,0.022516823989999178,0.5794376782519519,0.0,0.0
12,Device,MatMul,gradient_tape/sequential/dense_1/MatMul/MatMul_1,2,405.504,202.752,405.504,202.752,0.021079579905531148,0.600517258157483,0.0,0.0
13,Device,_FusedConv2D,sequential/conv2d_4/Relu,2,379.905,189.9525,379.905,189.9525,0.019748850329493195,0.6202661084869763,0.0,0.0
14,Device,Conv2DBackpropFilter,gradient_tape/sequential/conv2d_3/Conv2D/Conv2DBackpropFilter,2,379.904,189.952,379.904,189.952,0.019748798345838522,0.6400149068328148,0.0,0.0
15,Device,Conv2DBackpropFilter,gradient_tape/sequential/conv2d_4/Conv2D/Conv2DBackpropFilter,2,365.568,182.784,365.568,182.784,0.019003560672410654,0.6590184675052254,0.0,0.0
16,Device,_FusedConv2D,sequential/conv2d_3/Relu,2,360.448,180.224,360.448,180.224,0.018737404360472127,0.6777558718656975,0.0,0.0
17,Device,Conv2DBackpropInput,gradient_tape/sequential/conv2d_4/Conv2D/Conv2DBackpropInput,4,356.352,89.088,356.352,89.088,0.01852447931092131,0.6962803511766188,0.0,0.0
18,Device,Conv2DBackpropInput,gradient_tape/sequential/conv2d_3/Conv2D/Conv2DBackpropInput,2,354.304,177.152,354.304,177.152,0.018418016786145897,0.7146983679627646,0.0,0.0
19,Device,Conv2DBackpropFilter,gradient_tape/sequential/conv2d_1/Conv2D/Conv2DBackpropFilter,4,343.041,85.76025,343.041,85.76025,0.01783252488353582,0.7325308928463005,0.0,0.0
20,Device,MatMul,gradient_tape/sequential/dense_1/MatMul/MatMul,2,337.921,168.9605,337.921,168.9605,0.017566368571597296,0.7500972614178978,0.0,0.0
21,Device,MatMul,sequential/dense_1/MatMul,2,318.465,159.2325,318.465,159.2325,0.0165549745862309,0.7666522360041287,0.0,0.0
22,Device,Conv2DBackpropFilter,gradient_tape/sequential/conv2d_2/Conv2D/Conv2DBackpropFilter,2,243.712,121.856,243.712,121.856,0.012669040448273768,0.7793212764524025,0.0,0.0
23,Device,_FusedConv2D,sequential/conv2d_2/Relu,2,236.544,118.272,236.544,118.272,0.012296421611559836,0.7916176980639623,0.0,0.0
24,Device,Conv2DBackpropInput,gradient_tape/sequential/conv2d_2/Conv2D/Conv2DBackpropInput,2,218.113,109.0565,218.113,109.0565,0.011338310872235823,0.8029560089361981,0.0,0.0
25,Device,ReluGrad,gradient_tape/sequential/conv2d/ReluGrad,2,214.016,107.008,214.016,107.008,0.011125333839030326,0.8140813427752285,0.0,0.0
26,Device,Conv2DBackpropInput,gradient_tape/sequential/conv2d_1/Conv2D/Conv2DBackpropInput,2,210.944,105.472,210.944,105.472,0.01096564005186721,0.8250469828270957,0.0,0.0
27,Device,_FusedConv2D,sequential/conv2d_1/Relu,2,202.753,101.3765,202.753,101.3765,0.010539841936420248,0.8355868247635159,0.0,0.0
28,Device,Conv2DBackpropFilter,gradient_tape/sequential/conv2d/Conv2D/Conv2DBackpropFilter,2,196.608,98.304,196.608,98.304,0.010220402378439344,0.8458072271419552,0.0,0.0
29,Device,MaxPoolGrad,gradient_tape/sequential/max_pooling2d_3/MaxPool/MaxPoolGrad,2,169.984,84.992,169.984,84.992,0.008836389556359016,0.8546436166983142,0.0,0.0
30,Device,MaxPoolGrad,gradient_tape/sequential/max_pooling2d_4/MaxPool/MaxPoolGrad,2,160.768,80.384,160.768,80.384,0.008357308194869672,0.8630009248931839,0.0,0.0
31,Device,MaxPoolGrad,gradient_tape/sequential/max_pooling2d/MaxPool/MaxPoolGrad,2,155.648,77.824,155.648,77.824,0.008091151882931146,0.8710920767761151,0.0,0.0
32,Device,ResourceApplyGradientDescent,SGD/SGD/update_10/ResourceApplyGradientDescent,2,124.928,62.464,124.928,62.464,0.006494214011299999,0.8775862907874151,0.0,0.0
33,Device,_FusedConv2D,sequential/conv2d/Relu,2,122.88,61.44,122.88,61.44,0.006387751486524589,0.8839740422739397,0.0,0.0
34,Device,_Send,IteratorGetNext/_1,2,121.249,60.6245,121.249,60.6245,0.00630296614574886,0.8902770084196886,0.0,0.0
35,Device,ResourceApplyGradientDescent,SGD/SGD/update_14/ResourceApplyGradientDescent,2,115.712,57.856,115.712,57.856,0.006015132649810655,0.8962921410694993,0.0,0.0
36,Device,ResourceApplyGradientDescent,SGD/SGD/update_12/ResourceApplyGradientDescent,2,114.688,57.344,114.688,57.344,0.00596190138742295,0.9022540424569222,0.0,0.0
37,Device,ReluGrad,gradient_tape/sequential/conv2d_1/ReluGrad,2,106.496,53.248,106.496,53.248,0.005536051288321311,0.9077900937452436,0.0,0.0
38,Device,ResourceApplyGradientDescent,SGD/SGD/update_16/ResourceApplyGradientDescent,2,101.376,50.688,101.376,50.688,0.005269894976382787,0.9130599887216263,0.0,0.0
39,Device,MaxPoolGrad,gradient_tape/sequential/max_pooling2d_2/MaxPool/MaxPoolGrad,2,99.328,49.664,99.328,49.664,0.005163432451607376,0.9182234211732336,0.0,0.0
40,Device,SoftmaxCrossEntropyWithLogits,categorical_crossentropy/softmax_cross_entropy_with_logits,2,97.28,48.64,97.28,48.64,0.005056969926831967,0.9232803911000655,0.0,0.0
41,Device,MaxPool,sequential/max_pooling2d/MaxPool,2,92.16,46.08,92.16,46.08,0.004790813614893442,0.928071204714959,0.0,0.0
42,Device,MaxPoolGrad,gradient_tape/sequential/max_pooling2d_1/MaxPool/MaxPoolGrad,2,84.992,42.496,84.992,42.496,0.004418194778179508,0.9324893994931385,0.0,0.0
43,Device,BiasAddGrad,gradient_tape/sequential/conv2d/BiasAdd/BiasAddGrad,2,77.824,38.912,77.824,38.912,0.004045575941465573,0.9365349754346041,0.0,0.0
44,Device,MatMul,gradient_tape/sequential/dense/MatMul/MatMul,2,67.584,33.792,67.584,33.792,0.0035132633175885245,0.9400482387521926,0.0,0.0
45,Device,ResourceApplyGradientDescent,SGD/SGD/update_8/ResourceApplyGradientDescent,2,64.512,32.256,64.512,32.256,0.0033535695304254096,0.943401808282618,0.0,0.0
46,Device,MatMul,gradient_tape/sequential/dense/MatMul/MatMul_1,2,63.489,31.7445,63.489,31.7445,0.00330039025169238,0.9467021985343104,0.0,0.0
47,Device,BiasAddGrad,gradient_tape/sequential/conv2d_1/BiasAdd/BiasAddGrad,2,60.416,30.208,60.416,30.208,0.0031406444808745894,0.949842843015185,0.0,0.0
48,Device,ReluGrad,gradient_tape/sequential/conv2d_3/ReluGrad,2,57.344,28.672,57.344,28.672,0.002980950693711475,0.9528237937088965,0.0,0.0
49,Device,ReluGrad,gradient_tape/sequential/conv2d_2/ReluGrad,2,53.248,26.624,53.248,26.624,0.0027680256441606553,0.9555918193530571,0.0,0.0
50,Device,MatMul,sequential/dense/MatMul,2,51.2,25.6,51.2,25.6,0.0026615631193852456,0.9582533824724424,0.0,0.0
51,Device,MaxPool,sequential/max_pooling2d_1/MaxPool,2,45.056,22.528,45.056,22.528,0.002342175545059016,0.9605955580175014,0.0,0.0
52,Device,BiasAddGrad,gradient_tape/sequential/conv2d_3/BiasAdd/BiasAddGrad,2,39.936,19.968,39.936,19.968,0.002076019233120492,0.9626715772506219,0.0,0.0
53,Device,BiasAddGrad,gradient_tape/sequential/conv2d_2/BiasAdd/BiasAddGrad,2,37.888,18.944,37.888,18.944,0.0019695567083450817,0.964641133958967,0.0,0.0
54,Device,ResourceApplyGradientDescent,SGD/SGD/update_6/ResourceApplyGradientDescent,2,35.84,17.92,35.84,17.92,0.001863094183569672,0.9665042281425367,0.0,0.0
55,Device,ReluGrad,gradient_tape/sequential/conv2d_4/ReluGrad,2,29.696,14.848,29.696,14.848,0.0015437066092434425,0.9680479347517801,0.0,0.0
56,Device,BiasAddGrad,gradient_tape/sequential/conv2d_5/BiasAdd/BiasAddGrad,2,27.648,13.824,27.648,13.824,0.0014372440844680327,0.9694851788362481,0.0,0.0
57,Device,BiasAddGrad,gradient_tape/sequential/conv2d_6/BiasAdd/BiasAddGrad,2,25.6,12.8,25.6,12.8,0.0013307815596926228,0.9708159603959406,0.0,0.0
58,Device,BiasAddGrad,gradient_tape/sequential/conv2d_7/BiasAdd/BiasAddGrad,2,25.6,12.8,25.6,12.8,0.0013307815596926228,0.9721467419556332,0.0,0.0
59,Device,MatMul,sequential/dense_2/MatMul,2,23.552,11.776,23.552,11.776,0.001224319034917213,0.9733710609905505,0.0,0.0
60,Device,BiasAddGrad,gradient_tape/sequential/conv2d_4/BiasAdd/BiasAddGrad,2,22.528,11.264,22.528,11.264,0.001171087772529508,0.97454214876308,0.0,0.0
61,Device,ResourceApplyGradientDescent,SGD/SGD/update_4/ResourceApplyGradientDescent,2,20.48,10.24,20.48,10.24,0.0010646252477540983,0.9756067740108341,0.0,0.0
62,Device,Softmax,sequential/dense_2/Softmax,2,19.456,9.728,19.456,9.728,0.0010113939853663933,0.9766181679962005,0.0,0.0
63,Device,ReluGrad,gradient_tape/sequential/dense/ReluGrad,2,18.432,9.216,18.432,9.216,0.0009581627229786883,0.9775763307191792,0.0,0.0
64,Device,MaxPool,sequential/max_pooling2d_2/MaxPool,2,16.384,8.192,16.384,8.192,0.0008517001982032786,0.9784280309173824,0.0,0.0
65,Device,Transpose,gradient_tape/sequential/conv2d/Conv2D/Conv2DBackpropFilter-0-TransposeNHWCToNCHW-LayoutOptimizer,2,15.36,7.68,15.36,7.68,0.0007984689358155737,0.979226499853198,0.0,0.0
66,Device,BiasAddGrad,gradient_tape/sequential/dense/BiasAdd/BiasAddGrad,2,14.336,7.168,14.336,7.168,0.0007452376734278687,0.9799717375266258,0.0,0.0
67,Device,BiasAddGrad,gradient_tape/sequential/dense_1/BiasAdd/BiasAddGrad,2,13.312,6.656,13.312,6.656,0.0006920064110401638,0.980663743937666,0.0,0.0
68,Device,MatMul,gradient_tape/sequential/dense_2/MatMul/MatMul_1,2,13.312,6.656,13.312,6.656,0.0006920064110401638,0.9813557503487061,0.0,0.0
69,Device,ReluGrad,gradient_tape/sequential/conv2d_6/ReluGrad,2,12.288,6.144,12.288,6.144,0.000638775148652459,0.9819945254973586,0.0,0.0
70,Device,ReluGrad,gradient_tape/sequential/dense_1/ReluGrad,2,11.264,5.632,11.264,5.632,0.000585543886264754,0.9825800693836233,0.0,0.0
71,Device,MatMul,gradient_tape/sequential/dense_2/MatMul/MatMul,2,11.264,5.632,11.264,5.632,0.000585543886264754,0.983165613269888,0.0,0.0
72,Device,MaxPool,sequential/max_pooling2d_3/MaxPool,2,11.264,5.632,11.264,5.632,0.000585543886264754,0.9837511571561528,0.0,0.0
73,Device,ResourceApplyGradientDescent,SGD/SGD/update_2/ResourceApplyGradientDescent,2,10.24,5.12,10.24,5.12,0.0005323126238770492,0.9842834697800299,0.0,0.0
74,Device,ReluGrad,gradient_tape/sequential/conv2d_5/ReluGrad,2,10.24,5.12,10.24,5.12,0.0005323126238770492,0.984815782403907,0.0,0.0
75,Device,ResourceApplyGradientDescent,SGD/SGD/update_17/ResourceApplyGradientDescent,2,9.216,4.608,9.216,4.608,0.00047908136148934417,0.9852948637653963,0.0,0.0
76,Device,BiasAdd,sequential/dense/BiasAdd,2,9.216,4.608,9.216,4.608,0.00047908136148934417,0.9857739451268857,0.0,0.0
77,Device,Relu,sequential/dense/Relu,2,8.192,4.096,8.192,4.096,0.0004258500991016393,0.9861997952259873,0.0,0.0
78,Device,BiasAdd,sequential/dense_1/BiasAdd,2,8.192,4.096,8.192,4.096,0.0004258500991016393,0.986625645325089,0.0,0.0
79,Device,MaxPool,sequential/max_pooling2d_4/MaxPool,2,8.192,4.096,8.192,4.096,0.0004258500991016393,0.9870514954241907,0.0,0.0
80,Device,ArgMax,ArgMax,2,7.168,3.584,7.168,3.584,0.0003726188367139344,0.9874241142609046,0.0,0.0
81,Device,ArgMax,ArgMax_1,2,7.168,3.584,7.168,3.584,0.0003726188367139344,0.9877967330976185,0.0,0.0
82,Device,ResourceApplyGradientDescent,SGD/SGD/update_19/ResourceApplyGradientDescent,2,7.168,3.584,7.168,3.584,0.0003726188367139344,0.9881693519343324,0.0,0.0
83,Device,ResourceApplyGradientDescent,SGD/SGD/update_20/ResourceApplyGradientDescent,2,7.168,3.584,7.168,3.584,0.0003726188367139344,0.9885419707710463,0.0,0.0
84,Device,ResourceApplyGradientDescent,SGD/SGD/update_3/ResourceApplyGradientDescent,2,7.168,3.584,7.168,3.584,0.0003726188367139344,0.9889145896077602,0.0,0.0
85,Device,ResourceApplyGradientDescent,SGD/SGD/update_9/ResourceApplyGradientDescent,2,7.168,3.584,7.168,3.584,0.0003726188367139344,0.9892872084444742,0.0,0.0
86,Device,ReluGrad,gradient_tape/sequential/conv2d_7/ReluGrad,2,7.168,3.584,7.168,3.584,0.0003726188367139344,0.9896598272811881,0.0,0.0
87,Device,BiasAddGrad,gradient_tape/sequential/dense_2/BiasAdd/BiasAddGrad,2,7.168,3.584,7.168,3.584,0.0003726188367139344,0.990032446117902,0.0,0.0
88,Device,AssignAddVariableOp,AssignAddVariableOp_1,2,6.144,3.072,6.144,3.072,0.0003193875743262295,0.9903518336922282,0.0,0.0
89,Device,AssignAddVariableOp,AssignAddVariableOp_2,2,6.144,3.072,6.144,3.072,0.0003193875743262295,0.9906712212665545,0.0,0.0
90,Device,AssignAddVariableOp,AssignAddVariableOp_3,2,6.144,3.072,6.144,3.072,0.0003193875743262295,0.9909906088408807,0.0,0.0
91,Device,AssignAddVariableOp,AssignAddVariableOp_4,2,6.144,3.072,6.144,3.072,0.0003193875743262295,0.991309996415207,0.0,0.0
92,Device,Cast,Cast,2,6.144,3.072,6.144,3.072,0.0003193875743262295,0.9916293839895333,0.0,0.0
93,Device,Cast,Cast_1,2,6.144,3.072,6.144,3.072,0.0003193875743262295,0.9919487715638595,0.0,0.0
94,Device,Equal,Equal,2,6.144,3.072,6.144,3.072,0.0003193875743262295,0.9922681591381858,0.0,0.0
95,Device,ResourceApplyGradientDescent,SGD/SGD/update/ResourceApplyGradientDescent,2,6.144,3.072,6.144,3.072,0.0003193875743262295,0.992587546712512,0.0,0.0
96,Device,ResourceApplyGradientDescent,SGD/SGD/update_1/ResourceApplyGradientDescent,2,6.144,3.072,6.144,3.072,0.0003193875743262295,0.9929069342868383,0.0,0.0
97,Device,ResourceApplyGradientDescent,SGD/SGD/update_11/ResourceApplyGradientDescent,2,6.144,3.072,6.144,3.072,0.0003193875743262295,0.9932263218611646,0.0,0.0
98,Device,ResourceApplyGradientDescent,SGD/SGD/update_13/ResourceApplyGradientDescent,2,6.144,3.072,6.144,3.072,0.0003193875743262295,0.9935457094354908,0.0,0.0
99,Device,ResourceApplyGradientDescent,SGD/SGD/update_15/ResourceApplyGradientDescent,2,6.144,3.072,6.144,3.072,0.0003193875743262295,0.9938650970098171,0.0,0.0
100,Device,ResourceApplyGradientDescent,SGD/SGD/update_21/ResourceApplyGradientDescent,2,6.144,3.072,6.144,3.072,0.0003193875743262295,0.9941844845841433,0.0,0.0
101,Device,ResourceApplyGradientDescent,SGD/SGD/update_5/ResourceApplyGradientDescent,2,6.144,3.072,6.144,3.072,0.0003193875743262295,0.9945038721584696,0.0,0.0
102,Device,ResourceApplyGradientDescent,SGD/SGD/update_7/ResourceApplyGradientDescent,2,6.144,3.072,6.144,3.072,0.0003193875743262295,0.9948232597327958,0.0,0.0
103,Device,Sum,categorical_crossentropy/weighted_loss/Sum,2,6.144,3.072,6.144,3.072,0.0003193875743262295,0.9951426473071221,0.0,0.0
104,Device,DivNoNan,div_no_nan_1,2,6.144,3.072,6.144,3.072,0.0003193875743262295,0.9954620348814484,0.0,0.0
105,Device,Tile,gradient_tape/categorical_crossentropy/weighted_loss/Tile_1,2,6.144,3.072,6.144,3.072,0.0003193875743262295,0.9957814224557746,0.0,0.0
106,Device,DivNoNan,gradient_tape/categorical_crossentropy/weighted_loss/value/div_no_nan,2,6.144,3.072,6.144,3.072,0.0003193875743262295,0.9961008100301009,0.0,0.0
107,Device,Relu,sequential/dense_1/Relu,2,6.144,3.072,6.144,3.072,0.0003193875743262295,0.9964201976044271,0.0,0.0
108,Device,BiasAdd,sequential/dense_2/BiasAdd,2,6.144,3.072,6.144,3.072,0.0003193875743262295,0.9967395851787534,0.0,0.0
109,Device,AssignAddVariableOp,AssignAddVariableOp,2,5.12,2.56,5.12,2.56,0.0002661563119385246,0.9970057414906919,0.0,0.0
110,Device,Cast,Cast_2,2,5.12,2.56,5.12,2.56,0.0002661563119385246,0.9972718978026304,0.0,0.0
111,Device,Mul,Mul,2,5.12,2.56,5.12,2.56,0.0002661563119385246,0.9975380541145689,0.0,0.0
112,Device,AssignAddVariableOp,SGD/SGD/AssignAddVariableOp,2,5.12,2.56,5.12,2.56,0.0002661563119385246,0.9978042104265074,0.0,0.0
113,Device,Sum,Sum_2,2,5.12,2.56,5.12,2.56,0.0002661563119385246,0.9980703667384458,0.0,0.0
114,Device,Cast,categorical_crossentropy/weighted_loss/num_elements/Cast,2,5.12,2.56,5.12,2.56,0.0002661563119385246,0.9983365230503843,0.0,0.0
115,Device,DivNoNan,categorical_crossentropy/weighted_loss/value,2,5.12,2.56,5.12,2.56,0.0002661563119385246,0.9986026793623228,0.0,0.0
116,Device,DivNoNan,div_no_nan,2,5.12,2.56,5.12,2.56,0.0002661563119385246,0.9988688356742613,0.0,0.0
117,Device,Mul,gradient_tape/categorical_crossentropy/softmax_cross_entropy_with_logits/mul,2,5.12,2.56,5.12,2.56,0.0002661563119385246,0.9991349919861998,0.0,0.0
118,Device,_Recv,categorical_crossentropy/weighted_loss/num_elements/_14,2,4.512,2.256,4.512,2.256,0.00023455024989582475,0.9993695422360956,0.0,0.0
119,Device,_Recv,Size/_16,2,3.52,1.76,3.52,1.76,0.00018298246445773564,0.9995525247005533,0.0,0.0
120,Device,_Recv,strided_slice/_12,2,3.488,1.744,3.488,1.744,0.00018131898750811985,0.9997338436880615,0.0,0.0
121,Device,LogicalAnd,LogicalAnd,1,3.072,3.072,3.072,3.072,0.00015969378716311475,0.9998935374752246,0.0,0.0
122,Device,_Send,IteratorGetNext/_3,2,2.048,1.024,2.048,1.024,0.00010646252477540982,1.0,0.0,0.0
123,Host,IDLE,IDLE,0,83235.093,0.0,83235.093,0.0,0.0,0.0,0.978271145359776,0.978271145359776
124,Host,_Send,IteratorGetNext/_3,2,574.675,287.3375,574.675,287.3375,0.0,0.0,0.0067542180851486435,0.9850253634449246
125,Host,_Send,IteratorGetNext/_1,2,550.326,275.163,550.326,275.163,0.0,0.0,0.006468041626880433,0.9914934050718051
126,Host,GatherV2,GatherV2,2,209.492,104.746,209.492,104.746,0.0,0.0,0.002462182372808909,0.993955587444614
127,Host,_Send,IteratorGetNext/_6,2,138.521,69.2605,138.521,69.2605,0.0,0.0,0.0016280524529044681,0.9955836398975184
128,Host,IteratorGetNext,IteratorGetNext,2,46.981,23.4905,46.981,23.4905,0.0,0.0,0.0005521728278737869,0.9961358127253922
129,Host,Dataset,Iterator::Root::ParallelMapV2::Zip[1]::ForeverRepeat,2,49.31,24.655,46.34,23.17,0.0,0.0,0.0005446390848145268,0.9966804518102067
130,Host,Dataset,Iterator::Root::ParallelMapV2,2,42.96,21.48,42.96,21.48,0.0,0.0,0.0005049135753912833,0.997185365385598
131,Host,Dataset,Iterator::Root::ParallelMapV2::Zip[0]::FlatMap[1]::Concatenate,2,58.4,29.2,37.95,18.975,0.0,0.0,0.00044603049781422727,0.9976313958834122
132,Host,FlushSummaryWriter,FlushSummaryWriter,1,37.69,37.69,37.69,37.69,0.0,0.0,0.00044297468939705464,0.9980743705728092
133,Host,LogicalAnd,LogicalAnd,1,35.86,35.86,35.86,35.86,0.0,0.0,0.0004214664993838785,0.9984958370721931
134,Host,GatherV2,GatherV2_1,2,28.86,14.43,28.86,14.43,0.0,0.0,0.0003391947343061554,0.9988350318064992
135,Host,Dataset,Iterator::Root,2,68.29,34.145,25.33,12.665,0.0,0.0,0.00029770625848838934,0.9991327380649876
136,Host,Dataset,Iterator::Root::ParallelMapV2::Zip[0]::FlatMap[1]::Concatenate[0]::TensorSlice,2,20.45,10.225,20.45,10.225,0.0,0.0,0.00024035108511991955,0.9993730891501075
137,Host,WriteSummary,WriteSummary,1,20.32,20.32,20.32,20.32,0.0,0.0,0.00023882318091133326,0.9996119123310188
138,Host,Dataset,Iterator::Root::ParallelMapV2::Zip,2,122.11,61.055,10.54,5.27,0.0,0.0,0.0001238777719884573,0.9997357901030072
139,Host,_HostSend,categorical_crossentropy/softmax_cross_entropy_with_logits/Shape_2/_9,2,7.23,3.615,7.23,3.615,0.0,0.0,8.497498021599113e-05,0.9998207650832232
140,Host,ReadVariableOp,ReadVariableOp,1,5.93,5.93,5.93,5.93,0.0,0.0,6.969593813012826e-05,0.9998904610213533
141,Host,Dataset,Iterator::Root::ParallelMapV2::Zip[0]::FlatMap,2,62.26,31.13,3.86,1.93,0.0,0.0,4.536700188571587e-05,0.999935828023239
142,Host,Dataset,Iterator::Root::ParallelMapV2::Zip[1]::ForeverRepeat::FromTensor,4,2.97,0.7425,2.97,0.7425,0.0,0.0,3.490673461154822e-05,0.9999707347578506
143,Host,Identity,Identity,2,2.49,1.245,2.49,1.245,0.0,0.0,2.9265242149075783e-05,0.9999999999999997
