Rank,Host/device,Type,Operation,#Occurrences,Total time (us),Avg. time (us),Total self-time (us),Avg. self-time (us),Total self-time on Device (%),Cumulative total-self time on Device (%),Total self-time on Host (%),Cumulative total-self time on Host (%)
1,Device,Conv2DBackpropFilter,gradient_tape/sequential/conv2d_1/Conv2D/Conv2DBackpropFilter,2,38796.305,19398.1525,38796.305,19398.1525,0.07525422931224235,0.07525422931224235,0.0,0.0
2,Device,Conv2DBackpropFilter,gradient_tape/sequential/conv2d_3/Conv2D/Conv2DBackpropFilter,2,31243.277,15621.6385,31243.277,15621.6385,0.060603419109729835,0.13585764842197218,0.0,0.0
3,Device,Conv2DBackpropInput,gradient_tape/sequential/conv2d_1/Conv2D/Conv2DBackpropInput,2,26373.131,13186.5655,26373.131,13186.5655,0.051156666799990556,0.18701431522196274,0.0,0.0
4,Device,_FusedConv2D,sequential/conv2d_1/Relu,2,26368.011,13184.0055,26368.011,13184.0055,0.05114673539920177,0.2381610506211645,0.0,0.0
5,Device,Conv2DBackpropFilter,gradient_tape/sequential/conv2d_2/Conv2D/Conv2DBackpropFilter,2,21156.873,10578.4365,21156.873,10578.4365,0.041038551796929855,0.27919960241809433,0.0,0.0
6,Device,_FusedConv2D,sequential/conv2d_3/Relu,2,19864.584,9932.292,19864.584,9932.292,0.03853186429811551,0.31773146671620983,0.0,0.0
7,Device,Conv2DBackpropInput,gradient_tape/sequential/conv2d_3/Conv2D/Conv2DBackpropInput,2,19649.544,9824.772,19649.544,9824.772,0.03811474546498683,0.35584621218119666,0.0,0.0
8,Device,MaxPoolGrad,gradient_tape/sequential/max_pooling2d/MaxPool/MaxPoolGrad,2,18454.536,9227.268,18454.536,9227.268,0.035796756520885986,0.39164296870208265,0.0,0.0
9,Device,_FusedConv2D,sequential/conv2d_5/Relu,2,15834.118,7917.059,15834.118,7917.059,0.03071386171773586,0.42235683041981853,0.0,0.0
10,Device,Conv2DBackpropFilter,gradient_tape/sequential/conv2d_5/Conv2D/Conv2DBackpropFilter,2,15661.062,7830.531,15661.062,7830.531,0.030378180371075154,0.4527350107908937,0.0,0.0
11,Device,Conv2DBackpropInput,gradient_tape/sequential/conv2d_5/Conv2D/Conv2DBackpropInput,2,15631.366,7815.683,15631.366,7815.683,0.03032057824650024,0.48305558903739393,0.0,0.0
12,Device,ReluGrad,gradient_tape/sequential/conv2d/ReluGrad,2,14570.502,7285.251,14570.502,7285.251,0.02826279200306539,0.5113183810404593,0.0,0.0
13,Device,ReluGrad,gradient_tape/sequential/conv2d_1/ReluGrad,2,14484.486,7242.243,14484.486,7242.243,0.028095944469813918,0.5394143255102732,0.0,0.0
14,Device,Conv2DBackpropFilter,gradient_tape/sequential/conv2d_7/Conv2D/Conv2DBackpropFilter,2,12351.494,6175.747,12351.494,6175.747,0.023958522901208906,0.5633728484114822,0.0,0.0
15,Device,_FusedConv2D,sequential/conv2d_7/Relu,2,11944.965,5972.4825,11944.965,5972.4825,0.023169967738853197,0.5865428161503353,0.0,0.0
16,Device,Conv2DBackpropFilter,gradient_tape/sequential/conv2d/Conv2D/Conv2DBackpropFilter,2,11768.837,5884.4185,11768.837,5884.4185,0.022828327551719225,0.6093711437020546,0.0,0.0
17,Device,Conv2DBackpropInput,gradient_tape/sequential/conv2d_7/Conv2D/Conv2DBackpropInput,2,11629.573,5814.7865,11629.573,5814.7865,0.02255819345026446,0.631929337152319,0.0,0.0
18,Device,_FusedConv2D,sequential/conv2d_2/Relu,2,11583.493,5791.7465,11583.493,5791.7465,0.022468810843165453,0.6543981479954845,0.0,0.0
19,Device,Conv2DBackpropInput,gradient_tape/sequential/conv2d_2/Conv2D/Conv2DBackpropInput,2,10962.949,5481.4745,10962.949,5481.4745,0.021265125067565532,0.67566327306305,0.0,0.0
20,Device,IDLE,IDLE,0,10591.172,0.0,10591.172,0.0,0.020543979288063657,0.6962072523511136,0.0,0.0
21,Device,Conv2DBackpropFilter,gradient_tape/sequential/conv2d_4/Conv2D/Conv2DBackpropFilter,2,9997.317,4998.6585,9997.317,4998.6585,0.019392062878801956,0.7155993152299155,0.0,0.0
22,Device,_FusedConv2D,sequential/conv2d_4/Relu,2,9884.677,4942.3385,9884.677,4942.3385,0.019173572061448835,0.7347728872913644,0.0,0.0
23,Device,Conv2DBackpropInput,gradient_tape/sequential/conv2d_4/Conv2D/Conv2DBackpropInput,2,9242.628,4621.314,9242.628,4621.314,0.01792817246280933,0.7527010597541737,0.0,0.0
24,Device,_Send,IteratorGetNext/_1,2,7809.412,3904.706,7809.412,3904.706,0.015148125097010584,0.7678491848511843,0.0,0.0
25,Device,_FusedConv2D,sequential/conv2d_6/Relu,2,7274.499,3637.2495,7274.499,3637.2495,0.01411054005987626,0.7819597249110605,0.0,0.0
26,Device,ReluGrad,gradient_tape/sequential/conv2d_3/ReluGrad,2,7227.395,3613.6975,7227.395,3613.6975,0.014019171172619502,0.79597889608368,0.0,0.0
27,Device,ReluGrad,gradient_tape/sequential/conv2d_2/ReluGrad,2,7215.106,3607.553,7215.106,3607.553,0.013995333870999715,0.8099742299546797,0.0,0.0
28,Device,Conv2DBackpropFilter,gradient_tape/sequential/conv2d_6/Conv2D/Conv2DBackpropFilter,2,6977.539,3488.7695,6977.539,3488.7695,0.013534518814127122,0.8235087487688069,0.0,0.0
29,Device,Conv2DBackpropInput,gradient_tape/sequential/conv2d_6/Conv2D/Conv2DBackpropInput,2,6756.355,3378.1775,6756.355,3378.1775,0.013105482300051903,0.8366142310688588,0.0,0.0
30,Device,MaxPool,sequential/max_pooling2d/MaxPool,2,5388.291,2694.1455,5388.291,2694.1455,0.010451812009290361,0.8470660430781491,0.0,0.0
31,Device,MaxPoolGrad,gradient_tape/sequential/max_pooling2d_1/MaxPool/MaxPoolGrad,2,5204.994,2602.497,5204.994,2602.497,0.010096265921325382,0.8571623089994745,0.0,0.0
32,Device,_FusedConv2D,sequential/conv2d/Relu,2,5182.466,2591.233,5182.466,2591.233,0.01005256775785476,0.8672148767573293,0.0,0.0
33,Device,BiasAddGrad,gradient_tape/sequential/conv2d/BiasAdd/BiasAddGrad,2,4163.586,2081.793,4163.586,2081.793,0.008076219000887891,0.8752910957582172,0.0,0.0
34,Device,BiasAddGrad,gradient_tape/sequential/conv2d_1/BiasAdd/BiasAddGrad,2,4163.586,2081.793,4163.586,2081.793,0.008076219000887891,0.883367314759105,0.0,0.0
35,Device,Conv2DBackpropFilter,gradient_tape/sequential/conv2d_9/Conv2D/Conv2DBackpropFilter,2,3690.497,1845.2485,3690.497,1845.2485,0.0071585556282780655,0.8905258703873831,0.0,0.0
36,Device,Conv2DBackpropFilter,gradient_tape/sequential/conv2d_8/Conv2D/Conv2DBackpropFilter,2,3678.21,1839.105,3678.21,1839.105,0.007134722206111715,0.8976605925934947,0.0,0.0
37,Device,ReluGrad,gradient_tape/sequential/conv2d_5/ReluGrad,2,3576.834,1788.417,3576.834,1788.417,0.006938080470493905,0.9045986730639887,0.0,0.0
38,Device,ReluGrad,gradient_tape/sequential/conv2d_4/ReluGrad,2,3559.426,1779.713,3559.426,1779.713,0.006904313707812059,0.9115029867718007,0.0,0.0
39,Device,_FusedConv2D,sequential/conv2d_8/Relu,2,3286.018,1643.009,3286.018,1643.009,0.006373976905691302,0.917876963677492,0.0,0.0
40,Device,_FusedConv2D,sequential/conv2d_9/Relu,2,3279.873,1639.9365,3279.873,1639.9365,0.006362057285018052,0.9242390209625101,0.0,0.0
41,Device,Conv2DBackpropInput,gradient_tape/sequential/conv2d_9/Conv2D/Conv2DBackpropInput,2,3223.554,1611.777,3223.554,1611.777,0.006252813816068208,0.9304918347785783,0.0,0.0
42,Device,Conv2DBackpropInput,gradient_tape/sequential/conv2d_8/Conv2D/Conv2DBackpropInput,2,3220.481,1610.2405,3220.481,1610.2405,0.006246853035868224,0.9367386878144466,0.0,0.0
43,Device,MaxPool,sequential/max_pooling2d_1/MaxPool,2,2655.233,1327.6165,2655.233,1327.6165,0.005150426388787108,0.9418891142032337,0.0,0.0
44,Device,MaxPoolGrad,gradient_tape/sequential/max_pooling2d_2/MaxPool/MaxPoolGrad,2,2534.401,1267.2005,2534.401,1267.2005,0.004916045330171941,0.9468051595334057,0.0,0.0
45,Device,BiasAddGrad,gradient_tape/sequential/conv2d_3/BiasAdd/BiasAddGrad,2,2102.274,1051.137,2102.274,1051.137,0.004077837043325774,0.9508829965767315,0.0,0.0
46,Device,BiasAddGrad,gradient_tape/sequential/conv2d_2/BiasAdd/BiasAddGrad,2,2091.009,1045.5045,2091.009,1045.5045,0.004055986021863746,0.9549389825985952,0.0,0.0
47,Device,ReluGrad,gradient_tape/sequential/conv2d_6/ReluGrad,2,1765.377,882.6885,1765.377,882.6885,0.0034243489316974508,0.9583633315302926,0.0,0.0
48,Device,ReluGrad,gradient_tape/sequential/conv2d_7/ReluGrad,2,1755.136,877.568,1755.136,877.568,0.0034044841903931775,0.9617678157206858,0.0,0.0
49,Device,ResourceApplyGradientDescent,SGD/SGD/update_20/ResourceApplyGradientDescent,2,1685.505,842.7525,1685.505,842.7525,0.0032694190793925103,0.9650372348000783,0.0,0.0
50,Device,MatMul,gradient_tape/sequential/dense/MatMul/MatMul,2,1488.896,744.448,1488.896,744.448,0.0028880513493767094,0.967925286149455,0.0,0.0
51,Device,MatMul,gradient_tape/sequential/dense/MatMul/MatMul_1,2,1412.097,706.0485,1412.097,706.0485,0.0027390822772717528,0.9706643684267268,0.0,0.0
52,Device,MatMul,sequential/dense/MatMul,2,1367.041,683.5205,1367.041,683.5205,0.0026516859503305044,0.9733160543770573,0.0,0.0
53,Device,MaxPool,sequential/max_pooling2d_2/MaxPool,2,1352.705,676.3525,1352.705,676.3525,0.002623878028121925,0.9759399324051792,0.0,0.0
54,Device,MaxPoolGrad,gradient_tape/sequential/max_pooling2d_3/MaxPool/MaxPoolGrad,2,1296.385,648.1925,1296.385,648.1925,0.0025146326194453645,0.9784545650246246,0.0,0.0
55,Device,BiasAddGrad,gradient_tape/sequential/conv2d_5/BiasAdd/BiasAddGrad,2,1057.793,528.8965,1057.793,528.8965,0.002051829342688299,0.9805063943673129,0.0,0.0
56,Device,BiasAddGrad,gradient_tape/sequential/conv2d_4/BiasAdd/BiasAddGrad,2,1055.744,527.872,1055.744,527.872,0.002047854842646071,0.9825542492099589,0.0,0.0
57,Device,ResourceApplyGradientDescent,SGD/SGD/update_22/ResourceApplyGradientDescent,2,852.992,426.496,852.992,426.496,0.0016545713714104533,0.9842088205813694,0.0,0.0
58,Device,MaxPoolGrad,gradient_tape/sequential/max_pooling2d_4/MaxPool/MaxPoolGrad,2,789.505,394.7525,789.505,394.7525,0.0015314239413563198,0.9857402445227257,0.0,0.0
59,Device,MaxPool,sequential/max_pooling2d_3/MaxPool,2,723.968,361.984,723.968,361.984,0.0014043000715332418,0.9871445445942589,0.0,0.0
60,Device,MatMul,gradient_tape/sequential/dense_1/MatMul/MatMul_1,2,705.536,352.768,705.536,352.768,0.0013685470286936403,0.9885130916229525,0.0,0.0
61,Device,MatMul,sequential/dense_1/MatMul,2,690.176,345.088,690.176,345.088,0.0013387528263273058,0.9898518444492799,0.0,0.0
62,Device,MatMul,gradient_tape/sequential/dense_1/MatMul/MatMul,2,686.081,343.0405,686.081,343.0405,0.0013308096454229996,0.9911826540947029,0.0,0.0
63,Device,BiasAddGrad,gradient_tape/sequential/conv2d_6/BiasAdd/BiasAddGrad,2,577.536,288.768,577.536,288.768,0.0011202620089741844,0.992302916103677,0.0,0.0
64,Device,BiasAddGrad,gradient_tape/sequential/conv2d_7/BiasAdd/BiasAddGrad,2,569.344,284.672,569.344,284.672,0.0011043717677121393,0.9934072878713892,0.0,0.0
65,Device,Transpose,gradient_tape/sequential/conv2d/Conv2D/Conv2DBackpropFilter-0-TransposeNHWCToNCHW-LayoutOptimizer,2,482.304,241.152,482.304,241.152,0.0009355379543029093,0.9943428258256921,0.0,0.0
66,Device,ReluGrad,gradient_tape/sequential/conv2d_8/ReluGrad,2,434.176,217.088,434.176,217.088,0.000842182786888394,0.9951850086125805,0.0,0.0
67,Device,ReluGrad,gradient_tape/sequential/conv2d_9/ReluGrad,2,433.152,216.576,433.152,216.576,0.0008401965067306383,0.9960252051193111,0.0,0.0
68,Device,MaxPool,sequential/max_pooling2d_4/MaxPool,2,188.416,94.208,188.416,94.208,0.0003654755490270389,0.9963906806683381,0.0,0.0
69,Device,SoftmaxCrossEntropyWithLogits,categorical_crossentropy/softmax_cross_entropy_with_logits,2,155.648,77.824,155.648,77.824,0.00030191458397885824,0.996692595252317,0.0,0.0
70,Device,BiasAddGrad,gradient_tape/sequential/conv2d_8/BiasAdd/BiasAddGrad,2,147.456,73.728,147.456,73.728,0.00028602434271681306,0.9969786195950339,0.0,0.0
71,Device,BiasAddGrad,gradient_tape/sequential/conv2d_9/BiasAdd/BiasAddGrad,2,147.456,73.728,147.456,73.728,0.00028602434271681306,0.9972646439377507,0.0,0.0
72,Device,ResourceApplyGradientDescent,SGD/SGD/update_14/ResourceApplyGradientDescent,2,125.952,62.976,125.952,62.976,0.00024431245940394447,0.9975089563971546,0.0,0.0
73,Device,ResourceApplyGradientDescent,SGD/SGD/update_18/ResourceApplyGradientDescent,2,122.88,61.44,122.88,61.44,0.00023835361893067756,0.9977473100160853,0.0,0.0
74,Device,ResourceApplyGradientDescent,SGD/SGD/update_16/ResourceApplyGradientDescent,2,121.856,60.928,121.856,60.928,0.0002363673387729219,0.9979836773548583,0.0,0.0
75,Device,Transpose,gradient_tape/sequential/max_pooling2d_4/MaxPool/MaxPoolGrad-2-TransposeNHWCToNCHW-LayoutOptimizer,2,73.728,36.864,73.728,36.864,0.00014301217135840653,0.9981266895262166,0.0,0.0
76,Device,Transpose,sequential/max_pooling2d_4/MaxPool-0-2-TransposeNCHWToNHWC-LayoutOptimizer,2,71.68,35.84,71.68,35.84,0.00013903961104289525,0.9982657291372595,0.0,0.0
77,Device,ResourceApplyGradientDescent,SGD/SGD/update_12/ResourceApplyGradientDescent,2,67.584,33.792,67.584,33.792,0.00013109449041187265,0.9983968236276713,0.0,0.0
78,Device,MatMul,sequential/dense_2/MatMul,2,63.488,31.744,63.488,31.744,0.00012314936978085006,0.9985199729974522,0.0,0.0
79,Device,ReluGrad,gradient_tape/sequential/dense/ReluGrad,2,58.368,29.184,58.368,29.184,0.00011321796899207184,0.9986331909664443,0.0,0.0
80,Device,ReluGrad,gradient_tape/sequential/dense_1/ReluGrad,2,52.224,26.112,52.224,26.112,0.00010130028804553795,0.9987344912544899,0.0,0.0
81,Device,MatMul,gradient_tape/sequential/dense_2/MatMul/MatMul,2,39.936,19.968,39.936,19.968,7.74649261524702e-05,0.9988119561806423,0.0,0.0
82,Device,MatMul,gradient_tape/sequential/dense_2/MatMul/MatMul_1,2,36.864,18.432,36.864,18.432,7.150608567920326e-05,0.9988834622663215,0.0,0.0
83,Device,ResourceApplyGradientDescent,SGD/SGD/update_10/ResourceApplyGradientDescent,2,32.768,16.384,32.768,16.384,6.356096504818069e-05,0.9989470232313697,0.0,0.0
84,Device,BiasAddGrad,gradient_tape/sequential/dense/BiasAdd/BiasAddGrad,2,30.72,15.36,30.72,15.36,5.958840473266939e-05,0.9990066116361024,0.0,0.0
85,Device,BiasAddGrad,gradient_tape/sequential/dense_1/BiasAdd/BiasAddGrad,2,30.72,15.36,30.72,15.36,5.958840473266939e-05,0.999066200040835,0.0,0.0
86,Device,ArgMax,ArgMax,2,28.672,14.336,28.672,14.336,5.56158444171581e-05,0.9991218158852522,0.0,0.0
87,Device,ResourceApplyGradientDescent,SGD/SGD/update_24/ResourceApplyGradientDescent,2,26.624,13.312,26.624,13.312,5.16432841016468e-05,0.9991734591693539,0.0,0.0
88,Device,ArgMax,ArgMax_1,2,23.552,11.776,23.552,11.776,4.5684443628379866e-05,0.9992191436129823,0.0,0.0
89,Device,ResourceApplyGradientDescent,SGD/SGD/update_8/ResourceApplyGradientDescent,2,22.528,11.264,22.528,11.264,4.369816347062422e-05,0.9992628417764529,0.0,0.0
90,Device,Softmax,sequential/dense_2/Softmax,2,21.504,10.752,21.504,10.752,4.1711883312868576e-05,0.9993045536597658,0.0,0.0
91,Device,_Send,IteratorGetNext/_3,2,19.136,9.568,19.136,9.568,3.711861044805864e-05,0.9993416722702139,0.0,0.0
92,Device,Relu,sequential/dense/Relu,2,14.336,7.168,14.336,7.168,2.780792220857905e-05,0.9993694801924224,0.0,0.0
93,Device,BiasAdd,sequential/dense_1/BiasAdd,2,14.336,7.168,14.336,7.168,2.780792220857905e-05,0.999397288114631,0.0,0.0
94,Device,Relu,sequential/dense_1/Relu,2,14.336,7.168,14.336,7.168,2.780792220857905e-05,0.9994250960368396,0.0,0.0
95,Device,ResourceApplyGradientDescent,SGD/SGD/update_6/ResourceApplyGradientDescent,2,13.312,6.656,13.312,6.656,2.58216420508234e-05,0.9994509176788904,0.0,0.0
96,Device,BiasAdd,sequential/dense/BiasAdd,2,13.312,6.656,13.312,6.656,2.58216420508234e-05,0.9994767393209412,0.0,0.0
97,Device,ResourceApplyGradientDescent,SGD/SGD/update_2/ResourceApplyGradientDescent,2,10.24,5.12,10.24,5.12,1.9862801577556464e-05,0.9994966021225187,0.0,0.0
98,Device,ResourceApplyGradientDescent,SGD/SGD/update_21/ResourceApplyGradientDescent,2,10.24,5.12,10.24,5.12,1.9862801577556464e-05,0.9995164649240962,0.0,0.0
99,Device,ResourceApplyGradientDescent,SGD/SGD/update_4/ResourceApplyGradientDescent,2,10.24,5.12,10.24,5.12,1.9862801577556464e-05,0.9995363277256737,0.0,0.0
100,Device,ResourceApplyGradientDescent,SGD/SGD/update_13/ResourceApplyGradientDescent,2,8.192,4.096,8.192,4.096,1.589024126204517e-05,0.9995522179669357,0.0,0.0
101,Device,ResourceApplyGradientDescent,SGD/SGD/update_23/ResourceApplyGradientDescent,2,8.192,4.096,8.192,4.096,1.589024126204517e-05,0.9995681082081977,0.0,0.0
102,Device,ResourceApplyGradientDescent,SGD/SGD/update/ResourceApplyGradientDescent,2,7.168,3.584,7.168,3.584,1.3903961104289525e-05,0.9995820121693021,0.0,0.0
103,Device,ResourceApplyGradientDescent,SGD/SGD/update_1/ResourceApplyGradientDescent,2,7.168,3.584,7.168,3.584,1.3903961104289525e-05,0.9995959161304064,0.0,0.0
104,Device,ResourceApplyGradientDescent,SGD/SGD/update_11/ResourceApplyGradientDescent,2,7.168,3.584,7.168,3.584,1.3903961104289525e-05,0.9996098200915108,0.0,0.0
105,Device,ResourceApplyGradientDescent,SGD/SGD/update_15/ResourceApplyGradientDescent,2,7.168,3.584,7.168,3.584,1.3903961104289525e-05,0.9996237240526151,0.0,0.0
106,Device,ResourceApplyGradientDescent,SGD/SGD/update_17/ResourceApplyGradientDescent,2,7.168,3.584,7.168,3.584,1.3903961104289525e-05,0.9996376280137195,0.0,0.0
107,Device,ResourceApplyGradientDescent,SGD/SGD/update_19/ResourceApplyGradientDescent,2,7.168,3.584,7.168,3.584,1.3903961104289525e-05,0.9996515319748238,0.0,0.0
108,Device,ResourceApplyGradientDescent,SGD/SGD/update_25/ResourceApplyGradientDescent,2,7.168,3.584,7.168,3.584,1.3903961104289525e-05,0.9996654359359282,0.0,0.0
109,Device,Mul,gradient_tape/categorical_crossentropy/softmax_cross_entropy_with_logits/mul,2,7.168,3.584,7.168,3.584,1.3903961104289525e-05,0.9996793398970325,0.0,0.0
110,Device,BiasAddGrad,gradient_tape/sequential/dense_2/BiasAdd/BiasAddGrad,2,7.168,3.584,7.168,3.584,1.3903961104289525e-05,0.9996932438581368,0.0,0.0
111,Device,BiasAdd,sequential/dense_2/BiasAdd,2,7.168,3.584,7.168,3.584,1.3903961104289525e-05,0.9997071478192412,0.0,0.0
112,Device,AssignAddVariableOp,AssignAddVariableOp,2,6.144,3.072,6.144,3.072,1.1917680946533878e-05,0.9997190655001877,0.0,0.0
113,Device,AssignAddVariableOp,AssignAddVariableOp_1,2,6.144,3.072,6.144,3.072,1.1917680946533878e-05,0.9997309831811343,0.0,0.0
114,Device,AssignAddVariableOp,AssignAddVariableOp_2,2,6.144,3.072,6.144,3.072,1.1917680946533878e-05,0.9997429008620808,0.0,0.0
115,Device,AssignAddVariableOp,AssignAddVariableOp_3,2,6.144,3.072,6.144,3.072,1.1917680946533878e-05,0.9997548185430274,0.0,0.0
116,Device,AssignAddVariableOp,AssignAddVariableOp_4,2,6.144,3.072,6.144,3.072,1.1917680946533878e-05,0.9997667362239739,0.0,0.0
117,Device,Cast,Cast,2,6.144,3.072,6.144,3.072,1.1917680946533878e-05,0.9997786539049205,0.0,0.0
118,Device,Cast,Cast_1,2,6.144,3.072,6.144,3.072,1.1917680946533878e-05,0.999790571585867,0.0,0.0
119,Device,Cast,Cast_2,2,6.144,3.072,6.144,3.072,1.1917680946533878e-05,0.9998024892668136,0.0,0.0
120,Device,Equal,Equal,2,6.144,3.072,6.144,3.072,1.1917680946533878e-05,0.9998144069477601,0.0,0.0
121,Device,AssignAddVariableOp,SGD/SGD/AssignAddVariableOp,2,6.144,3.072,6.144,3.072,1.1917680946533878e-05,0.9998263246287067,0.0,0.0
122,Device,ResourceApplyGradientDescent,SGD/SGD/update_3/ResourceApplyGradientDescent,2,6.144,3.072,6.144,3.072,1.1917680946533878e-05,0.9998382423096532,0.0,0.0
123,Device,ResourceApplyGradientDescent,SGD/SGD/update_5/ResourceApplyGradientDescent,2,6.144,3.072,6.144,3.072,1.1917680946533878e-05,0.9998501599905998,0.0,0.0
124,Device,ResourceApplyGradientDescent,SGD/SGD/update_7/ResourceApplyGradientDescent,2,6.144,3.072,6.144,3.072,1.1917680946533878e-05,0.9998620776715463,0.0,0.0
125,Device,ResourceApplyGradientDescent,SGD/SGD/update_9/ResourceApplyGradientDescent,2,6.144,3.072,6.144,3.072,1.1917680946533878e-05,0.9998739953524929,0.0,0.0
126,Device,Sum,categorical_crossentropy/weighted_loss/Sum,2,6.144,3.072,6.144,3.072,1.1917680946533878e-05,0.9998859130334394,0.0,0.0
127,Device,DivNoNan,categorical_crossentropy/weighted_loss/value,2,6.144,3.072,6.144,3.072,1.1917680946533878e-05,0.999897830714386,0.0,0.0
128,Device,DivNoNan,div_no_nan,2,6.144,3.072,6.144,3.072,1.1917680946533878e-05,0.9999097483953325,0.0,0.0
129,Device,DivNoNan,div_no_nan_1,2,6.144,3.072,6.144,3.072,1.1917680946533878e-05,0.9999216660762791,0.0,0.0
130,Device,Tile,gradient_tape/categorical_crossentropy/weighted_loss/Tile_1,2,6.144,3.072,6.144,3.072,1.1917680946533878e-05,0.9999335837572256,0.0,0.0
131,Device,Mul,Mul,2,5.12,2.56,5.12,2.56,9.931400788778232e-06,0.9999435151580144,0.0,0.0
132,Device,Sum,Sum_2,2,5.12,2.56,5.12,2.56,9.931400788778232e-06,0.9999534465588031,0.0,0.0
133,Device,DivNoNan,gradient_tape/categorical_crossentropy/weighted_loss/value/div_no_nan,2,5.12,2.56,5.12,2.56,9.931400788778232e-06,0.9999633779595919,0.0,0.0
134,Device,_Recv,categorical_crossentropy/weighted_loss/num_elements/_14,2,4.992,2.496,4.992,2.496,9.683115769058775e-06,0.999973061075361,0.0,0.0
135,Device,Cast,categorical_crossentropy/weighted_loss/num_elements/Cast,2,4.096,2.048,4.096,2.048,7.945120631022586e-06,0.9999810061959921,0.0,0.0
136,Device,_Recv,Size/_16,2,3.648,1.824,3.648,1.824,7.07612306200449e-06,0.9999880823190541,0.0,0.0
137,Device,LogicalAnd,LogicalAnd,1,3.072,3.072,3.072,3.072,5.958840473266939e-06,0.9999940411595274,0.0,0.0
138,Device,_Recv,strided_slice/_12,2,3.072,1.536,3.072,1.536,5.958840473266939e-06,1.0000000000000007,0.0,0.0
139,Host,IDLE,IDLE,0,2316826.217,0.0,2316826.217,0.0,0.0,0.0,0.9769619935799835,0.9769619935799835
140,Host,GatherV2,GatherV2,2,30229.536,15114.768,30229.536,15114.768,0.0,0.0,0.012747226157428224,0.9897092197374117
141,Host,_Send,IteratorGetNext/_1,2,9508.699,4754.3495,9508.699,4754.3495,0.0,0.0,0.0040096393347192495,0.9937188590721309
142,Host,_Send,IteratorGetNext/_3,2,9247.416,4623.708,9247.416,4623.708,0.0,0.0,0.00389946121315988,0.9976183202852907
143,Host,_Send,IteratorGetNext/_6,2,4138.593,2069.2965,4138.593,2069.2965,0.0,0.0,0.0017451667450188234,0.9993634870303095
144,Host,Dataset,Iterator::Root,2,1028.931,514.4655,987.22,493.61,0.0,0.0,0.00041629208622773076,0.9997797791165373
145,Host,GatherV2,GatherV2_1,2,210.912,105.456,210.912,105.456,0.0,0.0,8.893761926466558e-05,0.9998687167358019
146,Host,Dataset,Iterator::Root::ParallelMapV2::Zip[1]::ForeverRepeat,2,56.581,28.2905,52.651,26.3255,0.0,0.0,2.2201935365953135e-05,0.9998909186711679
147,Host,Dataset,Iterator::Root::ParallelMapV2,2,41.711,20.8555,41.711,20.8555,0.0,0.0,1.7588743348640503e-05,0.9999085074145165
148,Host,FlushSummaryWriter,FlushSummaryWriter,1,37.52,37.52,37.52,37.52,0.0,0.0,1.58214775584616e-05,0.9999243288920749
149,Host,IteratorGetNext,IteratorGetNext,2,32.891,16.4455,32.891,16.4455,0.0,0.0,1.3869515415121545e-05,0.9999381984074901
150,Host,LogicalAnd,LogicalAnd,1,31.34,31.34,31.34,31.34,0.0,0.0,1.3215487917968723e-05,0.9999514138954081
151,Host,Dataset,Iterator::Root::ParallelMapV2::Zip[0]::FlatMap[1]::Concatenate[0]::TensorSlice,2,28.91,14.455,28.91,14.455,0.0,0.0,1.2190802670978805e-05,0.9999636046980791
152,Host,_HostSend,categorical_crossentropy/softmax_cross_entropy_with_logits/Shape_2/_9,2,21.66,10.83,21.66,10.83,0.0,0.0,9.133614176873087e-06,0.999972738312256
153,Host,WriteSummary,WriteSummary,1,20.57,20.57,20.57,20.57,0.0,0.0,8.673981699828226e-06,0.9999814122939558
154,Host,Dataset,Iterator::Root::ParallelMapV2::Zip[0]::FlatMap[1]::Concatenate,2,43.7,21.85,14.79,7.395,0.0,0.0,6.2366645279756664e-06,0.9999876489584837
155,Host,Dataset,Iterator::Root::ParallelMapV2::Zip,2,115.471,57.7355,10.89,5.445,0.0,0.0,4.592107958732591e-06,0.9999922410664425
156,Host,ReadVariableOp,ReadVariableOp,1,7.46,7.46,7.46,7.46,0.0,0.0,3.145741540141885e-06,0.9999953868079826
157,Host,Dataset,Iterator::Root::ParallelMapV2::Zip[0]::FlatMap,2,48.0,24.0,4.3,2.15,0.0,0.0,1.8132290378833919e-06,0.9999972000370205
158,Host,Dataset,Iterator::Root::ParallelMapV2::Zip[1]::ForeverRepeat::FromTensor,4,3.93,0.9825,3.93,0.9825,0.0,0.0,1.6572070043911003e-06,0.9999988572440249
159,Host,Identity,Identity,2,2.71,1.355,2.71,1.355,0.0,0.0,1.1427559750381378e-06,1.0
