Rank,Host/device,Type,Operation,#Occurrences,Total time (us),Avg. time (us),Total self-time (us),Avg. self-time (us),Total self-time on Device (%),Cumulative total-self time on Device (%),Total self-time on Host (%),Cumulative total-self time on Host (%)
1,Device,IDLE,IDLE,0,4538.435,0.0,4538.435,0.0,0.12634596149401,0.12634596149401,0.0,0.0
2,Device,Conv2DBackpropFilter,gradient_tape/sequential/conv2d_5/Conv2D/Conv2DBackpropFilter,2,1474.56,737.28,1474.56,737.28,0.041050428392299845,0.16739638988630984,0.0,0.0
3,Device,Conv2DBackpropFilter,gradient_tape/sequential/conv2d_1/Conv2D/Conv2DBackpropFilter,4,1286.145,321.53625,1286.145,321.53625,0.035805123714609435,0.20320151360091926,0.0,0.0
4,Device,_FusedConv2D,sequential/conv2d_5/Relu,2,1148.928,574.464,1148.928,574.464,0.031985125455666966,0.2351866390565862,0.0,0.0
5,Device,_FusedConv2D,sequential/conv2d_3/Relu,2,1119.234,559.617,1119.234,559.617,0.031158471117640058,0.26634511017422624,0.0,0.0
6,Device,Conv2DBackpropInput,gradient_tape/sequential/conv2d_5/Conv2D/Conv2DBackpropInput,2,1113.09,556.545,1113.09,556.545,0.030987427666005478,0.2973325378402317,0.0,0.0
7,Device,Conv2DBackpropInput,gradient_tape/sequential/conv2d_3/Conv2D/Conv2DBackpropInput,2,1101.824,550.912,1101.824,550.912,0.0306737923264685,0.3280063301667002,0.0,0.0
8,Device,Conv2DBackpropFilter,gradient_tape/sequential/conv2d_3/Conv2D/Conv2DBackpropFilter,2,1085.44,542.72,1085.44,542.72,0.030217676455442946,0.35822400662214315,0.0,0.0
9,Device,Conv2DBackpropFilter,gradient_tape/sequential/conv2d_7/Conv2D/Conv2DBackpropFilter,2,1046.53,523.265,1046.53,523.265,0.029134456939964165,0.38735846356210735,0.0,0.0
10,Device,Conv2DBackpropFilter,gradient_tape/sequential/conv2d_6/Conv2D/Conv2DBackpropFilter,2,1046.528,523.264,1046.528,523.264,0.029134401261757256,0.4164928648238646,0.0,0.0
11,Device,_FusedConv2D,sequential/conv2d_6/Relu,4,1005.57,251.3925,1005.57,251.3925,0.027994167262400282,0.4444870320862649,0.0,0.0
12,Device,_FusedConv2D,sequential/conv2d_7/Relu,4,995.328,248.832,995.328,248.832,0.0277090391648024,0.4721960712510673,0.0,0.0
13,Device,ReluGrad,gradient_tape/sequential/conv2d/ReluGrad,2,868.354,434.177,868.354,434.177,0.02417419684256127,0.49637026809362855,0.0,0.0
14,Device,ResourceApplyGradientDescent,SGD/SGD/update_18/ResourceApplyGradientDescent,2,848.896,424.448,848.896,424.448,0.02363250356751151,0.5200027716611401,0.0,0.0
15,Device,Conv2DBackpropFilter,gradient_tape/sequential/conv2d/Conv2D/Conv2DBackpropFilter,2,826.368,413.184,826.368,413.184,0.023005344244851376,0.5430081159059914,0.0,0.0
16,Device,_FusedConv2D,sequential/conv2d_2/Relu,2,774.144,387.072,774.144,387.072,0.02155147490595742,0.5645595908119488,0.0,0.0
17,Device,Conv2DBackpropInput,gradient_tape/sequential/conv2d_2/Conv2D/Conv2DBackpropInput,2,701.441,350.7205,701.441,350.7205,0.019527488567384982,0.5840870793793338,0.0,0.0
18,Device,Conv2DBackpropFilter,gradient_tape/sequential/conv2d_2/Conv2D/Conv2DBackpropFilter,2,695.296,347.648,695.296,347.648,0.019356417276646942,0.6034434966559807,0.0,0.0
19,Device,_FusedConv2D,sequential/conv2d_1/Relu,2,684.032,342.016,684.032,342.016,0.019042837615316874,0.6224863342712976,0.0,0.0
20,Device,_FusedConv2D,sequential/conv2d_4/Relu,2,672.768,336.384,672.768,336.384,0.018729257953986805,0.6412155922252845,0.0,0.0
21,Device,MatMul,gradient_tape/sequential/dense_1/MatMul/MatMul_1,2,667.648,333.824,667.648,333.824,0.01858672174429132,0.6598023139695758,0.0,0.0
22,Device,MaxPoolGrad,gradient_tape/sequential/max_pooling2d_3/MaxPool/MaxPoolGrad,2,656.384,328.192,656.384,328.192,0.01827314208296125,0.678075456052537,0.0,0.0
23,Device,Conv2DBackpropFilter,gradient_tape/sequential/conv2d_4/Conv2D/Conv2DBackpropFilter,2,643.072,321.536,643.072,321.536,0.01790254793775299,0.6959780039902901,0.0,0.0
24,Device,Conv2DBackpropInput,gradient_tape/sequential/conv2d_4/Conv2D/Conv2DBackpropInput,2,641.024,320.512,641.024,320.512,0.017845533453874796,0.7138235374441648,0.0,0.0
25,Device,MatMul,sequential/dense_1/MatMul,2,640.0,320.0,640.0,320.0,0.017817026211935698,0.7316405636561005,0.0,0.0
26,Device,MatMul,gradient_tape/sequential/dense_1/MatMul/MatMul,2,636.93,318.465,636.93,318.465,0.017731560164325318,0.7493721238204258,0.0,0.0
27,Device,MaxPoolGrad,gradient_tape/sequential/max_pooling2d/MaxPool/MaxPoolGrad,2,626.688,313.344,626.688,313.344,0.017446432066727434,0.7668185558871533,0.0,0.0
28,Device,Conv2DBackpropInput,gradient_tape/sequential/conv2d_1/Conv2D/Conv2DBackpropInput,2,620.545,310.2725,620.545,310.2725,0.017275416454196307,0.7840939723413496,0.0,0.0
29,Device,Conv2DBackpropInput,gradient_tape/sequential/conv2d_7/Conv2D/Conv2DBackpropInput,4,609.28,152.32,609.28,152.32,0.016961808953762782,0.8010557812951123,0.0,0.0
30,Device,Conv2DBackpropInput,gradient_tape/sequential/conv2d_6/Conv2D/Conv2DBackpropInput,4,608.257,152.06425,608.257,152.06425,0.01693332955092714,0.8179891108460395,0.0,0.0
31,Device,MaxPoolGrad,gradient_tape/sequential/max_pooling2d_4/MaxPool/MaxPoolGrad,2,588.8,294.4,588.8,294.4,0.01639166411498084,0.8343807749610204,0.0,0.0
32,Device,_Send,IteratorGetNext/_1,2,542.752,271.376,542.752,271.376,0.015109729079032068,0.8494905040400524,0.0,0.0
33,Device,ReluGrad,gradient_tape/sequential/conv2d_1/ReluGrad,2,436.224,218.112,436.224,218.112,0.012144085066055372,0.8616345891061078,0.0,0.0
34,Device,_FusedConv2D,sequential/conv2d/Relu,2,416.768,208.384,416.768,208.384,0.011602447469212527,0.8732370365753204,0.0,0.0
35,Device,MaxPoolGrad,gradient_tape/sequential/max_pooling2d_2/MaxPool/MaxPoolGrad,2,378.881,189.4405,378.881,189.4405,0.010547707356569389,0.8837847439318898,0.0,0.0
36,Device,MaxPool,sequential/max_pooling2d/MaxPool,2,345.089,172.5445,345.089,172.5445,0.009606968372579185,0.893391712304469,0.0,0.0
37,Device,MaxPoolGrad,gradient_tape/sequential/max_pooling2d_1/MaxPool/MaxPoolGrad,2,319.488,159.744,319.488,159.744,0.0088942594849983,0.9022859717894673,0.0,0.0
38,Device,BiasAddGrad,gradient_tape/sequential/conv2d/BiasAdd/BiasAddGrad,2,306.176,153.088,306.176,153.088,0.008523665339790038,0.9108096371292573,0.0,0.0
39,Device,ReluGrad,gradient_tape/sequential/conv2d_3/ReluGrad,2,211.969,105.9845,211.969,105.9845,0.005901026920496559,0.9167106640497539,0.0,0.0
40,Device,ReluGrad,gradient_tape/sequential/conv2d_2/ReluGrad,2,200.705,100.3525,200.705,100.3525,0.005587447259166492,0.9222981113089204,0.0,0.0
41,Device,MaxPool,sequential/max_pooling2d_1/MaxPool,2,190.464,95.232,190.464,95.232,0.005302347000672064,0.9276004583095925,0.0,0.0
42,Device,BiasAddGrad,gradient_tape/sequential/conv2d_1/BiasAdd/BiasAddGrad,2,162.816,81.408,162.816,81.408,0.004532651468316442,0.932133109777909,0.0,0.0
43,Device,ResourceApplyGradientDescent,SGD/SGD/update_14/ResourceApplyGradientDescent,2,124.928,62.464,124.928,62.464,0.0034778835165698483,0.9356109932944788,0.0,0.0
44,Device,ResourceApplyGradientDescent,SGD/SGD/update_12/ResourceApplyGradientDescent,2,122.881,61.4405,122.881,61.4405,0.00342089687179511,0.939031890166274,0.0,0.0
45,Device,MatMul,gradient_tape/sequential/dense/MatMul/MatMul_1,2,121.856,60.928,121.856,60.928,0.0033923617907525567,0.9424242519570265,0.0,0.0
46,Device,ResourceApplyGradientDescent,SGD/SGD/update_10/ResourceApplyGradientDescent,2,119.808,59.904,119.808,59.904,0.003335347306874363,0.9457595992639009,0.0,0.0
47,Device,ResourceApplyGradientDescent,SGD/SGD/update_16/ResourceApplyGradientDescent,2,112.64,56.32,112.64,56.32,0.003135796613300683,0.9488953958772015,0.0,0.0
48,Device,MatMul,gradient_tape/sequential/dense/MatMul/MatMul,2,110.592,55.296,110.592,55.296,0.0030787821294224887,0.951974178006624,0.0,0.0
49,Device,ReluGrad,gradient_tape/sequential/conv2d_4/ReluGrad,2,108.544,54.272,108.544,54.272,0.0030217676455442945,0.9549959456521683,0.0,0.0
50,Device,SoftmaxCrossEntropyWithLogits,categorical_crossentropy/softmax_cross_entropy_with_logits,2,98.305,49.1525,98.305,49.1525,0.0027367230652567795,0.957732668717425,0.0,0.0
51,Device,BiasAddGrad,gradient_tape/sequential/conv2d_3/BiasAdd/BiasAddGrad,2,96.256,48.128,96.256,48.128,0.002679680742275129,0.9604123494597001,0.0,0.0
52,Device,MaxPool,sequential/max_pooling2d_2/MaxPool,2,96.256,48.128,96.256,48.128,0.002679680742275129,0.9630920302019752,0.0,0.0
53,Device,ReluGrad,gradient_tape/sequential/conv2d_5/ReluGrad,2,95.232,47.616,95.232,47.616,0.002651173500336032,0.9657432037023113,0.0,0.0
54,Device,MatMul,sequential/dense/MatMul,2,95.232,47.616,95.232,47.616,0.002651173500336032,0.9683943772026473,0.0,0.0
55,Device,BiasAddGrad,gradient_tape/sequential/conv2d_2/BiasAdd/BiasAddGrad,2,94.208,47.104,94.208,47.104,0.0026226662583969346,0.9710170434610442,0.0,0.0
56,Device,ResourceApplyGradientDescent,SGD/SGD/update_8/ResourceApplyGradientDescent,2,63.488,31.744,63.488,31.744,0.0017674490002240213,0.9727844924612683,0.0,0.0
57,Device,BiasAddGrad,gradient_tape/sequential/conv2d_4/BiasAdd/BiasAddGrad,2,62.464,31.232,62.464,31.232,0.0017389417582849241,0.9745234342195532,0.0,0.0
58,Device,BiasAddGrad,gradient_tape/sequential/conv2d_5/BiasAdd/BiasAddGrad,2,61.44,30.72,61.44,30.72,0.001710434516345827,0.976233868735899,0.0,0.0
59,Device,ReluGrad,gradient_tape/sequential/dense/ReluGrad,2,57.344,28.672,57.344,28.672,0.0015964055485894386,0.9778302742844884,0.0,0.0
60,Device,ReluGrad,gradient_tape/sequential/dense_1/ReluGrad,2,49.152,24.576,49.152,24.576,0.0013683476130766617,0.9791986218975651,0.0,0.0
61,Device,MaxPool,sequential/max_pooling2d_3/MaxPool,2,43.008,21.504,43.008,21.504,0.001197304161442079,0.9803959260590072,0.0,0.0
62,Device,Transpose,gradient_tape/sequential/conv2d/Conv2D/Conv2DBackpropFilter-0-TransposeNHWCToNCHW-LayoutOptimizer,2,41.984,20.992,41.984,20.992,0.001168796919502982,0.9815647229785102,0.0,0.0
63,Device,BiasAddGrad,gradient_tape/sequential/conv2d_6/BiasAdd/BiasAddGrad,2,35.84,17.92,35.84,17.92,0.0009977534678683993,0.9825624764463785,0.0,0.0
64,Device,BiasAddGrad,gradient_tape/sequential/conv2d_7/BiasAdd/BiasAddGrad,2,35.84,17.92,35.84,17.92,0.0009977534678683993,0.9835602299142469,0.0,0.0
65,Device,ResourceApplyGradientDescent,SGD/SGD/update_6/ResourceApplyGradientDescent,2,34.816,17.408,34.816,17.408,0.0009692462259293021,0.9845294761401762,0.0,0.0
66,Device,MatMul,sequential/dense_2/MatMul,2,34.816,17.408,34.816,17.408,0.0009692462259293021,0.9854987223661055,0.0,0.0
67,Device,BiasAddGrad,gradient_tape/sequential/dense/BiasAdd/BiasAddGrad,2,30.72,15.36,30.72,15.36,0.0008552172581729135,0.9863539396242784,0.0,0.0
68,Device,ReluGrad,gradient_tape/sequential/conv2d_6/ReluGrad,2,29.696,14.848,29.696,14.848,0.0008267100162338164,0.9871806496405122,0.0,0.0
69,Device,BiasAddGrad,gradient_tape/sequential/dense_1/BiasAdd/BiasAddGrad,2,29.696,14.848,29.696,14.848,0.0008267100162338164,0.988007359656746,0.0,0.0
70,Device,MatMul,gradient_tape/sequential/dense_2/MatMul/MatMul,2,25.6,12.8,25.6,12.8,0.000712681048477428,0.9887200407052235,0.0,0.0
71,Device,MatMul,gradient_tape/sequential/dense_2/MatMul/MatMul_1,2,25.6,12.8,25.6,12.8,0.000712681048477428,0.9894327217537009,0.0,0.0
72,Device,ResourceApplyGradientDescent,SGD/SGD/update_4/ResourceApplyGradientDescent,2,20.48,10.24,20.48,10.24,0.0005701448387819423,0.9900028665924828,0.0,0.0
73,Device,Softmax,sequential/dense_2/Softmax,2,18.432,9.216,18.432,9.216,0.0005131303549037481,0.9905159969473866,0.0,0.0
74,Device,BiasAdd,sequential/dense/BiasAdd,2,14.336,7.168,14.336,7.168,0.00039910138714735965,0.990915098334534,0.0,0.0
75,Device,Relu,sequential/dense/Relu,2,13.312,6.656,13.312,6.656,0.0003705941452082625,0.9912856924797422,0.0,0.0
76,Device,BiasAddGrad,gradient_tape/sequential/dense_2/BiasAdd/BiasAddGrad,2,12.288,6.144,12.288,6.144,0.00034208690326916543,0.9916277793830114,0.0,0.0
77,Device,BiasAdd,sequential/dense_1/BiasAdd,2,12.288,6.144,12.288,6.144,0.00034208690326916543,0.9919698662862806,0.0,0.0
78,Device,Relu,sequential/dense_1/Relu,2,12.288,6.144,12.288,6.144,0.00034208690326916543,0.9923119531895498,0.0,0.0
79,Device,MaxPool,sequential/max_pooling2d_4/MaxPool,2,12.288,6.144,12.288,6.144,0.00034208690326916543,0.992654040092819,0.0,0.0
80,Device,ResourceApplyGradientDescent,SGD/SGD/update_2/ResourceApplyGradientDescent,2,10.24,5.12,10.24,5.12,0.00028507241939097115,0.99293911251221,0.0,0.0
81,Device,ReluGrad,gradient_tape/sequential/conv2d_7/ReluGrad,2,10.24,5.12,10.24,5.12,0.00028507241939097115,0.993224184931601,0.0,0.0
82,Device,ArgMax,ArgMax_1,2,8.192,4.096,8.192,4.096,0.00022805793551277693,0.9934522428671138,0.0,0.0
83,Device,ResourceApplyGradientDescent,SGD/SGD/update_11/ResourceApplyGradientDescent,2,8.192,4.096,8.192,4.096,0.00022805793551277693,0.9936803008026265,0.0,0.0
84,Device,ResourceApplyGradientDescent,SGD/SGD/update_13/ResourceApplyGradientDescent,2,8.192,4.096,8.192,4.096,0.00022805793551277693,0.9939083587381392,0.0,0.0
85,Device,ResourceApplyGradientDescent,SGD/SGD/update_17/ResourceApplyGradientDescent,2,8.192,4.096,8.192,4.096,0.00022805793551277693,0.9941364166736519,0.0,0.0
86,Device,ResourceApplyGradientDescent,SGD/SGD/update_19/ResourceApplyGradientDescent,2,8.192,4.096,8.192,4.096,0.00022805793551277693,0.9943644746091647,0.0,0.0
87,Device,ResourceApplyGradientDescent,SGD/SGD/update_9/ResourceApplyGradientDescent,2,8.192,4.096,8.192,4.096,0.00022805793551277693,0.9945925325446774,0.0,0.0
88,Device,ArgMax,ArgMax,2,7.168,3.584,7.168,3.584,0.00019955069357367982,0.9947920832382511,0.0,0.0
89,Device,Cast,Cast_1,2,7.168,3.584,7.168,3.584,0.00019955069357367982,0.9949916339318248,0.0,0.0
90,Device,Equal,Equal,2,7.168,3.584,7.168,3.584,0.00019955069357367982,0.9951911846253985,0.0,0.0
91,Device,ResourceApplyGradientDescent,SGD/SGD/update_15/ResourceApplyGradientDescent,2,7.168,3.584,7.168,3.584,0.00019955069357367982,0.9953907353189722,0.0,0.0
92,Device,ResourceApplyGradientDescent,SGD/SGD/update_20/ResourceApplyGradientDescent,2,7.168,3.584,7.168,3.584,0.00019955069357367982,0.9955902860125458,0.0,0.0
93,Device,ResourceApplyGradientDescent,SGD/SGD/update_21/ResourceApplyGradientDescent,2,7.168,3.584,7.168,3.584,0.00019955069357367982,0.9957898367061195,0.0,0.0
94,Device,ResourceApplyGradientDescent,SGD/SGD/update_3/ResourceApplyGradientDescent,2,7.168,3.584,7.168,3.584,0.00019955069357367982,0.9959893873996932,0.0,0.0
95,Device,AssignAddVariableOp,AssignAddVariableOp_2,2,6.144,3.072,6.144,3.072,0.00017104345163458271,0.9961604308513278,0.0,0.0
96,Device,Mul,Mul,2,6.144,3.072,6.144,3.072,0.00017104345163458271,0.9963314743029623,0.0,0.0
97,Device,AssignAddVariableOp,SGD/SGD/AssignAddVariableOp,2,6.144,3.072,6.144,3.072,0.00017104345163458271,0.9965025177545969,0.0,0.0
98,Device,ResourceApplyGradientDescent,SGD/SGD/update/ResourceApplyGradientDescent,2,6.144,3.072,6.144,3.072,0.00017104345163458271,0.9966735612062314,0.0,0.0
99,Device,ResourceApplyGradientDescent,SGD/SGD/update_1/ResourceApplyGradientDescent,2,6.144,3.072,6.144,3.072,0.00017104345163458271,0.996844604657866,0.0,0.0
100,Device,ResourceApplyGradientDescent,SGD/SGD/update_5/ResourceApplyGradientDescent,2,6.144,3.072,6.144,3.072,0.00017104345163458271,0.9970156481095005,0.0,0.0
101,Device,ResourceApplyGradientDescent,SGD/SGD/update_7/ResourceApplyGradientDescent,2,6.144,3.072,6.144,3.072,0.00017104345163458271,0.997186691561135,0.0,0.0
102,Device,Sum,categorical_crossentropy/weighted_loss/Sum,2,6.144,3.072,6.144,3.072,0.00017104345163458271,0.9973577350127696,0.0,0.0
103,Device,DivNoNan,div_no_nan_1,2,6.144,3.072,6.144,3.072,0.00017104345163458271,0.9975287784644041,0.0,0.0
104,Device,Mul,gradient_tape/categorical_crossentropy/softmax_cross_entropy_with_logits/mul,2,6.144,3.072,6.144,3.072,0.00017104345163458271,0.9976998219160387,0.0,0.0
105,Device,Tile,gradient_tape/categorical_crossentropy/weighted_loss/Tile_1,2,6.144,3.072,6.144,3.072,0.00017104345163458271,0.9978708653676732,0.0,0.0
106,Device,BiasAdd,sequential/dense_2/BiasAdd,2,6.144,3.072,6.144,3.072,0.00017104345163458271,0.9980419088193078,0.0,0.0
107,Device,_Recv,categorical_crossentropy/weighted_loss/num_elements/_14,2,5.344,2.672,5.344,2.672,0.00014877216886966308,0.9981906809881774,0.0,0.0
108,Device,AssignAddVariableOp,AssignAddVariableOp_3,2,5.12,2.56,5.12,2.56,0.00014253620969548558,0.9983332171978729,0.0,0.0
109,Device,AssignAddVariableOp,AssignAddVariableOp_4,2,5.12,2.56,5.12,2.56,0.00014253620969548558,0.9984757534075684,0.0,0.0
110,Device,Cast,Cast,2,5.12,2.56,5.12,2.56,0.00014253620969548558,0.998618289617264,0.0,0.0
111,Device,Sum,Sum_2,2,5.12,2.56,5.12,2.56,0.00014253620969548558,0.9987608258269595,0.0,0.0
112,Device,Cast,categorical_crossentropy/weighted_loss/num_elements/Cast,2,5.12,2.56,5.12,2.56,0.00014253620969548558,0.998903362036655,0.0,0.0
113,Device,DivNoNan,categorical_crossentropy/weighted_loss/value,2,5.12,2.56,5.12,2.56,0.00014253620969548558,0.9990458982463505,0.0,0.0
114,Device,DivNoNan,gradient_tape/categorical_crossentropy/weighted_loss/value/div_no_nan,2,5.12,2.56,5.12,2.56,0.00014253620969548558,0.999188434456046,0.0,0.0
115,Device,AssignAddVariableOp,AssignAddVariableOp,2,4.096,2.048,4.096,2.048,0.00011402896775638847,0.9993024634238024,0.0,0.0
116,Device,AssignAddVariableOp,AssignAddVariableOp_1,2,4.096,2.048,4.096,2.048,0.00011402896775638847,0.9994164923915587,0.0,0.0
117,Device,Cast,Cast_2,2,4.096,2.048,4.096,2.048,0.00011402896775638847,0.9995305213593151,0.0,0.0
118,Device,DivNoNan,div_no_nan,2,4.096,2.048,4.096,2.048,0.00011402896775638847,0.9996445503270714,0.0,0.0
119,Device,_Send,IteratorGetNext/_3,2,4.064,2.032,4.064,2.032,0.00011313811644579169,0.9997576884435172,0.0,0.0
120,Device,_Recv,Size/_16,2,3.584,1.792,3.584,1.792,9.977534678683991e-05,0.999857463790304,0.0,0.0
121,Device,LogicalAnd,LogicalAnd,1,3.072,3.072,3.072,3.072,8.552172581729136e-05,0.9999429855161214,0.0,0.0
122,Device,_Recv,strided_slice/_12,2,2.048,1.024,2.048,1.024,5.7014483878194234e-05,0.9999999999999996,0.0,0.0
123,Host,IDLE,IDLE,0,148893.46,0.0,148893.46,0.0,0.0,0.0,0.9780878851813912,0.9780878851813912
124,Host,_Send,IteratorGetNext/_1,2,844.217,422.1085,844.217,422.1085,0.0,0.0,0.005545699724918599,0.9836335849063098
125,Host,GatherV2,GatherV2,2,794.908,397.454,794.908,397.454,0.0,0.0,0.005221786669701741,0.9888553715760116
126,Host,_Send,IteratorGetNext/_6,2,697.238,348.619,697.238,348.619,0.0,0.0,0.004580188014222403,0.993435559590234
127,Host,_Send,IteratorGetNext/_3,2,583.465,291.7325,583.465,291.7325,0.0,0.0,0.003832808022107623,0.9972683676123416
128,Host,GatherV2,GatherV2_1,2,70.151,35.0755,70.151,35.0755,0.0,0.0,0.0004608250975788982,0.9977291927099206
129,Host,Dataset,Iterator::Root::ParallelMapV2::Zip[1]::ForeverRepeat,2,54.401,27.2005,50.151,25.0755,0.0,0.0,0.0003294441913683244,0.9980586369012889
130,Host,Dataset,Iterator::Root::ParallelMapV2,2,48.99,24.495,48.99,24.495,0.0,0.0,0.0003218175297628006,0.9983804544310517
131,Host,FlushSummaryWriter,FlushSummaryWriter,1,38.41,38.41,38.41,38.41,0.0,0.0,0.000252317030377407,0.9986327714614291
132,Host,IteratorGetNext,IteratorGetNext,2,35.33,17.665,35.33,17.665,0.0,0.0,0.00023208437082097863,0.9988648558322502
133,Host,Dataset,Iterator::Root,2,81.2,40.6,32.21,16.105,0.0,0.0,0.00021158894945212914,0.9990764447817023
134,Host,Dataset,Iterator::Root::ParallelMapV2::Zip[0]::FlatMap[1]::Concatenate,2,52.851,26.4255,32.081,16.0405,0.0,0.0,0.00021074154260707095,0.9992871863243094
135,Host,LogicalAnd,LogicalAnd,1,30.041,30.041,30.041,30.041,0.0,0.0,0.0001973406901735924,0.999484527014483
136,Host,Dataset,Iterator::Root::ParallelMapV2::Zip[0]::FlatMap[1]::Concatenate[0]::TensorSlice,2,20.77,10.385,20.77,10.385,0.0,0.0,0.0001364390710996809,0.9996209660855827
137,Host,WriteSummary,WriteSummary,1,20.77,20.77,20.77,20.77,0.0,0.0,0.0001364390710996809,0.9997574051566824
138,Host,_HostSend,categorical_crossentropy/softmax_cross_entropy_with_logits/Shape_2/_9,2,11.06,5.53,11.06,5.53,0.0,0.0,7.265364113444733e-05,0.9998300587978168
139,Host,Dataset,Iterator::Root::ParallelMapV2::Zip,2,120.172,60.086,9.68,4.84,0.0,0.0,6.358835860591772e-05,0.9998936471564227
140,Host,ReadVariableOp,ReadVariableOp,1,5.92,5.92,5.92,5.92,0.0,0.0,3.888874823832985e-05,0.999932535904661
141,Host,Dataset,Iterator::Root::ParallelMapV2::Zip[1]::ForeverRepeat::FromTensor,4,4.25,1.0625,4.25,1.0625,0.0,0.0,2.7918442569746936e-05,0.9999604543472308
142,Host,Dataset,Iterator::Root::ParallelMapV2::Zip[0]::FlatMap,2,56.091,28.0455,3.24,1.62,0.0,0.0,2.128370680611296e-05,0.9999817380540369
143,Host,Identity,Identity,2,2.78,1.39,2.78,1.39,0.0,0.0,1.826194596326976e-05,1.0000000000000002
