Rank,Host/device,Type,Operation,#Occurrences,Total time (us),Avg. time (us),Total self-time (us),Avg. self-time (us),Total self-time on Device (%),Cumulative total-self time on Device (%),Total self-time on Host (%),Cumulative total-self time on Host (%)
1,Device,DepthwiseConv2dNativeBackpropFilter,gradient_tape/xception/block2_sepconv2/separable_conv2d/DepthwiseConv2dNativeBackpropFilter,2,84317.238,42158.619,84317.238,42158.619,0.16750835917833384,0.16750835917833384,0.0,0.0
2,Device,DepthwiseConv2dNativeBackpropFilter,gradient_tape/xception/block2_sepconv1/separable_conv2d/DepthwiseConv2dNativeBackpropFilter,2,77243.441,38621.7205,77243.441,38621.7205,0.15345524078004597,0.3209635999583798,0.0,0.0
3,Device,DepthwiseConv2dNativeBackpropFilter,gradient_tape/xception/block3_sepconv2/separable_conv2d/DepthwiseConv2dNativeBackpropFilter,2,40170.52,20085.26,40170.52,20085.26,0.07980453406859038,0.4007681340269702,0.0,0.0
4,Device,DepthwiseConv2dNativeBackpropFilter,gradient_tape/xception/block3_sepconv1/separable_conv2d/DepthwiseConv2dNativeBackpropFilter,2,21632.014,10816.007,21632.014,10816.007,0.0429751170319733,0.4437432510589435,0.0,0.0
5,Device,IDLE,IDLE,0,10015.37,0.0,10015.37,0.0,0.01989697759388074,0.4636402286528243,0.0,0.0
6,Device,FusedBatchNormGradV3,gradient_tape/xception/block2_sepconv1_bn/FusedBatchNormGradV3,2,5864.452,2932.226,5864.452,2932.226,0.011650580062882259,0.47529080871570656,0.0,0.0
7,Device,FusedBatchNormGradV3,gradient_tape/xception/block2_sepconv2_bn/FusedBatchNormGradV3,2,5864.452,2932.226,5864.452,2932.226,0.011650580062882259,0.48694138877858884,0.0,0.0
8,Device,FusedBatchNormV3,xception/block2_sepconv2_bn/FusedBatchNormV3,4,4370.434,1092.6085,4370.434,1092.6085,0.008682497738329645,0.49562388651691847,0.0,0.0
9,Device,FusedBatchNormV3,xception/block2_sepconv1_bn/FusedBatchNormV3,4,4357.124,1089.281,4357.124,1089.281,0.008656055502868094,0.5042799420197865,0.0,0.0
10,Device,Conv2DBackpropFilter,gradient_tape/xception/block2_sepconv2/separable_conv2d/Conv2DBackpropFilter,2,4274.178,2137.089,4274.178,2137.089,0.008491271305828739,0.5127712133256153,0.0,0.0
11,Device,_Recv,IteratorGetNext/_2,2,3775.362,1887.681,3775.362,1887.681,0.007500301349105303,0.5202715146747205,0.0,0.0
12,Device,Conv2DBackpropFilter,gradient_tape/xception/block4_sepconv2/separable_conv2d/Conv2DBackpropFilter,2,3581.954,1790.977,3581.954,1790.977,0.007116068450822235,0.5273875831255428,0.0,0.0
13,Device,MaxPoolGrad,gradient_tape/xception/block2_pool/MaxPool/MaxPoolGrad,2,3339.266,1669.633,3339.266,1669.633,0.006633933722069954,0.5340215168476128,0.0,0.0
14,Device,Conv2DBackpropInput,gradient_tape/xception/block4_sepconv2/separable_conv2d/Conv2DBackpropInput,4,3215.362,803.8405,3215.362,803.8405,0.00638778054831879,0.5404092973959316,0.0,0.0
15,Device,DepthwiseConv2dNativeBackpropInput,gradient_tape/xception/block2_sepconv2/separable_conv2d/DepthwiseConv2dNativeBackpropInput,2,3011.586,1505.793,3011.586,1505.793,0.005982950122066875,0.5463922475179984,0.0,0.0
16,Device,Conv2DBackpropFilter,gradient_tape/xception/block2_sepconv1/separable_conv2d/Conv2DBackpropFilter,2,2948.098,1474.049,2948.098,1474.049,0.005856822049566278,0.5522490695675647,0.0,0.0
17,Device,FusedBatchNormGradV3,gradient_tape/xception/block3_sepconv2_bn/FusedBatchNormGradV3,2,2910.21,1455.105,2910.21,1455.105,0.005781552070815922,0.5580306216383806,0.0,0.0
18,Device,FusedBatchNormGradV3,gradient_tape/xception/block3_sepconv1_bn/FusedBatchNormGradV3,2,2899.97,1449.985,2899.97,1449.985,0.0057612088333158255,0.5637918304716965,0.0,0.0
19,Device,Conv2D,xception/block4_sepconv2/separable_conv2d,4,2627.586,656.8965,2627.586,656.8965,0.005220078715813266,0.5690119091875098,0.0,0.0
20,Device,ReluGrad,gradient_tape/xception/block2_sepconv2_act/ReluGrad,2,2583.552,1291.776,2583.552,1291.776,0.005132598821274279,0.574144508008784,0.0,0.0
21,Device,Conv2DBackpropFilter,gradient_tape/xception/block1_conv2/Conv2D/Conv2DBackpropFilter,2,2573.314,1286.657,2573.314,1286.657,0.005112259557062756,0.5792567675658468,0.0,0.0
22,Device,Conv2D,xception/block2_sepconv2/separable_conv2d,2,2536.45,1268.225,2536.45,1268.225,0.005039023902062409,0.5842957914679092,0.0,0.0
23,Device,Conv2DBackpropInput,gradient_tape/xception/block2_sepconv2/separable_conv2d/Conv2DBackpropInput,2,2502.658,1251.329,2502.658,1251.329,0.004971891218312092,0.5892676826862213,0.0,0.0
24,Device,FusedBatchNormGradV3,gradient_tape/xception/block1_conv2_bn/FusedBatchNormGradV3,2,2492.418,1246.209,2492.418,1246.209,0.0049515479808119964,0.5942192306670333,0.0,0.0
25,Device,Conv2DBackpropInput,gradient_tape/xception/block1_conv2/Conv2D/Conv2DBackpropInput,2,2315.266,1157.633,2315.266,1157.633,0.004599609972060332,0.5988188406390936,0.0,0.0
26,Device,FusedBatchNormV3,xception/block3_sepconv2_bn/FusedBatchNormV3,4,2142.208,535.552,2142.208,535.552,0.004255805285020131,0.6030746459241138,0.0,0.0
27,Device,FusedBatchNormV3,xception/block3_sepconv1_bn/FusedBatchNormV3,4,2135.04,533.76,2135.04,533.76,0.004241565018770064,0.6073162109428838,0.0,0.0
28,Device,Conv2D,xception/block3_sepconv2/separable_conv2d,2,2123.778,1061.889,2123.778,1061.889,0.004219191430808532,0.6115354023736923,0.0,0.0
29,Device,Conv2DBackpropFilter,gradient_tape/xception/block3_sepconv2/separable_conv2d/Conv2DBackpropFilter,2,2089.986,1044.993,2089.986,1044.993,0.004152058747058214,0.6156874611207506,0.0,0.0
30,Device,Conv2DBackpropInput,gradient_tape/xception/block3_sepconv2/separable_conv2d/Conv2DBackpropInput,2,2081.794,1040.897,2081.794,1040.897,0.004135784157058137,0.6198232452778087,0.0,0.0
31,Device,FusedBatchNormV3,xception/block1_conv2_bn/FusedBatchNormV3,4,2071.554,517.8885,2071.554,517.8885,0.004115440919558041,0.6239386861973668,0.0,0.0
32,Device,DepthwiseConv2dNative,xception/block2_sepconv2/separable_conv2d/depthwise,2,1930.242,965.121,1930.242,965.121,0.003834704242056713,0.6277733904394235,0.0,0.0
33,Device,Conv2D,xception/block2_sepconv1/separable_conv2d,2,1753.089,876.5445,1753.089,876.5445,0.0034827642466607614,0.6312561546860842,0.0,0.0
34,Device,Conv2DBackpropFilter,gradient_tape/xception/block3_sepconv1/separable_conv2d/Conv2DBackpropFilter,2,1669.122,834.561,1669.122,834.561,0.0033159516858042594,0.6345721063718884,0.0,0.0
35,Device,Conv2D,xception/block1_conv2/Conv2D,2,1637.377,818.6885,1637.377,818.6885,0.003252885662909674,0.6378249920347981,0.0,0.0
36,Device,FusedBatchNormGradV3,gradient_tape/xception/block4_sepconv1_bn/FusedBatchNormGradV3,2,1625.088,812.544,1625.088,812.544,0.0032284717912652713,0.6410534638260634,0.0,0.0
37,Device,FusedBatchNormGradV3,gradient_tape/xception/block4_sepconv2_bn/FusedBatchNormGradV3,2,1618.944,809.472,1618.944,809.472,0.0032162658487652138,0.6442697296748287,0.0,0.0
38,Device,Relu,xception/block2_sepconv2_act/Relu,2,1591.296,795.648,1591.296,795.648,0.003161339107514954,0.6474310687823436,0.0,0.0
39,Device,DepthwiseConv2dNativeBackpropInput,gradient_tape/xception/block3_sepconv2/separable_conv2d/DepthwiseConv2dNativeBackpropInput,2,1553.41,776.705,1553.41,776.705,0.0030860731020531723,0.6505171418843968,0.0,0.0
40,Device,FusedBatchNormGradV3,gradient_tape/xception/block1_conv1_bn/FusedBatchNormGradV3,2,1516.544,758.272,1516.544,758.272,0.0030128334737642517,0.653529975358161,0.0,0.0
41,Device,DepthwiseConv2dNativeBackpropInput,gradient_tape/xception/block2_sepconv1/separable_conv2d/DepthwiseConv2dNativeBackpropInput,2,1454.08,727.04,1454.08,727.04,0.002888739725013664,0.6564187150831747,0.0,0.0
42,Device,Conv2D,xception/block14_sepconv2/separable_conv2d,2,1360.898,680.449,1360.898,680.449,0.002703620237051363,0.6591223353202261,0.0,0.0
43,Device,Conv2DBackpropInput,gradient_tape/xception/conv2d/Conv2D/Conv2DBackpropInput,2,1324.034,662.017,1324.034,662.017,0.0026303845820510167,0.6617527199022771,0.0,0.0
44,Device,Conv2D,xception/block3_sepconv1/separable_conv2d,2,1321.986,660.993,1321.986,660.993,0.0026263159345509975,0.6643790358368281,0.0,0.0
45,Device,Conv2DBackpropInput,gradient_tape/xception/block14_sepconv2/separable_conv2d/Conv2DBackpropInput,2,1319.938,659.969,1319.938,659.969,0.0026222472870509783,0.6670012831238791,0.0,0.0
46,Device,Conv2DBackpropInput,gradient_tape/xception/block4_sepconv1/separable_conv2d/Conv2DBackpropInput,2,1301.504,650.752,1301.504,650.752,0.0025856254862622304,0.6695869086101413,0.0,0.0
47,Device,Conv2DBackpropFilter,gradient_tape/xception/block4_sepconv1/separable_conv2d/Conv2DBackpropFilter,2,1297.41,648.705,1297.41,648.705,0.0025774921645507665,0.672164400774692,0.0,0.0
48,Device,FusedBatchNormGradV3,gradient_tape/xception/batch_normalization/FusedBatchNormGradV3,2,1294.336,647.168,1294.336,647.168,0.0025713852200121633,0.6747357859947042,0.0,0.0
49,Device,ReluGrad,gradient_tape/xception/block3_sepconv2_act/ReluGrad,2,1285.12,642.56,1285.12,642.56,0.0025530763062620765,0.6772888623009663,0.0,0.0
50,Device,ReluGrad,gradient_tape/xception/block1_conv2_act/ReluGrad,2,1281.024,640.512,1281.024,640.512,0.0025449390112620377,0.6798338013122284,0.0,0.0
51,Device,Conv2DBackpropInput,gradient_tape/xception/block2_sepconv1/separable_conv2d/Conv2DBackpropInput,2,1260.546,630.273,1260.546,630.273,0.00250425650955042,0.6823380578217788,0.0,0.0
52,Device,AddN,SGD/gradients/AddN_11,2,1224.705,612.3525,1224.705,612.3525,0.002433053191655796,0.6847711110134346,0.0,0.0
53,Device,Conv2D,xception/block4_sepconv1/separable_conv2d,4,1190.912,297.728,1190.912,297.728,0.0023659185212611916,0.6871370295346958,0.0,0.0
54,Device,Conv2DBackpropInput,gradient_tape/xception/block13_sepconv2/separable_conv2d/Conv2DBackpropInput,2,1156.098,578.049,1156.098,578.049,0.0022967554870494383,0.6894337850217452,0.0,0.0
55,Device,DepthwiseConv2dNativeBackpropInput,gradient_tape/xception/block4_sepconv2/separable_conv2d/DepthwiseConv2dNativeBackpropInput,2,1142.784,571.392,1142.784,571.392,0.002270305305010739,0.691704090326756,0.0,0.0
56,Device,Conv2DBackpropFilter,gradient_tape/xception/block14_sepconv2/separable_conv2d/Conv2DBackpropFilter,4,1097.728,274.432,1097.728,274.432,0.002180795060010316,0.6938848853867663,0.0,0.0
57,Device,Conv2DBackpropInput,gradient_tape/xception/block3_sepconv1/separable_conv2d/Conv2DBackpropInput,2,1094.656,547.328,1094.656,547.328,0.0021746920887602867,0.6960595774755266,0.0,0.0
58,Device,Conv2DBackpropFilter,gradient_tape/xception/block13_sepconv2/separable_conv2d/Conv2DBackpropFilter,4,1048.576,262.144,1048.576,262.144,0.002083147520009854,0.6981427249955364,0.0,0.0
59,Device,DepthwiseConv2dNativeBackpropFilter,gradient_tape/xception/block4_sepconv2/separable_conv2d/DepthwiseConv2dNativeBackpropFilter,2,1034.24,517.12,1034.24,517.12,0.002054666987509719,0.7001973919830461,0.0,0.0
60,Device,DepthwiseConv2dNative,xception/block3_sepconv2/separable_conv2d/depthwise,2,1030.144,515.072,1030.144,515.072,0.0020465296925096807,0.7022439216755558,0.0,0.0
61,Device,FusedBatchNormV3,xception/batch_normalization/FusedBatchNormV3,4,1011.712,252.928,1011.712,252.928,0.0020099118650095072,0.7042538335405654,0.0,0.0
62,Device,MaxPool,xception/block2_pool/MaxPool,2,1011.712,505.856,1011.712,505.856,0.0020099118650095072,0.7062637454055749,0.0,0.0
63,Device,MaxPoolGrad,gradient_tape/xception/block3_pool/MaxPool/MaxPoolGrad,2,973.824,486.912,973.824,486.912,0.001934641886259151,0.708198387291834,0.0,0.0
64,Device,DepthwiseConv2dNative,xception/block2_sepconv1/separable_conv2d/depthwise,2,969.728,484.864,969.728,484.864,0.0019265045912591127,0.7101248918830931,0.0,0.0
65,Device,FusedBatchNormV3,xception/block4_sepconv2_bn/FusedBatchNormV3,4,967.68,241.92,967.68,241.92,0.0019224359437590936,0.7120473278268522,0.0,0.0
66,Device,Conv2D,xception/block13_sepconv2/separable_conv2d,4,966.656,241.664,966.656,241.664,0.0019204016200090838,0.7139677294468613,0.0,0.0
67,Device,FusedBatchNormV3,xception/block4_sepconv1_bn/FusedBatchNormV3,4,963.586,240.8965,963.586,240.8965,0.0019143026220476292,0.7158820320689089,0.0,0.0
68,Device,ReluGrad,gradient_tape/xception/block4_sepconv2_act/ReluGrad,2,955.394,477.697,955.394,477.697,0.0018980280320475523,0.7177800601009564,0.0,0.0
69,Device,Conv2DBackpropFilter,gradient_tape/xception/conv2d/Conv2D/Conv2DBackpropFilter,2,952.32,476.16,952.32,476.16,0.0018919210875089493,0.7196719811884653,0.0,0.0
70,Device,Conv2DBackpropFilter,gradient_tape/xception/block13_sepconv1/separable_conv2d/Conv2DBackpropFilter,4,943.106,235.7765,943.106,235.7765,0.0018736161470474368,0.7215455973355127,0.0,0.0
71,Device,Conv2DBackpropFilter,gradient_tape/xception/block5_sepconv3/separable_conv2d/Conv2DBackpropFilter,4,943.106,235.7765,943.106,235.7765,0.0018736161470474368,0.7234192134825601,0.0,0.0
72,Device,Conv2DBackpropFilter,gradient_tape/xception/block8_sepconv1/separable_conv2d/Conv2DBackpropFilter,4,943.106,235.7765,943.106,235.7765,0.0018736161470474368,0.7252928296296075,0.0,0.0
73,Device,Conv2DBackpropFilter,gradient_tape/xception/block8_sepconv2/separable_conv2d/Conv2DBackpropFilter,4,942.082,235.5205,942.082,235.5205,0.0018715818232974272,0.7271644114529049,0.0,0.0
74,Device,Conv2DBackpropFilter,gradient_tape/xception/block10_sepconv1/separable_conv2d/Conv2DBackpropFilter,4,941.058,235.2645,941.058,235.2645,0.0018695474995474176,0.7290339589524523,0.0,0.0
75,Device,Conv2DBackpropFilter,gradient_tape/xception/block9_sepconv1/separable_conv2d/Conv2DBackpropFilter,4,941.058,235.2645,941.058,235.2645,0.0018695474995474176,0.7309035064519996,0.0,0.0
76,Device,Conv2DBackpropFilter,gradient_tape/xception/block7_sepconv2/separable_conv2d/Conv2DBackpropFilter,4,941.057,235.26425,941.057,235.26425,0.0018695455129031306,0.7327730519649027,0.0,0.0
77,Device,Conv2DBackpropFilter,gradient_tape/xception/block8_sepconv3/separable_conv2d/Conv2DBackpropFilter,4,941.057,235.26425,941.057,235.26425,0.0018695455129031306,0.7346425974778058,0.0,0.0
78,Device,Conv2DBackpropFilter,gradient_tape/xception/block11_sepconv2/separable_conv2d/Conv2DBackpropFilter,4,940.034,235.0085,940.034,235.0085,0.001867513175797408,0.7365101106536032,0.0,0.0
79,Device,Conv2DBackpropFilter,gradient_tape/xception/block12_sepconv3/separable_conv2d/Conv2DBackpropFilter,4,940.034,235.0085,940.034,235.0085,0.001867513175797408,0.7383776238294005,0.0,0.0
80,Device,Conv2DBackpropFilter,gradient_tape/xception/block7_sepconv1/separable_conv2d/Conv2DBackpropFilter,4,940.034,235.0085,940.034,235.0085,0.001867513175797408,0.7402451370051979,0.0,0.0
81,Device,Conv2DBackpropFilter,gradient_tape/xception/block10_sepconv2/separable_conv2d/Conv2DBackpropFilter,4,939.01,234.7525,939.01,234.7525,0.0018654788520473984,0.7421106158572452,0.0,0.0
82,Device,Conv2DBackpropFilter,gradient_tape/xception/block10_sepconv3/separable_conv2d/Conv2DBackpropFilter,4,939.01,234.7525,939.01,234.7525,0.0018654788520473984,0.7439760947092926,0.0,0.0
83,Device,Conv2DBackpropFilter,gradient_tape/xception/block5_sepconv1/separable_conv2d/Conv2DBackpropFilter,4,939.01,234.7525,939.01,234.7525,0.0018654788520473984,0.74584157356134,0.0,0.0
84,Device,Conv2DBackpropFilter,gradient_tape/xception/block7_sepconv3/separable_conv2d/Conv2DBackpropFilter,4,939.01,234.7525,939.01,234.7525,0.0018654788520473984,0.7477070524133873,0.0,0.0
85,Device,Conv2DBackpropFilter,gradient_tape/xception/block11_sepconv3/separable_conv2d/Conv2DBackpropFilter,4,937.986,234.4965,937.986,234.4965,0.0018634445282973888,0.7495704969416846,0.0,0.0
86,Device,Conv2DBackpropFilter,gradient_tape/xception/block12_sepconv1/separable_conv2d/Conv2DBackpropFilter,4,937.986,234.4965,937.986,234.4965,0.0018634445282973888,0.751433941469982,0.0,0.0
87,Device,Conv2DBackpropFilter,gradient_tape/xception/block12_sepconv2/separable_conv2d/Conv2DBackpropFilter,4,937.986,234.4965,937.986,234.4965,0.0018634445282973888,0.7532973859982793,0.0,0.0
88,Device,Conv2DBackpropFilter,gradient_tape/xception/block11_sepconv1/separable_conv2d/Conv2DBackpropFilter,4,936.962,234.2405,936.962,234.2405,0.001861410204547379,0.7551587962028267,0.0,0.0
89,Device,Conv2DBackpropFilter,gradient_tape/xception/block9_sepconv2/separable_conv2d/Conv2DBackpropFilter,4,936.96,234.24,936.96,234.24,0.001861406231258805,0.7570202024340855,0.0,0.0
90,Device,Conv2DBackpropFilter,gradient_tape/xception/block6_sepconv2/separable_conv2d/Conv2DBackpropFilter,4,935.938,233.9845,935.938,233.9845,0.0018593758807973694,0.7588795783148828,0.0,0.0
91,Device,Conv2DBackpropFilter,gradient_tape/xception/block6_sepconv1/separable_conv2d/Conv2DBackpropFilter,4,935.937,233.98425,935.937,233.98425,0.0018593738941530824,0.760738952209036,0.0,0.0
92,Device,Conv2DBackpropFilter,gradient_tape/xception/block6_sepconv3/separable_conv2d/Conv2DBackpropFilter,4,935.937,233.98425,935.937,233.98425,0.0018593738941530824,0.762598326103189,0.0,0.0
93,Device,Conv2DBackpropFilter,gradient_tape/xception/block9_sepconv3/separable_conv2d/Conv2DBackpropFilter,4,935.936,233.984,935.936,233.984,0.0018593719075087954,0.7644576980106979,0.0,0.0
94,Device,Conv2DBackpropFilter,gradient_tape/xception/block5_sepconv2/separable_conv2d/Conv2DBackpropFilter,4,934.913,233.72825,934.913,233.72825,0.0018573395704030728,0.766315037581101,0.0,0.0
95,Device,FusedBatchNormV3,xception/block1_conv1_bn/FusedBatchNormV3,4,894.976,223.744,894.976,223.744,0.0017779989575084103,0.7680930365386094,0.0,0.0
96,Device,Conv2DBackpropInput,gradient_tape/xception/block9_sepconv3/separable_conv2d/Conv2DBackpropInput,2,827.394,413.697,827.394,413.697,0.0016437375632963494,0.7697367741019058,0.0,0.0
97,Device,Conv2DBackpropInput,gradient_tape/xception/block12_sepconv2/separable_conv2d/Conv2DBackpropInput,2,825.344,412.672,825.344,412.672,0.0016396649425077562,0.7713764390444136,0.0,0.0
98,Device,Conv2DBackpropInput,gradient_tape/xception/block6_sepconv3/separable_conv2d/Conv2DBackpropInput,2,825.344,412.672,825.344,412.672,0.0016396649425077562,0.7730161039869213,0.0,0.0
99,Device,Conv2DBackpropInput,gradient_tape/xception/block8_sepconv1/separable_conv2d/Conv2DBackpropInput,2,825.344,412.672,825.344,412.672,0.0016396649425077562,0.7746557689294291,0.0,0.0
100,Device,Conv2DBackpropInput,gradient_tape/xception/block10_sepconv2/separable_conv2d/Conv2DBackpropInput,2,824.32,412.16,824.32,412.16,0.0016376306187577464,0.7762933995481869,0.0,0.0
101,Device,Conv2DBackpropInput,gradient_tape/xception/block11_sepconv2/separable_conv2d/Conv2DBackpropInput,2,824.32,412.16,824.32,412.16,0.0016376306187577464,0.7779310301669446,0.0,0.0
102,Device,Conv2DBackpropInput,gradient_tape/xception/block12_sepconv1/separable_conv2d/Conv2DBackpropInput,2,824.32,412.16,824.32,412.16,0.0016376306187577464,0.7795686607857024,0.0,0.0
103,Device,Conv2DBackpropInput,gradient_tape/xception/block5_sepconv1/separable_conv2d/Conv2DBackpropInput,2,824.32,412.16,824.32,412.16,0.0016376306187577464,0.7812062914044602,0.0,0.0
104,Device,Conv2DBackpropInput,gradient_tape/xception/block7_sepconv1/separable_conv2d/Conv2DBackpropInput,2,824.32,412.16,824.32,412.16,0.0016376306187577464,0.782843922023218,0.0,0.0
105,Device,Conv2DBackpropInput,gradient_tape/xception/block9_sepconv2/separable_conv2d/Conv2DBackpropInput,2,823.298,411.649,823.298,411.649,0.001635600268296311,0.7844795222915143,0.0,0.0
106,Device,Conv2DBackpropInput,gradient_tape/xception/block7_sepconv3/separable_conv2d/Conv2DBackpropInput,2,823.296,411.648,823.296,411.648,0.0016355962950077368,0.786115118586522,0.0,0.0
107,Device,Conv2DBackpropInput,gradient_tape/xception/block11_sepconv1/separable_conv2d/Conv2DBackpropInput,2,822.272,411.136,822.272,411.136,0.0016335619712577272,0.7877486805577798,0.0,0.0
108,Device,Conv2DBackpropInput,gradient_tape/xception/block11_sepconv3/separable_conv2d/Conv2DBackpropInput,2,822.272,411.136,822.272,411.136,0.0016335619712577272,0.7893822425290375,0.0,0.0
109,Device,Conv2DBackpropInput,gradient_tape/xception/block13_sepconv1/separable_conv2d/Conv2DBackpropInput,2,821.248,410.624,821.248,410.624,0.0016315276475077176,0.7910137701765453,0.0,0.0
110,Device,Conv2DBackpropInput,gradient_tape/xception/block7_sepconv2/separable_conv2d/Conv2DBackpropInput,2,821.248,410.624,821.248,410.624,0.0016315276475077176,0.792645297824053,0.0,0.0
111,Device,Conv2DBackpropInput,gradient_tape/xception/block8_sepconv2/separable_conv2d/Conv2DBackpropInput,2,821.248,410.624,821.248,410.624,0.0016315276475077176,0.7942768254715608,0.0,0.0
112,Device,Conv2DBackpropInput,gradient_tape/xception/block9_sepconv1/separable_conv2d/Conv2DBackpropInput,2,821.248,410.624,821.248,410.624,0.0016315276475077176,0.7959083531190685,0.0,0.0
113,Device,Conv2DBackpropInput,gradient_tape/xception/block10_sepconv1/separable_conv2d/Conv2DBackpropInput,2,820.224,410.112,820.224,410.112,0.001629493323757708,0.7975378464428262,0.0,0.0
114,Device,Conv2DBackpropInput,gradient_tape/xception/block12_sepconv3/separable_conv2d/Conv2DBackpropInput,2,820.224,410.112,820.224,410.112,0.001629493323757708,0.7991673397665839,0.0,0.0
115,Device,Conv2DBackpropInput,gradient_tape/xception/block5_sepconv2/separable_conv2d/Conv2DBackpropInput,2,820.224,410.112,820.224,410.112,0.001629493323757708,0.8007968330903417,0.0,0.0
116,Device,Conv2DBackpropInput,gradient_tape/xception/block5_sepconv3/separable_conv2d/Conv2DBackpropInput,2,820.224,410.112,820.224,410.112,0.001629493323757708,0.8024263264140994,0.0,0.0
117,Device,Conv2DBackpropInput,gradient_tape/xception/block6_sepconv1/separable_conv2d/Conv2DBackpropInput,2,820.224,410.112,820.224,410.112,0.001629493323757708,0.8040558197378571,0.0,0.0
118,Device,Conv2DBackpropInput,gradient_tape/xception/block10_sepconv3/separable_conv2d/Conv2DBackpropInput,2,819.2,409.6,819.2,409.6,0.0016274590000076984,0.8056832787378648,0.0,0.0
119,Device,Conv2DBackpropInput,gradient_tape/xception/block6_sepconv2/separable_conv2d/Conv2DBackpropInput,2,819.2,409.6,819.2,409.6,0.0016274590000076984,0.8073107377378725,0.0,0.0
120,Device,Conv2DBackpropInput,gradient_tape/xception/block8_sepconv3/separable_conv2d/Conv2DBackpropInput,2,818.176,409.088,818.176,409.088,0.0016254246762576886,0.8089361624141302,0.0,0.0
121,Device,Relu,xception/block3_sepconv2_act/Relu,2,814.082,407.041,814.082,407.041,0.0016172913545462243,0.8105534537686765,0.0,0.0
122,Device,Conv2D,xception/block13_sepconv1/separable_conv2d,4,802.816,200.704,802.816,200.704,0.0015949098200075443,0.812148363588684,0.0,0.0
123,Device,Relu,xception/block1_conv2_act/Relu,2,798.72,399.36,798.72,399.36,0.0015867725250075058,0.8137351361136915,0.0,0.0
124,Device,Conv2D,xception/block5_sepconv1/separable_conv2d,4,794.625,198.65625,794.625,198.65625,0.0015786372166517544,0.8153137733303433,0.0,0.0
125,Device,Conv2D,xception/block12_sepconv1/separable_conv2d,4,794.624,198.656,794.624,198.656,0.0015786352300074674,0.8168924085603507,0.0,0.0
126,Device,Conv2D,xception/block11_sepconv1/separable_conv2d,4,793.602,198.4005,793.602,198.4005,0.0015766048795460318,0.8184690134398968,0.0,0.0
127,Device,Conv2D,xception/block6_sepconv1/separable_conv2d,4,792.576,198.144,792.576,198.144,0.001574566582507448,0.8200435800224042,0.0,0.0
128,Device,Conv2D,xception/block7_sepconv1/separable_conv2d,4,791.552,197.888,791.552,197.888,0.0015725322587574384,0.8216161122811616,0.0,0.0
129,Device,Conv2D,xception/block8_sepconv1/separable_conv2d,4,790.53,197.6325,790.53,197.6325,0.001570501908296003,0.8231866141894576,0.0,0.0
130,Device,Conv2D,xception/block10_sepconv1/separable_conv2d,4,790.528,197.632,790.528,197.632,0.0015704979350074288,0.824757112124465,0.0,0.0
131,Device,Conv2D,xception/block5_sepconv3/separable_conv2d,4,789.505,197.37625,789.505,197.37625,0.0015684655979017062,0.8263255777223667,0.0,0.0
132,Device,Conv2D,xception/block12_sepconv2/separable_conv2d,4,789.504,197.376,789.504,197.376,0.0015684636112574192,0.8278940413336241,0.0,0.0
133,Device,Conv2D,xception/block5_sepconv2/separable_conv2d,4,789.504,197.376,789.504,197.376,0.0015684636112574192,0.8294625049448815,0.0,0.0
134,Device,Conv2D,xception/block6_sepconv3/separable_conv2d,4,789.504,197.376,789.504,197.376,0.0015684636112574192,0.8310309685561389,0.0,0.0
135,Device,Conv2D,xception/block9_sepconv1/separable_conv2d,4,789.504,197.376,789.504,197.376,0.0015684636112574192,0.8325994321673963,0.0,0.0
136,Device,Conv2D,xception/block12_sepconv3/separable_conv2d,4,788.481,197.12025,788.481,197.12025,0.0015664312741516966,0.834165863441548,0.0,0.0
137,Device,Conv2D,xception/block7_sepconv2/separable_conv2d,4,788.481,197.12025,788.481,197.12025,0.0015664312741516966,0.8357322947156997,0.0,0.0
138,Device,Conv2D,xception/block10_sepconv3/separable_conv2d,4,787.456,196.864,787.456,196.864,0.0015643949637574,0.837296689679457,0.0,0.0
139,Device,Conv2D,xception/block6_sepconv2/separable_conv2d,4,787.456,196.864,787.456,196.864,0.0015643949637574,0.8388610846432144,0.0,0.0
140,Device,Conv2D,xception/block7_sepconv3/separable_conv2d,4,787.456,196.864,787.456,196.864,0.0015643949637574,0.8404254796069718,0.0,0.0
141,Device,Conv2D,xception/block8_sepconv3/separable_conv2d,4,786.433,196.60825,786.433,196.60825,0.0015623626266516775,0.8419878422336234,0.0,0.0
142,Device,Conv2D,xception/block11_sepconv2/separable_conv2d,4,786.432,196.608,786.432,196.608,0.0015623606400073905,0.8435502028736308,0.0,0.0
143,Device,Conv2D,xception/block8_sepconv2/separable_conv2d,4,786.432,196.608,786.432,196.608,0.0015623606400073905,0.8451125635136382,0.0,0.0
144,Device,Conv2D,xception/block9_sepconv2/separable_conv2d,4,786.432,196.608,786.432,196.608,0.0015623606400073905,0.8466749241536455,0.0,0.0
145,Device,Conv2D,xception/block10_sepconv2/separable_conv2d,4,785.409,196.35225,785.409,196.35225,0.0015603283029016679,0.8482352524565472,0.0,0.0
146,Device,Conv2D,xception/block9_sepconv3/separable_conv2d,4,785.409,196.35225,785.409,196.35225,0.0015603283029016679,0.8497955807594488,0.0,0.0
147,Device,Conv2D,xception/block11_sepconv3/separable_conv2d,4,785.408,196.352,785.408,196.352,0.0015603263162573806,0.8513559070757062,0.0,0.0
148,Device,Conv2D,xception/conv2d/Conv2D,2,778.241,389.1205,778.241,389.1205,0.0015460880366516005,0.8529019951123578,0.0,0.0
149,Device,Conv2DBackpropFilter,gradient_tape/xception/block1_conv1/Conv2D/Conv2DBackpropFilter,2,769.026,384.513,769.026,384.513,0.0015277811095458008,0.8544297762219035,0.0,0.0
150,Device,DepthwiseConv2dNativeBackpropInput,gradient_tape/xception/block3_sepconv1/separable_conv2d/DepthwiseConv2dNativeBackpropInput,2,750.592,375.296,750.592,375.296,0.0014911593087570535,0.8559209355306606,0.0,0.0
151,Device,DepthwiseConv2dNative,xception/block4_sepconv2/separable_conv2d/depthwise,2,744.448,372.224,744.448,372.224,0.0014789533662569957,0.8573998888969177,0.0,0.0
152,Device,Conv2DBackpropInput,gradient_tape/xception/conv2d_1/Conv2D/Conv2DBackpropInput,2,707.584,353.792,707.584,353.792,0.0014057177112566492,0.8588056066081743,0.0,0.0
153,Device,Conv2DBackpropInput,gradient_tape/xception/block14_sepconv1/separable_conv2d/Conv2DBackpropInput,2,701.44,350.72,701.44,350.72,0.0013935117687565916,0.8601991183769309,0.0,0.0
154,Device,MaxPoolGrad,gradient_tape/xception/block4_pool/MaxPool/MaxPoolGrad,2,689.154,344.577,689.154,344.577,0.0013691038570450504,0.8615682222339759,0.0,0.0
155,Device,Conv2DBackpropFilter,gradient_tape/xception/block14_sepconv1/separable_conv2d/Conv2DBackpropFilter,4,649.216,162.304,649.216,162.304,0.0012897612575061008,0.862857983491482,0.0,0.0
156,Device,ReluGrad,gradient_tape/xception/block1_conv1_act/ReluGrad,2,644.096,322.048,644.096,322.048,0.0012795896387560529,0.8641375731302381,0.0,0.0
157,Device,Conv2D,xception/block14_sepconv1/separable_conv2d,2,640.0,320.0,640.0,320.0,0.0012714523437560143,0.8654090254739941,0.0,0.0
158,Device,ReluGrad,gradient_tape/xception/block3_sepconv1_act/ReluGrad,2,638.976,319.488,638.976,319.488,0.0012694180200060047,0.8666784434940001,0.0,0.0
159,Device,Conv2DBackpropInput,gradient_tape/xception/conv2d_2/Conv2D/Conv2DBackpropInput,2,636.93,318.465,636.93,318.465,0.0012653533457945595,0.8679437968397947,0.0,0.0
160,Device,AddN,SGD/gradients/AddN_10,2,634.882,317.441,634.882,317.441,0.0012612846982945403,0.8692050815380893,0.0,0.0
161,Device,Conv2D,xception/conv2d_1/Conv2D,2,627.712,313.856,627.712,313.856,0.0012470404587558988,0.8704521219968452,0.0,0.0
162,Device,Conv2DBackpropInput,gradient_tape/xception/conv2d_3/Conv2D/Conv2DBackpropInput,2,609.28,304.64,609.28,304.64,0.0012104226312557255,0.8716625446281009,0.0,0.0
163,Device,AddV2,xception/add/add,2,604.162,302.081,604.162,302.081,0.0012002549857942518,0.8728627996138951,0.0,0.0
164,Device,Relu,xception/block4_sepconv2_act/Relu,2,603.136,301.568,603.136,301.568,0.0011982166887556677,0.8740610163026508,0.0,0.0
165,Device,FusedBatchNormGradV3,gradient_tape/xception/batch_normalization_1/FusedBatchNormGradV3,2,594.944,297.472,594.944,297.472,0.0011819420987555908,0.8752429584014063,0.0,0.0
166,Device,Conv2DBackpropFilter,gradient_tape/xception/conv2d_1/Conv2D/Conv2DBackpropFilter,2,583.68,291.84,583.68,291.84,0.0011595645375054849,0.8764025229389117,0.0,0.0
167,Device,Conv2D,xception/conv2d_2/Conv2D,4,541.696,135.424,541.696,135.424,0.0010761572637550906,0.8774786802026668,0.0,0.0
168,Device,FusedBatchNormGradV3,gradient_tape/xception/block13_sepconv2_bn/FusedBatchNormGradV3,2,530.432,265.216,530.432,265.216,0.0010537797025049847,0.8785324599051718,0.0,0.0
169,Device,MaxPool,xception/block3_pool/MaxPool,2,524.288,262.144,524.288,262.144,0.001041573760004927,0.8795740336651767,0.0,0.0
170,Device,DepthwiseConv2dNative,xception/block3_sepconv1/separable_conv2d/depthwise,2,518.144,259.072,518.144,259.072,0.0010293678175048691,0.8806034014826816,0.0,0.0
171,Device,Conv2DBackpropFilter,gradient_tape/xception/conv2d_3/Conv2D/Conv2DBackpropFilter,4,504.832,126.208,504.832,126.208,0.001002921608754744,0.8816063230914363,0.0,0.0
172,Device,Relu,xception/block1_conv1_act/Relu,2,419.841,209.9205,419.841,209.9205,0.0008340747241482325,0.8824403978155845,0.0,0.0
173,Device,Conv2DBackpropFilter,gradient_tape/xception/conv2d_2/Conv2D/Conv2DBackpropFilter,2,409.6,204.8,409.6,204.8,0.0008137295000038492,0.8832541273155883,0.0,0.0
174,Device,Relu,xception/block3_sepconv1_act/Relu,2,409.6,204.8,409.6,204.8,0.0008137295000038492,0.8840678568155921,0.0,0.0
175,Device,DepthwiseConv2dNativeBackpropInput,gradient_tape/xception/block4_sepconv1/separable_conv2d/DepthwiseConv2dNativeBackpropInput,2,403.456,201.728,403.456,201.728,0.0008015235575037915,0.8848693803730958,0.0,0.0
176,Device,FusedBatchNormGradV3,gradient_tape/xception/batch_normalization_2/FusedBatchNormGradV3,2,389.12,194.56,389.12,194.56,0.0007730430250036566,0.8856424233980995,0.0,0.0
177,Device,FusedBatchNormGradV3,gradient_tape/xception/block11_sepconv2_bn/FusedBatchNormGradV3,2,389.12,194.56,389.12,194.56,0.0007730430250036566,0.8864154664231032,0.0,0.0
178,Device,MaxPool,xception/block4_pool/MaxPool,2,389.12,194.56,389.12,194.56,0.0007730430250036566,0.8871885094481069,0.0,0.0
179,Device,FusedBatchNormGradV3,gradient_tape/xception/block10_sepconv1_bn/FusedBatchNormGradV3,2,388.096,194.048,388.096,194.048,0.0007710087012536471,0.8879595181493606,0.0,0.0
180,Device,FusedBatchNormGradV3,gradient_tape/xception/block10_sepconv3_bn/FusedBatchNormGradV3,2,388.096,194.048,388.096,194.048,0.0007710087012536471,0.8887305268506143,0.0,0.0
181,Device,Conv2D,xception/conv2d_3/Conv2D,2,388.096,194.048,388.096,194.048,0.0007710087012536471,0.889501535551868,0.0,0.0
182,Device,FusedBatchNormGradV3,gradient_tape/xception/block11_sepconv1_bn/FusedBatchNormGradV3,2,387.072,193.536,387.072,193.536,0.0007689743775036375,0.8902705099293716,0.0,0.0
183,Device,FusedBatchNormGradV3,gradient_tape/xception/block12_sepconv1_bn/FusedBatchNormGradV3,2,387.072,193.536,387.072,193.536,0.0007689743775036375,0.8910394843068753,0.0,0.0
184,Device,FusedBatchNormGradV3,gradient_tape/xception/block12_sepconv2_bn/FusedBatchNormGradV3,2,387.072,193.536,387.072,193.536,0.0007689743775036375,0.891808458684379,0.0,0.0
185,Device,FusedBatchNormGradV3,gradient_tape/xception/block13_sepconv1_bn/FusedBatchNormGradV3,2,387.072,193.536,387.072,193.536,0.0007689743775036375,0.8925774330618826,0.0,0.0
186,Device,FusedBatchNormGradV3,gradient_tape/xception/block7_sepconv3_bn/FusedBatchNormGradV3,2,387.072,193.536,387.072,193.536,0.0007689743775036375,0.8933464074393863,0.0,0.0
187,Device,FusedBatchNormGradV3,gradient_tape/xception/block8_sepconv1_bn/FusedBatchNormGradV3,2,387.072,193.536,387.072,193.536,0.0007689743775036375,0.89411538181689,0.0,0.0
188,Device,FusedBatchNormGradV3,gradient_tape/xception/block10_sepconv2_bn/FusedBatchNormGradV3,2,386.048,193.024,386.048,193.024,0.0007669400537536278,0.8948823218706436,0.0,0.0
189,Device,FusedBatchNormGradV3,gradient_tape/xception/block5_sepconv1_bn/FusedBatchNormGradV3,2,386.048,193.024,386.048,193.024,0.0007669400537536278,0.8956492619243973,0.0,0.0
190,Device,FusedBatchNormGradV3,gradient_tape/xception/block5_sepconv2_bn/FusedBatchNormGradV3,2,386.048,193.024,386.048,193.024,0.0007669400537536278,0.896416201978151,0.0,0.0
191,Device,FusedBatchNormGradV3,gradient_tape/xception/block5_sepconv3_bn/FusedBatchNormGradV3,2,386.048,193.024,386.048,193.024,0.0007669400537536278,0.8971831420319046,0.0,0.0
192,Device,FusedBatchNormGradV3,gradient_tape/xception/block6_sepconv2_bn/FusedBatchNormGradV3,2,386.048,193.024,386.048,193.024,0.0007669400537536278,0.8979500820856583,0.0,0.0
193,Device,FusedBatchNormGradV3,gradient_tape/xception/block6_sepconv3_bn/FusedBatchNormGradV3,2,386.048,193.024,386.048,193.024,0.0007669400537536278,0.898717022139412,0.0,0.0
194,Device,FusedBatchNormGradV3,gradient_tape/xception/block8_sepconv2_bn/FusedBatchNormGradV3,2,386.048,193.024,386.048,193.024,0.0007669400537536278,0.8994839621931656,0.0,0.0
195,Device,FusedBatchNormGradV3,gradient_tape/xception/block8_sepconv3_bn/FusedBatchNormGradV3,2,386.048,193.024,386.048,193.024,0.0007669400537536278,0.9002509022469193,0.0,0.0
196,Device,FusedBatchNormGradV3,gradient_tape/xception/block9_sepconv3_bn/FusedBatchNormGradV3,2,386.048,193.024,386.048,193.024,0.0007669400537536278,0.9010178423006729,0.0,0.0
197,Device,FusedBatchNormGradV3,gradient_tape/xception/block6_sepconv1_bn/FusedBatchNormGradV3,2,385.024,192.512,385.024,192.512,0.0007649057300036182,0.9017827480306766,0.0,0.0
198,Device,FusedBatchNormGradV3,gradient_tape/xception/block7_sepconv1_bn/FusedBatchNormGradV3,2,385.024,192.512,385.024,192.512,0.0007649057300036182,0.9025476537606802,0.0,0.0
199,Device,FusedBatchNormGradV3,gradient_tape/xception/block9_sepconv2_bn/FusedBatchNormGradV3,2,385.024,192.512,385.024,192.512,0.0007649057300036182,0.9033125594906839,0.0,0.0
200,Device,FusedBatchNormGradV3,gradient_tape/xception/block7_sepconv2_bn/FusedBatchNormGradV3,2,384.0,192.0,384.0,192.0,0.0007628714062536086,0.9040754308969375,0.0,0.0
201,Device,FusedBatchNormGradV3,gradient_tape/xception/block9_sepconv1_bn/FusedBatchNormGradV3,2,384.0,192.0,384.0,192.0,0.0007628714062536086,0.9048383023031912,0.0,0.0
202,Device,FusedBatchNormGradV3,gradient_tape/xception/block11_sepconv3_bn/FusedBatchNormGradV3,2,382.976,191.488,382.976,191.488,0.0007608370825035989,0.9055991393856948,0.0,0.0
203,Device,FusedBatchNormGradV3,gradient_tape/xception/block12_sepconv3_bn/FusedBatchNormGradV3,2,382.976,191.488,382.976,191.488,0.0007608370825035989,0.9063599764681984,0.0,0.0
204,Device,DepthwiseConv2dNativeBackpropFilter,gradient_tape/xception/block4_sepconv1/separable_conv2d/DepthwiseConv2dNativeBackpropFilter,2,379.904,189.952,379.904,189.952,0.00075473411125357,0.907114710579452,0.0,0.0
205,Device,FusedBatchNormV3,xception/batch_normalization_1/FusedBatchNormV3,4,360.448,90.112,360.448,90.112,0.0007160819600033871,0.9078307925394554,0.0,0.0
206,Device,SoftmaxCrossEntropyWithLogits,categorical_crossentropy/softmax_cross_entropy_with_logits,2,353.28,176.64,353.28,176.64,0.0007018416937533198,0.9085326342332087,0.0,0.0
207,Device,Conv2D,xception/block1_conv1/Conv2D,2,346.112,173.056,346.112,173.056,0.0006876014275032526,0.909220235660712,0.0,0.0
208,Device,AddN,SGD/gradients/AddN_9,2,334.85,167.425,334.85,167.425,0.000665227839541721,0.9098854635002537,0.0,0.0
209,Device,ReluGrad,gradient_tape/xception/block4_sepconv1_act/ReluGrad,2,327.68,163.84,327.68,163.84,0.0006509836000030793,0.9105364471002567,0.0,0.0
210,Device,AddV2,xception/add_1/add,2,317.441,158.7205,317.441,158.7205,0.0006306423491472702,0.9111670894494039,0.0,0.0
211,Device,DepthwiseConv2dNativeBackpropInput,gradient_tape/xception/block10_sepconv1/separable_conv2d/DepthwiseConv2dNativeBackpropInput,2,300.032,150.016,300.032,150.016,0.0005960568587528195,0.9117631463081568,0.0,0.0
212,Device,DepthwiseConv2dNativeBackpropInput,gradient_tape/xception/block11_sepconv1/separable_conv2d/DepthwiseConv2dNativeBackpropInput,2,300.032,150.016,300.032,150.016,0.0005960568587528195,0.9123592031669097,0.0,0.0
213,Device,DepthwiseConv2dNativeBackpropInput,gradient_tape/xception/block11_sepconv3/separable_conv2d/DepthwiseConv2dNativeBackpropInput,2,300.032,150.016,300.032,150.016,0.0005960568587528195,0.9129552600256625,0.0,0.0
214,Device,DepthwiseConv2dNativeBackpropInput,gradient_tape/xception/block11_sepconv2/separable_conv2d/DepthwiseConv2dNativeBackpropInput,2,297.984,148.992,297.984,148.992,0.0005919882112528002,0.9135472482369154,0.0,0.0
215,Device,DepthwiseConv2dNativeBackpropInput,gradient_tape/xception/block12_sepconv2/separable_conv2d/DepthwiseConv2dNativeBackpropInput,2,297.984,148.992,297.984,148.992,0.0005919882112528002,0.9141392364481682,0.0,0.0
216,Device,DepthwiseConv2dNativeBackpropInput,gradient_tape/xception/block5_sepconv1/separable_conv2d/DepthwiseConv2dNativeBackpropInput,2,297.984,148.992,297.984,148.992,0.0005919882112528002,0.914731224659421,0.0,0.0
217,Device,DepthwiseConv2dNativeBackpropInput,gradient_tape/xception/block8_sepconv3/separable_conv2d/DepthwiseConv2dNativeBackpropInput,2,297.984,148.992,297.984,148.992,0.0005919882112528002,0.9153232128706739,0.0,0.0
218,Device,DepthwiseConv2dNativeBackpropInput,gradient_tape/xception/block10_sepconv2/separable_conv2d/DepthwiseConv2dNativeBackpropInput,2,296.96,148.48,296.96,148.48,0.0005899538875027906,0.9159131667581767,0.0,0.0
219,Device,DepthwiseConv2dNativeBackpropInput,gradient_tape/xception/block10_sepconv3/separable_conv2d/DepthwiseConv2dNativeBackpropInput,2,296.96,148.48,296.96,148.48,0.0005899538875027906,0.9165031206456795,0.0,0.0
220,Device,DepthwiseConv2dNativeBackpropInput,gradient_tape/xception/block12_sepconv1/separable_conv2d/DepthwiseConv2dNativeBackpropInput,2,296.96,148.48,296.96,148.48,0.0005899538875027906,0.9170930745331823,0.0,0.0
221,Device,DepthwiseConv2dNativeBackpropInput,gradient_tape/xception/block12_sepconv3/separable_conv2d/DepthwiseConv2dNativeBackpropInput,2,296.96,148.48,296.96,148.48,0.0005899538875027906,0.9176830284206852,0.0,0.0
222,Device,DepthwiseConv2dNativeBackpropInput,gradient_tape/xception/block5_sepconv3/separable_conv2d/DepthwiseConv2dNativeBackpropInput,2,296.96,148.48,296.96,148.48,0.0005899538875027906,0.918272982308188,0.0,0.0
223,Device,DepthwiseConv2dNativeBackpropInput,gradient_tape/xception/block7_sepconv2/separable_conv2d/DepthwiseConv2dNativeBackpropInput,2,296.96,148.48,296.96,148.48,0.0005899538875027906,0.9188629361956908,0.0,0.0
224,Device,DepthwiseConv2dNativeBackpropInput,gradient_tape/xception/block7_sepconv3/separable_conv2d/DepthwiseConv2dNativeBackpropInput,2,296.96,148.48,296.96,148.48,0.0005899538875027906,0.9194528900831936,0.0,0.0
225,Device,DepthwiseConv2dNativeBackpropInput,gradient_tape/xception/block8_sepconv1/separable_conv2d/DepthwiseConv2dNativeBackpropInput,2,296.96,148.48,296.96,148.48,0.0005899538875027906,0.9200428439706965,0.0,0.0
226,Device,DepthwiseConv2dNativeBackpropInput,gradient_tape/xception/block9_sepconv1/separable_conv2d/DepthwiseConv2dNativeBackpropInput,2,296.96,148.48,296.96,148.48,0.0005899538875027906,0.9206327978581993,0.0,0.0
227,Device,DepthwiseConv2dNativeBackpropInput,gradient_tape/xception/block13_sepconv2/separable_conv2d/DepthwiseConv2dNativeBackpropInput,2,295.936,147.968,295.936,147.968,0.0005879195637527809,0.9212207174219521,0.0,0.0
228,Device,DepthwiseConv2dNativeBackpropInput,gradient_tape/xception/block5_sepconv2/separable_conv2d/DepthwiseConv2dNativeBackpropInput,2,295.936,147.968,295.936,147.968,0.0005879195637527809,0.9218086369857049,0.0,0.0
229,Device,DepthwiseConv2dNativeBackpropInput,gradient_tape/xception/block6_sepconv1/separable_conv2d/DepthwiseConv2dNativeBackpropInput,2,295.936,147.968,295.936,147.968,0.0005879195637527809,0.9223965565494577,0.0,0.0
230,Device,DepthwiseConv2dNativeBackpropInput,gradient_tape/xception/block6_sepconv3/separable_conv2d/DepthwiseConv2dNativeBackpropInput,2,295.936,147.968,295.936,147.968,0.0005879195637527809,0.9229844761132106,0.0,0.0
231,Device,DepthwiseConv2dNativeBackpropInput,gradient_tape/xception/block8_sepconv2/separable_conv2d/DepthwiseConv2dNativeBackpropInput,2,295.936,147.968,295.936,147.968,0.0005879195637527809,0.9235723956769634,0.0,0.0
232,Device,DepthwiseConv2dNativeBackpropInput,gradient_tape/xception/block9_sepconv3/separable_conv2d/DepthwiseConv2dNativeBackpropInput,2,295.936,147.968,295.936,147.968,0.0005879195637527809,0.9241603152407162,0.0,0.0
233,Device,DepthwiseConv2dNativeBackpropFilter,gradient_tape/xception/block10_sepconv3/separable_conv2d/DepthwiseConv2dNativeBackpropFilter,2,294.912,147.456,294.912,147.456,0.0005858852400027713,0.924746200480719,0.0,0.0
234,Device,DepthwiseConv2dNativeBackpropFilter,gradient_tape/xception/block13_sepconv1/separable_conv2d/DepthwiseConv2dNativeBackpropFilter,2,294.912,147.456,294.912,147.456,0.0005858852400027713,0.9253320857207218,0.0,0.0
235,Device,DepthwiseConv2dNativeBackpropInput,gradient_tape/xception/block13_sepconv1/separable_conv2d/DepthwiseConv2dNativeBackpropInput,2,294.912,147.456,294.912,147.456,0.0005858852400027713,0.9259179709607246,0.0,0.0
236,Device,DepthwiseConv2dNativeBackpropInput,gradient_tape/xception/block6_sepconv2/separable_conv2d/DepthwiseConv2dNativeBackpropInput,2,294.912,147.456,294.912,147.456,0.0005858852400027713,0.9265038562007274,0.0,0.0
237,Device,DepthwiseConv2dNativeBackpropFilter,gradient_tape/xception/block8_sepconv1/separable_conv2d/DepthwiseConv2dNativeBackpropFilter,2,294.912,147.456,294.912,147.456,0.0005858852400027713,0.9270897414407302,0.0,0.0
238,Device,DepthwiseConv2dNativeBackpropFilter,gradient_tape/xception/block10_sepconv2/separable_conv2d/DepthwiseConv2dNativeBackpropFilter,2,293.888,146.944,293.888,146.944,0.0005838509162527617,0.927673592356983,0.0,0.0
239,Device,DepthwiseConv2dNativeBackpropFilter,gradient_tape/xception/block11_sepconv2/separable_conv2d/DepthwiseConv2dNativeBackpropFilter,2,293.888,146.944,293.888,146.944,0.0005838509162527617,0.9282574432732358,0.0,0.0
240,Device,DepthwiseConv2dNativeBackpropFilter,gradient_tape/xception/block11_sepconv3/separable_conv2d/DepthwiseConv2dNativeBackpropFilter,2,293.888,146.944,293.888,146.944,0.0005838509162527617,0.9288412941894886,0.0,0.0
241,Device,DepthwiseConv2dNativeBackpropFilter,gradient_tape/xception/block12_sepconv2/separable_conv2d/DepthwiseConv2dNativeBackpropFilter,2,293.888,146.944,293.888,146.944,0.0005838509162527617,0.9294251451057414,0.0,0.0
242,Device,DepthwiseConv2dNativeBackpropFilter,gradient_tape/xception/block12_sepconv3/separable_conv2d/DepthwiseConv2dNativeBackpropFilter,2,293.888,146.944,293.888,146.944,0.0005838509162527617,0.9300089960219942,0.0,0.0
243,Device,DepthwiseConv2dNativeBackpropFilter,gradient_tape/xception/block5_sepconv2/separable_conv2d/DepthwiseConv2dNativeBackpropFilter,2,293.888,146.944,293.888,146.944,0.0005838509162527617,0.930592846938247,0.0,0.0
244,Device,DepthwiseConv2dNativeBackpropFilter,gradient_tape/xception/block5_sepconv3/separable_conv2d/DepthwiseConv2dNativeBackpropFilter,2,293.888,146.944,293.888,146.944,0.0005838509162527617,0.9311766978544997,0.0,0.0
245,Device,DepthwiseConv2dNativeBackpropFilter,gradient_tape/xception/block6_sepconv2/separable_conv2d/DepthwiseConv2dNativeBackpropFilter,2,293.888,146.944,293.888,146.944,0.0005838509162527617,0.9317605487707525,0.0,0.0
246,Device,DepthwiseConv2dNativeBackpropInput,gradient_tape/xception/block7_sepconv1/separable_conv2d/DepthwiseConv2dNativeBackpropInput,2,293.888,146.944,293.888,146.944,0.0005838509162527617,0.9323443996870053,0.0,0.0
247,Device,DepthwiseConv2dNativeBackpropFilter,gradient_tape/xception/block7_sepconv3/separable_conv2d/DepthwiseConv2dNativeBackpropFilter,2,293.888,146.944,293.888,146.944,0.0005838509162527617,0.9329282506032581,0.0,0.0
248,Device,DepthwiseConv2dNativeBackpropFilter,gradient_tape/xception/block8_sepconv3/separable_conv2d/DepthwiseConv2dNativeBackpropFilter,2,293.888,146.944,293.888,146.944,0.0005838509162527617,0.9335121015195109,0.0,0.0
249,Device,DepthwiseConv2dNativeBackpropFilter,gradient_tape/xception/block11_sepconv1/separable_conv2d/DepthwiseConv2dNativeBackpropFilter,2,292.864,146.432,292.864,146.432,0.000581816592502752,0.9340939181120137,0.0,0.0
250,Device,DepthwiseConv2dNativeBackpropFilter,gradient_tape/xception/block6_sepconv1/separable_conv2d/DepthwiseConv2dNativeBackpropFilter,2,292.864,146.432,292.864,146.432,0.000581816592502752,0.9346757347045165,0.0,0.0
251,Device,DepthwiseConv2dNativeBackpropFilter,gradient_tape/xception/block6_sepconv3/separable_conv2d/DepthwiseConv2dNativeBackpropFilter,2,292.864,146.432,292.864,146.432,0.000581816592502752,0.9352575512970193,0.0,0.0
252,Device,DepthwiseConv2dNativeBackpropFilter,gradient_tape/xception/block8_sepconv2/separable_conv2d/DepthwiseConv2dNativeBackpropFilter,2,292.864,146.432,292.864,146.432,0.000581816592502752,0.935839367889522,0.0,0.0
253,Device,DepthwiseConv2dNativeBackpropFilter,gradient_tape/xception/block9_sepconv1/separable_conv2d/DepthwiseConv2dNativeBackpropFilter,2,292.864,146.432,292.864,146.432,0.000581816592502752,0.9364211844820248,0.0,0.0
254,Device,DepthwiseConv2dNativeBackpropFilter,gradient_tape/xception/block12_sepconv1/separable_conv2d/DepthwiseConv2dNativeBackpropFilter,2,291.84,145.92,291.84,145.92,0.0005797822687527424,0.9370009667507776,0.0,0.0
255,Device,DepthwiseConv2dNativeBackpropFilter,gradient_tape/xception/block5_sepconv1/separable_conv2d/DepthwiseConv2dNativeBackpropFilter,2,291.84,145.92,291.84,145.92,0.0005797822687527424,0.9375807490195304,0.0,0.0
256,Device,DepthwiseConv2dNativeBackpropFilter,gradient_tape/xception/block7_sepconv1/separable_conv2d/DepthwiseConv2dNativeBackpropFilter,2,291.84,145.92,291.84,145.92,0.0005797822687527424,0.9381605312882831,0.0,0.0
257,Device,DepthwiseConv2dNativeBackpropFilter,gradient_tape/xception/block7_sepconv2/separable_conv2d/DepthwiseConv2dNativeBackpropFilter,2,291.84,145.92,291.84,145.92,0.0005797822687527424,0.9387403135570359,0.0,0.0
258,Device,DepthwiseConv2dNativeBackpropFilter,gradient_tape/xception/block9_sepconv3/separable_conv2d/DepthwiseConv2dNativeBackpropFilter,2,291.84,145.92,291.84,145.92,0.0005797822687527424,0.9393200958257887,0.0,0.0
259,Device,DepthwiseConv2dNativeBackpropFilter,gradient_tape/xception/block10_sepconv1/separable_conv2d/DepthwiseConv2dNativeBackpropFilter,2,290.816,145.408,290.816,145.408,0.0005777479450027328,0.9398978437707914,0.0,0.0
260,Device,DepthwiseConv2dNativeBackpropFilter,gradient_tape/xception/block9_sepconv2/separable_conv2d/DepthwiseConv2dNativeBackpropFilter,2,290.816,145.408,290.816,145.408,0.0005777479450027328,0.9404755917157942,0.0,0.0
261,Device,DepthwiseConv2dNativeBackpropInput,gradient_tape/xception/block9_sepconv2/separable_conv2d/DepthwiseConv2dNativeBackpropInput,2,290.816,145.408,290.816,145.408,0.0005777479450027328,0.941053339660797,0.0,0.0
262,Device,DepthwiseConv2dNativeBackpropFilter,gradient_tape/xception/block13_sepconv2/separable_conv2d/DepthwiseConv2dNativeBackpropFilter,2,288.768,144.384,288.768,144.384,0.0005736792975027136,0.9416270189582997,0.0,0.0
263,Device,MaxPoolGrad,gradient_tape/xception/block13_pool/MaxPool/MaxPoolGrad,2,285.698,142.849,285.698,142.849,0.0005675802995412589,0.942194599257841,0.0,0.0
264,Device,ReluGrad,gradient_tape/xception/block10_sepconv1_act/ReluGrad,2,238.592,119.296,238.592,119.296,0.0004739974337522421,0.9426685966915932,0.0,0.0
265,Device,ReluGrad,gradient_tape/xception/block12_sepconv1_act/ReluGrad,2,238.592,119.296,238.592,119.296,0.0004739974337522421,0.9431425941253454,0.0,0.0
266,Device,ReluGrad,gradient_tape/xception/block9_sepconv1_act/ReluGrad,2,238.592,119.296,238.592,119.296,0.0004739974337522421,0.9436165915590976,0.0,0.0
267,Device,AddN,SGD/gradients/AddN,2,237.568,118.784,237.568,118.784,0.0004719631100022325,0.9440885546690998,0.0,0.0
268,Device,ReluGrad,gradient_tape/xception/block10_sepconv2_act/ReluGrad,2,237.568,118.784,237.568,118.784,0.0004719631100022325,0.944560517779102,0.0,0.0
269,Device,ReluGrad,gradient_tape/xception/block5_sepconv2_act/ReluGrad,2,237.568,118.784,237.568,118.784,0.0004719631100022325,0.9450324808891042,0.0,0.0
270,Device,ReluGrad,gradient_tape/xception/block6_sepconv1_act/ReluGrad,2,237.568,118.784,237.568,118.784,0.0004719631100022325,0.9455044439991064,0.0,0.0
271,Device,ReluGrad,gradient_tape/xception/block6_sepconv3_act/ReluGrad,2,237.568,118.784,237.568,118.784,0.0004719631100022325,0.9459764071091086,0.0,0.0
272,Device,ReluGrad,gradient_tape/xception/block7_sepconv1_act/ReluGrad,2,237.568,118.784,237.568,118.784,0.0004719631100022325,0.9464483702191108,0.0,0.0
273,Device,ReluGrad,gradient_tape/xception/block7_sepconv2_act/ReluGrad,2,237.568,118.784,237.568,118.784,0.0004719631100022325,0.946920333329113,0.0,0.0
274,Device,FusedBatchNormV3,xception/block13_sepconv2_bn/FusedBatchNormV3,4,237.568,59.392,237.568,59.392,0.0004719631100022325,0.9473922964391152,0.0,0.0
275,Device,DepthwiseConv2dNative,xception/block4_sepconv1/separable_conv2d/depthwise,2,237.568,118.784,237.568,118.784,0.0004719631100022325,0.9478642595491173,0.0,0.0
276,Device,AddN,SGD/gradients/AddN_1,2,236.544,118.272,236.544,118.272,0.0004699287862522229,0.9483341883353695,0.0,0.0
277,Device,AddN,SGD/gradients/AddN_2,2,236.544,118.272,236.544,118.272,0.0004699287862522229,0.9488041171216217,0.0,0.0
278,Device,AddN,SGD/gradients/AddN_3,2,236.544,118.272,236.544,118.272,0.0004699287862522229,0.9492740459078739,0.0,0.0
279,Device,AddN,SGD/gradients/AddN_4,2,236.544,118.272,236.544,118.272,0.0004699287862522229,0.9497439746941261,0.0,0.0
280,Device,AddN,SGD/gradients/AddN_5,2,236.544,118.272,236.544,118.272,0.0004699287862522229,0.9502139034803783,0.0,0.0
281,Device,AddN,SGD/gradients/AddN_8,2,236.544,118.272,236.544,118.272,0.0004699287862522229,0.9506838322666304,0.0,0.0
282,Device,ReluGrad,gradient_tape/xception/block11_sepconv3_act/ReluGrad,2,236.544,118.272,236.544,118.272,0.0004699287862522229,0.9511537610528826,0.0,0.0
283,Device,ReluGrad,gradient_tape/xception/block12_sepconv3_act/ReluGrad,2,236.544,118.272,236.544,118.272,0.0004699287862522229,0.9516236898391348,0.0,0.0
284,Device,ReluGrad,gradient_tape/xception/block5_sepconv3_act/ReluGrad,2,236.544,118.272,236.544,118.272,0.0004699287862522229,0.952093618625387,0.0,0.0
285,Device,ReluGrad,gradient_tape/xception/block6_sepconv2_act/ReluGrad,2,236.544,118.272,236.544,118.272,0.0004699287862522229,0.9525635474116392,0.0,0.0
286,Device,ReluGrad,gradient_tape/xception/block7_sepconv3_act/ReluGrad,2,236.544,118.272,236.544,118.272,0.0004699287862522229,0.9530334761978914,0.0,0.0
287,Device,ReluGrad,gradient_tape/xception/block8_sepconv1_act/ReluGrad,2,236.544,118.272,236.544,118.272,0.0004699287862522229,0.9535034049841435,0.0,0.0
288,Device,ReluGrad,gradient_tape/xception/block10_sepconv3_act/ReluGrad,2,235.52,117.76,235.52,117.76,0.0004678944625022133,0.9539712994466457,0.0,0.0
289,Device,ReluGrad,gradient_tape/xception/block11_sepconv1_act/ReluGrad,2,235.52,117.76,235.52,117.76,0.0004678944625022133,0.9544391939091479,0.0,0.0
290,Device,ReluGrad,gradient_tape/xception/block11_sepconv2_act/ReluGrad,2,235.52,117.76,235.52,117.76,0.0004678944625022133,0.9549070883716501,0.0,0.0
291,Device,ReluGrad,gradient_tape/xception/block12_sepconv2_act/ReluGrad,2,235.52,117.76,235.52,117.76,0.0004678944625022133,0.9553749828341522,0.0,0.0
292,Device,ReluGrad,gradient_tape/xception/block13_sepconv2_act/ReluGrad,2,235.52,117.76,235.52,117.76,0.0004678944625022133,0.9558428772966544,0.0,0.0
293,Device,ReluGrad,gradient_tape/xception/block5_sepconv1_act/ReluGrad,2,235.52,117.76,235.52,117.76,0.0004678944625022133,0.9563107717591566,0.0,0.0
294,Device,ReluGrad,gradient_tape/xception/block8_sepconv2_act/ReluGrad,2,235.52,117.76,235.52,117.76,0.0004678944625022133,0.9567786662216587,0.0,0.0
295,Device,AddN,SGD/gradients/AddN_6,2,234.496,117.248,234.496,117.248,0.00046586013875220364,0.9572445263604109,0.0,0.0
296,Device,AddN,SGD/gradients/AddN_7,2,234.496,117.248,234.496,117.248,0.00046586013875220364,0.9577103864991631,0.0,0.0
297,Device,ReluGrad,gradient_tape/xception/block9_sepconv3_act/ReluGrad,2,233.472,116.736,233.472,116.736,0.000463825815002194,0.9581742123141652,0.0,0.0
298,Device,ReluGrad,gradient_tape/xception/block13_sepconv1_act/ReluGrad,2,232.448,116.224,232.448,116.224,0.0004617914912521844,0.9586360038054174,0.0,0.0
299,Device,ReluGrad,gradient_tape/xception/block8_sepconv3_act/ReluGrad,2,232.448,116.224,232.448,116.224,0.0004617914912521844,0.9590977952966695,0.0,0.0
300,Device,ReluGrad,gradient_tape/xception/block9_sepconv2_act/ReluGrad,2,231.424,115.712,231.424,115.712,0.00045975716750217476,0.9595575524641716,0.0,0.0
301,Device,AddV2,xception/add_3/add,2,229.376,114.688,229.376,114.688,0.00045568852000215553,0.9600132409841737,0.0,0.0
302,Device,AddV2,xception/add_6/add,2,228.353,114.1765,228.353,114.1765,0.000453656182896433,0.9604668971670701,0.0,0.0
303,Device,AddV2,xception/add_9/add,2,228.353,114.1765,228.353,114.1765,0.000453656182896433,0.9609205533499665,0.0,0.0
304,Device,AddV2,xception/add_10/add,2,228.352,114.176,228.352,114.176,0.0004536541962521459,0.9613742075462186,0.0,0.0
305,Device,AddV2,xception/add_4/add,2,228.352,114.176,228.352,114.176,0.0004536541962521459,0.9618278617424707,0.0,0.0
306,Device,AddV2,xception/add_5/add,2,228.352,114.176,228.352,114.176,0.0004536541962521459,0.9622815159387228,0.0,0.0
307,Device,AddV2,xception/add_7/add,2,228.352,114.176,228.352,114.176,0.0004536541962521459,0.9627351701349749,0.0,0.0
308,Device,AddV2,xception/add_8/add,2,226.304,113.152,226.304,113.152,0.00044958554875212665,0.963184755683727,0.0,0.0
309,Device,AddV2,xception/add_2/add,2,221.184,110.592,221.184,110.592,0.00043941393000207854,0.9636241696137291,0.0,0.0
310,Device,Relu,xception/block4_sepconv1_act/Relu,2,216.065,108.0325,216.065,108.0325,0.00042924429789631754,0.9640534139116255,0.0,0.0
311,Device,Transpose,gradient_tape/xception/block1_conv1/Conv2D/Conv2DBackpropFilter-0-TransposeNHWCToNCHW-LayoutOptimizer,2,186.368,93.184,186.368,93.184,0.00037024692250175133,0.9644236608341272,0.0,0.0
312,Device,ArgMax,ArgMax,2,182.272,91.136,182.272,91.136,0.00036210962750171286,0.9647857704616289,0.0,0.0
313,Device,FusedBatchNormGradV3,gradient_tape/xception/block14_sepconv2_bn/FusedBatchNormGradV3,2,177.152,88.576,177.152,88.576,0.0003519380087516647,0.9651377084703806,0.0,0.0
314,Device,DepthwiseConv2dNative,xception/block10_sepconv2/separable_conv2d/depthwise,2,173.057,86.5285,173.057,86.5285,0.00034380270039591334,0.9654815111707765,0.0,0.0
315,Device,DepthwiseConv2dNative,xception/block6_sepconv2/separable_conv2d/depthwise,2,173.056,86.528,173.056,86.528,0.0003438007137516263,0.9658253118845281,0.0,0.0
316,Device,DepthwiseConv2dNative,xception/block9_sepconv3/separable_conv2d/depthwise,2,173.056,86.528,173.056,86.528,0.0003438007137516263,0.9661691125982798,0.0,0.0
317,Device,FusedBatchNormV3,xception/batch_normalization_2/FusedBatchNormV3,4,172.032,43.008,172.032,43.008,0.00034176639000161663,0.9665108789882814,0.0,0.0
318,Device,DepthwiseConv2dNative,xception/block11_sepconv3/separable_conv2d/depthwise,2,172.032,86.016,172.032,86.016,0.00034176639000161663,0.966852645378283,0.0,0.0
319,Device,DepthwiseConv2dNative,xception/block5_sepconv2/separable_conv2d/depthwise,2,172.032,86.016,172.032,86.016,0.00034176639000161663,0.9671944117682846,0.0,0.0
320,Device,DepthwiseConv2dNative,xception/block13_sepconv2/separable_conv2d/depthwise,2,171.009,85.5045,171.009,85.5045,0.0003397340528958941,0.9675341458211805,0.0,0.0
321,Device,DepthwiseConv2dNative,xception/block5_sepconv1/separable_conv2d/depthwise,2,171.009,85.5045,171.009,85.5045,0.0003397340528958941,0.9678738798740764,0.0,0.0
322,Device,DepthwiseConv2dNative,xception/block10_sepconv3/separable_conv2d/depthwise,2,171.008,85.504,171.008,85.504,0.00033973206625160704,0.968213611940328,0.0,0.0
323,Device,FusedBatchNormV3,xception/block11_sepconv2_bn/FusedBatchNormV3,4,171.008,42.752,171.008,42.752,0.00033973206625160704,0.9685533440065796,0.0,0.0
324,Device,DepthwiseConv2dNative,xception/block12_sepconv1/separable_conv2d/depthwise,2,171.008,85.504,171.008,85.504,0.00033973206625160704,0.9688930760728311,0.0,0.0
325,Device,DepthwiseConv2dNative,xception/block12_sepconv3/separable_conv2d/depthwise,2,171.008,85.504,171.008,85.504,0.00033973206625160704,0.9692328081390827,0.0,0.0
326,Device,DepthwiseConv2dNative,xception/block7_sepconv1/separable_conv2d/depthwise,2,171.008,85.504,171.008,85.504,0.00033973206625160704,0.9695725402053343,0.0,0.0
327,Device,DepthwiseConv2dNative,xception/block7_sepconv2/separable_conv2d/depthwise,2,171.008,85.504,171.008,85.504,0.00033973206625160704,0.9699122722715859,0.0,0.0
328,Device,DepthwiseConv2dNative,xception/block8_sepconv1/separable_conv2d/depthwise,2,171.008,85.504,171.008,85.504,0.00033973206625160704,0.9702520043378375,0.0,0.0
329,Device,DepthwiseConv2dNative,xception/block8_sepconv2/separable_conv2d/depthwise,2,171.008,85.504,171.008,85.504,0.00033973206625160704,0.9705917364040891,0.0,0.0
330,Device,DepthwiseConv2dNative,xception/block6_sepconv3/separable_conv2d/depthwise,2,169.985,84.9925,169.985,84.9925,0.0003376997291458845,0.970929436133235,0.0,0.0
331,Device,DepthwiseConv2dNative,xception/block11_sepconv1/separable_conv2d/depthwise,2,169.984,84.992,169.984,84.992,0.0003376977425015974,0.9712671338757366,0.0,0.0
332,Device,DepthwiseConv2dNative,xception/block11_sepconv2/separable_conv2d/depthwise,2,169.984,84.992,169.984,84.992,0.0003376977425015974,0.9716048316182382,0.0,0.0
333,Device,DepthwiseConv2dNative,xception/block12_sepconv2/separable_conv2d/depthwise,2,169.984,84.992,169.984,84.992,0.0003376977425015974,0.9719425293607398,0.0,0.0
334,Device,DepthwiseConv2dNative,xception/block5_sepconv3/separable_conv2d/depthwise,2,169.984,84.992,169.984,84.992,0.0003376977425015974,0.9722802271032414,0.0,0.0
335,Device,DepthwiseConv2dNative,xception/block6_sepconv1/separable_conv2d/depthwise,2,169.984,84.992,169.984,84.992,0.0003376977425015974,0.9726179248457429,0.0,0.0
336,Device,FusedBatchNormV3,xception/block7_sepconv1_bn/FusedBatchNormV3,4,169.984,42.496,169.984,42.496,0.0003376977425015974,0.9729556225882445,0.0,0.0
337,Device,DepthwiseConv2dNative,xception/block7_sepconv3/separable_conv2d/depthwise,2,169.984,84.992,169.984,84.992,0.0003376977425015974,0.9732933203307461,0.0,0.0
338,Device,DepthwiseConv2dNative,xception/block8_sepconv3/separable_conv2d/depthwise,2,169.984,84.992,169.984,84.992,0.0003376977425015974,0.9736310180732477,0.0,0.0
339,Device,DepthwiseConv2dNative,xception/block9_sepconv1/separable_conv2d/depthwise,2,169.984,84.992,169.984,84.992,0.0003376977425015974,0.9739687158157493,0.0,0.0
340,Device,DepthwiseConv2dNative,xception/block9_sepconv2/separable_conv2d/depthwise,2,169.984,84.992,169.984,84.992,0.0003376977425015974,0.9743064135582509,0.0,0.0
341,Device,FusedBatchNormV3,xception/block11_sepconv3_bn/FusedBatchNormV3,4,168.961,42.24025,168.961,42.24025,0.00033566540539587493,0.9746420789636467,0.0,0.0
342,Device,FusedBatchNormV3,xception/block10_sepconv1_bn/FusedBatchNormV3,4,168.96,42.24,168.96,42.24,0.00033566341875158775,0.9749777423823983,0.0,0.0
343,Device,DepthwiseConv2dNative,xception/block13_sepconv1/separable_conv2d/depthwise,2,168.96,84.48,168.96,84.48,0.00033566341875158775,0.9753134058011499,0.0,0.0
344,Device,FusedBatchNormV3,xception/block7_sepconv3_bn/FusedBatchNormV3,4,168.96,42.24,168.96,42.24,0.00033566341875158775,0.9756490692199015,0.0,0.0
345,Device,FusedBatchNormV3,xception/block5_sepconv3_bn/FusedBatchNormV3,4,167.937,41.98425,167.937,41.98425,0.0003336310816458653,0.9759827003015473,0.0,0.0
346,Device,FusedBatchNormV3,xception/block9_sepconv2_bn/FusedBatchNormV3,4,167.937,41.98425,167.937,41.98425,0.0003336310816458653,0.9763163313831932,0.0,0.0
347,Device,ReluGrad,gradient_tape/xception/block14_sepconv2_act/ReluGrad,2,167.936,83.968,167.936,83.968,0.00033362909500157816,0.9766499604781947,0.0,0.0
348,Device,DepthwiseConv2dNative,xception/block10_sepconv1/separable_conv2d/depthwise,2,167.936,83.968,167.936,83.968,0.00033362909500157816,0.9769835895731963,0.0,0.0
349,Device,FusedBatchNormV3,xception/block10_sepconv3_bn/FusedBatchNormV3,4,167.936,41.984,167.936,41.984,0.00033362909500157816,0.9773172186681979,0.0,0.0
350,Device,FusedBatchNormV3,xception/block11_sepconv1_bn/FusedBatchNormV3,4,167.936,41.984,167.936,41.984,0.00033362909500157816,0.9776508477631994,0.0,0.0
351,Device,FusedBatchNormV3,xception/block12_sepconv2_bn/FusedBatchNormV3,4,167.936,41.984,167.936,41.984,0.00033362909500157816,0.977984476858201,0.0,0.0
352,Device,FusedBatchNormV3,xception/block5_sepconv2_bn/FusedBatchNormV3,4,167.936,41.984,167.936,41.984,0.00033362909500157816,0.9783181059532026,0.0,0.0
353,Device,FusedBatchNormV3,xception/block6_sepconv1_bn/FusedBatchNormV3,4,167.936,41.984,167.936,41.984,0.00033362909500157816,0.9786517350482041,0.0,0.0
354,Device,FusedBatchNormV3,xception/block7_sepconv2_bn/FusedBatchNormV3,4,167.936,41.984,167.936,41.984,0.00033362909500157816,0.9789853641432057,0.0,0.0
355,Device,FusedBatchNormV3,xception/block8_sepconv1_bn/FusedBatchNormV3,4,167.936,41.984,167.936,41.984,0.00033362909500157816,0.9793189932382073,0.0,0.0
356,Device,FusedBatchNormV3,xception/block9_sepconv3_bn/FusedBatchNormV3,4,167.936,41.984,167.936,41.984,0.00033362909500157816,0.9796526223332088,0.0,0.0
357,Device,FusedBatchNormV3,xception/block13_sepconv1_bn/FusedBatchNormV3,4,166.913,41.72825,166.913,41.72825,0.00033159675789585564,0.9799842190911047,0.0,0.0
358,Device,FusedBatchNormV3,xception/block6_sepconv3_bn/FusedBatchNormV3,4,166.912,41.728,166.912,41.728,0.0003315947712515685,0.9803158138623562,0.0,0.0
359,Device,FusedBatchNormV3,xception/block8_sepconv2_bn/FusedBatchNormV3,4,166.912,41.728,166.912,41.728,0.0003315947712515685,0.9806474086336078,0.0,0.0
360,Device,FusedBatchNormV3,xception/block8_sepconv3_bn/FusedBatchNormV3,4,166.912,41.728,166.912,41.728,0.0003315947712515685,0.9809790034048593,0.0,0.0
361,Device,FusedBatchNormV3,xception/block10_sepconv2_bn/FusedBatchNormV3,4,165.888,41.472,165.888,41.472,0.00032956044750155893,0.9813085638523609,0.0,0.0
362,Device,FusedBatchNormV3,xception/block12_sepconv1_bn/FusedBatchNormV3,4,165.888,41.472,165.888,41.472,0.00032956044750155893,0.9816381242998624,0.0,0.0
363,Device,FusedBatchNormV3,xception/block12_sepconv3_bn/FusedBatchNormV3,4,165.888,41.472,165.888,41.472,0.00032956044750155893,0.981967684747364,0.0,0.0
364,Device,FusedBatchNormV3,xception/block6_sepconv2_bn/FusedBatchNormV3,4,164.865,41.21625,164.865,41.21625,0.0003275281103958364,0.9822952128577598,0.0,0.0
365,Device,FusedBatchNormV3,xception/block5_sepconv1_bn/FusedBatchNormV3,4,164.864,41.216,164.864,41.216,0.0003275261237515493,0.9826227389815113,0.0,0.0
366,Device,FusedBatchNormV3,xception/block9_sepconv1_bn/FusedBatchNormV3,4,164.864,41.216,164.864,41.216,0.0003275261237515493,0.9829502651052628,0.0,0.0
367,Device,ResourceApplyGradientDescent,SGD/SGD/update_151/ResourceApplyGradientDescent,2,159.744,79.872,159.744,79.872,0.00031735450500150117,0.9832676196102643,0.0,0.0
368,Device,DepthwiseConv2dNativeBackpropInput,gradient_tape/xception/block14_sepconv2/separable_conv2d/DepthwiseConv2dNativeBackpropInput,2,157.696,78.848,157.696,78.848,0.0003132858575014819,0.9835809054677658,0.0,0.0
369,Device,Relu,xception/block12_sepconv1_act/Relu,2,155.648,77.824,155.648,77.824,0.00030921721000146265,0.9838901226777672,0.0,0.0
370,Device,Relu,xception/block6_sepconv1_act/Relu,2,154.624,77.312,154.624,77.312,0.00030718288625145306,0.9841973055640186,0.0,0.0
371,Device,Relu,xception/block9_sepconv1_act/Relu,2,154.624,77.312,154.624,77.312,0.00030718288625145306,0.98450448845027,0.0,0.0
372,Device,Relu,xception/block10_sepconv1_act/Relu,2,153.6,76.8,153.6,76.8,0.0003051485625014434,0.9848096370127715,0.0,0.0
373,Device,Relu,xception/block11_sepconv1_act/Relu,2,153.6,76.8,153.6,76.8,0.0003051485625014434,0.9851147855752729,0.0,0.0
374,Device,Relu,xception/block13_sepconv1_act/Relu,2,153.6,76.8,153.6,76.8,0.0003051485625014434,0.9854199341377743,0.0,0.0
375,Device,Relu,xception/block5_sepconv1_act/Relu,2,153.6,76.8,153.6,76.8,0.0003051485625014434,0.9857250827002757,0.0,0.0
376,Device,Relu,xception/block8_sepconv1_act/Relu,2,153.6,76.8,153.6,76.8,0.0003051485625014434,0.9860302312627771,0.0,0.0
377,Device,Relu,xception/block7_sepconv1_act/Relu,2,152.576,76.288,152.576,76.288,0.00030311423875143377,0.9863333455015285,0.0,0.0
378,Device,Relu,xception/block7_sepconv2_act/Relu,2,151.553,75.7765,151.553,75.7765,0.0003010819016457113,0.9866344274031742,0.0,0.0
379,Device,Relu,xception/block11_sepconv3_act/Relu,2,151.552,75.776,151.552,75.776,0.0003010799150014242,0.9869355073181756,0.0,0.0
380,Device,Relu,xception/block9_sepconv3_act/Relu,2,151.552,75.776,151.552,75.776,0.0003010799150014242,0.987236587233177,0.0,0.0
381,Device,Relu,xception/block12_sepconv3_act/Relu,2,150.529,75.2645,150.529,75.2645,0.00029904757789570165,0.9875356348110726,0.0,0.0
382,Device,Relu,xception/block8_sepconv2_act/Relu,2,150.528,75.264,150.528,75.264,0.00029904559125141453,0.987834680402324,0.0,0.0
383,Device,Relu,xception/block11_sepconv2_act/Relu,2,149.504,74.752,149.504,74.752,0.0002970112675014049,0.9881316916698254,0.0,0.0
384,Device,Relu,xception/block12_sepconv2_act/Relu,2,149.504,74.752,149.504,74.752,0.0002970112675014049,0.9884287029373268,0.0,0.0
385,Device,Relu,xception/block5_sepconv2_act/Relu,2,149.504,74.752,149.504,74.752,0.0002970112675014049,0.9887257142048281,0.0,0.0
386,Device,Relu,xception/block5_sepconv3_act/Relu,2,149.504,74.752,149.504,74.752,0.0002970112675014049,0.9890227254723295,0.0,0.0
387,Device,Relu,xception/block8_sepconv3_act/Relu,2,149.504,74.752,149.504,74.752,0.0002970112675014049,0.9893197367398309,0.0,0.0
388,Device,Relu,xception/block10_sepconv3_act/Relu,2,148.48,74.24,148.48,74.24,0.0002949769437513953,0.9896147136835822,0.0,0.0
389,Device,Relu,xception/block13_sepconv2_act/Relu,2,148.48,74.24,148.48,74.24,0.0002949769437513953,0.9899096906273336,0.0,0.0
390,Device,Relu,xception/block6_sepconv3_act/Relu,2,148.48,74.24,148.48,74.24,0.0002949769437513953,0.9902046675710849,0.0,0.0
391,Device,Relu,xception/block7_sepconv3_act/Relu,2,148.48,74.24,148.48,74.24,0.0002949769437513953,0.9904996445148363,0.0,0.0
392,Device,Relu,xception/block9_sepconv2_act/Relu,2,148.48,74.24,148.48,74.24,0.0002949769437513953,0.9907946214585877,0.0,0.0
393,Device,Relu,xception/block6_sepconv2_act/Relu,2,147.456,73.728,147.456,73.728,0.00029294262000138566,0.991087564078589,0.0,0.0
394,Device,Relu,xception/block10_sepconv2_act/Relu,2,146.432,73.216,146.432,73.216,0.000290908296251376,0.9913784723748403,0.0,0.0
395,Device,MaxPool,xception/block13_pool/MaxPool,2,146.432,73.216,146.432,73.216,0.000290908296251376,0.9916693806710917,0.0,0.0
396,Device,FusedBatchNormGradV3,gradient_tape/xception/block14_sepconv1_bn/FusedBatchNormGradV3,2,134.144,67.072,134.144,67.072,0.0002664964112512606,0.991935877082343,0.0,0.0
397,Device,Transpose,gradient_tape/xception/block14_sepconv2_act/ReluGrad-0-TransposeNHWCToNCHW-LayoutOptimizer,2,132.096,66.048,132.096,66.048,0.00026242776375124137,0.9921983048460943,0.0,0.0
398,Device,ReluGrad,gradient_tape/xception/block14_sepconv1_act/ReluGrad,2,124.928,62.464,124.928,62.464,0.00024818749750117397,0.9924464923435955,0.0,0.0
399,Device,FusedBatchNormV3,xception/block14_sepconv2_bn/FusedBatchNormV3,4,124.928,31.232,124.928,31.232,0.00024818749750117397,0.9926946798410967,0.0,0.0
400,Device,ArgMax,ArgMax_1,2,120.832,60.416,120.832,60.416,0.00024005020250113547,0.9929347300435979,0.0,0.0
401,Device,Transpose,xception/block14_sepconv2_act/Relu-0-0-TransposeNCHWToNHWC-LayoutOptimizer,2,115.712,57.856,115.712,57.856,0.00022987858375108738,0.993164608627349,0.0,0.0
402,Device,DepthwiseConv2dNativeBackpropFilter,gradient_tape/xception/block14_sepconv2/separable_conv2d/DepthwiseConv2dNativeBackpropFilter,2,110.592,55.296,110.592,55.296,0.00021970696500103927,0.9933843155923501,0.0,0.0
403,Device,DepthwiseConv2dNativeBackpropInput,gradient_tape/xception/block14_sepconv1/separable_conv2d/DepthwiseConv2dNativeBackpropInput,2,109.568,54.784,109.568,54.784,0.00021767264125102962,0.9936019882336011,0.0,0.0
404,Device,RealDiv,gradient_tape/xception/avg_pool/truediv,2,105.472,52.736,105.472,52.736,0.00020953534625099113,0.9938115235798521,0.0,0.0
405,Device,ResourceApplyGradientDescent,SGD/SGD/update_154/ResourceApplyGradientDescent,2,104.448,52.224,104.448,52.224,0.0002075010225009815,0.9940190246023531,0.0,0.0
406,Device,Relu,xception/block14_sepconv2_act/Relu,2,102.4,51.2,102.4,51.2,0.0002034323750009623,0.9942224569773541,0.0,0.0
407,Device,FusedBatchNormV3,xception/block14_sepconv1_bn/FusedBatchNormV3,4,97.28,24.32,97.28,24.32,0.00019326075625091416,0.994415717733605,0.0,0.0
408,Device,FusedBatchNormGradV3,gradient_tape/xception/batch_normalization_3/FusedBatchNormGradV3,2,93.184,46.592,93.184,46.592,0.00018512346125087567,0.9946008411948559,0.0,0.0
409,Device,DepthwiseConv2dNative,xception/block14_sepconv2/separable_conv2d/depthwise,2,92.16,46.08,92.16,46.08,0.00018308913750086605,0.9947839303323568,0.0,0.0
410,Device,ResourceApplyGradientDescent,SGD/SGD/update_147/ResourceApplyGradientDescent,2,82.944,41.472,82.944,41.472,0.00016478022375077947,0.9949487105561076,0.0,0.0
411,Device,DepthwiseConv2dNativeBackpropFilter,gradient_tape/xception/block14_sepconv1/separable_conv2d/DepthwiseConv2dNativeBackpropFilter,2,80.896,40.448,80.896,40.448,0.0001607115762507602,0.9951094221323583,0.0,0.0
412,Device,AddV2,xception/add_11/add,2,77.824,38.912,77.824,38.912,0.00015460860500073132,0.995264030737359,0.0,0.0
413,Device,Relu,xception/block14_sepconv1_act/Relu,2,72.704,36.352,72.704,36.352,0.0001444369862506832,0.9954084677236097,0.0,0.0
414,Device,FusedBatchNormV3,xception/batch_normalization_3/FusedBatchNormV3,4,70.656,17.664,70.656,17.664,0.00014036833875066398,0.9955488360623603,0.0,0.0
415,Device,Mean,xception/avg_pool/Mean,2,69.632,34.816,69.632,34.816,0.00013833401500065436,0.995687170077361,0.0,0.0
416,Device,BroadcastTo,gradient_tape/xception/avg_pool/BroadcastTo,2,61.44,30.72,61.44,30.72,0.00012205942500057737,0.9958092295023615,0.0,0.0
417,Device,DepthwiseConv2dNative,xception/block14_sepconv1/separable_conv2d/depthwise,2,61.44,30.72,61.44,30.72,0.00012205942500057737,0.995931288927362,0.0,0.0
418,Device,MatMul,gradient_tape/xception/predictions/MatMul/MatMul,2,52.224,26.112,52.224,26.112,0.00010375051125049076,0.9960350394386125,0.0,0.0
419,Device,MatMul,xception/predictions/MatMul,2,51.2,25.6,51.2,25.6,0.00010171618750048115,0.9961367556261129,0.0,0.0
420,Device,MatMul,gradient_tape/xception/predictions/MatMul/MatMul_1,2,45.056,22.528,45.056,22.528,8.951024500042339e-05,0.9962262658711133,0.0,0.0
421,Device,ResourceApplyGradientDescent,SGD/SGD/update_140/ResourceApplyGradientDescent,2,44.032,22.016,44.032,22.016,8.747592125041378e-05,0.9963137417923638,0.0,0.0
422,Device,ResourceApplyGradientDescent,SGD/SGD/update_143/ResourceApplyGradientDescent,2,34.816,17.408,34.816,17.408,6.916700750032718e-05,0.9963829087998641,0.0,0.0
423,Device,ResourceApplyGradientDescent,SGD/SGD/update_33/ResourceApplyGradientDescent,2,31.744,15.872,31.744,15.872,6.30640362502983e-05,0.9964459728361145,0.0,0.0
424,Device,ResourceApplyGradientDescent,SGD/SGD/update_104/ResourceApplyGradientDescent,2,28.672,14.336,28.672,14.336,5.696106500026944e-05,0.9965029339011148,0.0,0.0
425,Device,ResourceApplyGradientDescent,SGD/SGD/update_108/ResourceApplyGradientDescent,2,28.672,14.336,28.672,14.336,5.696106500026944e-05,0.9965598949661151,0.0,0.0
426,Device,ResourceApplyGradientDescent,SGD/SGD/update_120/ResourceApplyGradientDescent,2,28.672,14.336,28.672,14.336,5.696106500026944e-05,0.9966168560311154,0.0,0.0
427,Device,ResourceApplyGradientDescent,SGD/SGD/update_124/ResourceApplyGradientDescent,2,28.672,14.336,28.672,14.336,5.696106500026944e-05,0.9966738170961157,0.0,0.0
428,Device,ResourceApplyGradientDescent,SGD/SGD/update_128/ResourceApplyGradientDescent,2,28.672,14.336,28.672,14.336,5.696106500026944e-05,0.996730778161116,0.0,0.0
429,Device,ResourceApplyGradientDescent,SGD/SGD/update_136/ResourceApplyGradientDescent,2,28.672,14.336,28.672,14.336,5.696106500026944e-05,0.9967877392261163,0.0,0.0
430,Device,ResourceApplyGradientDescent,SGD/SGD/update_40/ResourceApplyGradientDescent,2,28.672,14.336,28.672,14.336,5.696106500026944e-05,0.9968447002911166,0.0,0.0
431,Device,ResourceApplyGradientDescent,SGD/SGD/update_52/ResourceApplyGradientDescent,2,28.672,14.336,28.672,14.336,5.696106500026944e-05,0.9969016613561169,0.0,0.0
432,Device,ResourceApplyGradientDescent,SGD/SGD/update_64/ResourceApplyGradientDescent,2,28.672,14.336,28.672,14.336,5.696106500026944e-05,0.9969586224211172,0.0,0.0
433,Device,ResourceApplyGradientDescent,SGD/SGD/update_68/ResourceApplyGradientDescent,2,28.672,14.336,28.672,14.336,5.696106500026944e-05,0.9970155834861175,0.0,0.0
434,Device,ResourceApplyGradientDescent,SGD/SGD/update_72/ResourceApplyGradientDescent,2,28.672,14.336,28.672,14.336,5.696106500026944e-05,0.9970725445511178,0.0,0.0
435,Device,ResourceApplyGradientDescent,SGD/SGD/update_84/ResourceApplyGradientDescent,2,28.672,14.336,28.672,14.336,5.696106500026944e-05,0.9971295056161181,0.0,0.0
436,Device,ResourceApplyGradientDescent,SGD/SGD/update_116/ResourceApplyGradientDescent,2,27.648,13.824,27.648,13.824,5.492674125025982e-05,0.9971844323573684,0.0,0.0
437,Device,ResourceApplyGradientDescent,SGD/SGD/update_44/ResourceApplyGradientDescent,2,27.648,13.824,27.648,13.824,5.492674125025982e-05,0.9972393590986187,0.0,0.0
438,Device,ResourceApplyGradientDescent,SGD/SGD/update_56/ResourceApplyGradientDescent,2,27.648,13.824,27.648,13.824,5.492674125025982e-05,0.997294285839869,0.0,0.0
439,Device,ResourceApplyGradientDescent,SGD/SGD/update_60/ResourceApplyGradientDescent,2,27.648,13.824,27.648,13.824,5.492674125025982e-05,0.9973492125811193,0.0,0.0
440,Device,ResourceApplyGradientDescent,SGD/SGD/update_76/ResourceApplyGradientDescent,2,27.648,13.824,27.648,13.824,5.492674125025982e-05,0.9974041393223696,0.0,0.0
441,Device,ResourceApplyGradientDescent,SGD/SGD/update_80/ResourceApplyGradientDescent,2,27.648,13.824,27.648,13.824,5.492674125025982e-05,0.9974590660636199,0.0,0.0
442,Device,ResourceApplyGradientDescent,SGD/SGD/update_88/ResourceApplyGradientDescent,2,27.648,13.824,27.648,13.824,5.492674125025982e-05,0.9975139928048702,0.0,0.0
443,Device,Softmax,xception/predictions/Softmax,2,27.648,13.824,27.648,13.824,5.492674125025982e-05,0.9975689195461205,0.0,0.0
444,Device,ResourceApplyGradientDescent,SGD/SGD/update_100/ResourceApplyGradientDescent,2,26.624,13.312,26.624,13.312,5.289241750025019e-05,0.9976218119636208,0.0,0.0
445,Device,ResourceApplyGradientDescent,SGD/SGD/update_112/ResourceApplyGradientDescent,2,26.624,13.312,26.624,13.312,5.289241750025019e-05,0.997674704381121,0.0,0.0
446,Device,ResourceApplyGradientDescent,SGD/SGD/update_132/ResourceApplyGradientDescent,2,26.624,13.312,26.624,13.312,5.289241750025019e-05,0.9977275967986213,0.0,0.0
447,Device,ResourceApplyGradientDescent,SGD/SGD/update_48/ResourceApplyGradientDescent,2,26.624,13.312,26.624,13.312,5.289241750025019e-05,0.9977804892161216,0.0,0.0
448,Device,ResourceApplyGradientDescent,SGD/SGD/update_96/ResourceApplyGradientDescent,2,24.576,12.288,24.576,12.288,4.882377000023095e-05,0.9978293129861219,0.0,0.0
449,Device,_Recv,IteratorGetNext/_4,2,22.816,11.408,22.816,11.408,4.532727605490191e-05,0.9978746402621768,0.0,0.0
450,Device,ResourceApplyGradientDescent,SGD/SGD/update_92/ResourceApplyGradientDescent,2,22.528,11.264,22.528,11.264,4.4755122500211697e-05,0.997919395384677,0.0,0.0
451,Device,ResourceApplyGradientDescent,SGD/SGD/update_36/ResourceApplyGradientDescent,2,14.336,7.168,14.336,7.168,2.848053250013472e-05,0.9979478759171772,0.0,0.0
452,Device,ResourceApplyGradientDescent,SGD/SGD/update_29/ResourceApplyGradientDescent,2,12.288,6.144,12.288,6.144,2.4411885000115476e-05,0.9979722878021773,0.0,0.0
453,Device,DynamicStitch,gradient_tape/xception/avg_pool/DynamicStitch,2,11.264,5.632,11.264,5.632,2.2377561250105848e-05,0.9979946653634274,0.0,0.0
454,Device,ResourceApplyGradientDescent,SGD/SGD/update_22/ResourceApplyGradientDescent,2,10.24,5.12,10.24,5.12,2.0343237500096228e-05,0.9980150086009275,0.0,0.0
455,Device,ResourceApplyGradientDescent,SGD/SGD/update_11/ResourceApplyGradientDescent,2,8.192,4.096,8.192,4.096,1.6274590000076983e-05,0.9980312831909276,0.0,0.0
456,Device,ResourceApplyGradientDescent,SGD/SGD/update_111/ResourceApplyGradientDescent,2,8.192,4.096,8.192,4.096,1.6274590000076983e-05,0.9980475577809277,0.0,0.0
457,Device,ResourceApplyGradientDescent,SGD/SGD/update_119/ResourceApplyGradientDescent,2,8.192,4.096,8.192,4.096,1.6274590000076983e-05,0.9980638323709278,0.0,0.0
458,Device,ResourceApplyGradientDescent,SGD/SGD/update_123/ResourceApplyGradientDescent,2,8.192,4.096,8.192,4.096,1.6274590000076983e-05,0.9980801069609279,0.0,0.0
459,Device,ResourceApplyGradientDescent,SGD/SGD/update_127/ResourceApplyGradientDescent,2,8.192,4.096,8.192,4.096,1.6274590000076983e-05,0.998096381550928,0.0,0.0
460,Device,ResourceApplyGradientDescent,SGD/SGD/update_14/ResourceApplyGradientDescent,2,8.192,4.096,8.192,4.096,1.6274590000076983e-05,0.998112656140928,0.0,0.0
461,Device,ResourceApplyGradientDescent,SGD/SGD/update_25/ResourceApplyGradientDescent,2,8.192,4.096,8.192,4.096,1.6274590000076983e-05,0.9981289307309281,0.0,0.0
462,Device,ResourceApplyGradientDescent,SGD/SGD/update_3/ResourceApplyGradientDescent,2,8.192,4.096,8.192,4.096,1.6274590000076983e-05,0.9981452053209282,0.0,0.0
463,Device,ResourceApplyGradientDescent,SGD/SGD/update_39/ResourceApplyGradientDescent,2,8.192,4.096,8.192,4.096,1.6274590000076983e-05,0.9981614799109283,0.0,0.0
464,Device,ResourceApplyGradientDescent,SGD/SGD/update_47/ResourceApplyGradientDescent,2,8.192,4.096,8.192,4.096,1.6274590000076983e-05,0.9981777545009284,0.0,0.0
465,Device,ResourceApplyGradientDescent,SGD/SGD/update_55/ResourceApplyGradientDescent,2,8.192,4.096,8.192,4.096,1.6274590000076983e-05,0.9981940290909285,0.0,0.0
466,Device,ResourceApplyGradientDescent,SGD/SGD/update_59/ResourceApplyGradientDescent,2,8.192,4.096,8.192,4.096,1.6274590000076983e-05,0.9982103036809286,0.0,0.0
467,Device,ResourceApplyGradientDescent,SGD/SGD/update_63/ResourceApplyGradientDescent,2,8.192,4.096,8.192,4.096,1.6274590000076983e-05,0.9982265782709286,0.0,0.0
468,Device,ResourceApplyGradientDescent,SGD/SGD/update_7/ResourceApplyGradientDescent,2,8.192,4.096,8.192,4.096,1.6274590000076983e-05,0.9982428528609287,0.0,0.0
469,Device,ResourceApplyGradientDescent,SGD/SGD/update_71/ResourceApplyGradientDescent,2,8.192,4.096,8.192,4.096,1.6274590000076983e-05,0.9982591274509288,0.0,0.0
470,Device,ResourceApplyGradientDescent,SGD/SGD/update_95/ResourceApplyGradientDescent,2,8.192,4.096,8.192,4.096,1.6274590000076983e-05,0.9982754020409289,0.0,0.0
471,Device,ResourceApplyGradientDescent,SGD/SGD/update_99/ResourceApplyGradientDescent,2,8.192,4.096,8.192,4.096,1.6274590000076983e-05,0.998291676630929,0.0,0.0
472,Device,BiasAdd,xception/predictions/BiasAdd,2,8.192,4.096,8.192,4.096,1.6274590000076983e-05,0.9983079512209291,0.0,0.0
473,Device,ResourceApplyGradientDescent,SGD/SGD/update_101/ResourceApplyGradientDescent,2,7.168,3.584,7.168,3.584,1.424026625006736e-05,0.9983221914871792,0.0,0.0
474,Device,ResourceApplyGradientDescent,SGD/SGD/update_103/ResourceApplyGradientDescent,2,7.168,3.584,7.168,3.584,1.424026625006736e-05,0.9983364317534292,0.0,0.0
475,Device,ResourceApplyGradientDescent,SGD/SGD/update_105/ResourceApplyGradientDescent,2,7.168,3.584,7.168,3.584,1.424026625006736e-05,0.9983506720196793,0.0,0.0
476,Device,ResourceApplyGradientDescent,SGD/SGD/update_107/ResourceApplyGradientDescent,2,7.168,3.584,7.168,3.584,1.424026625006736e-05,0.9983649122859294,0.0,0.0
477,Device,ResourceApplyGradientDescent,SGD/SGD/update_110/ResourceApplyGradientDescent,2,7.168,3.584,7.168,3.584,1.424026625006736e-05,0.9983791525521795,0.0,0.0
478,Device,ResourceApplyGradientDescent,SGD/SGD/update_113/ResourceApplyGradientDescent,2,7.168,3.584,7.168,3.584,1.424026625006736e-05,0.9983933928184295,0.0,0.0
479,Device,ResourceApplyGradientDescent,SGD/SGD/update_114/ResourceApplyGradientDescent,2,7.168,3.584,7.168,3.584,1.424026625006736e-05,0.9984076330846796,0.0,0.0
480,Device,ResourceApplyGradientDescent,SGD/SGD/update_117/ResourceApplyGradientDescent,2,7.168,3.584,7.168,3.584,1.424026625006736e-05,0.9984218733509297,0.0,0.0
481,Device,ResourceApplyGradientDescent,SGD/SGD/update_122/ResourceApplyGradientDescent,2,7.168,3.584,7.168,3.584,1.424026625006736e-05,0.9984361136171798,0.0,0.0
482,Device,ResourceApplyGradientDescent,SGD/SGD/update_126/ResourceApplyGradientDescent,2,7.168,3.584,7.168,3.584,1.424026625006736e-05,0.9984503538834298,0.0,0.0
483,Device,ResourceApplyGradientDescent,SGD/SGD/update_129/ResourceApplyGradientDescent,2,7.168,3.584,7.168,3.584,1.424026625006736e-05,0.9984645941496799,0.0,0.0
484,Device,ResourceApplyGradientDescent,SGD/SGD/update_13/ResourceApplyGradientDescent,2,7.168,3.584,7.168,3.584,1.424026625006736e-05,0.99847883441593,0.0,0.0
485,Device,ResourceApplyGradientDescent,SGD/SGD/update_131/ResourceApplyGradientDescent,2,7.168,3.584,7.168,3.584,1.424026625006736e-05,0.9984930746821801,0.0,0.0
486,Device,ResourceApplyGradientDescent,SGD/SGD/update_133/ResourceApplyGradientDescent,2,7.168,3.584,7.168,3.584,1.424026625006736e-05,0.9985073149484301,0.0,0.0
487,Device,ResourceApplyGradientDescent,SGD/SGD/update_134/ResourceApplyGradientDescent,2,7.168,3.584,7.168,3.584,1.424026625006736e-05,0.9985215552146802,0.0,0.0
488,Device,ResourceApplyGradientDescent,SGD/SGD/update_135/ResourceApplyGradientDescent,2,7.168,3.584,7.168,3.584,1.424026625006736e-05,0.9985357954809303,0.0,0.0
489,Device,ResourceApplyGradientDescent,SGD/SGD/update_141/ResourceApplyGradientDescent,2,7.168,3.584,7.168,3.584,1.424026625006736e-05,0.9985500357471804,0.0,0.0
490,Device,ResourceApplyGradientDescent,SGD/SGD/update_144/ResourceApplyGradientDescent,2,7.168,3.584,7.168,3.584,1.424026625006736e-05,0.9985642760134305,0.0,0.0
491,Device,ResourceApplyGradientDescent,SGD/SGD/update_148/ResourceApplyGradientDescent,2,7.168,3.584,7.168,3.584,1.424026625006736e-05,0.9985785162796805,0.0,0.0
492,Device,ResourceApplyGradientDescent,SGD/SGD/update_15/ResourceApplyGradientDescent,2,7.168,3.584,7.168,3.584,1.424026625006736e-05,0.9985927565459306,0.0,0.0
493,Device,ResourceApplyGradientDescent,SGD/SGD/update_152/ResourceApplyGradientDescent,2,7.168,3.584,7.168,3.584,1.424026625006736e-05,0.9986069968121807,0.0,0.0
494,Device,ResourceApplyGradientDescent,SGD/SGD/update_153/ResourceApplyGradientDescent,2,7.168,3.584,7.168,3.584,1.424026625006736e-05,0.9986212370784308,0.0,0.0
495,Device,ResourceApplyGradientDescent,SGD/SGD/update_155/ResourceApplyGradientDescent,2,7.168,3.584,7.168,3.584,1.424026625006736e-05,0.9986354773446808,0.0,0.0
496,Device,ResourceApplyGradientDescent,SGD/SGD/update_17/ResourceApplyGradientDescent,2,7.168,3.584,7.168,3.584,1.424026625006736e-05,0.9986497176109309,0.0,0.0
497,Device,ResourceApplyGradientDescent,SGD/SGD/update_18/ResourceApplyGradientDescent,2,7.168,3.584,7.168,3.584,1.424026625006736e-05,0.998663957877181,0.0,0.0
498,Device,ResourceApplyGradientDescent,SGD/SGD/update_30/ResourceApplyGradientDescent,2,7.168,3.584,7.168,3.584,1.424026625006736e-05,0.9986781981434311,0.0,0.0
499,Device,ResourceApplyGradientDescent,SGD/SGD/update_32/ResourceApplyGradientDescent,2,7.168,3.584,7.168,3.584,1.424026625006736e-05,0.9986924384096811,0.0,0.0
500,Device,ResourceApplyGradientDescent,SGD/SGD/update_34/ResourceApplyGradientDescent,2,7.168,3.584,7.168,3.584,1.424026625006736e-05,0.9987066786759312,0.0,0.0
501,Host,IDLE,IDLE,0,1768588.865,0.0,1768588.865,0.0,0.0,0.0,0.9972243782431218,0.9972243782431218
502,Host,GatherV2,GatherV2,2,4443.069,2221.5345,4443.069,2221.5345,0.0,0.0,0.002505238390164969,0.9997296166332867
503,Host,Dataset,Iterator::Root,2,138.532,69.266,81.691,40.8455,0.0,0.0,4.6061726552292225e-05,0.999775678359839
504,Host,GatherV2,GatherV2_1,2,78.572,39.286,78.572,39.286,0.0,0.0,4.4303068620370724e-05,0.9998199814284594
505,Host,Dataset,Iterator::Root::ParallelMapV2,2,56.841,28.4205,56.841,28.4205,0.0,0.0,3.204997611681632e-05,0.9998520314045762
506,Host,Dataset,Iterator::Root::ParallelMapV2::Zip[1]::ForeverRepeat,2,57.551,28.7755,53.011,26.5055,0.0,0.0,2.98904186050307e-05,0.9998819218231813
507,Host,FlushSummaryWriter,FlushSummaryWriter,1,38.88,38.88,38.88,38.88,0.0,0.0,2.1922609936873362e-05,0.9999038444331181
508,Host,IteratorGetNext,IteratorGetNext,2,37.732,18.866,37.732,18.866,0.0,0.0,2.127530653647391e-05,0.9999251197396546
509,Host,LogicalAnd,LogicalAnd,1,32.871,32.871,32.871,32.871,0.0,0.0,1.8534416441228506e-05,0.9999436541560958
510,Host,Dataset,Iterator::Root::ParallelMapV2::Zip[0]::FlatMap[1]::Concatenate[0]::TensorSlice,2,23.17,11.585,23.17,11.585,0.0,0.0,1.3064477166598657e-05,0.9999567186332624
511,Host,WriteSummary,WriteSummary,1,21.13,21.13,21.13,21.13,0.0,0.0,1.1914216768676288e-05,0.9999686328500311
512,Host,Dataset,Iterator::Root::ParallelMapV2::Zip[0]::FlatMap[1]::Concatenate,2,35.79,17.895,12.62,6.31,0.0,0.0,7.115826579304058e-06,0.9999757486766104
513,Host,Dataset,Iterator::Root::ParallelMapV2::Zip,2,108.481,54.2405,10.85,5.425,0.0,0.0,6.117806528165533e-06,0.9999818664831386
514,Host,ReadVariableOp,ReadVariableOp,1,6.84,6.84,6.84,6.84,0.0,0.0,3.85675545185735e-06,0.9999857232385905
515,Host,_Send,IteratorGetNext/_3,2,6.0,3.0,6.0,3.0,0.0,0.0,3.3831188174187284e-06,0.9999891063574079
516,Host,Dataset,Iterator::Root::ParallelMapV2::Zip[1]::ForeverRepeat::FromTensor,4,4.54,1.135,4.54,1.135,0.0,0.0,2.5598932385135045e-06,0.9999916662506464
517,Host,Dataset,Iterator::Root::ParallelMapV2::Zip[0]::FlatMap,2,40.08,20.04,4.29,2.145,0.0,0.0,2.4189299544543907e-06,0.9999940851806008
518,Host,_Send,IteratorGetNext/_6,2,3.22,1.61,3.22,1.61,0.0,0.0,1.8156070986813844e-06,0.9999959007876995
519,Host,Identity,Identity,2,3.0,1.5,3.0,1.5,0.0,0.0,1.6915594087093642e-06,0.9999975923471082
520,Host,_HostSend,categorical_crossentropy/softmax_cross_entropy_with_logits/Shape_2/_9,2,2.38,1.19,2.38,1.19,0.0,0.0,1.3419704642427622e-06,0.9999989343175724
521,Host,_Send,IteratorGetNext/_1,2,1.89,0.945,1.89,0.945,0.0,0.0,1.0656824274868994e-06,0.9999999999999999
