Rank,Host/device,Type,Operation,#Occurrences,Total time (us),Avg. time (us),Total self-time (us),Avg. self-time (us),Total self-time on Device (%),Cumulative total-self time on Device (%),Total self-time on Host (%),Cumulative total-self time on Host (%)
1,Device,IDLE,IDLE,0,6441.286,0.0,6441.286,0.0,0.06654451161653285,0.06654451161653285,0.0,0.0
2,Device,Conv2DBackpropFilter,gradient_tape/sequential/conv2d_1/Conv2D/Conv2DBackpropFilter,2,5285.894,2642.947,5285.894,2642.947,0.054608231133776906,0.12115274275030977,0.0,0.0
3,Device,Conv2DBackpropFilter,gradient_tape/sequential/conv2d_3/Conv2D/Conv2DBackpropFilter,2,3931.14,1965.57,3931.14,1965.57,0.040612354644121836,0.1617650973944316,0.0,0.0
4,Device,Conv2DBackpropInput,gradient_tape/sequential/conv2d_1/Conv2D/Conv2DBackpropInput,2,3420.164,1710.082,3420.164,1710.082,0.03533349443394494,0.19709859182837652,0.0,0.0
5,Device,_FusedConv2D,sequential/conv2d_1/Relu,2,3376.132,1688.066,3376.132,1688.066,0.034878602672346534,0.23197719450072307,0.0,0.0
6,Device,Conv2DBackpropFilter,gradient_tape/sequential/conv2d_2/Conv2D/Conv2DBackpropFilter,2,2694.147,1347.0735,2694.147,1347.0735,0.02783305947572381,0.25981025397644686,0.0,0.0
7,Device,_FusedConv2D,sequential/conv2d_3/Relu,2,2528.258,1264.129,2528.258,1264.129,0.026119270880161524,0.2859295248566084,0.0,0.0
8,Device,Conv2DBackpropInput,gradient_tape/sequential/conv2d_3/Conv2D/Conv2DBackpropInput,2,2514.948,1257.474,2514.948,1257.474,0.02598176612573577,0.31191129098234416,0.0,0.0
9,Device,MaxPoolGrad,gradient_tape/sequential/max_pooling2d/MaxPool/MaxPoolGrad,2,2294.786,1147.393,2294.786,1147.393,0.023707286655872285,0.33561857763821645,0.0,0.0
10,Device,Conv2DBackpropFilter,gradient_tape/sequential/conv2d_8/Conv2D/Conv2DBackpropFilter,2,2172.931,1086.4655,2172.931,1086.4655,0.022448410483779848,0.3580669881219963,0.0,0.0
11,Device,Conv2DBackpropFilter,gradient_tape/sequential/conv2d_9/Conv2D/Conv2DBackpropFilter,2,2163.714,1081.857,2163.714,1081.857,0.022353190249253762,0.38042017837125003,0.0,0.0
12,Device,_FusedConv2D,sequential/conv2d_6/Relu,2,2102.274,1051.137,2102.274,1051.137,0.021718457558651327,0.40213863592990134,0.0,0.0
13,Device,_FusedConv2D,sequential/conv2d_5/Relu,2,2095.107,1047.5535,2095.107,1047.5535,0.021644415742350098,0.42378305167225144,0.0,0.0
14,Device,Conv2DBackpropInput,gradient_tape/sequential/conv2d_6/Conv2D/Conv2DBackpropInput,2,2084.866,1042.433,2084.866,1042.433,0.021538616629647307,0.44532166830189873,0.0,0.0
15,Device,Conv2DBackpropInput,gradient_tape/sequential/conv2d_5/Conv2D/Conv2DBackpropInput,2,2083.842,1041.921,2083.842,1041.921,0.0215280377514706,0.46684970605336934,0.0,0.0
16,Device,Conv2DBackpropFilter,gradient_tape/sequential/conv2d_5/Conv2D/Conv2DBackpropFilter,2,2057.218,1028.609,2057.218,1028.609,0.02125298691887621,0.48810269297224557,0.0,0.0
17,Device,Conv2DBackpropFilter,gradient_tape/sequential/conv2d_6/Conv2D/Conv2DBackpropFilter,2,2050.05,1025.025,2050.05,1025.025,0.021178934771639263,0.5092816277438849,0.0,0.0
18,Device,_FusedConv2D,sequential/conv2d_8/Relu,2,1851.394,925.697,1851.394,925.697,0.019126632405358064,0.5284082601492429,0.0,0.0
19,Device,_FusedConv2D,sequential/conv2d_9/Relu,2,1847.298,923.649,1847.298,923.649,0.019084316892651235,0.5474925770418941,0.0,0.0
20,Device,Conv2DBackpropInput,gradient_tape/sequential/conv2d_9/Conv2D/Conv2DBackpropInput,2,1806.338,903.169,1806.338,903.169,0.018661161765582947,0.5661537388074771,0.0,0.0
21,Device,Conv2DBackpropInput,gradient_tape/sequential/conv2d_8/Conv2D/Conv2DBackpropInput,2,1804.29,902.145,1804.29,902.145,0.018640004009229532,0.5847937428167066,0.0,0.0
22,Device,ReluGrad,gradient_tape/sequential/conv2d_1/ReluGrad,2,1758.21,879.105,1758.21,879.105,0.01816395449127771,0.6029576973079843,0.0,0.0
23,Device,ReluGrad,gradient_tape/sequential/conv2d/ReluGrad,2,1757.186,878.593,1757.186,878.593,0.018153375613101,0.6211110729210854,0.0,0.0
24,Device,ResourceApplyGradientDescent,SGD/SGD/update_26/ResourceApplyGradientDescent,2,1686.53,843.265,1686.53,843.265,0.017423433018908203,0.6385345059399936,0.0,0.0
25,Device,Conv2DBackpropFilter,gradient_tape/sequential/conv2d/Conv2D/Conv2DBackpropFilter,2,1568.77,784.385,1568.77,784.385,0.016206862028586875,0.6547413679685805,0.0,0.0
26,Device,_FusedConv2D,sequential/conv2d_2/Relu,2,1474.562,737.281,1474.562,737.281,0.015233605236329812,0.6699749732049103,0.0,0.0
27,Device,Conv2DBackpropInput,gradient_tape/sequential/conv2d_2/Conv2D/Conv2DBackpropInput,2,1419.265,709.6325,1419.265,709.6325,0.014662335483851905,0.6846373086887622,0.0,0.0
28,Device,Conv2DBackpropFilter,gradient_tape/sequential/conv2d_4/Conv2D/Conv2DBackpropFilter,2,1318.914,659.457,1318.914,659.457,0.013625615753470318,0.6982629244422325,0.0,0.0
29,Device,_FusedConv2D,sequential/conv2d_4/Relu,2,1248.257,624.1285,1248.257,624.1285,0.012895662828341802,0.7111585872705742,0.0,0.0
30,Device,Conv2DBackpropInput,gradient_tape/sequential/conv2d_4/Conv2D/Conv2DBackpropInput,2,1189.889,594.9445,1189.889,594.9445,0.01229266677226949,0.7234512540428437,0.0,0.0
31,Device,Conv2DBackpropFilter,gradient_tape/sequential/conv2d_11/Conv2D/Conv2DBackpropFilter,2,1173.506,586.753,1173.506,586.753,0.012123415052377896,0.7355746690952216,0.0,0.0
32,Device,Conv2DBackpropFilter,gradient_tape/sequential/conv2d_10/Conv2D/Conv2DBackpropFilter,2,1166.338,583.169,1166.338,583.169,0.012049362905140944,0.7476240320003625,0.0,0.0
33,Device,Conv2DBackpropFilter,gradient_tape/sequential/conv2d_12/Conv2D/Conv2DBackpropFilter,2,1165.313,582.6565,1165.313,582.6565,0.012038773696028519,0.7596628056963911,0.0,0.0
34,Device,_FusedConv2D,sequential/conv2d_7/Relu,2,1091.584,545.792,1091.584,545.792,0.01127708413636988,0.770939889832761,0.0,0.0
35,Device,Conv2DBackpropFilter,gradient_tape/sequential/conv2d_7/Conv2D/Conv2DBackpropFilter,2,1055.744,527.872,1055.744,527.872,0.010906823400185128,0.7818467132329461,0.0,0.0
36,Device,_Send,IteratorGetNext/_1,2,1040.738,520.369,1040.738,520.369,0.010751797378779203,0.7925985106117253,0.0,0.0
37,Device,Conv2DBackpropInput,gradient_tape/sequential/conv2d_7/Conv2D/Conv2DBackpropInput,2,1033.217,516.6085,1033.217,516.6085,0.01067409841123329,0.8032726090229585,0.0,0.0
38,Device,ReluGrad,gradient_tape/sequential/conv2d_3/ReluGrad,2,886.784,443.392,886.784,443.392,0.00916130850102844,0.812433917523987,0.0,0.0
39,Device,ReluGrad,gradient_tape/sequential/conv2d_2/ReluGrad,2,860.161,430.0805,860.161,430.0805,0.00888626799936977,0.8213201855233567,0.0,0.0
40,Device,ResourceApplyGradientDescent,SGD/SGD/update_28/ResourceApplyGradientDescent,2,837.632,418.816,837.632,418.816,0.008653522348546492,0.8299737078719032,0.0,0.0
41,Device,_FusedConv2D,sequential/conv2d_12/Relu,2,739.33,369.665,739.33,369.665,0.007637970705454041,0.8376116785773572,0.0,0.0
42,Device,_FusedConv2D,sequential/conv2d_11/Relu,2,736.256,368.128,736.256,368.128,0.00760621340905248,0.8452178919864096,0.0,0.0
43,Device,_FusedConv2D,sequential/conv2d_10/Relu,2,730.113,365.0565,730.113,365.0565,0.007542750470927956,0.8527606424573376,0.0,0.0
44,Device,Conv2DBackpropInput,gradient_tape/sequential/conv2d_12/Conv2D/Conv2DBackpropInput,2,706.561,353.2805,706.561,353.2805,0.007299436272863691,0.8600600787302013,0.0,0.0
45,Device,Conv2DBackpropInput,gradient_tape/sequential/conv2d_10/Conv2D/Conv2DBackpropInput,2,705.537,352.7685,705.537,352.7685,0.007288857394686984,0.8673489361248883,0.0,0.0
46,Device,Conv2DBackpropInput,gradient_tape/sequential/conv2d_11/Conv2D/Conv2DBackpropInput,2,700.416,350.208,700.416,350.208,0.007235952672867728,0.874584888797756,0.0,0.0
47,Device,_FusedConv2D,sequential/conv2d/Relu,2,698.37,349.185,698.37,349.185,0.007214815578385752,0.8817997043761417,0.0,0.0
48,Device,MaxPool,sequential/max_pooling2d/MaxPool,2,677.888,338.944,677.888,338.944,0.007003217352980169,0.8888029217291219,0.0,0.0
49,Device,MaxPoolGrad,gradient_tape/sequential/max_pooling2d_1/MaxPool/MaxPoolGrad,2,653.313,326.6565,653.313,326.6565,0.006749334607674916,0.8955522563367968,0.0,0.0
50,Device,MatMul,gradient_tape/sequential/dense/MatMul/MatMul,2,630.785,315.3925,630.785,315.3925,0.006516599287787357,0.9020688556245842,0.0,0.0
51,Device,MatMul,gradient_tape/sequential/dense/MatMul/MatMul_1,2,630.785,315.3925,630.785,315.3925,0.006516599287787357,0.9085854549123715,0.0,0.0
52,Device,MatMul,sequential/dense/MatMul,2,586.752,293.376,586.752,293.376,0.006061697195253227,0.9146471521076247,0.0,0.0
53,Device,BiasAddGrad,gradient_tape/sequential/conv2d_1/BiasAdd/BiasAddGrad,2,536.577,268.2885,536.577,268.2885,0.0055433424955302945,0.920190494603155,0.0,0.0
54,Device,BiasAddGrad,gradient_tape/sequential/conv2d/BiasAdd/BiasAddGrad,2,533.505,266.7525,533.505,266.7525,0.005511605861000173,0.9257021004641552,0.0,0.0
55,Device,ReluGrad,gradient_tape/sequential/conv2d_6/ReluGrad,2,434.177,217.0885,434.177,217.0885,0.004485454677859574,0.9301875551420148,0.0,0.0
56,Device,ReluGrad,gradient_tape/sequential/conv2d_4/ReluGrad,2,433.153,216.5765,433.153,216.5765,0.004474875799682867,0.9346624309416977,0.0,0.0
57,Device,ReluGrad,gradient_tape/sequential/conv2d_5/ReluGrad,2,430.08,215.04,430.08,215.04,0.0044431288342170255,0.9391055597759147,0.0,0.0
58,Device,MaxPool,sequential/max_pooling2d_1/MaxPool,2,336.897,168.4485,336.897,168.4485,0.0034804612510723897,0.9425860210269871,0.0,0.0
59,Device,MatMul,gradient_tape/sequential/dense_1/MatMul/MatMul,2,334.849,167.4245,334.849,167.4245,0.003459303494718975,0.9460453245217061,0.0,0.0
60,Device,MaxPoolGrad,gradient_tape/sequential/max_pooling2d_2/MaxPool/MaxPoolGrad,2,324.608,162.304,324.608,162.304,0.0033535043820161837,0.9493988289037223,0.0,0.0
61,Device,MatMul,gradient_tape/sequential/dense_1/MatMul/MatMul_1,2,315.393,157.6965,315.393,157.6965,0.003258304809361538,0.9526571337130838,0.0,0.0
62,Device,MatMul,sequential/dense_1/MatMul,2,304.128,152.064,304.128,152.064,0.0031419268184820397,0.9557990605315658,0.0,0.0
63,Device,BiasAddGrad,gradient_tape/sequential/conv2d_3/BiasAdd/BiasAddGrad,2,286.72,143.36,286.72,143.36,0.0029620858894780174,0.9587611464210438,0.0,0.0
64,Device,BiasAddGrad,gradient_tape/sequential/conv2d_2/BiasAdd/BiasAddGrad,2,276.48,138.24,276.48,138.24,0.0028562971077109455,0.9616174435287548,0.0,0.0
65,Device,ReluGrad,gradient_tape/sequential/conv2d_8/ReluGrad,2,217.088,108.544,217.088,108.544,0.002242722173461927,0.9638601657022167,0.0,0.0
66,Device,ReluGrad,gradient_tape/sequential/conv2d_7/ReluGrad,2,216.065,108.0325,216.065,108.0325,0.0022321536262209394,0.9660923193284376,0.0,0.0
67,Device,ReluGrad,gradient_tape/sequential/conv2d_9/ReluGrad,2,214.017,107.0085,214.017,107.0085,0.002210995869867525,0.9683033151983051,0.0,0.0
68,Device,BiasAddGrad,gradient_tape/sequential/conv2d_5/BiasAdd/BiasAddGrad,2,180.225,90.1125,180.225,90.1125,0.0018618928900361873,0.9701652080883413,0.0,0.0
69,Device,BiasAddGrad,gradient_tape/sequential/conv2d_6/BiasAdd/BiasAddGrad,2,180.225,90.1125,180.225,90.1125,0.0018618928900361873,0.9720271009783774,0.0,0.0
70,Device,BiasAddGrad,gradient_tape/sequential/conv2d_4/BiasAdd/BiasAddGrad,2,180.224,90.112,180.224,90.112,0.0018618825591004678,0.9738889835374779,0.0,0.0
71,Device,MaxPool,sequential/max_pooling2d_2/MaxPool,2,176.129,88.0645,176.129,88.0645,0.0018195773773293585,0.9757085609148073,0.0,0.0
72,Device,MaxPoolGrad,gradient_tape/sequential/max_pooling2d_3/MaxPool/MaxPoolGrad,2,162.816,81.408,162.816,81.408,0.0016820416300964455,0.9773906025449037,0.0,0.0
73,Device,ResourceApplyGradientDescent,SGD/SGD/update_18/ResourceApplyGradientDescent,2,126.976,63.488,126.976,63.488,0.0013117808939116934,0.9787023834388154,0.0,0.0
74,Device,SoftmaxCrossEntropyWithLogits,categorical_crossentropy/softmax_cross_entropy_with_logits,2,126.976,63.488,126.976,63.488,0.0013117808939116934,0.9800141643327271,0.0,0.0
75,Device,ResourceApplyGradientDescent,SGD/SGD/update_16/ResourceApplyGradientDescent,2,125.952,62.976,125.952,62.976,0.001301202015734986,0.9813153663484622,0.0,0.0
76,Device,ResourceApplyGradientDescent,SGD/SGD/update_24/ResourceApplyGradientDescent,2,124.928,62.464,124.928,62.464,0.0012906231375582789,0.9826059894860204,0.0,0.0
77,Device,ResourceApplyGradientDescent,SGD/SGD/update_20/ResourceApplyGradientDescent,2,123.904,61.952,123.904,61.952,0.0012800442593815717,0.983886033745402,0.0,0.0
78,Device,ResourceApplyGradientDescent,SGD/SGD/update_22/ResourceApplyGradientDescent,2,120.832,60.416,120.832,60.416,0.00124830762485145,0.9851343413702534,0.0,0.0
79,Device,MaxPool,sequential/max_pooling2d_3/MaxPool,2,96.257,48.1285,96.257,48.1285,0.0009944248795461968,0.9861287662497995,0.0,0.0
80,Device,BiasAddGrad,gradient_tape/sequential/conv2d_7/BiasAdd/BiasAddGrad,2,94.209,47.1045,94.209,47.1045,0.0009732671231927822,0.9871020333729923,0.0,0.0
81,Device,MaxPoolGrad,gradient_tape/sequential/max_pooling2d_4/MaxPool/MaxPoolGrad,2,93.184,46.592,93.184,46.592,0.0009626779140803556,0.9880647112870726,0.0,0.0
82,Device,BiasAddGrad,gradient_tape/sequential/conv2d_9/BiasAdd/BiasAddGrad,2,86.016,43.008,86.016,43.008,0.0008886257668434052,0.9889533370539161,0.0,0.0
83,Device,BiasAddGrad,gradient_tape/sequential/conv2d_8/BiasAdd/BiasAddGrad,2,84.992,42.496,84.992,42.496,0.000878046888666698,0.9898313839425827,0.0,0.0
84,Device,ResourceApplyGradientDescent,SGD/SGD/update_14/ResourceApplyGradientDescent,2,67.584,33.792,67.584,33.792,0.0006982059596626755,0.9905295899022454,0.0,0.0
85,Device,Transpose,gradient_tape/sequential/conv2d/Conv2D/Conv2DBackpropFilter-0-TransposeNHWCToNCHW-LayoutOptimizer,2,65.536,32.768,65.536,32.768,0.0006770482033092611,0.9912066381055546,0.0,0.0
86,Device,ReluGrad,gradient_tape/sequential/conv2d_10/ReluGrad,2,57.344,28.672,57.344,28.672,0.0005924171778956034,0.9917990552834502,0.0,0.0
87,Device,ReluGrad,gradient_tape/sequential/conv2d_11/ReluGrad,2,55.296,27.648,55.296,27.648,0.000571259421542189,0.9923703147049925,0.0,0.0
88,Device,ReluGrad,gradient_tape/sequential/conv2d_12/ReluGrad,2,36.864,18.432,36.864,18.432,0.00038083961436145933,0.9927511543193539,0.0,0.0
89,Device,ResourceApplyGradientDescent,SGD/SGD/update_10/ResourceApplyGradientDescent,2,33.792,16.896,33.792,16.896,0.00034910297983133776,0.9931002572991853,0.0,0.0
90,Device,ResourceApplyGradientDescent,SGD/SGD/update_12/ResourceApplyGradientDescent,2,33.792,16.896,33.792,16.896,0.00034910297983133776,0.9934493602790166,0.0,0.0
91,Device,BiasAddGrad,gradient_tape/sequential/conv2d_10/BiasAdd/BiasAddGrad,2,30.72,15.36,30.72,15.36,0.00031736634530121614,0.9937667266243179,0.0,0.0
92,Device,BiasAddGrad,gradient_tape/sequential/conv2d_11/BiasAdd/BiasAddGrad,2,30.72,15.36,30.72,15.36,0.00031736634530121614,0.9940840929696191,0.0,0.0
93,Device,BiasAddGrad,gradient_tape/sequential/conv2d_12/BiasAdd/BiasAddGrad,2,29.696,14.848,29.696,14.848,0.00030678746712450893,0.9943908804367436,0.0,0.0
94,Device,MatMul,sequential/dense_2/MatMul,2,25.6,12.8,25.6,12.8,0.0002644719544176801,0.9946553523911613,0.0,0.0
95,Device,ResourceApplyGradientDescent,SGD/SGD/update_8/ResourceApplyGradientDescent,2,21.504,10.752,21.504,10.752,0.0002221564417108513,0.9948775088328722,0.0,0.0
96,Device,Softmax,sequential/dense_2/Softmax,2,21.504,10.752,21.504,10.752,0.0002221564417108513,0.995099665274583,0.0,0.0
97,Device,ArgMax,ArgMax,2,20.48,10.24,20.48,10.24,0.00021157756353414408,0.9953112428381172,0.0,0.0
98,Device,ArgMax,ArgMax_1,2,18.432,9.216,18.432,9.216,0.00019041980718072967,0.9955016626452979,0.0,0.0
99,Device,MatMul,gradient_tape/sequential/dense_2/MatMul/MatMul_1,2,16.384,8.192,16.384,8.192,0.00016926205082731528,0.9956709246961253,0.0,0.0
100,Device,Transpose,gradient_tape/sequential/max_pooling2d_4/MaxPool/MaxPoolGrad-2-TransposeNHWCToNCHW-LayoutOptimizer,2,16.384,8.192,16.384,8.192,0.00016926205082731528,0.9958401867469526,0.0,0.0
101,Device,MaxPool,sequential/max_pooling2d_4/MaxPool,2,15.36,7.68,15.36,7.68,0.00015868317265060807,0.9959988699196032,0.0,0.0
102,Device,ResourceApplyGradientDescent,SGD/SGD/update_6/ResourceApplyGradientDescent,2,14.336,7.168,14.336,7.168,0.00014810429447390086,0.996146974214077,0.0,0.0
103,Device,MatMul,gradient_tape/sequential/dense_2/MatMul/MatMul,2,14.336,7.168,14.336,7.168,0.00014810429447390086,0.9962950785085509,0.0,0.0
104,Device,ReluGrad,gradient_tape/sequential/dense/ReluGrad,2,12.288,6.144,12.288,6.144,0.00012694653812048644,0.9964220250466714,0.0,0.0
105,Device,BiasAddGrad,gradient_tape/sequential/dense/BiasAdd/BiasAddGrad,2,11.264,5.632,11.264,5.632,0.00011636765994377924,0.9965383927066153,0.0,0.0
106,Device,ResourceApplyGradientDescent,SGD/SGD/update_30/ResourceApplyGradientDescent,2,10.24,5.12,10.24,5.12,0.00010578878176707204,0.9966441814883823,0.0,0.0
107,Device,ResourceApplyGradientDescent,SGD/SGD/update_4/ResourceApplyGradientDescent,2,10.24,5.12,10.24,5.12,0.00010578878176707204,0.9967499702701493,0.0,0.0
108,Device,BiasAddGrad,gradient_tape/sequential/dense_1/BiasAdd/BiasAddGrad,2,10.24,5.12,10.24,5.12,0.00010578878176707204,0.9968557590519164,0.0,0.0
109,Device,Transpose,sequential/max_pooling2d_4/MaxPool-0-2-TransposeNCHWToNHWC-LayoutOptimizer,2,10.24,5.12,10.24,5.12,0.00010578878176707204,0.9969615478336834,0.0,0.0
110,Device,ResourceApplyGradientDescent,SGD/SGD/update_2/ResourceApplyGradientDescent,2,8.192,4.096,8.192,4.096,8.463102541365764e-05,0.9970461788590971,0.0,0.0
111,Device,ResourceApplyGradientDescent,SGD/SGD/update_21/ResourceApplyGradientDescent,2,8.192,4.096,8.192,4.096,8.463102541365764e-05,0.9971308098845107,0.0,0.0
112,Device,ResourceApplyGradientDescent,SGD/SGD/update_29/ResourceApplyGradientDescent,2,8.192,4.096,8.192,4.096,8.463102541365764e-05,0.9972154409099244,0.0,0.0
113,Device,AssignAddVariableOp,AssignAddVariableOp_2,2,7.168,3.584,7.168,3.584,7.405214723695043e-05,0.9972894930571614,0.0,0.0
114,Device,ResourceApplyGradientDescent,SGD/SGD/update/ResourceApplyGradientDescent,2,7.168,3.584,7.168,3.584,7.405214723695043e-05,0.9973635452043984,0.0,0.0
115,Device,ResourceApplyGradientDescent,SGD/SGD/update_11/ResourceApplyGradientDescent,2,7.168,3.584,7.168,3.584,7.405214723695043e-05,0.9974375973516354,0.0,0.0
116,Device,ResourceApplyGradientDescent,SGD/SGD/update_15/ResourceApplyGradientDescent,2,7.168,3.584,7.168,3.584,7.405214723695043e-05,0.9975116494988724,0.0,0.0
117,Device,ResourceApplyGradientDescent,SGD/SGD/update_25/ResourceApplyGradientDescent,2,7.168,3.584,7.168,3.584,7.405214723695043e-05,0.9975857016461094,0.0,0.0
118,Device,ResourceApplyGradientDescent,SGD/SGD/update_27/ResourceApplyGradientDescent,2,7.168,3.584,7.168,3.584,7.405214723695043e-05,0.9976597537933464,0.0,0.0
119,Device,ResourceApplyGradientDescent,SGD/SGD/update_9/ResourceApplyGradientDescent,2,7.168,3.584,7.168,3.584,7.405214723695043e-05,0.9977338059405834,0.0,0.0
120,Device,BiasAdd,sequential/dense/BiasAdd,2,7.168,3.584,7.168,3.584,7.405214723695043e-05,0.9978078580878204,0.0,0.0
121,Device,AssignAddVariableOp,AssignAddVariableOp_1,2,6.144,3.072,6.144,3.072,6.347326906024322e-05,0.9978713313568806,0.0,0.0
122,Device,AssignAddVariableOp,AssignAddVariableOp_3,2,6.144,3.072,6.144,3.072,6.347326906024322e-05,0.9979348046259408,0.0,0.0
123,Device,AssignAddVariableOp,AssignAddVariableOp_4,2,6.144,3.072,6.144,3.072,6.347326906024322e-05,0.997998277895001,0.0,0.0
124,Device,Cast,Cast,2,6.144,3.072,6.144,3.072,6.347326906024322e-05,0.9980617511640612,0.0,0.0
125,Device,Cast,Cast_1,2,6.144,3.072,6.144,3.072,6.347326906024322e-05,0.9981252244331213,0.0,0.0
126,Device,AssignAddVariableOp,SGD/SGD/AssignAddVariableOp,2,6.144,3.072,6.144,3.072,6.347326906024322e-05,0.9981886977021815,0.0,0.0
127,Device,ResourceApplyGradientDescent,SGD/SGD/update_1/ResourceApplyGradientDescent,2,6.144,3.072,6.144,3.072,6.347326906024322e-05,0.9982521709712417,0.0,0.0
128,Device,ResourceApplyGradientDescent,SGD/SGD/update_13/ResourceApplyGradientDescent,2,6.144,3.072,6.144,3.072,6.347326906024322e-05,0.998315644240302,0.0,0.0
129,Device,ResourceApplyGradientDescent,SGD/SGD/update_17/ResourceApplyGradientDescent,2,6.144,3.072,6.144,3.072,6.347326906024322e-05,0.9983791175093621,0.0,0.0
130,Device,ResourceApplyGradientDescent,SGD/SGD/update_19/ResourceApplyGradientDescent,2,6.144,3.072,6.144,3.072,6.347326906024322e-05,0.9984425907784223,0.0,0.0
131,Device,ResourceApplyGradientDescent,SGD/SGD/update_23/ResourceApplyGradientDescent,2,6.144,3.072,6.144,3.072,6.347326906024322e-05,0.9985060640474825,0.0,0.0
132,Device,ResourceApplyGradientDescent,SGD/SGD/update_3/ResourceApplyGradientDescent,2,6.144,3.072,6.144,3.072,6.347326906024322e-05,0.9985695373165427,0.0,0.0
133,Device,ResourceApplyGradientDescent,SGD/SGD/update_5/ResourceApplyGradientDescent,2,6.144,3.072,6.144,3.072,6.347326906024322e-05,0.9986330105856029,0.0,0.0
134,Device,ResourceApplyGradientDescent,SGD/SGD/update_7/ResourceApplyGradientDescent,2,6.144,3.072,6.144,3.072,6.347326906024322e-05,0.9986964838546631,0.0,0.0
135,Device,ReluGrad,gradient_tape/sequential/dense_1/ReluGrad,2,6.144,3.072,6.144,3.072,6.347326906024322e-05,0.9987599571237233,0.0,0.0
136,Device,BiasAddGrad,gradient_tape/sequential/dense_2/BiasAdd/BiasAddGrad,2,6.144,3.072,6.144,3.072,6.347326906024322e-05,0.9988234303927835,0.0,0.0
137,Device,Relu,sequential/dense/Relu,2,6.144,3.072,6.144,3.072,6.347326906024322e-05,0.9988869036618437,0.0,0.0
138,Device,BiasAdd,sequential/dense_1/BiasAdd,2,6.144,3.072,6.144,3.072,6.347326906024322e-05,0.9989503769309039,0.0,0.0
139,Device,Relu,sequential/dense_1/Relu,2,6.144,3.072,6.144,3.072,6.347326906024322e-05,0.9990138501999641,0.0,0.0
140,Device,BiasAdd,sequential/dense_2/BiasAdd,2,6.144,3.072,6.144,3.072,6.347326906024322e-05,0.9990773234690243,0.0,0.0
141,Device,AssignAddVariableOp,AssignAddVariableOp,2,5.12,2.56,5.12,2.56,5.289439088353602e-05,0.9991302178599079,0.0,0.0
142,Device,Mul,Mul,2,5.12,2.56,5.12,2.56,5.289439088353602e-05,0.9991831122507914,0.0,0.0
143,Device,ResourceApplyGradientDescent,SGD/SGD/update_31/ResourceApplyGradientDescent,2,5.12,2.56,5.12,2.56,5.289439088353602e-05,0.9992360066416749,0.0,0.0
144,Device,Sum,Sum_2,2,5.12,2.56,5.12,2.56,5.289439088353602e-05,0.9992889010325584,0.0,0.0
145,Device,Cast,categorical_crossentropy/weighted_loss/num_elements/Cast,2,5.12,2.56,5.12,2.56,5.289439088353602e-05,0.9993417954234419,0.0,0.0
146,Device,DivNoNan,categorical_crossentropy/weighted_loss/value,2,5.12,2.56,5.12,2.56,5.289439088353602e-05,0.9993946898143254,0.0,0.0
147,Device,DivNoNan,div_no_nan,2,5.12,2.56,5.12,2.56,5.289439088353602e-05,0.999447584205209,0.0,0.0
148,Device,DivNoNan,div_no_nan_1,2,5.12,2.56,5.12,2.56,5.289439088353602e-05,0.9995004785960925,0.0,0.0
149,Device,Mul,gradient_tape/categorical_crossentropy/softmax_cross_entropy_with_logits/mul,2,5.12,2.56,5.12,2.56,5.289439088353602e-05,0.999553372986976,0.0,0.0
150,Device,Tile,gradient_tape/categorical_crossentropy/weighted_loss/Tile_1,2,5.12,2.56,5.12,2.56,5.289439088353602e-05,0.9996062673778595,0.0,0.0
151,Device,DivNoNan,gradient_tape/categorical_crossentropy/weighted_loss/value/div_no_nan,2,5.12,2.56,5.12,2.56,5.289439088353602e-05,0.999659161768743,0.0,0.0
152,Device,_Recv,strided_slice/_12,2,4.8,2.4,4.8,2.4,4.958849145331502e-05,0.9997087502601963,0.0,0.0
153,Device,_Recv,categorical_crossentropy/weighted_loss/num_elements/_14,2,4.608,2.304,4.608,2.304,4.760495179518242e-05,0.9997563552119916,0.0,0.0
154,Device,_Recv,Size/_16,2,4.128,2.064,4.128,2.064,4.264610264985092e-05,0.9997990013146414,0.0,0.0
155,Device,Cast,Cast_2,2,4.096,2.048,4.096,2.048,4.231551270682882e-05,0.9998413168273482,0.0,0.0
156,Device,Equal,Equal,2,4.096,2.048,4.096,2.048,4.231551270682882e-05,0.9998836323400551,0.0,0.0
157,Device,_Send,IteratorGetNext/_3,2,4.096,2.048,4.096,2.048,4.231551270682882e-05,0.9999259478527619,0.0,0.0
158,Device,Sum,categorical_crossentropy/weighted_loss/Sum,2,4.096,2.048,4.096,2.048,4.231551270682882e-05,0.9999682633654687,0.0,0.0
159,Device,LogicalAnd,LogicalAnd,1,3.072,3.072,3.072,3.072,3.173663453012161e-05,0.9999999999999989,0.0,0.0
160,Host,IDLE,IDLE,0,454366.225,0.0,454366.225,0.0,0.0,0.0,0.9840630789739326,0.9840630789739326
161,Host,_Send,IteratorGetNext/_1,2,2653.368,1326.684,2653.368,1326.684,0.0,0.0,0.005746645195141663,0.9898097241690743
162,Host,_Send,IteratorGetNext/_3,2,2631.379,1315.6895,2631.379,1315.6895,0.0,0.0,0.005699021578215564,0.9955087457472899
163,Host,GatherV2,GatherV2,2,1272.193,636.0965,1272.193,636.0965,0.0,0.0,0.002755306384467913,0.9982640521317577
164,Host,Dataset,Iterator::Root,2,394.315,197.1575,350.184,175.092,0.0,0.0,0.0007584259706966724,0.9990224781024544
165,Host,_Send,IteratorGetNext/_6,2,104.96,52.48,104.96,52.48,0.0,0.0,0.0002273216077385681,0.9992497997101929
166,Host,Dataset,Iterator::Root::ParallelMapV2::Zip[1]::ForeverRepeat,2,53.831,26.9155,49.701,24.8505,0.0,0.0,0.00010764206579853823,0.9993574417759914
167,Host,Dataset,Iterator::Root::ParallelMapV2,2,44.131,22.0655,44.131,22.0655,0.0,0.0,9.557860014396675e-05,0.9994530203761354
168,Host,FlushSummaryWriter,FlushSummaryWriter,1,37.311,37.311,37.311,37.311,0.0,0.0,8.080789354357579e-05,0.999533828269679
169,Host,LogicalAnd,LogicalAnd,1,36.98,36.98,36.98,36.98,0.0,0.0,8.009101614112278e-05,0.9996139192858201
170,Host,GatherV2,GatherV2_1,2,32.07,16.035,32.07,16.035,0.0,0.0,6.945697370594397e-05,0.9996833762595261
171,Host,IteratorGetNext,IteratorGetNext,2,30.221,15.1105,30.221,15.1105,0.0,0.0,6.545242289888783e-05,0.999748828682425
172,Host,Dataset,Iterator::Root::ParallelMapV2::Zip[0]::FlatMap[1]::Concatenate,2,46.75,23.375,25.54,12.77,0.0,0.0,5.531434700498313e-05,0.99980414302943
173,Host,WriteSummary,WriteSummary,1,22.041,22.041,22.041,22.041,0.0,0.0,4.773623814944531e-05,0.9998518792675795
174,Host,Dataset,Iterator::Root::ParallelMapV2::Zip[0]::FlatMap[1]::Concatenate[0]::TensorSlice,2,21.21,10.605,21.21,10.605,0.0,0.0,4.5936464368664536e-05,0.9998978157319481
175,Host,_HostSend,categorical_crossentropy/softmax_cross_entropy_with_logits/Shape_2/_9,2,20.14,10.07,20.14,10.07,0.0,0.0,4.361906611904308e-05,0.9999414347980672
176,Host,Dataset,Iterator::Root::ParallelMapV2::Zip,2,113.431,56.7155,9.46,4.73,0.0,0.0,2.0488399477961647e-05,0.9999619231975452
177,Host,ReadVariableOp,ReadVariableOp,1,7.421,7.421,7.421,7.421,0.0,0.0,1.6072348047140948e-05,0.9999779955455923
178,Host,Dataset,Iterator::Root::ParallelMapV2::Zip[1]::ForeverRepeat::FromTensor,4,4.13,1.0325,4.13,1.0325,0.0,0.0,8.944724084987483e-06,0.9999869402696773
179,Host,Dataset,Iterator::Root::ParallelMapV2::Zip[0]::FlatMap,2,50.14,25.07,3.39,1.695,0.0,0.0,7.342037445062366e-06,0.9999942823071223
180,Host,Identity,Identity,2,2.64,1.32,2.64,1.32,0.0,0.0,5.717692877570692e-06,0.9999999999999999
