Rank,Host/device,Type,Operation,#Occurrences,Total time (us),Avg. time (us),Total self-time (us),Avg. self-time (us),Total self-time on Device (%),Cumulative total-self time on Device (%),Total self-time on Host (%),Cumulative total-self time on Host (%)
1,Device,IDLE,IDLE,0,15801.839,0.0,15801.839,0.0,0.02943657879342332,0.02943657879342332,0.0,0.0
2,Device,_Recv,IteratorGetNext/_2,2,8028.262,4014.131,8028.262,4014.131,0.01495551036415738,0.0443920891575807,0.0,0.0
3,Device,FusedBatchNormGradV3,gradient_tape/model/batch_normalization_3/FusedBatchNormGradV3,2,6004.741,3002.3705,6004.741,3002.3705,0.01118597851684222,0.05557806767442292,0.0,0.0
4,Device,FusedBatchNormGradV3,gradient_tape/model/batch_normalization_9/FusedBatchNormGradV3,2,5992.453,2996.2265,5992.453,2996.2265,0.011163087720384062,0.06674115539480699,0.0,0.0
5,Device,FusedBatchNormGradV3,gradient_tape/model/batch_normalization_6/FusedBatchNormGradV3,2,5963.782,2981.891,5963.782,2981.891,0.011109677724839478,0.07785083311964647,0.0,0.0
6,Device,FusedBatchNormGradV3,gradient_tape/model/batch_normalization/FusedBatchNormGradV3,2,5690.372,2845.186,5690.372,2845.186,0.010600353777929889,0.08845118689757636,0.0,0.0
7,Device,Conv2DBackpropFilter,gradient_tape/model/conv2d/Conv2D/Conv2DBackpropFilter,2,4656.132,2328.066,4656.132,2328.066,0.008673711742701574,0.09712489864027793,0.0,0.0
8,Device,MaxPoolGrad,gradient_tape/model/max_pooling2d/MaxPool/MaxPoolGrad,2,4526.083,2263.0415,4526.083,2263.0415,0.008431448950661617,0.10555634759093954,0.0,0.0
9,Device,FusedBatchNormV3,model/batch_normalization_6/FusedBatchNormV3,4,3660.804,915.201,3660.804,915.201,0.006819557229590763,0.11237590482053031,0.0,0.0
10,Device,FusedBatchNormV3,model/batch_normalization_3/FusedBatchNormV3,4,3620.867,905.21675,3620.867,905.21675,0.006745160278243964,0.11912106509877428,0.0,0.0
11,Device,ReluGrad,gradient_tape/model/activation/ReluGrad,2,3589.124,1794.562,3589.124,1794.562,0.00668602758358484,0.12580709268235912,0.0,0.0
12,Device,FusedBatchNormV3,model/batch_normalization_9/FusedBatchNormV3,4,3580.931,895.23275,3580.931,895.23275,0.00667076518975495,0.13247785787211408,0.0,0.0
13,Device,ReluGrad,gradient_tape/model/activation_9/ReluGrad,2,3561.475,1780.7375,3561.475,1780.7375,0.006634521428696199,0.13911237930081027,0.0,0.0
14,Device,ReluGrad,gradient_tape/model/activation_6/ReluGrad,2,3542.018,1771.009,3542.018,1771.009,0.006598275804779665,0.14571065510558995,0.0,0.0
15,Device,Conv2DBackpropInput,gradient_tape/model/conv2d_14/Conv2D/Conv2DBackpropInput,2,3524.61,1762.305,3524.61,1762.305,0.00656584717646394,0.1522765022820539,0.0,0.0
16,Device,ReluGrad,gradient_tape/model/activation_3/ReluGrad,2,3520.514,1760.257,3520.514,1760.257,0.006558216910977888,0.15883471919303177,0.0,0.0
17,Device,AddN,SGD/gradients/AddN_14,2,3381.251,1690.6255,3381.251,1690.6255,0.00629878974730988,0.16513350894034165,0.0,0.0
18,Device,AddN,SGD/gradients/AddN_12,2,3377.154,1688.577,3377.154,1688.577,0.006291157618966042,0.1714246665593077,0.0,0.0
19,Device,AddN,SGD/gradients/AddN_13,2,3377.154,1688.577,3377.154,1688.577,0.006291157618966042,0.17771582417827372,0.0,0.0
20,Device,FusedBatchNormV3,model/batch_normalization/FusedBatchNormV3,4,3376.131,844.03275,3376.131,844.03275,0.006289251915452313,0.18400507609372604,0.0,0.0
21,Device,Conv2D,model/conv2d/Conv2D,2,3346.434,1673.217,3346.434,1673.217,0.006233930627820647,0.1902390067215467,0.0,0.0
22,Device,AddV2,model/add_2/add,2,3272.706,1636.353,3272.706,1636.353,0.006096585849071698,0.1963355925706184,0.0,0.0
23,Device,AddV2,model/add_1/add,2,3264.514,1632.257,3264.514,1632.257,0.006081325318099592,0.202416917888718,0.0,0.0
24,Device,AddV2,model/add/add,2,3253.251,1626.6255,3253.251,1626.6255,0.006060343950870732,0.20847726183958873,0.0,0.0
25,Device,Conv2DBackpropFilter,gradient_tape/model/conv2d_2/Conv2D/Conv2DBackpropFilter,2,3083.266,1541.633,3083.266,1541.633,0.005743686070341759,0.2142209479099305,0.0,0.0
26,Device,Conv2DBackpropFilter,gradient_tape/model/conv2d_6/Conv2D/Conv2DBackpropFilter,2,3075.074,1537.537,3075.074,1537.537,0.005728425539369654,0.21994937344930013,0.0,0.0
27,Device,Conv2DBackpropFilter,gradient_tape/model/conv2d_9/Conv2D/Conv2DBackpropFilter,2,3073.026,1536.513,3073.026,1536.513,0.005724610406626627,0.22567398385592677,0.0,0.0
28,Device,Conv2DBackpropFilter,gradient_tape/model/conv2d_10/Conv2D/Conv2DBackpropFilter,2,2888.706,1444.353,2888.706,1444.353,0.005381248459754255,0.23105523231568104,0.0,0.0
29,Device,Conv2DBackpropFilter,gradient_tape/model/conv2d_4/Conv2D/Conv2DBackpropFilter,2,2883.586,1441.793,2883.586,1441.793,0.005371710627896688,0.23642694294357772,0.0,0.0
30,Device,Conv2DBackpropFilter,gradient_tape/model/conv2d_7/Conv2D/Conv2DBackpropFilter,2,2882.562,1441.281,2882.562,1441.281,0.005369803061525175,0.2417967460051029,0.0,0.0
31,Device,Conv2DBackpropFilter,gradient_tape/model/conv2d_3/Conv2D/Conv2DBackpropFilter,2,2880.515,1440.2575,2880.515,1440.2575,0.005365989791639933,0.24716273579674283,0.0,0.0
32,Device,FusedBatchNormGradV3,gradient_tape/model/batch_normalization_15/FusedBatchNormGradV3,2,2853.89,1426.945,2853.89,1426.945,0.005316391203122806,0.25247912699986563,0.0,0.0
33,Device,FusedBatchNormGradV3,gradient_tape/model/batch_normalization_12/FusedBatchNormGradV3,2,2852.866,1426.433,2852.866,1426.433,0.005314483636751293,0.25779361063661693,0.0,0.0
34,Device,FusedBatchNormGradV3,gradient_tape/model/batch_normalization_18/FusedBatchNormGradV3,2,2846.722,1423.361,2846.722,1423.361,0.0053030382385222145,0.26309664887513917,0.0,0.0
35,Device,FusedBatchNormGradV3,gradient_tape/model/batch_normalization_21/FusedBatchNormGradV3,2,2839.554,1419.777,2839.554,1419.777,0.005289685273921622,0.26838633414906077,0.0,0.0
36,Device,Conv2DBackpropInput,gradient_tape/model/conv2d_27/Conv2D/Conv2DBackpropInput,2,2744.322,1372.161,2744.322,1372.161,0.005112281601370896,0.27349861575043166,0.0,0.0
37,Device,Conv2D,model/conv2d_14/Conv2D,2,2735.107,1367.5535,2735.107,1367.5535,0.005095115366885062,0.2785937311173167,0.0,0.0
38,Device,Conv2DBackpropInput,gradient_tape/model/conv2d_46/Conv2D/Conv2DBackpropInput,2,2724.866,1362.433,2724.866,1362.433,0.005076037840312146,0.28366976895762885,0.0,0.0
39,Device,Conv2DBackpropInput,gradient_tape/model/conv2d_11/Conv2D/Conv2DBackpropInput,2,2612.226,1306.113,2612.226,1306.113,0.004866205539445696,0.2885359744970746,0.0,0.0
40,Device,Conv2DBackpropFilter,gradient_tape/model/conv2d_14/Conv2D/Conv2DBackpropFilter,2,2579.458,1289.729,2579.458,1289.729,0.004805163415557274,0.29334113791263183,0.0,0.0
41,Device,Conv2DBackpropFilter,gradient_tape/model/conv2d_5/Conv2D/Conv2DBackpropFilter,2,2577.41,1288.705,2577.41,1288.705,0.004801348282814247,0.2981424861954461,0.0,0.0
42,Device,Conv2DBackpropFilter,gradient_tape/model/conv2d_8/Conv2D/Conv2DBackpropFilter,2,2571.266,1285.633,2571.266,1285.633,0.0047899028845851685,0.3029323890800313,0.0,0.0
43,Device,Conv2DBackpropFilter,gradient_tape/model/conv2d_27/Conv2D/Conv2DBackpropFilter,2,2496.514,1248.257,2496.514,1248.257,0.0046506505394647065,0.307583039619496,0.0,0.0
44,Device,Conv2D,model/conv2d_46/Conv2D,4,2454.53,613.6325,2454.53,613.6325,0.004572440318232666,0.3121554799377287,0.0,0.0
45,Device,BiasAdd,model/conv2d_10/BiasAdd,2,2393.09,1196.545,2393.09,1196.545,0.004457986335941875,0.31661346627367054,0.0,0.0
46,Device,BiasAdd,model/conv2d_4/BiasAdd,2,2393.09,1196.545,2393.09,1196.545,0.004457986335941875,0.3210714526096124,0.0,0.0
47,Device,BiasAdd,model/conv2d/BiasAdd,2,2392.066,1196.033,2392.066,1196.033,0.004456078769570361,0.3255275313791828,0.0,0.0
48,Device,BiasAdd,model/conv2d_3/BiasAdd,2,2391.042,1195.521,2391.042,1195.521,0.004454171203198848,0.32998170258238163,0.0,0.0
49,Device,BiasAdd,model/conv2d_7/BiasAdd,2,2387.97,1193.985,2387.97,1193.985,0.004448448504084308,0.33443015108646595,0.0,0.0
50,Device,Conv2D,model/conv2d_27/Conv2D,2,2313.218,1156.609,2313.218,1156.609,0.004309196158963846,0.3387393472454298,0.0,0.0
51,Device,Conv2DBackpropFilter,gradient_tape/model/conv2d_46/Conv2D/Conv2DBackpropFilter,4,2283.522,570.8805,2283.522,570.8805,0.004253876734189964,0.3429932239796198,0.0,0.0
52,Device,Conv2DBackpropInput,gradient_tape/model/conv2d_8/Conv2D/Conv2DBackpropInput,2,2250.754,1125.377,2250.754,1125.377,0.004192834610301542,0.34718605858992135,0.0,0.0
53,Device,Conv2DBackpropInput,gradient_tape/model/conv2d_5/Conv2D/Conv2DBackpropInput,2,2243.586,1121.793,2243.586,1121.793,0.00417948164570095,0.3513655402356223,0.0,0.0
54,Device,Relu,model/activation/Relu,2,2197.506,1098.753,2197.506,1098.753,0.004093641158982857,0.35545918139460514,0.0,0.0
55,Device,Relu,model/activation_3/Relu,2,2195.458,1097.729,2195.458,1097.729,0.004089826026239831,0.35954900742084495,0.0,0.0
56,Device,Relu,model/activation_9/Relu,2,2193.41,1096.705,2193.41,1096.705,0.004086010893496804,0.36363501831434175,0.0,0.0
57,Device,Relu,model/activation_6/Relu,2,2190.338,1095.169,2190.338,1095.169,0.004080288194382265,0.367715306508724,0.0,0.0
58,Device,Conv2D,model/conv2d_10/Conv2D,4,2113.538,528.3845,2113.538,528.3845,0.003937220716518776,0.3716525272252428,0.0,0.0
59,Device,Conv2D,model/conv2d_7/Conv2D,4,2094.082,523.5205,2094.082,523.5205,0.0039009769554600253,0.3755535041807028,0.0,0.0
60,Device,Conv2D,model/conv2d_3/Conv2D,4,2094.081,523.52025,2094.081,523.52025,0.003900975092602241,0.37945447927330506,0.0,0.0
61,Device,Conv2D,model/conv2d_4/Conv2D,4,2091.009,522.75225,2091.009,522.75225,0.0038952523934877013,0.38334973166679276,0.0,0.0
62,Device,Conv2DBackpropFilter,gradient_tape/model/conv2d_20/Conv2D/Conv2DBackpropFilter,2,1986.562,993.281,1986.562,993.281,0.0037006824864511414,0.3870504141532439,0.0,0.0
63,Device,Conv2DBackpropFilter,gradient_tape/model/conv2d_12/Conv2D/Conv2DBackpropFilter,2,1979.393,989.6965,1979.393,989.6965,0.0036873276589927647,0.3907377418122367,0.0,0.0
64,Device,Conv2DBackpropFilter,gradient_tape/model/conv2d_22/Conv2D/Conv2DBackpropFilter,2,1977.345,988.6725,1977.345,988.6725,0.003683512526249738,0.3944212543384864,0.0,0.0
65,Device,Conv2DBackpropFilter,gradient_tape/model/conv2d_23/Conv2D/Conv2DBackpropFilter,2,1977.344,988.672,1977.344,988.672,0.003683510663391954,0.39810476500187836,0.0,0.0
66,Device,Conv2DBackpropFilter,gradient_tape/model/conv2d_13/Conv2D/Conv2DBackpropFilter,2,1974.272,987.136,1974.272,987.136,0.003677787964277414,0.4017825529661558,0.0,0.0
67,Device,Conv2DBackpropFilter,gradient_tape/model/conv2d_19/Conv2D/Conv2DBackpropFilter,2,1973.25,986.625,1973.25,986.625,0.00367588412362147,0.40545843708977725,0.0,0.0
68,Device,Conv2DBackpropFilter,gradient_tape/model/conv2d_16/Conv2D/Conv2DBackpropFilter,2,1973.249,986.6245,1973.249,986.6245,0.0036758822607636855,0.40913431935054095,0.0,0.0
69,Device,Conv2DBackpropFilter,gradient_tape/model/conv2d_17/Conv2D/Conv2DBackpropFilter,2,1969.154,984.577,1969.154,984.577,0.0036682538581354176,0.41280257320867636,0.0,0.0
70,Device,Conv2DBackpropFilter,gradient_tape/model/conv2d_18/Conv2D/Conv2DBackpropFilter,2,1870.85,935.425,1870.85,935.425,0.0034851274864701517,0.41628770069514653,0.0,0.0
71,Device,FusedBatchNormV3,model/batch_normalization_12/FusedBatchNormV3,4,1869.826,467.4565,1869.826,467.4565,0.003483219920098639,0.4197709206152452,0.0,0.0
72,Device,Conv2DBackpropFilter,gradient_tape/model/conv2d_15/Conv2D/Conv2DBackpropFilter,2,1863.68,931.84,1863.68,931.84,0.0034717707961539907,0.4232426914113992,0.0,0.0
73,Device,Conv2DBackpropFilter,gradient_tape/model/conv2d_21/Conv2D/Conv2DBackpropFilter,2,1862.658,931.329,1862.658,931.329,0.0034698669554980464,0.42671255836689725,0.0,0.0
74,Device,FusedBatchNormV3,model/batch_normalization_21/FusedBatchNormV3,4,1804.29,451.0725,1804.29,451.0725,0.0033611356723217954,0.430073694039219,0.0,0.0
75,Device,FusedBatchNormV3,model/batch_normalization_15/FusedBatchNormV3,4,1794.05,448.5125,1794.05,448.5125,0.0033420600086066636,0.4334157540478257,0.0,0.0
76,Device,FusedBatchNormV3,model/batch_normalization_18/FusedBatchNormV3,4,1785.856,446.464,1785.856,446.464,0.0033267957519189885,0.43674254979974464,0.0,0.0
77,Device,ReluGrad,gradient_tape/model/activation_15/ReluGrad,2,1755.138,877.569,1755.138,877.569,0.0032695724864891624,0.4400121222862338,0.0,0.0
78,Device,ReluGrad,gradient_tape/model/activation_12/ReluGrad,2,1748.994,874.497,1748.994,874.497,0.0032581270882600833,0.4432702493744939,0.0,0.0
79,Device,ReluGrad,gradient_tape/model/activation_18/ReluGrad,2,1743.873,871.9365,1743.873,871.9365,0.003248587393544733,0.4465188367680386,0.0,0.0
80,Device,ReluGrad,gradient_tape/model/activation_21/ReluGrad,2,1740.802,870.401,1740.802,870.401,0.003242866557287978,0.4497617033253266,0.0,0.0
81,Device,AddN,SGD/gradients/AddN_10,2,1689.602,844.801,1689.602,844.801,0.003147488238712319,0.4529091915640389,0.0,0.0
82,Device,AddN,SGD/gradients/AddN_8,2,1686.53,843.265,1686.53,843.265,0.003141765539597779,0.4560509571036367,0.0,0.0
83,Device,AddN,SGD/gradients/AddN_9,2,1685.504,842.752,1685.504,842.752,0.0031398542475106965,0.45919081135114737,0.0,0.0
84,Device,AddN,SGD/gradients/AddN_11,2,1683.457,841.7285,1683.457,841.7285,0.0031360409776254555,0.4623268523287728,0.0,0.0
85,Device,Conv2DBackpropInput,gradient_tape/model/conv2d_21/Conv2D/Conv2DBackpropInput,2,1672.194,836.097,1672.194,836.097,0.0031150596103965947,0.4654419119391694,0.0,0.0
86,Device,Conv2DBackpropInput,gradient_tape/model/conv2d_18/Conv2D/Conv2DBackpropInput,2,1668.096,834.048,1668.096,834.048,0.0031074256191949727,0.46854933755836436,0.0,0.0
87,Device,Conv2DBackpropInput,gradient_tape/model/conv2d_15/Conv2D/Conv2DBackpropInput,2,1666.05,833.025,1666.05,833.025,0.0031036142121675155,0.4716529517705319,0.0,0.0
88,Device,AddV2,model/add_6/add,2,1642.497,821.2485,1642.497,821.2485,0.003059738322764928,0.4747126900932968,0.0,0.0
89,Device,AddV2,model/add_5/add,2,1638.402,819.201,1638.402,819.201,0.00305210992013666,0.47776480001343347,0.0,0.0
90,Device,AddV2,model/add_4/add,2,1636.354,818.177,1636.354,818.177,0.0030482947873936334,0.4808130948008271,0.0,0.0
91,Device,AddV2,model/add_3/add,2,1633.28,816.64,1633.28,816.64,0.0030425683625635246,0.4838556631633906,0.0,0.0
92,Device,Conv2DBackpropInput,gradient_tape/model/conv2d_9/Conv2D/Conv2DBackpropInput,2,1566.721,783.3605,1566.721,783.3605,0.0029185784112729526,0.4867742415746636,0.0,0.0
93,Device,Conv2D,model/conv2d_6/Conv2D,2,1562.626,781.313,1562.626,781.313,0.002910950008644684,0.48968519158330825,0.0,0.0
94,Device,Conv2D,model/conv2d_9/Conv2D,2,1559.554,779.777,1559.554,779.777,0.002905227309530145,0.4925904188928384,0.0,0.0
95,Device,Conv2D,model/conv2d_2/Conv2D,2,1555.458,777.729,1555.458,777.729,0.002897597044044092,0.49548801593688246,0.0,0.0
96,Device,Conv2DBackpropInput,gradient_tape/model/conv2d_6/Conv2D/Conv2DBackpropInput,2,1553.41,776.705,1553.41,776.705,0.002893781911301066,0.49838179784818354,0.0,0.0
97,Device,Conv2DBackpropInput,gradient_tape/model/conv2d_2/Conv2D/Conv2DBackpropInput,2,1548.289,774.1445,1548.289,774.1445,0.002884242216585715,0.5012660400647693,0.0,0.0
98,Device,Conv2DBackpropFilter,gradient_tape/model/conv2d_51/Conv2D/Conv2DBackpropFilter,2,1488.897,744.4485,1488.897,744.4485,0.0027736033670379507,0.5040396434318072,0.0,0.0
99,Device,Conv2DBackpropFilter,gradient_tape/model/conv2d_44/Conv2D/Conv2DBackpropFilter,2,1480.705,740.3525,1480.705,740.3525,0.002758342836065845,0.506797986267873,0.0,0.0
100,Device,Conv2DBackpropInput,gradient_tape/model/conv2d_24/Conv2D/Conv2DBackpropInput,2,1471.49,735.745,1471.49,735.745,0.002741176601580011,0.509539162869453,0.0,0.0
101,Device,Conv2DBackpropFilter,gradient_tape/model/conv2d_48/Conv2D/Conv2DBackpropFilter,2,1468.418,734.209,1468.418,734.209,0.0027354539024654714,0.5122746167719184,0.0,0.0
102,Device,Conv2D,model/conv2d_23/Conv2D,4,1468.417,367.10425,1468.417,367.10425,0.0027354520396076867,0.5150100688115261,0.0,0.0
103,Device,Conv2D,model/conv2d_17/Conv2D,4,1454.082,363.5205,1454.082,363.5205,0.0027087479732642874,0.5177188167847904,0.0,0.0
104,Device,Conv2DBackpropFilter,gradient_tape/model/conv2d_1/Conv2D/Conv2DBackpropFilter,2,1453.057,726.5285,1453.057,726.5285,0.0027068385440349894,0.5204256553288253,0.0,0.0
105,Device,Conv2D,model/conv2d_13/Conv2D,4,1447.936,361.984,1447.936,361.984,0.0026972988493196384,0.523122954178145,0.0,0.0
106,Device,FusedBatchNormGradV3,gradient_tape/model/batch_normalization_7/FusedBatchNormGradV3,2,1433.602,716.801,1433.602,716.801,0.0026705966458340238,0.525793550823979,0.0,0.0
107,Device,FusedBatchNormGradV3,gradient_tape/model/batch_normalization_1/FusedBatchNormGradV3,2,1432.576,716.288,1432.576,716.288,0.002668685353746941,0.528462236177726,0.0,0.0
108,Device,Conv2D,model/conv2d_5/Conv2D,2,1431.552,715.776,1431.552,715.776,0.002666777787375428,0.5311290139651015,0.0,0.0
109,Device,FusedBatchNormGradV3,gradient_tape/model/batch_normalization_5/FusedBatchNormGradV3,2,1430.53,715.265,1430.53,715.265,0.002664873946719484,0.5337938879118209,0.0,0.0
110,Device,Conv2D,model/conv2d_8/Conv2D,2,1429.504,714.752,1429.504,714.752,0.0026629626546324013,0.5364568505664533,0.0,0.0
111,Device,FusedBatchNormGradV3,gradient_tape/model/batch_normalization_4/FusedBatchNormGradV3,2,1428.482,714.241,1428.482,714.241,0.0026610588139764574,0.5391179093804298,0.0,0.0
112,Device,FusedBatchNormGradV3,gradient_tape/model/batch_normalization_2/FusedBatchNormGradV3,2,1425.409,712.7045,1425.409,712.7045,0.002655334252004134,0.541773243632434,0.0,0.0
113,Device,FusedBatchNormGradV3,gradient_tape/model/batch_normalization_8/FusedBatchNormGradV3,2,1424.384,712.192,1424.384,712.192,0.0026534248227748354,0.5444266684552088,0.0,0.0
114,Device,Conv2DBackpropInput,gradient_tape/model/conv2d_3/Conv2D/Conv2DBackpropInput,2,1406.977,703.4885,1406.977,703.4885,0.0026209980573168963,0.5470476665125257,0.0,0.0
115,Device,Conv2D,model/conv2d_20/Conv2D,4,1400.833,350.20825,1400.833,350.20825,0.002609552659087817,0.5496572191716135,0.0,0.0
116,Device,FusedBatchNormGradV3,gradient_tape/model/batch_normalization_24/FusedBatchNormGradV3,2,1400.832,700.416,1400.832,700.416,0.0026095507962300324,0.5522667699678435,0.0,0.0
117,Device,FusedBatchNormGradV3,gradient_tape/model/batch_normalization_27/FusedBatchNormGradV3,2,1396.738,698.369,1396.738,698.369,0.002601924256459549,0.5548686942243031,0.0,0.0
118,Device,FusedBatchNormGradV3,gradient_tape/model/batch_normalization_30/FusedBatchNormGradV3,2,1396.738,698.369,1396.738,698.369,0.002601924256459549,0.5574706184807626,0.0,0.0
119,Device,Conv2DBackpropInput,gradient_tape/model/conv2d_7/Conv2D/Conv2DBackpropInput,2,1396.737,698.3685,1396.737,698.3685,0.0026019223936017645,0.5600725408743644,0.0,0.0
120,Device,FusedBatchNormGradV3,gradient_tape/model/batch_normalization_33/FusedBatchNormGradV3,2,1394.688,697.344,1394.688,697.344,0.0025981053980009537,0.5626706462723654,0.0,0.0
121,Device,Conv2DBackpropInput,gradient_tape/model/conv2d_10/Conv2D/Conv2DBackpropInput,2,1394.688,697.344,1394.688,697.344,0.0025981053980009537,0.5652687516703664,0.0,0.0
122,Device,FusedBatchNormGradV3,gradient_tape/model/batch_normalization_36/FusedBatchNormGradV3,2,1393.665,696.8325,1393.665,696.8325,0.0025961996944872247,0.5678649513648536,0.0,0.0
123,Device,Conv2DBackpropInput,gradient_tape/model/conv2d_4/Conv2D/Conv2DBackpropInput,2,1393.665,696.8325,1393.665,696.8325,0.0025961996944872247,0.5704611510593408,0.0,0.0
124,Device,FusedBatchNormGradV3,gradient_tape/model/batch_normalization_39/FusedBatchNormGradV3,2,1392.642,696.321,1392.642,696.321,0.0025942939909734965,0.5730554450503144,0.0,0.0
125,Device,MaxPool,model/max_pooling2d/MaxPool,2,1376.256,688.128,1376.256,688.128,0.002563769203313716,0.575619214253628,0.0,0.0
126,Device,Conv2D,model/conv2d_15/Conv2D,2,1352.704,676.352,1352.704,676.352,0.0025198951767689127,0.5781391094303969,0.0,0.0
127,Device,Conv2D,model/conv2d_18/Conv2D,2,1319.938,659.969,1319.938,659.969,0.0024588567785960606,0.580597966208993,0.0,0.0
128,Device,Conv2D,model/conv2d_21/Conv2D,2,1313.792,656.896,1313.792,656.896,0.0024474076546514116,0.5830453738636444,0.0,0.0
129,Device,Conv2DBackpropInput,gradient_tape/model/conv2d_17/Conv2D/Conv2DBackpropInput,2,1305.6,652.8,1305.6,652.8,0.0024321471236793063,0.5854775209873238,0.0,0.0
130,Device,Conv2DBackpropInput,gradient_tape/model/conv2d_13/Conv2D/Conv2DBackpropInput,2,1302.53,651.265,1302.53,651.265,0.0024264281502803364,0.5879039491376041,0.0,0.0
131,Device,Conv2DBackpropInput,gradient_tape/model/conv2d_23/Conv2D/Conv2DBackpropInput,2,1299.456,649.728,1299.456,649.728,0.002420701725450227,0.5903246508630544,0.0,0.0
132,Device,Conv2DBackpropInput,gradient_tape/model/conv2d_20/Conv2D/Conv2DBackpropInput,2,1298.434,649.217,1298.434,649.217,0.0024187978847942837,0.5927434487478487,0.0,0.0
133,Device,Conv2DBackpropFilter,gradient_tape/model/conv2d_33/Conv2D/Conv2DBackpropFilter,2,1252.354,626.177,1252.354,626.177,0.0023329573980761906,0.5950764061459248,0.0,0.0
134,Device,Conv2DBackpropFilter,gradient_tape/model/conv2d_30/Conv2D/Conv2DBackpropFilter,2,1252.353,626.1765,1252.353,626.1765,0.002332955535218406,0.5974093616811432,0.0,0.0
135,Device,Conv2D,model/conv2d_12/Conv2D,2,1252.352,626.176,1252.352,626.176,0.002332953672360621,0.5997423153535039,0.0,0.0
136,Device,Conv2DBackpropFilter,gradient_tape/model/conv2d_39/Conv2D/Conv2DBackpropFilter,2,1250.304,625.152,1250.304,625.152,0.0023291385396175947,0.6020714538931214,0.0,0.0
137,Device,Conv2DBackpropInput,gradient_tape/model/conv2d_22/Conv2D/Conv2DBackpropInput,2,1249.282,624.641,1249.282,624.641,0.002327234698961651,0.6043986885920831,0.0,0.0
138,Device,Conv2DBackpropInput,gradient_tape/model/conv2d_19/Conv2D/Conv2DBackpropInput,2,1249.281,624.6405,1249.281,624.6405,0.002327232836103866,0.606725921428187,0.0,0.0
139,Device,Conv2DBackpropInput,gradient_tape/model/conv2d_16/Conv2D/Conv2DBackpropInput,2,1248.256,624.128,1248.256,624.128,0.0023253234068745686,0.6090512448350616,0.0,0.0
140,Device,Conv2DBackpropFilter,gradient_tape/model/conv2d_26/Conv2D/Conv2DBackpropFilter,2,1248.256,624.128,1248.256,624.128,0.0023253234068745686,0.6113765682419361,0.0,0.0
141,Device,Conv2DBackpropFilter,gradient_tape/model/conv2d_42/Conv2D/Conv2DBackpropFilter,2,1247.234,623.617,1247.234,623.617,0.0023234195662186242,0.6136999878081547,0.0,0.0
142,Device,Conv2D,model/conv2d_19/Conv2D,2,1247.234,623.617,1247.234,623.617,0.0023234195662186242,0.6160234073743733,0.0,0.0
143,Device,Conv2DBackpropInput,gradient_tape/model/conv2d_12/Conv2D/Conv2DBackpropInput,2,1247.232,623.616,1247.232,623.616,0.0023234158405030553,0.6183468232148764,0.0,0.0
144,Device,Conv2D,model/conv2d_22/Conv2D,2,1246.208,623.104,1246.208,623.104,0.002321508274131542,0.620668331489008,0.0,0.0
145,Device,Conv2D,model/conv2d_16/Conv2D,2,1245.185,622.5925,1245.185,622.5925,0.0023196025706178135,0.6229879340596258,0.0,0.0
146,Device,Conv2DBackpropFilter,gradient_tape/model/conv2d_36/Conv2D/Conv2DBackpropFilter,2,1244.16,622.08,1244.16,622.08,0.002317693141388516,0.6253056272010143,0.0,0.0
147,Device,Conv2DBackpropFilter,gradient_tape/model/conv2d_37/Conv2D/Conv2DBackpropFilter,2,1233.922,616.961,1233.922,616.961,0.002298621203388953,0.6276042484044033,0.0,0.0
148,Device,Conv2DBackpropFilter,gradient_tape/model/conv2d_11/Conv2D/Conv2DBackpropFilter,2,1233.92,616.96,1233.92,616.96,0.002298617477673384,0.6299028658820767,0.0,0.0
149,Device,Conv2DBackpropFilter,gradient_tape/model/conv2d_31/Conv2D/Conv2DBackpropFilter,2,1233.92,616.96,1233.92,616.96,0.002298617477673384,0.63220148335975,0.0,0.0
150,Device,Conv2DBackpropFilter,gradient_tape/model/conv2d_40/Conv2D/Conv2DBackpropFilter,2,1232.896,616.448,1232.896,616.448,0.0022967099113018704,0.6344981932710518,0.0,0.0
151,Device,Conv2DBackpropFilter,gradient_tape/model/conv2d_34/Conv2D/Conv2DBackpropFilter,2,1230.849,615.4245,1230.849,615.4245,0.0022928966414166286,0.6367910899124685,0.0,0.0
152,Device,Conv2DBackpropFilter,gradient_tape/model/conv2d_28/Conv2D/Conv2DBackpropFilter,2,1228.801,614.4005,1228.801,614.4005,0.0022890815086736025,0.639080171421142,0.0,0.0
153,Device,Conv2DBackpropInput,gradient_tape/model/conv2d_42/Conv2D/Conv2DBackpropInput,2,1227.776,613.888,1227.776,613.888,0.002287172079444305,0.6413673435005863,0.0,0.0
154,Device,Conv2DBackpropInput,gradient_tape/model/conv2d_45/Conv2D/Conv2DBackpropInput,2,1222.658,611.329,1222.658,611.329,0.002277637973302308,0.6436449814738886,0.0,0.0
155,Device,Conv2DBackpropInput,gradient_tape/model/conv2d_52/Conv2D/Conv2DBackpropInput,2,1209.344,604.672,1209.344,604.672,0.0022528358847570674,0.6458978173586457,0.0,0.0
156,Device,Conv2DBackpropInput,gradient_tape/model/conv2d_49/Conv2D/Conv2DBackpropInput,2,1208.32,604.16,1208.32,604.16,0.002250928318385554,0.6481487456770313,0.0,0.0
157,Device,BiasAdd,model/conv2d_13/BiasAdd,2,1192.962,596.481,1192.962,596.481,0.002222318548528426,0.6503710642255597,0.0,0.0
158,Device,BiasAdd,model/conv2d_17/BiasAdd,2,1189.888,594.944,1189.888,594.944,0.0022165921236983166,0.652587656349258,0.0,0.0
159,Device,BiasAdd,model/conv2d_20/BiasAdd,2,1187.841,593.9205,1187.841,593.9205,0.0022127788538130752,0.6548004352030711,0.0,0.0
160,Device,BiasAdd,model/conv2d_23/BiasAdd,2,1184.769,592.3845,1184.769,592.3845,0.002207056154698536,0.6570074913577696,0.0,0.0
161,Device,BiasAdd,model/conv2d_14/BiasAdd,2,1184.768,592.384,1184.768,592.384,0.002207054291840751,0.6592145456496104,0.0,0.0
162,Device,Conv2DBackpropInput,gradient_tape/model/conv2d_37/Conv2D/Conv2DBackpropInput,2,1174.528,587.264,1174.528,587.264,0.0021879786281256194,0.6614025242777359,0.0,0.0
163,Device,Conv2DBackpropInput,gradient_tape/model/conv2d_33/Conv2D/Conv2DBackpropInput,2,1173.504,586.752,1173.504,586.752,0.0021860710617541057,0.66358859533949,0.0,0.0
164,Device,Conv2DBackpropInput,gradient_tape/model/conv2d_26/Conv2D/Conv2DBackpropInput,2,1171.458,585.729,1171.458,585.729,0.0021822596547266494,0.6657708549942166,0.0,0.0
165,Device,Conv2DBackpropInput,gradient_tape/model/conv2d_30/Conv2D/Conv2DBackpropInput,2,1171.456,585.728,1171.456,585.728,0.0021822559290110796,0.6679531109232277,0.0,0.0
166,Device,Conv2DBackpropInput,gradient_tape/model/conv2d_36/Conv2D/Conv2DBackpropInput,2,1170.434,585.217,1170.434,585.217,0.0021803520883551357,0.6701334630115828,0.0,0.0
167,Device,Conv2DBackpropInput,gradient_tape/model/conv2d_39/Conv2D/Conv2DBackpropInput,2,1166.337,583.1685,1166.337,583.1685,0.0021727199600112984,0.6723061829715942,0.0,0.0
168,Device,Conv2DBackpropInput,gradient_tape/model/conv2d_31/Conv2D/Conv2DBackpropInput,2,1165.314,582.657,1165.314,582.657,0.0021708142564975702,0.6744769972280917,0.0,0.0
169,Device,Conv2DBackpropInput,gradient_tape/model/conv2d_28/Conv2D/Conv2DBackpropInput,2,1162.241,581.1205,1162.241,581.1205,0.0021650896945252457,0.676642086922617,0.0,0.0
170,Device,Conv2DBackpropInput,gradient_tape/model/conv2d_34/Conv2D/Conv2DBackpropInput,2,1160.192,580.096,1160.192,580.096,0.002161272698924435,0.6788033596215414,0.0,0.0
171,Device,Conv2DBackpropInput,gradient_tape/model/conv2d_40/Conv2D/Conv2DBackpropInput,2,1158.146,579.073,1158.146,579.073,0.002157461291896978,0.6809608209134383,0.0,0.0
172,Device,Conv2D,model/conv2d_50/Conv2D,2,1148.928,574.464,1148.928,574.464,0.00214028946883779,0.6831011103822762,0.0,0.0
173,Device,Conv2D,model/conv2d_47/Conv2D,2,1147.904,573.952,1147.904,573.952,0.0021383819024662766,0.6852394922847425,0.0,0.0
174,Device,Conv2D,model/conv2d_25/Conv2D,2,1123.328,561.664,1123.328,561.664,0.00209260030954996,0.6873320925942924,0.0,0.0
175,Device,Conv2D,model/conv2d_32/Conv2D,2,1121.281,560.6405,1121.281,560.6405,0.0020887870396647185,0.6894208796339572,0.0,0.0
176,Device,Conv2D,model/conv2d_38/Conv2D,2,1121.281,560.6405,1121.281,560.6405,0.0020887870396647185,0.6915096666736219,0.0,0.0
177,Device,Conv2D,model/conv2d_29/Conv2D,2,1121.28,560.64,1121.28,560.64,0.002088785176806934,0.6935984518504288,0.0,0.0
178,Device,Conv2D,model/conv2d_35/Conv2D,2,1118.21,559.105,1118.21,559.105,0.002083066203407964,0.6956815180538367,0.0,0.0
179,Device,Conv2D,model/conv2d_41/Conv2D,2,1116.16,558.08,1116.16,558.08,0.002079247344949368,0.6977607653987861,0.0,0.0
180,Device,Conv2D,model/conv2d_51/Conv2D,2,1107.97,553.985,1107.97,553.985,0.002063990539692832,0.6998247559384789,0.0,0.0
181,Device,Conv2DBackpropInput,gradient_tape/model/conv2d_25/Conv2D/Conv2DBackpropInput,2,1106.945,553.4725,1106.945,553.4725,0.0020620811104635336,0.7018868370489425,0.0,0.0
182,Device,Conv2D,model/conv2d_44/Conv2D,2,1104.897,552.4485,1104.897,552.4485,0.0020582659777205075,0.703945103026663,0.0,0.0
183,Device,Conv2DBackpropInput,gradient_tape/model/conv2d_38/Conv2D/Conv2DBackpropInput,2,1104.896,552.448,1104.896,552.448,0.002058264114862723,0.7060033671415258,0.0,0.0
184,Device,Conv2D,model/conv2d_48/Conv2D,2,1103.874,551.937,1103.874,551.937,0.002056360274206779,0.7080597274157325,0.0,0.0
185,Device,Relu,model/activation_12/Relu,2,1102.85,551.425,1102.85,551.425,0.0020544527078352657,0.7101141801235678,0.0,0.0
186,Device,Conv2DBackpropInput,gradient_tape/model/conv2d_29/Conv2D/Conv2DBackpropInput,2,1100.8,550.4,1100.8,550.4,0.00205063384937667,0.7121648139729444,0.0,0.0
187,Device,Conv2DBackpropFilter,gradient_tape/model/conv2d_38/Conv2D/Conv2DBackpropFilter,2,1099.778,549.889,1099.778,549.889,0.0020487300087207263,0.7142135439816651,0.0,0.0
188,Device,Relu,model/activation_18/Relu,2,1099.778,549.889,1099.778,549.889,0.0020487300087207263,0.7162622739903859,0.0,0.0
189,Device,Conv2DBackpropInput,gradient_tape/model/conv2d_32/Conv2D/Conv2DBackpropInput,2,1099.777,549.8885,1099.777,549.8885,0.0020487281458629416,0.7183110021362489,0.0,0.0
190,Device,Conv2DBackpropInput,gradient_tape/model/conv2d_41/Conv2D/Conv2DBackpropInput,2,1099.776,549.888,1099.776,549.888,0.002048726283005157,0.720359728419254,0.0,0.0
191,Device,Relu,model/activation_15/Relu,2,1098.752,549.376,1098.752,549.376,0.0020468187166336436,0.7224065471358876,0.0,0.0
192,Device,Conv2DBackpropFilter,gradient_tape/model/conv2d_25/Conv2D/Conv2DBackpropFilter,2,1097.729,548.8645,1097.729,548.8645,0.0020449130131199155,0.7244514601490075,0.0,0.0
193,Device,Conv2DBackpropInput,gradient_tape/model/conv2d_35/Conv2D/Conv2DBackpropInput,2,1094.658,547.329,1094.658,547.329,0.0020391921768631604,0.7264906523258707,0.0,0.0
194,Device,Conv2DBackpropFilter,gradient_tape/model/conv2d_32/Conv2D/Conv2DBackpropFilter,2,1094.656,547.328,1094.656,547.328,0.002039188451147591,0.7285298407770183,0.0,0.0
195,Device,Conv2DBackpropFilter,gradient_tape/model/conv2d_29/Conv2D/Conv2DBackpropFilter,2,1091.586,545.793,1091.586,545.793,0.002033469477748621,0.730563310254767,0.0,0.0
196,Device,Conv2DBackpropFilter,gradient_tape/model/conv2d_35/Conv2D/Conv2DBackpropFilter,2,1091.584,545.792,1091.584,545.792,0.0020334657520330516,0.7325967760068,0.0,0.0
197,Device,Relu,model/activation_21/Relu,2,1091.584,545.792,1091.584,545.792,0.0020334657520330516,0.734630241758833,0.0,0.0
198,Device,Conv2DBackpropFilter,gradient_tape/model/conv2d_41/Conv2D/Conv2DBackpropFilter,2,1090.561,545.2805,1090.561,545.2805,0.002031560048519323,0.7366618018073523,0.0,0.0
199,Device,Conv2DBackpropInput,gradient_tape/model/conv2d_51/Conv2D/Conv2DBackpropInput,2,1072.129,536.0645,1072.129,536.0645,0.0019972238538320856,0.7386590256611844,0.0,0.0
200,Device,Conv2D,model/conv2d_33/Conv2D,4,1071.105,267.77625,1071.105,267.77625,0.0019953162874605727,0.7406543419486449,0.0,0.0
201,Device,Conv2D,model/conv2d_42/Conv2D,4,1071.105,267.77625,1071.105,267.77625,0.0019953162874605727,0.7426496582361054,0.0,0.0
202,Device,Conv2D,model/conv2d_30/Conv2D,4,1070.081,267.52025,1070.081,267.52025,0.001993408721089059,0.7446430669571945,0.0,0.0
203,Device,Conv2D,model/conv2d_39/Conv2D,4,1070.08,267.52,1070.08,267.52,0.0019934068582312748,0.7466364738154257,0.0,0.0
204,Device,Conv2D,model/conv2d_28/Conv2D,2,1069.057,534.5285,1069.057,534.5285,0.001991501154717546,0.7486279749701433,0.0,0.0
205,Device,Conv2DBackpropInput,gradient_tape/model/conv2d_48/Conv2D/Conv2DBackpropInput,2,1069.056,534.528,1069.056,534.528,0.0019914992918597615,0.750619474262003,0.0,0.0
206,Device,Conv2D,model/conv2d_36/Conv2D,4,1069.056,267.264,1069.056,267.264,0.0019914992918597615,0.7526109735538627,0.0,0.0
207,Device,Conv2DBackpropInput,gradient_tape/model/conv2d_44/Conv2D/Conv2DBackpropInput,2,1068.033,534.0165,1068.033,534.0165,0.001989593588346033,0.7546005671422088,0.0,0.0
208,Device,Conv2D,model/conv2d_26/Conv2D,4,1068.033,267.00825,1068.033,267.00825,0.001989593588346033,0.7565901607305549,0.0,0.0
209,Device,Conv2D,model/conv2d_31/Conv2D,2,1064.96,532.48,1064.96,532.48,0.001983869026373709,0.7585740297569286,0.0,0.0
210,Device,Conv2DBackpropInput,gradient_tape/model/conv2d_43/Conv2D/Conv2DBackpropInput,2,1061.889,530.9445,1061.889,530.9445,0.0019781481901169537,0.7605521779470455,0.0,0.0
211,Device,Conv2D,model/conv2d_37/Conv2D,2,1057.793,528.8965,1057.793,528.8965,0.001970517924630901,0.7625226958716764,0.0,0.0
212,Device,Conv2D,model/conv2d_40/Conv2D,2,1056.77,528.385,1056.77,528.385,0.0019686122211171725,0.7644913080927936,0.0,0.0
213,Device,Conv2D,model/conv2d_34/Conv2D,2,1056.768,528.384,1056.768,528.384,0.0019686084954016036,0.7664599165881952,0.0,0.0
214,Device,BiasAddGrad,gradient_tape/model/conv2d_4/BiasAdd/BiasAddGrad,2,1055.744,527.872,1055.744,527.872,0.00196670092903009,0.7684266175172253,0.0,0.0
215,Device,BiasAddGrad,gradient_tape/model/conv2d_10/BiasAdd/BiasAddGrad,2,1054.722,527.361,1054.722,527.361,0.0019647970883741464,0.7703914146055995,0.0,0.0
216,Device,BiasAddGrad,gradient_tape/model/conv2d_7/BiasAdd/BiasAddGrad,2,1054.721,527.3605,1054.721,527.3605,0.0019647952255163617,0.7723562098311159,0.0,0.0
217,Device,BiasAddGrad,gradient_tape/model/conv2d/BiasAdd/BiasAddGrad,2,1052.672,526.336,1052.672,526.336,0.0019609782299155505,0.7743171880610314,0.0,0.0
218,Device,Conv2DBackpropFilter,gradient_tape/model/conv2d_52/Conv2D/Conv2DBackpropFilter,4,1050.626,262.6565,1050.626,262.6565,0.001957166822888094,0.7762743548839195,0.0,0.0
219,Device,Conv2DBackpropFilter,gradient_tape/model/conv2d_49/Conv2D/Conv2DBackpropFilter,4,1046.529,261.63225,1046.529,261.63225,0.0019495346945442563,0.7782238895784638,0.0,0.0
220,Device,Conv2DBackpropFilter,gradient_tape/model/conv2d_45/Conv2D/Conv2DBackpropFilter,4,1032.192,258.048,1032.192,258.048,0.0019228269024852871,0.780146716480949,0.0,0.0
221,Device,Conv2DBackpropFilter,gradient_tape/model/conv2d_50/Conv2D/Conv2DBackpropFilter,4,999.424,249.856,999.424,249.856,0.0018617847785968652,0.7820085012595459,0.0,0.0
222,Device,Conv2DBackpropFilter,gradient_tape/model/conv2d_47/Conv2D/Conv2DBackpropFilter,4,998.401,249.60025,998.401,249.60025,0.0018598790750831366,0.783868380334629,0.0,0.0
223,Device,Conv2DBackpropInput,gradient_tape/model/conv2d_47/Conv2D/Conv2DBackpropInput,2,965.632,482.816,965.632,482.816,0.0017988350883369301,0.7856672154229659,0.0,0.0
224,Device,Conv2DBackpropInput,gradient_tape/model/conv2d_50/Conv2D/Conv2DBackpropInput,2,961.537,480.7685,961.537,480.7685,0.0017912066857086622,0.7874584221086746,0.0,0.0
225,Device,Conv2D,model/conv2d_52/Conv2D,2,930.816,465.408,930.816,465.408,0.001733977831705482,0.78919239994038,0.0,0.0
226,Device,Conv2D,model/conv2d_11/Conv2D,2,929.793,464.8965,929.793,464.8965,0.0017320721281917535,0.7909244720685717,0.0,0.0
227,Device,Conv2D,model/conv2d_45/Conv2D,2,928.768,464.384,928.768,464.384,0.0017301626989624558,0.7926546347675342,0.0,0.0
228,Device,Conv2D,model/conv2d_49/Conv2D,2,924.672,462.336,924.672,462.336,0.001722532433476403,0.7943771672010106,0.0,0.0
229,Device,AvgPoolGrad,gradient_tape/model/average_pooling2d/AvgPoolGrad,2,908.288,454.144,908.288,454.144,0.0016920113715321922,0.7960691785725428,0.0,0.0
230,Device,FusedBatchNormV3,model/batch_normalization_33/FusedBatchNormV3,4,883.712,220.928,883.712,220.928,0.0016462297786158757,0.7977154083511586,0.0,0.0
231,Device,FusedBatchNormV3,model/batch_normalization_27/FusedBatchNormV3,4,880.642,220.1605,880.642,220.1605,0.0016405108052169055,0.7993559191563755,0.0,0.0
232,Device,FusedBatchNormV3,model/batch_normalization_24/FusedBatchNormV3,4,877.569,219.39225,877.569,219.39225,0.0016347862432445812,0.80099070539962,0.0,0.0
233,Device,FusedBatchNormV3,model/batch_normalization_30/FusedBatchNormV3,4,877.569,219.39225,877.569,219.39225,0.0016347862432445812,0.8026254916428646,0.0,0.0
234,Device,FusedBatchNormV3,model/batch_normalization_39/FusedBatchNormV3,4,873.473,218.36825,873.473,218.36825,0.0016271559777585284,0.8042526476206231,0.0,0.0
235,Device,FusedBatchNormV3,model/batch_normalization_36/FusedBatchNormV3,4,873.472,218.368,873.472,218.368,0.0016271541149007439,0.8058798017355239,0.0,0.0
236,Device,ReluGrad,gradient_tape/model/activation_27/ReluGrad,2,871.424,435.712,871.424,435.712,0.0016233389821577176,0.8075031407176816,0.0,0.0
237,Device,ReluGrad,gradient_tape/model/activation_4/ReluGrad,2,871.424,435.712,871.424,435.712,0.0016233389821577176,0.8091264796998393,0.0,0.0
238,Device,ReluGrad,gradient_tape/model/activation_7/ReluGrad,2,871.424,435.712,871.424,435.712,0.0016233389821577176,0.810749818681997,0.0,0.0
239,Device,ReluGrad,gradient_tape/model/activation_2/ReluGrad,2,870.401,435.2005,870.401,435.2005,0.001621433278643989,0.812371251960641,0.0,0.0
240,Device,ReluGrad,gradient_tape/model/activation_36/ReluGrad,2,870.4,435.2,870.4,435.2,0.0016214314157862043,0.8139926833764272,0.0,0.0
241,Device,ReluGrad,gradient_tape/model/activation_30/ReluGrad,2,869.376,434.688,869.376,434.688,0.001619523849414691,0.8156122072258418,0.0,0.0
242,Device,ReluGrad,gradient_tape/model/activation_33/ReluGrad,2,868.354,434.177,868.354,434.177,0.0016176200087587474,0.8172298272346006,0.0,0.0
243,Device,ReluGrad,gradient_tape/model/activation_24/ReluGrad,2,866.305,433.1525,866.305,433.1525,0.0016138030131579361,0.8188436302477585,0.0,0.0
244,Device,ReluGrad,gradient_tape/model/activation_5/ReluGrad,2,866.304,433.152,866.304,433.152,0.0016138011503001514,0.8204574313980587,0.0,0.0
245,Device,ReluGrad,gradient_tape/model/activation_8/ReluGrad,2,865.282,432.641,865.282,432.641,0.0016118973096442078,0.8220693287077029,0.0,0.0
246,Device,ReluGrad,gradient_tape/model/activation_39/ReluGrad,2,865.28,432.64,865.28,432.64,0.0016118935839286384,0.8236812222916315,0.0,0.0
247,Device,ReluGrad,gradient_tape/model/activation_1/ReluGrad,2,857.09,428.545,857.09,428.545,0.0015966367786721023,0.8252778590703036,0.0,0.0
248,Device,FusedBatchNormV3,model/batch_normalization_2/FusedBatchNormV3,4,855.04,213.76,855.04,213.76,0.0015928179202135066,0.8268706769905171,0.0,0.0
249,Device,FusedBatchNormV3,model/batch_normalization_8/FusedBatchNormV3,4,855.04,213.76,855.04,213.76,0.0015928179202135066,0.8284634949107306,0.0,0.0
250,Device,Conv2DBackpropFilter,gradient_tape/model/conv2d_43/Conv2D/Conv2DBackpropFilter,2,854.017,427.0085,854.017,427.0085,0.0015909122166997782,0.8300544071274304,0.0,0.0
251,Device,FusedBatchNormV3,model/batch_normalization_4/FusedBatchNormV3,4,854.017,213.50425,854.017,213.50425,0.0015909122166997782,0.8316453193441302,0.0,0.0
252,Device,FusedBatchNormV3,model/batch_normalization_7/FusedBatchNormV3,4,854.017,213.50425,854.017,213.50425,0.0015909122166997782,0.83323623156083,0.0,0.0
253,Device,FusedBatchNormV3,model/batch_normalization_1/FusedBatchNormV3,4,852.993,213.24825,852.993,213.24825,0.001589004650328265,0.8348252362111583,0.0,0.0
254,Device,FusedBatchNormV3,model/batch_normalization_5/FusedBatchNormV3,4,850.944,212.736,850.944,212.736,0.0015851876547274537,0.8364104238658858,0.0,0.0
255,Device,AddN,SGD/gradients/AddN_4,2,844.802,422.401,844.802,422.401,0.0015737459822139442,0.8379841698480998,0.0,0.0
256,Device,AddN,SGD/gradients/AddN_2,2,844.8,422.4,844.8,422.4,0.0015737422564983748,0.8395579121045982,0.0,0.0
257,Device,AddN,SGD/gradients/AddN_7,2,843.778,421.889,843.778,421.889,0.001571838415842431,0.8411297505204406,0.0,0.0
258,Device,AddN,SGD/gradients/AddN_6,2,841.728,420.864,841.728,420.864,0.0015680195573838352,0.8426977700778244,0.0,0.0
259,Device,AddN,SGD/gradients/AddN_5,2,840.704,420.352,840.704,420.352,0.001566111991012322,0.8442638820688367,0.0,0.0
260,Device,AddN,SGD/gradients/AddN_3,2,837.633,418.8165,837.633,418.8165,0.0015603911547555673,0.8458242732235923,0.0,0.0
261,Device,AddN,SGD/gradients/AddN_15,2,830.465,415.2325,830.465,415.2325,0.001547038190154975,0.8473713114137473,0.0,0.0
262,Device,AddV2,model/add_9/add,2,826.368,413.184,826.368,413.184,0.0015394060618111377,0.8489107174755585,0.0,0.0
263,Device,AddV2,model/add_10/add,2,825.345,412.6725,825.345,412.6725,0.0015375003582974091,0.8504482178338558,0.0,0.0
264,Device,AddV2,model/add_12/add,2,822.273,411.1365,822.273,411.1365,0.0015317776591828695,0.8519799954930387,0.0,0.0
265,Device,AddV2,model/add_8/add,2,822.272,411.136,822.272,411.136,0.0015317757963250848,0.8535117712893638,0.0,0.0
266,Device,AddV2,model/add_11/add,2,821.25,410.625,821.25,410.625,0.001529871955669141,0.855041643245033,0.0,0.0
267,Device,AddV2,model/add_7/add,2,821.249,410.6245,821.249,410.6245,0.0015298700928113563,0.8565715133378443,0.0,0.0
268,Device,Conv2DBackpropFilter,gradient_tape/model/conv2d_24/Conv2D/Conv2DBackpropFilter,2,734.208,367.104,734.208,367.104,0.0013677250883749512,0.8579392384262192,0.0,0.0
269,Device,FusedBatchNormGradV3,gradient_tape/model/batch_normalization_19/FusedBatchNormGradV3,2,709.632,354.816,709.632,354.816,0.0013219434954586347,0.8592611819216779,0.0,0.0
270,Device,FusedBatchNormGradV3,gradient_tape/model/batch_normalization_16/FusedBatchNormGradV3,2,708.608,354.304,708.608,354.304,0.0013200359290871215,0.860581217850765,0.0,0.0
271,Device,FusedBatchNormGradV3,gradient_tape/model/batch_normalization_14/FusedBatchNormGradV3,2,707.585,353.7925,707.585,353.7925,0.0013181302255733931,0.8618993480763384,0.0,0.0
272,Device,FusedBatchNormGradV3,gradient_tape/model/batch_normalization_10/FusedBatchNormGradV3,2,706.562,353.281,706.562,353.281,0.0013162245220596645,0.8632155725983981,0.0,0.0
273,Device,FusedBatchNormGradV3,gradient_tape/model/batch_normalization_11/FusedBatchNormGradV3,2,706.561,353.2805,706.561,353.2805,0.00131622265920188,0.8645317952575999,0.0,0.0
274,Device,FusedBatchNormGradV3,gradient_tape/model/batch_normalization_13/FusedBatchNormGradV3,2,703.49,351.745,703.49,351.745,0.0013105018229451252,0.865842297080545,0.0,0.0
275,Device,FusedBatchNormGradV3,gradient_tape/model/batch_normalization_17/FusedBatchNormGradV3,2,703.488,351.744,703.488,351.744,0.0013104980972295558,0.8671527951777747,0.0,0.0
276,Device,FusedBatchNormGradV3,gradient_tape/model/batch_normalization_20/FusedBatchNormGradV3,2,702.465,351.2325,702.465,351.2325,0.0013085923937158272,0.8684613875714905,0.0,0.0
277,Device,Conv2D,model/conv2d_24/Conv2D,2,683.009,341.5045,683.009,341.5045,0.0012723486326570769,0.8697337362041476,0.0,0.0
278,Device,Conv2D,model/conv2d_43/Conv2D,2,621.568,310.784,621.568,310.784,0.0011578927875085011,0.8708916289916562,0.0,0.0
279,Device,BiasAdd,model/conv2d_1/BiasAdd,2,594.945,297.4725,594.945,297.4725,0.0011082979247069432,0.8719999269163631,0.0,0.0
280,Device,BiasAdd,model/conv2d_36/BiasAdd,2,592.897,296.4485,592.897,296.4485,0.001104482791963917,0.873104409708327,0.0,0.0
281,Device,BiasAdd,model/conv2d_8/BiasAdd,2,592.897,296.4485,592.897,296.4485,0.001104482791963917,0.874208892500291,0.0,0.0
282,Device,BiasAdd,model/conv2d_26/BiasAdd,2,592.896,296.448,592.896,296.448,0.001104480929106132,0.8753133734293971,0.0,0.0
283,Device,BiasAdd,model/conv2d_39/BiasAdd,2,592.896,296.448,592.896,296.448,0.001104480929106132,0.8764178543585032,0.0,0.0
284,Device,BiasAdd,model/conv2d_33/BiasAdd,2,591.873,295.9365,591.873,295.9365,0.0011025752255924037,0.8775204295840956,0.0,0.0
285,Device,BiasAdd,model/conv2d_5/BiasAdd,2,591.873,295.9365,591.873,295.9365,0.0011025752255924037,0.878623004809688,0.0,0.0
286,Device,Conv2D,model/conv2d_1/Conv2D,2,589.825,294.9125,589.825,294.9125,0.0010987600928493773,0.8797217649025374,0.0,0.0
287,Device,BiasAdd,model/conv2d_2/BiasAdd,2,588.8,294.4,588.8,294.4,0.0010968506636200794,0.8808186155661575,0.0,0.0
288,Device,BiasAdd,model/conv2d_27/BiasAdd,2,587.777,293.8885,587.777,293.8885,0.001094944960106351,0.8819135605262638,0.0,0.0
289,Device,BiasAdd,model/conv2d_9/BiasAdd,2,587.776,293.888,587.776,293.888,0.001094943097248566,0.8830085036235124,0.0,0.0
290,Device,BiasAdd,model/conv2d_42/BiasAdd,2,586.752,293.376,586.752,293.376,0.0010930355308770528,0.8841015391543894,0.0,0.0
291,Device,BiasAdd,model/conv2d_6/BiasAdd,2,585.728,292.864,585.728,292.864,0.0010911279645055398,0.8851926671188949,0.0,0.0
292,Device,Conv2DBackpropInput,gradient_tape/model/conv2d_1/Conv2D/Conv2DBackpropInput,2,580.609,290.3045,580.609,290.3045,0.0010815919955057588,0.8862742591144006,0.0,0.0
293,Device,BiasAdd,model/conv2d_30/BiasAdd,2,579.584,289.792,579.584,289.792,0.0010796825662764606,0.887353941680677,0.0,0.0
294,Device,Relu,model/activation_5/Relu,2,558.08,279.04,558.08,279.04,0.001039623672474684,0.8883935653531517,0.0,0.0
295,Device,Relu,model/activation_27/Relu,2,557.056,278.528,557.056,278.528,0.001037716106103171,0.8894312814592549,0.0,0.0
296,Device,Relu,model/activation_7/Relu,2,557.056,278.528,557.056,278.528,0.001037716106103171,0.890468997565358,0.0,0.0
297,Device,Relu,model/activation_8/Relu,2,555.008,277.504,555.008,277.504,0.0010339009733601446,0.8915028985387181,0.0,0.0
298,Device,Relu,model/activation_33/Relu,2,553.985,276.9925,553.985,276.9925,0.001031995269846416,0.8925348938085645,0.0,0.0
299,Device,Relu,model/activation_39/Relu,2,553.984,276.992,553.984,276.992,0.0010319934069886313,0.8935668872155532,0.0,0.0
300,Device,Relu,model/activation_4/Relu,2,553.984,276.992,553.984,276.992,0.0010319934069886313,0.8945988806225419,0.0,0.0
301,Device,Relu,model/activation_2/Relu,2,552.961,276.4805,552.961,276.4805,0.0010300877034749027,0.8956289683260168,0.0,0.0
302,Device,Relu,model/activation_30/Relu,2,552.961,276.4805,552.961,276.4805,0.0010300877034749027,0.8966590560294917,0.0,0.0
303,Device,Relu,model/activation_1/Relu,2,552.96,276.48,552.96,276.48,0.001030085840617118,0.8976891418701088,0.0,0.0
304,Device,Relu,model/activation_24/Relu,2,552.96,276.48,552.96,276.48,0.001030085840617118,0.898719227710726,0.0,0.0
305,Device,Relu,model/activation_36/Relu,2,552.96,276.48,552.96,276.48,0.001030085840617118,0.8997493135513431,0.0,0.0
306,Device,BiasAddGrad,gradient_tape/model/conv2d_14/BiasAdd/BiasAddGrad,2,518.145,259.0725,518.145,259.0725,0.0009652304468434545,0.9007145439981866,0.0,0.0
307,Device,BiasAddGrad,gradient_tape/model/conv2d_17/BiasAdd/BiasAddGrad,2,518.144,259.072,518.144,259.072,0.0009652285839856699,0.9016797725821722,0.0,0.0
308,Device,BiasAddGrad,gradient_tape/model/conv2d_20/BiasAdd/BiasAddGrad,2,517.12,258.56,517.12,258.56,0.0009633210176141567,0.9026430935997865,0.0,0.0
309,Device,BiasAddGrad,gradient_tape/model/conv2d_23/BiasAdd/BiasAddGrad,2,516.098,258.049,516.098,258.049,0.0009614171769582127,0.9036045107767446,0.0,0.0
310,Device,Transpose,gradient_tape/model/conv2d/Conv2D/Conv2DBackpropFilter-0-TransposeNHWCToNCHW-LayoutOptimizer,2,472.064,236.032,472.064,236.032,0.0008793880972675767,0.9044838988740123,0.0,0.0
311,Device,ReluGrad,gradient_tape/model/activation_11/ReluGrad,2,440.321,220.1605,440.321,220.1605,0.0008202554026084527,0.9053041542766207,0.0,0.0
312,Device,FusedBatchNormV3,model/batch_normalization_19/FusedBatchNormV3,4,440.321,110.08025,440.321,110.08025,0.0008202554026084527,0.9061244096792291,0.0,0.0
313,Device,FusedBatchNormV3,model/batch_normalization_20/FusedBatchNormV3,4,440.32,110.08,440.32,110.08,0.000820253539750668,0.9069446632189798,0.0,0.0
314,Device,FusedBatchNormV3,model/batch_normalization_13/FusedBatchNormV3,4,439.296,109.824,439.296,109.824,0.0008183459733791549,0.907763009192359,0.0,0.0
315,Device,ReluGrad,gradient_tape/model/activation_19/ReluGrad,2,438.272,219.136,438.272,219.136,0.0008164384070076417,0.9085794475993666,0.0,0.0
316,Device,ReluGrad,gradient_tape/model/activation_16/ReluGrad,2,437.249,218.6245,437.249,218.6245,0.0008145327034939133,0.9093939803028606,0.0,0.0
317,Device,FusedBatchNormV3,model/batch_normalization_16/FusedBatchNormV3,4,437.248,109.312,437.248,109.312,0.0008145308406361285,0.9102085111434967,0.0,0.0
318,Device,ReluGrad,gradient_tape/model/activation_14/ReluGrad,2,435.201,217.6005,435.201,217.6005,0.0008107175707508868,0.9110192287142476,0.0,0.0
319,Device,ReluGrad,gradient_tape/model/activation_45/ReluGrad,2,434.176,217.088,434.176,217.088,0.000808808141521589,0.9118280368557692,0.0,0.0
320,Device,ReluGrad,gradient_tape/model/activation_48/ReluGrad,2,434.176,217.088,434.176,217.088,0.000808808141521589,0.9126368449972908,0.0,0.0
321,Device,FusedBatchNormV3,model/batch_normalization_14/FusedBatchNormV3,4,433.152,108.288,433.152,108.288,0.0008069005751500757,0.9134437455724409,0.0,0.0
322,Device,FusedBatchNormV3,model/batch_normalization_11/FusedBatchNormV3,4,432.129,108.03225,432.129,108.03225,0.0008049948716363474,0.9142487404440772,0.0,0.0
323,Device,FusedBatchNormV3,model/batch_normalization_17/FusedBatchNormV3,4,432.128,108.032,432.128,108.032,0.0008049930087785626,0.9150537334528558,0.0,0.0
324,Device,FusedBatchNormGradV3,gradient_tape/model/batch_normalization_42/FusedBatchNormGradV3,2,431.105,215.5525,431.105,215.5525,0.0008030873052648341,0.9158568207581206,0.0,0.0
325,Device,ReluGrad,gradient_tape/model/activation_10/ReluGrad,2,430.08,215.04,430.08,215.04,0.0008011778760355362,0.9166579986341561,0.0,0.0
326,Device,ReluGrad,gradient_tape/model/activation_17/ReluGrad,2,430.08,215.04,430.08,215.04,0.0008011778760355362,0.9174591765101916,0.0,0.0
327,Device,FusedBatchNormGradV3,gradient_tape/model/batch_normalization_48/FusedBatchNormGradV3,2,430.08,215.04,430.08,215.04,0.0008011778760355362,0.9182603543862271,0.0,0.0
328,Device,ReluGrad,gradient_tape/model/activation_20/ReluGrad,2,429.056,214.528,429.056,214.528,0.0007992703096640231,0.9190596246958911,0.0,0.0
329,Device,FusedBatchNormV3,model/batch_normalization_10/FusedBatchNormV3,4,429.056,107.264,429.056,107.264,0.0007992703096640231,0.9198588950055551,0.0,0.0
330,Device,ReluGrad,gradient_tape/model/activation_42/ReluGrad,2,428.032,214.016,428.032,214.016,0.0007973627432925098,0.9206562577488476,0.0,0.0
331,Device,FusedBatchNormGradV3,gradient_tape/model/batch_normalization_45/FusedBatchNormGradV3,2,425.984,212.992,425.984,212.992,0.0007935476105494835,0.9214498053593971,0.0,0.0
332,Device,AddN,SGD/gradients/AddN,2,424.96,212.48,424.96,212.48,0.0007916400441779703,0.9222414454035751,0.0,0.0
333,Device,AddN,SGD/gradients/AddN_1,2,424.96,212.48,424.96,212.48,0.0007916400441779703,0.9230330854477531,0.0,0.0
334,Device,ReluGrad,gradient_tape/model/activation_13/ReluGrad,2,424.96,212.48,424.96,212.48,0.0007916400441779703,0.9238247254919311,0.0,0.0
335,Device,AddV2,model/add_13/add,2,415.744,207.872,415.744,207.872,0.0007744719468343518,0.9245991974387654,0.0,0.0
336,Device,AddV2,model/add_15/add,2,414.721,207.3605,414.721,207.3605,0.0007725662433206232,0.9253717636820861,0.0,0.0
337,Device,AddV2,model/add_14/add,2,412.673,206.3365,412.673,206.3365,0.0007687511105775968,0.9261405147926637,0.0,0.0
338,Device,FusedBatchNormGradV3,gradient_tape/model/batch_normalization_23/FusedBatchNormGradV3,2,374.784,187.392,374.784,187.392,0.0006981692919738245,0.9268386840846375,0.0,0.0
339,Device,FusedBatchNormGradV3,gradient_tape/model/batch_normalization_38/FusedBatchNormGradV3,2,370.689,185.3445,370.689,185.3445,0.0006905408893455564,0.927529224973983,0.0,0.0
340,Device,FusedBatchNormGradV3,gradient_tape/model/batch_normalization_32/FusedBatchNormGradV3,2,370.688,185.344,370.688,185.344,0.0006905390264877717,0.9282197640004708,0.0,0.0
341,Device,FusedBatchNormGradV3,gradient_tape/model/batch_normalization_26/FusedBatchNormGradV3,2,369.664,184.832,369.664,184.832,0.0006886314601162586,0.928908395460587,0.0,0.0
342,Device,FusedBatchNormGradV3,gradient_tape/model/batch_normalization_31/FusedBatchNormGradV3,2,369.664,184.832,369.664,184.832,0.0006886314601162586,0.9295970269207032,0.0,0.0
343,Device,FusedBatchNormGradV3,gradient_tape/model/batch_normalization_35/FusedBatchNormGradV3,2,369.664,184.832,369.664,184.832,0.0006886314601162586,0.9302856583808194,0.0,0.0
344,Device,FusedBatchNormGradV3,gradient_tape/model/batch_normalization_25/FusedBatchNormGradV3,2,368.641,184.3205,368.641,184.3205,0.0006867257566025301,0.930972384137422,0.0,0.0
345,Device,FusedBatchNormGradV3,gradient_tape/model/batch_normalization_29/FusedBatchNormGradV3,2,368.641,184.3205,368.641,184.3205,0.0006867257566025301,0.9316591098940246,0.0,0.0
346,Device,FusedBatchNormGradV3,gradient_tape/model/batch_normalization_37/FusedBatchNormGradV3,2,367.617,183.8085,367.617,183.8085,0.0006848181902310169,0.9323439280842556,0.0,0.0
347,Device,FusedBatchNormGradV3,gradient_tape/model/batch_normalization_22/FusedBatchNormGradV3,2,367.616,183.808,367.616,183.808,0.0006848163273732321,0.9330287444116289,0.0,0.0
348,Device,FusedBatchNormGradV3,gradient_tape/model/batch_normalization_28/FusedBatchNormGradV3,2,367.616,183.808,367.616,183.808,0.0006848163273732321,0.9337135607390021,0.0,0.0
349,Device,FusedBatchNormGradV3,gradient_tape/model/batch_normalization_34/FusedBatchNormGradV3,2,366.592,183.296,366.592,183.296,0.000682908761001719,0.9343964695000039,0.0,0.0
350,Device,SoftmaxCrossEntropyWithLogits,categorical_crossentropy/softmax_cross_entropy_with_logits,6,364.544,60.75733333333333,364.544,60.75733333333333,0.0006790936282586927,0.9350755631282626,0.0,0.0
351,Device,BiasAddGrad,gradient_tape/model/conv2d_27/BiasAdd/BiasAddGrad,2,299.008,149.504,299.008,149.504,0.000557009380481849,0.9356325725087444,0.0,0.0
352,Device,BiasAddGrad,gradient_tape/model/conv2d_39/BiasAdd/BiasAddGrad,2,296.961,148.4805,296.961,148.4805,0.0005531961105966073,0.936185768619341,0.0,0.0
353,Device,BiasAddGrad,gradient_tape/model/conv2d_33/BiasAdd/BiasAddGrad,2,296.96,148.48,296.96,148.48,0.0005531942477388226,0.9367389628670798,0.0,0.0
354,Device,BiasAddGrad,gradient_tape/model/conv2d_36/BiasAdd/BiasAddGrad,2,296.96,148.48,296.96,148.48,0.0005531942477388226,0.9372921571148186,0.0,0.0
355,Device,BiasAddGrad,gradient_tape/model/conv2d_42/BiasAdd/BiasAddGrad,2,296.96,148.48,296.96,148.48,0.0005531942477388226,0.9378453513625574,0.0,0.0
356,Device,BiasAddGrad,gradient_tape/model/conv2d_30/BiasAdd/BiasAddGrad,2,295.937,147.9685,295.937,147.9685,0.0005512885442250942,0.9383966399067826,0.0,0.0
357,Device,FusedBatchNormV3,model/batch_normalization_45/FusedBatchNormV3,4,295.937,73.98425,295.937,73.98425,0.0005512885442250942,0.9389479284510077,0.0,0.0
358,Device,FusedBatchNormV3,model/batch_normalization_42/FusedBatchNormV3,4,294.912,73.728,294.912,73.728,0.0005493791149957962,0.9394973075660035,0.0,0.0
359,Device,BiasAdd,model/conv2d_46/BiasAdd,2,294.912,147.456,294.912,147.456,0.0005493791149957962,0.9400466866809992,0.0,0.0
360,Device,BiasAdd,model/conv2d_45/BiasAdd,2,293.889,146.9445,293.889,146.9445,0.0005474734114820679,0.9405941600924813,0.0,0.0
361,Device,BiasAdd,model/conv2d_49/BiasAdd,2,292.864,146.432,292.864,146.432,0.0005455639822527699,0.9411397240747341,0.0,0.0
362,Device,BiasAdd,model/conv2d_21/BiasAdd,2,291.84,145.92,291.84,145.92,0.0005436564158812567,0.9416833804906154,0.0,0.0
363,Device,BiasAdd,model/conv2d_52/BiasAdd,2,291.84,145.92,291.84,145.92,0.0005436564158812567,0.9422270369064967,0.0,0.0
364,Device,BiasAdd,model/conv2d_12/BiasAdd,2,290.817,145.4085,290.817,145.4085,0.0005417507123675283,0.9427687876188642,0.0,0.0
365,Device,FusedBatchNormV3,model/batch_normalization_48/FusedBatchNormV3,4,290.816,72.704,290.816,72.704,0.0005417488495097435,0.9433105364683739,0.0,0.0
366,Device,BiasAdd,model/conv2d_15/BiasAdd,2,290.816,145.408,290.816,145.408,0.0005417488495097435,0.9438522853178837,0.0,0.0
367,Device,BiasAdd,model/conv2d_18/BiasAdd,2,290.816,145.408,290.816,145.408,0.0005417488495097435,0.9443940341673934,0.0,0.0
368,Device,BiasAdd,model/conv2d_19/BiasAdd,2,290.816,145.408,290.816,145.408,0.0005417488495097435,0.9449357830169032,0.0,0.0
369,Device,BiasAdd,model/conv2d_11/BiasAdd,2,289.793,144.8965,289.793,144.8965,0.0005398431459960151,0.9454756261628992,0.0,0.0
370,Device,BiasAdd,model/conv2d_16/BiasAdd,2,288.768,144.384,288.768,144.384,0.0005379337167667171,0.9460135598796658,0.0,0.0
371,Device,BiasAdd,model/conv2d_22/BiasAdd,2,287.744,143.872,287.744,143.872,0.0005360261503952041,0.946549586030061,0.0,0.0
372,Device,BiasAddGrad,gradient_tape/model/conv2d_2/BiasAdd/BiasAddGrad,2,284.672,142.336,284.672,142.336,0.0005303034512806645,0.9470798894813417,0.0,0.0
373,Device,BiasAddGrad,gradient_tape/model/conv2d_9/BiasAdd/BiasAddGrad,2,282.625,141.3125,282.625,141.3125,0.0005264901813954228,0.9476063796627371,0.0,0.0
374,Device,BiasAddGrad,gradient_tape/model/conv2d_8/BiasAdd/BiasAddGrad,2,281.6,140.8,281.6,140.8,0.0005245807521661249,0.9481309604149032,0.0,0.0
375,Device,Relu,model/activation_48/Relu,2,279.553,139.7765,279.553,139.7765,0.0005207674822808832,0.9486517278971841,0.0,0.0
376,Device,BiasAddGrad,gradient_tape/model/conv2d_5/BiasAdd/BiasAddGrad,2,279.552,139.776,279.552,139.776,0.0005207656194230986,0.9491724935166072,0.0,0.0
377,Device,BiasAddGrad,gradient_tape/model/conv2d_6/BiasAdd/BiasAddGrad,2,279.552,139.776,279.552,139.776,0.0005207656194230986,0.9496932591360302,0.0,0.0
378,Device,Relu,model/activation_11/Relu,2,279.552,139.776,279.552,139.776,0.0005207656194230986,0.9502140247554532,0.0,0.0
379,Device,Relu,model/activation_16/Relu,2,279.552,139.776,279.552,139.776,0.0005207656194230986,0.9507347903748763,0.0,0.0
380,Device,Relu,model/activation_42/Relu,2,279.552,139.776,279.552,139.776,0.0005207656194230986,0.9512555559942993,0.0,0.0
381,Device,Relu,model/activation_20/Relu,2,278.529,139.2645,278.529,139.2645,0.00051885991590937,0.9517744159102087,0.0,0.0
382,Device,BiasAddGrad,gradient_tape/model/conv2d_1/BiasAdd/BiasAddGrad,2,278.528,139.264,278.528,139.264,0.0005188580530515854,0.9522932739632604,0.0,0.0
383,Device,Relu,model/activation_10/Relu,2,278.528,139.264,278.528,139.264,0.0005188580530515854,0.952812132016312,0.0,0.0
384,Device,Relu,model/activation_45/Relu,2,278.528,139.264,278.528,139.264,0.0005188580530515854,0.9533309900693636,0.0,0.0
385,Device,Relu,model/activation_13/Relu,2,277.505,138.7525,277.505,138.7525,0.0005169523495378569,0.9538479424189015,0.0,0.0
386,Device,Relu,model/activation_14/Relu,2,277.504,138.752,277.504,138.752,0.0005169504866800723,0.9543648929055816,0.0,0.0
387,Device,Relu,model/activation_17/Relu,2,277.504,138.752,277.504,138.752,0.0005169504866800723,0.9548818433922617,0.0,0.0
388,Device,Relu,model/activation_19/Relu,2,276.481,138.2405,276.481,138.2405,0.0005150447831663437,0.955396888175428,0.0,0.0
389,Device,AvgPool,model/average_pooling2d/AvgPool,2,241.664,120.832,241.664,120.832,0.0004501856636771108,0.9558470738391052,0.0,0.0
390,Device,FusedBatchNormV3,model/batch_normalization_37/FusedBatchNormV3,4,233.472,58.368,233.472,58.368,0.0004349251327050054,0.9562819989718102,0.0,0.0
391,Device,FusedBatchNormV3,model/batch_normalization_23/FusedBatchNormV3,4,232.449,58.11225,232.449,58.11225,0.0004330194291912769,0.9567150184010015,0.0,0.0
392,Device,FusedBatchNormV3,model/batch_normalization_25/FusedBatchNormV3,4,232.449,58.11225,232.449,58.11225,0.0004330194291912769,0.9571480378301928,0.0,0.0
393,Device,FusedBatchNormV3,model/batch_normalization_28/FusedBatchNormV3,4,232.449,58.11225,232.449,58.11225,0.0004330194291912769,0.957581057259384,0.0,0.0
394,Device,FusedBatchNormV3,model/batch_normalization_38/FusedBatchNormV3,4,232.449,58.11225,232.449,58.11225,0.0004330194291912769,0.9580140766885753,0.0,0.0
395,Device,FusedBatchNormV3,model/batch_normalization_29/FusedBatchNormV3,4,232.448,58.112,232.448,58.112,0.0004330175663334922,0.9584470942549088,0.0,0.0
396,Device,FusedBatchNormV3,model/batch_normalization_32/FusedBatchNormV3,4,232.448,58.112,232.448,58.112,0.0004330175663334922,0.9588801118212423,0.0,0.0
397,Device,FusedBatchNormV3,model/batch_normalization_34/FusedBatchNormV3,4,232.448,58.112,232.448,58.112,0.0004330175663334922,0.9593131293875758,0.0,0.0
398,Device,FusedBatchNormV3,model/batch_normalization_35/FusedBatchNormV3,4,231.425,57.85625,231.425,57.85625,0.00043111186281976374,0.9597442412503956,0.0,0.0
399,Device,FusedBatchNormV3,model/batch_normalization_22/FusedBatchNormV3,4,231.424,57.856,231.424,57.856,0.00043110999996197905,0.9601753512503576,0.0,0.0
400,Device,FusedBatchNormV3,model/batch_normalization_26/FusedBatchNormV3,4,231.424,57.856,231.424,57.856,0.00043110999996197905,0.9606064612503196,0.0,0.0
401,Device,FusedBatchNormV3,model/batch_normalization_31/FusedBatchNormV3,4,231.424,57.856,231.424,57.856,0.00043110999996197905,0.9610375712502816,0.0,0.0
402,Device,ReluGrad,gradient_tape/model/activation_23/ReluGrad,2,218.112,109.056,218.112,109.056,0.00040631163713230765,0.9614438828874139,0.0,0.0
403,Device,ReluGrad,gradient_tape/model/activation_25/ReluGrad,2,217.088,108.544,217.088,108.544,0.0004044040707607945,0.9618482869581747,0.0,0.0
404,Device,ReluGrad,gradient_tape/model/activation_28/ReluGrad,2,214.017,107.0085,214.017,107.0085,0.0003986832345040396,0.9622469701926788,0.0,0.0
405,Device,ReluGrad,gradient_tape/model/activation_29/ReluGrad,2,214.016,107.008,214.016,107.008,0.0003986813716462549,0.962645651564325,0.0,0.0
406,Device,ReluGrad,gradient_tape/model/activation_31/ReluGrad,2,214.016,107.008,214.016,107.008,0.0003986813716462549,0.9630443329359712,0.0,0.0
407,Device,ReluGrad,gradient_tape/model/activation_32/ReluGrad,2,214.016,107.008,214.016,107.008,0.0003986813716462549,0.9634430143076175,0.0,0.0
408,Device,ReluGrad,gradient_tape/model/activation_34/ReluGrad,2,214.016,107.008,214.016,107.008,0.0003986813716462549,0.9638416956792637,0.0,0.0
409,Device,ReluGrad,gradient_tape/model/activation_35/ReluGrad,2,214.016,107.008,214.016,107.008,0.0003986813716462549,0.9642403770509099,0.0,0.0
410,Device,ReluGrad,gradient_tape/model/activation_37/ReluGrad,2,212.993,106.4965,212.993,106.4965,0.00039677566813252645,0.9646371527190425,0.0,0.0
411,Device,ReluGrad,gradient_tape/model/activation_26/ReluGrad,2,212.992,106.496,212.992,106.496,0.00039677380527474175,0.9650339265243172,0.0,0.0
412,Device,ReluGrad,gradient_tape/model/activation_38/ReluGrad,2,212.992,106.496,212.992,106.496,0.00039677380527474175,0.9654307003295919,0.0,0.0
413,Device,ReluGrad,gradient_tape/model/activation_22/ReluGrad,2,202.752,101.376,202.752,101.376,0.00037769814155960994,0.9658083984711515,0.0,0.0
414,Device,ArgMax,ArgMax,2,185.344,92.672,185.344,92.672,0.00034526951324388586,0.9661536679843954,0.0,0.0
415,Device,BiasAddGrad,gradient_tape/model/conv2d_16/BiasAdd/BiasAddGrad,2,163.841,81.9205,163.841,81.9205,0.0003052124822998937,0.9664588804666953,0.0,0.0
416,Device,BiasAddGrad,gradient_tape/model/conv2d_12/BiasAdd/BiasAddGrad,2,160.769,80.3845,160.769,80.3845,0.0002994897831853542,0.9667583702498806,0.0,0.0
417,Device,BiasAddGrad,gradient_tape/model/conv2d_22/BiasAdd/BiasAddGrad,2,158.72,79.36,158.72,79.36,0.0002956727875845431,0.9670540430374652,0.0,0.0
418,Device,BiasAddGrad,gradient_tape/model/conv2d_19/BiasAdd/BiasAddGrad,2,157.696,78.848,157.696,78.848,0.00029376522121302997,0.9673478082586783,0.0,0.0
419,Device,BiasAddGrad,gradient_tape/model/conv2d_46/BiasAdd/BiasAddGrad,2,154.624,77.312,154.624,77.312,0.0002880425220984904,0.9676358507807767,0.0,0.0
420,Device,BiasAddGrad,gradient_tape/model/conv2d_52/BiasAdd/BiasAddGrad,2,154.624,77.312,154.624,77.312,0.0002880425220984904,0.9679238933028752,0.0,0.0
421,Device,BiasAddGrad,gradient_tape/model/conv2d_49/BiasAdd/BiasAddGrad,2,153.601,76.8005,153.601,76.8005,0.0002861368185847619,0.96821003012146,0.0,0.0
422,Device,BiasAddGrad,gradient_tape/model/conv2d_11/BiasAdd/BiasAddGrad,2,151.552,75.776,151.552,75.776,0.00028231982298395085,0.968492349944444,0.0,0.0
423,Device,BiasAddGrad,gradient_tape/model/conv2d_18/BiasAdd/BiasAddGrad,2,150.528,75.264,150.528,75.264,0.0002804122566124377,0.9687727622010565,0.0,0.0
424,Device,BiasAddGrad,gradient_tape/model/conv2d_15/BiasAdd/BiasAddGrad,2,149.504,74.752,149.504,74.752,0.0002785046902409245,0.9690512668912974,0.0,0.0
425,Device,BiasAddGrad,gradient_tape/model/conv2d_21/BiasAdd/BiasAddGrad,2,149.504,74.752,149.504,74.752,0.0002785046902409245,0.9693297715815383,0.0,0.0
426,Device,BiasAdd,model/conv2d_24/BiasAdd,2,149.504,74.752,149.504,74.752,0.0002785046902409245,0.9696082762717793,0.0,0.0
427,Device,BiasAdd,model/conv2d_38/BiasAdd,2,146.432,73.216,146.432,73.216,0.00027278199112638495,0.9698810582629056,0.0,0.0
428,Device,BiasAdd,model/conv2d_25/BiasAdd,2,145.408,72.704,145.408,72.704,0.00027087442475487173,0.9701519326876604,0.0,0.0
429,Device,BiasAdd,model/conv2d_29/BiasAdd,2,145.408,72.704,145.408,72.704,0.00027087442475487173,0.9704228071124152,0.0,0.0
430,Device,BiasAdd,model/conv2d_35/BiasAdd,2,145.408,72.704,145.408,72.704,0.00027087442475487173,0.9706936815371701,0.0,0.0
431,Device,BiasAdd,model/conv2d_40/BiasAdd,2,145.408,72.704,145.408,72.704,0.00027087442475487173,0.9709645559619249,0.0,0.0
432,Device,BiasAdd,model/conv2d_41/BiasAdd,2,145.408,72.704,145.408,72.704,0.00027087442475487173,0.9712354303866797,0.0,0.0
433,Device,BiasAdd,model/conv2d_32/BiasAdd,2,144.384,72.192,144.384,72.192,0.0002689668583833586,0.9715043972450631,0.0,0.0
434,Device,BiasAdd,model/conv2d_28/BiasAdd,2,143.36,71.68,143.36,71.68,0.00026705929201184547,0.971771456537075,0.0,0.0
435,Device,BiasAdd,model/conv2d_31/BiasAdd,2,142.336,71.168,142.336,71.168,0.00026515172564033226,0.9720366082627153,0.0,0.0
436,Device,BiasAdd,model/conv2d_34/BiasAdd,2,141.312,70.656,141.312,70.656,0.0002632441592688191,0.9722998524219841,0.0,0.0
437,Device,BiasAdd,model/conv2d_37/BiasAdd,2,141.312,70.656,141.312,70.656,0.0002632441592688191,0.972563096581253,0.0,0.0
438,Device,Relu,model/activation_22/Relu,2,140.288,70.144,140.288,70.144,0.0002613365928973059,0.9728244331741502,0.0,0.0
439,Device,Relu,model/activation_25/Relu,2,140.288,70.144,140.288,70.144,0.0002613365928973059,0.9730857697670475,0.0,0.0
440,Device,Relu,model/activation_26/Relu,2,140.288,70.144,140.288,70.144,0.0002613365928973059,0.9733471063599448,0.0,0.0
441,Device,Relu,model/activation_29/Relu,2,140.288,70.144,140.288,70.144,0.0002613365928973059,0.9736084429528421,0.0,0.0
442,Device,Relu,model/activation_32/Relu,2,140.288,70.144,140.288,70.144,0.0002613365928973059,0.9738697795457394,0.0,0.0
443,Device,Relu,model/activation_37/Relu,2,140.288,70.144,140.288,70.144,0.0002613365928973059,0.9741311161386367,0.0,0.0
444,Device,Relu,model/activation_23/Relu,2,139.264,69.632,139.264,69.632,0.0002594290265257927,0.9743905451651624,0.0,0.0
445,Device,Relu,model/activation_31/Relu,2,139.264,69.632,139.264,69.632,0.0002594290265257927,0.9746499741916882,0.0,0.0
446,Device,Relu,model/activation_34/Relu,2,139.264,69.632,139.264,69.632,0.0002594290265257927,0.974909403218214,0.0,0.0
447,Device,Relu,model/activation_35/Relu,2,139.264,69.632,139.264,69.632,0.0002594290265257927,0.9751688322447397,0.0,0.0
448,Device,Relu,model/activation_28/Relu,2,138.24,69.12,138.24,69.12,0.0002575214601542795,0.975426353704894,0.0,0.0
449,Device,Relu,model/activation_38/Relu,2,138.24,69.12,138.24,69.12,0.0002575214601542795,0.9756838751650482,0.0,0.0
450,Device,ResourceApplyGradientDescent,SGD/SGD/update_196/ResourceApplyGradientDescent,2,125.952,62.976,125.952,62.976,0.00023463066369612133,0.9759185058287443,0.0,0.0
451,Device,ResourceApplyGradientDescent,SGD/SGD/update_170/ResourceApplyGradientDescent,2,124.928,62.464,124.928,62.464,0.00023272309732460814,0.9761512289260689,0.0,0.0
452,Device,ResourceApplyGradientDescent,SGD/SGD/update_184/ResourceApplyGradientDescent,2,123.904,61.952,123.904,61.952,0.00023081553095309496,0.9763820444570219,0.0,0.0
453,Device,ArgMax,ArgMax_1,2,120.832,60.416,120.832,60.416,0.0002250928318385554,0.9766071372888605,0.0,0.0
454,Device,AddN,SGD/gradients/AddN_64,2,120.832,60.416,120.832,60.416,0.0002250928318385554,0.9768322301206991,0.0,0.0
455,Device,AddN,SGD/gradients/AddN_67,2,120.832,60.416,120.832,60.416,0.0002250928318385554,0.9770573229525377,0.0,0.0
456,Device,Mul,gradient_tape/conv2d_48/kernel/Regularizer/Mul_1,2,120.832,60.416,120.832,60.416,0.0002250928318385554,0.9772824157843762,0.0,0.0
457,Device,Mul,gradient_tape/conv2d_51/kernel/Regularizer/Mul_1,2,120.832,60.416,120.832,60.416,0.0002250928318385554,0.9775075086162148,0.0,0.0
458,Device,AddN,SGD/gradients/AddN_60,2,119.808,59.904,119.808,59.904,0.00022318526546704227,0.9777306938816819,0.0,0.0
459,Device,Mul,gradient_tape/conv2d_44/kernel/Regularizer/Mul_1,2,118.784,59.392,118.784,59.392,0.00022127769909552908,0.9779519715807774,0.0,0.0
460,Device,FusedBatchNormGradV3,gradient_tape/model/batch_normalization_40/FusedBatchNormGradV3,2,115.712,57.856,115.712,57.856,0.00021555499998098952,0.9781675265807583,0.0,0.0
461,Device,FusedBatchNormGradV3,gradient_tape/model/batch_normalization_46/FusedBatchNormGradV3,2,115.712,57.856,115.712,57.856,0.00021555499998098952,0.9783830815807393,0.0,0.0
462,Device,FusedBatchNormGradV3,gradient_tape/model/batch_normalization_41/FusedBatchNormGradV3,2,114.688,57.344,114.688,57.344,0.00021364743360947634,0.9785967290143488,0.0,0.0
463,Device,FusedBatchNormGradV3,gradient_tape/model/batch_normalization_43/FusedBatchNormGradV3,2,114.688,57.344,114.688,57.344,0.00021364743360947634,0.9788103764479583,0.0,0.0
464,Device,FusedBatchNormGradV3,gradient_tape/model/batch_normalization_44/FusedBatchNormGradV3,2,114.688,57.344,114.688,57.344,0.00021364743360947634,0.9790240238815678,0.0,0.0
465,Device,FusedBatchNormGradV3,gradient_tape/model/batch_normalization_47/FusedBatchNormGradV3,2,114.688,57.344,114.688,57.344,0.00021364743360947634,0.9792376713151774,0.0,0.0
466,Device,ReluGrad,gradient_tape/model/activation_47/ReluGrad,2,110.593,55.2965,110.593,55.2965,0.0002060190309812083,0.9794436903461585,0.0,0.0
467,Device,ResourceApplyGradientDescent,SGD/SGD/update_174/ResourceApplyGradientDescent,2,110.592,55.296,110.592,55.296,0.0002060171681234236,0.9796497075142819,0.0,0.0
468,Device,ReluGrad,gradient_tape/model/activation_43/ReluGrad,2,110.592,55.296,110.592,55.296,0.0002060171681234236,0.9798557246824053,0.0,0.0
469,Device,ReluGrad,gradient_tape/model/activation_40/ReluGrad,2,109.568,54.784,109.568,54.784,0.00020410960175191043,0.9800598342841572,0.0,0.0
470,Device,ReluGrad,gradient_tape/model/activation_44/ReluGrad,2,109.568,54.784,109.568,54.784,0.00020410960175191043,0.9802639438859091,0.0,0.0
471,Device,ReluGrad,gradient_tape/model/activation_41/ReluGrad,2,108.544,54.272,108.544,54.272,0.00020220203538039725,0.9804661459212894,0.0,0.0
472,Device,ReluGrad,gradient_tape/model/activation_46/ReluGrad,2,108.544,54.272,108.544,54.272,0.00020220203538039725,0.9806683479566698,0.0,0.0
473,Device,Mul,gradient_tape/conv2d_46/kernel/Regularizer/Mul_1,2,106.496,53.248,106.496,53.248,0.00019838690263737087,0.9808667348593072,0.0,0.0
474,Device,AddN,SGD/gradients/AddN_61,2,102.4,51.2,102.4,51.2,0.00019075663715131816,0.9810574914964585,0.0,0.0
475,Device,BiasAddGrad,gradient_tape/model/conv2d_25/BiasAdd/BiasAddGrad,2,102.4,51.2,102.4,51.2,0.00019075663715131816,0.9812482481336098,0.0,0.0
476,Device,BiasAddGrad,gradient_tape/model/conv2d_29/BiasAdd/BiasAddGrad,2,102.4,51.2,102.4,51.2,0.00019075663715131816,0.9814390047707611,0.0,0.0
477,Device,BiasAddGrad,gradient_tape/model/conv2d_32/BiasAdd/BiasAddGrad,2,102.4,51.2,102.4,51.2,0.00019075663715131816,0.9816297614079124,0.0,0.0
478,Device,BiasAddGrad,gradient_tape/model/conv2d_41/BiasAdd/BiasAddGrad,2,102.4,51.2,102.4,51.2,0.00019075663715131816,0.9818205180450637,0.0,0.0
479,Device,BiasAddGrad,gradient_tape/model/conv2d_35/BiasAdd/BiasAddGrad,2,101.376,50.688,101.376,50.688,0.00018884907077980497,0.9820093671158434,0.0,0.0
480,Device,BiasAddGrad,gradient_tape/model/conv2d_38/BiasAdd/BiasAddGrad,2,100.352,50.176,100.352,50.176,0.0001869415044082918,0.9821963086202518,0.0,0.0
481,Device,BiasAddGrad,gradient_tape/model/conv2d_34/BiasAdd/BiasAddGrad,2,99.329,49.6645,99.329,49.6645,0.00018503580089456327,0.9823813444211463,0.0,0.0
482,Device,ResourceApplyGradientDescent,SGD/SGD/update_204/ResourceApplyGradientDescent,2,97.28,48.64,97.28,48.64,0.00018121880529375225,0.9825625632264401,0.0,0.0
483,Device,BiasAddGrad,gradient_tape/model/conv2d_28/BiasAdd/BiasAddGrad,2,97.28,48.64,97.28,48.64,0.00018121880529375225,0.9827437820317338,0.0,0.0
484,Device,BiasAddGrad,gradient_tape/model/conv2d_31/BiasAdd/BiasAddGrad,2,97.28,48.64,97.28,48.64,0.00018121880529375225,0.9829250008370276,0.0,0.0
485,Device,BiasAddGrad,gradient_tape/model/conv2d_37/BiasAdd/BiasAddGrad,2,96.256,48.128,96.256,48.128,0.00017931123892223907,0.9831043120759498,0.0,0.0
486,Device,BiasAddGrad,gradient_tape/model/conv2d_40/BiasAdd/BiasAddGrad,2,96.256,48.128,96.256,48.128,0.00017931123892223907,0.9832836233148721,0.0,0.0
487,Device,BiasAddGrad,gradient_tape/model/conv2d_24/BiasAdd/BiasAddGrad,2,93.184,46.592,93.184,46.592,0.0001735885398076995,0.9834572118546797,0.0,0.0
488,Device,Square,conv2d_48/kernel/Regularizer/Square,2,81.92,40.96,81.92,40.96,0.00015260530972105451,0.9836098171644008,0.0,0.0
489,Device,Square,conv2d_51/kernel/Regularizer/Square,2,81.92,40.96,81.92,40.96,0.00015260530972105451,0.9837624224741218,0.0,0.0
490,Device,Mul,gradient_tape/conv2d_44/kernel/Regularizer/Mul,2,81.92,40.96,81.92,40.96,0.00015260530972105451,0.9839150277838429,0.0,0.0
491,Device,Square,conv2d_44/kernel/Regularizer/Square,2,79.872,39.936,79.872,39.936,0.00014879017697802817,0.9840638179608209,0.0,0.0
492,Device,FusedBatchNormV3,model/batch_normalization_41/FusedBatchNormV3,4,79.872,19.968,79.872,19.968,0.00014879017697802817,0.9842126081377989,0.0,0.0
493,Device,FusedBatchNormV3,model/batch_normalization_47/FusedBatchNormV3,4,79.872,19.968,79.872,19.968,0.00014879017697802817,0.9843613983147769,0.0,0.0
494,Device,FusedBatchNormV3,model/batch_normalization_43/FusedBatchNormV3,4,78.848,19.712,78.848,19.712,0.00014688261060651498,0.9845082809253833,0.0,0.0
495,Device,FusedBatchNormV3,model/batch_normalization_46/FusedBatchNormV3,4,77.824,19.456,77.824,19.456,0.0001449750442350018,0.9846532559696184,0.0,0.0
496,Device,FusedBatchNormV3,model/batch_normalization_40/FusedBatchNormV3,4,76.8,19.2,76.8,19.2,0.0001430674778634886,0.9847963234474819,0.0,0.0
497,Device,FusedBatchNormV3,model/batch_normalization_44/FusedBatchNormV3,4,75.776,18.944,75.776,18.944,0.00014115991149197542,0.9849374833589739,0.0,0.0
498,Device,Square,conv2d_46/kernel/Regularizer/Square,2,73.729,36.8645,73.729,36.8645,0.00013734664160673375,0.9850748300005806,0.0,0.0
499,Device,Tile,gradient_tape/conv2d_44/kernel/Regularizer/Tile,2,73.728,36.864,73.728,36.864,0.00013734477874894905,0.9852121747793295,0.0,0.0
500,Device,Mul,gradient_tape/conv2d_46/kernel/Regularizer/Mul,2,72.704,36.352,72.704,36.352,0.00013543721237743587,0.985347611991707,0.0,0.0
501,Host,IDLE,IDLE,0,2134211.786,0.0,2134211.786,0.0,0.0,0.0,0.9824436941816496,0.9824436941816496
502,Host,GatherV2,GatherV2,2,33127.278,16563.639,33127.278,16563.639,0.0,0.0,0.015249510657749918,0.9976932048393995
503,Host,_Send,IteratorGetNext/_6,2,4366.959,2183.4795,4366.959,2183.4795,0.0,0.0,0.002010246293476238,0.9997034511328757
504,Host,_Send,IteratorGetNext/_3,2,158.912,79.456,158.912,79.456,0.0,0.0,7.315210859293526e-05,0.9997766032414687
505,Host,GatherV2,GatherV2_1,2,123.461,61.7305,123.461,61.7305,0.0,0.0,5.6832916828133684e-05,0.9998334361582968
506,Host,LogicalAnd,LogicalAnd,1,63.631,63.631,63.631,63.631,0.0,0.0,2.9291317344675438e-05,0.9998627274756414
507,Host,Dataset,Iterator::Root::ParallelMapV2::Zip[1]::ForeverRepeat,2,58.112,29.056,54.382,27.191,0.0,0.0,2.5033716582139833e-05,0.9998877611922236
508,Host,Dataset,Iterator::Root::ParallelMapV2,2,47.82,23.91,47.82,23.91,0.0,0.0,2.2013025025889575e-05,0.9999097742172495
509,Host,FlushSummaryWriter,FlushSummaryWriter,1,37.941,37.941,37.941,37.941,0.0,0.0,1.7465415778069352e-05,0.9999272396330275
510,Host,IteratorGetNext,IteratorGetNext,2,34.78,17.39,34.78,17.39,0.0,0.0,1.6010309711427007e-05,0.999943249942739
511,Host,Dataset,Iterator::Root,2,79.141,39.5705,31.321,15.6605,0.0,0.0,1.4418025027935746e-05,0.9999576679677669
512,Host,WriteSummary,WriteSummary,1,21.48,21.48,21.48,21.48,0.0,0.0,9.887908355418404e-06,0.9999675558761223
513,Host,Dataset,Iterator::Root::ParallelMapV2::Zip[0]::FlatMap[1]::Concatenate[0]::TensorSlice,2,21.06,10.53,21.06,10.53,0.0,0.0,9.694569365228657e-06,0.9999772504454876
514,Host,Dataset,Iterator::Root::ParallelMapV2::Zip[0]::FlatMap[1]::Concatenate,2,33.3,16.65,12.24,6.12,0.0,0.0,5.634450571244007e-06,0.9999828848960588
515,Host,Dataset,Iterator::Root::ParallelMapV2::Zip,2,102.412,51.206,7.85,3.925,0.0,0.0,3.6135977928321443e-06,0.9999864984938517
516,Host,ReadVariableOp,ReadVariableOp,1,6.8,6.8,6.8,6.8,0.0,0.0,3.130250317357781e-06,0.9999896287441691
517,Host,_Send,IteratorGetNext/_1,2,6.75,3.375,6.75,3.375,0.0,0.0,3.1072337709066213e-06,0.99999273597794
518,Host,_HostSend,categorical_crossentropy/softmax_cross_entropy_with_logits/Shape_2/_9,2,5.55,2.775,5.55,2.775,0.0,0.0,2.5548366560787775e-06,0.9999952908145961
519,Host,Dataset,Iterator::Root::ParallelMapV2::Zip[1]::ForeverRepeat::FromTensor,4,3.73,0.9325,3.73,0.9325,0.0,0.0,1.7170343652565477e-06,0.9999970078489614
520,Host,Identity,Identity,2,3.35,1.675,3.35,1.675,0.0,0.0,1.5421086122277304e-06,0.9999985499575736
521,Host,Dataset,Iterator::Root::ParallelMapV2::Zip[0]::FlatMap,2,36.45,18.225,3.15,1.575,0.0,0.0,1.4500424264230898e-06,1.0
