Rank,Host/device,Type,Operation,#Occurrences,Total time (us),Avg. time (us),Total self-time (us),Avg. self-time (us),Total self-time on Device (%),Cumulative total-self time on Device (%),Total self-time on Host (%),Cumulative total-self time on Host (%)
1,Device,IDLE,IDLE,0,9580.168,0.0,9580.168,0.0,0.2991953285872251,0.2991953285872251,0.0,0.0
2,Device,_Recv,IteratorGetNext/_2,2,3251.043,1625.5215,3251.043,1625.5215,0.1015323404178505,0.4007276690050756,0.0,0.0
3,Device,FusedBatchNormGradV3,gradient_tape/model/conv1_bn/FusedBatchNormGradV3,2,2179.074,1089.537,2179.074,1089.537,0.06805400087408477,0.46878166987916037,0.0,0.0
4,Device,Conv2DBackpropFilter,gradient_tape/model/conv1/Conv2D/Conv2DBackpropFilter,2,1812.482,906.241,1812.482,906.241,0.05660507702458149,0.5253867469037419,0.0,0.0
5,Device,MaxPoolGrad,gradient_tape/model/conv1_max_pool/MaxPool/MaxPoolGrad,2,1657.858,828.929,1657.858,828.929,0.05177606165789157,0.5771628085616335,0.0,0.0
6,Device,ReluGrad,gradient_tape/model/conv1/ReluGrad,2,1356.801,678.4005,1356.801,678.4005,0.04237384156754616,0.6195366501291797,0.0,0.0
7,Device,_FusedConv2D,model/conv1/Relu,2,1324.033,662.0165,1324.033,662.0165,0.04135047407261849,0.6608871242017982,0.0,0.0
8,Device,FusedBatchNormV3,model/conv1_bn/FusedBatchNormV3,4,1309.698,327.4245,1309.698,327.4245,0.04090278202428512,0.7017899062260833,0.0,0.0
9,Device,MaxPool,model/conv1_max_pool/MaxPool,2,539.648,269.824,539.648,269.824,0.016853583432090005,0.7186434896581733,0.0,0.0
10,Device,BiasAddGrad,gradient_tape/model/conv1/BiasAdd/BiasAddGrad,2,410.625,205.3125,410.625,205.3125,0.012824105151509795,0.731467594809683,0.0,0.0
11,Device,Conv2DBackpropInput,gradient_tape/model/ResBlock21_pooling_conv/Conv2D/Conv2DBackpropInput,2,369.664,184.832,369.664,184.832,0.011544864552152735,0.7430124593618358,0.0,0.0
12,Device,Conv2DBackpropInput,gradient_tape/model/ResBlock21_conv1/Conv2D/Conv2DBackpropInput,2,366.593,183.2965,366.593,183.2965,0.011448955080200744,0.7544614144420365,0.0,0.0
13,Device,SoftmaxCrossEntropyWithLogits,categorical_crossentropy/softmax_cross_entropy_with_logits,2,360.448,180.224,360.448,180.224,0.01125704244420433,0.7657184568862409,0.0,0.0
14,Device,AddN,SGD/gradients/AddN_3,2,314.368,157.184,314.368,157.184,0.009817931904462299,0.7755363887907032,0.0,0.0
15,Device,Conv2DBackpropFilter,gradient_tape/model/ResBlock21_conv1/Conv2D/Conv2DBackpropFilter,2,236.544,118.272,236.544,118.272,0.007387434104009091,0.7829238228947123,0.0,0.0
16,Device,Conv2DBackpropFilter,gradient_tape/model/ResBlock21_pooling_conv/Conv2D/Conv2DBackpropFilter,2,235.52,117.76,235.52,117.76,0.007355453869792602,0.7902792767645049,0.0,0.0
17,Device,Conv2DBackpropFilter,gradient_tape/model/ResBlock22_conv1/Conv2D/Conv2DBackpropFilter,2,208.896,104.448,208.896,104.448,0.006523967780163872,0.7968032445446688,0.0,0.0
18,Device,Conv2DBackpropFilter,gradient_tape/model/ResBlock21_conv2/Conv2D/Conv2DBackpropFilter,2,206.848,103.424,206.848,103.424,0.006460007311730894,0.8032632518563997,0.0,0.0
19,Device,Conv2DBackpropFilter,gradient_tape/model/ResBlock22_conv2/Conv2D/Conv2DBackpropFilter,2,206.848,103.424,206.848,103.424,0.006460007311730894,0.8097232591681306,0.0,0.0
20,Device,Transpose,gradient_tape/model/conv1/Conv2D/Conv2DBackpropFilter-0-TransposeNHWCToNCHW-LayoutOptimizer,2,186.368,93.184,186.368,93.184,0.005820402627401102,0.8155436617955317,0.0,0.0
21,Device,ArgMax,ArgMax,2,178.176,89.088,178.176,89.088,0.005564560753669185,0.8211082225492009,0.0,0.0
22,Device,FusedBatchNormGradV3,gradient_tape/model/ResBlock21_pooling_bn/FusedBatchNormGradV3,2,149.504,74.752,149.504,74.752,0.0046691141956074775,0.8257773367448084,0.0,0.0
23,Device,FusedBatchNormGradV3,gradient_tape/model/ResBlock21_bn2/FusedBatchNormGradV3,2,148.481,74.2405,148.481,74.2405,0.004637165192088465,0.8304145019368968,0.0,0.0
24,Device,FusedBatchNormGradV3,gradient_tape/model/ResBlock22_bn2/FusedBatchNormGradV3,2,148.48,74.24,148.48,74.24,0.0046371339613909875,0.8350516358982878,0.0,0.0
25,Device,FusedBatchNormGradV3,gradient_tape/model/ResBlock21_bn1/FusedBatchNormGradV3,2,147.456,73.728,147.456,73.728,0.004605153727174498,0.8396567896254623,0.0,0.0
26,Device,FusedBatchNormGradV3,gradient_tape/model/ResBlock22_bn1/FusedBatchNormGradV3,2,146.432,73.216,146.432,73.216,0.0045731734929580084,0.8442299631184204,0.0,0.0
27,Device,Conv2D,model/ResBlock21_pooling_conv/Conv2D,2,122.881,61.4405,122.881,61.4405,0.0038376593366762257,0.8480676224550966,0.0,0.0
28,Device,ArgMax,ArgMax_1,2,120.833,60.4165,120.833,60.4165,0.0037736988682432466,0.8518413213233398,0.0,0.0
29,Device,Conv2D,model/ResBlock21_conv1/Conv2D,2,114.689,57.3445,114.689,57.3445,0.003581817462944309,0.8554231387862841,0.0,0.0
30,Device,Conv2DBackpropInput,gradient_tape/model/ResBlock31_conv1/Conv2D/Conv2DBackpropInput,2,108.544,54.272,108.544,54.272,0.0033899048269478947,0.858813043613232,0.0,0.0
31,Device,Conv2DBackpropInput,gradient_tape/model/ResBlock31_pooling_conv/Conv2D/Conv2DBackpropInput,2,108.544,54.272,108.544,54.272,0.0033899048269478947,0.8622029484401799,0.0,0.0
32,Device,Conv2DBackpropFilter,gradient_tape/model/ResBlock31_conv2/Conv2D/Conv2DBackpropFilter,2,92.16,46.08,92.16,46.08,0.0028782210794840615,0.865081169519664,0.0,0.0
33,Device,FusedBatchNormV3,model/ResBlock21_bn1/FusedBatchNormV3,4,92.16,23.04,92.16,23.04,0.0028782210794840615,0.8679593905991481,0.0,0.0
34,Device,FusedBatchNormV3,model/ResBlock21_pooling_bn/FusedBatchNormV3,4,89.088,22.272,89.088,22.272,0.0027822803768345924,0.8707416709759827,0.0,0.0
35,Device,Conv2DBackpropFilter,gradient_tape/model/ResBlock32_conv2/Conv2D/Conv2DBackpropFilter,2,87.04,43.52,87.04,43.52,0.0027183199084016138,0.8734599908843843,0.0,0.0
36,Device,Conv2DBackpropFilter,gradient_tape/model/ResBlock31_pooling_conv/Conv2D/Conv2DBackpropFilter,2,86.016,43.008,86.016,43.008,0.0026863396741851242,0.8761463305585694,0.0,0.0
37,Device,Conv2DBackpropFilter,gradient_tape/model/ResBlock32_conv1/Conv2D/Conv2DBackpropFilter,2,86.016,43.008,86.016,43.008,0.0026863396741851242,0.8788326702327545,0.0,0.0
38,Device,Conv2DBackpropFilter,gradient_tape/model/ResBlock31_conv1/Conv2D/Conv2DBackpropFilter,2,83.968,41.984,83.968,41.984,0.002622379205752145,0.8814550494385066,0.0,0.0
39,Device,AddV2,model/ResBlock21_add/add,2,79.872,39.936,79.872,39.936,0.0024944582688861865,0.8839495077073928,0.0,0.0
40,Device,ReluGrad,gradient_tape/model/tf.nn.relu_1/ReluGrad,2,76.8,38.4,76.8,38.4,0.002398517566236718,0.8863480252736295,0.0,0.0
41,Device,AddV2,model/ResBlock22_add/add,2,76.8,38.4,76.8,38.4,0.002398517566236718,0.8887465428398663,0.0,0.0
42,Device,ReluGrad,gradient_tape/model/tf.nn.relu_3/ReluGrad,2,75.776,37.888,75.776,37.888,0.0023665373320202283,0.8911130801718865,0.0,0.0
43,Device,AddN,SGD/gradients/AddN_2,2,74.752,37.376,74.752,37.376,0.0023345570978037388,0.8934476372696902,0.0,0.0
44,Device,AddN,SGD/gradients/AddN_1,2,73.728,36.864,73.728,36.864,0.002302576863587249,0.8957502141332775,0.0,0.0
45,Device,ReluGrad,gradient_tape/model/tf.nn.relu/ReluGrad,2,72.704,36.352,72.704,36.352,0.0022705966293707597,0.8980208107626483,0.0,0.0
46,Device,ReluGrad,gradient_tape/model/tf.nn.relu_2/ReluGrad,2,72.704,36.352,72.704,36.352,0.0022705966293707597,0.9002914073920191,0.0,0.0
47,Device,FusedBatchNormV3,model/ResBlock21_bn2/FusedBatchNormV3,4,72.704,18.176,72.704,18.176,0.0022705966293707597,0.9025620040213899,0.0,0.0
48,Device,FusedBatchNormV3,model/ResBlock22_bn2/FusedBatchNormV3,4,71.68,17.92,71.68,17.92,0.00223861639515427,0.9048006204165442,0.0,0.0
49,Device,FusedBatchNormV3,model/ResBlock22_bn1/FusedBatchNormV3,4,69.632,17.408,69.632,17.408,0.002174655926721291,0.9069752763432655,0.0,0.0
50,Device,Conv2DBackpropInput,gradient_tape/model/ResBlock32_conv1/Conv2D/Conv2DBackpropInput,2,68.608,34.304,68.608,34.304,0.0021426756925048015,0.9091179520357703,0.0,0.0
51,Device,Conv2DBackpropInput,gradient_tape/model/ResBlock32_conv2/Conv2D/Conv2DBackpropInput,2,68.608,34.304,68.608,34.304,0.0021426756925048015,0.9112606277282751,0.0,0.0
52,Device,Conv2DBackpropInput,gradient_tape/model/ResBlock31_conv2/Conv2D/Conv2DBackpropInput,2,67.584,33.792,67.584,33.792,0.002110695458288312,0.9133713231865634,0.0,0.0
53,Device,Conv2D,model/ResBlock32_conv2/Conv2D,2,64.513,32.2565,64.513,32.2565,0.00201478598633632,0.9153861091728998,0.0,0.0
54,Device,Conv2D,model/ResBlock21_conv2/Conv2D,2,64.512,32.256,64.512,32.256,0.0020147547556388433,0.9174008639285386,0.0,0.0
55,Device,Conv2D,model/ResBlock22_conv2/Conv2D,2,64.512,32.256,64.512,32.256,0.0020147547556388433,0.9194156186841774,0.0,0.0
56,Device,Conv2D,model/ResBlock31_conv2/Conv2D,2,64.512,32.256,64.512,32.256,0.0020147547556388433,0.9214303734398163,0.0,0.0
57,Device,Conv2DBackpropInput,gradient_tape/model/ResBlock22_conv1/Conv2D/Conv2DBackpropInput,2,63.488,31.744,63.488,31.744,0.0019827745214223533,0.9234131479612386,0.0,0.0
58,Device,Conv2D,model/ResBlock22_conv1/Conv2D,2,63.488,31.744,63.488,31.744,0.0019827745214223533,0.925395922482661,0.0,0.0
59,Device,Conv2DBackpropInput,gradient_tape/model/ResBlock22_conv2/Conv2D/Conv2DBackpropInput,2,62.464,31.232,62.464,31.232,0.001950794287205864,0.9273467167698669,0.0,0.0
60,Device,Conv2D,model/ResBlock32_conv1/Conv2D,2,62.464,31.232,62.464,31.232,0.001950794287205864,0.9292975110570728,0.0,0.0
61,Device,Conv2DBackpropInput,gradient_tape/model/ResBlock21_conv2/Conv2D/Conv2DBackpropInput,2,61.441,30.7205,61.441,30.7205,0.0019188452836868515,0.9312163563407596,0.0,0.0
62,Device,BiasAdd,model/ResBlock21_conv1/BiasAdd,2,61.44,30.72,61.44,30.72,0.0019188140529893742,0.9331351703937489,0.0,0.0
63,Device,BiasAdd,model/ResBlock21_pooling_conv/BiasAdd,2,61.44,30.72,61.44,30.72,0.0019188140529893742,0.9350539844467383,0.0,0.0
64,Device,Conv2D,model/ResBlock31_pooling_conv/Conv2D,2,61.44,30.72,61.44,30.72,0.0019188140529893742,0.9369727984997276,0.0,0.0
65,Device,FusedBatchNormGradV3,gradient_tape/model/ResBlock31_pooling_bn/FusedBatchNormGradV3,2,58.368,29.184,58.368,29.184,0.0018228733503399058,0.9387956718500675,0.0,0.0
66,Device,Relu,model/tf.nn.relu/Relu,2,57.344,28.672,57.344,28.672,0.001790893116123416,0.940586564966191,0.0,0.0
67,Device,Relu,model/tf.nn.relu_1/Relu,2,52.224,26.112,52.224,26.112,0.001630991945040968,0.942217556911232,0.0,0.0
68,Device,Relu,model/tf.nn.relu_3/Relu,2,52.224,26.112,52.224,26.112,0.001630991945040968,0.943848548856273,0.0,0.0
69,Device,FusedBatchNormGradV3,gradient_tape/model/ResBlock32_bn2/FusedBatchNormGradV3,2,50.176,25.088,50.176,25.088,0.0015670314766079892,0.945415580332881,0.0,0.0
70,Device,Conv2D,model/ResBlock31_conv1/Conv2D,2,50.176,25.088,50.176,25.088,0.0015670314766079892,0.946982611809489,0.0,0.0
71,Device,BiasAddGrad,gradient_tape/model/ResBlock21_pooling_conv/BiasAdd/BiasAddGrad,2,49.152,24.576,49.152,24.576,0.0015350512423914996,0.9485176630518805,0.0,0.0
72,Device,FusedBatchNormGradV3,gradient_tape/model/ResBlock31_bn1/FusedBatchNormGradV3,2,48.128,24.064,48.128,24.064,0.0015030710081750099,0.9500207340600555,0.0,0.0
73,Device,FusedBatchNormGradV3,gradient_tape/model/ResBlock31_bn2/FusedBatchNormGradV3,2,48.128,24.064,48.128,24.064,0.0015030710081750099,0.9515238050682305,0.0,0.0
74,Device,FusedBatchNormGradV3,gradient_tape/model/ResBlock32_bn1/FusedBatchNormGradV3,2,48.128,24.064,48.128,24.064,0.0015030710081750099,0.9530268760764056,0.0,0.0
75,Device,Relu,model/tf.nn.relu_2/Relu,2,45.056,22.528,45.056,22.528,0.0014071303055255412,0.9544340063819311,0.0,0.0
76,Device,ReluGrad,gradient_tape/model/tf.nn.relu_4/ReluGrad,2,39.936,19.968,39.936,19.968,0.0012472291344430932,0.9556812355163742,0.0,0.0
77,Device,BiasAddGrad,gradient_tape/model/ResBlock21_conv1/BiasAdd/BiasAddGrad,2,37.888,18.944,37.888,18.944,0.0011832686660101142,0.9568645041823843,0.0,0.0
78,Device,FusedBatchNormV3,model/ResBlock31_pooling_bn/FusedBatchNormV3,4,37.888,9.472,37.888,9.472,0.0011832686660101142,0.9580477728483945,0.0,0.0
79,Device,BiasAdd,model/ResBlock21_conv2/BiasAdd,2,35.84,17.92,35.84,17.92,0.001119308197577135,0.9591670810459716,0.0,0.0
80,Device,BiasAdd,model/ResBlock22_conv2/BiasAdd,2,35.84,17.92,35.84,17.92,0.001119308197577135,0.9602863892435487,0.0,0.0
81,Device,BiasAddGrad,gradient_tape/model/ResBlock22_conv2/BiasAdd/BiasAddGrad,2,34.817,17.4085,34.817,17.4085,0.0010873591940581224,0.9613737484376068,0.0,0.0
82,Device,BiasAddGrad,gradient_tape/model/ResBlock21_conv2/BiasAdd/BiasAddGrad,2,34.816,17.408,34.816,17.408,0.0010873279633606455,0.9624610764009675,0.0,0.0
83,Device,BiasAddGrad,gradient_tape/model/ResBlock22_conv1/BiasAdd/BiasAddGrad,2,33.792,16.896,33.792,16.896,0.001055347729144156,0.9635164241301116,0.0,0.0
84,Device,BiasAdd,model/ResBlock22_conv1/BiasAdd,2,33.792,16.896,33.792,16.896,0.001055347729144156,0.9645717718592558,0.0,0.0
85,Device,BiasAdd,model/ResBlock31_conv1/BiasAdd,2,30.72,15.36,30.72,15.36,0.0009594070264946871,0.9655311788857505,0.0,0.0
86,Device,Relu,model/tf.nn.relu_4/Relu,2,28.673,14.3365,28.673,14.3365,0.000895477788759185,0.9664266566745097,0.0,0.0
87,Device,FusedBatchNormV3,model/ResBlock31_bn1/FusedBatchNormV3,4,28.672,7.168,28.672,7.168,0.000895446558061708,0.9673221032325714,0.0,0.0
88,Device,ReluGrad,gradient_tape/model/tf.nn.relu_7/ReluGrad,2,27.648,13.824,27.648,13.824,0.0008634663238452185,0.9681855695564167,0.0,0.0
89,Device,ReluGrad,gradient_tape/model/tf.nn.relu_6/ReluGrad,2,26.624,13.312,26.624,13.312,0.0008314860896287288,0.9690170556460453,0.0,0.0
90,Device,FusedBatchNormV3,model/ResBlock31_bn2/FusedBatchNormV3,4,26.624,6.656,26.624,6.656,0.0008314860896287288,0.969848541735674,0.0,0.0
91,Device,FusedBatchNormV3,model/ResBlock32_bn1/FusedBatchNormV3,4,26.624,6.656,26.624,6.656,0.0008314860896287288,0.9706800278253027,0.0,0.0
92,Device,ReluGrad,gradient_tape/model/tf.nn.relu_5/ReluGrad,2,25.6,12.8,25.6,12.8,0.0007995058554122394,0.9714795336807149,0.0,0.0
93,Device,Softmax,model/dense/Softmax,2,25.6,12.8,25.6,12.8,0.0007995058554122394,0.9722790395361272,0.0,0.0
94,Device,AddV2,model/ResBlock31_add/add,2,24.577,12.2885,24.577,12.2885,0.0007675568518932268,0.9730465963880204,0.0,0.0
95,Device,AddN,SGD/gradients/AddN,2,24.576,12.288,24.576,12.288,0.0007675256211957498,0.9738141220092161,0.0,0.0
96,Device,AddV2,model/ResBlock32_add/add,2,24.576,12.288,24.576,12.288,0.0007675256211957498,0.9745816476304119,0.0,0.0
97,Device,FusedBatchNormV3,model/ResBlock32_bn2/FusedBatchNormV3,4,24.576,6.144,24.576,6.144,0.0007675256211957498,0.9753491732516076,0.0,0.0
98,Device,_Recv,IteratorGetNext/_4,2,22.72,11.36,22.72,11.36,0.0007095614466783623,0.976058734698286,0.0,0.0
99,Device,BiasAddGrad,gradient_tape/model/ResBlock31_conv1/BiasAdd/BiasAddGrad,2,20.48,10.24,20.48,10.24,0.0006396046843297915,0.9766983393826157,0.0,0.0
100,Device,MatMul,gradient_tape/model/dense/MatMul/MatMul,2,20.48,10.24,20.48,10.24,0.0006396046843297915,0.9773379440669455,0.0,0.0
101,Device,BiasAdd,model/ResBlock31_pooling_conv/BiasAdd,2,20.48,10.24,20.48,10.24,0.0006396046843297915,0.9779775487512753,0.0,0.0
102,Device,BiasAddGrad,gradient_tape/model/ResBlock31_pooling_conv/BiasAdd/BiasAddGrad,2,19.456,9.728,19.456,9.728,0.0006076244501133019,0.9785851732013886,0.0,0.0
103,Device,BiasAddGrad,gradient_tape/model/ResBlock31_conv2/BiasAdd/BiasAddGrad,2,18.432,9.216,18.432,9.216,0.0005756442158968123,0.9791608174172854,0.0,0.0
104,Device,BiasAddGrad,gradient_tape/model/ResBlock32_conv1/BiasAdd/BiasAddGrad,2,18.432,9.216,18.432,9.216,0.0005756442158968123,0.9797364616331823,0.0,0.0
105,Device,BiasAddGrad,gradient_tape/model/ResBlock32_conv2/BiasAdd/BiasAddGrad,2,18.432,9.216,18.432,9.216,0.0005756442158968123,0.9803121058490791,0.0,0.0
106,Device,RealDiv,gradient_tape/model/GAP/truediv,2,16.384,8.192,16.384,8.192,0.0005116837474638332,0.9808237895965429,0.0,0.0
107,Device,Transpose,gradient_tape/model/tf.nn.relu_7/ReluGrad-0-TransposeNHWCToNCHW-LayoutOptimizer,2,16.384,8.192,16.384,8.192,0.0005116837474638332,0.9813354733440067,0.0,0.0
108,Device,BiasAdd,model/ResBlock31_conv2/BiasAdd,2,15.36,7.68,15.36,7.68,0.00047970351324734355,0.9818151768572541,0.0,0.0
109,Device,MatMul,model/dense/MatMul,2,15.36,7.68,15.36,7.68,0.00047970351324734355,0.9822948803705014,0.0,0.0
110,Device,BroadcastTo,gradient_tape/model/GAP/BroadcastTo,2,14.336,7.168,14.336,7.168,0.000447723279030854,0.9827426036495323,0.0,0.0
111,Device,BiasAdd,model/ResBlock32_conv1/BiasAdd,2,14.336,7.168,14.336,7.168,0.000447723279030854,0.9831903269285631,0.0,0.0
112,Device,BiasAdd,model/ResBlock32_conv2/BiasAdd,2,14.336,7.168,14.336,7.168,0.000447723279030854,0.983638050207594,0.0,0.0
113,Device,Transpose,model/tf.nn.relu_7/Relu-0-0-TransposeNCHWToNHWC-LayoutOptimizer,2,14.336,7.168,14.336,7.168,0.000447723279030854,0.9840857734866248,0.0,0.0
114,Device,Mean,model/GAP/Mean,2,12.288,6.144,12.288,6.144,0.0003837628105978749,0.9844695362972227,0.0,0.0
115,Device,Relu,model/tf.nn.relu_5/Relu,2,12.288,6.144,12.288,6.144,0.0003837628105978749,0.9848532991078205,0.0,0.0
116,Device,DynamicStitch,gradient_tape/model/GAP/DynamicStitch,2,11.264,5.632,11.264,5.632,0.0003517825763813853,0.9852050816842018,0.0,0.0
117,Device,Relu,model/tf.nn.relu_7/Relu,2,11.264,5.632,11.264,5.632,0.0003517825763813853,0.9855568642605832,0.0,0.0
118,Device,MatMul,gradient_tape/model/dense/MatMul/MatMul_1,2,10.24,5.12,10.24,5.12,0.00031980234216489575,0.9858766666027481,0.0,0.0
119,Device,Relu,model/tf.nn.relu_6/Relu,2,10.24,5.12,10.24,5.12,0.00031980234216489575,0.986196468944913,0.0,0.0
120,Device,ResourceApplyGradientDescent,SGD/SGD/update_10/ResourceApplyGradientDescent,2,8.192,4.096,8.192,4.096,0.0002558418737319166,0.9864523108186449,0.0,0.0
121,Device,ResourceApplyGradientDescent,SGD/SGD/update_28/ResourceApplyGradientDescent,2,8.192,4.096,8.192,4.096,0.0002558418737319166,0.9867081526923769,0.0,0.0
122,Device,ResourceApplyGradientDescent,SGD/SGD/update_4/ResourceApplyGradientDescent,2,8.192,4.096,8.192,4.096,0.0002558418737319166,0.9869639945661088,0.0,0.0
123,Device,ResourceApplyGradientDescent,SGD/SGD/update_40/ResourceApplyGradientDescent,2,8.192,4.096,8.192,4.096,0.0002558418737319166,0.9872198364398408,0.0,0.0
124,Device,ResourceApplyGradientDescent,SGD/SGD/update/ResourceApplyGradientDescent,2,7.168,3.584,7.168,3.584,0.000223861639515427,0.9874436980793562,0.0,0.0
125,Device,ResourceApplyGradientDescent,SGD/SGD/update_16/ResourceApplyGradientDescent,2,7.168,3.584,7.168,3.584,0.000223861639515427,0.9876675597188715,0.0,0.0
126,Device,ResourceApplyGradientDescent,SGD/SGD/update_19/ResourceApplyGradientDescent,2,7.168,3.584,7.168,3.584,0.000223861639515427,0.9878914213583869,0.0,0.0
127,Device,ResourceApplyGradientDescent,SGD/SGD/update_30/ResourceApplyGradientDescent,2,7.168,3.584,7.168,3.584,0.000223861639515427,0.9881152829979023,0.0,0.0
128,Device,ResourceApplyGradientDescent,SGD/SGD/update_32/ResourceApplyGradientDescent,2,7.168,3.584,7.168,3.584,0.000223861639515427,0.9883391446374177,0.0,0.0
129,Device,ResourceApplyGradientDescent,SGD/SGD/update_33/ResourceApplyGradientDescent,2,7.168,3.584,7.168,3.584,0.000223861639515427,0.988563006276933,0.0,0.0
130,Device,ResourceApplyGradientDescent,SGD/SGD/update_38/ResourceApplyGradientDescent,2,7.168,3.584,7.168,3.584,0.000223861639515427,0.9887868679164484,0.0,0.0
131,Device,ResourceApplyGradientDescent,SGD/SGD/update_39/ResourceApplyGradientDescent,2,7.168,3.584,7.168,3.584,0.000223861639515427,0.9890107295559638,0.0,0.0
132,Device,BiasAddGrad,gradient_tape/model/dense/BiasAdd/BiasAddGrad,2,7.168,3.584,7.168,3.584,0.000223861639515427,0.9892345911954792,0.0,0.0
133,Device,ResourceApplyGradientDescent,SGD/SGD/update_26/ResourceApplyGradientDescent,2,6.145,3.0725,6.145,3.0725,0.00019191263599641447,0.9894265038314756,0.0,0.0
134,Device,ResourceApplyGradientDescent,SGD/SGD/update_7/ResourceApplyGradientDescent,2,6.145,3.0725,6.145,3.0725,0.00019191263599641447,0.989618416467472,0.0,0.0
135,Device,AssignAddVariableOp,AssignAddVariableOp,2,6.144,3.072,6.144,3.072,0.00019188140529893745,0.9898102978727709,0.0,0.0
136,Device,AssignAddVariableOp,AssignAddVariableOp_2,2,6.144,3.072,6.144,3.072,0.00019188140529893745,0.9900021792780698,0.0,0.0
137,Device,Equal,Equal,2,6.144,3.072,6.144,3.072,0.00019188140529893745,0.9901940606833687,0.0,0.0
138,Device,AssignAddVariableOp,SGD/SGD/AssignAddVariableOp,2,6.144,3.072,6.144,3.072,0.00019188140529893745,0.9903859420886676,0.0,0.0
139,Device,ResourceApplyGradientDescent,SGD/SGD/update_1/ResourceApplyGradientDescent,2,6.144,3.072,6.144,3.072,0.00019188140529893745,0.9905778234939665,0.0,0.0
140,Device,ResourceApplyGradientDescent,SGD/SGD/update_11/ResourceApplyGradientDescent,2,6.144,3.072,6.144,3.072,0.00019188140529893745,0.9907697048992654,0.0,0.0
141,Device,ResourceApplyGradientDescent,SGD/SGD/update_12/ResourceApplyGradientDescent,2,6.144,3.072,6.144,3.072,0.00019188140529893745,0.9909615863045643,0.0,0.0
142,Device,ResourceApplyGradientDescent,SGD/SGD/update_13/ResourceApplyGradientDescent,2,6.144,3.072,6.144,3.072,0.00019188140529893745,0.9911534677098632,0.0,0.0
143,Device,ResourceApplyGradientDescent,SGD/SGD/update_14/ResourceApplyGradientDescent,2,6.144,3.072,6.144,3.072,0.00019188140529893745,0.9913453491151621,0.0,0.0
144,Device,ResourceApplyGradientDescent,SGD/SGD/update_15/ResourceApplyGradientDescent,2,6.144,3.072,6.144,3.072,0.00019188140529893745,0.991537230520461,0.0,0.0
145,Device,ResourceApplyGradientDescent,SGD/SGD/update_17/ResourceApplyGradientDescent,2,6.144,3.072,6.144,3.072,0.00019188140529893745,0.99172911192576,0.0,0.0
146,Device,ResourceApplyGradientDescent,SGD/SGD/update_18/ResourceApplyGradientDescent,2,6.144,3.072,6.144,3.072,0.00019188140529893745,0.9919209933310589,0.0,0.0
147,Device,ResourceApplyGradientDescent,SGD/SGD/update_2/ResourceApplyGradientDescent,2,6.144,3.072,6.144,3.072,0.00019188140529893745,0.9921128747363578,0.0,0.0
148,Device,ResourceApplyGradientDescent,SGD/SGD/update_20/ResourceApplyGradientDescent,2,6.144,3.072,6.144,3.072,0.00019188140529893745,0.9923047561416567,0.0,0.0
149,Device,ResourceApplyGradientDescent,SGD/SGD/update_21/ResourceApplyGradientDescent,2,6.144,3.072,6.144,3.072,0.00019188140529893745,0.9924966375469556,0.0,0.0
150,Device,ResourceApplyGradientDescent,SGD/SGD/update_22/ResourceApplyGradientDescent,2,6.144,3.072,6.144,3.072,0.00019188140529893745,0.9926885189522545,0.0,0.0
151,Device,ResourceApplyGradientDescent,SGD/SGD/update_23/ResourceApplyGradientDescent,2,6.144,3.072,6.144,3.072,0.00019188140529893745,0.9928804003575534,0.0,0.0
152,Device,ResourceApplyGradientDescent,SGD/SGD/update_24/ResourceApplyGradientDescent,2,6.144,3.072,6.144,3.072,0.00019188140529893745,0.9930722817628523,0.0,0.0
153,Device,ResourceApplyGradientDescent,SGD/SGD/update_25/ResourceApplyGradientDescent,2,6.144,3.072,6.144,3.072,0.00019188140529893745,0.9932641631681512,0.0,0.0
154,Device,ResourceApplyGradientDescent,SGD/SGD/update_27/ResourceApplyGradientDescent,2,6.144,3.072,6.144,3.072,0.00019188140529893745,0.9934560445734502,0.0,0.0
155,Device,ResourceApplyGradientDescent,SGD/SGD/update_29/ResourceApplyGradientDescent,2,6.144,3.072,6.144,3.072,0.00019188140529893745,0.9936479259787491,0.0,0.0
156,Device,ResourceApplyGradientDescent,SGD/SGD/update_3/ResourceApplyGradientDescent,2,6.144,3.072,6.144,3.072,0.00019188140529893745,0.993839807384048,0.0,0.0
157,Device,ResourceApplyGradientDescent,SGD/SGD/update_34/ResourceApplyGradientDescent,2,6.144,3.072,6.144,3.072,0.00019188140529893745,0.9940316887893469,0.0,0.0
158,Device,ResourceApplyGradientDescent,SGD/SGD/update_35/ResourceApplyGradientDescent,2,6.144,3.072,6.144,3.072,0.00019188140529893745,0.9942235701946458,0.0,0.0
159,Device,ResourceApplyGradientDescent,SGD/SGD/update_36/ResourceApplyGradientDescent,2,6.144,3.072,6.144,3.072,0.00019188140529893745,0.9944154515999447,0.0,0.0
160,Device,ResourceApplyGradientDescent,SGD/SGD/update_42/ResourceApplyGradientDescent,2,6.144,3.072,6.144,3.072,0.00019188140529893745,0.9946073330052436,0.0,0.0
161,Device,ResourceApplyGradientDescent,SGD/SGD/update_43/ResourceApplyGradientDescent,2,6.144,3.072,6.144,3.072,0.00019188140529893745,0.9947992144105425,0.0,0.0
162,Device,ResourceApplyGradientDescent,SGD/SGD/update_44/ResourceApplyGradientDescent,2,6.144,3.072,6.144,3.072,0.00019188140529893745,0.9949910958158414,0.0,0.0
163,Device,ResourceApplyGradientDescent,SGD/SGD/update_5/ResourceApplyGradientDescent,2,6.144,3.072,6.144,3.072,0.00019188140529893745,0.9951829772211404,0.0,0.0
164,Device,ResourceApplyGradientDescent,SGD/SGD/update_6/ResourceApplyGradientDescent,2,6.144,3.072,6.144,3.072,0.00019188140529893745,0.9953748586264393,0.0,0.0
165,Device,ResourceApplyGradientDescent,SGD/SGD/update_8/ResourceApplyGradientDescent,2,6.144,3.072,6.144,3.072,0.00019188140529893745,0.9955667400317382,0.0,0.0
166,Device,ResourceApplyGradientDescent,SGD/SGD/update_9/ResourceApplyGradientDescent,2,6.144,3.072,6.144,3.072,0.00019188140529893745,0.9957586214370371,0.0,0.0
167,Device,Sum,categorical_crossentropy/weighted_loss/Sum,2,6.144,3.072,6.144,3.072,0.00019188140529893745,0.995950502842336,0.0,0.0
168,Device,Cast,categorical_crossentropy/weighted_loss/num_elements/Cast,2,6.144,3.072,6.144,3.072,0.00019188140529893745,0.9961423842476349,0.0,0.0
169,Device,Mul,gradient_tape/categorical_crossentropy/softmax_cross_entropy_with_logits/mul,2,6.144,3.072,6.144,3.072,0.00019188140529893745,0.9963342656529338,0.0,0.0
170,Device,Tile,gradient_tape/categorical_crossentropy/weighted_loss/Tile_1,2,6.144,3.072,6.144,3.072,0.00019188140529893745,0.9965261470582327,0.0,0.0
171,Device,BiasAdd,model/dense/BiasAdd,2,6.144,3.072,6.144,3.072,0.00019188140529893745,0.9967180284635316,0.0,0.0
172,Device,AssignAddVariableOp,AssignAddVariableOp_3,2,5.12,2.56,5.12,2.56,0.00015990117108244788,0.9968779296346141,0.0,0.0
173,Device,AssignAddVariableOp,AssignAddVariableOp_4,2,5.12,2.56,5.12,2.56,0.00015990117108244788,0.9970378308056965,0.0,0.0
174,Device,Cast,Cast,2,5.12,2.56,5.12,2.56,0.00015990117108244788,0.997197731976779,0.0,0.0
175,Device,Cast,Cast_2,2,5.12,2.56,5.12,2.56,0.00015990117108244788,0.9973576331478614,0.0,0.0
176,Device,Mul,Mul,2,5.12,2.56,5.12,2.56,0.00015990117108244788,0.9975175343189439,0.0,0.0
177,Device,ResourceApplyGradientDescent,SGD/SGD/update_31/ResourceApplyGradientDescent,2,5.12,2.56,5.12,2.56,0.00015990117108244788,0.9976774354900263,0.0,0.0
178,Device,ResourceApplyGradientDescent,SGD/SGD/update_37/ResourceApplyGradientDescent,2,5.12,2.56,5.12,2.56,0.00015990117108244788,0.9978373366611087,0.0,0.0
179,Device,ResourceApplyGradientDescent,SGD/SGD/update_41/ResourceApplyGradientDescent,2,5.12,2.56,5.12,2.56,0.00015990117108244788,0.9979972378321912,0.0,0.0
180,Device,ResourceApplyGradientDescent,SGD/SGD/update_45/ResourceApplyGradientDescent,2,5.12,2.56,5.12,2.56,0.00015990117108244788,0.9981571390032736,0.0,0.0
181,Device,Sum,Sum_2,2,5.12,2.56,5.12,2.56,0.00015990117108244788,0.9983170401743561,0.0,0.0
182,Device,DivNoNan,div_no_nan,2,5.12,2.56,5.12,2.56,0.00015990117108244788,0.9984769413454385,0.0,0.0
183,Device,DivNoNan,div_no_nan_1,2,5.12,2.56,5.12,2.56,0.00015990117108244788,0.998636842516521,0.0,0.0
184,Device,_Recv,gradient_tape/model/GAP/ones/_16,2,4.672,2.336,4.672,2.336,0.00014590981861273367,0.9987827523351337,0.0,0.0
185,Device,AssignAddVariableOp,AssignAddVariableOp_1,2,4.096,2.048,4.096,2.048,0.0001279209368659583,0.9989106732719997,0.0,0.0
186,Device,Cast,Cast_1,2,4.096,2.048,4.096,2.048,0.0001279209368659583,0.9990385942088656,0.0,0.0
187,Device,DivNoNan,categorical_crossentropy/weighted_loss/value,2,4.096,2.048,4.096,2.048,0.0001279209368659583,0.9991665151457316,0.0,0.0
188,Device,DivNoNan,gradient_tape/categorical_crossentropy/weighted_loss/value/div_no_nan,2,4.096,2.048,4.096,2.048,0.0001279209368659583,0.9992944360825976,0.0,0.0
189,Device,Cast,gradient_tape/model/GAP/Cast,2,4.096,2.048,4.096,2.048,0.0001279209368659583,0.9994223570194636,0.0,0.0
190,Device,_Recv,categorical_crossentropy/weighted_loss/num_elements/_20,2,3.968,1.984,3.968,1.984,0.00012392340758889708,0.9995462804270525,0.0,0.0
191,Device,_Recv,gradient_tape/model/GAP/floordiv/_18,2,3.168,1.584,3.168,1.584,9.893884960726462e-05,0.9996452192766597,0.0,0.0
192,Device,_HostRecv,gradient_tape/model/GAP/DynamicStitch/_24,2,3.136,1.568,3.136,1.568,9.793946728799932e-05,0.9997431587439477,0.0,0.0
193,Device,LogicalAnd,LogicalAnd,1,3.072,3.072,3.072,3.072,9.594070264946873e-05,0.9998390994465972,0.0,0.0
194,Device,_Recv,gradient_tape/model/GAP/Shape-0-1-DataFormatVecPermuteNCHWToNHWC-LayoutOptimizer/_14,2,1.952,0.976,1.952,0.976,6.096232147518325e-05,0.9999000617680724,0.0,0.0
195,Device,_Recv,Size/_22,2,1.6,0.8,1.6,0.8,4.996911596326496e-05,0.9999500308840357,0.0,0.0
196,Device,_Recv,strided_slice/_12,2,1.6,0.8,1.6,0.8,4.996911596326496e-05,0.9999999999999989,0.0,0.0
197,Host,IDLE,IDLE,0,97814.571,0.0,97814.571,0.0,0.0,0.0,0.9201962759089328,0.9201962759089328
198,Host,GatherV2,GatherV2,2,8049.74,4024.87,8049.74,4024.87,0.0,0.0,0.07572839807307617,0.995924673982009
199,Host,GatherV2,GatherV2_1,2,89.682,44.841,89.682,44.841,0.0,0.0,0.0008436886403771573,0.9967683626223862
200,Host,Dataset,Iterator::Root::ParallelMapV2::Zip[1]::ForeverRepeat,2,55.661,27.8305,51.851,25.9255,0.0,0.0,0.00048779130363056113,0.9972561539260167
201,Host,FlushSummaryWriter,FlushSummaryWriter,1,50.611,50.611,50.611,50.611,0.0,0.0,0.0004761259313811947,0.997732279857398
202,Host,Dataset,Iterator::Root::ParallelMapV2,2,44.13,22.065,44.13,22.065,0.0,0.0,0.00041515554626172423,0.9981474354036597
203,Host,IteratorGetNext,IteratorGetNext,2,39.591,19.7955,39.591,19.7955,0.0,0.0,0.0003724546392940839,0.9985198900429537
204,Host,LogicalAnd,LogicalAnd,1,30.811,30.811,30.811,30.811,0.0,0.0,0.00028985627772195753,0.9988097463206757
205,Host,Dataset,Iterator::Root,2,73.86,36.93,29.73,14.865,0.0,0.0,0.0002796867072368244,0.9990894330279124
206,Host,Dataset,Iterator::Root::ParallelMapV2::Zip[0]::FlatMap[1]::Concatenate[0]::TensorSlice,2,20.87,10.435,20.87,10.435,0.0,0.0,0.00019633574100344855,0.9992857687689158
207,Host,WriteSummary,WriteSummary,1,20.151,20.151,20.151,20.151,0.0,0.0,0.00018957170661046917,0.9994753404755263
208,Host,Dataset,Iterator::Root::ParallelMapV2::Zip[0]::FlatMap[1]::Concatenate,2,35.44,17.72,14.57,7.285,0.0,0.0,0.00013706812393005487,0.9996124085994564
209,Host,Dataset,Iterator::Root::ParallelMapV2::Zip,2,106.631,53.3155,10.48,5.24,0.0,0.0,9.859121062367709e-05,0.9997109998100802
210,Host,ReadVariableOp,ReadVariableOp,1,7.06,7.06,7.06,7.06,0.0,0.0,6.641736135526338e-05,0.9997774171714354
211,Host,_Send,IteratorGetNext/_3,2,5.38,2.69,5.38,2.69,0.0,0.0,5.061266346902507e-05,0.9998280298349045
212,Host,Dataset,Iterator::Root::ParallelMapV2::Zip[0]::FlatMap,2,40.49,20.245,5.05,2.525,0.0,0.0,4.7508169241371114e-05,0.9998755380041459
213,Host,Dataset,Iterator::Root::ParallelMapV2::Zip[1]::ForeverRepeat::FromTensor,4,3.81,0.9525,3.81,0.9525,0.0,0.0,3.584279699200474e-05,0.9999113808011378
214,Host,Identity,Identity,2,2.84,1.42,2.84,1.42,0.0,0.0,2.671746547435524e-05,0.9999380982666122
215,Host,_HostSend,categorical_crossentropy/softmax_cross_entropy_with_logits/Shape_2/_9,2,2.58,1.29,2.58,1.29,0.0,0.0,2.427150032529455e-05,0.9999623697669374
216,Host,_Send,IteratorGetNext/_1,2,2.36,1.18,2.36,1.18,0.0,0.0,2.220183750685858e-05,0.9999845716044443
217,Host,_Send,IteratorGetNext/_6,2,1.64,0.82,1.64,0.82,0.0,0.0,1.542839555561359e-05,0.9999999999999999
