Rank,Host/device,Type,Operation,#Occurrences,Total time (us),Avg. time (us),Total self-time (us),Avg. self-time (us),Total self-time on Device (%),Cumulative total-self time on Device (%),Total self-time on Host (%),Cumulative total-self time on Host (%)
1,Device,IDLE,IDLE,0,6816.963,0.0,6816.963,0.0,0.8242182186706207,0.8242182186706207,0.0,0.0
2,Device,_Send,IteratorGetNext/_1,2,243.585,121.7925,243.585,121.7925,0.029451119918779547,0.8536693385894003,0.0,0.0
3,Device,Conv2DBackpropFilter,gradient_tape/sequential/conv2d/Conv2D/Conv2DBackpropFilter,4,174.08,43.52,174.08,43.52,0.021047482215494153,0.8747168208048944,0.0,0.0
4,Device,_FusedConv2D,sequential/conv2d/Relu,2,119.808,59.904,119.808,59.904,0.014485620113016564,0.889202440917911,0.0,0.0
5,Device,SoftmaxCrossEntropyWithLogits,categorical_crossentropy/softmax_cross_entropy_with_logits,2,93.184,46.592,93.184,46.592,0.011266593421235104,0.9004690343391462,0.0,0.0
6,Device,Conv2DBackpropInput,gradient_tape/sequential/conv2d_1/Conv2D/Conv2DBackpropInput,2,89.088,44.544,89.088,44.544,0.010771358545576419,0.9112403928847226,0.0,0.0
7,Device,Conv2DBackpropFilter,gradient_tape/sequential/conv2d_1/Conv2D/Conv2DBackpropFilter,4,84.992,21.248,84.992,21.248,0.010276123669917734,0.9215165165546403,0.0,0.0
8,Device,_FusedConv2D,sequential/conv2d_1/Relu,2,47.104,23.552,47.104,23.552,0.005695201070074888,0.9272117176247152,0.0,0.0
9,Device,Transpose,gradient_tape/sequential/conv2d/Conv2D/Conv2DBackpropFilter-0-TransposeNHWCToNCHW-LayoutOptimizer,2,27.648,13.824,27.648,13.824,0.00334283541069613,0.9305545530354113,0.0,0.0
10,Device,BiasAddGrad,gradient_tape/sequential/conv2d/BiasAdd/BiasAddGrad,2,26.624,13.312,26.624,13.312,0.0032190266917814583,0.9337735797271928,0.0,0.0
11,Device,MaxPoolGrad,gradient_tape/sequential/max_pooling2d/MaxPool/MaxPoolGrad,2,25.6,12.8,25.6,12.8,0.0030952179728667875,0.9368687977000596,0.0,0.0
12,Device,MatMul,sequential/dense_1/MatMul,2,24.576,12.288,24.576,12.288,0.002971409253952116,0.9398402069540117,0.0,0.0
13,Device,MatMul,sequential/dense/MatMul,2,23.552,11.776,23.552,11.776,0.002847600535037444,0.9426878074890491,0.0,0.0
14,Device,Softmax,sequential/dense_2/Softmax,2,20.48,10.24,20.48,10.24,0.00247617437829343,0.9451639818673425,0.0,0.0
15,Device,MatMul,gradient_tape/sequential/dense/MatMul/MatMul_1,2,16.384,8.192,16.384,8.192,0.001980939502634744,0.9471449213699773,0.0,0.0
16,Device,MaxPoolGrad,gradient_tape/sequential/max_pooling2d_1/MaxPool/MaxPoolGrad,2,16.384,8.192,16.384,8.192,0.001980939502634744,0.9491258608726121,0.0,0.0
17,Device,MatMul,gradient_tape/sequential/dense/MatMul/MatMul,2,14.336,7.168,14.336,7.168,0.0017333220648054009,0.9508591829374174,0.0,0.0
18,Device,MatMul,gradient_tape/sequential/dense_1/MatMul/MatMul_1,2,14.336,7.168,14.336,7.168,0.0017333220648054009,0.9525925050022228,0.0,0.0
19,Device,MatMul,gradient_tape/sequential/dense_2/MatMul/MatMul_1,2,14.336,7.168,14.336,7.168,0.0017333220648054009,0.9543258270670282,0.0,0.0
20,Device,MatMul,gradient_tape/sequential/dense_1/MatMul/MatMul,2,13.312,6.656,13.312,6.656,0.0016095133458907292,0.9559353404129189,0.0,0.0
21,Device,MatMul,sequential/dense_2/MatMul,2,13.312,6.656,13.312,6.656,0.0016095133458907292,0.9575448537588097,0.0,0.0
22,Device,BiasAddGrad,gradient_tape/sequential/dense_2/BiasAdd/BiasAddGrad,2,12.288,6.144,12.288,6.144,0.001485704626976058,0.9590305583857858,0.0,0.0
23,Device,MaxPool,sequential/max_pooling2d/MaxPool,2,12.288,6.144,12.288,6.144,0.001485704626976058,0.9605162630127618,0.0,0.0
24,Device,BiasAddGrad,gradient_tape/sequential/conv2d_1/BiasAdd/BiasAddGrad,2,10.241,5.1205,10.241,5.1205,0.00123820809609878,0.9617544711088606,0.0,0.0
25,Device,ReluGrad,gradient_tape/sequential/conv2d/ReluGrad,2,10.24,5.12,10.24,5.12,0.001238087189146715,0.9629925582980073,0.0,0.0
26,Device,MatMul,gradient_tape/sequential/dense_2/MatMul/MatMul,2,10.24,5.12,10.24,5.12,0.001238087189146715,0.9642306454871541,0.0,0.0
27,Device,MaxPool,sequential/max_pooling2d_1/MaxPool,2,9.216,4.608,9.216,4.608,0.0011142784702320432,0.9653449239573861,0.0,0.0
28,Device,ArgMax,ArgMax,2,8.192,4.096,8.192,4.096,0.000990469751317372,0.9663353937087035,0.0,0.0
29,Device,ResourceApplyGradientDescent,SGD/SGD/update_2/ResourceApplyGradientDescent,2,8.192,4.096,8.192,4.096,0.000990469751317372,0.9673258634600208,0.0,0.0
30,Device,ResourceApplyGradientDescent,SGD/SGD/update_6/ResourceApplyGradientDescent,2,8.192,4.096,8.192,4.096,0.000990469751317372,0.9683163332113381,0.0,0.0
31,Device,ReluGrad,gradient_tape/sequential/conv2d_1/ReluGrad,2,8.192,4.096,8.192,4.096,0.000990469751317372,0.9693068029626555,0.0,0.0
32,Device,ResourceApplyGradientDescent,SGD/SGD/update/ResourceApplyGradientDescent,2,7.169,3.5845,7.169,3.5845,0.0008667819393547655,0.9701735849020102,0.0,0.0
33,Device,ArgMax,ArgMax_1,2,7.168,3.584,7.168,3.584,0.0008666610324027004,0.971040245934413,0.0,0.0
34,Device,ResourceApplyGradientDescent,SGD/SGD/update_4/ResourceApplyGradientDescent,2,7.168,3.584,7.168,3.584,0.0008666610324027004,0.9719069069668157,0.0,0.0
35,Device,Sum,categorical_crossentropy/weighted_loss/Sum,2,7.168,3.584,7.168,3.584,0.0008666610324027004,0.9727735679992184,0.0,0.0
36,Device,Transpose,gradient_tape/sequential/max_pooling2d_1/MaxPool/MaxPoolGrad-2-TransposeNHWCToNCHW-LayoutOptimizer,2,7.168,3.584,7.168,3.584,0.0008666610324027004,0.9736402290316212,0.0,0.0
37,Device,AssignAddVariableOp,AssignAddVariableOp_1,2,6.144,3.072,6.144,3.072,0.000742852313488029,0.9743830813451092,0.0,0.0
38,Device,AssignAddVariableOp,AssignAddVariableOp_2,2,6.144,3.072,6.144,3.072,0.000742852313488029,0.9751259336585972,0.0,0.0
39,Device,AssignAddVariableOp,AssignAddVariableOp_3,2,6.144,3.072,6.144,3.072,0.000742852313488029,0.9758687859720853,0.0,0.0
40,Device,AssignAddVariableOp,AssignAddVariableOp_4,2,6.144,3.072,6.144,3.072,0.000742852313488029,0.9766116382855733,0.0,0.0
41,Device,Cast,Cast,2,6.144,3.072,6.144,3.072,0.000742852313488029,0.9773544905990613,0.0,0.0
42,Device,Cast,Cast_1,2,6.144,3.072,6.144,3.072,0.000742852313488029,0.9780973429125494,0.0,0.0
43,Device,Equal,Equal,2,6.144,3.072,6.144,3.072,0.000742852313488029,0.9788401952260374,0.0,0.0
44,Device,ResourceApplyGradientDescent,SGD/SGD/update_1/ResourceApplyGradientDescent,2,6.144,3.072,6.144,3.072,0.000742852313488029,0.9795830475395254,0.0,0.0
45,Device,ResourceApplyGradientDescent,SGD/SGD/update_3/ResourceApplyGradientDescent,2,6.144,3.072,6.144,3.072,0.000742852313488029,0.9803258998530134,0.0,0.0
46,Device,ResourceApplyGradientDescent,SGD/SGD/update_7/ResourceApplyGradientDescent,2,6.144,3.072,6.144,3.072,0.000742852313488029,0.9810687521665015,0.0,0.0
47,Device,ResourceApplyGradientDescent,SGD/SGD/update_8/ResourceApplyGradientDescent,2,6.144,3.072,6.144,3.072,0.000742852313488029,0.9818116044799895,0.0,0.0
48,Device,ResourceApplyGradientDescent,SGD/SGD/update_9/ResourceApplyGradientDescent,2,6.144,3.072,6.144,3.072,0.000742852313488029,0.9825544567934775,0.0,0.0
49,Device,Cast,categorical_crossentropy/weighted_loss/num_elements/Cast,2,6.144,3.072,6.144,3.072,0.000742852313488029,0.9832973091069656,0.0,0.0
50,Device,DivNoNan,div_no_nan,2,6.144,3.072,6.144,3.072,0.000742852313488029,0.9840401614204536,0.0,0.0
51,Device,Mul,gradient_tape/categorical_crossentropy/softmax_cross_entropy_with_logits/mul,2,6.144,3.072,6.144,3.072,0.000742852313488029,0.9847830137339416,0.0,0.0
52,Device,Tile,gradient_tape/categorical_crossentropy/weighted_loss/Tile_1,2,6.144,3.072,6.144,3.072,0.000742852313488029,0.9855258660474296,0.0,0.0
53,Device,DivNoNan,gradient_tape/categorical_crossentropy/weighted_loss/value/div_no_nan,2,6.144,3.072,6.144,3.072,0.000742852313488029,0.9862687183609177,0.0,0.0
54,Device,BiasAddGrad,gradient_tape/sequential/dense/BiasAdd/BiasAddGrad,2,6.144,3.072,6.144,3.072,0.000742852313488029,0.9870115706744057,0.0,0.0
55,Device,BiasAddGrad,gradient_tape/sequential/dense_1/BiasAdd/BiasAddGrad,2,6.144,3.072,6.144,3.072,0.000742852313488029,0.9877544229878937,0.0,0.0
56,Device,ReluGrad,gradient_tape/sequential/dense_1/ReluGrad,2,6.144,3.072,6.144,3.072,0.000742852313488029,0.9884972753013818,0.0,0.0
57,Device,BiasAdd,sequential/dense/BiasAdd,2,6.144,3.072,6.144,3.072,0.000742852313488029,0.9892401276148698,0.0,0.0
58,Device,BiasAdd,sequential/dense_2/BiasAdd,2,6.144,3.072,6.144,3.072,0.000742852313488029,0.9899829799283578,0.0,0.0
59,Device,Transpose,sequential/max_pooling2d_1/MaxPool-0-2-TransposeNCHWToNHWC-LayoutOptimizer,2,6.144,3.072,6.144,3.072,0.000742852313488029,0.9907258322418458,0.0,0.0
60,Device,AssignAddVariableOp,AssignAddVariableOp,2,5.12,2.56,5.12,2.56,0.0006190435945733575,0.9913448758364192,0.0,0.0
61,Device,Cast,Cast_2,2,5.12,2.56,5.12,2.56,0.0006190435945733575,0.9919639194309925,0.0,0.0
62,Device,Mul,Mul,2,5.12,2.56,5.12,2.56,0.0006190435945733575,0.9925829630255658,0.0,0.0
63,Device,AssignAddVariableOp,SGD/SGD/AssignAddVariableOp,2,5.12,2.56,5.12,2.56,0.0006190435945733575,0.9932020066201391,0.0,0.0
64,Device,ResourceApplyGradientDescent,SGD/SGD/update_5/ResourceApplyGradientDescent,2,5.12,2.56,5.12,2.56,0.0006190435945733575,0.9938210502147125,0.0,0.0
65,Device,Sum,Sum_2,2,5.12,2.56,5.12,2.56,0.0006190435945733575,0.9944400938092858,0.0,0.0
66,Device,DivNoNan,categorical_crossentropy/weighted_loss/value,2,5.12,2.56,5.12,2.56,0.0006190435945733575,0.9950591374038591,0.0,0.0
67,Device,DivNoNan,div_no_nan_1,2,5.12,2.56,5.12,2.56,0.0006190435945733575,0.9956781809984324,0.0,0.0
68,Device,ReluGrad,gradient_tape/sequential/dense/ReluGrad,2,5.12,2.56,5.12,2.56,0.0006190435945733575,0.9962972245930057,0.0,0.0
69,Device,Relu,sequential/dense/Relu,2,5.12,2.56,5.12,2.56,0.0006190435945733575,0.9969162681875791,0.0,0.0
70,Device,BiasAdd,sequential/dense_1/BiasAdd,2,5.12,2.56,5.12,2.56,0.0006190435945733575,0.9975353117821524,0.0,0.0
71,Device,Relu,sequential/dense_1/Relu,2,5.12,2.56,5.12,2.56,0.0006190435945733575,0.9981543553767257,0.0,0.0
72,Device,_Recv,categorical_crossentropy/weighted_loss/num_elements/_14,2,5.024,2.512,5.024,2.512,0.000607436527175107,0.9987617919039008,0.0,0.0
73,Device,_Send,IteratorGetNext/_3,2,3.072,1.536,3.072,1.536,0.0003714261567440145,0.9991332180606448,0.0,0.0
74,Device,LogicalAnd,LogicalAnd,1,3.072,3.072,3.072,3.072,0.0003714261567440145,0.9995046442173888,0.0,0.0
75,Device,_Recv,Size/_16,2,2.049,1.0245,2.049,1.0245,0.0002477383447814081,0.9997523825621702,0.0,0.0
76,Device,_Recv,strided_slice/_12,2,2.048,1.024,2.048,1.024,0.000247617437829343,0.9999999999999996,0.0,0.0
77,Host,IDLE,IDLE,0,33450.569,0.0,33450.569,0.0,0.0,0.0,0.9356739179555765,0.9356739179555765
78,Host,_Send,IteratorGetNext/_1,2,763.798,381.899,763.798,381.899,0.0,0.0,0.021364834397484638,0.9570387523530611
79,Host,_Send,IteratorGetNext/_3,2,661.907,330.9535,661.907,330.9535,0.0,0.0,0.018514755788226554,0.9755535081412877
80,Host,GatherV2,GatherV2,2,389.774,194.887,389.774,194.887,0.0,0.0,0.010902695427907873,0.9864562035691956
81,Host,_Send,IteratorGetNext/_6,2,121.771,60.8855,121.771,60.8855,0.0,0.0,0.0034061587611071277,0.9898623623303028
82,Host,Dataset,Iterator::Root::ParallelMapV2::Zip[1]::ForeverRepeat,2,46.79,23.395,43.12,21.56,0.0,0.0,0.001206145681475387,0.9910685080117781
83,Host,Dataset,Iterator::Root::ParallelMapV2,2,40.87,20.435,40.87,20.435,0.0,0.0,0.001143209044570943,0.9922117170563491
84,Host,FlushSummaryWriter,FlushSummaryWriter,1,37.221,37.221,37.221,37.221,0.0,0.0,0.001041139805431247,0.9932528568617804
85,Host,GatherV2,GatherV2_1,2,32.86,16.43,32.86,16.43,0.0,0.0,0.0009191546171911228,0.9941720114789716
86,Host,Dataset,Iterator::Root::ParallelMapV2::Zip[0]::FlatMap[1]::Concatenate,2,51.461,25.7305,31.22,15.61,0.0,0.0,0.0008732808018474393,0.9950452922808191
87,Host,LogicalAnd,LogicalAnd,1,30.06,30.06,30.06,30.06,0.0,0.0,0.0008408334690433704,0.9958861257498625
88,Host,IteratorGetNext,IteratorGetNext,2,29.82,14.91,29.82,14.91,0.0,0.0,0.0008341202277735631,0.996720245977636
89,Host,Dataset,Iterator::Root,2,70.32,35.16,29.45,14.725,0.0,0.0,0.0008237706474826101,0.9975440166251186
90,Host,_HostSend,categorical_crossentropy/softmax_cross_entropy_with_logits/Shape_2/_9,2,20.8,10.4,20.8,10.4,0.0,0.0,0.0005818142433833036,0.9981258308685019
91,Host,Dataset,Iterator::Root::ParallelMapV2::Zip[0]::FlatMap[1]::Concatenate[0]::TensorSlice,2,20.241,10.1205,20.241,10.1205,0.0,0.0,0.0005661779855923773,0.9986920088540943
92,Host,WriteSummary,WriteSummary,1,20.131,20.131,20.131,20.131,0.0,0.0,0.0005631010833437156,0.9992551099374379
93,Host,Dataset,Iterator::Root::ParallelMapV2::Zip,2,112.571,56.2855,10.0,5.0,0.0,0.0,0.00027971838624197285,0.9995348283236799
94,Host,ReadVariableOp,ReadVariableOp,1,6.19,6.19,6.19,6.19,0.0,0.0,0.0001731456810837812,0.9997079740047636
95,Host,Dataset,Iterator::Root::ParallelMapV2::Zip[0]::FlatMap,2,55.781,27.8905,4.32,2.16,0.0,0.0,0.00012083834285653228,0.9998288123476201
96,Host,Dataset,Iterator::Root::ParallelMapV2::Zip[1]::ForeverRepeat::FromTensor,4,3.67,0.9175,3.67,0.9175,0.0,0.0,0.00010265664775080405,0.9999314689953709
97,Host,Identity,Identity,2,2.45,1.225,2.45,1.225,0.0,0.0,6.853100462928335e-05,1.0000000000000002
