Rank,Host/device,Type,Operation,#Occurrences,Total time (us),Avg. time (us),Total self-time (us),Avg. self-time (us),Total self-time on Device (%),Cumulative total-self time on Device (%),Total self-time on Host (%),Cumulative total-self time on Host (%)
1,Device,IDLE,IDLE,0,5891.227,0.0,5891.227,0.0,0.05801408777115469,0.05801408777115469,0.0,0.0
2,Device,_Recv,IteratorGetNext/_2,2,4875.608,2437.804,4875.608,2437.804,0.04801274003696412,0.10602682780811881,0.0,0.0
3,Device,Conv2DBackpropFilter,gradient_tape/model/conv2d/Conv2D/Conv2DBackpropFilter,2,3094.64,1547.32,3094.64,1547.32,0.03047458815966965,0.13650141596778848,0.0,0.0
4,Device,FusedBatchNormGradV3,gradient_tape/model/batch_normalization/FusedBatchNormGradV3,2,2917.23,1458.615,2917.23,1458.615,0.02872753626174065,0.16522895222952913,0.0,0.0
5,Device,Conv2D,model/conv2d/Conv2D,2,1986.986,993.493,1986.986,993.493,0.01956692217157064,0.18479587440109976,0.0,0.0
6,Device,MaxPoolGrad,gradient_tape/model/max_pooling2d/MaxPool/MaxPoolGrad,2,1863.946,931.973,1863.946,931.973,0.018355280970278807,0.20315115537137857,0.0,0.0
7,Device,Conv2DBackpropFilter,gradient_tape/model/conv2d_1/Conv2D/Conv2DBackpropFilter,4,1791.464,447.866,1791.464,447.866,0.017641511646871503,0.22079266701825007,0.0,0.0
8,Device,Conv2DBackpropFilter,gradient_tape/model/conv2d_4/Conv2D/Conv2DBackpropFilter,4,1788.36,447.09,1788.36,447.09,0.017610944885746584,0.23840361190399664,0.0,0.0
9,Device,Conv2DBackpropFilter,gradient_tape/model/conv2d_3/Conv2D/Conv2DBackpropFilter,4,1786.057,446.51425,1786.057,446.51425,0.017588266003378452,0.2559918779073751,0.0,0.0
10,Device,Conv2DBackpropFilter,gradient_tape/model/conv2d_2/Conv2D/Conv2DBackpropFilter,4,1785.448,446.362,1785.448,446.362,0.017582268852113933,0.27357414675948905,0.0,0.0
11,Device,Conv2DBackpropInput,gradient_tape/model/conv2d_15/Conv2D/Conv2DBackpropInput,2,1773.096,886.548,1773.096,886.548,0.017460632050111682,0.2910347788096007,0.0,0.0
12,Device,ReluGrad,gradient_tape/model/activation/ReluGrad,2,1741.096,870.548,1741.096,870.548,0.017145510801401195,0.3081802896110019,0.0,0.0
13,Device,FusedBatchNormV3,model/batch_normalization/FusedBatchNormV3,4,1740.392,435.098,1740.392,435.098,0.017138578133929563,0.32531886774493146,0.0,0.0
14,Device,Conv2DBackpropInput,gradient_tape/model/conv2d_5/Conv2D/Conv2DBackpropInput,2,1368.968,684.484,1368.968,684.484,0.013480965800146913,0.33879983354507837,0.0,0.0
15,Device,Conv2DBackpropFilter,gradient_tape/model/conv2d_16/Conv2D/Conv2DBackpropFilter,2,1272.422,636.211,1272.422,636.211,0.012530225297709321,0.3513300588427877,0.0,0.0
16,Device,Conv2DBackpropFilter,gradient_tape/model/conv2d_5/Conv2D/Conv2DBackpropFilter,4,1263.142,315.7855,1263.142,315.7855,0.01243884013558328,0.36376889897837095,0.0,0.0
17,Device,Conv2DBackpropFilter,gradient_tape/model/conv2d_18/Conv2D/Conv2DBackpropFilter,2,1255.686,627.843,1255.686,627.843,0.012365416884633735,0.37613431586300466,0.0,0.0
18,Device,Conv2DBackpropFilter,gradient_tape/model/conv2d_19/Conv2D/Conv2DBackpropFilter,2,1246.342,623.171,1246.342,623.171,0.012273401480010274,0.38840771734301494,0.0,0.0
19,Device,BiasAdd,model/conv2d/BiasAdd,2,1196.518,598.259,1196.518,598.259,0.011782757695768042,0.40019047503878297,0.0,0.0
20,Device,Relu,model/activation/Relu,2,1100.614,550.307,1100.614,550.307,0.010838339313382704,0.41102881435216565,0.0,0.0
21,Device,Conv2DBackpropFilter,gradient_tape/model/conv2d_6/Conv2D/Conv2DBackpropFilter,2,1090.534,545.267,1090.534,545.267,0.010739076120038901,0.42176789047220453,0.0,0.0
22,Device,Conv2DBackpropFilter,gradient_tape/model/conv2d_9/Conv2D/Conv2DBackpropFilter,2,1080.421,540.2105,1080.421,540.2105,0.010639487957907364,0.4324073784301119,0.0,0.0
23,Device,Conv2DBackpropFilter,gradient_tape/model/conv2d_8/Conv2D/Conv2DBackpropFilter,2,1076.164,538.082,1076.164,538.082,0.010597566984289845,0.4430049454144017,0.0,0.0
24,Device,Conv2D,model/conv2d_5/Conv2D,4,1029.734,257.4335,1029.734,257.4335,0.01014034574748897,0.4531452911618907,0.0,0.0
25,Device,Conv2DBackpropInput,gradient_tape/model/conv2d_10/Conv2D/Conv2DBackpropInput,2,992.773,496.3865,992.773,496.3865,0.009776370857689334,0.46292166201958,0.0,0.0
26,Device,Conv2DBackpropInput,gradient_tape/model/conv2d_1/Conv2D/Conv2DBackpropInput,2,945.317,472.6585,945.317,472.6585,0.009309046045851678,0.4722307080654317,0.0,0.0
27,Device,Conv2DBackpropInput,gradient_tape/model/conv2d_3/Conv2D/Conv2DBackpropInput,2,942.246,471.123,942.246,471.123,0.009278804253514492,0.48150951231894623,0.0,0.0
28,Device,Conv2DBackpropInput,gradient_tape/model/conv2d_4/Conv2D/Conv2DBackpropInput,2,941.924,470.962,941.924,470.962,0.009275633345949342,0.49078514566489556,0.0,0.0
29,Device,Conv2DBackpropInput,gradient_tape/model/conv2d_2/Conv2D/Conv2DBackpropInput,2,941.126,470.563,941.126,470.563,0.009267775009809624,0.5000529206747052,0.0,0.0
30,Device,Conv2D,model/conv2d_1/Conv2D,2,932.966,466.483,932.966,466.483,0.009187419091388451,0.5092403397660936,0.0,0.0
31,Device,Conv2D,model/conv2d_3/Conv2D,2,931.525,465.7625,931.525,465.7625,0.009173228787657457,0.5184135685537511,0.0,0.0
32,Device,Conv2D,model/conv2d_2/Conv2D,2,930.789,465.3945,930.789,465.3945,0.009165980998937114,0.5275795495526882,0.0,0.0
33,Device,Conv2D,model/conv2d_4/Conv2D,2,930.789,465.3945,930.789,465.3945,0.009165980998937114,0.5367455305516252,0.0,0.0
34,Device,Conv2DBackpropFilter,gradient_tape/model/conv2d_15/Conv2D/Conv2DBackpropFilter,2,921.188,460.594,921.188,460.594,0.009071434776784945,0.5458169653284102,0.0,0.0
35,Device,Conv2DBackpropFilter,gradient_tape/model/conv2d_10/Conv2D/Conv2DBackpropFilter,4,900.005,225.00125,900.005,225.00125,0.008862834357677624,0.5546797996860878,0.0,0.0
36,Device,Conv2DBackpropInput,gradient_tape/model/conv2d_6/Conv2D/Conv2DBackpropInput,4,830.436,207.609,830.436,207.609,0.008177750915442,0.5628575506015299,0.0,0.0
37,Device,Conv2DBackpropInput,gradient_tape/model/conv2d_8/Conv2D/Conv2DBackpropInput,4,808.1,202.025,808.1,202.025,0.007957796283842076,0.5708153468853719,0.0,0.0
38,Device,Conv2DBackpropInput,gradient_tape/model/conv2d_9/Conv2D/Conv2DBackpropInput,4,803.204,200.801,803.204,200.801,0.007909582732789371,0.5787249296181614,0.0,0.0
39,Device,FusedBatchNormGradV3,gradient_tape/model/batch_normalization_2/FusedBatchNormGradV3,2,730.308,365.154,730.308,365.154,0.007191736528226877,0.5859166661463883,0.0,0.0
40,Device,FusedBatchNormGradV3,gradient_tape/model/batch_normalization_3/FusedBatchNormGradV3,2,727.875,363.9375,727.875,363.9375,0.007167777465785858,0.5930844436121742,0.0,0.0
41,Device,FusedBatchNormGradV3,gradient_tape/model/batch_normalization_1/FusedBatchNormGradV3,2,727.62,363.81,727.62,363.81,0.007165266343335196,0.6002497099555093,0.0,0.0
42,Device,FusedBatchNormGradV3,gradient_tape/model/batch_normalization_4/FusedBatchNormGradV3,2,726.372,363.186,726.372,363.186,0.007152976614635487,0.6074026865701447,0.0,0.0
43,Device,Conv2DBackpropInput,gradient_tape/model/conv2d_19/Conv2D/Conv2DBackpropInput,4,698.212,174.553,698.212,174.553,0.006875669915770256,0.614278356485915,0.0,0.0
44,Device,Conv2D,model/conv2d_19/Conv2D,4,697.795,174.44875,697.795,174.44875,0.006871563491997997,0.621149919977913,0.0,0.0
45,Device,Conv2DBackpropInput,gradient_tape/model/conv2d_18/Conv2D/Conv2DBackpropInput,4,697.252,174.313,697.252,174.313,0.006866216278308941,0.628016136256222,0.0,0.0
46,Device,Conv2DBackpropInput,gradient_tape/model/conv2d_16/Conv2D/Conv2DBackpropInput,4,695.843,173.96075,695.843,173.96075,0.006852341095826657,0.6348684773520487,0.0,0.0
47,Device,Conv2D,model/conv2d_16/Conv2D,4,695.555,173.88875,695.555,173.88875,0.006849505004588263,0.6417179823566369,0.0,0.0
48,Device,Conv2D,model/conv2d_18/Conv2D,4,695.235,173.80875,695.235,173.80875,0.0068463537921011584,0.6485643361487381,0.0,0.0
49,Device,Conv2DBackpropFilter,gradient_tape/model/conv2d_13/Conv2D/Conv2DBackpropFilter,2,682.339,341.1695,682.339,341.1695,0.006719359928870832,0.655283696077609,0.0,0.0
50,Device,Conv2DBackpropFilter,gradient_tape/model/conv2d_14/Conv2D/Conv2DBackpropFilter,2,682.307,341.1535,682.307,341.1535,0.006719044807622121,0.662002740885231,0.0,0.0
51,Device,MaxPool,model/max_pooling2d/MaxPool,2,678.85,339.425,678.85,339.425,0.006685001865222366,0.6686877427504534,0.0,0.0
52,Device,Conv2D,model/conv2d_8/Conv2D,4,671.939,167.98475,671.939,167.98475,0.006616945523039922,0.6753046882734933,0.0,0.0
53,Device,Conv2D,model/conv2d_6/Conv2D,4,670.34,167.585,670.34,167.585,0.00660119930814342,0.6819058875816367,0.0,0.0
54,Device,Conv2D,model/conv2d_9/Conv2D,4,669.379,167.34475,669.379,167.34475,0.006591735823143084,0.6884976234047798,0.0,0.0
55,Device,Conv2DBackpropFilter,gradient_tape/model/conv2d_11/Conv2D/Conv2DBackpropFilter,2,667.588,333.794,667.588,333.794,0.006574098880754317,0.6950717222855342,0.0,0.0
56,Device,Conv2DBackpropInput,gradient_tape/model/conv2d_14/Conv2D/Conv2DBackpropInput,2,659.683,329.8415,659.683,329.8415,0.006496254084783805,0.701567976370318,0.0,0.0
57,Device,Conv2DBackpropInput,gradient_tape/model/conv2d_11/Conv2D/Conv2DBackpropInput,2,658.466,329.233,658.466,329.233,0.006484269629793784,0.7080522460001117,0.0,0.0
58,Device,Conv2DBackpropInput,gradient_tape/model/conv2d_13/Conv2D/Conv2DBackpropInput,2,656.323,328.1615,656.323,328.1615,0.0064631663536692035,0.7145154123537809,0.0,0.0
59,Device,Conv2D,model/conv2d_10/Conv2D,4,648.131,162.03275,648.131,162.03275,0.006382495313999318,0.7208979076677803,0.0,0.0
60,Device,Conv2D,model/conv2d_15/Conv2D,4,638.563,159.64075,638.563,159.64075,0.006288274060634882,0.7271861817284152,0.0,0.0
61,Device,Conv2D,model/conv2d_11/Conv2D,4,588.77,147.1925,588.77,147.1925,0.005797935550102338,0.7329841172785175,0.0,0.0
62,Device,Conv2D,model/conv2d_13/Conv2D,4,587.46,146.865,587.46,146.865,0.005785035273983253,0.7387691525525008,0.0,0.0
63,Device,Conv2D,model/conv2d_14/Conv2D,4,587.172,146.793,587.172,146.793,0.005782199182744858,0.7445513517352456,0.0,0.0
64,Device,BiasAddGrad,gradient_tape/model/conv2d/BiasAdd/BiasAddGrad,2,540.45,270.225,540.45,270.225,0.0053221024645495,0.749873454199795,0.0,0.0
65,Device,FusedBatchNormV3,model/batch_normalization_1/FusedBatchNormV3,4,443.682,110.9205,443.682,110.9205,0.00436917580844898,0.754242630008244,0.0,0.0
66,Device,FusedBatchNormV3,model/batch_normalization_4/FusedBatchNormV3,4,442.69,110.6725,442.69,110.6725,0.004359407049738954,0.7586020370579829,0.0,0.0
67,Device,FusedBatchNormV3,model/batch_normalization_3/FusedBatchNormV3,4,441.634,110.4085,441.634,110.4085,0.004349008048531508,0.7629510451065145,0.0,0.0
68,Device,FusedBatchNormV3,model/batch_normalization_2/FusedBatchNormV3,4,440.386,110.0965,440.386,110.0965,0.004336718319831799,0.7672877634263463,0.0,0.0
69,Device,ReluGrad,gradient_tape/model/activation_4/ReluGrad,2,431.458,215.729,431.458,215.729,0.0042487994914415725,0.7715365629177878,0.0,0.0
70,Device,ReluGrad,gradient_tape/model/activation_3/ReluGrad,2,423.682,211.841,423.682,211.841,0.004172225028004924,0.7757087879457928,0.0,0.0
71,Device,ReluGrad,gradient_tape/model/activation_2/ReluGrad,2,423.01,211.505,423.01,211.505,0.004165607481782003,0.7798743954275748,0.0,0.0
72,Device,AddN,SGD/gradients/AddN_5,2,421.698,210.849,421.698,210.849,0.004152687510584873,0.7840270829381596,0.0,0.0
73,Device,AddN,SGD/gradients/AddN_6,2,419.394,209.697,419.394,209.697,0.004129998780677718,0.7881570817188374,0.0,0.0
74,Device,ReluGrad,gradient_tape/model/activation_1/ReluGrad,2,418.658,209.329,418.658,209.329,0.004122750991957377,0.7922798327107947,0.0,0.0
75,Device,AddV2,model/add/add,2,416.034,208.017,416.034,208.017,0.004096911049563117,0.7963767437603578,0.0,0.0
76,Device,Conv2DBackpropInput,gradient_tape/model/conv2d_7/Conv2D/Conv2DBackpropInput,2,414.562,207.281,414.562,207.281,0.004082415472122434,0.8004591592324802,0.0,0.0
77,Device,AddV2,model/add_1/add,2,412.962,206.481,412.962,206.481,0.00406665940968691,0.8045258186421671,0.0,0.0
78,Device,AddN,SGD/gradients/AddN_7,2,409.922,204.961,409.922,204.961,0.004036722891059413,0.8085625415332265,0.0,0.0
79,Device,FusedBatchNormGradV3,gradient_tape/model/batch_normalization_7/FusedBatchNormGradV3,2,362.529,181.2645,362.529,181.2645,0.003570018474180156,0.8121325600074066,0.0,0.0
80,Device,FusedBatchNormGradV3,gradient_tape/model/batch_normalization_6/FusedBatchNormGradV3,2,361.25,180.625,361.25,180.625,0.003557423471770759,0.8156899834791774,0.0,0.0
81,Device,FusedBatchNormGradV3,gradient_tape/model/batch_normalization_8/FusedBatchNormGradV3,2,360.673,180.3365,360.673,180.3365,0.003551741441754948,0.8192417249209324,0.0,0.0
82,Device,FusedBatchNormGradV3,gradient_tape/model/batch_normalization_5/FusedBatchNormGradV3,2,360.098,180.049,360.098,180.049,0.003546079106817181,0.8227878040277495,0.0,0.0
83,Device,Conv2DBackpropFilter,gradient_tape/model/conv2d_7/Conv2D/Conv2DBackpropFilter,2,328.066,164.033,328.066,164.033,0.003230642736857981,0.8260184467646076,0.0,0.0
84,Device,BiasAdd,model/conv2d_1/BiasAdd,2,293.024,146.512,293.024,146.512,0.002885565274441951,0.8289040120390495,0.0,0.0
85,Device,BiasAdd,model/conv2d_4/BiasAdd,2,292.417,146.2085,292.417,146.2085,0.0028795878182554737,0.831783599857305,0.0,0.0
86,Device,BiasAdd,model/conv2d_2/BiasAdd,2,291.777,145.8885,291.777,145.8885,0.002873285393281264,0.8346568852505862,0.0,0.0
87,Device,BiasAdd,model/conv2d_3/BiasAdd,2,290.977,145.4885,290.977,145.4885,0.0028654073620635015,0.8375222926126498,0.0,0.0
88,Device,Transpose,gradient_tape/model/conv2d/Conv2D/Conv2DBackpropFilter-0-TransposeNHWCToNCHW-LayoutOptimizer,2,287.681,143.8405,287.681,143.8405,0.0028329498734463213,0.840355242486096,0.0,0.0
89,Device,Conv2DBackpropInput,gradient_tape/model/conv2d_17/Conv2D/Conv2DBackpropInput,2,284.866,142.433,284.866,142.433,0.0028052290510988207,0.8431604715371949,0.0,0.0
90,Device,Relu,model/activation_4/Relu,2,280.578,140.289,280.578,140.289,0.002763002803771615,0.8459234743409665,0.0,0.0
91,Device,Relu,model/activation_2/Relu,2,279.49,139.745,279.49,139.745,0.0027522886813154588,0.848675763022282,0.0,0.0
92,Device,Relu,model/activation_1/Relu,2,275.009,137.5045,275.009,137.5045,0.0027081618589569678,0.8513839248812389,0.0,0.0
93,Device,Relu,model/activation_3/Relu,2,274.69,137.345,274.69,137.345,0.0027050204940088853,0.8540889453752478,0.0,0.0
94,Device,Conv2DBackpropInput,gradient_tape/model/conv2d_12/Conv2D/Conv2DBackpropInput,2,271.01,135.505,271.01,135.505,0.002668781550407179,0.856757726925655,0.0,0.0
95,Device,Conv2D,model/conv2d_7/Conv2D,2,239.265,119.6325,239.265,119.6325,0.002356171424147351,0.8591138983498023,0.0,0.0
96,Device,Conv2DBackpropFilter,gradient_tape/model/conv2d_17/Conv2D/Conv2DBackpropFilter,4,238.338,59.5845,238.338,59.5845,0.002347042755473769,0.8614609411052762,0.0,0.0
97,Device,Conv2D,model/conv2d_12/Conv2D,2,238.305,119.1525,238.305,119.1525,0.0023467177866860365,0.8638076588919622,0.0,0.0
98,Device,FusedBatchNormV3,model/batch_normalization_7/FusedBatchNormV3,4,234.529,58.63225,234.529,58.63225,0.002309533479338199,0.8661171923713004,0.0,0.0
99,Device,FusedBatchNormV3,model/batch_normalization_5/FusedBatchNormV3,4,234.498,58.6245,234.498,58.6245,0.0023092282056285103,0.8684264205769289,0.0,0.0
100,Device,FusedBatchNormV3,model/batch_normalization_6/FusedBatchNormV3,4,234.336,58.584,234.336,58.584,0.0023076329043069136,0.8707340534812358,0.0,0.0
101,Device,Conv2DBackpropFilter,gradient_tape/model/conv2d_12/Conv2D/Conv2DBackpropFilter,2,231.778,115.889,231.778,115.889,0.002282442899488119,0.8730164963807239,0.0,0.0
102,Device,FusedBatchNormV3,model/batch_normalization_8/FusedBatchNormV3,4,229.729,57.43225,229.729,57.43225,0.0022622652920316253,0.8752787616727555,0.0,0.0
103,Device,ReluGrad,gradient_tape/model/activation_8/ReluGrad,2,218.432,109.216,218.432,109.216,0.0021510176436978002,0.8774297793164534,0.0,0.0
104,Device,ReluGrad,gradient_tape/model/activation_5/ReluGrad,2,217.794,108.897,217.794,108.897,0.002144734913801635,0.879574514230255,0.0,0.0
105,Device,ReluGrad,gradient_tape/model/activation_7/ReluGrad,2,216.193,108.0965,216.193,108.0965,0.0021289690038270885,0.8817034832340821,0.0,0.0
106,Device,ReluGrad,gradient_tape/model/activation_6/ReluGrad,2,215.713,107.8565,215.713,107.8565,0.002124242185096431,0.8838277254191785,0.0,0.0
107,Device,AddN,SGD/gradients/AddN_3,2,214.274,107.137,214.274,107.137,0.0021100715764434813,0.885937796995622,0.0,0.0
108,Device,AddN,SGD/gradients/AddN_4,2,213.217,106.6085,213.217,106.6085,0.002099662727697013,0.888037459723319,0.0,0.0
109,Device,AddV2,model/add_3/add,2,211.745,105.8725,211.745,105.8725,0.0020851671502563306,0.8901226268735754,0.0,0.0
110,Device,AddV2,model/add_2/add,2,211.138,105.569,211.138,105.569,0.002079189694069853,0.8922018165676452,0.0,0.0
111,Device,FusedBatchNormGradV3,gradient_tape/model/batch_normalization_12/FusedBatchNormGradV3,2,190.368,95.184,190.368,95.184,0.0018746563085787012,0.8940764728762239,0.0,0.0
112,Device,FusedBatchNormGradV3,gradient_tape/model/batch_normalization_11/FusedBatchNormGradV3,2,189.249,94.6245,189.249,94.6245,0.0018636369124128563,0.8959401097886368,0.0,0.0
113,Device,FusedBatchNormGradV3,gradient_tape/model/batch_normalization_10/FusedBatchNormGradV3,2,187.585,93.7925,187.585,93.7925,0.001847250607479911,0.8977873603961167,0.0,0.0
114,Device,FusedBatchNormGradV3,gradient_tape/model/batch_normalization_9/FusedBatchNormGradV3,2,187.008,93.504,187.008,93.504,0.0018415685774641,0.8996289289735808,0.0,0.0
115,Device,Conv2D,model/conv2d_17/Conv2D,4,170.945,42.73625,170.945,42.73625,0.0016833875581504564,0.9013123165317313,0.0,0.0
116,Device,BiasAddGrad,gradient_tape/model/conv2d_2/BiasAdd/BiasAddGrad,2,163.104,81.552,163.104,81.552,0.0016061730046773644,0.9029184895364086,0.0,0.0
117,Device,BiasAddGrad,gradient_tape/model/conv2d_3/BiasAdd/BiasAddGrad,2,154.848,77.424,154.848,77.424,0.0015248717225100582,0.9044433612589187,0.0,0.0
118,Device,BiasAddGrad,gradient_tape/model/conv2d_1/BiasAdd/BiasAddGrad,2,154.466,77.233,154.466,77.233,0.0015211099626035766,0.9059644712215222,0.0,0.0
119,Device,BiasAddGrad,gradient_tape/model/conv2d_4/BiasAdd/BiasAddGrad,2,154.464,77.232,154.464,77.232,0.0015210902675255322,0.9074855614890478,0.0,0.0
120,Device,BiasAdd,model/conv2d_9/BiasAdd,2,153.633,76.8165,153.633,76.8165,0.0015129069625980818,0.9089984684516459,0.0,0.0
121,Device,BiasAdd,model/conv2d_6/BiasAdd,2,152.512,76.256,152.512,76.256,0.0015018678713541924,0.9105003363230001,0.0,0.0
122,Device,BiasAdd,model/conv2d_8/BiasAdd,2,151.873,75.9365,151.873,75.9365,0.0014955752939190047,0.9119959116169191,0.0,0.0
123,Device,BiasAdd,model/conv2d_7/BiasAdd,2,150.4,75.2,150.4,75.2,0.0014810698689393,0.9134769814858583,0.0,0.0
124,Device,BiasAdd,model/conv2d_5/BiasAdd,2,150.08,75.04,150.08,75.04,0.0014779186564521953,0.9149549001423105,0.0,0.0
125,Device,SoftmaxCrossEntropyWithLogits,categorical_crossentropy/softmax_cross_entropy_with_logits,2,146.625,73.3125,146.625,73.3125,0.0014438954091304844,0.916398795551441,0.0,0.0
126,Device,Relu,model/activation_6/Relu,2,143.17,71.585,143.17,71.585,0.0014098721618087738,0.9178086677132498,0.0,0.0
127,Device,Relu,model/activation_5/Relu,2,141.12,70.56,141.12,70.56,0.001389684706813258,0.919198352420063,0.0,0.0
128,Device,Relu,model/activation_8/Relu,2,139.713,69.8565,139.713,69.8565,0.0013758292194090188,0.920574181639472,0.0,0.0
129,Device,Relu,model/activation_7/Relu,2,139.137,69.5685,139.137,69.5685,0.00137015703693223,0.9219443386764042,0.0,0.0
130,Device,ResourceApplyGradientDescent,SGD/SGD/update_62/ResourceApplyGradientDescent,2,125.057,62.5285,125.057,62.5285,0.0012315036874996146,0.9231758423639038,0.0,0.0
131,Device,ResourceApplyGradientDescent,SGD/SGD/update_70/ResourceApplyGradientDescent,2,124.512,62.256,124.512,62.256,0.001226136778732514,0.9244019791426363,0.0,0.0
132,Device,AddN,SGD/gradients/AddN_27,2,124.064,62.032,124.064,62.032,0.0012217250812505671,0.9256237042238868,0.0,0.0
133,Device,ResourceApplyGradientDescent,SGD/SGD/update_66/ResourceApplyGradientDescent,2,124.034,62.017,124.034,62.017,0.0012214296550799011,0.9268451338789667,0.0,0.0
134,Device,AddN,SGD/gradients/AddN_26,2,123.456,61.728,123.456,61.728,0.001215737777525068,0.9280608716564918,0.0,0.0
135,Device,Mul,gradient_tape/conv2d_18/kernel/Regularizer/Mul_1,2,121.857,60.9285,121.857,60.9285,0.0011999915626285658,0.9292608632191203,0.0,0.0
136,Device,Mul,gradient_tape/conv2d_16/kernel/Regularizer/Mul_1,2,119.904,59.952,119.904,59.952,0.0011807593189182037,0.9304416225380385,0.0,0.0
137,Device,Mul,gradient_tape/conv2d_19/kernel/Regularizer/Mul_1,2,119.841,59.9205,119.841,59.9205,0.0011801389239598048,0.9316217614619984,0.0,0.0
138,Device,AddN,SGD/gradients/AddN_25,2,119.36,59.68,119.36,59.68,0.0011754022576901254,0.9327971637196885,0.0,0.0
139,Device,ReluGrad,gradient_tape/model/activation_11/ReluGrad,2,109.473,54.7365,109.473,54.7365,0.0010780396393776062,0.933875203359066,0.0,0.0
140,Device,AddV2,model/add_4/add,2,108.961,54.4805,108.961,54.4805,0.0010729976993982386,0.9349482010584643,0.0,0.0
141,Device,ReluGrad,gradient_tape/model/activation_12/ReluGrad,2,108.929,54.4645,108.929,54.4645,0.001072682578149528,0.9360208836366138,0.0,0.0
142,Device,ReluGrad,gradient_tape/model/activation_10/ReluGrad,2,108.385,54.1925,108.385,54.1925,0.0010673255169214497,0.9370882091535353,0.0,0.0
143,Device,AddV2,model/add_5/add,2,108.32,54.16,108.32,54.16,0.0010666854268850065,0.9381548945804203,0.0,0.0
144,Device,ReluGrad,gradient_tape/model/activation_9/ReluGrad,2,107.906,53.953,107.906,53.953,0.0010626085457298147,0.9392175031261502,0.0,0.0
145,Device,AddN,SGD/gradients/AddN_2,2,105.76,52.88,105.76,52.88,0.0010414757269881674,0.9402589788531384,0.0,0.0
146,Device,AddN,SGD/gradients/AddN_1,2,102.177,51.0885,102.177,51.0885,0.0010061919946716149,0.94126517084781,0.0,0.0
147,Device,BiasAddGrad,gradient_tape/model/conv2d_8/BiasAdd/BiasAddGrad,2,101.217,50.6085,101.217,50.6085,0.0009967383572103,0.9422619092050203,0.0,0.0
148,Device,BiasAddGrad,gradient_tape/model/conv2d_9/BiasAdd/BiasAddGrad,2,100.928,50.464,100.928,50.464,0.0009938924184328835,0.9432558016234531,0.0,0.0
149,Device,BiasAddGrad,gradient_tape/model/conv2d_5/BiasAdd/BiasAddGrad,2,94.432,47.216,94.432,47.216,0.0009299228049446541,0.9441857244283978,0.0,0.0
150,Device,FusedBatchNormV3,model/batch_normalization_10/FusedBatchNormV3,4,90.528,22.632,90.528,22.632,0.0008914780126019745,0.9450772024409997,0.0,0.0
151,Device,FusedBatchNormV3,model/batch_normalization_11/FusedBatchNormV3,4,90.24,22.56,90.24,22.56,0.00088864192136358,0.9459658443623633,0.0,0.0
152,Device,FusedBatchNormV3,model/batch_normalization_9/FusedBatchNormV3,4,89.889,22.47225,89.889,22.47225,0.0008851854351667867,0.9468510297975301,0.0,0.0
153,Device,FusedBatchNormV3,model/batch_normalization_12/FusedBatchNormV3,4,89.729,22.43225,89.729,22.43225,0.0008836098289232344,0.9477346396264533,0.0,0.0
154,Device,BiasAddGrad,gradient_tape/model/conv2d_7/BiasAdd/BiasAddGrad,2,88.512,44.256,88.512,44.256,0.0008716253739332136,0.9486062650003866,0.0,0.0
155,Device,Tile,gradient_tape/conv2d_16/kernel/Regularizer/Tile,2,83.296,41.648,83.296,41.648,0.0008202606103934039,0.94942652561078,0.0,0.0
156,Device,Square,conv2d_18/kernel/Regularizer/Square,2,83.136,41.568,83.136,41.568,0.0008186850041498513,0.9502452106149298,0.0,0.0
157,Device,Square,conv2d_19/kernel/Regularizer/Square,2,82.432,41.216,82.432,41.216,0.0008117523366782206,0.951056962951608,0.0,0.0
158,Device,Square,conv2d_16/kernel/Regularizer/Square,2,82.113,41.0565,82.113,41.0565,0.000808610971730138,0.9518655739233381,0.0,0.0
159,Device,Mul,gradient_tape/conv2d_16/kernel/Regularizer/Mul,2,81.6,40.8,81.6,40.8,0.0008035591842117478,0.9526691331075499,0.0,0.0
160,Device,BiasAdd,model/conv2d_12/BiasAdd,2,78.08,39.04,78.08,39.04,0.000768895846853594,0.9534380289544034,0.0,0.0
161,Device,BiasAdd,model/conv2d_13/BiasAdd,2,77.376,38.688,77.376,38.688,0.0007619631793819633,0.9541999921337854,0.0,0.0
162,Device,BiasAdd,model/conv2d_11/BiasAdd,2,77.025,38.5125,77.025,38.5125,0.0007585066931851701,0.9549584988269706,0.0,0.0
163,Device,BiasAdd,model/conv2d_10/BiasAdd,2,76.609,38.3045,76.609,38.3045,0.0007544101169519337,0.9557129089439226,0.0,0.0
164,Device,BiasAdd,model/conv2d_14/BiasAdd,2,76.16,38.08,76.16,38.08,0.0007499885719309647,0.9564628975158536,0.0,0.0
165,Device,Relu,model/activation_12/Relu,2,74.752,37.376,74.752,37.376,0.0007361232369877031,0.9571990207528412,0.0,0.0
166,Device,AvgPoolGrad,gradient_tape/model/average_pooling2d/AvgPoolGrad,2,71.841,35.9205,71.841,35.9205,0.0007074570508940707,0.9579064778037353,0.0,0.0
167,Device,FusedBatchNormGradV3,gradient_tape/model/batch_normalization_13/FusedBatchNormGradV3,2,67.328,33.664,67.328,33.664,0.0006630151072868697,0.9585694929110221,0.0,0.0
168,Device,FusedBatchNormGradV3,gradient_tape/model/batch_normalization_14/FusedBatchNormGradV3,2,67.008,33.504,67.008,33.504,0.0006598638947997647,0.9592293568058219,0.0,0.0
169,Device,FusedBatchNormGradV3,gradient_tape/model/batch_normalization_15/FusedBatchNormGradV3,2,65.857,32.9285,65.857,32.9285,0.0006485293773852092,0.9598778861832071,0.0,0.0
170,Device,AddN,SGD/gradients/AddN_23,2,64.512,32.256,64.512,32.256,0.0006352844374003466,0.9605131706206075,0.0,0.0
171,Device,ResourceApplyGradientDescent,SGD/SGD/update_56/ResourceApplyGradientDescent,2,64.481,32.2405,64.481,32.2405,0.0006349791636906582,0.9611481497842982,0.0,0.0
172,Device,Mul,gradient_tape/conv2d_15/kernel/Regularizer/Mul_1,2,63.937,31.9685,63.937,31.9685,0.0006296221024625799,0.9617777718867607,0.0,0.0
173,Device,Relu,model/activation_11/Relu,2,61.376,30.688,61.376,30.688,0.0006044025550267186,0.9623821744417874,0.0,0.0
174,Device,Relu,model/activation_9/Relu,2,61.12,30.56,61.12,30.56,0.0006018815850370346,0.9629840560268245,0.0,0.0
175,Device,Sum,conv2d_18/kernel/Regularizer/Sum,2,60.576,30.288,60.576,30.288,0.0005965245238089564,0.9635805805506334,0.0,0.0
176,Device,FusedBatchNormGradV3,gradient_tape/model/batch_normalization_16/FusedBatchNormGradV3,2,60.512,30.256,60.512,30.256,0.0005958942813115354,0.964176474831945,0.0,0.0
177,Device,Relu,model/activation_10/Relu,2,60.064,30.032,60.064,30.032,0.0005914825838295886,0.9647679574157746,0.0,0.0
178,Device,BiasAddGrad,gradient_tape/model/conv2d_14/BiasAdd/BiasAddGrad,2,59.713,29.8565,59.713,29.8565,0.0005880260976327954,0.9653559835134073,0.0,0.0
179,Device,BiasAddGrad,gradient_tape/model/conv2d_13/BiasAdd/BiasAddGrad,2,58.945,29.4725,58.945,29.4725,0.0005804631876637436,0.965936446701071,0.0,0.0
180,Device,BiasAddGrad,gradient_tape/model/conv2d_10/BiasAdd/BiasAddGrad,2,58.688,29.344,58.688,29.344,0.0005779323701350375,0.9665143790712061,0.0,0.0
181,Device,ReluGrad,gradient_tape/model/activation_14/ReluGrad,2,56.672,28.336,56.672,28.336,0.0005580797314662766,0.9670724588026723,0.0,0.0
182,Device,ReluGrad,gradient_tape/model/activation_13/ReluGrad,2,55.873,27.9365,55.873,27.9365,0.0005502115477875366,0.9676226703504599,0.0,0.0
183,Device,ReluGrad,gradient_tape/model/activation_15/ReluGrad,2,55.617,27.8085,55.617,27.8085,0.0005476905777978527,0.9681703609282577,0.0,0.0
184,Device,BiasAddGrad,gradient_tape/model/conv2d_15/BiasAdd/BiasAddGrad,2,53.858,26.929,53.858,26.929,0.000530368756657798,0.9687007296849155,0.0,0.0
185,Device,BiasAddGrad,gradient_tape/model/conv2d_12/BiasAdd/BiasAddGrad,2,53.376,26.688,53.376,26.688,0.0005256222428490962,0.9692263519277646,0.0,0.0
186,Device,FusedBatchNormV3,model/batch_normalization_14/FusedBatchNormV3,4,51.649,12.91225,51.649,12.91225,0.000508615542957752,0.9697349674707224,0.0,0.0
187,Device,FusedBatchNormV3,model/batch_normalization_16/FusedBatchNormV3,4,51.649,12.91225,51.649,12.91225,0.000508615542957752,0.9702435830136802,0.0,0.0
188,Device,BiasAddGrad,gradient_tape/model/conv2d_18/BiasAdd/BiasAddGrad,2,51.52,25.76,51.52,25.76,0.0005073452104238879,0.970750928224104,0.0,0.0
189,Device,BiasAddGrad,gradient_tape/model/conv2d_19/BiasAdd/BiasAddGrad,2,51.296,25.648,51.296,25.648,0.0005051393616829145,0.971256067585787,0.0,0.0
190,Device,BiasAddGrad,gradient_tape/model/conv2d_17/BiasAdd/BiasAddGrad,2,50.912,25.456,50.912,25.456,0.0005013579066983886,0.9717574254924853,0.0,0.0
191,Device,Sum,conv2d_19/kernel/Regularizer/Sum,2,50.528,25.264,50.528,25.264,0.0004975764517138627,0.9722550019441992,0.0,0.0
192,Device,Sum,conv2d_16/kernel/Regularizer/Sum,2,49.984,24.992,49.984,24.992,0.0004922193904857845,0.972747221334685,0.0,0.0
193,Device,FusedBatchNormV3,model/batch_normalization_15/FusedBatchNormV3,4,48.865,12.21625,48.865,12.21625,0.00048119999431993945,0.973228421329005,0.0,0.0
194,Device,FusedBatchNormV3,model/batch_normalization_13/FusedBatchNormV3,4,48.352,12.088,48.352,12.088,0.0004761482068015494,0.9737045695358065,0.0,0.0
195,Device,Tile,gradient_tape/conv2d_15/kernel/Regularizer/Tile,2,46.017,23.0085,46.017,23.0085,0.0004531542031847059,0.9741577237389912,0.0,0.0
196,Device,Mul,gradient_tape/conv2d_15/kernel/Regularizer/Mul,2,44.8,22.4,44.8,22.4,0.00044116974819468507,0.9745988934871859,0.0,0.0
197,Device,ReluGrad,gradient_tape/model/activation_16/ReluGrad,2,42.24,21.12,42.24,21.12,0.00041596004829784597,0.9750148535354837,0.0,0.0
198,Device,Square,conv2d_15/kernel/Regularizer/Square,2,42.144,21.072,42.144,21.072,0.0004150146845517145,0.9754298682200354,0.0,0.0
199,Device,BiasAdd,model/conv2d_17/BiasAdd,2,41.12,20.56,41.12,20.56,0.0004049308045929788,0.9758347990246284,0.0,0.0
200,Device,AddN,SGD/gradients/AddN,2,39.712,19.856,39.712,19.856,0.00039106546964971735,0.9762258644942782,0.0,0.0
201,Device,AddV2,model/add_7/add,2,36.512,18.256,36.512,18.256,0.0003595533447786684,0.9765854178390568,0.0,0.0
202,Device,AddV2,model/add_6/add,2,35.681,17.8405,35.681,17.8405,0.0003513700398512178,0.976936787878908,0.0,0.0
203,Device,ResourceApplyGradientDescent,SGD/SGD/update_52/ResourceApplyGradientDescent,2,35.04,17.52,35.04,17.52,0.00034505776733798586,0.977281845646246,0.0,0.0
204,Device,ResourceApplyGradientDescent,SGD/SGD/update_48/ResourceApplyGradientDescent,2,34.976,17.488,34.976,17.488,0.00034442752484056485,0.9776262731710865,0.0,0.0
205,Device,ResourceApplyGradientDescent,SGD/SGD/update_44/ResourceApplyGradientDescent,2,34.912,17.456,34.912,17.456,0.0003437972823431439,0.9779700704534297,0.0,0.0
206,Device,Sum,conv2d_15/kernel/Regularizer/Sum,2,33.344,16.672,33.344,16.672,0.00032835634115632994,0.978298426794586,0.0,0.0
207,Device,AddN,SGD/gradients/AddN_22,2,33.248,16.624,33.248,16.624,0.00032741097741019844,0.9786258377719962,0.0,0.0
208,Device,Mul,gradient_tape/conv2d_11/kernel/Regularizer/Mul_1,2,32.928,16.464,32.928,16.464,0.00032425976492309353,0.9789500975369193,0.0,0.0
209,Device,AddN,SGD/gradients/AddN_21,2,32.704,16.352,32.704,16.352,0.0003220539161821201,0.9792721514531014,0.0,0.0
210,Device,Mul,gradient_tape/conv2d_13/kernel/Regularizer/Mul_1,2,31.84,15.92,31.84,15.92,0.0003135456424669369,0.9795856970955683,0.0,0.0
211,Device,Mul,gradient_tape/conv2d_14/kernel/Regularizer/Mul_1,2,31.328,15.664,31.328,15.664,0.0003085037024875691,0.9798942007980559,0.0,0.0
212,Device,AddN,SGD/gradients/AddN_20,2,30.944,15.472,30.944,15.472,0.0003047222475030432,0.9801989230455589,0.0,0.0
213,Device,MatMul,model/dense/MatMul,2,23.616,11.808,23.616,11.808,0.00023255948154834115,0.9804314825271072,0.0,0.0
214,Device,ArgMax,ArgMax,2,23.488,11.744,23.488,11.744,0.00023129899655349918,0.9806627815236607,0.0,0.0
215,Device,Square,conv2d_14/kernel/Regularizer/Square,2,23.488,11.744,23.488,11.744,0.00023129899655349918,0.9808940805202142,0.0,0.0
216,Device,Tile,gradient_tape/conv2d_11/kernel/Regularizer/Tile,2,23.392,11.696,23.392,11.696,0.0002303536328073677,0.9811244341530215,0.0,0.0
217,Device,BiasAdd,model/conv2d_15/BiasAdd,2,23.169,11.5845,23.169,11.5845,0.0002281576316054165,0.981352591784627,0.0,0.0
218,Device,ArgMax,ArgMax_1,2,22.848,11.424,22.848,11.424,0.0002249965715792894,0.9815775883562062,0.0,0.0
219,Device,Square,conv2d_13/kernel/Regularizer/Square,2,22.528,11.264,22.528,11.264,0.0002218453590921845,0.9817994337152984,0.0,0.0
220,Device,BiasAdd,model/conv2d_16/BiasAdd,2,22.368,11.184,22.368,11.184,0.00022026975284863206,0.982019703468147,0.0,0.0
221,Device,Softmax,model/dense/Softmax,2,22.336,11.168,22.336,11.168,0.00021995463159992155,0.982239658099747,0.0,0.0
222,Device,BiasAdd,model/conv2d_19/BiasAdd,2,22.304,11.152,22.304,11.152,0.00021963951035121107,0.9824592976100982,0.0,0.0
223,Device,Square,conv2d_11/kernel/Regularizer/Square,2,21.728,10.864,21.728,10.864,0.0002139673278744223,0.9826732649379726,0.0,0.0
224,Device,BiasAdd,model/conv2d_18/BiasAdd,2,21.728,10.864,21.728,10.864,0.0002139673278744223,0.982887232265847,0.0,0.0
225,Device,Sum,conv2d_14/kernel/Regularizer/Sum,2,21.632,10.816,21.632,10.816,0.00021302196412829083,0.9831002542299753,0.0,0.0
226,Device,Sum,conv2d_11/kernel/Regularizer/Sum,2,21.44,10.72,21.44,10.72,0.0002111312366360279,0.9833113854666113,0.0,0.0
227,Device,Sum,conv2d_13/kernel/Regularizer/Sum,2,21.344,10.672,21.344,10.672,0.00021018587288989643,0.9835215713395012,0.0,0.0
228,Device,ResourceApplyGradientDescent,SGD/SGD/update_38/ResourceApplyGradientDescent,2,20.865,10.4325,20.865,10.4325,0.00020546890169826124,0.9837270402411995,0.0,0.0
229,Device,Mul,gradient_tape/conv2d_10/kernel/Regularizer/Mul_1,2,20.321,10.1605,20.321,10.1605,0.00020011184047018297,0.9839271520816697,0.0,0.0
230,Device,AddN,ArithmeticOptimizer/AddOpsRewrite_AddN_1,4,20.096,5.024,20.096,5.024,0.00019789614419018733,0.9841250482258599,0.0,0.0
231,Device,AddN,SGD/gradients/AddN_18,2,19.616,9.808,19.616,9.808,0.00019316932545952997,0.9843182175513194,0.0,0.0
232,Device,Relu,model/activation_13/Relu,2,19.584,9.792,19.584,9.792,0.00019285420421081949,0.9845110717555302,0.0,0.0
233,Device,Relu,model/activation_14/Relu,2,19.232,9.616,19.232,9.616,0.0001893878704750041,0.9847004596260052,0.0,0.0
234,Device,Relu,model/activation_16/Relu,2,19.136,9.568,19.136,9.568,0.00018844250672887263,0.9848889021327341,0.0,0.0
235,Device,Relu,model/activation_15/Relu,2,19.104,9.552,19.104,9.552,0.00018812738548016215,0.9850770295182142,0.0,0.0
236,Device,Sum,conv2d_17/kernel/Regularizer/Sum,2,17.504,8.752,17.504,8.752,0.0001723713230446377,0.9852494008412588,0.0,0.0
237,Device,AvgPool,model/average_pooling2d/AvgPool,2,17.248,8.624,17.248,8.624,0.00016985035305495377,0.9854192511943137,0.0,0.0
238,Device,Sum,conv2d_10/kernel/Regularizer/Sum,2,16.704,8.352,16.704,8.352,0.00016449329182687545,0.9855837444861406,0.0,0.0
239,Device,Sum,conv2d_6/kernel/Regularizer/Sum,2,16.608,8.304,16.608,8.304,0.00016354792808074398,0.9857472924142213,0.0,0.0
240,Device,Mul,gradient_tape/conv2d_11/kernel/Regularizer/Mul,2,16.608,8.304,16.608,8.304,0.00016354792808074398,0.985910840342302,0.0,0.0
241,Device,Sum,conv2d_8/kernel/Regularizer/Sum,2,16.417,8.2085,16.417,8.2085,0.00016166704812750325,0.9860725073904295,0.0,0.0
242,Device,Sum,conv2d_9/kernel/Regularizer/Sum,2,16.416,8.208,16.416,8.208,0.00016165720058848105,0.986234164591018,0.0,0.0
243,Device,Mul,gradient_tape/conv2d_10/kernel/Regularizer/Mul,2,15.488,7.744,15.488,7.744,0.00015251868437587686,0.9863866832753938,0.0,0.0
244,Device,MatMul,gradient_tape/model/dense/MatMul/MatMul_1,2,15.392,7.696,15.392,7.696,0.0001515733206297454,0.9865382565960236,0.0,0.0
245,Device,Tile,gradient_tape/conv2d_6/kernel/Regularizer/Tile,2,15.168,7.584,15.168,7.584,0.00014936747188877195,0.9866876240679123,0.0,0.0
246,Device,Tile,gradient_tape/conv2d_10/kernel/Regularizer/Tile,2,14.816,7.408,14.816,7.408,0.0001459011381529566,0.9868335252060653,0.0,0.0
247,Device,AddN,SGD/gradients/AddN_17,2,14.592,7.296,14.592,7.296,0.00014369528941198315,0.9869772204954772,0.0,0.0
248,Device,Sum,conv2d_2/kernel/Regularizer/Sum,2,14.208,7.104,14.208,7.104,0.00013991383442745728,0.9871171343299047,0.0,0.0
249,Device,MatMul,gradient_tape/model/dense/MatMul/MatMul,2,13.984,6.992,13.984,6.992,0.00013770798568648384,0.9872548423155911,0.0,0.0
250,Device,Sum,conv2d_4/kernel/Regularizer/Sum,2,13.952,6.976,13.952,6.976,0.00013739286443777336,0.9873922351800289,0.0,0.0
251,Device,Sum,conv2d_1/kernel/Regularizer/Sum,2,13.888,6.944,13.888,6.944,0.00013676262194035237,0.9875289978019693,0.0,0.0
252,Device,Tile,gradient_tape/conv2d_5/kernel/Regularizer/Tile,2,13.856,6.928,13.856,6.928,0.0001364475006916419,0.987665445302661,0.0,0.0
253,Device,Sum,conv2d_12/kernel/Regularizer/Sum,2,13.825,6.9125,13.825,6.9125,0.0001361422269819536,0.987801587529643,0.0,0.0
254,Device,AddN,SGD/gradients/AddN_16,2,13.792,6.896,13.792,6.896,0.0001358172581942209,0.9879374047878372,0.0,0.0
255,Device,Sum,conv2d_3/kernel/Regularizer/Sum,2,13.792,6.896,13.792,6.896,0.0001358172581942209,0.9880732220460314,0.0,0.0
256,Device,Tile,gradient_tape/conv2d_1/kernel/Regularizer/Tile,2,13.792,6.896,13.792,6.896,0.0001358172581942209,0.9882090393042257,0.0,0.0
257,Device,Tile,gradient_tape/conv2d_12/kernel/Regularizer/Tile,2,13.761,6.8805,13.761,6.8805,0.00013551198448453263,0.9883445512887102,0.0,0.0
258,Device,Sum,conv2d_5/kernel/Regularizer/Sum,2,13.728,6.864,13.728,6.864,0.00013518701569679994,0.988479738304407,0.0,0.0
259,Device,ResourceApplyGradientDescent,SGD/SGD/update_30/ResourceApplyGradientDescent,2,13.6,6.8,13.6,6.8,0.00013392653070195797,0.988613664835109,0.0,0.0
260,Device,Square,conv2d_10/kernel/Regularizer/Square,2,13.6,6.8,13.6,6.8,0.00013392653070195797,0.988747591365811,0.0,0.0
261,Device,ResourceApplyGradientDescent,SGD/SGD/update_26/ResourceApplyGradientDescent,2,13.504,6.752,13.504,6.752,0.0001329811669558265,0.9888805725327668,0.0,0.0
262,Device,Tile,gradient_tape/conv2d_17/kernel/Regularizer/Tile,2,13.504,6.752,13.504,6.752,0.0001329811669558265,0.9890135536997227,0.0,0.0
263,Device,ResourceApplyGradientDescent,SGD/SGD/update_34/ResourceApplyGradientDescent,2,13.408,6.704,13.408,6.704,0.00013203580320969504,0.9891455895029323,0.0,0.0
264,Device,Mul,gradient_tape/conv2d_6/kernel/Regularizer/Mul_1,2,13.28,6.64,13.28,6.64,0.0001307753182148531,0.9892763648211471,0.0,0.0
265,Device,ResourceApplyGradientDescent,SGD/SGD/update_60/ResourceApplyGradientDescent,2,12.608,6.304,12.608,6.304,0.00012415777199193282,0.989400522593139,0.0,0.0
266,Device,Sum,conv2d/kernel/Regularizer/Sum,2,12.352,6.176,12.352,6.176,0.0001216368020022489,0.9895221593951413,0.0,0.0
267,Device,AddN,SGD/gradients/AddN_15,2,11.808,5.904,11.808,5.904,0.00011627974077417058,0.9896384391359155,0.0,0.0
268,Device,Sum,conv2d_7/kernel/Regularizer/Sum,2,11.808,5.904,11.808,5.904,0.00011627974077417058,0.9897547188766898,0.0,0.0
269,Device,Mul,gradient_tape/conv2d_17/kernel/Regularizer/Mul_1,2,11.329,5.6645,11.329,5.6645,0.00011156276958253545,0.9898662816462723,0.0,0.0
270,Device,Mul,gradient_tape/conv2d_6/kernel/Regularizer/Mul,2,11.2,5.6,11.2,5.6,0.00011029243704867127,0.989976574083321,0.0,0.0
271,Device,ResourceApplyGradientDescent,SGD/SGD/update_20/ResourceApplyGradientDescent,2,11.04,5.52,11.04,5.52,0.00010871683080511883,0.9900852909141261,0.0,0.0
272,Device,AddN,SGD/gradients/AddN_24,2,10.656,5.328,10.656,5.328,0.00010493537582059296,0.9901902262899467,0.0,0.0
273,Device,Square,conv2d_9/kernel/Regularizer/Square,2,10.144,5.072,10.144,5.072,9.989343584122513e-05,0.990290119725788,0.0,0.0
274,Device,Square,conv2d_17/kernel/Regularizer/Square,2,10.112,5.056,10.112,5.056,9.957831459251464e-05,0.9903896980403805,0.0,0.0
275,Device,Mul,gradient_tape/conv2d_8/kernel/Regularizer/Mul_1,2,9.952,4.976,9.952,4.976,9.80027083489622e-05,0.9904877007487294,0.0,0.0
276,Device,AddN,SGD/gradients/AddN_13,2,9.856,4.928,9.856,4.928,9.705734460283072e-05,0.9905847580933322,0.0,0.0
277,Device,Square,conv2d_6/kernel/Regularizer/Square,2,9.856,4.928,9.856,4.928,9.705734460283072e-05,0.9906818154379351,0.0,0.0
278,Device,Mul,gradient_tape/conv2d_5/kernel/Regularizer/Mul_1,2,9.792,4.896,9.792,4.896,9.642710210540974e-05,0.9907782425400405,0.0,0.0
279,Device,ResourceApplyGradientDescent,SGD/SGD/update_4/ResourceApplyGradientDescent,2,9.728,4.864,9.728,4.864,9.579685960798877e-05,0.9908740393996486,0.0,0.0
280,Device,Square,conv2d_8/kernel/Regularizer/Square,2,9.728,4.864,9.728,4.864,9.579685960798877e-05,0.9909698362592566,0.0,0.0
281,Device,Mul,gradient_tape/conv2d_17/kernel/Regularizer/Mul,2,9.632,4.816,9.632,4.816,9.485149586185729e-05,0.9910646877551185,0.0,0.0
282,Device,ResourceApplyGradientDescent,SGD/SGD/update_12/ResourceApplyGradientDescent,2,9.216,4.608,9.216,4.608,9.075491962862093e-05,0.9911554426747471,0.0,0.0
283,Device,ResourceApplyGradientDescent,SGD/SGD/update_16/ResourceApplyGradientDescent,2,9.153,4.5765,9.153,4.5765,9.013452467022216e-05,0.9912455771994173,0.0,0.0
284,Device,ResourceApplyGradientDescent,SGD/SGD/update_8/ResourceApplyGradientDescent,2,9.12,4.56,9.12,4.56,8.980955588248946e-05,0.9913353867552998,0.0,0.0
285,Device,AddN,SGD/gradients/AddN_12,2,8.832,4.416,8.832,4.416,8.697346464409507e-05,0.9914223602199439,0.0,0.0
286,Device,Mul,gradient_tape/conv2d_5/kernel/Regularizer/Mul,2,8.672,4.336,8.672,4.336,8.539785840054262e-05,0.9915077580783445,0.0,0.0
287,Device,ResourceApplyGradientDescent,SGD/SGD/update_24/ResourceApplyGradientDescent,2,8.608,4.304,8.608,4.304,8.476761590312165e-05,0.9915925256942476,0.0,0.0
288,Device,ResourceApplyGradientDescent,SGD/SGD/update_42/ResourceApplyGradientDescent,2,8.608,4.304,8.608,4.304,8.476761590312165e-05,0.9916772933101508,0.0,0.0
289,Device,_Recv,IteratorGetNext/_4,2,8.576,4.288,8.576,4.288,8.445249465441115e-05,0.9917617458048051,0.0,0.0
290,Device,AddN,SGD/gradients/AddN_9,2,8.544,4.272,8.544,4.272,8.413737340570066e-05,0.9918458831782109,0.0,0.0
291,Device,AddN,SGD/gradients/AddN_10,2,8.512,4.256,8.512,4.256,8.382225215699018e-05,0.9919297054303678,0.0,0.0
292,Device,AddN,SGD/gradients/AddN_11,2,8.352,4.176,8.352,4.176,8.224664591343772e-05,0.9920119520762812,0.0,0.0
293,Device,AddN,SGD/gradients/AddN_14,2,8.224,4.112,8.224,4.112,8.098616091859576e-05,0.9920929382371998,0.0,0.0
294,Device,Square,conv2d_5/kernel/Regularizer/Square,2,8.096,4.048,8.096,4.048,7.97256759237538e-05,0.9921726639131235,0.0,0.0
295,Device,Mul,gradient_tape/conv2d/kernel/Regularizer/Mul_1,2,8.033,4.0165,8.033,4.0165,7.910528096535502e-05,0.9922517691940889,0.0,0.0
296,Device,Mul,gradient_tape/conv2d_1/kernel/Regularizer/Mul_1,2,7.968,3.984,7.968,3.984,7.846519092891186e-05,0.9923302343850178,0.0,0.0
297,Device,AddN,SGD/gradients/AddN_19,2,7.936,3.968,7.936,3.968,7.815006968020136e-05,0.9924083844546979,0.0,0.0
298,Device,ResourceApplyGradientDescent,SGD/SGD/update/ResourceApplyGradientDescent,2,7.841,3.9205,7.841,3.9205,7.72145534730921e-05,0.992485599008171,0.0,0.0
299,Device,ResourceApplyGradientDescent,SGD/SGD/update_74/ResourceApplyGradientDescent,2,7.84,3.92,7.84,3.92,7.72047059340699e-05,0.9925628037141051,0.0,0.0
300,Device,AddN,SGD/gradients/AddN_8,2,7.744,3.872,7.744,3.872,7.625934218793843e-05,0.992639063056293,0.0,0.0
301,Device,Mul,gradient_tape/conv2d_7/kernel/Regularizer/Mul_1,2,7.68,3.84,7.68,3.84,7.562909969051744e-05,0.9927146921559835,0.0,0.0
302,Device,Mul,gradient_tape/conv2d_12/kernel/Regularizer/Mul_1,2,7.648,3.824,7.648,3.824,7.531397844180695e-05,0.9927900061344254,0.0,0.0
303,Device,ResourceApplyGradientDescent,SGD/SGD/update_11/ResourceApplyGradientDescent,2,7.392,3.696,7.392,3.696,7.279300845212304e-05,0.9928627991428775,0.0,0.0
304,Device,ResourceApplyGradientDescent,SGD/SGD/update_5/ResourceApplyGradientDescent,2,7.392,3.696,7.392,3.696,7.279300845212304e-05,0.9929355921513295,0.0,0.0
305,Device,Square,conv2d_3/kernel/Regularizer/Square,2,7.392,3.696,7.392,3.696,7.279300845212304e-05,0.9930083851597816,0.0,0.0
306,Device,BiasAddGrad,gradient_tape/model/dense/BiasAdd/BiasAddGrad,2,7.328,3.664,7.328,3.664,7.216276595470207e-05,0.9930805479257363,0.0,0.0
307,Device,Mul,gradient_tape/conv2d_2/kernel/Regularizer/Mul_1,2,7.264,3.632,7.264,3.632,7.15325234572811e-05,0.9931520804491936,0.0,0.0
308,Device,ResourceApplyGradientDescent,SGD/SGD/update_25/ResourceApplyGradientDescent,2,7.2,3.6,7.2,3.6,7.09022809598601e-05,0.9932229827301534,0.0,0.0
309,Device,ResourceApplyGradientDescent,SGD/SGD/update_9/ResourceApplyGradientDescent,2,7.2,3.6,7.2,3.6,7.09022809598601e-05,0.9932938850111133,0.0,0.0
310,Device,ResourceApplyGradientDescent,SGD/SGD/update_22/ResourceApplyGradientDescent,2,7.168,3.584,7.168,3.584,7.058715971114961e-05,0.9933644721708245,0.0,0.0
311,Device,ResourceApplyGradientDescent,SGD/SGD/update_14/ResourceApplyGradientDescent,2,7.136,3.568,7.136,3.568,7.027203846243913e-05,0.9934347442092869,0.0,0.0
312,Device,ResourceApplyGradientDescent,SGD/SGD/update_15/ResourceApplyGradientDescent,2,7.136,3.568,7.136,3.568,7.027203846243913e-05,0.9935050162477493,0.0,0.0
313,Device,ResourceApplyGradientDescent,SGD/SGD/update_17/ResourceApplyGradientDescent,2,7.136,3.568,7.136,3.568,7.027203846243913e-05,0.9935752882862118,0.0,0.0
314,Device,Mul,gradient_tape/conv2d_3/kernel/Regularizer/Mul_1,2,7.136,3.568,7.136,3.568,7.027203846243913e-05,0.9936455603246742,0.0,0.0
315,Device,Mul,gradient_tape/conv2d_9/kernel/Regularizer/Mul_1,2,7.136,3.568,7.136,3.568,7.027203846243913e-05,0.9937158323631367,0.0,0.0
316,Device,ResourceApplyGradientDescent,SGD/SGD/update_18/ResourceApplyGradientDescent,2,7.104,3.552,7.104,3.552,6.995691721372864e-05,0.9937857892803503,0.0,0.0
317,Device,ResourceApplyGradientDescent,SGD/SGD/update_28/ResourceApplyGradientDescent,2,7.104,3.552,7.104,3.552,6.995691721372864e-05,0.993855746197564,0.0,0.0
318,Device,ResourceApplyGradientDescent,SGD/SGD/update_32/ResourceApplyGradientDescent,2,7.104,3.552,7.104,3.552,6.995691721372864e-05,0.9939257031147777,0.0,0.0
319,Device,ResourceApplyGradientDescent,SGD/SGD/update_6/ResourceApplyGradientDescent,2,7.104,3.552,7.104,3.552,6.995691721372864e-05,0.9939956600319914,0.0,0.0
320,Device,Mul,gradient_tape/conv2d_1/kernel/Regularizer/Mul,2,7.104,3.552,7.104,3.552,6.995691721372864e-05,0.994065616949205,0.0,0.0
321,Device,ResourceApplyGradientDescent,SGD/SGD/update_27/ResourceApplyGradientDescent,2,7.072,3.536,7.072,3.536,6.964179596501815e-05,0.9941352587451701,0.0,0.0
322,Device,ResourceApplyGradientDescent,SGD/SGD/update_3/ResourceApplyGradientDescent,2,7.072,3.536,7.072,3.536,6.964179596501815e-05,0.9942049005411351,0.0,0.0
323,Device,ResourceApplyGradientDescent,SGD/SGD/update_33/ResourceApplyGradientDescent,2,7.072,3.536,7.072,3.536,6.964179596501815e-05,0.9942745423371001,0.0,0.0
324,Device,ResourceApplyGradientDescent,SGD/SGD/update_7/ResourceApplyGradientDescent,2,7.072,3.536,7.072,3.536,6.964179596501815e-05,0.9943441841330651,0.0,0.0
325,Device,Square,conv2d_2/kernel/Regularizer/Square,2,7.072,3.536,7.072,3.536,6.964179596501815e-05,0.9944138259290302,0.0,0.0
326,Device,ResourceApplyGradientDescent,SGD/SGD/update_10/ResourceApplyGradientDescent,2,7.04,3.52,7.04,3.52,6.932667471630767e-05,0.9944831526037464,0.0,0.0
327,Device,ResourceApplyGradientDescent,SGD/SGD/update_29/ResourceApplyGradientDescent,2,7.04,3.52,7.04,3.52,6.932667471630767e-05,0.9945524792784627,0.0,0.0
328,Device,ResourceApplyGradientDescent,SGD/SGD/update_19/ResourceApplyGradientDescent,2,7.008,3.504,7.008,3.504,6.901155346759717e-05,0.9946214908319303,0.0,0.0
329,Device,ResourceApplyGradientDescent,SGD/SGD/update_2/ResourceApplyGradientDescent,2,7.008,3.504,7.008,3.504,6.901155346759717e-05,0.9946905023853979,0.0,0.0
330,Device,ResourceApplyGradientDescent,SGD/SGD/update_23/ResourceApplyGradientDescent,2,7.008,3.504,7.008,3.504,6.901155346759717e-05,0.9947595139388655,0.0,0.0
331,Device,ResourceApplyGradientDescent,SGD/SGD/update_72/ResourceApplyGradientDescent,2,7.008,3.504,7.008,3.504,6.901155346759717e-05,0.9948285254923331,0.0,0.0
332,Device,Square,conv2d_4/kernel/Regularizer/Square,2,7.008,3.504,7.008,3.504,6.901155346759717e-05,0.9948975370458008,0.0,0.0
333,Device,ResourceApplyGradientDescent,SGD/SGD/update_46/ResourceApplyGradientDescent,2,6.976,3.488,6.976,3.488,6.869643221888668e-05,0.9949662334780196,0.0,0.0
334,Device,ResourceApplyGradientDescent,SGD/SGD/update_58/ResourceApplyGradientDescent,2,6.976,3.488,6.976,3.488,6.869643221888668e-05,0.9950349299102385,0.0,0.0
335,Device,ResourceApplyGradientDescent,SGD/SGD/update_67/ResourceApplyGradientDescent,2,6.976,3.488,6.976,3.488,6.869643221888668e-05,0.9951036263424573,0.0,0.0
336,Device,ResourceApplyGradientDescent,SGD/SGD/update_40/ResourceApplyGradientDescent,2,6.944,3.472,6.944,3.472,6.838131097017619e-05,0.9951720076534275,0.0,0.0
337,Device,ResourceApplyGradientDescent,SGD/SGD/update_53/ResourceApplyGradientDescent,2,6.944,3.472,6.944,3.472,6.838131097017619e-05,0.9952403889643977,0.0,0.0
338,Device,ResourceApplyGradientDescent,SGD/SGD/update_43/ResourceApplyGradientDescent,2,6.88,3.44,6.88,3.44,6.775106847275521e-05,0.9953081400328705,0.0,0.0
339,Device,ResourceApplyGradientDescent,SGD/SGD/update_68/ResourceApplyGradientDescent,2,6.88,3.44,6.88,3.44,6.775106847275521e-05,0.9953758911013433,0.0,0.0
340,Device,ResourceApplyGradientDescent,SGD/SGD/update_50/ResourceApplyGradientDescent,2,6.848,3.424,6.848,3.424,6.743594722404472e-05,0.9954433270485673,0.0,0.0
341,Device,ResourceApplyGradientDescent,SGD/SGD/update_61/ResourceApplyGradientDescent,2,6.848,3.424,6.848,3.424,6.743594722404472e-05,0.9955107629957913,0.0,0.0
342,Device,ResourceApplyGradientDescent,SGD/SGD/update_65/ResourceApplyGradientDescent,2,6.848,3.424,6.848,3.424,6.743594722404472e-05,0.9955781989430154,0.0,0.0
343,Device,ResourceApplyGradientDescent,SGD/SGD/update_71/ResourceApplyGradientDescent,2,6.848,3.424,6.848,3.424,6.743594722404472e-05,0.9956456348902394,0.0,0.0
344,Device,ResourceApplyGradientDescent,SGD/SGD/update_57/ResourceApplyGradientDescent,2,6.784,3.392,6.784,3.392,6.680570472662375e-05,0.995712440594966,0.0,0.0
345,Device,ResourceApplyGradientDescent,SGD/SGD/update_59/ResourceApplyGradientDescent,2,6.784,3.392,6.784,3.392,6.680570472662375e-05,0.9957792462996926,0.0,0.0
346,Device,ResourceApplyGradientDescent,SGD/SGD/update_63/ResourceApplyGradientDescent,2,6.784,3.392,6.784,3.392,6.680570472662375e-05,0.9958460520044192,0.0,0.0
347,Device,Square,conv2d_1/kernel/Regularizer/Square,2,6.784,3.392,6.784,3.392,6.680570472662375e-05,0.9959128577091458,0.0,0.0
348,Device,Mul,gradient_tape/conv2d_4/kernel/Regularizer/Mul_1,2,6.784,3.392,6.784,3.392,6.680570472662375e-05,0.9959796634138725,0.0,0.0
349,Device,ResourceApplyGradientDescent,SGD/SGD/update_37/ResourceApplyGradientDescent,2,6.752,3.376,6.752,3.376,6.649058347791325e-05,0.9960461539973504,0.0,0.0
350,Device,ResourceApplyGradientDescent,SGD/SGD/update_55/ResourceApplyGradientDescent,2,6.752,3.376,6.752,3.376,6.649058347791325e-05,0.9961126445808284,0.0,0.0
351,Device,ResourceApplyGradientDescent,SGD/SGD/update_69/ResourceApplyGradientDescent,2,6.752,3.376,6.752,3.376,6.649058347791325e-05,0.9961791351643063,0.0,0.0
352,Device,ResourceApplyGradientDescent,SGD/SGD/update_73/ResourceApplyGradientDescent,2,6.752,3.376,6.752,3.376,6.649058347791325e-05,0.9962456257477843,0.0,0.0
353,Device,Square,conv2d_12/kernel/Regularizer/Square,2,6.752,3.376,6.752,3.376,6.649058347791325e-05,0.9963121163312623,0.0,0.0
354,Device,ResourceApplyGradientDescent,SGD/SGD/update_35/ResourceApplyGradientDescent,2,6.72,3.36,6.72,3.36,6.617546222920276e-05,0.9963782917934915,0.0,0.0
355,Device,ResourceApplyGradientDescent,SGD/SGD/update_36/ResourceApplyGradientDescent,2,6.72,3.36,6.72,3.36,6.617546222920276e-05,0.9964444672557207,0.0,0.0
356,Device,ResourceApplyGradientDescent,SGD/SGD/update_64/ResourceApplyGradientDescent,2,6.72,3.36,6.72,3.36,6.617546222920276e-05,0.9965106427179499,0.0,0.0
357,Device,Mul,gradient_tape/conv2d_12/kernel/Regularizer/Mul,2,6.72,3.36,6.72,3.36,6.617546222920276e-05,0.9965768181801791,0.0,0.0
358,Device,ResourceApplyGradientDescent,SGD/SGD/update_41/ResourceApplyGradientDescent,2,6.689,3.3445,6.689,3.3445,6.587018851951448e-05,0.9966426883686986,0.0,0.0
359,Device,ResourceApplyGradientDescent,SGD/SGD/update_45/ResourceApplyGradientDescent,2,6.688,3.344,6.688,3.344,6.586034098049228e-05,0.9967085487096791,0.0,0.0
360,Device,ResourceApplyGradientDescent,SGD/SGD/update_47/ResourceApplyGradientDescent,2,6.688,3.344,6.688,3.344,6.586034098049228e-05,0.9967744090506595,0.0,0.0
361,Device,ResourceApplyGradientDescent,SGD/SGD/update_51/ResourceApplyGradientDescent,2,6.688,3.344,6.688,3.344,6.586034098049228e-05,0.9968402693916399,0.0,0.0
362,Device,ResourceApplyGradientDescent,SGD/SGD/update_54/ResourceApplyGradientDescent,2,6.688,3.344,6.688,3.344,6.586034098049228e-05,0.9969061297326204,0.0,0.0
363,Device,Square,conv2d/kernel/Regularizer/Square,2,6.688,3.344,6.688,3.344,6.586034098049228e-05,0.9969719900736008,0.0,0.0
364,Device,AssignAddVariableOp,SGD/SGD/AssignAddVariableOp,2,6.624,3.312,6.624,3.312,6.523009848307129e-05,0.9970372201720838,0.0,0.0
365,Device,Sum,Sum_2,2,6.624,3.312,6.624,3.312,6.523009848307129e-05,0.9971024502705669,0.0,0.0
366,Device,ResourceApplyGradientDescent,SGD/SGD/update_1/ResourceApplyGradientDescent,2,6.592,3.296,6.592,3.296,6.491497723436081e-05,0.9971673652478013,0.0,0.0
367,Device,ResourceApplyGradientDescent,SGD/SGD/update_13/ResourceApplyGradientDescent,2,6.56,3.28,6.56,3.28,6.459985598565032e-05,0.9972319651037869,0.0,0.0
368,Device,ResourceApplyGradientDescent,SGD/SGD/update_21/ResourceApplyGradientDescent,2,6.56,3.28,6.56,3.28,6.459985598565032e-05,0.9972965649597725,0.0,0.0
369,Device,ResourceApplyGradientDescent,SGD/SGD/update_31/ResourceApplyGradientDescent,2,6.464,3.232,6.464,3.232,6.365449223951885e-05,0.997360219452012,0.0,0.0
370,Device,Mul,conv2d/kernel/Regularizer/mul,2,6.432,3.216,6.432,3.216,6.333937099080837e-05,0.9974235588230028,0.0,0.0
371,Device,Equal,Equal,2,6.336,3.168,6.336,3.168,6.239400724467689e-05,0.9974859528302475,0.0,0.0
372,Device,Mul,conv2d_9/kernel/Regularizer/mul,2,6.336,3.168,6.336,3.168,6.239400724467689e-05,0.9975483468374923,0.0,0.0
373,Device,DivNoNan,gradient_tape/categorical_crossentropy/weighted_loss/value/div_no_nan,2,6.336,3.168,6.336,3.168,6.239400724467689e-05,0.997610740844737,0.0,0.0
374,Device,ResourceApplyGradientDescent,SGD/SGD/update_49/ResourceApplyGradientDescent,2,6.304,3.152,6.304,3.152,6.207888599596641e-05,0.997672819730733,0.0,0.0
375,Device,ResourceApplyGradientDescent,SGD/SGD/update_39/ResourceApplyGradientDescent,2,6.272,3.136,6.272,3.136,6.176376474725592e-05,0.9977345834954802,0.0,0.0
376,Device,Cast,Cast,2,6.208,3.104,6.208,3.104,6.113352224983494e-05,0.99779571701773,0.0,0.0
377,Device,AssignAddVariableOp,AssignAddVariableOp_4,2,6.176,3.088,6.176,3.088,6.081840100112445e-05,0.9978565354187311,0.0,0.0
378,Device,Mul,conv2d_4/kernel/Regularizer/mul,2,6.144,3.072,6.144,3.072,6.0503279752413956e-05,0.9979170386984835,0.0,0.0
379,Device,Square,conv2d_7/kernel/Regularizer/Square,2,6.112,3.056,6.112,3.056,6.018815850370347e-05,0.9979772268569872,0.0,0.0
380,Device,Mul,gradient_tape/categorical_crossentropy/softmax_cross_entropy_with_logits/mul,2,6.112,3.056,6.112,3.056,6.018815850370347e-05,0.9980374150154909,0.0,0.0
381,Device,Tile,gradient_tape/categorical_crossentropy/weighted_loss/Tile_1,2,6.112,3.056,6.112,3.056,6.018815850370347e-05,0.9980976031739947,0.0,0.0
382,Device,Mul,conv2d_16/kernel/Regularizer/mul,2,6.08,3.04,6.08,3.04,5.987303725499298e-05,0.9981574762112496,0.0,0.0
383,Device,AssignAddVariableOp,AssignAddVariableOp_3,2,6.048,3.024,6.048,3.024,5.955791600628249e-05,0.9982170341272559,0.0,0.0
384,Device,Mul,conv2d_12/kernel/Regularizer/mul,2,6.048,3.024,6.048,3.024,5.955791600628249e-05,0.9982765920432622,0.0,0.0
385,Device,AssignAddVariableOp,AssignAddVariableOp_2,2,6.016,3.008,6.016,3.008,5.9242794757572e-05,0.9983358348380198,0.0,0.0
386,Device,Mul,Mul,2,6.016,3.008,6.016,3.008,5.9242794757572e-05,0.9983950776327774,0.0,0.0
387,Device,BiasAdd,model/dense/BiasAdd,2,6.016,3.008,6.016,3.008,5.9242794757572e-05,0.9984543204275349,0.0,0.0
388,Device,Mul,conv2d_17/kernel/Regularizer/mul,2,5.984,2.992,5.984,2.992,5.892767350886151e-05,0.9985132481010438,0.0,0.0
389,Device,DivNoNan,categorical_crossentropy/weighted_loss/value,2,5.952,2.976,5.952,2.976,5.861255226015102e-05,0.9985718606533039,0.0,0.0
390,Device,Mul,conv2d_5/kernel/Regularizer/mul,2,5.952,2.976,5.952,2.976,5.861255226015102e-05,0.9986304732055641,0.0,0.0
391,Device,ResourceApplyGradientDescent,SGD/SGD/update_75/ResourceApplyGradientDescent,2,5.92,2.96,5.92,2.96,5.829743101144053e-05,0.9986887706365756,0.0,0.0
392,Device,Mul,conv2d_11/kernel/Regularizer/mul,2,5.92,2.96,5.92,2.96,5.829743101144053e-05,0.9987470680675871,0.0,0.0
393,Device,Mul,conv2d_15/kernel/Regularizer/mul,2,5.92,2.96,5.92,2.96,5.829743101144053e-05,0.9988053654985986,0.0,0.0
394,Device,Mul,conv2d_6/kernel/Regularizer/mul,2,5.92,2.96,5.92,2.96,5.829743101144053e-05,0.99886366292961,0.0,0.0
395,Device,Mul,conv2d_18/kernel/Regularizer/mul,2,5.889,2.9445,5.889,2.9445,5.799215730175225e-05,0.9989216550869118,0.0,0.0
396,Device,Mul,conv2d_1/kernel/Regularizer/mul,2,5.888,2.944,5.888,2.944,5.798230976273004e-05,0.9989796373966745,0.0,0.0
397,Device,Mul,conv2d_14/kernel/Regularizer/mul,2,5.888,2.944,5.888,2.944,5.798230976273004e-05,0.9990376197064372,0.0,0.0
398,Device,Mul,conv2d_19/kernel/Regularizer/mul,2,5.856,2.928,5.856,2.928,5.7667188514019555e-05,0.9990952868949512,0.0,0.0
399,Device,Mul,conv2d_2/kernel/Regularizer/mul,2,5.856,2.928,5.856,2.928,5.7667188514019555e-05,0.9991529540834652,0.0,0.0
400,Device,Mul,conv2d_7/kernel/Regularizer/mul,2,5.856,2.928,5.856,2.928,5.7667188514019555e-05,0.9992106212719791,0.0,0.0
401,Device,Mul,conv2d_13/kernel/Regularizer/mul,2,5.824,2.912,5.824,2.912,5.735206726530906e-05,0.9992679733392444,0.0,0.0
402,Device,Mul,conv2d_8/kernel/Regularizer/mul,2,5.824,2.912,5.824,2.912,5.735206726530906e-05,0.9993253254065098,0.0,0.0
403,Device,Mul,conv2d_10/kernel/Regularizer/mul,2,5.792,2.896,5.792,2.896,5.7036946016598575e-05,0.9993823623525263,0.0,0.0
404,Device,AssignAddVariableOp,AssignAddVariableOp_1,2,5.76,2.88,5.76,2.88,5.672182476788808e-05,0.9994390841772942,0.0,0.0
405,Device,Sum,categorical_crossentropy/weighted_loss/Sum,2,5.76,2.88,5.76,2.88,5.672182476788808e-05,0.9994958060020621,0.0,0.0
406,Device,Mul,conv2d_3/kernel/Regularizer/mul,2,5.76,2.88,5.76,2.88,5.672182476788808e-05,0.99955252782683,0.0,0.0
407,Device,AssignAddVariableOp,AssignAddVariableOp,2,5.728,2.864,5.728,2.864,5.6406703519177594e-05,0.9996089345303492,0.0,0.0
408,Device,DivNoNan,div_no_nan,2,5.632,2.816,5.632,2.816,5.546133977304613e-05,0.9996643958701222,0.0,0.0
409,Device,DivNoNan,div_no_nan_1,2,5.536,2.768,5.536,2.768,5.4515976026914654e-05,0.9997189118461491,0.0,0.0
410,Device,Cast,Cast_1,2,5.344,2.672,5.344,2.672,5.2625248534651726e-05,0.9997715370946838,0.0,0.0
411,Device,Cast,Cast_2,2,5.312,2.656,5.312,2.656,5.231012728594124e-05,0.9998238472219697,0.0,0.0
412,Device,Cast,categorical_crossentropy/weighted_loss/num_elements/Cast,2,5.216,2.608,5.216,2.608,5.1364763539809766e-05,0.9998752119855095,0.0,0.0
413,Device,_Recv,categorical_crossentropy/weighted_loss/num_elements/_14,2,4.896,2.448,4.896,2.448,4.821355105270487e-05,0.9999234255365622,0.0,0.0
414,Device,LogicalAnd,LogicalAnd,1,3.2,3.2,3.2,3.2,3.151212487104894e-05,0.9999549376614333,0.0,0.0
415,Device,_Recv,Size/_16,2,2.72,1.36,2.72,1.36,2.6785306140391597e-05,0.9999817229675737,0.0,0.0
416,Device,_Recv,strided_slice/_12,2,1.856,0.928,1.856,0.928,1.8277032425208384e-05,0.9999999999999989,0.0,0.0
417,Host,IDLE,IDLE,0,503205.108,0.0,503205.108,0.0,0.0,0.0,0.984560591370551,0.984560591370551
418,Host,GatherV2,GatherV2,2,7512.337,3756.1685,7512.337,3756.1685,0.0,0.0,0.014698481477447307,0.9992590728479983
419,Host,Dataset,Iterator::Root::ParallelMapV2::Zip[1]::ForeverRepeat,2,61.913,30.9565,57.557,28.7785,0.0,0.0,0.00011261482257750611,0.9993716876705758
420,Host,GatherV2,GatherV2_1,2,43.286,21.643,43.286,21.643,0.0,0.0,8.469248241030508e-05,0.9994563801529861
421,Host,LogicalAnd,LogicalAnd,1,38.108,38.108,38.108,38.108,0.0,0.0,7.456131589178732e-05,0.9995309414688779
422,Host,FlushSummaryWriter,FlushSummaryWriter,1,36.573,36.573,36.573,36.573,0.0,0.0,7.155796699145423e-05,0.9996024994358693
423,Host,Dataset,Iterator::Root,2,55.38,27.69,28.08,14.04,0.0,0.0,5.494074079566988e-05,0.999657440176665
424,Host,Dataset,Iterator::Root::ParallelMapV2::Zip[0]::FlatMap[1]::Concatenate[0]::TensorSlice,2,27.443,13.7215,27.443,13.7215,0.0,0.0,5.369439991650886e-05,0.9997111345765816
425,Host,Dataset,Iterator::Root::ParallelMapV2,2,27.3,13.65,27.3,13.65,0.0,0.0,5.341460910690128e-05,0.9997645491856885
426,Host,Dataset,Iterator::Root::ParallelMapV2::Zip[0]::FlatMap[1]::Concatenate,2,51.59,25.795,24.147,12.0735,0.0,0.0,4.72455152419174e-05,0.9998117947009304
427,Host,WriteSummary,WriteSummary,1,23.172,23.172,23.172,23.172,0.0,0.0,4.5337850630956647e-05,0.9998571325515614
428,Host,Dataset,Iterator::Root::ParallelMapV2::Zip,2,137.603,68.8015,19.705,9.8525,0.0,0.0,3.8554390932289e-05,0.9998956869424936
429,Host,IteratorGetNext,IteratorGetNext,2,14.342,7.171,14.342,7.171,0.0,0.0,2.806125728246074e-05,0.9999237481997761
430,Host,_Send,IteratorGetNext/_3,2,7.564,3.782,7.564,3.782,0.0,0.0,1.4799564222879167e-05,0.999938547763999
431,Host,ReadVariableOp,ReadVariableOp,1,7.166,7.166,7.166,7.166,0.0,0.0,1.4020845745789545e-05,0.9999525686097448
432,Host,_Send,IteratorGetNext/_1,2,5.921,2.9605,5.921,2.9605,0.0,0.0,1.1584904781024267e-05,0.9999641535145258
433,Host,Dataset,Iterator::Root::ParallelMapV2::Zip[0]::FlatMap,2,55.985,27.9925,4.395,2.1975,0.0,0.0,8.599165092484656e-06,0.9999727526796183
434,Host,Dataset,Iterator::Root::ParallelMapV2::Zip[1]::ForeverRepeat::FromTensor,4,4.356,1.089,4.356,1.089,0.0,0.0,8.522858508046226e-06,0.9999812755381263
435,Host,_Send,IteratorGetNext/_6,2,4.07,2.035,4.07,2.035,0.0,0.0,7.96327688883107e-06,0.9999892388150151
436,Host,_HostSend,categorical_crossentropy/softmax_cross_entropy_with_logits/Shape_2/_9,2,2.961,1.4805,2.961,1.4805,0.0,0.0,5.793430680056216e-06,0.9999950322456952
437,Host,Identity,Identity,2,2.539,1.2695,2.539,1.2695,0.0,0.0,4.967754304850636e-06,1.0
