Rank,Host/device,Type,Operation,#Occurrences,Total time (us),Avg. time (us),Total self-time (us),Avg. self-time (us),Total self-time on Device (%),Cumulative total-self time on Device (%),Total self-time on Host (%),Cumulative total-self time on Host (%)
1,Device,IDLE,IDLE,0,3885.762,0.0,3885.762,0.0,0.08836626846120459,0.08836626846120459,0.0,0.0
2,Device,Conv2DBackpropFilter,gradient_tape/sequential/conv2d_1/Conv2D/Conv2DBackpropFilter,4,1667.649,416.91225,1667.649,416.91225,0.03792407235261947,0.12629034081382406,0.0,0.0
3,Device,Conv2DBackpropFilter,gradient_tape/sequential/conv2d_9/Conv2D/Conv2DBackpropFilter,4,1166.241,291.56025,1166.241,291.56025,0.026521533047176766,0.15281187386100084,0.0,0.0
4,Device,Conv2DBackpropFilter,gradient_tape/sequential/conv2d_10/Conv2D/Conv2DBackpropFilter,4,1157.536,289.384,1157.536,289.384,0.026323572295346164,0.179135446156347,0.0,0.0
5,Device,Conv2DBackpropFilter,gradient_tape/sequential/conv2d_11/Conv2D/Conv2DBackpropFilter,4,1150.208,287.552,1150.208,287.552,0.026156925955378944,0.20529237211172593,0.0,0.0
6,Device,Conv2DBackpropFilter,gradient_tape/sequential/conv2d_3/Conv2D/Conv2DBackpropFilter,2,1049.249,524.6245,1049.249,524.6245,0.023861013313900965,0.2291533854256269,0.0,0.0
7,Device,Conv2DBackpropInput,gradient_tape/sequential/conv2d_1/Conv2D/Conv2DBackpropInput,2,903.553,451.7765,903.553,451.7765,0.020547734772980636,0.24970112019860755,0.0,0.0
8,Device,_FusedConv2D,sequential/conv2d_1/Relu,2,899.649,449.8245,899.649,449.8245,0.02045895375343478,0.27016007395204233,0.0,0.0
9,Device,Conv2DBackpropFilter,gradient_tape/sequential/conv2d_12/Conv2D/Conv2DBackpropFilter,2,870.144,435.072,870.144,435.072,0.01978797937287626,0.2899480533249186,0.0,0.0
10,Device,Conv2DBackpropFilter,gradient_tape/sequential/conv2d_14/Conv2D/Conv2DBackpropFilter,2,868.48,434.24,868.48,434.24,0.019750138282578024,0.3096981916074966,0.0,0.0
11,Device,Conv2DBackpropFilter,gradient_tape/sequential/conv2d_13/Conv2D/Conv2DBackpropFilter,2,864.929,432.4645,864.929,432.4645,0.019669384850096637,0.32936757645759324,0.0,0.0
12,Device,ResourceApplyGradientDescent,SGD/SGD/update_34/ResourceApplyGradientDescent,2,842.433,421.2165,842.433,421.2165,0.01915780241779552,0.34852537887538876,0.0,0.0
13,Device,Conv2DBackpropFilter,gradient_tape/sequential/conv2d_15/Conv2D/Conv2DBackpropFilter,2,840.48,420.24,840.48,420.24,0.01911338916698275,0.3676387680423715,0.0,0.0
14,Device,Conv2DBackpropInput,gradient_tape/sequential/conv2d_3/Conv2D/Conv2DBackpropInput,4,775.713,193.92825,775.713,193.92825,0.01764052023949135,0.38527928828186286,0.0,0.0
15,Device,_FusedConv2D,sequential/conv2d_9/Relu,4,719.328,179.832,719.328,179.832,0.016358266707961363,0.40163755498982423,0.0,0.0
16,Device,_FusedConv2D,sequential/conv2d_10/Relu,4,710.049,177.51225,710.049,177.51225,0.01614725259926106,0.4177848075890853,0.0,0.0
17,Device,_FusedConv2D,sequential/conv2d_11/Relu,4,709.856,177.464,709.856,177.464,0.01614286357857142,0.43392767116765674,0.0,0.0
18,Device,Conv2DBackpropFilter,gradient_tape/sequential/conv2d_2/Conv2D/Conv2DBackpropFilter,4,707.744,176.936,707.744,176.936,0.01609483450242366,0.4500225056700804,0.0,0.0
19,Device,Conv2DBackpropFilter,gradient_tape/sequential/conv2d_5/Conv2D/Conv2DBackpropFilter,2,667.712,333.856,667.712,333.856,0.01518446519544116,0.46520697086552154,0.0,0.0
20,Device,Conv2DBackpropFilter,gradient_tape/sequential/conv2d_6/Conv2D/Conv2DBackpropFilter,2,667.137,333.5685,667.137,333.5685,0.015171389097531612,0.48037835996305317,0.0,0.0
21,Device,Conv2DBackpropFilter,gradient_tape/sequential/conv2d_7/Conv2D/Conv2DBackpropFilter,2,665.28,332.64,665.28,332.64,0.015129158986543741,0.49550751894959694,0.0,0.0
22,Device,_FusedConv2D,sequential/conv2d_14/Relu,4,664.448,166.112,664.448,166.112,0.015110238441394624,0.5106177573909916,0.0,0.0
23,Device,Conv2DBackpropInput,gradient_tape/sequential/conv2d_10/Conv2D/Conv2DBackpropInput,4,664.256,166.064,664.256,166.064,0.015105872161744827,0.5257236295527364,0.0,0.0
24,Device,Conv2DBackpropInput,gradient_tape/sequential/conv2d_9/Conv2D/Conv2DBackpropInput,4,661.441,165.36025,661.441,165.36025,0.015041856134587661,0.5407654856873241,0.0,0.0
25,Device,_FusedConv2D,sequential/conv2d_13/Relu,4,661.44,165.36,661.44,165.36,0.015041833393547819,0.5558073190808719,0.0,0.0
26,Device,Conv2DBackpropInput,gradient_tape/sequential/conv2d_11/Conv2D/Conv2DBackpropInput,4,660.641,165.16025,660.641,165.16025,0.015023663302713508,0.5708309823835854,0.0,0.0
27,Device,_FusedConv2D,sequential/conv2d_15/Relu,4,658.464,164.616,658.464,164.616,0.014974156058975977,0.5858051384425614,0.0,0.0
28,Device,Conv2DBackpropInput,gradient_tape/sequential/conv2d_7/Conv2D/Conv2DBackpropInput,2,649.152,324.576,649.152,324.576,0.014762391495960864,0.6005675299385222,0.0,0.0
29,Device,Conv2DBackpropInput,gradient_tape/sequential/conv2d_5/Conv2D/Conv2DBackpropInput,2,649.12,324.56,649.12,324.56,0.014761663782685897,0.6153291937212082,0.0,0.0
30,Device,Conv2DBackpropInput,gradient_tape/sequential/conv2d_6/Conv2D/Conv2DBackpropInput,2,647.521,323.7605,647.521,323.7605,0.014725300859977437,0.6300544945811857,0.0,0.0
31,Device,_FusedConv2D,sequential/conv2d_12/Relu,4,644.993,161.24825,644.993,161.24825,0.014667811511255123,0.6447223060924407,0.0,0.0
32,Device,_FusedConv2D,sequential/conv2d_3/Relu,4,628.928,157.232,628.928,157.232,0.014302476706182333,0.6590247827986231,0.0,0.0
33,Device,_FusedConv2D,sequential/conv2d_7/Relu,4,548.192,137.048,548.192,137.048,0.012466456113443042,0.6714912389120661,0.0,0.0
34,Device,_FusedConv2D,sequential/conv2d_6/Relu,4,546.304,136.576,546.304,136.576,0.012423521030220045,0.6839147599422861,0.0,0.0
35,Device,_FusedConv2D,sequential/conv2d_5/Relu,4,545.185,136.29625,545.185,136.29625,0.012398073806636076,0.6963128337489222,0.0,0.0
36,Device,_FusedConv2D,sequential/conv2d_8/Relu,2,478.752,239.376,478.752,239.376,0.010887318306766758,0.707200152055689,0.0,0.0
37,Device,Conv2DBackpropInput,gradient_tape/sequential/conv2d_2/Conv2D/Conv2DBackpropInput,2,454.272,227.136,454.272,227.136,0.010330617651417746,0.7175307697071067,0.0,0.0
38,Device,ReluGrad,gradient_tape/sequential/conv2d_1/ReluGrad,2,428.128,214.064,428.128,214.064,0.0097360759057705,0.7272668456128772,0.0,0.0
39,Device,Conv2DBackpropFilter,gradient_tape/sequential/conv2d_4/Conv2D/Conv2DBackpropFilter,2,414.432,207.216,414.432,207.216,0.00942461462408504,0.7366914602369623,0.0,0.0
40,Device,ReluGrad,gradient_tape/sequential/conv2d/ReluGrad,2,413.088,206.544,413.088,206.544,0.009394050666536468,0.7460855109034987,0.0,0.0
41,Device,Conv2DBackpropFilter,gradient_tape/sequential/conv2d/Conv2D/Conv2DBackpropFilter,2,395.84,197.92,395.84,197.92,0.009001813211329777,0.7550873241148285,0.0,0.0
42,Device,Conv2DBackpropInput,gradient_tape/sequential/conv2d_14/Conv2D/Conv2DBackpropInput,4,395.648,98.912,395.648,98.912,0.008997446931679982,0.7640847710465085,0.0,0.0
43,Device,_FusedConv2D,sequential/conv2d_2/Relu,4,395.616,98.904,395.616,98.904,0.008996719218405015,0.7730814902649136,0.0,0.0
44,Device,Conv2DBackpropInput,gradient_tape/sequential/conv2d_13/Conv2D/Conv2DBackpropInput,4,393.92,98.48,393.92,98.48,0.008958150414831816,0.7820396406797454,0.0,0.0
45,Device,Conv2DBackpropInput,gradient_tape/sequential/conv2d_15/Conv2D/Conv2DBackpropInput,4,391.296,97.824,391.296,97.824,0.008898477926284601,0.79093811860603,0.0,0.0
46,Device,MatMul,gradient_tape/sequential/dense_1/MatMul/MatMul_1,2,388.48,194.24,388.48,194.24,0.008834439158087591,0.7997725577641176,0.0,0.0
47,Device,Conv2DBackpropInput,gradient_tape/sequential/conv2d_12/Conv2D/Conv2DBackpropInput,4,387.84,96.96,387.84,96.96,0.008819884892588269,0.8085924426567058,0.0,0.0
48,Device,Conv2DBackpropFilter,gradient_tape/sequential/conv2d_8/Conv2D/Conv2DBackpropFilter,4,383.36,95.84,383.36,95.84,0.008718005034093026,0.8173104476907989,0.0,0.0
49,Device,MaxPoolGrad,gradient_tape/sequential/max_pooling2d_3/MaxPool/MaxPoolGrad,2,380.897,190.4485,380.897,190.4485,0.008661993852960485,0.8259724415437594,0.0,0.0
50,Device,Conv2DBackpropInput,gradient_tape/sequential/conv2d_8/Conv2D/Conv2DBackpropInput,4,376.768,94.192,376.768,94.192,0.008568096099450024,0.8345405376432093,0.0,0.0
51,Device,MatMul,gradient_tape/sequential/dense_1/MatMul/MatMul,2,369.664,184.832,369.664,184.832,0.008406543752407566,0.8429470813956169,0.0,0.0
52,Device,Conv2DBackpropInput,gradient_tape/sequential/conv2d_4/Conv2D/Conv2DBackpropInput,4,341.888,85.472,341.888,85.472,0.007774888629737052,0.850721970025354,0.0,0.0
53,Device,MaxPoolGrad,gradient_tape/sequential/max_pooling2d_4/MaxPool/MaxPoolGrad,2,341.152,170.576,341.152,170.576,0.007758151224412834,0.8584801212497668,0.0,0.0
54,Device,MaxPoolGrad,gradient_tape/sequential/max_pooling2d/MaxPool/MaxPoolGrad,2,307.264,153.632,307.264,153.632,0.00698750286622381,0.8654676241159907,0.0,0.0
55,Device,_FusedConv2D,sequential/conv2d_4/Relu,4,303.328,75.832,303.328,75.832,0.006897994133402988,0.8723656182493936,0.0,0.0
56,Device,MatMul,sequential/dense_1/MatMul,2,301.6,150.8,301.6,150.8,0.006858697616554823,0.8792243158659484,0.0,0.0
57,Device,_FusedConv2D,sequential/conv2d/Relu,2,245.28,122.64,245.28,122.64,0.0055779222526146114,0.8848022381185631,0.0,0.0
58,Device,MaxPoolGrad,gradient_tape/sequential/max_pooling2d_2/MaxPool/MaxPoolGrad,2,221.504,110.752,221.504,110.752,0.005037231289314852,0.889839469407878,0.0,0.0
59,Device,ReluGrad,gradient_tape/sequential/conv2d_3/ReluGrad,2,213.952,106.976,213.952,106.976,0.004865490956422869,0.8947049603643008,0.0,0.0
60,Device,ReluGrad,gradient_tape/sequential/conv2d_2/ReluGrad,2,199.808,99.904,199.808,99.904,0.004543841688887884,0.8992488020531887,0.0,0.0
61,Device,MaxPool,sequential/max_pooling2d/MaxPool,2,175.456,87.728,175.456,87.728,0.003990051886638736,0.9032388539398274,0.0,0.0
62,Device,MaxPoolGrad,gradient_tape/sequential/max_pooling2d_1/MaxPool/MaxPoolGrad,2,172.768,86.384,172.768,86.384,0.00392892397154159,0.9071677779113689,0.0,0.0
63,Device,BiasAddGrad,gradient_tape/sequential/conv2d_1/BiasAdd/BiasAddGrad,2,160.928,80.464,160.928,80.464,0.0036596700598041593,0.9108274479711731,0.0,0.0
64,Device,BiasAddGrad,gradient_tape/sequential/conv2d/BiasAdd/BiasAddGrad,2,156.544,78.272,156.544,78.272,0.0035599733411338136,0.9143874213123069,0.0,0.0
65,Device,ResourceApplyGradientDescent,SGD/SGD/update_18/ResourceApplyGradientDescent,2,123.936,61.968,123.936,61.968,0.0028184335139434303,0.9172058548262503,0.0,0.0
66,Device,ResourceApplyGradientDescent,SGD/SGD/update_22/ResourceApplyGradientDescent,2,123.872,61.936,123.872,61.936,0.0028169780873934978,0.9200228329136437,0.0,0.0
67,Device,ResourceApplyGradientDescent,SGD/SGD/update_20/ResourceApplyGradientDescent,2,123.424,61.712,123.424,61.712,0.0028067901015439737,0.9228296230151877,0.0,0.0
68,Device,ResourceApplyGradientDescent,SGD/SGD/update_30/ResourceApplyGradientDescent,2,120.993,60.4965,120.993,60.4965,0.002751506633686398,0.9255811296488741,0.0,0.0
69,Device,ResourceApplyGradientDescent,SGD/SGD/update_26/ResourceApplyGradientDescent,2,120.352,60.176,120.352,60.176,0.0027369296271472347,0.9283180592760213,0.0,0.0
70,Device,ResourceApplyGradientDescent,SGD/SGD/update_24/ResourceApplyGradientDescent,2,119.84,59.92,119.84,59.92,0.0027252862147477785,0.9310433454907691,0.0,0.0
71,Device,ResourceApplyGradientDescent,SGD/SGD/update_28/ResourceApplyGradientDescent,2,119.136,59.568,119.136,59.568,0.0027092765226985256,0.9337526220134675,0.0,0.0
72,Device,ReluGrad,gradient_tape/sequential/conv2d_4/ReluGrad,2,109.472,54.736,109.472,54.736,0.002489507113658785,0.9362421291271263,0.0,0.0
73,Device,ReluGrad,gradient_tape/sequential/conv2d_5/ReluGrad,2,108.576,54.288,108.576,54.288,0.002469131141959736,0.9387112602690861,0.0,0.0
74,Device,ReluGrad,gradient_tape/sequential/conv2d_6/ReluGrad,2,108.416,54.208,108.416,54.208,0.002465492575584906,0.9411767528446711,0.0,0.0
75,Device,ResourceApplyGradientDescent,SGD/SGD/update_32/ResourceApplyGradientDescent,2,105.92,52.96,105.92,52.96,0.002408730940137556,0.9435854837848087,0.0,0.0
76,Device,MaxPool,sequential/max_pooling2d_1/MaxPool,2,102.368,51.184,102.368,51.184,0.0023279547666163265,0.945913438551425,0.0,0.0
77,Device,BiasAddGrad,gradient_tape/sequential/conv2d_3/BiasAdd/BiasAddGrad,2,100.896,50.448,100.896,50.448,0.0022944799559678894,0.9482079185073928,0.0,0.0
78,Device,SoftmaxCrossEntropyWithLogits,categorical_crossentropy/softmax_cross_entropy_with_logits,2,100.832,50.416,100.832,50.416,0.002293024529417957,0.9505009430368108,0.0,0.0
79,Device,BiasAddGrad,gradient_tape/sequential/conv2d_2/BiasAdd/BiasAddGrad,2,99.616,49.808,99.616,49.808,0.002265371424969248,0.9527663144617801,0.0,0.0
80,Device,ReluGrad,gradient_tape/sequential/conv2d_7/ReluGrad,2,99.36,49.68,99.36,49.68,0.0022595497187695196,0.9550258641805496,0.0,0.0
81,Device,_Send,IteratorGetNext/_1,1,81.824,81.824,81.824,81.824,0.001860762844088136,0.9568866270246377,0.0,0.0
82,Device,_Recv,IteratorGetNext/_2,1,78.336,78.336,78.336,78.336,0.0017814420971168387,0.9586680691217545,0.0,0.0
83,Device,MatMul,gradient_tape/sequential/dense/MatMul/MatMul,2,71.648,35.824,71.648,35.824,0.0016293500226489386,0.9602974191444035,0.0,0.0
84,Device,MatMul,gradient_tape/sequential/dense/MatMul/MatMul_1,2,65.152,32.576,65.152,32.576,0.0014816242278308349,0.9617790433722343,0.0,0.0
85,Device,ResourceApplyGradientDescent,SGD/SGD/update_16/ResourceApplyGradientDescent,2,65.056,32.528,65.056,32.528,0.0014794410880059367,0.9632584844602402,0.0,0.0
86,Device,BiasAddGrad,gradient_tape/sequential/conv2d_7/BiasAdd/BiasAddGrad,2,58.112,29.056,58.112,29.056,0.0013215273073383085,0.9645800117675785,0.0,0.0
87,Device,BiasAddGrad,gradient_tape/sequential/conv2d_6/BiasAdd/BiasAddGrad,2,57.856,28.928,57.856,28.928,0.0013157056011385802,0.965895717368717,0.0,0.0
88,Device,BiasAddGrad,gradient_tape/sequential/conv2d_5/BiasAdd/BiasAddGrad,2,57.408,28.704,57.408,28.704,0.0013055176152890558,0.9672012349840061,0.0,0.0
89,Device,ReluGrad,gradient_tape/sequential/conv2d_8/ReluGrad,2,56.576,28.288,56.576,28.288,0.0012865970701399392,0.968487832054146,0.0,0.0
90,Device,ReluGrad,gradient_tape/sequential/conv2d_10/ReluGrad,2,55.68,27.84,55.68,27.84,0.0012662210984408903,0.9697540531525869,0.0,0.0
91,Device,ReluGrad,gradient_tape/sequential/conv2d_9/ReluGrad,2,55.296,27.648,55.296,27.648,0.001257488539141298,0.9710115416917282,0.0,0.0
92,Device,MatMul,sequential/dense/MatMul,2,52.0,26.0,52.0,26.0,0.001182534071819797,0.972194075763548,0.0,0.0
93,Device,BiasAddGrad,gradient_tape/sequential/conv2d_4/BiasAdd/BiasAddGrad,2,50.048,25.024,50.048,25.024,0.0011381435620468692,0.9733322193255949,0.0,0.0
94,Device,MaxPool,sequential/max_pooling2d_2/MaxPool,2,47.872,23.936,47.872,23.936,0.0010886590593491793,0.9744208783849441,0.0,0.0
95,Device,BiasAddGrad,gradient_tape/sequential/conv2d_8/BiasAdd/BiasAddGrad,2,46.528,23.264,46.528,23.264,0.001058095101800606,0.9754789734867447,0.0,0.0
96,Device,BiasAddGrad,gradient_tape/sequential/conv2d_9/BiasAdd/BiasAddGrad,2,45.12,22.56,45.12,22.56,0.0010260757177021006,0.9765050492044468,0.0,0.0
97,Device,BiasAddGrad,gradient_tape/sequential/conv2d_10/BiasAdd/BiasAddGrad,2,44.896,22.448,44.896,22.448,0.0010209817247773386,0.9775260309292242,0.0,0.0
98,Device,BiasAddGrad,gradient_tape/sequential/conv2d_11/BiasAdd/BiasAddGrad,2,44.736,22.368,44.736,22.368,0.0010173431584025083,0.9785433740876267,0.0,0.0
99,Device,ReluGrad,gradient_tape/sequential/conv2d_11/ReluGrad,2,37.6,18.8,37.6,18.8,0.000855063098085084,0.9793984371857117,0.0,0.0
100,Device,ResourceApplyGradientDescent,SGD/SGD/update_10/ResourceApplyGradientDescent,2,34.144,17.072,34.144,17.072,0.0007764700643887528,0.9801749072501005,0.0,0.0
101,Device,ResourceApplyGradientDescent,SGD/SGD/update_12/ResourceApplyGradientDescent,2,33.696,16.848,33.696,16.848,0.0007662820785392284,0.9809411893286397,0.0,0.0
102,Device,ResourceApplyGradientDescent,SGD/SGD/update_14/ResourceApplyGradientDescent,2,33.632,16.816,33.632,16.816,0.0007648266519892963,0.981706015980629,0.0,0.0
103,Device,BiasAddGrad,gradient_tape/sequential/conv2d_13/BiasAdd/BiasAddGrad,2,32.736,16.368,32.736,16.368,0.0007444506802902475,0.9824504666609193,0.0,0.0
104,Device,BiasAddGrad,gradient_tape/sequential/conv2d_14/BiasAdd/BiasAddGrad,2,32.384,16.192,32.384,16.192,0.0007364458342656213,0.9831869124951849,0.0,0.0
105,Device,BiasAddGrad,gradient_tape/sequential/conv2d_12/BiasAdd/BiasAddGrad,2,32.352,16.176,32.352,16.176,0.0007357181209906551,0.9839226306161755,0.0,0.0
106,Device,BiasAddGrad,gradient_tape/sequential/conv2d_15/BiasAdd/BiasAddGrad,2,31.264,15.632,31.264,15.632,0.0007109758696418103,0.9846336064858173,0.0,0.0
107,Device,ReluGrad,gradient_tape/sequential/dense/ReluGrad,2,30.56,15.28,30.56,15.28,0.0006949661775925576,0.9853285726634099,0.0,0.0
108,Device,MatMul,sequential/dense_2/MatMul,2,28.544,14.272,28.544,14.272,0.0006491202412696978,0.9859776929046796,0.0,0.0
109,Device,Transpose,gradient_tape/sequential/conv2d/Conv2D/Conv2DBackpropFilter-0-TransposeNHWCToNCHW-LayoutOptimizer,2,24.864,12.432,24.864,12.432,0.0005654332146486045,0.9865431261193283,0.0,0.0
110,Device,ResourceApplyGradientDescent,SGD/SGD/update_8/ResourceApplyGradientDescent,2,20.704,10.352,20.704,10.352,0.0004708304889030207,0.9870139566082313,0.0,0.0
111,Device,BiasAddGrad,gradient_tape/sequential/dense/BiasAdd/BiasAddGrad,2,20.544,10.272,20.544,10.272,0.00046719192252819055,0.9874811485307595,0.0,0.0
112,Device,ReluGrad,gradient_tape/sequential/dense_1/ReluGrad,2,19.936,9.968,19.936,9.968,0.000453365370303836,0.9879345139010633,0.0,0.0
113,Device,Softmax,sequential/dense_2/Softmax,2,19.424,9.712,19.424,9.712,0.0004417219579043795,0.9883762358589677,0.0,0.0
114,Device,MatMul,gradient_tape/sequential/dense_2/MatMul/MatMul_1,2,19.232,9.616,19.232,9.616,0.00043735567825458336,0.9888135915372223,0.0,0.0
115,Device,BiasAddGrad,gradient_tape/sequential/dense_1/BiasAdd/BiasAddGrad,2,18.528,9.264,18.528,9.264,0.0004213459862053307,0.9892349375234276,0.0,0.0
116,Device,ReluGrad,gradient_tape/sequential/conv2d_12/ReluGrad,2,18.176,9.088,18.176,9.088,0.0004133411401807044,0.9896482786636083,0.0,0.0
117,Device,ReluGrad,gradient_tape/sequential/conv2d_14/ReluGrad,2,18.016,9.008,18.016,9.008,0.00040970257380587425,0.9900579812374142,0.0,0.0
118,Device,ReluGrad,gradient_tape/sequential/conv2d_13/ReluGrad,2,17.344,8.672,17.344,8.672,0.0003944205950315877,0.9904524018324458,0.0,0.0
119,Device,MatMul,gradient_tape/sequential/dense_2/MatMul/MatMul,2,15.36,7.68,15.36,7.68,0.00034930237198369386,0.9908017042044295,0.0,0.0
120,Device,MaxPool,sequential/max_pooling2d_3/MaxPool,2,14.624,7.312,14.624,7.312,0.0003325649666594752,0.9911342691710889,0.0,0.0
121,Device,ResourceApplyGradientDescent,SGD/SGD/update_6/ResourceApplyGradientDescent,2,12.96,6.48,12.96,6.48,0.0002947238763612417,0.9914289930474501,0.0,0.0
122,Device,BiasAddGrad,gradient_tape/sequential/dense_2/BiasAdd/BiasAddGrad,2,12.672,6.336,12.672,6.336,0.00028817445688654746,0.9917171675043367,0.0,0.0
123,Device,BiasAdd,sequential/dense/BiasAdd,2,11.264,5.632,11.264,5.632,0.0002561550727880422,0.9919733225771248,0.0,0.0
124,Device,BiasAdd,sequential/dense_1/BiasAdd,2,10.656,5.328,10.656,5.328,0.00024232852056368763,0.9922156510976885,0.0,0.0
125,Device,ResourceApplyGradientDescent,SGD/SGD/update_4/ResourceApplyGradientDescent,2,10.336,5.168,10.336,5.168,0.00023505138781402735,0.9924507024855025,0.0,0.0
126,Device,Relu,sequential/dense/Relu,2,10.304,5.152,10.304,5.152,0.0002343236745390613,0.9926850261600415,0.0,0.0
127,Device,Relu,sequential/dense_1/Relu,2,9.824,4.912,9.824,4.912,0.00022340797541457088,0.992908434135456,0.0,0.0
128,Device,MaxPool,sequential/max_pooling2d_4/MaxPool,2,9.504,4.752,9.504,4.752,0.00021613084266491057,0.993124564978121,0.0,0.0
129,Device,ResourceApplyGradientDescent,SGD/SGD/update_2/ResourceApplyGradientDescent,2,8.48,4.24,8.48,4.24,0.00019284401786599767,0.993317408995987,0.0,0.0
130,Device,ReluGrad,gradient_tape/sequential/conv2d_15/ReluGrad,2,8.448,4.224,8.448,4.224,0.00019211630459103164,0.993509525300578,0.0,0.0
131,Device,ResourceApplyGradientDescent,SGD/SGD/update_36/ResourceApplyGradientDescent,2,8.416,4.208,8.416,4.208,0.0001913885913160656,0.9937009138918941,0.0,0.0
132,Device,ResourceApplyGradientDescent,SGD/SGD/update_33/ResourceApplyGradientDescent,2,7.968,3.984,7.968,3.984,0.0001812006054665412,0.9938821144973606,0.0,0.0
133,Device,ResourceApplyGradientDescent,SGD/SGD/update_35/ResourceApplyGradientDescent,2,7.68,3.84,7.68,3.84,0.00017465118599184693,0.9940567656833524,0.0,0.0
134,Device,ArgMax,ArgMax,2,7.648,3.824,7.648,3.824,0.0001739234727168809,0.9942306891560693,0.0,0.0
135,Device,ArgMax,ArgMax_1,2,7.456,3.728,7.456,3.728,0.00016955719306708476,0.9944002463491364,0.0,0.0
136,Device,ResourceApplyGradientDescent,SGD/SGD/update/ResourceApplyGradientDescent,2,6.944,3.472,6.944,3.472,0.00015791378066762828,0.994558160129804,0.0,0.0
137,Device,ResourceApplyGradientDescent,SGD/SGD/update_23/ResourceApplyGradientDescent,2,6.784,3.392,6.784,3.392,0.00015427521429279813,0.9947124353440968,0.0,0.0
138,Device,ResourceApplyGradientDescent,SGD/SGD/update_1/ResourceApplyGradientDescent,2,6.624,3.312,6.624,3.312,0.00015063664791796797,0.9948630719920147,0.0,0.0
139,Device,ResourceApplyGradientDescent,SGD/SGD/update_11/ResourceApplyGradientDescent,2,6.624,3.312,6.624,3.312,0.00015063664791796797,0.9950137086399327,0.0,0.0
140,Device,ResourceApplyGradientDescent,SGD/SGD/update_31/ResourceApplyGradientDescent,2,6.56,3.28,6.56,3.28,0.00014918122136803593,0.9951628898613007,0.0,0.0
141,Device,ResourceApplyGradientDescent,SGD/SGD/update_25/ResourceApplyGradientDescent,2,6.528,3.264,6.528,3.264,0.0001484535080930699,0.9953113433693939,0.0,0.0
142,Device,ResourceApplyGradientDescent,SGD/SGD/update_27/ResourceApplyGradientDescent,2,6.464,3.232,6.464,3.232,0.00014699808154313785,0.995458341450937,0.0,0.0
143,Device,ResourceApplyGradientDescent,SGD/SGD/update_17/ResourceApplyGradientDescent,2,6.432,3.216,6.432,3.216,0.0001462703682681718,0.9956046118192052,0.0,0.0
144,Device,ResourceApplyGradientDescent,SGD/SGD/update_19/ResourceApplyGradientDescent,2,6.432,3.216,6.432,3.216,0.0001462703682681718,0.9957508821874734,0.0,0.0
145,Device,ResourceApplyGradientDescent,SGD/SGD/update_29/ResourceApplyGradientDescent,2,6.432,3.216,6.432,3.216,0.0001462703682681718,0.9958971525557416,0.0,0.0
146,Device,ResourceApplyGradientDescent,SGD/SGD/update_3/ResourceApplyGradientDescent,2,6.432,3.216,6.432,3.216,0.0001462703682681718,0.9960434229240098,0.0,0.0
147,Device,ResourceApplyGradientDescent,SGD/SGD/update_9/ResourceApplyGradientDescent,2,6.432,3.216,6.432,3.216,0.0001462703682681718,0.996189693292278,0.0,0.0
148,Device,ResourceApplyGradientDescent,SGD/SGD/update_13/ResourceApplyGradientDescent,2,6.368,3.184,6.368,3.184,0.00014481494171823977,0.9963345082339963,0.0,0.0
149,Device,ResourceApplyGradientDescent,SGD/SGD/update_21/ResourceApplyGradientDescent,2,6.368,3.184,6.368,3.184,0.00014481494171823977,0.9964793231757145,0.0,0.0
150,Device,ResourceApplyGradientDescent,SGD/SGD/update_37/ResourceApplyGradientDescent,2,6.336,3.168,6.336,3.168,0.00014408722844327373,0.9966234104041578,0.0,0.0
151,Device,ResourceApplyGradientDescent,SGD/SGD/update_5/ResourceApplyGradientDescent,2,6.336,3.168,6.336,3.168,0.00014408722844327373,0.9967674976326011,0.0,0.0
152,Device,ResourceApplyGradientDescent,SGD/SGD/update_7/ResourceApplyGradientDescent,2,6.336,3.168,6.336,3.168,0.00014408722844327373,0.9969115848610444,0.0,0.0
153,Device,ResourceApplyGradientDescent,SGD/SGD/update_15/ResourceApplyGradientDescent,2,6.304,3.152,6.304,3.152,0.0001433595151683077,0.9970549443762127,0.0,0.0
154,Device,DivNoNan,categorical_crossentropy/weighted_loss/value,2,6.272,3.136,6.272,3.136,0.00014263180189334168,0.997197576178106,0.0,0.0
155,Device,AssignAddVariableOp,AssignAddVariableOp_4,2,6.048,3.024,6.048,3.024,0.00013753780896857946,0.9973351139870745,0.0,0.0
156,Device,Tile,gradient_tape/categorical_crossentropy/weighted_loss/Tile_1,2,5.984,2.992,5.984,2.992,0.0001360823824186474,0.9974711963694932,0.0,0.0
157,Device,AssignAddVariableOp,SGD/SGD/AssignAddVariableOp,2,5.952,2.976,5.952,2.976,0.00013535466914368137,0.9976065510386369,0.0,0.0
158,Device,Mul,gradient_tape/categorical_crossentropy/softmax_cross_entropy_with_logits/mul,2,5.792,2.896,5.792,2.896,0.00013171610276885122,0.9977382671414058,0.0,0.0
159,Device,Equal,Equal,2,5.728,2.864,5.728,2.864,0.00013026067621891917,0.9978685278176247,0.0,0.0
160,Device,BiasAdd,sequential/dense_2/BiasAdd,2,5.696,2.848,5.696,2.848,0.00012953296294395314,0.9979980607805686,0.0,0.0
161,Device,AssignAddVariableOp,AssignAddVariableOp_2,2,5.664,2.832,5.664,2.832,0.0001288052496689871,0.9981268660302376,0.0,0.0
162,Device,AssignAddVariableOp,AssignAddVariableOp_3,2,5.632,2.816,5.632,2.816,0.0001280775363940211,0.9982549435666316,0.0,0.0
163,Device,Sum,categorical_crossentropy/weighted_loss/Sum,2,5.536,2.768,5.536,2.768,0.00012589439656912298,0.9983808379632007,0.0,0.0
164,Device,DivNoNan,gradient_tape/categorical_crossentropy/weighted_loss/value/div_no_nan,2,5.536,2.768,5.536,2.768,0.00012589439656912298,0.9985067323597697,0.0,0.0
165,Device,Mul,Mul,2,5.504,2.752,5.504,2.752,0.00012516668329415697,0.9986318990430639,0.0,0.0
166,Device,AssignAddVariableOp,AssignAddVariableOp_1,2,5.472,2.736,5.472,2.736,0.00012443897001919096,0.9987563380130832,0.0,0.0
167,Device,AssignAddVariableOp,AssignAddVariableOp,2,5.408,2.704,5.408,2.704,0.0001229835434692589,0.9988793215565525,0.0,0.0
168,Device,Sum,Sum_2,2,5.312,2.656,5.312,2.656,0.00012080040364436081,0.9990001219601968,0.0,0.0
169,Device,Cast,Cast,2,5.216,2.608,5.216,2.608,0.00011861726381946271,0.9991187392240163,0.0,0.0
170,Device,DivNoNan,div_no_nan,2,5.216,2.608,5.216,2.608,0.00011861726381946271,0.9992373564878357,0.0,0.0
171,Device,DivNoNan,div_no_nan_1,2,5.216,2.608,5.216,2.608,0.00011861726381946271,0.9993559737516552,0.0,0.0
172,Device,Cast,Cast_1,2,5.024,2.512,5.024,2.512,0.00011425098416966654,0.9994702247358248,0.0,0.0
173,Device,Cast,Cast_2,2,5.024,2.512,5.024,2.512,0.00011425098416966654,0.9995844757199944,0.0,0.0
174,Device,Cast,categorical_crossentropy/weighted_loss/num_elements/Cast,2,4.928,2.464,4.928,2.464,0.00011206784434476846,0.9996965435643392,0.0,0.0
175,Device,_Recv,categorical_crossentropy/weighted_loss/num_elements/_14,2,4.0,2.0,4.0,2.0,9.096415937075362e-05,0.99978750772371,0.0,0.0
176,Device,LogicalAnd,LogicalAnd,1,2.848,2.848,2.848,2.848,6.476648147197657e-05,0.999852274205182,0.0,0.0
177,Device,_Recv,Size/_16,2,2.56,1.28,2.56,1.28,5.8217061997282317e-05,0.9999104912671792,0.0,0.0
178,Device,_Recv,strided_slice/_12,2,1.728,0.864,1.728,0.864,3.929651684816556e-05,0.9999497877840274,0.0,0.0
179,Device,_Send,IteratorGetNext/_3,1,1.12,1.12,1.12,1.12,2.5469964623811014e-05,0.9999752577486513,0.0,0.0
180,Device,_Recv,IteratorGetNext/_4,1,1.088,1.088,1.088,1.088,2.4742251348844984e-05,1.0,0.0,0.0
181,Host,IDLE,IDLE,0,111751.823,0.0,111751.823,0.0,0.0,0.0,0.9926776494256399,0.9926776494256399
182,Host,GatherV2,GatherV2,2,509.825,254.9125,509.825,254.9125,0.0,0.0,0.004528712543851986,0.9972063619694919
183,Host,Dataset,Iterator::Root::ParallelMapV2::Zip[1]::ForeverRepeat,2,42.638,21.319,39.438,19.719,0.0,0.0,0.00035032288590091624,0.9975566848553927
184,Host,Dataset,Iterator::Root::ParallelMapV2::Zip[0]::FlatMap[1]::Concatenate,2,60.558,30.279,38.868,19.434,0.0,0.0,0.0003452596462598715,0.9979019445016526
185,Host,FlushSummaryWriter,FlushSummaryWriter,1,37.064,37.064,37.064,37.064,0.0,0.0,0.00032923493693979303,0.9982311794385924
186,Host,LogicalAnd,LogicalAnd,1,35.077,35.077,35.077,35.077,0.0,0.0,0.00031158466120864237,0.998542764099801
187,Host,GatherV2,GatherV2_1,2,30.69,15.345,30.69,15.345,0.0,0.0,0.0002726154817257244,0.9988153795815268
188,Host,Dataset,Iterator::Root::ParallelMapV2,2,29.373,14.6865,29.373,14.6865,0.0,0.0,0.00026091673329194207,0.9990762963148188
189,Host,Dataset,Iterator::Root,2,54.435,27.2175,25.062,12.531,0.0,0.0,0.00022262265242783006,0.9992989189672465
190,Host,WriteSummary,WriteSummary,1,21.934,21.934,21.934,21.934,0.0,0.0,0.00019483701453802668,0.9994937559817846
191,Host,Dataset,Iterator::Root::ParallelMapV2::Zip[0]::FlatMap[1]::Concatenate[0]::TensorSlice,2,21.69,10.845,21.69,10.845,0.0,0.0,0.00019266959265659702,0.9996864255744412
192,Host,IteratorGetNext,IteratorGetNext,2,10.991,5.4955,10.991,5.4955,0.0,0.0,9.7631696306531e-05,0.9997840572707477
193,Host,Dataset,Iterator::Root::ParallelMapV2::Zip,2,115.318,57.659,8.819,4.4095,0.0,0.0,7.833808841118161e-05,0.9998623953591589
194,Host,ReadVariableOp,ReadVariableOp,1,6.533,6.533,6.533,6.533,0.0,0.0,5.803183258762325e-05,0.9999204271917465
195,Host,Dataset,Iterator::Root::ParallelMapV2::Zip[0]::FlatMap,2,63.861,31.9305,3.303,1.6515,0.0,0.0,2.934014128836975e-05,0.9999497673330349
196,Host,Dataset,Iterator::Root::ParallelMapV2::Zip[1]::ForeverRepeat::FromTensor,4,3.2,0.8,3.2,0.8,0.0,0.0,2.8425205002356406e-05,0.9999781925380372
197,Host,Identity,Identity,2,2.455,1.2275,2.455,1.2275,0.0,0.0,2.1807461962745306e-05,1.0
