Rank,Host/device,Type,Operation,#Occurrences,Total time (us),Avg. time (us),Total self-time (us),Avg. self-time (us),Total self-time on Device (%),Cumulative total-self time on Device (%),Total self-time on Host (%),Cumulative total-self time on Host (%)
1,Device,IDLE,IDLE,0,34226.378,0.0,34226.378,0.0,0.045109420550587254,0.045109420550587254,0.0,0.0
2,Device,_Recv,IteratorGetNext/_2,2,7381.483,3690.7415,7381.483,3690.7415,0.00972859064824243,0.05483801119882968,0.0,0.0
3,Device,Conv2DBackpropFilter,gradient_tape/inception_resnet_v2/conv2d_2/Conv2D/Conv2DBackpropFilter,2,6832.489,3416.2445,6832.489,3416.2445,0.00900503172460321,0.06384304292343289,0.0,0.0
4,Device,Conv2DBackpropFilter,gradient_tape/inception_resnet_v2/conv2d_4/Conv2D/Conv2DBackpropFilter,2,6224.297,3112.1485,6224.297,3112.1485,0.008203451472567696,0.07204649439600058,0.0,0.0
5,Device,Conv2DBackpropInput,gradient_tape/inception_resnet_v2/conv2d_4/Conv2D/Conv2DBackpropInput,4,5738.856,1434.714,5738.856,1434.714,0.007563653646998843,0.07961014804299943,0.0,0.0
6,Device,FusedBatchNormGradV3,gradient_tape/inception_resnet_v2/batch_normalization_2/FusedBatchNormGradV3,2,5268.039,2634.0195,5268.039,2634.0195,0.006943129849378019,0.08655327789237745,0.0,0.0
7,Device,Conv2DBackpropInput,gradient_tape/inception_resnet_v2/conv2d_2/Conv2D/Conv2DBackpropInput,2,5051.464,2525.732,5051.464,2525.732,0.006657689983209783,0.09321096787558723,0.0,0.0
8,Device,Conv2D,inception_resnet_v2/conv2d_2/Conv2D,2,4842.567,2421.2835,4842.567,2421.2835,0.006382369508903211,0.09959333738449044,0.0,0.0
9,Device,FusedBatchNormV3,inception_resnet_v2/batch_normalization_2/FusedBatchNormV3,4,4534.47,1133.6175,4534.47,1133.6175,0.005976306175430582,0.10556964355992103,0.0,0.0
10,Device,Conv2D,inception_resnet_v2/conv2d_4/Conv2D,4,3710.309,927.57725,3710.309,927.57725,0.004890084748483432,0.11045972830840446,0.0,0.0
11,Device,Conv2DBackpropFilter,gradient_tape/inception_resnet_v2/conv2d_1/Conv2D/Conv2DBackpropFilter,2,3703.941,1851.9705,3703.941,1851.9705,0.004881691900427287,0.11534142020883174,0.0,0.0
12,Device,Conv2D,inception_resnet_v2/conv2d_1/Conv2D,2,3592.933,1796.4665,3592.933,1796.4665,0.004735386423508883,0.12007680663234063,0.0,0.0
13,Device,Conv2DBackpropFilter,gradient_tape/inception_resnet_v2/conv2d_74/Conv2D/Conv2DBackpropFilter,2,3567.718,1783.859,3567.718,1783.859,0.004702153750183559,0.12477896038252419,0.0,0.0
14,Device,Conv2DBackpropInput,gradient_tape/inception_resnet_v2/conv2d_1/Conv2D/Conv2DBackpropInput,2,3554.149,1777.0745,3554.149,1777.0745,0.004684270183086541,0.12946323056561074,0.0,0.0
15,Device,MaxPoolGrad,gradient_tape/inception_resnet_v2/max_pooling2d/MaxPool/MaxPoolGrad,2,3343.589,1671.7945,3343.589,1671.7945,0.004406757920727618,0.13386998848633835,0.0,0.0
16,Device,FusedBatchNormGradV3,gradient_tape/inception_resnet_v2/batch_normalization/FusedBatchNormGradV3,2,3211.461,1605.7305,3211.461,1605.7305,0.004232616867341601,0.13810260535367996,0.0,0.0
17,Device,Conv2DBackpropInput,gradient_tape/inception_resnet_v2/conv2d_74/Conv2D/Conv2DBackpropInput,4,3144.676,786.169,3144.676,786.169,0.004144596082569372,0.14224720143624933,0.0,0.0
18,Device,FusedBatchNormGradV3,gradient_tape/inception_resnet_v2/batch_normalization_1/FusedBatchNormGradV3,2,3095.557,1547.7785,3095.557,1547.7785,0.004079858597696613,0.14632706003394594,0.0,0.0
19,Device,FusedBatchNormGradV3,gradient_tape/inception_resnet_v2/batch_normalization_4/FusedBatchNormGradV3,2,3039.365,1519.6825,3039.365,1519.6825,0.0040057990942464206,0.15033285912819236,0.0,0.0
20,Device,Conv2D,inception_resnet_v2/conv2d_74/Conv2D,4,2890.66,722.665,2890.66,722.665,0.003809810012872544,0.1541426691410649,0.0,0.0
21,Device,Conv2DBackpropInput,gradient_tape/inception_resnet_v2/conv2d_72/Conv2D/Conv2DBackpropInput,2,2850.18,1425.09,2850.18,1425.09,0.0037564584913096204,0.15789912763237451,0.0,0.0
22,Device,ReluGrad,gradient_tape/inception_resnet_v2/activation_2/ReluGrad,2,2527.748,1263.874,2527.748,1263.874,0.003331502023904073,0.16123062965627857,0.0,0.0
23,Device,Conv2DBackpropInput,gradient_tape/inception_resnet_v2/conv2d_75/Conv2D/Conv2DBackpropInput,2,2371.396,1185.698,2371.396,1185.698,0.0031254344078120223,0.1643560640640906,0.0,0.0
24,Device,Conv2DBackpropFilter,gradient_tape/inception_resnet_v2/conv2d_72/Conv2D/Conv2DBackpropFilter,4,2283.46,570.865,2283.46,570.865,0.0030095371894286907,0.1673656012535193,0.0,0.0
25,Device,Conv2D,inception_resnet_v2/conv2d_72/Conv2D,4,2140.452,535.113,2140.452,535.113,0.002821056596650268,0.17018665785016956,0.0,0.0
26,Device,FusedBatchNormV3,inception_resnet_v2/batch_normalization_1/FusedBatchNormV3,4,2028.387,507.09675,2028.387,507.09675,0.0026733580229361116,0.17286001587310568,0.0,0.0
27,Device,FusedBatchNormV3,inception_resnet_v2/batch_normalization/FusedBatchNormV3,4,1924.899,481.22475,1924.899,481.22475,0.0025369636982448115,0.17539697957135048,0.0,0.0
28,Device,Conv2DBackpropFilter,gradient_tape/inception_resnet_v2/conv2d_75/Conv2D/Conv2DBackpropFilter,4,1886.21,471.5525,1886.21,471.5525,0.0024859726651976785,0.17788295223654815,0.0,0.0
29,Device,FusedBatchNormV3,inception_resnet_v2/batch_normalization_4/FusedBatchNormV3,4,1878.211,469.55275,1878.211,469.55275,0.0024754302042050446,0.1803583824407532,0.0,0.0
30,Device,Conv2D,inception_resnet_v2/conv_7b/Conv2D,4,1779.042,444.7605,1779.042,444.7605,0.002344728202182476,0.18270311064293568,0.0,0.0
31,Device,Conv2DBackpropInput,gradient_tape/inception_resnet_v2/conv_7b/Conv2D/Conv2DBackpropInput,4,1763.97,440.9925,1763.97,440.9925,0.0023248637226124073,0.18502797436554808,0.0,0.0
32,Device,ReluGrad,gradient_tape/inception_resnet_v2/activation_4/ReluGrad,2,1723.906,861.953,1723.906,861.953,0.002272060477555664,0.18730003484310373,0.0,0.0
33,Device,Relu,inception_resnet_v2/activation_2/Relu,2,1606.5,803.25,1606.5,803.25,0.002117322613409997,0.18941735745651372,0.0,0.0
34,Device,Conv2DBackpropFilter,gradient_tape/inception_resnet_v2/conv2d/Conv2D/Conv2DBackpropFilter,2,1602.018,801.009,1602.018,801.009,0.0021114154612448532,0.19152877291775858,0.0,0.0
35,Device,Conv2D,inception_resnet_v2/conv2d_75/Conv2D,4,1519.074,379.7685,1519.074,379.7685,0.002002097560935685,0.19353087047869427,0.0,0.0
36,Device,Conv2D,inception_resnet_v2/conv2d_73/Conv2D,4,1502.594,375.6485,1502.594,375.6485,0.0019803773762677754,0.19551124785496204,0.0,0.0
37,Device,MaxPoolGrad,gradient_tape/inception_resnet_v2/max_pooling2d_1/MaxPool/MaxPoolGrad,2,1444.77,722.385,1444.77,722.385,0.0019041669419087217,0.19741541479687078,0.0,0.0
38,Device,FusedBatchNormGradV3,gradient_tape/inception_resnet_v2/batch_normalization_3/FusedBatchNormGradV3,2,1363.618,681.809,1363.618,681.809,0.0017972108480877145,0.19921262564495848,0.0,0.0
39,Device,Conv2DBackpropFilter,gradient_tape/inception_resnet_v2/conv2d_73/Conv2D/Conv2DBackpropFilter,4,1296.705,324.17625,1296.705,324.17625,0.0017090213628520449,0.2009216470078105,0.0,0.0
40,Device,ReluGrad,gradient_tape/inception_resnet_v2/activation/ReluGrad,2,1289.858,644.929,1289.858,644.929,0.0016999972060303715,0.20262164421384088,0.0,0.0
41,Device,ReluGrad,gradient_tape/inception_resnet_v2/activation_1/ReluGrad,2,1243.394,621.697,1243.394,621.697,0.0016387589378016245,0.2042604031516425,0.0,0.0
42,Device,Conv2DBackpropInput,gradient_tape/inception_resnet_v2/conv2d_73/Conv2D/Conv2DBackpropInput,2,1219.842,609.921,1219.842,609.921,0.0016077180525286509,0.20586812120417117,0.0,0.0
43,Device,Conv2DBackpropInput,gradient_tape/inception_resnet_v2/block17_5_conv/Conv2D/Conv2DBackpropInput,4,1203.938,300.9845,1203.938,300.9845,0.0015867570199462218,0.2074548782241174,0.0,0.0
44,Device,Conv2DBackpropInput,gradient_tape/inception_resnet_v2/block17_7_conv/Conv2D/Conv2DBackpropInput,4,1202.658,300.6645,1202.658,300.6645,0.0015850700153118207,0.20903994823942923,0.0,0.0
45,Device,Conv2DBackpropInput,gradient_tape/inception_resnet_v2/block17_1_conv/Conv2D/Conv2DBackpropInput,4,1202.306,300.5765,1202.306,300.5765,0.0015846060890373607,0.21062455432846658,0.0,0.0
46,Device,Conv2DBackpropInput,gradient_tape/inception_resnet_v2/block17_10_conv/Conv2D/Conv2DBackpropInput,4,1201.216,300.304,1201.216,300.304,0.0015831694991533785,0.21220772382761996,0.0,0.0
47,Device,Conv2DBackpropInput,gradient_tape/inception_resnet_v2/block17_11_conv/Conv2D/Conv2DBackpropInput,4,1200.61,300.1525,1200.61,300.1525,0.0015823708078967795,0.21379009463551674,0.0,0.0
48,Device,Conv2DBackpropInput,gradient_tape/inception_resnet_v2/block17_2_conv/Conv2D/Conv2DBackpropInput,4,1200.257,300.06425,1200.257,300.06425,0.001581905563649949,0.2153720001991667,0.0,0.0
49,Device,Conv2DBackpropInput,gradient_tape/inception_resnet_v2/block17_9_conv/Conv2D/Conv2DBackpropInput,4,1200.002,300.0005,1200.002,300.0005,0.0015815694806954393,0.21695356967986212,0.0,0.0
50,Device,Conv2DBackpropInput,gradient_tape/inception_resnet_v2/block17_8_conv/Conv2D/Conv2DBackpropInput,4,1199.456,299.864,1199.456,299.864,0.0015808498677810775,0.2185344195476432,0.0,0.0
51,Device,Conv2DBackpropInput,gradient_tape/inception_resnet_v2/block17_4_conv/Conv2D/Conv2DBackpropInput,4,1199.393,299.84825,1199.393,299.84825,0.0015807668355217284,0.2201151863831649,0.0,0.0
52,Device,Conv2DBackpropInput,gradient_tape/inception_resnet_v2/block17_6_conv/Conv2D/Conv2DBackpropInput,4,1199.137,299.78425,1199.137,299.78425,0.0015804294345948481,0.22169561581775976,0.0,0.0
53,Device,Conv2DBackpropInput,gradient_tape/inception_resnet_v2/block17_3_conv/Conv2D/Conv2DBackpropInput,4,1198.914,299.7285,1198.914,299.7285,0.0015801355267561986,0.22327575134451597,0.0,0.0
54,Device,Conv2DBackpropInput,gradient_tape/inception_resnet_v2/block17_12_conv/Conv2D/Conv2DBackpropInput,4,1197.73,299.4325,1197.73,299.4325,0.001578575047469378,0.22485432639198535,0.0,0.0
55,Device,Conv2DBackpropInput,gradient_tape/inception_resnet_v2/block17_15_conv/Conv2D/Conv2DBackpropInput,4,1197.473,299.36825,1197.473,299.36825,0.001578236328570127,0.22643256272055548,0.0,0.0
56,Device,Conv2DBackpropInput,gradient_tape/inception_resnet_v2/block17_13_conv/Conv2D/Conv2DBackpropInput,4,1197.346,299.3365,1197.346,299.3365,0.0015780689460790577,0.22801063166663454,0.0,0.0
57,Device,Conv2DBackpropInput,gradient_tape/inception_resnet_v2/block17_14_conv/Conv2D/Conv2DBackpropInput,4,1196.034,299.0085,1196.034,299.0085,0.001576339766328797,0.22958697143296333,0.0,0.0
58,Device,Conv2DBackpropInput,gradient_tape/inception_resnet_v2/block17_16_conv/Conv2D/Conv2DBackpropInput,4,1193.858,298.4645,1193.858,298.4645,0.0015734718584503157,0.23116044329141364,0.0,0.0
59,Device,Conv2DBackpropInput,gradient_tape/inception_resnet_v2/block17_20_conv/Conv2D/Conv2DBackpropInput,4,1192.353,298.08825,1192.353,298.08825,0.0015714883100325244,0.23273193160144617,0.0,0.0
60,Device,Conv2DBackpropInput,gradient_tape/inception_resnet_v2/block17_17_conv/Conv2D/Conv2DBackpropInput,4,1192.258,298.0645,1192.258,298.0645,0.0015713631026573148,0.2343032947041035,0.0,0.0
61,Device,Conv2DBackpropInput,gradient_tape/inception_resnet_v2/block17_18_conv/Conv2D/Conv2DBackpropInput,4,1192.193,298.04825,1192.193,298.04825,0.001571277434453224,0.23587457213855673,0.0,0.0
62,Device,Conv2DBackpropInput,gradient_tape/inception_resnet_v2/block17_19_conv/Conv2D/Conv2DBackpropInput,4,1190.786,297.6965,1190.786,297.6965,0.001569423047327754,0.2374439951858845,0.0,0.0
63,Device,Conv2DBackpropFilter,gradient_tape/inception_resnet_v2/conv2d_3/Conv2D/Conv2DBackpropFilter,2,1163.873,581.9365,1163.873,581.9365,0.0015339524569171078,0.2389779476428016,0.0,0.0
64,Device,Conv2DBackpropFilter,gradient_tape/inception_resnet_v2/conv_7b/Conv2D/Conv2DBackpropFilter,4,1115.778,278.9445,1115.778,278.9445,0.0014705645757518704,0.24044851221855348,0.0,0.0
65,Device,Conv2DBackpropFilter,gradient_tape/inception_resnet_v2/block35_1_conv/Conv2D/Conv2DBackpropFilter,2,1102.753,551.3765,1102.753,551.3765,0.001453397985624472,0.24190191020417795,0.0,0.0
66,Device,Relu,inception_resnet_v2/activation_4/Relu,2,1096.001,548.0005,1096.001,548.0005,0.0014444990361780082,0.24334640924035597,0.0,0.0
67,Device,Conv2DBackpropFilter,gradient_tape/inception_resnet_v2/block35_8_conv/Conv2D/Conv2DBackpropFilter,2,1093.441,546.7205,1093.441,546.7205,0.0014411250269092068,0.24478753426726518,0.0,0.0
68,Device,Conv2DBackpropFilter,gradient_tape/inception_resnet_v2/block17_1_conv/Conv2D/Conv2DBackpropFilter,4,1090.722,272.6805,1090.722,272.6805,0.0014375414600334758,0.24622507572729865,0.0,0.0
69,Device,FusedBatchNormGradV3,gradient_tape/inception_resnet_v2/batch_normalization_73/FusedBatchNormGradV3,2,1090.529,545.2645,1090.529,545.2645,0.001437287091365945,0.2476623628186646,0.0,0.0
70,Device,Conv2DBackpropFilter,gradient_tape/inception_resnet_v2/block35_9_conv/Conv2D/Conv2DBackpropFilter,2,1088.096,544.048,1088.096,544.048,0.0014340804645882129,0.2490964432832528,0.0,0.0
71,Device,Conv2DBackpropFilter,gradient_tape/inception_resnet_v2/block17_2_conv/Conv2D/Conv2DBackpropFilter,4,1087.552,271.888,1087.552,271.888,0.0014333634876185924,0.2505298067708714,0.0,0.0
72,Device,Conv2DBackpropFilter,gradient_tape/inception_resnet_v2/block17_3_conv/Conv2D/Conv2DBackpropFilter,4,1086.242,271.5605,1086.242,271.5605,0.001431636943813073,0.2519614437146845,0.0,0.0
73,Device,Conv2DBackpropFilter,gradient_tape/inception_resnet_v2/block17_5_conv/Conv2D/Conv2DBackpropFilter,4,1085.218,271.3045,1085.218,271.3045,0.0014302873401055526,0.25339173105479,0.0,0.0
74,Device,Conv2DBackpropFilter,gradient_tape/inception_resnet_v2/block35_10_conv/Conv2D/Conv2DBackpropFilter,2,1084.674,542.337,1084.674,542.337,0.0014295703631359321,0.25482130141792597,0.0,0.0
75,Device,Conv2DBackpropFilter,gradient_tape/inception_resnet_v2/block17_4_conv/Conv2D/Conv2DBackpropFilter,4,1084.512,271.128,1084.512,271.128,0.0014293568516118907,0.25625065826953786,0.0,0.0
76,Device,Conv2DBackpropFilter,gradient_tape/inception_resnet_v2/block35_2_conv/Conv2D/Conv2DBackpropFilter,2,1082.818,541.409,1082.818,541.409,0.001427124206416051,0.2576777824759539,0.0,0.0
77,Device,Conv2DBackpropFilter,gradient_tape/inception_resnet_v2/block17_6_conv/Conv2D/Conv2DBackpropFilter,4,1082.816,270.704,1082.816,270.704,0.00142712157047131,0.2591049040464252,0.0,0.0
78,Device,Conv2DBackpropFilter,gradient_tape/inception_resnet_v2/block17_7_conv/Conv2D/Conv2DBackpropFilter,4,1082.146,270.5365,1082.146,270.5365,0.0014262385289829907,0.2605311425754082,0.0,0.0
79,Device,Conv2DBackpropFilter,gradient_tape/inception_resnet_v2/block17_10_conv/Conv2D/Conv2DBackpropFilter,4,1080.928,270.232,1080.928,270.232,0.001424633238635569,0.2619557758140438,0.0,0.0
80,Device,Conv2DBackpropFilter,gradient_tape/inception_resnet_v2/block35_4_conv/Conv2D/Conv2DBackpropFilter,2,1079.49,539.745,1079.49,539.745,0.001422737994366609,0.2633785138084104,0.0,0.0
81,Device,Conv2DBackpropFilter,gradient_tape/inception_resnet_v2/block35_5_conv/Conv2D/Conv2DBackpropFilter,2,1079.265,539.6325,1079.265,539.6325,0.0014224414505832185,0.2648009552589936,0.0,0.0
82,Device,FusedBatchNormGradV3,gradient_tape/inception_resnet_v2/batch_normalization_74/FusedBatchNormGradV3,2,1079.168,539.584,1079.168,539.584,0.0014223136072632676,0.26622326886625686,0.0,0.0
83,Device,Conv2DBackpropFilter,gradient_tape/inception_resnet_v2/block17_8_conv/Conv2D/Conv2DBackpropFilter,4,1077.248,269.312,1077.248,269.312,0.0014197831003116667,0.2676430519665685,0.0,0.0
84,Device,Conv2DBackpropFilter,gradient_tape/inception_resnet_v2/block17_11_conv/Conv2D/Conv2DBackpropFilter,4,1076.578,269.1445,1076.578,269.1445,0.0014189000588233475,0.26906195202539185,0.0,0.0
85,Device,Conv2DBackpropFilter,gradient_tape/inception_resnet_v2/block17_9_conv/Conv2D/Conv2DBackpropFilter,4,1076.226,269.0565,1076.226,269.0565,0.0014184361325488874,0.27048038815794073,0.0,0.0
86,Device,Conv2DBackpropFilter,gradient_tape/inception_resnet_v2/block17_12_conv/Conv2D/Conv2DBackpropFilter,4,1071.874,267.9685,1071.874,267.9685,0.0014127003167919247,0.27189308847473265,0.0,0.0
87,Device,Conv2DBackpropFilter,gradient_tape/inception_resnet_v2/block17_14_conv/Conv2D/Conv2DBackpropFilter,4,1070.914,267.7285,1070.914,267.7285,0.0014114350633161242,0.2733045235380488,0.0,0.0
88,Device,Conv2DBackpropFilter,gradient_tape/inception_resnet_v2/block17_13_conv/Conv2D/Conv2DBackpropFilter,4,1069.154,267.2885,1069.154,267.2885,0.0014091154319438232,0.2747136389699926,0.0,0.0
89,Device,Conv2DBackpropFilter,gradient_tape/inception_resnet_v2/block35_3_conv/Conv2D/Conv2DBackpropFilter,2,1068.097,534.0485,1068.097,534.0485,0.001407722335148072,0.2761213613051407,0.0,0.0
90,Device,Conv2DBackpropFilter,gradient_tape/inception_resnet_v2/block35_6_conv/Conv2D/Conv2DBackpropFilter,2,1066.69,533.345,1066.69,533.345,0.001405867948022602,0.2775272292531633,0.0,0.0
91,Device,Conv2DBackpropFilter,gradient_tape/inception_resnet_v2/block35_7_conv/Conv2D/Conv2DBackpropFilter,2,1065.058,532.529,1065.058,532.529,0.0014037170171137408,0.27893094627027704,0.0,0.0
92,Device,Conv2DBackpropFilter,gradient_tape/inception_resnet_v2/block17_15_conv/Conv2D/Conv2DBackpropFilter,4,1062.721,265.68025,1062.721,265.68025,0.0014006369156835889,0.28033158318596063,0.0,0.0
93,Device,Conv2DBackpropFilter,gradient_tape/inception_resnet_v2/block17_20_conv/Conv2D/Conv2DBackpropFilter,4,1054.081,263.52025,1054.081,263.52025,0.0013892496344013836,0.28172083282036203,0.0,0.0
94,Device,Conv2DBackpropFilter,gradient_tape/inception_resnet_v2/block17_19_conv/Conv2D/Conv2DBackpropFilter,4,1053.602,263.4005,1053.602,263.4005,0.0013886183256358543,0.2831094511459979,0.0,0.0
95,Device,Conv2DBackpropFilter,gradient_tape/inception_resnet_v2/block17_16_conv/Conv2D/Conv2DBackpropFilter,4,1051.106,262.7765,1051.106,262.7765,0.0013853286665987726,0.2844947798125967,0.0,0.0
96,Device,Conv2DBackpropFilter,gradient_tape/inception_resnet_v2/block17_17_conv/Conv2D/Conv2DBackpropFilter,4,1051.074,262.7685,1051.074,262.7685,0.0013852864914829129,0.2858800663040796,0.0,0.0
97,Device,Conv2DBackpropFilter,gradient_tape/inception_resnet_v2/block17_18_conv/Conv2D/Conv2DBackpropFilter,4,1050.305,262.57625,1050.305,262.57625,0.0013842729707299016,0.2872643392748095,0.0,0.0
98,Device,AddN,SGD/gradients/AddN_38,2,1040.674,520.337,1040.674,520.337,0.0013715795788284066,0.2886359188536379,0.0,0.0
99,Device,AddN,SGD/gradients/AddN_37,2,1038.626,519.313,1038.626,519.313,0.0013688803714133654,0.29000479922505124,0.0,0.0
100,Device,AddN,SGD/gradients/AddN_33,2,1037.986,518.993,1037.986,518.993,0.0013680368690961653,0.2913728360941474,0.0,0.0
101,Device,AddN,SGD/gradients/AddN_39,2,1037.922,518.961,1037.922,518.961,0.001367952518864445,0.29274078861301184,0.0,0.0
102,Device,AddN,SGD/gradients/AddN_32,2,1037.41,518.705,1037.41,518.705,0.0013672777170106848,0.2941080663300225,0.0,0.0
103,Device,AddN,SGD/gradients/AddN_35,2,1037.184,518.592,1037.184,518.592,0.0013669798552549232,0.2954750461852774,0.0,0.0
104,Device,AddN,SGD/gradients/AddN_41,2,1036.513,518.2565,1036.513,518.2565,0.0013660954957942335,0.2968411416810717,0.0,0.0
105,Device,AddN,SGD/gradients/AddN_34,2,1036.29,518.145,1036.29,518.145,0.001365801587955584,0.29820694326902725,0.0,0.0
106,Device,AddN,SGD/gradients/AddN_40,2,1035.745,517.8725,1035.745,517.8725,0.001365083293013593,0.29957202656204085,0.0,0.0
107,Device,AddN,SGD/gradients/AddN_36,2,1027.52,513.76,1027.52,513.76,0.0013542429702651977,0.30092626953230606,0.0,0.0
108,Device,MaxPool,inception_resnet_v2/max_pooling2d/MaxPool,2,1012.864,506.432,1012.864,506.432,0.0013349267672013092,0.3022611962995074,0.0,0.0
109,Device,FusedBatchNormV3,inception_resnet_v2/batch_normalization_3/FusedBatchNormV3,4,985.569,246.39225,985.569,246.39225,0.0012989527113450839,0.30356014901085243,0.0,0.0
110,Device,Conv2D,inception_resnet_v2/conv2d_161/Conv2D,4,980.706,245.1765,980.706,245.1765,0.0012925434117067318,0.3048526924225592,0.0,0.0
111,Device,Conv2DBackpropFilter,gradient_tape/inception_resnet_v2/conv2d_161/Conv2D/Conv2DBackpropFilter,2,975.777,487.8885,975.777,487.8885,0.0012860471258919182,0.3061387395484511,0.0,0.0
112,Device,Conv2DBackpropFilter,gradient_tape/inception_resnet_v2/conv2d_10/Conv2D/Conv2DBackpropFilter,4,956.898,239.2245,956.898,239.2245,0.001261165125506878,0.307399904673958,0.0,0.0
113,Device,Conv2DBackpropFilter,gradient_tape/inception_resnet_v2/conv2d_82/Conv2D/Conv2DBackpropFilter,2,919.554,459.777,919.554,459.777,0.0012119467652982362,0.30861185143925624,0.0,0.0
114,Device,Conv2DBackpropFilter,gradient_tape/inception_resnet_v2/conv2d_86/Conv2D/Conv2DBackpropFilter,2,912.257,456.1285,912.257,456.1285,0.0012023295209097813,0.309814180960166,0.0,0.0
115,Device,Conv2D,inception_resnet_v2/block8_7_conv/Conv2D,2,910.881,455.4405,910.881,455.4405,0.0012005159909278004,0.3110146969510938,0.0,0.0
116,Device,Conv2D,inception_resnet_v2/block8_2_conv/Conv2D,2,910.498,455.249,910.498,455.249,0.001200011207509851,0.31221470815860364,0.0,0.0
117,Device,Conv2DBackpropFilter,gradient_tape/inception_resnet_v2/conv2d_78/Conv2D/Conv2DBackpropFilter,2,910.496,455.248,910.496,455.248,0.0012000085715651097,0.31341471673016874,0.0,0.0
118,Device,Conv2D,inception_resnet_v2/block8_1_conv/Conv2D,2,909.73,454.865,909.73,454.865,0.0011989990047292104,0.31461371573489794,0.0,0.0
119,Device,Conv2D,inception_resnet_v2/block8_8_conv/Conv2D,2,909.281,454.6405,909.281,454.6405,0.0011984072351347995,0.31581212297003275,0.0,0.0
120,Device,Conv2DBackpropFilter,gradient_tape/inception_resnet_v2/conv2d_98/Conv2D/Conv2DBackpropFilter,2,909.058,454.529,909.058,454.529,0.00119811332729615,0.3170102362973289,0.0,0.0
121,Device,Conv2DBackpropFilter,gradient_tape/inception_resnet_v2/conv2d_102/Conv2D/Conv2DBackpropFilter,2,908.961,454.4805,908.961,454.4805,0.0011979854839761993,0.3182082217813051,0.0,0.0
122,Device,Conv2D,inception_resnet_v2/block8_3_conv/Conv2D,2,908.834,454.417,908.834,454.417,0.0011978181014851298,0.3194060398827902,0.0,0.0
123,Device,Conv2DBackpropFilter,gradient_tape/inception_resnet_v2/conv2d_90/Conv2D/Conv2DBackpropFilter,2,908.482,454.241,908.482,454.241,0.0011973541752106696,0.32060339405800087,0.0,0.0
124,Device,Conv2DBackpropFilter,gradient_tape/inception_resnet_v2/conv2d_94/Conv2D/Conv2DBackpropFilter,2,908.417,454.2085,908.417,454.2085,0.0011972685070065791,0.32180066256500744,0.0,0.0
125,Device,Conv2D,inception_resnet_v2/block8_9_conv/Conv2D,2,907.681,453.8405,907.681,453.8405,0.0011962984793417986,0.3229969610443492,0.0,0.0
126,Device,Conv2D,inception_resnet_v2/block8_10_conv/Conv2D,2,907.521,453.7605,907.521,453.7605,0.0011960876037624985,0.3241930486481117,0.0,0.0
127,Device,Conv2D,inception_resnet_v2/block8_6_conv/Conv2D,2,906.88,453.44,906.88,453.44,0.0011952427834729276,0.32538829143158465,0.0,0.0
128,Device,Conv2D,inception_resnet_v2/block8_4_conv/Conv2D,2,906.689,453.3445,906.689,453.3445,0.001194991050750138,0.3265832824823348,0.0,0.0
129,Device,Conv2D,inception_resnet_v2/block8_5_conv/Conv2D,2,906.56,453.28,906.56,453.28,0.0011948210323143272,0.32777810351464914,0.0,0.0
130,Device,Conv2DBackpropFilter,gradient_tape/inception_resnet_v2/conv2d_106/Conv2D/Conv2DBackpropFilter,2,905.122,452.561,905.122,452.561,0.0011929257880453677,0.3289710293026945,0.0,0.0
131,Device,Conv2DBackpropFilter,gradient_tape/inception_resnet_v2/conv2d_118/Conv2D/Conv2DBackpropFilter,2,902.144,451.072,902.144,451.072,0.0011890008663256449,0.3301600301690201,0.0,0.0
132,Device,Conv2DBackpropFilter,gradient_tape/inception_resnet_v2/conv2d_114/Conv2D/Conv2DBackpropFilter,2,901.89,450.945,901.89,450.945,0.001188666101343506,0.3313486962703636,0.0,0.0
133,Device,Conv2DBackpropFilter,gradient_tape/inception_resnet_v2/conv2d_122/Conv2D/Conv2DBackpropFilter,2,896.29,448.145,896.29,448.145,0.0011812854560680026,0.3325299817264316,0.0,0.0
134,Device,Conv2DBackpropFilter,gradient_tape/inception_resnet_v2/conv2d_110/Conv2D/Conv2DBackpropFilter,2,895.584,447.792,895.584,447.792,0.001180354967574341,0.33371033669400596,0.0,0.0
135,Device,Conv2DBackpropFilter,gradient_tape/inception_resnet_v2/conv2d_126/Conv2D/Conv2DBackpropFilter,2,887.2,443.6,887.2,443.6,0.0011693050872190161,0.334879641781225,0.0,0.0
136,Device,Conv2DBackpropFilter,gradient_tape/inception_resnet_v2/conv2d_130/Conv2D/Conv2DBackpropFilter,2,886.69,443.345,886.69,443.345,0.0011686329213099972,0.33604827470253495,0.0,0.0
137,Device,Conv2DBackpropFilter,gradient_tape/inception_resnet_v2/conv2d_80/Conv2D/Conv2DBackpropFilter,4,885.474,221.3685,885.474,221.3685,0.0011670302669073165,0.3372153049694423,0.0,0.0
138,Device,Conv2DBackpropFilter,gradient_tape/inception_resnet_v2/conv2d_76/Conv2D/Conv2DBackpropFilter,4,885.314,221.3285,885.314,221.3285,0.0011668193913280161,0.3383821243607703,0.0,0.0
139,Device,Conv2DBackpropFilter,gradient_tape/inception_resnet_v2/conv2d_92/Conv2D/Conv2DBackpropFilter,4,884.866,221.2165,884.866,221.2165,0.001166228939705976,0.3395483533004763,0.0,0.0
140,Device,Conv2DBackpropFilter,gradient_tape/inception_resnet_v2/conv2d_96/Conv2D/Conv2DBackpropFilter,4,884.002,221.0005,884.002,221.0005,0.0011650902115777555,0.340713443512054,0.0,0.0
141,Device,Conv2DBackpropFilter,gradient_tape/inception_resnet_v2/conv2d_84/Conv2D/Conv2DBackpropFilter,4,883.362,220.8405,883.362,220.8405,0.001164246709260555,0.3418776902213146,0.0,0.0
142,Device,Conv2DBackpropFilter,gradient_tape/inception_resnet_v2/conv2d_88/Conv2D/Conv2DBackpropFilter,4,882.722,220.6805,882.722,220.6805,0.0011634032069433547,0.34304109342825795,0.0,0.0
143,Device,Conv2DBackpropFilter,gradient_tape/inception_resnet_v2/conv2d_100/Conv2D/Conv2DBackpropFilter,4,881.474,220.3685,881.474,220.3685,0.001161758377424814,0.3442028518056828,0.0,0.0
144,Device,Conv2DBackpropFilter,gradient_tape/inception_resnet_v2/conv2d_104/Conv2D/Conv2DBackpropFilter,4,880.194,220.0485,880.194,220.0485,0.0011600713727904133,0.34536292317847317,0.0,0.0
145,Device,Conv2DBackpropFilter,gradient_tape/inception_resnet_v2/conv2d_134/Conv2D/Conv2DBackpropFilter,2,879.521,439.7605,879.521,439.7605,0.0011591843773849822,0.34652210755585816,0.0,0.0
146,Device,Conv2DBackpropFilter,gradient_tape/inception_resnet_v2/conv2d_112/Conv2D/Conv2DBackpropFilter,4,879.17,219.7925,879.17,219.7925,0.0011587217690828926,0.34768082932494104,0.0,0.0
147,Device,Conv2DBackpropFilter,gradient_tape/inception_resnet_v2/conv2d_120/Conv2D/Conv2DBackpropFilter,4,878.434,219.6085,878.434,219.6085,0.0011577517414181123,0.3488385810663592,0.0,0.0
148,Device,Conv2DBackpropFilter,gradient_tape/inception_resnet_v2/conv2d_116/Conv2D/Conv2DBackpropFilter,4,878.176,219.544,878.176,219.544,0.001157411704546491,0.34999599277090565,0.0,0.0
149,Device,Conv2DBackpropFilter,gradient_tape/inception_resnet_v2/conv2d_108/Conv2D/Conv2DBackpropFilter,4,877.474,219.3685,877.474,219.3685,0.0011564864879423117,0.35115247925884796,0.0,0.0
150,Device,Conv2DBackpropFilter,gradient_tape/inception_resnet_v2/conv2d_138/Conv2D/Conv2DBackpropFilter,2,876.545,438.2725,876.545,438.2725,0.0011552620916100004,0.35230774135045795,0.0,0.0
151,Device,Conv2DBackpropFilter,gradient_tape/inception_resnet_v2/conv2d_128/Conv2D/Conv2DBackpropFilter,4,875.65,218.9125,875.65,218.9125,0.0011540825063382906,0.35346182385679625,0.0,0.0
152,Device,Conv2DBackpropFilter,gradient_tape/inception_resnet_v2/conv2d_124/Conv2D/Conv2DBackpropFilter,4,871.936,217.984,871.936,217.984,0.0011491875569537872,0.35461101141375007,0.0,0.0
153,Device,Conv2DBackpropFilter,gradient_tape/inception_resnet_v2/conv2d_132/Conv2D/Conv2DBackpropFilter,4,867.713,216.92825,867.713,216.92825,0.0011436217596326353,0.3557546331733827,0.0,0.0
154,Device,Conv2DBackpropFilter,gradient_tape/inception_resnet_v2/conv2d_136/Conv2D/Conv2DBackpropFilter,4,866.401,216.60025,866.401,216.60025,0.0011418925798823746,0.3568965257532651,0.0,0.0
155,Device,Conv2DBackpropFilter,gradient_tape/inception_resnet_v2/conv2d_152/Conv2D/Conv2DBackpropFilter,4,861.538,215.3845,861.538,215.3845,0.0011354832802440225,0.3580320090335091,0.0,0.0
156,Device,Conv2DBackpropFilter,gradient_tape/inception_resnet_v2/conv2d_150/Conv2D/Conv2DBackpropFilter,2,861.377,430.6885,861.377,430.6885,0.0011352710866923516,0.3591672801202015,0.0,0.0
157,Device,Conv2DBackpropFilter,gradient_tape/inception_resnet_v2/conv2d_144/Conv2D/Conv2DBackpropFilter,4,860.609,215.15225,860.609,215.15225,0.0011342588839117114,0.3603015390041132,0.0,0.0
158,Device,Conv2DBackpropFilter,gradient_tape/inception_resnet_v2/conv2d_154/Conv2D/Conv2DBackpropFilter,2,860.386,430.193,860.386,430.193,0.0011339649760730617,0.36143550398018626,0.0,0.0
159,Device,Conv2DBackpropFilter,gradient_tape/inception_resnet_v2/conv2d_142/Conv2D/Conv2DBackpropFilter,2,860.13,430.065,860.13,430.065,0.0011336275751461817,0.36256913155533244,0.0,0.0
160,Device,Conv2DBackpropFilter,gradient_tape/inception_resnet_v2/conv2d_140/Conv2D/Conv2DBackpropFilter,4,858.978,214.7445,858.978,214.7445,0.0011321092709752208,0.36370124082630767,0.0,0.0
161,Device,Conv2DBackpropFilter,gradient_tape/inception_resnet_v2/conv2d_148/Conv2D/Conv2DBackpropFilter,4,858.433,214.60825,858.433,214.60825,0.00113139097603323,0.3648326318023409,0.0,0.0
162,Device,Conv2DBackpropInput,gradient_tape/inception_resnet_v2/conv2d_156/Conv2D/Conv2DBackpropInput,2,858.049,429.0245,858.049,429.0245,0.0011308848746429097,0.3659635166769838,0.0,0.0
163,Device,Conv2DBackpropFilter,gradient_tape/inception_resnet_v2/conv2d_146/Conv2D/Conv2DBackpropFilter,2,857.505,428.7525,857.505,428.7525,0.0011301678976732895,0.3670936845746571,0.0,0.0
164,Device,Conv2DBackpropInput,gradient_tape/inception_resnet_v2/conv2d_160/Conv2D/Conv2DBackpropInput,2,857.313,428.6565,857.313,428.6565,0.0011299148469781292,0.3682235994216352,0.0,0.0
165,Device,Conv2D,inception_resnet_v2/block17_18_conv/Conv2D,4,855.938,213.9845,855.938,213.9845,0.0011281026349685191,0.3693517020566037,0.0,0.0
166,Device,Conv2D,inception_resnet_v2/block17_17_conv/Conv2D,4,855.842,213.9605,855.842,213.9605,0.001127976109620939,0.3704796781662247,0.0,0.0
167,Device,Conv2DBackpropInput,gradient_tape/inception_resnet_v2/conv2d_158/Conv2D/Conv2DBackpropInput,2,853.89,426.945,853.89,426.945,0.001125403427553478,0.37160508159377814,0.0,0.0
168,Device,Conv2D,inception_resnet_v2/block17_16_conv/Conv2D,4,853.377,213.34425,853.377,213.34425,0.001124727307727347,0.3727298089015055,0.0,0.0
169,Device,Conv2D,inception_resnet_v2/block17_19_conv/Conv2D,4,853.152,213.288,853.152,213.288,0.0011244307639439563,0.37385423966544945,0.0,0.0
170,Device,Conv2D,inception_resnet_v2/block17_20_conv/Conv2D,4,851.842,212.9605,851.842,212.9605,0.0011227042201384368,0.3749769438855879,0.0,0.0
171,Device,Conv2D,inception_resnet_v2/block17_13_conv/Conv2D,4,850.978,212.7445,850.978,212.7445,0.0011215654920102161,0.3760985093775981,0.0,0.0
172,Device,Conv2D,inception_resnet_v2/block17_14_conv/Conv2D,4,850.945,212.73625,850.945,212.73625,0.0011215219989219856,0.37722003137652005,0.0,0.0
173,Device,Conv2D,inception_resnet_v2/block17_15_conv/Conv2D,4,849.474,212.3685,849.474,212.3685,0.0011195832615647954,0.37833961463808485,0.0,0.0
174,Device,Conv2D,inception_resnet_v2/block17_12_conv/Conv2D,4,848.258,212.0645,848.258,212.0645,0.0011179806071621148,0.37945759524524697,0.0,0.0
175,Device,Conv2DBackpropInput,gradient_tape/inception_resnet_v2/conv2d_10/Conv2D/Conv2DBackpropInput,4,846.209,211.55225,846.209,211.55225,0.0011152800817747029,0.38057287532702166,0.0,0.0
176,Device,Conv2D,inception_resnet_v2/block17_8_conv/Conv2D,4,833.537,208.38425,833.537,208.38425,0.0010985787358941356,0.3816714540629158,0.0,0.0
177,Device,AddN,SGD/gradients/AddN_31,2,833.058,416.529,833.058,416.529,0.0010979474271286059,0.3827694014900444,0.0,0.0
178,Device,Conv2D,inception_resnet_v2/block17_10_conv/Conv2D,4,832.673,208.16825,832.673,208.16825,0.001097440007765915,0.3838668414978103,0.0,0.0
179,Device,Conv2D,inception_resnet_v2/block17_11_conv/Conv2D,4,831.617,207.90425,831.617,207.90425,0.0010960482289425343,0.38496288972675285,0.0,0.0
180,Device,Conv2D,inception_resnet_v2/block17_9_conv/Conv2D,4,831.361,207.84025,831.361,207.84025,0.0010957108280156543,0.3860586005547685,0.0,0.0
181,Device,Conv2DBackpropFilter,gradient_tape/inception_resnet_v2/conv2d_9/Conv2D/Conv2DBackpropFilter,4,829.57,207.3925,829.57,207.3925,0.0010933503394998639,0.38715195089426835,0.0,0.0
182,Device,Conv2D,inception_resnet_v2/block17_6_conv/Conv2D,4,826.081,206.52025,826.081,206.52025,0.001088751933898751,0.3882407028281671,0.0,0.0
183,Device,Conv2D,inception_resnet_v2/block17_5_conv/Conv2D,4,824.258,206.0645,824.258,206.0645,0.0010863492702671007,0.3893270520984342,0.0,0.0
184,Device,Conv2D,inception_resnet_v2/block17_7_conv/Conv2D,4,823.458,205.8645,823.458,205.8645,0.0010852948923706003,0.3904123469908048,0.0,0.0
185,Device,Conv2D,inception_resnet_v2/block17_4_conv/Conv2D,4,823.234,205.8085,823.234,205.8085,0.0010849996665595802,0.39149734665736435,0.0,0.0
186,Device,Relu,inception_resnet_v2/activation/Relu,2,821.537,410.7685,821.537,410.7685,0.0010827630674466286,0.392580109724811,0.0,0.0
187,Device,Conv2DBackpropInput,gradient_tape/inception_resnet_v2/conv2d_161/Conv2D/Conv2DBackpropInput,4,818.657,204.66425,818.657,204.66425,0.001078967307019227,0.39365907703183023,0.0,0.0
188,Device,FusedBatchNormV3,inception_resnet_v2/batch_normalization_74/FusedBatchNormV3,4,815.842,203.9605,815.842,203.9605,0.001075257214795916,0.39473433424662613,0.0,0.0
189,Device,FusedBatchNormV3,inception_resnet_v2/batch_normalization_73/FusedBatchNormV3,4,815.81,203.9525,815.81,203.9525,0.0010752150396800557,0.3958095492863062,0.0,0.0
190,Device,AddN,SGD/gradients/AddN_10,2,811.873,405.9365,811.873,405.9365,0.001070026182456903,0.39687957546876307,0.0,0.0
191,Device,Conv2D,inception_resnet_v2/block17_2_conv/Conv2D,4,802.401,200.60025,802.401,200.60025,0.0010575423481623374,0.3979371178169254,0.0,0.0
192,Device,Conv2D,inception_resnet_v2/block17_1_conv/Conv2D,4,800.033,200.00825,800.033,200.00825,0.001054421389588696,0.39899153920651415,0.0,0.0
193,Device,Conv2DBackpropFilter,gradient_tape/inception_resnet_v2/conv2d_55/Conv2D/Conv2DBackpropFilter,2,799.746,399.873,799.746,399.873,0.0010540431315183263,0.40004558233803245,0.0,0.0
194,Device,Conv2DBackpropFilter,gradient_tape/inception_resnet_v2/conv2d_37/Conv2D/Conv2DBackpropFilter,2,799.36,399.68,799.36,399.68,0.001053534394183265,0.4010991167322157,0.0,0.0
195,Device,Conv2D,inception_resnet_v2/block17_3_conv/Conv2D,4,798.946,199.7365,798.946,199.7365,0.0010529887536218261,0.4021521054858375,0.0,0.0
196,Device,Conv2DBackpropFilter,gradient_tape/inception_resnet_v2/conv2d_43/Conv2D/Conv2DBackpropFilter,2,798.368,399.184,798.368,399.184,0.0010522269655916046,0.4032043324514291,0.0,0.0
197,Device,Conv2DBackpropFilter,gradient_tape/inception_resnet_v2/conv2d_51/Conv2D/Conv2DBackpropFilter,2,797.184,398.592,797.184,398.592,0.0010506664863047838,0.4042549989377339,0.0,0.0
198,Device,Conv2DBackpropFilter,gradient_tape/inception_resnet_v2/conv2d_45/Conv2D/Conv2DBackpropFilter,2,796.129,398.0645,796.129,398.0645,0.0010492760254537737,0.4053042749631877,0.0,0.0
199,Device,Relu,inception_resnet_v2/activation_1/Relu,2,796.097,398.0485,796.097,398.0485,0.0010492338503379137,0.4063535088135256,0.0,0.0
200,Device,Conv2DBackpropFilter,gradient_tape/inception_resnet_v2/conv2d_61/Conv2D/Conv2DBackpropFilter,2,794.114,397.057,794.114,397.057,0.0010466203111269632,0.40740012912465257,0.0,0.0
201,Device,Conv2DBackpropFilter,gradient_tape/inception_resnet_v2/conv2d_158/Conv2D/Conv2DBackpropFilter,4,792.001,198.00025,792.001,198.00025,0.0010438354355078313,0.4084439645601604,0.0,0.0
202,Device,Conv2DBackpropFilter,gradient_tape/inception_resnet_v2/conv2d_31/Conv2D/Conv2DBackpropFilter,2,791.488,395.744,791.488,395.744,0.0010431593156817005,0.40948712387584213,0.0,0.0
203,Device,Conv2DBackpropFilter,gradient_tape/inception_resnet_v2/conv2d_39/Conv2D/Conv2DBackpropFilter,2,791.329,395.6645,791.329,395.6645,0.001042949758074771,0.4105300736339169,0.0,0.0
204,Device,Conv2DBackpropFilter,gradient_tape/inception_resnet_v2/conv2d_156/Conv2D/Conv2DBackpropFilter,4,790.977,197.74425,790.977,197.74425,0.0010424858318003108,0.41157255946571725,0.0,0.0
205,Device,Conv2DBackpropFilter,gradient_tape/inception_resnet_v2/conv2d_18/Conv2D/Conv2DBackpropFilter,2,790.785,395.3925,790.785,395.3925,0.0010422327811051505,0.4126147922468224,0.0,0.0
206,Device,Conv2DBackpropFilter,gradient_tape/inception_resnet_v2/conv2d_19/Conv2D/Conv2DBackpropFilter,2,789.89,394.945,789.89,394.945,0.0010410531958334407,0.4136558454426558,0.0,0.0
207,Device,Conv2DBackpropFilter,gradient_tape/inception_resnet_v2/conv2d_160/Conv2D/Conv2DBackpropFilter,4,789.697,197.42425,789.697,197.42425,0.00104079882716591,0.4146966442698217,0.0,0.0
208,Device,Conv2DBackpropFilter,gradient_tape/inception_resnet_v2/conv2d_63/Conv2D/Conv2DBackpropFilter,2,788.898,394.449,788.898,394.449,0.0010397457672417802,0.41573639003706353,0.0,0.0
209,Device,Conv2DBackpropFilter,gradient_tape/inception_resnet_v2/conv2d_49/Conv2D/Conv2DBackpropFilter,2,788.866,394.433,788.866,394.433,0.00103970359212592,0.41677609362918944,0.0,0.0
210,Device,Conv2DBackpropFilter,gradient_tape/inception_resnet_v2/conv2d_13/Conv2D/Conv2DBackpropFilter,2,787.682,393.841,787.682,393.841,0.0010381431128390994,0.41781423674202856,0.0,0.0
211,Device,Conv2DBackpropFilter,gradient_tape/inception_resnet_v2/conv2d_42/Conv2D/Conv2DBackpropFilter,2,787.426,393.713,787.426,393.713,0.0010378057119122194,0.41885204245394075,0.0,0.0
212,Device,Conv2DBackpropFilter,gradient_tape/inception_resnet_v2/conv2d_15/Conv2D/Conv2DBackpropFilter,2,786.017,393.0085,786.017,393.0085,0.001035948688842008,0.41988799114278275,0.0,0.0
213,Device,Conv2DBackpropFilter,gradient_tape/inception_resnet_v2/conv2d_25/Conv2D/Conv2DBackpropFilter,2,785.249,392.6245,785.249,392.6245,0.0010349364860613673,0.4209229276288441,0.0,0.0
214,Device,Conv2DBackpropFilter,gradient_tape/inception_resnet_v2/conv2d_66/Conv2D/Conv2DBackpropFilter,2,784.642,392.321,784.642,392.321,0.0010341364768323977,0.42195706410567646,0.0,0.0
215,Device,Conv2DBackpropFilter,gradient_tape/inception_resnet_v2/conv2d_54/Conv2D/Conv2DBackpropFilter,2,784.448,392.224,784.448,392.224,0.0010338807901924963,0.42299094489586897,0.0,0.0
216,Device,Conv2DBackpropFilter,gradient_tape/inception_resnet_v2/conv2d_48/Conv2D/Conv2DBackpropFilter,2,784.352,392.176,784.352,392.176,0.0010337542648449162,0.4240246991607139,0.0,0.0
217,Device,Conv2DBackpropFilter,gradient_tape/inception_resnet_v2/conv2d_67/Conv2D/Conv2DBackpropFilter,2,783.681,391.8405,783.681,391.8405,0.0010328699053842266,0.4250575690660981,0.0,0.0
218,Device,Conv2DBackpropFilter,gradient_tape/inception_resnet_v2/conv2d_12/Conv2D/Conv2DBackpropFilter,2,783.328,391.664,783.328,391.664,0.0010324046611373957,0.4260899737272355,0.0,0.0
219,Device,Conv2DBackpropFilter,gradient_tape/inception_resnet_v2/conv2d_60/Conv2D/Conv2DBackpropFilter,2,782.528,391.264,782.528,391.264,0.0010313502832408953,0.4271213240104764,0.0,0.0
220,Device,Conv2DBackpropFilter,gradient_tape/inception_resnet_v2/conv2d_24/Conv2D/Conv2DBackpropFilter,2,780.897,390.4485,780.897,390.4485,0.001029200670304405,0.42815052468078085,0.0,0.0
221,Device,Conv2DBackpropFilter,gradient_tape/inception_resnet_v2/conv2d_21/Conv2D/Conv2DBackpropFilter,2,779.617,389.8085,779.617,389.8085,0.001027513665670004,0.42917803834645085,0.0,0.0
222,Device,Conv2DBackpropFilter,gradient_tape/inception_resnet_v2/conv2d_30/Conv2D/Conv2DBackpropFilter,2,779.426,389.713,779.426,389.713,0.0010272619329472147,0.4302053002793981,0.0,0.0
223,Device,Conv2DBackpropFilter,gradient_tape/inception_resnet_v2/conv2d_33/Conv2D/Conv2DBackpropFilter,2,778.082,389.041,778.082,389.041,0.0010254905780810938,0.4312307908574792,0.0,0.0
224,Device,Conv2DBackpropFilter,gradient_tape/inception_resnet_v2/conv2d_69/Conv2D/Conv2DBackpropFilter,2,776.226,388.113,776.226,388.113,0.0010230444213612127,0.43225383527884037,0.0,0.0
225,Device,Conv2DBackpropFilter,gradient_tape/inception_resnet_v2/conv2d_27/Conv2D/Conv2DBackpropFilter,2,775.778,387.889,775.778,387.889,0.0010224539697391726,0.4332762892485795,0.0,0.0
226,Device,Conv2DBackpropFilter,gradient_tape/inception_resnet_v2/conv2d_36/Conv2D/Conv2DBackpropFilter,2,774.562,387.281,774.562,387.281,0.0010208513153364919,0.434297140563916,0.0,0.0
227,Device,Conv2DBackpropFilter,gradient_tape/inception_resnet_v2/conv2d_57/Conv2D/Conv2DBackpropFilter,2,773.6,386.8,773.6,386.8,0.00101958342591595,0.43531672398983196,0.0,0.0
228,Device,ReluGrad,gradient_tape/inception_resnet_v2/activation_3/ReluGrad,2,768.449,384.2245,768.449,384.2245,0.0010127945502348575,0.4363295185400668,0.0,0.0
229,Device,Conv2D,inception_resnet_v2/conv2d_10/Conv2D,4,766.081,191.52025,766.081,191.52025,0.0010096735916612163,0.437339192131728,0.0,0.0
230,Device,Conv2D,inception_resnet_v2/block35_10_conv/Conv2D,2,750.178,375.089,750.178,375.089,0.0009887138770511576,0.4383279060087792,0.0,0.0
231,Device,Conv2D,inception_resnet_v2/block35_7_conv/Conv2D,2,748.001,374.0005,748.001,374.0005,0.0009858446512003057,0.4393137506599795,0.0,0.0
232,Device,Conv2D,inception_resnet_v2/block35_9_conv/Conv2D,2,747.138,373.569,747.138,373.569,0.000984707241044456,0.44029845790102395,0.0,0.0
233,Device,Conv2D,inception_resnet_v2/block35_5_conv/Conv2D,2,746.497,373.2485,746.497,373.2485,0.0009838624207548848,0.44128232032177883,0.0,0.0
234,Device,Conv2D,inception_resnet_v2/block35_2_conv/Conv2D,2,744.512,372.256,744.512,372.256,0.000981246245599193,0.44226356656737803,0.0,0.0
235,Device,Conv2D,inception_resnet_v2/block35_4_conv/Conv2D,2,741.441,370.7205,741.441,370.7205,0.000977198752449002,0.44324076531982703,0.0,0.0
236,Device,Conv2D,inception_resnet_v2/block35_6_conv/Conv2D,2,740.256,370.128,740.256,370.128,0.0009756369551898106,0.44421640227501685,0.0,0.0
237,Device,Conv2D,inception_resnet_v2/block35_1_conv/Conv2D,2,739.969,369.9845,739.969,369.9845,0.0009752586971194412,0.4451916609721363,0.0,0.0
238,Device,Conv2D,inception_resnet_v2/block35_8_conv/Conv2D,2,737.633,368.8165,737.633,368.8165,0.0009721799136616598,0.44616384088579797,0.0,0.0
239,Device,Conv2D,inception_resnet_v2/block35_3_conv/Conv2D,2,736.768,368.384,736.768,368.384,0.0009710398675610686,0.44713488075335905,0.0,0.0
240,Device,Conv2D,inception_resnet_v2/conv2d_160/Conv2D,4,736.576,184.144,736.576,184.144,0.0009707868168659085,0.44810566757022496,0.0,0.0
241,Device,Conv2D,inception_resnet_v2/conv2d_158/Conv2D,4,735.33,183.8325,735.33,183.8325,0.000969144623292109,0.4490748121935171,0.0,0.0
242,Device,Conv2D,inception_resnet_v2/conv2d_156/Conv2D,4,733.09,183.2725,733.09,183.2725,0.0009661923651819078,0.450041004558699,0.0,0.0
243,Device,Conv2D,inception_resnet_v2/conv2d/Conv2D,2,723.521,361.7605,723.521,361.7605,0.0009535806875673915,0.4509945852462664,0.0,0.0
244,Device,Conv2D,inception_resnet_v2/conv2d_3/Conv2D,2,721.186,360.593,721.186,360.593,0.0009505032220819808,0.45194508846834835,0.0,0.0
245,Device,AvgPoolGrad,gradient_tape/inception_resnet_v2/average_pooling2d/AvgPoolGrad,2,711.329,355.6645,711.329,355.6645,0.0009375119684247243,0.4528826004367731,0.0,0.0
246,Device,Conv2DBackpropFilter,gradient_tape/inception_resnet_v2/conv2d_113/Conv2D/Conv2DBackpropFilter,4,709.058,177.2645,709.058,177.2645,0.0009345188531710337,0.4538171192899441,0.0,0.0
247,Device,MaxPoolGrad,gradient_tape/inception_resnet_v2/max_pooling2d_3/MaxPool/MaxPoolGrad,2,708.481,354.2405,708.481,354.2405,0.0009337583831131827,0.4547508776730573,0.0,0.0
248,Device,Conv2DBackpropFilter,gradient_tape/inception_resnet_v2/conv2d_97/Conv2D/Conv2DBackpropFilter,4,708.322,177.0805,708.322,177.0805,0.0009335488255062533,0.45568442649856356,0.0,0.0
249,Device,Conv2DBackpropFilter,gradient_tape/inception_resnet_v2/conv2d_81/Conv2D/Conv2DBackpropFilter,4,707.938,176.9845,707.938,176.9845,0.000933042724115933,0.4566174692226795,0.0,0.0
250,Device,Conv2DBackpropFilter,gradient_tape/inception_resnet_v2/conv2d_93/Conv2D/Conv2DBackpropFilter,4,707.841,176.96025,707.841,176.96025,0.0009329148807959823,0.4575503841034755,0.0,0.0
251,Device,Conv2DBackpropFilter,gradient_tape/inception_resnet_v2/conv2d_85/Conv2D/Conv2DBackpropFilter,4,707.297,176.82425,707.297,176.82425,0.0009321979038263621,0.45848258200730185,0.0,0.0
252,Device,Conv2DBackpropFilter,gradient_tape/inception_resnet_v2/conv2d_89/Conv2D/Conv2DBackpropFilter,4,706.114,176.5285,706.114,176.5285,0.000930638742511912,0.4594132207498138,0.0,0.0
253,Device,Conv2DBackpropFilter,gradient_tape/inception_resnet_v2/conv2d_105/Conv2D/Conv2DBackpropFilter,4,705.986,176.4965,705.986,176.4965,0.0009304700420484719,0.46034369079186227,0.0,0.0
254,Device,Conv2DBackpropFilter,gradient_tape/inception_resnet_v2/conv2d_101/Conv2D/Conv2DBackpropFilter,4,705.665,176.41625,705.665,176.41625,0.000930046972917501,0.46127373776477976,0.0,0.0
255,Device,Conv2DBackpropFilter,gradient_tape/inception_resnet_v2/conv2d_77/Conv2D/Conv2DBackpropFilter,4,705.664,176.416,705.664,176.416,0.0009300456549451305,0.4622037834197249,0.0,0.0
256,Device,Conv2DBackpropFilter,gradient_tape/inception_resnet_v2/conv2d_109/Conv2D/Conv2DBackpropFilter,4,705.536,176.384,705.536,176.384,0.0009298769544816904,0.4631336603742066,0.0,0.0
257,Device,Conv2DBackpropFilter,gradient_tape/inception_resnet_v2/conv2d_117/Conv2D/Conv2DBackpropFilter,4,704.48,176.12,704.48,176.12,0.0009284851756583098,0.4640621455498649,0.0,0.0
258,Device,Conv2DBackpropFilter,gradient_tape/inception_resnet_v2/conv2d_125/Conv2D/Conv2DBackpropFilter,4,703.84,175.96,703.84,175.96,0.0009276416733411094,0.464989787223206,0.0,0.0
259,Device,Conv2DBackpropFilter,gradient_tape/inception_resnet_v2/conv2d_129/Conv2D/Conv2DBackpropFilter,4,702.498,175.6245,702.498,175.6245,0.00092587295441973,0.4659156601776257,0.0,0.0
260,Device,Conv2DBackpropFilter,gradient_tape/inception_resnet_v2/conv2d_121/Conv2D/Conv2DBackpropFilter,4,701.73,175.4325,701.73,175.4325,0.0009248607516390895,0.4668405209292648,0.0,0.0
261,Device,Conv2DBackpropFilter,gradient_tape/inception_resnet_v2/conv2d_137/Conv2D/Conv2DBackpropFilter,4,701.633,175.40825,701.633,175.40825,0.0009247329083191388,0.46776525383758394,0.0,0.0
262,Device,Conv2DBackpropInput,gradient_tape/inception_resnet_v2/conv2d_76/Conv2D/Conv2DBackpropInput,2,700.674,350.337,700.674,350.337,0.0009234689728157088,0.46868872281039964,0.0,0.0
263,Device,Conv2DBackpropFilter,gradient_tape/inception_resnet_v2/conv2d_133/Conv2D/Conv2DBackpropFilter,4,700.545,175.13625,700.545,175.13625,0.000923298954379898,0.46961202176477956,0.0,0.0
264,Device,Conv2DBackpropFilter,gradient_tape/inception_resnet_v2/conv2d_149/Conv2D/Conv2DBackpropFilter,4,699.937,174.98425,699.937,174.98425,0.0009224976271785578,0.4705345193919581,0.0,0.0
265,Device,Conv2DBackpropFilter,gradient_tape/inception_resnet_v2/conv2d_141/Conv2D/Conv2DBackpropFilter,4,698.69,174.6725,698.69,174.6725,0.0009208541156323877,0.4714553735075905,0.0,0.0
266,Device,Conv2DBackpropFilter,gradient_tape/inception_resnet_v2/conv2d_145/Conv2D/Conv2DBackpropFilter,4,697.76,174.44,697.76,174.44,0.0009196284013277059,0.4723750019089182,0.0,0.0
267,Device,Conv2DBackpropInput,gradient_tape/inception_resnet_v2/conv2d_80/Conv2D/Conv2DBackpropInput,2,697.44,348.72,697.44,348.72,0.0009192066501691058,0.47329420855908727,0.0,0.0
268,Device,Conv2DBackpropInput,gradient_tape/inception_resnet_v2/conv2d_88/Conv2D/Conv2DBackpropInput,2,697.312,348.656,697.312,348.656,0.0009190379497056656,0.47421324650879293,0.0,0.0
269,Device,Conv2DBackpropInput,gradient_tape/inception_resnet_v2/conv2d_84/Conv2D/Conv2DBackpropInput,2,697.09,348.545,697.09,348.545,0.0009187453598393868,0.4751319918686323,0.0,0.0
270,Device,Conv2DBackpropInput,gradient_tape/inception_resnet_v2/conv2d_92/Conv2D/Conv2DBackpropInput,2,696.13,348.065,696.13,348.065,0.0009174801063635862,0.4760494719749959,0.0,0.0
271,Device,Conv2DBackpropInput,gradient_tape/inception_resnet_v2/conv2d_96/Conv2D/Conv2DBackpropInput,2,696.128,348.064,696.128,348.064,0.000917477470418845,0.4769669494454148,0.0,0.0
272,Device,Conv2DBackpropFilter,gradient_tape/inception_resnet_v2/conv2d_153/Conv2D/Conv2DBackpropFilter,4,694.657,173.66425,694.657,173.66425,0.0009155387330616548,0.47788248817847645,0.0,0.0
273,Device,Conv2DBackpropInput,gradient_tape/inception_resnet_v2/conv2d_100/Conv2D/Conv2DBackpropInput,2,693.986,346.993,693.986,346.993,0.0009146543736009649,0.4787971425520774,0.0,0.0
274,Device,Conv2DBackpropFilter,gradient_tape/inception_resnet_v2/conv2d_5/Conv2D/Conv2DBackpropFilter,2,692.609,346.3045,692.609,346.3045,0.0009128395256466136,0.47970998207772403,0.0,0.0
275,Device,Conv2DBackpropInput,gradient_tape/inception_resnet_v2/conv2d_112/Conv2D/Conv2DBackpropInput,2,691.488,345.744,691.488,345.744,0.0009113620786191423,0.48062134415634317,0.0,0.0
276,Device,Conv2DBackpropInput,gradient_tape/inception_resnet_v2/conv2d_104/Conv2D/Conv2DBackpropInput,2,690.944,345.472,690.944,345.472,0.0009106451016495219,0.4815319892579927,0.0,0.0
277,Device,Conv2DBackpropInput,gradient_tape/inception_resnet_v2/conv2d_108/Conv2D/Conv2DBackpropInput,2,690.498,345.249,690.498,345.249,0.0009100572859722229,0.4824420465439649,0.0,0.0
278,Device,Conv2DBackpropInput,gradient_tape/inception_resnet_v2/conv2d_116/Conv2D/Conv2DBackpropInput,2,690.05,345.025,690.05,345.025,0.0009094668343501826,0.48335151337831506,0.0,0.0
279,Device,Conv2DBackpropInput,gradient_tape/inception_resnet_v2/conv2d_120/Conv2D/Conv2DBackpropInput,2,689.44,344.72,689.44,344.72,0.0009086628712041011,0.48426017624951917,0.0,0.0
280,Device,Conv2DBackpropInput,gradient_tape/inception_resnet_v2/conv2d_124/Conv2D/Conv2DBackpropInput,2,684.994,342.497,684.994,342.497,0.0009028031660442997,0.48516297941556347,0.0,0.0
281,Device,Conv2DBackpropInput,gradient_tape/inception_resnet_v2/conv2d_128/Conv2D/Conv2DBackpropInput,2,684.672,342.336,684.672,342.336,0.0009023787789409583,0.4860653581945044,0.0,0.0
282,Device,MaxPool,inception_resnet_v2/max_pooling2d_1/MaxPool,2,683.297,341.6485,683.297,341.6485,0.0009005665669313481,0.48696592476143574,0.0,0.0
283,Device,Conv2DBackpropInput,gradient_tape/inception_resnet_v2/conv2d_132/Conv2D/Conv2DBackpropInput,2,678.273,339.1365,678.273,339.1365,0.0008939450737413252,0.48785986983517704,0.0,0.0
284,Device,Conv2DBackpropInput,gradient_tape/inception_resnet_v2/conv2d_136/Conv2D/Conv2DBackpropInput,2,677.794,338.897,677.794,338.897,0.0008933137649757955,0.48875318360015285,0.0,0.0
285,Device,Conv2DBackpropFilter,gradient_tape/inception_resnet_v2/conv2d_7/Conv2D/Conv2DBackpropFilter,4,677.312,169.328,677.312,169.328,0.0008926785022931541,0.489645862102446,0.0,0.0
286,Device,Conv2DBackpropInput,gradient_tape/inception_resnet_v2/conv2d_140/Conv2D/Conv2DBackpropInput,2,674.912,337.456,674.912,337.456,0.0008895153686036526,0.49053537747104964,0.0,0.0
287,Device,Conv2DBackpropInput,gradient_tape/inception_resnet_v2/conv2d_144/Conv2D/Conv2DBackpropInput,2,673.761,336.8805,673.761,336.8805,0.0008879983824050626,0.4914233758534547,0.0,0.0
288,Device,Conv2DBackpropInput,gradient_tape/inception_resnet_v2/conv2d_148/Conv2D/Conv2DBackpropInput,2,673.089,336.5445,673.089,336.5445,0.0008871127049720022,0.4923104885584267,0.0,0.0
289,Device,Conv2DBackpropInput,gradient_tape/inception_resnet_v2/conv2d_152/Conv2D/Conv2DBackpropInput,2,672.672,336.336,672.672,336.336,0.0008865631104934513,0.49319705166892014,0.0,0.0
290,Device,ReluGrad,gradient_tape/inception_resnet_v2/block35_5_ac/ReluGrad,2,662.082,331.041,662.082,331.041,0.0008726057830885264,0.49406965745200865,0.0,0.0
291,Device,Conv2DBackpropInput,gradient_tape/inception_resnet_v2/conv2d_162/Conv2D/Conv2DBackpropInput,2,660.481,330.2405,660.481,330.2405,0.0008704957093231548,0.49494015316133183,0.0,0.0
292,Device,ReluGrad,gradient_tape/inception_resnet_v2/block35_1_ac/ReluGrad,2,660.321,330.1605,660.321,330.1605,0.0008702848337438548,0.4958104379950757,0.0,0.0
293,Device,ReluGrad,gradient_tape/inception_resnet_v2/block35_4_ac/ReluGrad,2,657.314,328.657,657.314,328.657,0.0008663216908253835,0.4966767596859011,0.0,0.0
294,Device,AddN,SGD/gradients/AddN_28,2,657.217,328.6085,657.217,328.6085,0.0008661938475054329,0.4975429535334065,0.0,0.0
295,Device,ReluGrad,gradient_tape/inception_resnet_v2/block35_2_ac/ReluGrad,2,657.184,328.592,657.184,328.592,0.0008661503544172023,0.4984091038878237,0.0,0.0
296,Device,ReluGrad,gradient_tape/inception_resnet_v2/block35_10_ac/ReluGrad,2,656.928,328.464,656.928,328.464,0.0008658129534903222,0.49927491684131403,0.0,0.0
297,Device,ReluGrad,gradient_tape/inception_resnet_v2/block35_6_ac/ReluGrad,2,656.674,328.337,656.674,328.337,0.0008654781885081832,0.5001403950298222,0.0,0.0
298,Device,AddN,SGD/gradients/AddN_15,2,656.065,328.0325,656.065,328.0325,0.0008646755433344723,0.5010050705731567,0.0,0.0
299,Device,AddN,SGD/gradients/AddN_29,2,655.937,327.9685,655.937,327.9685,0.0008645068428710322,0.5018695774160277,0.0,0.0
300,Device,AddN,SGD/gradients/AddN_30,2,655.904,327.952,655.904,327.952,0.0008644633497828016,0.5027340407658105,0.0,0.0
301,Device,ReluGrad,gradient_tape/inception_resnet_v2/block35_9_ac/ReluGrad,2,655.52,327.76,655.52,327.76,0.0008639572483924813,0.503597998014203,0.0,0.0
302,Device,AddN,SGD/gradients/AddN_23,2,655.456,327.728,655.456,327.728,0.0008638728981607613,0.5044618709123638,0.0,0.0
303,Device,AddN,SGD/gradients/AddN_16,2,655.392,327.696,655.392,327.696,0.0008637885479290413,0.5053256594602928,0.0,0.0
304,Device,AddN,SGD/gradients/AddN_24,2,655.361,327.6805,655.361,327.6805,0.0008637476907855518,0.5061894071510784,0.0,0.0
305,Device,ReluGrad,gradient_tape/inception_resnet_v2/block35_7_ac/ReluGrad,2,655.328,327.664,655.328,327.664,0.0008637041976973212,0.5070531113487757,0.0,0.0
306,Device,AddN,SGD/gradients/AddN_14,2,655.297,327.6485,655.297,327.6485,0.0008636633405538319,0.5079167746893296,0.0,0.0
307,Device,AddN,SGD/gradients/AddN_12,2,655.073,327.5365,655.073,327.5365,0.0008633681147428117,0.5087801428040725,0.0,0.0
308,Device,AddN,SGD/gradients/AddN_19,2,655.01,327.505,655.01,327.505,0.0008632850824834622,0.5096434278865559,0.0,0.0
309,Device,AddN,SGD/gradients/AddN_26,2,654.849,327.4245,654.849,327.4245,0.0008630728889317917,0.5105065007754878,0.0,0.0
310,Device,AddN,SGD/gradients/AddN_20,2,654.656,327.328,654.656,327.328,0.0008628185202642607,0.511369319295752,0.0,0.0
311,Device,ReluGrad,gradient_tape/inception_resnet_v2/block35_3_ac/ReluGrad,2,654.625,327.3125,654.625,327.3125,0.0008627776631207714,0.5122320969588728,0.0,0.0
312,Device,AddN,SGD/gradients/AddN_18,2,654.624,327.312,654.624,327.312,0.0008627763451484008,0.5130948733040213,0.0,0.0
313,Device,AddN,SGD/gradients/AddN_21,2,654.562,327.281,654.562,327.281,0.000862694630861422,0.5139575679348827,0.0,0.0
314,Device,AddN,SGD/gradients/AddN_27,2,654.272,327.136,654.272,327.136,0.0008623124188739407,0.5148198803537566,0.0,0.0
315,Device,AddN,SGD/gradients/AddN_22,2,653.728,326.864,653.728,326.864,0.0008615954419043203,0.5156814757956609,0.0,0.0
316,Device,AddN,SGD/gradients/AddN_25,2,653.728,326.864,653.728,326.864,0.0008615954419043203,0.5165430712375653,0.0,0.0
317,Device,AddN,SGD/gradients/AddN_13,2,653.632,326.816,653.632,326.816,0.0008614689165567401,0.517404540154122,0.0,0.0
318,Device,AddN,SGD/gradients/AddN_17,2,653.506,326.753,653.506,326.753,0.0008613028520380413,0.51826584300616,0.0,0.0
319,Device,AddN,SGD/gradients/AddN_11,2,653.409,326.7045,653.409,326.7045,0.0008611750087180908,0.519127018014878,0.0,0.0
320,Device,ReluGrad,gradient_tape/inception_resnet_v2/block35_8_ac/ReluGrad,2,653.056,326.528,653.056,326.528,0.0008607097644712599,0.5199877277793493,0.0,0.0
321,Device,Conv2DBackpropInput,gradient_tape/inception_resnet_v2/conv2d_9/Conv2D/Conv2DBackpropInput,4,651.968,162.992,651.968,162.992,0.0008592758105320192,0.5208470035898813,0.0,0.0
322,Device,Conv2D,inception_resnet_v2/conv2d_140/Conv2D,2,639.873,319.9365,639.873,319.9365,0.000843334934709303,0.5216903385245907,0.0,0.0
323,Device,Conv2D,inception_resnet_v2/conv2d_148/Conv2D,2,638.624,319.312,638.624,319.312,0.0008416887872183915,0.522532027311809,0.0,0.0
324,Device,Conv2D,inception_resnet_v2/conv2d_144/Conv2D,2,638.594,319.297,638.594,319.297,0.0008416492480472728,0.5233736765598563,0.0,0.0
325,Device,Conv2D,inception_resnet_v2/conv2d_152/Conv2D,2,638.402,319.201,638.402,319.201,0.0008413961973521126,0.5242150727572085,0.0,0.0
326,Device,Conv2D,inception_resnet_v2/conv2d_132/Conv2D,2,634.017,317.0085,634.017,317.0085,0.0008356168885069195,0.5250506896457154,0.0,0.0
327,Device,Conv2D,inception_resnet_v2/conv2d_128/Conv2D,2,632.609,316.3045,632.609,316.3045,0.0008337611834090786,0.5258844508291245,0.0,0.0
328,Device,Conv2D,inception_resnet_v2/conv2d_124/Conv2D,2,632.289,316.1445,632.289,316.1445,0.0008333394322504785,0.526717790261375,0.0,0.0
329,Device,Conv2D,inception_resnet_v2/conv2d_136/Conv2D,2,632.289,316.1445,632.289,316.1445,0.0008333394322504785,0.5275511296936255,0.0,0.0
330,Device,Conv2DBackpropInput,gradient_tape/inception_resnet_v2/block8_8_conv/Conv2D/Conv2DBackpropInput,4,629.601,157.40025,629.601,157.40025,0.0008297967225182369,0.5283809264161438,0.0,0.0
331,Device,Conv2DBackpropInput,gradient_tape/inception_resnet_v2/block8_9_conv/Conv2D/Conv2DBackpropInput,4,628.448,157.112,628.448,157.112,0.0008282771003749055,0.5292092035165187,0.0,0.0
332,Device,AddV2,inception_resnet_v2/block35_8/add,2,628.098,314.049,628.098,314.049,0.0008278158100451866,0.5300370193265639,0.0,0.0
333,Device,AddV2,inception_resnet_v2/block35_4/add,2,627.585,313.7925,627.585,313.7925,0.0008271396902190557,0.530864159016783,0.0,0.0
334,Device,AddV2,inception_resnet_v2/block35_9/add,2,627.426,313.713,627.426,313.713,0.0008269301326121263,0.5316910891493951,0.0,0.0
335,Device,AddV2,inception_resnet_v2/block35_5/add,2,627.329,313.6645,627.329,313.6645,0.0008268022892921755,0.5325178914386873,0.0,0.0
336,Device,AddV2,inception_resnet_v2/block35_2/add,2,626.56,313.28,626.56,313.28,0.0008257887685391644,0.5333436802072264,0.0,0.0
337,Device,Conv2DBackpropInput,gradient_tape/inception_resnet_v2/block8_7_conv/Conv2D/Conv2DBackpropInput,4,626.401,156.60025,626.401,156.60025,0.0008255792109322349,0.5341692594181586,0.0,0.0
338,Device,AddV2,inception_resnet_v2/block35_6/add,2,626.017,313.0085,626.017,313.0085,0.0008250731095419149,0.5349943325277006,0.0,0.0
339,Device,AddV2,inception_resnet_v2/block35_7/add,2,625.985,312.9925,625.985,312.9925,0.0008250309344260548,0.5358193634621267,0.0,0.0
340,Device,AddV2,inception_resnet_v2/block35_3/add,2,625.728,312.864,625.728,312.864,0.0008246922155268039,0.5366440556776535,0.0,0.0
341,Device,AddN,SGD/gradients/AddN_42,2,625.441,312.7205,625.441,312.7205,0.0008243139574564345,0.5374683696351099,0.0,0.0
342,Device,AddV2,inception_resnet_v2/block35_1/add,2,624.192,312.096,624.192,312.096,0.000822667809965523,0.5382910374450754,0.0,0.0
343,Device,Conv2DBackpropInput,gradient_tape/inception_resnet_v2/block8_10_conv/Conv2D/Conv2DBackpropInput,4,624.001,156.00025,624.001,156.00025,0.0008224160772427336,0.5391134535223182,0.0,0.0
344,Device,Conv2DBackpropInput,gradient_tape/inception_resnet_v2/block8_5_conv/Conv2D/Conv2DBackpropInput,4,623.969,155.99225,623.969,155.99225,0.0008223739021268737,0.5399358274244451,0.0,0.0
345,Device,AddV2,inception_resnet_v2/block35_10/add,2,623.968,311.984,623.968,311.984,0.0008223725841545029,0.5407582000085996,0.0,0.0
346,Device,Conv2DBackpropInput,gradient_tape/inception_resnet_v2/block8_2_conv/Conv2D/Conv2DBackpropInput,4,623.104,155.776,623.104,155.776,0.0008212338560262825,0.5415794338646259,0.0,0.0
347,Device,Conv2DBackpropInput,gradient_tape/inception_resnet_v2/block8_6_conv/Conv2D/Conv2DBackpropInput,4,621.505,155.37625,621.505,155.37625,0.0008191264182056522,0.5423985602828316,0.0,0.0
348,Device,Conv2DBackpropInput,gradient_tape/inception_resnet_v2/block8_4_conv/Conv2D/Conv2DBackpropInput,4,621.089,155.27225,621.089,155.27225,0.000818578141699472,0.5432171384245311,0.0,0.0
349,Device,Conv2DBackpropInput,gradient_tape/inception_resnet_v2/block8_3_conv/Conv2D/Conv2DBackpropInput,4,620.641,155.16025,620.641,155.16025,0.0008179876900774316,0.5440351261146086,0.0,0.0
350,Device,Conv2D,inception_resnet_v2/conv2d_116/Conv2D,2,617.281,308.6405,617.281,308.6405,0.0008135593029121297,0.5448486854175207,0.0,0.0
351,Device,Conv2D,inception_resnet_v2/conv2d_108/Conv2D,2,616.833,308.4165,616.833,308.4165,0.0008129688512900894,0.5456616542688109,0.0,0.0
352,Device,Conv2D,inception_resnet_v2/conv2d_120/Conv2D,2,616.193,308.0965,616.193,308.0965,0.000812125348972889,0.5464737796177838,0.0,0.0
353,Device,Conv2D,inception_resnet_v2/conv2d_104/Conv2D,2,616.16,308.08,616.16,308.08,0.0008120818558846584,0.5472858614736684,0.0,0.0
354,Device,Conv2D,inception_resnet_v2/conv2d_112/Conv2D,2,614.977,307.4885,614.977,307.4885,0.0008105226945702084,0.5480963841682386,0.0,0.0
355,Device,Conv2DBackpropInput,gradient_tape/inception_resnet_v2/block35_5_conv/Conv2D/Conv2DBackpropInput,2,614.369,307.1845,614.369,307.1845,0.0008097213673688681,0.5489061055356075,0.0,0.0
356,Device,Conv2DBackpropInput,gradient_tape/inception_resnet_v2/block8_1_conv/Conv2D/Conv2DBackpropInput,4,613.504,153.376,613.504,153.376,0.0008085813212682769,0.5497146868568757,0.0,0.0
357,Device,Conv2D,inception_resnet_v2/conv2d_96/Conv2D,2,613.057,306.5285,613.057,306.5285,0.0008079921876186073,0.5505226790444944,0.0,0.0
358,Device,Conv2DBackpropInput,gradient_tape/inception_resnet_v2/block35_8_conv/Conv2D/Conv2DBackpropInput,2,612.321,306.1605,612.321,306.1605,0.0008070221599538269,0.5513297012044482,0.0,0.0
359,Device,Conv2D,inception_resnet_v2/conv2d_100/Conv2D,2,612.257,306.1285,612.257,306.1285,0.0008069378097221067,0.5521366390141703,0.0,0.0
360,Device,Conv2DBackpropInput,gradient_tape/inception_resnet_v2/block35_7_conv/Conv2D/Conv2DBackpropInput,2,612.162,306.081,612.162,306.081,0.0008068126023468974,0.5529434516165173,0.0,0.0
361,Device,Conv2DBackpropInput,gradient_tape/inception_resnet_v2/block35_6_conv/Conv2D/Conv2DBackpropInput,2,611.618,305.809,611.618,305.809,0.0008060956253772771,0.5537495472418945,0.0,0.0
362,Device,Conv2D,inception_resnet_v2/conv2d_92/Conv2D,2,611.073,305.5365,611.073,305.5365,0.000805377330435286,0.5545549245723298,0.0,0.0
363,Device,Conv2D,inception_resnet_v2/conv2d_88/Conv2D,2,610.785,305.3925,610.785,305.3925,0.0008049977543925458,0.5553599223267224,0.0,0.0
364,Device,Conv2DBackpropInput,gradient_tape/inception_resnet_v2/block35_4_conv/Conv2D/Conv2DBackpropInput,2,609.824,304.912,609.824,304.912,0.0008037311829443747,0.5561636535096668,0.0,0.0
365,Device,Conv2DBackpropInput,gradient_tape/inception_resnet_v2/block35_9_conv/Conv2D/Conv2DBackpropInput,2,609.504,304.752,609.504,304.752,0.0008033094317857746,0.5569669629414525,0.0,0.0
366,Device,Conv2DBackpropInput,gradient_tape/inception_resnet_v2/block35_10_conv/Conv2D/Conv2DBackpropInput,2,609.312,304.656,609.312,304.656,0.0008030563810906145,0.5577700193225431,0.0,0.0
367,Device,Conv2DBackpropInput,gradient_tape/inception_resnet_v2/block35_1_conv/Conv2D/Conv2DBackpropInput,2,608.961,304.4805,608.961,304.4805,0.0008025937727885249,0.5585726130953317,0.0,0.0
368,Device,Conv2DBackpropInput,gradient_tape/inception_resnet_v2/block35_3_conv/Conv2D/Conv2DBackpropInput,2,608.832,304.416,608.832,304.416,0.0008024237543527141,0.5593750368496844,0.0,0.0
369,Device,Conv2DBackpropInput,gradient_tape/inception_resnet_v2/block35_2_conv/Conv2D/Conv2DBackpropInput,2,606.881,303.4405,606.881,303.4405,0.0007998523902576236,0.560174889239942,0.0,0.0
370,Device,Conv2D,inception_resnet_v2/conv2d_80/Conv2D,2,604.673,302.3365,604.673,302.3365,0.0007969423072632823,0.5609718315472052,0.0,0.0
371,Device,Conv2D,inception_resnet_v2/conv2d_84/Conv2D,2,603.169,301.5845,603.169,301.5845,0.0007949600768178615,0.5617667916240231,0.0,0.0
372,Device,Conv2D,inception_resnet_v2/conv2d_9/Conv2D,4,600.737,150.18425,600.737,150.18425,0.0007917547680125,0.5625585463920356,0.0,0.0
373,Device,Conv2D,inception_resnet_v2/conv2d_76/Conv2D,2,598.976,299.488,598.976,299.488,0.0007894338186678284,0.5633479802107034,0.0,0.0
374,Device,Conv2DBackpropFilter,gradient_tape/inception_resnet_v2/conv2d_79/Conv2D/Conv2DBackpropFilter,4,569.216,142.304,569.216,142.304,0.0007502109609180111,0.5640981911716214,0.0,0.0
375,Device,Conv2DBackpropFilter,gradient_tape/inception_resnet_v2/conv2d_83/Conv2D/Conv2DBackpropFilter,4,568.001,142.00025,568.001,142.00025,0.000748609624487701,0.5648468007961092,0.0,0.0
376,Device,Conv2DBackpropFilter,gradient_tape/inception_resnet_v2/conv2d_95/Conv2D/Conv2DBackpropFilter,4,566.848,141.712,566.848,141.712,0.0007470900023443697,0.5655938907984536,0.0,0.0
377,Device,Conv2DBackpropFilter,gradient_tape/inception_resnet_v2/conv2d_11/Conv2D/Conv2DBackpropFilter,2,566.817,283.4085,566.817,283.4085,0.0007470491452008804,0.5663409399436544,0.0,0.0
378,Device,Conv2DBackpropFilter,gradient_tape/inception_resnet_v2/conv2d_87/Conv2D/Conv2DBackpropFilter,4,566.464,141.616,566.464,141.616,0.0007465839009540496,0.5670875238446085,0.0,0.0
379,Device,Conv2DBackpropFilter,gradient_tape/inception_resnet_v2/conv2d_91/Conv2D/Conv2DBackpropFilter,4,566.401,141.60025,566.401,141.60025,0.0007465008686947,0.5678340247133031,0.0,0.0
380,Device,Conv2DBackpropFilter,gradient_tape/inception_resnet_v2/conv2d_99/Conv2D/Conv2DBackpropFilter,4,565.985,141.49625,565.985,141.49625,0.0007459525921885199,0.5685799773054917,0.0,0.0
381,Device,Conv2DBackpropInput,gradient_tape/inception_resnet_v2/conv2d_157/Conv2D/Conv2DBackpropInput,2,565.217,282.6085,565.217,282.6085,0.0007449403894078793,0.5693249176948996,0.0,0.0
382,Device,Conv2DBackpropFilter,gradient_tape/inception_resnet_v2/conv2d_107/Conv2D/Conv2DBackpropFilter,4,563.937,140.98425,563.937,140.98425,0.0007432533847734787,0.570068171079673,0.0,0.0
383,Device,Conv2DBackpropFilter,gradient_tape/inception_resnet_v2/conv2d_103/Conv2D/Conv2DBackpropFilter,4,563.488,140.872,563.488,140.872,0.0007426616151790679,0.5708108326948521,0.0,0.0
384,Device,Conv2DBackpropFilter,gradient_tape/inception_resnet_v2/conv2d_123/Conv2D/Conv2DBackpropFilter,4,561.154,140.2885,561.154,140.2885,0.0007395854676660277,0.5715504181625182,0.0,0.0
385,Device,Conv2DBackpropFilter,gradient_tape/inception_resnet_v2/conv2d_119/Conv2D/Conv2DBackpropFilter,4,560.512,140.128,560.512,140.128,0.000738739329404086,0.5722891574919222,0.0,0.0
386,Device,Conv2DBackpropFilter,gradient_tape/inception_resnet_v2/conv2d_115/Conv2D/Conv2DBackpropFilter,4,560.29,140.0725,560.29,140.0725,0.0007384467395378071,0.57302760423146,0.0,0.0
387,Device,Conv2DBackpropFilter,gradient_tape/inception_resnet_v2/conv2d_111/Conv2D/Conv2DBackpropFilter,4,559.84,139.96,559.84,139.96,0.0007378536519710257,0.573765457883431,0.0,0.0
388,Device,Conv2DBackpropFilter,gradient_tape/inception_resnet_v2/conv2d_8/Conv2D/Conv2DBackpropFilter,2,557.217,278.6085,557.217,278.6085,0.0007343966104428747,0.5744998544938739,0.0,0.0
389,Device,Conv2DBackpropFilter,gradient_tape/inception_resnet_v2/conv2d_131/Conv2D/Conv2DBackpropFilter,4,556.194,139.0485,556.194,139.0485,0.0007330483247077247,0.5752329028185816,0.0,0.0
390,Device,Conv2DBackpropFilter,gradient_tape/inception_resnet_v2/conv2d_127/Conv2D/Conv2DBackpropFilter,4,553.728,138.432,553.728,138.432,0.0007297982048417621,0.5759627010234234,0.0,0.0
391,Device,Conv2DBackpropFilter,gradient_tape/inception_resnet_v2/conv2d_135/Conv2D/Conv2DBackpropFilter,4,547.584,136.896,547.584,136.896,0.0007217005825966385,0.5766844016060201,0.0,0.0
392,Device,Conv2DBackpropFilter,gradient_tape/inception_resnet_v2/conv2d_139/Conv2D/Conv2DBackpropFilter,4,547.296,136.824,547.296,136.824,0.0007213210065538984,0.577405722612574,0.0,0.0
393,Device,Conv2DBackpropFilter,gradient_tape/inception_resnet_v2/conv2d_47/Conv2D/Conv2DBackpropFilter,4,546.242,136.5605,546.242,136.5605,0.000719931863675259,0.5781256544762492,0.0,0.0
394,Device,Conv2DBackpropFilter,gradient_tape/inception_resnet_v2/conv2d_59/Conv2D/Conv2DBackpropFilter,4,543.968,135.992,543.968,135.992,0.0007169347945044564,0.5788425892707536,0.0,0.0
395,Device,Conv2DBackpropFilter,gradient_tape/inception_resnet_v2/conv2d_65/Conv2D/Conv2DBackpropFilter,4,542.306,135.5765,542.306,135.5765,0.0007147443244244768,0.5795573335951781,0.0,0.0
396,Device,Conv2DBackpropFilter,gradient_tape/inception_resnet_v2/conv2d_53/Conv2D/Conv2DBackpropFilter,4,541.632,135.408,541.632,135.408,0.000713856011046675,0.5802711896062248,0.0,0.0
397,Device,Conv2DBackpropFilter,gradient_tape/inception_resnet_v2/conv2d_41/Conv2D/Conv2DBackpropFilter,4,540.928,135.232,540.928,135.232,0.0007129281584977547,0.5809841177647226,0.0,0.0
398,Device,Conv2DBackpropFilter,gradient_tape/inception_resnet_v2/conv2d_155/Conv2D/Conv2DBackpropFilter,4,539.904,134.976,539.904,134.976,0.0007115785547902341,0.5816956963195128,0.0,0.0
399,Device,Conv2DBackpropFilter,gradient_tape/inception_resnet_v2/conv2d_143/Conv2D/Conv2DBackpropFilter,4,539.874,134.9685,539.874,134.9685,0.0007115390156191153,0.582407235335132,0.0,0.0
400,Device,Conv2DBackpropFilter,gradient_tape/inception_resnet_v2/conv2d_147/Conv2D/Conv2DBackpropFilter,4,539.712,134.928,539.712,134.928,0.0007113255040950739,0.583118560839227,0.0,0.0
401,Device,Conv2DBackpropFilter,gradient_tape/inception_resnet_v2/conv2d_151/Conv2D/Conv2DBackpropFilter,4,539.617,134.90425,539.617,134.90425,0.0007112002967198644,0.5838297611359469,0.0,0.0
402,Device,Conv2DBackpropFilter,gradient_tape/inception_resnet_v2/conv2d_35/Conv2D/Conv2DBackpropFilter,4,538.976,134.744,538.976,134.744,0.0007103554764302935,0.5845401166123771,0.0,0.0
403,Device,Conv2DBackpropFilter,gradient_tape/inception_resnet_v2/conv2d_71/Conv2D/Conv2DBackpropFilter,4,538.754,134.6885,538.754,134.6885,0.0007100628865640147,0.5852501794989412,0.0,0.0
404,Device,Conv2DBackpropFilter,gradient_tape/inception_resnet_v2/conv2d_17/Conv2D/Conv2DBackpropFilter,4,538.433,134.60825,538.433,134.60825,0.0007096398174330439,0.5859598193163742,0.0,0.0
405,Device,Conv2DBackpropFilter,gradient_tape/inception_resnet_v2/conv2d_23/Conv2D/Conv2DBackpropFilter,4,538.337,134.58425,538.337,134.58425,0.0007095132920854637,0.5866693326084597,0.0,0.0
406,Device,Conv2DBackpropFilter,gradient_tape/inception_resnet_v2/conv2d_29/Conv2D/Conv2DBackpropFilter,4,536.546,134.1365,536.546,134.1365,0.0007071528035696734,0.5873764854120294,0.0,0.0
407,Device,Conv2DBackpropInput,gradient_tape/inception_resnet_v2/conv2d_7/Conv2D/Conv2DBackpropInput,2,535.713,267.8565,535.713,267.8565,0.0007060549325849422,0.5880825403446143,0.0,0.0
408,Device,Conv2DBackpropFilter,gradient_tape/inception_resnet_v2/conv2d_6/Conv2D/Conv2DBackpropFilter,2,533.665,266.8325,533.665,266.8325,0.000703355725169901,0.5887858960697842,0.0,0.0
409,Device,ReluGrad,gradient_tape/inception_resnet_v2/activation_74/ReluGrad,2,530.85,265.425,530.85,265.425,0.00069964563294659,0.5894855417027307,0.0,0.0
410,Device,ReluGrad,gradient_tape/inception_resnet_v2/activation_73/ReluGrad,2,527.074,263.537,527.074,263.537,0.0006946689692751078,0.5901802106720058,0.0,0.0
411,Device,Conv2DBackpropInput,gradient_tape/inception_resnet_v2/conv2d_77/Conv2D/Conv2DBackpropInput,2,524.833,262.4165,524.833,262.4165,0.0006917153931925359,0.5908719260651983,0.0,0.0
412,Device,Conv2DBackpropInput,gradient_tape/inception_resnet_v2/conv2d_81/Conv2D/Conv2DBackpropInput,2,523.232,261.616,523.232,261.616,0.0006896053194271643,0.5915615313846255,0.0,0.0
413,Device,Conv2DBackpropInput,gradient_tape/inception_resnet_v2/conv2d_85/Conv2D/Conv2DBackpropInput,2,522.913,261.4565,522.913,261.4565,0.0006891848862409348,0.5922507162708665,0.0,0.0
414,Device,Conv2DBackpropInput,gradient_tape/inception_resnet_v2/conv2d_89/Conv2D/Conv2DBackpropInput,2,521.344,260.672,521.344,260.672,0.0006871169875914233,0.5929378332584578,0.0,0.0
415,Device,Conv2DBackpropInput,gradient_tape/inception_resnet_v2/conv2d_93/Conv2D/Conv2DBackpropInput,2,519.457,259.7285,519.457,259.7285,0.0006846299737280528,0.5936224632321859,0.0,0.0
416,Device,SoftmaxCrossEntropyWithLogits,categorical_crossentropy/softmax_cross_entropy_with_logits,6,518.593,86.43216666666666,518.593,86.43216666666666,0.0006834912455998323,0.5943059544777858,0.0,0.0
417,Device,Conv2DBackpropInput,gradient_tape/inception_resnet_v2/conv2d_97/Conv2D/Conv2DBackpropInput,2,518.496,259.248,518.496,259.248,0.0006833634022798816,0.5949893178800657,0.0,0.0
418,Device,Conv2DBackpropInput,gradient_tape/inception_resnet_v2/conv2d_101/Conv2D/Conv2DBackpropInput,2,517.441,258.7205,517.441,258.7205,0.0006819729414288717,0.5956712908214946,0.0,0.0
419,Device,ReluGrad,gradient_tape/inception_resnet_v2/block17_8_ac/ReluGrad,2,516.928,258.464,516.928,258.464,0.0006812968216027407,0.5963525876430974,0.0,0.0
420,Device,ReluGrad,gradient_tape/inception_resnet_v2/block17_17_ac/ReluGrad,2,516.065,258.0325,516.065,258.0325,0.0006801594114468909,0.5970327470545443,0.0,0.0
421,Device,Conv2D,inception_resnet_v2/conv2d_7/Conv2D,2,515.937,257.9685,515.937,257.9685,0.0006799907109834507,0.5977127377655278,0.0,0.0
422,Device,Conv2DBackpropInput,gradient_tape/inception_resnet_v2/conv2d_105/Conv2D/Conv2DBackpropInput,2,515.936,257.968,515.936,257.968,0.0006799893930110802,0.5983927271585389,0.0,0.0
423,Device,ReluGrad,gradient_tape/inception_resnet_v2/block17_3_ac/ReluGrad,2,515.842,257.921,515.842,257.921,0.0006798655036082412,0.5990725926621471,0.0,0.0
424,Device,ReluGrad,gradient_tape/inception_resnet_v2/block17_13_ac/ReluGrad,2,515.776,257.888,515.776,257.888,0.00067977851743178,0.5997523711795788,0.0,0.0
425,Device,ReluGrad,gradient_tape/inception_resnet_v2/block17_4_ac/ReluGrad,2,515.136,257.568,515.136,257.568,0.0006789350151145796,0.6004313061946934,0.0,0.0
426,Device,ReluGrad,gradient_tape/inception_resnet_v2/block17_7_ac/ReluGrad,2,515.106,257.553,515.106,257.553,0.0006788954759434609,0.6011102016706369,0.0,0.0
427,Device,ReluGrad,gradient_tape/inception_resnet_v2/block17_16_ac/ReluGrad,2,514.785,257.3925,514.785,257.3925,0.00067847240681249,0.6017886740774494,0.0,0.0
428,Device,Conv2DBackpropInput,gradient_tape/inception_resnet_v2/conv2d_117/Conv2D/Conv2DBackpropInput,2,514.69,257.345,514.69,257.345,0.0006783471994372808,0.6024670212768867,0.0,0.0
429,Device,Conv2DBackpropInput,gradient_tape/inception_resnet_v2/conv2d_3/Conv2D/Conv2DBackpropInput,2,514.465,257.2325,514.465,257.2325,0.0006780506556538899,0.6031450719325405,0.0,0.0
430,Device,Conv2DBackpropInput,gradient_tape/inception_resnet_v2/conv2d_113/Conv2D/Conv2DBackpropInput,2,514.432,257.216,514.432,257.216,0.0006780071625656593,0.6038230790951061,0.0,0.0
431,Device,ReluGrad,gradient_tape/inception_resnet_v2/block17_6_ac/ReluGrad,2,514.368,257.184,514.368,257.184,0.0006779228123339392,0.60450100190744,0.0,0.0
432,Device,ReluGrad,gradient_tape/inception_resnet_v2/block17_14_ac/ReluGrad,2,514.018,257.009,514.018,257.009,0.0006774615220042203,0.6051784634294443,0.0,0.0
433,Device,ReluGrad,gradient_tape/inception_resnet_v2/block17_11_ac/ReluGrad,2,514.016,257.008,514.016,257.008,0.000677458886059479,0.6058559223155038,0.0,0.0
434,Device,ReluGrad,gradient_tape/inception_resnet_v2/block17_19_ac/ReluGrad,2,513.761,256.8805,513.761,256.8805,0.0006771228031049694,0.6065330451186087,0.0,0.0
435,Device,Conv2DBackpropInput,gradient_tape/inception_resnet_v2/conv2d_109/Conv2D/Conv2DBackpropInput,2,513.696,256.848,513.696,256.848,0.0006770371349008789,0.6072100822535096,0.0,0.0
436,Device,ReluGrad,gradient_tape/inception_resnet_v2/block17_12_ac/ReluGrad,2,513.57,256.785,513.57,256.785,0.00067687107038218,0.6078869533238918,0.0,0.0
437,Device,MaxPoolGrad,gradient_tape/inception_resnet_v2/max_pooling2d_2/MaxPool/MaxPoolGrad,2,513.568,256.784,513.568,256.784,0.0006768684344374387,0.6085638217583292,0.0,0.0
438,Device,ReluGrad,gradient_tape/inception_resnet_v2/block17_1_ac/ReluGrad,2,513.505,256.7525,513.505,256.7525,0.0006767854021780893,0.6092406071605073,0.0,0.0
439,Device,ReluGrad,gradient_tape/inception_resnet_v2/block17_18_ac/ReluGrad,2,513.344,256.672,513.344,256.672,0.0006765732086264186,0.6099171803691338,0.0,0.0
440,Device,Conv2DBackpropInput,gradient_tape/inception_resnet_v2/conv2d_121/Conv2D/Conv2DBackpropInput,2,513.28,256.64,513.28,256.64,0.0006764888583946986,0.6105936692275284,0.0,0.0
441,Device,ReluGrad,gradient_tape/inception_resnet_v2/block17_2_ac/ReluGrad,2,513.12,256.56,513.12,256.56,0.0006762779828153985,0.6112699472103439,0.0,0.0
442,Device,ReluGrad,gradient_tape/inception_resnet_v2/block17_9_ac/ReluGrad,2,513.024,256.512,513.024,256.512,0.0006761514574678185,0.6119460986678117,0.0,0.0
443,Device,ReluGrad,gradient_tape/inception_resnet_v2/block17_5_ac/ReluGrad,2,512.738,256.369,512.738,256.369,0.0006757745173698196,0.6126218731851815,0.0,0.0
444,Device,ReluGrad,gradient_tape/inception_resnet_v2/block17_20_ac/ReluGrad,2,512.577,256.2885,512.577,256.2885,0.0006755623238181488,0.6132974355089996,0.0,0.0
445,Device,ReluGrad,gradient_tape/inception_resnet_v2/block17_15_ac/ReluGrad,2,512.576,256.288,512.576,256.288,0.0006755610058457782,0.6139729965148454,0.0,0.0
446,Device,ReluGrad,gradient_tape/inception_resnet_v2/block17_10_ac/ReluGrad,2,512.48,256.24,512.48,256.24,0.0006754344804981981,0.6146484309953436,0.0,0.0
447,Device,Conv2DBackpropInput,gradient_tape/inception_resnet_v2/conv2d_129/Conv2D/Conv2DBackpropInput,2,511.552,255.776,511.552,255.776,0.0006742114021382576,0.6153226423974819,0.0,0.0
448,Device,Conv2DBackpropInput,gradient_tape/inception_resnet_v2/conv2d_125/Conv2D/Conv2DBackpropInput,2,510.306,255.153,510.306,255.153,0.000672569208564458,0.6159952116060464,0.0,0.0
449,Device,Conv2DBackpropInput,gradient_tape/inception_resnet_v2/conv2d_133/Conv2D/Conv2DBackpropInput,2,507.393,253.6965,507.393,253.6965,0.0006687299550488258,0.6166639415610953,0.0,0.0
450,Device,Conv2DBackpropInput,gradient_tape/inception_resnet_v2/conv2d_137/Conv2D/Conv2DBackpropInput,2,505.825,252.9125,505.825,252.9125,0.0006666633743716849,0.617330604935467,0.0,0.0
451,Device,Conv2DBackpropInput,gradient_tape/inception_resnet_v2/conv2d_149/Conv2D/Conv2DBackpropInput,2,503.201,251.6005,503.201,251.6005,0.0006632050148711634,0.6179938099503381,0.0,0.0
452,Device,Conv2DBackpropInput,gradient_tape/inception_resnet_v2/conv2d_141/Conv2D/Conv2DBackpropInput,2,502.752,251.376,502.752,251.376,0.0006626132452767525,0.6186564231956149,0.0,0.0
453,Device,Conv2DBackpropInput,gradient_tape/inception_resnet_v2/conv2d_153/Conv2D/Conv2DBackpropInput,2,502.528,251.264,502.528,251.264,0.0006623180194657324,0.6193187412150806,0.0,0.0
454,Device,Conv2DBackpropInput,gradient_tape/inception_resnet_v2/conv2d_145/Conv2D/Conv2DBackpropInput,2,501.698,250.849,501.698,250.849,0.0006612241023981131,0.6199799653174787,0.0,0.0
455,Device,Conv2DBackpropFilter,gradient_tape/inception_resnet_v2/conv2d_162/Conv2D/Conv2DBackpropFilter,4,500.833,125.20825,500.833,125.20825,0.000660084056297522,0.6206400493737761,0.0,0.0
456,Device,Conv2DBackpropFilter,gradient_tape/inception_resnet_v2/conv2d_52/Conv2D/Conv2DBackpropFilter,4,499.584,124.896,499.584,124.896,0.0006584379088066106,0.6212984872825827,0.0,0.0
457,Device,Conv2DBackpropFilter,gradient_tape/inception_resnet_v2/conv2d_64/Conv2D/Conv2DBackpropFilter,4,499.042,124.7605,499.042,124.7605,0.0006577235677817315,0.6219562108503645,0.0,0.0
458,Device,Conv2DBackpropFilter,gradient_tape/inception_resnet_v2/conv2d_58/Conv2D/Conv2DBackpropFilter,4,498.561,124.64025,498.561,124.64025,0.0006570896230714607,0.6226133004734359,0.0,0.0
459,Device,AddV2,inception_resnet_v2/block17_20/add,2,497.922,248.961,497.922,248.961,0.000656247438726631,0.6232695479121625,0.0,0.0
460,Device,Conv2DBackpropFilter,gradient_tape/inception_resnet_v2/conv2d_70/Conv2D/Conv2DBackpropFilter,4,497.697,124.42425,497.697,124.42425,0.0006559508949432402,0.6239254988071057,0.0,0.0
461,Device,AddV2,inception_resnet_v2/block17_18/add,2,497.473,248.7365,497.473,248.7365,0.00065565566913222,0.6245811544762379,0.0,0.0
462,Device,Conv2DBackpropFilter,gradient_tape/inception_resnet_v2/conv2d_40/Conv2D/Conv2DBackpropFilter,4,497.312,124.328,497.312,124.328,0.0006554434755805494,0.6252365979518184,0.0,0.0
463,Device,AddV2,inception_resnet_v2/block17_16/add,2,496.576,248.288,496.576,248.288,0.0006544734479157689,0.6258910713997342,0.0,0.0
464,Device,Conv2DBackpropFilter,gradient_tape/inception_resnet_v2/conv2d_46/Conv2D/Conv2DBackpropFilter,4,495.618,123.9045,495.618,123.9045,0.0006532108303847095,0.6265442822301189,0.0,0.0
465,Device,AddV2,inception_resnet_v2/block17_14/add,2,495.264,247.632,495.264,247.632,0.0006527442681655082,0.6271970264982845,0.0,0.0
466,Device,AddV2,inception_resnet_v2/block17_4/add,2,495.136,247.568,495.136,247.568,0.000652575567702068,0.6278496020659865,0.0,0.0
467,Device,Conv2DBackpropFilter,gradient_tape/inception_resnet_v2/conv2d_28/Conv2D/Conv2DBackpropFilter,4,494.977,123.74425,494.977,123.74425,0.0006523660100951385,0.6285019680760816,0.0,0.0
468,Device,Conv2DBackpropFilter,gradient_tape/inception_resnet_v2/conv2d_34/Conv2D/Conv2DBackpropFilter,4,494.849,123.71225,494.849,123.71225,0.0006521973096316985,0.6291541653857133,0.0,0.0
469,Device,Conv2DBackpropFilter,gradient_tape/inception_resnet_v2/conv2d_16/Conv2D/Conv2DBackpropFilter,4,494.753,123.68825,494.753,123.68825,0.0006520707842841184,0.6298062361699974,0.0,0.0
470,Device,AddV2,inception_resnet_v2/block17_10/add,2,494.657,247.3285,494.657,247.3285,0.0006519442589365383,0.630458180428934,0.0,0.0
471,Device,AddV2,inception_resnet_v2/block17_7/add,2,494.561,247.2805,494.561,247.2805,0.0006518177335889583,0.6311099981625229,0.0,0.0
472,Device,AddV2,inception_resnet_v2/block17_1/add,2,494.465,247.2325,494.465,247.2325,0.0006516912082413783,0.6317616893707643,0.0,0.0
473,Device,AddV2,inception_resnet_v2/block17_17/add,2,494.465,247.2325,494.465,247.2325,0.0006516912082413783,0.6324133805790056,0.0,0.0
474,Device,Conv2DBackpropFilter,gradient_tape/inception_resnet_v2/conv2d_22/Conv2D/Conv2DBackpropFilter,4,494.273,123.56825,494.273,123.56825,0.0006514381575462182,0.6330648187365518,0.0,0.0
475,Device,AddV2,inception_resnet_v2/block17_8/add,2,494.048,247.024,494.048,247.024,0.0006511416137628274,0.6337159603503146,0.0,0.0
476,Device,AddV2,inception_resnet_v2/block17_15/add,2,493.985,246.9925,493.985,246.9925,0.000651058581503478,0.6343670189318181,0.0,0.0
477,Device,AddV2,inception_resnet_v2/block17_11/add,2,493.952,246.976,493.952,246.976,0.0006510150884152474,0.6350180340202334,0.0,0.0
478,Device,AddV2,inception_resnet_v2/block17_5/add,2,493.664,246.832,493.664,246.832,0.0006506355123725072,0.6356686695326059,0.0,0.0
479,Device,AddV2,inception_resnet_v2/block17_3/add,2,493.344,246.672,493.344,246.672,0.000650213761213907,0.6363188832938198,0.0,0.0
480,Device,AddV2,inception_resnet_v2/block17_19/add,2,493.28,246.64,493.28,246.64,0.0006501294109821869,0.636969012704802,0.0,0.0
481,Device,AddV2,inception_resnet_v2/block17_2/add,2,493.248,246.624,493.248,246.624,0.0006500872358663269,0.6376190999406683,0.0,0.0
482,Device,AddV2,inception_resnet_v2/block17_13/add,2,493.152,246.576,493.152,246.576,0.0006499607105187468,0.638269060651187,0.0,0.0
483,Device,AddV2,inception_resnet_v2/block17_6/add,2,493.152,246.576,493.152,246.576,0.0006499607105187468,0.6389190213617058,0.0,0.0
484,Device,AddV2,inception_resnet_v2/block17_12/add,2,492.8,246.4,492.8,246.4,0.0006494967842442866,0.6395685181459501,0.0,0.0
485,Device,AddV2,inception_resnet_v2/block17_9/add,2,492.353,246.1765,492.353,246.1765,0.000648907650594617,0.6402174257965447,0.0,0.0
486,Device,Conv2DBackpropFilter,gradient_tape/inception_resnet_v2/conv2d_157/Conv2D/Conv2DBackpropFilter,4,492.257,123.06425,492.257,123.06425,0.000648781125247037,0.6408662069217917,0.0,0.0
487,Device,Relu,inception_resnet_v2/activation_3/Relu,2,492.001,246.0005,492.001,246.0005,0.0006484437243201568,0.6415146506461119,0.0,0.0
488,Device,Conv2DBackpropInput,gradient_tape/inception_resnet_v2/conv2d_65/Conv2D/Conv2DBackpropInput,4,476.064,119.016,476.064,119.016,0.000627439198649497,0.6421420898447614,0.0,0.0
489,Device,Conv2DBackpropInput,gradient_tape/inception_resnet_v2/conv2d_53/Conv2D/Conv2DBackpropInput,4,476.002,119.0005,476.002,119.0005,0.0006273574843625181,0.6427694473291239,0.0,0.0
490,Device,Transpose,gradient_tape/inception_resnet_v2/conv2d/Conv2D/Conv2DBackpropFilter-0-TransposeNHWCToNCHW-LayoutOptimizer,2,474.914,237.457,474.914,237.457,0.0006259235304232775,0.6433953708595471,0.0,0.0
491,Device,Conv2DBackpropInput,gradient_tape/inception_resnet_v2/conv2d_59/Conv2D/Conv2DBackpropInput,4,474.626,118.6565,474.626,118.6565,0.0006255439543805373,0.6440209148139276,0.0,0.0
492,Device,Conv2DBackpropInput,gradient_tape/inception_resnet_v2/conv2d_47/Conv2D/Conv2DBackpropInput,4,474.528,118.632,474.528,118.632,0.0006254147930882161,0.6446463296070158,0.0,0.0
493,Device,Conv2DBackpropInput,gradient_tape/inception_resnet_v2/conv2d_41/Conv2D/Conv2DBackpropInput,4,473.856,118.464,473.856,118.464,0.0006245291156551557,0.645270858722671,0.0,0.0
494,Device,Conv2DBackpropInput,gradient_tape/inception_resnet_v2/conv2d_29/Conv2D/Conv2DBackpropInput,4,472.768,118.192,472.768,118.192,0.000623095161715915,0.6458939538843869,0.0,0.0
495,Device,Conv2DBackpropInput,gradient_tape/inception_resnet_v2/conv2d_17/Conv2D/Conv2DBackpropInput,4,472.577,118.14425,472.577,118.14425,0.0006228434289931255,0.64651679731338,0.0,0.0
496,Device,Conv2DBackpropInput,gradient_tape/inception_resnet_v2/conv2d_71/Conv2D/Conv2DBackpropInput,4,472.352,118.088,472.352,118.088,0.0006225468852097347,0.6471393441985896,0.0,0.0
497,Device,Conv2DBackpropInput,gradient_tape/inception_resnet_v2/conv2d_35/Conv2D/Conv2DBackpropInput,4,471.392,117.848,471.392,117.848,0.0006212816317339342,0.6477606258303236,0.0,0.0
498,Device,Conv2DBackpropInput,gradient_tape/inception_resnet_v2/conv2d_23/Conv2D/Conv2DBackpropInput,4,471.329,117.83225,471.329,117.83225,0.0006211985994745848,0.6483818244297982,0.0,0.0
499,Device,ConcatV2,inception_resnet_v2/mixed_5b/concat,8,469.888,58.736,469.888,58.736,0.0006192994012885133,0.6490011238310867,0.0,0.0
500,Device,Conv2D,inception_resnet_v2/conv2d_162/Conv2D,4,464.672,116.168,464.672,116.168,0.0006124248574033304,0.64961354868849,0.0,0.0
501,Host,IDLE,IDLE,0,2654961.234,0.0,2654961.234,0.0,0.0,0.0,0.9900153362550553,0.9900153362550553
502,Host,GatherV2,GatherV2,2,26295.401,13147.7005,26295.401,13147.7005,0.0,0.0,0.009805359840887424,0.9998206960959427
503,Host,GatherV2,GatherV2_1,2,120.648,60.324,120.648,60.324,0.0,0.0,4.4988743624156396e-05,0.9998656848395668
504,Host,Dataset,Iterator::Root::ParallelMapV2::Zip[1]::ForeverRepeat,2,65.353,32.6765,59.064,29.532,0.0,0.0,2.2024527165118142e-05,0.999887709366732
505,Host,LogicalAnd,LogicalAnd,1,42.871,42.871,42.871,42.871,0.0,0.0,1.5986277666527496e-05,0.9999036956443985
506,Host,FlushSummaryWriter,FlushSummaryWriter,1,41.737,41.737,41.737,41.737,0.0,0.0,1.556341748426344e-05,0.9999192590618827
507,Host,Dataset,Iterator::Root::ParallelMapV2,2,31.933,15.9665,31.933,15.9665,0.0,0.0,1.1907578659821848e-05,0.9999311666405426
508,Host,Dataset,Iterator::Root::ParallelMapV2::Zip[0]::FlatMap[1]::Concatenate[0]::TensorSlice,2,31.056,15.528,31.056,15.528,0.0,0.0,1.158055186983457e-05,0.9999427471924124
509,Host,Dataset,Iterator::Root,2,61.391,30.6955,29.458,14.729,0.0,0.0,1.098466953186459e-05,0.9999537318619443
510,Host,Dataset,Iterator::Root::ParallelMapV2::Zip[0]::FlatMap[1]::Concatenate,2,57.31,28.655,26.254,13.127,0.0,0.0,9.789921715309016e-06,0.9999635217836595
511,Host,WriteSummary,WriteSummary,1,25.535,25.535,25.535,25.535,0.0,0.0,9.52181195248022e-06,0.999973043595612
512,Host,IteratorGetNext,IteratorGetNext,2,15.532,7.766,15.532,7.766,0.0,0.0,5.791767505225094e-06,0.9999788353631173
513,Host,Dataset,Iterator::Root::ParallelMapV2::Zip,2,140.761,70.3805,13.225,6.6125,0.0,0.0,4.931504330195845e-06,0.9999837668674475
514,Host,ReadVariableOp,ReadVariableOp,1,12.343,12.343,12.343,12.343,0.0,0.0,4.602613077323805e-06,0.9999883694805248
515,Host,Dataset,Iterator::Root::ParallelMapV2::Zip[1]::ForeverRepeat::FromTensor,4,6.289,1.57225,6.289,1.57225,0.0,0.0,2.3451214164538127e-06,0.9999907146019413
516,Host,_Send,IteratorGetNext/_1,2,5.484,2.742,5.484,2.742,0.0,0.0,2.044942892007109e-06,0.9999927595448334
517,Host,Dataset,Iterator::Root::ParallelMapV2::Zip[0]::FlatMap,2,62.183,31.0915,4.873,2.4365,0.0,0.0,1.8171055274891763e-06,0.9999945766503608
518,Host,_HostSend,categorical_crossentropy/softmax_cross_entropy_with_logits/Shape_2/_9,2,4.529,2.2645,4.529,2.2645,0.0,0.0,1.6888304810175414e-06,0.9999962654808419
519,Host,Identity,Identity,2,3.641,1.8205,3.641,1.8205,0.0,0.0,1.3577018726837864e-06,0.9999976231827146
520,Host,_Send,IteratorGetNext/_3,2,3.228,1.614,3.228,1.614,0.0,0.0,1.203697238402434e-06,0.999998826879953
521,Host,_Send,IteratorGetNext/_6,2,3.146,1.573,3.146,1.573,0.0,0.0,1.1731200470923349e-06,1.0
