Rank,Host/device,Type,Operation,#Occurrences,Total time (us),Avg. time (us),Total self-time (us),Avg. self-time (us),Total self-time on Device (%),Cumulative total-self time on Device (%),Total self-time on Host (%),Cumulative total-self time on Host (%)
1,Device,IDLE,IDLE,0,6868.225,0.0,6868.225,0.0,0.08815556704255759,0.08815556704255759,0.0,0.0
2,Device,_Recv,IteratorGetNext/_2,2,1778.144,889.072,1778.144,889.072,0.022822969923571447,0.11097853696612903,0.0,0.0
3,Device,Conv2DBackpropFilter,gradient_tape/model/conv2d/Conv2D/Conv2DBackpropFilter,2,1209.152,604.576,1209.152,604.576,0.015519800268721917,0.12649833723485093,0.0,0.0
4,Device,FusedBatchNormGradV3,gradient_tape/model/batch_normalization/FusedBatchNormGradV3,2,1104.0,552.0,1104.0,552.0,0.01417014527261171,0.14066848250746264,0.0,0.0
5,Device,MaxPoolGrad,gradient_tape/model/max_pooling2d/MaxPool/MaxPoolGrad,2,896.16,448.08,896.16,448.08,0.011502461401724375,0.152170943909187,0.0,0.0
6,Device,Conv2D,model/conv2d/Conv2D,2,837.92,418.96,837.92,418.96,0.010754934897488046,0.16292587880667506,0.0,0.0
7,Device,Conv2DBackpropFilter,gradient_tape/model/conv2d_30/Conv2D/Conv2DBackpropFilter,4,791.648,197.912,791.648,197.912,0.0101610209825838,0.17308689978925887,0.0,0.0
8,Device,Conv2DBackpropFilter,gradient_tape/model/conv2d_32/Conv2D/Conv2DBackpropFilter,4,775.425,193.85625,775.425,193.85625,0.009952794291680195,0.18303969408093906,0.0,0.0
9,Device,Conv2DBackpropFilter,gradient_tape/model/conv2d_33/Conv2D/Conv2DBackpropFilter,4,768.128,192.032,768.128,192.032,0.0098591352789499,0.19289882935988897,0.0,0.0
10,Device,Conv2DBackpropFilter,gradient_tape/model/conv2d_35/Conv2D/Conv2DBackpropFilter,4,767.456,191.864,767.456,191.864,0.009850509973131787,0.20274933933302075,0.0,0.0
11,Device,Conv2DBackpropFilter,gradient_tape/model/conv2d_34/Conv2D/Conv2DBackpropFilter,4,752.576,188.144,752.576,188.144,0.00965952105858789,0.21240886039160864,0.0,0.0
12,Device,Conv2DBackpropFilter,gradient_tape/model/conv2d_1/Conv2D/Conv2DBackpropFilter,4,705.76,176.44,705.76,176.44,0.009058624753259458,0.2214674851448681,0.0,0.0
13,Device,Conv2DBackpropFilter,gradient_tape/model/conv2d_4/Conv2D/Conv2DBackpropFilter,4,696.672,174.168,696.672,174.168,0.008941977760290713,0.23040946290515882,0.0,0.0
14,Device,Conv2DBackpropFilter,gradient_tape/model/conv2d_6/Conv2D/Conv2DBackpropFilter,4,696.225,174.05625,696.225,174.05625,0.008936240391688485,0.2393457032968473,0.0,0.0
15,Device,Conv2DBackpropFilter,gradient_tape/model/conv2d_3/Conv2D/Conv2DBackpropFilter,4,696.192,174.048,696.192,174.048,0.00893581682756349,0.2482815201244108,0.0,0.0
16,Device,Conv2DBackpropFilter,gradient_tape/model/conv2d_5/Conv2D/Conv2DBackpropFilter,4,695.552,173.888,695.552,173.888,0.00892760225059386,0.25720912237500465,0.0,0.0
17,Device,Conv2DBackpropFilter,gradient_tape/model/conv2d_2/Conv2D/Conv2DBackpropFilter,4,692.352,173.088,692.352,173.088,0.008886529365745709,0.26609565174075034,0.0,0.0
18,Device,FusedBatchNormV3,model/batch_normalization/FusedBatchNormV3,4,659.328,164.832,659.328,164.832,0.008462657194112802,0.27455830893486316,0.0,0.0
19,Device,ReluGrad,gradient_tape/model/activation/ReluGrad,2,657.376,328.688,657.376,328.688,0.008437602734355431,0.2829959116692186,0.0,0.0
20,Device,Conv2DBackpropFilter,gradient_tape/model/conv2d_7/Conv2D/Conv2DBackpropFilter,2,577.088,288.544,577.088,288.544,0.00740708405351535,0.290402995722734,0.0,0.0
21,Device,Conv2DBackpropInput,gradient_tape/model/conv2d_7/Conv2D/Conv2DBackpropInput,2,516.352,258.176,516.352,258.176,0.006627520699097465,0.2970305164218314,0.0,0.0
22,Device,BiasAdd,model/conv2d/BiasAdd,2,454.144,227.072,454.144,227.072,0.0058290638176494314,0.30285958023948084,0.0,0.0
23,Device,Conv2DBackpropInput,gradient_tape/model/conv2d_30/Conv2D/Conv2DBackpropInput,4,451.808,112.952,451.808,112.952,0.005799080611710282,0.30865866085119115,0.0,0.0
24,Device,Conv2DBackpropFilter,gradient_tape/model/conv2d_15/Conv2D/Conv2DBackpropFilter,2,449.536,224.768,449.536,224.768,0.005769918863468096,0.31442857971465926,0.0,0.0
25,Device,Conv2DBackpropFilter,gradient_tape/model/conv2d_14/Conv2D/Conv2DBackpropFilter,2,449.472,224.736,449.472,224.736,0.005769097405771133,0.3201976771204304,0.0,0.0
26,Device,Conv2DBackpropFilter,gradient_tape/model/conv2d_10/Conv2D/Conv2DBackpropFilter,2,449.248,224.624,449.248,224.624,0.005766222303831762,0.3259638994242622,0.0,0.0
27,Device,Conv2DBackpropInput,gradient_tape/model/conv2d_33/Conv2D/Conv2DBackpropInput,4,448.96,112.24,448.96,112.24,0.0057625257441954285,0.33172642516845763,0.0,0.0
28,Device,Conv2DBackpropInput,gradient_tape/model/conv2d_32/Conv2D/Conv2DBackpropInput,4,448.768,112.192,448.768,112.192,0.00576006137110454,0.33748648653956215,0.0,0.0
29,Device,Conv2DBackpropFilter,gradient_tape/model/conv2d_11/Conv2D/Conv2DBackpropFilter,2,448.48,224.24,448.48,224.24,0.005756364811468207,0.34324285135103033,0.0,0.0
30,Device,Conv2D,model/conv2d_30/Conv2D,4,447.68,111.92,447.68,111.92,0.005746096590256169,0.3489889479412865,0.0,0.0
31,Device,Conv2DBackpropFilter,gradient_tape/model/conv2d_12/Conv2D/Conv2DBackpropFilter,2,446.976,223.488,446.976,223.488,0.005737060555589576,0.3547260084968761,0.0,0.0
32,Device,Conv2DBackpropInput,gradient_tape/model/conv2d_35/Conv2D/Conv2DBackpropInput,4,446.912,111.728,446.912,111.728,0.005736239097892613,0.3604622475947687,0.0,0.0
33,Device,Conv2DBackpropFilter,gradient_tape/model/conv2d_13/Conv2D/Conv2DBackpropFilter,2,446.08,223.04,446.08,223.04,0.005725560147832094,0.3661878077426008,0.0,0.0
34,Device,Conv2D,model/conv2d_35/Conv2D,4,445.824,111.456,445.824,111.456,0.005722274317044242,0.37191008205964504,0.0,0.0
35,Device,Conv2D,model/conv2d_34/Conv2D,4,443.712,110.928,443.712,110.928,0.005695166213044463,0.3776052482726895,0.0,0.0
36,Device,Conv2DBackpropInput,gradient_tape/model/conv2d_34/Conv2D/Conv2DBackpropInput,4,443.296,110.824,443.296,110.824,0.005689826738014204,0.3832950750107037,0.0,0.0
37,Device,Conv2D,model/conv2d_33/Conv2D,4,443.136,110.784,443.136,110.784,0.005687773093771796,0.3889828481044755,0.0,0.0
38,Device,Conv2D,model/conv2d_32/Conv2D,4,442.624,110.656,442.624,110.656,0.005681201432196093,0.39466404953667156,0.0,0.0
39,Device,Conv2DBackpropInput,gradient_tape/model/conv2d_1/Conv2D/Conv2DBackpropInput,2,439.776,219.888,439.776,219.888,0.005644646564681239,0.4003086961013528,0.0,0.0
40,Device,Conv2DBackpropInput,gradient_tape/model/conv2d_6/Conv2D/Conv2DBackpropInput,2,439.712,219.856,439.712,219.856,0.0056438251069842755,0.4059525212083371,0.0,0.0
41,Device,Conv2DBackpropInput,gradient_tape/model/conv2d_3/Conv2D/Conv2DBackpropInput,2,439.264,219.632,439.264,219.632,0.005638074903105535,0.4115905961114426,0.0,0.0
42,Device,Conv2DBackpropFilter,gradient_tape/model/conv2d_8/Conv2D/Conv2DBackpropFilter,2,438.976,219.488,438.976,219.488,0.005634378343469202,0.4172249744549118,0.0,0.0
43,Device,Conv2D,model/conv2d_7/Conv2D,4,438.4,109.6,438.4,109.6,0.005626985224196534,0.4228519596791083,0.0,0.0
44,Device,Conv2D,model/conv2d_1/Conv2D,2,437.472,218.736,437.472,218.736,0.0056150740875905705,0.42846703376669887,0.0,0.0
45,Device,Conv2DBackpropInput,gradient_tape/model/conv2d_4/Conv2D/Conv2DBackpropInput,2,437.376,218.688,437.376,218.688,0.005613841901045126,0.434080875667744,0.0,0.0
46,Device,Conv2DBackpropInput,gradient_tape/model/conv2d_2/Conv2D/Conv2DBackpropInput,2,437.281,218.6405,437.281,218.6405,0.005612622549776197,0.4396934982175202,0.0,0.0
47,Device,Conv2DBackpropInput,gradient_tape/model/conv2d_5/Conv2D/Conv2DBackpropInput,2,437.216,218.608,437.216,218.608,0.005611788256802719,0.4453052864743229,0.0,0.0
48,Device,Conv2D,model/conv2d_2/Conv2D,2,436.576,218.288,436.576,218.288,0.005603573679833089,0.450908860154156,0.0,0.0
49,Device,Conv2D,model/conv2d_5/Conv2D,2,435.488,217.744,435.488,217.744,0.005589608898984718,0.45649846905314073,0.0,0.0
50,Device,Conv2D,model/conv2d_6/Conv2D,2,435.168,217.584,435.168,217.584,0.005585501610499903,0.46208397066364065,0.0,0.0
51,Device,Conv2D,model/conv2d_3/Conv2D,2,431.552,215.776,431.552,215.776,0.005539089250621494,0.4676230599142622,0.0,0.0
52,Device,Conv2D,model/conv2d_4/Conv2D,2,431.424,215.712,431.424,215.712,0.005537446335227568,0.47316050624948974,0.0,0.0
53,Device,Conv2DBackpropInput,gradient_tape/model/conv2d_16/Conv2D/Conv2DBackpropInput,2,427.264,213.632,427.264,213.632,0.005484051584924972,0.47864455783441473,0.0,0.0
54,Device,Relu,model/activation/Relu,2,426.624,213.312,426.624,213.312,0.005475837007955343,0.48412039484237007,0.0,0.0
55,Device,Conv2DBackpropInput,gradient_tape/model/conv2d_29/Conv2D/Conv2DBackpropInput,2,374.144,187.072,374.144,187.072,0.004802241696445685,0.48892263653881574,0.0,0.0
56,Device,Conv2DBackpropFilter,gradient_tape/model/conv2d_16/Conv2D/Conv2DBackpropFilter,4,358.176,89.544,358.176,89.544,0.004597288001053417,0.49351992453986915,0.0,0.0
57,Device,Conv2DBackpropInput,gradient_tape/model/conv2d_24/Conv2D/Conv2DBackpropInput,4,334.912,83.728,334.912,83.728,0.004298688128207367,0.49781861266807653,0.0,0.0
58,Device,Conv2DBackpropInput,gradient_tape/model/conv2d_21/Conv2D/Conv2DBackpropInput,4,333.952,83.488,333.952,83.488,0.004286366262752922,0.5021049789308295,0.0,0.0
59,Device,Conv2DBackpropInput,gradient_tape/model/conv2d_28/Conv2D/Conv2DBackpropInput,4,333.28,83.32,333.28,83.32,0.00427774095693481,0.5063827198877643,0.0,0.0
60,Device,Conv2DBackpropInput,gradient_tape/model/conv2d_23/Conv2D/Conv2DBackpropInput,4,333.152,83.288,333.152,83.288,0.004276098041540884,0.5106588179293051,0.0,0.0
61,Device,Conv2DBackpropInput,gradient_tape/model/conv2d_20/Conv2D/Conv2DBackpropInput,4,333.12,83.28,333.12,83.28,0.0042756873126924035,0.5149345052419976,0.0,0.0
62,Device,Conv2DBackpropInput,gradient_tape/model/conv2d_27/Conv2D/Conv2DBackpropInput,4,332.864,83.216,332.864,83.216,0.0042724014819045504,0.5192069067239021,0.0,0.0
63,Device,Conv2DBackpropInput,gradient_tape/model/conv2d_19/Conv2D/Conv2DBackpropInput,4,332.832,83.208,332.832,83.208,0.00427199075305607,0.5234788974769582,0.0,0.0
64,Device,Conv2DBackpropInput,gradient_tape/model/conv2d_17/Conv2D/Conv2DBackpropInput,4,332.544,83.136,332.544,83.136,0.004268294193419736,0.527747191670378,0.0,0.0
65,Device,Conv2DBackpropInput,gradient_tape/model/conv2d_26/Conv2D/Conv2DBackpropInput,4,332.352,83.088,332.352,83.088,0.004265829820328847,0.5320130214907068,0.0,0.0
66,Device,Conv2DBackpropInput,gradient_tape/model/conv2d_22/Conv2D/Conv2DBackpropInput,4,331.968,82.992,331.968,82.992,0.00426090107414707,0.536273922564854,0.0,0.0
67,Device,Conv2D,model/conv2d_29/Conv2D,4,328.128,82.032,328.128,82.032,0.004211613612329289,0.5404855361771832,0.0,0.0
68,Device,Conv2DBackpropInput,gradient_tape/model/conv2d_11/Conv2D/Conv2DBackpropInput,4,326.816,81.704,326.816,81.704,0.0041947737295415476,0.5446803099067248,0.0,0.0
69,Device,Conv2DBackpropInput,gradient_tape/model/conv2d_15/Conv2D/Conv2DBackpropInput,4,326.464,81.616,326.464,81.616,0.004190255712208251,0.548870565618933,0.0,0.0
70,Device,Conv2DBackpropInput,gradient_tape/model/conv2d_8/Conv2D/Conv2DBackpropInput,4,326.272,81.568,326.272,81.568,0.004187791339117362,0.5530583569580504,0.0,0.0
71,Device,Conv2DBackpropInput,gradient_tape/model/conv2d_13/Conv2D/Conv2DBackpropInput,4,326.144,81.536,326.144,81.536,0.004186148423723436,0.5572445053817738,0.0,0.0
72,Device,Conv2DBackpropInput,gradient_tape/model/conv2d_12/Conv2D/Conv2DBackpropInput,4,325.344,81.336,325.344,81.336,0.004175880202511399,0.5614203855842852,0.0,0.0
73,Device,Conv2DBackpropInput,gradient_tape/model/conv2d_14/Conv2D/Conv2DBackpropInput,4,325.312,81.328,325.312,81.328,0.004175469473662917,0.5655958550579481,0.0,0.0
74,Device,Conv2DBackpropInput,gradient_tape/model/conv2d_25/Conv2D/Conv2DBackpropInput,4,324.768,81.192,324.768,81.192,0.004168487083238731,0.5697643421411868,0.0,0.0
75,Device,Conv2D,model/conv2d_12/Conv2D,4,324.48,81.12,324.48,81.12,0.004164790523602398,0.5739291326647892,0.0,0.0
76,Device,Conv2D,model/conv2d_14/Conv2D,4,324.224,81.056,324.224,81.056,0.004161504692814546,0.5780906373576037,0.0,0.0
77,Device,Conv2DBackpropInput,gradient_tape/model/conv2d_10/Conv2D/Conv2DBackpropInput,4,324.128,81.032,324.128,81.032,0.004160272506269102,0.5822509098638727,0.0,0.0
78,Device,Conv2D,model/conv2d_10/Conv2D,4,323.776,80.944,323.776,80.944,0.004155754488935805,0.5864066643528085,0.0,0.0
79,Device,Conv2D,model/conv2d_15/Conv2D,4,322.432,80.608,322.432,80.608,0.004138503877299583,0.5905451682301082,0.0,0.0
80,Device,Conv2D,model/conv2d_11/Conv2D,4,321.985,80.49625,321.985,80.49625,0.004132766508697356,0.5946779347388055,0.0,0.0
81,Device,Conv2D,model/conv2d_8/Conv2D,4,321.632,80.408,321.632,80.408,0.004128235656087545,0.598806170394893,0.0,0.0
82,Device,Conv2D,model/conv2d_13/Conv2D,4,321.216,80.304,321.216,80.304,0.0041228961810572855,0.6029290665759504,0.0,0.0
83,Device,Conv2DBackpropFilter,gradient_tape/model/conv2d_19/Conv2D/Conv2DBackpropFilter,4,308.832,77.208,308.832,77.208,0.003963944116694945,0.6068930106926453,0.0,0.0
84,Device,Conv2DBackpropFilter,gradient_tape/model/conv2d_24/Conv2D/Conv2DBackpropFilter,4,307.553,76.88825,307.553,76.88825,0.0039475277980322,0.6108405384906775,0.0,0.0
85,Device,Conv2DBackpropFilter,gradient_tape/model/conv2d_27/Conv2D/Conv2DBackpropFilter,4,307.424,76.856,307.424,76.856,0.003945872047361759,0.6147864105380393,0.0,0.0
86,Device,Conv2DBackpropFilter,gradient_tape/model/conv2d_21/Conv2D/Conv2DBackpropFilter,4,307.328,76.832,307.328,76.832,0.003944639860816315,0.6187310503988556,0.0,0.0
87,Device,Conv2DBackpropFilter,gradient_tape/model/conv2d_25/Conv2D/Conv2DBackpropFilter,4,307.296,76.824,307.296,76.824,0.003944229131967833,0.6226752795308234,0.0,0.0
88,Device,Conv2DBackpropFilter,gradient_tape/model/conv2d_26/Conv2D/Conv2DBackpropFilter,4,306.944,76.736,306.944,76.736,0.003939711114634537,0.6266149906454579,0.0,0.0
89,Device,Conv2DBackpropFilter,gradient_tape/model/conv2d_22/Conv2D/Conv2DBackpropFilter,4,306.272,76.568,306.272,76.568,0.003931085808816425,0.6305460764542743,0.0,0.0
90,Device,Conv2DBackpropFilter,gradient_tape/model/conv2d_20/Conv2D/Conv2DBackpropFilter,4,306.144,76.536,306.144,76.536,0.003929442893422499,0.6344755193476967,0.0,0.0
91,Device,Conv2DBackpropFilter,gradient_tape/model/conv2d_23/Conv2D/Conv2DBackpropFilter,4,306.016,76.504,306.016,76.504,0.003927799978028574,0.6384033193257254,0.0,0.0
92,Device,Conv2DBackpropFilter,gradient_tape/model/conv2d_28/Conv2D/Conv2DBackpropFilter,4,305.696,76.424,305.696,76.424,0.003923692689543759,0.6423270120152691,0.0,0.0
93,Device,Conv2D,model/conv2d_27/Conv2D,4,304.128,76.032,304.128,76.032,0.003903566975968165,0.6462305789912373,0.0,0.0
94,Device,Conv2D,model/conv2d_19/Conv2D,4,304.096,76.024,304.096,76.024,0.0039031562471196837,0.6501337352383569,0.0,0.0
95,Device,Conv2D,model/conv2d_21/Conv2D,4,303.552,75.888,303.552,75.888,0.0038961738566954986,0.6540299090950524,0.0,0.0
96,Device,Conv2D,model/conv2d_25/Conv2D,4,303.264,75.816,303.264,75.816,0.0038924772970591647,0.6579223863921116,0.0,0.0
97,Device,Conv2D,model/conv2d_24/Conv2D,4,303.072,75.768,303.072,75.768,0.0038900129239682756,0.6618123993160799,0.0,0.0
98,Device,Conv2D,model/conv2d_17/Conv2D,4,302.912,75.728,302.912,75.728,0.0038879592797258678,0.6657003585958058,0.0,0.0
99,Device,Conv2D,model/conv2d_23/Conv2D,4,302.912,75.728,302.912,75.728,0.0038879592797258678,0.6695883178755316,0.0,0.0
100,Device,Conv2D,model/conv2d_20/Conv2D,4,302.688,75.672,302.688,75.672,0.0038850841777864973,0.6734734020533182,0.0,0.0
101,Device,Conv2D,model/conv2d_26/Conv2D,4,302.464,75.616,302.464,75.616,0.003882209075847127,0.6773556111291653,0.0,0.0
102,Device,Conv2D,model/conv2d_22/Conv2D,4,302.016,75.504,302.016,75.504,0.0038764588719683865,0.6812320700011337,0.0,0.0
103,Device,Conv2D,model/conv2d_28/Conv2D,4,301.921,75.48025,301.921,75.48025,0.0038752395206994566,0.6851073095218332,0.0,0.0
104,Device,Conv2D,model/conv2d_16/Conv2D,4,300.928,75.232,300.928,75.232,0.0038624940911200153,0.6889698036129532,0.0,0.0
105,Device,Conv2DBackpropFilter,gradient_tape/model/conv2d_17/Conv2D/Conv2DBackpropFilter,4,298.464,74.616,298.464,74.616,0.00383086796978694,0.6928006715827402,0.0,0.0
106,Device,FusedBatchNormGradV3,gradient_tape/model/batch_normalization_3/FusedBatchNormGradV3,2,284.32,142.16,284.32,142.16,0.0036493258187581174,0.6964499974014983,0.0,0.0
107,Device,FusedBatchNormGradV3,gradient_tape/model/batch_normalization_1/FusedBatchNormGradV3,2,284.288,142.144,284.288,142.144,0.003648915089909636,0.7000989124914079,0.0,0.0
108,Device,FusedBatchNormGradV3,gradient_tape/model/batch_normalization_2/FusedBatchNormGradV3,2,284.032,142.016,284.032,142.016,0.0036456292591217835,0.7037445417505297,0.0,0.0
109,Device,FusedBatchNormGradV3,gradient_tape/model/batch_normalization_5/FusedBatchNormGradV3,2,283.968,141.984,283.968,141.984,0.003644807801424821,0.7073893495519545,0.0,0.0
110,Device,FusedBatchNormGradV3,gradient_tape/model/batch_normalization_6/FusedBatchNormGradV3,2,283.84,141.92,283.84,141.92,0.0036431648860308944,0.7110325144379854,0.0,0.0
111,Device,FusedBatchNormGradV3,gradient_tape/model/batch_normalization_4/FusedBatchNormGradV3,2,283.712,141.856,283.712,141.856,0.003641521970636969,0.7146740364086224,0.0,0.0
112,Device,Conv2DBackpropFilter,gradient_tape/model/conv2d_29/Conv2D/Conv2DBackpropFilter,4,282.784,70.696,282.784,70.696,0.0036296108340310054,0.7183036472426534,0.0,0.0
113,Device,MaxPool,model/max_pooling2d/MaxPool,2,277.568,138.784,277.568,138.784,0.0035626620317285207,0.7218663092743819,0.0,0.0
114,Device,Conv2DBackpropFilter,gradient_tape/model/conv2d_9/Conv2D/Conv2DBackpropFilter,2,235.104,117.552,235.104,117.552,0.0030176248497935723,0.7248839341241755,0.0,0.0
115,Device,SoftmaxCrossEntropyWithLogits,categorical_crossentropy/softmax_cross_entropy_with_logits,2,219.68,109.84,219.68,109.84,0.0028196535448254895,0.727703587669001,0.0,0.0
116,Device,BiasAddGrad,gradient_tape/model/conv2d/BiasAdd/BiasAddGrad,2,214.144,107.072,214.144,107.072,0.0027485974540381905,0.7304521851230392,0.0,0.0
117,Device,Conv2DBackpropInput,gradient_tape/model/conv2d_9/Conv2D/Conv2DBackpropInput,2,191.936,95.968,191.936,95.968,0.00246355163319203,0.7329157367562312,0.0,0.0
118,Device,FusedBatchNormV3,model/batch_normalization_1/FusedBatchNormV3,4,182.336,45.584,182.336,45.584,0.0023403329786475806,0.7352560697348788,0.0,0.0
119,Device,ArgMax,ArgMax,2,182.048,91.024,182.048,91.024,0.002336636419011247,0.73759270615389,0.0,0.0
120,Device,FusedBatchNormV3,model/batch_normalization_6/FusedBatchNormV3,4,177.856,44.464,177.856,44.464,0.0022828309398601706,0.7398755370937502,0.0,0.0
121,Device,FusedBatchNormV3,model/batch_normalization_4/FusedBatchNormV3,4,175.008,43.752,175.008,43.752,0.0022462760723453174,0.7421218131660955,0.0,0.0
122,Device,FusedBatchNormV3,model/batch_normalization_2/FusedBatchNormV3,4,174.688,43.672,174.688,43.672,0.0022421687838605022,0.744363981949956,0.0,0.0
123,Device,FusedBatchNormV3,model/batch_normalization_3/FusedBatchNormV3,4,174.624,43.656,174.624,43.656,0.002241347326163539,0.7466053292761196,0.0,0.0
124,Device,FusedBatchNormV3,model/batch_normalization_5/FusedBatchNormV3,4,173.408,43.352,173.408,43.352,0.002225739629921242,0.7488310689060408,0.0,0.0
125,Device,ReluGrad,gradient_tape/model/activation_6/ReluGrad,2,165.888,82.944,165.888,82.944,0.00212921835052809,0.7509602872565688,0.0,0.0
126,Device,AddN,SGD/gradients/AddN_12,2,163.648,81.824,163.648,81.824,0.002100467331134385,0.7530607545877032,0.0,0.0
127,Device,AddN,SGD/gradients/AddN_13,2,163.296,81.648,163.296,81.648,0.0020959493138010886,0.7551567039015042,0.0,0.0
128,Device,AddV2,model/add_2/add,2,163.072,81.536,163.072,81.536,0.002093074211861718,0.7572497781133659,0.0,0.0
129,Device,AddN,SGD/gradients/AddN_14,2,161.632,80.816,161.632,80.816,0.002074591413680051,0.759324369527046,0.0,0.0
130,Device,AddV2,model/add/add,2,161.472,80.736,161.472,80.736,0.002072537769437643,0.7613969072964836,0.0,0.0
131,Device,ReluGrad,gradient_tape/model/activation_3/ReluGrad,2,158.304,79.152,158.304,79.152,0.0020318756134379747,0.7634287829099216,0.0,0.0
132,Device,ReluGrad,gradient_tape/model/activation_4/ReluGrad,2,157.664,78.832,157.664,78.832,0.002023661036468345,0.7654524439463899,0.0,0.0
133,Device,ReluGrad,gradient_tape/model/activation_5/ReluGrad,2,157.312,78.656,157.312,78.656,0.0020191430191350483,0.767471586965525,0.0,0.0
134,Device,ReluGrad,gradient_tape/model/activation_2/ReluGrad,2,156.928,78.464,156.928,78.464,0.0020142142729532705,0.7694858012384782,0.0,0.0
135,Device,AddV2,model/add_1/add,2,155.616,77.808,155.616,77.808,0.001997374390165529,0.7714831756286438,0.0,0.0
136,Device,AddN,SGD/gradients/AddN_15,2,152.768,76.384,152.768,76.384,0.0019608195226506757,0.7734439951512945,0.0,0.0
137,Device,Conv2DBackpropInput,gradient_tape/model/conv2d_31/Conv2D/Conv2DBackpropInput,4,151.648,37.912,151.648,37.912,0.001946444012953823,0.7753904391642483,0.0,0.0
138,Device,ReluGrad,gradient_tape/model/activation_1/ReluGrad,2,151.328,75.664,151.328,75.664,0.001942336724469008,0.7773327758887173,0.0,0.0
139,Device,Conv2DBackpropInput,gradient_tape/model/conv2d_18/Conv2D/Conv2DBackpropInput,2,148.704,74.352,148.704,74.352,0.0019086569588935252,0.7792414328476108,0.0,0.0
140,Device,FusedBatchNormGradV3,gradient_tape/model/batch_normalization_14/FusedBatchNormGradV3,2,133.44,66.72,133.44,66.72,0.0017127392981678502,0.7809541721457787,0.0,0.0
141,Device,FusedBatchNormGradV3,gradient_tape/model/batch_normalization_7/FusedBatchNormGradV3,2,132.512,66.256,132.512,66.256,0.0017008281615618868,0.7826550003073406,0.0,0.0
142,Device,FusedBatchNormGradV3,gradient_tape/model/batch_normalization_8/FusedBatchNormGradV3,2,132.064,66.032,132.064,66.032,0.0016950779576831456,0.7843500782650238,0.0,0.0
143,Device,FusedBatchNormGradV3,gradient_tape/model/batch_normalization_12/FusedBatchNormGradV3,2,132.0,66.0,132.0,66.0,0.0016942564999861828,0.78604433476501,0.0,0.0
144,Device,FusedBatchNormGradV3,gradient_tape/model/batch_normalization_10/FusedBatchNormGradV3,2,131.968,65.984,131.968,65.984,0.001693845771137701,0.7877381805361477,0.0,0.0
145,Device,FusedBatchNormGradV3,gradient_tape/model/batch_normalization_11/FusedBatchNormGradV3,2,131.648,65.824,131.648,65.824,0.0016897384826528863,0.7894279190188006,0.0,0.0
146,Device,FusedBatchNormGradV3,gradient_tape/model/batch_normalization_13/FusedBatchNormGradV3,2,131.616,65.808,131.616,65.808,0.001689327753804405,0.791117246772605,0.0,0.0
147,Device,FusedBatchNormGradV3,gradient_tape/model/batch_normalization_9/FusedBatchNormGradV3,2,131.584,65.792,131.584,65.792,0.0016889170249559232,0.7928061637975609,0.0,0.0
148,Device,ResourceApplyGradientDescent,SGD/SGD/update_118/ResourceApplyGradientDescent,2,125.696,62.848,125.696,62.848,0.0016133429168353275,0.7944195067143962,0.0,0.0
149,Device,ResourceApplyGradientDescent,SGD/SGD/update_126/ResourceApplyGradientDescent,2,125.472,62.736,125.472,62.736,0.001610467814895957,0.7960299745292921,0.0,0.0
150,Device,ResourceApplyGradientDescent,SGD/SGD/update_122/ResourceApplyGradientDescent,2,124.448,62.224,124.448,62.224,0.001597324491744549,0.7976272990210367,0.0,0.0
151,Device,ResourceApplyGradientDescent,SGD/SGD/update_130/ResourceApplyGradientDescent,2,124.16,62.08,124.16,62.08,0.0015936279321082155,0.799220926953145,0.0,0.0
152,Device,AddN,SGD/gradients/AddN_49,2,124.16,62.08,124.16,62.08,0.0015936279321082155,0.8008145548852532,0.0,0.0
153,Device,ResourceApplyGradientDescent,SGD/SGD/update_134/ResourceApplyGradientDescent,2,123.744,61.872,123.744,61.872,0.001588288457077956,0.8024028433423311,0.0,0.0
154,Device,AddN,SGD/gradients/AddN_48,2,123.456,61.728,123.456,61.728,0.0015845918974416225,0.8039874352397728,0.0,0.0
155,Device,AddN,SGD/gradients/AddN_51,2,123.392,61.696,123.392,61.696,0.0015837704397446595,0.8055712056795175,0.0,0.0
156,Device,AddN,SGD/gradients/AddN_47,2,123.328,61.664,123.328,61.664,0.0015829489820476967,0.8071541546615651,0.0,0.0
157,Device,AddN,SGD/gradients/AddN_50,2,123.2,61.6,123.2,61.6,0.0015813060666537706,0.8087354607282189,0.0,0.0
158,Device,Mul,gradient_tape/conv2d_32/kernel/Regularizer/Mul_1,2,120.928,60.464,120.928,60.464,0.001552144318411584,0.8102876050466304,0.0,0.0
159,Device,Mul,gradient_tape/conv2d_34/kernel/Regularizer/Mul_1,2,120.832,60.416,120.832,60.416,0.0015509121318661395,0.8118385171784965,0.0,0.0
160,Device,ArgMax,ArgMax_1,2,120.736,60.368,120.736,60.368,0.0015496799453206952,0.8133881971238173,0.0,0.0
161,Device,Mul,gradient_tape/conv2d_35/kernel/Regularizer/Mul_1,2,120.448,60.224,120.448,60.224,0.0015459833856843615,0.8149341805095016,0.0,0.0
162,Device,Mul,gradient_tape/conv2d_30/kernel/Regularizer/Mul_1,2,120.256,60.128,120.256,60.128,0.0015435190125934726,0.816477699522095,0.0,0.0
163,Device,Mul,gradient_tape/conv2d_33/kernel/Regularizer/Mul_1,2,120.128,60.064,120.128,60.064,0.0015418760971995468,0.8180195756192946,0.0,0.0
164,Device,BiasAdd,model/conv2d_1/BiasAdd,2,112.736,56.368,112.736,56.368,0.0014469977332003205,0.819466573352495,0.0,0.0
165,Device,BiasAdd,model/conv2d_6/BiasAdd,2,111.296,55.648,111.296,55.648,0.001428514935018653,0.8208950882875136,0.0,0.0
166,Device,BiasAdd,model/conv2d_2/BiasAdd,2,111.104,55.552,111.104,55.552,0.001426050561927764,0.8223211388494414,0.0,0.0
167,Device,Relu,model/activation_1/Relu,2,109.056,54.528,109.056,54.528,0.001399763915624948,0.8237209027650663,0.0,0.0
168,Device,Transpose,gradient_tape/model/conv2d/Conv2D/Conv2DBackpropFilter-0-TransposeNHWCToNCHW-LayoutOptimizer,2,109.024,54.512,109.024,54.512,0.0013993531867764666,0.8251202559518427,0.0,0.0
169,Device,Relu,model/activation_6/Relu,2,108.832,54.416,108.832,54.416,0.0013968888136855775,0.8265171447655283,0.0,0.0
170,Device,Relu,model/activation_3/Relu,2,107.68,53.84,107.68,53.84,0.0013821025751402437,0.8278992473406686,0.0,0.0
171,Device,Conv2DBackpropFilter,gradient_tape/model/conv2d_18/Conv2D/Conv2DBackpropFilter,2,107.04,53.52,107.04,53.52,0.0013738879981706137,0.8292731353388392,0.0,0.0
172,Device,Relu,model/activation_2/Relu,2,106.912,53.456,106.912,53.456,0.0013722450827766876,0.8306453804216158,0.0,0.0
173,Device,BiasAdd,model/conv2d_4/BiasAdd,2,106.72,53.36,106.72,53.36,0.0013697807096857988,0.8320151611313017,0.0,0.0
174,Device,Relu,model/activation_5/Relu,2,106.624,53.312,106.624,53.312,0.0013685485231403542,0.8333837096544421,0.0,0.0
175,Device,BiasAdd,model/conv2d_3/BiasAdd,2,106.528,53.264,106.528,53.264,0.0013673163365949099,0.834751025991037,0.0,0.0
176,Device,Relu,model/activation_4/Relu,2,106.304,53.152,106.304,53.152,0.0013644412346555392,0.8361154672256925,0.0,0.0
177,Device,BiasAdd,model/conv2d_5/BiasAdd,2,105.504,52.752,105.504,52.752,0.0013541730134435017,0.8374696402391361,0.0,0.0
178,Device,Conv2DBackpropFilter,gradient_tape/model/conv2d_31/Conv2D/Conv2DBackpropFilter,4,101.472,25.368,101.472,25.368,0.0013024211785348328,0.8387720614176709,0.0,0.0
179,Device,Conv2D,model/conv2d_31/Conv2D,2,90.368,45.184,90.368,45.184,0.0011598982681117528,0.8399319596857827,0.0,0.0
180,Device,Conv2D,model/conv2d_9/Conv2D,2,87.008,43.504,87.008,43.504,0.0011167717390211953,0.841048731424804,0.0,0.0
181,Device,ReluGrad,gradient_tape/model/activation_14/ReluGrad,2,84.448,42.224,84.448,42.224,0.0010839134311426753,0.8421326448559466,0.0,0.0
182,Device,ReluGrad,gradient_tape/model/activation_11/ReluGrad,2,84.352,42.176,84.352,42.176,0.001082681244597231,0.8432153261005438,0.0,0.0
183,Device,ReluGrad,gradient_tape/model/activation_12/ReluGrad,2,84.032,42.016,84.032,42.016,0.001078573956112416,0.8442939000566563,0.0,0.0
184,Device,ReluGrad,gradient_tape/model/activation_9/ReluGrad,2,84.032,42.016,84.032,42.016,0.001078573956112416,0.8453724740127687,0.0,0.0
185,Device,AddV2,model/add_6/add,2,83.936,41.968,83.936,41.968,0.0010773417695669717,0.8464498157823357,0.0,0.0
186,Device,ReluGrad,gradient_tape/model/activation_8/ReluGrad,2,83.84,41.92,83.84,41.92,0.0010761095830215271,0.8475259253653572,0.0,0.0
187,Device,ReluGrad,gradient_tape/model/activation_10/ReluGrad,2,83.744,41.872,83.744,41.872,0.0010748773964760826,0.8486008027618333,0.0,0.0
188,Device,ReluGrad,gradient_tape/model/activation_7/ReluGrad,2,83.648,41.824,83.648,41.824,0.001073645209930638,0.8496744479717638,0.0,0.0
189,Device,AddV2,model/add_5/add,2,83.264,41.632,83.264,41.632,0.00106871646374886,0.8507431644355127,0.0,0.0
190,Device,ReluGrad,gradient_tape/model/activation_13/ReluGrad,2,83.169,41.5845,83.169,41.5845,0.0010674971124799305,0.8518106615479926,0.0,0.0
191,Device,AddV2,model/add_4/add,2,82.752,41.376,82.752,41.376,0.001062144802173156,0.8528728063501657,0.0,0.0
192,Device,Square,conv2d_34/kernel/Regularizer/Square,2,81.824,40.912,81.824,40.912,0.0010502336655671925,0.8539230400157329,0.0,0.0
193,Device,Square,conv2d_30/kernel/Regularizer/Square,2,81.696,40.848,81.696,40.848,0.0010485907501732665,0.8549716307659062,0.0,0.0
194,Device,Square,conv2d_32/kernel/Regularizer/Square,2,81.6,40.8,81.6,40.8,0.001047358563627822,0.856018989329534,0.0,0.0
195,Device,AddN,SGD/gradients/AddN_10,2,81.504,40.752,81.504,40.752,0.0010461263770823776,0.8570651157066164,0.0,0.0
196,Device,AddV2,model/add_3/add,2,81.472,40.736,81.472,40.736,0.001045715648233896,0.8581108313548502,0.0,0.0
197,Device,Square,conv2d_33/kernel/Regularizer/Square,2,81.12,40.56,81.12,40.56,0.0010411976309005996,0.8591520289857508,0.0,0.0
198,Device,AddN,SGD/gradients/AddN_11,2,81.088,40.544,81.088,40.544,0.001040786902052118,0.8601928158878029,0.0,0.0
199,Device,AddN,SGD/gradients/AddN_9,2,81.056,40.528,81.056,40.528,0.0010403761732036365,0.8612331920610066,0.0,0.0
200,Device,AddN,SGD/gradients/AddN_8,2,80.544,40.272,80.544,40.272,0.0010338045116279327,0.8622669965726345,0.0,0.0
201,Device,Mul,gradient_tape/conv2d_30/kernel/Regularizer/Mul,2,80.352,40.176,80.352,40.176,0.0010313401385370438,0.8632983367111715,0.0,0.0
202,Device,FusedBatchNormV3,model/batch_normalization_7/FusedBatchNormV3,4,80.096,20.024,80.096,20.024,0.0010280543077491916,0.8643263910189207,0.0,0.0
203,Device,Tile,gradient_tape/conv2d_30/kernel/Regularizer/Tile,2,78.24,39.12,78.24,39.12,0.0010042320345372646,0.865330623053458,0.0,0.0
204,Device,Square,conv2d_35/kernel/Regularizer/Square,2,78.208,39.104,78.208,39.104,0.001003821305688783,0.8663344443591467,0.0,0.0
205,Device,FusedBatchNormV3,model/batch_normalization_10/FusedBatchNormV3,4,75.808,18.952,75.808,18.952,0.0009730166420526708,0.8673074610011994,0.0,0.0
206,Device,FusedBatchNormV3,model/batch_normalization_12/FusedBatchNormV3,4,75.2,18.8,75.2,18.8,0.0009652127939315223,0.8682726737951308,0.0,0.0
207,Device,FusedBatchNormV3,model/batch_normalization_14/FusedBatchNormV3,4,75.04,18.76,75.04,18.76,0.0009631591496891149,0.86923583294482,0.0,0.0
208,Device,FusedBatchNormV3,model/batch_normalization_8/FusedBatchNormV3,4,74.944,18.736,74.944,18.736,0.0009619269631436704,0.8701977599079637,0.0,0.0
209,Device,Conv2D,model/conv2d_18/Conv2D,2,73.792,36.896,73.792,36.896,0.0009471407245983364,0.871144900632562,0.0,0.0
210,Device,BiasAddGrad,gradient_tape/model/conv2d_1/BiasAdd/BiasAddGrad,2,72.0,36.0,72.0,36.0,0.0009241399090833724,0.8720690405416454,0.0,0.0
211,Device,FusedBatchNormV3,model/batch_normalization_11/FusedBatchNormV3,4,71.488,17.872,71.488,17.872,0.0009175682475076684,0.872986608789153,0.0,0.0
212,Device,BiasAddGrad,gradient_tape/model/conv2d_5/BiasAdd/BiasAddGrad,2,71.232,35.616,71.232,35.616,0.0009142824167198164,0.8739008912058729,0.0,0.0
213,Device,BiasAddGrad,gradient_tape/model/conv2d_4/BiasAdd/BiasAddGrad,2,70.88,35.44,70.88,35.44,0.0009097643993865199,0.8748106556052594,0.0,0.0
214,Device,BiasAddGrad,gradient_tape/model/conv2d_2/BiasAdd/BiasAddGrad,2,70.784,35.392,70.784,35.392,0.0009085322128410756,0.8757191878181004,0.0,0.0
215,Device,BiasAddGrad,gradient_tape/model/conv2d_6/BiasAdd/BiasAddGrad,2,70.784,35.392,70.784,35.392,0.0009085322128410756,0.8766277200309415,0.0,0.0
216,Device,BiasAddGrad,gradient_tape/model/conv2d_3/BiasAdd/BiasAddGrad,2,70.624,35.312,70.624,35.312,0.0009064785685986679,0.8775341985995402,0.0,0.0
217,Device,FusedBatchNormV3,model/batch_normalization_9/FusedBatchNormV3,4,70.176,17.544,70.176,17.544,0.0009007283647199271,0.8784349269642601,0.0,0.0
218,Device,FusedBatchNormV3,model/batch_normalization_13/FusedBatchNormV3,4,69.856,17.464,69.856,17.464,0.0008966210762351119,0.8793315480404952,0.0,0.0
219,Device,ResourceApplyGradientDescent,SGD/SGD/update_112/ResourceApplyGradientDescent,2,64.416,32.208,64.416,32.208,0.0008267971719932572,0.8801583452124885,0.0,0.0
220,Device,Mul,gradient_tape/conv2d_29/kernel/Regularizer/Mul_1,2,63.968,31.984,63.968,31.984,0.0008210469681145163,0.880979392180603,0.0,0.0
221,Device,AddN,SGD/gradients/AddN_45,2,63.808,31.904,63.808,31.904,0.0008189933238721087,0.8817983855044751,0.0,0.0
222,Device,BiasAdd,model/conv2d_9/BiasAdd,2,61.248,30.624,61.248,30.624,0.0007861350159935888,0.8825845205204687,0.0,0.0
223,Device,Sum,conv2d_34/kernel/Regularizer/Sum,2,58.976,29.488,58.976,29.488,0.0007569732677514024,0.88334149378822,0.0,0.0
224,Device,Sum,conv2d_35/kernel/Regularizer/Sum,2,58.88,29.44,58.88,29.44,0.000755741081205958,0.8840972348694259,0.0,0.0
225,Device,Sum,conv2d_32/kernel/Regularizer/Sum,2,57.856,28.928,57.856,28.928,0.0007425977580545499,0.8848398326274804,0.0,0.0
226,Device,AvgPoolGrad,gradient_tape/model/average_pooling2d/AvgPoolGrad,2,57.696,28.848,57.696,28.848,0.0007405441138121424,0.8855803767412926,0.0,0.0
227,Device,Relu,model/activation_14/Relu,2,57.504,28.752,57.504,28.752,0.0007380797407212534,0.8863184564820139,0.0,0.0
228,Device,BiasAdd,model/conv2d_7/BiasAdd,2,55.68,27.84,55.68,27.84,0.000714668196357808,0.8870331246783717,0.0,0.0
229,Device,Sum,conv2d_30/kernel/Regularizer/Sum,2,54.944,27.472,54.944,27.472,0.0007052214328427336,0.8877383461112144,0.0,0.0
230,Device,BiasAdd,model/conv2d_11/BiasAdd,2,52.288,26.144,52.288,26.144,0.000671130938418769,0.8884094770496331,0.0,0.0
231,Device,Sum,conv2d_33/kernel/Regularizer/Sum,2,51.936,25.968,51.936,25.968,0.0006666129210854727,0.8890760899707186,0.0,0.0
232,Device,BiasAdd,model/conv2d_12/BiasAdd,2,51.776,25.888,51.776,25.888,0.0006645592768430652,0.8897406492475617,0.0,0.0
233,Device,BiasAdd,model/conv2d_10/BiasAdd,2,51.712,25.856,51.712,25.856,0.0006637378191461022,0.8904043870667078,0.0,0.0
234,Device,BiasAdd,model/conv2d_15/BiasAdd,2,51.68,25.84,51.68,25.84,0.0006633270902976206,0.8910677141570054,0.0,0.0
235,Device,BiasAdd,model/conv2d_14/BiasAdd,2,51.072,25.536,51.072,25.536,0.0006555232421764722,0.8917232373991818,0.0,0.0
236,Device,FusedBatchNormGradV3,gradient_tape/model/batch_normalization_26/FusedBatchNormGradV3,2,50.88,25.44,50.88,25.44,0.0006530588690855832,0.8923762962682674,0.0,0.0
237,Device,BiasAdd,model/conv2d_13/BiasAdd,2,50.848,25.424,50.848,25.424,0.0006526481402371017,0.8930289444085046,0.0,0.0
238,Device,BiasAdd,model/conv2d_8/BiasAdd,2,50.816,25.408,50.816,25.408,0.0006522374113886202,0.8936811818198932,0.0,0.0
239,Device,FusedBatchNormGradV3,gradient_tape/model/batch_normalization_17/FusedBatchNormGradV3,2,49.536,24.768,49.536,24.768,0.0006358082574493602,0.8943169900773426,0.0,0.0
240,Device,FusedBatchNormGradV3,gradient_tape/model/batch_normalization_24/FusedBatchNormGradV3,2,49.44,24.72,49.44,24.72,0.0006345760709039157,0.8949515661482464,0.0,0.0
241,Device,FusedBatchNormGradV3,gradient_tape/model/batch_normalization_18/FusedBatchNormGradV3,2,49.408,24.704,49.408,24.704,0.0006341653420554342,0.8955857314903019,0.0,0.0
242,Device,FusedBatchNormGradV3,gradient_tape/model/batch_normalization_20/FusedBatchNormGradV3,2,49.184,24.592,49.184,24.592,0.0006312902401160637,0.896217021730418,0.0,0.0
243,Device,FusedBatchNormGradV3,gradient_tape/model/batch_normalization_19/FusedBatchNormGradV3,2,49.152,24.576,49.152,24.576,0.0006308795112675823,0.8968479012416856,0.0,0.0
244,Device,FusedBatchNormGradV3,gradient_tape/model/batch_normalization_15/FusedBatchNormGradV3,2,49.12,24.56,49.12,24.56,0.0006304687824191007,0.8974783700241047,0.0,0.0
245,Device,FusedBatchNormGradV3,gradient_tape/model/batch_normalization_25/FusedBatchNormGradV3,2,49.024,24.512,49.024,24.512,0.0006292365958736562,0.8981076066199783,0.0,0.0
246,Device,FusedBatchNormGradV3,gradient_tape/model/batch_normalization_22/FusedBatchNormGradV3,2,48.832,24.416,48.832,24.416,0.0006267722227827672,0.8987343788427611,0.0,0.0
247,Device,FusedBatchNormGradV3,gradient_tape/model/batch_normalization_21/FusedBatchNormGradV3,2,48.672,24.336,48.672,24.336,0.0006247185785403597,0.8993590974213015,0.0,0.0
248,Device,FusedBatchNormGradV3,gradient_tape/model/batch_normalization_16/FusedBatchNormGradV3,2,48.512,24.256,48.512,24.256,0.0006226649342979523,0.8999817623555995,0.0,0.0
249,Device,FusedBatchNormGradV3,gradient_tape/model/batch_normalization_23/FusedBatchNormGradV3,2,48.256,24.128,48.256,24.128,0.0006193791035101003,0.9006011414591095,0.0,0.0
250,Device,BiasAddGrad,gradient_tape/model/conv2d_11/BiasAdd/BiasAddGrad,2,47.776,23.888,47.776,23.888,0.0006132181707828779,0.9012143596298924,0.0,0.0
251,Device,BiasAddGrad,gradient_tape/model/conv2d_15/BiasAdd/BiasAddGrad,2,47.744,23.872,47.744,23.872,0.0006128074419343962,0.9018271670718268,0.0,0.0
252,Device,BiasAddGrad,gradient_tape/model/conv2d_13/BiasAdd/BiasAddGrad,2,47.616,23.808,47.616,23.808,0.0006111645265404703,0.9024383315983672,0.0,0.0
253,Device,BiasAddGrad,gradient_tape/model/conv2d_12/BiasAdd/BiasAddGrad,2,47.584,23.792,47.584,23.792,0.0006107537976919889,0.9030490853960592,0.0,0.0
254,Device,BiasAddGrad,gradient_tape/model/conv2d_14/BiasAdd/BiasAddGrad,2,47.552,23.776,47.552,23.776,0.0006103430688435072,0.9036594284649028,0.0,0.0
255,Device,BiasAddGrad,gradient_tape/model/conv2d_9/BiasAdd/BiasAddGrad,2,47.552,23.776,47.552,23.776,0.0006103430688435072,0.9042697715337463,0.0,0.0
256,Device,BiasAddGrad,gradient_tape/model/conv2d_10/BiasAdd/BiasAddGrad,2,47.488,23.744,47.488,23.744,0.0006095216111465443,0.9048792931448929,0.0,0.0
257,Device,Tile,gradient_tape/conv2d_29/kernel/Regularizer/Tile,2,44.64,22.32,44.64,22.32,0.0005729667436316909,0.9054522598885246,0.0,0.0
258,Device,ReluGrad,gradient_tape/model/activation_25/ReluGrad,2,43.84,21.92,43.84,21.92,0.0005626985224196535,0.9060149584109443,0.0,0.0
259,Device,ReluGrad,gradient_tape/model/activation_26/ReluGrad,2,43.616,21.808,43.616,21.808,0.000559823420480283,0.9065747818314246,0.0,0.0
260,Device,ReluGrad,gradient_tape/model/activation_19/ReluGrad,2,43.52,21.76,43.52,21.76,0.0005585912339348385,0.9071333730653595,0.0,0.0
261,Device,Relu,model/activation_7/Relu,2,43.52,21.76,43.52,21.76,0.0005585912339348385,0.9076919642992943,0.0,0.0
262,Device,ReluGrad,gradient_tape/model/activation_18/ReluGrad,2,43.232,21.616,43.232,21.616,0.000554894674298505,0.9082468589735928,0.0,0.0
263,Device,ReluGrad,gradient_tape/model/activation_20/ReluGrad,2,43.2,21.6,43.2,21.6,0.0005544839454500235,0.9088013429190428,0.0,0.0
264,Device,ReluGrad,gradient_tape/model/activation_24/ReluGrad,2,43.2,21.6,43.2,21.6,0.0005544839454500235,0.9093558268644928,0.0,0.0
265,Device,ReluGrad,gradient_tape/model/activation_17/ReluGrad,2,43.136,21.568,43.136,21.568,0.0005536624877530605,0.9099094893522458,0.0,0.0
266,Device,ReluGrad,gradient_tape/model/activation_15/ReluGrad,2,43.104,21.552,43.104,21.552,0.000553251758904579,0.9104627411111503,0.0,0.0
267,Device,ReluGrad,gradient_tape/model/activation_16/ReluGrad,2,43.104,21.552,43.104,21.552,0.000553251758904579,0.9110159928700549,0.0,0.0
268,Device,ReluGrad,gradient_tape/model/activation_21/ReluGrad,2,43.04,21.52,43.04,21.52,0.0005524303012076159,0.9115684231712625,0.0,0.0
269,Device,ReluGrad,gradient_tape/model/activation_23/ReluGrad,2,42.912,21.456,42.912,21.456,0.00055078738581369,0.9121192105570762,0.0,0.0
270,Device,ReluGrad,gradient_tape/model/activation_22/ReluGrad,2,42.848,21.424,42.848,21.424,0.0005499659281167269,0.912669176485193,0.0,0.0
271,Device,AddN,SGD/gradients/AddN_4,2,42.176,21.088,42.176,21.088,0.0005413406222986155,0.9132105171074916,0.0,0.0
272,Device,Square,conv2d_29/kernel/Regularizer/Square,2,42.176,21.088,42.176,21.088,0.0005413406222986155,0.9137518577297902,0.0,0.0
273,Device,Relu,model/activation_12/Relu,2,41.216,20.608,41.216,20.608,0.0005290187568441706,0.9142808764866344,0.0,0.0
274,Device,Relu,model/activation_13/Relu,2,41.12,20.56,41.12,20.56,0.000527786570298726,0.9148086630569331,0.0,0.0
275,Device,Relu,model/activation_10/Relu,2,41.056,20.528,41.056,20.528,0.000526965112601763,0.9153356281695348,0.0,0.0
276,Device,Relu,model/activation_8/Relu,2,40.896,20.448,40.896,20.448,0.0005249114683593555,0.9158605396378942,0.0,0.0
277,Device,Relu,model/activation_9/Relu,2,40.512,20.256,40.512,20.256,0.0005199827221775775,0.9163805223600717,0.0,0.0
278,Device,FusedBatchNormV3,model/batch_normalization_20/FusedBatchNormV3,4,40.48,10.12,40.48,10.12,0.000519571993329096,0.9169000943534008,0.0,0.0
279,Device,Relu,model/activation_11/Relu,2,40.224,20.112,40.224,20.112,0.000516286162541244,0.9174163805159421,0.0,0.0
280,Device,FusedBatchNormV3,model/batch_normalization_24/FusedBatchNormV3,4,40.064,10.016,40.064,10.016,0.0005142325182988366,0.917930613034241,0.0,0.0
281,Device,FusedBatchNormV3,model/batch_normalization_18/FusedBatchNormV3,4,39.68,9.92,39.68,9.92,0.0005093037721170586,0.9184399168063581,0.0,0.0
282,Device,BiasAddGrad,gradient_tape/model/conv2d_7/BiasAdd/BiasAddGrad,2,39.328,19.664,39.328,19.664,0.0005047857547837621,0.9189447025611418,0.0,0.0
283,Device,FusedBatchNormV3,model/batch_normalization_22/FusedBatchNormV3,4,39.104,9.776,39.104,9.776,0.0005019106528443916,0.9194466132139862,0.0,0.0
284,Device,FusedBatchNormV3,model/batch_normalization_26/FusedBatchNormV3,4,39.04,9.76,39.04,9.76,0.0005010891951474286,0.9199477024091337,0.0,0.0
285,Device,FusedBatchNormV3,model/batch_normalization_16/FusedBatchNormV3,4,38.048,9.512,38.048,9.512,0.0004883566008445022,0.9204360590099782,0.0,0.0
286,Device,FusedBatchNormV3,model/batch_normalization_15/FusedBatchNormV3,4,37.824,9.456,37.824,9.456,0.0004854814989051316,0.9209215405088833,0.0,0.0
287,Device,FusedBatchNormGradV3,gradient_tape/model/batch_normalization_29/FusedBatchNormGradV3,2,37.312,18.656,37.312,18.656,0.00047890983732942766,0.9214004503462128,0.0,0.0
288,Device,FusedBatchNormGradV3,gradient_tape/model/batch_normalization_28/FusedBatchNormGradV3,2,37.248,18.624,37.248,18.624,0.0004780883796324646,0.9218785387258452,0.0,0.0
289,Device,FusedBatchNormV3,model/batch_normalization_23/FusedBatchNormV3,4,37.12,9.28,37.12,9.28,0.00047644546423853865,0.9223549841900838,0.0,0.0
290,Device,FusedBatchNormV3,model/batch_normalization_21/FusedBatchNormV3,4,37.024,9.256,37.024,9.256,0.0004752132776930942,0.9228301974677768,0.0,0.0
291,Device,FusedBatchNormGradV3,gradient_tape/model/batch_normalization_30/FusedBatchNormGradV3,2,36.992,18.496,36.992,18.496,0.00047480254884461263,0.9233050000166214,0.0,0.0
292,Device,FusedBatchNormGradV3,gradient_tape/model/batch_normalization_31/FusedBatchNormGradV3,2,36.928,18.464,36.928,18.464,0.00047398109114764965,0.923778981107769,0.0,0.0
293,Device,FusedBatchNormGradV3,gradient_tape/model/batch_normalization_27/FusedBatchNormGradV3,2,36.512,18.256,36.512,18.256,0.0004686416161173902,0.9242476227238864,0.0,0.0
294,Device,ResourceApplyGradientDescent,SGD/SGD/update_72/ResourceApplyGradientDescent,2,36.256,18.128,36.256,18.128,0.0004653557853295382,0.924712978509216,0.0,0.0
295,Device,Sum,conv2d_29/kernel/Regularizer/Sum,2,36.128,18.064,36.128,18.064,0.00046371286993561223,0.9251766913791516,0.0,0.0
296,Device,FusedBatchNormV3,model/batch_normalization_19/FusedBatchNormV3,4,36.032,9.008,36.032,9.008,0.0004624806833901677,0.9256391720625418,0.0,0.0
297,Device,ResourceApplyGradientDescent,SGD/SGD/update_96/ResourceApplyGradientDescent,2,35.936,17.968,35.936,17.968,0.0004612484968447232,0.9261004205593865,0.0,0.0
298,Device,FusedBatchNormV3,model/batch_normalization_25/FusedBatchNormV3,4,35.84,8.96,35.84,8.96,0.0004600163102992788,0.9265604368696857,0.0,0.0
299,Device,ResourceApplyGradientDescent,SGD/SGD/update_100/ResourceApplyGradientDescent,2,35.776,17.888,35.776,17.888,0.00045919485260231574,0.927019631722288,0.0,0.0
300,Device,ResourceApplyGradientDescent,SGD/SGD/update_84/ResourceApplyGradientDescent,2,35.776,17.888,35.776,17.888,0.00045919485260231574,0.9274788265748902,0.0,0.0
301,Device,ResourceApplyGradientDescent,SGD/SGD/update_104/ResourceApplyGradientDescent,2,35.744,17.872,35.744,17.872,0.0004587841237538342,0.9279376106986441,0.0,0.0
302,Device,ResourceApplyGradientDescent,SGD/SGD/update_92/ResourceApplyGradientDescent,2,35.616,17.808,35.616,17.808,0.0004571412083599082,0.928394751907004,0.0,0.0
303,Device,FusedBatchNormV3,model/batch_normalization_17/FusedBatchNormV3,4,35.584,8.896,35.584,8.896,0.00045673047951142674,0.9288514823865155,0.0,0.0
304,Device,FusedBatchNormV3,model/batch_normalization_27/FusedBatchNormV3,4,35.52,8.88,35.52,8.88,0.00045590902181446376,0.92930739140833,0.0,0.0
305,Device,ResourceApplyGradientDescent,SGD/SGD/update_68/ResourceApplyGradientDescent,2,35.456,17.728,35.456,17.728,0.0004550875641175008,0.9297624789724475,0.0,0.0
306,Device,ResourceApplyGradientDescent,SGD/SGD/update_88/ResourceApplyGradientDescent,2,35.456,17.728,35.456,17.728,0.0004550875641175008,0.930217566536565,0.0,0.0
307,Device,ResourceApplyGradientDescent,SGD/SGD/update_108/ResourceApplyGradientDescent,2,35.424,17.712,35.424,17.712,0.0004546768352690192,0.930672243371834,0.0,0.0
308,Device,ResourceApplyGradientDescent,SGD/SGD/update_76/ResourceApplyGradientDescent,2,35.328,17.664,35.328,17.664,0.00045344464872357475,0.9311256880205575,0.0,0.0
309,Device,ResourceApplyGradientDescent,SGD/SGD/update_80/ResourceApplyGradientDescent,2,35.328,17.664,35.328,17.664,0.00045344464872357475,0.931579132669281,0.0,0.0
310,Device,FusedBatchNormV3,model/batch_normalization_32/FusedBatchNormV3,4,35.296,8.824,35.296,8.824,0.00045303391987509324,0.9320321665891561,0.0,0.0
311,Device,FusedBatchNormV3,model/batch_normalization_29/FusedBatchNormV3,4,35.264,8.816,35.264,8.816,0.00045262319102661177,0.9324847897801827,0.0,0.0
312,Device,FusedBatchNormV3,model/batch_normalization_31/FusedBatchNormV3,4,34.912,8.728,34.912,8.728,0.00044810517369331523,0.932932894953876,0.0,0.0
313,Device,AddN,SGD/gradients/AddN_36,2,34.88,17.44,34.88,17.44,0.00044769444484483377,0.9333805893987208,0.0,0.0
314,Device,FusedBatchNormV3,model/batch_normalization_30/FusedBatchNormV3,4,34.88,8.72,34.88,8.72,0.00044769444484483377,0.9338282838435656,0.0,0.0
315,Device,AddN,SGD/gradients/AddN_44,2,34.848,17.424,34.848,17.424,0.00044728371599635225,0.934275567559562,0.0,0.0
316,Device,FusedBatchNormV3,model/batch_normalization_28/FusedBatchNormV3,4,34.848,8.712,34.848,8.712,0.00044728371599635225,0.9347228512755583,0.0,0.0
317,Device,AddN,SGD/gradients/AddN_38,2,34.752,17.376,34.752,17.376,0.0004460515294509078,0.9351689028050092,0.0,0.0
318,Device,AddN,SGD/gradients/AddN_39,2,34.688,17.344,34.688,17.344,0.00044523007175394476,0.9356141328767631,0.0,0.0
319,Device,AddN,SGD/gradients/AddN_37,2,34.656,17.328,34.656,17.328,0.00044481934290546325,0.9360589522196685,0.0,0.0
320,Device,AddN,SGD/gradients/AddN_40,2,34.528,17.264,34.528,17.264,0.0004431764275115372,0.9365021286471801,0.0,0.0
321,Device,AddN,SGD/gradients/AddN_42,2,34.528,17.264,34.528,17.264,0.0004431764275115372,0.9369453050746916,0.0,0.0
322,Device,AddN,SGD/gradients/AddN_43,2,34.464,17.232,34.464,17.232,0.00044235496981457424,0.9373876600445062,0.0,0.0
323,Device,AddN,SGD/gradients/AddN_41,2,34.336,17.168,34.336,17.168,0.0004407120544206483,0.9378283720989269,0.0,0.0
324,Device,AddN,SGD/gradients/AddN_35,2,34.048,17.024,34.048,17.024,0.0004370154947843148,0.9382653875937113,0.0,0.0
325,Device,AddN,SGD/gradients/AddN_6,2,34.016,17.008,34.016,17.008,0.00043660476593583325,0.9387019923596471,0.0,0.0
326,Device,AddN,SGD/gradients/AddN_7,2,33.888,16.944,33.888,16.944,0.00043496185054190723,0.9391369542101891,0.0,0.0
327,Device,AddN,SGD/gradients/AddN_5,2,33.664,16.832,33.664,16.832,0.0004320867486025368,0.9395690409587916,0.0,0.0
328,Device,AddN,SGD/gradients/AddN_3,2,33.28,16.64,33.28,16.64,0.0004271580024207588,0.9399961989612123,0.0,0.0
329,Device,Mul,gradient_tape/conv2d_27/kernel/Regularizer/Mul_1,2,33.28,16.64,33.28,16.64,0.0004271580024207588,0.9404233569636331,0.0,0.0
330,Device,Mul,gradient_tape/conv2d_17/kernel/Regularizer/Mul_1,2,33.248,16.624,33.248,16.624,0.0004267472735722773,0.9408501042372054,0.0,0.0
331,Device,Mul,gradient_tape/conv2d_21/kernel/Regularizer/Mul_1,2,32.768,16.384,32.768,16.384,0.00042058634084505485,0.9412706905780505,0.0,0.0
332,Device,Mul,gradient_tape/conv2d_20/kernel/Regularizer/Mul_1,2,32.128,16.064,32.128,16.064,0.00041237176387542485,0.9416830623419259,0.0,0.0
333,Device,Mul,gradient_tape/conv2d_24/kernel/Regularizer/Mul_1,2,32.096,16.048,32.096,16.048,0.0004119610350269433,0.9420950233769528,0.0,0.0
334,Device,AddN,ArithmeticOptimizer/AddOpsRewrite_AddN_1,8,31.84,3.98,31.84,3.98,0.00040867520423909135,0.9425036985811919,0.0,0.0
335,Device,AddN,SGD/gradients/AddN_34,2,31.552,15.776,31.552,15.776,0.00040497864460275785,0.9429086772257946,0.0,0.0
336,Device,Mul,gradient_tape/conv2d_25/kernel/Regularizer/Mul_1,2,31.552,15.776,31.552,15.776,0.00040497864460275785,0.9433136558703974,0.0,0.0
337,Device,Mul,gradient_tape/conv2d_19/kernel/Regularizer/Mul_1,2,31.424,15.712,31.424,15.712,0.0004033357292088319,0.9437169915996062,0.0,0.0
338,Device,Mul,gradient_tape/conv2d_22/kernel/Regularizer/Mul_1,2,31.072,15.536,31.072,15.536,0.0003988177118755354,0.9441158093114818,0.0,0.0
339,Device,Mul,gradient_tape/conv2d_28/kernel/Regularizer/Mul_1,2,30.849,15.4245,30.849,15.4245,0.00039595544521267995,0.9445117647566944,0.0,0.0
340,Device,BiasAdd,model/conv2d_18/BiasAdd,2,30.784,15.392,30.784,15.392,0.0003951211522392019,0.9449068859089336,0.0,0.0
341,Device,Mul,gradient_tape/conv2d_26/kernel/Regularizer/Mul_1,2,30.656,15.328,30.656,15.328,0.00039347823684527587,0.9453003641457789,0.0,0.0
342,Device,FusedBatchNormGradV3,gradient_tape/model/batch_normalization_32/FusedBatchNormGradV3,2,30.624,15.312,30.624,15.312,0.0003930675079967944,0.9456934316537757,0.0,0.0
343,Device,BiasAddGrad,gradient_tape/model/conv2d_24/BiasAdd/BiasAddGrad,2,29.888,14.944,29.888,14.944,0.00038362074448171997,0.9460770523982575,0.0,0.0
344,Device,Mul,gradient_tape/conv2d_23/kernel/Regularizer/Mul_1,2,29.728,14.864,29.728,14.864,0.00038156710023931243,0.9464586194984967,0.0,0.0
345,Device,BiasAddGrad,gradient_tape/model/conv2d_21/BiasAdd/BiasAddGrad,2,29.28,14.64,29.28,14.64,0.00037581689636057144,0.9468344363948573,0.0,0.0
346,Device,BiasAddGrad,gradient_tape/model/conv2d_25/BiasAdd/BiasAddGrad,2,29.248,14.624,29.248,14.624,0.00037540616751209,0.9472098425623694,0.0,0.0
347,Device,BiasAddGrad,gradient_tape/model/conv2d_26/BiasAdd/BiasAddGrad,2,29.184,14.592,29.184,14.592,0.00037458470981512694,0.9475844272721845,0.0,0.0
348,Device,BiasAddGrad,gradient_tape/model/conv2d_20/BiasAdd/BiasAddGrad,2,29.152,14.576,29.152,14.576,0.0003741739809666455,0.9479586012531511,0.0,0.0
349,Device,BiasAddGrad,gradient_tape/model/conv2d_22/BiasAdd/BiasAddGrad,2,29.12,14.56,29.12,14.56,0.00037376325211816396,0.9483323645052693,0.0,0.0
350,Device,BiasAddGrad,gradient_tape/model/conv2d_23/BiasAdd/BiasAddGrad,2,29.088,14.544,29.088,14.544,0.0003733525232696825,0.9487057170285389,0.0,0.0
351,Device,BiasAddGrad,gradient_tape/model/conv2d_18/BiasAdd/BiasAddGrad,2,28.928,14.464,28.928,14.464,0.00037129887902727495,0.9490770159075662,0.0,0.0
352,Device,BiasAddGrad,gradient_tape/model/conv2d_28/BiasAdd/BiasAddGrad,2,28.864,14.432,28.864,14.432,0.00037047742133031197,0.9494474933288966,0.0,0.0
353,Device,BiasAddGrad,gradient_tape/model/conv2d_19/BiasAdd/BiasAddGrad,2,28.736,14.368,28.736,14.368,0.00036883450593638595,0.9498163278348329,0.0,0.0
354,Device,Mul,gradient_tape/conv2d_29/kernel/Regularizer/Mul,2,28.64,14.32,28.64,14.32,0.0003676023193909415,0.9501839301542239,0.0,0.0
355,Device,BiasAddGrad,gradient_tape/model/conv2d_27/BiasAdd/BiasAddGrad,2,28.608,14.304,28.608,14.304,0.00036719159054246,0.9505511217447663,0.0,0.0
356,Device,BiasAddGrad,gradient_tape/model/conv2d_16/BiasAdd/BiasAddGrad,2,28.288,14.144,28.288,14.144,0.00036308430205764496,0.950914206046824,0.0,0.0
357,Device,Relu,model/activation_26/Relu,2,27.456,13.728,27.456,13.728,0.000352405351997126,0.9512666113988211,0.0,0.0
358,Device,Softmax,model/dense/Softmax,2,26.88,13.44,26.88,13.44,0.000345012232724459,0.9516116236315455,0.0,0.0
359,Device,MatMul,model/dense/MatMul,2,25.536,12.768,25.536,12.768,0.0003277616210882361,0.9519393852526338,0.0,0.0
360,Device,Sum,conv2d_24/kernel/Regularizer/Sum,2,24.96,12.48,24.96,12.48,0.0003203685018155691,0.9522597537544494,0.0,0.0
361,Device,ReluGrad,gradient_tape/model/activation_30/ReluGrad,2,24.864,12.432,24.864,12.432,0.0003191363152701246,0.9525788900697195,0.0,0.0
362,Device,ReluGrad,gradient_tape/model/activation_29/ReluGrad,2,24.576,12.288,24.576,12.288,0.00031543975563379115,0.9528943298253533,0.0,0.0
363,Device,Sum,conv2d_26/kernel/Regularizer/Sum,2,24.448,12.224,24.448,12.224,0.00031379684023986513,0.9532081266655932,0.0,0.0
364,Device,ReluGrad,gradient_tape/model/activation_28/ReluGrad,2,24.416,12.208,24.416,12.208,0.0003133861113913836,0.9535215127769846,0.0,0.0
365,Device,Sum,conv2d_25/kernel/Regularizer/Sum,2,24.256,12.128,24.256,12.128,0.0003113324671489761,0.9538328452441336,0.0,0.0
366,Device,ReluGrad,gradient_tape/model/activation_31/ReluGrad,2,24.256,12.128,24.256,12.128,0.0003113324671489761,0.9541441777112826,0.0,0.0
367,Device,ReluGrad,gradient_tape/model/activation_27/ReluGrad,2,23.936,11.968,23.936,11.968,0.00030722517866416116,0.9544514028899468,0.0,0.0
368,Device,Sum,conv2d_28/kernel/Regularizer/Sum,2,23.808,11.904,23.808,11.904,0.00030558226327023514,0.954756985153217,0.0,0.0
369,Device,Sum,conv2d_27/kernel/Regularizer/Sum,2,23.776,11.888,23.776,11.888,0.0003051715344217536,0.9550621566876388,0.0,0.0
370,Device,AddN,SGD/gradients/AddN_2,2,23.712,11.856,23.712,11.856,0.00030435007672479064,0.9553665067643636,0.0,0.0
371,Device,Sum,conv2d_22/kernel/Regularizer/Sum,2,23.584,11.792,23.584,11.792,0.00030270716133086467,0.9556692139256945,0.0,0.0
372,Device,Sum,conv2d_19/kernel/Regularizer/Sum,2,23.392,11.696,23.392,11.696,0.00030024278823997567,0.9559694567139344,0.0,0.0
373,Device,Sum,conv2d_23/kernel/Regularizer/Sum,2,23.232,11.616,23.232,11.616,0.0002981891439975682,0.956267645857932,0.0,0.0
374,Device,AddV2,model/add_11/add,2,23.232,11.616,23.232,11.616,0.0002981891439975682,0.9565658350019296,0.0,0.0
375,Device,Sum,conv2d_20/kernel/Regularizer/Sum,2,23.168,11.584,23.168,11.584,0.00029736768630060515,0.9568632026882302,0.0,0.0
376,Device,AddV2,model/add_8/add,2,23.168,11.584,23.168,11.584,0.00029736768630060515,0.9571605703745308,0.0,0.0
377,Device,AddV2,model/add_9/add,2,23.168,11.584,23.168,11.584,0.00029736768630060515,0.9574579380608315,0.0,0.0
378,Device,Sum,conv2d_17/kernel/Regularizer/Sum,2,23.072,11.536,23.072,11.536,0.00029613549975516064,0.9577540735605866,0.0,0.0
379,Device,AddV2,model/add_10/add,2,22.976,11.488,22.976,11.488,0.00029490331320971614,0.9580489768737963,0.0,0.0
380,Device,Sum,conv2d_21/kernel/Regularizer/Sum,2,22.816,11.408,22.816,11.408,0.00029284966896730866,0.9583418265427636,0.0,0.0
381,Device,AddV2,model/add_7/add,2,22.816,11.408,22.816,11.408,0.00029284966896730866,0.9586346762117308,0.0,0.0
382,Device,AddV2,model/add_12/add,2,22.624,11.312,22.624,11.312,0.00029038529587641966,0.9589250615076073,0.0,0.0
383,Device,Square,conv2d_20/kernel/Regularizer/Square,2,22.56,11.28,22.56,11.28,0.0002895638381794567,0.9592146253457867,0.0,0.0
384,Device,Tile,gradient_tape/conv2d_17/kernel/Regularizer/Tile,2,22.144,11.072,22.144,11.072,0.0002842243631491972,0.959498849708936,0.0,0.0
385,Device,BiasAddGrad,gradient_tape/model/conv2d_29/BiasAdd/BiasAddGrad,2,22.112,11.056,22.112,11.056,0.0002838136343007157,0.9597826633432367,0.0,0.0
386,Device,Square,conv2d_26/kernel/Regularizer/Square,2,22.08,11.04,22.08,11.04,0.00028340290545223417,0.960066066248689,0.0,0.0
387,Device,Square,conv2d_22/kernel/Regularizer/Square,2,21.984,10.992,21.984,10.992,0.0002821707189067897,0.9603482369675957,0.0,0.0
388,Device,Square,conv2d_27/kernel/Regularizer/Square,2,21.76,10.88,21.76,10.88,0.00027929561696741925,0.9606275325845631,0.0,0.0
389,Device,Square,conv2d_19/kernel/Regularizer/Square,2,21.728,10.864,21.728,10.864,0.00027888488811893773,0.960906417472682,0.0,0.0
390,Device,Square,conv2d_28/kernel/Regularizer/Square,2,21.472,10.736,21.472,10.736,0.00027559905733108575,0.9611820165300131,0.0,0.0
391,Device,Square,conv2d_17/kernel/Regularizer/Square,2,21.216,10.608,21.216,10.608,0.00027231322654323376,0.9614543297565563,0.0,0.0
392,Device,Square,conv2d_25/kernel/Regularizer/Square,2,21.12,10.56,21.12,10.56,0.00027108103999778926,0.9617254107965542,0.0,0.0
393,Device,Square,conv2d_21/kernel/Regularizer/Square,2,20.864,10.432,20.864,10.432,0.0002677952092099373,0.9619932060057641,0.0,0.0
394,Device,MatMul,gradient_tape/model/dense/MatMul/MatMul,2,20.672,10.336,20.672,10.336,0.0002653308361190483,0.9622585368418831,0.0,0.0
395,Device,Square,conv2d_24/kernel/Regularizer/Square,2,20.64,10.32,20.64,10.32,0.00026492010727056676,0.9625234569491536,0.0,0.0
396,Device,Square,conv2d_23/kernel/Regularizer/Square,2,20.352,10.176,20.352,10.176,0.00026122354763423325,0.9627846804967879,0.0,0.0
397,Device,ResourceApplyGradientDescent,SGD/SGD/update_62/ResourceApplyGradientDescent,2,20.192,10.096,20.192,10.096,0.00025916990339182577,0.9630438504001797,0.0,0.0
398,Device,AddN,SGD/gradients/AddN_32,2,20.032,10.016,20.032,10.016,0.0002571162591494183,0.9633009666593291,0.0,0.0
399,Device,BiasAddGrad,gradient_tape/model/conv2d_35/BiasAdd/BiasAddGrad,2,19.968,9.984,19.968,9.984,0.0002562948014524553,0.9635572614607816,0.0,0.0
400,Device,BiasAddGrad,gradient_tape/model/conv2d_32/BiasAdd/BiasAddGrad,2,19.872,9.936,19.872,9.936,0.0002550626149070108,0.9638123240756886,0.0,0.0
401,Device,BiasAddGrad,gradient_tape/model/conv2d_34/BiasAdd/BiasAddGrad,2,19.84,9.92,19.84,9.92,0.0002546518860585293,0.9640669759617472,0.0,0.0
402,Device,BiasAddGrad,gradient_tape/model/conv2d_31/BiasAdd/BiasAddGrad,2,19.776,9.888,19.776,9.888,0.0002538304283615663,0.9643208063901088,0.0,0.0
403,Device,BiasAddGrad,gradient_tape/model/conv2d_33/BiasAdd/BiasAddGrad,2,19.68,9.84,19.68,9.84,0.0002525982418161218,0.9645734046319249,0.0,0.0
404,Device,Mul,gradient_tape/conv2d_16/kernel/Regularizer/Mul_1,2,19.616,9.808,19.616,9.808,0.0002517767841191588,0.964825181416044,0.0,0.0
405,Device,Sum,conv2d_16/kernel/Regularizer/Sum,2,18.528,9.264,18.528,9.264,0.0002378120032707878,0.9650629934193148,0.0,0.0
406,Device,Mul,gradient_tape/conv2d_17/kernel/Regularizer/Mul,2,18.464,9.232,18.464,9.232,0.00023699054557382483,0.9652999839648886,0.0,0.0
407,Device,ResourceApplyGradientDescent,SGD/SGD/update_138/ResourceApplyGradientDescent,2,17.376,8.688,17.376,8.688,0.0002230257647254539,0.965523009729614,0.0,0.0
408,Device,Sum,conv2d_31/kernel/Regularizer/Sum,2,17.248,8.624,17.248,8.624,0.0002213828493315279,0.9657443925789455,0.0,0.0
409,Device,Sum,conv2d_10/kernel/Regularizer/Sum,2,16.448,8.224,16.448,8.224,0.0002111146281194904,0.965955507207065,0.0,0.0
410,Device,AddN,SGD/gradients/AddN_1,2,16.416,8.208,16.416,8.208,0.00021070389927100891,0.966166211106336,0.0,0.0
411,Device,Sum,conv2d_12/kernel/Regularizer/Sum,2,16.416,8.208,16.416,8.208,0.00021070389927100891,0.9663769150056071,0.0,0.0
412,Device,Sum,conv2d_15/kernel/Regularizer/Sum,2,16.352,8.176,16.352,8.176,0.0002098824415740459,0.9665867974471811,0.0,0.0
413,Device,Sum,conv2d_8/kernel/Regularizer/Sum,2,16.192,8.096,16.192,8.096,0.00020782879733163842,0.9667946262445127,0.0,0.0
414,Device,Sum,conv2d_13/kernel/Regularizer/Sum,2,16.16,8.08,16.16,8.08,0.00020741806848315693,0.9670020443129959,0.0,0.0
415,Device,Sum,conv2d_11/kernel/Regularizer/Sum,2,16.032,8.016,16.032,8.016,0.00020577515308923094,0.9672078194660851,0.0,0.0
416,Device,Sum,conv2d_14/kernel/Regularizer/Sum,2,16.032,8.016,16.032,8.016,0.00020577515308923094,0.9674135946191744,0.0,0.0
417,Device,BiasAdd,model/conv2d_23/BiasAdd,2,14.976,7.488,14.976,7.488,0.00019222110108934148,0.9676058157202637,0.0,0.0
418,Device,Sum,conv2d_5/kernel/Regularizer/Sum,2,14.944,7.472,14.944,7.472,0.00019181037224085998,0.9677976260925045,0.0,0.0
419,Device,BiasAdd,model/conv2d_19/BiasAdd,2,14.944,7.472,14.944,7.472,0.00019181037224085998,0.9679894364647453,0.0,0.0
420,Device,BiasAdd,model/conv2d_16/BiasAdd,2,14.912,7.456,14.912,7.456,0.00019139964339237847,0.9681808361081378,0.0,0.0
421,Device,BiasAdd,model/conv2d_17/BiasAdd,2,14.88,7.44,14.88,7.44,0.00019098891454389697,0.9683718250226817,0.0,0.0
422,Device,BiasAdd,model/conv2d_27/BiasAdd,2,14.88,7.44,14.88,7.44,0.00019098891454389697,0.9685628139372257,0.0,0.0
423,Device,BiasAdd,model/conv2d_24/BiasAdd,2,14.816,7.408,14.816,7.408,0.000190167456846934,0.9687529813940726,0.0,0.0
424,Device,BiasAdd,model/conv2d_28/BiasAdd,2,14.816,7.408,14.816,7.408,0.000190167456846934,0.9689431488509196,0.0,0.0
425,Device,Square,conv2d_16/kernel/Regularizer/Square,2,14.784,7.392,14.784,7.392,0.00018975672799845247,0.9691329055789181,0.0,0.0
426,Device,BiasAdd,model/conv2d_20/BiasAdd,2,14.784,7.392,14.784,7.392,0.00018975672799845247,0.9693226623069165,0.0,0.0
427,Device,BiasAdd,model/conv2d_22/BiasAdd,2,14.784,7.392,14.784,7.392,0.00018975672799845247,0.969512419034915,0.0,0.0
428,Device,BiasAdd,model/conv2d_26/BiasAdd,2,14.784,7.392,14.784,7.392,0.00018975672799845247,0.9697021757629135,0.0,0.0
429,Device,BiasAdd,model/conv2d_21/BiasAdd,2,14.752,7.376,14.752,7.376,0.00018934599914997098,0.9698915217620635,0.0,0.0
430,Device,BiasAdd,model/conv2d_25/BiasAdd,2,14.752,7.376,14.752,7.376,0.00018934599914997098,0.9700808677612135,0.0,0.0
431,Device,AddN,SGD/gradients/AddN,2,14.688,7.344,14.688,7.344,0.00018852454145300797,0.9702693923026665,0.0,0.0
432,Device,Sum,conv2d_18/kernel/Regularizer/Sum,2,14.688,7.344,14.688,7.344,0.00018852454145300797,0.9704579168441195,0.0,0.0
433,Device,Tile,gradient_tape/conv2d_16/kernel/Regularizer/Tile,2,14.304,7.152,14.304,7.152,0.00018359579527123,0.9706415126393908,0.0,0.0
434,Device,Sum,conv2d_2/kernel/Regularizer/Sum,2,14.112,7.056,14.112,7.056,0.000181131422180341,0.9708226440615711,0.0,0.0
435,Device,Mul,gradient_tape/conv2d_16/kernel/Regularizer/Mul,2,13.984,6.992,13.984,6.992,0.000179488506786415,0.9710021325683575,0.0,0.0
436,Device,Sum,conv2d_4/kernel/Regularizer/Sum,2,13.952,6.976,13.952,6.976,0.0001790777779379335,0.9711812103462955,0.0,0.0
437,Device,MatMul,gradient_tape/model/dense/MatMul/MatMul_1,2,13.824,6.912,13.824,6.912,0.00017743486254400751,0.9713586452088394,0.0,0.0
438,Device,Sum,conv2d_1/kernel/Regularizer/Sum,2,13.76,6.88,13.76,6.88,0.0001766134048470445,0.9715352586136865,0.0,0.0
439,Device,Sum,conv2d_7/kernel/Regularizer/Sum,2,13.632,6.816,13.632,6.816,0.0001749704894531185,0.9717102291031396,0.0,0.0
440,Device,Sum,conv2d_6/kernel/Regularizer/Sum,2,13.568,6.784,13.568,6.784,0.0001741490317561555,0.9718843781348958,0.0,0.0
441,Device,Sum,conv2d_3/kernel/Regularizer/Sum,2,13.536,6.768,13.536,6.768,0.000173738302907674,0.9720581164378035,0.0,0.0
442,Device,ResourceApplyGradientDescent,SGD/SGD/update_58/ResourceApplyGradientDescent,2,13.216,6.608,13.216,6.608,0.00016963101442285901,0.9722277474522264,0.0,0.0
443,Device,Tile,gradient_tape/conv2d_18/kernel/Regularizer/Tile,2,13.184,6.592,13.184,6.592,0.00016922028557437752,0.9723969677378008,0.0,0.0
444,Device,ResourceApplyGradientDescent,SGD/SGD/update_46/ResourceApplyGradientDescent,2,13.056,6.528,13.056,6.528,0.00016757737018045153,0.9725645451079813,0.0,0.0
445,Device,AddV2,model/add_14/add,2,13.056,6.528,13.056,6.528,0.00016757737018045153,0.9727321224781618,0.0,0.0
446,Device,Tile,gradient_tape/conv2d_1/kernel/Regularizer/Tile,2,12.992,6.496,12.992,6.496,0.00016675591248348855,0.9728988783906453,0.0,0.0
447,Device,Tile,gradient_tape/conv2d_7/kernel/Regularizer/Tile,2,12.96,6.48,12.96,6.48,0.00016634518363500706,0.9730652235742803,0.0,0.0
448,Device,ResourceApplyGradientDescent,SGD/SGD/update_38/ResourceApplyGradientDescent,2,12.928,6.464,12.928,6.464,0.00016593445478652554,0.9732311580290668,0.0,0.0
449,Device,Tile,gradient_tape/conv2d_8/kernel/Regularizer/Tile,2,12.928,6.464,12.928,6.464,0.00016593445478652554,0.9733970924838533,0.0,0.0
450,Device,Tile,gradient_tape/conv2d_31/kernel/Regularizer/Tile,2,12.896,6.448,12.896,6.448,0.00016552372593804405,0.9735626162097913,0.0,0.0
451,Device,ResourceApplyGradientDescent,SGD/SGD/update_54/ResourceApplyGradientDescent,2,12.864,6.432,12.864,6.432,0.00016511299708956255,0.9737277292068809,0.0,0.0
452,Device,AddV2,model/add_15/add,2,12.832,6.416,12.832,6.416,0.00016470226824108104,0.973892431475122,0.0,0.0
453,Device,ResourceApplyGradientDescent,SGD/SGD/update_34/ResourceApplyGradientDescent,2,12.768,6.384,12.768,6.384,0.00016388081054411805,0.974056312285666,0.0,0.0
454,Device,ResourceApplyGradientDescent,SGD/SGD/update_50/ResourceApplyGradientDescent,2,12.736,6.368,12.736,6.368,0.00016347008169563656,0.9742197823673616,0.0,0.0
455,Device,AddN,SGD/gradients/AddN_27,2,12.704,6.352,12.704,6.352,0.00016305935284715504,0.9743828417202087,0.0,0.0
456,Device,AddV2,model/add_13/add,2,12.704,6.352,12.704,6.352,0.00016305935284715504,0.9745459010730558,0.0,0.0
457,Device,ResourceApplyGradientDescent,SGD/SGD/update_42/ResourceApplyGradientDescent,2,12.672,6.336,12.672,6.336,0.00016264862399867355,0.9747085496970546,0.0,0.0
458,Device,AddN,SGD/gradients/AddN_31,2,12.64,6.32,12.64,6.32,0.00016223789515019206,0.9748707875922048,0.0,0.0
459,Device,Mul,gradient_tape/conv2d_10/kernel/Regularizer/Mul_1,2,12.64,6.32,12.64,6.32,0.00016223789515019206,0.975033025487355,0.0,0.0
460,Device,AddN,SGD/gradients/AddN_26,2,12.608,6.304,12.608,6.304,0.00016182716630171054,0.9751948526536568,0.0,0.0
461,Device,AddN,SGD/gradients/AddN_29,2,12.608,6.304,12.608,6.304,0.00016182716630171054,0.9753566798199585,0.0,0.0
462,Device,Relu,model/activation_23/Relu,2,12.608,6.304,12.608,6.304,0.00016182716630171054,0.9755185069862603,0.0,0.0
463,Device,Relu,model/activation_24/Relu,2,12.608,6.304,12.608,6.304,0.00016182716630171054,0.9756803341525621,0.0,0.0
464,Device,AddN,SGD/gradients/AddN_46,2,12.544,6.272,12.544,6.272,0.00016100570860474756,0.9758413398611668,0.0,0.0
465,Device,Relu,model/activation_20/Relu,2,12.512,6.256,12.512,6.256,0.00016059497975626607,0.9760019348409231,0.0,0.0
466,Device,AddN,SGD/gradients/AddN_28,2,12.448,6.224,12.448,6.224,0.00015977352205930306,0.9761617083629824,0.0,0.0
467,Device,Relu,model/activation_18/Relu,2,12.448,6.224,12.448,6.224,0.00015977352205930306,0.9763214818850418,0.0,0.0
468,Device,AddN,SGD/gradients/AddN_30,2,12.416,6.208,12.416,6.208,0.00015936279321082157,0.9764808446782526,0.0,0.0
469,Device,Relu,model/activation_25/Relu,2,12.416,6.208,12.416,6.208,0.00015936279321082157,0.9766402074714634,0.0,0.0
470,Device,Relu,model/activation_22/Relu,2,12.384,6.192,12.384,6.192,0.00015895206436234005,0.9767991595358257,0.0,0.0
471,Device,Relu,model/activation_15/Relu,2,12.352,6.176,12.352,6.176,0.00015854133551385856,0.9769577008713396,0.0,0.0
472,Device,Relu,model/activation_17/Relu,2,12.352,6.176,12.352,6.176,0.00015854133551385856,0.9771162422068534,0.0,0.0
473,Device,Relu,model/activation_16/Relu,2,12.32,6.16,12.32,6.16,0.00015813060666537707,0.9772743728135188,0.0,0.0
474,Device,Relu,model/activation_19/Relu,2,12.32,6.16,12.32,6.16,0.00015813060666537707,0.9774325034201842,0.0,0.0
475,Device,Relu,model/activation_21/Relu,2,12.192,6.096,12.192,6.096,0.00015648769127145107,0.9775889911114556,0.0,0.0
476,Device,Sum,conv2d/kernel/Regularizer/Sum,2,12.064,6.032,12.064,6.032,0.00015484477587752508,0.9777438358873332,0.0,0.0
477,Device,ResourceApplyGradientDescent,SGD/SGD/update_116/ResourceApplyGradientDescent,2,12.032,6.016,12.032,6.016,0.00015443404702904356,0.9778982699343622,0.0,0.0
478,Device,AvgPool,model/average_pooling2d/AvgPool,2,12.032,6.016,12.032,6.016,0.00015443404702904356,0.9780527039813913,0.0,0.0
479,Device,Mul,gradient_tape/conv2d_11/kernel/Regularizer/Mul_1,2,11.616,5.808,11.616,5.808,0.0001490945719987841,0.9782017985533901,0.0,0.0
480,Device,Mul,gradient_tape/conv2d_8/kernel/Regularizer/Mul_1,2,11.232,5.616,11.232,5.616,0.00014416582581700609,0.9783459643792071,0.0,0.0
481,Device,Mul,gradient_tape/conv2d_14/kernel/Regularizer/Mul_1,2,11.2,5.6,11.2,5.6,0.0001437550969685246,0.9784897194761756,0.0,0.0
482,Device,AddN,SGD/gradients/AddN_25,2,11.168,5.584,11.168,5.584,0.0001433443681200431,0.9786330638442956,0.0,0.0
483,Device,Sum,conv2d_9/kernel/Regularizer/Sum,2,11.136,5.568,11.136,5.568,0.00014293363927156158,0.9787759974835671,0.0,0.0
484,Device,Mul,gradient_tape/conv2d_31/kernel/Regularizer/Mul_1,2,11.072,5.536,11.072,5.536,0.0001421121815745986,0.9789181096651417,0.0,0.0
485,Device,BiasAdd,model/conv2d_30/BiasAdd,2,11.008,5.504,11.008,5.504,0.0001412907238776356,0.9790594003890193,0.0,0.0
486,Device,BiasAdd,model/conv2d_34/BiasAdd,2,10.88,5.44,10.88,5.44,0.00013964780848370963,0.979199048197503,0.0,0.0
487,Device,ReluGrad,gradient_tape/model/activation_32/ReluGrad,2,10.848,5.424,10.848,5.424,0.0001392370796352281,0.9793382852771383,0.0,0.0
488,Device,BiasAdd,model/conv2d_32/BiasAdd,2,10.784,5.392,10.784,5.392,0.00013841562193826513,0.9794767008990766,0.0,0.0
489,Device,BiasAdd,model/conv2d_33/BiasAdd,2,10.784,5.392,10.784,5.392,0.00013841562193826513,0.9796151165210149,0.0,0.0
490,Device,BiasAdd,model/conv2d_31/BiasAdd,2,10.752,5.376,10.752,5.376,0.00013800489308978363,0.9797531214141046,0.0,0.0
491,Device,BiasAdd,model/conv2d_29/BiasAdd,2,10.656,5.328,10.656,5.328,0.00013677270654433913,0.979889894120649,0.0,0.0
492,Device,BiasAdd,model/conv2d_35/BiasAdd,2,10.624,5.312,10.624,5.312,0.00013636197769585761,0.9800262560983448,0.0,0.0
493,Device,Mul,gradient_tape/conv2d_11/kernel/Regularizer/Mul,2,10.496,5.248,10.496,5.248,0.00013471906230193162,0.9801609751606467,0.0,0.0
494,Device,Square,conv2d_11/kernel/Regularizer/Square,2,10.24,5.12,10.24,5.12,0.00013143323151407964,0.9802924083921608,0.0,0.0
495,Device,Square,conv2d_15/kernel/Regularizer/Square,2,10.208,5.104,10.208,5.104,0.00013102250266559814,0.9804234308948264,0.0,0.0
496,Device,Mul,gradient_tape/conv2d_15/kernel/Regularizer/Mul_1,2,10.208,5.104,10.208,5.104,0.00013102250266559814,0.980554453397492,0.0,0.0
497,Device,Mul,gradient_tape/conv2d_8/kernel/Regularizer/Mul,2,10.208,5.104,10.208,5.104,0.00013102250266559814,0.9806854759001576,0.0,0.0
498,Device,_Recv,IteratorGetNext/_4,2,10.176,5.088,10.176,5.088,0.00013061177381711663,0.9808160876739748,0.0,0.0
499,Device,ResourceApplyGradientDescent,SGD/SGD/update_28/ResourceApplyGradientDescent,2,10.112,5.056,10.112,5.056,0.00012979031612015364,0.9809458779900949,0.0,0.0
500,Device,Square,conv2d_14/kernel/Regularizer/Square,2,10.048,5.024,10.048,5.024,0.00012896885842319063,0.9810748468485181,0.0,0.0
501,Host,IDLE,IDLE,0,194988.254,0.0,194988.254,0.0,0.0,0.0,0.984039050515488,0.984039050515488
502,Host,GatherV2,GatherV2,2,2831.993,1415.9965,2831.993,1415.9965,0.0,0.0,0.01429210039896305,0.998331150914451
503,Host,GatherV2,GatherV2_1,2,47.238,23.619,47.238,23.619,0.0,0.0,0.00023839403510044572,0.9985695449495514
504,Host,Dataset,Iterator::Root::ParallelMapV2::Zip[0]::FlatMap,2,59.293,29.6465,37.787,18.8935,0.0,0.0,0.00019069806944283294,0.9987602430189942
505,Host,FlushSummaryWriter,FlushSummaryWriter,1,37.178,37.178,37.178,37.178,0.0,0.0,0.00018762465466286402,0.9989478676736571
506,Host,LogicalAnd,LogicalAnd,1,33.931,33.931,33.931,33.931,0.0,0.0,0.00017123815582779166,0.9991191058294848
507,Host,Dataset,Iterator::Root::ParallelMapV2::Zip[1]::ForeverRepeat,2,36.744,18.372,33.433,16.7165,0.0,0.0,0.00016872492009638854,0.9992878307495812
508,Host,Dataset,Iterator::Root::ParallelMapV2,2,33.196,16.598,33.196,16.598,0.0,0.0,0.0001675288621278292,0.999455359611709
509,Host,Dataset,Iterator::Root,2,61.717,30.8585,28.521,14.2605,0.0,0.0,0.00014393573553282978,0.9995992953472418
510,Host,WriteSummary,WriteSummary,1,22.478,22.478,22.478,22.478,0.0,0.0,0.00011343878066361445,0.9997127341279054
511,Host,Dataset,Iterator::Root::ParallelMapV2::Zip[0]::FlatMap[1]::TensorSlice,2,21.506,10.753,21.506,10.753,0.0,0.0,0.00010853342899509264,0.9998212675569005
512,Host,IteratorGetNext,IteratorGetNext,2,13.419,6.7095,13.419,6.7095,0.0,0.0,6.772110497931498e-05,0.9998889886618798
513,Host,Dataset,Iterator::Root::ParallelMapV2::Zip,2,105.69,52.845,9.653,4.8265,0.0,0.0,4.8715390592840566e-05,0.9999377040524726
514,Host,ReadVariableOp,ReadVariableOp,1,6.598,6.598,6.598,6.598,0.0,0.0,3.329785011204413e-05,0.9999710019025847
515,Host,Dataset,Iterator::Root::ParallelMapV2::Zip[1]::ForeverRepeat::FromTensor,4,3.311,0.82775,3.311,0.82775,0.0,0.0,1.670948495316431e-05,0.9999877113875378
516,Host,Identity,Identity,2,2.435,1.2175,2.435,1.2175,0.0,0.0,1.228861246178046e-05,0.9999999999999997
