Rank,Host/device,Type,Operation,#Occurrences,Total time (us),Avg. time (us),Total self-time (us),Avg. self-time (us),Total self-time on Device (%),Cumulative total-self time on Device (%),Total self-time on Host (%),Cumulative total-self time on Host (%)
1,Device,DepthwiseConv2dNativeBackpropFilter,gradient_tape/efficientnetb0/block1a_dwconv/depthwise/DepthwiseConv2dNativeBackpropFilter,2,173498.51,86749.255,173498.51,86749.255,0.24355515792038687,0.24355515792038687,0.0,0.0
2,Device,DepthwiseConv2dNativeBackpropFilter,gradient_tape/efficientnetb0/block2b_dwconv/depthwise/DepthwiseConv2dNativeBackpropFilter,2,72654.625,36327.3125,72654.625,36327.3125,0.10199170393752366,0.3455468618579105,0.0,0.0
3,Device,DepthwiseConv2dNativeBackpropFilter,gradient_tape/efficientnetb0/block2a_dwconv/depthwise/DepthwiseConv2dNativeBackpropFilter,2,45080.216,22540.108,45080.216,22540.108,0.06328307445963167,0.40882993631754216,0.0,0.0
4,Device,DepthwiseConv2dNativeBackpropFilter,gradient_tape/efficientnetb0/block3a_dwconv/depthwise/DepthwiseConv2dNativeBackpropFilter,2,34070.65,17035.325,34070.65,17035.325,0.047827975820658224,0.4566579121382004,0.0,0.0
5,Device,IDLE,IDLE,0,12195.196,0.0,12195.196,0.0,0.01711947202111459,0.473777384159315,0.0,0.0
6,Device,_Recv,IteratorGetNext/_4,2,7452.564,3726.282,7452.564,3726.282,0.010461821268273658,0.48423920542758864,0.0,0.0
7,Device,FusedBatchNormGradV3,gradient_tape/efficientnetb0/block2a_expand_bn/FusedBatchNormGradV3,2,6383.889,3191.9445,6383.889,3191.9445,0.00896162793295009,0.4932008333605387,0.0,0.0
8,Device,DepthwiseConv2dNativeBackpropFilter,gradient_tape/efficientnetb0/block4a_dwconv/depthwise/DepthwiseConv2dNativeBackpropFilter,2,5175.886,2587.943,5175.886,2587.943,0.007265847597814641,0.5004666809583533,0.0,0.0
9,Device,DepthwiseConv2dNativeBackpropInput,gradient_tape/efficientnetb0/block2a_dwconv/depthwise/DepthwiseConv2dNativeBackpropInput,2,4325.163,2162.5815,4325.163,2162.5815,0.006071612704318983,0.5065382936626723,0.0,0.0
10,Device,FusedBatchNormV3,efficientnetb0/block2a_expand_bn/FusedBatchNormV3,4,3936.426,984.1065,3936.426,984.1065,0.005525908297840234,0.5120642019605126,0.0,0.0
11,Device,Mul,SGD/gradients/mul_137,2,3766.57,1883.285,3766.57,1883.285,0.005287466452410407,0.517351668412923,0.0,0.0
12,Device,Mul,SGD/gradients/mul_136,2,3754.538,1877.269,3754.538,1877.269,0.005270576073005431,0.5226222444859284,0.0,0.0
13,Device,Mul,SGD/gradients/mul_135,2,3750.474,1875.237,3750.474,1875.237,0.005264871077834069,0.5278871155637624,0.0,0.0
14,Device,Mul,efficientnetb0/block2a_expand_activation/mul,2,3748.042,1874.021,3748.042,1874.021,0.005261457064975616,0.533148572628738,0.0,0.0
15,Device,Conv2DBackpropFilter,gradient_tape/efficientnetb0/block2a_expand_conv/Conv2D/Conv2DBackpropFilter,2,3644.042,1822.021,3644.042,1822.021,0.0051154630940549424,0.538264035722793,0.0,0.0
16,Device,DepthwiseConv2dNativeBackpropFilter,gradient_tape/efficientnetb0/block6a_dwconv/depthwise/DepthwiseConv2dNativeBackpropFilter,2,3346.376,1673.188,3346.376,1673.188,0.004697603081092699,0.5429616388038857,0.0,0.0
17,Device,Slice,gradient_tape/efficientnetb0/block2a_dwconv_pad/Slice_1,2,3007.081,1503.5405,3007.081,1503.5405,0.004221304769904911,0.5471829435737906,0.0,0.0
18,Device,FusedBatchNormGradV3,gradient_tape/efficientnetb0/block1a_bn/FusedBatchNormGradV3,2,2758.056,1379.028,2758.056,1379.028,0.003871726417899903,0.5510546699916905,0.0,0.0
19,Device,Pad,efficientnetb0/block2a_dwconv_pad/Pad,2,2729.926,1364.963,2729.926,1364.963,0.0038322378563422246,0.5548869078480327,0.0,0.0
20,Device,FusedBatchNormGradV3,gradient_tape/efficientnetb0/stem_bn/FusedBatchNormGradV3,2,2673.287,1336.6435,2673.287,1336.6435,0.003752728697505916,0.5586396365455386,0.0,0.0
21,Device,Sigmoid,SGD/gradients/Sigmoid_45,2,2640.071,1320.0355,2640.071,1320.0355,0.0037061004692549443,0.5623457370147935,0.0,0.0
22,Device,Sigmoid,efficientnetb0/block2a_expand_activation/Sigmoid,2,2611.368,1305.684,2611.368,1305.684,0.00366580753706902,0.5660115445518625,0.0,0.0
23,Device,AddV2,SGD/gradients/add_45,2,2524.071,1262.0355,2524.071,1262.0355,0.0035432610401511157,0.5695548055920137,0.0,0.0
24,Device,Sub,SGD/gradients/sub_45,2,2518.342,1259.171,2518.342,1259.171,0.0035352187376568416,0.5730900243296705,0.0,0.0
25,Device,FusedBatchNormGradV3,gradient_tape/efficientnetb0/block2b_bn/FusedBatchNormGradV3,2,2431.527,1215.7635,2431.527,1215.7635,0.003413348866642627,0.5765033731963131,0.0,0.0
26,Device,FusedBatchNormGradV3,gradient_tape/efficientnetb0/block3a_expand_bn/FusedBatchNormGradV3,2,2424.71,1212.355,2424.71,1212.355,0.0034037792426064133,0.5799071524389194,0.0,0.0
27,Device,FusedBatchNormGradV3,gradient_tape/efficientnetb0/block2b_expand_bn/FusedBatchNormGradV3,2,2415.367,1207.6835,2415.367,1207.6835,0.0033906636496226455,0.583297816088542,0.0,0.0
28,Device,DepthwiseConv2dNativeBackpropInput,gradient_tape/efficientnetb0/block3a_dwconv/depthwise/DepthwiseConv2dNativeBackpropInput,2,2255.398,1127.699,2255.398,1127.699,0.0031661010579475566,0.5864639171464896,0.0,0.0
29,Device,FusedBatchNormGradV3,gradient_tape/efficientnetb0/block1a_project_bn/FusedBatchNormGradV3,2,2173.381,1086.6905,2173.381,1086.6905,0.0030509665626302397,0.5895148837091199,0.0,0.0
30,Device,DepthwiseConv2dNativeBackpropInput,gradient_tape/efficientnetb0/block2b_dwconv/depthwise/DepthwiseConv2dNativeBackpropInput,2,2130.598,1065.299,2130.598,1065.299,0.0029909082928427475,0.5925057920019626,0.0,0.0
31,Device,DepthwiseConv2dNativeBackpropInput,gradient_tape/efficientnetb0/block1a_dwconv/depthwise/DepthwiseConv2dNativeBackpropInput,2,2075.045,1037.5225,2075.045,1037.5225,0.002912923647972015,0.5954187156499346,0.0,0.0
32,Device,DepthwiseConv2dNativeBackpropFilter,gradient_tape/efficientnetb0/block3b_dwconv/depthwise/DepthwiseConv2dNativeBackpropFilter,2,2064.548,1032.274,2064.548,1032.274,0.0028981880834263,0.598316903733361,0.0,0.0
33,Device,DepthwiseConv2dNativeBackpropInput,gradient_tape/efficientnetb0/block3b_dwconv/depthwise/DepthwiseConv2dNativeBackpropInput,2,1871.557,935.7785,1871.557,935.7785,0.002627269598407534,0.6009441733317685,0.0,0.0
34,Device,Conv2DBackpropInput,gradient_tape/efficientnetb0/block2a_expand_conv/Conv2D/Conv2DBackpropInput,2,1857.637,928.8185,1857.637,928.8185,0.002607728866915074,0.6035519021986836,0.0,0.0
35,Device,Conv2D,efficientnetb0/block2a_expand_conv/Conv2D,2,1757.7,878.85,1757.7,878.85,0.0024674384873775803,0.6060193406860612,0.0,0.0
36,Device,Conv2DBackpropFilter,gradient_tape/efficientnetb0/block1a_project_conv/Conv2D/Conv2DBackpropFilter,2,1696.613,848.3065,1696.613,848.3065,0.0023816852787080494,0.6084010259647693,0.0,0.0
37,Device,DepthwiseConv2dNative,efficientnetb0/block2a_dwconv/depthwise,2,1681.638,840.819,1681.638,840.819,0.0023606635506836543,0.610761689515453,0.0,0.0
38,Device,FusedBatchNormGradV3,gradient_tape/efficientnetb0/block2a_bn/FusedBatchNormGradV3,2,1593.06,796.53,1593.06,796.53,0.002236318801104698,0.6129980083165577,0.0,0.0
39,Device,FusedBatchNormV3,efficientnetb0/stem_bn/FusedBatchNormV3,4,1558.244,389.561,1558.244,389.561,0.0021874445117626385,0.6151854528283204,0.0,0.0
40,Device,FusedBatchNormV3,efficientnetb0/block1a_bn/FusedBatchNormV3,4,1556.452,389.113,1556.452,389.113,0.002184928923340621,0.617370381751661,0.0,0.0
41,Device,DepthwiseConv2dNativeBackpropFilter,gradient_tape/efficientnetb0/block5b_dwconv/depthwise/DepthwiseConv2dNativeBackpropFilter,2,1547.428,773.714,1547.428,773.714,0.0021722611387868886,0.6195426428904479,0.0,0.0
42,Device,Conv2DBackpropFilter,gradient_tape/efficientnetb0/stem_conv/Conv2D/Conv2DBackpropFilter,2,1543.428,771.714,1543.428,771.714,0.0021666459860591705,0.6217092888765071,0.0,0.0
43,Device,DepthwiseConv2dNativeBackpropFilter,gradient_tape/efficientnetb0/block5c_dwconv/depthwise/DepthwiseConv2dNativeBackpropFilter,2,1540.196,770.098,1540.196,770.098,0.002162108942655174,0.6238713978191623,0.0,0.0
44,Device,DepthwiseConv2dNative,efficientnetb0/block2b_dwconv/depthwise,2,1478.596,739.298,1478.596,739.298,0.0020756355906483134,0.6259470334098106,0.0,0.0
45,Device,Conv2DBackpropFilter,gradient_tape/efficientnetb0/block3a_expand_conv/Conv2D/Conv2DBackpropFilter,2,1473.764,736.882,1473.764,736.882,0.0020688524861532296,0.6280158858959638,0.0,0.0
46,Device,FusedBatchNormV3,efficientnetb0/block3a_expand_bn/FusedBatchNormV3,4,1470.276,367.569,1470.276,367.569,0.0020639560729746598,0.6300798419689384,0.0,0.0
47,Device,FusedBatchNormV3,efficientnetb0/block2b_expand_bn/FusedBatchNormV3,4,1469.667,367.41675,1469.667,367.41675,0.002063101165971864,0.6321429431349103,0.0,0.0
48,Device,AddN,SGD/gradients/AddN_21,2,1467.044,733.522,1467.044,733.522,0.0020594190295706635,0.6342023621644809,0.0,0.0
49,Device,FusedBatchNormV3,efficientnetb0/block2b_bn/FusedBatchNormV3,4,1466.468,366.617,1466.468,366.617,0.002058610447577872,0.6362609726120587,0.0,0.0
50,Device,Conv2DBackpropFilter,gradient_tape/efficientnetb0/block2b_project_conv/Conv2D/Conv2DBackpropFilter,2,1460.676,730.338,1460.676,730.338,0.0020504797064281356,0.6383114523184868,0.0,0.0
51,Device,Conv2DBackpropFilter,gradient_tape/efficientnetb0/block2b_expand_conv/Conv2D/Conv2DBackpropFilter,2,1452.708,726.354,1452.708,726.354,0.002039294322194521,0.6403507466406814,0.0,0.0
52,Device,Mul,SGD/gradients/mul_118,2,1418.5,709.25,1418.5,709.25,0.001991273536067075,0.6423420201767485,0.0,0.0
53,Device,Mul,efficientnetb0/block2b_expand_activation/mul,2,1417.444,708.722,1417.444,708.722,0.0019897911357469574,0.6443318113124954,0.0,0.0
54,Device,Mul,SGD/gradients/mul_126,2,1416.868,708.434,1416.868,708.434,0.0019889825537541656,0.6463207938662495,0.0,0.0
55,Device,Mul,SGD/gradients/mul_127,2,1415.62,707.81,1415.62,707.81,0.0019872306261031177,0.6483080244923526,0.0,0.0
56,Device,Mul,SGD/gradients/mul_123,2,1413.924,706.962,1413.924,706.962,0.0019848498013465654,0.6502928742936992,0.0,0.0
57,Device,Mul,SGD/gradients/mul_119,2,1412.164,706.082,1412.164,706.082,0.001982379134146369,0.6522752534278455,0.0,0.0
58,Device,Mul,SGD/gradients/mul_125,2,1411.524,705.762,1411.524,705.762,0.0019814807097099344,0.6542567341375555,0.0,0.0
59,Device,Mul,SGD/gradients/mul_117,2,1411.204,705.602,1411.204,705.602,0.001981031497491717,0.6562377656350472,0.0,0.0
60,Device,Mul,efficientnetb0/block2b_activation/mul,2,1410.756,705.378,1410.756,705.378,0.0019804026003862126,0.6582181682354334,0.0,0.0
61,Device,Mul,SGD/gradients/mul_124,2,1409.027,704.5135,1409.027,704.5135,0.0019779754506196565,0.6601961436860531,0.0,0.0
62,Device,Mul,gradient_tape/efficientnetb0/block2b_se_excite/mul/Mul_1,2,1408.259,704.1295,1408.259,704.1295,0.0019768973412959343,0.662173041027349,0.0,0.0
63,Device,Mul,SGD/gradients/mul_128,2,1406.403,703.2015,1406.403,703.2015,0.0019742919104302733,0.6641473329377793,0.0,0.0
64,Device,Mul,efficientnetb0/block3a_expand_activation/mul,2,1399.556,699.778,1399.556,699.778,0.0019646801727486013,0.6661120131105279,0.0,0.0
65,Device,AddN,SGD/gradients/AddN_24,2,1306.308,653.154,1306.308,653.154,0.0018337797323600342,0.6679457928428879,0.0,0.0
66,Device,DepthwiseConv2dNativeBackpropInput,gradient_tape/efficientnetb0/block5b_dwconv/depthwise/DepthwiseConv2dNativeBackpropInput,2,1305.668,652.834,1305.668,652.834,0.0018328813079235991,0.6697786741508115,0.0,0.0
67,Device,DepthwiseConv2dNative,efficientnetb0/block3a_dwconv/depthwise,2,1298.436,649.218,1298.436,649.218,0.0018227291117918847,0.6716014032626034,0.0,0.0
68,Device,DepthwiseConv2dNativeBackpropInput,gradient_tape/efficientnetb0/block5c_dwconv/depthwise/DepthwiseConv2dNativeBackpropInput,2,1298.404,649.202,1298.404,649.202,0.001822684190570063,0.6734240874531735,0.0,0.0
69,Device,Mul,SGD/gradients/mul_145,2,1263.779,631.8895,1263.779,631.8895,0.0017740780247707522,0.6751981654779442,0.0,0.0
70,Device,Mul,SGD/gradients/mul_142,2,1256.291,628.1455,1256.291,628.1455,0.0017635664588644634,0.6769617319368086,0.0,0.0
71,Device,Mul,efficientnetb0/stem_activation/mul,2,1255.588,627.794,1255.588,627.794,0.0017625795957725671,0.6787243115325812,0.0,0.0
72,Device,Mul,gradient_tape/efficientnetb0/block1a_se_excite/mul/Mul_1,2,1252.994,626.497,1252.994,626.497,0.0017589381692286418,0.6804832497018098,0.0,0.0
73,Device,Mul,SGD/gradients/mul_141,2,1252.516,626.258,1252.516,626.258,0.0017582671584776795,0.6822415168602876,0.0,0.0
74,Device,Mul,SGD/gradients/mul_143,2,1252.163,626.0815,1252.163,626.0815,0.0017577716212494583,0.683999288481537,0.0,0.0
75,Device,Mul,SGD/gradients/mul_144,2,1250.115,625.0575,1250.115,625.0575,0.0017548966630528667,0.6857541851445899,0.0,0.0
76,Device,Mul,SGD/gradients/mul_146,2,1249.956,624.978,1249.956,624.978,0.0017546734607319398,0.6875088586053218,0.0,0.0
77,Device,Mul,efficientnetb0/block1a_activation/mul,2,1246.339,623.1695,1246.339,623.1695,0.0017495959588779005,0.6892584545641998,0.0,0.0
78,Device,FusedBatchNormV3,efficientnetb0/block1a_project_bn/FusedBatchNormV3,4,1239.876,309.969,1239.876,309.969,0.00174052327585809,0.6909989778400578,0.0,0.0
79,Device,DepthwiseConv2dNative,efficientnetb0/block1a_dwconv/depthwise,2,1170.37,585.185,1170.37,585.185,0.001642951574484894,0.6926419294145427,0.0,0.0
80,Device,Conv2DBackpropFilter,gradient_tape/efficientnetb0/block2a_project_conv/Conv2D/Conv2DBackpropFilter,2,1149.986,574.993,1149.986,574.993,0.0016143367561844424,0.6942562661707272,0.0,0.0
81,Device,FusedBatchNormGradV3,gradient_tape/efficientnetb0/block3b_bn/FusedBatchNormGradV3,2,1134.052,567.026,1134.052,567.026,0.0015919687952935765,0.6958482349660208,0.0,0.0
82,Device,FusedBatchNormGradV3,gradient_tape/efficientnetb0/block4a_expand_bn/FusedBatchNormGradV3,2,1133.922,566.961,1133.922,566.961,0.0015917863028299258,0.6974400212688507,0.0,0.0
83,Device,FusedBatchNormGradV3,gradient_tape/efficientnetb0/block3b_expand_bn/FusedBatchNormGradV3,2,1131.396,565.698,1131.396,565.698,0.0015882403338823717,0.6990282616027331,0.0,0.0
84,Device,Slice,gradient_tape/efficientnetb0/block3a_dwconv_pad/Slice_1,2,1127.715,563.8575,1127.715,563.8575,0.001583072989584689,0.7006113345923178,0.0,0.0
85,Device,DepthwiseConv2dNativeBackpropFilter,gradient_tape/efficientnetb0/block5a_dwconv/depthwise/DepthwiseConv2dNativeBackpropFilter,2,1120.483,560.2415,1120.483,560.2415,0.0015729207934529743,0.7021842553857708,0.0,0.0
86,Device,Pad,efficientnetb0/block3a_dwconv_pad/Pad,2,1081.059,540.5295,1081.059,540.5295,0.0015175778481685835,0.7037018332339394,0.0,0.0
87,Device,Mul,gradient_tape/efficientnetb0/block2b_se_excite/mul/Mul,2,1039.044,519.522,1039.044,519.522,0.0014585976877048135,0.7051604309216443,0.0,0.0
88,Device,Mul,efficientnetb0/block2b_se_excite/mul,2,1004.386,502.193,1004.386,502.193,0.0014099451968954987,0.7065703761185398,0.0,0.0
89,Device,Sigmoid,SGD/gradients/Sigmoid_41,2,989.698,494.849,989.698,494.849,0.0013893263560793175,0.7079597024746191,0.0,0.0
90,Device,Sigmoid,SGD/gradients/Sigmoid_39,2,988.483,494.2415,988.483,494.2415,0.0013876207534382731,0.7093473232280574,0.0,0.0
91,Device,Transpose,SGD/gradients/AddN_21-1-TransposeNHWCToNCHW-LayoutOptimizer,2,987.587,493.7935,987.587,493.7935,0.0013863629592272642,0.7107336861872846,0.0,0.0
92,Device,Sigmoid,efficientnetb0/block3a_expand_activation/Sigmoid,2,987.331,493.6655,987.331,493.6655,0.0013860035894526902,0.7121196897767373,0.0,0.0
93,Device,Transpose,efficientnetb0/block2b_activation/mul-0-3-TransposeNCHWToNHWC-LayoutOptimizer,2,987.042,493.521,987.042,493.521,0.0013855978946681127,0.7135052876714054,0.0,0.0
94,Device,FusedBatchNormV3,efficientnetb0/block2a_bn/FusedBatchNormV3,4,985.25,246.3125,985.25,246.3125,0.0013830823062460948,0.7148883699776515,0.0,0.0
95,Device,Sigmoid,SGD/gradients/Sigmoid_42,2,983.554,491.777,983.554,491.777,0.0013807014814895423,0.716269071459141,0.0,0.0
96,Device,Sigmoid,efficientnetb0/block2b_activation/Sigmoid,2,982.754,491.377,982.754,491.377,0.0013795784509439987,0.717648649910085,0.0,0.0
97,Device,Sigmoid,efficientnetb0/block2b_expand_activation/Sigmoid,2,980.9,490.45,980.9,490.45,0.0013769758276547012,0.7190256257377398,0.0,0.0
98,Device,AddN,SGD/gradients/AddN_23,2,980.355,490.1775,980.355,490.1775,0.0013762107630955497,0.7204018365008353,0.0,0.0
99,Device,RealDiv,gradient_tape/efficientnetb0/block2b_se_squeeze/truediv,2,965.059,482.5295,965.059,482.5295,0.0013547384190647552,0.7217565749199001,0.0,0.0
100,Device,AddV2,SGD/gradients/add_41,2,956.643,478.3215,956.643,478.3215,0.0013429241377256361,0.7230994990576257,0.0,0.0
101,Device,AddV2,SGD/gradients/add_42,2,949.187,474.5935,949.187,474.5935,0.0013324574930411693,0.7244319565506668,0.0,0.0
102,Device,Sub,SGD/gradients/sub_39,2,949.186,474.593,949.186,474.593,0.0013324560892529875,0.7257644126399199,0.0,0.0
103,Device,Sub,SGD/gradients/sub_41,2,948.386,474.193,948.386,474.193,0.0013313330587074437,0.7270957456986273,0.0,0.0
104,Device,Sub,SGD/gradients/sub_42,2,948.099,474.0495,948.099,474.0495,0.00133093017149923,0.7284266758701265,0.0,0.0
105,Device,AddV2,SGD/gradients/add_39,2,948.034,474.017,948.034,474.017,0.0013308389252674046,0.729757514795394,0.0,0.0
106,Device,Mul,gradient_tape/efficientnetb0/block2a_se_excite/mul/Mul_1,2,947.266,473.633,947.266,473.633,0.0013297608159436826,0.7310872756113377,0.0,0.0
107,Device,Mul,efficientnetb0/block2a_activation/mul,2,946.658,473.329,946.658,473.329,0.0013289073127290695,0.7324161829240667,0.0,0.0
108,Device,Mul,SGD/gradients/mul_132,2,942.691,471.3455,942.691,471.3455,0.001323338485011355,0.733739521409078,0.0,0.0
109,Device,DepthwiseConv2dNativeBackpropInput,gradient_tape/efficientnetb0/block5a_dwconv/depthwise/DepthwiseConv2dNativeBackpropInput,2,941.731,470.8655,941.731,470.8655,0.0013219908483567025,0.7350615122574348,0.0,0.0
110,Device,Mul,SGD/gradients/mul_134,2,939.874,469.937,939.874,469.937,0.0013193840137028594,0.7363808962711377,0.0,0.0
111,Device,Mul,SGD/gradients/mul_133,2,939.684,469.842,939.684,469.842,0.0013191172939482926,0.737700013565086,0.0,0.0
112,Device,DepthwiseConv2dNativeBackpropInput,gradient_tape/efficientnetb0/block6a_dwconv/depthwise/DepthwiseConv2dNativeBackpropInput,2,905.891,452.9455,905.891,452.9455,0.0012716790799163471,0.7389716926450023,0.0,0.0
113,Device,Mul,gradient_tape/efficientnetb0/block1a_se_excite/mul/Mul,2,892.675,446.3375,892.675,446.3375,0.0012531266153039662,0.7402248192603063,0.0,0.0
114,Device,DepthwiseConv2dNativeBackpropInput,gradient_tape/efficientnetb0/block4a_dwconv/depthwise/DepthwiseConv2dNativeBackpropInput,2,874.018,437.009,874.018,437.009,0.0012269361391937066,0.7414517553994999,0.0,0.0
115,Device,Mul,efficientnetb0/block1a_se_excite/mul,2,872.066,436.033,872.066,436.033,0.0012241959446625801,0.7426759513441625,0.0,0.0
116,Device,Sigmoid,SGD/gradients/Sigmoid_47,2,871.842,435.921,871.842,435.921,0.0012238814961098277,0.7438998328402724,0.0,0.0
117,Device,Sigmoid,efficientnetb0/block1a_activation/Sigmoid,2,871.747,435.8735,871.747,435.8735,0.0012237481362325443,0.7451235809765049,0.0,0.0
118,Device,Sigmoid,efficientnetb0/stem_activation/Sigmoid,2,869.026,434.513,869.026,434.513,0.001219928428589514,0.7463435094050944,0.0,0.0
119,Device,Transpose,efficientnetb0/block1a_activation/mul-0-3-TransposeNCHWToNHWC-LayoutOptimizer,2,865.634,432.817,865.634,432.817,0.0012151667790764092,0.7475586761841708,0.0,0.0
120,Device,Transpose,SGD/gradients/AddN_24-1-TransposeNHWCToNCHW-LayoutOptimizer,2,860.994,430.497,860.994,430.497,0.001208653201912256,0.748767329386083,0.0,0.0
121,Device,Sigmoid,SGD/gradients/Sigmoid_48,2,856.771,428.3855,856.771,428.3855,0.0012027250044199674,0.749970054390503,0.0,0.0
122,Device,RealDiv,gradient_tape/efficientnetb0/block1a_se_squeeze/truediv,2,850.882,425.441,850.882,425.441,0.0011944580958165843,0.7511645124863195,0.0,0.0
123,Device,Sub,SGD/gradients/sub_47,2,845.154,422.577,845.154,422.577,0.0011864171971104917,0.7523509296834301,0.0,0.0
124,Device,AddV2,SGD/gradients/add_47,2,843.426,421.713,843.426,421.713,0.0011839914511321177,0.7535349211345622,0.0,0.0
125,Device,Sub,SGD/gradients/sub_48,2,843.234,421.617,843.234,421.617,0.001183721923801187,0.7547186430583634,0.0,0.0
126,Device,AddV2,SGD/gradients/add_48,2,841.89,420.945,841.89,420.945,0.0011818352324846737,0.7559004782908482,0.0,0.0
127,Device,Conv2DBackpropInput,gradient_tape/efficientnetb0/block2b_project_conv/Conv2D/Conv2DBackpropInput,2,784.546,392.273,784.546,392.273,0.0011013364029801053,0.7570018146938283,0.0,0.0
128,Device,DepthwiseConv2dNative,efficientnetb0/block3b_dwconv/depthwise,2,776.866,388.433,776.866,388.433,0.0010905553097428863,0.7580923700035712,0.0,0.0
129,Device,Conv2D,efficientnetb0/block2b_expand_conv/Conv2D,2,770.915,385.4575,770.915,385.4575,0.0010822013662722234,0.7591745713698435,0.0,0.0
130,Device,Conv2D,efficientnetb0/block3a_expand_conv/Conv2D,2,767.874,383.937,767.874,383.937,0.0010779324464109759,0.7602525038162544,0.0,0.0
131,Device,FusedBatchNormGradV3,gradient_tape/efficientnetb0/block5b_expand_bn/FusedBatchNormGradV3,2,767.202,383.601,767.202,383.601,0.001076989100752719,0.7613294929170071,0.0,0.0
132,Device,FusedBatchNormGradV3,gradient_tape/efficientnetb0/block5c_bn/FusedBatchNormGradV3,2,766.978,383.489,766.978,383.489,0.0010766746521999667,0.7624061675692071,0.0,0.0
133,Device,FusedBatchNormGradV3,gradient_tape/efficientnetb0/block5b_bn/FusedBatchNormGradV3,2,766.53,383.265,766.53,383.265,0.0010760457550944623,0.7634822133243016,0.0,0.0
134,Device,FusedBatchNormGradV3,gradient_tape/efficientnetb0/block6a_expand_bn/FusedBatchNormGradV3,2,764.066,382.033,764.066,382.033,0.001072586821014188,0.7645548001453157,0.0,0.0
135,Device,FusedBatchNormGradV3,gradient_tape/efficientnetb0/block5c_expand_bn/FusedBatchNormGradV3,2,763.938,381.969,763.938,381.969,0.001072407136126901,0.7656272072814426,0.0,0.0
136,Device,Conv2DBackpropFilter,gradient_tape/efficientnetb0/block3b_project_conv/Conv2D/Conv2DBackpropFilter,2,763.17,381.585,763.17,381.585,0.001071329026803179,0.7666985363082458,0.0,0.0
137,Device,Conv2DBackpropInput,gradient_tape/efficientnetb0/block3a_expand_conv/Conv2D/Conv2DBackpropInput,2,737.218,368.609,737.218,368.609,0.0010348979159057433,0.7677334342241515,0.0,0.0
138,Device,Conv2DBackpropInput,gradient_tape/efficientnetb0/block2b_expand_conv/Conv2D/Conv2DBackpropInput,2,732.034,366.017,732.034,366.017,0.0010276206779706205,0.7687610549021221,0.0,0.0
139,Device,Conv2DBackpropFilter,gradient_tape/efficientnetb0/block4a_expand_conv/Conv2D/Conv2DBackpropFilter,2,689.89,344.945,689.89,344.945,0.0009684594288313813,0.7697295143309535,0.0,0.0
140,Device,Conv2DBackpropFilter,gradient_tape/efficientnetb0/block3b_expand_conv/Conv2D/Conv2DBackpropFilter,2,689.632,344.816,689.632,344.816,0.0009680972514804434,0.7706976115824339,0.0,0.0
141,Device,Mul,gradient_tape/efficientnetb0/block2a_se_excite/mul/Mul,2,681.026,340.513,681.026,340.513,0.0009560162503867576,0.7716536278328207,0.0,0.0
142,Device,FusedBatchNormV3,efficientnetb0/block3b_expand_bn/FusedBatchNormV3,4,673.634,168.4085,673.634,168.4085,0.0009456394481459344,0.7725992672809666,0.0,0.0
143,Device,FusedBatchNormV3,efficientnetb0/block3b_bn/FusedBatchNormV3,4,672.61,168.1525,672.61,168.1525,0.0009442019690476386,0.7735434692500143,0.0,0.0
144,Device,FusedBatchNormV3,efficientnetb0/block4a_expand_bn/FusedBatchNormV3,4,672.386,168.0965,672.386,168.0965,0.0009438875204948863,0.7744873567705092,0.0,0.0
145,Device,Conv2D,efficientnetb0/stem_conv/Conv2D,2,668.706,334.353,668.706,334.353,0.0009387215799853856,0.7754260783504946,0.0,0.0
146,Device,Mul,efficientnetb0/block2a_se_excite/mul,2,666.785,333.3925,666.785,333.3925,0.0009360249028878988,0.7763621032533825,0.0,0.0
147,Device,Conv2DBackpropInput,gradient_tape/efficientnetb0/block1a_project_conv/Conv2D/Conv2DBackpropInput,2,662.146,331.073,662.146,331.073,0.0009295127295119276,0.7772916159828944,0.0,0.0
148,Device,Transpose,efficientnetb0/block2a_activation/mul-0-3-TransposeNCHWToNHWC-LayoutOptimizer,2,653.922,326.961,653.922,326.961,0.000917967975503739,0.7782095839583981,0.0,0.0
149,Device,Sigmoid,SGD/gradients/Sigmoid_44,2,653.601,326.8005,653.601,326.8005,0.0009175173594973396,0.7791271013178954,0.0,0.0
150,Device,Transpose,SGD/gradients/AddN_23-1-TransposeNHWCToNCHW-LayoutOptimizer,2,650.946,325.473,650.946,325.473,0.0009137903018743167,0.7800408916197697,0.0,0.0
151,Device,Sigmoid,efficientnetb0/block2a_activation/Sigmoid,2,650.818,325.409,650.818,325.409,0.0009136106169870296,0.7809545022367568,0.0,0.0
152,Device,Conv2D,efficientnetb0/block1a_project_conv/Conv2D,2,649.73,324.865,649.73,324.865,0.0009120832954450903,0.7818665855322019,0.0,0.0
153,Device,FusedBatchNormGradV3,gradient_tape/efficientnetb0/block3a_bn/FusedBatchNormGradV3,2,647.106,323.553,647.106,323.553,0.0009083997552557071,0.7827749852874576,0.0,0.0
154,Device,RealDiv,gradient_tape/efficientnetb0/block2a_se_squeeze/truediv,2,639.778,319.889,639.778,319.889,0.0008981127954585273,0.7836730980829161,0.0,0.0
155,Device,AddV2,SGD/gradients/add_44,2,633.441,316.7205,633.441,316.7205,0.0008892169897496398,0.7845623150726657,0.0,0.0
156,Device,Sub,SGD/gradients/sub_44,2,633.41,316.705,633.41,316.705,0.0008891734723159999,0.7854514885449817,0.0,0.0
157,Device,FusedBatchNormGradV3,gradient_tape/efficientnetb0/block2b_project_bn/FusedBatchNormGradV3,2,624.289,312.1445,624.289,312.1445,0.0008763695203086204,0.7863278580652904,0.0,0.0
158,Device,AddN,SGD/gradients/AddN_18,2,615.906,307.953,615.906,307.953,0.0008646015639795049,0.7871924596292699,0.0,0.0
159,Device,DepthwiseConv2dNative,efficientnetb0/block5b_dwconv/depthwise,2,609.73,304.865,609.73,304.865,0.0008559317681679081,0.7880483913974378,0.0,0.0
160,Device,DepthwiseConv2dNative,efficientnetb0/block5c_dwconv/depthwise,2,608.418,304.209,608.418,304.209,0.0008540899980732165,0.788902481395511,0.0,0.0
161,Device,FusedBatchNormGradV3,gradient_tape/efficientnetb0/block2a_project_bn/FusedBatchNormGradV3,2,606.434,303.217,606.434,303.217,0.0008513048823202682,0.7897537862778312,0.0,0.0
162,Device,Mul,SGD/gradients/mul_109,2,594.818,297.409,594.818,297.409,0.0008349984787989745,0.7905887847566302,0.0,0.0
163,Device,Mul,efficientnetb0/block3b_activation/mul,2,593.665,296.8325,593.665,296.8325,0.0008333799110252097,0.7914221646676554,0.0,0.0
164,Device,Mul,SGD/gradients/mul_99,2,593.632,296.816,593.632,296.816,0.000833333586015206,0.7922554982536706,0.0,0.0
165,Device,Mul,SGD/gradients/mul_110,2,593.25,296.625,593.25,296.625,0.000832797338929709,0.7930882955926003,0.0,0.0
166,Device,Mul,SGD/gradients/mul_100,2,592.162,296.081,592.162,296.081,0.0008312700173877697,0.7939195656099881,0.0,0.0
167,Device,DepthwiseConv2dNativeBackpropInput,gradient_tape/efficientnetb0/block6d_dwconv/depthwise/DepthwiseConv2dNativeBackpropInput,2,591.746,295.873,591.746,295.873,0.0008306860415040869,0.7947502516514922,0.0,0.0
168,Device,Mul,SGD/gradients/mul_106,2,591.648,295.824,591.648,295.824,0.0008305484702622579,0.7955808001217544,0.0,0.0
169,Device,Mul,SGD/gradients/mul_101,2,590.562,295.281,590.562,295.281,0.0008290239562966824,0.796409824078051,0.0,0.0
170,Device,Mul,SGD/gradients/mul_107,2,590.114,295.057,590.114,295.057,0.0008283950591911779,0.7972382191372422,0.0,0.0
171,Device,Mul,SGD/gradients/mul_105,2,590.082,295.041,590.082,295.041,0.0008283501379693562,0.7980665692752116,0.0,0.0
172,Device,Mul,efficientnetb0/block3b_expand_activation/mul,2,589.825,294.9125,589.825,294.9125,0.0008279893644066003,0.7988945586396182,0.0,0.0
173,Device,Mul,gradient_tape/efficientnetb0/block3b_se_excite/mul/Mul_1,2,589.665,294.8325,589.665,294.8325,0.0008277647582974915,0.7997223233979157,0.0,0.0
174,Device,Mul,SGD/gradients/mul_108,2,589.57,294.785,589.57,294.785,0.0008276313984202083,0.800549954796336,0.0,0.0
175,Device,Mul,efficientnetb0/block4a_expand_activation/mul,2,589.506,294.753,589.506,294.753,0.0008275415559765647,0.8013774963523125,0.0,0.0
176,Device,DepthwiseConv2dNativeBackpropInput,gradient_tape/efficientnetb0/block6c_dwconv/depthwise/DepthwiseConv2dNativeBackpropInput,2,588.833,294.4165,588.833,294.4165,0.0008265968065301261,0.8022040931588426,0.0,0.0
177,Device,DepthwiseConv2dNativeBackpropInput,gradient_tape/efficientnetb0/block6b_dwconv/depthwise/DepthwiseConv2dNativeBackpropInput,2,588.706,294.353,588.706,294.353,0.000826418525431021,0.8030305116842735,0.0,0.0
178,Device,Conv2DBackpropFilter,gradient_tape/efficientnetb0/block5b_project_conv/Conv2D/Conv2DBackpropFilter,2,580.322,290.161,580.322,290.161,0.0008146491653137237,0.8038451608495872,0.0,0.0
179,Device,Conv2DBackpropFilter,gradient_tape/efficientnetb0/block3a_project_conv/Conv2D/Conv2DBackpropFilter,2,577.506,288.753,577.506,288.753,0.00081069609779341,0.8046558569473806,0.0,0.0
180,Device,Conv2D,efficientnetb0/block2b_project_conv/Conv2D,2,576.738,288.369,576.738,288.369,0.0008096179884696883,0.8054654749358503,0.0,0.0
181,Device,Conv2DBackpropFilter,gradient_tape/efficientnetb0/block5c_project_conv/Conv2D/Conv2DBackpropFilter,2,576.673,288.3365,576.673,288.3365,0.0008095267422378627,0.8062750016780882,0.0,0.0
182,Device,FusedBatchNormGradV3,gradient_tape/efficientnetb0/block4b_bn/FusedBatchNormGradV3,2,549.089,274.5445,549.089,274.5445,0.000770804649027518,0.8070458063271158,0.0,0.0
183,Device,FusedBatchNormGradV3,gradient_tape/efficientnetb0/block4c_expand_bn/FusedBatchNormGradV3,2,548.962,274.481,548.962,274.481,0.0007706263679284128,0.8078164326950442,0.0,0.0
184,Device,FusedBatchNormGradV3,gradient_tape/efficientnetb0/block5a_expand_bn/FusedBatchNormGradV3,2,547.361,273.6805,547.361,273.6805,0.0007683789030491436,0.8085848115980934,0.0,0.0
185,Device,FusedBatchNormGradV3,gradient_tape/efficientnetb0/block5a_bn/FusedBatchNormGradV3,2,547.265,273.6325,547.265,273.6325,0.0007682441393836784,0.8093530557374771,0.0,0.0
186,Device,FusedBatchNormGradV3,gradient_tape/efficientnetb0/block4c_bn/FusedBatchNormGradV3,2,546.593,273.2965,546.593,273.2965,0.0007673007937254216,0.8101203565312025,0.0,0.0
187,Device,FusedBatchNormGradV3,gradient_tape/efficientnetb0/block4b_expand_bn/FusedBatchNormGradV3,2,543.617,271.8085,543.617,271.8085,0.0007631231200959993,0.8108834796512985,0.0,0.0
188,Device,DepthwiseConv2dNativeBackpropFilter,gradient_tape/efficientnetb0/block6b_dwconv/depthwise/DepthwiseConv2dNativeBackpropFilter,2,531.456,265.728,531.456,265.728,0.000746051652015554,0.8116295313033141,0.0,0.0
189,Device,DepthwiseConv2dNativeBackpropInput,gradient_tape/efficientnetb0/block4b_dwconv/depthwise/DepthwiseConv2dNativeBackpropInput,2,531.234,265.617,531.234,265.617,0.0007457400110391657,0.8123752713143533,0.0,0.0
190,Device,DepthwiseConv2dNativeBackpropFilter,gradient_tape/efficientnetb0/block6d_dwconv/depthwise/DepthwiseConv2dNativeBackpropFilter,2,530.37,265.185,530.37,265.185,0.0007445271380499785,0.8131197984524032,0.0,0.0
191,Device,DepthwiseConv2dNativeBackpropFilter,gradient_tape/efficientnetb0/block6c_dwconv/depthwise/DepthwiseConv2dNativeBackpropFilter,2,530.274,265.137,530.274,265.137,0.0007443923743845133,0.8138641908267877,0.0,0.0
192,Device,Conv2DBackpropInput,gradient_tape/efficientnetb0/block2a_project_conv/Conv2D/Conv2DBackpropInput,2,528.418,264.209,528.418,264.209,0.000741786943518852,0.8146059777703066,0.0,0.0
193,Device,DepthwiseConv2dNativeBackpropInput,gradient_tape/efficientnetb0/block4c_dwconv/depthwise/DepthwiseConv2dNativeBackpropInput,2,527.426,263.713,527.426,263.713,0.000740394385642378,0.815346372155949,0.0,0.0
194,Device,Conv2DBackpropFilter,gradient_tape/efficientnetb0/block5b_expand_conv/Conv2D/Conv2DBackpropFilter,2,526.626,263.313,526.626,263.313,0.0007392713550968342,0.8160856435110458,0.0,0.0
195,Device,Conv2DBackpropFilter,gradient_tape/efficientnetb0/block6a_expand_conv/Conv2D/Conv2DBackpropFilter,2,526.242,263.121,526.242,263.121,0.0007387323004349732,0.8168243758114808,0.0,0.0
196,Device,Conv2DBackpropFilter,gradient_tape/efficientnetb0/block5c_expand_conv/Conv2D/Conv2DBackpropFilter,2,521.538,260.769,521.538,260.769,0.0007321288808271767,0.817556504692308,0.0,0.0
197,Device,DepthwiseConv2dNativeBackpropFilter,gradient_tape/efficientnetb0/block4c_dwconv/depthwise/DepthwiseConv2dNativeBackpropFilter,2,508.545,254.2725,508.545,254.2725,0.000713889460979366,0.8182703941532874,0.0,0.0
198,Device,DepthwiseConv2dNativeBackpropFilter,gradient_tape/efficientnetb0/block4b_dwconv/depthwise/DepthwiseConv2dNativeBackpropFilter,2,507.393,253.6965,507.393,253.6965,0.0007122722969937831,0.8189826664502812,0.0,0.0
199,Device,Pad,efficientnetb0/block4a_dwconv_pad/Pad,2,503.073,251.5365,503.073,251.5365,0.0007062079320478474,0.8196888743823291,0.0,0.0
200,Device,BroadcastTo,gradient_tape/efficientnetb0/block2b_se_squeeze/BroadcastTo,2,476.161,238.0805,476.161,238.0805,0.0006684291844957592,0.8203573035668248,0.0,0.0
201,Device,FusedBatchNormV3,efficientnetb0/block6a_expand_bn/FusedBatchNormV3,4,473.281,118.32025,473.281,118.32025,0.0006643862745318021,0.8210216898413566,0.0,0.0
202,Device,FusedBatchNormV3,efficientnetb0/block5b_bn/FusedBatchNormV3,4,472.577,118.14425,472.577,118.14425,0.0006633980076517237,0.8216850878490083,0.0,0.0
203,Device,FusedBatchNormV3,efficientnetb0/block5b_expand_bn/FusedBatchNormV3,4,471.969,117.99225,471.969,117.99225,0.0006625445044371105,0.8223476323534454,0.0,0.0
204,Device,FusedBatchNormV3,efficientnetb0/block5c_bn/FusedBatchNormV3,4,470.337,117.58425,470.337,117.58425,0.0006602535221242015,0.8230078858755696,0.0,0.0
205,Device,FusedBatchNormV3,efficientnetb0/block5c_expand_bn/FusedBatchNormV3,4,469.41,117.3525,469.41,117.3525,0.0006589522104795528,0.8236668380860491,0.0,0.0
206,Device,Sum,gradient_tape/efficientnetb0/block2b_se_excite/mul/Sum_1,2,466.753,233.3765,466.753,233.3765,0.0006552223452801659,0.8243220604313293,0.0,0.0
207,Device,Mean,efficientnetb0/block2b_se_squeeze/Mean,2,466.082,233.041,466.082,233.041,0.0006542804034100912,0.8249763408347394,0.0,0.0
208,Device,Slice,gradient_tape/efficientnetb0/block4a_dwconv_pad/Slice_1,2,463.746,231.873,463.746,231.873,0.0006510011542171037,0.8256273419889565,0.0,0.0
209,Device,Conv2DBackpropFilter,gradient_tape/efficientnetb0/block5a_project_conv/Conv2D/Conv2DBackpropFilter,2,458.401,229.2005,458.401,229.2005,0.0006434979063846903,0.8262708398953412,0.0,0.0
210,Device,Conv2DBackpropInput,gradient_tape/efficientnetb0/block7a_project_conv/Conv2D/Conv2DBackpropInput,2,458.274,229.137,458.274,229.137,0.0006433196252855853,0.8269141595206269,0.0,0.0
211,Device,Conv2DBackpropInput,gradient_tape/efficientnetb0/top_conv/Conv2D/Conv2DBackpropInput,2,456.481,228.2405,456.481,228.2405,0.0006408026330753855,0.8275549621537023,0.0,0.0
212,Device,Mul,gradient_tape/efficientnetb0/block3b_se_excite/mul/Mul,2,456.353,228.1765,456.353,228.1765,0.0006406229481880985,0.8281955851018904,0.0,0.0
213,Device,SoftmaxCrossEntropyWithLogits,categorical_crossentropy/softmax_cross_entropy_with_logits,6,448.705,74.78416666666666,448.705,74.78416666666666,0.0006298867761727013,0.8288254718780631,0.0,0.0
214,Device,Pad,efficientnetb0/block6a_dwconv_pad/Pad,2,447.394,223.697,447.394,223.697,0.0006280464098661917,0.8294535182879293,0.0,0.0
215,Device,DepthwiseConv2dNative,efficientnetb0/block6a_dwconv/depthwise,2,442.049,221.0245,442.049,221.0245,0.0006205431620337782,0.8300740614499631,0.0,0.0
216,Device,DepthwiseConv2dNative,efficientnetb0/block5a_dwconv/depthwise,2,441.376,220.688,441.376,220.688,0.0006195984125873396,0.8306936598625504,0.0,0.0
217,Device,Conv2D,efficientnetb0/top_conv/Conv2D,2,441.121,220.5605,441.121,220.5605,0.0006192404466009476,0.8313129003091514,0.0,0.0
218,Device,BroadcastTo,gradient_tape/efficientnetb0/block1a_se_squeeze/BroadcastTo,2,433.25,216.625,433.25,216.625,0.0006081912298209801,0.8319210915389724,0.0,0.0
219,Device,AddN,SGD/gradients/AddN_10,2,431.457,215.7285,431.457,215.7285,0.0006056742376107804,0.8325267657765832,0.0,0.0
220,Device,AddN,SGD/gradients/AddN_8,2,430.657,215.3285,430.657,215.3285,0.0006045512070652366,0.8331313169836485,0.0,0.0
221,Device,Mul,efficientnetb0/block3b_se_excite/mul,2,429.633,214.8165,429.633,214.8165,0.0006031137279669408,0.8337344307116155,0.0,0.0
222,Device,Conv2D,efficientnetb0/block2a_project_conv/Conv2D,2,424.546,212.273,424.546,212.273,0.0005959726574854652,0.8343304033691009,0.0,0.0
223,Device,Conv2DBackpropFilter,gradient_tape/efficientnetb0/block4b_project_conv/Conv2D/Conv2DBackpropFilter,2,423.681,211.8405,423.681,211.8405,0.0005947583807080962,0.834925161749809,0.0,0.0
224,Device,Conv2DBackpropFilter,gradient_tape/efficientnetb0/block4c_project_conv/Conv2D/Conv2DBackpropFilter,2,422.465,211.2325,422.465,211.2325,0.0005930513742788698,0.8355182131240879,0.0,0.0
225,Device,Mean,efficientnetb0/block1a_se_squeeze/Mean,2,419.074,209.537,419.074,209.537,0.0005882911285539467,0.8361065042526419,0.0,0.0
226,Device,Sum,gradient_tape/efficientnetb0/block1a_se_excite/mul/Sum_1,2,417.474,208.737,417.474,208.737,0.0005860450674628594,0.8366925493201047,0.0,0.0
227,Device,Mul,SGD/gradients/mul_55,2,417.185,208.5925,417.185,208.5925,0.0005856393726782818,0.837278188692783,0.0,0.0
228,Device,Mul,SGD/gradients/mul_64,2,417.089,208.5445,417.089,208.5445,0.0005855046090128165,0.8378636933017959,0.0,0.0
229,Device,Sigmoid,SGD/gradients/Sigmoid_35,2,416.418,208.209,416.418,208.209,0.0005845626671427418,0.8384482559689387,0.0,0.0
230,Device,Mul,SGD/gradients/mul_51,2,416.289,208.1445,416.289,208.1445,0.0005843815784672728,0.839032637547406,0.0,0.0
231,Device,Mul,SGD/gradients/mul_46,2,416.257,208.1285,416.257,208.1285,0.0005843366572454511,0.8396169742046514,0.0,0.0
232,Device,Mul,SGD/gradients/mul_60,2,416.257,208.1285,416.257,208.1285,0.0005843366572454511,0.8402013108618969,0.0,0.0
233,Device,Mul,SGD/gradients/mul_62,2,416.225,208.1125,416.225,208.1125,0.0005842917360236294,0.8407856025979205,0.0,0.0
234,Device,Mul,SGD/gradients/mul_61,2,416.161,208.0805,416.161,208.0805,0.0005842018935799858,0.8413698044915005,0.0,0.0
235,Device,RealDiv,gradient_tape/efficientnetb0/block3b_se_squeeze/truediv,2,415.97,207.985,415.97,207.985,0.0005839337700372373,0.8419537382615377,0.0,0.0
236,Device,Mul,SGD/gradients/mul_45,2,415.937,207.9685,415.937,207.9685,0.0005838874450272337,0.842537625706565,0.0,0.0
237,Device,Mul,efficientnetb0/block5b_activation/mul,2,415.777,207.8885,415.777,207.8885,0.000583662838918125,0.8431212885454831,0.0,0.0
238,Device,Mul,efficientnetb0/block5b_expand_activation/mul,2,415.713,207.8565,415.713,207.8565,0.0005835729964744815,0.8437048615419576,0.0,0.0
239,Device,Mul,SGD/gradients/mul_63,2,415.617,207.8085,415.617,207.8085,0.0005834382328090162,0.8442882997747666,0.0,0.0
240,Device,Conv2DBackpropFilter,gradient_tape/efficientnetb0/block7a_project_conv/Conv2D/Conv2DBackpropFilter,4,415.552,103.888,415.552,103.888,0.0005833469865771908,0.8448716467613437,0.0,0.0
241,Device,Mul,SGD/gradients/mul_56,2,415.521,207.7605,415.521,207.7605,0.000583303469143551,0.8454549502304873,0.0,0.0
242,Device,Mul,SGD/gradients/mul_52,2,415.393,207.6965,415.393,207.6965,0.0005831237842562639,0.8460380740147436,0.0,0.0
243,Device,Mul,SGD/gradients/mul_54,2,415.297,207.6485,415.297,207.6485,0.0005829890205907988,0.8466210630353345,0.0,0.0
244,Device,Mul,gradient_tape/efficientnetb0/block5b_se_excite/mul/Mul_1,2,415.137,207.5685,415.137,207.5685,0.00058276441448169,0.8472038274498161,0.0,0.0
245,Device,Mul,efficientnetb0/block5c_activation/mul,2,415.105,207.5525,415.105,207.5525,0.0005827194932598683,0.847786546943076,0.0,0.0
246,Device,Sigmoid,efficientnetb0/block3b_expand_activation/Sigmoid,2,414.881,207.4405,414.881,207.4405,0.000582405044707116,0.8483689519877831,0.0,0.0
247,Device,Mul,gradient_tape/efficientnetb0/block5c_se_excite/mul/Mul_1,2,414.849,207.4245,414.849,207.4245,0.0005823601234852942,0.8489513121112684,0.0,0.0
248,Device,Mul,SGD/gradients/mul_53,2,414.721,207.3605,414.721,207.3605,0.0005821804385980073,0.8495334925498664,0.0,0.0
249,Device,Mul,efficientnetb0/block6a_expand_activation/mul,2,414.401,207.2005,414.401,207.2005,0.0005817312263797899,0.8501152237762463,0.0,0.0
250,Device,Mul,efficientnetb0/block5c_expand_activation/mul,2,414.241,207.1205,414.241,207.1205,0.0005815066202706811,0.8506967303965169,0.0,0.0
251,Device,Mul,SGD/gradients/mul_47,2,413.889,206.9445,413.889,206.9445,0.000581012486830642,0.8512777428833476,0.0,0.0
252,Device,Mul,SGD/gradients/mul_65,2,413.505,206.7525,413.505,206.7525,0.000580473432168781,0.8518582163155164,0.0,0.0
253,Device,Sigmoid,SGD/gradients/Sigmoid_33,2,413.472,206.736,413.472,206.736,0.0005804271071587773,0.8524386434226752,0.0,0.0
254,Device,Sigmoid,SGD/gradients/Sigmoid_36,2,413.314,206.657,413.314,206.657,0.0005802053086260325,0.8530188487313012,0.0,0.0
255,Device,Sigmoid,efficientnetb0/block3b_activation/Sigmoid,2,412.77,206.385,412.77,206.385,0.0005794416478550628,0.8535982903791562,0.0,0.0
256,Device,Transpose,SGD/gradients/AddN_18-1-TransposeNHWCToNCHW-LayoutOptimizer,2,412.32,206.16,412.32,206.16,0.0005788099431731944,0.8541771003223294,0.0,0.0
257,Device,Sigmoid,efficientnetb0/block4a_expand_activation/Sigmoid,2,412.097,206.0485,412.097,206.0485,0.0005784968984086241,0.854755597220738,0.0,0.0
258,Device,Transpose,efficientnetb0/block3b_activation/mul-0-3-TransposeNCHWToNHWC-LayoutOptimizer,2,412.065,206.0325,412.065,206.0325,0.0005784519771868024,0.8553340491979248,0.0,0.0
259,Device,Conv2DBackpropFilter,gradient_tape/efficientnetb0/top_conv/Conv2D/Conv2DBackpropFilter,4,409.985,102.49625,409.985,102.49625,0.000575532097768389,0.8559095812956932,0.0,0.0
260,Device,Conv2DBackpropInput,gradient_tape/efficientnetb0/block5b_project_conv/Conv2D/Conv2DBackpropInput,2,406.881,203.4405,406.881,203.4405,0.0005711747392516795,0.8564807560349449,0.0,0.0
261,Device,Transpose,gradient_tape/efficientnetb0/stem_conv/Conv2D/Conv2DBackpropFilter-0-TransposeNHWCToNCHW-LayoutOptimizer,2,405.41,202.705,405.41,202.705,0.0005691097668360613,0.857049865801781,0.0,0.0
262,Device,Conv2DBackpropInput,gradient_tape/efficientnetb0/block5c_project_conv/Conv2D/Conv2DBackpropInput,2,405.378,202.689,405.378,202.689,0.0005690648456142394,0.8576189306473953,0.0,0.0
263,Device,Conv2D,efficientnetb0/block7a_project_conv/Conv2D,2,402.272,201.136,402.272,201.136,0.0005647046795211663,0.8581836353269164,0.0,0.0
264,Device,AddV2,SGD/gradients/add_33,2,399.394,199.697,399.394,199.697,0.000560664577133573,0.85874429990405,0.0,0.0
265,Device,AddV2,SGD/gradients/add_36,2,399.392,199.696,399.392,199.696,0.0005606617695572091,0.8593049616736071,0.0,0.0
266,Device,Sub,SGD/gradients/sub_35,2,399.264,199.632,399.264,199.632,0.0005604820846699222,0.8598654437582771,0.0,0.0
267,Device,AddV2,SGD/gradients/add_35,2,399.106,199.553,399.106,199.553,0.0005602602861371772,0.8604257040444143,0.0,0.0
268,Device,Sub,SGD/gradients/sub_36,2,397.856,198.928,397.856,198.928,0.0005585055509097653,0.8609842095953241,0.0,0.0
269,Device,Sub,SGD/gradients/sub_33,2,397.666,198.833,397.666,198.833,0.0005582388311551988,0.8615424484264793,0.0,0.0
270,Device,FusedBatchNormV3,efficientnetb0/block3a_bn/FusedBatchNormV3,4,393.024,98.256,393.024,98.256,0.0005517224464146817,0.862094170872894,0.0,0.0
271,Device,Conv2DBackpropInput,gradient_tape/efficientnetb0/block3b_project_conv/Conv2D/Conv2DBackpropInput,2,389.57,194.785,389.57,194.785,0.000546873762034297,0.8626410446349283,0.0,0.0
272,Device,Conv2DBackpropInput,gradient_tape/efficientnetb0/block5b_expand_conv/Conv2D/Conv2DBackpropInput,2,378.753,189.3765,378.753,189.3765,0.0005316889852703651,0.8631727336201986,0.0,0.0
273,Device,Conv2DBackpropInput,gradient_tape/efficientnetb0/block5c_expand_conv/Conv2D/Conv2DBackpropInput,2,378.241,189.1205,378.241,189.1205,0.0005309702457212171,0.8637037038659199,0.0,0.0
274,Device,Conv2DBackpropInput,gradient_tape/efficientnetb0/block6a_expand_conv/Conv2D/Conv2DBackpropInput,2,377.729,188.8645,377.729,188.8645,0.0005302515061720691,0.8642339553720919,0.0,0.0
275,Device,Conv2D,efficientnetb0/block3b_expand_conv/Conv2D,2,377.281,188.6405,377.281,188.6405,0.0005296226090665648,0.8647635779811584,0.0,0.0
276,Device,Conv2D,efficientnetb0/block4a_expand_conv/Conv2D,2,376.129,188.0645,376.129,188.0645,0.000528005445080982,0.8652915834262395,0.0,0.0
277,Device,Conv2DBackpropFilter,gradient_tape/efficientnetb0/block6c_project_conv/Conv2D/Conv2DBackpropFilter,4,375.425,93.85625,375.425,93.85625,0.0005270171782009035,0.8658186006044404,0.0,0.0
278,Device,Conv2DBackpropFilter,gradient_tape/efficientnetb0/block6b_project_conv/Conv2D/Conv2DBackpropFilter,4,375.33,93.8325,375.33,93.8325,0.0005268838183236201,0.866345484422764,0.0,0.0
279,Device,AddN,SGD/gradients/AddN_20,2,371.808,185.904,371.808,185.904,0.0005219396763468643,0.8668674240991109,0.0,0.0
280,Device,Conv2DBackpropFilter,gradient_tape/efficientnetb0/block6d_project_conv/Conv2D/Conv2DBackpropFilter,4,371.616,92.904,371.616,92.904,0.0005216701490159338,0.8673890942481268,0.0,0.0
281,Device,Conv2D,efficientnetb0/block5c_expand_conv/Conv2D,4,370.209,92.55225,370.209,92.55225,0.0005196950190439589,0.8679087892671707,0.0,0.0
282,Device,Conv2D,efficientnetb0/block5b_expand_conv/Conv2D,4,368.481,92.12025,368.481,92.12025,0.0005172692730655847,0.8684260585402364,0.0,0.0
283,Device,Conv2DBackpropFilter,gradient_tape/efficientnetb0/block4c_expand_conv/Conv2D/Conv2DBackpropFilter,2,367.425,183.7125,367.425,183.7125,0.0005157868727454671,0.8689418454129818,0.0,0.0
284,Device,Conv2D,efficientnetb0/block6a_expand_conv/Conv2D,4,366.465,91.61625,366.465,91.61625,0.0005144392360908146,0.8694562846490727,0.0,0.0
285,Device,Conv2D,efficientnetb0/block5b_project_conv/Conv2D,2,364.704,182.352,364.704,182.352,0.0005119671651024367,0.8699682518141751,0.0,0.0
286,Device,Pad,efficientnetb0/stem_conv_pad/Pad,2,364.032,182.016,364.032,182.016,0.00051102381944418,0.8704792756336194,0.0,0.0
287,Device,Conv2D,efficientnetb0/block5c_project_conv/Conv2D,2,362.754,181.377,362.754,181.377,0.0005092297781476742,0.8709885054117671,0.0,0.0
288,Device,Mul,SGD/gradients/mul_115,2,360.896,180.448,360.896,180.448,0.000506621539705649,0.8714951269514727,0.0,0.0
289,Device,Mul,SGD/gradients/mul_114,2,358.144,179.072,358.144,179.072,0.0005027583146289789,0.8719978852661017,0.0,0.0
290,Device,Mul,SGD/gradients/mul_116,2,358.082,179.041,358.082,179.041,0.0005026712797616992,0.8725005565458633,0.0,0.0
291,Device,Mul,gradient_tape/efficientnetb0/block3a_se_excite/mul/Mul_1,2,358.048,179.024,358.048,179.024,0.0005026235509635136,0.8730031800968269,0.0,0.0
292,Device,FusedBatchNormV3,efficientnetb0/block2b_project_bn/FusedBatchNormV3,4,357.729,89.43225,357.729,89.43225,0.0005021757425334781,0.8735053558393604,0.0,0.0
293,Device,FusedBatchNormV3,efficientnetb0/block2a_project_bn/FusedBatchNormV3,4,357.152,89.288,357.152,89.288,0.0005013657567525047,0.8740067215961129,0.0,0.0
294,Device,Mul,efficientnetb0/block3a_activation/mul,2,355.521,177.7605,355.521,177.7605,0.0004990761782277776,0.8745057977743407,0.0,0.0
295,Device,Conv2DBackpropFilter,gradient_tape/efficientnetb0/block4b_expand_conv/Conv2D/Conv2DBackpropFilter,2,355.041,177.5205,355.041,177.5205,0.0004984023599004515,0.8750042001342411,0.0,0.0
296,Device,Conv2DBackpropFilter,gradient_tape/efficientnetb0/block5a_expand_conv/Conv2D/Conv2DBackpropFilter,2,354.593,177.2965,354.593,177.2965,0.000497773462794947,0.875501973597036,0.0,0.0
297,Device,Slice,gradient_tape/efficientnetb0/block6a_dwconv_pad/Slice_1,2,350.753,175.3765,350.753,175.3765,0.0004923829161763375,0.8759943565132123,0.0,0.0
298,Device,RealDiv,efficientnetb0/normalization/truediv,2,349.794,174.897,349.794,174.897,0.0004910366833098671,0.8764853931965222,0.0,0.0
299,Device,Conv2DBackpropInput,gradient_tape/efficientnetb0/block6c_project_conv/Conv2D/Conv2DBackpropInput,2,342.657,171.3285,342.657,171.3285,0.00048101784705543575,0.8769664110435776,0.0,0.0
300,Device,FusedBatchNormV3,efficientnetb0/block5a_expand_bn/FusedBatchNormV3,4,341.312,85.328,341.312,85.328,0.00047912975195074057,0.8774455407955284,0.0,0.0
301,Device,Conv2DBackpropInput,gradient_tape/efficientnetb0/block6b_project_conv/Conv2D/Conv2DBackpropInput,2,340.256,170.128,340.256,170.128,0.0004776473516306229,0.877923188147159,0.0,0.0
302,Device,FusedBatchNormV3,efficientnetb0/block5a_bn/FusedBatchNormV3,4,340.194,85.0485,340.194,85.0485,0.00047756031676334334,0.8784007484639224,0.0,0.0
303,Device,FusedBatchNormV3,efficientnetb0/block4b_expand_bn/FusedBatchNormV3,4,339.456,84.864,339.456,84.864,0.0004765243210850793,0.8788772727850074,0.0,0.0
304,Device,FusedBatchNormV3,efficientnetb0/block4b_bn/FusedBatchNormV3,4,338.69,84.6725,338.69,84.6725,0.0004754490193377213,0.8793527218043451,0.0,0.0
305,Device,FusedBatchNormV3,efficientnetb0/block4c_expand_bn/FusedBatchNormV3,4,338.178,84.5445,338.178,84.5445,0.0004747302797885733,0.8798274520841337,0.0,0.0
306,Device,FusedBatchNormV3,efficientnetb0/block4c_bn/FusedBatchNormV3,4,337.696,84.424,337.696,84.424,0.0004740536538848833,0.8803015057380186,0.0,0.0
307,Device,Conv2DBackpropInput,gradient_tape/efficientnetb0/block6d_expand_conv/Conv2D/Conv2DBackpropInput,4,334.72,83.68,334.72,83.68,0.000469875980255461,0.8807713817182741,0.0,0.0
308,Device,Sub,efficientnetb0/normalization/sub,2,334.496,167.248,334.496,167.248,0.0004695615317027087,0.8812409432499768,0.0,0.0
309,Device,Conv2DBackpropInput,gradient_tape/efficientnetb0/block6c_expand_conv/Conv2D/Conv2DBackpropInput,4,333.985,83.49625,333.985,83.49625,0.0004688441959417427,0.8817097874459185,0.0,0.0
310,Device,Conv2DBackpropInput,gradient_tape/efficientnetb0/block6b_expand_conv/Conv2D/Conv2DBackpropInput,4,333.506,83.3765,333.506,83.3765,0.0004681717814025984,0.8821779592273211,0.0,0.0
311,Device,Conv2DBackpropInput,gradient_tape/efficientnetb0/block7a_expand_conv/Conv2D/Conv2DBackpropInput,4,329.985,82.49625,329.985,82.49625,0.0004632290432140245,0.8826411882705352,0.0,0.0
312,Device,DepthwiseConv2dNative,efficientnetb0/block4a_dwconv/depthwise,2,328.577,164.2885,328.577,164.2885,0.00046125250945386765,0.883102440779989,0.0,0.0
313,Device,Conv2DBackpropInput,gradient_tape/efficientnetb0/block6d_project_conv/Conv2D/Conv2DBackpropInput,2,327.906,163.953,327.906,163.953,0.0004603105675837929,0.8835627513475728,0.0,0.0
314,Device,Conv2D,efficientnetb0/block6d_project_conv/Conv2D,4,326.145,81.53625,326.145,81.53625,0.0004578384965954149,0.8840205898441682,0.0,0.0
315,Device,Conv2D,efficientnetb0/block6c_project_conv/Conv2D,4,325.793,81.44825,325.793,81.44825,0.00045734436315537577,0.8844779342073236,0.0,0.0
316,Device,Conv2D,efficientnetb0/block6b_project_conv/Conv2D,4,325.057,81.26425,325.057,81.26425,0.00045631117505347566,0.8849342453823771,0.0,0.0
317,Device,Mul,gradient_tape/efficientnetb0/block5b_se_excite/mul/Mul,2,324.609,162.3045,324.609,162.3045,0.0004556822779479712,0.8853899276603251,0.0,0.0
318,Device,Mul,gradient_tape/efficientnetb0/block5c_se_excite/mul/Mul,2,322.145,161.0725,322.145,161.0725,0.0004522233438676967,0.8858421510041928,0.0,0.0
319,Device,BroadcastTo,gradient_tape/efficientnetb0/block2a_se_squeeze/BroadcastTo,2,320.672,160.336,320.672,160.336,0.00045015556387571456,0.8862923065680686,0.0,0.0
320,Device,Mean,efficientnetb0/block2a_se_squeeze/Mean,2,319.264,159.632,319.264,159.632,0.0004481790301155577,0.8867404855981841,0.0,0.0
321,Device,Conv2DBackpropFilter,gradient_tape/efficientnetb0/block6b_expand_conv/Conv2D/Conv2DBackpropFilter,4,318.912,79.728,318.912,79.728,0.00044768489667551845,0.8871881704948597,0.0,0.0
322,Device,Sum,gradient_tape/efficientnetb0/block2a_se_excite/mul/Sum_1,2,318.274,159.137,318.274,159.137,0.00044678927981544746,0.8876349597746751,0.0,0.0
323,Device,Conv2DBackpropFilter,gradient_tape/efficientnetb0/block6c_expand_conv/Conv2D/Conv2DBackpropFilter,4,318.145,79.53625,318.145,79.53625,0.0004466081911399785,0.888081567965815,0.0,0.0
324,Device,Conv2DBackpropFilter,gradient_tape/efficientnetb0/block6d_expand_conv/Conv2D/Conv2DBackpropFilter,4,317.218,79.3045,317.218,79.3045,0.0004453068794953299,0.8885268748453103,0.0,0.0
325,Device,Conv2DBackpropFilter,gradient_tape/efficientnetb0/block7a_expand_conv/Conv2D/Conv2DBackpropFilter,4,313.825,78.45625,313.825,78.45625,0.0004405438261940428,0.8889674186715044,0.0,0.0
326,Device,Mul,efficientnetb0/block5b_se_excite/mul,2,311.906,155.953,311.906,155.953,0.00043784995667292006,0.8894052686281774,0.0,0.0
327,Device,Mul,efficientnetb0/block5c_se_excite/mul,2,311.68,155.84,311.68,155.84,0.000437532700543804,0.8898428013287212,0.0,0.0
328,Device,AddN,SGD/gradients/AddN_12,2,310.849,155.4245,310.849,155.4245,0.0004363661525646205,0.8902791674812858,0.0,0.0
329,Device,AddN,SGD/gradients/AddN_13,2,310.721,155.3605,310.721,155.3605,0.0004361864676773335,0.8907153539489631,0.0,0.0
330,Device,AddN,SGD/gradients/AddN_15,2,310.496,155.248,310.496,155.248,0.00043587061533639933,0.8911512245642995,0.0,0.0
331,Device,Conv2DBackpropInput,gradient_tape/efficientnetb0/block5a_project_conv/Conv2D/Conv2DBackpropInput,2,308.385,154.1925,308.385,154.1925,0.0004329072184843461,0.8915841317827838,0.0,0.0
332,Device,DepthwiseConv2dNativeBackpropInput,gradient_tape/efficientnetb0/block7a_dwconv/depthwise/DepthwiseConv2dNativeBackpropInput,2,308.193,154.0965,308.193,154.0965,0.00043263769115341557,0.8920167694739373,0.0,0.0
333,Device,Mul,efficientnetb0/rescaling/mul,2,307.202,153.601,307.202,153.601,0.0004312465370651234,0.8924480160110024,0.0,0.0
334,Device,Mul,SGD/gradients/mul_73,2,302.465,151.2325,302.465,151.2325,0.00042459679244732305,0.8928726128034498,0.0,0.0
335,Device,Mul,SGD/gradients/mul_87,2,301.28,150.64,301.28,150.64,0.0004229333034517365,0.8932955461069015,0.0,0.0
336,Device,Mul,SGD/gradients/mul_82,2,300.896,150.448,300.896,150.448,0.0004223942487898756,0.8937179403556914,0.0,0.0
337,Device,Mul,efficientnetb0/block5a_activation/mul,2,300.449,150.2245,300.449,150.2245,0.00042176675547255313,0.894139707111164,0.0,0.0
338,Device,Mul,efficientnetb0/block4b_activation/mul,2,300.384,150.192,300.384,150.192,0.0004216755092407277,0.8945613826204047,0.0,0.0
339,Device,Mul,efficientnetb0/block4c_expand_activation/mul,2,300.32,150.16,300.32,150.16,0.00042158566679708416,0.8949829682872018,0.0,0.0
340,Device,Mul,SGD/gradients/mul_79,2,299.905,149.9525,299.905,149.9525,0.0004210030947015834,0.8954039713819034,0.0,0.0
341,Device,Mul,SGD/gradients/mul_88,2,299.873,149.9365,299.873,149.9365,0.0004209581734797617,0.8958249295553832,0.0,0.0
342,Device,Mul,SGD/gradients/mul_70,2,299.777,149.8885,299.777,149.8885,0.00042082340981429645,0.8962457529651975,0.0,0.0
343,Device,Mul,SGD/gradients/mul_92,2,299.393,149.6965,299.393,149.6965,0.00042028435515243545,0.8966660373203499,0.0,0.0
344,Device,Mul,SGD/gradients/mul_91,2,299.361,149.6805,299.361,149.6805,0.00042023943393061376,0.8970862767542805,0.0,0.0
345,Device,Mul,SGD/gradients/mul_81,2,299.233,149.6165,299.233,149.6165,0.0004200597490433268,0.8975063365033239,0.0,0.0
346,Device,Mul,SGD/gradients/mul_83,2,299.073,149.5365,299.073,149.5365,0.00041983514293421803,0.8979261716462581,0.0,0.0
347,Device,Mul,SGD/gradients/mul_71,2,299.009,149.5045,299.009,149.5045,0.00041974530049057455,0.8983459169467487,0.0,0.0
348,Device,Mul,SGD/gradients/mul_89,2,298.913,149.4565,298.913,149.4565,0.0004196105368251093,0.8987655274835739,0.0,0.0
349,Device,Mul,SGD/gradients/mul_69,2,298.753,149.3765,298.753,149.3765,0.00041938593071600056,0.8991849134142899,0.0,0.0
350,Device,Mul,SGD/gradients/mul_74,2,298.753,149.3765,298.753,149.3765,0.00041938593071600056,0.8996042993450059,0.0,0.0
351,Device,Mul,SGD/gradients/mul_80,2,298.753,149.3765,298.753,149.3765,0.00041938593071600056,0.9000236852757219,0.0,0.0
352,Device,Mul,SGD/gradients/mul_72,2,298.689,149.3445,298.689,149.3445,0.00041929608827235713,0.9004429813639943,0.0,0.0
353,Device,Mul,SGD/gradients/mul_90,2,298.497,149.2485,298.497,149.2485,0.00041902656094142663,0.9008620079249356,0.0,0.0
354,Device,Mul,efficientnetb0/block4c_activation/mul,2,298.434,149.217,298.434,149.217,0.0004189381222859651,0.9012809460472216,0.0,0.0
355,Device,Mul,gradient_tape/efficientnetb0/block4b_se_excite/mul/Mul_1,2,298.433,149.2165,298.433,149.2165,0.0004189367184977831,0.9016998827657194,0.0,0.0
356,Device,Mul,gradient_tape/efficientnetb0/block4c_se_excite/mul/Mul_1,2,298.209,149.1045,298.209,149.1045,0.0004186222699450309,0.9021185050356645,0.0,0.0
357,Device,Mul,efficientnetb0/block4b_expand_activation/mul,2,297.953,148.9765,297.953,148.9765,0.0004182629001704569,0.9025367679358349,0.0,0.0
358,Device,Mul,gradient_tape/efficientnetb0/block5a_se_excite/mul/Mul_1,2,297.953,148.9765,297.953,148.9765,0.0004182629001704569,0.9029550308360054,0.0,0.0
359,Device,Mul,SGD/gradients/mul_78,2,297.697,148.8485,297.697,148.8485,0.000417903530395883,0.9033729343664012,0.0,0.0
360,Device,Mul,efficientnetb0/block5a_expand_activation/mul,2,297.154,148.577,297.154,148.577,0.0004171412734130952,0.9037900756398143,0.0,0.0
361,Device,RealDiv,gradient_tape/efficientnetb0/block5b_se_squeeze/truediv,2,293.888,146.944,293.888,146.944,0.0004125565012109133,0.9042026321410251,0.0,0.0
362,Device,RealDiv,gradient_tape/efficientnetb0/block5c_se_squeeze/truediv,2,293.312,146.656,293.312,146.656,0.0004117479192181219,0.9046143800602433,0.0,0.0
363,Device,Conv2D,efficientnetb0/block7a_expand_conv/Conv2D,2,292.481,146.2405,292.481,146.2405,0.0004105813712389384,0.9050249614314823,0.0,0.0
364,Device,Conv2D,efficientnetb0/block6c_expand_conv/Conv2D,2,292.417,146.2085,292.417,146.2085,0.0004104915287952949,0.9054354529602775,0.0,0.0
365,Device,Sigmoid,efficientnetb0/block5b_activation/Sigmoid,2,292.193,146.0965,292.193,146.0965,0.00041017708024254266,0.90584563004052,0.0,0.0
366,Device,Conv2D,efficientnetb0/block6b_expand_conv/Conv2D,2,291.809,145.9045,291.809,145.9045,0.00040963802558068176,0.9062552680661007,0.0,0.0
367,Device,Sigmoid,SGD/gradients/Sigmoid_20,2,291.617,145.8085,291.617,145.8085,0.0004093684982497513,0.9066646365643505,0.0,0.0
368,Device,Conv2D,efficientnetb0/block6d_expand_conv/Conv2D,2,291.424,145.712,291.424,145.712,0.0004090975671306388,0.9070737341314811,0.0,0.0
369,Device,Sigmoid,efficientnetb0/block5c_activation/Sigmoid,2,291.201,145.6005,291.201,145.6005,0.0004087845223660686,0.9074825186538471,0.0,0.0
370,Device,Sigmoid,SGD/gradients/Sigmoid_15,2,290.976,145.488,290.976,145.488,0.00040846867002513443,0.9078909873238722,0.0,0.0
371,Device,Sigmoid,SGD/gradients/Sigmoid_18,2,290.976,145.488,290.976,145.488,0.00040846867002513443,0.9082994559938973,0.0,0.0
372,Device,Sigmoid,efficientnetb0/block5b_expand_activation/Sigmoid,2,290.785,145.3925,290.785,145.3925,0.00040820054648238593,0.9087076565403797,0.0,0.0
373,Device,Transpose,SGD/gradients/AddN_8-1-TransposeNHWCToNCHW-LayoutOptimizer,2,290.625,145.3125,290.625,145.3125,0.00040797594037327717,0.9091156324807529,0.0,0.0
374,Device,Sigmoid,SGD/gradients/Sigmoid_17,2,290.625,145.3125,290.625,145.3125,0.00040797594037327717,0.9095236084211261,0.0,0.0
375,Device,Sigmoid,efficientnetb0/block5c_expand_activation/Sigmoid,2,290.176,145.088,290.176,145.088,0.0004073456394795908,0.9099309540606058,0.0,0.0
376,Device,Transpose,SGD/gradients/AddN_10-1-TransposeNHWCToNCHW-LayoutOptimizer,2,289.473,144.7365,289.473,144.7365,0.0004063587763876943,0.9103373128369935,0.0,0.0
377,Device,Sigmoid,efficientnetb0/block6a_expand_activation/Sigmoid,2,288.993,144.4965,288.993,144.4965,0.0004056849580603681,0.9107429977950539,0.0,0.0
378,Device,Transpose,efficientnetb0/block5c_activation/mul-0-3-TransposeNCHWToNHWC-LayoutOptimizer,2,288.673,144.3365,288.673,144.3365,0.0004052357458421507,0.911148233540896,0.0,0.0
379,Device,Transpose,efficientnetb0/block5b_activation/mul-0-3-TransposeNCHWToNHWC-LayoutOptimizer,2,288.289,144.1445,288.289,144.1445,0.0004046966911802897,0.9115529302320763,0.0,0.0
380,Device,Conv2DBackpropInput,gradient_tape/efficientnetb0/block4a_expand_conv/Conv2D/Conv2DBackpropInput,2,287.648,143.824,287.648,143.824,0.0004037968629556729,0.911956727095032,0.0,0.0
381,Device,Sigmoid,SGD/gradients/Sigmoid_21,2,287.489,143.7445,287.489,143.7445,0.000403573660634746,0.9123603007556667,0.0,0.0
382,Device,Conv2DBackpropInput,gradient_tape/efficientnetb0/block3b_expand_conv/Conv2D/Conv2DBackpropInput,2,287.202,143.601,287.202,143.601,0.0004031707734265323,0.9127634715290932,0.0,0.0
383,Device,FusedBatchNormGradV3,gradient_tape/efficientnetb0/block4a_bn/FusedBatchNormGradV3,2,282.721,141.3605,282.721,141.3605,0.00039688039858330596,0.9131603519276765,0.0,0.0
384,Device,Conv2DBackpropInput,gradient_tape/efficientnetb0/block3a_project_conv/Conv2D/Conv2DBackpropInput,2,282.402,141.201,282.402,141.201,0.0003964325901532704,0.9135567845178298,0.0,0.0
385,Device,Sub,SGD/gradients/sub_17,2,282.177,141.0885,282.177,141.0885,0.0003961167378123363,0.9139529012556422,0.0,0.0
386,Device,Sub,SGD/gradients/sub_18,2,281.281,140.6405,281.281,140.6405,0.0003948589436013274,0.9143477601992436,0.0,0.0
387,Device,AddV2,SGD/gradients/add_20,2,281.057,140.5285,281.057,140.5285,0.0003945444950485752,0.9147423046942922,0.0,0.0
388,Device,Sub,SGD/gradients/sub_20,2,281.057,140.5285,281.057,140.5285,0.0003945444950485752,0.9151368491893408,0.0,0.0
389,Device,AddV2,SGD/gradients/add_21,2,280.897,140.4485,280.897,140.4485,0.00039431988893946643,0.9155311690782802,0.0,0.0
390,Device,Sub,SGD/gradients/sub_21,2,280.896,140.448,280.896,140.448,0.00039431848515128454,0.9159254875634315,0.0,0.0
391,Device,AddV2,SGD/gradients/add_15,2,280.705,140.3525,280.705,140.3525,0.00039405036160853593,0.9163195379250401,0.0,0.0
392,Device,AddV2,SGD/gradients/add_18,2,280.449,140.2245,280.449,140.2245,0.000393690991833962,0.916713228916874,0.0,0.0
393,Device,AddV2,SGD/gradients/add_17,2,280.353,140.1765,280.353,140.1765,0.0003935562281684968,0.9171067851450425,0.0,0.0
394,Device,Sub,SGD/gradients/sub_15,2,280.161,140.0805,280.161,140.0805,0.0003932867008375663,0.9175000718458801,0.0,0.0
395,Device,Conv2D,efficientnetb0/block3b_project_conv/Conv2D,2,279.937,139.9685,279.937,139.9685,0.0003929722522848141,0.917893044098165,0.0,0.0
396,Device,Conv2DBackpropInput,gradient_tape/efficientnetb0/block4b_expand_conv/Conv2D/Conv2DBackpropInput,2,277.792,138.896,277.792,138.896,0.00038996112663457514,0.9182830052247996,0.0,0.0
397,Device,Conv2DBackpropInput,gradient_tape/efficientnetb0/block4b_project_conv/Conv2D/Conv2DBackpropInput,2,277.504,138.752,277.504,138.752,0.00038955683563817947,0.9186725620604377,0.0,0.0
398,Device,Conv2DBackpropInput,gradient_tape/efficientnetb0/block4c_expand_conv/Conv2D/Conv2DBackpropInput,2,277.249,138.6245,277.249,138.6245,0.00038919886965178743,0.9190617609300895,0.0,0.0
399,Device,Conv2DBackpropInput,gradient_tape/efficientnetb0/block5a_expand_conv/Conv2D/Conv2DBackpropInput,2,277.153,138.5765,277.153,138.5765,0.0003890641059863222,0.9194508250360758,0.0,0.0
400,Device,Conv2DBackpropInput,gradient_tape/efficientnetb0/block4c_project_conv/Conv2D/Conv2DBackpropInput,2,276.865,138.4325,276.865,138.4325,0.0003886598149899265,0.9198394848510657,0.0,0.0
401,Device,Mul,gradient_tape/efficientnetb0/block3a_se_excite/mul/Mul,2,275.456,137.728,275.456,137.728,0.00038668187744158775,0.9202261667285073,0.0,0.0
402,Device,Conv2D,efficientnetb0/block5a_project_conv/Conv2D,2,270.849,135.4245,270.849,135.4245,0.00038021462528743823,0.9206063813537948,0.0,0.0
403,Device,Conv2D,efficientnetb0/block4c_project_conv/Conv2D,2,264.16,132.08,264.16,132.08,0.00037082468613851147,0.9209772060399333,0.0,0.0
404,Device,DepthwiseConv2dNative,efficientnetb0/block6b_dwconv/depthwise,2,258.817,129.4085,258.817,129.4085,0.00036332424588246185,0.9213405302858158,0.0,0.0
405,Device,DepthwiseConv2dNative,efficientnetb0/block6d_dwconv/depthwise,2,258.336,129.168,258.336,129.168,0.00036264902376695373,0.9217031793095827,0.0,0.0
406,Device,DepthwiseConv2dNative,efficientnetb0/block6c_dwconv/depthwise,2,258.209,129.1045,258.209,129.1045,0.0003624707426678487,0.9220656500522505,0.0,0.0
407,Device,Conv2D,efficientnetb0/block4b_project_conv/Conv2D,2,257.762,128.881,257.762,128.881,0.00036184324935052616,0.922427493301601,0.0,0.0
408,Device,RealDiv,gradient_tape/efficientnetb0/block3a_se_squeeze/truediv,2,253.632,126.816,253.632,126.816,0.0003560456041591571,0.9227835389057601,0.0,0.0
409,Device,Mul,efficientnetb0/block3a_se_excite/mul,2,252.288,126.144,252.288,126.144,0.0003541589128426438,0.9231376978186028,0.0,0.0
410,Device,Conv2D,efficientnetb0/block5a_expand_conv/Conv2D,2,250.946,125.473,250.946,125.473,0.0003522750291024943,0.9234899728477053,0.0,0.0
411,Device,Sigmoid,SGD/gradients/Sigmoid_38,2,250.626,125.313,250.626,125.313,0.00035182581688427686,0.9238417986645896,0.0,0.0
412,Device,Conv2DBackpropFilter,gradient_tape/efficientnetb0/block4a_project_conv/Conv2D/Conv2DBackpropFilter,2,249.76,124.88,249.76,124.88,0.00035061013631872584,0.9241924088009084,0.0,0.0
413,Device,Transpose,SGD/gradients/AddN_20-1-TransposeNHWCToNCHW-LayoutOptimizer,2,249.634,124.817,249.634,124.817,0.0003504332590078027,0.9245428420599162,0.0,0.0
414,Device,Sigmoid,efficientnetb0/block3a_activation/Sigmoid,2,249.249,124.6245,249.249,124.6245,0.00034989280055775987,0.924892734860474,0.0,0.0
415,Device,Conv2D,efficientnetb0/block4b_expand_conv/Conv2D,2,248.866,124.433,248.866,124.433,0.00034935514968408086,0.925242090010158,0.0,0.0
416,Device,Transpose,efficientnetb0/block3a_activation/mul-0-3-TransposeNCHWToNHWC-LayoutOptimizer,2,248.224,124.112,248.224,124.112,0.00034845391767128204,0.9255905439278292,0.0,0.0
417,Device,Conv2D,efficientnetb0/block4c_expand_conv/Conv2D,2,245.632,122.816,245.632,122.816,0.00034481529870372066,0.9259353592265329,0.0,0.0
418,Device,AddN,SGD/gradients/AddN_22,2,244.736,122.368,244.736,122.368,0.00034355750449271174,0.9262789167310256,0.0,0.0
419,Device,AddV2,SGD/gradients/add_38,2,242.53,121.265,242.53,121.265,0.00034046074776337515,0.926619377478789,0.0,0.0
420,Device,Sub,SGD/gradients/sub_38,2,241.536,120.768,241.536,120.768,0.00033906538231053717,0.9269584428610995,0.0,0.0
421,Device,AddV2,efficientnetb0/block2b_add/add,2,240.096,120.048,240.096,120.048,0.00033704392732855865,0.9272954867884281,0.0,0.0
422,Device,DepthwiseConv2dNative,efficientnetb0/block4b_dwconv/depthwise,2,238.496,119.248,238.496,119.248,0.00033479786623747136,0.9276302846546656,0.0,0.0
423,Device,DepthwiseConv2dNative,efficientnetb0/block4c_dwconv/depthwise,2,237.634,118.817,237.634,118.817,0.00033358780082464807,0.9279638724554902,0.0,0.0
424,Device,FusedBatchNormGradV3,gradient_tape/efficientnetb0/top_bn/FusedBatchNormGradV3,2,234.881,117.4405,234.881,117.4405,0.000329723171959796,0.92829359562745,0.0,0.0
425,Device,Mul,gradient_tape/efficientnetb0/block4b_se_excite/mul/Mul,2,234.08,117.04,234.08,117.04,0.00032859873762607045,0.928622194365076,0.0,0.0
426,Device,Mul,gradient_tape/efficientnetb0/block4c_se_excite/mul/Mul,2,233.824,116.912,233.824,116.912,0.00032823936785149647,0.9289504337329275,0.0,0.0
427,Device,Mul,gradient_tape/efficientnetb0/block5a_se_excite/mul/Mul,2,232.288,116.144,232.288,116.144,0.00032608314920405267,0.9292765168821315,0.0,0.0
428,Device,Sum,gradient_tape/efficientnetb0/block3b_se_excite/mul/Sum_1,2,225.25,112.625,225.25,112.625,0.0003162032879796324,0.9295927201701112,0.0,0.0
429,Device,Mean,efficientnetb0/block3b_se_squeeze/Mean,2,223.904,111.952,223.904,111.952,0.00031431378908675523,0.9299070339591979,0.0,0.0
430,Device,Conv2DBackpropInput,gradient_tape/efficientnetb0/block6a_project_conv/Conv2D/Conv2DBackpropInput,2,222.913,111.4565,222.913,111.4565,0.0003129226349984631,0.9302199565941964,0.0,0.0
431,Device,Mul,efficientnetb0/block4c_se_excite/mul,2,219.81,109.905,219.81,109.905,0.0003085666802699357,0.9305285232744663,0.0,0.0
432,Device,Mul,efficientnetb0/block5a_se_excite/mul,2,219.809,109.9045,219.809,109.9045,0.00030856527648175374,0.930837088550948,0.0,0.0
433,Device,FusedBatchNormGradV3,gradient_tape/efficientnetb0/block3b_project_bn/FusedBatchNormGradV3,2,218.048,109.024,218.048,109.024,0.0003060932054933758,0.9311431817564414,0.0,0.0
434,Device,Mul,efficientnetb0/block4b_se_excite/mul,2,215.68,107.84,215.68,107.84,0.0003027690350785666,0.9314459507915199,0.0,0.0
435,Device,FusedBatchNormGradV3,gradient_tape/efficientnetb0/block3a_project_bn/FusedBatchNormGradV3,2,215.296,107.648,215.296,107.648,0.00030222998041670566,0.9317481807719367,0.0,0.0
436,Device,Conv2D,efficientnetb0/block6a_project_conv/Conv2D,4,213.089,53.27225,213.089,53.27225,0.0002991318198991871,0.9320473125918358,0.0,0.0
437,Device,RealDiv,gradient_tape/efficientnetb0/block4b_se_squeeze/truediv,2,212.833,106.4165,212.833,106.4165,0.00029877245012461314,0.9323460850419605,0.0,0.0
438,Device,RealDiv,gradient_tape/efficientnetb0/block4c_se_squeeze/truediv,2,212.545,106.2725,212.545,106.2725,0.0002983681591282174,0.9326444532010887,0.0,0.0
439,Device,RealDiv,gradient_tape/efficientnetb0/block5a_se_squeeze/truediv,2,212.352,106.176,212.352,106.176,0.000298097228009105,0.9329425504290978,0.0,0.0
440,Device,DepthwiseConv2dNativeBackpropFilter,gradient_tape/efficientnetb0/block7a_dwconv/depthwise/DepthwiseConv2dNativeBackpropFilter,2,211.328,105.664,211.328,105.664,0.0002966597489108092,0.9332392101780086,0.0,0.0
441,Device,Sigmoid,SGD/gradients/Sigmoid_29,2,210.337,105.1685,210.337,105.1685,0.000295268594822517,0.9335344787728311,0.0,0.0
442,Device,Transpose,SGD/gradients/AddN_13-1-TransposeNHWCToNCHW-LayoutOptimizer,2,210.336,105.168,210.336,105.168,0.00029526719103433504,0.9338297459638655,0.0,0.0
443,Device,Transpose,SGD/gradients/AddN_15-1-TransposeNHWCToNCHW-LayoutOptimizer,2,210.017,105.0085,210.017,105.0085,0.0002948193826042995,0.9341245653464698,0.0,0.0
444,Device,Sigmoid,SGD/gradients/Sigmoid_30,2,209.281,104.6405,209.281,104.6405,0.00029378619450239936,0.9344183515409722,0.0,0.0
445,Device,FusedBatchNormGradV3,gradient_tape/efficientnetb0/block6b_expand_bn/FusedBatchNormGradV3,2,209.217,104.6085,209.217,104.6085,0.0002936963520587559,0.934712047893031,0.0,0.0
446,Device,Sigmoid,SGD/gradients/Sigmoid_26,2,209.057,104.5285,209.057,104.5285,0.0002934717459496471,0.9350055196389806,0.0,0.0
447,Device,Transpose,SGD/gradients/AddN_12-1-TransposeNHWCToNCHW-LayoutOptimizer,2,208.929,104.4645,208.929,104.4645,0.00029329206106236015,0.9352988117000429,0.0,0.0
448,Device,FusedBatchNormGradV3,gradient_tape/efficientnetb0/block6b_bn/FusedBatchNormGradV3,2,208.834,104.417,208.834,104.417,0.00029315870118507687,0.935591970401228,0.0,0.0
449,Device,Sigmoid,SGD/gradients/Sigmoid_24,2,208.8,104.4,208.8,104.4,0.0002931109723868913,0.9358850813736149,0.0,0.0
450,Device,FusedBatchNormGradV3,gradient_tape/efficientnetb0/block6d_bn/FusedBatchNormGradV3,2,208.576,104.288,208.576,104.288,0.000292796523834139,0.9361778778974491,0.0,0.0
451,Device,Sigmoid,SGD/gradients/Sigmoid_23,2,208.544,104.272,208.544,104.272,0.0002927516026123173,0.9364706295000614,0.0,0.0
452,Device,Sigmoid,efficientnetb0/block5a_activation/Sigmoid,2,208.0,104.0,208.0,104.0,0.0002919879418413476,0.9367626174419028,0.0,0.0
453,Device,FusedBatchNormGradV3,gradient_tape/efficientnetb0/block6c_bn/FusedBatchNormGradV3,2,208.0,104.0,208.0,104.0,0.0002919879418413476,0.9370546053837442,0.0,0.0
454,Device,FusedBatchNormGradV3,gradient_tape/efficientnetb0/block6c_expand_bn/FusedBatchNormGradV3,2,207.968,103.984,207.968,103.984,0.00029194302061952586,0.9373465484043637,0.0,0.0
455,Device,Transpose,efficientnetb0/block4c_activation/mul-0-3-TransposeNCHWToNHWC-LayoutOptimizer,2,207.776,103.888,207.776,103.888,0.0002916734932885954,0.9376382218976523,0.0,0.0
456,Device,FusedBatchNormGradV3,gradient_tape/efficientnetb0/block7a_bn/FusedBatchNormGradV3,2,207.744,103.872,207.744,103.872,0.00029162857206677367,0.9379298504697191,0.0,0.0
457,Device,Sigmoid,efficientnetb0/block4b_activation/Sigmoid,2,207.584,103.792,207.584,103.792,0.0002914039659576649,0.9382212544356767,0.0,0.0
458,Device,FusedBatchNormGradV3,gradient_tape/efficientnetb0/block6d_expand_bn/FusedBatchNormGradV3,2,207.424,103.712,207.424,103.712,0.0002911793598485562,0.9385124337955253,0.0,0.0
459,Device,Transpose,efficientnetb0/block5a_activation/mul-0-3-TransposeNCHWToNHWC-LayoutOptimizer,2,207.329,103.6645,207.329,103.6645,0.00029104599997127286,0.9388034797954966,0.0,0.0
460,Device,Transpose,efficientnetb0/block4b_activation/mul-0-3-TransposeNCHWToNHWC-LayoutOptimizer,2,207.138,103.569,207.138,103.569,0.00029077787642852436,0.9390942576719251,0.0,0.0
461,Device,Sigmoid,efficientnetb0/block4b_expand_activation/Sigmoid,2,206.977,103.4885,206.977,103.4885,0.00029055186653123365,0.9393848095384564,0.0,0.0
462,Device,Sigmoid,efficientnetb0/block4c_activation/Sigmoid,2,206.976,103.488,206.976,103.488,0.00029055046274305176,0.9396753600011994,0.0,0.0
463,Device,Sigmoid,efficientnetb0/block4c_expand_activation/Sigmoid,2,206.688,103.344,206.688,103.344,0.00029014617174665604,0.939965506172946,0.0,0.0
464,Device,FusedBatchNormGradV3,gradient_tape/efficientnetb0/block7a_expand_bn/FusedBatchNormGradV3,2,206.625,103.3125,206.625,103.3125,0.00029005773309119444,0.9402555639060373,0.0,0.0
465,Device,Conv2D,efficientnetb0/block3a_project_conv/Conv2D,2,206.464,103.232,206.464,103.232,0.0002898317231939038,0.9405453956292311,0.0,0.0
466,Device,Sigmoid,efficientnetb0/block5a_expand_activation/Sigmoid,2,206.336,103.168,206.336,103.168,0.00028965203830661683,0.9408350476675378,0.0,0.0
467,Device,Conv2DBackpropFilter,gradient_tape/efficientnetb0/block6a_project_conv/Conv2D/Conv2DBackpropFilter,4,205.92,51.48,205.92,51.48,0.00028906806242293414,0.9411241157299607,0.0,0.0
468,Device,AddV2,SGD/gradients/add_26,2,204.608,102.304,204.608,102.304,0.0002872262923282426,0.9414113420222889,0.0,0.0
469,Device,Sub,SGD/gradients/sub_26,2,204.448,102.224,204.448,102.224,0.0002870016862191338,0.941698343708508,0.0,0.0
470,Device,Sub,SGD/gradients/sub_27,2,203.52,101.76,203.52,101.76,0.0002856989707863032,0.9419840426792944,0.0,0.0
471,Device,AddV2,SGD/gradients/add_23,2,203.456,101.728,203.456,101.728,0.00028560912834265967,0.942269651807637,0.0,0.0
472,Device,Sub,SGD/gradients/sub_30,2,203.456,101.728,203.456,101.728,0.00028560912834265967,0.9425552609359796,0.0,0.0
473,Device,Sub,SGD/gradients/sub_29,2,203.329,101.6645,203.329,101.6645,0.00028543084724355465,0.9428406917832232,0.0,0.0
474,Device,Sub,SGD/gradients/sub_23,2,203.041,101.5205,203.041,101.5205,0.0002850265562471589,0.9431257183394703,0.0,0.0
475,Device,AddV2,SGD/gradients/add_30,2,202.816,101.408,202.816,101.408,0.0002847107039062248,0.9434104290433766,0.0,0.0
476,Device,Mul,SGD/gradients/mul,2,202.721,101.3605,202.721,101.3605,0.0002845773440289415,0.9436950063874056,0.0,0.0
477,Device,Mul,SGD/gradients/mul_1,2,202.497,101.2485,202.497,101.2485,0.00028426289547618926,0.9439792692828818,0.0,0.0
478,Device,AddV2,SGD/gradients/add_29,2,202.273,101.1365,202.273,101.1365,0.000283948446923437,0.9442632177298053,0.0,0.0
479,Device,Mul,efficientnetb0/top_activation/mul,2,201.697,100.8485,201.697,100.8485,0.0002831398649306456,0.9445463575947359,0.0,0.0
480,Device,AddV2,SGD/gradients/add_24,2,201.696,100.848,201.696,100.848,0.0002831384611424637,0.9448294960558784,0.0,0.0
481,Device,Sub,SGD/gradients/sub_24,2,201.665,100.8325,201.665,100.8325,0.0002830949437088239,0.9451125909995872,0.0,0.0
482,Device,Mul,SGD/gradients/mul_2,2,201.536,100.768,201.536,100.768,0.00028291385503335497,0.9453955048546205,0.0,0.0
483,Device,AddV2,SGD/gradients/add_27,2,200.897,100.4485,200.897,100.4485,0.000282016834385102,0.9456775216890057,0.0,0.0
484,Device,BroadcastTo,gradient_tape/efficientnetb0/block3b_se_squeeze/BroadcastTo,2,200.544,100.272,200.544,100.272,0.0002815212971568809,0.9459590429861625,0.0,0.0
485,Device,Sigmoid,SGD/gradients/Sigmoid_27,2,196.545,98.2725,196.545,98.2725,0.00027590754821734455,0.9462349505343799,0.0,0.0
486,Device,AddN,SGD/gradients/AddN_1,2,188.513,94.2565,188.513,94.2565,0.0002646323215400864,0.94649958285592,0.0,0.0
487,Device,ArgMax,ArgMax,2,187.616,93.808,187.616,93.808,0.00026337312354089557,0.9467629559794608,0.0,0.0
488,Device,AddN,SGD/gradients/AddN_3,2,187.265,93.6325,187.265,93.6325,0.00026288039388903825,0.9470258363733498,0.0,0.0
489,Device,AddN,SGD/gradients/AddN_5,2,186.624,93.312,186.624,93.312,0.0002619805656644214,0.9472878169390142,0.0,0.0
490,Device,AddN,SGD/gradients/AddN,2,186.273,93.1365,186.273,93.1365,0.00026148783601256416,0.9475493047750267,0.0,0.0
491,Device,Mul,SGD/gradients/mul_18,2,183.936,91.968,183.936,91.968,0.00025820718303139477,0.9478075119580581,0.0,0.0
492,Device,Mul,SGD/gradients/mul_33,2,183.649,91.8245,183.649,91.8245,0.000257804295823181,0.9480653162538814,0.0,0.0
493,Device,Mul,SGD/gradients/mul_37,2,183.456,91.728,183.456,91.728,0.0002575333647040686,0.9483228496185854,0.0,0.0
494,Device,Mul,SGD/gradients/mul_9,2,183.297,91.6485,183.297,91.6485,0.0002573101623831418,0.9485801597809685,0.0,0.0
495,Device,Mul,SGD/gradients/mul_6,2,183.169,91.5845,183.169,91.5845,0.0002571304774958548,0.9488372902584644,0.0,0.0
496,Device,Mul,SGD/gradients/mul_36,2,182.913,91.4565,182.913,91.4565,0.0002567711077212809,0.9490940613661857,0.0,0.0
497,Device,Mul,SGD/gradients/mul_15,2,182.848,91.424,182.848,91.424,0.00025667986148945546,0.9493507412276752,0.0,0.0
498,Device,Mul,gradient_tape/efficientnetb0/block6b_se_excite/mul/Mul_1,2,182.753,91.3765,182.753,91.3765,0.00025654650161217207,0.9496072877292874,0.0,0.0
499,Device,Mul,SGD/gradients/mul_24,2,182.752,91.376,182.752,91.376,0.0002565450978239902,0.9498638328271114,0.0,0.0
500,Device,Mul,SGD/gradients/mul_28,2,182.689,91.3445,182.689,91.3445,0.0002564566591685286,0.9501202894862799,0.0,0.0
501,Host,IDLE,IDLE,0,2768662.414,0.0,2768662.414,0.0,0.0,0.0,0.9902415093771927,0.9902415093771927
502,Host,GatherV2,GatherV2,2,26803.328,13401.664,26803.328,13401.664,0.0,0.0,0.009586494850669062,0.9998280042278618
503,Host,GatherV2,GatherV2_1,2,115.372,57.686,115.372,57.686,0.0,0.0,4.1264020792917616e-05,0.9998692682486547
504,Host,Dataset,Iterator::Root::ParallelMapV2::Zip[1]::ForeverRepeat,2,61.585,30.7925,57.55,28.775,0.0,0.0,2.058336855244261e-05,0.9998898516172072
505,Host,FlushSummaryWriter,FlushSummaryWriter,1,41.193,41.193,41.193,41.193,0.0,0.0,1.4733113827641502e-05,0.9999045847310348
506,Host,LogicalAnd,LogicalAnd,1,39.436,39.436,39.436,39.436,0.0,0.0,1.4104704122226356e-05,0.999918689435157
507,Host,Dataset,Iterator::Root::ParallelMapV2,2,35.49,17.745,35.49,17.745,0.0,0.0,1.2693375324521083e-05,0.9999313828104816
508,Host,Dataset,Iterator::Root::ParallelMapV2::Zip[0]::FlatMap[1]::Concatenate[0]::TensorSlice,2,31.957,15.9785,31.957,15.9785,0.0,0.0,1.1429760361953232e-05,0.9999428125708435
509,Host,Dataset,Iterator::Root,2,65.73,32.865,30.24,15.12,0.0,0.0,1.0815657081248731e-05,0.9999536282279248
510,Host,WriteSummary,WriteSummary,1,28.909,28.909,28.909,28.909,0.0,0.0,1.033961079900197e-05,0.9999639678387238
511,Host,Dataset,Iterator::Root::ParallelMapV2::Zip[0]::FlatMap[1]::Concatenate,2,55.198,27.599,23.241,11.6205,0.0,0.0,8.312390417503366e-06,0.9999722802291413
512,Host,ReadVariableOp,ReadVariableOp,1,14.756,14.756,14.756,14.756,0.0,0.0,5.277640075757484e-06,0.999977557869217
513,Host,IteratorGetNext,IteratorGetNext,2,13.921,6.9605,13.921,6.9605,0.0,0.0,4.978993459922738e-06,0.999982536862677
514,Host,Dataset,Iterator::Root::ParallelMapV2::Zip,2,137.886,68.943,12.379,6.1895,0.0,0.0,4.427480787327317e-06,0.9999869643434643
515,Host,Dataset,Iterator::Root::ParallelMapV2::Zip[0]::FlatMap,2,63.922,31.961,8.724,4.362,0.0,0.0,3.1202312293919953e-06,0.9999900845746937
516,Host,_Send,IteratorGetNext/_1,2,8.338,4.169,8.338,4.169,0.0,0.0,2.9821742309342565e-06,0.9999930667489246
517,Host,_Send,IteratorGetNext/_3,2,6.598,3.299,6.598,3.299,0.0,0.0,2.3598447560211356e-06,0.9999954265936807
518,Host,Identity,Identity,2,5.269,2.6345,5.269,2.6345,0.0,0.0,1.8845137950099066e-06,0.9999973111074757
519,Host,Dataset,Iterator::Root::ParallelMapV2::Zip[1]::ForeverRepeat::FromTensor,4,4.035,1.00875,4.035,1.00875,0.0,0.0,1.4431605926864628e-06,0.9999987542680684
520,Host,_HostSend,categorical_crossentropy/softmax_cross_entropy_with_logits/Shape_2/_5,2,3.483,1.7415,3.483,1.7415,0.0,0.0,1.2457319316795416e-06,1.0
