Rank,Host/device,Type,Operation,#Occurrences,Total time (us),Avg. time (us),Total self-time (us),Avg. self-time (us),Total self-time on Device (%),Cumulative total-self time on Device (%),Total self-time on Host (%),Cumulative total-self time on Host (%)
1,Device,IDLE,IDLE,0,2391.148,0.0,2391.148,0.0,0.185299678299062,0.185299678299062,0.0,0.0
2,Device,_Send,IteratorGetNext/_1,2,2310.379,1155.1895,2310.379,1155.1895,0.17904056354893488,0.36434024184799685,0.0,0.0
3,Device,Conv2DBackpropInput,gradient_tape/sequential/conv2d_1/Conv2D/Conv2DBackpropInput,50,1600.905,32.0181,1600.905,32.0181,0.12406056901846303,0.48840081086645987,0.0,0.0
4,Device,Conv2DBackpropFilter,gradient_tape/sequential/conv2d/Conv2D/Conv2DBackpropFilter,2,1328.262,664.131,1328.262,664.131,0.10293236608393486,0.5913331769503947,0.0,0.0
5,Device,_FusedConv2D,sequential/conv2d/Relu,2,834.691,417.3455,834.691,417.3455,0.06468356361844703,0.6560167405688417,0.0,0.0
6,Device,Conv2DBackpropFilter,gradient_tape/sequential/conv2d_1/Conv2D/Conv2DBackpropFilter,2,540.802,270.401,540.802,270.401,0.041908922669566806,0.6979256632384085,0.0,0.0
7,Device,MaxPoolGrad,gradient_tape/sequential/max_pooling2d/MaxPool/MaxPoolGrad,2,446.562,223.281,446.562,223.281,0.034605885934532586,0.7325315491729412,0.0,0.0
8,Device,_FusedConv2D,sequential/conv2d_1/Relu,2,388.706,194.353,388.706,194.353,0.030122391735231444,0.7626539409081726,0.0,0.0
9,Device,ResourceApplyGradientDescent,SGD/SGD/update_4/ResourceApplyGradientDescent,2,365.314,182.657,365.314,182.657,0.028309651547350285,0.790963592455523,0.0,0.0
10,Device,ReluGrad,gradient_tape/sequential/conv2d/ReluGrad,2,310.081,155.0405,310.081,155.0405,0.024029424170587284,0.8149930166261102,0.0,0.0
11,Device,MaxPoolGrad,gradient_tape/sequential/max_pooling2d_1/MaxPool/MaxPoolGrad,2,286.018,143.009,286.018,143.009,0.02216468549321962,0.8371577021193298,0.0,0.0
12,Device,SoftmaxCrossEntropyWithLogits,categorical_crossentropy/softmax_cross_entropy_with_logits,2,208.258,104.129,208.258,104.129,0.016138750258539437,0.8532964523778692,0.0,0.0
13,Device,ReluGrad,gradient_tape/sequential/conv2d_1/ReluGrad,2,195.616,97.808,195.616,97.808,0.015159070818765427,0.8684555231966347,0.0,0.0
14,Device,MatMul,sequential/dense/MatMul,2,174.72,87.36,174.72,87.36,0.013539755712491285,0.881995278909126,0.0,0.0
15,Device,MatMul,gradient_tape/sequential/dense/MatMul/MatMul,2,145.249,72.6245,145.249,72.6245,0.011255929358308417,0.8932512082674344,0.0,0.0
16,Device,ArgMax,ArgMax,2,142.816,71.408,142.816,71.408,0.011067386400155423,0.9043185946675899,0.0,0.0
17,Device,MatMul,gradient_tape/sequential/dense/MatMul/MatMul_1,2,141.344,70.672,141.344,70.672,0.010953315198182052,0.915271909865772,0.0,0.0
18,Device,MaxPool,sequential/max_pooling2d/MaxPool,2,135.329,67.6645,135.329,67.6645,0.010487188649357448,0.9257590985151295,0.0,0.0
19,Device,Transpose,gradient_tape/sequential/conv2d/Conv2D/Conv2DBackpropFilter-0-TransposeNHWCToNCHW-LayoutOptimizer,2,134.593,67.2965,134.593,67.2965,0.010430153048370762,0.9361892515635003,0.0,0.0
20,Device,BiasAddGrad,gradient_tape/sequential/conv2d/BiasAdd/BiasAddGrad,2,118.402,59.201,118.402,59.201,0.009175447320686774,0.9453646988841871,0.0,0.0
21,Device,ArgMax,ArgMax_1,2,113.504,56.752,113.504,56.752,0.008795881595642234,0.9541605804798293,0.0,0.0
22,Device,BiasAddGrad,gradient_tape/sequential/conv2d_1/BiasAdd/BiasAddGrad,2,109.12,54.56,109.12,54.56,0.008456147798460675,0.96261672827829,0.0,0.0
23,Device,MaxPool,sequential/max_pooling2d_1/MaxPool,2,90.753,45.3765,90.753,45.3765,0.007032815076555184,0.9696495433548452,0.0,0.0
24,Device,Transpose,gradient_tape/sequential/max_pooling2d_1/MaxPool/MaxPoolGrad-2-TransposeNHWCToNCHW-LayoutOptimizer,2,33.44,16.72,33.44,16.72,0.0025914001317863355,0.9722409434866316,0.0,0.0
25,Device,Transpose,sequential/max_pooling2d_1/MaxPool-0-1-TransposeNCHWToNHWC-LayoutOptimizer,2,32.736,16.368,32.736,16.368,0.002536844339538202,0.9747777878261698,0.0,0.0
26,Device,Softmax,sequential/dense_2/Softmax,2,26.528,13.264,26.528,13.264,0.0020557614442592077,0.976833549270429,0.0,0.0
27,Device,MatMul,sequential/dense_2/MatMul,2,20.608,10.304,20.608,10.304,0.0015969968276271773,0.9784305460980561,0.0,0.0
28,Device,MatMul,gradient_tape/sequential/dense_2/MatMul/MatMul,2,19.072,9.536,19.072,9.536,0.0014779660081767044,0.9799085121062329,0.0,0.0
29,Device,MatMul,sequential/dense_1/MatMul,2,15.488,7.744,15.488,7.744,0.0012002274294589345,0.9811087395356918,0.0,0.0
30,Device,MatMul,gradient_tape/sequential/dense_1/MatMul/MatMul,2,12.0,6.0,12.0,6.0,0.000929928276956819,0.9820386678126486,0.0,0.0
31,Device,_Send,IteratorGetNext/_3,2,10.336,5.168,10.336,5.168,0.0008009782225521402,0.9828396460352007,0.0,0.0
32,Device,MatMul,gradient_tape/sequential/dense_2/MatMul/MatMul_1,2,10.048,5.024,10.048,5.024,0.0007786599439051765,0.9836183059791058,0.0,0.0
33,Device,MatMul,gradient_tape/sequential/dense_1/MatMul/MatMul_1,2,9.376,4.688,9.376,4.688,0.0007265839603955946,0.9843448899395014,0.0,0.0
34,Device,ResourceApplyGradientDescent,SGD/SGD/update/ResourceApplyGradientDescent,2,7.136,3.568,7.136,3.568,0.0005529973486969884,0.9848978872881984,0.0,0.0
35,Device,ResourceApplyGradientDescent,SGD/SGD/update_8/ResourceApplyGradientDescent,2,6.88,3.44,6.88,3.44,0.0005331588787885762,0.985431046166987,0.0,0.0
36,Device,ResourceApplyGradientDescent,SGD/SGD/update_2/ResourceApplyGradientDescent,2,6.849,3.4245,6.849,3.4245,0.0005307565640731045,0.98596180273106,0.0,0.0
37,Device,ResourceApplyGradientDescent,SGD/SGD/update_6/ResourceApplyGradientDescent,2,6.784,3.392,6.784,3.392,0.0005257194525729216,0.986487522183633,0.0,0.0
38,Device,BiasAddGrad,gradient_tape/sequential/dense/BiasAdd/BiasAddGrad,2,6.528,3.264,6.528,3.264,0.0005058809826645096,0.9869934031662975,0.0,0.0
39,Device,BiasAddGrad,gradient_tape/sequential/dense_1/BiasAdd/BiasAddGrad,2,6.24,3.12,6.24,3.12,0.0004835627040175459,0.987476965870315,0.0,0.0
40,Device,AssignAddVariableOp,SGD/SGD/AssignAddVariableOp,2,6.208,3.104,6.208,3.104,0.0004810828952789944,0.987958048765594,0.0,0.0
41,Device,ResourceApplyGradientDescent,SGD/SGD/update_5/ResourceApplyGradientDescent,2,6.208,3.104,6.208,3.104,0.0004810828952789944,0.988439131660873,0.0,0.0
42,Device,ResourceApplyGradientDescent,SGD/SGD/update_1/ResourceApplyGradientDescent,2,6.176,3.088,6.176,3.088,0.00047860308654044286,0.9889177347474135,0.0,0.0
43,Device,ResourceApplyGradientDescent,SGD/SGD/update_3/ResourceApplyGradientDescent,2,6.176,3.088,6.176,3.088,0.00047860308654044286,0.989396337833954,0.0,0.0
44,Device,DivNoNan,div_no_nan,2,6.176,3.088,6.176,3.088,0.00047860308654044286,0.9898749409204944,0.0,0.0
45,Device,DivNoNan,categorical_crossentropy/weighted_loss/value,2,6.144,3.072,6.144,3.072,0.00047612327780189136,0.9903510641982963,0.0,0.0
46,Device,BiasAdd,sequential/dense/BiasAdd,2,6.144,3.072,6.144,3.072,0.00047612327780189136,0.9908271874760982,0.0,0.0
47,Device,AssignAddVariableOp,AssignAddVariableOp_4,2,6.048,3.024,6.048,3.024,0.0004686838515862368,0.9912958713276845,0.0,0.0
48,Device,AssignAddVariableOp,AssignAddVariableOp_3,2,5.92,2.96,5.92,2.96,0.0004587646166320307,0.9917546359443166,0.0,0.0
49,Device,BiasAddGrad,gradient_tape/sequential/dense_2/BiasAdd/BiasAddGrad,2,5.856,2.928,5.856,2.928,0.00045380499915492767,0.9922084409434715,0.0,0.0
50,Device,ResourceApplyGradientDescent,SGD/SGD/update_9/ResourceApplyGradientDescent,2,5.824,2.912,5.824,2.912,0.00045132519041637617,0.9926597661338878,0.0,0.0
51,Device,AssignAddVariableOp,AssignAddVariableOp,2,5.76,2.88,5.76,2.88,0.0004463655729392731,0.9931061317068272,0.0,0.0
52,Device,ReluGrad,gradient_tape/sequential/dense_1/ReluGrad,2,5.76,2.88,5.76,2.88,0.0004463655729392731,0.9935524972797665,0.0,0.0
53,Device,BiasAdd,sequential/dense_2/BiasAdd,2,5.76,2.88,5.76,2.88,0.0004463655729392731,0.9939988628527058,0.0,0.0
54,Device,Sum,categorical_crossentropy/weighted_loss/Sum,2,5.696,2.848,5.696,2.848,0.00044140595546217007,0.9944402688081679,0.0,0.0
55,Device,ResourceApplyGradientDescent,SGD/SGD/update_7/ResourceApplyGradientDescent,2,5.632,2.816,5.632,2.816,0.0004364463379850671,0.9948767151461531,0.0,0.0
56,Device,Mul,gradient_tape/categorical_crossentropy/softmax_cross_entropy_with_logits/mul,2,5.568,2.784,5.568,2.784,0.000431486720507964,0.995308201866661,0.0,0.0
57,Device,Equal,Equal,2,5.536,2.768,5.536,2.768,0.00042900691176941247,0.9957372087784304,0.0,0.0
58,Device,AssignAddVariableOp,AssignAddVariableOp_2,2,5.44,2.72,5.44,2.72,0.000421567485553758,0.9961587762639842,0.0,0.0
59,Device,BiasAdd,sequential/dense_1/BiasAdd,2,5.44,2.72,5.44,2.72,0.000421567485553758,0.996580343749538,0.0,0.0
60,Device,DivNoNan,div_no_nan_1,2,5.408,2.704,5.408,2.704,0.0004190876768152065,0.9969994314263532,0.0,0.0
61,Device,Sum,Sum_2,2,5.376,2.688,5.376,2.688,0.000416607868076655,0.9974160392944298,0.0,0.0
62,Device,Relu,sequential/dense/Relu,2,5.344,2.672,5.344,2.672,0.00041412805933810343,0.9978301673537678,0.0,0.0
63,Device,Cast,Cast_1,2,5.216,2.608,5.216,2.608,0.0004042088243838974,0.9982343761781517,0.0,0.0
64,Device,Mul,Mul,2,5.152,2.576,5.152,2.576,0.00039924920690679434,0.9986336253850585,0.0,0.0
65,Device,ReluGrad,gradient_tape/sequential/dense/ReluGrad,2,5.12,2.56,5.12,2.56,0.0003967693981682428,0.9990303947832267,0.0,0.0
66,Device,AssignAddVariableOp,AssignAddVariableOp_1,2,5.088,2.544,5.088,2.544,0.0003942895894296913,0.9994246843726564,0.0,0.0
67,Device,Relu,sequential/dense_1/Relu,2,4.736,2.368,4.736,2.368,0.00036701169330562454,0.9997916960659621,0.0,0.0
68,Device,LogicalAnd,LogicalAnd,1,2.688,2.688,2.688,2.688,0.0002083039340383275,1.0000000000000004,0.0,0.0
69,Host,IDLE,IDLE,0,49446.146,0.0,49446.146,0.0,0.0,0.0,0.7914428958894246,0.7914428958894246
70,Host,GatherV2,GatherV2,2,5979.781,2989.8905,5979.781,2989.8905,0.0,0.0,0.09571332802003536,0.88715622390946
71,Host,_Send,IteratorGetNext/_1,2,2714.47,1357.235,2714.47,1357.235,0.0,0.0,0.04344823957776135,0.9306044634872214
72,Host,_Send,IteratorGetNext/_3,2,2692.118,1346.059,2692.118,1346.059,0.0,0.0,0.04309046990226591,0.9736949333894873
73,Host,_Send,IteratorGetNext/_6,2,1309.152,654.576,1309.152,654.576,0.0,0.0,0.0209544956251885,0.9946494290146758
74,Host,GatherV2,GatherV2_1,2,48.107,24.0535,48.107,24.0535,0.0,0.0,0.0007700083115184052,0.9954194373261942
75,Host,Dataset,Iterator::Root::ParallelMapV2::Zip[1]::ForeverRepeat,2,42.791,21.3955,39.299,19.6495,0.0,0.0,0.0006290260592920325,0.9960484633854862
76,Host,FlushSummaryWriter,FlushSummaryWriter,1,38.861,38.861,38.861,38.861,0.0,0.0,0.0006220153614633369,0.9966704787469496
77,Host,Dataset,Iterator::Root::ParallelMapV2::Zip[0]::FlatMap,2,65.688,32.844,34.996,17.498,0.0,0.0,0.000560151555280897,0.9972306303022305
78,Host,LogicalAnd,LogicalAnd,1,33.003,33.003,33.003,33.003,0.0,0.0,0.0005282512795443891,0.9977588815817748
79,Host,Dataset,Iterator::Root::ParallelMapV2::Zip[0]::FlatMap[1]::TensorSlice,2,30.692,15.346,30.692,15.346,0.0,0.0,0.0004912610451103352,0.9982501426268852
80,Host,Dataset,Iterator::Root,2,51.368,25.684,27.91,13.955,0.0,0.0,0.00044673190958651946,0.9986968745364717
81,Host,WriteSummary,WriteSummary,1,26.254,26.254,26.254,26.254,0.0,0.0,0.0004202257095766565,0.9991171002460484
82,Host,Dataset,Iterator::Root::ParallelMapV2,2,23.458,11.729,23.458,11.729,0.0,0.0,0.00037547248782087323,0.9994925727338693
83,Host,Dataset,Iterator::Root::ParallelMapV2::Zip,2,118.386,59.193,9.907,4.9535,0.0,0.0,0.00015857302143581684,0.9996511457553051
84,Host,IteratorGetNext,IteratorGetNext,2,8.833,4.4165,8.833,4.4165,0.0,0.0,0.0001413824062120289,0.9997925281615171
85,Host,ReadVariableOp,ReadVariableOp,1,6.938,6.938,6.938,6.938,0.0,0.0,0.00011105073409929314,0.9999035788956164
86,Host,Dataset,Iterator::Root::ParallelMapV2::Zip[1]::ForeverRepeat::FromTensor,4,3.492,0.873,3.492,0.873,0.0,0.0,5.5893508716450226e-05,0.9999594724043329
87,Host,Identity,Identity,2,2.532,1.266,2.532,1.266,0.0,0.0,4.052759566725429e-05,1.0000000000000002
