Rank,Host/device,Type,Operation,#Occurrences,Total time (us),Avg. time (us),Total self-time (us),Avg. self-time (us),Total self-time on Device (%),Cumulative total-self time on Device (%),Total self-time on Host (%),Cumulative total-self time on Host (%)
1,Device,IDLE,IDLE,0,63436.344,0.0,63436.344,0.0,0.6767909214318238,0.6767909214318238,0.0,0.0
2,Device,DepthwiseConv2dNativeBackpropFilter,gradient_tape/efficientnetb0/block2a_dwconv/depthwise/DepthwiseConv2dNativeBackpropFilter,2,1787.914,893.957,1787.914,893.957,0.019074932242325596,0.6958658536741494,0.0,0.0
3,Device,DepthwiseConv2dNativeBackpropFilter,gradient_tape/efficientnetb0/block3a_dwconv/depthwise/DepthwiseConv2dNativeBackpropFilter,2,977.188,488.594,977.188,488.594,0.010425442660001357,0.7062912963341508,0.0,0.0
4,Device,FusedBatchNormGradV3,gradient_tape/efficientnetb0/block2a_expand_bn/FusedBatchNormGradV3,2,265.793,132.8965,265.793,132.8965,0.002835697614921326,0.7091269939490721,0.0,0.0
5,Device,DepthwiseConv2dNativeBackpropFilter,gradient_tape/efficientnetb0/block5c_dwconv/depthwise/DepthwiseConv2dNativeBackpropFilter,2,249.985,124.9925,249.985,124.9925,0.002667044911890485,0.7117940388609626,0.0,0.0
6,Device,DepthwiseConv2dNativeBackpropFilter,gradient_tape/efficientnetb0/block5b_dwconv/depthwise/DepthwiseConv2dNativeBackpropFilter,2,242.593,121.2965,242.593,121.2965,0.0025881809961007594,0.7143822198570634,0.0,0.0
7,Device,DepthwiseConv2dNativeBackpropFilter,gradient_tape/efficientnetb0/block5a_dwconv/depthwise/DepthwiseConv2dNativeBackpropFilter,2,202.721,101.3605,202.721,101.3605,0.002162793813962242,0.7165450136710256,0.0,0.0
8,Device,DepthwiseConv2dNativeBackpropInput,gradient_tape/efficientnetb0/block2a_dwconv/depthwise/DepthwiseConv2dNativeBackpropInput,2,189.12,94.56,189.12,94.56,0.0020176871961786846,0.7185627008672043,0.0,0.0
9,Device,Conv2DBackpropFilter,gradient_tape/efficientnetb0/block2a_expand_conv/Conv2D/Conv2DBackpropFilter,2,171.969,85.9845,171.969,85.9845,0.0018347062681876704,0.720397407135392,0.0,0.0
10,Device,FusedBatchNormV3,efficientnetb0/block2a_expand_bn/FusedBatchNormV3,4,163.202,40.8005,163.202,40.8005,0.001741172725204916,0.7221385798605969,0.0,0.0
11,Device,Mul,efficientnetb0/block2a_expand_activation/mul,2,158.432,79.216,158.432,79.216,0.0016902824548698254,0.7238288623154667,0.0,0.0
12,Device,Mul,SGD/gradients/mul_136,2,158.304,79.152,158.304,79.152,0.0016889168459384017,0.7255177791614051,0.0,0.0
13,Device,Mul,SGD/gradients/mul_135,2,157.857,78.9285,157.857,78.9285,0.001684147883498195,0.7272019270449034,0.0,0.0
14,Device,Mul,SGD/gradients/mul_137,2,157.473,78.7365,157.473,78.7365,0.0016800510567039238,0.7288819781016073,0.0,0.0
15,Device,Conv2DBackpropInput,gradient_tape/efficientnetb0/top_conv/Conv2D/Conv2DBackpropInput,4,156.385,39.09625,156.385,39.09625,0.001668443380786821,0.7305504214823941,0.0,0.0
16,Device,DepthwiseConv2dNativeBackpropFilter,gradient_tape/efficientnetb0/block4a_dwconv/depthwise/DepthwiseConv2dNativeBackpropFilter,2,144.609,72.3045,144.609,72.3045,0.0015428073590958303,0.73209322884149,0.0,0.0
17,Device,Conv2D,efficientnetb0/block7a_project_conv/Conv2D,4,143.521,35.88025,143.521,35.88025,0.0015311996831787278,0.7336244285246687,0.0,0.0
18,Device,_Recv,IteratorGetNext/_4,2,139.041,69.5205,139.041,69.5205,0.0014834033705788943,0.7351078318952475,0.0,0.0
19,Device,DepthwiseConv2dNativeBackpropFilter,gradient_tape/efficientnetb0/block4c_dwconv/depthwise/DepthwiseConv2dNativeBackpropFilter,2,135.649,67.8245,135.649,67.8245,0.0014472147338961633,0.7365550466291437,0.0,0.0
20,Device,SoftmaxCrossEntropyWithLogits,categorical_crossentropy/softmax_cross_entropy_with_logits,2,125.633,62.8165,125.633,62.8165,0.0013403558350122498,0.737895402464156,0.0,0.0
21,Device,DepthwiseConv2dNativeBackpropFilter,gradient_tape/efficientnetb0/block4b_dwconv/depthwise/DepthwiseConv2dNativeBackpropFilter,2,125.569,62.7845,125.569,62.7845,0.001339673030546538,0.7392350754947025,0.0,0.0
22,Device,Slice,gradient_tape/efficientnetb0/block2a_dwconv_pad/Slice_1,2,121.985,60.9925,121.985,60.9925,0.0013014359804666713,0.7405365114751692,0.0,0.0
23,Device,Pad,efficientnetb0/block2a_dwconv_pad/Pad,2,121.538,60.769,121.538,60.769,0.0012966670180264645,0.7418331784931956,0.0,0.0
24,Device,Conv2DBackpropInput,gradient_tape/efficientnetb0/block6c_expand_conv/Conv2D/Conv2DBackpropInput,4,117.665,29.41625,117.665,29.41625,0.0012553466790311176,0.7430885251722268,0.0,0.0
25,Device,Conv2DBackpropInput,gradient_tape/efficientnetb0/block6d_expand_conv/Conv2D/Conv2DBackpropInput,4,117.217,29.30425,117.217,29.30425,0.0012505670477711342,0.7443390922199979,0.0,0.0
26,Device,Conv2DBackpropInput,gradient_tape/efficientnetb0/block7a_expand_conv/Conv2D/Conv2DBackpropInput,4,117.024,29.256,117.024,29.256,0.0012485079655542217,0.7455876001855521,0.0,0.0
27,Device,Conv2DBackpropInput,gradient_tape/efficientnetb0/block6b_expand_conv/Conv2D/Conv2DBackpropInput,4,116.896,29.224,116.896,29.224,0.0012471423566227978,0.746834742542175,0.0,0.0
28,Device,FusedBatchNormGradV3,gradient_tape/efficientnetb0/block1a_bn/FusedBatchNormGradV3,2,116.257,58.1285,116.257,58.1285,0.0012403249807854556,0.7480750675229604,0.0,0.0
29,Device,Conv2DBackpropFilter,gradient_tape/efficientnetb0/block1a_project_conv/Conv2D/Conv2DBackpropFilter,2,116.192,58.096,116.192,58.096,0.001239631507499967,0.7493146990304603,0.0,0.0
30,Device,Conv2D,efficientnetb0/block6d_project_conv/Conv2D,4,115.041,28.76025,115.041,28.76025,0.0012273516959369294,0.7505420507263972,0.0,0.0
31,Device,Conv2D,efficientnetb0/block6b_project_conv/Conv2D,4,114.945,28.73625,114.945,28.73625,0.0012263274892383613,0.7517683782156356,0.0,0.0
32,Device,FusedBatchNormGradV3,gradient_tape/efficientnetb0/stem_bn/FusedBatchNormGradV3,2,114.689,57.3445,114.689,57.3445,0.0012235962713755138,0.752991974487011,0.0,0.0
33,Device,Conv2D,efficientnetb0/block6c_project_conv/Conv2D,4,114.625,28.65625,114.625,28.65625,0.001222913466909802,0.7542148879539209,0.0,0.0
34,Device,Sigmoid,efficientnetb0/block2a_expand_activation/Sigmoid,2,111.84,55.92,111.84,55.92,0.0011932008038315573,0.7554080887577524,0.0,0.0
35,Device,DepthwiseConv2dNativeBackpropInput,gradient_tape/efficientnetb0/block3a_dwconv/depthwise/DepthwiseConv2dNativeBackpropInput,2,110.56,55.28,110.56,55.28,0.001179544714517319,0.7565876334722698,0.0,0.0
36,Device,Sigmoid,SGD/gradients/Sigmoid_45,2,110.337,55.1685,110.337,55.1685,0.0011771655677071042,0.7577647990399768,0.0,0.0
37,Device,Sub,SGD/gradients/sub_45,2,107.584,53.792,107.584,53.792,0.0011477943068617154,0.7589125933468386,0.0,0.0
38,Device,AddV2,SGD/gradients/add_45,2,105.793,52.8965,105.793,52.8965,0.0011286864506415588,0.7600412797974802,0.0,0.0
39,Device,Conv2DBackpropFilter,gradient_tape/efficientnetb0/block2b_project_conv/Conv2D/Conv2DBackpropFilter,2,104.192,52.096,104.192,52.096,0.0011116056701789842,0.7611528854676591,0.0,0.0
40,Device,Conv2DBackpropInput,gradient_tape/efficientnetb0/block2a_expand_conv/Conv2D/Conv2DBackpropInput,2,101.857,50.9285,101.857,50.9285,0.0010866939760002766,0.7622395794436594,0.0,0.0
41,Device,Conv2DBackpropFilter,gradient_tape/efficientnetb0/stem_conv/Conv2D/Conv2DBackpropFilter,2,97.472,48.736,97.472,48.736,0.001039911201279234,0.7632794906449386,0.0,0.0
42,Device,DepthwiseConv2dNative,efficientnetb0/block2a_dwconv/depthwise,2,95.232,47.616,95.232,47.616,0.0010160130449793174,0.7642955036899179,0.0,0.0
43,Device,Conv2D,efficientnetb0/block2a_expand_conv/Conv2D,2,93.696,46.848,93.696,46.848,0.0009996257378022317,0.7652951294277202,0.0,0.0
44,Device,Conv2DBackpropFilter,gradient_tape/efficientnetb0/block5c_expand_conv/Conv2D/Conv2DBackpropFilter,2,92.544,46.272,92.544,46.272,0.0009873352574194174,0.7662824646851396,0.0,0.0
45,Device,Conv2DBackpropFilter,gradient_tape/efficientnetb0/block5b_expand_conv/Conv2D/Conv2DBackpropFilter,2,92.192,46.096,92.192,46.096,0.0009835798328580018,0.7672660445179976,0.0,0.0
46,Device,Conv2DBackpropFilter,gradient_tape/efficientnetb0/block6a_expand_conv/Conv2D/Conv2DBackpropFilter,2,91.296,45.648,91.296,45.648,0.0009740205703380352,0.7682400650883356,0.0,0.0
47,Device,DepthwiseConv2dNativeBackpropInput,gradient_tape/efficientnetb0/block2b_dwconv/depthwise/DepthwiseConv2dNativeBackpropInput,2,90.913,45.4565,90.913,45.4565,0.0009699344123635404,0.7692099995006992,0.0,0.0
48,Device,Conv2DBackpropInput,gradient_tape/efficientnetb0/block5b_expand_conv/Conv2D/Conv2DBackpropInput,4,87.233,21.80825,87.233,21.80825,0.0009306731555851058,0.7701406726562844,0.0,0.0
49,Device,Conv2DBackpropInput,gradient_tape/efficientnetb0/block5c_expand_conv/Conv2D/Conv2DBackpropInput,4,87.041,21.76025,87.041,21.76025,0.00092862474218797,0.7710692973984724,0.0,0.0
50,Device,Conv2DBackpropInput,gradient_tape/efficientnetb0/block6a_expand_conv/Conv2D/Conv2DBackpropInput,4,87.008,21.752,87.008,21.752,0.0009282726711353374,0.7719975700696078,0.0,0.0
51,Device,FusedBatchNormGradV3,gradient_tape/efficientnetb0/block3a_expand_bn/FusedBatchNormGradV3,2,85.76,42.88,85.76,42.88,0.0009149579840539553,0.7729125280536617,0.0,0.0
52,Device,FusedBatchNormGradV3,gradient_tape/efficientnetb0/block2b_bn/FusedBatchNormGradV3,2,85.728,42.864,85.728,42.864,0.0009146165818210992,0.7738271446354829,0.0,0.0
53,Device,FusedBatchNormGradV3,gradient_tape/efficientnetb0/block2b_expand_bn/FusedBatchNormGradV3,2,84.929,42.4645,84.929,42.4645,0.0009060921948194772,0.7747332368303024,0.0,0.0
54,Device,Conv2DBackpropInput,gradient_tape/efficientnetb0/block7a_se_expand/Conv2D/Conv2DBackpropInput,4,83.264,20.816,83.264,20.816,0.0008883286098911908,0.7756215654401936,0.0,0.0
55,Device,Conv2DBackpropInput,gradient_tape/efficientnetb0/block6d_se_expand/Conv2D/Conv2DBackpropInput,4,83.105,20.77625,83.105,20.77625,0.0008866322675466879,0.7765081977077403,0.0,0.0
56,Device,Conv2DBackpropInput,gradient_tape/efficientnetb0/block6c_se_expand/Conv2D/Conv2DBackpropInput,4,83.008,20.752,83.008,20.752,0.0008855973920283432,0.7773937950997686,0.0,0.0
57,Device,Conv2DBackpropInput,gradient_tape/efficientnetb0/block6b_se_expand/Conv2D/Conv2DBackpropInput,4,82.912,20.728,82.912,20.728,0.0008845731853297754,0.7782783682850983,0.0,0.0
58,Device,Conv2D,efficientnetb0/block6a_project_conv/Conv2D,4,81.92,20.48,81.92,20.48,0.0008739897161112408,0.7791523580012095,0.0,0.0
59,Device,Conv2DBackpropFilter,gradient_tape/efficientnetb0/block3a_expand_conv/Conv2D/Conv2DBackpropFilter,2,81.024,40.512,81.024,40.512,0.000864430453591274,0.7800167884548008,0.0,0.0
60,Device,Conv2DBackpropFilter,gradient_tape/efficientnetb0/block2b_expand_conv/Conv2D/Conv2DBackpropFilter,2,80.896,40.448,80.896,40.448,0.0008630648446598503,0.7808798532994606,0.0,0.0
61,Device,DepthwiseConv2dNativeBackpropFilter,gradient_tape/efficientnetb0/block2b_dwconv/depthwise/DepthwiseConv2dNativeBackpropFilter,2,80.737,40.3685,80.737,40.3685,0.0008613685023153472,0.781741221801776,0.0,0.0
62,Device,Conv2DBackpropFilter,gradient_tape/efficientnetb0/block2a_project_conv/Conv2D/Conv2DBackpropFilter,2,80.673,40.3365,80.673,40.3365,0.0008606856978496353,0.7826019074996255,0.0,0.0
63,Device,DepthwiseConv2dNativeBackpropInput,gradient_tape/efficientnetb0/block1a_dwconv/depthwise/DepthwiseConv2dNativeBackpropInput,2,79.969,39.9845,79.969,39.9845,0.0008531748487268043,0.7834550823483524,0.0,0.0
64,Device,DepthwiseConv2dNativeBackpropFilter,gradient_tape/efficientnetb0/block1a_dwconv/depthwise/DepthwiseConv2dNativeBackpropFilter,2,78.496,39.248,78.496,39.248,0.0008374596771956538,0.784292542025548,0.0,0.0
65,Device,Conv2DBackpropFilter,gradient_tape/efficientnetb0/top_conv/Conv2D/Conv2DBackpropFilter,2,78.177,39.0885,78.177,39.0885,0.000834056323686871,0.7851265983492348,0.0,0.0
66,Device,Conv2DBackpropInput,gradient_tape/efficientnetb0/block7a_project_conv/Conv2D/Conv2DBackpropInput,2,78.146,39.073,78.146,39.073,0.0008337255902737918,0.7859603239395087,0.0,0.0
67,Device,Conv2D,efficientnetb0/block6d_se_reduce/Conv2D,4,77.473,19.36825,77.473,19.36825,0.00082654547456404,0.7867868694140727,0.0,0.0
68,Device,Conv2D,efficientnetb0/block7a_se_reduce/Conv2D,4,77.408,19.352,77.408,19.352,0.0008258520012785513,0.7876127214153513,0.0,0.0
69,Device,Conv2D,efficientnetb0/block6c_se_reduce/Conv2D,4,76.896,19.224,76.896,19.224,0.0008203895655528561,0.7884331109809042,0.0,0.0
70,Device,Conv2D,efficientnetb0/block6b_se_reduce/Conv2D,4,75.905,18.97625,75.905,18.97625,0.0008098167651540983,0.7892429277460583,0.0,0.0
71,Device,Conv2D,efficientnetb0/top_conv/Conv2D,2,73.504,36.752,73.504,36.752,0.0007842009288701251,0.7900271286749284,0.0,0.0
72,Device,Conv2D,efficientnetb0/block5b_project_conv/Conv2D,4,72.897,18.22425,72.897,18.22425,0.0007777249552656388,0.790804853630194,0.0,0.0
73,Device,Conv2D,efficientnetb0/block5c_project_conv/Conv2D,4,72.608,18.152,72.608,18.152,0.0007746416663501584,0.7915794952965441,0.0,0.0
74,Device,DepthwiseConv2dNativeBackpropInput,gradient_tape/efficientnetb0/block3b_dwconv/depthwise/DepthwiseConv2dNativeBackpropInput,2,72.224,36.112,72.224,36.112,0.0007705448395558869,0.7923500401361,0.0,0.0
75,Device,Conv2DBackpropInput,gradient_tape/efficientnetb0/block5a_expand_conv/Conv2D/Conv2DBackpropInput,4,71.553,17.88825,71.553,17.88825,0.0007633860614856886,0.7931134261975857,0.0,0.0
76,Device,Conv2DBackpropInput,gradient_tape/efficientnetb0/block4b_expand_conv/Conv2D/Conv2DBackpropInput,4,71.489,17.87225,71.489,17.87225,0.0007627032570199768,0.7938761294546057,0.0,0.0
77,Device,Conv2DBackpropInput,gradient_tape/efficientnetb0/block4c_expand_conv/Conv2D/Conv2DBackpropInput,4,71.232,17.808,71.232,17.808,0.0007599613703373523,0.7946360908249431,0.0,0.0
78,Device,Conv2DBackpropFilter,gradient_tape/efficientnetb0/block7a_project_conv/Conv2D/Conv2DBackpropFilter,4,70.624,17.656,70.624,17.656,0.0007534747279130891,0.7953895655528562,0.0,0.0
79,Device,DepthwiseConv2dNative,efficientnetb0/block3a_dwconv/depthwise,2,70.304,35.152,70.304,35.152,0.0007500607055845297,0.7961396262584407,0.0,0.0
80,Device,Conv2DBackpropFilter,gradient_tape/efficientnetb0/block5b_project_conv/Conv2D/Conv2DBackpropFilter,4,67.649,16.91225,67.649,16.91225,0.0007217349890772623,0.7968613612475179,0.0,0.0
81,Device,Conv2DBackpropFilter,gradient_tape/efficientnetb0/block5c_project_conv/Conv2D/Conv2DBackpropFilter,4,67.648,16.912,67.648,16.912,0.0007217243202574855,0.7975830855677755,0.0,0.0
82,Device,DepthwiseConv2dNativeBackpropInput,gradient_tape/efficientnetb0/block6a_dwconv/depthwise/DepthwiseConv2dNativeBackpropInput,2,65.376,32.688,65.376,32.688,0.0006974847617247129,0.7982805703295002,0.0,0.0
83,Device,Mul,gradient_tape/efficientnetb0/block2b_se_excite/mul/Mul_1,2,63.297,31.6485,63.297,31.6485,0.0006753042854088526,0.798955874614909,0.0,0.0
84,Device,FusedBatchNormV3,efficientnetb0/block1a_bn/FusedBatchNormV3,4,62.304,15.576,62.304,15.576,0.0006647101473705413,0.7996205847622796,0.0,0.0
85,Device,Conv2D,efficientnetb0/block5a_project_conv/Conv2D,4,62.241,15.56025,62.241,15.56025,0.0006640380117246061,0.8002846227740043,0.0,0.0
86,Device,FusedBatchNormV3,efficientnetb0/stem_bn/FusedBatchNormV3,4,61.728,15.432,61.728,15.432,0.0006585649071791342,0.8009431876811833,0.0,0.0
87,Device,DepthwiseConv2dNativeBackpropFilter,gradient_tape/efficientnetb0/block3b_dwconv/depthwise/DepthwiseConv2dNativeBackpropFilter,2,60.065,30.0325,60.065,30.0325,0.0006408226598904013,0.8015840103410737,0.0,0.0
88,Device,Conv2D,efficientnetb0/block4b_project_conv/Conv2D,4,59.584,14.896,59.584,14.896,0.0006356909575777854,0.8022197012986515,0.0,0.0
89,Device,Conv2D,efficientnetb0/block4c_project_conv/Conv2D,4,59.424,14.856,59.424,14.856,0.0006339839464135055,0.802853685245065,0.0,0.0
90,Device,Pad,efficientnetb0/block3a_dwconv_pad/Pad,2,59.2,29.6,59.2,29.6,0.0006315941307835139,0.8034852793758485,0.0,0.0
91,Device,Conv2DBackpropInput,gradient_tape/efficientnetb0/block5b_se_expand/Conv2D/Conv2DBackpropInput,4,58.496,14.624,58.496,14.624,0.0006240832816606829,0.8041093626575091,0.0,0.0
92,Device,Conv2DBackpropInput,gradient_tape/efficientnetb0/block5c_se_expand/Conv2D/Conv2DBackpropInput,4,58.433,14.60825,58.433,14.60825,0.0006234111460147477,0.8047327738035238,0.0,0.0
93,Device,FusedBatchNormGradV3,gradient_tape/efficientnetb0/block1a_project_bn/FusedBatchNormGradV3,2,58.176,29.088,58.176,29.088,0.0006206692593321234,0.805353443062856,0.0,0.0
94,Device,Conv2DBackpropFilter,gradient_tape/efficientnetb0/block3a_project_conv/Conv2D/Conv2DBackpropFilter,2,57.248,28.624,57.248,28.624,0.0006107685945793006,0.8059642116574353,0.0,0.0
95,Device,Conv2DBackpropFilter,gradient_tape/efficientnetb0/block3b_project_conv/Conv2D/Conv2DBackpropFilter,2,57.056,28.528,57.056,28.528,0.000608720181182165,0.8065729318386174,0.0,0.0
96,Device,Conv2DBackpropInput,gradient_tape/efficientnetb0/block6a_se_expand/Conv2D/Conv2DBackpropInput,4,56.928,14.232,56.928,14.232,0.0006073545722507411,0.8071802864108681,0.0,0.0
97,Device,Conv2DBackpropInput,gradient_tape/efficientnetb0/block6c_project_conv/Conv2D/Conv2DBackpropInput,2,56.928,28.464,56.928,28.464,0.0006073545722507411,0.8077876409831188,0.0,0.0
98,Device,Conv2DBackpropInput,gradient_tape/efficientnetb0/block6d_project_conv/Conv2D/Conv2DBackpropInput,2,56.705,28.3525,56.705,28.3525,0.0006049754254405262,0.8083926164085594,0.0,0.0
99,Device,Conv2DBackpropInput,gradient_tape/efficientnetb0/block6b_project_conv/Conv2D/Conv2DBackpropInput,2,56.64,28.32,56.64,28.32,0.0006042819521550376,0.8089968983607144,0.0,0.0
100,Device,Mul,gradient_tape/efficientnetb0/block1a_se_excite/mul/Mul_1,2,56.0,28.0,56.0,28.0,0.0005974539074979185,0.8095943522682123,0.0,0.0
101,Device,Conv2DBackpropFilter,gradient_tape/efficientnetb0/block6b_expand_conv/Conv2D/Conv2DBackpropFilter,4,55.872,13.968,55.872,13.968,0.0005960882985664947,0.8101904405667788,0.0,0.0
102,Device,Conv2DBackpropFilter,gradient_tape/efficientnetb0/block6c_expand_conv/Conv2D/Conv2DBackpropFilter,4,55.68,13.92,55.68,13.92,0.000594039885169359,0.8107844804519482,0.0,0.0
103,Device,Mul,SGD/gradients/mul_125,2,55.616,27.808,55.616,27.808,0.0005933570807036471,0.8113778375326518,0.0,0.0
104,Device,Conv2DBackpropFilter,gradient_tape/efficientnetb0/block6d_expand_conv/Conv2D/Conv2DBackpropFilter,4,55.424,13.856,55.424,13.856,0.0005913086673065113,0.8119691461999583,0.0,0.0
105,Device,Conv2DBackpropInput,gradient_tape/efficientnetb0/block1a_project_conv/Conv2D/Conv2DBackpropInput,2,55.393,27.6965,55.393,27.6965,0.0005909779338934321,0.8125601241338517,0.0,0.0
106,Device,Conv2DBackpropFilter,gradient_tape/efficientnetb0/block7a_expand_conv/Conv2D/Conv2DBackpropFilter,4,55.361,13.84025,55.361,13.84025,0.0005906365316605762,0.8131507606655123,0.0,0.0
107,Device,Conv2DBackpropInput,gradient_tape/efficientnetb0/block5c_project_conv/Conv2D/Conv2DBackpropInput,2,55.264,27.632,55.264,27.632,0.0005896016561422316,0.8137403623216545,0.0,0.0
108,Device,Conv2D,efficientnetb0/block6a_se_reduce/Conv2D,4,55.201,13.80025,55.201,13.80025,0.0005889295204962964,0.8143292918421507,0.0,0.0
109,Device,Conv2DBackpropInput,gradient_tape/efficientnetb0/block5b_project_conv/Conv2D/Conv2DBackpropInput,2,54.944,27.472,54.944,27.472,0.0005861876338136721,0.8149154794759644,0.0,0.0
110,Device,Conv2D,efficientnetb0/block5c_se_reduce/Conv2D,4,54.88,13.72,54.88,13.72,0.0005855048293479601,0.8155009843053124,0.0,0.0
111,Device,Conv2DBackpropInput,gradient_tape/efficientnetb0/block3a_expand_conv/Conv2D/Conv2DBackpropInput,2,54.433,27.2165,54.433,27.2165,0.0005807358669077536,0.8160817201722201,0.0,0.0
112,Device,Mul,SGD/gradients/mul_117,2,54.4,27.2,54.4,27.2,0.0005803837958551208,0.8166621039680753,0.0,0.0
113,Device,Conv2DBackpropInput,gradient_tape/efficientnetb0/block2b_expand_conv/Conv2D/Conv2DBackpropInput,2,54.304,27.152,54.304,27.152,0.000579359589156553,0.8172414635572318,0.0,0.0
114,Device,Mul,SGD/gradients/mul_123,2,53.952,26.976,53.952,26.976,0.0005756041645951375,0.8178170677218269,0.0,0.0
115,Device,Conv2D,efficientnetb0/block5b_se_reduce/Conv2D,4,53.92,13.48,53.92,13.48,0.0005752627623622816,0.8183923304841892,0.0,0.0
116,Device,Mul,SGD/gradients/mul_128,2,53.761,26.8805,53.761,26.8805,0.0005735664200177785,0.8189658969042071,0.0,0.0
117,Device,Mul,SGD/gradients/mul_119,2,53.632,26.816,53.632,26.816,0.000572190142266578,0.8195380870464737,0.0,0.0
118,Device,Mul,SGD/gradients/mul_126,2,53.6,26.8,53.6,26.8,0.000571848740033722,0.8201099357865074,0.0,0.0
119,Device,DepthwiseConv2dNativeBackpropInput,gradient_tape/efficientnetb0/block5c_dwconv/depthwise/DepthwiseConv2dNativeBackpropInput,2,53.504,26.752,53.504,26.752,0.0005708245333351541,0.8206807603198425,0.0,0.0
120,Device,DepthwiseConv2dNativeBackpropInput,gradient_tape/efficientnetb0/block5b_dwconv/depthwise/DepthwiseConv2dNativeBackpropInput,2,53.409,26.7045,53.409,26.7045,0.000569810995456363,0.8212505713152989,0.0,0.0
121,Device,Conv2DBackpropFilter,gradient_tape/efficientnetb0/block5a_project_conv/Conv2D/Conv2DBackpropFilter,4,53.345,13.33625,53.345,13.33625,0.0005691281909906512,0.8218196995062895,0.0,0.0
122,Device,DepthwiseConv2dNativeBackpropFilter,gradient_tape/efficientnetb0/block6a_dwconv/depthwise/DepthwiseConv2dNativeBackpropFilter,2,52.352,26.176,52.352,26.176,0.0005585340529523397,0.8223782335592419,0.0,0.0
123,Device,Mul,SGD/gradients/mul_118,2,52.064,26.032,52.064,26.032,0.0005554614328566362,0.8229336949920986,0.0,0.0
124,Device,Conv2DBackpropFilter,gradient_tape/efficientnetb0/block4b_project_conv/Conv2D/Conv2DBackpropFilter,4,51.744,12.936,51.744,12.936,0.0005520474105280767,0.8234857424026266,0.0,0.0
125,Device,Conv2DBackpropInput,gradient_tape/efficientnetb0/block4a_expand_conv/Conv2D/Conv2DBackpropInput,4,51.616,12.904,51.616,12.904,0.0005506818015966529,0.8240364242042233,0.0,0.0
126,Device,Conv2DBackpropFilter,gradient_tape/efficientnetb0/block4b_expand_conv/Conv2D/Conv2DBackpropFilter,2,51.584,25.792,51.584,25.792,0.000550340399363797,0.824586764603587,0.0,0.0
127,Device,Conv2DBackpropFilter,gradient_tape/efficientnetb0/block4c_project_conv/Conv2D/Conv2DBackpropFilter,4,51.264,12.816,51.264,12.816,0.0005469263770352374,0.8251336909806223,0.0,0.0
128,Device,Conv2DBackpropFilter,gradient_tape/efficientnetb0/block5a_expand_conv/Conv2D/Conv2DBackpropFilter,2,51.264,25.632,51.264,25.632,0.0005469263770352374,0.8256806173576575,0.0,0.0
129,Device,Conv2DBackpropFilter,gradient_tape/efficientnetb0/block4c_expand_conv/Conv2D/Conv2DBackpropFilter,2,51.104,25.552,51.104,25.552,0.0005452193658709577,0.8262258367235285,0.0,0.0
130,Device,Conv2DBackpropInput,gradient_tape/efficientnetb0/block3b_expand_conv/Conv2D/Conv2DBackpropInput,4,51.072,12.768,51.072,12.768,0.0005448779636381017,0.8267707146871666,0.0,0.0
131,Device,Conv2DBackpropInput,gradient_tape/efficientnetb0/block4b_se_expand/Conv2D/Conv2DBackpropInput,4,50.784,12.696,50.784,12.696,0.0005418053435423981,0.827312520030709,0.0,0.0
132,Device,Conv2DBackpropInput,gradient_tape/efficientnetb0/block5a_se_expand/Conv2D/Conv2DBackpropInput,4,50.688,12.672,50.688,12.672,0.0005407811368438303,0.8278533011675528,0.0,0.0
133,Device,Mul,SGD/gradients/mul_127,2,50.656,25.328,50.656,25.328,0.0005404397346109742,0.8283937409021638,0.0,0.0
134,Device,Conv2D,efficientnetb0/stem_conv/Conv2D,2,50.656,25.328,50.656,25.328,0.0005404397346109742,0.8289341806367747,0.0,0.0
135,Device,Conv2DBackpropInput,gradient_tape/efficientnetb0/block4c_se_expand/Conv2D/Conv2DBackpropInput,4,50.56,12.64,50.56,12.64,0.0005394155279124064,0.8294735961646871,0.0,0.0
136,Device,Mul,SGD/gradients/mul_124,2,50.496,25.248,50.496,25.248,0.0005387327234466946,0.8300123288881338,0.0,0.0
137,Device,Conv2DBackpropInput,gradient_tape/efficientnetb0/block5a_project_conv/Conv2D/Conv2DBackpropInput,2,50.24,25.12,50.24,25.12,0.000536001505583847,0.8305483303937177,0.0,0.0
138,Device,Mul,efficientnetb0/block2b_expand_activation/mul,2,49.952,24.976,49.952,24.976,0.0005329288854881433,0.8310812592792058,0.0,0.0
139,Device,Mul,efficientnetb0/block3a_expand_activation/mul,2,49.92,24.96,49.92,24.96,0.0005325874832552874,0.8316138467624611,0.0,0.0
140,Device,Mul,efficientnetb0/block2b_activation/mul,2,49.888,24.944,49.888,24.944,0.0005322460810224314,0.8321460928434835,0.0,0.0
141,Device,Conv2DBackpropInput,gradient_tape/efficientnetb0/block6a_project_conv/Conv2D/Conv2DBackpropInput,2,49.6,24.8,49.6,24.8,0.0005291734609267279,0.8326752663044102,0.0,0.0
142,Device,Conv2D,efficientnetb0/block4a_project_conv/Conv2D,4,49.185,12.29625,49.185,12.29625,0.0005247459007193772,0.8332000122051296,0.0,0.0
143,Device,AddN,SGD/gradients/AddN_21,2,48.417,24.2085,48.417,24.2085,0.0005165522471308343,0.8337165644522605,0.0,0.0
144,Device,DepthwiseConv2dNative,efficientnetb0/block2b_dwconv/depthwise,2,48.384,24.192,48.384,24.192,0.0005162001760782016,0.8342327646283387,0.0,0.0
145,Device,Slice,gradient_tape/efficientnetb0/block3a_dwconv_pad/Slice_1,2,48.353,24.1765,48.353,24.1765,0.0005158694426651224,0.8347486340710039,0.0,0.0
146,Device,Conv2D,efficientnetb0/block6d_expand_conv/Conv2D,2,48.192,24.096,48.192,24.096,0.0005141517626810659,0.835262785833685,0.0,0.0
147,Device,FusedBatchNormGradV3,gradient_tape/efficientnetb0/block2a_bn/FusedBatchNormGradV3,2,47.68,23.84,47.68,23.84,0.0005086893269553706,0.8357714751606403,0.0,0.0
148,Device,Conv2D,efficientnetb0/block7a_expand_conv/Conv2D,2,47.648,23.824,47.648,23.824,0.0005083479247225147,0.8362798230853629,0.0,0.0
149,Device,Conv2D,efficientnetb0/block6c_expand_conv/Conv2D,2,47.36,23.68,47.36,23.68,0.0005052753046268111,0.8367850983899897,0.0,0.0
150,Device,Conv2D,efficientnetb0/block3a_expand_conv/Conv2D,2,47.297,23.6485,47.297,23.6485,0.0005046031689808759,0.8372897015589705,0.0,0.0
151,Device,Conv2D,efficientnetb0/block6b_expand_conv/Conv2D,2,47.232,23.616,47.232,23.616,0.0005039096956953872,0.8377936112546659,0.0,0.0
152,Device,Conv2D,efficientnetb0/block2b_expand_conv/Conv2D,2,47.073,23.5365,47.073,23.5365,0.0005022133533508842,0.8382958246080168,0.0,0.0
153,Device,DepthwiseConv2dNative,efficientnetb0/block1a_dwconv/depthwise,2,46.976,23.488,46.976,23.488,0.0005011784778325396,0.8387970030858493,0.0,0.0
154,Device,Conv2DBackpropFilter,gradient_tape/efficientnetb0/block4a_project_conv/Conv2D/Conv2DBackpropFilter,4,46.752,11.688,46.752,11.688,0.000498788662202548,0.8392957917480518,0.0,0.0
155,Device,FusedBatchNormV3,efficientnetb0/top_bn/FusedBatchNormV3,4,46.688,11.672,46.688,11.672,0.0004981058577368361,0.8397938976057886,0.0,0.0
156,Device,Conv2D,efficientnetb0/block5a_se_reduce/Conv2D,4,46.529,11.63225,46.529,11.63225,0.000496409515392333,0.8402903071211809,0.0,0.0
157,Device,Conv2D,efficientnetb0/block4c_se_reduce/Conv2D,4,46.336,11.584,46.336,11.584,0.0004943504331754205,0.8407846575543564,0.0,0.0
158,Device,Conv2DBackpropInput,gradient_tape/efficientnetb0/block3b_se_expand/Conv2D/Conv2DBackpropInput,4,46.272,11.568,46.272,11.568,0.0004936676287097087,0.8412783251830661,0.0,0.0
159,Device,Conv2DBackpropInput,gradient_tape/efficientnetb0/block2b_project_conv/Conv2D/Conv2DBackpropInput,2,45.633,22.8165,45.633,22.8165,0.0004868502528723664,0.8417651754359384,0.0,0.0
160,Device,DepthwiseConv2dNative,efficientnetb0/block5c_dwconv/depthwise,2,45.6,22.8,45.6,22.8,0.00048649818181973367,0.8422516736177582,0.0,0.0
161,Device,Conv2DBackpropFilter,gradient_tape/efficientnetb0/block4a_expand_conv/Conv2D/Conv2DBackpropFilter,2,45.504,22.752,45.504,22.752,0.00048547397512116577,0.8427371475928794,0.0,0.0
162,Device,DepthwiseConv2dNative,efficientnetb0/block5b_dwconv/depthwise,2,45.44,22.72,45.44,22.72,0.00048479117065545384,0.8432219387635349,0.0,0.0
163,Device,Conv2DBackpropFilter,gradient_tape/efficientnetb0/block3b_expand_conv/Conv2D/Conv2DBackpropFilter,2,45.409,22.7045,45.409,22.7045,0.00048446043724237466,0.8437063992007773,0.0,0.0
164,Device,Mul,SGD/gradients/mul_143,2,45.344,22.672,45.344,22.672,0.000483766963956886,0.8441901661647342,0.0,0.0
165,Device,Conv2D,efficientnetb0/block4b_se_reduce/Conv2D,4,45.344,11.336,45.344,11.336,0.000483766963956886,0.8446739331286911,0.0,0.0
166,Device,FusedBatchNormV3,efficientnetb0/block2b_bn/FusedBatchNormV3,4,45.28,11.32,45.28,11.32,0.0004830841594911741,0.8451570172881823,0.0,0.0
167,Device,Conv2DBackpropInput,gradient_tape/efficientnetb0/block4a_se_expand/Conv2D/Conv2DBackpropInput,4,45.28,11.32,45.28,11.32,0.0004830841594911741,0.8456401014476734,0.0,0.0
168,Device,FusedBatchNormV3,efficientnetb0/block6c_expand_bn/FusedBatchNormV3,4,44.672,11.168,44.672,11.168,0.000476597517066911,0.8461166989647403,0.0,0.0
169,Device,FusedBatchNormV3,efficientnetb0/block7a_expand_bn/FusedBatchNormV3,4,44.641,11.16025,44.641,11.16025,0.00047626678365383175,0.8465929657483942,0.0,0.0
170,Device,Sigmoid,SGD/gradients/Sigmoid_42,2,44.608,22.304,44.608,22.304,0.00047591471260119905,0.8470688804609954,0.0,0.0
171,Device,FusedBatchNormV3,efficientnetb0/block6b_bn/FusedBatchNormV3,4,44.544,11.136,44.544,11.136,0.0004752319081354871,0.8475441123691309,0.0,0.0
172,Device,FusedBatchNormV3,efficientnetb0/block6d_expand_bn/FusedBatchNormV3,4,44.512,11.128,44.512,11.128,0.0004748905059026312,0.8480190028750335,0.0,0.0
173,Device,Mul,SGD/gradients/mul_144,2,44.48,22.24,44.48,22.24,0.00047454910366977524,0.8484935519787032,0.0,0.0
174,Device,FusedBatchNormV3,efficientnetb0/block7a_bn/FusedBatchNormV3,4,44.48,11.12,44.48,11.12,0.00047454910366977524,0.848968101082373,0.0,0.0
175,Device,Sigmoid,SGD/gradients/Sigmoid_39,2,44.384,22.192,44.384,22.192,0.0004735248969712074,0.8494416259793441,0.0,0.0
176,Device,FusedBatchNormV3,efficientnetb0/block6d_bn/FusedBatchNormV3,4,44.384,11.096,44.384,11.096,0.0004735248969712074,0.8499151508763153,0.0,0.0
177,Device,FusedBatchNormV3,efficientnetb0/block6b_expand_bn/FusedBatchNormV3,4,44.32,11.08,44.32,11.08,0.0004728420925054955,0.8503879929688208,0.0,0.0
178,Device,FusedBatchNormV3,efficientnetb0/block6c_bn/FusedBatchNormV3,4,44.128,11.032,44.128,11.032,0.0004707936791083598,0.8508587866479292,0.0,0.0
179,Device,Conv2DBackpropInput,gradient_tape/efficientnetb0/block4c_project_conv/Conv2D/Conv2DBackpropInput,2,44.065,22.0325,44.065,22.0325,0.0004701215434624246,0.8513289081913916,0.0,0.0
180,Device,Conv2D,efficientnetb0/block1a_project_conv/Conv2D,2,43.873,21.9365,43.873,21.9365,0.0004680731300652889,0.8517969813214569,0.0,0.0
181,Device,FusedBatchNormV3,efficientnetb0/block1a_project_bn/FusedBatchNormV3,4,43.584,10.896,43.584,10.896,0.0004649898411498086,0.8522619711626067,0.0,0.0
182,Device,Conv2D,efficientnetb0/block5c_expand_conv/Conv2D,2,43.552,21.776,43.552,21.776,0.0004646484389169526,0.8527266196015236,0.0,0.0
183,Device,Conv2DBackpropInput,gradient_tape/efficientnetb0/block4b_project_conv/Conv2D/Conv2DBackpropInput,2,43.552,21.776,43.552,21.776,0.0004646484389169526,0.8531912680404405,0.0,0.0
184,Device,Sigmoid,SGD/gradients/Sigmoid_41,2,43.489,21.7445,43.489,21.7445,0.0004639763032710174,0.8536552443437115,0.0,0.0
185,Device,Conv2D,efficientnetb0/block3b_se_reduce/Conv2D,2,43.424,21.712,43.424,21.712,0.0004632828299855288,0.8541185271736971,0.0,0.0
186,Device,Mul,SGD/gradients/mul_141,2,43.36,21.68,43.36,21.68,0.0004626000255198169,0.8545811271992169,0.0,0.0
187,Device,Conv2D,efficientnetb0/block6a_expand_conv/Conv2D,2,43.296,21.648,43.296,21.648,0.000461917221054105,0.855043044420271,0.0,0.0
188,Device,Pad,efficientnetb0/block6a_dwconv_pad/Pad,2,43.232,21.616,43.232,21.616,0.00046123441658839305,0.8555042788368594,0.0,0.0
189,Device,Conv2D,efficientnetb0/block5b_expand_conv/Conv2D,2,42.976,21.488,42.976,21.488,0.00045850319872554543,0.855962782035585,0.0,0.0
190,Device,Mul,SGD/gradients/mul_146,2,42.689,21.3445,42.689,21.3445,0.00045544124744961864,0.8564182232830346,0.0,0.0
191,Device,Conv2D,efficientnetb0/block4a_se_reduce/Conv2D,2,42.624,21.312,42.624,21.312,0.00045474777416413,0.8568729710571987,0.0,0.0
192,Device,Mul,efficientnetb0/block2b_se_excite/mul,2,42.272,21.136,42.272,21.136,0.00045099234960271445,0.8573239634068014,0.0,0.0
193,Device,Conv2DBackpropInput,gradient_tape/efficientnetb0/block2b_se_expand/Conv2D/Conv2DBackpropInput,4,41.952,10.488,41.952,10.488,0.00044757832727415495,0.8577715417340755,0.0,0.0
194,Device,DepthwiseConv2dNativeBackpropInput,gradient_tape/efficientnetb0/block4a_dwconv/depthwise/DepthwiseConv2dNativeBackpropInput,2,41.792,20.896,41.792,20.896,0.0004458713161098752,0.8582174130501854,0.0,0.0
195,Device,DepthwiseConv2dNativeBackpropInput,gradient_tape/efficientnetb0/block5a_dwconv/depthwise/DepthwiseConv2dNativeBackpropInput,2,41.376,20.688,41.376,20.688,0.0004414330870827478,0.8586588461372682,0.0,0.0
196,Device,Mul,gradient_tape/efficientnetb0/block2b_se_excite/mul/Mul,2,41.152,20.576,41.152,20.576,0.0004390432714527561,0.8590978894087209,0.0,0.0
197,Device,AddN,SGD/gradients/AddN_24,2,41.089,20.5445,41.089,20.5445,0.00043837113580682093,0.8595362605445277,0.0,0.0
198,Device,Conv2DBackpropInput,gradient_tape/efficientnetb0/block2a_project_conv/Conv2D/Conv2DBackpropInput,2,41.025,20.5125,41.025,20.5125,0.00043768833134110905,0.8599739488758688,0.0,0.0
199,Device,Conv2DBackpropInput,gradient_tape/efficientnetb0/block3a_se_expand/Conv2D/Conv2DBackpropInput,4,40.864,10.216,40.864,10.216,0.0004359706513570525,0.8604099195272258,0.0,0.0
200,Device,Conv2D,efficientnetb0/block2b_project_conv/Conv2D,2,40.608,20.304,40.608,20.304,0.00043323943349420486,0.86084315896072,0.0,0.0
201,Device,Conv2DBackpropInput,gradient_tape/efficientnetb0/block3b_project_conv/Conv2D/Conv2DBackpropInput,2,40.48,20.24,40.48,20.24,0.00043187382456278105,0.8612750327852827,0.0,0.0
202,Device,FusedBatchNormV3,efficientnetb0/block2b_expand_bn/FusedBatchNormV3,4,40.448,10.112,40.448,10.112,0.00043153242232992514,0.8617065652076127,0.0,0.0
203,Device,Mul,SGD/gradients/mul_145,2,40.128,20.064,40.128,20.064,0.0004281184000013656,0.862134683607614,0.0,0.0
204,Device,Conv2DBackpropInput,gradient_tape/efficientnetb0/block3a_project_conv/Conv2D/Conv2DBackpropInput,2,40.064,20.032,40.064,20.032,0.0004274355955356537,0.8625621192031497,0.0,0.0
205,Device,Mul,efficientnetb0/stem_activation/mul,2,40.0,20.0,40.0,20.0,0.0004267527910699418,0.8629888719942197,0.0,0.0
206,Device,Conv2DBackpropFilter,gradient_tape/efficientnetb0/block6b_project_conv/Conv2D/Conv2DBackpropFilter,2,39.968,19.984,39.968,19.984,0.00042641138883708587,0.8634152833830567,0.0,0.0
207,Device,FusedBatchNormV3,efficientnetb0/block3a_expand_bn/FusedBatchNormV3,4,39.937,9.98425,39.937,9.98425,0.0004260806554240066,0.8638413640384808,0.0,0.0
208,Device,Conv2DBackpropFilter,gradient_tape/efficientnetb0/block6c_project_conv/Conv2D/Conv2DBackpropFilter,2,39.904,19.952,39.904,19.952,0.000425728584371374,0.8642670926228522,0.0,0.0
209,Device,Mul,SGD/gradients/mul_142,2,39.776,19.888,39.776,19.888,0.0004243629754399501,0.8646914555982921,0.0,0.0
210,Device,Conv2DBackpropFilter,gradient_tape/efficientnetb0/block6d_project_conv/Conv2D/Conv2DBackpropFilter,2,39.68,19.84,39.68,19.84,0.00042333876874138223,0.8651147943670334,0.0,0.0
211,Device,Conv2DBackpropInput,gradient_tape/efficientnetb0/block6d_se_reduce/Conv2D/Conv2DBackpropInput,4,39.585,9.89625,39.585,9.89625,0.0004223252308625912,0.865537119597896,0.0,0.0
212,Device,Conv2DBackpropInput,gradient_tape/efficientnetb0/block7a_se_reduce/Conv2D/Conv2DBackpropInput,4,39.552,9.888,39.552,9.888,0.0004219731598099584,0.865959092757706,0.0,0.0
213,Device,Conv2DBackpropInput,gradient_tape/efficientnetb0/block6b_se_reduce/Conv2D/Conv2DBackpropInput,4,39.264,9.816,39.264,9.816,0.0004189005397142549,0.8663779932974203,0.0,0.0
214,Device,Conv2DBackpropInput,gradient_tape/efficientnetb0/block6c_se_reduce/Conv2D/Conv2DBackpropInput,4,39.233,9.80825,39.233,9.80825,0.0004185698063011756,0.8667965631037214,0.0,0.0
215,Device,Sigmoid,SGD/gradients/Sigmoid_47,2,39.232,19.616,39.232,19.616,0.0004185591374813989,0.8672151222412028,0.0,0.0
216,Device,Mul,efficientnetb0/block1a_se_excite/mul,2,38.944,19.472,38.944,19.472,0.00041548651738569533,0.8676306087585884,0.0,0.0
217,Device,Conv2D,efficientnetb0/block3b_project_conv/Conv2D,2,38.24,19.12,38.24,19.12,0.00040797566826286435,0.8680385844268513,0.0,0.0
218,Device,Mul,efficientnetb0/block1a_activation/mul,2,38.08,19.04,38.08,19.04,0.0004062686570985846,0.8684448530839499,0.0,0.0
219,Device,Mul,gradient_tape/efficientnetb0/block2a_se_excite/mul/Mul_1,2,37.76,18.88,37.76,18.88,0.000402854634770025,0.86884770771872,0.0,0.0
220,Device,FusedBatchNormV3,efficientnetb0/block2a_bn/FusedBatchNormV3,4,36.896,9.224,36.896,9.224,0.0003936367744829143,0.8692413444932029,0.0,0.0
221,Device,FusedBatchNormGradV3,gradient_tape/efficientnetb0/top_bn/FusedBatchNormGradV3,2,36.128,18.064,36.128,18.064,0.0003854431208943714,0.8696267876140973,0.0,0.0
222,Device,Mul,gradient_tape/efficientnetb0/block1a_se_excite/mul/Mul,2,36.001,18.0005,36.001,18.0005,0.00038408818078272433,0.87001087579488,0.0,0.0
223,Device,Conv2DBackpropFilter,gradient_tape/efficientnetb0/block6a_project_conv/Conv2D/Conv2DBackpropFilter,2,35.648,17.824,35.648,17.824,0.00038032208740153213,0.8703911978822816,0.0,0.0
224,Device,FusedBatchNormGradV3,gradient_tape/efficientnetb0/block6c_bn/FusedBatchNormGradV3,2,35.648,17.824,35.648,17.824,0.00038032208740153213,0.8707715199696832,0.0,0.0
225,Device,Sub,SGD/gradients/sub_39,2,35.553,17.7765,35.553,17.7765,0.00037930854952274097,0.8711508285192059,0.0,0.0
226,Device,FusedBatchNormV3,efficientnetb0/block6a_expand_bn/FusedBatchNormV3,4,35.52,8.88,35.52,8.88,0.0003789564784701083,0.871529784997676,0.0,0.0
227,Device,FusedBatchNormGradV3,gradient_tape/efficientnetb0/block6d_bn/FusedBatchNormGradV3,2,35.488,17.744,35.488,17.744,0.00037861507623725236,0.8719084000739132,0.0,0.0
228,Device,FusedBatchNormGradV3,gradient_tape/efficientnetb0/block6b_bn/FusedBatchNormGradV3,2,35.456,17.728,35.456,17.728,0.00037827367400439645,0.8722866737479177,0.0,0.0
229,Device,FusedBatchNormGradV3,gradient_tape/efficientnetb0/block7a_bn/FusedBatchNormGradV3,2,35.424,17.712,35.424,17.712,0.0003779322717715404,0.8726646060196892,0.0,0.0
230,Device,FusedBatchNormGradV3,gradient_tape/efficientnetb0/block6c_expand_bn/FusedBatchNormGradV3,2,35.328,17.664,35.328,17.664,0.00037690806507297264,0.8730415140847622,0.0,0.0
231,Device,FusedBatchNormV3,efficientnetb0/block5c_expand_bn/FusedBatchNormV3,4,35.105,8.77625,35.105,8.77625,0.0003745289182627576,0.8734160430030249,0.0,0.0
232,Device,FusedBatchNormGradV3,gradient_tape/efficientnetb0/block7a_expand_bn/FusedBatchNormGradV3,2,35.073,17.5365,35.073,17.5365,0.0003741875160299017,0.8737902305190548,0.0,0.0
233,Device,FusedBatchNormV3,efficientnetb0/block5b_bn/FusedBatchNormV3,4,35.072,8.768,35.072,8.768,0.00037417684721012496,0.8741644073662649,0.0,0.0
234,Device,FusedBatchNormV3,efficientnetb0/block5b_expand_bn/FusedBatchNormV3,4,34.944,8.736,34.944,8.736,0.00037281123827870115,0.8745372186045436,0.0,0.0
235,Device,FusedBatchNormGradV3,gradient_tape/efficientnetb0/block6d_expand_bn/FusedBatchNormGradV3,2,34.88,17.44,34.88,17.44,0.0003721284338129893,0.8749093470383565,0.0,0.0
236,Device,FusedBatchNormV3,efficientnetb0/block5c_bn/FusedBatchNormV3,4,34.848,8.712,34.848,8.712,0.00037178703158013325,0.8752811340699367,0.0,0.0
237,Device,FusedBatchNormGradV3,gradient_tape/efficientnetb0/block6b_expand_bn/FusedBatchNormGradV3,2,34.848,17.424,34.848,17.424,0.00037178703158013325,0.8756529211015168,0.0,0.0
238,Device,Sub,SGD/gradients/sub_41,2,34.528,17.264,34.528,17.264,0.00036837300925157376,0.8760212941107683,0.0,0.0
239,Device,Sub,SGD/gradients/sub_42,2,34.464,17.232,34.464,17.232,0.0003676902047858618,0.8763889843155542,0.0,0.0
240,Device,FusedBatchNormV3,efficientnetb0/block6a_bn/FusedBatchNormV3,4,34.304,8.576,34.304,8.576,0.0003659831936215821,0.8767549675091758,0.0,0.0
241,Device,DepthwiseConv2dNative,efficientnetb0/block5a_dwconv/depthwise,2,34.112,17.056,34.112,17.056,0.00036393478022444636,0.8771189022894003,0.0,0.0
242,Device,Sigmoid,efficientnetb0/stem_activation/Sigmoid,2,33.953,16.9765,33.953,16.9765,0.0003622384378799434,0.8774811407272802,0.0,0.0
243,Device,Conv2DBackpropInput,gradient_tape/efficientnetb0/block2a_se_expand/Conv2D/Conv2DBackpropInput,4,33.664,8.416,33.664,8.416,0.000359155148964463,0.8778402958762447,0.0,0.0
244,Device,Conv2DBackpropInput,gradient_tape/efficientnetb0/block4a_project_conv/Conv2D/Conv2DBackpropInput,2,33.472,16.736,33.472,16.736,0.0003571067355673273,0.878197402611812,0.0,0.0
245,Device,Sigmoid,efficientnetb0/block3a_expand_activation/Sigmoid,2,32.96,16.48,32.96,16.48,0.000351644299841632,0.8785490469116536,0.0,0.0
246,Device,Conv2D,efficientnetb0/block3b_expand_conv/Conv2D,2,32.96,16.48,32.96,16.48,0.000351644299841632,0.8789006912114952,0.0,0.0
247,Device,Conv2D,efficientnetb0/block4a_expand_conv/Conv2D,2,32.928,16.464,32.928,16.464,0.00035130289760877605,0.8792519941091039,0.0,0.0
248,Device,Sigmoid,efficientnetb0/block2b_activation/Sigmoid,2,32.8,16.4,32.8,16.4,0.00034993728867735224,0.8796019313977813,0.0,0.0
249,Device,Sigmoid,efficientnetb0/block2b_expand_activation/Sigmoid,2,32.417,16.2085,32.417,16.2085,0.0003458511307028576,0.8799477825284842,0.0,0.0
250,Device,Sigmoid,efficientnetb0/block1a_activation/Sigmoid,2,32.032,16.016,32.032,16.016,0.0003417436350888093,0.8802895261635729,0.0,0.0
251,Device,DepthwiseConv2dNative,efficientnetb0/block3b_dwconv/depthwise,2,31.68,15.84,31.68,15.84,0.0003379882105273939,0.8806275143741004,0.0,0.0
252,Device,Conv2D,efficientnetb0/block2a_project_conv/Conv2D,2,30.912,15.456,30.912,15.456,0.000329794556938851,0.8809573089310392,0.0,0.0
253,Device,FusedBatchNormV3,efficientnetb0/block4b_bn/FusedBatchNormV3,4,30.624,7.656,30.624,7.656,0.0003267219368431474,0.8812840308678823,0.0,0.0
254,Device,Conv2D,efficientnetb0/block4b_expand_conv/Conv2D,2,30.528,15.264,30.528,15.264,0.00032569773014457957,0.8816097285980269,0.0,0.0
255,Device,FusedBatchNormV3,efficientnetb0/block4c_bn/FusedBatchNormV3,4,30.464,7.616,30.464,7.616,0.00032501492567886764,0.8819347435237057,0.0,0.0
256,Device,Conv2D,efficientnetb0/block5a_expand_conv/Conv2D,2,30.336,15.168,30.336,15.168,0.00032364931674744383,0.8822583928404532,0.0,0.0
257,Device,FusedBatchNormV3,efficientnetb0/block5a_bn/FusedBatchNormV3,4,30.24,7.56,30.24,7.56,0.000322625110048876,0.882581017950502,0.0,0.0
258,Device,FusedBatchNormV3,efficientnetb0/block4b_expand_bn/FusedBatchNormV3,4,30.177,7.54425,30.177,7.54425,0.00032195297440294085,0.882902970924905,0.0,0.0
259,Device,Conv2D,efficientnetb0/block4c_expand_conv/Conv2D,2,30.144,15.072,30.144,15.072,0.0003216009033503081,0.8832245718282553,0.0,0.0
260,Device,FusedBatchNormV3,efficientnetb0/block5a_expand_bn/FusedBatchNormV3,4,30.016,7.504,30.016,7.504,0.0003202352944188843,0.8835448071226742,0.0,0.0
261,Device,FusedBatchNormV3,efficientnetb0/block4c_expand_bn/FusedBatchNormV3,4,29.984,7.496,29.984,7.496,0.00031989389218602837,0.8838647010148603,0.0,0.0
262,Device,Conv2D,efficientnetb0/block3a_se_reduce/Conv2D,2,29.824,14.912,29.824,14.912,0.0003181868810217486,0.884182887895882,0.0,0.0
263,Device,Conv2D,efficientnetb0/block2b_se_reduce/Conv2D,2,29.792,14.896,29.792,14.896,0.0003178454787888927,0.8845007333746708,0.0,0.0
264,Device,FusedBatchNormV3,efficientnetb0/block3b_bn/FusedBatchNormV3,4,29.248,7.312,29.248,7.312,0.00031204164083034147,0.8848127750155012,0.0,0.0
265,Device,Sigmoid,SGD/gradients/Sigmoid_44,2,29.152,14.576,29.152,14.576,0.0003110174341317736,0.8851237924496329,0.0,0.0
266,Device,Conv2D,efficientnetb0/block3a_project_conv/Conv2D,2,29.12,14.56,29.12,14.56,0.0003106760318989176,0.8854344684815318,0.0,0.0
267,Device,Pad,efficientnetb0/block4a_dwconv_pad/Pad,2,29.12,14.56,29.12,14.56,0.0003106760318989176,0.8857451445134308,0.0,0.0
268,Device,Conv2DBackpropInput,gradient_tape/efficientnetb0/block5c_se_reduce/Conv2D/Conv2DBackpropInput,2,29.056,14.528,29.056,14.528,0.00030999322743320573,0.886055137740864,0.0,0.0
269,Device,Conv2DBackpropInput,gradient_tape/efficientnetb0/block5b_se_reduce/Conv2D/Conv2DBackpropInput,2,28.992,14.496,28.992,14.496,0.0003093104229674938,0.8863644481638314,0.0,0.0
270,Device,Conv2DBackpropInput,gradient_tape/efficientnetb0/block6a_se_reduce/Conv2D/Conv2DBackpropInput,2,28.992,14.496,28.992,14.496,0.0003093104229674938,0.8866737585867989,0.0,0.0
271,Device,FusedBatchNormV3,efficientnetb0/block3b_expand_bn/FusedBatchNormV3,4,28.225,7.05625,28.225,7.05625,0.0003011274381987277,0.8869748860249976,0.0,0.0
272,Device,DepthwiseConv2dNative,efficientnetb0/block6a_dwconv/depthwise,2,28.16,14.08,28.16,14.08,0.000300433964913239,0.8872753199899108,0.0,0.0
273,Device,Mean,efficientnetb0/block1a_se_squeeze/Mean,2,28.032,14.016,28.032,14.016,0.0002990683559818152,0.8875743883458926,0.0,0.0
274,Device,FusedBatchNormV3,efficientnetb0/block4a_expand_bn/FusedBatchNormV3,4,27.968,6.992,27.968,6.992,0.0002983855515161033,0.8878727738974087,0.0,0.0
275,Device,Sub,SGD/gradients/sub_48,2,27.904,13.952,27.904,13.952,0.0002977027470503914,0.8881704766444591,0.0,0.0
276,Device,FusedBatchNormGradV3,gradient_tape/efficientnetb0/block5b_bn/FusedBatchNormGradV3,2,27.808,13.904,27.808,13.904,0.00029667854035182354,0.888467155184811,0.0,0.0
277,Device,Mean,efficientnetb0/block2b_se_squeeze/Mean,2,27.777,13.8885,27.777,13.8885,0.0002963478069387443,0.8887635029917498,0.0,0.0
278,Device,Mul,SGD/gradients/mul_134,2,27.68,13.84,27.68,13.84,0.00029531293142039973,0.8890588159231702,0.0,0.0
279,Device,FusedBatchNormGradV3,gradient_tape/efficientnetb0/block5b_expand_bn/FusedBatchNormGradV3,2,27.424,13.712,27.424,13.712,0.00029258171355755206,0.8893513976367277,0.0,0.0
280,Device,FusedBatchNormGradV3,gradient_tape/efficientnetb0/block6a_expand_bn/FusedBatchNormGradV3,2,27.393,13.6965,27.393,13.6965,0.0002922509801444729,0.8896436486168722,0.0,0.0
281,Device,FusedBatchNormGradV3,gradient_tape/efficientnetb0/block4a_expand_bn/FusedBatchNormGradV3,2,26.913,13.4565,26.913,13.4565,0.0002871299466516336,0.8899307785635238,0.0,0.0
282,Device,FusedBatchNormGradV3,gradient_tape/efficientnetb0/block3b_bn/FusedBatchNormGradV3,2,26.912,13.456,26.912,13.456,0.0002871192778318568,0.8902178978413556,0.0,0.0
283,Device,FusedBatchNormGradV3,gradient_tape/efficientnetb0/block5c_bn/FusedBatchNormGradV3,2,26.912,13.456,26.912,13.456,0.0002871192778318568,0.8905050171191875,0.0,0.0
284,Device,Transpose,efficientnetb0/block2b_activation/mul-0-3-TransposeNCHWToNHWC-LayoutOptimizer,2,26.816,13.408,26.816,13.408,0.000286095071133289,0.8907911121903208,0.0,0.0
285,Device,FusedBatchNormGradV3,gradient_tape/efficientnetb0/block5c_expand_bn/FusedBatchNormGradV3,2,26.624,13.312,26.624,13.312,0.00028404665773615323,0.891075158848057,0.0,0.0
286,Device,Sub,SGD/gradients/sub_47,2,26.528,13.264,26.528,13.264,0.0002830224510375854,0.8913581812990946,0.0,0.0
287,Device,FusedBatchNormGradV3,gradient_tape/efficientnetb0/block3b_expand_bn/FusedBatchNormGradV3,2,26.432,13.216,26.432,13.216,0.00028199824433901754,0.8916401795434337,0.0,0.0
288,Device,Mul,SGD/gradients/mul_133,2,26.368,13.184,26.368,13.184,0.0002813154398733056,0.891921494983307,0.0,0.0
289,Device,Mul,gradient_tape/efficientnetb0/block2a_se_excite/mul/Mul,2,26.272,13.136,26.272,13.136,0.00028029123317473777,0.8922017862164817,0.0,0.0
290,Device,Conv2D,efficientnetb0/block2a_se_reduce/Conv2D,2,25.728,12.864,25.728,12.864,0.00027448739521618656,0.8924762736116979,0.0,0.0
291,Device,Pad,efficientnetb0/stem_conv_pad/Pad,2,25.632,12.816,25.632,12.816,0.0002734631885176187,0.8927497368002155,0.0,0.0
292,Device,Sigmoid,SGD/gradients/Sigmoid_48,2,25.408,12.704,25.408,12.704,0.000271073372887627,0.8930208101731032,0.0,0.0
293,Device,FusedBatchNormV3,efficientnetb0/block7a_project_bn/FusedBatchNormV3,4,25.376,6.344,25.376,6.344,0.0002707319706547711,0.8932915421437579,0.0,0.0
294,Device,Conv2DBackpropInput,gradient_tape/efficientnetb0/block4b_se_reduce/Conv2D/Conv2DBackpropInput,2,25.312,12.656,25.312,12.656,0.00027004916618905917,0.8935615913099471,0.0,0.0
295,Device,AddN,SGD/gradients/AddN_23,2,25.28,12.64,25.28,12.64,0.0002697077639562032,0.8938312990739032,0.0,0.0
296,Device,Conv2DBackpropInput,gradient_tape/efficientnetb0/block5a_se_reduce/Conv2D/Conv2DBackpropInput,2,25.152,12.576,25.152,12.576,0.0002683421550247794,0.894099641228928,0.0,0.0
297,Device,FusedBatchNormV3,efficientnetb0/block4a_bn/FusedBatchNormV3,4,25.12,6.28,25.12,6.28,0.0002680007527919235,0.8943676419817199,0.0,0.0
298,Device,Conv2DBackpropInput,gradient_tape/efficientnetb0/block4c_se_reduce/Conv2D/Conv2DBackpropInput,2,25.057,12.5285,25.057,12.5285,0.0002673286171459883,0.8946349705988659,0.0,0.0
299,Device,DepthwiseConv2dNativeBackpropInput,gradient_tape/efficientnetb0/block4c_dwconv/depthwise/DepthwiseConv2dNativeBackpropInput,2,24.864,12.432,24.864,12.432,0.0002652695349290758,0.894900240133795,0.0,0.0
300,Device,FusedBatchNormGradV3,gradient_tape/efficientnetb0/block6a_bn/FusedBatchNormGradV3,2,24.832,12.416,24.832,12.416,0.0002649281326962199,0.8951651682664912,0.0,0.0
301,Device,FusedBatchNormV3,efficientnetb0/block2a_project_bn/FusedBatchNormV3,4,24.8,6.2,24.8,6.2,0.0002645867304633639,0.8954297549969545,0.0,0.0
302,Device,FusedBatchNormV3,efficientnetb0/block2b_project_bn/FusedBatchNormV3,4,24.8,6.2,24.8,6.2,0.0002645867304633639,0.8956943417274179,0.0,0.0
303,Device,RealDiv,gradient_tape/efficientnetb0/block2b_se_squeeze/truediv,2,24.704,12.352,24.704,12.352,0.00026356252376479603,0.8959579042511827,0.0,0.0
304,Device,DepthwiseConv2dNativeBackpropInput,gradient_tape/efficientnetb0/block4b_dwconv/depthwise/DepthwiseConv2dNativeBackpropInput,2,24.672,12.336,24.672,12.336,0.0002632211215319401,0.8962211253727147,0.0,0.0
305,Device,Conv2DBackpropInput,gradient_tape/efficientnetb0/block1a_se_expand/Conv2D/Conv2DBackpropInput,2,24.416,12.208,24.416,12.208,0.0002604899036690925,0.8964816152763838,0.0,0.0
306,Device,DepthwiseConv2dNativeBackpropFilter,gradient_tape/efficientnetb0/block6d_dwconv/depthwise/DepthwiseConv2dNativeBackpropFilter,2,24.416,12.208,24.416,12.208,0.0002604899036690925,0.8967421051800529,0.0,0.0
307,Device,DepthwiseConv2dNativeBackpropFilter,gradient_tape/efficientnetb0/block6b_dwconv/depthwise/DepthwiseConv2dNativeBackpropFilter,2,24.384,12.192,24.384,12.192,0.00026014850143623653,0.8970022536814891,0.0,0.0
308,Device,DepthwiseConv2dNativeBackpropFilter,gradient_tape/efficientnetb0/block6c_dwconv/depthwise/DepthwiseConv2dNativeBackpropFilter,2,24.321,12.1605,24.321,12.1605,0.0002594763657903014,0.8972617300472794,0.0,0.0
309,Device,Mul,SGD/gradients/mul_132,2,24.192,12.096,24.192,12.096,0.0002581000880391008,0.8975198301353184,0.0,0.0
310,Device,Mul,efficientnetb0/block2a_se_excite/mul,2,24.032,12.016,24.032,12.016,0.000256393076874821,0.8977762232121933,0.0,0.0
311,Device,BiasAddGrad,gradient_tape/efficientnetb0/block6b_se_expand/BiasAdd/BiasAddGrad,2,23.584,11.792,23.584,11.792,0.00025161344561483765,0.8980278366578082,0.0,0.0
312,Device,BiasAddGrad,gradient_tape/efficientnetb0/block6d_se_expand/BiasAdd/BiasAddGrad,2,23.584,11.792,23.584,11.792,0.00025161344561483765,0.898279450103423,0.0,0.0
313,Device,BiasAddGrad,gradient_tape/efficientnetb0/block6c_se_expand/BiasAdd/BiasAddGrad,2,23.552,11.776,23.552,11.776,0.00025127204338198174,0.898530722146805,0.0,0.0
314,Device,BiasAddGrad,gradient_tape/efficientnetb0/block7a_se_expand/BiasAdd/BiasAddGrad,2,23.521,11.7605,23.521,11.7605,0.0002509413099689025,0.8987816634567739,0.0,0.0
315,Device,FusedBatchNormV3,efficientnetb0/block3a_bn/FusedBatchNormV3,4,23.52,5.88,23.52,5.88,0.00025093064114912577,0.899032594097923,0.0,0.0
316,Device,Transpose,SGD/gradients/AddN_21-1-TransposeNHWCToNCHW-LayoutOptimizer,2,23.296,11.648,23.296,11.648,0.00024854082551913406,0.8992811349234422,0.0,0.0
317,Device,ResourceApplyGradientDescent,SGD/SGD/update_208/ResourceApplyGradientDescent,2,23.104,11.552,23.104,11.552,0.0002464924121219984,0.8995276273355642,0.0,0.0
318,Device,Transpose,gradient_tape/efficientnetb0/stem_conv/Conv2D/Conv2DBackpropFilter-0-TransposeNHWCToNCHW-LayoutOptimizer,2,22.976,11.488,22.976,11.488,0.00024512680319057457,0.8997727541387548,0.0,0.0
319,Device,FusedBatchNormGradV3,gradient_tape/efficientnetb0/block4c_bn/FusedBatchNormGradV3,2,22.4,11.2,22.4,11.2,0.0002389815629991674,0.900011735701754,0.0,0.0
320,Device,RealDiv,gradient_tape/efficientnetb0/block1a_se_squeeze/truediv,2,22.336,11.168,22.336,11.168,0.0002382987585334555,0.9002500344602874,0.0,0.0
321,Device,Mean,efficientnetb0/avg_pool/Mean,2,22.24,11.12,22.24,11.12,0.00023727455183488762,0.9004873090121223,0.0,0.0
322,Device,Conv2DBackpropFilter,gradient_tape/efficientnetb0/block5a_se_expand/Conv2D/Conv2DBackpropFilter,2,22.24,11.12,22.24,11.12,0.00023727455183488762,0.9007245835639571,0.0,0.0
323,Device,Conv2DBackpropFilter,gradient_tape/efficientnetb0/block4b_se_expand/Conv2D/Conv2DBackpropFilter,2,21.986,10.993,21.986,10.993,0.0002345646716115935,0.9009591482355688,0.0,0.0
324,Device,Transpose,efficientnetb0/block1a_activation/mul-0-3-TransposeNCHWToNHWC-LayoutOptimizer,2,21.92,10.96,21.92,10.96,0.00023386052950632812,0.9011930087650751,0.0,0.0
325,Device,Conv2DBackpropFilter,gradient_tape/efficientnetb0/block4c_se_expand/Conv2D/Conv2DBackpropFilter,2,21.856,10.928,21.856,10.928,0.00023317772504061622,0.9014261864901157,0.0,0.0
326,Device,FusedBatchNormGradV3,gradient_tape/efficientnetb0/block5a_bn/FusedBatchNormGradV3,2,21.792,10.896,21.792,10.896,0.0002324949205749043,0.9016586814106906,0.0,0.0
327,Device,FusedBatchNormGradV3,gradient_tape/efficientnetb0/block4c_expand_bn/FusedBatchNormGradV3,2,21.728,10.864,21.728,10.864,0.0002318121161091924,0.9018904935267998,0.0,0.0
328,Device,FusedBatchNormGradV3,gradient_tape/efficientnetb0/block4b_bn/FusedBatchNormGradV3,2,21.696,10.848,21.696,10.848,0.00023147071387633644,0.9021219642406761,0.0,0.0
329,Device,Conv2D,efficientnetb0/block6b_se_expand/Conv2D,2,21.568,10.784,21.568,10.784,0.00023010510494491263,0.9023520693456211,0.0,0.0
330,Device,FusedBatchNormGradV3,gradient_tape/efficientnetb0/block4b_expand_bn/FusedBatchNormGradV3,2,21.568,10.784,21.568,10.784,0.00023010510494491263,0.902582174450566,0.0,0.0
331,Device,Conv2D,efficientnetb0/block6c_se_expand/Conv2D,2,21.44,10.72,21.44,10.72,0.00022873949601348882,0.9028109139465795,0.0,0.0
332,Device,Conv2D,efficientnetb0/block6d_se_expand/Conv2D,2,21.44,10.72,21.44,10.72,0.00022873949601348882,0.9030396534425931,0.0,0.0
333,Device,Conv2D,efficientnetb0/block7a_se_expand/Conv2D,2,21.44,10.72,21.44,10.72,0.00022873949601348882,0.9032683929386066,0.0,0.0
334,Device,FusedBatchNormGradV3,gradient_tape/efficientnetb0/block5a_expand_bn/FusedBatchNormGradV3,2,21.376,10.688,21.376,10.688,0.00022805669154777692,0.9034964496301544,0.0,0.0
335,Device,FusedBatchNormV3,efficientnetb0/block6b_project_bn/FusedBatchNormV3,4,21.248,5.312,21.248,5.312,0.00022669108261635308,0.9037231407127707,0.0,0.0
336,Device,FusedBatchNormV3,efficientnetb0/block6a_project_bn/FusedBatchNormV3,4,21.056,5.264,21.056,5.264,0.00022464266921921736,0.9039477833819899,0.0,0.0
337,Device,Conv2DBackpropFilter,gradient_tape/efficientnetb0/block7a_se_expand/Conv2D/Conv2DBackpropFilter,2,21.056,10.528,21.056,10.528,0.00022464266921921736,0.9041724260512091,0.0,0.0
338,Device,ArgMax,ArgMax,2,20.96,10.48,20.96,10.48,0.0002236184625206495,0.9043960445137297,0.0,0.0
339,Device,FusedBatchNormV3,efficientnetb0/block6c_project_bn/FusedBatchNormV3,4,20.96,5.24,20.96,5.24,0.0002236184625206495,0.9046196629762503,0.0,0.0
340,Device,FusedBatchNormV3,efficientnetb0/block6d_project_bn/FusedBatchNormV3,4,20.928,5.232,20.928,5.232,0.00022327706028779355,0.9048429400365381,0.0,0.0
341,Device,DepthwiseConv2dNative,efficientnetb0/block6c_dwconv/depthwise,2,20.864,10.432,20.864,10.432,0.00022259425582208165,0.9050655342923601,0.0,0.0
342,Device,DepthwiseConv2dNative,efficientnetb0/block6d_dwconv/depthwise,2,20.832,10.416,20.832,10.416,0.00022225285358922568,0.9052877871459494,0.0,0.0
343,Device,MatMul,efficientnetb0/predictions/MatMul,2,20.832,10.416,20.832,10.416,0.00022225285358922568,0.9055100399995386,0.0,0.0
344,Device,DepthwiseConv2dNative,efficientnetb0/block6b_dwconv/depthwise,2,20.8,10.4,20.8,10.4,0.00022191145135636974,0.905731951450895,0.0,0.0
345,Device,FusedBatchNormGradV3,gradient_tape/efficientnetb0/block2a_project_bn/FusedBatchNormGradV3,2,20.736,10.368,20.736,10.368,0.00022122864689065784,0.9059531800977857,0.0,0.0
346,Device,Mean,efficientnetb0/block6d_se_squeeze/Mean,2,20.672,10.336,20.672,10.336,0.00022054584242494593,0.9061737259402106,0.0,0.0
347,Device,FusedBatchNormV3,efficientnetb0/block3a_project_bn/FusedBatchNormV3,4,20.608,5.152,20.608,5.152,0.000219863037959234,0.9063935889781699,0.0,0.0
348,Device,FusedBatchNormV3,efficientnetb0/block3b_project_bn/FusedBatchNormV3,4,20.608,5.152,20.608,5.152,0.000219863037959234,0.9066134520161292,0.0,0.0
349,Device,Mean,efficientnetb0/block7a_se_squeeze/Mean,2,20.608,10.304,20.608,10.304,0.000219863037959234,0.9068333150540885,0.0,0.0
350,Device,Mean,efficientnetb0/block6b_se_squeeze/Mean,2,20.577,10.2885,20.577,10.2885,0.00021953230454615483,0.9070528473586347,0.0,0.0
351,Device,Mean,efficientnetb0/block6c_se_squeeze/Mean,2,20.576,10.288,20.576,10.288,0.00021952163572637806,0.907272368994361,0.0,0.0
352,Device,FusedBatchNormGradV3,gradient_tape/efficientnetb0/block2b_project_bn/FusedBatchNormGradV3,2,20.576,10.288,20.576,10.288,0.00021952163572637806,0.9074918906300874,0.0,0.0
353,Device,Conv2DBackpropFilter,gradient_tape/efficientnetb0/block6c_se_expand/Conv2D/Conv2DBackpropFilter,2,20.544,10.272,20.544,10.272,0.0002191802334935221,0.9077110708635809,0.0,0.0
354,Device,BroadcastTo,gradient_tape/efficientnetb0/block2b_se_squeeze/BroadcastTo,2,20.416,10.208,20.416,10.208,0.00021781462456209829,0.907928885488143,0.0,0.0
355,Device,Conv2DBackpropFilter,gradient_tape/efficientnetb0/block6b_se_expand/Conv2D/Conv2DBackpropFilter,2,20.384,10.192,20.384,10.192,0.00021747322232924235,0.9081463587104722,0.0,0.0
356,Device,FusedBatchNormV3,efficientnetb0/block4c_project_bn/FusedBatchNormV3,4,20.288,5.072,20.288,5.072,0.00021644901563067448,0.9083628077261029,0.0,0.0
357,Device,ArgMax,ArgMax_1,2,20.256,10.128,20.256,10.128,0.0002161076133978185,0.9085789153395007,0.0,0.0
358,Device,DepthwiseConv2dNative,efficientnetb0/block4b_dwconv/depthwise,2,20.224,10.112,20.224,10.112,0.00021576621116496257,0.9087946815506657,0.0,0.0
359,Device,DepthwiseConv2dNative,efficientnetb0/block4c_dwconv/depthwise,2,20.224,10.112,20.224,10.112,0.00021576621116496257,0.9090104477618306,0.0,0.0
360,Device,FusedBatchNormV3,efficientnetb0/block5b_project_bn/FusedBatchNormV3,4,20.224,5.056,20.224,5.056,0.00021576621116496257,0.9092262139729955,0.0,0.0
361,Device,FusedBatchNormV3,efficientnetb0/block5a_project_bn/FusedBatchNormV3,4,20.192,5.048,20.192,5.048,0.0002154248089321066,0.9094416387819276,0.0,0.0
362,Device,Conv2DBackpropFilter,gradient_tape/efficientnetb0/block6d_se_expand/Conv2D/Conv2DBackpropFilter,2,20.192,10.096,20.192,10.096,0.0002154248089321066,0.9096570635908597,0.0,0.0
363,Device,FusedBatchNormV3,efficientnetb0/block5c_project_bn/FusedBatchNormV3,4,20.161,5.04025,20.161,5.04025,0.00021509407551902743,0.9098721576663787,0.0,0.0
364,Device,FusedBatchNormV3,efficientnetb0/block4b_project_bn/FusedBatchNormV3,4,20.128,5.032,20.128,5.032,0.0002147420044663947,0.9100868996708451,0.0,0.0
365,Device,FusedBatchNormV3,efficientnetb0/block4a_project_bn/FusedBatchNormV3,4,20.032,5.008,20.032,5.008,0.00021371779776782686,0.9103006174686129,0.0,0.0
366,Device,Mul,gradient_tape/efficientnetb0/block3b_se_excite/mul/Mul_1,2,19.968,9.984,19.968,9.984,0.00021303499330211495,0.9105136524619151,0.0,0.0
367,Device,Conv2DBackpropFilter,gradient_tape/efficientnetb0/block7a_se_reduce/Conv2D/Conv2DBackpropFilter,2,19.744,9.872,19.744,9.872,0.00021064517767212327,0.9107242976395872,0.0,0.0
368,Device,Conv2DBackpropFilter,gradient_tape/efficientnetb0/block3b_se_reduce/Conv2D/Conv2DBackpropFilter,2,19.68,9.84,19.68,9.84,0.00020996237320641137,0.9109342600127935,0.0,0.0
369,Device,Conv2DBackpropFilter,gradient_tape/efficientnetb0/block6b_se_reduce/Conv2D/Conv2DBackpropFilter,2,19.648,9.824,19.648,9.824,0.0002096209709735554,0.9111438809837671,0.0,0.0
370,Device,Conv2DBackpropFilter,gradient_tape/efficientnetb0/block6c_se_reduce/Conv2D/Conv2DBackpropFilter,2,19.648,9.824,19.648,9.824,0.0002096209709735554,0.9113535019547406,0.0,0.0
371,Device,Conv2DBackpropFilter,gradient_tape/efficientnetb0/block5b_se_reduce/Conv2D/Conv2DBackpropFilter,2,19.585,9.7925,19.585,9.7925,0.00020894883532762026,0.9115624507900683,0.0,0.0
372,Device,Softmax,efficientnetb0/predictions/Softmax,2,19.584,9.792,19.584,9.792,0.0002089381665078435,0.9117713889565761,0.0,0.0
373,Device,Conv2DBackpropFilter,gradient_tape/efficientnetb0/block6d_se_reduce/Conv2D/Conv2DBackpropFilter,2,19.552,9.776,19.552,9.776,0.00020859676427498753,0.911979985720851,0.0,0.0
374,Device,Conv2DBackpropFilter,gradient_tape/efficientnetb0/block6a_se_reduce/Conv2D/Conv2DBackpropFilter,2,19.489,9.7445,19.489,9.7445,0.0002079246286290524,0.9121879103494801,0.0,0.0
375,Device,Conv2DBackpropFilter,gradient_tape/efficientnetb0/block4c_se_reduce/Conv2D/Conv2DBackpropFilter,2,19.424,9.712,19.424,9.712,0.00020723115534356372,0.9123951415048237,0.0,0.0
376,Device,Conv2DBackpropFilter,gradient_tape/efficientnetb0/block5a_se_reduce/Conv2D/Conv2DBackpropFilter,2,19.328,9.664,19.328,9.664,0.00020620694864499587,0.9126013484534687,0.0,0.0
377,Device,Conv2DBackpropFilter,gradient_tape/efficientnetb0/block4b_se_reduce/Conv2D/Conv2DBackpropFilter,2,19.2,9.6,19.2,9.6,0.00020484133971357204,0.9128061897931823,0.0,0.0
378,Device,Conv2DBackpropFilter,gradient_tape/efficientnetb0/block5b_se_expand/Conv2D/Conv2DBackpropFilter,2,19.168,9.584,19.168,9.584,0.0002044999374807161,0.913010689730663,0.0,0.0
379,Device,Conv2DBackpropFilter,gradient_tape/efficientnetb0/block5c_se_reduce/Conv2D/Conv2DBackpropFilter,2,19.072,9.536,19.072,9.536,0.00020347573078214823,0.9132141654614452,0.0,0.0
380,Device,Conv2DBackpropFilter,gradient_tape/efficientnetb0/block5c_se_expand/Conv2D/Conv2DBackpropFilter,2,19.04,9.52,19.04,9.52,0.0002031343285492923,0.9134172997899944,0.0,0.0
381,Device,Conv2D,efficientnetb0/block6a_se_expand/Conv2D,2,19.008,9.504,19.008,9.504,0.00020279292631643632,0.9136200927163108,0.0,0.0
382,Device,BiasAddGrad,gradient_tape/efficientnetb0/block5a_se_expand/BiasAdd/BiasAddGrad,2,18.944,9.472,18.944,9.472,0.00020211012185072442,0.9138222028381615,0.0,0.0
383,Device,BiasAddGrad,gradient_tape/efficientnetb0/block4b_se_expand/BiasAdd/BiasAddGrad,2,18.912,9.456,18.912,9.456,0.00020176871961786848,0.9140239715577794,0.0,0.0
384,Device,BiasAddGrad,gradient_tape/efficientnetb0/block4c_se_expand/BiasAdd/BiasAddGrad,2,18.88,9.44,18.88,9.44,0.0002014273173850125,0.9142253988751644,0.0,0.0
385,Device,Transpose,SGD/gradients/AddN_24-1-TransposeNHWCToNCHW-LayoutOptimizer,2,18.848,9.424,18.848,9.424,0.00020108591515215655,0.9144264847903165,0.0,0.0
386,Device,Conv2DBackpropFilter,gradient_tape/efficientnetb0/block4a_se_reduce/Conv2D/Conv2DBackpropFilter,2,18.784,9.392,18.784,9.392,0.00020040311068644464,0.914626887901003,0.0,0.0
387,Device,Conv2DBackpropFilter,gradient_tape/efficientnetb0/block6a_se_expand/Conv2D/Conv2DBackpropFilter,2,18.784,9.392,18.784,9.392,0.00020040311068644464,0.9148272910116895,0.0,0.0
388,Device,Mul,gradient_tape/efficientnetb0/block3b_se_excite/mul/Mul,2,18.752,9.376,18.752,9.376,0.0002000617084535887,0.915027352720143,0.0,0.0
389,Device,Mul,SGD/gradients/mul_107,2,18.72,9.36,18.72,9.36,0.00019972030622073274,0.9152270730263637,0.0,0.0
390,Device,Conv2D,efficientnetb0/block5b_se_expand/Conv2D,2,18.688,9.344,18.688,9.344,0.0001993789039878768,0.9154264519303517,0.0,0.0
391,Device,Conv2D,efficientnetb0/block4a_se_expand/Conv2D,2,18.656,9.328,18.656,9.328,0.00019903750175502083,0.9156254894321066,0.0,0.0
392,Device,Conv2D,efficientnetb0/block3b_se_expand/Conv2D,2,18.624,9.312,18.624,9.312,0.0001986960995221649,0.9158241855316288,0.0,0.0
393,Device,Conv2D,efficientnetb0/block5c_se_expand/Conv2D,2,18.624,9.312,18.624,9.312,0.0001986960995221649,0.916022881631151,0.0,0.0
394,Device,Conv2DBackpropFilter,gradient_tape/efficientnetb0/block3a_se_reduce/Conv2D/Conv2DBackpropFilter,2,18.624,9.312,18.624,9.312,0.0001986960995221649,0.9162215777306731,0.0,0.0
395,Device,DepthwiseConv2dNativeBackpropFilter,gradient_tape/efficientnetb0/block7a_dwconv/depthwise/DepthwiseConv2dNativeBackpropFilter,2,18.496,9.248,18.496,9.248,0.00019733049059074106,0.9164189082212639,0.0,0.0
396,Device,Sigmoid,SGD/gradients/Sigmoid_35,2,18.432,9.216,18.432,9.216,0.00019664768612502915,0.916615555907389,0.0,0.0
397,Device,Conv2DBackpropFilter,gradient_tape/efficientnetb0/block2b_se_reduce/Conv2D/Conv2DBackpropFilter,2,18.432,9.216,18.432,9.216,0.00019664768612502915,0.916812203593514,0.0,0.0
398,Device,Conv2DBackpropInput,gradient_tape/efficientnetb0/block3b_se_reduce/Conv2D/Conv2DBackpropInput,2,18.4,9.2,18.4,9.2,0.0001963062838921732,0.9170085098774062,0.0,0.0
399,Device,Sum,gradient_tape/efficientnetb0/block6c_se_excite/mul/Sum_1,2,18.4,9.2,18.4,9.2,0.0001963062838921732,0.9172048161612985,0.0,0.0
400,Device,Sum,gradient_tape/efficientnetb0/block6d_se_excite/mul/Sum_1,2,18.4,9.2,18.4,9.2,0.0001963062838921732,0.9174011224451907,0.0,0.0
401,Device,Sum,gradient_tape/efficientnetb0/block7a_se_excite/mul/Sum_1,2,18.4,9.2,18.4,9.2,0.0001963062838921732,0.9175974287290829,0.0,0.0
402,Device,Sum,gradient_tape/efficientnetb0/block6b_se_excite/mul/Sum_1,2,18.368,9.184,18.368,9.184,0.00019596488165931725,0.9177933936107422,0.0,0.0
403,Device,Conv2DBackpropFilter,gradient_tape/efficientnetb0/block1a_se_expand/Conv2D/Conv2DBackpropFilter,2,18.304,9.152,18.304,9.152,0.00019528207719360534,0.9179886756879359,0.0,0.0
404,Device,RealDiv,gradient_tape/efficientnetb0/block2a_se_squeeze/truediv,2,18.24,9.12,18.24,9.12,0.00019459927272789344,0.9181832749606638,0.0,0.0
405,Device,BiasAddGrad,gradient_tape/efficientnetb0/block5b_se_expand/BiasAdd/BiasAddGrad,2,18.176,9.088,18.176,9.088,0.00019391646826218153,0.9183771914289259,0.0,0.0
406,Device,BiasAddGrad,gradient_tape/efficientnetb0/block5c_se_expand/BiasAdd/BiasAddGrad,2,18.08,9.04,18.08,9.04,0.00019289226156361366,0.9185700836904895,0.0,0.0
407,Device,BiasAddGrad,gradient_tape/efficientnetb0/block6a_se_expand/BiasAdd/BiasAddGrad,2,18.08,9.04,18.08,9.04,0.00019289226156361366,0.9187629759520531,0.0,0.0
408,Device,Conv2DBackpropInput,gradient_tape/efficientnetb0/block4a_se_reduce/Conv2D/Conv2DBackpropInput,2,17.952,8.976,17.952,8.976,0.0001915266526321899,0.9189545026046854,0.0,0.0
409,Device,Conv2D,efficientnetb0/block1a_se_reduce/Conv2D,2,17.92,8.96,17.92,8.96,0.00019118525039933394,0.9191456878550847,0.0,0.0
410,Device,Sigmoid,SGD/gradients/Sigmoid_33,2,17.76,8.88,17.76,8.88,0.00018947823923505416,0.9193351660943198,0.0,0.0
411,Device,Conv2D,efficientnetb0/block5a_se_expand/Conv2D,2,17.728,8.864,17.728,8.864,0.00018913683700219822,0.9195243029313219,0.0,0.0
412,Device,Conv2D,efficientnetb0/block4c_se_expand/Conv2D,2,17.664,8.832,17.664,8.832,0.00018845403253648632,0.9197127569638585,0.0,0.0
413,Device,Conv2D,efficientnetb0/block4b_se_expand/Conv2D,2,17.6,8.8,17.6,8.8,0.0001877712280707744,0.9199005281919292,0.0,0.0
414,Device,AddV2,SGD/gradients/add_42,2,17.568,8.784,17.568,8.784,0.00018742982583791845,0.9200879580177672,0.0,0.0
415,Device,Conv2D,efficientnetb0/block1a_se_expand/Conv2D,2,17.568,8.784,17.568,8.784,0.00018742982583791845,0.9202753878436052,0.0,0.0
416,Device,AddV2,SGD/gradients/add_39,2,17.344,8.672,17.344,8.672,0.00018504001020792677,0.9204604278538131,0.0,0.0
417,Device,BroadcastTo,gradient_tape/efficientnetb0/block1a_se_squeeze/BroadcastTo,2,17.312,8.656,17.312,8.656,0.00018469860797507083,0.9206451264617882,0.0,0.0
418,Device,AddV2,SGD/gradients/add_41,2,17.152,8.576,17.152,8.576,0.00018299159681079105,0.920828118058599,0.0,0.0
419,Device,DepthwiseConv2dNative,efficientnetb0/block4a_dwconv/depthwise,2,16.992,8.496,16.992,8.496,0.00018128458564651127,0.9210094026442455,0.0,0.0
420,Device,Sigmoid,SGD/gradients/Sigmoid_36,2,16.896,8.448,16.896,8.448,0.00018026037894794343,0.9211896630231934,0.0,0.0
421,Device,Sigmoid,efficientnetb0/block2a_activation/Sigmoid,2,16.608,8.304,16.608,8.304,0.00017718775885223984,0.9213668507820456,0.0,0.0
422,Device,DepthwiseConv2dNativeBackpropInput,gradient_tape/efficientnetb0/block7a_dwconv/depthwise/DepthwiseConv2dNativeBackpropInput,2,16.512,8.256,16.512,8.256,0.00017616355215367197,0.9215430143341993,0.0,0.0
423,Device,FusedBatchNormGradV3,gradient_tape/efficientnetb0/block4a_bn/FusedBatchNormGradV3,2,16.416,8.208,16.416,8.208,0.0001751393454551041,0.9217181536796544,0.0,0.0
424,Device,FusedBatchNormGradV3,gradient_tape/efficientnetb0/block7a_project_bn/FusedBatchNormGradV3,2,16.288,8.144,16.288,8.144,0.0001737737365236803,0.9218919274161781,0.0,0.0
425,Device,DepthwiseConv2dNativeBackpropInput,gradient_tape/efficientnetb0/block6d_dwconv/depthwise/DepthwiseConv2dNativeBackpropInput,2,16.256,8.128,16.256,8.128,0.00017343233429082435,0.9220653597504689,0.0,0.0
426,Device,DepthwiseConv2dNativeBackpropInput,gradient_tape/efficientnetb0/block6b_dwconv/depthwise/DepthwiseConv2dNativeBackpropInput,2,16.224,8.112,16.224,8.112,0.0001730909320579684,0.9222384506825269,0.0,0.0
427,Device,DepthwiseConv2dNativeBackpropInput,gradient_tape/efficientnetb0/block6c_dwconv/depthwise/DepthwiseConv2dNativeBackpropInput,2,16.192,8.096,16.192,8.096,0.00017274952982511245,0.922411200212352,0.0,0.0
428,Device,Conv2DBackpropInput,gradient_tape/efficientnetb0/block1a_se_reduce/Conv2D/Conv2DBackpropInput,2,16.064,8.032,16.064,8.032,0.0001713839208936886,0.9225825841332457,0.0,0.0
429,Device,Conv2D,efficientnetb0/block2b_se_expand/Conv2D,2,15.968,7.984,15.968,7.984,0.00017035971419512077,0.9227529438474408,0.0,0.0
430,Device,FusedBatchNormGradV3,gradient_tape/efficientnetb0/block3a_bn/FusedBatchNormGradV3,2,15.968,7.984,15.968,7.984,0.00017035971419512077,0.9229233035616359,0.0,0.0
431,Device,Conv2D,efficientnetb0/block3a_se_expand/Conv2D,2,15.936,7.968,15.936,7.968,0.0001700183119622648,0.9230933218735982,0.0,0.0
432,Device,BroadcastTo,gradient_tape/efficientnetb0/block2a_se_squeeze/BroadcastTo,2,15.808,7.904,15.808,7.904,0.000168652703030841,0.923261974576629,0.0,0.0
433,Device,Conv2DBackpropInput,gradient_tape/efficientnetb0/block2b_se_reduce/Conv2D/Conv2DBackpropInput,2,15.776,7.888,15.776,7.888,0.00016831130079798503,0.9234302858774269,0.0,0.0
434,Device,Conv2DBackpropFilter,gradient_tape/efficientnetb0/block4a_se_expand/Conv2D/Conv2DBackpropFilter,2,15.744,7.872,15.744,7.872,0.0001679698985651291,0.9235982557759921,0.0,0.0
435,Device,Sigmoid,SGD/gradients/Sigmoid_21,2,15.68,7.84,15.68,7.84,0.00016728709409941718,0.9237655428700915,0.0,0.0
436,Device,Conv2DBackpropInput,gradient_tape/efficientnetb0/block3a_se_reduce/Conv2D/Conv2DBackpropInput,2,15.648,7.824,15.648,7.824,0.00016694569186656122,0.9239324885619581,0.0,0.0
437,Device,Conv2DBackpropFilter,gradient_tape/efficientnetb0/block3b_se_expand/Conv2D/Conv2DBackpropFilter,2,15.585,7.7925,15.585,7.7925,0.00016627355622062608,0.9240987621181788,0.0,0.0
438,Device,Sigmoid,SGD/gradients/Sigmoid_17,2,15.424,7.712,15.424,7.712,0.00016455587623656953,0.9242633179944153,0.0,0.0
439,Device,Mul,gradient_tape/efficientnetb0/block5b_se_excite/mul/Mul_1,2,15.424,7.712,15.424,7.712,0.00016455587623656953,0.9244278738706518,0.0,0.0
440,Device,Mul,gradient_tape/efficientnetb0/block5b_se_excite/mul/Mul,2,15.296,7.648,15.296,7.648,0.00016319026730514572,0.924591064137957,0.0,0.0
441,Device,Mul,gradient_tape/efficientnetb0/block5c_se_excite/mul/Mul,2,15.296,7.648,15.296,7.648,0.00016319026730514572,0.9247542544052622,0.0,0.0
442,Device,AddN,SGD/gradients/AddN_18,2,15.232,7.616,15.232,7.616,0.00016250746283943382,0.9249167618681016,0.0,0.0
443,Device,Mul,gradient_tape/efficientnetb0/block5c_se_excite/mul/Mul_1,2,15.168,7.584,15.168,7.584,0.00016182465837372191,0.9250785865264753,0.0,0.0
444,Device,Mul,efficientnetb0/block2a_activation/mul,2,15.136,7.568,15.136,7.568,0.00016148325614086598,0.9252400697826162,0.0,0.0
445,Device,Sigmoid,SGD/gradients/Sigmoid_15,2,15.072,7.536,15.072,7.536,0.00016080045167515404,0.9254008702342913,0.0,0.0
446,Device,Mul,SGD/gradients/mul_110,2,15.04,7.52,15.04,7.52,0.0001604590494422981,0.9255613292837336,0.0,0.0
447,Device,Mul,efficientnetb0/block3b_se_excite/mul,2,14.816,7.408,14.816,7.408,0.00015806923381230645,0.9257193985175459,0.0,0.0
448,Device,Mul,SGD/gradients/mul_101,2,14.688,7.344,14.688,7.344,0.00015670362488088264,0.9258761021424268,0.0,0.0
449,Device,Mean,efficientnetb0/block5c_se_squeeze/Mean,2,14.624,7.312,14.624,7.312,0.00015602082041517074,0.926032122962842,0.0,0.0
450,Device,Mean,efficientnetb0/block5b_se_squeeze/Mean,2,14.592,7.296,14.592,7.296,0.00015567941818231477,0.9261878023810243,0.0,0.0
451,Device,Conv2D,efficientnetb0/block2a_se_expand/Conv2D,2,14.561,7.2805,14.561,7.2805,0.00015534868476923557,0.9263431510657935,0.0,0.0
452,Device,RealDiv,efficientnetb0/normalization/truediv,2,14.56,7.28,14.56,7.28,0.0001553380159494588,0.9264984890817429,0.0,0.0
453,Device,Transpose,efficientnetb0/block2a_activation/mul-0-3-TransposeNCHWToNHWC-LayoutOptimizer,2,14.528,7.264,14.528,7.264,0.00015499661371660287,0.9266534856954596,0.0,0.0
454,Device,Mean,efficientnetb0/block6a_se_squeeze/Mean,2,14.368,7.184,14.368,7.184,0.0001532896025523231,0.9268067752980119,0.0,0.0
455,Device,Sigmoid,SGD/gradients/Sigmoid_18,2,14.336,7.168,14.336,7.168,0.00015294820031946715,0.9269597234983313,0.0,0.0
456,Device,Conv2DBackpropFilter,gradient_tape/efficientnetb0/block2b_se_expand/Conv2D/Conv2DBackpropFilter,2,14.24,7.12,14.24,7.12,0.00015192399362089928,0.9271116474919522,0.0,0.0
457,Device,Sub,SGD/gradients/sub_44,2,14.048,7.024,14.048,7.024,0.00014987558022376356,0.9272615230721759,0.0,0.0
458,Device,AddV2,SGD/gradients/add_48,2,13.728,6.864,13.728,6.864,0.000146461557895204,0.9274079846300711,0.0,0.0
459,Device,DepthwiseConv2dNative,efficientnetb0/block7a_dwconv/depthwise,2,13.664,6.832,13.664,6.832,0.0001457787534294921,0.9275537633835006,0.0,0.0
460,Device,Conv2DBackpropInput,gradient_tape/efficientnetb0/block2a_se_reduce/Conv2D/Conv2DBackpropInput,2,13.664,6.832,13.664,6.832,0.0001457787534294921,0.9276995421369301,0.0,0.0
461,Device,Conv2DBackpropFilter,gradient_tape/efficientnetb0/block3a_se_expand/Conv2D/Conv2DBackpropFilter,2,13.664,6.832,13.664,6.832,0.0001457787534294921,0.9278453208903595,0.0,0.0
462,Device,Transpose,SGD/gradients/AddN_23-1-TransposeNHWCToNCHW-LayoutOptimizer,2,13.632,6.816,13.632,6.816,0.00014543735119663617,0.9279907582415562,0.0,0.0
463,Device,Sigmoid,SGD/gradients/Sigmoid_38,2,13.568,6.784,13.568,6.784,0.00014475454673092426,0.9281355127882871,0.0,0.0
464,Device,Mul,gradient_tape/efficientnetb0/block3a_se_excite/mul/Mul_1,2,13.568,6.784,13.568,6.784,0.00014475454673092426,0.928280267335018,0.0,0.0
465,Device,RealDiv,gradient_tape/efficientnetb0/block3b_se_squeeze/truediv,2,13.376,6.688,13.376,6.688,0.00014270613333378852,0.9284229734683518,0.0,0.0
466,Device,AddV2,SGD/gradients/add_47,2,13.312,6.656,13.312,6.656,0.00014202332886807662,0.9285649967972198,0.0,0.0
467,Device,Sub,efficientnetb0/normalization/sub,2,13.248,6.624,13.248,6.624,0.0001413405244023647,0.9287063373216222,0.0,0.0
468,Device,Sum,gradient_tape/efficientnetb0/block5b_se_excite/mul/Sum_1,2,13.088,6.544,13.088,6.544,0.00013963351323808494,0.9288459708348603,0.0,0.0
469,Device,Sum,gradient_tape/efficientnetb0/block6a_se_excite/mul/Sum_1,2,13.024,6.512,13.024,6.512,0.00013895070877237303,0.9289849215436327,0.0,0.0
470,Device,Sum,gradient_tape/efficientnetb0/block5c_se_excite/mul/Sum_1,2,12.992,6.496,12.992,6.496,0.0001386093065395171,0.9291235308501722,0.0,0.0
471,Device,Sum,gradient_tape/efficientnetb0/block1a_se_excite/mul/Sum_1,2,12.96,6.48,12.96,6.48,0.00013826790430666115,0.9292617987544789,0.0,0.0
472,Device,BroadcastTo,gradient_tape/efficientnetb0/block3b_se_squeeze/BroadcastTo,2,12.928,6.464,12.928,6.464,0.00013792650207380519,0.9293997252565527,0.0,0.0
473,Device,Conv2DBackpropFilter,gradient_tape/efficientnetb0/block2a_se_expand/Conv2D/Conv2DBackpropFilter,2,12.896,6.448,12.896,6.448,0.00013758509984094925,0.9295373103563936,0.0,0.0
474,Device,Slice,gradient_tape/efficientnetb0/block4a_dwconv_pad/Slice_1,2,12.736,6.368,12.736,6.368,0.00013587808867666947,0.9296731884450703,0.0,0.0
475,Device,Mul,gradient_tape/efficientnetb0/block5a_se_excite/mul/Mul_1,2,12.641,6.3205,12.641,6.3205,0.00013486455079787836,0.9298080529958682,0.0,0.0
476,Device,Transpose,SGD/gradients/AddN_8-1-TransposeNHWCToNCHW-LayoutOptimizer,2,12.64,6.32,12.64,6.32,0.0001348538819781016,0.9299429068778463,0.0,0.0
477,Device,Transpose,SGD/gradients/AddN_10-1-TransposeNHWCToNCHW-LayoutOptimizer,2,12.608,6.304,12.608,6.304,0.00013451247974524566,0.9300774193575916,0.0,0.0
478,Device,Conv2DBackpropFilter,gradient_tape/efficientnetb0/block2a_se_reduce/Conv2D/Conv2DBackpropFilter,2,12.608,6.304,12.608,6.304,0.00013451247974524566,0.9302119318373369,0.0,0.0
479,Device,Mul,gradient_tape/efficientnetb0/block4c_se_excite/mul/Mul_1,2,12.576,6.288,12.576,6.288,0.0001341710775123897,0.9303461029148492,0.0,0.0
480,Device,Slice,gradient_tape/efficientnetb0/block6a_dwconv_pad/Slice_1,2,12.576,6.288,12.576,6.288,0.0001341710775123897,0.9304802739923616,0.0,0.0
481,Device,Mul,gradient_tape/efficientnetb0/block4b_se_excite/mul/Mul_1,2,12.544,6.272,12.544,6.272,0.00013382967527953376,0.9306141036676411,0.0,0.0
482,Device,Sigmoid,SGD/gradients/Sigmoid_20,2,12.512,6.256,12.512,6.256,0.0001334882730466778,0.9307475919406878,0.0,0.0
483,Device,BiasAddGrad,gradient_tape/efficientnetb0/block3b_se_expand/BiasAdd/BiasAddGrad,2,12.448,6.224,12.448,6.224,0.00013280546858096589,0.9308803974092688,0.0,0.0
484,Device,BroadcastTo,gradient_tape/efficientnetb0/block5b_se_squeeze/BroadcastTo,2,12.416,6.208,12.416,6.208,0.00013246406634810995,0.9310128614756169,0.0,0.0
485,Device,Conv2DBackpropFilter,gradient_tape/efficientnetb0/block1a_se_reduce/Conv2D/Conv2DBackpropFilter,2,12.384,6.192,12.384,6.192,0.00013212266411525398,0.9311449841397321,0.0,0.0
486,Device,Mul,gradient_tape/efficientnetb0/block3a_se_excite/mul/Mul,2,12.384,6.192,12.384,6.192,0.00013212266411525398,0.9312771068038473,0.0,0.0
487,Device,BiasAddGrad,gradient_tape/efficientnetb0/block4a_se_expand/BiasAdd/BiasAddGrad,2,12.384,6.192,12.384,6.192,0.00013212266411525398,0.9314092294679626,0.0,0.0
488,Device,BroadcastTo,gradient_tape/efficientnetb0/block5c_se_squeeze/BroadcastTo,2,12.384,6.192,12.384,6.192,0.00013212266411525398,0.9315413521320778,0.0,0.0
489,Device,Mul,gradient_tape/efficientnetb0/block4b_se_excite/mul/Mul,2,12.352,6.176,12.352,6.176,0.00013178126188239801,0.9316731333939602,0.0,0.0
490,Device,Mul,efficientnetb0/block5c_se_excite/mul,2,12.32,6.16,12.32,6.16,0.00013143985964954208,0.9318045732536098,0.0,0.0
491,Device,Mul,gradient_tape/efficientnetb0/block5a_se_excite/mul/Mul,2,12.288,6.144,12.288,6.144,0.0001310984574166861,0.9319356717110264,0.0,0.0
492,Device,Mul,gradient_tape/efficientnetb0/block4c_se_excite/mul/Mul,2,12.16,6.08,12.16,6.08,0.0001297328484852623,0.9320654045595117,0.0,0.0
493,Device,Transpose,efficientnetb0/block5c_activation/mul-0-3-TransposeNCHWToNHWC-LayoutOptimizer,2,12.097,6.0485,12.097,6.0485,0.00012906071283932713,0.9321944652723511,0.0,0.0
494,Device,Mean,efficientnetb0/block4b_se_squeeze/Mean,2,12.096,6.048,12.096,6.048,0.0001290500440195504,0.9323235153163706,0.0,0.0
495,Device,Mean,efficientnetb0/block5a_se_squeeze/Mean,2,12.096,6.048,12.096,6.048,0.0001290500440195504,0.9324525653603901,0.0,0.0
496,Device,Mean,efficientnetb0/block4c_se_squeeze/Mean,2,12.064,6.032,12.064,6.032,0.00012870864178669446,0.9325812740021768,0.0,0.0
497,Device,Mul,efficientnetb0/block5b_se_excite/mul,2,12.064,6.032,12.064,6.032,0.00012870864178669446,0.9327099826439635,0.0,0.0
498,Device,FusedBatchNormGradV3,gradient_tape/efficientnetb0/block3b_project_bn/FusedBatchNormGradV3,2,12.064,6.032,12.064,6.032,0.00012870864178669446,0.9328386912857503,0.0,0.0
499,Device,FusedBatchNormGradV3,gradient_tape/efficientnetb0/block3a_project_bn/FusedBatchNormGradV3,2,12.032,6.016,12.032,6.016,0.0001283672395538385,0.932967058525304,0.0,0.0
500,Device,Transpose,efficientnetb0/block5b_activation/mul-0-3-TransposeNCHWToNHWC-LayoutOptimizer,2,11.936,5.968,11.936,5.968,0.00012734303285527062,0.9330944015581593,0.0,0.0
501,Host,IDLE,IDLE,0,240858.715,0.0,240858.715,0.0,0.0,0.0,0.9967640915305961,0.9967640915305961
502,Host,GatherV2,GatherV2,2,441.795,220.8975,441.795,220.8975,0.0,0.0,0.001828314129375637,0.9985924056599718
503,Host,Dataset,Iterator::Root::ParallelMapV2::Zip[1]::ForeverRepeat,2,55.522,27.761,51.24,25.62,0.0,0.0,0.00021205042155118925,0.9988044560815229
504,Host,Dataset,Iterator::Root::ParallelMapV2::Zip[0]::FlatMap[1]::Concatenate,2,72.884,36.442,45.724,22.862,0.0,0.0,0.00018922313573393004,0.9989936792172568
505,Host,LogicalAnd,LogicalAnd,1,37.844,37.844,37.844,37.844,0.0,0.0,0.00015661272742355982,0.9991502919446803
506,Host,FlushSummaryWriter,FlushSummaryWriter,1,35.092,35.092,35.092,35.092,0.0,0.0,0.00014522391477506504,0.9992955158594554
507,Host,Dataset,Iterator::Root,2,54.252,27.126,27.691,13.8455,0.0,0.0,0.00011459578889878963,0.9994101116483542
508,Host,Dataset,Iterator::Root::ParallelMapV2::Zip[0]::FlatMap[1]::Concatenate[0]::TensorSlice,2,27.16,13.58,27.16,13.58,0.0,0.0,0.00011239831087685986,0.9995225099592311
509,Host,Dataset,Iterator::Root::ParallelMapV2,2,26.561,13.2805,26.561,13.2805,0.0,0.0,0.00010991942324006903,0.9996324293824712
510,Host,GatherV2,GatherV2_1,2,24.833,12.4165,24.833,12.4165,0.0,0.0,0.00010276830832124672,0.9997351976907924
511,Host,WriteSummary,WriteSummary,1,22.199,22.199,22.199,22.199,0.0,0.0,9.186782412206968e-05,0.9998270655149145
512,Host,IteratorGetNext,IteratorGetNext,2,13.503,6.7515,13.503,6.7515,0.0,0.0,5.588050043336667e-05,0.9998829460153479
513,Host,Dataset,Iterator::Root::ParallelMapV2::Zip,2,143.41,71.705,11.104,5.552,0.0,0.0,4.595253475613593e-05,0.999928898550104
514,Host,ReadVariableOp,ReadVariableOp,1,6.458,6.458,6.458,6.458,0.0,0.0,2.6725636658422717e-05,0.9999556241867624
515,Host,Dataset,Iterator::Root::ParallelMapV2::Zip[1]::ForeverRepeat::FromTensor,4,4.282,1.0705,4.282,1.0705,0.0,0.0,1.77205289828687e-05,0.9999733447157453
516,Host,Dataset,Iterator::Root::ParallelMapV2::Zip[0]::FlatMap,2,76.784,38.392,3.9,1.95,0.0,0.0,1.6139669087619788e-05,0.9999894843848329
517,Host,Identity,Identity,2,2.541,1.2705,2.541,1.2705,0.0,0.0,1.0515615167087663e-05,1.0
