Rank,Host/device,Type,Operation,#Occurrences,Total time (us),Avg. time (us),Total self-time (us),Avg. self-time (us),Total self-time on Device (%),Cumulative total-self time on Device (%),Total self-time on Host (%),Cumulative total-self time on Host (%)
1,Device,IDLE,IDLE,0,5060.151,0.0,5060.151,0.0,0.09625324500237535,0.09625324500237535,0.0,0.0
2,Device,_Send,IteratorGetNext/_1,1,4725.658,4725.658,4725.658,4725.658,0.08989058177738868,0.18614382677976404,0.0,0.0
3,Device,_Recv,IteratorGetNext/_2,1,4719.001,4719.001,4719.001,4719.001,0.08976395356965718,0.2759077803494212,0.0,0.0
4,Device,MaxPoolGrad,gradient_tape/sequential/max_pooling2d/MaxPool/MaxPoolGrad,2,4306.134,2153.067,4306.134,2153.067,0.08191047478920264,0.35781825513862386,0.0,0.0
5,Device,Conv2DBackpropFilter,gradient_tape/sequential/conv2d/Conv2D/Conv2DBackpropFilter,2,3595.058,1797.529,3595.058,1797.529,0.06838452023897104,0.4262027753775949,0.0,0.0
6,Device,ReluGrad,gradient_tape/sequential/conv2d/ReluGrad,2,3494.58,1747.29,3494.58,1747.29,0.06647324653363128,0.49267602191122617,0.0,0.0
7,Device,Conv2DBackpropFilter,gradient_tape/sequential/conv2d_1/Conv2D/Conv2DBackpropFilter,2,2909.68,1454.84,2909.68,1454.84,0.055347388233772374,0.5480234101449986,0.0,0.0
8,Device,Conv2DBackpropInput,gradient_tape/sequential/conv2d_1/Conv2D/Conv2DBackpropInput,2,2611.438,1305.719,2611.438,1305.719,0.049674284744173264,0.5976976948891718,0.0,0.0
9,Device,Conv2DBackpropFilter,gradient_tape/sequential/conv2d_2/Conv2D/Conv2DBackpropFilter,2,2426.862,1213.431,2426.862,1213.431,0.04616331462696561,0.6438610095161375,0.0,0.0
10,Device,MaxPoolGrad,gradient_tape/sequential/max_pooling2d_1/MaxPool/MaxPoolGrad,2,2221.196,1110.598,2221.196,1110.598,0.04225117447805334,0.6861121839941908,0.0,0.0
11,Device,_FusedConv2D,sequential/conv2d/Relu,2,1883.082,941.541,1883.082,941.541,0.03581963326896035,0.7219318172631511,0.0,0.0
12,Device,ReluGrad,gradient_tape/sequential/conv2d_1/ReluGrad,2,1727.208,863.604,1727.208,863.604,0.03285462722240161,0.7547864444855528,0.0,0.0
13,Device,_FusedConv2D,sequential/conv2d_1/Relu,2,1616.745,808.3725,1616.745,808.3725,0.03075342071637098,0.7855398652019238,0.0,0.0
14,Device,MaxPool,sequential/max_pooling2d/MaxPool,2,1354.983,677.4915,1354.983,677.4915,0.025774232957287944,0.8113140981592117,0.0,0.0
15,Device,Conv2DBackpropInput,gradient_tape/sequential/conv2d_2/Conv2D/Conv2DBackpropInput,2,1220.038,610.019,1220.038,610.019,0.0232073344305749,0.8345214325897866,0.0,0.0
16,Device,_FusedConv2D,sequential/conv2d_2/Relu,2,1075.654,537.827,1075.654,537.827,0.02046088901295338,0.85498232160274,0.0,0.0
17,Device,BiasAddGrad,gradient_tape/sequential/conv2d/BiasAdd/BiasAddGrad,2,1057.958,528.979,1057.958,528.979,0.02012427901385216,0.8751066006165922,0.0,0.0
18,Device,ReluGrad,gradient_tape/sequential/conv2d_2/ReluGrad,2,860.836,430.418,860.836,430.418,0.016374661233402876,0.8914812618499951,0.0,0.0
19,Device,MatMul,sequential/dense/MatMul,2,706.66,353.33,706.66,353.33,0.013441954224958615,0.9049232160749537,0.0,0.0
20,Device,MaxPool,sequential/max_pooling2d_1/MaxPool,2,679.428,339.714,679.428,339.714,0.012923952219108458,0.9178471682940622,0.0,0.0
21,Device,MaxPoolGrad,gradient_tape/sequential/max_pooling2d_2/MaxPool/MaxPoolGrad,2,668.772,334.386,668.772,334.386,0.012721255782036657,0.9305684240760989,0.0,0.0
22,Device,BiasAddGrad,gradient_tape/sequential/conv2d_1/BiasAdd/BiasAddGrad,2,537.796,268.898,537.796,268.898,0.010229854830280254,0.9407982789063791,0.0,0.0
23,Device,Transpose,gradient_tape/sequential/conv2d/Conv2D/Conv2DBackpropFilter-0-TransposeNHWCToNCHW-LayoutOptimizer,2,511.651,255.8255,511.651,255.8255,0.009732529534930943,0.9505308084413101,0.0,0.0
24,Device,ResourceApplyGradientDescent,SGD/SGD/update_6/ResourceApplyGradientDescent,2,425.442,212.721,425.442,212.721,0.008092678076267007,0.9586234865175771,0.0,0.0
25,Device,MaxPool,sequential/max_pooling2d_2/MaxPool,2,335.905,167.9525,335.905,167.9525,0.006389522024643709,0.9650130085422208,0.0,0.0
26,Device,BiasAddGrad,gradient_tape/sequential/conv2d_2/BiasAdd/BiasAddGrad,2,318.21,159.105,318.21,159.105,0.006052931047355279,0.9710659395895761,0.0,0.0
27,Device,MatMul,gradient_tape/sequential/dense/MatMul/MatMul_1,2,228.352,114.176,228.352,114.176,0.004343668993826946,0.9754096085834031,0.0,0.0
28,Device,MatMul,gradient_tape/sequential/dense/MatMul/MatMul,2,227.266,113.633,227.266,113.633,0.004323011305138885,0.979732619888542,0.0,0.0
29,Device,ArgMax,ArgMax,2,187.714,93.857,187.714,93.857,0.003570660565737245,0.9833032804542793,0.0,0.0
30,Device,Transpose,gradient_tape/sequential/max_pooling2d_2/MaxPool/MaxPoolGrad-2-TransposeNHWCToNCHW-LayoutOptimizer,2,143.97,71.985,143.97,71.985,0.0027385703871271785,0.9860418508414065,0.0,0.0
31,Device,Transpose,sequential/max_pooling2d_2/MaxPool-0-2-TransposeNCHWToNHWC-LayoutOptimizer,2,139.265,69.6325,139.265,69.6325,0.00264907275795837,0.9886909235993648,0.0,0.0
32,Device,ArgMax,ArgMax_1,2,125.408,62.704,125.408,62.704,0.002385487498151318,0.9910764110975162,0.0,0.0
33,Device,_Send,IteratorGetNext/_3,2,25.824,12.912,25.824,12.912,0.0004912192934442749,0.9915676303909605,0.0,0.0
34,Device,MatMul,gradient_tape/sequential/dense_1/MatMul/MatMul,2,19.872,9.936,19.872,9.936,0.00037800146372849407,0.991945631854689,0.0,0.0
35,Device,MatMul,sequential/dense_1/MatMul,2,14.688,7.344,14.688,7.344,0.0002793923862341043,0.9922250242409231,0.0,0.0
36,Device,MatMul,gradient_tape/sequential/dense_1/MatMul/MatMul_1,2,12.353,6.1765,12.353,6.1765,0.00023497645337349472,0.9924600006942965,0.0,0.0
37,Device,DynamicStitch,gradient_tape/categorical_crossentropy/DynamicStitch,2,10.752,5.376,10.752,5.376,0.00020452253109947506,0.992664523225396,0.0,0.0
38,Device,ResourceApplyGradientDescent,SGD/SGD/update_4/ResourceApplyGradientDescent,2,7.808,3.904,7.808,3.904,0.00014852231425080927,0.9928130455396468,0.0,0.0
39,Device,Sum,gradient_tape/categorical_crossentropy/truediv/Sum_1,2,7.488,3.744,7.488,3.744,0.000142435334158563,0.9929554808738054,0.0,0.0
40,Device,ResourceApplyGradientDescent,SGD/SGD/update_2/ResourceApplyGradientDescent,2,7.456,3.728,7.456,3.728,0.00014182663614933837,0.9930973075099547,0.0,0.0
41,Device,Sum,categorical_crossentropy/Sum_1,2,7.393,3.6965,7.393,3.6965,0.00014062826194367737,0.9932379357718985,0.0,0.0
42,Device,Sum,categorical_crossentropy/Sum,2,7.36,3.68,7.36,3.68,0.00014000054212166447,0.9933779363140202,0.0,0.0
43,Device,BiasAddGrad,gradient_tape/sequential/dense_1/BiasAdd/BiasAddGrad,2,7.168,3.584,7.168,3.584,0.00013634835406631671,0.9935142846680864,0.0,0.0
44,Device,ResourceApplyGradientDescent,SGD/SGD/update_8/ResourceApplyGradientDescent,2,7.008,3.504,7.008,3.504,0.00013330486402019355,0.9936475895321066,0.0,0.0
45,Device,AddN,SGD/gradients/AddN,2,6.944,3.472,6.944,3.472,0.00013208746800174432,0.9937796770001084,0.0,0.0
46,Device,BiasAdd,sequential/dense_1/BiasAdd,2,6.816,3.408,6.816,3.408,0.0001296526759648458,0.9939093296760733,0.0,0.0
47,Device,Mul,categorical_crossentropy/mul,2,6.784,3.392,6.784,3.392,0.00012904397795562115,0.9940383736540289,0.0,0.0
48,Device,BiasAddGrad,gradient_tape/sequential/dense/BiasAdd/BiasAddGrad,2,6.592,3.296,6.592,3.296,0.0001253917899002734,0.9941637654439291,0.0,0.0
49,Device,BroadcastTo,gradient_tape/categorical_crossentropy/BroadcastTo,2,6.56,3.28,6.56,3.28,0.00012478309189104875,0.9942885485358202,0.0,0.0
50,Device,Mul,gradient_tape/categorical_crossentropy/truediv/mul,2,6.368,3.184,6.368,3.184,0.000121130903835701,0.9944096794396559,0.0,0.0
51,Device,LessEqual,gradient_tape/categorical_crossentropy/clip_by_value/LessEqual,2,6.336,3.168,6.336,3.168,0.00012052220582647637,0.9945302016454823,0.0,0.0
52,Device,Mul,gradient_tape/categorical_crossentropy/mul,2,6.336,3.168,6.336,3.168,0.00012052220582647637,0.9946507238513088,0.0,0.0
53,Device,RealDiv,gradient_tape/categorical_crossentropy/truediv/RealDiv,2,6.336,3.168,6.336,3.168,0.00012052220582647637,0.9947712460571353,0.0,0.0
54,Device,GreaterEqual,gradient_tape/categorical_crossentropy/clip_by_value/GreaterEqual,2,6.304,3.152,6.304,3.152,0.00011991350781725175,0.9948911595649526,0.0,0.0
55,Device,Mul,gradient_tape/categorical_crossentropy/mul/Mul,2,6.304,3.152,6.304,3.152,0.00011991350781725175,0.9950110730727698,0.0,0.0
56,Device,ResourceApplyGradientDescent,SGD/SGD/update/ResourceApplyGradientDescent,2,6.24,3.12,6.24,3.12,0.00011869611179880249,0.9951297691845686,0.0,0.0
57,Device,BroadcastTo,gradient_tape/categorical_crossentropy/BroadcastTo_1,2,6.24,3.12,6.24,3.12,0.00011869611179880249,0.9952484652963675,0.0,0.0
58,Device,ResourceApplyGradientDescent,SGD/SGD/update_3/ResourceApplyGradientDescent,2,6.176,3.088,6.176,3.088,0.00011747871578035323,0.9953659440121478,0.0,0.0
59,Device,ResourceApplyGradientDescent,SGD/SGD/update_7/ResourceApplyGradientDescent,2,6.144,3.072,6.144,3.072,0.0001168700177711286,0.995482814029919,0.0,0.0
60,Device,Minimum,categorical_crossentropy/clip_by_value/Minimum,2,6.113,3.0565,6.113,3.0565,0.00011628034157469226,0.9955990943714937,0.0,0.0
61,Device,ResourceApplyGradientDescent,SGD/SGD/update_5/ResourceApplyGradientDescent,2,6.112,3.056,6.112,3.056,0.00011626131976190397,0.9957153556912557,0.0,0.0
62,Device,RealDiv,gradient_tape/categorical_crossentropy/truediv/RealDiv_1,2,6.112,3.056,6.112,3.056,0.00011626131976190397,0.9958316170110176,0.0,0.0
63,Device,Maximum,categorical_crossentropy/clip_by_value,2,6.08,3.04,6.08,3.04,0.00011565262175267934,0.9959472696327704,0.0,0.0
64,Device,ResourceApplyGradientDescent,SGD/SGD/update_1/ResourceApplyGradientDescent,2,6.048,3.024,6.048,3.024,0.00011504392374345472,0.9960623135565139,0.0,0.0
65,Device,ResourceApplyGradientDescent,SGD/SGD/update_9/ResourceApplyGradientDescent,2,6.016,3.008,6.016,3.008,0.0001144352257342301,0.996176748782248,0.0,0.0
66,Device,DivNoNan,categorical_crossentropy/weighted_loss/value,2,5.952,2.976,5.952,2.976,0.00011321782971578083,0.9962899666119638,0.0,0.0
67,Device,BiasAdd,sequential/dense/BiasAdd,2,5.952,2.976,5.952,2.976,0.00011321782971578083,0.9964031844416795,0.0,0.0
68,Device,RealDiv,gradient_tape/categorical_crossentropy/truediv/RealDiv_2,2,5.888,2.944,5.888,2.944,0.00011200043369733157,0.9965151848753768,0.0,0.0
69,Device,Reciprocal,gradient_tape/categorical_crossentropy/Reciprocal,2,5.857,2.9285,5.857,2.9285,0.00011141075750089523,0.9966265956328777,0.0,0.0
70,Device,SelectV2,gradient_tape/categorical_crossentropy/clip_by_value/SelectV2,2,5.856,2.928,5.856,2.928,0.00011139173568810694,0.9967379873685658,0.0,0.0
71,Device,AssignAddVariableOp,AssignAddVariableOp_4,2,5.792,2.896,5.792,2.896,0.00011017433966965768,0.9968481617082354,0.0,0.0
72,Device,AssignAddVariableOp,SGD/SGD/AssignAddVariableOp,2,5.792,2.896,5.792,2.896,0.00011017433966965768,0.9969583360479051,0.0,0.0
73,Device,Log,categorical_crossentropy/Log,2,5.792,2.896,5.792,2.896,0.00011017433966965768,0.9970685103875747,0.0,0.0
74,Device,RealDiv,categorical_crossentropy/truediv,2,5.792,2.896,5.792,2.896,0.00011017433966965768,0.9971786847272444,0.0,0.0
75,Device,Neg,gradient_tape/categorical_crossentropy/truediv/Neg,2,5.76,2.88,5.76,2.88,0.00010956564166043307,0.9972882503689048,0.0,0.0
76,Device,ReluGrad,gradient_tape/sequential/dense/ReluGrad,2,5.76,2.88,5.76,2.88,0.00010956564166043307,0.9973978160105652,0.0,0.0
77,Device,ZerosLike,gradient_tape/categorical_crossentropy/clip_by_value/zeros_like,2,5.728,2.864,5.728,2.864,0.00010895694365120843,0.9975067729542164,0.0,0.0
78,Device,Relu,sequential/dense/Relu,2,5.696,2.848,5.696,2.848,0.0001083482456419838,0.9976151211998584,0.0,0.0
79,Device,AssignAddVariableOp,AssignAddVariableOp_2,2,5.632,2.816,5.632,2.816,0.00010713084962353454,0.997722252049482,0.0,0.0
80,Device,Tile,gradient_tape/categorical_crossentropy/weighted_loss/Tile_1,2,5.6,2.8,5.6,2.8,0.00010652215161430991,0.9978287742010963,0.0,0.0
81,Device,AssignAddVariableOp,AssignAddVariableOp_3,2,5.536,2.768,5.536,2.768,0.00010530475559586065,0.9979340789566922,0.0,0.0
82,Device,Equal,Equal,2,5.504,2.752,5.504,2.752,0.00010469605758663602,0.9980387750142788,0.0,0.0
83,Device,ZerosLike,gradient_tape/categorical_crossentropy/clip_by_value/zeros_like_1,2,5.504,2.752,5.504,2.752,0.00010469605758663602,0.9981434710718655,0.0,0.0
84,Device,SelectV2,gradient_tape/categorical_crossentropy/clip_by_value/SelectV2_1,2,5.408,2.704,5.408,2.704,0.00010286996355896216,0.9982463410354245,0.0,0.0
85,Device,DivNoNan,gradient_tape/categorical_crossentropy/weighted_loss/value/div_no_nan,2,5.408,2.704,5.408,2.704,0.00010286996355896216,0.9983492109989835,0.0,0.0
86,Device,Mul,Mul,2,5.376,2.688,5.376,2.688,0.00010226126554973753,0.9984514722645332,0.0,0.0
87,Device,Cast,Cast,2,5.344,2.672,5.344,2.672,0.0001016525675405129,0.9985531248320737,0.0,0.0
88,Device,Cast,Cast_1,2,5.312,2.656,5.312,2.656,0.00010104386953128827,0.998654168701605,0.0,0.0
89,Device,Sum,Sum_2,2,5.28,2.64,5.28,2.64,0.00010043517152206365,0.998754603873127,0.0,0.0
90,Device,AssignAddVariableOp,AssignAddVariableOp,2,5.248,2.624,5.248,2.624,9.982647351283902e-05,0.9988544303466398,0.0,0.0
91,Device,AssignAddVariableOp,AssignAddVariableOp_1,2,5.216,2.608,5.216,2.608,9.921777550361439e-05,0.9989536481221434,0.0,0.0
92,Device,Neg,categorical_crossentropy/Neg,2,5.088,2.544,5.088,2.544,9.678298346671587e-05,0.9990504311056101,0.0,0.0
93,Device,Sum,categorical_crossentropy/weighted_loss/Sum,2,5.088,2.544,5.088,2.544,9.678298346671587e-05,0.9991472140890768,0.0,0.0
94,Device,DivNoNan,div_no_nan,2,5.056,2.528,5.056,2.528,9.617428545749124e-05,0.9992433883745343,0.0,0.0
95,Device,DivNoNan,div_no_nan_1,2,4.992,2.496,4.992,2.496,9.4956889439042e-05,0.9993383452639734,0.0,0.0
96,Device,Neg,gradient_tape/categorical_crossentropy/Neg,2,4.864,2.432,4.864,2.432,9.252209740214347e-05,0.9994308673613755,0.0,0.0
97,Device,Cast,categorical_crossentropy/weighted_loss/num_elements/Cast,2,4.8,2.4,4.8,2.4,9.130470138369421e-05,0.9995221720627593,0.0,0.0
98,Device,Cast,Cast_2,2,4.768,2.384,4.768,2.384,9.069600337446958e-05,0.9996128680661338,0.0,0.0
99,Device,_Recv,strided_slice/_12,2,4.352,2.176,4.352,2.176,8.278292925454943e-05,0.9996956509953884,0.0,0.0
100,Device,_Recv,Size/_14,2,3.232,1.616,3.232,1.616,6.147849893168744e-05,0.99975712949432,0.0,0.0
101,Device,_Recv,gradient_tape/categorical_crossentropy/Shape/_16,2,2.784,1.392,2.784,1.392,5.295672680254264e-05,0.9998100862211226,0.0,0.0
102,Device,LogicalAnd,LogicalAnd,1,2.72,2.72,2.72,2.72,5.1739330784093395e-05,0.9998618255519066,0.0,0.0
103,Device,_HostRecv,gradient_tape/categorical_crossentropy/DynamicStitch/_22,2,2.56,1.28,2.56,1.28,4.869584073797025e-05,0.9999105213926446,0.0,0.0
104,Device,_Recv,categorical_crossentropy/weighted_loss/num_elements/_20,2,2.528,1.264,2.528,1.264,4.808714272874562e-05,0.9999586085353733,0.0,0.0
105,Device,_Recv,gradient_tape/categorical_crossentropy/ones/_18,2,2.176,1.088,2.176,1.088,4.1391464627274715e-05,1.0000000000000007,0.0,0.0
106,Host,IDLE,IDLE,0,186798.731,0.0,186798.731,0.0,0.0,0.0,0.7858378958621665,0.7858378958621665
107,Host,GatherV2,GatherV2,2,35344.709,17672.3545,35344.709,17672.3545,0.0,0.0,0.1486905805073193,0.9345284763694858
108,Host,_Send,IteratorGetNext/_3,2,9890.303,4945.1515,9890.303,4945.1515,0.0,0.0,0.041607214660142805,0.9761356910296286
109,Host,_Send,IteratorGetNext/_1,2,5034.978,2517.489,5034.978,2517.489,0.0,0.0,0.021181495698877627,0.9973171867285062
110,Host,GatherV2,GatherV2_1,2,185.047,92.5235,185.047,92.5235,0.0,0.0,0.0007784685920355975,0.9980956553205418
111,Host,_Send,IteratorGetNext/_6,2,107.145,53.5725,107.145,53.5725,0.0,0.0,0.00045074503933408315,0.9985464003598759
112,Host,Dataset,Iterator::Root::ParallelMapV2::Zip[1]::ForeverRepeat,2,70.739,35.3695,66.108,33.054,0.0,0.0,0.0002781077330747825,0.9988245080929506
113,Host,LogicalAnd,LogicalAnd,1,41.164,41.164,41.164,41.164,0.0,0.0,0.00017317157869380933,0.9989976796716444
114,Host,FlushSummaryWriter,FlushSummaryWriter,1,36.393,36.393,36.393,36.393,0.0,0.0,0.0001531006040084492,0.9991507802756529
115,Host,_HostSend,gradient_tape/categorical_crossentropy/mul/Shape/_9,2,28.23,14.115,28.23,14.115,0.0,0.0,0.00011875992776518894,0.9992695402034181
116,Host,Dataset,Iterator::Root::ParallelMapV2::Zip[0]::FlatMap[1]::Concatenate[0]::TensorSlice,2,26.852,13.426,26.852,13.426,0.0,0.0,0.000112962861507292,0.9993825030649254
117,Host,IteratorGetNext,IteratorGetNext,2,25.764,12.882,25.764,12.882,0.0,0.0,0.00010838578742268252,0.999490888852348
118,Host,Dataset,Iterator::Root,2,47.893,23.9465,24.943,12.4715,0.0,0.0,0.00010493194751141011,0.9995958207998594
119,Host,Dataset,Iterator::Root::ParallelMapV2,2,22.95,11.475,22.95,11.475,0.0,0.0,9.654765647223117e-05,0.9996923684563317
120,Host,Dataset,Iterator::Root::ParallelMapV2::Zip[0]::FlatMap[1]::Concatenate,2,49.009,24.5045,22.157,11.0785,0.0,0.0,9.321160890872445e-05,0.9997855800652404
121,Host,WriteSummary,WriteSummary,1,20.824,20.824,20.824,20.824,0.0,0.0,8.760385178116524e-05,0.9998731839170216
122,Host,Dataset,Iterator::Root::ParallelMapV2::Zip,2,136.319,68.1595,13.027,6.5135,0.0,0.0,5.480288979798498e-05,0.9999279868068196
123,Host,ReadVariableOp,ReadVariableOp,1,6.406,6.406,6.406,6.406,0.0,0.0,2.6949206420963522e-05,0.9999549360132406
124,Host,Dataset,Iterator::Root::ParallelMapV2::Zip[1]::ForeverRepeat::FromTensor,4,4.631,1.15775,4.631,1.15775,0.0,0.0,1.9482012946531702e-05,0.9999744180261871
125,Host,Dataset,Iterator::Root::ParallelMapV2::Zip[0]::FlatMap,2,52.553,26.2765,3.544,1.772,0.0,0.0,1.4909145731485284e-05,0.9999893271719186
126,Host,Identity,Identity,2,2.537,1.2685,2.537,1.2685,0.0,0.0,1.067282808148368e-05,1.0
