Rank,Host/device,Type,Operation,#Occurrences,Total time (us),Avg. time (us),Total self-time (us),Avg. self-time (us),Total self-time on Device (%),Cumulative total-self time on Device (%),Total self-time on Host (%),Cumulative total-self time on Host (%)
1,Device,IDLE,IDLE,0,31793.651,0.0,31793.651,0.0,0.031294962610018136,0.031294962610018136,0.0,0.0
2,Device,_Recv,IteratorGetNext/_2,2,9825.423,4912.7115,9825.423,4912.7115,0.009671309703079153,0.04096627231309729,0.0,0.0
3,Device,Conv2DBackpropFilter,gradient_tape/inception_resnet_v2/conv2d_2/Conv2D/Conv2DBackpropFilter,2,9154.189,4577.0945,9154.189,4577.0945,0.009010604113382238,0.04997687642647953,0.0,0.0
4,Device,Conv2DBackpropFilter,gradient_tape/inception_resnet_v2/conv2d_4/Conv2D/Conv2DBackpropFilter,2,8591.63,4295.815,8591.63,4295.815,0.008456868939308358,0.05843374536578789,0.0,0.0
5,Device,Conv2DBackpropInput,gradient_tape/inception_resnet_v2/conv2d_4/Conv2D/Conv2DBackpropInput,4,7798.315,1949.57875,7798.315,1949.57875,0.007675997209195747,0.06610974257498363,0.0,0.0
6,Device,FusedBatchNormGradV3,gradient_tape/inception_resnet_v2/batch_normalization_2/FusedBatchNormGradV3,2,6936.843,3468.4215,6936.843,3468.4215,0.00682803753229115,0.07293778010727478,0.0,0.0
7,Device,Conv2DBackpropInput,gradient_tape/inception_resnet_v2/conv2d_2/Conv2D/Conv2DBackpropInput,2,6886.858,3443.429,6886.858,3443.429,0.006778836554836193,0.07971661666211097,0.0,0.0
8,Device,FusedBatchNormV3,inception_resnet_v2/batch_normalization_2/FusedBatchNormV3,4,5690.344,1422.586,5690.344,1422.586,0.00560109006411818,0.08531770672622915,0.0,0.0
9,Device,Conv2DBackpropFilter,gradient_tape/inception_resnet_v2/conv2d_1/Conv2D/Conv2DBackpropFilter,2,5677.864,2838.932,5677.864,2838.932,0.005588805814870648,0.0909065125410998,0.0,0.0
10,Device,Conv2D,inception_resnet_v2/conv2d_2/Conv2D,2,5647.176,2823.588,5647.176,2823.588,0.005558599160951719,0.09646511170205152,0.0,0.0
11,Device,Conv2DBackpropFilter,gradient_tape/inception_resnet_v2/conv2d_74/Conv2D/Conv2DBackpropFilter,2,4998.471,2499.2355,4998.471,2499.2355,0.004920069200365191,0.10138518090241672,0.0,0.0
12,Device,Conv2D,inception_resnet_v2/conv2d_4/Conv2D,4,4967.304,1241.826,4967.304,1241.826,0.0048893910596362,0.10627457196205292,0.0,0.0
13,Device,Conv2DBackpropInput,gradient_tape/inception_resnet_v2/conv2d_74/Conv2D/Conv2DBackpropInput,4,4567.72,1141.93,4567.72,1141.93,0.004496074597190239,0.11077064655924317,0.0,0.0
14,Device,Conv2DBackpropInput,gradient_tape/inception_resnet_v2/conv2d_1/Conv2D/Conv2DBackpropInput,2,4466.63,2233.315,4466.63,2233.315,0.004396570209655548,0.11516721676889871,0.0,0.0
15,Device,MaxPoolGrad,gradient_tape/inception_resnet_v2/max_pooling2d/MaxPool/MaxPoolGrad,2,4398.535,2199.2675,4398.535,2199.2675,0.004329543290383861,0.11949676005928257,0.0,0.0
16,Device,Conv2D,inception_resnet_v2/conv2d_1/Conv2D,2,4362.76,2181.38,4362.76,2181.38,0.004294329426855781,0.12379108948613836,0.0,0.0
17,Device,FusedBatchNormGradV3,gradient_tape/inception_resnet_v2/batch_normalization/FusedBatchNormGradV3,2,4314.055,2157.0275,4314.055,2157.0275,0.0042463883724005716,0.12803747785853892,0.0,0.0
18,Device,Conv2DBackpropInput,gradient_tape/inception_resnet_v2/conv2d_72/Conv2D/Conv2DBackpropInput,2,4132.327,2066.1635,4132.327,2066.1635,0.004067510804511518,0.13210498866305043,0.0,0.0
19,Device,FusedBatchNormGradV3,gradient_tape/inception_resnet_v2/batch_normalization_4/FusedBatchNormGradV3,2,4071.75,2035.875,4071.75,2035.875,0.004007883964233656,0.13611287262728408,0.0,0.0
20,Device,Conv2D,inception_resnet_v2/conv2d_74/Conv2D,4,3958.918,989.7295,3958.918,989.7295,0.003896821751805975,0.14000969437909005,0.0,0.0
21,Device,FusedBatchNormGradV3,gradient_tape/inception_resnet_v2/batch_normalization_1/FusedBatchNormGradV3,2,3885.798,1942.899,3885.798,1942.899,0.003824848650445438,0.1438345430295355,0.0,0.0
22,Device,Conv2DBackpropInput,gradient_tape/inception_resnet_v2/conv2d_75/Conv2D/Conv2DBackpropInput,2,3371.078,1685.539,3371.078,1685.539,0.0033182021141722516,0.14715274514370774,0.0,0.0
23,Device,ReluGrad,gradient_tape/inception_resnet_v2/activation_2/ReluGrad,2,3330.341,1665.1705,3330.341,1665.1705,0.0032781040803904656,0.15043084922409822,0.0,0.0
24,Device,Conv2DBackpropFilter,gradient_tape/inception_resnet_v2/conv2d_72/Conv2D/Conv2DBackpropFilter,4,3245.06,811.265,3245.06,811.265,0.003194160726217491,0.15362500995031572,0.0,0.0
25,Device,Conv2D,inception_resnet_v2/conv2d_72/Conv2D,4,2937.316,734.329,2937.316,734.329,0.0028912437390033636,0.1565162536893191,0.0,0.0
26,Device,Conv2DBackpropFilter,gradient_tape/inception_resnet_v2/conv2d_75/Conv2D/Conv2DBackpropFilter,4,2731.651,682.91275,2731.651,682.91275,0.002688804626704201,0.1592050583160233,0.0,0.0
27,Device,FusedBatchNormV3,inception_resnet_v2/batch_normalization/FusedBatchNormV3,4,2540.868,635.217,2540.868,635.217,0.0025010140879067823,0.1617060724039301,0.0,0.0
28,Device,FusedBatchNormV3,inception_resnet_v2/batch_normalization_4/FusedBatchNormV3,4,2486.66,621.665,2486.66,621.665,0.002447656348867505,0.1641537287527976,0.0,0.0
29,Device,FusedBatchNormV3,inception_resnet_v2/batch_normalization_1/FusedBatchNormV3,4,2435.267,608.81675,2435.267,608.81675,0.0023970694561128267,0.16655079820891042,0.0,0.0
30,Device,ReluGrad,gradient_tape/inception_resnet_v2/activation_4/ReluGrad,2,2288.9,1144.45,2288.9,1144.45,0.0022529982454066225,0.16880379645431703,0.0,0.0
31,Device,Conv2DBackpropFilter,gradient_tape/inception_resnet_v2/conv2d_116/Conv2D/Conv2DBackpropFilter,2,2246.948,1123.474,2246.948,1123.474,0.0022117042690899206,0.17101550072340696,0.0,0.0
32,Device,Conv2DBackpropFilter,gradient_tape/inception_resnet_v2/conv2d_124/Conv2D/Conv2DBackpropFilter,2,2237.188,1118.594,2237.188,1118.594,0.0022020973562168517,0.1732175980796238,0.0,0.0
33,Device,Conv2DBackpropFilter,gradient_tape/inception_resnet_v2/conv2d_96/Conv2D/Conv2DBackpropFilter,2,2229.795,1114.8975,2229.795,1114.8975,0.00219482031657847,0.17541241839620228,0.0,0.0
34,Device,Conv2DBackpropFilter,gradient_tape/inception_resnet_v2/conv2d_88/Conv2D/Conv2DBackpropFilter,2,2225.859,1112.9295,2225.859,1112.9295,0.0021909460533542486,0.17760336444955652,0.0,0.0
35,Device,MaxPoolGrad,gradient_tape/inception_resnet_v2/max_pooling2d_1/MaxPool/MaxPoolGrad,2,2219.171,1109.5855,2219.171,1109.5855,0.002184362955680571,0.17978772740523707,0.0,0.0
36,Device,Conv2DBackpropFilter,gradient_tape/inception_resnet_v2/conv2d_76/Conv2D/Conv2DBackpropFilter,2,2209.028,1104.514,2209.028,1104.514,0.0021743790502224214,0.1819621064554595,0.0,0.0
37,Device,Conv2DBackpropFilter,gradient_tape/inception_resnet_v2/conv2d_108/Conv2D/Conv2DBackpropFilter,2,2208.387,1104.1935,2208.387,1104.1935,0.002173748104407705,0.1841358545598672,0.0,0.0
38,Device,Conv2DBackpropFilter,gradient_tape/inception_resnet_v2/conv2d_104/Conv2D/Conv2DBackpropFilter,2,2207.971,1103.9855,2207.971,1103.9855,0.002173338629432787,0.18630919318929998,0.0,0.0
39,Device,Conv2DBackpropFilter,gradient_tape/inception_resnet_v2/conv2d_92/Conv2D/Conv2DBackpropFilter,2,2197.955,1098.9775,2197.955,1098.9775,0.0021634797319597682,0.18847267292125974,0.0,0.0
40,Device,Conv2DBackpropFilter,gradient_tape/inception_resnet_v2/conv2d_84/Conv2D/Conv2DBackpropFilter,2,2196.419,1098.2095,2196.419,1098.2095,0.002161967824360072,0.1906346407456198,0.0,0.0
41,Device,Conv2DBackpropFilter,gradient_tape/inception_resnet_v2/conv2d_100/Conv2D/Conv2DBackpropFilter,2,2192.611,1096.3055,2192.611,1096.3055,0.0021582195534358252,0.19279286029905562,0.0,0.0
42,Device,Conv2DBackpropFilter,gradient_tape/inception_resnet_v2/conv2d_80/Conv2D/Conv2DBackpropFilter,2,2191.779,1095.8895,2191.779,1095.8895,0.0021574006034859898,0.1949502609025416,0.0,0.0
43,Device,Conv2DBackpropFilter,gradient_tape/inception_resnet_v2/conv2d_128/Conv2D/Conv2DBackpropFilter,2,2190.468,1095.234,2190.468,1095.234,0.0021561101667260927,0.1971063710692677,0.0,0.0
44,Device,Conv2D,inception_resnet_v2/conv2d_75/Conv2D,4,2184.355,546.08875,2184.355,546.08875,0.002150093050087458,0.19925646411935516,0.0,0.0
45,Device,Conv2DBackpropFilter,gradient_tape/inception_resnet_v2/conv2d_112/Conv2D/Conv2DBackpropFilter,2,2179.364,1089.682,2179.364,1089.682,0.0021451803347032894,0.20140164445405845,0.0,0.0
46,Device,Conv2DBackpropFilter,gradient_tape/inception_resnet_v2/conv2d_132/Conv2D/Conv2DBackpropFilter,2,2178.5,1089.25,2178.5,1089.25,0.00214432988667846,0.2035459743407369,0.0,0.0
47,Device,Conv2DBackpropFilter,gradient_tape/inception_resnet_v2/conv2d_120/Conv2D/Conv2DBackpropFilter,2,2161.188,1080.594,2161.188,1080.594,0.0021272894281068847,0.2056732637688438,0.0,0.0
48,Device,Relu,inception_resnet_v2/activation_2/Relu,2,2104.452,1052.226,2104.452,1052.226,0.0020714433411431073,0.2077447071099869,0.0,0.0
49,Device,Conv2DBackpropFilter,gradient_tape/inception_resnet_v2/conv2d_140/Conv2D/Conv2DBackpropFilter,2,2097.476,1048.738,2097.476,1048.738,0.002064576760794487,0.2098092838707814,0.0,0.0
50,Device,Conv2DBackpropFilter,gradient_tape/inception_resnet_v2/conv2d_136/Conv2D/Conv2DBackpropFilter,2,2091.492,1045.746,2091.492,1045.746,0.0020586866207706707,0.21186797049155207,0.0,0.0
51,Device,Conv2DBackpropFilter,gradient_tape/inception_resnet_v2/conv2d_144/Conv2D/Conv2DBackpropFilter,2,2075.812,1037.906,2075.812,1037.906,0.002043252564023772,0.21391122305557583,0.0,0.0
52,Device,Conv2DBackpropFilter,gradient_tape/inception_resnet_v2/conv2d_152/Conv2D/Conv2DBackpropFilter,2,2040.772,1020.386,2040.772,1020.386,0.002008762171905703,0.21591998522748154,0.0,0.0
53,Device,Conv2DBackpropInput,gradient_tape/inception_resnet_v2/conv_7b/Conv2D/Conv2DBackpropInput,4,2009.41,502.3525,2009.41,502.3525,0.001977892089782219,0.21789787731726376,0.0,0.0
54,Device,Conv2DBackpropFilter,gradient_tape/inception_resnet_v2/conv2d_148/Conv2D/Conv2DBackpropFilter,2,2002.82,1001.41,2002.82,1001.41,0.00197140545496321,0.21986928277222698,0.0,0.0
55,Device,Conv2D,inception_resnet_v2/conv2d_73/Conv2D,4,2000.195,500.04875,2000.195,500.04875,0.0019688216284988857,0.22183810440072585,0.0,0.0
56,Device,Conv2DBackpropFilter,gradient_tape/inception_resnet_v2/conv2d/Conv2D/Conv2DBackpropFilter,2,1978.403,989.2015,1978.403,989.2015,0.0019473714394281963,0.22378547584015404,0.0,0.0
57,Device,FusedBatchNormGradV3,gradient_tape/inception_resnet_v2/batch_normalization_3/FusedBatchNormGradV3,2,1857.123,928.5615,1857.123,928.5615,0.001827993735202186,0.22561346957535622,0.0,0.0
58,Device,Conv2D,inception_resnet_v2/conv_7b/Conv2D,4,1840.738,460.1845,1840.738,460.1845,0.001811865736490583,0.2274253353118468,0.0,0.0
59,Device,Conv2DBackpropFilter,gradient_tape/inception_resnet_v2/conv2d_73/Conv2D/Conv2DBackpropFilter,4,1792.995,448.24875,1792.995,448.24875,0.0017648715929148705,0.22919020690476166,0.0,0.0
60,Device,Conv2DBackpropInput,gradient_tape/inception_resnet_v2/block17_2_conv/Conv2D/Conv2DBackpropInput,4,1704.067,426.01675,1704.067,426.01675,0.0016773384425074608,0.2308675453472691,0.0,0.0
61,Device,Conv2DBackpropInput,gradient_tape/inception_resnet_v2/block17_5_conv/Conv2D/Conv2DBackpropInput,4,1703.586,425.8965,1703.586,425.8965,0.0016768649870677122,0.23254441033433682,0.0,0.0
62,Device,Conv2DBackpropInput,gradient_tape/inception_resnet_v2/conv2d_73/Conv2D/Conv2DBackpropInput,2,1702.754,851.377,1702.754,851.377,0.0016760460371178767,0.2342204563714547,0.0,0.0
63,Device,Conv2DBackpropInput,gradient_tape/inception_resnet_v2/block17_7_conv/Conv2D/Conv2DBackpropInput,4,1702.626,425.6565,1702.626,425.6565,0.0016759200448179022,0.2358963764162726,0.0,0.0
64,Device,Conv2DBackpropInput,gradient_tape/inception_resnet_v2/block17_14_conv/Conv2D/Conv2DBackpropInput,4,1702.243,425.56075,1702.243,425.56075,0.0016755430522328216,0.23757191946850542,0.0,0.0
65,Device,Conv2DBackpropInput,gradient_tape/inception_resnet_v2/block17_6_conv/Conv2D/Conv2DBackpropInput,4,1702.114,425.5285,1702.114,425.5285,0.0016754160756180035,0.23924733554412342,0.0,0.0
66,Device,Conv2DBackpropInput,gradient_tape/inception_resnet_v2/block17_8_conv/Conv2D/Conv2DBackpropInput,4,1701.091,425.27275,1701.091,425.27275,0.0016744091215330494,0.24092174466565647,0.0,0.0
67,Device,ReluGrad,gradient_tape/inception_resnet_v2/activation/ReluGrad,2,1700.994,850.497,1700.994,850.497,0.0016743136429932248,0.2425960583086497,0.0,0.0
68,Device,Conv2DBackpropInput,gradient_tape/inception_resnet_v2/block17_3_conv/Conv2D/Conv2DBackpropInput,4,1700.899,425.22475,1700.899,425.22475,0.0016742201330830874,0.24427027844173277,0.0,0.0
69,Device,Conv2DBackpropInput,gradient_tape/inception_resnet_v2/block17_4_conv/Conv2D/Conv2DBackpropInput,4,1700.77,425.1925,1700.77,425.1925,0.0016740931564682693,0.24594437159820104,0.0,0.0
70,Device,Conv2DBackpropInput,gradient_tape/inception_resnet_v2/block17_9_conv/Conv2D/Conv2DBackpropInput,4,1699.842,424.9605,1699.842,424.9605,0.0016731797122934529,0.24761755131049448,0.0,0.0
71,Device,Conv2DBackpropInput,gradient_tape/inception_resnet_v2/block17_12_conv/Conv2D/Conv2DBackpropInput,4,1699.459,424.86475,1699.459,424.86475,0.0016728027197083725,0.24929035403020286,0.0,0.0
72,Device,Conv2DBackpropInput,gradient_tape/inception_resnet_v2/block17_11_conv/Conv2D/Conv2DBackpropInput,4,1699.427,424.85675,1699.427,424.85675,0.0016727712216333785,0.2509631252518362,0.0,0.0
73,Device,Conv2DBackpropInput,gradient_tape/inception_resnet_v2/block17_13_conv/Conv2D/Conv2DBackpropInput,4,1699.331,424.83275,1699.331,424.83275,0.0016726767274083975,0.2526358019792446,0.0,0.0
74,Device,Conv2DBackpropInput,gradient_tape/inception_resnet_v2/block17_1_conv/Conv2D/Conv2DBackpropInput,4,1699.043,424.76075,1699.043,424.76075,0.0016723932447334545,0.2543081952239781,0.0,0.0
75,Device,Conv2DBackpropInput,gradient_tape/inception_resnet_v2/block17_10_conv/Conv2D/Conv2DBackpropInput,4,1698.979,424.74475,1698.979,424.74475,0.0016723302485834673,0.25598052547256156,0.0,0.0
76,Device,Conv2DBackpropInput,gradient_tape/inception_resnet_v2/block17_15_conv/Conv2D/Conv2DBackpropInput,4,1695.747,423.93675,1695.747,423.93675,0.0016691489430091066,0.2576496744155707,0.0,0.0
77,Device,Conv2DBackpropInput,gradient_tape/inception_resnet_v2/block17_16_conv/Conv2D/Conv2DBackpropInput,4,1690.243,422.56075,1690.243,422.56075,0.0016637312741101952,0.25931340568968086,0.0,0.0
78,Device,Conv2DBackpropInput,gradient_tape/inception_resnet_v2/block17_18_conv/Conv2D/Conv2DBackpropInput,4,1675.362,418.8405,1675.362,418.8405,0.0016490836849232951,0.26096248937460415,0.0,0.0
79,Device,Conv2DBackpropInput,gradient_tape/inception_resnet_v2/block17_17_conv/Conv2D/Conv2DBackpropInput,4,1674.018,418.5045,1674.018,418.5045,0.001647760765773561,0.2626102501403777,0.0,0.0
80,Device,Conv2DBackpropInput,gradient_tape/inception_resnet_v2/block17_19_conv/Conv2D/Conv2DBackpropInput,4,1667.458,416.8645,1667.458,416.8645,0.0016413036603998587,0.2642515538007776,0.0,0.0
81,Device,Conv2DBackpropInput,gradient_tape/inception_resnet_v2/block17_20_conv/Conv2D/Conv2DBackpropInput,4,1663.268,415.817,1663.268,415.817,0.0016371793812053749,0.265888733181983,0.0,0.0
82,Device,ReluGrad,gradient_tape/inception_resnet_v2/activation_1/ReluGrad,2,1645.7,822.85,1645.7,822.85,0.0016198869380338499,0.2675086201200168,0.0,0.0
83,Device,Conv2DBackpropFilter,gradient_tape/inception_resnet_v2/conv2d_3/Conv2D/Conv2DBackpropFilter,2,1599.234,799.617,1599.234,799.617,0.0015741497645133534,0.26908276988453017,0.0,0.0
84,Device,Conv2DBackpropFilter,gradient_tape/inception_resnet_v2/conv2d_161/Conv2D/Conv2DBackpropFilter,2,1571.17,785.585,1571.17,785.585,0.0015465259527439046,0.2706292958372741,0.0,0.0
85,Device,Conv2DBackpropFilter,gradient_tape/inception_resnet_v2/conv2d_77/Conv2D/Conv2DBackpropFilter,2,1545.346,772.673,1545.346,772.673,0.0015211070062240127,0.27215040284349806,0.0,0.0
86,Device,Conv2DBackpropFilter,gradient_tape/inception_resnet_v2/block17_4_conv/Conv2D/Conv2DBackpropFilter,4,1487.202,371.8005,1487.202,371.8005,0.0014638750039605137,0.27361427784745856,0.0,0.0
87,Device,Conv2DBackpropFilter,gradient_tape/inception_resnet_v2/block17_6_conv/Conv2D/Conv2DBackpropFilter,4,1485.698,371.4245,1485.698,371.4245,0.0014623945944358114,0.2750766724418944,0.0,0.0
88,Device,Conv2DBackpropFilter,gradient_tape/inception_resnet_v2/block17_5_conv/Conv2D/Conv2DBackpropFilter,4,1484.962,371.2405,1484.962,371.2405,0.0014616701387109568,0.27653834258060533,0.0,0.0
89,Device,Conv2DBackpropFilter,gradient_tape/inception_resnet_v2/block17_1_conv/Conv2D/Conv2DBackpropFilter,4,1482.979,370.74475,1482.979,370.74475,0.001459718242376193,0.2779980608229815,0.0,0.0
90,Device,Conv2D,inception_resnet_v2/conv2d_161/Conv2D,4,1482.69,370.6725,1482.69,370.6725,0.0014594337753864063,0.27945749459836794,0.0,0.0
91,Device,Conv2DBackpropFilter,gradient_tape/inception_resnet_v2/block17_2_conv/Conv2D/Conv2DBackpropFilter,4,1481.411,370.35275,1481.411,370.35275,0.001458174836701503,0.28091566943506946,0.0,0.0
92,Device,Conv2DBackpropFilter,gradient_tape/inception_resnet_v2/block17_8_conv/Conv2D/Conv2DBackpropFilter,4,1480.514,370.1285,1480.514,370.1285,0.0014572919062868367,0.2823729613413563,0.0,0.0
93,Device,Conv2DBackpropFilter,gradient_tape/inception_resnet_v2/block17_7_conv/Conv2D/Conv2DBackpropFilter,4,1480.482,370.1205,1480.482,370.1205,0.001457260408211843,0.2838302217495682,0.0,0.0
94,Device,Conv2DBackpropFilter,gradient_tape/inception_resnet_v2/block17_10_conv/Conv2D/Conv2DBackpropFilter,4,1480.322,370.0805,1480.322,370.0805,0.0014571029178368745,0.28528732466740503,0.0,0.0
95,Device,Conv2DBackpropFilter,gradient_tape/inception_resnet_v2/block17_9_conv/Conv2D/Conv2DBackpropFilter,4,1479.618,369.9045,1479.618,369.9045,0.0014564099601870138,0.28674373462759206,0.0,0.0
96,Device,Conv2DBackpropFilter,gradient_tape/inception_resnet_v2/block17_3_conv/Conv2D/Conv2DBackpropFilter,4,1479.235,369.80875,1479.235,369.80875,0.0014560329676019334,0.288199767595194,0.0,0.0
97,Device,Conv2DBackpropFilter,gradient_tape/inception_resnet_v2/block17_13_conv/Conv2D/Conv2DBackpropFilter,4,1479.171,369.79275,1479.171,369.79275,0.0014559699714519461,0.2896557375666459,0.0,0.0
98,Device,Conv2DBackpropFilter,gradient_tape/inception_resnet_v2/block17_11_conv/Conv2D/Conv2DBackpropFilter,4,1478.018,369.5045,1478.018,369.5045,0.0014548350564373305,0.29111057262308326,0.0,0.0
99,Device,Conv2DBackpropFilter,gradient_tape/inception_resnet_v2/block17_12_conv/Conv2D/Conv2DBackpropFilter,4,1476.77,369.1925,1476.77,369.1925,0.0014536066315125773,0.2925641792545958,0.0,0.0
100,Device,Conv2DBackpropFilter,gradient_tape/inception_resnet_v2/block17_15_conv/Conv2D/Conv2DBackpropFilter,4,1471.522,367.8805,1471.522,367.8805,0.0014484409472136153,0.29401262020180946,0.0,0.0
101,Device,Conv2DBackpropFilter,gradient_tape/inception_resnet_v2/block17_14_conv/Conv2D/Conv2DBackpropFilter,4,1470.69,367.6725,1470.69,367.6725,0.0014476219972637799,0.29546024219907324,0.0,0.0
102,Device,Conv2DBackpropFilter,gradient_tape/inception_resnet_v2/conv2d_93/Conv2D/Conv2DBackpropFilter,2,1469.538,734.769,1469.538,734.769,0.001446488066564008,0.29690673026563724,0.0,0.0
103,Device,Conv2DBackpropFilter,gradient_tape/inception_resnet_v2/conv2d_89/Conv2D/Conv2DBackpropFilter,2,1462.114,731.057,1462.114,731.057,0.0014391805131654762,0.29834591077880274,0.0,0.0
104,Device,Conv2DBackpropFilter,gradient_tape/inception_resnet_v2/conv2d_97/Conv2D/Conv2DBackpropFilter,2,1457.603,728.8015,1457.603,728.8015,0.0014347402689062123,0.29978065104770896,0.0,0.0
105,Device,Conv2DBackpropFilter,gradient_tape/inception_resnet_v2/conv2d_81/Conv2D/Conv2DBackpropFilter,2,1454.754,727.377,1454.754,727.377,0.001431935955916932,0.3012125870036259,0.0,0.0
106,Device,Conv2DBackpropFilter,gradient_tape/inception_resnet_v2/conv2d_117/Conv2D/Conv2DBackpropFilter,2,1453.73,726.865,1453.73,726.865,0.0014309280175171346,0.30264351502114306,0.0,0.0
107,Device,Conv2DBackpropFilter,gradient_tape/inception_resnet_v2/conv2d_113/Conv2D/Conv2DBackpropFilter,2,1453.314,726.657,1453.314,726.657,0.001430518542542217,0.3040740335636853,0.0,0.0
108,Device,Conv2DBackpropFilter,gradient_tape/inception_resnet_v2/conv2d_85/Conv2D/Conv2DBackpropFilter,2,1452.962,726.481,1452.962,726.481,0.0014301720637172866,0.30550420562740255,0.0,0.0
109,Device,Conv2DBackpropFilter,gradient_tape/inception_resnet_v2/conv2d_121/Conv2D/Conv2DBackpropFilter,2,1452.194,726.097,1452.194,726.097,0.0014294161099174384,0.30693362173732,0.0,0.0
110,Device,Conv2DBackpropFilter,gradient_tape/inception_resnet_v2/conv2d_109/Conv2D/Conv2DBackpropFilter,2,1450.914,725.457,1450.914,725.457,0.0014281561869176917,0.3083617779242377,0.0,0.0
111,Device,Conv2DBackpropFilter,gradient_tape/inception_resnet_v2/conv2d_105/Conv2D/Conv2DBackpropFilter,2,1449.89,724.945,1449.89,724.945,0.0014271482485178942,0.3097889261727556,0.0,0.0
112,Device,Conv2DBackpropFilter,gradient_tape/inception_resnet_v2/conv2d_125/Conv2D/Conv2DBackpropFilter,2,1449.826,724.913,1449.826,724.913,0.001427085252367907,0.3112160114251235,0.0,0.0
113,Device,Conv2DBackpropFilter,gradient_tape/inception_resnet_v2/conv2d_101/Conv2D/Conv2DBackpropFilter,2,1449.539,724.7695,1449.539,724.7695,0.0014268027540078074,0.3126428141791313,0.0,0.0
114,Device,Conv2DBackpropFilter,gradient_tape/inception_resnet_v2/block17_16_conv/Conv2D/Conv2DBackpropFilter,4,1448.962,362.2405,1448.962,362.2405,0.0014262348043430778,0.3140690489834744,0.0,0.0
115,Device,Relu,inception_resnet_v2/activation_4/Relu,2,1447.042,723.521,1447.042,723.521,0.0014243449198434574,0.3154933939033178,0.0,0.0
116,Device,Conv2DBackpropFilter,gradient_tape/inception_resnet_v2/conv2d_129/Conv2D/Conv2DBackpropFilter,2,1446.37,723.185,1446.37,723.185,0.0014236834602685904,0.31691707736358643,0.0,0.0
117,Device,Conv2DBackpropFilter,gradient_tape/inception_resnet_v2/conv2d_137/Conv2D/Conv2DBackpropFilter,2,1442.914,721.457,1442.914,721.457,0.001420281668169274,0.3183373590317557,0.0,0.0
118,Device,Conv2DBackpropFilter,gradient_tape/inception_resnet_v2/conv2d_133/Conv2D/Conv2DBackpropFilter,2,1440.706,720.353,1440.706,720.353,0.0014181083009947107,0.3197554673327504,0.0,0.0
119,Device,Conv2DBackpropFilter,gradient_tape/inception_resnet_v2/block17_18_conv/Conv2D/Conv2DBackpropFilter,4,1407.586,351.8965,1407.586,351.8965,0.001385507793376262,0.32114097512612666,0.0,0.0
120,Device,Conv2DBackpropFilter,gradient_tape/inception_resnet_v2/block17_17_conv/Conv2D/Conv2DBackpropFilter,4,1406.626,351.6565,1406.626,351.6565,0.001384562851126452,0.3225255379772531,0.0,0.0
121,Device,FusedBatchNormGradV3,gradient_tape/inception_resnet_v2/batch_normalization_73/FusedBatchNormGradV3,2,1401.794,700.897,1401.794,700.897,0.0013798066418024078,0.3239053446190555,0.0,0.0
122,Device,Conv2DBackpropFilter,gradient_tape/inception_resnet_v2/conv2d_10/Conv2D/Conv2DBackpropFilter,4,1399.235,349.80875,1399.235,349.80875,0.0013772877801177575,0.32528263239917327,0.0,0.0
123,Device,AddN,SGD/gradients/AddN_35,2,1394.306,697.153,1394.306,697.153,0.0013724360922538889,0.32665506849142717,0.0,0.0
124,Device,Conv2DBackpropFilter,gradient_tape/inception_resnet_v2/block17_19_conv/Conv2D/Conv2DBackpropFilter,4,1394.082,348.5205,1394.082,348.5205,0.0013722156057289334,0.3280272840971561,0.0,0.0
125,Device,AddN,SGD/gradients/AddN_38,2,1393.41,696.705,1393.41,696.705,0.0013715541461540662,0.3293988382433102,0.0,0.0
126,Device,AddN,SGD/gradients/AddN_41,2,1393.346,696.673,1393.346,696.673,0.001371491150004079,0.33077032939331424,0.0,0.0
127,Device,Conv2DBackpropFilter,gradient_tape/inception_resnet_v2/conv2d_141/Conv2D/Conv2DBackpropFilter,2,1392.322,696.161,1392.322,696.161,0.0013704832116042812,0.3321408126049185,0.0,0.0
128,Device,AddN,SGD/gradients/AddN_34,2,1392.258,696.129,1392.258,696.129,0.001370420215454294,0.3335112328203728,0.0,0.0
129,Device,AddN,SGD/gradients/AddN_37,2,1392.227,696.1135,1392.227,696.1135,0.001370389701694144,0.33488162252206694,0.0,0.0
130,Device,AddN,SGD/gradients/AddN_32,2,1391.65,695.825,1391.65,695.825,0.0013698217520294145,0.33625144427409637,0.0,0.0
131,Device,AddN,SGD/gradients/AddN_40,2,1391.586,695.793,1391.586,695.793,0.001369758755879427,0.3376212030299758,0.0,0.0
132,Device,Conv2DBackpropFilter,gradient_tape/inception_resnet_v2/block17_20_conv/Conv2D/Conv2DBackpropFilter,4,1390.946,347.7365,1390.946,347.7365,0.0013691287943795535,0.33899033182435534,0.0,0.0
133,Device,AddN,SGD/gradients/AddN_39,2,1390.274,695.137,1390.274,695.137,0.0013684673348046863,0.34035879915916,0.0,0.0
134,Device,AddN,SGD/gradients/AddN_33,2,1389.826,694.913,1389.826,694.913,0.001368026361754775,0.34172682552091477,0.0,0.0
135,Device,FusedBatchNormGradV3,gradient_tape/inception_resnet_v2/batch_normalization_74/FusedBatchNormGradV3,2,1387.394,693.697,1387.394,693.697,0.0013656325080552562,0.34309245802897004,0.0,0.0
136,Device,AddN,SGD/gradients/AddN_36,2,1379.394,689.697,1379.394,689.697,0.0013577579893068385,0.34445021601827686,0.0,0.0
137,Device,Conv2DBackpropFilter,gradient_tape/inception_resnet_v2/conv_7b/Conv2D/Conv2DBackpropFilter,4,1372.418,343.1045,1372.418,343.1045,0.0013508914089582183,0.3458011074272351,0.0,0.0
138,Device,Conv2DBackpropFilter,gradient_tape/inception_resnet_v2/block35_6_conv/Conv2D/Conv2DBackpropFilter,4,1352.418,338.1045,1352.418,338.1045,0.0013312051120871744,0.34713231253932225,0.0,0.0
139,Device,Conv2DBackpropFilter,gradient_tape/inception_resnet_v2/block35_7_conv/Conv2D/Conv2DBackpropFilter,4,1352.098,338.0245,1352.098,338.0245,0.0013308901313372377,0.3484632026706595,0.0,0.0
140,Device,FusedBatchNormV3,inception_resnet_v2/batch_normalization_3/FusedBatchNormV3,4,1334.306,333.5765,1334.306,333.5765,0.0013133772016407572,0.34977657987230026,0.0,0.0
141,Device,Conv2DBackpropFilter,gradient_tape/inception_resnet_v2/conv2d_145/Conv2D/Conv2DBackpropFilter,2,1330.69,665.345,1330.69,665.345,0.0013098179191664725,0.3510863977914667,0.0,0.0
142,Device,MaxPool,inception_resnet_v2/max_pooling2d/MaxPool,2,1322.05,661.025,1322.05,661.025,0.0013013134389181814,0.3523877112303849,0.0,0.0
143,Device,Conv2DBackpropFilter,gradient_tape/inception_resnet_v2/block35_4_conv/Conv2D/Conv2DBackpropFilter,4,1321.346,330.3365,1321.346,330.3365,0.0013006204812683207,0.35368833171165326,0.0,0.0
144,Device,Conv2DBackpropFilter,gradient_tape/inception_resnet_v2/block35_3_conv/Conv2D/Conv2DBackpropFilter,4,1318.466,329.6165,1318.466,329.6165,0.0012977856545188903,0.35498611736617214,0.0,0.0
145,Device,Conv2DBackpropFilter,gradient_tape/inception_resnet_v2/block35_5_conv/Conv2D/Conv2DBackpropFilter,4,1317.026,329.2565,1317.026,329.2565,0.0012963682411441752,0.3562824856073163,0.0,0.0
146,Device,Conv2DBackpropFilter,gradient_tape/inception_resnet_v2/block35_9_conv/Conv2D/Conv2DBackpropFilter,4,1311.778,327.9445,1311.778,327.9445,0.0012912025568452134,0.3575736881641615,0.0,0.0
147,Device,Conv2DBackpropFilter,gradient_tape/inception_resnet_v2/block35_8_conv/Conv2D/Conv2DBackpropFilter,4,1311.394,327.8485,1311.394,327.8485,0.0012908245799452892,0.3588645127441068,0.0,0.0
148,Device,Conv2DBackpropFilter,gradient_tape/inception_resnet_v2/conv2d_149/Conv2D/Conv2DBackpropFilter,2,1310.594,655.297,1310.594,655.297,0.0012900371280704474,0.36015454987217727,0.0,0.0
149,Device,Conv2DBackpropFilter,gradient_tape/inception_resnet_v2/block35_10_conv/Conv2D/Conv2DBackpropFilter,4,1308.962,327.2405,1308.962,327.2405,0.0012884307262457702,0.36144298059842306,0.0,0.0
150,Device,Conv2DBackpropFilter,gradient_tape/inception_resnet_v2/conv2d_153/Conv2D/Conv2DBackpropFilter,2,1305.794,652.897,1305.794,652.897,0.001285312416821397,0.36272829301524445,0.0,0.0
151,Device,Conv2DBackpropFilter,gradient_tape/inception_resnet_v2/block35_1_conv/Conv2D/Conv2DBackpropFilter,4,1302.082,325.5205,1302.082,325.5205,0.0012816586401221313,0.3640099516553666,0.0,0.0
152,Device,Conv2DBackpropFilter,gradient_tape/inception_resnet_v2/block35_2_conv/Conv2D/Conv2DBackpropFilter,4,1299.074,324.7685,1299.074,324.7685,0.0012786978210727262,0.3652886494764393,0.0,0.0
153,Device,Conv2DBackpropFilter,gradient_tape/inception_resnet_v2/conv2d_7/Conv2D/Conv2DBackpropFilter,4,1255.362,313.8405,1255.362,313.8405,0.0012356714506313725,0.36652432092707066,0.0,0.0
154,Device,Conv2DBackpropInput,gradient_tape/inception_resnet_v2/conv2d_156/Conv2D/Conv2DBackpropInput,2,1206.562,603.281,1206.562,603.281,0.0011876368862660251,0.3677119578133367,0.0,0.0
155,Device,Conv2DBackpropFilter,gradient_tape/inception_resnet_v2/conv2d_9/Conv2D/Conv2DBackpropFilter,4,1206.529,301.63225,1206.529,301.63225,0.0011876044038761882,0.3688995622172129,0.0,0.0
156,Device,Conv2DBackpropInput,gradient_tape/inception_resnet_v2/conv2d_158/Conv2D/Conv2DBackpropInput,2,1205.218,602.609,1205.218,602.609,0.0011863139671162912,0.37008587618432914,0.0,0.0
157,Device,Conv2DBackpropInput,gradient_tape/inception_resnet_v2/conv2d_160/Conv2D/Conv2DBackpropInput,2,1203.874,601.937,1203.874,601.937,0.001184991047966557,0.3712708672322957,0.0,0.0
158,Device,Conv2DBackpropFilter,gradient_tape/inception_resnet_v2/conv2d_158/Conv2D/Conv2DBackpropFilter,4,1168.736,292.184,1168.736,292.184,0.00115040419299382,0.3724212714252895,0.0,0.0
159,Device,Conv2DBackpropFilter,gradient_tape/inception_resnet_v2/conv2d_156/Conv2D/Conv2DBackpropFilter,4,1167.714,291.9285,1167.714,291.9285,0.0011493982232237095,0.3735706696485132,0.0,0.0
160,Device,Conv2DBackpropFilter,gradient_tape/inception_resnet_v2/conv2d_160/Conv2D/Conv2DBackpropFilter,4,1166.242,291.5605,1166.242,291.5605,0.0011479493117740008,0.3747186189602872,0.0,0.0
161,Device,Conv2DBackpropInput,gradient_tape/inception_resnet_v2/conv2d_161/Conv2D/Conv2DBackpropInput,4,1164.61,291.1525,1164.61,291.1525,0.0011463429099493234,0.3758649618702365,0.0,0.0
162,Device,Conv2D,inception_resnet_v2/block17_9_conv/Conv2D,4,1152.226,288.0565,1152.226,288.0565,0.0011341531549267734,0.37699911502516326,0.0,0.0
163,Device,Conv2D,inception_resnet_v2/block17_15_conv/Conv2D,4,1150.753,287.68825,1150.753,287.68825,0.0011327032591622206,0.37813181828432546,0.0,0.0
164,Device,Conv2D,inception_resnet_v2/block17_18_conv/Conv2D,4,1150.657,287.66425,1150.657,287.66425,0.0011326087649372396,0.3792644270492627,0.0,0.0
165,Device,Conv2D,inception_resnet_v2/block17_6_conv/Conv2D,4,1150.562,287.6405,1150.562,287.6405,0.0011325152550271023,0.38039694230428983,0.0,0.0
166,Device,Conv2D,inception_resnet_v2/block17_11_conv/Conv2D,4,1150.146,287.5365,1150.146,287.5365,0.0011321057800521845,0.381529048084342,0.0,0.0
167,Device,Conv2D,inception_resnet_v2/block17_4_conv/Conv2D,4,1149.474,287.3685,1149.474,287.3685,0.0011314443204773175,0.3826604924048193,0.0,0.0
168,Device,Conv2D,inception_resnet_v2/block17_10_conv/Conv2D,4,1149.378,287.3445,1149.378,287.3445,0.0011313498262523365,0.38379184223107166,0.0,0.0
169,Device,Conv2D,inception_resnet_v2/block17_14_conv/Conv2D,4,1148.514,287.1285,1148.514,287.1285,0.0011304993782275073,0.38492234160929917,0.0,0.0
170,Device,Conv2D,inception_resnet_v2/block17_12_conv/Conv2D,4,1147.81,286.9525,1147.81,286.9525,0.0011298064205776466,0.3860521480298768,0.0,0.0
171,Device,Conv2D,inception_resnet_v2/block17_7_conv/Conv2D,4,1147.586,286.8965,1147.586,286.8965,0.001129585934052691,0.3871817339639295,0.0,0.0
172,Device,Conv2D,inception_resnet_v2/block17_16_conv/Conv2D,4,1147.202,286.8005,1147.202,286.8005,0.001129207957152767,0.3883109419210823,0.0,0.0
173,Device,Conv2D,inception_resnet_v2/block17_8_conv/Conv2D,4,1146.882,286.7205,1146.882,286.7205,0.0011288929764028304,0.3894398348974851,0.0,0.0
174,Device,Conv2D,inception_resnet_v2/block17_5_conv/Conv2D,4,1146.21,286.5525,1146.21,286.5525,0.0011282315168279632,0.3905680664143131,0.0,0.0
175,Device,Conv2D,inception_resnet_v2/block17_19_conv/Conv2D,4,1145.666,286.4165,1145.666,286.4165,0.0011276960495530707,0.39169576246386617,0.0,0.0
176,Device,Conv2D,inception_resnet_v2/block17_20_conv/Conv2D,4,1145.346,286.3365,1145.346,286.3365,0.001127381068803134,0.3928231435326693,0.0,0.0
177,Device,Conv2D,inception_resnet_v2/block17_17_conv/Conv2D,4,1144.93,286.2325,1144.93,286.2325,0.0011269715938282165,0.3939501151264975,0.0,0.0
178,Device,Conv2D,inception_resnet_v2/block17_13_conv/Conv2D,4,1143.458,285.8645,1143.458,285.8645,0.0011255226823785075,0.39507563780887606,0.0,0.0
179,Device,Conv2D,inception_resnet_v2/block17_3_conv/Conv2D,4,1134.338,283.5845,1134.338,283.5845,0.0011165457310053114,0.3961921835398814,0.0,0.0
180,Device,Conv2D,inception_resnet_v2/block17_1_conv/Conv2D,4,1133.25,283.3125,1133.25,283.3125,0.0011154747964555267,0.3973076583363369,0.0,0.0
181,Device,Conv2D,inception_resnet_v2/block17_2_conv/Conv2D,4,1130.945,282.73625,1130.945,282.73625,0.0011132059507411387,0.39842086428707807,0.0,0.0
182,Device,AddN,SGD/gradients/AddN_31,2,1117.954,558.977,1117.954,558.977,0.0011004187166085524,0.3995212830036866,0.0,0.0
183,Device,AddN,SGD/gradients/AddN_10,2,1101.346,550.673,1101.346,550.673,0.0010840712156868374,0.40060535421937343,0.0,0.0
184,Device,Relu,inception_resnet_v2/activation/Relu,2,1082.496,541.248,1082.496,541.248,0.0010655168808858786,0.4016708711002593,0.0,0.0
185,Device,Conv2DBackpropInput,gradient_tape/inception_resnet_v2/conv2d_10/Conv2D/Conv2DBackpropInput,4,1072.064,268.016,1072.064,268.016,0.001055248508437942,0.40272611960869725,0.0,0.0
186,Device,Relu,inception_resnet_v2/activation_1/Relu,2,1049.986,524.993,1049.986,524.993,0.0010335168053219968,0.40375963641401924,0.0,0.0
187,Device,Conv2DBackpropInput,gradient_tape/inception_resnet_v2/conv2d_92/Conv2D/Conv2DBackpropInput,2,1037.25,518.625,1037.25,518.625,0.0010209805714745158,0.4047806169854938,0.0,0.0
188,Device,Conv2DBackpropInput,gradient_tape/inception_resnet_v2/conv2d_88/Conv2D/Conv2DBackpropInput,2,1035.682,517.841,1035.682,517.841,0.0010194371657998261,0.4058000541512936,0.0,0.0
189,Device,Conv2DBackpropInput,gradient_tape/inception_resnet_v2/conv2d_112/Conv2D/Conv2DBackpropInput,2,1032.897,516.4485,1032.897,516.4485,0.0010166958489605331,0.40681675000025413,0.0,0.0
190,Device,Conv2DBackpropInput,gradient_tape/inception_resnet_v2/conv2d_84/Conv2D/Conv2DBackpropInput,2,1032.322,516.161,1032.322,516.161,0.0010161298679254905,0.4078328798681796,0.0,0.0
191,Device,Conv2DBackpropInput,gradient_tape/inception_resnet_v2/conv2d_104/Conv2D/Conv2DBackpropInput,2,1031.009,515.5045,1031.009,515.5045,0.0010148374625359067,0.4088477173307155,0.0,0.0
192,Device,Conv2DBackpropInput,gradient_tape/inception_resnet_v2/conv2d_96/Conv2D/Conv2DBackpropInput,2,1030.37,515.185,1030.37,515.185,0.0010142084853508766,0.4098619258160664,0.0,0.0
193,Device,Conv2DBackpropInput,gradient_tape/inception_resnet_v2/conv2d_80/Conv2D/Conv2DBackpropInput,2,1030.146,515.073,1030.146,515.073,0.0010139879988259211,0.4108759138148923,0.0,0.0
194,Device,Conv2DBackpropInput,gradient_tape/inception_resnet_v2/conv2d_76/Conv2D/Conv2DBackpropInput,2,1029.537,514.7685,1029.537,514.7685,0.0010133885510861978,0.4118893023659785,0.0,0.0
195,Device,Conv2DBackpropInput,gradient_tape/inception_resnet_v2/conv2d_120/Conv2D/Conv2DBackpropInput,2,1029.153,514.5765,1029.153,514.5765,0.0010130105741862738,0.4129023129401648,0.0,0.0
196,Device,Conv2DBackpropInput,gradient_tape/inception_resnet_v2/conv2d_116/Conv2D/Conv2DBackpropInput,2,1029.089,514.5445,1029.089,514.5445,0.0010129475780362863,0.41391526051820104,0.0,0.0
197,Device,Conv2DBackpropInput,gradient_tape/inception_resnet_v2/conv2d_124/Conv2D/Conv2DBackpropInput,2,1028.865,514.4325,1028.865,514.4325,0.0010127270915113308,0.4149279876097124,0.0,0.0
198,Device,Conv2DBackpropInput,gradient_tape/inception_resnet_v2/conv2d_100/Conv2D/Conv2DBackpropInput,2,1028.769,514.3845,1028.769,514.3845,0.0010126325972863496,0.41594062020699873,0.0,0.0
199,Device,Conv2DBackpropInput,gradient_tape/inception_resnet_v2/conv2d_108/Conv2D/Conv2DBackpropInput,2,1026.945,513.4725,1026.945,513.4725,0.0010108372070117104,0.41695145741401046,0.0,0.0
200,Device,Conv2DBackpropInput,gradient_tape/inception_resnet_v2/conv2d_128/Conv2D/Conv2DBackpropInput,2,1026.881,513.4405,1026.881,513.4405,0.0010107742108617231,0.41796223162487217,0.0,0.0
201,Device,Conv2DBackpropInput,gradient_tape/inception_resnet_v2/conv2d_132/Conv2D/Conv2DBackpropInput,2,1020.801,510.4005,1020.801,510.4005,0.0010047895766129259,0.4189670212014851,0.0,0.0
202,Device,ReluGrad,gradient_tape/inception_resnet_v2/activation_3/ReluGrad,2,1016.001,508.0005,1016.001,508.0005,0.0010000648653638751,0.41996708606684896,0.0,0.0
203,Device,Conv2DBackpropInput,gradient_tape/inception_resnet_v2/conv2d_136/Conv2D/Conv2DBackpropInput,2,1000.513,500.2565,1000.513,500.2565,0.0009848197970669388,0.4209519058639159,0.0,0.0
204,Device,Conv2DBackpropInput,gradient_tape/inception_resnet_v2/conv2d_140/Conv2D/Conv2DBackpropInput,2,1000.096,500.048,1000.096,500.048,0.0009844093377771776,0.42193631520169306,0.0,0.0
205,Device,Conv2DBackpropInput,gradient_tape/inception_resnet_v2/block35_7_conv/Conv2D/Conv2DBackpropInput,2,993.729,496.8645,993.729,496.8645,0.0009781422051682808,0.42291445740686134,0.0,0.0
206,Device,Conv2D,inception_resnet_v2/conv2d_156/Conv2D,4,988.866,247.2165,988.866,247.2165,0.0009733554820840864,0.42388781288894545,0.0,0.0
207,Device,Conv2D,inception_resnet_v2/conv2d_158/Conv2D,4,987.36,246.84,987.36,246.84,0.0009718731039296968,0.42485968599287516,0.0,0.0
208,Device,Conv2DBackpropInput,gradient_tape/inception_resnet_v2/block35_6_conv/Conv2D/Conv2DBackpropInput,2,987.2,493.6,987.2,493.6,0.0009717156135547285,0.4258314016064299,0.0,0.0
209,Device,Conv2D,inception_resnet_v2/conv2d_160/Conv2D,4,985.922,246.4805,985.922,246.4805,0.0009704576591846687,0.4268018592656146,0.0,0.0
210,Device,Conv2D,inception_resnet_v2/block35_5_conv/Conv2D,2,977.858,488.929,977.858,488.929,0.0009625201442862637,0.42776437940990086,0.0,0.0
211,Device,Conv2D,inception_resnet_v2/block35_6_conv/Conv2D,2,974.113,487.0565,974.113,487.0565,0.0009588338851971609,0.42872321329509805,0.0,0.0
212,Device,Conv2D,inception_resnet_v2/block35_3_conv/Conv2D,2,971.202,485.601,971.202,485.601,0.0009559685446875804,0.42967918183978565,0.0,0.0
213,Device,Conv2D,inception_resnet_v2/conv2d_76/Conv2D,4,970.401,242.60025,970.401,242.60025,0.000955180108497895,0.43063436194828353,0.0,0.0
214,Device,Conv2DBackpropInput,gradient_tape/inception_resnet_v2/conv2d_144/Conv2D/Conv2DBackpropInput,2,969.696,484.848,969.696,484.848,0.0009544861665331908,0.43158884811481674,0.0,0.0
215,Device,Conv2D,inception_resnet_v2/block35_1_conv/Conv2D,2,964.546,482.273,964.546,482.273,0.000949416945088897,0.4325382650599056,0.0,0.0
216,Device,Conv2D,inception_resnet_v2/block35_2_conv/Conv2D,2,962.338,481.169,962.338,481.169,0.0009472435779143336,0.4334855086378199,0.0,0.0
217,Device,Conv2D,inception_resnet_v2/block35_10_conv/Conv2D,2,961.537,480.7685,961.537,480.7685,0.0009464551417246484,0.43443196377954457,0.0,0.0
218,Device,Conv2D,inception_resnet_v2/block35_8_conv/Conv2D,2,960.866,480.433,960.866,480.433,0.0009457946664646248,0.4353777584460092,0.0,0.0
219,Device,Conv2D,inception_resnet_v2/conv2d_112/Conv2D,4,960.834,240.2085,960.834,240.2085,0.0009457631683896312,0.4363235216143988,0.0,0.0
220,Device,Conv2D,inception_resnet_v2/conv2d_10/Conv2D,4,960.065,240.01625,960.065,240.01625,0.0009450062302749396,0.43726852784467374,0.0,0.0
221,Device,Conv2D,inception_resnet_v2/conv2d_104/Conv2D,4,960.065,240.01625,960.065,240.01625,0.0009450062302749396,0.4382135340749487,0.0,0.0
222,Device,Conv2D,inception_resnet_v2/conv2d_96/Conv2D,4,959.906,239.9765,959.906,239.9765,0.0009448497242148147,0.4391583837991635,0.0,0.0
223,Device,Conv2D,inception_resnet_v2/conv2d_100/Conv2D,4,958.721,239.68025,958.721,239.68025,0.0009436833111252054,0.4401020671102887,0.0,0.0
224,Device,Conv2D,inception_resnet_v2/conv2d_148/Conv2D,4,958.178,239.5445,958.178,239.5445,0.0009431488281651566,0.44104521593845386,0.0,0.0
225,Device,Conv2D,inception_resnet_v2/conv2d_120/Conv2D,4,958.114,239.5285,958.114,239.5285,0.0009430858320151693,0.44198830177046905,0.0,0.0
226,Device,Conv2D,inception_resnet_v2/block35_4_conv/Conv2D,2,958.113,479.0565,958.113,479.0565,0.0009430848477003257,0.4429313866181694,0.0,0.0
227,Device,Conv2D,inception_resnet_v2/conv2d_108/Conv2D,4,957.89,239.4725,957.89,239.4725,0.0009428653454902136,0.4438742519636596,0.0,0.0
228,Device,Conv2D,inception_resnet_v2/conv2d_136/Conv2D,4,957.506,239.3765,957.506,239.3765,0.0009424873685902895,0.4448167393322499,0.0,0.0
229,Device,Conv2D,inception_resnet_v2/conv2d_116/Conv2D,4,957.378,239.3445,957.378,239.3445,0.0009423613762903148,0.44575910070854025,0.0,0.0
230,Device,Conv2D,inception_resnet_v2/conv2d_124/Conv2D,4,957.186,239.2965,957.186,239.2965,0.0009421723878403528,0.4467012730963806,0.0,0.0
231,Device,Conv2D,inception_resnet_v2/conv2d_132/Conv2D,4,956.929,239.23225,956.929,239.23225,0.0009419194189255599,0.44764319251530615,0.0,0.0
232,Device,Conv2DBackpropInput,gradient_tape/inception_resnet_v2/conv2d_148/Conv2D/Conv2DBackpropInput,2,956.704,478.352,956.704,478.352,0.0009416979480857605,0.4485848904633919,0.0,0.0
233,Device,Conv2D,inception_resnet_v2/conv2d_144/Conv2D,4,956.16,239.04,956.16,239.04,0.0009411624808108682,0.4495260529442028,0.0,0.0
234,Device,Conv2DBackpropInput,gradient_tape/inception_resnet_v2/conv2d_152/Conv2D/Conv2DBackpropInput,2,955.778,477.889,955.778,477.889,0.0009407864725406313,0.4504668394167434,0.0,0.0
235,Device,Conv2D,inception_resnet_v2/conv2d_128/Conv2D,4,955.777,238.94425,955.777,238.94425,0.0009407854882257878,0.4514076249049692,0.0,0.0
236,Device,Conv2D,inception_resnet_v2/conv2d_88/Conv2D,4,955.298,238.8245,955.298,238.8245,0.0009403140014157262,0.4523479389063849,0.0,0.0
237,Device,Conv2D,inception_resnet_v2/conv2d_92/Conv2D,4,955.041,238.76025,955.041,238.76025,0.0009400610325009333,0.45328799993888585,0.0,0.0
238,Device,Conv2D,inception_resnet_v2/conv2d_152/Conv2D,4,954.914,238.7285,954.914,238.7285,0.0009399360245158022,0.45422793596340166,0.0,0.0
239,Device,Conv2D,inception_resnet_v2/conv2d_140/Conv2D,4,954.498,238.6245,954.498,238.6245,0.0009395265495408846,0.45516746251294254,0.0,0.0
240,Device,Conv2D,inception_resnet_v2/block35_9_conv/Conv2D,2,954.465,477.2325,954.465,477.2325,0.0009394940671510473,0.4561069565800936,0.0,0.0
241,Device,Conv2D,inception_resnet_v2/block35_7_conv/Conv2D,2,952.706,476.353,952.706,476.353,0.0009377626573412389,0.45704471923743484,0.0,0.0
242,Device,Conv2D,inception_resnet_v2/conv2d_84/Conv2D,4,951.809,237.95225,951.809,237.95225,0.0009368797269265726,0.4579815989643614,0.0,0.0
243,Device,Conv2D,inception_resnet_v2/conv2d_80/Conv2D,4,950.882,237.7205,950.882,237.7205,0.0009359672670665996,0.458917566231428,0.0,0.0
244,Device,AvgPoolGrad,gradient_tape/inception_resnet_v2/average_pooling2d/AvgPoolGrad,2,948.93,474.465,948.93,474.465,0.0009340458844919858,0.45985161211591996,0.0,0.0
245,Device,Conv2D,inception_resnet_v2/conv2d_3/Conv2D,2,934.53,467.265,934.53,467.265,0.0009198717507448342,0.4607714838666648,0.0,0.0
246,Device,Conv2DBackpropInput,gradient_tape/inception_resnet_v2/block35_5_conv/Conv2D/Conv2DBackpropInput,2,918.145,459.0725,918.145,459.0725,0.0009037437520332314,0.461675227618698,0.0,0.0
247,Device,Conv2D,inception_resnet_v2/conv2d/Conv2D,2,917.474,458.737,917.474,458.737,0.000903083276773208,0.4625783108954712,0.0,0.0
248,Device,MaxPool,inception_resnet_v2/max_pooling2d_1/MaxPool,2,915.809,457.9045,915.809,457.9045,0.0009014443925586935,0.46347975528802987,0.0,0.0
249,Device,Conv2DBackpropInput,gradient_tape/inception_resnet_v2/block35_9_conv/Conv2D/Conv2DBackpropInput,2,915.266,457.633,915.266,457.633,0.0009009099095986446,0.4643806651976285,0.0,0.0
250,Device,Conv2DBackpropInput,gradient_tape/inception_resnet_v2/block35_4_conv/Conv2D/Conv2DBackpropInput,2,915.234,457.617,915.234,457.617,0.0009008784115236511,0.46528154360915214,0.0,0.0
251,Device,Conv2DBackpropInput,gradient_tape/inception_resnet_v2/block35_3_conv/Conv2D/Conv2DBackpropInput,2,914.946,457.473,914.946,457.473,0.000900594928848708,0.46618213853800083,0.0,0.0
252,Device,Conv2DBackpropInput,gradient_tape/inception_resnet_v2/block35_10_conv/Conv2D/Conv2DBackpropInput,2,911.746,455.873,911.746,455.873,0.0008974451213493409,0.46707958365935015,0.0,0.0
253,Device,Conv2DBackpropInput,gradient_tape/inception_resnet_v2/block35_8_conv/Conv2D/Conv2DBackpropInput,2,911.233,455.6165,911.233,455.6165,0.0008969401678345987,0.46797652382718474,0.0,0.0
254,Device,Conv2DBackpropFilter,gradient_tape/inception_resnet_v2/conv2d_31/Conv2D/Conv2DBackpropFilter,2,908.898,454.449,908.898,454.449,0.0008946417926749044,0.46887116561985964,0.0,0.0
255,Device,Conv2DBackpropFilter,gradient_tape/inception_resnet_v2/conv2d_48/Conv2D/Conv2DBackpropFilter,2,903.201,451.6005,903.201,451.6005,0.0008890341510111875,0.46976019977087086,0.0,0.0
256,Device,Conv2DBackpropFilter,gradient_tape/inception_resnet_v2/conv2d_18/Conv2D/Conv2DBackpropFilter,2,900.066,450.033,900.066,450.033,0.0008859483239766514,0.4706461480948475,0.0,0.0
257,Device,Conv2DBackpropFilter,gradient_tape/inception_resnet_v2/conv2d_49/Conv2D/Conv2DBackpropFilter,2,897.378,448.689,897.378,448.689,0.000883302485677183,0.4715294505805247,0.0,0.0
258,Device,AddN,SGD/gradients/AddN_30,2,896.578,448.289,896.578,448.289,0.0008825150338023412,0.472411965614327,0.0,0.0
259,Device,Conv2DBackpropInput,gradient_tape/inception_resnet_v2/conv2d_7/Conv2D/Conv2DBackpropInput,4,896.513,224.12825,896.513,224.12825,0.0008824510533375104,0.47329441666766453,0.0,0.0
260,Device,Conv2DBackpropFilter,gradient_tape/inception_resnet_v2/conv2d_57/Conv2D/Conv2DBackpropFilter,2,895.936,447.968,895.936,447.968,0.0008818831036727807,0.4741762997713373,0.0,0.0
261,Device,Conv2DBackpropFilter,gradient_tape/inception_resnet_v2/conv2d_36/Conv2D/Conv2DBackpropFilter,2,895.905,447.9525,895.905,447.9525,0.0008818525899126306,0.47505815236124993,0.0,0.0
262,Device,AddN,SGD/gradients/AddN_27,2,893.986,446.993,893.986,446.993,0.0008799636897278539,0.4759381160509778,0.0,0.0
263,Device,AddN,SGD/gradients/AddN_23,2,893.889,446.9445,893.889,446.9445,0.0008798682111880294,0.4768179842621658,0.0,0.0
264,Device,AddN,SGD/gradients/AddN_25,2,893.537,446.7685,893.537,446.7685,0.0008795217323630991,0.4776975059945289,0.0,0.0
265,Device,AddN,SGD/gradients/AddN_26,2,893.249,446.6245,893.249,446.6245,0.0008792382496881561,0.4785767442442171,0.0,0.0
266,Device,AddN,SGD/gradients/AddN_20,2,893.217,446.6085,893.217,446.6085,0.0008792067516131623,0.47945595099583027,0.0,0.0
267,Device,AddN,SGD/gradients/AddN_15,2,892.929,446.4645,892.929,446.4645,0.0008789232689382192,0.4803348742647685,0.0,0.0
268,Device,AddN,SGD/gradients/AddN_16,2,892.674,446.337,892.674,446.337,0.0008786722686531135,0.48121354653342163,0.0,0.0
269,Device,AddN,SGD/gradients/AddN_19,2,892.673,446.3365,892.673,446.3365,0.00087867128433827,0.4820922178177599,0.0,0.0
270,Device,Conv2DBackpropFilter,gradient_tape/inception_resnet_v2/conv2d_61/Conv2D/Conv2DBackpropFilter,2,891.938,445.969,891.938,445.969,0.000877947812928259,0.4829701656306882,0.0,0.0
271,Device,AddN,SGD/gradients/AddN_28,2,891.906,445.953,891.906,445.953,0.0008779163148532654,0.48384808194554146,0.0,0.0
272,Device,Conv2DBackpropFilter,gradient_tape/inception_resnet_v2/conv2d_69/Conv2D/Conv2DBackpropFilter,2,891.746,445.873,891.746,445.873,0.000877758824478297,0.48472584077001973,0.0,0.0
273,Device,AddN,SGD/gradients/AddN_24,2,891.361,445.6805,891.361,445.6805,0.0008773798632635294,0.48560322063328326,0.0,0.0
274,Device,AddN,SGD/gradients/AddN_29,2,891.074,445.537,891.074,445.537,0.0008770973649034299,0.4864803179981867,0.0,0.0
275,Device,ReluGrad,gradient_tape/inception_resnet_v2/block35_10_ac/ReluGrad,2,890.017,445.0085,890.017,445.0085,0.0008760569441137953,0.4873563749423005,0.0,0.0
276,Device,AddN,SGD/gradients/AddN_14,2,889.633,444.8165,889.633,444.8165,0.0008756789672138712,0.48823205390951435,0.0,0.0
277,Device,AddN,SGD/gradients/AddN_21,2,889.537,444.7685,889.537,444.7685,0.0008755844729888902,0.48910763838250326,0.0,0.0
278,Device,AddN,SGD/gradients/AddN_18,2,889.377,444.6885,889.377,444.6885,0.0008754269826139219,0.4899830653651172,0.0,0.0
279,Device,AddN,SGD/gradients/AddN_22,2,888.929,444.4645,888.929,444.4645,0.0008749860095640105,0.4908580513746812,0.0,0.0
280,Device,AddN,SGD/gradients/AddN_11,2,888.898,444.449,888.898,444.449,0.0008749554958038604,0.49173300687048505,0.0,0.0
281,Device,AddN,SGD/gradients/AddN_13,2,888.77,444.385,888.77,444.385,0.0008748295035038856,0.4926078363739889,0.0,0.0
282,Device,AddN,SGD/gradients/AddN_12,2,888.354,444.177,888.354,444.177,0.000874420028528968,0.49348225640251786,0.0,0.0
283,Device,AddN,SGD/gradients/AddN_17,2,888.225,444.1125,888.225,444.1125,0.0008742930519141498,0.494356549454432,0.0,0.0
284,Device,ReluGrad,gradient_tape/inception_resnet_v2/block35_7_ac/ReluGrad,2,887.361,443.6805,887.361,443.6805,0.0008734426038893207,0.49522999205832136,0.0,0.0
285,Device,ReluGrad,gradient_tape/inception_resnet_v2/block35_6_ac/ReluGrad,2,887.298,443.649,887.298,443.649,0.0008733805920541768,0.4961033726503755,0.0,0.0
286,Device,ReluGrad,gradient_tape/inception_resnet_v2/block35_5_ac/ReluGrad,2,886.241,443.1205,886.241,443.1205,0.0008723401712645421,0.49697571282164005,0.0,0.0
287,Device,Conv2DBackpropFilter,gradient_tape/inception_resnet_v2/conv2d_37/Conv2D/Conv2DBackpropFilter,2,884.993,442.4965,884.993,442.4965,0.0008711117463397891,0.49784682456797985,0.0,0.0
288,Device,ReluGrad,gradient_tape/inception_resnet_v2/block35_8_ac/ReluGrad,2,884.225,442.1125,884.225,442.1125,0.000870355792539941,0.4987171803605198,0.0,0.0
289,Device,Conv2DBackpropFilter,gradient_tape/inception_resnet_v2/conv2d_30/Conv2D/Conv2DBackpropFilter,2,883.842,441.921,883.842,441.921,0.0008699787999548605,0.4995871591604747,0.0,0.0
290,Device,ReluGrad,gradient_tape/inception_resnet_v2/block35_2_ac/ReluGrad,2,882.722,441.361,882.722,441.361,0.000868876367330082,0.5004560355278048,0.0,0.0
291,Device,ReluGrad,gradient_tape/inception_resnet_v2/block35_3_ac/ReluGrad,2,882.05,441.025,882.05,441.025,0.0008682149077552149,0.5013242504355601,0.0,0.0
292,Device,ReluGrad,gradient_tape/inception_resnet_v2/block35_1_ac/ReluGrad,2,881.25,440.625,881.25,440.625,0.0008674274558803732,0.5021916778914405,0.0,0.0
293,Device,ReluGrad,gradient_tape/inception_resnet_v2/block35_4_ac/ReluGrad,2,881.184,440.592,881.184,440.592,0.0008673624911006987,0.5030590403825412,0.0,0.0
294,Device,ReluGrad,gradient_tape/inception_resnet_v2/block35_9_ac/ReluGrad,2,880.994,440.497,880.994,440.497,0.0008671754712804238,0.5039262158538217,0.0,0.0
295,Device,Conv2DBackpropFilter,gradient_tape/inception_resnet_v2/conv2d_42/Conv2D/Conv2DBackpropFilter,2,880.865,440.4325,880.865,440.4325,0.0008670484946656056,0.5047932643484873,0.0,0.0
296,Device,Conv2DBackpropFilter,gradient_tape/inception_resnet_v2/conv2d_55/Conv2D/Conv2DBackpropFilter,2,879.969,439.9845,879.969,439.9845,0.0008661665485657829,0.505659430897053,0.0,0.0
297,Device,Conv2DBackpropFilter,gradient_tape/inception_resnet_v2/conv2d_60/Conv2D/Conv2DBackpropFilter,2,879.265,439.6325,879.265,439.6325,0.0008654735909159221,0.5065249044879689,0.0,0.0
298,Device,Conv2DBackpropFilter,gradient_tape/inception_resnet_v2/conv2d_67/Conv2D/Conv2DBackpropFilter,2,876.608,438.304,876.608,438.304,0.0008628582663766038,0.5073877627543455,0.0,0.0
299,Device,Conv2DBackpropFilter,gradient_tape/inception_resnet_v2/conv2d_39/Conv2D/Conv2DBackpropFilter,2,876.353,438.1765,876.353,438.1765,0.0008626072660914981,0.508250370020437,0.0,0.0
300,Device,Conv2DBackpropFilter,gradient_tape/inception_resnet_v2/conv2d_66/Conv2D/Conv2DBackpropFilter,2,873.217,436.6085,873.217,436.6085,0.0008595204547421184,0.5091098904751792,0.0,0.0
301,Device,Conv2DBackpropFilter,gradient_tape/inception_resnet_v2/conv2d_12/Conv2D/Conv2DBackpropFilter,2,873.153,436.5765,873.153,436.5765,0.0008594574585921311,0.5099693479337714,0.0,0.0
302,Device,Conv2DBackpropFilter,gradient_tape/inception_resnet_v2/conv2d_45/Conv2D/Conv2DBackpropFilter,2,870.369,435.1845,870.369,435.1845,0.0008567171260676818,0.5108260650598391,0.0,0.0
303,Device,Conv2DBackpropFilter,gradient_tape/inception_resnet_v2/conv2d_43/Conv2D/Conv2DBackpropFilter,2,868.258,434.129,868.258,434.129,0.0008546392374329431,0.511680704297272,0.0,0.0
304,Device,Conv2DBackpropFilter,gradient_tape/inception_resnet_v2/conv2d_15/Conv2D/Conv2DBackpropFilter,2,867.617,433.8085,867.617,433.8085,0.000854008291618226,0.5125347125888902,0.0,0.0
305,Device,Conv2DBackpropFilter,gradient_tape/inception_resnet_v2/conv2d_13/Conv2D/Conv2DBackpropFilter,2,865.248,432.624,865.248,432.624,0.000851676449753851,0.513386389038644,0.0,0.0
306,Device,Conv2DBackpropFilter,gradient_tape/inception_resnet_v2/conv2d_21/Conv2D/Conv2DBackpropFilter,2,864.13,432.065,864.13,432.065,0.0008505759857587596,0.5142369650244027,0.0,0.0
307,Device,Conv2DBackpropFilter,gradient_tape/inception_resnet_v2/conv2d_19/Conv2D/Conv2DBackpropFilter,2,862.465,431.2325,862.465,431.2325,0.0008489371015442453,0.515085902125947,0.0,0.0
308,Device,Conv2DBackpropFilter,gradient_tape/inception_resnet_v2/conv2d_24/Conv2D/Conv2DBackpropFilter,2,861.954,430.977,861.954,430.977,0.0008484341166591899,0.5159343362426061,0.0,0.0
309,Device,Conv2DBackpropInput,gradient_tape/inception_resnet_v2/block35_2_conv/Conv2D/Conv2DBackpropInput,2,860.512,430.256,860.512,430.256,0.0008470147346547877,0.5167813509772609,0.0,0.0
310,Device,Conv2DBackpropFilter,gradient_tape/inception_resnet_v2/conv2d_33/Conv2D/Conv2DBackpropFilter,2,860.385,430.1925,860.385,430.1925,0.0008468897266696566,0.5176282407039305,0.0,0.0
311,Device,Conv2DBackpropFilter,gradient_tape/inception_resnet_v2/conv2d_51/Conv2D/Conv2DBackpropFilter,2,860.258,430.129,860.258,430.129,0.0008467647186845255,0.518475005422615,0.0,0.0
312,Device,Conv2DBackpropFilter,gradient_tape/inception_resnet_v2/conv2d_54/Conv2D/Conv2DBackpropFilter,2,858.945,429.4725,858.945,429.4725,0.0008454723132949415,0.51932047773591,0.0,0.0
313,Device,Conv2DBackpropInput,gradient_tape/inception_resnet_v2/block35_1_conv/Conv2D/Conv2DBackpropInput,2,858.72,429.36,858.72,429.36,0.0008452508424551422,0.5201657285783651,0.0,0.0
314,Device,Conv2DBackpropFilter,gradient_tape/inception_resnet_v2/conv2d_25/Conv2D/Conv2DBackpropFilter,2,856.289,428.1445,856.289,428.1445,0.0008428579730704668,0.5210085865514356,0.0,0.0
315,Device,Conv2DBackpropFilter,gradient_tape/inception_resnet_v2/conv2d_27/Conv2D/Conv2DBackpropFilter,2,853.026,426.513,853.026,426.513,0.0008396461537359559,0.5218482327051716,0.0,0.0
316,Device,Conv2DBackpropFilter,gradient_tape/inception_resnet_v2/conv2d_63/Conv2D/Conv2DBackpropFilter,2,845.922,422.961,845.922,422.961,0.0008326535810873612,0.5226808862862589,0.0,0.0
317,Device,AddV2,inception_resnet_v2/block35_3/add,2,844.545,422.2725,844.545,422.2725,0.0008312981795477898,0.5235121844658066,0.0,0.0
318,Device,AddV2,inception_resnet_v2/block35_1/add,2,843.682,421.841,843.682,421.841,0.0008304487158378043,0.5243426331816444,0.0,0.0
319,Device,AddV2,inception_resnet_v2/block35_6/add,2,842.69,421.345,842.69,421.345,0.0008294722755130006,0.5251721054571574,0.0,0.0
320,Device,AddV2,inception_resnet_v2/block35_5/add,2,842.145,421.0725,842.145,421.0725,0.0008289358239232645,0.5260010412810807,0.0,0.0
321,Device,AddV2,inception_resnet_v2/block35_8/add,2,841.729,420.8645,841.729,420.8645,0.0008285263489483469,0.5268295676300291,0.0,0.0
322,Device,AddV2,inception_resnet_v2/block35_7/add,2,840.737,420.3685,840.737,420.3685,0.0008275499086235431,0.5276571175386526,0.0,0.0
323,Device,AddV2,inception_resnet_v2/block35_4/add,2,840.258,420.129,840.258,420.129,0.0008270784218134816,0.5284841959604661,0.0,0.0
324,Device,AddV2,inception_resnet_v2/block35_9/add,2,839.553,419.7765,839.553,419.7765,0.0008263844798487772,0.5293105804403149,0.0,0.0
325,Device,AddV2,inception_resnet_v2/block35_2/add,2,839.458,419.729,839.458,419.729,0.0008262909699386397,0.5301368714102536,0.0,0.0
326,Device,AddV2,inception_resnet_v2/block35_10/add,2,839.393,419.6965,839.393,419.6965,0.0008262269894738089,0.5309630983997273,0.0,0.0
327,Device,AddN,SGD/gradients/AddN_42,2,839.041,419.5205,839.041,419.5205,0.0008258805106488786,0.5317889789103762,0.0,0.0
328,Device,Conv2DBackpropInput,gradient_tape/inception_resnet_v2/conv2d_162/Conv2D/Conv2DBackpropInput,2,835.234,417.617,835.234,417.617,0.0008221332240394753,0.5326111121344157,0.0,0.0
329,Device,FusedBatchNormV3,inception_resnet_v2/batch_normalization_73/FusedBatchNormV3,4,834.337,208.58425,834.337,208.58425,0.000821250293624809,0.5334323624280405,0.0,0.0
330,Device,FusedBatchNormV3,inception_resnet_v2/batch_normalization_74/FusedBatchNormV3,4,832.673,208.16825,832.673,208.16825,0.0008196123937251382,0.5342519748217657,0.0,0.0
331,Device,Conv2DBackpropFilter,gradient_tape/inception_resnet_v2/conv2d_5/Conv2D/Conv2DBackpropFilter,2,823.873,411.9365,823.873,411.9365,0.0008109504231018789,0.5350629252448675,0.0,0.0
332,Device,Conv2DBackpropInput,gradient_tape/inception_resnet_v2/conv2d_77/Conv2D/Conv2DBackpropInput,2,808.545,404.2725,808.545,404.2725,0.0007958628451799107,0.5358587880900475,0.0,0.0
333,Device,Conv2DBackpropFilter,gradient_tape/inception_resnet_v2/conv2d_58/Conv2D/Conv2DBackpropFilter,2,785.633,392.8165,785.633,392.8165,0.0007733102234844429,0.536632098313532,0.0,0.0
334,Device,Conv2DBackpropFilter,gradient_tape/inception_resnet_v2/conv2d_52/Conv2D/Conv2DBackpropFilter,2,785.057,392.5285,785.057,392.5285,0.0007727432581345568,0.5374048415716666,0.0,0.0
335,Device,Conv2DBackpropFilter,gradient_tape/inception_resnet_v2/conv2d_8/Conv2D/Conv2DBackpropFilter,2,784.129,392.0645,784.129,392.0645,0.0007718298139597403,0.5381766713856263,0.0,0.0
336,Device,Conv2DBackpropInput,gradient_tape/inception_resnet_v2/conv2d_93/Conv2D/Conv2DBackpropInput,2,781.473,390.7365,781.473,390.7365,0.0007692154737352656,0.5389458868593616,0.0,0.0
337,Device,Conv2DBackpropInput,gradient_tape/inception_resnet_v2/conv2d_89/Conv2D/Conv2DBackpropInput,2,780.897,390.4485,780.897,390.4485,0.0007686485083853796,0.539714535367747,0.0,0.0
338,Device,Conv2DBackpropInput,gradient_tape/inception_resnet_v2/conv2d_105/Conv2D/Conv2DBackpropInput,2,777.762,388.881,777.762,388.881,0.0007655626813508434,0.5404800980490979,0.0,0.0
339,Device,Conv2DBackpropFilter,gradient_tape/inception_resnet_v2/conv2d_46/Conv2D/Conv2DBackpropFilter,2,777.216,388.608,777.216,388.608,0.000765025245446264,0.5412451232945442,0.0,0.0
340,Device,Conv2DBackpropInput,gradient_tape/inception_resnet_v2/conv2d_97/Conv2D/Conv2DBackpropInput,2,777.121,388.5605,777.121,388.5605,0.0007649317355361265,0.5420100550300804,0.0,0.0
341,Device,Conv2DBackpropInput,gradient_tape/inception_resnet_v2/conv2d_85/Conv2D/Conv2DBackpropInput,2,776.129,388.0645,776.129,388.0645,0.0007639552952113228,0.5427740103252917,0.0,0.0
342,Device,Conv2DBackpropInput,gradient_tape/inception_resnet_v2/conv2d_121/Conv2D/Conv2DBackpropInput,2,776.097,388.0485,776.097,388.0485,0.0007639237971363291,0.543537934122428,0.0,0.0
343,Device,Conv2DBackpropInput,gradient_tape/inception_resnet_v2/conv2d_81/Conv2D/Conv2DBackpropInput,2,775.809,387.9045,775.809,387.9045,0.000763640314461386,0.5443015744368894,0.0,0.0
344,Device,Conv2DBackpropInput,gradient_tape/inception_resnet_v2/conv2d_109/Conv2D/Conv2DBackpropInput,2,774.946,387.473,774.946,387.473,0.0007627908507514005,0.5450643652876408,0.0,0.0
345,Device,Conv2DBackpropInput,gradient_tape/inception_resnet_v2/conv2d_101/Conv2D/Conv2DBackpropInput,2,774.849,387.4245,774.849,387.4245,0.000762695372211576,0.5458270606598524,0.0,0.0
346,Device,Conv2DBackpropInput,gradient_tape/inception_resnet_v2/conv2d_117/Conv2D/Conv2DBackpropInput,2,774.688,387.344,774.688,387.344,0.000762536897521764,0.5465895975573742,0.0,0.0
347,Device,Conv2DBackpropInput,gradient_tape/inception_resnet_v2/conv2d_129/Conv2D/Conv2DBackpropInput,2,773.761,386.8805,773.761,386.8805,0.0007616244376617911,0.547351221995036,0.0,0.0
348,Device,Conv2DBackpropInput,gradient_tape/inception_resnet_v2/conv2d_125/Conv2D/Conv2DBackpropInput,2,773.121,386.5605,773.121,386.5605,0.0007609944761619177,0.548112216471198,0.0,0.0
349,Device,Conv2DBackpropFilter,gradient_tape/inception_resnet_v2/conv2d_91/Conv2D/Conv2DBackpropFilter,4,772.513,193.12825,772.513,193.12825,0.000760396012737038,0.548872612483935,0.0,0.0
350,Device,Conv2DBackpropFilter,gradient_tape/inception_resnet_v2/conv2d_95/Conv2D/Conv2DBackpropFilter,4,771.777,192.94425,771.777,192.94425,0.0007596715570121836,0.5496322840409472,0.0,0.0
351,Device,Conv2DBackpropInput,gradient_tape/inception_resnet_v2/conv2d_133/Conv2D/Conv2DBackpropInput,2,771.617,385.8085,771.617,385.8085,0.0007595140666372151,0.5503917981075844,0.0,0.0
352,Device,Conv2DBackpropInput,gradient_tape/inception_resnet_v2/conv2d_157/Conv2D/Conv2DBackpropInput,2,770.978,385.489,770.978,385.489,0.0007588850894521853,0.5511506831970366,0.0,0.0
353,Device,Conv2DBackpropInput,gradient_tape/inception_resnet_v2/conv2d_113/Conv2D/Conv2DBackpropInput,2,770.882,385.441,770.882,385.441,0.0007587905952272043,0.5519094737922638,0.0,0.0
354,Device,Conv2DBackpropFilter,gradient_tape/inception_resnet_v2/conv2d_99/Conv2D/Conv2DBackpropFilter,4,768.993,192.24825,768.993,192.24825,0.0007569312244877344,0.5526664050167516,0.0,0.0
355,Device,Conv2D,inception_resnet_v2/block8_8_conv/Conv2D,2,768.77,384.385,768.77,384.385,0.0007567117222776221,0.5534231167390292,0.0,0.0
356,Device,Conv2DBackpropInput,gradient_tape/inception_resnet_v2/conv2d_137/Conv2D/Conv2DBackpropInput,2,768.673,384.3365,768.673,384.3365,0.0007566162437377975,0.554179732982767,0.0,0.0
357,Device,Conv2DBackpropFilter,gradient_tape/inception_resnet_v2/conv2d_107/Conv2D/Conv2DBackpropFilter,4,768.353,192.08825,768.353,192.08825,0.0007563012629878608,0.5549360342457549,0.0,0.0
358,Device,Conv2D,inception_resnet_v2/block8_1_conv/Conv2D,2,768.353,384.1765,768.353,384.1765,0.0007563012629878608,0.5556923355087428,0.0,0.0
359,Device,Conv2DBackpropFilter,gradient_tape/inception_resnet_v2/conv2d_115/Conv2D/Conv2DBackpropFilter,4,768.161,192.04025,768.161,192.04025,0.0007561122745378988,0.5564484477832806,0.0,0.0
360,Device,Conv2DBackpropFilter,gradient_tape/inception_resnet_v2/conv2d_111/Conv2D/Conv2DBackpropFilter,4,768.098,192.0245,768.098,192.0245,0.000756050262702755,0.5572044980459834,0.0,0.0
361,Device,Conv2DBackpropFilter,gradient_tape/inception_resnet_v2/conv2d_119/Conv2D/Conv2DBackpropFilter,4,768.033,192.00825,768.033,192.00825,0.0007559862822379242,0.5579604843282213,0.0,0.0
362,Device,Conv2D,inception_resnet_v2/block8_5_conv/Conv2D,2,767.842,383.921,767.842,383.921,0.0007557982781028057,0.5587162826063241,0.0,0.0
363,Device,Conv2DBackpropFilter,gradient_tape/inception_resnet_v2/conv2d_79/Conv2D/Conv2DBackpropFilter,4,767.777,191.94425,767.777,191.94425,0.0007557342976379748,0.5594720169039621,0.0,0.0
364,Device,Conv2DBackpropFilter,gradient_tape/inception_resnet_v2/conv2d_123/Conv2D/Conv2DBackpropFilter,4,767.585,191.89625,767.585,191.89625,0.0007555453091880128,0.5602275622131501,0.0,0.0
365,Device,Conv2D,inception_resnet_v2/block8_9_conv/Conv2D,2,767.554,383.777,767.554,383.777,0.0007555147954278627,0.560983077008578,0.0,0.0
366,Device,Conv2D,inception_resnet_v2/block8_2_conv/Conv2D,2,767.394,383.697,767.394,383.697,0.0007553573050528943,0.5617384343136309,0.0,0.0
367,Device,Conv2D,inception_resnet_v2/block8_6_conv/Conv2D,2,767.329,383.6645,767.329,383.6645,0.0007552933245880633,0.5624937276382189,0.0,0.0
368,Device,Conv2DBackpropFilter,gradient_tape/inception_resnet_v2/conv2d_87/Conv2D/Conv2DBackpropFilter,4,767.041,191.76025,767.041,191.76025,0.0007550098419131204,0.563248737480132,0.0,0.0
369,Device,Conv2D,inception_resnet_v2/block8_10_conv/Conv2D,2,766.88,383.44,766.88,383.44,0.0007548513672233085,0.5640035888473554,0.0,0.0
370,Device,Conv2DBackpropFilter,gradient_tape/inception_resnet_v2/conv2d_127/Conv2D/Conv2DBackpropFilter,4,766.721,191.68025,766.721,191.68025,0.0007546948611631837,0.5647582837085185,0.0,0.0
371,Device,Conv2DBackpropFilter,gradient_tape/inception_resnet_v2/conv2d_83/Conv2D/Conv2DBackpropFilter,4,766.657,191.66425,766.657,191.66425,0.0007546318650131963,0.5655129155735318,0.0,0.0
372,Device,Conv2D,inception_resnet_v2/block8_7_conv/Conv2D,2,766.656,383.328,766.656,383.328,0.0007546308806983527,0.5662675464542302,0.0,0.0
373,Device,Conv2D,inception_resnet_v2/block8_3_conv/Conv2D,2,766.592,383.296,766.592,383.296,0.0007545678845483655,0.5670221143387786,0.0,0.0
374,Device,Conv2D,inception_resnet_v2/block8_4_conv/Conv2D,2,766.336,383.168,766.336,383.168,0.0007543158999484161,0.567776430238727,0.0,0.0
375,Device,Conv2DBackpropFilter,gradient_tape/inception_resnet_v2/conv2d_103/Conv2D/Conv2DBackpropFilter,4,766.05,191.5125,766.05,191.5125,0.0007540343859031601,0.5685304646246302,0.0,0.0
376,Device,Conv2DBackpropFilter,gradient_tape/inception_resnet_v2/conv2d_131/Conv2D/Conv2DBackpropFilter,4,765.985,191.49625,765.985,191.49625,0.0007539704054383293,0.5692844350300685,0.0,0.0
377,Device,MaxPoolGrad,gradient_tape/inception_resnet_v2/max_pooling2d_3/MaxPool/MaxPoolGrad,2,763.234,381.617,763.234,381.617,0.0007512625553037172,0.5700356975853722,0.0,0.0
378,Device,Conv2DBackpropFilter,gradient_tape/inception_resnet_v2/conv2d_11/Conv2D/Conv2DBackpropFilter,2,761.089,380.5445,761.089,380.5445,0.0007491511999642977,0.5707848487853365,0.0,0.0
379,Device,Conv2DBackpropFilter,gradient_tape/inception_resnet_v2/conv2d_135/Conv2D/Conv2DBackpropFilter,4,760.417,190.10425,760.417,190.10425,0.0007484897403894306,0.571533338525726,0.0,0.0
380,Device,Conv2DBackpropInput,gradient_tape/inception_resnet_v2/conv2d_141/Conv2D/Conv2DBackpropInput,2,751.073,375.5365,751.073,375.5365,0.0007392923024912789,0.5722726308282172,0.0,0.0
381,Device,Conv2DBackpropFilter,gradient_tape/inception_resnet_v2/conv2d_139/Conv2D/Conv2DBackpropFilter,4,742.946,185.7365,742.946,185.7365,0.0007312927757577302,0.5730039236039749,0.0,0.0
382,Device,Conv2DBackpropFilter,gradient_tape/inception_resnet_v2/conv2d_143/Conv2D/Conv2DBackpropFilter,4,741.602,185.4005,741.602,185.4005,0.000729969856607996,0.5737338934605829,0.0,0.0
383,Device,Conv2D,inception_resnet_v2/conv2d_9/Conv2D,4,738.401,184.60025,738.401,184.60025,0.0007268190647937854,0.5744607125253767,0.0,0.0
384,Device,Conv2DBackpropFilter,gradient_tape/inception_resnet_v2/conv2d_162/Conv2D/Conv2DBackpropFilter,4,733.76,183.44,733.76,183.44,0.0007222508596048598,0.5751829633849815,0.0,0.0
385,Device,Conv2DBackpropInput,gradient_tape/inception_resnet_v2/conv2d_9/Conv2D/Conv2DBackpropInput,4,731.201,182.80025,731.201,182.80025,0.0007197319979202097,0.5759026953829017,0.0,0.0
386,Device,Conv2DBackpropInput,gradient_tape/inception_resnet_v2/conv2d_145/Conv2D/Conv2DBackpropInput,2,726.944,363.472,726.944,363.472,0.0007155417696312079,0.5766182371525329,0.0,0.0
387,Device,Conv2DBackpropInput,gradient_tape/inception_resnet_v2/conv2d_149/Conv2D/Conv2DBackpropInput,2,722.304,361.152,722.304,361.152,0.0007109745487571257,0.57732921170129,0.0,0.0
388,Device,Conv2DBackpropFilter,gradient_tape/inception_resnet_v2/conv2d_40/Conv2D/Conv2DBackpropFilter,2,720.577,360.2885,720.577,360.2885,0.0007092746370223111,0.5780384863383123,0.0,0.0
389,Device,Conv2DBackpropFilter,gradient_tape/inception_resnet_v2/conv2d_34/Conv2D/Conv2DBackpropFilter,2,716.736,358.368,716.736,358.368,0.0007054938837082271,0.5787439802220206,0.0,0.0
390,Device,Conv2DBackpropFilter,gradient_tape/inception_resnet_v2/conv2d_147/Conv2D/Conv2DBackpropFilter,4,714.754,178.6885,714.754,178.6885,0.0007035429716883067,0.5794475231937088,0.0,0.0
391,Device,Conv2DBackpropFilter,gradient_tape/inception_resnet_v2/conv2d_70/Conv2D/Conv2DBackpropFilter,2,713.217,356.6085,713.217,356.6085,0.0007020300797737669,0.5801495532734826,0.0,0.0
392,Device,ReluGrad,gradient_tape/inception_resnet_v2/activation_73/ReluGrad,2,712.544,356.272,712.544,356.272,0.0007013676358840563,0.5808509209093666,0.0,0.0
393,Device,Conv2DBackpropFilter,gradient_tape/inception_resnet_v2/conv2d_64/Conv2D/Conv2DBackpropFilter,2,711.298,355.649,711.298,355.649,0.0007001411795889903,0.5815510620889556,0.0,0.0
394,Device,ReluGrad,gradient_tape/inception_resnet_v2/activation_74/ReluGrad,2,711.041,355.5205,711.041,355.5205,0.0006998882106741975,0.5822509502996298,0.0,0.0
395,Device,Conv2DBackpropFilter,gradient_tape/inception_resnet_v2/conv2d_6/Conv2D/Conv2DBackpropFilter,2,708.61,354.305,708.61,354.305,0.0006974953412895219,0.5829484456409193,0.0,0.0
396,Device,ReluGrad,gradient_tape/inception_resnet_v2/block17_2_ac/ReluGrad,2,705.921,352.9605,705.921,352.9605,0.0006948485186752102,0.5836432941595945,0.0,0.0
397,Device,ReluGrad,gradient_tape/inception_resnet_v2/block17_1_ac/ReluGrad,2,704.257,352.1285,704.257,352.1285,0.0006932106187755393,0.5843365047783701,0.0,0.0
398,Device,ReluGrad,gradient_tape/inception_resnet_v2/block17_7_ac/ReluGrad,2,702.785,351.3925,702.785,351.3925,0.0006917617073258304,0.585028266485696,0.0,0.0
399,Device,Conv2DBackpropFilter,gradient_tape/inception_resnet_v2/conv2d_151/Conv2D/Conv2DBackpropFilter,4,702.242,175.5605,702.242,175.5605,0.0006912272243657816,0.5857194937100617,0.0,0.0
400,Device,ReluGrad,gradient_tape/inception_resnet_v2/block17_17_ac/ReluGrad,2,702.241,351.1205,702.241,351.1205,0.000691226240050938,0.5864107199501126,0.0,0.0
401,Device,Conv2DBackpropFilter,gradient_tape/inception_resnet_v2/conv2d_155/Conv2D/Conv2DBackpropFilter,4,701.728,175.432,701.728,175.432,0.0006907212865361957,0.5871014412366489,0.0,0.0
402,Device,ReluGrad,gradient_tape/inception_resnet_v2/block17_12_ac/ReluGrad,2,701.185,350.5925,701.185,350.5925,0.0006901868035761469,0.587791628040225,0.0,0.0
403,Device,ReluGrad,gradient_tape/inception_resnet_v2/block17_14_ac/ReluGrad,2,700.673,350.3365,700.673,350.3365,0.0006896828343762482,0.5884813108746012,0.0,0.0
404,Device,ReluGrad,gradient_tape/inception_resnet_v2/block17_13_ac/ReluGrad,2,700.577,350.2885,700.577,350.2885,0.0006895883401512672,0.5891708992147525,0.0,0.0
405,Device,ReluGrad,gradient_tape/inception_resnet_v2/block17_4_ac/ReluGrad,2,700.514,350.257,700.514,350.257,0.0006895263283161234,0.5898604255430686,0.0,0.0
406,Device,ReluGrad,gradient_tape/inception_resnet_v2/block17_6_ac/ReluGrad,2,700.161,350.0805,700.161,350.0805,0.0006891788651763494,0.590549604408245,0.0,0.0
407,Device,ReluGrad,gradient_tape/inception_resnet_v2/block17_19_ac/ReluGrad,2,700.13,350.065,700.13,350.065,0.0006891483514161993,0.5912387527596612,0.0,0.0
408,Device,ReluGrad,gradient_tape/inception_resnet_v2/block17_3_ac/ReluGrad,2,699.905,349.9525,699.905,349.9525,0.0006889268805764001,0.5919276796402376,0.0,0.0
409,Device,ReluGrad,gradient_tape/inception_resnet_v2/block17_9_ac/ReluGrad,2,699.905,349.9525,699.905,349.9525,0.0006889268805764001,0.592616606520814,0.0,0.0
410,Device,ReluGrad,gradient_tape/inception_resnet_v2/block17_15_ac/ReluGrad,2,699.745,349.8725,699.745,349.8725,0.0006887693902014318,0.5933053759110155,0.0,0.0
411,Device,ReluGrad,gradient_tape/inception_resnet_v2/block17_10_ac/ReluGrad,2,699.649,349.8245,699.649,349.8245,0.0006886748959764507,0.593994050806992,0.0,0.0
412,Device,ReluGrad,gradient_tape/inception_resnet_v2/block17_11_ac/ReluGrad,2,699.329,349.6645,699.329,349.6645,0.000688359915226514,0.5946824107222185,0.0,0.0
413,Device,ReluGrad,gradient_tape/inception_resnet_v2/block17_8_ac/ReluGrad,2,698.849,349.4245,698.849,349.4245,0.000687887444101609,0.5953702981663201,0.0,0.0
414,Device,ReluGrad,gradient_tape/inception_resnet_v2/block17_5_ac/ReluGrad,2,698.689,349.3445,698.689,349.3445,0.0006877299537266406,0.5960580281200468,0.0,0.0
415,Device,ReluGrad,gradient_tape/inception_resnet_v2/block17_16_ac/ReluGrad,2,698.338,349.169,698.338,349.169,0.0006873844592165538,0.5967454125792634,0.0,0.0
416,Device,ReluGrad,gradient_tape/inception_resnet_v2/block17_18_ac/ReluGrad,2,697.12,348.56,697.12,348.56,0.0006861855637371072,0.5974315981430005,0.0,0.0
417,Device,Conv2DBackpropInput,gradient_tape/inception_resnet_v2/conv2d_153/Conv2D/Conv2DBackpropInput,2,696.096,348.048,696.096,348.048,0.0006851776253373099,0.5981167757683378,0.0,0.0
418,Device,ReluGrad,gradient_tape/inception_resnet_v2/block17_20_ac/ReluGrad,2,695.81,347.905,695.81,347.905,0.0006848961112920539,0.5988016718796298,0.0,0.0
419,Device,Conv2DBackpropInput,gradient_tape/inception_resnet_v2/block8_9_conv/Conv2D/Conv2DBackpropInput,4,679.746,169.9365,679.746,169.9365,0.0006690840776452314,0.5994707559572751,0.0,0.0
420,Device,Conv2DBackpropInput,gradient_tape/inception_resnet_v2/block8_5_conv/Conv2D/Conv2DBackpropInput,4,678.978,169.7445,678.978,169.7445,0.0006683281238453832,0.6001390840811205,0.0,0.0
421,Device,Conv2DBackpropInput,gradient_tape/inception_resnet_v2/block8_8_conv/Conv2D/Conv2DBackpropInput,4,678.69,169.6725,678.69,169.6725,0.0006680446411704403,0.6008071287222909,0.0,0.0
422,Device,Conv2DBackpropInput,gradient_tape/inception_resnet_v2/block8_4_conv/Conv2D/Conv2DBackpropInput,4,677.954,169.4885,677.954,169.4885,0.0006673201854455858,0.6014744489077365,0.0,0.0
423,Device,Conv2DBackpropInput,gradient_tape/inception_resnet_v2/block8_3_conv/Conv2D/Conv2DBackpropInput,4,677.474,169.3685,677.474,169.3685,0.0006668477143206809,0.6021412966220572,0.0,0.0
424,Device,Conv2DBackpropInput,gradient_tape/inception_resnet_v2/block8_7_conv/Conv2D/Conv2DBackpropInput,4,676.674,169.1685,676.674,169.1685,0.000666060262445839,0.602807356884503,0.0,0.0
425,Device,MaxPoolGrad,gradient_tape/inception_resnet_v2/max_pooling2d_2/MaxPool/MaxPoolGrad,2,676.192,338.096,676.192,338.096,0.0006655858226912468,0.6034729427071943,0.0,0.0
426,Device,Conv2DBackpropInput,gradient_tape/inception_resnet_v2/block8_6_conv/Conv2D/Conv2DBackpropInput,4,676.098,169.0245,676.098,169.0245,0.000665493297095953,0.6041384360042903,0.0,0.0
427,Device,Conv2DBackpropInput,gradient_tape/inception_resnet_v2/block8_2_conv/Conv2D/Conv2DBackpropInput,4,675.297,168.82425,675.297,168.82425,0.0006647048609062677,0.6048031408651966,0.0,0.0
428,Device,Conv2DBackpropInput,gradient_tape/inception_resnet_v2/block8_1_conv/Conv2D/Conv2DBackpropInput,4,674.688,168.672,674.688,168.672,0.0006641054131665444,0.6054672462783631,0.0,0.0
429,Device,Conv2DBackpropInput,gradient_tape/inception_resnet_v2/block8_10_conv/Conv2D/Conv2DBackpropInput,4,674.306,168.5765,674.306,168.5765,0.0006637294048963075,0.6061309756832595,0.0,0.0
430,Device,AddV2,inception_resnet_v2/block17_16/add,2,671.937,335.9685,671.937,335.9685,0.0006613975630319323,0.6067923732462914,0.0,0.0
431,Device,AddV2,inception_resnet_v2/block17_5/add,2,671.586,335.793,671.586,335.793,0.0006610520685218455,0.6074534253148133,0.0,0.0
432,Device,AddV2,inception_resnet_v2/block17_7/add,2,671.521,335.7605,671.521,335.7605,0.0006609880880570145,0.6081144134028703,0.0,0.0
433,Device,Conv2DBackpropInput,gradient_tape/inception_resnet_v2/conv2d_91/Conv2D/Conv2DBackpropInput,4,671.425,167.85625,671.425,167.85625,0.0006608935938320335,0.6087753069967023,0.0,0.0
434,Device,AddV2,inception_resnet_v2/block17_3/add,2,671.073,335.5365,671.073,335.5365,0.0006605471150071032,0.6094358541117094,0.0,0.0
435,Device,AddV2,inception_resnet_v2/block17_2/add,2,670.305,335.1525,670.305,335.1525,0.0006597911612072551,0.6100956452729167,0.0,0.0
436,Device,Conv2DBackpropFilter,gradient_tape/inception_resnet_v2/conv2d_53/Conv2D/Conv2DBackpropFilter,4,670.304,167.576,670.304,167.576,0.0006597901768924115,0.6107554354498091,0.0,0.0
437,Device,AddV2,inception_resnet_v2/block17_6/add,2,670.241,335.1205,670.241,335.1205,0.0006597281650572677,0.6114151636148664,0.0,0.0
438,Device,AddV2,inception_resnet_v2/block17_10/add,2,669.952,334.976,669.952,334.976,0.0006594436980674812,0.6120746073129338,0.0,0.0
439,Device,AddV2,inception_resnet_v2/block17_1/add,2,669.921,334.9605,669.921,334.9605,0.0006594131843073311,0.6127340204972411,0.0,0.0
440,Device,Conv2DBackpropFilter,gradient_tape/inception_resnet_v2/conv2d_22/Conv2D/Conv2DBackpropFilter,2,669.857,334.9285,669.857,334.9285,0.0006593501881573437,0.6133933706853985,0.0,0.0
441,Device,AddV2,inception_resnet_v2/block17_15/add,2,669.826,334.913,669.826,334.913,0.0006593196743971936,0.6140526903597956,0.0,0.0
442,Device,AddV2,inception_resnet_v2/block17_9/add,2,669.729,334.8645,669.729,334.8645,0.0006592241958573691,0.614711914555653,0.0,0.0
443,Device,AddV2,inception_resnet_v2/block17_13/add,2,669.696,334.848,669.696,334.848,0.0006591917134675319,0.6153711062691205,0.0,0.0
444,Device,AddV2,inception_resnet_v2/block17_8/add,2,669.474,334.737,669.474,334.737,0.0006589731955722632,0.6160300794646928,0.0,0.0
445,Device,Conv2DBackpropInput,gradient_tape/inception_resnet_v2/conv2d_95/Conv2D/Conv2DBackpropInput,4,669.313,167.32825,669.313,167.32825,0.0006588147208824513,0.6166888941855753,0.0,0.0
446,Device,AddV2,inception_resnet_v2/block17_12/add,2,669.057,334.5285,669.057,334.5285,0.000658562736282502,0.6173474569218578,0.0,0.0
447,Device,AddV2,inception_resnet_v2/block17_11/add,2,668.801,334.4005,668.801,334.4005,0.0006583107516825526,0.6180057676735403,0.0,0.0
448,Device,AddV2,inception_resnet_v2/block17_19/add,2,668.77,334.385,668.77,334.385,0.0006582802379224025,0.6186640479114627,0.0,0.0
449,Device,AddV2,inception_resnet_v2/block17_14/add,2,668.193,334.0965,668.193,334.0965,0.0006577122882576728,0.6193217601997204,0.0,0.0
450,Device,AddV2,inception_resnet_v2/block17_18/add,2,667.874,333.937,667.874,333.937,0.0006573982918225797,0.619979158491543,0.0,0.0
451,Device,Conv2DBackpropFilter,gradient_tape/inception_resnet_v2/conv2d_16/Conv2D/Conv2DBackpropFilter,2,667.68,333.84,667.68,333.84,0.0006572073347429306,0.6206363658262859,0.0,0.0
452,Device,AddV2,inception_resnet_v2/block17_20/add,2,667.04,333.52,667.04,333.52,0.0006565773732430571,0.621292943199529,0.0,0.0
453,Device,AddV2,inception_resnet_v2/block17_4/add,2,666.945,333.4725,666.945,333.4725,0.0006564838633329197,0.6219494270628619,0.0,0.0
454,Device,Conv2DBackpropFilter,gradient_tape/inception_resnet_v2/conv2d_28/Conv2D/Conv2DBackpropFilter,2,666.913,333.4565,666.913,333.4565,0.0006564523652579261,0.6226058794281198,0.0,0.0
455,Device,Conv2DBackpropInput,gradient_tape/inception_resnet_v2/conv2d_87/Conv2D/Conv2DBackpropInput,4,666.913,166.72825,666.913,166.72825,0.0006564523652579261,0.6232623317933778,0.0,0.0
456,Device,Conv2DBackpropInput,gradient_tape/inception_resnet_v2/conv2d_99/Conv2D/Conv2DBackpropInput,4,666.753,166.68825,666.753,166.68825,0.0006562948748829577,0.6239186266682607,0.0,0.0
457,Device,Conv2DBackpropInput,gradient_tape/inception_resnet_v2/conv2d_107/Conv2D/Conv2DBackpropInput,4,666.561,166.64025,666.561,166.64025,0.0006561058864329957,0.6245747325546936,0.0,0.0
458,Device,AddV2,inception_resnet_v2/block17_17/add,2,666.4,333.2,666.4,333.2,0.0006559474117431838,0.6252306799664368,0.0,0.0
459,Device,Conv2DBackpropInput,gradient_tape/inception_resnet_v2/conv2d_115/Conv2D/Conv2DBackpropInput,4,665.666,166.4165,665.666,166.4165,0.0006552249246480165,0.6258859048910848,0.0,0.0
460,Device,Conv2DBackpropInput,gradient_tape/inception_resnet_v2/conv2d_127/Conv2D/Conv2DBackpropInput,4,665.377,166.34425,665.377,166.34425,0.0006549404576582298,0.626540845348743,0.0,0.0
461,Device,Conv2D,inception_resnet_v2/conv2d_7/Conv2D,4,665.281,166.32025,665.281,166.32025,0.0006548459634332488,0.6271956913121762,0.0,0.0
462,Device,Conv2DBackpropInput,gradient_tape/inception_resnet_v2/conv2d_83/Conv2D/Conv2DBackpropInput,4,665.217,166.30425,665.217,166.30425,0.0006547829672832615,0.6278504742794595,0.0,0.0
463,Device,Conv2DBackpropInput,gradient_tape/inception_resnet_v2/conv2d_79/Conv2D/Conv2DBackpropInput,4,665.025,166.25625,665.025,166.25625,0.0006545939788332994,0.6285050682582928,0.0,0.0
464,Device,Conv2DBackpropFilter,gradient_tape/inception_resnet_v2/conv2d_47/Conv2D/Conv2DBackpropFilter,4,664.961,166.24025,664.961,166.24025,0.0006545309826833122,0.6291595992409761,0.0,0.0
465,Device,Conv2DBackpropInput,gradient_tape/inception_resnet_v2/conv2d_111/Conv2D/Conv2DBackpropInput,4,664.929,166.23225,664.929,166.23225,0.0006544994846083184,0.6298140987255844,0.0,0.0
466,Device,Conv2DBackpropFilter,gradient_tape/inception_resnet_v2/conv2d_90/Conv2D/Conv2DBackpropFilter,4,664.897,166.22425,664.897,166.22425,0.0006544679865333249,0.6304685667121177,0.0,0.0
467,Device,Conv2DBackpropFilter,gradient_tape/inception_resnet_v2/conv2d_94/Conv2D/Conv2DBackpropFilter,4,664.832,166.208,664.832,166.208,0.0006544040060684939,0.6311229707181862,0.0,0.0
468,Device,Conv2DBackpropInput,gradient_tape/inception_resnet_v2/conv2d_103/Conv2D/Conv2DBackpropInput,4,664.705,166.17625,664.705,166.17625,0.0006542789980833628,0.6317772497162696,0.0,0.0
469,Device,Conv2DBackpropInput,gradient_tape/inception_resnet_v2/conv2d_123/Conv2D/Conv2DBackpropInput,4,664.097,166.02425,664.097,166.02425,0.0006536805346584831,0.6324309302509281,0.0,0.0
470,Device,Conv2DBackpropInput,gradient_tape/inception_resnet_v2/conv2d_119/Conv2D/Conv2DBackpropInput,4,664.064,166.016,664.064,166.016,0.0006536480522686458,0.6330845783031968,0.0,0.0
471,Device,Conv2DBackpropInput,gradient_tape/inception_resnet_v2/conv2d_131/Conv2D/Conv2DBackpropInput,4,663.105,165.77625,663.105,165.77625,0.0006527040943336793,0.6337372823975305,0.0,0.0
472,Device,Conv2DBackpropFilter,gradient_tape/inception_resnet_v2/conv2d_98/Conv2D/Conv2DBackpropFilter,4,662.241,165.56025,662.241,165.56025,0.0006518536463088502,0.6343891360438393,0.0,0.0
473,Device,Conv2DBackpropInput,gradient_tape/inception_resnet_v2/conv2d_135/Conv2D/Conv2DBackpropInput,4,661.376,165.344,661.376,165.344,0.0006510022139691775,0.6350401382578085,0.0,0.0
474,Device,Conv2DBackpropFilter,gradient_tape/inception_resnet_v2/conv2d_110/Conv2D/Conv2DBackpropFilter,4,661.185,165.29625,661.185,165.29625,0.000650814209834059,0.6356909524676425,0.0,0.0
475,Device,Conv2DBackpropInput,gradient_tape/inception_resnet_v2/conv2d_3/Conv2D/Conv2DBackpropInput,2,660.833,330.4165,660.833,330.4165,0.0006504677310091286,0.6363414201986516,0.0,0.0
476,Device,Conv2DBackpropFilter,gradient_tape/inception_resnet_v2/conv2d_82/Conv2D/Conv2DBackpropFilter,4,660.385,165.09625,660.385,165.09625,0.0006500267579592173,0.6369914469566108,0.0,0.0
477,Device,Conv2DBackpropFilter,gradient_tape/inception_resnet_v2/conv2d_106/Conv2D/Conv2DBackpropFilter,4,660.161,165.04025,660.161,165.04025,0.0006498062714342615,0.6376412532280451,0.0,0.0
478,Device,Conv2DBackpropFilter,gradient_tape/inception_resnet_v2/conv2d_118/Conv2D/Conv2DBackpropFilter,4,660.129,165.03225,660.129,165.03225,0.000649774773359268,0.6382910280014044,0.0,0.0
479,Device,Conv2DBackpropFilter,gradient_tape/inception_resnet_v2/conv2d_86/Conv2D/Conv2DBackpropFilter,4,660.129,165.03225,660.129,165.03225,0.000649774773359268,0.6389408027747636,0.0,0.0
480,Device,Conv2DBackpropFilter,gradient_tape/inception_resnet_v2/conv2d_122/Conv2D/Conv2DBackpropFilter,4,659.841,164.96025,659.841,164.96025,0.0006494912906843249,0.639590294065448,0.0,0.0
481,Device,Conv2DBackpropFilter,gradient_tape/inception_resnet_v2/conv2d_114/Conv2D/Conv2DBackpropFilter,4,659.649,164.91225,659.649,164.91225,0.0006493023022343629,0.6402395963676824,0.0,0.0
482,Device,Conv2DBackpropFilter,gradient_tape/inception_resnet_v2/conv2d_126/Conv2D/Conv2DBackpropFilter,4,659.649,164.91225,659.649,164.91225,0.0006493023022343629,0.6408888986699167,0.0,0.0
483,Device,Conv2DBackpropFilter,gradient_tape/inception_resnet_v2/conv2d_102/Conv2D/Conv2DBackpropFilter,4,659.265,164.81625,659.265,164.81625,0.0006489243253344388,0.6415378229952512,0.0,0.0
484,Device,Conv2DBackpropFilter,gradient_tape/inception_resnet_v2/conv2d_78/Conv2D/Conv2DBackpropFilter,4,659.169,164.79225,659.169,164.79225,0.0006488298311094578,0.6421866528263607,0.0,0.0
485,Device,Conv2DBackpropFilter,gradient_tape/inception_resnet_v2/conv2d_130/Conv2D/Conv2DBackpropFilter,4,659.073,164.76825,659.073,164.76825,0.0006487353368844768,0.6428353881632451,0.0,0.0
486,Device,Conv2D,inception_resnet_v2/conv2d_111/Conv2D,4,657.665,164.41625,657.665,164.41625,0.0006473494215847552,0.6434827375848299,0.0,0.0
487,Device,Conv2D,inception_resnet_v2/conv2d_107/Conv2D,4,656.416,164.104,656.416,164.104,0.0006461200123451587,0.6441288575971751,0.0,0.0
488,Device,Conv2D,inception_resnet_v2/conv2d_155/Conv2D,4,656.354,164.0885,656.354,164.0885,0.0006460589848248584,0.6447749165819999,0.0,0.0
489,Device,Conv2D,inception_resnet_v2/conv2d_127/Conv2D,4,656.226,164.0565,656.226,164.0565,0.0006459329925248837,0.6454208495745248,0.0,0.0
490,Device,Conv2D,inception_resnet_v2/conv2d_147/Conv2D,4,656.0,164.0,656.0,164.0,0.0006457105373702409,0.6460665601118951,0.0,0.0
491,Device,Conv2D,inception_resnet_v2/conv2d_103/Conv2D,4,655.745,163.93625,655.745,163.93625,0.0006454595370851351,0.6467120196489803,0.0,0.0
492,Device,Conv2D,inception_resnet_v2/conv2d_123/Conv2D,4,655.617,163.90425,655.617,163.90425,0.0006453335447851603,0.6473573531937654,0.0,0.0
493,Device,Conv2D,inception_resnet_v2/conv2d_95/Conv2D,4,655.361,163.84025,655.361,163.84025,0.0006450815601852111,0.6480024347539506,0.0,0.0
494,Device,Conv2D,inception_resnet_v2/conv2d_99/Conv2D,4,655.265,163.81625,655.265,163.81625,0.0006449870659602301,0.6486474218199109,0.0,0.0
495,Device,Conv2D,inception_resnet_v2/conv2d_91/Conv2D,4,655.073,163.76825,655.073,163.76825,0.000644798077510268,0.6492922198974211,0.0,0.0
496,Device,Conv2D,inception_resnet_v2/conv2d_143/Conv2D,4,654.817,163.70425,654.817,163.70425,0.0006445460929103187,0.6499367659903315,0.0,0.0
497,Device,Conv2D,inception_resnet_v2/conv2d_151/Conv2D,4,654.753,163.68825,654.753,163.68825,0.0006444830967603314,0.6505812490870918,0.0,0.0
498,Device,Conv2D,inception_resnet_v2/conv2d_135/Conv2D,4,654.592,163.648,654.592,163.648,0.0006443246220705194,0.6512255737091623,0.0,0.0
499,Device,Conv2D,inception_resnet_v2/conv2d_115/Conv2D,4,654.305,163.57625,654.305,163.57625,0.0006440421237104199,0.6518696158328727,0.0,0.0
500,Device,Conv2DBackpropFilter,gradient_tape/inception_resnet_v2/conv2d_134/Conv2D/Conv2DBackpropFilter,4,654.177,163.54425,654.177,163.54425,0.0006439161314104453,0.6525135319642832,0.0,0.0
501,Host,IDLE,IDLE,0,3523830.818,0.0,3523830.818,0.0,0.0,0.0,0.9901751103439042,0.9901751103439042
502,Host,GatherV2,GatherV2,2,34460.591,17230.2955,34460.591,17230.2955,0.0,0.0,0.009683217287743566,0.9998583276316477
503,Host,GatherV2,GatherV2_1,2,144.828,72.414,144.828,72.414,0.0,0.0,4.0695790543735165e-05,0.9998990234221915
504,Host,Dataset,Iterator::Root::ParallelMapV2::Zip[1]::ForeverRepeat,2,60.71,30.355,56.521,28.2605,0.0,0.0,1.5882058561344875e-05,0.9999149054807528
505,Host,LogicalAnd,LogicalAnd,1,40.565,40.565,40.565,40.565,0.0,0.0,1.1398519232514548e-05,0.9999263039999853
506,Host,FlushSummaryWriter,FlushSummaryWriter,1,39.374,39.374,39.374,39.374,0.0,0.0,1.1063855448318203e-05,0.9999373678554336
507,Host,Dataset,Iterator::Root::ParallelMapV2,2,35.304,17.652,35.304,17.652,0.0,0.0,9.920210106857973e-06,0.9999472880655405
508,Host,Dataset,Iterator::Root::ParallelMapV2::Zip[0]::FlatMap[1]::Concatenate[0]::TensorSlice,2,30.848,15.424,30.848,15.424,0.0,0.0,8.668101104020923e-06,0.9999559561666445
509,Host,Dataset,Iterator::Root,2,65.391,32.6955,30.087,15.0435,0.0,0.0,8.454264714622586e-06,0.9999644104313591
510,Host,Dataset,Iterator::Root::ParallelMapV2::Zip[0]::FlatMap[1]::Concatenate,2,59.102,29.551,28.254,14.127,0.0,0.0,7.939202820053397e-06,0.9999723496341791
511,Host,WriteSummary,WriteSummary,1,25.822,25.822,25.822,25.822,0.0,0.0,7.2558255545911665e-06,0.9999796054597337
512,Host,IteratorGetNext,IteratorGetNext,2,15.282,7.641,15.282,7.641,0.0,0.0,4.29414941233298e-06,0.9999838996091461
513,Host,ReadVariableOp,ReadVariableOp,1,12.19,12.19,12.19,12.19,0.0,0.0,3.425316145552874e-06,0.9999873249252916
514,Host,Dataset,Iterator::Root::ParallelMapV2::Zip,2,136.097,68.0485,11.948,5.974,0.0,0.0,3.3573156117363202e-06,0.9999906822409034
515,Host,_Send,IteratorGetNext/_3,2,6.93,3.465,6.93,3.465,0.0,0.0,1.947288013837688e-06,0.9999926295289172
516,Host,_Send,IteratorGetNext/_6,2,5.377,2.6885,5.377,2.6885,0.0,0.0,1.5109044228579003e-06,0.9999941404333401
517,Host,_Send,IteratorGetNext/_1,2,4.813,2.4065,4.813,2.4065,0.0,0.0,1.3524238399135343e-06,0.99999549285718
518,Host,Identity,Identity,2,4.368,2.184,4.368,2.184,0.0,0.0,1.2273815359946642e-06,0.999996720238716
519,Host,Dataset,Iterator::Root::ParallelMapV2::Zip[0]::FlatMap,2,63.439,31.7195,4.337,2.1685,0.0,0.0,1.2186707238115517e-06,0.9999979389094398
520,Host,Dataset,Iterator::Root::ParallelMapV2::Zip[1]::ForeverRepeat::FromTensor,4,4.189,1.04725,4.189,1.04725,0.0,0.0,1.1770836204857253e-06,0.9999991159930602
521,Host,_HostSend,categorical_crossentropy/softmax_cross_entropy_with_logits/Shape_2/_9,2,3.146,1.573,3.146,1.573,0.0,0.0,8.840069396152045e-07,0.9999999999999999
