Rank,Host/device,Type,Operation,#Occurrences,Total time (us),Avg. time (us),Total self-time (us),Avg. self-time (us),Total self-time on Device (%),Cumulative total-self time on Device (%),Total self-time on Host (%),Cumulative total-self time on Host (%)
1,Device,_Recv,IteratorGetNext/_2,2,28235.072,14117.536,28235.072,14117.536,0.15018651324826776,0.15018651324826776,0.0,0.0
2,Device,Conv2DBackpropFilter,gradient_tape/model/conv1/Conv2D/Conv2DBackpropFilter,2,18440.179,9220.0895,18440.179,9220.0895,0.09808603242392755,0.2482725456721953,0.0,0.0
3,Device,FusedBatchNormGradV3,gradient_tape/model/conv1_bn/FusedBatchNormGradV3,2,17761.136,8880.568,17761.136,8880.568,0.09447410253348337,0.3427466482056787,0.0,0.0
4,Device,MaxPoolGrad,gradient_tape/model/conv1_max_pool/MaxPool/MaxPoolGrad,2,13741.918,6870.959,13741.918,6870.959,0.07309528907040184,0.41584193727608054,0.0,0.0
5,Device,_FusedConv2D,model/conv1/Relu,2,11358.931,5679.4655,11358.931,5679.4655,0.06041982967557722,0.4762617669516578,0.0,0.0
6,Device,FusedBatchNormV3,model/conv1_bn/FusedBatchNormV3,4,10914.93,2728.7325,10914.93,2728.7325,0.05805812285688222,0.53431988980854,0.0,0.0
7,Device,ReluGrad,gradient_tape/model/conv1/ReluGrad,2,10836.434,5418.217,10836.434,5418.217,0.0576405910530343,0.5919604808615743,0.0,0.0
8,Device,IDLE,IDLE,0,10585.872,0.0,10585.872,0.0,0.05630781481175138,0.6482682956733257,0.0,0.0
9,Device,MaxPool,model/conv1_max_pool/MaxPool,2,4207.284,2103.642,4207.284,2103.642,0.02237916426086057,0.6706474599341863,0.0,0.0
10,Device,BiasAddGrad,gradient_tape/model/conv1/BiasAdd/BiasAddGrad,2,3176.462,1588.231,3176.462,1588.231,0.016896069974449476,0.6875435299086358,0.0,0.0
11,Device,AddN,SGD/gradients/AddN_3,2,2560.492,1280.246,2560.492,1280.246,0.013619634675629077,0.7011631645842649,0.0,0.0
12,Device,Conv2DBackpropInput,gradient_tape/model/ResBlock21_conv1/Conv2D/Conv2DBackpropInput,2,2377.035,1188.5175,2377.035,1188.5175,0.012643799828776642,0.7138069644130415,0.0,0.0
13,Device,Conv2DBackpropInput,gradient_tape/model/ResBlock21_pooling_conv/Conv2D/Conv2DBackpropInput,2,2368.715,1184.3575,2368.715,1184.3575,0.012599544521397735,0.7264065089344393,0.0,0.0
14,Device,Transpose,gradient_tape/model/conv1/Conv2D/Conv2DBackpropFilter-0-TransposeNHWCToNCHW-LayoutOptimizer,2,1713.063,856.5315,1713.063,856.5315,0.009112034810629041,0.7355185437450683,0.0,0.0
15,Device,Conv2DBackpropFilter,gradient_tape/model/ResBlock21_pooling_conv/Conv2D/Conv2DBackpropFilter,2,1332.134,666.067,1332.134,666.067,0.007085817264410302,0.7426043610094786,0.0,0.0
16,Device,Conv2DBackpropFilter,gradient_tape/model/ResBlock21_conv1/Conv2D/Conv2DBackpropFilter,2,1318.246,659.123,1318.246,659.123,0.007011944943631665,0.7496163059531102,0.0,0.0
17,Device,FusedBatchNormGradV3,gradient_tape/model/ResBlock22_bn2/FusedBatchNormGradV3,2,1181.476,590.738,1181.476,590.738,0.006284445137115656,0.7559007510902259,0.0,0.0
18,Device,FusedBatchNormGradV3,gradient_tape/model/ResBlock21_bn2/FusedBatchNormGradV3,2,1180.933,590.4665,1180.933,590.4665,0.006281556840011479,0.7621823079302374,0.0,0.0
19,Device,FusedBatchNormGradV3,gradient_tape/model/ResBlock22_bn1/FusedBatchNormGradV3,2,1180.774,590.387,1180.774,590.387,0.00628071109555556,0.7684630190257931,0.0,0.0
20,Device,FusedBatchNormGradV3,gradient_tape/model/ResBlock21_bn1/FusedBatchNormGradV3,2,1178.149,589.0745,1178.149,589.0745,0.0062667483333116135,0.7747297673591047,0.0,0.0
21,Device,FusedBatchNormGradV3,gradient_tape/model/ResBlock21_pooling_bn/FusedBatchNormGradV3,2,1177.061,588.5305,1177.061,588.5305,0.0062609611008082175,0.7809907284599129,0.0,0.0
22,Device,Conv2DBackpropFilter,gradient_tape/model/ResBlock22_conv1/Conv2D/Conv2DBackpropFilter,2,1075.012,537.506,1075.012,537.506,0.005718147415386326,0.7867088758752993,0.0,0.0
23,Device,Conv2DBackpropFilter,gradient_tape/model/ResBlock22_conv2/Conv2D/Conv2DBackpropFilter,2,1071.174,535.587,1071.174,535.587,0.005697732527198796,0.7924066084024981,0.0,0.0
24,Device,Conv2DBackpropFilter,gradient_tape/model/ResBlock21_conv2/Conv2D/Conv2DBackpropFilter,2,1053.317,526.6585,1053.317,526.6585,0.005602748509907312,0.7980093569124054,0.0,0.0
25,Device,Conv2D,model/ResBlock21_pooling_conv/Conv2D,2,844.612,422.306,844.612,422.306,0.004492615826431961,0.8025019727388374,0.0,0.0
26,Device,Conv2D,model/ResBlock21_conv1/Conv2D,2,844.514,422.257,844.514,422.257,0.004492094549974854,0.8069940672888123,0.0,0.0
27,Device,Conv2DBackpropInput,gradient_tape/model/ResBlock31_conv1/Conv2D/Conv2DBackpropInput,2,736.419,368.2095,736.419,368.2095,0.003917121298637953,0.8109111885874503,0.0,0.0
28,Device,Conv2DBackpropInput,gradient_tape/model/ResBlock31_pooling_conv/Conv2D/Conv2DBackpropInput,2,735.107,367.5535,735.107,367.5535,0.00391014257708974,0.81482133116454,0.0,0.0
29,Device,FusedBatchNormV3,model/ResBlock21_bn1/FusedBatchNormV3,4,701.155,175.28875,701.155,175.28875,0.0037295468804396594,0.8185508780449797,0.0,0.0
30,Device,FusedBatchNormV3,model/ResBlock22_bn1/FusedBatchNormV3,4,699.011,174.75275,699.011,174.75275,0.0037181426281535563,0.8222690206731332,0.0,0.0
31,Device,FusedBatchNormV3,model/ResBlock22_bn2/FusedBatchNormV3,4,697.218,174.3045,697.218,174.3045,0.003708605396647501,0.8259776260697808,0.0,0.0
32,Device,FusedBatchNormV3,model/ResBlock21_bn2/FusedBatchNormV3,4,696.322,174.0805,696.322,174.0805,0.0037038394404682344,0.829681465510249,0.0,0.0
33,Device,FusedBatchNormV3,model/ResBlock21_pooling_bn/FusedBatchNormV3,4,694.756,173.689,694.756,173.689,0.0036955096554495597,0.8333769751656985,0.0,0.0
34,Device,ReluGrad,gradient_tape/model/tf.nn.relu_1/ReluGrad,2,657.987,328.9935,657.987,328.9935,0.0034999299202314042,0.8368769050859299,0.0,0.0
35,Device,ReluGrad,gradient_tape/model/tf.nn.relu_2/ReluGrad,2,655.427,327.7135,655.427,327.7135,0.003486312902576356,0.8403632179885063,0.0,0.0
36,Device,ReluGrad,gradient_tape/model/tf.nn.relu_3/ReluGrad,2,655.108,327.554,655.108,327.554,0.003484616094516996,0.8438478340830233,0.0,0.0
37,Device,ReluGrad,gradient_tape/model/tf.nn.relu/ReluGrad,2,644.611,322.3055,644.611,322.3055,0.003428781002983776,0.8472766150860072,0.0,0.0
38,Device,AddN,SGD/gradients/AddN_2,2,644.419,322.2095,644.419,322.2095,0.0034277597266596472,0.8507043748126668,0.0,0.0
39,Device,AddN,SGD/gradients/AddN_1,2,637.602,318.801,637.602,318.801,0.003391499098005559,0.8540958739106723,0.0,0.0
40,Device,AddV2,model/ResBlock21_add/add,2,627.748,313.874,627.748,313.874,0.003339084218328666,0.857434958129001,0.0,0.0
41,Device,AddV2,model/ResBlock22_add/add,2,627.075,313.5375,627.075,313.5375,0.003335504432046694,0.8607704625610476,0.0,0.0
42,Device,Conv2DBackpropFilter,gradient_tape/model/ResBlock31_pooling_conv/Conv2D/Conv2DBackpropFilter,2,607.138,303.569,607.138,303.569,0.0032294565879104824,0.8639999191489581,0.0,0.0
43,Device,FusedBatchNormGradV3,gradient_tape/model/ResBlock32_bn2/FusedBatchNormGradV3,2,586.914,293.457,586.914,293.457,0.0031218821484355988,0.8671218012973937,0.0,0.0
44,Device,FusedBatchNormGradV3,gradient_tape/model/ResBlock32_bn1/FusedBatchNormGradV3,2,586.563,293.2815,586.563,293.2815,0.0031200151276555513,0.8702418164250493,0.0,0.0
45,Device,FusedBatchNormGradV3,gradient_tape/model/ResBlock31_pooling_bn/FusedBatchNormGradV3,2,586.37,293.185,586.37,293.185,0.003118988532183901,0.8733608049572332,0.0,0.0
46,Device,FusedBatchNormGradV3,gradient_tape/model/ResBlock31_bn2/FusedBatchNormGradV3,2,586.114,293.057,586.114,293.057,0.0031176268304183965,0.8764784317876516,0.0,0.0
47,Device,FusedBatchNormGradV3,gradient_tape/model/ResBlock31_bn1/FusedBatchNormGradV3,2,584.322,292.161,584.322,292.161,0.0031080949180598626,0.8795865267057115,0.0,0.0
48,Device,Conv2DBackpropFilter,gradient_tape/model/ResBlock31_conv1/Conv2D/Conv2DBackpropFilter,2,571.748,285.874,571.748,285.874,0.0030412119571244798,0.882627738662836,0.0,0.0
49,Device,Conv2D,model/ResBlock31_conv1/Conv2D,2,558.595,279.2975,558.595,279.2975,0.002971249209774147,0.88559898787261,0.0,0.0
50,Device,Conv2D,model/ResBlock31_pooling_conv/Conv2D,2,558.242,279.121,558.242,279.121,0.0029693715506990555,0.8885683594233091,0.0,0.0
51,Device,Conv2DBackpropFilter,gradient_tape/model/ResBlock32_conv2/Conv2D/Conv2DBackpropFilter,2,508.418,254.209,508.418,254.209,0.0027043503445876747,0.8912727097678969,0.0,0.0
52,Device,Conv2DBackpropFilter,gradient_tape/model/ResBlock32_conv1/Conv2D/Conv2DBackpropFilter,2,507.714,253.857,507.714,253.857,0.002700605664732536,0.8939733154326294,0.0,0.0
53,Device,Conv2DBackpropFilter,gradient_tape/model/ResBlock31_conv2/Conv2D/Conv2DBackpropFilter,2,504.963,252.4815,504.963,252.4815,0.002685972689900881,0.8966592881225303,0.0,0.0
54,Device,Conv2D,model/ResBlock22_conv1/Conv2D,2,474.434,237.217,474.434,237.217,0.0025235844352169056,0.8991828725577472,0.0,0.0
55,Device,Conv2D,model/ResBlock22_conv2/Conv2D,2,474.434,237.217,474.434,237.217,0.0025235844352169056,0.9017064569929641,0.0,0.0
56,Device,Conv2D,model/ResBlock21_conv2/Conv2D,2,474.274,237.137,474.274,237.137,0.0025227333716134654,0.9042291903645776,0.0,0.0
57,Device,Conv2DBackpropInput,gradient_tape/model/ResBlock22_conv2/Conv2D/Conv2DBackpropInput,2,473.827,236.9135,473.827,236.9135,0.002520355712671353,0.906749546077249,0.0,0.0
58,Device,Conv2DBackpropInput,gradient_tape/model/ResBlock22_conv1/Conv2D/Conv2DBackpropInput,2,471.298,235.649,471.298,235.649,0.0025069035885894714,0.9092564496658385,0.0,0.0
59,Device,Conv2DBackpropInput,gradient_tape/model/ResBlock21_conv2/Conv2D/Conv2DBackpropInput,2,471.171,235.5855,471.171,235.5855,0.00250622805685424,0.9117626777226927,0.0,0.0
60,Device,BiasAdd,model/ResBlock21_pooling_conv/BiasAdd,2,455.266,227.633,455.266,227.633,0.0024216270155247304,0.9141843047382174,0.0,0.0
61,Device,BiasAdd,model/ResBlock22_conv2/BiasAdd,2,454.978,227.489,454.978,227.489,0.002420095101038537,0.916604399839256,0.0,0.0
62,Device,BiasAdd,model/ResBlock22_conv1/BiasAdd,2,453.058,226.529,453.058,226.529,0.0024098823377972506,0.9190142821770533,0.0,0.0
63,Device,BiasAdd,model/ResBlock21_conv1/BiasAdd,2,452.066,226.033,452.066,226.033,0.0024046057434559194,0.9214188879205092,0.0,0.0
64,Device,BiasAdd,model/ResBlock21_conv2/BiasAdd,2,451.586,225.793,451.586,225.793,0.002402052552645598,0.9238209404731548,0.0,0.0
65,Device,SoftmaxCrossEntropyWithLogits,categorical_crossentropy/softmax_cross_entropy_with_logits,6,427.234,71.20566666666666,427.234,71.20566666666666,0.0022725206722019487,0.9260934611453567,0.0,0.0
66,Device,Relu,model/tf.nn.relu/Relu,2,424.866,212.433,424.866,212.433,0.002259924930871029,0.9283533860762277,0.0,0.0
67,Device,Relu,model/tf.nn.relu_1/Relu,2,424.642,212.321,424.642,212.321,0.0022587334418262125,0.930612119518054,0.0,0.0
68,Device,Relu,model/tf.nn.relu_3/Relu,2,424.194,212.097,424.194,212.097,0.002256350463736579,0.9328684699817906,0.0,0.0
69,Device,Relu,model/tf.nn.relu_2/Relu,2,422.977,211.4885,422.977,211.4885,0.0022498770612029094,0.9351183470429936,0.0,0.0
70,Device,Conv2D,model/ResBlock32_conv2/Conv2D,2,385.538,192.769,385.538,192.769,0.0020507334971453465,0.9371690805401389,0.0,0.0
71,Device,Conv2D,model/ResBlock31_conv2/Conv2D,2,384.738,192.369,384.738,192.369,0.002046478179128144,0.9392155587192671,0.0,0.0
72,Device,Conv2D,model/ResBlock32_conv1/Conv2D,2,382.53,191.265,382.53,191.265,0.0020347335014006644,0.9412502922206678,0.0,0.0
73,Device,FusedBatchNormV3,model/ResBlock32_bn2/FusedBatchNormV3,4,373.41,93.3525,373.41,93.3525,0.0019862228760045546,0.9432365150966724,0.0,0.0
74,Device,FusedBatchNormV3,model/ResBlock31_bn2/FusedBatchNormV3,4,372.61,93.1525,372.61,93.1525,0.001981967557987352,0.9452184826546597,0.0,0.0
75,Device,FusedBatchNormV3,model/ResBlock32_bn1/FusedBatchNormV3,4,371.554,92.8885,371.554,92.8885,0.001976350538204644,0.9471948331928643,0.0,0.0
76,Device,FusedBatchNormV3,model/ResBlock31_bn1/FusedBatchNormV3,4,369.89,92.4725,369.89,92.4725,0.0019674994767288627,0.9491623326695933,0.0,0.0
77,Device,FusedBatchNormV3,model/ResBlock31_pooling_bn/FusedBatchNormV3,4,369.666,92.4165,369.666,92.4165,0.001966307987684046,0.9511286406572773,0.0,0.0
78,Device,Conv2DBackpropInput,gradient_tape/model/ResBlock32_conv2/Conv2D/Conv2DBackpropInput,2,367.361,183.6805,367.361,183.6805,0.0019540473526469806,0.9530826880099242,0.0,0.0
79,Device,Conv2DBackpropInput,gradient_tape/model/ResBlock31_conv2/Conv2D/Conv2DBackpropInput,2,366.018,183.009,366.018,183.009,0.0019469037375256016,0.9550295917474498,0.0,0.0
80,Device,Conv2DBackpropInput,gradient_tape/model/ResBlock32_conv1/Conv2D/Conv2DBackpropInput,2,365.762,182.881,365.762,182.881,0.001945542035760097,0.95697513378321,0.0,0.0
81,Device,ReluGrad,gradient_tape/model/tf.nn.relu_7/ReluGrad,2,330.018,165.009,330.018,165.009,0.0017554144267514823,0.9587305482099615,0.0,0.0
82,Device,ReluGrad,gradient_tape/model/tf.nn.relu_6/ReluGrad,2,328.609,164.3045,328.609,164.3045,0.0017479197478936842,0.9604784679578552,0.0,0.0
83,Device,ReluGrad,gradient_tape/model/tf.nn.relu_5/ReluGrad,2,327.394,163.697,327.394,163.697,0.0017414569836550577,0.9622199249415102,0.0,0.0
84,Device,AddN,SGD/gradients/AddN,2,325.762,162.881,325.762,162.881,0.0017327761348999641,0.9639527010764102,0.0,0.0
85,Device,ReluGrad,gradient_tape/model/tf.nn.relu_4/ReluGrad,2,322.05,161.025,322.05,161.025,0.001713031459300144,0.9656657325357103,0.0,0.0
86,Device,AddV2,model/ResBlock31_add/add,2,315.936,157.968,315.936,157.968,0.0016805101913536726,0.9673462427270639,0.0,0.0
87,Device,AddV2,model/ResBlock32_add/add,2,314.913,157.4565,314.913,157.4565,0.0016750687034391748,0.9690213114305031,0.0,0.0
88,Device,BiasAddGrad,gradient_tape/model/ResBlock21_pooling_conv/BiasAdd/BiasAddGrad,2,251.713,125.8565,251.713,125.8565,0.001338898580080165,0.9703602100105833,0.0,0.0
89,Device,BiasAddGrad,gradient_tape/model/ResBlock21_conv1/BiasAdd/BiasAddGrad,2,239.233,119.6165,239.233,119.6165,0.0012725156190118035,0.971632725629595,0.0,0.0
90,Device,BiasAddGrad,gradient_tape/model/ResBlock21_conv2/BiasAdd/BiasAddGrad,2,238.977,119.4885,238.977,119.4885,0.0012711539172462988,0.9729038795468413,0.0,0.0
91,Device,BiasAddGrad,gradient_tape/model/ResBlock22_conv1/BiasAdd/BiasAddGrad,2,238.882,119.441,238.882,119.441,0.0012706485982317559,0.9741745281450731,0.0,0.0
92,Device,BiasAddGrad,gradient_tape/model/ResBlock22_conv2/BiasAdd/BiasAddGrad,2,238.848,119.424,238.848,119.424,0.001270467747216025,0.9754449958922892,0.0,0.0
93,Device,BiasAdd,model/ResBlock31_conv1/BiasAdd,2,230.786,115.393,230.786,115.393,0.001227584779897665,0.9766725806721869,0.0,0.0
94,Device,BiasAdd,model/ResBlock32_conv1/BiasAdd,2,227.616,113.808,227.616,113.808,0.0012107230822544996,0.9778833037544413,0.0,0.0
95,Device,BiasAdd,model/ResBlock31_pooling_conv/BiasAdd,2,227.456,113.728,227.456,113.728,0.0012098720186510589,0.9790931757730924,0.0,0.0
96,Device,BiasAdd,model/ResBlock31_conv2/BiasAdd,2,227.426,113.713,227.426,113.713,0.0012097124442254138,0.9803028882173178,0.0,0.0
97,Device,ArgMax,ArgMax,2,227.361,113.6805,227.361,113.6805,0.0012093666996365162,0.9815122549169544,0.0,0.0
98,Device,BiasAdd,model/ResBlock32_conv2/BiasAdd,2,227.009,113.5045,227.009,113.5045,0.0012074943597089468,0.9827197492766633,0.0,0.0
99,Device,Transpose,gradient_tape/model/tf.nn.relu_7/ReluGrad-0-TransposeNHWCToNCHW-LayoutOptimizer,2,222.368,111.184,222.368,111.184,0.00118280819606165,0.9839025574727249,0.0,0.0
100,Device,Transpose,model/tf.nn.relu_7/Relu-0-0-TransposeNCHWToNHWC-LayoutOptimizer,2,220.673,110.3365,220.673,110.3365,0.0011737922410127019,0.9850763497137376,0.0,0.0
101,Device,RealDiv,gradient_tape/model/GAP/truediv,2,219.074,109.537,219.074,109.537,0.0011652869241258182,0.9862416366378634,0.0,0.0
102,Device,Relu,model/tf.nn.relu_6/Relu,2,215.553,107.7765,215.553,107.7765,0.001146558205702605,0.987388194843566,0.0,0.0
103,Device,Relu,model/tf.nn.relu_7/Relu,2,214.529,107.2645,214.529,107.2645,0.0011411113986405856,0.9885293062422066,0.0,0.0
104,Device,Relu,model/tf.nn.relu_4/Relu,2,213.76,106.88,213.76,106.88,0.0011370209741965495,0.9896663272164031,0.0,0.0
105,Device,Relu,model/tf.nn.relu_5/Relu,2,211.714,105.857,211.714,105.857,0.0011261379983675537,0.9907924652147707,0.0,0.0
106,Device,ArgMax,ArgMax_1,2,173.537,86.7685,173.537,86.7685,0.0009230689034391216,0.9917155341182098,0.0,0.0
107,Device,BiasAddGrad,gradient_tape/model/ResBlock31_conv1/BiasAdd/BiasAddGrad,2,127.232,63.616,127.232,63.616,0.0006767657774559103,0.9923922998956657,0.0,0.0
108,Device,BiasAddGrad,gradient_tape/model/ResBlock32_conv2/BiasAdd/BiasAddGrad,2,127.17,63.585,127.17,63.585,0.000676435990309577,0.9930687358859752,0.0,0.0
109,Device,BiasAddGrad,gradient_tape/model/ResBlock32_conv1/BiasAdd/BiasAddGrad,2,127.168,63.584,127.168,63.584,0.0006764253520145341,0.9937451612379897,0.0,0.0
110,Device,BiasAddGrad,gradient_tape/model/ResBlock31_conv2/BiasAdd/BiasAddGrad,2,126.977,63.4885,126.977,63.4885,0.000675409394837927,0.9944205706328276,0.0,0.0
111,Device,BiasAddGrad,gradient_tape/model/ResBlock31_pooling_conv/BiasAdd/BiasAddGrad,2,126.785,63.3925,126.785,63.3925,0.0006743881185137983,0.9950949587513415,0.0,0.0
112,Device,Mean,model/GAP/Mean,2,126.529,63.2645,126.529,63.2645,0.0006730264167482934,0.9957679851680897,0.0,0.0
113,Device,BroadcastTo,gradient_tape/model/GAP/BroadcastTo,2,110.528,55.264,110.528,55.264,0.0005879147372567189,0.9963558999053465,0.0,0.0
114,Device,_Send,IteratorGetNext/_3,2,87.552,43.776,87.552,43.776,0.0004657020038026586,0.9968216019091491,0.0,0.0
115,Device,Softmax,model/dense/Softmax,2,31.232,15.616,31.232,15.616,0.00016612761539159165,0.9969877295245407,0.0,0.0
116,Device,MatMul,gradient_tape/model/dense/MatMul/MatMul,2,28.48,14.24,28.48,14.24,0.00015148932141241452,0.9971392188459531,0.0,0.0
117,Device,MatMul,gradient_tape/model/dense/MatMul/MatMul_1,2,19.872,9.936,19.872,9.936,0.00010570209954731395,0.9972449209455004,0.0,0.0
118,Device,MatMul,model/dense/MatMul,2,16.832,8.416,16.832,8.416,8.953189108194388e-05,0.9973344528365824,0.0,0.0
119,Device,DynamicStitch,gradient_tape/model/GAP/DynamicStitch,2,11.584,5.792,11.584,5.792,6.161700488909445e-05,0.9973960698414714,0.0,0.0
120,Device,Mul,gradient_tape/categorical_crossentropy/softmax_cross_entropy_with_logits/mul,2,11.264,5.632,11.264,5.632,5.991487768221338e-05,0.9974559847191536,0.0,0.0
121,Device,BiasAddGrad,gradient_tape/model/dense/BiasAdd/BiasAddGrad,2,10.528,5.264,10.528,5.264,5.599998510638694e-05,0.9975119847042601,0.0,0.0
122,Device,BiasAdd,model/dense/BiasAdd,2,9.312,4.656,9.312,4.656,4.953190172023891e-05,0.9975615166059802,0.0,0.0
123,Device,ResourceApplyGradientDescent,SGD/SGD/update_8/ResourceApplyGradientDescent,2,8.288,4.144,8.288,4.144,4.408509465821951e-05,0.9976056017006385,0.0,0.0
124,Device,ResourceApplyGradientDescent,SGD/SGD/update/ResourceApplyGradientDescent,2,8.256,4.128,8.256,4.128,4.39148819375314e-05,0.9976495165825761,0.0,0.0
125,Device,ResourceApplyGradientDescent,SGD/SGD/update_4/ResourceApplyGradientDescent,2,8.256,4.128,8.256,4.128,4.39148819375314e-05,0.9976934314645136,0.0,0.0
126,Device,ResourceApplyGradientDescent,SGD/SGD/update_28/ResourceApplyGradientDescent,2,8.128,4.064,8.128,4.064,4.323403105477898e-05,0.9977366654955684,0.0,0.0
127,Device,ResourceApplyGradientDescent,SGD/SGD/update_24/ResourceApplyGradientDescent,2,8.0,4.0,8.0,4.0,4.2553180172026554e-05,0.9977792186757404,0.0,0.0
128,Device,ResourceApplyGradientDescent,SGD/SGD/update_10/ResourceApplyGradientDescent,2,7.968,3.984,7.968,3.984,4.2382967451338443e-05,0.9978216016431917,0.0,0.0
129,Device,ResourceApplyGradientDescent,SGD/SGD/update_16/ResourceApplyGradientDescent,2,7.744,3.872,7.744,3.872,4.11914784065217e-05,0.9978627931215982,0.0,0.0
130,Device,ResourceApplyGradientDescent,SGD/SGD/update_36/ResourceApplyGradientDescent,2,7.744,3.872,7.744,3.872,4.11914784065217e-05,0.9979039846000047,0.0,0.0
131,Device,ResourceApplyGradientDescent,SGD/SGD/update_40/ResourceApplyGradientDescent,2,7.744,3.872,7.744,3.872,4.11914784065217e-05,0.9979451760784113,0.0,0.0
132,Device,ResourceApplyGradientDescent,SGD/SGD/update_20/ResourceApplyGradientDescent,2,7.712,3.856,7.712,3.856,4.1021265685833596e-05,0.9979861973440971,0.0,0.0
133,Device,ResourceApplyGradientDescent,SGD/SGD/update_44/ResourceApplyGradientDescent,2,7.648,3.824,7.648,3.824,4.068084024445738e-05,0.9980268781843415,0.0,0.0
134,Device,ResourceApplyGradientDescent,SGD/SGD/update_30/ResourceApplyGradientDescent,2,7.616,3.808,7.616,3.808,4.051062752376928e-05,0.9980673888118653,0.0,0.0
135,Device,ResourceApplyGradientDescent,SGD/SGD/update_18/ResourceApplyGradientDescent,2,7.232,3.616,7.232,3.616,3.8468074875512005e-05,0.9981058568867408,0.0,0.0
136,Device,ResourceApplyGradientDescent,SGD/SGD/update_14/ResourceApplyGradientDescent,2,7.104,3.552,7.104,3.552,3.778722399275958e-05,0.9981436441107335,0.0,0.0
137,Device,ResourceApplyGradientDescent,SGD/SGD/update_15/ResourceApplyGradientDescent,2,6.976,3.488,6.976,3.488,3.710637311000715e-05,0.9981807504838436,0.0,0.0
138,Device,ResourceApplyGradientDescent,SGD/SGD/update_22/ResourceApplyGradientDescent,2,6.944,3.472,6.944,3.472,3.693616038931905e-05,0.9982176866442329,0.0,0.0
139,Device,ResourceApplyGradientDescent,SGD/SGD/update_35/ResourceApplyGradientDescent,2,6.944,3.472,6.944,3.472,3.693616038931905e-05,0.9982546228046223,0.0,0.0
140,Device,ResourceApplyGradientDescent,SGD/SGD/update_1/ResourceApplyGradientDescent,2,6.912,3.456,6.912,3.456,3.6765947668630944e-05,0.998291388752291,0.0,0.0
141,Device,ResourceApplyGradientDescent,SGD/SGD/update_5/ResourceApplyGradientDescent,2,6.912,3.456,6.912,3.456,3.6765947668630944e-05,0.9983281546999596,0.0,0.0
142,Device,ResourceApplyGradientDescent,SGD/SGD/update_42/ResourceApplyGradientDescent,2,6.849,3.4245,6.849,3.4245,3.6430841374776235e-05,0.9983645855413343,0.0,0.0
143,Device,ResourceApplyGradientDescent,SGD/SGD/update_2/ResourceApplyGradientDescent,2,6.816,3.408,6.816,3.408,3.625530950656662e-05,0.9984008408508409,0.0,0.0
144,Device,ResourceApplyGradientDescent,SGD/SGD/update_3/ResourceApplyGradientDescent,2,6.816,3.408,6.816,3.408,3.625530950656662e-05,0.9984370961603475,0.0,0.0
145,Device,ResourceApplyGradientDescent,SGD/SGD/update_6/ResourceApplyGradientDescent,2,6.816,3.408,6.816,3.408,3.625530950656662e-05,0.998473351469854,0.0,0.0
146,Device,ResourceApplyGradientDescent,SGD/SGD/update_34/ResourceApplyGradientDescent,2,6.784,3.392,6.784,3.392,3.608509678587852e-05,0.9985094365666399,0.0,0.0
147,Device,ResourceApplyGradientDescent,SGD/SGD/update_27/ResourceApplyGradientDescent,2,6.72,3.36,6.72,3.36,3.5744671344502304e-05,0.9985451812379844,0.0,0.0
148,Device,ResourceApplyGradientDescent,SGD/SGD/update_38/ResourceApplyGradientDescent,2,6.72,3.36,6.72,3.36,3.5744671344502304e-05,0.9985809259093289,0.0,0.0
149,Device,ResourceApplyGradientDescent,SGD/SGD/update_9/ResourceApplyGradientDescent,2,6.72,3.36,6.72,3.36,3.5744671344502304e-05,0.9986166705806734,0.0,0.0
150,Device,ResourceApplyGradientDescent,SGD/SGD/update_12/ResourceApplyGradientDescent,2,6.656,3.328,6.656,3.328,3.540424590312609e-05,0.9986520748265765,0.0,0.0
151,Device,ResourceApplyGradientDescent,SGD/SGD/update_26/ResourceApplyGradientDescent,2,6.656,3.328,6.656,3.328,3.540424590312609e-05,0.9986874790724796,0.0,0.0
152,Device,ResourceApplyGradientDescent,SGD/SGD/update_45/ResourceApplyGradientDescent,2,6.656,3.328,6.656,3.328,3.540424590312609e-05,0.9987228833183827,0.0,0.0
153,Device,ResourceApplyGradientDescent,SGD/SGD/update_7/ResourceApplyGradientDescent,2,6.656,3.328,6.656,3.328,3.540424590312609e-05,0.9987582875642858,0.0,0.0
154,Device,ResourceApplyGradientDescent,SGD/SGD/update_13/ResourceApplyGradientDescent,2,6.624,3.312,6.624,3.312,3.523403318243799e-05,0.9987935215974681,0.0,0.0
155,Device,ResourceApplyGradientDescent,SGD/SGD/update_43/ResourceApplyGradientDescent,2,6.624,3.312,6.624,3.312,3.523403318243799e-05,0.9988287556306505,0.0,0.0
156,Device,ResourceApplyGradientDescent,SGD/SGD/update_19/ResourceApplyGradientDescent,2,6.592,3.296,6.592,3.296,3.5063820461749877e-05,0.9988638194511122,0.0,0.0
157,Device,ResourceApplyGradientDescent,SGD/SGD/update_23/ResourceApplyGradientDescent,2,6.592,3.296,6.592,3.296,3.5063820461749877e-05,0.998898883271574,0.0,0.0
158,Device,ResourceApplyGradientDescent,SGD/SGD/update_32/ResourceApplyGradientDescent,2,6.592,3.296,6.592,3.296,3.5063820461749877e-05,0.9989339470920356,0.0,0.0
159,Device,ResourceApplyGradientDescent,SGD/SGD/update_39/ResourceApplyGradientDescent,2,6.56,3.28,6.56,3.28,3.489360774106177e-05,0.9989688406997768,0.0,0.0
160,Device,ResourceApplyGradientDescent,SGD/SGD/update_29/ResourceApplyGradientDescent,2,6.496,3.248,6.496,3.248,3.455318229968556e-05,0.9990033938820765,0.0,0.0
161,Device,ResourceApplyGradientDescent,SGD/SGD/update_33/ResourceApplyGradientDescent,2,6.464,3.232,6.464,3.232,3.4382969578997456e-05,0.9990377768516555,0.0,0.0
162,Device,ResourceApplyGradientDescent,SGD/SGD/update_37/ResourceApplyGradientDescent,2,6.464,3.232,6.464,3.232,3.4382969578997456e-05,0.9990721598212345,0.0,0.0
163,Device,AssignAddVariableOp,SGD/SGD/AssignAddVariableOp,2,6.4,3.2,6.4,3.2,3.404254413762124e-05,0.9991062023653722,0.0,0.0
164,Device,Cast,Cast,2,6.336,3.168,6.336,3.168,3.370211869624503e-05,0.9991399044840684,0.0,0.0
165,Device,ResourceApplyGradientDescent,SGD/SGD/update_41/ResourceApplyGradientDescent,2,6.336,3.168,6.336,3.168,3.370211869624503e-05,0.9991736066027647,0.0,0.0
166,Device,ResourceApplyGradientDescent,SGD/SGD/update_17/ResourceApplyGradientDescent,2,6.272,3.136,6.272,3.136,3.3361693254868816e-05,0.9992069682960195,0.0,0.0
167,Device,ResourceApplyGradientDescent,SGD/SGD/update_21/ResourceApplyGradientDescent,2,6.272,3.136,6.272,3.136,3.3361693254868816e-05,0.9992403299892744,0.0,0.0
168,Device,ResourceApplyGradientDescent,SGD/SGD/update_11/ResourceApplyGradientDescent,2,6.24,3.12,6.24,3.12,3.319148053418071e-05,0.9992735214698085,0.0,0.0
169,Device,ResourceApplyGradientDescent,SGD/SGD/update_25/ResourceApplyGradientDescent,2,6.24,3.12,6.24,3.12,3.319148053418071e-05,0.9993067129503427,0.0,0.0
170,Device,AssignAddVariableOp,AssignAddVariableOp_4,2,6.176,3.088,6.176,3.088,3.28510550928045e-05,0.9993395640054354,0.0,0.0
171,Device,ResourceApplyGradientDescent,SGD/SGD/update_31/ResourceApplyGradientDescent,2,6.08,3.04,6.08,3.04,3.234041693074018e-05,0.9993719044223662,0.0,0.0
172,Device,Mul,Mul,2,6.048,3.024,6.048,3.024,3.217020421005207e-05,0.9994040746265763,0.0,0.0
173,Device,Tile,gradient_tape/categorical_crossentropy/weighted_loss/Tile_1,2,5.92,2.96,5.92,2.96,3.148935332729965e-05,0.9994355639799036,0.0,0.0
174,Device,DivNoNan,categorical_crossentropy/weighted_loss/value,2,5.825,2.9125,5.825,2.9125,3.098403431275683e-05,0.9994665480142164,0.0,0.0
175,Device,DivNoNan,gradient_tape/categorical_crossentropy/weighted_loss/value/div_no_nan,2,5.825,2.9125,5.825,2.9125,3.098403431275683e-05,0.9994975320485292,0.0,0.0
176,Device,AssignAddVariableOp,AssignAddVariableOp_1,2,5.792,2.896,5.792,2.896,3.0808502444547225e-05,0.9995283405509737,0.0,0.0
177,Device,AssignAddVariableOp,AssignAddVariableOp_2,2,5.76,2.88,5.76,2.88,3.0638289723859114e-05,0.9995589788406976,0.0,0.0
178,Device,Equal,Equal,2,5.728,2.864,5.728,2.864,3.046807700317101e-05,0.9995894469177007,0.0,0.0
179,Device,Cast,Cast_1,2,5.696,2.848,5.696,2.848,3.0297864282482904e-05,0.9996197447819831,0.0,0.0
180,Device,AssignAddVariableOp,AssignAddVariableOp,2,5.632,2.816,5.632,2.816,2.995743884110669e-05,0.9996497022208243,0.0,0.0
181,Device,Sum,Sum_2,2,5.632,2.816,5.632,2.816,2.995743884110669e-05,0.9996796596596654,0.0,0.0
182,Device,Sum,categorical_crossentropy/weighted_loss/Sum,2,5.632,2.816,5.632,2.816,2.995743884110669e-05,0.9997096170985066,0.0,0.0
183,Device,AssignAddVariableOp,AssignAddVariableOp_3,2,5.568,2.784,5.568,2.784,2.9617013399730477e-05,0.9997392341119063,0.0,0.0
184,Device,DivNoNan,div_no_nan,2,5.408,2.704,5.408,2.704,2.876594979628995e-05,0.9997680000617026,0.0,0.0
185,Device,DivNoNan,div_no_nan_1,2,5.376,2.688,5.376,2.688,2.8595737075601844e-05,0.9997965957987782,0.0,0.0
186,Device,Cast,gradient_tape/model/GAP/Cast,2,5.312,2.656,5.312,2.656,2.8255311634225633e-05,0.9998248511104124,0.0,0.0
187,Device,Cast,Cast_2,2,5.088,2.544,5.088,2.544,2.706382258940889e-05,0.9998519149330019,0.0,0.0
188,Device,Cast,categorical_crossentropy/weighted_loss/num_elements/Cast,2,5.056,2.528,5.056,2.528,2.6893609868720783e-05,0.9998788085428706,0.0,0.0
189,Device,_Recv,gradient_tape/model/GAP/Shape-0-1-DataFormatVecPermuteNCHWToNHWC-LayoutOptimizer/_14,2,4.0,2.0,4.0,2.0,2.1276590086013277e-05,0.9999000851329566,0.0,0.0
190,Device,_Recv,categorical_crossentropy/weighted_loss/num_elements/_20,2,3.296,1.648,3.296,1.648,1.7531910230874938e-05,0.9999176170431875,0.0,0.0
191,Device,LogicalAnd,LogicalAnd,1,3.008,3.008,3.008,3.008,1.5999995744681984e-05,0.9999336170389321,0.0,0.0
192,Device,_Recv,strided_slice/_12,2,2.912,1.456,2.912,1.456,1.5489357582617664e-05,0.9999491063965148,0.0,0.0
193,Device,_Recv,Size/_22,2,2.816,1.408,2.816,1.408,1.4978719420553345e-05,0.9999640851159354,0.0,0.0
194,Device,_Recv,gradient_tape/model/GAP/floordiv/_18,2,2.688,1.344,2.688,1.344,1.4297868537800922e-05,0.9999783829844732,0.0,0.0
195,Device,_HostRecv,gradient_tape/model/GAP/DynamicStitch/_24,2,2.144,1.072,2.144,1.072,1.1404252286103117e-05,0.9999897872367592,0.0,0.0
196,Device,_Recv,gradient_tape/model/GAP/ones/_16,2,1.92,0.96,1.92,0.96,1.0212763241286371e-05,1.0000000000000004,0.0,0.0
197,Host,IDLE,IDLE,0,566408.178,0.0,566408.178,0.0,0.0,0.0,0.998753758805931,0.998753758805931
198,Host,_Send,IteratorGetNext/_3,2,403.684,201.842,403.684,201.842,0.0,0.0,0.0007118204292061148,0.9994655792351371
199,Host,_Send,IteratorGetNext/_6,2,90.428,45.214,90.428,45.214,0.0,0.0,0.00015945268519993496,0.999625031920337
200,Host,LogicalAnd,LogicalAnd,1,43.339,43.339,43.339,43.339,0.0,0.0,7.642013451453069e-05,0.9997014520548515
201,Host,FlushSummaryWriter,FlushSummaryWriter,1,36.848,36.848,36.848,36.848,0.0,0.0,6.497448295049325e-05,0.999766426537802
202,Host,Dataset,Iterator::Root::ParallelMapV2,2,29.126,14.563,29.126,14.563,0.0,0.0,5.135819557143038e-05,0.9998177847333735
203,Host,Dataset,Iterator::Root,2,54.163,27.0815,25.037,12.5185,0.0,0.0,4.414801697870982e-05,0.9998619327503522
204,Host,WriteSummary,WriteSummary,1,24.992,24.992,24.992,24.992,0.0,0.0,4.406866798465934e-05,0.9999060014183369
205,Host,_HostSend,categorical_crossentropy/softmax_cross_entropy_with_logits/Shape_2/_9,2,16.338,8.169,16.338,8.169,0.0,0.0,2.8808974773262016e-05,0.9999348103931102
206,Host,IteratorGetNext,IteratorGetNext,2,14.569,7.2845,14.569,7.2845,0.0,0.0,2.5689677651588588e-05,0.9999605000707618
207,Host,ReadVariableOp,ReadVariableOp,1,8.373,8.373,8.373,8.373,0.0,0.0,1.476420282632653e-05,0.9999752642735881
208,Host,_Send,IteratorGetNext/_1,2,6.865,3.4325,6.865,3.4325,0.0,0.0,1.2105129870145901e-05,0.9999873694034582
209,Host,Dataset,Iterator::Root::ParallelMapV2::Zip,2,3.791,1.8955,3.791,1.8955,0.0,0.0,6.6847119210084645e-06,0.9999940541153792
210,Host,Identity,Identity,2,3.372,1.686,3.372,1.686,0.0,0.0,5.945884620849523e-06,1.0
