Rank,Host/device,Type,Operation,#Occurrences,Total time (us),Avg. time (us),Total self-time (us),Avg. self-time (us),Total self-time on Device (%),Cumulative total-self time on Device (%),Total self-time on Host (%),Cumulative total-self time on Host (%)
1,Device,DepthwiseConv2dNativeBackpropFilter,gradient_tape/xception/block2_sepconv2/separable_conv2d/DepthwiseConv2dNativeBackpropFilter,2,50952.42,25476.21,50952.42,25476.21,0.18035318243702822,0.18035318243702822,0.0,0.0
2,Device,DepthwiseConv2dNativeBackpropFilter,gradient_tape/xception/block2_sepconv1/separable_conv2d/DepthwiseConv2dNativeBackpropFilter,2,48731.354,24365.677,48731.354,24365.677,0.17249141018945527,0.3528445926264835,0.0,0.0
3,Device,IDLE,IDLE,0,8985.677,0.0,8985.677,0.0,0.03180605441902874,0.3846506470455122,0.0,0.0
4,Device,FusedBatchNormGradV3,gradient_tape/xception/block2_sepconv2_bn/FusedBatchNormGradV3,2,3487.759,1743.8795,3487.759,1743.8795,0.012345408426594597,0.3969960554721068,0.0,0.0
5,Device,FusedBatchNormGradV3,gradient_tape/xception/block2_sepconv1_bn/FusedBatchNormGradV3,2,3465.231,1732.6155,3465.231,1732.6155,0.012265667435019686,0.4092617229071265,0.0,0.0
6,Device,FusedBatchNormV3,xception/block2_sepconv2_bn/FusedBatchNormV3,4,2508.811,627.20275,2508.811,627.20275,0.008880285725055321,0.4181420086321818,0.0,0.0
7,Device,FusedBatchNormV3,xception/block2_sepconv1_bn/FusedBatchNormV3,4,2504.716,626.179,2504.716,626.179,0.008865790902589977,0.4270077995347718,0.0,0.0
8,Device,Conv2DBackpropFilter,gradient_tape/xception/block2_sepconv2/separable_conv2d/Conv2DBackpropFilter,2,2295.818,1147.909,2295.818,1147.909,0.008126367355980605,0.4351341668907524,0.0,0.0
9,Device,Conv2DBackpropFilter,gradient_tape/xception/block4_sepconv2/separable_conv2d/Conv2DBackpropFilter,4,2272.265,568.06625,2272.265,568.06625,0.008042998234240374,0.4431771651249928,0.0,0.0
10,Device,Conv2D,xception/block4_sepconv2/separable_conv2d,4,2226.186,556.5465,2226.186,556.5465,0.007879895200203603,0.4510570603251964,0.0,0.0
11,Device,_Recv,IteratorGetNext/_2,2,2196.906,1098.453,2196.906,1098.453,0.007776254564847007,0.45883331489004336,0.0,0.0
12,Device,Conv2DBackpropInput,gradient_tape/xception/block4_sepconv2/separable_conv2d/Conv2DBackpropInput,4,2171.914,542.9785,2171.914,542.9785,0.007687791902318589,0.466521106792362,0.0,0.0
13,Device,Conv2DBackpropFilter,gradient_tape/xception/block2_sepconv1/separable_conv2d/Conv2DBackpropFilter,2,1901.578,950.789,1901.578,950.789,0.006730900003419646,0.4732520067957816,0.0,0.0
14,Device,DepthwiseConv2dNativeBackpropInput,gradient_tape/xception/block2_sepconv2/separable_conv2d/DepthwiseConv2dNativeBackpropInput,2,1887.24,943.62,1887.24,943.62,0.006680148656775422,0.479932155452557,0.0,0.0
15,Device,Conv2DBackpropFilter,gradient_tape/xception/block1_conv2/Conv2D/Conv2DBackpropFilter,2,1802.248,901.124,1802.248,901.124,0.006379307643106436,0.4863114630956635,0.0,0.0
16,Device,FusedBatchNormGradV3,gradient_tape/xception/block3_sepconv1_bn/FusedBatchNormGradV3,2,1798.152,899.076,1798.152,899.076,0.0063648092810019066,0.4926762723766654,0.0,0.0
17,Device,FusedBatchNormGradV3,gradient_tape/xception/block3_sepconv2_bn/FusedBatchNormGradV3,2,1796.105,898.0525,1796.105,898.0525,0.006357563639588827,0.49903383601625423,0.0,0.0
18,Device,ReluGrad,gradient_tape/xception/block2_sepconv2_act/ReluGrad,2,1600.52,800.26,1600.52,800.26,0.005665263309458361,0.5046990993257126,0.0,0.0
19,Device,Conv2D,xception/block2_sepconv2/separable_conv2d,2,1588.232,794.116,1588.232,794.116,0.005621768223144773,0.5103208675488573,0.0,0.0
20,Device,Conv2DBackpropInput,gradient_tape/xception/block2_sepconv2/separable_conv2d/Conv2DBackpropInput,2,1558.535,779.2675,1558.535,779.2675,0.005516651558247749,0.5158375191071051,0.0,0.0
21,Device,FusedBatchNormGradV3,gradient_tape/xception/block1_conv2_bn/FusedBatchNormGradV3,2,1506.311,753.1555,1506.311,753.1555,0.005331797441414998,0.5211693165485201,0.0,0.0
22,Device,Conv2DBackpropInput,gradient_tape/xception/block1_conv2/Conv2D/Conv2DBackpropInput,2,1451.015,725.5075,1451.015,725.5075,0.005136069553003852,0.5263053861015239,0.0,0.0
23,Device,Conv2D,xception/block3_sepconv2/separable_conv2d,2,1424.39,712.195,1424.39,712.195,0.005041826659685225,0.5313472127612091,0.0,0.0
24,Device,Conv2DBackpropFilter,gradient_tape/xception/block3_sepconv2/separable_conv2d/Conv2DBackpropFilter,2,1403.911,701.9555,1403.911,701.9555,0.004969338388801763,0.5363165511500109,0.0,0.0
25,Device,Conv2DBackpropInput,gradient_tape/xception/block3_sepconv2/separable_conv2d/Conv2DBackpropInput,2,1389.574,694.787,1389.574,694.787,0.004918590581796724,0.5412351417318076,0.0,0.0
26,Device,DepthwiseConv2dNative,xception/block2_sepconv2/separable_conv2d/depthwise,2,1349.638,674.819,1349.638,674.819,0.004777231551277562,0.5460123732830852,0.0,0.0
27,Device,MaxPoolGrad,gradient_tape/xception/block2_pool/MaxPool/MaxPoolGrad,2,1284.102,642.051,1284.102,642.051,0.004545257757605092,0.5505576310406902,0.0,0.0
28,Device,FusedBatchNormV3,xception/block1_conv2_bn/FusedBatchNormV3,4,1190.918,297.7295,1190.918,297.7295,0.0042154200197270465,0.5547730510604173,0.0,0.0
29,Device,Conv2DBackpropFilter,gradient_tape/xception/block14_sepconv2/separable_conv2d/Conv2DBackpropFilter,2,1166.341,583.1705,1166.341,583.1705,0.004128426307460684,0.558901477367878,0.0,0.0
30,Device,Conv2D,xception/block2_sepconv1/separable_conv2d,2,1098.756,549.378,1098.756,549.378,0.0038891997930967635,0.5627906771609748,0.0,0.0
31,Device,Conv2D,xception/block1_conv2/Conv2D,2,1050.628,525.314,1050.628,525.314,0.003718844038368542,0.5665095211993433,0.0,0.0
32,Device,FusedBatchNormGradV3,gradient_tape/xception/block4_sepconv2_bn/FusedBatchNormGradV3,2,1024.004,512.002,1024.004,512.002,0.0036246046846891006,0.5701341258840323,0.0,0.0
33,Device,FusedBatchNormGradV3,gradient_tape/xception/block4_sepconv1_bn/FusedBatchNormGradV3,2,1019.909,509.9545,1019.909,509.9545,0.003610109862223757,0.5737442357462561,0.0,0.0
34,Device,Conv2DBackpropFilter,gradient_tape/xception/block3_sepconv1/separable_conv2d/Conv2DBackpropFilter,2,1016.837,508.4185,1016.837,508.4185,0.00359923609064536,0.5773434718369015,0.0,0.0
35,Device,DepthwiseConv2dNativeBackpropInput,gradient_tape/xception/block3_sepconv2/separable_conv2d/DepthwiseConv2dNativeBackpropInput,2,1004.548,502.274,1004.548,502.274,0.0035557374646925863,0.5808992093015941,0.0,0.0
36,Device,Relu,xception/block2_sepconv2_act/Relu,2,1000.452,500.226,1000.452,500.226,0.003541239102588057,0.5844404484041822,0.0,0.0
37,Device,Conv2D,xception/block14_sepconv2/separable_conv2d,2,974.852,487.426,974.852,487.426,0.003450624339434748,0.587891072743617,0.0,0.0
38,Device,Conv2DBackpropInput,gradient_tape/xception/block14_sepconv2/separable_conv2d/Conv2DBackpropInput,2,965.637,482.8185,965.637,482.8185,0.003418006564338742,0.5913090793079557,0.0,0.0
39,Device,FusedBatchNormGradV3,gradient_tape/xception/block1_conv1_bn/FusedBatchNormGradV3,2,959.492,479.746,959.492,479.746,0.003396255481542762,0.5947053347894985,0.0,0.0
40,Device,FusedBatchNormV3,xception/block3_sepconv1_bn/FusedBatchNormV3,4,937.988,234.497,937.988,234.497,0.003320139080493983,0.5980254738699925,0.0,0.0
41,Device,FusedBatchNormV3,xception/block3_sepconv2_bn/FusedBatchNormV3,4,925.7,231.425,925.7,231.425,0.0032766439941803948,0.6013021178641729,0.0,0.0
42,Device,Conv2DBackpropFilter,gradient_tape/xception/block4_sepconv1/separable_conv2d/Conv2DBackpropFilter,2,921.604,460.802,921.604,460.802,0.0032621456320758653,0.6045642634962487,0.0,0.0
43,Device,DepthwiseConv2dNativeBackpropInput,gradient_tape/xception/block2_sepconv1/separable_conv2d/DepthwiseConv2dNativeBackpropInput,2,911.364,455.682,911.364,455.682,0.0032258997268145417,0.6077901632230632,0.0,0.0
44,Device,Conv2DBackpropInput,gradient_tape/xception/conv2d/Conv2D/Conv2DBackpropInput,2,885.764,442.882,885.764,442.882,0.0031352849636612327,0.6109254481867245,0.0,0.0
45,Device,Conv2D,xception/block3_sepconv1/separable_conv2d,2,852.996,426.498,852.996,426.498,0.003019298066824997,0.6139447462535494,0.0,0.0
46,Device,Conv2DBackpropInput,gradient_tape/xception/block4_sepconv1/separable_conv2d/Conv2DBackpropInput,2,851.972,425.986,851.972,425.986,0.003015673476298865,0.6169604197298483,0.0,0.0
47,Device,Conv2D,xception/block4_sepconv1/separable_conv2d,4,843.779,210.94475,843.779,210.94475,0.00298667321245062,0.6199470929422989,0.0,0.0
48,Device,ReluGrad,gradient_tape/xception/block3_sepconv2_act/ReluGrad,2,818.18,409.09,818.18,409.09,0.0028960619889364966,0.6228431549312354,0.0,0.0
49,Device,ReluGrad,gradient_tape/xception/block1_conv2_act/ReluGrad,2,797.7,398.85,797.7,398.85,0.0028235701784138497,0.6256667251096493,0.0,0.0
50,Device,FusedBatchNormGradV3,gradient_tape/xception/batch_normalization/FusedBatchNormGradV3,2,797.699,398.8495,797.699,398.8495,0.002823566638774664,0.628490291748424,0.0,0.0
51,Device,DepthwiseConv2dNativeBackpropFilter,gradient_tape/xception/block3_sepconv2/separable_conv2d/DepthwiseConv2dNativeBackpropFilter,2,792.58,396.29,792.58,396.29,0.002805447225783188,0.6312957389742072,0.0,0.0
52,Device,Conv2DBackpropInput,gradient_tape/xception/block2_sepconv1/separable_conv2d/Conv2DBackpropInput,2,792.579,396.2895,792.579,396.2895,0.002805443686144002,0.6341011826603512,0.0,0.0
53,Device,AddN,SGD/gradients/AddN_11,2,762.882,381.441,762.882,381.441,0.002700327021246978,0.6368015096815982,0.0,0.0
54,Device,Conv2DBackpropFilter,gradient_tape/xception/block7_sepconv2/separable_conv2d/Conv2DBackpropFilter,4,743.427,185.85675,743.427,185.85675,0.002631463340889649,0.6394329730224878,0.0,0.0
55,Device,DepthwiseConv2dNativeBackpropInput,gradient_tape/xception/block4_sepconv2/separable_conv2d/DepthwiseConv2dNativeBackpropInput,2,741.379,370.6895,741.379,370.6895,0.0026242141598373844,0.6420571871823252,0.0,0.0
56,Device,Conv2DBackpropFilter,gradient_tape/xception/block12_sepconv1/separable_conv2d/Conv2DBackpropFilter,4,740.355,185.08875,740.355,185.08875,0.002620589569311252,0.6446777767516364,0.0,0.0
57,Device,Conv2DBackpropFilter,gradient_tape/xception/block5_sepconv2/separable_conv2d/Conv2DBackpropFilter,4,740.355,185.08875,740.355,185.08875,0.002620589569311252,0.6472983663209476,0.0,0.0
58,Device,Conv2DBackpropFilter,gradient_tape/xception/block8_sepconv3/separable_conv2d/Conv2DBackpropFilter,4,740.355,185.08875,740.355,185.08875,0.002620589569311252,0.6499189558902588,0.0,0.0
59,Device,Conv2DBackpropFilter,gradient_tape/xception/block9_sepconv2/separable_conv2d/Conv2DBackpropFilter,4,740.355,185.08875,740.355,185.08875,0.002620589569311252,0.65253954545957,0.0,0.0
60,Device,Conv2DBackpropFilter,gradient_tape/xception/block11_sepconv1/separable_conv2d/Conv2DBackpropFilter,4,739.332,184.833,739.332,184.833,0.0026169685184243056,0.6551565139779943,0.0,0.0
61,Device,Conv2DBackpropFilter,gradient_tape/xception/block11_sepconv2/separable_conv2d/Conv2DBackpropFilter,4,739.332,184.833,739.332,184.833,0.0026169685184243056,0.6577734824964186,0.0,0.0
62,Device,Conv2DBackpropFilter,gradient_tape/xception/block11_sepconv3/separable_conv2d/Conv2DBackpropFilter,4,739.332,184.833,739.332,184.833,0.0026169685184243056,0.660390451014843,0.0,0.0
63,Device,Conv2DBackpropFilter,gradient_tape/xception/block6_sepconv2/separable_conv2d/Conv2DBackpropFilter,4,739.332,184.833,739.332,184.833,0.0026169685184243056,0.6630074195332673,0.0,0.0
64,Device,Conv2DBackpropFilter,gradient_tape/xception/block9_sepconv1/separable_conv2d/Conv2DBackpropFilter,4,739.332,184.833,739.332,184.833,0.0026169685184243056,0.6656243880516916,0.0,0.0
65,Device,Conv2DBackpropFilter,gradient_tape/xception/block6_sepconv3/separable_conv2d/Conv2DBackpropFilter,4,739.331,184.83275,739.331,184.83275,0.0026169649787851196,0.6682413530304767,0.0,0.0
66,Device,Conv2DBackpropFilter,gradient_tape/xception/block9_sepconv3/separable_conv2d/Conv2DBackpropFilter,4,739.331,184.83275,739.331,184.83275,0.0026169649787851196,0.6708583180092619,0.0,0.0
67,Device,Conv2DBackpropFilter,gradient_tape/xception/block6_sepconv1/separable_conv2d/Conv2DBackpropFilter,4,738.308,184.577,738.308,184.577,0.002613343927898173,0.67347166193716,0.0,0.0
68,Device,Conv2DBackpropFilter,gradient_tape/xception/block10_sepconv3/separable_conv2d/Conv2DBackpropFilter,4,738.307,184.57675,738.307,184.57675,0.0026133403882589875,0.676085002325419,0.0,0.0
69,Device,Conv2DBackpropFilter,gradient_tape/xception/block12_sepconv2/separable_conv2d/Conv2DBackpropFilter,4,738.307,184.57675,738.307,184.57675,0.0026133403882589875,0.678698342713678,0.0,0.0
70,Device,Conv2DBackpropFilter,gradient_tape/xception/block12_sepconv3/separable_conv2d/Conv2DBackpropFilter,4,738.307,184.57675,738.307,184.57675,0.0026133403882589875,0.681311683101937,0.0,0.0
71,Device,Conv2DBackpropFilter,gradient_tape/xception/block5_sepconv3/separable_conv2d/Conv2DBackpropFilter,4,738.307,184.57675,738.307,184.57675,0.0026133403882589875,0.683925023490196,0.0,0.0
72,Device,Conv2DBackpropFilter,gradient_tape/xception/block8_sepconv2/separable_conv2d/Conv2DBackpropFilter,4,738.307,184.57675,738.307,184.57675,0.0026133403882589875,0.686538363878455,0.0,0.0
73,Device,Conv2DBackpropFilter,gradient_tape/xception/block10_sepconv1/separable_conv2d/Conv2DBackpropFilter,4,737.283,184.32075,737.283,184.32075,0.002609715797732855,0.6891480796761879,0.0,0.0
74,Device,Conv2DBackpropFilter,gradient_tape/xception/block10_sepconv2/separable_conv2d/Conv2DBackpropFilter,4,737.283,184.32075,737.283,184.32075,0.002609715797732855,0.6917577954739207,0.0,0.0
75,Device,Conv2DBackpropFilter,gradient_tape/xception/block13_sepconv1/separable_conv2d/Conv2DBackpropFilter,4,737.283,184.32075,737.283,184.32075,0.002609715797732855,0.6943675112716535,0.0,0.0
76,Device,Conv2DBackpropFilter,gradient_tape/xception/block8_sepconv1/separable_conv2d/Conv2DBackpropFilter,4,737.283,184.32075,737.283,184.32075,0.002609715797732855,0.6969772270693864,0.0,0.0
77,Device,Conv2DBackpropFilter,gradient_tape/xception/block7_sepconv1/separable_conv2d/Conv2DBackpropFilter,4,737.282,184.3205,737.282,184.3205,0.0026097122580936694,0.6995869393274801,0.0,0.0
78,Device,Conv2DBackpropFilter,gradient_tape/xception/block7_sepconv3/separable_conv2d/Conv2DBackpropFilter,4,736.259,184.06475,736.259,184.06475,0.0026060912072067227,0.7021930305346867,0.0,0.0
79,Device,Conv2DBackpropFilter,gradient_tape/xception/block5_sepconv1/separable_conv2d/Conv2DBackpropFilter,4,734.211,183.55275,734.211,183.55275,0.002598842026154458,0.7047918725608412,0.0,0.0
80,Device,Conv2DBackpropInput,gradient_tape/xception/block13_sepconv2/separable_conv2d/Conv2DBackpropInput,2,721.923,360.9615,721.923,360.9615,0.0025553469398408696,0.707347219500682,0.0,0.0
81,Device,Conv2D,xception/block13_sepconv2/separable_conv2d,2,718.852,359.426,718.852,359.426,0.0025444767079016582,0.7098916962085837,0.0,0.0
82,Device,Conv2DBackpropInput,gradient_tape/xception/block3_sepconv1/separable_conv2d/Conv2DBackpropInput,2,718.851,359.4255,718.851,359.4255,0.0025444731682624723,0.7124361693768462,0.0,0.0
83,Device,Conv2DBackpropFilter,gradient_tape/xception/block13_sepconv2/separable_conv2d/Conv2DBackpropFilter,4,709.635,177.40875,709.635,177.40875,0.0025118518535272812,0.7149480212303735,0.0,0.0
84,Device,DepthwiseConv2dNative,xception/block2_sepconv1/separable_conv2d/depthwise,2,679.94,339.97,679.94,339.97,0.002406742267908629,0.7173547634982821,0.0,0.0
85,Device,MaxPool,xception/block2_pool/MaxPool,2,647.171,323.5855,647.171,323.5855,0.0022907518314332076,0.7196455153297153,0.0,0.0
86,Device,ReluGrad,gradient_tape/xception/block4_sepconv2_act/ReluGrad,2,620.547,310.2735,620.547,310.2735,0.002196512477753766,0.7218420278074691,0.0,0.0
87,Device,FusedBatchNormV3,xception/block4_sepconv2_bn/FusedBatchNormV3,4,619.524,154.881,619.524,154.881,0.0021928914268668194,0.7240349192343359,0.0,0.0
88,Device,FusedBatchNormV3,xception/block4_sepconv1_bn/FusedBatchNormV3,4,618.498,154.6245,618.498,154.6245,0.002189259757062316,0.7262241789913982,0.0,0.0
89,Device,FusedBatchNormV3,xception/block1_conv1_bn/FusedBatchNormV3,4,614.402,153.6005,614.402,153.6005,0.0021747613949577864,0.728398940386356,0.0,0.0
90,Device,MaxPoolGrad,gradient_tape/xception/block3_pool/MaxPool/MaxPoolGrad,2,608.259,304.1295,608.259,304.1295,0.0021530173914401777,0.7305519577777961,0.0,0.0
91,Device,DepthwiseConv2dNativeBackpropFilter,gradient_tape/xception/block4_sepconv2/separable_conv2d/DepthwiseConv2dNativeBackpropFilter,2,595.971,297.9855,595.971,297.9855,0.0021095223051265898,0.7326614800829228,0.0,0.0
92,Device,Conv2DBackpropFilter,gradient_tape/xception/conv2d/Conv2D/Conv2DBackpropFilter,2,581.635,290.8175,581.635,290.8175,0.0020587780377607366,0.7347202581206835,0.0,0.0
93,Device,DepthwiseConv2dNativeBackpropFilter,gradient_tape/xception/block14_sepconv2/separable_conv2d/DepthwiseConv2dNativeBackpropFilter,2,572.418,286.209,572.418,286.209,0.0020261531833863596,0.7367464113040699,0.0,0.0
94,Device,Conv2D,xception/conv2d/Conv2D,2,560.13,280.065,560.13,280.065,0.0019826580970727713,0.7387290694011427,0.0,0.0
95,Device,DepthwiseConv2dNative,xception/block3_sepconv2/separable_conv2d/depthwise,2,540.674,270.337,540.674,270.337,0.0019137908770762565,0.7406428602782189,0.0,0.0
96,Device,Conv2D,xception/block7_sepconv2/separable_conv2d,2,522.243,261.1215,522.243,261.1215,0.0018485517872450599,0.742491412065464,0.0,0.0
97,Device,Conv2D,xception/block11_sepconv3/separable_conv2d,2,522.242,261.121,522.242,261.121,0.001848548247605874,0.7443399603130698,0.0,0.0
98,Device,Conv2D,xception/block11_sepconv2/separable_conv2d,2,521.218,260.609,521.218,260.609,0.0018449236570797416,0.7461848839701496,0.0,0.0
99,Device,Conv2D,xception/block6_sepconv3/separable_conv2d,2,521.218,260.609,521.218,260.609,0.0018449236570797416,0.7480298076272294,0.0,0.0
100,Device,Conv2D,xception/block8_sepconv3/separable_conv2d,2,520.196,260.098,520.196,260.098,0.0018413061458319808,0.7498711137730614,0.0,0.0
101,Device,Conv2D,xception/block10_sepconv1/separable_conv2d,2,520.194,260.097,520.194,260.097,0.0018412990665536092,0.751712412839615,0.0,0.0
102,Device,Conv2D,xception/block10_sepconv3/separable_conv2d,2,520.194,260.097,520.194,260.097,0.0018412990665536092,0.7535537119061686,0.0,0.0
103,Device,Conv2D,xception/block11_sepconv1/separable_conv2d,2,520.194,260.097,520.194,260.097,0.0018412990665536092,0.7553950109727222,0.0,0.0
104,Device,Conv2D,xception/block12_sepconv1/separable_conv2d,2,520.194,260.097,520.194,260.097,0.0018412990665536092,0.7572363100392758,0.0,0.0
105,Device,Conv2D,xception/block12_sepconv2/separable_conv2d,2,520.194,260.097,520.194,260.097,0.0018412990665536092,0.7590776091058294,0.0,0.0
106,Device,Conv2D,xception/block12_sepconv3/separable_conv2d,2,520.194,260.097,520.194,260.097,0.0018412990665536092,0.7609189081723831,0.0,0.0
107,Device,Conv2D,xception/block6_sepconv1/separable_conv2d,2,520.194,260.097,520.194,260.097,0.0018412990665536092,0.7627602072389367,0.0,0.0
108,Device,Conv2D,xception/block7_sepconv3/separable_conv2d,2,520.194,260.097,520.194,260.097,0.0018412990665536092,0.7646015063054903,0.0,0.0
109,Device,Relu,xception/block3_sepconv2_act/Relu,2,519.171,259.5855,519.171,259.5855,0.0018376780156666628,0.766439184321157,0.0,0.0
110,Device,Conv2D,xception/block8_sepconv1/separable_conv2d,2,519.171,259.5855,519.171,259.5855,0.0018376780156666628,0.7682768623368237,0.0,0.0
111,Device,Conv2D,xception/block9_sepconv3/separable_conv2d,2,519.171,259.5855,519.171,259.5855,0.0018376780156666628,0.7701145403524904,0.0,0.0
112,Device,Conv2DBackpropInput,gradient_tape/xception/block11_sepconv3/separable_conv2d/Conv2DBackpropInput,2,519.17,259.585,519.17,259.585,0.0018376744760274768,0.7719522148285178,0.0,0.0
113,Device,Conv2DBackpropInput,gradient_tape/xception/block6_sepconv2/separable_conv2d/Conv2DBackpropInput,2,519.17,259.585,519.17,259.585,0.0018376744760274768,0.7737898893045453,0.0,0.0
114,Device,Conv2D,xception/block10_sepconv2/separable_conv2d,2,519.17,259.585,519.17,259.585,0.0018376744760274768,0.7756275637805727,0.0,0.0
115,Device,Conv2D,xception/block13_sepconv1/separable_conv2d,2,519.17,259.585,519.17,259.585,0.0018376744760274768,0.7774652382566002,0.0,0.0
116,Device,Conv2D,xception/block5_sepconv1/separable_conv2d,2,519.17,259.585,519.17,259.585,0.0018376744760274768,0.7793029127326276,0.0,0.0
117,Device,Conv2D,xception/block5_sepconv2/separable_conv2d,2,519.17,259.585,519.17,259.585,0.0018376744760274768,0.7811405872086551,0.0,0.0
118,Device,Conv2D,xception/block6_sepconv2/separable_conv2d,2,519.17,259.585,519.17,259.585,0.0018376744760274768,0.7829782616846825,0.0,0.0
119,Device,Conv2D,xception/block9_sepconv1/separable_conv2d,2,519.17,259.585,519.17,259.585,0.0018376744760274768,0.78481593616071,0.0,0.0
120,Device,Conv2DBackpropInput,gradient_tape/xception/block13_sepconv1/separable_conv2d/Conv2DBackpropInput,2,518.147,259.0735,518.147,259.0735,0.0018340534251405304,0.7866499895858505,0.0,0.0
121,Device,Conv2DBackpropInput,gradient_tape/xception/block8_sepconv2/separable_conv2d/Conv2DBackpropInput,2,518.147,259.0735,518.147,259.0735,0.0018340534251405304,0.7884840430109911,0.0,0.0
122,Device,Conv2DBackpropInput,gradient_tape/xception/block9_sepconv2/separable_conv2d/Conv2DBackpropInput,2,518.146,259.073,518.146,259.073,0.0018340498855013445,0.7903180928964925,0.0,0.0
123,Device,Conv2DBackpropInput,gradient_tape/xception/block9_sepconv3/separable_conv2d/Conv2DBackpropInput,2,518.146,259.073,518.146,259.073,0.0018340498855013445,0.7921521427819939,0.0,0.0
124,Device,Conv2DBackpropInput,gradient_tape/xception/conv2d_3/Conv2D/Conv2DBackpropInput,2,518.146,259.073,518.146,259.073,0.0018340498855013445,0.7939861926674953,0.0,0.0
125,Device,Conv2D,xception/block5_sepconv3/separable_conv2d,2,518.146,259.073,518.146,259.073,0.0018340498855013445,0.7958202425529967,0.0,0.0
126,Device,Conv2D,xception/block8_sepconv2/separable_conv2d,2,518.146,259.073,518.146,259.073,0.0018340498855013445,0.7976542924384981,0.0,0.0
127,Device,Conv2D,xception/block9_sepconv2/separable_conv2d,2,518.146,259.073,518.146,259.073,0.0018340498855013445,0.7994883423239995,0.0,0.0
128,Device,Conv2D,xception/block7_sepconv1/separable_conv2d,2,517.123,258.5615,517.123,258.5615,0.001830428834614398,0.8013187711586138,0.0,0.0
129,Device,Conv2DBackpropInput,gradient_tape/xception/block11_sepconv1/separable_conv2d/Conv2DBackpropInput,2,517.122,258.561,517.122,258.561,0.0018304252949752121,0.8031491964535891,0.0,0.0
130,Device,Conv2DBackpropInput,gradient_tape/xception/block11_sepconv2/separable_conv2d/Conv2DBackpropInput,2,517.122,258.561,517.122,258.561,0.0018304252949752121,0.8049796217485643,0.0,0.0
131,Device,Conv2DBackpropInput,gradient_tape/xception/block12_sepconv1/separable_conv2d/Conv2DBackpropInput,2,517.122,258.561,517.122,258.561,0.0018304252949752121,0.8068100470435395,0.0,0.0
132,Device,Conv2DBackpropInput,gradient_tape/xception/block6_sepconv1/separable_conv2d/Conv2DBackpropInput,2,517.122,258.561,517.122,258.561,0.0018304252949752121,0.8086404723385148,0.0,0.0
133,Device,Conv2DBackpropInput,gradient_tape/xception/block7_sepconv1/separable_conv2d/Conv2DBackpropInput,2,517.122,258.561,517.122,258.561,0.0018304252949752121,0.81047089763349,0.0,0.0
134,Device,Conv2DBackpropInput,gradient_tape/xception/block7_sepconv2/separable_conv2d/Conv2DBackpropInput,2,517.122,258.561,517.122,258.561,0.0018304252949752121,0.8123013229284652,0.0,0.0
135,Device,Conv2DBackpropInput,gradient_tape/xception/block7_sepconv3/separable_conv2d/Conv2DBackpropInput,2,517.122,258.561,517.122,258.561,0.0018304252949752121,0.8141317482234405,0.0,0.0
136,Device,Conv2DBackpropInput,gradient_tape/xception/block8_sepconv3/separable_conv2d/Conv2DBackpropInput,2,517.122,258.561,517.122,258.561,0.0018304252949752121,0.8159621735184157,0.0,0.0
137,Device,Conv2DBackpropInput,gradient_tape/xception/block10_sepconv1/separable_conv2d/Conv2DBackpropInput,2,516.099,258.0495,516.099,258.0495,0.0018268042440882657,0.817788977762504,0.0,0.0
138,Device,Conv2DBackpropInput,gradient_tape/xception/block10_sepconv3/separable_conv2d/Conv2DBackpropInput,2,516.099,258.0495,516.099,258.0495,0.0018268042440882657,0.8196157820065924,0.0,0.0
139,Device,Conv2DBackpropInput,gradient_tape/xception/block5_sepconv3/separable_conv2d/Conv2DBackpropInput,2,516.099,258.0495,516.099,258.0495,0.0018268042440882657,0.8214425862506807,0.0,0.0
140,Device,Conv2DBackpropInput,gradient_tape/xception/block12_sepconv3/separable_conv2d/Conv2DBackpropInput,2,516.098,258.049,516.098,258.049,0.0018268007044490797,0.8232693869551297,0.0,0.0
141,Device,Conv2DBackpropInput,gradient_tape/xception/block6_sepconv3/separable_conv2d/Conv2DBackpropInput,2,516.098,258.049,516.098,258.049,0.0018268007044490797,0.8250961876595788,0.0,0.0
142,Device,Conv2DBackpropInput,gradient_tape/xception/block8_sepconv1/separable_conv2d/Conv2DBackpropInput,2,516.098,258.049,516.098,258.049,0.0018268007044490797,0.8269229883640279,0.0,0.0
143,Device,Conv2DBackpropInput,gradient_tape/xception/block10_sepconv2/separable_conv2d/Conv2DBackpropInput,2,515.075,257.5375,515.075,257.5375,0.0018231796535621333,0.82874616801759,0.0,0.0
144,Device,Conv2DBackpropInput,gradient_tape/xception/block9_sepconv1/separable_conv2d/Conv2DBackpropInput,2,515.074,257.537,515.074,257.537,0.0018231761139229474,0.830569344131513,0.0,0.0
145,Device,Conv2DBackpropInput,gradient_tape/xception/block5_sepconv1/separable_conv2d/Conv2DBackpropInput,2,514.05,257.025,514.05,257.025,0.001819551523396815,0.8323888956549098,0.0,0.0
146,Device,Conv2DBackpropInput,gradient_tape/xception/block12_sepconv2/separable_conv2d/Conv2DBackpropInput,2,512.002,256.001,512.002,256.001,0.0018123023423445503,0.8342011979972543,0.0,0.0
147,Device,Conv2DBackpropInput,gradient_tape/xception/block5_sepconv2/separable_conv2d/Conv2DBackpropInput,2,512.002,256.001,512.002,256.001,0.0018123023423445503,0.8360135003395989,0.0,0.0
148,Device,Relu,xception/block1_conv2_act/Relu,2,501.762,250.881,501.762,250.881,0.0017760564370832268,0.8377895567766821,0.0,0.0
149,Device,Conv2DBackpropInput,gradient_tape/xception/block14_sepconv1/separable_conv2d/Conv2DBackpropInput,2,499.713,249.8565,499.713,249.8565,0.0017688037163917766,0.8395583604930739,0.0,0.0
150,Device,Conv2DBackpropFilter,gradient_tape/xception/block14_sepconv1/separable_conv2d/Conv2DBackpropFilter,4,498.69,124.6725,498.69,124.6725,0.0017651826655048298,0.8413235431585787,0.0,0.0
151,Device,DepthwiseConv2dNativeBackpropInput,gradient_tape/xception/block3_sepconv1/separable_conv2d/DepthwiseConv2dNativeBackpropInput,2,488.45,244.225,488.45,244.225,0.001728936760243506,0.8430524799188223,0.0,0.0
152,Device,Conv2D,xception/block14_sepconv1/separable_conv2d,2,487.427,243.7135,487.427,243.7135,0.0017253157093565597,0.8447777956281788,0.0,0.0
153,Device,Conv2DBackpropInput,gradient_tape/xception/conv2d_1/Conv2D/Conv2DBackpropInput,2,484.354,242.177,484.354,242.177,0.0017144383981389769,0.8464922340263178,0.0,0.0
154,Device,MaxPoolGrad,gradient_tape/xception/block4_pool/MaxPool/MaxPoolGrad,2,463.874,231.937,463.874,231.937,0.0016419465876163298,0.8481341806139341,0.0,0.0
155,Device,Conv2DBackpropFilter,gradient_tape/xception/block1_conv1/Conv2D/Conv2DBackpropFilter,2,455.682,227.841,455.682,227.841,0.0016129498634072708,0.8497471304773414,0.0,0.0
156,Device,FusedBatchNormV3,xception/batch_normalization/FusedBatchNormV3,4,452.61,113.1525,452.61,113.1525,0.0016020760918288737,0.8513492065691702,0.0,0.0
157,Device,MaxPoolGrad,gradient_tape/xception/block13_pool/MaxPool/MaxPoolGrad,2,448.514,224.257,448.514,224.257,0.0015875777297243443,0.8529367842988946,0.0,0.0
158,Device,DepthwiseConv2dNativeBackpropFilter,gradient_tape/xception/block14_sepconv1/separable_conv2d/DepthwiseConv2dNativeBackpropFilter,2,440.322,220.161,440.322,220.161,0.0015585810055152853,0.85449536530441,0.0,0.0
159,Device,Conv2DBackpropFilter,gradient_tape/xception/conv2d_3/Conv2D/Conv2DBackpropFilter,4,420.866,105.2165,420.866,105.2165,0.0014897137855187706,0.8559850790899287,0.0,0.0
160,Device,ReluGrad,gradient_tape/xception/block3_sepconv1_act/ReluGrad,2,411.65,205.825,411.65,205.825,0.0014570924707835793,0.8574421715607123,0.0,0.0
161,Device,DepthwiseConv2dNativeBackpropFilter,gradient_tape/xception/block3_sepconv1/separable_conv2d/DepthwiseConv2dNativeBackpropFilter,2,410.626,205.313,410.626,205.313,0.001453467880257447,0.8588956394409698,0.0,0.0
162,Device,ReluGrad,gradient_tape/xception/block1_conv1_act/ReluGrad,2,408.578,204.289,408.578,204.289,0.0014462186992051822,0.8603418581401749,0.0,0.0
163,Device,Conv2DBackpropFilter,gradient_tape/xception/conv2d_2/Conv2D/Conv2DBackpropFilter,2,403.458,201.729,403.458,201.729,0.0014280957465745206,0.8617699538867495,0.0,0.0
164,Device,DepthwiseConv2dNative,xception/block4_sepconv2/separable_conv2d/depthwise,2,403.458,201.729,403.458,201.729,0.0014280957465745206,0.863198049633324,0.0,0.0
165,Device,AddN,SGD/gradients/AddN_10,2,402.434,201.217,402.434,201.217,0.0014244711560483883,0.8646225207893724,0.0,0.0
166,Device,Conv2DBackpropInput,gradient_tape/xception/conv2d_2/Conv2D/Conv2DBackpropInput,2,396.29,198.145,396.29,198.145,0.001402723612891594,0.866025244402264,0.0,0.0
167,Device,Relu,xception/block4_sepconv2_act/Relu,2,396.29,198.145,396.29,198.145,0.001402723612891594,0.8674279680151556,0.0,0.0
168,Device,AddV2,xception/add/add,2,381.954,190.977,381.954,190.977,0.001351979345525741,0.8687799473606814,0.0,0.0
169,Device,FusedBatchNormGradV3,gradient_tape/xception/batch_normalization_1/FusedBatchNormGradV3,2,375.809,187.9045,375.809,187.9045,0.0013302282627297613,0.8701101756234112,0.0,0.0
170,Device,Conv2D,xception/conv2d_1/Conv2D,2,351.234,175.617,351.234,175.617,0.0012432416297417702,0.871353417253153,0.0,0.0
171,Device,MaxPool,xception/block3_pool/MaxPool,2,348.162,174.081,348.162,174.081,0.001232367858163373,0.8725857851113163,0.0,0.0
172,Device,Conv2DBackpropFilter,gradient_tape/xception/conv2d_1/Conv2D/Conv2DBackpropFilter,2,333.825,166.9125,333.825,166.9125,0.0011816200511583345,0.8737674051624746,0.0,0.0
173,Device,Conv2D,xception/conv2d_2/Conv2D,2,328.704,164.352,328.704,164.352,0.001163493558888487,0.8749308987213631,0.0,0.0
174,Device,DepthwiseConv2dNative,xception/block3_sepconv1/separable_conv2d/depthwise,2,278.53,139.265,278.53,139.265,0.0009858957023863727,0.8759167944237495,0.0,0.0
175,Device,Relu,xception/block1_conv1_act/Relu,2,270.338,135.169,270.338,135.169,0.000956898978177314,0.8768736934019268,0.0,0.0
176,Device,MaxPool,xception/block4_pool/MaxPool,2,267.264,133.632,267.264,133.632,0.0009460181273205456,0.8778197115292473,0.0,0.0
177,Device,DepthwiseConv2dNativeBackpropInput,gradient_tape/xception/block4_sepconv1/separable_conv2d/DepthwiseConv2dNativeBackpropInput,2,265.217,132.6085,265.217,132.6085,0.0009387724859074664,0.8787584840151548,0.0,0.0
178,Device,Relu,xception/block3_sepconv1_act/Relu,2,261.12,130.56,261.12,130.56,0.0009242705841637514,0.8796827545993186,0.0,0.0
179,Device,Conv2D,xception/block1_conv1/Conv2D,2,244.738,122.369,244.738,122.369,0.0008662842150240049,0.8805490388143425,0.0,0.0
180,Device,Conv2D,xception/conv2d_3/Conv2D,2,241.666,120.833,241.666,120.833,0.0008554104434456078,0.8814044492577882,0.0,0.0
181,Device,FusedBatchNormV3,xception/batch_normalization_1/FusedBatchNormV3,4,234.496,58.624,234.496,58.624,0.0008300312304843101,0.8822344804882725,0.0,0.0
182,Device,DepthwiseConv2dNativeBackpropFilter,gradient_tape/xception/block4_sepconv1/separable_conv2d/DepthwiseConv2dNativeBackpropFilter,2,223.233,111.6165,223.233,111.6165,0.0007901642743360398,0.8830246447626086,0.0,0.0
183,Device,AddN,SGD/gradients/AddN_9,2,218.113,109.0565,218.113,109.0565,0.0007720413217053779,0.8837966860843139,0.0,0.0
184,Device,ReluGrad,gradient_tape/xception/block4_sepconv1_act/ReluGrad,2,216.065,108.0325,216.065,108.0325,0.0007647921406531132,0.884561478224967,0.0,0.0
185,Device,FusedBatchNormGradV3,gradient_tape/xception/block13_sepconv2_bn/FusedBatchNormGradV3,2,215.041,107.5205,215.041,107.5205,0.0007611675501269808,0.885322645775094,0.0,0.0
186,Device,AddV2,xception/add_1/add,2,202.752,101.376,202.752,101.376,0.000717668924174207,0.8860403146992682,0.0,0.0
187,Device,DepthwiseConv2dNativeBackpropInput,gradient_tape/xception/block10_sepconv2/separable_conv2d/DepthwiseConv2dNativeBackpropInput,2,199.681,99.8405,199.681,99.8405,0.0007067986922349956,0.8867471133915032,0.0,0.0
188,Device,DepthwiseConv2dNativeBackpropInput,gradient_tape/xception/block10_sepconv1/separable_conv2d/DepthwiseConv2dNativeBackpropInput,2,198.657,99.3285,198.657,99.3285,0.0007031741017088632,0.8874502874932121,0.0,0.0
189,Device,DepthwiseConv2dNativeBackpropInput,gradient_tape/xception/block10_sepconv3/separable_conv2d/DepthwiseConv2dNativeBackpropInput,2,198.657,99.3285,198.657,99.3285,0.0007031741017088632,0.8881534615949209,0.0,0.0
190,Device,DepthwiseConv2dNativeBackpropInput,gradient_tape/xception/block5_sepconv2/separable_conv2d/DepthwiseConv2dNativeBackpropInput,2,198.657,99.3285,198.657,99.3285,0.0007031741017088632,0.8888566356966298,0.0,0.0
191,Device,DepthwiseConv2dNativeBackpropInput,gradient_tape/xception/block6_sepconv1/separable_conv2d/DepthwiseConv2dNativeBackpropInput,2,198.657,99.3285,198.657,99.3285,0.0007031741017088632,0.8895598097983386,0.0,0.0
192,Device,DepthwiseConv2dNativeBackpropInput,gradient_tape/xception/block7_sepconv3/separable_conv2d/DepthwiseConv2dNativeBackpropInput,2,198.657,99.3285,198.657,99.3285,0.0007031741017088632,0.8902629839000474,0.0,0.0
193,Device,DepthwiseConv2dNativeBackpropInput,gradient_tape/xception/block11_sepconv2/separable_conv2d/DepthwiseConv2dNativeBackpropInput,2,197.633,98.8165,197.633,98.8165,0.0006995495111827308,0.8909625334112302,0.0,0.0
194,Device,DepthwiseConv2dNativeBackpropInput,gradient_tape/xception/block12_sepconv1/separable_conv2d/DepthwiseConv2dNativeBackpropInput,2,197.633,98.8165,197.633,98.8165,0.0006995495111827308,0.891662082922413,0.0,0.0
195,Device,DepthwiseConv2dNativeBackpropInput,gradient_tape/xception/block13_sepconv1/separable_conv2d/DepthwiseConv2dNativeBackpropInput,2,197.633,98.8165,197.633,98.8165,0.0006995495111827308,0.8923616324335958,0.0,0.0
196,Device,DepthwiseConv2dNativeBackpropInput,gradient_tape/xception/block13_sepconv2/separable_conv2d/DepthwiseConv2dNativeBackpropInput,2,197.633,98.8165,197.633,98.8165,0.0006995495111827308,0.8930611819447786,0.0,0.0
197,Device,DepthwiseConv2dNativeBackpropInput,gradient_tape/xception/block5_sepconv1/separable_conv2d/DepthwiseConv2dNativeBackpropInput,2,197.633,98.8165,197.633,98.8165,0.0006995495111827308,0.8937607314559614,0.0,0.0
198,Device,DepthwiseConv2dNativeBackpropInput,gradient_tape/xception/block6_sepconv3/separable_conv2d/DepthwiseConv2dNativeBackpropInput,2,197.633,98.8165,197.633,98.8165,0.0006995495111827308,0.8944602809671441,0.0,0.0
199,Device,DepthwiseConv2dNativeBackpropInput,gradient_tape/xception/block7_sepconv2/separable_conv2d/DepthwiseConv2dNativeBackpropInput,2,197.633,98.8165,197.633,98.8165,0.0006995495111827308,0.8951598304783269,0.0,0.0
200,Device,DepthwiseConv2dNativeBackpropInput,gradient_tape/xception/block9_sepconv2/separable_conv2d/DepthwiseConv2dNativeBackpropInput,2,197.633,98.8165,197.633,98.8165,0.0006995495111827308,0.8958593799895097,0.0,0.0
201,Device,DepthwiseConv2dNativeBackpropInput,gradient_tape/xception/block9_sepconv3/separable_conv2d/DepthwiseConv2dNativeBackpropInput,2,197.633,98.8165,197.633,98.8165,0.0006995495111827308,0.8965589295006925,0.0,0.0
202,Device,DepthwiseConv2dNativeBackpropInput,gradient_tape/xception/block8_sepconv2/separable_conv2d/DepthwiseConv2dNativeBackpropInput,2,197.632,98.816,197.632,98.816,0.0006995459715435451,0.897258475472236,0.0,0.0
203,Device,DepthwiseConv2dNativeBackpropInput,gradient_tape/xception/block8_sepconv3/separable_conv2d/DepthwiseConv2dNativeBackpropInput,2,197.632,98.816,197.632,98.816,0.0006995459715435451,0.8979580214437796,0.0,0.0
204,Device,DepthwiseConv2dNativeBackpropInput,gradient_tape/xception/block11_sepconv1/separable_conv2d/DepthwiseConv2dNativeBackpropInput,2,196.609,98.3045,196.609,98.3045,0.0006959249206565985,0.8986539463644362,0.0,0.0
205,Device,DepthwiseConv2dNativeBackpropInput,gradient_tape/xception/block11_sepconv3/separable_conv2d/DepthwiseConv2dNativeBackpropInput,2,196.609,98.3045,196.609,98.3045,0.0006959249206565985,0.8993498712850928,0.0,0.0
206,Device,DepthwiseConv2dNativeBackpropInput,gradient_tape/xception/block12_sepconv2/separable_conv2d/DepthwiseConv2dNativeBackpropInput,2,196.609,98.3045,196.609,98.3045,0.0006959249206565985,0.9000457962057494,0.0,0.0
207,Device,DepthwiseConv2dNativeBackpropInput,gradient_tape/xception/block12_sepconv3/separable_conv2d/DepthwiseConv2dNativeBackpropInput,2,196.609,98.3045,196.609,98.3045,0.0006959249206565985,0.900741721126406,0.0,0.0
208,Device,DepthwiseConv2dNativeBackpropInput,gradient_tape/xception/block5_sepconv3/separable_conv2d/DepthwiseConv2dNativeBackpropInput,2,196.609,98.3045,196.609,98.3045,0.0006959249206565985,0.9014376460470627,0.0,0.0
209,Device,DepthwiseConv2dNativeBackpropInput,gradient_tape/xception/block7_sepconv1/separable_conv2d/DepthwiseConv2dNativeBackpropInput,2,196.609,98.3045,196.609,98.3045,0.0006959249206565985,0.9021335709677193,0.0,0.0
210,Device,DepthwiseConv2dNativeBackpropInput,gradient_tape/xception/block9_sepconv1/separable_conv2d/DepthwiseConv2dNativeBackpropInput,2,196.609,98.3045,196.609,98.3045,0.0006959249206565985,0.9028294958883759,0.0,0.0
211,Device,DepthwiseConv2dNativeBackpropInput,gradient_tape/xception/block6_sepconv2/separable_conv2d/DepthwiseConv2dNativeBackpropInput,2,195.585,97.7925,195.585,97.7925,0.0006923003301304661,0.9035217962185064,0.0,0.0
212,Device,DepthwiseConv2dNativeBackpropInput,gradient_tape/xception/block8_sepconv1/separable_conv2d/DepthwiseConv2dNativeBackpropInput,2,195.584,97.792,195.584,97.792,0.0006922967904912804,0.9042140930089977,0.0,0.0
213,Device,ResourceApplyGradientDescent,SGD/SGD/update_151/ResourceApplyGradientDescent,2,160.769,80.3845,160.769,80.3845,0.0005690642522419659,0.9047831572612397,0.0,0.0
214,Device,ReluGrad,gradient_tape/xception/block12_sepconv3_act/ReluGrad,2,158.721,79.3605,158.721,79.3605,0.0005618150711897012,0.9053449723324294,0.0,0.0
215,Device,FusedBatchNormGradV3,gradient_tape/xception/block6_sepconv2_bn/FusedBatchNormGradV3,2,158.721,79.3605,158.721,79.3605,0.0005618150711897012,0.9059067874036191,0.0,0.0
216,Device,ReluGrad,gradient_tape/xception/block7_sepconv2_act/ReluGrad,2,158.721,79.3605,158.721,79.3605,0.0005618150711897012,0.9064686024748088,0.0,0.0
217,Device,FusedBatchNormGradV3,gradient_tape/xception/batch_normalization_2/FusedBatchNormGradV3,2,158.72,79.36,158.72,79.36,0.0005618115315505156,0.9070304140063593,0.0,0.0
218,Device,FusedBatchNormGradV3,gradient_tape/xception/block10_sepconv1_bn/FusedBatchNormGradV3,2,157.697,78.8485,157.697,78.8485,0.0005581904806635688,0.9075886044870228,0.0,0.0
219,Device,ReluGrad,gradient_tape/xception/block10_sepconv2_act/ReluGrad,2,157.697,78.8485,157.697,78.8485,0.0005581904806635688,0.9081467949676864,0.0,0.0
220,Device,FusedBatchNormGradV3,gradient_tape/xception/block10_sepconv2_bn/FusedBatchNormGradV3,2,157.697,78.8485,157.697,78.8485,0.0005581904806635688,0.9087049854483499,0.0,0.0
221,Device,ReluGrad,gradient_tape/xception/block10_sepconv3_act/ReluGrad,2,157.697,78.8485,157.697,78.8485,0.0005581904806635688,0.9092631759290134,0.0,0.0
222,Device,FusedBatchNormGradV3,gradient_tape/xception/block12_sepconv1_bn/FusedBatchNormGradV3,2,157.697,78.8485,157.697,78.8485,0.0005581904806635688,0.9098213664096769,0.0,0.0
223,Device,FusedBatchNormGradV3,gradient_tape/xception/block5_sepconv1_bn/FusedBatchNormGradV3,2,157.697,78.8485,157.697,78.8485,0.0005581904806635688,0.9103795568903404,0.0,0.0
224,Device,FusedBatchNormGradV3,gradient_tape/xception/block5_sepconv2_bn/FusedBatchNormGradV3,2,157.697,78.8485,157.697,78.8485,0.0005581904806635688,0.910937747371004,0.0,0.0
225,Device,FusedBatchNormGradV3,gradient_tape/xception/block6_sepconv1_bn/FusedBatchNormGradV3,2,157.697,78.8485,157.697,78.8485,0.0005581904806635688,0.9114959378516675,0.0,0.0
226,Device,FusedBatchNormGradV3,gradient_tape/xception/block7_sepconv2_bn/FusedBatchNormGradV3,2,157.697,78.8485,157.697,78.8485,0.0005581904806635688,0.912054128332331,0.0,0.0
227,Device,FusedBatchNormGradV3,gradient_tape/xception/block11_sepconv2_bn/FusedBatchNormGradV3,2,157.696,78.848,157.696,78.848,0.0005581869410243832,0.9126123152733554,0.0,0.0
228,Device,FusedBatchNormGradV3,gradient_tape/xception/block6_sepconv3_bn/FusedBatchNormGradV3,2,157.696,78.848,157.696,78.848,0.0005581869410243832,0.9131705022143798,0.0,0.0
229,Device,ReluGrad,gradient_tape/xception/block8_sepconv2_act/ReluGrad,2,157.696,78.848,157.696,78.848,0.0005581869410243832,0.9137286891554042,0.0,0.0
230,Device,FusedBatchNormGradV3,gradient_tape/xception/block9_sepconv1_bn/FusedBatchNormGradV3,2,157.696,78.848,157.696,78.848,0.0005581869410243832,0.9142868760964286,0.0,0.0
231,Device,AddN,SGD/gradients/AddN_5,2,156.673,78.3365,156.673,78.3365,0.0005545658901374364,0.914841441986566,0.0,0.0
232,Device,ReluGrad,gradient_tape/xception/block11_sepconv3_act/ReluGrad,2,156.673,78.3365,156.673,78.3365,0.0005545658901374364,0.9153960078767035,0.0,0.0
233,Device,ReluGrad,gradient_tape/xception/block5_sepconv2_act/ReluGrad,2,156.673,78.3365,156.673,78.3365,0.0005545658901374364,0.915950573766841,0.0,0.0
234,Device,ReluGrad,gradient_tape/xception/block5_sepconv3_act/ReluGrad,2,156.673,78.3365,156.673,78.3365,0.0005545658901374364,0.9165051396569784,0.0,0.0
235,Device,FusedBatchNormGradV3,gradient_tape/xception/block5_sepconv3_bn/FusedBatchNormGradV3,2,156.673,78.3365,156.673,78.3365,0.0005545658901374364,0.9170597055471159,0.0,0.0
236,Device,FusedBatchNormGradV3,gradient_tape/xception/block7_sepconv1_bn/FusedBatchNormGradV3,2,156.673,78.3365,156.673,78.3365,0.0005545658901374364,0.9176142714372534,0.0,0.0
237,Device,FusedBatchNormGradV3,gradient_tape/xception/block8_sepconv1_bn/FusedBatchNormGradV3,2,156.673,78.3365,156.673,78.3365,0.0005545658901374364,0.9181688373273909,0.0,0.0
238,Device,FusedBatchNormGradV3,gradient_tape/xception/block8_sepconv3_bn/FusedBatchNormGradV3,2,156.673,78.3365,156.673,78.3365,0.0005545658901374364,0.9187234032175283,0.0,0.0
239,Device,AddN,SGD/gradients/AddN_4,2,156.672,78.336,156.672,78.336,0.0005545623504982508,0.9192779655680265,0.0,0.0
240,Device,AddN,SGD/gradients/AddN_6,2,156.672,78.336,156.672,78.336,0.0005545623504982508,0.9198325279185248,0.0,0.0
241,Device,ReluGrad,gradient_tape/xception/block11_sepconv1_act/ReluGrad,2,156.672,78.336,156.672,78.336,0.0005545623504982508,0.920387090269023,0.0,0.0
242,Device,FusedBatchNormGradV3,gradient_tape/xception/block11_sepconv1_bn/FusedBatchNormGradV3,2,156.672,78.336,156.672,78.336,0.0005545623504982508,0.9209416526195212,0.0,0.0
243,Device,ReluGrad,gradient_tape/xception/block6_sepconv3_act/ReluGrad,2,156.672,78.336,156.672,78.336,0.0005545623504982508,0.9214962149700194,0.0,0.0
244,Device,ReluGrad,gradient_tape/xception/block8_sepconv3_act/ReluGrad,2,156.672,78.336,156.672,78.336,0.0005545623504982508,0.9220507773205177,0.0,0.0
245,Device,AddN,SGD/gradients/AddN_1,2,155.649,77.8245,155.649,77.8245,0.0005509412996113042,0.922601718620129,0.0,0.0
246,Device,AddN,SGD/gradients/AddN_3,2,155.649,77.8245,155.649,77.8245,0.0005509412996113042,0.9231526599197403,0.0,0.0
247,Device,AddN,SGD/gradients/AddN_7,2,155.649,77.8245,155.649,77.8245,0.0005509412996113042,0.9237036012193516,0.0,0.0
248,Device,ReluGrad,gradient_tape/xception/block10_sepconv1_act/ReluGrad,2,155.649,77.8245,155.649,77.8245,0.0005509412996113042,0.9242545425189629,0.0,0.0
249,Device,FusedBatchNormGradV3,gradient_tape/xception/block10_sepconv3_bn/FusedBatchNormGradV3,2,155.649,77.8245,155.649,77.8245,0.0005509412996113042,0.9248054838185742,0.0,0.0
250,Device,ReluGrad,gradient_tape/xception/block12_sepconv1_act/ReluGrad,2,155.649,77.8245,155.649,77.8245,0.0005509412996113042,0.9253564251181855,0.0,0.0
251,Device,FusedBatchNormGradV3,gradient_tape/xception/block12_sepconv2_bn/FusedBatchNormGradV3,2,155.649,77.8245,155.649,77.8245,0.0005509412996113042,0.9259073664177968,0.0,0.0
252,Device,FusedBatchNormGradV3,gradient_tape/xception/block13_sepconv1_bn/FusedBatchNormGradV3,2,155.649,77.8245,155.649,77.8245,0.0005509412996113042,0.9264583077174081,0.0,0.0
253,Device,ReluGrad,gradient_tape/xception/block7_sepconv1_act/ReluGrad,2,155.649,77.8245,155.649,77.8245,0.0005509412996113042,0.9270092490170194,0.0,0.0
254,Device,ReluGrad,gradient_tape/xception/block7_sepconv3_act/ReluGrad,2,155.649,77.8245,155.649,77.8245,0.0005509412996113042,0.9275601903166307,0.0,0.0
255,Device,FusedBatchNormGradV3,gradient_tape/xception/block8_sepconv2_bn/FusedBatchNormGradV3,2,155.649,77.8245,155.649,77.8245,0.0005509412996113042,0.928111131616242,0.0,0.0
256,Device,ReluGrad,gradient_tape/xception/block9_sepconv1_act/ReluGrad,2,155.649,77.8245,155.649,77.8245,0.0005509412996113042,0.9286620729158533,0.0,0.0
257,Device,ReluGrad,gradient_tape/xception/block11_sepconv2_act/ReluGrad,2,155.648,77.824,155.648,77.824,0.0005509377599721185,0.9292130106758255,0.0,0.0
258,Device,FusedBatchNormGradV3,gradient_tape/xception/block11_sepconv3_bn/FusedBatchNormGradV3,2,155.648,77.824,155.648,77.824,0.0005509377599721185,0.9297639484357977,0.0,0.0
259,Device,ReluGrad,gradient_tape/xception/block13_sepconv2_act/ReluGrad,2,155.648,77.824,155.648,77.824,0.0005509377599721185,0.9303148861957699,0.0,0.0
260,Device,ReluGrad,gradient_tape/xception/block6_sepconv1_act/ReluGrad,2,155.648,77.824,155.648,77.824,0.0005509377599721185,0.930865823955742,0.0,0.0
261,Device,FusedBatchNormGradV3,gradient_tape/xception/block9_sepconv2_bn/FusedBatchNormGradV3,2,155.648,77.824,155.648,77.824,0.0005509377599721185,0.9314167617157142,0.0,0.0
262,Device,AddN,SGD/gradients/AddN,2,154.625,77.3125,154.625,77.3125,0.0005473167090851718,0.9319640784247993,0.0,0.0
263,Device,AddN,SGD/gradients/AddN_2,2,154.625,77.3125,154.625,77.3125,0.0005473167090851718,0.9325113951338845,0.0,0.0
264,Device,AddN,SGD/gradients/AddN_8,2,154.625,77.3125,154.625,77.3125,0.0005473167090851718,0.9330587118429696,0.0,0.0
265,Device,FusedBatchNormGradV3,gradient_tape/xception/block12_sepconv3_bn/FusedBatchNormGradV3,2,154.625,77.3125,154.625,77.3125,0.0005473167090851718,0.9336060285520548,0.0,0.0
266,Device,ReluGrad,gradient_tape/xception/block5_sepconv1_act/ReluGrad,2,154.625,77.3125,154.625,77.3125,0.0005473167090851718,0.9341533452611399,0.0,0.0
267,Device,FusedBatchNormGradV3,gradient_tape/xception/block7_sepconv3_bn/FusedBatchNormGradV3,2,154.625,77.3125,154.625,77.3125,0.0005473167090851718,0.934700661970225,0.0,0.0
268,Device,ReluGrad,gradient_tape/xception/block13_sepconv1_act/ReluGrad,2,154.624,77.312,154.624,77.312,0.0005473131694459861,0.9352479751396711,0.0,0.0
269,Device,ReluGrad,gradient_tape/xception/block6_sepconv2_act/ReluGrad,2,154.624,77.312,154.624,77.312,0.0005473131694459861,0.9357952883091171,0.0,0.0
270,Device,FusedBatchNormGradV3,gradient_tape/xception/block9_sepconv3_bn/FusedBatchNormGradV3,2,154.624,77.312,154.624,77.312,0.0005473131694459861,0.9363426014785631,0.0,0.0
271,Device,AddV2,xception/add_9/add,2,153.602,76.801,153.602,76.801,0.000543695658198225,0.9368862971367613,0.0,0.0
272,Device,ReluGrad,gradient_tape/xception/block12_sepconv2_act/ReluGrad,2,153.601,76.8005,153.601,76.8005,0.0005436921185590395,0.9374299892553204,0.0,0.0
273,Device,ReluGrad,gradient_tape/xception/block8_sepconv1_act/ReluGrad,2,153.601,76.8005,153.601,76.8005,0.0005436921185590395,0.9379736813738795,0.0,0.0
274,Device,ReluGrad,gradient_tape/xception/block9_sepconv2_act/ReluGrad,2,152.577,76.2885,152.577,76.2885,0.0005400675280329071,0.9385137489019124,0.0,0.0
275,Device,AddV2,xception/add_7/add,2,152.576,76.288,152.576,76.288,0.0005400639883937214,0.9390538128903061,0.0,0.0
276,Device,FusedBatchNormV3,xception/block13_sepconv2_bn/FusedBatchNormV3,4,152.576,38.144,152.576,38.144,0.0005400639883937214,0.9395938768786998,0.0,0.0
277,Device,AddV2,xception/add_3/add,2,151.554,75.777,151.554,75.777,0.0005364464771459604,0.9401303233558458,0.0,0.0
278,Device,AddV2,xception/add_4/add,2,151.553,75.7765,151.553,75.7765,0.0005364429375067747,0.9406667662933526,0.0,0.0
279,Device,AddV2,xception/add_8/add,2,151.553,75.7765,151.553,75.7765,0.0005364429375067747,0.9412032092308593,0.0,0.0
280,Device,AddV2,xception/add_5/add,2,151.552,75.776,151.552,75.776,0.000536439397867589,0.9417396486287269,0.0,0.0
281,Device,AddV2,xception/add_6/add,2,151.552,75.776,151.552,75.776,0.000536439397867589,0.9422760880265946,0.0,0.0
282,Device,AddV2,xception/add_10/add,2,150.528,75.264,150.528,75.264,0.0005328148073414567,0.942808902833936,0.0,0.0
283,Device,ReluGrad,gradient_tape/xception/block9_sepconv3_act/ReluGrad,2,149.505,74.7525,149.505,74.7525,0.00052919375645451,0.9433380965903906,0.0,0.0
284,Device,DepthwiseConv2dNative,xception/block4_sepconv1/separable_conv2d/depthwise,2,145.409,72.7045,145.409,72.7045,0.0005146953943499805,0.9438527919847406,0.0,0.0
285,Device,AddV2,xception/add_2/add,2,143.361,71.6805,143.361,71.6805,0.0005074462132977158,0.9443602381980383,0.0,0.0
286,Device,Relu,xception/block4_sepconv1_act/Relu,2,142.338,71.169,142.338,71.169,0.0005038251624107691,0.944864063360449,0.0,0.0
287,Device,SoftmaxCrossEntropyWithLogits,categorical_crossentropy/softmax_cross_entropy_with_logits,2,128.001,64.0005,128.001,64.0005,0.0004530773554057305,0.9453171407158548,0.0,0.0
288,Device,DepthwiseConv2dNativeBackpropFilter,gradient_tape/xception/block11_sepconv2/separable_conv2d/DepthwiseConv2dNativeBackpropFilter,2,125.953,62.9765,125.953,62.9765,0.00044582817435346575,0.9457629688902083,0.0,0.0
289,Device,DepthwiseConv2dNativeBackpropFilter,gradient_tape/xception/block9_sepconv1/separable_conv2d/DepthwiseConv2dNativeBackpropFilter,2,125.953,62.9765,125.953,62.9765,0.00044582817435346575,0.9462087970645617,0.0,0.0
290,Device,DepthwiseConv2dNativeBackpropFilter,gradient_tape/xception/block12_sepconv1/separable_conv2d/DepthwiseConv2dNativeBackpropFilter,2,125.952,62.976,125.952,62.976,0.00044582463471428004,0.946654621699276,0.0,0.0
291,Device,DepthwiseConv2dNativeBackpropFilter,gradient_tape/xception/block6_sepconv3/separable_conv2d/DepthwiseConv2dNativeBackpropFilter,2,124.929,62.4645,124.929,62.4645,0.0004422035838273334,0.9470968252831033,0.0,0.0
292,Device,DepthwiseConv2dNativeBackpropFilter,gradient_tape/xception/block10_sepconv3/separable_conv2d/DepthwiseConv2dNativeBackpropFilter,2,124.928,62.464,124.928,62.464,0.0004422000441881477,0.9475390253272915,0.0,0.0
293,Device,Transpose,gradient_tape/xception/block1_conv1/Conv2D/Conv2DBackpropFilter-0-TransposeNHWCToNCHW-LayoutOptimizer,2,124.928,62.464,124.928,62.464,0.0004422000441881477,0.9479812253714797,0.0,0.0
294,Device,DepthwiseConv2dNativeBackpropFilter,gradient_tape/xception/block7_sepconv3/separable_conv2d/DepthwiseConv2dNativeBackpropFilter,2,124.928,62.464,124.928,62.464,0.0004422000441881477,0.9484234254156678,0.0,0.0
295,Device,DepthwiseConv2dNativeBackpropFilter,gradient_tape/xception/block6_sepconv1/separable_conv2d/DepthwiseConv2dNativeBackpropFilter,2,123.905,61.9525,123.905,61.9525,0.000438578993301201,0.9488620044089691,0.0,0.0
296,Device,DepthwiseConv2dNativeBackpropFilter,gradient_tape/xception/block8_sepconv1/separable_conv2d/DepthwiseConv2dNativeBackpropFilter,2,123.905,61.9525,123.905,61.9525,0.000438578993301201,0.9493005834022703,0.0,0.0
297,Device,DepthwiseConv2dNativeBackpropFilter,gradient_tape/xception/block9_sepconv2/separable_conv2d/DepthwiseConv2dNativeBackpropFilter,2,123.905,61.9525,123.905,61.9525,0.000438578993301201,0.9497391623955715,0.0,0.0
298,Device,DepthwiseConv2dNativeBackpropFilter,gradient_tape/xception/block9_sepconv3/separable_conv2d/DepthwiseConv2dNativeBackpropFilter,2,123.905,61.9525,123.905,61.9525,0.000438578993301201,0.9501777413888728,0.0,0.0
299,Device,DepthwiseConv2dNativeBackpropFilter,gradient_tape/xception/block10_sepconv1/separable_conv2d/DepthwiseConv2dNativeBackpropFilter,2,123.904,61.952,123.904,61.952,0.0004385754536620153,0.9506163168425348,0.0,0.0
300,Device,DepthwiseConv2dNativeBackpropFilter,gradient_tape/xception/block10_sepconv2/separable_conv2d/DepthwiseConv2dNativeBackpropFilter,2,123.904,61.952,123.904,61.952,0.0004385754536620153,0.9510548922961968,0.0,0.0
301,Device,DepthwiseConv2dNativeBackpropFilter,gradient_tape/xception/block5_sepconv1/separable_conv2d/DepthwiseConv2dNativeBackpropFilter,2,123.904,61.952,123.904,61.952,0.0004385754536620153,0.9514934677498588,0.0,0.0
302,Device,DepthwiseConv2dNativeBackpropFilter,gradient_tape/xception/block5_sepconv2/separable_conv2d/DepthwiseConv2dNativeBackpropFilter,2,123.904,61.952,123.904,61.952,0.0004385754536620153,0.9519320432035208,0.0,0.0
303,Device,DepthwiseConv2dNativeBackpropFilter,gradient_tape/xception/block7_sepconv2/separable_conv2d/DepthwiseConv2dNativeBackpropFilter,2,123.904,61.952,123.904,61.952,0.0004385754536620153,0.9523706186571828,0.0,0.0
304,Device,DepthwiseConv2dNativeBackpropFilter,gradient_tape/xception/block11_sepconv1/separable_conv2d/DepthwiseConv2dNativeBackpropFilter,2,122.881,61.4405,122.881,61.4405,0.00043495440277506865,0.9528055730599578,0.0,0.0
305,Device,DepthwiseConv2dNativeBackpropFilter,gradient_tape/xception/block11_sepconv3/separable_conv2d/DepthwiseConv2dNativeBackpropFilter,2,122.881,61.4405,122.881,61.4405,0.00043495440277506865,0.9532405274627329,0.0,0.0
306,Device,DepthwiseConv2dNativeBackpropFilter,gradient_tape/xception/block13_sepconv1/separable_conv2d/DepthwiseConv2dNativeBackpropFilter,2,122.881,61.4405,122.881,61.4405,0.00043495440277506865,0.953675481865508,0.0,0.0
307,Device,DepthwiseConv2dNativeBackpropFilter,gradient_tape/xception/block13_sepconv2/separable_conv2d/DepthwiseConv2dNativeBackpropFilter,2,122.881,61.4405,122.881,61.4405,0.00043495440277506865,0.9541104362682831,0.0,0.0
308,Device,DepthwiseConv2dNativeBackpropFilter,gradient_tape/xception/block6_sepconv2/separable_conv2d/DepthwiseConv2dNativeBackpropFilter,2,122.881,61.4405,122.881,61.4405,0.00043495440277506865,0.9545453906710581,0.0,0.0
309,Device,DepthwiseConv2dNativeBackpropFilter,gradient_tape/xception/block8_sepconv2/separable_conv2d/DepthwiseConv2dNativeBackpropFilter,2,122.881,61.4405,122.881,61.4405,0.00043495440277506865,0.9549803450738332,0.0,0.0
310,Device,DepthwiseConv2dNativeBackpropFilter,gradient_tape/xception/block8_sepconv3/separable_conv2d/DepthwiseConv2dNativeBackpropFilter,2,122.881,61.4405,122.881,61.4405,0.00043495440277506865,0.9554152994766083,0.0,0.0
311,Device,DepthwiseConv2dNativeBackpropFilter,gradient_tape/xception/block12_sepconv3/separable_conv2d/DepthwiseConv2dNativeBackpropFilter,2,122.88,61.44,122.88,61.44,0.000434950863135883,0.9558502503397441,0.0,0.0
312,Device,DepthwiseConv2dNativeBackpropFilter,gradient_tape/xception/block12_sepconv2/separable_conv2d/DepthwiseConv2dNativeBackpropFilter,2,121.856,60.928,121.856,60.928,0.00043132627260975063,0.9562815766123539,0.0,0.0
313,Device,DepthwiseConv2dNativeBackpropFilter,gradient_tape/xception/block5_sepconv3/separable_conv2d/DepthwiseConv2dNativeBackpropFilter,2,121.856,60.928,121.856,60.928,0.00043132627260975063,0.9567129028849637,0.0,0.0
314,Device,DepthwiseConv2dNativeBackpropFilter,gradient_tape/xception/block7_sepconv1/separable_conv2d/DepthwiseConv2dNativeBackpropFilter,2,121.856,60.928,121.856,60.928,0.00043132627260975063,0.9571442291575735,0.0,0.0
315,Device,FusedBatchNormV3,xception/block5_sepconv3_bn/FusedBatchNormV3,4,119.808,29.952,119.808,29.952,0.00042407709155748596,0.9575683062491309,0.0,0.0
316,Device,FusedBatchNormV3,xception/block6_sepconv1_bn/FusedBatchNormV3,4,118.786,29.6965,118.786,29.6965,0.0004204595803097249,0.9579887658294406,0.0,0.0
317,Device,FusedBatchNormV3,xception/block5_sepconv2_bn/FusedBatchNormV3,4,118.785,29.69625,118.785,29.69625,0.00042045604067053924,0.9584092218701111,0.0,0.0
318,Device,FusedBatchNormV3,xception/block12_sepconv3_bn/FusedBatchNormV3,4,116.737,29.18425,116.737,29.18425,0.0004132068596182745,0.9588224287297294,0.0,0.0
319,Device,FusedBatchNormV3,xception/batch_normalization_2/FusedBatchNormV3,4,116.736,29.184,116.736,29.184,0.00041320331997908886,0.9592356320497085,0.0,0.0
320,Device,FusedBatchNormV3,xception/block9_sepconv1_bn/FusedBatchNormV3,4,116.736,29.184,116.736,29.184,0.00041320331997908886,0.9596488353696876,0.0,0.0
321,Device,FusedBatchNormV3,xception/block12_sepconv1_bn/FusedBatchNormV3,4,115.714,28.9285,115.714,28.9285,0.00040958580873132785,0.9600584211784189,0.0,0.0
322,Device,FusedBatchNormV3,xception/block12_sepconv2_bn/FusedBatchNormV3,4,115.714,28.9285,115.714,28.9285,0.00040958580873132785,0.9604680069871502,0.0,0.0
323,Device,FusedBatchNormV3,xception/block7_sepconv3_bn/FusedBatchNormV3,4,115.714,28.9285,115.714,28.9285,0.00040958580873132785,0.9608775927958815,0.0,0.0
324,Device,FusedBatchNormV3,xception/block5_sepconv1_bn/FusedBatchNormV3,4,115.713,28.92825,115.713,28.92825,0.00040958226909214215,0.9612871750649736,0.0,0.0
325,Device,FusedBatchNormV3,xception/block7_sepconv1_bn/FusedBatchNormV3,4,115.713,28.92825,115.713,28.92825,0.00040958226909214215,0.9616967573340658,0.0,0.0
326,Device,FusedBatchNormV3,xception/block7_sepconv2_bn/FusedBatchNormV3,4,115.713,28.92825,115.713,28.92825,0.00040958226909214215,0.962106339603158,0.0,0.0
327,Device,FusedBatchNormV3,xception/block10_sepconv1_bn/FusedBatchNormV3,4,115.712,28.928,115.712,28.928,0.0004095787294529565,0.9625159183326109,0.0,0.0
328,Device,FusedBatchNormV3,xception/block10_sepconv2_bn/FusedBatchNormV3,4,115.712,28.928,115.712,28.928,0.0004095787294529565,0.9629254970620638,0.0,0.0
329,Device,FusedBatchNormV3,xception/block10_sepconv3_bn/FusedBatchNormV3,4,115.712,28.928,115.712,28.928,0.0004095787294529565,0.9633350757915167,0.0,0.0
330,Device,FusedBatchNormV3,xception/block8_sepconv2_bn/FusedBatchNormV3,4,115.712,28.928,115.712,28.928,0.0004095787294529565,0.9637446545209696,0.0,0.0
331,Device,FusedBatchNormV3,xception/block8_sepconv3_bn/FusedBatchNormV3,4,115.712,28.928,115.712,28.928,0.0004095787294529565,0.9641542332504225,0.0,0.0
332,Device,FusedBatchNormV3,xception/block9_sepconv3_bn/FusedBatchNormV3,4,115.712,28.928,115.712,28.928,0.0004095787294529565,0.9645638119798754,0.0,0.0
333,Device,FusedBatchNormV3,xception/block11_sepconv3_bn/FusedBatchNormV3,4,114.688,28.672,114.688,28.672,0.00040595413892682413,0.9649697661188023,0.0,0.0
334,Device,FusedBatchNormV3,xception/block8_sepconv1_bn/FusedBatchNormV3,4,114.688,28.672,114.688,28.672,0.00040595413892682413,0.9653757202577291,0.0,0.0
335,Device,FusedBatchNormV3,xception/block6_sepconv2_bn/FusedBatchNormV3,4,113.666,28.4165,113.666,28.4165,0.0004023366276790631,0.9657780568854082,0.0,0.0
336,Device,FusedBatchNormV3,xception/block11_sepconv2_bn/FusedBatchNormV3,4,113.665,28.41625,113.665,28.41625,0.00040233308803987747,0.966180389973448,0.0,0.0
337,Device,FusedBatchNormV3,xception/block6_sepconv3_bn/FusedBatchNormV3,4,113.665,28.41625,113.665,28.41625,0.00040233308803987747,0.9665827230614878,0.0,0.0
338,Device,FusedBatchNormV3,xception/block13_sepconv1_bn/FusedBatchNormV3,4,112.641,28.16025,112.641,28.16025,0.0003987084975137451,0.9669814315590016,0.0,0.0
339,Device,FusedBatchNormV3,xception/block9_sepconv2_bn/FusedBatchNormV3,4,112.64,28.16,112.64,28.16,0.0003987049578745594,0.9673801365168762,0.0,0.0
340,Device,FusedBatchNormV3,xception/block11_sepconv1_bn/FusedBatchNormV3,4,111.617,27.90425,111.617,27.90425,0.00039508390698761274,0.9677752204238638,0.0,0.0
341,Device,FusedBatchNormGradV3,gradient_tape/xception/block14_sepconv2_bn/FusedBatchNormGradV3,2,111.616,55.808,111.616,55.808,0.00039508036734842703,0.9681703007912122,0.0,0.0
342,Device,ReluGrad,gradient_tape/xception/block14_sepconv2_act/ReluGrad,2,110.593,55.2965,110.593,55.2965,0.0003914593164614804,0.9685617601076737,0.0,0.0
343,Device,DepthwiseConv2dNative,xception/block10_sepconv3/separable_conv2d/depthwise,2,110.593,55.2965,110.593,55.2965,0.0003914593164614804,0.9689532194241351,0.0,0.0
344,Device,DepthwiseConv2dNative,xception/block13_sepconv2/separable_conv2d/depthwise,2,110.592,55.296,110.592,55.296,0.00039145577682229467,0.9693446752009575,0.0,0.0
345,Device,DepthwiseConv2dNative,xception/block5_sepconv1/separable_conv2d/depthwise,2,110.592,55.296,110.592,55.296,0.00039145577682229467,0.9697361309777798,0.0,0.0
346,Device,DepthwiseConv2dNative,xception/block8_sepconv1/separable_conv2d/depthwise,2,109.569,54.7845,109.569,54.7845,0.000387834725935348,0.9701239657037152,0.0,0.0
347,Device,DepthwiseConv2dNative,xception/block11_sepconv3/separable_conv2d/depthwise,2,109.568,54.784,109.568,54.784,0.0003878311862961623,0.9705117968900113,0.0,0.0
348,Device,DepthwiseConv2dNative,xception/block12_sepconv3/separable_conv2d/depthwise,2,109.568,54.784,109.568,54.784,0.0003878311862961623,0.9708996280763075,0.0,0.0
349,Device,DepthwiseConv2dNative,xception/block10_sepconv2/separable_conv2d/depthwise,2,108.545,54.2725,108.545,54.2725,0.00038421013540921564,0.9712838382117167,0.0,0.0
350,Device,DepthwiseConv2dNative,xception/block9_sepconv3/separable_conv2d/depthwise,2,108.545,54.2725,108.545,54.2725,0.00038421013540921564,0.971668048347126,0.0,0.0
351,Device,DepthwiseConv2dNative,xception/block10_sepconv1/separable_conv2d/depthwise,2,108.544,54.272,108.544,54.272,0.00038420659577003,0.9720522549428959,0.0,0.0
352,Device,DepthwiseConv2dNative,xception/block11_sepconv2/separable_conv2d/depthwise,2,108.544,54.272,108.544,54.272,0.00038420659577003,0.9724364615386659,0.0,0.0
353,Device,DepthwiseConv2dNative,xception/block12_sepconv1/separable_conv2d/depthwise,2,108.544,54.272,108.544,54.272,0.00038420659577003,0.9728206681344359,0.0,0.0
354,Device,DepthwiseConv2dNative,xception/block12_sepconv2/separable_conv2d/depthwise,2,108.544,54.272,108.544,54.272,0.00038420659577003,0.9732048747302059,0.0,0.0
355,Device,DepthwiseConv2dNative,xception/block13_sepconv1/separable_conv2d/depthwise,2,108.544,54.272,108.544,54.272,0.00038420659577003,0.9735890813259759,0.0,0.0
356,Device,DepthwiseConv2dNative,xception/block5_sepconv2/separable_conv2d/depthwise,2,108.544,54.272,108.544,54.272,0.00038420659577003,0.9739732879217459,0.0,0.0
357,Device,DepthwiseConv2dNative,xception/block6_sepconv1/separable_conv2d/depthwise,2,108.544,54.272,108.544,54.272,0.00038420659577003,0.9743574945175159,0.0,0.0
358,Device,DepthwiseConv2dNative,xception/block6_sepconv2/separable_conv2d/depthwise,2,108.544,54.272,108.544,54.272,0.00038420659577003,0.9747417011132858,0.0,0.0
359,Device,DepthwiseConv2dNative,xception/block6_sepconv3/separable_conv2d/depthwise,2,108.544,54.272,108.544,54.272,0.00038420659577003,0.9751259077090558,0.0,0.0
360,Device,DepthwiseConv2dNative,xception/block7_sepconv3/separable_conv2d/depthwise,2,108.544,54.272,108.544,54.272,0.00038420659577003,0.9755101143048258,0.0,0.0
361,Device,DepthwiseConv2dNative,xception/block8_sepconv3/separable_conv2d/depthwise,2,108.544,54.272,108.544,54.272,0.00038420659577003,0.9758943209005958,0.0,0.0
362,Device,DepthwiseConv2dNative,xception/block9_sepconv2/separable_conv2d/depthwise,2,107.522,53.761,107.522,53.761,0.000380589084522269,0.9762749099851181,0.0,0.0
363,Device,DepthwiseConv2dNative,xception/block8_sepconv2/separable_conv2d/depthwise,2,107.521,53.7605,107.521,53.7605,0.0003805855448830833,0.9766554955300012,0.0,0.0
364,Device,DepthwiseConv2dNative,xception/block9_sepconv1/separable_conv2d/depthwise,2,107.521,53.7605,107.521,53.7605,0.0003805855448830833,0.9770360810748843,0.0,0.0
365,Device,DepthwiseConv2dNative,xception/block11_sepconv1/separable_conv2d/depthwise,2,107.52,53.76,107.52,53.76,0.0003805820052438976,0.9774166630801282,0.0,0.0
366,Device,DepthwiseConv2dNative,xception/block5_sepconv3/separable_conv2d/depthwise,2,107.52,53.76,107.52,53.76,0.0003805820052438976,0.9777972450853721,0.0,0.0
367,Device,DepthwiseConv2dNative,xception/block7_sepconv1/separable_conv2d/depthwise,2,107.52,53.76,107.52,53.76,0.0003805820052438976,0.9781778270906161,0.0,0.0
368,Device,DepthwiseConv2dNative,xception/block7_sepconv2/separable_conv2d/depthwise,2,107.52,53.76,107.52,53.76,0.0003805820052438976,0.97855840909586,0.0,0.0
369,Device,FusedBatchNormGradV3,gradient_tape/xception/block14_sepconv1_bn/FusedBatchNormGradV3,2,105.473,52.7365,105.473,52.7365,0.0003733363638308186,0.9789317454596909,0.0,0.0
370,Device,DepthwiseConv2dNativeBackpropInput,gradient_tape/xception/block14_sepconv2/separable_conv2d/DepthwiseConv2dNativeBackpropInput,2,103.425,51.7125,103.425,51.7125,0.00036608718277855387,0.9792978326424694,0.0,0.0
371,Device,Relu,xception/block10_sepconv1_act/Relu,2,102.402,51.201,102.402,51.201,0.0003624661318916072,0.979660298774361,0.0,0.0
372,Device,Relu,xception/block11_sepconv1_act/Relu,2,102.401,51.2005,102.401,51.2005,0.0003624625922524215,0.9800227613666134,0.0,0.0
373,Device,Relu,xception/block12_sepconv1_act/Relu,2,102.4,51.2,102.4,51.2,0.00036245905261323585,0.9803852204192266,0.0,0.0
374,Device,Relu,xception/block8_sepconv1_act/Relu,2,102.4,51.2,102.4,51.2,0.00036245905261323585,0.9807476794718398,0.0,0.0
375,Device,Relu,xception/block5_sepconv1_act/Relu,2,101.377,50.6885,101.377,50.6885,0.00035883800172628914,0.9811065174735661,0.0,0.0
376,Device,Relu,xception/block9_sepconv1_act/Relu,2,101.377,50.6885,101.377,50.6885,0.00035883800172628914,0.9814653554752925,0.0,0.0
377,Device,Relu,xception/block13_sepconv1_act/Relu,2,101.376,50.688,101.376,50.688,0.0003588344620871035,0.9818241899373795,0.0,0.0
378,Device,Relu,xception/block6_sepconv1_act/Relu,2,101.376,50.688,101.376,50.688,0.0003588344620871035,0.9821830243994666,0.0,0.0
379,Device,Relu,xception/block7_sepconv1_act/Relu,2,101.376,50.688,101.376,50.688,0.0003588344620871035,0.9825418588615537,0.0,0.0
380,Device,MaxPool,xception/block13_pool/MaxPool,2,99.328,49.664,99.328,49.664,0.00035158528103483875,0.9828934441425885,0.0,0.0
381,Device,FusedBatchNormV3,xception/block14_sepconv2_bn/FusedBatchNormV3,4,95.234,23.8085,95.234,23.8085,0.00033709399820868065,0.9832305381407972,0.0,0.0
382,Device,Relu,xception/block10_sepconv2_act/Relu,2,95.233,47.6165,95.233,47.6165,0.000337090458569495,0.9835676285993666,0.0,0.0
383,Device,Relu,xception/block6_sepconv3_act/Relu,2,95.232,47.616,95.232,47.616,0.0003370869189303093,0.983904715518297,0.0,0.0
384,Device,Relu,xception/block7_sepconv2_act/Relu,2,95.232,47.616,95.232,47.616,0.0003370869189303093,0.9842418024372273,0.0,0.0
385,Device,Relu,xception/block7_sepconv3_act/Relu,2,95.232,47.616,95.232,47.616,0.0003370869189303093,0.9845788893561576,0.0,0.0
386,Device,Relu,xception/block9_sepconv2_act/Relu,2,95.232,47.616,95.232,47.616,0.0003370869189303093,0.9849159762750879,0.0,0.0
387,Device,Relu,xception/block11_sepconv3_act/Relu,2,94.209,47.1045,94.209,47.1045,0.00033346586804336263,0.9852494421431313,0.0,0.0
388,Device,Relu,xception/block5_sepconv2_act/Relu,2,94.209,47.1045,94.209,47.1045,0.00033346586804336263,0.9855829080111747,0.0,0.0
389,Device,Relu,xception/block12_sepconv2_act/Relu,2,94.208,47.104,94.208,47.104,0.000333462328404177,0.9859163703395788,0.0,0.0
390,Device,Relu,xception/block12_sepconv3_act/Relu,2,94.208,47.104,94.208,47.104,0.000333462328404177,0.9862498326679829,0.0,0.0
391,Device,Relu,xception/block13_sepconv2_act/Relu,2,94.208,47.104,94.208,47.104,0.000333462328404177,0.9865832949963871,0.0,0.0
392,Device,Relu,xception/block6_sepconv2_act/Relu,2,94.208,47.104,94.208,47.104,0.000333462328404177,0.9869167573247912,0.0,0.0
393,Device,Relu,xception/block8_sepconv2_act/Relu,2,94.208,47.104,94.208,47.104,0.000333462328404177,0.9872502196531954,0.0,0.0
394,Device,Relu,xception/block9_sepconv3_act/Relu,2,94.208,47.104,94.208,47.104,0.000333462328404177,0.9875836819815995,0.0,0.0
395,Device,Relu,xception/block10_sepconv3_act/Relu,2,93.185,46.5925,93.185,46.5925,0.00032984127751723027,0.9879135232591167,0.0,0.0
396,Device,Relu,xception/block11_sepconv2_act/Relu,2,93.185,46.5925,93.185,46.5925,0.00032984127751723027,0.988243364536634,0.0,0.0
397,Device,Relu,xception/block5_sepconv3_act/Relu,2,93.185,46.5925,93.185,46.5925,0.00032984127751723027,0.9885732058141512,0.0,0.0
398,Device,Relu,xception/block8_sepconv3_act/Relu,2,92.16,46.08,92.16,46.08,0.00032621314735191225,0.9888994189615031,0.0,0.0
399,Device,DepthwiseConv2dNative,xception/block14_sepconv2/separable_conv2d/depthwise,2,86.016,43.008,86.016,43.008,0.0003044656041951181,0.9892038845656983,0.0,0.0
400,Device,ResourceApplyGradientDescent,SGD/SGD/update_147/ResourceApplyGradientDescent,2,83.968,41.984,83.968,41.984,0.0002972164231428534,0.9895011009888411,0.0,0.0
401,Device,ReluGrad,gradient_tape/xception/block14_sepconv1_act/ReluGrad,2,80.896,40.448,80.896,40.448,0.0002863426515644563,0.9897874436404056,0.0,0.0
402,Device,FusedBatchNormV3,xception/block14_sepconv1_bn/FusedBatchNormV3,4,78.848,19.712,78.848,19.712,0.0002790934705121916,0.9900665371109177,0.0,0.0
403,Device,Transpose,xception/block14_sepconv2_act/Relu-0-0-TransposeNCHWToNHWC-LayoutOptimizer,2,76.8,38.4,76.8,38.4,0.0002718442894599269,0.9903383814003777,0.0,0.0
404,Device,DepthwiseConv2dNativeBackpropInput,gradient_tape/xception/block14_sepconv1/separable_conv2d/DepthwiseConv2dNativeBackpropInput,2,73.728,36.864,73.728,36.864,0.0002609705178815298,0.9905993519182592,0.0,0.0
405,Device,Transpose,gradient_tape/xception/block14_sepconv2_act/ReluGrad-0-TransposeNHWCToNCHW-LayoutOptimizer,2,73.728,36.864,73.728,36.864,0.0002609705178815298,0.9908603224361408,0.0,0.0
406,Device,Mean,xception/avg_pool/Mean,2,69.632,34.816,69.632,34.816,0.00024647215577700037,0.9911067945919178,0.0,0.0
407,Device,RealDiv,gradient_tape/xception/avg_pool/truediv,2,68.609,34.3045,68.609,34.3045,0.00024285110489005366,0.9913496456968078,0.0,0.0
408,Device,FusedBatchNormGradV3,gradient_tape/xception/batch_normalization_3/FusedBatchNormGradV3,2,67.585,33.7925,67.585,33.7925,0.0002392265143639213,0.9915888722111718,0.0,0.0
409,Device,Relu,xception/block14_sepconv2_act/Relu,2,61.44,30.72,61.44,30.72,0.0002174754315679415,0.9918063476427397,0.0,0.0
410,Device,DepthwiseConv2dNative,xception/block14_sepconv1/separable_conv2d/depthwise,2,60.417,30.2085,60.417,30.2085,0.0002138543806809948,0.9920202020234207,0.0,0.0
411,Device,FusedBatchNormV3,xception/batch_normalization_3/FusedBatchNormV3,4,56.32,14.08,56.32,14.08,0.0001993524789372797,0.992219554502358,0.0,0.0
412,Device,AddV2,xception/add_11/add,2,49.152,24.576,49.152,24.576,0.0001739803452543532,0.9923935348476124,0.0,0.0
413,Device,ResourceApplyGradientDescent,SGD/SGD/update_140/ResourceApplyGradientDescent,2,43.008,21.504,43.008,21.504,0.00015223280209755906,0.9925457676497099,0.0,0.0
414,Device,ResourceApplyGradientDescent,SGD/SGD/update_143/ResourceApplyGradientDescent,2,43.008,21.504,43.008,21.504,0.00015223280209755906,0.9926980004518074,0.0,0.0
415,Device,BroadcastTo,gradient_tape/xception/avg_pool/BroadcastTo,2,43.008,21.504,43.008,21.504,0.00015223280209755906,0.992850233253905,0.0,0.0
416,Device,Relu,xception/block14_sepconv1_act/Relu,2,38.912,19.456,38.912,19.456,0.00013773443999302962,0.992987967693898,0.0,0.0
417,Device,ResourceApplyGradientDescent,SGD/SGD/update_64/ResourceApplyGradientDescent,2,32.769,16.3845,32.769,16.3845,0.00011599043647542113,0.9931039581303733,0.0,0.0
418,Device,ResourceApplyGradientDescent,SGD/SGD/update_72/ResourceApplyGradientDescent,2,32.769,16.3845,32.769,16.3845,0.00011599043647542113,0.9932199485668487,0.0,0.0
419,Device,ResourceApplyGradientDescent,SGD/SGD/update_132/ResourceApplyGradientDescent,2,32.768,16.384,32.768,16.384,0.00011598689683623547,0.9933359354636849,0.0,0.0
420,Device,ResourceApplyGradientDescent,SGD/SGD/update_40/ResourceApplyGradientDescent,2,32.768,16.384,32.768,16.384,0.00011598689683623547,0.9934519223605212,0.0,0.0
421,Device,ResourceApplyGradientDescent,SGD/SGD/update_76/ResourceApplyGradientDescent,2,32.768,16.384,32.768,16.384,0.00011598689683623547,0.9935679092573574,0.0,0.0
422,Device,ResourceApplyGradientDescent,SGD/SGD/update_80/ResourceApplyGradientDescent,2,32.768,16.384,32.768,16.384,0.00011598689683623547,0.9936838961541936,0.0,0.0
423,Device,ResourceApplyGradientDescent,SGD/SGD/update_88/ResourceApplyGradientDescent,2,32.768,16.384,32.768,16.384,0.00011598689683623547,0.9937998830510298,0.0,0.0
424,Device,ResourceApplyGradientDescent,SGD/SGD/update_100/ResourceApplyGradientDescent,2,31.744,15.872,31.744,15.872,0.0001123623063101031,0.9939122453573399,0.0,0.0
425,Device,ResourceApplyGradientDescent,SGD/SGD/update_104/ResourceApplyGradientDescent,2,31.744,15.872,31.744,15.872,0.0001123623063101031,0.99402460766365,0.0,0.0
426,Device,ResourceApplyGradientDescent,SGD/SGD/update_108/ResourceApplyGradientDescent,2,31.744,15.872,31.744,15.872,0.0001123623063101031,0.99413696996996,0.0,0.0
427,Device,ResourceApplyGradientDescent,SGD/SGD/update_112/ResourceApplyGradientDescent,2,31.744,15.872,31.744,15.872,0.0001123623063101031,0.9942493322762701,0.0,0.0
428,Device,ResourceApplyGradientDescent,SGD/SGD/update_116/ResourceApplyGradientDescent,2,31.744,15.872,31.744,15.872,0.0001123623063101031,0.9943616945825802,0.0,0.0
429,Device,ResourceApplyGradientDescent,SGD/SGD/update_120/ResourceApplyGradientDescent,2,31.744,15.872,31.744,15.872,0.0001123623063101031,0.9944740568888902,0.0,0.0
430,Device,ResourceApplyGradientDescent,SGD/SGD/update_136/ResourceApplyGradientDescent,2,31.744,15.872,31.744,15.872,0.0001123623063101031,0.9945864191952003,0.0,0.0
431,Device,ResourceApplyGradientDescent,SGD/SGD/update_44/ResourceApplyGradientDescent,2,31.744,15.872,31.744,15.872,0.0001123623063101031,0.9946987815015104,0.0,0.0
432,Device,ResourceApplyGradientDescent,SGD/SGD/update_48/ResourceApplyGradientDescent,2,31.744,15.872,31.744,15.872,0.0001123623063101031,0.9948111438078204,0.0,0.0
433,Device,ResourceApplyGradientDescent,SGD/SGD/update_52/ResourceApplyGradientDescent,2,31.744,15.872,31.744,15.872,0.0001123623063101031,0.9949235061141305,0.0,0.0
434,Device,ResourceApplyGradientDescent,SGD/SGD/update_56/ResourceApplyGradientDescent,2,31.744,15.872,31.744,15.872,0.0001123623063101031,0.9950358684204406,0.0,0.0
435,Device,ResourceApplyGradientDescent,SGD/SGD/update_60/ResourceApplyGradientDescent,2,31.744,15.872,31.744,15.872,0.0001123623063101031,0.9951482307267506,0.0,0.0
436,Device,ResourceApplyGradientDescent,SGD/SGD/update_84/ResourceApplyGradientDescent,2,31.744,15.872,31.744,15.872,0.0001123623063101031,0.9952605930330607,0.0,0.0
437,Device,ResourceApplyGradientDescent,SGD/SGD/update_124/ResourceApplyGradientDescent,2,30.721,15.3605,30.721,15.3605,0.00010874125542315643,0.9953693342884838,0.0,0.0
438,Device,ResourceApplyGradientDescent,SGD/SGD/update_68/ResourceApplyGradientDescent,2,30.721,15.3605,30.721,15.3605,0.00010874125542315643,0.995478075543907,0.0,0.0
439,Device,ArgMax,ArgMax,2,30.72,15.36,30.72,15.36,0.00010873771578397075,0.995586813259691,0.0,0.0
440,Device,ResourceApplyGradientDescent,SGD/SGD/update_128/ResourceApplyGradientDescent,2,30.72,15.36,30.72,15.36,0.00010873771578397075,0.995695550975475,0.0,0.0
441,Device,ResourceApplyGradientDescent,SGD/SGD/update_33/ResourceApplyGradientDescent,2,30.72,15.36,30.72,15.36,0.00010873771578397075,0.995804288691259,0.0,0.0
442,Device,MatMul,xception/predictions/MatMul,2,24.576,12.288,24.576,12.288,8.69901726271766e-05,0.9958912788638862,0.0,0.0
443,Device,ResourceApplyGradientDescent,SGD/SGD/update_92/ResourceApplyGradientDescent,2,23.552,11.776,23.552,11.776,8.336558210104425e-05,0.9959746444459873,0.0,0.0
444,Device,ResourceApplyGradientDescent,SGD/SGD/update_96/ResourceApplyGradientDescent,2,23.552,11.776,23.552,11.776,8.336558210104425e-05,0.9960580100280884,0.0,0.0
445,Device,Softmax,xception/predictions/Softmax,2,20.48,10.24,20.48,10.24,7.249181052264716e-05,0.996130501838611,0.0,0.0
446,Device,ArgMax,ArgMax_1,2,18.432,9.216,18.432,9.216,6.524262947038244e-05,0.9961957444680813,0.0,0.0
447,Device,MatMul,gradient_tape/xception/predictions/MatMul/MatMul_1,2,14.337,7.1685,14.337,7.1685,5.074780700503869e-05,0.9962464922750864,0.0,0.0
448,Device,ResourceApplyGradientDescent,SGD/SGD/update_36/ResourceApplyGradientDescent,2,14.336,7.168,14.336,7.168,5.0744267365853016e-05,0.9962972365424523,0.0,0.0
449,Device,MatMul,gradient_tape/xception/predictions/MatMul/MatMul,2,14.336,7.168,14.336,7.168,5.0744267365853016e-05,0.9963479808098181,0.0,0.0
450,Device,ResourceApplyGradientDescent,SGD/SGD/update_29/ResourceApplyGradientDescent,2,12.288,6.144,12.288,6.144,4.34950863135883e-05,0.9963914758961318,0.0,0.0
451,Device,DynamicStitch,gradient_tape/xception/avg_pool/DynamicStitch,2,10.24,5.12,10.24,5.12,3.624590526132358e-05,0.996427721801393,0.0,0.0
452,Device,ResourceApplyGradientDescent,SGD/SGD/update_22/ResourceApplyGradientDescent,2,9.216,4.608,9.216,4.608,3.262131473519122e-05,0.9964603431161282,0.0,0.0
453,Device,ResourceApplyGradientDescent,SGD/SGD/update_103/ResourceApplyGradientDescent,2,8.192,4.096,8.192,4.096,2.8996724209058867e-05,0.9964893398403373,0.0,0.0
454,Device,ResourceApplyGradientDescent,SGD/SGD/update_107/ResourceApplyGradientDescent,2,8.192,4.096,8.192,4.096,2.8996724209058867e-05,0.9965183365645464,0.0,0.0
455,Device,ResourceApplyGradientDescent,SGD/SGD/update_111/ResourceApplyGradientDescent,2,8.192,4.096,8.192,4.096,2.8996724209058867e-05,0.9965473332887554,0.0,0.0
456,Device,ResourceApplyGradientDescent,SGD/SGD/update_123/ResourceApplyGradientDescent,2,8.192,4.096,8.192,4.096,2.8996724209058867e-05,0.9965763300129645,0.0,0.0
457,Device,ResourceApplyGradientDescent,SGD/SGD/update_131/ResourceApplyGradientDescent,2,8.192,4.096,8.192,4.096,2.8996724209058867e-05,0.9966053267371736,0.0,0.0
458,Device,ResourceApplyGradientDescent,SGD/SGD/update_139/ResourceApplyGradientDescent,2,8.192,4.096,8.192,4.096,2.8996724209058867e-05,0.9966343234613827,0.0,0.0
459,Device,ResourceApplyGradientDescent,SGD/SGD/update_146/ResourceApplyGradientDescent,2,8.192,4.096,8.192,4.096,2.8996724209058867e-05,0.9966633201855918,0.0,0.0
460,Device,ResourceApplyGradientDescent,SGD/SGD/update_150/ResourceApplyGradientDescent,2,8.192,4.096,8.192,4.096,2.8996724209058867e-05,0.9966923169098009,0.0,0.0
461,Device,ResourceApplyGradientDescent,SGD/SGD/update_153/ResourceApplyGradientDescent,2,8.192,4.096,8.192,4.096,2.8996724209058867e-05,0.99672131363401,0.0,0.0
462,Device,ResourceApplyGradientDescent,SGD/SGD/update_154/ResourceApplyGradientDescent,2,8.192,4.096,8.192,4.096,2.8996724209058867e-05,0.996750310358219,0.0,0.0
463,Device,ResourceApplyGradientDescent,SGD/SGD/update_18/ResourceApplyGradientDescent,2,8.192,4.096,8.192,4.096,2.8996724209058867e-05,0.9967793070824281,0.0,0.0
464,Device,ResourceApplyGradientDescent,SGD/SGD/update_3/ResourceApplyGradientDescent,2,8.192,4.096,8.192,4.096,2.8996724209058867e-05,0.9968083038066372,0.0,0.0
465,Device,ResourceApplyGradientDescent,SGD/SGD/update_39/ResourceApplyGradientDescent,2,8.192,4.096,8.192,4.096,2.8996724209058867e-05,0.9968373005308463,0.0,0.0
466,Device,ResourceApplyGradientDescent,SGD/SGD/update_43/ResourceApplyGradientDescent,2,8.192,4.096,8.192,4.096,2.8996724209058867e-05,0.9968662972550554,0.0,0.0
467,Device,ResourceApplyGradientDescent,SGD/SGD/update_47/ResourceApplyGradientDescent,2,8.192,4.096,8.192,4.096,2.8996724209058867e-05,0.9968952939792645,0.0,0.0
468,Device,ResourceApplyGradientDescent,SGD/SGD/update_63/ResourceApplyGradientDescent,2,8.192,4.096,8.192,4.096,2.8996724209058867e-05,0.9969242907034735,0.0,0.0
469,Device,ResourceApplyGradientDescent,SGD/SGD/update_75/ResourceApplyGradientDescent,2,8.192,4.096,8.192,4.096,2.8996724209058867e-05,0.9969532874276826,0.0,0.0
470,Device,ResourceApplyGradientDescent,SGD/SGD/update_91/ResourceApplyGradientDescent,2,8.192,4.096,8.192,4.096,2.8996724209058867e-05,0.9969822841518917,0.0,0.0
471,Device,ResourceApplyGradientDescent,SGD/SGD/update_98/ResourceApplyGradientDescent,2,8.192,4.096,8.192,4.096,2.8996724209058867e-05,0.9970112808761008,0.0,0.0
472,Device,ResourceApplyGradientDescent,SGD/SGD/update_99/ResourceApplyGradientDescent,2,8.192,4.096,8.192,4.096,2.8996724209058867e-05,0.9970402776003099,0.0,0.0
473,Device,ResourceApplyGradientDescent,SGD/SGD/update_45/ResourceApplyGradientDescent,2,7.169,3.5845,7.169,3.5845,2.5375673322112184e-05,0.997065653273632,0.0,0.0
474,Device,ResourceApplyGradientDescent,SGD/SGD/update_79/ResourceApplyGradientDescent,2,7.169,3.5845,7.169,3.5845,2.5375673322112184e-05,0.997091028946954,0.0,0.0
475,Device,ResourceApplyGradientDescent,SGD/SGD/update_83/ResourceApplyGradientDescent,2,7.169,3.5845,7.169,3.5845,2.5375673322112184e-05,0.9971164046202761,0.0,0.0
476,Device,ResourceApplyGradientDescent,SGD/SGD/update_105/ResourceApplyGradientDescent,2,7.168,3.584,7.168,3.584,2.5372133682926508e-05,0.997141776753959,0.0,0.0
477,Device,ResourceApplyGradientDescent,SGD/SGD/update_106/ResourceApplyGradientDescent,2,7.168,3.584,7.168,3.584,2.5372133682926508e-05,0.9971671488876419,0.0,0.0
478,Device,ResourceApplyGradientDescent,SGD/SGD/update_115/ResourceApplyGradientDescent,2,7.168,3.584,7.168,3.584,2.5372133682926508e-05,0.9971925210213248,0.0,0.0
479,Device,ResourceApplyGradientDescent,SGD/SGD/update_118/ResourceApplyGradientDescent,2,7.168,3.584,7.168,3.584,2.5372133682926508e-05,0.9972178931550078,0.0,0.0
480,Device,ResourceApplyGradientDescent,SGD/SGD/update_119/ResourceApplyGradientDescent,2,7.168,3.584,7.168,3.584,2.5372133682926508e-05,0.9972432652886907,0.0,0.0
481,Device,ResourceApplyGradientDescent,SGD/SGD/update_121/ResourceApplyGradientDescent,2,7.168,3.584,7.168,3.584,2.5372133682926508e-05,0.9972686374223736,0.0,0.0
482,Device,ResourceApplyGradientDescent,SGD/SGD/update_126/ResourceApplyGradientDescent,2,7.168,3.584,7.168,3.584,2.5372133682926508e-05,0.9972940095560565,0.0,0.0
483,Device,ResourceApplyGradientDescent,SGD/SGD/update_129/ResourceApplyGradientDescent,2,7.168,3.584,7.168,3.584,2.5372133682926508e-05,0.9973193816897394,0.0,0.0
484,Device,ResourceApplyGradientDescent,SGD/SGD/update_133/ResourceApplyGradientDescent,2,7.168,3.584,7.168,3.584,2.5372133682926508e-05,0.9973447538234224,0.0,0.0
485,Device,ResourceApplyGradientDescent,SGD/SGD/update_135/ResourceApplyGradientDescent,2,7.168,3.584,7.168,3.584,2.5372133682926508e-05,0.9973701259571053,0.0,0.0
486,Device,ResourceApplyGradientDescent,SGD/SGD/update_138/ResourceApplyGradientDescent,2,7.168,3.584,7.168,3.584,2.5372133682926508e-05,0.9973954980907882,0.0,0.0
487,Device,ResourceApplyGradientDescent,SGD/SGD/update_14/ResourceApplyGradientDescent,2,7.168,3.584,7.168,3.584,2.5372133682926508e-05,0.9974208702244711,0.0,0.0
488,Device,ResourceApplyGradientDescent,SGD/SGD/update_141/ResourceApplyGradientDescent,2,7.168,3.584,7.168,3.584,2.5372133682926508e-05,0.997446242358154,0.0,0.0
489,Device,ResourceApplyGradientDescent,SGD/SGD/update_144/ResourceApplyGradientDescent,2,7.168,3.584,7.168,3.584,2.5372133682926508e-05,0.997471614491837,0.0,0.0
490,Device,ResourceApplyGradientDescent,SGD/SGD/update_152/ResourceApplyGradientDescent,2,7.168,3.584,7.168,3.584,2.5372133682926508e-05,0.9974969866255199,0.0,0.0
491,Device,ResourceApplyGradientDescent,SGD/SGD/update_17/ResourceApplyGradientDescent,2,7.168,3.584,7.168,3.584,2.5372133682926508e-05,0.9975223587592028,0.0,0.0
492,Device,ResourceApplyGradientDescent,SGD/SGD/update_19/ResourceApplyGradientDescent,2,7.168,3.584,7.168,3.584,2.5372133682926508e-05,0.9975477308928857,0.0,0.0
493,Device,ResourceApplyGradientDescent,SGD/SGD/update_20/ResourceApplyGradientDescent,2,7.168,3.584,7.168,3.584,2.5372133682926508e-05,0.9975731030265687,0.0,0.0
494,Device,ResourceApplyGradientDescent,SGD/SGD/update_25/ResourceApplyGradientDescent,2,7.168,3.584,7.168,3.584,2.5372133682926508e-05,0.9975984751602516,0.0,0.0
495,Device,ResourceApplyGradientDescent,SGD/SGD/update_26/ResourceApplyGradientDescent,2,7.168,3.584,7.168,3.584,2.5372133682926508e-05,0.9976238472939345,0.0,0.0
496,Device,ResourceApplyGradientDescent,SGD/SGD/update_31/ResourceApplyGradientDescent,2,7.168,3.584,7.168,3.584,2.5372133682926508e-05,0.9976492194276174,0.0,0.0
497,Device,ResourceApplyGradientDescent,SGD/SGD/update_32/ResourceApplyGradientDescent,2,7.168,3.584,7.168,3.584,2.5372133682926508e-05,0.9976745915613003,0.0,0.0
498,Device,ResourceApplyGradientDescent,SGD/SGD/update_51/ResourceApplyGradientDescent,2,7.168,3.584,7.168,3.584,2.5372133682926508e-05,0.9976999636949833,0.0,0.0
499,Device,ResourceApplyGradientDescent,SGD/SGD/update_54/ResourceApplyGradientDescent,2,7.168,3.584,7.168,3.584,2.5372133682926508e-05,0.9977253358286662,0.0,0.0
500,Device,ResourceApplyGradientDescent,SGD/SGD/update_55/ResourceApplyGradientDescent,2,7.168,3.584,7.168,3.584,2.5372133682926508e-05,0.9977507079623491,0.0,0.0
501,Host,IDLE,IDLE,0,865180.653,0.0,865180.653,0.0,0.0,0.0,0.9939460290907304,0.9939460290907304
502,Host,GatherV2,GatherV2,2,4895.086,2447.543,4895.086,2447.543,0.0,0.0,0.005623624701831639,0.999569653792562
503,Host,Dataset,Iterator::Root::ParallelMapV2::Zip[1]::ForeverRepeat,2,56.891,28.4455,52.721,26.3605,0.0,0.0,6.0567499305480186e-05,0.9996302212918675
504,Host,Dataset,Iterator::Root::ParallelMapV2,2,49.6,24.8,49.6,24.8,0.0,0.0,5.6981998929303643e-05,0.9996872032907969
505,Host,FlushSummaryWriter,FlushSummaryWriter,1,42.5,42.5,42.5,42.5,0.0,0.0,4.8825301501923485e-05,0.9997360285922988
506,Host,Dataset,Iterator::Root,2,85.081,42.5405,35.481,17.7405,0.0,0.0,4.0761659355052875e-05,0.9997767902516539
507,Host,IteratorGetNext,IteratorGetNext,2,33.801,16.9005,33.801,16.9005,0.0,0.0,3.883162390744743e-05,0.9998156218755614
508,Host,LogicalAnd,LogicalAnd,1,32.05,32.05,32.05,32.05,0.0,0.0,3.682002148556818e-05,0.9998524418970469
509,Host,GatherV2,GatherV2_1,2,29.33,14.665,29.33,14.665,0.0,0.0,3.369520218944507e-05,0.9998861370992363
510,Host,WriteSummary,WriteSummary,1,22.29,22.29,22.29,22.29,0.0,0.0,2.5607434599479397e-05,0.9999117445338358
511,Host,Dataset,Iterator::Root::ParallelMapV2::Zip[0]::FlatMap[1]::Concatenate[0]::TensorSlice,2,21.441,10.7205,21.441,10.7205,0.0,0.0,2.4632077400064504e-05,0.9999363766112359
512,Host,Dataset,Iterator::Root::ParallelMapV2::Zip[0]::FlatMap[1]::Concatenate,2,40.601,20.3005,19.16,9.58,0.0,0.0,2.201159474769068e-05,0.9999583882059836
513,Host,Dataset,Iterator::Root::ParallelMapV2::Zip,2,113.753,56.8765,12.621,6.3105,0.0,0.0,1.4499391300135914e-05,0.9999728875972838
514,Host,ReadVariableOp,ReadVariableOp,1,7.29,7.29,7.29,7.29,0.0,0.0,8.374975245859346e-06,0.9999812625725296
515,Host,Dataset,Iterator::Root::ParallelMapV2::Zip[1]::ForeverRepeat::FromTensor,4,4.17,1.0425,4.17,1.0425,0.0,0.0,4.790623700306375e-06,0.9999860531962299
516,Host,Dataset,Iterator::Root::ParallelMapV2::Zip[0]::FlatMap,2,44.241,22.1205,3.64,1.82,0.0,0.0,4.1817434698118e-06,0.9999902349396997
517,Host,_Send,IteratorGetNext/_3,2,3.56,1.78,3.56,1.78,0.0,0.0,4.089837019925826e-06,0.9999943247767197
518,Host,Identity,Identity,2,3.31,1.655,3.31,1.655,0.0,0.0,3.8026293640321585e-06,0.9999981274060837
519,Host,_Send,IteratorGetNext/_1,2,1.63,0.815,1.63,0.815,0.0,0.0,1.8725939164267124e-06,1.0000000000000002
