Rank,Host/device,Type,Operation,#Occurrences,Total time (us),Avg. time (us),Total self-time (us),Avg. self-time (us),Total self-time on Device (%),Cumulative total-self time on Device (%),Total self-time on Host (%),Cumulative total-self time on Host (%)
1,Device,IDLE,IDLE,0,3642.22,0.0,3642.22,0.0,0.31903779388442716,0.31903779388442716,0.0,0.0
2,Device,_Send,IteratorGetNext/_1,2,1906.503,953.2515,1906.503,953.2515,0.16699883893725312,0.4860366328216803,0.0,0.0
3,Device,Conv2DBackpropInput,gradient_tape/sequential/conv2d_1/Conv2D/Conv2DBackpropInput,32,1041.412,32.544125,1041.412,32.544125,0.091221778751632,0.5772584115733123,0.0,0.0
4,Device,Conv2DBackpropFilter,gradient_tape/sequential/conv2d/Conv2D/Conv2DBackpropFilter,2,870.404,435.202,870.404,435.202,0.07624244882192206,0.6535008603952344,0.0,0.0
5,Device,_FusedConv2D,sequential/conv2d/Relu,2,533.506,266.753,533.506,266.753,0.0467320967058841,0.7002329571011184,0.0,0.0
6,Device,MaxPoolGrad,gradient_tape/sequential/max_pooling2d/MaxPool/MaxPoolGrad,2,349.186,174.593,349.186,174.593,0.030586711152903335,0.7308196682540218,0.0,0.0
7,Device,Conv2DBackpropFilter,gradient_tape/sequential/conv2d_1/Conv2D/Conv2DBackpropFilter,2,330.754,165.377,330.754,165.377,0.02897217259760526,0.7597918408516271,0.0,0.0
8,Device,ResourceApplyGradientDescent,SGD/SGD/update_4/ResourceApplyGradientDescent,2,277.504,138.752,277.504,138.752,0.024307774915876604,0.7840996157675038,0.0,0.0
9,Device,_FusedConv2D,sequential/conv2d_1/Relu,2,257.026,128.513,257.026,128.513,0.022514018376412953,0.8066136341439167,0.0,0.0
10,Device,ReluGrad,gradient_tape/sequential/conv2d/ReluGrad,2,241.664,120.832,241.664,120.832,0.021168394391685896,0.8277820285356027,0.0,0.0
11,Device,MaxPoolGrad,gradient_tape/sequential/max_pooling2d_1/MaxPool/MaxPoolGrad,2,208.898,104.449,208.898,104.449,0.018298278815356863,0.8460803073509595,0.0,0.0
12,Device,SoftmaxCrossEntropyWithLogits,categorical_crossentropy/softmax_cross_entropy_with_logits,2,203.777,101.8885,203.777,101.8885,0.017849708289006956,0.8639300156399665,0.0,0.0
13,Device,ReluGrad,gradient_tape/sequential/conv2d_1/ReluGrad,2,152.576,76.288,152.576,76.288,0.013364791374411858,0.8772948070143783,0.0,0.0
14,Device,ArgMax,ArgMax,2,141.313,70.6565,141.313,70.6565,0.012378216518274584,0.8896730235326529,0.0,0.0
15,Device,MatMul,sequential/dense/MatMul,2,132.096,66.048,132.096,66.048,0.011570859646302886,0.9012438831789558,0.0,0.0
16,Device,MatMul,gradient_tape/sequential/dense/MatMul/MatMul,2,115.712,57.856,115.712,57.856,0.010135714263815706,0.9113795974427714,0.0,0.0
17,Device,MatMul,gradient_tape/sequential/dense/MatMul/MatMul_1,2,109.57,54.785,109.57,54.785,0.009597709934028335,0.9209773073767997,0.0,0.0
18,Device,ArgMax,ArgMax_1,2,109.568,54.784,109.568,54.784,0.009597534745383014,0.9305748421221828,0.0,0.0
19,Device,MaxPool,sequential/max_pooling2d/MaxPool,2,105.472,52.736,105.472,52.736,0.009238748399761219,0.939813590521944,0.0,0.0
20,Device,Transpose,gradient_tape/sequential/conv2d/Conv2D/Conv2DBackpropFilter-0-TransposeNHWCToNCHW-LayoutOptimizer,2,97.28,48.64,97.28,48.64,0.008521175708517629,0.9483347662304616,0.0,0.0
21,Device,BiasAddGrad,gradient_tape/sequential/conv2d/BiasAdd/BiasAddGrad,2,81.92,40.96,81.92,40.96,0.007175726912435898,0.9555104931428975,0.0,0.0
22,Device,MaxPool,sequential/max_pooling2d_1/MaxPool,2,69.632,34.816,69.632,34.816,0.006099367875570513,0.961609861018468,0.0,0.0
23,Device,BiasAddGrad,gradient_tape/sequential/conv2d_1/BiasAdd/BiasAddGrad,2,59.392,29.696,59.392,29.696,0.005202402011516026,0.966812263029984,0.0,0.0
24,Device,Transpose,gradient_tape/sequential/max_pooling2d_1/MaxPool/MaxPoolGrad-2-TransposeNHWCToNCHW-LayoutOptimizer,2,28.672,14.336,28.672,14.336,0.0025115044193525643,0.9693237674493366,0.0,0.0
25,Device,Softmax,sequential/dense_2/Softmax,2,27.648,13.824,27.648,13.824,0.0024218078329471156,0.9717455752822837,0.0,0.0
26,Device,Transpose,sequential/max_pooling2d_1/MaxPool-0-1-TransposeNCHWToNHWC-LayoutOptimizer,2,22.528,11.264,22.528,11.264,0.001973324900919872,0.9737189001832035,0.0,0.0
27,Device,MatMul,gradient_tape/sequential/dense_2/MatMul/MatMul,2,20.48,10.24,20.48,10.24,0.0017939317281089745,0.9755128319113124,0.0,0.0
28,Device,MatMul,sequential/dense_2/MatMul,2,20.48,10.24,20.48,10.24,0.0017939317281089745,0.9773067636394214,0.0,0.0
29,Device,MatMul,sequential/dense_1/MatMul,2,15.36,7.68,15.36,7.68,0.0013454487960817309,0.9786522124355032,0.0,0.0
30,Device,MatMul,gradient_tape/sequential/dense_1/MatMul/MatMul,2,12.288,6.144,12.288,6.144,0.0010763590368653847,0.9797285714723686,0.0,0.0
31,Device,_Send,IteratorGetNext/_3,2,11.264,5.632,11.264,5.632,0.000986662450459936,0.9807152339228286,0.0,0.0
32,Device,MatMul,gradient_tape/sequential/dense_1/MatMul/MatMul_1,2,10.24,5.12,10.24,5.12,0.0008969658640544872,0.9816121997868831,0.0,0.0
33,Device,MatMul,gradient_tape/sequential/dense_2/MatMul/MatMul_1,2,10.24,5.12,10.24,5.12,0.0008969658640544872,0.9825091656509376,0.0,0.0
34,Device,ResourceApplyGradientDescent,SGD/SGD/update_8/ResourceApplyGradientDescent,2,8.192,4.096,8.192,4.096,0.0007175726912435898,0.9832267383421812,0.0,0.0
35,Device,ResourceApplyGradientDescent,SGD/SGD/update/ResourceApplyGradientDescent,2,7.168,3.584,7.168,3.584,0.0006278761048381411,0.9838546144470194,0.0,0.0
36,Device,AssignAddVariableOp,AssignAddVariableOp_1,2,6.144,3.072,6.144,3.072,0.0005381795184326923,0.9843927939654521,0.0,0.0
37,Device,AssignAddVariableOp,AssignAddVariableOp_4,2,6.144,3.072,6.144,3.072,0.0005381795184326923,0.9849309734838848,0.0,0.0
38,Device,Equal,Equal,2,6.144,3.072,6.144,3.072,0.0005381795184326923,0.9854691530023175,0.0,0.0
39,Device,AssignAddVariableOp,SGD/SGD/AssignAddVariableOp,2,6.144,3.072,6.144,3.072,0.0005381795184326923,0.9860073325207502,0.0,0.0
40,Device,ResourceApplyGradientDescent,SGD/SGD/update_1/ResourceApplyGradientDescent,2,6.144,3.072,6.144,3.072,0.0005381795184326923,0.986545512039183,0.0,0.0
41,Device,ResourceApplyGradientDescent,SGD/SGD/update_2/ResourceApplyGradientDescent,2,6.144,3.072,6.144,3.072,0.0005381795184326923,0.9870836915576157,0.0,0.0
42,Device,ResourceApplyGradientDescent,SGD/SGD/update_3/ResourceApplyGradientDescent,2,6.144,3.072,6.144,3.072,0.0005381795184326923,0.9876218710760484,0.0,0.0
43,Device,ResourceApplyGradientDescent,SGD/SGD/update_5/ResourceApplyGradientDescent,2,6.144,3.072,6.144,3.072,0.0005381795184326923,0.9881600505944811,0.0,0.0
44,Device,ResourceApplyGradientDescent,SGD/SGD/update_6/ResourceApplyGradientDescent,2,6.144,3.072,6.144,3.072,0.0005381795184326923,0.9886982301129138,0.0,0.0
45,Device,ResourceApplyGradientDescent,SGD/SGD/update_7/ResourceApplyGradientDescent,2,6.144,3.072,6.144,3.072,0.0005381795184326923,0.9892364096313465,0.0,0.0
46,Device,ResourceApplyGradientDescent,SGD/SGD/update_9/ResourceApplyGradientDescent,2,6.144,3.072,6.144,3.072,0.0005381795184326923,0.9897745891497792,0.0,0.0
47,Device,Sum,Sum_2,2,6.144,3.072,6.144,3.072,0.0005381795184326923,0.9903127686682119,0.0,0.0
48,Device,Sum,categorical_crossentropy/weighted_loss/Sum,2,6.144,3.072,6.144,3.072,0.0005381795184326923,0.9908509481866447,0.0,0.0
49,Device,DivNoNan,categorical_crossentropy/weighted_loss/value,2,6.144,3.072,6.144,3.072,0.0005381795184326923,0.9913891277050774,0.0,0.0
50,Device,Mul,gradient_tape/categorical_crossentropy/softmax_cross_entropy_with_logits/mul,2,6.144,3.072,6.144,3.072,0.0005381795184326923,0.9919273072235101,0.0,0.0
51,Device,BiasAddGrad,gradient_tape/sequential/dense/BiasAdd/BiasAddGrad,2,6.144,3.072,6.144,3.072,0.0005381795184326923,0.9924654867419428,0.0,0.0
52,Device,ReluGrad,gradient_tape/sequential/dense/ReluGrad,2,6.144,3.072,6.144,3.072,0.0005381795184326923,0.9930036662603755,0.0,0.0
53,Device,BiasAddGrad,gradient_tape/sequential/dense_2/BiasAdd/BiasAddGrad,2,6.144,3.072,6.144,3.072,0.0005381795184326923,0.9935418457788082,0.0,0.0
54,Device,BiasAdd,sequential/dense/BiasAdd,2,6.144,3.072,6.144,3.072,0.0005381795184326923,0.9940800252972409,0.0,0.0
55,Device,BiasAdd,sequential/dense_1/BiasAdd,2,6.144,3.072,6.144,3.072,0.0005381795184326923,0.9946182048156736,0.0,0.0
56,Device,AssignAddVariableOp,AssignAddVariableOp,2,5.12,2.56,5.12,2.56,0.0004484829320272436,0.9950666877477009,0.0,0.0
57,Device,AssignAddVariableOp,AssignAddVariableOp_2,2,5.12,2.56,5.12,2.56,0.0004484829320272436,0.9955151706797282,0.0,0.0
58,Device,AssignAddVariableOp,AssignAddVariableOp_3,2,5.12,2.56,5.12,2.56,0.0004484829320272436,0.9959636536117554,0.0,0.0
59,Device,Cast,Cast_1,2,5.12,2.56,5.12,2.56,0.0004484829320272436,0.9964121365437827,0.0,0.0
60,Device,DivNoNan,div_no_nan,2,5.12,2.56,5.12,2.56,0.0004484829320272436,0.99686061947581,0.0,0.0
61,Device,DivNoNan,div_no_nan_1,2,5.12,2.56,5.12,2.56,0.0004484829320272436,0.9973091024078372,0.0,0.0
62,Device,Relu,sequential/dense/Relu,2,5.12,2.56,5.12,2.56,0.0004484829320272436,0.9977575853398645,0.0,0.0
63,Device,Relu,sequential/dense_1/Relu,2,5.12,2.56,5.12,2.56,0.0004484829320272436,0.9982060682718917,0.0,0.0
64,Device,BiasAdd,sequential/dense_2/BiasAdd,2,5.12,2.56,5.12,2.56,0.0004484829320272436,0.998654551203919,0.0,0.0
65,Device,Mul,Mul,2,4.096,2.048,4.096,2.048,0.0003587863456217949,0.9990133375495408,0.0,0.0
66,Device,BiasAddGrad,gradient_tape/sequential/dense_1/BiasAdd/BiasAddGrad,2,4.096,2.048,4.096,2.048,0.0003587863456217949,0.9993721238951626,0.0,0.0
67,Device,ReluGrad,gradient_tape/sequential/dense_1/ReluGrad,2,4.096,2.048,4.096,2.048,0.0003587863456217949,0.9997309102407844,0.0,0.0
68,Device,LogicalAnd,LogicalAnd,1,3.072,3.072,3.072,3.072,0.0002690897592163462,1.0000000000000007,0.0,0.0
69,Host,IDLE,IDLE,0,44024.114,0.0,44024.114,0.0,0.0,0.0,0.8082700440409094,0.8082700440409094
70,Host,GatherV2,GatherV2,2,4159.043,2079.5215,4159.043,2079.5215,0.0,0.0,0.07635883072577078,0.8846288747666802
71,Host,_Send,IteratorGetNext/_3,2,2496.114,1248.057,2496.114,1248.057,0.0,0.0,0.0458279335891037,0.9304568083557838
72,Host,_Send,IteratorGetNext/_1,2,2330.831,1165.4155,2330.831,1165.4155,0.0,0.0,0.042793385348355154,0.973250193704139
73,Host,_Send,IteratorGetNext/_6,2,1005.917,502.9585,1005.917,502.9585,0.0,0.0,0.018468346186171956,0.991718539890311
74,Host,GatherV2,GatherV2_1,2,65.181,32.5905,65.181,32.5905,0.0,0.0,0.0011967043729859165,0.9929152442632969
75,Host,Dataset,Iterator::Root::ParallelMapV2::Zip[1]::ForeverRepeat,2,59.85,29.925,55.7,27.85,0.0,0.0,0.0010226359456791943,0.9939378802089761
76,Host,Dataset,Iterator::Root::ParallelMapV2,2,55.211,27.6055,55.211,27.6055,0.0,0.0,0.0010136580466228724,0.994951538255599
77,Host,IteratorGetNext,IteratorGetNext,2,48.25,24.125,48.25,24.125,0.0,0.0,0.0008858560929806305,0.9958373943485797
78,Host,LogicalAnd,LogicalAnd,1,46.04,46.04,46.04,46.04,0.0,0.0,0.0008452811299653519,0.996682675478545
79,Host,Dataset,Iterator::Root,2,96.842,48.421,41.631,20.8155,0.0,0.0,0.0007643331607642825,0.9974470086393094
80,Host,FlushSummaryWriter,FlushSummaryWriter,1,39.561,39.561,39.561,39.561,0.0,0.0,0.0007263285573970305,0.9981733371967064
81,Host,Dataset,Iterator::Root::ParallelMapV2::Zip[0]::FlatMap,2,54.642,27.321,34.251,17.1255,0.0,0.0,0.000628838487889732,0.9988021756845962
82,Host,WriteSummary,WriteSummary,1,21.701,21.701,21.701,21.701,0.0,0.0,0.0003984241051559101,0.9992005997897521
83,Host,Dataset,Iterator::Root::ParallelMapV2::Zip[0]::FlatMap[1]::TensorSlice,2,20.391,10.1955,20.391,10.1955,0.0,0.0,0.0003743728827350888,0.9995749726724872
84,Host,Dataset,Iterator::Root::ParallelMapV2::Zip,2,125.432,62.716,10.94,5.47,0.0,0.0,0.00020085524678151496,0.9997758279192687
85,Host,ReadVariableOp,ReadVariableOp,1,5.68,5.68,5.68,5.68,0.0,0.0,0.00010428316286279754,0.9998801110821315
86,Host,Dataset,Iterator::Root::ParallelMapV2::Zip[1]::ForeverRepeat::FromTensor,4,4.15,1.0375,4.15,1.0375,0.0,0.0,7.619280385222004e-05,0.9999563038859837
87,Host,Identity,Identity,2,2.38,1.19,2.38,1.19,0.0,0.0,4.3696114016453894e-05,1.0000000000000002
