Rank,Host/device,Type,Operation,#Occurrences,Total time (us),Avg. time (us),Total self-time (us),Avg. self-time (us),Total self-time on Device (%),Cumulative total-self time on Device (%),Total self-time on Host (%),Cumulative total-self time on Host (%)
1,Device,IDLE,IDLE,0,12877.069,0.0,12877.069,0.0,0.6070887044390076,0.6070887044390076,0.0,0.0
2,Device,_Send,IteratorGetNext/_1,2,1343.973,671.9865,1343.973,671.9865,0.06336153261048819,0.6704502370494958,0.0,0.0
3,Device,FusedBatchNormGradV3,gradient_tape/model/conv1_bn/FusedBatchNormGradV3,2,727.042,363.521,727.042,363.521,0.03427635480191533,0.7047265918514112,0.0,0.0
4,Device,Conv2DBackpropFilter,gradient_tape/model/conv1/Conv2D/Conv2DBackpropFilter,2,619.522,309.761,619.522,309.761,0.02920733035999597,0.7339339222114072,0.0,0.0
5,Device,_FusedConv2D,model/conv1/Relu,2,542.723,271.3615,542.723,271.3615,0.025586645760712436,0.7595205679721196,0.0,0.0
6,Device,FusedBatchNormV3,model/conv1_bn/FusedBatchNormV3,4,433.154,108.2885,433.154,108.2885,0.020421021327335743,0.7799415892994553,0.0,0.0
7,Device,ReluGrad,gradient_tape/model/conv1/ReluGrad,2,430.082,215.041,430.082,215.041,0.020276192057566617,0.8002177813570219,0.0,0.0
8,Device,MaxPoolGrad,gradient_tape/model/conv1_max_pool/MaxPool/MaxPoolGrad,2,318.466,159.233,318.466,159.233,0.015014061922621757,0.8152318432796437,0.0,0.0
9,Device,MaxPool,model/conv1_max_pool/MaxPool,2,188.416,94.208,188.416,94.208,0.008882861879172975,0.8241147051588167,0.0,0.0
10,Device,BiasAddGrad,gradient_tape/model/conv1/BiasAdd/BiasAddGrad,2,157.697,78.8485,157.697,78.8485,0.007434616326426316,0.831549321485243,0.0,0.0
11,Device,SoftmaxCrossEntropyWithLogits,categorical_crossentropy/softmax_cross_entropy_with_logits,2,129.026,64.513,129.026,64.513,0.006082923620192407,0.8376322451054353,0.0,0.0
12,Device,Conv2DBackpropInput,gradient_tape/model/ResBlock21_conv1/Conv2D/Conv2DBackpropInput,2,122.881,61.4405,122.881,61.4405,0.00579321793570957,0.8434254630411449,0.0,0.0
13,Device,Conv2DBackpropInput,gradient_tape/model/ResBlock21_pooling_conv/Conv2D/Conv2DBackpropInput,2,118.785,59.3925,118.785,59.3925,0.005600112242684071,0.8490255752838289,0.0,0.0
14,Device,AddN,SGD/gradients/AddN_3,2,98.304,49.152,98.304,49.152,0.004634536632611987,0.853660111916441,0.0,0.0
15,Device,Conv2DBackpropFilter,gradient_tape/model/ResBlock32_conv2/Conv2D/Conv2DBackpropFilter,2,79.872,39.936,79.872,39.936,0.0037655610139972397,0.8574256729304383,0.0,0.0
16,Device,Conv2DBackpropFilter,gradient_tape/model/ResBlock31_conv2/Conv2D/Conv2DBackpropFilter,2,76.801,38.4005,76.801,38.4005,0.0036207788891727015,0.8610464518196109,0.0,0.0
17,Device,Conv2DBackpropFilter,gradient_tape/model/ResBlock32_conv1/Conv2D/Conv2DBackpropFilter,2,76.801,38.4005,76.801,38.4005,0.0036207788891727015,0.8646672307087836,0.0,0.0
18,Device,Conv2DBackpropFilter,gradient_tape/model/ResBlock21_conv1/Conv2D/Conv2DBackpropFilter,2,76.8,38.4,76.8,38.4,0.0036207317442281148,0.8682879624530118,0.0,0.0
19,Device,Conv2DBackpropFilter,gradient_tape/model/ResBlock21_pooling_conv/Conv2D/Conv2DBackpropFilter,2,76.8,38.4,76.8,38.4,0.0036207317442281148,0.8719086941972399,0.0,0.0
20,Device,Transpose,gradient_tape/model/conv1/Conv2D/Conv2DBackpropFilter-0-TransposeNHWCToNCHW-LayoutOptimizer,2,68.608,34.304,68.608,34.304,0.0032345203581771163,0.875143214555417,0.0,0.0
21,Device,Conv2DBackpropFilter,gradient_tape/model/ResBlock21_conv2/Conv2D/Conv2DBackpropFilter,2,64.512,32.256,64.512,32.256,0.0030414146651516166,0.8781846292205686,0.0,0.0
22,Device,Conv2DBackpropFilter,gradient_tape/model/ResBlock22_conv2/Conv2D/Conv2DBackpropFilter,2,63.488,31.744,63.488,31.744,0.002993138241895242,0.8811777674624639,0.0,0.0
23,Device,Conv2DBackpropFilter,gradient_tape/model/ResBlock22_conv1/Conv2D/Conv2DBackpropFilter,2,61.44,30.72,61.44,30.72,0.002896585395382492,0.8840743528578464,0.0,0.0
24,Device,Conv2DBackpropInput,gradient_tape/model/ResBlock32_conv2/Conv2D/Conv2DBackpropInput,2,54.272,27.136,54.272,27.136,0.002558650432587868,0.8866330032904343,0.0,0.0
25,Device,Conv2DBackpropInput,gradient_tape/model/ResBlock31_conv2/Conv2D/Conv2DBackpropInput,2,53.248,26.624,53.248,26.624,0.002510374009331493,0.8891433772997658,0.0,0.0
26,Device,Conv2DBackpropFilter,gradient_tape/model/ResBlock31_pooling_conv/Conv2D/Conv2DBackpropFilter,2,53.248,26.624,53.248,26.624,0.002510374009331493,0.8916537513090973,0.0,0.0
27,Device,Conv2DBackpropFilter,gradient_tape/model/ResBlock31_conv1/Conv2D/Conv2DBackpropFilter,2,52.224,26.112,52.224,26.112,0.002462097586075118,0.8941158488951724,0.0,0.0
28,Device,Conv2DBackpropInput,gradient_tape/model/ResBlock31_pooling_conv/Conv2D/Conv2DBackpropInput,2,51.2,25.6,51.2,25.6,0.0024138211628187433,0.8965296700579911,0.0,0.0
29,Device,Conv2DBackpropInput,gradient_tape/model/ResBlock31_conv1/Conv2D/Conv2DBackpropInput,2,50.176,25.088,50.176,25.088,0.0023655447395623686,0.8988952147975535,0.0,0.0
30,Device,Conv2DBackpropInput,gradient_tape/model/ResBlock32_conv1/Conv2D/Conv2DBackpropInput,2,50.176,25.088,50.176,25.088,0.0023655447395623686,0.9012607595371159,0.0,0.0
31,Device,Conv2DBackpropInput,gradient_tape/model/ResBlock22_conv2/Conv2D/Conv2DBackpropInput,2,48.128,24.064,48.128,24.064,0.0022689918930496188,0.9035297514301656,0.0,0.0
32,Device,Conv2DBackpropInput,gradient_tape/model/ResBlock21_conv2/Conv2D/Conv2DBackpropInput,2,47.104,23.552,47.104,23.552,0.0022207154697932436,0.9057504668999588,0.0,0.0
33,Device,Conv2D,model/ResBlock21_pooling_conv/Conv2D,2,47.104,23.552,47.104,23.552,0.0022207154697932436,0.9079711823697519,0.0,0.0
34,Device,Conv2DBackpropInput,gradient_tape/model/ResBlock22_conv1/Conv2D/Conv2DBackpropInput,2,46.08,23.04,46.08,23.04,0.002172439046536869,0.9101436214162888,0.0,0.0
35,Device,Conv2D,model/ResBlock21_conv2/Conv2D,2,44.032,22.016,44.032,22.016,0.002075886200024119,0.9122195076163129,0.0,0.0
36,Device,Conv2D,model/ResBlock21_conv1/Conv2D,2,43.008,21.504,43.008,21.504,0.0020276097767677444,0.9142471173930806,0.0,0.0
37,Device,Conv2D,model/ResBlock22_conv1/Conv2D,2,40.96,20.48,40.96,20.48,0.0019310569302549948,0.9161781743233356,0.0,0.0
38,Device,Conv2D,model/ResBlock22_conv2/Conv2D,2,39.936,19.968,39.936,19.968,0.0018827805069986199,0.9180609548303342,0.0,0.0
39,Device,Conv2D,model/ResBlock31_conv1/Conv2D,2,39.936,19.968,39.936,19.968,0.0018827805069986199,0.9199437353373329,0.0,0.0
40,Device,Conv2D,model/ResBlock31_pooling_conv/Conv2D,2,39.936,19.968,39.936,19.968,0.0018827805069986199,0.9218265158443315,0.0,0.0
41,Device,Conv2D,model/ResBlock32_conv2/Conv2D,2,37.889,18.9445,37.889,18.9445,0.0017862748054304565,0.923612790649762,0.0,0.0
42,Device,Conv2D,model/ResBlock32_conv1/Conv2D,2,36.864,18.432,36.864,18.432,0.0017379512372294951,0.9253507418869915,0.0,0.0
43,Device,Conv2D,model/ResBlock31_conv2/Conv2D,2,35.84,17.92,35.84,17.92,0.0016896748139731204,0.9270404167009646,0.0,0.0
44,Device,FusedBatchNormGradV3,gradient_tape/model/ResBlock21_pooling_bn/FusedBatchNormGradV3,2,31.744,15.872,31.744,15.872,0.001496569120947621,0.9285369858219122,0.0,0.0
45,Device,FusedBatchNormGradV3,gradient_tape/model/ResBlock21_bn1/FusedBatchNormGradV3,2,29.696,14.848,29.696,14.848,0.0014000162744348711,0.9299370020963471,0.0,0.0
46,Device,FusedBatchNormGradV3,gradient_tape/model/ResBlock21_bn2/FusedBatchNormGradV3,2,29.696,14.848,29.696,14.848,0.0014000162744348711,0.931337018370782,0.0,0.0
47,Device,FusedBatchNormGradV3,gradient_tape/model/ResBlock22_bn1/FusedBatchNormGradV3,2,29.696,14.848,29.696,14.848,0.0014000162744348711,0.9327370346452168,0.0,0.0
48,Device,FusedBatchNormGradV3,gradient_tape/model/ResBlock22_bn2/FusedBatchNormGradV3,2,28.672,14.336,28.672,14.336,0.0013517398511784964,0.9340887744963954,0.0,0.0
49,Device,ArgMax,ArgMax,2,26.624,13.312,26.624,13.312,0.0012551870046657466,0.9353439615010611,0.0,0.0
50,Device,ReluGrad,gradient_tape/model/tf.nn.relu/ReluGrad,2,25.6,12.8,25.6,12.8,0.0012069105814093717,0.9365508720824706,0.0,0.0
51,Device,Softmax,model/dense/Softmax,2,21.504,10.752,21.504,10.752,0.0010138048883838722,0.9375646769708544,0.0,0.0
52,Device,BiasAddGrad,gradient_tape/model/ResBlock21_pooling_conv/BiasAdd/BiasAddGrad,2,20.48,10.24,20.48,10.24,0.0009655284651274974,0.938530205435982,0.0,0.0
53,Device,FusedBatchNormV3,model/ResBlock21_bn1/FusedBatchNormV3,4,20.48,5.12,20.48,5.12,0.0009655284651274974,0.9394957339011095,0.0,0.0
54,Device,FusedBatchNormV3,model/ResBlock21_pooling_bn/FusedBatchNormV3,4,20.48,5.12,20.48,5.12,0.0009655284651274974,0.9404612623662371,0.0,0.0
55,Device,ArgMax,ArgMax_1,2,19.456,9.728,19.456,9.728,0.0009172520418711225,0.9413785144081082,0.0,0.0
56,Device,FusedBatchNormV3,model/ResBlock21_bn2/FusedBatchNormV3,4,19.456,4.864,19.456,4.864,0.0009172520418711225,0.9422957664499793,0.0,0.0
57,Device,BiasAddGrad,gradient_tape/model/ResBlock21_conv1/BiasAdd/BiasAddGrad,2,18.432,9.216,18.432,9.216,0.0008689756186147476,0.943164742068594,0.0,0.0
58,Device,AddV2,model/ResBlock21_add/add,2,18.432,9.216,18.432,9.216,0.0008689756186147476,0.9440337176872088,0.0,0.0
59,Device,FusedBatchNormV3,model/ResBlock22_bn1/FusedBatchNormV3,4,18.432,4.608,18.432,4.608,0.0008689756186147476,0.9449026933058235,0.0,0.0
60,Device,FusedBatchNormV3,model/ResBlock22_bn2/FusedBatchNormV3,4,18.432,4.608,18.432,4.608,0.0008689756186147476,0.9457716689244383,0.0,0.0
61,Device,FusedBatchNormGradV3,gradient_tape/model/ResBlock31_pooling_bn/FusedBatchNormGradV3,2,17.408,8.704,17.408,8.704,0.0008206991953583727,0.9465923681197966,0.0,0.0
62,Device,AddN,SGD/gradients/AddN_2,2,16.385,8.1925,16.385,8.1925,0.0007724699170465842,0.9473648380368432,0.0,0.0
63,Device,ReluGrad,gradient_tape/model/tf.nn.relu_1/ReluGrad,2,16.385,8.1925,16.385,8.1925,0.0007724699170465842,0.9481373079538898,0.0,0.0
64,Device,FusedBatchNormV3,model/ResBlock31_bn1/FusedBatchNormV3,4,16.385,4.09625,16.385,4.09625,0.0007724699170465842,0.9489097778709364,0.0,0.0
65,Device,ReluGrad,gradient_tape/model/tf.nn.relu_3/ReluGrad,2,16.384,8.192,16.384,8.192,0.0007724227721019979,0.9496822006430384,0.0,0.0
66,Device,AddV2,model/ResBlock22_add/add,2,16.384,8.192,16.384,8.192,0.0007724227721019979,0.9504546234151404,0.0,0.0
67,Device,FusedBatchNormV3,model/ResBlock31_bn2/FusedBatchNormV3,4,16.384,4.096,16.384,4.096,0.0007724227721019979,0.9512270461872424,0.0,0.0
68,Device,FusedBatchNormV3,model/ResBlock31_pooling_bn/FusedBatchNormV3,4,16.384,4.096,16.384,4.096,0.0007724227721019979,0.9519994689593444,0.0,0.0
69,Device,BiasAddGrad,gradient_tape/model/ResBlock22_conv2/BiasAdd/BiasAddGrad,2,15.36,7.68,15.36,7.68,0.000724146348845623,0.95272361530819,0.0,0.0
70,Device,FusedBatchNormGradV3,gradient_tape/model/ResBlock31_bn1/FusedBatchNormGradV3,2,15.36,7.68,15.36,7.68,0.000724146348845623,0.9534477616570357,0.0,0.0
71,Device,FusedBatchNormGradV3,gradient_tape/model/ResBlock31_bn2/FusedBatchNormGradV3,2,15.36,7.68,15.36,7.68,0.000724146348845623,0.9541719080058814,0.0,0.0
72,Device,FusedBatchNormV3,model/ResBlock32_bn2/FusedBatchNormV3,4,15.36,3.84,15.36,3.84,0.000724146348845623,0.954896054354727,0.0,0.0
73,Device,MatMul,model/dense/MatMul,2,15.36,7.68,15.36,7.68,0.000724146348845623,0.9556202007035727,0.0,0.0
74,Device,Relu,model/tf.nn.relu/Relu,2,15.36,7.68,15.36,7.68,0.000724146348845623,0.9563443470524183,0.0,0.0
75,Device,AddN,SGD/gradients/AddN_1,2,14.337,7.1685,14.337,7.1685,0.0006759170705338345,0.9570202641229522,0.0,0.0
76,Device,BiasAdd,model/ResBlock21_conv1/BiasAdd,2,14.337,7.1685,14.337,7.1685,0.0006759170705338345,0.957696181193486,0.0,0.0
77,Device,BiasAddGrad,gradient_tape/model/ResBlock21_conv2/BiasAdd/BiasAddGrad,2,14.336,7.168,14.336,7.168,0.0006758699255892482,0.9583720511190752,0.0,0.0
78,Device,BiasAddGrad,gradient_tape/model/ResBlock22_conv1/BiasAdd/BiasAddGrad,2,14.336,7.168,14.336,7.168,0.0006758699255892482,0.9590479210446644,0.0,0.0
79,Device,BiasAddGrad,gradient_tape/model/ResBlock31_conv1/BiasAdd/BiasAddGrad,2,14.336,7.168,14.336,7.168,0.0006758699255892482,0.9597237909702536,0.0,0.0
80,Device,FusedBatchNormGradV3,gradient_tape/model/ResBlock32_bn1/FusedBatchNormGradV3,2,14.336,7.168,14.336,7.168,0.0006758699255892482,0.9603996608958428,0.0,0.0
81,Device,FusedBatchNormGradV3,gradient_tape/model/ResBlock32_bn2/FusedBatchNormGradV3,2,14.336,7.168,14.336,7.168,0.0006758699255892482,0.961075530821432,0.0,0.0
82,Device,MatMul,gradient_tape/model/dense/MatMul/MatMul,2,14.336,7.168,14.336,7.168,0.0006758699255892482,0.9617514007470213,0.0,0.0
83,Device,MatMul,gradient_tape/model/dense/MatMul/MatMul_1,2,14.336,7.168,14.336,7.168,0.0006758699255892482,0.9624272706726105,0.0,0.0
84,Device,ReluGrad,gradient_tape/model/tf.nn.relu_4/ReluGrad,2,14.336,7.168,14.336,7.168,0.0006758699255892482,0.9631031405981997,0.0,0.0
85,Device,FusedBatchNormV3,model/ResBlock32_bn1/FusedBatchNormV3,4,14.336,3.584,14.336,3.584,0.0006758699255892482,0.9637790105237889,0.0,0.0
86,Device,BiasAddGrad,gradient_tape/model/ResBlock31_conv2/BiasAdd/BiasAddGrad,2,13.312,6.656,13.312,6.656,0.0006275935023328733,0.9644066040261218,0.0,0.0
87,Device,BiasAddGrad,gradient_tape/model/ResBlock31_pooling_conv/BiasAdd/BiasAddGrad,2,13.312,6.656,13.312,6.656,0.0006275935023328733,0.9650341975284547,0.0,0.0
88,Device,BiasAddGrad,gradient_tape/model/ResBlock32_conv1/BiasAdd/BiasAddGrad,2,13.312,6.656,13.312,6.656,0.0006275935023328733,0.9656617910307875,0.0,0.0
89,Device,Mean,model/GAP/Mean,2,13.312,6.656,13.312,6.656,0.0006275935023328733,0.9662893845331204,0.0,0.0
90,Device,BiasAddGrad,gradient_tape/model/ResBlock32_conv2/BiasAdd/BiasAddGrad,2,12.288,6.144,12.288,6.144,0.0005793170790764984,0.966868701612197,0.0,0.0
91,Device,ReluGrad,gradient_tape/model/tf.nn.relu_2/ReluGrad,2,12.288,6.144,12.288,6.144,0.0005793170790764984,0.9674480186912735,0.0,0.0
92,Device,BiasAdd,model/ResBlock22_conv1/BiasAdd,2,11.264,5.632,11.264,5.632,0.0005310406558201236,0.9679790593470936,0.0,0.0
93,Device,_Send,IteratorGetNext/_3,2,10.24,5.12,10.24,5.12,0.0004827642325637487,0.9684618235796574,0.0,0.0
94,Device,AddN,SGD/gradients/AddN,2,10.24,5.12,10.24,5.12,0.0004827642325637487,0.9689445878122211,0.0,0.0
95,Device,BroadcastTo,gradient_tape/model/GAP/BroadcastTo,2,10.24,5.12,10.24,5.12,0.0004827642325637487,0.9694273520447849,0.0,0.0
96,Device,DynamicStitch,gradient_tape/model/GAP/DynamicStitch,2,10.24,5.12,10.24,5.12,0.0004827642325637487,0.9699101162773487,0.0,0.0
97,Device,Transpose,gradient_tape/model/tf.nn.relu_7/ReluGrad-0-TransposeNHWCToNCHW-LayoutOptimizer,2,10.24,5.12,10.24,5.12,0.0004827642325637487,0.9703928805099125,0.0,0.0
98,Device,BiasAdd,model/ResBlock21_conv2/BiasAdd,2,10.24,5.12,10.24,5.12,0.0004827642325637487,0.9708756447424762,0.0,0.0
99,Device,BiasAdd,model/ResBlock21_pooling_conv/BiasAdd,2,10.24,5.12,10.24,5.12,0.0004827642325637487,0.97135840897504,0.0,0.0
100,Device,BiasAdd,model/ResBlock22_conv2/BiasAdd,2,10.24,5.12,10.24,5.12,0.0004827642325637487,0.9718411732076038,0.0,0.0
101,Device,Transpose,model/tf.nn.relu_7/Relu-0-0-TransposeNCHWToNHWC-LayoutOptimizer,2,10.24,5.12,10.24,5.12,0.0004827642325637487,0.9723239374401675,0.0,0.0
102,Device,Relu,model/tf.nn.relu_1/Relu,2,9.216,4.608,9.216,4.608,0.0004344878093073738,0.9727584252494749,0.0,0.0
103,Device,Relu,model/tf.nn.relu_3/Relu,2,9.216,4.608,9.216,4.608,0.0004344878093073738,0.9731929130587822,0.0,0.0
104,Device,ResourceApplyGradientDescent,SGD/SGD/update/ResourceApplyGradientDescent,2,8.193,4.0965,8.193,4.0965,0.00038625853099558523,0.9735791715897778,0.0,0.0
105,Device,ResourceApplyGradientDescent,SGD/SGD/update_28/ResourceApplyGradientDescent,2,8.192,4.096,8.192,4.096,0.00038621138605099897,0.9739653829758288,0.0,0.0
106,Device,ResourceApplyGradientDescent,SGD/SGD/update_30/ResourceApplyGradientDescent,2,8.192,4.096,8.192,4.096,0.00038621138605099897,0.9743515943618798,0.0,0.0
107,Device,ResourceApplyGradientDescent,SGD/SGD/update_4/ResourceApplyGradientDescent,2,8.192,4.096,8.192,4.096,0.00038621138605099897,0.9747378057479308,0.0,0.0
108,Device,RealDiv,gradient_tape/model/GAP/truediv,2,8.192,4.096,8.192,4.096,0.00038621138605099897,0.9751240171339818,0.0,0.0
109,Device,ReluGrad,gradient_tape/model/tf.nn.relu_5/ReluGrad,2,8.192,4.096,8.192,4.096,0.00038621138605099897,0.9755102285200328,0.0,0.0
110,Device,ReluGrad,gradient_tape/model/tf.nn.relu_6/ReluGrad,2,8.192,4.096,8.192,4.096,0.00038621138605099897,0.9758964399060838,0.0,0.0
111,Device,ReluGrad,gradient_tape/model/tf.nn.relu_7/ReluGrad,2,8.192,4.096,8.192,4.096,0.00038621138605099897,0.9762826512921348,0.0,0.0
112,Device,BiasAdd,model/ResBlock31_conv1/BiasAdd,2,8.192,4.096,8.192,4.096,0.00038621138605099897,0.9766688626781858,0.0,0.0
113,Device,BiasAdd,model/ResBlock31_conv2/BiasAdd,2,8.192,4.096,8.192,4.096,0.00038621138605099897,0.9770550740642368,0.0,0.0
114,Device,BiasAdd,model/ResBlock31_pooling_conv/BiasAdd,2,8.192,4.096,8.192,4.096,0.00038621138605099897,0.9774412854502877,0.0,0.0
115,Device,AddV2,model/ResBlock32_add/add,2,8.192,4.096,8.192,4.096,0.00038621138605099897,0.9778274968363387,0.0,0.0
116,Device,BiasAdd,model/ResBlock32_conv1/BiasAdd,2,8.192,4.096,8.192,4.096,0.00038621138605099897,0.9782137082223897,0.0,0.0
117,Device,Relu,model/tf.nn.relu_2/Relu,2,8.192,4.096,8.192,4.096,0.00038621138605099897,0.9785999196084407,0.0,0.0
118,Device,ResourceApplyGradientDescent,SGD/SGD/update_10/ResourceApplyGradientDescent,2,7.168,3.584,7.168,3.584,0.0003379349627946241,0.9789378545712354,0.0,0.0
119,Device,ResourceApplyGradientDescent,SGD/SGD/update_13/ResourceApplyGradientDescent,2,7.168,3.584,7.168,3.584,0.0003379349627946241,0.97927578953403,0.0,0.0
120,Device,ResourceApplyGradientDescent,SGD/SGD/update_16/ResourceApplyGradientDescent,2,7.168,3.584,7.168,3.584,0.0003379349627946241,0.9796137244968247,0.0,0.0
121,Device,ResourceApplyGradientDescent,SGD/SGD/update_20/ResourceApplyGradientDescent,2,7.168,3.584,7.168,3.584,0.0003379349627946241,0.9799516594596194,0.0,0.0
122,Device,ResourceApplyGradientDescent,SGD/SGD/update_24/ResourceApplyGradientDescent,2,7.168,3.584,7.168,3.584,0.0003379349627946241,0.980289594422414,0.0,0.0
123,Device,ResourceApplyGradientDescent,SGD/SGD/update_34/ResourceApplyGradientDescent,2,7.168,3.584,7.168,3.584,0.0003379349627946241,0.9806275293852087,0.0,0.0
124,Device,ResourceApplyGradientDescent,SGD/SGD/update_36/ResourceApplyGradientDescent,2,7.168,3.584,7.168,3.584,0.0003379349627946241,0.9809654643480034,0.0,0.0
125,Device,ResourceApplyGradientDescent,SGD/SGD/update_7/ResourceApplyGradientDescent,2,7.168,3.584,7.168,3.584,0.0003379349627946241,0.981303399310798,0.0,0.0
126,Device,ResourceApplyGradientDescent,SGD/SGD/update_8/ResourceApplyGradientDescent,2,7.168,3.584,7.168,3.584,0.0003379349627946241,0.9816413342735927,0.0,0.0
127,Device,BiasAddGrad,gradient_tape/model/dense/BiasAdd/BiasAddGrad,2,7.168,3.584,7.168,3.584,0.0003379349627946241,0.9819792692363873,0.0,0.0
128,Device,AddV2,model/ResBlock31_add/add,2,7.168,3.584,7.168,3.584,0.0003379349627946241,0.982317204199182,0.0,0.0
129,Device,BiasAdd,model/ResBlock32_conv2/BiasAdd,2,7.168,3.584,7.168,3.584,0.0003379349627946241,0.9826551391619767,0.0,0.0
130,Device,Relu,model/tf.nn.relu_4/Relu,2,7.168,3.584,7.168,3.584,0.0003379349627946241,0.9829930741247713,0.0,0.0
131,Device,Relu,model/tf.nn.relu_6/Relu,2,7.168,3.584,7.168,3.584,0.0003379349627946241,0.983331009087566,0.0,0.0
132,Device,Relu,model/tf.nn.relu_7/Relu,2,7.168,3.584,7.168,3.584,0.0003379349627946241,0.9836689440503606,0.0,0.0
133,Device,Cast,categorical_crossentropy/weighted_loss/num_elements/Cast,2,6.145,3.0725,6.145,3.0725,0.0002897056844828355,0.9839586497348435,0.0,0.0
134,Device,AssignAddVariableOp,AssignAddVariableOp,2,6.144,3.072,6.144,3.072,0.0002896585395382492,0.9842483082743817,0.0,0.0
135,Device,AssignAddVariableOp,AssignAddVariableOp_1,2,6.144,3.072,6.144,3.072,0.0002896585395382492,0.9845379668139199,0.0,0.0
136,Device,AssignAddVariableOp,AssignAddVariableOp_2,2,6.144,3.072,6.144,3.072,0.0002896585395382492,0.9848276253534581,0.0,0.0
137,Device,AssignAddVariableOp,AssignAddVariableOp_3,2,6.144,3.072,6.144,3.072,0.0002896585395382492,0.9851172838929964,0.0,0.0
138,Device,AssignAddVariableOp,AssignAddVariableOp_4,2,6.144,3.072,6.144,3.072,0.0002896585395382492,0.9854069424325346,0.0,0.0
139,Device,Cast,Cast,2,6.144,3.072,6.144,3.072,0.0002896585395382492,0.9856966009720728,0.0,0.0
140,Device,Cast,Cast_2,2,6.144,3.072,6.144,3.072,0.0002896585395382492,0.985986259511611,0.0,0.0
141,Device,AssignAddVariableOp,SGD/SGD/AssignAddVariableOp,2,6.144,3.072,6.144,3.072,0.0002896585395382492,0.9862759180511492,0.0,0.0
142,Device,ResourceApplyGradientDescent,SGD/SGD/update_1/ResourceApplyGradientDescent,2,6.144,3.072,6.144,3.072,0.0002896585395382492,0.9865655765906874,0.0,0.0
143,Device,ResourceApplyGradientDescent,SGD/SGD/update_11/ResourceApplyGradientDescent,2,6.144,3.072,6.144,3.072,0.0002896585395382492,0.9868552351302257,0.0,0.0
144,Device,ResourceApplyGradientDescent,SGD/SGD/update_12/ResourceApplyGradientDescent,2,6.144,3.072,6.144,3.072,0.0002896585395382492,0.9871448936697639,0.0,0.0
145,Device,ResourceApplyGradientDescent,SGD/SGD/update_14/ResourceApplyGradientDescent,2,6.144,3.072,6.144,3.072,0.0002896585395382492,0.9874345522093021,0.0,0.0
146,Device,ResourceApplyGradientDescent,SGD/SGD/update_17/ResourceApplyGradientDescent,2,6.144,3.072,6.144,3.072,0.0002896585395382492,0.9877242107488403,0.0,0.0
147,Device,ResourceApplyGradientDescent,SGD/SGD/update_18/ResourceApplyGradientDescent,2,6.144,3.072,6.144,3.072,0.0002896585395382492,0.9880138692883785,0.0,0.0
148,Device,ResourceApplyGradientDescent,SGD/SGD/update_2/ResourceApplyGradientDescent,2,6.144,3.072,6.144,3.072,0.0002896585395382492,0.9883035278279168,0.0,0.0
149,Device,ResourceApplyGradientDescent,SGD/SGD/update_21/ResourceApplyGradientDescent,2,6.144,3.072,6.144,3.072,0.0002896585395382492,0.988593186367455,0.0,0.0
150,Device,ResourceApplyGradientDescent,SGD/SGD/update_22/ResourceApplyGradientDescent,2,6.144,3.072,6.144,3.072,0.0002896585395382492,0.9888828449069932,0.0,0.0
151,Device,ResourceApplyGradientDescent,SGD/SGD/update_23/ResourceApplyGradientDescent,2,6.144,3.072,6.144,3.072,0.0002896585395382492,0.9891725034465314,0.0,0.0
152,Device,ResourceApplyGradientDescent,SGD/SGD/update_25/ResourceApplyGradientDescent,2,6.144,3.072,6.144,3.072,0.0002896585395382492,0.9894621619860696,0.0,0.0
153,Device,ResourceApplyGradientDescent,SGD/SGD/update_26/ResourceApplyGradientDescent,2,6.144,3.072,6.144,3.072,0.0002896585395382492,0.9897518205256078,0.0,0.0
154,Device,ResourceApplyGradientDescent,SGD/SGD/update_27/ResourceApplyGradientDescent,2,6.144,3.072,6.144,3.072,0.0002896585395382492,0.9900414790651461,0.0,0.0
155,Device,ResourceApplyGradientDescent,SGD/SGD/update_29/ResourceApplyGradientDescent,2,6.144,3.072,6.144,3.072,0.0002896585395382492,0.9903311376046843,0.0,0.0
156,Device,ResourceApplyGradientDescent,SGD/SGD/update_3/ResourceApplyGradientDescent,2,6.144,3.072,6.144,3.072,0.0002896585395382492,0.9906207961442225,0.0,0.0
157,Device,ResourceApplyGradientDescent,SGD/SGD/update_31/ResourceApplyGradientDescent,2,6.144,3.072,6.144,3.072,0.0002896585395382492,0.9909104546837607,0.0,0.0
158,Device,ResourceApplyGradientDescent,SGD/SGD/update_33/ResourceApplyGradientDescent,2,6.144,3.072,6.144,3.072,0.0002896585395382492,0.9912001132232989,0.0,0.0
159,Device,ResourceApplyGradientDescent,SGD/SGD/update_35/ResourceApplyGradientDescent,2,6.144,3.072,6.144,3.072,0.0002896585395382492,0.9914897717628371,0.0,0.0
160,Device,ResourceApplyGradientDescent,SGD/SGD/update_37/ResourceApplyGradientDescent,2,6.144,3.072,6.144,3.072,0.0002896585395382492,0.9917794303023754,0.0,0.0
161,Device,ResourceApplyGradientDescent,SGD/SGD/update_38/ResourceApplyGradientDescent,2,6.144,3.072,6.144,3.072,0.0002896585395382492,0.9920690888419136,0.0,0.0
162,Device,ResourceApplyGradientDescent,SGD/SGD/update_39/ResourceApplyGradientDescent,2,6.144,3.072,6.144,3.072,0.0002896585395382492,0.9923587473814518,0.0,0.0
163,Device,ResourceApplyGradientDescent,SGD/SGD/update_40/ResourceApplyGradientDescent,2,6.144,3.072,6.144,3.072,0.0002896585395382492,0.99264840592099,0.0,0.0
164,Device,ResourceApplyGradientDescent,SGD/SGD/update_41/ResourceApplyGradientDescent,2,6.144,3.072,6.144,3.072,0.0002896585395382492,0.9929380644605282,0.0,0.0
165,Device,ResourceApplyGradientDescent,SGD/SGD/update_42/ResourceApplyGradientDescent,2,6.144,3.072,6.144,3.072,0.0002896585395382492,0.9932277230000665,0.0,0.0
166,Device,ResourceApplyGradientDescent,SGD/SGD/update_43/ResourceApplyGradientDescent,2,6.144,3.072,6.144,3.072,0.0002896585395382492,0.9935173815396047,0.0,0.0
167,Device,ResourceApplyGradientDescent,SGD/SGD/update_44/ResourceApplyGradientDescent,2,6.144,3.072,6.144,3.072,0.0002896585395382492,0.9938070400791429,0.0,0.0
168,Device,ResourceApplyGradientDescent,SGD/SGD/update_45/ResourceApplyGradientDescent,2,6.144,3.072,6.144,3.072,0.0002896585395382492,0.9940966986186811,0.0,0.0
169,Device,ResourceApplyGradientDescent,SGD/SGD/update_5/ResourceApplyGradientDescent,2,6.144,3.072,6.144,3.072,0.0002896585395382492,0.9943863571582193,0.0,0.0
170,Device,ResourceApplyGradientDescent,SGD/SGD/update_6/ResourceApplyGradientDescent,2,6.144,3.072,6.144,3.072,0.0002896585395382492,0.9946760156977575,0.0,0.0
171,Device,Mul,gradient_tape/categorical_crossentropy/softmax_cross_entropy_with_logits/mul,2,6.144,3.072,6.144,3.072,0.0002896585395382492,0.9949656742372958,0.0,0.0
172,Device,DivNoNan,gradient_tape/categorical_crossentropy/weighted_loss/value/div_no_nan,2,6.144,3.072,6.144,3.072,0.0002896585395382492,0.995255332776834,0.0,0.0
173,Device,Relu,model/tf.nn.relu_5/Relu,2,6.144,3.072,6.144,3.072,0.0002896585395382492,0.9955449913163722,0.0,0.0
174,Device,Equal,Equal,2,5.12,2.56,5.12,2.56,0.00024138211628187435,0.9957863734326541,0.0,0.0
175,Device,Mul,Mul,2,5.12,2.56,5.12,2.56,0.00024138211628187435,0.996027755548936,0.0,0.0
176,Device,ResourceApplyGradientDescent,SGD/SGD/update_15/ResourceApplyGradientDescent,2,5.12,2.56,5.12,2.56,0.00024138211628187435,0.9962691376652179,0.0,0.0
177,Device,ResourceApplyGradientDescent,SGD/SGD/update_19/ResourceApplyGradientDescent,2,5.12,2.56,5.12,2.56,0.00024138211628187435,0.9965105197814997,0.0,0.0
178,Device,ResourceApplyGradientDescent,SGD/SGD/update_32/ResourceApplyGradientDescent,2,5.12,2.56,5.12,2.56,0.00024138211628187435,0.9967519018977816,0.0,0.0
179,Device,ResourceApplyGradientDescent,SGD/SGD/update_9/ResourceApplyGradientDescent,2,5.12,2.56,5.12,2.56,0.00024138211628187435,0.9969932840140635,0.0,0.0
180,Device,Sum,Sum_2,2,5.12,2.56,5.12,2.56,0.00024138211628187435,0.9972346661303454,0.0,0.0
181,Device,DivNoNan,categorical_crossentropy/weighted_loss/value,2,5.12,2.56,5.12,2.56,0.00024138211628187435,0.9974760482466273,0.0,0.0
182,Device,DivNoNan,div_no_nan_1,2,5.12,2.56,5.12,2.56,0.00024138211628187435,0.9977174303629092,0.0,0.0
183,Device,Tile,gradient_tape/categorical_crossentropy/weighted_loss/Tile_1,2,5.12,2.56,5.12,2.56,0.00024138211628187435,0.997958812479191,0.0,0.0
184,Device,BiasAdd,model/dense/BiasAdd,2,5.12,2.56,5.12,2.56,0.00024138211628187435,0.9982001945954729,0.0,0.0
185,Device,Cast,Cast_1,2,4.096,2.048,4.096,2.048,0.00019310569302549948,0.9983933002884985,0.0,0.0
186,Device,Sum,categorical_crossentropy/weighted_loss/Sum,2,4.096,2.048,4.096,2.048,0.00019310569302549948,0.998586405981524,0.0,0.0
187,Device,DivNoNan,div_no_nan,2,4.096,2.048,4.096,2.048,0.00019310569302549948,0.9987795116745496,0.0,0.0
188,Device,Cast,gradient_tape/model/GAP/Cast,2,4.096,2.048,4.096,2.048,0.00019310569302549948,0.9989726173675751,0.0,0.0
189,Device,_Recv,gradient_tape/model/GAP/floordiv/_18,2,3.744,1.872,3.744,1.872,0.0001765106725311206,0.9991491280401062,0.0,0.0
190,Device,_Recv,strided_slice/_12,2,3.456,1.728,3.456,1.728,0.0001629329284902652,0.9993120609685965,0.0,0.0
191,Device,_HostRecv,gradient_tape/model/GAP/DynamicStitch/_24,2,3.392,1.696,3.392,1.696,0.00015991565203674174,0.9994719766206333,0.0,0.0
192,Device,_Recv,gradient_tape/model/GAP/ones/_16,2,3.008,1.504,3.008,1.504,0.00014181199331560117,0.9996137886139489,0.0,0.0
193,Device,LogicalAnd,LogicalAnd,1,2.048,2.048,2.048,2.048,9.655284651274974e-05,0.9997103414604617,0.0,0.0
194,Device,_Recv,Size/_22,2,2.048,1.024,2.048,1.024,9.655284651274974e-05,0.9998068943069744,0.0,0.0
195,Device,_Recv,categorical_crossentropy/weighted_loss/num_elements/_20,2,2.048,1.024,2.048,1.024,9.655284651274974e-05,0.9999034471534872,0.0,0.0
196,Device,_Recv,gradient_tape/model/GAP/Shape-0-1-DataFormatVecPermuteNCHWToNHWC-LayoutOptimizer/_14,2,2.048,1.024,2.048,1.024,9.655284651274974e-05,1.0,0.0,0.0
197,Host,IDLE,IDLE,0,87288.512,0.0,87288.512,0.0,0.0,0.0,0.9348697918061213,0.9348697918061213
198,Host,_Send,IteratorGetNext/_1,2,1922.134,961.067,1922.134,961.067,0.0,0.0,0.02058627156347295,0.9554560633695942
199,Host,GatherV2,GatherV2,2,1712.4,856.2,1712.4,856.2,0.0,0.0,0.01833999680838645,0.9737960601779807
200,Host,_Send,IteratorGetNext/_3,2,1013.247,506.6235,1013.247,506.6235,0.0,0.0,0.010851989456965161,0.9846480496349459
201,Host,_Send,IteratorGetNext/_6,2,977.507,488.7535,977.507,488.7535,0.0,0.0,0.010469210032805074,0.995117259667751
202,Host,GatherV2,GatherV2_1,2,86.152,43.076,86.152,43.076,0.0,0.0,0.0009226976203200825,0.996039957288071
203,Host,Dataset,Iterator::Root::ParallelMapV2,2,62.612,31.306,62.612,31.306,0.0,0.0,0.0006705815698240436,0.9967105388578951
204,Host,Dataset,Iterator::Root::ParallelMapV2::Zip[1]::ForeverRepeat,2,57.842,28.921,53.192,26.596,0.0,0.0,0.0005696923091752464,0.9972802311670703
205,Host,IteratorGetNext,IteratorGetNext,2,49.52,24.76,49.52,24.76,0.0,0.0,0.0005303647757248873,0.9978105959427952
206,Host,Dataset,Iterator::Root,2,103.613,51.8065,41.001,20.5005,0.0,0.0,0.0004391253265245577,0.9982497212693198
207,Host,FlushSummaryWriter,FlushSummaryWriter,1,38.421,38.421,38.421,38.421,0.0,0.0,0.0004114932360283904,0.9986612145053482
208,Host,LogicalAnd,LogicalAnd,1,30.88,30.88,30.88,30.88,0.0,0.0,0.0003307282769463755,0.9989919427822945
209,Host,Dataset,Iterator::Root::ParallelMapV2::Zip[0]::FlatMap[1]::Concatenate[0]::TensorSlice,2,21.62,10.81,21.62,10.81,0.0,0.0,0.00023155263431284454,0.9992234954166074
210,Host,WriteSummary,WriteSummary,1,20.62,20.62,20.62,20.62,0.0,0.0,0.00022084252171743082,0.9994443379383248
211,Host,_HostSend,categorical_crossentropy/softmax_cross_entropy_with_logits/Shape_2/_9,2,13.302,6.651,13.302,6.651,0.0,0.0,0.00014246591774419323,0.9995868038560689
212,Host,Dataset,Iterator::Root::ParallelMapV2::Zip[0]::FlatMap[1]::Concatenate,2,33.27,16.635,11.65,5.825,0.0,0.0,0.0001247728117365698,0.9997115766678055
213,Host,Dataset,Iterator::Root::ParallelMapV2::Zip,2,105.062,52.531,10.38,5.19,0.0,0.0,0.00011117096874039437,0.9998227476365459
214,Host,ReadVariableOp,ReadVariableOp,1,5.68,5.68,5.68,5.68,0.0,0.0,6.08334395419499e-05,0.9998835810760879
215,Host,Dataset,Iterator::Root::ParallelMapV2::Zip[1]::ForeverRepeat::FromTensor,4,4.65,1.1625,4.65,1.1625,0.0,0.0,4.980202356867378e-05,0.9999333830996565
216,Host,Dataset,Iterator::Root::ParallelMapV2::Zip[0]::FlatMap,2,36.84,18.42,3.57,1.785,0.0,0.0,3.8235101965626964e-05,0.9999716182016222
217,Host,Identity,Identity,2,2.65,1.325,2.65,1.325,0.0,0.0,2.8381798377846345e-05,1.0
