Rank,Host/device,Type,Operation,#Occurrences,Total time (us),Avg. time (us),Total self-time (us),Avg. self-time (us),Total self-time on Device (%),Cumulative total-self time on Device (%),Total self-time on Host (%),Cumulative total-self time on Host (%)
1,Device,DepthwiseConv2dNativeBackpropFilter,gradient_tape/mobilenetv2_1.00_224/expanded_conv_depthwise/depthwise/DepthwiseConv2dNativeBackpropFilter,2,161925.649,80962.8245,161925.649,80962.8245,0.3138228716002332,0.3138228716002332,0.0,0.0
2,Device,DepthwiseConv2dNativeBackpropFilter,gradient_tape/mobilenetv2_1.00_224/block_2_depthwise/depthwise/DepthwiseConv2dNativeBackpropFilter,2,87933.216,43966.608,87933.216,43966.608,0.17042052648597733,0.48424339808621053,0.0,0.0
3,Device,DepthwiseConv2dNativeBackpropFilter,gradient_tape/mobilenetv2_1.00_224/block_1_depthwise/depthwise/DepthwiseConv2dNativeBackpropFilter,2,42449.034,21224.517,42449.034,21224.517,0.08226910207743512,0.5665125001636456,0.0,0.0
4,Device,DepthwiseConv2dNativeBackpropFilter,gradient_tape/mobilenetv2_1.00_224/block_3_depthwise/depthwise/DepthwiseConv2dNativeBackpropFilter,2,25007.185,12503.5925,25007.185,12503.5925,0.04846561774372309,0.6149781179073687,0.0,0.0
5,Device,IDLE,IDLE,0,10603.81,0.0,10603.81,0.0,0.02055090175431854,0.6355290196616872,0.0,0.0
6,Device,FusedBatchNormGradV3,gradient_tape/mobilenetv2_1.00_224/block_1_expand_BN/FusedBatchNormGradV3,2,6398.997,3199.4985,6398.997,3199.4985,0.012401689456259505,0.6479307091179467,0.0,0.0
7,Device,_Recv,IteratorGetNext/_2,2,6213.364,3106.682,6213.364,3106.682,0.012041920133218123,0.6599726292511648,0.0,0.0
8,Device,Relu6Grad,gradient_tape/mobilenetv2_1.00_224/block_1_expand_relu/Relu6/Relu6Grad,2,4118.542,2059.271,4118.542,2059.271,0.007982013258728193,0.667954642509893,0.0,0.0
9,Device,FusedBatchNormV3,mobilenetv2_1.00_224/block_1_expand_BN/FusedBatchNormV3,4,3965.965,991.49125,3965.965,991.49125,0.00768630870187847,0.6756409512117715,0.0,0.0
10,Device,DepthwiseConv2dNativeBackpropInput,gradient_tape/mobilenetv2_1.00_224/block_1_depthwise/depthwise/DepthwiseConv2dNativeBackpropInput,2,3605.516,1802.758,3605.516,1802.758,0.006987734134204929,0.6826286853459764,0.0,0.0
11,Device,Conv2DBackpropFilter,gradient_tape/mobilenetv2_1.00_224/block_1_expand/Conv2D/Conv2DBackpropFilter,2,3450.891,1725.4455,3450.891,1725.4455,0.006688060414686991,0.6893167457606634,0.0,0.0
12,Device,Slice,gradient_tape/mobilenetv2_1.00_224/block_1_pad/Slice_1,2,3060.746,1530.373,3060.746,1530.373,0.005931932988324335,0.6952486787489877,0.0,0.0
13,Device,Pad,mobilenetv2_1.00_224/block_1_pad/Pad,2,2798.602,1399.301,2798.602,1399.301,0.005423880166792821,0.7006725589157805,0.0,0.0
14,Device,DepthwiseConv2dNativeBackpropFilter,gradient_tape/mobilenetv2_1.00_224/block_6_depthwise/depthwise/DepthwiseConv2dNativeBackpropFilter,2,2735.112,1367.556,2735.112,1367.556,0.005300832247942739,0.7059733911637233,0.0,0.0
15,Device,FusedBatchNormGradV3,gradient_tape/mobilenetv2_1.00_224/bn_Conv1/FusedBatchNormGradV3,2,2662.408,1331.204,2662.408,1331.204,0.005159926973221108,0.7111333181369444,0.0,0.0
16,Device,FusedBatchNormGradV3,gradient_tape/mobilenetv2_1.00_224/expanded_conv_depthwise_BN/FusedBatchNormGradV3,2,2653.193,1326.5965,2653.193,1326.5965,0.0051420676792818506,0.7162753858162262,0.0,0.0
17,Device,Relu6,mobilenetv2_1.00_224/block_1_expand_relu/Relu6,2,2632.712,1316.356,2632.712,1316.356,0.005102374114531991,0.7213777599307581,0.0,0.0
18,Device,FusedBatchNormGradV3,gradient_tape/mobilenetv2_1.00_224/block_2_depthwise_BN/FusedBatchNormGradV3,2,2436.103,1218.0515,2436.103,1218.0515,0.004721332560315647,0.7260990924910737,0.0,0.0
19,Device,FusedBatchNormGradV3,gradient_tape/mobilenetv2_1.00_224/block_2_expand_BN/FusedBatchNormGradV3,2,2435.08,1217.54,2435.08,1217.54,0.0047193499170492485,0.730818442408123,0.0,0.0
20,Device,FusedBatchNormGradV3,gradient_tape/mobilenetv2_1.00_224/block_3_expand_BN/FusedBatchNormGradV3,2,2429.96,1214.98,2429.96,1214.98,0.004709427010378711,0.7355278694185017,0.0,0.0
21,Device,FusedBatchNormGradV3,gradient_tape/mobilenetv2_1.00_224/expanded_conv_project_BN/FusedBatchNormGradV3,2,2119.687,1059.8435,2119.687,1059.8435,0.004108096928076437,0.7396359663465781,0.0,0.0
22,Device,Conv2DBackpropFilter,gradient_tape/mobilenetv2_1.00_224/Conv1/Conv2D/Conv2DBackpropFilter,2,1888.262,944.131,1888.262,944.131,0.003659579608500439,0.7432955459550785,0.0,0.0
23,Device,Conv2DBackpropInput,gradient_tape/mobilenetv2_1.00_224/block_1_expand/Conv2D/Conv2DBackpropInput,2,1860.614,930.307,1860.614,930.307,0.003605995912479537,0.7469015418675581,0.0,0.0
24,Device,DepthwiseConv2dNativeBackpropInput,gradient_tape/mobilenetv2_1.00_224/block_2_depthwise/depthwise/DepthwiseConv2dNativeBackpropInput,2,1784.838,892.419,1784.838,892.419,0.0034591368937555837,0.7503606787613136,0.0,0.0
25,Device,Conv2D,mobilenetv2_1.00_224/block_1_expand/Conv2D,2,1761.286,880.643,1761.286,880.643,0.003413491523071112,0.7537741702843848,0.0,0.0
26,Device,DepthwiseConv2dNative,mobilenetv2_1.00_224/block_1_depthwise/depthwise,2,1703.941,851.9705,1703.941,851.9705,0.003302353030293384,0.7570765233146781,0.0,0.0
27,Device,Conv2DBackpropFilter,gradient_tape/mobilenetv2_1.00_224/expanded_conv_project/Conv2D/Conv2DBackpropFilter,2,1637.381,818.6905,1637.381,818.6905,0.0031733552435763983,0.7602498785582545,0.0,0.0
28,Device,FusedBatchNormGradV3,gradient_tape/mobilenetv2_1.00_224/block_1_depthwise_BN/FusedBatchNormGradV3,2,1597.446,798.723,1597.446,798.723,0.0030959585096139155,0.7633458370678684,0.0,0.0
29,Device,FusedBatchNormV3,mobilenetv2_1.00_224/expanded_conv_depthwise_BN/FusedBatchNormV3,4,1549.317,387.32925,1549.317,387.32925,0.0030026812488431554,0.7663485183167116,0.0,0.0
30,Device,FusedBatchNormV3,mobilenetv2_1.00_224/bn_Conv1/FusedBatchNormV3,4,1545.22,386.305,1545.22,386.305,0.0029947409854390165,0.7693432593021506,0.0,0.0
31,Device,DepthwiseConv2dNativeBackpropInput,gradient_tape/mobilenetv2_1.00_224/expanded_conv_depthwise/depthwise/DepthwiseConv2dNativeBackpropInput,2,1538.053,769.0265,1538.053,769.0265,0.0029808508541679735,0.7723241101563186,0.0,0.0
32,Device,Relu6Grad,gradient_tape/mobilenetv2_1.00_224/block_2_depthwise_relu/Relu6/Relu6Grad,2,1529.86,764.93,1529.86,764.93,0.002964972265427404,0.775289082421746,0.0,0.0
33,Device,Relu6Grad,gradient_tape/mobilenetv2_1.00_224/block_2_expand_relu/Relu6/Relu6Grad,2,1526.789,763.3945,1526.789,763.3945,0.0029590204594927907,0.7782481028812388,0.0,0.0
34,Device,Relu6Grad,gradient_tape/mobilenetv2_1.00_224/block_3_expand_relu/Relu6/Relu6Grad,2,1503.237,751.6185,1503.237,751.6185,0.0029133750888083194,0.7811614779700471,0.0,0.0
35,Device,Conv2DBackpropFilter,gradient_tape/mobilenetv2_1.00_224/block_2_expand/Conv2D/Conv2DBackpropFilter,2,1478.661,739.3305,1478.661,739.3305,0.00286574513678974,0.7840272231068368,0.0,0.0
36,Device,Conv2DBackpropFilter,gradient_tape/mobilenetv2_1.00_224/block_2_project/Conv2D/Conv2DBackpropFilter,2,1471.493,735.7465,1471.493,735.7465,0.002851853067450987,0.7868790761742878,0.0,0.0
37,Device,FusedBatchNormV3,mobilenetv2_1.00_224/block_2_depthwise_BN/FusedBatchNormV3,4,1471.493,367.87325,1471.493,367.87325,0.002851853067450987,0.7897309292417387,0.0,0.0
38,Device,FusedBatchNormV3,mobilenetv2_1.00_224/block_3_expand_BN/FusedBatchNormV3,4,1470.47,367.6175,1470.47,367.6175,0.002849870424184589,0.7925807996659233,0.0,0.0
39,Device,FusedBatchNormV3,mobilenetv2_1.00_224/block_2_expand_BN/FusedBatchNormV3,4,1469.444,367.361,1469.444,367.361,0.002847881966715063,0.7954286816326384,0.0,0.0
40,Device,Conv2DBackpropFilter,gradient_tape/mobilenetv2_1.00_224/block_3_expand/Conv2D/Conv2DBackpropFilter,2,1452.037,726.0185,1452.037,726.0185,0.0028141460221029454,0.7982428276547413,0.0,0.0
41,Device,DepthwiseConv2dNativeBackpropInput,gradient_tape/mobilenetv2_1.00_224/block_3_depthwise/depthwise/DepthwiseConv2dNativeBackpropInput,2,1398.789,699.3945,1398.789,699.3945,0.0027109477927293566,0.8009537754474707,0.0,0.0
42,Device,Relu6Grad,gradient_tape/mobilenetv2_1.00_224/expanded_conv_depthwise_relu/Relu6/Relu6Grad,2,1330.18,665.09,1330.18,665.09,0.002577978905276447,0.8035317543527472,0.0,0.0
43,Device,Relu6Grad,gradient_tape/mobilenetv2_1.00_224/Conv1_relu/Relu6/Relu6Grad,2,1320.964,660.482,1320.964,660.482,0.0025601176732694794,0.8060918720260166,0.0,0.0
44,Device,DepthwiseConv2dNative,mobilenetv2_1.00_224/block_2_depthwise/depthwise,2,1284.1,642.05,1284.1,642.05,0.00248867274524161,0.8085805447712582,0.0,0.0
45,Device,FusedBatchNormV3,mobilenetv2_1.00_224/expanded_conv_project_BN/FusedBatchNormV3,4,1226.756,306.689,1226.756,306.689,0.0023775361905315918,0.8109580809617898,0.0,0.0
46,Device,Slice,gradient_tape/mobilenetv2_1.00_224/block_3_pad/Slice_1,2,1177.604,588.802,1177.604,588.802,0.002282276286494433,0.8132403572482843,0.0,0.0
47,Device,DepthwiseConv2dNativeBackpropFilter,gradient_tape/mobilenetv2_1.00_224/block_13_depthwise/depthwise/DepthwiseConv2dNativeBackpropFilter,2,1152.004,576.002,1152.004,576.002,0.002232661753141746,0.815473019001426,0.0,0.0
48,Device,Conv2DBackpropFilter,gradient_tape/mobilenetv2_1.00_224/block_1_project/Conv2D/Conv2DBackpropFilter,2,1080.323,540.1615,1080.323,540.1615,0.002093739121686514,0.8175667581231125,0.0,0.0
49,Device,DepthwiseConv2dNative,mobilenetv2_1.00_224/expanded_conv_depthwise/depthwise,2,1054.723,527.3615,1054.723,527.3615,0.0020441245883338266,0.8196108827114463,0.0,0.0
50,Device,Pad,mobilenetv2_1.00_224/block_3_pad/Pad,2,1049.604,524.802,1049.604,524.802,0.0020342036197309983,0.8216450863311773,0.0,0.0
51,Device,Relu6Grad,gradient_tape/mobilenetv2_1.00_224/block_1_depthwise_relu/Relu6/Relu6Grad,2,1011.715,505.8575,1011.715,505.8575,0.001960772172301313,0.8236058585034786,0.0,0.0
52,Device,Conv2D,mobilenetv2_1.00_224/Conv1/Conv2D,2,1000.451,500.2255,1000.451,500.2255,0.0019389417776261306,0.8255448002811047,0.0,0.0
53,Device,Relu6,mobilenetv2_1.00_224/block_3_expand_relu/Relu6,2,988.162,494.081,988.162,494.081,0.0019151248635491318,0.8274599251446538,0.0,0.0
54,Device,Relu6,mobilenetv2_1.00_224/block_2_depthwise_relu/Relu6,2,987.139,493.5695,987.139,493.5695,0.0019131422202827333,0.8293730673649365,0.0,0.0
55,Device,Relu6,mobilenetv2_1.00_224/block_2_expand_relu/Relu6,2,985.092,492.546,985.092,492.546,0.0019091749956822274,0.8312822423606188,0.0,0.0
56,Device,FusedBatchNormV3,mobilenetv2_1.00_224/block_1_depthwise_BN/FusedBatchNormV3,4,978.947,244.73675,978.947,244.73675,0.0018972655696098736,0.8331795079302287,0.0,0.0
57,Device,Relu6,mobilenetv2_1.00_224/Conv1_relu/Relu6,2,878.596,439.298,878.596,439.298,0.00170277853693505,0.8348822864671637,0.0,0.0
58,Device,Relu6,mobilenetv2_1.00_224/expanded_conv_depthwise_relu/Relu6,2,878.595,439.2975,878.595,439.2975,0.001702776598867341,0.836585063066031,0.0,0.0
59,Device,FusedBatchNormGradV3,gradient_tape/mobilenetv2_1.00_224/block_4_expand_BN/FusedBatchNormGradV3,2,860.163,430.0815,860.163,430.0815,0.0016670541348534065,0.8382521172008843,0.0,0.0
60,Device,FusedBatchNormGradV3,gradient_tape/mobilenetv2_1.00_224/block_5_depthwise_BN/FusedBatchNormGradV3,2,859.138,429.569,859.138,429.569,0.00166506761545159,0.8399171848163359,0.0,0.0
61,Device,FusedBatchNormGradV3,gradient_tape/mobilenetv2_1.00_224/block_4_depthwise_BN/FusedBatchNormGradV3,2,858.114,429.057,858.114,429.057,0.0016630830341174824,0.8415802678504534,0.0,0.0
62,Device,FusedBatchNormGradV3,gradient_tape/mobilenetv2_1.00_224/block_5_expand_BN/FusedBatchNormGradV3,2,857.09,428.545,857.09,428.545,0.001661098452783375,0.8432413663032368,0.0,0.0
63,Device,FusedBatchNormGradV3,gradient_tape/mobilenetv2_1.00_224/block_6_expand_BN/FusedBatchNormGradV3,2,856.066,428.033,856.066,428.033,0.0016591138714492676,0.844900480174686,0.0,0.0
64,Device,Conv2D,mobilenetv2_1.00_224/block_3_expand/Conv2D,2,762.882,381.441,762.882,381.441,0.0014785169700454871,0.8463789971447315,0.0,0.0
65,Device,Conv2D,mobilenetv2_1.00_224/block_2_expand/Conv2D,2,759.811,379.9055,759.811,379.9055,0.0014725651641108739,0.8478515623088424,0.0,0.0
66,Device,Conv2DBackpropInput,gradient_tape/mobilenetv2_1.00_224/block_2_project/Conv2D/Conv2DBackpropInput,2,756.738,378.369,756.738,378.369,0.0014666094820408424,0.8493181717908832,0.0,0.0
67,Device,Conv2DBackpropInput,gradient_tape/mobilenetv2_1.00_224/block_2_expand/Conv2D/Conv2DBackpropInput,2,720.898,360.449,720.898,360.449,0.0013971491353470809,0.8507153209262303,0.0,0.0
68,Device,Conv2DBackpropInput,gradient_tape/mobilenetv2_1.00_224/block_3_expand/Conv2D/Conv2DBackpropInput,2,720.898,360.449,720.898,360.449,0.0013971491353470809,0.8521124700615773,0.0,0.0
69,Device,DepthwiseConv2dNative,mobilenetv2_1.00_224/block_3_depthwise/depthwise,2,689.154,344.577,689.154,344.577,0.0013356271139897489,0.853448097175567,0.0,0.0
70,Device,Conv2DBackpropInput,gradient_tape/mobilenetv2_1.00_224/expanded_conv_project/Conv2D/Conv2DBackpropInput,2,669.699,334.8495,669.699,334.8495,0.001297922006709416,0.8547460191822764,0.0,0.0
71,Device,Relu6,mobilenetv2_1.00_224/block_1_depthwise_relu/Relu6,2,660.482,330.241,660.482,330.241,0.0012800588366347397,0.8560260780189112,0.0,0.0
72,Device,Conv2D,mobilenetv2_1.00_224/expanded_conv_project/Conv2D,2,658.434,329.217,658.434,329.217,0.0012760896739665247,0.8573021676928777,0.0,0.0
73,Device,FusedBatchNormGradV3,gradient_tape/mobilenetv2_1.00_224/block_12_expand_BN/FusedBatchNormGradV3,2,649.218,324.609,649.218,324.609,0.0012582284419595574,0.8585603961348373,0.0,0.0
74,Device,FusedBatchNormGradV3,gradient_tape/mobilenetv2_1.00_224/block_12_depthwise_BN/FusedBatchNormGradV3,2,647.17,323.585,647.17,323.585,0.0012542592792913424,0.8598146554141286,0.0,0.0
75,Device,FusedBatchNormGradV3,gradient_tape/mobilenetv2_1.00_224/block_13_expand_BN/FusedBatchNormGradV3,2,647.17,323.585,647.17,323.585,0.0012542592792913424,0.86106891469342,0.0,0.0
76,Device,FusedBatchNormGradV3,gradient_tape/mobilenetv2_1.00_224/block_11_depthwise_BN/FusedBatchNormGradV3,2,646.146,323.073,646.146,323.073,0.001252274697957235,0.8623211893913771,0.0,0.0
77,Device,FusedBatchNormGradV3,gradient_tape/mobilenetv2_1.00_224/block_11_expand_BN/FusedBatchNormGradV3,2,646.146,323.073,646.146,323.073,0.001252274697957235,0.8635734640893343,0.0,0.0
78,Device,FusedBatchNormGradV3,gradient_tape/mobilenetv2_1.00_224/block_3_depthwise_BN/FusedBatchNormGradV3,2,642.05,321.025,642.05,321.025,0.001244336372620805,0.8648178004619551,0.0,0.0
79,Device,FusedBatchNormGradV3,gradient_tape/mobilenetv2_1.00_224/block_1_project_BN/FusedBatchNormGradV3,2,595.97,297.985,595.97,297.985,0.0011550302125859688,0.8659728306745411,0.0,0.0
80,Device,FusedBatchNormGradV3,gradient_tape/mobilenetv2_1.00_224/block_2_project_BN/FusedBatchNormGradV3,2,588.802,294.401,588.802,294.401,0.0011411381432472165,0.8671139688177883,0.0,0.0
81,Device,Conv2D,mobilenetv2_1.00_224/block_2_project/Conv2D,2,586.754,293.377,586.754,293.377,0.0011371689805790015,0.8682511377983674,0.0,0.0
82,Device,DepthwiseConv2dNativeBackpropInput,gradient_tape/mobilenetv2_1.00_224/block_4_depthwise/depthwise/DepthwiseConv2dNativeBackpropInput,2,584.706,292.353,584.706,292.353,0.0011331998179107865,0.8693843376162782,0.0,0.0
83,Device,DepthwiseConv2dNativeBackpropInput,gradient_tape/mobilenetv2_1.00_224/block_5_depthwise/depthwise/DepthwiseConv2dNativeBackpropInput,2,584.706,292.353,584.706,292.353,0.0011331998179107865,0.870517537434189,0.0,0.0
84,Device,DepthwiseConv2dNativeBackpropFilter,gradient_tape/mobilenetv2_1.00_224/block_4_depthwise/depthwise/DepthwiseConv2dNativeBackpropFilter,2,553.986,276.993,553.986,276.993,0.0010736623778875621,0.8715911998120766,0.0,0.0
85,Device,DepthwiseConv2dNativeBackpropFilter,gradient_tape/mobilenetv2_1.00_224/block_5_depthwise/depthwise/DepthwiseConv2dNativeBackpropFilter,2,552.962,276.481,552.962,276.481,0.0010716777965534548,0.87266287760863,0.0,0.0
86,Device,FusedBatchNormV3,mobilenetv2_1.00_224/block_5_expand_BN/FusedBatchNormV3,4,520.194,130.0485,520.194,130.0485,0.0010081711938620156,0.873671048802492,0.0,0.0
87,Device,FusedBatchNormV3,mobilenetv2_1.00_224/block_4_expand_BN/FusedBatchNormV3,4,519.17,129.7925,519.17,129.7925,0.001006186612527908,0.87467723541502,0.0,0.0
88,Device,FusedBatchNormV3,mobilenetv2_1.00_224/block_6_expand_BN/FusedBatchNormV3,4,519.17,129.7925,519.17,129.7925,0.001006186612527908,0.8756834220275479,0.0,0.0
89,Device,FusedBatchNormV3,mobilenetv2_1.00_224/block_5_depthwise_BN/FusedBatchNormV3,4,518.146,129.5365,518.146,129.5365,0.0010042020311938006,0.8766876240587417,0.0,0.0
90,Device,FusedBatchNormV3,mobilenetv2_1.00_224/block_4_depthwise_BN/FusedBatchNormV3,4,516.098,129.0245,516.098,129.0245,0.0010002328685255856,0.8776878569272673,0.0,0.0
91,Device,Conv2DBackpropInput,gradient_tape/mobilenetv2_1.00_224/block_1_project/Conv2D/Conv2DBackpropInput,2,510.978,255.489,510.978,255.489,0.0009903099618550483,0.8786781668891223,0.0,0.0
92,Device,DepthwiseConv2dNativeBackpropInput,gradient_tape/mobilenetv2_1.00_224/block_6_depthwise/depthwise/DepthwiseConv2dNativeBackpropInput,2,504.834,252.417,504.834,252.417,0.0009784024738504035,0.8796565693629727,0.0,0.0
93,Device,Relu6Grad,gradient_tape/mobilenetv2_1.00_224/block_4_depthwise_relu/Relu6/Relu6Grad,2,502.786,251.393,502.786,251.393,0.0009744333111821886,0.8806310026741548,0.0,0.0
94,Device,Relu6Grad,gradient_tape/mobilenetv2_1.00_224/block_4_expand_relu/Relu6/Relu6Grad,2,501.762,250.881,501.762,250.881,0.0009724487298480811,0.8816034514040029,0.0,0.0
95,Device,Relu6Grad,gradient_tape/mobilenetv2_1.00_224/block_5_expand_relu/Relu6/Relu6Grad,2,501.762,250.881,501.762,250.881,0.0009724487298480811,0.8825759001338509,0.0,0.0
96,Device,Relu6Grad,gradient_tape/mobilenetv2_1.00_224/block_5_depthwise_relu/Relu6/Relu6Grad,2,500.738,250.369,500.738,250.369,0.0009704641485139736,0.8835463642823649,0.0,0.0
97,Device,Relu6Grad,gradient_tape/mobilenetv2_1.00_224/block_6_expand_relu/Relu6/Relu6Grad,2,496.642,248.321,496.642,248.321,0.0009625258231775437,0.8845088901055425,0.0,0.0
98,Device,DepthwiseConv2dNativeBackpropInput,gradient_tape/mobilenetv2_1.00_224/block_12_depthwise/depthwise/DepthwiseConv2dNativeBackpropInput,2,462.85,231.425,462.85,231.425,0.0008970346391519971,0.8854059247446945,0.0,0.0
99,Device,Conv2DBackpropFilter,gradient_tape/mobilenetv2_1.00_224/block_4_expand/Conv2D/Conv2DBackpropFilter,2,462.849,231.4245,462.849,231.4245,0.0008970327010842878,0.8863029574457788,0.0,0.0
100,Device,DepthwiseConv2dNativeBackpropInput,gradient_tape/mobilenetv2_1.00_224/block_11_depthwise/depthwise/DepthwiseConv2dNativeBackpropInput,2,461.826,230.913,461.826,230.913,0.0008950500578178896,0.8871980075035967,0.0,0.0
101,Device,Conv2DBackpropFilter,gradient_tape/mobilenetv2_1.00_224/block_6_expand/Conv2D/Conv2DBackpropFilter,2,459.778,229.889,459.778,229.889,0.0008910808951496746,0.8880890883987463,0.0,0.0
102,Device,Conv2DBackpropFilter,gradient_tape/mobilenetv2_1.00_224/block_5_expand/Conv2D/Conv2DBackpropFilter,2,458.754,229.377,458.754,229.377,0.0008890963138155671,0.888978184712562,0.0,0.0
103,Device,Conv2DBackpropFilter,gradient_tape/mobilenetv2_1.00_224/Conv_1/Conv2D/Conv2DBackpropFilter,4,455.681,113.92025,455.681,113.92025,0.0008831406317455355,0.8898613253443075,0.0,0.0
104,Device,Conv2DBackpropFilter,gradient_tape/mobilenetv2_1.00_224/block_4_project/Conv2D/Conv2DBackpropFilter,2,453.634,226.817,453.634,226.817,0.0008791734071450297,0.8907404987514526,0.0,0.0
105,Device,Conv2DBackpropFilter,gradient_tape/mobilenetv2_1.00_224/block_5_project/Conv2D/Conv2DBackpropFilter,2,449.536,224.768,449.536,224.768,0.0008712312056731816,0.8916117299571258,0.0,0.0
106,Device,DepthwiseConv2dNativeBackpropFilter,gradient_tape/mobilenetv2_1.00_224/block_11_depthwise/depthwise/DepthwiseConv2dNativeBackpropFilter,2,446.465,223.2325,446.465,223.2325,0.0008652793997385682,0.8924770093568644,0.0,0.0
107,Device,DepthwiseConv2dNativeBackpropFilter,gradient_tape/mobilenetv2_1.00_224/block_12_depthwise/depthwise/DepthwiseConv2dNativeBackpropFilter,2,445.442,222.721,445.442,222.721,0.0008632967564721699,0.8933403061133365,0.0,0.0
108,Device,FusedBatchNormGradV3,gradient_tape/mobilenetv2_1.00_224/block_7_expand_BN/FusedBatchNormGradV3,2,433.154,216.577,433.154,216.577,0.0008394817804628802,0.8941797878937994,0.0,0.0
109,Device,FusedBatchNormGradV3,gradient_tape/mobilenetv2_1.00_224/block_9_expand_BN/FusedBatchNormGradV3,2,433.153,216.5765,433.153,216.5765,0.0008394798423951712,0.8950192677361946,0.0,0.0
110,Device,FusedBatchNormGradV3,gradient_tape/mobilenetv2_1.00_224/block_8_expand_BN/FusedBatchNormGradV3,2,432.13,216.065,432.13,216.065,0.0008374971991287727,0.8958567649353233,0.0,0.0
111,Device,FusedBatchNormGradV3,gradient_tape/mobilenetv2_1.00_224/block_10_expand_BN/FusedBatchNormGradV3,2,432.128,216.064,432.128,216.064,0.0008374933229933545,0.8966942582583166,0.0,0.0
112,Device,FusedBatchNormGradV3,gradient_tape/mobilenetv2_1.00_224/block_10_depthwise_BN/FusedBatchNormGradV3,2,431.106,215.553,431.106,215.553,0.0008355126177946652,0.8975297708761113,0.0,0.0
113,Device,FusedBatchNormGradV3,gradient_tape/mobilenetv2_1.00_224/block_7_depthwise_BN/FusedBatchNormGradV3,2,431.106,215.553,431.106,215.553,0.0008355126177946652,0.898365283493906,0.0,0.0
114,Device,Conv2D,mobilenetv2_1.00_224/block_1_project/Conv2D,2,430.082,215.041,430.082,215.041,0.0008335280364605577,0.8991988115303665,0.0,0.0
115,Device,FusedBatchNormGradV3,gradient_tape/mobilenetv2_1.00_224/block_8_depthwise_BN/FusedBatchNormGradV3,2,429.058,214.529,429.058,214.529,0.0008315434551264503,0.900030354985493,0.0,0.0
116,Device,FusedBatchNormGradV3,gradient_tape/mobilenetv2_1.00_224/block_9_depthwise_BN/FusedBatchNormGradV3,2,429.058,214.529,429.058,214.529,0.0008315434551264503,0.9008618984406195,0.0,0.0
117,Device,DepthwiseConv2dNativeBackpropInput,gradient_tape/mobilenetv2_1.00_224/block_13_depthwise/depthwise/DepthwiseConv2dNativeBackpropInput,2,404.482,202.241,404.482,202.241,0.0007839135031078709,0.9016458119437274,0.0,0.0
118,Device,FusedBatchNormV3,mobilenetv2_1.00_224/block_12_expand_BN/FusedBatchNormV3,4,394.241,98.56025,394.241,98.56025,0.0007640657516990871,0.9024098776954265,0.0,0.0
119,Device,FusedBatchNormV3,mobilenetv2_1.00_224/block_11_depthwise_BN/FusedBatchNormV3,4,390.145,97.53625,390.145,97.53625,0.0007561274263626571,0.9031660051217891,0.0,0.0
120,Device,FusedBatchNormV3,mobilenetv2_1.00_224/block_11_expand_BN/FusedBatchNormV3,4,389.122,97.2805,389.122,97.2805,0.0007541447830962587,0.9039201499048853,0.0,0.0
121,Device,FusedBatchNormV3,mobilenetv2_1.00_224/block_13_expand_BN/FusedBatchNormV3,4,388.096,97.024,388.096,97.024,0.0007521563256267331,0.9046723062305121,0.0,0.0
122,Device,FusedBatchNormV3,mobilenetv2_1.00_224/block_3_depthwise_BN/FusedBatchNormV3,4,385.026,96.2565,385.026,96.2565,0.0007462064577598289,0.9054185126882719,0.0,0.0
123,Device,FusedBatchNormV3,mobilenetv2_1.00_224/block_12_depthwise_BN/FusedBatchNormV3,4,382.977,95.74425,382.977,95.74425,0.0007422353570239047,0.9061607480452958,0.0,0.0
124,Device,Conv2DBackpropFilter,gradient_tape/mobilenetv2_1.00_224/block_13_expand/Conv2D/Conv2DBackpropFilter,2,379.906,189.953,379.906,189.953,0.0007362835510892915,0.9068970315963851,0.0,0.0
125,Device,Relu6Grad,gradient_tape/mobilenetv2_1.00_224/block_11_expand_relu/Relu6/Relu6Grad,2,375.81,187.905,375.81,187.905,0.0007283452257528615,0.907625376822138,0.0,0.0
126,Device,Relu6Grad,gradient_tape/mobilenetv2_1.00_224/block_13_expand_relu/Relu6/Relu6Grad,2,375.81,187.905,375.81,187.905,0.0007283452257528615,0.9083537220478908,0.0,0.0
127,Device,Relu6Grad,gradient_tape/mobilenetv2_1.00_224/block_11_depthwise_relu/Relu6/Relu6Grad,2,375.809,187.9045,375.809,187.9045,0.0007283432876851525,0.9090820653355759,0.0,0.0
128,Device,Conv2DBackpropFilter,gradient_tape/mobilenetv2_1.00_224/block_11_expand/Conv2D/Conv2DBackpropFilter,2,375.808,187.904,375.808,187.904,0.0007283413496174434,0.9098104066851933,0.0,0.0
129,Device,Relu6Grad,gradient_tape/mobilenetv2_1.00_224/block_12_expand_relu/Relu6/Relu6Grad,2,375.808,187.904,375.808,187.904,0.0007283413496174434,0.9105387480348107,0.0,0.0
130,Device,Conv2DBackpropFilter,gradient_tape/mobilenetv2_1.00_224/block_12_expand/Conv2D/Conv2DBackpropFilter,2,374.786,187.393,374.786,187.393,0.0007263606444187541,0.9112651086792295,0.0,0.0
131,Device,Relu6Grad,gradient_tape/mobilenetv2_1.00_224/block_12_depthwise_relu/Relu6/Relu6Grad,2,373.762,186.881,373.762,186.881,0.0007243760630846467,0.9119894847423141,0.0,0.0
132,Device,Conv2DBackpropInput,gradient_tape/mobilenetv2_1.00_224/Conv_1/Conv2D/Conv2DBackpropInput,2,373.761,186.8805,373.761,186.8805,0.0007243741250169376,0.912713858867331,0.0,0.0
133,Device,Relu6Grad,gradient_tape/mobilenetv2_1.00_224/block_3_depthwise_relu/Relu6/Relu6Grad,2,372.738,186.369,372.738,186.369,0.0007223914817505392,0.9134362503490816,0.0,0.0
134,Device,Conv2D,mobilenetv2_1.00_224/Conv_1/Conv2D,2,371.713,185.8565,371.713,185.8565,0.0007204049623487226,0.9141566553114303,0.0,0.0
135,Device,Slice,gradient_tape/mobilenetv2_1.00_224/block_6_pad/Slice_1,2,368.642,184.321,368.642,184.321,0.0007144531564141093,0.9148711084678445,0.0,0.0
136,Device,SoftmaxCrossEntropyWithLogits,categorical_crossentropy/softmax_cross_entropy_with_logits,6,365.569,60.92816666666667,365.569,60.92816666666667,0.0007084974743440778,0.9155796059421886,0.0,0.0
137,Device,Conv2DBackpropFilter,gradient_tape/mobilenetv2_1.00_224/block_11_project/Conv2D/Conv2DBackpropFilter,2,363.52,181.76,363.52,181.76,0.0007045263736081537,0.9162841323157968,0.0,0.0
138,Device,Transpose,gradient_tape/mobilenetv2_1.00_224/Conv1/Conv2D/Conv2DBackpropFilter-0-TransposeNHWCToNCHW-LayoutOptimizer,2,362.498,181.249,362.498,181.249,0.0007025456684094643,0.9169866779842062,0.0,0.0
139,Device,Conv2DBackpropFilter,gradient_tape/mobilenetv2_1.00_224/block_12_project/Conv2D/Conv2DBackpropFilter,2,362.498,181.249,362.498,181.249,0.0007025456684094643,0.9176892236526156,0.0,0.0
140,Device,Pad,mobilenetv2_1.00_224/block_6_pad/Pad,2,362.497,181.2485,362.497,181.2485,0.0007025437303417553,0.9183917673829574,0.0,0.0
141,Device,Conv2DBackpropFilter,gradient_tape/mobilenetv2_1.00_224/block_3_project/Conv2D/Conv2DBackpropFilter,2,360.45,180.225,360.45,180.225,0.0006985765057412495,0.9190903438886986,0.0,0.0
142,Device,FusedBatchNormV3,mobilenetv2_1.00_224/block_2_project_BN/FusedBatchNormV3,4,347.137,86.78425,347.137,86.78425,0.0006727750103301432,0.9197631188990287,0.0,0.0
143,Device,Conv2DBackpropFilter,gradient_tape/mobilenetv2_1.00_224/block_16_project/Conv2D/Conv2DBackpropFilter,4,346.113,86.52825,346.113,86.52825,0.0006707904289960357,0.9204339093280247,0.0,0.0
144,Device,DepthwiseConv2dNative,mobilenetv2_1.00_224/block_4_depthwise/depthwise,2,346.113,173.0565,346.113,173.0565,0.0006707904289960357,0.9211046997570207,0.0,0.0
145,Device,DepthwiseConv2dNative,mobilenetv2_1.00_224/block_5_depthwise/depthwise,2,346.113,173.0565,346.113,173.0565,0.0006707904289960357,0.9217754901860167,0.0,0.0
146,Device,FusedBatchNormV3,mobilenetv2_1.00_224/block_1_project_BN/FusedBatchNormV3,4,343.041,85.76025,343.041,85.76025,0.0006648366849937133,0.9224403268710104,0.0,0.0
147,Device,Relu6,mobilenetv2_1.00_224/block_4_depthwise_relu/Relu6,2,330.753,165.3765,330.753,165.3765,0.0006410217089844236,0.9230813485799948,0.0,0.0
148,Device,Relu6,mobilenetv2_1.00_224/block_5_expand_relu/Relu6,2,330.753,165.3765,330.753,165.3765,0.0006410217089844236,0.9237223702889792,0.0,0.0
149,Device,Relu6,mobilenetv2_1.00_224/block_5_depthwise_relu/Relu6,2,329.729,164.8645,329.729,164.8645,0.0006390371276503161,0.9243614074166295,0.0,0.0
150,Device,Relu6,mobilenetv2_1.00_224/block_6_expand_relu/Relu6,2,329.729,164.8645,329.729,164.8645,0.0006390371276503161,0.9250004445442799,0.0,0.0
151,Device,Relu6,mobilenetv2_1.00_224/block_4_expand_relu/Relu6,2,328.705,164.3525,328.705,164.3525,0.0006370525463162086,0.9256374970905961,0.0,0.0
152,Device,DepthwiseConv2dNativeBackpropInput,gradient_tape/mobilenetv2_1.00_224/block_10_depthwise/depthwise/DepthwiseConv2dNativeBackpropInput,2,313.346,156.673,313.346,156.673,0.0006072857643723056,0.9262447828549684,0.0,0.0
153,Device,DepthwiseConv2dNativeBackpropInput,gradient_tape/mobilenetv2_1.00_224/block_7_depthwise/depthwise/DepthwiseConv2dNativeBackpropInput,2,312.322,156.161,312.322,156.161,0.0006053011830381981,0.9268500840380065,0.0,0.0
154,Device,DepthwiseConv2dNativeBackpropInput,gradient_tape/mobilenetv2_1.00_224/block_8_depthwise/depthwise/DepthwiseConv2dNativeBackpropInput,2,312.322,156.161,312.322,156.161,0.0006053011830381981,0.9274553852210446,0.0,0.0
155,Device,DepthwiseConv2dNativeBackpropInput,gradient_tape/mobilenetv2_1.00_224/block_9_depthwise/depthwise/DepthwiseConv2dNativeBackpropInput,2,312.321,156.1605,312.321,156.1605,0.0006052992449704891,0.9280606844660151,0.0,0.0
156,Device,Conv2DBackpropFilter,gradient_tape/mobilenetv2_1.00_224/block_14_expand/Conv2D/Conv2DBackpropFilter,4,311.297,77.82425,311.297,77.82425,0.0006033146636363816,0.9286639991296515,0.0,0.0
157,Device,Conv2DBackpropFilter,gradient_tape/mobilenetv2_1.00_224/block_15_expand/Conv2D/Conv2DBackpropFilter,4,309.249,77.31225,309.249,77.31225,0.0005993455009681666,0.9292633446306197,0.0,0.0
158,Device,Conv2DBackpropFilter,gradient_tape/mobilenetv2_1.00_224/block_16_expand/Conv2D/Conv2DBackpropFilter,4,308.225,77.05625,308.225,77.05625,0.0005973609196340591,0.9298607055502537,0.0,0.0
159,Device,DepthwiseConv2dNativeBackpropFilter,gradient_tape/mobilenetv2_1.00_224/block_10_depthwise/depthwise/DepthwiseConv2dNativeBackpropFilter,2,308.224,154.112,308.224,154.112,0.00059735898156635,0.93045806453182,0.0,0.0
160,Device,DepthwiseConv2dNativeBackpropFilter,gradient_tape/mobilenetv2_1.00_224/block_9_depthwise/depthwise/DepthwiseConv2dNativeBackpropFilter,2,305.153,152.5765,305.153,152.5765,0.0005914071756317368,0.9310494717074518,0.0,0.0
161,Device,DepthwiseConv2dNativeBackpropFilter,gradient_tape/mobilenetv2_1.00_224/block_7_depthwise/depthwise/DepthwiseConv2dNativeBackpropFilter,2,305.152,152.576,305.152,152.576,0.0005914052375640276,0.9316408769450159,0.0,0.0
162,Device,DepthwiseConv2dNativeBackpropFilter,gradient_tape/mobilenetv2_1.00_224/block_8_depthwise/depthwise/DepthwiseConv2dNativeBackpropFilter,2,305.152,152.576,305.152,152.576,0.0005914052375640276,0.9322322821825799,0.0,0.0
163,Device,Pad,mobilenetv2_1.00_224/block_13_pad/Pad,2,296.96,148.48,296.96,148.48,0.0005755285868911678,0.9328078107694711,0.0,0.0
164,Device,Conv2D,mobilenetv2_1.00_224/block_16_project/Conv2D,2,292.865,146.4325,292.865,146.4325,0.0005675921996224471,0.9333754029690935,0.0,0.0
165,Device,Conv2D,mobilenetv2_1.00_224/block_13_expand/Conv2D,2,285.698,142.849,285.698,142.849,0.0005537020683514037,0.9339291050374449,0.0,0.0
166,Device,Conv2D,mobilenetv2_1.00_224/block_11_expand/Conv2D,2,283.648,141.824,283.648,141.824,0.0005497290295477707,0.9344788340669926,0.0,0.0
167,Device,Conv2D,mobilenetv2_1.00_224/block_12_expand/Conv2D,2,282.625,141.3125,282.625,141.3125,0.0005477463862813722,0.935026580453274,0.0,0.0
168,Device,Conv2DBackpropInput,gradient_tape/mobilenetv2_1.00_224/block_11_project/Conv2D/Conv2DBackpropInput,2,280.578,140.289,280.578,140.289,0.0005437791616808664,0.9355703596149549,0.0,0.0
169,Device,Conv2DBackpropInput,gradient_tape/mobilenetv2_1.00_224/block_12_project/Conv2D/Conv2DBackpropInput,2,278.528,139.264,278.528,139.264,0.0005398061228772333,0.9361101657378321,0.0,0.0
170,Device,Conv2DBackpropInput,gradient_tape/mobilenetv2_1.00_224/block_16_project/Conv2D/Conv2DBackpropInput,2,277.505,138.7525,277.505,138.7525,0.0005378234796108349,0.936647989217443,0.0,0.0
171,Device,Conv2DBackpropFilter,gradient_tape/mobilenetv2_1.00_224/block_10_project/Conv2D/Conv2DBackpropFilter,2,273.409,136.7045,273.409,136.7045,0.000529885154274405,0.9371778743717174,0.0,0.0
172,Device,Conv2DBackpropFilter,gradient_tape/mobilenetv2_1.00_224/block_14_project/Conv2D/Conv2DBackpropFilter,4,269.313,67.32825,269.313,67.32825,0.000521946828937975,0.9376998212006554,0.0,0.0
173,Device,Slice,gradient_tape/mobilenetv2_1.00_224/block_13_pad/Slice_1,2,269.312,134.656,269.312,134.656,0.000521944890870266,0.9382217660915257,0.0,0.0
174,Device,Conv2DBackpropFilter,gradient_tape/mobilenetv2_1.00_224/block_15_project/Conv2D/Conv2DBackpropFilter,4,268.289,67.07225,268.289,67.07225,0.0005199622476038675,0.9387417283391296,0.0,0.0
175,Device,Conv2D,mobilenetv2_1.00_224/block_4_expand/Conv2D,2,268.288,134.144,268.288,134.144,0.0005199603095361585,0.9392616886486658,0.0,0.0
176,Device,Conv2D,mobilenetv2_1.00_224/block_6_expand/Conv2D,2,267.264,133.632,267.264,133.632,0.000517975728202051,0.9397796643768678,0.0,0.0
177,Device,Conv2D,mobilenetv2_1.00_224/block_5_expand/Conv2D,2,265.217,132.6085,265.217,132.6085,0.0005140085036015452,0.9402936728804693,0.0,0.0
178,Device,Conv2DBackpropInput,gradient_tape/mobilenetv2_1.00_224/block_4_project/Conv2D/Conv2DBackpropInput,2,265.216,132.608,265.216,132.608,0.0005140065655338361,0.9408076794460031,0.0,0.0
179,Device,Conv2DBackpropInput,gradient_tape/mobilenetv2_1.00_224/block_5_project/Conv2D/Conv2DBackpropInput,2,264.194,132.097,264.194,132.097,0.0005120258603351468,0.9413197053063382,0.0,0.0
180,Device,FusedBatchNormV3,mobilenetv2_1.00_224/block_9_expand_BN/FusedBatchNormV3,4,263.17,65.7925,263.17,65.7925,0.0005100412790010393,0.9418297465853392,0.0,0.0
181,Device,DepthwiseConv2dNative,mobilenetv2_1.00_224/block_12_depthwise/depthwise,2,263.169,131.5845,263.169,131.5845,0.0005100393409333302,0.9423397859262725,0.0,0.0
182,Device,Conv2DBackpropInput,gradient_tape/mobilenetv2_1.00_224/block_11_expand/Conv2D/Conv2DBackpropInput,2,262.146,131.073,262.146,131.073,0.0005080566976669318,0.9428478426239395,0.0,0.0
183,Device,FusedBatchNormV3,mobilenetv2_1.00_224/block_7_depthwise_BN/FusedBatchNormV3,4,262.145,65.53625,262.145,65.53625,0.0005080547595992227,0.9433558973835388,0.0,0.0
184,Device,FusedBatchNormV3,mobilenetv2_1.00_224/block_7_expand_BN/FusedBatchNormV3,4,262.145,65.53625,262.145,65.53625,0.0005080547595992227,0.943863952143138,0.0,0.0
185,Device,FusedBatchNormV3,mobilenetv2_1.00_224/block_10_depthwise_BN/FusedBatchNormV3,4,262.144,65.536,262.144,65.536,0.0005080528215315137,0.9443720049646696,0.0,0.0
186,Device,FusedBatchNormV3,mobilenetv2_1.00_224/block_8_expand_BN/FusedBatchNormV3,4,262.144,65.536,262.144,65.536,0.0005080528215315137,0.9448800577862011,0.0,0.0
187,Device,DepthwiseConv2dNative,mobilenetv2_1.00_224/block_11_depthwise/depthwise,2,261.122,130.561,261.122,130.561,0.0005060721163328243,0.9453861299025339,0.0,0.0
188,Device,FusedBatchNormV3,mobilenetv2_1.00_224/block_8_depthwise_BN/FusedBatchNormV3,4,261.12,65.28,261.12,65.28,0.0005060682401974062,0.9458921981427313,0.0,0.0
189,Device,FusedBatchNormV3,mobilenetv2_1.00_224/block_9_depthwise_BN/FusedBatchNormV3,4,260.098,65.0245,260.098,65.0245,0.0005040875349987169,0.94639628567773,0.0,0.0
190,Device,Conv2DBackpropInput,gradient_tape/mobilenetv2_1.00_224/block_12_expand/Conv2D/Conv2DBackpropInput,2,260.096,130.048,260.096,130.048,0.0005040836588632987,0.9469003693365934,0.0,0.0
191,Device,Conv2DBackpropInput,gradient_tape/mobilenetv2_1.00_224/block_13_expand/Conv2D/Conv2DBackpropInput,2,260.096,130.048,260.096,130.048,0.0005040836588632987,0.9474044529954567,0.0,0.0
192,Device,FusedBatchNormV3,mobilenetv2_1.00_224/block_10_expand_BN/FusedBatchNormV3,4,260.096,65.024,260.096,65.024,0.0005040836588632987,0.9479085366543201,0.0,0.0
193,Device,Conv2D,mobilenetv2_1.00_224/block_11_project/Conv2D,2,258.048,129.024,258.048,129.024,0.0005001144961950838,0.9484086511505152,0.0,0.0
194,Device,Conv2D,mobilenetv2_1.00_224/block_12_project/Conv2D,2,257.025,128.5125,257.025,128.5125,0.0004981318529286853,0.9489067830034439,0.0,0.0
195,Device,DepthwiseConv2dNative,mobilenetv2_1.00_224/block_6_depthwise/depthwise,2,257.025,128.5125,257.025,128.5125,0.0004981318529286853,0.9494049148563726,0.0,0.0
196,Device,Relu6Grad,gradient_tape/mobilenetv2_1.00_224/block_9_expand_relu/Relu6/Relu6Grad,2,249.857,124.9285,249.857,124.9285,0.00048423978358993304,0.9498891546399625,0.0,0.0
197,Device,Relu6Grad,gradient_tape/mobilenetv2_1.00_224/block_8_expand_relu/Relu6/Relu6Grad,2,249.856,124.928,249.856,124.928,0.00048423784552222395,0.9503733924854847,0.0,0.0
198,Device,Relu6,mobilenetv2_1.00_224/block_13_expand_relu/Relu6,2,248.834,124.417,248.834,124.417,0.0004822571403235347,0.9508556496258083,0.0,0.0
199,Device,Relu6,mobilenetv2_1.00_224/block_11_depthwise_relu/Relu6,2,247.809,123.9045,247.809,123.9045,0.0004802706209217181,0.95133592024673,0.0,0.0
200,Device,Relu6,mobilenetv2_1.00_224/block_12_depthwise_relu/Relu6,2,247.809,123.9045,247.809,123.9045,0.0004802706209217181,0.9518161908676517,0.0,0.0
201,Device,Relu6,mobilenetv2_1.00_224/block_12_expand_relu/Relu6,2,247.809,123.9045,247.809,123.9045,0.0004802706209217181,0.9522964614885734,0.0,0.0
202,Device,Relu6Grad,gradient_tape/mobilenetv2_1.00_224/block_7_expand_relu/Relu6/Relu6Grad,2,247.808,123.904,247.808,123.904,0.00048026868285400896,0.9527767301714274,0.0,0.0
203,Device,Relu6,mobilenetv2_1.00_224/block_11_expand_relu/Relu6,2,247.808,123.904,247.808,123.904,0.00048026868285400896,0.9532569988542814,0.0,0.0
204,Device,Relu6,mobilenetv2_1.00_224/block_3_depthwise_relu/Relu6,2,247.808,123.904,247.808,123.904,0.00048026868285400896,0.9537372675371354,0.0,0.0
205,Device,Conv2DBackpropFilter,gradient_tape/mobilenetv2_1.00_224/block_13_project/Conv2D/Conv2DBackpropFilter,2,246.785,123.3925,246.785,123.3925,0.0004782860395876106,0.954215553576723,0.0,0.0
206,Device,Relu6Grad,gradient_tape/mobilenetv2_1.00_224/block_7_depthwise_relu/Relu6/Relu6Grad,2,245.76,122.88,245.76,122.88,0.00047629952018579403,0.9546918530969088,0.0,0.0
207,Device,Relu6Grad,gradient_tape/mobilenetv2_1.00_224/block_8_depthwise_relu/Relu6/Relu6Grad,2,245.76,122.88,245.76,122.88,0.00047629952018579403,0.9551681526170946,0.0,0.0
208,Device,Conv2DBackpropFilter,gradient_tape/mobilenetv2_1.00_224/block_8_project/Conv2D/Conv2DBackpropFilter,2,245.76,122.88,245.76,122.88,0.00047629952018579403,0.9556444521372804,0.0,0.0
209,Device,Relu6Grad,gradient_tape/mobilenetv2_1.00_224/block_9_depthwise_relu/Relu6/Relu6Grad,2,245.76,122.88,245.76,122.88,0.00047629952018579403,0.9561207516574662,0.0,0.0
210,Device,AddN,SGD/gradients/AddN_9,2,244.737,122.3685,244.737,122.3685,0.0004743168769193957,0.9565950685343856,0.0,0.0
211,Device,FusedBatchNormGradV3,gradient_tape/mobilenetv2_1.00_224/Conv_1_bn/FusedBatchNormGradV3,2,243.713,121.8565,243.713,121.8565,0.0004723322955852882,0.9570674008299709,0.0,0.0
212,Device,Conv2DBackpropFilter,gradient_tape/mobilenetv2_1.00_224/block_9_project/Conv2D/Conv2DBackpropFilter,2,242.689,121.3445,242.689,121.3445,0.0004703477142511807,0.957537748544222,0.0,0.0
213,Device,Conv2DBackpropFilter,gradient_tape/mobilenetv2_1.00_224/block_7_project/Conv2D/Conv2DBackpropFilter,2,242.688,121.344,242.688,121.344,0.0004703457761834716,0.9580080943204055,0.0,0.0
214,Device,AddV2,mobilenetv2_1.00_224/block_2_add/add,2,240.641,120.3205,240.641,120.3205,0.00046637855158296576,0.9584744728719884,0.0,0.0
215,Device,Relu6Grad,gradient_tape/mobilenetv2_1.00_224/block_10_depthwise_relu/Relu6/Relu6Grad,2,239.616,119.808,239.616,119.808,0.00046439203218114923,0.9589388649041696,0.0,0.0
216,Device,Conv2D,mobilenetv2_1.00_224/block_14_project/Conv2D,2,238.594,119.297,238.594,119.297,0.0004624113269824599,0.959401276231152,0.0,0.0
217,Device,Relu6Grad,gradient_tape/mobilenetv2_1.00_224/block_10_expand_relu/Relu6/Relu6Grad,2,237.57,118.785,237.57,118.785,0.0004604267456483524,0.9598617029768004,0.0,0.0
218,Device,Conv2D,mobilenetv2_1.00_224/block_15_project/Conv2D,2,237.569,118.7845,237.569,118.7845,0.00046042480758064333,0.9603221277843811,0.0,0.0
219,Device,Conv2DBackpropInput,gradient_tape/mobilenetv2_1.00_224/block_3_project/Conv2D/Conv2DBackpropInput,2,230.4,115.2,230.4,115.2,0.00044653080017418196,0.9607686585845553,0.0,0.0
220,Device,Conv2DBackpropInput,gradient_tape/mobilenetv2_1.00_224/block_15_expand/Conv2D/Conv2DBackpropInput,2,229.377,114.6885,229.377,114.6885,0.00044454815690778355,0.961213206741463,0.0,0.0
221,Device,Conv2DBackpropInput,gradient_tape/mobilenetv2_1.00_224/block_14_expand/Conv2D/Conv2DBackpropInput,2,227.329,113.6645,227.329,113.6645,0.0004405789942395686,0.9616537857357026,0.0,0.0
222,Device,Conv2DBackpropInput,gradient_tape/mobilenetv2_1.00_224/block_16_expand/Conv2D/Conv2DBackpropInput,2,223.233,111.6165,223.233,111.6165,0.0004326406689031387,0.9620864264046057,0.0,0.0
223,Device,Conv2DBackpropFilter,gradient_tape/mobilenetv2_1.00_224/block_10_expand/Conv2D/Conv2DBackpropFilter,2,222.208,111.104,222.208,111.104,0.0004306541495013221,0.962517080554107,0.0,0.0
224,Device,Conv2DBackpropInput,gradient_tape/mobilenetv2_1.00_224/block_6_expand/Conv2D/Conv2DBackpropInput,2,219.136,109.568,219.136,109.568,0.0004247004054989997,0.962941780959606,0.0,0.0
225,Device,Conv2DBackpropInput,gradient_tape/mobilenetv2_1.00_224/block_4_expand/Conv2D/Conv2DBackpropInput,2,217.09,108.545,217.09,108.545,0.0004207351189662029,0.9633625160785723,0.0,0.0
226,Device,Conv2DBackpropFilter,gradient_tape/mobilenetv2_1.00_224/block_9_expand/Conv2D/Conv2DBackpropFilter,2,216.066,108.033,216.066,108.033,0.00041875053763209543,0.9637812666162043,0.0,0.0
227,Device,Conv2DBackpropFilter,gradient_tape/mobilenetv2_1.00_224/block_7_expand/Conv2D/Conv2DBackpropFilter,2,216.064,108.032,216.064,108.032,0.00041874666149667726,0.964200013277701,0.0,0.0
228,Device,FusedBatchNormGradV3,gradient_tape/mobilenetv2_1.00_224/block_6_depthwise_BN/FusedBatchNormGradV3,2,215.041,107.5205,215.041,107.5205,0.00041676401823027885,0.9646167772959313,0.0,0.0
229,Device,Conv2DBackpropFilter,gradient_tape/mobilenetv2_1.00_224/block_8_expand/Conv2D/Conv2DBackpropFilter,2,214.017,107.0085,214.017,107.0085,0.0004147794368961714,0.9650315567328275,0.0,0.0
230,Device,Conv2DBackpropInput,gradient_tape/mobilenetv2_1.00_224/block_5_expand/Conv2D/Conv2DBackpropInput,2,214.016,107.008,214.016,107.008,0.0004147774988284623,0.9654463342316559,0.0,0.0
231,Device,DepthwiseConv2dNative,mobilenetv2_1.00_224/block_13_depthwise/depthwise,2,209.921,104.9605,209.921,104.9605,0.0004068411115597415,0.9658531753432157,0.0,0.0
232,Device,Relu6Grad,gradient_tape/mobilenetv2_1.00_224/out_relu/Relu6/Relu6Grad,2,206.849,103.4245,206.849,103.4245,0.00040088736755741907,0.9662540627107731,0.0,0.0
233,Device,Conv2DBackpropInput,gradient_tape/mobilenetv2_1.00_224/block_10_project/Conv2D/Conv2DBackpropInput,2,200.705,100.3525,200.705,100.3525,0.00038897987955277427,0.9666430425903259,0.0,0.0
234,Device,Conv2D,mobilenetv2_1.00_224/block_4_project/Conv2D,2,200.705,100.3525,200.705,100.3525,0.00038897987955277427,0.9670320224698786,0.0,0.0
235,Device,Conv2D,mobilenetv2_1.00_224/block_5_project/Conv2D,2,199.68,99.84,199.68,99.84,0.0003869933601509577,0.9674190158300295,0.0,0.0
236,Device,DepthwiseConv2dNativeBackpropInput,gradient_tape/mobilenetv2_1.00_224/block_15_depthwise/depthwise/DepthwiseConv2dNativeBackpropInput,2,193.537,96.7685,193.537,96.7685,0.0003750878102140219,0.9677941036402435,0.0,0.0
237,Device,DepthwiseConv2dNativeBackpropInput,gradient_tape/mobilenetv2_1.00_224/block_16_depthwise/depthwise/DepthwiseConv2dNativeBackpropInput,2,193.537,96.7685,193.537,96.7685,0.0003750878102140219,0.9681691914504575,0.0,0.0
238,Device,DepthwiseConv2dNativeBackpropInput,gradient_tape/mobilenetv2_1.00_224/block_14_depthwise/depthwise/DepthwiseConv2dNativeBackpropInput,2,192.513,96.2565,192.513,96.2565,0.00037310322887991443,0.9685422946793375,0.0,0.0
239,Device,Conv2DBackpropInput,gradient_tape/mobilenetv2_1.00_224/block_14_project/Conv2D/Conv2DBackpropInput,2,189.441,94.7205,189.441,94.7205,0.000367149484877592,0.9689094441642151,0.0,0.0
240,Device,Conv2D,mobilenetv2_1.00_224/block_15_expand/Conv2D,2,189.44,94.72,189.44,94.72,0.0003671475468098829,0.969276591711025,0.0,0.0
241,Device,Conv2D,mobilenetv2_1.00_224/block_14_expand/Conv2D,2,188.417,94.2085,188.417,94.2085,0.0003651649035434845,0.9696417566145684,0.0,0.0
242,Device,Conv2D,mobilenetv2_1.00_224/block_16_expand/Conv2D,2,186.369,93.1845,186.369,93.1845,0.0003611957408752696,0.9700029523554436,0.0,0.0
243,Device,ArgMax,ArgMax,2,186.368,93.184,186.368,93.184,0.0003611938028075605,0.9703641461582512,0.0,0.0
244,Device,Conv2DBackpropInput,gradient_tape/mobilenetv2_1.00_224/block_15_project/Conv2D/Conv2DBackpropInput,2,185.344,92.672,185.344,92.672,0.000359209221473453,0.9707233553797247,0.0,0.0
245,Device,Conv2D,mobilenetv2_1.00_224/block_10_project/Conv2D,2,183.297,91.6485,183.297,91.6485,0.00035524199687294716,0.9710785973765976,0.0,0.0
246,Device,DepthwiseConv2dNative,mobilenetv2_1.00_224/block_7_depthwise/depthwise,2,182.273,91.1365,182.273,91.1365,0.00035325741553883966,0.9714318547921365,0.0,0.0
247,Device,FusedBatchNormGradV3,gradient_tape/mobilenetv2_1.00_224/block_5_project_BN/FusedBatchNormGradV3,2,180.226,90.113,180.226,90.113,0.0003492901909383338,0.9717811449830748,0.0,0.0
248,Device,FusedBatchNormGradV3,gradient_tape/mobilenetv2_1.00_224/block_3_project_BN/FusedBatchNormGradV3,2,180.224,90.112,180.224,90.112,0.0003492863148029156,0.9721304312978777,0.0,0.0
249,Device,FusedBatchNormGradV3,gradient_tape/mobilenetv2_1.00_224/block_4_project_BN/FusedBatchNormGradV3,2,180.224,90.112,180.224,90.112,0.0003492863148029156,0.9724797176126806,0.0,0.0
250,Device,Conv2DBackpropInput,gradient_tape/mobilenetv2_1.00_224/block_7_project/Conv2D/Conv2DBackpropInput,2,179.202,89.601,179.202,89.601,0.0003473056096042263,0.9728270232222849,0.0,0.0
251,Device,Conv2DBackpropInput,gradient_tape/mobilenetv2_1.00_224/block_9_project/Conv2D/Conv2DBackpropInput,2,179.201,89.6005,179.201,89.6005,0.00034730367153651724,0.9731743268938214,0.0,0.0
252,Device,DepthwiseConv2dNative,mobilenetv2_1.00_224/block_10_depthwise/depthwise,2,179.201,89.6005,179.201,89.6005,0.00034730367153651724,0.973521630565358,0.0,0.0
253,Device,FusedBatchNormGradV3,gradient_tape/mobilenetv2_1.00_224/block_16_depthwise_BN/FusedBatchNormGradV3,2,179.2,89.6,179.2,89.6,0.00034730173346880815,0.9738689322988269,0.0,0.0
254,Device,Conv2D,mobilenetv2_1.00_224/block_9_expand/Conv2D,2,179.2,89.6,179.2,89.6,0.00034730173346880815,0.9742162340322957,0.0,0.0
255,Device,Conv2DBackpropInput,gradient_tape/mobilenetv2_1.00_224/block_8_project/Conv2D/Conv2DBackpropInput,2,178.177,89.0885,178.177,89.0885,0.00034531909020240974,0.9745615531224981,0.0,0.0
256,Device,Conv2D,mobilenetv2_1.00_224/block_7_expand/Conv2D,2,178.177,89.0885,178.177,89.0885,0.00034531909020240974,0.9749068722127006,0.0,0.0
257,Device,DepthwiseConv2dNative,mobilenetv2_1.00_224/block_8_depthwise/depthwise,2,178.177,89.0885,178.177,89.0885,0.00034531909020240974,0.975252191302903,0.0,0.0
258,Device,DepthwiseConv2dNative,mobilenetv2_1.00_224/block_9_depthwise/depthwise,2,178.176,89.088,178.176,89.088,0.00034531715213470066,0.9755975084550377,0.0,0.0
259,Device,Conv2D,mobilenetv2_1.00_224/block_10_expand/Conv2D,2,177.154,88.577,177.154,88.577,0.0003433364469360114,0.9759408449019736,0.0,0.0
260,Device,FusedBatchNormGradV3,gradient_tape/mobilenetv2_1.00_224/block_14_depthwise_BN/FusedBatchNormGradV3,2,177.153,88.5765,177.153,88.5765,0.0003433345088683023,0.9762841794108419,0.0,0.0
261,Device,FusedBatchNormGradV3,gradient_tape/mobilenetv2_1.00_224/block_15_depthwise_BN/FusedBatchNormGradV3,2,177.153,88.5765,177.153,88.5765,0.0003433345088683023,0.9766275139197101,0.0,0.0
262,Device,FusedBatchNormGradV3,gradient_tape/mobilenetv2_1.00_224/block_15_expand_BN/FusedBatchNormGradV3,2,177.153,88.5765,177.153,88.5765,0.0003433345088683023,0.9769708484285784,0.0,0.0
263,Device,Conv2D,mobilenetv2_1.00_224/block_8_expand/Conv2D,2,176.129,88.0645,176.129,88.0645,0.0003413499275341948,0.9773121983561126,0.0,0.0
264,Device,FusedBatchNormGradV3,gradient_tape/mobilenetv2_1.00_224/block_16_expand_BN/FusedBatchNormGradV3,2,175.104,87.552,175.104,87.552,0.0003393634081323783,0.977651561764245,0.0,0.0
265,Device,FusedBatchNormGradV3,gradient_tape/mobilenetv2_1.00_224/block_14_expand_BN/FusedBatchNormGradV3,2,174.08,87.04,174.08,87.04,0.0003373788267982708,0.9779889405910432,0.0,0.0
266,Device,Relu6,mobilenetv2_1.00_224/block_10_depthwise_relu/Relu6,2,167.937,83.9685,167.937,83.9685,0.000325473276861335,0.9783144138679046,0.0,0.0
267,Device,Relu6,mobilenetv2_1.00_224/block_8_depthwise_relu/Relu6,2,167.937,83.9685,167.937,83.9685,0.000325473276861335,0.978639887144766,0.0,0.0
268,Device,Relu6,mobilenetv2_1.00_224/block_7_depthwise_relu/Relu6,2,167.936,83.968,167.936,83.968,0.00032547133879362594,0.9789653584835597,0.0,0.0
269,Device,Relu6,mobilenetv2_1.00_224/block_8_expand_relu/Relu6,2,166.913,83.4565,166.913,83.4565,0.0003234886955272276,0.9792888471790869,0.0,0.0
270,Device,Relu6,mobilenetv2_1.00_224/block_10_expand_relu/Relu6,2,166.912,83.456,166.912,83.456,0.00032348675745951845,0.9796123339365465,0.0,0.0
271,Device,Relu6,mobilenetv2_1.00_224/block_9_depthwise_relu/Relu6,2,166.912,83.456,166.912,83.456,0.00032348675745951845,0.979935820694006,0.0,0.0
272,Device,Relu6,mobilenetv2_1.00_224/block_9_expand_relu/Relu6,2,166.912,83.456,166.912,83.456,0.00032348675745951845,0.9802593074514655,0.0,0.0
273,Device,Relu6,mobilenetv2_1.00_224/block_7_expand_relu/Relu6,2,165.888,82.944,165.888,82.944,0.000321502176125411,0.9805808096275909,0.0,0.0
274,Device,FusedBatchNormV3,mobilenetv2_1.00_224/Conv_1_bn/FusedBatchNormV3,4,162.816,40.704,162.816,40.704,0.0003155484321230886,0.980896358059714,0.0,0.0
275,Device,Conv2D,mobilenetv2_1.00_224/block_3_project/Conv2D,2,158.721,79.3605,158.721,79.3605,0.00030761204485436775,0.9812039701045684,0.0,0.0
276,Device,Relu6Grad,gradient_tape/mobilenetv2_1.00_224/block_14_expand_relu/Relu6/Relu6Grad,2,157.697,78.8485,157.697,78.8485,0.00030562746352026025,0.9815095975680886,0.0,0.0
277,Device,Transpose,gradient_tape/mobilenetv2_1.00_224/out_relu/Relu6/Relu6Grad-0-TransposeNHWCToNCHW-LayoutOptimizer,2,157.696,78.848,157.696,78.848,0.00030562552545255117,0.9818152230935412,0.0,0.0
278,Device,Relu6Grad,gradient_tape/mobilenetv2_1.00_224/block_15_depthwise_relu/Relu6/Relu6Grad,2,155.649,77.8245,155.649,77.8245,0.0003016583008520453,0.9821168813943932,0.0,0.0
279,Device,Relu6Grad,gradient_tape/mobilenetv2_1.00_224/block_15_expand_relu/Relu6/Relu6Grad,2,155.648,77.824,155.648,77.824,0.00030165636278433624,0.9824185377571776,0.0,0.0
280,Device,Relu6Grad,gradient_tape/mobilenetv2_1.00_224/block_16_depthwise_relu/Relu6/Relu6Grad,2,153.601,76.8005,153.601,76.8005,0.0002976891381838304,0.9827162268953614,0.0,0.0
281,Device,Relu6Grad,gradient_tape/mobilenetv2_1.00_224/block_14_depthwise_relu/Relu6/Relu6Grad,2,153.6,76.8,153.6,76.8,0.00029768720011612125,0.9830139140954776,0.0,0.0
282,Device,Conv2D,mobilenetv2_1.00_224/block_13_project/Conv2D,2,151.552,75.776,151.552,75.776,0.0002937180374479063,0.9833076321329255,0.0,0.0
283,Device,Conv2DBackpropInput,gradient_tape/mobilenetv2_1.00_224/block_10_expand/Conv2D/Conv2DBackpropInput,2,141.314,70.657,141.314,70.657,0.00027387610024224977,0.9835815082331677,0.0,0.0
284,Device,Relu6Grad,gradient_tape/mobilenetv2_1.00_224/block_16_expand_relu/Relu6/Relu6Grad,2,141.313,70.6565,141.313,70.6565,0.00027387416217454063,0.9838553823953422,0.0,0.0
285,Device,Transpose,mobilenetv2_1.00_224/out_relu/Relu6-0-0-TransposeNCHWToNHWC-LayoutOptimizer,2,140.289,70.1445,140.289,70.1445,0.0002718895808404332,0.9841272719761827,0.0,0.0
286,Device,Conv2DBackpropInput,gradient_tape/mobilenetv2_1.00_224/block_7_expand/Conv2D/Conv2DBackpropInput,2,139.266,69.633,139.266,69.633,0.0002699069375740348,0.9843971789137567,0.0,0.0
287,Device,DepthwiseConv2dNativeBackpropFilter,gradient_tape/mobilenetv2_1.00_224/block_15_depthwise/depthwise/DepthwiseConv2dNativeBackpropFilter,2,139.264,69.632,139.264,69.632,0.00026990306143861667,0.9846670819751953,0.0,0.0
288,Device,Conv2DBackpropInput,gradient_tape/mobilenetv2_1.00_224/block_8_expand/Conv2D/Conv2DBackpropInput,2,138.241,69.1205,138.241,69.1205,0.00026792041817221826,0.9849350023933675,0.0,0.0
289,Device,DepthwiseConv2dNativeBackpropFilter,gradient_tape/mobilenetv2_1.00_224/block_14_depthwise/depthwise/DepthwiseConv2dNativeBackpropFilter,2,138.24,69.12,138.24,69.12,0.0002679184801045092,0.985202920873472,0.0,0.0
290,Device,DepthwiseConv2dNativeBackpropFilter,gradient_tape/mobilenetv2_1.00_224/block_16_depthwise/depthwise/DepthwiseConv2dNativeBackpropFilter,2,138.24,69.12,138.24,69.12,0.0002679184801045092,0.9854708393535766,0.0,0.0
291,Device,Conv2D,mobilenetv2_1.00_224/block_8_project/Conv2D,2,137.217,68.6085,137.217,68.6085,0.0002659358368381108,0.9857367751904147,0.0,0.0
292,Device,RealDiv,gradient_tape/mobilenetv2_1.00_224/global_average_pooling2d/truediv,2,136.193,68.0965,136.193,68.0965,0.0002639512555040033,0.9860007264459187,0.0,0.0
293,Device,Conv2D,mobilenetv2_1.00_224/block_7_project/Conv2D,2,135.169,67.5845,135.169,67.5845,0.00026196667416989583,0.9862626931200886,0.0,0.0
294,Device,Conv2D,mobilenetv2_1.00_224/block_9_project/Conv2D,2,135.168,67.584,135.168,67.584,0.00026196473610218675,0.9865246578561908,0.0,0.0
295,Device,Relu6,mobilenetv2_1.00_224/out_relu/Relu6,2,135.168,67.584,135.168,67.584,0.00026196473610218675,0.986786622592293,0.0,0.0
296,Device,Conv2DBackpropInput,gradient_tape/mobilenetv2_1.00_224/block_9_expand/Conv2D/Conv2DBackpropInput,2,133.12,66.56,133.12,66.56,0.00025799557343397176,0.987044618165727,0.0,0.0
297,Device,Conv2DBackpropFilter,gradient_tape/mobilenetv2_1.00_224/block_6_project/Conv2D/Conv2DBackpropFilter,2,129.024,64.512,129.024,64.512,0.0002500572480975419,0.9872946754138245,0.0,0.0
298,Device,FusedBatchNormV3,mobilenetv2_1.00_224/block_6_depthwise_BN/FusedBatchNormV3,4,126.977,31.74425,126.977,31.74425,0.00024609002349703605,0.9875407654373216,0.0,0.0
299,Device,FusedBatchNormV3,mobilenetv2_1.00_224/block_15_expand_BN/FusedBatchNormV3,4,123.905,30.97625,123.905,30.97625,0.0002401362794947136,0.9877809017168163,0.0,0.0
300,Device,Relu6Grad,gradient_tape/mobilenetv2_1.00_224/block_6_depthwise_relu/Relu6/Relu6Grad,2,122.881,61.4405,122.881,61.4405,0.00023815169816060613,0.988019053414977,0.0,0.0
301,Device,FusedBatchNormV3,mobilenetv2_1.00_224/block_14_expand_BN/FusedBatchNormV3,4,121.856,30.464,121.856,30.464,0.00023616517875878955,0.9882552185937358,0.0,0.0
302,Device,ArgMax,ArgMax_1,2,120.833,60.4165,120.833,60.4165,0.00023418253549239117,0.9884894011292281,0.0,0.0
303,Device,FusedBatchNormV3,mobilenetv2_1.00_224/block_16_expand_BN/FusedBatchNormV3,4,120.832,30.208,120.832,30.208,0.00023418059742468206,0.9887235817266528,0.0,0.0
304,Device,FusedBatchNormV3,mobilenetv2_1.00_224/block_14_depthwise_BN/FusedBatchNormV3,4,117.76,29.44,117.76,29.44,0.00022822685342235966,0.9889518085800751,0.0,0.0
305,Device,FusedBatchNormV3,mobilenetv2_1.00_224/block_15_depthwise_BN/FusedBatchNormV3,4,116.736,29.184,116.736,29.184,0.0002262422720882522,0.9891780508521634,0.0,0.0
306,Device,FusedBatchNormV3,mobilenetv2_1.00_224/block_16_depthwise_BN/FusedBatchNormV3,4,115.713,28.92825,115.713,28.92825,0.00022425962882185378,0.9894023104809853,0.0,0.0
307,Device,Conv2DBackpropInput,gradient_tape/mobilenetv2_1.00_224/block_13_project/Conv2D/Conv2DBackpropInput,2,115.712,57.856,115.712,57.856,0.0002242576907541447,0.9896265681717394,0.0,0.0
308,Device,DepthwiseConv2dNative,mobilenetv2_1.00_224/block_15_depthwise/depthwise,2,113.665,56.8325,113.665,56.8325,0.00022029046615363885,0.9898468586378931,0.0,0.0
309,Device,DepthwiseConv2dNative,mobilenetv2_1.00_224/block_14_depthwise/depthwise,2,111.616,55.808,111.616,55.808,0.0002163193654177148,0.9900631780033108,0.0,0.0
310,Device,DepthwiseConv2dNative,mobilenetv2_1.00_224/block_16_depthwise/depthwise,2,110.593,55.2965,110.593,55.2965,0.00021433672215131642,0.9902775147254621,0.0,0.0
311,Device,FusedBatchNormGradV3,gradient_tape/mobilenetv2_1.00_224/block_13_depthwise_BN/FusedBatchNormGradV3,2,106.496,53.248,106.496,53.248,0.00020639645874717742,0.9904839111842093,0.0,0.0
312,Device,Conv2DBackpropInput,gradient_tape/mobilenetv2_1.00_224/block_6_project/Conv2D/Conv2DBackpropInput,2,103.424,51.712,103.424,51.712,0.00020044271474485502,0.9906843538989542,0.0,0.0
313,Device,FusedBatchNormV3,mobilenetv2_1.00_224/block_5_project_BN/FusedBatchNormV3,4,100.353,25.08825,100.353,25.08825,0.00019449090881024165,0.9908788448077644,0.0,0.0
314,Device,Relu6,mobilenetv2_1.00_224/block_14_depthwise_relu/Relu6,2,99.328,49.664,99.328,49.664,0.0001925043894084251,0.9910713491971729,0.0,0.0
315,Device,Relu6,mobilenetv2_1.00_224/block_14_expand_relu/Relu6,2,98.305,49.1525,98.305,49.1525,0.00019052174614202672,0.9912618709433149,0.0,0.0
316,Device,Relu6,mobilenetv2_1.00_224/block_16_depthwise_relu/Relu6,2,98.304,49.152,98.304,49.152,0.00019051980807431763,0.9914523907513891,0.0,0.0
317,Device,FusedBatchNormGradV3,gradient_tape/mobilenetv2_1.00_224/block_10_project_BN/FusedBatchNormGradV3,2,97.28,48.64,97.28,48.64,0.00018853522674021014,0.9916409259781294,0.0,0.0
318,Device,Relu6,mobilenetv2_1.00_224/block_16_expand_relu/Relu6,2,97.28,48.64,97.28,48.64,0.00018853522674021014,0.9918294612048696,0.0,0.0
319,Device,FusedBatchNormV3,mobilenetv2_1.00_224/block_4_project_BN/FusedBatchNormV3,4,97.28,24.32,97.28,24.32,0.00018853522674021014,0.9920179964316098,0.0,0.0
320,Device,FusedBatchNormGradV3,gradient_tape/mobilenetv2_1.00_224/block_11_project_BN/FusedBatchNormGradV3,2,96.257,48.1285,96.257,48.1285,0.00018655258347381176,0.9922045490150836,0.0,0.0
321,Device,FusedBatchNormGradV3,gradient_tape/mobilenetv2_1.00_224/block_12_project_BN/FusedBatchNormGradV3,2,96.256,48.128,96.256,48.128,0.00018655064540610267,0.9923910996604897,0.0,0.0
322,Device,Relu6,mobilenetv2_1.00_224/block_15_depthwise_relu/Relu6,2,96.256,48.128,96.256,48.128,0.00018655064540610267,0.9925776503058957,0.0,0.0
323,Device,Relu6,mobilenetv2_1.00_224/block_15_expand_relu/Relu6,2,96.256,48.128,96.256,48.128,0.00018655064540610267,0.9927642009513018,0.0,0.0
324,Device,FusedBatchNormV3,mobilenetv2_1.00_224/block_3_project_BN/FusedBatchNormV3,4,96.256,24.064,96.256,24.064,0.00018655064540610267,0.9929507515967079,0.0,0.0
325,Device,Relu6Grad,gradient_tape/mobilenetv2_1.00_224/block_13_depthwise_relu/Relu6/Relu6Grad,2,84.992,42.496,84.992,42.496,0.00016472025073092046,0.9931154718474388,0.0,0.0
326,Device,Conv2D,mobilenetv2_1.00_224/block_6_project/Conv2D,2,84.992,42.496,84.992,42.496,0.00016472025073092046,0.9932801920981696,0.0,0.0
327,Device,AddV2,mobilenetv2_1.00_224/block_5_add/add,2,83.969,41.9845,83.969,41.9845,0.00016273760746452205,0.9934429297056342,0.0,0.0
328,Device,AddV2,mobilenetv2_1.00_224/block_4_add/add,2,83.968,41.984,83.968,41.984,0.00016273566939681297,0.993605665375031,0.0,0.0
329,Device,Relu6,mobilenetv2_1.00_224/block_6_depthwise_relu/Relu6,2,83.968,41.984,83.968,41.984,0.00016273566939681297,0.9937684010444279,0.0,0.0
330,Device,Mean,mobilenetv2_1.00_224/global_average_pooling2d/Mean,2,81.92,40.96,81.92,40.96,0.000158766506728598,0.9939271675511565,0.0,0.0
331,Device,AddN,SGD/gradients/AddN_8,2,79.872,39.936,79.872,39.936,0.00015479734406038308,0.9940819648952169,0.0,0.0
332,Device,AddN,SGD/gradients/AddN_7,2,78.849,39.4245,78.849,39.4245,0.0001528147007939847,0.9942347795960109,0.0,0.0
333,Device,BroadcastTo,gradient_tape/mobilenetv2_1.00_224/global_average_pooling2d/BroadcastTo,2,74.752,37.376,74.752,37.376,0.0001448744373898457,0.9943796540334008,0.0,0.0
334,Device,FusedBatchNormV3,mobilenetv2_1.00_224/block_13_depthwise_BN/FusedBatchNormV3,4,71.681,17.92025,71.681,17.92025,0.00013892263145523235,0.994518576664856,0.0,0.0
335,Device,FusedBatchNormGradV3,gradient_tape/mobilenetv2_1.00_224/block_16_project_BN/FusedBatchNormGradV3,2,65.537,32.7685,65.537,32.7685,0.00012701514345058753,0.9946455918083066,0.0,0.0
336,Device,ResourceApplyGradientDescent,SGD/SGD/update_156/ResourceApplyGradientDescent,2,59.392,29.696,59.392,29.696,0.00011510571737823356,0.9947606975256849,0.0,0.0
337,Device,FusedBatchNormGradV3,gradient_tape/mobilenetv2_1.00_224/block_9_project_BN/FusedBatchNormGradV3,2,59.392,29.696,59.392,29.696,0.00011510571737823356,0.9948758032430631,0.0,0.0
338,Device,FusedBatchNormGradV3,gradient_tape/mobilenetv2_1.00_224/block_7_project_BN/FusedBatchNormGradV3,2,58.368,29.184,58.368,29.184,0.0001131211360441261,0.9949889243791072,0.0,0.0
339,Device,FusedBatchNormGradV3,gradient_tape/mobilenetv2_1.00_224/block_8_project_BN/FusedBatchNormGradV3,2,58.368,29.184,58.368,29.184,0.0001131211360441261,0.9951020455151514,0.0,0.0
340,Device,AddN,SGD/gradients/AddN_3,2,57.344,28.672,57.344,28.672,0.00011113655471001862,0.9952131820698614,0.0,0.0
341,Device,FusedBatchNormGradV3,gradient_tape/mobilenetv2_1.00_224/block_6_project_BN/FusedBatchNormGradV3,2,57.344,28.672,57.344,28.672,0.00011113655471001862,0.9953243186245715,0.0,0.0
342,Device,FusedBatchNormV3,mobilenetv2_1.00_224/block_10_project_BN/FusedBatchNormV3,4,56.32,14.08,56.32,14.08,0.00010915197337591114,0.9954334705979474,0.0,0.0
343,Device,FusedBatchNormV3,mobilenetv2_1.00_224/block_12_project_BN/FusedBatchNormV3,4,56.32,14.08,56.32,14.08,0.00010915197337591114,0.9955426225713233,0.0,0.0
344,Device,FusedBatchNormV3,mobilenetv2_1.00_224/block_11_project_BN/FusedBatchNormV3,4,54.273,13.56825,54.273,13.56825,0.00010518474877540529,0.9956478073200987,0.0,0.0
345,Device,MatMul,gradient_tape/mobilenetv2_1.00_224/predictions/MatMul/MatMul,2,52.224,26.112,52.224,26.112,0.00010121364803948123,0.9957490209681382,0.0,0.0
346,Device,AddN,SGD/gradients/AddN_2,2,51.2,25.6,51.2,25.6,9.922906670537376e-05,0.9958482500348436,0.0,0.0
347,Device,AddV2,mobilenetv2_1.00_224/block_11_add/add,2,51.2,25.6,51.2,25.6,9.922906670537376e-05,0.9959474791015489,0.0,0.0
348,Device,AddV2,mobilenetv2_1.00_224/block_12_add/add,2,51.2,25.6,51.2,25.6,9.922906670537376e-05,0.9960467081682542,0.0,0.0
349,Device,Relu6,mobilenetv2_1.00_224/block_13_depthwise_relu/Relu6,2,50.176,25.088,50.176,25.088,9.724448537126628e-05,0.9961439526536255,0.0,0.0
350,Device,_Recv,IteratorGetNext/_4,2,41.408,20.704,41.408,20.704,8.025150769797103e-05,0.9962242041613235,0.0,0.0
351,Device,FusedBatchNormV3,mobilenetv2_1.00_224/block_16_project_BN/FusedBatchNormV3,4,39.936,9.984,39.936,9.984,7.739867203019154e-05,0.9963016028333537,0.0,0.0
352,Device,MatMul,mobilenetv2_1.00_224/predictions/MatMul,2,39.936,19.968,39.936,19.968,7.739867203019154e-05,0.9963790015053838,0.0,0.0
353,Device,AddN,SGD/gradients/AddN_4,2,34.816,17.408,34.816,17.408,6.747576535965417e-05,0.9964464772707435,0.0,0.0
354,Device,AddN,SGD/gradients/AddN_5,2,34.816,17.408,34.816,17.408,6.747576535965417e-05,0.9965139530361032,0.0,0.0
355,Device,AddN,SGD/gradients/AddN_6,2,33.792,16.896,33.792,16.896,6.549118402554669e-05,0.9965794442201288,0.0,0.0
356,Device,MatMul,gradient_tape/mobilenetv2_1.00_224/predictions/MatMul/MatMul_1,2,31.744,15.872,31.744,15.872,6.152202135733173e-05,0.9966409662414861,0.0,0.0
357,Device,FusedBatchNormGradV3,gradient_tape/mobilenetv2_1.00_224/block_15_project_BN/FusedBatchNormGradV3,2,30.721,15.3605,30.721,15.3605,5.9539378090933345e-05,0.996700505619577,0.0,0.0
358,Device,FusedBatchNormV3,mobilenetv2_1.00_224/block_8_project_BN/FusedBatchNormV3,4,30.72,7.68,30.72,7.68,5.9537440023224254e-05,0.9967600430596002,0.0,0.0
359,Device,FusedBatchNormV3,mobilenetv2_1.00_224/block_6_project_BN/FusedBatchNormV3,4,29.696,7.424,29.696,7.424,5.755285868911678e-05,0.9968175959182893,0.0,0.0
360,Device,FusedBatchNormV3,mobilenetv2_1.00_224/block_9_project_BN/FusedBatchNormV3,4,28.672,7.168,28.672,7.168,5.556827735500931e-05,0.9968731641956443,0.0,0.0
361,Device,Softmax,mobilenetv2_1.00_224/predictions/Softmax,2,28.672,14.336,28.672,14.336,5.556827735500931e-05,0.9969287324729993,0.0,0.0
362,Device,FusedBatchNormV3,mobilenetv2_1.00_224/block_7_project_BN/FusedBatchNormV3,4,27.648,6.912,27.648,6.912,5.358369602090183e-05,0.9969823161690202,0.0,0.0
363,Device,ResourceApplyGradientDescent,SGD/SGD/update_153/ResourceApplyGradientDescent,2,26.624,13.312,26.624,13.312,5.1599114686794355e-05,0.997033915283707,0.0,0.0
364,Device,AddN,SGD/gradients/AddN,2,26.624,13.312,26.624,13.312,5.1599114686794355e-05,0.9970855143983938,0.0,0.0
365,Device,AddN,SGD/gradients/AddN_1,2,26.624,13.312,26.624,13.312,5.1599114686794355e-05,0.9971371135130805,0.0,0.0
366,Device,AddV2,mobilenetv2_1.00_224/block_7_add/add,2,25.6,12.8,25.6,12.8,4.961453335268688e-05,0.9971867280464333,0.0,0.0
367,Device,AddV2,mobilenetv2_1.00_224/block_8_add/add,2,24.576,12.288,24.576,12.288,4.762995201857941e-05,0.9972343579984518,0.0,0.0
368,Device,FusedBatchNormGradV3,gradient_tape/mobilenetv2_1.00_224/block_13_project_BN/FusedBatchNormGradV3,2,23.552,11.776,23.552,11.776,4.564537068447193e-05,0.9972800033691364,0.0,0.0
369,Device,FusedBatchNormGradV3,gradient_tape/mobilenetv2_1.00_224/block_14_project_BN/FusedBatchNormGradV3,2,23.552,11.776,23.552,11.776,4.564537068447193e-05,0.9973256487398209,0.0,0.0
370,Device,AddV2,mobilenetv2_1.00_224/block_9_add/add,2,23.552,11.776,23.552,11.776,4.564537068447193e-05,0.9973712941105054,0.0,0.0
371,Device,ResourceApplyGradientDescent,SGD/SGD/update_150/ResourceApplyGradientDescent,2,21.504,10.752,21.504,10.752,4.167620801625698e-05,0.9974129703185216,0.0,0.0
372,Device,FusedBatchNormV3,mobilenetv2_1.00_224/block_13_project_BN/FusedBatchNormV3,4,20.48,5.12,20.48,5.12,3.96916266821495e-05,0.9974526619452038,0.0,0.0
373,Device,FusedBatchNormV3,mobilenetv2_1.00_224/block_14_project_BN/FusedBatchNormV3,4,20.48,5.12,20.48,5.12,3.96916266821495e-05,0.9974923535718859,0.0,0.0
374,Device,FusedBatchNormV3,mobilenetv2_1.00_224/block_15_project_BN/FusedBatchNormV3,4,20.48,5.12,20.48,5.12,3.96916266821495e-05,0.9975320451985681,0.0,0.0
375,Device,AddV2,mobilenetv2_1.00_224/block_14_add/add,2,16.384,8.192,16.384,8.192,3.1753301345719603e-05,0.9975637984999138,0.0,0.0
376,Device,AddV2,mobilenetv2_1.00_224/block_15_add/add,2,15.36,7.68,15.36,7.68,2.9768720011612127e-05,0.9975935672199254,0.0,0.0
377,Device,ResourceApplyGradientDescent,SGD/SGD/update_126/ResourceApplyGradientDescent,2,14.336,7.168,14.336,7.168,2.7784138677504654e-05,0.997621351358603,0.0,0.0
378,Device,ResourceApplyGradientDescent,SGD/SGD/update_141/ResourceApplyGradientDescent,2,13.312,6.656,13.312,6.656,2.5799557343397177e-05,0.9976471509159464,0.0,0.0
379,Device,ResourceApplyGradientDescent,SGD/SGD/update_132/ResourceApplyGradientDescent,2,12.288,6.144,12.288,6.144,2.3814976009289704e-05,0.9976709658919557,0.0,0.0
380,Device,ResourceApplyGradientDescent,SGD/SGD/update_144/ResourceApplyGradientDescent,2,12.288,6.144,12.288,6.144,2.3814976009289704e-05,0.997694780867965,0.0,0.0
381,Device,ResourceApplyGradientDescent,SGD/SGD/update_135/ResourceApplyGradientDescent,2,11.264,5.632,11.264,5.632,2.1830394675182224e-05,0.9977166112626402,0.0,0.0
382,Device,DynamicStitch,gradient_tape/mobilenetv2_1.00_224/global_average_pooling2d/DynamicStitch,2,11.264,5.632,11.264,5.632,2.1830394675182224e-05,0.9977384416573154,0.0,0.0
383,Device,ResourceApplyGradientDescent,SGD/SGD/update_123/ResourceApplyGradientDescent,2,10.24,5.12,10.24,5.12,1.984581334107475e-05,0.9977582874706564,0.0,0.0
384,Device,ResourceApplyGradientDescent,SGD/SGD/update_105/ResourceApplyGradientDescent,2,9.216,4.608,9.216,4.608,1.7861232006967275e-05,0.9977761487026634,0.0,0.0
385,Device,ResourceApplyGradientDescent,SGD/SGD/update_100/ResourceApplyGradientDescent,2,8.192,4.096,8.192,4.096,1.5876650672859802e-05,0.9977920253533362,0.0,0.0
386,Device,ResourceApplyGradientDescent,SGD/SGD/update_108/ResourceApplyGradientDescent,2,8.192,4.096,8.192,4.096,1.5876650672859802e-05,0.997807902004009,0.0,0.0
387,Device,ResourceApplyGradientDescent,SGD/SGD/update_114/ResourceApplyGradientDescent,2,8.192,4.096,8.192,4.096,1.5876650672859802e-05,0.9978237786546819,0.0,0.0
388,Device,ResourceApplyGradientDescent,SGD/SGD/update_117/ResourceApplyGradientDescent,2,8.192,4.096,8.192,4.096,1.5876650672859802e-05,0.9978396553053547,0.0,0.0
389,Device,ResourceApplyGradientDescent,SGD/SGD/update_120/ResourceApplyGradientDescent,2,8.192,4.096,8.192,4.096,1.5876650672859802e-05,0.9978555319560275,0.0,0.0
390,Device,ResourceApplyGradientDescent,SGD/SGD/update_134/ResourceApplyGradientDescent,2,8.192,4.096,8.192,4.096,1.5876650672859802e-05,0.9978714086067003,0.0,0.0
391,Device,ResourceApplyGradientDescent,SGD/SGD/update_138/ResourceApplyGradientDescent,2,8.192,4.096,8.192,4.096,1.5876650672859802e-05,0.9978872852573731,0.0,0.0
392,Device,ResourceApplyGradientDescent,SGD/SGD/update_154/ResourceApplyGradientDescent,2,8.192,4.096,8.192,4.096,1.5876650672859802e-05,0.997903161908046,0.0,0.0
393,Device,ResourceApplyGradientDescent,SGD/SGD/update_36/ResourceApplyGradientDescent,2,8.192,4.096,8.192,4.096,1.5876650672859802e-05,0.9979190385587188,0.0,0.0
394,Device,ResourceApplyGradientDescent,SGD/SGD/update_63/ResourceApplyGradientDescent,2,8.192,4.096,8.192,4.096,1.5876650672859802e-05,0.9979349152093916,0.0,0.0
395,Device,ResourceApplyGradientDescent,SGD/SGD/update_69/ResourceApplyGradientDescent,2,8.192,4.096,8.192,4.096,1.5876650672859802e-05,0.9979507918600644,0.0,0.0
396,Device,ResourceApplyGradientDescent,SGD/SGD/update_72/ResourceApplyGradientDescent,2,8.192,4.096,8.192,4.096,1.5876650672859802e-05,0.9979666685107372,0.0,0.0
397,Device,ResourceApplyGradientDescent,SGD/SGD/update_78/ResourceApplyGradientDescent,2,8.192,4.096,8.192,4.096,1.5876650672859802e-05,0.99798254516141,0.0,0.0
398,Device,ResourceApplyGradientDescent,SGD/SGD/update_81/ResourceApplyGradientDescent,2,8.192,4.096,8.192,4.096,1.5876650672859802e-05,0.9979984218120829,0.0,0.0
399,Device,ResourceApplyGradientDescent,SGD/SGD/update_90/ResourceApplyGradientDescent,2,8.192,4.096,8.192,4.096,1.5876650672859802e-05,0.9980142984627557,0.0,0.0
400,Device,ResourceApplyGradientDescent,SGD/SGD/update_96/ResourceApplyGradientDescent,2,8.192,4.096,8.192,4.096,1.5876650672859802e-05,0.9980301751134285,0.0,0.0
401,Device,ResourceApplyGradientDescent,SGD/SGD/update_99/ResourceApplyGradientDescent,2,8.192,4.096,8.192,4.096,1.5876650672859802e-05,0.9980460517641013,0.0,0.0
402,Device,BiasAdd,mobilenetv2_1.00_224/predictions/BiasAdd,2,8.192,4.096,8.192,4.096,1.5876650672859802e-05,0.9980619284147741,0.0,0.0
403,Device,ResourceApplyGradientDescent,SGD/SGD/update_24/ResourceApplyGradientDescent,2,7.169,3.5845,7.169,3.5845,1.3894007406461415e-05,0.9980758224221806,0.0,0.0
404,Device,ResourceApplyGradientDescent,SGD/SGD/update_104/ResourceApplyGradientDescent,2,7.168,3.584,7.168,3.584,1.3892069338752327e-05,0.9980897144915194,0.0,0.0
405,Device,ResourceApplyGradientDescent,SGD/SGD/update_106/ResourceApplyGradientDescent,2,7.168,3.584,7.168,3.584,1.3892069338752327e-05,0.9981036065608582,0.0,0.0
406,Device,ResourceApplyGradientDescent,SGD/SGD/update_111/ResourceApplyGradientDescent,2,7.168,3.584,7.168,3.584,1.3892069338752327e-05,0.9981174986301969,0.0,0.0
407,Device,ResourceApplyGradientDescent,SGD/SGD/update_113/ResourceApplyGradientDescent,2,7.168,3.584,7.168,3.584,1.3892069338752327e-05,0.9981313906995357,0.0,0.0
408,Device,ResourceApplyGradientDescent,SGD/SGD/update_115/ResourceApplyGradientDescent,2,7.168,3.584,7.168,3.584,1.3892069338752327e-05,0.9981452827688745,0.0,0.0
409,Device,ResourceApplyGradientDescent,SGD/SGD/update_122/ResourceApplyGradientDescent,2,7.168,3.584,7.168,3.584,1.3892069338752327e-05,0.9981591748382133,0.0,0.0
410,Device,ResourceApplyGradientDescent,SGD/SGD/update_136/ResourceApplyGradientDescent,2,7.168,3.584,7.168,3.584,1.3892069338752327e-05,0.998173066907552,0.0,0.0
411,Device,ResourceApplyGradientDescent,SGD/SGD/update_142/ResourceApplyGradientDescent,2,7.168,3.584,7.168,3.584,1.3892069338752327e-05,0.9981869589768908,0.0,0.0
412,Device,ResourceApplyGradientDescent,SGD/SGD/update_147/ResourceApplyGradientDescent,2,7.168,3.584,7.168,3.584,1.3892069338752327e-05,0.9982008510462296,0.0,0.0
413,Device,ResourceApplyGradientDescent,SGD/SGD/update_15/ResourceApplyGradientDescent,2,7.168,3.584,7.168,3.584,1.3892069338752327e-05,0.9982147431155683,0.0,0.0
414,Device,ResourceApplyGradientDescent,SGD/SGD/update_157/ResourceApplyGradientDescent,2,7.168,3.584,7.168,3.584,1.3892069338752327e-05,0.9982286351849071,0.0,0.0
415,Device,ResourceApplyGradientDescent,SGD/SGD/update_16/ResourceApplyGradientDescent,2,7.168,3.584,7.168,3.584,1.3892069338752327e-05,0.9982425272542459,0.0,0.0
416,Device,ResourceApplyGradientDescent,SGD/SGD/update_18/ResourceApplyGradientDescent,2,7.168,3.584,7.168,3.584,1.3892069338752327e-05,0.9982564193235847,0.0,0.0
417,Device,ResourceApplyGradientDescent,SGD/SGD/update_27/ResourceApplyGradientDescent,2,7.168,3.584,7.168,3.584,1.3892069338752327e-05,0.9982703113929234,0.0,0.0
418,Device,ResourceApplyGradientDescent,SGD/SGD/update_29/ResourceApplyGradientDescent,2,7.168,3.584,7.168,3.584,1.3892069338752327e-05,0.9982842034622622,0.0,0.0
419,Device,ResourceApplyGradientDescent,SGD/SGD/update_31/ResourceApplyGradientDescent,2,7.168,3.584,7.168,3.584,1.3892069338752327e-05,0.998298095531601,0.0,0.0
420,Device,ResourceApplyGradientDescent,SGD/SGD/update_33/ResourceApplyGradientDescent,2,7.168,3.584,7.168,3.584,1.3892069338752327e-05,0.9983119876009398,0.0,0.0
421,Device,ResourceApplyGradientDescent,SGD/SGD/update_40/ResourceApplyGradientDescent,2,7.168,3.584,7.168,3.584,1.3892069338752327e-05,0.9983258796702785,0.0,0.0
422,Device,ResourceApplyGradientDescent,SGD/SGD/update_42/ResourceApplyGradientDescent,2,7.168,3.584,7.168,3.584,1.3892069338752327e-05,0.9983397717396173,0.0,0.0
423,Device,ResourceApplyGradientDescent,SGD/SGD/update_43/ResourceApplyGradientDescent,2,7.168,3.584,7.168,3.584,1.3892069338752327e-05,0.9983536638089561,0.0,0.0
424,Device,ResourceApplyGradientDescent,SGD/SGD/update_45/ResourceApplyGradientDescent,2,7.168,3.584,7.168,3.584,1.3892069338752327e-05,0.9983675558782948,0.0,0.0
425,Device,ResourceApplyGradientDescent,SGD/SGD/update_46/ResourceApplyGradientDescent,2,7.168,3.584,7.168,3.584,1.3892069338752327e-05,0.9983814479476336,0.0,0.0
426,Device,ResourceApplyGradientDescent,SGD/SGD/update_54/ResourceApplyGradientDescent,2,7.168,3.584,7.168,3.584,1.3892069338752327e-05,0.9983953400169724,0.0,0.0
427,Device,ResourceApplyGradientDescent,SGD/SGD/update_58/ResourceApplyGradientDescent,2,7.168,3.584,7.168,3.584,1.3892069338752327e-05,0.9984092320863112,0.0,0.0
428,Device,ResourceApplyGradientDescent,SGD/SGD/update_6/ResourceApplyGradientDescent,2,7.168,3.584,7.168,3.584,1.3892069338752327e-05,0.9984231241556499,0.0,0.0
429,Device,ResourceApplyGradientDescent,SGD/SGD/update_60/ResourceApplyGradientDescent,2,7.168,3.584,7.168,3.584,1.3892069338752327e-05,0.9984370162249887,0.0,0.0
430,Device,ResourceApplyGradientDescent,SGD/SGD/update_61/ResourceApplyGradientDescent,2,7.168,3.584,7.168,3.584,1.3892069338752327e-05,0.9984509082943275,0.0,0.0
431,Device,ResourceApplyGradientDescent,SGD/SGD/update_73/ResourceApplyGradientDescent,2,7.168,3.584,7.168,3.584,1.3892069338752327e-05,0.9984648003636662,0.0,0.0
432,Device,ResourceApplyGradientDescent,SGD/SGD/update_76/ResourceApplyGradientDescent,2,7.168,3.584,7.168,3.584,1.3892069338752327e-05,0.998478692433005,0.0,0.0
433,Device,ResourceApplyGradientDescent,SGD/SGD/update_79/ResourceApplyGradientDescent,2,7.168,3.584,7.168,3.584,1.3892069338752327e-05,0.9984925845023438,0.0,0.0
434,Device,ResourceApplyGradientDescent,SGD/SGD/update_8/ResourceApplyGradientDescent,2,7.168,3.584,7.168,3.584,1.3892069338752327e-05,0.9985064765716826,0.0,0.0
435,Device,ResourceApplyGradientDescent,SGD/SGD/update_82/ResourceApplyGradientDescent,2,7.168,3.584,7.168,3.584,1.3892069338752327e-05,0.9985203686410213,0.0,0.0
436,Device,ResourceApplyGradientDescent,SGD/SGD/update_87/ResourceApplyGradientDescent,2,7.168,3.584,7.168,3.584,1.3892069338752327e-05,0.9985342607103601,0.0,0.0
437,Device,ResourceApplyGradientDescent,SGD/SGD/update_92/ResourceApplyGradientDescent,2,7.168,3.584,7.168,3.584,1.3892069338752327e-05,0.9985481527796989,0.0,0.0
438,Device,ResourceApplyGradientDescent,SGD/SGD/update_93/ResourceApplyGradientDescent,2,7.168,3.584,7.168,3.584,1.3892069338752327e-05,0.9985620448490377,0.0,0.0
439,Device,ResourceApplyGradientDescent,SGD/SGD/update_94/ResourceApplyGradientDescent,2,7.168,3.584,7.168,3.584,1.3892069338752327e-05,0.9985759369183764,0.0,0.0
440,Device,ResourceApplyGradientDescent,SGD/SGD/update_95/ResourceApplyGradientDescent,2,7.168,3.584,7.168,3.584,1.3892069338752327e-05,0.9985898289877152,0.0,0.0
441,Device,ResourceApplyGradientDescent,SGD/SGD/update_97/ResourceApplyGradientDescent,2,7.168,3.584,7.168,3.584,1.3892069338752327e-05,0.998603721057054,0.0,0.0
442,Device,BiasAddGrad,gradient_tape/mobilenetv2_1.00_224/predictions/BiasAdd/BiasAddGrad,2,7.168,3.584,7.168,3.584,1.3892069338752327e-05,0.9986176131263927,0.0,0.0
443,Device,ResourceApplyGradientDescent,SGD/SGD/update_3/ResourceApplyGradientDescent,2,6.145,3.0725,6.145,3.0725,1.190942607235394e-05,0.9986295225524651,0.0,0.0
444,Device,AssignAddVariableOp,AssignAddVariableOp,2,6.144,3.072,6.144,3.072,1.1907488004644852e-05,0.9986414300404697,0.0,0.0
445,Device,AssignAddVariableOp,AssignAddVariableOp_1,2,6.144,3.072,6.144,3.072,1.1907488004644852e-05,0.9986533375284743,0.0,0.0
446,Device,AssignAddVariableOp,AssignAddVariableOp_2,2,6.144,3.072,6.144,3.072,1.1907488004644852e-05,0.9986652450164789,0.0,0.0
447,Device,AssignAddVariableOp,AssignAddVariableOp_3,2,6.144,3.072,6.144,3.072,1.1907488004644852e-05,0.9986771525044835,0.0,0.0
448,Device,AssignAddVariableOp,AssignAddVariableOp_4,2,6.144,3.072,6.144,3.072,1.1907488004644852e-05,0.9986890599924881,0.0,0.0
449,Device,Cast,Cast,2,6.144,3.072,6.144,3.072,1.1907488004644852e-05,0.9987009674804928,0.0,0.0
450,Device,Equal,Equal,2,6.144,3.072,6.144,3.072,1.1907488004644852e-05,0.9987128749684974,0.0,0.0
451,Device,AssignAddVariableOp,SGD/SGD/AssignAddVariableOp,2,6.144,3.072,6.144,3.072,1.1907488004644852e-05,0.998724782456502,0.0,0.0
452,Device,ResourceApplyGradientDescent,SGD/SGD/update/ResourceApplyGradientDescent,2,6.144,3.072,6.144,3.072,1.1907488004644852e-05,0.9987366899445066,0.0,0.0
453,Device,ResourceApplyGradientDescent,SGD/SGD/update_1/ResourceApplyGradientDescent,2,6.144,3.072,6.144,3.072,1.1907488004644852e-05,0.9987485974325112,0.0,0.0
454,Device,ResourceApplyGradientDescent,SGD/SGD/update_10/ResourceApplyGradientDescent,2,6.144,3.072,6.144,3.072,1.1907488004644852e-05,0.9987605049205158,0.0,0.0
455,Device,ResourceApplyGradientDescent,SGD/SGD/update_101/ResourceApplyGradientDescent,2,6.144,3.072,6.144,3.072,1.1907488004644852e-05,0.9987724124085204,0.0,0.0
456,Device,ResourceApplyGradientDescent,SGD/SGD/update_102/ResourceApplyGradientDescent,2,6.144,3.072,6.144,3.072,1.1907488004644852e-05,0.998784319896525,0.0,0.0
457,Device,ResourceApplyGradientDescent,SGD/SGD/update_103/ResourceApplyGradientDescent,2,6.144,3.072,6.144,3.072,1.1907488004644852e-05,0.9987962273845297,0.0,0.0
458,Device,ResourceApplyGradientDescent,SGD/SGD/update_107/ResourceApplyGradientDescent,2,6.144,3.072,6.144,3.072,1.1907488004644852e-05,0.9988081348725343,0.0,0.0
459,Device,ResourceApplyGradientDescent,SGD/SGD/update_109/ResourceApplyGradientDescent,2,6.144,3.072,6.144,3.072,1.1907488004644852e-05,0.9988200423605389,0.0,0.0
460,Device,ResourceApplyGradientDescent,SGD/SGD/update_11/ResourceApplyGradientDescent,2,6.144,3.072,6.144,3.072,1.1907488004644852e-05,0.9988319498485435,0.0,0.0
461,Device,ResourceApplyGradientDescent,SGD/SGD/update_110/ResourceApplyGradientDescent,2,6.144,3.072,6.144,3.072,1.1907488004644852e-05,0.9988438573365481,0.0,0.0
462,Device,ResourceApplyGradientDescent,SGD/SGD/update_112/ResourceApplyGradientDescent,2,6.144,3.072,6.144,3.072,1.1907488004644852e-05,0.9988557648245527,0.0,0.0
463,Device,ResourceApplyGradientDescent,SGD/SGD/update_116/ResourceApplyGradientDescent,2,6.144,3.072,6.144,3.072,1.1907488004644852e-05,0.9988676723125574,0.0,0.0
464,Device,ResourceApplyGradientDescent,SGD/SGD/update_118/ResourceApplyGradientDescent,2,6.144,3.072,6.144,3.072,1.1907488004644852e-05,0.998879579800562,0.0,0.0
465,Device,ResourceApplyGradientDescent,SGD/SGD/update_119/ResourceApplyGradientDescent,2,6.144,3.072,6.144,3.072,1.1907488004644852e-05,0.9988914872885666,0.0,0.0
466,Device,ResourceApplyGradientDescent,SGD/SGD/update_12/ResourceApplyGradientDescent,2,6.144,3.072,6.144,3.072,1.1907488004644852e-05,0.9989033947765712,0.0,0.0
467,Device,ResourceApplyGradientDescent,SGD/SGD/update_121/ResourceApplyGradientDescent,2,6.144,3.072,6.144,3.072,1.1907488004644852e-05,0.9989153022645758,0.0,0.0
468,Device,ResourceApplyGradientDescent,SGD/SGD/update_124/ResourceApplyGradientDescent,2,6.144,3.072,6.144,3.072,1.1907488004644852e-05,0.9989272097525804,0.0,0.0
469,Device,ResourceApplyGradientDescent,SGD/SGD/update_125/ResourceApplyGradientDescent,2,6.144,3.072,6.144,3.072,1.1907488004644852e-05,0.998939117240585,0.0,0.0
470,Device,ResourceApplyGradientDescent,SGD/SGD/update_127/ResourceApplyGradientDescent,2,6.144,3.072,6.144,3.072,1.1907488004644852e-05,0.9989510247285897,0.0,0.0
471,Device,ResourceApplyGradientDescent,SGD/SGD/update_128/ResourceApplyGradientDescent,2,6.144,3.072,6.144,3.072,1.1907488004644852e-05,0.9989629322165943,0.0,0.0
472,Device,ResourceApplyGradientDescent,SGD/SGD/update_129/ResourceApplyGradientDescent,2,6.144,3.072,6.144,3.072,1.1907488004644852e-05,0.9989748397045989,0.0,0.0
473,Device,ResourceApplyGradientDescent,SGD/SGD/update_13/ResourceApplyGradientDescent,2,6.144,3.072,6.144,3.072,1.1907488004644852e-05,0.9989867471926035,0.0,0.0
474,Device,ResourceApplyGradientDescent,SGD/SGD/update_130/ResourceApplyGradientDescent,2,6.144,3.072,6.144,3.072,1.1907488004644852e-05,0.9989986546806081,0.0,0.0
475,Device,ResourceApplyGradientDescent,SGD/SGD/update_131/ResourceApplyGradientDescent,2,6.144,3.072,6.144,3.072,1.1907488004644852e-05,0.9990105621686127,0.0,0.0
476,Device,ResourceApplyGradientDescent,SGD/SGD/update_133/ResourceApplyGradientDescent,2,6.144,3.072,6.144,3.072,1.1907488004644852e-05,0.9990224696566173,0.0,0.0
477,Device,ResourceApplyGradientDescent,SGD/SGD/update_137/ResourceApplyGradientDescent,2,6.144,3.072,6.144,3.072,1.1907488004644852e-05,0.999034377144622,0.0,0.0
478,Device,ResourceApplyGradientDescent,SGD/SGD/update_139/ResourceApplyGradientDescent,2,6.144,3.072,6.144,3.072,1.1907488004644852e-05,0.9990462846326266,0.0,0.0
479,Device,ResourceApplyGradientDescent,SGD/SGD/update_14/ResourceApplyGradientDescent,2,6.144,3.072,6.144,3.072,1.1907488004644852e-05,0.9990581921206312,0.0,0.0
480,Device,ResourceApplyGradientDescent,SGD/SGD/update_140/ResourceApplyGradientDescent,2,6.144,3.072,6.144,3.072,1.1907488004644852e-05,0.9990700996086358,0.0,0.0
481,Device,ResourceApplyGradientDescent,SGD/SGD/update_143/ResourceApplyGradientDescent,2,6.144,3.072,6.144,3.072,1.1907488004644852e-05,0.9990820070966404,0.0,0.0
482,Device,ResourceApplyGradientDescent,SGD/SGD/update_145/ResourceApplyGradientDescent,2,6.144,3.072,6.144,3.072,1.1907488004644852e-05,0.999093914584645,0.0,0.0
483,Device,ResourceApplyGradientDescent,SGD/SGD/update_146/ResourceApplyGradientDescent,2,6.144,3.072,6.144,3.072,1.1907488004644852e-05,0.9991058220726496,0.0,0.0
484,Device,ResourceApplyGradientDescent,SGD/SGD/update_148/ResourceApplyGradientDescent,2,6.144,3.072,6.144,3.072,1.1907488004644852e-05,0.9991177295606543,0.0,0.0
485,Device,ResourceApplyGradientDescent,SGD/SGD/update_149/ResourceApplyGradientDescent,2,6.144,3.072,6.144,3.072,1.1907488004644852e-05,0.9991296370486589,0.0,0.0
486,Device,ResourceApplyGradientDescent,SGD/SGD/update_151/ResourceApplyGradientDescent,2,6.144,3.072,6.144,3.072,1.1907488004644852e-05,0.9991415445366635,0.0,0.0
487,Device,ResourceApplyGradientDescent,SGD/SGD/update_152/ResourceApplyGradientDescent,2,6.144,3.072,6.144,3.072,1.1907488004644852e-05,0.9991534520246681,0.0,0.0
488,Device,ResourceApplyGradientDescent,SGD/SGD/update_155/ResourceApplyGradientDescent,2,6.144,3.072,6.144,3.072,1.1907488004644852e-05,0.9991653595126727,0.0,0.0
489,Device,ResourceApplyGradientDescent,SGD/SGD/update_17/ResourceApplyGradientDescent,2,6.144,3.072,6.144,3.072,1.1907488004644852e-05,0.9991772670006773,0.0,0.0
490,Device,ResourceApplyGradientDescent,SGD/SGD/update_19/ResourceApplyGradientDescent,2,6.144,3.072,6.144,3.072,1.1907488004644852e-05,0.9991891744886819,0.0,0.0
491,Device,ResourceApplyGradientDescent,SGD/SGD/update_2/ResourceApplyGradientDescent,2,6.144,3.072,6.144,3.072,1.1907488004644852e-05,0.9992010819766866,0.0,0.0
492,Device,ResourceApplyGradientDescent,SGD/SGD/update_20/ResourceApplyGradientDescent,2,6.144,3.072,6.144,3.072,1.1907488004644852e-05,0.9992129894646912,0.0,0.0
493,Device,ResourceApplyGradientDescent,SGD/SGD/update_21/ResourceApplyGradientDescent,2,6.144,3.072,6.144,3.072,1.1907488004644852e-05,0.9992248969526958,0.0,0.0
494,Device,ResourceApplyGradientDescent,SGD/SGD/update_22/ResourceApplyGradientDescent,2,6.144,3.072,6.144,3.072,1.1907488004644852e-05,0.9992368044407004,0.0,0.0
495,Device,ResourceApplyGradientDescent,SGD/SGD/update_23/ResourceApplyGradientDescent,2,6.144,3.072,6.144,3.072,1.1907488004644852e-05,0.999248711928705,0.0,0.0
496,Device,ResourceApplyGradientDescent,SGD/SGD/update_25/ResourceApplyGradientDescent,2,6.144,3.072,6.144,3.072,1.1907488004644852e-05,0.9992606194167096,0.0,0.0
497,Device,ResourceApplyGradientDescent,SGD/SGD/update_26/ResourceApplyGradientDescent,2,6.144,3.072,6.144,3.072,1.1907488004644852e-05,0.9992725269047142,0.0,0.0
498,Device,ResourceApplyGradientDescent,SGD/SGD/update_28/ResourceApplyGradientDescent,2,6.144,3.072,6.144,3.072,1.1907488004644852e-05,0.9992844343927189,0.0,0.0
499,Device,ResourceApplyGradientDescent,SGD/SGD/update_30/ResourceApplyGradientDescent,2,6.144,3.072,6.144,3.072,1.1907488004644852e-05,0.9992963418807235,0.0,0.0
500,Device,ResourceApplyGradientDescent,SGD/SGD/update_32/ResourceApplyGradientDescent,2,6.144,3.072,6.144,3.072,1.1907488004644852e-05,0.9993082493687281,0.0,0.0
501,Host,IDLE,IDLE,0,1804766.954,0.0,1804766.954,0.0,0.0,0.0,0.9865335852950969,0.9865335852950969
502,Host,GatherV2,GatherV2,2,24090.981,12045.4905,24090.981,12045.4905,0.0,0.0,0.013168770519944958,0.9997023558150419
503,Host,GatherV2,GatherV2_1,2,175.653,87.8265,175.653,87.8265,0.0,0.0,9.601659841663948e-05,0.9997983724134585
504,Host,IteratorGetNext,IteratorGetNext,2,55.051,27.5255,55.051,27.5255,0.0,0.0,3.0092339780330654e-05,0.9998284647532388
505,Host,Dataset,Iterator::Root::ParallelMapV2::Zip[1]::ForeverRepeat,2,57.522,28.761,53.062,26.531,0.0,0.0,2.900509951542942e-05,0.9998574698527543
506,Host,Dataset,Iterator::Root::ParallelMapV2,2,49.842,24.921,49.842,24.921,0.0,0.0,2.724496193223085e-05,0.9998847148146864
507,Host,FlushSummaryWriter,FlushSummaryWriter,1,38.061,38.061,38.061,38.061,0.0,0.0,2.0805154209354326e-05,0.9999055199688958
508,Host,LogicalAnd,LogicalAnd,1,31.301,31.301,31.301,31.301,0.0,0.0,1.7109958537794587e-05,0.9999226299274335
509,Host,Dataset,Iterator::Root,2,77.612,38.806,27.77,13.885,0.0,0.0,1.5179820088641118e-05,0.9999378097475222
510,Host,Dataset,Iterator::Root::ParallelMapV2::Zip[0]::FlatMap[1]::Concatenate[0]::TensorSlice,2,27.22,13.61,27.22,13.61,0.0,0.0,1.4879175470392915e-05,0.9999526889229926
511,Host,WriteSummary,WriteSummary,1,22.991,22.991,22.991,22.991,0.0,0.0,1.2567491669353546e-05,0.9999652564146619
512,Host,Dataset,Iterator::Root::ParallelMapV2::Zip[0]::FlatMap[1]::Concatenate,2,42.29,21.145,15.07,7.535,0.0,0.0,8.23766254000078e-06,0.9999734940772019
513,Host,Dataset,Iterator::Root::ParallelMapV2::Zip,2,115.152,57.576,10.82,5.41,0.0,0.0,5.9144995808101155e-06,0.9999794085767827
514,Host,ReadVariableOp,ReadVariableOp,1,10.12,10.12,10.12,10.12,0.0,0.0,5.531860975766947e-06,0.9999849404377584
515,Host,_Send,IteratorGetNext/_3,2,4.98,2.49,4.98,2.49,0.0,0.0,2.722200361592826e-06,0.99998766263812
516,Host,Dataset,Iterator::Root::ParallelMapV2::Zip[0]::FlatMap,2,46.81,23.405,4.52,2.26,0.0,0.0,2.4707521354216007e-06,0.9999901333902554
517,Host,Dataset,Iterator::Root::ParallelMapV2::Zip[1]::ForeverRepeat::FromTensor,4,4.46,1.115,4.46,1.115,0.0,0.0,2.437954540703615e-06,0.9999925713447961
518,Host,_Send,IteratorGetNext/_1,2,4.13,2.065,4.13,2.065,0.0,0.0,2.257567769754693e-06,0.9999948289125659
519,Host,_Send,IteratorGetNext/_6,2,3.81,1.905,3.81,1.905,0.0,0.0,2.0826472645921016e-06,0.9999969115598305
520,Host,Identity,Identity,2,3.38,1.69,3.38,1.69,0.0,0.0,1.8475978357798696e-06,0.9999987591576662
521,Host,_HostSend,categorical_crossentropy/softmax_cross_entropy_with_logits/Shape_2/_9,2,2.27,1.135,2.27,1.135,0.0,0.0,1.2408423334971315e-06,0.9999999999999998
