Rank,Host/device,Type,Operation,#Occurrences,Total time (us),Avg. time (us),Total self-time (us),Avg. self-time (us),Total self-time on Device (%),Cumulative total-self time on Device (%),Total self-time on Host (%),Cumulative total-self time on Host (%)
1,Device,IDLE,IDLE,0,48850.305,0.0,48850.305,0.0,0.5287917517315169,0.5287917517315169,0.0,0.0
2,Device,Conv2DBackpropInput,gradient_tape/model/conv2d_46/Conv2D/Conv2DBackpropInput,4,809.987,202.49675,809.987,202.49675,0.008767897039941843,0.5375596487714588,0.0,0.0
3,Device,Conv2DBackpropFilter,gradient_tape/model/conv2d_51/Conv2D/Conv2DBackpropFilter,2,579.586,289.793,579.586,289.793,0.006273866585255978,0.5438335153567148,0.0,0.0
4,Device,Conv2DBackpropFilter,gradient_tape/model/conv2d_48/Conv2D/Conv2DBackpropFilter,2,572.419,286.2095,572.419,286.2095,0.0061962856881733535,0.5500298010448881,0.0,0.0
5,Device,Conv2DBackpropFilter,gradient_tape/model/conv2d_44/Conv2D/Conv2DBackpropFilter,2,570.37,285.185,570.37,285.185,0.0061741058000580615,0.5562039068449461,0.0,0.0
6,Device,Conv2DBackpropInput,gradient_tape/model/conv2d_51/Conv2D/Conv2DBackpropInput,4,429.058,107.2645,429.058,107.2645,0.0046444404270233565,0.5608483472719695,0.0,0.0
7,Device,Conv2DBackpropInput,gradient_tape/model/conv2d_44/Conv2D/Conv2DBackpropInput,4,429.056,107.264,429.056,107.264,0.0046444187775474014,0.5654927660495169,0.0,0.0
8,Device,Conv2DBackpropInput,gradient_tape/model/conv2d_48/Conv2D/Conv2DBackpropInput,4,428.034,107.0085,428.034,107.0085,0.004633355895334699,0.5701261219448516,0.0,0.0
9,Device,Conv2D,model/conv2d_44/Conv2D,4,422.914,105.7285,422.914,105.7285,0.004577933236891413,0.574704055181743,0.0,0.0
10,Device,Conv2D,model/conv2d_51/Conv2D,4,420.866,105.2165,420.866,105.2165,0.004555764173514098,0.579259819355257,0.0,0.0
11,Device,Conv2D,model/conv2d_48/Conv2D,4,417.795,104.44875,417.795,104.44875,0.004522521403186103,0.5837823407584432,0.0,0.0
12,Device,Conv2D,model/conv2d_46/Conv2D,2,384.001,192.0005,384.001,192.0005,0.004156710207984459,0.5879390509664276,0.0,0.0
13,Device,Conv2DBackpropInput,gradient_tape/model/conv2d_45/Conv2D/Conv2DBackpropInput,4,363.521,90.88025,363.521,90.88025,0.003935019574211314,0.5918740705406389,0.0,0.0
14,Device,Conv2DBackpropInput,gradient_tape/model/conv2d_52/Conv2D/Conv2DBackpropInput,4,360.449,90.11225,360.449,90.11225,0.0039017659791453414,0.5957758365197843,0.0,0.0
15,Device,Conv2DBackpropInput,gradient_tape/model/conv2d_49/Conv2D/Conv2DBackpropInput,4,358.401,89.60025,358.401,89.60025,0.003879596915768027,0.5996554334355523,0.0,0.0
16,Device,Conv2D,model/conv2d_47/Conv2D,4,354.306,88.5765,354.306,88.5765,0.0038352696137513745,0.6034907030493036,0.0,0.0
17,Device,Conv2D,model/conv2d_50/Conv2D,4,354.306,88.5765,354.306,88.5765,0.0038352696137513745,0.607325972663055,0.0,0.0
18,Device,Conv2DBackpropInput,gradient_tape/model/conv2d_27/Conv2D/Conv2DBackpropInput,4,340.994,85.2485,340.994,85.2485,0.00369117070179883,0.6110171433648538,0.0,0.0
19,Device,Conv2DBackpropFilter,gradient_tape/model/conv2d_14/Conv2D/Conv2DBackpropFilter,4,273.409,68.35225,273.409,68.35225,0.002959580785609472,0.6139767241504632,0.0,0.0
20,Device,Conv2DBackpropInput,gradient_tape/model/conv2d_14/Conv2D/Conv2DBackpropInput,2,257.025,128.5125,257.025,128.5125,0.0027822282785909553,0.6167589524290542,0.0,0.0
21,Device,_Recv,IteratorGetNext/_2,2,244.256,122.128,244.256,122.128,0.0026440071993600327,0.6194029596284143,0.0,0.0
22,Device,Conv2DBackpropFilter,gradient_tape/model/conv2d_46/Conv2D/Conv2DBackpropFilter,2,233.472,116.736,233.472,116.736,0.002527273225013861,0.6219302328534282,0.0,0.0
23,Device,Conv2DBackpropInput,gradient_tape/model/conv2d_50/Conv2D/Conv2DBackpropInput,2,207.873,103.9365,207.873,103.9365,0.0022501707575354056,0.6241804036109636,0.0,0.0
24,Device,Conv2DBackpropInput,gradient_tape/model/conv2d_47/Conv2D/Conv2DBackpropInput,2,207.872,103.936,207.872,103.936,0.002250159932797429,0.626430563543761,0.0,0.0
25,Device,Conv2DBackpropInput,gradient_tape/model/conv2d_43/Conv2D/Conv2DBackpropInput,4,200.704,50.176,200.704,50.176,0.0021725682109768277,0.6286031317547378,0.0,0.0
26,Device,FusedBatchNormGradV3,gradient_tape/model/batch_normalization_6/FusedBatchNormGradV3,2,194.562,97.281,194.562,97.281,0.0021060826703208383,0.6307092144250587,0.0,0.0
27,Device,FusedBatchNormGradV3,gradient_tape/model/batch_normalization_3/FusedBatchNormGradV3,2,194.561,97.2805,194.561,97.2805,0.0021060718455828613,0.6328152862706415,0.0,0.0
28,Device,FusedBatchNormGradV3,gradient_tape/model/batch_normalization_9/FusedBatchNormGradV3,2,194.56,97.28,194.56,97.28,0.002106061020844884,0.6349213472914864,0.0,0.0
29,Device,Conv2DBackpropFilter,gradient_tape/model/conv2d_23/Conv2D/Conv2DBackpropFilter,2,192.513,96.2565,192.513,96.2565,0.0020839027822055468,0.6370052500736919,0.0,0.0
30,Device,Conv2DBackpropInput,gradient_tape/model/conv2d_26/Conv2D/Conv2DBackpropInput,4,192.513,48.12825,192.513,48.12825,0.0020839027822055468,0.6390891528558974,0.0,0.0
31,Device,Conv2D,model/conv2d_43/Conv2D,4,192.513,48.12825,192.513,48.12825,0.0020839027822055468,0.6411730556381029,0.0,0.0
32,Device,Conv2DBackpropFilter,gradient_tape/model/conv2d_17/Conv2D/Conv2DBackpropFilter,2,192.512,96.256,192.512,96.256,0.0020838919574675692,0.6432569475955705,0.0,0.0
33,Device,Conv2DBackpropFilter,gradient_tape/model/conv2d_13/Conv2D/Conv2DBackpropFilter,2,190.464,95.232,190.464,95.232,0.0020617228940902547,0.6453186704896607,0.0,0.0
34,Device,Conv2DBackpropFilter,gradient_tape/model/conv2d_20/Conv2D/Conv2DBackpropFilter,2,188.418,94.209,188.418,94.209,0.002039575480188895,0.6473582459698496,0.0,0.0
35,Device,Conv2DBackpropInput,gradient_tape/model/conv2d_36/Conv2D/Conv2DBackpropInput,4,188.418,47.1045,188.418,47.1045,0.002039575480188895,0.6493978214500384,0.0,0.0
36,Device,Conv2DBackpropInput,gradient_tape/model/conv2d_25/Conv2D/Conv2DBackpropInput,4,188.416,47.104,188.416,47.104,0.00203955383071294,0.6514373752807514,0.0,0.0
37,Device,Conv2DBackpropInput,gradient_tape/model/conv2d_35/Conv2D/Conv2DBackpropInput,4,188.416,47.104,188.416,47.104,0.00203955383071294,0.6534769291114644,0.0,0.0
38,Device,Conv2DBackpropInput,gradient_tape/model/conv2d_32/Conv2D/Conv2DBackpropInput,4,187.393,46.84825,187.393,46.84825,0.00202848012376226,0.6555054092352266,0.0,0.0
39,Device,Conv2DBackpropInput,gradient_tape/model/conv2d_41/Conv2D/Conv2DBackpropInput,4,187.393,46.84825,187.393,46.84825,0.00202848012376226,0.6575338893589888,0.0,0.0
40,Device,Conv2DBackpropInput,gradient_tape/model/conv2d_33/Conv2D/Conv2DBackpropInput,4,187.392,46.848,187.392,46.848,0.002028469299024283,0.6595623586580132,0.0,0.0
41,Device,FusedBatchNormGradV3,gradient_tape/model/batch_normalization/FusedBatchNormGradV3,2,186.37,93.185,186.37,93.185,0.0020174064168115803,0.6615797650748247,0.0,0.0
42,Device,Conv2DBackpropInput,gradient_tape/model/conv2d_39/Conv2D/Conv2DBackpropInput,4,186.369,46.59225,186.369,46.59225,0.0020173955920736028,0.6635971606668983,0.0,0.0
43,Device,Conv2DBackpropInput,gradient_tape/model/conv2d_42/Conv2D/Conv2DBackpropInput,4,185.345,46.33625,185.345,46.33625,0.0020063110603849455,0.6656034717272833,0.0,0.0
44,Device,Conv2DBackpropFilter,gradient_tape/model/conv2d/Conv2D/Conv2DBackpropFilter,2,185.344,92.672,185.344,92.672,0.0020063002356469684,0.6676097719629303,0.0,0.0
45,Device,Conv2DBackpropInput,gradient_tape/model/conv2d_38/Conv2D/Conv2DBackpropInput,4,185.344,46.336,185.344,46.336,0.0020063002356469684,0.6696160721985772,0.0,0.0
46,Device,Conv2DBackpropInput,gradient_tape/model/conv2d_29/Conv2D/Conv2DBackpropInput,4,184.32,46.08,184.32,46.08,0.001995215703958311,0.6716112879025355,0.0,0.0
47,Device,Conv2DBackpropInput,gradient_tape/model/conv2d_30/Conv2D/Conv2DBackpropInput,4,183.297,45.82425,183.297,45.82425,0.001984141997007631,0.6735954298995431,0.0,0.0
48,Device,Conv2D,model/conv2d_27/Conv2D,2,183.297,91.6485,183.297,91.6485,0.001984141997007631,0.6755795718965507,0.0,0.0
49,Device,Conv2D,model/conv2d_45/Conv2D,2,182.272,91.136,182.272,91.136,0.0019730466405809967,0.6775526185371317,0.0,0.0
50,Device,Conv2D,model/conv2d_52/Conv2D,2,181.25,90.625,181.25,90.625,0.0019619837583682936,0.6795146022955,0.0,0.0
51,Device,Conv2D,model/conv2d_25/Conv2D,4,181.249,45.31225,181.249,45.31225,0.0019619729336303165,0.6814765752291303,0.0,0.0
52,Device,Conv2D,model/conv2d_35/Conv2D,4,181.249,45.31225,181.249,45.31225,0.0019619729336303165,0.6834385481627606,0.0,0.0
53,Device,Conv2D,model/conv2d_41/Conv2D,4,181.248,45.312,181.248,45.312,0.001961962108892339,0.6854005102716529,0.0,0.0
54,Device,Conv2D,model/conv2d_49/Conv2D,2,180.224,90.112,180.224,90.112,0.001950877577203682,0.6873513878488566,0.0,0.0
55,Device,Conv2D,model/conv2d_32/Conv2D,4,179.201,44.80025,179.201,44.80025,0.0019398038702530017,0.6892911917191097,0.0,0.0
56,Device,Conv2D,model/conv2d_38/Conv2D,4,179.201,44.80025,179.201,44.80025,0.0019398038702530017,0.6912309955893627,0.0,0.0
57,Device,Conv2D,model/conv2d_29/Conv2D,4,179.2,44.8,179.2,44.8,0.0019397930455150247,0.6931707886348778,0.0,0.0
58,Device,Conv2DBackpropFilter,gradient_tape/model/conv2d_8/Conv2D/Conv2DBackpropFilter,2,171.008,85.504,171.008,85.504,0.0018511167920057666,0.6950219054268836,0.0,0.0
59,Device,Conv2DBackpropFilter,gradient_tape/model/conv2d_5/Conv2D/Conv2DBackpropFilter,2,168.961,84.4805,168.961,84.4805,0.0018289585533664292,0.69685086398025,0.0,0.0
60,Device,Conv2DBackpropFilter,gradient_tape/model/conv2d_27/Conv2D/Conv2DBackpropFilter,2,164.864,82.432,164.864,82.432,0.0017846096018738229,0.6986354735821239,0.0,0.0
61,Device,Conv2D,model/conv2d/Conv2D,2,160.768,80.384,160.768,80.384,0.0017402714751191936,0.7003757450572431,0.0,0.0
62,Device,Conv2DBackpropFilter,gradient_tape/model/conv2d_9/Conv2D/Conv2DBackpropFilter,2,152.578,76.289,152.578,76.289,0.0016516168710858897,0.7020273619283289,0.0,0.0
63,Device,Conv2DBackpropFilter,gradient_tape/model/conv2d_2/Conv2D/Conv2DBackpropFilter,2,152.577,76.2885,152.577,76.2885,0.0016516060463479126,0.7036789679746769,0.0,0.0
64,Device,Conv2DBackpropFilter,gradient_tape/model/conv2d_6/Conv2D/Conv2DBackpropFilter,2,151.553,75.7765,151.553,75.7765,0.0016405215146592551,0.7053194894893361,0.0,0.0
65,Device,Conv2D,model/conv2d_37/Conv2D,4,149.505,37.37625,149.505,37.37625,0.0016183524512819406,0.706937841940618,0.0,0.0
66,Device,Conv2DBackpropInput,gradient_tape/model/conv2d_24/Conv2D/Conv2DBackpropInput,4,149.504,37.376,149.504,37.376,0.0016183416265439633,0.708556183567162,0.0,0.0
67,Device,Conv2DBackpropFilter,gradient_tape/model/conv2d_7/Conv2D/Conv2DBackpropFilter,2,148.48,74.24,148.48,74.24,0.001607257094855306,0.7101634406620173,0.0,0.0
68,Device,Conv2DBackpropFilter,gradient_tape/model/conv2d_4/Conv2D/Conv2DBackpropFilter,2,147.457,73.7285,147.457,73.7285,0.001596183387904626,0.711759624049922,0.0,0.0
69,Device,Conv2D,model/conv2d_28/Conv2D,4,147.457,36.86425,147.457,36.86425,0.001596183387904626,0.7133558074378266,0.0,0.0
70,Device,Conv2D,model/conv2d_31/Conv2D,4,147.457,36.86425,147.457,36.86425,0.001596183387904626,0.7149519908257311,0.0,0.0
71,Device,Conv2D,model/conv2d_40/Conv2D,4,147.457,36.86425,147.457,36.86425,0.001596183387904626,0.7165481742136357,0.0,0.0
72,Device,Conv2D,model/conv2d_34/Conv2D,4,147.456,36.864,147.456,36.864,0.0015961725631666488,0.7181443467768024,0.0,0.0
73,Device,Conv2DBackpropFilter,gradient_tape/model/conv2d_10/Conv2D/Conv2DBackpropFilter,2,146.432,73.216,146.432,73.216,0.0015850880314779916,0.7197294348082803,0.0,0.0
74,Device,Conv2DBackpropFilter,gradient_tape/model/conv2d_3/Conv2D/Conv2DBackpropFilter,2,145.408,72.704,145.408,72.704,0.0015740034997893343,0.7213034383080696,0.0,0.0
75,Device,Conv2D,model/conv2d_14/Conv2D,2,143.36,71.68,143.36,71.68,0.00155183443641202,0.7228552727444817,0.0,0.0
76,Device,Conv2DBackpropInput,gradient_tape/model/conv2d_11/Conv2D/Conv2DBackpropInput,2,138.242,69.121,138.242,69.121,0.0014964334274446876,0.7243517061719263,0.0,0.0
77,Device,Conv2DBackpropFilter,gradient_tape/model/conv2d_29/Conv2D/Conv2DBackpropFilter,4,134.145,33.53625,134.145,33.53625,0.0014520844759520815,0.7258037906478785,0.0,0.0
78,Device,Conv2DBackpropFilter,gradient_tape/model/conv2d_35/Conv2D/Conv2DBackpropFilter,4,133.122,33.2805,133.122,33.2805,0.0014410107690014016,0.7272448014168799,0.0,0.0
79,Device,Conv2DBackpropFilter,gradient_tape/model/conv2d_41/Conv2D/Conv2DBackpropFilter,4,133.121,33.28025,133.121,33.28025,0.0014409999442634243,0.7286858013611432,0.0,0.0
80,Device,Conv2DBackpropFilter,gradient_tape/model/conv2d_32/Conv2D/Conv2DBackpropFilter,4,133.12,33.28,133.12,33.28,0.001440989119525447,0.7301267904806686,0.0,0.0
81,Device,Conv2DBackpropFilter,gradient_tape/model/conv2d_25/Conv2D/Conv2DBackpropFilter,4,132.097,33.02425,132.097,33.02425,0.001429915412574767,0.7315567058932434,0.0,0.0
82,Device,Conv2DBackpropFilter,gradient_tape/model/conv2d_45/Conv2D/Conv2DBackpropFilter,2,132.097,66.0485,132.097,66.0485,0.001429915412574767,0.7329866213058182,0.0,0.0
83,Device,Conv2DBackpropFilter,gradient_tape/model/conv2d_11/Conv2D/Conv2DBackpropFilter,2,132.096,66.048,132.096,66.048,0.0014299045878367897,0.7344165258936549,0.0,0.0
84,Device,Conv2DBackpropFilter,gradient_tape/model/conv2d_38/Conv2D/Conv2DBackpropFilter,4,131.072,32.768,131.072,32.768,0.0014188200561481325,0.735835345949803,0.0,0.0
85,Device,Conv2DBackpropFilter,gradient_tape/model/conv2d_52/Conv2D/Conv2DBackpropFilter,2,131.072,65.536,131.072,65.536,0.0014188200561481325,0.7372541660059512,0.0,0.0
86,Device,Conv2DBackpropFilter,gradient_tape/model/conv2d_49/Conv2D/Conv2DBackpropFilter,2,128.001,64.0005,128.001,64.0005,0.0013855772858201378,0.7386397432917713,0.0,0.0
87,Device,Conv2DBackpropFilter,gradient_tape/model/conv2d_47/Conv2D/Conv2DBackpropFilter,2,128.0,64.0,128.0,64.0,0.0013855664610821605,0.7400253097528534,0.0,0.0
88,Device,Conv2DBackpropFilter,gradient_tape/model/conv2d_24/Conv2D/Conv2DBackpropFilter,2,125.953,62.9765,125.953,62.9765,0.0013634082224428233,0.7413887179752963,0.0,0.0
89,Device,ResourceApplyGradientDescent,SGD/SGD/update_170/ResourceApplyGradientDescent,2,124.929,62.4645,124.929,62.4645,0.0013523236907541658,0.7427410416660505,0.0,0.0
90,Device,Conv2DBackpropFilter,gradient_tape/model/conv2d_50/Conv2D/Conv2DBackpropFilter,2,124.929,62.4645,124.929,62.4645,0.0013523236907541658,0.7440933653568047,0.0,0.0
91,Device,ResourceApplyGradientDescent,SGD/SGD/update_196/ResourceApplyGradientDescent,2,124.928,62.464,124.928,62.464,0.0013523128660161887,0.7454456782228209,0.0,0.0
92,Device,ResourceApplyGradientDescent,SGD/SGD/update_184/ResourceApplyGradientDescent,2,122.881,61.4405,122.881,61.4405,0.0013301546273768513,0.7467758328501978,0.0,0.0
93,Device,Mul,gradient_tape/conv2d_48/kernel/Regularizer/Mul_1,2,121.856,60.928,121.856,60.928,0.0013190592709502167,0.748094892121148,0.0,0.0
94,Device,Mul,gradient_tape/conv2d_51/kernel/Regularizer/Mul_1,2,120.832,60.416,120.832,60.416,0.0013079747392615595,0.7494028668604096,0.0,0.0
95,Device,Conv2D,model/conv2d_16/Conv2D,2,119.809,59.9045,119.809,59.9045,0.0012969010323108795,0.7506997678927204,0.0,0.0
96,Device,Mul,gradient_tape/conv2d_44/kernel/Regularizer/Mul_1,2,119.808,59.904,119.808,59.904,0.0012968902075729022,0.7519966581002934,0.0,0.0
97,Device,Conv2DBackpropFilter,gradient_tape/model/conv2d_19/Conv2D/Conv2DBackpropFilter,2,119.808,59.904,119.808,59.904,0.0012968902075729022,0.7532935483078663,0.0,0.0
98,Device,Conv2DBackpropFilter,gradient_tape/model/conv2d_12/Conv2D/Conv2DBackpropFilter,2,118.784,59.392,118.784,59.392,0.001285805675884245,0.7545793539837505,0.0,0.0
99,Device,Conv2DBackpropFilter,gradient_tape/model/conv2d_15/Conv2D/Conv2DBackpropFilter,4,118.784,29.696,118.784,29.696,0.001285805675884245,0.7558651596596347,0.0,0.0
100,Device,Conv2DBackpropFilter,gradient_tape/model/conv2d_22/Conv2D/Conv2DBackpropFilter,2,118.784,59.392,118.784,59.392,0.001285805675884245,0.757150965335519,0.0,0.0
101,Device,Conv2DBackpropFilter,gradient_tape/model/conv2d_21/Conv2D/Conv2DBackpropFilter,4,117.762,29.4405,117.762,29.4405,0.001274742793671542,0.7584257081291905,0.0,0.0
102,Device,FusedBatchNormV3,model/batch_normalization/FusedBatchNormV3,4,117.761,29.44025,117.761,29.44025,0.0012747319689335648,0.7597004400981241,0.0,0.0
103,Device,Conv2D,model/conv2d_12/Conv2D,2,117.761,58.8805,117.761,58.8805,0.0012747319689335648,0.7609751720670577,0.0,0.0
104,Device,Conv2DBackpropFilter,gradient_tape/model/conv2d_16/Conv2D/Conv2DBackpropFilter,2,117.76,58.88,117.76,58.88,0.0012747211441955877,0.7622498932112532,0.0,0.0
105,Device,Conv2DBackpropFilter,gradient_tape/model/conv2d_18/Conv2D/Conv2DBackpropFilter,4,117.76,29.44,117.76,29.44,0.0012747211441955877,0.7635246143554488,0.0,0.0
106,Device,Conv2D,model/conv2d_19/Conv2D,2,116.736,58.368,116.736,58.368,0.0012636366125069304,0.7647882509679558,0.0,0.0
107,Device,Conv2D,model/conv2d_22/Conv2D,2,116.736,58.368,116.736,58.368,0.0012636366125069304,0.7660518875804627,0.0,0.0
108,Device,AddN,SGD/gradients/AddN_67,2,110.593,55.2965,110.593,55.2965,0.001197140247112964,0.7672490278275756,0.0,0.0
109,Device,AddN,SGD/gradients/AddN_64,2,110.592,55.296,110.592,55.296,0.0011971294223749867,0.7684461572499506,0.0,0.0
110,Device,ResourceApplyGradientDescent,SGD/SGD/update_174/ResourceApplyGradientDescent,2,109.569,54.7845,109.569,54.7845,0.0011860557154243067,0.7696322129653749,0.0,0.0
111,Device,AddV2,model/add/add,2,109.569,54.7845,109.569,54.7845,0.0011860557154243067,0.7708182686807992,0.0,0.0
112,Device,AddN,SGD/gradients/AddN_60,2,109.568,54.784,109.568,54.784,0.0011860448906863294,0.7720043135714855,0.0,0.0
113,Device,AddN,SGD/gradients/AddN_61,2,108.545,54.2725,108.545,54.2725,0.0011749711837356494,0.7731792847552211,0.0,0.0
114,Device,AddV2,model/add_2/add,2,108.545,54.2725,108.545,54.2725,0.0011749711837356494,0.7743542559389568,0.0,0.0
115,Device,AddV2,model/add_1/add,2,108.544,54.272,108.544,54.272,0.0011749603589976722,0.7755292162979545,0.0,0.0
116,Device,AddN,SGD/gradients/AddN_14,2,106.496,53.248,106.496,53.248,0.0011527912956203574,0.7766820075935749,0.0,0.0
117,Device,AddN,SGD/gradients/AddN_13,2,105.472,52.736,105.472,52.736,0.0011417067639317002,0.7778237143575065,0.0,0.0
118,Device,Conv2D,model/conv2d_24/Conv2D,2,105.472,52.736,105.472,52.736,0.0011417067639317002,0.7789654211214382,0.0,0.0
119,Device,ReluGrad,gradient_tape/model/activation_6/ReluGrad,2,104.448,52.224,104.448,52.224,0.001130622232243043,0.7800960433536812,0.0,0.0
120,Device,AddN,SGD/gradients/AddN_12,2,103.426,51.713,103.426,51.713,0.0011195593500303402,0.7812156027037116,0.0,0.0
121,Device,Conv2DBackpropInput,gradient_tape/model/conv2d_16/Conv2D/Conv2DBackpropInput,4,103.425,25.85625,103.425,25.85625,0.001119548525292363,0.782335151229004,0.0,0.0
122,Device,Conv2DBackpropFilter,gradient_tape/model/conv2d_30/Conv2D/Conv2DBackpropFilter,2,103.425,51.7125,103.425,51.7125,0.001119548525292363,0.7834546997542964,0.0,0.0
123,Device,Conv2DBackpropInput,gradient_tape/model/conv2d_19/Conv2D/Conv2DBackpropInput,4,103.424,25.856,103.424,25.856,0.0011195377005543859,0.7845742374548508,0.0,0.0
124,Device,Conv2DBackpropFilter,gradient_tape/model/conv2d_39/Conv2D/Conv2DBackpropFilter,2,103.424,51.712,103.424,51.712,0.0011195377005543859,0.7856937751554052,0.0,0.0
125,Device,ReluGrad,gradient_tape/model/activation_3/ReluGrad,2,102.401,51.2005,102.401,51.2005,0.0011084639936037057,0.7868022391490089,0.0,0.0
126,Device,Conv2DBackpropInput,gradient_tape/model/conv2d_22/Conv2D/Conv2DBackpropInput,4,102.401,25.60025,102.401,25.60025,0.0011084639936037057,0.7879107031426127,0.0,0.0
127,Device,ReluGrad,gradient_tape/model/activation/ReluGrad,2,102.4,51.2,102.4,51.2,0.0011084531688657284,0.7890191563114785,0.0,0.0
128,Device,Conv2DBackpropInput,gradient_tape/model/conv2d_12/Conv2D/Conv2DBackpropInput,4,102.4,25.6,102.4,25.6,0.0011084531688657284,0.7901276094803442,0.0,0.0
129,Device,Conv2DBackpropFilter,gradient_tape/model/conv2d_42/Conv2D/Conv2DBackpropFilter,2,101.377,50.6885,101.377,50.6885,0.0010973794619150482,0.7912249889422592,0.0,0.0
130,Device,Conv2DBackpropInput,gradient_tape/model/conv2d_13/Conv2D/Conv2DBackpropInput,4,100.353,25.08825,100.353,25.08825,0.001086294930226391,0.7923112838724856,0.0,0.0
131,Device,Conv2DBackpropFilter,gradient_tape/model/conv2d_36/Conv2D/Conv2DBackpropFilter,2,100.353,50.1765,100.353,50.1765,0.001086294930226391,0.793397578802712,0.0,0.0
132,Device,ReluGrad,gradient_tape/model/activation_9/ReluGrad,2,100.352,50.176,100.352,50.176,0.0010862841054884139,0.7944838629082004,0.0,0.0
133,Device,Conv2DBackpropFilter,gradient_tape/model/conv2d_26/Conv2D/Conv2DBackpropFilter,2,100.352,50.176,100.352,50.176,0.0010862841054884139,0.7955701470136888,0.0,0.0
134,Device,Conv2DBackpropFilter,gradient_tape/model/conv2d_33/Conv2D/Conv2DBackpropFilter,2,100.352,50.176,100.352,50.176,0.0010862841054884139,0.7966564311191772,0.0,0.0
135,Device,Conv2DBackpropFilter,gradient_tape/model/conv2d_31/Conv2D/Conv2DBackpropFilter,2,99.329,49.6645,99.329,49.6645,0.0010752103985377337,0.7977316415177149,0.0,0.0
136,Device,Conv2DBackpropInput,gradient_tape/model/conv2d_17/Conv2D/Conv2DBackpropInput,4,99.328,24.832,99.328,24.832,0.0010751995737997566,0.7988068410915147,0.0,0.0
137,Device,Conv2DBackpropInput,gradient_tape/model/conv2d_23/Conv2D/Conv2DBackpropInput,4,99.328,24.832,99.328,24.832,0.0010751995737997566,0.7998820406653144,0.0,0.0
138,Device,Conv2DBackpropInput,gradient_tape/model/conv2d_8/Conv2D/Conv2DBackpropInput,2,99.328,49.664,99.328,49.664,0.0010751995737997566,0.8009572402391142,0.0,0.0
139,Device,Conv2DBackpropInput,gradient_tape/model/conv2d_5/Conv2D/Conv2DBackpropInput,2,98.305,49.1525,98.305,49.1525,0.0010641258668490766,0.8020213661059633,0.0,0.0
140,Device,Conv2DBackpropInput,gradient_tape/model/conv2d_2/Conv2D/Conv2DBackpropInput,4,98.304,24.576,98.304,24.576,0.0010641150421110994,0.8030854811480744,0.0,0.0
141,Device,Conv2DBackpropInput,gradient_tape/model/conv2d_20/Conv2D/Conv2DBackpropInput,4,98.304,24.576,98.304,24.576,0.0010641150421110994,0.8041495961901856,0.0,0.0
142,Device,Conv2DBackpropFilter,gradient_tape/model/conv2d_28/Conv2D/Conv2DBackpropFilter,2,98.304,49.152,98.304,49.152,0.0010641150421110994,0.8052137112322967,0.0,0.0
143,Device,Conv2DBackpropFilter,gradient_tape/model/conv2d_37/Conv2D/Conv2DBackpropFilter,2,98.304,49.152,98.304,49.152,0.0010641150421110994,0.8062778262744078,0.0,0.0
144,Device,Conv2DBackpropFilter,gradient_tape/model/conv2d_40/Conv2D/Conv2DBackpropFilter,2,97.281,48.6405,97.281,48.6405,0.0010530413351604192,0.8073308676095682,0.0,0.0
145,Device,Conv2DBackpropInput,gradient_tape/model/conv2d_6/Conv2D/Conv2DBackpropInput,4,97.281,24.32025,97.281,24.32025,0.0010530413351604192,0.8083839089447286,0.0,0.0
146,Device,Conv2DBackpropFilter,gradient_tape/model/conv2d_34/Conv2D/Conv2DBackpropFilter,2,97.28,48.64,97.28,48.64,0.001053030510422442,0.809436939455151,0.0,0.0
147,Device,SoftmaxCrossEntropyWithLogits,categorical_crossentropy/softmax_cross_entropy_with_logits,2,95.232,47.616,95.232,47.616,0.0010308614470451274,0.8104678009021962,0.0,0.0
148,Device,Conv2DBackpropInput,gradient_tape/model/conv2d_9/Conv2D/Conv2DBackpropInput,4,95.232,23.808,95.232,23.808,0.0010308614470451274,0.8114986623492413,0.0,0.0
149,Device,Conv2D,model/conv2d_2/Conv2D,4,94.208,23.552,94.208,23.552,0.00101977691535647,0.8125184392645978,0.0,0.0
150,Device,Mul,gradient_tape/conv2d_46/kernel/Regularizer/Mul_1,2,93.184,46.592,93.184,46.592,0.0010086923836678128,0.8135271316482656,0.0,0.0
151,Device,Conv2DBackpropInput,gradient_tape/model/conv2d_40/Conv2D/Conv2DBackpropInput,2,93.184,46.592,93.184,46.592,0.0010086923836678128,0.8145358240319335,0.0,0.0
152,Device,Conv2DBackpropInput,gradient_tape/model/conv2d_37/Conv2D/Conv2DBackpropInput,2,92.161,46.0805,92.161,46.0805,0.0009976186767171329,0.8155334427086506,0.0,0.0
153,Device,Conv2D,model/conv2d_10/Conv2D,2,92.16,46.08,92.16,46.08,0.0009976078519791556,0.8165310505606297,0.0,0.0
154,Device,Conv2DBackpropInput,gradient_tape/model/conv2d_28/Conv2D/Conv2DBackpropInput,2,91.137,45.5685,91.137,45.5685,0.0009865341450284754,0.8175175847056582,0.0,0.0
155,Device,Conv2DBackpropInput,gradient_tape/model/conv2d_31/Conv2D/Conv2DBackpropInput,2,91.136,45.568,91.136,45.568,0.0009865233202904983,0.8185041080259486,0.0,0.0
156,Device,Conv2DBackpropInput,gradient_tape/model/conv2d_34/Conv2D/Conv2DBackpropInput,2,91.136,45.568,91.136,45.568,0.0009865233202904983,0.8194906313462391,0.0,0.0
157,Device,Conv2D,model/conv2d_6/Conv2D,4,90.113,22.52825,90.113,22.52825,0.0009754496133398181,0.820466080959579,0.0,0.0
158,Device,Conv2D,model/conv2d_9/Conv2D,4,90.113,22.52825,90.113,22.52825,0.0009754496133398181,0.8214415305729188,0.0,0.0
159,Device,Conv2D,model/conv2d_3/Conv2D,2,90.112,45.056,90.112,45.056,0.000975438788601841,0.8224169693615206,0.0,0.0
160,Device,Conv2D,model/conv2d_7/Conv2D,2,90.112,45.056,90.112,45.056,0.000975438788601841,0.8233924081501225,0.0,0.0
161,Device,Conv2D,model/conv2d_4/Conv2D,2,89.089,44.5445,89.089,44.5445,0.0009643650816511609,0.8243567732317737,0.0,0.0
162,Device,Conv2DBackpropInput,gradient_tape/model/conv2d_3/Conv2D/Conv2DBackpropInput,2,89.088,44.544,89.088,44.544,0.0009643542569131836,0.8253211274886869,0.0,0.0
163,Device,MaxPoolGrad,gradient_tape/model/max_pooling2d/MaxPool/MaxPoolGrad,2,86.016,43.008,86.016,43.008,0.0009311006618472119,0.8262522281505341,0.0,0.0
164,Device,Conv2DBackpropInput,gradient_tape/model/conv2d_10/Conv2D/Conv2DBackpropInput,2,83.97,41.985,83.97,41.985,0.0009089532479458517,0.8271611813984799,0.0,0.0
165,Device,FusedBatchNormV3,model/batch_normalization_6/FusedBatchNormV3,4,83.969,20.99225,83.969,20.99225,0.0009089424232078744,0.8280701238216878,0.0,0.0
166,Device,FusedBatchNormV3,model/batch_normalization_9/FusedBatchNormV3,4,83.969,20.99225,83.969,20.99225,0.0009089424232078744,0.8289790662448956,0.0,0.0
167,Device,Conv2D,model/conv2d_33/Conv2D,2,83.969,41.9845,83.969,41.9845,0.0009089424232078744,0.8298880086681034,0.0,0.0
168,Device,Conv2D,model/conv2d_15/Conv2D,2,83.968,41.984,83.968,41.984,0.0009089315984698973,0.8307969402665734,0.0,0.0
169,Device,Conv2D,model/conv2d_18/Conv2D,2,83.968,41.984,83.968,41.984,0.0009089315984698973,0.8317058718650433,0.0,0.0
170,Device,Conv2D,model/conv2d_21/Conv2D,2,83.968,41.984,83.968,41.984,0.0009089315984698973,0.8326148034635132,0.0,0.0
171,Device,Conv2D,model/conv2d_30/Conv2D,2,83.968,41.984,83.968,41.984,0.0009089315984698973,0.8335237350619832,0.0,0.0
172,Device,Conv2DBackpropInput,gradient_tape/model/conv2d_7/Conv2D/Conv2DBackpropInput,2,82.945,41.4725,82.945,41.4725,0.0008978578915192171,0.8344215929535024,0.0,0.0
173,Device,Conv2D,model/conv2d_26/Conv2D,2,82.945,41.4725,82.945,41.4725,0.0008978578915192171,0.8353194508450216,0.0,0.0
174,Device,Conv2D,model/conv2d_36/Conv2D,2,82.945,41.4725,82.945,41.4725,0.0008978578915192171,0.8362173087365408,0.0,0.0
175,Device,Conv2D,model/conv2d_39/Conv2D,2,82.945,41.4725,82.945,41.4725,0.0008978578915192171,0.83711516662806,0.0,0.0
176,Device,Square,conv2d_48/kernel/Regularizer/Square,2,82.944,41.472,82.944,41.472,0.0008978470667812401,0.8380130136948412,0.0,0.0
177,Device,Square,conv2d_51/kernel/Regularizer/Square,2,82.944,41.472,82.944,41.472,0.0008978470667812401,0.8389108607616224,0.0,0.0
178,Device,Conv2DBackpropInput,gradient_tape/model/conv2d_4/Conv2D/Conv2DBackpropInput,2,82.944,41.472,82.944,41.472,0.0008978470667812401,0.8398087078284036,0.0,0.0
179,Device,Conv2DBackpropFilter,gradient_tape/model/conv2d_43/Conv2D/Conv2DBackpropFilter,2,82.944,41.472,82.944,41.472,0.0008978470667812401,0.8407065548951848,0.0,0.0
180,Device,Conv2D,model/conv2d_42/Conv2D,2,82.944,41.472,82.944,41.472,0.0008978470667812401,0.841604401961966,0.0,0.0
181,Device,Square,conv2d_44/kernel/Regularizer/Square,2,81.921,40.9605,81.921,40.9605,0.00088677335983056,0.8424911753217965,0.0,0.0
182,Device,Conv2D,model/conv2d_5/Conv2D,2,81.921,40.9605,81.921,40.9605,0.00088677335983056,0.8433779486816271,0.0,0.0
183,Device,Conv2D,model/conv2d_8/Conv2D,2,81.921,40.9605,81.921,40.9605,0.00088677335983056,0.8442647220414576,0.0,0.0
184,Device,Mul,gradient_tape/conv2d_44/kernel/Regularizer/Mul,2,81.92,40.96,81.92,40.96,0.0008867625350925828,0.8451514845765502,0.0,0.0
185,Device,FusedBatchNormV3,model/batch_normalization_3/FusedBatchNormV3,4,80.896,20.224,80.896,20.224,0.0008756780034039254,0.8460271625799541,0.0,0.0
186,Device,BiasAddGrad,gradient_tape/model/conv2d_46/BiasAdd/BiasAddGrad,2,79.873,39.9365,79.873,39.9365,0.0008646042964532455,0.8468917668764074,0.0,0.0
187,Device,BiasAddGrad,gradient_tape/model/conv2d_52/BiasAdd/BiasAddGrad,2,79.873,39.9365,79.873,39.9365,0.0008646042964532455,0.8477563711728607,0.0,0.0
188,Device,BiasAddGrad,gradient_tape/model/conv2d_49/BiasAdd/BiasAddGrad,2,78.848,39.424,78.848,39.424,0.0008535089400266109,0.8486098801128873,0.0,0.0
189,Device,BiasAdd,model/conv2d/BiasAdd,2,77.825,38.9125,77.825,38.9125,0.0008424352330759308,0.8494523153459632,0.0,0.0
190,Device,Relu,model/activation/Relu,2,74.752,37.376,74.752,37.376,0.0008091708132719817,0.8502614861592352,0.0,0.0
191,Device,Conv2DBackpropInput,gradient_tape/model/conv2d_21/Conv2D/Conv2DBackpropInput,2,73.729,36.8645,73.729,36.8645,0.0007980971063213017,0.8510595832655565,0.0,0.0
192,Device,Square,conv2d_46/kernel/Regularizer/Square,2,73.728,36.864,73.728,36.864,0.0007980862815833244,0.8518576695471398,0.0,0.0
193,Device,Tile,gradient_tape/conv2d_44/kernel/Regularizer/Tile,2,73.728,36.864,73.728,36.864,0.0007980862815833244,0.8526557558287231,0.0,0.0
194,Device,Conv2DBackpropInput,gradient_tape/model/conv2d_18/Conv2D/Conv2DBackpropInput,2,73.728,36.864,73.728,36.864,0.0007980862815833244,0.8534538421103064,0.0,0.0
195,Device,BiasAdd,model/conv2d_4/BiasAdd,2,73.728,36.864,73.728,36.864,0.0007980862815833244,0.8542519283918897,0.0,0.0
196,Device,Relu,model/activation_9/Relu,2,72.704,36.352,72.704,36.352,0.0007870017498946672,0.8550389301417843,0.0,0.0
197,Device,Conv2DBackpropInput,gradient_tape/model/conv2d_15/Conv2D/Conv2DBackpropInput,2,71.68,35.84,71.68,35.84,0.00077591721820601,0.8558148473599904,0.0,0.0
198,Device,Conv2D,model/conv2d_20/Conv2D,2,66.56,33.28,66.56,33.28,0.0007204945597627235,0.8565353419197531,0.0,0.0
199,Device,Conv2D,model/conv2d_23/Conv2D,2,66.56,33.28,66.56,33.28,0.0007204945597627235,0.8572558364795159,0.0,0.0
200,Device,Conv2D,model/conv2d_17/Conv2D,2,65.537,32.7685,65.537,32.7685,0.0007094208528120434,0.8579652573323279,0.0,0.0
201,Device,Conv2D,model/conv2d_13/Conv2D,2,65.536,32.768,65.536,32.768,0.0007094100280740662,0.858674667360402,0.0,0.0
202,Device,FusedBatchNormGradV3,gradient_tape/model/batch_normalization_42/FusedBatchNormGradV3,2,63.488,31.744,63.488,31.744,0.0006872409646967516,0.8593619083250987,0.0,0.0
203,Device,BiasAdd,model/conv2d_10/BiasAdd,2,63.488,31.744,63.488,31.744,0.0006872409646967516,0.8600491492897955,0.0,0.0
204,Device,Tile,gradient_tape/conv2d_46/kernel/Regularizer/Tile,2,62.465,31.2325,62.465,31.2325,0.0006761672577460715,0.8607253165475416,0.0,0.0
205,Device,BiasAdd,model/conv2d_7/BiasAdd,2,62.464,31.232,62.464,31.232,0.0006761564330080944,0.8614014729805497,0.0,0.0
206,Device,BiasAdd,model/conv2d_3/BiasAdd,2,61.441,30.7205,61.441,30.7205,0.0006650827260574143,0.8620665557066071,0.0,0.0
207,Device,FusedBatchNormGradV3,gradient_tape/model/batch_normalization_45/FusedBatchNormGradV3,2,61.44,30.72,61.44,30.72,0.000665071901319437,0.8627316276079265,0.0,0.0
208,Device,Relu,model/activation_6/Relu,2,61.44,30.72,61.44,30.72,0.000665071901319437,0.863396699509246,0.0,0.0
209,Device,FusedBatchNormV3,model/batch_normalization_42/FusedBatchNormV3,4,61.44,15.36,61.44,15.36,0.000665071901319437,0.8640617714105655,0.0,0.0
210,Device,Conv2D,model/conv2d_11/Conv2D,2,61.44,30.72,61.44,30.72,0.000665071901319437,0.864726843311885,0.0,0.0
211,Device,Mul,gradient_tape/conv2d_46/kernel/Regularizer/Mul,2,60.417,30.2085,60.417,30.2085,0.000653998194368757,0.8653808415062537,0.0,0.0
212,Device,Relu,model/activation_3/Relu,2,60.416,30.208,60.416,30.208,0.0006539873696307797,0.8660348288758845,0.0,0.0
213,Device,FusedBatchNormV3,model/batch_normalization_45/FusedBatchNormV3,4,60.416,15.104,60.416,15.104,0.0006539873696307797,0.8666888162455152,0.0,0.0
214,Device,FusedBatchNormGradV3,gradient_tape/model/batch_normalization_15/FusedBatchNormGradV3,2,59.394,29.697,59.394,29.697,0.0006429244874180768,0.8673317407329333,0.0,0.0
215,Device,Conv2DBackpropFilter,gradient_tape/model/conv2d_1/Conv2D/Conv2DBackpropFilter,2,59.393,29.6965,59.393,29.6965,0.0006429136626800997,0.8679746543956134,0.0,0.0
216,Device,MaxPool,model/max_pooling2d/MaxPool,2,59.393,29.6965,59.393,29.6965,0.0006429136626800997,0.8686175680582935,0.0,0.0
217,Device,ResourceApplyGradientDescent,SGD/SGD/update_176/ResourceApplyGradientDescent,2,59.392,29.696,59.392,29.696,0.0006429028379421225,0.8692604708962356,0.0,0.0
218,Device,FusedBatchNormGradV3,gradient_tape/model/batch_normalization_21/FusedBatchNormGradV3,2,59.392,29.696,59.392,29.696,0.0006429028379421225,0.8699033737341777,0.0,0.0
219,Device,FusedBatchNormV3,model/batch_normalization_48/FusedBatchNormV3,4,59.392,14.848,59.392,14.848,0.0006429028379421225,0.8705462765721198,0.0,0.0
220,Device,ResourceApplyGradientDescent,SGD/SGD/update_180/ResourceApplyGradientDescent,2,58.368,29.184,58.368,29.184,0.0006318183062534652,0.8711780948783733,0.0,0.0
221,Device,FusedBatchNormGradV3,gradient_tape/model/batch_normalization_18/FusedBatchNormGradV3,2,58.368,29.184,58.368,29.184,0.0006318183062534652,0.8718099131846268,0.0,0.0
222,Device,FusedBatchNormGradV3,gradient_tape/model/batch_normalization_48/FusedBatchNormGradV3,2,58.368,29.184,58.368,29.184,0.0006318183062534652,0.8724417314908802,0.0,0.0
223,Device,FusedBatchNormGradV3,gradient_tape/model/batch_normalization_12/FusedBatchNormGradV3,2,57.345,28.6725,57.345,28.6725,0.0006207445993027851,0.8730624760901831,0.0,0.0
224,Device,AddN,SGD/gradients/AddN_62,2,57.344,28.672,57.344,28.672,0.000620733774564808,0.8736832098647479,0.0,0.0
225,Device,Mul,gradient_tape/conv2d_49/kernel/Regularizer/Mul_1,2,57.344,28.672,57.344,28.672,0.000620733774564808,0.8743039436393127,0.0,0.0
226,Device,ResourceApplyGradientDescent,SGD/SGD/update_192/ResourceApplyGradientDescent,2,56.321,28.1605,56.321,28.1605,0.0006096600676141278,0.8749136037069268,0.0,0.0
227,Device,Mul,gradient_tape/conv2d_45/kernel/Regularizer/Mul_1,2,56.321,28.1605,56.321,28.1605,0.0006096600676141278,0.8755232637745409,0.0,0.0
228,Device,Mul,gradient_tape/conv2d_47/kernel/Regularizer/Mul_1,2,55.297,27.6485,55.297,27.6485,0.0005985755359254705,0.8761218393104664,0.0,0.0
229,Device,Mul,gradient_tape/conv2d_50/kernel/Regularizer/Mul_1,2,55.296,27.648,55.296,27.648,0.0005985647111874933,0.8767204040216539,0.0,0.0
230,Device,Mul,gradient_tape/conv2d_52/kernel/Regularizer/Mul_1,2,55.296,27.648,55.296,27.648,0.0005985647111874933,0.8773189687328413,0.0,0.0
231,Device,ResourceApplyGradientDescent,SGD/SGD/update_188/ResourceApplyGradientDescent,2,53.248,26.624,53.248,26.624,0.0005763956478101787,0.8778953643806515,0.0,0.0
232,Device,AddN,SGD/gradients/AddN_66,2,53.248,26.624,53.248,26.624,0.0005763956478101787,0.8784717600284617,0.0,0.0
233,Device,AddN,SGD/gradients/AddN_63,2,51.201,25.6005,51.201,25.6005,0.0005542374091708414,0.8790259974376325,0.0,0.0
234,Device,BiasAddGrad,gradient_tape/model/conv2d_7/BiasAdd/BiasAddGrad,2,51.201,25.6005,51.201,25.6005,0.0005542374091708414,0.8795802348468034,0.0,0.0
235,Device,Sum,conv2d_48/kernel/Regularizer/Sum,2,51.2,25.6,51.2,25.6,0.0005542265844328642,0.8801344614312362,0.0,0.0
236,Device,BiasAddGrad,gradient_tape/model/conv2d_10/BiasAdd/BiasAddGrad,2,51.2,25.6,51.2,25.6,0.0005542265844328642,0.880688688015669,0.0,0.0
237,Device,BiasAddGrad,gradient_tape/model/conv2d_4/BiasAdd/BiasAddGrad,2,51.2,25.6,51.2,25.6,0.0005542265844328642,0.8812429146001018,0.0,0.0
238,Device,ResourceApplyGradientDescent,SGD/SGD/update_200/ResourceApplyGradientDescent,2,50.177,25.0885,50.177,25.0885,0.0005431528774821841,0.881786067477584,0.0,0.0
239,Device,Sum,conv2d_44/kernel/Regularizer/Sum,2,50.176,25.088,50.176,25.088,0.0005431420527442069,0.8823292095303282,0.0,0.0
240,Device,BiasAddGrad,gradient_tape/model/conv2d_27/BiasAdd/BiasAddGrad,2,49.153,24.5765,49.153,24.5765,0.0005320683457935269,0.8828612778761218,0.0,0.0
241,Device,AddN,SGD/gradients/AddN_10,2,49.152,24.576,49.152,24.576,0.0005320575210555497,0.8833933353971773,0.0,0.0
242,Device,AddN,SGD/gradients/AddN_11,2,48.128,24.064,48.128,24.064,0.0005209729893668923,0.8839143083865443,0.0,0.0
243,Device,AddN,SGD/gradients/AddN_68,2,48.128,24.064,48.128,24.064,0.0005209729893668923,0.8844352813759112,0.0,0.0
244,Device,AddN,SGD/gradients/AddN_9,2,48.128,24.064,48.128,24.064,0.0005209729893668923,0.8849562543652781,0.0,0.0
245,Device,AddN,SGD/gradients/AddN_65,2,47.105,23.5525,47.105,23.5525,0.0005098992824162122,0.8854661536476943,0.0,0.0
246,Device,Sum,conv2d_51/kernel/Regularizer/Sum,2,47.104,23.552,47.104,23.552,0.000509888457678235,0.8859760421053725,0.0,0.0
247,Device,ReluGrad,gradient_tape/model/activation_21/ReluGrad,2,47.104,23.552,47.104,23.552,0.000509888457678235,0.8864859305630507,0.0,0.0
248,Device,AddN,SGD/gradients/AddN_8,2,46.08,23.04,46.08,23.04,0.0004988039259895778,0.8869847344890402,0.0,0.0
249,Device,Sum,conv2d_46/kernel/Regularizer/Sum,2,45.056,22.528,45.056,22.528,0.0004877193943009205,0.8874724538833412,0.0,0.0
250,Device,FusedBatchNormGradV3,gradient_tape/model/batch_normalization_39/FusedBatchNormGradV3,2,44.032,22.016,44.032,22.016,0.00047663486261226317,0.8879490887459535,0.0,0.0
251,Device,Conv2DBackpropInput,gradient_tape/model/conv2d_1/Conv2D/Conv2DBackpropInput,2,44.032,22.016,44.032,22.016,0.00047663486261226317,0.8884257236085658,0.0,0.0
252,Device,BiasAddGrad,gradient_tape/model/conv2d_14/BiasAdd/BiasAddGrad,2,44.032,22.016,44.032,22.016,0.00047663486261226317,0.888902358471178,0.0,0.0
253,Device,AddN,ArithmeticOptimizer/AddOpsRewrite_AddN_1,12,43.008,3.584,43.008,3.584,0.00046555033092360597,0.8893679088021017,0.0,0.0
254,Device,FusedBatchNormGradV3,gradient_tape/model/batch_normalization_24/FusedBatchNormGradV3,2,43.008,21.504,43.008,21.504,0.00046555033092360597,0.8898334591330254,0.0,0.0
255,Device,FusedBatchNormGradV3,gradient_tape/model/batch_normalization_36/FusedBatchNormGradV3,2,43.008,21.504,43.008,21.504,0.00046555033092360597,0.890299009463949,0.0,0.0
256,Device,BiasAddGrad,gradient_tape/model/conv2d/BiasAdd/BiasAddGrad,2,43.008,21.504,43.008,21.504,0.00046555033092360597,0.8907645597948727,0.0,0.0
257,Device,BiasAddGrad,gradient_tape/model/conv2d_30/BiasAdd/BiasAddGrad,2,43.008,21.504,43.008,21.504,0.00046555033092360597,0.8912301101257963,0.0,0.0
258,Device,BiasAddGrad,gradient_tape/model/conv2d_33/BiasAdd/BiasAddGrad,2,43.008,21.504,43.008,21.504,0.00046555033092360597,0.89169566045672,0.0,0.0
259,Device,BiasAddGrad,gradient_tape/model/conv2d_36/BiasAdd/BiasAddGrad,2,43.008,21.504,43.008,21.504,0.00046555033092360597,0.8921612107876437,0.0,0.0
260,Device,BiasAddGrad,gradient_tape/model/conv2d_39/BiasAdd/BiasAddGrad,2,43.008,21.504,43.008,21.504,0.00046555033092360597,0.8926267611185673,0.0,0.0
261,Device,Conv2D,model/conv2d_1/Conv2D,2,43.008,21.504,43.008,21.504,0.00046555033092360597,0.893092311449491,0.0,0.0
262,Device,FusedBatchNormGradV3,gradient_tape/model/batch_normalization_30/FusedBatchNormGradV3,2,41.984,20.992,41.984,20.992,0.00045446579923494866,0.8935467772487259,0.0,0.0
263,Device,BiasAddGrad,gradient_tape/model/conv2d_42/BiasAdd/BiasAddGrad,2,41.984,20.992,41.984,20.992,0.00045446579923494866,0.8940012430479608,0.0,0.0
264,Device,BiasAdd,model/conv2d_14/BiasAdd,2,41.984,20.992,41.984,20.992,0.00045446579923494866,0.8944557088471957,0.0,0.0
265,Device,Mul,gradient_tape/conv2d_47/kernel/Regularizer/Mul,2,40.961,20.4805,40.961,20.4805,0.0004433920922842686,0.89489910093948,0.0,0.0
266,Device,ReluGrad,gradient_tape/model/activation_12/ReluGrad,2,40.96,20.48,40.96,20.48,0.0004433812675462914,0.8953424822070263,0.0,0.0
267,Device,ReluGrad,gradient_tape/model/activation_15/ReluGrad,2,40.96,20.48,40.96,20.48,0.0004433812675462914,0.8957858634745726,0.0,0.0
268,Device,ReluGrad,gradient_tape/model/activation_18/ReluGrad,2,40.96,20.48,40.96,20.48,0.0004433812675462914,0.8962292447421188,0.0,0.0
269,Device,FusedBatchNormGradV3,gradient_tape/model/batch_normalization_27/FusedBatchNormGradV3,2,40.96,20.48,40.96,20.48,0.0004433812675462914,0.8966726260096651,0.0,0.0
270,Device,FusedBatchNormGradV3,gradient_tape/model/batch_normalization_33/FusedBatchNormGradV3,2,40.96,20.48,40.96,20.48,0.0004433812675462914,0.8971160072772114,0.0,0.0
271,Device,Square,conv2d_52/kernel/Regularizer/Square,2,39.937,19.9685,39.937,19.9685,0.00043230756059561127,0.8975483148378071,0.0,0.0
272,Device,Mul,gradient_tape/conv2d_45/kernel/Regularizer/Mul,2,39.936,19.968,39.936,19.968,0.0004322967358576341,0.8979806115736647,0.0,0.0
273,Device,Square,conv2d_45/kernel/Regularizer/Square,2,38.913,19.4565,38.913,19.4565,0.00042122302890695395,0.8984018346025716,0.0,0.0
274,Device,Square,conv2d_47/kernel/Regularizer/Square,2,38.913,19.4565,38.913,19.4565,0.00042122302890695395,0.8988230576314785,0.0,0.0
275,Device,FusedBatchNormV3,model/batch_normalization_18/FusedBatchNormV3,4,38.913,9.72825,38.913,9.72825,0.00042122302890695395,0.8992442806603854,0.0,0.0
276,Device,FusedBatchNormV3,model/batch_normalization_21/FusedBatchNormV3,4,38.913,9.72825,38.913,9.72825,0.00042122302890695395,0.8996655036892923,0.0,0.0
277,Device,Square,conv2d_50/kernel/Regularizer/Square,2,38.912,19.456,38.912,19.456,0.0004212122041689768,0.9000867158934613,0.0,0.0
278,Device,FusedBatchNormV3,model/batch_normalization_15/FusedBatchNormV3,4,38.912,9.728,38.912,9.728,0.0004212122041689768,0.9005079280976304,0.0,0.0
279,Device,FusedBatchNormV3,model/batch_normalization_30/FusedBatchNormV3,4,38.912,9.728,38.912,9.728,0.0004212122041689768,0.9009291403017994,0.0,0.0
280,Device,FusedBatchNormV3,model/batch_normalization_12/FusedBatchNormV3,4,37.889,9.47225,37.889,9.47225,0.00041013849721829675,0.9013392787990177,0.0,0.0
281,Device,FusedBatchNormV3,model/batch_normalization_27/FusedBatchNormV3,4,37.889,9.47225,37.889,9.47225,0.00041013849721829675,0.9017494172962359,0.0,0.0
282,Device,AddV2,model/add_3/add,2,37.888,18.944,37.888,18.944,0.0004101276724803195,0.9021595449687162,0.0,0.0
283,Device,FusedBatchNormV3,model/batch_normalization_24/FusedBatchNormV3,4,37.888,9.472,37.888,9.472,0.0004101276724803195,0.9025696726411965,0.0,0.0
284,Device,FusedBatchNormV3,model/batch_normalization_39/FusedBatchNormV3,4,37.888,9.472,37.888,9.472,0.0004101276724803195,0.9029798003136768,0.0,0.0
285,Device,FusedBatchNormV3,model/batch_normalization_36/FusedBatchNormV3,4,36.865,9.21625,36.865,9.21625,0.00039905396552963944,0.9033788542792064,0.0,0.0
286,Device,FusedBatchNormV3,model/batch_normalization_33/FusedBatchNormV3,4,36.864,9.216,36.864,9.216,0.0003990431407916622,0.903777897419998,0.0,0.0
287,Device,AddN,SGD/gradients/AddN_51,2,35.84,17.92,35.84,17.92,0.000387958609103005,0.904165856029101,0.0,0.0
288,Device,BiasAddGrad,gradient_tape/model/conv2d_17/BiasAdd/BiasAddGrad,2,34.817,17.4085,34.817,17.4085,0.00037688490215232487,0.9045427409312534,0.0,0.0
289,Device,AddN,SGD/gradients/AddN_57,2,34.816,17.408,34.816,17.408,0.0003768740774143477,0.9049196150086678,0.0,0.0
290,Device,Mul,gradient_tape/conv2d_25/kernel/Regularizer/Mul_1,2,34.816,17.408,34.816,17.408,0.0003768740774143477,0.9052964890860822,0.0,0.0
291,Device,Tile,gradient_tape/conv2d_45/kernel/Regularizer/Tile,2,34.816,17.408,34.816,17.408,0.0003768740774143477,0.9056733631634966,0.0,0.0
292,Device,Tile,gradient_tape/conv2d_47/kernel/Regularizer/Tile,2,34.816,17.408,34.816,17.408,0.0003768740774143477,0.9060502372409109,0.0,0.0
293,Device,BiasAddGrad,gradient_tape/model/conv2d_20/BiasAdd/BiasAddGrad,2,34.816,17.408,34.816,17.408,0.0003768740774143477,0.9064271113183253,0.0,0.0
294,Device,BiasAddGrad,gradient_tape/model/conv2d_23/BiasAdd/BiasAddGrad,2,34.816,17.408,34.816,17.408,0.0003768740774143477,0.9068039853957397,0.0,0.0
295,Device,AddN,SGD/gradients/AddN_45,2,33.793,16.8965,33.793,16.8965,0.00036580037046366756,0.9071697857662033,0.0,0.0
296,Device,AddN,SGD/gradients/AddN_54,2,33.792,16.896,33.792,16.896,0.0003657895457256904,0.907535575311929,0.0,0.0
297,Device,AddV2,model/add_5/add,2,33.792,16.896,33.792,16.896,0.0003657895457256904,0.9079013648576546,0.0,0.0
298,Device,AddN,SGD/gradients/AddN_48,2,32.768,16.384,32.768,16.384,0.0003547050140370331,0.9082560698716916,0.0,0.0
299,Device,Sum,conv2d_49/kernel/Regularizer/Sum,2,32.768,16.384,32.768,16.384,0.0003547050140370331,0.9086107748857286,0.0,0.0
300,Device,AddV2,model/add_4/add,2,32.768,16.384,32.768,16.384,0.0003547050140370331,0.9089654798997656,0.0,0.0
301,Device,AddV2,model/add_6/add,2,32.768,16.384,32.768,16.384,0.0003547050140370331,0.9093201849138026,0.0,0.0
302,Device,Mul,gradient_tape/conv2d_41/kernel/Regularizer/Mul_1,2,31.744,15.872,31.744,15.872,0.0003436204823483758,0.909663805396151,0.0,0.0
303,Device,AddN,SGD/gradients/AddN_59,2,30.721,15.3605,30.721,15.3605,0.00033254677539769573,0.9099963521715487,0.0,0.0
304,Device,Mul,gradient_tape/conv2d_29/kernel/Regularizer/Mul_1,2,30.721,15.3605,30.721,15.3605,0.00033254677539769573,0.9103288989469465,0.0,0.0
305,Device,Relu,model/activation_21/Relu,2,30.721,15.3605,30.721,15.3605,0.00033254677539769573,0.9106614457223442,0.0,0.0
306,Device,AddN,SGD/gradients/AddN_41,2,30.72,15.36,30.72,15.36,0.0003325359506597185,0.9109939816730039,0.0,0.0
307,Device,AddN,SGD/gradients/AddN_42,2,30.72,15.36,30.72,15.36,0.0003325359506597185,0.9113265176236637,0.0,0.0
308,Device,Square,conv2d_49/kernel/Regularizer/Square,2,30.72,15.36,30.72,15.36,0.0003325359506597185,0.9116590535743234,0.0,0.0
309,Device,Mul,gradient_tape/conv2d_27/kernel/Regularizer/Mul_1,2,30.72,15.36,30.72,15.36,0.0003325359506597185,0.9119915895249832,0.0,0.0
310,Device,Mul,gradient_tape/conv2d_32/kernel/Regularizer/Mul_1,2,30.72,15.36,30.72,15.36,0.0003325359506597185,0.9123241254756429,0.0,0.0
311,Device,Mul,gradient_tape/conv2d_35/kernel/Regularizer/Mul_1,2,30.72,15.36,30.72,15.36,0.0003325359506597185,0.9126566614263026,0.0,0.0
312,Device,Mul,gradient_tape/conv2d_38/kernel/Regularizer/Mul_1,2,30.72,15.36,30.72,15.36,0.0003325359506597185,0.9129891973769624,0.0,0.0
313,Device,FusedBatchNormGradV3,gradient_tape/model/batch_normalization_7/FusedBatchNormGradV3,2,30.72,15.36,30.72,15.36,0.0003325359506597185,0.9133217333276221,0.0,0.0
314,Device,Mul,gradient_tape/conv2d_43/kernel/Regularizer/Mul_1,2,29.696,14.848,29.696,14.848,0.00032145141897106124,0.9136431847465932,0.0,0.0
315,Device,FusedBatchNormGradV3,gradient_tape/model/batch_normalization_4/FusedBatchNormGradV3,2,29.696,14.848,29.696,14.848,0.00032145141897106124,0.9139646361655643,0.0,0.0
316,Device,FusedBatchNormGradV3,gradient_tape/model/batch_normalization_8/FusedBatchNormGradV3,2,29.696,14.848,29.696,14.848,0.00032145141897106124,0.9142860875845354,0.0,0.0
317,Device,ResourceApplyGradientDescent,SGD/SGD/update_166/ResourceApplyGradientDescent,2,28.672,14.336,28.672,14.336,0.000310366887282404,0.9145964544718178,0.0,0.0
318,Device,Sum,conv2d_45/kernel/Regularizer/Sum,2,28.672,14.336,28.672,14.336,0.000310366887282404,0.9149068213591002,0.0,0.0
319,Device,Sum,conv2d_52/kernel/Regularizer/Sum,2,28.672,14.336,28.672,14.336,0.000310366887282404,0.9152171882463825,0.0,0.0
320,Device,ReluGrad,gradient_tape/model/activation_39/ReluGrad,2,28.672,14.336,28.672,14.336,0.000310366887282404,0.9155275551336649,0.0,0.0
321,Device,FusedBatchNormGradV3,gradient_tape/model/batch_normalization_1/FusedBatchNormGradV3,2,28.672,14.336,28.672,14.336,0.000310366887282404,0.9158379220209473,0.0,0.0
322,Device,FusedBatchNormGradV3,gradient_tape/model/batch_normalization_2/FusedBatchNormGradV3,2,28.672,14.336,28.672,14.336,0.000310366887282404,0.9161482889082296,0.0,0.0
323,Device,FusedBatchNormGradV3,gradient_tape/model/batch_normalization_5/FusedBatchNormGradV3,2,28.672,14.336,28.672,14.336,0.000310366887282404,0.916458655795512,0.0,0.0
324,Device,FusedBatchNormV3,model/batch_normalization_1/FusedBatchNormV3,4,28.672,7.168,28.672,7.168,0.000310366887282404,0.9167690226827944,0.0,0.0
325,Device,FusedBatchNormV3,model/batch_normalization_44/FusedBatchNormV3,4,28.672,7.168,28.672,7.168,0.000310366887282404,0.9170793895700767,0.0,0.0
326,Device,Sum,conv2d_50/kernel/Regularizer/Sum,2,27.648,13.824,27.648,13.824,0.00029928235559374667,0.9173786719256705,0.0,0.0
327,Device,Sum,conv2d_47/kernel/Regularizer/Sum,2,26.624,13.312,26.624,13.312,0.00028819782390508935,0.9176668697495756,0.0,0.0
328,Device,FusedBatchNormV3,model/batch_normalization_43/FusedBatchNormV3,4,26.624,6.656,26.624,6.656,0.00028819782390508935,0.9179550675734807,0.0,0.0
329,Device,FusedBatchNormV3,model/batch_normalization_47/FusedBatchNormV3,4,26.624,6.656,26.624,6.656,0.00028819782390508935,0.9182432653973858,0.0,0.0
330,Device,FusedBatchNormV3,model/batch_normalization_41/FusedBatchNormV3,4,25.601,6.40025,25.601,6.40025,0.0002771241169544093,0.9185203895143402,0.0,0.0
331,Device,Transpose,gradient_tape/model/conv2d/Conv2D/Conv2DBackpropFilter-0-TransposeNHWCToNCHW-LayoutOptimizer,2,25.6,12.8,25.6,12.8,0.0002771132922164321,0.9187975028065567,0.0,0.0
332,Device,BiasAddGrad,gradient_tape/model/conv2d_50/BiasAdd/BiasAddGrad,2,25.6,12.8,25.6,12.8,0.0002771132922164321,0.9190746160987732,0.0,0.0
333,Device,FusedBatchNormV3,model/batch_normalization_40/FusedBatchNormV3,4,25.6,6.4,25.6,6.4,0.0002771132922164321,0.9193517293909896,0.0,0.0
334,Device,FusedBatchNormV3,model/batch_normalization_46/FusedBatchNormV3,4,25.6,6.4,25.6,6.4,0.0002771132922164321,0.9196288426832061,0.0,0.0
335,Device,BiasAdd,model/conv2d_1/BiasAdd,2,25.6,12.8,25.6,12.8,0.0002771132922164321,0.9199059559754226,0.0,0.0
336,Device,BiasAddGrad,gradient_tape/model/conv2d_44/BiasAdd/BiasAddGrad,2,24.577,12.2885,24.577,12.2885,0.000266039585265752,0.9201719955606883,0.0,0.0
337,Device,BiasAddGrad,gradient_tape/model/conv2d_47/BiasAdd/BiasAddGrad,2,24.577,12.2885,24.577,12.2885,0.000266039585265752,0.920438035145954,0.0,0.0
338,Device,ResourceApplyGradientDescent,SGD/SGD/update_100/ResourceApplyGradientDescent,2,24.576,12.288,24.576,12.288,0.00026602876052777484,0.9207040639064817,0.0,0.0
339,Device,Square,conv2d_38/kernel/Regularizer/Square,2,24.576,12.288,24.576,12.288,0.00026602876052777484,0.9209700926670095,0.0,0.0
340,Device,FusedBatchNormGradV3,gradient_tape/model/batch_normalization_40/FusedBatchNormGradV3,2,24.576,12.288,24.576,12.288,0.00026602876052777484,0.9212361214275372,0.0,0.0
341,Device,FusedBatchNormGradV3,gradient_tape/model/batch_normalization_41/FusedBatchNormGradV3,2,24.576,12.288,24.576,12.288,0.00026602876052777484,0.9215021501880649,0.0,0.0
342,Device,FusedBatchNormGradV3,gradient_tape/model/batch_normalization_44/FusedBatchNormGradV3,2,24.576,12.288,24.576,12.288,0.00026602876052777484,0.9217681789485926,0.0,0.0
343,Device,FusedBatchNormGradV3,gradient_tape/model/batch_normalization_46/FusedBatchNormGradV3,2,24.576,12.288,24.576,12.288,0.00026602876052777484,0.9220342077091204,0.0,0.0
344,Device,FusedBatchNormGradV3,gradient_tape/model/batch_normalization_47/FusedBatchNormGradV3,2,24.576,12.288,24.576,12.288,0.00026602876052777484,0.9223002364696481,0.0,0.0
345,Device,BiasAddGrad,gradient_tape/model/conv2d_48/BiasAdd/BiasAddGrad,2,24.576,12.288,24.576,12.288,0.00026602876052777484,0.9225662652301758,0.0,0.0
346,Device,BiasAddGrad,gradient_tape/model/conv2d_51/BiasAdd/BiasAddGrad,2,24.576,12.288,24.576,12.288,0.00026602876052777484,0.9228322939907035,0.0,0.0
347,Device,Sum,conv2d_25/kernel/Regularizer/Sum,2,23.552,11.776,23.552,11.776,0.0002549442288391175,0.9230872382195426,0.0,0.0
348,Device,Sum,conv2d_27/kernel/Regularizer/Sum,2,23.552,11.776,23.552,11.776,0.0002549442288391175,0.9233421824483817,0.0,0.0
349,Device,FusedBatchNormGradV3,gradient_tape/model/batch_normalization_43/FusedBatchNormGradV3,2,23.552,11.776,23.552,11.776,0.0002549442288391175,0.9235971266772208,0.0,0.0
350,Device,MatMul,model/dense/MatMul,2,23.552,11.776,23.552,11.776,0.0002549442288391175,0.9238520709060599,0.0,0.0
351,Device,ResourceApplyGradientDescent,SGD/SGD/update_158/ResourceApplyGradientDescent,2,22.528,11.264,22.528,11.264,0.00024385969715046024,0.9240959306032104,0.0,0.0
352,Device,Sum,conv2d_28/kernel/Regularizer/Sum,2,22.528,11.264,22.528,11.264,0.00024385969715046024,0.9243397903003608,0.0,0.0
353,Device,Square,conv2d_29/kernel/Regularizer/Square,2,22.528,11.264,22.528,11.264,0.00024385969715046024,0.9245836499975113,0.0,0.0
354,Device,Sum,conv2d_29/kernel/Regularizer/Sum,2,22.528,11.264,22.528,11.264,0.00024385969715046024,0.9248275096946618,0.0,0.0
355,Device,Square,conv2d_32/kernel/Regularizer/Square,2,22.528,11.264,22.528,11.264,0.00024385969715046024,0.9250713693918122,0.0,0.0
356,Device,Square,conv2d_35/kernel/Regularizer/Square,2,22.528,11.264,22.528,11.264,0.00024385969715046024,0.9253152290889627,0.0,0.0
357,Device,BiasAddGrad,gradient_tape/model/conv2d_43/BiasAdd/BiasAddGrad,2,22.528,11.264,22.528,11.264,0.00024385969715046024,0.9255590887861131,0.0,0.0
358,Device,AddN,SGD/gradients/AddN_15,2,21.505,10.7525,21.505,10.7525,0.00023278599019978016,0.925791874776313,0.0,0.0
359,Device,ResourceApplyGradientDescent,SGD/SGD/update_110/ResourceApplyGradientDescent,2,21.504,10.752,21.504,10.752,0.00023277516546180298,0.9260246499417748,0.0,0.0
360,Device,ResourceApplyGradientDescent,SGD/SGD/update_122/ResourceApplyGradientDescent,2,21.504,10.752,21.504,10.752,0.00023277516546180298,0.9262574251072366,0.0,0.0
361,Device,ResourceApplyGradientDescent,SGD/SGD/update_134/ResourceApplyGradientDescent,2,21.504,10.752,21.504,10.752,0.00023277516546180298,0.9264902002726985,0.0,0.0
362,Device,ResourceApplyGradientDescent,SGD/SGD/update_146/ResourceApplyGradientDescent,2,21.504,10.752,21.504,10.752,0.00023277516546180298,0.9267229754381603,0.0,0.0
363,Device,ResourceApplyGradientDescent,SGD/SGD/update_96/ResourceApplyGradientDescent,2,21.504,10.752,21.504,10.752,0.00023277516546180298,0.9269557506036221,0.0,0.0
364,Device,Sum,conv2d_35/kernel/Regularizer/Sum,2,21.504,10.752,21.504,10.752,0.00023277516546180298,0.927188525769084,0.0,0.0
365,Device,Sum,conv2d_36/kernel/Regularizer/Sum,2,21.504,10.752,21.504,10.752,0.00023277516546180298,0.9274213009345458,0.0,0.0
366,Device,Mul,gradient_tape/conv2d_25/kernel/Regularizer/Mul,2,21.504,10.752,21.504,10.752,0.00023277516546180298,0.9276540761000076,0.0,0.0
367,Device,AddN,SGD/gradients/AddN_5,2,20.481,10.2405,20.481,10.2405,0.0002217014585111229,0.9278757775585187,0.0,0.0
368,Device,Sum,conv2d_42/kernel/Regularizer/Sum,2,20.481,10.2405,20.481,10.2405,0.0002217014585111229,0.9280974790170298,0.0,0.0
369,Device,FusedBatchNormV3,model/batch_normalization_23/FusedBatchNormV3,4,20.481,5.12025,20.481,5.12025,0.0002217014585111229,0.9283191804755409,0.0,0.0
370,Device,FusedBatchNormV3,model/batch_normalization_31/FusedBatchNormV3,4,20.481,5.12025,20.481,5.12025,0.0002217014585111229,0.9285408819340519,0.0,0.0
371,Device,AddN,SGD/gradients/AddN_3,2,20.48,10.24,20.48,10.24,0.0002216906337731457,0.9287625725678251,0.0,0.0
372,Device,AddN,SGD/gradients/AddN_6,2,20.48,10.24,20.48,10.24,0.0002216906337731457,0.9289842632015983,0.0,0.0
373,Device,Square,conv2d_25/kernel/Regularizer/Square,2,20.48,10.24,20.48,10.24,0.0002216906337731457,0.9292059538353715,0.0,0.0
374,Device,Square,conv2d_27/kernel/Regularizer/Square,2,20.48,10.24,20.48,10.24,0.0002216906337731457,0.9294276444691447,0.0,0.0
375,Device,Sum,conv2d_37/kernel/Regularizer/Sum,2,20.48,10.24,20.48,10.24,0.0002216906337731457,0.9296493351029179,0.0,0.0
376,Device,Square,conv2d_41/kernel/Regularizer/Square,2,20.48,10.24,20.48,10.24,0.0002216906337731457,0.9298710257366911,0.0,0.0
377,Device,Sum,conv2d_41/kernel/Regularizer/Sum,2,20.48,10.24,20.48,10.24,0.0002216906337731457,0.9300927163704643,0.0,0.0
378,Device,Square,conv2d_43/kernel/Regularizer/Square,2,20.48,10.24,20.48,10.24,0.0002216906337731457,0.9303144070042375,0.0,0.0
379,Device,Tile,gradient_tape/conv2d_25/kernel/Regularizer/Tile,2,20.48,10.24,20.48,10.24,0.0002216906337731457,0.9305360976380107,0.0,0.0
380,Device,Mul,gradient_tape/conv2d_27/kernel/Regularizer/Mul,2,20.48,10.24,20.48,10.24,0.0002216906337731457,0.9307577882717839,0.0,0.0
381,Device,Tile,gradient_tape/conv2d_27/kernel/Regularizer/Tile,2,20.48,10.24,20.48,10.24,0.0002216906337731457,0.9309794789055571,0.0,0.0
382,Device,Mul,gradient_tape/conv2d_43/kernel/Regularizer/Mul,2,20.48,10.24,20.48,10.24,0.0002216906337731457,0.9312011695393303,0.0,0.0
383,Device,Tile,gradient_tape/conv2d_43/kernel/Regularizer/Tile,2,20.48,10.24,20.48,10.24,0.0002216906337731457,0.9314228601731035,0.0,0.0
384,Device,FusedBatchNormGradV3,gradient_tape/model/batch_normalization_22/FusedBatchNormGradV3,2,20.48,10.24,20.48,10.24,0.0002216906337731457,0.9316445508068767,0.0,0.0
385,Device,FusedBatchNormGradV3,gradient_tape/model/batch_normalization_25/FusedBatchNormGradV3,2,20.48,10.24,20.48,10.24,0.0002216906337731457,0.9318662414406499,0.0,0.0
386,Device,FusedBatchNormGradV3,gradient_tape/model/batch_normalization_29/FusedBatchNormGradV3,2,20.48,10.24,20.48,10.24,0.0002216906337731457,0.9320879320744231,0.0,0.0
387,Device,FusedBatchNormV3,model/batch_normalization_22/FusedBatchNormV3,4,20.48,5.12,20.48,5.12,0.0002216906337731457,0.9323096227081963,0.0,0.0
388,Device,FusedBatchNormV3,model/batch_normalization_25/FusedBatchNormV3,4,20.48,5.12,20.48,5.12,0.0002216906337731457,0.9325313133419695,0.0,0.0
389,Device,FusedBatchNormV3,model/batch_normalization_29/FusedBatchNormV3,4,20.48,5.12,20.48,5.12,0.0002216906337731457,0.9327530039757427,0.0,0.0
390,Device,FusedBatchNormV3,model/batch_normalization_38/FusedBatchNormV3,4,20.48,5.12,20.48,5.12,0.0002216906337731457,0.9329746946095159,0.0,0.0
391,Device,BiasAddGrad,gradient_tape/model/conv2d_25/BiasAdd/BiasAddGrad,2,19.457,9.7285,19.457,9.7285,0.00021061692682246562,0.9331853115363383,0.0,0.0
392,Device,FusedBatchNormV3,model/batch_normalization_4/FusedBatchNormV3,4,19.457,4.86425,19.457,4.86425,0.00021061692682246562,0.9333959284631608,0.0,0.0
393,Device,AddN,SGD/gradients/AddN_4,2,19.456,9.728,19.456,9.728,0.0002106061020844884,0.9336065345652452,0.0,0.0
394,Device,AddN,SGD/gradients/AddN_7,2,19.456,9.728,19.456,9.728,0.0002106061020844884,0.9338171406673297,0.0,0.0
395,Device,Sum,conv2d_26/kernel/Regularizer/Sum,2,19.456,9.728,19.456,9.728,0.0002106061020844884,0.9340277467694141,0.0,0.0
396,Device,Sum,conv2d_30/kernel/Regularizer/Sum,2,19.456,9.728,19.456,9.728,0.0002106061020844884,0.9342383528714986,0.0,0.0
397,Device,Sum,conv2d_31/kernel/Regularizer/Sum,2,19.456,9.728,19.456,9.728,0.0002106061020844884,0.934448958973583,0.0,0.0
398,Device,Sum,conv2d_32/kernel/Regularizer/Sum,2,19.456,9.728,19.456,9.728,0.0002106061020844884,0.9346595650756675,0.0,0.0
399,Device,Sum,conv2d_33/kernel/Regularizer/Sum,2,19.456,9.728,19.456,9.728,0.0002106061020844884,0.934870171177752,0.0,0.0
400,Device,Sum,conv2d_34/kernel/Regularizer/Sum,2,19.456,9.728,19.456,9.728,0.0002106061020844884,0.9350807772798364,0.0,0.0
401,Device,Sum,conv2d_39/kernel/Regularizer/Sum,2,19.456,9.728,19.456,9.728,0.0002106061020844884,0.9352913833819209,0.0,0.0
402,Device,Sum,conv2d_40/kernel/Regularizer/Sum,2,19.456,9.728,19.456,9.728,0.0002106061020844884,0.9355019894840053,0.0,0.0
403,Device,Sum,conv2d_43/kernel/Regularizer/Sum,2,19.456,9.728,19.456,9.728,0.0002106061020844884,0.9357125955860898,0.0,0.0
404,Device,ReluGrad,gradient_tape/model/activation_24/ReluGrad,2,19.456,9.728,19.456,9.728,0.0002106061020844884,0.9359232016881742,0.0,0.0
405,Device,ReluGrad,gradient_tape/model/activation_27/ReluGrad,2,19.456,9.728,19.456,9.728,0.0002106061020844884,0.9361338077902587,0.0,0.0
406,Device,FusedBatchNormGradV3,gradient_tape/model/batch_normalization_23/FusedBatchNormGradV3,2,19.456,9.728,19.456,9.728,0.0002106061020844884,0.9363444138923431,0.0,0.0
407,Device,FusedBatchNormGradV3,gradient_tape/model/batch_normalization_28/FusedBatchNormGradV3,2,19.456,9.728,19.456,9.728,0.0002106061020844884,0.9365550199944276,0.0,0.0
408,Device,FusedBatchNormGradV3,gradient_tape/model/batch_normalization_31/FusedBatchNormGradV3,2,19.456,9.728,19.456,9.728,0.0002106061020844884,0.936765626096512,0.0,0.0
409,Device,FusedBatchNormGradV3,gradient_tape/model/batch_normalization_35/FusedBatchNormGradV3,2,19.456,9.728,19.456,9.728,0.0002106061020844884,0.9369762321985965,0.0,0.0
410,Device,FusedBatchNormGradV3,gradient_tape/model/batch_normalization_37/FusedBatchNormGradV3,2,19.456,9.728,19.456,9.728,0.0002106061020844884,0.937186838300681,0.0,0.0
411,Device,BiasAddGrad,gradient_tape/model/conv2d_29/BiasAdd/BiasAddGrad,2,19.456,9.728,19.456,9.728,0.0002106061020844884,0.9373974444027654,0.0,0.0
412,Device,FusedBatchNormV3,model/batch_normalization_32/FusedBatchNormV3,4,19.456,4.864,19.456,4.864,0.0002106061020844884,0.9376080505048499,0.0,0.0
413,Device,FusedBatchNormV3,model/batch_normalization_34/FusedBatchNormV3,4,19.456,4.864,19.456,4.864,0.0002106061020844884,0.9378186566069343,0.0,0.0
414,Device,FusedBatchNormV3,model/batch_normalization_35/FusedBatchNormV3,4,19.456,4.864,19.456,4.864,0.0002106061020844884,0.9380292627090188,0.0,0.0
415,Device,FusedBatchNormV3,model/batch_normalization_37/FusedBatchNormV3,4,19.456,4.864,19.456,4.864,0.0002106061020844884,0.9382398688111032,0.0,0.0
416,Device,FusedBatchNormV3,model/batch_normalization_5/FusedBatchNormV3,4,19.456,4.864,19.456,4.864,0.0002106061020844884,0.9384504749131877,0.0,0.0
417,Device,ReluGrad,gradient_tape/model/activation_7/ReluGrad,2,18.433,9.2165,18.433,9.2165,0.0001995323951338083,0.9386500073083215,0.0,0.0
418,Device,Softmax,model/dense/Softmax,2,18.433,9.2165,18.433,9.2165,0.0001995323951338083,0.9388495397034553,0.0,0.0
419,Device,AddN,SGD/gradients/AddN_55,2,18.432,9.216,18.432,9.216,0.0001995215703958311,0.9390490612738511,0.0,0.0
420,Device,Sum,conv2d_38/kernel/Regularizer/Sum,2,18.432,9.216,18.432,9.216,0.0001995215703958311,0.939248582844247,0.0,0.0
421,Device,Mul,gradient_tape/conv2d_26/kernel/Regularizer/Mul_1,2,18.432,9.216,18.432,9.216,0.0001995215703958311,0.9394481044146428,0.0,0.0
422,Device,Mul,gradient_tape/conv2d_28/kernel/Regularizer/Mul_1,2,18.432,9.216,18.432,9.216,0.0001995215703958311,0.9396476259850386,0.0,0.0
423,Device,ReluGrad,gradient_tape/model/activation_30/ReluGrad,2,18.432,9.216,18.432,9.216,0.0001995215703958311,0.9398471475554344,0.0,0.0
424,Device,ReluGrad,gradient_tape/model/activation_33/ReluGrad,2,18.432,9.216,18.432,9.216,0.0001995215703958311,0.9400466691258302,0.0,0.0
425,Device,ReluGrad,gradient_tape/model/activation_36/ReluGrad,2,18.432,9.216,18.432,9.216,0.0001995215703958311,0.9402461906962261,0.0,0.0
426,Device,ReluGrad,gradient_tape/model/activation_4/ReluGrad,2,18.432,9.216,18.432,9.216,0.0001995215703958311,0.9404457122666219,0.0,0.0
427,Device,FusedBatchNormGradV3,gradient_tape/model/batch_normalization_10/FusedBatchNormGradV3,2,18.432,9.216,18.432,9.216,0.0001995215703958311,0.9406452338370177,0.0,0.0
428,Device,FusedBatchNormGradV3,gradient_tape/model/batch_normalization_17/FusedBatchNormGradV3,2,18.432,9.216,18.432,9.216,0.0001995215703958311,0.9408447554074135,0.0,0.0
429,Device,FusedBatchNormGradV3,gradient_tape/model/batch_normalization_26/FusedBatchNormGradV3,2,18.432,9.216,18.432,9.216,0.0001995215703958311,0.9410442769778093,0.0,0.0
430,Device,FusedBatchNormGradV3,gradient_tape/model/batch_normalization_32/FusedBatchNormGradV3,2,18.432,9.216,18.432,9.216,0.0001995215703958311,0.9412437985482052,0.0,0.0
431,Device,FusedBatchNormGradV3,gradient_tape/model/batch_normalization_34/FusedBatchNormGradV3,2,18.432,9.216,18.432,9.216,0.0001995215703958311,0.941443320118601,0.0,0.0
432,Device,BiasAddGrad,gradient_tape/model/conv2d_32/BiasAdd/BiasAddGrad,2,18.432,9.216,18.432,9.216,0.0001995215703958311,0.9416428416889968,0.0,0.0
433,Device,BiasAddGrad,gradient_tape/model/conv2d_35/BiasAdd/BiasAddGrad,2,18.432,9.216,18.432,9.216,0.0001995215703958311,0.9418423632593926,0.0,0.0
434,Device,BiasAddGrad,gradient_tape/model/conv2d_38/BiasAdd/BiasAddGrad,2,18.432,9.216,18.432,9.216,0.0001995215703958311,0.9420418848297885,0.0,0.0
435,Device,BiasAddGrad,gradient_tape/model/conv2d_41/BiasAdd/BiasAddGrad,2,18.432,9.216,18.432,9.216,0.0001995215703958311,0.9422414064001843,0.0,0.0
436,Device,BiasAddGrad,gradient_tape/model/conv2d_5/BiasAdd/BiasAddGrad,2,18.432,9.216,18.432,9.216,0.0001995215703958311,0.9424409279705801,0.0,0.0
437,Device,FusedBatchNormV3,model/batch_normalization_2/FusedBatchNormV3,4,18.432,4.608,18.432,4.608,0.0001995215703958311,0.9426404495409759,0.0,0.0
438,Device,FusedBatchNormV3,model/batch_normalization_26/FusedBatchNormV3,4,18.432,4.608,18.432,4.608,0.0001995215703958311,0.9428399711113717,0.0,0.0
439,Device,FusedBatchNormV3,model/batch_normalization_28/FusedBatchNormV3,4,18.432,4.608,18.432,4.608,0.0001995215703958311,0.9430394926817676,0.0,0.0
440,Device,FusedBatchNormV3,model/batch_normalization_7/FusedBatchNormV3,4,18.432,4.608,18.432,4.608,0.0001995215703958311,0.9432390142521634,0.0,0.0
441,Device,FusedBatchNormGradV3,gradient_tape/model/batch_normalization_16/FusedBatchNormGradV3,2,17.409,8.7045,17.409,8.7045,0.00018844786344515102,0.9434274621156086,0.0,0.0
442,Device,AddN,SGD/gradients/AddN_43,2,17.408,8.704,17.408,8.704,0.00018843703870717384,0.9436158991543158,0.0,0.0
443,Device,AddN,SGD/gradients/AddN_46,2,17.408,8.704,17.408,8.704,0.00018843703870717384,0.943804336193023,0.0,0.0
444,Device,AddN,SGD/gradients/AddN_52,2,17.408,8.704,17.408,8.704,0.00018843703870717384,0.9439927732317301,0.0,0.0
445,Device,AddN,SGD/gradients/AddN_58,2,17.408,8.704,17.408,8.704,0.00018843703870717384,0.9441812102704373,0.0,0.0
446,Device,Sum,conv2d_12/kernel/Regularizer/Sum,2,17.408,8.704,17.408,8.704,0.00018843703870717384,0.9443696473091445,0.0,0.0
447,Device,Sum,conv2d_14/kernel/Regularizer/Sum,2,17.408,8.704,17.408,8.704,0.00018843703870717384,0.9445580843478517,0.0,0.0
448,Device,ReluGrad,gradient_tape/model/activation_45/ReluGrad,2,17.408,8.704,17.408,8.704,0.00018843703870717384,0.9447465213865589,0.0,0.0
449,Device,FusedBatchNormGradV3,gradient_tape/model/batch_normalization_38/FusedBatchNormGradV3,2,17.408,8.704,17.408,8.704,0.00018843703870717384,0.9449349584252661,0.0,0.0
450,Device,BiasAddGrad,gradient_tape/model/conv2d_16/BiasAdd/BiasAddGrad,2,17.408,8.704,17.408,8.704,0.00018843703870717384,0.9451233954639733,0.0,0.0
451,Device,Relu,model/activation_15/Relu,2,17.408,8.704,17.408,8.704,0.00018843703870717384,0.9453118325026805,0.0,0.0
452,Device,Relu,model/activation_18/Relu,2,17.408,8.704,17.408,8.704,0.00018843703870717384,0.9455002695413877,0.0,0.0
453,Device,FusedBatchNormV3,model/batch_normalization_16/FusedBatchNormV3,4,17.408,4.352,17.408,4.352,0.00018843703870717384,0.9456887065800949,0.0,0.0
454,Device,FusedBatchNormV3,model/batch_normalization_20/FusedBatchNormV3,4,17.408,4.352,17.408,4.352,0.00018843703870717384,0.945877143618802,0.0,0.0
455,Device,FusedBatchNormV3,model/batch_normalization_8/FusedBatchNormV3,4,17.408,4.352,17.408,4.352,0.00018843703870717384,0.9460655806575092,0.0,0.0
456,Device,Sum,conv2d_21/kernel/Regularizer/Sum,2,16.385,8.1925,16.385,8.1925,0.00017736333175649377,0.9462429439892657,0.0,0.0
457,Device,AddN,SGD/gradients/AddN_2,2,16.384,8.192,16.384,8.192,0.00017735250701851656,0.9464202964962842,0.0,0.0
458,Device,AddN,SGD/gradients/AddN_49,2,16.384,8.192,16.384,8.192,0.00017735250701851656,0.9465976490033028,0.0,0.0
459,Device,Sum,conv2d_16/kernel/Regularizer/Sum,2,16.384,8.192,16.384,8.192,0.00017735250701851656,0.9467750015103213,0.0,0.0
460,Device,ReluGrad,gradient_tape/model/activation_11/ReluGrad,2,16.384,8.192,16.384,8.192,0.00017735250701851656,0.9469523540173399,0.0,0.0
461,Device,ReluGrad,gradient_tape/model/activation_42/ReluGrad,2,16.384,8.192,16.384,8.192,0.00017735250701851656,0.9471297065243585,0.0,0.0
462,Device,FusedBatchNormGradV3,gradient_tape/model/batch_normalization_11/FusedBatchNormGradV3,2,16.384,8.192,16.384,8.192,0.00017735250701851656,0.947307059031377,0.0,0.0
463,Device,FusedBatchNormGradV3,gradient_tape/model/batch_normalization_13/FusedBatchNormGradV3,2,16.384,8.192,16.384,8.192,0.00017735250701851656,0.9474844115383956,0.0,0.0
464,Device,FusedBatchNormGradV3,gradient_tape/model/batch_normalization_19/FusedBatchNormGradV3,2,16.384,8.192,16.384,8.192,0.00017735250701851656,0.9476617640454141,0.0,0.0
465,Device,BiasAddGrad,gradient_tape/model/conv2d_12/BiasAdd/BiasAddGrad,2,16.384,8.192,16.384,8.192,0.00017735250701851656,0.9478391165524327,0.0,0.0
466,Device,BiasAddGrad,gradient_tape/model/conv2d_15/BiasAdd/BiasAddGrad,2,16.384,8.192,16.384,8.192,0.00017735250701851656,0.9480164690594512,0.0,0.0
467,Device,BiasAddGrad,gradient_tape/model/conv2d_18/BiasAdd/BiasAddGrad,2,16.384,8.192,16.384,8.192,0.00017735250701851656,0.9481938215664698,0.0,0.0
468,Device,BiasAddGrad,gradient_tape/model/conv2d_19/BiasAdd/BiasAddGrad,2,16.384,8.192,16.384,8.192,0.00017735250701851656,0.9483711740734884,0.0,0.0
469,Device,BiasAddGrad,gradient_tape/model/conv2d_22/BiasAdd/BiasAddGrad,2,16.384,8.192,16.384,8.192,0.00017735250701851656,0.9485485265805069,0.0,0.0
470,Device,BiasAddGrad,gradient_tape/model/conv2d_24/BiasAdd/BiasAddGrad,2,16.384,8.192,16.384,8.192,0.00017735250701851656,0.9487258790875255,0.0,0.0
471,Device,BiasAddGrad,gradient_tape/model/conv2d_28/BiasAdd/BiasAddGrad,2,16.384,8.192,16.384,8.192,0.00017735250701851656,0.948903231594544,0.0,0.0
472,Device,BiasAddGrad,gradient_tape/model/conv2d_34/BiasAdd/BiasAddGrad,2,16.384,8.192,16.384,8.192,0.00017735250701851656,0.9490805841015626,0.0,0.0
473,Device,BiasAddGrad,gradient_tape/model/conv2d_37/BiasAdd/BiasAddGrad,2,16.384,8.192,16.384,8.192,0.00017735250701851656,0.9492579366085812,0.0,0.0
474,Device,BiasAddGrad,gradient_tape/model/conv2d_8/BiasAdd/BiasAddGrad,2,16.384,8.192,16.384,8.192,0.00017735250701851656,0.9494352891155997,0.0,0.0
475,Device,MatMul,gradient_tape/model/dense/MatMul/MatMul_1,2,16.384,8.192,16.384,8.192,0.00017735250701851656,0.9496126416226183,0.0,0.0
476,Device,Relu,model/activation_12/Relu,2,16.384,8.192,16.384,8.192,0.00017735250701851656,0.9497899941296368,0.0,0.0
477,Device,FusedBatchNormV3,model/batch_normalization_11/FusedBatchNormV3,4,16.384,4.096,16.384,4.096,0.00017735250701851656,0.9499673466366554,0.0,0.0
478,Device,FusedBatchNormV3,model/batch_normalization_14/FusedBatchNormV3,4,16.384,4.096,16.384,4.096,0.00017735250701851656,0.9501446991436739,0.0,0.0
479,Device,FusedBatchNormV3,model/batch_normalization_17/FusedBatchNormV3,4,16.384,4.096,16.384,4.096,0.00017735250701851656,0.9503220516506925,0.0,0.0
480,Device,ResourceApplyGradientDescent,SGD/SGD/update_102/ResourceApplyGradientDescent,2,15.36,7.68,15.36,7.68,0.00016626797532985925,0.9504883196260223,0.0,0.0
481,Device,Sum,conv2d_13/kernel/Regularizer/Sum,2,15.36,7.68,15.36,7.68,0.00016626797532985925,0.9506545876013521,0.0,0.0
482,Device,Sum,conv2d_18/kernel/Regularizer/Sum,2,15.36,7.68,15.36,7.68,0.00016626797532985925,0.950820855576682,0.0,0.0
483,Device,Sum,conv2d_23/kernel/Regularizer/Sum,2,15.36,7.68,15.36,7.68,0.00016626797532985925,0.9509871235520118,0.0,0.0
484,Device,Sum,conv2d_24/kernel/Regularizer/Sum,2,15.36,7.68,15.36,7.68,0.00016626797532985925,0.9511533915273416,0.0,0.0
485,Device,Sum,conv2d_6/kernel/Regularizer/Sum,2,15.36,7.68,15.36,7.68,0.00016626797532985925,0.9513196595026714,0.0,0.0
486,Device,Tile,gradient_tape/conv2d_26/kernel/Regularizer/Tile,2,15.36,7.68,15.36,7.68,0.00016626797532985925,0.9514859274780012,0.0,0.0
487,Device,ReluGrad,gradient_tape/model/activation_1/ReluGrad,2,15.36,7.68,15.36,7.68,0.00016626797532985925,0.951652195453331,0.0,0.0
488,Device,FusedBatchNormGradV3,gradient_tape/model/batch_normalization_14/FusedBatchNormGradV3,2,15.36,7.68,15.36,7.68,0.00016626797532985925,0.9518184634286608,0.0,0.0
489,Device,FusedBatchNormGradV3,gradient_tape/model/batch_normalization_20/FusedBatchNormGradV3,2,15.36,7.68,15.36,7.68,0.00016626797532985925,0.9519847314039906,0.0,0.0
490,Device,BiasAddGrad,gradient_tape/model/conv2d_2/BiasAdd/BiasAddGrad,2,15.36,7.68,15.36,7.68,0.00016626797532985925,0.9521509993793205,0.0,0.0
491,Device,BiasAddGrad,gradient_tape/model/conv2d_21/BiasAdd/BiasAddGrad,2,15.36,7.68,15.36,7.68,0.00016626797532985925,0.9523172673546503,0.0,0.0
492,Device,BiasAddGrad,gradient_tape/model/conv2d_31/BiasAdd/BiasAddGrad,2,15.36,7.68,15.36,7.68,0.00016626797532985925,0.9524835353299801,0.0,0.0
493,Device,BiasAddGrad,gradient_tape/model/conv2d_40/BiasAdd/BiasAddGrad,2,15.36,7.68,15.36,7.68,0.00016626797532985925,0.9526498033053099,0.0,0.0
494,Device,BiasAddGrad,gradient_tape/model/conv2d_6/BiasAdd/BiasAddGrad,2,15.36,7.68,15.36,7.68,0.00016626797532985925,0.9528160712806397,0.0,0.0
495,Device,BiasAddGrad,gradient_tape/model/conv2d_9/BiasAdd/BiasAddGrad,2,15.36,7.68,15.36,7.68,0.00016626797532985925,0.9529823392559695,0.0,0.0
496,Device,AddV2,model/add_12/add,2,15.36,7.68,15.36,7.68,0.00016626797532985925,0.9531486072312993,0.0,0.0
497,Device,FusedBatchNormV3,model/batch_normalization_10/FusedBatchNormV3,4,15.36,3.84,15.36,3.84,0.00016626797532985925,0.9533148752066292,0.0,0.0
498,Device,BiasAdd,model/conv2d_17/BiasAdd,2,15.36,7.68,15.36,7.68,0.00016626797532985925,0.953481143181959,0.0,0.0
499,Device,BiasAdd,model/conv2d_20/BiasAdd,2,15.36,7.68,15.36,7.68,0.00016626797532985925,0.9536474111572888,0.0,0.0
500,Device,BiasAdd,model/conv2d_23/BiasAdd,2,15.36,7.68,15.36,7.68,0.00016626797532985925,0.9538136791326186,0.0,0.0
501,Host,IDLE,IDLE,0,286147.973,0.0,286147.973,0.0,0.0,0.0,0.9971242892085143,0.9971242892085143
502,Host,GatherV2,GatherV2,2,416.967,208.4835,416.967,208.4835,0.0,0.0,0.001452982242507119,0.9985772714510214
503,Host,Dataset,Iterator::Root::ParallelMapV2::Zip[1]::ForeverRepeat,2,57.43,28.715,53.3,26.65,0.0,0.0,0.00018573161311477752,0.9987630030641361
504,Host,IteratorGetNext,IteratorGetNext,2,50.681,25.3405,50.681,25.3405,0.0,0.0,0.00017660532615891258,0.998939608390295
505,Host,Dataset,Iterator::Root::ParallelMapV2,2,48.321,24.1605,48.321,24.1605,0.0,0.0,0.00016838156242625075,0.9991079899527213
506,Host,FlushSummaryWriter,FlushSummaryWriter,1,42.191,42.191,42.191,42.191,0.0,0.0,0.00014702068459522663,0.9992550106373166
507,Host,GatherV2,GatherV2_1,2,37.95,18.975,37.95,18.975,0.0,0.0,0.00013224230239598138,0.9993872529397125
508,Host,LogicalAnd,LogicalAnd,1,34.56,34.56,34.56,34.56,0.0,0.0,0.0001204293536444036,0.999507682293357
509,Host,Dataset,Iterator::Root,2,82.011,41.0055,33.69,16.845,0.0,0.0,0.0001173977119293969,0.9996250800052864
510,Host,Dataset,Iterator::Root::ParallelMapV2::Zip[0]::FlatMap[1]::Concatenate,2,54.481,27.2405,33.331,16.6655,0.0,0.0,0.00011614672414125049,0.9997412267294277
511,Host,WriteSummary,WriteSummary,1,21.411,21.411,21.411,21.411,0.0,0.0,7.460974800000942e-05,0.9998158364774277
512,Host,Dataset,Iterator::Root::ParallelMapV2::Zip[0]::FlatMap[1]::Concatenate[0]::TensorSlice,2,21.15,10.575,21.15,10.575,0.0,0.0,7.37002554855074e-05,0.9998895367329131
513,Host,Dataset,Iterator::Root::ParallelMapV2::Zip,2,125.781,62.8905,9.63,4.815,0.0,0.0,3.355713760403955e-05,0.9999230938705171
514,Host,ReadVariableOp,ReadVariableOp,1,6.6,6.6,6.6,6.6,0.0,0.0,2.299866128625763e-05,0.9999460925318034
515,Host,Dataset,Iterator::Root::ParallelMapV2::Zip[0]::FlatMap,2,58.721,29.3605,4.24,2.12,0.0,0.0,1.4774897553595813e-05,0.9999608674293571
516,Host,Dataset,Iterator::Root::ParallelMapV2::Zip[1]::ForeverRepeat::FromTensor,4,4.13,1.0325,4.13,1.0325,0.0,0.0,1.4391586532158185e-05,0.9999752590158892
517,Host,_Send,IteratorGetNext/_6,2,3.99,1.995,3.99,1.995,0.0,0.0,1.3903736141237569e-05,0.9999891627520304
518,Host,Identity,Identity,2,3.11,1.555,3.11,1.555,0.0,0.0,1.083724796973655e-05,1.0000000000000002
