Rank,Host/device,Type,Operation,#Occurrences,Total time (us),Avg. time (us),Total self-time (us),Avg. self-time (us),Total self-time on Device (%),Cumulative total-self time on Device (%),Total self-time on Host (%),Cumulative total-self time on Host (%)
1,Device,IDLE,IDLE,0,5277.79,0.0,5277.79,0.0,0.14196716705135345,0.14196716705135345,0.0,0.0
2,Device,Conv2DBackpropFilter,gradient_tape/sequential/conv2d_1/Conv2D/Conv2DBackpropFilter,2,1608.713,804.3565,1608.713,804.3565,0.043272738628987506,0.18523990568034096,0.0,0.0
3,Device,Conv2DBackpropFilter,gradient_tape/sequential/conv2d_9/Conv2D/Conv2DBackpropFilter,2,1170.438,585.219,1170.438,585.219,0.03148358821954872,0.21672349389988968,0.0,0.0
4,Device,Conv2DBackpropFilter,gradient_tape/sequential/conv2d_8/Conv2D/Conv2DBackpropFilter,2,1161.222,580.611,1161.222,580.611,0.0312356872209214,0.24795918112081108,0.0,0.0
5,Device,Conv2DBackpropFilter,gradient_tape/sequential/conv2d_3/Conv2D/Conv2DBackpropFilter,2,1021.957,510.9785,1021.957,510.9785,0.02748960078712871,0.2754487819079398,0.0,0.0
6,Device,ResourceApplyGradientDescent,SGD/SGD/update_28/ResourceApplyGradientDescent,2,839.685,419.8425,839.685,419.8425,0.022586669925388415,0.29803545183332825,0.0,0.0
7,Device,_FusedConv2D,sequential/conv2d_1/Relu,2,813.06,406.53,813.06,406.53,0.02187048458592961,0.31990593641925785,0.0,0.0
8,Device,Conv2DBackpropInput,gradient_tape/sequential/conv2d_1/Conv2D/Conv2DBackpropInput,2,804.868,402.434,804.868,402.434,0.021650128142705328,0.3415560645619632,0.0,0.0
9,Device,Conv2DBackpropFilter,gradient_tape/sequential/conv2d_10/Conv2D/Conv2DBackpropFilter,2,784.388,392.194,784.388,392.194,0.02109923703464462,0.3626553015966078,0.0,0.0
10,Device,Conv2DBackpropFilter,gradient_tape/sequential/conv2d_11/Conv2D/Conv2DBackpropFilter,2,782.34,391.17,782.34,391.17,0.02104414792383855,0.3836994495204464,0.0,0.0
11,Device,Conv2DBackpropFilter,gradient_tape/sequential/conv2d_12/Conv2D/Conv2DBackpropFilter,2,768.004,384.002,768.004,384.002,0.020658524148196057,0.40435797366864246,0.0,0.0
12,Device,_FusedConv2D,sequential/conv2d_9/Relu,2,740.356,370.178,740.356,370.178,0.0199148211523141,0.42427279482095653,0.0,0.0
13,Device,_FusedConv2D,sequential/conv2d_8/Relu,2,734.212,367.106,734.212,367.106,0.01974955381989589,0.44402234864085244,0.0,0.0
14,Device,Conv2DBackpropInput,gradient_tape/sequential/conv2d_8/Conv2D/Conv2DBackpropInput,2,704.516,352.258,704.516,352.258,0.018950761713207864,0.4629731103540603,0.0,0.0
15,Device,Conv2DBackpropInput,gradient_tape/sequential/conv2d_9/Conv2D/Conv2DBackpropInput,2,699.396,349.698,699.396,349.698,0.018813038936192687,0.481786149290253,0.0,0.0
16,Device,Conv2DBackpropFilter,gradient_tape/sequential/conv2d_2/Conv2D/Conv2DBackpropFilter,4,691.203,172.80075,691.203,172.80075,0.018592655593988518,0.5003788048842415,0.0,0.0
17,Device,Conv2DBackpropInput,gradient_tape/sequential/conv2d_3/Conv2D/Conv2DBackpropInput,2,633.859,316.9295,633.859,316.9295,0.01705016049141854,0.51742896537566,0.0,0.0
18,Device,_FusedConv2D,sequential/conv2d_3/Relu,2,632.836,316.418,632.836,316.418,0.01702264283499539,0.5344516082106554,0.0,0.0
19,Device,Conv2DBackpropFilter,gradient_tape/sequential/conv2d_5/Conv2D/Conv2DBackpropFilter,2,623.62,311.81,623.62,311.81,0.01677474183636807,0.5512263500470235,0.0,0.0
20,Device,Conv2DBackpropFilter,gradient_tape/sequential/conv2d_6/Conv2D/Conv2DBackpropFilter,2,619.523,309.7615,619.523,309.7615,0.016664536715776043,0.5678908867627995,0.0,0.0
21,Device,_FusedConv2D,sequential/conv2d_5/Relu,2,616.452,308.226,616.452,308.226,0.016581929948546823,0.5844728167113463,0.0,0.0
22,Device,_FusedConv2D,sequential/conv2d_6/Relu,2,612.355,306.1775,612.355,306.1775,0.0164717248279548,0.6009445415393011,0.0,0.0
23,Device,Conv2DBackpropInput,gradient_tape/sequential/conv2d_5/Conv2D/Conv2DBackpropInput,2,602.115,301.0575,602.115,301.0575,0.016196279273924443,0.6171408208132255,0.0,0.0
24,Device,Conv2DBackpropInput,gradient_tape/sequential/conv2d_6/Conv2D/Conv2DBackpropInput,2,601.091,300.5455,601.091,300.5455,0.01616873471852141,0.633309555531747,0.0,0.0
25,Device,_FusedConv2D,sequential/conv2d_10/Relu,4,467.97,116.9925,467.97,116.9925,0.012587915617146927,0.6458974711488938,0.0,0.0
26,Device,Conv2DBackpropFilter,gradient_tape/sequential/conv2d_7/Conv2D/Conv2DBackpropFilter,2,457.731,228.8655,457.731,228.8655,0.012312496962096459,0.6582099681109903,0.0,0.0
27,Device,_FusedConv2D,sequential/conv2d_12/Relu,4,449.539,112.38475,449.539,112.38475,0.012092140518872176,0.6703021086298625,0.0,0.0
28,Device,_FusedConv2D,sequential/conv2d_11/Relu,4,449.538,112.3845,449.538,112.3845,0.01209211361989229,0.6823942222497548,0.0,0.0
29,Device,Conv2DBackpropInput,gradient_tape/sequential/conv2d_12/Conv2D/Conv2DBackpropInput,4,438.274,109.5685,438.274,109.5685,0.011789123510458901,0.6941833457602137,0.0,0.0
30,Device,Conv2DBackpropInput,gradient_tape/sequential/conv2d_11/Conv2D/Conv2DBackpropInput,4,437.249,109.31225,437.249,109.31225,0.01176155205607598,0.7059448978162897,0.0,0.0
31,Device,Conv2DBackpropInput,gradient_tape/sequential/conv2d_10/Conv2D/Conv2DBackpropInput,4,435.202,108.8005,435.202,108.8005,0.011706489844249796,0.7176513876605395,0.0,0.0
32,Device,ReluGrad,gradient_tape/sequential/conv2d_1/ReluGrad,2,432.131,216.0655,432.131,216.0655,0.011623883077020574,0.72927527073756,0.0,0.0
33,Device,ReluGrad,gradient_tape/sequential/conv2d/ReluGrad,2,423.939,211.9695,423.939,211.9695,0.011403526633796292,0.7406787973713563,0.0,0.0
34,Device,_FusedConv2D,sequential/conv2d_7/Relu,2,420.865,210.4325,420.865,210.4325,0.011320839169627415,0.7519996365409838,0.0,0.0
35,Device,ResourceApplyGradientDescent,SGD/SGD/update_26/ResourceApplyGradientDescent,2,412.674,206.337,412.674,206.337,0.011100509625383018,0.7631001461663668,0.0,0.0
36,Device,Conv2DBackpropInput,gradient_tape/sequential/conv2d_7/Conv2D/Conv2DBackpropInput,2,400.386,200.193,400.386,200.193,0.010769974960546594,0.7738701211269133,0.0,0.0
37,Device,Conv2DBackpropFilter,gradient_tape/sequential/conv2d_4/Conv2D/Conv2DBackpropFilter,2,399.363,199.6815,399.363,199.6815,0.010742457304123444,0.7846125784310368,0.0,0.0
38,Device,Conv2DBackpropFilter,gradient_tape/sequential/conv2d/Conv2D/Conv2DBackpropFilter,2,376.834,188.417,376.834,188.417,0.01013645018627678,0.7947490286173136,0.0,0.0
39,Device,Conv2DBackpropInput,gradient_tape/sequential/conv2d_4/Conv2D/Conv2DBackpropInput,2,370.69,185.345,370.69,185.345,0.009971182853858567,0.8047202114711721,0.0,0.0
40,Device,_FusedConv2D,sequential/conv2d_2/Relu,2,367.618,183.809,367.618,183.809,0.009888549187649462,0.8146087606588216,0.0,0.0
41,Device,_FusedConv2D,sequential/conv2d_4/Relu,2,355.33,177.665,355.33,177.665,0.009558014522813038,0.8241667751816346,0.0,0.0
42,Device,Conv2DBackpropInput,gradient_tape/sequential/conv2d_2/Conv2D/Conv2DBackpropInput,2,353.282,176.641,353.282,176.641,0.009502925412006967,0.8336697005936415,0.0,0.0
43,Device,MatMul,gradient_tape/sequential/dense_1/MatMul/MatMul,2,335.873,167.9365,335.873,167.9365,0.00903464107117548,0.842704341664817,0.0,0.0
44,Device,MaxPoolGrad,gradient_tape/sequential/max_pooling2d/MaxPool/MaxPoolGrad,2,325.633,162.8165,325.633,162.8165,0.008759195517145126,0.8514635371819621,0.0,0.0
45,Device,MatMul,gradient_tape/sequential/dense_1/MatMul/MatMul_1,2,316.417,158.2085,316.417,158.2085,0.008511294518517808,0.85997483170048,0.0,0.0
46,Device,MatMul,sequential/dense_1/MatMul,2,302.082,151.041,302.082,151.041,0.0081256976418552,0.8681005293423352,0.0,0.0
47,Device,_Send,IteratorGetNext/_1,2,244.29,122.145,244.29,122.145,0.006571151796296392,0.8746716811386316,0.0,0.0
48,Device,_FusedConv2D,sequential/conv2d/Relu,2,233.473,116.7365,233.473,116.7365,0.006280185530871946,0.8809518666695035,0.0,0.0
49,Device,ReluGrad,gradient_tape/sequential/conv2d_3/ReluGrad,2,215.041,107.5205,215.041,107.5205,0.005784383533617309,0.8867362502031209,0.0,0.0
50,Device,ReluGrad,gradient_tape/sequential/conv2d_2/ReluGrad,2,200.705,100.3525,200.705,100.3525,0.005398759757974814,0.8921350099610956,0.0,0.0
51,Device,MatMul,gradient_tape/sequential/dense/MatMul/MatMul,2,175.105,87.5525,175.105,87.5525,0.00471014587289893,0.8968451558339946,0.0,0.0
52,Device,MatMul,sequential/dense/MatMul,2,174.08,87.04,174.08,87.04,0.00468257441851601,0.9015277302525107,0.0,0.0
53,Device,MaxPool,sequential/max_pooling2d/MaxPool,2,172.032,86.016,172.032,86.016,0.004627485307709939,0.9061552155602206,0.0,0.0
54,Device,MatMul,gradient_tape/sequential/dense/MatMul/MatMul_1,2,163.841,81.9205,163.841,81.9205,0.004407155763465542,0.9105623713236861,0.0,0.0
55,Device,MaxPoolGrad,gradient_tape/sequential/max_pooling2d_1/MaxPool/MaxPoolGrad,2,163.84,81.92,163.84,81.92,0.004407128864485656,0.9149695001881718,0.0,0.0
56,Device,BiasAddGrad,gradient_tape/sequential/conv2d_1/BiasAdd/BiasAddGrad,2,145.408,72.704,145.408,72.704,0.003911326867231019,0.9188808270554029,0.0,0.0
57,Device,BiasAddGrad,gradient_tape/sequential/conv2d/BiasAdd/BiasAddGrad,2,143.361,71.6805,143.361,71.6805,0.0038562646554048344,0.9227370917108076,0.0,0.0
58,Device,SoftmaxCrossEntropyWithLogits,categorical_crossentropy/softmax_cross_entropy_with_logits,2,123.904,61.952,123.904,61.952,0.003332891203767277,0.9260699829145749,0.0,0.0
59,Device,ResourceApplyGradientDescent,SGD/SGD/update_18/ResourceApplyGradientDescent,2,122.881,61.4405,122.881,61.4405,0.003305373547344128,0.929375356461919,0.0,0.0
60,Device,ResourceApplyGradientDescent,SGD/SGD/update_16/ResourceApplyGradientDescent,2,120.833,60.4165,120.833,60.4165,0.003250284436538057,0.9326256408984571,0.0,0.0
61,Device,ResourceApplyGradientDescent,SGD/SGD/update_24/ResourceApplyGradientDescent,2,119.809,59.9045,119.809,59.9045,0.003222739881135022,0.9358483807795921,0.0,0.0
62,Device,ResourceApplyGradientDescent,SGD/SGD/update_20/ResourceApplyGradientDescent,2,119.808,59.904,119.808,59.904,0.0032227129821551363,0.9390710937617472,0.0,0.0
63,Device,ResourceApplyGradientDescent,SGD/SGD/update_22/ResourceApplyGradientDescent,2,119.808,59.904,119.808,59.904,0.0032227129821551363,0.9422938067439024,0.0,0.0
64,Device,ReluGrad,gradient_tape/sequential/conv2d_5/ReluGrad,2,108.544,54.272,108.544,54.272,0.002919722872721747,0.9452135296166242,0.0,0.0
65,Device,ReluGrad,gradient_tape/sequential/conv2d_4/ReluGrad,2,107.521,53.7605,107.521,53.7605,0.0028922052162985976,0.9481057348329228,0.0,0.0
66,Device,MaxPoolGrad,gradient_tape/sequential/max_pooling2d_3/MaxPool/MaxPoolGrad,2,100.353,50.1765,100.353,50.1765,0.00269939332847735,0.9508051281614002,0.0,0.0
67,Device,ReluGrad,gradient_tape/sequential/conv2d_6/ReluGrad,2,99.329,49.6645,99.329,49.6645,0.0026718487730743147,0.9534769769344745,0.0,0.0
68,Device,BiasAddGrad,gradient_tape/sequential/conv2d_3/BiasAdd/BiasAddGrad,2,95.232,47.616,95.232,47.616,0.0025616436524822876,0.9560386205869568,0.0,0.0
69,Device,BiasAddGrad,gradient_tape/sequential/conv2d_2/BiasAdd/BiasAddGrad,2,93.185,46.5925,93.185,46.5925,0.0025065814406561027,0.9585452020276128,0.0,0.0
70,Device,MaxPool,sequential/max_pooling2d_1/MaxPool,2,90.112,45.056,90.112,45.056,0.0024239208754671107,0.9609691229030799,0.0,0.0
71,Device,MaxPoolGrad,gradient_tape/sequential/max_pooling2d_2/MaxPool/MaxPoolGrad,2,84.993,42.4965,84.993,42.4965,0.0022862249974318198,0.9632553479005117,0.0,0.0
72,Device,MaxPoolGrad,gradient_tape/sequential/max_pooling2d_4/MaxPool/MaxPoolGrad,2,82.945,41.4725,82.945,41.4725,0.002231135886625749,0.9654864837871374,0.0,0.0
73,Device,ResourceApplyGradientDescent,SGD/SGD/update_14/ResourceApplyGradientDescent,2,64.512,32.256,64.512,32.256,0.001735306990391227,0.9672217907775287,0.0,0.0
74,Device,ReluGrad,gradient_tape/sequential/conv2d_7/ReluGrad,2,56.32,28.16,56.32,28.16,0.0015149505471669443,0.9687367413246957,0.0,0.0
75,Device,ReluGrad,gradient_tape/sequential/conv2d_8/ReluGrad,2,56.32,28.16,56.32,28.16,0.0015149505471669443,0.9702516918718627,0.0,0.0
76,Device,BiasAddGrad,gradient_tape/sequential/conv2d_6/BiasAdd/BiasAddGrad,2,55.296,27.648,55.296,27.648,0.0014874059917639089,0.9717390978636266,0.0,0.0
77,Device,BiasAddGrad,gradient_tape/sequential/conv2d_5/BiasAdd/BiasAddGrad,2,53.248,26.624,53.248,26.624,0.001432316880957838,0.9731714147445844,0.0,0.0
78,Device,MaxPool,sequential/max_pooling2d_2/MaxPool,2,46.081,23.0405,46.081,23.0405,0.0012395318921164767,0.9744109466367008,0.0,0.0
79,Device,BiasAddGrad,gradient_tape/sequential/conv2d_4/BiasAdd/BiasAddGrad,2,44.032,22.016,44.032,22.016,0.00118441588233052,0.9755953625190313,0.0,0.0
80,Device,ReluGrad,gradient_tape/sequential/conv2d_9/ReluGrad,2,37.888,18.944,37.888,18.944,0.0010191485499123078,0.9766145110689437,0.0,0.0
81,Device,ResourceApplyGradientDescent,SGD/SGD/update_10/ResourceApplyGradientDescent,2,36.864,18.432,36.864,18.432,0.0009916039945092724,0.977606115063453,0.0,0.0
82,Device,ResourceApplyGradientDescent,SGD/SGD/update_12/ResourceApplyGradientDescent,2,35.841,17.9205,35.841,17.9205,0.0009640863380861231,0.978570201401539,0.0,0.0
83,Device,BiasAddGrad,gradient_tape/sequential/conv2d_7/BiasAdd/BiasAddGrad,2,31.744,15.872,31.744,15.872,0.0008538812174940959,0.9794240826190331,0.0,0.0
84,Device,BiasAddGrad,gradient_tape/sequential/conv2d_8/BiasAdd/BiasAddGrad,2,30.72,15.36,30.72,15.36,0.0008263366620910605,0.9802504192811242,0.0,0.0
85,Device,BiasAddGrad,gradient_tape/sequential/conv2d_9/BiasAdd/BiasAddGrad,2,30.72,15.36,30.72,15.36,0.0008263366620910605,0.9810767559432153,0.0,0.0
86,Device,BiasAddGrad,gradient_tape/sequential/conv2d_11/BiasAdd/BiasAddGrad,2,28.673,14.3365,28.673,14.3365,0.0007712744502648755,0.9818480303934802,0.0,0.0
87,Device,BiasAddGrad,gradient_tape/sequential/conv2d_10/BiasAdd/BiasAddGrad,2,28.672,14.336,28.672,14.336,0.0007712475512849899,0.9826192779447652,0.0,0.0
88,Device,BiasAddGrad,gradient_tape/sequential/conv2d_12/BiasAdd/BiasAddGrad,2,28.672,14.336,28.672,14.336,0.0007712475512849899,0.9833905254960502,0.0,0.0
89,Device,ArgMax,ArgMax,2,26.624,13.312,26.624,13.312,0.000716158440478919,0.9841066839365291,0.0,0.0
90,Device,MatMul,sequential/dense_2/MatMul,2,26.624,13.312,26.624,13.312,0.000716158440478919,0.984822842377008,0.0,0.0
91,Device,Transpose,gradient_tape/sequential/conv2d/Conv2D/Conv2DBackpropFilter-0-TransposeNHWCToNCHW-LayoutOptimizer,2,24.576,12.288,24.576,12.288,0.0006610693296728484,0.9854839117066808,0.0,0.0
92,Device,Softmax,sequential/dense_2/Softmax,2,21.504,10.752,21.504,10.752,0.0005784356634637424,0.9860623473701445,0.0,0.0
93,Device,ResourceApplyGradientDescent,SGD/SGD/update_8/ResourceApplyGradientDescent,2,20.481,10.2405,20.481,10.2405,0.0005509180070405928,0.9866132653771851,0.0,0.0
94,Device,ArgMax,ArgMax_1,2,19.456,9.728,19.456,9.728,0.0005233465526576716,0.9871366119298427,0.0,0.0
95,Device,ReluGrad,gradient_tape/sequential/conv2d_10/ReluGrad,2,17.409,8.7045,17.409,8.7045,0.0004682843408314867,0.9876048962706742,0.0,0.0
96,Device,ReluGrad,gradient_tape/sequential/conv2d_11/ReluGrad,2,16.384,8.192,16.384,8.192,0.0004407128864485656,0.9880456091571227,0.0,0.0
97,Device,MaxPool,sequential/max_pooling2d_3/MaxPool,2,16.384,8.192,16.384,8.192,0.0004407128864485656,0.9884863220435712,0.0,0.0
98,Device,MatMul,gradient_tape/sequential/dense_2/MatMul/MatMul,2,14.336,7.168,14.336,7.168,0.0003856237756424949,0.9888719458192137,0.0,0.0
99,Device,MatMul,gradient_tape/sequential/dense_2/MatMul/MatMul_1,2,14.336,7.168,14.336,7.168,0.0003856237756424949,0.9892575695948561,0.0,0.0
100,Device,ResourceApplyGradientDescent,SGD/SGD/update_6/ResourceApplyGradientDescent,2,12.288,6.144,12.288,6.144,0.0003305346648364242,0.9895881042596926,0.0,0.0
101,Device,ReluGrad,gradient_tape/sequential/dense/ReluGrad,2,12.288,6.144,12.288,6.144,0.0003305346648364242,0.989918638924529,0.0,0.0
102,Device,ResourceApplyGradientDescent,SGD/SGD/update_30/ResourceApplyGradientDescent,2,11.264,5.632,11.264,5.632,0.00030299010943338883,0.9902216290339624,0.0,0.0
103,Device,BiasAddGrad,gradient_tape/sequential/dense/BiasAdd/BiasAddGrad,2,11.264,5.632,11.264,5.632,0.00030299010943338883,0.9905246191433957,0.0,0.0
104,Device,ResourceApplyGradientDescent,SGD/SGD/update_4/ResourceApplyGradientDescent,2,10.24,5.12,10.24,5.12,0.0002754455540303535,0.9908000646974261,0.0,0.0
105,Device,BiasAddGrad,gradient_tape/sequential/dense_1/BiasAdd/BiasAddGrad,2,10.24,5.12,10.24,5.12,0.0002754455540303535,0.9910755102514565,0.0,0.0
106,Device,Transpose,gradient_tape/sequential/max_pooling2d_4/MaxPool/MaxPoolGrad-2-TransposeNHWCToNCHW-LayoutOptimizer,2,10.24,5.12,10.24,5.12,0.0002754455540303535,0.9913509558054868,0.0,0.0
107,Device,MaxPool,sequential/max_pooling2d_4/MaxPool,2,9.216,4.608,9.216,4.608,0.0002479009986273181,0.9915988568041142,0.0,0.0
108,Device,ResourceApplyGradientDescent,SGD/SGD/update_2/ResourceApplyGradientDescent,2,8.192,4.096,8.192,4.096,0.0002203564432242828,0.9918192132473385,0.0,0.0
109,Device,ResourceApplyGradientDescent,SGD/SGD/update_27/ResourceApplyGradientDescent,2,8.192,4.096,8.192,4.096,0.0002203564432242828,0.9920395696905627,0.0,0.0
110,Device,ReluGrad,gradient_tape/sequential/conv2d_12/ReluGrad,2,8.192,4.096,8.192,4.096,0.0002203564432242828,0.992259926133787,0.0,0.0
111,Device,BiasAdd,sequential/dense/BiasAdd,2,8.192,4.096,8.192,4.096,0.0002203564432242828,0.9924802825770113,0.0,0.0
112,Device,Transpose,sequential/max_pooling2d_4/MaxPool-0-2-TransposeNCHWToNHWC-LayoutOptimizer,2,8.192,4.096,8.192,4.096,0.0002203564432242828,0.9927006390202355,0.0,0.0
113,Device,ResourceApplyGradientDescent,SGD/SGD/update_13/ResourceApplyGradientDescent,2,7.168,3.584,7.168,3.584,0.00019281188782124746,0.9928934509080568,0.0,0.0
114,Device,ResourceApplyGradientDescent,SGD/SGD/update_21/ResourceApplyGradientDescent,2,7.168,3.584,7.168,3.584,0.00019281188782124746,0.9930862627958781,0.0,0.0
115,Device,ResourceApplyGradientDescent,SGD/SGD/update_29/ResourceApplyGradientDescent,2,7.168,3.584,7.168,3.584,0.00019281188782124746,0.9932790746836994,0.0,0.0
116,Device,ResourceApplyGradientDescent,SGD/SGD/update_5/ResourceApplyGradientDescent,2,7.168,3.584,7.168,3.584,0.00019281188782124746,0.9934718865715206,0.0,0.0
117,Device,ReluGrad,gradient_tape/sequential/dense_1/ReluGrad,2,7.168,3.584,7.168,3.584,0.00019281188782124746,0.9936646984593419,0.0,0.0
118,Device,BiasAddGrad,gradient_tape/sequential/dense_2/BiasAdd/BiasAddGrad,2,7.168,3.584,7.168,3.584,0.00019281188782124746,0.9938575103471632,0.0,0.0
119,Device,BiasAdd,sequential/dense_1/BiasAdd,2,7.168,3.584,7.168,3.584,0.00019281188782124746,0.9940503222349845,0.0,0.0
120,Device,DivNoNan,gradient_tape/categorical_crossentropy/weighted_loss/value/div_no_nan,2,6.145,3.0725,6.145,3.0725,0.00016529423139809786,0.9942156164663826,0.0,0.0
121,Device,AssignAddVariableOp,AssignAddVariableOp_2,2,6.144,3.072,6.144,3.072,0.0001652673324182121,0.9943808837988007,0.0,0.0
122,Device,AssignAddVariableOp,AssignAddVariableOp_3,2,6.144,3.072,6.144,3.072,0.0001652673324182121,0.9945461511312189,0.0,0.0
123,Device,AssignAddVariableOp,AssignAddVariableOp_4,2,6.144,3.072,6.144,3.072,0.0001652673324182121,0.9947114184636371,0.0,0.0
124,Device,Cast,Cast,2,6.144,3.072,6.144,3.072,0.0001652673324182121,0.9948766857960553,0.0,0.0
125,Device,Cast,Cast_1,2,6.144,3.072,6.144,3.072,0.0001652673324182121,0.9950419531284734,0.0,0.0
126,Device,Equal,Equal,2,6.144,3.072,6.144,3.072,0.0001652673324182121,0.9952072204608916,0.0,0.0
127,Device,AssignAddVariableOp,SGD/SGD/AssignAddVariableOp,2,6.144,3.072,6.144,3.072,0.0001652673324182121,0.9953724877933098,0.0,0.0
128,Device,ResourceApplyGradientDescent,SGD/SGD/update/ResourceApplyGradientDescent,2,6.144,3.072,6.144,3.072,0.0001652673324182121,0.995537755125728,0.0,0.0
129,Device,ResourceApplyGradientDescent,SGD/SGD/update_1/ResourceApplyGradientDescent,2,6.144,3.072,6.144,3.072,0.0001652673324182121,0.9957030224581461,0.0,0.0
130,Device,ResourceApplyGradientDescent,SGD/SGD/update_11/ResourceApplyGradientDescent,2,6.144,3.072,6.144,3.072,0.0001652673324182121,0.9958682897905643,0.0,0.0
131,Device,ResourceApplyGradientDescent,SGD/SGD/update_15/ResourceApplyGradientDescent,2,6.144,3.072,6.144,3.072,0.0001652673324182121,0.9960335571229825,0.0,0.0
132,Device,ResourceApplyGradientDescent,SGD/SGD/update_17/ResourceApplyGradientDescent,2,6.144,3.072,6.144,3.072,0.0001652673324182121,0.9961988244554006,0.0,0.0
133,Device,ResourceApplyGradientDescent,SGD/SGD/update_19/ResourceApplyGradientDescent,2,6.144,3.072,6.144,3.072,0.0001652673324182121,0.9963640917878188,0.0,0.0
134,Device,ResourceApplyGradientDescent,SGD/SGD/update_23/ResourceApplyGradientDescent,2,6.144,3.072,6.144,3.072,0.0001652673324182121,0.996529359120237,0.0,0.0
135,Device,ResourceApplyGradientDescent,SGD/SGD/update_25/ResourceApplyGradientDescent,2,6.144,3.072,6.144,3.072,0.0001652673324182121,0.9966946264526552,0.0,0.0
136,Device,ResourceApplyGradientDescent,SGD/SGD/update_3/ResourceApplyGradientDescent,2,6.144,3.072,6.144,3.072,0.0001652673324182121,0.9968598937850733,0.0,0.0
137,Device,ResourceApplyGradientDescent,SGD/SGD/update_31/ResourceApplyGradientDescent,2,6.144,3.072,6.144,3.072,0.0001652673324182121,0.9970251611174915,0.0,0.0
138,Device,ResourceApplyGradientDescent,SGD/SGD/update_7/ResourceApplyGradientDescent,2,6.144,3.072,6.144,3.072,0.0001652673324182121,0.9971904284499097,0.0,0.0
139,Device,ResourceApplyGradientDescent,SGD/SGD/update_9/ResourceApplyGradientDescent,2,6.144,3.072,6.144,3.072,0.0001652673324182121,0.9973556957823279,0.0,0.0
140,Device,Sum,Sum_2,2,6.144,3.072,6.144,3.072,0.0001652673324182121,0.997520963114746,0.0,0.0
141,Device,Sum,categorical_crossentropy/weighted_loss/Sum,2,6.144,3.072,6.144,3.072,0.0001652673324182121,0.9976862304471642,0.0,0.0
142,Device,Mul,gradient_tape/categorical_crossentropy/softmax_cross_entropy_with_logits/mul,2,6.144,3.072,6.144,3.072,0.0001652673324182121,0.9978514977795824,0.0,0.0
143,Device,Tile,gradient_tape/categorical_crossentropy/weighted_loss/Tile_1,2,6.144,3.072,6.144,3.072,0.0001652673324182121,0.9980167651120005,0.0,0.0
144,Device,Relu,sequential/dense/Relu,2,6.144,3.072,6.144,3.072,0.0001652673324182121,0.9981820324444187,0.0,0.0
145,Device,Relu,sequential/dense_1/Relu,2,6.144,3.072,6.144,3.072,0.0001652673324182121,0.9983472997768369,0.0,0.0
146,Device,BiasAdd,sequential/dense_2/BiasAdd,2,6.144,3.072,6.144,3.072,0.0001652673324182121,0.9985125671092551,0.0,0.0
147,Device,AssignAddVariableOp,AssignAddVariableOp,2,5.12,2.56,5.12,2.56,0.00013772277701517676,0.9986502898862702,0.0,0.0
148,Device,Cast,categorical_crossentropy/weighted_loss/num_elements/Cast,2,5.12,2.56,5.12,2.56,0.00013772277701517676,0.9987880126632854,0.0,0.0
149,Device,DivNoNan,categorical_crossentropy/weighted_loss/value,2,5.12,2.56,5.12,2.56,0.00013772277701517676,0.9989257354403006,0.0,0.0
150,Device,DivNoNan,div_no_nan_1,2,5.12,2.56,5.12,2.56,0.00013772277701517676,0.9990634582173158,0.0,0.0
151,Device,_Recv,categorical_crossentropy/weighted_loss/num_elements/_14,2,4.224,2.112,4.224,2.112,0.00011362129103752083,0.9991770795083533,0.0,0.0
152,Device,AssignAddVariableOp,AssignAddVariableOp_1,2,4.097,2.0485,4.097,2.0485,0.00011020512059202719,0.9992872846289453,0.0,0.0
153,Device,Cast,Cast_2,2,4.096,2.048,4.096,2.048,0.0001101782216121414,0.9993974628505575,0.0,0.0
154,Device,Mul,Mul,2,4.096,2.048,4.096,2.048,0.0001101782216121414,0.9995076410721697,0.0,0.0
155,Device,DivNoNan,div_no_nan,2,4.096,2.048,4.096,2.048,0.0001101782216121414,0.9996178192937819,0.0,0.0
156,Device,_Recv,Size/_16,2,3.52,1.76,3.52,1.76,9.468440919793402e-05,0.9997125037029798,0.0,0.0
157,Device,_Recv,strided_slice/_12,2,3.52,1.76,3.52,1.76,9.468440919793402e-05,0.9998071881121777,0.0,0.0
158,Device,LogicalAnd,LogicalAnd,1,3.072,3.072,3.072,3.072,8.263366620910605e-05,0.9998898217783868,0.0,0.0
159,Device,_Send,IteratorGetNext/_3,1,2.048,2.048,2.048,2.048,5.50891108060707e-05,0.9999449108891929,0.0,0.0
160,Device,_Recv,IteratorGetNext/_4,1,2.048,2.048,2.048,2.048,5.50891108060707e-05,0.999999999999999,0.0,0.0
161,Host,IDLE,IDLE,0,155309.329,0.0,155309.329,0.0,0.0,0.0,0.984304212525247,0.984304212525247
162,Host,_Send,IteratorGetNext/_1,2,652.522,326.261,652.522,326.261,0.0,0.0,0.004135489847911192,0.9884397023731583
163,Host,_Send,IteratorGetNext/_6,2,542.639,271.3195,542.639,271.3195,0.0,0.0,0.00343908416203696,0.9918787865351952
164,Host,GatherV2,GatherV2,2,459.848,229.924,459.848,229.924,0.0,0.0,0.0029143794930780354,0.9947931660282733
165,Host,_Send,IteratorGetNext/_3,2,408.678,204.339,408.678,204.339,0.0,0.0,0.0025900792924447758,0.9973832453207181
166,Host,Dataset,Iterator::Root::ParallelMapV2,2,69.181,34.5905,69.181,34.5905,0.0,0.0,0.0004384485475866624,0.9978216938683048
167,Host,Dataset,Iterator::Root::ParallelMapV2::Zip[1]::ForeverRepeat,2,60.84,30.42,57.12,28.56,0.0,0.0,0.00036200952628828953,0.9981837033945931
168,Host,GatherV2,GatherV2_1,2,44.701,22.3505,44.701,22.3505,0.0,0.0,0.00028330160774882405,0.9984670050023419
169,Host,FlushSummaryWriter,FlushSummaryWriter,1,38.461,38.461,38.461,38.461,0.0,0.0,0.0002437543485744731,0.9987107593509164
170,Host,Dataset,Iterator::Root,2,107.061,53.5305,37.88,18.94,0.0,0.0,0.00024007214383404076,0.9989508314947504
171,Host,IteratorGetNext,IteratorGetNext,2,31.71,15.855,31.71,15.855,0.0,0.0,0.0002009685237850431,0.9991518000185354
172,Host,LogicalAnd,LogicalAnd,1,30.481,30.481,30.481,30.481,0.0,0.0,0.00019317948828419736,0.9993449795068197
173,Host,Dataset,Iterator::Root::ParallelMapV2::Zip[0]::FlatMap[1]::Concatenate,2,43.341,21.6705,23.441,11.7205,0.0,0.0,0.0001485620676772373,0.9994935415744969
174,Host,WriteSummary,WriteSummary,1,21.551,21.551,21.551,21.551,0.0,0.0,0.0001365838112926983,0.9996301253857895
175,Host,Dataset,Iterator::Root::ParallelMapV2::Zip[0]::FlatMap[1]::Concatenate[0]::TensorSlice,2,19.9,9.95,19.9,9.95,0.0,0.0,0.00012612026563615128,0.9997562456514257
176,Host,_HostSend,categorical_crossentropy/softmax_cross_entropy_with_logits/Shape_2/_9,2,12.17,6.085,12.17,6.085,0.0,0.0,7.712983079356589e-05,0.9998333754822193
177,Host,Dataset,Iterator::Root::ParallelMapV2::Zip,2,117.922,58.961,9.741,4.8705,0.0,0.0,6.173555314380652e-05,0.9998951110353631
178,Host,ReadVariableOp,ReadVariableOp,1,5.96,5.96,5.96,5.96,0.0,0.0,3.777270267293778e-05,0.999932883738036
179,Host,Dataset,Iterator::Root::ParallelMapV2::Zip[0]::FlatMap,2,47.341,23.6705,4.0,2.0,0.0,0.0,2.5350807163045484e-05,0.999958234545199
180,Host,Dataset,Iterator::Root::ParallelMapV2::Zip[1]::ForeverRepeat::FromTensor,4,3.72,0.93,3.72,0.93,0.0,0.0,2.3576250661632302e-05,0.9999818107958607
181,Host,Identity,Identity,2,2.87,1.435,2.87,1.435,0.0,0.0,1.8189204139485137e-05,1.0000000000000002
