Rank,Host/device,Type,Operation,#Occurrences,Total time (us),Avg. time (us),Total self-time (us),Avg. self-time (us),Total self-time on Device (%),Cumulative total-self time on Device (%),Total self-time on Host (%),Cumulative total-self time on Host (%)
1,Device,IDLE,IDLE,0,59592.784,0.0,59592.784,0.0,0.391989137218277,0.391989137218277,0.0,0.0
2,Device,_Recv,IteratorGetNext/_2,2,2028.329,1014.1645,2028.329,1014.1645,0.01334193305526405,0.40533107027354104,0.0,0.0
3,Device,Conv2DBackpropFilter,gradient_tape/inception_v3/conv2d_4/Conv2D/Conv2DBackpropFilter,2,1610.758,805.379,1610.758,805.379,0.010595236475064456,0.4159263067486055,0.0,0.0
4,Device,Conv2DBackpropFilter,gradient_tape/inception_v3/conv2d_2/Conv2D/Conv2DBackpropFilter,2,1586.182,793.091,1586.182,793.091,0.0104335805766544,0.42635988732525987,0.0,0.0
5,Device,FusedBatchNormGradV3,gradient_tape/inception_v3/batch_normalization_2/FusedBatchNormGradV3,2,1505.286,752.643,1505.286,752.643,0.009901463244387967,0.4362613505696478,0.0,0.0
6,Device,Conv2DBackpropInput,gradient_tape/inception_v3/conv2d_4/Conv2D/Conv2DBackpropInput,2,1416.198,708.099,1416.198,708.099,0.009315460612651517,0.44557681118229936,0.0,0.0
7,Device,Conv2DBackpropInput,gradient_tape/inception_v3/conv2d_2/Conv2D/Conv2DBackpropInput,2,1412.102,706.051,1412.102,706.051,0.009288517962916508,0.4548653291452159,0.0,0.0
8,Device,Conv2D,inception_v3/conv2d_4/Conv2D,2,1393.67,696.835,1393.67,696.835,0.009167276039108966,0.4640326051843248,0.0,0.0
9,Device,FusedBatchNormV3,inception_v3/batch_normalization_2/FusedBatchNormV3,4,1181.7,295.425,1181.7,295.425,0.007772980759731547,0.47180558594405636,0.0,0.0
10,Device,Conv2D,inception_v3/conv2d_2/Conv2D,2,1054.724,527.362,1054.724,527.362,0.00693775861794626,0.4787433445620026,0.0,0.0
11,Device,Conv2DBackpropInput,gradient_tape/inception_v3/conv2d_1/Conv2D/Conv2DBackpropInput,2,998.404,499.202,998.404,499.202,0.006567297184089883,0.4853106417460925,0.0,0.0
12,Device,Conv2DBackpropInput,gradient_tape/inception_v3/conv2d_26/Conv2D/Conv2DBackpropInput,2,991.236,495.618,991.236,495.618,0.006520147547053617,0.4918307892931461,0.0,0.0
13,Device,FusedBatchNormGradV3,gradient_tape/inception_v3/batch_normalization/FusedBatchNormGradV3,2,958.468,479.234,958.468,479.234,0.006304606349173543,0.4981353956423197,0.0,0.0
14,Device,Conv2DBackpropFilter,gradient_tape/inception_v3/conv2d_1/Conv2D/Conv2DBackpropFilter,2,954.372,477.186,954.372,477.186,0.006277663699438533,0.5044130593417582,0.0,0.0
15,Device,FusedBatchNormGradV3,gradient_tape/inception_v3/batch_normalization_1/FusedBatchNormGradV3,2,858.114,429.057,858.114,429.057,0.005644498275075126,0.5100575576168332,0.0,0.0
16,Device,FusedBatchNormGradV3,gradient_tape/inception_v3/batch_normalization_4/FusedBatchNormGradV3,2,856.066,428.033,856.066,428.033,0.005631026950207622,0.5156885845670409,0.0,0.0
17,Device,ReluGrad,gradient_tape/inception_v3/activation_2/ReluGrad,2,795.652,397.826,795.652,397.826,0.005233636022206926,0.5209222205892479,0.0,0.0
18,Device,Conv2D,inception_v3/conv2d_1/Conv2D,2,783.364,391.682,783.364,391.682,0.005152808073001899,0.5260750286622498,0.0,0.0
19,Device,Conv2DBackpropFilter,gradient_tape/inception_v3/conv2d_26/Conv2D/Conv2DBackpropFilter,4,678.915,169.72875,678.915,169.72875,0.004465763926963817,0.5305407925892136,0.0,0.0
20,Device,MaxPoolGrad,gradient_tape/inception_v3/max_pooling2d/MaxPool/MaxPoolGrad,2,640.002,320.001,640.002,320.001,0.004209802176685884,0.5347505947658995,0.0,0.0
21,Device,Conv2D,inception_v3/conv2d_26/Conv2D,4,626.69,156.6725,626.69,156.6725,0.004122238565047105,0.5388728333309466,0.0,0.0
22,Device,FusedBatchNormV3,inception_v3/batch_normalization_1/FusedBatchNormV3,4,605.186,151.2965,605.186,151.2965,0.003980789653938306,0.5428536229848849,0.0,0.0
23,Device,FusedBatchNormV3,inception_v3/batch_normalization/FusedBatchNormV3,4,600.066,150.0165,600.066,150.0165,0.003947111341769545,0.5468007343266544,0.0,0.0
24,Device,FusedBatchNormV3,inception_v3/batch_normalization_4/FusedBatchNormV3,4,517.122,129.2805,517.122,129.2805,0.0034015226846356066,0.55020225701129,0.0,0.0
25,Device,Relu,inception_v3/activation_2/Relu,2,505.858,252.929,505.858,252.929,0.0033274303978643315,0.5535296874091543,0.0,0.0
26,Device,ReluGrad,gradient_tape/inception_v3/activation_4/ReluGrad,2,497.666,248.833,497.666,248.833,0.003273545098394313,0.5568032325075486,0.0,0.0
27,Device,Conv2DBackpropFilter,gradient_tape/inception_v3/conv2d/Conv2D/Conv2DBackpropFilter,2,450.562,225.281,450.562,225.281,0.002963704626441707,0.5597669371339903,0.0,0.0
28,Device,Conv2DBackpropInput,gradient_tape/inception_v3/conv2d_90/Conv2D/Conv2DBackpropInput,4,428.033,107.00825,428.033,107.00825,0.002815513475103811,0.5625824506090941,0.0,0.0
29,Device,Conv2DBackpropInput,gradient_tape/inception_v3/conv2d_81/Conv2D/Conv2DBackpropInput,4,425.986,106.4965,425.986,106.4965,0.0028020487280316516,0.5653844993371258,0.0,0.0
30,Device,FusedBatchNormGradV3,gradient_tape/inception_v3/batch_normalization_3/FusedBatchNormGradV3,2,415.746,207.873,415.746,207.873,0.0027346921036941283,0.5681191914408199,0.0,0.0
31,Device,ReluGrad,gradient_tape/inception_v3/activation/ReluGrad,2,410.626,205.313,410.626,205.313,0.002701013791525367,0.5708202052323452,0.0,0.0
32,Device,ReluGrad,gradient_tape/inception_v3/activation_1/ReluGrad,2,386.05,193.025,386.05,193.025,0.0025393578931153116,0.5733595631254605,0.0,0.0
33,Device,MaxPoolGrad,gradient_tape/inception_v3/max_pooling2d_1/MaxPool/MaxPoolGrad,2,361.474,180.737,361.474,180.737,0.002377701994705256,0.5757372651201658,0.0,0.0
34,Device,Conv2DBackpropFilter,gradient_tape/inception_v3/conv2d_3/Conv2D/Conv2DBackpropFilter,2,354.306,177.153,354.306,177.153,0.00233055235766899,0.5780678174778348,0.0,0.0
35,Device,Conv2D,inception_v3/conv2d_90/Conv2D,4,342.016,85.504,342.016,85.504,0.0022497112528732715,0.5803175287307081,0.0,0.0
36,Device,Conv2D,inception_v3/conv2d_81/Conv2D,4,339.969,84.99225,339.969,84.99225,0.0022362465058011123,0.5825537752365092,0.0,0.0
37,Device,Conv2DBackpropFilter,gradient_tape/inception_v3/conv2d_81/Conv2D/Conv2DBackpropFilter,2,330.752,165.376,330.752,165.376,0.002175618966101996,0.5847293942026112,0.0,0.0
38,Device,MaxPool,inception_v3/max_pooling2d/MaxPool,2,328.706,164.353,328.706,164.353,0.0021621607968251824,0.5868915549994363,0.0,0.0
39,Device,Conv2DBackpropFilter,gradient_tape/inception_v3/conv2d_90/Conv2D/Conv2DBackpropFilter,2,326.657,163.3285,326.657,163.3285,0.002148682894162332,0.5890402378935987,0.0,0.0
40,Device,Relu,inception_v3/activation_4/Relu,2,320.514,160.257,320.514,160.257,0.0021082754973551637,0.5911485133909539,0.0,0.0
41,Device,Conv2DBackpropFilter,gradient_tape/inception_v3/conv2d_24/Conv2D/Conv2DBackpropFilter,4,313.346,78.3365,313.346,78.3365,0.0020611258603188977,0.5932096392512728,0.0,0.0
42,Device,Conv2DBackpropFilter,gradient_tape/inception_v3/conv2d_7/Conv2D/Conv2DBackpropFilter,2,313.346,156.673,313.346,156.673,0.0020611258603188977,0.5952707651115917,0.0,0.0
43,Device,Conv2DBackpropFilter,gradient_tape/inception_v3/conv2d_10/Conv2D/Conv2DBackpropFilter,4,312.322,78.0805,312.322,78.0805,0.002054390197885145,0.5973251553094768,0.0,0.0
44,Device,Conv2DBackpropFilter,gradient_tape/inception_v3/conv2d_17/Conv2D/Conv2DBackpropFilter,4,311.297,77.82425,311.297,77.82425,0.0020476479576560474,0.5993728032671328,0.0,0.0
45,Device,Conv2DBackpropFilter,gradient_tape/inception_v3/conv2d_21/Conv2D/Conv2DBackpropFilter,2,311.296,155.648,311.296,155.648,0.002047641379860702,0.6014204446469935,0.0,0.0
46,Device,Conv2DBackpropFilter,gradient_tape/inception_v3/conv2d_63/Conv2D/Conv2DBackpropFilter,4,309.25,77.3125,309.25,77.3125,0.002034183210583888,0.6034546278575774,0.0,0.0
47,Device,Conv2DBackpropFilter,gradient_tape/inception_v3/conv2d_14/Conv2D/Conv2DBackpropFilter,2,309.249,154.6245,309.249,154.6245,0.002034176632788543,0.605488804490366,0.0,0.0
48,Device,Conv2DBackpropFilter,gradient_tape/inception_v3/conv2d_74/Conv2D/Conv2DBackpropFilter,4,307.201,76.80025,307.201,76.80025,0.0020207053079210383,0.6075095097982871,0.0,0.0
49,Device,Conv2DBackpropFilter,gradient_tape/inception_v3/conv2d_67/Conv2D/Conv2DBackpropFilter,4,307.2,76.8,307.2,76.8,0.0020206987301256926,0.6095302085284128,0.0,0.0
50,Device,Conv2DBackpropFilter,gradient_tape/inception_v3/conv2d_65/Conv2D/Conv2DBackpropFilter,4,300.033,75.00825,300.033,75.00825,0.0019735556708847723,0.6115037641992975,0.0,0.0
51,Device,Conv2D,inception_v3/conv2d_86/Conv2D,4,299.009,74.75225,299.009,74.75225,0.00196682000845102,0.6134705842077486,0.0,0.0
52,Device,Conv2DBackpropInput,gradient_tape/inception_v3/conv2d_14/Conv2D/Conv2DBackpropInput,2,296.962,148.481,296.962,148.481,0.0019533552613788603,0.6154239394691274,0.0,0.0
53,Device,Conv2DBackpropFilter,gradient_tape/inception_v3/conv2d_38/Conv2D/Conv2DBackpropFilter,2,296.962,148.481,296.962,148.481,0.0019533552613788603,0.6173772947305063,0.0,0.0
54,Device,MaxPoolGrad,gradient_tape/inception_v3/max_pooling2d_3/MaxPool/MaxPoolGrad,2,294.912,147.456,294.912,147.456,0.001939870780920665,0.6193171655114269,0.0,0.0
55,Device,Conv2DBackpropInput,gradient_tape/inception_v3/conv2d_7/Conv2D/Conv2DBackpropInput,2,292.864,146.432,292.864,146.432,0.0019263994560531602,0.62124356496748,0.0,0.0
56,Device,Conv2DBackpropInput,gradient_tape/inception_v3/conv2d_21/Conv2D/Conv2DBackpropInput,2,291.842,145.921,291.842,145.921,0.001919676949210099,0.6231632419166901,0.0,0.0
57,Device,Conv2D,inception_v3/conv2d_89/Conv2D,2,284.673,142.3365,284.673,142.3365,0.0018725207343784874,0.6250357626510686,0.0,0.0
58,Device,Conv2D,inception_v3/conv2d_85/Conv2D,4,276.481,69.12025,276.481,69.12025,0.001818635434908469,0.6268543980859771,0.0,0.0
59,Device,Relu,inception_v3/activation/Relu,2,273.408,136.704,273.408,136.704,0.0017984218698118665,0.6286528199557889,0.0,0.0
60,Device,Conv2DBackpropFilter,gradient_tape/inception_v3/conv2d_43/Conv2D/Conv2DBackpropFilter,4,272.385,68.09625,272.385,68.09625,0.0017916927851734596,0.6304445127409624,0.0,0.0
61,Device,Conv2DBackpropFilter,gradient_tape/inception_v3/conv2d_53/Conv2D/Conv2DBackpropFilter,4,269.313,67.32825,269.313,67.32825,0.0017714857978722027,0.6322159985388346,0.0,0.0
62,Device,Conv2DBackpropFilter,gradient_tape/inception_v3/conv2d_33/Conv2D/Conv2DBackpropFilter,2,257.025,128.5125,257.025,128.5125,0.0016906578486671749,0.6339066563875018,0.0,0.0
63,Device,AddN,SGD/gradients/AddN_12,2,257.024,128.512,257.024,128.512,0.0016906512708718296,0.6355973076583736,0.0,0.0
64,Device,Relu,inception_v3/activation_1/Relu,2,256.002,128.001,256.002,128.001,0.0016839287640287683,0.6372812364224024,0.0,0.0
65,Device,FusedBatchNormV3,inception_v3/batch_normalization_3/FusedBatchNormV3,4,256.002,64.0005,256.002,64.0005,0.0016839287640287683,0.6389651651864312,0.0,0.0
66,Device,Conv2DBackpropFilter,gradient_tape/inception_v3/conv2d_57/Conv2D/Conv2DBackpropFilter,4,254.978,63.7445,254.978,63.7445,0.001677193101595016,0.6406423582880262,0.0,0.0
67,Device,Conv2DBackpropFilter,gradient_tape/inception_v3/conv2d_47/Conv2D/Conv2DBackpropFilter,4,251.905,62.97625,251.905,62.97625,0.0016569795364984135,0.6422993378245246,0.0,0.0
68,Device,ReluGrad,gradient_tape/inception_v3/activation_3/ReluGrad,2,242.69,121.345,242.69,121.345,0.0015963651523899882,0.6438957029769147,0.0,0.0
69,Device,Conv2DBackpropFilter,gradient_tape/inception_v3/conv2d_55/Conv2D/Conv2DBackpropFilter,4,242.689,60.67225,242.689,60.67225,0.0015963585745946427,0.6454920615515093,0.0,0.0
70,Device,Conv2D,inception_v3/conv2d/Conv2D,2,240.642,120.321,240.642,120.321,0.0015828938275224836,0.6470749553790318,0.0,0.0
71,Device,Conv2DBackpropFilter,gradient_tape/inception_v3/conv2d_23/Conv2D/Conv2DBackpropFilter,4,238.594,59.6485,238.594,59.6485,0.0015694225026549788,0.6486443778816868,0.0,0.0
72,Device,Conv2D,inception_v3/conv2d_3/Conv2D,2,238.592,119.296,238.592,119.296,0.001569409347064288,0.6502137872287511,0.0,0.0
73,Device,Conv2DBackpropFilter,gradient_tape/inception_v3/conv2d_9/Conv2D/Conv2DBackpropFilter,4,237.57,59.3925,237.57,59.3925,0.0015626868402212266,0.6517764740689723,0.0,0.0
74,Device,Conv2DBackpropFilter,gradient_tape/inception_v3/conv2d_45/Conv2D/Conv2DBackpropFilter,4,237.569,59.39225,237.569,59.39225,0.001562680262425881,0.6533391543313982,0.0,0.0
75,Device,Conv2DBackpropFilter,gradient_tape/inception_v3/conv2d_16/Conv2D/Conv2DBackpropFilter,4,234.497,58.62425,234.497,58.62425,0.0015424732751246244,0.6548816276065228,0.0,0.0
76,Device,Conv2D,inception_v3/conv2d_7/Conv2D,4,234.496,58.624,234.496,58.624,0.0015424666973292789,0.6564240943038521,0.0,0.0
77,Device,Conv2D,inception_v3/conv2d_65/Conv2D,4,233.473,58.36825,233.473,58.36825,0.0015357376126908721,0.657959831916543,0.0,0.0
78,Device,Conv2DBackpropFilter,gradient_tape/inception_v3/conv2d_28/Conv2D/Conv2DBackpropFilter,4,231.426,57.8565,231.426,57.8565,0.0015222728656187126,0.6594821047821616,0.0,0.0
79,Device,Conv2D,inception_v3/conv2d_21/Conv2D,4,230.402,57.6005,230.402,57.6005,0.0015155372031849604,0.6609976419853466,0.0,0.0
80,Device,AddN,SGD/gradients/AddN_13,2,229.376,114.688,229.376,114.688,0.0015087883851605173,0.6625064303705072,0.0,0.0
81,Device,Conv2D,inception_v3/conv2d_14/Conv2D,4,229.376,57.344,229.376,57.344,0.0015087883851605173,0.6640152187556677,0.0,0.0
82,Device,Conv2D,inception_v3/conv2d_74/Conv2D,4,225.281,56.32025,225.281,56.32025,0.0014818523132208534,0.6654970710688886,0.0,0.0
83,Device,Conv2D,inception_v3/conv2d_63/Conv2D,4,224.257,56.06425,224.257,56.06425,0.0014751166507871011,0.6669721877196757,0.0,0.0
84,Device,Conv2D,inception_v3/conv2d_67/Conv2D,4,223.233,55.80825,223.233,55.80825,0.0014683809883533488,0.668440568708029,0.0,0.0
85,Device,Conv2DBackpropFilter,gradient_tape/inception_v3/conv2d_66/Conv2D/Conv2DBackpropFilter,4,222.209,55.55225,222.209,55.55225,0.0014616453259195966,0.6699022140339487,0.0,0.0
86,Device,Conv2D,inception_v3/conv2d_93/Conv2D,4,222.209,55.55225,222.209,55.55225,0.0014616453259195966,0.6713638593598683,0.0,0.0
87,Device,Conv2DBackpropFilter,gradient_tape/inception_v3/conv2d_62/Conv2D/Conv2DBackpropFilter,4,221.185,55.29625,221.185,55.29625,0.0014549096634858443,0.6728187690233541,0.0,0.0
88,Device,Conv2DBackpropFilter,gradient_tape/inception_v3/conv2d_68/Conv2D/Conv2DBackpropFilter,4,219.137,54.78425,219.137,54.78425,0.0014414383386183397,0.6742602073619725,0.0,0.0
89,Device,Conv2DBackpropInput,gradient_tape/inception_v3/conv2d_71/Conv2D/Conv2DBackpropInput,2,216.065,108.0325,216.065,108.0325,0.0014212313513170826,0.6756814387132896,0.0,0.0
90,Device,Conv2DBackpropFilter,gradient_tape/inception_v3/conv2d_73/Conv2D/Conv2DBackpropFilter,4,215.042,53.7605,215.042,53.7605,0.0014145022666786759,0.6770959409799683,0.0,0.0
91,Device,Conv2DBackpropFilter,gradient_tape/inception_v3/conv2d_56/Conv2D/Conv2DBackpropFilter,4,211.968,52.992,211.968,52.992,0.001394282123786728,0.6784902231037551,0.0,0.0
92,Device,Conv2DBackpropFilter,gradient_tape/inception_v3/conv2d_36/Conv2D/Conv2DBackpropFilter,2,210.944,105.472,210.944,105.472,0.0013875464613529757,0.679877769565108,0.0,0.0
93,Device,Conv2DBackpropFilter,gradient_tape/inception_v3/conv2d_52/Conv2D/Conv2DBackpropFilter,4,210.944,52.736,210.944,52.736,0.0013875464613529757,0.681265316026461,0.0,0.0
94,Device,MaxPool,inception_v3/max_pooling2d_1/MaxPool,2,210.944,105.472,210.944,105.472,0.0013875464613529757,0.682652862487814,0.0,0.0
95,Device,Conv2DBackpropFilter,gradient_tape/inception_v3/conv2d_32/Conv2D/Conv2DBackpropFilter,2,208.897,104.4485,208.897,104.4485,0.0013740817142808164,0.6840269442020948,0.0,0.0
96,Device,Conv2DBackpropFilter,gradient_tape/inception_v3/conv2d_42/Conv2D/Conv2DBackpropFilter,4,208.897,52.22425,208.897,52.22425,0.0013740817142808164,0.6854010259163755,0.0,0.0
97,Device,Conv2DBackpropFilter,gradient_tape/inception_v3/conv2d_46/Conv2D/Conv2DBackpropFilter,4,208.897,52.22425,208.897,52.22425,0.0013740817142808164,0.6867751076306563,0.0,0.0
98,Device,Conv2DBackpropFilter,gradient_tape/inception_v3/conv2d_58/Conv2D/Conv2DBackpropFilter,4,207.873,51.96825,207.873,51.96825,0.0013673460518470642,0.6881424536825034,0.0,0.0
99,Device,AddN,SGD/gradients/AddN_11,2,206.848,103.424,206.848,103.424,0.0013606038116179666,0.6895030574941213,0.0,0.0
100,Device,Conv2DBackpropFilter,gradient_tape/inception_v3/conv2d_48/Conv2D/Conv2DBackpropFilter,4,205.825,51.45625,205.825,51.45625,0.0013538747269795596,0.6908569322211009,0.0,0.0
101,Device,Conv2DBackpropInput,gradient_tape/inception_v3/conv2d_17/Conv2D/Conv2DBackpropInput,2,205.824,102.912,205.824,102.912,0.0013538681491842143,0.6922108003702852,0.0,0.0
102,Device,Conv2D,inception_v3/conv2d_24/Conv2D,2,204.802,102.401,204.802,102.401,0.0013471456423411526,0.6935579460126263,0.0,0.0
103,Device,Conv2DBackpropInput,gradient_tape/inception_v3/conv2d_10/Conv2D/Conv2DBackpropInput,2,204.8,102.4,204.8,102.4,0.001347132486750462,0.6949050784993768,0.0,0.0
104,Device,Conv2DBackpropInput,gradient_tape/inception_v3/conv2d_24/Conv2D/Conv2DBackpropInput,2,204.8,102.4,204.8,102.4,0.001347132486750462,0.6962522109861272,0.0,0.0
105,Device,Conv2D,inception_v3/conv2d_17/Conv2D,2,203.776,101.888,203.776,101.888,0.0013403968243167095,0.697592607810444,0.0,0.0
106,Device,Conv2D,inception_v3/conv2d_10/Conv2D,2,202.752,101.376,202.752,101.376,0.0013336611618829572,0.6989262689723269,0.0,0.0
107,Device,Conv2DBackpropFilter,gradient_tape/inception_v3/conv2d_18/Conv2D/Conv2DBackpropFilter,2,200.706,100.353,200.706,100.353,0.0013202029926061435,0.7002464719649331,0.0,0.0
108,Device,Conv2DBackpropFilter,gradient_tape/inception_v3/conv2d_12/Conv2D/Conv2DBackpropFilter,2,200.705,100.3525,200.705,100.3525,0.0013201964148107982,0.7015666683797439,0.0,0.0
109,Device,Conv2DBackpropFilter,gradient_tape/inception_v3/conv2d_40/Conv2D/Conv2DBackpropFilter,4,199.681,49.92025,199.681,49.92025,0.0013134607523770459,0.702880129132121,0.0,0.0
110,Device,Conv2DBackpropFilter,gradient_tape/inception_v3/conv2d_60/Conv2D/Conv2DBackpropFilter,4,199.68,49.92,199.68,49.92,0.0013134541745817004,0.7041935833067027,0.0,0.0
111,Device,Conv2DBackpropFilter,gradient_tape/inception_v3/conv2d_70/Conv2D/Conv2DBackpropFilter,4,199.68,49.92,199.68,49.92,0.0013134541745817004,0.7055070374812844,0.0,0.0
112,Device,Conv2DBackpropFilter,gradient_tape/inception_v3/conv2d_15/Conv2D/Conv2DBackpropFilter,2,198.656,99.328,198.656,99.328,0.001306718512147948,0.7068137559934323,0.0,0.0
113,Device,Conv2DBackpropFilter,gradient_tape/inception_v3/conv2d_30/Conv2D/Conv2DBackpropFilter,4,197.633,49.40825,197.633,49.40825,0.001299989427509541,0.7081137454209419,0.0,0.0
114,Device,Conv2DBackpropFilter,gradient_tape/inception_v3/conv2d_49/Conv2D/Conv2DBackpropFilter,4,197.633,49.40825,197.633,49.40825,0.001299989427509541,0.7094137348484514,0.0,0.0
115,Device,Conv2DBackpropFilter,gradient_tape/inception_v3/conv2d_50/Conv2D/Conv2DBackpropFilter,4,197.633,49.40825,197.633,49.40825,0.001299989427509541,0.7107137242759609,0.0,0.0
116,Device,Conv2DBackpropFilter,gradient_tape/inception_v3/conv2d_69/Conv2D/Conv2DBackpropFilter,4,197.633,49.40825,197.633,49.40825,0.001299989427509541,0.7120137137034704,0.0,0.0
117,Device,Conv2DBackpropFilter,gradient_tape/inception_v3/conv2d_72/Conv2D/Conv2DBackpropFilter,4,197.632,49.408,197.632,49.408,0.0012999828497141958,0.7133136965531847,0.0,0.0
118,Device,Conv2DBackpropFilter,gradient_tape/inception_v3/conv2d_13/Conv2D/Conv2DBackpropFilter,2,196.609,98.3045,196.609,98.3045,0.0012932537650757888,0.7146069503182605,0.0,0.0
119,Device,Conv2DBackpropFilter,gradient_tape/inception_v3/conv2d_59/Conv2D/Conv2DBackpropFilter,4,195.585,48.89625,195.585,48.89625,0.0012865181026420365,0.7158934684209025,0.0,0.0
120,Device,Conv2DBackpropFilter,gradient_tape/inception_v3/conv2d_39/Conv2D/Conv2DBackpropFilter,4,195.584,48.896,195.584,48.896,0.001286511524846691,0.7171799799457492,0.0,0.0
121,Device,Conv2DBackpropFilter,gradient_tape/inception_v3/conv2d_51/Conv2D/Conv2DBackpropFilter,4,194.561,48.64025,194.561,48.64025,0.0012797824402082842,0.7184597623859575,0.0,0.0
122,Device,Conv2DBackpropFilter,gradient_tape/inception_v3/conv2d_54/Conv2D/Conv2DBackpropFilter,4,194.561,48.64025,194.561,48.64025,0.0012797824402082842,0.7197395448261659,0.0,0.0
123,Device,Conv2DBackpropFilter,gradient_tape/inception_v3/conv2d_61/Conv2D/Conv2DBackpropFilter,4,194.561,48.64025,194.561,48.64025,0.0012797824402082842,0.7210193272663742,0.0,0.0
124,Device,Conv2D,inception_v3/conv2d_77/Conv2D,4,194.561,48.64025,194.561,48.64025,0.0012797824402082842,0.7222991097065825,0.0,0.0
125,Device,Conv2DBackpropFilter,gradient_tape/inception_v3/conv2d_41/Conv2D/Conv2DBackpropFilter,4,193.537,48.38425,193.537,48.38425,0.001273046777774532,0.723572156484357,0.0,0.0
126,Device,Conv2DBackpropFilter,gradient_tape/inception_v3/conv2d_64/Conv2D/Conv2DBackpropFilter,4,193.537,48.38425,193.537,48.38425,0.001273046777774532,0.7248452032621315,0.0,0.0
127,Device,Conv2DBackpropFilter,gradient_tape/inception_v3/conv2d_44/Conv2D/Conv2DBackpropFilter,4,190.465,47.61625,190.465,47.61625,0.001252839790473275,0.7260980430526048,0.0,0.0
128,Device,Conv2DBackpropFilter,gradient_tape/inception_v3/conv2d_34/Conv2D/Conv2DBackpropFilter,4,188.417,47.10425,188.417,47.10425,0.0012393684656057703,0.7273374115182106,0.0,0.0
129,Device,Conv2D,inception_v3/conv2d_80/Conv2D,2,188.417,94.2085,188.417,94.2085,0.0012393684656057703,0.7285767799838164,0.0,0.0
130,Device,Conv2DBackpropFilter,gradient_tape/inception_v3/conv2d_31/Conv2D/Conv2DBackpropFilter,4,186.369,46.59225,186.369,46.59225,0.0012258971407382658,0.7298026771245547,0.0,0.0
131,Device,Conv2D,inception_v3/conv2d_70/Conv2D,2,184.321,92.1605,184.321,92.1605,0.0012124258158707612,0.7310151029404255,0.0,0.0
132,Device,Conv2D,inception_v3/conv2d_60/Conv2D,2,183.297,91.6485,183.297,91.6485,0.0012056901534370087,0.7322207930938625,0.0,0.0
133,Device,Conv2D,inception_v3/conv2d_30/Conv2D,2,182.273,91.1365,182.273,91.1365,0.0011989544910032564,0.7334197475848657,0.0,0.0
134,Device,Conv2D,inception_v3/conv2d_50/Conv2D,2,182.273,91.1365,182.273,91.1365,0.0011989544910032564,0.734618702075869,0.0,0.0
135,Device,Conv2D,inception_v3/conv2d_59/Conv2D,2,182.273,91.1365,182.273,91.1365,0.0011989544910032564,0.7358176565668723,0.0,0.0
136,Device,Conv2D,inception_v3/conv2d_69/Conv2D,2,182.273,91.1365,182.273,91.1365,0.0011989544910032564,0.7370166110578755,0.0,0.0
137,Device,Conv2D,inception_v3/conv2d_40/Conv2D,2,181.249,90.6245,181.249,90.6245,0.0011922188285695041,0.738208829886445,0.0,0.0
138,Device,Conv2D,inception_v3/conv2d_39/Conv2D,2,181.248,90.624,181.248,90.624,0.0011922122507741586,0.7394010421372191,0.0,0.0
139,Device,Conv2DBackpropFilter,gradient_tape/inception_v3/conv2d_37/Conv2D/Conv2DBackpropFilter,2,180.225,90.1125,180.225,90.1125,0.0011854831661357518,0.7405865253033549,0.0,0.0
140,Device,Conv2D,inception_v3/conv2d_61/Conv2D,2,180.225,90.1125,180.225,90.1125,0.0011854831661357518,0.7417720084694907,0.0,0.0
141,Device,Conv2D,inception_v3/conv2d_49/Conv2D,2,180.224,90.112,180.224,90.112,0.0011854765883404063,0.7429574850578311,0.0,0.0
142,Device,Conv2D,inception_v3/conv2d_72/Conv2D,2,179.201,89.6005,179.201,89.6005,0.0011787475037019996,0.744136232561533,0.0,0.0
143,Device,Conv2DBackpropInput,gradient_tape/inception_v3/conv2d_66/Conv2D/Conv2DBackpropInput,4,179.2,44.8,179.2,44.8,0.001178740925906654,0.7453149734874397,0.0,0.0
144,Device,AvgPoolGrad,gradient_tape/inception_v3/average_pooling2d_2/AvgPoolGrad,2,178.178,89.089,178.178,89.089,0.0011720184190635928,0.7464869919065032,0.0,0.0
145,Device,Conv2DBackpropInput,gradient_tape/inception_v3/conv2d_63/Conv2D/Conv2DBackpropInput,4,178.177,44.54425,178.177,44.54425,0.0011720118412682473,0.7476590037477715,0.0,0.0
146,Device,Conv2DBackpropInput,gradient_tape/inception_v3/conv2d_67/Conv2D/Conv2DBackpropInput,4,177.154,44.2885,177.154,44.2885,0.0011652827566298403,0.7488242865044014,0.0,0.0
147,Device,Conv2D,inception_v3/conv2d_64/Conv2D,2,177.153,88.5765,177.153,88.5765,0.001165276178834495,0.7499895626832358,0.0,0.0
148,Device,Conv2DBackpropFilter,gradient_tape/inception_v3/conv2d_35/Conv2D/Conv2DBackpropFilter,2,177.152,88.576,177.152,88.576,0.0011652696010391495,0.7511548322842749,0.0,0.0
149,Device,Conv2DBackpropInput,gradient_tape/inception_v3/conv2d_68/Conv2D/Conv2DBackpropInput,4,176.128,44.032,176.128,44.032,0.0011585339386053972,0.7523133662228804,0.0,0.0
150,Device,Conv2DBackpropInput,gradient_tape/inception_v3/conv2d_74/Conv2D/Conv2DBackpropInput,4,175.105,43.77625,175.105,43.77625,0.0011518048539669902,0.7534651710768474,0.0,0.0
151,Device,Conv2D,inception_v3/conv2d_73/Conv2D,4,175.105,43.77625,175.105,43.77625,0.0011518048539669902,0.7546169759308144,0.0,0.0
152,Device,Conv2D,inception_v3/conv2d_76/Conv2D,4,175.105,43.77625,175.105,43.77625,0.0011518048539669902,0.7557687807847815,0.0,0.0
153,Device,Conv2DBackpropInput,gradient_tape/inception_v3/conv2d_73/Conv2D/Conv2DBackpropInput,4,175.104,43.776,175.104,43.776,0.001151798276171645,0.7569205790609531,0.0,0.0
154,Device,Conv2DBackpropInput,gradient_tape/inception_v3/conv2d_65/Conv2D/Conv2DBackpropInput,4,174.081,43.52025,174.081,43.52025,0.001145069191533238,0.7580656482524863,0.0,0.0
155,Device,Conv2D,inception_v3/conv2d_66/Conv2D,4,174.081,43.52025,174.081,43.52025,0.001145069191533238,0.7592107174440196,0.0,0.0
156,Device,AddN,SGD/gradients/AddN_14,2,174.08,87.04,174.08,87.04,0.0011450626137378926,0.7603557800577575,0.0,0.0
157,Device,Conv2DBackpropInput,gradient_tape/inception_v3/conv2d_62/Conv2D/Conv2DBackpropInput,4,174.08,43.52,174.08,43.52,0.0011450626137378926,0.7615008426714954,0.0,0.0
158,Device,Conv2D,inception_v3/conv2d_62/Conv2D,4,174.08,43.52,174.08,43.52,0.0011450626137378926,0.7626459052852333,0.0,0.0
159,Device,Conv2DBackpropInput,gradient_tape/inception_v3/conv2d_53/Conv2D/Conv2DBackpropInput,4,173.056,43.264,173.056,43.264,0.0011383269513041403,0.7637842322365375,0.0,0.0
160,Device,Conv2DBackpropInput,gradient_tape/inception_v3/conv2d_43/Conv2D/Conv2DBackpropInput,4,172.032,43.008,172.032,43.008,0.001131591288870388,0.7649158235254079,0.0,0.0
161,Device,Conv2D,inception_v3/conv2d_71/Conv2D,4,169.985,42.49625,169.985,42.49625,0.0011181265417982288,0.7660339500672061,0.0,0.0
162,Device,Conv2DBackpropInput,gradient_tape/inception_v3/conv2d_48/Conv2D/Conv2DBackpropInput,4,169.984,42.496,169.984,42.496,0.0011181199640028835,0.767152070031209,0.0,0.0
163,Device,Conv2DBackpropInput,gradient_tape/inception_v3/conv2d_58/Conv2D/Conv2DBackpropInput,4,168.961,42.24025,168.961,42.24025,0.0011113908793644765,0.7682634609105735,0.0,0.0
164,Device,Conv2DBackpropInput,gradient_tape/inception_v3/conv2d_3/Conv2D/Conv2DBackpropInput,2,168.96,84.48,168.96,84.48,0.001111384301569131,0.7693748452121426,0.0,0.0
165,Device,Conv2DBackpropInput,gradient_tape/inception_v3/conv2d_89/Conv2D/Conv2DBackpropInput,2,168.96,84.48,168.96,84.48,0.001111384301569131,0.7704862295137117,0.0,0.0
166,Device,Conv2D,inception_v3/conv2d_43/Conv2D,4,166.913,41.72825,166.913,41.72825,0.001097919554496972,0.7715841490682087,0.0,0.0
167,Device,Conv2DBackpropInput,gradient_tape/inception_v3/conv2d_16/Conv2D/Conv2DBackpropInput,2,166.912,83.456,166.912,83.456,0.0010979129767016264,0.7726820620449103,0.0,0.0
168,Device,Conv2DBackpropInput,gradient_tape/inception_v3/conv2d_23/Conv2D/Conv2DBackpropInput,2,166.912,83.456,166.912,83.456,0.0010979129767016264,0.7737799750216119,0.0,0.0
169,Device,Conv2D,inception_v3/conv2d_55/Conv2D,4,166.912,41.728,166.912,41.728,0.0010979129767016264,0.7748778879983135,0.0,0.0
170,Device,Conv2DBackpropInput,gradient_tape/inception_v3/conv2d_28/Conv2D/Conv2DBackpropInput,2,165.888,82.944,165.888,82.944,0.0010911773142678741,0.7759690653125814,0.0,0.0
171,Device,Conv2DBackpropInput,gradient_tape/inception_v3/conv2d_9/Conv2D/Conv2DBackpropInput,2,165.888,82.944,165.888,82.944,0.0010911773142678741,0.7770602426268493,0.0,0.0
172,Device,Conv2D,inception_v3/conv2d_45/Conv2D,4,165.888,41.472,165.888,41.472,0.0010911773142678741,0.7781514199411171,0.0,0.0
173,Device,Conv2DBackpropInput,gradient_tape/inception_v3/conv2d_33/Conv2D/Conv2DBackpropInput,4,163.841,40.96025,163.841,40.96025,0.001077712567195715,0.7792291325083128,0.0,0.0
174,Device,Conv2D,inception_v3/conv2d_68/Conv2D,4,163.84,40.96,163.84,40.96,0.0010777059894003696,0.7803068384977132,0.0,0.0
175,Device,Conv2DBackpropInput,gradient_tape/inception_v3/conv2d_38/Conv2D/Conv2DBackpropInput,4,161.792,40.448,161.792,40.448,0.0010642346645328648,0.7813710731622461,0.0,0.0
176,Device,AvgPoolGrad,gradient_tape/inception_v3/average_pooling2d_1/AvgPoolGrad,2,159.745,79.8725,159.745,79.8725,0.0010507699174607057,0.7824218430797067,0.0,0.0
177,Device,Conv2D,inception_v3/conv2d_47/Conv2D,4,158.721,39.68025,158.721,39.68025,0.0010440342550269534,0.7834658773347337,0.0,0.0
178,Device,Conv2DBackpropFilter,gradient_tape/inception_v3/conv2d_19/Conv2D/Conv2DBackpropFilter,2,158.72,79.36,158.72,79.36,0.001044027677231608,0.7845099050119654,0.0,0.0
179,Device,Conv2D,inception_v3/conv2d_53/Conv2D,4,157.697,39.42425,157.697,39.42425,0.0010372985925932012,0.7855472036045585,0.0,0.0
180,Device,Conv2D,inception_v3/conv2d_57/Conv2D,4,157.696,39.424,157.696,39.424,0.0010372920147978556,0.7865844956193564,0.0,0.0
181,Device,AvgPool,inception_v3/average_pooling2d_2/AvgPool,2,155.648,77.824,155.648,77.824,0.001023820689930351,0.7876083163092867,0.0,0.0
182,Device,Conv2DBackpropFilter,gradient_tape/inception_v3/conv2d_27/Conv2D/Conv2DBackpropFilter,2,154.625,77.3125,154.625,77.3125,0.001017091605291944,0.7886254079145787,0.0,0.0
183,Device,Conv2DBackpropInput,gradient_tape/inception_v3/conv2d_56/Conv2D/Conv2DBackpropInput,4,154.625,38.65625,154.625,38.65625,0.001017091605291944,0.7896424995198706,0.0,0.0
184,Device,MaxPoolGrad,gradient_tape/inception_v3/max_pooling2d_2/MaxPool/MaxPoolGrad,2,154.625,77.3125,154.625,77.3125,0.001017091605291944,0.7906595911251626,0.0,0.0
185,Device,Relu,inception_v3/activation_3/Relu,2,154.624,77.312,154.624,77.312,0.0010170850274965986,0.7916766761526592,0.0,0.0
186,Device,Conv2DBackpropFilter,gradient_tape/inception_v3/conv2d_25/Conv2D/Conv2DBackpropFilter,2,153.601,76.8005,153.601,76.8005,0.0010103559428581918,0.7926870320955174,0.0,0.0
187,Device,Conv2D,inception_v3/conv2d_42/Conv2D,4,153.601,38.40025,153.601,38.40025,0.0010103559428581918,0.7936973880383755,0.0,0.0
188,Device,Conv2D,inception_v3/conv2d_52/Conv2D,4,153.6,38.4,153.6,38.4,0.0010103493650628463,0.7947077374034384,0.0,0.0
189,Device,Conv2D,inception_v3/conv2d_16/Conv2D,2,152.578,76.289,152.578,76.289,0.001003626858219785,0.7957113642616581,0.0,0.0
190,Device,Conv2D,inception_v3/conv2d_28/Conv2D,2,152.578,76.289,152.578,76.289,0.001003626858219785,0.7967149911198779,0.0,0.0
191,Device,Conv2DBackpropInput,gradient_tape/inception_v3/conv2d_29/Conv2D/Conv2DBackpropInput,2,152.577,76.2885,152.577,76.2885,0.0010036202804244395,0.7977186114003023,0.0,0.0
192,Device,Conv2DBackpropInput,gradient_tape/inception_v3/conv2d_55/Conv2D/Conv2DBackpropInput,4,152.577,38.14425,152.577,38.14425,0.0010036202804244395,0.7987222316807268,0.0,0.0
193,Device,Conv2DBackpropFilter,gradient_tape/inception_v3/conv2d_22/Conv2D/Conv2DBackpropFilter,2,152.576,76.288,152.576,76.288,0.001003613702629094,0.7997258453833559,0.0,0.0
194,Device,Conv2D,inception_v3/conv2d_9/Conv2D,2,152.576,76.288,152.576,76.288,0.001003613702629094,0.800729459085985,0.0,0.0
195,Device,Conv2DBackpropInput,gradient_tape/inception_v3/conv2d_42/Conv2D/Conv2DBackpropInput,4,151.552,37.888,151.552,37.888,0.0009968780401953417,0.8017263371261804,0.0,0.0
196,Device,Conv2DBackpropInput,gradient_tape/inception_v3/conv2d_46/Conv2D/Conv2DBackpropInput,4,151.552,37.888,151.552,37.888,0.0009968780401953417,0.8027232151663757,0.0,0.0
197,Device,Conv2DBackpropInput,gradient_tape/inception_v3/conv2d_52/Conv2D/Conv2DBackpropInput,4,150.529,37.63225,150.529,37.63225,0.000990148955556935,0.8037133641219326,0.0,0.0
198,Device,Conv2D,inception_v3/conv2d_56/Conv2D,4,150.529,37.63225,150.529,37.63225,0.000990148955556935,0.8047035130774896,0.0,0.0
199,Device,Conv2D,inception_v3/conv2d_23/Conv2D,2,150.528,75.264,150.528,75.264,0.0009901423777615894,0.8056936554552512,0.0,0.0
200,Device,Conv2DBackpropInput,gradient_tape/inception_v3/conv2d_86/Conv2D/Conv2DBackpropInput,2,149.505,74.7525,149.505,74.7525,0.0009834132931231827,0.8066770687483744,0.0,0.0
201,Device,AddN,SGD/gradients/AddN_7,2,149.504,74.752,149.504,74.752,0.0009834067153278371,0.8076604754637022,0.0,0.0
202,Device,Conv2DBackpropInput,gradient_tape/inception_v3/conv2d_57/Conv2D/Conv2DBackpropInput,4,149.504,37.376,149.504,37.376,0.0009834067153278371,0.80864388217903,0.0,0.0
203,Device,AddN,SGD/gradients/AddN_10,2,148.481,74.2405,148.481,74.2405,0.0009766776306894302,0.8096205598097195,0.0,0.0
204,Device,AddN,SGD/gradients/AddN_8,2,148.481,74.2405,148.481,74.2405,0.0009766776306894302,0.8105972374404089,0.0,0.0
205,Device,AddN,SGD/gradients/AddN_9,2,148.481,74.2405,148.481,74.2405,0.0009766776306894302,0.8115739150710983,0.0,0.0
206,Device,Conv2DBackpropInput,gradient_tape/inception_v3/conv2d_45/Conv2D/Conv2DBackpropInput,4,148.481,37.12025,148.481,37.12025,0.0009766776306894302,0.8125505927017878,0.0,0.0
207,Device,Conv2DBackpropInput,gradient_tape/inception_v3/conv2d_47/Conv2D/Conv2DBackpropInput,4,148.481,37.12025,148.481,37.12025,0.0009766776306894302,0.8135272703324772,0.0,0.0
208,Device,Conv2D,inception_v3/conv2d_44/Conv2D,2,148.481,74.2405,148.481,74.2405,0.0009766776306894302,0.8145039479631666,0.0,0.0
209,Device,Conv2D,inception_v3/conv2d_51/Conv2D,2,147.457,73.7285,147.457,73.7285,0.0009699419682556779,0.8154738899314223,0.0,0.0
210,Device,Conv2DBackpropFilter,gradient_tape/inception_v3/conv2d_20/Conv2D/Conv2DBackpropFilter,2,147.456,73.728,147.456,73.728,0.0009699353904603325,0.8164438253218826,0.0,0.0
211,Device,Conv2D,inception_v3/conv2d_84/Conv2D,4,147.456,36.864,147.456,36.864,0.0009699353904603325,0.817413760712343,0.0,0.0
212,Device,Conv2D,inception_v3/conv2d_54/Conv2D,2,146.433,73.2165,146.433,73.2165,0.0009632063058219256,0.8183769670181649,0.0,0.0
213,Device,Conv2D,inception_v3/conv2d_41/Conv2D,2,146.432,73.216,146.432,73.216,0.0009631997280265801,0.8193401667461915,0.0,0.0
214,Device,Conv2D,inception_v3/conv2d_48/Conv2D,4,145.408,36.352,145.408,36.352,0.0009564640655928278,0.8202966308117843,0.0,0.0
215,Device,Conv2DBackpropInput,gradient_tape/inception_v3/conv2d_80/Conv2D/Conv2DBackpropInput,2,144.384,72.192,144.384,72.192,0.0009497284031590755,0.8212463592149434,0.0,0.0
216,Device,Conv2D,inception_v3/conv2d_46/Conv2D,4,143.361,35.84025,143.361,35.84025,0.0009429993185206686,0.8221893585334641,0.0,0.0
217,Device,Conv2D,inception_v3/conv2d_58/Conv2D,4,143.36,35.84,143.36,35.84,0.0009429927407253233,0.8231323512741894,0.0,0.0
218,Device,Conv2DBackpropInput,gradient_tape/inception_v3/conv2d_75/Conv2D/Conv2DBackpropInput,2,141.312,70.656,141.312,70.656,0.0009295214158578188,0.8240618726900472,0.0,0.0
219,Device,Conv2DBackpropFilter,gradient_tape/inception_v3/conv2d_89/Conv2D/Conv2DBackpropFilter,2,141.312,70.656,141.312,70.656,0.0009295214158578188,0.8249913941059049,0.0,0.0
220,Device,Conv2DBackpropFilter,gradient_tape/inception_v3/conv2d_29/Conv2D/Conv2DBackpropFilter,4,140.289,35.07225,140.289,35.07225,0.0009227923312194117,0.8259141864371243,0.0,0.0
221,Device,Conv2D,inception_v3/conv2d_75/Conv2D,4,138.241,34.56025,138.241,34.56025,0.0009093210063519073,0.8268235074434762,0.0,0.0
222,Device,AvgPool,inception_v3/average_pooling2d_1/AvgPool,2,137.216,68.608,137.216,68.608,0.0009025787661228095,0.827726086209599,0.0,0.0
223,Device,Conv2D,inception_v3/conv2d_33/Conv2D,4,136.192,34.048,136.192,34.048,0.0008958431036890571,0.828621929313288,0.0,0.0
224,Device,Conv2DBackpropInput,gradient_tape/inception_v3/conv2d_82/Conv2D/Conv2DBackpropInput,4,135.168,33.792,135.168,33.792,0.0008891074412553048,0.8295110367545433,0.0,0.0
225,Device,Conv2DBackpropInput,gradient_tape/inception_v3/conv2d_78/Conv2D/Conv2DBackpropInput,4,134.145,33.53625,134.145,33.53625,0.000882378356616898,0.8303934151111602,0.0,0.0
226,Device,Conv2D,inception_v3/conv2d_38/Conv2D,4,134.145,33.53625,134.145,33.53625,0.000882378356616898,0.831275793467777,0.0,0.0
227,Device,Conv2DBackpropInput,gradient_tape/inception_v3/conv2d_92/Conv2D/Conv2DBackpropInput,4,133.121,33.28025,133.121,33.28025,0.0008756426941831457,0.8321514361619602,0.0,0.0
228,Device,Conv2DBackpropInput,gradient_tape/inception_v3/conv2d_85/Conv2D/Conv2DBackpropInput,2,133.12,66.56,133.12,66.56,0.0008756361163878002,0.8330270722783479,0.0,0.0
229,Device,Conv2DBackpropInput,gradient_tape/inception_v3/conv2d_87/Conv2D/Conv2DBackpropInput,4,133.12,33.28,133.12,33.28,0.0008756361163878002,0.8339027083947357,0.0,0.0
230,Device,Conv2DBackpropInput,gradient_tape/inception_v3/conv2d_91/Conv2D/Conv2DBackpropInput,4,132.097,33.02425,132.097,33.02425,0.0008689070317493934,0.834771615426485,0.0,0.0
231,Device,Conv2D,inception_v3/conv2d_79/Conv2D,4,132.097,33.02425,132.097,33.02425,0.0008689070317493934,0.8356405224582344,0.0,0.0
232,Device,Conv2DBackpropInput,gradient_tape/inception_v3/conv2d_79/Conv2D/Conv2DBackpropInput,4,132.096,33.024,132.096,33.024,0.0008689004539540479,0.8365094229121884,0.0,0.0
233,Device,Conv2DBackpropInput,gradient_tape/inception_v3/conv2d_83/Conv2D/Conv2DBackpropInput,4,132.096,33.024,132.096,33.024,0.0008689004539540479,0.8373783233661425,0.0,0.0
234,Device,Conv2D,inception_v3/conv2d_92/Conv2D,4,131.073,32.76825,131.073,32.76825,0.0008621713693156411,0.8382404947354581,0.0,0.0
235,Device,Conv2DBackpropInput,gradient_tape/inception_v3/conv2d_88/Conv2D/Conv2DBackpropInput,4,131.072,32.768,131.072,32.768,0.0008621647915202956,0.8391026595269785,0.0,0.0
236,Device,Conv2D,inception_v3/conv2d_83/Conv2D,4,131.072,32.768,131.072,32.768,0.0008621647915202956,0.8399648243184988,0.0,0.0
237,Device,Conv2D,inception_v3/conv2d_82/Conv2D,4,130.048,32.512,130.048,32.512,0.0008554291290865433,0.8408202534475854,0.0,0.0
238,Device,Conv2D,inception_v3/conv2d_87/Conv2D,4,130.048,32.512,130.048,32.512,0.0008554291290865433,0.8416756825766719,0.0,0.0
239,Device,Conv2D,inception_v3/conv2d_88/Conv2D,4,130.048,32.512,130.048,32.512,0.0008554291290865433,0.8425311117057585,0.0,0.0
240,Device,Conv2DBackpropInput,gradient_tape/inception_v3/conv2d_25/Conv2D/Conv2DBackpropInput,2,129.025,64.5125,129.025,64.5125,0.0008487000444481364,0.8433798117502066,0.0,0.0
241,Device,Conv2DBackpropInput,gradient_tape/inception_v3/conv2d_27/Conv2D/Conv2DBackpropInput,2,129.025,64.5125,129.025,64.5125,0.0008487000444481364,0.8442285117946547,0.0,0.0
242,Device,Conv2DBackpropInput,gradient_tape/inception_v3/conv2d_77/Conv2D/Conv2DBackpropInput,2,129.025,64.5125,129.025,64.5125,0.0008487000444481364,0.8450772118391029,0.0,0.0
243,Device,Conv2D,inception_v3/conv2d_78/Conv2D,4,129.025,32.25625,129.025,32.25625,0.0008487000444481364,0.845925911883551,0.0,0.0
244,Device,Conv2D,inception_v3/conv2d_91/Conv2D,4,129.025,32.25625,129.025,32.25625,0.0008487000444481364,0.8467746119279992,0.0,0.0
245,Device,ConcatV2,inception_v3/mixed1/concat,8,129.024,16.128,129.024,16.128,0.0008486934666527909,0.847623305394652,0.0,0.0
246,Device,ConcatV2,inception_v3/mixed2/concat,8,129.024,16.128,129.024,16.128,0.0008486934666527909,0.8484719988613049,0.0,0.0
247,Device,Conv2DBackpropInput,gradient_tape/inception_v3/conv2d_70/Conv2D/Conv2DBackpropInput,2,128.0,64.0,128.0,64.0,0.0008419578042190386,0.8493139566655239,0.0,0.0
248,Device,Conv2D,inception_v3/conv2d_36/Conv2D,4,128.0,32.0,128.0,32.0,0.0008419578042190386,0.8501559144697429,0.0,0.0
249,Device,Conv2DBackpropInput,gradient_tape/inception_v3/conv2d_22/Conv2D/Conv2DBackpropInput,2,125.953,62.9765,125.953,62.9765,0.0008284930571468795,0.8509844075268898,0.0,0.0
250,Device,Conv2DBackpropInput,gradient_tape/inception_v3/conv2d_49/Conv2D/Conv2DBackpropInput,2,125.953,62.9765,125.953,62.9765,0.0008284930571468795,0.8518129005840366,0.0,0.0
251,Device,Conv2DBackpropInput,gradient_tape/inception_v3/conv2d_61/Conv2D/Conv2DBackpropInput,2,125.953,62.9765,125.953,62.9765,0.0008284930571468795,0.8526413936411834,0.0,0.0
252,Device,Conv2D,inception_v3/conv2d_31/Conv2D,2,125.952,62.976,125.952,62.976,0.000828486479351534,0.8534698801205349,0.0,0.0
253,Device,SoftmaxCrossEntropyWithLogits,categorical_crossentropy/softmax_cross_entropy_with_logits,2,124.93,62.465,124.93,62.465,0.0008217639725084727,0.8542916440930434,0.0,0.0
254,Device,Conv2DBackpropInput,gradient_tape/inception_v3/conv2d_60/Conv2D/Conv2DBackpropInput,2,124.929,62.4645,124.929,62.4645,0.0008217573947131272,0.8551134014877565,0.0,0.0
255,Device,Transpose,gradient_tape/inception_v3/conv2d/Conv2D/Conv2DBackpropFilter-0-TransposeNHWCToNCHW-LayoutOptimizer,2,124.928,62.464,124.928,62.464,0.0008217508169177817,0.8559351523046743,0.0,0.0
256,Device,Conv2DBackpropInput,gradient_tape/inception_v3/conv2d_30/Conv2D/Conv2DBackpropInput,2,124.928,62.464,124.928,62.464,0.0008217508169177817,0.8567569031215921,0.0,0.0
257,Device,Conv2DBackpropFilter,gradient_tape/inception_v3/conv2d_5/Conv2D/Conv2DBackpropFilter,2,124.928,62.464,124.928,62.464,0.0008217508169177817,0.85757865393851,0.0,0.0
258,Device,Conv2DBackpropInput,gradient_tape/inception_v3/conv2d_64/Conv2D/Conv2DBackpropInput,2,124.928,62.464,124.928,62.464,0.0008217508169177817,0.8584004047554278,0.0,0.0
259,Device,Conv2DBackpropInput,gradient_tape/inception_v3/conv2d_19/Conv2D/Conv2DBackpropInput,2,123.906,61.953,123.906,61.953,0.0008150283100747203,0.8592154330655025,0.0,0.0
260,Device,Conv2DBackpropInput,gradient_tape/inception_v3/conv2d_39/Conv2D/Conv2DBackpropInput,2,123.905,61.9525,123.905,61.9525,0.0008150217322793749,0.8600304547977818,0.0,0.0
261,Device,Conv2DBackpropInput,gradient_tape/inception_v3/conv2d_50/Conv2D/Conv2DBackpropInput,2,123.905,61.9525,123.905,61.9525,0.0008150217322793749,0.8608454765300612,0.0,0.0
262,Device,Conv2DBackpropInput,gradient_tape/inception_v3/conv2d_69/Conv2D/Conv2DBackpropInput,2,123.905,61.9525,123.905,61.9525,0.0008150217322793749,0.8616604982623405,0.0,0.0
263,Device,Conv2D,inception_v3/conv2d_32/Conv2D,4,123.905,30.97625,123.905,30.97625,0.0008150217322793749,0.8624755199946198,0.0,0.0
264,Device,Conv2DBackpropInput,gradient_tape/inception_v3/conv2d_40/Conv2D/Conv2DBackpropInput,2,123.904,61.952,123.904,61.952,0.0008150151544840294,0.8632905351491038,0.0,0.0
265,Device,Conv2DBackpropInput,gradient_tape/inception_v3/conv2d_59/Conv2D/Conv2DBackpropInput,2,123.904,61.952,123.904,61.952,0.0008150151544840294,0.8641055503035878,0.0,0.0
266,Device,Conv2DBackpropInput,gradient_tape/inception_v3/conv2d_72/Conv2D/Conv2DBackpropInput,2,123.904,61.952,123.904,61.952,0.0008150151544840294,0.8649205654580718,0.0,0.0
267,Device,AvgPoolGrad,gradient_tape/inception_v3/average_pooling2d/AvgPoolGrad,2,121.858,60.929,121.858,60.929,0.0008015569852072158,0.8657221224432791,0.0,0.0
268,Device,Conv2D,inception_v3/conv2d_34/Conv2D,2,121.856,60.928,121.856,60.928,0.0008015438296165247,0.8665236662728956,0.0,0.0
269,Device,Conv2DBackpropFilter,gradient_tape/inception_v3/conv2d_71/Conv2D/Conv2DBackpropFilter,2,120.834,60.417,120.834,60.417,0.0007948213227734635,0.867318487595669,0.0,0.0
270,Device,Conv2DBackpropInput,gradient_tape/inception_v3/conv2d_36/Conv2D/Conv2DBackpropInput,4,120.832,30.208,120.832,30.208,0.0007948081671827724,0.8681132957628518,0.0,0.0
271,Device,Conv2DBackpropFilter,gradient_tape/inception_v3/conv2d_86/Conv2D/Conv2DBackpropFilter,2,120.832,60.416,120.832,60.416,0.0007948081671827724,0.8689081039300346,0.0,0.0
272,Device,Conv2DBackpropInput,gradient_tape/inception_v3/conv2d_35/Conv2D/Conv2DBackpropInput,4,119.809,29.95225,119.809,29.95225,0.0007880790825443656,0.869696183012579,0.0,0.0
273,Device,Conv2DBackpropInput,gradient_tape/inception_v3/conv2d_37/Conv2D/Conv2DBackpropInput,4,119.808,29.952,119.808,29.952,0.0007880725047490203,0.870484255517328,0.0,0.0
274,Device,Conv2DBackpropInput,gradient_tape/inception_v3/conv2d_20/Conv2D/Conv2DBackpropInput,2,118.784,59.392,118.784,59.392,0.0007813368423152679,0.8712655923596433,0.0,0.0
275,Device,Conv2DBackpropInput,gradient_tape/inception_v3/conv2d_32/Conv2D/Conv2DBackpropInput,4,117.761,29.44025,117.761,29.44025,0.000774607757676861,0.8720402001173202,0.0,0.0
276,Device,AddN,SGD/gradients/AddN_6,2,117.76,58.88,117.76,58.88,0.0007746011798815156,0.8728148012972017,0.0,0.0
277,Device,ConcatV2,inception_v3/mixed0/concat,8,116.738,14.59225,116.738,14.59225,0.0007678786730384541,0.8735826799702401,0.0,0.0
278,Device,Conv2DBackpropInput,gradient_tape/inception_v3/conv2d_15/Conv2D/Conv2DBackpropInput,2,116.737,58.3685,116.737,58.3685,0.0007678720952431087,0.8743505520654832,0.0,0.0
279,Device,Conv2DBackpropFilter,gradient_tape/inception_v3/conv2d_85/Conv2D/Conv2DBackpropFilter,2,116.737,58.3685,116.737,58.3685,0.0007678720952431087,0.8751184241607263,0.0,0.0
280,Device,Conv2DBackpropInput,gradient_tape/inception_v3/conv2d_18/Conv2D/Conv2DBackpropInput,2,116.736,58.368,116.736,58.368,0.0007678655174477633,0.8758862896781741,0.0,0.0
281,Device,Conv2DBackpropFilter,gradient_tape/inception_v3/conv2d_8/Conv2D/Conv2DBackpropFilter,2,116.736,58.368,116.736,58.368,0.0007678655174477633,0.8766541551956218,0.0,0.0
282,Device,Conv2D,inception_v3/conv2d_19/Conv2D,2,114.69,57.345,114.69,57.345,0.0007544073481709496,0.8774085625437928,0.0,0.0
283,Device,Conv2DBackpropInput,gradient_tape/inception_v3/conv2d_12/Conv2D/Conv2DBackpropInput,2,113.665,56.8325,113.665,56.8325,0.0007476651079418519,0.8781562276517347,0.0,0.0
284,Device,Conv2DBackpropInput,gradient_tape/inception_v3/conv2d_41/Conv2D/Conv2DBackpropInput,2,112.641,56.3205,112.641,56.3205,0.0007409294455080995,0.8788971570972428,0.0,0.0
285,Device,Conv2D,inception_v3/conv2d_27/Conv2D,2,112.641,56.3205,112.641,56.3205,0.0007409294455080995,0.8796380865427509,0.0,0.0
286,Device,Conv2DBackpropInput,gradient_tape/inception_v3/conv2d_54/Conv2D/Conv2DBackpropInput,2,112.64,56.32,112.64,56.32,0.0007409228677127541,0.8803790094104637,0.0,0.0
287,Device,Conv2DBackpropFilter,gradient_tape/inception_v3/conv2d_6/Conv2D/Conv2DBackpropFilter,2,112.64,56.32,112.64,56.32,0.0007409228677127541,0.8811199322781764,0.0,0.0
288,Device,Conv2DBackpropInput,gradient_tape/inception_v3/conv2d_44/Conv2D/Conv2DBackpropInput,2,111.617,55.8085,111.617,55.8085,0.0007341937830743472,0.8818541260612508,0.0,0.0
289,Device,Conv2DBackpropInput,gradient_tape/inception_v3/conv2d_76/Conv2D/Conv2DBackpropInput,2,111.616,55.808,111.616,55.808,0.0007341872052790017,0.8825883132665298,0.0,0.0
290,Device,AvgPoolGrad,gradient_tape/inception_v3/average_pooling2d_3/AvgPoolGrad,2,110.593,55.2965,110.593,55.2965,0.0007274581206405949,0.8833157713871703,0.0,0.0
291,Device,AvgPoolGrad,gradient_tape/inception_v3/average_pooling2d_5/AvgPoolGrad,2,110.593,55.2965,110.593,55.2965,0.0007274581206405949,0.8840432295078109,0.0,0.0
292,Device,AvgPoolGrad,gradient_tape/inception_v3/average_pooling2d_4/AvgPoolGrad,2,110.592,55.296,110.592,55.296,0.0007274515428452494,0.8847706810506561,0.0,0.0
293,Device,Conv2DBackpropInput,gradient_tape/inception_v3/conv2d_51/Conv2D/Conv2DBackpropInput,2,110.592,55.296,110.592,55.296,0.0007274515428452494,0.8854981325935014,0.0,0.0
294,Device,Conv2D,inception_v3/conv2d_25/Conv2D,2,110.592,55.296,110.592,55.296,0.0007274515428452494,0.8862255841363467,0.0,0.0
295,Device,AvgPoolGrad,gradient_tape/inception_v3/average_pooling2d_6/AvgPoolGrad,2,109.569,54.7845,109.569,54.7845,0.0007207224582068425,0.8869463065945535,0.0,0.0
296,Device,Conv2DBackpropFilter,gradient_tape/inception_v3/conv2d_91/Conv2D/Conv2DBackpropFilter,2,109.569,54.7845,109.569,54.7845,0.0007207224582068425,0.8876670290527604,0.0,0.0
297,Device,Conv2D,inception_v3/conv2d_20/Conv2D,2,109.568,54.784,109.568,54.784,0.0007207158804114971,0.8883877449331719,0.0,0.0
298,Device,Conv2D,inception_v3/conv2d_22/Conv2D,2,109.568,54.784,109.568,54.784,0.0007207158804114971,0.8891084608135833,0.0,0.0
299,Device,Conv2D,inception_v3/conv2d_29/Conv2D,4,109.568,27.392,109.568,27.392,0.0007207158804114971,0.8898291766939948,0.0,0.0
300,Device,Conv2DBackpropFilter,gradient_tape/inception_v3/conv2d_82/Conv2D/Conv2DBackpropFilter,2,108.545,54.2725,108.545,54.2725,0.0007139867957730902,0.8905431634897678,0.0,0.0
301,Device,Conv2DBackpropInput,gradient_tape/inception_v3/conv2d_13/Conv2D/Conv2DBackpropInput,2,108.544,54.272,108.544,54.272,0.0007139802179777447,0.8912571437077456,0.0,0.0
302,Device,Conv2DBackpropFilter,gradient_tape/inception_v3/conv2d_78/Conv2D/Conv2DBackpropFilter,2,108.544,54.272,108.544,54.272,0.0007139802179777447,0.8919711239257233,0.0,0.0
303,Device,Conv2DBackpropFilter,gradient_tape/inception_v3/conv2d_87/Conv2D/Conv2DBackpropFilter,2,108.544,54.272,108.544,54.272,0.0007139802179777447,0.8926851041437011,0.0,0.0
304,Device,Conv2DBackpropFilter,gradient_tape/inception_v3/conv2d_11/Conv2D/Conv2DBackpropFilter,2,104.45,52.225,104.45,52.225,0.0006870507238334265,0.8933721548675345,0.0,0.0
305,Device,Conv2DBackpropInput,gradient_tape/inception_v3/conv2d_8/Conv2D/Conv2DBackpropInput,2,103.426,51.713,103.426,51.713,0.0006803150613996741,0.8940524699289342,0.0,0.0
306,Device,Conv2D,inception_v3/conv2d_15/Conv2D,2,102.4,51.2,102.4,51.2,0.000673566243375231,0.8947260361723094,0.0,0.0
307,Device,Conv2DBackpropInput,gradient_tape/inception_v3/conv2d_5/Conv2D/Conv2DBackpropInput,2,101.378,50.689,101.378,50.689,0.0006668437365321695,0.8953928799088415,0.0,0.0
308,Device,Conv2DBackpropInput,gradient_tape/inception_v3/conv2d_34/Conv2D/Conv2DBackpropInput,2,101.377,50.6885,101.377,50.6885,0.000666837158736824,0.8960597170675784,0.0,0.0
309,Device,Conv2DBackpropInput,gradient_tape/inception_v3/conv2d_31/Conv2D/Conv2DBackpropInput,2,101.376,50.688,101.376,50.688,0.0006668305809414786,0.8967265476485199,0.0,0.0
310,Device,Conv2D,inception_v3/conv2d_18/Conv2D,2,101.376,50.688,101.376,50.688,0.0006668305809414786,0.8973933782294614,0.0,0.0
311,Device,Conv2DBackpropFilter,gradient_tape/inception_v3/conv2d_80/Conv2D/Conv2DBackpropFilter,2,100.352,50.176,100.352,50.176,0.0006600949185077263,0.8980534731479691,0.0,0.0
312,Device,Conv2D,inception_v3/conv2d_12/Conv2D,2,100.352,50.176,100.352,50.176,0.0006600949185077263,0.8987135680664768,0.0,0.0
313,Device,Conv2D,inception_v3/conv2d_13/Conv2D,2,99.33,49.665,99.33,49.665,0.0006533724116646649,0.8993669404781415,0.0,0.0
314,Device,AvgPool,inception_v3/average_pooling2d_4/AvgPool,2,98.304,49.152,98.304,49.152,0.0006466235936402216,0.9000135640717817,0.0,0.0
315,Device,AvgPool,inception_v3/average_pooling2d_5/AvgPool,2,98.304,49.152,98.304,49.152,0.0006466235936402216,0.9006601876654219,0.0,0.0
316,Device,AvgPool,inception_v3/average_pooling2d_6/AvgPool,2,98.304,49.152,98.304,49.152,0.0006466235936402216,0.9013068112590621,0.0,0.0
317,Device,Conv2DBackpropFilter,gradient_tape/inception_v3/conv2d_77/Conv2D/Conv2DBackpropFilter,2,95.232,47.616,95.232,47.616,0.0006264166063389648,0.9019332278654011,0.0,0.0
318,Device,Conv2DBackpropInput,gradient_tape/inception_v3/conv2d_6/Conv2D/Conv2DBackpropInput,2,94.209,47.1045,94.209,47.1045,0.0006196875217005579,0.9025529153871017,0.0,0.0
319,Device,Conv2DBackpropFilter,gradient_tape/inception_v3/conv2d_75/Conv2D/Conv2DBackpropFilter,2,94.208,47.104,94.208,47.104,0.0006196809439052124,0.9031725963310069,0.0,0.0
320,Device,AvgPool,inception_v3/average_pooling2d/AvgPool,2,94.208,47.104,94.208,47.104,0.0006196809439052124,0.9037922772749121,0.0,0.0
321,Device,Conv2D,inception_v3/conv2d_35/Conv2D,4,93.185,23.29625,93.185,23.29625,0.0006129518592668056,0.9044052291341789,0.0,0.0
322,Device,Conv2DBackpropFilter,gradient_tape/inception_v3/conv2d_76/Conv2D/Conv2DBackpropFilter,2,92.16,46.08,92.16,46.08,0.0006062096190377078,0.9050114387532165,0.0,0.0
323,Device,AvgPool,inception_v3/average_pooling2d_3/AvgPool,2,91.136,45.568,91.136,45.568,0.0005994739566039554,0.9056109127098205,0.0,0.0
324,Device,Conv2DBackpropFilter,gradient_tape/inception_v3/conv2d_79/Conv2D/Conv2DBackpropFilter,2,90.112,45.056,90.112,45.056,0.0005927382941702032,0.9062036510039907,0.0,0.0
325,Device,Conv2DBackpropFilter,gradient_tape/inception_v3/conv2d_83/Conv2D/Conv2DBackpropFilter,2,90.112,45.056,90.112,45.056,0.0005927382941702032,0.9067963892981609,0.0,0.0
326,Device,Conv2DBackpropFilter,gradient_tape/inception_v3/conv2d_92/Conv2D/Conv2DBackpropFilter,2,90.112,45.056,90.112,45.056,0.0005927382941702032,0.907389127592331,0.0,0.0
327,Device,Conv2DBackpropFilter,gradient_tape/inception_v3/conv2d_88/Conv2D/Conv2DBackpropFilter,2,89.089,44.5445,89.089,44.5445,0.0005860092095317964,0.9079751368018628,0.0,0.0
328,Device,FusedBatchNormGradV3,gradient_tape/inception_v3/batch_normalization_10/FusedBatchNormGradV3,2,89.088,44.544,89.088,44.544,0.0005860026317364509,0.9085611394335993,0.0,0.0
329,Device,FusedBatchNormGradV3,gradient_tape/inception_v3/batch_normalization_24/FusedBatchNormGradV3,2,89.088,44.544,89.088,44.544,0.0005860026317364509,0.9091471420653358,0.0,0.0
330,Device,Conv2DBackpropInput,gradient_tape/inception_v3/conv2d_93/Conv2D/Conv2DBackpropInput,2,89.088,44.544,89.088,44.544,0.0005860026317364509,0.9097331446970722,0.0,0.0
331,Device,Conv2D,inception_v3/conv2d_37/Conv2D,4,88.066,22.0165,88.066,22.0165,0.0005792801248933895,0.9103124248219656,0.0,0.0
332,Device,FusedBatchNormGradV3,gradient_tape/inception_v3/batch_normalization_16/FusedBatchNormGradV3,2,88.064,44.032,88.064,44.032,0.0005792669693026986,0.9108916917912683,0.0,0.0
333,Device,FusedBatchNormGradV3,gradient_tape/inception_v3/batch_normalization_17/FusedBatchNormGradV3,2,88.064,44.032,88.064,44.032,0.0005792669693026986,0.9114709587605709,0.0,0.0
334,Device,FusedBatchNormGradV3,gradient_tape/inception_v3/batch_normalization_9/FusedBatchNormGradV3,2,88.064,44.032,88.064,44.032,0.0005792669693026986,0.9120502257298736,0.0,0.0
335,Device,FusedBatchNormGradV3,gradient_tape/inception_v3/batch_normalization_23/FusedBatchNormGradV3,2,87.04,43.52,87.04,43.52,0.0005725313068689463,0.9126227570367426,0.0,0.0
336,Device,Conv2D,inception_v3/conv2d_8/Conv2D,2,86.016,43.008,86.016,43.008,0.000565795644435194,0.9131885526811777,0.0,0.0
337,Device,Conv2D,inception_v3/conv2d_5/Conv2D,2,84.992,42.496,84.992,42.496,0.0005590599820014417,0.9137476126631792,0.0,0.0
338,Device,ResourceApplyGradientDescent,SGD/SGD/update_155/ResourceApplyGradientDescent,2,82.945,41.4725,82.945,41.4725,0.0005455952349292825,0.9142932078981084,0.0,0.0
339,Device,ResourceApplyGradientDescent,SGD/SGD/update_173/ResourceApplyGradientDescent,2,82.945,41.4725,82.945,41.4725,0.0005455952349292825,0.9148388031330377,0.0,0.0
340,Device,Conv2DBackpropInput,gradient_tape/inception_v3/conv2d_11/Conv2D/Conv2DBackpropInput,2,82.944,41.472,82.944,41.472,0.0005455886571339371,0.9153843917901716,0.0,0.0
341,Device,Conv2D,inception_v3/conv2d_6/Conv2D,2,81.922,40.961,81.922,40.961,0.0005388661502908756,0.9159232579404625,0.0,0.0
342,Device,ConcatV2,inception_v3/mixed5/concat,8,81.921,10.240125,81.921,10.240125,0.0005388595724955302,0.916462117512958,0.0,0.0
343,Device,ConcatV2,inception_v3/mixed7/concat,8,81.921,10.240125,81.921,10.240125,0.0005388595724955302,0.9170009770854536,0.0,0.0
344,Device,FusedBatchNormGradV3,gradient_tape/inception_v3/batch_normalization_28/FusedBatchNormGradV3,2,81.92,40.96,81.92,40.96,0.0005388529947001848,0.9175398300801537,0.0,0.0
345,Device,ConcatV2,inception_v3/mixed6/concat,8,81.92,10.24,81.92,10.24,0.0005388529947001848,0.9180786830748539,0.0,0.0
346,Device,ConcatV2,inception_v3/mixed4/concat,8,79.872,9.984,79.872,9.984,0.0005253816698326801,0.9186040647446865,0.0,0.0
347,Device,Conv2D,inception_v3/conv2d_11/Conv2D,2,77.824,38.912,77.824,38.912,0.0005119103449651755,0.9191159750896517,0.0,0.0
348,Device,MaxPool,inception_v3/max_pooling2d_2/MaxPool,2,77.824,38.912,77.824,38.912,0.0005119103449651755,0.9196278854346169,0.0,0.0
349,Device,Conv2DBackpropFilter,gradient_tape/inception_v3/conv2d_93/Conv2D/Conv2DBackpropFilter,2,76.8,38.4,76.8,38.4,0.0005051746825314231,0.9201330601171483,0.0,0.0
350,Device,Conv2DBackpropInput,gradient_tape/inception_v3/conv2d_84/Conv2D/Conv2DBackpropInput,2,74.752,37.376,74.752,37.376,0.0004917033576639186,0.9206247634748123,0.0,0.0
351,Device,ConcatV2,inception_v3/mixed3/concat,6,74.752,12.458666666666666,74.752,12.458666666666666,0.0004917033576639186,0.9211164668324762,0.0,0.0
352,Device,FusedBatchNormGradV3,gradient_tape/inception_v3/batch_normalization_18/FusedBatchNormGradV3,2,59.392,29.696,59.392,29.696,0.00039066842115763394,0.9215071352536338,0.0,0.0
353,Device,FusedBatchNormGradV3,gradient_tape/inception_v3/batch_normalization_25/FusedBatchNormGradV3,2,59.392,29.696,59.392,29.696,0.00039066842115763394,0.9218978036747915,0.0,0.0
354,Device,FusedBatchNormGradV3,gradient_tape/inception_v3/batch_normalization_12/FusedBatchNormGradV3,2,58.368,29.184,58.368,29.184,0.00038393275872388165,0.9222817364335153,0.0,0.0
355,Device,FusedBatchNormGradV3,gradient_tape/inception_v3/batch_normalization_7/FusedBatchNormGradV3,2,58.368,29.184,58.368,29.184,0.00038393275872388165,0.9226656691922391,0.0,0.0
356,Device,ReluGrad,gradient_tape/inception_v3/activation_24/ReluGrad,2,57.345,28.6725,57.345,28.6725,0.0003772036740854748,0.9230428728663246,0.0,0.0
357,Device,Conv2DBackpropFilter,gradient_tape/inception_v3/conv2d_84/Conv2D/Conv2DBackpropFilter,2,57.345,28.6725,57.345,28.6725,0.0003772036740854748,0.92342007654041,0.0,0.0
358,Device,ResourceApplyGradientDescent,SGD/SGD/update_56/ResourceApplyGradientDescent,2,57.344,28.672,57.344,28.672,0.0003771970962901293,0.9237972736367002,0.0,0.0
359,Device,ReluGrad,gradient_tape/inception_v3/activation_10/ReluGrad,2,57.344,28.672,57.344,28.672,0.0003771970962901293,0.9241744707329903,0.0,0.0
360,Device,FusedBatchNormGradV3,gradient_tape/inception_v3/batch_normalization_14/FusedBatchNormGradV3,2,57.344,28.672,57.344,28.672,0.0003771970962901293,0.9245516678292804,0.0,0.0
361,Device,FusedBatchNormGradV3,gradient_tape/inception_v3/batch_normalization_19/FusedBatchNormGradV3,2,57.344,28.672,57.344,28.672,0.0003771970962901293,0.9249288649255706,0.0,0.0
362,Device,FusedBatchNormGradV3,gradient_tape/inception_v3/batch_normalization_21/FusedBatchNormGradV3,2,57.344,28.672,57.344,28.672,0.0003771970962901293,0.9253060620218607,0.0,0.0
363,Device,FusedBatchNormGradV3,gradient_tape/inception_v3/batch_normalization_26/FusedBatchNormGradV3,2,57.344,28.672,57.344,28.672,0.0003771970962901293,0.9256832591181509,0.0,0.0
364,Device,FusedBatchNormGradV3,gradient_tape/inception_v3/batch_normalization_5/FusedBatchNormGradV3,2,57.344,28.672,57.344,28.672,0.0003771970962901293,0.926060456214441,0.0,0.0
365,Device,Mean,inception_v3/avg_pool/Mean,2,57.344,28.672,57.344,28.672,0.0003771970962901293,0.9264376533107311,0.0,0.0
366,Device,ReluGrad,gradient_tape/inception_v3/activation_16/ReluGrad,2,56.321,28.1605,56.321,28.1605,0.00037046801165172244,0.9268081213223829,0.0,0.0
367,Device,ReluGrad,gradient_tape/inception_v3/activation_17/ReluGrad,2,56.32,28.16,56.32,28.16,0.00037046143385637703,0.9271785827562392,0.0,0.0
368,Device,ReluGrad,gradient_tape/inception_v3/activation_23/ReluGrad,2,56.32,28.16,56.32,28.16,0.00037046143385637703,0.9275490441900955,0.0,0.0
369,Device,ReluGrad,gradient_tape/inception_v3/activation_28/ReluGrad,2,56.32,28.16,56.32,28.16,0.00037046143385637703,0.9279195056239519,0.0,0.0
370,Device,ReluGrad,gradient_tape/inception_v3/activation_9/ReluGrad,2,56.32,28.16,56.32,28.16,0.00037046143385637703,0.9282899670578082,0.0,0.0
371,Device,AddN,SGD/gradients/AddN_2,2,50.177,25.0885,50.177,25.0885,0.0003300540370492086,0.9286200210948574,0.0,0.0
372,Device,ReluGrad,gradient_tape/inception_v3/activation_26/ReluGrad,2,49.152,24.576,49.152,24.576,0.0003233117968201108,0.9289433328916775,0.0,0.0
373,Device,FusedBatchNormV3,inception_v3/batch_normalization_23/FusedBatchNormV3,4,49.152,12.288,49.152,12.288,0.0003233117968201108,0.9292666446884976,0.0,0.0
374,Device,FusedBatchNormV3,inception_v3/batch_normalization_9/FusedBatchNormV3,4,49.152,12.288,49.152,12.288,0.0003233117968201108,0.9295899564853177,0.0,0.0
375,Device,ResourceApplyGradientDescent,SGD/SGD/update_170/ResourceApplyGradientDescent,2,48.128,24.064,48.128,24.064,0.00031657613438635854,0.9299065326197041,0.0,0.0
376,Device,FusedBatchNormGradV3,gradient_tape/inception_v3/batch_normalization_22/FusedBatchNormGradV3,2,47.105,23.5525,47.105,23.5525,0.00030984704974795167,0.930216379669452,0.0,0.0
377,Device,FusedBatchNormGradV3,gradient_tape/inception_v3/batch_normalization_6/FusedBatchNormGradV3,2,47.104,23.552,47.104,23.552,0.0003098404719526062,0.9305262201414046,0.0,0.0
378,Device,FusedBatchNormV3,inception_v3/batch_normalization_16/FusedBatchNormV3,4,47.104,11.776,47.104,11.776,0.0003098404719526062,0.9308360606133572,0.0,0.0
379,Device,FusedBatchNormGradV3,gradient_tape/inception_v3/batch_normalization_8/FusedBatchNormGradV3,2,46.081,23.0405,46.081,23.0405,0.0003031113873141994,0.9311391720006714,0.0,0.0
380,Device,FusedBatchNormGradV3,gradient_tape/inception_v3/batch_normalization_13/FusedBatchNormGradV3,2,46.08,23.04,46.08,23.04,0.0003031048095188539,0.9314422768101903,0.0,0.0
381,Device,FusedBatchNormGradV3,gradient_tape/inception_v3/batch_normalization_20/FusedBatchNormGradV3,2,46.08,23.04,46.08,23.04,0.0003031048095188539,0.9317453816197092,0.0,0.0
382,Device,FusedBatchNormGradV3,gradient_tape/inception_v3/batch_normalization_15/FusedBatchNormGradV3,2,44.033,22.0165,44.033,22.0165,0.00028964006244669476,0.9320350216821559,0.0,0.0
383,Device,MaxPool,inception_v3/max_pooling2d_3/MaxPool,2,44.032,22.016,44.032,22.016,0.0002896334846513493,0.9323246551668073,0.0,0.0
384,Device,FusedBatchNormGradV3,gradient_tape/inception_v3/batch_normalization_27/FusedBatchNormGradV3,2,43.008,21.504,43.008,21.504,0.000282897822217597,0.9326075529890249,0.0,0.0
385,Device,Slice,gradient_tape/inception_v3/mixed0/Slice_2,2,43.008,21.504,43.008,21.504,0.000282897822217597,0.9328904508112424,0.0,0.0
386,Device,Slice,gradient_tape/inception_v3/mixed2/Slice_2,2,43.008,21.504,43.008,21.504,0.000282897822217597,0.93317334863346,0.0,0.0
387,Device,Slice,gradient_tape/inception_v3/mixed1/Slice_2,2,41.985,20.9925,41.985,20.9925,0.00027616873757919014,0.9334495173710392,0.0,0.0
388,Device,FusedBatchNormV3,inception_v3/batch_normalization_17/FusedBatchNormV3,4,41.984,10.496,41.984,10.496,0.0002761621597838447,0.9337256795308231,0.0,0.0
389,Device,FusedBatchNormV3,inception_v3/batch_normalization_26/FusedBatchNormV3,4,41.984,10.496,41.984,10.496,0.0002761621597838447,0.934001841690607,0.0,0.0
390,Device,ReluGrad,gradient_tape/inception_v3/activation_5/ReluGrad,2,40.961,20.4805,40.961,20.4805,0.0002694330751454378,0.9342712747657524,0.0,0.0
391,Device,FusedBatchNormV3,inception_v3/batch_normalization_24/FusedBatchNormV3,4,40.96,10.24,40.96,10.24,0.0002694264973500924,0.9345407012631025,0.0,0.0
392,Device,ReluGrad,gradient_tape/inception_v3/activation_14/ReluGrad,2,39.937,19.9685,39.937,19.9685,0.0002626974127116855,0.9348033986758142,0.0,0.0
393,Device,ReluGrad,gradient_tape/inception_v3/activation_7/ReluGrad,2,39.936,19.968,39.936,19.968,0.00026269083491634005,0.9350660895107306,0.0,0.0
394,Device,ReluGrad,gradient_tape/inception_v3/activation_25/ReluGrad,2,38.913,19.4565,38.913,19.4565,0.0002559617502779332,0.9353220512610085,0.0,0.0
395,Device,ReluGrad,gradient_tape/inception_v3/activation_12/ReluGrad,2,38.912,19.456,38.912,19.456,0.00025595517248258777,0.9355780064334911,0.0,0.0
396,Device,ReluGrad,gradient_tape/inception_v3/activation_18/ReluGrad,2,38.912,19.456,38.912,19.456,0.00025595517248258777,0.9358339616059737,0.0,0.0
397,Device,ReluGrad,gradient_tape/inception_v3/activation_21/ReluGrad,2,38.912,19.456,38.912,19.456,0.00025595517248258777,0.9360899167784562,0.0,0.0
398,Device,FusedBatchNormGradV3,gradient_tape/inception_v3/batch_normalization_11/FusedBatchNormGradV3,2,38.912,19.456,38.912,19.456,0.00025595517248258777,0.9363458719509388,0.0,0.0
399,Device,FusedBatchNormV3,inception_v3/batch_normalization_10/FusedBatchNormV3,4,38.912,9.728,38.912,9.728,0.00025595517248258777,0.9366018271234213,0.0,0.0
400,Device,ReluGrad,gradient_tape/inception_v3/activation_19/ReluGrad,2,37.888,18.944,37.888,18.944,0.00024921951004883543,0.9368510466334702,0.0,0.0
401,Device,Relu,inception_v3/activation_16/Relu,2,37.888,18.944,37.888,18.944,0.00024921951004883543,0.937100266143519,0.0,0.0
402,Device,ResourceApplyGradientDescent,SGD/SGD/update_180/ResourceApplyGradientDescent,2,36.864,18.432,36.864,18.432,0.00024248384761508312,0.9373427499911341,0.0,0.0
403,Device,FusedBatchNormV3,inception_v3/batch_normalization_27/FusedBatchNormV3,4,36.864,9.216,36.864,9.216,0.00024248384761508312,0.9375852338387491,0.0,0.0
404,Device,ResourceApplyGradientDescent,SGD/SGD/update_172/ResourceApplyGradientDescent,2,35.84,17.92,35.84,17.92,0.00023574818518133083,0.9378209820239305,0.0,0.0
405,Device,FusedBatchNormV3,inception_v3/batch_normalization_22/FusedBatchNormV3,4,35.84,8.96,35.84,8.96,0.00023574818518133083,0.9380567302091118,0.0,0.0
406,Device,FusedBatchNormV3,inception_v3/batch_normalization_25/FusedBatchNormV3,4,35.84,8.96,35.84,8.96,0.00023574818518133083,0.9382924783942932,0.0,0.0
407,Device,FusedBatchNormV3,inception_v3/batch_normalization_5/FusedBatchNormV3,4,35.84,8.96,35.84,8.96,0.00023574818518133083,0.9385282265794745,0.0,0.0
408,Device,FusedBatchNormV3,inception_v3/batch_normalization_7/FusedBatchNormV3,4,34.817,8.70425,34.817,8.70425,0.00022901910054292396,0.9387572456800175,0.0,0.0
409,Device,FusedBatchNormGradV3,gradient_tape/inception_v3/batch_normalization_69/FusedBatchNormGradV3,2,34.816,17.408,34.816,17.408,0.00022901252274757852,0.938986258202765,0.0,0.0
410,Device,FusedBatchNormV3,inception_v3/batch_normalization_12/FusedBatchNormV3,4,34.816,8.704,34.816,8.704,0.00022901252274757852,0.9392152707255126,0.0,0.0
411,Device,FusedBatchNormV3,inception_v3/batch_normalization_14/FusedBatchNormV3,4,34.816,8.704,34.816,8.704,0.00022901252274757852,0.9394442832482601,0.0,0.0
412,Device,FusedBatchNormV3,inception_v3/batch_normalization_19/FusedBatchNormV3,4,34.816,8.704,34.816,8.704,0.00022901252274757852,0.9396732957710077,0.0,0.0
413,Device,FusedBatchNormV3,inception_v3/batch_normalization_28/FusedBatchNormV3,4,34.816,8.704,34.816,8.704,0.00022901252274757852,0.9399023082937552,0.0,0.0
414,Device,FusedBatchNormGradV3,gradient_tape/inception_v3/batch_normalization_59/FusedBatchNormGradV3,2,33.793,16.8965,33.793,16.8965,0.00022228343810917165,0.9401245917318644,0.0,0.0
415,Device,ResourceApplyGradientDescent,SGD/SGD/update_148/ResourceApplyGradientDescent,2,33.792,16.896,33.792,16.896,0.0002222768603138262,0.9403468685921782,0.0,0.0
416,Device,FusedBatchNormGradV3,gradient_tape/inception_v3/batch_normalization_49/FusedBatchNormGradV3,2,33.792,16.896,33.792,16.896,0.0002222768603138262,0.940569145452492,0.0,0.0
417,Device,FusedBatchNormGradV3,gradient_tape/inception_v3/batch_normalization_61/FusedBatchNormGradV3,2,33.792,16.896,33.792,16.896,0.0002222768603138262,0.9407914223128059,0.0,0.0
418,Device,FusedBatchNormGradV3,gradient_tape/inception_v3/batch_normalization_62/FusedBatchNormGradV3,2,33.792,16.896,33.792,16.896,0.0002222768603138262,0.9410136991731197,0.0,0.0
419,Device,FusedBatchNormV3,inception_v3/batch_normalization_21/FusedBatchNormV3,4,33.792,8.448,33.792,8.448,0.0002222768603138262,0.9412359760334336,0.0,0.0
420,Device,FusedBatchNormV3,inception_v3/batch_normalization_8/FusedBatchNormV3,4,33.792,8.448,33.792,8.448,0.0002222768603138262,0.9414582528937474,0.0,0.0
421,Device,ConcatV2,inception_v3/mixed10/concat,8,33.792,4.224,33.792,4.224,0.0002222768603138262,0.9416805297540612,0.0,0.0
422,Device,ArgMax,ArgMax,2,32.768,16.384,32.768,16.384,0.0002155411978800739,0.9418960709519413,0.0,0.0
423,Device,AddN,SGD/gradients/AddN_5,2,32.768,16.384,32.768,16.384,0.0002155411978800739,0.9421116121498213,0.0,0.0
424,Device,AvgPoolGrad,gradient_tape/inception_v3/average_pooling2d_8/AvgPoolGrad,2,32.768,16.384,32.768,16.384,0.0002155411978800739,0.9423271533477013,0.0,0.0
425,Device,FusedBatchNormGradV3,gradient_tape/inception_v3/batch_normalization_33/FusedBatchNormGradV3,2,32.768,16.384,32.768,16.384,0.0002155411978800739,0.9425426945455814,0.0,0.0
426,Device,FusedBatchNormGradV3,gradient_tape/inception_v3/batch_normalization_39/FusedBatchNormGradV3,2,32.768,16.384,32.768,16.384,0.0002155411978800739,0.9427582357434614,0.0,0.0
427,Device,FusedBatchNormGradV3,gradient_tape/inception_v3/batch_normalization_40/FusedBatchNormGradV3,2,32.768,16.384,32.768,16.384,0.0002155411978800739,0.9429737769413414,0.0,0.0
428,Device,FusedBatchNormGradV3,gradient_tape/inception_v3/batch_normalization_50/FusedBatchNormGradV3,2,32.768,16.384,32.768,16.384,0.0002155411978800739,0.9431893181392215,0.0,0.0
429,Device,FusedBatchNormGradV3,gradient_tape/inception_v3/batch_normalization_53/FusedBatchNormGradV3,2,32.768,16.384,32.768,16.384,0.0002155411978800739,0.9434048593371015,0.0,0.0
430,Device,FusedBatchNormGradV3,gradient_tape/inception_v3/batch_normalization_63/FusedBatchNormGradV3,2,32.768,16.384,32.768,16.384,0.0002155411978800739,0.9436204005349815,0.0,0.0
431,Device,FusedBatchNormGradV3,gradient_tape/inception_v3/batch_normalization_70/FusedBatchNormGradV3,2,32.768,16.384,32.768,16.384,0.0002155411978800739,0.9438359417328616,0.0,0.0
432,Device,Slice,gradient_tape/inception_v3/mixed3/Slice,2,32.768,16.384,32.768,16.384,0.0002155411978800739,0.9440514829307416,0.0,0.0
433,Device,FusedBatchNormV3,inception_v3/batch_normalization_18/FusedBatchNormV3,4,32.768,8.192,32.768,8.192,0.0002155411978800739,0.9442670241286216,0.0,0.0
434,Device,ConcatV2,inception_v3/mixed9/concat,8,32.768,4.096,32.768,4.096,0.0002155411978800739,0.9444825653265017,0.0,0.0
435,Device,FusedBatchNormGradV3,gradient_tape/inception_v3/batch_normalization_30/FusedBatchNormGradV3,2,31.744,15.872,31.744,15.872,0.0002088055354463216,0.944691370861948,0.0,0.0
436,Device,FusedBatchNormGradV3,gradient_tape/inception_v3/batch_normalization_38/FusedBatchNormGradV3,2,31.744,15.872,31.744,15.872,0.0002088055354463216,0.9449001763973943,0.0,0.0
437,Device,FusedBatchNormGradV3,gradient_tape/inception_v3/batch_normalization_43/FusedBatchNormGradV3,2,31.744,15.872,31.744,15.872,0.0002088055354463216,0.9451089819328407,0.0,0.0
438,Device,FusedBatchNormGradV3,gradient_tape/inception_v3/batch_normalization_60/FusedBatchNormGradV3,2,31.744,15.872,31.744,15.872,0.0002088055354463216,0.945317787468287,0.0,0.0
439,Device,Slice,gradient_tape/inception_v3/mixed1/Slice_1,2,31.744,15.872,31.744,15.872,0.0002088055354463216,0.9455265930037333,0.0,0.0
440,Device,Relu,inception_v3/activation_23/Relu,2,31.744,15.872,31.744,15.872,0.0002088055354463216,0.9457353985391797,0.0,0.0
441,Device,Relu,inception_v3/activation_9/Relu,2,31.744,15.872,31.744,15.872,0.0002088055354463216,0.945944204074626,0.0,0.0
442,Device,FusedBatchNormV3,inception_v3/batch_normalization_15/FusedBatchNormV3,4,31.744,7.936,31.744,7.936,0.0002088055354463216,0.9461530096100723,0.0,0.0
443,Device,ResourceApplyGradientDescent,SGD/SGD/update_152/ResourceApplyGradientDescent,2,30.72,15.36,30.72,15.36,0.00020206987301256928,0.9463550794830848,0.0,0.0
444,Device,ReluGrad,gradient_tape/inception_v3/activation_6/ReluGrad,2,30.72,15.36,30.72,15.36,0.00020206987301256928,0.9465571493560974,0.0,0.0
445,Device,FusedBatchNormGradV3,gradient_tape/inception_v3/batch_normalization_48/FusedBatchNormGradV3,2,30.72,15.36,30.72,15.36,0.00020206987301256928,0.9467592192291099,0.0,0.0
446,Device,FusedBatchNormGradV3,gradient_tape/inception_v3/batch_normalization_58/FusedBatchNormGradV3,2,30.72,15.36,30.72,15.36,0.00020206987301256928,0.9469612891021224,0.0,0.0
447,Device,FusedBatchNormGradV3,gradient_tape/inception_v3/batch_normalization_68/FusedBatchNormGradV3,2,30.72,15.36,30.72,15.36,0.00020206987301256928,0.9471633589751349,0.0,0.0
448,Device,Slice,gradient_tape/inception_v3/mixed0/Slice,2,30.72,15.36,30.72,15.36,0.00020206987301256928,0.9473654288481475,0.0,0.0
449,Device,Slice,gradient_tape/inception_v3/mixed2/Slice,2,30.72,15.36,30.72,15.36,0.00020206987301256928,0.94756749872116,0.0,0.0
450,Device,Slice,gradient_tape/inception_v3/mixed2/Slice_1,2,30.72,15.36,30.72,15.36,0.00020206987301256928,0.9477695685941725,0.0,0.0
451,Device,Relu,inception_v3/activation_26/Relu,2,30.72,15.36,30.72,15.36,0.00020206987301256928,0.947971638467185,0.0,0.0
452,Device,AvgPool,inception_v3/average_pooling2d_8/AvgPool,2,30.72,15.36,30.72,15.36,0.00020206987301256928,0.9481737083401975,0.0,0.0
453,Device,FusedBatchNormV3,inception_v3/batch_normalization_13/FusedBatchNormV3,4,30.72,7.68,30.72,7.68,0.00020206987301256928,0.9483757782132101,0.0,0.0
454,Device,FusedBatchNormV3,inception_v3/batch_normalization_20/FusedBatchNormV3,4,30.72,7.68,30.72,7.68,0.00020206987301256928,0.9485778480862226,0.0,0.0
455,Device,ReluGrad,gradient_tape/inception_v3/activation_13/ReluGrad,2,29.696,14.848,29.696,14.848,0.00019533421057881697,0.9487731822968014,0.0,0.0
456,Device,ReluGrad,gradient_tape/inception_v3/activation_20/ReluGrad,2,29.696,14.848,29.696,14.848,0.00019533421057881697,0.9489685165073802,0.0,0.0
457,Device,Slice,gradient_tape/inception_v3/mixed0/Slice_1,2,29.696,14.848,29.696,14.848,0.00019533421057881697,0.9491638507179591,0.0,0.0
458,Device,Slice,gradient_tape/inception_v3/mixed1/Slice,2,29.696,14.848,29.696,14.848,0.00019533421057881697,0.9493591849285379,0.0,0.0
459,Device,FusedBatchNormV3,inception_v3/batch_normalization_6/FusedBatchNormV3,4,29.696,7.424,29.696,7.424,0.00019533421057881697,0.9495545191391167,0.0,0.0
460,Device,ResourceApplyGradientDescent,SGD/SGD/update_158/ResourceApplyGradientDescent,2,28.672,14.336,28.672,14.336,0.00018859854814506466,0.9497431176872617,0.0,0.0
461,Device,ResourceApplyGradientDescent,SGD/SGD/update_176/ResourceApplyGradientDescent,2,28.672,14.336,28.672,14.336,0.00018859854814506466,0.9499317162354067,0.0,0.0
462,Device,ResourceApplyGradientDescent,SGD/SGD/update_177/ResourceApplyGradientDescent,2,28.672,14.336,28.672,14.336,0.00018859854814506466,0.9501203147835517,0.0,0.0
463,Device,ResourceApplyGradientDescent,SGD/SGD/update_178/ResourceApplyGradientDescent,2,28.672,14.336,28.672,14.336,0.00018859854814506466,0.9503089133316968,0.0,0.0
464,Device,ResourceApplyGradientDescent,SGD/SGD/update_179/ResourceApplyGradientDescent,2,28.672,14.336,28.672,14.336,0.00018859854814506466,0.9504975118798418,0.0,0.0
465,Device,ReluGrad,gradient_tape/inception_v3/activation_30/ReluGrad,2,28.672,14.336,28.672,14.336,0.00018859854814506466,0.9506861104279868,0.0,0.0
466,Device,ReluGrad,gradient_tape/inception_v3/activation_58/ReluGrad,2,28.672,14.336,28.672,14.336,0.00018859854814506466,0.9508747089761318,0.0,0.0
467,Device,ReluGrad,gradient_tape/inception_v3/activation_59/ReluGrad,2,28.672,14.336,28.672,14.336,0.00018859854814506466,0.9510633075242768,0.0,0.0
468,Device,ReluGrad,gradient_tape/inception_v3/activation_68/ReluGrad,2,28.672,14.336,28.672,14.336,0.00018859854814506466,0.9512519060724218,0.0,0.0
469,Device,Slice,gradient_tape/inception_v3/mixed3/Slice_2,2,28.672,14.336,28.672,14.336,0.00018859854814506466,0.9514405046205668,0.0,0.0
470,Device,Relu,inception_v3/activation_12/Relu,2,28.672,14.336,28.672,14.336,0.00018859854814506466,0.9516291031687119,0.0,0.0
471,Device,Relu,inception_v3/activation_7/Relu,2,28.672,14.336,28.672,14.336,0.00018859854814506466,0.9518177017168569,0.0,0.0
472,Device,FusedBatchNormV3,inception_v3/batch_normalization_62/FusedBatchNormV3,4,28.672,7.168,28.672,7.168,0.00018859854814506466,0.9520063002650019,0.0,0.0
473,Device,ResourceApplyGradientDescent,SGD/SGD/update_159/ResourceApplyGradientDescent,2,27.649,13.8245,27.649,13.8245,0.0001818694635066578,0.9521881697285085,0.0,0.0
474,Device,FusedBatchNormGradV3,gradient_tape/inception_v3/batch_normalization_67/FusedBatchNormGradV3,2,27.649,13.8245,27.649,13.8245,0.0001818694635066578,0.9523700391920151,0.0,0.0
475,Device,ResourceApplyGradientDescent,SGD/SGD/update_161/ResourceApplyGradientDescent,2,27.648,13.824,27.648,13.824,0.00018186288571131235,0.9525519020777264,0.0,0.0
476,Device,ReluGrad,gradient_tape/inception_v3/activation_38/ReluGrad,2,27.648,13.824,27.648,13.824,0.00018186288571131235,0.9527337649634378,0.0,0.0
477,Device,ReluGrad,gradient_tape/inception_v3/activation_39/ReluGrad,2,27.648,13.824,27.648,13.824,0.00018186288571131235,0.9529156278491491,0.0,0.0
478,Device,ReluGrad,gradient_tape/inception_v3/activation_48/ReluGrad,2,27.648,13.824,27.648,13.824,0.00018186288571131235,0.9530974907348604,0.0,0.0
479,Device,ReluGrad,gradient_tape/inception_v3/activation_53/ReluGrad,2,27.648,13.824,27.648,13.824,0.00018186288571131235,0.9532793536205717,0.0,0.0
480,Device,ReluGrad,gradient_tape/inception_v3/activation_62/ReluGrad,2,27.648,13.824,27.648,13.824,0.00018186288571131235,0.953461216506283,0.0,0.0
481,Device,FusedBatchNormGradV3,gradient_tape/inception_v3/batch_normalization_66/FusedBatchNormGradV3,2,27.648,13.824,27.648,13.824,0.00018186288571131235,0.9536430793919943,0.0,0.0
482,Device,Slice,gradient_tape/inception_v3/mixed2/Slice_3,2,27.648,13.824,27.648,13.824,0.00018186288571131235,0.9538249422777056,0.0,0.0
483,Device,Relu,inception_v3/activation_21/Relu,2,27.648,13.824,27.648,13.824,0.00018186288571131235,0.954006805163417,0.0,0.0
484,Device,FusedBatchNormV3,inception_v3/batch_normalization_30/FusedBatchNormV3,4,27.648,6.912,27.648,6.912,0.00018186288571131235,0.9541886680491283,0.0,0.0
485,Device,FusedBatchNormV3,inception_v3/batch_normalization_60/FusedBatchNormV3,4,27.648,6.912,27.648,6.912,0.00018186288571131235,0.9543705309348396,0.0,0.0
486,Device,ReluGrad,gradient_tape/inception_v3/activation_15/ReluGrad,2,26.625,13.3125,26.625,13.3125,0.0001751338010729055,0.9545456647359125,0.0,0.0
487,Device,ReluGrad,gradient_tape/inception_v3/activation_43/ReluGrad,2,26.625,13.3125,26.625,13.3125,0.0001751338010729055,0.9547207985369854,0.0,0.0
488,Device,ReluGrad,gradient_tape/inception_v3/activation_50/ReluGrad,2,26.625,13.3125,26.625,13.3125,0.0001751338010729055,0.9548959323380584,0.0,0.0
489,Device,FusedBatchNormV3,inception_v3/batch_normalization_65/FusedBatchNormV3,4,26.625,6.65625,26.625,6.65625,0.0001751338010729055,0.9550710661391313,0.0,0.0
490,Device,ResourceApplyGradientDescent,SGD/SGD/update_160/ResourceApplyGradientDescent,2,26.624,13.312,26.624,13.312,0.00017512722327756003,0.9552461933624088,0.0,0.0
491,Device,ReluGrad,gradient_tape/inception_v3/activation_22/ReluGrad,2,26.624,13.312,26.624,13.312,0.00017512722327756003,0.9554213205856863,0.0,0.0
492,Device,ReluGrad,gradient_tape/inception_v3/activation_33/ReluGrad,2,26.624,13.312,26.624,13.312,0.00017512722327756003,0.9555964478089638,0.0,0.0
493,Device,ReluGrad,gradient_tape/inception_v3/activation_40/ReluGrad,2,26.624,13.312,26.624,13.312,0.00017512722327756003,0.9557715750322413,0.0,0.0
494,Device,ReluGrad,gradient_tape/inception_v3/activation_49/ReluGrad,2,26.624,13.312,26.624,13.312,0.00017512722327756003,0.9559467022555188,0.0,0.0
495,Device,ReluGrad,gradient_tape/inception_v3/activation_60/ReluGrad,2,26.624,13.312,26.624,13.312,0.00017512722327756003,0.9561218294787963,0.0,0.0
496,Device,ReluGrad,gradient_tape/inception_v3/activation_61/ReluGrad,2,26.624,13.312,26.624,13.312,0.00017512722327756003,0.9562969567020738,0.0,0.0
497,Device,ReluGrad,gradient_tape/inception_v3/activation_63/ReluGrad,2,26.624,13.312,26.624,13.312,0.00017512722327756003,0.9564720839253513,0.0,0.0
498,Device,ReluGrad,gradient_tape/inception_v3/activation_66/ReluGrad,2,26.624,13.312,26.624,13.312,0.00017512722327756003,0.9566472111486288,0.0,0.0
499,Device,ReluGrad,gradient_tape/inception_v3/activation_67/ReluGrad,2,26.624,13.312,26.624,13.312,0.00017512722327756003,0.9568223383719063,0.0,0.0
500,Device,ReluGrad,gradient_tape/inception_v3/activation_69/ReluGrad,2,26.624,13.312,26.624,13.312,0.00017512722327756003,0.9569974655951838,0.0,0.0
501,Host,IDLE,IDLE,0,466664.034,0.0,466664.034,0.0,0.0,0.0,0.9883807764324481,0.9883807764324481
502,Host,GatherV2,GatherV2,2,5075.119,2537.5595,5075.119,2537.5595,0.0,0.0,0.01074895362025493,0.9991297300527031
503,Host,Dataset,Iterator::Root::ParallelMapV2::Zip[1]::ForeverRepeat,2,58.231,29.1155,53.981,26.9905,0.0,0.0,0.00011433017932682592,0.9992440602320299
504,Host,GatherV2,GatherV2_1,2,48.791,24.3955,48.791,24.3955,0.0,0.0,0.00010333791110826333,0.9993473981431382
505,Host,IteratorGetNext,IteratorGetNext,2,48.331,24.1655,48.331,24.1655,0.0,0.0,0.00010236364456095337,0.9994497617876992
506,Host,FlushSummaryWriter,FlushSummaryWriter,1,47.911,47.911,47.911,47.911,0.0,0.0,0.00010147409684384425,0.999551235884543
507,Host,Dataset,Iterator::Root::ParallelMapV2,2,46.012,23.006,46.012,23.006,0.0,0.0,9.745207038005807e-05,0.999648687954923
508,Host,Dataset,Iterator::Root,2,80.462,40.231,34.45,17.225,0.0,0.0,7.296409251049727e-05,0.9997216520474335
509,Host,LogicalAnd,LogicalAnd,1,34.031,34.031,34.031,34.031,0.0,0.0,7.207666276414317e-05,0.9997937287101976
510,Host,Dataset,Iterator::Root::ParallelMapV2::Zip[0]::FlatMap[1]::Concatenate[0]::TensorSlice,2,25.22,12.61,25.22,12.61,0.0,0.0,5.3415222441647055e-05,0.9998471439326392
511,Host,WriteSummary,WriteSummary,1,22.3,22.3,22.3,22.3,0.0,0.0,4.723074783698372e-05,0.9998943746804762
512,Host,Dataset,Iterator::Root::ParallelMapV2::Zip[0]::FlatMap[1]::Concatenate,2,43.59,21.795,18.37,9.185,0.0,0.0,3.8907122769748474e-05,0.9999332818032459
513,Host,Dataset,Iterator::Root::ParallelMapV2::Zip,2,114.692,57.346,9.261,4.6305,0.0,0.0,1.961452716225588e-05,0.9999528963304082
514,Host,ReadVariableOp,ReadVariableOp,1,6.79,6.79,6.79,6.79,0.0,0.0,1.4381021426597284e-05,0.9999672773518348
515,Host,_Send,IteratorGetNext/_1,2,4.47,2.235,4.47,2.235,0.0,0.0,9.46732927494696e-06,0.9999767446811098
516,Host,Dataset,Iterator::Root::ParallelMapV2::Zip[1]::ForeverRepeat::FromTensor,4,4.25,1.0625,4.25,1.0625,0.0,0.0,9.001375708842188e-06,0.9999857460568186
517,Host,Dataset,Iterator::Root::ParallelMapV2::Zip[0]::FlatMap,2,47.2,23.6,3.61,1.805,0.0,0.0,7.645874425628306e-06,0.9999933919312441
518,Host,Identity,Identity,2,3.12,1.56,3.12,1.56,0.0,0.0,6.608068755667677e-06,0.9999999999999998
