Rank,Host/device,Type,Operation,#Occurrences,Total time (us),Avg. time (us),Total self-time (us),Avg. self-time (us),Total self-time on Device (%),Cumulative total-self time on Device (%),Total self-time on Host (%),Cumulative total-self time on Host (%)
1,Device,IDLE,IDLE,0,43094.594,0.0,43094.594,0.0,0.7774357533362085,0.7774357533362085,0.0,0.0
2,Device,DepthwiseConv2dNativeBackpropFilter,gradient_tape/mobilenetv2_1.00_64/block_1_depthwise/depthwise/DepthwiseConv2dNativeBackpropFilter,2,885.764,442.882,885.764,442.882,0.01597937325080945,0.793415126587018,0.0,0.0
3,Device,DepthwiseConv2dNativeBackpropFilter,gradient_tape/mobilenetv2_1.00_64/block_3_depthwise/depthwise/DepthwiseConv2dNativeBackpropFilter,2,278.529,139.2645,278.529,139.2645,0.005024723122834869,0.7984398497098528,0.0,0.0
4,Device,Conv2DBackpropInput,gradient_tape/mobilenetv2_1.00_64/Conv_1/Conv2D/Conv2DBackpropInput,2,173.057,86.5285,173.057,86.5285,0.0031219855364017176,0.8015618352462546,0.0,0.0
5,Device,Conv2D,mobilenetv2_1.00_64/block_16_project/Conv2D,4,130.05,32.5125,130.05,32.5125,0.002346129997683095,0.8039079652439377,0.0,0.0
6,Device,FusedBatchNormGradV3,gradient_tape/mobilenetv2_1.00_64/block_1_expand_BN/FusedBatchNormGradV3,2,126.978,63.489,126.978,63.489,0.002290710456330673,0.8061986757002684,0.0,0.0
7,Device,SoftmaxCrossEntropyWithLogits,categorical_crossentropy/softmax_cross_entropy_with_logits,2,119.81,59.905,119.81,59.905,0.002161398193175022,0.8083600738934434,0.0,0.0
8,Device,Conv2DBackpropFilter,gradient_tape/mobilenetv2_1.00_64/block_1_expand/Conv2D/Conv2DBackpropFilter,2,119.808,59.904,119.808,59.904,0.002161362112744454,0.8105214360061879,0.0,0.0
9,Device,Conv2DBackpropInput,gradient_tape/mobilenetv2_1.00_64/block_16_expand/Conv2D/Conv2DBackpropInput,4,111.616,27.904,111.616,27.904,0.0020135766691379954,0.8125350126753259,0.0,0.0
10,Device,Conv2DBackpropFilter,gradient_tape/mobilenetv2_1.00_64/Conv1/Conv2D/Conv2DBackpropFilter,4,109.569,27.39225,109.569,27.39225,0.001976648348451665,0.8145116610237776,0.0,0.0
11,Device,Conv2DBackpropInput,gradient_tape/mobilenetv2_1.00_64/block_15_expand/Conv2D/Conv2DBackpropInput,4,108.545,27.13625,108.545,27.13625,0.001958175168000858,0.8164698361917785,0.0,0.0
12,Device,Conv2DBackpropInput,gradient_tape/mobilenetv2_1.00_64/block_14_expand/Conv2D/Conv2DBackpropInput,4,104.448,26.112,104.448,26.112,0.0018842644059823444,0.8183541005977608,0.0,0.0
13,Device,Conv2D,mobilenetv2_1.00_64/block_14_project/Conv2D,4,104.448,26.112,104.448,26.112,0.0018842644059823444,0.8202383650037431,0.0,0.0
14,Device,Conv2D,mobilenetv2_1.00_64/block_15_project/Conv2D,4,103.424,25.856,103.424,25.856,0.0018657912255315373,0.8221041562292747,0.0,0.0
15,Device,Conv2DBackpropFilter,gradient_tape/mobilenetv2_1.00_64/expanded_conv_project/Conv2D/Conv2DBackpropFilter,4,94.209,23.55225,94.209,23.55225,0.0016995506416895556,0.8238037068709643,0.0,0.0
16,Device,Conv2DBackpropFilter,gradient_tape/mobilenetv2_1.00_64/block_2_expand/Conv2D/Conv2DBackpropFilter,2,93.186,46.593,93.186,46.593,0.0016810955014540324,0.8254848023724183,0.0,0.0
17,Device,Conv2DBackpropFilter,gradient_tape/mobilenetv2_1.00_64/block_3_expand/Conv2D/Conv2DBackpropFilter,2,92.16,46.08,92.16,46.08,0.0016625862405726568,0.827147388612991,0.0,0.0
18,Device,DepthwiseConv2dNativeBackpropInput,gradient_tape/mobilenetv2_1.00_64/block_1_depthwise/depthwise/DepthwiseConv2dNativeBackpropInput,2,90.112,45.056,90.112,45.056,0.0016256398796710423,0.828773028492662,0.0,0.0
19,Device,DepthwiseConv2dNativeBackpropFilter,gradient_tape/mobilenetv2_1.00_64/block_11_depthwise/depthwise/DepthwiseConv2dNativeBackpropFilter,2,88.065,44.0325,88.065,44.0325,0.0015887115589847116,0.8303617400516466,0.0,0.0
20,Device,Relu6Grad,gradient_tape/mobilenetv2_1.00_64/block_1_expand_relu/Relu6/Relu6Grad,2,83.968,41.984,83.968,41.984,0.0015148007969661987,0.8318765408486128,0.0,0.0
21,Device,DepthwiseConv2dNativeBackpropFilter,gradient_tape/mobilenetv2_1.00_64/block_12_depthwise/depthwise/DepthwiseConv2dNativeBackpropFilter,2,79.872,39.936,79.872,39.936,0.0014409080751629695,0.8333174489237758,0.0,0.0
22,Device,Conv2DBackpropFilter,gradient_tape/mobilenetv2_1.00_64/block_2_project/Conv2D/Conv2DBackpropFilter,2,77.826,38.913,77.826,38.913,0.0014039977946919227,0.8347214467184677,0.0,0.0
23,Device,Conv2DBackpropInput,gradient_tape/mobilenetv2_1.00_64/block_12_expand/Conv2D/Conv2DBackpropInput,4,77.824,19.456,77.824,19.456,0.0014039617142613547,0.8361254084327291,0.0,0.0
24,Device,Conv2D,mobilenetv2_1.00_64/block_13_project/Conv2D,4,77.824,19.456,77.824,19.456,0.0014039617142613547,0.8375293701469905,0.0,0.0
25,Device,DepthwiseConv2dNativeBackpropFilter,gradient_tape/mobilenetv2_1.00_64/block_10_depthwise/depthwise/DepthwiseConv2dNativeBackpropFilter,2,75.776,37.888,75.776,37.888,0.0013670153533597402,0.8388963855003502,0.0,0.0
26,Device,Conv2DBackpropInput,gradient_tape/mobilenetv2_1.00_64/block_13_expand/Conv2D/Conv2DBackpropInput,4,75.776,18.944,75.776,18.944,0.0013670153533597402,0.8402634008537099,0.0,0.0
27,Device,Conv2DBackpropInput,gradient_tape/mobilenetv2_1.00_64/block_11_expand/Conv2D/Conv2DBackpropInput,4,74.752,18.688,74.752,18.688,0.0013485421729089327,0.8416119430266188,0.0,0.0
28,Device,Conv2D,mobilenetv2_1.00_64/block_11_project/Conv2D,4,73.728,18.432,73.728,18.432,0.0013300689924581255,0.8429420120190769,0.0,0.0
29,Device,DepthwiseConv2dNativeBackpropFilter,gradient_tape/mobilenetv2_1.00_64/block_9_depthwise/depthwise/DepthwiseConv2dNativeBackpropFilter,2,72.704,36.352,72.704,36.352,0.0013115958120073182,0.8442536078310843,0.0,0.0
30,Device,Conv2D,mobilenetv2_1.00_64/block_12_project/Conv2D,4,71.68,17.92,71.68,17.92,0.0012931226315565111,0.8455467304626408,0.0,0.0
31,Device,DepthwiseConv2dNativeBackpropFilter,gradient_tape/mobilenetv2_1.00_64/block_7_depthwise/depthwise/DepthwiseConv2dNativeBackpropFilter,2,70.657,35.3285,70.657,35.3285,0.0012746674913209875,0.8468213979539618,0.0,0.0
32,Device,DepthwiseConv2dNativeBackpropFilter,gradient_tape/mobilenetv2_1.00_64/block_6_depthwise/depthwise/DepthwiseConv2dNativeBackpropFilter,2,69.633,34.8165,69.633,34.8165,0.0012561943108701803,0.848077592264832,0.0,0.0
33,Device,DepthwiseConv2dNativeBackpropFilter,gradient_tape/mobilenetv2_1.00_64/block_8_depthwise/depthwise/DepthwiseConv2dNativeBackpropFilter,2,69.632,34.816,69.632,34.816,0.0012561762706548964,0.8493337685354869,0.0,0.0
34,Device,Conv2DBackpropInput,gradient_tape/mobilenetv2_1.00_64/block_16_project/Conv2D/Conv2DBackpropInput,2,68.608,34.304,68.608,34.304,0.0012377030902040891,0.850571471625691,0.0,0.0
35,Device,Conv2DBackpropInput,gradient_tape/mobilenetv2_1.00_64/block_9_expand/Conv2D/Conv2DBackpropInput,4,62.466,15.6165,62.466,15.6165,0.0011269000879298133,0.8516983717136208,0.0,0.0
36,Device,Conv2D,mobilenetv2_1.00_64/block_9_project/Conv2D,4,61.441,15.36025,61.441,15.36025,0.001108408867263722,0.8528067805808845,0.0,0.0
37,Device,Conv2D,mobilenetv2_1.00_64/Conv_1/Conv2D,2,61.44,30.72,61.44,30.72,0.0011083908270484379,0.8539151714079329,0.0,0.0
38,Device,Conv2D,mobilenetv2_1.00_64/block_10_project/Conv2D,4,61.44,15.36,61.44,15.36,0.0011083908270484379,0.8550235622349813,0.0,0.0
39,Device,_Send,IteratorGetNext/_1,1,61.376,61.376,61.376,61.376,0.0011072362532702626,0.8561307984882516,0.0,0.0
40,Device,_Recv,IteratorGetNext/_2,1,60.992,60.992,60.992,60.992,0.0011003088106012098,0.8572311072988528,0.0,0.0
41,Device,Conv2DBackpropInput,gradient_tape/mobilenetv2_1.00_64/block_7_expand/Conv2D/Conv2DBackpropInput,4,60.416,15.104,60.416,15.104,0.0010899176465976306,0.8583210249454504,0.0,0.0
42,Device,Conv2D,mobilenetv2_1.00_64/block_7_project/Conv2D,4,60.416,15.104,60.416,15.104,0.0010899176465976306,0.859410942592048,0.0,0.0
43,Device,Conv2DBackpropFilter,gradient_tape/mobilenetv2_1.00_64/Conv_1/Conv2D/Conv2DBackpropFilter,2,59.392,29.696,59.392,29.696,0.0010714444661468234,0.8604823870581948,0.0,0.0
44,Device,Slice,gradient_tape/mobilenetv2_1.00_64/block_1_pad/Slice_1,2,59.392,29.696,59.392,29.696,0.0010714444661468234,0.8615538315243416,0.0,0.0
45,Device,Conv2DBackpropFilter,gradient_tape/mobilenetv2_1.00_64/block_1_project/Conv2D/Conv2DBackpropFilter,2,59.392,29.696,59.392,29.696,0.0010714444661468234,0.8626252759904884,0.0,0.0
46,Device,Conv2DBackpropInput,gradient_tape/mobilenetv2_1.00_64/block_8_expand/Conv2D/Conv2DBackpropInput,4,59.392,14.848,59.392,14.848,0.0010714444661468234,0.8636967204566353,0.0,0.0
47,Device,Conv2DBackpropInput,gradient_tape/mobilenetv2_1.00_64/block_10_expand/Conv2D/Conv2DBackpropInput,4,58.368,14.592,58.368,14.592,0.001052971285696016,0.8647496917423313,0.0,0.0
48,Device,Conv2DBackpropInput,gradient_tape/mobilenetv2_1.00_64/block_3_expand/Conv2D/Conv2DBackpropInput,4,57.345,14.33625,57.345,14.33625,0.0010345161454604927,0.8657842078877918,0.0,0.0
49,Device,FusedBatchNormV3,mobilenetv2_1.00_64/block_1_expand_BN/FusedBatchNormV3,4,57.344,14.336,57.344,14.336,0.0010344981052452088,0.866818705993037,0.0,0.0
50,Device,Pad,mobilenetv2_1.00_64/block_1_pad/Pad,2,57.344,28.672,57.344,28.672,0.0010344981052452088,0.8678532040982823,0.0,0.0
51,Device,Conv2D,mobilenetv2_1.00_64/block_8_project/Conv2D,4,57.344,14.336,57.344,14.336,0.0010344981052452088,0.8688877022035275,0.0,0.0
52,Device,Conv2D,mobilenetv2_1.00_64/block_1_expand/Conv2D,2,56.32,28.16,56.32,28.16,0.0010160249247944016,0.8699037271283219,0.0,0.0
53,Device,Conv2DBackpropInput,gradient_tape/mobilenetv2_1.00_64/block_1_expand/Conv2D/Conv2DBackpropInput,2,55.296,27.648,55.296,27.648,0.000997551744343594,0.8709012788726654,0.0,0.0
54,Device,Conv2DBackpropInput,gradient_tape/mobilenetv2_1.00_64/block_2_expand/Conv2D/Conv2DBackpropInput,4,54.272,13.568,54.272,13.568,0.0009790785638927868,0.8718803574365582,0.0,0.0
55,Device,Conv2DBackpropFilter,gradient_tape/mobilenetv2_1.00_64/block_10_project/Conv2D/Conv2DBackpropFilter,2,53.248,26.624,53.248,26.624,0.0009606053834419796,0.8728409628200002,0.0,0.0
56,Device,Conv2DBackpropFilter,gradient_tape/mobilenetv2_1.00_64/block_11_project/Conv2D/Conv2DBackpropFilter,4,53.248,13.312,53.248,13.312,0.0009606053834419796,0.8738015682034422,0.0,0.0
57,Device,Conv2DBackpropFilter,gradient_tape/mobilenetv2_1.00_64/block_11_expand/Conv2D/Conv2DBackpropFilter,2,52.224,26.112,52.224,26.112,0.0009421322029911722,0.8747437004064335,0.0,0.0
58,Device,Conv2DBackpropFilter,gradient_tape/mobilenetv2_1.00_64/block_12_expand/Conv2D/Conv2DBackpropFilter,2,52.224,26.112,52.224,26.112,0.0009421322029911722,0.8756858326094247,0.0,0.0
59,Device,Conv2D,mobilenetv2_1.00_64/Conv1/Conv2D,2,51.2,25.6,51.2,25.6,0.000923659022540365,0.876609491631965,0.0,0.0
60,Device,Conv2DBackpropFilter,gradient_tape/mobilenetv2_1.00_64/block_13_expand/Conv2D/Conv2DBackpropFilter,2,50.176,25.088,50.176,25.088,0.0009051858420895577,0.8775146774740545,0.0,0.0
61,Device,Conv2DBackpropInput,gradient_tape/mobilenetv2_1.00_64/block_4_expand/Conv2D/Conv2DBackpropInput,4,50.176,12.544,50.176,12.544,0.0009051858420895577,0.8784198633161441,0.0,0.0
62,Device,Conv2DBackpropFilter,gradient_tape/mobilenetv2_1.00_64/block_12_project/Conv2D/Conv2DBackpropFilter,4,49.152,12.288,49.152,12.288,0.0008867126616387504,0.8793065759777828,0.0,0.0
63,Device,Conv2DBackpropInput,gradient_tape/mobilenetv2_1.00_64/block_6_expand/Conv2D/Conv2DBackpropInput,4,48.128,12.032,48.128,12.032,0.000868239481187943,0.8801748154589708,0.0,0.0
64,Device,Conv2DBackpropInput,gradient_tape/mobilenetv2_1.00_64/block_5_expand/Conv2D/Conv2DBackpropInput,4,47.104,11.776,47.104,11.776,0.0008497663007371358,0.881024581759708,0.0,0.0
65,Device,DepthwiseConv2dNative,mobilenetv2_1.00_64/block_1_depthwise/depthwise,2,46.08,23.04,46.08,23.04,0.0008312931202863284,0.8818558748799943,0.0,0.0
66,Device,Conv2DBackpropInput,gradient_tape/mobilenetv2_1.00_64/block_14_project/Conv2D/Conv2DBackpropInput,2,45.056,22.528,45.056,22.528,0.0008128199398355211,0.8826686948198298,0.0,0.0
67,Device,Conv2DBackpropInput,gradient_tape/mobilenetv2_1.00_64/block_15_project/Conv2D/Conv2DBackpropInput,2,45.056,22.528,45.056,22.528,0.0008128199398355211,0.8834815147596653,0.0,0.0
68,Device,DepthwiseConv2dNativeBackpropInput,gradient_tape/mobilenetv2_1.00_64/block_2_depthwise/depthwise/DepthwiseConv2dNativeBackpropInput,2,44.032,22.016,44.032,22.016,0.0007943467593847138,0.88427586151905,0.0,0.0
69,Device,DepthwiseConv2dNativeBackpropFilter,gradient_tape/mobilenetv2_1.00_64/block_2_depthwise/depthwise/DepthwiseConv2dNativeBackpropFilter,2,43.008,21.504,43.008,21.504,0.0007758735789339066,0.885051735097984,0.0,0.0
70,Device,Relu6,mobilenetv2_1.00_64/block_1_expand_relu/Relu6,2,43.008,21.504,43.008,21.504,0.0007758735789339066,0.8858276086769179,0.0,0.0
71,Device,Conv2DBackpropInput,gradient_tape/mobilenetv2_1.00_64/block_13_project/Conv2D/Conv2DBackpropInput,2,40.96,20.48,40.96,20.48,0.000738927218032292,0.8865665358949502,0.0,0.0
72,Device,Conv2DBackpropInput,gradient_tape/mobilenetv2_1.00_64/block_2_project/Conv2D/Conv2DBackpropInput,2,40.96,20.48,40.96,20.48,0.000738927218032292,0.8873054631129824,0.0,0.0
73,Device,DepthwiseConv2dNativeBackpropInput,gradient_tape/mobilenetv2_1.00_64/block_3_depthwise/depthwise/DepthwiseConv2dNativeBackpropInput,2,39.937,19.9685,39.937,19.9685,0.0007204720777967686,0.8880259351907792,0.0,0.0
74,Device,DepthwiseConv2dNativeBackpropFilter,gradient_tape/mobilenetv2_1.00_64/expanded_conv_depthwise/depthwise/DepthwiseConv2dNativeBackpropFilter,2,39.936,19.968,39.936,19.968,0.0007204540375814847,0.8887463892283607,0.0,0.0
75,Device,DepthwiseConv2dNativeBackpropInput,gradient_tape/mobilenetv2_1.00_64/expanded_conv_depthwise/depthwise/DepthwiseConv2dNativeBackpropInput,2,39.936,19.968,39.936,19.968,0.0007204540375814847,0.8894668432659422,0.0,0.0
76,Device,Conv2DBackpropInput,gradient_tape/mobilenetv2_1.00_64/block_4_project/Conv2D/Conv2DBackpropInput,2,38.912,19.456,38.912,19.456,0.0007019808571306774,0.8901688241230729,0.0,0.0
77,Device,Conv2DBackpropInput,gradient_tape/mobilenetv2_1.00_64/block_5_project/Conv2D/Conv2DBackpropInput,2,38.912,19.456,38.912,19.456,0.0007019808571306774,0.8908708049802035,0.0,0.0
78,Device,FusedBatchNormGradV3,gradient_tape/mobilenetv2_1.00_64/expanded_conv_depthwise_BN/FusedBatchNormGradV3,2,38.912,19.456,38.912,19.456,0.0007019808571306774,0.8915727858373342,0.0,0.0
79,Device,Conv2D,mobilenetv2_1.00_64/block_2_expand/Conv2D,2,38.912,19.456,38.912,19.456,0.0007019808571306774,0.8922747666944649,0.0,0.0
80,Device,Conv2D,mobilenetv2_1.00_64/block_3_expand/Conv2D,2,38.912,19.456,38.912,19.456,0.0007019808571306774,0.8929767475515956,0.0,0.0
81,Device,Conv2DBackpropInput,gradient_tape/mobilenetv2_1.00_64/block_3_project/Conv2D/Conv2DBackpropInput,2,37.888,18.944,37.888,18.944,0.0006835076766798701,0.8936602552282755,0.0,0.0
82,Device,FusedBatchNormGradV3,gradient_tape/mobilenetv2_1.00_64/bn_Conv1/FusedBatchNormGradV3,2,37.888,18.944,37.888,18.944,0.0006835076766798701,0.8943437629049554,0.0,0.0
83,Device,Conv2DBackpropInput,gradient_tape/mobilenetv2_1.00_64/block_11_project/Conv2D/Conv2DBackpropInput,2,36.865,18.4325,36.865,18.4325,0.0006650525364443468,0.8950088154413998,0.0,0.0
84,Device,Conv2DBackpropInput,gradient_tape/mobilenetv2_1.00_64/block_12_project/Conv2D/Conv2DBackpropInput,2,36.864,18.432,36.864,18.432,0.0006650344962290627,0.8956738499376288,0.0,0.0
85,Device,Conv2DBackpropInput,gradient_tape/mobilenetv2_1.00_64/expanded_conv_project/Conv2D/Conv2DBackpropInput,2,36.864,18.432,36.864,18.432,0.0006650344962290627,0.8963388844338578,0.0,0.0
86,Device,FusedBatchNormV3,mobilenetv2_1.00_64/Conv_1_bn/FusedBatchNormV3,4,36.864,9.216,36.864,9.216,0.0006650344962290627,0.8970039189300868,0.0,0.0
87,Device,Conv2D,mobilenetv2_1.00_64/block_14_expand/Conv2D,2,36.864,18.432,36.864,18.432,0.0006650344962290627,0.8976689534263158,0.0,0.0
88,Device,Conv2DBackpropFilter,gradient_tape/mobilenetv2_1.00_64/block_16_project/Conv2D/Conv2DBackpropFilter,2,35.841,17.9205,35.841,17.9205,0.0006465793559935395,0.8983155327823094,0.0,0.0
89,Device,Conv2DBackpropInput,gradient_tape/mobilenetv2_1.00_64/block_10_project/Conv2D/Conv2DBackpropInput,2,34.816,17.408,34.816,17.408,0.0006280881353274482,0.8989436209176368,0.0,0.0
90,Device,Conv2DBackpropInput,gradient_tape/mobilenetv2_1.00_64/block_1_project/Conv2D/Conv2DBackpropInput,2,34.816,17.408,34.816,17.408,0.0006280881353274482,0.8995717090529642,0.0,0.0
91,Device,FusedBatchNormGradV3,gradient_tape/mobilenetv2_1.00_64/expanded_conv_project_BN/FusedBatchNormGradV3,2,34.816,17.408,34.816,17.408,0.0006280881353274482,0.9001997971882917,0.0,0.0
92,Device,Conv2DBackpropFilter,gradient_tape/mobilenetv2_1.00_64/block_5_project/Conv2D/Conv2DBackpropFilter,2,33.792,16.896,33.792,16.896,0.0006096149548766409,0.9008094121431683,0.0,0.0
93,Device,Conv2DBackpropInput,gradient_tape/mobilenetv2_1.00_64/block_6_project/Conv2D/Conv2DBackpropInput,2,33.792,16.896,33.792,16.896,0.0006096149548766409,0.901419027098045,0.0,0.0
94,Device,Conv2D,mobilenetv2_1.00_64/block_15_expand/Conv2D,2,33.792,16.896,33.792,16.896,0.0006096149548766409,0.9020286420529217,0.0,0.0
95,Device,Conv2D,mobilenetv2_1.00_64/block_16_expand/Conv2D,2,33.792,16.896,33.792,16.896,0.0006096149548766409,0.9026382570077983,0.0,0.0
96,Device,Conv2DBackpropFilter,gradient_tape/mobilenetv2_1.00_64/block_4_project/Conv2D/Conv2DBackpropFilter,2,32.769,16.3845,32.769,16.3845,0.0005911598146411175,0.9032294168224394,0.0,0.0
97,Device,Conv2DBackpropFilter,gradient_tape/mobilenetv2_1.00_64/block_3_project/Conv2D/Conv2DBackpropFilter,2,32.768,16.384,32.768,16.384,0.0005911417744258336,0.9038205585968653,0.0,0.0
98,Device,Conv2DBackpropInput,gradient_tape/mobilenetv2_1.00_64/block_9_project/Conv2D/Conv2DBackpropInput,2,32.768,16.384,32.768,16.384,0.0005911417744258336,0.9044117003712911,0.0,0.0
99,Device,Conv2D,mobilenetv2_1.00_64/block_6_project/Conv2D,2,32.768,16.384,32.768,16.384,0.0005911417744258336,0.905002842145717,0.0,0.0
100,Device,FusedBatchNormGradV3,gradient_tape/mobilenetv2_1.00_64/Conv_1_bn/FusedBatchNormGradV3,2,31.744,15.872,31.744,15.872,0.0005726685939750263,0.905575510739692,0.0,0.0
101,Device,Conv2DBackpropInput,gradient_tape/mobilenetv2_1.00_64/block_7_project/Conv2D/Conv2DBackpropInput,2,31.744,15.872,31.744,15.872,0.0005726685939750263,0.906148179333667,0.0,0.0
102,Device,Conv2D,mobilenetv2_1.00_64/block_4_project/Conv2D,2,31.744,15.872,31.744,15.872,0.0005726685939750263,0.906720847927642,0.0,0.0
103,Device,Conv2DBackpropInput,gradient_tape/mobilenetv2_1.00_64/block_8_project/Conv2D/Conv2DBackpropInput,2,30.72,15.36,30.72,15.36,0.0005541954135242189,0.9072750433411662,0.0,0.0
104,Device,FusedBatchNormV3,mobilenetv2_1.00_64/block_14_expand_BN/FusedBatchNormV3,4,30.72,7.68,30.72,7.68,0.0005541954135242189,0.9078292387546903,0.0,0.0
105,Device,FusedBatchNormV3,mobilenetv2_1.00_64/block_15_depthwise_BN/FusedBatchNormV3,4,30.72,7.68,30.72,7.68,0.0005541954135242189,0.9083834341682145,0.0,0.0
106,Device,Conv2D,mobilenetv2_1.00_64/block_5_project/Conv2D,2,30.72,15.36,30.72,15.36,0.0005541954135242189,0.9089376295817387,0.0,0.0
107,Device,Conv2D,mobilenetv2_1.00_64/block_11_expand/Conv2D,2,29.696,14.848,29.696,14.848,0.0005357222330734117,0.9094733518148121,0.0,0.0
108,Device,FusedBatchNormV3,mobilenetv2_1.00_64/block_16_expand_BN/FusedBatchNormV3,4,29.696,7.424,29.696,7.424,0.0005357222330734117,0.9100090740478856,0.0,0.0
109,Device,Conv2DBackpropFilter,gradient_tape/mobilenetv2_1.00_64/block_4_expand/Conv2D/Conv2DBackpropFilter,2,28.673,14.3365,28.673,14.3365,0.0005172670928378884,0.9105263411407234,0.0,0.0
110,Device,Conv2D,mobilenetv2_1.00_64/block_2_project/Conv2D,2,28.673,14.3365,28.673,14.3365,0.0005172670928378884,0.9110436082335612,0.0,0.0
111,Device,Conv2DBackpropFilter,gradient_tape/mobilenetv2_1.00_64/block_14_expand/Conv2D/Conv2DBackpropFilter,2,28.672,14.336,28.672,14.336,0.0005172490526226044,0.9115608572861839,0.0,0.0
112,Device,Conv2DBackpropFilter,gradient_tape/mobilenetv2_1.00_64/block_16_expand/Conv2D/Conv2DBackpropFilter,2,28.672,14.336,28.672,14.336,0.0005172490526226044,0.9120781063388065,0.0,0.0
113,Device,Relu6Grad,gradient_tape/mobilenetv2_1.00_64/expanded_conv_depthwise_relu/Relu6/Relu6Grad,2,28.672,14.336,28.672,14.336,0.0005172490526226044,0.9125953553914291,0.0,0.0
114,Device,FusedBatchNormV3,mobilenetv2_1.00_64/block_14_depthwise_BN/FusedBatchNormV3,4,28.672,7.168,28.672,7.168,0.0005172490526226044,0.9131126044440517,0.0,0.0
115,Device,FusedBatchNormV3,mobilenetv2_1.00_64/block_15_expand_BN/FusedBatchNormV3,4,28.672,7.168,28.672,7.168,0.0005172490526226044,0.9136298534966744,0.0,0.0
116,Device,FusedBatchNormV3,mobilenetv2_1.00_64/block_16_depthwise_BN/FusedBatchNormV3,4,28.672,7.168,28.672,7.168,0.0005172490526226044,0.914147102549297,0.0,0.0
117,Device,Conv2D,mobilenetv2_1.00_64/block_12_expand/Conv2D,2,27.65,13.825,27.65,13.825,0.0004988119526023651,0.9146459145018994,0.0,0.0
118,Device,Conv2DBackpropFilter,gradient_tape/mobilenetv2_1.00_64/block_15_expand/Conv2D/Conv2DBackpropFilter,2,27.649,13.8245,27.649,13.8245,0.0004987939123870811,0.9151447084142864,0.0,0.0
119,Device,Conv2DBackpropFilter,gradient_tape/mobilenetv2_1.00_64/block_10_expand/Conv2D/Conv2DBackpropFilter,2,27.648,13.824,27.648,13.824,0.000498775872171797,0.9156434842864583,0.0,0.0
120,Device,Conv2DBackpropFilter,gradient_tape/mobilenetv2_1.00_64/block_14_project/Conv2D/Conv2DBackpropFilter,2,27.648,13.824,27.648,13.824,0.000498775872171797,0.9161422601586301,0.0,0.0
121,Device,Conv2DBackpropFilter,gradient_tape/mobilenetv2_1.00_64/block_15_project/Conv2D/Conv2DBackpropFilter,2,27.648,13.824,27.648,13.824,0.000498775872171797,0.9166410360308019,0.0,0.0
122,Device,FusedBatchNormGradV3,gradient_tape/mobilenetv2_1.00_64/block_16_depthwise_BN/FusedBatchNormGradV3,2,27.648,13.824,27.648,13.824,0.000498775872171797,0.9171398119029738,0.0,0.0
123,Device,Conv2DBackpropFilter,gradient_tape/mobilenetv2_1.00_64/block_5_expand/Conv2D/Conv2DBackpropFilter,2,27.648,13.824,27.648,13.824,0.000498775872171797,0.9176385877751456,0.0,0.0
124,Device,Conv2DBackpropFilter,gradient_tape/mobilenetv2_1.00_64/block_6_expand/Conv2D/Conv2DBackpropFilter,2,27.648,13.824,27.648,13.824,0.000498775872171797,0.9181373636473175,0.0,0.0
125,Device,Conv2D,mobilenetv2_1.00_64/block_3_project/Conv2D,2,27.648,13.824,27.648,13.824,0.000498775872171797,0.9186361395194893,0.0,0.0
126,Device,FusedBatchNormGradV3,gradient_tape/mobilenetv2_1.00_64/block_14_expand_BN/FusedBatchNormGradV3,2,26.625,13.3125,26.625,13.3125,0.0004803207319362738,0.9191164602514256,0.0,0.0
127,Device,FusedBatchNormGradV3,gradient_tape/mobilenetv2_1.00_64/block_14_depthwise_BN/FusedBatchNormGradV3,2,26.624,13.312,26.624,13.312,0.0004803026917209898,0.9195967629431465,0.0,0.0
128,Device,FusedBatchNormGradV3,gradient_tape/mobilenetv2_1.00_64/block_15_depthwise_BN/FusedBatchNormGradV3,2,26.624,13.312,26.624,13.312,0.0004803026917209898,0.9200770656348675,0.0,0.0
129,Device,FusedBatchNormGradV3,gradient_tape/mobilenetv2_1.00_64/block_15_expand_BN/FusedBatchNormGradV3,2,26.624,13.312,26.624,13.312,0.0004803026917209898,0.9205573683265884,0.0,0.0
130,Device,FusedBatchNormGradV3,gradient_tape/mobilenetv2_1.00_64/block_16_expand_BN/FusedBatchNormGradV3,2,26.624,13.312,26.624,13.312,0.0004803026917209898,0.9210376710183094,0.0,0.0
131,Device,Conv2DBackpropFilter,gradient_tape/mobilenetv2_1.00_64/block_7_expand/Conv2D/Conv2DBackpropFilter,2,26.624,13.312,26.624,13.312,0.0004803026917209898,0.9215179737100303,0.0,0.0
132,Device,Conv2DBackpropFilter,gradient_tape/mobilenetv2_1.00_64/block_9_project/Conv2D/Conv2DBackpropFilter,2,26.624,13.312,26.624,13.312,0.0004803026917209898,0.9219982764017512,0.0,0.0
133,Device,Conv2D,mobilenetv2_1.00_64/block_13_expand/Conv2D,2,26.624,13.312,26.624,13.312,0.0004803026917209898,0.9224785790934722,0.0,0.0
134,Device,Conv2DBackpropFilter,gradient_tape/mobilenetv2_1.00_64/block_13_project/Conv2D/Conv2DBackpropFilter,2,25.6,12.8,25.6,12.8,0.0004618295112701825,0.9229404086047424,0.0,0.0
135,Device,Conv2DBackpropFilter,gradient_tape/mobilenetv2_1.00_64/block_7_project/Conv2D/Conv2DBackpropFilter,2,25.6,12.8,25.6,12.8,0.0004618295112701825,0.9234022381160125,0.0,0.0
136,Device,Conv2DBackpropFilter,gradient_tape/mobilenetv2_1.00_64/block_8_project/Conv2D/Conv2DBackpropFilter,2,25.6,12.8,25.6,12.8,0.0004618295112701825,0.9238640676272827,0.0,0.0
137,Device,Conv2D,mobilenetv2_1.00_64/expanded_conv_project/Conv2D,2,25.6,12.8,25.6,12.8,0.0004618295112701825,0.9243258971385528,0.0,0.0
138,Device,FusedBatchNormV3,mobilenetv2_1.00_64/block_11_expand_BN/FusedBatchNormV3,4,24.577,6.14425,24.577,6.14425,0.00044337437103465923,0.9247692715095875,0.0,0.0
139,Device,Pad,mobilenetv2_1.00_64/block_3_pad/Pad,2,24.577,12.2885,24.577,12.2885,0.00044337437103465923,0.9252126458806222,0.0,0.0
140,Device,Conv2DBackpropFilter,gradient_tape/mobilenetv2_1.00_64/block_8_expand/Conv2D/Conv2DBackpropFilter,2,24.576,12.288,24.576,12.288,0.0004433563308193752,0.9256560022114416,0.0,0.0
141,Device,Conv2DBackpropFilter,gradient_tape/mobilenetv2_1.00_64/block_9_expand/Conv2D/Conv2DBackpropFilter,2,24.576,12.288,24.576,12.288,0.0004433563308193752,0.926099358542261,0.0,0.0
142,Device,FusedBatchNormV3,mobilenetv2_1.00_64/block_13_depthwise_BN/FusedBatchNormV3,4,24.576,6.144,24.576,6.144,0.0004433563308193752,0.9265427148730804,0.0,0.0
143,Device,FusedBatchNormV3,mobilenetv2_1.00_64/block_13_expand_BN/FusedBatchNormV3,4,24.576,6.144,24.576,6.144,0.0004433563308193752,0.9269860712038998,0.0,0.0
144,Device,Conv2D,mobilenetv2_1.00_64/block_1_project/Conv2D,2,24.576,12.288,24.576,12.288,0.0004433563308193752,0.9274294275347191,0.0,0.0
145,Device,FusedBatchNormV3,mobilenetv2_1.00_64/expanded_conv_depthwise_BN/FusedBatchNormV3,4,24.576,6.144,24.576,6.144,0.0004433563308193752,0.9278727838655385,0.0,0.0
146,Device,MatMul,mobilenetv2_1.00_64/predictions/MatMul,2,24.576,12.288,24.576,12.288,0.0004433563308193752,0.9283161401963579,0.0,0.0
147,Device,Conv2D,mobilenetv2_1.00_64/block_8_expand/Conv2D,2,23.553,11.7765,23.553,11.7765,0.0004249011905838519,0.9287410413869417,0.0,0.0
148,Device,Conv2D,mobilenetv2_1.00_64/block_10_expand/Conv2D,2,23.552,11.776,23.552,11.776,0.0004248831503685679,0.9291659245373103,0.0,0.0
149,Device,FusedBatchNormV3,mobilenetv2_1.00_64/block_11_depthwise_BN/FusedBatchNormV3,4,23.552,5.888,23.552,5.888,0.0004248831503685679,0.9295908076876789,0.0,0.0
150,Device,FusedBatchNormV3,mobilenetv2_1.00_64/block_12_depthwise_BN/FusedBatchNormV3,4,23.552,5.888,23.552,5.888,0.0004248831503685679,0.9300156908380475,0.0,0.0
151,Device,Conv2D,mobilenetv2_1.00_64/block_7_expand/Conv2D,2,23.552,11.776,23.552,11.776,0.0004248831503685679,0.9304405739884161,0.0,0.0
152,Device,FusedBatchNormV3,mobilenetv2_1.00_64/bn_Conv1/FusedBatchNormV3,4,23.552,5.888,23.552,5.888,0.0004248831503685679,0.9308654571387847,0.0,0.0
153,Device,FusedBatchNormV3,mobilenetv2_1.00_64/expanded_conv_project_BN/FusedBatchNormV3,4,23.552,5.888,23.552,5.888,0.0004248831503685679,0.9312903402891533,0.0,0.0
154,Device,DepthwiseConv2dNative,mobilenetv2_1.00_64/block_2_depthwise/depthwise,2,22.529,11.2645,22.529,11.2645,0.0004064280101330446,0.9316967682992863,0.0,0.0
155,Device,FusedBatchNormGradV3,gradient_tape/mobilenetv2_1.00_64/block_3_expand_BN/FusedBatchNormGradV3,2,22.528,11.264,22.528,11.264,0.0004064099699177606,0.9321031782692041,0.0,0.0
156,Device,FusedBatchNormV3,mobilenetv2_1.00_64/block_12_expand_BN/FusedBatchNormV3,4,22.528,5.632,22.528,5.632,0.0004064099699177606,0.9325095882391219,0.0,0.0
157,Device,Conv2D,mobilenetv2_1.00_64/block_6_expand/Conv2D,2,22.528,11.264,22.528,11.264,0.0004064099699177606,0.9329159982090397,0.0,0.0
158,Device,Conv2D,mobilenetv2_1.00_64/block_9_expand/Conv2D,2,22.528,11.264,22.528,11.264,0.0004064099699177606,0.9333224081789575,0.0,0.0
159,Device,FusedBatchNormGradV3,gradient_tape/mobilenetv2_1.00_64/block_2_depthwise_BN/FusedBatchNormGradV3,2,21.505,10.7525,21.505,10.7525,0.0003879548296822373,0.9337103630086397,0.0,0.0
160,Device,FusedBatchNormGradV3,gradient_tape/mobilenetv2_1.00_64/block_2_expand_BN/FusedBatchNormGradV3,2,21.504,10.752,21.504,10.752,0.0003879367894669533,0.9340982997981067,0.0,0.0
161,Device,Relu6Grad,gradient_tape/mobilenetv2_1.00_64/block_3_expand_relu/Relu6/Relu6Grad,2,21.504,10.752,21.504,10.752,0.0003879367894669533,0.9344862365875736,0.0,0.0
162,Device,FusedBatchNormV3,mobilenetv2_1.00_64/block_1_depthwise_BN/FusedBatchNormV3,4,21.504,5.376,21.504,5.376,0.0003879367894669533,0.9348741733770405,0.0,0.0
163,Device,Conv2D,mobilenetv2_1.00_64/block_4_expand/Conv2D,2,21.504,10.752,21.504,10.752,0.0003879367894669533,0.9352621101665074,0.0,0.0
164,Device,Conv2D,mobilenetv2_1.00_64/block_5_expand/Conv2D,2,21.504,10.752,21.504,10.752,0.0003879367894669533,0.9356500469559743,0.0,0.0
165,Device,DepthwiseConv2dNative,mobilenetv2_1.00_64/expanded_conv_depthwise/depthwise,2,21.504,10.752,21.504,10.752,0.0003879367894669533,0.9360379837454412,0.0,0.0
166,Device,ArgMax,ArgMax,2,20.48,10.24,20.48,10.24,0.000369463609016146,0.9364074473544574,0.0,0.0
167,Device,ArgMax,ArgMax_1,2,20.48,10.24,20.48,10.24,0.000369463609016146,0.9367769109634735,0.0,0.0
168,Device,FusedBatchNormGradV3,gradient_tape/mobilenetv2_1.00_64/block_11_depthwise_BN/FusedBatchNormGradV3,2,20.48,10.24,20.48,10.24,0.000369463609016146,0.9371463745724896,0.0,0.0
169,Device,FusedBatchNormGradV3,gradient_tape/mobilenetv2_1.00_64/block_11_expand_BN/FusedBatchNormGradV3,2,20.48,10.24,20.48,10.24,0.000369463609016146,0.9375158381815057,0.0,0.0
170,Device,FusedBatchNormGradV3,gradient_tape/mobilenetv2_1.00_64/block_12_depthwise_BN/FusedBatchNormGradV3,2,20.48,10.24,20.48,10.24,0.000369463609016146,0.9378853017905219,0.0,0.0
171,Device,FusedBatchNormGradV3,gradient_tape/mobilenetv2_1.00_64/block_13_expand_BN/FusedBatchNormGradV3,2,20.48,10.24,20.48,10.24,0.000369463609016146,0.938254765399538,0.0,0.0
172,Device,Conv2DBackpropFilter,gradient_tape/mobilenetv2_1.00_64/block_6_project/Conv2D/Conv2DBackpropFilter,2,20.48,10.24,20.48,10.24,0.000369463609016146,0.9386242290085541,0.0,0.0
173,Device,FusedBatchNormV3,mobilenetv2_1.00_64/block_10_expand_BN/FusedBatchNormV3,4,20.48,5.12,20.48,5.12,0.000369463609016146,0.9389936926175703,0.0,0.0
174,Device,FusedBatchNormV3,mobilenetv2_1.00_64/block_2_expand_BN/FusedBatchNormV3,4,20.48,5.12,20.48,5.12,0.000369463609016146,0.9393631562265864,0.0,0.0
175,Device,FusedBatchNormV3,mobilenetv2_1.00_64/block_3_expand_BN/FusedBatchNormV3,4,20.48,5.12,20.48,5.12,0.000369463609016146,0.9397326198356025,0.0,0.0
176,Device,FusedBatchNormV3,mobilenetv2_1.00_64/block_9_expand_BN/FusedBatchNormV3,4,20.48,5.12,20.48,5.12,0.000369463609016146,0.9401020834446187,0.0,0.0
177,Device,FusedBatchNormV3,mobilenetv2_1.00_64/block_7_expand_BN/FusedBatchNormV3,4,19.457,4.86425,19.457,4.86425,0.0003510084687806227,0.9404530919133993,0.0,0.0
178,Device,FusedBatchNormGradV3,gradient_tape/mobilenetv2_1.00_64/block_12_expand_BN/FusedBatchNormGradV3,2,19.456,9.728,19.456,9.728,0.0003509904285653387,0.9408040823419647,0.0,0.0
179,Device,DepthwiseConv2dNativeBackpropInput,gradient_tape/mobilenetv2_1.00_64/block_13_depthwise/depthwise/DepthwiseConv2dNativeBackpropInput,2,19.456,9.728,19.456,9.728,0.0003509904285653387,0.94115507277053,0.0,0.0
180,Device,FusedBatchNormGradV3,gradient_tape/mobilenetv2_1.00_64/block_13_depthwise_BN/FusedBatchNormGradV3,2,19.456,9.728,19.456,9.728,0.0003509904285653387,0.9415060631990954,0.0,0.0
181,Device,DepthwiseConv2dNativeBackpropInput,gradient_tape/mobilenetv2_1.00_64/block_6_depthwise/depthwise/DepthwiseConv2dNativeBackpropInput,2,19.456,9.728,19.456,9.728,0.0003509904285653387,0.9418570536276607,0.0,0.0
182,Device,FusedBatchNormV3,mobilenetv2_1.00_64/block_10_depthwise_BN/FusedBatchNormV3,4,19.456,4.864,19.456,4.864,0.0003509904285653387,0.942208044056226,0.0,0.0
183,Device,FusedBatchNormV3,mobilenetv2_1.00_64/block_2_depthwise_BN/FusedBatchNormV3,4,19.456,4.864,19.456,4.864,0.0003509904285653387,0.9425590344847914,0.0,0.0
184,Device,FusedBatchNormV3,mobilenetv2_1.00_64/block_7_depthwise_BN/FusedBatchNormV3,4,19.456,4.864,19.456,4.864,0.0003509904285653387,0.9429100249133567,0.0,0.0
185,Device,FusedBatchNormV3,mobilenetv2_1.00_64/block_8_expand_BN/FusedBatchNormV3,4,19.456,4.864,19.456,4.864,0.0003509904285653387,0.9432610153419221,0.0,0.0
186,Device,FusedBatchNormV3,mobilenetv2_1.00_64/block_9_depthwise_BN/FusedBatchNormV3,4,19.456,4.864,19.456,4.864,0.0003509904285653387,0.9436120057704874,0.0,0.0
187,Device,FusedBatchNormGradV3,gradient_tape/mobilenetv2_1.00_64/block_1_depthwise_BN/FusedBatchNormGradV3,2,18.432,9.216,18.432,9.216,0.00033251724811453136,0.943944523018602,0.0,0.0
188,Device,Relu6Grad,gradient_tape/mobilenetv2_1.00_64/block_2_expand_relu/Relu6/Relu6Grad,2,18.432,9.216,18.432,9.216,0.00033251724811453136,0.9442770402667165,0.0,0.0
189,Device,DepthwiseConv2dNativeBackpropInput,gradient_tape/mobilenetv2_1.00_64/block_4_depthwise/depthwise/DepthwiseConv2dNativeBackpropInput,2,18.432,9.216,18.432,9.216,0.00033251724811453136,0.9446095575148311,0.0,0.0
190,Device,DepthwiseConv2dNativeBackpropInput,gradient_tape/mobilenetv2_1.00_64/block_5_depthwise/depthwise/DepthwiseConv2dNativeBackpropInput,2,18.432,9.216,18.432,9.216,0.00033251724811453136,0.9449420747629457,0.0,0.0
191,Device,FusedBatchNormV3,mobilenetv2_1.00_64/block_16_project_BN/FusedBatchNormV3,4,18.432,4.608,18.432,4.608,0.00033251724811453136,0.9452745920110602,0.0,0.0
192,Device,FusedBatchNormV3,mobilenetv2_1.00_64/block_8_depthwise_BN/FusedBatchNormV3,4,18.432,4.608,18.432,4.608,0.00033251724811453136,0.9456071092591748,0.0,0.0
193,Device,Softmax,mobilenetv2_1.00_64/predictions/Softmax,2,18.432,9.216,18.432,9.216,0.00033251724811453136,0.9459396265072894,0.0,0.0
194,Device,Transpose,gradient_tape/mobilenetv2_1.00_64/Conv1/Conv2D/Conv2DBackpropFilter-0-TransposeNHWCToNCHW-LayoutOptimizer,2,17.408,8.704,17.408,8.704,0.0003140440676637241,0.9462536705749531,0.0,0.0
195,Device,DepthwiseConv2dNative,mobilenetv2_1.00_64/block_3_depthwise/depthwise,2,17.408,8.704,17.408,8.704,0.0003140440676637241,0.9465677146426169,0.0,0.0
196,Device,FusedBatchNormV3,mobilenetv2_1.00_64/block_4_depthwise_BN/FusedBatchNormV3,4,17.408,4.352,17.408,4.352,0.0003140440676637241,0.9468817587102807,0.0,0.0
197,Device,FusedBatchNormV3,mobilenetv2_1.00_64/block_4_expand_BN/FusedBatchNormV3,4,17.408,4.352,17.408,4.352,0.0003140440676637241,0.9471958027779445,0.0,0.0
198,Device,DepthwiseConv2dNativeBackpropFilter,gradient_tape/mobilenetv2_1.00_64/block_13_depthwise/depthwise/DepthwiseConv2dNativeBackpropFilter,2,16.385,8.1925,16.385,8.1925,0.0002955889274282008,0.9474913917053727,0.0,0.0
199,Device,DepthwiseConv2dNativeBackpropFilter,gradient_tape/mobilenetv2_1.00_64/block_4_depthwise/depthwise/DepthwiseConv2dNativeBackpropFilter,2,16.385,8.1925,16.385,8.1925,0.0002955889274282008,0.9477869806328009,0.0,0.0
200,Device,DepthwiseConv2dNativeBackpropInput,gradient_tape/mobilenetv2_1.00_64/block_12_depthwise/depthwise/DepthwiseConv2dNativeBackpropInput,2,16.384,8.192,16.384,8.192,0.0002955708872129168,0.9480825515200137,0.0,0.0
201,Device,FusedBatchNormGradV3,gradient_tape/mobilenetv2_1.00_64/block_16_project_BN/FusedBatchNormGradV3,2,16.384,8.192,16.384,8.192,0.0002955708872129168,0.9483781224072266,0.0,0.0
202,Device,DepthwiseConv2dNativeBackpropFilter,gradient_tape/mobilenetv2_1.00_64/block_5_depthwise/depthwise/DepthwiseConv2dNativeBackpropFilter,2,16.384,8.192,16.384,8.192,0.0002955708872129168,0.9486736932944395,0.0,0.0
203,Device,FusedBatchNormGradV3,gradient_tape/mobilenetv2_1.00_64/block_7_depthwise_BN/FusedBatchNormGradV3,2,16.384,8.192,16.384,8.192,0.0002955708872129168,0.9489692641816524,0.0,0.0
204,Device,FusedBatchNormGradV3,gradient_tape/mobilenetv2_1.00_64/block_7_expand_BN/FusedBatchNormGradV3,2,16.384,8.192,16.384,8.192,0.0002955708872129168,0.9492648350688653,0.0,0.0
205,Device,FusedBatchNormGradV3,gradient_tape/mobilenetv2_1.00_64/block_8_expand_BN/FusedBatchNormGradV3,2,16.384,8.192,16.384,8.192,0.0002955708872129168,0.9495604059560782,0.0,0.0
206,Device,FusedBatchNormGradV3,gradient_tape/mobilenetv2_1.00_64/block_9_expand_BN/FusedBatchNormGradV3,2,16.384,8.192,16.384,8.192,0.0002955708872129168,0.949855976843291,0.0,0.0
207,Device,FusedBatchNormV3,mobilenetv2_1.00_64/block_5_depthwise_BN/FusedBatchNormV3,4,16.384,4.096,16.384,4.096,0.0002955708872129168,0.9501515477305039,0.0,0.0
208,Device,FusedBatchNormV3,mobilenetv2_1.00_64/block_5_expand_BN/FusedBatchNormV3,4,16.384,4.096,16.384,4.096,0.0002955708872129168,0.9504471186177168,0.0,0.0
209,Device,FusedBatchNormGradV3,gradient_tape/mobilenetv2_1.00_64/block_10_depthwise_BN/FusedBatchNormGradV3,2,15.36,7.68,15.36,7.68,0.00027709770676210947,0.9507242163244789,0.0,0.0
210,Device,FusedBatchNormGradV3,gradient_tape/mobilenetv2_1.00_64/block_10_expand_BN/FusedBatchNormGradV3,2,15.36,7.68,15.36,7.68,0.00027709770676210947,0.951001314031241,0.0,0.0
211,Device,DepthwiseConv2dNativeBackpropInput,gradient_tape/mobilenetv2_1.00_64/block_11_depthwise/depthwise/DepthwiseConv2dNativeBackpropInput,2,15.36,7.68,15.36,7.68,0.00027709770676210947,0.9512784117380031,0.0,0.0
212,Device,FusedBatchNormGradV3,gradient_tape/mobilenetv2_1.00_64/block_2_project_BN/FusedBatchNormGradV3,2,15.36,7.68,15.36,7.68,0.00027709770676210947,0.9515555094447652,0.0,0.0
213,Device,FusedBatchNormGradV3,gradient_tape/mobilenetv2_1.00_64/block_8_depthwise_BN/FusedBatchNormGradV3,2,15.36,7.68,15.36,7.68,0.00027709770676210947,0.9518326071515273,0.0,0.0
214,Device,FusedBatchNormGradV3,gradient_tape/mobilenetv2_1.00_64/block_9_depthwise_BN/FusedBatchNormGradV3,2,15.36,7.68,15.36,7.68,0.00027709770676210947,0.9521097048582894,0.0,0.0
215,Device,DepthwiseConv2dNative,mobilenetv2_1.00_64/block_11_depthwise/depthwise,2,15.36,7.68,15.36,7.68,0.00027709770676210947,0.9523868025650515,0.0,0.0
216,Device,DepthwiseConv2dNative,mobilenetv2_1.00_64/block_12_depthwise/depthwise,2,15.36,7.68,15.36,7.68,0.00027709770676210947,0.9526639002718136,0.0,0.0
217,Device,FusedBatchNormV3,mobilenetv2_1.00_64/block_1_project_BN/FusedBatchNormV3,4,15.36,3.84,15.36,3.84,0.00027709770676210947,0.9529409979785757,0.0,0.0
218,Device,FusedBatchNormV3,mobilenetv2_1.00_64/block_2_project_BN/FusedBatchNormV3,4,15.36,3.84,15.36,3.84,0.00027709770676210947,0.9532180956853378,0.0,0.0
219,Device,FusedBatchNormV3,mobilenetv2_1.00_64/block_3_depthwise_BN/FusedBatchNormV3,4,15.36,3.84,15.36,3.84,0.00027709770676210947,0.9534951933920999,0.0,0.0
220,Device,FusedBatchNormV3,mobilenetv2_1.00_64/block_6_expand_BN/FusedBatchNormV3,4,15.36,3.84,15.36,3.84,0.00027709770676210947,0.953772291098862,0.0,0.0
221,Device,FusedBatchNormV3,mobilenetv2_1.00_64/block_13_project_BN/FusedBatchNormV3,4,14.337,3.58425,14.337,3.58425,0.0002586425665265862,0.9540309336653886,0.0,0.0
222,Device,FusedBatchNormV3,mobilenetv2_1.00_64/block_9_project_BN/FusedBatchNormV3,4,14.337,3.58425,14.337,3.58425,0.0002586425665265862,0.9542895762319152,0.0,0.0
223,Device,Relu6Grad,gradient_tape/mobilenetv2_1.00_64/block_2_depthwise_relu/Relu6/Relu6Grad,2,14.336,7.168,14.336,7.168,0.0002586245263113022,0.9545482007582266,0.0,0.0
224,Device,Slice,gradient_tape/mobilenetv2_1.00_64/block_3_pad/Slice_1,2,14.336,7.168,14.336,7.168,0.0002586245263113022,0.9548068252845379,0.0,0.0
225,Device,FusedBatchNormGradV3,gradient_tape/mobilenetv2_1.00_64/block_4_depthwise_BN/FusedBatchNormGradV3,2,14.336,7.168,14.336,7.168,0.0002586245263113022,0.9550654498108492,0.0,0.0
226,Device,MatMul,gradient_tape/mobilenetv2_1.00_64/predictions/MatMul/MatMul,2,14.336,7.168,14.336,7.168,0.0002586245263113022,0.9553240743371605,0.0,0.0
227,Device,FusedBatchNormV3,mobilenetv2_1.00_64/block_10_project_BN/FusedBatchNormV3,4,14.336,3.584,14.336,3.584,0.0002586245263113022,0.9555826988634718,0.0,0.0
228,Device,Pad,mobilenetv2_1.00_64/block_13_pad/Pad,2,14.336,7.168,14.336,7.168,0.0002586245263113022,0.9558413233897831,0.0,0.0
229,Device,FusedBatchNormV3,mobilenetv2_1.00_64/block_6_depthwise_BN/FusedBatchNormV3,4,14.336,3.584,14.336,3.584,0.0002586245263113022,0.9560999479160944,0.0,0.0
230,Device,FusedBatchNormV3,mobilenetv2_1.00_64/block_7_project_BN/FusedBatchNormV3,4,14.336,3.584,14.336,3.584,0.0002586245263113022,0.9563585724424057,0.0,0.0
231,Device,Mean,mobilenetv2_1.00_64/global_average_pooling2d/Mean,2,14.336,7.168,14.336,7.168,0.0002586245263113022,0.956617196968717,0.0,0.0
232,Device,FusedBatchNormGradV3,gradient_tape/mobilenetv2_1.00_64/block_1_project_BN/FusedBatchNormGradV3,2,13.313,6.6565,13.313,6.6565,0.0002401693860757789,0.9568573663547928,0.0,0.0
233,Device,FusedBatchNormGradV3,gradient_tape/mobilenetv2_1.00_64/block_4_expand_BN/FusedBatchNormGradV3,2,13.312,6.656,13.312,6.656,0.0002401513458604949,0.9570975177006533,0.0,0.0
234,Device,FusedBatchNormGradV3,gradient_tape/mobilenetv2_1.00_64/block_5_depthwise_BN/FusedBatchNormGradV3,2,13.312,6.656,13.312,6.656,0.0002401513458604949,0.9573376690465139,0.0,0.0
235,Device,FusedBatchNormGradV3,gradient_tape/mobilenetv2_1.00_64/block_5_expand_BN/FusedBatchNormGradV3,2,13.312,6.656,13.312,6.656,0.0002401513458604949,0.9575778203923744,0.0,0.0
236,Device,FusedBatchNormGradV3,gradient_tape/mobilenetv2_1.00_64/block_6_expand_BN/FusedBatchNormGradV3,2,13.312,6.656,13.312,6.656,0.0002401513458604949,0.9578179717382349,0.0,0.0
237,Device,FusedBatchNormV3,mobilenetv2_1.00_64/block_14_project_BN/FusedBatchNormV3,4,13.312,3.328,13.312,3.328,0.0002401513458604949,0.9580581230840954,0.0,0.0
238,Device,FusedBatchNormV3,mobilenetv2_1.00_64/block_15_project_BN/FusedBatchNormV3,4,13.312,3.328,13.312,3.328,0.0002401513458604949,0.958298274429956,0.0,0.0
239,Device,FusedBatchNormV3,mobilenetv2_1.00_64/block_3_project_BN/FusedBatchNormV3,4,13.312,3.328,13.312,3.328,0.0002401513458604949,0.9585384257758165,0.0,0.0
240,Device,FusedBatchNormV3,mobilenetv2_1.00_64/block_4_project_BN/FusedBatchNormV3,4,13.312,3.328,13.312,3.328,0.0002401513458604949,0.958778577121677,0.0,0.0
241,Device,FusedBatchNormV3,mobilenetv2_1.00_64/block_5_project_BN/FusedBatchNormV3,4,13.312,3.328,13.312,3.328,0.0002401513458604949,0.9590187284675376,0.0,0.0
242,Device,FusedBatchNormV3,mobilenetv2_1.00_64/block_6_project_BN/FusedBatchNormV3,4,13.312,3.328,13.312,3.328,0.0002401513458604949,0.9592588798133981,0.0,0.0
243,Device,Relu6Grad,gradient_tape/mobilenetv2_1.00_64/Conv1_relu/Relu6/Relu6Grad,2,12.288,6.144,12.288,6.144,0.0002216781654096876,0.9594805579788077,0.0,0.0
244,Device,DepthwiseConv2dNativeBackpropInput,gradient_tape/mobilenetv2_1.00_64/block_10_depthwise/depthwise/DepthwiseConv2dNativeBackpropInput,2,12.288,6.144,12.288,6.144,0.0002216781654096876,0.9597022361442173,0.0,0.0
245,Device,DepthwiseConv2dNativeBackpropFilter,gradient_tape/mobilenetv2_1.00_64/block_14_depthwise/depthwise/DepthwiseConv2dNativeBackpropFilter,2,12.288,6.144,12.288,6.144,0.0002216781654096876,0.959923914309627,0.0,0.0
246,Device,DepthwiseConv2dNativeBackpropInput,gradient_tape/mobilenetv2_1.00_64/block_14_depthwise/depthwise/DepthwiseConv2dNativeBackpropInput,2,12.288,6.144,12.288,6.144,0.0002216781654096876,0.9601455924750366,0.0,0.0
247,Device,DepthwiseConv2dNativeBackpropInput,gradient_tape/mobilenetv2_1.00_64/block_15_depthwise/depthwise/DepthwiseConv2dNativeBackpropInput,2,12.288,6.144,12.288,6.144,0.0002216781654096876,0.9603672706404462,0.0,0.0
248,Device,FusedBatchNormGradV3,gradient_tape/mobilenetv2_1.00_64/block_3_depthwise_BN/FusedBatchNormGradV3,2,12.288,6.144,12.288,6.144,0.0002216781654096876,0.9605889488058559,0.0,0.0
249,Device,DepthwiseConv2dNativeBackpropInput,gradient_tape/mobilenetv2_1.00_64/block_7_depthwise/depthwise/DepthwiseConv2dNativeBackpropInput,2,12.288,6.144,12.288,6.144,0.0002216781654096876,0.9608106269712655,0.0,0.0
250,Device,DepthwiseConv2dNativeBackpropInput,gradient_tape/mobilenetv2_1.00_64/block_8_depthwise/depthwise/DepthwiseConv2dNativeBackpropInput,2,12.288,6.144,12.288,6.144,0.0002216781654096876,0.9610323051366751,0.0,0.0
251,Device,DepthwiseConv2dNativeBackpropInput,gradient_tape/mobilenetv2_1.00_64/block_9_depthwise/depthwise/DepthwiseConv2dNativeBackpropInput,2,12.288,6.144,12.288,6.144,0.0002216781654096876,0.9612539833020848,0.0,0.0
252,Device,DepthwiseConv2dNative,mobilenetv2_1.00_64/block_10_depthwise/depthwise,2,12.288,6.144,12.288,6.144,0.0002216781654096876,0.9614756614674944,0.0,0.0
253,Device,Pad,mobilenetv2_1.00_64/block_6_pad/Pad,2,12.288,6.144,12.288,6.144,0.0002216781654096876,0.961697339632904,0.0,0.0
254,Device,DepthwiseConv2dNative,mobilenetv2_1.00_64/block_7_depthwise/depthwise,2,12.288,6.144,12.288,6.144,0.0002216781654096876,0.9619190177983137,0.0,0.0
255,Device,FusedBatchNormV3,mobilenetv2_1.00_64/block_8_project_BN/FusedBatchNormV3,4,12.288,3.072,12.288,3.072,0.0002216781654096876,0.9621406959637233,0.0,0.0
256,Device,DepthwiseConv2dNative,mobilenetv2_1.00_64/block_9_depthwise/depthwise,2,12.288,6.144,12.288,6.144,0.0002216781654096876,0.962362374129133,0.0,0.0
257,Device,ResourceApplyGradientDescent,SGD/SGD/update_153/ResourceApplyGradientDescent,2,11.265,5.6325,11.265,5.6325,0.0002032230251741643,0.9625655971543071,0.0,0.0
258,Device,FusedBatchNormGradV3,gradient_tape/mobilenetv2_1.00_64/block_12_project_BN/FusedBatchNormGradV3,2,11.264,5.632,11.264,5.632,0.0002032049849588803,0.962768802139266,0.0,0.0
259,Device,DepthwiseConv2dNativeBackpropFilter,gradient_tape/mobilenetv2_1.00_64/block_15_depthwise/depthwise/DepthwiseConv2dNativeBackpropFilter,2,11.264,5.632,11.264,5.632,0.0002032049849588803,0.9629720071242248,0.0,0.0
260,Device,DepthwiseConv2dNativeBackpropInput,gradient_tape/mobilenetv2_1.00_64/block_16_depthwise/depthwise/DepthwiseConv2dNativeBackpropInput,2,11.264,5.632,11.264,5.632,0.0002032049849588803,0.9631752121091837,0.0,0.0
261,Device,FusedBatchNormGradV3,gradient_tape/mobilenetv2_1.00_64/block_3_project_BN/FusedBatchNormGradV3,2,11.264,5.632,11.264,5.632,0.0002032049849588803,0.9633784170941425,0.0,0.0
262,Device,FusedBatchNormGradV3,gradient_tape/mobilenetv2_1.00_64/block_5_project_BN/FusedBatchNormGradV3,2,11.264,5.632,11.264,5.632,0.0002032049849588803,0.9635816220791014,0.0,0.0
263,Device,FusedBatchNormGradV3,gradient_tape/mobilenetv2_1.00_64/block_6_depthwise_BN/FusedBatchNormGradV3,2,11.264,5.632,11.264,5.632,0.0002032049849588803,0.9637848270640602,0.0,0.0
264,Device,MatMul,gradient_tape/mobilenetv2_1.00_64/predictions/MatMul/MatMul_1,2,11.264,5.632,11.264,5.632,0.0002032049849588803,0.9639880320490191,0.0,0.0
265,Device,FusedBatchNormV3,mobilenetv2_1.00_64/block_11_project_BN/FusedBatchNormV3,4,11.264,2.816,11.264,2.816,0.0002032049849588803,0.9641912370339779,0.0,0.0
266,Device,FusedBatchNormV3,mobilenetv2_1.00_64/block_12_project_BN/FusedBatchNormV3,4,11.264,2.816,11.264,2.816,0.0002032049849588803,0.9643944420189368,0.0,0.0
267,Device,DepthwiseConv2dNative,mobilenetv2_1.00_64/block_5_depthwise/depthwise,2,11.264,5.632,11.264,5.632,0.0002032049849588803,0.9645976470038956,0.0,0.0
268,Device,DepthwiseConv2dNative,mobilenetv2_1.00_64/block_6_depthwise/depthwise,2,11.264,5.632,11.264,5.632,0.0002032049849588803,0.9648008519888545,0.0,0.0
269,Device,DepthwiseConv2dNative,mobilenetv2_1.00_64/block_8_depthwise/depthwise,2,11.264,5.632,11.264,5.632,0.0002032049849588803,0.9650040569738133,0.0,0.0
270,Device,FusedBatchNormGradV3,gradient_tape/mobilenetv2_1.00_64/block_10_project_BN/FusedBatchNormGradV3,2,10.24,5.12,10.24,5.12,0.000184731804508073,0.9651887887783214,0.0,0.0
271,Device,FusedBatchNormGradV3,gradient_tape/mobilenetv2_1.00_64/block_11_project_BN/FusedBatchNormGradV3,2,10.24,5.12,10.24,5.12,0.000184731804508073,0.9653735205828294,0.0,0.0
272,Device,FusedBatchNormGradV3,gradient_tape/mobilenetv2_1.00_64/block_13_project_BN/FusedBatchNormGradV3,2,10.24,5.12,10.24,5.12,0.000184731804508073,0.9655582523873375,0.0,0.0
273,Device,FusedBatchNormGradV3,gradient_tape/mobilenetv2_1.00_64/block_14_project_BN/FusedBatchNormGradV3,2,10.24,5.12,10.24,5.12,0.000184731804508073,0.9657429841918456,0.0,0.0
274,Device,FusedBatchNormGradV3,gradient_tape/mobilenetv2_1.00_64/block_15_project_BN/FusedBatchNormGradV3,2,10.24,5.12,10.24,5.12,0.000184731804508073,0.9659277159963536,0.0,0.0
275,Device,DepthwiseConv2dNativeBackpropFilter,gradient_tape/mobilenetv2_1.00_64/block_16_depthwise/depthwise/DepthwiseConv2dNativeBackpropFilter,2,10.24,5.12,10.24,5.12,0.000184731804508073,0.9661124478008617,0.0,0.0
276,Device,Relu6Grad,gradient_tape/mobilenetv2_1.00_64/block_1_depthwise_relu/Relu6/Relu6Grad,2,10.24,5.12,10.24,5.12,0.000184731804508073,0.9662971796053698,0.0,0.0
277,Device,FusedBatchNormGradV3,gradient_tape/mobilenetv2_1.00_64/block_4_project_BN/FusedBatchNormGradV3,2,10.24,5.12,10.24,5.12,0.000184731804508073,0.9664819114098778,0.0,0.0
278,Device,Relu6Grad,gradient_tape/mobilenetv2_1.00_64/block_6_expand_relu/Relu6/Relu6Grad,2,10.24,5.12,10.24,5.12,0.000184731804508073,0.9666666432143859,0.0,0.0
279,Device,FusedBatchNormGradV3,gradient_tape/mobilenetv2_1.00_64/block_6_project_BN/FusedBatchNormGradV3,2,10.24,5.12,10.24,5.12,0.000184731804508073,0.966851375018894,0.0,0.0
280,Device,FusedBatchNormGradV3,gradient_tape/mobilenetv2_1.00_64/block_7_project_BN/FusedBatchNormGradV3,2,10.24,5.12,10.24,5.12,0.000184731804508073,0.967036106823402,0.0,0.0
281,Device,FusedBatchNormGradV3,gradient_tape/mobilenetv2_1.00_64/block_9_project_BN/FusedBatchNormGradV3,2,10.24,5.12,10.24,5.12,0.000184731804508073,0.9672208386279101,0.0,0.0
282,Device,DynamicStitch,gradient_tape/mobilenetv2_1.00_64/global_average_pooling2d/DynamicStitch,2,10.24,5.12,10.24,5.12,0.000184731804508073,0.9674055704324181,0.0,0.0
283,Device,Relu6,mobilenetv2_1.00_64/Conv1_relu/Relu6,2,10.24,5.12,10.24,5.12,0.000184731804508073,0.9675903022369262,0.0,0.0
284,Device,DepthwiseConv2dNative,mobilenetv2_1.00_64/block_13_depthwise/depthwise,2,10.24,5.12,10.24,5.12,0.000184731804508073,0.9677750340414343,0.0,0.0
285,Device,Relu6,mobilenetv2_1.00_64/block_2_depthwise_relu/Relu6,2,10.24,5.12,10.24,5.12,0.000184731804508073,0.9679597658459423,0.0,0.0
286,Device,DepthwiseConv2dNative,mobilenetv2_1.00_64/block_4_depthwise/depthwise,2,10.24,5.12,10.24,5.12,0.000184731804508073,0.9681444976504504,0.0,0.0
287,Device,Relu6,mobilenetv2_1.00_64/expanded_conv_depthwise_relu/Relu6,2,9.217,4.6085,9.217,4.6085,0.0001662766642725497,0.968310774314723,0.0,0.0
288,Device,FusedBatchNormGradV3,gradient_tape/mobilenetv2_1.00_64/block_8_project_BN/FusedBatchNormGradV3,2,9.216,4.608,9.216,4.608,0.00016625862405726568,0.9684770329387803,0.0,0.0
289,Device,DepthwiseConv2dNative,mobilenetv2_1.00_64/block_14_depthwise/depthwise,2,9.216,4.608,9.216,4.608,0.00016625862405726568,0.9686432915628376,0.0,0.0
290,Device,DepthwiseConv2dNative,mobilenetv2_1.00_64/block_15_depthwise/depthwise,2,9.216,4.608,9.216,4.608,0.00016625862405726568,0.9688095501868949,0.0,0.0
291,Device,Relu6,mobilenetv2_1.00_64/block_1_depthwise_relu/Relu6,2,9.216,4.608,9.216,4.608,0.00016625862405726568,0.9689758088109521,0.0,0.0
292,Device,AddV2,mobilenetv2_1.00_64/block_2_add/add,2,9.216,4.608,9.216,4.608,0.00016625862405726568,0.9691420674350094,0.0,0.0
293,Device,Relu6,mobilenetv2_1.00_64/block_3_expand_relu/Relu6,2,9.216,4.608,9.216,4.608,0.00016625862405726568,0.9693083260590667,0.0,0.0
294,Device,Relu6,mobilenetv2_1.00_64/block_10_expand_relu/Relu6,2,8.193,4.0965,8.193,4.0965,0.0001478034838217424,0.9694561295428884,0.0,0.0
295,Device,ResourceApplyGradientDescent,SGD/SGD/update_105/ResourceApplyGradientDescent,2,8.192,4.096,8.192,4.096,0.0001477854436064584,0.9696039149864949,0.0,0.0
296,Device,ResourceApplyGradientDescent,SGD/SGD/update_123/ResourceApplyGradientDescent,2,8.192,4.096,8.192,4.096,0.0001477854436064584,0.9697517004301014,0.0,0.0
297,Device,ResourceApplyGradientDescent,SGD/SGD/update_135/ResourceApplyGradientDescent,2,8.192,4.096,8.192,4.096,0.0001477854436064584,0.9698994858737079,0.0,0.0
298,Device,ResourceApplyGradientDescent,SGD/SGD/update_150/ResourceApplyGradientDescent,2,8.192,4.096,8.192,4.096,0.0001477854436064584,0.9700472713173144,0.0,0.0
299,Device,ResourceApplyGradientDescent,SGD/SGD/update_156/ResourceApplyGradientDescent,2,8.192,4.096,8.192,4.096,0.0001477854436064584,0.9701950567609209,0.0,0.0
300,Device,ResourceApplyGradientDescent,SGD/SGD/update_96/ResourceApplyGradientDescent,2,8.192,4.096,8.192,4.096,0.0001477854436064584,0.9703428422045274,0.0,0.0
301,Device,AddN,SGD/gradients/AddN_2,2,8.192,4.096,8.192,4.096,0.0001477854436064584,0.9704906276481339,0.0,0.0
302,Device,AddN,SGD/gradients/AddN_9,2,8.192,4.096,8.192,4.096,0.0001477854436064584,0.9706384130917404,0.0,0.0
303,Device,Relu6Grad,gradient_tape/mobilenetv2_1.00_64/block_10_expand_relu/Relu6/Relu6Grad,2,8.192,4.096,8.192,4.096,0.0001477854436064584,0.9707861985353469,0.0,0.0
304,Device,Relu6Grad,gradient_tape/mobilenetv2_1.00_64/block_11_depthwise_relu/Relu6/Relu6Grad,2,8.192,4.096,8.192,4.096,0.0001477854436064584,0.9709339839789534,0.0,0.0
305,Device,Relu6Grad,gradient_tape/mobilenetv2_1.00_64/block_11_expand_relu/Relu6/Relu6Grad,2,8.192,4.096,8.192,4.096,0.0001477854436064584,0.9710817694225599,0.0,0.0
306,Device,Relu6Grad,gradient_tape/mobilenetv2_1.00_64/block_13_expand_relu/Relu6/Relu6Grad,2,8.192,4.096,8.192,4.096,0.0001477854436064584,0.9712295548661664,0.0,0.0
307,Device,Slice,gradient_tape/mobilenetv2_1.00_64/block_13_pad/Slice_1,2,8.192,4.096,8.192,4.096,0.0001477854436064584,0.9713773403097729,0.0,0.0
308,Device,Relu6Grad,gradient_tape/mobilenetv2_1.00_64/block_4_depthwise_relu/Relu6/Relu6Grad,2,8.192,4.096,8.192,4.096,0.0001477854436064584,0.9715251257533793,0.0,0.0
309,Device,Relu6Grad,gradient_tape/mobilenetv2_1.00_64/block_5_depthwise_relu/Relu6/Relu6Grad,2,8.192,4.096,8.192,4.096,0.0001477854436064584,0.9716729111969858,0.0,0.0
310,Device,Relu6Grad,gradient_tape/mobilenetv2_1.00_64/block_5_expand_relu/Relu6/Relu6Grad,2,8.192,4.096,8.192,4.096,0.0001477854436064584,0.9718206966405923,0.0,0.0
311,Device,Slice,gradient_tape/mobilenetv2_1.00_64/block_6_pad/Slice_1,2,8.192,4.096,8.192,4.096,0.0001477854436064584,0.9719684820841988,0.0,0.0
312,Device,Relu6Grad,gradient_tape/mobilenetv2_1.00_64/block_7_depthwise_relu/Relu6/Relu6Grad,2,8.192,4.096,8.192,4.096,0.0001477854436064584,0.9721162675278053,0.0,0.0
313,Device,Relu6Grad,gradient_tape/mobilenetv2_1.00_64/block_8_depthwise_relu/Relu6/Relu6Grad,2,8.192,4.096,8.192,4.096,0.0001477854436064584,0.9722640529714118,0.0,0.0
314,Device,Relu6Grad,gradient_tape/mobilenetv2_1.00_64/block_9_expand_relu/Relu6/Relu6Grad,2,8.192,4.096,8.192,4.096,0.0001477854436064584,0.9724118384150183,0.0,0.0
315,Device,BroadcastTo,gradient_tape/mobilenetv2_1.00_64/global_average_pooling2d/BroadcastTo,2,8.192,4.096,8.192,4.096,0.0001477854436064584,0.9725596238586248,0.0,0.0
316,Device,Transpose,gradient_tape/mobilenetv2_1.00_64/out_relu/Relu6/Relu6Grad-0-TransposeNHWCToNCHW-LayoutOptimizer,2,8.192,4.096,8.192,4.096,0.0001477854436064584,0.9727074093022313,0.0,0.0
317,Device,Relu6,mobilenetv2_1.00_64/block_14_expand_relu/Relu6,2,8.192,4.096,8.192,4.096,0.0001477854436064584,0.9728551947458378,0.0,0.0
318,Device,DepthwiseConv2dNative,mobilenetv2_1.00_64/block_16_depthwise/depthwise,2,8.192,4.096,8.192,4.096,0.0001477854436064584,0.9730029801894443,0.0,0.0
319,Device,Relu6,mobilenetv2_1.00_64/block_2_expand_relu/Relu6,2,8.192,4.096,8.192,4.096,0.0001477854436064584,0.9731507656330508,0.0,0.0
320,Device,Relu6,mobilenetv2_1.00_64/block_3_depthwise_relu/Relu6,2,8.192,4.096,8.192,4.096,0.0001477854436064584,0.9732985510766573,0.0,0.0
321,Device,Relu6,mobilenetv2_1.00_64/block_9_depthwise_relu/Relu6,2,8.192,4.096,8.192,4.096,0.0001477854436064584,0.9734463365202638,0.0,0.0
322,Device,Transpose,mobilenetv2_1.00_64/out_relu/Relu6-0-0-TransposeNCHWToNHWC-LayoutOptimizer,2,8.192,4.096,8.192,4.096,0.0001477854436064584,0.9735941219638703,0.0,0.0
323,Device,AssignAddVariableOp,AssignAddVariableOp_2,2,7.169,3.5845,7.169,3.5845,0.00012933030337093507,0.9737234522672412,0.0,0.0
324,Device,Relu6Grad,gradient_tape/mobilenetv2_1.00_64/block_8_expand_relu/Relu6/Relu6Grad,2,7.169,3.5845,7.169,3.5845,0.00012933030337093507,0.9738527825706121,0.0,0.0
325,Device,Relu6Grad,gradient_tape/mobilenetv2_1.00_64/out_relu/Relu6/Relu6Grad,2,7.169,3.5845,7.169,3.5845,0.00012933030337093507,0.9739821128739831,0.0,0.0
326,Device,Relu6,mobilenetv2_1.00_64/block_6_expand_relu/Relu6,2,7.169,3.5845,7.169,3.5845,0.00012933030337093507,0.974111443177354,0.0,0.0
327,Device,Mul,Mul,2,7.168,3.584,7.168,3.584,0.0001293122631556511,0.9742407554405096,0.0,0.0
328,Device,ResourceApplyGradientDescent,SGD/SGD/update_102/ResourceApplyGradientDescent,2,7.168,3.584,7.168,3.584,0.0001293122631556511,0.9743700677036652,0.0,0.0
329,Device,ResourceApplyGradientDescent,SGD/SGD/update_108/ResourceApplyGradientDescent,2,7.168,3.584,7.168,3.584,0.0001293122631556511,0.9744993799668208,0.0,0.0
330,Device,ResourceApplyGradientDescent,SGD/SGD/update_11/ResourceApplyGradientDescent,2,7.168,3.584,7.168,3.584,0.0001293122631556511,0.9746286922299764,0.0,0.0
331,Device,ResourceApplyGradientDescent,SGD/SGD/update_111/ResourceApplyGradientDescent,2,7.168,3.584,7.168,3.584,0.0001293122631556511,0.974758004493132,0.0,0.0
332,Device,ResourceApplyGradientDescent,SGD/SGD/update_114/ResourceApplyGradientDescent,2,7.168,3.584,7.168,3.584,0.0001293122631556511,0.9748873167562876,0.0,0.0
333,Device,ResourceApplyGradientDescent,SGD/SGD/update_117/ResourceApplyGradientDescent,2,7.168,3.584,7.168,3.584,0.0001293122631556511,0.9750166290194432,0.0,0.0
334,Device,ResourceApplyGradientDescent,SGD/SGD/update_132/ResourceApplyGradientDescent,2,7.168,3.584,7.168,3.584,0.0001293122631556511,0.9751459412825988,0.0,0.0
335,Device,ResourceApplyGradientDescent,SGD/SGD/update_138/ResourceApplyGradientDescent,2,7.168,3.584,7.168,3.584,0.0001293122631556511,0.9752752535457544,0.0,0.0
336,Device,ResourceApplyGradientDescent,SGD/SGD/update_144/ResourceApplyGradientDescent,2,7.168,3.584,7.168,3.584,0.0001293122631556511,0.97540456580891,0.0,0.0
337,Device,ResourceApplyGradientDescent,SGD/SGD/update_147/ResourceApplyGradientDescent,2,7.168,3.584,7.168,3.584,0.0001293122631556511,0.9755338780720656,0.0,0.0
338,Device,ResourceApplyGradientDescent,SGD/SGD/update_18/ResourceApplyGradientDescent,2,7.168,3.584,7.168,3.584,0.0001293122631556511,0.9756631903352212,0.0,0.0
339,Device,ResourceApplyGradientDescent,SGD/SGD/update_22/ResourceApplyGradientDescent,2,7.168,3.584,7.168,3.584,0.0001293122631556511,0.9757925025983768,0.0,0.0
340,Device,ResourceApplyGradientDescent,SGD/SGD/update_33/ResourceApplyGradientDescent,2,7.168,3.584,7.168,3.584,0.0001293122631556511,0.9759218148615324,0.0,0.0
341,Device,ResourceApplyGradientDescent,SGD/SGD/update_36/ResourceApplyGradientDescent,2,7.168,3.584,7.168,3.584,0.0001293122631556511,0.976051127124688,0.0,0.0
342,Device,ResourceApplyGradientDescent,SGD/SGD/update_45/ResourceApplyGradientDescent,2,7.168,3.584,7.168,3.584,0.0001293122631556511,0.9761804393878436,0.0,0.0
343,Device,ResourceApplyGradientDescent,SGD/SGD/update_5/ResourceApplyGradientDescent,2,7.168,3.584,7.168,3.584,0.0001293122631556511,0.9763097516509992,0.0,0.0
344,Device,ResourceApplyGradientDescent,SGD/SGD/update_51/ResourceApplyGradientDescent,2,7.168,3.584,7.168,3.584,0.0001293122631556511,0.9764390639141548,0.0,0.0
345,Device,ResourceApplyGradientDescent,SGD/SGD/update_54/ResourceApplyGradientDescent,2,7.168,3.584,7.168,3.584,0.0001293122631556511,0.9765683761773104,0.0,0.0
346,Device,ResourceApplyGradientDescent,SGD/SGD/update_63/ResourceApplyGradientDescent,2,7.168,3.584,7.168,3.584,0.0001293122631556511,0.976697688440466,0.0,0.0
347,Device,ResourceApplyGradientDescent,SGD/SGD/update_72/ResourceApplyGradientDescent,2,7.168,3.584,7.168,3.584,0.0001293122631556511,0.9768270007036216,0.0,0.0
348,Device,ResourceApplyGradientDescent,SGD/SGD/update_75/ResourceApplyGradientDescent,2,7.168,3.584,7.168,3.584,0.0001293122631556511,0.9769563129667772,0.0,0.0
349,Device,ResourceApplyGradientDescent,SGD/SGD/update_78/ResourceApplyGradientDescent,2,7.168,3.584,7.168,3.584,0.0001293122631556511,0.9770856252299328,0.0,0.0
350,Device,ResourceApplyGradientDescent,SGD/SGD/update_81/ResourceApplyGradientDescent,2,7.168,3.584,7.168,3.584,0.0001293122631556511,0.9772149374930884,0.0,0.0
351,Device,ResourceApplyGradientDescent,SGD/SGD/update_87/ResourceApplyGradientDescent,2,7.168,3.584,7.168,3.584,0.0001293122631556511,0.977344249756244,0.0,0.0
352,Device,ResourceApplyGradientDescent,SGD/SGD/update_90/ResourceApplyGradientDescent,2,7.168,3.584,7.168,3.584,0.0001293122631556511,0.9774735620193996,0.0,0.0
353,Device,Relu6Grad,gradient_tape/mobilenetv2_1.00_64/block_12_depthwise_relu/Relu6/Relu6Grad,2,7.168,3.584,7.168,3.584,0.0001293122631556511,0.9776028742825552,0.0,0.0
354,Device,Relu6Grad,gradient_tape/mobilenetv2_1.00_64/block_12_expand_relu/Relu6/Relu6Grad,2,7.168,3.584,7.168,3.584,0.0001293122631556511,0.9777321865457108,0.0,0.0
355,Device,Relu6Grad,gradient_tape/mobilenetv2_1.00_64/block_3_depthwise_relu/Relu6/Relu6Grad,2,7.168,3.584,7.168,3.584,0.0001293122631556511,0.9778614988088664,0.0,0.0
356,Device,Relu6Grad,gradient_tape/mobilenetv2_1.00_64/block_4_expand_relu/Relu6/Relu6Grad,2,7.168,3.584,7.168,3.584,0.0001293122631556511,0.977990811072022,0.0,0.0
357,Device,Relu6Grad,gradient_tape/mobilenetv2_1.00_64/block_7_expand_relu/Relu6/Relu6Grad,2,7.168,3.584,7.168,3.584,0.0001293122631556511,0.9781201233351776,0.0,0.0
358,Device,Relu6Grad,gradient_tape/mobilenetv2_1.00_64/block_9_depthwise_relu/Relu6/Relu6Grad,2,7.168,3.584,7.168,3.584,0.0001293122631556511,0.9782494355983332,0.0,0.0
359,Device,Relu6,mobilenetv2_1.00_64/block_11_depthwise_relu/Relu6,2,7.168,3.584,7.168,3.584,0.0001293122631556511,0.9783787478614888,0.0,0.0
360,Device,Relu6,mobilenetv2_1.00_64/block_12_depthwise_relu/Relu6,2,7.168,3.584,7.168,3.584,0.0001293122631556511,0.9785080601246444,0.0,0.0
361,Device,Relu6,mobilenetv2_1.00_64/block_12_expand_relu/Relu6,2,7.168,3.584,7.168,3.584,0.0001293122631556511,0.9786373723878,0.0,0.0
362,Device,Relu6,mobilenetv2_1.00_64/block_13_depthwise_relu/Relu6,2,7.168,3.584,7.168,3.584,0.0001293122631556511,0.9787666846509556,0.0,0.0
363,Device,Relu6,mobilenetv2_1.00_64/block_13_expand_relu/Relu6,2,7.168,3.584,7.168,3.584,0.0001293122631556511,0.9788959969141112,0.0,0.0
364,Device,Relu6,mobilenetv2_1.00_64/block_14_depthwise_relu/Relu6,2,7.168,3.584,7.168,3.584,0.0001293122631556511,0.9790253091772668,0.0,0.0
365,Device,Relu6,mobilenetv2_1.00_64/block_15_depthwise_relu/Relu6,2,7.168,3.584,7.168,3.584,0.0001293122631556511,0.9791546214404224,0.0,0.0
366,Device,Relu6,mobilenetv2_1.00_64/block_16_expand_relu/Relu6,2,7.168,3.584,7.168,3.584,0.0001293122631556511,0.979283933703578,0.0,0.0
367,Device,Relu6,mobilenetv2_1.00_64/block_4_depthwise_relu/Relu6,2,7.168,3.584,7.168,3.584,0.0001293122631556511,0.9794132459667336,0.0,0.0
368,Device,AddV2,mobilenetv2_1.00_64/block_5_add/add,2,7.168,3.584,7.168,3.584,0.0001293122631556511,0.9795425582298892,0.0,0.0
369,Device,Relu6,mobilenetv2_1.00_64/block_5_depthwise_relu/Relu6,2,7.168,3.584,7.168,3.584,0.0001293122631556511,0.9796718704930448,0.0,0.0
370,Device,AddV2,mobilenetv2_1.00_64/block_7_add/add,2,7.168,3.584,7.168,3.584,0.0001293122631556511,0.9798011827562004,0.0,0.0
371,Device,Relu6,mobilenetv2_1.00_64/block_7_depthwise_relu/Relu6,2,7.168,3.584,7.168,3.584,0.0001293122631556511,0.979930495019356,0.0,0.0
372,Device,Relu6,mobilenetv2_1.00_64/block_8_expand_relu/Relu6,2,7.168,3.584,7.168,3.584,0.0001293122631556511,0.9800598072825116,0.0,0.0
373,Device,Cast,Cast,2,6.145,3.0725,6.145,3.0725,0.00011085712292012778,0.9801706644054318,0.0,0.0
374,Device,ResourceApplyGradientDescent,SGD/SGD/update_142/ResourceApplyGradientDescent,2,6.145,3.0725,6.145,3.0725,0.00011085712292012778,0.9802815215283519,0.0,0.0
375,Device,ResourceApplyGradientDescent,SGD/SGD/update_8/ResourceApplyGradientDescent,2,6.145,3.0725,6.145,3.0725,0.00011085712292012778,0.980392378651272,0.0,0.0
376,Device,Mul,gradient_tape/categorical_crossentropy/softmax_cross_entropy_with_logits/mul,2,6.145,3.0725,6.145,3.0725,0.00011085712292012778,0.9805032357741922,0.0,0.0
377,Device,Relu6,mobilenetv2_1.00_64/block_16_depthwise_relu/Relu6,2,6.145,3.0725,6.145,3.0725,0.00011085712292012778,0.9806140928971123,0.0,0.0
378,Device,Relu6,mobilenetv2_1.00_64/out_relu/Relu6,2,6.145,3.0725,6.145,3.0725,0.00011085712292012778,0.9807249500200325,0.0,0.0
379,Device,AssignAddVariableOp,AssignAddVariableOp,2,6.144,3.072,6.144,3.072,0.0001108390827048438,0.9808357891027373,0.0,0.0
380,Device,AssignAddVariableOp,AssignAddVariableOp_1,2,6.144,3.072,6.144,3.072,0.0001108390827048438,0.9809466281854421,0.0,0.0
381,Device,AssignAddVariableOp,AssignAddVariableOp_4,2,6.144,3.072,6.144,3.072,0.0001108390827048438,0.9810574672681469,0.0,0.0
382,Device,Equal,Equal,2,6.144,3.072,6.144,3.072,0.0001108390827048438,0.9811683063508517,0.0,0.0
383,Device,AssignAddVariableOp,SGD/SGD/AssignAddVariableOp,2,6.144,3.072,6.144,3.072,0.0001108390827048438,0.9812791454335565,0.0,0.0
384,Device,ResourceApplyGradientDescent,SGD/SGD/update/ResourceApplyGradientDescent,2,6.144,3.072,6.144,3.072,0.0001108390827048438,0.9813899845162614,0.0,0.0
385,Device,ResourceApplyGradientDescent,SGD/SGD/update_1/ResourceApplyGradientDescent,2,6.144,3.072,6.144,3.072,0.0001108390827048438,0.9815008235989662,0.0,0.0
386,Device,ResourceApplyGradientDescent,SGD/SGD/update_10/ResourceApplyGradientDescent,2,6.144,3.072,6.144,3.072,0.0001108390827048438,0.981611662681671,0.0,0.0
387,Device,ResourceApplyGradientDescent,SGD/SGD/update_100/ResourceApplyGradientDescent,2,6.144,3.072,6.144,3.072,0.0001108390827048438,0.9817225017643758,0.0,0.0
388,Device,ResourceApplyGradientDescent,SGD/SGD/update_101/ResourceApplyGradientDescent,2,6.144,3.072,6.144,3.072,0.0001108390827048438,0.9818333408470806,0.0,0.0
389,Device,ResourceApplyGradientDescent,SGD/SGD/update_104/ResourceApplyGradientDescent,2,6.144,3.072,6.144,3.072,0.0001108390827048438,0.9819441799297854,0.0,0.0
390,Device,ResourceApplyGradientDescent,SGD/SGD/update_107/ResourceApplyGradientDescent,2,6.144,3.072,6.144,3.072,0.0001108390827048438,0.9820550190124903,0.0,0.0
391,Device,ResourceApplyGradientDescent,SGD/SGD/update_109/ResourceApplyGradientDescent,2,6.144,3.072,6.144,3.072,0.0001108390827048438,0.9821658580951951,0.0,0.0
392,Device,ResourceApplyGradientDescent,SGD/SGD/update_110/ResourceApplyGradientDescent,2,6.144,3.072,6.144,3.072,0.0001108390827048438,0.9822766971778999,0.0,0.0
393,Device,ResourceApplyGradientDescent,SGD/SGD/update_112/ResourceApplyGradientDescent,2,6.144,3.072,6.144,3.072,0.0001108390827048438,0.9823875362606047,0.0,0.0
394,Device,ResourceApplyGradientDescent,SGD/SGD/update_113/ResourceApplyGradientDescent,2,6.144,3.072,6.144,3.072,0.0001108390827048438,0.9824983753433095,0.0,0.0
395,Device,ResourceApplyGradientDescent,SGD/SGD/update_116/ResourceApplyGradientDescent,2,6.144,3.072,6.144,3.072,0.0001108390827048438,0.9826092144260143,0.0,0.0
396,Device,ResourceApplyGradientDescent,SGD/SGD/update_118/ResourceApplyGradientDescent,2,6.144,3.072,6.144,3.072,0.0001108390827048438,0.9827200535087192,0.0,0.0
397,Device,ResourceApplyGradientDescent,SGD/SGD/update_119/ResourceApplyGradientDescent,2,6.144,3.072,6.144,3.072,0.0001108390827048438,0.982830892591424,0.0,0.0
398,Device,ResourceApplyGradientDescent,SGD/SGD/update_12/ResourceApplyGradientDescent,2,6.144,3.072,6.144,3.072,0.0001108390827048438,0.9829417316741288,0.0,0.0
399,Device,ResourceApplyGradientDescent,SGD/SGD/update_120/ResourceApplyGradientDescent,2,6.144,3.072,6.144,3.072,0.0001108390827048438,0.9830525707568336,0.0,0.0
400,Device,ResourceApplyGradientDescent,SGD/SGD/update_121/ResourceApplyGradientDescent,2,6.144,3.072,6.144,3.072,0.0001108390827048438,0.9831634098395384,0.0,0.0
401,Device,ResourceApplyGradientDescent,SGD/SGD/update_122/ResourceApplyGradientDescent,2,6.144,3.072,6.144,3.072,0.0001108390827048438,0.9832742489222432,0.0,0.0
402,Device,ResourceApplyGradientDescent,SGD/SGD/update_125/ResourceApplyGradientDescent,2,6.144,3.072,6.144,3.072,0.0001108390827048438,0.9833850880049481,0.0,0.0
403,Device,ResourceApplyGradientDescent,SGD/SGD/update_126/ResourceApplyGradientDescent,2,6.144,3.072,6.144,3.072,0.0001108390827048438,0.9834959270876529,0.0,0.0
404,Device,ResourceApplyGradientDescent,SGD/SGD/update_127/ResourceApplyGradientDescent,2,6.144,3.072,6.144,3.072,0.0001108390827048438,0.9836067661703577,0.0,0.0
405,Device,ResourceApplyGradientDescent,SGD/SGD/update_129/ResourceApplyGradientDescent,2,6.144,3.072,6.144,3.072,0.0001108390827048438,0.9837176052530625,0.0,0.0
406,Device,ResourceApplyGradientDescent,SGD/SGD/update_13/ResourceApplyGradientDescent,2,6.144,3.072,6.144,3.072,0.0001108390827048438,0.9838284443357673,0.0,0.0
407,Device,ResourceApplyGradientDescent,SGD/SGD/update_130/ResourceApplyGradientDescent,2,6.144,3.072,6.144,3.072,0.0001108390827048438,0.9839392834184721,0.0,0.0
408,Device,ResourceApplyGradientDescent,SGD/SGD/update_133/ResourceApplyGradientDescent,2,6.144,3.072,6.144,3.072,0.0001108390827048438,0.984050122501177,0.0,0.0
409,Device,ResourceApplyGradientDescent,SGD/SGD/update_134/ResourceApplyGradientDescent,2,6.144,3.072,6.144,3.072,0.0001108390827048438,0.9841609615838818,0.0,0.0
410,Device,ResourceApplyGradientDescent,SGD/SGD/update_136/ResourceApplyGradientDescent,2,6.144,3.072,6.144,3.072,0.0001108390827048438,0.9842718006665866,0.0,0.0
411,Device,ResourceApplyGradientDescent,SGD/SGD/update_137/ResourceApplyGradientDescent,2,6.144,3.072,6.144,3.072,0.0001108390827048438,0.9843826397492914,0.0,0.0
412,Device,ResourceApplyGradientDescent,SGD/SGD/update_139/ResourceApplyGradientDescent,2,6.144,3.072,6.144,3.072,0.0001108390827048438,0.9844934788319962,0.0,0.0
413,Device,ResourceApplyGradientDescent,SGD/SGD/update_14/ResourceApplyGradientDescent,2,6.144,3.072,6.144,3.072,0.0001108390827048438,0.984604317914701,0.0,0.0
414,Device,ResourceApplyGradientDescent,SGD/SGD/update_140/ResourceApplyGradientDescent,2,6.144,3.072,6.144,3.072,0.0001108390827048438,0.9847151569974059,0.0,0.0
415,Device,ResourceApplyGradientDescent,SGD/SGD/update_141/ResourceApplyGradientDescent,2,6.144,3.072,6.144,3.072,0.0001108390827048438,0.9848259960801107,0.0,0.0
416,Device,ResourceApplyGradientDescent,SGD/SGD/update_145/ResourceApplyGradientDescent,2,6.144,3.072,6.144,3.072,0.0001108390827048438,0.9849368351628155,0.0,0.0
417,Device,ResourceApplyGradientDescent,SGD/SGD/update_146/ResourceApplyGradientDescent,2,6.144,3.072,6.144,3.072,0.0001108390827048438,0.9850476742455203,0.0,0.0
418,Device,ResourceApplyGradientDescent,SGD/SGD/update_148/ResourceApplyGradientDescent,2,6.144,3.072,6.144,3.072,0.0001108390827048438,0.9851585133282251,0.0,0.0
419,Device,ResourceApplyGradientDescent,SGD/SGD/update_149/ResourceApplyGradientDescent,2,6.144,3.072,6.144,3.072,0.0001108390827048438,0.9852693524109299,0.0,0.0
420,Device,ResourceApplyGradientDescent,SGD/SGD/update_15/ResourceApplyGradientDescent,2,6.144,3.072,6.144,3.072,0.0001108390827048438,0.9853801914936348,0.0,0.0
421,Device,ResourceApplyGradientDescent,SGD/SGD/update_152/ResourceApplyGradientDescent,2,6.144,3.072,6.144,3.072,0.0001108390827048438,0.9854910305763396,0.0,0.0
422,Device,ResourceApplyGradientDescent,SGD/SGD/update_154/ResourceApplyGradientDescent,2,6.144,3.072,6.144,3.072,0.0001108390827048438,0.9856018696590444,0.0,0.0
423,Device,ResourceApplyGradientDescent,SGD/SGD/update_155/ResourceApplyGradientDescent,2,6.144,3.072,6.144,3.072,0.0001108390827048438,0.9857127087417492,0.0,0.0
424,Device,ResourceApplyGradientDescent,SGD/SGD/update_157/ResourceApplyGradientDescent,2,6.144,3.072,6.144,3.072,0.0001108390827048438,0.985823547824454,0.0,0.0
425,Device,ResourceApplyGradientDescent,SGD/SGD/update_19/ResourceApplyGradientDescent,2,6.144,3.072,6.144,3.072,0.0001108390827048438,0.9859343869071588,0.0,0.0
426,Device,ResourceApplyGradientDescent,SGD/SGD/update_2/ResourceApplyGradientDescent,2,6.144,3.072,6.144,3.072,0.0001108390827048438,0.9860452259898637,0.0,0.0
427,Device,ResourceApplyGradientDescent,SGD/SGD/update_21/ResourceApplyGradientDescent,2,6.144,3.072,6.144,3.072,0.0001108390827048438,0.9861560650725685,0.0,0.0
428,Device,ResourceApplyGradientDescent,SGD/SGD/update_23/ResourceApplyGradientDescent,2,6.144,3.072,6.144,3.072,0.0001108390827048438,0.9862669041552733,0.0,0.0
429,Device,ResourceApplyGradientDescent,SGD/SGD/update_24/ResourceApplyGradientDescent,2,6.144,3.072,6.144,3.072,0.0001108390827048438,0.9863777432379781,0.0,0.0
430,Device,ResourceApplyGradientDescent,SGD/SGD/update_25/ResourceApplyGradientDescent,2,6.144,3.072,6.144,3.072,0.0001108390827048438,0.9864885823206829,0.0,0.0
431,Device,ResourceApplyGradientDescent,SGD/SGD/update_27/ResourceApplyGradientDescent,2,6.144,3.072,6.144,3.072,0.0001108390827048438,0.9865994214033877,0.0,0.0
432,Device,ResourceApplyGradientDescent,SGD/SGD/update_28/ResourceApplyGradientDescent,2,6.144,3.072,6.144,3.072,0.0001108390827048438,0.9867102604860926,0.0,0.0
433,Device,ResourceApplyGradientDescent,SGD/SGD/update_29/ResourceApplyGradientDescent,2,6.144,3.072,6.144,3.072,0.0001108390827048438,0.9868210995687974,0.0,0.0
434,Device,ResourceApplyGradientDescent,SGD/SGD/update_3/ResourceApplyGradientDescent,2,6.144,3.072,6.144,3.072,0.0001108390827048438,0.9869319386515022,0.0,0.0
435,Device,ResourceApplyGradientDescent,SGD/SGD/update_30/ResourceApplyGradientDescent,2,6.144,3.072,6.144,3.072,0.0001108390827048438,0.987042777734207,0.0,0.0
436,Device,ResourceApplyGradientDescent,SGD/SGD/update_31/ResourceApplyGradientDescent,2,6.144,3.072,6.144,3.072,0.0001108390827048438,0.9871536168169118,0.0,0.0
437,Device,ResourceApplyGradientDescent,SGD/SGD/update_32/ResourceApplyGradientDescent,2,6.144,3.072,6.144,3.072,0.0001108390827048438,0.9872644558996166,0.0,0.0
438,Device,ResourceApplyGradientDescent,SGD/SGD/update_37/ResourceApplyGradientDescent,2,6.144,3.072,6.144,3.072,0.0001108390827048438,0.9873752949823215,0.0,0.0
439,Device,ResourceApplyGradientDescent,SGD/SGD/update_38/ResourceApplyGradientDescent,2,6.144,3.072,6.144,3.072,0.0001108390827048438,0.9874861340650263,0.0,0.0
440,Device,ResourceApplyGradientDescent,SGD/SGD/update_39/ResourceApplyGradientDescent,2,6.144,3.072,6.144,3.072,0.0001108390827048438,0.9875969731477311,0.0,0.0
441,Device,ResourceApplyGradientDescent,SGD/SGD/update_4/ResourceApplyGradientDescent,2,6.144,3.072,6.144,3.072,0.0001108390827048438,0.9877078122304359,0.0,0.0
442,Device,ResourceApplyGradientDescent,SGD/SGD/update_40/ResourceApplyGradientDescent,2,6.144,3.072,6.144,3.072,0.0001108390827048438,0.9878186513131407,0.0,0.0
443,Device,ResourceApplyGradientDescent,SGD/SGD/update_41/ResourceApplyGradientDescent,2,6.144,3.072,6.144,3.072,0.0001108390827048438,0.9879294903958455,0.0,0.0
444,Device,ResourceApplyGradientDescent,SGD/SGD/update_42/ResourceApplyGradientDescent,2,6.144,3.072,6.144,3.072,0.0001108390827048438,0.9880403294785504,0.0,0.0
445,Device,ResourceApplyGradientDescent,SGD/SGD/update_44/ResourceApplyGradientDescent,2,6.144,3.072,6.144,3.072,0.0001108390827048438,0.9881511685612552,0.0,0.0
446,Device,ResourceApplyGradientDescent,SGD/SGD/update_46/ResourceApplyGradientDescent,2,6.144,3.072,6.144,3.072,0.0001108390827048438,0.98826200764396,0.0,0.0
447,Device,ResourceApplyGradientDescent,SGD/SGD/update_48/ResourceApplyGradientDescent,2,6.144,3.072,6.144,3.072,0.0001108390827048438,0.9883728467266648,0.0,0.0
448,Device,ResourceApplyGradientDescent,SGD/SGD/update_50/ResourceApplyGradientDescent,2,6.144,3.072,6.144,3.072,0.0001108390827048438,0.9884836858093696,0.0,0.0
449,Device,ResourceApplyGradientDescent,SGD/SGD/update_53/ResourceApplyGradientDescent,2,6.144,3.072,6.144,3.072,0.0001108390827048438,0.9885945248920744,0.0,0.0
450,Device,ResourceApplyGradientDescent,SGD/SGD/update_55/ResourceApplyGradientDescent,2,6.144,3.072,6.144,3.072,0.0001108390827048438,0.9887053639747793,0.0,0.0
451,Device,ResourceApplyGradientDescent,SGD/SGD/update_56/ResourceApplyGradientDescent,2,6.144,3.072,6.144,3.072,0.0001108390827048438,0.9888162030574841,0.0,0.0
452,Device,ResourceApplyGradientDescent,SGD/SGD/update_57/ResourceApplyGradientDescent,2,6.144,3.072,6.144,3.072,0.0001108390827048438,0.9889270421401889,0.0,0.0
453,Device,ResourceApplyGradientDescent,SGD/SGD/update_58/ResourceApplyGradientDescent,2,6.144,3.072,6.144,3.072,0.0001108390827048438,0.9890378812228937,0.0,0.0
454,Device,ResourceApplyGradientDescent,SGD/SGD/update_59/ResourceApplyGradientDescent,2,6.144,3.072,6.144,3.072,0.0001108390827048438,0.9891487203055985,0.0,0.0
455,Device,ResourceApplyGradientDescent,SGD/SGD/update_6/ResourceApplyGradientDescent,2,6.144,3.072,6.144,3.072,0.0001108390827048438,0.9892595593883033,0.0,0.0
456,Device,ResourceApplyGradientDescent,SGD/SGD/update_60/ResourceApplyGradientDescent,2,6.144,3.072,6.144,3.072,0.0001108390827048438,0.9893703984710082,0.0,0.0
457,Device,ResourceApplyGradientDescent,SGD/SGD/update_62/ResourceApplyGradientDescent,2,6.144,3.072,6.144,3.072,0.0001108390827048438,0.989481237553713,0.0,0.0
458,Device,ResourceApplyGradientDescent,SGD/SGD/update_64/ResourceApplyGradientDescent,2,6.144,3.072,6.144,3.072,0.0001108390827048438,0.9895920766364178,0.0,0.0
459,Device,ResourceApplyGradientDescent,SGD/SGD/update_65/ResourceApplyGradientDescent,2,6.144,3.072,6.144,3.072,0.0001108390827048438,0.9897029157191226,0.0,0.0
460,Device,ResourceApplyGradientDescent,SGD/SGD/update_66/ResourceApplyGradientDescent,2,6.144,3.072,6.144,3.072,0.0001108390827048438,0.9898137548018274,0.0,0.0
461,Device,ResourceApplyGradientDescent,SGD/SGD/update_68/ResourceApplyGradientDescent,2,6.144,3.072,6.144,3.072,0.0001108390827048438,0.9899245938845322,0.0,0.0
462,Device,ResourceApplyGradientDescent,SGD/SGD/update_69/ResourceApplyGradientDescent,2,6.144,3.072,6.144,3.072,0.0001108390827048438,0.9900354329672371,0.0,0.0
463,Device,ResourceApplyGradientDescent,SGD/SGD/update_7/ResourceApplyGradientDescent,2,6.144,3.072,6.144,3.072,0.0001108390827048438,0.9901462720499419,0.0,0.0
464,Device,ResourceApplyGradientDescent,SGD/SGD/update_73/ResourceApplyGradientDescent,2,6.144,3.072,6.144,3.072,0.0001108390827048438,0.9902571111326467,0.0,0.0
465,Device,ResourceApplyGradientDescent,SGD/SGD/update_74/ResourceApplyGradientDescent,2,6.144,3.072,6.144,3.072,0.0001108390827048438,0.9903679502153515,0.0,0.0
466,Device,ResourceApplyGradientDescent,SGD/SGD/update_76/ResourceApplyGradientDescent,2,6.144,3.072,6.144,3.072,0.0001108390827048438,0.9904787892980563,0.0,0.0
467,Device,ResourceApplyGradientDescent,SGD/SGD/update_77/ResourceApplyGradientDescent,2,6.144,3.072,6.144,3.072,0.0001108390827048438,0.9905896283807611,0.0,0.0
468,Device,ResourceApplyGradientDescent,SGD/SGD/update_79/ResourceApplyGradientDescent,2,6.144,3.072,6.144,3.072,0.0001108390827048438,0.990700467463466,0.0,0.0
469,Device,ResourceApplyGradientDescent,SGD/SGD/update_82/ResourceApplyGradientDescent,2,6.144,3.072,6.144,3.072,0.0001108390827048438,0.9908113065461708,0.0,0.0
470,Device,ResourceApplyGradientDescent,SGD/SGD/update_83/ResourceApplyGradientDescent,2,6.144,3.072,6.144,3.072,0.0001108390827048438,0.9909221456288756,0.0,0.0
471,Device,ResourceApplyGradientDescent,SGD/SGD/update_84/ResourceApplyGradientDescent,2,6.144,3.072,6.144,3.072,0.0001108390827048438,0.9910329847115804,0.0,0.0
472,Device,ResourceApplyGradientDescent,SGD/SGD/update_86/ResourceApplyGradientDescent,2,6.144,3.072,6.144,3.072,0.0001108390827048438,0.9911438237942852,0.0,0.0
473,Device,ResourceApplyGradientDescent,SGD/SGD/update_88/ResourceApplyGradientDescent,2,6.144,3.072,6.144,3.072,0.0001108390827048438,0.99125466287699,0.0,0.0
474,Device,ResourceApplyGradientDescent,SGD/SGD/update_89/ResourceApplyGradientDescent,2,6.144,3.072,6.144,3.072,0.0001108390827048438,0.9913655019596949,0.0,0.0
475,Device,ResourceApplyGradientDescent,SGD/SGD/update_9/ResourceApplyGradientDescent,2,6.144,3.072,6.144,3.072,0.0001108390827048438,0.9914763410423997,0.0,0.0
476,Device,ResourceApplyGradientDescent,SGD/SGD/update_93/ResourceApplyGradientDescent,2,6.144,3.072,6.144,3.072,0.0001108390827048438,0.9915871801251045,0.0,0.0
477,Device,ResourceApplyGradientDescent,SGD/SGD/update_94/ResourceApplyGradientDescent,2,6.144,3.072,6.144,3.072,0.0001108390827048438,0.9916980192078093,0.0,0.0
478,Device,ResourceApplyGradientDescent,SGD/SGD/update_95/ResourceApplyGradientDescent,2,6.144,3.072,6.144,3.072,0.0001108390827048438,0.9918088582905141,0.0,0.0
479,Device,ResourceApplyGradientDescent,SGD/SGD/update_97/ResourceApplyGradientDescent,2,6.144,3.072,6.144,3.072,0.0001108390827048438,0.991919697373219,0.0,0.0
480,Device,ResourceApplyGradientDescent,SGD/SGD/update_99/ResourceApplyGradientDescent,2,6.144,3.072,6.144,3.072,0.0001108390827048438,0.9920305364559238,0.0,0.0
481,Device,AddN,SGD/gradients/AddN,2,6.144,3.072,6.144,3.072,0.0001108390827048438,0.9921413755386286,0.0,0.0
482,Device,AddN,SGD/gradients/AddN_1,2,6.144,3.072,6.144,3.072,0.0001108390827048438,0.9922522146213334,0.0,0.0
483,Device,AddN,SGD/gradients/AddN_3,2,6.144,3.072,6.144,3.072,0.0001108390827048438,0.9923630537040382,0.0,0.0
484,Device,AddN,SGD/gradients/AddN_4,2,6.144,3.072,6.144,3.072,0.0001108390827048438,0.992473892786743,0.0,0.0
485,Device,AddN,SGD/gradients/AddN_5,2,6.144,3.072,6.144,3.072,0.0001108390827048438,0.9925847318694478,0.0,0.0
486,Device,AddN,SGD/gradients/AddN_6,2,6.144,3.072,6.144,3.072,0.0001108390827048438,0.9926955709521527,0.0,0.0
487,Device,AddN,SGD/gradients/AddN_7,2,6.144,3.072,6.144,3.072,0.0001108390827048438,0.9928064100348575,0.0,0.0
488,Device,AddN,SGD/gradients/AddN_8,2,6.144,3.072,6.144,3.072,0.0001108390827048438,0.9929172491175623,0.0,0.0
489,Device,Sum,categorical_crossentropy/weighted_loss/Sum,2,6.144,3.072,6.144,3.072,0.0001108390827048438,0.9930280882002671,0.0,0.0
490,Device,DivNoNan,div_no_nan,2,6.144,3.072,6.144,3.072,0.0001108390827048438,0.9931389272829719,0.0,0.0
491,Device,DivNoNan,div_no_nan_1,2,6.144,3.072,6.144,3.072,0.0001108390827048438,0.9932497663656767,0.0,0.0
492,Device,DivNoNan,gradient_tape/categorical_crossentropy/weighted_loss/value/div_no_nan,2,6.144,3.072,6.144,3.072,0.0001108390827048438,0.9933606054483816,0.0,0.0
493,Device,Relu6Grad,gradient_tape/mobilenetv2_1.00_64/block_10_depthwise_relu/Relu6/Relu6Grad,2,6.144,3.072,6.144,3.072,0.0001108390827048438,0.9934714445310864,0.0,0.0
494,Device,Relu6Grad,gradient_tape/mobilenetv2_1.00_64/block_13_depthwise_relu/Relu6/Relu6Grad,2,6.144,3.072,6.144,3.072,0.0001108390827048438,0.9935822836137912,0.0,0.0
495,Device,Relu6Grad,gradient_tape/mobilenetv2_1.00_64/block_14_expand_relu/Relu6/Relu6Grad,2,6.144,3.072,6.144,3.072,0.0001108390827048438,0.993693122696496,0.0,0.0
496,Device,Relu6Grad,gradient_tape/mobilenetv2_1.00_64/block_15_depthwise_relu/Relu6/Relu6Grad,2,6.144,3.072,6.144,3.072,0.0001108390827048438,0.9938039617792008,0.0,0.0
497,Device,Relu6Grad,gradient_tape/mobilenetv2_1.00_64/block_15_expand_relu/Relu6/Relu6Grad,2,6.144,3.072,6.144,3.072,0.0001108390827048438,0.9939148008619056,0.0,0.0
498,Device,Relu6Grad,gradient_tape/mobilenetv2_1.00_64/block_16_depthwise_relu/Relu6/Relu6Grad,2,6.144,3.072,6.144,3.072,0.0001108390827048438,0.9940256399446105,0.0,0.0
499,Device,Relu6Grad,gradient_tape/mobilenetv2_1.00_64/block_16_expand_relu/Relu6/Relu6Grad,2,6.144,3.072,6.144,3.072,0.0001108390827048438,0.9941364790273153,0.0,0.0
500,Device,Relu6Grad,gradient_tape/mobilenetv2_1.00_64/block_6_depthwise_relu/Relu6/Relu6Grad,2,6.144,3.072,6.144,3.072,0.0001108390827048438,0.9942473181100201,0.0,0.0
501,Host,IDLE,IDLE,0,86253.519,0.0,86253.519,0.0,0.0,0.0,0.9898447904063635,0.9898447904063635
502,Host,_Send,IteratorGetNext/_1,2,261.605,130.8025,261.605,130.8025,0.0,0.0,0.0030021771795102846,0.9928469675858738
503,Host,GatherV2,GatherV2,2,175.333,87.6665,175.333,87.6665,0.0,0.0,0.002012120301275116,0.9948590878871488
504,Host,Dataset,Iterator::Root::ParallelMapV2::Zip[0]::FlatMap[1]::Concatenate,2,95.182,47.591,68.522,34.261,0.0,0.0,0.0007863580003990892,0.9956454458875479
505,Host,Dataset,Iterator::Root::ParallelMapV2,2,63.522,31.761,63.522,31.761,0.0,0.0,0.0007289780348114611,0.9963744239223593
506,Host,Dataset,Iterator::Root::ParallelMapV2::Zip[1]::ForeverRepeat,2,66.632,33.316,61.282,30.641,0.0,0.0,0.0007032718102282038,0.9970776957325875
507,Host,IteratorGetNext,IteratorGetNext,2,48.012,24.006,48.012,24.006,0.0,0.0,0.0005509853815586391,0.9976286811141462
508,Host,Dataset,Iterator::Root,2,106.392,53.196,42.87,21.435,0.0,0.0,0.0004919758249483224,0.9981206569390945
509,Host,FlushSummaryWriter,FlushSummaryWriter,1,36.93,36.93,36.93,36.93,0.0,0.0,0.0004238084258302204,0.9985444653649247
510,Host,LogicalAnd,LogicalAnd,1,31.221,31.221,31.221,31.221,0.0,0.0,0.00035829198112226677,0.9989027573460469
511,Host,Dataset,Iterator::Root::ParallelMapV2::Zip[0]::FlatMap[1]::Concatenate[0]::TensorSlice,2,26.66,13.33,26.66,13.33,0.0,0.0,0.0003059499765132325,0.9992087073225602
512,Host,WriteSummary,WriteSummary,1,20.471,20.471,20.471,20.471,0.0,0.0,0.00023492505510886656,0.9994436323776691
513,Host,GatherV2,GatherV2_1,2,15.67,7.835,15.67,7.835,0.0,0.0,0.00017982881215162616,0.9996234611898207
514,Host,Dataset,Iterator::Root::ParallelMapV2::Zip,2,180.494,90.247,13.32,6.66,0.0,0.0,0.000152860228325441,0.9997763214181461
515,Host,ReadVariableOp,ReadVariableOp,1,6.091,6.091,6.091,6.091,0.0,0.0,6.990027407884843e-05,0.9998462216922249
516,Host,Dataset,Iterator::Root::ParallelMapV2::Zip[0]::FlatMap,2,100.542,50.271,5.36,2.68,0.0,0.0,6.151132310993722e-05,0.9999077330153349
517,Host,Dataset,Iterator::Root::ParallelMapV2::Zip[1]::ForeverRepeat::FromTensor,4,5.35,1.3375,5.35,1.3375,0.0,0.0,6.139656317876196e-05,0.9999691295785136
518,Host,Identity,Identity,2,2.69,1.345,2.69,1.345,0.0,0.0,3.087042148614386e-05,0.9999999999999998
