Rank,Host/device,Type,Operation,#Occurrences,Total time (us),Avg. time (us),Total self-time (us),Avg. self-time (us),Total self-time on Device (%),Cumulative total-self time on Device (%),Total self-time on Host (%),Cumulative total-self time on Host (%)
1,Device,IDLE,IDLE,0,8688.711,0.0,8688.711,0.0,0.850843012822804,0.850843012822804,0.0,0.0
2,Device,Conv2DBackpropFilter,gradient_tape/sequential/conv2d_1/Conv2D/Conv2DBackpropFilter,2,98.304,49.152,98.304,49.152,0.009626430379895582,0.8604694432026996,0.0,0.0
3,Device,SoftmaxCrossEntropyWithLogits,categorical_crossentropy/softmax_cross_entropy_with_logits,2,92.16,46.08,92.16,46.08,0.009024778481152108,0.8694942216838517,0.0,0.0
4,Device,Conv2DBackpropFilter,gradient_tape/sequential/conv2d/Conv2D/Conv2DBackpropFilter,4,83.968,20.992,83.968,20.992,0.008222575949494144,0.8777167976333459,0.0,0.0
5,Device,Conv2DBackpropFilter,gradient_tape/sequential/conv2d_3/Conv2D/Conv2DBackpropFilter,2,64.512,32.256,64.512,32.256,0.006317344936806476,0.8840341425701523,0.0,0.0
6,Device,ResourceApplyGradientDescent,SGD/SGD/update_8/ResourceApplyGradientDescent,2,55.296,27.648,55.296,27.648,0.005414867088691265,0.8894490096588435,0.0,0.0
7,Device,_FusedConv2D,sequential/activation_1/Relu,2,54.272,27.136,54.272,27.136,0.005314591772234019,0.8947636014310776,0.0,0.0
8,Device,Conv2DBackpropFilter,gradient_tape/sequential/conv2d_2/Conv2D/Conv2DBackpropFilter,2,53.249,26.6245,53.249,26.6245,0.005214414380890502,0.8999780158119681,0.0,0.0
9,Device,Conv2DBackpropInput,gradient_tape/sequential/conv2d_1/Conv2D/Conv2DBackpropInput,2,52.224,26.112,52.224,26.112,0.005114041139319528,0.9050920569512877,0.0,0.0
10,Device,_FusedConv2D,sequential/activation_3/Relu,2,51.2,25.6,51.2,25.6,0.0050137658228622825,0.91010582277415,0.0,0.0
11,Device,Conv2DBackpropInput,gradient_tape/sequential/conv2d_3/Conv2D/Conv2DBackpropInput,2,50.176,25.088,50.176,25.088,0.004913490506405037,0.915019313280555,0.0,0.0
12,Device,Conv2DBackpropInput,gradient_tape/sequential/conv2d_2/Conv2D/Conv2DBackpropInput,2,47.104,23.552,47.104,23.552,0.0046126645570332995,0.9196319778375883,0.0,0.0
13,Device,MatMul,sequential/dense/MatMul,2,43.008,21.504,43.008,21.504,0.004211563291204317,0.9238435411287926,0.0,0.0
14,Device,_FusedConv2D,sequential/activation/Relu,2,38.914,19.457,38.914,19.457,0.00381065787560279,0.9276541990043954,0.0,0.0
15,Device,_FusedConv2D,sequential/activation_2/Relu,2,37.889,18.9445,37.889,18.9445,0.003710284634031817,0.9313644836384272,0.0,0.0
16,Device,_Send,IteratorGetNext/_1,2,33.248,16.624,33.248,16.624,0.0032558141812211944,0.9346202978196484,0.0,0.0
17,Device,MatMul,gradient_tape/sequential/dense/MatMul/MatMul,2,30.72,15.36,30.72,15.36,0.003008259493717369,0.9376285573133658,0.0,0.0
18,Device,MaxPoolGrad,gradient_tape/sequential/max_pooling2d/MaxPool/MaxPoolGrad,2,23.552,11.776,23.552,11.776,0.0023063322785166498,0.9399348895918824,0.0,0.0
19,Device,MatMul,sequential/dense_1/MatMul,2,20.48,10.24,20.48,10.24,0.002005506329144913,0.9419403959210273,0.0,0.0
20,Device,Softmax,sequential/activation_5/Softmax,2,18.432,9.216,18.432,9.216,0.0018049556962304216,0.9437453516172577,0.0,0.0
21,Device,MatMul,gradient_tape/sequential/dense/MatMul/MatMul_1,2,17.409,8.7045,17.409,8.7045,0.0017047783048869036,0.9454501299221446,0.0,0.0
22,Device,BiasAddGrad,gradient_tape/sequential/conv2d/BiasAdd/BiasAddGrad,2,16.384,8.192,16.384,8.192,0.0016044050633159303,0.9470545349854605,0.0,0.0
23,Device,BiasAddGrad,gradient_tape/sequential/conv2d_1/BiasAdd/BiasAddGrad,2,14.336,7.168,14.336,7.168,0.001403854430401439,0.948458389415862,0.0,0.0
24,Device,MaxPoolGrad,gradient_tape/sequential/max_pooling2d_1/MaxPool/MaxPoolGrad,2,14.336,7.168,14.336,7.168,0.001403854430401439,0.9498622438462635,0.0,0.0
25,Device,BiasAddGrad,gradient_tape/sequential/conv2d_2/BiasAdd/BiasAddGrad,2,12.288,6.144,12.288,6.144,0.0012033037974869478,0.9510655476437504,0.0,0.0
26,Device,RandomUniform,sequential/dropout/dropout/random_uniform/RandomUniform,2,12.288,6.144,12.288,6.144,0.0012033037974869478,0.9522688514412373,0.0,0.0
27,Device,ReluGrad,gradient_tape/sequential/activation/ReluGrad,2,11.264,5.632,11.264,5.632,0.001103028481029702,0.953371879922267,0.0,0.0
28,Device,BiasAddGrad,gradient_tape/sequential/conv2d_3/BiasAdd/BiasAddGrad,2,11.264,5.632,11.264,5.632,0.001103028481029702,0.9544749084032967,0.0,0.0
29,Device,ReluGrad,gradient_tape/sequential/activation_1/ReluGrad,2,10.24,5.12,10.24,5.12,0.0010027531645724565,0.9554776615678692,0.0,0.0
30,Device,Transpose,gradient_tape/sequential/conv2d/Conv2D/Conv2DBackpropFilter-0-TransposeNHWCToNCHW-LayoutOptimizer,2,10.24,5.12,10.24,5.12,0.0010027531645724565,0.9564804147324416,0.0,0.0
31,Device,MatMul,gradient_tape/sequential/dense_1/MatMul/MatMul,2,10.24,5.12,10.24,5.12,0.0010027531645724565,0.957483167897014,0.0,0.0
32,Device,MatMul,gradient_tape/sequential/dense_1/MatMul/MatMul_1,2,10.24,5.12,10.24,5.12,0.0010027531645724565,0.9584859210615865,0.0,0.0
33,Device,MaxPool,sequential/max_pooling2d/MaxPool,2,10.24,5.12,10.24,5.12,0.0010027531645724565,0.9594886742261589,0.0,0.0
34,Device,RandomUniform,sequential/dropout_1/dropout/random_uniform/RandomUniform,2,9.216,4.608,9.216,4.608,0.0009024778481152108,0.9603911520742742,0.0,0.0
35,Device,ResourceApplyGradientDescent,SGD/SGD/update_2/ResourceApplyGradientDescent,2,8.192,4.096,8.192,4.096,0.0008022025316579652,0.9611933546059321,0.0,0.0
36,Device,ResourceApplyGradientDescent,SGD/SGD/update_4/ResourceApplyGradientDescent,2,8.192,4.096,8.192,4.096,0.0008022025316579652,0.9619955571375901,0.0,0.0
37,Device,ResourceApplyGradientDescent,SGD/SGD/update_6/ResourceApplyGradientDescent,2,8.192,4.096,8.192,4.096,0.0008022025316579652,0.9627977596692481,0.0,0.0
38,Device,ReluGrad,gradient_tape/sequential/activation_3/ReluGrad,2,8.192,4.096,8.192,4.096,0.0008022025316579652,0.963599962200906,0.0,0.0
39,Device,Mul,gradient_tape/sequential/dropout/dropout/Mul_2,2,8.192,4.096,8.192,4.096,0.0008022025316579652,0.964402164732564,0.0,0.0
40,Device,Mul,gradient_tape/sequential/dropout_1/dropout/Mul_2,2,8.192,4.096,8.192,4.096,0.0008022025316579652,0.965204367264222,0.0,0.0
41,Device,GreaterEqual,sequential/dropout/dropout/GreaterEqual,2,8.192,4.096,8.192,4.096,0.0008022025316579652,0.96600656979588,0.0,0.0
42,Device,Transpose,sequential/dropout/dropout/Mul_1-0-TransposeNHWCToNCHW-LayoutOptimizer,2,8.192,4.096,8.192,4.096,0.0008022025316579652,0.9668087723275379,0.0,0.0
43,Device,Transpose,sequential/dropout_1/dropout/Mul_1-0-TransposeNHWCToNCHW-LayoutOptimizer,2,8.192,4.096,8.192,4.096,0.0008022025316579652,0.9676109748591959,0.0,0.0
44,Device,RandomUniform,sequential/dropout_2/dropout/random_uniform/RandomUniform,2,8.192,4.096,8.192,4.096,0.0008022025316579652,0.9684131773908539,0.0,0.0
45,Device,MaxPool,sequential/max_pooling2d_1/MaxPool,2,8.192,4.096,8.192,4.096,0.0008022025316579652,0.9692153799225118,0.0,0.0
46,Device,ArgMax,ArgMax_1,2,7.168,3.584,7.168,3.584,0.0007019272152007195,0.9699173071377125,0.0,0.0
47,Device,ReluGrad,gradient_tape/sequential/activation_2/ReluGrad,2,7.168,3.584,7.168,3.584,0.0007019272152007195,0.9706192343529132,0.0,0.0
48,Device,BiasAddGrad,gradient_tape/sequential/dense_1/BiasAdd/BiasAddGrad,2,7.168,3.584,7.168,3.584,0.0007019272152007195,0.9713211615681139,0.0,0.0
49,Device,Transpose,gradient_tape/sequential/dropout/dropout/ArithmeticOptimizer/ReorderCastLikeAndValuePreserving_bool_Mul_2-1-TransposeNHWCToNCHW-LayoutOptimizer,2,7.168,3.584,7.168,3.584,0.0007019272152007195,0.9720230887833146,0.0,0.0
50,Device,Mul,gradient_tape/sequential/dropout_2/dropout/Mul,2,7.168,3.584,7.168,3.584,0.0007019272152007195,0.9727250159985152,0.0,0.0
51,Device,Transpose,gradient_tape/sequential/max_pooling2d_1/MaxPool/MaxPoolGrad-2-TransposeNHWCToNCHW-LayoutOptimizer,2,7.168,3.584,7.168,3.584,0.0007019272152007195,0.9734269432137159,0.0,0.0
52,Device,BiasAdd,sequential/dense/BiasAdd,2,7.168,3.584,7.168,3.584,0.0007019272152007195,0.9741288704289166,0.0,0.0
53,Device,Mul,sequential/dropout/dropout/Mul,2,7.168,3.584,7.168,3.584,0.0007019272152007195,0.9748307976441173,0.0,0.0
54,Device,Mul,sequential/dropout_1/dropout/Mul,2,7.168,3.584,7.168,3.584,0.0007019272152007195,0.975532724859318,0.0,0.0
55,Device,ArgMax,ArgMax,2,6.144,3.072,6.144,3.072,0.0006016518987434739,0.9761343767580615,0.0,0.0
56,Device,AssignAddVariableOp,AssignAddVariableOp_3,2,6.144,3.072,6.144,3.072,0.0006016518987434739,0.976736028656805,0.0,0.0
57,Device,AssignAddVariableOp,AssignAddVariableOp_4,2,6.144,3.072,6.144,3.072,0.0006016518987434739,0.9773376805555485,0.0,0.0
58,Device,Equal,Equal,2,6.144,3.072,6.144,3.072,0.0006016518987434739,0.977939332454292,0.0,0.0
59,Device,AssignAddVariableOp,SGD/SGD/AssignAddVariableOp,2,6.144,3.072,6.144,3.072,0.0006016518987434739,0.9785409843530355,0.0,0.0
60,Device,ResourceApplyGradientDescent,SGD/SGD/update/ResourceApplyGradientDescent,2,6.144,3.072,6.144,3.072,0.0006016518987434739,0.979142636251779,0.0,0.0
61,Device,ResourceApplyGradientDescent,SGD/SGD/update_1/ResourceApplyGradientDescent,2,6.144,3.072,6.144,3.072,0.0006016518987434739,0.9797442881505225,0.0,0.0
62,Device,ResourceApplyGradientDescent,SGD/SGD/update_10/ResourceApplyGradientDescent,2,6.144,3.072,6.144,3.072,0.0006016518987434739,0.980345940049266,0.0,0.0
63,Device,ResourceApplyGradientDescent,SGD/SGD/update_11/ResourceApplyGradientDescent,2,6.144,3.072,6.144,3.072,0.0006016518987434739,0.9809475919480095,0.0,0.0
64,Device,ResourceApplyGradientDescent,SGD/SGD/update_3/ResourceApplyGradientDescent,2,6.144,3.072,6.144,3.072,0.0006016518987434739,0.981549243846753,0.0,0.0
65,Device,ResourceApplyGradientDescent,SGD/SGD/update_5/ResourceApplyGradientDescent,2,6.144,3.072,6.144,3.072,0.0006016518987434739,0.9821508957454965,0.0,0.0
66,Device,ResourceApplyGradientDescent,SGD/SGD/update_7/ResourceApplyGradientDescent,2,6.144,3.072,6.144,3.072,0.0006016518987434739,0.98275254764424,0.0,0.0
67,Device,ResourceApplyGradientDescent,SGD/SGD/update_9/ResourceApplyGradientDescent,2,6.144,3.072,6.144,3.072,0.0006016518987434739,0.9833541995429835,0.0,0.0
68,Device,DivNoNan,categorical_crossentropy/weighted_loss/value,2,6.144,3.072,6.144,3.072,0.0006016518987434739,0.983955851441727,0.0,0.0
69,Device,BiasAddGrad,gradient_tape/sequential/dense/BiasAdd/BiasAddGrad,2,6.144,3.072,6.144,3.072,0.0006016518987434739,0.9845575033404705,0.0,0.0
70,Device,Mul,gradient_tape/sequential/dropout/dropout/Mul,2,6.144,3.072,6.144,3.072,0.0006016518987434739,0.985159155239214,0.0,0.0
71,Device,Mul,gradient_tape/sequential/dropout_1/dropout/Mul,2,6.144,3.072,6.144,3.072,0.0006016518987434739,0.9857608071379576,0.0,0.0
72,Device,Mul,gradient_tape/sequential/dropout_2/dropout/Mul_2,2,6.144,3.072,6.144,3.072,0.0006016518987434739,0.9863624590367011,0.0,0.0
73,Device,Relu,sequential/activation_4/Relu,2,6.144,3.072,6.144,3.072,0.0006016518987434739,0.9869641109354446,0.0,0.0
74,Device,Cast,sequential/dropout/dropout/ArithmeticOptimizer/ReorderCastLikeAndValuePreserving_float_Cast,2,6.144,3.072,6.144,3.072,0.0006016518987434739,0.9875657628341881,0.0,0.0
75,Device,Cast,sequential/dropout/dropout/Cast,2,6.144,3.072,6.144,3.072,0.0006016518987434739,0.9881674147329316,0.0,0.0
76,Device,Mul,sequential/dropout/dropout/Mul_1,2,6.144,3.072,6.144,3.072,0.0006016518987434739,0.9887690666316751,0.0,0.0
77,Device,Cast,sequential/dropout_1/dropout/Cast,2,6.144,3.072,6.144,3.072,0.0006016518987434739,0.9893707185304186,0.0,0.0
78,Device,GreaterEqual,sequential/dropout_1/dropout/GreaterEqual,2,6.144,3.072,6.144,3.072,0.0006016518987434739,0.9899723704291621,0.0,0.0
79,Device,Mul,sequential/dropout_1/dropout/Mul_1,2,6.144,3.072,6.144,3.072,0.0006016518987434739,0.9905740223279056,0.0,0.0
80,Device,Transpose,sequential/dropout_1/dropout/Mul_1-0-0-TransposeNCHWToNHWC-LayoutOptimizer,2,6.144,3.072,6.144,3.072,0.0006016518987434739,0.9911756742266491,0.0,0.0
81,Device,Cast,sequential/dropout_2/dropout/Cast,2,6.144,3.072,6.144,3.072,0.0006016518987434739,0.9917773261253926,0.0,0.0
82,Device,GreaterEqual,sequential/dropout_2/dropout/GreaterEqual,2,6.144,3.072,6.144,3.072,0.0006016518987434739,0.9923789780241361,0.0,0.0
83,Device,Mul,sequential/dropout_2/dropout/Mul,2,6.144,3.072,6.144,3.072,0.0006016518987434739,0.9929806299228796,0.0,0.0
84,Device,Mul,sequential/dropout_2/dropout/Mul_1,2,6.144,3.072,6.144,3.072,0.0006016518987434739,0.9935822818216231,0.0,0.0
85,Device,Cast,Cast_1,2,5.121,2.5605,5.121,2.5605,0.000501474507399956,0.994083756329023,0.0,0.0
86,Device,AssignAddVariableOp,AssignAddVariableOp,2,5.12,2.56,5.12,2.56,0.0005013765822862282,0.9945851329113092,0.0,0.0
87,Device,AssignAddVariableOp,AssignAddVariableOp_1,2,5.12,2.56,5.12,2.56,0.0005013765822862282,0.9950865094935955,0.0,0.0
88,Device,AssignAddVariableOp,AssignAddVariableOp_2,2,5.12,2.56,5.12,2.56,0.0005013765822862282,0.9955878860758817,0.0,0.0
89,Device,Mul,Mul,2,5.12,2.56,5.12,2.56,0.0005013765822862282,0.9960892626581679,0.0,0.0
90,Device,Sum,Sum_2,2,5.12,2.56,5.12,2.56,0.0005013765822862282,0.9965906392404541,0.0,0.0
91,Device,Sum,categorical_crossentropy/weighted_loss/Sum,2,5.12,2.56,5.12,2.56,0.0005013765822862282,0.9970920158227403,0.0,0.0
92,Device,DivNoNan,div_no_nan_1,2,5.12,2.56,5.12,2.56,0.0005013765822862282,0.9975933924050265,0.0,0.0
93,Device,Mul,gradient_tape/categorical_crossentropy/softmax_cross_entropy_with_logits/mul,2,5.12,2.56,5.12,2.56,0.0005013765822862282,0.9980947689873128,0.0,0.0
94,Device,ReluGrad,gradient_tape/sequential/activation_4/ReluGrad,2,5.12,2.56,5.12,2.56,0.0005013765822862282,0.998596145569599,0.0,0.0
95,Device,BiasAdd,sequential/dense_1/BiasAdd,2,5.12,2.56,5.12,2.56,0.0005013765822862282,0.9990975221518852,0.0,0.0
96,Device,DivNoNan,div_no_nan,2,4.096,2.048,4.096,2.048,0.0004011012658289826,0.9994986234177141,0.0,0.0
97,Device,LogicalAnd,LogicalAnd,1,3.072,3.072,3.072,3.072,0.00030082594937173694,0.9997994493670859,0.0,0.0
98,Device,_Send,IteratorGetNext/_3,2,2.048,1.024,2.048,1.024,0.0002005506329144913,1.0000000000000004,0.0,0.0
99,Host,IDLE,IDLE,0,36277.774,0.0,36277.774,0.0,0.0,0.0,0.9721933497144207,0.9721933497144207
100,Host,_Send,IteratorGetNext/_1,2,293.495,146.7475,293.495,146.7475,0.0,0.0,0.007865253451725951,0.9800586031661467
101,Host,_Send,IteratorGetNext/_3,2,213.344,106.672,213.344,106.672,0.0,0.0,0.0057173193151672805,0.985775922481314
102,Host,_Send,IteratorGetNext/_6,2,135.873,67.9365,135.873,67.9365,0.0,0.0,0.003641205411493756,0.9894171278928077
103,Host,GatherV2,GatherV2,2,75.06,37.53,75.06,37.53,0.0,0.0,0.0020115024926712546,0.9914286303854789
104,Host,Dataset,Iterator::Root::ParallelMapV2,2,45.61,22.805,45.61,22.805,0.0,0.0,0.0012222838887654664,0.9926509142742443
105,Host,Dataset,Iterator::Root::ParallelMapV2::Zip[1]::ForeverRepeat,2,48.321,24.1605,44.551,22.2755,0.0,0.0,0.0011939041773380904,0.9938448184515825
106,Host,FlushSummaryWriter,FlushSummaryWriter,1,38.001,38.001,38.001,38.001,0.0,0.0,0.0010183733842792477,0.9948631918358617
107,Host,LogicalAnd,LogicalAnd,1,30.54,30.54,30.54,30.54,0.0,0.0,0.0008184290717583281,0.99568162090762
108,Host,Dataset,Iterator::Root::ParallelMapV2::Zip[0]::FlatMap,2,47.681,23.8405,29.631,14.8155,0.0,0.0,0.0007940691494849713,0.996475690057105
109,Host,IteratorGetNext,IteratorGetNext,2,28.34,14.17,28.34,14.17,0.0,0.0,0.0007594721641660452,0.9972351622212711
110,Host,Dataset,Iterator::Root,2,73.61,36.805,28.0,14.0,0.0,0.0,0.0007503606420836014,0.9979855228633546
111,Host,WriteSummary,WriteSummary,1,20.11,20.11,20.11,20.11,0.0,0.0,0.0005389197325821865,0.9985244425959368
112,Host,Dataset,Iterator::Root::ParallelMapV2::Zip[0]::FlatMap[1]::TensorSlice,2,18.05,9.025,18.05,9.025,0.0,0.0,0.0004837146282003217,0.999008157224137
113,Host,GatherV2,GatherV2_1,2,13.27,6.635,13.27,6.635,0.0,0.0,0.00035561734715890684,0.999363774571296
114,Host,Dataset,Iterator::Root::ParallelMapV2::Zip,2,105.893,52.9465,9.891,4.9455,0.0,0.0,0.0002650648968160322,0.999628839468112
115,Host,ReadVariableOp,ReadVariableOp,1,7.17,7.17,7.17,7.17,0.0,0.0,0.00019214592156212222,0.9998209853896741
116,Host,Dataset,Iterator::Root::ParallelMapV2::Zip[1]::ForeverRepeat::FromTensor,4,3.77,0.9425,3.77,0.9425,0.0,0.0,0.0001010307007376849,0.9999220160904118
117,Host,Identity,Identity,2,2.91,1.455,2.91,1.455,0.0,0.0,7.798390958797429e-05,0.9999999999999998
