Rank,Host/device,Type,Operation,#Occurrences,Total time (us),Avg. time (us),Total self-time (us),Avg. self-time (us),Total self-time on Device (%),Cumulative total-self time on Device (%),Total self-time on Host (%),Cumulative total-self time on Host (%)
1,Device,IDLE,IDLE,0,5369.238,0.0,5369.238,0.0,0.5144314179971924,0.5144314179971924,0.0,0.0
2,Device,Conv2DBackpropFilter,gradient_tape/sequential/conv2d_1/Conv2D/Conv2DBackpropFilter,2,541.699,270.8495,541.699,270.8495,0.05190065791415115,0.5663320759113435,0.0,0.0
3,Device,_FusedConv2D,sequential/activation_1/Relu,2,374.786,187.393,374.786,187.393,0.03590857649176583,0.6022406524031093,0.0,0.0
4,Device,Conv2DBackpropFilter,gradient_tape/sequential/conv2d_3/Conv2D/Conv2DBackpropFilter,2,309.249,154.6245,309.249,154.6245,0.029629418845693516,0.6318700712488028,0.0,0.0
5,Device,Conv2DBackpropInput,gradient_tape/sequential/conv2d_1/Conv2D/Conv2DBackpropInput,2,270.337,135.1685,270.337,135.1685,0.02590122588104811,0.6577712971298509,0.0,0.0
6,Device,_Send,IteratorGetNext/_1,2,243.297,121.6485,243.297,121.6485,0.023310499684398963,0.6810817968142499,0.0,0.0
7,Device,Conv2DBackpropFilter,gradient_tape/sequential/conv2d_2/Conv2D/Conv2DBackpropFilter,2,220.161,110.0805,220.161,110.0805,0.02109381916347904,0.7021756159777289,0.0,0.0
8,Device,ReluGrad,gradient_tape/sequential/activation/ReluGrad,2,204.801,102.4005,204.801,102.4005,0.019622164045855855,0.7217977800235847,0.0,0.0
9,Device,Conv2DBackpropFilter,gradient_tape/sequential/conv2d/Conv2D/Conv2DBackpropFilter,2,203.777,101.8885,203.777,101.8885,0.019524053704680976,0.7413218337282658,0.0,0.0
10,Device,Conv2DBackpropInput,gradient_tape/sequential/conv2d_3/Conv2D/Conv2DBackpropInput,2,203.777,101.8885,203.777,101.8885,0.019524053704680976,0.7608458874329468,0.0,0.0
11,Device,_FusedConv2D,sequential/activation_3/Relu,2,201.729,100.8645,201.729,100.8645,0.01932783302233122,0.780173720455278,0.0,0.0
12,Device,ReluGrad,gradient_tape/sequential/activation_1/ReluGrad,2,187.393,93.6965,187.393,93.6965,0.017954288245882914,0.798128008701161,0.0,0.0
13,Device,MaxPoolGrad,gradient_tape/sequential/max_pooling2d/MaxPool/MaxPoolGrad,2,144.384,72.192,144.384,72.192,0.013833558105657938,0.8119615668068189,0.0,0.0
14,Device,_FusedConv2D,sequential/activation_2/Relu,2,134.144,67.072,134.144,67.072,0.01285245469390915,0.824814021500728,0.0,0.0
15,Device,_FusedConv2D,sequential/activation/Relu,2,126.976,63.488,126.976,63.488,0.012165682305684997,0.8369797038064131,0.0,0.0
16,Device,Conv2DBackpropInput,gradient_tape/sequential/conv2d_2/Conv2D/Conv2DBackpropInput,2,125.953,62.9765,125.953,62.9765,0.012067667775390171,0.8490473715818032,0.0,0.0
17,Device,SoftmaxCrossEntropyWithLogits,categorical_crossentropy/softmax_cross_entropy_with_logits,2,96.256,48.128,96.256,48.128,0.009222372070438627,0.8582697436522418,0.0,0.0
18,Device,BiasAddGrad,gradient_tape/sequential/conv2d/BiasAdd/BiasAddGrad,2,96.256,48.128,96.256,48.128,0.009222372070438627,0.8674921157226805,0.0,0.0
19,Device,MaxPool,sequential/max_pooling2d/MaxPool,2,91.136,45.568,91.136,45.568,0.00873182036456423,0.8762239360872447,0.0,0.0
20,Device,ReluGrad,gradient_tape/sequential/activation_2/ReluGrad,2,83.968,41.984,83.968,41.984,0.00804504797634008,0.8842689840635848,0.0,0.0
21,Device,BiasAddGrad,gradient_tape/sequential/conv2d_1/BiasAdd/BiasAddGrad,2,80.896,40.448,80.896,40.448,0.0077507169528154415,0.8920197010164003,0.0,0.0
22,Device,MaxPoolGrad,gradient_tape/sequential/max_pooling2d_1/MaxPool/MaxPoolGrad,2,64.512,32.256,64.512,32.256,0.006180951494017378,0.8982006525104177,0.0,0.0
23,Device,ReluGrad,gradient_tape/sequential/activation_3/ReluGrad,2,58.368,29.184,58.368,29.184,0.0055922894469681034,0.9037929419573858,0.0,0.0
24,Device,ResourceApplyGradientDescent,SGD/SGD/update_8/ResourceApplyGradientDescent,2,53.248,26.624,53.248,26.624,0.005101737741093708,0.9088946796984795,0.0,0.0
25,Device,Mul,sequential/dropout/dropout/Mul_1,2,50.176,25.088,50.176,25.088,0.004807406717569071,0.9137020864160486,0.0,0.0
26,Device,MatMul,sequential/dense/MatMul,2,46.08,23.04,46.08,23.04,0.0044149653528695555,0.9181170517689181,0.0,0.0
27,Device,MatMul,gradient_tape/sequential/dense/MatMul/MatMul,2,45.056,22.528,45.056,22.528,0.004316855011694676,0.9224339067806128,0.0,0.0
28,Device,BiasAddGrad,gradient_tape/sequential/conv2d_2/BiasAdd/BiasAddGrad,2,40.96,20.48,40.96,20.48,0.00392441364699516,0.9263583204276079,0.0,0.0
29,Device,MatMul,gradient_tape/sequential/dense/MatMul/MatMul_1,2,40.96,20.48,40.96,20.48,0.00392441364699516,0.930282734074603,0.0,0.0
30,Device,Mul,gradient_tape/sequential/dropout/dropout/Mul_1,2,36.865,18.4325,36.865,18.4325,0.0035320680931756982,0.9338148021677788,0.0,0.0
31,Device,BiasAddGrad,gradient_tape/sequential/conv2d_3/BiasAdd/BiasAddGrad,2,31.744,15.872,31.744,15.872,0.0030414205764212492,0.9368562227442,0.0,0.0
32,Device,MaxPool,sequential/max_pooling2d_1/MaxPool,2,28.673,14.3365,28.673,14.3365,0.0027471853637766656,0.9396034081079767,0.0,0.0
33,Device,RandomUniform,sequential/dropout/dropout/random_uniform/RandomUniform,2,28.672,14.336,28.672,14.336,0.0027470895528966125,0.9423504976608733,0.0,0.0
34,Device,Transpose,gradient_tape/sequential/conv2d/Conv2D/Conv2DBackpropFilter-0-TransposeNHWCToNCHW-LayoutOptimizer,2,25.6,12.8,25.6,12.8,0.0024527585293719753,0.9448032561902453,0.0,0.0
35,Device,MatMul,sequential/dense_1/MatMul,2,21.504,10.752,21.504,10.752,0.002060317164672459,0.9468635733549178,0.0,0.0
36,Device,Mul,sequential/dropout/dropout/Mul,2,21.504,10.752,21.504,10.752,0.002060317164672459,0.9489238905195903,0.0,0.0
37,Device,MatMul,gradient_tape/sequential/dense_1/MatMul/MatMul_1,2,19.456,9.728,19.456,9.728,0.001864096482322701,0.9507879870019129,0.0,0.0
38,Device,Mul,gradient_tape/sequential/dropout_1/dropout/Mul_1,2,19.456,9.728,19.456,9.728,0.001864096482322701,0.9526520834842356,0.0,0.0
39,Device,Mul,gradient_tape/sequential/dropout/dropout/Mul,2,17.408,8.704,17.408,8.704,0.0016678757999729432,0.9543199592842085,0.0,0.0
40,Device,Softmax,sequential/activation_5/Softmax,2,17.408,8.704,17.408,8.704,0.0016678757999729432,0.9559878350841815,0.0,0.0
41,Device,RandomUniform,sequential/dropout_1/dropout/random_uniform/RandomUniform,2,16.384,8.192,16.384,8.192,0.001569765458798064,0.9575576005429796,0.0,0.0
42,Device,Transpose,gradient_tape/sequential/dropout/dropout/ArithmeticOptimizer/ReorderCastLikeAndValuePreserving_bool_Mul-1-TransposeNHWCToNCHW-LayoutOptimizer,2,15.361,7.6805,15.361,7.6805,0.0014717509285032387,0.9590293514714828,0.0,0.0
43,Device,Cast,sequential/dropout/dropout/ArithmeticOptimizer/ReorderCastLikeAndValuePreserving_float_Cast,2,13.312,6.656,13.312,6.656,0.001275434435273427,0.9603047859067563,0.0,0.0
44,Device,GreaterEqual,sequential/dropout/dropout/GreaterEqual,2,13.312,6.656,13.312,6.656,0.001275434435273427,0.9615802203420297,0.0,0.0
45,Device,Transpose,gradient_tape/sequential/max_pooling2d_1/MaxPool/MaxPoolGrad-2-TransposeNHWCToNCHW-LayoutOptimizer,2,12.289,6.1445,12.289,6.1445,0.0011774199049786017,0.9627576402470083,0.0,0.0
46,Device,BiasAddGrad,gradient_tape/sequential/dense_1/BiasAdd/BiasAddGrad,2,12.288,6.144,12.288,6.144,0.0011773240940985482,0.9639349643411068,0.0,0.0
47,Device,Transpose,sequential/dropout_1/dropout/Mul_1-0-1-TransposeNCHWToNHWC-LayoutOptimizer,2,12.288,6.144,12.288,6.144,0.0011773240940985482,0.9651122884352054,0.0,0.0
48,Device,MatMul,gradient_tape/sequential/dense_1/MatMul/MatMul,2,11.265,5.6325,11.265,5.6325,0.0010793095638037228,0.9661915979990091,0.0,0.0
49,Device,ArgMax,ArgMax,2,11.264,5.632,11.264,5.632,0.001079213752923669,0.9672708117519327,0.0,0.0
50,Device,Transpose,sequential/dropout_1/dropout/ArithmeticOptimizer/ReorderCastLikeAndValuePreserving_bool_Mul_1-0-TransposeNHWCToNCHW-LayoutOptimizer,2,10.24,5.12,10.24,5.12,0.00098110341174879,0.9682519151636816,0.0,0.0
51,Device,Mul,sequential/dropout_1/dropout/Mul_1,2,10.24,5.12,10.24,5.12,0.00098110341174879,0.9692330185754304,0.0,0.0
52,Device,ResourceApplyGradientDescent,SGD/SGD/update_6/ResourceApplyGradientDescent,2,9.216,4.608,9.216,4.608,0.000882993070573911,0.9701160116460044,0.0,0.0
53,Device,RandomUniform,sequential/dropout_2/dropout/random_uniform/RandomUniform,2,9.216,4.608,9.216,4.608,0.000882993070573911,0.9709990047165783,0.0,0.0
54,Device,ResourceApplyGradientDescent,SGD/SGD/update_4/ResourceApplyGradientDescent,2,8.192,4.096,8.192,4.096,0.000784882729399032,0.9717838874459773,0.0,0.0
55,Device,BiasAdd,sequential/dense/BiasAdd,2,8.192,4.096,8.192,4.096,0.000784882729399032,0.9725687701753764,0.0,0.0
56,Device,Cast,sequential/dropout_1/dropout/Cast,2,8.192,4.096,8.192,4.096,0.000784882729399032,0.9733536529047754,0.0,0.0
57,Device,ArgMax,ArgMax_1,2,7.168,3.584,7.168,3.584,0.0006867723882241531,0.9740404252929995,0.0,0.0
58,Device,ResourceApplyGradientDescent,SGD/SGD/update_10/ResourceApplyGradientDescent,2,7.168,3.584,7.168,3.584,0.0006867723882241531,0.9747271976812236,0.0,0.0
59,Device,ResourceApplyGradientDescent,SGD/SGD/update_2/ResourceApplyGradientDescent,2,7.168,3.584,7.168,3.584,0.0006867723882241531,0.9754139700694477,0.0,0.0
60,Device,BiasAddGrad,gradient_tape/sequential/dense/BiasAdd/BiasAddGrad,2,7.168,3.584,7.168,3.584,0.0006867723882241531,0.9761007424576719,0.0,0.0
61,Device,Mul,gradient_tape/sequential/dropout_1/dropout/Mul,2,7.168,3.584,7.168,3.584,0.0006867723882241531,0.976787514845896,0.0,0.0
62,Device,Cast,sequential/dropout_1/dropout/ArithmeticOptimizer/ReorderCastLikeAndValuePreserving_float_Cast,2,7.168,3.584,7.168,3.584,0.0006867723882241531,0.9774742872341201,0.0,0.0
63,Device,GreaterEqual,sequential/dropout_1/dropout/GreaterEqual,2,7.168,3.584,7.168,3.584,0.0006867723882241531,0.9781610596223442,0.0,0.0
64,Device,Mul,sequential/dropout_1/dropout/Mul,2,7.168,3.584,7.168,3.584,0.0006867723882241531,0.9788478320105684,0.0,0.0
65,Device,AssignAddVariableOp,AssignAddVariableOp_1,2,6.145,3.0725,6.145,3.0725,0.0005887578579293276,0.9794365898684977,0.0,0.0
66,Device,Relu,sequential/activation_4/Relu,2,6.145,3.0725,6.145,3.0725,0.0005887578579293276,0.980025347726427,0.0,0.0
67,Device,AssignAddVariableOp,AssignAddVariableOp_3,2,6.144,3.072,6.144,3.072,0.0005886620470492741,0.9806140097734763,0.0,0.0
68,Device,AssignAddVariableOp,AssignAddVariableOp_4,2,6.144,3.072,6.144,3.072,0.0005886620470492741,0.9812026718205257,0.0,0.0
69,Device,Equal,Equal,2,6.144,3.072,6.144,3.072,0.0005886620470492741,0.981791333867575,0.0,0.0
70,Device,AssignAddVariableOp,SGD/SGD/AssignAddVariableOp,2,6.144,3.072,6.144,3.072,0.0005886620470492741,0.9823799959146243,0.0,0.0
71,Device,ResourceApplyGradientDescent,SGD/SGD/update/ResourceApplyGradientDescent,2,6.144,3.072,6.144,3.072,0.0005886620470492741,0.9829686579616737,0.0,0.0
72,Device,ResourceApplyGradientDescent,SGD/SGD/update_1/ResourceApplyGradientDescent,2,6.144,3.072,6.144,3.072,0.0005886620470492741,0.983557320008723,0.0,0.0
73,Device,ResourceApplyGradientDescent,SGD/SGD/update_3/ResourceApplyGradientDescent,2,6.144,3.072,6.144,3.072,0.0005886620470492741,0.9841459820557723,0.0,0.0
74,Device,ResourceApplyGradientDescent,SGD/SGD/update_5/ResourceApplyGradientDescent,2,6.144,3.072,6.144,3.072,0.0005886620470492741,0.9847346441028216,0.0,0.0
75,Device,ResourceApplyGradientDescent,SGD/SGD/update_7/ResourceApplyGradientDescent,2,6.144,3.072,6.144,3.072,0.0005886620470492741,0.985323306149871,0.0,0.0
76,Device,ResourceApplyGradientDescent,SGD/SGD/update_9/ResourceApplyGradientDescent,2,6.144,3.072,6.144,3.072,0.0005886620470492741,0.9859119681969203,0.0,0.0
77,Device,Sum,Sum_2,2,6.144,3.072,6.144,3.072,0.0005886620470492741,0.9865006302439696,0.0,0.0
78,Device,Sum,categorical_crossentropy/weighted_loss/Sum,2,6.144,3.072,6.144,3.072,0.0005886620470492741,0.9870892922910189,0.0,0.0
79,Device,Cast,categorical_crossentropy/weighted_loss/num_elements/Cast,2,6.144,3.072,6.144,3.072,0.0005886620470492741,0.9876779543380683,0.0,0.0
80,Device,DivNoNan,categorical_crossentropy/weighted_loss/value,2,6.144,3.072,6.144,3.072,0.0005886620470492741,0.9882666163851176,0.0,0.0
81,Device,DivNoNan,div_no_nan,2,6.144,3.072,6.144,3.072,0.0005886620470492741,0.9888552784321669,0.0,0.0
82,Device,Mul,gradient_tape/categorical_crossentropy/softmax_cross_entropy_with_logits/mul,2,6.144,3.072,6.144,3.072,0.0005886620470492741,0.9894439404792162,0.0,0.0
83,Device,DivNoNan,gradient_tape/categorical_crossentropy/weighted_loss/value/div_no_nan,2,6.144,3.072,6.144,3.072,0.0005886620470492741,0.9900326025262656,0.0,0.0
84,Device,Mul,gradient_tape/sequential/dropout_2/dropout/Mul,2,6.144,3.072,6.144,3.072,0.0005886620470492741,0.9906212645733149,0.0,0.0
85,Device,Mul,gradient_tape/sequential/dropout_2/dropout/Mul_1,2,6.144,3.072,6.144,3.072,0.0005886620470492741,0.9912099266203642,0.0,0.0
86,Device,GreaterEqual,sequential/dropout_2/dropout/GreaterEqual,2,6.144,3.072,6.144,3.072,0.0005886620470492741,0.9917985886674135,0.0,0.0
87,Device,Mul,sequential/dropout_2/dropout/Mul,2,6.144,3.072,6.144,3.072,0.0005886620470492741,0.9923872507144629,0.0,0.0
88,Device,Mul,sequential/dropout_2/dropout/Mul_1,2,6.144,3.072,6.144,3.072,0.0005886620470492741,0.9929759127615122,0.0,0.0
89,Device,AssignAddVariableOp,AssignAddVariableOp_2,2,5.12,2.56,5.12,2.56,0.000490551705874395,0.9934664644673866,0.0,0.0
90,Device,Cast,Cast,2,5.12,2.56,5.12,2.56,0.000490551705874395,0.993957016173261,0.0,0.0
91,Device,Cast,Cast_2,2,5.12,2.56,5.12,2.56,0.000490551705874395,0.9944475678791355,0.0,0.0
92,Device,Mul,Mul,2,5.12,2.56,5.12,2.56,0.000490551705874395,0.9949381195850099,0.0,0.0
93,Device,ResourceApplyGradientDescent,SGD/SGD/update_11/ResourceApplyGradientDescent,2,5.12,2.56,5.12,2.56,0.000490551705874395,0.9954286712908843,0.0,0.0
94,Device,DivNoNan,div_no_nan_1,2,5.12,2.56,5.12,2.56,0.000490551705874395,0.9959192229967587,0.0,0.0
95,Device,Tile,gradient_tape/categorical_crossentropy/weighted_loss/Tile_1,2,5.12,2.56,5.12,2.56,0.000490551705874395,0.9964097747026331,0.0,0.0
96,Device,ReluGrad,gradient_tape/sequential/activation_4/ReluGrad,2,5.12,2.56,5.12,2.56,0.000490551705874395,0.9969003264085076,0.0,0.0
97,Device,BiasAdd,sequential/dense_1/BiasAdd,2,5.12,2.56,5.12,2.56,0.000490551705874395,0.997390878114382,0.0,0.0
98,Device,_Recv,categorical_crossentropy/weighted_loss/num_elements/_14,2,4.704,2.352,4.704,2.352,0.0004506943797721004,0.9978415724941541,0.0,0.0
99,Device,AssignAddVariableOp,AssignAddVariableOp,2,4.096,2.048,4.096,2.048,0.000392441364699516,0.9982340138588536,0.0,0.0
100,Device,Cast,Cast_1,2,4.096,2.048,4.096,2.048,0.000392441364699516,0.9986264552235531,0.0,0.0
101,Device,Cast,sequential/dropout_2/dropout/Cast,2,4.096,2.048,4.096,2.048,0.000392441364699516,0.9990188965882526,0.0,0.0
102,Device,LogicalAnd,LogicalAnd,1,3.072,3.072,3.072,3.072,0.00029433102352463704,0.9993132276117772,0.0,0.0
103,Device,_Recv,strided_slice/_12,2,3.072,1.536,3.072,1.536,0.00029433102352463704,0.9996075586353018,0.0,0.0
104,Device,_Send,IteratorGetNext/_3,2,2.048,1.024,2.048,1.024,0.000196220682349758,0.9998037793176516,0.0,0.0
105,Device,_Recv,Size/_16,2,2.048,1.024,2.048,1.024,0.000196220682349758,1.0000000000000013,0.0,0.0
106,Host,IDLE,IDLE,0,46099.097,0.0,46099.097,0.0,0.0,0.0,0.9430659330356473,0.9430659330356473
107,Host,_Send,IteratorGetNext/_3,2,1179.4,589.7,1179.4,589.7,0.0,0.0,0.024127413199053392,0.9671933462347008
108,Host,_Send,IteratorGetNext/_1,2,563.68,281.84,563.68,281.84,0.0,0.0,0.0115314060302208,0.9787247522649216
109,Host,GatherV2,GatherV2,2,504.42,252.21,504.42,252.21,0.0,0.0,0.010319102735175946,0.9890438550000976
110,Host,_Send,IteratorGetNext/_6,2,93.602,46.801,93.602,46.801,0.0,0.0,0.0019148500341341322,0.9909587050342318
111,Host,GatherV2,GatherV2_1,2,68.23,34.115,68.23,34.115,0.0,0.0,0.0013958058356549202,0.9923545108698867
112,Host,Dataset,Iterator::Root::ParallelMapV2::Zip[1]::ForeverRepeat,2,52.291,26.1455,48.711,24.3555,0.0,0.0,0.0009964985792259536,0.9933510094491126
113,Host,Dataset,Iterator::Root::ParallelMapV2,2,48.321,24.1605,48.321,24.1605,0.0,0.0,0.0009885202078950813,0.9943395296570077
114,Host,LogicalAnd,LogicalAnd,1,44.991,44.991,44.991,44.991,0.0,0.0,0.0009203971911468636,0.9952599268481546
115,Host,Dataset,Iterator::Root::ParallelMapV2::Zip[0]::FlatMap[1]::Concatenate[0]::TensorSlice,2,37.67,18.835,37.67,18.835,0.0,0.0,0.0007706288411127194,0.9960305556892672
116,Host,FlushSummaryWriter,FlushSummaryWriter,1,36.841,36.841,36.841,36.841,0.0,0.0,0.0007536696876940189,0.9967842253769612
117,Host,IteratorGetNext,IteratorGetNext,2,35.81,17.905,35.81,17.905,0.0,0.0,0.0007325781470731744,0.9975168035240344
118,Host,Dataset,Iterator::Root,2,82.503,41.2515,34.182,17.091,0.0,0.0,0.0006992735611073791,0.9982160770851417
119,Host,Dataset,Iterator::Root::ParallelMapV2::Zip[0]::FlatMap[1]::Concatenate,2,64.061,32.0305,26.391,13.1955,0.0,0.0,0.0005398902507514142,0.9987559673358931
120,Host,WriteSummary,WriteSummary,1,20.02,20.02,20.02,20.02,0.0,0.0,0.0004095563949847794,0.9991655237308779
121,Host,_HostSend,categorical_crossentropy/softmax_cross_entropy_with_logits/Shape_2/_9,2,14.531,7.2655,14.531,7.2655,0.0,0.0,0.00029726593284334815,0.9994627896637212
122,Host,Dataset,Iterator::Root::ParallelMapV2::Zip,2,130.822,65.411,10.59,5.295,0.0,0.0,0.00021664346767676394,0.999679433131398
123,Host,ReadVariableOp,ReadVariableOp,1,5.59,5.59,5.59,5.59,0.0,0.0,0.00011435665574250335,0.9997937897871405
124,Host,Dataset,Iterator::Root::ParallelMapV2::Zip[0]::FlatMap,2,67.941,33.9705,3.88,1.94,0.0,0.0,7.937456606098621e-05,0.9998731643532015
125,Host,Dataset,Iterator::Root::ParallelMapV2::Zip[1]::ForeverRepeat::FromTensor,4,3.58,0.895,3.58,0.895,0.0,0.0,7.323735734493059e-05,0.9999464017105464
126,Host,Identity,Identity,2,2.62,1.31,2.62,1.31,0.0,0.0,5.3598289453552555e-05,0.9999999999999999
