Rank,Host/device,Type,Operation,#Occurrences,Total time (us),Avg. time (us),Total self-time (us),Avg. self-time (us),Total self-time on Device (%),Cumulative total-self time on Device (%),Total self-time on Host (%),Cumulative total-self time on Host (%)
1,Device,IDLE,IDLE,0,6115.708,0.0,6115.708,0.0,0.16309567164596245,0.16309567164596245,0.0,0.0
2,Device,ResourceApplyGradientDescent,SGD/SGD/update_16/ResourceApplyGradientDescent,2,1683.464,841.732,1683.464,841.732,0.04489516042489251,0.20799083207085495,0.0,0.0
3,Device,Conv2DBackpropFilter,gradient_tape/sequential/conv2d_5/Conv2D/Conv2DBackpropFilter,2,1476.615,738.3075,1476.615,738.3075,0.03937884463867517,0.2473696767095301,0.0,0.0
4,Device,Conv2DBackpropFilter,gradient_tape/sequential/conv2d_1/Conv2D/Conv2DBackpropFilter,4,1275.909,318.97725,1275.909,318.97725,0.03402635235595426,0.2813960290654844,0.0,0.0
5,Device,_FusedConv2D,sequential/conv2d_3/Relu,2,1133.573,566.7865,1133.573,566.7865,0.030230490042155153,0.31162651910763955,0.0,0.0
6,Device,Conv2DBackpropInput,gradient_tape/sequential/conv2d_3/Conv2D/Conv2DBackpropInput,2,1123.333,561.6665,1123.333,561.6665,0.029957406422457377,0.3415839255300969,0.0,0.0
7,Device,MaxPoolGrad,gradient_tape/sequential/max_pooling2d/MaxPool/MaxPoolGrad,2,1113.093,556.5465,1113.093,556.5465,0.029684322802759597,0.37126824833285654,0.0,0.0
8,Device,_FusedConv2D,sequential/conv2d_5/Relu,2,1105.924,552.962,1105.924,552.962,0.029493137600648915,0.40076138593350547,0.0,0.0
9,Device,Conv2DBackpropFilter,gradient_tape/sequential/conv2d_3/Conv2D/Conv2DBackpropFilter,2,1098.757,549.3785,1098.757,549.3785,0.02930200573518271,0.4300633916686882,0.0,0.0
10,Device,Conv2DBackpropInput,gradient_tape/sequential/conv2d_5/Conv2D/Conv2DBackpropInput,2,1074.18,537.09,1074.18,537.09,0.028646578379585806,0.45870997004827396,0.0,0.0
11,Device,Conv2DBackpropFilter,gradient_tape/sequential/conv2d_6/Conv2D/Conv2DBackpropFilter,2,986.116,493.058,986.116,493.058,0.02629805925018492,0.4850080292984589,0.0,0.0
12,Device,Conv2DBackpropFilter,gradient_tape/sequential/conv2d_7/Conv2D/Conv2DBackpropFilter,2,975.876,487.938,975.876,487.938,0.02602497563048714,0.511033004928946,0.0,0.0
13,Device,ReluGrad,gradient_tape/sequential/conv2d/ReluGrad,2,881.668,440.834,881.668,440.834,0.023512606329267587,0.5345456112582135,0.0,0.0
14,Device,Conv2DBackpropFilter,gradient_tape/sequential/conv2d/Conv2D/Conv2DBackpropFilter,2,842.756,421.378,842.756,421.378,0.022474888574416034,0.5570204998326296,0.0,0.0
15,Device,ResourceApplyGradientDescent,SGD/SGD/update_18/ResourceApplyGradientDescent,2,831.492,415.746,831.492,415.746,0.022174496592748477,0.5791949964253781,0.0,0.0
16,Device,_FusedConv2D,sequential/conv2d_1/Relu,2,746.5,373.25,746.5,373.25,0.019907902549256926,0.599102898974635,0.0,0.0
17,Device,Conv2DBackpropInput,gradient_tape/sequential/conv2d_1/Conv2D/Conv2DBackpropInput,2,703.491,351.7455,703.491,351.7455,0.018760924678204022,0.617863823652839,0.0,0.0
18,Device,Conv2DBackpropFilter,gradient_tape/sequential/conv2d_2/Conv2D/Conv2DBackpropFilter,2,702.468,351.234,702.468,351.234,0.01873364298455648,0.6365974666373955,0.0,0.0
19,Device,_FusedConv2D,sequential/conv2d_7/Relu,2,664.58,332.29,664.58,332.29,0.017723233591674707,0.6543207002290702,0.0,0.0
20,Device,_FusedConv2D,sequential/conv2d_6/Relu,2,657.411,328.7055,657.411,328.7055,0.017532048389564025,0.6718527486186342,0.0,0.0
21,Device,Conv2DBackpropInput,gradient_tape/sequential/conv2d_2/Conv2D/Conv2DBackpropInput,2,652.29,326.145,652.29,326.145,0.0173954799113929,0.6892482285300271,0.0,0.0
22,Device,Conv2DBackpropFilter,gradient_tape/sequential/conv2d_4/Conv2D/Conv2DBackpropFilter,2,647.171,323.5855,647.171,323.5855,0.01725896476986625,0.7065071932998933,0.0,0.0
23,Device,MatMul,gradient_tape/sequential/dense/MatMul/MatMul,2,647.171,323.5855,647.171,323.5855,0.01725896476986625,0.7237661580697595,0.0,0.0
24,Device,_FusedConv2D,sequential/conv2d_4/Relu,2,645.123,322.5615,645.123,322.5615,0.017204348045926694,0.7409705061156863,0.0,0.0
25,Device,_FusedConv2D,sequential/conv2d_2/Relu,2,638.979,319.4895,638.979,319.4895,0.017040497874108027,0.7580110039897943,0.0,0.0
26,Device,Conv2DBackpropInput,gradient_tape/sequential/conv2d_4/Conv2D/Conv2DBackpropInput,2,604.163,302.0815,604.163,302.0815,0.016112013567135583,0.7741230175569298,0.0,0.0
27,Device,Conv2DBackpropInput,gradient_tape/sequential/conv2d_7/Conv2D/Conv2DBackpropInput,4,586.755,146.68875,586.755,146.68875,0.01564777141364936,0.7897707889705792,0.0,0.0
28,Device,Conv2DBackpropInput,gradient_tape/sequential/conv2d_6/Conv2D/Conv2DBackpropInput,4,585.732,146.433,585.732,146.433,0.015620489720001818,0.805391278690581,0.0,0.0
29,Device,MatMul,sequential/dense/MatMul,2,578.562,289.281,578.562,289.281,0.015429277849568901,0.82082055654015,0.0,0.0
30,Device,MatMul,gradient_tape/sequential/dense/MatMul/MatMul_1,2,569.347,284.6735,569.347,284.6735,0.015183529260163137,0.836004085800313,0.0,0.0
31,Device,_Send,IteratorGetNext/_1,2,545.955,272.9775,545.955,272.9775,0.01455970386641603,0.8505637896667291,0.0,0.0
32,Device,_FusedConv2D,sequential/conv2d/Relu,2,455.682,227.841,455.682,227.841,0.012152274413195573,0.8627160640799246,0.0,0.0
33,Device,ReluGrad,gradient_tape/sequential/conv2d_1/ReluGrad,2,432.13,216.065,432.13,216.065,0.011524182087890683,0.8742402461678153,0.0,0.0
34,Device,MaxPool,sequential/max_pooling2d/MaxPool,2,344.065,172.0325,344.065,172.0325,0.009175636290167561,0.8834158824579829,0.0,0.0
35,Device,MaxPoolGrad,gradient_tape/sequential/max_pooling2d_1/MaxPool/MaxPoolGrad,2,322.562,161.281,322.562,161.281,0.008602187357124464,0.8920180698151073,0.0,0.0
36,Device,MatMul,gradient_tape/sequential/dense_1/MatMul/MatMul,2,322.561,161.2805,322.561,161.2805,0.008602160688802226,0.9006202305039096,0.0,0.0
37,Device,MatMul,sequential/dense_1/MatMul,2,293.89,146.945,293.89,146.945,0.007837553221970687,0.9084577837258803,0.0,0.0
38,Device,MatMul,gradient_tape/sequential/dense_1/MatMul/MatMul_1,2,292.865,146.4325,292.865,146.4325,0.007810218191678674,0.916268001917559,0.0,0.0
39,Device,BiasAddGrad,gradient_tape/sequential/conv2d/BiasAdd/BiasAddGrad,2,273.409,136.7045,273.409,136.7045,0.007291359314252895,0.9235593612318118,0.0,0.0
40,Device,ReluGrad,gradient_tape/sequential/conv2d_3/ReluGrad,2,214.017,107.0085,214.017,107.0085,0.005707474320005786,0.9292668355518175,0.0,0.0
41,Device,ReluGrad,gradient_tape/sequential/conv2d_2/ReluGrad,2,201.73,100.865,201.73,100.865,0.005379800644690689,0.9346466361965082,0.0,0.0
42,Device,MaxPool,sequential/max_pooling2d_1/MaxPool,2,172.032,86.016,172.032,86.016,0.004587804810922662,0.9392344410074309,0.0,0.0
43,Device,MaxPoolGrad,gradient_tape/sequential/max_pooling2d_2/MaxPool/MaxPoolGrad,2,160.768,80.384,160.768,80.384,0.004287412829255107,0.9435218538366861,0.0,0.0
44,Device,BiasAddGrad,gradient_tape/sequential/conv2d_1/BiasAdd/BiasAddGrad,2,152.577,76.2885,152.577,76.2885,0.004068972601819121,0.9475908264385052,0.0,0.0
45,Device,ResourceApplyGradientDescent,SGD/SGD/update_14/ResourceApplyGradientDescent,2,125.953,62.9765,125.953,62.9765,0.0033589551906048998,0.9509497816291101,0.0,0.0
46,Device,ResourceApplyGradientDescent,SGD/SGD/update_10/ResourceApplyGradientDescent,2,124.93,62.465,124.93,62.465,0.003331673496957358,0.9542814551260675,0.0,0.0
47,Device,ResourceApplyGradientDescent,SGD/SGD/update_12/ResourceApplyGradientDescent,2,124.928,62.464,124.928,62.464,0.0033316201603128858,0.9576130752863804,0.0,0.0
48,Device,SoftmaxCrossEntropyWithLogits,categorical_crossentropy/softmax_cross_entropy_with_logits,2,120.832,60.416,120.832,60.416,0.0032223867124337746,0.9608354619988142,0.0,0.0
49,Device,ReluGrad,gradient_tape/sequential/conv2d_4/ReluGrad,2,108.544,54.272,108.544,54.272,0.002894686368796442,0.9637301483676106,0.0,0.0
50,Device,BiasAddGrad,gradient_tape/sequential/conv2d_2/BiasAdd/BiasAddGrad,2,104.448,52.224,104.448,52.224,0.0027854529209173306,0.966515601288528,0.0,0.0
51,Device,BiasAddGrad,gradient_tape/sequential/conv2d_3/BiasAdd/BiasAddGrad,2,102.4,51.2,102.4,51.2,0.002730836196977775,0.9692464374855058,0.0,0.0
52,Device,ReluGrad,gradient_tape/sequential/conv2d_5/ReluGrad,2,100.353,50.1765,100.353,50.1765,0.0026762461413604556,0.9719226836268662,0.0,0.0
53,Device,MaxPool,sequential/max_pooling2d_2/MaxPool,2,90.112,45.056,90.112,45.056,0.002403135853340442,0.9743258194802066,0.0,0.0
54,Device,MaxPoolGrad,gradient_tape/sequential/max_pooling2d_3/MaxPool/MaxPoolGrad,2,83.968,41.984,83.968,41.984,0.002239285681521776,0.9765651051617283,0.0,0.0
55,Device,ResourceApplyGradientDescent,SGD/SGD/update_8/ResourceApplyGradientDescent,2,65.537,32.7685,65.537,32.7685,0.0017477618343880123,0.9783128669961163,0.0,0.0
56,Device,BiasAddGrad,gradient_tape/sequential/conv2d_5/BiasAdd/BiasAddGrad,2,51.2,25.6,51.2,25.6,0.0013654180984888876,0.9796782850946052,0.0,0.0
57,Device,MaxPoolGrad,gradient_tape/sequential/max_pooling2d_4/MaxPool/MaxPoolGrad,2,49.152,24.576,49.152,24.576,0.0013108013745493322,0.9809890864691545,0.0,0.0
58,Device,MaxPool,sequential/max_pooling2d_3/MaxPool,2,44.032,22.016,44.032,22.016,0.0011742595647004433,0.9821633460338549,0.0,0.0
59,Device,BiasAddGrad,gradient_tape/sequential/conv2d_4/BiasAdd/BiasAddGrad,2,43.008,21.504,43.008,21.504,0.0011469512027306656,0.9833102972365856,0.0,0.0
60,Device,Transpose,gradient_tape/sequential/conv2d/Conv2D/Conv2DBackpropFilter-0-TransposeNHWCToNCHW-LayoutOptimizer,2,37.888,18.944,37.888,18.944,0.0010104093928817767,0.9843207066294674,0.0,0.0
61,Device,ResourceApplyGradientDescent,SGD/SGD/update_6/ResourceApplyGradientDescent,2,35.84,17.92,35.84,17.92,0.0009557926689422214,0.9852764992984095,0.0,0.0
62,Device,ReluGrad,gradient_tape/sequential/conv2d_6/ReluGrad,2,29.696,14.848,29.696,14.848,0.0007919424971235548,0.9860684417955331,0.0,0.0
63,Device,MatMul,sequential/dense_2/MatMul,2,29.696,14.848,29.696,14.848,0.0007919424971235548,0.9868603842926567,0.0,0.0
64,Device,ResourceApplyGradientDescent,SGD/SGD/update_4/ResourceApplyGradientDescent,2,22.528,11.264,22.528,11.264,0.0006007839633351105,0.9874611682559917,0.0,0.0
65,Device,BiasAddGrad,gradient_tape/sequential/conv2d_7/BiasAdd/BiasAddGrad,2,22.528,11.264,22.528,11.264,0.0006007839633351105,0.9880619522193268,0.0,0.0
66,Device,BiasAddGrad,gradient_tape/sequential/conv2d_6/BiasAdd/BiasAddGrad,2,20.48,10.24,20.48,10.24,0.000546167239395555,0.9886081194587224,0.0,0.0
67,Device,ArgMax,ArgMax,2,19.456,9.728,19.456,9.728,0.0005188588774257773,0.9891269783361482,0.0,0.0
68,Device,ArgMax,ArgMax_1,2,19.456,9.728,19.456,9.728,0.0005188588774257773,0.9896458372135739,0.0,0.0
69,Device,Softmax,sequential/dense_2/Softmax,2,19.456,9.728,19.456,9.728,0.0005188588774257773,0.9901646960909997,0.0,0.0
70,Device,MatMul,gradient_tape/sequential/dense_2/MatMul/MatMul,2,16.384,8.192,16.384,8.192,0.00043693379151644405,0.9906016298825161,0.0,0.0
71,Device,MatMul,gradient_tape/sequential/dense_2/MatMul/MatMul_1,2,14.336,7.168,14.336,7.168,0.00038231706757688855,0.990983946950093,0.0,0.0
72,Device,ResourceApplyGradientDescent,SGD/SGD/update_20/ResourceApplyGradientDescent,2,11.264,5.632,11.264,5.632,0.00030039198166755525,0.9912843389317605,0.0,0.0
73,Device,Transpose,gradient_tape/sequential/max_pooling2d_4/MaxPool/MaxPoolGrad-2-TransposeNHWCToNCHW-LayoutOptimizer,2,11.264,5.632,11.264,5.632,0.00030039198166755525,0.991584730913428,0.0,0.0
74,Device,ResourceApplyGradientDescent,SGD/SGD/update_2/ResourceApplyGradientDescent,2,10.24,5.12,10.24,5.12,0.0002730836196977775,0.9918578145331258,0.0,0.0
75,Device,ReluGrad,gradient_tape/sequential/conv2d_7/ReluGrad,2,10.24,5.12,10.24,5.12,0.0002730836196977775,0.9921308981528236,0.0,0.0
76,Device,ReluGrad,gradient_tape/sequential/dense/ReluGrad,2,10.24,5.12,10.24,5.12,0.0002730836196977775,0.9924039817725214,0.0,0.0
77,Device,MaxPool,sequential/max_pooling2d_4/MaxPool,2,10.24,5.12,10.24,5.12,0.0002730836196977775,0.9926770653922192,0.0,0.0
78,Device,Transpose,sequential/max_pooling2d_4/MaxPool-0-2-TransposeNCHWToNHWC-LayoutOptimizer,2,9.216,4.608,9.216,4.608,0.00024577525772799975,0.9929228406499472,0.0,0.0
79,Device,ResourceApplyGradientDescent,SGD/SGD/update_19/ResourceApplyGradientDescent,2,8.192,4.096,8.192,4.096,0.00021846689575822202,0.9931413075457054,0.0,0.0
80,Device,BiasAdd,sequential/dense/BiasAdd,2,8.192,4.096,8.192,4.096,0.00021846689575822202,0.9933597744414636,0.0,0.0
81,Device,Cast,Cast,2,7.168,3.584,7.168,3.584,0.00019115853378844427,0.9935509329752521,0.0,0.0
82,Device,ResourceApplyGradientDescent,SGD/SGD/update/ResourceApplyGradientDescent,2,7.168,3.584,7.168,3.584,0.00019115853378844427,0.9937420915090406,0.0,0.0
83,Device,ResourceApplyGradientDescent,SGD/SGD/update_17/ResourceApplyGradientDescent,2,7.168,3.584,7.168,3.584,0.00019115853378844427,0.9939332500428291,0.0,0.0
84,Device,ResourceApplyGradientDescent,SGD/SGD/update_9/ResourceApplyGradientDescent,2,7.168,3.584,7.168,3.584,0.00019115853378844427,0.9941244085766175,0.0,0.0
85,Device,Sum,Sum_2,2,7.168,3.584,7.168,3.584,0.00019115853378844427,0.994315567110406,0.0,0.0
86,Device,BiasAddGrad,gradient_tape/sequential/dense_1/BiasAdd/BiasAddGrad,2,7.168,3.584,7.168,3.584,0.00019115853378844427,0.9945067256441945,0.0,0.0
87,Device,AssignAddVariableOp,AssignAddVariableOp_1,2,6.144,3.072,6.144,3.072,0.00016385017181866652,0.9946705758160131,0.0,0.0
88,Device,AssignAddVariableOp,AssignAddVariableOp_4,2,6.144,3.072,6.144,3.072,0.00016385017181866652,0.9948344259878318,0.0,0.0
89,Device,Equal,Equal,2,6.144,3.072,6.144,3.072,0.00016385017181866652,0.9949982761596504,0.0,0.0
90,Device,AssignAddVariableOp,SGD/SGD/AssignAddVariableOp,2,6.144,3.072,6.144,3.072,0.00016385017181866652,0.995162126331469,0.0,0.0
91,Device,ResourceApplyGradientDescent,SGD/SGD/update_1/ResourceApplyGradientDescent,2,6.144,3.072,6.144,3.072,0.00016385017181866652,0.9953259765032877,0.0,0.0
92,Device,ResourceApplyGradientDescent,SGD/SGD/update_11/ResourceApplyGradientDescent,2,6.144,3.072,6.144,3.072,0.00016385017181866652,0.9954898266751063,0.0,0.0
93,Device,ResourceApplyGradientDescent,SGD/SGD/update_13/ResourceApplyGradientDescent,2,6.144,3.072,6.144,3.072,0.00016385017181866652,0.995653676846925,0.0,0.0
94,Device,ResourceApplyGradientDescent,SGD/SGD/update_15/ResourceApplyGradientDescent,2,6.144,3.072,6.144,3.072,0.00016385017181866652,0.9958175270187436,0.0,0.0
95,Device,ResourceApplyGradientDescent,SGD/SGD/update_21/ResourceApplyGradientDescent,2,6.144,3.072,6.144,3.072,0.00016385017181866652,0.9959813771905622,0.0,0.0
96,Device,ResourceApplyGradientDescent,SGD/SGD/update_3/ResourceApplyGradientDescent,2,6.144,3.072,6.144,3.072,0.00016385017181866652,0.9961452273623809,0.0,0.0
97,Device,ResourceApplyGradientDescent,SGD/SGD/update_5/ResourceApplyGradientDescent,2,6.144,3.072,6.144,3.072,0.00016385017181866652,0.9963090775341995,0.0,0.0
98,Device,ResourceApplyGradientDescent,SGD/SGD/update_7/ResourceApplyGradientDescent,2,6.144,3.072,6.144,3.072,0.00016385017181866652,0.9964729277060181,0.0,0.0
99,Device,DivNoNan,categorical_crossentropy/weighted_loss/value,2,6.144,3.072,6.144,3.072,0.00016385017181866652,0.9966367778778368,0.0,0.0
100,Device,Mul,gradient_tape/categorical_crossentropy/softmax_cross_entropy_with_logits/mul,2,6.144,3.072,6.144,3.072,0.00016385017181866652,0.9968006280496554,0.0,0.0
101,Device,Tile,gradient_tape/categorical_crossentropy/weighted_loss/Tile_1,2,6.144,3.072,6.144,3.072,0.00016385017181866652,0.996964478221474,0.0,0.0
102,Device,DivNoNan,gradient_tape/categorical_crossentropy/weighted_loss/value/div_no_nan,2,6.144,3.072,6.144,3.072,0.00016385017181866652,0.9971283283932927,0.0,0.0
103,Device,BiasAddGrad,gradient_tape/sequential/dense/BiasAdd/BiasAddGrad,2,6.144,3.072,6.144,3.072,0.00016385017181866652,0.9972921785651113,0.0,0.0
104,Device,BiasAddGrad,gradient_tape/sequential/dense_2/BiasAdd/BiasAddGrad,2,6.144,3.072,6.144,3.072,0.00016385017181866652,0.99745602873693,0.0,0.0
105,Device,Relu,sequential/dense/Relu,2,6.144,3.072,6.144,3.072,0.00016385017181866652,0.9976198789087486,0.0,0.0
106,Device,BiasAdd,sequential/dense_1/BiasAdd,2,6.144,3.072,6.144,3.072,0.00016385017181866652,0.9977837290805672,0.0,0.0
107,Device,Relu,sequential/dense_1/Relu,2,6.144,3.072,6.144,3.072,0.00016385017181866652,0.9979475792523859,0.0,0.0
108,Device,BiasAdd,sequential/dense_2/BiasAdd,2,6.144,3.072,6.144,3.072,0.00016385017181866652,0.9981114294242045,0.0,0.0
109,Device,AssignAddVariableOp,AssignAddVariableOp,2,5.12,2.56,5.12,2.56,0.00013654180984888875,0.9982479712340534,0.0,0.0
110,Device,AssignAddVariableOp,AssignAddVariableOp_2,2,5.12,2.56,5.12,2.56,0.00013654180984888875,0.9983845130439023,0.0,0.0
111,Device,AssignAddVariableOp,AssignAddVariableOp_3,2,5.12,2.56,5.12,2.56,0.00013654180984888875,0.9985210548537512,0.0,0.0
112,Device,Cast,Cast_1,2,5.12,2.56,5.12,2.56,0.00013654180984888875,0.9986575966636001,0.0,0.0
113,Device,Mul,Mul,2,5.12,2.56,5.12,2.56,0.00013654180984888875,0.998794138473449,0.0,0.0
114,Device,Sum,categorical_crossentropy/weighted_loss/Sum,2,5.12,2.56,5.12,2.56,0.00013654180984888875,0.9989306802832979,0.0,0.0
115,Device,Cast,categorical_crossentropy/weighted_loss/num_elements/Cast,2,5.12,2.56,5.12,2.56,0.00013654180984888875,0.9990672220931468,0.0,0.0
116,Device,DivNoNan,div_no_nan_1,2,5.12,2.56,5.12,2.56,0.00013654180984888875,0.9992037639029957,0.0,0.0
117,Device,ReluGrad,gradient_tape/sequential/dense_1/ReluGrad,2,5.12,2.56,5.12,2.56,0.00013654180984888875,0.9993403057128446,0.0,0.0
118,Device,_Recv,categorical_crossentropy/weighted_loss/num_elements/_14,2,4.544,2.272,4.544,2.272,0.00012118085624088877,0.9994614865690855,0.0,0.0
119,Device,Cast,Cast_2,2,4.096,2.048,4.096,2.048,0.00010923344787911101,0.9995707200169647,0.0,0.0
120,Device,DivNoNan,div_no_nan,2,4.096,2.048,4.096,2.048,0.00010923344787911101,0.9996799534648438,0.0,0.0
121,Device,_Recv,Size/_16,2,3.809,1.9045,3.809,1.9045,0.00010157963939734713,0.9997815331042412,0.0,0.0
122,Device,LogicalAnd,LogicalAnd,1,3.072,3.072,3.072,3.072,8.192508590933326e-05,0.9998634581901505,0.0,0.0
123,Device,_Recv,strided_slice/_12,2,3.072,1.536,3.072,1.536,8.192508590933326e-05,0.9999453832760599,0.0,0.0
124,Device,_Send,IteratorGetNext/_3,2,2.048,1.024,2.048,1.024,5.4616723939555506e-05,0.9999999999999994,0.0,0.0
125,Host,IDLE,IDLE,0,171459.572,0.0,171459.572,0.0,0.0,0.0,0.9555304407591046,0.9555304407591046
126,Host,_Send,IteratorGetNext/_1,2,2701.407,1350.7035,2701.407,1350.7035,0.0,0.0,0.015054724511850123,0.9705851652709547
127,Host,_Send,IteratorGetNext/_3,2,2279.05,1139.525,2279.05,1139.525,0.0,0.0,0.012700962831121718,0.9832861281020765
128,Host,Dataset,Iterator::Root,2,1230.222,615.111,1188.59,594.295,0.0,0.0,0.006623916724706768,0.9899100448267832
129,Host,GatherV2,GatherV2,2,730.562,365.281,730.562,365.281,0.0,0.0,0.004071363422404047,0.9939814082491872
130,Host,_Send,IteratorGetNext/_6,2,720.224,360.112,720.224,360.112,0.0,0.0,0.004013750577688865,0.9979951588268761
131,Host,Dataset,Iterator::Root::ParallelMapV2::Zip[1]::ForeverRepeat,2,59.03,29.515,54.69,27.345,0.0,0.0,0.0003047829829244846,0.9982999418098005
132,Host,Dataset,Iterator::Root::ParallelMapV2::Zip[0]::FlatMap[1]::Concatenate,2,69.021,34.5105,48.101,24.0505,0.0,0.0,0.0002680630144752356,0.9985680048242758
133,Host,Dataset,Iterator::Root::ParallelMapV2,2,41.632,20.816,41.632,20.816,0.0,0.0,0.00023201179639992947,0.9988000166206757
134,Host,FlushSummaryWriter,FlushSummaryWriter,1,38.331,38.331,38.331,38.331,0.0,0.0,0.0002136155881967164,0.9990136322088725
135,Host,LogicalAnd,LogicalAnd,1,32.67,32.67,32.67,32.67,0.0,0.0,0.00018206728930595927,0.9991956994981784
136,Host,IteratorGetNext,IteratorGetNext,2,32.351,16.1755,32.351,16.1755,0.0,0.0,0.00018028952789522767,0.9993759890260736
137,Host,GatherV2,GatherV2_1,2,23.201,11.6005,23.201,11.6005,0.0,0.0,0.00012929731188208023,0.9995052863379557
138,Host,WriteSummary,WriteSummary,1,21.12,21.12,21.12,21.12,0.0,0.0,0.00011770006581395348,0.9996229864037696
139,Host,Dataset,Iterator::Root::ParallelMapV2::Zip[0]::FlatMap[1]::Concatenate[0]::TensorSlice,2,20.92,10.46,20.92,10.46,0.0,0.0,0.00011658548185738195,0.9997395718856269
140,Host,_HostSend,categorical_crossentropy/softmax_cross_entropy_with_logits/Shape_2/_9,2,18.001,9.0005,18.001,9.0005,0.0,0.0,0.00010031812901122047,0.9998398900146381
141,Host,Dataset,Iterator::Root::ParallelMapV2::Zip,2,141.641,70.8205,9.92,4.96,0.0,0.0,5.528336424594784e-05,0.9998951733788841
142,Host,ReadVariableOp,ReadVariableOp,1,7.84,7.84,7.84,7.84,0.0,0.0,4.3691691097603934e-05,0.9999388650699818
143,Host,Dataset,Iterator::Root::ParallelMapV2::Zip[1]::ForeverRepeat::FromTensor,4,4.34,1.085,4.34,1.085,0.0,0.0,2.418647185760218e-05,0.9999630515418394
144,Host,Dataset,Iterator::Root::ParallelMapV2::Zip[0]::FlatMap,2,72.691,36.3455,3.67,1.835,0.0,0.0,2.045261560308756e-05,0.9999835041574425
145,Host,Identity,Identity,2,2.96,1.48,2.96,1.48,0.0,0.0,1.649584255725863e-05,0.9999999999999998
