Rank,Host/device,Type,Operation,#Occurrences,Total time (us),Avg. time (us),Total self-time (us),Avg. self-time (us),Total self-time on Device (%),Cumulative total-self time on Device (%),Total self-time on Host (%),Cumulative total-self time on Host (%)
1,Device,DepthwiseConv2dNativeBackpropFilter,gradient_tape/xception/block2_sepconv2/separable_conv2d/DepthwiseConv2dNativeBackpropFilter,2,323545.189,161772.5945,323545.189,161772.5945,0.1727967347557219,0.1727967347557219,0.0,0.0
2,Device,DepthwiseConv2dNativeBackpropFilter,gradient_tape/xception/block2_sepconv1/separable_conv2d/DepthwiseConv2dNativeBackpropFilter,2,307457.069,153728.5345,307457.069,153728.5345,0.16420450498729156,0.33700123974301344,0.0,0.0
3,Device,DepthwiseConv2dNativeBackpropFilter,gradient_tape/xception/block3_sepconv1/separable_conv2d/DepthwiseConv2dNativeBackpropFilter,2,81723.676,40861.838,81723.676,40861.838,0.04364640503133724,0.38064764477435065,0.0,0.0
4,Device,DepthwiseConv2dNativeBackpropFilter,gradient_tape/xception/block3_sepconv2/separable_conv2d/DepthwiseConv2dNativeBackpropFilter,2,81716.509,40858.2545,81716.509,40858.2545,0.04364257733047782,0.4242902221048285,0.0,0.0
5,Device,FusedBatchNormGradV3,gradient_tape/xception/block2_sepconv1_bn/FusedBatchNormGradV3,2,25908.315,12954.1575,25908.315,12954.1575,0.013836930318326232,0.4381271524231547,0.0,0.0
6,Device,FusedBatchNormGradV3,gradient_tape/xception/block2_sepconv2_bn/FusedBatchNormGradV3,2,25897.05,12948.525,25897.05,12948.525,0.013830913986502416,0.45195806640965713,0.0,0.0
7,Device,FusedBatchNormV3,xception/block2_sepconv2_bn/FusedBatchNormV3,4,19254.339,4813.58475,19254.339,4813.58475,0.010283221701929716,0.4622412881115868,0.0,0.0
8,Device,FusedBatchNormV3,xception/block2_sepconv1_bn/FusedBatchNormV3,4,19247.17,4811.7925,19247.17,4811.7925,0.010279392932924394,0.4725206810445112,0.0,0.0
9,Device,Conv2DBackpropFilter,gradient_tape/xception/block2_sepconv2/separable_conv2d/Conv2DBackpropFilter,2,16980.027,8490.0135,16980.027,8490.0135,0.009068573174376565,0.48158925421888776,0.0,0.0
10,Device,Conv2DBackpropFilter,gradient_tape/xception/block4_sepconv2/separable_conv2d/Conv2DBackpropFilter,2,14148.658,7074.329,14148.658,7074.329,0.007556415569435102,0.48914566978832286,0.0,0.0
11,Device,IDLE,IDLE,0,13929.803,0.0,13929.803,0.0,0.007439531033145603,0.49658520082146845,0.0,0.0
12,Device,MaxPoolGrad,gradient_tape/xception/block2_pool/MaxPool/MaxPoolGrad,2,13376.559,6688.2795,13376.559,6688.2795,0.007144058375929875,0.5037292591973983,0.0,0.0
13,Device,Conv2DBackpropFilter,gradient_tape/xception/block2_sepconv1/separable_conv2d/Conv2DBackpropFilter,2,13183.022,6591.511,13183.022,6591.511,0.007040695498683019,0.5107699546960813,0.0,0.0
14,Device,FusedBatchNormGradV3,gradient_tape/xception/block3_sepconv1_bn/FusedBatchNormGradV3,2,13022.254,6511.127,13022.254,6511.127,0.006954833658057078,0.5177247883541384,0.0,0.0
15,Device,FusedBatchNormGradV3,gradient_tape/xception/block3_sepconv2_bn/FusedBatchNormGradV3,2,13019.182,6509.591,13019.182,6509.591,0.006953192985943207,0.5246779813400816,0.0,0.0
16,Device,Conv2DBackpropInput,gradient_tape/xception/block4_sepconv2/separable_conv2d/Conv2DBackpropInput,4,12234.794,3058.6985,12234.794,3058.6985,0.0065342725699095395,0.5312122539099912,0.0,0.0
17,Device,DepthwiseConv2dNativeBackpropInput,gradient_tape/xception/block2_sepconv2/separable_conv2d/DepthwiseConv2dNativeBackpropInput,2,11713.576,5856.788,11713.576,5856.788,0.006255904133110104,0.5374681580431012,0.0,0.0
18,Device,FusedBatchNormGradV3,gradient_tape/xception/block1_conv2_bn/FusedBatchNormGradV3,2,11376.68,5688.34,11376.68,5688.34,0.006075977091288866,0.54354413513439,0.0,0.0
19,Device,ReluGrad,gradient_tape/xception/block2_sepconv2_act/ReluGrad,2,10416.164,5208.082,10416.164,5208.082,0.005562991474059901,0.54910712660845,0.0,0.0
20,Device,Conv2DBackpropInput,gradient_tape/xception/block1_conv2/Conv2D/Conv2DBackpropInput,2,10356.772,5178.386,10356.772,5178.386,0.00553127181319172,0.5546383984216416,0.0,0.0
21,Device,Conv2DBackpropFilter,gradient_tape/xception/block1_conv2/Conv2D/Conv2DBackpropFilter,2,10343.46,5171.73,10343.46,5171.73,0.005524162234031609,0.5601625606556733,0.0,0.0
22,Device,Conv2D,xception/block2_sepconv2/separable_conv2d,2,10107.939,5053.9695,10107.939,5053.9695,0.005398376837895176,0.5655609374935684,0.0,0.0
23,Device,Conv2DBackpropInput,gradient_tape/xception/block2_sepconv2/separable_conv2d/Conv2DBackpropInput,2,10018.851,5009.4255,10018.851,5009.4255,0.005350797346592903,0.5709117348401613,0.0,0.0
24,Device,Conv2D,xception/block4_sepconv2/separable_conv2d,4,9835.554,2458.8885,9835.554,2458.8885,0.005252903376392283,0.5761646382165536,0.0,0.0
25,Device,FusedBatchNormV3,xception/block3_sepconv1_bn/FusedBatchNormV3,4,9654.305,2413.57625,9654.305,2413.57625,0.005156103187600913,0.5813207414041546,0.0,0.0
26,Device,FusedBatchNormV3,xception/block3_sepconv2_bn/FusedBatchNormV3,4,9609.25,2402.3125,9609.25,2402.3125,0.005132040530670418,0.586452781934825,0.0,0.0
27,Device,FusedBatchNormV3,xception/block1_conv2_bn/FusedBatchNormV3,4,9487.361,2371.84025,9487.361,2371.84025,0.00506694291241271,0.5915197248472377,0.0,0.0
28,Device,Conv2D,xception/block3_sepconv2/separable_conv2d,2,8157.212,4078.606,8157.212,4078.606,0.0043565463070761095,0.5958762711543139,0.0,0.0
29,Device,Conv2DBackpropInput,gradient_tape/xception/block3_sepconv2/separable_conv2d/Conv2DBackpropInput,2,8143.9,4071.95,8143.9,4071.95,0.004349436727915999,0.6002257078822298,0.0,0.0
30,Device,Conv2DBackpropFilter,gradient_tape/xception/block3_sepconv2/separable_conv2d/Conv2DBackpropFilter,2,8142.876,4071.438,8142.876,4071.438,0.004348889837211376,0.6045745977194412,0.0,0.0
31,Device,DepthwiseConv2dNative,xception/block2_sepconv2/separable_conv2d/depthwise,2,7781.404,3890.702,7781.404,3890.702,0.004155837418479165,0.6087304351379204,0.0,0.0
32,Device,Conv2D,xception/block2_sepconv1/separable_conv2d,2,6902.808,3451.404,6902.808,3451.404,0.0036866030576201063,0.6124170381955405,0.0,0.0
33,Device,FusedBatchNormGradV3,gradient_tape/xception/block4_sepconv2_bn/FusedBatchNormGradV3,2,6601.751,3300.8755,6601.751,3300.8755,0.0035258166563877477,0.6159428548519282,0.0,0.0
34,Device,FusedBatchNormGradV3,gradient_tape/xception/block4_sepconv1_bn/FusedBatchNormGradV3,2,6599.703,3299.8515,6599.703,3299.8515,0.0035247228749785,0.6194675777269067,0.0,0.0
35,Device,FusedBatchNormGradV3,gradient_tape/xception/block1_conv1_bn/FusedBatchNormGradV3,2,6556.695,3278.3475,6556.695,3278.3475,0.003501753465384299,0.622969331192291,0.0,0.0
36,Device,Conv2D,xception/block1_conv2/Conv2D,2,6409.238,3204.619,6409.238,3204.619,0.0034230006698455144,0.6263923318621365,0.0,0.0
37,Device,Relu,xception/block2_sepconv2_act/Relu,2,6346.774,3173.387,6346.774,3173.387,0.003389640336863461,0.629781972199,0.0,0.0
38,Device,_Send,IteratorGetNext/_1,1,6097.942,6097.942,6097.942,6097.942,0.003256745895639871,0.6330387180946399,0.0,0.0
39,Device,DepthwiseConv2dNativeBackpropInput,gradient_tape/xception/block3_sepconv2/separable_conv2d/DepthwiseConv2dNativeBackpropInput,2,6085.653,3042.8265,6085.653,3042.8265,0.0032501826731114315,0.6362889007677512,0.0,0.0
40,Device,Conv2DBackpropFilter,gradient_tape/xception/block3_sepconv1/separable_conv2d/Conv2DBackpropFilter,2,6072.34,3036.17,6072.34,3036.17,0.0032430725598783677,0.6395319733276296,0.0,0.0
41,Device,FusedBatchNormGradV3,gradient_tape/xception/batch_normalization/FusedBatchNormGradV3,2,6051.861,3025.9305,6051.861,3025.9305,0.003232135279858845,0.6427641086074884,0.0,0.0
42,Device,DepthwiseConv2dNativeBackpropInput,gradient_tape/xception/block2_sepconv1/separable_conv2d/DepthwiseConv2dNativeBackpropInput,2,6017.045,3008.5225,6017.045,3008.5225,0.003213540995901635,0.6459776496033901,0.0,0.0
43,Device,_Recv,IteratorGetNext/_2,1,5940.693,5940.693,5940.693,5940.693,0.0031727634577381207,0.6491504130611282,0.0,0.0
44,Device,Conv2DBackpropInput,gradient_tape/xception/block4_sepconv1/separable_conv2d/Conv2DBackpropInput,2,5310.482,2655.241,5310.482,2655.241,0.0028361848074923333,0.6519865978686206,0.0,0.0
45,Device,ReluGrad,gradient_tape/xception/block3_sepconv2_act/ReluGrad,2,5258.258,2629.129,5258.258,2629.129,0.002808293381556518,0.6547948912501771,0.0,0.0
46,Device,Conv2D,xception/block3_sepconv1/separable_conv2d,2,5173.266,2586.633,5173.266,2586.633,0.0027629014530727402,0.6575577927032499,0.0,0.0
47,Device,ReluGrad,gradient_tape/xception/block1_conv2_act/ReluGrad,2,5163.026,2581.513,5163.026,2581.513,0.002757432546026502,0.6603152252492763,0.0,0.0
48,Device,Conv2DBackpropInput,gradient_tape/xception/conv2d/Conv2D/Conv2DBackpropInput,2,5034.002,2517.001,5034.002,2517.001,0.0026885243172439003,0.6630037495665202,0.0,0.0
49,Device,Conv2DBackpropInput,gradient_tape/xception/block2_sepconv1/separable_conv2d/Conv2DBackpropInput,2,5002.257,2501.1285,5002.257,2501.1285,0.0026715701713276073,0.6656753197378478,0.0,0.0
50,Device,AddN,SGD/gradients/AddN_11,2,4950.033,2475.0165,4950.033,2475.0165,0.0026436787453917926,0.6683189984832396,0.0,0.0
51,Device,Conv2DBackpropFilter,gradient_tape/xception/block4_sepconv1/separable_conv2d/Conv2DBackpropFilter,2,4874.257,2437.1285,4874.257,2437.1285,0.002603208833249629,0.6709222073164892,0.0,0.0
52,Device,FusedBatchNormV3,xception/batch_normalization/FusedBatchNormV3,4,4626.449,1156.61225,4626.449,1156.61225,0.002470861282730663,0.6733930685992199,0.0,0.0
53,Device,DepthwiseConv2dNativeBackpropInput,gradient_tape/xception/block4_sepconv2/separable_conv2d/DepthwiseConv2dNativeBackpropInput,2,4548.624,2274.312,4548.624,2274.312,0.0024292970551062984,0.6758223656543262,0.0,0.0
54,Device,Conv2DBackpropInput,gradient_tape/xception/block13_sepconv2/separable_conv2d/Conv2DBackpropInput,4,4161.549,1040.38725,4161.549,1040.38725,0.002222570766539631,0.6780449364208658,0.0,0.0
55,Device,DepthwiseConv2dNative,xception/block3_sepconv2/separable_conv2d/depthwise,2,4123.662,2061.831,4123.662,2061.831,0.002202336344541503,0.6802472727654073,0.0,0.0
56,Device,Conv2DBackpropInput,gradient_tape/xception/block3_sepconv1/separable_conv2d/Conv2DBackpropInput,2,4119.566,2059.783,4119.566,2059.783,0.0022001487817230074,0.6824474215471303,0.0,0.0
57,Device,DepthwiseConv2dNativeBackpropFilter,gradient_tape/xception/block4_sepconv2/separable_conv2d/DepthwiseConv2dNativeBackpropFilter,2,4088.846,2044.423,4088.846,2044.423,0.002183742060584293,0.6846311636077146,0.0,0.0
58,Device,MaxPool,xception/block2_pool/MaxPool,2,4004.878,2002.439,4004.878,2002.439,0.002138897022805139,0.6867700606305197,0.0,0.0
59,Device,Conv2D,xception/block4_sepconv1/separable_conv2d,4,3985.422,996.3555,3985.422,996.3555,0.002128506099417286,0.688898566729937,0.0,0.0
60,Device,Conv2DBackpropFilter,gradient_tape/xception/conv2d/Conv2D/Conv2DBackpropFilter,2,3958.797,1979.3985,3958.797,1979.3985,0.002114286407024113,0.6910128531369611,0.0,0.0
61,Device,Conv2DBackpropInput,gradient_tape/xception/block14_sepconv2/separable_conv2d/Conv2DBackpropInput,4,3952.654,988.1635,3952.654,988.1635,0.002111005596869324,0.6931238587338304,0.0,0.0
62,Device,FusedBatchNormV3,xception/block1_conv1_bn/FusedBatchNormV3,4,3949.582,987.3955,3949.582,987.3955,0.002109364924755452,0.6952332236585859,0.0,0.0
63,Device,DepthwiseConv2dNative,xception/block2_sepconv1/separable_conv2d/depthwise,2,3925.006,1962.503,3925.006,1962.503,0.0020962395478444805,0.6973294632064303,0.0,0.0
64,Device,ReluGrad,gradient_tape/xception/block4_sepconv2_act/ReluGrad,2,3908.622,1954.311,3908.622,1954.311,0.002087489296570499,0.6994169525030008,0.0,0.0
65,Device,Conv2D,xception/block14_sepconv2/separable_conv2d,4,3873.805,968.45125,3873.805,968.45125,0.0020688944785403353,0.7014858469815412,0.0,0.0
66,Device,Conv2DBackpropFilter,gradient_tape/xception/block13_sepconv2/separable_conv2d/Conv2DBackpropFilter,4,3861.517,965.37925,3861.517,965.37925,0.0020623317900848493,0.703548178771626,0.0,0.0
67,Device,FusedBatchNormV3,xception/block4_sepconv1_bn/FusedBatchNormV3,4,3849.229,962.30725,3849.229,962.30725,0.0020557691016293636,0.7056039478732554,0.0,0.0
68,Device,FusedBatchNormV3,xception/block4_sepconv2_bn/FusedBatchNormV3,4,3848.206,962.0515,3848.206,962.0515,0.0020552227449976935,0.7076591706182531,0.0,0.0
69,Device,MaxPoolGrad,gradient_tape/xception/block3_pool/MaxPool/MaxPoolGrad,2,3834.894,1917.447,3834.894,1917.447,0.0020481131658375835,0.7097072837840906,0.0,0.0
70,Device,Conv2DBackpropFilter,gradient_tape/xception/block14_sepconv2/separable_conv2d/Conv2DBackpropFilter,4,3470.349,867.58725,3470.349,867.58725,0.0018534195409185478,0.7115607033250092,0.0,0.0
71,Device,Conv2DBackpropFilter,gradient_tape/xception/block10_sepconv1/separable_conv2d/Conv2DBackpropFilter,4,3458.06,864.515,3458.06,864.515,0.001846856318390108,0.7134075596433993,0.0,0.0
72,Device,Conv2DBackpropFilter,gradient_tape/xception/block5_sepconv3/separable_conv2d/Conv2DBackpropFilter,4,3457.036,864.259,3457.036,864.259,0.0018463094276854842,0.7152538690710848,0.0,0.0
73,Device,Conv2DBackpropFilter,gradient_tape/xception/block7_sepconv3/separable_conv2d/Conv2DBackpropFilter,4,3456.012,864.003,3456.012,864.003,0.0018457625369808605,0.7170996316080657,0.0,0.0
74,Device,Conv2DBackpropFilter,gradient_tape/xception/block6_sepconv1/separable_conv2d/Conv2DBackpropFilter,4,3454.988,863.747,3454.988,863.747,0.0018452156462762364,0.7189448472543419,0.0,0.0
75,Device,Conv2DBackpropFilter,gradient_tape/xception/block9_sepconv3/separable_conv2d/Conv2DBackpropFilter,4,3454.988,863.747,3454.988,863.747,0.0018452156462762364,0.7207900629006182,0.0,0.0
76,Device,Conv2DBackpropFilter,gradient_tape/xception/block11_sepconv2/separable_conv2d/Conv2DBackpropFilter,4,3452.94,863.235,3452.94,863.235,0.001844121864866989,0.7226341847654852,0.0,0.0
77,Device,Conv2DBackpropFilter,gradient_tape/xception/block12_sepconv3/separable_conv2d/Conv2DBackpropFilter,4,3452.94,863.235,3452.94,863.235,0.001844121864866989,0.7244783066303523,0.0,0.0
78,Device,Conv2DBackpropFilter,gradient_tape/xception/block11_sepconv1/separable_conv2d/Conv2DBackpropFilter,4,3451.917,862.97925,3451.917,862.97925,0.0018435755082353187,0.7263218821385876,0.0,0.0
79,Device,Conv2DBackpropFilter,gradient_tape/xception/block10_sepconv2/separable_conv2d/Conv2DBackpropFilter,4,3451.916,862.979,3451.916,862.979,0.001843574974162365,0.7281654571127499,0.0,0.0
80,Device,Conv2DBackpropFilter,gradient_tape/xception/block9_sepconv2/separable_conv2d/Conv2DBackpropFilter,4,3451.916,862.979,3451.916,862.979,0.001843574974162365,0.7300090320869123,0.0,0.0
81,Device,Conv2DBackpropFilter,gradient_tape/xception/block12_sepconv2/separable_conv2d/Conv2DBackpropFilter,4,3450.892,862.723,3450.892,862.723,0.0018430280834577412,0.73185206017037,0.0,0.0
82,Device,Conv2DBackpropFilter,gradient_tape/xception/block5_sepconv1/separable_conv2d/Conv2DBackpropFilter,4,3450.892,862.723,3450.892,862.723,0.0018430280834577412,0.7336950882538277,0.0,0.0
83,Device,Conv2DBackpropFilter,gradient_tape/xception/block7_sepconv2/separable_conv2d/Conv2DBackpropFilter,4,3450.892,862.723,3450.892,862.723,0.0018430280834577412,0.7355381163372854,0.0,0.0
84,Device,Conv2DBackpropFilter,gradient_tape/xception/block8_sepconv1/separable_conv2d/Conv2DBackpropFilter,4,3450.892,862.723,3450.892,862.723,0.0018430280834577412,0.7373811444207431,0.0,0.0
85,Device,Conv2DBackpropFilter,gradient_tape/xception/block10_sepconv3/separable_conv2d/Conv2DBackpropFilter,4,3449.869,862.46725,3449.869,862.46725,0.0018424817268260713,0.7392236261475692,0.0,0.0
86,Device,Conv2DBackpropFilter,gradient_tape/xception/block11_sepconv3/separable_conv2d/Conv2DBackpropFilter,4,3449.868,862.467,3449.868,862.467,0.0018424811927531173,0.7410661073403223,0.0,0.0
87,Device,Conv2DBackpropFilter,gradient_tape/xception/block13_sepconv1/separable_conv2d/Conv2DBackpropFilter,4,3449.868,862.467,3449.868,862.467,0.0018424811927531173,0.7429085885330754,0.0,0.0
88,Device,Conv2DBackpropFilter,gradient_tape/xception/block8_sepconv2/separable_conv2d/Conv2DBackpropFilter,4,3449.868,862.467,3449.868,862.467,0.0018424811927531173,0.7447510697258285,0.0,0.0
89,Device,Conv2DBackpropFilter,gradient_tape/xception/block12_sepconv1/separable_conv2d/Conv2DBackpropFilter,4,3448.844,862.211,3448.844,862.211,0.0018419343020484936,0.746593004027877,0.0,0.0
90,Device,Conv2DBackpropFilter,gradient_tape/xception/block7_sepconv1/separable_conv2d/Conv2DBackpropFilter,4,3448.844,862.211,3448.844,862.211,0.0018419343020484936,0.7484349383299255,0.0,0.0
91,Device,Conv2DBackpropFilter,gradient_tape/xception/block8_sepconv3/separable_conv2d/Conv2DBackpropFilter,4,3448.844,862.211,3448.844,862.211,0.0018419343020484936,0.750276872631974,0.0,0.0
92,Device,Conv2DBackpropFilter,gradient_tape/xception/block6_sepconv3/separable_conv2d/Conv2DBackpropFilter,4,3447.82,861.955,3447.82,861.955,0.0018413874113438699,0.7521182600433178,0.0,0.0
93,Device,Conv2DBackpropFilter,gradient_tape/xception/block9_sepconv1/separable_conv2d/Conv2DBackpropFilter,4,3445.772,861.443,3445.772,861.443,0.001840293629934622,0.7539585536732525,0.0,0.0
94,Device,Conv2DBackpropFilter,gradient_tape/xception/block5_sepconv2/separable_conv2d/Conv2DBackpropFilter,4,3445.771,861.44275,3445.771,861.44275,0.0018402930958616684,0.7557988467691141,0.0,0.0
95,Device,Conv2DBackpropFilter,gradient_tape/xception/block6_sepconv2/separable_conv2d/Conv2DBackpropFilter,4,3444.748,861.187,3444.748,861.187,0.0018397467392299984,0.7576385935083442,0.0,0.0
96,Device,Conv2D,xception/block13_sepconv2/separable_conv2d,4,3317.772,829.443,3317.772,829.443,0.0017719322918566436,0.7594105258002009,0.0,0.0
97,Device,Relu,xception/block3_sepconv2_act/Relu,2,3244.044,1622.022,3244.044,1622.022,0.0017325561611237282,0.7611430819613246,0.0,0.0
98,Device,Conv2DBackpropInput,gradient_tape/xception/block10_sepconv3/separable_conv2d/Conv2DBackpropInput,4,3227.658,806.9145,3227.658,806.9145,0.0017238048417038394,0.7628668868030285,0.0,0.0
99,Device,Conv2DBackpropInput,gradient_tape/xception/block7_sepconv2/separable_conv2d/Conv2DBackpropInput,4,3227.658,806.9145,3227.658,806.9145,0.0017238048417038394,0.7645906916447324,0.0,0.0
100,Device,Conv2DBackpropInput,gradient_tape/xception/block12_sepconv1/separable_conv2d/Conv2DBackpropInput,4,3226.634,806.6585,3226.634,806.6585,0.0017232579509992157,0.7663139495957316,0.0,0.0
101,Device,Conv2DBackpropInput,gradient_tape/xception/block7_sepconv3/separable_conv2d/Conv2DBackpropInput,4,3225.612,806.403,3225.612,806.403,0.0017227121284404993,0.7680366617241722,0.0,0.0
102,Device,Conv2DBackpropInput,gradient_tape/xception/block13_sepconv1/separable_conv2d/Conv2DBackpropInput,4,3224.587,806.14675,3224.587,806.14675,0.0017221647036629218,0.7697588264278351,0.0,0.0
103,Device,Conv2DBackpropInput,gradient_tape/xception/block8_sepconv2/separable_conv2d/Conv2DBackpropInput,4,3224.586,806.1465,3224.586,806.1465,0.001722164169589968,0.771480990597425,0.0,0.0
104,Device,Conv2DBackpropInput,gradient_tape/xception/block5_sepconv2/separable_conv2d/Conv2DBackpropInput,4,3223.564,805.891,3223.564,805.891,0.0017216183470312517,0.7732026089444562,0.0,0.0
105,Device,Conv2DBackpropInput,gradient_tape/xception/block8_sepconv3/separable_conv2d/Conv2DBackpropInput,4,3222.54,805.635,3222.54,805.635,0.0017210714563266278,0.7749236804007829,0.0,0.0
106,Device,Conv2DBackpropInput,gradient_tape/xception/block9_sepconv1/separable_conv2d/Conv2DBackpropInput,4,3222.54,805.635,3222.54,805.635,0.0017210714563266278,0.7766447518571095,0.0,0.0
107,Device,Conv2DBackpropInput,gradient_tape/xception/block6_sepconv1/separable_conv2d/Conv2DBackpropInput,4,3222.539,805.63475,3222.539,805.63475,0.0017210709222536741,0.7783658227793632,0.0,0.0
108,Device,Conv2DBackpropInput,gradient_tape/xception/block7_sepconv1/separable_conv2d/Conv2DBackpropInput,4,3220.492,805.123,3220.492,805.123,0.0017199776749173804,0.7800858004542806,0.0,0.0
109,Device,Conv2DBackpropInput,gradient_tape/xception/block10_sepconv1/separable_conv2d/Conv2DBackpropInput,4,3220.491,805.12275,3220.491,805.12275,0.0017199771408444265,0.7818057775951249,0.0,0.0
110,Device,Conv2DBackpropInput,gradient_tape/xception/block12_sepconv3/separable_conv2d/Conv2DBackpropInput,4,3220.491,805.12275,3220.491,805.12275,0.0017199771408444265,0.7835257547359693,0.0,0.0
111,Device,Conv2DBackpropInput,gradient_tape/xception/block11_sepconv3/separable_conv2d/Conv2DBackpropInput,4,3220.49,805.1225,3220.49,805.1225,0.0017199766067714727,0.7852457313427408,0.0,0.0
112,Device,Conv2DBackpropInput,gradient_tape/xception/block12_sepconv2/separable_conv2d/Conv2DBackpropInput,4,3219.468,804.867,3219.468,804.867,0.0017194307842127562,0.7869651621269536,0.0,0.0
113,Device,Conv2DBackpropInput,gradient_tape/xception/block6_sepconv2/separable_conv2d/Conv2DBackpropInput,4,3219.468,804.867,3219.468,804.867,0.0017194307842127562,0.7886845929111663,0.0,0.0
114,Device,Conv2DBackpropInput,gradient_tape/xception/block5_sepconv1/separable_conv2d/Conv2DBackpropInput,4,3219.466,804.8665,3219.466,804.8665,0.0017194297160668488,0.7904040226272332,0.0,0.0
115,Device,Conv2DBackpropInput,gradient_tape/xception/block9_sepconv2/separable_conv2d/Conv2DBackpropInput,4,3218.442,804.6105,3218.442,804.6105,0.001718882825362225,0.7921229054525954,0.0,0.0
116,Device,Conv2DBackpropInput,gradient_tape/xception/block9_sepconv3/separable_conv2d/Conv2DBackpropInput,4,3217.42,804.355,3217.42,804.355,0.0017183370028035088,0.793841242455399,0.0,0.0
117,Device,Conv2DBackpropInput,gradient_tape/xception/block10_sepconv2/separable_conv2d/Conv2DBackpropInput,4,3216.396,804.099,3216.396,804.099,0.001717790112098885,0.7955590325674979,0.0,0.0
118,Device,Conv2DBackpropInput,gradient_tape/xception/block5_sepconv3/separable_conv2d/Conv2DBackpropInput,4,3215.371,803.84275,3215.371,803.84275,0.0017172426873213074,0.7972762752548193,0.0,0.0
119,Device,Conv2DBackpropInput,gradient_tape/xception/block11_sepconv2/separable_conv2d/Conv2DBackpropInput,4,3214.348,803.587,3214.348,803.587,0.0017166963306896371,0.7989929715855089,0.0,0.0
120,Device,Conv2DBackpropInput,gradient_tape/xception/block6_sepconv3/separable_conv2d/Conv2DBackpropInput,4,3214.348,803.587,3214.348,803.587,0.0017166963306896371,0.8007096679161985,0.0,0.0
121,Device,Conv2DBackpropInput,gradient_tape/xception/block8_sepconv1/separable_conv2d/Conv2DBackpropInput,4,3214.348,803.587,3214.348,803.587,0.0017166963306896371,0.8024263642468881,0.0,0.0
122,Device,Conv2DBackpropInput,gradient_tape/xception/block11_sepconv1/separable_conv2d/Conv2DBackpropInput,4,3213.323,803.33075,3213.323,803.33075,0.0017161489059120596,0.8041425131528002,0.0,0.0
123,Device,Relu,xception/block1_conv2_act/Relu,2,3186.699,1593.3495,3186.699,1593.3495,0.0017019297475918402,0.805844442900392,0.0,0.0
124,Device,DepthwiseConv2dNativeBackpropInput,gradient_tape/xception/block3_sepconv1/separable_conv2d/DepthwiseConv2dNativeBackpropInput,2,3076.107,1538.0535,3076.107,1538.0535,0.0016428655514924668,0.8074873084518845,0.0,0.0
125,Device,Conv2D,xception/conv2d/Conv2D,2,3045.386,1522.693,3045.386,1522.693,0.0016264582962807984,0.8091137667481654,0.0,0.0
126,Device,Conv2DBackpropFilter,gradient_tape/xception/block1_conv1/Conv2D/Conv2DBackpropFilter,2,2844.682,1422.341,2844.682,1422.341,0.0015192677181745282,0.8106330344663399,0.0,0.0
127,Device,MaxPoolGrad,gradient_tape/xception/block4_pool/MaxPool/MaxPoolGrad,2,2747.401,1373.7005,2747.401,1373.7005,0.001467312567162311,0.8121003470335022,0.0,0.0
128,Device,Conv2DBackpropInput,gradient_tape/xception/conv2d_1/Conv2D/Conv2DBackpropInput,2,2657.29,1328.645,2657.29,1328.645,0.0014191867192283678,0.8135195337527306,0.0,0.0
129,Device,ReluGrad,gradient_tape/xception/block1_conv1_act/ReluGrad,2,2655.241,1327.6205,2655.241,1327.6205,0.0014180924037461666,0.8149376261564767,0.0,0.0
130,Device,Conv2D,xception/block13_sepconv1/separable_conv2d,4,2648.072,662.018,2648.072,662.018,0.001414263634740846,0.8163518897912175,0.0,0.0
131,Device,Conv2D,xception/block6_sepconv2/separable_conv2d,4,2641.93,660.4825,2641.93,660.4825,0.0014109833586590105,0.8177628731498765,0.0,0.0
132,Device,Conv2D,xception/block5_sepconv1/separable_conv2d,4,2640.906,660.2265,2640.906,660.2265,0.0014104364679543868,0.8191733096178309,0.0,0.0
133,Device,Conv2D,xception/block11_sepconv3/separable_conv2d,4,2638.857,659.71425,2638.857,659.71425,0.0014093421524721853,0.8205826517703031,0.0,0.0
134,Device,Conv2D,xception/block11_sepconv1/separable_conv2d,4,2638.856,659.714,2638.856,659.714,0.0014093416183992317,0.8219919933887023,0.0,0.0
135,Device,Conv2D,xception/block8_sepconv3/separable_conv2d,4,2638.856,659.714,2638.856,659.714,0.0014093416183992317,0.8234013350071016,0.0,0.0
136,Device,Conv2D,xception/block11_sepconv2/separable_conv2d,4,2637.834,659.4585,2637.834,659.4585,0.0014087957958405152,0.8248101308029421,0.0,0.0
137,Device,Conv2D,xception/block10_sepconv3/separable_conv2d,4,2637.833,659.45825,2637.833,659.45825,0.0014087952617675616,0.8262189260647096,0.0,0.0
138,Device,Conv2D,xception/block10_sepconv1/separable_conv2d,4,2636.81,659.2025,2636.81,659.2025,0.0014082489051358913,0.8276271749698455,0.0,0.0
139,Device,Conv2D,xception/block5_sepconv2/separable_conv2d,4,2636.81,659.2025,2636.81,659.2025,0.0014082489051358913,0.8290354238749814,0.0,0.0
140,Device,Conv2D,xception/block6_sepconv3/separable_conv2d,4,2636.81,659.2025,2636.81,659.2025,0.0014082489051358913,0.8304436727801173,0.0,0.0
141,Device,Conv2D,xception/block7_sepconv3/separable_conv2d,4,2636.809,659.20225,2636.809,659.20225,0.0014082483710629377,0.8318519211511802,0.0,0.0
142,Device,Conv2D,xception/block12_sepconv2/separable_conv2d,4,2636.808,659.202,2636.808,659.202,0.0014082478369899839,0.8332601689881702,0.0,0.0
143,Device,Conv2D,xception/block9_sepconv3/separable_conv2d,4,2634.762,658.6905,2634.762,658.6905,0.001407155123726644,0.8346673241118969,0.0,0.0
144,Device,Conv2D,xception/block7_sepconv2/separable_conv2d,4,2634.761,658.69025,2634.761,658.69025,0.0014071545896536901,0.8360744787015506,0.0,0.0
145,Device,Conv2D,xception/block6_sepconv1/separable_conv2d,4,2634.76,658.69,2634.76,658.69,0.0014071540555807365,0.8374816327571314,0.0,0.0
146,Device,Conv2D,xception/block7_sepconv1/separable_conv2d,4,2633.738,658.4345,2633.738,658.4345,0.0014066082330220198,0.8388882409901534,0.0,0.0
147,Device,Conv2D,xception/block9_sepconv2/separable_conv2d,4,2633.736,658.434,2633.736,658.434,0.0014066071648761124,0.8402948481550294,0.0,0.0
148,Device,Conv2D,xception/block12_sepconv3/separable_conv2d,4,2631.69,657.9225,2631.69,657.9225,0.0014055144516127724,0.8417003626066422,0.0,0.0
149,Device,Conv2D,xception/block8_sepconv1/separable_conv2d,4,2631.688,657.922,2631.688,657.922,0.001405513383466865,0.843105875990109,0.0,0.0
150,Device,Conv2D,xception/block12_sepconv1/separable_conv2d,4,2630.666,657.6665,2630.666,657.6665,0.0014049675609081485,0.8445108435510171,0.0,0.0
151,Device,Conv2D,xception/block10_sepconv2/separable_conv2d,4,2630.665,657.66625,2630.665,657.66625,0.0014049670268351947,0.8459158105778524,0.0,0.0
152,Device,Conv2D,xception/block9_sepconv1/separable_conv2d,4,2630.665,657.66625,2630.665,657.66625,0.0014049670268351947,0.8473207776046876,0.0,0.0
153,Device,Conv2D,xception/block5_sepconv3/separable_conv2d,4,2630.664,657.666,2630.664,657.666,0.001404966492762241,0.8487257440974498,0.0,0.0
154,Device,ReluGrad,gradient_tape/xception/block3_sepconv1_act/ReluGrad,2,2626.569,1313.2845,2626.569,1313.2845,0.0014027794640166995,0.8501285235614665,0.0,0.0
155,Device,Conv2D,xception/block8_sepconv2/separable_conv2d,4,2624.522,656.1305,2624.522,656.1305,0.0014016862166804055,0.8515302097781469,0.0,0.0
156,Device,DepthwiseConv2dNative,xception/block4_sepconv2/separable_conv2d/depthwise,2,2567.176,1283.588,2567.176,1283.588,0.0013710592690755637,0.8529012690472224,0.0,0.0
157,Device,AddN,SGD/gradients/AddN_10,2,2526.217,1263.1085,2526.217,1263.1085,0.0013491841749635645,0.854250453222186,0.0,0.0
158,Device,FusedBatchNormGradV3,gradient_tape/xception/block13_sepconv2_bn/FusedBatchNormGradV3,2,2496.52,1248.26,2496.52,1248.26,0.0013333238104565196,0.8555837770326424,0.0,0.0
159,Device,FusedBatchNormGradV3,gradient_tape/xception/batch_normalization_1/FusedBatchNormGradV3,2,2450.44,1225.22,2450.44,1225.22,0.0013087137287484474,0.8568924907613908,0.0,0.0
160,Device,AddV2,xception/add/add,2,2421.768,1210.884,2421.768,1210.884,0.0012934007890189802,0.8581858915504098,0.0,0.0
161,Device,Relu,xception/block4_sepconv2_act/Relu,2,2391.049,1195.5245,2391.049,1195.5245,0.0012769946019532193,0.859462886152363,0.0,0.0
162,Device,Conv2D,xception/block14_sepconv1/separable_conv2d,4,2229.256,557.314,2229.256,557.314,0.0011905853365497007,0.8606534714889127,0.0,0.0
163,Device,Conv2DBackpropInput,gradient_tape/xception/block14_sepconv1/separable_conv2d/Conv2DBackpropInput,4,2126.854,531.7135,2126.854,531.7135,0.0011358951979414107,0.8617893666868541,0.0,0.0
164,Device,Conv2DBackpropInput,gradient_tape/xception/conv2d_3/Conv2D/Conv2DBackpropInput,2,2113.544,1056.772,2113.544,1056.772,0.0011287866869272084,0.8629181533737813,0.0,0.0
165,Device,MaxPool,xception/block3_pool/MaxPool,2,2078.728,1039.364,2078.728,1039.364,0.0011101924029699984,0.8640283457767512,0.0,0.0
166,Device,DepthwiseConv2dNative,xception/block3_sepconv1/separable_conv2d/depthwise,2,2057.223,1028.6115,2057.223,1028.6115,0.0010987071640999441,0.8651270529408512,0.0,0.0
167,Device,Conv2D,xception/conv2d_1/Conv2D,2,2051.079,1025.5395,2051.079,1025.5395,0.0010954258198722013,0.8662224787607234,0.0,0.0
168,Device,Conv2DBackpropInput,gradient_tape/xception/conv2d_2/Conv2D/Conv2DBackpropInput,2,2000.902,1000.451,2000.902,1000.451,0.00106862764127268,0.8672911064019961,0.0,0.0
169,Device,Conv2DBackpropFilter,gradient_tape/xception/block14_sepconv1/separable_conv2d/Conv2DBackpropFilter,4,1924.104,481.026,1924.104,481.026,0.0010276119065718006,0.8683187183085679,0.0,0.0
170,Device,Conv2DBackpropFilter,gradient_tape/xception/conv2d_1/Conv2D/Conv2DBackpropFilter,2,1898.502,949.251,1898.502,949.251,0.0010139385708102973,0.8693326568793782,0.0,0.0
171,Device,Conv2D,xception/conv2d_2/Conv2D,4,1809.415,452.35375,1809.415,452.35375,0.0009663596135809781,0.8702990164929592,0.0,0.0
172,Device,Conv2DBackpropFilter,gradient_tape/xception/conv2d_3/Conv2D/Conv2DBackpropFilter,4,1771.526,442.8815,1771.526,442.8815,0.0009461241234369429,0.8712451406163961,0.0,0.0
173,Device,FusedBatchNormGradV3,gradient_tape/xception/block10_sepconv1_bn/FusedBatchNormGradV3,2,1746.95,873.475,1746.95,873.475,0.000932998746525971,0.8721781393629221,0.0,0.0
174,Device,FusedBatchNormGradV3,gradient_tape/xception/block10_sepconv2_bn/FusedBatchNormGradV3,2,1746.95,873.475,1746.95,873.475,0.000932998746525971,0.8731111381094481,0.0,0.0
175,Device,FusedBatchNormGradV3,gradient_tape/xception/block5_sepconv2_bn/FusedBatchNormGradV3,2,1746.95,873.475,1746.95,873.475,0.000932998746525971,0.874044136855974,0.0,0.0
176,Device,FusedBatchNormGradV3,gradient_tape/xception/block8_sepconv2_bn/FusedBatchNormGradV3,2,1744.902,872.451,1744.902,872.451,0.0009319049651167233,0.8749760418210908,0.0,0.0
177,Device,FusedBatchNormGradV3,gradient_tape/xception/batch_normalization_2/FusedBatchNormGradV3,2,1743.878,871.939,1743.878,871.939,0.0009313580744120995,0.8759073998955029,0.0,0.0
178,Device,FusedBatchNormGradV3,gradient_tape/xception/block8_sepconv1_bn/FusedBatchNormGradV3,2,1743.878,871.939,1743.878,871.939,0.0009313580744120995,0.8768387579699151,0.0,0.0
179,Device,FusedBatchNormGradV3,gradient_tape/xception/block6_sepconv2_bn/FusedBatchNormGradV3,2,1740.806,870.403,1740.806,870.403,0.0009297174022982281,0.8777684753722133,0.0,0.0
180,Device,FusedBatchNormGradV3,gradient_tape/xception/block9_sepconv1_bn/FusedBatchNormGradV3,2,1740.806,870.403,1740.806,870.403,0.0009297174022982281,0.8786981927745114,0.0,0.0
181,Device,FusedBatchNormGradV3,gradient_tape/xception/block7_sepconv2_bn/FusedBatchNormGradV3,2,1738.759,869.3795,1738.759,869.3795,0.0009286241549619341,0.8796268169294734,0.0,0.0
182,Device,FusedBatchNormGradV3,gradient_tape/xception/block5_sepconv1_bn/FusedBatchNormGradV3,2,1738.758,869.379,1738.758,869.379,0.0009286236208889804,0.8805554405503624,0.0,0.0
183,Device,FusedBatchNormGradV3,gradient_tape/xception/block6_sepconv1_bn/FusedBatchNormGradV3,2,1738.758,869.379,1738.758,869.379,0.0009286236208889804,0.8814840641712514,0.0,0.0
184,Device,FusedBatchNormGradV3,gradient_tape/xception/block9_sepconv2_bn/FusedBatchNormGradV3,2,1736.71,868.355,1736.71,868.355,0.0009275298394797328,0.8824115940107311,0.0,0.0
185,Device,FusedBatchNormGradV3,gradient_tape/xception/block5_sepconv3_bn/FusedBatchNormGradV3,2,1735.686,867.843,1735.686,867.843,0.0009269829487751088,0.8833385769595062,0.0,0.0
186,Device,FusedBatchNormGradV3,gradient_tape/xception/block6_sepconv3_bn/FusedBatchNormGradV3,2,1733.638,866.819,1733.638,866.819,0.0009258891673658611,0.8842644661268722,0.0,0.0
187,Device,FusedBatchNormGradV3,gradient_tape/xception/block7_sepconv1_bn/FusedBatchNormGradV3,2,1733.638,866.819,1733.638,866.819,0.0009258891673658611,0.8851903552942381,0.0,0.0
188,Device,FusedBatchNormGradV3,gradient_tape/xception/block12_sepconv1_bn/FusedBatchNormGradV3,2,1732.614,866.307,1732.614,866.307,0.0009253422766612374,0.8861156975708993,0.0,0.0
189,Device,FusedBatchNormGradV3,gradient_tape/xception/block13_sepconv1_bn/FusedBatchNormGradV3,2,1732.614,866.307,1732.614,866.307,0.0009253422766612374,0.8870410398475604,0.0,0.0
190,Device,FusedBatchNormGradV3,gradient_tape/xception/block10_sepconv3_bn/FusedBatchNormGradV3,2,1731.591,865.7955,1731.591,865.7955,0.0009247959200295672,0.88796583576759,0.0,0.0
191,Device,FusedBatchNormGradV3,gradient_tape/xception/block12_sepconv3_bn/FusedBatchNormGradV3,2,1731.59,865.795,1731.59,865.795,0.0009247953859566135,0.8888906311535466,0.0,0.0
192,Device,FusedBatchNormGradV3,gradient_tape/xception/block9_sepconv3_bn/FusedBatchNormGradV3,2,1728.518,864.259,1728.518,864.259,0.0009231547138427421,0.8898137858673894,0.0,0.0
193,Device,FusedBatchNormGradV3,gradient_tape/xception/block11_sepconv2_bn/FusedBatchNormGradV3,2,1727.494,863.747,1727.494,863.747,0.0009226078231381182,0.8907363936905275,0.0,0.0
194,Device,FusedBatchNormGradV3,gradient_tape/xception/block11_sepconv3_bn/FusedBatchNormGradV3,2,1726.47,863.235,1726.47,863.235,0.0009220609324334945,0.891658454622961,0.0,0.0
195,Device,FusedBatchNormGradV3,gradient_tape/xception/block12_sepconv2_bn/FusedBatchNormGradV3,2,1726.47,863.235,1726.47,863.235,0.0009220609324334945,0.8925805155553945,0.0,0.0
196,Device,FusedBatchNormGradV3,gradient_tape/xception/block7_sepconv3_bn/FusedBatchNormGradV3,2,1726.47,863.235,1726.47,863.235,0.0009220609324334945,0.893502576487828,0.0,0.0
197,Device,FusedBatchNormGradV3,gradient_tape/xception/block11_sepconv1_bn/FusedBatchNormGradV3,2,1723.398,861.699,1723.398,861.699,0.0009204202603196229,0.8944229967481476,0.0,0.0
198,Device,FusedBatchNormGradV3,gradient_tape/xception/block8_sepconv3_bn/FusedBatchNormGradV3,2,1722.374,861.187,1722.374,861.187,0.0009198733696149992,0.8953428701177626,0.0,0.0
199,Device,Relu,xception/block1_conv1_act/Relu,2,1654.79,827.395,1654.79,827.395,0.0008837785831098266,0.8962266487008724,0.0,0.0
200,Device,Relu,xception/block3_sepconv1_act/Relu,2,1620.998,810.499,1620.998,810.499,0.0008657311898572403,0.8970923798907297,0.0,0.0
201,Device,DepthwiseConv2dNativeBackpropInput,gradient_tape/xception/block4_sepconv1/separable_conv2d/DepthwiseConv2dNativeBackpropInput,2,1618.95,809.475,1618.95,809.475,0.0008646374084479927,0.8979570172991777,0.0,0.0
202,Device,Conv2D,xception/conv2d_3/Conv2D,2,1608.71,804.355,1608.71,804.355,0.0008591685014017544,0.8988161858005794,0.0,0.0
203,Device,MaxPool,xception/block4_pool/MaxPool,2,1504.262,752.131,1504.262,752.131,0.000803385649530124,0.8996195714501095,0.0,0.0
204,Device,Conv2DBackpropFilter,gradient_tape/xception/conv2d_2/Conv2D/Conv2DBackpropFilter,2,1483.782,741.891,1483.782,741.891,0.0007924478354376474,0.9004120192855471,0.0,0.0
205,Device,FusedBatchNormV3,xception/block13_sepconv2_bn/FusedBatchNormV3,4,1459.206,364.8015,1459.206,364.8015,0.0007793224585266755,0.9011913417440738,0.0,0.0
206,Device,DepthwiseConv2dNativeBackpropFilter,gradient_tape/xception/block4_sepconv1/separable_conv2d/DepthwiseConv2dNativeBackpropFilter,2,1456.134,728.067,1456.134,728.067,0.0007776817864128041,0.9019690235304866,0.0,0.0
207,Device,FusedBatchNormV3,xception/batch_normalization_1/FusedBatchNormV3,4,1408.005,352.00125,1408.005,352.00125,0.0007519773892225306,0.9027210009197091,0.0,0.0
208,Device,Conv2D,xception/block1_conv1/Conv2D,2,1333.252,666.626,1333.252,666.626,0.0007120538337120375,0.9034330547534212,0.0,0.0
209,Device,ReluGrad,gradient_tape/xception/block4_sepconv1_act/ReluGrad,2,1326.084,663.042,1326.084,663.042,0.0007082255987796707,0.9041412803522009,0.0,0.0
210,Device,AddN,SGD/gradients/AddN_9,2,1310.724,655.362,1310.724,655.362,0.0007000222382103133,0.9048413025904112,0.0,0.0
211,Device,AddV2,xception/add_1/add,2,1250.308,625.154,1250.308,625.154,0.0006677556866375075,0.9055090582770486,0.0,0.0
212,Device,FusedBatchNormGradV3,gradient_tape/xception/block14_sepconv2_bn/FusedBatchNormGradV3,2,1179.652,589.826,1179.652,589.826,0.0006300202280184635,0.9061390785050671,0.0,0.0
213,Device,DepthwiseConv2dNativeBackpropInput,gradient_tape/xception/block9_sepconv1/separable_conv2d/DepthwiseConv2dNativeBackpropInput,2,1160.196,580.098,1160.196,580.098,0.0006196293046306107,0.9067587078096978,0.0,0.0
214,Device,DepthwiseConv2dNativeBackpropInput,gradient_tape/xception/block9_sepconv3/separable_conv2d/DepthwiseConv2dNativeBackpropInput,2,1158.148,579.074,1158.148,579.074,0.0006185355232213631,0.9073772433329191,0.0,0.0
215,Device,DepthwiseConv2dNativeBackpropInput,gradient_tape/xception/block13_sepconv1/separable_conv2d/DepthwiseConv2dNativeBackpropInput,2,1156.1,578.05,1156.1,578.05,0.0006174417418121154,0.9079946850747312,0.0,0.0
216,Device,DepthwiseConv2dNativeBackpropInput,gradient_tape/xception/block5_sepconv2/separable_conv2d/DepthwiseConv2dNativeBackpropInput,2,1156.1,578.05,1156.1,578.05,0.0006174417418121154,0.9086121268165434,0.0,0.0
217,Device,DepthwiseConv2dNativeBackpropInput,gradient_tape/xception/block8_sepconv1/separable_conv2d/DepthwiseConv2dNativeBackpropInput,2,1156.1,578.05,1156.1,578.05,0.0006174417418121154,0.9092295685583555,0.0,0.0
218,Device,DepthwiseConv2dNativeBackpropInput,gradient_tape/xception/block5_sepconv3/separable_conv2d/DepthwiseConv2dNativeBackpropInput,2,1155.076,577.538,1155.076,577.538,0.0006168948511074917,0.909846463409463,0.0,0.0
219,Device,DepthwiseConv2dNativeBackpropInput,gradient_tape/xception/block6_sepconv1/separable_conv2d/DepthwiseConv2dNativeBackpropInput,2,1155.076,577.538,1155.076,577.538,0.0006168948511074917,0.9104633582605705,0.0,0.0
220,Device,DepthwiseConv2dNativeBackpropInput,gradient_tape/xception/block6_sepconv2/separable_conv2d/DepthwiseConv2dNativeBackpropInput,2,1155.076,577.538,1155.076,577.538,0.0006168948511074917,0.911080253111678,0.0,0.0
221,Device,DepthwiseConv2dNativeBackpropInput,gradient_tape/xception/block9_sepconv2/separable_conv2d/DepthwiseConv2dNativeBackpropInput,2,1154.053,577.0265,1154.053,577.0265,0.0006163484944758216,0.9116966016061537,0.0,0.0
222,Device,DepthwiseConv2dNativeBackpropInput,gradient_tape/xception/block10_sepconv2/separable_conv2d/DepthwiseConv2dNativeBackpropInput,2,1153.028,576.514,1153.028,576.514,0.0006158010696982439,0.912312402675852,0.0,0.0
223,Device,DepthwiseConv2dNativeBackpropInput,gradient_tape/xception/block10_sepconv3/separable_conv2d/DepthwiseConv2dNativeBackpropInput,2,1153.028,576.514,1153.028,576.514,0.0006158010696982439,0.9129282037455503,0.0,0.0
224,Device,DepthwiseConv2dNativeBackpropInput,gradient_tape/xception/block11_sepconv3/separable_conv2d/DepthwiseConv2dNativeBackpropInput,2,1153.028,576.514,1153.028,576.514,0.0006158010696982439,0.9135440048152486,0.0,0.0
225,Device,DepthwiseConv2dNativeBackpropInput,gradient_tape/xception/block12_sepconv1/separable_conv2d/DepthwiseConv2dNativeBackpropInput,2,1153.028,576.514,1153.028,576.514,0.0006158010696982439,0.9141598058849468,0.0,0.0
226,Device,DepthwiseConv2dNativeBackpropInput,gradient_tape/xception/block6_sepconv3/separable_conv2d/DepthwiseConv2dNativeBackpropInput,2,1153.028,576.514,1153.028,576.514,0.0006158010696982439,0.9147756069546451,0.0,0.0
227,Device,DepthwiseConv2dNativeBackpropInput,gradient_tape/xception/block7_sepconv1/separable_conv2d/DepthwiseConv2dNativeBackpropInput,2,1153.028,576.514,1153.028,576.514,0.0006158010696982439,0.9153914080243434,0.0,0.0
228,Device,DepthwiseConv2dNativeBackpropInput,gradient_tape/xception/block12_sepconv3/separable_conv2d/DepthwiseConv2dNativeBackpropInput,2,1152.005,576.0025,1152.005,576.0025,0.0006152547130665739,0.9160066627374099,0.0,0.0
229,Device,DepthwiseConv2dNativeBackpropInput,gradient_tape/xception/block13_sepconv2/separable_conv2d/DepthwiseConv2dNativeBackpropInput,2,1152.004,576.002,1152.004,576.002,0.00061525417899362,0.9166219169164036,0.0,0.0
230,Device,DepthwiseConv2dNativeBackpropInput,gradient_tape/xception/block8_sepconv3/separable_conv2d/DepthwiseConv2dNativeBackpropInput,2,1152.004,576.002,1152.004,576.002,0.00061525417899362,0.9172371710953973,0.0,0.0
231,Device,DepthwiseConv2dNativeBackpropInput,gradient_tape/xception/block10_sepconv1/separable_conv2d/DepthwiseConv2dNativeBackpropInput,2,1150.98,575.49,1150.98,575.49,0.0006147072882889963,0.9178518783836863,0.0,0.0
232,Device,DepthwiseConv2dNativeBackpropInput,gradient_tape/xception/block11_sepconv1/separable_conv2d/DepthwiseConv2dNativeBackpropInput,2,1150.98,575.49,1150.98,575.49,0.0006147072882889963,0.9184665856719754,0.0,0.0
233,Device,DepthwiseConv2dNativeBackpropInput,gradient_tape/xception/block11_sepconv2/separable_conv2d/DepthwiseConv2dNativeBackpropInput,2,1150.98,575.49,1150.98,575.49,0.0006147072882889963,0.9190812929602644,0.0,0.0
234,Device,DepthwiseConv2dNativeBackpropInput,gradient_tape/xception/block7_sepconv2/separable_conv2d/DepthwiseConv2dNativeBackpropInput,2,1150.98,575.49,1150.98,575.49,0.0006147072882889963,0.9196960002485535,0.0,0.0
235,Device,DepthwiseConv2dNativeBackpropInput,gradient_tape/xception/block7_sepconv3/separable_conv2d/DepthwiseConv2dNativeBackpropInput,2,1149.956,574.978,1149.956,574.978,0.0006141603975843724,0.9203101606461378,0.0,0.0
236,Device,DepthwiseConv2dNativeBackpropInput,gradient_tape/xception/block8_sepconv2/separable_conv2d/DepthwiseConv2dNativeBackpropInput,2,1149.956,574.978,1149.956,574.978,0.0006141603975843724,0.9209243210437221,0.0,0.0
237,Device,DepthwiseConv2dNativeBackpropInput,gradient_tape/xception/block12_sepconv2/separable_conv2d/DepthwiseConv2dNativeBackpropInput,2,1148.932,574.466,1148.932,574.466,0.0006136135068797486,0.9215379345506018,0.0,0.0
238,Device,DepthwiseConv2dNativeBackpropInput,gradient_tape/xception/block5_sepconv1/separable_conv2d/DepthwiseConv2dNativeBackpropInput,2,1148.932,574.466,1148.932,574.466,0.0006136135068797486,0.9221515480574816,0.0,0.0
239,Device,MaxPoolGrad,gradient_tape/xception/block13_pool/MaxPool/MaxPoolGrad,2,1124.356,562.178,1124.356,562.178,0.0006004881299687768,0.9227520361874504,0.0,0.0
240,Device,DepthwiseConv2dNativeBackpropFilter,gradient_tape/xception/block13_sepconv1/separable_conv2d/DepthwiseConv2dNativeBackpropFilter,2,1100.803,550.4015,1100.803,550.4015,0.0005879091096894751,0.9233399452971398,0.0,0.0
241,Device,DepthwiseConv2dNativeBackpropFilter,gradient_tape/xception/block10_sepconv1/separable_conv2d/DepthwiseConv2dNativeBackpropFilter,2,1099.78,549.89,1099.78,549.89,0.0005873627530578049,0.9239273080501976,0.0,0.0
242,Device,DepthwiseConv2dNativeBackpropFilter,gradient_tape/xception/block11_sepconv1/separable_conv2d/DepthwiseConv2dNativeBackpropFilter,2,1099.78,549.89,1099.78,549.89,0.0005873627530578049,0.9245146708032554,0.0,0.0
243,Device,DepthwiseConv2dNativeBackpropFilter,gradient_tape/xception/block12_sepconv1/separable_conv2d/DepthwiseConv2dNativeBackpropFilter,2,1099.78,549.89,1099.78,549.89,0.0005873627530578049,0.9251020335563133,0.0,0.0
244,Device,DepthwiseConv2dNativeBackpropFilter,gradient_tape/xception/block13_sepconv2/separable_conv2d/DepthwiseConv2dNativeBackpropFilter,2,1099.78,549.89,1099.78,549.89,0.0005873627530578049,0.9256893963093711,0.0,0.0
245,Device,DepthwiseConv2dNativeBackpropFilter,gradient_tape/xception/block9_sepconv1/separable_conv2d/DepthwiseConv2dNativeBackpropFilter,2,1099.78,549.89,1099.78,549.89,0.0005873627530578049,0.9262767590624289,0.0,0.0
246,Device,DepthwiseConv2dNativeBackpropFilter,gradient_tape/xception/block9_sepconv2/separable_conv2d/DepthwiseConv2dNativeBackpropFilter,2,1099.778,549.889,1099.778,549.889,0.0005873616849118975,0.9268641207473408,0.0,0.0
247,Device,DepthwiseConv2dNativeBackpropFilter,gradient_tape/xception/block7_sepconv2/separable_conv2d/DepthwiseConv2dNativeBackpropFilter,2,1098.756,549.378,1098.756,549.378,0.0005868158623531811,0.927450936609694,0.0,0.0
248,Device,DepthwiseConv2dNativeBackpropFilter,gradient_tape/xception/block7_sepconv3/separable_conv2d/DepthwiseConv2dNativeBackpropFilter,2,1098.756,549.378,1098.756,549.378,0.0005868158623531811,0.9280377524720472,0.0,0.0
249,Device,DepthwiseConv2dNativeBackpropFilter,gradient_tape/xception/block8_sepconv1/separable_conv2d/DepthwiseConv2dNativeBackpropFilter,2,1098.756,549.378,1098.756,549.378,0.0005868158623531811,0.9286245683344004,0.0,0.0
250,Device,DepthwiseConv2dNativeBackpropFilter,gradient_tape/xception/block8_sepconv2/separable_conv2d/DepthwiseConv2dNativeBackpropFilter,2,1098.756,549.378,1098.756,549.378,0.0005868158623531811,0.9292113841967536,0.0,0.0
251,Device,DepthwiseConv2dNativeBackpropFilter,gradient_tape/xception/block5_sepconv1/separable_conv2d/DepthwiseConv2dNativeBackpropFilter,2,1098.755,549.3775,1098.755,549.3775,0.0005868153282802274,0.9297981995250338,0.0,0.0
252,Device,DepthwiseConv2dNativeBackpropFilter,gradient_tape/xception/block10_sepconv3/separable_conv2d/DepthwiseConv2dNativeBackpropFilter,2,1097.732,548.866,1097.732,548.866,0.0005862689716485573,0.9303844684966824,0.0,0.0
253,Device,DepthwiseConv2dNativeBackpropFilter,gradient_tape/xception/block11_sepconv3/separable_conv2d/DepthwiseConv2dNativeBackpropFilter,2,1097.732,548.866,1097.732,548.866,0.0005862689716485573,0.930970737468331,0.0,0.0
254,Device,DepthwiseConv2dNativeBackpropFilter,gradient_tape/xception/block5_sepconv2/separable_conv2d/DepthwiseConv2dNativeBackpropFilter,2,1097.732,548.866,1097.732,548.866,0.0005862689716485573,0.9315570064399796,0.0,0.0
255,Device,DepthwiseConv2dNativeBackpropFilter,gradient_tape/xception/block6_sepconv2/separable_conv2d/DepthwiseConv2dNativeBackpropFilter,2,1097.732,548.866,1097.732,548.866,0.0005862689716485573,0.9321432754116282,0.0,0.0
256,Device,DepthwiseConv2dNativeBackpropFilter,gradient_tape/xception/block6_sepconv3/separable_conv2d/DepthwiseConv2dNativeBackpropFilter,2,1097.732,548.866,1097.732,548.866,0.0005862689716485573,0.9327295443832768,0.0,0.0
257,Device,DepthwiseConv2dNativeBackpropFilter,gradient_tape/xception/block7_sepconv1/separable_conv2d/DepthwiseConv2dNativeBackpropFilter,2,1097.732,548.866,1097.732,548.866,0.0005862689716485573,0.9333158133549254,0.0,0.0
258,Device,DepthwiseConv2dNativeBackpropFilter,gradient_tape/xception/block8_sepconv3/separable_conv2d/DepthwiseConv2dNativeBackpropFilter,2,1097.732,548.866,1097.732,548.866,0.0005862689716485573,0.933902082326574,0.0,0.0
259,Device,DepthwiseConv2dNativeBackpropFilter,gradient_tape/xception/block6_sepconv1/separable_conv2d/DepthwiseConv2dNativeBackpropFilter,2,1097.731,548.8655,1097.731,548.8655,0.0005862684375756036,0.9344883507641496,0.0,0.0
260,Device,DepthwiseConv2dNativeBackpropFilter,gradient_tape/xception/block12_sepconv2/separable_conv2d/DepthwiseConv2dNativeBackpropFilter,2,1096.708,548.354,1096.708,548.354,0.0005857220809439335,0.9350740728450936,0.0,0.0
261,Device,DepthwiseConv2dNativeBackpropFilter,gradient_tape/xception/block9_sepconv3/separable_conv2d/DepthwiseConv2dNativeBackpropFilter,2,1096.708,548.354,1096.708,548.354,0.0005857220809439335,0.9356597949260376,0.0,0.0
262,Device,DepthwiseConv2dNativeBackpropFilter,gradient_tape/xception/block12_sepconv3/separable_conv2d/DepthwiseConv2dNativeBackpropFilter,2,1096.707,548.3535,1096.707,548.3535,0.0005857215468709798,0.9362455164729085,0.0,0.0
263,Device,DepthwiseConv2dNativeBackpropFilter,gradient_tape/xception/block5_sepconv3/separable_conv2d/DepthwiseConv2dNativeBackpropFilter,2,1096.707,548.3535,1096.707,548.3535,0.0005857215468709798,0.9368312380197795,0.0,0.0
264,Device,DepthwiseConv2dNativeBackpropFilter,gradient_tape/xception/block10_sepconv2/separable_conv2d/DepthwiseConv2dNativeBackpropFilter,2,1094.66,547.33,1094.66,547.33,0.0005846282995346859,0.9374158663193142,0.0,0.0
265,Device,DepthwiseConv2dNativeBackpropFilter,gradient_tape/xception/block11_sepconv2/separable_conv2d/DepthwiseConv2dNativeBackpropFilter,2,1092.612,546.306,1092.612,546.306,0.0005835345181254382,0.9379994008374396,0.0,0.0
266,Device,FusedBatchNormV3,xception/block10_sepconv2_bn/FusedBatchNormV3,4,1042.435,260.60875,1042.435,260.60875,0.0005567363395259169,0.9385561371769655,0.0,0.0
267,Device,FusedBatchNormV3,xception/batch_normalization_2/FusedBatchNormV3,4,1041.412,260.353,1041.412,260.353,0.0005561899828942468,0.9391123271598597,0.0,0.0
268,Device,FusedBatchNormV3,xception/block11_sepconv1_bn/FusedBatchNormV3,4,1040.388,260.097,1040.388,260.097,0.000555643092189623,0.9396679702520493,0.0,0.0
269,Device,FusedBatchNormV3,xception/block7_sepconv1_bn/FusedBatchNormV3,4,1040.388,260.097,1040.388,260.097,0.000555643092189623,0.9402236133442389,0.0,0.0
270,Device,FusedBatchNormV3,xception/block5_sepconv2_bn/FusedBatchNormV3,4,1040.387,260.09675,1040.387,260.09675,0.0005556425581166693,0.9407792559023556,0.0,0.0
271,Device,FusedBatchNormV3,xception/block6_sepconv1_bn/FusedBatchNormV3,4,1040.387,260.09675,1040.387,260.09675,0.0005556425581166693,0.9413348984604722,0.0,0.0
272,Device,FusedBatchNormV3,xception/block5_sepconv1_bn/FusedBatchNormV3,4,1039.364,259.841,1039.364,259.841,0.0005550962014849992,0.9418899946619572,0.0,0.0
273,Device,FusedBatchNormV3,xception/block9_sepconv3_bn/FusedBatchNormV3,4,1039.364,259.841,1039.364,259.841,0.0005550962014849992,0.9424450908634422,0.0,0.0
274,Device,FusedBatchNormV3,xception/block10_sepconv1_bn/FusedBatchNormV3,4,1038.34,259.585,1038.34,259.585,0.0005545493107803753,0.9429996401742226,0.0,0.0
275,Device,FusedBatchNormV3,xception/block8_sepconv1_bn/FusedBatchNormV3,4,1038.34,259.585,1038.34,259.585,0.0005545493107803753,0.9435541894850029,0.0,0.0
276,Device,FusedBatchNormV3,xception/block9_sepconv1_bn/FusedBatchNormV3,4,1038.339,259.58475,1038.339,259.58475,0.0005545487767074216,0.9441087382617104,0.0,0.0
277,Device,FusedBatchNormV3,xception/block5_sepconv3_bn/FusedBatchNormV3,4,1037.316,259.329,1037.316,259.329,0.0005540024200757516,0.9446627406817861,0.0,0.0
278,Device,FusedBatchNormV3,xception/block7_sepconv3_bn/FusedBatchNormV3,4,1037.316,259.329,1037.316,259.329,0.0005540024200757516,0.9452167431018619,0.0,0.0
279,Device,FusedBatchNormV3,xception/block8_sepconv3_bn/FusedBatchNormV3,4,1037.316,259.329,1037.316,259.329,0.0005540024200757516,0.9457707455219376,0.0,0.0
280,Device,FusedBatchNormV3,xception/block13_sepconv1_bn/FusedBatchNormV3,4,1037.315,259.32875,1037.315,259.32875,0.0005540018860027979,0.9463247474079405,0.0,0.0
281,Device,FusedBatchNormV3,xception/block11_sepconv2_bn/FusedBatchNormV3,4,1036.292,259.073,1036.292,259.073,0.0005534555293711277,0.9468782029373116,0.0,0.0
282,Device,FusedBatchNormV3,xception/block12_sepconv2_bn/FusedBatchNormV3,4,1036.292,259.073,1036.292,259.073,0.0005534555293711277,0.9474316584666828,0.0,0.0
283,Device,FusedBatchNormV3,xception/block12_sepconv3_bn/FusedBatchNormV3,4,1036.292,259.073,1036.292,259.073,0.0005534555293711277,0.9479851139960539,0.0,0.0
284,Device,FusedBatchNormV3,xception/block10_sepconv3_bn/FusedBatchNormV3,4,1035.268,258.817,1035.268,258.817,0.0005529086386665039,0.9485380226347204,0.0,0.0
285,Device,FusedBatchNormV3,xception/block6_sepconv2_bn/FusedBatchNormV3,4,1035.268,258.817,1035.268,258.817,0.0005529086386665039,0.949090931273387,0.0,0.0
286,Device,FusedBatchNormV3,xception/block8_sepconv2_bn/FusedBatchNormV3,4,1035.268,258.817,1035.268,258.817,0.0005529086386665039,0.9496438399120535,0.0,0.0
287,Device,FusedBatchNormV3,xception/block11_sepconv3_bn/FusedBatchNormV3,4,1035.267,258.81675,1035.267,258.81675,0.0005529081045935501,0.950196748016647,0.0,0.0
288,Device,FusedBatchNormV3,xception/block12_sepconv1_bn/FusedBatchNormV3,4,1035.267,258.81675,1035.267,258.81675,0.0005529081045935501,0.9507496561212405,0.0,0.0
289,Device,FusedBatchNormV3,xception/block6_sepconv3_bn/FusedBatchNormV3,4,1035.267,258.81675,1035.267,258.81675,0.0005529081045935501,0.951302564225834,0.0,0.0
290,Device,FusedBatchNormV3,xception/block7_sepconv2_bn/FusedBatchNormV3,4,1035.267,258.81675,1035.267,258.81675,0.0005529081045935501,0.9518554723304276,0.0,0.0
291,Device,FusedBatchNormV3,xception/block9_sepconv2_bn/FusedBatchNormV3,4,1034.244,258.561,1034.244,258.561,0.00055236174796188,0.9524078340783895,0.0,0.0
292,Device,ReluGrad,gradient_tape/xception/block12_sepconv1_act/ReluGrad,2,967.684,483.842,967.684,483.842,0.0005168138521613313,0.9529246479305508,0.0,0.0
293,Device,ReluGrad,gradient_tape/xception/block10_sepconv2_act/ReluGrad,2,967.682,483.841,967.682,483.841,0.0005168127840154238,0.9534414607145661,0.0,0.0
294,Device,ReluGrad,gradient_tape/xception/block13_sepconv2_act/ReluGrad,2,966.66,483.33,966.66,483.33,0.0005162669614567075,0.9539577276760228,0.0,0.0
295,Device,ReluGrad,gradient_tape/xception/block8_sepconv2_act/ReluGrad,2,966.66,483.33,966.66,483.33,0.0005162669614567075,0.9544739946374795,0.0,0.0
296,Device,ReluGrad,gradient_tape/xception/block11_sepconv1_act/ReluGrad,2,965.636,482.818,965.636,482.818,0.0005157200707520837,0.9549897147082316,0.0,0.0
297,Device,ReluGrad,gradient_tape/xception/block7_sepconv1_act/ReluGrad,2,961.538,480.769,961.538,480.769,0.0005135314397876809,0.9555032461480193,0.0,0.0
298,Device,ReluGrad,gradient_tape/xception/block12_sepconv2_act/ReluGrad,2,960.516,480.258,960.516,480.258,0.0005129856172289645,0.9560162317652483,0.0,0.0
299,Device,ReluGrad,gradient_tape/xception/block5_sepconv3_act/ReluGrad,2,960.514,480.257,960.514,480.257,0.0005129845490830571,0.9565292163143314,0.0,0.0
300,Device,ReluGrad,gradient_tape/xception/block6_sepconv2_act/ReluGrad,2,959.492,479.746,959.492,479.746,0.0005124387265243406,0.9570416550408557,0.0,0.0
301,Device,ReluGrad,gradient_tape/xception/block11_sepconv3_act/ReluGrad,2,958.468,479.234,958.468,479.234,0.0005118918358197168,0.9575535468766754,0.0,0.0
302,Device,ReluGrad,gradient_tape/xception/block5_sepconv1_act/ReluGrad,2,958.468,479.234,958.468,479.234,0.0005118918358197168,0.958065438712495,0.0,0.0
303,Device,ReluGrad,gradient_tape/xception/block8_sepconv3_act/ReluGrad,2,958.468,479.234,958.468,479.234,0.0005118918358197168,0.9585773305483147,0.0,0.0
304,Device,ReluGrad,gradient_tape/xception/block5_sepconv2_act/ReluGrad,2,957.444,478.722,957.444,478.722,0.000511344945115093,0.9590886754934298,0.0,0.0
305,Device,ReluGrad,gradient_tape/xception/block9_sepconv1_act/ReluGrad,2,957.444,478.722,957.444,478.722,0.000511344945115093,0.9596000204385449,0.0,0.0
306,Device,ReluGrad,gradient_tape/xception/block7_sepconv3_act/ReluGrad,2,957.442,478.721,957.442,478.721,0.0005113438769691856,0.960111364315514,0.0,0.0
307,Device,ReluGrad,gradient_tape/xception/block11_sepconv2_act/ReluGrad,2,956.418,478.209,956.418,478.209,0.0005107969862645618,0.9606221613017786,0.0,0.0
308,Device,ReluGrad,gradient_tape/xception/block10_sepconv1_act/ReluGrad,2,955.396,477.698,955.396,477.698,0.0005102511637058453,0.9611324124654844,0.0,0.0
309,Device,ReluGrad,gradient_tape/xception/block6_sepconv1_act/ReluGrad,2,955.395,477.6975,955.395,477.6975,0.0005102506296328916,0.9616426630951174,0.0,0.0
310,Device,ReluGrad,gradient_tape/xception/block10_sepconv3_act/ReluGrad,2,953.348,476.674,953.348,476.674,0.0005091573822965977,0.962151820477414,0.0,0.0
311,Device,ReluGrad,gradient_tape/xception/block7_sepconv2_act/ReluGrad,2,953.348,476.674,953.348,476.674,0.0005091573822965977,0.9626609778597106,0.0,0.0
312,Device,ReluGrad,gradient_tape/xception/block9_sepconv2_act/ReluGrad,2,953.347,476.6735,953.347,476.6735,0.000509156848223644,0.9631701347079342,0.0,0.0
313,Device,ReluGrad,gradient_tape/xception/block12_sepconv3_act/ReluGrad,2,952.322,476.161,952.322,476.161,0.0005086094234460664,0.9636787441313803,0.0,0.0
314,Device,ReluGrad,gradient_tape/xception/block8_sepconv1_act/ReluGrad,2,952.322,476.161,952.322,476.161,0.0005086094234460664,0.9641873535548264,0.0,0.0
315,Device,ReluGrad,gradient_tape/xception/block9_sepconv3_act/ReluGrad,2,951.3,475.65,951.3,475.65,0.0005080636008873501,0.9646954171557138,0.0,0.0
316,Device,ReluGrad,gradient_tape/xception/block13_sepconv1_act/ReluGrad,2,950.275,475.1375,950.275,475.1375,0.0005075161761097724,0.9652029333318236,0.0,0.0
317,Device,ReluGrad,gradient_tape/xception/block6_sepconv3_act/ReluGrad,2,949.25,474.625,949.25,474.625,0.0005069687513321949,0.9657099020831558,0.0,0.0
318,Device,AddN,SGD/gradients/AddN_6,2,933.892,466.946,933.892,466.946,0.0004987664589087451,0.9662086685420646,0.0,0.0
319,Device,AddN,SGD/gradients/AddN_7,2,932.868,466.434,932.868,466.434,0.0004982195682041212,0.9667068881102687,0.0,0.0
320,Device,AddN,SGD/gradients/AddN_2,2,932.866,466.433,932.866,466.433,0.0004982185000582137,0.967205106610327,0.0,0.0
321,Device,AddN,SGD/gradients/AddN_3,2,931.842,465.921,931.842,465.921,0.0004976716093535899,0.9677027782196805,0.0,0.0
322,Device,AddN,SGD/gradients/AddN_1,2,930.82,465.41,930.82,465.41,0.0004971257867948736,0.9681999040064754,0.0,0.0
323,Device,AddN,SGD/gradients/AddN,2,929.796,464.898,929.796,464.898,0.0004965788960902498,0.9686964829025656,0.0,0.0
324,Device,AddN,SGD/gradients/AddN_8,2,929.796,464.898,929.796,464.898,0.0004965788960902498,0.9691930617986558,0.0,0.0
325,Device,AddN,SGD/gradients/AddN_5,2,925.7,462.85,925.7,462.85,0.0004943913332717544,0.9696874531319276,0.0,0.0
326,Device,AddN,SGD/gradients/AddN_4,2,923.65,461.825,923.65,461.825,0.0004932964837165993,0.9701807496156443,0.0,0.0
327,Device,DepthwiseConv2dNative,xception/block4_sepconv1/separable_conv2d/depthwise,2,910.339,455.1695,910.339,455.1695,0.00048618743862944327,0.9706669370542738,0.0,0.0
328,Device,AddV2,xception/add_3/add,2,902.148,451.074,902.148,451.074,0.0004818128470654064,0.9711487499013391,0.0,0.0
329,Device,AddV2,xception/add_8/add,2,901.123,450.5615,901.123,450.5615,0.0004812654222878288,0.971630015323627,0.0,0.0
330,Device,FusedBatchNormGradV3,gradient_tape/xception/block14_sepconv1_bn/FusedBatchNormGradV3,2,901.122,450.561,901.122,450.561,0.00048126488821487504,0.9721112802118419,0.0,0.0
331,Device,AddV2,xception/add_5/add,2,900.099,450.0495,900.099,450.0495,0.000480718531583205,0.9725919987434251,0.0,0.0
332,Device,AddV2,xception/add_10/add,2,898.05,449.025,898.05,449.025,0.0004796242161010036,0.9730716229595261,0.0,0.0
333,Device,AddV2,xception/add_6/add,2,896.004,448.002,896.004,448.002,0.0004785315028376634,0.9735501544623637,0.0,0.0
334,Device,AddV2,xception/add_9/add,2,894.98,447.49,894.98,447.49,0.0004779846121330396,0.9740281390744967,0.0,0.0
335,Device,AddV2,xception/add_4/add,2,894.979,447.4895,894.979,447.4895,0.0004779840780600859,0.9745061231525568,0.0,0.0
336,Device,AddV2,xception/add_7/add,2,889.858,444.929,889.858,444.929,0.000475249090464013,0.9749813722430208,0.0,0.0
337,Device,AddV2,xception/add_2/add,2,885.762,442.881,885.762,442.881,0.00047306152764551765,0.9754544337706663,0.0,0.0
338,Device,Relu,xception/block4_sepconv1_act/Relu,2,841.73,420.865,841.73,420.865,0.00044954522734669315,0.9759039789980131,0.0,0.0
339,Device,Transpose,gradient_tape/xception/block1_conv1/Conv2D/Conv2DBackpropFilter-0-TransposeNHWCToNCHW-LayoutOptimizer,2,718.851,359.4255,718.851,359.4255,0.0003839188768647876,0.9762878978748779,0.0,0.0
340,Device,ReluGrad,gradient_tape/xception/block14_sepconv2_act/ReluGrad,2,677.891,338.9455,677.891,338.9455,0.0003620432486798345,0.9766499411235577,0.0,0.0
341,Device,DepthwiseConv2dNative,xception/block12_sepconv2/separable_conv2d/depthwise,2,649.218,324.609,649.218,324.609,0.00034672977487741364,0.9769966708984351,0.0,0.0
342,Device,DepthwiseConv2dNative,xception/block7_sepconv2/separable_conv2d/depthwise,2,649.218,324.609,649.218,324.609,0.00034672977487741364,0.9773434006733125,0.0,0.0
343,Device,DepthwiseConv2dNative,xception/block9_sepconv2/separable_conv2d/depthwise,2,649.218,324.609,649.218,324.609,0.00034672977487741364,0.9776901304481899,0.0,0.0
344,Device,DepthwiseConv2dNative,xception/block8_sepconv1/separable_conv2d/depthwise,2,648.195,324.0975,648.195,324.0975,0.0003461834182457436,0.9780363138664356,0.0,0.0
345,Device,DepthwiseConv2dNative,xception/block13_sepconv1/separable_conv2d/depthwise,2,648.194,324.097,648.194,324.097,0.00034618288417278983,0.9783824967506084,0.0,0.0
346,Device,DepthwiseConv2dNative,xception/block5_sepconv1/separable_conv2d/depthwise,2,648.194,324.097,648.194,324.097,0.00034618288417278983,0.9787286796347812,0.0,0.0
347,Device,DepthwiseConv2dNative,xception/block7_sepconv3/separable_conv2d/depthwise,2,647.171,323.5855,647.171,323.5855,0.0003456365275411198,0.9790743161623223,0.0,0.0
348,Device,DepthwiseConv2dNative,xception/block10_sepconv1/separable_conv2d/depthwise,2,647.17,323.585,647.17,323.585,0.00034563599346816603,0.9794199521557905,0.0,0.0
349,Device,DepthwiseConv2dNative,xception/block10_sepconv2/separable_conv2d/depthwise,2,647.17,323.585,647.17,323.585,0.00034563599346816603,0.9797655881492586,0.0,0.0
350,Device,DepthwiseConv2dNative,xception/block12_sepconv1/separable_conv2d/depthwise,2,647.17,323.585,647.17,323.585,0.00034563599346816603,0.9801112241427268,0.0,0.0
351,Device,DepthwiseConv2dNative,xception/block6_sepconv1/separable_conv2d/depthwise,2,647.17,323.585,647.17,323.585,0.00034563599346816603,0.9804568601361949,0.0,0.0
352,Device,DepthwiseConv2dNative,xception/block6_sepconv2/separable_conv2d/depthwise,2,647.17,323.585,647.17,323.585,0.00034563599346816603,0.9808024961296631,0.0,0.0
353,Device,DepthwiseConv2dNative,xception/block11_sepconv1/separable_conv2d/depthwise,2,646.147,323.0735,646.147,323.0735,0.00034508963683649595,0.9811475857664996,0.0,0.0
354,Device,DepthwiseConv2dNative,xception/block6_sepconv3/separable_conv2d/depthwise,2,646.146,323.073,646.146,323.073,0.00034508910276354217,0.9814926748692632,0.0,0.0
355,Device,DepthwiseConv2dNative,xception/block8_sepconv2/separable_conv2d/depthwise,2,646.146,323.073,646.146,323.073,0.00034508910276354217,0.9818377639720267,0.0,0.0
356,Device,DepthwiseConv2dNative,xception/block9_sepconv3/separable_conv2d/depthwise,2,646.146,323.073,646.146,323.073,0.00034508910276354217,0.9821828530747903,0.0,0.0
357,Device,DepthwiseConv2dNative,xception/block11_sepconv3/separable_conv2d/depthwise,2,645.122,322.561,645.122,322.561,0.00034454221205891837,0.9825273952868492,0.0,0.0
358,Device,DepthwiseConv2dNative,xception/block12_sepconv3/separable_conv2d/depthwise,2,645.122,322.561,645.122,322.561,0.00034454221205891837,0.9828719374989081,0.0,0.0
359,Device,DepthwiseConv2dNative,xception/block5_sepconv2/separable_conv2d/depthwise,2,645.122,322.561,645.122,322.561,0.00034454221205891837,0.983216479710967,0.0,0.0
360,Device,DepthwiseConv2dNative,xception/block7_sepconv1/separable_conv2d/depthwise,2,645.122,322.561,645.122,322.561,0.00034454221205891837,0.983561021923026,0.0,0.0
361,Device,DepthwiseConv2dNative,xception/block5_sepconv3/separable_conv2d/depthwise,2,644.099,322.0495,644.099,322.0495,0.0003439958554272483,0.9839050177784532,0.0,0.0
362,Device,DepthwiseConv2dNative,xception/block13_sepconv2/separable_conv2d/depthwise,2,644.098,322.049,644.098,322.049,0.0003439953213542945,0.9842490130998075,0.0,0.0
363,Device,DepthwiseConv2dNative,xception/block9_sepconv1/separable_conv2d/depthwise,2,643.074,321.537,643.074,321.537,0.0003434484306496707,0.9845924615304572,0.0,0.0
364,Device,DepthwiseConv2dNative,xception/block10_sepconv3/separable_conv2d/depthwise,2,641.027,320.5135,641.027,320.5135,0.0003423551833133768,0.9849348167137706,0.0,0.0
365,Device,DepthwiseConv2dNative,xception/block11_sepconv2/separable_conv2d/depthwise,2,641.026,320.513,641.026,320.513,0.00034235464924042304,0.985277171363011,0.0,0.0
366,Device,DepthwiseConv2dNative,xception/block8_sepconv3/separable_conv2d/depthwise,2,641.026,320.513,641.026,320.513,0.00034235464924042304,0.9856195260122513,0.0,0.0
367,Device,Relu,xception/block6_sepconv2_act/Relu,2,605.186,302.593,605.186,302.593,0.00032321347457858914,0.98594273948683,0.0,0.0
368,Device,Relu,xception/block7_sepconv2_act/Relu,2,605.186,302.593,605.186,302.593,0.00032321347457858914,0.9862659529614086,0.0,0.0
369,Device,Relu,xception/block12_sepconv2_act/Relu,2,604.163,302.0815,604.163,302.0815,0.00032266711794691906,0.9865886200793555,0.0,0.0
370,Device,Relu,xception/block11_sepconv2_act/Relu,2,604.162,302.081,604.162,302.081,0.00032266658387396533,0.9869112866632295,0.0,0.0
371,Device,Relu,xception/block8_sepconv2_act/Relu,2,603.138,301.569,603.138,301.569,0.0003221196931693415,0.9872334063563988,0.0,0.0
372,Device,Relu,xception/block10_sepconv2_act/Relu,2,602.114,301.057,602.114,301.057,0.00032157280246471767,0.9875549791588635,0.0,0.0
373,Device,Relu,xception/block11_sepconv3_act/Relu,2,602.114,301.057,602.114,301.057,0.00032157280246471767,0.9878765519613282,0.0,0.0
374,Device,Relu,xception/block12_sepconv3_act/Relu,2,602.114,301.057,602.114,301.057,0.00032157280246471767,0.9881981247637929,0.0,0.0
375,Device,Relu,xception/block13_sepconv2_act/Relu,2,602.114,301.057,602.114,301.057,0.00032157280246471767,0.9885196975662576,0.0,0.0
376,Device,Relu,xception/block5_sepconv2_act/Relu,2,602.114,301.057,602.114,301.057,0.00032157280246471767,0.9888412703687223,0.0,0.0
377,Device,Relu,xception/block6_sepconv1_act/Relu,2,602.114,301.057,602.114,301.057,0.00032157280246471767,0.989162843171187,0.0,0.0
378,Device,Relu,xception/block7_sepconv1_act/Relu,2,602.114,301.057,602.114,301.057,0.00032157280246471767,0.9894844159736517,0.0,0.0
379,Device,Relu,xception/block7_sepconv3_act/Relu,2,602.114,301.057,602.114,301.057,0.00032157280246471767,0.9898059887761164,0.0,0.0
380,Device,Relu,xception/block9_sepconv3_act/Relu,2,602.114,301.057,602.114,301.057,0.00032157280246471767,0.9901275615785811,0.0,0.0
381,Device,DepthwiseConv2dNativeBackpropInput,gradient_tape/xception/block14_sepconv2/separable_conv2d/DepthwiseConv2dNativeBackpropInput,2,601.09,300.545,601.09,300.545,0.0003210259117600938,0.9904485874903411,0.0,0.0
382,Device,Relu,xception/block10_sepconv3_act/Relu,2,601.09,300.545,601.09,300.545,0.0003210259117600938,0.9907696134021012,0.0,0.0
383,Device,Relu,xception/block13_sepconv1_act/Relu,2,601.09,300.545,601.09,300.545,0.0003210259117600938,0.9910906393138613,0.0,0.0
384,Device,Relu,xception/block5_sepconv3_act/Relu,2,601.09,300.545,601.09,300.545,0.0003210259117600938,0.9914116652256214,0.0,0.0
385,Device,Relu,xception/block6_sepconv3_act/Relu,2,601.09,300.545,601.09,300.545,0.0003210259117600938,0.9917326911373815,0.0,0.0
386,Device,Relu,xception/block8_sepconv3_act/Relu,2,601.09,300.545,601.09,300.545,0.0003210259117600938,0.9920537170491416,0.0,0.0
387,Device,Relu,xception/block9_sepconv2_act/Relu,2,600.067,300.0335,600.067,300.0335,0.00032047955512842373,0.99237419660427,0.0,0.0
388,Device,Relu,xception/block10_sepconv1_act/Relu,2,599.042,299.521,599.042,299.521,0.0003199321303508462,0.9926941287346208,0.0,0.0
389,Device,Relu,xception/block12_sepconv1_act/Relu,2,599.042,299.521,599.042,299.521,0.0003199321303508462,0.9930140608649717,0.0,0.0
390,Device,Relu,xception/block9_sepconv1_act/Relu,2,599.042,299.521,599.042,299.521,0.0003199321303508462,0.9933339929953225,0.0,0.0
391,Device,Relu,xception/block5_sepconv1_act/Relu,2,598.018,299.009,598.018,299.009,0.00031938523964622235,0.9936533782349688,0.0,0.0
392,Device,Relu,xception/block8_sepconv1_act/Relu,2,598.018,299.009,598.018,299.009,0.00031938523964622235,0.993972763474615,0.0,0.0
393,Device,Relu,xception/block11_sepconv1_act/Relu,2,596.994,298.497,596.994,298.497,0.00031883834894159854,0.9942916018235567,0.0,0.0
394,Device,FusedBatchNormGradV3,gradient_tape/xception/batch_normalization_3/FusedBatchNormGradV3,2,593.922,296.961,593.922,296.961,0.000317197676827727,0.9946087995003844,0.0,0.0
395,Device,MaxPool,xception/block13_pool/MaxPool,2,569.346,284.673,569.346,284.673,0.0003040722999167552,0.9949128718003012,0.0,0.0
396,Device,FusedBatchNormV3,xception/block14_sepconv2_bn/FusedBatchNormV3,4,536.578,134.1445,536.578,134.1445,0.0002865717973687927,0.99519944359767,0.0,0.0
397,Device,ReluGrad,gradient_tape/xception/block14_sepconv1_act/ReluGrad,2,500.737,250.3685,500.737,250.3685,0.00026743008863400506,0.995466873686304,0.0,0.0
398,Device,Transpose,gradient_tape/xception/block14_sepconv2_act/ReluGrad-0-TransposeNHWCToNCHW-LayoutOptimizer,2,490.497,245.2485,490.497,245.2485,0.0002619611815877668,0.9957288348678918,0.0,0.0
399,Device,Transpose,xception/block14_sepconv2_act/Relu-0-0-TransposeNCHWToNHWC-LayoutOptimizer,2,441.346,220.673,441.346,220.673,0.00023571096183877684,0.9959645458297306,0.0,0.0
400,Device,Relu,xception/block14_sepconv2_act/Relu,2,424.962,212.481,424.962,212.481,0.0002269607105647956,0.9961915065402954,0.0,0.0
401,Device,RealDiv,gradient_tape/xception/avg_pool/truediv,2,420.865,210.4325,420.865,210.4325,0.00022477261367334658,0.9964162791539688,0.0,0.0
402,Device,DepthwiseConv2dNativeBackpropFilter,gradient_tape/xception/block14_sepconv2/separable_conv2d/DepthwiseConv2dNativeBackpropFilter,2,407.554,203.777,407.554,203.777,0.00021766356858619052,0.996633942722555,0.0,0.0
403,Device,DepthwiseConv2dNativeBackpropInput,gradient_tape/xception/block14_sepconv1/separable_conv2d/DepthwiseConv2dNativeBackpropInput,2,399.362,199.681,399.362,199.681,0.00021328844294919995,0.9968472311655042,0.0,0.0
404,Device,FusedBatchNormV3,xception/block14_sepconv1_bn/FusedBatchNormV3,4,393.216,98.304,393.216,98.304,0.00021000603057554952,0.9970572371960797,0.0,0.0
405,Device,SoftmaxCrossEntropyWithLogits,categorical_crossentropy/softmax_cross_entropy_with_logits,6,369.668,61.611333333333334,369.668,61.611333333333334,0.00019742968066101642,0.9972546668767408,0.0,0.0
406,Device,DepthwiseConv2dNative,xception/block14_sepconv2/separable_conv2d/depthwise,2,343.041,171.5205,343.041,171.5205,0.00018320892012193573,0.9974378757968627,0.0,0.0
407,Device,Relu,xception/block14_sepconv1_act/Relu,2,321.538,160.769,321.538,160.769,0.0001717247493977891,0.9976096005462605,0.0,0.0
408,Device,AddV2,xception/add_11/add,2,314.368,157.184,314.368,157.184,0.00016789544631951484,0.99777749599258,0.0,0.0
409,Device,DepthwiseConv2dNativeBackpropFilter,gradient_tape/xception/block14_sepconv1/separable_conv2d/DepthwiseConv2dNativeBackpropFilter,2,275.457,137.7285,275.457,137.7285,0.00014711413361676314,0.9979246101261968,0.0,0.0
410,Device,FusedBatchNormV3,xception/batch_normalization_3/FusedBatchNormV3,4,274.434,68.6085,274.434,68.6085,0.00014656777698509308,0.9980711779031819,0.0,0.0
411,Device,BroadcastTo,gradient_tape/xception/avg_pool/BroadcastTo,2,231.426,115.713,231.426,115.713,0.00012359836739089233,0.9981947762705727,0.0,0.0
412,Device,DepthwiseConv2dNative,xception/block14_sepconv1/separable_conv2d/depthwise,2,231.426,115.713,231.426,115.713,0.00012359836739089233,0.9983183746379636,0.0,0.0
413,Device,Mean,xception/avg_pool/Mean,2,216.064,108.032,216.064,108.032,0.00011539393867562746,0.9984337685766392,0.0,0.0
414,Device,ArgMax,ArgMax,2,184.321,92.1605,184.321,92.1605,9.844086090524256e-05,0.9985322094375445,0.0,0.0
415,Device,ResourceApplyGradientDescent,SGD/SGD/update_151/ResourceApplyGradientDescent,2,163.84,81.92,163.84,81.92,8.75025127398123e-05,0.9986197119502843,0.0,0.0
416,Device,ArgMax,ArgMax_1,2,123.904,61.952,123.904,61.952,6.617377525948304e-05,0.9986858857255438,0.0,0.0
417,Device,ResourceApplyGradientDescent,SGD/SGD/update_154/ResourceApplyGradientDescent,2,104.448,52.224,104.448,52.224,5.5782851871630334e-05,0.9987416685774154,0.0,0.0
418,Device,ResourceApplyGradientDescent,SGD/SGD/update_147/ResourceApplyGradientDescent,2,84.993,42.4965,84.993,42.4965,4.539246255673136e-05,0.9987870610399722,0.0,0.0
419,Device,MatMul,gradient_tape/xception/predictions/MatMul/MatMul_1,2,82.944,41.472,82.944,41.472,4.429814707452997e-05,0.9988313591870467,0.0,0.0
420,Device,MatMul,xception/predictions/MatMul,2,79.872,39.936,79.872,39.936,4.265747496065849e-05,0.9988740166620074,0.0,0.0
421,Device,MatMul,gradient_tape/xception/predictions/MatMul/MatMul,2,74.752,37.376,74.752,37.376,3.9923021437539356e-05,0.9989139396834449,0.0,0.0
422,Device,ResourceApplyGradientDescent,SGD/SGD/update_140/ResourceApplyGradientDescent,2,43.008,21.504,43.008,21.504,2.296940959420073e-05,0.9989369090930391,0.0,0.0
423,Device,ResourceApplyGradientDescent,SGD/SGD/update_143/ResourceApplyGradientDescent,2,43.008,21.504,43.008,21.504,2.296940959420073e-05,0.9989598785026333,0.0,0.0
424,Device,_Recv,IteratorGetNext/_4,1,39.968,39.968,39.968,39.968,2.1345827814848743e-05,0.9989812243304482,0.0,0.0
425,Device,_Send,IteratorGetNext/_3,1,39.68,39.68,39.68,39.68,2.1192014804173288e-05,0.9990024163452524,0.0,0.0
426,Device,ResourceApplyGradientDescent,SGD/SGD/update_33/ResourceApplyGradientDescent,2,32.768,16.384,32.768,16.384,1.7500502547962458e-05,0.9990199168478004,0.0,0.0
427,Device,ResourceApplyGradientDescent,SGD/SGD/update_64/ResourceApplyGradientDescent,2,32.768,16.384,32.768,16.384,1.7500502547962458e-05,0.9990374173503485,0.0,0.0
428,Device,ResourceApplyGradientDescent,SGD/SGD/update_108/ResourceApplyGradientDescent,2,31.744,15.872,31.744,15.872,1.6953611843338633e-05,0.9990543709621917,0.0,0.0
429,Device,ResourceApplyGradientDescent,SGD/SGD/update_112/ResourceApplyGradientDescent,2,31.744,15.872,31.744,15.872,1.6953611843338633e-05,0.999071324574035,0.0,0.0
430,Device,ResourceApplyGradientDescent,SGD/SGD/update_116/ResourceApplyGradientDescent,2,31.744,15.872,31.744,15.872,1.6953611843338633e-05,0.9990882781858783,0.0,0.0
431,Device,ResourceApplyGradientDescent,SGD/SGD/update_120/ResourceApplyGradientDescent,2,31.744,15.872,31.744,15.872,1.6953611843338633e-05,0.9991052317977216,0.0,0.0
432,Device,ResourceApplyGradientDescent,SGD/SGD/update_128/ResourceApplyGradientDescent,2,31.744,15.872,31.744,15.872,1.6953611843338633e-05,0.9991221854095649,0.0,0.0
433,Device,ResourceApplyGradientDescent,SGD/SGD/update_76/ResourceApplyGradientDescent,2,31.744,15.872,31.744,15.872,1.6953611843338633e-05,0.9991391390214082,0.0,0.0
434,Device,ResourceApplyGradientDescent,SGD/SGD/update_136/ResourceApplyGradientDescent,2,30.721,15.3605,30.721,15.3605,1.6407255211668538e-05,0.9991555462766198,0.0,0.0
435,Device,ResourceApplyGradientDescent,SGD/SGD/update_40/ResourceApplyGradientDescent,2,30.721,15.3605,30.721,15.3605,1.6407255211668538e-05,0.9991719535318315,0.0,0.0
436,Device,ResourceApplyGradientDescent,SGD/SGD/update_52/ResourceApplyGradientDescent,2,30.721,15.3605,30.721,15.3605,1.6407255211668538e-05,0.9991883607870432,0.0,0.0
437,Device,ResourceApplyGradientDescent,SGD/SGD/update_100/ResourceApplyGradientDescent,2,30.72,15.36,30.72,15.36,1.6406721138714805e-05,0.9992047675081819,0.0,0.0
438,Device,ResourceApplyGradientDescent,SGD/SGD/update_104/ResourceApplyGradientDescent,2,30.72,15.36,30.72,15.36,1.6406721138714805e-05,0.9992211742293206,0.0,0.0
439,Device,ResourceApplyGradientDescent,SGD/SGD/update_124/ResourceApplyGradientDescent,2,30.72,15.36,30.72,15.36,1.6406721138714805e-05,0.9992375809504592,0.0,0.0
440,Device,ResourceApplyGradientDescent,SGD/SGD/update_132/ResourceApplyGradientDescent,2,30.72,15.36,30.72,15.36,1.6406721138714805e-05,0.9992539876715979,0.0,0.0
441,Device,ResourceApplyGradientDescent,SGD/SGD/update_44/ResourceApplyGradientDescent,2,30.72,15.36,30.72,15.36,1.6406721138714805e-05,0.9992703943927366,0.0,0.0
442,Device,ResourceApplyGradientDescent,SGD/SGD/update_48/ResourceApplyGradientDescent,2,30.72,15.36,30.72,15.36,1.6406721138714805e-05,0.9992868011138752,0.0,0.0
443,Device,ResourceApplyGradientDescent,SGD/SGD/update_56/ResourceApplyGradientDescent,2,30.72,15.36,30.72,15.36,1.6406721138714805e-05,0.9993032078350139,0.0,0.0
444,Device,ResourceApplyGradientDescent,SGD/SGD/update_60/ResourceApplyGradientDescent,2,30.72,15.36,30.72,15.36,1.6406721138714805e-05,0.9993196145561526,0.0,0.0
445,Device,ResourceApplyGradientDescent,SGD/SGD/update_68/ResourceApplyGradientDescent,2,30.72,15.36,30.72,15.36,1.6406721138714805e-05,0.9993360212772913,0.0,0.0
446,Device,ResourceApplyGradientDescent,SGD/SGD/update_72/ResourceApplyGradientDescent,2,30.72,15.36,30.72,15.36,1.6406721138714805e-05,0.9993524279984299,0.0,0.0
447,Device,ResourceApplyGradientDescent,SGD/SGD/update_80/ResourceApplyGradientDescent,2,30.72,15.36,30.72,15.36,1.6406721138714805e-05,0.9993688347195686,0.0,0.0
448,Device,ResourceApplyGradientDescent,SGD/SGD/update_84/ResourceApplyGradientDescent,2,30.72,15.36,30.72,15.36,1.6406721138714805e-05,0.9993852414407073,0.0,0.0
449,Device,ResourceApplyGradientDescent,SGD/SGD/update_88/ResourceApplyGradientDescent,2,30.72,15.36,30.72,15.36,1.6406721138714805e-05,0.999401648161846,0.0,0.0
450,Device,Softmax,xception/predictions/Softmax,2,29.696,14.848,29.696,14.848,1.5859830434090978e-05,0.99941750799228,0.0,0.0
451,Device,ResourceApplyGradientDescent,SGD/SGD/update_92/ResourceApplyGradientDescent,2,22.529,11.2645,22.529,11.2645,1.2032129574677925e-05,0.9994295401218547,0.0,0.0
452,Device,ResourceApplyGradientDescent,SGD/SGD/update_96/ResourceApplyGradientDescent,2,22.528,11.264,22.528,11.264,1.203159550172419e-05,0.9994415717173564,0.0,0.0
453,Device,ResourceApplyGradientDescent,SGD/SGD/update_29/ResourceApplyGradientDescent,2,14.336,7.168,14.336,7.168,7.656469864733577e-06,0.9994492281872212,0.0,0.0
454,Device,ResourceApplyGradientDescent,SGD/SGD/update_36/ResourceApplyGradientDescent,2,14.336,7.168,14.336,7.168,7.656469864733577e-06,0.9994568846570859,0.0,0.0
455,Device,ResourceApplyGradientDescent,SGD/SGD/update_22/ResourceApplyGradientDescent,2,10.24,5.12,10.24,5.12,5.4689070462382685e-06,0.9994623535641322,0.0,0.0
456,Device,DynamicStitch,gradient_tape/xception/avg_pool/DynamicStitch,2,10.24,5.12,10.24,5.12,5.4689070462382685e-06,0.9994678224711784,0.0,0.0
457,Device,BiasAdd,xception/predictions/BiasAdd,2,9.216,4.608,9.216,4.608,4.9220163416144414e-06,0.99947274448752,0.0,0.0
458,Device,ResourceApplyGradientDescent,SGD/SGD/update_107/ResourceApplyGradientDescent,2,8.192,4.096,8.192,4.096,4.3751256369906144e-06,0.999477119613157,0.0,0.0
459,Device,ResourceApplyGradientDescent,SGD/SGD/update_11/ResourceApplyGradientDescent,2,8.192,4.096,8.192,4.096,4.3751256369906144e-06,0.999481494738794,0.0,0.0
460,Device,ResourceApplyGradientDescent,SGD/SGD/update_111/ResourceApplyGradientDescent,2,8.192,4.096,8.192,4.096,4.3751256369906144e-06,0.999485869864431,0.0,0.0
461,Device,ResourceApplyGradientDescent,SGD/SGD/update_113/ResourceApplyGradientDescent,2,8.192,4.096,8.192,4.096,4.3751256369906144e-06,0.999490244990068,0.0,0.0
462,Device,ResourceApplyGradientDescent,SGD/SGD/update_127/ResourceApplyGradientDescent,2,8.192,4.096,8.192,4.096,4.3751256369906144e-06,0.999494620115705,0.0,0.0
463,Device,ResourceApplyGradientDescent,SGD/SGD/update_139/ResourceApplyGradientDescent,2,8.192,4.096,8.192,4.096,4.3751256369906144e-06,0.999498995241342,0.0,0.0
464,Device,ResourceApplyGradientDescent,SGD/SGD/update_146/ResourceApplyGradientDescent,2,8.192,4.096,8.192,4.096,4.3751256369906144e-06,0.999503370366979,0.0,0.0
465,Device,ResourceApplyGradientDescent,SGD/SGD/update_150/ResourceApplyGradientDescent,2,8.192,4.096,8.192,4.096,4.3751256369906144e-06,0.999507745492616,0.0,0.0
466,Device,ResourceApplyGradientDescent,SGD/SGD/update_25/ResourceApplyGradientDescent,2,8.192,4.096,8.192,4.096,4.3751256369906144e-06,0.999512120618253,0.0,0.0
467,Device,ResourceApplyGradientDescent,SGD/SGD/update_3/ResourceApplyGradientDescent,2,8.192,4.096,8.192,4.096,4.3751256369906144e-06,0.99951649574389,0.0,0.0
468,Device,ResourceApplyGradientDescent,SGD/SGD/update_31/ResourceApplyGradientDescent,2,8.192,4.096,8.192,4.096,4.3751256369906144e-06,0.999520870869527,0.0,0.0
469,Device,ResourceApplyGradientDescent,SGD/SGD/update_32/ResourceApplyGradientDescent,2,8.192,4.096,8.192,4.096,4.3751256369906144e-06,0.999525245995164,0.0,0.0
470,Device,ResourceApplyGradientDescent,SGD/SGD/update_51/ResourceApplyGradientDescent,2,8.192,4.096,8.192,4.096,4.3751256369906144e-06,0.999529621120801,0.0,0.0
471,Device,ResourceApplyGradientDescent,SGD/SGD/update_65/ResourceApplyGradientDescent,2,8.192,4.096,8.192,4.096,4.3751256369906144e-06,0.999533996246438,0.0,0.0
472,Device,ResourceApplyGradientDescent,SGD/SGD/update_87/ResourceApplyGradientDescent,2,8.192,4.096,8.192,4.096,4.3751256369906144e-06,0.999538371372075,0.0,0.0
473,Device,ResourceApplyGradientDescent,SGD/SGD/update_99/ResourceApplyGradientDescent,2,8.192,4.096,8.192,4.096,4.3751256369906144e-06,0.999542746497712,0.0,0.0
474,Device,ResourceApplyGradientDescent,SGD/SGD/update_93/ResourceApplyGradientDescent,2,7.169,3.5845,7.169,3.5845,3.828769005320522e-06,0.9995465752667173,0.0,0.0
475,Device,Mul,gradient_tape/categorical_crossentropy/softmax_cross_entropy_with_logits/mul,2,7.169,3.5845,7.169,3.5845,3.828769005320522e-06,0.9995504040357226,0.0,0.0
476,Device,ResourceApplyGradientDescent,SGD/SGD/update_102/ResourceApplyGradientDescent,2,7.168,3.584,7.168,3.584,3.828234932366788e-06,0.999554232270655,0.0,0.0
477,Device,ResourceApplyGradientDescent,SGD/SGD/update_103/ResourceApplyGradientDescent,2,7.168,3.584,7.168,3.584,3.828234932366788e-06,0.9995580605055874,0.0,0.0
478,Device,ResourceApplyGradientDescent,SGD/SGD/update_105/ResourceApplyGradientDescent,2,7.168,3.584,7.168,3.584,3.828234932366788e-06,0.9995618887405198,0.0,0.0
479,Device,ResourceApplyGradientDescent,SGD/SGD/update_109/ResourceApplyGradientDescent,2,7.168,3.584,7.168,3.584,3.828234932366788e-06,0.9995657169754522,0.0,0.0
480,Device,ResourceApplyGradientDescent,SGD/SGD/update_115/ResourceApplyGradientDescent,2,7.168,3.584,7.168,3.584,3.828234932366788e-06,0.9995695452103845,0.0,0.0
481,Device,ResourceApplyGradientDescent,SGD/SGD/update_118/ResourceApplyGradientDescent,2,7.168,3.584,7.168,3.584,3.828234932366788e-06,0.9995733734453169,0.0,0.0
482,Device,ResourceApplyGradientDescent,SGD/SGD/update_119/ResourceApplyGradientDescent,2,7.168,3.584,7.168,3.584,3.828234932366788e-06,0.9995772016802493,0.0,0.0
483,Device,ResourceApplyGradientDescent,SGD/SGD/update_121/ResourceApplyGradientDescent,2,7.168,3.584,7.168,3.584,3.828234932366788e-06,0.9995810299151817,0.0,0.0
484,Device,ResourceApplyGradientDescent,SGD/SGD/update_123/ResourceApplyGradientDescent,2,7.168,3.584,7.168,3.584,3.828234932366788e-06,0.9995848581501141,0.0,0.0
485,Device,ResourceApplyGradientDescent,SGD/SGD/update_130/ResourceApplyGradientDescent,2,7.168,3.584,7.168,3.584,3.828234932366788e-06,0.9995886863850465,0.0,0.0
486,Device,ResourceApplyGradientDescent,SGD/SGD/update_131/ResourceApplyGradientDescent,2,7.168,3.584,7.168,3.584,3.828234932366788e-06,0.9995925146199789,0.0,0.0
487,Device,ResourceApplyGradientDescent,SGD/SGD/update_135/ResourceApplyGradientDescent,2,7.168,3.584,7.168,3.584,3.828234932366788e-06,0.9995963428549113,0.0,0.0
488,Device,ResourceApplyGradientDescent,SGD/SGD/update_137/ResourceApplyGradientDescent,2,7.168,3.584,7.168,3.584,3.828234932366788e-06,0.9996001710898437,0.0,0.0
489,Device,ResourceApplyGradientDescent,SGD/SGD/update_138/ResourceApplyGradientDescent,2,7.168,3.584,7.168,3.584,3.828234932366788e-06,0.9996039993247761,0.0,0.0
490,Device,ResourceApplyGradientDescent,SGD/SGD/update_14/ResourceApplyGradientDescent,2,7.168,3.584,7.168,3.584,3.828234932366788e-06,0.9996078275597085,0.0,0.0
491,Device,ResourceApplyGradientDescent,SGD/SGD/update_142/ResourceApplyGradientDescent,2,7.168,3.584,7.168,3.584,3.828234932366788e-06,0.9996116557946408,0.0,0.0
492,Device,ResourceApplyGradientDescent,SGD/SGD/update_148/ResourceApplyGradientDescent,2,7.168,3.584,7.168,3.584,3.828234932366788e-06,0.9996154840295732,0.0,0.0
493,Device,ResourceApplyGradientDescent,SGD/SGD/update_149/ResourceApplyGradientDescent,2,7.168,3.584,7.168,3.584,3.828234932366788e-06,0.9996193122645056,0.0,0.0
494,Device,ResourceApplyGradientDescent,SGD/SGD/update_153/ResourceApplyGradientDescent,2,7.168,3.584,7.168,3.584,3.828234932366788e-06,0.999623140499438,0.0,0.0
495,Device,ResourceApplyGradientDescent,SGD/SGD/update_16/ResourceApplyGradientDescent,2,7.168,3.584,7.168,3.584,3.828234932366788e-06,0.9996269687343704,0.0,0.0
496,Device,ResourceApplyGradientDescent,SGD/SGD/update_17/ResourceApplyGradientDescent,2,7.168,3.584,7.168,3.584,3.828234932366788e-06,0.9996307969693028,0.0,0.0
497,Device,ResourceApplyGradientDescent,SGD/SGD/update_18/ResourceApplyGradientDescent,2,7.168,3.584,7.168,3.584,3.828234932366788e-06,0.9996346252042352,0.0,0.0
498,Device,ResourceApplyGradientDescent,SGD/SGD/update_23/ResourceApplyGradientDescent,2,7.168,3.584,7.168,3.584,3.828234932366788e-06,0.9996384534391676,0.0,0.0
499,Device,ResourceApplyGradientDescent,SGD/SGD/update_24/ResourceApplyGradientDescent,2,7.168,3.584,7.168,3.584,3.828234932366788e-06,0.9996422816741,0.0,0.0
500,Device,ResourceApplyGradientDescent,SGD/SGD/update_27/ResourceApplyGradientDescent,2,7.168,3.584,7.168,3.584,3.828234932366788e-06,0.9996461099090324,0.0,0.0
501,Host,IDLE,IDLE,0,8414282.754,0.0,8414282.754,0.0,0.0,0.0,0.9927631337511833,0.9927631337511833
502,Host,GatherV2,GatherV2,2,45505.457,22752.7285,45505.457,22752.7285,0.0,0.0,0.005368982884800702,0.998132116635984
503,Host,_Send,IteratorGetNext/_1,2,6551.506,3275.753,6551.506,3275.753,0.0,0.0,0.0007729825366586058,0.9989050991726426
504,Host,_Send,IteratorGetNext/_3,2,6539.776,3269.888,6539.776,3269.888,0.0,0.0,0.0007715985670560433,0.9996766977396986
505,Host,_Send,IteratorGetNext/_6,2,2103.837,1051.9185,2103.837,1051.9185,0.0,0.0,0.0002482222043261856,0.9999249199440248
506,Host,GatherV2,GatherV2_1,2,271.634,135.817,271.634,135.817,0.0,0.0,3.204886607181978e-05,0.9999569688100965
507,Host,Dataset,Iterator::Root::ParallelMapV2::Zip[1]::ForeverRepeat,2,61.412,30.706,56.992,28.496,0.0,0.0,6.724228097974306e-06,0.9999636930381945
508,Host,Dataset,Iterator::Root::ParallelMapV2,2,52.4,26.2,52.4,26.2,0.0,0.0,6.182438804285753e-06,0.9999698754769988
509,Host,FlushSummaryWriter,FlushSummaryWriter,1,46.051,46.051,46.051,46.051,0.0,0.0,5.433349033896245e-06,0.9999753088260327
510,Host,IteratorGetNext,IteratorGetNext,2,40.541,20.2705,40.541,20.2705,0.0,0.0,4.783249075659327e-06,0.9999800920751084
511,Host,LogicalAnd,LogicalAnd,1,32.481,32.481,32.481,32.481,0.0,0.0,3.832286160343618e-06,0.9999839243612687
512,Host,WriteSummary,WriteSummary,1,28.51,28.51,28.51,28.51,0.0,0.0,3.3637658456142526e-06,0.9999872881271143
513,Host,Dataset,Iterator::Root,2,78.84,39.42,26.44,13.22,0.0,0.0,3.1195359157502928e-06,0.99999040766303
514,Host,Dataset,Iterator::Root::ParallelMapV2::Zip[0]::FlatMap[1]::Concatenate[0]::TensorSlice,2,25.43,12.715,25.43,12.715,0.0,0.0,3.000370587652418e-06,0.9999934080336177
515,Host,Dataset,Iterator::Root::ParallelMapV2::Zip[0]::FlatMap[1]::Concatenate,2,38.54,19.27,13.11,6.555,0.0,0.0,1.5467895558050808e-06,0.9999949548231735
516,Host,ReadVariableOp,ReadVariableOp,1,12.23,12.23,12.23,12.23,0.0,0.0,1.4429623392445567e-06,0.9999963977855127
517,Host,Dataset,Iterator::Root::ParallelMapV2::Zip,2,114.722,57.361,10.57,5.285,0.0,0.0,1.2471064534599316e-06,0.9999976448919662
518,Host,_HostSend,categorical_crossentropy/softmax_cross_entropy_with_logits/Shape_2/_9,2,7.011,3.5055,7.011,3.5055,0.0,0.0,8.271961537566301e-07,0.99999847208812
519,Host,Dataset,Iterator::Root::ParallelMapV2::Zip[1]::ForeverRepeat::FromTensor,4,4.42,1.105,4.42,1.105,0.0,0.0,5.214957922699051e-07,0.9999989935839122
520,Host,Identity,Identity,2,4.33,2.165,4.33,2.165,0.0,0.0,5.108770996671243e-07,0.9999995044610118
521,Host,Dataset,Iterator::Root::ParallelMapV2::Zip[0]::FlatMap,2,42.74,21.37,4.2,2.1,0.0,0.0,4.955389881297742e-07,1.0
