Rank,Host/device,Type,Operation,#Occurrences,Total time (us),Avg. time (us),Total self-time (us),Avg. self-time (us),Total self-time on Device (%),Cumulative total-self time on Device (%),Total self-time on Host (%),Cumulative total-self time on Host (%)
1,Device,IDLE,IDLE,0,4080.916,0.0,4080.916,0.0,0.5016683489682273,0.5016683489682273,0.0,0.0
2,Device,_Send,IteratorGetNext/_1,2,633.059,316.5295,633.059,316.5295,0.07782215152908734,0.5794905004973147,0.0,0.0
3,Device,ReluGrad,gradient_tape/sequential/conv2d/ReluGrad,2,382.978,191.489,382.978,191.489,0.04707961177126747,0.6265701122685822,0.0,0.0
4,Device,_FusedConv2D,sequential/conv2d/Relu,2,376.833,188.4165,376.833,188.4165,0.0463242048958479,0.67289431716443,0.0,0.0
5,Device,Conv2DBackpropFilter,gradient_tape/sequential/conv2d/Conv2D/Conv2DBackpropFilter,2,347.137,173.5685,347.137,173.5685,0.04267366582791303,0.715567982992343,0.0,0.0
6,Device,Conv2DBackpropFilter,gradient_tape/sequential/conv2d_1/Conv2D/Conv2DBackpropFilter,2,325.633,162.8165,325.633,162.8165,0.04003017202009812,0.7555981550124411,0.0,0.0
7,Device,MaxPoolGrad,gradient_tape/sequential/max_pooling2d/MaxPool/MaxPoolGrad,2,273.409,136.7045,273.409,136.7045,0.03361025848683336,0.7892084134992745,0.0,0.0
8,Device,_FusedConv2D,sequential/conv2d_1/Relu,2,229.377,114.6885,229.377,114.6885,0.028197390213688563,0.8174058037129631,0.0,0.0
9,Device,Conv2DBackpropInput,gradient_tape/sequential/conv2d_1/Conv2D/Conv2DBackpropInput,2,203.776,101.888,203.776,101.888,0.025050250845484075,0.8424560545584472,0.0,0.0
10,Device,MaxPool,sequential/max_pooling2d/MaxPool,2,169.985,84.9925,169.985,84.9925,0.020896312077818835,0.863352366636266,0.0,0.0
11,Device,BiasAddGrad,gradient_tape/sequential/conv2d/BiasAdd/BiasAddGrad,2,140.289,70.1445,140.289,70.1445,0.017245773009883964,0.88059813964615,0.0,0.0
12,Device,ReluGrad,gradient_tape/sequential/conv2d_1/ReluGrad,2,137.217,68.6085,137.217,68.6085,0.01686813103733898,0.8974662706834889,0.0,0.0
13,Device,MaxPoolGrad,gradient_tape/sequential/max_pooling2d_1/MaxPool/MaxPoolGrad,2,126.976,63.488,126.976,63.488,0.015609201531859422,0.9130754722153483,0.0,0.0
14,Device,SoftmaxCrossEntropyWithLogits,categorical_crossentropy/softmax_cross_entropy_with_logits,2,100.352,50.176,100.352,50.176,0.012336304436469544,0.9254117766518178,0.0,0.0
15,Device,MaxPool,sequential/max_pooling2d_1/MaxPool,2,69.632,34.816,69.632,34.816,0.008559884711019684,0.9339716613628375,0.0,0.0
16,Device,BiasAddGrad,gradient_tape/sequential/conv2d_1/BiasAdd/BiasAddGrad,2,63.488,31.744,63.488,31.744,0.007804600765929711,0.9417762621287672,0.0,0.0
17,Device,Transpose,gradient_tape/sequential/conv2d/Conv2D/Conv2DBackpropFilter-0-TransposeNHWCToNCHW-LayoutOptimizer,2,41.984,20.992,41.984,20.992,0.005161106958114809,0.946937369086882,0.0,0.0
18,Device,MatMul,sequential/dense/MatMul,2,37.888,18.944,37.888,18.944,0.004657584328054827,0.9515949534149368,0.0,0.0
19,Device,MatMul,gradient_tape/sequential/dense/MatMul/MatMul_1,2,24.576,12.288,24.576,12.288,0.003021135780359888,0.9546160891952967,0.0,0.0
20,Device,RandomUniform,sequential/dropout/dropout/random_uniform/RandomUniform,2,22.528,11.264,22.528,11.264,0.0027693744653298972,0.9573854636606266,0.0,0.0
21,Device,Softmax,sequential/dense/Softmax,2,19.456,9.728,19.456,9.728,0.0023917324927849115,0.9597771961534115,0.0,0.0
22,Device,Mul,sequential/dropout/dropout/Mul_1,2,18.432,9.216,18.432,9.216,0.002265851835269916,0.9620430479886815,0.0,0.0
23,Device,Mul,gradient_tape/sequential/dropout/dropout/Mul_1,2,17.408,8.704,17.408,8.704,0.002139971177754921,0.9641830191664363,0.0,0.0
24,Device,Transpose,sequential/max_pooling2d_1/MaxPool-0-2-TransposeNCHWToNHWC-LayoutOptimizer,2,16.384,8.192,16.384,8.192,0.0020140905202399254,0.9661971096866763,0.0,0.0
25,Device,Transpose,gradient_tape/sequential/max_pooling2d_1/MaxPool/MaxPoolGrad-2-TransposeNHWCToNCHW-LayoutOptimizer,2,15.36,7.68,15.36,7.68,0.0018882098627249302,0.9680853195494012,0.0,0.0
26,Device,MatMul,gradient_tape/sequential/dense/MatMul/MatMul,2,14.336,7.168,14.336,7.168,0.001762329205209935,0.9698476487546112,0.0,0.0
27,Device,Mul,gradient_tape/sequential/dropout/dropout/Mul,2,13.312,6.656,13.312,6.656,0.0016364485476949393,0.9714840973023061,0.0,0.0
28,Device,BiasAddGrad,gradient_tape/sequential/dense/BiasAdd/BiasAddGrad,2,12.288,6.144,12.288,6.144,0.001510567890179944,0.972994665192486,0.0,0.0
29,Device,Mul,sequential/dropout/dropout/Mul,2,10.24,5.12,10.24,5.12,0.0012588065751499534,0.974253471767636,0.0,0.0
30,Device,ArgMax,ArgMax,2,9.216,4.608,9.216,4.608,0.001132925917634958,0.9753863976852709,0.0,0.0
31,Device,Cast,sequential/dropout/dropout/Cast,2,9.216,4.608,9.216,4.608,0.001132925917634958,0.9765193236029058,0.0,0.0
32,Device,GreaterEqual,sequential/dropout/dropout/GreaterEqual,2,9.216,4.608,9.216,4.608,0.001132925917634958,0.9776522495205408,0.0,0.0
33,Device,ArgMax,ArgMax_1,2,8.192,4.096,8.192,4.096,0.0010070452601199627,0.9786592947806607,0.0,0.0
34,Device,ResourceApplyGradientDescent,SGD/SGD/update_2/ResourceApplyGradientDescent,2,8.192,4.096,8.192,4.096,0.0010070452601199627,0.9796663400407807,0.0,0.0
35,Device,ResourceApplyGradientDescent,SGD/SGD/update/ResourceApplyGradientDescent,2,7.168,3.584,7.168,3.584,0.0008811646026049675,0.9805475046433857,0.0,0.0
36,Device,AssignAddVariableOp,AssignAddVariableOp,2,6.144,3.072,6.144,3.072,0.000755283945089972,0.9813027885884756,0.0,0.0
37,Device,AssignAddVariableOp,AssignAddVariableOp_2,2,6.144,3.072,6.144,3.072,0.000755283945089972,0.9820580725335656,0.0,0.0
38,Device,AssignAddVariableOp,AssignAddVariableOp_4,2,6.144,3.072,6.144,3.072,0.000755283945089972,0.9828133564786555,0.0,0.0
39,Device,Cast,Cast,2,6.144,3.072,6.144,3.072,0.000755283945089972,0.9835686404237455,0.0,0.0
40,Device,Equal,Equal,2,6.144,3.072,6.144,3.072,0.000755283945089972,0.9843239243688354,0.0,0.0
41,Device,Mul,Mul,2,6.144,3.072,6.144,3.072,0.000755283945089972,0.9850792083139254,0.0,0.0
42,Device,AssignAddVariableOp,SGD/SGD/AssignAddVariableOp,2,6.144,3.072,6.144,3.072,0.000755283945089972,0.9858344922590153,0.0,0.0
43,Device,ResourceApplyGradientDescent,SGD/SGD/update_1/ResourceApplyGradientDescent,2,6.144,3.072,6.144,3.072,0.000755283945089972,0.9865897762041053,0.0,0.0
44,Device,ResourceApplyGradientDescent,SGD/SGD/update_3/ResourceApplyGradientDescent,2,6.144,3.072,6.144,3.072,0.000755283945089972,0.9873450601491952,0.0,0.0
45,Device,ResourceApplyGradientDescent,SGD/SGD/update_4/ResourceApplyGradientDescent,2,6.144,3.072,6.144,3.072,0.000755283945089972,0.9881003440942852,0.0,0.0
46,Device,ResourceApplyGradientDescent,SGD/SGD/update_5/ResourceApplyGradientDescent,2,6.144,3.072,6.144,3.072,0.000755283945089972,0.9888556280393751,0.0,0.0
47,Device,Sum,Sum_2,2,6.144,3.072,6.144,3.072,0.000755283945089972,0.989610911984465,0.0,0.0
48,Device,Sum,categorical_crossentropy/weighted_loss/Sum,2,6.144,3.072,6.144,3.072,0.000755283945089972,0.990366195929555,0.0,0.0
49,Device,DivNoNan,categorical_crossentropy/weighted_loss/value,2,6.144,3.072,6.144,3.072,0.000755283945089972,0.9911214798746449,0.0,0.0
50,Device,DivNoNan,div_no_nan,2,6.144,3.072,6.144,3.072,0.000755283945089972,0.9918767638197349,0.0,0.0
51,Device,_Recv,strided_slice/_12,2,5.472,2.736,5.472,2.736,0.0006726747635957565,0.9925494385833307,0.0,0.0
52,Device,AssignAddVariableOp,AssignAddVariableOp_1,2,5.12,2.56,5.12,2.56,0.0006294032875749767,0.9931788418709057,0.0,0.0
53,Device,AssignAddVariableOp,AssignAddVariableOp_3,2,5.12,2.56,5.12,2.56,0.0006294032875749767,0.9938082451584807,0.0,0.0
54,Device,Cast,Cast_1,2,5.12,2.56,5.12,2.56,0.0006294032875749767,0.9944376484460556,0.0,0.0
55,Device,Mul,gradient_tape/categorical_crossentropy/softmax_cross_entropy_with_logits/mul,2,5.12,2.56,5.12,2.56,0.0006294032875749767,0.9950670517336306,0.0,0.0
56,Device,Tile,gradient_tape/categorical_crossentropy/weighted_loss/Tile_1,2,5.12,2.56,5.12,2.56,0.0006294032875749767,0.9956964550212056,0.0,0.0
57,Device,DivNoNan,gradient_tape/categorical_crossentropy/weighted_loss/value/div_no_nan,2,5.12,2.56,5.12,2.56,0.0006294032875749767,0.9963258583087806,0.0,0.0
58,Device,BiasAdd,sequential/dense/BiasAdd,2,5.12,2.56,5.12,2.56,0.0006294032875749767,0.9969552615963556,0.0,0.0
59,Device,_Recv,categorical_crossentropy/weighted_loss/num_elements/_14,2,4.32,2.16,4.32,2.16,0.0005310590238913867,0.997486320620247,0.0,0.0
60,Device,Cast,Cast_2,2,4.096,2.048,4.096,2.048,0.0005035226300599814,0.9979898432503069,0.0,0.0
61,Device,Cast,categorical_crossentropy/weighted_loss/num_elements/Cast,2,4.096,2.048,4.096,2.048,0.0005035226300599814,0.9984933658803669,0.0,0.0
62,Device,DivNoNan,div_no_nan_1,2,4.096,2.048,4.096,2.048,0.0005035226300599814,0.9989968885104268,0.0,0.0
63,Device,_Send,IteratorGetNext/_3,2,3.072,1.536,3.072,1.536,0.000377641972544986,0.9993745304829718,0.0,0.0
64,Device,LogicalAnd,LogicalAnd,1,3.072,3.072,3.072,3.072,0.000377641972544986,0.9997521724555167,0.0,0.0
65,Device,_Recv,Size/_16,2,2.016,1.008,2.016,1.008,0.00024782754448264706,0.9999999999999993,0.0,0.0
66,Host,IDLE,IDLE,0,36178.022,0.0,36178.022,0.0,0.0,0.0,0.9099478635253087,0.9099478635253087
67,Host,_Send,IteratorGetNext/_3,2,1044.188,522.094,1044.188,522.094,0.0,0.0,0.026263366187315743,0.9362112297126244
68,Host,_Send,IteratorGetNext/_1,2,1027.858,513.929,1027.858,513.929,0.0,0.0,0.025852634815341665,0.962063864527966
69,Host,GatherV2,GatherV2,2,997.578,498.789,997.578,498.789,0.0,0.0,0.02509103371654344,0.9871548982445094
70,Host,_Send,IteratorGetNext/_6,2,88.701,44.3505,88.701,44.3505,0.0,0.0,0.002231003271614971,0.9893859015161244
71,Host,GatherV2,GatherV2_1,2,71.171,35.5855,71.171,35.5855,0.0,0.0,0.0017900895575484958,0.9911759910736728
72,Host,Dataset,Iterator::Root::ParallelMapV2::Zip[1]::ForeverRepeat,2,57.151,28.5755,53.36,26.68,0.0,0.0,0.0013421081450420498,0.9925180992187149
73,Host,Dataset,Iterator::Root::ParallelMapV2,2,43.282,21.641,43.282,21.641,0.0,0.0,0.0010886267753693777,0.9936067259940843
74,Host,IteratorGetNext,IteratorGetNext,2,43.201,21.6005,43.201,21.6005,0.0,0.0,0.0010865894672781409,0.9946933154613624
75,Host,FlushSummaryWriter,FlushSummaryWriter,1,38.891,38.891,38.891,38.891,0.0,0.0,0.0009781845552629378,0.9956715000166253
76,Host,Dataset,Iterator::Root::ParallelMapV2::Zip[0]::FlatMap[1]::Concatenate,2,54.441,27.2205,32.341,16.1705,0.0,0.0,0.0008134392713419216,0.9964849392879672
77,Host,Dataset,Iterator::Root,2,74.712,37.356,31.43,15.715,0.0,0.0,0.0007905258433034413,0.9972754651312706
78,Host,LogicalAnd,LogicalAnd,1,30.511,30.511,30.511,30.511,0.0,0.0,0.0007674111996510116,0.9980428763309216
79,Host,Dataset,Iterator::Root::ParallelMapV2::Zip[0]::FlatMap[1]::Concatenate[0]::TensorSlice,2,22.1,11.05,22.1,11.05,0.0,0.0,0.0005558581335350319,0.9985987344644566
80,Host,WriteSummary,WriteSummary,1,20.761,20.761,20.761,20.761,0.0,0.0,0.0005221796701502623,0.9991209141346068
81,Host,Dataset,Iterator::Root::ParallelMapV2::Zip,2,125.782,62.891,10.43,5.215,0.0,0.0,0.0002623348566864426,0.9993832489912933
82,Host,_HostSend,categorical_crossentropy/softmax_cross_entropy_with_logits/Shape_2/_9,2,8.33,4.165,8.33,4.165,0.0,0.0,0.0002095157580247428,0.999592764749318
83,Host,ReadVariableOp,ReadVariableOp,1,5.82,5.82,5.82,5.82,0.0,0.0,0.00014638435914813964,0.9997391491084662
84,Host,Dataset,Iterator::Root::ParallelMapV2::Zip[1]::ForeverRepeat::FromTensor,4,3.791,0.94775,3.791,0.94775,0.0,0.0,9.535104906024009e-05,0.9998345001575264
85,Host,Dataset,Iterator::Root::ParallelMapV2::Zip[0]::FlatMap,2,58.201,29.1005,3.76,1.88,0.0,0.0,9.457133855618642e-05,0.9999290714960826
86,Host,Identity,Identity,2,2.82,1.41,2.82,1.41,0.0,0.0,7.092850391713981e-05,0.9999999999999997
