Rank,Host/device,Type,Operation,#Occurrences,Total time (us),Avg. time (us),Total self-time (us),Avg. self-time (us),Total self-time on Device (%),Cumulative total-self time on Device (%),Total self-time on Host (%),Cumulative total-self time on Host (%)
1,Device,IDLE,IDLE,0,99289.85,0.0,99289.85,0.0,0.7042982937959698,0.7042982937959698,0.0,0.0
2,Device,_Recv,IteratorGetNext/_2,2,481.954,240.977,481.954,240.977,0.003418671494499617,0.7077169652904693,0.0,0.0
3,Device,Conv2DBackpropFilter,gradient_tape/inception_v3/conv2d_4/Conv2D/Conv2DBackpropFilter,2,451.586,225.793,451.586,225.793,0.003203260447086452,0.7109202257375558,0.0,0.0
4,Device,Conv2DBackpropFilter,gradient_tape/inception_v3/conv2d_2/Conv2D/Conv2DBackpropFilter,2,427.01,213.505,427.01,213.505,0.0030289341199912882,0.713949159857547,0.0,0.0
5,Device,Conv2D,inception_v3/conv2d_4/Conv2D,2,374.785,187.3925,374.785,187.3925,0.0026584835815576567,0.7166076434391047,0.0,0.0
6,Device,Conv2DBackpropInput,gradient_tape/inception_v3/conv2d_26/Conv2D/Conv2DBackpropInput,2,373.761,186.8805,373.761,186.8805,0.002651219984595358,0.7192588634237,0.0,0.0
7,Device,Conv2DBackpropInput,gradient_tape/inception_v3/conv2d_4/Conv2D/Conv2DBackpropInput,2,368.641,184.3205,368.641,184.3205,0.0026149019997838657,0.7218737654234839,0.0,0.0
8,Device,FusedBatchNormGradV3,gradient_tape/inception_v3/batch_normalization_2/FusedBatchNormGradV3,2,362.498,181.249,362.498,181.249,0.002571327511366483,0.7244450929348504,0.0,0.0
9,Device,Conv2D,inception_v3/conv2d_26/Conv2D,4,340.992,85.248,340.992,85.248,0.002418777788445398,0.7268638707232957,0.0,0.0
10,Device,Conv2DBackpropInput,gradient_tape/inception_v3/conv2d_2/Conv2D/Conv2DBackpropInput,2,330.753,165.3765,330.753,165.3765,0.0023461489121788213,0.7292100196354745,0.0,0.0
11,Device,Conv2D,inception_v3/conv2d_81/Conv2D,4,329.729,82.43225,329.729,82.43225,0.0023388853152165228,0.731548904950691,0.0,0.0
12,Device,Conv2D,inception_v3/conv2d_90/Conv2D,4,329.729,82.43225,329.729,82.43225,0.0023388853152165228,0.7338877902659076,0.0,0.0
13,Device,Conv2DBackpropInput,gradient_tape/inception_v3/conv2d_90/Conv2D/Conv2DBackpropInput,4,311.296,77.824,311.296,77.824,0.0022081334765387418,0.7360959237424463,0.0,0.0
14,Device,Conv2DBackpropInput,gradient_tape/inception_v3/conv2d_81/Conv2D/Conv2DBackpropInput,4,309.249,77.31225,309.249,77.31225,0.0021936133759705534,0.7382895371184168,0.0,0.0
15,Device,Conv2D,inception_v3/conv2d_89/Conv2D,4,308.226,77.0565,308.226,77.0565,0.002186356872364663,0.7404758939907815,0.0,0.0
16,Device,Conv2D,inception_v3/conv2d_2/Conv2D,2,301.057,150.5285,301.057,150.5285,0.002135504600272165,0.7426113985910536,0.0,0.0
17,Device,Conv2DBackpropFilter,gradient_tape/inception_v3/conv2d_26/Conv2D/Conv2DBackpropFilter,2,284.673,142.3365,284.673,142.3365,0.0020192870488753892,0.7446306856399291,0.0,0.0
18,Device,Conv2D,inception_v3/conv2d_86/Conv2D,4,277.504,69.376,277.504,69.376,0.0019684347767828917,0.746599120416712,0.0,0.0
19,Device,Conv2DBackpropFilter,gradient_tape/inception_v3/conv2d_1/Conv2D/Conv2DBackpropFilter,2,271.361,135.6805,271.361,135.6805,0.0019248602883655088,0.7485239807050774,0.0,0.0
20,Device,FusedBatchNormV3,inception_v3/batch_normalization_2/FusedBatchNormV3,4,263.169,65.79225,263.169,65.79225,0.0018667515126671208,0.7503907322177445,0.0,0.0
21,Device,FusedBatchNormGradV3,gradient_tape/inception_v3/batch_normalization/FusedBatchNormGradV3,2,244.737,122.3685,244.737,122.3685,0.0017360067673457481,0.7521267389850903,0.0,0.0
22,Device,Conv2D,inception_v3/conv2d_85/Conv2D,4,244.737,61.18425,244.737,61.18425,0.0017360067673457481,0.7538627457524361,0.0,0.0
23,Device,Conv2DBackpropFilter,gradient_tape/inception_v3/conv2d_81/Conv2D/Conv2DBackpropFilter,2,238.593,119.2965,238.593,119.2965,0.0016924251855719571,0.7555551709380081,0.0,0.0
24,Device,Conv2DBackpropFilter,gradient_tape/inception_v3/conv2d_90/Conv2D/Conv2DBackpropFilter,2,235.522,117.761,235.522,117.761,0.0016706414880414701,0.7572258124260496,0.0,0.0
25,Device,Conv2D,inception_v3/conv2d_1/Conv2D,2,226.305,113.1525,226.305,113.1525,0.0016052620220243753,0.758831074448074,0.0,0.0
26,Device,Conv2DBackpropInput,gradient_tape/inception_v3/conv2d_1/Conv2D/Conv2DBackpropInput,2,222.209,111.1045,222.209,111.1045,0.0015762076341751814,0.7604072820822492,0.0,0.0
27,Device,FusedBatchNormGradV3,gradient_tape/inception_v3/batch_normalization_1/FusedBatchNormGradV3,2,219.137,109.5685,219.137,109.5685,0.0015544168432882859,0.7619616989255374,0.0,0.0
28,Device,FusedBatchNormGradV3,gradient_tape/inception_v3/batch_normalization_4/FusedBatchNormGradV3,2,201.729,100.8645,201.729,100.8645,0.0014309356949292115,0.7633926346204667,0.0,0.0
29,Device,Conv2D,inception_v3/conv2d_93/Conv2D,4,195.584,48.896,195.584,48.896,0.001387347019799012,0.7647799816402657,0.0,0.0
30,Device,ReluGrad,gradient_tape/inception_v3/activation_2/ReluGrad,2,194.56,97.28,194.56,97.28,0.0013800834228367136,0.7661600650631024,0.0,0.0
31,Device,Conv2D,inception_v3/conv2d_80/Conv2D,4,189.44,47.36,189.44,47.36,0.0013437654380252211,0.7675038305011276,0.0,0.0
32,Device,Conv2D,inception_v3/conv2d_77/Conv2D,4,174.081,43.52025,174.081,43.52025,0.001234818576947152,0.7687386490780748,0.0,0.0
33,Device,MaxPoolGrad,gradient_tape/inception_v3/max_pooling2d/MaxPool/MaxPoolGrad,2,168.961,84.4805,168.961,84.4805,0.0011985005921356599,0.7699371496702104,0.0,0.0
34,Device,Conv2D,inception_v3/conv2d_76/Conv2D,4,158.72,39.68,158.72,39.68,0.0011258575291562662,0.7710630071993667,0.0,0.0
35,Device,Conv2D,inception_v3/conv2d_71/Conv2D,4,144.386,36.0965,144.386,36.0965,0.0010241813583969043,0.7720871885577636,0.0,0.0
36,Device,Conv2DBackpropFilter,gradient_tape/inception_v3/conv2d/Conv2D/Conv2DBackpropFilter,2,143.361,71.6805,143.361,71.6805,0.0010169106680781974,0.7731040992258418,0.0,0.0
37,Device,FusedBatchNormV3,inception_v3/batch_normalization/FusedBatchNormV3,4,142.337,35.58425,142.337,35.58425,0.0010096470711158988,0.7741137462969577,0.0,0.0
38,Device,FusedBatchNormV3,inception_v3/batch_normalization_1/FusedBatchNormV3,4,141.312,35.328,141.312,35.328,0.001002376380797192,0.7751161226777549,0.0,0.0
39,Device,Conv2D,inception_v3/conv2d_84/Conv2D,4,137.217,34.30425,137.217,34.30425,0.0009733290863044065,0.7760894517640593,0.0,0.0
40,Device,Conv2DBackpropFilter,gradient_tape/inception_v3/conv2d_3/Conv2D/Conv2DBackpropFilter,2,137.216,68.608,137.216,68.608,0.000973321992947998,0.7770627737570073,0.0,0.0
41,Device,Conv2DBackpropInput,gradient_tape/inception_v3/conv2d_89/Conv2D/Conv2DBackpropInput,2,135.169,67.5845,135.169,67.5845,0.0009588018923798096,0.7780215756493871,0.0,0.0
42,Device,Conv2D,inception_v3/conv2d_75/Conv2D,4,134.144,33.536,134.144,33.536,0.0009515312020611025,0.7789731068514483,0.0,0.0
43,Device,Relu,inception_v3/activation_2/Relu,2,131.073,65.5365,131.073,65.5365,0.0009297475045306155,0.7799028543559788,0.0,0.0
44,Device,Conv2DBackpropInput,gradient_tape/inception_v3/conv2d_78/Conv2D/Conv2DBackpropInput,4,129.025,32.25625,129.025,32.25625,0.0009152203106060186,0.7808180746665848,0.0,0.0
45,Device,Conv2DBackpropInput,gradient_tape/inception_v3/conv2d_71/Conv2D/Conv2DBackpropInput,2,129.024,64.512,129.024,64.512,0.00091521321724961,0.7817332878838344,0.0,0.0
46,Device,Conv2DBackpropInput,gradient_tape/inception_v3/conv2d_82/Conv2D/Conv2DBackpropInput,4,128.001,32.00025,128.001,32.00025,0.0009079567136437201,0.7826412445974782,0.0,0.0
47,Device,Conv2DBackpropInput,gradient_tape/inception_v3/conv2d_79/Conv2D/Conv2DBackpropInput,4,126.976,31.744,126.976,31.744,0.0009006860233250131,0.7835419306208032,0.0,0.0
48,Device,Conv2DBackpropInput,gradient_tape/inception_v3/conv2d_87/Conv2D/Conv2DBackpropInput,4,126.976,31.744,126.976,31.744,0.0009006860233250131,0.7844426166441283,0.0,0.0
49,Device,Conv2D,inception_v3/conv2d_82/Conv2D,4,126.976,31.744,126.976,31.744,0.0009006860233250131,0.7853433026674533,0.0,0.0
50,Device,Conv2DBackpropInput,gradient_tape/inception_v3/conv2d_88/Conv2D/Conv2DBackpropInput,4,125.952,31.488,125.952,31.488,0.0008934224263627145,0.786236725093816,0.0,0.0
51,Device,Conv2DBackpropInput,gradient_tape/inception_v3/conv2d_91/Conv2D/Conv2DBackpropInput,4,125.952,31.488,125.952,31.488,0.0008934224263627145,0.7871301475201787,0.0,0.0
52,Device,Conv2D,inception_v3/conv2d_91/Conv2D,4,124.93,31.2325,124.93,31.2325,0.0008861730161132331,0.788016320536292,0.0,0.0
53,Device,Conv2D,inception_v3/conv2d_87/Conv2D,4,124.928,31.232,124.928,31.232,0.000886158829400416,0.7889024793656925,0.0,0.0
54,Device,Conv2DBackpropInput,gradient_tape/inception_v3/conv2d_83/Conv2D/Conv2DBackpropInput,4,123.906,30.9765,123.906,30.9765,0.0008789094191509345,0.7897813887848434,0.0,0.0
55,Device,Conv2DBackpropInput,gradient_tape/inception_v3/conv2d_92/Conv2D/Conv2DBackpropInput,4,123.904,30.976,123.904,30.976,0.0008788952324381176,0.7906602840172815,0.0,0.0
56,Device,Conv2D,inception_v3/conv2d_92/Conv2D,4,122.881,30.72025,122.881,30.72025,0.0008716387288322275,0.7915319227461137,0.0,0.0
57,Device,Conv2D,inception_v3/conv2d_78/Conv2D,4,121.856,30.464,121.856,30.464,0.0008643680385135205,0.7923962907846273,0.0,0.0
58,Device,Conv2D,inception_v3/conv2d_79/Conv2D,4,121.856,30.464,121.856,30.464,0.0008643680385135205,0.7932606588231408,0.0,0.0
59,Device,Conv2D,inception_v3/conv2d_88/Conv2D,4,121.856,30.464,121.856,30.464,0.0008643680385135205,0.7941250268616543,0.0,0.0
60,Device,FusedBatchNormV3,inception_v3/batch_normalization_4/FusedBatchNormV3,4,120.833,30.20825,120.833,30.20825,0.0008571115349076306,0.794982138396562,0.0,0.0
61,Device,SoftmaxCrossEntropyWithLogits,categorical_crossentropy/softmax_cross_entropy_with_logits,2,119.81,59.905,119.81,59.905,0.0008498550313017406,0.7958319934278637,0.0,0.0
62,Device,Conv2DBackpropInput,gradient_tape/inception_v3/conv2d_21/Conv2D/Conv2DBackpropInput,4,119.808,29.952,119.808,29.952,0.0008498408445889237,0.7966818342724526,0.0,0.0
63,Device,Conv2D,inception_v3/conv2d_83/Conv2D,4,119.808,29.952,119.808,29.952,0.0008498408445889237,0.7975316751170416,0.0,0.0
64,Device,Conv2DBackpropInput,gradient_tape/inception_v3/conv2d_14/Conv2D/Conv2DBackpropInput,4,118.786,29.6965,118.786,29.6965,0.0008425914343394421,0.798374266551381,0.0,0.0
65,Device,ReluGrad,gradient_tape/inception_v3/activation_4/ReluGrad,2,118.784,59.392,118.784,59.392,0.0008425772476266251,0.7992168437990076,0.0,0.0
66,Device,Conv2DBackpropInput,gradient_tape/inception_v3/conv2d_74/Conv2D/Conv2DBackpropInput,4,118.784,29.696,118.784,29.696,0.0008425772476266251,0.8000594210466342,0.0,0.0
67,Device,Conv2DBackpropInput,gradient_tape/inception_v3/conv2d_86/Conv2D/Conv2DBackpropInput,2,118.784,59.392,118.784,59.392,0.0008425772476266251,0.8009019982942608,0.0,0.0
68,Device,Conv2DBackpropFilter,gradient_tape/inception_v3/conv2d_17/Conv2D/Conv2DBackpropFilter,4,117.76,29.44,117.76,29.44,0.0008353136506643266,0.8017373119449251,0.0,0.0
69,Device,Conv2DBackpropFilter,gradient_tape/inception_v3/conv2d_10/Conv2D/Conv2DBackpropFilter,4,116.737,29.18425,116.737,29.18425,0.0008280571470584366,0.8025653690919836,0.0,0.0
70,Device,Conv2DBackpropFilter,gradient_tape/inception_v3/conv2d_63/Conv2D/Conv2DBackpropFilter,2,116.737,58.3685,116.737,58.3685,0.0008280571470584366,0.8033934262390421,0.0,0.0
71,Device,Conv2DBackpropFilter,gradient_tape/inception_v3/conv2d_67/Conv2D/Conv2DBackpropFilter,2,116.737,58.3685,116.737,58.3685,0.0008280571470584366,0.8042214833861006,0.0,0.0
72,Device,Conv2DBackpropInput,gradient_tape/inception_v3/conv2d_7/Conv2D/Conv2DBackpropInput,4,116.737,29.18425,116.737,29.18425,0.0008280571470584366,0.805049540533159,0.0,0.0
73,Device,Conv2DBackpropInput,gradient_tape/inception_v3/conv2d_48/Conv2D/Conv2DBackpropInput,4,116.736,29.184,116.736,29.184,0.0008280500537020282,0.805877590586861,0.0,0.0
74,Device,Conv2D,inception_v3/conv2d_62/Conv2D,4,116.736,29.184,116.736,29.184,0.0008280500537020282,0.806705640640563,0.0,0.0
75,Device,Conv2DBackpropInput,gradient_tape/inception_v3/conv2d_62/Conv2D/Conv2DBackpropInput,4,115.713,28.92825,115.713,28.92825,0.000820793550096138,0.8075264341906592,0.0,0.0
76,Device,Conv2DBackpropInput,gradient_tape/inception_v3/conv2d_65/Conv2D/Conv2DBackpropInput,4,115.713,28.92825,115.713,28.92825,0.000820793550096138,0.8083472277407553,0.0,0.0
77,Device,Conv2DBackpropInput,gradient_tape/inception_v3/conv2d_43/Conv2D/Conv2DBackpropInput,4,115.712,28.928,115.712,28.928,0.0008207864567397297,0.8091680141974951,0.0,0.0
78,Device,Conv2DBackpropInput,gradient_tape/inception_v3/conv2d_63/Conv2D/Conv2DBackpropInput,4,115.712,28.928,115.712,28.928,0.0008207864567397297,0.8099888006542348,0.0,0.0
79,Device,Conv2DBackpropFilter,gradient_tape/inception_v3/conv2d_74/Conv2D/Conv2DBackpropFilter,2,115.712,57.856,115.712,57.856,0.0008207864567397297,0.8108095871109746,0.0,0.0
80,Device,Conv2D,inception_v3/conv2d_63/Conv2D,4,114.69,28.6725,114.69,28.6725,0.0008135370464902481,0.8116231241574648,0.0,0.0
81,Device,Conv2DBackpropFilter,gradient_tape/inception_v3/conv2d_24/Conv2D/Conv2DBackpropFilter,4,114.688,28.672,114.688,28.672,0.0008135228597774311,0.8124366470172423,0.0,0.0
82,Device,Conv2DBackpropInput,gradient_tape/inception_v3/conv2d_67/Conv2D/Conv2DBackpropInput,4,114.688,28.672,114.688,28.672,0.0008135228597774311,0.8132501698770197,0.0,0.0
83,Device,Conv2D,inception_v3/conv2d_73/Conv2D,4,114.688,28.672,114.688,28.672,0.0008135228597774311,0.8140636927367971,0.0,0.0
84,Device,Conv2DBackpropInput,gradient_tape/inception_v3/conv2d_53/Conv2D/Conv2DBackpropInput,4,113.664,28.416,113.664,28.416,0.0008062592628151326,0.8148699519996122,0.0,0.0
85,Device,Conv2DBackpropInput,gradient_tape/inception_v3/conv2d_66/Conv2D/Conv2DBackpropInput,4,113.664,28.416,113.664,28.416,0.0008062592628151326,0.8156762112624273,0.0,0.0
86,Device,Conv2DBackpropFilter,gradient_tape/inception_v3/conv2d_53/Conv2D/Conv2DBackpropFilter,2,112.641,56.3205,112.641,56.3205,0.0007990027592092427,0.8164752140216365,0.0,0.0
87,Device,Conv2DBackpropInput,gradient_tape/inception_v3/conv2d_58/Conv2D/Conv2DBackpropInput,4,112.64,28.16,112.64,28.16,0.0007989956658528342,0.8172742096874893,0.0,0.0
88,Device,Conv2DBackpropInput,gradient_tape/inception_v3/conv2d_68/Conv2D/Conv2DBackpropInput,4,112.64,28.16,112.64,28.16,0.0007989956658528342,0.8180732053533422,0.0,0.0
89,Device,Conv2DBackpropInput,gradient_tape/inception_v3/conv2d_73/Conv2D/Conv2DBackpropInput,4,112.64,28.16,112.64,28.16,0.0007989956658528342,0.818872201019195,0.0,0.0
90,Device,Conv2D,inception_v3/conv2d_66/Conv2D,4,112.64,28.16,112.64,28.16,0.0007989956658528342,0.8196711966850478,0.0,0.0
91,Device,Conv2D,inception_v3/conv2d_67/Conv2D,4,112.64,28.16,112.64,28.16,0.0007989956658528342,0.8204701923509007,0.0,0.0
92,Device,Conv2D,inception_v3/conv2d_68/Conv2D,4,112.64,28.16,112.64,28.16,0.0007989956658528342,0.8212691880167535,0.0,0.0
93,Device,Conv2DBackpropInput,gradient_tape/inception_v3/conv2d_80/Conv2D/Conv2DBackpropInput,2,111.617,55.8085,111.617,55.8085,0.0007917391622469441,0.8220609271790005,0.0,0.0
94,Device,Conv2D,inception_v3/conv2d_74/Conv2D,4,111.616,27.904,111.616,27.904,0.0007917320688905356,0.822852659247891,0.0,0.0
95,Device,Conv2D,inception_v3/conv2d_65/Conv2D,4,109.569,27.39225,109.569,27.39225,0.0007772119683223472,0.8236298712162133,0.0,0.0
96,Device,Conv2DBackpropFilter,gradient_tape/inception_v3/conv2d_68/Conv2D/Conv2DBackpropFilter,4,107.521,26.88025,107.521,26.88025,0.0007626847743977502,0.8243925559906111,0.0,0.0
97,Device,Conv2DBackpropFilter,gradient_tape/inception_v3/conv2d_21/Conv2D/Conv2DBackpropFilter,2,107.52,53.76,107.52,53.76,0.0007626776810413416,0.8251552336716524,0.0,0.0
98,Device,Conv2DBackpropFilter,gradient_tape/inception_v3/conv2d_65/Conv2D/Conv2DBackpropFilter,2,107.52,53.76,107.52,53.76,0.0007626776810413416,0.8259179113526938,0.0,0.0
99,Device,Conv2DBackpropFilter,gradient_tape/inception_v3/conv2d_7/Conv2D/Conv2DBackpropFilter,2,107.52,53.76,107.52,53.76,0.0007626776810413416,0.8266805890337351,0.0,0.0
100,Device,Conv2DBackpropFilter,gradient_tape/inception_v3/conv2d_66/Conv2D/Conv2DBackpropFilter,4,106.498,26.6245,106.498,26.6245,0.0007554282707918602,0.827436017304527,0.0,0.0
101,Device,Conv2DBackpropFilter,gradient_tape/inception_v3/conv2d_33/Conv2D/Conv2DBackpropFilter,2,106.497,53.2485,106.497,53.2485,0.0007554211774354517,0.8281914384819624,0.0,0.0
102,Device,Conv2DBackpropFilter,gradient_tape/inception_v3/conv2d_14/Conv2D/Conv2DBackpropFilter,2,106.496,53.248,106.496,53.248,0.0007554140840790431,0.8289468525660415,0.0,0.0
103,Device,Conv2DBackpropFilter,gradient_tape/inception_v3/conv2d_38/Conv2D/Conv2DBackpropFilter,2,105.473,52.7365,105.473,52.7365,0.0007481575804731532,0.8296950101465147,0.0,0.0
104,Device,Conv2D,inception_v3/conv2d_59/Conv2D,4,105.472,26.368,105.472,26.368,0.0007481504871167447,0.8304431606336314,0.0,0.0
105,Device,Conv2DBackpropInput,gradient_tape/inception_v3/conv2d_85/Conv2D/Conv2DBackpropInput,2,104.449,52.2245,104.449,52.2245,0.0007408939835108546,0.8311840546171423,0.0,0.0
106,Device,Conv2DBackpropFilter,gradient_tape/inception_v3/conv2d_62/Conv2D/Conv2DBackpropFilter,4,104.448,26.112,104.448,26.112,0.0007408868901544462,0.8319249415072967,0.0,0.0
107,Device,Conv2DBackpropFilter,gradient_tape/inception_v3/conv2d_73/Conv2D/Conv2DBackpropFilter,4,104.448,26.112,104.448,26.112,0.0007408868901544462,0.8326658283974511,0.0,0.0
108,Device,Conv2DBackpropFilter,gradient_tape/inception_v3/conv2d_58/Conv2D/Conv2DBackpropFilter,4,103.424,25.856,103.424,25.856,0.0007336232931921477,0.8333994516906432,0.0,0.0
109,Device,Conv2D,inception_v3/conv2d_39/Conv2D,4,103.424,25.856,103.424,25.856,0.0007336232931921477,0.8341330749838354,0.0,0.0
110,Device,Conv2D,inception_v3/conv2d_69/Conv2D,4,103.424,25.856,103.424,25.856,0.0007336232931921477,0.8348666982770275,0.0,0.0
111,Device,Conv2DBackpropInput,gradient_tape/inception_v3/conv2d_56/Conv2D/Conv2DBackpropInput,4,102.401,25.60025,102.401,25.60025,0.0007263667895862577,0.8355930650666138,0.0,0.0
112,Device,Conv2DBackpropInput,gradient_tape/inception_v3/conv2d_57/Conv2D/Conv2DBackpropInput,4,102.401,25.60025,102.401,25.60025,0.0007263667895862577,0.8363194318562001,0.0,0.0
113,Device,Conv2DBackpropInput,gradient_tape/inception_v3/conv2d_46/Conv2D/Conv2DBackpropInput,4,102.4,25.6,102.4,25.6,0.0007263596962298493,0.8370457915524299,0.0,0.0
114,Device,Conv2D,inception_v3/conv2d_49/Conv2D,4,102.4,25.6,102.4,25.6,0.0007263596962298493,0.8377721512486597,0.0,0.0
115,Device,Conv2DBackpropInput,gradient_tape/inception_v3/conv2d_42/Conv2D/Conv2DBackpropInput,4,101.377,25.34425,101.377,25.34425,0.0007191031926239592,0.8384912544412836,0.0,0.0
116,Device,Conv2DBackpropInput,gradient_tape/inception_v3/conv2d_47/Conv2D/Conv2DBackpropInput,4,101.377,25.34425,101.377,25.34425,0.0007191031926239592,0.8392103576339075,0.0,0.0
117,Device,Conv2D,inception_v3/conv2d_61/Conv2D,4,101.376,25.344,101.376,25.344,0.0007190960992675508,0.8399294537331751,0.0,0.0
118,Device,Conv2DBackpropFilter,gradient_tape/inception_v3/conv2d_47/Conv2D/Conv2DBackpropFilter,2,100.353,50.1765,100.353,50.1765,0.0007118395956616606,0.8406412933288367,0.0,0.0
119,Device,Conv2DBackpropFilter,gradient_tape/inception_v3/conv2d_48/Conv2D/Conv2DBackpropFilter,4,100.353,25.08825,100.353,25.08825,0.0007118395956616606,0.8413531329244984,0.0,0.0
120,Device,Conv2DBackpropFilter,gradient_tape/inception_v3/conv2d_43/Conv2D/Conv2DBackpropFilter,2,100.352,50.176,100.352,50.176,0.0007118325023052522,0.8420649654268036,0.0,0.0
121,Device,Conv2DBackpropInput,gradient_tape/inception_v3/conv2d_45/Conv2D/Conv2DBackpropInput,4,100.352,25.088,100.352,25.088,0.0007118325023052522,0.8427767979291089,0.0,0.0
122,Device,Conv2DBackpropInput,gradient_tape/inception_v3/conv2d_55/Conv2D/Conv2DBackpropInput,4,100.352,25.088,100.352,25.088,0.0007118325023052522,0.8434886304314141,0.0,0.0
123,Device,Conv2DBackpropFilter,gradient_tape/inception_v3/conv2d_56/Conv2D/Conv2DBackpropFilter,4,100.352,25.088,100.352,25.088,0.0007118325023052522,0.8442004629337193,0.0,0.0
124,Device,Conv2DBackpropFilter,gradient_tape/inception_v3/conv2d_57/Conv2D/Conv2DBackpropFilter,2,100.352,50.176,100.352,50.176,0.0007118325023052522,0.8449122954360245,0.0,0.0
125,Device,Conv2D,inception_v3/conv2d/Conv2D,2,100.352,50.176,100.352,50.176,0.0007118325023052522,0.8456241279383298,0.0,0.0
126,Device,Conv2D,inception_v3/conv2d_72/Conv2D,4,100.352,25.088,100.352,25.088,0.0007118325023052522,0.846335960440635,0.0,0.0
127,Device,Conv2DBackpropInput,gradient_tape/inception_v3/conv2d_52/Conv2D/Conv2DBackpropInput,4,99.329,24.83225,99.329,24.83225,0.0007045759986993622,0.8470405364393343,0.0,0.0
128,Device,Conv2D,inception_v3/conv2d_56/Conv2D,4,99.329,24.83225,99.329,24.83225,0.0007045759986993622,0.8477451124380336,0.0,0.0
129,Device,Conv2DBackpropInput,gradient_tape/inception_v3/conv2d_24/Conv2D/Conv2DBackpropInput,2,99.328,49.664,99.328,49.664,0.0007045689053429537,0.8484496813433766,0.0,0.0
130,Device,Conv2DBackpropFilter,gradient_tape/inception_v3/conv2d_45/Conv2D/Conv2DBackpropFilter,2,99.328,49.664,99.328,49.664,0.0007045689053429537,0.8491542502487196,0.0,0.0
131,Device,Conv2DBackpropFilter,gradient_tape/inception_v3/conv2d_55/Conv2D/Conv2DBackpropFilter,2,99.328,49.664,99.328,49.664,0.0007045689053429537,0.8498588191540626,0.0,0.0
132,Device,Conv2DBackpropInput,gradient_tape/inception_v3/conv2d_77/Conv2D/Conv2DBackpropInput,2,99.328,49.664,99.328,49.664,0.0007045689053429537,0.8505633880594056,0.0,0.0
133,Device,Conv2D,inception_v3/conv2d_30/Conv2D,4,99.328,24.832,99.328,24.832,0.0007045689053429537,0.8512679569647486,0.0,0.0
134,Device,Conv2D,inception_v3/conv2d_60/Conv2D,4,99.328,24.832,99.328,24.832,0.0007045689053429537,0.8519725258700915,0.0,0.0
135,Device,Conv2D,inception_v3/conv2d_70/Conv2D,4,99.328,24.832,99.328,24.832,0.0007045689053429537,0.8526770947754345,0.0,0.0
136,Device,Conv2D,inception_v3/conv2d_52/Conv2D,4,98.306,24.5765,98.306,24.5765,0.0006973194950934723,0.853374414270528,0.0,0.0
137,Device,Conv2DBackpropInput,gradient_tape/inception_v3/conv2d_10/Conv2D/Conv2DBackpropInput,2,98.304,49.152,98.304,49.152,0.0006973053083806553,0.8540717195789086,0.0,0.0
138,Device,Conv2DBackpropInput,gradient_tape/inception_v3/conv2d_17/Conv2D/Conv2DBackpropInput,2,98.304,49.152,98.304,49.152,0.0006973053083806553,0.8547690248872892,0.0,0.0
139,Device,Conv2DBackpropFilter,gradient_tape/inception_v3/conv2d_42/Conv2D/Conv2DBackpropFilter,4,98.304,24.576,98.304,24.576,0.0006973053083806553,0.8554663301956699,0.0,0.0
140,Device,Conv2DBackpropFilter,gradient_tape/inception_v3/conv2d_46/Conv2D/Conv2DBackpropFilter,4,98.304,24.576,98.304,24.576,0.0006973053083806553,0.8561636355040505,0.0,0.0
141,Device,Conv2DBackpropInput,gradient_tape/inception_v3/conv2d_75/Conv2D/Conv2DBackpropInput,2,98.304,49.152,98.304,49.152,0.0006973053083806553,0.8568609408124311,0.0,0.0
142,Device,Conv2D,inception_v3/conv2d_10/Conv2D,2,98.304,49.152,98.304,49.152,0.0006973053083806553,0.8575582461208118,0.0,0.0
143,Device,Conv2D,inception_v3/conv2d_42/Conv2D,4,98.304,24.576,98.304,24.576,0.0006973053083806553,0.8582555514291924,0.0,0.0
144,Device,Conv2D,inception_v3/conv2d_51/Conv2D,4,97.281,24.32025,97.281,24.32025,0.0006900488047747653,0.8589456002339672,0.0,0.0
145,Device,Conv2D,inception_v3/conv2d_7/Conv2D,4,97.281,24.32025,97.281,24.32025,0.0006900488047747653,0.8596356490387419,0.0,0.0
146,Device,Conv2DBackpropFilter,gradient_tape/inception_v3/conv2d_52/Conv2D/Conv2DBackpropFilter,4,97.28,24.32,97.28,24.32,0.0006900417114183568,0.8603256907501603,0.0,0.0
147,Device,Conv2D,inception_v3/conv2d_24/Conv2D,2,97.28,48.64,97.28,48.64,0.0006900417114183568,0.8610157324615787,0.0,0.0
148,Device,Conv2D,inception_v3/conv2d_47/Conv2D,4,97.28,24.32,97.28,24.32,0.0006900417114183568,0.8617057741729971,0.0,0.0
149,Device,Conv2D,inception_v3/conv2d_48/Conv2D,4,97.28,24.32,97.28,24.32,0.0006900417114183568,0.8623958158844155,0.0,0.0
150,Device,Conv2D,inception_v3/conv2d_57/Conv2D,4,97.28,24.32,97.28,24.32,0.0006900417114183568,0.8630858575958339,0.0,0.0
151,Device,Conv2D,inception_v3/conv2d_58/Conv2D,4,97.28,24.32,97.28,24.32,0.0006900417114183568,0.8637758993072523,0.0,0.0
152,Device,Conv2D,inception_v3/conv2d_50/Conv2D,4,96.257,24.06425,96.257,24.06425,0.0006827852078124668,0.8644586845150648,0.0,0.0
153,Device,Conv2D,inception_v3/conv2d_17/Conv2D,2,96.256,48.128,96.256,48.128,0.0006827781144560582,0.8651414626295209,0.0,0.0
154,Device,Conv2D,inception_v3/conv2d_40/Conv2D,4,96.256,24.064,96.256,24.064,0.0006827781144560582,0.8658242407439769,0.0,0.0
155,Device,Conv2D,inception_v3/conv2d_43/Conv2D,4,96.256,24.064,96.256,24.064,0.0006827781144560582,0.866507018858433,0.0,0.0
156,Device,Conv2D,inception_v3/conv2d_45/Conv2D,4,96.256,24.064,96.256,24.064,0.0006827781144560582,0.867189796972889,0.0,0.0
157,Device,Conv2D,inception_v3/conv2d_46/Conv2D,4,96.256,24.064,96.256,24.064,0.0006827781144560582,0.867872575087345,0.0,0.0
158,Device,Conv2D,inception_v3/conv2d_53/Conv2D,4,96.256,24.064,96.256,24.064,0.0006827781144560582,0.8685553532018011,0.0,0.0
159,Device,Conv2D,inception_v3/conv2d_54/Conv2D,4,96.256,24.064,96.256,24.064,0.0006827781144560582,0.8692381313162572,0.0,0.0
160,Device,Conv2D,inception_v3/conv2d_64/Conv2D,4,96.256,24.064,96.256,24.064,0.0006827781144560582,0.8699209094307132,0.0,0.0
161,Device,MaxPoolGrad,gradient_tape/inception_v3/max_pooling2d_1/MaxPool/MaxPoolGrad,2,95.233,47.6165,95.233,47.6165,0.0006755216108501683,0.8705964310415634,0.0,0.0
162,Device,Conv2D,inception_v3/conv2d_41/Conv2D,4,95.233,23.80825,95.233,23.80825,0.0006755216108501683,0.8712719526524135,0.0,0.0
163,Device,Conv2D,inception_v3/conv2d_55/Conv2D,4,95.233,23.80825,95.233,23.80825,0.0006755216108501683,0.8719474742632637,0.0,0.0
164,Device,Conv2D,inception_v3/conv2d_14/Conv2D,4,94.208,23.552,94.208,23.552,0.0006682509205314613,0.8726157251837952,0.0,0.0
165,Device,Conv2D,inception_v3/conv2d_21/Conv2D,4,93.184,23.296,93.184,23.296,0.0006609873235691628,0.8732767125073643,0.0,0.0
166,Device,Conv2D,inception_v3/conv2d_44/Conv2D,4,93.184,23.296,93.184,23.296,0.0006609873235691628,0.8739376998309334,0.0,0.0
167,Device,MaxPool,inception_v3/max_pooling2d/MaxPool,2,93.184,46.592,93.184,46.592,0.0006609873235691628,0.8745986871545025,0.0,0.0
168,Device,Conv2DBackpropInput,gradient_tape/inception_v3/conv2d_38/Conv2D/Conv2DBackpropInput,2,92.161,46.0805,92.161,46.0805,0.0006537308199632728,0.8752524179744657,0.0,0.0
169,Device,Conv2D,inception_v3/conv2d_34/Conv2D,4,92.161,23.04025,92.161,23.04025,0.0006537308199632728,0.875906148794429,0.0,0.0
170,Device,Conv2D,inception_v3/conv2d_31/Conv2D,4,91.136,22.784,91.136,22.784,0.0006464601296445658,0.8765526089240735,0.0,0.0
171,Device,ReluGrad,gradient_tape/inception_v3/activation/ReluGrad,2,90.112,45.056,90.112,45.056,0.0006391965326822673,0.8771918054567558,0.0,0.0
172,Device,Conv2DBackpropInput,gradient_tape/inception_v3/conv2d_33/Conv2D/Conv2DBackpropInput,2,90.112,45.056,90.112,45.056,0.0006391965326822673,0.8778310019894381,0.0,0.0
173,Device,FusedBatchNormGradV3,gradient_tape/inception_v3/batch_normalization_3/FusedBatchNormGradV3,2,88.064,44.032,88.064,44.032,0.0006246693387576702,0.8784556713281958,0.0,0.0
174,Device,Conv2D,inception_v3/conv2d_33/Conv2D,4,87.041,21.76025,87.041,21.76025,0.0006174128351517803,0.8790730841633476,0.0,0.0
175,Device,ReluGrad,gradient_tape/inception_v3/activation_1/ReluGrad,2,87.04,43.52,87.04,43.52,0.0006174057417953719,0.879690489905143,0.0,0.0
176,Device,Conv2DBackpropInput,gradient_tape/inception_v3/conv2d_32/Conv2D/Conv2DBackpropInput,4,87.04,21.76,87.04,21.76,0.0006174057417953719,0.8803078956469383,0.0,0.0
177,Device,Conv2DBackpropInput,gradient_tape/inception_v3/conv2d_36/Conv2D/Conv2DBackpropInput,4,86.017,21.50425,86.017,21.50425,0.0006101492381894819,0.8809180448851278,0.0,0.0
178,Device,ResourceApplyGradientDescent,SGD/SGD/update_173/ResourceApplyGradientDescent,2,84.992,42.496,84.992,42.496,0.0006028785478707748,0.8815209234329986,0.0,0.0
179,Device,Conv2DBackpropInput,gradient_tape/inception_v3/conv2d_37/Conv2D/Conv2DBackpropInput,4,84.992,21.248,84.992,21.248,0.0006028785478707748,0.8821238019808694,0.0,0.0
180,Device,Conv2D,inception_v3/conv2d_38/Conv2D,4,84.992,21.248,84.992,21.248,0.0006028785478707748,0.8827266805287401,0.0,0.0
181,Device,Conv2D,inception_v3/conv2d_32/Conv2D,4,83.969,20.99225,83.969,20.99225,0.0005956220442648848,0.883322302573005,0.0,0.0
182,Device,Conv2DBackpropInput,gradient_tape/inception_v3/conv2d_35/Conv2D/Conv2DBackpropInput,4,83.968,20.992,83.968,20.992,0.0005956149509084764,0.8839179175239135,0.0,0.0
183,Device,Conv2D,inception_v3/conv2d_37/Conv2D,4,82.946,20.7365,82.946,20.7365,0.0005883655406589949,0.8845062830645725,0.0,0.0
184,Device,Conv2D,inception_v3/conv2d_29/Conv2D,4,82.944,20.736,82.944,20.736,0.0005883513539461779,0.8850946344185187,0.0,0.0
185,Device,Conv2D,inception_v3/conv2d_35/Conv2D,4,82.944,20.736,82.944,20.736,0.0005883513539461779,0.8856829857724648,0.0,0.0
186,Device,Conv2D,inception_v3/conv2d_36/Conv2D,4,80.896,20.224,80.896,20.224,0.0005738241600215809,0.8862568099324865,0.0,0.0
187,Device,ResourceApplyGradientDescent,SGD/SGD/update_155/ResourceApplyGradientDescent,2,79.873,39.9365,79.873,39.9365,0.0005665676564156909,0.8868233775889022,0.0,0.0
188,Device,MaxPoolGrad,gradient_tape/inception_v3/max_pooling2d_3/MaxPool/MaxPoolGrad,2,79.872,39.936,79.872,39.936,0.0005665605630592824,0.8873899381519614,0.0,0.0
189,Device,Conv2DBackpropFilter,gradient_tape/inception_v3/conv2d_16/Conv2D/Conv2DBackpropFilter,2,77.824,38.912,77.824,38.912,0.0005520333691346854,0.8879419715210961,0.0,0.0
190,Device,Conv2DBackpropFilter,gradient_tape/inception_v3/conv2d_28/Conv2D/Conv2DBackpropFilter,2,77.824,38.912,77.824,38.912,0.0005520333691346854,0.8884940048902308,0.0,0.0
191,Device,Conv2DBackpropFilter,gradient_tape/inception_v3/conv2d_49/Conv2D/Conv2DBackpropFilter,4,77.824,19.456,77.824,19.456,0.0005520333691346854,0.8890460382593655,0.0,0.0
192,Device,Conv2DBackpropFilter,gradient_tape/inception_v3/conv2d_23/Conv2D/Conv2DBackpropFilter,2,76.8,38.4,76.8,38.4,0.0005447697721723869,0.8895908080315379,0.0,0.0
193,Device,Conv2DBackpropFilter,gradient_tape/inception_v3/conv2d_40/Conv2D/Conv2DBackpropFilter,4,75.777,18.94425,75.777,18.94425,0.0005375132685664969,0.8901283213001044,0.0,0.0
194,Device,Conv2DBackpropFilter,gradient_tape/inception_v3/conv2d_9/Conv2D/Conv2DBackpropFilter,2,75.777,37.8885,75.777,37.8885,0.0005375132685664969,0.890665834568671,0.0,0.0
195,Device,Conv2D,inception_v3/conv2d_9/Conv2D,2,75.777,37.8885,75.777,37.8885,0.0005375132685664969,0.8912033478372375,0.0,0.0
196,Device,Conv2DBackpropFilter,gradient_tape/inception_v3/conv2d_59/Conv2D/Conv2DBackpropFilter,4,75.776,18.944,75.776,18.944,0.0005375061752100884,0.8917408540124476,0.0,0.0
197,Device,Conv2DBackpropFilter,gradient_tape/inception_v3/conv2d_60/Conv2D/Conv2DBackpropFilter,4,75.776,18.944,75.776,18.944,0.0005375061752100884,0.8922783601876577,0.0,0.0
198,Device,Conv2DBackpropFilter,gradient_tape/inception_v3/conv2d_69/Conv2D/Conv2DBackpropFilter,4,75.776,18.944,75.776,18.944,0.0005375061752100884,0.8928158663628678,0.0,0.0
199,Device,Conv2DBackpropInput,gradient_tape/inception_v3/conv2d_76/Conv2D/Conv2DBackpropInput,2,75.776,37.888,75.776,37.888,0.0005375061752100884,0.8933533725380779,0.0,0.0
200,Device,Conv2D,inception_v3/conv2d_16/Conv2D,2,75.776,37.888,75.776,37.888,0.0005375061752100884,0.893890878713288,0.0,0.0
201,Device,Conv2D,inception_v3/conv2d_23/Conv2D,2,75.776,37.888,75.776,37.888,0.0005375061752100884,0.8944283848884981,0.0,0.0
202,Device,Conv2DBackpropFilter,gradient_tape/inception_v3/conv2d_30/Conv2D/Conv2DBackpropFilter,4,74.753,18.68825,74.753,18.68825,0.0005302496716041985,0.8949586345601023,0.0,0.0
203,Device,Conv2D,inception_v3/conv2d_28/Conv2D,2,74.753,37.3765,74.753,37.3765,0.0005302496716041985,0.8954888842317065,0.0,0.0
204,Device,Conv2DBackpropInput,gradient_tape/inception_v3/conv2d_40/Conv2D/Conv2DBackpropInput,2,74.752,37.376,74.752,37.376,0.0005302425782477899,0.8960191268099542,0.0,0.0
205,Device,Conv2DBackpropFilter,gradient_tape/inception_v3/conv2d_64/Conv2D/Conv2DBackpropFilter,4,74.752,18.688,74.752,18.688,0.0005302425782477899,0.896549369388202,0.0,0.0
206,Device,Conv2DBackpropFilter,gradient_tape/inception_v3/conv2d_89/Conv2D/Conv2DBackpropFilter,4,74.752,18.688,74.752,18.688,0.0005302425782477899,0.8970796119664497,0.0,0.0
207,Device,Relu,inception_v3/activation_4/Relu,2,74.752,37.376,74.752,37.376,0.0005302425782477899,0.8976098545446974,0.0,0.0
208,Device,Conv2DBackpropFilter,gradient_tape/inception_v3/conv2d_39/Conv2D/Conv2DBackpropFilter,4,73.729,18.43225,73.729,18.43225,0.0005229860746418999,0.8981328406193393,0.0,0.0
209,Device,Conv2DBackpropFilter,gradient_tape/inception_v3/conv2d_50/Conv2D/Conv2DBackpropFilter,4,73.729,18.43225,73.729,18.43225,0.0005229860746418999,0.8986558266939811,0.0,0.0
210,Device,Conv2DBackpropFilter,gradient_tape/inception_v3/conv2d_18/Conv2D/Conv2DBackpropFilter,2,72.704,36.352,72.704,36.352,0.0005157153843231929,0.8991715420783043,0.0,0.0
211,Device,Conv2DBackpropFilter,gradient_tape/inception_v3/conv2d_22/Conv2D/Conv2DBackpropFilter,2,72.704,36.352,72.704,36.352,0.0005157153843231929,0.8996872574626275,0.0,0.0
212,Device,Conv2DBackpropFilter,gradient_tape/inception_v3/conv2d_25/Conv2D/Conv2DBackpropFilter,2,72.704,36.352,72.704,36.352,0.0005157153843231929,0.9002029728469506,0.0,0.0
213,Device,Conv2DBackpropInput,gradient_tape/inception_v3/conv2d_60/Conv2D/Conv2DBackpropInput,2,72.704,36.352,72.704,36.352,0.0005157153843231929,0.9007186882312738,0.0,0.0
214,Device,Conv2DBackpropFilter,gradient_tape/inception_v3/conv2d_61/Conv2D/Conv2DBackpropFilter,4,72.704,18.176,72.704,18.176,0.0005157153843231929,0.9012344036155969,0.0,0.0
215,Device,Conv2DBackpropInput,gradient_tape/inception_v3/conv2d_61/Conv2D/Conv2DBackpropInput,2,72.704,36.352,72.704,36.352,0.0005157153843231929,0.9017501189999201,0.0,0.0
216,Device,Conv2DBackpropFilter,gradient_tape/inception_v3/conv2d_72/Conv2D/Conv2DBackpropFilter,4,72.704,18.176,72.704,18.176,0.0005157153843231929,0.9022658343842432,0.0,0.0
217,Device,Conv2DBackpropFilter,gradient_tape/inception_v3/conv2d_41/Conv2D/Conv2DBackpropFilter,4,71.681,17.92025,71.681,17.92025,0.000508458880717303,0.9027742932649605,0.0,0.0
218,Device,Conv2DBackpropFilter,gradient_tape/inception_v3/conv2d_12/Conv2D/Conv2DBackpropFilter,2,71.68,35.84,71.68,35.84,0.0005084517873608945,0.9032827450523214,0.0,0.0
219,Device,Conv2DBackpropFilter,gradient_tape/inception_v3/conv2d_19/Conv2D/Conv2DBackpropFilter,2,71.68,35.84,71.68,35.84,0.0005084517873608945,0.9037911968396823,0.0,0.0
220,Device,Conv2DBackpropInput,gradient_tape/inception_v3/conv2d_50/Conv2D/Conv2DBackpropInput,2,71.68,35.84,71.68,35.84,0.0005084517873608945,0.9042996486270433,0.0,0.0
221,Device,Conv2DBackpropInput,gradient_tape/inception_v3/conv2d_64/Conv2D/Conv2DBackpropInput,2,71.68,35.84,71.68,35.84,0.0005084517873608945,0.9048081004144042,0.0,0.0
222,Device,Conv2DBackpropFilter,gradient_tape/inception_v3/conv2d_70/Conv2D/Conv2DBackpropFilter,4,71.68,17.92,71.68,17.92,0.0005084517873608945,0.9053165522017651,0.0,0.0
223,Device,Conv2DBackpropInput,gradient_tape/inception_v3/conv2d_70/Conv2D/Conv2DBackpropInput,2,71.68,35.84,71.68,35.84,0.0005084517873608945,0.905825003989126,0.0,0.0
224,Device,Conv2DBackpropInput,gradient_tape/inception_v3/conv2d_72/Conv2D/Conv2DBackpropInput,2,71.68,35.84,71.68,35.84,0.0005084517873608945,0.9063334557764869,0.0,0.0
225,Device,Conv2DBackpropFilter,gradient_tape/inception_v3/conv2d_54/Conv2D/Conv2DBackpropFilter,4,70.657,17.66425,70.657,17.66425,0.0005011952837550045,0.906834651060242,0.0,0.0
226,Device,Conv2DBackpropFilter,gradient_tape/inception_v3/conv2d_15/Conv2D/Conv2DBackpropFilter,2,70.656,35.328,70.656,35.328,0.000501188190398596,0.9073358392506405,0.0,0.0
227,Device,Conv2DBackpropFilter,gradient_tape/inception_v3/conv2d_27/Conv2D/Conv2DBackpropFilter,2,70.656,35.328,70.656,35.328,0.000501188190398596,0.9078370274410391,0.0,0.0
228,Device,Conv2DBackpropFilter,gradient_tape/inception_v3/conv2d_34/Conv2D/Conv2DBackpropFilter,4,70.656,17.664,70.656,17.664,0.000501188190398596,0.9083382156314377,0.0,0.0
229,Device,Conv2DBackpropInput,gradient_tape/inception_v3/conv2d_39/Conv2D/Conv2DBackpropInput,2,70.656,35.328,70.656,35.328,0.000501188190398596,0.9088394038218363,0.0,0.0
230,Device,Conv2DBackpropFilter,gradient_tape/inception_v3/conv2d_44/Conv2D/Conv2DBackpropFilter,4,70.656,17.664,70.656,17.664,0.000501188190398596,0.9093405920122348,0.0,0.0
231,Device,Conv2DBackpropInput,gradient_tape/inception_v3/conv2d_59/Conv2D/Conv2DBackpropInput,2,70.656,35.328,70.656,35.328,0.000501188190398596,0.9098417802026334,0.0,0.0
232,Device,Relu,inception_v3/activation/Relu,2,70.656,35.328,70.656,35.328,0.000501188190398596,0.910342968393032,0.0,0.0
233,Device,Conv2DBackpropFilter,gradient_tape/inception_v3/conv2d_51/Conv2D/Conv2DBackpropFilter,4,69.634,17.4085,69.634,17.4085,0.0004939387801491144,0.9108369071731811,0.0,0.0
234,Device,Conv2DBackpropInput,gradient_tape/inception_v3/conv2d_30/Conv2D/Conv2DBackpropInput,2,69.632,34.816,69.632,34.816,0.0004939245934362975,0.9113308317666174,0.0,0.0
235,Device,Conv2DBackpropFilter,gradient_tape/inception_v3/conv2d_31/Conv2D/Conv2DBackpropFilter,4,69.632,17.408,69.632,17.408,0.0004939245934362975,0.9118247563600538,0.0,0.0
236,Device,Conv2DBackpropInput,gradient_tape/inception_v3/conv2d_49/Conv2D/Conv2DBackpropInput,2,69.632,34.816,69.632,34.816,0.0004939245934362975,0.9123186809534901,0.0,0.0
237,Device,Conv2DBackpropInput,gradient_tape/inception_v3/conv2d_69/Conv2D/Conv2DBackpropInput,2,69.632,34.816,69.632,34.816,0.0004939245934362975,0.9128126055469264,0.0,0.0
238,Device,Conv2DBackpropFilter,gradient_tape/inception_v3/conv2d_20/Conv2D/Conv2DBackpropFilter,2,68.608,34.304,68.608,34.304,0.000486660996473999,0.9132992665434004,0.0,0.0
239,Device,Conv2DBackpropInput,gradient_tape/inception_v3/conv2d_29/Conv2D/Conv2DBackpropInput,2,68.608,34.304,68.608,34.304,0.000486660996473999,0.9137859275398744,0.0,0.0
240,Device,Conv2DBackpropFilter,gradient_tape/inception_v3/conv2d_36/Conv2D/Conv2DBackpropFilter,2,67.585,33.7925,67.585,33.7925,0.00047940449286810896,0.9142653320327425,0.0,0.0
241,Device,Conv2DBackpropFilter,gradient_tape/inception_v3/conv2d_86/Conv2D/Conv2DBackpropFilter,4,66.561,16.64025,66.561,16.64025,0.00047214089590581055,0.9147374729286484,0.0,0.0
242,Device,Relu,inception_v3/activation_1/Relu,2,66.561,33.2805,66.561,33.2805,0.00047214089590581055,0.9152096138245542,0.0,0.0
243,Device,Conv2DBackpropFilter,gradient_tape/inception_v3/conv2d_13/Conv2D/Conv2DBackpropFilter,2,66.56,33.28,66.56,33.28,0.000472133802549402,0.9156817476271036,0.0,0.0
244,Device,Conv2DBackpropFilter,gradient_tape/inception_v3/conv2d_71/Conv2D/Conv2DBackpropFilter,2,65.537,32.7685,65.537,32.7685,0.000464877298943512,0.9161466249260471,0.0,0.0
245,Device,Conv2DBackpropFilter,gradient_tape/inception_v3/conv2d_32/Conv2D/Conv2DBackpropFilter,2,65.536,32.768,65.536,32.768,0.00046487020558710353,0.9166114951316342,0.0,0.0
246,Device,Conv2DBackpropInput,gradient_tape/inception_v3/conv2d_41/Conv2D/Conv2DBackpropInput,2,65.536,32.768,65.536,32.768,0.00046487020558710353,0.9170763653372213,0.0,0.0
247,Device,Conv2DBackpropInput,gradient_tape/inception_v3/conv2d_44/Conv2D/Conv2DBackpropInput,2,65.536,32.768,65.536,32.768,0.00046487020558710353,0.9175412355428083,0.0,0.0
248,Device,Conv2DBackpropInput,gradient_tape/inception_v3/conv2d_54/Conv2D/Conv2DBackpropInput,2,65.536,32.768,65.536,32.768,0.00046487020558710353,0.9180061057483954,0.0,0.0
249,Device,Conv2DBackpropInput,gradient_tape/inception_v3/conv2d_93/Conv2D/Conv2DBackpropInput,2,65.536,32.768,65.536,32.768,0.00046487020558710353,0.9184709759539824,0.0,0.0
250,Device,Conv2DBackpropFilter,gradient_tape/inception_v3/conv2d_35/Conv2D/Conv2DBackpropFilter,2,64.512,32.256,64.512,32.256,0.000457606608624805,0.9189285825626072,0.0,0.0
251,Device,Conv2DBackpropFilter,gradient_tape/inception_v3/conv2d_37/Conv2D/Conv2DBackpropFilter,2,64.512,32.256,64.512,32.256,0.000457606608624805,0.919386189171232,0.0,0.0
252,Device,Conv2DBackpropInput,gradient_tape/inception_v3/conv2d_51/Conv2D/Conv2DBackpropInput,2,64.512,32.256,64.512,32.256,0.000457606608624805,0.9198437957798569,0.0,0.0
253,Device,AddN,SGD/gradients/AddN_12,2,63.488,31.744,63.488,31.744,0.00045034301166250654,0.9202941387915193,0.0,0.0
254,Device,Conv2DBackpropFilter,gradient_tape/inception_v3/conv2d_75/Conv2D/Conv2DBackpropFilter,2,63.488,31.744,63.488,31.744,0.00045034301166250654,0.9207444818031818,0.0,0.0
255,Device,Conv2DBackpropFilter,gradient_tape/inception_v3/conv2d_85/Conv2D/Conv2DBackpropFilter,2,63.488,31.744,63.488,31.744,0.00045034301166250654,0.9211948248148443,0.0,0.0
256,Device,Conv2DBackpropFilter,gradient_tape/inception_v3/conv2d_29/Conv2D/Conv2DBackpropFilter,2,62.464,31.232,62.464,31.232,0.000443079414700208,0.9216379042295445,0.0,0.0
257,Device,Conv2DBackpropInput,gradient_tape/inception_v3/conv2d_16/Conv2D/Conv2DBackpropInput,2,61.441,30.7205,61.441,30.7205,0.00043582291109431803,0.9220737271406388,0.0,0.0
258,Device,Conv2DBackpropInput,gradient_tape/inception_v3/conv2d_23/Conv2D/Conv2DBackpropInput,2,61.441,30.7205,61.441,30.7205,0.00043582291109431803,0.9225095500517332,0.0,0.0
259,Device,ReluGrad,gradient_tape/inception_v3/activation_3/ReluGrad,2,61.44,30.72,61.44,30.72,0.0004358158177379095,0.9229453658694711,0.0,0.0
260,Device,Conv2DBackpropInput,gradient_tape/inception_v3/conv2d_28/Conv2D/Conv2DBackpropInput,2,61.44,30.72,61.44,30.72,0.0004358158177379095,0.923381181687209,0.0,0.0
261,Device,Conv2D,inception_v3/conv2d_27/Conv2D,2,60.417,30.2085,60.417,30.2085,0.00042855931413201956,0.923809741001341,0.0,0.0
262,Device,Conv2DBackpropInput,gradient_tape/inception_v3/conv2d_31/Conv2D/Conv2DBackpropInput,2,60.416,30.208,60.416,30.208,0.000428552220775611,0.9242382932221166,0.0,0.0
263,Device,Conv2DBackpropInput,gradient_tape/inception_v3/conv2d_34/Conv2D/Conv2DBackpropInput,2,60.416,30.208,60.416,30.208,0.000428552220775611,0.9246668454428922,0.0,0.0
264,Device,Conv2DBackpropInput,gradient_tape/inception_v3/conv2d_9/Conv2D/Conv2DBackpropInput,2,60.416,30.208,60.416,30.208,0.000428552220775611,0.9250953976636679,0.0,0.0
265,Device,Conv2D,inception_v3/conv2d_25/Conv2D,2,59.392,29.696,59.392,29.696,0.00042128862381331255,0.9255166862874812,0.0,0.0
266,Device,Conv2D,inception_v3/conv2d_3/Conv2D,2,59.392,29.696,59.392,29.696,0.00042128862381331255,0.9259379749112945,0.0,0.0
267,Device,MaxPool,inception_v3/max_pooling2d_1/MaxPool,2,59.392,29.696,59.392,29.696,0.00042128862381331255,0.9263592635351078,0.0,0.0
268,Device,Conv2DBackpropInput,gradient_tape/inception_v3/conv2d_3/Conv2D/Conv2DBackpropInput,2,57.345,28.6725,57.345,28.6725,0.00040676852324512405,0.926766032058353,0.0,0.0
269,Device,Conv2D,inception_v3/conv2d_18/Conv2D,2,57.345,28.6725,57.345,28.6725,0.00040676852324512405,0.9271728005815981,0.0,0.0
270,Device,AddN,SGD/gradients/AddN_13,2,57.344,28.672,57.344,28.672,0.00040676142988871556,0.9275795620114868,0.0,0.0
271,Device,ResourceApplyGradientDescent,SGD/SGD/update_56/ResourceApplyGradientDescent,2,56.32,28.16,56.32,28.16,0.0003994978329264171,0.9279790598444132,0.0,0.0
272,Device,Conv2DBackpropFilter,gradient_tape/inception_v3/conv2d_11/Conv2D/Conv2DBackpropFilter,2,55.296,27.648,55.296,27.648,0.00039223423596411856,0.9283712940803773,0.0,0.0
273,Device,Conv2DBackpropFilter,gradient_tape/inception_v3/conv2d_5/Conv2D/Conv2DBackpropFilter,2,55.296,27.648,55.296,27.648,0.00039223423596411856,0.9287635283163415,0.0,0.0
274,Device,Conv2DBackpropFilter,gradient_tape/inception_v3/conv2d_79/Conv2D/Conv2DBackpropFilter,2,55.296,27.648,55.296,27.648,0.00039223423596411856,0.9291557625523056,0.0,0.0
275,Device,Conv2DBackpropFilter,gradient_tape/inception_v3/conv2d_8/Conv2D/Conv2DBackpropFilter,2,55.296,27.648,55.296,27.648,0.00039223423596411856,0.9295479967882697,0.0,0.0
276,Device,Conv2DBackpropFilter,gradient_tape/inception_v3/conv2d_82/Conv2D/Conv2DBackpropFilter,2,55.296,27.648,55.296,27.648,0.00039223423596411856,0.9299402310242338,0.0,0.0
277,Device,Conv2DBackpropFilter,gradient_tape/inception_v3/conv2d_91/Conv2D/Conv2DBackpropFilter,2,55.296,27.648,55.296,27.648,0.00039223423596411856,0.930332465260198,0.0,0.0
278,Device,Conv2DBackpropFilter,gradient_tape/inception_v3/conv2d_92/Conv2D/Conv2DBackpropFilter,2,55.296,27.648,55.296,27.648,0.00039223423596411856,0.9307246994961621,0.0,0.0
279,Device,Conv2D,inception_v3/conv2d_19/Conv2D,2,55.296,27.648,55.296,27.648,0.00039223423596411856,0.9311169337321262,0.0,0.0
280,Device,Conv2DBackpropFilter,gradient_tape/inception_v3/conv2d_87/Conv2D/Conv2DBackpropFilter,2,54.273,27.1365,54.273,27.1365,0.0003849777323582286,0.9315019114644845,0.0,0.0
281,Device,Conv2DBackpropFilter,gradient_tape/inception_v3/conv2d_88/Conv2D/Conv2DBackpropFilter,2,54.273,27.1365,54.273,27.1365,0.0003849777323582286,0.9318868891968427,0.0,0.0
282,Device,Conv2DBackpropInput,gradient_tape/inception_v3/conv2d_27/Conv2D/Conv2DBackpropInput,2,54.272,27.136,54.272,27.136,0.0003849706390018201,0.9322718598358445,0.0,0.0
283,Device,Conv2DBackpropFilter,gradient_tape/inception_v3/conv2d_78/Conv2D/Conv2DBackpropFilter,2,54.272,27.136,54.272,27.136,0.0003849706390018201,0.9326568304748463,0.0,0.0
284,Device,Conv2DBackpropInput,gradient_tape/inception_v3/conv2d_12/Conv2D/Conv2DBackpropInput,2,53.249,26.6245,53.249,26.6245,0.0003777141353959301,0.9330345446102422,0.0,0.0
285,Device,Conv2DBackpropFilter,gradient_tape/inception_v3/conv2d_6/Conv2D/Conv2DBackpropFilter,2,53.249,26.6245,53.249,26.6245,0.0003777141353959301,0.933412258745638,0.0,0.0
286,Device,Conv2D,inception_v3/conv2d_22/Conv2D,2,53.249,26.6245,53.249,26.6245,0.0003777141353959301,0.9337899728810339,0.0,0.0
287,Device,Conv2DBackpropInput,gradient_tape/inception_v3/conv2d_22/Conv2D/Conv2DBackpropInput,2,53.248,26.624,53.248,26.624,0.00037770704203952157,0.9341676799230735,0.0,0.0
288,Device,Conv2DBackpropFilter,gradient_tape/inception_v3/conv2d_83/Conv2D/Conv2DBackpropFilter,2,53.248,26.624,53.248,26.624,0.00037770704203952157,0.934545386965113,0.0,0.0
289,Device,AvgPoolGrad,gradient_tape/inception_v3/average_pooling2d_2/AvgPoolGrad,2,52.224,26.112,52.224,26.112,0.0003704434450772231,0.9349158304101902,0.0,0.0
290,Device,Conv2DBackpropInput,gradient_tape/inception_v3/conv2d_19/Conv2D/Conv2DBackpropInput,2,52.224,26.112,52.224,26.112,0.0003704434450772231,0.9352862738552674,0.0,0.0
291,Device,Conv2DBackpropInput,gradient_tape/inception_v3/conv2d_25/Conv2D/Conv2DBackpropInput,2,52.224,26.112,52.224,26.112,0.0003704434450772231,0.9356567173003446,0.0,0.0
292,Device,Conv2DBackpropFilter,gradient_tape/inception_v3/conv2d_80/Conv2D/Conv2DBackpropFilter,2,52.224,26.112,52.224,26.112,0.0003704434450772231,0.9360271607454218,0.0,0.0
293,Device,Conv2D,inception_v3/conv2d_20/Conv2D,2,52.224,26.112,52.224,26.112,0.0003704434450772231,0.936397604190499,0.0,0.0
294,Device,Conv2DBackpropInput,gradient_tape/inception_v3/conv2d_18/Conv2D/Conv2DBackpropInput,2,51.2,25.6,51.2,25.6,0.00036317984811492463,0.936760784038614,0.0,0.0
295,Device,Conv2DBackpropInput,gradient_tape/inception_v3/conv2d_84/Conv2D/Conv2DBackpropInput,2,51.2,25.6,51.2,25.6,0.00036317984811492463,0.9371239638867289,0.0,0.0
296,Device,Conv2D,inception_v3/conv2d_12/Conv2D,2,51.2,25.6,51.2,25.6,0.00036317984811492463,0.9374871437348439,0.0,0.0
297,Device,Conv2DBackpropInput,gradient_tape/inception_v3/conv2d_15/Conv2D/Conv2DBackpropInput,2,50.176,25.088,50.176,25.088,0.0003559162511526261,0.9378430599859965,0.0,0.0
298,Device,Conv2DBackpropInput,gradient_tape/inception_v3/conv2d_20/Conv2D/Conv2DBackpropInput,2,50.176,25.088,50.176,25.088,0.0003559162511526261,0.9381989762371491,0.0,0.0
299,Device,Conv2D,inception_v3/conv2d_15/Conv2D,2,50.176,25.088,50.176,25.088,0.0003559162511526261,0.9385548924883017,0.0,0.0
300,Device,Conv2DBackpropInput,gradient_tape/inception_v3/conv2d_13/Conv2D/Conv2DBackpropInput,2,49.153,24.5765,49.153,24.5765,0.0003486597475467361,0.9389035522358484,0.0,0.0
301,Device,Conv2D,inception_v3/conv2d_13/Conv2D,2,49.152,24.576,49.152,24.576,0.00034865265419032764,0.9392522048900388,0.0,0.0
302,Device,AddN,SGD/gradients/AddN_11,2,48.128,24.064,48.128,24.064,0.0003413890572280291,0.9395935939472668,0.0,0.0
303,Device,AvgPoolGrad,gradient_tape/inception_v3/average_pooling2d_1/AvgPoolGrad,2,47.104,23.552,47.104,23.552,0.00033412546026573064,0.9399277194075325,0.0,0.0
304,Device,AvgPool,inception_v3/average_pooling2d_2/AvgPool,2,47.104,23.552,47.104,23.552,0.00033412546026573064,0.9402618448677982,0.0,0.0
305,Device,FusedBatchNormV3,inception_v3/batch_normalization_3/FusedBatchNormV3,4,47.104,11.776,47.104,11.776,0.00033412546026573064,0.9405959703280639,0.0,0.0
306,Device,ResourceApplyGradientDescent,SGD/SGD/update_170/ResourceApplyGradientDescent,2,46.08,23.04,46.08,23.04,0.0003268618633034321,0.9409228321913673,0.0,0.0
307,Device,Conv2DBackpropInput,gradient_tape/inception_v3/conv2d_5/Conv2D/Conv2DBackpropInput,2,46.08,23.04,46.08,23.04,0.0003268618633034321,0.9412496940546707,0.0,0.0
308,Device,Conv2DBackpropInput,gradient_tape/inception_v3/conv2d_8/Conv2D/Conv2DBackpropInput,2,46.08,23.04,46.08,23.04,0.0003268618633034321,0.9415765559179742,0.0,0.0
309,Device,Conv2DBackpropFilter,gradient_tape/inception_v3/conv2d_77/Conv2D/Conv2DBackpropFilter,2,45.056,22.528,45.056,22.528,0.00031959826634113365,0.9418961541843153,0.0,0.0
310,Device,Conv2DBackpropInput,gradient_tape/inception_v3/conv2d_6/Conv2D/Conv2DBackpropInput,2,44.032,22.016,44.032,22.016,0.0003123346693788351,0.9422084888536941,0.0,0.0
311,Device,MaxPoolGrad,gradient_tape/inception_v3/max_pooling2d_2/MaxPool/MaxPoolGrad,2,44.032,22.016,44.032,22.016,0.0003123346693788351,0.942520823523073,0.0,0.0
312,Device,Conv2D,inception_v3/conv2d_5/Conv2D,2,44.032,22.016,44.032,22.016,0.0003123346693788351,0.9428331581924518,0.0,0.0
313,Device,AvgPool,inception_v3/average_pooling2d_1/AvgPool,2,43.009,21.5045,43.009,21.5045,0.00030507816577294514,0.9431382363582248,0.0,0.0
314,Device,AddN,SGD/gradients/AddN_14,2,43.008,21.504,43.008,21.504,0.0003050710724165367,0.9434433074306413,0.0,0.0
315,Device,Conv2DBackpropFilter,gradient_tape/inception_v3/conv2d_76/Conv2D/Conv2DBackpropFilter,2,43.008,21.504,43.008,21.504,0.0003050710724165367,0.9437483785030578,0.0,0.0
316,Device,Conv2D,inception_v3/conv2d_8/Conv2D,2,43.008,21.504,43.008,21.504,0.0003050710724165367,0.9440534495754743,0.0,0.0
317,Device,Conv2D,inception_v3/conv2d_11/Conv2D,2,41.984,20.992,41.984,20.992,0.0002978074754542382,0.9443512570509286,0.0,0.0
318,Device,Conv2D,inception_v3/conv2d_6/Conv2D,2,41.984,20.992,41.984,20.992,0.0002978074754542382,0.9446490645263829,0.0,0.0
319,Device,Conv2DBackpropFilter,gradient_tape/inception_v3/conv2d_93/Conv2D/Conv2DBackpropFilter,2,40.96,20.48,40.96,20.48,0.0002905438784919397,0.9449396084048748,0.0,0.0
320,Device,AddN,SGD/gradients/AddN_8,2,38.913,19.4565,38.913,19.4565,0.00027602377792375116,0.9452156321827986,0.0,0.0
321,Device,AvgPoolGrad,gradient_tape/inception_v3/average_pooling2d/AvgPoolGrad,2,38.913,19.4565,38.913,19.4565,0.00027602377792375116,0.9454916559607224,0.0,0.0
322,Device,AddN,SGD/gradients/AddN_7,2,38.912,19.456,38.912,19.456,0.0002760166845673427,0.9457676726452897,0.0,0.0
323,Device,AddN,SGD/gradients/AddN_10,2,37.888,18.944,37.888,18.944,0.0002687530876050442,0.9460364257328947,0.0,0.0
324,Device,AddN,SGD/gradients/AddN_9,2,37.888,18.944,37.888,18.944,0.0002687530876050442,0.9463051788204997,0.0,0.0
325,Device,Transpose,gradient_tape/inception_v3/conv2d/Conv2D/Conv2DBackpropFilter-0-TransposeNHWCToNCHW-LayoutOptimizer,2,37.888,18.944,37.888,18.944,0.0002687530876050442,0.9465739319081047,0.0,0.0
326,Device,Conv2DBackpropInput,gradient_tape/inception_v3/conv2d_11/Conv2D/Conv2DBackpropInput,2,37.888,18.944,37.888,18.944,0.0002687530876050442,0.9468426849957097,0.0,0.0
327,Device,ConcatV2,inception_v3/mixed1/concat,8,36.864,4.608,36.864,4.608,0.0002614894906427457,0.9471041744863524,0.0,0.0
328,Device,ConcatV2,inception_v3/mixed2/concat,8,36.864,4.608,36.864,4.608,0.0002614894906427457,0.9473656639769952,0.0,0.0
329,Device,AvgPoolGrad,gradient_tape/inception_v3/average_pooling2d_6/AvgPoolGrad,2,35.841,17.9205,35.841,17.9205,0.00025423298703685575,0.947619896964032,0.0,0.0
330,Device,ResourceApplyGradientDescent,SGD/SGD/update_180/ResourceApplyGradientDescent,2,35.84,17.92,35.84,17.92,0.00025422589368044726,0.9478741228577124,0.0,0.0
331,Device,AvgPoolGrad,gradient_tape/inception_v3/average_pooling2d_4/AvgPoolGrad,2,35.84,17.92,35.84,17.92,0.00025422589368044726,0.9481283487513928,0.0,0.0
332,Device,AvgPoolGrad,gradient_tape/inception_v3/average_pooling2d_3/AvgPoolGrad,2,34.816,17.408,34.816,17.408,0.00024696229671814873,0.948375311048111,0.0,0.0
333,Device,AvgPoolGrad,gradient_tape/inception_v3/average_pooling2d_5/AvgPoolGrad,2,34.816,17.408,34.816,17.408,0.00024696229671814873,0.9486222733448292,0.0,0.0
334,Device,ResourceApplyGradientDescent,SGD/SGD/update_172/ResourceApplyGradientDescent,2,33.794,16.897,33.794,16.897,0.00023971288646866721,0.9488619862312978,0.0,0.0
335,Device,ConcatV2,inception_v3/mixed0/concat,8,33.793,4.224125,33.793,4.224125,0.00023970579311225873,0.9491016920244101,0.0,0.0
336,Device,ResourceApplyGradientDescent,SGD/SGD/update_148/ResourceApplyGradientDescent,2,32.768,16.384,32.768,16.384,0.00023243510279355177,0.9493341271272037,0.0,0.0
337,Device,ConcatV2,inception_v3/mixed7/concat,8,31.745,3.968125,31.745,3.968125,0.00022517859918766176,0.9495593057263914,0.0,0.0
338,Device,AvgPool,inception_v3/average_pooling2d_4/AvgPool,2,31.744,15.872,31.744,15.872,0.00022517150583125327,0.9497844772322226,0.0,0.0
339,Device,Conv2DBackpropFilter,gradient_tape/inception_v3/conv2d_84/Conv2D/Conv2DBackpropFilter,2,30.72,15.36,30.72,15.36,0.00021790790886895475,0.9500023851410916,0.0,0.0
340,Device,AvgPool,inception_v3/average_pooling2d_5/AvgPool,2,30.72,15.36,30.72,15.36,0.00021790790886895475,0.9502202930499606,0.0,0.0
341,Device,AvgPool,inception_v3/average_pooling2d_6/AvgPool,2,30.72,15.36,30.72,15.36,0.00021790790886895475,0.9504382009588296,0.0,0.0
342,Device,ConcatV2,inception_v3/mixed5/concat,8,30.72,3.84,30.72,3.84,0.00021790790886895475,0.9506561088676986,0.0,0.0
343,Device,AvgPool,inception_v3/average_pooling2d/AvgPool,2,29.697,14.8485,29.697,14.8485,0.00021065140526306476,0.9508667602729617,0.0,0.0
344,Device,ResourceApplyGradientDescent,SGD/SGD/update_177/ResourceApplyGradientDescent,2,28.673,14.3365,28.673,14.3365,0.00020338780830076627,0.9510701480812624,0.0,0.0
345,Device,AvgPool,inception_v3/average_pooling2d_3/AvgPool,2,28.672,14.336,28.672,14.336,0.00020338071494435778,0.9512735287962069,0.0,0.0
346,Device,ConcatV2,inception_v3/mixed6/concat,8,28.672,3.584,28.672,3.584,0.00020338071494435778,0.9514769095111513,0.0,0.0
347,Device,ResourceApplyGradientDescent,SGD/SGD/update_176/ResourceApplyGradientDescent,2,27.649,13.8245,27.649,13.8245,0.0001961242113384678,0.9516730337224898,0.0,0.0
348,Device,AddN,SGD/gradients/AddN_6,2,27.649,13.8245,27.649,13.8245,0.0001961242113384678,0.9518691579338283,0.0,0.0
349,Device,ResourceApplyGradientDescent,SGD/SGD/update_161/ResourceApplyGradientDescent,2,27.648,13.824,27.648,13.824,0.00019611711798205928,0.9520652750518104,0.0,0.0
350,Device,ConcatV2,inception_v3/mixed4/concat,8,27.648,3.456,27.648,3.456,0.00019611711798205928,0.9522613921697924,0.0,0.0
351,Device,ArgMax,ArgMax,2,26.624,13.312,26.624,13.312,0.00018885352101976079,0.9524502456908122,0.0,0.0
352,Device,ResourceApplyGradientDescent,SGD/SGD/update_158/ResourceApplyGradientDescent,2,26.624,13.312,26.624,13.312,0.00018885352101976079,0.9526390992118319,0.0,0.0
353,Device,ResourceApplyGradientDescent,SGD/SGD/update_159/ResourceApplyGradientDescent,2,26.624,13.312,26.624,13.312,0.00018885352101976079,0.9528279527328516,0.0,0.0
354,Device,ResourceApplyGradientDescent,SGD/SGD/update_160/ResourceApplyGradientDescent,2,26.624,13.312,26.624,13.312,0.00018885352101976079,0.9530168062538713,0.0,0.0
355,Device,ResourceApplyGradientDescent,SGD/SGD/update_178/ResourceApplyGradientDescent,2,26.624,13.312,26.624,13.312,0.00018885352101976079,0.953205659774891,0.0,0.0
356,Device,ResourceApplyGradientDescent,SGD/SGD/update_179/ResourceApplyGradientDescent,2,26.624,13.312,26.624,13.312,0.00018885352101976079,0.9533945132959107,0.0,0.0
357,Device,FusedBatchNormGradV3,gradient_tape/inception_v3/batch_normalization_26/FusedBatchNormGradV3,2,24.577,12.2885,24.577,12.2885,0.0001743334204515723,0.9535688467163623,0.0,0.0
358,Device,MatMul,inception_v3/predictions/MatMul,2,24.577,12.2885,24.577,12.2885,0.0001743334204515723,0.9537431801368139,0.0,0.0
359,Device,ResourceApplyGradientDescent,SGD/SGD/update_162/ResourceApplyGradientDescent,2,24.576,12.288,24.576,12.288,0.00017432632709516382,0.953917506463909,0.0,0.0
360,Device,ResourceApplyGradientDescent,SGD/SGD/update_185/ResourceApplyGradientDescent,2,24.576,12.288,24.576,12.288,0.00017432632709516382,0.9540918327910042,0.0,0.0
361,Device,ConcatV2,inception_v3/mixed3/concat,6,23.552,3.925333333333333,23.552,3.925333333333333,0.00016706273013286532,0.9542588955211371,0.0,0.0
362,Device,ConcatV2,inception_v3/mixed9/concat,8,23.552,2.944,23.552,2.944,0.00016706273013286532,0.95442595825127,0.0,0.0
363,Device,ResourceApplyGradientDescent,SGD/SGD/update_149/ResourceApplyGradientDescent,2,22.528,11.264,22.528,11.264,0.00015979913317056682,0.9545857573844405,0.0,0.0
364,Device,ResourceApplyGradientDescent,SGD/SGD/update_152/ResourceApplyGradientDescent,2,22.528,11.264,22.528,11.264,0.00015979913317056682,0.9547455565176111,0.0,0.0
365,Device,ResourceApplyGradientDescent,SGD/SGD/update_154/ResourceApplyGradientDescent,2,22.528,11.264,22.528,11.264,0.00015979913317056682,0.9549053556507816,0.0,0.0
366,Device,ConcatV2,inception_v3/mixed10/concat,8,22.528,2.816,22.528,2.816,0.00015979913317056682,0.9550651547839522,0.0,0.0
367,Device,FusedBatchNormV3,inception_v3/batch_normalization_26/FusedBatchNormV3,4,21.504,5.376,21.504,5.376,0.00015253553620826835,0.9552176903201605,0.0,0.0
368,Device,FusedBatchNormV3,inception_v3/batch_normalization_77/FusedBatchNormV3,4,20.48,5.12,20.48,5.12,0.00014527193924596986,0.9553629622594064,0.0,0.0
369,Device,FusedBatchNormV3,inception_v3/batch_normalization_78/FusedBatchNormV3,4,20.48,5.12,20.48,5.12,0.00014527193924596986,0.9555082341986524,0.0,0.0
370,Device,FusedBatchNormV3,inception_v3/batch_normalization_79/FusedBatchNormV3,4,20.48,5.12,20.48,5.12,0.00014527193924596986,0.9556535061378983,0.0,0.0
371,Device,FusedBatchNormV3,inception_v3/batch_normalization_82/FusedBatchNormV3,4,20.48,5.12,20.48,5.12,0.00014527193924596986,0.9557987780771443,0.0,0.0
372,Device,FusedBatchNormV3,inception_v3/batch_normalization_87/FusedBatchNormV3,4,20.48,5.12,20.48,5.12,0.00014527193924596986,0.9559440500163903,0.0,0.0
373,Device,FusedBatchNormV3,inception_v3/batch_normalization_76/FusedBatchNormV3,4,19.457,4.86425,19.457,4.86425,0.00013801543564007985,0.9560820654520303,0.0,0.0
374,Device,FusedBatchNormV3,inception_v3/batch_normalization_86/FusedBatchNormV3,4,19.457,4.86425,19.457,4.86425,0.00013801543564007985,0.9562200808876704,0.0,0.0
375,Device,ArgMax,ArgMax_1,2,19.456,9.728,19.456,9.728,0.00013800834228367136,0.9563580892299541,0.0,0.0
376,Device,FusedBatchNormGradV3,gradient_tape/inception_v3/batch_normalization_24/FusedBatchNormGradV3,2,19.456,9.728,19.456,9.728,0.00013800834228367136,0.9564960975722379,0.0,0.0
377,Device,FusedBatchNormV3,inception_v3/batch_normalization_12/FusedBatchNormV3,4,19.456,4.864,19.456,4.864,0.00013800834228367136,0.9566341059145216,0.0,0.0
378,Device,FusedBatchNormV3,inception_v3/batch_normalization_22/FusedBatchNormV3,4,19.456,4.864,19.456,4.864,0.00013800834228367136,0.9567721142568053,0.0,0.0
379,Device,FusedBatchNormV3,inception_v3/batch_normalization_80/FusedBatchNormV3,4,19.456,4.864,19.456,4.864,0.00013800834228367136,0.956910122599089,0.0,0.0
380,Device,FusedBatchNormV3,inception_v3/batch_normalization_88/FusedBatchNormV3,4,19.456,4.864,19.456,4.864,0.00013800834228367136,0.9570481309413728,0.0,0.0
381,Device,FusedBatchNormV3,inception_v3/batch_normalization_89/FusedBatchNormV3,4,19.456,4.864,19.456,4.864,0.00013800834228367136,0.9571861392836565,0.0,0.0
382,Device,Softmax,inception_v3/predictions/Softmax,2,19.456,9.728,19.456,9.728,0.00013800834228367136,0.9573241476259402,0.0,0.0
383,Device,FusedBatchNormV3,inception_v3/batch_normalization_71/FusedBatchNormV3,4,18.433,4.60825,18.433,4.60825,0.00013075183867778135,0.957454899464618,0.0,0.0
384,Device,ResourceApplyGradientDescent,SGD/SGD/update_128/ResourceApplyGradientDescent,2,18.432,9.216,18.432,9.216,0.00013074474532137284,0.9575856442099394,0.0,0.0
385,Device,ResourceApplyGradientDescent,SGD/SGD/update_129/ResourceApplyGradientDescent,2,18.432,9.216,18.432,9.216,0.00013074474532137284,0.9577163889552608,0.0,0.0
386,Device,ResourceApplyGradientDescent,SGD/SGD/update_133/ResourceApplyGradientDescent,2,18.432,9.216,18.432,9.216,0.00013074474532137284,0.9578471337005822,0.0,0.0
387,Device,ReluGrad,gradient_tape/inception_v3/activation_9/ReluGrad,2,18.432,9.216,18.432,9.216,0.00013074474532137284,0.9579778784459035,0.0,0.0
388,Device,FusedBatchNormGradV3,gradient_tape/inception_v3/batch_normalization_17/FusedBatchNormGradV3,2,18.432,9.216,18.432,9.216,0.00013074474532137284,0.9581086231912249,0.0,0.0
389,Device,Mean,inception_v3/avg_pool/Mean,2,18.432,9.216,18.432,9.216,0.00013074474532137284,0.9582393679365463,0.0,0.0
390,Device,FusedBatchNormV3,inception_v3/batch_normalization_20/FusedBatchNormV3,4,18.432,4.608,18.432,4.608,0.00013074474532137284,0.9583701126818677,0.0,0.0
391,Device,FusedBatchNormV3,inception_v3/batch_normalization_30/FusedBatchNormV3,4,18.432,4.608,18.432,4.608,0.00013074474532137284,0.958500857427189,0.0,0.0
392,Device,FusedBatchNormV3,inception_v3/batch_normalization_5/FusedBatchNormV3,4,18.432,4.608,18.432,4.608,0.00013074474532137284,0.9586316021725104,0.0,0.0
393,Device,FusedBatchNormV3,inception_v3/batch_normalization_64/FusedBatchNormV3,4,18.432,4.608,18.432,4.608,0.00013074474532137284,0.9587623469178318,0.0,0.0
394,Device,FusedBatchNormV3,inception_v3/batch_normalization_81/FusedBatchNormV3,4,18.432,4.608,18.432,4.608,0.00013074474532137284,0.9588930916631532,0.0,0.0
395,Device,FusedBatchNormV3,inception_v3/batch_normalization_85/FusedBatchNormV3,4,18.432,4.608,18.432,4.608,0.00013074474532137284,0.9590238364084746,0.0,0.0
396,Device,FusedBatchNormV3,inception_v3/batch_normalization_90/FusedBatchNormV3,4,18.432,4.608,18.432,4.608,0.00013074474532137284,0.9591545811537959,0.0,0.0
397,Device,FusedBatchNormV3,inception_v3/batch_normalization_91/FusedBatchNormV3,4,18.432,4.608,18.432,4.608,0.00013074474532137284,0.9592853258991173,0.0,0.0
398,Device,FusedBatchNormV3,inception_v3/batch_normalization_92/FusedBatchNormV3,4,18.432,4.608,18.432,4.608,0.00013074474532137284,0.9594160706444387,0.0,0.0
399,Device,Relu,inception_v3/activation_3/Relu,2,17.409,8.7045,17.409,8.7045,0.00012348824171548286,0.9595395588861542,0.0,0.0
400,Device,ResourceApplyGradientDescent,SGD/SGD/update_134/ResourceApplyGradientDescent,2,17.408,8.704,17.408,8.704,0.00012348114835907437,0.9596630400345132,0.0,0.0
401,Device,AddN,SGD/gradients/AddN_2,2,17.408,8.704,17.408,8.704,0.00012348114835907437,0.9597865211828722,0.0,0.0
402,Device,ReluGrad,gradient_tape/inception_v3/activation_16/ReluGrad,2,17.408,8.704,17.408,8.704,0.00012348114835907437,0.9599100023312312,0.0,0.0
403,Device,ReluGrad,gradient_tape/inception_v3/activation_23/ReluGrad,2,17.408,8.704,17.408,8.704,0.00012348114835907437,0.9600334834795903,0.0,0.0
404,Device,ReluGrad,gradient_tape/inception_v3/activation_28/ReluGrad,2,17.408,8.704,17.408,8.704,0.00012348114835907437,0.9601569646279493,0.0,0.0
405,Device,FusedBatchNormGradV3,gradient_tape/inception_v3/batch_normalization_10/FusedBatchNormGradV3,2,17.408,8.704,17.408,8.704,0.00012348114835907437,0.9602804457763083,0.0,0.0
406,Device,FusedBatchNormGradV3,gradient_tape/inception_v3/batch_normalization_80/FusedBatchNormGradV3,2,17.408,8.704,17.408,8.704,0.00012348114835907437,0.9604039269246674,0.0,0.0
407,Device,FusedBatchNormGradV3,gradient_tape/inception_v3/batch_normalization_89/FusedBatchNormGradV3,2,17.408,8.704,17.408,8.704,0.00012348114835907437,0.9605274080730264,0.0,0.0
408,Device,FusedBatchNormV3,inception_v3/batch_normalization_13/FusedBatchNormV3,4,17.408,4.352,17.408,4.352,0.00012348114835907437,0.9606508892213854,0.0,0.0
409,Device,FusedBatchNormV3,inception_v3/batch_normalization_50/FusedBatchNormV3,4,17.408,4.352,17.408,4.352,0.00012348114835907437,0.9607743703697444,0.0,0.0
410,Device,FusedBatchNormV3,inception_v3/batch_normalization_60/FusedBatchNormV3,4,17.408,4.352,17.408,4.352,0.00012348114835907437,0.9608978515181035,0.0,0.0
411,Device,FusedBatchNormV3,inception_v3/batch_normalization_70/FusedBatchNormV3,4,17.408,4.352,17.408,4.352,0.00012348114835907437,0.9610213326664625,0.0,0.0
412,Device,FusedBatchNormV3,inception_v3/batch_normalization_83/FusedBatchNormV3,4,17.408,4.352,17.408,4.352,0.00012348114835907437,0.9611448138148215,0.0,0.0
413,Device,FusedBatchNormGradV3,gradient_tape/inception_v3/batch_normalization_12/FusedBatchNormGradV3,2,16.385,8.1925,16.385,8.1925,0.00011622464475318439,0.9612610384595747,0.0,0.0
414,Device,FusedBatchNormGradV3,gradient_tape/inception_v3/batch_normalization_9/FusedBatchNormGradV3,2,16.385,8.1925,16.385,8.1925,0.00011622464475318439,0.9613772631043278,0.0,0.0
415,Device,FusedBatchNormV3,inception_v3/batch_normalization_15/FusedBatchNormV3,4,16.385,4.09625,16.385,4.09625,0.00011622464475318439,0.9614934877490809,0.0,0.0
416,Device,FusedBatchNormV3,inception_v3/batch_normalization_38/FusedBatchNormV3,4,16.385,4.09625,16.385,4.09625,0.00011622464475318439,0.9616097123938341,0.0,0.0
417,Device,ResourceApplyGradientDescent,SGD/SGD/update_113/ResourceApplyGradientDescent,2,16.384,8.192,16.384,8.192,0.00011621755139677588,0.9617259299452309,0.0,0.0
418,Device,ResourceApplyGradientDescent,SGD/SGD/update_114/ResourceApplyGradientDescent,2,16.384,8.192,16.384,8.192,0.00011621755139677588,0.9618421474966277,0.0,0.0
419,Device,ResourceApplyGradientDescent,SGD/SGD/update_145/ResourceApplyGradientDescent,2,16.384,8.192,16.384,8.192,0.00011621755139677588,0.9619583650480245,0.0,0.0
420,Device,ResourceApplyGradientDescent,SGD/SGD/update_93/ResourceApplyGradientDescent,2,16.384,8.192,16.384,8.192,0.00011621755139677588,0.9620745825994212,0.0,0.0
421,Device,ResourceApplyGradientDescent,SGD/SGD/update_94/ResourceApplyGradientDescent,2,16.384,8.192,16.384,8.192,0.00011621755139677588,0.962190800150818,0.0,0.0
422,Device,FusedBatchNormGradV3,gradient_tape/inception_v3/batch_normalization_14/FusedBatchNormGradV3,2,16.384,8.192,16.384,8.192,0.00011621755139677588,0.9623070177022148,0.0,0.0
423,Device,FusedBatchNormGradV3,gradient_tape/inception_v3/batch_normalization_16/FusedBatchNormGradV3,2,16.384,8.192,16.384,8.192,0.00011621755139677588,0.9624232352536116,0.0,0.0
424,Device,FusedBatchNormGradV3,gradient_tape/inception_v3/batch_normalization_18/FusedBatchNormGradV3,2,16.384,8.192,16.384,8.192,0.00011621755139677588,0.9625394528050084,0.0,0.0
425,Device,FusedBatchNormGradV3,gradient_tape/inception_v3/batch_normalization_19/FusedBatchNormGradV3,2,16.384,8.192,16.384,8.192,0.00011621755139677588,0.9626556703564052,0.0,0.0
426,Device,FusedBatchNormGradV3,gradient_tape/inception_v3/batch_normalization_21/FusedBatchNormGradV3,2,16.384,8.192,16.384,8.192,0.00011621755139677588,0.962771887907802,0.0,0.0
427,Device,FusedBatchNormGradV3,gradient_tape/inception_v3/batch_normalization_23/FusedBatchNormGradV3,2,16.384,8.192,16.384,8.192,0.00011621755139677588,0.9628881054591988,0.0,0.0
428,Device,FusedBatchNormGradV3,gradient_tape/inception_v3/batch_normalization_28/FusedBatchNormGradV3,2,16.384,8.192,16.384,8.192,0.00011621755139677588,0.9630043230105956,0.0,0.0
429,Device,FusedBatchNormGradV3,gradient_tape/inception_v3/batch_normalization_76/FusedBatchNormGradV3,2,16.384,8.192,16.384,8.192,0.00011621755139677588,0.9631205405619924,0.0,0.0
430,Device,FusedBatchNormGradV3,gradient_tape/inception_v3/batch_normalization_77/FusedBatchNormGradV3,2,16.384,8.192,16.384,8.192,0.00011621755139677588,0.9632367581133892,0.0,0.0
431,Device,FusedBatchNormGradV3,gradient_tape/inception_v3/batch_normalization_78/FusedBatchNormGradV3,2,16.384,8.192,16.384,8.192,0.00011621755139677588,0.963352975664786,0.0,0.0
432,Device,FusedBatchNormGradV3,gradient_tape/inception_v3/batch_normalization_81/FusedBatchNormGradV3,2,16.384,8.192,16.384,8.192,0.00011621755139677588,0.9634691932161827,0.0,0.0
433,Device,FusedBatchNormGradV3,gradient_tape/inception_v3/batch_normalization_86/FusedBatchNormGradV3,2,16.384,8.192,16.384,8.192,0.00011621755139677588,0.9635854107675795,0.0,0.0
434,Device,FusedBatchNormGradV3,gradient_tape/inception_v3/batch_normalization_92/FusedBatchNormGradV3,2,16.384,8.192,16.384,8.192,0.00011621755139677588,0.9637016283189763,0.0,0.0
435,Device,FusedBatchNormV3,inception_v3/batch_normalization_14/FusedBatchNormV3,4,16.384,4.096,16.384,4.096,0.00011621755139677588,0.9638178458703731,0.0,0.0
436,Device,FusedBatchNormV3,inception_v3/batch_normalization_16/FusedBatchNormV3,4,16.384,4.096,16.384,4.096,0.00011621755139677588,0.9639340634217699,0.0,0.0
437,Device,FusedBatchNormV3,inception_v3/batch_normalization_17/FusedBatchNormV3,4,16.384,4.096,16.384,4.096,0.00011621755139677588,0.9640502809731667,0.0,0.0
438,Device,FusedBatchNormV3,inception_v3/batch_normalization_19/FusedBatchNormV3,4,16.384,4.096,16.384,4.096,0.00011621755139677588,0.9641664985245635,0.0,0.0
439,Device,FusedBatchNormV3,inception_v3/batch_normalization_23/FusedBatchNormV3,4,16.384,4.096,16.384,4.096,0.00011621755139677588,0.9642827160759603,0.0,0.0
440,Device,FusedBatchNormV3,inception_v3/batch_normalization_24/FusedBatchNormV3,4,16.384,4.096,16.384,4.096,0.00011621755139677588,0.9643989336273571,0.0,0.0
441,Device,FusedBatchNormV3,inception_v3/batch_normalization_28/FusedBatchNormV3,4,16.384,4.096,16.384,4.096,0.00011621755139677588,0.9645151511787539,0.0,0.0
442,Device,FusedBatchNormV3,inception_v3/batch_normalization_31/FusedBatchNormV3,4,16.384,4.096,16.384,4.096,0.00011621755139677588,0.9646313687301507,0.0,0.0
443,Device,FusedBatchNormV3,inception_v3/batch_normalization_33/FusedBatchNormV3,4,16.384,4.096,16.384,4.096,0.00011621755139677588,0.9647475862815474,0.0,0.0
444,Device,FusedBatchNormV3,inception_v3/batch_normalization_34/FusedBatchNormV3,4,16.384,4.096,16.384,4.096,0.00011621755139677588,0.9648638038329442,0.0,0.0
445,Device,FusedBatchNormV3,inception_v3/batch_normalization_36/FusedBatchNormV3,4,16.384,4.096,16.384,4.096,0.00011621755139677588,0.964980021384341,0.0,0.0
446,Device,FusedBatchNormV3,inception_v3/batch_normalization_39/FusedBatchNormV3,4,16.384,4.096,16.384,4.096,0.00011621755139677588,0.9650962389357378,0.0,0.0
447,Device,FusedBatchNormV3,inception_v3/batch_normalization_40/FusedBatchNormV3,4,16.384,4.096,16.384,4.096,0.00011621755139677588,0.9652124564871346,0.0,0.0
448,Device,FusedBatchNormV3,inception_v3/batch_normalization_41/FusedBatchNormV3,4,16.384,4.096,16.384,4.096,0.00011621755139677588,0.9653286740385314,0.0,0.0
449,Device,FusedBatchNormV3,inception_v3/batch_normalization_46/FusedBatchNormV3,4,16.384,4.096,16.384,4.096,0.00011621755139677588,0.9654448915899282,0.0,0.0
450,Device,FusedBatchNormV3,inception_v3/batch_normalization_49/FusedBatchNormV3,4,16.384,4.096,16.384,4.096,0.00011621755139677588,0.965561109141325,0.0,0.0
451,Device,FusedBatchNormV3,inception_v3/batch_normalization_51/FusedBatchNormV3,4,16.384,4.096,16.384,4.096,0.00011621755139677588,0.9656773266927218,0.0,0.0
452,Device,FusedBatchNormV3,inception_v3/batch_normalization_53/FusedBatchNormV3,4,16.384,4.096,16.384,4.096,0.00011621755139677588,0.9657935442441186,0.0,0.0
453,Device,FusedBatchNormV3,inception_v3/batch_normalization_58/FusedBatchNormV3,4,16.384,4.096,16.384,4.096,0.00011621755139677588,0.9659097617955154,0.0,0.0
454,Device,FusedBatchNormV3,inception_v3/batch_normalization_59/FusedBatchNormV3,4,16.384,4.096,16.384,4.096,0.00011621755139677588,0.9660259793469121,0.0,0.0
455,Device,FusedBatchNormV3,inception_v3/batch_normalization_61/FusedBatchNormV3,4,16.384,4.096,16.384,4.096,0.00011621755139677588,0.9661421968983089,0.0,0.0
456,Device,FusedBatchNormV3,inception_v3/batch_normalization_62/FusedBatchNormV3,4,16.384,4.096,16.384,4.096,0.00011621755139677588,0.9662584144497057,0.0,0.0
457,Device,FusedBatchNormV3,inception_v3/batch_normalization_66/FusedBatchNormV3,4,16.384,4.096,16.384,4.096,0.00011621755139677588,0.9663746320011025,0.0,0.0
458,Device,FusedBatchNormV3,inception_v3/batch_normalization_69/FusedBatchNormV3,4,16.384,4.096,16.384,4.096,0.00011621755139677588,0.9664908495524993,0.0,0.0
459,Device,FusedBatchNormV3,inception_v3/batch_normalization_73/FusedBatchNormV3,4,16.384,4.096,16.384,4.096,0.00011621755139677588,0.9666070671038961,0.0,0.0
460,Device,FusedBatchNormV3,inception_v3/batch_normalization_74/FusedBatchNormV3,4,16.384,4.096,16.384,4.096,0.00011621755139677588,0.9667232846552929,0.0,0.0
461,Device,FusedBatchNormV3,inception_v3/batch_normalization_9/FusedBatchNormV3,4,16.384,4.096,16.384,4.096,0.00011621755139677588,0.9668395022066897,0.0,0.0
462,Device,MaxPool,inception_v3/max_pooling2d_2/MaxPool,2,16.384,8.192,16.384,8.192,0.00011621755139677588,0.9669557197580865,0.0,0.0
463,Device,ConcatV2,inception_v3/mixed8/concat,6,16.384,2.7306666666666666,16.384,2.7306666666666666,0.00011621755139677588,0.9670719373094833,0.0,0.0
464,Device,FusedBatchNormGradV3,gradient_tape/inception_v3/batch_normalization_88/FusedBatchNormGradV3,2,15.361,7.6805,15.361,7.6805,0.00010896104779088589,0.9671808983572742,0.0,0.0
465,Device,FusedBatchNormV3,inception_v3/batch_normalization_25/FusedBatchNormV3,4,15.361,3.84025,15.361,3.84025,0.00010896104779088589,0.9672898594050651,0.0,0.0
466,Device,FusedBatchNormV3,inception_v3/batch_normalization_65/FusedBatchNormV3,4,15.361,3.84025,15.361,3.84025,0.00010896104779088589,0.967398820452856,0.0,0.0
467,Device,ResourceApplyGradientDescent,SGD/SGD/update_125/ResourceApplyGradientDescent,2,15.36,7.68,15.36,7.68,0.00010895395443447737,0.9675077744072904,0.0,0.0
468,Device,ResourceApplyGradientDescent,SGD/SGD/update_167/ResourceApplyGradientDescent,2,15.36,7.68,15.36,7.68,0.00010895395443447737,0.9676167283617249,0.0,0.0
469,Device,FusedBatchNormGradV3,gradient_tape/inception_v3/batch_normalization_7/FusedBatchNormGradV3,2,15.36,7.68,15.36,7.68,0.00010895395443447737,0.9677256823161593,0.0,0.0
470,Device,FusedBatchNormGradV3,gradient_tape/inception_v3/batch_normalization_71/FusedBatchNormGradV3,2,15.36,7.68,15.36,7.68,0.00010895395443447737,0.9678346362705937,0.0,0.0
471,Device,FusedBatchNormGradV3,gradient_tape/inception_v3/batch_normalization_79/FusedBatchNormGradV3,2,15.36,7.68,15.36,7.68,0.00010895395443447737,0.9679435902250282,0.0,0.0
472,Device,FusedBatchNormGradV3,gradient_tape/inception_v3/batch_normalization_85/FusedBatchNormGradV3,2,15.36,7.68,15.36,7.68,0.00010895395443447737,0.9680525441794626,0.0,0.0
473,Device,FusedBatchNormGradV3,gradient_tape/inception_v3/batch_normalization_87/FusedBatchNormGradV3,2,15.36,7.68,15.36,7.68,0.00010895395443447737,0.9681614981338971,0.0,0.0
474,Device,FusedBatchNormGradV3,gradient_tape/inception_v3/batch_normalization_90/FusedBatchNormGradV3,2,15.36,7.68,15.36,7.68,0.00010895395443447737,0.9682704520883315,0.0,0.0
475,Device,FusedBatchNormGradV3,gradient_tape/inception_v3/batch_normalization_91/FusedBatchNormGradV3,2,15.36,7.68,15.36,7.68,0.00010895395443447737,0.968379406042766,0.0,0.0
476,Device,FusedBatchNormV3,inception_v3/batch_normalization_10/FusedBatchNormV3,4,15.36,3.84,15.36,3.84,0.00010895395443447737,0.9684883599972004,0.0,0.0
477,Device,FusedBatchNormV3,inception_v3/batch_normalization_21/FusedBatchNormV3,4,15.36,3.84,15.36,3.84,0.00010895395443447737,0.9685973139516348,0.0,0.0
478,Device,FusedBatchNormV3,inception_v3/batch_normalization_27/FusedBatchNormV3,4,15.36,3.84,15.36,3.84,0.00010895395443447737,0.9687062679060693,0.0,0.0
479,Device,FusedBatchNormV3,inception_v3/batch_normalization_29/FusedBatchNormV3,4,15.36,3.84,15.36,3.84,0.00010895395443447737,0.9688152218605037,0.0,0.0
480,Device,FusedBatchNormV3,inception_v3/batch_normalization_32/FusedBatchNormV3,4,15.36,3.84,15.36,3.84,0.00010895395443447737,0.9689241758149382,0.0,0.0
481,Device,FusedBatchNormV3,inception_v3/batch_normalization_43/FusedBatchNormV3,4,15.36,3.84,15.36,3.84,0.00010895395443447737,0.9690331297693726,0.0,0.0
482,Device,FusedBatchNormV3,inception_v3/batch_normalization_44/FusedBatchNormV3,4,15.36,3.84,15.36,3.84,0.00010895395443447737,0.9691420837238071,0.0,0.0
483,Device,FusedBatchNormV3,inception_v3/batch_normalization_45/FusedBatchNormV3,4,15.36,3.84,15.36,3.84,0.00010895395443447737,0.9692510376782415,0.0,0.0
484,Device,FusedBatchNormV3,inception_v3/batch_normalization_48/FusedBatchNormV3,4,15.36,3.84,15.36,3.84,0.00010895395443447737,0.9693599916326759,0.0,0.0
485,Device,FusedBatchNormV3,inception_v3/batch_normalization_54/FusedBatchNormV3,4,15.36,3.84,15.36,3.84,0.00010895395443447737,0.9694689455871104,0.0,0.0
486,Device,FusedBatchNormV3,inception_v3/batch_normalization_6/FusedBatchNormV3,4,15.36,3.84,15.36,3.84,0.00010895395443447737,0.9695778995415448,0.0,0.0
487,Device,FusedBatchNormV3,inception_v3/batch_normalization_63/FusedBatchNormV3,4,15.36,3.84,15.36,3.84,0.00010895395443447737,0.9696868534959793,0.0,0.0
488,Device,FusedBatchNormV3,inception_v3/batch_normalization_68/FusedBatchNormV3,4,15.36,3.84,15.36,3.84,0.00010895395443447737,0.9697958074504137,0.0,0.0
489,Device,FusedBatchNormV3,inception_v3/batch_normalization_72/FusedBatchNormV3,4,15.36,3.84,15.36,3.84,0.00010895395443447737,0.9699047614048482,0.0,0.0
490,Device,FusedBatchNormV3,inception_v3/batch_normalization_8/FusedBatchNormV3,4,15.36,3.84,15.36,3.84,0.00010895395443447737,0.9700137153592826,0.0,0.0
491,Device,FusedBatchNormGradV3,gradient_tape/inception_v3/batch_normalization_13/FusedBatchNormGradV3,2,14.337,7.1685,14.337,7.1685,0.00010169745082858738,0.9701154128101112,0.0,0.0
492,Device,FusedBatchNormGradV3,gradient_tape/inception_v3/batch_normalization_5/FusedBatchNormGradV3,2,14.337,7.1685,14.337,7.1685,0.00010169745082858738,0.9702171102609397,0.0,0.0
493,Device,ResourceApplyGradientDescent,SGD/SGD/update_73/ResourceApplyGradientDescent,2,14.336,7.168,14.336,7.168,0.00010169035747217889,0.9703188006184119,0.0,0.0
494,Device,ResourceApplyGradientDescent,SGD/SGD/update_92/ResourceApplyGradientDescent,2,14.336,7.168,14.336,7.168,0.00010169035747217889,0.9704204909758841,0.0,0.0
495,Device,FusedBatchNormGradV3,gradient_tape/inception_v3/batch_normalization_22/FusedBatchNormGradV3,2,14.336,7.168,14.336,7.168,0.00010169035747217889,0.9705221813333563,0.0,0.0
496,Device,FusedBatchNormGradV3,gradient_tape/inception_v3/batch_normalization_25/FusedBatchNormGradV3,2,14.336,7.168,14.336,7.168,0.00010169035747217889,0.9706238716908285,0.0,0.0
497,Device,FusedBatchNormGradV3,gradient_tape/inception_v3/batch_normalization_39/FusedBatchNormGradV3,2,14.336,7.168,14.336,7.168,0.00010169035747217889,0.9707255620483007,0.0,0.0
498,Device,FusedBatchNormGradV3,gradient_tape/inception_v3/batch_normalization_49/FusedBatchNormGradV3,2,14.336,7.168,14.336,7.168,0.00010169035747217889,0.970827252405773,0.0,0.0
499,Device,FusedBatchNormGradV3,gradient_tape/inception_v3/batch_normalization_50/FusedBatchNormGradV3,2,14.336,7.168,14.336,7.168,0.00010169035747217889,0.9709289427632452,0.0,0.0
500,Device,FusedBatchNormGradV3,gradient_tape/inception_v3/batch_normalization_59/FusedBatchNormGradV3,2,14.336,7.168,14.336,7.168,0.00010169035747217889,0.9710306331207174,0.0,0.0
501,Host,IDLE,IDLE,0,512437.849,0.0,512437.849,0.0,0.0,0.0,0.9979943431260384,0.9979943431260384
502,Host,GatherV2,GatherV2,2,561.44,280.72,561.44,280.72,0.0,0.0,0.001093428100789415,0.9990877712268278
503,Host,Dataset,Iterator::Root::ParallelMapV2::Zip[1]::ForeverRepeat,2,62.412,31.206,58.182,29.091,0.0,0.0,0.00011331190111165886,0.9992010831279394
504,Host,FlushSummaryWriter,FlushSummaryWriter,1,54.551,54.551,54.551,54.551,0.0,0.0,0.00010624037533158196,0.999307323503271
505,Host,IteratorGetNext,IteratorGetNext,2,48.932,24.466,48.932,24.466,0.0,0.0,9.52971356295021e-05,0.9994026206389005
506,Host,Dataset,Iterator::Root::ParallelMapV2,2,48.411,24.2055,48.411,24.2055,0.0,0.0,9.428246613585846e-05,0.9994969031050364
507,Host,_Send,IteratorGetNext/_1,2,48.011,24.0055,48.011,24.0055,0.0,0.0,9.350344925014357e-05,0.9995904065542865
508,Host,LogicalAnd,LogicalAnd,1,34.441,34.441,34.441,34.441,0.0,0.0,6.707530140226604e-05,0.9996574818556888
509,Host,Dataset,Iterator::Root,2,80.071,40.0355,31.66,15.83,0.0,0.0,6.165918650433329e-05,0.9997191410421932
510,Host,Dataset,Iterator::Root::ParallelMapV2::Zip[0]::FlatMap[1]::Concatenate,2,51.36,25.68,28.92,14.46,0.0,0.0,5.6322920837186315e-05,0.9997754639630304
511,Host,GatherV2,GatherV2_1,2,24.83,12.415,24.83,12.415,0.0,0.0,4.835747318075159e-05,0.9998238214362112
512,Host,Dataset,Iterator::Root::ParallelMapV2::Zip[0]::FlatMap[1]::Concatenate[0]::TensorSlice,2,22.44,11.22,22.44,11.22,0.0,0.0,4.3702847288605145e-05,0.9998675242834998
513,Host,WriteSummary,WriteSummary,1,20.991,20.991,20.991,20.991,0.0,0.0,4.088085862010296e-05,0.9999084051421199
514,Host,_Send,IteratorGetNext/_3,2,17.211,8.6055,17.211,8.6055,0.0,0.0,3.3519149050097286e-05,0.99994192429117
515,Host,Dataset,Iterator::Root::ParallelMapV2::Zip,2,128.662,64.331,10.07,5.035,0.0,0.0,1.9611750097872273e-05,0.9999615360412679
516,Host,ReadVariableOp,ReadVariableOp,1,7.54,7.54,7.54,7.54,0.0,0.0,1.4684468295725615e-05,0.9999762205095637
517,Host,Dataset,Iterator::Root::ParallelMapV2::Zip[0]::FlatMap,2,56.18,28.09,4.82,2.41,0.0,0.0,9.387153472864385e-06,0.9999856076630366
518,Host,Dataset,Iterator::Root::ParallelMapV2::Zip[1]::ForeverRepeat::FromTensor,4,4.23,1.0575,4.23,1.0575,0.0,0.0,8.238103566434928e-06,0.999993845766603
519,Host,Identity,Identity,2,3.16,1.58,3.16,1.58,0.0,0.0,6.154233397147605e-06,1.0000000000000002
