Rank,Host/device,Type,Operation,#Occurrences,Total time (us),Avg. time (us),Total self-time (us),Avg. self-time (us),Total self-time on Device (%),Cumulative total-self time on Device (%),Total self-time on Host (%),Cumulative total-self time on Host (%)
1,Device,IDLE,IDLE,0,10504.962,0.0,10504.962,0.0,0.037541871175752015,0.037541871175752015,0.0,0.0
2,Device,_Recv,IteratorGetNext/_2,2,8770.916,4385.458,8770.916,4385.458,0.031344863366982396,0.06888673454273442,0.0,0.0
3,Device,FusedBatchNormGradV3,gradient_tape/model/batch_normalization/FusedBatchNormGradV3,2,5719.063,2859.5315,5719.063,2859.5315,0.02043837249406612,0.08932510703680054,0.0,0.0
4,Device,Conv2DBackpropFilter,gradient_tape/model/conv2d/Conv2D/Conv2DBackpropFilter,2,4730.9,2365.45,4730.9,2365.45,0.016906947245060495,0.10623205428186103,0.0,0.0
5,Device,MaxPoolGrad,gradient_tape/model/max_pooling2d/MaxPool/MaxPoolGrad,2,4535.315,2267.6575,4535.315,2267.6575,0.016207979759608433,0.12244003404146946,0.0,0.0
6,Device,ReluGrad,gradient_tape/model/activation/ReluGrad,2,3574.798,1787.399,3574.798,1787.399,0.012775353779988537,0.135215387821458,0.0,0.0
7,Device,FusedBatchNormV3,model/batch_normalization/FusedBatchNormV3,4,3405.837,851.45925,3405.837,851.45925,0.012171533214457103,0.1473869210359151,0.0,0.0
8,Device,Conv2D,model/conv2d/Conv2D,2,3303.437,1651.7185,3303.437,1651.7185,0.011805583522454694,0.1591925045583698,0.0,0.0
9,Device,Conv2DBackpropFilter,gradient_tape/model/conv2d_1/Conv2D/Conv2DBackpropFilter,2,3113.997,1556.9985,3113.997,1556.9985,0.011128576592250238,0.17032108115062006,0.0,0.0
10,Device,Conv2DBackpropFilter,gradient_tape/model/conv2d_2/Conv2D/Conv2DBackpropFilter,2,3106.829,1553.4145,3106.829,1553.4145,0.01110296011381007,0.18142404126443012,0.0,0.0
11,Device,Conv2DBackpropFilter,gradient_tape/model/conv2d_6/Conv2D/Conv2DBackpropFilter,2,3104.78,1552.39,3104.78,1552.39,0.011095637546242562,0.1925196788106727,0.0,0.0
12,Device,Conv2DBackpropFilter,gradient_tape/model/conv2d_5/Conv2D/Conv2DBackpropFilter,2,3101.709,1550.8545,3101.709,1550.8545,0.011084662629209948,0.20360434143988265,0.0,0.0
13,Device,Conv2DBackpropFilter,gradient_tape/model/conv2d_3/Conv2D/Conv2DBackpropFilter,2,3092.492,1546.246,3092.492,1546.246,0.011051723583202272,0.21465606502308493,0.0,0.0
14,Device,Conv2DBackpropFilter,gradient_tape/model/conv2d_4/Conv2D/Conv2DBackpropFilter,2,3091.468,1545.734,3091.468,1545.734,0.011048064086282247,0.22570412910936719,0.0,0.0
15,Device,Conv2DBackpropInput,gradient_tape/model/conv2d_7/Conv2D/Conv2DBackpropInput,2,2816.011,1408.0055,2816.011,1408.0055,0.010063655841068306,0.2357677849504355,0.0,0.0
16,Device,BiasAdd,model/conv2d/BiasAdd,2,2407.434,1203.717,2407.434,1203.717,0.008603512996251237,0.24437129794668672,0.0,0.0
17,Device,Relu,model/activation/Relu,2,2202.633,1101.3165,2202.633,1101.3165,0.007871610038518956,0.25224290798520566,0.0,0.0
18,Device,Conv2DBackpropInput,gradient_tape/model/conv2d_16/Conv2D/Conv2DBackpropInput,2,2127.881,1063.9405,2127.881,1063.9405,0.0076044667633571985,0.25984737474856284,0.0,0.0
19,Device,Conv2DBackpropFilter,gradient_tape/model/conv2d_15/Conv2D/Conv2DBackpropFilter,2,1993.736,996.868,1993.736,996.868,0.007125069093106584,0.2669724438416694,0.0,0.0
20,Device,Conv2DBackpropFilter,gradient_tape/model/conv2d_10/Conv2D/Conv2DBackpropFilter,2,1990.664,995.332,1990.664,995.332,0.007114090602346511,0.27408653444401593,0.0,0.0
21,Device,Conv2DBackpropFilter,gradient_tape/model/conv2d_12/Conv2D/Conv2DBackpropFilter,2,1990.664,995.332,1990.664,995.332,0.007114090602346511,0.28120062504636245,0.0,0.0
22,Device,Conv2DBackpropFilter,gradient_tape/model/conv2d_13/Conv2D/Conv2DBackpropFilter,2,1989.64,994.82,1989.64,994.82,0.007110431105426487,0.2883110561517889,0.0,0.0
23,Device,Conv2DBackpropFilter,gradient_tape/model/conv2d_14/Conv2D/Conv2DBackpropFilter,2,1989.64,994.82,1989.64,994.82,0.007110431105426487,0.2954214872572154,0.0,0.0
24,Device,Conv2DBackpropFilter,gradient_tape/model/conv2d_11/Conv2D/Conv2DBackpropFilter,2,1985.544,992.772,1985.544,992.772,0.007095793117746391,0.3025172803749618,0.0,0.0
25,Device,Conv2DBackpropFilter,gradient_tape/model/conv2d_8/Conv2D/Conv2DBackpropFilter,2,1972.232,986.116,1972.232,986.116,0.007048219657786077,0.30956550003274785,0.0,0.0
26,Device,Conv2DBackpropFilter,gradient_tape/model/conv2d_7/Conv2D/Conv2DBackpropFilter,2,1945.608,972.804,1945.608,972.804,0.006953072737865451,0.3165185727706133,0.0,0.0
27,Device,Conv2D,model/conv2d_7/Conv2D,2,1795.079,897.5395,1795.079,897.5395,0.006415123116894449,0.32293369588750775,0.0,0.0
28,Device,Conv2DBackpropInput,gradient_tape/model/conv2d_29/Conv2D/Conv2DBackpropInput,2,1664.006,832.003,1664.006,832.003,0.005946703937403906,0.3288803998249117,0.0,0.0
29,Device,Conv2DBackpropFilter,gradient_tape/model/conv2d_16/Conv2D/Conv2DBackpropFilter,4,1589.255,397.31375,1589.255,397.31375,0.005679564235969608,0.3345599640608813,0.0,0.0
30,Device,Conv2D,model/conv2d_6/Conv2D,2,1586.183,793.0915,1586.183,793.0915,0.005668585745209536,0.3402285498060908,0.0,0.0
31,Device,Conv2D,model/conv2d_5/Conv2D,2,1581.062,790.531,1581.062,790.531,0.005650284686881954,0.34587883449297274,0.0,0.0
32,Device,Conv2DBackpropInput,gradient_tape/model/conv2d_4/Conv2D/Conv2DBackpropInput,2,1580.039,790.0195,1580.039,790.0195,0.005646628763689391,0.3515254632566621,0.0,0.0
33,Device,Conv2DBackpropInput,gradient_tape/model/conv2d_2/Conv2D/Conv2DBackpropInput,2,1579.014,789.507,1579.014,789.507,0.005642965693041906,0.357168428949704,0.0,0.0
34,Device,Conv2D,model/conv2d_3/Conv2D,2,1576.966,788.483,1576.966,788.483,0.005635646699201858,0.3628040756489059,0.0,0.0
35,Device,Conv2D,model/conv2d_4/Conv2D,2,1575.942,787.971,1575.942,787.971,0.005631987202281834,0.3684360628511877,0.0,0.0
36,Device,Conv2DBackpropInput,gradient_tape/model/conv2d_1/Conv2D/Conv2DBackpropInput,2,1574.919,787.4595,1574.919,787.4595,0.005628331279089271,0.374064394130277,0.0,0.0
37,Device,Conv2DBackpropInput,gradient_tape/model/conv2d_6/Conv2D/Conv2DBackpropInput,2,1574.919,787.4595,1574.919,787.4595,0.005628331279089271,0.37969272540936627,0.0,0.0
38,Device,Conv2DBackpropInput,gradient_tape/model/conv2d_5/Conv2D/Conv2DBackpropInput,2,1574.918,787.459,1574.918,787.459,0.00562832770536181,0.3853210531147281,0.0,0.0
39,Device,Conv2DBackpropInput,gradient_tape/model/conv2d_3/Conv2D/Conv2DBackpropInput,2,1572.871,786.4355,1572.871,786.4355,0.005621012285249223,0.39094206539997733,0.0,0.0
40,Device,Conv2D,model/conv2d_2/Conv2D,2,1571.847,785.9235,1571.847,785.9235,0.005617352788329199,0.39655941818830653,0.0,0.0
41,Device,Conv2D,model/conv2d_1/Conv2D,2,1570.822,785.411,1570.822,785.411,0.005613689717681713,0.40217310790598826,0.0,0.0
42,Device,Conv2DBackpropFilter,gradient_tape/model/conv2d_33/Conv2D/Conv2DBackpropFilter,2,1490.95,745.475,1490.95,745.475,0.005328248957919835,0.4075013568639081,0.0,0.0
43,Device,Conv2DBackpropFilter,gradient_tape/model/conv2d_30/Conv2D/Conv2DBackpropFilter,2,1473.542,736.771,1473.542,736.771,0.005266037510279425,0.4127673943741875,0.0,0.0
44,Device,Conv2DBackpropFilter,gradient_tape/model/conv2d_34/Conv2D/Conv2DBackpropFilter,2,1471.494,735.747,1471.494,735.747,0.005258718516439377,0.4180261128906269,0.0,0.0
45,Device,Conv2DBackpropFilter,gradient_tape/model/conv2d_35/Conv2D/Conv2DBackpropFilter,2,1470.47,735.235,1470.47,735.235,0.0052550590195193534,0.42328117191014625,0.0,0.0
46,Device,Conv2DBackpropFilter,gradient_tape/model/conv2d_32/Conv2D/Conv2DBackpropFilter,2,1466.374,733.187,1466.374,733.187,0.005240421031839257,0.4285215929419855,0.0,0.0
47,Device,FusedBatchNormGradV3,gradient_tape/model/batch_normalization_6/FusedBatchNormGradV3,2,1445.894,722.947,1445.894,722.947,0.005167231093438775,0.43368882403542425,0.0,0.0
48,Device,FusedBatchNormGradV3,gradient_tape/model/batch_normalization_3/FusedBatchNormGradV3,2,1444.869,722.4345,1444.869,722.4345,0.00516356802279129,0.4388523920582155,0.0,0.0
49,Device,FusedBatchNormGradV3,gradient_tape/model/batch_normalization_5/FusedBatchNormGradV3,2,1440.774,720.387,1440.774,720.387,0.0051489336088386545,0.4440013256670542,0.0,0.0
50,Device,FusedBatchNormGradV3,gradient_tape/model/batch_normalization_4/FusedBatchNormGradV3,2,1439.75,719.875,1439.75,719.875,0.005145274111918631,0.4491465997789728,0.0,0.0
51,Device,FusedBatchNormGradV3,gradient_tape/model/batch_normalization_1/FusedBatchNormGradV3,2,1439.749,719.8745,1439.749,719.8745,0.00514527053819117,0.454291870317164,0.0,0.0
52,Device,FusedBatchNormGradV3,gradient_tape/model/batch_normalization_2/FusedBatchNormGradV3,2,1438.726,719.363,1438.726,719.363,0.005141614614998607,0.45943348493216263,0.0,0.0
53,Device,Conv2D,model/conv2d_16/Conv2D,2,1424.389,712.1945,1424.389,712.1945,0.005090378084390808,0.46452386301655346,0.0,0.0
54,Device,Conv2DBackpropFilter,gradient_tape/model/conv2d_29/Conv2D/Conv2DBackpropFilter,4,1384.453,346.11325,1384.453,346.11325,0.004947657704509869,0.46947152072106335,0.0,0.0
55,Device,MaxPool,model/max_pooling2d/MaxPool,2,1364.998,682.499,1364.998,682.499,0.004878130836756873,0.4743496515578202,0.0,0.0
56,Device,Conv2DBackpropInput,gradient_tape/model/conv2d_14/Conv2D/Conv2DBackpropInput,2,1269.765,634.8825,1269.765,634.8825,0.004537794049467172,0.4788874456072874,0.0,0.0
57,Device,Conv2D,model/conv2d_14/Conv2D,2,1269.765,634.8825,1269.765,634.8825,0.004537794049467172,0.4834252396567546,0.0,0.0
58,Device,Conv2DBackpropInput,gradient_tape/model/conv2d_10/Conv2D/Conv2DBackpropInput,2,1268.741,634.3705,1268.741,634.3705,0.004534134552547147,0.48795937420930174,0.0,0.0
59,Device,Conv2DBackpropInput,gradient_tape/model/conv2d_8/Conv2D/Conv2DBackpropInput,2,1268.741,634.3705,1268.741,634.3705,0.004534134552547147,0.4924935087618489,0.0,0.0
60,Device,Conv2DBackpropInput,gradient_tape/model/conv2d_11/Conv2D/Conv2DBackpropInput,2,1267.717,633.8585,1267.717,633.8585,0.0045304750556271235,0.49702398381747603,0.0,0.0
61,Device,Conv2D,model/conv2d_13/Conv2D,2,1267.717,633.8585,1267.717,633.8585,0.0045304750556271235,0.5015544588731031,0.0,0.0
62,Device,Conv2DBackpropInput,gradient_tape/model/conv2d_12/Conv2D/Conv2DBackpropInput,2,1266.693,633.3465,1266.693,633.3465,0.004526815558707099,0.5060812744318103,0.0,0.0
63,Device,Conv2D,model/conv2d_8/Conv2D,2,1266.692,633.346,1266.692,633.346,0.004526811984979638,0.5106080864167899,0.0,0.0
64,Device,Conv2DBackpropInput,gradient_tape/model/conv2d_15/Conv2D/Conv2DBackpropInput,2,1265.67,632.835,1265.67,632.835,0.0045231596355145365,0.5151312460523044,0.0,0.0
65,Device,Conv2D,model/conv2d_12/Conv2D,2,1265.67,632.835,1265.67,632.835,0.0045231596355145365,0.519654405687819,0.0,0.0
66,Device,Conv2D,model/conv2d_15/Conv2D,2,1265.67,632.835,1265.67,632.835,0.0045231596355145365,0.5241775653233335,0.0,0.0
67,Device,Conv2DBackpropInput,gradient_tape/model/conv2d_13/Conv2D/Conv2DBackpropInput,2,1265.669,632.8345,1265.669,632.8345,0.004523156061787076,0.5287007213851206,0.0,0.0
68,Device,Conv2D,model/conv2d_11/Conv2D,2,1264.644,632.322,1264.644,632.322,0.0045194929911395905,0.5332202143762602,0.0,0.0
69,Device,Conv2D,model/conv2d_10/Conv2D,2,1262.598,631.299,1262.598,631.299,0.004512181144754463,0.5377323955210147,0.0,0.0
70,Device,Conv2D,model/conv2d_29/Conv2D,4,1186.82,296.705,1186.82,296.705,0.004241371225217759,0.5419737667462324,0.0,0.0
71,Device,Conv2D,model/conv2d_19/Conv2D,2,1127.429,563.7145,1127.429,563.7145,0.004029123977583824,0.5460028907238162,0.0,0.0
72,Device,Conv2D,model/conv2d_26/Conv2D,2,1125.381,562.6905,1125.381,562.6905,0.004021804983743776,0.5500246957075601,0.0,0.0
73,Device,Conv2D,model/conv2d_20/Conv2D,2,1125.38,562.69,1125.38,562.69,0.0040218014100163145,0.5540464971175764,0.0,0.0
74,Device,Conv2D,model/conv2d_17/Conv2D,2,1124.358,562.179,1124.358,562.179,0.004018149060551212,0.5580646461781276,0.0,0.0
75,Device,Conv2D,model/conv2d_28/Conv2D,2,1124.358,562.179,1124.358,562.179,0.004018149060551212,0.5620827952386788,0.0,0.0
76,Device,Conv2D,model/conv2d_27/Conv2D,2,1124.356,562.178,1124.356,562.178,0.004018141913096291,0.566100937151775,0.0,0.0
77,Device,Conv2D,model/conv2d_21/Conv2D,2,1123.333,561.6665,1123.333,561.6665,0.0040144859899037275,0.5701154231416787,0.0,0.0
78,Device,Conv2D,model/conv2d_24/Conv2D,2,1123.332,561.666,1123.332,561.666,0.004014482416176267,0.574129905557855,0.0,0.0
79,Device,Conv2D,model/conv2d_25/Conv2D,2,1122.308,561.154,1122.308,561.154,0.004010822919256242,0.5781407284771113,0.0,0.0
80,Device,Conv2D,model/conv2d_23/Conv2D,2,1121.284,560.642,1121.284,560.642,0.004007163422336218,0.5821478918994475,0.0,0.0
81,Device,Conv2D,model/conv2d_22/Conv2D,2,1119.236,559.618,1119.236,559.618,0.003999844428496171,0.5861477363279437,0.0,0.0
82,Device,Conv2DBackpropInput,gradient_tape/model/conv2d_24/Conv2D/Conv2DBackpropInput,2,1110.021,555.0105,1110.021,555.0105,0.003966912529943414,0.5901146488578871,0.0,0.0
83,Device,Conv2DBackpropInput,gradient_tape/model/conv2d_22/Conv2D/Conv2DBackpropInput,2,1107.972,553.986,1107.972,553.986,0.003959589962375905,0.594074238820263,0.0,0.0
84,Device,Conv2DBackpropInput,gradient_tape/model/conv2d_20/Conv2D/Conv2DBackpropInput,2,1106.949,553.4745,1106.949,553.4745,0.003955934039183342,0.5980301728594464,0.0,0.0
85,Device,Conv2DBackpropInput,gradient_tape/model/conv2d_21/Conv2D/Conv2DBackpropInput,2,1106.948,553.474,1106.948,553.474,0.003955930465455881,0.6019861033249022,0.0,0.0
86,Device,Conv2D,model/conv2d_30/Conv2D,2,1106.948,553.474,1106.948,553.474,0.003955930465455881,0.605942033790358,0.0,0.0
87,Device,Conv2D,model/conv2d_33/Conv2D,2,1105.926,552.963,1105.926,552.963,0.003952278115990779,0.6098943119063488,0.0,0.0
88,Device,Conv2DBackpropInput,gradient_tape/model/conv2d_19/Conv2D/Conv2DBackpropInput,2,1105.925,552.9625,1105.925,552.9625,0.003952274542263317,0.6138465864486121,0.0,0.0
89,Device,Conv2DBackpropInput,gradient_tape/model/conv2d_17/Conv2D/Conv2DBackpropInput,2,1105.924,552.962,1105.924,552.962,0.0039522709685358565,0.617798857417148,0.0,0.0
90,Device,Conv2DBackpropInput,gradient_tape/model/conv2d_25/Conv2D/Conv2DBackpropInput,2,1105.924,552.962,1105.924,552.962,0.0039522709685358565,0.6217511283856839,0.0,0.0
91,Device,Conv2D,model/conv2d_34/Conv2D,2,1104.902,552.451,1104.902,552.451,0.003948618619070755,0.6256997470047547,0.0,0.0
92,Device,Conv2DBackpropInput,gradient_tape/model/conv2d_26/Conv2D/Conv2DBackpropInput,2,1104.901,552.4505,1104.901,552.4505,0.003948615045343294,0.629648362050098,0.0,0.0
93,Device,Conv2DBackpropInput,gradient_tape/model/conv2d_27/Conv2D/Conv2DBackpropInput,2,1104.901,552.4505,1104.901,552.4505,0.003948615045343294,0.6335969770954413,0.0,0.0
94,Device,Conv2D,model/conv2d_32/Conv2D,2,1102.852,551.426,1102.852,551.426,0.003941292477775785,0.637538269573217,0.0,0.0
95,Device,Conv2D,model/conv2d_35/Conv2D,2,1102.852,551.426,1102.852,551.426,0.003941292477775785,0.6414795620509928,0.0,0.0
96,Device,Conv2DBackpropInput,gradient_tape/model/conv2d_28/Conv2D/Conv2DBackpropInput,2,1101.829,550.9145,1101.829,550.9145,0.003937636554583221,0.645417198605576,0.0,0.0
97,Device,Conv2DBackpropInput,gradient_tape/model/conv2d_23/Conv2D/Conv2DBackpropInput,2,1101.828,550.914,1101.828,550.914,0.00393763298085576,0.6493548315864318,0.0,0.0
98,Device,Conv2DBackpropFilter,gradient_tape/model/conv2d_20/Conv2D/Conv2DBackpropFilter,2,1100.805,550.4025,1100.805,550.4025,0.003933977057663197,0.653288808644095,0.0,0.0
99,Device,Conv2DBackpropFilter,gradient_tape/model/conv2d_22/Conv2D/Conv2DBackpropFilter,2,1100.805,550.4025,1100.805,550.4025,0.003933977057663197,0.6572227857017582,0.0,0.0
100,Device,Conv2DBackpropFilter,gradient_tape/model/conv2d_28/Conv2D/Conv2DBackpropFilter,2,1100.805,550.4025,1100.805,550.4025,0.003933977057663197,0.6611567627594214,0.0,0.0
101,Device,Conv2DBackpropFilter,gradient_tape/model/conv2d_19/Conv2D/Conv2DBackpropFilter,2,1099.781,549.8905,1099.781,549.8905,0.003930317560743173,0.6650870803201645,0.0,0.0
102,Device,Conv2DBackpropFilter,gradient_tape/model/conv2d_21/Conv2D/Conv2DBackpropFilter,2,1099.78,549.89,1099.78,549.89,0.003930313987015712,0.6690173943071802,0.0,0.0
103,Device,Conv2DBackpropFilter,gradient_tape/model/conv2d_25/Conv2D/Conv2DBackpropFilter,2,1098.757,549.3785,1098.757,549.3785,0.003926658063823149,0.6729440523710034,0.0,0.0
104,Device,Conv2DBackpropFilter,gradient_tape/model/conv2d_24/Conv2D/Conv2DBackpropFilter,2,1098.756,549.378,1098.756,549.378,0.003926654490095689,0.6768707068610991,0.0,0.0
105,Device,Conv2DBackpropFilter,gradient_tape/model/conv2d_23/Conv2D/Conv2DBackpropFilter,2,1096.709,548.3545,1096.709,548.3545,0.003919339069983101,0.6807900459310822,0.0,0.0
106,Device,Conv2DBackpropFilter,gradient_tape/model/conv2d_26/Conv2D/Conv2DBackpropFilter,2,1095.684,547.842,1095.684,547.842,0.0039156759993356155,0.6847057219304178,0.0,0.0
107,Device,Conv2DBackpropFilter,gradient_tape/model/conv2d_27/Conv2D/Conv2DBackpropFilter,2,1091.589,545.7945,1091.589,545.7945,0.0039010415853829804,0.6886067635158007,0.0,0.0
108,Device,Conv2DBackpropFilter,gradient_tape/model/conv2d_17/Conv2D/Conv2DBackpropFilter,2,1084.421,542.2105,1084.421,542.2105,0.003875425106942812,0.6924821886227436,0.0,0.0
109,Device,Conv2DBackpropInput,gradient_tape/model/conv2d_35/Conv2D/Conv2DBackpropInput,2,1074.181,537.0905,1074.181,537.0905,0.0038388301377425714,0.6963210187604861,0.0,0.0
110,Device,Conv2DBackpropInput,gradient_tape/model/conv2d_34/Conv2D/Conv2DBackpropInput,2,1073.157,536.5785,1073.157,536.5785,0.0038351706408225467,0.7001561894013086,0.0,0.0
111,Device,Conv2DBackpropInput,gradient_tape/model/conv2d_30/Conv2D/Conv2DBackpropInput,2,1072.132,536.066,1072.132,536.066,0.003831507570175062,0.7039876969714837,0.0,0.0
112,Device,Conv2DBackpropInput,gradient_tape/model/conv2d_33/Conv2D/Conv2DBackpropInput,2,1071.109,535.5545,1071.109,535.5545,0.0038278516469824986,0.7078155486184662,0.0,0.0
113,Device,Conv2DBackpropInput,gradient_tape/model/conv2d_32/Conv2D/Conv2DBackpropInput,2,1067.012,533.506,1067.012,533.506,0.0038132100855749413,0.7116287587040411,0.0,0.0
114,Device,BiasAddGrad,gradient_tape/model/conv2d/BiasAdd/BiasAddGrad,2,1063.94,531.97,1063.94,531.97,0.0038022315948148693,0.7154309902988559,0.0,0.0
115,Device,ReluGrad,gradient_tape/model/activation_6/ReluGrad,2,881.668,440.834,881.668,440.834,0.003150841143050582,0.7185818314419065,0.0,0.0
116,Device,ReluGrad,gradient_tape/model/activation_2/ReluGrad,2,879.619,439.8095,879.619,439.8095,0.0031435185754830727,0.7217253500173896,0.0,0.0
117,Device,ReluGrad,gradient_tape/model/activation_4/ReluGrad,2,878.595,439.2975,878.595,439.2975,0.003139859078563049,0.7248652090959526,0.0,0.0
118,Device,ReluGrad,gradient_tape/model/activation_3/ReluGrad,2,875.523,437.7615,875.523,437.7615,0.0031288805878029765,0.7279940896837557,0.0,0.0
119,Device,ReluGrad,gradient_tape/model/activation_5/ReluGrad,2,870.403,435.2015,870.403,435.2015,0.003110583103202856,0.7311046727869586,0.0,0.0
120,Device,ReluGrad,gradient_tape/model/activation_1/ReluGrad,2,869.38,434.69,869.38,434.69,0.003106927180010293,0.7342115999669688,0.0,0.0
121,Device,FusedBatchNormV3,model/batch_normalization_6/FusedBatchNormV3,4,865.283,216.32075,865.283,216.32075,0.0030922856186027356,0.7373038855855716,0.0,0.0
122,Device,FusedBatchNormV3,model/batch_normalization_5/FusedBatchNormV3,4,862.211,215.55275,862.211,215.55275,0.0030813071278426632,0.7403851927134143,0.0,0.0
123,Device,FusedBatchNormV3,model/batch_normalization_3/FusedBatchNormV3,4,861.187,215.29675,861.187,215.29675,0.0030776476309226394,0.743462840344337,0.0,0.0
124,Device,FusedBatchNormV3,model/batch_normalization_2/FusedBatchNormV3,4,860.164,215.041,860.164,215.041,0.0030739917077300762,0.746536832052067,0.0,0.0
125,Device,AddN,SGD/gradients/AddN_13,2,857.092,428.546,857.092,428.546,0.003063013216970004,0.749599845269037,0.0,0.0
126,Device,FusedBatchNormV3,model/batch_normalization_4/FusedBatchNormV3,4,856.067,214.01675,856.067,214.01675,0.003059350146322519,0.7526591954153595,0.0,0.0
127,Device,FusedBatchNormV3,model/batch_normalization_1/FusedBatchNormV3,4,854.019,213.50475,854.019,213.50475,0.0030520311524824704,0.755711226567842,0.0,0.0
128,Device,AddN,SGD/gradients/AddN_12,2,847.876,423.938,847.876,423.938,0.0030300777446897868,0.7587413043125317,0.0,0.0
129,Device,AddN,SGD/gradients/AddN_14,2,845.828,422.914,845.828,422.914,0.0030227587508497387,0.7617640630633815,0.0,0.0
130,Device,AddN,SGD/gradients/AddN_15,2,836.611,418.3055,836.611,418.3055,0.002989819704842061,0.7647538827682235,0.0,0.0
131,Device,AddV2,model/add_1/add,2,824.323,412.1615,824.323,412.1615,0.002945905741801772,0.7676997885100253,0.0,0.0
132,Device,AddV2,model/add_2/add,2,823.299,411.6495,823.299,411.6495,0.002942246244881748,0.770642034754907,0.0,0.0
133,Device,AddV2,model/add/add,2,820.227,410.1135,820.227,410.1135,0.0029312677541216757,0.7735733025090287,0.0,0.0
134,Device,Conv2DBackpropInput,gradient_tape/model/conv2d_9/Conv2D/Conv2DBackpropInput,2,777.219,388.6095,777.219,388.6095,0.0027775688834806643,0.7763508713925094,0.0,0.0
135,Device,FusedBatchNormGradV3,gradient_tape/model/batch_normalization_7/FusedBatchNormGradV3,2,707.587,353.7935,707.587,353.7935,0.0025287230929190263,0.7788795944854284,0.0,0.0
136,Device,FusedBatchNormGradV3,gradient_tape/model/batch_normalization_13/FusedBatchNormGradV3,2,707.586,353.793,707.586,353.793,0.002528719519191565,0.78140831400462,0.0,0.0
137,Device,FusedBatchNormGradV3,gradient_tape/model/batch_normalization_14/FusedBatchNormGradV3,2,706.563,353.2815,706.563,353.2815,0.002525063595999002,0.783933377600619,0.0,0.0
138,Device,FusedBatchNormGradV3,gradient_tape/model/batch_normalization_8/FusedBatchNormGradV3,2,705.539,352.7695,705.539,352.7695,0.002521404099078978,0.786454781699698,0.0,0.0
139,Device,FusedBatchNormGradV3,gradient_tape/model/batch_normalization_11/FusedBatchNormGradV3,2,704.515,352.2575,704.515,352.2575,0.002517744602158954,0.7889725263018569,0.0,0.0
140,Device,FusedBatchNormGradV3,gradient_tape/model/batch_normalization_9/FusedBatchNormGradV3,2,702.467,351.2335,702.467,351.2335,0.002510425608318906,0.7914829519101758,0.0,0.0
141,Device,FusedBatchNormGradV3,gradient_tape/model/batch_normalization_10/FusedBatchNormGradV3,2,701.443,350.7215,701.443,350.7215,0.0025067661113988816,0.7939897180215747,0.0,0.0
142,Device,FusedBatchNormGradV3,gradient_tape/model/batch_normalization_12/FusedBatchNormGradV3,2,701.443,350.7215,701.443,350.7215,0.0025067661113988816,0.7964964841329736,0.0,0.0
143,Device,BiasAdd,model/conv2d_4/BiasAdd,2,592.899,296.4495,592.899,296.4495,0.002118859437876329,0.79861534357085,0.0,0.0
144,Device,BiasAdd,model/conv2d_6/BiasAdd,2,588.802,294.401,588.802,294.401,0.0021042178764687715,0.8007195614473187,0.0,0.0
145,Device,BiasAdd,model/conv2d_1/BiasAdd,2,587.779,293.8895,587.779,293.8895,0.0021005619532762083,0.8028201234005949,0.0,0.0
146,Device,Conv2DBackpropFilter,gradient_tape/model/conv2d_9/Conv2D/Conv2DBackpropFilter,2,587.778,293.889,587.778,293.889,0.0021005583795487472,0.8049206817801436,0.0,0.0
147,Device,BiasAdd,model/conv2d_5/BiasAdd,2,586.755,293.3775,586.755,293.3775,0.002096902456356184,0.8070175842364998,0.0,0.0
148,Device,BiasAdd,model/conv2d_2/BiasAdd,2,584.706,292.353,584.706,292.353,0.0020895798887886753,0.8091071641252885,0.0,0.0
149,Device,BiasAdd,model/conv2d_3/BiasAdd,2,584.706,292.353,584.706,292.353,0.0020895798887886753,0.8111967440140772,0.0,0.0
150,Device,Relu,model/activation_2/Relu,2,557.058,278.529,557.058,278.529,0.001990773471948025,0.8131875174860251,0.0,0.0
151,Device,Relu,model/activation_3/Relu,2,555.011,277.5055,555.011,277.5055,0.0019834580518354374,0.8151709755378606,0.0,0.0
152,Device,Relu,model/activation_6/Relu,2,555.01,277.505,555.01,277.505,0.0019834544781079763,0.8171544300159685,0.0,0.0
153,Device,Relu,model/activation_1/Relu,2,553.987,276.9935,553.987,276.9935,0.001979798554915413,0.8191342285708839,0.0,0.0
154,Device,Relu,model/activation_5/Relu,2,552.963,276.4815,552.963,276.4815,0.0019761390579953893,0.8211103676288793,0.0,0.0
155,Device,Relu,model/activation_4/Relu,2,551.939,275.9695,551.939,275.9695,0.001972479561075365,0.8230828471899547,0.0,0.0
156,Device,Transpose,gradient_tape/model/conv2d/Conv2D/Conv2DBackpropFilter-0-TransposeNHWCToNCHW-LayoutOptimizer,2,474.114,237.057,474.114,237.057,0.0016943542214260736,0.8247772014113808,0.0,0.0
157,Device,Conv2D,model/conv2d_9/Conv2D,2,442.37,221.185,442.37,221.185,0.0015809098169053272,0.8263581112282861,0.0,0.0
158,Device,ReluGrad,gradient_tape/model/activation_12/ReluGrad,2,440.322,220.161,440.322,220.161,0.0015735908230652788,0.8279317020513514,0.0,0.0
159,Device,FusedBatchNormV3,model/batch_normalization_8/FusedBatchNormV3,4,440.321,110.08025,440.321,110.08025,0.001573587249337818,0.8295052893006892,0.0,0.0
160,Device,ReluGrad,gradient_tape/model/activation_14/ReluGrad,2,437.25,218.625,437.25,218.625,0.0015626123323052067,0.8310679016329945,0.0,0.0
161,Device,FusedBatchNormV3,model/batch_normalization_12/FusedBatchNormV3,4,437.25,109.3125,437.25,109.3125,0.0015626123323052067,0.8326305139652997,0.0,0.0
162,Device,ReluGrad,gradient_tape/model/activation_10/ReluGrad,2,436.226,218.113,436.226,218.113,0.0015589528353851826,0.834189466800685,0.0,0.0
163,Device,Conv2DBackpropInput,gradient_tape/model/conv2d_18/Conv2D/Conv2DBackpropInput,2,436.226,218.113,436.226,218.113,0.0015589528353851826,0.8357484196360702,0.0,0.0
164,Device,FusedBatchNormV3,model/batch_normalization_14/FusedBatchNormV3,4,436.226,109.0565,436.226,109.0565,0.0015589528353851826,0.8373073724714554,0.0,0.0
165,Device,FusedBatchNormV3,model/batch_normalization_13/FusedBatchNormV3,4,436.225,109.05625,436.225,109.05625,0.0015589492616577218,0.838866321733113,0.0,0.0
166,Device,ReluGrad,gradient_tape/model/activation_8/ReluGrad,2,435.202,217.601,435.202,217.601,0.0015552933384651584,0.8404216150715782,0.0,0.0
167,Device,FusedBatchNormV3,model/batch_normalization_10/FusedBatchNormV3,4,435.202,108.8005,435.202,108.8005,0.0015552933384651584,0.8419769084100434,0.0,0.0
168,Device,FusedBatchNormV3,model/batch_normalization_9/FusedBatchNormV3,4,435.202,108.8005,435.202,108.8005,0.0015552933384651584,0.8435322017485085,0.0,0.0
169,Device,ReluGrad,gradient_tape/model/activation_7/ReluGrad,2,435.201,217.6005,435.201,217.6005,0.0015552897647376975,0.8450874915132462,0.0,0.0
170,Device,ReluGrad,gradient_tape/model/activation_9/ReluGrad,2,431.106,215.553,431.106,215.553,0.0015406553507850622,0.8466281468640313,0.0,0.0
171,Device,FusedBatchNormV3,model/batch_normalization_7/FusedBatchNormV3,4,431.106,107.7765,431.106,107.7765,0.0015406553507850622,0.8481688022148164,0.0,0.0
172,Device,FusedBatchNormV3,model/batch_normalization_11/FusedBatchNormV3,4,431.105,107.77625,431.105,107.77625,0.0015406517770576013,0.849709453991874,0.0,0.0
173,Device,ReluGrad,gradient_tape/model/activation_11/ReluGrad,2,430.082,215.041,430.082,215.041,0.0015369958538650381,0.851246449845739,0.0,0.0
174,Device,ReluGrad,gradient_tape/model/activation_13/ReluGrad,2,430.082,215.041,430.082,215.041,0.0015369958538650381,0.8527834456996041,0.0,0.0
175,Device,AddN,SGD/gradients/AddN_10,2,425.985,212.9925,425.985,212.9925,0.0015223542924574808,0.8543057999920616,0.0,0.0
176,Device,AddN,SGD/gradients/AddN_8,2,424.962,212.481,424.962,212.481,0.0015186983692649177,0.8558244983613265,0.0,0.0
177,Device,AddN,SGD/gradients/AddN_11,2,423.938,211.969,423.938,211.969,0.0015150388723448934,0.8573395372336714,0.0,0.0
178,Device,AddN,SGD/gradients/AddN_9,2,421.89,210.945,421.89,210.945,0.0015077198785048453,0.8588472571121762,0.0,0.0
179,Device,AddV2,model/add_4/add,2,418.818,209.409,418.818,209.409,0.0014967413877447731,0.860343998499921,0.0,0.0
180,Device,AddV2,model/add_3/add,2,417.794,208.897,417.794,208.897,0.0014930818908247489,0.8618370803907458,0.0,0.0
181,Device,AddV2,model/add_5/add,2,414.722,207.361,414.722,207.361,0.0014821034000646767,0.8633191837908105,0.0,0.0
182,Device,AddV2,model/add_6/add,2,414.722,207.361,414.722,207.361,0.0014821034000646767,0.8648012871908752,0.0,0.0
183,Device,FusedBatchNormGradV3,gradient_tape/model/batch_normalization_16/FusedBatchNormGradV3,2,370.69,185.345,370.69,185.345,0.001324745032503641,0.8661260322233789,0.0,0.0
184,Device,FusedBatchNormGradV3,gradient_tape/model/batch_normalization_26/FusedBatchNormGradV3,2,370.689,185.3445,370.689,185.3445,0.0013247414587761802,0.8674507736821551,0.0,0.0
185,Device,FusedBatchNormGradV3,gradient_tape/model/batch_normalization_19/FusedBatchNormGradV3,2,369.666,184.833,369.666,184.833,0.001321085535583617,0.8687718592177387,0.0,0.0
186,Device,FusedBatchNormGradV3,gradient_tape/model/batch_normalization_17/FusedBatchNormGradV3,2,369.665,184.8325,369.665,184.8325,0.0013210819618561561,0.8700929411795949,0.0,0.0
187,Device,FusedBatchNormGradV3,gradient_tape/model/batch_normalization_21/FusedBatchNormGradV3,2,369.665,184.8325,369.665,184.8325,0.0013210819618561561,0.8714140231414511,0.0,0.0
188,Device,SoftmaxCrossEntropyWithLogits,categorical_crossentropy/softmax_cross_entropy_with_logits,6,368.642,61.440333333333335,368.642,61.440333333333335,0.001317426038663593,0.8727314491801147,0.0,0.0
189,Device,FusedBatchNormGradV3,gradient_tape/model/batch_normalization_20/FusedBatchNormGradV3,2,368.642,184.321,368.642,184.321,0.001317426038663593,0.8740488752187783,0.0,0.0
190,Device,FusedBatchNormGradV3,gradient_tape/model/batch_normalization_22/FusedBatchNormGradV3,2,368.642,184.321,368.642,184.321,0.001317426038663593,0.8753663012574419,0.0,0.0
191,Device,FusedBatchNormGradV3,gradient_tape/model/batch_normalization_15/FusedBatchNormGradV3,2,368.641,184.3205,368.641,184.3205,0.001317422464936132,0.876683723722378,0.0,0.0
192,Device,FusedBatchNormGradV3,gradient_tape/model/batch_normalization_18/FusedBatchNormGradV3,2,368.641,184.3205,368.641,184.3205,0.001317422464936132,0.8780011461873142,0.0,0.0
193,Device,FusedBatchNormGradV3,gradient_tape/model/batch_normalization_23/FusedBatchNormGradV3,2,367.618,183.809,367.618,183.809,0.0013137665417435687,0.8793149127290577,0.0,0.0
194,Device,FusedBatchNormGradV3,gradient_tape/model/batch_normalization_24/FusedBatchNormGradV3,2,367.618,183.809,367.618,183.809,0.0013137665417435687,0.8806286792708012,0.0,0.0
195,Device,FusedBatchNormGradV3,gradient_tape/model/batch_normalization_25/FusedBatchNormGradV3,2,367.617,183.8085,367.617,183.8085,0.0013137629680161078,0.8819424422388173,0.0,0.0
196,Device,Conv2DBackpropInput,gradient_tape/model/conv2d_31/Conv2D/Conv2DBackpropInput,2,336.897,168.4485,336.897,168.4485,0.0012039780604153852,0.8831464202992327,0.0,0.0
197,Device,Conv2DBackpropFilter,gradient_tape/model/conv2d_18/Conv2D/Conv2DBackpropFilter,2,306.177,153.0885,306.177,153.0885,0.0010941931528146626,0.8842406134520474,0.0,0.0
198,Device,Conv2DBackpropFilter,gradient_tape/model/conv2d_31/Conv2D/Conv2DBackpropFilter,2,305.153,152.5765,305.153,152.5765,0.0010905336558946386,0.885331147107942,0.0,0.0
199,Device,BiasAdd,model/conv2d_7/BiasAdd,2,297.985,148.9925,297.985,148.9925,0.00106491717745447,0.8863960642853965,0.0,0.0
200,Device,BiasAdd,model/conv2d_9/BiasAdd,2,296.962,148.481,296.962,148.481,0.0010612612542619069,0.8874573255396584,0.0,0.0
201,Device,BiasAdd,model/conv2d_8/BiasAdd,2,291.842,145.921,291.842,145.921,0.0010429637696617864,0.8885002893093201,0.0,0.0
202,Device,BiasAdd,model/conv2d_10/BiasAdd,2,291.84,145.92,291.84,145.92,0.0010429566222068644,0.889543245931527,0.0,0.0
203,Device,BiasAdd,model/conv2d_12/BiasAdd,2,290.817,145.4085,290.817,145.4085,0.0010393006990143015,0.8905825466305413,0.0,0.0
204,Device,BiasAdd,model/conv2d_13/BiasAdd,2,290.817,145.4085,290.817,145.4085,0.0010393006990143015,0.8916218473295555,0.0,0.0
205,Device,BiasAdd,model/conv2d_11/BiasAdd,2,289.794,144.897,289.794,144.897,0.0010356447758217383,0.8926574921053773,0.0,0.0
206,Device,BiasAdd,model/conv2d_14/BiasAdd,2,289.794,144.897,289.794,144.897,0.0010356447758217383,0.893693136881199,0.0,0.0
207,Device,BiasAdd,model/conv2d_15/BiasAdd,2,289.792,144.896,289.792,144.896,0.0010356376283668163,0.8947287745095658,0.0,0.0
208,Device,Relu,model/activation_9/Relu,2,283.65,141.825,283.65,141.825,0.0010136877943015936,0.8957424623038673,0.0,0.0
209,Device,BiasAddGrad,gradient_tape/model/conv2d_1/BiasAdd/BiasAddGrad,2,282.625,141.3125,282.625,141.3125,0.0010100247236541086,0.8967524870275214,0.0,0.0
210,Device,BiasAddGrad,gradient_tape/model/conv2d_4/BiasAdd/BiasAddGrad,2,282.625,141.3125,282.625,141.3125,0.0010100247236541086,0.8977625117511755,0.0,0.0
211,Device,BiasAddGrad,gradient_tape/model/conv2d_2/BiasAdd/BiasAddGrad,2,281.601,140.8005,281.601,140.8005,0.0010063652267340846,0.8987688769779095,0.0,0.0
212,Device,BiasAddGrad,gradient_tape/model/conv2d_3/BiasAdd/BiasAddGrad,2,281.601,140.8005,281.601,140.8005,0.0010063652267340846,0.8997752422046436,0.0,0.0
213,Device,BiasAddGrad,gradient_tape/model/conv2d_6/BiasAdd/BiasAddGrad,2,281.601,140.8005,281.601,140.8005,0.0010063652267340846,0.9007816074313776,0.0,0.0
214,Device,Relu,model/activation_14/Relu,2,281.601,140.8005,281.601,140.8005,0.0010063652267340846,0.9017879726581116,0.0,0.0
215,Device,Relu,model/activation_7/Relu,2,280.578,140.289,280.578,140.289,0.0010027093035415214,0.9027906819616531,0.0,0.0
216,Device,BiasAddGrad,gradient_tape/model/conv2d_5/BiasAdd/BiasAddGrad,2,280.577,140.2885,280.577,140.2885,0.0010027057298140605,0.9037933876914672,0.0,0.0
217,Device,Relu,model/activation_13/Relu,2,280.577,140.2885,280.577,140.2885,0.0010027057298140605,0.9047960934212813,0.0,0.0
218,Device,Relu,model/activation_11/Relu,2,279.554,139.777,279.554,139.777,0.0009990498066214974,0.9057951432279028,0.0,0.0
219,Device,Relu,model/activation_10/Relu,2,279.552,139.776,279.552,139.776,0.0009990426591665756,0.9067941858870694,0.0,0.0
220,Device,Relu,model/activation_8/Relu,2,278.529,139.2645,278.529,139.2645,0.0009953867359740124,0.9077895726230434,0.0,0.0
221,Device,Relu,model/activation_12/Relu,2,277.505,138.7525,277.505,138.7525,0.0009917272390539882,0.9087812998620973,0.0,0.0
222,Device,Conv2D,model/conv2d_18/Conv2D,2,252.929,126.4645,252.929,126.4645,0.0009038993129734102,0.9096851991750707,0.0,0.0
223,Device,FusedBatchNormV3,model/batch_normalization_15/FusedBatchNormV3,4,235.52,58.88,235.52,58.88,0.0008416842916055398,0.9105268834666763,0.0,0.0
224,Device,AvgPoolGrad,gradient_tape/model/average_pooling2d/AvgPoolGrad,2,233.473,116.7365,233.473,116.7365,0.0008343688714929526,0.9113612523381692,0.0,0.0
225,Device,FusedBatchNormV3,model/batch_normalization_21/FusedBatchNormV3,4,232.45,58.1125,232.45,58.1125,0.0008307129483003894,0.9121919652864696,0.0,0.0
226,Device,FusedBatchNormV3,model/batch_normalization_24/FusedBatchNormV3,4,232.45,58.1125,232.45,58.1125,0.0008307129483003894,0.91302267823477,0.0,0.0
227,Device,FusedBatchNormV3,model/batch_normalization_19/FusedBatchNormV3,4,232.449,58.11225,232.449,58.11225,0.0008307093745729286,0.913853387609343,0.0,0.0
228,Device,FusedBatchNormV3,model/batch_normalization_20/FusedBatchNormV3,4,232.448,58.112,232.448,58.112,0.0008307058008454676,0.9146840934101884,0.0,0.0
229,Device,FusedBatchNormV3,model/batch_normalization_25/FusedBatchNormV3,4,232.448,58.112,232.448,58.112,0.0008307058008454676,0.9155147992110338,0.0,0.0
230,Device,FusedBatchNormV3,model/batch_normalization_16/FusedBatchNormV3,4,231.425,57.85625,231.425,57.85625,0.0008270498776529044,0.9163418490886868,0.0,0.0
231,Device,FusedBatchNormV3,model/batch_normalization_26/FusedBatchNormV3,4,231.425,57.85625,231.425,57.85625,0.0008270498776529044,0.9171688989663397,0.0,0.0
232,Device,FusedBatchNormV3,model/batch_normalization_22/FusedBatchNormV3,4,230.401,57.60025,230.401,57.60025,0.0008233903807328804,0.9179922893470726,0.0,0.0
233,Device,FusedBatchNormV3,model/batch_normalization_18/FusedBatchNormV3,4,230.4,57.6,230.4,57.6,0.0008233868070054194,0.918815676154078,0.0,0.0
234,Device,FusedBatchNormV3,model/batch_normalization_23/FusedBatchNormV3,4,229.377,57.34425,229.377,57.34425,0.0008197308838128563,0.9196354070378908,0.0,0.0
235,Device,FusedBatchNormV3,model/batch_normalization_17/FusedBatchNormV3,4,229.376,57.344,229.376,57.344,0.0008197273100853953,0.9204551343479762,0.0,0.0
236,Device,ReluGrad,gradient_tape/model/activation_19/ReluGrad,2,219.137,109.5685,219.137,109.5685,0.0007831359146126154,0.9212382702625889,0.0,0.0
237,Device,ReluGrad,gradient_tape/model/activation_24/ReluGrad,2,219.137,109.5685,219.137,109.5685,0.0007831359146126154,0.9220214061772015,0.0,0.0
238,Device,ReluGrad,gradient_tape/model/activation_26/ReluGrad,2,218.114,109.057,218.114,109.057,0.0007794799914200523,0.9228008861686215,0.0,0.0
239,Device,ReluGrad,gradient_tape/model/activation_15/ReluGrad,2,218.113,109.0565,218.113,109.0565,0.0007794764176925913,0.9235803625863142,0.0,0.0
240,Device,ReluGrad,gradient_tape/model/activation_23/ReluGrad,2,218.113,109.0565,218.113,109.0565,0.0007794764176925913,0.9243598390040068,0.0,0.0
241,Device,Conv2D,model/conv2d_31/Conv2D,2,218.112,109.056,218.112,109.056,0.0007794728439651303,0.9251393118479719,0.0,0.0
242,Device,ReluGrad,gradient_tape/model/activation_17/ReluGrad,2,217.089,108.5445,217.089,108.5445,0.0007758169207725672,0.9259151287687445,0.0,0.0
243,Device,AddN,SGD/gradients/AddN_6,2,216.065,108.0325,216.065,108.0325,0.0007721574238525431,0.926687286192597,0.0,0.0
244,Device,ReluGrad,gradient_tape/model/activation_18/ReluGrad,2,216.065,108.0325,216.065,108.0325,0.0007721574238525431,0.9274594436164495,0.0,0.0
245,Device,ReluGrad,gradient_tape/model/activation_20/ReluGrad,2,216.065,108.0325,216.065,108.0325,0.0007721574238525431,0.928231601040302,0.0,0.0
246,Device,ReluGrad,gradient_tape/model/activation_25/ReluGrad,2,216.065,108.0325,216.065,108.0325,0.0007721574238525431,0.9290037584641545,0.0,0.0
247,Device,ReluGrad,gradient_tape/model/activation_16/ReluGrad,2,215.041,107.5205,215.041,107.5205,0.0007684979269325191,0.9297722563910871,0.0,0.0
248,Device,AddN,SGD/gradients/AddN_4,2,214.017,107.0085,214.017,107.0085,0.0007648384300124949,0.9305370948210996,0.0,0.0
249,Device,AddV2,model/add_7/add,2,212.993,106.4965,212.993,106.4965,0.0007611789330924709,0.931298273754192,0.0,0.0
250,Device,AddV2,model/add_9/add,2,211.97,105.985,211.97,105.985,0.0007575230098999077,0.932055796764092,0.0,0.0
251,Device,AddN,SGD/gradients/AddN_3,2,211.969,105.9845,211.969,105.9845,0.0007575194361724467,0.9328133162002644,0.0,0.0
252,Device,AddN,SGD/gradients/AddN_7,2,211.969,105.9845,211.969,105.9845,0.0007575194361724467,0.9335708356364368,0.0,0.0
253,Device,AddN,SGD/gradients/AddN_5,2,211.968,105.984,211.968,105.984,0.0007575158624449858,0.9343283514988818,0.0,0.0
254,Device,AddV2,model/add_8/add,2,210.946,105.473,210.946,105.473,0.0007538635129798836,0.9350822150118617,0.0,0.0
255,Device,AddN,SGD/gradients/AddN_2,2,210.945,105.4725,210.945,105.4725,0.0007538599392524226,0.9358360749511142,0.0,0.0
256,Device,AddV2,model/add_12/add,2,209.921,104.9605,209.921,104.9605,0.0007502004423323986,0.9365862753934466,0.0,0.0
257,Device,AddV2,model/add_10/add,2,209.92,104.96,209.92,104.96,0.0007501968686049376,0.9373364722620515,0.0,0.0
258,Device,AddV2,model/add_11/add,2,209.92,104.96,209.92,104.96,0.0007501968686049376,0.9380866691306564,0.0,0.0
259,Device,ReluGrad,gradient_tape/model/activation_21/ReluGrad,2,204.801,102.4005,204.801,102.4005,0.0007319029577322781,0.9388185720883887,0.0,0.0
260,Device,ReluGrad,gradient_tape/model/activation_22/ReluGrad,2,202.752,101.376,202.752,101.376,0.000724580390164769,0.9395431524785535,0.0,0.0
261,Device,ArgMax,ArgMax,2,185.344,92.672,185.344,92.672,0.0006623689425243595,0.9402055214210778,0.0,0.0
262,Device,BiasAddGrad,gradient_tape/model/conv2d_11/BiasAdd/BiasAddGrad,2,160.769,80.3845,160.769,80.3845,0.0005745445901712425,0.9407800660112491,0.0,0.0
263,Device,BiasAddGrad,gradient_tape/model/conv2d_12/BiasAdd/BiasAddGrad,2,160.769,80.3845,160.769,80.3845,0.0005745445901712425,0.9413546106014203,0.0,0.0
264,Device,BiasAddGrad,gradient_tape/model/conv2d_14/BiasAdd/BiasAddGrad,2,160.769,80.3845,160.769,80.3845,0.0005745445901712425,0.9419291551915916,0.0,0.0
265,Device,BiasAddGrad,gradient_tape/model/conv2d_15/BiasAdd/BiasAddGrad,2,160.768,80.384,160.768,80.384,0.0005745410164437815,0.9425036962080354,0.0,0.0
266,Device,BiasAddGrad,gradient_tape/model/conv2d_13/BiasAdd/BiasAddGrad,2,159.745,79.8725,159.745,79.8725,0.0005708850932512184,0.9430745813012866,0.0,0.0
267,Device,BiasAddGrad,gradient_tape/model/conv2d_10/BiasAdd/BiasAddGrad,2,158.721,79.3605,158.721,79.3605,0.0005672255963311943,0.9436418068976178,0.0,0.0
268,Device,BiasAdd,model/conv2d_18/BiasAdd,2,150.529,75.2645,150.529,75.2645,0.0005379496209710016,0.9441797565185888,0.0,0.0
269,Device,BiasAddGrad,gradient_tape/model/conv2d_7/BiasAdd/BiasAddGrad,2,149.505,74.7525,149.505,74.7525,0.0005342901240509775,0.9447140466426397,0.0,0.0
270,Device,BiasAdd,model/conv2d_26/BiasAdd,2,149.505,74.7525,149.505,74.7525,0.0005342901240509775,0.9452483367666906,0.0,0.0
271,Device,BiasAdd,model/conv2d_24/BiasAdd,2,146.434,73.217,146.434,73.217,0.0005233152070183662,0.9457716519737089,0.0,0.0
272,Device,BiasAdd,model/conv2d_27/BiasAdd,2,146.434,73.217,146.434,73.217,0.0005233152070183662,0.9462949671807273,0.0,0.0
273,Device,BiasAdd,model/conv2d_20/BiasAdd,2,146.432,73.216,146.432,73.216,0.0005233080595634442,0.9468182752402907,0.0,0.0
274,Device,BiasAdd,model/conv2d_22/BiasAdd,2,146.432,73.216,146.432,73.216,0.0005233080595634442,0.9473415832998542,0.0,0.0
275,Device,BiasAdd,model/conv2d_16/BiasAdd,2,145.41,72.705,145.41,72.705,0.0005196557100983422,0.9478612390099526,0.0,0.0
276,Device,BiasAddGrad,gradient_tape/model/conv2d_9/BiasAdd/BiasAddGrad,2,145.409,72.7045,145.409,72.7045,0.0005196521363708812,0.9483808911463234,0.0,0.0
277,Device,BiasAdd,model/conv2d_19/BiasAdd,2,145.409,72.7045,145.409,72.7045,0.0005196521363708812,0.9489005432826942,0.0,0.0
278,Device,BiasAdd,model/conv2d_17/BiasAdd,2,145.408,72.704,145.408,72.704,0.0005196485626434202,0.9494201918453377,0.0,0.0
279,Device,BiasAdd,model/conv2d_21/BiasAdd,2,145.408,72.704,145.408,72.704,0.0005196485626434202,0.9499398404079811,0.0,0.0
280,Device,BiasAdd,model/conv2d_23/BiasAdd,2,145.408,72.704,145.408,72.704,0.0005196485626434202,0.9504594889706245,0.0,0.0
281,Device,BiasAdd,model/conv2d_25/BiasAdd,2,145.408,72.704,145.408,72.704,0.0005196485626434202,0.9509791375332679,0.0,0.0
282,Device,BiasAdd,model/conv2d_28/BiasAdd,2,145.408,72.704,145.408,72.704,0.0005196485626434202,0.9514987860959113,0.0,0.0
283,Device,Relu,model/activation_17/Relu,2,140.29,70.145,140.29,70.145,0.0005013582254982217,0.9520001443214096,0.0,0.0
284,Device,Relu,model/activation_20/Relu,2,140.29,70.145,140.29,70.145,0.0005013582254982217,0.9525015025469078,0.0,0.0
285,Device,Relu,model/activation_26/Relu,2,140.29,70.145,140.29,70.145,0.0005013582254982217,0.953002860772406,0.0,0.0
286,Device,Relu,model/activation_16/Relu,2,140.288,70.144,140.288,70.144,0.0005013510780432998,0.9535042118504493,0.0,0.0
287,Device,Relu,model/activation_21/Relu,2,140.288,70.144,140.288,70.144,0.0005013510780432998,0.9540055629284926,0.0,0.0
288,Device,Relu,model/activation_25/Relu,2,140.288,70.144,140.288,70.144,0.0005013510780432998,0.9545069140065359,0.0,0.0
289,Device,Relu,model/activation_22/Relu,2,139.265,69.6325,139.265,69.6325,0.0004976951548507367,0.9550046091613866,0.0,0.0
290,Device,Relu,model/activation_15/Relu,2,139.264,69.632,139.264,69.632,0.0004976915811232758,0.9555023007425099,0.0,0.0
291,Device,Relu,model/activation_23/Relu,2,139.264,69.632,139.264,69.632,0.0004976915811232758,0.9559999923236331,0.0,0.0
292,Device,Relu,model/activation_24/Relu,2,139.264,69.632,139.264,69.632,0.0004976915811232758,0.9564976839047563,0.0,0.0
293,Device,Relu,model/activation_19/Relu,2,138.241,69.1205,138.241,69.1205,0.0004940356579307126,0.956991719562687,0.0,0.0
294,Device,Relu,model/activation_18/Relu,2,137.217,68.6085,137.217,68.6085,0.0004903761610106886,0.9574820957236977,0.0,0.0
295,Device,ResourceApplyGradientDescent,SGD/SGD/update_118/ResourceApplyGradientDescent,2,124.929,62.4645,124.929,62.4645,0.00044646219797039947,0.9579285579216681,0.0,0.0
296,Device,ResourceApplyGradientDescent,SGD/SGD/update_122/ResourceApplyGradientDescent,2,124.929,62.4645,124.929,62.4645,0.00044646219797039947,0.9583750201196385,0.0,0.0
297,Device,ResourceApplyGradientDescent,SGD/SGD/update_130/ResourceApplyGradientDescent,2,124.929,62.4645,124.929,62.4645,0.00044646219797039947,0.9588214823176089,0.0,0.0
298,Device,ResourceApplyGradientDescent,SGD/SGD/update_126/ResourceApplyGradientDescent,2,124.928,62.464,124.928,62.464,0.0004464586242429385,0.9592679409418519,0.0,0.0
299,Device,ResourceApplyGradientDescent,SGD/SGD/update_134/ResourceApplyGradientDescent,2,123.904,61.952,123.904,61.952,0.0004427991273229144,0.9597107400691748,0.0,0.0
300,Device,Mul,gradient_tape/conv2d_35/kernel/Regularizer/Mul_1,2,121.857,60.9285,121.857,60.9285,0.0004354837072103272,0.9601462237763851,0.0,0.0
301,Device,AddN,SGD/gradients/AddN_49,2,121.856,60.928,121.856,60.928,0.0004354801334828662,0.960581703909868,0.0,0.0
302,Device,Mul,gradient_tape/conv2d_32/kernel/Regularizer/Mul_1,2,120.833,60.4165,120.833,60.4165,0.0004318242102903031,0.9610135281201583,0.0,0.0
303,Device,Mul,gradient_tape/conv2d_33/kernel/Regularizer/Mul_1,2,120.833,60.4165,120.833,60.4165,0.0004318242102903031,0.9614453523304486,0.0,0.0
304,Device,Mul,gradient_tape/conv2d_34/kernel/Regularizer/Mul_1,2,120.833,60.4165,120.833,60.4165,0.0004318242102903031,0.9618771765407389,0.0,0.0
305,Device,ArgMax,ArgMax_1,2,120.832,60.416,120.832,60.416,0.0004318206365628421,0.9623089971773018,0.0,0.0
306,Device,AddN,SGD/gradients/AddN_50,2,120.832,60.416,120.832,60.416,0.0004318206365628421,0.9627408178138647,0.0,0.0
307,Device,AddN,SGD/gradients/AddN_51,2,120.832,60.416,120.832,60.416,0.0004318206365628421,0.9631726384504276,0.0,0.0
308,Device,Mul,gradient_tape/conv2d_30/kernel/Regularizer/Mul_1,2,120.832,60.416,120.832,60.416,0.0004318206365628421,0.9636044590869904,0.0,0.0
309,Device,AddN,SGD/gradients/AddN_48,2,119.808,59.904,119.808,59.904,0.00042816113964281807,0.9640326202266333,0.0,0.0
310,Device,FusedBatchNormGradV3,gradient_tape/model/batch_normalization_28/FusedBatchNormGradV3,2,115.713,57.8565,115.713,57.8565,0.00041352672569018264,0.9644461469523234,0.0,0.0
311,Device,AddN,SGD/gradients/AddN_47,2,115.712,57.856,115.712,57.856,0.0004135231519627217,0.9648596701042862,0.0,0.0
312,Device,FusedBatchNormGradV3,gradient_tape/model/batch_normalization_29/FusedBatchNormGradV3,2,114.689,57.3445,114.689,57.3445,0.0004098672287701586,0.9652695373330563,0.0,0.0
313,Device,FusedBatchNormGradV3,gradient_tape/model/batch_normalization_27/FusedBatchNormGradV3,2,113.665,56.8325,113.665,56.8325,0.00040620773185013454,0.9656757450649065,0.0,0.0
314,Device,FusedBatchNormGradV3,gradient_tape/model/batch_normalization_30/FusedBatchNormGradV3,2,113.665,56.8325,113.665,56.8325,0.00040620773185013454,0.9660819527967567,0.0,0.0
315,Device,FusedBatchNormGradV3,gradient_tape/model/batch_normalization_31/FusedBatchNormGradV3,2,112.641,56.3205,112.641,56.3205,0.00040254823493011044,0.9664845010316868,0.0,0.0
316,Device,FusedBatchNormGradV3,gradient_tape/model/batch_normalization_32/FusedBatchNormGradV3,2,112.64,56.32,112.64,56.32,0.00040254466120264945,0.9668870456928894,0.0,0.0
317,Device,ReluGrad,gradient_tape/model/activation_32/ReluGrad,2,111.617,55.8085,111.617,55.8085,0.00039888873801008633,0.9672859344308995,0.0,0.0
318,Device,ReluGrad,gradient_tape/model/activation_28/ReluGrad,2,110.592,55.296,110.592,55.296,0.0003952256673626013,0.9676811600982621,0.0,0.0
319,Device,ReluGrad,gradient_tape/model/activation_31/ReluGrad,2,109.569,54.7845,109.569,54.7845,0.0003915697441700382,0.9680727298424321,0.0,0.0
320,Device,ReluGrad,gradient_tape/model/activation_27/ReluGrad,2,109.568,54.784,109.568,54.784,0.0003915661704425772,0.9684642960128746,0.0,0.0
321,Device,AddV2,model/add_13/add,2,109.568,54.784,109.568,54.784,0.0003915661704425772,0.9688558621833172,0.0,0.0
322,Device,AddV2,model/add_14/add,2,109.568,54.784,109.568,54.784,0.0003915661704425772,0.9692474283537598,0.0,0.0
323,Device,AddV2,model/add_15/add,2,108.545,54.2725,108.545,54.2725,0.0003879102472500141,0.9696353386010098,0.0,0.0
324,Device,ReluGrad,gradient_tape/model/activation_29/ReluGrad,2,107.521,53.7605,107.521,53.7605,0.00038425075032998997,0.9700195893513398,0.0,0.0
325,Device,ReluGrad,gradient_tape/model/activation_30/ReluGrad,2,107.52,53.76,107.52,53.76,0.00038424717660252904,0.9704038365279424,0.0,0.0
326,Device,AddN,SGD/gradients/AddN_1,2,104.448,52.224,104.448,52.224,0.0003732686858424567,0.9707771052137848,0.0,0.0
327,Device,BiasAddGrad,gradient_tape/model/conv2d_21/BiasAdd/BiasAddGrad,2,102.401,51.2005,102.401,51.2005,0.00036595326572986956,0.9711430584795147,0.0,0.0
328,Device,BiasAddGrad,gradient_tape/model/conv2d_22/BiasAdd/BiasAddGrad,2,102.401,51.2005,102.401,51.2005,0.00036595326572986956,0.9715090117452445,0.0,0.0
329,Device,BiasAddGrad,gradient_tape/model/conv2d_23/BiasAdd/BiasAddGrad,2,102.4,51.2,102.4,51.2,0.0003659496920024086,0.9718749614372469,0.0,0.0
330,Device,BiasAddGrad,gradient_tape/model/conv2d_28/BiasAdd/BiasAddGrad,2,102.4,51.2,102.4,51.2,0.0003659496920024086,0.9722409111292494,0.0,0.0
331,Device,AddN,SGD/gradients/AddN,2,101.376,50.688,101.376,50.688,0.0003622901950823845,0.9726032013243318,0.0,0.0
332,Device,BiasAddGrad,gradient_tape/model/conv2d_19/BiasAdd/BiasAddGrad,2,101.376,50.688,101.376,50.688,0.0003622901950823845,0.9729654915194141,0.0,0.0
333,Device,BiasAddGrad,gradient_tape/model/conv2d_24/BiasAdd/BiasAddGrad,2,100.353,50.1765,100.353,50.1765,0.00035863427188982135,0.973324125791304,0.0,0.0
334,Device,BiasAddGrad,gradient_tape/model/conv2d_25/BiasAdd/BiasAddGrad,2,100.353,50.1765,100.353,50.1765,0.00035863427188982135,0.9736827600631939,0.0,0.0
335,Device,BiasAddGrad,gradient_tape/model/conv2d_20/BiasAdd/BiasAddGrad,2,100.352,50.176,100.352,50.176,0.0003586306981623604,0.9740413907613562,0.0,0.0
336,Device,BiasAddGrad,gradient_tape/model/conv2d_27/BiasAdd/BiasAddGrad,2,100.352,50.176,100.352,50.176,0.0003586306981623604,0.9744000214595185,0.0,0.0
337,Device,BiasAddGrad,gradient_tape/model/conv2d_16/BiasAdd/BiasAddGrad,2,99.328,49.664,99.328,49.664,0.00035497120124233637,0.9747549926607608,0.0,0.0
338,Device,BiasAddGrad,gradient_tape/model/conv2d_26/BiasAdd/BiasAddGrad,2,99.328,49.664,99.328,49.664,0.00035497120124233637,0.9751099638620031,0.0,0.0
339,Device,BiasAddGrad,gradient_tape/model/conv2d_18/BiasAdd/BiasAddGrad,2,88.064,44.032,88.064,44.032,0.0003147167351220714,0.9754246805971252,0.0,0.0
340,Device,Square,conv2d_30/kernel/Regularizer/Square,2,83.968,41.984,83.968,41.984,0.0003000787474419751,0.9757247593445671,0.0,0.0
341,Device,Square,conv2d_32/kernel/Regularizer/Square,2,82.944,41.472,82.944,41.472,0.00029641925052195097,0.9760211785950891,0.0,0.0
342,Device,Square,conv2d_35/kernel/Regularizer/Square,2,82.944,41.472,82.944,41.472,0.00029641925052195097,0.976317597845611,0.0,0.0
343,Device,Mul,gradient_tape/conv2d_30/kernel/Regularizer/Mul,2,82.944,41.472,82.944,41.472,0.00029641925052195097,0.9766140170961329,0.0,0.0
344,Device,Square,conv2d_33/kernel/Regularizer/Square,2,81.92,40.96,81.92,40.96,0.00029275975360192687,0.9769067768497348,0.0,0.0
345,Device,Square,conv2d_34/kernel/Regularizer/Square,2,80.896,40.448,80.896,40.448,0.0002891002566819028,0.9771958771064168,0.0,0.0
346,Device,FusedBatchNormV3,model/batch_normalization_28/FusedBatchNormV3,4,79.874,19.9685,79.874,19.9685,0.00028544790721680063,0.9774813250136336,0.0,0.0
347,Device,FusedBatchNormV3,model/batch_normalization_29/FusedBatchNormV3,4,79.872,19.968,79.872,19.968,0.0002854407597618787,0.9777667657733955,0.0,0.0
348,Device,FusedBatchNormV3,model/batch_normalization_30/FusedBatchNormV3,4,77.824,19.456,77.824,19.456,0.0002781217659218305,0.9780448875393173,0.0,0.0
349,Device,BiasAdd,model/conv2d_31/BiasAdd,2,77.824,38.912,77.824,38.912,0.0002781217659218305,0.9783230093052391,0.0,0.0
350,Device,FusedBatchNormV3,model/batch_normalization_27/FusedBatchNormV3,4,76.801,19.20025,76.801,19.20025,0.00027446584272926744,0.9785974751479684,0.0,0.0
351,Device,BiasAdd,model/conv2d_29/BiasAdd,2,76.801,38.4005,76.801,38.4005,0.00027446584272926744,0.9788719409906976,0.0,0.0
352,Device,FusedBatchNormV3,model/batch_normalization_31/FusedBatchNormV3,4,76.8,19.2,76.8,19.2,0.00027446226900180646,0.9791464032596995,0.0,0.0
353,Device,FusedBatchNormV3,model/batch_normalization_32/FusedBatchNormV3,4,76.8,19.2,76.8,19.2,0.00027446226900180646,0.9794208655287013,0.0,0.0
354,Device,Tile,gradient_tape/conv2d_30/kernel/Regularizer/Tile,2,74.752,37.376,74.752,37.376,0.00026714327516175825,0.9796880088038631,0.0,0.0
355,Device,BiasAdd,model/conv2d_32/BiasAdd,2,65.536,32.768,65.536,32.768,0.0002342078028815415,0.9799222166067446,0.0,0.0
356,Device,BiasAdd,model/conv2d_33/BiasAdd,2,65.536,32.768,65.536,32.768,0.0002342078028815415,0.9801564244096261,0.0,0.0
357,Device,BiasAdd,model/conv2d_34/BiasAdd,2,65.536,32.768,65.536,32.768,0.0002342078028815415,0.9803906322125077,0.0,0.0
358,Device,Mul,gradient_tape/conv2d_29/kernel/Regularizer/Mul_1,2,64.513,32.2565,64.513,32.2565,0.0002305518796889784,0.9806211840921967,0.0,0.0
359,Device,BiasAdd,model/conv2d_35/BiasAdd,2,64.513,32.2565,64.513,32.2565,0.0002305518796889784,0.9808517359718857,0.0,0.0
360,Device,ResourceApplyGradientDescent,SGD/SGD/update_112/ResourceApplyGradientDescent,2,64.512,32.256,64.512,32.256,0.00023054830596151742,0.9810822842778472,0.0,0.0
361,Device,BiasAdd,model/conv2d_30/BiasAdd,2,64.512,32.256,64.512,32.256,0.00023054830596151742,0.9813128325838086,0.0,0.0
362,Device,AddN,SGD/gradients/AddN_45,2,63.488,31.744,63.488,31.744,0.00022688880904149332,0.9815397213928502,0.0,0.0
363,Device,Relu,model/activation_27/Relu,2,60.416,30.208,60.416,30.208,0.00021591031828142106,0.9817556317111316,0.0,0.0
364,Device,Relu,model/activation_28/Relu,2,60.416,30.208,60.416,30.208,0.00021591031828142106,0.981971542029413,0.0,0.0
365,Device,Relu,model/activation_29/Relu,2,60.416,30.208,60.416,30.208,0.00021591031828142106,0.9821874523476943,0.0,0.0
366,Device,Relu,model/activation_31/Relu,2,60.416,30.208,60.416,30.208,0.00021591031828142106,0.9824033626659757,0.0,0.0
367,Device,Relu,model/activation_32/Relu,2,59.392,29.696,59.392,29.696,0.000212250821361397,0.9826156134873372,0.0,0.0
368,Device,Relu,model/activation_30/Relu,2,58.368,29.184,58.368,29.184,0.0002085913244413729,0.9828242048117786,0.0,0.0
369,Device,Sum,conv2d_30/kernel/Regularizer/Sum,2,57.344,28.672,57.344,28.672,0.00020493182752134883,0.9830291366392999,0.0,0.0
370,Device,Sum,conv2d_33/kernel/Regularizer/Sum,2,57.344,28.672,57.344,28.672,0.00020493182752134883,0.9832340684668213,0.0,0.0
371,Device,Sum,conv2d_32/kernel/Regularizer/Sum,2,54.272,27.136,54.272,27.136,0.00019395333676127654,0.9834280218035826,0.0,0.0
372,Device,Sum,conv2d_34/kernel/Regularizer/Sum,2,54.272,27.136,54.272,27.136,0.00019395333676127654,0.9836219751403439,0.0,0.0
373,Device,BiasAddGrad,gradient_tape/model/conv2d_29/BiasAdd/BiasAddGrad,2,53.249,26.6245,53.249,26.6245,0.00019029741356871345,0.9838122725539126,0.0,0.0
374,Device,Sum,conv2d_35/kernel/Regularizer/Sum,2,50.176,25.088,50.176,25.088,0.0001793153490811802,0.9839915879029938,0.0,0.0
375,Device,Square,conv2d_29/kernel/Regularizer/Square,2,48.129,24.0645,48.129,24.0645,0.00017199992896859299,0.9841635878319623,0.0,0.0
376,Device,BiasAddGrad,gradient_tape/model/conv2d_31/BiasAdd/BiasAddGrad,2,48.129,24.0645,48.129,24.0645,0.00017199992896859299,0.9843355877609309,0.0,0.0
377,Device,BiasAddGrad,gradient_tape/model/conv2d_32/BiasAdd/BiasAddGrad,2,48.128,24.064,48.128,24.064,0.00017199635524113205,0.984507584116172,0.0,0.0
378,Device,BiasAddGrad,gradient_tape/model/conv2d_34/BiasAdd/BiasAddGrad,2,47.104,23.552,47.104,23.552,0.00016833685832110795,0.9846759209744931,0.0,0.0
379,Device,BiasAddGrad,gradient_tape/model/conv2d_35/BiasAdd/BiasAddGrad,2,47.104,23.552,47.104,23.552,0.00016833685832110795,0.9848442578328142,0.0,0.0
380,Device,BiasAddGrad,gradient_tape/model/conv2d_33/BiasAdd/BiasAddGrad,2,46.08,23.04,46.08,23.04,0.00016467736140108387,0.9850089351942153,0.0,0.0
381,Device,Mul,gradient_tape/conv2d_29/kernel/Regularizer/Mul,2,44.032,22.016,44.032,22.016,0.0001573583675610357,0.9851662935617763,0.0,0.0
382,Device,_Recv,IteratorGetNext/_4,2,41.6,20.8,41.6,20.8,0.0001486670623759785,0.9853149606241522,0.0,0.0
383,Device,Tile,gradient_tape/conv2d_29/kernel/Regularizer/Tile,2,40.96,20.48,40.96,20.48,0.00014637987680096343,0.9854613405009532,0.0,0.0
384,Device,AddN,SGD/gradients/AddN_37,2,36.864,18.432,36.864,18.432,0.0001317418891208671,0.9855930823900741,0.0,0.0
385,Device,AddN,SGD/gradients/AddN_42,2,36.864,18.432,36.864,18.432,0.0001317418891208671,0.985724824279195,0.0,0.0
386,Device,AddN,SGD/gradients/AddN_44,2,35.84,17.92,35.84,17.92,0.00012808239220084302,0.9858529066713959,0.0,0.0
387,Device,Sum,conv2d_29/kernel/Regularizer/Sum,2,35.84,17.92,35.84,17.92,0.00012808239220084302,0.9859809890635968,0.0,0.0
388,Device,AvgPool,model/average_pooling2d/AvgPool,2,35.84,17.92,35.84,17.92,0.00012808239220084302,0.9861090714557976,0.0,0.0
389,Device,ResourceApplyGradientDescent,SGD/SGD/update_68/ResourceApplyGradientDescent,2,34.817,17.4085,34.817,17.4085,0.00012442646900827988,0.9862334979248059,0.0,0.0
390,Device,ResourceApplyGradientDescent,SGD/SGD/update_100/ResourceApplyGradientDescent,2,34.816,17.408,34.816,17.408,0.00012442289528081894,0.9863579208200867,0.0,0.0
391,Device,ResourceApplyGradientDescent,SGD/SGD/update_108/ResourceApplyGradientDescent,2,34.816,17.408,34.816,17.408,0.00012442289528081894,0.9864823437153675,0.0,0.0
392,Device,ResourceApplyGradientDescent,SGD/SGD/update_72/ResourceApplyGradientDescent,2,34.816,17.408,34.816,17.408,0.00012442289528081894,0.9866067666106483,0.0,0.0
393,Device,ResourceApplyGradientDescent,SGD/SGD/update_76/ResourceApplyGradientDescent,2,34.816,17.408,34.816,17.408,0.00012442289528081894,0.9867311895059291,0.0,0.0
394,Device,ResourceApplyGradientDescent,SGD/SGD/update_80/ResourceApplyGradientDescent,2,34.816,17.408,34.816,17.408,0.00012442289528081894,0.9868556124012099,0.0,0.0
395,Device,ResourceApplyGradientDescent,SGD/SGD/update_88/ResourceApplyGradientDescent,2,34.816,17.408,34.816,17.408,0.00012442289528081894,0.9869800352964907,0.0,0.0
396,Device,AddN,SGD/gradients/AddN_35,2,34.816,17.408,34.816,17.408,0.00012442289528081894,0.9871044581917715,0.0,0.0
397,Device,AddN,SGD/gradients/AddN_36,2,34.816,17.408,34.816,17.408,0.00012442289528081894,0.9872288810870523,0.0,0.0
398,Device,AddN,SGD/gradients/AddN_38,2,34.816,17.408,34.816,17.408,0.00012442289528081894,0.9873533039823331,0.0,0.0
399,Device,AddN,SGD/gradients/AddN_39,2,34.816,17.408,34.816,17.408,0.00012442289528081894,0.9874777268776139,0.0,0.0
400,Device,AddN,SGD/gradients/AddN_43,2,34.816,17.408,34.816,17.408,0.00012442289528081894,0.9876021497728947,0.0,0.0
401,Device,ResourceApplyGradientDescent,SGD/SGD/update_104/ResourceApplyGradientDescent,2,33.792,16.896,33.792,16.896,0.00012076339836079484,0.9877229131712555,0.0,0.0
402,Device,ResourceApplyGradientDescent,SGD/SGD/update_84/ResourceApplyGradientDescent,2,33.792,16.896,33.792,16.896,0.00012076339836079484,0.9878436765696162,0.0,0.0
403,Device,AddN,SGD/gradients/AddN_34,2,33.792,16.896,33.792,16.896,0.00012076339836079484,0.987964439967977,0.0,0.0
404,Device,AddN,SGD/gradients/AddN_40,2,33.792,16.896,33.792,16.896,0.00012076339836079484,0.9880852033663378,0.0,0.0
405,Device,AddN,SGD/gradients/AddN_41,2,33.792,16.896,33.792,16.896,0.00012076339836079484,0.9882059667646985,0.0,0.0
406,Device,ResourceApplyGradientDescent,SGD/SGD/update_92/ResourceApplyGradientDescent,2,32.768,16.384,32.768,16.384,0.00011710390144077075,0.9883230706661393,0.0,0.0
407,Device,ResourceApplyGradientDescent,SGD/SGD/update_96/ResourceApplyGradientDescent,2,32.768,16.384,32.768,16.384,0.00011710390144077075,0.9884401745675802,0.0,0.0
408,Device,Mul,gradient_tape/conv2d_17/kernel/Regularizer/Mul_1,2,32.768,16.384,32.768,16.384,0.00011710390144077075,0.988557278469021,0.0,0.0
409,Device,AddN,ArithmeticOptimizer/AddOpsRewrite_AddN_1,8,31.745,3.968125,31.745,3.968125,0.00011344797824820763,0.9886707264472692,0.0,0.0
410,Device,Mul,gradient_tape/conv2d_22/kernel/Regularizer/Mul_1,2,31.744,15.872,31.744,15.872,0.00011344440452074666,0.9887841708517899,0.0,0.0
411,Device,Mul,gradient_tape/conv2d_20/kernel/Regularizer/Mul_1,2,30.72,15.36,30.72,15.36,0.00010978490760072258,0.9888939557593907,0.0,0.0
412,Device,Mul,gradient_tape/conv2d_21/kernel/Regularizer/Mul_1,2,30.72,15.36,30.72,15.36,0.00010978490760072258,0.9890037406669914,0.0,0.0
413,Device,Mul,gradient_tape/conv2d_23/kernel/Regularizer/Mul_1,2,30.72,15.36,30.72,15.36,0.00010978490760072258,0.9891135255745921,0.0,0.0
414,Device,Mul,gradient_tape/conv2d_24/kernel/Regularizer/Mul_1,2,30.72,15.36,30.72,15.36,0.00010978490760072258,0.9892233104821928,0.0,0.0
415,Device,Mul,gradient_tape/conv2d_25/kernel/Regularizer/Mul_1,2,30.72,15.36,30.72,15.36,0.00010978490760072258,0.9893330953897935,0.0,0.0
416,Device,Mul,gradient_tape/conv2d_26/kernel/Regularizer/Mul_1,2,30.72,15.36,30.72,15.36,0.00010978490760072258,0.9894428802973942,0.0,0.0
417,Device,Mul,gradient_tape/conv2d_27/kernel/Regularizer/Mul_1,2,30.72,15.36,30.72,15.36,0.00010978490760072258,0.989552665204995,0.0,0.0
418,Device,Mul,gradient_tape/conv2d_28/kernel/Regularizer/Mul_1,2,30.72,15.36,30.72,15.36,0.00010978490760072258,0.9896624501125957,0.0,0.0
419,Device,Mul,gradient_tape/conv2d_19/kernel/Regularizer/Mul_1,2,29.696,14.848,29.696,14.848,0.0001061254106806985,0.9897685755232764,0.0,0.0
420,Device,MatMul,model/dense/MatMul,2,29.696,14.848,29.696,14.848,0.0001061254106806985,0.989874700933957,0.0,0.0
421,Device,Softmax,model/dense/Softmax,2,29.696,14.848,29.696,14.848,0.0001061254106806985,0.9899808263446377,0.0,0.0
422,Device,MatMul,gradient_tape/model/dense/MatMul/MatMul,2,27.648,13.824,27.648,13.824,9.880641684065032e-05,0.9900796327614784,0.0,0.0
423,Device,Sum,conv2d_25/kernel/Regularizer/Sum,2,24.576,12.288,24.576,12.288,8.782792608057807e-05,0.9901674606875589,0.0,0.0
424,Device,Sum,conv2d_28/kernel/Regularizer/Sum,2,23.553,11.7765,23.553,11.7765,8.417200288801495e-05,0.9902516326904469,0.0,0.0
425,Device,Sum,conv2d_21/kernel/Regularizer/Sum,2,23.552,11.776,23.552,11.776,8.416842916055398e-05,0.9903358011196075,0.0,0.0
426,Device,Sum,conv2d_22/kernel/Regularizer/Sum,2,23.552,11.776,23.552,11.776,8.416842916055398e-05,0.9904199695487681,0.0,0.0
427,Device,Sum,conv2d_27/kernel/Regularizer/Sum,2,23.552,11.776,23.552,11.776,8.416842916055398e-05,0.9905041379779287,0.0,0.0
428,Device,Square,conv2d_17/kernel/Regularizer/Square,2,22.529,11.2645,22.529,11.2645,8.051250596799086e-05,0.9905846504838967,0.0,0.0
429,Device,Square,conv2d_25/kernel/Regularizer/Square,2,22.529,11.2645,22.529,11.2645,8.051250596799086e-05,0.9906651629898646,0.0,0.0
430,Device,Sum,conv2d_17/kernel/Regularizer/Sum,2,22.528,11.264,22.528,11.264,8.050893224052988e-05,0.9907456719221052,0.0,0.0
431,Device,Square,conv2d_19/kernel/Regularizer/Square,2,22.528,11.264,22.528,11.264,8.050893224052988e-05,0.9908261808543457,0.0,0.0
432,Device,Sum,conv2d_19/kernel/Regularizer/Sum,2,22.528,11.264,22.528,11.264,8.050893224052988e-05,0.9909066897865862,0.0,0.0
433,Device,Square,conv2d_20/kernel/Regularizer/Square,2,22.528,11.264,22.528,11.264,8.050893224052988e-05,0.9909871987188268,0.0,0.0
434,Device,Sum,conv2d_26/kernel/Regularizer/Sum,2,22.528,11.264,22.528,11.264,8.050893224052988e-05,0.9910677076510673,0.0,0.0
435,Device,Sum,conv2d_20/kernel/Regularizer/Sum,2,21.504,10.752,21.504,10.752,7.684943532050581e-05,0.9911445570863878,0.0,0.0
436,Device,Square,conv2d_23/kernel/Regularizer/Square,2,21.504,10.752,21.504,10.752,7.684943532050581e-05,0.9912214065217083,0.0,0.0
437,Device,Sum,conv2d_23/kernel/Regularizer/Sum,2,21.504,10.752,21.504,10.752,7.684943532050581e-05,0.9912982559570288,0.0,0.0
438,Device,Square,conv2d_26/kernel/Regularizer/Square,2,21.504,10.752,21.504,10.752,7.684943532050581e-05,0.9913751053923493,0.0,0.0
439,Device,Mul,gradient_tape/conv2d_17/kernel/Regularizer/Mul,2,21.504,10.752,21.504,10.752,7.684943532050581e-05,0.9914519548276698,0.0,0.0
440,Device,ResourceApplyGradientDescent,SGD/SGD/update_62/ResourceApplyGradientDescent,2,20.48,10.24,20.48,10.24,7.318993840048172e-05,0.9915251447660702,0.0,0.0
441,Device,Square,conv2d_21/kernel/Regularizer/Square,2,20.48,10.24,20.48,10.24,7.318993840048172e-05,0.9915983347044707,0.0,0.0
442,Device,Square,conv2d_22/kernel/Regularizer/Square,2,20.48,10.24,20.48,10.24,7.318993840048172e-05,0.9916715246428711,0.0,0.0
443,Device,Square,conv2d_24/kernel/Regularizer/Square,2,20.48,10.24,20.48,10.24,7.318993840048172e-05,0.9917447145812716,0.0,0.0
444,Device,Square,conv2d_27/kernel/Regularizer/Square,2,20.48,10.24,20.48,10.24,7.318993840048172e-05,0.991817904519672,0.0,0.0
445,Device,Square,conv2d_28/kernel/Regularizer/Square,2,20.48,10.24,20.48,10.24,7.318993840048172e-05,0.9918910944580724,0.0,0.0
446,Device,Mul,gradient_tape/conv2d_16/kernel/Regularizer/Mul_1,2,20.48,10.24,20.48,10.24,7.318993840048172e-05,0.9919642843964729,0.0,0.0
447,Device,Tile,gradient_tape/conv2d_17/kernel/Regularizer/Tile,2,20.48,10.24,20.48,10.24,7.318993840048172e-05,0.9920374743348733,0.0,0.0
448,Device,AddN,SGD/gradients/AddN_32,2,19.456,9.728,19.456,9.728,6.953044148045763e-05,0.9921070047763538,0.0,0.0
449,Device,Sum,conv2d_24/kernel/Regularizer/Sum,2,19.456,9.728,19.456,9.728,6.953044148045763e-05,0.9921765352178343,0.0,0.0
450,Device,Sum,conv2d_11/kernel/Regularizer/Sum,2,17.408,8.704,17.408,8.704,6.221144764040947e-05,0.9922387466654747,0.0,0.0
451,Device,Sum,conv2d_12/kernel/Regularizer/Sum,2,17.408,8.704,17.408,8.704,6.221144764040947e-05,0.9923009581131151,0.0,0.0
452,Device,Sum,conv2d_13/kernel/Regularizer/Sum,2,17.408,8.704,17.408,8.704,6.221144764040947e-05,0.9923631695607555,0.0,0.0
453,Device,Sum,conv2d_16/kernel/Regularizer/Sum,2,16.385,8.1925,16.385,8.1925,5.855552444784634e-05,0.9924217250852034,0.0,0.0
454,Device,Sum,conv2d_10/kernel/Regularizer/Sum,2,16.384,8.192,16.384,8.192,5.8551950720385375e-05,0.9924802770359238,0.0,0.0
455,Device,Sum,conv2d_14/kernel/Regularizer/Sum,2,16.384,8.192,16.384,8.192,5.8551950720385375e-05,0.9925388289866441,0.0,0.0
456,Device,Sum,conv2d_31/kernel/Regularizer/Sum,2,16.384,8.192,16.384,8.192,5.8551950720385375e-05,0.9925973809373645,0.0,0.0
457,Device,MatMul,gradient_tape/model/dense/MatMul/MatMul_1,2,16.384,8.192,16.384,8.192,5.8551950720385375e-05,0.9926559328880848,0.0,0.0
458,Device,Square,conv2d_16/kernel/Regularizer/Square,2,15.361,7.6805,15.361,7.6805,5.489602752782225e-05,0.9927108289156127,0.0,0.0
459,Device,ResourceApplyGradientDescent,SGD/SGD/update_138/ResourceApplyGradientDescent,2,15.36,7.68,15.36,7.68,5.489245380036129e-05,0.9927657213694131,0.0,0.0
460,Device,Sum,conv2d_15/kernel/Regularizer/Sum,2,15.36,7.68,15.36,7.68,5.489245380036129e-05,0.9928206138232135,0.0,0.0
461,Device,Sum,conv2d_5/kernel/Regularizer/Sum,2,15.36,7.68,15.36,7.68,5.489245380036129e-05,0.9928755062770139,0.0,0.0
462,Device,Sum,conv2d_18/kernel/Regularizer/Sum,2,14.337,7.1685,14.337,7.1685,5.1236530607798166e-05,0.9929267428076217,0.0,0.0
463,Device,Sum,conv2d_4/kernel/Regularizer/Sum,2,14.336,7.168,14.336,7.168,5.123295688033721e-05,0.9929779757645021,0.0,0.0
464,Device,Sum,conv2d_6/kernel/Regularizer/Sum,2,14.336,7.168,14.336,7.168,5.123295688033721e-05,0.9930292087213825,0.0,0.0
465,Device,Sum,conv2d_8/kernel/Regularizer/Sum,2,14.336,7.168,14.336,7.168,5.123295688033721e-05,0.9930804416782628,0.0,0.0
466,Device,Mul,gradient_tape/conv2d_16/kernel/Regularizer/Mul,2,14.336,7.168,14.336,7.168,5.123295688033721e-05,0.9931316746351432,0.0,0.0
467,Device,ResourceApplyGradientDescent,SGD/SGD/update_46/ResourceApplyGradientDescent,2,13.312,6.656,13.312,6.656,4.757345996031312e-05,0.9931792480951035,0.0,0.0
468,Device,ResourceApplyGradientDescent,SGD/SGD/update_54/ResourceApplyGradientDescent,2,13.312,6.656,13.312,6.656,4.757345996031312e-05,0.9932268215550638,0.0,0.0
469,Device,ResourceApplyGradientDescent,SGD/SGD/update_58/ResourceApplyGradientDescent,2,13.312,6.656,13.312,6.656,4.757345996031312e-05,0.9932743950150241,0.0,0.0
470,Device,Sum,conv2d_1/kernel/Regularizer/Sum,2,13.312,6.656,13.312,6.656,4.757345996031312e-05,0.9933219684749844,0.0,0.0
471,Device,Sum,conv2d_3/kernel/Regularizer/Sum,2,13.312,6.656,13.312,6.656,4.757345996031312e-05,0.9933695419349448,0.0,0.0
472,Device,Tile,gradient_tape/conv2d_16/kernel/Regularizer/Tile,2,13.312,6.656,13.312,6.656,4.757345996031312e-05,0.9934171153949051,0.0,0.0
473,Device,Tile,gradient_tape/conv2d_18/kernel/Regularizer/Tile,2,13.312,6.656,13.312,6.656,4.757345996031312e-05,0.9934646888548654,0.0,0.0
474,Device,Tile,gradient_tape/conv2d_8/kernel/Regularizer/Tile,2,13.312,6.656,13.312,6.656,4.757345996031312e-05,0.9935122623148257,0.0,0.0
475,Device,ResourceApplyGradientDescent,SGD/SGD/update_116/ResourceApplyGradientDescent,2,12.288,6.144,12.288,6.144,4.391396304028903e-05,0.993556176277866,0.0,0.0
476,Device,ResourceApplyGradientDescent,SGD/SGD/update_34/ResourceApplyGradientDescent,2,12.288,6.144,12.288,6.144,4.391396304028903e-05,0.9936000902409062,0.0,0.0
477,Device,ResourceApplyGradientDescent,SGD/SGD/update_38/ResourceApplyGradientDescent,2,12.288,6.144,12.288,6.144,4.391396304028903e-05,0.9936440042039465,0.0,0.0
478,Device,ResourceApplyGradientDescent,SGD/SGD/update_42/ResourceApplyGradientDescent,2,12.288,6.144,12.288,6.144,4.391396304028903e-05,0.9936879181669868,0.0,0.0
479,Device,ResourceApplyGradientDescent,SGD/SGD/update_50/ResourceApplyGradientDescent,2,12.288,6.144,12.288,6.144,4.391396304028903e-05,0.993731832130027,0.0,0.0
480,Device,AddN,SGD/gradients/AddN_25,2,12.288,6.144,12.288,6.144,4.391396304028903e-05,0.9937757460930673,0.0,0.0
481,Device,AddN,SGD/gradients/AddN_26,2,12.288,6.144,12.288,6.144,4.391396304028903e-05,0.9938196600561076,0.0,0.0
482,Device,AddN,SGD/gradients/AddN_27,2,12.288,6.144,12.288,6.144,4.391396304028903e-05,0.9938635740191478,0.0,0.0
483,Device,AddN,SGD/gradients/AddN_29,2,12.288,6.144,12.288,6.144,4.391396304028903e-05,0.9939074879821881,0.0,0.0
484,Device,AddN,SGD/gradients/AddN_30,2,12.288,6.144,12.288,6.144,4.391396304028903e-05,0.9939514019452284,0.0,0.0
485,Device,AddN,SGD/gradients/AddN_31,2,12.288,6.144,12.288,6.144,4.391396304028903e-05,0.9939953159082686,0.0,0.0
486,Device,Sum,conv2d/kernel/Regularizer/Sum,2,12.288,6.144,12.288,6.144,4.391396304028903e-05,0.9940392298713089,0.0,0.0
487,Device,Sum,conv2d_2/kernel/Regularizer/Sum,2,12.288,6.144,12.288,6.144,4.391396304028903e-05,0.9940831438343491,0.0,0.0
488,Device,Tile,gradient_tape/conv2d_1/kernel/Regularizer/Tile,2,12.288,6.144,12.288,6.144,4.391396304028903e-05,0.9941270577973894,0.0,0.0
489,Device,Tile,gradient_tape/conv2d_31/kernel/Regularizer/Tile,2,12.288,6.144,12.288,6.144,4.391396304028903e-05,0.9941709717604297,0.0,0.0
490,Device,Tile,gradient_tape/conv2d_7/kernel/Regularizer/Tile,2,12.288,6.144,12.288,6.144,4.391396304028903e-05,0.9942148857234699,0.0,0.0
491,Device,Mul,gradient_tape/conv2d_15/kernel/Regularizer/Mul,2,11.265,5.6325,11.265,5.6325,4.025803984772591e-05,0.9942551437633177,0.0,0.0
492,Device,AddN,SGD/gradients/AddN_28,2,11.264,5.632,11.264,5.632,4.025446612026494e-05,0.9942953982294379,0.0,0.0
493,Device,Sum,conv2d_7/kernel/Regularizer/Sum,2,11.264,5.632,11.264,5.632,4.025446612026494e-05,0.9943356526955581,0.0,0.0
494,Device,Sum,conv2d_9/kernel/Regularizer/Sum,2,11.264,5.632,11.264,5.632,4.025446612026494e-05,0.9943759071616783,0.0,0.0
495,Device,Mul,gradient_tape/conv2d_10/kernel/Regularizer/Mul,2,11.264,5.632,11.264,5.632,4.025446612026494e-05,0.9944161616277986,0.0,0.0
496,Device,Mul,gradient_tape/conv2d_10/kernel/Regularizer/Mul_1,2,11.264,5.632,11.264,5.632,4.025446612026494e-05,0.9944564160939188,0.0,0.0
497,Device,Mul,gradient_tape/conv2d_11/kernel/Regularizer/Mul_1,2,11.264,5.632,11.264,5.632,4.025446612026494e-05,0.994496670560039,0.0,0.0
498,Device,ResourceApplyGradientDescent,SGD/SGD/update_28/ResourceApplyGradientDescent,2,10.24,5.12,10.24,5.12,3.659496920024086e-05,0.9945332655292393,0.0,0.0
499,Device,AddN,SGD/gradients/AddN_46,2,10.24,5.12,10.24,5.12,3.659496920024086e-05,0.9945698604984395,0.0,0.0
500,Device,Square,conv2d_12/kernel/Regularizer/Square,2,10.24,5.12,10.24,5.12,3.659496920024086e-05,0.9946064554676398,0.0,0.0
501,Host,IDLE,IDLE,0,832419.682,0.0,832419.682,0.0,0.0,0.0,0.9650322614111069,0.9650322614111069
502,Host,GatherV2,GatherV2,2,29688.001,14844.0005,29688.001,14844.0005,0.0,0.0,0.03441758930179309,0.9994498507128999
503,Host,GatherV2,GatherV2_1,2,125.642,62.821,125.642,62.821,0.0,0.0,0.00014565799681345629,0.9995955087097134
504,Host,Dataset,Iterator::Root::ParallelMapV2::Zip[1]::ForeverRepeat,2,57.442,28.721,52.872,26.436,0.0,0.0,6.12950256086425e-05,0.999656803735322
505,Host,Dataset,Iterator::Root::ParallelMapV2,2,45.97,22.985,45.97,22.985,0.0,0.0,5.329346964800453e-05,0.99971009720497
506,Host,FlushSummaryWriter,FlushSummaryWriter,1,41.45,41.45,41.45,41.45,0.0,0.0,4.8053389534691926e-05,0.9997581505945047
507,Host,IteratorGetNext,IteratorGetNext,2,38.411,19.2055,38.411,19.2055,0.0,0.0,4.453024717532091e-05,0.99980268084168
508,Host,Dataset,Iterator::Root,2,80.952,40.476,34.982,17.491,0.0,0.0,4.055497400971273e-05,0.9998432358156897
509,Host,LogicalAnd,LogicalAnd,1,34.581,34.581,34.581,34.581,0.0,0.0,4.0090090796120186e-05,0.9998833259064858
510,Host,Dataset,Iterator::Root::ParallelMapV2::Zip[0]::FlatMap[1]::Concatenate[0]::TensorSlice,2,23.99,11.995,23.99,11.995,0.0,0.0,2.781184113238261e-05,0.9999111377476182
511,Host,WriteSummary,WriteSummary,1,22.37,22.37,22.37,22.37,0.0,0.0,2.593375932185907e-05,0.99993707150694
512,Host,Dataset,Iterator::Root::ParallelMapV2::Zip[0]::FlatMap[1]::Concatenate,2,35.15,17.575,11.16,5.58,0.0,0.0,1.2937896916939973e-05,0.9999500094038569
513,Host,Dataset,Iterator::Root::ParallelMapV2::Zip,2,107.323,53.6615,10.501,5.2505,0.0,0.0,1.2173911785375148e-05,0.9999621833156424
514,Host,ReadVariableOp,ReadVariableOp,1,9.26,9.26,9.26,9.26,0.0,0.0,1.0735208373733346e-05,0.999972918524016
515,Host,Dataset,Iterator::Root::ParallelMapV2::Zip[1]::ForeverRepeat::FromTensor,4,4.57,1.1425,4.57,1.1425,0.0,0.0,5.298045601291728e-06,0.9999782165696174
516,Host,_Send,IteratorGetNext/_6,2,4.48,2.24,4.48,2.24,0.0,0.0,5.193707722929308e-06,0.9999834102773403
517,Host,Dataset,Iterator::Root::ParallelMapV2::Zip[0]::FlatMap,2,39.38,19.69,4.23,2.115,0.0,0.0,4.9038802830336995e-06,0.9999883141576233
518,Host,Identity,Identity,2,3.31,1.655,3.31,1.655,0.0,0.0,3.8373153042178595e-06,0.9999921514729275
519,Host,_Send,IteratorGetNext/_1,2,3.28,1.64,3.28,1.64,0.0,0.0,3.8025360114303862e-06,0.9999959540089389
520,Host,_HostSend,categorical_crossentropy/softmax_cross_entropy_with_logits/Shape_2/_9,2,2.09,1.045,2.09,1.045,0.0,0.0,2.422957397527289e-06,0.9999983769663364
521,Host,_Send,IteratorGetNext/_3,2,1.4,0.7,1.4,0.7,0.0,0.0,1.6230336634154087e-06,0.9999999999999999
