Rank,Host/device,Type,Operation,#Occurrences,Total time (us),Avg. time (us),Total self-time (us),Avg. self-time (us),Total self-time on Device (%),Cumulative total-self time on Device (%),Total self-time on Host (%),Cumulative total-self time on Host (%)
1,Device,IDLE,IDLE,0,6435.841,0.0,6435.841,0.0,0.22742601457442405,0.22742601457442405,0.0,0.0
2,Device,ResourceApplyGradientDescent,SGD/SGD/update_34/ResourceApplyGradientDescent,2,839.684,419.842,839.684,419.842,0.02967226592793555,0.2570982805023596,0.0,0.0
3,Device,Conv2DBackpropFilter,gradient_tape/sequential/conv2d_9/Conv2D/Conv2DBackpropFilter,4,773.124,193.281,773.124,193.281,0.02732020727234203,0.28441848777470163,0.0,0.0
4,Device,Conv2DBackpropFilter,gradient_tape/sequential/conv2d_10/Conv2D/Conv2DBackpropFilter,4,765.956,191.489,765.956,191.489,0.027066908647893496,0.31148539642259515,0.0,0.0
5,Device,Conv2DBackpropFilter,gradient_tape/sequential/conv2d_11/Conv2D/Conv2DBackpropFilter,4,764.932,191.233,764.932,191.233,0.027030723130115134,0.33851611955271027,0.0,0.0
6,Device,Conv2DBackpropFilter,gradient_tape/sequential/conv2d_15/Conv2D/Conv2DBackpropFilter,2,583.684,291.842,583.684,291.842,0.020625886483345082,0.35914200603605534,0.0,0.0
7,Device,Conv2DBackpropFilter,gradient_tape/sequential/conv2d_14/Conv2D/Conv2DBackpropFilter,2,577.539,288.7695,577.539,288.7695,0.020408738039255206,0.37955074407531053,0.0,0.0
8,Device,Conv2DBackpropFilter,gradient_tape/sequential/conv2d_12/Conv2D/Conv2DBackpropFilter,2,576.515,288.2575,576.515,288.2575,0.020372552521476846,0.3999232965967874,0.0,0.0
9,Device,Conv2DBackpropInput,gradient_tape/sequential/conv2d_12/Conv2D/Conv2DBackpropInput,4,570.371,142.59275,570.371,142.59275,0.020155439414806672,0.42007873601159407,0.0,0.0
10,Device,Conv2DBackpropInput,gradient_tape/sequential/conv2d_15/Conv2D/Conv2DBackpropInput,4,569.347,142.33675,569.347,142.33675,0.020119253897028313,0.44019798990862236,0.0,0.0
11,Device,Conv2DBackpropInput,gradient_tape/sequential/conv2d_14/Conv2D/Conv2DBackpropInput,4,568.323,142.08075,568.323,142.08075,0.02008306837924995,0.4602810582878723,0.0,0.0
12,Device,Conv2DBackpropFilter,gradient_tape/sequential/conv2d_13/Conv2D/Conv2DBackpropFilter,2,567.299,283.6495,567.299,283.6495,0.020046882861471587,0.4803279411493439,0.0,0.0
13,Device,Conv2DBackpropInput,gradient_tape/sequential/conv2d_13/Conv2D/Conv2DBackpropInput,4,566.274,141.5685,566.274,141.5685,0.020010662006273522,0.5003386031556174,0.0,0.0
14,Device,Conv2DBackpropFilter,gradient_tape/sequential/conv2d_1/Conv2D/Conv2DBackpropFilter,2,530.435,265.2175,530.435,265.2175,0.01874420422145056,0.5190828073770679,0.0,0.0
15,Device,_FusedConv2D,sequential/conv2d_11/Relu,4,452.61,113.1525,452.61,113.1525,0.015994069532875355,0.5350768769099432,0.0,0.0
16,Device,_FusedConv2D,sequential/conv2d_10/Relu,4,449.539,112.38475,449.539,112.38475,0.015885548316959975,0.5509624252269032,0.0,0.0
17,Device,_FusedConv2D,sequential/conv2d_9/Relu,4,449.538,112.3845,449.538,112.3845,0.01588551297954027,0.5668479382064434,0.0,0.0
18,Device,Conv2DBackpropInput,gradient_tape/sequential/conv2d_10/Conv2D/Conv2DBackpropInput,4,436.226,109.0565,436.226,109.0565,0.015415101248421565,0.582263039454865,0.0,0.0
19,Device,Conv2DBackpropInput,gradient_tape/sequential/conv2d_9/Conv2D/Conv2DBackpropInput,4,436.226,109.0565,436.226,109.0565,0.015415101248421565,0.5976781407032866,0.0,0.0
20,Device,Conv2DBackpropInput,gradient_tape/sequential/conv2d_11/Conv2D/Conv2DBackpropInput,4,431.106,107.7765,431.106,107.7765,0.015234173659529756,0.6129123143628163,0.0,0.0
21,Device,_FusedConv2D,sequential/conv2d_12/Relu,4,353.281,88.32025,353.281,88.32025,0.012484038970954549,0.6253963533337709,0.0,0.0
22,Device,_FusedConv2D,sequential/conv2d_14/Relu,4,351.234,87.8085,351.234,87.8085,0.01241170327281753,0.6378080566065883,0.0,0.0
23,Device,_FusedConv2D,sequential/conv2d_13/Relu,4,351.233,87.80825,351.233,87.80825,0.012411667935397825,0.6502197245419862,0.0,0.0
24,Device,_FusedConv2D,sequential/conv2d_15/Relu,4,349.186,87.2965,349.186,87.2965,0.012339332237260806,0.662559056779247,0.0,0.0
25,Device,MatMul,gradient_tape/sequential/dense_1/MatMul/MatMul,2,336.898,168.449,336.898,168.449,0.011905106023920465,0.6744641628031675,0.0,0.0
26,Device,MatMul,gradient_tape/sequential/dense_1/MatMul/MatMul_1,2,314.37,157.185,314.37,157.185,0.011109024632796503,0.685573187435964,0.0,0.0
27,Device,_FusedConv2D,sequential/conv2d_8/Relu,4,313.346,78.3365,313.346,78.3365,0.011072839115018142,0.6966460265509821,0.0,0.0
28,Device,MatMul,sequential/dense_1/MatMul,2,305.153,152.5765,305.153,152.5765,0.010783319635371541,0.7074293461863536,0.0,0.0
29,Device,Conv2DBackpropFilter,gradient_tape/sequential/conv2d_3/Conv2D/Conv2DBackpropFilter,2,302.082,151.041,302.082,151.041,0.01067479841945616,0.7181041446058097,0.0,0.0
30,Device,Conv2DBackpropInput,gradient_tape/sequential/conv2d_8/Conv2D/Conv2DBackpropInput,4,297.985,74.49625,297.985,74.49625,0.010530021010923008,0.7286341656167328,0.0,0.0
31,Device,Conv2DBackpropFilter,gradient_tape/sequential/conv2d_7/Conv2D/Conv2DBackpropFilter,2,267.266,133.633,267.266,133.633,0.009444490814991859,0.7380786564317247,0.0,0.0
32,Device,Conv2DBackpropFilter,gradient_tape/sequential/conv2d_5/Conv2D/Conv2DBackpropFilter,2,267.265,133.6325,267.265,133.6325,0.009444455477572151,0.7475231119092968,0.0,0.0
33,Device,Conv2DBackpropFilter,gradient_tape/sequential/conv2d_6/Conv2D/Conv2DBackpropFilter,2,267.265,133.6325,267.265,133.6325,0.009444455477572151,0.7569675673868689,0.0,0.0
34,Device,Conv2DBackpropFilter,gradient_tape/sequential/conv2d_2/Conv2D/Conv2DBackpropFilter,2,265.217,132.6085,265.217,132.6085,0.009372084442015427,0.7663396518288843,0.0,0.0
35,Device,_FusedConv2D,sequential/conv2d_6/Relu,2,241.665,120.8325,241.665,120.8325,0.008539817533113106,0.7748794693619974,0.0,0.0
36,Device,_FusedConv2D,sequential/conv2d_7/Relu,2,240.641,120.3205,240.641,120.3205,0.008503632015334743,0.7833831013773321,0.0,0.0
37,Device,_FusedConv2D,sequential/conv2d_5/Relu,2,239.618,119.809,239.618,119.809,0.008467481834976087,0.7918505832123082,0.0,0.0
38,Device,Conv2DBackpropInput,gradient_tape/sequential/conv2d_6/Conv2D/Conv2DBackpropInput,2,230.401,115.2005,230.401,115.2005,0.008141776837551126,0.7999923600498593,0.0,0.0
39,Device,Conv2DBackpropInput,gradient_tape/sequential/conv2d_5/Conv2D/Conv2DBackpropInput,2,229.378,114.689,229.378,114.689,0.008105626657192468,0.8080979867070518,0.0,0.0
40,Device,Conv2DBackpropInput,gradient_tape/sequential/conv2d_7/Conv2D/Conv2DBackpropInput,2,227.329,113.6645,227.329,113.6645,0.00803322028421604,0.8161312069912678,0.0,0.0
41,Device,Conv2DBackpropFilter,gradient_tape/sequential/conv2d_8/Conv2D/Conv2DBackpropFilter,4,222.209,55.55225,222.209,55.55225,0.00785229269532423,0.8239834996865921,0.0,0.0
42,Device,_FusedConv2D,sequential/conv2d_1/Relu,2,214.017,107.0085,214.017,107.0085,0.007562808553097335,0.8315463082396894,0.0,0.0
43,Device,_FusedConv2D,sequential/conv2d_3/Relu,2,210.946,105.473,210.946,105.473,0.007454287337181955,0.8390005955768715,0.0,0.0
44,Device,Conv2DBackpropInput,gradient_tape/sequential/conv2d_1/Conv2D/Conv2DBackpropInput,2,210.945,105.4725,210.945,105.4725,0.007454251999762249,0.8464548475766337,0.0,0.0
45,Device,Conv2DBackpropInput,gradient_tape/sequential/conv2d_3/Conv2D/Conv2DBackpropInput,2,210.945,105.4725,210.945,105.4725,0.007454251999762249,0.8539090995763959,0.0,0.0
46,Device,Conv2DBackpropInput,gradient_tape/sequential/conv2d_4/Conv2D/Conv2DBackpropInput,2,165.889,82.9445,165.889,82.9445,0.005862089217514328,0.8597711887939102,0.0,0.0
47,Device,Conv2DBackpropFilter,gradient_tape/sequential/conv2d_4/Conv2D/Conv2DBackpropFilter,2,156.673,78.3365,156.673,78.3365,0.005536419557509071,0.8653076083514193,0.0,0.0
48,Device,_FusedConv2D,sequential/conv2d_4/Relu,2,140.289,70.1445,140.289,70.1445,0.0049574512730552805,0.8702650596244745,0.0,0.0
49,Device,Conv2DBackpropFilter,gradient_tape/sequential/conv2d/Conv2D/Conv2DBackpropFilter,2,125.953,62.9765,125.953,62.9765,0.004450854024158215,0.8747159136486328,0.0,0.0
50,Device,_FusedConv2D,sequential/conv2d_2/Relu,2,125.953,62.9765,125.953,62.9765,0.004450854024158215,0.879166767672791,0.0,0.0
51,Device,ResourceApplyGradientDescent,SGD/SGD/update_22/ResourceApplyGradientDescent,2,120.833,60.4165,120.833,60.4165,0.004269926435266406,0.8834366941080574,0.0,0.0
52,Device,ResourceApplyGradientDescent,SGD/SGD/update_20/ResourceApplyGradientDescent,2,119.808,59.904,119.808,59.904,0.004233705580068339,0.8876703996881257,0.0,0.0
53,Device,ResourceApplyGradientDescent,SGD/SGD/update_18/ResourceApplyGradientDescent,2,118.785,59.3925,118.785,59.3925,0.0041975553997096815,0.8918679550878353,0.0,0.0
54,Device,Conv2DBackpropInput,gradient_tape/sequential/conv2d_2/Conv2D/Conv2DBackpropInput,2,116.737,58.3685,116.737,58.3685,0.004125184364152957,0.8959931394519883,0.0,0.0
55,Device,ResourceApplyGradientDescent,SGD/SGD/update_30/ResourceApplyGradientDescent,2,113.665,56.8325,113.665,56.8325,0.004016627810817873,0.9000097672628062,0.0,0.0
56,Device,ResourceApplyGradientDescent,SGD/SGD/update_24/ResourceApplyGradientDescent,2,112.641,56.3205,112.641,56.3205,0.003980442293039511,0.9039902095558457,0.0,0.0
57,Device,ResourceApplyGradientDescent,SGD/SGD/update_26/ResourceApplyGradientDescent,2,112.641,56.3205,112.641,56.3205,0.003980442293039511,0.9079706518488853,0.0,0.0
58,Device,ResourceApplyGradientDescent,SGD/SGD/update_28/ResourceApplyGradientDescent,2,111.617,55.8085,111.617,55.8085,0.003944256775261149,0.9119149086241464,0.0,0.0
59,Device,ReluGrad,gradient_tape/sequential/conv2d_1/ReluGrad,2,101.377,50.6885,101.377,50.6885,0.00358240159747753,0.915497310221624,0.0,0.0
60,Device,ResourceApplyGradientDescent,SGD/SGD/update_32/ResourceApplyGradientDescent,2,99.328,49.664,99.328,49.664,0.003509995224501101,0.9190073054461251,0.0,0.0
61,Device,SoftmaxCrossEntropyWithLogits,categorical_crossentropy/softmax_cross_entropy_with_logits,2,95.233,47.6165,95.233,47.6165,0.003365288490807359,0.9223725939369324,0.0,0.0
62,Device,ReluGrad,gradient_tape/sequential/conv2d/ReluGrad,2,95.233,47.6165,95.233,47.6165,0.003365288490807359,0.9257378824277397,0.0,0.0
63,Device,MaxPoolGrad,gradient_tape/sequential/max_pooling2d_3/MaxPool/MaxPoolGrad,2,88.065,44.0325,88.065,44.0325,0.0031119898663588257,0.9288498722940985,0.0,0.0
64,Device,MaxPoolGrad,gradient_tape/sequential/max_pooling2d_4/MaxPool/MaxPoolGrad,2,83.968,41.984,83.968,41.984,0.002967212457825673,0.9318170847519243,0.0,0.0
65,Device,MaxPoolGrad,gradient_tape/sequential/max_pooling2d/MaxPool/MaxPoolGrad,2,79.872,39.936,79.872,39.936,0.0028224703867122253,0.9346395551386365,0.0,0.0
66,Device,_FusedConv2D,sequential/conv2d/Relu,2,75.776,37.888,75.776,37.888,0.002677728315598778,0.9373172834542353,0.0,0.0
67,Device,ResourceApplyGradientDescent,SGD/SGD/update_16/ResourceApplyGradientDescent,2,63.489,31.7445,63.489,31.7445,0.002243537439678141,0.9395608208939134,0.0,0.0
68,Device,MatMul,gradient_tape/sequential/dense/MatMul/MatMul,2,63.489,31.7445,63.489,31.7445,0.002243537439678141,0.9418043583335914,0.0,0.0
69,Device,ReluGrad,gradient_tape/sequential/conv2d_2/ReluGrad,2,54.272,27.136,54.272,27.136,0.0019178324422531787,0.9437221907758446,0.0,0.0
70,Device,MaxPoolGrad,gradient_tape/sequential/max_pooling2d_2/MaxPool/MaxPoolGrad,2,54.272,27.136,54.272,27.136,0.0019178324422531787,0.9456400232180978,0.0,0.0
71,Device,MatMul,gradient_tape/sequential/dense/MatMul/MatMul_1,2,52.224,26.112,52.224,26.112,0.001845461406696455,0.9474854846247943,0.0,0.0
72,Device,MatMul,sequential/dense/MatMul,2,51.2,25.6,51.2,25.6,0.0018092758889180934,0.9492947605137124,0.0,0.0
73,Device,ReluGrad,gradient_tape/sequential/conv2d_3/ReluGrad,2,49.153,24.5765,49.153,24.5765,0.001736940190781075,0.9510317007044935,0.0,0.0
74,Device,BiasAddGrad,gradient_tape/sequential/conv2d_1/BiasAdd/BiasAddGrad,2,47.104,23.552,47.104,23.552,0.0016645338178046458,0.9526962345222981,0.0,0.0
75,Device,MaxPoolGrad,gradient_tape/sequential/max_pooling2d_1/MaxPool/MaxPoolGrad,2,45.056,22.528,45.056,22.528,0.0015921627822479219,0.9542883973045461,0.0,0.0
76,Device,MaxPool,sequential/max_pooling2d/MaxPool,2,45.056,22.528,45.056,22.528,0.0015921627822479219,0.955880560086794,0.0,0.0
77,Device,BiasAddGrad,gradient_tape/sequential/conv2d/BiasAdd/BiasAddGrad,2,40.96,20.48,40.96,20.48,0.0014474207111344747,0.9573279807979285,0.0,0.0
78,Device,ResourceApplyGradientDescent,SGD/SGD/update_10/ResourceApplyGradientDescent,2,34.816,17.408,34.816,17.408,0.0012303076044643034,0.9585582884023928,0.0,0.0
79,Device,ResourceApplyGradientDescent,SGD/SGD/update_12/ResourceApplyGradientDescent,2,34.816,17.408,34.816,17.408,0.0012303076044643034,0.9597885960068571,0.0,0.0
80,Device,ResourceApplyGradientDescent,SGD/SGD/update_14/ResourceApplyGradientDescent,2,34.816,17.408,34.816,17.408,0.0012303076044643034,0.9610189036113214,0.0,0.0
81,Device,BiasAddGrad,gradient_tape/sequential/conv2d_3/BiasAdd/BiasAddGrad,2,33.792,16.896,33.792,16.896,0.0011941220866859416,0.9622130256980073,0.0,0.0
82,Device,_Recv,IteratorGetNext/_2,1,31.329,31.329,31.329,31.329,0.0011070860219514638,0.9633201117199587,0.0,0.0
83,Device,_Send,IteratorGetNext/_1,1,31.072,31.072,31.072,31.072,0.0010980043050871678,0.9644181160250459,0.0,0.0
84,Device,BiasAddGrad,gradient_tape/sequential/conv2d_2/BiasAdd/BiasAddGrad,2,30.721,15.3605,30.721,15.3605,0.0010856008707705613,0.9655037168958165,0.0,0.0
85,Device,ReluGrad,gradient_tape/sequential/conv2d_5/ReluGrad,2,26.625,13.3125,26.625,13.3125,0.0009408587996571139,0.9664445756954736,0.0,0.0
86,Device,ReluGrad,gradient_tape/sequential/conv2d_6/ReluGrad,2,26.624,13.312,26.624,13.312,0.0009408234622374084,0.967385399157711,0.0,0.0
87,Device,ReluGrad,gradient_tape/sequential/conv2d_4/ReluGrad,2,25.6,12.8,25.6,12.8,0.0009046379444590467,0.9682900371021701,0.0,0.0
88,Device,MatMul,sequential/dense_2/MatMul,2,24.577,12.2885,24.577,12.2885,0.0008684877641003902,0.9691585248662705,0.0,0.0
89,Device,BiasAddGrad,gradient_tape/sequential/conv2d_13/BiasAdd/BiasAddGrad,2,24.576,12.288,24.576,12.288,0.0008684524266806847,0.9700269772929512,0.0,0.0
90,Device,BiasAddGrad,gradient_tape/sequential/conv2d_14/BiasAdd/BiasAddGrad,2,23.552,11.776,23.552,11.776,0.0008322669089023229,0.9708592442018535,0.0,0.0
91,Device,BiasAddGrad,gradient_tape/sequential/conv2d_15/BiasAdd/BiasAddGrad,2,23.552,11.776,23.552,11.776,0.0008322669089023229,0.9716915111107559,0.0,0.0
92,Device,BiasAddGrad,gradient_tape/sequential/conv2d_12/BiasAdd/BiasAddGrad,2,22.528,11.264,22.528,11.264,0.0007960813911239609,0.9724875925018799,0.0,0.0
93,Device,ResourceApplyGradientDescent,SGD/SGD/update_8/ResourceApplyGradientDescent,2,21.504,10.752,21.504,10.752,0.0007598958733455992,0.9732474883752255,0.0,0.0
94,Device,BiasAddGrad,gradient_tape/sequential/conv2d_5/BiasAdd/BiasAddGrad,2,20.48,10.24,20.48,10.24,0.0007237103555672374,0.9739711987307927,0.0,0.0
95,Device,BiasAddGrad,gradient_tape/sequential/conv2d_6/BiasAdd/BiasAddGrad,2,20.48,10.24,20.48,10.24,0.0007237103555672374,0.97469490908636,0.0,0.0
96,Device,BiasAddGrad,gradient_tape/sequential/conv2d_7/BiasAdd/BiasAddGrad,2,20.48,10.24,20.48,10.24,0.0007237103555672374,0.9754186194419273,0.0,0.0
97,Device,BiasAddGrad,gradient_tape/sequential/conv2d_8/BiasAdd/BiasAddGrad,2,20.48,10.24,20.48,10.24,0.0007237103555672374,0.9761423297974946,0.0,0.0
98,Device,BiasAddGrad,gradient_tape/sequential/conv2d_11/BiasAdd/BiasAddGrad,2,19.456,9.728,19.456,9.728,0.0006875248377888754,0.9768298546352835,0.0,0.0
99,Device,BiasAddGrad,gradient_tape/sequential/conv2d_9/BiasAdd/BiasAddGrad,2,19.456,9.728,19.456,9.728,0.0006875248377888754,0.9775173794730724,0.0,0.0
100,Device,BiasAddGrad,gradient_tape/sequential/conv2d_10/BiasAdd/BiasAddGrad,2,18.433,9.2165,18.433,9.2165,0.000651374657430219,0.9781687541305026,0.0,0.0
101,Device,ReluGrad,gradient_tape/sequential/conv2d_10/ReluGrad,2,18.432,9.216,18.432,9.216,0.0006513393200105136,0.9788200934505131,0.0,0.0
102,Device,ReluGrad,gradient_tape/sequential/conv2d_8/ReluGrad,2,18.432,9.216,18.432,9.216,0.0006513393200105136,0.9794714327705236,0.0,0.0
103,Device,ReluGrad,gradient_tape/sequential/conv2d_9/ReluGrad,2,18.432,9.216,18.432,9.216,0.0006513393200105136,0.9801227720905341,0.0,0.0
104,Device,Softmax,sequential/dense_2/Softmax,2,18.432,9.216,18.432,9.216,0.0006513393200105136,0.9807741114105446,0.0,0.0
105,Device,MaxPool,sequential/max_pooling2d_1/MaxPool,2,18.432,9.216,18.432,9.216,0.0006513393200105136,0.9814254507305551,0.0,0.0
106,Device,BiasAddGrad,gradient_tape/sequential/conv2d_4/BiasAdd/BiasAddGrad,2,14.336,7.168,14.336,7.168,0.0005065972488970661,0.9819320479794521,0.0,0.0
107,Device,ResourceApplyGradientDescent,SGD/SGD/update_6/ResourceApplyGradientDescent,2,13.312,6.656,13.312,6.656,0.0004704117311187042,0.9824024597105708,0.0,0.0
108,Device,MatMul,gradient_tape/sequential/dense_2/MatMul/MatMul,2,13.312,6.656,13.312,6.656,0.0004704117311187042,0.9828728714416896,0.0,0.0
109,Device,BiasAddGrad,gradient_tape/sequential/dense/BiasAdd/BiasAddGrad,2,12.288,6.144,12.288,6.144,0.00043422621334034237,0.9833070976550299,0.0,0.0
110,Device,ReluGrad,gradient_tape/sequential/dense/ReluGrad,2,12.288,6.144,12.288,6.144,0.00043422621334034237,0.9837413238683702,0.0,0.0
111,Device,MatMul,gradient_tape/sequential/dense_2/MatMul/MatMul_1,2,12.288,6.144,12.288,6.144,0.00043422621334034237,0.9841755500817105,0.0,0.0
112,Device,ResourceApplyGradientDescent,SGD/SGD/update_4/ResourceApplyGradientDescent,2,10.24,5.12,10.24,5.12,0.0003618551777836187,0.9845374052594942,0.0,0.0
113,Device,Transpose,gradient_tape/sequential/conv2d/Conv2D/Conv2DBackpropFilter-0-TransposeNHWCToNCHW-LayoutOptimizer,2,10.24,5.12,10.24,5.12,0.0003618551777836187,0.9848992604372778,0.0,0.0
114,Device,ReluGrad,gradient_tape/sequential/conv2d_13/ReluGrad,2,10.24,5.12,10.24,5.12,0.0003618551777836187,0.9852611156150615,0.0,0.0
115,Device,ReluGrad,gradient_tape/sequential/conv2d_7/ReluGrad,2,10.24,5.12,10.24,5.12,0.0003618551777836187,0.9856229707928451,0.0,0.0
116,Device,BiasAddGrad,gradient_tape/sequential/dense_1/BiasAdd/BiasAddGrad,2,10.24,5.12,10.24,5.12,0.0003618551777836187,0.9859848259706288,0.0,0.0
117,Device,MaxPool,sequential/max_pooling2d_3/MaxPool,2,10.24,5.12,10.24,5.12,0.0003618551777836187,0.9863466811484124,0.0,0.0
118,Device,ReluGrad,gradient_tape/sequential/conv2d_12/ReluGrad,2,9.216,4.608,9.216,4.608,0.0003256696600052568,0.9866723508084176,0.0,0.0
119,Device,ReluGrad,gradient_tape/sequential/conv2d_14/ReluGrad,2,9.216,4.608,9.216,4.608,0.0003256696600052568,0.9869980204684229,0.0,0.0
120,Device,MaxPool,sequential/max_pooling2d_2/MaxPool,2,9.216,4.608,9.216,4.608,0.0003256696600052568,0.9873236901284281,0.0,0.0
121,Device,ResourceApplyGradientDescent,SGD/SGD/update_2/ResourceApplyGradientDescent,2,8.192,4.096,8.192,4.096,0.00028948414222689493,0.987613174270655,0.0,0.0
122,Device,ResourceApplyGradientDescent,SGD/SGD/update_25/ResourceApplyGradientDescent,2,8.192,4.096,8.192,4.096,0.00028948414222689493,0.9879026584128818,0.0,0.0
123,Device,ResourceApplyGradientDescent,SGD/SGD/update_33/ResourceApplyGradientDescent,2,8.192,4.096,8.192,4.096,0.00028948414222689493,0.9881921425551087,0.0,0.0
124,Device,ResourceApplyGradientDescent,SGD/SGD/update_35/ResourceApplyGradientDescent,2,8.192,4.096,8.192,4.096,0.00028948414222689493,0.9884816266973355,0.0,0.0
125,Device,ReluGrad,gradient_tape/sequential/conv2d_11/ReluGrad,2,8.192,4.096,8.192,4.096,0.00028948414222689493,0.9887711108395624,0.0,0.0
126,Device,ReluGrad,gradient_tape/sequential/dense_1/ReluGrad,2,8.192,4.096,8.192,4.096,0.00028948414222689493,0.9890605949817892,0.0,0.0
127,Device,BiasAdd,sequential/dense/BiasAdd,2,8.192,4.096,8.192,4.096,0.00028948414222689493,0.9893500791240161,0.0,0.0
128,Device,ArgMax,ArgMax,2,7.168,3.584,7.168,3.584,0.00025329862444853303,0.9896033777484646,0.0,0.0
129,Device,ArgMax,ArgMax_1,2,7.168,3.584,7.168,3.584,0.00025329862444853303,0.9898566763729132,0.0,0.0
130,Device,ResourceApplyGradientDescent,SGD/SGD/update_1/ResourceApplyGradientDescent,2,7.168,3.584,7.168,3.584,0.00025329862444853303,0.9901099749973618,0.0,0.0
131,Device,ResourceApplyGradientDescent,SGD/SGD/update_11/ResourceApplyGradientDescent,2,7.168,3.584,7.168,3.584,0.00025329862444853303,0.9903632736218103,0.0,0.0
132,Device,ResourceApplyGradientDescent,SGD/SGD/update_19/ResourceApplyGradientDescent,2,7.168,3.584,7.168,3.584,0.00025329862444853303,0.9906165722462589,0.0,0.0
133,Device,ResourceApplyGradientDescent,SGD/SGD/update_23/ResourceApplyGradientDescent,2,7.168,3.584,7.168,3.584,0.00025329862444853303,0.9908698708707074,0.0,0.0
134,Device,ResourceApplyGradientDescent,SGD/SGD/update_7/ResourceApplyGradientDescent,2,7.168,3.584,7.168,3.584,0.00025329862444853303,0.991123169495156,0.0,0.0
135,Device,Tile,gradient_tape/categorical_crossentropy/weighted_loss/Tile_1,2,7.168,3.584,7.168,3.584,0.00025329862444853303,0.9913764681196046,0.0,0.0
136,Device,Relu,sequential/dense/Relu,2,7.168,3.584,7.168,3.584,0.00025329862444853303,0.9916297667440531,0.0,0.0
137,Device,BiasAdd,sequential/dense_1/BiasAdd,2,7.168,3.584,7.168,3.584,0.00025329862444853303,0.9918830653685017,0.0,0.0
138,Device,MaxPool,sequential/max_pooling2d_4/MaxPool,2,7.168,3.584,7.168,3.584,0.00025329862444853303,0.9921363639929502,0.0,0.0
139,Device,AssignAddVariableOp,AssignAddVariableOp_1,2,6.145,3.0725,6.145,3.0725,0.0002171484440898766,0.9923535124370402,0.0,0.0
140,Device,Cast,Cast_1,2,6.145,3.0725,6.145,3.0725,0.0002171484440898766,0.9925706608811301,0.0,0.0
141,Device,AssignAddVariableOp,AssignAddVariableOp_2,2,6.144,3.072,6.144,3.072,0.00021711310667017118,0.9927877739878003,0.0,0.0
142,Device,AssignAddVariableOp,AssignAddVariableOp_3,2,6.144,3.072,6.144,3.072,0.00021711310667017118,0.9930048870944704,0.0,0.0
143,Device,AssignAddVariableOp,AssignAddVariableOp_4,2,6.144,3.072,6.144,3.072,0.00021711310667017118,0.9932220002011406,0.0,0.0
144,Device,ResourceApplyGradientDescent,SGD/SGD/update/ResourceApplyGradientDescent,2,6.144,3.072,6.144,3.072,0.00021711310667017118,0.9934391133078108,0.0,0.0
145,Device,ResourceApplyGradientDescent,SGD/SGD/update_13/ResourceApplyGradientDescent,2,6.144,3.072,6.144,3.072,0.00021711310667017118,0.9936562264144809,0.0,0.0
146,Device,ResourceApplyGradientDescent,SGD/SGD/update_15/ResourceApplyGradientDescent,2,6.144,3.072,6.144,3.072,0.00021711310667017118,0.9938733395211511,0.0,0.0
147,Device,ResourceApplyGradientDescent,SGD/SGD/update_17/ResourceApplyGradientDescent,2,6.144,3.072,6.144,3.072,0.00021711310667017118,0.9940904526278213,0.0,0.0
148,Device,ResourceApplyGradientDescent,SGD/SGD/update_21/ResourceApplyGradientDescent,2,6.144,3.072,6.144,3.072,0.00021711310667017118,0.9943075657344914,0.0,0.0
149,Device,ResourceApplyGradientDescent,SGD/SGD/update_27/ResourceApplyGradientDescent,2,6.144,3.072,6.144,3.072,0.00021711310667017118,0.9945246788411616,0.0,0.0
150,Device,ResourceApplyGradientDescent,SGD/SGD/update_29/ResourceApplyGradientDescent,2,6.144,3.072,6.144,3.072,0.00021711310667017118,0.9947417919478317,0.0,0.0
151,Device,ResourceApplyGradientDescent,SGD/SGD/update_3/ResourceApplyGradientDescent,2,6.144,3.072,6.144,3.072,0.00021711310667017118,0.9949589050545019,0.0,0.0
152,Device,ResourceApplyGradientDescent,SGD/SGD/update_31/ResourceApplyGradientDescent,2,6.144,3.072,6.144,3.072,0.00021711310667017118,0.9951760181611721,0.0,0.0
153,Device,ResourceApplyGradientDescent,SGD/SGD/update_36/ResourceApplyGradientDescent,2,6.144,3.072,6.144,3.072,0.00021711310667017118,0.9953931312678422,0.0,0.0
154,Device,ResourceApplyGradientDescent,SGD/SGD/update_37/ResourceApplyGradientDescent,2,6.144,3.072,6.144,3.072,0.00021711310667017118,0.9956102443745124,0.0,0.0
155,Device,ResourceApplyGradientDescent,SGD/SGD/update_5/ResourceApplyGradientDescent,2,6.144,3.072,6.144,3.072,0.00021711310667017118,0.9958273574811826,0.0,0.0
156,Device,ResourceApplyGradientDescent,SGD/SGD/update_9/ResourceApplyGradientDescent,2,6.144,3.072,6.144,3.072,0.00021711310667017118,0.9960444705878527,0.0,0.0
157,Device,Sum,Sum_2,2,6.144,3.072,6.144,3.072,0.00021711310667017118,0.9962615836945229,0.0,0.0
158,Device,Sum,categorical_crossentropy/weighted_loss/Sum,2,6.144,3.072,6.144,3.072,0.00021711310667017118,0.996478696801193,0.0,0.0
159,Device,DivNoNan,div_no_nan_1,2,6.144,3.072,6.144,3.072,0.00021711310667017118,0.9966958099078632,0.0,0.0
160,Device,Mul,gradient_tape/categorical_crossentropy/softmax_cross_entropy_with_logits/mul,2,6.144,3.072,6.144,3.072,0.00021711310667017118,0.9969129230145334,0.0,0.0
161,Device,ReluGrad,gradient_tape/sequential/conv2d_15/ReluGrad,2,6.144,3.072,6.144,3.072,0.00021711310667017118,0.9971300361212035,0.0,0.0
162,Device,BiasAddGrad,gradient_tape/sequential/dense_2/BiasAdd/BiasAddGrad,2,6.144,3.072,6.144,3.072,0.00021711310667017118,0.9973471492278737,0.0,0.0
163,Device,Relu,sequential/dense_1/Relu,2,6.144,3.072,6.144,3.072,0.00021711310667017118,0.9975642623345439,0.0,0.0
164,Device,BiasAdd,sequential/dense_2/BiasAdd,2,6.144,3.072,6.144,3.072,0.00021711310667017118,0.997781375441214,0.0,0.0
165,Device,Cast,Cast,2,5.12,2.56,5.12,2.56,0.00018092758889180934,0.9979623030301058,0.0,0.0
166,Device,Equal,Equal,2,5.12,2.56,5.12,2.56,0.00018092758889180934,0.9981432306189976,0.0,0.0
167,Device,AssignAddVariableOp,SGD/SGD/AssignAddVariableOp,2,5.12,2.56,5.12,2.56,0.00018092758889180934,0.9983241582078893,0.0,0.0
168,Device,Cast,categorical_crossentropy/weighted_loss/num_elements/Cast,2,5.12,2.56,5.12,2.56,0.00018092758889180934,0.9985050857967811,0.0,0.0
169,Device,DivNoNan,categorical_crossentropy/weighted_loss/value,2,5.12,2.56,5.12,2.56,0.00018092758889180934,0.9986860133856729,0.0,0.0
170,Device,DivNoNan,div_no_nan,2,5.12,2.56,5.12,2.56,0.00018092758889180934,0.9988669409745646,0.0,0.0
171,Device,DivNoNan,gradient_tape/categorical_crossentropy/weighted_loss/value/div_no_nan,2,5.12,2.56,5.12,2.56,0.00018092758889180934,0.9990478685634564,0.0,0.0
172,Device,_Recv,categorical_crossentropy/weighted_loss/num_elements/_14,2,4.608,2.304,4.608,2.304,0.0001628348300026284,0.9992107033934591,0.0,0.0
173,Device,AssignAddVariableOp,AssignAddVariableOp,2,4.096,2.048,4.096,2.048,0.00014474207111344746,0.9993554454645726,0.0,0.0
174,Device,Cast,Cast_2,2,4.096,2.048,4.096,2.048,0.00014474207111344746,0.999500187535686,0.0,0.0
175,Device,Mul,Mul,2,4.096,2.048,4.096,2.048,0.00014474207111344746,0.9996449296067995,0.0,0.0
176,Device,_Recv,IteratorGetNext/_4,2,3.072,1.536,3.072,1.536,0.00010855655333508559,0.9997534861601346,0.0,0.0
177,Device,_Recv,Size/_16,2,2.88,1.44,2.88,1.44,0.00010177176875164275,0.9998552579288862,0.0,0.0
178,Device,LogicalAnd,LogicalAnd,1,2.048,2.048,2.048,2.048,7.237103555672373e-05,0.9999276289644429,0.0,0.0
179,Device,_Recv,strided_slice/_12,2,2.048,1.024,2.048,1.024,7.237103555672373e-05,0.9999999999999996,0.0,0.0
180,Host,IDLE,IDLE,0,104067.617,0.0,104067.617,0.0,0.0,0.0,0.9873055892244138,0.9873055892244138
181,Host,_Send,IteratorGetNext/_1,2,409.817,204.9085,409.817,204.9085,0.0,0.0,0.00388799730716599,0.9911935865315797
182,Host,_Send,IteratorGetNext/_6,2,362.507,181.2535,362.507,181.2535,0.0,0.0,0.003439160014906218,0.9946327465464859
183,Host,GatherV2,GatherV2,2,132.843,66.4215,132.843,66.4215,0.0,0.0,0.0012603021013668334,0.9958930486478528
184,Host,Dataset,Iterator::Root::ParallelMapV2::Zip[1]::ForeverRepeat,2,95.712,47.856,91.382,45.691,0.0,0.0,0.0008669551773680509,0.9967600038252208
185,Host,Dataset,Iterator::Root::ParallelMapV2,2,70.162,35.081,70.162,35.081,0.0,0.0,0.0006656377531078023,0.9974256415783286
186,Host,FlushSummaryWriter,FlushSummaryWriter,1,40.79,40.79,40.79,40.79,0.0,0.0,0.00038698104314682097,0.9978126226214754
187,Host,Dataset,Iterator::Root,2,104.713,52.3565,34.551,17.2755,0.0,0.0,0.0003277906845247809,0.9981404133060002
188,Host,IteratorGetNext,IteratorGetNext,2,31.521,15.7605,31.521,15.7605,0.0,0.0,0.0002990446055658481,0.9984394579115661
189,Host,LogicalAnd,LogicalAnd,1,30.12,30.12,30.12,30.12,0.0,0.0,0.00028575310173038114,0.9987252110132965
190,Host,Dataset,Iterator::Root::ParallelMapV2::Zip[0]::FlatMap[1]::Concatenate,2,48.08,24.04,27.38,13.69,0.0,0.0,0.0002597582976553066,0.9989849693109518
191,Host,GatherV2,GatherV2_1,2,22.63,11.315,22.63,11.315,0.0,0.0,0.00021469431248866285,0.9991996636234405
192,Host,Dataset,Iterator::Root::ParallelMapV2::Zip[0]::FlatMap[1]::Concatenate[0]::TensorSlice,2,20.7,10.35,20.7,10.35,0.0,0.0,0.0001963841037788476,0.9993960477272193
193,Host,WriteSummary,WriteSummary,1,20.55,20.55,20.55,20.55,0.0,0.0,0.00019496103056305887,0.9995910087577824
194,Host,_HostSend,categorical_crossentropy/softmax_cross_entropy_with_logits/Shape_2/_9,2,12.1,6.05,12.1,6.05,0.0,0.0,0.00011479457274029256,0.9997058033305227
195,Host,Dataset,Iterator::Root::ParallelMapV2::Zip,2,156.462,78.231,9.31,4.655,0.0,0.0,8.83254109266218e-05,0.9997941287414494
196,Host,ReadVariableOp,ReadVariableOp,1,6.24,6.24,6.24,6.24,0.0,0.0,5.919984577681203e-05,0.9998533285872262
197,Host,_Send,IteratorGetNext/_3,2,5.09,2.545,5.09,2.545,0.0,0.0,4.828961778909827e-05,0.9999016182050153
198,Host,Dataset,Iterator::Root::ParallelMapV2::Zip[1]::ForeverRepeat::FromTensor,4,4.33,1.0825,4.33,1.0825,0.0,0.0,4.1079380162435275e-05,0.9999426975851777
199,Host,Dataset,Iterator::Root::ParallelMapV2::Zip[0]::FlatMap,2,51.44,25.72,3.36,1.68,0.0,0.0,3.187684003366802e-05,0.9999745744252114
200,Host,Identity,Identity,2,2.68,1.34,2.68,1.34,0.0,0.0,2.5425574788759017e-05,1.0000000000000002
