Rank,Host/device,Type,Operation,#Occurrences,Total time (us),Avg. time (us),Total self-time (us),Avg. self-time (us),Total self-time on Device (%),Cumulative total-self time on Device (%),Total self-time on Host (%),Cumulative total-self time on Host (%)
1,Device,IDLE,IDLE,0,5657.431,0.0,5657.431,0.0,0.48252306991616406,0.48252306991616406,0.0,0.0
2,Device,_Send,IteratorGetNext/_1,2,1351.493,675.7465,1351.493,675.7465,0.11526902428508741,0.5977920942012515,0.0,0.0
3,Device,Conv2DBackpropFilter,gradient_tape/sequential/conv2d/Conv2D/Conv2DBackpropFilter,2,532.483,266.2415,532.483,266.2415,0.045415548477421776,0.6432076426786733,0.0,0.0
4,Device,ReluGrad,gradient_tape/sequential/conv2d/ReluGrad,2,432.129,216.0645,432.129,216.0645,0.03685634198274837,0.6800639846614216,0.0,0.0
5,Device,Conv2DBackpropFilter,gradient_tape/sequential/conv2d_1/Conv2D/Conv2DBackpropFilter,2,343.042,171.521,343.042,171.521,0.02925809947132908,0.7093220841327507,0.0,0.0
6,Device,MaxPoolGrad,gradient_tape/sequential/max_pooling2d/MaxPool/MaxPoolGrad,2,325.634,162.817,325.634,162.817,0.027773368751484583,0.7370954528842353,0.0,0.0
7,Device,_FusedConv2D,sequential/conv2d/Relu,2,273.408,136.704,273.408,136.704,0.02331900601167537,0.7604144588959106,0.0,0.0
8,Device,Conv2DBackpropFilter,gradient_tape/sequential/conv2d_2/Conv2D/Conv2DBackpropFilter,2,254.977,127.4885,254.977,127.4885,0.021747023480801403,0.782161482376712,0.0,0.0
9,Device,Conv2DBackpropInput,gradient_tape/sequential/conv2d_1/Conv2D/Conv2DBackpropInput,2,240.64,120.32,240.64,120.32,0.020524218774321014,0.802685701151033,0.0,0.0
10,Device,ReluGrad,gradient_tape/sequential/conv2d_1/ReluGrad,2,214.018,107.009,214.018,107.009,0.018253624724246322,0.8209393258752793,0.0,0.0
11,Device,_FusedConv2D,sequential/conv2d_1/Relu,2,192.512,96.256,192.512,96.256,0.016419375019456815,0.8373587008947361,0.0,0.0
12,Device,MaxPool,sequential/max_pooling2d/MaxPool,2,176.128,88.064,176.128,88.064,0.015021981400779637,0.8523806822955157,0.0,0.0
13,Device,MaxPoolGrad,gradient_tape/sequential/max_pooling2d_1/MaxPool/MaxPoolGrad,2,151.552,75.776,151.552,75.776,0.012925890972763874,0.8653065732682795,0.0,0.0
14,Device,BiasAddGrad,gradient_tape/sequential/conv2d/BiasAdd/BiasAddGrad,2,150.528,75.264,150.528,75.264,0.012838553871596551,0.8781451271398761,0.0,0.0
15,Device,_FusedConv2D,sequential/conv2d_2/Relu,2,132.098,66.049,132.098,66.049,0.011266656630860447,0.8894117837707366,0.0,0.0
16,Device,Conv2DBackpropInput,gradient_tape/sequential/conv2d_2/Conv2D/Conv2DBackpropInput,2,126.976,63.488,126.976,63.488,0.010829800544748112,0.9002415843154847,0.0,0.0
17,Device,BiasAddGrad,gradient_tape/sequential/conv2d_1/BiasAdd/BiasAddGrad,2,104.448,52.224,104.448,52.224,0.008908384319066993,0.9091499686345518,0.0,0.0
18,Device,ReluGrad,gradient_tape/sequential/conv2d_2/ReluGrad,2,101.377,50.6885,101.377,50.6885,0.008646458305702882,0.9177964269402547,0.0,0.0
19,Device,MaxPool,sequential/max_pooling2d_1/MaxPool,2,89.088,44.544,89.088,44.544,0.007598327801557142,0.9253947547418118,0.0,0.0
20,Device,MaxPoolGrad,gradient_tape/sequential/max_pooling2d_2/MaxPool/MaxPoolGrad,2,88.064,44.032,88.064,44.032,0.0075109907003898186,0.9329057454422016,0.0,0.0
21,Device,Transpose,gradient_tape/sequential/conv2d/Conv2D/Conv2DBackpropFilter-0-TransposeNHWCToNCHW-LayoutOptimizer,2,68.608,34.304,68.608,34.304,0.005851585778210673,0.9387573312204123,0.0,0.0
22,Device,BiasAddGrad,gradient_tape/sequential/conv2d_2/BiasAdd/BiasAddGrad,2,47.104,23.552,47.104,23.552,0.00401750665369688,0.9427748378741092,0.0,0.0
23,Device,MaxPool,sequential/max_pooling2d_2/MaxPool,2,45.056,22.528,45.056,22.528,0.0038428324513622328,0.9466176703254714,0.0,0.0
24,Device,MatMul,sequential/dense/MatMul,2,34.816,17.408,34.816,17.408,0.0029694614396889984,0.9495871317651604,0.0,0.0
25,Device,ArgMax,ArgMax,2,26.624,13.312,26.624,13.312,0.00227076463035041,0.9518578963955108,0.0,0.0
26,Device,MatMul,gradient_tape/sequential/dense/MatMul/MatMul_1,2,24.577,12.2885,24.577,12.2885,0.002096175718153622,0.9539540721136643,0.0,0.0
27,Device,MatMul,gradient_tape/sequential/dense/MatMul/MatMul,2,22.528,11.264,22.528,11.264,0.0019214162256811164,0.9558754883393454,0.0,0.0
28,Device,ArgMax,ArgMax_1,2,20.48,10.24,20.48,10.24,0.0017467420233464696,0.9576222303626919,0.0,0.0
29,Device,ResourceApplyGradientDescent,SGD/SGD/update_6/ResourceApplyGradientDescent,2,20.48,10.24,20.48,10.24,0.0017467420233464696,0.9593689723860384,0.0,0.0
30,Device,Transpose,gradient_tape/sequential/max_pooling2d_2/MaxPool/MaxPoolGrad-2-TransposeNHWCToNCHW-LayoutOptimizer,2,20.48,10.24,20.48,10.24,0.0017467420233464696,0.9611157144093848,0.0,0.0
31,Device,MatMul,sequential/dense_1/MatMul,2,15.36,7.68,15.36,7.68,0.001310056517509852,0.9624257709268946,0.0,0.0
32,Device,MatMul,gradient_tape/sequential/dense_1/MatMul/MatMul,2,14.336,7.168,14.336,7.168,0.0012227194163425287,0.9636484903432372,0.0,0.0
33,Device,MatMul,gradient_tape/sequential/dense_1/MatMul/MatMul_1,2,14.336,7.168,14.336,7.168,0.0012227194163425287,0.9648712097595797,0.0,0.0
34,Device,DynamicStitch,gradient_tape/categorical_crossentropy/DynamicStitch,2,12.288,6.144,12.288,6.144,0.0010480452140078818,0.9659192549735877,0.0,0.0
35,Device,Transpose,sequential/max_pooling2d_2/MaxPool-0-2-TransposeNCHWToNHWC-LayoutOptimizer,2,12.288,6.144,12.288,6.144,0.0010480452140078818,0.9669673001875956,0.0,0.0
36,Device,_Send,IteratorGetNext/_3,2,9.216,4.608,9.216,4.608,0.0007860339105059112,0.9677533340981015,0.0,0.0
37,Device,ResourceApplyGradientDescent,SGD/SGD/update_2/ResourceApplyGradientDescent,2,8.192,4.096,8.192,4.096,0.0006986968093385879,0.96845203090744,0.0,0.0
38,Device,ResourceApplyGradientDescent,SGD/SGD/update_4/ResourceApplyGradientDescent,2,8.192,4.096,8.192,4.096,0.0006986968093385879,0.9691507277167786,0.0,0.0
39,Device,Mul,gradient_tape/categorical_crossentropy/mul/Mul,2,8.192,4.096,8.192,4.096,0.0006986968093385879,0.9698494245261171,0.0,0.0
40,Device,ResourceApplyGradientDescent,SGD/SGD/update_3/ResourceApplyGradientDescent,2,7.168,3.584,7.168,3.584,0.0006113597081712644,0.9704607842342884,0.0,0.0
41,Device,LessEqual,gradient_tape/categorical_crossentropy/clip_by_value/LessEqual,2,7.168,3.584,7.168,3.584,0.0006113597081712644,0.9710721439424597,0.0,0.0
42,Device,SelectV2,gradient_tape/categorical_crossentropy/clip_by_value/SelectV2_1,2,6.145,3.0725,6.145,3.0725,0.0005241078971417995,0.9715962518396014,0.0,0.0
43,Device,AssignAddVariableOp,AssignAddVariableOp_2,2,6.144,3.072,6.144,3.072,0.0005240226070039409,0.9721202744466053,0.0,0.0
44,Device,AssignAddVariableOp,AssignAddVariableOp_3,2,6.144,3.072,6.144,3.072,0.0005240226070039409,0.9726442970536092,0.0,0.0
45,Device,AssignAddVariableOp,AssignAddVariableOp_4,2,6.144,3.072,6.144,3.072,0.0005240226070039409,0.9731683196606131,0.0,0.0
46,Device,Cast,Cast,2,6.144,3.072,6.144,3.072,0.0005240226070039409,0.973692342267617,0.0,0.0
47,Device,Equal,Equal,2,6.144,3.072,6.144,3.072,0.0005240226070039409,0.9742163648746209,0.0,0.0
48,Device,AssignAddVariableOp,SGD/SGD/AssignAddVariableOp,2,6.144,3.072,6.144,3.072,0.0005240226070039409,0.9747403874816248,0.0,0.0
49,Device,ResourceApplyGradientDescent,SGD/SGD/update/ResourceApplyGradientDescent,2,6.144,3.072,6.144,3.072,0.0005240226070039409,0.9752644100886287,0.0,0.0
50,Device,ResourceApplyGradientDescent,SGD/SGD/update_1/ResourceApplyGradientDescent,2,6.144,3.072,6.144,3.072,0.0005240226070039409,0.9757884326956326,0.0,0.0
51,Device,ResourceApplyGradientDescent,SGD/SGD/update_5/ResourceApplyGradientDescent,2,6.144,3.072,6.144,3.072,0.0005240226070039409,0.9763124553026366,0.0,0.0
52,Device,ResourceApplyGradientDescent,SGD/SGD/update_7/ResourceApplyGradientDescent,2,6.144,3.072,6.144,3.072,0.0005240226070039409,0.9768364779096405,0.0,0.0
53,Device,ResourceApplyGradientDescent,SGD/SGD/update_8/ResourceApplyGradientDescent,2,6.144,3.072,6.144,3.072,0.0005240226070039409,0.9773605005166444,0.0,0.0
54,Device,ResourceApplyGradientDescent,SGD/SGD/update_9/ResourceApplyGradientDescent,2,6.144,3.072,6.144,3.072,0.0005240226070039409,0.9778845231236483,0.0,0.0
55,Device,AddN,SGD/gradients/AddN,2,6.144,3.072,6.144,3.072,0.0005240226070039409,0.9784085457306522,0.0,0.0
56,Device,Log,categorical_crossentropy/Log,2,6.144,3.072,6.144,3.072,0.0005240226070039409,0.9789325683376561,0.0,0.0
57,Device,Sum,categorical_crossentropy/Sum,2,6.144,3.072,6.144,3.072,0.0005240226070039409,0.97945659094466,0.0,0.0
58,Device,Maximum,categorical_crossentropy/clip_by_value,2,6.144,3.072,6.144,3.072,0.0005240226070039409,0.9799806135516639,0.0,0.0
59,Device,Minimum,categorical_crossentropy/clip_by_value/Minimum,2,6.144,3.072,6.144,3.072,0.0005240226070039409,0.9805046361586678,0.0,0.0
60,Device,Mul,categorical_crossentropy/mul,2,6.144,3.072,6.144,3.072,0.0005240226070039409,0.9810286587656717,0.0,0.0
61,Device,RealDiv,categorical_crossentropy/truediv,2,6.144,3.072,6.144,3.072,0.0005240226070039409,0.9815526813726756,0.0,0.0
62,Device,DivNoNan,categorical_crossentropy/weighted_loss/value,2,6.144,3.072,6.144,3.072,0.0005240226070039409,0.9820767039796795,0.0,0.0
63,Device,DivNoNan,div_no_nan_1,2,6.144,3.072,6.144,3.072,0.0005240226070039409,0.9826007265866834,0.0,0.0
64,Device,BroadcastTo,gradient_tape/categorical_crossentropy/BroadcastTo,2,6.144,3.072,6.144,3.072,0.0005240226070039409,0.9831247491936873,0.0,0.0
65,Device,BroadcastTo,gradient_tape/categorical_crossentropy/BroadcastTo_1,2,6.144,3.072,6.144,3.072,0.0005240226070039409,0.9836487718006912,0.0,0.0
66,Device,GreaterEqual,gradient_tape/categorical_crossentropy/clip_by_value/GreaterEqual,2,6.144,3.072,6.144,3.072,0.0005240226070039409,0.9841727944076951,0.0,0.0
67,Device,ZerosLike,gradient_tape/categorical_crossentropy/clip_by_value/zeros_like,2,6.144,3.072,6.144,3.072,0.0005240226070039409,0.984696817014699,0.0,0.0
68,Device,ZerosLike,gradient_tape/categorical_crossentropy/clip_by_value/zeros_like_1,2,6.144,3.072,6.144,3.072,0.0005240226070039409,0.9852208396217029,0.0,0.0
69,Device,Mul,gradient_tape/categorical_crossentropy/mul,2,6.144,3.072,6.144,3.072,0.0005240226070039409,0.9857448622287068,0.0,0.0
70,Device,Neg,gradient_tape/categorical_crossentropy/truediv/Neg,2,6.144,3.072,6.144,3.072,0.0005240226070039409,0.9862688848357107,0.0,0.0
71,Device,RealDiv,gradient_tape/categorical_crossentropy/truediv/RealDiv,2,6.144,3.072,6.144,3.072,0.0005240226070039409,0.9867929074427146,0.0,0.0
72,Device,RealDiv,gradient_tape/categorical_crossentropy/truediv/RealDiv_1,2,6.144,3.072,6.144,3.072,0.0005240226070039409,0.9873169300497185,0.0,0.0
73,Device,RealDiv,gradient_tape/categorical_crossentropy/truediv/RealDiv_2,2,6.144,3.072,6.144,3.072,0.0005240226070039409,0.9878409526567224,0.0,0.0
74,Device,Sum,gradient_tape/categorical_crossentropy/truediv/Sum_1,2,6.144,3.072,6.144,3.072,0.0005240226070039409,0.9883649752637264,0.0,0.0
75,Device,Mul,gradient_tape/categorical_crossentropy/truediv/mul,2,6.144,3.072,6.144,3.072,0.0005240226070039409,0.9888889978707303,0.0,0.0
76,Device,BiasAddGrad,gradient_tape/sequential/dense/BiasAdd/BiasAddGrad,2,6.144,3.072,6.144,3.072,0.0005240226070039409,0.9894130204777342,0.0,0.0
77,Device,ReluGrad,gradient_tape/sequential/dense/ReluGrad,2,6.144,3.072,6.144,3.072,0.0005240226070039409,0.9899370430847381,0.0,0.0
78,Device,BiasAddGrad,gradient_tape/sequential/dense_1/BiasAdd/BiasAddGrad,2,6.144,3.072,6.144,3.072,0.0005240226070039409,0.990461065691742,0.0,0.0
79,Device,BiasAdd,sequential/dense/BiasAdd,2,6.144,3.072,6.144,3.072,0.0005240226070039409,0.9909850882987459,0.0,0.0
80,Device,BiasAdd,sequential/dense_1/BiasAdd,2,6.144,3.072,6.144,3.072,0.0005240226070039409,0.9915091109057498,0.0,0.0
81,Device,DivNoNan,gradient_tape/categorical_crossentropy/weighted_loss/value/div_no_nan,2,5.121,2.5605,5.121,2.5605,0.0004367707959744761,0.9919458817017243,0.0,0.0
82,Device,AssignAddVariableOp,AssignAddVariableOp,2,5.12,2.56,5.12,2.56,0.0004366855058366174,0.9923825672075609,0.0,0.0
83,Device,AssignAddVariableOp,AssignAddVariableOp_1,2,5.12,2.56,5.12,2.56,0.0004366855058366174,0.9928192527133975,0.0,0.0
84,Device,Mul,Mul,2,5.12,2.56,5.12,2.56,0.0004366855058366174,0.9932559382192342,0.0,0.0
85,Device,Neg,categorical_crossentropy/Neg,2,5.12,2.56,5.12,2.56,0.0004366855058366174,0.9936926237250708,0.0,0.0
86,Device,Sum,categorical_crossentropy/Sum_1,2,5.12,2.56,5.12,2.56,0.0004366855058366174,0.9941293092309075,0.0,0.0
87,Device,Sum,categorical_crossentropy/weighted_loss/Sum,2,5.12,2.56,5.12,2.56,0.0004366855058366174,0.9945659947367441,0.0,0.0
88,Device,Cast,categorical_crossentropy/weighted_loss/num_elements/Cast,2,5.12,2.56,5.12,2.56,0.0004366855058366174,0.9950026802425808,0.0,0.0
89,Device,Reciprocal,gradient_tape/categorical_crossentropy/Reciprocal,2,5.12,2.56,5.12,2.56,0.0004366855058366174,0.9954393657484174,0.0,0.0
90,Device,SelectV2,gradient_tape/categorical_crossentropy/clip_by_value/SelectV2,2,5.12,2.56,5.12,2.56,0.0004366855058366174,0.995876051254254,0.0,0.0
91,Device,Tile,gradient_tape/categorical_crossentropy/weighted_loss/Tile_1,2,5.12,2.56,5.12,2.56,0.0004366855058366174,0.9963127367600907,0.0,0.0
92,Device,Cast,Cast_1,2,4.096,2.048,4.096,2.048,0.0003493484046692939,0.99666208516476,0.0,0.0
93,Device,Cast,Cast_2,2,4.096,2.048,4.096,2.048,0.0003493484046692939,0.9970114335694292,0.0,0.0
94,Device,Sum,Sum_2,2,4.096,2.048,4.096,2.048,0.0003493484046692939,0.9973607819740985,0.0,0.0
95,Device,DivNoNan,div_no_nan,2,4.096,2.048,4.096,2.048,0.0003493484046692939,0.9977101303787678,0.0,0.0
96,Device,Neg,gradient_tape/categorical_crossentropy/Neg,2,4.096,2.048,4.096,2.048,0.0003493484046692939,0.998059478783437,0.0,0.0
97,Device,Relu,sequential/dense/Relu,2,4.096,2.048,4.096,2.048,0.0003493484046692939,0.9984088271881063,0.0,0.0
98,Device,_Recv,strided_slice/_12,2,3.232,1.616,3.232,1.616,0.0002756577255593647,0.9986844849136657,0.0,0.0
99,Device,_HostRecv,gradient_tape/categorical_crossentropy/DynamicStitch/_22,2,3.136,1.568,3.136,1.568,0.00026746987232492816,0.9989519547859906,0.0,0.0
100,Device,LogicalAnd,LogicalAnd,1,3.072,3.072,3.072,3.072,0.00026201130350197045,0.9992139660894926,0.0,0.0
101,Device,_Recv,gradient_tape/categorical_crossentropy/ones/_18,2,3.072,1.536,3.072,1.536,0.00026201130350197045,0.9994759773929947,0.0,0.0
102,Device,_Recv,Size/_14,2,2.048,1.024,2.048,1.024,0.00017467420233464696,0.9996506515953293,0.0,0.0
103,Device,_Recv,categorical_crossentropy/weighted_loss/num_elements/_20,2,2.048,1.024,2.048,1.024,0.00017467420233464696,0.9998253257976639,0.0,0.0
104,Device,_Recv,gradient_tape/categorical_crossentropy/Shape/_16,2,2.048,1.024,2.048,1.024,0.00017467420233464696,0.9999999999999986,0.0,0.0
105,Host,IDLE,IDLE,0,48722.393,0.0,48722.393,0.0,0.0,0.0,0.9089752626286179,0.9089752626286179
106,Host,GatherV2,GatherV2,2,1745.481,872.7405,1745.481,872.7405,0.0,0.0,0.032564062491517255,0.9415393251201352
107,Host,_Send,IteratorGetNext/_1,2,1624.579,812.2895,1624.579,812.2895,0.0,0.0,0.030308489223547324,0.9718478143436825
108,Host,_Send,IteratorGetNext/_6,2,832.265,416.1325,832.265,416.1325,0.0,0.0,0.01552691176214614,0.9873747261058287
109,Host,GatherV2,GatherV2_1,2,125.022,62.511,125.022,62.511,0.0,0.0,0.0023324368588454815,0.9897071629646741
110,Host,_Send,IteratorGetNext/_3,2,122.632,61.316,122.632,61.316,0.0,0.0,0.00228784851365311,0.9919950114783272
111,Host,Dataset,Iterator::Root::ParallelMapV2::Zip[1]::ForeverRepeat,2,74.002,37.001,69.002,34.501,0.0,0.0,0.0012873158974744917,0.9932823273758017
112,Host,Dataset,Iterator::Root::ParallelMapV2,2,64.752,32.376,64.752,32.376,0.0,0.0,0.0012080269991198557,0.9944903543749215
113,Host,LogicalAnd,LogicalAnd,1,51.411,51.411,51.411,51.411,0.0,0.0,0.0009591344831318092,0.9954494888580533
114,Host,FlushSummaryWriter,FlushSummaryWriter,1,42.941,42.941,42.941,42.941,0.0,0.0,0.0008011163727638642,0.9962506052308171
115,Host,IteratorGetNext,IteratorGetNext,2,40.371,20.1855,40.371,20.1855,0.0,0.0,0.0007531699095235314,0.9970037751403407
116,Host,Dataset,Iterator::Root,2,103.302,51.651,38.55,19.275,0.0,0.0,0.0007191969486049919,0.9977229720889457
117,Host,Dataset,Iterator::Root::ParallelMapV2::Zip[0]::FlatMap[1]::Concatenate,2,54.061,27.0305,27.84,13.92,0.0,0.0,0.0005193889247513095,0.998242361013697
118,Host,Dataset,Iterator::Root::ParallelMapV2::Zip[0]::FlatMap[1]::Concatenate[0]::TensorSlice,2,26.221,13.1105,26.221,13.1105,0.0,0.0,0.0004891845185310375,0.9987315455322281
119,Host,WriteSummary,WriteSummary,1,20.56,20.56,20.56,20.56,0.0,0.0,0.0003835717059226624,0.9991151172381507
120,Host,Dataset,Iterator::Root::ParallelMapV2::Zip,2,147.853,73.9265,14.2,7.1,0.0,0.0,0.00026491820156137187,0.9993800354397121
121,Host,_HostSend,gradient_tape/categorical_crossentropy/mul/Shape/_9,2,14.001,7.0005,14.001,7.0005,0.0,0.0,0.0002612056154972372,0.9996412410552094
122,Host,ReadVariableOp,ReadVariableOp,1,5.87,5.87,5.87,5.87,0.0,0.0,0.00010951196078628543,0.9997507530159956
123,Host,Dataset,Iterator::Root::ParallelMapV2::Zip[0]::FlatMap,2,59.651,29.8255,5.59,2.795,0.0,0.0,0.00010428822160056823,0.9998550412375962
124,Host,Dataset,Iterator::Root::ParallelMapV2::Zip[1]::ForeverRepeat::FromTensor,4,5.0,1.25,5.0,1.25,0.0,0.0,9.328105688780701e-05,0.9999483222944839
125,Host,Identity,Identity,2,2.77,1.385,2.77,1.385,0.0,0.0,5.1677705515845086e-05,0.9999999999999998
