Rank,Host/device,Type,Operation,#Occurrences,Total time (us),Avg. time (us),Total self-time (us),Avg. self-time (us),Total self-time on Device (%),Cumulative total-self time on Device (%),Total self-time on Host (%),Cumulative total-self time on Host (%)
1,Device,IDLE,IDLE,0,6106.844,0.0,6106.844,0.0,0.6144551886014091,0.6144551886014091,0.0,0.0
2,Device,_Send,IteratorGetNext/_1,2,768.61,384.305,768.61,384.305,0.07733559306753686,0.691790781668946,0.0,0.0
3,Device,MaxPoolGrad,gradient_tape/sequential/max_pooling2d/MaxPool/MaxPoolGrad,2,287.745,143.8725,287.745,143.8725,0.028952173699559457,0.7207429553685055,0.0,0.0
4,Device,Conv2DBackpropFilter,gradient_tape/sequential/conv2d/Conv2D/Conv2DBackpropFilter,2,259.073,129.5365,259.073,129.5365,0.026067269620205273,0.7468102249887107,0.0,0.0
5,Device,ReluGrad,gradient_tape/sequential/conv2d/ReluGrad,2,217.089,108.5445,217.089,108.5445,0.02184294578972237,0.7686531707784331,0.0,0.0
6,Device,Conv2DBackpropFilter,gradient_tape/sequential/conv2d_1/Conv2D/Conv2DBackpropFilter,2,185.344,92.672,185.344,92.672,0.01864884422725381,0.7873020150056869,0.0,0.0
7,Device,Conv2DBackpropFilter,gradient_tape/sequential/conv2d_2/Conv2D/Conv2DBackpropFilter,2,175.105,87.5525,175.105,87.5525,0.01761862195923946,0.8049206369649263,0.0,0.0
8,Device,Conv2DBackpropInput,gradient_tape/sequential/conv2d_1/Conv2D/Conv2DBackpropInput,2,155.649,77.8245,155.649,77.8245,0.015661008476820552,0.8205816454417468,0.0,0.0
9,Device,_FusedConv2D,sequential/conv2d/Relu,2,155.649,77.8245,155.649,77.8245,0.015661008476820552,0.8362426539185673,0.0,0.0
10,Device,_FusedConv2D,sequential/conv2d_1/Relu,2,114.689,57.3445,114.689,57.3445,0.011539716934886007,0.8477823708534533,0.0,0.0
11,Device,ResourceApplyGradientDescent,SGD/SGD/update_6/ResourceApplyGradientDescent,2,111.616,55.808,111.616,55.808,0.011230519451771632,0.859012890305225,0.0,0.0
12,Device,ReluGrad,gradient_tape/sequential/conv2d_1/ReluGrad,2,101.377,50.6885,101.377,50.6885,0.01020029718375728,0.8692131874889822,0.0,0.0
13,Device,MaxPool,sequential/max_pooling2d/MaxPool,2,95.232,47.616,95.232,47.616,0.009582002834997815,0.87879519032398,0.0,0.0
14,Device,MaxPoolGrad,gradient_tape/sequential/max_pooling2d_1/MaxPool/MaxPoolGrad,2,92.16,46.08,92.16,46.08,0.009272905969352725,0.8880680962933327,0.0,0.0
15,Device,_FusedConv2D,sequential/conv2d_2/Relu,2,83.968,41.984,83.968,41.984,0.008448647660965815,0.8965167439542986,0.0,0.0
16,Device,Conv2DBackpropInput,gradient_tape/sequential/conv2d_2/Conv2D/Conv2DBackpropInput,2,75.776,37.888,75.776,37.888,0.007624389352578906,0.9041411333068775,0.0,0.0
17,Device,BiasAddGrad,gradient_tape/sequential/conv2d/BiasAdd/BiasAddGrad,2,74.752,37.376,74.752,37.376,0.007521357064030542,0.9116624903709081,0.0,0.0
18,Device,MatMul,sequential/dense/MatMul,2,60.416,30.208,60.416,30.208,0.006078905024353452,0.9177413953952616,0.0,0.0
19,Device,BiasAddGrad,gradient_tape/sequential/conv2d_1/BiasAdd/BiasAddGrad,2,49.153,24.5765,49.153,24.5765,0.004945650467790739,0.9226870458630523,0.0,0.0
20,Device,MatMul,gradient_tape/sequential/dense/MatMul/MatMul,2,46.08,23.04,46.08,23.04,0.004636452984676362,0.9273234988477287,0.0,0.0
21,Device,MaxPoolGrad,gradient_tape/sequential/max_pooling2d_2/MaxPool/MaxPoolGrad,2,45.056,22.528,45.056,22.528,0.004533420696127998,0.9318569195438566,0.0,0.0
22,Device,MatMul,gradient_tape/sequential/dense/MatMul/MatMul_1,2,40.96,20.48,40.96,20.48,0.004121291541934544,0.9359782110857912,0.0,0.0
23,Device,ReluGrad,gradient_tape/sequential/conv2d_2/ReluGrad,2,38.913,19.4565,38.913,19.4565,0.003915327582307102,0.9398935386680982,0.0,0.0
24,Device,Transpose,gradient_tape/sequential/conv2d/Conv2D/Conv2DBackpropFilter-0-TransposeNHWCToNCHW-LayoutOptimizer,2,37.888,18.944,37.888,18.944,0.003812194676289453,0.9437057333443877,0.0,0.0
25,Device,MaxPool,sequential/max_pooling2d_1/MaxPool,2,36.864,18.432,36.864,18.432,0.0037091623877410895,0.9474148957321288,0.0,0.0
26,Device,BiasAddGrad,gradient_tape/sequential/conv2d_2/BiasAdd/BiasAddGrad,2,20.48,10.24,20.48,10.24,0.002060645770967272,0.9494755415030961,0.0,0.0
27,Device,ArgMax,ArgMax,2,19.456,9.728,19.456,9.728,0.001957613482418908,0.9514331549855151,0.0,0.0
28,Device,ArgMax,ArgMax_1,2,19.456,9.728,19.456,9.728,0.001957613482418908,0.953390768467934,0.0,0.0
29,Device,MatMul,sequential/dense_1/MatMul,2,15.36,7.68,15.36,7.68,0.001545484328225454,0.9549362527961595,0.0,0.0
30,Device,MatMul,gradient_tape/sequential/dense_1/MatMul/MatMul,2,14.336,7.168,14.336,7.168,0.0014424520396770905,0.9563787048358365,0.0,0.0
31,Device,Transpose,gradient_tape/sequential/max_pooling2d_2/MaxPool/MaxPoolGrad-2-TransposeNHWCToNCHW-LayoutOptimizer,2,14.336,7.168,14.336,7.168,0.0014424520396770905,0.9578211568755136,0.0,0.0
32,Device,MaxPool,sequential/max_pooling2d_2/MaxPool,2,13.312,6.656,13.312,6.656,0.0013394197511287268,0.9591605766266423,0.0,0.0
33,Device,DynamicStitch,gradient_tape/categorical_crossentropy/DynamicStitch,2,11.264,5.632,11.264,5.632,0.0011333551740319995,0.9602939318006743,0.0,0.0
34,Device,MatMul,gradient_tape/sequential/dense_1/MatMul/MatMul_1,2,10.24,5.12,10.24,5.12,0.001030322885483636,0.961324254686158,0.0,0.0
35,Device,Transpose,sequential/max_pooling2d_2/MaxPool-0-2-TransposeNCHWToNHWC-LayoutOptimizer,2,9.216,4.608,9.216,4.608,0.0009272905969352724,0.9622515452830933,0.0,0.0
36,Device,ResourceApplyGradientDescent,SGD/SGD/update_2/ResourceApplyGradientDescent,2,8.192,4.096,8.192,4.096,0.0008242583083869088,0.9630758035914803,0.0,0.0
37,Device,ResourceApplyGradientDescent,SGD/SGD/update_4/ResourceApplyGradientDescent,2,8.192,4.096,8.192,4.096,0.0008242583083869088,0.9639000618998672,0.0,0.0
38,Device,ResourceApplyGradientDescent,SGD/SGD/update/ResourceApplyGradientDescent,2,7.168,3.584,7.168,3.584,0.0007212260198385452,0.9646212879197058,0.0,0.0
39,Device,BiasAdd,sequential/dense/BiasAdd,2,7.168,3.584,7.168,3.584,0.0007212260198385452,0.9653425139395444,0.0,0.0
40,Device,AssignAddVariableOp,AssignAddVariableOp_2,2,6.144,3.072,6.144,3.072,0.0006181937312901816,0.9659607076708345,0.0,0.0
41,Device,AssignAddVariableOp,AssignAddVariableOp_3,2,6.144,3.072,6.144,3.072,0.0006181937312901816,0.9665789014021247,0.0,0.0
42,Device,AssignAddVariableOp,AssignAddVariableOp_4,2,6.144,3.072,6.144,3.072,0.0006181937312901816,0.9671970951334148,0.0,0.0
43,Device,Mul,Mul,2,6.144,3.072,6.144,3.072,0.0006181937312901816,0.9678152888647049,0.0,0.0
44,Device,AssignAddVariableOp,SGD/SGD/AssignAddVariableOp,2,6.144,3.072,6.144,3.072,0.0006181937312901816,0.968433482595995,0.0,0.0
45,Device,ResourceApplyGradientDescent,SGD/SGD/update_1/ResourceApplyGradientDescent,2,6.144,3.072,6.144,3.072,0.0006181937312901816,0.9690516763272852,0.0,0.0
46,Device,ResourceApplyGradientDescent,SGD/SGD/update_3/ResourceApplyGradientDescent,2,6.144,3.072,6.144,3.072,0.0006181937312901816,0.9696698700585753,0.0,0.0
47,Device,ResourceApplyGradientDescent,SGD/SGD/update_5/ResourceApplyGradientDescent,2,6.144,3.072,6.144,3.072,0.0006181937312901816,0.9702880637898654,0.0,0.0
48,Device,ResourceApplyGradientDescent,SGD/SGD/update_7/ResourceApplyGradientDescent,2,6.144,3.072,6.144,3.072,0.0006181937312901816,0.9709062575211556,0.0,0.0
49,Device,ResourceApplyGradientDescent,SGD/SGD/update_8/ResourceApplyGradientDescent,2,6.144,3.072,6.144,3.072,0.0006181937312901816,0.9715244512524457,0.0,0.0
50,Device,ResourceApplyGradientDescent,SGD/SGD/update_9/ResourceApplyGradientDescent,2,6.144,3.072,6.144,3.072,0.0006181937312901816,0.9721426449837358,0.0,0.0
51,Device,AddN,SGD/gradients/AddN,2,6.144,3.072,6.144,3.072,0.0006181937312901816,0.9727608387150259,0.0,0.0
52,Device,Log,categorical_crossentropy/Log,2,6.144,3.072,6.144,3.072,0.0006181937312901816,0.9733790324463161,0.0,0.0
53,Device,Sum,categorical_crossentropy/Sum,2,6.144,3.072,6.144,3.072,0.0006181937312901816,0.9739972261776062,0.0,0.0
54,Device,Sum,categorical_crossentropy/Sum_1,2,6.144,3.072,6.144,3.072,0.0006181937312901816,0.9746154199088963,0.0,0.0
55,Device,Maximum,categorical_crossentropy/clip_by_value,2,6.144,3.072,6.144,3.072,0.0006181937312901816,0.9752336136401865,0.0,0.0
56,Device,Minimum,categorical_crossentropy/clip_by_value/Minimum,2,6.144,3.072,6.144,3.072,0.0006181937312901816,0.9758518073714766,0.0,0.0
57,Device,RealDiv,categorical_crossentropy/truediv,2,6.144,3.072,6.144,3.072,0.0006181937312901816,0.9764700011027667,0.0,0.0
58,Device,DivNoNan,div_no_nan,2,6.144,3.072,6.144,3.072,0.0006181937312901816,0.9770881948340568,0.0,0.0
59,Device,Neg,gradient_tape/categorical_crossentropy/Neg,2,6.144,3.072,6.144,3.072,0.0006181937312901816,0.977706388565347,0.0,0.0
60,Device,Reciprocal,gradient_tape/categorical_crossentropy/Reciprocal,2,6.144,3.072,6.144,3.072,0.0006181937312901816,0.9783245822966371,0.0,0.0
61,Device,LessEqual,gradient_tape/categorical_crossentropy/clip_by_value/LessEqual,2,6.144,3.072,6.144,3.072,0.0006181937312901816,0.9789427760279272,0.0,0.0
62,Device,SelectV2,gradient_tape/categorical_crossentropy/clip_by_value/SelectV2,2,6.144,3.072,6.144,3.072,0.0006181937312901816,0.9795609697592174,0.0,0.0
63,Device,ZerosLike,gradient_tape/categorical_crossentropy/clip_by_value/zeros_like_1,2,6.144,3.072,6.144,3.072,0.0006181937312901816,0.9801791634905075,0.0,0.0
64,Device,Mul,gradient_tape/categorical_crossentropy/mul,2,6.144,3.072,6.144,3.072,0.0006181937312901816,0.9807973572217976,0.0,0.0
65,Device,Mul,gradient_tape/categorical_crossentropy/mul/Mul,2,6.144,3.072,6.144,3.072,0.0006181937312901816,0.9814155509530877,0.0,0.0
66,Device,Neg,gradient_tape/categorical_crossentropy/truediv/Neg,2,6.144,3.072,6.144,3.072,0.0006181937312901816,0.9820337446843779,0.0,0.0
67,Device,RealDiv,gradient_tape/categorical_crossentropy/truediv/RealDiv,2,6.144,3.072,6.144,3.072,0.0006181937312901816,0.982651938415668,0.0,0.0
68,Device,RealDiv,gradient_tape/categorical_crossentropy/truediv/RealDiv_1,2,6.144,3.072,6.144,3.072,0.0006181937312901816,0.9832701321469581,0.0,0.0
69,Device,Sum,gradient_tape/categorical_crossentropy/truediv/Sum_1,2,6.144,3.072,6.144,3.072,0.0006181937312901816,0.9838883258782483,0.0,0.0
70,Device,Mul,gradient_tape/categorical_crossentropy/truediv/mul,2,6.144,3.072,6.144,3.072,0.0006181937312901816,0.9845065196095384,0.0,0.0
71,Device,Tile,gradient_tape/categorical_crossentropy/weighted_loss/Tile_1,2,6.144,3.072,6.144,3.072,0.0006181937312901816,0.9851247133408285,0.0,0.0
72,Device,BiasAddGrad,gradient_tape/sequential/dense/BiasAdd/BiasAddGrad,2,6.144,3.072,6.144,3.072,0.0006181937312901816,0.9857429070721186,0.0,0.0
73,Device,ReluGrad,gradient_tape/sequential/dense/ReluGrad,2,6.144,3.072,6.144,3.072,0.0006181937312901816,0.9863611008034088,0.0,0.0
74,Device,BiasAddGrad,gradient_tape/sequential/dense_1/BiasAdd/BiasAddGrad,2,6.144,3.072,6.144,3.072,0.0006181937312901816,0.9869792945346989,0.0,0.0
75,Device,AssignAddVariableOp,AssignAddVariableOp,2,5.12,2.56,5.12,2.56,0.000515161442741818,0.9874944559774407,0.0,0.0
76,Device,AssignAddVariableOp,AssignAddVariableOp_1,2,5.12,2.56,5.12,2.56,0.000515161442741818,0.9880096174201825,0.0,0.0
77,Device,Cast,Cast,2,5.12,2.56,5.12,2.56,0.000515161442741818,0.9885247788629242,0.0,0.0
78,Device,Cast,Cast_1,2,5.12,2.56,5.12,2.56,0.000515161442741818,0.989039940305666,0.0,0.0
79,Device,Cast,Cast_2,2,5.12,2.56,5.12,2.56,0.000515161442741818,0.9895551017484078,0.0,0.0
80,Device,Equal,Equal,2,5.12,2.56,5.12,2.56,0.000515161442741818,0.9900702631911495,0.0,0.0
81,Device,Sum,Sum_2,2,5.12,2.56,5.12,2.56,0.000515161442741818,0.9905854246338913,0.0,0.0
82,Device,Neg,categorical_crossentropy/Neg,2,5.12,2.56,5.12,2.56,0.000515161442741818,0.9911005860766331,0.0,0.0
83,Device,Mul,categorical_crossentropy/mul,2,5.12,2.56,5.12,2.56,0.000515161442741818,0.9916157475193749,0.0,0.0
84,Device,Sum,categorical_crossentropy/weighted_loss/Sum,2,5.12,2.56,5.12,2.56,0.000515161442741818,0.9921309089621166,0.0,0.0
85,Device,DivNoNan,categorical_crossentropy/weighted_loss/value,2,5.12,2.56,5.12,2.56,0.000515161442741818,0.9926460704048584,0.0,0.0
86,Device,DivNoNan,div_no_nan_1,2,5.12,2.56,5.12,2.56,0.000515161442741818,0.9931612318476002,0.0,0.0
87,Device,BroadcastTo,gradient_tape/categorical_crossentropy/BroadcastTo,2,5.12,2.56,5.12,2.56,0.000515161442741818,0.993676393290342,0.0,0.0
88,Device,BroadcastTo,gradient_tape/categorical_crossentropy/BroadcastTo_1,2,5.12,2.56,5.12,2.56,0.000515161442741818,0.9941915547330837,0.0,0.0
89,Device,GreaterEqual,gradient_tape/categorical_crossentropy/clip_by_value/GreaterEqual,2,5.12,2.56,5.12,2.56,0.000515161442741818,0.9947067161758255,0.0,0.0
90,Device,SelectV2,gradient_tape/categorical_crossentropy/clip_by_value/SelectV2_1,2,5.12,2.56,5.12,2.56,0.000515161442741818,0.9952218776185673,0.0,0.0
91,Device,ZerosLike,gradient_tape/categorical_crossentropy/clip_by_value/zeros_like,2,5.12,2.56,5.12,2.56,0.000515161442741818,0.9957370390613091,0.0,0.0
92,Device,Relu,sequential/dense/Relu,2,5.12,2.56,5.12,2.56,0.000515161442741818,0.9962522005040508,0.0,0.0
93,Device,Cast,categorical_crossentropy/weighted_loss/num_elements/Cast,2,4.096,2.048,4.096,2.048,0.0004121291541934544,0.9966643296582443,0.0,0.0
94,Device,RealDiv,gradient_tape/categorical_crossentropy/truediv/RealDiv_2,2,4.096,2.048,4.096,2.048,0.0004121291541934544,0.9970764588124377,0.0,0.0
95,Device,DivNoNan,gradient_tape/categorical_crossentropy/weighted_loss/value/div_no_nan,2,4.096,2.048,4.096,2.048,0.0004121291541934544,0.9974885879666311,0.0,0.0
96,Device,BiasAdd,sequential/dense_1/BiasAdd,2,4.096,2.048,4.096,2.048,0.0004121291541934544,0.9979007171208245,0.0,0.0
97,Device,_Recv,strided_slice/_12,2,3.424,1.712,3.424,1.712,0.0003445142148335908,0.9982452313356581,0.0,0.0
98,Device,_HostRecv,gradient_tape/categorical_crossentropy/DynamicStitch/_22,2,3.104,1.552,3.104,1.552,0.0003123166246622272,0.9985575479603204,0.0,0.0
99,Device,_Send,IteratorGetNext/_3,2,3.072,1.536,3.072,1.536,0.0003090968656450908,0.9988666448259654,0.0,0.0
100,Device,_Recv,gradient_tape/categorical_crossentropy/ones/_18,2,3.072,1.536,3.072,1.536,0.0003090968656450908,0.9991757416916105,0.0,0.0
101,Device,LogicalAnd,LogicalAnd,1,2.048,2.048,2.048,2.048,0.0002060645770967272,0.9993818062687072,0.0,0.0
102,Device,_Recv,Size/_14,2,2.048,1.024,2.048,1.024,0.0002060645770967272,0.9995878708458039,0.0,0.0
103,Device,_Recv,categorical_crossentropy/weighted_loss/num_elements/_20,2,2.048,1.024,2.048,1.024,0.0002060645770967272,0.9997939354229006,0.0,0.0
104,Device,_Recv,gradient_tape/categorical_crossentropy/Shape/_16,2,2.048,1.024,2.048,1.024,0.0002060645770967272,0.9999999999999973,0.0,0.0
105,Host,IDLE,IDLE,0,47528.854,0.0,47528.854,0.0,0.0,0.0,0.9291899520414598,0.9291899520414598
106,Host,_Send,IteratorGetNext/_1,2,1198.331,599.1655,1198.331,599.1655,0.0,0.0,0.023427392640685055,0.9526173446821449
107,Host,GatherV2,GatherV2,2,881.606,440.803,881.606,440.803,0.0,0.0,0.017235413184156792,0.9698527578663017
108,Host,_Send,IteratorGetNext/_6,2,629.011,314.5055,629.011,314.5055,0.0,0.0,0.012297176383077755,0.9821499342493794
109,Host,_Send,IteratorGetNext/_3,2,514.459,257.2295,514.459,257.2295,0.0,0.0,0.010057682719160393,0.9922076169685398
110,Host,Dataset,Iterator::Root::ParallelMapV2::Zip[1]::ForeverRepeat,2,55.551,27.7755,50.991,25.4955,0.0,0.0,0.0009968749687199712,0.9932044919372597
111,Host,Dataset,Iterator::Root::ParallelMapV2,2,47.6,23.8,47.6,23.8,0.0,0.0,0.0009305808576233185,0.994135072794883
112,Host,LogicalAnd,LogicalAnd,1,42.601,42.601,42.601,42.601,0.0,0.0,0.0008328503175548526,0.9949679231124379
113,Host,FlushSummaryWriter,FlushSummaryWriter,1,41.701,41.701,41.701,41.701,0.0,0.0,0.0008152553013392857,0.9957831784137772
114,Host,Dataset,Iterator::Root::ParallelMapV2::Zip[0]::FlatMap[1]::Concatenate,2,59.831,29.9155,39.14,19.57,0.0,0.0,0.0007651877051969892,0.9965483661189741
115,Host,IteratorGetNext,IteratorGetNext,2,33.64,16.82,33.64,16.82,0.0,0.0,0.0006576626061018578,0.997206028725076
116,Host,Dataset,Iterator::Root,2,78.781,39.3905,31.181,15.5905,0.0,0.0,0.0006095891117973254,0.9978156178368733
117,Host,GatherV2,GatherV2_1,2,22.13,11.065,22.13,11.065,0.0,0.0,0.0004326418987227739,0.998248259735596
118,Host,WriteSummary,WriteSummary,1,21.0,21.0,21.0,21.0,0.0,0.0,0.0004105503783632287,0.9986588101139593
119,Host,Dataset,Iterator::Root::ParallelMapV2::Zip[0]::FlatMap[1]::Concatenate[0]::TensorSlice,2,20.691,10.3455,20.691,10.3455,0.0,0.0,0.000404509422795884,0.9990633195367552
120,Host,_HostSend,gradient_tape/categorical_crossentropy/mul/Shape/_9,2,20.02,10.01,20.02,10.01,0.0,0.0,0.00039139136070627805,0.9994547108974615
121,Host,Dataset,Iterator::Root::ParallelMapV2::Zip,2,129.533,64.7665,10.551,5.2755,0.0,0.0,0.0002062722401004965,0.999660983137562
122,Host,ReadVariableOp,ReadVariableOp,1,6.391,6.391,6.391,6.391,0.0,0.0,0.00012494416514854262,0.9997859273027105
123,Host,Dataset,Iterator::Root::ParallelMapV2::Zip[1]::ForeverRepeat::FromTensor,4,4.56,1.14,4.56,1.14,0.0,0.0,8.914808215887251e-05,0.9998750753848694
124,Host,Dataset,Iterator::Root::ParallelMapV2::Zip[0]::FlatMap,2,63.431,31.7155,3.6,1.8,0.0,0.0,7.038006486226778e-05,0.9999454554497317
125,Host,Identity,Identity,2,2.79,1.395,2.79,1.395,0.0,0.0,5.454455026825753e-05,0.9999999999999999
