Rank,Host/device,Type,Operation,#Occurrences,Total time (us),Avg. time (us),Total self-time (us),Avg. self-time (us),Total self-time on Device (%),Cumulative total-self time on Device (%),Total self-time on Host (%),Cumulative total-self time on Host (%)
1,Device,IDLE,IDLE,0,27503.828,0.0,27503.828,0.0,0.4282511368563044,0.4282511368563044,0.0,0.0
2,Device,Conv2DBackpropFilter,gradient_tape/model/conv2d_33/Conv2D/Conv2DBackpropFilter,2,644.099,322.0495,644.099,322.0495,0.01002900865283221,0.4382801455091366,0.0,0.0
3,Device,Conv2DBackpropFilter,gradient_tape/model/conv2d_34/Conv2D/Conv2DBackpropFilter,2,640.003,320.0015,640.003,320.0015,0.009965231470377338,0.4482453769795139,0.0,0.0
4,Device,Conv2DBackpropFilter,gradient_tape/model/conv2d_30/Conv2D/Conv2DBackpropFilter,2,640.002,320.001,640.002,320.001,0.00996521589977615,0.45821059287929006,0.0,0.0
5,Device,Conv2DBackpropFilter,gradient_tape/model/conv2d_32/Conv2D/Conv2DBackpropFilter,2,636.931,318.4655,636.931,318.4655,0.009917398583536182,0.46812799146282624,0.0,0.0
6,Device,Conv2DBackpropFilter,gradient_tape/model/conv2d_35/Conv2D/Conv2DBackpropFilter,2,621.571,310.7855,621.571,310.7855,0.009678234149330412,0.47780622561215663,0.0,0.0
7,Device,Conv2DBackpropInput,gradient_tape/model/conv2d_29/Conv2D/Conv2DBackpropInput,2,461.827,230.9135,461.827,230.9135,0.007190924033590396,0.484997149645747,0.0,0.0
8,Device,Conv2DBackpropInput,gradient_tape/model/conv2d_34/Conv2D/Conv2DBackpropInput,4,437.25,109.3125,437.25,109.3125,0.006808245368259977,0.491805395014007,0.0,0.0
9,Device,Conv2DBackpropInput,gradient_tape/model/conv2d_32/Conv2D/Conv2DBackpropInput,4,434.178,108.5445,434.178,108.5445,0.006760412481418824,0.49856580749542584,0.0,0.0
10,Device,Conv2DBackpropInput,gradient_tape/model/conv2d_33/Conv2D/Conv2DBackpropInput,4,433.154,108.2885,433.154,108.2885,0.006744468185805105,0.505310275681231,0.0,0.0
11,Device,Conv2DBackpropInput,gradient_tape/model/conv2d_35/Conv2D/Conv2DBackpropInput,4,433.154,108.2885,433.154,108.2885,0.006744468185805105,0.5120547438670361,0.0,0.0
12,Device,Conv2DBackpropInput,gradient_tape/model/conv2d_30/Conv2D/Conv2DBackpropInput,4,432.13,108.0325,432.13,108.0325,0.006728523890191387,0.5187832677572275,0.0,0.0
13,Device,Conv2D,model/conv2d_30/Conv2D,4,432.13,108.0325,432.13,108.0325,0.006728523890191387,0.5255117916474189,0.0,0.0
14,Device,Conv2D,model/conv2d_34/Conv2D,4,428.034,107.0085,428.034,107.0085,0.006664746707736515,0.5321765383551554,0.0,0.0
15,Device,Conv2D,model/conv2d_33/Conv2D,4,425.986,106.4965,425.986,106.4965,0.006632858116509079,0.5388093964716645,0.0,0.0
16,Device,Conv2D,model/conv2d_32/Conv2D,4,425.985,106.49625,425.985,106.49625,0.0066328425459078934,0.5454422390175724,0.0,0.0
17,Device,Conv2D,model/conv2d_35/Conv2D,4,423.938,105.9845,423.938,105.9845,0.006600969525281643,0.552043208542854,0.0,0.0
18,Device,FusedBatchNormGradV3,gradient_tape/model/batch_normalization/FusedBatchNormGradV3,2,368.642,184.321,368.642,184.321,0.005739977562140868,0.5577831861049949,0.0,0.0
19,Device,_Send,IteratorGetNext/_1,1,342.145,342.145,342.145,342.145,0.0053274033425347285,0.5631105894475296,0.0,0.0
20,Device,Conv2D,model/conv2d_29/Conv2D,4,338.945,84.73625,338.945,84.73625,0.005277577418741859,0.5683881668662715,0.0,0.0
21,Device,Conv2DBackpropFilter,gradient_tape/model/conv2d/Conv2D/Conv2DBackpropFilter,2,320.514,160.257,320.514,160.257,0.00499059566829612,0.5733787625345675,0.0,0.0
22,Device,_Recv,IteratorGetNext/_2,1,297.281,297.281,297.281,297.281,0.004628843890958707,0.5780076064255263,0.0,0.0
23,Device,Conv2D,model/conv2d/Conv2D,2,285.697,142.8485,285.697,142.8485,0.004448474046828521,0.5824560804723549,0.0,0.0
24,Device,Conv2DBackpropInput,gradient_tape/model/conv2d_7/Conv2D/Conv2DBackpropInput,2,276.481,138.2405,276.481,138.2405,0.004304975386305058,0.5867610558586599,0.0,0.0
25,Device,Conv2DBackpropFilter,gradient_tape/model/conv2d_4/Conv2D/Conv2DBackpropFilter,2,253.953,126.9765,253.953,126.9765,0.003954200882803262,0.5907152567414632,0.0,0.0
26,Device,Conv2DBackpropFilter,gradient_tape/model/conv2d_2/Conv2D/Conv2DBackpropFilter,2,252.929,126.4645,252.929,126.4645,0.003938256587189544,0.5946535133286527,0.0,0.0
27,Device,Conv2DBackpropFilter,gradient_tape/model/conv2d_1/Conv2D/Conv2DBackpropFilter,2,251.905,125.9525,251.905,125.9525,0.003922312291575825,0.5985758256202285,0.0,0.0
28,Device,Conv2DBackpropFilter,gradient_tape/model/conv2d_5/Conv2D/Conv2DBackpropFilter,2,251.905,125.9525,251.905,125.9525,0.003922312291575825,0.6024981379118043,0.0,0.0
29,Device,Conv2DBackpropFilter,gradient_tape/model/conv2d_3/Conv2D/Conv2DBackpropFilter,2,250.881,125.4405,250.881,125.4405,0.003906367995962107,0.6064045059077664,0.0,0.0
30,Device,Conv2DBackpropFilter,gradient_tape/model/conv2d_6/Conv2D/Conv2DBackpropFilter,2,249.857,124.9285,249.857,124.9285,0.003890423700348389,0.6102949296081148,0.0,0.0
31,Device,Conv2DBackpropFilter,gradient_tape/model/conv2d_7/Conv2D/Conv2DBackpropFilter,2,234.497,117.2485,234.497,117.2485,0.003651259266142619,0.6139461888742574,0.0,0.0
32,Device,Conv2DBackpropInput,gradient_tape/model/conv2d_16/Conv2D/Conv2DBackpropInput,2,226.306,113.153,226.306,113.153,0.0035237204718340594,0.6174699093460915,0.0,0.0
33,Device,ReluGrad,gradient_tape/model/activation/ReluGrad,2,219.136,109.568,219.136,109.568,0.0034120792613356625,0.6208819886074272,0.0,0.0
34,Device,FusedBatchNormV3,model/batch_normalization/FusedBatchNormV3,4,208.897,52.22425,208.897,52.22425,0.0032526518757996672,0.6241346404832269,0.0,0.0
35,Device,Conv2DBackpropFilter,gradient_tape/model/conv2d_29/Conv2D/Conv2DBackpropFilter,2,207.873,103.9365,207.873,103.9365,0.003236707580185949,0.6273713480634128,0.0,0.0
36,Device,Conv2DBackpropInput,gradient_tape/model/conv2d_25/Conv2D/Conv2DBackpropInput,4,192.512,48.128,192.512,48.128,0.0029975275753789934,0.6303688756387917,0.0,0.0
37,Device,Conv2DBackpropInput,gradient_tape/model/conv2d_20/Conv2D/Conv2DBackpropInput,4,191.488,47.872,191.488,47.872,0.002981583279765275,0.633350458918557,0.0,0.0
38,Device,Conv2DBackpropInput,gradient_tape/model/conv2d_28/Conv2D/Conv2DBackpropInput,4,191.488,47.872,191.488,47.872,0.002981583279765275,0.6363320421983223,0.0,0.0
39,Device,Conv2DBackpropInput,gradient_tape/model/conv2d_17/Conv2D/Conv2DBackpropInput,4,190.466,47.6165,190.466,47.6165,0.002965670125353928,0.6392977123236763,0.0,0.0
40,Device,Conv2DBackpropInput,gradient_tape/model/conv2d_24/Conv2D/Conv2DBackpropInput,4,190.465,47.61625,190.465,47.61625,0.0029656545547527423,0.642263366878429,0.0,0.0
41,Device,Conv2DBackpropInput,gradient_tape/model/conv2d_26/Conv2D/Conv2DBackpropInput,4,190.465,47.61625,190.465,47.61625,0.0029656545547527423,0.6452290214331817,0.0,0.0
42,Device,Conv2DBackpropInput,gradient_tape/model/conv2d_22/Conv2D/Conv2DBackpropInput,4,188.416,47.104,188.416,47.104,0.002933750392924121,0.6481627718261058,0.0,0.0
43,Device,Conv2D,model/conv2d_28/Conv2D,4,187.393,46.84825,187.393,46.84825,0.002917821667911588,0.6510805934940174,0.0,0.0
44,Device,Conv2DBackpropInput,gradient_tape/model/conv2d_23/Conv2D/Conv2DBackpropInput,4,187.392,46.848,187.392,46.848,0.002917806097310403,0.6539983995913278,0.0,0.0
45,Device,Conv2DBackpropInput,gradient_tape/model/conv2d_19/Conv2D/Conv2DBackpropInput,4,186.369,46.59225,186.369,46.59225,0.0029018773722978702,0.6569002769636256,0.0,0.0
46,Device,Conv2DBackpropInput,gradient_tape/model/conv2d_21/Conv2D/Conv2DBackpropInput,4,186.368,46.592,186.368,46.592,0.0029018618016966847,0.6598021387653223,0.0,0.0
47,Device,Conv2DBackpropInput,gradient_tape/model/conv2d_27/Conv2D/Conv2DBackpropInput,4,186.368,46.592,186.368,46.592,0.0029018618016966847,0.6627040005670191,0.0,0.0
48,Device,Conv2D,model/conv2d_26/Conv2D,4,185.345,46.33625,185.345,46.33625,0.0028859330766841523,0.6655899336437032,0.0,0.0
49,Device,Conv2D,model/conv2d_17/Conv2D,4,184.321,46.08025,184.321,46.08025,0.002869988781070434,0.6684599224247737,0.0,0.0
50,Device,Conv2D,model/conv2d_27/Conv2D,4,184.321,46.08025,184.321,46.08025,0.002869988781070434,0.6713299112058442,0.0,0.0
51,Device,Conv2D,model/conv2d_16/Conv2D,4,183.297,45.82425,183.297,45.82425,0.002854044485456716,0.6741839556913009,0.0,0.0
52,Device,Conv2D,model/conv2d_19/Conv2D,4,183.296,45.824,183.296,45.824,0.0028540289148555305,0.6770379846061564,0.0,0.0
53,Device,Conv2D,model/conv2d_22/Conv2D,4,183.296,45.824,183.296,45.824,0.0028540289148555305,0.6798920135210119,0.0,0.0
54,Device,Conv2D,model/conv2d_21/Conv2D,4,182.273,45.56825,182.273,45.56825,0.0028381001898429977,0.6827301137108549,0.0,0.0
55,Device,Conv2D,model/conv2d_24/Conv2D,4,182.273,45.56825,182.273,45.56825,0.0028381001898429977,0.6855682139006979,0.0,0.0
56,Device,Conv2D,model/conv2d_25/Conv2D,4,182.272,45.568,182.272,45.568,0.0028380846192418126,0.6884062985199397,0.0,0.0
57,Device,Conv2DBackpropFilter,gradient_tape/model/conv2d_23/Conv2D/Conv2DBackpropFilter,4,181.249,45.31225,181.249,45.31225,0.00282215589422928,0.691228454414169,0.0,0.0
58,Device,Conv2D,model/conv2d_20/Conv2D,4,181.249,45.31225,181.249,45.31225,0.00282215589422928,0.6940506103083983,0.0,0.0
59,Device,Conv2D,model/conv2d_23/Conv2D,4,181.249,45.31225,181.249,45.31225,0.00282215589422928,0.6968727662026276,0.0,0.0
60,Device,Conv2DBackpropFilter,gradient_tape/model/conv2d_14/Conv2D/Conv2DBackpropFilter,2,180.225,90.1125,180.225,90.1125,0.002806211598615562,0.6996789778012432,0.0,0.0
61,Device,Conv2DBackpropFilter,gradient_tape/model/conv2d_25/Conv2D/Conv2DBackpropFilter,4,179.201,44.80025,179.201,44.80025,0.0027902673030018436,0.702469245104245,0.0,0.0
62,Device,Conv2DBackpropFilter,gradient_tape/model/conv2d_12/Conv2D/Conv2DBackpropFilter,2,179.2,89.6,179.2,89.6,0.0027902517324006585,0.7052594968366457,0.0,0.0
63,Device,Conv2DBackpropFilter,gradient_tape/model/conv2d_10/Conv2D/Conv2DBackpropFilter,2,178.177,89.0885,178.177,89.0885,0.0027743230073881257,0.7080338198440338,0.0,0.0
64,Device,Conv2DBackpropFilter,gradient_tape/model/conv2d_21/Conv2D/Conv2DBackpropFilter,4,177.152,44.288,177.152,44.288,0.002758363141173222,0.710792182985207,0.0,0.0
65,Device,Conv2DBackpropFilter,gradient_tape/model/conv2d_24/Conv2D/Conv2DBackpropFilter,4,176.129,44.03225,176.129,44.03225,0.0027424344161606894,0.7135346174013677,0.0,0.0
66,Device,Conv2DBackpropFilter,gradient_tape/model/conv2d_27/Conv2D/Conv2DBackpropFilter,4,176.129,44.03225,176.129,44.03225,0.0027424344161606894,0.7162770518175284,0.0,0.0
67,Device,Conv2DBackpropFilter,gradient_tape/model/conv2d_19/Conv2D/Conv2DBackpropFilter,4,176.128,44.032,176.128,44.032,0.0027424188455595043,0.7190194706630879,0.0,0.0
68,Device,Conv2DBackpropFilter,gradient_tape/model/conv2d_15/Conv2D/Conv2DBackpropFilter,2,175.106,87.553,175.106,87.553,0.0027265056911481567,0.7217459763542361,0.0,0.0
69,Device,Conv2D,model/conv2d_7/Conv2D,4,175.106,43.7765,175.106,43.7765,0.0027265056911481567,0.7244724820453843,0.0,0.0
70,Device,Conv2DBackpropFilter,gradient_tape/model/conv2d_11/Conv2D/Conv2DBackpropFilter,2,175.105,87.5525,175.105,87.5525,0.0027264901205469715,0.7271989721659312,0.0,0.0
71,Device,Conv2DBackpropFilter,gradient_tape/model/conv2d_13/Conv2D/Conv2DBackpropFilter,2,175.105,87.5525,175.105,87.5525,0.0027264901205469715,0.7299254622864781,0.0,0.0
72,Device,Conv2DBackpropFilter,gradient_tape/model/conv2d_28/Conv2D/Conv2DBackpropFilter,4,175.105,43.77625,175.105,43.77625,0.0027264901205469715,0.7326519524070251,0.0,0.0
73,Device,Conv2DBackpropFilter,gradient_tape/model/conv2d_26/Conv2D/Conv2DBackpropFilter,4,174.081,43.52025,174.081,43.52025,0.0027105458249332536,0.7353624982319583,0.0,0.0
74,Device,Conv2DBackpropFilter,gradient_tape/model/conv2d_20/Conv2D/Conv2DBackpropFilter,4,174.08,43.52,174.08,43.52,0.0027105302543320685,0.7380730284862904,0.0,0.0
75,Device,Conv2DBackpropFilter,gradient_tape/model/conv2d_22/Conv2D/Conv2DBackpropFilter,4,173.057,43.26425,173.057,43.26425,0.0026946015293195353,0.74076763001561,0.0,0.0
76,Device,Conv2DBackpropFilter,gradient_tape/model/conv2d_17/Conv2D/Conv2DBackpropFilter,4,173.056,43.264,173.056,43.264,0.0026945859587183506,0.7434622159743283,0.0,0.0
77,Device,Conv2DBackpropFilter,gradient_tape/model/conv2d_8/Conv2D/Conv2DBackpropFilter,2,172.033,86.0165,172.033,86.0165,0.0026786572337058174,0.7461408732080341,0.0,0.0
78,Device,MaxPoolGrad,gradient_tape/model/max_pooling2d/MaxPool/MaxPoolGrad,2,164.866,82.433,164.866,82.433,0.0025670627350109767,0.7487079359430451,0.0,0.0
79,Device,Conv2DBackpropFilter,gradient_tape/model/conv2d_16/Conv2D/Conv2DBackpropFilter,4,157.697,39.42425,157.697,39.42425,0.002455437095113765,0.7511633730381588,0.0,0.0
80,Device,Relu,model/activation/Relu,2,141.312,70.656,141.312,70.656,0.002200312794693091,0.753363685832852,0.0,0.0
81,Device,Conv2D,model/conv2d_10/Conv2D,2,139.264,69.632,139.264,69.632,0.002168424203465655,0.7555321100363176,0.0,0.0
82,Device,Conv2D,model/conv2d_8/Conv2D,2,139.264,69.632,139.264,69.632,0.002168424203465655,0.7577005342397832,0.0,0.0
83,Device,Conv2D,model/conv2d_14/Conv2D,2,138.241,69.1205,138.241,69.1205,0.002152495478453122,0.7598530297182363,0.0,0.0
84,Device,Conv2D,model/conv2d_11/Conv2D,2,138.24,69.12,138.24,69.12,0.002152479907851937,0.7620055096260883,0.0,0.0
85,Device,Conv2D,model/conv2d_13/Conv2D,2,137.217,68.6085,137.217,68.6085,0.002136551182839404,0.7641420608089277,0.0,0.0
86,Device,Conv2DBackpropInput,gradient_tape/model/conv2d_8/Conv2D/Conv2DBackpropInput,2,137.216,68.608,137.216,68.608,0.0021365356122382186,0.7662785964211659,0.0,0.0
87,Device,Conv2D,model/conv2d_15/Conv2D,2,136.193,68.0965,136.193,68.0965,0.002120606887225686,0.7683992033083916,0.0,0.0
88,Device,Conv2D,model/conv2d_12/Conv2D,2,136.192,68.096,136.192,68.096,0.0021205913166245007,0.7705197946250161,0.0,0.0
89,Device,Conv2DBackpropInput,gradient_tape/model/conv2d_15/Conv2D/Conv2DBackpropInput,2,135.169,67.5845,135.169,67.5845,0.002104662591611968,0.7726244572166281,0.0,0.0
90,Device,BiasAdd,model/conv2d/BiasAdd,2,135.169,67.5845,135.169,67.5845,0.002104662591611968,0.7747291198082401,0.0,0.0
91,Device,Conv2DBackpropInput,gradient_tape/model/conv2d_10/Conv2D/Conv2DBackpropInput,2,135.168,67.584,135.168,67.584,0.0021046470210107824,0.7768337668292509,0.0,0.0
92,Device,Conv2DBackpropInput,gradient_tape/model/conv2d_11/Conv2D/Conv2DBackpropInput,2,135.168,67.584,135.168,67.584,0.0021046470210107824,0.7789384138502616,0.0,0.0
93,Device,Conv2DBackpropInput,gradient_tape/model/conv2d_13/Conv2D/Conv2DBackpropInput,2,133.121,66.5605,133.121,66.5605,0.0020727740003845317,0.7810111878506462,0.0,0.0
94,Device,Conv2DBackpropInput,gradient_tape/model/conv2d_14/Conv2D/Conv2DBackpropInput,2,133.12,66.56,133.12,66.56,0.0020727584297833466,0.7830839462804295,0.0,0.0
95,Device,Conv2DBackpropInput,gradient_tape/model/conv2d_12/Conv2D/Conv2DBackpropInput,2,132.097,66.0485,132.097,66.0485,0.002056829704770814,0.7851407759852004,0.0,0.0
96,Device,Conv2D,model/conv2d_1/Conv2D,2,126.976,63.488,126.976,63.488,0.0019770926561010383,0.7871178686413014,0.0,0.0
97,Device,Conv2D,model/conv2d_2/Conv2D,2,125.953,62.9765,125.953,62.9765,0.0019611639310885055,0.7890790325723899,0.0,0.0
98,Device,Conv2D,model/conv2d_5/Conv2D,2,125.953,62.9765,125.953,62.9765,0.0019611639310885055,0.7910401965034783,0.0,0.0
99,Device,SoftmaxCrossEntropyWithLogits,categorical_crossentropy/softmax_cross_entropy_with_logits,2,125.952,62.976,125.952,62.976,0.00196114836048732,0.7930013448639657,0.0,0.0
100,Device,Conv2DBackpropInput,gradient_tape/model/conv2d_6/Conv2D/Conv2DBackpropInput,2,125.952,62.976,125.952,62.976,0.00196114836048732,0.794962493224453,0.0,0.0
101,Device,ResourceApplyGradientDescent,SGD/SGD/update_134/ResourceApplyGradientDescent,2,124.929,62.4645,124.929,62.4645,0.0019452196354747874,0.7969077128599278,0.0,0.0
102,Device,Conv2DBackpropInput,gradient_tape/model/conv2d_5/Conv2D/Conv2DBackpropInput,2,124.929,62.4645,124.929,62.4645,0.0019452196354747874,0.7988529324954026,0.0,0.0
103,Device,ResourceApplyGradientDescent,SGD/SGD/update_118/ResourceApplyGradientDescent,2,124.928,62.464,124.928,62.464,0.001945204064873602,0.8007981365602762,0.0,0.0
104,Device,ResourceApplyGradientDescent,SGD/SGD/update_126/ResourceApplyGradientDescent,2,123.905,61.9525,123.905,61.9525,0.0019292753398610692,0.8027274119001373,0.0,0.0
105,Device,Conv2D,model/conv2d_4/Conv2D,2,123.905,61.9525,123.905,61.9525,0.0019292753398610692,0.8046566872399984,0.0,0.0
106,Device,Conv2DBackpropInput,gradient_tape/model/conv2d_1/Conv2D/Conv2DBackpropInput,2,123.904,61.952,123.904,61.952,0.0019292597692598839,0.8065859470092582,0.0,0.0
107,Device,Conv2DBackpropInput,gradient_tape/model/conv2d_2/Conv2D/Conv2DBackpropInput,2,123.904,61.952,123.904,61.952,0.0019292597692598839,0.8085152067785181,0.0,0.0
108,Device,Conv2DBackpropInput,gradient_tape/model/conv2d_3/Conv2D/Conv2DBackpropInput,2,123.904,61.952,123.904,61.952,0.0019292597692598839,0.8104444665477779,0.0,0.0
109,Device,Conv2DBackpropInput,gradient_tape/model/conv2d_4/Conv2D/Conv2DBackpropInput,2,123.904,61.952,123.904,61.952,0.0019292597692598839,0.8123737263170377,0.0,0.0
110,Device,Conv2D,model/conv2d_6/Conv2D,2,122.882,61.441,122.882,61.441,0.0019133466148485365,0.8142870729318863,0.0,0.0
111,Device,ResourceApplyGradientDescent,SGD/SGD/update_130/ResourceApplyGradientDescent,2,122.881,61.4405,122.881,61.4405,0.0019133310442473511,0.8162004039761337,0.0,0.0
112,Device,AddN,SGD/gradients/AddN_47,2,122.881,61.4405,122.881,61.4405,0.0019133310442473511,0.8181137350203811,0.0,0.0
113,Device,Mul,gradient_tape/conv2d_35/kernel/Regularizer/Mul_1,2,122.881,61.4405,122.881,61.4405,0.0019133310442473511,0.8200270660646285,0.0,0.0
114,Device,Conv2D,model/conv2d_3/Conv2D,2,122.881,61.4405,122.881,61.4405,0.0019133310442473511,0.8219403971088759,0.0,0.0
115,Device,Mul,gradient_tape/conv2d_34/kernel/Regularizer/Mul_1,2,122.88,61.44,122.88,61.44,0.0019133154736461658,0.823853712582522,0.0,0.0
116,Device,Mul,gradient_tape/conv2d_33/kernel/Regularizer/Mul_1,2,121.858,60.929,121.858,60.929,0.0018974023192348183,0.8257511149017569,0.0,0.0
117,Device,ResourceApplyGradientDescent,SGD/SGD/update_122/ResourceApplyGradientDescent,2,120.833,60.4165,120.833,60.4165,0.001881442453019915,0.8276325573547768,0.0,0.0
118,Device,Mul,gradient_tape/conv2d_32/kernel/Regularizer/Mul_1,2,120.832,60.416,120.832,60.416,0.0018814268824187297,0.8295139842371956,0.0,0.0
119,Device,Mul,gradient_tape/conv2d_30/kernel/Regularizer/Mul_1,2,118.785,59.3925,118.785,59.3925,0.0018495538617924788,0.8313635380989881,0.0,0.0
120,Device,AddN,SGD/gradients/AddN_49,2,114.688,57.344,114.688,57.344,0.0017857611087364214,0.8331492992077245,0.0,0.0
121,Device,AddN,SGD/gradients/AddN_51,2,114.688,57.344,114.688,57.344,0.0017857611087364214,0.8349350603164609,0.0,0.0
122,Device,AddN,SGD/gradients/AddN_48,2,113.664,56.832,113.664,56.832,0.0017698168131227035,0.8367048771295836,0.0,0.0
123,Device,AddN,SGD/gradients/AddN_50,2,112.64,56.32,112.64,56.32,0.0017538725175089854,0.8384587496470927,0.0,0.0
124,Device,MaxPool,model/max_pooling2d/MaxPool,2,100.353,50.1765,100.353,50.1765,0.001562556540745554,0.8400213061878382,0.0,0.0
125,Device,Conv2DBackpropInput,gradient_tape/model/conv2d_31/Conv2D/Conv2DBackpropInput,4,93.184,23.296,93.184,23.296,0.0014509309008483423,0.8414722370886866,0.0,0.0
126,Device,FusedBatchNormGradV3,gradient_tape/model/batch_normalization_5/FusedBatchNormGradV3,2,90.113,45.0565,90.113,45.0565,0.0014031135846083735,0.842875350673295,0.0,0.0
127,Device,FusedBatchNormGradV3,gradient_tape/model/batch_normalization_1/FusedBatchNormGradV3,2,90.112,45.056,90.112,45.056,0.0014030980140071882,0.8442784486873022,0.0,0.0
128,Device,FusedBatchNormGradV3,gradient_tape/model/batch_normalization_6/FusedBatchNormGradV3,2,89.089,44.5445,89.089,44.5445,0.0013871692889946554,0.8456656179762968,0.0,0.0
129,Device,FusedBatchNormGradV3,gradient_tape/model/batch_normalization_3/FusedBatchNormGradV3,2,88.064,44.032,88.064,44.032,0.0013712094227797521,0.8470368273990766,0.0,0.0
130,Device,FusedBatchNormGradV3,gradient_tape/model/batch_normalization_2/FusedBatchNormGradV3,2,87.04,43.52,87.04,43.52,0.0013552651271660342,0.8483920925262426,0.0,0.0
131,Device,FusedBatchNormGradV3,gradient_tape/model/batch_normalization_4/FusedBatchNormGradV3,2,86.017,43.0085,86.017,43.0085,0.0013393364021535013,0.849731428928396,0.0,0.0
132,Device,BiasAddGrad,gradient_tape/model/conv2d/BiasAdd/BiasAddGrad,2,83.968,41.984,83.968,41.984,0.00130743224032488,0.851038861168721,0.0,0.0
133,Device,Square,conv2d_32/kernel/Regularizer/Square,2,81.921,40.9605,81.921,40.9605,0.0012755592196986292,0.8523144203884195,0.0,0.0
134,Device,Square,conv2d_34/kernel/Regularizer/Square,2,81.921,40.9605,81.921,40.9605,0.0012755592196986292,0.8535899796081181,0.0,0.0
135,Device,Square,conv2d_30/kernel/Regularizer/Square,2,81.92,40.96,81.92,40.96,0.0012755436490974438,0.8548655232572155,0.0,0.0
136,Device,Square,conv2d_33/kernel/Regularizer/Square,2,81.92,40.96,81.92,40.96,0.0012755436490974438,0.856141066906313,0.0,0.0
137,Device,Square,conv2d_35/kernel/Regularizer/Square,2,81.92,40.96,81.92,40.96,0.0012755436490974438,0.8574166105554104,0.0,0.0
138,Device,Mul,gradient_tape/conv2d_30/kernel/Regularizer/Mul,2,81.92,40.96,81.92,40.96,0.0012755436490974438,0.8586921542045078,0.0,0.0
139,Device,Conv2DBackpropInput,gradient_tape/model/conv2d_18/Conv2D/Conv2DBackpropInput,4,80.896,20.224,80.896,20.224,0.001259599353483726,0.8599517535579916,0.0,0.0
140,Device,Conv2DBackpropFilter,gradient_tape/model/conv2d_18/Conv2D/Conv2DBackpropFilter,2,78.848,39.424,78.848,39.424,0.0012277107622562897,0.8611794643202478,0.0,0.0
141,Device,Tile,gradient_tape/conv2d_30/kernel/Regularizer/Tile,2,73.728,36.864,73.728,36.864,0.0011479892841876995,0.8623274536044355,0.0,0.0
142,Device,Conv2DBackpropInput,gradient_tape/model/conv2d_9/Conv2D/Conv2DBackpropInput,2,71.68,35.84,71.68,35.84,0.0011161006929602635,0.8634435542973958,0.0,0.0
143,Device,ResourceApplyGradientDescent,SGD/SGD/update_112/ResourceApplyGradientDescent,2,64.512,32.256,64.512,32.256,0.001004490623664237,0.8644480449210601,0.0,0.0
144,Device,AddN,SGD/gradients/AddN_45,2,64.512,32.256,64.512,32.256,0.001004490623664237,0.8654525355447243,0.0,0.0
145,Device,Mul,gradient_tape/conv2d_29/kernel/Regularizer/Mul_1,2,62.464,31.232,62.464,31.232,0.000972602032436801,0.8664251375771611,0.0,0.0
146,Device,Conv2DBackpropFilter,gradient_tape/model/conv2d_31/Conv2D/Conv2DBackpropFilter,2,60.417,30.2085,60.417,30.2085,0.0009407290118105502,0.8673658665889716,0.0,0.0
147,Device,Sum,conv2d_34/kernel/Regularizer/Sum,2,56.32,28.16,56.32,28.16,0.0008769362587544927,0.8682428028477261,0.0,0.0
148,Device,Conv2DBackpropFilter,gradient_tape/model/conv2d_9/Conv2D/Conv2DBackpropFilter,2,56.32,28.16,56.32,28.16,0.0008769362587544927,0.8691197391064807,0.0,0.0
149,Device,Sum,conv2d_32/kernel/Regularizer/Sum,2,53.248,26.624,53.248,26.624,0.0008291033719133385,0.869948842478394,0.0,0.0
150,Device,Conv2D,model/conv2d_31/Conv2D,2,53.248,26.624,53.248,26.624,0.0008291033719133385,0.8707779458503073,0.0,0.0
151,Device,Conv2D,model/conv2d_9/Conv2D,2,52.224,26.112,52.224,26.112,0.0008131590762996204,0.871591104926607,0.0,0.0
152,Device,AddN,SGD/gradients/AddN_13,2,51.2,25.6,51.2,25.6,0.0007972147806859025,0.8723883197072929,0.0,0.0
153,Device,Sum,conv2d_30/kernel/Regularizer/Sum,2,50.177,25.0885,50.177,25.0885,0.0007812860556733696,0.8731696057629663,0.0,0.0
154,Device,AddN,SGD/gradients/AddN_14,2,50.176,25.088,50.176,25.088,0.0007812704850721844,0.8739508762480385,0.0,0.0
155,Device,Sum,conv2d_33/kernel/Regularizer/Sum,2,50.176,25.088,50.176,25.088,0.0007812704850721844,0.8747321467331106,0.0,0.0
156,Device,Sum,conv2d_35/kernel/Regularizer/Sum,2,49.152,24.576,49.152,24.576,0.0007653261894584664,0.8754974729225691,0.0,0.0
157,Device,ReluGrad,gradient_tape/model/activation_6/ReluGrad,2,47.104,23.552,47.104,23.552,0.0007334375982310302,0.8762309105208002,0.0,0.0
158,Device,AddN,SGD/gradients/AddN_12,2,45.056,22.528,45.056,22.528,0.0007015490070035941,0.8769324595278037,0.0,0.0
159,Device,AddN,SGD/gradients/AddN_15,2,45.056,22.528,45.056,22.528,0.0007015490070035941,0.8776340085348073,0.0,0.0
160,Device,ReluGrad,gradient_tape/model/activation_1/ReluGrad,2,45.056,22.528,45.056,22.528,0.0007015490070035941,0.8783355575418109,0.0,0.0
161,Device,ReluGrad,gradient_tape/model/activation_5/ReluGrad,2,45.056,22.528,45.056,22.528,0.0007015490070035941,0.8790371065488145,0.0,0.0
162,Device,ReluGrad,gradient_tape/model/activation_3/ReluGrad,2,44.033,22.0165,44.033,22.0165,0.0006856202819910614,0.8797227268308055,0.0,0.0
163,Device,Mul,gradient_tape/conv2d_29/kernel/Regularizer/Mul,2,44.032,22.016,44.032,22.016,0.0006856047113898761,0.8804083315421954,0.0,0.0
164,Device,Square,conv2d_29/kernel/Regularizer/Square,2,43.008,21.504,43.008,21.504,0.0006696604157761581,0.8810779919579717,0.0,0.0
165,Device,ReluGrad,gradient_tape/model/activation_2/ReluGrad,2,43.008,21.504,43.008,21.504,0.0006696604157761581,0.8817476523737479,0.0,0.0
166,Device,ReluGrad,gradient_tape/model/activation_4/ReluGrad,2,43.008,21.504,43.008,21.504,0.0006696604157761581,0.8824173127895241,0.0,0.0
167,Device,Tile,gradient_tape/conv2d_29/kernel/Regularizer/Tile,2,40.96,20.48,40.96,20.48,0.0006377718245487219,0.8830550846140728,0.0,0.0
168,Device,Conv2D,model/conv2d_18/Conv2D,2,39.937,19.9685,39.937,19.9685,0.0006218430995361891,0.883676927713609,0.0,0.0
169,Device,AddV2,model/add/add,2,37.888,18.944,37.888,18.944,0.0005899389377075678,0.8842668666513165,0.0,0.0
170,Device,FusedBatchNormV3,model/batch_normalization_3/FusedBatchNormV3,4,37.888,9.472,37.888,9.472,0.0005899389377075678,0.884856805589024,0.0,0.0
171,Device,Transpose,gradient_tape/model/conv2d/Conv2D/Conv2DBackpropFilter-0-TransposeNHWCToNCHW-LayoutOptimizer,2,36.865,18.4325,36.865,18.4325,0.0005740102126950351,0.885430815801719,0.0,0.0
172,Device,Relu,model/activation_6/Relu,2,35.84,17.92,35.84,17.92,0.0005580503464801317,0.8859888661481992,0.0,0.0
173,Device,AddV2,model/add_2/add,2,35.84,17.92,35.84,17.92,0.0005580503464801317,0.8865469164946793,0.0,0.0
174,Device,AddN,SGD/gradients/AddN_34,2,34.816,17.408,34.816,17.408,0.0005421060508664137,0.8870890225455458,0.0,0.0
175,Device,AddN,SGD/gradients/AddN_38,2,34.816,17.408,34.816,17.408,0.0005421060508664137,0.8876311285964122,0.0,0.0
176,Device,Sum,conv2d_29/kernel/Regularizer/Sum,2,34.816,17.408,34.816,17.408,0.0005421060508664137,0.8881732346472787,0.0,0.0
177,Device,FusedBatchNormV3,model/batch_normalization_1/FusedBatchNormV3,4,34.816,8.704,34.816,8.704,0.0005421060508664137,0.8887153406981452,0.0,0.0
178,Device,AddN,SGD/gradients/AddN_35,2,33.792,16.896,33.792,16.896,0.0005261617552526956,0.8892415024533978,0.0,0.0
179,Device,AddN,SGD/gradients/AddN_37,2,33.792,16.896,33.792,16.896,0.0005261617552526956,0.8897676642086505,0.0,0.0
180,Device,AddN,SGD/gradients/AddN_44,2,33.792,16.896,33.792,16.896,0.0005261617552526956,0.8902938259639032,0.0,0.0
181,Device,Mul,gradient_tape/conv2d_17/kernel/Regularizer/Mul_1,2,33.792,16.896,33.792,16.896,0.0005261617552526956,0.8908199877191558,0.0,0.0
182,Device,AddV2,model/add_1/add,2,33.792,16.896,33.792,16.896,0.0005261617552526956,0.8913461494744085,0.0,0.0
183,Device,FusedBatchNormV3,model/batch_normalization_5/FusedBatchNormV3,4,33.792,8.448,33.792,8.448,0.0005261617552526956,0.8918723112296612,0.0,0.0
184,Device,FusedBatchNormV3,model/batch_normalization_6/FusedBatchNormV3,4,33.792,8.448,33.792,8.448,0.0005261617552526956,0.8923984729849138,0.0,0.0
185,Device,AddN,SGD/gradients/AddN_43,2,32.769,16.3845,32.769,16.3845,0.0005102330302401628,0.8929087060151539,0.0,0.0
186,Device,AddN,SGD/gradients/AddN_36,2,32.768,16.384,32.768,16.384,0.0005102174596389776,0.8934189234747929,0.0,0.0
187,Device,AddN,SGD/gradients/AddN_39,2,32.768,16.384,32.768,16.384,0.0005102174596389776,0.8939291409344319,0.0,0.0
188,Device,AddN,SGD/gradients/AddN_40,2,32.768,16.384,32.768,16.384,0.0005102174596389776,0.8944393583940708,0.0,0.0
189,Device,AddN,SGD/gradients/AddN_41,2,32.768,16.384,32.768,16.384,0.0005102174596389776,0.8949495758537098,0.0,0.0
190,Device,AddN,SGD/gradients/AddN_42,2,32.768,16.384,32.768,16.384,0.0005102174596389776,0.8954597933133488,0.0,0.0
191,Device,FusedBatchNormV3,model/batch_normalization_4/FusedBatchNormV3,4,32.768,8.192,32.768,8.192,0.0005102174596389776,0.8959700107729878,0.0,0.0
192,Device,Mul,gradient_tape/conv2d_22/kernel/Regularizer/Mul_1,2,31.744,15.872,31.744,15.872,0.0004942731640252596,0.896464283937013,0.0,0.0
193,Device,Mul,gradient_tape/conv2d_25/kernel/Regularizer/Mul_1,2,31.744,15.872,31.744,15.872,0.0004942731640252596,0.8969585571010383,0.0,0.0
194,Device,Mul,gradient_tape/conv2d_28/kernel/Regularizer/Mul_1,2,31.744,15.872,31.744,15.872,0.0004942731640252596,0.8974528302650636,0.0,0.0
195,Device,AddN,ArithmeticOptimizer/AddOpsRewrite_AddN_1,8,30.722,3.84025,30.722,3.84025,0.00047836000961391204,0.8979311902746775,0.0,0.0
196,Device,Mul,gradient_tape/conv2d_24/kernel/Regularizer/Mul_1,2,30.721,15.3605,30.721,15.3605,0.00047834443901272674,0.8984095347136902,0.0,0.0
197,Device,Mul,gradient_tape/conv2d_20/kernel/Regularizer/Mul_1,2,30.72,15.36,30.72,15.36,0.00047832886841154144,0.8988878635821018,0.0,0.0
198,Device,Mul,gradient_tape/conv2d_21/kernel/Regularizer/Mul_1,2,30.72,15.36,30.72,15.36,0.00047832886841154144,0.8993661924505134,0.0,0.0
199,Device,Mul,gradient_tape/conv2d_23/kernel/Regularizer/Mul_1,2,30.72,15.36,30.72,15.36,0.00047832886841154144,0.899844521318925,0.0,0.0
200,Device,Mul,gradient_tape/conv2d_26/kernel/Regularizer/Mul_1,2,30.72,15.36,30.72,15.36,0.00047832886841154144,0.9003228501873366,0.0,0.0
201,Device,Mul,gradient_tape/conv2d_27/kernel/Regularizer/Mul_1,2,30.72,15.36,30.72,15.36,0.00047832886841154144,0.9008011790557482,0.0,0.0
202,Device,FusedBatchNormV3,model/batch_normalization_2/FusedBatchNormV3,4,30.72,7.68,30.72,7.68,0.00047832886841154144,0.9012795079241598,0.0,0.0
203,Device,Mul,gradient_tape/conv2d_19/kernel/Regularizer/Mul_1,2,29.696,14.848,29.696,14.848,0.0004623845727978234,0.9017418924969576,0.0,0.0
204,Device,ReluGrad,gradient_tape/model/activation_7/ReluGrad,2,28.672,14.336,28.672,14.336,0.00044644027718410535,0.9021883327741417,0.0,0.0
205,Device,Square,conv2d_23/kernel/Regularizer/Square,2,25.601,12.8005,25.601,12.8005,0.0003986229609441365,0.9025869557350858,0.0,0.0
206,Device,ResourceApplyGradientDescent,SGD/SGD/update_92/ResourceApplyGradientDescent,2,25.6,12.8,25.6,12.8,0.00039860739034295125,0.9029855631254288,0.0,0.0
207,Device,Sum,conv2d_23/kernel/Regularizer/Sum,2,25.6,12.8,25.6,12.8,0.00039860739034295125,0.9033841705157717,0.0,0.0
208,Device,FusedBatchNormGradV3,gradient_tape/model/batch_normalization_14/FusedBatchNormGradV3,2,25.6,12.8,25.6,12.8,0.00039860739034295125,0.9037827779061146,0.0,0.0
209,Device,FusedBatchNormGradV3,gradient_tape/model/batch_normalization_26/FusedBatchNormGradV3,2,25.6,12.8,25.6,12.8,0.00039860739034295125,0.9041813852964575,0.0,0.0
210,Device,BiasAddGrad,gradient_tape/model/conv2d_29/BiasAdd/BiasAddGrad,2,25.6,12.8,25.6,12.8,0.00039860739034295125,0.9045799926868004,0.0,0.0
211,Device,BiasAddGrad,gradient_tape/model/conv2d_32/BiasAdd/BiasAddGrad,2,25.6,12.8,25.6,12.8,0.00039860739034295125,0.9049786000771434,0.0,0.0
212,Device,BiasAddGrad,gradient_tape/model/conv2d_33/BiasAdd/BiasAddGrad,2,25.6,12.8,25.6,12.8,0.00039860739034295125,0.9053772074674863,0.0,0.0
213,Device,BiasAddGrad,gradient_tape/model/conv2d_34/BiasAdd/BiasAddGrad,2,25.6,12.8,25.6,12.8,0.00039860739034295125,0.9057758148578292,0.0,0.0
214,Device,BiasAddGrad,gradient_tape/model/conv2d_35/BiasAdd/BiasAddGrad,2,25.6,12.8,25.6,12.8,0.00039860739034295125,0.9061744222481721,0.0,0.0
215,Device,FusedBatchNormGradV3,gradient_tape/model/batch_normalization_17/FusedBatchNormGradV3,2,24.577,12.2885,24.577,12.2885,0.0003826786653304185,0.9065571009135025,0.0,0.0
216,Device,ResourceApplyGradientDescent,SGD/SGD/update_108/ResourceApplyGradientDescent,2,24.576,12.288,24.576,12.288,0.0003826630947292332,0.9069397640082317,0.0,0.0
217,Device,ResourceApplyGradientDescent,SGD/SGD/update_76/ResourceApplyGradientDescent,2,24.576,12.288,24.576,12.288,0.0003826630947292332,0.907322427102961,0.0,0.0
218,Device,ResourceApplyGradientDescent,SGD/SGD/update_96/ResourceApplyGradientDescent,2,24.576,12.288,24.576,12.288,0.0003826630947292332,0.9077050901976902,0.0,0.0
219,Device,Sum,conv2d_22/kernel/Regularizer/Sum,2,24.576,12.288,24.576,12.288,0.0003826630947292332,0.9080877532924194,0.0,0.0
220,Device,FusedBatchNormGradV3,gradient_tape/model/batch_normalization_15/FusedBatchNormGradV3,2,24.576,12.288,24.576,12.288,0.0003826630947292332,0.9084704163871486,0.0,0.0
221,Device,FusedBatchNormGradV3,gradient_tape/model/batch_normalization_16/FusedBatchNormGradV3,2,24.576,12.288,24.576,12.288,0.0003826630947292332,0.9088530794818779,0.0,0.0
222,Device,FusedBatchNormGradV3,gradient_tape/model/batch_normalization_19/FusedBatchNormGradV3,2,24.576,12.288,24.576,12.288,0.0003826630947292332,0.9092357425766071,0.0,0.0
223,Device,FusedBatchNormGradV3,gradient_tape/model/batch_normalization_23/FusedBatchNormGradV3,2,24.576,12.288,24.576,12.288,0.0003826630947292332,0.9096184056713363,0.0,0.0
224,Device,FusedBatchNormV3,model/batch_normalization_28/FusedBatchNormV3,4,24.576,6.144,24.576,6.144,0.0003826630947292332,0.9100010687660656,0.0,0.0
225,Device,FusedBatchNormV3,model/batch_normalization_30/FusedBatchNormV3,4,24.576,6.144,24.576,6.144,0.0003826630947292332,0.9103837318607948,0.0,0.0
226,Device,FusedBatchNormV3,model/batch_normalization_31/FusedBatchNormV3,4,24.576,6.144,24.576,6.144,0.0003826630947292332,0.910766394955524,0.0,0.0
227,Device,FusedBatchNormV3,model/batch_normalization_32/FusedBatchNormV3,4,24.576,6.144,24.576,6.144,0.0003826630947292332,0.9111490580502533,0.0,0.0
228,Device,Square,conv2d_20/kernel/Regularizer/Square,2,23.553,11.7765,23.553,11.7765,0.0003667343697167004,0.9115157924199699,0.0,0.0
229,Device,BiasAddGrad,gradient_tape/model/conv2d_2/BiasAdd/BiasAddGrad,2,23.553,11.7765,23.553,11.7765,0.0003667343697167004,0.9118825267896866,0.0,0.0
230,Device,ResourceApplyGradientDescent,SGD/SGD/update_100/ResourceApplyGradientDescent,2,23.552,11.776,23.552,11.776,0.0003667187991155151,0.9122492455888022,0.0,0.0
231,Device,ResourceApplyGradientDescent,SGD/SGD/update_68/ResourceApplyGradientDescent,2,23.552,11.776,23.552,11.776,0.0003667187991155151,0.9126159643879177,0.0,0.0
232,Device,ResourceApplyGradientDescent,SGD/SGD/update_72/ResourceApplyGradientDescent,2,23.552,11.776,23.552,11.776,0.0003667187991155151,0.9129826831870332,0.0,0.0
233,Device,ResourceApplyGradientDescent,SGD/SGD/update_80/ResourceApplyGradientDescent,2,23.552,11.776,23.552,11.776,0.0003667187991155151,0.9133494019861488,0.0,0.0
234,Device,ResourceApplyGradientDescent,SGD/SGD/update_84/ResourceApplyGradientDescent,2,23.552,11.776,23.552,11.776,0.0003667187991155151,0.9137161207852643,0.0,0.0
235,Device,ResourceApplyGradientDescent,SGD/SGD/update_88/ResourceApplyGradientDescent,2,23.552,11.776,23.552,11.776,0.0003667187991155151,0.9140828395843799,0.0,0.0
236,Device,Sum,conv2d_21/kernel/Regularizer/Sum,2,23.552,11.776,23.552,11.776,0.0003667187991155151,0.9144495583834954,0.0,0.0
237,Device,Mul,gradient_tape/conv2d_17/kernel/Regularizer/Mul,2,23.552,11.776,23.552,11.776,0.0003667187991155151,0.9148162771826109,0.0,0.0
238,Device,ReluGrad,gradient_tape/model/activation_14/ReluGrad,2,23.552,11.776,23.552,11.776,0.0003667187991155151,0.9151829959817265,0.0,0.0
239,Device,FusedBatchNormGradV3,gradient_tape/model/batch_normalization_18/FusedBatchNormGradV3,2,23.552,11.776,23.552,11.776,0.0003667187991155151,0.915549714780842,0.0,0.0
240,Device,FusedBatchNormGradV3,gradient_tape/model/batch_normalization_20/FusedBatchNormGradV3,2,23.552,11.776,23.552,11.776,0.0003667187991155151,0.9159164335799576,0.0,0.0
241,Device,FusedBatchNormGradV3,gradient_tape/model/batch_normalization_24/FusedBatchNormGradV3,2,23.552,11.776,23.552,11.776,0.0003667187991155151,0.9162831523790731,0.0,0.0
242,Device,FusedBatchNormGradV3,gradient_tape/model/batch_normalization_27/FusedBatchNormGradV3,2,23.552,11.776,23.552,11.776,0.0003667187991155151,0.9166498711781886,0.0,0.0
243,Device,FusedBatchNormGradV3,gradient_tape/model/batch_normalization_30/FusedBatchNormGradV3,2,23.552,11.776,23.552,11.776,0.0003667187991155151,0.9170165899773042,0.0,0.0
244,Device,FusedBatchNormGradV3,gradient_tape/model/batch_normalization_31/FusedBatchNormGradV3,2,23.552,11.776,23.552,11.776,0.0003667187991155151,0.9173833087764197,0.0,0.0
245,Device,BiasAddGrad,gradient_tape/model/conv2d_4/BiasAdd/BiasAddGrad,2,23.552,11.776,23.552,11.776,0.0003667187991155151,0.9177500275755353,0.0,0.0
246,Device,BiasAddGrad,gradient_tape/model/conv2d_6/BiasAdd/BiasAddGrad,2,23.552,11.776,23.552,11.776,0.0003667187991155151,0.9181167463746508,0.0,0.0
247,Device,FusedBatchNormV3,model/batch_normalization_29/FusedBatchNormV3,4,23.552,5.888,23.552,5.888,0.0003667187991155151,0.9184834651737663,0.0,0.0
248,Device,Sum,conv2d_17/kernel/Regularizer/Sum,2,22.529,11.2645,22.529,11.2645,0.00035079007410298234,0.9188342552478693,0.0,0.0
249,Device,FusedBatchNormGradV3,gradient_tape/model/batch_normalization_12/FusedBatchNormGradV3,2,22.529,11.2645,22.529,11.2645,0.00035079007410298234,0.9191850453219723,0.0,0.0
250,Device,FusedBatchNormGradV3,gradient_tape/model/batch_normalization_25/FusedBatchNormGradV3,2,22.529,11.2645,22.529,11.2645,0.00035079007410298234,0.9195358353960753,0.0,0.0
251,Device,BiasAddGrad,gradient_tape/model/conv2d_20/BiasAdd/BiasAddGrad,2,22.529,11.2645,22.529,11.2645,0.00035079007410298234,0.9198866254701783,0.0,0.0
252,Device,BiasAdd,model/conv2d_1/BiasAdd,2,22.529,11.2645,22.529,11.2645,0.00035079007410298234,0.9202374155442813,0.0,0.0
253,Device,MatMul,model/dense/MatMul,2,22.529,11.2645,22.529,11.2645,0.00035079007410298234,0.9205882056183843,0.0,0.0
254,Device,ResourceApplyGradientDescent,SGD/SGD/update_104/ResourceApplyGradientDescent,2,22.528,11.264,22.528,11.264,0.00035077450350179704,0.9209389801218861,0.0,0.0
255,Device,Square,conv2d_17/kernel/Regularizer/Square,2,22.528,11.264,22.528,11.264,0.00035077450350179704,0.921289754625388,0.0,0.0
256,Device,Square,conv2d_19/kernel/Regularizer/Square,2,22.528,11.264,22.528,11.264,0.00035077450350179704,0.9216405291288898,0.0,0.0
257,Device,Square,conv2d_22/kernel/Regularizer/Square,2,22.528,11.264,22.528,11.264,0.00035077450350179704,0.9219913036323917,0.0,0.0
258,Device,Sum,conv2d_24/kernel/Regularizer/Sum,2,22.528,11.264,22.528,11.264,0.00035077450350179704,0.9223420781358935,0.0,0.0
259,Device,Square,conv2d_25/kernel/Regularizer/Square,2,22.528,11.264,22.528,11.264,0.00035077450350179704,0.9226928526393954,0.0,0.0
260,Device,Sum,conv2d_25/kernel/Regularizer/Sum,2,22.528,11.264,22.528,11.264,0.00035077450350179704,0.9230436271428972,0.0,0.0
261,Device,Square,conv2d_27/kernel/Regularizer/Square,2,22.528,11.264,22.528,11.264,0.00035077450350179704,0.9233944016463991,0.0,0.0
262,Device,Square,conv2d_28/kernel/Regularizer/Square,2,22.528,11.264,22.528,11.264,0.00035077450350179704,0.9237451761499009,0.0,0.0
263,Device,FusedBatchNormGradV3,gradient_tape/model/batch_normalization_10/FusedBatchNormGradV3,2,22.528,11.264,22.528,11.264,0.00035077450350179704,0.9240959506534028,0.0,0.0
264,Device,FusedBatchNormGradV3,gradient_tape/model/batch_normalization_11/FusedBatchNormGradV3,2,22.528,11.264,22.528,11.264,0.00035077450350179704,0.9244467251569046,0.0,0.0
265,Device,FusedBatchNormGradV3,gradient_tape/model/batch_normalization_28/FusedBatchNormGradV3,2,22.528,11.264,22.528,11.264,0.00035077450350179704,0.9247974996604065,0.0,0.0
266,Device,FusedBatchNormGradV3,gradient_tape/model/batch_normalization_29/FusedBatchNormGradV3,2,22.528,11.264,22.528,11.264,0.00035077450350179704,0.9251482741639083,0.0,0.0
267,Device,FusedBatchNormGradV3,gradient_tape/model/batch_normalization_7/FusedBatchNormGradV3,2,22.528,11.264,22.528,11.264,0.00035077450350179704,0.9254990486674102,0.0,0.0
268,Device,BiasAddGrad,gradient_tape/model/conv2d_1/BiasAdd/BiasAddGrad,2,22.528,11.264,22.528,11.264,0.00035077450350179704,0.925849823170912,0.0,0.0
269,Device,BiasAddGrad,gradient_tape/model/conv2d_16/BiasAdd/BiasAddGrad,2,22.528,11.264,22.528,11.264,0.00035077450350179704,0.9262005976744139,0.0,0.0
270,Device,BiasAddGrad,gradient_tape/model/conv2d_22/BiasAdd/BiasAddGrad,2,22.528,11.264,22.528,11.264,0.00035077450350179704,0.9265513721779157,0.0,0.0
271,Device,BiasAddGrad,gradient_tape/model/conv2d_24/BiasAdd/BiasAddGrad,2,22.528,11.264,22.528,11.264,0.00035077450350179704,0.9269021466814176,0.0,0.0
272,Device,BiasAddGrad,gradient_tape/model/conv2d_28/BiasAdd/BiasAddGrad,2,22.528,11.264,22.528,11.264,0.00035077450350179704,0.9272529211849194,0.0,0.0
273,Device,BiasAddGrad,gradient_tape/model/conv2d_3/BiasAdd/BiasAddGrad,2,22.528,11.264,22.528,11.264,0.00035077450350179704,0.9276036956884213,0.0,0.0
274,Device,BiasAddGrad,gradient_tape/model/conv2d_5/BiasAdd/BiasAddGrad,2,22.528,11.264,22.528,11.264,0.00035077450350179704,0.9279544701919231,0.0,0.0
275,Device,FusedBatchNormV3,model/batch_normalization_15/FusedBatchNormV3,4,22.528,5.632,22.528,5.632,0.00035077450350179704,0.928305244695425,0.0,0.0
276,Device,FusedBatchNormV3,model/batch_normalization_27/FusedBatchNormV3,4,22.528,5.632,22.528,5.632,0.00035077450350179704,0.9286560191989268,0.0,0.0
277,Device,BiasAdd,model/conv2d_2/BiasAdd,2,22.528,11.264,22.528,11.264,0.00035077450350179704,0.9290067937024287,0.0,0.0
278,Device,BiasAdd,model/conv2d_4/BiasAdd,2,22.528,11.264,22.528,11.264,0.00035077450350179704,0.9293575682059305,0.0,0.0
279,Device,BiasAdd,model/conv2d_5/BiasAdd,2,22.528,11.264,22.528,11.264,0.00035077450350179704,0.9297083427094324,0.0,0.0
280,Device,BiasAdd,model/conv2d_6/BiasAdd,2,22.528,11.264,22.528,11.264,0.00035077450350179704,0.9300591172129342,0.0,0.0
281,Device,Square,conv2d_26/kernel/Regularizer/Square,2,21.505,10.7525,21.505,10.7525,0.0003348457784892643,0.9303939629914235,0.0,0.0
282,Device,Sum,conv2d_26/kernel/Regularizer/Sum,2,21.505,10.7525,21.505,10.7525,0.0003348457784892643,0.9307288087699128,0.0,0.0
283,Device,FusedBatchNormV3,model/batch_normalization_23/FusedBatchNormV3,4,21.505,5.37625,21.505,5.37625,0.0003348457784892643,0.9310636545484021,0.0,0.0
284,Device,AddN,SGD/gradients/AddN_10,2,21.504,10.752,21.504,10.752,0.00033483020788807903,0.9313984847562902,0.0,0.0
285,Device,AddN,SGD/gradients/AddN_9,2,21.504,10.752,21.504,10.752,0.00033483020788807903,0.9317333149641782,0.0,0.0
286,Device,Sum,conv2d_19/kernel/Regularizer/Sum,2,21.504,10.752,21.504,10.752,0.00033483020788807903,0.9320681451720663,0.0,0.0
287,Device,Square,conv2d_21/kernel/Regularizer/Square,2,21.504,10.752,21.504,10.752,0.00033483020788807903,0.9324029753799543,0.0,0.0
288,Device,Square,conv2d_24/kernel/Regularizer/Square,2,21.504,10.752,21.504,10.752,0.00033483020788807903,0.9327378055878424,0.0,0.0
289,Device,Sum,conv2d_27/kernel/Regularizer/Sum,2,21.504,10.752,21.504,10.752,0.00033483020788807903,0.9330726357957304,0.0,0.0
290,Device,FusedBatchNormGradV3,gradient_tape/model/batch_normalization_13/FusedBatchNormGradV3,2,21.504,10.752,21.504,10.752,0.00033483020788807903,0.9334074660036185,0.0,0.0
291,Device,FusedBatchNormGradV3,gradient_tape/model/batch_normalization_22/FusedBatchNormGradV3,2,21.504,10.752,21.504,10.752,0.00033483020788807903,0.9337422962115065,0.0,0.0
292,Device,FusedBatchNormGradV3,gradient_tape/model/batch_normalization_8/FusedBatchNormGradV3,2,21.504,10.752,21.504,10.752,0.00033483020788807903,0.9340771264193946,0.0,0.0
293,Device,FusedBatchNormGradV3,gradient_tape/model/batch_normalization_9/FusedBatchNormGradV3,2,21.504,10.752,21.504,10.752,0.00033483020788807903,0.9344119566272826,0.0,0.0
294,Device,BiasAddGrad,gradient_tape/model/conv2d_11/BiasAdd/BiasAddGrad,2,21.504,10.752,21.504,10.752,0.00033483020788807903,0.9347467868351707,0.0,0.0
295,Device,BiasAddGrad,gradient_tape/model/conv2d_19/BiasAdd/BiasAddGrad,2,21.504,10.752,21.504,10.752,0.00033483020788807903,0.9350816170430587,0.0,0.0
296,Device,BiasAddGrad,gradient_tape/model/conv2d_21/BiasAdd/BiasAddGrad,2,21.504,10.752,21.504,10.752,0.00033483020788807903,0.9354164472509467,0.0,0.0
297,Device,BiasAddGrad,gradient_tape/model/conv2d_25/BiasAdd/BiasAddGrad,2,21.504,10.752,21.504,10.752,0.00033483020788807903,0.9357512774588348,0.0,0.0
298,Device,BiasAddGrad,gradient_tape/model/conv2d_26/BiasAdd/BiasAddGrad,2,21.504,10.752,21.504,10.752,0.00033483020788807903,0.9360861076667228,0.0,0.0
299,Device,BiasAddGrad,gradient_tape/model/conv2d_27/BiasAdd/BiasAddGrad,2,21.504,10.752,21.504,10.752,0.00033483020788807903,0.9364209378746109,0.0,0.0
300,Device,BiasAddGrad,gradient_tape/model/conv2d_31/BiasAdd/BiasAddGrad,2,21.504,10.752,21.504,10.752,0.00033483020788807903,0.9367557680824989,0.0,0.0
301,Device,FusedBatchNormV3,model/batch_normalization_17/FusedBatchNormV3,4,21.504,5.376,21.504,5.376,0.00033483020788807903,0.937090598290387,0.0,0.0
302,Device,FusedBatchNormV3,model/batch_normalization_19/FusedBatchNormV3,4,21.504,5.376,21.504,5.376,0.00033483020788807903,0.937425428498275,0.0,0.0
303,Device,FusedBatchNormV3,model/batch_normalization_20/FusedBatchNormV3,4,21.504,5.376,21.504,5.376,0.00033483020788807903,0.9377602587061631,0.0,0.0
304,Device,FusedBatchNormV3,model/batch_normalization_25/FusedBatchNormV3,4,21.504,5.376,21.504,5.376,0.00033483020788807903,0.9380950889140511,0.0,0.0
305,Device,BiasAdd,model/conv2d_3/BiasAdd,2,21.504,10.752,21.504,10.752,0.00033483020788807903,0.9384299191219392,0.0,0.0
306,Device,ArgMax,ArgMax,2,20.48,10.24,20.48,10.24,0.00031888591227436096,0.9387488050342135,0.0,0.0
307,Device,AddN,SGD/gradients/AddN_11,2,20.48,10.24,20.48,10.24,0.00031888591227436096,0.9390676909464879,0.0,0.0
308,Device,Mul,gradient_tape/conv2d_16/kernel/Regularizer/Mul_1,2,20.48,10.24,20.48,10.24,0.00031888591227436096,0.9393865768587623,0.0,0.0
309,Device,Tile,gradient_tape/conv2d_17/kernel/Regularizer/Tile,2,20.48,10.24,20.48,10.24,0.00031888591227436096,0.9397054627710366,0.0,0.0
310,Device,FusedBatchNormGradV3,gradient_tape/model/batch_normalization_21/FusedBatchNormGradV3,2,20.48,10.24,20.48,10.24,0.00031888591227436096,0.940024348683311,0.0,0.0
311,Device,FusedBatchNormGradV3,gradient_tape/model/batch_normalization_32/FusedBatchNormGradV3,2,20.48,10.24,20.48,10.24,0.00031888591227436096,0.9403432345955853,0.0,0.0
312,Device,BiasAddGrad,gradient_tape/model/conv2d_10/BiasAdd/BiasAddGrad,2,20.48,10.24,20.48,10.24,0.00031888591227436096,0.9406621205078597,0.0,0.0
313,Device,BiasAddGrad,gradient_tape/model/conv2d_12/BiasAdd/BiasAddGrad,2,20.48,10.24,20.48,10.24,0.00031888591227436096,0.940981006420134,0.0,0.0
314,Device,BiasAddGrad,gradient_tape/model/conv2d_13/BiasAdd/BiasAddGrad,2,20.48,10.24,20.48,10.24,0.00031888591227436096,0.9412998923324084,0.0,0.0
315,Device,BiasAddGrad,gradient_tape/model/conv2d_14/BiasAdd/BiasAddGrad,2,20.48,10.24,20.48,10.24,0.00031888591227436096,0.9416187782446828,0.0,0.0
316,Device,BiasAddGrad,gradient_tape/model/conv2d_15/BiasAdd/BiasAddGrad,2,20.48,10.24,20.48,10.24,0.00031888591227436096,0.9419376641569571,0.0,0.0
317,Device,BiasAddGrad,gradient_tape/model/conv2d_23/BiasAdd/BiasAddGrad,2,20.48,10.24,20.48,10.24,0.00031888591227436096,0.9422565500692315,0.0,0.0
318,Device,FusedBatchNormV3,model/batch_normalization_16/FusedBatchNormV3,4,20.48,5.12,20.48,5.12,0.00031888591227436096,0.9425754359815058,0.0,0.0
319,Device,FusedBatchNormV3,model/batch_normalization_18/FusedBatchNormV3,4,20.48,5.12,20.48,5.12,0.00031888591227436096,0.9428943218937802,0.0,0.0
320,Device,FusedBatchNormV3,model/batch_normalization_24/FusedBatchNormV3,4,20.48,5.12,20.48,5.12,0.00031888591227436096,0.9432132078060546,0.0,0.0
321,Device,FusedBatchNormV3,model/batch_normalization_26/FusedBatchNormV3,4,20.48,5.12,20.48,5.12,0.00031888591227436096,0.9435320937183289,0.0,0.0
322,Device,FusedBatchNormV3,model/batch_normalization_7/FusedBatchNormV3,4,20.48,5.12,20.48,5.12,0.00031888591227436096,0.9438509796306033,0.0,0.0
323,Device,Softmax,model/dense/Softmax,2,20.48,10.24,20.48,10.24,0.00031888591227436096,0.9441698655428776,0.0,0.0
324,Device,AddN,SGD/gradients/AddN_32,2,19.456,9.728,19.456,9.728,0.00030294161666064294,0.9444728071595383,0.0,0.0
325,Device,Sum,conv2d_20/kernel/Regularizer/Sum,2,19.456,9.728,19.456,9.728,0.00030294161666064294,0.944775748776199,0.0,0.0
326,Device,Sum,conv2d_28/kernel/Regularizer/Sum,2,19.456,9.728,19.456,9.728,0.00030294161666064294,0.9450786903928596,0.0,0.0
327,Device,ReluGrad,gradient_tape/model/activation_13/ReluGrad,2,19.456,9.728,19.456,9.728,0.00030294161666064294,0.9453816320095203,0.0,0.0
328,Device,BiasAddGrad,gradient_tape/model/conv2d_18/BiasAdd/BiasAddGrad,2,19.456,9.728,19.456,9.728,0.00030294161666064294,0.945684573626181,0.0,0.0
329,Device,FusedBatchNormV3,model/batch_normalization_11/FusedBatchNormV3,4,19.456,4.864,19.456,4.864,0.00030294161666064294,0.9459875152428416,0.0,0.0
330,Device,FusedBatchNormV3,model/batch_normalization_21/FusedBatchNormV3,4,19.456,4.864,19.456,4.864,0.00030294161666064294,0.9462904568595023,0.0,0.0
331,Device,FusedBatchNormV3,model/batch_normalization_22/FusedBatchNormV3,4,19.456,4.864,19.456,4.864,0.00030294161666064294,0.946593398476163,0.0,0.0
332,Device,FusedBatchNormV3,model/batch_normalization_10/FusedBatchNormV3,4,18.433,4.60825,18.433,4.60825,0.0002870128916481102,0.9468804113678111,0.0,0.0
333,Device,ArgMax,ArgMax_1,2,18.432,9.216,18.432,9.216,0.0002869973210469249,0.9471674086888581,0.0,0.0
334,Device,ReluGrad,gradient_tape/model/activation_10/ReluGrad,2,18.432,9.216,18.432,9.216,0.0002869973210469249,0.947454406009905,0.0,0.0
335,Device,ReluGrad,gradient_tape/model/activation_11/ReluGrad,2,18.432,9.216,18.432,9.216,0.0002869973210469249,0.947741403330952,0.0,0.0
336,Device,ReluGrad,gradient_tape/model/activation_8/ReluGrad,2,18.432,9.216,18.432,9.216,0.0002869973210469249,0.948028400651999,0.0,0.0
337,Device,ReluGrad,gradient_tape/model/activation_9/ReluGrad,2,18.432,9.216,18.432,9.216,0.0002869973210469249,0.948315397973046,0.0,0.0
338,Device,FusedBatchNormV3,model/batch_normalization_12/FusedBatchNormV3,4,18.432,4.608,18.432,4.608,0.0002869973210469249,0.948602395294093,0.0,0.0
339,Device,FusedBatchNormV3,model/batch_normalization_14/FusedBatchNormV3,4,18.432,4.608,18.432,4.608,0.0002869973210469249,0.9488893926151399,0.0,0.0
340,Device,FusedBatchNormV3,model/batch_normalization_8/FusedBatchNormV3,4,18.432,4.608,18.432,4.608,0.0002869973210469249,0.9491763899361869,0.0,0.0
341,Device,FusedBatchNormV3,model/batch_normalization_9/FusedBatchNormV3,4,17.409,4.35225,17.409,4.35225,0.0002710685960343921,0.9494474585322213,0.0,0.0
342,Device,AddN,SGD/gradients/AddN_8,2,17.408,8.704,17.408,8.704,0.00027105302543320686,0.9497185115576545,0.0,0.0
343,Device,ReluGrad,gradient_tape/model/activation_12/ReluGrad,2,17.408,8.704,17.408,8.704,0.00027105302543320686,0.9499895645830877,0.0,0.0
344,Device,ReluGrad,gradient_tape/model/activation_15/ReluGrad,2,17.408,8.704,17.408,8.704,0.00027105302543320686,0.9502606176085209,0.0,0.0
345,Device,FusedBatchNormV3,model/batch_normalization_13/FusedBatchNormV3,4,17.408,4.352,17.408,4.352,0.00027105302543320686,0.950531670633954,0.0,0.0
346,Device,Sum,conv2d_11/kernel/Regularizer/Sum,2,16.384,8.192,16.384,8.192,0.0002551087298194888,0.9507867793637735,0.0,0.0
347,Device,Sum,conv2d_12/kernel/Regularizer/Sum,2,16.384,8.192,16.384,8.192,0.0002551087298194888,0.951041888093593,0.0,0.0
348,Device,Sum,conv2d_13/kernel/Regularizer/Sum,2,16.384,8.192,16.384,8.192,0.0002551087298194888,0.9512969968234125,0.0,0.0
349,Device,Sum,conv2d_16/kernel/Regularizer/Sum,2,16.384,8.192,16.384,8.192,0.0002551087298194888,0.951552105553232,0.0,0.0
350,Device,Sum,conv2d_31/kernel/Regularizer/Sum,2,16.384,8.192,16.384,8.192,0.0002551087298194888,0.9518072142830515,0.0,0.0
351,Device,ReluGrad,gradient_tape/model/activation_21/ReluGrad,2,16.384,8.192,16.384,8.192,0.0002551087298194888,0.952062323012871,0.0,0.0
352,Device,ReluGrad,gradient_tape/model/activation_22/ReluGrad,2,16.384,8.192,16.384,8.192,0.0002551087298194888,0.9523174317426905,0.0,0.0
353,Device,ReluGrad,gradient_tape/model/activation_26/ReluGrad,2,16.384,8.192,16.384,8.192,0.0002551087298194888,0.9525725404725099,0.0,0.0
354,Device,BiasAddGrad,gradient_tape/model/conv2d_9/BiasAdd/BiasAddGrad,2,16.384,8.192,16.384,8.192,0.0002551087298194888,0.9528276492023294,0.0,0.0
355,Device,AddV2,model/add_3/add,2,16.384,8.192,16.384,8.192,0.0002551087298194888,0.9530827579321489,0.0,0.0
356,Device,AddV2,model/add_6/add,2,16.384,8.192,16.384,8.192,0.0002551087298194888,0.9533378666619684,0.0,0.0
357,Device,BiasAdd,model/conv2d_9/BiasAdd,2,16.384,8.192,16.384,8.192,0.0002551087298194888,0.9535929753917879,0.0,0.0
358,Device,Sum,conv2d_10/kernel/Regularizer/Sum,2,15.361,7.6805,15.361,7.6805,0.00023918000480695602,0.9538321553965948,0.0,0.0
359,Device,ResourceApplyGradientDescent,SGD/SGD/update_62/ResourceApplyGradientDescent,2,15.36,7.68,15.36,7.68,0.00023916443420577072,0.9540713198308006,0.0,0.0
360,Device,Sum,conv2d_14/kernel/Regularizer/Sum,2,15.36,7.68,15.36,7.68,0.00023916443420577072,0.9543104842650064,0.0,0.0
361,Device,Sum,conv2d_15/kernel/Regularizer/Sum,2,15.36,7.68,15.36,7.68,0.00023916443420577072,0.9545496486992122,0.0,0.0
362,Device,Mul,gradient_tape/conv2d_16/kernel/Regularizer/Mul,2,15.36,7.68,15.36,7.68,0.00023916443420577072,0.954788813133418,0.0,0.0
363,Device,BiasAddGrad,gradient_tape/model/conv2d_7/BiasAdd/BiasAddGrad,2,15.36,7.68,15.36,7.68,0.00023916443420577072,0.9550279775676238,0.0,0.0
364,Device,AddN,SGD/gradients/AddN_4,2,14.336,7.168,14.336,7.168,0.00022322013859205268,0.9552511977062159,0.0,0.0
365,Device,Square,conv2d_16/kernel/Regularizer/Square,2,14.336,7.168,14.336,7.168,0.00022322013859205268,0.955474417844808,0.0,0.0
366,Device,Sum,conv2d_18/kernel/Regularizer/Sum,2,14.336,7.168,14.336,7.168,0.00022322013859205268,0.9556976379834001,0.0,0.0
367,Device,Sum,conv2d_4/kernel/Regularizer/Sum,2,14.336,7.168,14.336,7.168,0.00022322013859205268,0.9559208581219922,0.0,0.0
368,Device,Sum,conv2d_5/kernel/Regularizer/Sum,2,14.336,7.168,14.336,7.168,0.00022322013859205268,0.9561440782605843,0.0,0.0
369,Device,Sum,conv2d_8/kernel/Regularizer/Sum,2,14.336,7.168,14.336,7.168,0.00022322013859205268,0.9563672983991764,0.0,0.0
370,Device,Tile,gradient_tape/conv2d_16/kernel/Regularizer/Tile,2,14.336,7.168,14.336,7.168,0.00022322013859205268,0.9565905185377686,0.0,0.0
371,Device,ReluGrad,gradient_tape/model/activation_17/ReluGrad,2,14.336,7.168,14.336,7.168,0.00022322013859205268,0.9568137386763607,0.0,0.0
372,Device,ReluGrad,gradient_tape/model/activation_19/ReluGrad,2,14.336,7.168,14.336,7.168,0.00022322013859205268,0.9570369588149528,0.0,0.0
373,Device,ReluGrad,gradient_tape/model/activation_20/ReluGrad,2,14.336,7.168,14.336,7.168,0.00022322013859205268,0.9572601789535449,0.0,0.0
374,Device,MatMul,gradient_tape/model/dense/MatMul/MatMul,2,14.336,7.168,14.336,7.168,0.00022322013859205268,0.957483399092137,0.0,0.0
375,Device,Relu,model/activation_3/Relu,2,14.336,7.168,14.336,7.168,0.00022322013859205268,0.9577066192307291,0.0,0.0
376,Device,AddV2,model/add_4/add,2,14.336,7.168,14.336,7.168,0.00022322013859205268,0.9579298393693212,0.0,0.0
377,Device,AddV2,model/add_5/add,2,14.336,7.168,14.336,7.168,0.00022322013859205268,0.9581530595079133,0.0,0.0
378,Device,Sum,conv2d_2/kernel/Regularizer/Sum,2,13.312,6.656,13.312,6.656,0.00020727584297833463,0.9583603353508916,0.0,0.0
379,Device,ReluGrad,gradient_tape/model/activation_16/ReluGrad,2,13.312,6.656,13.312,6.656,0.00020727584297833463,0.9585676111938699,0.0,0.0
380,Device,ReluGrad,gradient_tape/model/activation_18/ReluGrad,2,13.312,6.656,13.312,6.656,0.00020727584297833463,0.9587748870368482,0.0,0.0
381,Device,ReluGrad,gradient_tape/model/activation_23/ReluGrad,2,13.312,6.656,13.312,6.656,0.00020727584297833463,0.9589821628798265,0.0,0.0
382,Device,ReluGrad,gradient_tape/model/activation_25/ReluGrad,2,13.312,6.656,13.312,6.656,0.00020727584297833463,0.9591894387228048,0.0,0.0
383,Device,AddN,SGD/gradients/AddN_6,2,12.289,6.1445,12.289,6.1445,0.00019134711796580186,0.9593807858407706,0.0,0.0
384,Device,Tile,gradient_tape/conv2d_8/kernel/Regularizer/Tile,2,12.289,6.1445,12.289,6.1445,0.00019134711796580186,0.9595721329587363,0.0,0.0
385,Device,AddN,SGD/gradients/AddN_26,2,12.288,6.144,12.288,6.144,0.0001913315473646166,0.959763464506101,0.0,0.0
386,Device,AddN,SGD/gradients/AddN_28,2,12.288,6.144,12.288,6.144,0.0001913315473646166,0.9599547960534656,0.0,0.0
387,Device,AddN,SGD/gradients/AddN_29,2,12.288,6.144,12.288,6.144,0.0001913315473646166,0.9601461276008302,0.0,0.0
388,Device,AddN,SGD/gradients/AddN_3,2,12.288,6.144,12.288,6.144,0.0001913315473646166,0.9603374591481948,0.0,0.0
389,Device,AddN,SGD/gradients/AddN_7,2,12.288,6.144,12.288,6.144,0.0001913315473646166,0.9605287906955594,0.0,0.0
390,Device,Tile,gradient_tape/conv2d_1/kernel/Regularizer/Tile,2,12.288,6.144,12.288,6.144,0.0001913315473646166,0.960720122242924,0.0,0.0
391,Device,Tile,gradient_tape/conv2d_18/kernel/Regularizer/Tile,2,12.288,6.144,12.288,6.144,0.0001913315473646166,0.9609114537902886,0.0,0.0
392,Device,Tile,gradient_tape/conv2d_31/kernel/Regularizer/Tile,2,12.288,6.144,12.288,6.144,0.0001913315473646166,0.9611027853376533,0.0,0.0
393,Device,Tile,gradient_tape/conv2d_7/kernel/Regularizer/Tile,2,12.288,6.144,12.288,6.144,0.0001913315473646166,0.9612941168850179,0.0,0.0
394,Device,ReluGrad,gradient_tape/model/activation_24/ReluGrad,2,12.288,6.144,12.288,6.144,0.0001913315473646166,0.9614854484323825,0.0,0.0
395,Device,ReluGrad,gradient_tape/model/activation_27/ReluGrad,2,12.288,6.144,12.288,6.144,0.0001913315473646166,0.9616767799797471,0.0,0.0
396,Device,ReluGrad,gradient_tape/model/activation_28/ReluGrad,2,12.288,6.144,12.288,6.144,0.0001913315473646166,0.9618681115271117,0.0,0.0
397,Device,ReluGrad,gradient_tape/model/activation_29/ReluGrad,2,12.288,6.144,12.288,6.144,0.0001913315473646166,0.9620594430744763,0.0,0.0
398,Device,ReluGrad,gradient_tape/model/activation_30/ReluGrad,2,12.288,6.144,12.288,6.144,0.0001913315473646166,0.9622507746218409,0.0,0.0
399,Device,ReluGrad,gradient_tape/model/activation_31/ReluGrad,2,12.288,6.144,12.288,6.144,0.0001913315473646166,0.9624421061692056,0.0,0.0
400,Device,MatMul,gradient_tape/model/dense/MatMul/MatMul_1,2,12.288,6.144,12.288,6.144,0.0001913315473646166,0.9626334377165702,0.0,0.0
401,Device,Relu,model/activation_1/Relu,2,12.288,6.144,12.288,6.144,0.0001913315473646166,0.9628247692639348,0.0,0.0
402,Device,Relu,model/activation_2/Relu,2,12.288,6.144,12.288,6.144,0.0001913315473646166,0.9630161008112994,0.0,0.0
403,Device,Relu,model/activation_4/Relu,2,12.288,6.144,12.288,6.144,0.0001913315473646166,0.963207432358664,0.0,0.0
404,Device,Relu,model/activation_5/Relu,2,12.288,6.144,12.288,6.144,0.0001913315473646166,0.9633987639060286,0.0,0.0
405,Device,AddN,SGD/gradients/AddN_46,2,11.265,5.6325,11.265,5.6325,0.00017540282235208382,0.9635741667283807,0.0,0.0
406,Device,ResourceApplyGradientDescent,SGD/SGD/update_116/ResourceApplyGradientDescent,2,11.264,5.632,11.264,5.632,0.00017538725175089852,0.9637495539801316,0.0,0.0
407,Device,ResourceApplyGradientDescent,SGD/SGD/update_28/ResourceApplyGradientDescent,2,11.264,5.632,11.264,5.632,0.00017538725175089852,0.9639249412318825,0.0,0.0
408,Device,AddN,SGD/gradients/AddN_2,2,11.264,5.632,11.264,5.632,0.00017538725175089852,0.9641003284836335,0.0,0.0
409,Device,AddN,SGD/gradients/AddN_27,2,11.264,5.632,11.264,5.632,0.00017538725175089852,0.9642757157353844,0.0,0.0
410,Device,AddN,SGD/gradients/AddN_30,2,11.264,5.632,11.264,5.632,0.00017538725175089852,0.9644511029871353,0.0,0.0
411,Device,AddN,SGD/gradients/AddN_31,2,11.264,5.632,11.264,5.632,0.00017538725175089852,0.9646264902388862,0.0,0.0
412,Device,AddN,SGD/gradients/AddN_5,2,11.264,5.632,11.264,5.632,0.00017538725175089852,0.9648018774906372,0.0,0.0
413,Device,Sum,conv2d_1/kernel/Regularizer/Sum,2,11.264,5.632,11.264,5.632,0.00017538725175089852,0.9649772647423881,0.0,0.0
414,Device,Sum,conv2d_3/kernel/Regularizer/Sum,2,11.264,5.632,11.264,5.632,0.00017538725175089852,0.965152651994139,0.0,0.0
415,Device,Sum,conv2d_6/kernel/Regularizer/Sum,2,11.264,5.632,11.264,5.632,0.00017538725175089852,0.96532803924589,0.0,0.0
416,Device,Sum,conv2d_7/kernel/Regularizer/Sum,2,11.264,5.632,11.264,5.632,0.00017538725175089852,0.9655034264976409,0.0,0.0
417,Device,Mul,gradient_tape/conv2d_10/kernel/Regularizer/Mul_1,2,11.264,5.632,11.264,5.632,0.00017538725175089852,0.9656788137493918,0.0,0.0
418,Device,BiasAdd,model/conv2d_11/BiasAdd,2,11.264,5.632,11.264,5.632,0.00017538725175089852,0.9658542010011427,0.0,0.0
419,Device,BiasAdd,model/conv2d_15/BiasAdd,2,11.264,5.632,11.264,5.632,0.00017538725175089852,0.9660295882528936,0.0,0.0
420,Device,BiasAdd,model/conv2d_8/BiasAdd,2,11.264,5.632,11.264,5.632,0.00017538725175089852,0.9662049755046446,0.0,0.0
421,Device,ResourceApplyGradientDescent,SGD/SGD/update_42/ResourceApplyGradientDescent,2,10.241,5.1205,10.241,5.1205,0.00015945852673836575,0.966364434031383,0.0,0.0
422,Device,AddN,SGD/gradients/AddN_25,2,10.241,5.1205,10.241,5.1205,0.00015945852673836575,0.9665238925581213,0.0,0.0
423,Device,Mul,gradient_tape/conv2d_11/kernel/Regularizer/Mul,2,10.241,5.1205,10.241,5.1205,0.00015945852673836575,0.9666833510848597,0.0,0.0
424,Device,ResourceApplyGradientDescent,SGD/SGD/update_34/ResourceApplyGradientDescent,2,10.24,5.12,10.24,5.12,0.00015944295613718048,0.9668427940409969,0.0,0.0
425,Device,ResourceApplyGradientDescent,SGD/SGD/update_50/ResourceApplyGradientDescent,2,10.24,5.12,10.24,5.12,0.00015944295613718048,0.9670022369971342,0.0,0.0
426,Device,Sum,conv2d/kernel/Regularizer/Sum,2,10.24,5.12,10.24,5.12,0.00015944295613718048,0.9671616799532714,0.0,0.0
427,Device,Square,conv2d_10/kernel/Regularizer/Square,2,10.24,5.12,10.24,5.12,0.00015944295613718048,0.9673211229094086,0.0,0.0
428,Device,Square,conv2d_12/kernel/Regularizer/Square,2,10.24,5.12,10.24,5.12,0.00015944295613718048,0.9674805658655459,0.0,0.0
429,Device,Square,conv2d_13/kernel/Regularizer/Square,2,10.24,5.12,10.24,5.12,0.00015944295613718048,0.9676400088216831,0.0,0.0
430,Device,Square,conv2d_14/kernel/Regularizer/Square,2,10.24,5.12,10.24,5.12,0.00015944295613718048,0.9677994517778203,0.0,0.0
431,Device,Square,conv2d_15/kernel/Regularizer/Square,2,10.24,5.12,10.24,5.12,0.00015944295613718048,0.9679588947339576,0.0,0.0
432,Device,Square,conv2d_31/kernel/Regularizer/Square,2,10.24,5.12,10.24,5.12,0.00015944295613718048,0.9681183376900948,0.0,0.0
433,Device,Sum,conv2d_9/kernel/Regularizer/Sum,2,10.24,5.12,10.24,5.12,0.00015944295613718048,0.968277780646232,0.0,0.0
434,Device,Mul,gradient_tape/conv2d_10/kernel/Regularizer/Mul,2,10.24,5.12,10.24,5.12,0.00015944295613718048,0.9684372236023693,0.0,0.0
435,Device,Mul,gradient_tape/conv2d_12/kernel/Regularizer/Mul,2,10.24,5.12,10.24,5.12,0.00015944295613718048,0.9685966665585065,0.0,0.0
436,Device,Mul,gradient_tape/conv2d_12/kernel/Regularizer/Mul_1,2,10.24,5.12,10.24,5.12,0.00015944295613718048,0.9687561095146437,0.0,0.0
437,Device,Mul,gradient_tape/conv2d_13/kernel/Regularizer/Mul,2,10.24,5.12,10.24,5.12,0.00015944295613718048,0.968915552470781,0.0,0.0
438,Device,Mul,gradient_tape/conv2d_13/kernel/Regularizer/Mul_1,2,10.24,5.12,10.24,5.12,0.00015944295613718048,0.9690749954269182,0.0,0.0
439,Device,Mul,gradient_tape/conv2d_14/kernel/Regularizer/Mul,2,10.24,5.12,10.24,5.12,0.00015944295613718048,0.9692344383830555,0.0,0.0
440,Device,Mul,gradient_tape/conv2d_14/kernel/Regularizer/Mul_1,2,10.24,5.12,10.24,5.12,0.00015944295613718048,0.9693938813391927,0.0,0.0
441,Device,Mul,gradient_tape/conv2d_15/kernel/Regularizer/Mul,2,10.24,5.12,10.24,5.12,0.00015944295613718048,0.9695533242953299,0.0,0.0
442,Device,Mul,gradient_tape/conv2d_15/kernel/Regularizer/Mul_1,2,10.24,5.12,10.24,5.12,0.00015944295613718048,0.9697127672514672,0.0,0.0
443,Device,Mul,gradient_tape/conv2d_31/kernel/Regularizer/Mul_1,2,10.24,5.12,10.24,5.12,0.00015944295613718048,0.9698722102076044,0.0,0.0
444,Device,Mul,gradient_tape/conv2d_7/kernel/Regularizer/Mul,2,10.24,5.12,10.24,5.12,0.00015944295613718048,0.9700316531637416,0.0,0.0
445,Device,Mul,gradient_tape/conv2d_7/kernel/Regularizer/Mul_1,2,10.24,5.12,10.24,5.12,0.00015944295613718048,0.9701910961198789,0.0,0.0
446,Device,Mul,gradient_tape/conv2d_8/kernel/Regularizer/Mul,2,10.24,5.12,10.24,5.12,0.00015944295613718048,0.9703505390760161,0.0,0.0
447,Device,Mul,gradient_tape/conv2d_8/kernel/Regularizer/Mul_1,2,10.24,5.12,10.24,5.12,0.00015944295613718048,0.9705099820321533,0.0,0.0
448,Device,AvgPoolGrad,gradient_tape/model/average_pooling2d/AvgPoolGrad,2,10.24,5.12,10.24,5.12,0.00015944295613718048,0.9706694249882906,0.0,0.0
449,Device,AddV2,model/add_10/add,2,10.24,5.12,10.24,5.12,0.00015944295613718048,0.9708288679444278,0.0,0.0
450,Device,AddV2,model/add_11/add,2,10.24,5.12,10.24,5.12,0.00015944295613718048,0.970988310900565,0.0,0.0
451,Device,AddV2,model/add_12/add,2,10.24,5.12,10.24,5.12,0.00015944295613718048,0.9711477538567023,0.0,0.0
452,Device,AddV2,model/add_7/add,2,10.24,5.12,10.24,5.12,0.00015944295613718048,0.9713071968128395,0.0,0.0
453,Device,AddV2,model/add_8/add,2,10.24,5.12,10.24,5.12,0.00015944295613718048,0.9714666397689767,0.0,0.0
454,Device,AddV2,model/add_9/add,2,10.24,5.12,10.24,5.12,0.00015944295613718048,0.971626082725114,0.0,0.0
455,Device,BiasAdd,model/conv2d_10/BiasAdd,2,10.24,5.12,10.24,5.12,0.00015944295613718048,0.9717855256812512,0.0,0.0
456,Device,BiasAdd,model/conv2d_12/BiasAdd,2,10.24,5.12,10.24,5.12,0.00015944295613718048,0.9719449686373884,0.0,0.0
457,Device,BiasAdd,model/conv2d_13/BiasAdd,2,10.24,5.12,10.24,5.12,0.00015944295613718048,0.9721044115935257,0.0,0.0
458,Device,BiasAdd,model/conv2d_14/BiasAdd,2,10.24,5.12,10.24,5.12,0.00015944295613718048,0.9722638545496629,0.0,0.0
459,Device,BiasAdd,model/conv2d_7/BiasAdd,2,10.24,5.12,10.24,5.12,0.00015944295613718048,0.9724232975058001,0.0,0.0
460,Device,ResourceApplyGradientDescent,SGD/SGD/update_38/ResourceApplyGradientDescent,2,9.217,4.6085,9.217,4.6085,0.0001435142311246477,0.9725668117369248,0.0,0.0
461,Device,ResourceApplyGradientDescent,SGD/SGD/update_16/ResourceApplyGradientDescent,2,9.216,4.608,9.216,4.608,0.00014349866052346244,0.9727103103974483,0.0,0.0
462,Device,ResourceApplyGradientDescent,SGD/SGD/update_54/ResourceApplyGradientDescent,2,9.216,4.608,9.216,4.608,0.00014349866052346244,0.9728538090579717,0.0,0.0
463,Device,ResourceApplyGradientDescent,SGD/SGD/update_58/ResourceApplyGradientDescent,2,9.216,4.608,9.216,4.608,0.00014349866052346244,0.9729973077184951,0.0,0.0
464,Device,Square,conv2d_11/kernel/Regularizer/Square,2,9.216,4.608,9.216,4.608,0.00014349866052346244,0.9731408063790186,0.0,0.0
465,Device,Square,conv2d_8/kernel/Regularizer/Square,2,9.216,4.608,9.216,4.608,0.00014349866052346244,0.973284305039542,0.0,0.0
466,Device,Mul,gradient_tape/conv2d_11/kernel/Regularizer/Mul_1,2,9.216,4.608,9.216,4.608,0.00014349866052346244,0.9734278037000654,0.0,0.0
467,Device,Mul,gradient_tape/conv2d_31/kernel/Regularizer/Mul,2,9.216,4.608,9.216,4.608,0.00014349866052346244,0.9735713023605889,0.0,0.0
468,Device,Relu,model/activation_10/Relu,2,9.216,4.608,9.216,4.608,0.00014349866052346244,0.9737148010211123,0.0,0.0
469,Device,Relu,model/activation_12/Relu,2,9.216,4.608,9.216,4.608,0.00014349866052346244,0.9738582996816357,0.0,0.0
470,Device,Relu,model/activation_13/Relu,2,9.216,4.608,9.216,4.608,0.00014349866052346244,0.9740017983421592,0.0,0.0
471,Device,Relu,model/activation_14/Relu,2,9.216,4.608,9.216,4.608,0.00014349866052346244,0.9741452970026826,0.0,0.0
472,Device,AvgPool,model/average_pooling2d/AvgPool,2,9.216,4.608,9.216,4.608,0.00014349866052346244,0.974288795663206,0.0,0.0
473,Device,AddN,SGD/gradients/AddN_19,2,8.193,4.0965,8.193,4.0965,0.00012756993551092967,0.9744163655987169,0.0,0.0
474,Device,ResourceApplyGradientDescent,SGD/SGD/update/ResourceApplyGradientDescent,2,8.192,4.096,8.192,4.096,0.0001275543649097444,0.9745439199636267,0.0,0.0
475,Device,ResourceApplyGradientDescent,SGD/SGD/update_12/ResourceApplyGradientDescent,2,8.192,4.096,8.192,4.096,0.0001275543649097444,0.9746714743285364,0.0,0.0
476,Device,ResourceApplyGradientDescent,SGD/SGD/update_138/ResourceApplyGradientDescent,2,8.192,4.096,8.192,4.096,0.0001275543649097444,0.9747990286934461,0.0,0.0
477,Device,ResourceApplyGradientDescent,SGD/SGD/update_20/ResourceApplyGradientDescent,2,8.192,4.096,8.192,4.096,0.0001275543649097444,0.9749265830583559,0.0,0.0
478,Device,ResourceApplyGradientDescent,SGD/SGD/update_24/ResourceApplyGradientDescent,2,8.192,4.096,8.192,4.096,0.0001275543649097444,0.9750541374232656,0.0,0.0
479,Device,ResourceApplyGradientDescent,SGD/SGD/update_4/ResourceApplyGradientDescent,2,8.192,4.096,8.192,4.096,0.0001275543649097444,0.9751816917881754,0.0,0.0
480,Device,ResourceApplyGradientDescent,SGD/SGD/update_46/ResourceApplyGradientDescent,2,8.192,4.096,8.192,4.096,0.0001275543649097444,0.9753092461530851,0.0,0.0
481,Device,ResourceApplyGradientDescent,SGD/SGD/update_66/ResourceApplyGradientDescent,2,8.192,4.096,8.192,4.096,0.0001275543649097444,0.9754368005179949,0.0,0.0
482,Device,ResourceApplyGradientDescent,SGD/SGD/update_8/ResourceApplyGradientDescent,2,8.192,4.096,8.192,4.096,0.0001275543649097444,0.9755643548829046,0.0,0.0
483,Device,AddN,SGD/gradients/AddN,2,8.192,4.096,8.192,4.096,0.0001275543649097444,0.9756919092478143,0.0,0.0
484,Device,AddN,SGD/gradients/AddN_1,2,8.192,4.096,8.192,4.096,0.0001275543649097444,0.9758194636127241,0.0,0.0
485,Device,AddN,SGD/gradients/AddN_16,2,8.192,4.096,8.192,4.096,0.0001275543649097444,0.9759470179776338,0.0,0.0
486,Device,AddN,SGD/gradients/AddN_17,2,8.192,4.096,8.192,4.096,0.0001275543649097444,0.9760745723425436,0.0,0.0
487,Device,AddN,SGD/gradients/AddN_18,2,8.192,4.096,8.192,4.096,0.0001275543649097444,0.9762021267074533,0.0,0.0
488,Device,AddN,SGD/gradients/AddN_20,2,8.192,4.096,8.192,4.096,0.0001275543649097444,0.9763296810723631,0.0,0.0
489,Device,AddN,SGD/gradients/AddN_22,2,8.192,4.096,8.192,4.096,0.0001275543649097444,0.9764572354372728,0.0,0.0
490,Device,AddN,SGD/gradients/AddN_23,2,8.192,4.096,8.192,4.096,0.0001275543649097444,0.9765847898021826,0.0,0.0
491,Device,AddN,SGD/gradients/AddN_24,2,8.192,4.096,8.192,4.096,0.0001275543649097444,0.9767123441670923,0.0,0.0
492,Device,Mul,gradient_tape/conv2d_1/kernel/Regularizer/Mul_1,2,8.192,4.096,8.192,4.096,0.0001275543649097444,0.976839898532002,0.0,0.0
493,Device,Mul,gradient_tape/conv2d_18/kernel/Regularizer/Mul_1,2,8.192,4.096,8.192,4.096,0.0001275543649097444,0.9769674528969118,0.0,0.0
494,Device,BiasAddGrad,gradient_tape/model/dense/BiasAdd/BiasAddGrad,2,8.192,4.096,8.192,4.096,0.0001275543649097444,0.9770950072618215,0.0,0.0
495,Device,Relu,model/activation_11/Relu,2,8.192,4.096,8.192,4.096,0.0001275543649097444,0.9772225616267313,0.0,0.0
496,Device,Relu,model/activation_18/Relu,2,8.192,4.096,8.192,4.096,0.0001275543649097444,0.977350115991641,0.0,0.0
497,Device,Relu,model/activation_21/Relu,2,8.192,4.096,8.192,4.096,0.0001275543649097444,0.9774776703565508,0.0,0.0
498,Device,Relu,model/activation_23/Relu,2,8.192,4.096,8.192,4.096,0.0001275543649097444,0.9776052247214605,0.0,0.0
499,Device,Relu,model/activation_7/Relu,2,8.192,4.096,8.192,4.096,0.0001275543649097444,0.9777327790863702,0.0,0.0
500,Device,Relu,model/activation_8/Relu,2,8.192,4.096,8.192,4.096,0.0001275543649097444,0.97786033345128,0.0,0.0
501,Host,IDLE,IDLE,0,165260.31,0.0,165260.31,0.0,0.0,0.0,0.992020314252069,0.992020314252069
502,Host,GatherV2,GatherV2,2,869.995,434.9975,869.995,434.9975,0.0,0.0,0.005222383482747483,0.9972426977348166
503,Host,Dataset,Iterator::Root::ParallelMapV2,2,64.461,32.2305,64.461,32.2305,0.0,0.0,0.0003869448234546009,0.9976296425582711
504,Host,GatherV2,GatherV2_1,2,57.05,28.525,57.05,28.525,0.0,0.0,0.0003424582643472019,0.9979721008226183
505,Host,Dataset,Iterator::Root::ParallelMapV2::Zip[1]::ForeverRepeat,2,59.762,29.881,54.36,27.18,0.0,0.0,0.00032631080192662397,0.9982984116245449
506,Host,Dataset,Iterator::Root::ParallelMapV2::Zip[0]::FlatMap,2,84.731,42.3655,48.68,24.34,0.0,0.0,0.00029221504484525486,0.9985906266693901
507,Host,IteratorGetNext,IteratorGetNext,2,45.161,22.5805,45.161,22.5805,0.0,0.0,0.00027109128266755456,0.9988617179520577
508,Host,FlushSummaryWriter,FlushSummaryWriter,1,39.281,39.281,39.281,39.281,0.0,0.0,0.00023579497075937666,0.9990975129228171
509,Host,Dataset,Iterator::Root,2,99.022,49.511,34.561,17.2805,0.0,0.0,0.00020746187684668967,0.9993049747996638
510,Host,LogicalAnd,LogicalAnd,1,33.861,33.861,33.861,33.861,0.0,0.0,0.00020325993495285896,0.9995082347346167
511,Host,Dataset,Iterator::Root::ParallelMapV2::Zip[0]::FlatMap[1]::Concatenate[0]::TensorSlice,2,23.19,11.595,23.19,11.595,0.0,0.0,0.000139204332168477,0.9996474390667852
512,Host,WriteSummary,WriteSummary,1,21.11,21.11,21.11,21.11,0.0,0.0,0.00012671856196966576,0.9997741576287549
513,Host,Dataset,Iterator::Root::ParallelMapV2::Zip[0]::FlatMap[1]::Concatenate,2,36.051,18.0255,12.861,6.4305,0.0,0.0,7.720167813793802e-05,0.9998513593068928
514,Host,Dataset,Iterator::Root::ParallelMapV2::Zip,2,155.083,77.5415,10.59,5.295,0.0,0.0,6.356937807952442e-05,0.9999149286849723
515,Host,ReadVariableOp,ReadVariableOp,1,6.05,6.05,6.05,6.05,0.0,0.0,3.631678351096532e-05,0.9999512454684834
516,Host,Dataset,Iterator::Root::ParallelMapV2::Zip[1]::ForeverRepeat::FromTensor,4,5.402,1.3505,5.402,1.3505,0.0,0.0,3.2426985872104904e-05,0.9999836724543555
517,Host,Identity,Identity,2,2.72,1.36,2.72,1.36,0.0,0.0,1.6327545644599285e-05,1.0
